FECHA_REPORTE,Año,Mes,Dia,Hora,viento,temperatura,rocio
2006-07-20 00:00:00.000,2006,7,20,0,03004KT,13,08
2006-07-20 01:00:00.000,2006,7,20,1,29004KT,11,10
2006-07-20 05:00:00.000,2006,7,20,5,VRB02KT,09,09
2006-07-20 06:00:00.000,2006,7,20,6,VRB02KT,08,08
2006-07-20 07:00:00.000,2006,7,20,7,VRB02KT,09,08
2006-07-20 08:00:00.000,2006,7,20,8,VRB02KT,10,09
2006-07-20 20:00:00.000,2006,7,20,20,14010KT,16,09
2006-07-20 21:00:00.000,2006,7,20,21,09008KT,16,08
2006-07-20 22:00:00.000,2006,7,20,22,08005KT,15,10
2006-07-20 23:00:00.000,2006,7,20,23,15010KT,15,08
2006-07-21 00:00:00.000,2006,7,21,0,16007KT,14,09
2006-07-21 01:00:00.000,2006,7,21,1,14008KT,13,09
2006-07-21 02:00:00.000,2006,7,21,2,VRB02KT,13,10
2006-07-21 03:00:00.000,2006,7,21,3,02004KT,11,10
2006-07-21 04:00:00.000,2006,7,21,4,28004KT,10,09
2006-07-21 05:00:00.000,2006,7,21,5,VRB02KT,11,1
2006-07-21 06:00:00.000,2006,7,21,6,02004KT,11,10
2006-07-21 07:00:00.000,2006,7,21,7,03003KT,11,10
2006-07-21 08:00:00.000,2006,7,21,8,VRB02KT,10,09
2006-07-21 09:00:00.000,2006,7,21,9,03005KT,10,09
2006-07-21 13:00:00.000,2006,7,21,13,03005KT,12,11
2006-07-21 14:00:00.000,2006,7,21,14,10004KT,14,10
2006-07-21 15:00:00.000,2006,7,21,15,17003KT,15,11
2006-07-21 16:00:00.000,2006,7,21,16,13007KT,17,09
2006-07-21 17:00:00.000,2006,7,21,17,09006KT,17,09
2006-07-21 18:00:00.000,2006,7,21,18,12010KT,17,10
2006-07-21 19:00:00.000,2006,7,21,19,13010KT,16,10
2006-07-27 23:00:00.000,2006,7,27,23,30009KT,12,11
2006-07-28 00:00:00.000,2006,7,28,0,29005KT,12,11
2006-07-28 02:00:00.000,2006,7,28,2,00000KT,11,10
2006-07-28 03:00:00.000,2006,7,28,3,33003KT,11,10
2006-07-28 04:00:00.000,2006,7,28,4,32004KT,11,11
2006-07-28 05:00:00.000,2006,7,28,5,VRB02KT,11,10
2006-07-28 06:00:00.000,2006,7,28,6,VB03KT,11,10
2006-07-28 07:00:00.000,2006,7,28,7,VRB02KT,11,10
2006-07-28 08:00:00.000,2006,7,28,8,32004KT,11,10
2006-07-28 09:00:00.000,2006,7,28,9,00000KT,10,10
2006-07-28 11:00:00.000,2006,7,28,11,VRB02KT,10,10
2006-07-28 12:00:00.000,2006,7,28,12,VRB02KT,10,10
2006-07-28 13:00:00.000,2006,7,28,13,VRB02KT,11,10
2006-07-28 21:00:00.000,2006,7,28,21,06003KT,12,11
2006-07-28 22:00:00.000,2006,7,28,22,04005KT,13,11
2006-07-30 15:00:00.000,2006,7,30,15,09010KT,16,06
2006-07-30 16:00:00.000,2006,7,30,16,12010KT,18,08
2006-08-01 02:00:00.000,2006,8,1,2,09009KT,14,07
2006-08-01 03:00:00.000,2006,8,1,3,05003KT,12,08
2006-08-01 05:00:00.000,2006,8,1,5,VRB02KT,1,09
2006-08-01 07:00:00.000,2006,8,1,7,VRB02KT,11,09
2006-08-01 10:00:00.000,2006,8,1,10,VRB02KT,11,09
2006-08-01 11:00:00.000,2006,8,1,11,08004KT,11,09
2006-08-01 14:00:00.000,2006,8,1,14,09006KT,15,09
2006-08-01 15:00:00.000,2006,8,1,15,14008KT,16,09
2006-08-02 14:00:00.000,2006,8,2,14,14013G24KT,15,08
2006-08-02 16:00:00.000,2006,8,2,16,12012G23KT,16,05
2006-08-02 17:00:00.000,2006,8,2,17,16018KT,16,06
2006-08-04 13:00:00.000,2006,8,4,13,15008KT,13,08
2006-08-05 02:00:00.000,2006,8,5,2,03004KT,12,10
2006-08-05 03:00:00.000,2006,8,5,3,17004KT,12,09
2006-08-05 05:00:00.000,2006,8,5,5,06003KT,12,10
2006-08-05 06:00:00.000,2006,8,5,6,03003KT,12,10
2006-08-05 07:00:00.000,2006,8,5,7,32003KT,11,10
2006-08-05 09:00:00.000,2006,8,5,9,VRB02KT,10,10
2006-08-05 10:00:00.000,2006,8,5,10,04004KT,10,09
2006-08-05 12:00:00.000,2006,8,5,12,VRB02KT,11,10
2006-08-05 15:00:00.000,2006,8,5,15,19010KT,16,09
2006-08-05 16:00:00.000,2006,8,5,16,14008KT,17,08
2006-08-05 18:00:00.000,2006,8,5,18,14010KT,18,09
2006-08-05 19:00:00.000,2006,8,5,19,14007KT,18,08
2006-08-05 20:00:00.000,2006,8,5,20,14008KT,18,08
2006-08-05 21:00:00.000,2006,8,5,21,16012KT,17,08
2006-08-05 22:00:00.000,2006,8,5,22,16009KT,17,06
2006-08-05 23:00:00.000,2006,8,5,23,16008KT,16,08
2006-08-06 00:00:00.000,2006,8,6,0,23004KT,13,11
2006-08-06 01:00:00.000,2006,8,6,1,VRB02KT,12,11
2006-08-06 02:00:00.000,2006,8,6,2,VRB02KT,11,10
2006-08-06 03:00:00.000,2006,8,6,3,00000KT,11,09
2006-08-06 05:00:00.000,2006,8,6,5,01004KT,12,10
2006-08-06 06:00:00.000,2006,8,6,6,03005KT,11,09
2006-08-06 07:00:00.000,2006,8,6,7,01004KT,11,10
2006-08-06 08:00:00.000,2006,8,6,8,VRB02KT,10,09
2006-08-06 09:00:00.000,2006,8,6,9,03006KT,09,08
2006-08-06 10:00:00.000,2006,8,6,10,00000KT,08,08
2006-08-06 13:00:00.000,2006,8,6,13,06009KT,13,09
2006-08-06 14:00:00.000,2006,8,6,14,11008KT,15,08
2006-08-06 15:00:00.000,2006,8,6,15,13008KT,16,08
2006-08-06 16:00:00.000,2006,8,6,16,14008KT,17,08
2006-08-06 17:00:00.000,2006,8,6,17,14009KT,17,08
2006-08-06 18:00:00.000,2006,8,6,18,15008KT,17,07
2006-08-06 19:00:00.000,2006,8,6,19,12009KT,18,09
2006-08-07 00:00:00.000,2006,8,7,0,00000KT,14,09
2006-08-07 02:00:00.000,2006,8,7,2,32004KT,11,09
2006-08-07 04:00:00.000,2006,8,7,4,02004KT,10,08
2006-08-07 05:00:00.000,2006,8,7,5,34004KT,09,08
2006-08-07 06:00:00.000,2006,8,7,6,00000KT,09,08
2006-08-07 07:00:00.000,2006,8,7,7,VRB02KT,08,08
2006-08-07 14:00:00.000,2006,8,7,14,09004KT,11,11
2006-08-09 01:00:00.000,2006,8,9,1,08007KT,14,09
2006-08-09 03:00:00.000,2006,8,9,3,03005KT,10,08
2006-08-09 08:00:00.000,2006,8,9,8,01004KT,10,09
2006-08-09 10:00:00.000,2006,8,9,10,00000KT,08,08
2006-08-09 12:00:00.000,2006,8,9,12,VRB02KT,09,09
2006-08-09 13:00:00.000,2006,8,9,13,02005KT,13,11
2006-08-09 14:00:00.000,2006,8,9,14,04004KT,15,10
2006-08-09 15:00:00.000,2006,8,9,15,27004KT,16,11
2006-08-09 20:00:00.000,2006,8,9,20,15009KT,19,08
2006-08-09 21:00:00.000,2006,8,9,21,11005KT,19,08
2006-08-09 22:00:00.000,2006,8,9,22,13008KT,18,08
2006-08-09 23:00:00.000,2006,8,9,23,VRB02KT,17,10
2006-08-10 00:00:00.000,2006,8,10,0,VRB02KT,16,12
2006-08-10 01:00:00.000,2006,8,10,1,04005KT,15,10
2006-08-10 02:00:00.000,2006,8,10,2,03005KT,13,10
2006-08-10 03:00:00.000,2006,8,10,3,05004KT,13,10
2006-08-10 04:00:00.000,2006,8,10,4,01003KT,13,10
2006-08-10 05:00:00.000,2006,8,10,5,02003KT,12,11
2006-08-10 06:00:00.000,2006,8,10,6,02004KT,12,10
2006-08-10 08:00:00.000,2006,8,10,8,VRB02KT,12,10
2006-08-10 13:00:00.000,2006,8,10,13,04006KT,15,12
2006-08-10 15:00:00.000,2006,8,10,15,15012KT,18,09
2006-08-10 16:00:00.000,2006,8,10,16,12012KT,18,09
2006-08-10 17:00:00.000,2006,8,10,17,14012KT,20,09
2006-08-10 18:00:00.000,2006,8,10,18,13012KT,21,09
2006-08-10 20:00:00.000,2006,8,10,20,11012KT,22,07
2006-08-11 02:00:00.000,2006,8,11,2,08007KT,15,10
2006-08-11 03:00:00.000,2006,8,11,3,35003KT,13,11
2006-08-11 08:00:00.000,2006,8,11,8,04004KT,11,10
2006-08-11 09:00:00.000,2006,8,11,9,05005KT,11,09
2006-08-11 11:00:00.000,2006,8,11,11,09008KT,13,10
2006-08-12 18:00:00.000,2006,8,12,18,14012KT,17,06
2006-08-12 20:00:00.000,2006,8,12,20,18012KT,17,06
2006-08-12 21:00:00.000,2006,8,12,21,17010KT,17,05
2006-08-12 22:00:00.000,2006,8,12,22,14011KT,16,05
2006-08-12 23:00:00.000,2006,8,12,23,14011KT,15,04
2006-08-13 00:00:00.000,2006,8,13,0,13007KT,14,05
2006-08-13 01:00:00.000,2006,8,13,1,07008KT,13,11
2006-08-13 02:00:00.000,2006,8,13,2,09005KT,13,08
2006-08-13 03:00:00.000,2006,8,13,3,13003KT,11,07
2006-08-13 04:00:00.000,2006,8,13,4,02004KT,16,07
2006-08-13 06:00:00.000,2006,8,13,6,03003KT,10,08
2006-08-13 07:00:00.000,2006,8,13,7,03004KT,09,07
2006-08-13 08:00:00.000,2006,8,13,8,02005KT,08,07
2006-08-13 09:00:00.000,2006,8,13,9,02003KT,09,07
2006-08-13 10:00:00.000,2006,8,13,10,00000KT,09,07
2006-08-13 12:00:00.000,2006,8,13,12,VRB02KT,11,09
2006-08-13 13:00:00.000,2006,8,13,13,09004KKT,13,08
2006-08-13 14:00:00.000,2006,8,13,14,15006KT,15,08
2006-08-13 16:00:00.000,2006,8,13,16,16010KT,17,08
2006-08-13 17:00:00.000,2006,8,13,17,14008KT,17,08
2006-08-13 18:00:00.000,2006,8,13,18,15010KT,18,07
2006-08-13 19:00:00.000,2006,8,13,19,15010G21KT,18,08
2006-08-13 21:00:00.000,2006,8,13,21,15010KT,17,08
2006-08-13 23:00:00.000,2006,8,13,23,06010KT,15,08
2006-08-14 00:00:00.000,2006,8,14,0,13007KT,14,08
2006-08-14 01:00:00.000,2006,8,14,1,12007KT,14,08
2006-08-14 02:00:00.000,2006,8,14,2,09007KT,13,09
2006-08-14 03:00:00.000,2006,8,14,3,VRB02KT,12,08
2006-08-14 04:00:00.000,2006,8,14,4,VRB02KT,10,08
2006-08-14 05:00:00.000,2006,8,14,5,VRB02KT,10,09
2006-08-14 06:00:00.000,2006,8,14,6,33004KT,09,08
2006-08-14 07:00:00.000,2006,8,14,7,02006KT,09,08
2006-08-14 09:00:00.000,2006,8,14,9,VRB02KT,08,07
2006-08-14 10:00:00.000,2006,8,14,10,02004KT,07,07
2006-08-14 14:00:00.000,2006,8,14,14,VRB02KT,14,09
2006-08-16 01:00:00.000,2006,8,16,1,07005KT,13,10
2006-08-16 02:00:00.000,2006,8,16,2,08005KT,13,10
2006-08-16 03:00:00.000,2006,8,16,3,00000KT,10,09
2006-08-16 15:00:00.000,2006,8,16,15,05007KT,14,10
2006-08-16 16:00:00.000,2006,8,16,16,06007KT,14,12
2006-08-16 17:00:00.000,2006,8,16,17,17010KT,15,11
2006-08-16 19:00:00.000,2006,8,16,19,18012KT,17,08
2006-08-16 21:00:00.000,2006,8,16,21,13008KT,18,08
2006-08-16 22:00:00.000,2006,8,16,22,17013KT,17,07
2006-08-17 00:00:00.000,2006,8,17,0,13006KT,14,09
2006-08-17 01:00:00.000,2006,8,17,1,15007KT,14,09
2006-08-17 02:00:00.000,2006,8,17,2,VRB02KT,12,09
2006-08-17 03:00:00.000,2006,8,17,3,VRB02KT,11,10
2006-08-17 04:00:00.000,2006,8,17,4,00000KT,11,10
2006-08-17 05:00:00.000,2006,8,17,5,VRB02KT,10,09
2006-08-17 06:00:00.000,2006,8,17,6,00000KT,10,09
2006-08-17 07:00:00.000,2006,8,17,7,29003KT,09,09
2006-08-17 09:00:00.000,2006,8,17,9,00000KT,09,09
2006-08-17 12:00:00.000,2006,8,17,12,VRB02KT,11,11
2006-08-17 15:00:00.000,2006,8,17,15,VRB02KT,17,09
2006-08-17 16:00:00.000,2006,8,17,16,10005KT,18,09
2006-08-17 20:00:00.000,2006,8,17,20,31007KT,18,12
2006-08-17 21:00:00.000,2006,8,17,21,23008KT,17,13
2006-08-17 22:00:00.000,2006,8,17,22,25005KT,15,14
2006-08-31 01:00:00.000,2006,8,31,1,VRB02KT,12,09
2006-08-31 02:00:00.000,2006,8,31,2,VRB02KT,11,09
2006-08-31 17:00:00.000,2006,8,31,17,10008KT,19,08
2006-08-31 23:00:00.000,2006,8,31,23,29004KT,15,13
2006-09-01 02:00:00.000,2006,9,1,2,VRB02KT,12,10
2006-09-01 03:00:00.000,2006,9,1,3,04003KT,12,10
2006-09-01 04:00:00.000,2006,9,1,4,VRB02KT,12,10
2006-09-01 05:00:00.000,2006,9,1,5,04003KT,12,11
2006-09-01 06:00:00.000,2006,9,1,6,VRB02KT,11,10
2006-09-01 07:00:00.000,2006,9,1,7,03006KT,10,09
2006-09-01 08:00:00.000,2006,9,1,8,04004KT,10,10
2006-09-01 09:00:00.000,2006,9,1,9,03004KT,10,10
2006-09-01 10:00:00.000,2006,9,1,10,06003KT,10,10
2006-09-01 11:00:00.000,2006,9,1,11,06003KT,11,10
2006-09-01 13:00:00.000,2006,9,1,13,03005KT,13,10
2006-09-01 14:00:00.000,2006,9,1,14,06007KT,15,10
2006-09-01 15:00:00.000,2006,9,1,15,10010KT,16,09
2006-09-01 16:00:00.000,2006,9,1,16,12009KT,17,08
2006-09-01 17:00:00.000,2006,9,1,17,10007KT,17,09
2006-09-01 18:00:00.000,2006,9,1,18,12007KT,18,08
2006-09-01 19:00:00.000,2006,9,1,19,12007KT,18,07
2006-09-01 20:00:00.000,2006,9,1,20,09010KT,18,06
2006-09-02 00:00:00.000,2006,9,2,0,11005KT,15,09
2006-09-02 01:00:00.000,2006,9,2,1,05003KT,14,10
2006-09-02 02:00:00.000,2006,9,2,2,04005KT,14,10
2006-09-02 03:00:00.000,2006,9,2,3,VRB02KT,12,10
2006-09-02 04:00:00.000,2006,9,2,4,02004KT,11,09
2006-09-02 05:00:00.000,2006,9,2,5,04004KT,10,09
2006-09-02 06:00:00.000,2006,9,2,6,03003KT,09,08
2006-09-02 07:00:00.000,2006,9,2,7,03004KT,08,07
2006-09-02 08:00:00.000,2006,9,2,8,04004KT,08,07
2006-09-02 09:00:00.000,2006,9,2,9,00000KT,07,06
2006-09-02 10:00:00.000,2006,9,2,10,00000KT,06,06
2006-09-02 11:00:00.000,2006,9,2,11,00000KT,04,04
2006-09-02 12:00:00.000,2006,9,2,12,00000KT,08,07
2006-09-02 13:00:00.000,2006,9,2,13,03004KT,11,10
2006-09-02 14:00:00.000,2006,9,2,14,10004KT,15,11
2006-09-02 15:00:00.000,2006,9,2,15,08004KT,17,10
2006-09-02 16:00:00.000,2006,9,2,16,01006KT,19,09
2006-09-02 17:00:00.000,2006,9,2,17,11006KT,20,05
2006-09-02 18:00:00.000,2006,9,2,18,11010KT,21,05
2006-09-02 19:00:00.000,2006,9,2,19,02007KT,20,06
2006-09-02 20:00:00.000,2006,9,2,20,26009KT,19,11
2006-09-02 21:00:00.000,2006,9,2,21,28006KT,18,11
2006-09-02 22:00:00.000,2006,9,2,22,28006KT,17,12
2006-09-02 23:00:00.000,2006,9,2,23,25007KT,15,12
2006-09-03 01:00:00.000,2006,9,3,1,33004KT,13,13
2006-09-03 02:00:00.000,2006,9,3,2,34004KT,13,13
2006-09-03 03:00:00.000,2006,9,3,3,VRB02KT,13,12
2006-09-03 04:00:00.000,2006,9,3,4,VRB02KT,12,12
2006-09-03 05:00:00.000,2006,9,3,5,03004KT,13,10
2006-09-03 07:00:00.000,2006,9,3,7,VRB02KT,11,10
2006-09-03 08:00:00.000,2006,9,3,8,10004KT,09,09
2006-09-03 09:00:00.000,2006,9,3,9,00000KT,09,08
2006-09-03 10:00:00.000,2006,9,3,10,040004KT,09,08
2006-09-03 11:00:00.000,2006,9,3,11,VRB02KT,07,06
2006-09-03 12:00:00.000,2006,9,3,12,VRB02KT,09,09
2006-09-03 13:00:00.000,2006,9,3,13,03005KT,14,10
2006-09-03 14:00:00.000,2006,9,3,14,06004KT,16,08
2006-09-03 15:00:00.000,2006,9,3,15,01003KT,17,08
2006-09-03 16:00:00.000,2006,9,3,16,04006KT,19,07
2006-09-03 17:00:00.000,2006,9,3,17,04004KT,20,04
2006-09-03 18:00:00.000,2006,9,3,18,11006KT,19,07
2006-09-03 19:00:00.000,2006,9,3,19,24009KT,18,12
2006-09-03 20:00:00.000,2006,9,3,20,26007KT,19,11
2006-09-03 21:00:00.000,2006,9,3,21,26006KT,18,12
2006-09-03 22:00:00.000,2006,9,3,22,28008KT,17,12
2006-09-03 23:00:00.000,2006,9,3,23,29005KT,15,12
2006-09-04 00:00:00.000,2006,9,4,0,25004KT,13,11
2006-09-04 01:00:00.000,2006,9,4,1,00000KT,12,11
2006-09-04 02:00:00.000,2006,9,4,2,00000KT,11,11
2006-09-04 03:00:00.000,2006,9,4,3,VRB02KT,11,10
2006-09-04 04:00:00.000,2006,9,4,4,VRB02KT,11,10
2006-09-04 05:00:00.000,2006,9,4,5,VRB02KT,09,09
2006-09-04 06:00:00.000,2006,9,4,6,VRB02KT,09,08
2006-09-04 07:00:00.000,2006,9,4,7,VRB02KT,07,07
2006-09-04 08:00:00.000,2006,9,4,8,VRB02KT,08,08
2006-09-04 09:00:00.000,2006,9,4,9,VRB02KT,09,09
2006-09-04 11:00:00.000,2006,9,4,11,02004KT,07,07
2006-09-04 12:00:00.000,2006,9,4,12,VRB02KT,10,09
2006-09-04 13:00:00.000,2006,9,4,13,34004KT,11,10
2006-09-04 14:00:00.000,2006,9,4,14,VRB02KT,14,10
2006-09-04 15:00:00.000,2006,9,4,15,26004KT,15,10
2006-09-04 16:00:00.000,2006,9,4,16,00000KT,16,09
2006-09-04 19:00:00.000,2006,9,4,19,22008KT,16,12
2006-09-04 20:00:00.000,2006,9,4,20,24008KT,16,12
2006-09-04 21:00:00.000,2006,9,4,21,27008KT,14,12
2006-09-04 22:00:00.000,2006,9,4,22,26006KT,14,12
2006-09-04 23:00:00.000,2006,9,4,23,27003KT,13,11
2006-09-05 00:00:00.000,2006,9,5,0,VRB02KT,12,11
2006-09-05 01:00:00.000,2006,9,5,1,34004KT,12,11
2006-09-05 02:00:00.000,2006,9,5,2,VRB02KT,12,11
2006-09-05 03:00:00.000,2006,9,5,3,00000KT,12,11
2006-09-05 04:00:00.000,2006,9,5,4,03003KT,12,11
2006-09-05 05:00:00.000,2006,9,5,5,05003KT,11,10
2006-09-05 06:00:00.000,2006,9,5,6,05004KT,11,10
2006-09-05 10:00:00.000,2006,9,5,10,31003KT,,
2006-09-05 15:00:00.000,2006,9,5,15,10006KT,18,10
2006-09-05 17:00:00.000,2006,9,5,17,09006KT,18,08
2006-09-05 18:00:00.000,2006,9,5,18,06006KT,18,08
2006-09-05 19:00:00.000,2006,9,5,19,20009KT,18,08
2006-09-05 20:00:00.000,2006,9,5,20,17012KT,18,08
2006-09-05 21:00:00.000,2006,9,5,21,18014KT,16,08
2006-09-05 22:00:00.000,2006,9,5,22,19007G18KT,15,08
2006-09-05 23:00:00.000,2006,9,5,23,23010KT,14,09
2006-09-06 00:00:00.000,2006,9,6,0,27005KT,12,11
2006-09-06 05:00:00.000,2006,9,6,5,VRB02KT,11,10
2006-09-06 06:00:00.000,2006,9,6,6,01004KT,10,10
2006-09-06 07:00:00.000,2006,9,6,7,29004KT,11,10
2006-09-06 08:00:00.000,2006,9,6,8,30003KT,11,10
2006-09-06 10:00:00.000,2006,9,6,10,00000KT,11,10
2006-09-06 12:00:00.000,2006,9,6,12,13006KT,13,10
2006-09-06 13:00:00.000,2006,9,6,13,12010KT,15,09
2006-09-06 14:00:00.000,2006,9,6,14,18008KT,16,09
2006-09-06 15:00:00.000,2006,9,6,15,13012KT,16,08
2006-09-06 16:00:00.000,2006,9,6,16,14010KT,16,08
2006-09-06 17:00:00.000,2006,9,6,17,13014KT,17,08
2006-09-06 19:00:00.000,2006,9,6,19,15011KT,19,07
2006-09-06 20:00:00.000,2006,9,6,20,16012KT,19,08
2006-09-06 21:00:00.000,2006,9,6,21,15013KT,19,07
2006-09-06 22:00:00.000,2006,9,6,22,17010KT,18,07
2006-09-06 23:00:00.000,2006,9,6,23,16009KT,16,08
2006-09-07 00:00:00.000,2006,9,7,0,19009KT,14,08
2006-09-07 01:00:00.000,2006,9,7,1,32003KT,13,08
2006-09-07 03:00:00.000,2006,9,7,3,VRB02KT,10,09
2006-09-07 04:00:00.000,2006,9,7,4,VRB02KT,10,09
2006-09-07 05:00:00.000,2006,9,7,5,VRB02KT,10,09
2006-09-07 06:00:00.000,2006,9,7,6,VRB02KT,10,09
2006-09-07 07:00:00.000,2006,9,7,7,VRB02KT,10,09
2006-09-07 08:00:00.000,2006,9,7,8,VRB02KT,10,10
2006-09-07 09:00:00.000,2006,9,7,9,09003KT,10,09
2006-09-07 10:00:00.000,2006,9,7,10,VRB02KT,10,09
2006-09-07 11:00:00.000,2006,9,7,11,VRB02KT,10,10
2006-09-07 12:00:00.000,2006,9,7,12,VRB02KT,11,11
2006-09-07 15:00:00.000,2006,9,7,15,03003KT,16,12
2006-09-07 16:00:00.000,2006,9,7,16,06008KT,16,10
2006-09-07 20:00:00.000,2006,9,7,20,30010KT,13,12
2006-09-07 21:00:00.000,2006,9,7,21,26006KT,15,12
2006-09-07 22:00:00.000,2006,9,7,22,30006KT,15,11
2006-09-07 23:00:00.000,2006,9,7,23,25005KT,13,11
2006-09-08 00:00:00.000,2006,9,8,0,24004KT,12,10
2006-09-08 01:00:00.000,2006,9,8,1,33003KT,12,11
2006-09-08 02:00:00.000,2006,9,8,2,31005KT,12,11
2006-09-08 03:00:00.000,2006,9,8,3,VRB02KT,11,10
2006-09-08 04:00:00.000,2006,9,8,4,VRB02KT,11,10
2006-09-08 05:00:00.000,2006,9,8,5,VRB02KT,11,10
2006-09-08 06:00:00.000,2006,9,8,6,00000KT,11,10
2006-09-08 07:00:00.000,2006,9,8,7,00000KT,11,10
2006-09-08 08:00:00.000,2006,9,8,8,01003KT,11,10
2006-09-08 09:00:00.000,2006,9,8,9,VRB02KT,10,09
2006-09-08 10:00:00.000,2006,9,8,10,VRB02KT,09,08
2006-09-08 11:00:00.000,2006,9,8,11,03003KT,09,09
2006-09-08 12:00:00.000,2006,9,8,12,03005KT,11,10
2006-09-08 13:00:00.000,2006,9,8,13,05003KT,13,10
2006-09-08 16:00:00.000,2006,9,8,16,22003KT,18,09
2006-09-08 17:00:00.000,2006,9,8,17,14010KT,18,06
2006-09-08 18:00:00.000,2006,9,8,18,30008KT,16,12
2006-09-08 19:00:00.000,2006,9,8,19,28006KT,15,11
2006-09-08 20:00:00.000,2006,9,8,20,25008KT,15,11
2006-09-08 21:00:00.000,2006,9,8,21,26008KT,16,11
2006-09-08 22:00:00.000,2006,9,8,22,03003KT,15,10
2006-09-08 23:00:00.000,2006,9,8,23,06004KT,15,09
2006-09-09 00:00:00.000,2006,9,9,0,06007KT,14,09
2006-09-09 01:00:00.000,2006,9,9,1,05005KT,13,09
2006-09-09 02:00:00.000,2006,9,9,2,14005KT,13,09
2006-09-09 03:00:00.000,2006,9,9,3,33004KT,11,09
2006-09-09 04:00:00.000,2006,9,9,4,VRB02KT,09,09
2006-09-09 05:00:00.000,2006,9,9,5,VRB02KT,09,09
2006-09-09 08:00:00.000,2006,9,9,8,00000KT,09,09
2006-09-09 09:00:00.000,2006,9,9,9,VRB02KT,07,07
2006-09-09 10:00:00.000,2006,9,9,10,VRB02KT,07,07
2006-09-09 11:00:00.000,2006,9,9,11,00000KT,07,07
2006-09-09 12:00:00.000,2006,9,9,12,00000KT,08,07
2006-09-09 13:00:00.000,2006,9,9,13,VRB02KT,12,10
2006-09-09 14:00:00.000,2006,9,9,14,VRB02KT,14,11
2006-09-09 15:00:00.000,2006,9,9,15,VRB02KT,16,10
2006-09-09 16:00:00.000,2006,9,9,16,VRB02KT,17,09
2006-09-09 17:00:00.000,2006,9,9,17,07006KT,18,06
2006-09-09 18:00:00.000,2006,9,9,18,10012KT,19,07
2006-09-09 19:00:00.000,2006,9,9,19,08012KT,19,06
2006-09-09 20:00:00.000,2006,9,9,20,10012KT,18,06
2006-09-09 21:00:00.000,2006,9,9,21,09010KT,18,05
2006-09-09 22:00:00.000,2006,9,9,22,09008KT,17,06
2006-09-09 23:00:00.000,2006,9,9,23,08010KT,16,06
2006-09-10 00:00:00.000,2006,9,10,0,06010KT,15,07
2006-09-10 01:00:00.000,2006,9,10,1,07007KT,14,07
2006-09-10 02:00:00.000,2006,9,10,2,35006KT,12,07
2006-09-10 03:00:00.000,2006,9,10,3,34005KT,11,07
2006-09-10 04:00:00.000,2006,9,10,4,03004KT,10,08
2006-09-10 05:00:00.000,2006,9,10,5,03005KT,08,06
2006-09-10 06:00:00.000,2006,9,10,6,31004KT,07,06
2006-09-10 07:00:00.000,2006,9,10,7,32005KT,07,06
2006-09-10 08:00:00.000,2006,9,10,8,04007KT,07,06
2006-09-10 09:00:00.000,2006,9,10,9,06010KT,09,07
2006-09-10 10:00:00.000,2006,9,10,10,02007KT,07,06
2006-09-10 11:00:00.000,2006,9,10,11,05005KT,07,06
2006-09-10 12:00:00.000,2006,9,10,12,05004KT,09,07
2006-09-10 13:00:00.000,2006,9,10,13,07007KT,12,08
2006-09-10 14:00:00.000,2006,9,10,14,04006KT,16,09
2006-09-10 15:00:00.000,2006,9,10,15,11009KT,18,07
2006-09-10 16:00:00.000,2006,9,10,16,12012KT,18,07
2006-09-10 17:00:00.000,2006,9,10,17,11008KT,18,06
2006-09-10 18:00:00.000,2006,9,10,18,10010KT,19,08
2006-09-10 19:00:00.000,2006,9,10,19,08008KT,19,07
2006-09-10 20:00:00.000,2006,9,10,20,04010KT,20,08
2006-09-10 21:00:00.000,2006,9,10,21,07012KT,17,09
2006-09-10 23:00:00.000,2006,9,10,23,31006KT,16,08
2006-09-11 00:00:00.000,2006,9,11,0,09003KT,15,08
2006-09-11 01:00:00.000,2006,9,11,1,12005KT,14,07
2006-09-11 02:00:00.000,2006,9,11,2,07005KT,14,08
2006-09-11 03:00:00.000,2006,9,11,3,08005KT,13,08
2006-09-11 04:00:00.000,2006,9,11,4,VRB02KT,12,08
2006-09-11 05:00:00.000,2006,9,11,5,35003KT,12,09
2006-09-11 06:00:00.000,2006,9,11,6,VRB02KT,11,09
2006-09-11 07:00:00.000,2006,9,11,7,VRB02KT,10,09
2006-09-11 09:00:00.000,2006,9,11,9,VRB02KT,,
2006-09-11 10:00:00.000,2006,9,11,10,VRB02KT,08,08
2006-09-11 11:00:00.000,2006,9,11,11,09006KT,10,09
2006-09-11 12:00:00.000,2006,9,11,12,03004KT,10,09
2006-09-11 13:00:00.000,2006,9,11,13,07006KT,13,08
2006-09-11 14:00:00.000,2006,9,11,14,05004KT,14,09
2006-09-11 15:00:00.000,2006,9,11,15,12003KT,26,18
2006-09-11 16:00:00.000,2006,9,11,16,07010KT,16,08
2006-09-11 18:00:00.000,2006,9,11,18,09009KT,17,08
2006-09-11 19:00:00.000,2006,9,11,19,07009KT,18,08
2006-09-11 20:00:00.000,2006,9,11,20,09010KT,18,06
2006-09-11 21:00:00.000,2006,9,11,21,11009KT,19,07
2006-09-11 22:00:00.000,2006,9,11,22,11008KT,17,08
2006-09-11 23:00:00.000,2006,9,11,23,10008KT,16,09
2006-09-12 00:00:00.000,2006,9,12,0,12009KT,15,08
2006-09-12 02:00:00.000,2006,9,12,2,05005KT,13,09
2006-09-12 03:00:00.000,2006,9,12,3,03005KT,12,10
2006-09-12 04:00:00.000,2006,9,12,4,01004KT,12,10
2006-09-12 07:00:00.000,2006,9,12,7,00000KT,11,10
2006-09-12 08:00:00.000,2006,9,12,8,01004KT,11,10
2006-09-12 12:00:00.000,2006,9,12,12,02004KT,11,10
2006-09-12 13:00:00.000,2006,9,12,13,36004KT,14,11
2006-09-12 14:00:00.000,2006,9,12,14,04006KT,15,10
2006-09-12 16:00:00.000,2006,9,12,16,05006KT,16,11
2006-09-12 17:00:00.000,2006,9,12,17,12008KT,17,08
2006-09-12 18:00:00.000,2006,9,12,18,17008KT,18,08
2006-09-12 19:00:00.000,2006,9,12,19,31005KT,17,11
2006-09-12 20:00:00.000,2006,9,12,20,26007KT,17,12
2006-09-12 21:00:00.000,2006,9,12,21,23008KT,16,11
2006-09-12 22:00:00.000,2006,9,12,22,27007KT,16,11
2006-09-12 23:00:00.000,2006,9,12,23,28008KT,13,13
2006-09-13 00:00:00.000,2006,9,13,0,00000KT,13,12
2006-09-13 02:00:00.000,2006,9,13,2,00000KT,12,11
2006-09-13 03:00:00.000,2006,9,13,3,00000KT,12,11
2006-09-13 05:00:00.000,2006,9,13,5,01004KT,11,10
2006-09-13 06:00:00.000,2006,9,13,6,00000KT,11,11
2006-09-13 07:00:00.000,2006,9,13,7,36004KT,11,11
2006-09-13 08:00:00.000,2006,9,13,8,00000KT,11,11
2006-09-13 09:00:00.000,2006,9,13,9,VRB02KT,11,11
2006-09-13 10:00:00.000,2006,9,13,10,06006KT,11,10
2006-09-13 11:00:00.000,2006,9,13,11,01006KT,11,10
2006-09-13 12:00:00.000,2006,9,13,12,01003KT,11,11
2006-09-13 13:00:00.000,2006,9,13,13,VRB02KT,12,12
2006-09-13 14:00:00.000,2006,9,13,14,VRB02KT,14,11
2006-09-13 15:00:00.000,2006,9,13,15,24003KT,15,12
2006-09-13 16:00:00.000,2006,9,13,16,17012KT,15,09
2006-09-13 18:00:00.000,2006,9,13,18,14014KT,16,08
2006-09-13 19:00:00.000,2006,9,13,19,18008KT,17,08
2006-09-13 20:00:00.000,2006,9,13,20,09006KT,18,08
2006-09-13 21:00:00.000,2006,9,13,21,15010KT,18,09
2006-09-13 22:00:00.000,2006,9,13,22,19006KT,17,09
2006-09-14 00:00:00.000,2006,9,14,0,11005KT,14,09
2006-09-14 01:00:00.000,2006,9,14,1,04004KT,11,09
2006-09-14 02:00:00.000,2006,9,14,2,02004KT,11,10
2006-09-14 03:00:00.000,2006,9,14,3,01003KT,11,10
2006-09-14 04:00:00.000,2006,9,14,4,VRB02KT,10,09
2006-09-14 05:00:00.000,2006,9,14,5,00000KT,10,09
2006-09-14 06:00:00.000,2006,9,14,6,32003KT,10,09
2006-09-14 07:00:00.000,2006,9,14,7,VRB02KT,09,08
2006-09-14 08:00:00.000,2006,9,14,8,VRB02KT,09,08
2006-09-14 09:00:00.000,2006,9,14,9,VRB02KT,09,08
2006-09-14 10:00:00.000,2006,9,14,10,03004KT,08,08
2006-09-14 11:00:00.000,2006,9,14,11,28003KT,07,07
2006-09-14 12:00:00.000,2006,9,14,12,05005KT,10,09
2006-09-14 15:00:00.000,2006,9,14,15,11005KT,17,08
2006-09-14 16:00:00.000,2006,9,14,16,12007KT,17,07
2006-09-14 17:00:00.000,2006,9,14,17,12007KT,19,07
2006-09-14 19:00:00.000,2006,9,14,19,14006KT,20,07
2006-09-14 20:00:00.000,2006,9,14,20,13007KT,20,08
2006-09-14 21:00:00.000,2006,9,14,21,13007KT,18,07
2006-09-14 22:00:00.000,2006,9,14,22,31009KT,16,13
2006-09-14 23:00:00.000,2006,9,14,23,35003KT,15,13
2006-09-15 00:00:00.000,2006,9,15,0,13004KT,16,08
2006-09-15 01:00:00.000,2006,9,15,1,VRB02KT,14,10
2006-09-15 02:00:00.000,2006,9,15,2,00000KT,13,11
2006-09-15 03:00:00.000,2006,9,15,3,01004KT,12,11
2006-09-15 04:00:00.000,2006,9,15,4,01005KT,11,10
2006-09-15 05:00:00.000,2006,9,15,5,VRB02KT,11,10
2006-09-15 06:00:00.000,2006,9,15,6,VRB02KT,09,09
2006-09-15 07:00:00.000,2006,9,15,7,01004KT,09,08
2006-09-15 08:00:00.000,2006,9,15,8,00000KT,08,08
2006-09-15 09:00:00.000,2006,9,15,9,30004KT,08,08
2006-09-15 11:00:00.000,2006,9,15,11,36004KT,09,09
2006-09-15 12:00:00.000,2006,9,15,12,06003KT,11,10
2006-09-15 13:00:00.000,2006,9,15,13,02004KT,14,11
2006-09-15 14:00:00.000,2006,9,15,14,03003KT,15,10
2006-09-15 15:00:00.000,2006,9,15,15,05006KT,16,10
2006-09-15 20:00:00.000,2006,9,15,20,31007KT,17,11
2006-09-15 21:00:00.000,2006,9,15,21,22008KT,17,12
2006-09-15 22:00:00.000,2006,9,15,22,23009KT,14,12
2006-09-15 23:00:00.000,2006,9,15,23,23005KT,14,11
2006-09-16 00:00:00.000,2006,9,16,0,VRB02KT,13,11
2006-09-16 01:00:00.000,2006,9,16,1,08004KT,12,11
2006-09-16 02:00:00.000,2006,9,16,2,06005KT,12,10
2006-09-16 03:00:00.000,2006,9,16,3,05004KT,12,10
2006-09-16 04:00:00.000,2006,9,16,4,VRB02KT,10,08
2006-09-16 05:00:00.000,2006,9,16,5,VRB02KT,10,09
2006-09-16 06:00:00.000,2006,9,16,6,28004KT,10,09
2006-09-16 07:00:00.000,2006,9,16,7,VRB02KT,09,08
2006-09-16 08:00:00.000,2006,9,16,8,00000KT,09,08
2006-09-16 09:00:00.000,2006,9,16,9,VRB02KT,09,08
2006-09-16 10:00:00.000,2006,9,16,10,VRB02KT,09,08
2006-09-16 11:00:00.000,2006,9,16,11,31003KT,07,07
2006-09-16 12:00:00.000,2006,9,16,12,28006KT,09,08
2006-09-16 13:00:00.000,2006,9,16,13,01003KT,12,11
2006-09-16 14:00:00.000,2006,9,16,14,VRB02KT,15,10
2006-09-16 15:00:00.000,2006,9,16,15,18006KT,16,10
2006-09-16 16:00:00.000,2006,9,16,16,14008KT,18,09
2006-09-16 17:00:00.000,2006,9,16,17,11008KT,18,07
2006-09-16 18:00:00.000,2006,9,16,18,13004KT,18,08
2006-09-16 19:00:00.000,2006,9,16,19,14010KT,18,08
2006-09-16 20:00:00.000,2006,9,16,20,12006KT,18,08
2006-09-16 21:00:00.000,2006,9,16,21,05003KT,18,08
2006-09-16 22:00:00.000,2006,9,16,22,36005KT,17,09
2006-09-16 23:00:00.000,2006,9,16,23,29005KT,14,12
2006-09-17 00:00:00.000,2006,9,17,0,VRB02KT,13,12
2006-09-17 01:00:00.000,2006,9,17,1,00000KT,12,12
2006-09-17 02:00:00.000,2006,9,17,2,VRB02KT,11,10
2006-09-17 03:00:00.000,2006,9,17,3,01005KT,11,10
2006-09-17 04:00:00.000,2006,9,17,4,36005KT,11,10
2006-09-17 05:00:00.000,2006,9,17,5,36004KT,11,10
2006-09-17 06:00:00.000,2006,9,17,6,VRB02KT,11,09
2006-09-17 07:00:00.000,2006,9,17,7,VRB02KT,09,08
2006-09-17 08:00:00.000,2006,9,17,8,00000KT,08,08
2006-09-17 10:00:00.000,2006,9,17,10,VRB02KT,08,07
2006-09-17 11:00:00.000,2006,9,17,11,24005KT,08,07
2006-09-17 12:00:00.000,2006,9,17,12,VRB02KT,10,09
2006-09-17 13:00:00.000,2006,9,17,13,04004KT,13,10
2006-09-17 14:00:00.000,2006,9,17,14,10005KT,15,10
2006-09-17 15:00:00.000,2006,9,17,15,11005KT,16,09
2006-09-17 16:00:00.000,2006,9,17,16,03006KT,15,10
2006-09-17 17:00:00.000,2006,9,17,17,34004KT,17,10
2006-09-17 18:00:00.000,2006,9,17,18,02007KT,16,12
2006-09-17 19:00:00.000,2006,9,17,19,11006KT,18,09
2006-09-17 20:00:00.000,2006,9,17,20,09008KT,18,09
2006-09-17 21:00:00.000,2006,9,17,21,17007KT,17,08
2006-09-17 22:00:00.000,2006,9,17,22,16008KT,17,09
2006-09-17 23:00:00.000,2006,9,17,23,29005KT,15,12
2006-09-18 00:00:00.000,2006,9,18,0,33004KT,13,12
2006-09-18 02:00:00.000,2006,9,18,2,VRB02KT,12,11
2006-09-18 03:00:00.000,2006,9,18,3,13004KT,14,09
2006-09-18 04:00:00.000,2006,9,18,4,29004KT,12,10
2006-09-18 05:00:00.000,2006,9,18,5,03004KT,12,11
2006-09-18 06:00:00.000,2006,9,18,6,01004KT,12,11
2006-09-18 07:00:00.000,2006,9,18,7,00000KT,11,11
2006-09-18 08:00:00.000,2006,9,18,8,27004KT,10,10
2006-09-18 09:00:00.000,2006,9,18,9,00000KT,09,09
2006-09-18 10:00:00.000,2006,9,18,10,30005KT,09,09
2006-09-18 11:00:00.000,2006,9,18,11,29004KT,09,09
2006-09-18 12:00:00.000,2006,9,18,12,VRB02KT,12,11
2006-09-18 14:00:00.000,2006,9,18,14,04004KT,13,11
2006-09-18 15:00:00.000,2006,9,18,15,03004KT,12,11
2006-09-18 16:00:00.000,2006,9,18,16,VRB02KT,13,11
2006-09-18 21:00:00.000,2006,9,18,21,26008KT,15,11
2006-09-18 22:00:00.000,2006,9,18,22,24008KT,13,11
2006-09-18 23:00:00.000,2006,9,18,23,31005KT,12,11
2006-09-19 00:00:00.000,2006,9,19,0,31004KT,11,11
2006-09-19 01:00:00.000,2006,9,19,1,02003KT,10,10
2006-09-19 02:00:00.000,2006,9,19,2,00000KT,10,10
2006-09-19 03:00:00.000,2006,9,19,3,06003KT,12,10
2006-09-19 04:00:00.000,2006,9,19,4,VRB02KT,12,10
2006-09-19 05:00:00.000,2006,9,19,5,VRB02KT,11,10
2006-09-19 06:00:00.000,2006,9,19,6,VRB02KT,11,10
2006-09-19 07:00:00.000,2006,9,19,7,01003KT,10,10
2006-09-19 10:00:00.000,2006,9,19,10,00000KT,10,09
2006-09-19 11:00:00.000,2006,9,19,11,VRB02KT,10,10
2006-09-19 12:00:00.000,2006,9,19,12,02004KT,11,11
2006-09-19 14:00:00.000,2006,9,19,14,VRB02KT,13,11
2006-09-19 15:00:00.000,2006,9,19,15,00000KT,16,11
2006-09-19 16:00:00.000,2006,9,19,16,13007KT,16,11
2006-09-19 17:00:00.000,2006,9,19,17,12009KT,18,09
2006-09-19 18:00:00.000,2006,9,19,18,06007KT,18,08
2006-09-19 19:00:00.000,2006,9,19,19,08004KT,18,08
2006-09-19 20:00:00.000,2006,9,19,20,12012KT,18,08
2006-09-19 21:00:00.000,2006,9,19,21,VRB02KT,19,08
2006-09-19 22:00:00.000,2006,9,19,22,13008KT,16,08
2006-09-19 23:00:00.000,2006,9,19,23,09005KT,16,09
2006-09-20 00:00:00.000,2006,9,20,0,16004KT,14,09
2006-09-20 01:00:00.000,2006,9,20,1,36004KT,12,10
2006-09-20 02:00:00.000,2006,9,20,2,00000KT,12,09
2006-09-20 03:00:00.000,2006,9,20,3,02004KT,11,09
2006-09-20 04:00:00.000,2006,9,20,4,05004KT,11,10
2006-09-20 05:00:00.000,2006,9,20,5,02004KT,10,09
2006-09-20 06:00:00.000,2006,9,20,6,00000KT,09,08
2006-09-20 07:00:00.000,2006,9,20,7,VRB02KT,09,08
2006-09-20 08:00:00.000,2006,9,20,8,00000KT,09,08
2006-09-20 09:00:00.000,2006,9,20,9,VRB02KT,09,08
2006-09-20 10:00:00.000,2006,9,20,10,00000KT,08,07
2006-09-20 11:00:00.000,2006,9,20,11,VRB02KT,08,08
2006-09-20 12:00:00.000,2006,9,20,12,02004KT,10,09
2006-09-20 13:00:00.000,2006,9,20,13,04006KT,14,10
2006-09-20 14:00:00.000,2006,9,20,14,02004KT,16,09
2006-09-20 15:00:00.000,2006,9,20,15,11005KT,17,08
2006-09-20 16:00:00.000,2006,9,20,16,12008KT,19,06
2006-09-20 17:00:00.000,2006,9,20,17,05005KT,20,07
2006-09-20 18:00:00.000,2006,9,20,18,12005KT,20,05
2006-09-20 19:00:00.000,2006,9,20,19,09008KT,19,09
2006-09-20 20:00:00.000,2006,9,20,20,11010KT,20,05
2006-09-20 21:00:00.000,2006,9,20,21,11009KT,19,04
2006-09-20 22:00:00.000,2006,9,20,22,09008KT,18,07
2006-09-20 23:00:00.000,2006,9,20,23,15009KT,16,07
2006-09-21 00:00:00.000,2006,9,21,0,15007KT,15,08
2006-09-21 01:00:00.000,2006,9,21,1,09007KT,15,08
2006-09-21 02:00:00.000,2006,9,21,2,02004KT,12,09
2006-09-21 03:00:00.000,2006,9,21,3,09005KT,14,08
2006-09-21 04:00:00.000,2006,9,21,4,VRB02KT,11,09
2006-09-21 05:00:00.000,2006,9,21,5,VRB02KT,12,08
2006-09-21 06:00:00.000,2006,9,21,6,00000KT,09,08
2006-09-21 07:00:00.000,2006,9,21,7,36004KT,08,07
2006-09-21 08:00:00.000,2006,9,21,8,02004KT,07,07
2006-09-21 09:00:00.000,2006,9,21,9,05004KT,07,07
2006-09-21 10:00:00.000,2006,9,21,10,VRB02KT,08,07
2006-09-21 11:00:00.000,2006,9,21,11,00000KT,07,06
2006-09-21 12:00:00.000,2006,9,21,12,02003KT,09,08
2006-09-21 13:00:00.000,2006,9,21,13,03004KT,14,09
2006-09-21 14:00:00.000,2006,9,21,14,05005KT,16,08
2006-09-21 15:00:00.000,2006,9,21,15,05006KT,18,09
2006-09-21 16:00:00.000,2006,9,21,16,08006KT,19,07
2006-09-21 17:00:00.000,2006,9,21,17,10012KT,20,06
2006-09-21 18:00:00.000,2006,9,21,18,11012KT,20,06
2006-09-21 19:00:00.000,2006,9,21,19,08010KT,20,06
2006-09-21 20:00:00.000,2006,9,21,20,09011KT,19,07
2006-09-21 21:00:00.000,2006,9,21,21,25010KT,17,13
2006-09-21 22:00:00.000,2006,9,21,22,26006KT,17,12
2006-09-21 23:00:00.000,2006,9,21,23,25008KT,15,13
2006-09-22 00:00:00.000,2006,9,22,0,26003KT,14,12
2006-09-22 01:00:00.000,2006,9,22,1,00000KT,12,12
2006-09-22 02:00:00.000,2006,9,22,2,VRB02KT,11,11
2006-09-22 03:00:00.000,2006,9,22,3,29003KT,11,11
2006-09-22 04:00:00.000,2006,9,22,4,00000KT,10,10
2006-09-22 05:00:00.000,2006,9,22,5,VRB02KT,09,09
2006-09-22 06:00:00.000,2006,9,22,6,VRB02KT,10,09
2006-09-22 07:00:00.000,2006,9,22,7,00000KT,10,09
2006-09-22 08:00:00.000,2006,9,22,8,03003KT,10,09
2006-09-22 09:00:00.000,2006,9,22,9,02003KT,10,10
2006-09-22 10:00:00.000,2006,9,22,10,03003KT,10,09
2006-09-22 11:00:00.000,2006,9,22,11,01004KT,10,10
2006-09-22 12:00:00.000,2006,9,22,12,03006KT,11,10
2006-09-22 13:00:00.000,2006,9,22,13,04004KT,14,10
2006-09-22 14:00:00.000,2006,9,22,14,03008KT,16,10
2006-09-22 15:00:00.000,2006,9,22,15,02006KT,16,09
2006-09-22 16:00:00.000,2006,9,22,16,03008KT,17,09
2006-09-22 17:00:00.000,2006,9,22,17,07008KT,18,09
2006-09-22 18:00:00.000,2006,9,22,18,VRB02KT,19,08
2006-09-22 19:00:00.000,2006,9,22,19,35007KT,20,09
2006-09-22 20:00:00.000,2006,9,22,20,25005KT,19,12
2006-09-22 21:00:00.000,2006,9,22,21,26007KT,17,11
2006-09-22 22:00:00.000,2006,9,22,22,25004KT,14,12
2006-09-22 23:00:00.000,2006,9,22,23,28004KT,13,12
2006-09-23 01:00:00.000,2006,9,23,1,VRB02KT,11,10
2006-09-23 03:00:00.000,2006,9,23,3,VRB02KT,11,10
2006-09-23 04:00:00.000,2006,9,23,4,04003KT,11,10
2006-09-23 05:00:00.000,2006,9,23,5,08005KT,13,11
2006-09-23 07:00:00.000,2006,9,23,7,VRB02KT,11,10
2006-09-23 08:00:00.000,2006,9,23,8,06006KT,11,10
2006-09-23 09:00:00.000,2006,9,23,9,04005KT,11,10
2006-09-23 10:00:00.000,2006,9,23,10,06006KT,11,09
2006-09-23 11:00:00.000,2006,9,23,11,02005KT,10,08
2006-09-23 12:00:00.000,2006,9,23,12,03007KT,12,09
2006-09-23 13:00:00.000,2006,9,23,13,03007KT,15,09
2006-09-23 15:00:00.000,2006,9,23,15,16007KT,17,08
2006-09-23 18:00:00.000,2006,9,23,18,14014KT,20,08
2006-09-23 19:00:00.000,2006,9,23,19,14015KT,19,08
2006-09-23 20:00:00.000,2006,9,23,20,14010KT,18,07
2006-09-23 21:00:00.000,2006,9,23,21,12008KT,19,07
2006-09-23 22:00:00.000,2006,9,23,22,12006KT,19,06
2006-09-23 23:00:00.000,2006,9,23,23,12005KT,17,07
2006-09-24 00:00:00.000,2006,9,24,0,VRB02KT,15,08
2006-09-24 01:00:00.000,2006,9,24,1,23004KT,14,08
2006-09-24 02:00:00.000,2006,9,24,2,VRB02KT,13,08
2006-09-24 03:00:00.000,2006,9,24,3,00000KT,11,08
2006-09-24 04:00:00.000,2006,9,24,4,00000KT,11,08
2006-09-24 05:00:00.000,2006,9,24,5,01005KT,10,09
2006-09-24 06:00:00.000,2006,9,24,6,03005KT,11,09
2006-09-24 07:00:00.000,2006,9,24,7,02005KT,10,09
2006-09-24 08:00:00.000,2006,9,24,8,04004KT,09,08
2006-09-24 09:00:00.000,2006,9,24,9,06007KT,09,08
2006-09-24 10:00:00.000,2006,9,24,10,06008KT,11,08
2006-09-24 11:00:00.000,2006,9,24,11,07009KT,11,09
2006-09-24 12:00:00.000,2006,9,24,12,07005KT,12,09
2006-09-24 13:00:00.000,2006,9,24,13,08005KT,14,08
2006-09-24 14:00:00.000,2006,9,24,14,07007KT,15,08
2006-09-24 15:00:00.000,2006,9,24,15,08009KT,16,08
2006-09-24 16:00:00.000,2006,9,24,16,15010KT,18,09
2006-09-24 17:00:00.000,2006,9,24,17,12010KT,17,09
2006-09-24 18:00:00.000,2006,9,24,18,14014KT,16,11
2006-09-24 19:00:00.000,2006,9,24,19,15009KT,17,10
2006-09-24 20:00:00.000,2006,9,24,20,15007KT,17,09
2006-09-24 21:00:00.000,2006,9,24,21,13008KT,16,08
2006-09-24 22:00:00.000,2006,9,24,22,16008KT,15,09
2006-09-24 23:00:00.000,2006,9,24,23,14009KT,14,08
2006-09-25 00:00:00.000,2006,9,25,0,10007KT,14,08
2006-09-25 01:00:00.000,2006,9,25,1,10005KT,14,08
2006-09-25 02:00:00.000,2006,9,25,2,13007KT,14,07
2006-09-25 03:00:00.000,2006,9,25,3,10008KT,13,08
2006-09-25 05:00:00.000,2006,9,25,5,VRB02KT,12,09
2006-09-25 06:00:00.000,2006,9,25,6,VRB02KT,11,09
2006-09-25 07:00:00.000,2006,9,25,7,23003KT,11,09
2006-09-25 08:00:00.000,2006,9,25,8,00000KT,10,08
2006-09-25 09:00:00.000,2006,9,25,9,22004KT,10,09
2006-09-25 10:00:00.000,2006,9,25,10,00000KT,11,08
2006-09-25 11:00:00.000,2006,9,25,11,03003KT,10,08
2006-09-25 12:00:00.000,2006,9,25,12,VRB02KT,11,09
2006-09-25 13:00:00.000,2006,9,25,13,VRB02KT,14,09
2006-09-25 14:00:00.000,2006,9,25,14,13012KT,16,03
2006-09-25 16:00:00.000,2006,9,25,16,15012KT,18,06
2006-09-25 17:00:00.000,2006,9,25,17,15010KT,18,06
2006-09-25 18:00:00.000,2006,9,25,18,15012KT,20,07
2006-09-25 19:00:00.000,2006,9,25,19,15010KT,20,07
2006-09-25 20:00:00.000,2006,9,25,20,15007KT,19,07
2006-09-25 21:00:00.000,2006,9,25,21,22007KT,19,09
2006-09-25 22:00:00.000,2006,9,25,22,21005KT,17,10
2006-09-25 23:00:00.000,2006,9,25,23,27004KT,15,11
2006-09-26 00:00:00.000,2006,9,26,0,23004KT,14,11
2006-09-26 02:00:00.000,2006,9,26,2,15010KT,13,10
2006-09-26 04:00:00.000,2006,9,26,4,04005KT,11,10
2006-09-26 05:00:00.000,2006,9,26,5,08003KT,11,10
2006-09-26 07:00:00.000,2006,9,26,7,01003KT,09,09
2006-09-26 08:00:00.000,2006,9,26,8,08003KT,09,08
2006-09-26 09:00:00.000,2006,9,26,9,04004KT,09,08
2006-09-26 10:00:00.000,2006,9,26,10,01004KT,09,09
2006-09-26 11:00:00.000,2006,9,26,11,03003KT,09,09
2006-09-26 12:00:00.000,2006,9,26,12,VRB02KT,10,09
2006-09-26 13:00:00.000,2006,9,26,13,00000KT,13,09
2006-09-26 14:00:00.000,2006,9,26,14,04004KT,14,09
2006-09-26 15:00:00.000,2006,9,26,15,VRB02KT,16,09
2006-09-26 16:00:00.000,2006,9,26,16,VRB02KT,16,08
2006-09-26 17:00:00.000,2006,9,26,17,14010KT,18,09
2006-09-26 18:00:00.000,2006,9,26,18,12012KT,18,09
2006-09-26 19:00:00.000,2006,9,26,19,10012KT,19,09
2006-09-26 20:00:00.000,2006,9,26,20,14012KT,18,08
2006-09-26 21:00:00.000,2006,9,26,21,05006KT,17,08
2006-09-26 22:00:00.000,2006,9,26,22,10010KT,17,07
2006-09-26 23:00:00.000,2006,9,26,23,08010KT,15,08
2006-09-27 00:00:00.000,2006,9,27,0,14005KT,14,07
2006-09-27 01:00:00.000,2006,9,27,1,13005KT,14,07
2006-09-27 02:00:00.000,2006,9,27,2,08005KT,12,08
2006-09-27 03:00:00.000,2006,9,27,3,07005KT,12,09
2006-09-27 05:00:00.000,2006,9,27,5,02004KT,09,08
2006-09-27 06:00:00.000,2006,9,27,6,02003KT,09,08
2006-09-27 14:00:00.000,2006,9,27,14,VRB02KT,16,09
2006-09-27 15:00:00.000,2006,9,27,15,10012KT,18,06
2006-09-27 16:00:00.000,2006,9,27,16,09008KT,19,07
2006-09-27 17:00:00.000,2006,9,27,17,11007KT,18,06
2006-09-27 18:00:00.000,2006,9,27,18,10012KT,18,06
2006-09-27 19:00:00.000,2006,9,27,19,16010KT,20,06
2006-09-27 20:00:00.000,2006,9,27,20,14007KT,19,06
2006-09-27 21:00:00.000,2006,9,27,21,17007KT,18,05
2006-09-27 22:00:00.000,2006,9,27,22,14008KT,18,05
2006-09-27 23:00:00.000,2006,9,27,23,13005KT,16,06
2006-09-28 00:00:00.000,2006,9,28,0,12007KT,15,06
2006-09-28 01:00:00.000,2006,9,28,1,VRB02KT,13,07
2006-09-28 02:00:00.000,2006,9,28,2,VRB02KT,12,09
2006-09-28 03:00:00.000,2006,9,28,3,03005KT,10,07
2006-09-28 04:00:00.000,2006,9,28,4,VRB02KT,10,07
2006-09-28 05:00:00.000,2006,9,28,5,07005KT,11,07
2006-09-28 06:00:00.000,2006,9,28,6,03004KT,09,07
2006-09-28 07:00:00.000,2006,9,28,7,VRB02KT,09,07
2006-09-28 08:00:00.000,2006,9,28,8,02004KT,08,07
2006-09-28 09:00:00.000,2006,9,28,9,36004KT,07,07
2006-09-28 10:00:00.000,2006,9,28,10,29004KT,06,06
2006-09-28 11:00:00.000,2006,9,28,11,10004KT,08,07
2006-09-28 12:00:00.000,2006,9,28,12,00000KT,10,09
2006-09-28 13:00:00.000,2006,9,28,13,04007KT,13,09
2006-09-28 14:00:00.000,2006,9,28,14,12004KT,16,07
2006-09-28 15:00:00.000,2006,9,28,15,11010KT,18,05
2006-09-28 16:00:00.000,2006,9,28,16,16007KT,18,07
2006-09-28 17:00:00.000,2006,9,28,17,11010KT,18,07
2006-09-28 18:00:00.000,2006,9,28,18,16005KT,19,08
2006-09-28 19:00:00.000,2006,9,28,19,17005KT,18,08
2006-09-28 20:00:00.000,2006,9,28,20,14008KT,18,08
2006-09-28 21:00:00.000,2006,9,28,21,22004KT,18,08
2006-09-28 22:00:00.000,2006,9,28,22,02005KT,16,10
2006-09-28 23:00:00.000,2006,9,28,23,02005KT,14,10
2006-09-29 00:00:00.000,2006,9,29,0,33004KT,14,09
2006-09-29 01:00:00.000,2006,9,29,1,29004KT,14,10
2006-09-29 02:00:00.000,2006,9,29,2,04004KT,13,10
2006-09-29 03:00:00.000,2006,9,29,3,05009KT,13,10
2006-09-29 04:00:00.000,2006,9,29,4,02005KT,12,10
2006-09-29 05:00:00.000,2006,9,29,5,VRB02KT,12,10
2006-09-29 06:00:00.000,2006,9,29,6,VRB02KT,11,10
2006-09-29 07:00:00.000,2006,9,29,7,VRB002KT,11,10
2006-09-29 08:00:00.000,2006,9,29,8,28004KT,10,10
2006-09-29 09:00:00.000,2006,9,29,9,00000KT,10,09
2006-09-29 10:00:00.000,2006,9,29,10,VRB02KT,10,10
2006-09-29 11:00:00.000,2006,9,29,11,00000KT,09,09
2006-09-29 12:00:00.000,2006,9,29,12,03004KT,11,11
2006-09-29 13:00:00.000,2006,9,29,13,03005KT,13,11
2006-09-29 14:00:00.000,2006,9,29,14,01005KT,14,11
2006-09-29 15:00:00.000,2006,9,29,15,06007KT,16,10
2006-09-29 16:00:00.000,2006,9,29,16,21007KT,16,10
2006-09-29 17:00:00.000,2006,9,29,17,12004KT,14,12
2006-09-29 18:00:00.000,2006,9,29,18,14010KT,16,10
2006-09-29 19:00:00.000,2006,9,29,19,16011KT,17,10
2006-09-29 20:00:00.000,2006,9,29,20,17010KT,16,09
2006-09-29 21:00:00.000,2006,9,29,21,17011KT,16,09
2006-09-29 22:00:00.000,2006,9,29,22,16010KT,16,09
2006-09-29 23:00:00.000,2006,9,29,23,12005KT,15,09
2006-09-30 00:00:00.000,2006,9,30,0,15007KT,14,09
2006-09-30 01:00:00.000,2006,9,30,1,13006KT,13,09
2006-09-30 02:00:00.000,2006,9,30,2,VRB02KT,12,10
2006-09-30 03:00:00.000,2006,9,30,3,07003KT,11,10
2006-09-30 04:00:00.000,2006,9,30,4,VRB02KT,10,09
2006-09-30 05:00:00.000,2006,9,30,5,00000KT,09,08
2006-09-30 06:00:00.000,2006,9,30,6,VRB02KT,09,08
2006-09-30 07:00:00.000,2006,9,30,7,VRB02KT,09,08
2006-09-30 08:00:00.000,2006,9,30,8,28003KT,08,08
2006-09-30 09:00:00.000,2006,9,30,9,VRB02KT,08,08
2006-09-30 10:00:00.000,2006,9,30,10,00000KT,09,08
2006-09-30 15:00:00.000,2006,9,30,15,09009KT,16,09
2006-09-30 16:00:00.000,2006,9,30,16,12007KT,17,07
2006-09-30 17:00:00.000,2006,9,30,17,11007KT,17,08
2006-09-30 20:00:00.000,2006,9,30,20,19010KT,18,09
2006-09-30 21:00:00.000,2006,9,30,21,09006KT,16,09
2006-09-30 22:00:00.000,2006,9,30,22,110005KT,16,09
2006-10-01 00:00:00.000,2006,10,1,0,04005KT,13,10
2006-10-01 01:00:00.000,2006,10,1,1,05005KT,12,09
2006-10-01 02:00:00.000,2006,10,1,2,06003KT,11,09
2006-10-01 03:00:00.000,2006,10,1,3,03006KT,11,09
2006-10-01 04:00:00.000,2006,10,1,4,04005KT,12,09
2006-10-01 05:00:00.000,2006,10,1,5,03006KT,11,10
2006-10-01 06:00:00.000,2006,10,1,6,36004KT,11,09
2006-10-01 08:00:00.000,2006,10,1,8,00000KT,09,09
2006-10-01 09:00:00.000,2006,10,1,9,VRB02KT,09,09
2006-10-01 10:00:00.000,2006,10,1,10,00000KT,08,08
2006-10-01 11:00:00.000,2006,10,1,11,00000KT,08,08
2006-10-01 12:00:00.000,2006,10,1,12,VRB02KT,12,11
2006-10-01 13:00:00.000,2006,10,1,13,VRB02KT,15,11
2006-10-01 14:00:00.000,2006,10,1,14,VRB02KT,17,10
2006-10-01 15:00:00.000,2006,10,1,15,16004KT,18,09
2006-10-01 16:00:00.000,2006,10,1,16,10008KT,18,08
2006-10-01 17:00:00.000,2006,10,1,17,10010KT,18,08
2006-10-01 18:00:00.000,2006,10,1,18,11004KT,18,10
2006-10-01 19:00:00.000,2006,10,1,19,36007KT,17,10
2006-10-01 20:00:00.000,2006,10,1,20,03007KT,17,10
2006-10-01 21:00:00.000,2006,10,1,21,04007KT,17,10
2006-10-01 22:00:00.000,2006,10,1,22,10007KT,17,10
2006-10-01 23:00:00.000,2006,10,1,23,14004KT,16,10
2006-10-02 00:00:00.000,2006,10,2,0,VRB02KT,14,10
2006-10-02 01:00:00.000,2006,10,2,1,12004KT,14,10
2006-10-02 04:00:00.000,2006,10,2,4,04003KT,12,10
2006-10-02 08:00:00.000,2006,10,2,8,05005KT,11,10
2006-10-02 16:00:00.000,2006,10,2,16,10007KT,17,09
2006-10-02 17:00:00.000,2006,10,2,17,07012KT,17,09
2006-10-02 18:00:00.000,2006,10,2,18,05010KT,17,09
2006-10-02 19:00:00.000,2006,10,2,19,03006KT,17,09
2006-10-02 20:00:00.000,2006,10,2,20,02006KT,17,09
2006-10-02 21:00:00.000,2006,10,2,21,04004KT,17,09
2006-10-02 22:00:00.000,2006,10,2,22,18006KT,16,13
2006-10-02 23:00:00.000,2006,10,2,23,26006KT,14,13
2006-10-03 00:00:00.000,2006,10,3,0,03003KT,13,12
2006-10-03 02:00:00.000,2006,10,3,2,VRB02KT,12,11
2006-10-03 03:00:00.000,2006,10,3,3,VRB02KT,11,10
2006-10-03 04:00:00.000,2006,10,3,4,VRB02KT,10,10
2006-10-03 05:00:00.000,2006,10,3,5,00000KT,11,10
2006-10-03 08:00:00.000,2006,10,3,8,VRB02KT,11,11
2006-10-03 10:00:00.000,2006,10,3,10,VRB02KT,12,11
2006-10-03 11:00:00.000,2006,10,3,11,VRB02KT,11,11
2006-10-03 12:00:00.000,2006,10,3,12,VRB02KT,12,11
2006-10-03 14:00:00.000,2006,10,3,14,05004KT,14,12
2006-10-03 15:00:00.000,2006,10,3,15,VRB02KT,15,11
2006-10-03 16:00:00.000,2006,10,3,16,24004KT,17,11
2006-10-03 17:00:00.000,2006,10,3,17,01005KT,17,12
2006-10-03 20:00:00.000,2006,10,3,20,12005KT,16,11
2006-10-03 21:00:00.000,2006,10,3,21,00000KT,16,10
2006-10-03 22:00:00.000,2006,10,3,22,VRB02KT,17,10
2006-10-03 23:00:00.000,2006,10,3,23,VRB02KT,14,11
2006-10-04 00:00:00.000,2006,10,4,0,33003KT,13,12
2006-10-04 01:00:00.000,2006,10,4,1,26006KT,13,11
2006-10-04 02:00:00.000,2006,10,4,2,00000KT,12,11
2006-10-04 03:00:00.000,2006,10,4,3,00000KT,12,10
2006-10-04 05:00:00.000,2006,10,4,5,00000KT,10,09
2006-10-04 06:00:00.000,2006,10,4,6,00000KT,09,09
2006-10-04 07:00:00.000,2006,10,4,7,00000KT,09,09
2006-10-04 08:00:00.000,2006,10,4,8,00000KT,09,09
2006-10-04 09:00:00.000,2006,10,4,9,23003KT,09,09
2006-10-04 10:00:00.000,2006,10,4,10,00000KT,09,09
2006-10-04 11:00:00.000,2006,10,4,11,04006KT,09,09
2006-10-04 12:00:00.000,2006,10,4,12,06007KT,11,11
2006-10-04 13:00:00.000,2006,10,4,13,07005KT,13,11
2006-10-04 14:00:00.000,2006,10,4,14,07009KT,14,11
2006-10-04 15:00:00.000,2006,10,4,15,07007KT,15,11
2006-10-04 16:00:00.000,2006,10,4,16,06004KT,15,12
2006-10-04 17:00:00.000,2006,10,4,17,14005KT,16,12
2006-10-04 19:00:00.000,2006,10,4,19,07007KT,18,11
2006-10-04 20:00:00.000,2006,10,4,20,15007KT,17,10
2006-10-04 21:00:00.000,2006,10,4,21,10006KT,17,10
2006-10-04 22:00:00.000,2006,10,4,22,08005KT,17,10
2006-10-04 23:00:00.000,2006,10,4,23,09004KT,15,10
2006-10-05 00:00:00.000,2006,10,5,0,08005KT,14,10
2006-10-05 01:00:00.000,2006,10,5,1,08005KT,13,10
2006-10-05 02:00:00.000,2006,10,5,2,02004KT,11,09
2006-10-05 03:00:00.000,2006,10,5,3,01004KT,10,09
2006-10-05 04:00:00.000,2006,10,5,4,VRB02KT,10,09
2006-10-05 06:00:00.000,2006,10,5,6,00000KT,10,09
2006-10-05 07:00:00.000,2006,10,5,7,VRB02KT,11,10
2006-10-05 08:00:00.000,2006,10,5,8,02005KT,10,09
2006-10-05 09:00:00.000,2006,10,5,9,04005KT,11,10
2006-10-05 10:00:00.000,2006,10,5,10,04005KT,11,10
2006-10-05 11:00:00.000,2006,10,5,11,05004KT,11,10
2006-10-05 12:00:00.000,2006,10,5,12,04005KT,13,10
2006-10-05 13:00:00.000,2006,10,5,13,04007KT,14,10
2006-10-05 14:00:00.000,2006,10,5,14,06007KT,16,10
2006-10-05 15:00:00.000,2006,10,5,15,09010KT,16,10
2006-10-05 16:00:00.000,2006,10,5,16,14011KT,17,09
2006-10-05 17:00:00.000,2006,10,5,17,10010KT,17,09
2006-10-05 18:00:00.000,2006,10,5,18,10010KT,16,09
2006-10-05 20:00:00.000,2006,10,5,20,09005KT,17,10
2006-10-05 21:00:00.000,2006,10,5,21,13005KT,17,09
2006-10-05 22:00:00.000,2006,10,5,22,06008KT,17,09
2006-10-05 23:00:00.000,2006,10,5,23,10008KT,16,09
2006-10-06 00:00:00.000,2006,10,6,0,11005KT,15,09
2006-10-06 01:00:00.000,2006,10,6,1,09004KT,14,09
2006-10-06 02:00:00.000,2006,10,6,2,04005KT,14,10
2006-10-06 03:00:00.000,2006,10,6,3,05005KT,14,11
2006-10-06 07:00:00.000,2006,10,6,7,04004KT,12,11
2006-10-06 08:00:00.000,2006,10,6,8,02005KT,12,11
2006-10-06 09:00:00.000,2006,10,6,9,VRB02KT,11,11
2006-10-06 10:00:00.000,2006,10,6,10,01004KT,11,11
2006-10-06 11:00:00.000,2006,10,6,11,15009KT,13,10
2006-10-06 12:00:00.000,2006,10,6,12,12007KT,14,08
2006-10-06 14:00:00.000,2006,10,6,14,15008KT,16,08
2006-10-06 15:00:00.000,2006,10,6,15,12010KT,16,09
2006-10-06 16:00:00.000,2006,10,6,16,13005KT,16,08
2006-10-06 17:00:00.000,2006,10,6,17,13010KT,17,08
2006-10-06 18:00:00.000,2006,10,6,18,14015KT,17,08
2006-10-06 19:00:00.000,2006,10,6,19,12009KT,17,08
2006-10-06 20:00:00.000,2006,10,6,20,15009KT,18,08
2006-10-06 21:00:00.000,2006,10,6,21,12007KT,18,07
2006-10-06 22:00:00.000,2006,10,6,22,09007KT,17,09
2006-10-06 23:00:00.000,2006,10,6,23,08006KT,15,09
2006-10-07 00:00:00.000,2006,10,7,0,09007KT,15,08
2006-10-07 01:00:00.000,2006,10,7,1,10005KT,13,09
2006-10-07 02:00:00.000,2006,10,7,2,03006KT,11,09
2006-10-07 03:00:00.000,2006,10,7,3,01004KT,11,09
2006-10-07 04:00:00.000,2006,10,7,4,00000KT,10,09
2006-10-07 05:00:00.000,2006,10,7,5,00000KT,09,08
2006-10-07 06:00:00.000,2006,10,7,6,01004KT,10,09
2006-10-07 07:00:00.000,2006,10,7,7,VRB02KT,10,09
2006-10-07 08:00:00.000,2006,10,7,8,VRB02KT,10,09
2006-10-07 09:00:00.000,2006,10,7,9,00000KT,10,09
2006-10-07 10:00:00.000,2006,10,7,10,VRB02KT,10,09
2006-10-07 11:00:00.000,2006,10,7,11,02005KT,09,08
2006-10-07 12:00:00.000,2006,10,7,12,04003KT,12,10
2006-10-07 13:00:00.000,2006,10,7,13,07004KT,15,10
2006-10-07 14:00:00.000,2006,10,7,14,07010KT,16,08
2006-10-07 15:00:00.000,2006,10,7,15,09013KT,19,07
2006-10-07 18:00:00.000,2006,10,7,18,11012KT,18,07
2006-10-07 19:00:00.000,2006,10,7,19,11012KT,19,07
2006-10-07 20:00:00.000,2006,10,7,20,13013KT,18,09
2006-10-07 21:00:00.000,2006,10,7,21,16013KT,18,08
2006-10-07 22:00:00.000,2006,10,7,22,15009KT,17,08
2006-10-07 23:00:00.000,2006,10,7,23,13009KT,16,09
2006-10-08 00:00:00.000,2006,10,8,0,11007KT,16,09
2006-10-08 01:00:00.000,2006,10,8,1,11008KT,16,09
2006-10-08 02:00:00.000,2006,10,8,2,11008KT,16,09
2006-10-08 03:00:00.000,2006,10,8,3,07005KT,14,08
2006-10-08 04:00:00.000,2006,10,8,4,04005KT,13,09
2006-10-08 05:00:00.000,2006,10,8,5,01005KT,12,10
2006-10-08 06:00:00.000,2006,10,8,6,06007KT,12,011
2006-10-08 07:00:00.000,2006,10,8,7,VRB02KT,11,10
2006-10-08 09:00:00.000,2006,10,8,9,00000KT,09,09
2006-10-08 10:00:00.000,2006,10,8,10,29004KT,08,08
2006-10-08 11:00:00.000,2006,10,8,11,VRB02KT,08,08
2006-10-08 12:00:00.000,2006,10,8,12,01005KT,11,10
2006-10-08 13:00:00.000,2006,10,8,13,VRB02KT,13,12
2006-10-08 14:00:00.000,2006,10,8,14,14003KT,16,11
2006-10-08 15:00:00.000,2006,10,8,15,13008KT,18,08
2006-10-08 16:00:00.000,2006,10,8,16,12010KT,18,08
2006-10-08 17:00:00.000,2006,10,8,17,18010KT,16,08
2006-10-08 18:00:00.000,2006,10,8,18,08010KT,16,08
2006-10-08 19:00:00.000,2006,10,8,19,12007KT,16,09
2006-10-08 20:00:00.000,2006,10,8,20,09005KT,18,08
2006-10-08 21:00:00.000,2006,10,8,21,09004KT,17,08
2006-10-08 22:00:00.000,2006,10,8,22,14004KT,17,06
2006-10-08 23:00:00.000,2006,10,8,23,02005KT,15,08
2006-10-09 00:00:00.000,2006,10,9,0,VRB02KT,15,12
2006-10-09 01:00:00.000,2006,10,9,1,VRB02KT,12,11
2006-10-09 02:00:00.000,2006,10,9,2,00000KT,11,10
2006-10-09 03:00:00.000,2006,10,9,3,00000KT,10,10
2006-10-09 04:00:00.000,2006,10,9,4,01004KT,10,09
2006-10-09 05:00:00.000,2006,10,9,5,00000KT,09,08
2006-10-09 06:00:00.000,2006,10,9,6,04004KT,08,08
2006-10-09 07:00:00.000,2006,10,9,7,00000KT,07,07
2006-10-09 08:00:00.000,2006,10,9,8,00000KT,06,06
2006-10-09 09:00:00.000,2006,10,9,9,00000KT,08,07
2006-10-09 10:00:00.000,2006,10,9,10,00000KT,08,07
2006-10-09 11:00:00.000,2006,10,9,11,00000KT,08,08
2006-10-09 12:00:00.000,2006,10,9,12,VRB02KT,09,09
2006-10-09 13:00:00.000,2006,10,9,13,03004KT,13,10
2006-10-09 14:00:00.000,2006,10,9,14,VRB02KT,17,10
2006-10-09 15:00:00.000,2006,10,9,15,05003KT,17,10
2006-10-09 16:00:00.000,2006,10,9,16,VRB02KT,17,09
2006-10-09 17:00:00.000,2006,10,9,17,16003KT,19,09
2006-10-09 18:00:00.000,2006,10,9,18,18004KT,18,09
2006-10-09 19:00:00.000,2006,10,9,19,10004KT,17,11
2006-10-09 20:00:00.000,2006,10,9,20,30004KT,17,11
2006-10-09 21:00:00.000,2006,10,9,21,16006KT,17,10
2006-10-09 22:00:00.000,2006,10,9,22,14006KT,17,10
2006-10-09 23:00:00.000,2006,10,9,23,27003KT,15,13
2006-10-10 00:00:00.000,2006,10,10,0,VRB02KT,14,13
2006-10-10 01:00:00.000,2006,10,10,1,VRB02KT,13,12
2006-10-10 02:00:00.000,2006,10,10,2,33003KT,13,12
2006-10-10 03:00:00.000,2006,10,10,3,VRB02KT,12,11
2006-10-10 05:00:00.000,2006,10,10,5,VRB02KT,12,11
2006-10-10 07:00:00.000,2006,10,10,7,VRB02KT,11,11
2006-10-10 08:00:00.000,2006,10,10,8,VRB02KT,11,10
2006-10-10 10:00:00.000,2006,10,10,10,00000KT,10,10
2006-10-10 11:00:00.000,2006,10,10,11,00000KT,10,10
2006-10-10 12:00:00.000,2006,10,10,12,02004KT,12,11
2006-10-10 13:00:00.000,2006,10,10,13,03003KT,14,12
2006-10-10 15:00:00.000,2006,10,10,15,VRB02KT,17,11
2006-10-10 17:00:00.000,2006,10,10,17,20004KT,20,11
2006-10-10 18:00:00.000,2006,10,10,18,03007KT,20,10
2006-10-10 19:00:00.000,2006,10,10,19,24010KT,17,14
2006-10-10 20:00:00.000,2006,10,10,20,21005KT,12,11
2006-10-10 21:00:00.000,2006,10,10,21,17004KT,14,12
2006-10-10 22:00:00.000,2006,10,10,22,33004KT,16,14
2006-10-10 23:00:00.000,2006,10,10,23,VRB02KT,14,12
2006-10-11 00:00:00.000,2006,10,11,0,16005KT,14,12
2006-10-11 02:00:00.000,2006,10,11,2,00000KT,12,11
2006-10-11 03:00:00.000,2006,10,11,3,VRB02KT,12,11
2006-10-11 04:00:00.000,2006,10,11,4,03007KT,13,11
2006-10-11 05:00:00.000,2006,10,11,5,01005KT,12,11
2006-10-11 06:00:00.000,2006,10,11,6,00000KT,12,11
2006-10-11 07:00:00.000,2006,10,11,7,VRB02KT,12,11
2006-10-11 09:00:00.000,2006,10,11,9,02004KT,12,11
2006-10-11 10:00:00.000,2006,10,11,10,04005KT,12,11
2006-10-11 11:00:00.000,2006,10,11,11,02005KT,11,10
2006-10-11 12:00:00.000,2006,10,11,12,05005KT,14,12
2006-10-11 13:00:00.000,2006,10,11,13,03006KT,15,12
2006-10-11 14:00:00.000,2006,10,11,14,08006KT,16,10
2006-10-11 15:00:00.000,2006,10,11,15,VRB02KT,16,10
2006-10-11 19:00:00.000,2006,10,11,19,24012KT,17,13
2006-10-11 21:00:00.000,2006,10,11,21,30006KT,14,13
2006-10-11 22:00:00.000,2006,10,11,22,32003KT,15,13
2006-10-11 23:00:00.000,2006,10,11,23,34003KT,14,13
2006-10-12 00:00:00.000,2006,10,12,0,VRB02KT,14,13
2006-10-12 01:00:00.000,2006,10,12,1,36003KT,13,12
2006-10-12 02:00:00.000,2006,10,12,2,28003KT,13,12
2006-10-12 03:00:00.000,2006,10,12,3,VRB02KT,13,12
2006-10-12 04:00:00.000,2006,10,12,4,VRB02KT,13,12
2006-10-12 05:00:00.000,2006,10,12,5,19003KT,12,11
2006-10-12 06:00:00.000,2006,10,12,6,VRB02KT,11,11
2006-10-12 07:00:00.000,2006,10,12,7,34003KT,10,10
2006-10-12 08:00:00.000,2006,10,12,8,VRB02KT,10,09
2006-10-12 09:00:00.000,2006,10,12,9,00000KT,09,09
2006-10-12 10:00:00.000,2006,10,12,10,18003KT,10,09
2006-10-12 11:00:00.000,2006,10,12,11,00000KT,10,09
2006-10-12 13:00:00.000,2006,10,12,13,01003KT,14,12
2006-10-12 14:00:00.000,2006,10,12,14,05003KT,16,13
2006-10-12 16:00:00.000,2006,10,12,16,28006KT,19,13
2006-10-12 17:00:00.000,2006,10,12,17,35006KT,12,12
2006-10-12 18:00:00.000,2006,10,12,18,25007KT,12,12
2006-10-12 20:00:00.000,2006,10,12,20,VRB02KT,12,12
2006-10-12 21:00:00.000,2006,10,12,21,VRB02KT,14,13
2006-10-12 22:00:00.000,2006,10,12,22,00000KT,15,13
2006-10-12 23:00:00.000,2006,10,12,23,VRB02KT,14,13
2006-10-13 00:00:00.000,2006,10,13,0,24004KT,14,13
2006-10-13 01:00:00.000,2006,10,13,1,VRB02KT,13,13
2006-10-13 02:00:00.000,2006,10,13,2,VRB02KT,13,13
2006-10-13 03:00:00.000,2006,10,13,3,VRB02KT,13,13
2006-10-13 04:00:00.000,2006,10,13,4,00000KT,13,12
2006-10-13 05:00:00.000,2006,10,13,5,30005KT,13,12
2006-10-13 06:00:00.000,2006,10,13,6,29003KT,12,12
2006-10-13 07:00:00.000,2006,10,13,7,30002KT,,
2006-10-13 08:00:00.000,2006,10,13,8,VRB02KT,12,12
2006-10-13 09:00:00.000,2006,10,13,9,30006KT,12,11
2006-10-13 10:00:00.000,2006,10,13,10,20004KT,11,11
2006-10-13 11:00:00.000,2006,10,13,11,00000KT,10,10
2006-10-13 12:00:00.000,2006,10,13,12,00000KT,11,10
2006-10-13 13:00:00.000,2006,10,13,13,00000KT,12,12
2006-10-13 14:00:00.000,2006,10,13,14,00000KT,14,13
2006-10-13 15:00:00.000,2006,10,13,15,VRB02KT,16,13
2006-10-13 16:00:00.000,2006,10,13,16,32006KT,17,13
2006-10-13 17:00:00.000,2006,10,13,17,32010KT,17,14
2006-10-13 18:00:00.000,2006,10,13,18,20008KT,13,13
2006-10-13 19:00:00.000,2006,10,13,19,20006KT,14,14
2006-10-13 20:00:00.000,2006,10,13,20,VRB02KT,15,14
2006-10-13 21:00:00.000,2006,10,13,21,23003KT,16,14
2006-10-13 22:00:00.000,2006,10,13,22,25006KT,15,15
2006-10-13 23:00:00.000,2006,10,13,23,01004KT,14,14
2006-10-14 00:00:00.000,2006,10,14,0,34003KT,13,12
2006-10-14 03:00:00.000,2006,10,14,3,04005KT,12,11
2006-10-14 04:00:00.000,2006,10,14,4,VRB02KT,12,11
2006-10-14 05:00:00.000,2006,10,14,5,VRB02KT,11,11
2006-10-14 06:00:00.000,2006,10,14,6,02003KT,11,11
2006-10-14 07:00:00.000,2006,10,14,7,08004KT,12,11
2006-10-14 08:00:00.000,2006,10,14,8,VRB02KT,11,10
2006-10-14 09:00:00.000,2006,10,14,9,34003KT,11,10
2006-10-14 10:00:00.000,2006,10,14,10,00000KT,10,09
2006-10-14 11:00:00.000,2006,10,14,11,VRB02KT,09,09
2006-10-14 12:00:00.000,2006,10,14,12,00000KT,10,10
2006-10-14 13:00:00.000,2006,10,14,13,13003KT,12,11
2006-10-14 14:00:00.000,2006,10,14,14,29003KT,15,13
2006-10-14 15:00:00.000,2006,10,14,15,23003KT,17,13
2006-10-14 17:00:00.000,2006,10,14,17,27010KT,17,12
2006-10-14 18:00:00.000,2006,10,14,18,22008KT,15,12
2006-10-14 19:00:00.000,2006,10,14,19,22005KT,16,13
2006-10-14 21:00:00.000,2006,10,14,21,28011KT,16,14
2006-10-14 22:00:00.000,2006,10,14,22,27008KT,14,13
2006-10-14 23:00:00.000,2006,10,14,23,25006KT,13,13
2006-10-15 00:00:00.000,2006,10,15,0,21003KT,13,12
2006-10-15 01:00:00.000,2006,10,15,1,00000KT,13,12
2006-10-15 02:00:00.000,2006,10,15,2,33005KT,13,12
2006-10-15 03:00:00.000,2006,10,15,3,10005KT,11,11
2006-10-15 05:00:00.000,2006,10,15,5,09005KT,11,11
2006-10-15 06:00:00.000,2006,10,15,6,VRB02KT,11,11
2006-10-15 07:00:00.000,2006,10,15,7,10003KT,10,10
2006-10-15 08:00:00.000,2006,10,15,8,00000KT,10,10
2006-10-15 09:00:00.000,2006,10,15,9,00000KT,10,10
2006-10-15 10:00:00.000,2006,10,15,10,00000KT,10,10
2006-10-15 11:00:00.000,2006,10,15,11,08003KT,10,10
2006-10-15 12:00:00.000,2006,10,15,12,35003KT,11,11
2006-10-15 13:00:00.000,2006,10,15,13,36003KT,12,11
2006-10-15 14:00:00.000,2006,10,15,14,36003KT,13,12
2006-10-15 15:00:00.000,2006,10,15,15,35003KT,15,12
2006-10-19 18:00:00.000,2006,10,19,18,28005KT,18,12
2006-10-19 19:00:00.000,2006,10,19,19,28009KT,18,13
2006-10-19 20:00:00.000,2006,10,19,20,23008KT,18,14
2006-10-19 22:00:00.000,2006,10,19,22,27006KT,16,12
2006-10-25 20:00:00.000,2006,10,25,20,25007KT,18,12
2006-10-26 04:00:00.000,2006,10,26,4,VRB02KT,11,10
2006-10-26 13:00:00.000,2006,10,26,13,06004KT,14,10
2006-10-26 14:00:00.000,2006,10,26,14,VRB02KT,16,08
2006-10-26 18:00:00.000,2006,10,26,18,19007KT,18,11
2006-10-26 21:00:00.000,2006,10,26,21,26006KT,15,13
2006-10-26 23:00:00.000,2006,10,26,23,24004KT,13,12
2006-10-27 13:00:00.000,2006,10,27,13,05006KT,13,12
2006-10-27 14:00:00.000,2006,10,27,14,05006KT,16,12
2006-10-27 16:00:00.000,2006,10,27,16,08005KT,18,11
2006-10-27 17:00:00.000,2006,10,27,17,16010KT,18,10
2006-10-27 18:00:00.000,2006,10,27,18,15008KT,19,11
2006-10-27 20:00:00.000,2006,10,27,20,34008KT,15,13
2006-10-27 21:00:00.000,2006,10,27,21,24008KT,16,13
2006-10-27 22:00:00.000,2006,10,27,22,23004KT,16,13
2006-10-27 23:00:00.000,2006,10,27,23,21004KT,14,12
2006-10-28 00:00:00.000,2006,10,28,0,28003KT,13,11
2006-10-28 01:00:00.000,2006,10,28,1,00000KT,12,11
2006-10-28 02:00:00.000,2006,10,28,2,00000KT,12,11
2006-10-28 03:00:00.000,2006,10,28,3,00000KT,12,11
2006-10-28 04:00:00.000,2006,10,28,4,07004KT,13,11
2006-10-28 05:00:00.000,2006,10,28,5,35004KT,12,11
2006-10-28 06:00:00.000,2006,10,28,6,VRB02KT,12,11
2006-10-28 09:00:00.000,2006,10,28,9,92995KT,10,10
2006-10-28 12:00:00.000,2006,10,28,12,33003KT,11,11
2006-10-28 13:00:00.000,2006,10,28,13,VRB02KT,14,12
2006-10-28 14:00:00.000,2006,10,28,14,05004KT,17,12
2006-10-28 16:00:00.000,2006,10,28,16,23003KT,18,10
2006-10-28 17:00:00.000,2006,10,28,17,06006KT,18,11
2006-10-28 18:00:00.000,2006,10,28,18,02010KT,18,11
2006-10-28 20:00:00.000,2006,10,28,20,24006KT,14,13
2006-10-28 21:00:00.000,2006,10,28,21,23008KT,14,13
2006-10-28 22:00:00.000,2006,10,28,22,25003KT,15,13
2006-10-28 23:00:00.000,2006,10,28,23,34004KT,13,12
2006-10-29 00:00:00.000,2006,10,29,0,29003KT,12,11
2006-10-29 01:00:00.000,2006,10,29,1,VRB02KT,12,11
2006-10-29 02:00:00.000,2006,10,29,2,VRB02KT,11,11
2006-10-29 03:00:00.000,2006,10,29,3,25003KT,11,10
2006-10-29 04:00:00.000,2006,10,29,4,26003KT,10,10
2006-10-29 06:00:00.000,2006,10,29,6,00000KT,10,09
2006-10-29 07:00:00.000,2006,10,29,7,VRB02KT,10,09
2006-10-29 08:00:00.000,2006,10,29,8,00000KT,08,07
2006-10-29 09:00:00.000,2006,10,29,9,00000KT,07,07
2006-10-29 10:00:00.000,2006,10,29,10,00000KT,06,06
2006-10-29 11:00:00.000,2006,10,29,11,00000KT,06,06
2006-10-29 15:00:00.000,2006,10,29,15,VRB02KT,17,13
2006-10-29 16:00:00.000,2006,10,29,16,00000KT,18,11
2006-10-29 17:00:00.000,2006,10,29,17,00000KT,19,12
2006-10-29 18:00:00.000,2006,10,29,18,22003KT,17,12
2006-10-29 19:00:00.000,2006,10,29,19,24010KT,15,14
2006-10-29 21:00:00.000,2006,10,29,21,24005KT,16,13
2006-10-29 22:00:00.000,2006,10,29,22,VRB02KT,16,13
2006-10-29 23:00:00.000,2006,10,29,23,VRB02KT,14,13
2006-10-30 00:00:00.000,2006,10,30,0,VRB02KT,13,13
2006-10-30 01:00:00.000,2006,10,30,1,26004KT,12,12
2006-10-30 02:00:00.000,2006,10,30,2,VRB02KT,11,11
2006-10-30 03:00:00.000,2006,10,30,3,00000KT,11,11
2006-10-30 04:00:00.000,2006,10,30,4,VRB02KT,10,10
2006-10-30 05:00:00.000,2006,10,30,5,VRB02KT,10,09
2006-10-30 07:00:00.000,2006,10,30,7,26004KT,09,09
2006-10-30 10:00:00.000,2006,10,30,10,00000KT,09,08
2006-10-30 11:00:00.000,2006,10,30,11,VRB02KT,08,08
2006-10-30 12:00:00.000,2006,10,30,12,VRB02KT,11,10
2006-10-30 14:00:00.000,2006,10,30,14,VRB02KT,16,12
2006-10-30 15:00:00.000,2006,10,30,15,04005KT,18,12
2006-10-30 16:00:00.000,2006,10,30,16,06005KT,19,11
2006-10-30 17:00:00.000,2006,10,30,17,VRB02KT,19,11
2006-10-30 21:00:00.000,2006,10,30,21,29006KT,13,12
2006-10-30 23:00:00.000,2006,10,30,23,29003KT,13,12
2006-10-31 01:00:00.000,2006,10,31,1,VRB02KT,12,11
2006-10-31 02:00:00.000,2006,10,31,2,VRB02KT,11,11
2006-10-31 04:00:00.000,2006,10,31,4,VRB02KT,11,10
2006-10-31 05:00:00.000,2006,10,31,5,31004KT,11,10
2006-10-31 09:00:00.000,2006,10,31,9,VRB02KT,11,11
2006-10-31 10:00:00.000,2006,10,31,10,04003KT,11,11
2006-10-31 11:00:00.000,2006,10,31,11,VRB02KT,11,11
2006-10-31 12:00:00.000,2006,10,31,12,24004KT,12,11
2006-10-31 13:00:00.000,2006,10,31,13,VRB02KT,13,13
2006-10-31 15:00:00.000,2006,10,31,15,32006KT,16,12
2006-10-31 16:00:00.000,2006,10,31,16,22003KT,18,11
2006-10-31 17:00:00.000,2006,10,31,17,30006KT,19,11
2006-11-01 01:00:00.000,2006,11,1,1,00000KT,13,12
2006-11-01 02:00:00.000,2006,11,1,2,00000KT,13,12
2006-11-01 03:00:00.000,2006,11,1,3,33003KT,13,12
2006-11-01 04:00:00.000,2006,11,1,4,32004KT,12,12
2006-11-01 06:00:00.000,2006,11,1,6,00000KT,12,11
2006-11-01 07:00:00.000,2006,11,1,7,27003KT,12,11
2006-11-01 08:00:00.000,2006,11,1,8,00000KT,12,11
2006-11-01 09:00:00.000,2006,11,1,9,29004KT,11,11
2006-11-01 10:00:00.000,2006,11,1,10,00000KT,11,10
2006-11-01 11:00:00.000,2006,11,1,11,28004KT,11,11
2006-11-01 12:00:00.000,2006,11,1,12,00000KT,11,11
2006-11-01 13:00:00.000,2006,11,1,13,VRB02KT,12,10
2006-11-01 14:00:00.000,2006,11,1,14,22004KT,14,12
2006-11-01 15:00:00.000,2006,11,1,15,24004KT,15,11
2006-11-01 16:00:00.000,2006,11,1,16,27004KT,17,10
2006-11-01 17:00:00.000,2006,11,1,17,31004KT,19,10
2006-11-01 18:00:00.000,2006,11,1,18,29010KT,18,12
2006-11-01 20:00:00.000,2006,11,1,20,27011KT,18,13
2006-11-01 21:00:00.000,2006,11,1,21,27012KT,17,13
2006-11-01 23:00:00.000,2006,11,1,23,28007KT,14,13
2006-11-02 01:00:00.000,2006,11,2,1,32004KT,13,12
2006-11-02 02:00:00.000,2006,11,2,2,33006KT,12,11
2006-11-02 03:00:00.000,2006,11,2,3,32005KT,12,11
2006-11-02 04:00:00.000,2006,11,2,4,31003KT,12,11
2006-11-02 05:00:00.000,2006,11,2,5,VRB02KT,12,11
2006-11-02 06:00:00.000,2006,11,2,6,28003KT,12,11
2006-11-09 01:00:00.000,2006,11,9,1,VRB02KT,13,12
2006-11-09 03:00:00.000,2006,11,9,3,00000KT,12,11
2006-11-09 04:00:00.000,2006,11,9,4,29004KT,12,11
2006-11-09 05:00:00.000,2006,11,9,5,VRB02KT,12,11
2006-11-09 16:00:00.000,2006,11,9,16,17006KT,16,13
2006-11-09 18:00:00.000,2006,11,9,18,00000KT,19,11
2006-11-09 21:00:00.000,2006,11,9,21,VRB02KT,15,14
2006-11-09 23:00:00.000,2006,11,9,23,00000KT,13,13
2006-11-10 01:00:00.000,2006,11,10,1,36005KT,13,13
2006-11-10 02:00:00.000,2006,11,10,2,VRB02KT,13,13
2006-11-10 03:00:00.000,2006,11,10,3,09004KT,13,13
2006-11-10 04:00:00.000,2006,11,10,4,VRB03KT,12,12
2006-11-10 05:00:00.000,2006,11,10,5,VRB02KT,12,11
2006-11-10 09:00:00.000,2006,11,10,9,00000KT,11,11
2006-11-10 17:00:00.000,2006,11,10,17,36007KT,16,11
2006-11-10 18:00:00.000,2006,11,10,18,10006KT,18,10
2006-11-10 21:00:00.000,2006,11,10,21,20006KT,17,13
2006-11-11 08:00:00.000,2006,11,11,8,VRB02KT,11,11
2006-11-11 09:00:00.000,2006,11,11,9,VRB02KT,11,10
2006-11-11 11:00:00.000,2006,11,11,11,02003KT,10,10
2006-11-11 12:00:00.000,2006,11,11,12,04004KT,12,12
2006-11-11 13:00:00.000,2006,11,11,13,05006KT,15,11
2006-11-11 14:00:00.000,2006,11,11,14,09006KT,17,09
2006-11-11 15:00:00.000,2006,11,11,15,07008KT,17,10
2006-11-11 16:00:00.000,2006,11,11,16,07010KT,18,08
2006-11-11 18:00:00.000,2006,11,11,18,10010KT,20,09
2006-11-14 02:00:00.000,2006,11,14,2,VRB02KT,12,11
2006-11-14 03:00:00.000,2006,11,14,3,VRB02KT,12,11
2006-11-14 08:00:00.000,2006,11,14,8,00000KT,12,11
2006-11-14 09:00:00.000,2006,11,14,9,00000KT,11,11
2006-11-14 12:00:00.000,2006,11,14,12,00000KT,12,12
2006-11-15 00:00:00.000,2006,11,15,0,VRB02KT,13,12
2006-11-15 01:00:00.000,2006,11,15,1,29004KT,12,12
2006-11-15 02:00:00.000,2006,11,15,2,30006KT,12,12
2006-11-15 03:00:00.000,2006,11,15,3,25006KT,14,11
2006-11-15 05:00:00.000,2006,11,15,5,00000KT,12,11
2006-11-15 07:00:00.000,2006,11,15,7,00000KT,11,11
2006-11-15 15:00:00.000,2006,11,15,15,08005KT,14,11
2006-11-15 17:00:00.000,2006,11,15,17,19004KT,14,11
2006-11-15 19:00:00.000,2006,11,15,19,11007KT,14,12
2006-11-15 21:00:00.000,2006,11,15,21,VRB02KT,14,12
2006-11-15 22:00:00.000,2006,11,15,22,VRB02KT,14,12
2006-11-16 01:00:00.000,2006,11,16,1,27005KT,12,11
2006-11-16 02:00:00.000,2006,11,16,2,28004KT,11,11
2006-11-16 04:00:00.000,2006,11,16,4,00000KT,11,10
2006-11-16 12:00:00.000,2006,11,16,12,28004KT,11,10
2006-11-16 17:00:00.000,2006,11,16,17,29007KT,17,09
2006-11-16 18:00:00.000,2006,11,16,18,32010KT,18,09
2006-11-16 19:00:00.000,2006,11,16,19,36010KT,17,10
2006-11-16 21:00:00.000,2006,11,16,21,32008KT,16,12
2006-11-16 22:00:00.000,2006,11,16,22,27010KT,14,12
2006-11-16 23:00:00.000,2006,11,16,23,32008KT,13,11
2006-11-17 00:00:00.000,2006,11,17,0,07004KT,12,11
2006-11-17 01:00:00.000,2006,11,17,1,VRB02KT,12,11
2006-11-17 02:00:00.000,2006,11,17,2,VRB02KT,11,11
2006-11-17 04:00:00.000,2006,11,17,4,00000KT,11,11
2006-11-17 10:00:00.000,2006,11,17,10,00000KT,10,10
2006-11-17 11:00:00.000,2006,11,17,11,00000KT,10,10
2006-11-17 13:00:00.000,2006,11,17,13,02003KT,12,11
2006-11-17 14:00:00.000,2006,11,17,14,01003KT,14,13
2006-11-17 20:00:00.000,2006,11,17,20,24012KT,14,13
2006-11-17 21:00:00.000,2006,11,17,21,21006KT,14,13
2006-11-17 22:00:00.000,2006,11,17,22,00000KT,13,12
2006-11-17 23:00:00.000,2006,11,17,23,00000KT,13,12
2006-11-18 00:00:00.000,2006,11,18,0,VRB02KT,12,11
2006-11-18 02:00:00.000,2006,11,18,2,VRB02KT,11,11
2006-11-18 03:00:00.000,2006,11,18,3,00000KT,12,11
2006-11-18 11:00:00.000,2006,11,18,11,00000KT,07,07
2006-11-18 12:00:00.000,2006,11,18,12,04003KT,09,09
2006-11-18 13:00:00.000,2006,11,18,13,06003KT,12,11
2006-11-18 14:00:00.000,2006,11,18,14,04003KT,15,11
2006-11-18 15:00:00.000,2006,11,18,15,13005KT,15,10
2006-11-18 16:00:00.000,2006,11,18,16,15008KT,17,11
2006-11-18 17:00:00.000,2006,11,18,17,15008KT,18,10
2006-11-18 20:00:00.000,2006,11,18,20,25010KT,14,13
2006-11-18 21:00:00.000,2006,11,18,21,27004KT,11,13
2006-11-18 23:00:00.000,2006,11,18,23,00000KT,13,12
2006-11-19 00:00:00.000,2006,11,19,0,00000KT,12,11
2006-11-19 01:00:00.000,2006,11,19,1,VRB02KT,12,11
2006-11-19 02:00:00.000,2006,11,19,2,VRB02KT,11,11
2006-11-19 03:00:00.000,2006,11,19,3,02004KT,11,11
2006-11-19 07:00:00.000,2006,11,19,7,00000KT,09,09
2006-11-19 08:00:00.000,2006,11,19,8,VRB03KT,09,08
2006-11-19 12:00:00.000,2006,11,19,12,VRB02KT,09,08
2006-11-19 13:00:00.000,2006,11,19,13,04004KT,11,11
2006-11-19 18:00:00.000,2006,11,19,18,14007KT,15,10
2006-11-19 19:00:00.000,2006,11,19,19,05006KT,16,10
2006-11-19 20:00:00.000,2006,11,19,20,14004KT,16,09
2006-11-20 00:00:00.000,2006,11,20,0,06004KT,13,10
2006-11-20 01:00:00.000,2006,11,20,1,11007KT,13,09
2006-11-20 02:00:00.000,2006,11,20,2,VRB02KT,11,10
2006-11-20 04:00:00.000,2006,11,20,4,VRB02KT,10,10
2006-11-20 08:00:00.000,2006,11,20,8,00000KT,09,09
2006-11-20 14:00:00.000,2006,11,20,14,06005KT,14,12
2006-11-20 15:00:00.000,2006,11,20,15,05005KT,15,12
2006-11-20 19:00:00.000,2006,11,20,19,05008KT,17,09
2006-11-20 20:00:00.000,2006,11,20,20,06006KT,17,08
2006-11-20 23:00:00.000,2006,11,20,23,14006KT,15,08
2006-11-21 00:00:00.000,2006,11,21,0,19008KT,14,09
2006-11-21 01:00:00.000,2006,11,21,1,17008KT,14,09
2006-11-21 04:00:00.000,2006,11,21,4,33004KT,13,09
2006-11-21 07:00:00.000,2006,11,21,7,03003KT,11,10
2006-11-21 08:00:00.000,2006,11,21,8,04004KT,10,09
2006-11-21 09:00:00.000,2006,11,21,9,03004KT,10,09
2006-11-21 10:00:00.000,2006,11,21,10,VRB02KT,10,09
2006-11-21 11:00:00.000,2006,11,21,11,03003KT,09,09
2006-11-21 15:00:00.000,2006,11,21,15,07005KT,16,10
2006-11-21 17:00:00.000,2006,11,21,17,27004KT,17,09
2006-11-21 22:00:00.000,2006,11,21,22,23004KT,15,09
2006-11-22 00:00:00.000,2006,11,22,0,00000KT,13,11
2006-11-22 02:00:00.000,2006,11,22,2,VRB02KT,12,11
2006-11-22 04:00:00.000,2006,11,22,4,23003KT,11,10
2006-11-22 06:00:00.000,2006,11,22,6,VRB02KT,11,10
2006-11-22 08:00:00.000,2006,11,22,8,VRB02KT,11,10
2006-11-22 09:00:00.000,2006,11,22,9,04004T,10,10
2006-11-22 10:00:00.000,2006,11,22,10,04004KT,10,09
2006-11-22 11:00:00.000,2006,11,22,11,VRB02KT,09,09
2006-11-22 14:00:00.000,2006,11,22,14,04006KT,14,11
2006-11-22 15:00:00.000,2006,11,22,15,13006KT,15,10
2006-11-22 17:00:00.000,2006,11,22,17,12006KT,17,08
2006-11-22 19:00:00.000,2006,11,22,19,VRB02KT,19,07
2006-11-22 23:00:00.000,2006,11,22,23,30007KT,14,13
2006-11-23 00:00:00.000,2006,11,23,0,30004KT,13,13
2006-11-23 01:00:00.000,2006,11,23,1,00000KT,12,12
2006-11-23 02:00:00.000,2006,11,23,2,VRB02KT,12,11
2006-11-23 04:00:00.000,2006,11,23,4,02004KT,11,11
2006-11-23 06:00:00.000,2006,11,23,6,02004KT,10,10
2006-11-23 07:00:00.000,2006,11,23,7,VRB02KT,10,10
2006-11-23 08:00:00.000,2006,11,23,8,32004KT,09,09
2006-11-23 13:00:00.000,2006,11,23,13,03003KT,09,09
2006-11-23 14:00:00.000,2006,11,23,14,01005KT,13,12
2006-11-23 20:00:00.000,2006,11,23,20,25012KT,18,13
2006-11-23 22:00:00.000,2006,11,23,22,26008KT,15,11
2006-11-23 23:00:00.000,2006,11,23,23,30006KT,13,11
2006-11-24 00:00:00.000,2006,11,24,0,30004KT,13,11
2006-11-24 01:00:00.000,2006,11,24,1,00000KT,13,12
2006-11-24 02:00:00.000,2006,11,24,2,00000KT,13,12
2006-11-24 03:00:00.000,2006,11,24,3,00000KT,13,12
2006-11-24 05:00:00.000,2006,11,24,5,00000KT,13,12
2006-11-24 07:00:00.000,2006,11,24,7,00000KT,12,12
2006-11-24 09:00:00.000,2006,11,24,9,26004KT,12,12
2006-11-24 10:00:00.000,2006,11,24,10,04004KT,11,11
2006-11-24 11:00:00.000,2006,11,24,11,00000KT,11,11
2006-11-24 12:00:00.000,2006,11,24,12,VRB02KT,12,11
2006-11-24 13:00:00.000,2006,11,24,13,30003KT,14,12
2006-11-24 14:00:00.000,2006,11,24,14,12004KT,17,11
2006-11-24 15:00:00.000,2006,11,24,15,35004KT,16,11
2006-11-24 16:00:00.000,2006,11,24,16,01004KT,17,12
2006-11-24 20:00:00.000,2006,11,24,20,25009KT,13,12
2006-11-24 21:00:00.000,2006,11,24,21,VRB02KT,14,12
2006-11-24 22:00:00.000,2006,11,24,22,32005KT,14,12
2006-11-25 00:00:00.000,2006,11,25,0,00000KT,11,10
2006-11-25 01:00:00.000,2006,11,25,1,VRB02KT,12,11
2006-11-25 04:00:00.000,2006,11,25,4,VRB02KT,11,11
2006-11-25 09:00:00.000,2006,11,25,9,00000KT,09,08
2006-11-25 13:00:00.000,2006,11,25,13,VRB02KT,13,13
2006-11-27 15:00:00.000,2006,11,27,15,10012KT,17,10
2006-11-27 20:00:00.000,2006,11,27,20,12006KT,14,13
2006-11-27 23:00:00.000,2006,11,27,23,36005KT,14,12
2006-11-28 00:00:00.000,2006,11,28,0,VRB02KT,12,12
2006-11-28 02:00:00.000,2006,11,28,2,00000KT,11,10
2006-11-28 10:00:00.000,2006,11,28,10,VRB02KT,08,07
2006-11-28 11:00:00.000,2006,11,28,11,00000KT,07,07
2006-11-28 12:00:00.000,2006,11,28,12,VRB02KT,08,08
2006-11-28 16:00:00.000,2006,11,28,16,09008KT,18,09
2006-12-26 20:00:00.000,2006,12,26,20,VRB02KT,17,11
2006-12-27 00:00:00.000,2006,12,27,0,28004KT,12,11
2006-12-27 02:00:00.000,2006,12,27,2,VRB02KT,10,10
2006-12-27 03:00:00.000,2006,12,27,3,VRB02KT,11,10
2006-12-27 04:00:00.000,2006,12,27,4,02004KT,10,10
2006-12-27 05:00:00.000,2006,12,27,5,04003KT,10,10
2006-12-27 06:00:00.000,2006,12,27,6,VRB02K,09,08
2006-12-27 07:00:00.000,2006,12,27,7,VRB02KT,08,08
2006-12-27 09:00:00.000,2006,12,27,9,VRB02KT,08,08
2006-12-27 11:00:00.000,2006,12,27,11,VRB02KT,08,08
2006-12-27 12:00:00.000,2006,12,27,12,VRB02KT,10,09
2006-12-27 15:00:00.000,2006,12,27,15,06004KT,14,10
2006-12-27 16:00:00.000,2006,12,27,16,04004KT,15,11
2006-12-27 17:00:00.000,2006,12,27,17,30003KT,16,10
2006-12-27 20:00:00.000,2006,12,27,20,23003KT,17,10
2006-12-27 21:00:00.000,2006,12,27,21,31006KT,17,12
2006-12-27 22:00:00.000,2006,12,27,22,29005KT,16,12
2006-12-28 00:00:00.000,2006,12,28,0,28004KT,14,13
2006-12-28 01:00:00.000,2006,12,28,1,VRB02KT,13,13
2006-12-28 02:00:00.000,2006,12,28,2,00000KT,13,12
2006-12-28 04:00:00.000,2006,12,28,4,03004KT,11,10
2006-12-28 05:00:00.000,2006,12,28,5,01005KT,10,09
2006-12-28 06:00:00.000,2006,12,28,6,03005KT,10,09
2006-12-28 07:00:00.000,2006,12,28,7,03004KT,10,09
2006-12-28 08:00:00.000,2006,12,28,8,03004KT,09,09
2006-12-28 10:00:00.000,2006,12,28,10,00000KT,08,08
2006-12-28 13:00:00.000,2006,12,28,13,02005KT,,
2006-12-28 14:00:00.000,2006,12,28,14,12005KT,15,11
2006-12-28 16:00:00.000,2006,12,28,16,11007KT,16,09
2006-12-28 18:00:00.000,2006,12,28,18,13008KT,18,09
2006-12-28 19:00:00.000,2006,12,28,19,10010KT,17,09
2006-12-28 20:00:00.000,2006,12,28,20,08008KT,17,09
2006-12-29 03:00:00.000,2006,12,29,3,31004KT,13,11
2006-12-29 04:00:00.000,2006,12,29,4,03003KT,13,11
2006-12-29 09:00:00.000,2006,12,29,9,04006KT,090,09
2006-12-29 12:00:00.000,2006,12,29,12,07004KT,11,09
2006-12-29 17:00:00.000,2006,12,29,17,16014KT,18,08
2006-12-29 18:00:00.000,2006,12,29,18,13010KT,18,09
2006-12-29 20:00:00.000,2006,12,29,20,16008KT,18,09
2006-12-29 21:00:00.000,2006,12,29,21,12007KT,18,08
2006-12-30 01:00:00.000,2006,12,30,1,02005KT,13,09
2006-12-30 02:00:00.000,2006,12,30,2,04004KT,11,09
2006-12-30 04:00:00.000,2006,12,30,4,03003KT,10,08
2006-12-30 13:00:00.000,2006,12,30,13,06006KT,12,11
2006-12-30 15:00:00.000,2006,12,30,15,06006KT,16,10
2006-12-30 16:00:00.000,2006,12,30,16,13008KT,17,09
2006-12-30 20:00:00.000,2006,12,30,20,12012KT,19,08
2006-12-31 12:00:00.000,2006,12,31,12,04006KT,09,08
2006-12-31 13:00:00.000,2006,12,31,13,04005KT,12,11
2006-12-31 15:00:00.000,2006,12,31,15,04004KT,18,10
2006-12-31 18:00:00.000,2006,12,31,18,19013KT,20,06
2007-01-01 14:00:00.000,2007,1,1,14,07006KT,15,10
2007-01-01 15:00:00.000,2007,1,1,15,09007KT,16,08
2007-01-01 16:00:00.000,2007,1,1,16,11008KT,16,09
2007-01-01 17:00:00.000,2007,1,1,17,11010KT,16,08
2007-01-01 22:00:00.000,2007,1,1,22,09010KT,16,08
2007-01-01 23:00:00.000,2007,1,1,23,06007KT,15,08
2007-01-02 00:00:00.000,2007,1,2,0,15006KT,14,08
2007-01-02 01:00:00.000,2007,1,2,1,10005KT,13,08
2007-01-02 02:00:00.000,2007,1,2,2,03005KT,12,09
2007-01-02 03:00:00.000,2007,1,2,3,03003KT,09,07
2007-01-02 04:00:00.000,2007,1,2,4,03003KT,09,08
2007-01-02 12:00:00.000,2007,1,2,12,02005KT,08,08
2007-01-02 13:00:00.000,2007,1,2,13,07005KT,13,09
2007-01-02 15:00:00.000,2007,1,2,15,07005KT,17,08
2007-01-02 18:00:00.000,2007,1,2,18,14015KT,19,07
2007-01-02 21:00:00.000,2007,1,2,21,11010KT,18,07
2007-01-02 22:00:00.000,2007,1,2,22,10010KT,17,06
2007-01-02 23:00:00.000,2007,1,2,23,13008KT,15,08
2007-01-03 00:00:00.000,2007,1,3,0,12010KT,14,07
2007-01-03 02:00:00.000,2007,1,3,2,12008KT,13,07
2007-01-03 03:00:00.000,2007,1,3,3,11007KT,13,07
2007-01-03 04:00:00.000,2007,1,3,4,05006KT,09,08
2007-01-03 05:00:00.000,2007,1,3,5,12006KT,11,07
2007-01-03 06:00:00.000,2007,1,3,6,06006KT,09,06
2007-01-03 07:00:00.000,2007,1,3,7,09006KT,10,06
2007-01-03 08:00:00.000,2007,1,3,8,05004KT,06,05
2007-01-03 09:00:00.000,2007,1,3,9,04006KT,07,05
2007-01-03 10:00:00.000,2007,1,3,10,04007KT,07,06
2007-01-03 13:00:00.000,2007,1,3,13,05005KT,12,06
2007-01-03 15:00:00.000,2007,1,3,15,05007KT,16,05
2007-01-03 17:00:00.000,2007,1,3,17,13012KT,18,05
2007-01-03 18:00:00.000,2007,1,3,18,11015KT,19,05
2007-01-03 19:00:00.000,2007,1,3,19,12018KT,19,04
2007-01-03 20:00:00.000,2007,1,3,20,14015KT,19,04
2007-01-04 02:00:00.000,2007,1,4,2,04005KT,10,07
2007-01-04 03:00:00.000,2007,1,4,3,08007KT,12,07
2007-01-04 05:00:00.000,2007,1,4,5,04004KT,09,07
2007-01-04 06:00:00.000,2007,1,4,6,04005KT,08,07
2007-01-04 08:00:00.000,2007,1,4,8,VRB02KT,07,06
2007-01-04 09:00:00.000,2007,1,4,9,03005KT,06,06
2007-01-04 12:00:00.000,2007,1,4,12,VRB02KT,07,06
2007-01-04 13:00:00.000,2007,1,4,13,05007KT,12,08
2007-01-04 17:00:00.000,2007,1,4,17,06005KT,19,09
2007-01-04 18:00:00.000,2007,1,4,18,13010KT,19,07
2007-01-04 19:00:00.000,2007,1,4,19,11005KT,19,08
2007-01-04 21:00:00.000,2007,1,4,21,15008KT,17,08
2007-01-04 22:00:00.000,2007,1,4,22,15004KT,17,08
2007-01-05 00:00:00.000,2007,1,5,0,06003KT,14,08
2007-01-05 02:00:00.000,2007,1,5,2,01005KT,11,09
2007-01-05 03:00:00.000,2007,1,5,3,02006KT,10,08
2007-01-05 04:00:00.000,2007,1,5,4,04005KT,09,07
2007-01-05 06:00:00.000,2007,1,5,6,00000KT,07,05
2007-01-05 08:00:00.000,2007,1,5,8,00000KT,06,05
2007-01-05 10:00:00.000,2007,1,5,10,00000KT,06,06
2007-01-05 11:00:00.000,2007,1,5,11,00000KT,05,05
2007-01-05 13:00:00.000,2007,1,5,13,04005KT,11,10
2007-01-05 14:00:00.000,2007,1,5,14,03007KT,14,09
2007-01-05 18:00:00.000,2007,1,5,18,VRB02KT,21,08
2007-01-05 20:00:00.000,2007,1,5,20,26010KT,17,13
2007-01-05 21:00:00.000,2007,1,5,21,28005KT,17,12
2007-01-05 22:00:00.000,2007,1,5,22,21005KT,16,12
2007-01-05 23:00:00.000,2007,1,5,23,20004KT,15,13
2007-01-06 00:00:00.000,2007,1,6,0,24005KT,14,13
2007-01-06 02:00:00.000,2007,1,6,2,VRB02KT,14,12
2007-01-06 03:00:00.000,2007,1,6,3,03003KT,13,11
2007-01-06 04:00:00.000,2007,1,6,4,VRB02KT,12,10
2007-01-06 05:00:00.000,2007,1,6,5,04004KT,11,09
2007-01-06 07:00:00.000,2007,1,6,7,05005KT,11,10
2007-01-06 09:00:00.000,2007,1,6,9,07003KT,10,10
2007-01-06 10:00:00.000,2007,1,6,10,02003KT,10,10
2007-01-06 11:00:00.000,2007,1,6,11,02004KT,10,10
2007-01-06 12:00:00.000,2007,1,6,12,05004KT,11,09
2007-01-06 15:00:00.000,2007,1,6,15,06005KT,17,09
2007-01-06 16:00:00.000,2007,1,6,16,06004KT,19,09
2007-01-06 17:00:00.000,2007,1,6,17,VRB02KT,20,09
2007-01-06 18:00:00.000,2007,1,6,18,24009KT,18,12
2007-01-06 20:00:00.000,2007,1,6,20,28010KT,16,13
2007-01-06 22:00:00.000,2007,1,6,22,25008KT,16,13
2007-01-06 23:00:00.000,2007,1,6,23,25005KT,14,12
2007-01-07 00:00:00.000,2007,1,7,0,23004KT,13,12
2007-01-07 02:00:00.000,2007,1,7,2,32004KT,11,11
2007-01-07 04:00:00.000,2007,1,7,4,00000KT,11,11
2007-01-07 10:00:00.000,2007,1,7,10,04004KT,11,11
2007-01-07 11:00:00.000,2007,1,7,11,00000KT,11,10
2007-01-07 13:00:00.000,2007,1,7,13,04005KT,14,12
2007-01-07 14:00:00.000,2007,1,7,14,04004KT,14,12
2007-01-07 15:00:00.000,2007,1,7,15,08003KT,16,10
2007-01-07 16:00:00.000,2007,1,7,16,VRB02KT,16,09
2007-01-07 17:00:00.000,2007,1,7,17,22005KT,17,11
2007-01-07 18:00:00.000,2007,1,7,18,21011KT,19,11
2007-01-07 20:00:00.000,2007,1,7,20,24010KT,17,12
2007-01-07 22:00:00.000,2007,1,7,22,24008KT,16,10
2007-01-07 23:00:00.000,2007,1,7,23,33004KT,14,11
2007-01-08 00:00:00.000,2007,1,8,0,23004KT,13,09
2007-01-08 01:00:00.000,2007,1,8,1,04003KT,13,08
2007-01-08 02:00:00.000,2007,1,8,2,05003KT,10,08
2007-01-08 03:00:00.000,2007,1,8,3,02005KT,10,09
2007-01-08 04:00:00.000,2007,1,8,4,040046KT,10,09
2007-01-08 09:00:00.000,2007,1,8,9,VRB02KT,07,07
2007-01-08 11:00:00.000,2007,1,8,11,02004KT,06,06
2007-01-08 12:00:00.000,2007,1,8,12,VRB02KT,07,06
2007-01-08 13:00:00.000,2007,1,8,13,VRB02KT,07,07
2007-01-08 18:00:00.000,2007,1,8,18,26005KT,20,12
2007-01-08 19:00:00.000,2007,1,8,19,22005KT,20,13
2007-01-08 22:00:00.000,2007,1,8,22,21004KT,17,12
2007-01-09 02:00:00.000,2007,1,9,2,04003KT,12,11
2007-01-09 09:00:00.000,2007,1,9,9,31003KT,11,10
2007-01-09 10:00:00.000,2007,1,9,10,09004KT,10,10
2007-01-09 17:00:00.000,2007,1,9,17,12007KT,18,10
2007-01-10 00:00:00.000,2007,1,10,0,VRB02KT,14,13
2007-01-10 01:00:00.000,2007,1,10,1,02004KT,13,12
2007-01-10 03:00:00.000,2007,1,10,3,VRB02KT,13,12
2007-01-10 04:00:00.000,2007,1,10,4,00000KT,11,10
2007-01-10 11:00:00.000,2007,1,10,11,VRB02KT,10,10
2007-01-10 16:00:00.000,2007,1,10,16,14004KT,16,09
2007-01-10 18:00:00.000,2007,1,10,18,13007KT,17,09
2007-01-10 20:00:00.000,2007,1,10,20,10011KT,17,08
2007-01-10 21:00:00.000,2007,1,10,21,11010KT,17,08
2007-01-10 22:00:00.000,2007,1,10,22,07009KT,17,08
2007-01-11 00:00:00.000,2007,1,11,0,06004KT,14,09
2007-01-11 01:00:00.000,2007,1,11,1,02004KT,13,10
2007-01-11 02:00:00.000,2007,1,11,2,VRB02KT,13,09
2007-01-11 07:00:00.000,2007,1,11,7,02004KT,08,07
2007-01-11 08:00:00.000,2007,1,11,8,VRB02KT,07,06
2007-01-11 17:00:00.000,2007,1,11,17,06011KT,19,10
2007-01-11 18:00:00.000,2007,1,11,18,07007KT,19,07
2007-01-12 00:00:00.000,2007,1,12,0,26004KT,14,12
2007-01-12 01:00:00.000,2007,1,12,1,26003KT,12,11
2007-01-12 02:00:00.000,2007,1,12,2,36003KT,11,10
2007-01-12 10:00:00.000,2007,1,12,10,04007KT,08,08
2007-01-12 12:00:00.000,2007,1,12,12,02004KT,09,08
2007-01-12 13:00:00.000,2007,1,12,13,04006KT,13,11
2007-01-12 18:00:00.000,2007,1,12,18,13006KT,20,10
2007-01-12 19:00:00.000,2007,1,12,19,22008KT,19,10
2007-01-12 20:00:00.000,2007,1,12,20,24010KT,18,08
2007-01-12 23:00:00.000,2007,1,12,23,28006KT,15,09
2007-01-13 02:00:00.000,2007,1,13,2,VRB02KT,13,10
2007-01-13 03:00:00.000,2007,1,13,3,00000KT,12,10
2007-01-13 04:00:00.000,2007,1,13,4,34005KT,11,10
2007-01-13 06:00:00.000,2007,1,13,6,06004KT,10,09
2007-01-13 07:00:00.000,2007,1,13,7,VRB02KT,10,09
2007-01-13 08:00:00.000,2007,1,13,8,02004KT,10,09
2007-01-13 09:00:00.000,2007,1,13,9,03004KT,10,09
2007-01-13 10:00:00.000,2007,1,13,10,03004KT,10,09
2007-01-13 16:00:00.000,2007,1,13,16,06003KT,17,09
2007-01-13 17:00:00.000,2007,1,13,17,09005KT,18,09
2007-01-13 19:00:00.000,2007,1,13,19,09009KT,18,09
2007-01-14 03:00:00.000,2007,1,14,3,05006KT,14,10
2007-01-14 10:00:00.000,2007,1,14,10,05005KT,12,12
2007-01-14 18:00:00.000,2007,1,14,18,08011KT,19,09
2007-01-14 19:00:00.000,2007,1,14,19,11013KT,19,09
2007-01-14 20:00:00.000,2007,1,14,20,12009KT,18,09
2007-01-14 23:00:00.000,2007,1,14,23,11009KT,16,09
2007-01-15 00:00:00.000,2007,1,15,0,07005KT,15,09
2007-01-15 01:00:00.000,2007,1,15,1,07009KT,15,10
2007-01-15 02:00:00.000,2007,1,15,2,10007KT,15,10
2007-01-15 03:00:00.000,2007,1,15,3,04005KT,13,11
2007-01-15 14:00:00.000,2007,1,15,14,10005KT,16,09
2007-01-15 15:00:00.000,2007,1,15,15,08004KT,17,09
2007-01-15 17:00:00.000,2007,1,15,17,13008KT,20,09
2007-01-16 02:00:00.000,2007,1,16,2,00000KT,13,09
2007-01-16 08:00:00.000,2007,1,16,8,VRB02KT,09,07
2007-01-16 10:00:00.000,2007,1,16,10,08003KT,10,09
2007-01-16 15:00:00.000,2007,1,16,15,08010KT,16,09
2007-01-16 16:00:00.000,2007,1,16,16,11008KT,17,09
2007-01-16 17:00:00.000,2007,1,16,17,08010KT,17,09
2007-01-16 19:00:00.000,2007,1,16,19,10010KT,18,09
2007-01-16 20:00:00.000,2007,1,16,20,11012KT,19,09
2007-01-17 02:00:00.000,2007,1,17,2,02005KT,13,10
2007-01-17 03:00:00.000,2007,1,17,3,03004KT,11,10
2007-01-17 04:00:00.000,2007,1,17,4,35004KT,11,10
2007-01-17 08:00:00.000,2007,1,17,8,29004KT,07,06
2007-01-17 12:00:00.000,2007,1,17,12,36003KT,05,05
2007-01-17 14:00:00.000,2007,1,17,14,05004KT,14,11
2007-01-17 16:00:00.000,2007,1,17,16,VRB02KT,18,10
2007-01-17 17:00:00.000,2007,1,17,17,11010KT,19,09
2007-01-17 18:00:00.000,2007,1,17,18,VRB02KT,19,08
2007-01-18 17:00:00.000,2007,1,18,17,VRB02KT,18,09
2007-01-18 18:00:00.000,2007,1,18,18,06008KT,19,09
2007-01-18 20:00:00.000,2007,1,18,20,05010KT,18,10
2007-01-18 23:00:00.000,2007,1,18,23,13004KT,17,09
2007-01-19 00:00:00.000,2007,1,19,0,34005KT,14,12
2007-01-19 02:00:00.000,2007,1,19,2,31003KT,13,12
2007-01-19 03:00:00.000,2007,1,19,3,35004KT,14,12
2007-01-19 04:00:00.000,2007,1,19,4,03004KT,13,12
2007-01-19 06:00:00.000,2007,1,19,6,05006KT,12,11
2007-01-19 07:00:00.000,2007,1,19,7,05003KT,12,11
2007-01-19 09:00:00.000,2007,1,19,9,05004KT,11,09
2007-01-19 10:00:00.000,2007,1,19,10,04006KT,11,109
2007-01-19 12:00:00.000,2007,1,19,12,05007KT,11,09
2007-01-19 13:00:00.000,2007,1,19,13,04007KT,13,10
2007-01-19 14:00:00.000,2007,1,19,14,08009KT,15,09
2007-01-19 15:00:00.000,2007,1,19,15,09008KT,16,09
2007-01-19 17:00:00.000,2007,1,19,17,07007KT,18,08
2007-01-19 18:00:00.000,2007,1,19,18,07009KT,18,09
2007-01-19 19:00:00.000,2007,1,19,19,21007KT,17,10
2007-01-19 20:00:00.000,2007,1,19,20,15006KT,17,09
2007-01-19 21:00:00.000,2007,1,19,21,12008KT,19,09
2007-01-19 22:00:00.000,2007,1,19,22,08009KT,18,09
2007-01-19 23:00:00.000,2007,1,19,23,19007KT,16,10
2007-01-20 00:00:00.000,2007,1,20,0,27003KT,14,12
2007-01-20 01:00:00.000,2007,1,20,1,VRB02KT,13,12
2007-01-20 02:00:00.000,2007,1,20,2,VRB02KT,13,12
2007-01-20 03:00:00.000,2007,1,20,3,02003KT,12,10
2007-01-20 05:00:00.000,2007,1,20,5,04004KT,10,10
2007-01-20 07:00:00.000,2007,1,20,7,04003KT,11,10
2007-01-20 08:00:00.000,2007,1,20,8,00000KT,10,09
2007-01-20 09:00:00.000,2007,1,20,9,00000KT,09,09
2007-01-20 10:00:00.000,2007,1,20,10,03003KT,08,08
2007-01-20 11:00:00.000,2007,1,20,11,05003KT,08,08
2007-01-20 12:00:00.000,2007,1,20,12,04004KT,09,08
2007-01-20 13:00:00.000,2007,1,20,13,06007KT,13,10
2007-01-20 14:00:00.000,2007,1,20,14,11008KT,16,09
2007-01-20 15:00:00.000,2007,1,20,15,08007KT,16,09
2007-01-20 18:00:00.000,2007,1,20,18,14010KT,18,07
2007-01-20 20:00:00.000,2007,1,20,20,13007KT,18,08
2007-01-20 21:00:00.000,2007,1,20,21,06010KT,17,09
2007-01-20 23:00:00.000,2007,1,20,23,07010KT,15,09
2007-01-21 00:00:00.000,2007,1,21,0,06006KT,15,09
2007-01-21 01:00:00.000,2007,1,21,1,05006KT,12,09
2007-01-21 02:00:00.000,2007,1,21,2,04007KT,11,09
2007-01-21 03:00:00.000,2007,1,21,3,01005KT,11,09
2007-01-21 04:00:00.000,2007,1,21,4,VRB02KT,11,09
2007-01-21 05:00:00.000,2007,1,21,5,VRB02KT,10,09
2007-01-21 06:00:00.000,2007,1,21,6,00000KT,09,08
2007-01-21 07:00:00.000,2007,1,21,7,04005KT,09,09
2007-01-21 10:00:00.000,2007,1,21,10,05005KT,09,08
2007-01-21 11:00:00.000,2007,1,21,11,06005KT,09,08
2007-01-21 12:00:00.000,2007,1,21,12,05004KT,09,08
2007-01-21 14:00:00.000,2007,1,21,14,11010KT,16,08
2007-01-21 16:00:00.000,2007,1,21,16,11010KT,18,09
2007-01-21 17:00:00.000,2007,1,21,17,07006KT,18,09
2007-01-21 18:00:00.000,2007,1,21,18,13010KT,19,09
2007-01-21 20:00:00.000,2007,1,21,20,15008KT,18,09
2007-01-21 22:00:00.000,2007,1,21,22,07010KT,17,09
2007-01-21 23:00:00.000,2007,1,21,23,07006KT,16,09
2007-01-22 00:00:00.000,2007,1,22,0,VRB02KT,14,10
2007-01-22 02:00:00.000,2007,1,22,2,00000KT,10,10
2007-01-22 05:00:00.000,2007,1,22,5,03004KT,10,09
2007-01-22 06:00:00.000,2007,1,22,6,VRB02KT,10,10
2007-01-22 07:00:00.000,2007,1,22,7,VRB02KT,11,11
2007-01-22 08:00:00.000,2007,1,22,8,04004KT,11,10
2007-01-22 09:00:00.000,2007,1,22,9,03005KT,11,11
2007-01-22 10:00:00.000,2007,1,22,10,05004KT,11,10
2007-01-22 12:00:00.000,2007,1,22,12,02004KT,11,11
2007-02-28 00:00:00.000,2007,2,28,0,11012KT,15,07
2007-03-01 11:00:00.000,2007,3,1,11,VRB02KT,05,04
2007-03-01 12:00:00.000,2007,3,1,12,05005KT,07,06
2007-03-01 13:00:00.000,2007,3,1,13,04006KT,11,08
2007-03-01 14:00:00.000,2007,3,1,14,33004KT,15,08
2007-03-01 20:00:00.000,2007,3,1,20,12014KT,21,08
2007-03-01 21:00:00.000,2007,3,1,21,16016KT,20,07
2007-03-02 09:00:00.000,2007,3,2,9,02006KT,05,05
2007-03-02 12:00:00.000,2007,3,2,12,00000KT,06,05
2007-03-02 14:00:00.000,2007,3,2,14,00000KT,14,07
2007-03-03 02:00:00.000,2007,3,3,2,12009KT,14,08
2007-03-03 05:00:00.000,2007,3,3,5,00000KT,11,08
2007-03-03 06:00:00.000,2007,3,3,6,02004KT,08,07
2007-03-03 08:00:00.000,2007,3,3,8,30005KT,08,07
2007-03-03 09:00:00.000,2007,3,3,9,VRB02KT,07,06
2007-03-03 10:00:00.000,2007,3,3,10,00000KT,07,06
2007-03-03 11:00:00.000,2007,3,3,11,VRB02KT,07,07
2007-03-03 12:00:00.000,2007,3,3,12,VRB02KT,07,07
2007-03-03 15:00:00.000,2007,3,3,15,13008KT,17,07
2007-03-03 16:00:00.000,2007,3,3,16,10008KT,18,05
2007-03-03 17:00:00.000,2007,3,3,17,09007KT,18,05
2007-03-03 20:00:00.000,2007,3,3,20,10004KT,19,06
2007-03-03 21:00:00.000,2007,3,3,21,11007KT,19,06
2007-03-03 22:00:00.000,2007,3,3,22,09007KT,19,06
2007-03-04 07:00:00.000,2007,3,4,7,08006KT,12,10
2007-03-04 08:00:00.000,2007,3,4,8,34003KT,10,10
2007-03-04 10:00:00.000,2007,3,4,10,34005KT,11,09
2007-03-04 13:00:00.000,2007,3,4,13,03006KT,13,10
2007-03-04 15:00:00.000,2007,3,4,15,10006KT,16,10
2007-03-04 16:00:00.000,2007,3,4,16,07008KT,16,10
2007-03-04 19:00:00.000,2007,3,4,19,14008KT,17,09
2007-03-04 21:00:00.000,2007,3,4,21,27006KT,16,11
2007-03-05 07:00:00.000,2007,3,5,7,00000KT,10,09
2007-03-05 09:00:00.000,2007,3,5,9,00000KT,07,07
2007-03-05 10:00:00.000,2007,3,5,10,VRB02KT,08,08
2007-03-05 17:00:00.000,2007,3,5,17,14007KT,18,08
2007-03-06 00:00:00.000,2007,3,6,0,09007KT,15,09
2007-03-06 02:00:00.000,2007,3,6,2,01005KT,12,09
2007-03-06 05:00:00.000,2007,3,6,5,03006KT,10,09
2007-03-06 08:00:00.000,2007,3,6,8,30005KT,07,07
2007-03-06 09:00:00.000,2007,3,6,9,VRB02KT,07,06
2007-03-06 10:00:00.000,2007,3,6,10,VRB02KT,06,06
2007-03-06 11:00:00.000,2007,3,6,11,28003KT,05,04
2007-03-06 15:00:00.000,2007,3,6,15,09008KT,17,08
2007-03-06 16:00:00.000,2007,3,6,16,21004KT,20,09
2007-03-06 17:00:00.000,2007,3,6,17,09010KT,18,08
2007-03-06 22:00:00.000,2007,3,6,22,30004KT,15,10
2007-03-06 23:00:00.000,2007,3,6,23,VRB02KT,14,11
2007-03-07 00:00:00.000,2007,3,7,0,35007KT,14,12
2007-03-07 01:00:00.000,2007,3,7,1,34004KT,13,12
2007-03-07 02:00:00.000,2007,3,7,2,35004KT,13,11
2007-03-07 04:00:00.000,2007,3,7,4,06006KT,13,09
2007-03-07 05:00:00.000,2007,3,7,5,12004KT,14,09
2007-03-07 10:00:00.000,2007,3,7,10,05005KT,10,08
2007-03-07 20:00:00.000,2007,3,7,20,06005KT,18,09
2007-03-08 00:00:00.000,2007,3,8,0,26005KT,14,12
2007-03-08 03:00:00.000,2007,3,8,3,VRB02KT,11,10
2007-03-08 04:00:00.000,2007,3,8,4,03003KT,10,09
2007-03-08 07:00:00.000,2007,3,8,7,35003KT,10,10
2007-03-08 11:00:00.000,2007,3,8,11,02004KT,11,10
2007-03-08 12:00:00.000,2007,3,8,12,02007KT,12,11
2007-03-08 13:00:00.000,2007,3,8,13,04004KT,13,11
2007-03-08 14:00:00.000,2007,3,8,14,11008KT,15,10
2007-03-08 19:00:00.000,2007,3,8,19,07007KT,18,10
2007-03-08 21:00:00.000,2007,3,8,21,15010KT,18,09
2007-03-09 03:00:00.000,2007,3,9,3,00000KT,13,12
2007-03-09 05:00:00.000,2007,3,9,5,00000KT,12,11
2007-03-09 09:00:00.000,2007,3,9,9,28003KT,10,10
2007-03-09 12:00:00.000,2007,3,9,12,VRB02KT,12,11
2007-03-09 14:00:00.000,2007,3,9,14,08007KT,15,09
2007-03-09 19:00:00.000,2007,3,9,19,10006KT,18,08
2007-03-09 23:00:00.000,2007,3,9,23,08006KT,15,10
2007-03-10 03:00:00.000,2007,3,10,3,08005KT,14,09
2007-03-10 05:00:00.000,2007,3,10,5,06004KT,13,09
2007-03-10 09:00:00.000,2007,3,10,9,05005KT,12,10
2007-03-10 10:00:00.000,2007,3,10,10,06005KT,13,10
2007-03-10 11:00:00.000,2007,3,10,11,02004KT,12,10
2007-03-10 12:00:00.000,2007,3,10,12,04005KT,13,10
2007-03-10 18:00:00.000,2007,3,10,18,11012KT,18,09
2007-03-10 21:00:00.000,2007,3,10,21,10010KT,17,09
2007-03-11 00:00:00.000,2007,3,11,0,09007KT,15,08
2007-03-11 01:00:00.000,2007,3,11,1,09007KT,14,09
2007-03-11 03:00:00.000,2007,3,11,3,05004KT,10,08
2007-03-11 04:00:00.000,2007,3,11,4,04004KT,10,08
2007-03-11 05:00:00.000,2007,3,11,5,02004KT,09,08
2007-03-11 10:00:00.000,2007,3,11,10,04005KT,09,09
2007-03-11 15:00:00.000,2007,3,11,15,10006KT,16,08
2007-03-11 20:00:00.000,2007,3,11,20,12007KT,18,08
2007-03-11 21:00:00.000,2007,3,11,21,02005KT,20,07
2007-03-11 22:00:00.000,2007,3,11,22,12007KT,19,06
2007-03-11 23:00:00.000,2007,3,11,23,11010KT,17,07
2007-03-12 00:00:00.000,2007,3,12,0,13007KT,15,09
2007-03-12 01:00:00.000,2007,3,12,1,06005KT,13,08
2007-03-12 02:00:00.000,2007,3,12,2,VRB02KT,12,08
2007-03-12 03:00:00.000,2007,3,12,3,05005KT,10,07
2007-03-12 04:00:00.000,2007,3,12,4,07005KT,10,08
2007-03-12 05:00:00.000,2007,3,12,5,07005KT,10,08
2007-03-12 06:00:00.000,2007,3,12,6,06006KT,11,08
2007-03-12 10:00:00.000,2007,3,12,10,04003KT,07,06
2007-03-12 11:00:00.000,2007,3,12,11,06004KT,07,06
2007-03-12 12:00:00.000,2007,3,12,12,04004KT,09,08
2007-03-12 13:00:00.000,2007,3,12,13,03004KT,10,09
2007-03-12 15:00:00.000,2007,3,12,15,00000KT,16,09
2007-03-12 16:00:00.000,2007,3,12,16,36004KT,18,08
2007-03-12 18:00:00.000,2007,3,12,18,21006KT,29,06
2007-03-14 12:00:00.000,2007,3,14,12,00000KT,09,09
2007-03-14 13:00:00.000,2007,3,14,13,36005KT,11,10
2007-03-14 14:00:00.000,2007,3,14,14,VRB02KT,14,11
2007-03-14 15:00:00.000,2007,3,14,15,VRB02KT,15,09
2007-03-14 16:00:00.000,2007,3,14,16,09005KT,17,08
2007-03-14 17:00:00.000,2007,3,14,17,VRB02KT,18,07
2007-03-14 18:00:00.000,2007,3,14,18,12005KT,17,06
2007-03-14 19:00:00.000,2007,3,14,19,27006KT,18,11
2007-03-14 20:00:00.000,2007,3,14,20,18007KT,18,08
2007-03-14 21:00:00.000,2007,3,14,21,24008KT,18,12
2007-03-14 22:00:00.000,2007,3,14,22,27010KT,17,12
2007-03-14 23:00:00.000,2007,3,14,23,29006KT,15,13
2007-03-15 03:00:00.000,2007,3,15,3,VRB02KT,13,12
2007-03-15 04:00:00.000,2007,3,15,4,VRB02KT,12,12
2007-03-15 05:00:00.000,2007,3,15,5,VRB02KT,11,11
2007-03-15 06:00:00.000,2007,3,15,6,02004KT,10,10
2007-03-15 07:00:00.000,2007,3,15,7,35004KT,09,09
2007-03-15 08:00:00.000,2007,3,15,8,02005KT,09,09
2007-03-15 09:00:00.000,2007,3,15,9,04007KT,09,08
2007-03-17 03:00:00.000,2007,3,17,3,03005KT,11,09
2007-03-17 05:00:00.000,2007,3,17,5,02005KT,11,09
2007-03-18 00:00:00.000,2007,3,18,0,30003KT,14,12
2007-03-18 01:00:00.000,2007,3,18,1,32005KT,13,12
2007-03-18 03:00:00.000,2007,3,18,3,24003KT,13,12
2007-03-18 18:00:00.000,2007,3,18,18,21008KT,20,11
2007-03-18 21:00:00.000,2007,3,18,21,27010KT,14,13
2007-03-18 23:00:00.000,2007,3,18,23,29003KT,14,13
2007-03-19 01:00:00.000,2007,3,19,1,VRB02KT,14,12
2007-03-19 02:00:00.000,2007,3,19,2,05005KT,12,11
2007-03-19 03:00:00.000,2007,3,19,3,29004KT,11,10
2007-03-19 04:00:00.000,2007,3,19,4,33005KT,11,10
2007-03-19 05:00:00.000,2007,3,19,5,VRB02KT,12,11
2007-03-19 15:00:00.000,2007,3,19,15,09003KT,16,12
2007-03-19 22:00:00.000,2007,3,19,22,22008KT,16,13
2007-03-20 06:00:00.000,2007,3,20,6,00000KT,121,11
2007-03-20 07:00:00.000,2007,3,20,7,VRB02KT,10,10
2007-03-20 08:00:00.000,2007,3,20,8,VRB02KT,09,09
2007-03-20 10:00:00.000,2007,3,20,10,VRB02KT,10,09
2007-03-20 14:00:00.000,2007,3,20,14,08010KT,17,11
2007-03-20 20:00:00.000,2007,3,20,20,20004KT,16,13
2007-03-21 00:00:00.000,2007,3,21,0,00000KT,13,12
2007-03-21 02:00:00.000,2007,3,21,2,VRB02KT,11,11
2007-03-21 03:00:00.000,2007,3,21,3,02004KT,10,10
2007-03-21 04:00:00.000,2007,3,21,4,04007KT,12,11
2007-03-21 05:00:00.000,2007,3,21,5,04004KT,11,11
2007-03-21 06:00:00.000,2007,3,21,6,00000KT,11,11
2007-03-21 07:00:00.000,2007,3,21,7,03007KT,11,10
2007-03-21 11:00:00.000,2007,3,21,11,00000KT,07,07
2007-03-21 14:00:00.000,2007,3,21,14,04005KT,16,10
2007-03-21 15:00:00.000,2007,3,21,15,03005KT,18,09
2007-03-21 16:00:00.000,2007,3,21,16,21003KT,20,09
2007-03-21 17:00:00.000,2007,3,21,17,28005KT,20,08
2007-03-21 18:00:00.000,2007,3,21,18,24006KT,20,11
2007-03-21 19:00:00.000,2007,3,21,19,22008KT,20,13
2007-03-21 20:00:00.000,2007,3,21,20,26012KT,18,12
2007-03-21 21:00:00.000,2007,3,21,21,26008KT,18,11
2007-03-21 22:00:00.000,2007,3,21,22,24008KT,17,11
2007-03-21 23:00:00.000,2007,3,21,23,29006KT,16,12
2007-03-22 01:00:00.000,2007,3,22,1,06005KT,14,12
2007-03-22 02:00:00.000,2007,3,22,2,04005KT,13,11
2007-03-22 03:00:00.000,2007,3,22,3,13004KT,13,12
2007-03-22 04:00:00.000,2007,3,22,4,12003KT,13,11
2007-03-22 05:00:00.000,2007,3,22,5,VRB02KT,12,11
2007-03-22 06:00:00.000,2007,3,22,6,VRB02KT,12,11
2007-03-22 07:00:00.000,2007,3,22,7,01004KT,11,10
2007-03-22 09:00:00.000,2007,3,22,9,VRB02KT,12,11
2007-03-22 10:00:00.000,2007,3,22,10,VRB02KT,11,11
2007-03-22 11:00:00.000,2007,3,22,11,VRB02KT,11,10
2007-03-22 12:00:00.000,2007,3,22,12,03004KT,11,11
2007-03-22 13:00:00.000,2007,3,22,13,03004KT,12,11
2007-03-22 14:00:00.000,2007,3,22,14,00000KT,13,12
2007-03-22 16:00:00.000,2007,3,22,16,00000KT,17,10
2007-03-22 17:00:00.000,2007,3,22,17,23007KT,16,12
2007-03-22 18:00:00.000,2007,3,22,18,23007KT,16,12
2007-03-22 19:00:00.000,2007,3,22,19,32008KT,16,12
2007-03-22 20:00:00.000,2007,3,22,20,36007KT,14,13
2007-03-22 21:00:00.000,2007,3,22,21,00000KT,12,12
2007-03-22 22:00:00.000,2007,3,22,22,VRB02KT,11,11
2007-03-22 23:00:00.000,2007,3,22,23,30004KT,11,11
2007-03-23 00:00:00.000,2007,3,23,0,VRB02KT,,
2007-03-23 01:00:00.000,2007,3,23,1,14003KT,11,10
2007-03-23 02:00:00.000,2007,3,23,2,VRB02KT,11,10
2007-03-23 03:00:00.000,2007,3,23,3,VRB02KT,10,10
2007-03-23 04:00:00.000,2007,3,23,4,34003KT,10,10
2007-03-23 05:00:00.000,2007,3,23,5,02003KT,11,10
2007-03-23 06:00:00.000,2007,3,23,6,VRB02KT,10,10
2007-03-23 07:00:00.000,2007,3,23,7,27003KT,10,10
2007-03-23 08:00:00.000,2007,3,23,8,VRB02KT,10,10
2007-03-23 09:00:00.000,2007,3,23,9,VRB02KT,10,10
2007-03-23 11:00:00.000,2007,3,23,11,VRB02KT,10,09
2007-03-23 12:00:00.000,2007,3,23,12,00000KT,10,10
2007-03-23 13:00:00.000,2007,3,23,13,00000KT,11,11
2007-03-23 14:00:00.000,2007,3,23,14,36004KT,14,14
2007-03-23 15:00:00.000,2007,3,23,15,06008KT,16,13
2007-03-23 16:00:00.000,2007,3,23,16,04005KT,17,11
2007-03-23 17:00:00.000,2007,3,23,17,09004KT,17,09
2007-03-23 18:00:00.000,2007,3,23,18,24005KT,17,11
2007-03-23 19:00:00.000,2007,3,23,19,VRB02KT,18,11
2007-03-23 20:00:00.000,2007,3,23,20,28009KT,17,13
2007-03-23 21:00:00.000,2007,3,23,21,28008KT,18,13
2007-03-23 22:00:00.000,2007,3,23,22,06009KT,14,12
2007-03-23 23:00:00.000,2007,3,23,23,03005KT,11,10
2007-03-24 00:00:00.000,2007,3,24,0,02005KT,12,11
2007-03-24 01:00:00.000,2007,3,24,1,03004KT,12,11
2007-03-24 02:00:00.000,2007,3,24,2,30004KT,11,11
2007-03-24 03:00:00.000,2007,3,24,3,02003KT,11,11
2007-03-24 04:00:00.000,2007,3,24,4,VRB02KT,11,11
2007-03-24 05:00:00.000,2007,3,24,5,27003KT,12,12
2007-03-24 06:00:00.000,2007,3,24,6,VRB02KT,12,12
2007-03-24 07:00:00.000,2007,3,24,7,04007KT,11,11
2007-03-24 08:00:00.000,2007,3,24,8,02006KT,11,11
2007-03-24 09:00:00.000,2007,3,24,9,02004KT,11,11
2007-03-24 10:00:00.000,2007,3,24,10,03006KT,11,11
2007-03-24 11:00:00.000,2007,3,24,11,03004KT,11,11
2007-03-24 12:00:00.000,2007,3,24,12,35003KT,11,11
2007-03-24 13:00:00.000,2007,3,24,13,VRB02KT,12,11
2007-03-24 14:00:00.000,2007,3,24,14,06005KT,13,12
2007-03-24 15:00:00.000,2007,3,24,15,VRB02KT,15,12
2007-03-24 16:00:00.000,2007,3,24,16,02004KT,16,12
2007-03-24 17:00:00.000,2007,3,24,17,02005KT,17,13
2007-03-24 18:00:00.000,2007,3,24,18,27006KT,17,13
2007-03-24 19:00:00.000,2007,3,24,19,25012KT,18,13
2007-03-24 20:00:00.000,2007,3,24,20,25012KT,17,14
2007-03-24 21:00:00.000,2007,3,24,21,25008KT,15,13
2007-03-24 22:00:00.000,2007,3,24,22,25004KT,14,11
2007-03-24 23:00:00.000,2007,3,24,23,26003KT,14,12
2007-03-25 00:00:00.000,2007,3,25,0,00000KT,14,11
2007-03-25 06:00:00.000,2007,3,25,6,00000KT,12,11
2007-03-25 08:00:00.000,2007,3,25,8,00000KT,12,11
2007-03-25 10:00:00.000,2007,3,25,10,VRB02KT,12,11
2007-03-25 11:00:00.000,2007,3,25,11,02003KT,12,11
2007-03-25 12:00:00.000,2007,3,25,12,VRB02KT,12,12
2007-03-25 13:00:00.000,2007,3,25,13,VRB02KT,12,12
2007-03-25 14:00:00.000,2007,3,25,14,02004KT,12,12
2007-03-25 15:00:00.000,2007,3,25,15,09005KT,13,13
2007-03-25 16:00:00.000,2007,3,25,16,16011KT,15,12
2007-03-25 17:00:00.000,2007,3,25,17,10004KT,16,10
2007-03-25 18:00:00.000,2007,3,25,18,VRB02KT,15,10
2007-03-25 19:00:00.000,2007,3,25,19,05006KT,16,11
2007-03-25 20:00:00.000,2007,3,25,20,04006KT,15,11
2007-03-25 21:00:00.000,2007,3,25,21,09006KT,15,11
2007-03-25 22:00:00.000,2007,3,25,22,21006KT,15,11
2007-03-25 23:00:00.000,2007,3,25,23,23004KT,13,12
2007-03-26 00:00:00.000,2007,3,26,0,26005KT,12,11
2007-03-26 01:00:00.000,2007,3,26,1,28003KT,12,11
2007-03-26 02:00:00.000,2007,3,26,2,04003KT,11,10
2007-03-26 03:00:00.000,2007,3,26,3,03003KT,10,09
2007-03-26 04:00:00.000,2007,3,26,4,VRB02KT,10,09
2007-03-26 05:00:00.000,2007,3,26,5,00000KT,09,08
2007-03-26 06:00:00.000,2007,3,26,6,04003KT,09,08
2007-03-26 07:00:00.000,2007,3,26,7,03003KT,09,08
2007-03-26 10:00:00.000,2007,3,26,10,VRB02KT,09,08
2007-03-26 11:00:00.000,2007,3,26,11,03003KT,09,09
2007-03-26 12:00:00.000,2007,3,26,12,28004KT,09,09
2007-03-26 13:00:00.000,2007,3,26,13,00000KT,11,10
2007-03-26 14:00:00.000,2007,3,26,14,VRB02KT,14,12
2007-03-26 15:00:00.000,2007,3,26,15,25004KT,15,12
2007-03-26 16:00:00.000,2007,3,26,16,27007KT,16,12
2007-03-26 17:00:00.000,2007,3,26,17,29008KT,18,13
2007-03-26 18:00:00.000,2007,3,26,18,25012KT,18,13
2007-03-26 19:00:00.000,2007,3,26,19,25013KT,17,13
2007-03-26 21:00:00.000,2007,3,26,21,31006KT,19,13
2007-03-26 22:00:00.000,2007,3,26,22,27010KT,18,13
2007-03-26 23:00:00.000,2007,3,26,23,31010KT,15,13
2007-03-27 00:00:00.000,2007,3,27,0,28005KT,14,12
2007-03-27 01:00:00.000,2007,3,27,1,00000KT,14,10
2007-03-27 02:00:00.000,2007,3,27,2,00000KT,14,08
2007-03-27 03:00:00.000,2007,3,27,3,00000KT,14,10
2007-03-27 04:00:00.000,2007,3,27,4,00000KT,13,11
2007-03-27 05:00:00.000,2007,3,27,5,VRB02KT,13,12
2007-03-27 06:00:00.000,2007,3,27,6,00000KT,12,12
2007-03-27 07:00:00.000,2007,3,27,7,00000KT,12,12
2007-03-27 08:00:00.000,2007,3,27,8,00000KT,12,12
2007-03-27 09:00:00.000,2007,3,27,9,00000KT,12,11
2007-03-27 10:00:00.000,2007,3,27,10,00000KT,11,10
2007-03-27 11:00:00.000,2007,3,27,11,00000KT,10,10
2007-03-27 12:00:00.000,2007,3,27,12,VRB02KT,12,11
2007-03-27 13:00:00.000,2007,3,27,13,02004KT,14,12
2007-03-27 14:00:00.000,2007,3,27,14,VRB02KT,16,11
2007-03-27 15:00:00.000,2007,3,27,15,33007KT,17,09
2007-03-27 16:00:00.000,2007,3,27,16,27004KT,18,09
2007-03-27 17:00:00.000,2007,3,27,17,20012KT,17,13
2007-03-27 18:00:00.000,2007,3,27,18,24012KT,17,13
2007-03-27 20:00:00.000,2007,3,27,20,28006KT,14,13
2007-03-27 21:00:00.000,2007,3,27,21,33006KT,13,12
2007-03-27 22:00:00.000,2007,3,27,22,VRB02KT,14,12
2007-03-27 23:00:00.000,2007,3,27,23,33003KT,14,12
2007-03-28 02:00:00.000,2007,3,28,2,26006KT,13,12
2007-03-28 03:00:00.000,2007,3,28,3,27006KT,12,12
2007-03-28 08:00:00.000,2007,3,28,8,00000KT,12,11
2007-03-28 09:00:00.000,2007,3,28,9,00000KT,11,11
2007-03-28 10:00:00.000,2007,3,28,10,00000KT,10,10
2007-03-28 11:00:00.000,2007,3,28,11,02004KT,09,09
2007-03-28 12:00:00.000,2007,3,28,12,00000KT,10,10
2007-03-28 13:00:00.000,2007,3,28,13,02003KT,13,12
2007-03-28 14:00:00.000,2007,3,28,14,02003KT,15,13
2007-03-28 15:00:00.000,2007,3,28,15,VRB02KT,17,12
2007-03-28 16:00:00.000,2007,3,28,16,32004KT,17,12
2007-03-28 17:00:00.000,2007,3,28,17,21006KT,17,15
2007-03-28 18:00:00.000,2007,3,28,18,26009KT,15,13
2007-03-28 19:00:00.000,2007,3,28,19,29008KT,14,13
2007-03-28 20:00:00.000,2007,3,28,20,32006KT,14,12
2007-03-28 21:00:00.000,2007,3,28,21,27004KT,14,13
2007-03-28 22:00:00.000,2007,3,28,22,24005KT,14,13
2007-03-28 23:00:00.000,2007,3,28,23,26003KT,13,12
2007-03-29 00:00:00.000,2007,3,29,0,28004KT,13,12
2007-03-29 01:00:00.000,2007,3,29,1,27004KT,12,12
2007-03-29 02:00:00.000,2007,3,29,2,33003KT,12,12
2007-03-29 03:00:00.000,2007,3,29,3,VRB02KT,12,12
2007-03-29 04:00:00.000,2007,3,29,4,VRB02KT,12,12
2007-03-29 05:00:00.000,2007,3,29,5,VRB02KT,12,12
2007-03-29 06:00:00.000,2007,3,29,6,00000KT,12,12
2007-03-29 07:00:00.000,2007,3,29,7,VRB02KT,12,12
2007-03-29 08:00:00.000,2007,3,29,8,14006KT,12,12
2007-03-29 09:00:00.000,2007,3,29,9,04005KT,11,11
2007-03-29 10:00:00.000,2007,3,29,10,02006KT,11,11
2007-03-29 11:00:00.000,2007,3,29,11,04005KT,10,10
2007-03-29 12:00:00.000,2007,3,29,12,03007KT,11,10
2007-03-29 13:00:00.000,2007,3,29,13,04007KT,12,11
2007-03-29 14:00:00.000,2007,3,29,14,06006KT,15,12
2007-03-29 15:00:00.000,2007,3,29,15,34003KT,16,11
2007-03-29 16:00:00.000,2007,3,29,16,24005KT,17,10
2007-03-29 17:00:00.000,2007,3,29,17,03003KT,16,10
2007-03-29 19:00:00.000,2007,3,29,19,35006KT,16,14
2007-03-29 20:00:00.000,2007,3,29,20,35006KT,16,14
2007-03-29 21:00:00.000,2007,3,29,21,30008KT,15,14
2007-03-29 22:00:00.000,2007,3,29,22,28008KT,15,14
2007-03-29 23:00:00.000,2007,3,29,23,26004KT,14,13
2007-03-30 00:00:00.000,2007,3,30,0,VRB02KT,13,13
2007-03-30 01:00:00.000,2007,3,30,1,00000KT,12,12
2007-03-30 02:00:00.000,2007,3,30,2,0000KT,12,12
2007-03-30 03:00:00.000,2007,3,30,3,00000KT,12,12
2007-03-30 04:00:00.000,2007,3,30,4,00000KT,11,11
2007-03-30 05:00:00.000,2007,3,30,5,00000KT,11,11
2007-03-30 06:00:00.000,2007,3,30,6,00000KT,11,11
2007-03-30 07:00:00.000,2007,3,30,7,00000KT,10,10
2007-03-30 08:00:00.000,2007,3,30,8,34004KT,10,10
2007-03-30 09:00:00.000,2007,3,30,9,00000KT,09,09
2007-03-30 10:00:00.000,2007,3,30,10,00000KT,08,08
2007-03-30 11:00:00.000,2007,3,30,11,00000KT,07,07
2007-03-30 12:00:00.000,2007,3,30,12,02004KT,08,08
2007-03-30 13:00:00.000,2007,3,30,13,03004KT,10,10
2007-03-30 14:00:00.000,2007,3,30,14,10004KT,13,12
2007-03-30 15:00:00.000,2007,3,30,15,30004KT,15,13
2007-03-30 16:00:00.000,2007,3,30,16,05004KT,17,11
2007-03-30 17:00:00.000,2007,3,30,17,13004KT,17,11
2007-03-30 20:00:00.000,2007,3,30,20,08006KT,19,09
2007-03-30 21:00:00.000,2007,3,30,21,25007KT,16,14
2007-03-30 22:00:00.000,2007,3,30,22,27007KT,16,15
2007-03-31 05:00:00.000,2007,3,31,5,00000KT,12,11
2007-03-31 11:00:00.000,2007,3,31,11,32003KT,10,09
2007-03-31 12:00:00.000,2007,3,31,12,VRB02KT,10,10
2007-03-31 13:00:00.000,2007,3,31,13,04003KT,12,11
2007-03-31 14:00:00.000,2007,3,31,14,06004KT,14,13
2007-03-31 15:00:00.000,2007,3,31,15,09005KT,16,12
2007-03-31 16:00:00.000,2007,3,31,16,11006KT,17,09
2007-03-31 17:00:00.000,2007,3,31,17,11012KT,17,10
2007-03-31 18:00:00.000,2007,3,31,18,08010KT,17,10
2007-03-31 19:00:00.000,2007,3,31,19,10010KT,18,10
2007-03-31 20:00:00.000,2007,3,31,20,08008KT,18,09
2007-03-31 21:00:00.000,2007,3,31,21,12005KT,19,09
2007-03-31 22:00:00.000,2007,3,31,22,19005KT,19,08
2007-04-01 00:00:00.000,2007,4,1,0,14014KT,16,11
2007-04-01 02:00:00.000,2007,4,1,2,11006KT,14,10
2007-04-01 05:00:00.000,2007,4,1,5,06006KT,,
2007-04-01 10:00:00.000,2007,4,1,10,04005KT,10,09
2007-04-01 11:00:00.000,2007,4,1,11,05006KT,10,09
2007-04-01 12:00:00.000,2007,4,1,12,05008KT,11,11
2007-04-01 13:00:00.000,2007,4,1,13,05005KT,13,11
2007-04-01 15:00:00.000,2007,4,1,15,14004KT,18,08
2007-04-01 16:00:00.000,2007,4,1,16,05007KT,20,09
2007-04-01 17:00:00.000,2007,4,1,17,10010KT,19,09
2007-04-01 23:00:00.000,2007,4,1,23,07007KT,16,10
2007-04-02 14:00:00.000,2007,4,2,14,12004KT,16,13
2007-04-02 16:00:00.000,2007,4,2,16,35005KT,18,14
2007-04-02 20:00:00.000,2007,4,2,20,15006KT,18,09
2007-04-02 21:00:00.000,2007,4,2,21,07007KT,18,09
2007-04-02 22:00:00.000,2007,4,2,22,05008KT,18,10
2007-04-02 23:00:00.000,2007,4,2,23,11010KT,16,10
2007-04-03 01:00:00.000,2007,4,3,1,09006KT,14,11
2007-04-03 02:00:00.000,2007,4,3,2,05008KT,13,12
2007-04-03 03:00:00.000,2007,4,3,3,03005KT,14,12
2007-04-03 05:00:00.000,2007,4,3,5,35003KT,12,11
2007-04-03 06:00:00.000,2007,4,3,6,30003aKT,12,11
2007-04-03 07:00:00.000,2007,4,3,7,31003KT,12,11
2007-04-03 08:00:00.000,2007,4,3,8,VRB02KT,12,12
2007-04-03 09:00:00.000,2007,4,3,9,VRB02KT,12,11
2007-04-03 10:00:00.000,2007,4,3,10,02004KT,11,11
2007-04-03 11:00:00.000,2007,4,3,11,VRB02KT,11,11
2007-04-03 12:00:00.000,2007,4,3,12,VRB02KT,12,11
2007-04-03 14:00:00.000,2007,4,3,14,VRB02KT,15,13
2007-04-03 15:00:00.000,2007,4,3,15,14003KT,17,12
2007-04-03 16:00:00.000,2007,4,3,16,03004KT,17,12
2007-04-03 17:00:00.000,2007,4,3,17,VRB02KT,18,11
2007-04-03 18:00:00.000,2007,4,3,18,20004KT,19,10
2007-04-03 19:00:00.000,2007,4,3,19,29008KT,17,15
2007-04-03 20:00:00.000,2007,4,3,20,25006KT,15,14
2007-04-03 21:00:00.000,2007,4,3,21,29006KT,15,14
2007-04-03 22:00:00.000,2007,4,3,22,VRB02KT,16,13
2007-04-03 23:00:00.000,2007,4,3,23,30004KT,15,14
2007-04-04 00:00:00.000,2007,4,4,0,VRB02KT,14,13
2007-04-04 01:00:00.000,2007,4,4,1,00000KT,13,12
2007-04-04 02:00:00.000,2007,4,4,2,36007KT,12,12
2007-04-04 03:00:00.000,2007,4,4,3,VRB02KT,12,12
2007-04-04 04:00:00.000,2007,4,4,4,00000KT,12,12
2007-04-04 05:00:00.000,2007,4,4,5,00000KT,12,12
2007-04-04 06:00:00.000,2007,4,4,6,00000KT,11,11
2007-04-04 07:00:00.000,2007,4,4,7,VRB02KT,11,10
2007-04-04 08:00:00.000,2007,4,4,8,00000KT,11,11
2007-04-04 09:00:00.000,2007,4,4,9,00000KT,11,10
2007-04-04 10:00:00.000,2007,4,4,10,VRB02KT,11,11
2007-04-04 11:00:00.000,2007,4,4,11,00000KT,11,11
2007-04-04 12:00:00.000,2007,4,4,12,05003KT,12,11
2007-04-04 13:00:00.000,2007,4,4,13,VRB02KT,15,13
2007-04-04 14:00:00.000,2007,4,4,14,09004KT,16,13
2007-04-04 15:00:00.000,2007,4,4,15,12005KT,17,13
2007-04-04 16:00:00.000,2007,4,4,16,23009KT,16,13
2007-04-04 17:00:00.000,2007,4,4,17,24008KT,14,12
2007-04-04 18:00:00.000,2007,4,4,18,25008KT,16,13
2007-04-09 17:00:00.000,2007,4,9,17,10006KT,17,08
2007-04-09 18:00:00.000,2007,4,9,18,12012KT,17,07
2007-04-11 13:00:00.000,2007,4,11,13,10003KT,13,11
2007-04-11 14:00:00.000,2007,4,11,14,VRB02KT,15,14
2007-04-11 15:00:00.000,2007,4,11,15,00000KT,16,11
2007-04-11 16:00:00.000,2007,4,11,16,27005KT,18,11
2007-04-11 17:00:00.000,2007,4,11,17,VRB02KT,19,12
2007-04-11 18:00:00.000,2007,4,11,18,23008KT,20,13
2007-04-11 19:00:00.000,2007,4,11,19,26010KT,19,12
2007-04-11 20:00:00.000,2007,4,11,20,26011KT,19,13
2007-04-12 00:00:00.000,2007,4,12,0,30003KT,15,14
2007-04-12 01:00:00.000,2007,4,12,1,02004KT,13,12
2007-04-12 03:00:00.000,2007,4,12,3,01004KT,13,12
2007-04-12 04:00:00.000,2007,4,12,4,03003KT,13,12
2007-04-12 05:00:00.000,2007,4,12,5,04003KT,12,11
2007-04-12 06:00:00.000,2007,4,12,6,03003KT,12,11
2007-04-12 07:00:00.000,2007,4,12,7,04004KT,12,11
2007-04-12 08:00:00.000,2007,4,12,8,04004KT,12,11
2007-04-12 09:00:00.000,2007,4,12,9,VRB02KT,12,11
2007-04-12 10:00:00.000,2007,4,12,10,VRB02KT,11,10
2007-04-12 11:00:00.000,2007,4,12,11,VRB02KT,11,11
2007-04-12 13:00:00.000,2007,4,12,13,02003KT,14,13
2007-04-12 14:00:00.000,2007,4,12,14,01003KT,15,12
2007-04-12 16:00:00.000,2007,4,12,16,06003KT,18,12
2007-04-12 22:00:00.000,2007,4,12,22,28004KT,16,15
2007-04-12 23:00:00.000,2007,4,12,23,VRB02KT,15,15
2007-04-13 02:00:00.000,2007,4,13,2,03004KT,13,12
2007-04-13 03:00:00.000,2007,4,13,3,VRB02KT,12,11
2007-04-13 04:00:00.000,2007,4,13,4,VRB02KT,12,11
2007-04-13 05:00:00.000,2007,4,13,5,02004KT,12,11
2007-04-13 09:00:00.000,2007,4,13,9,04004KT,10,09
2007-04-13 10:00:00.000,2007,4,13,10,VRB02KT,10,09
2007-04-13 11:00:00.000,2007,4,13,11,03003KT,09,08
2007-04-13 12:00:00.000,2007,4,13,12,02004KT,11,11
2007-04-13 13:00:00.000,2007,4,13,13,07004KT,14,12
2007-04-13 14:00:00.000,2007,4,13,14,VRB02KT,16,09
2007-04-13 15:00:00.000,2007,4,13,15,16004KT,17,09
2007-04-13 16:00:00.000,2007,4,13,16,36004KT,18,09
2007-04-13 17:00:00.000,2007,4,13,17,08008KT,20,09
2007-04-13 18:00:00.000,2007,4,13,18,10007KT,21,09
2007-04-13 19:00:00.000,2007,4,13,19,03005KT,20,07
2007-04-13 20:00:00.000,2007,4,13,20,03007KT,20,07
2007-04-13 21:00:00.000,2007,4,13,21,28008KT,18,13
2007-04-13 22:00:00.000,2007,4,13,22,27008KT,17,15
2007-04-13 23:00:00.000,2007,4,13,23,VRB02KT,15,15
2007-04-14 00:00:00.000,2007,4,14,0,16006KT,14,13
2007-04-14 01:00:00.000,2007,4,14,1,33003KT,14,13
2007-04-14 02:00:00.000,2007,4,14,2,36003KT,13,13
2007-04-14 03:00:00.000,2007,4,14,3,01003KT,12,12
2007-04-14 04:00:00.000,2007,4,14,4,VRB02KT,11,11
2007-04-14 05:00:00.000,2007,4,14,5,VRB02KT,11,11
2007-04-14 07:00:00.000,2007,4,14,7,VRB02KT,09,09
2007-04-14 08:00:00.000,2007,4,14,8,02004KT,08,08
2007-04-14 09:00:00.000,2007,4,14,9,34004KT,08,07
2007-04-14 10:00:00.000,2007,4,14,10,32003KT,07,07
2007-04-14 11:00:00.000,2007,4,14,11,VRB02KT,07,06
2007-04-14 12:00:00.000,2007,4,14,12,00000KT,08,08
2007-04-14 13:00:00.000,2007,4,14,13,32004KT,11,10
2007-04-14 14:00:00.000,2007,4,14,14,00000KT,15,14
2007-04-14 15:00:00.000,2007,4,14,15,27004KT,17,11
2007-04-14 16:00:00.000,2007,4,14,16,VRB02KT,18,10
2007-04-14 18:00:00.000,2007,4,14,18,29005KT,20,10
2007-04-14 19:00:00.000,2007,4,14,19,26012KT,16,13
2007-04-14 20:00:00.000,2007,4,14,20,24009KT,15,14
2007-04-14 21:00:00.000,2007,4,14,21,23007KT,15,14
2007-04-14 22:00:00.000,2007,4,14,22,24006KT,15,14
2007-04-14 23:00:00.000,2007,4,14,23,VRB02KT,14,13
2007-04-15 00:00:00.000,2007,4,15,0,30003KT,14,12
2007-04-15 01:00:00.000,2007,4,15,1,30005KT,13,12
2007-04-15 02:00:00.000,2007,4,15,2,VRB02KT,12,12
2007-04-15 04:00:00.000,2007,4,15,4,00000KT,12,11
2007-04-15 07:00:00.000,2007,4,15,7,00000KT,11,10
2007-04-15 10:00:00.000,2007,4,15,10,VRB02KT,08,08
2007-04-15 12:00:00.000,2007,4,15,12,00000KT,09,09
2007-04-15 13:00:00.000,2007,4,15,13,00000KT,13,12
2007-04-15 14:00:00.000,2007,4,15,14,09006KT,16,12
2007-04-15 15:00:00.000,2007,4,15,15,12006KT,18,09
2007-04-15 18:00:00.000,2007,4,15,18,17008KT,21,06
2007-04-15 19:00:00.000,2007,4,15,19,26010KT,18,13
2007-04-15 20:00:00.000,2007,4,15,20,29012KT,17,13
2007-04-15 21:00:00.000,2007,4,15,21,27011KT,18,13
2007-04-15 22:00:00.000,2007,4,15,22,28010KT,18,13
2007-04-15 23:00:00.000,2007,4,15,23,27010KT,16,12
2007-04-16 01:00:00.000,2007,4,16,1,28003KT,14,12
2007-04-16 02:00:00.000,2007,4,16,2,VRB02KT,13,12
2007-04-16 03:00:00.000,2007,4,16,3,VRB02KT,13,12
2007-04-16 04:00:00.000,2007,4,16,4,32003KT,12,11
2007-04-16 06:00:00.000,2007,4,16,6,VRB02KT,11,10
2007-04-16 07:00:00.000,2007,4,16,7,02005KT,10,10
2007-04-16 08:00:00.000,2007,4,16,8,VRB02KT,10,10
2007-04-16 09:00:00.000,2007,4,16,9,00000KT,10,09
2007-04-16 10:00:00.000,2007,4,16,10,29004KT,10,10
2007-04-16 11:00:00.000,2007,4,16,11,VRB02KT,10,10
2007-04-16 12:00:00.000,2007,4,16,12,02004KT,11,11
2007-04-16 13:00:00.000,2007,4,16,13,36003KT,11,11
2007-04-16 14:00:00.000,2007,4,16,14,VRB02KT,12,11
2007-04-16 16:00:00.000,2007,4,16,16,16004KT,14,13
2007-04-16 17:00:00.000,2007,4,16,17,18006KT,14,13
2007-04-16 18:00:00.000,2007,4,16,18,03004KT,14,11
2007-04-16 19:00:00.000,2007,4,16,19,05004KT,16,11
2007-04-16 20:00:00.000,2007,4,16,20,24004KT,18,11
2007-04-16 21:00:00.000,2007,4,16,21,22008KT,15,13
2007-04-17 11:00:00.000,2007,4,17,11,VRB02KT,09,09
2007-04-17 12:00:00.000,2007,4,17,12,04006KT,11,10
2007-04-17 14:00:00.000,2007,4,17,14,12004KT,17,12
2007-04-17 15:00:00.000,2007,4,17,15,11007KT,17,10
2007-04-17 16:00:00.000,2007,4,17,16,20005KT,17,0
2007-04-17 19:00:00.000,2007,4,17,19,33004KT,17,13
2007-04-17 21:00:00.000,2007,4,17,21,31005KT,18,13
2007-04-17 22:00:00.000,2007,4,17,22,26005KT,18,13
2007-04-17 23:00:00.000,2007,4,17,23,22004KT,16,13
2007-04-18 01:00:00.000,2007,4,18,1,VRB02KT,13,11
2007-04-18 02:00:00.000,2007,4,18,2,VRB02KT,12,11
2007-04-18 03:00:00.000,2007,4,18,3,VRB02KT,12,11
2007-04-18 13:00:00.000,2007,4,18,13,03005KT,13,12
2007-04-18 14:00:00.000,2007,4,18,14,03006KT,15,13
2007-04-18 15:00:00.000,2007,4,18,15,02003KT,16,12
2007-04-18 16:00:00.000,2007,4,18,16,05005KT,17,11
2007-04-18 17:00:00.000,2007,4,18,17,11005KT,19,12
2007-04-18 18:00:00.000,2007,4,18,18,22012KT,19,13
2007-04-18 19:00:00.000,2007,4,18,19,26007KT,17,15
2007-04-18 20:00:00.000,2007,4,18,20,28010KT,17,15
2007-04-18 21:00:00.000,2007,4,18,21,28013KT,16,13
2007-04-18 22:00:00.000,2007,4,18,22,31011KT,16,14
2007-04-18 23:00:00.000,2007,4,18,23,29007KT,15,13
2007-04-19 00:00:00.000,2007,4,19,0,VRB02KT,14,12
2007-04-19 01:00:00.000,2007,4,19,1,VRB02KT,13,12
2007-04-19 03:00:00.000,2007,4,19,3,VRB02KT,12,12
2007-04-19 04:00:00.000,2007,4,19,4,00000KT,12,11
2007-04-19 05:00:00.000,2007,4,19,5,00000KT,11,11
2007-04-19 06:00:00.000,2007,4,19,6,00000KT,10,10
2007-04-19 07:00:00.000,2007,4,19,7,00000KT,10,10
2007-04-19 08:00:00.000,2007,4,19,8,35004KT,10,10
2007-04-19 09:00:00.000,2007,4,19,9,00000KT,10,10
2007-04-19 10:00:00.000,2007,4,19,10,00000KT,10,10
2007-04-19 11:00:00.000,2007,4,19,11,00000KT,10,10
2007-04-19 12:00:00.000,2007,4,19,12,29004KT,11,11
2007-04-19 13:00:00.000,2007,4,19,13,31003KT,14,12
2007-04-19 14:00:00.000,2007,4,19,14,32004KT,16,14
2007-04-19 15:00:00.000,2007,4,19,15,29005KT,17,14
2007-04-19 16:00:00.000,2007,4,19,16,24012KT,18,15
2007-04-19 17:00:00.000,2007,4,19,17,26007KT,18,14
2007-04-19 18:00:00.000,2007,4,19,18,23010KT,18,14
2007-04-19 19:00:00.000,2007,4,19,19,24012KT,14,14
2007-04-19 20:00:00.000,2007,4,19,20,25008KT,14,14
2007-04-19 22:00:00.000,2007,4,19,22,06006KT,13,13
2007-04-19 23:00:00.000,2007,4,19,23,02006KT,11,11
2007-04-20 00:00:00.000,2007,4,20,0,34004KT,12,11
2007-04-20 01:00:00.000,2007,4,20,1,00000KT,12,11
2007-04-20 02:00:00.000,2007,4,20,2,02004KT,12,11
2007-04-20 03:00:00.000,2007,4,20,3,VRB02KT,12,12
2007-04-20 04:00:00.000,2007,4,20,4,04004KT,11,11
2007-04-20 05:00:00.000,2007,4,20,5,01004KT,11,11
2007-04-20 06:00:00.000,2007,4,20,6,00000KT,11,11
2007-04-20 07:00:00.000,2007,4,20,7,00000KT,11,10
2007-04-20 08:00:00.000,2007,4,20,8,00000KT,10,09
2007-04-20 09:00:00.000,2007,4,20,9,00000KT,09,09
2007-04-20 10:00:00.000,2007,4,20,10,00000KT,09,09
2007-04-20 11:00:00.000,2007,4,20,11,00000KT,09,09
2007-04-20 12:00:00.000,2007,4,20,12,VRB02KT,10,09
2007-04-20 13:00:00.000,2007,4,20,13,00000KT,11,11
2007-04-20 14:00:00.000,2007,4,20,14,VRB02KT,12,12
2007-04-20 15:00:00.000,2007,4,20,15,26005KT,14,13
2007-04-20 16:00:00.000,2007,4,20,16,26007KT,12,12
2007-04-20 17:00:00.000,2007,4,20,17,24004KT,13,13
2007-04-20 18:00:00.000,2007,4,20,18,23004KT,14,13
2007-04-20 19:00:00.000,2007,4,20,19,35005KT,15,13
2007-04-20 20:00:00.000,2007,4,20,20,35006KT,15,13
2007-04-20 21:00:00.000,2007,4,20,21,03007KT,13,12
2007-04-20 23:00:00.000,2007,4,20,23,26005KT,12,11
2007-04-21 01:00:00.000,2007,4,21,1,22003KT,11,11
2007-04-21 02:00:00.000,2007,4,21,2,00000KT,11,11
2007-04-21 03:00:00.000,2007,4,21,3,20004KT,11,11
2007-04-21 09:00:00.000,2007,4,21,9,00000KT,10,10
2007-04-21 10:00:00.000,2007,4,21,10,00000KT,10,10
2007-04-21 11:00:00.000,2007,4,21,11,00000KT,10,09
2007-04-21 12:00:00.000,2007,4,21,12,00000KT,10,10
2007-04-21 13:00:00.000,2007,4,21,13,01003KT,12,10
2007-04-21 14:00:00.000,2007,4,21,14,02003KT,14,12
2007-04-21 15:00:00.000,2007,4,21,15,05006KT,15,13
2007-04-21 16:00:00.000,2007,4,21,16,02004KT,16,12
2007-04-21 17:00:00.000,2007,4,21,17,VRB02KT,17,12
2007-04-21 18:00:00.000,2007,4,21,18,VRB02KT,17,11
2007-04-21 19:00:00.000,2007,4,21,19,28003KT,18,11
2007-04-21 20:00:00.000,2007,4,21,20,14008KT,17,12
2007-04-21 21:00:00.000,2007,4,21,21,26008KT,12,11
2007-04-21 22:00:00.000,2007,4,21,22,29005KT,12,11
2007-04-21 23:00:00.000,2007,4,21,23,28005KT,12,12
2007-04-22 00:00:00.000,2007,4,22,0,00000KT,12,11
2007-04-22 02:00:00.000,2007,4,22,2,00000KT,11,11
2007-04-22 03:00:00.000,2007,4,22,3,00000KT,11,11
2007-04-22 04:00:00.000,2007,4,22,4,00000KT,11,11
2007-04-22 05:00:00.000,2007,4,22,5,00000KT,11,11
2007-04-22 06:00:00.000,2007,4,22,6,00000KT,11,11
2007-04-22 07:00:00.000,2007,4,22,7,00000KT,11,11
2007-04-22 08:00:00.000,2007,4,22,8,00000KT,11,10
2007-04-22 09:00:00.000,2007,4,22,9,00000KT,11,11
2007-04-22 10:00:00.000,2007,4,22,10,00000KT,11,11
2007-04-22 11:00:00.000,2007,4,22,11,00000KT,10,10
2007-04-22 12:00:00.000,2007,4,22,12,VRB02KT,11,11
2007-04-22 14:00:00.000,2007,4,22,14,07004KT,14,13
2007-04-22 15:00:00.000,2007,4,22,15,VRB02KT,16,13
2007-04-22 16:00:00.000,2007,4,22,16,VRB02KT,17,13
2007-04-22 17:00:00.000,2007,4,22,17,06003KT,16,13
2007-04-22 19:00:00.000,2007,4,22,19,27007KT,17,14
2007-04-22 20:00:00.000,2007,4,22,20,00000KT,17,13
2007-04-22 21:00:00.000,2007,4,22,21,05006KT,17,13
2007-04-22 22:00:00.000,2007,4,22,22,27007KT,15,13
2007-04-22 23:00:00.000,2007,4,22,23,27006KT,14,11
2007-04-23 01:00:00.000,2007,4,23,1,02003KT,13,11
2007-04-23 03:00:00.000,2007,4,23,3,03003KT,13,11
2007-04-23 04:00:00.000,2007,4,23,4,02004KT,12,11
2007-04-23 05:00:00.000,2007,4,23,5,VRB02KT,11,11
2007-04-23 06:00:00.000,2007,4,23,6,VRB02KT,11,10
2007-04-23 07:00:00.000,2007,4,23,7,25003KT,11,10
2007-04-23 08:00:00.000,2007,4,23,8,00000KT,11,11
2007-04-23 09:00:00.000,2007,4,23,9,00000KT,11,11
2007-04-23 10:00:00.000,2007,4,23,10,VRB02KT,12,11
2007-04-23 11:00:00.000,2007,4,23,11,04005KT,12,11
2007-04-23 12:00:00.000,2007,4,23,12,08004KT,13,12
2007-04-23 13:00:00.000,2007,4,23,13,12003KT,15,12
2007-04-23 14:00:00.000,2007,4,23,14,10008KT,17,12
2007-04-23 15:00:00.000,2007,4,23,15,11007KT,18,10
2007-04-23 16:00:00.000,2007,4,23,16,24010KT,17,12
2007-04-23 17:00:00.000,2007,4,23,17,23010KT,16,13
2007-04-23 18:00:00.000,2007,4,23,18,25006KT,17,14
2007-04-23 19:00:00.000,2007,4,23,19,24006KT,20,11
2007-04-23 21:00:00.000,2007,4,23,21,22008KT,16,14
2007-04-23 22:00:00.000,2007,4,23,22,20004KT,15,14
2007-04-23 23:00:00.000,2007,4,23,23,30006KT,15,14
2007-04-24 01:00:00.000,2007,4,24,1,30004KT,13,13
2007-04-24 02:00:00.000,2007,4,24,2,0000KT,13,13
2007-04-24 03:00:00.000,2007,4,24,3,00000KT,13,13
2007-04-24 04:00:00.000,2007,4,24,4,00000KT,12,12
2007-04-24 05:00:00.000,2007,4,24,5,00000KT,12,12
2007-04-24 06:00:00.000,2007,4,24,6,00000KT,12,11
2007-04-24 07:00:00.000,2007,4,24,7,VRB02KT,12,11
2007-04-24 08:00:00.000,2007,4,24,8,VRB02KT,11,10
2007-04-24 09:00:00.000,2007,4,24,9,01004KT,11,10
2007-04-24 10:00:00.000,2007,4,24,10,00000KT,10,10
2007-04-24 11:00:00.000,2007,4,24,11,03004KT,10,09
2007-04-24 12:00:00.000,2007,4,24,12,03004KT,11,11
2007-04-24 13:00:00.000,2007,4,24,13,VRB02KT,14,13
2007-04-24 15:00:00.000,2007,4,24,15,03007KT,16,13
2007-04-24 16:00:00.000,2007,4,24,16,01010KT,17,09
2007-04-24 17:00:00.000,2007,4,24,17,11010KT,18,09
2007-04-24 18:00:00.000,2007,4,24,18,04010KT,19,09
2007-04-24 19:00:00.000,2007,4,24,19,24012KT,17,14
2007-04-24 20:00:00.000,2007,4,24,20,23010KT,18,14
2007-04-24 21:00:00.000,2007,4,24,21,23012KT,17,14
2007-04-24 22:00:00.000,2007,4,24,22,23012KT,17,14
2007-04-24 23:00:00.000,2007,4,24,23,29006KT,16,14
2007-04-25 00:00:00.000,2007,4,25,0,24006KT,14,13
2007-04-25 01:00:00.000,2007,4,25,1,30004KT,13,12
2007-04-25 02:00:00.000,2007,4,25,2,35003KT,13,13
2007-04-25 03:00:00.000,2007,4,25,3,04004KT,13,12
2007-04-25 04:00:00.000,2007,4,25,4,04003KT,12,12
2007-04-25 05:00:00.000,2007,4,25,5,02003KT,11,11
2007-04-25 06:00:00.000,2007,4,25,6,03004KT,11,11
2007-04-25 07:00:00.000,2007,4,25,7,01003KT,11,11
2007-04-25 08:00:00.000,2007,4,25,8,32004KT,11,11
2007-04-25 09:00:00.000,2007,4,25,9,33003KT,11,10
2007-04-25 10:00:00.000,2007,4,25,10,VRB02KT,11,10
2007-04-25 11:00:00.000,2007,4,25,11,VRB02KT,10,10
2007-04-25 12:00:00.000,2007,4,25,12,VRB02KT,11,11
2007-04-25 13:00:00.000,2007,4,25,13,03003KT,13,11
2007-04-25 14:00:00.000,2007,4,25,14,02003KT,15,12
2007-04-25 15:00:00.000,2007,4,25,15,06004KT,16,12
2007-04-25 16:00:00.000,2007,4,25,16,VRB02KT,17,11
2007-04-25 17:00:00.000,2007,4,25,17,16004KT,18,11
2007-04-25 18:00:00.000,2007,4,25,18,22008KT,17,14
2007-04-25 19:00:00.000,2007,4,25,19,32004KT,15,14
2007-04-25 20:00:00.000,2007,4,25,20,30012KT,15,12
2007-04-25 21:00:00.000,2007,4,25,21,27011KT,16,13
2007-04-25 22:00:00.000,2007,4,25,22,27009KT,16,13
2007-04-25 23:00:00.000,2007,4,25,23,30007KT,15,12
2007-04-26 00:00:00.000,2007,4,26,0,31006KT,13,12
2007-04-26 02:00:00.000,2007,4,26,2,VRB02KT,13,12
2007-04-26 03:00:00.000,2007,4,26,3,00000KT,12,11
2007-04-26 04:00:00.000,2007,4,26,4,VRB02KT,12,11
2007-04-26 05:00:00.000,2007,4,26,5,00000KT,12,11
2007-04-26 06:00:00.000,2007,4,26,6,VRB02KT,11,10
2007-04-26 08:00:00.000,2007,4,26,8,27003KT,11,10
2007-04-26 10:00:00.000,2007,4,26,10,VRB02KT,11,10
2007-04-26 11:00:00.000,2007,4,26,11,00000KT,11,10
2007-04-26 12:00:00.000,2007,4,26,12,00000KT,12,12
2007-04-26 13:00:00.000,2007,4,26,13,02004KT,14,13
2007-04-26 14:00:00.000,2007,4,26,14,01007KT,15,13
2007-04-26 15:00:00.000,2007,4,26,15,02005KT,16,12
2007-04-26 22:00:00.000,2007,4,26,22,27005KT,15,14
2007-04-27 02:00:00.000,2007,4,27,2,30013KT,12,12
2007-04-27 03:00:00.000,2007,4,27,3,VRB02KT,11,11
2007-04-27 04:00:00.000,2007,4,27,4,00000KT,11,11
2007-04-27 10:00:00.000,2007,4,27,10,00000KT,11,10
2007-04-27 11:00:00.000,2007,4,27,11,VRB02KT,10,10
2007-04-27 13:00:00.000,2007,4,27,13,VRBO2KT,14,12
2007-04-27 14:00:00.000,2007,4,27,14,VRB02KT,16,12
2007-04-27 15:00:00.000,2007,4,27,15,20006KT,17,14
2007-04-27 16:00:00.000,2007,4,27,16,25006KT,17,12
2007-04-27 17:00:00.000,2007,4,27,17,25008KT,17,13
2007-04-27 19:00:00.000,2007,4,27,19,25006KT,18,13
2007-04-27 20:00:00.000,2007,4,27,20,26008KT,17,14
2007-04-27 21:00:00.000,2007,4,27,21,28008KT,17,13
2007-04-28 00:00:00.000,2007,4,28,0,VRB02KT,13,13
2007-04-28 02:00:00.000,2007,4,28,2,00000KT,12,12
2007-04-28 03:00:00.000,2007,4,28,3,00000KT,11,11
2007-04-28 04:00:00.000,2007,4,28,4,00000KT,11,11
2007-04-28 05:00:00.000,2007,4,28,5,VRB02KT,11,11
2007-04-28 06:00:00.000,2007,4,28,6,35004KT,11,11
2007-04-28 07:00:00.000,2007,4,28,7,00000KT,11,10
2007-04-28 08:00:00.000,2007,4,28,8,00000KT,10,10
2007-04-28 09:00:00.000,2007,4,28,9,00000KT,10,10
2007-04-28 10:00:00.000,2007,4,28,10,VRB02KT,10,10
2007-04-28 11:00:00.000,2007,4,28,11,00000KT,10,09
2007-04-28 13:00:00.000,2007,4,28,13,04003KT,14,11
2007-04-28 15:00:00.000,2007,4,28,15,22004KT,15,12
2007-04-28 16:00:00.000,2007,4,28,16,35004KT,17,11
2007-04-28 17:00:00.000,2007,4,28,17,12010KT,19,10
2007-04-28 18:00:00.000,2007,4,28,18,35004KT,18,11
2007-04-28 19:00:00.000,2007,4,28,19,23007KT,17,13
2007-04-28 20:00:00.000,2007,4,28,20,30010KT,17,15
2007-04-28 21:00:00.000,2007,4,28,21,25005KT,17,15
2007-04-28 23:00:00.000,2007,4,28,23,25004KT,15,15
2007-04-29 03:00:00.000,2007,4,29,3,31004KT,13,12
2007-04-29 04:00:00.000,2007,4,29,4,VRB02KT,12,12
2007-04-29 05:00:00.000,2007,4,29,5,VRB02KT,12,12
2007-04-29 06:00:00.000,2007,4,29,6,19005KT,11,10
2007-04-29 08:00:00.000,2007,4,29,8,15003KT,11,10
2007-04-29 09:00:00.000,2007,4,29,9,15003KT,10,10
2007-04-29 10:00:00.000,2007,4,29,10,11004KT,11,10
2007-04-29 12:00:00.000,2007,4,29,12,VRB02KT,11,10
2007-04-29 13:00:00.000,2007,4,29,13,02003KT,13,12
2007-04-29 14:00:00.000,2007,4,29,14,30004KT,14,12
2007-04-29 15:00:00.000,2007,4,29,15,03006KT,15,12
2007-04-29 16:00:00.000,2007,4,29,16,07008KT,16,11
2007-04-29 17:00:00.000,2007,4,29,17,08010KT,16,11
2007-04-29 18:00:00.000,2007,4,29,18,07008KT,16,11
2007-04-29 19:00:00.000,2007,4,29,19,06008KT,17,10
2007-04-29 20:00:00.000,2007,4,29,20,05007KT,17,10
2007-04-29 21:00:00.000,2007,4,29,21,07007KT,17,11
2007-04-30 00:00:00.000,2007,4,30,0,VRB02KT,15,11
2007-04-30 01:00:00.000,2007,4,30,1,VRB02KT,15,12
2007-04-30 02:00:00.000,2007,4,30,2,VRB02KT,14,13
2007-04-30 03:00:00.000,2007,4,30,3,00000KT,13,13
2007-04-30 04:00:00.000,2007,4,30,4,00000KT,12,12
2007-04-30 05:00:00.000,2007,4,30,5,00000KT,12,12
2007-04-30 06:00:00.000,2007,4,30,6,00000KT,12,12
2007-04-30 07:00:00.000,2007,4,30,7,00000KT,12,11
2007-04-30 09:00:00.000,2007,4,30,9,00000KT,11,11
2007-04-30 10:00:00.000,2007,4,30,10,01004KT,10,10
2007-04-30 11:00:00.000,2007,4,30,11,VRB02KT,09,09
2007-04-30 12:00:00.000,2007,4,30,12,03004KT,12,10
2007-04-30 13:00:00.000,2007,4,30,13,03006KT,14,11
2007-04-30 14:00:00.000,2007,4,30,14,04005KT,15,11
2007-04-30 15:00:00.000,2007,4,30,15,14006KT,17,11
2007-04-30 16:00:00.000,2007,4,30,16,14009KT,18,11
2007-04-30 17:00:00.000,2007,4,30,17,10010KT,18,09
2007-04-30 18:00:00.000,2007,4,30,18,11008KT,18,09
2007-04-30 19:00:00.000,2007,4,30,19,07007KT,19,09
2007-04-30 20:00:00.000,2007,4,30,20,12007KT,18,11
2007-04-30 21:00:00.000,2007,4,30,21,24007KT,16,13
2007-04-30 22:00:00.000,2007,4,30,22,23008KT,16,13
2007-04-30 23:00:00.000,2007,4,30,23,24004KT,14,13
2007-05-01 00:00:00.000,2007,5,1,0,00000KT,13,12
2007-05-01 02:00:00.000,2007,5,1,2,01004KT,13,12
2007-05-01 04:00:00.000,2007,5,1,4,VRB02KT,12,11
2007-05-01 05:00:00.000,2007,5,1,5,00000KT,12,11
2007-05-01 07:00:00.000,2007,5,1,7,03003KT,12,11
2007-05-01 08:00:00.000,2007,5,1,8,02003KT,12,11
2007-05-01 10:00:00.000,2007,5,1,10,VRB02KT,11,10
2007-05-01 11:00:00.000,2007,5,1,11,02004KT,11,10
2007-05-01 13:00:00.000,2007,5,1,13,06005KT,14,11
2007-05-01 14:00:00.000,2007,5,1,14,03010KT,14,12
2007-05-01 15:00:00.000,2007,5,1,15,06006KT,14,11
2007-05-01 16:00:00.000,2007,5,1,16,08004KT,17,11
2007-05-01 17:00:00.000,2007,5,1,17,06005KT,17,10
2007-05-01 18:00:00.000,2007,5,1,18,VRB02KT,17,09
2007-05-01 19:00:00.000,2007,5,1,19,05007KT,16,11
2007-05-01 20:00:00.000,2007,5,1,20,08007KT,18,10
2007-05-01 21:00:00.000,2007,5,1,21,07009KT,17,10
2007-05-01 22:00:00.000,2007,5,1,22,02009KT,16,10
2007-05-01 23:00:00.000,2007,5,1,23,VRB02KT,15,12
2007-05-02 00:00:00.000,2007,5,2,0,28004KT,13,11
2007-05-02 01:00:00.000,2007,5,2,1,VRB02KT,12,11
2007-05-02 02:00:00.000,2007,5,2,2,VRB02KT,12,11
2007-05-02 03:00:00.000,2007,5,2,3,35004KT,12,11
2007-05-02 04:00:00.000,2007,5,2,4,04005KT,11,10
2007-05-02 05:00:00.000,2007,5,2,5,01005KT,11,10
2007-05-02 06:00:00.000,2007,5,2,6,05003KT,10,09
2007-05-02 07:00:00.000,2007,5,2,7,35003KT,10,10
2007-05-02 08:00:00.000,2007,5,2,8,VRB02KT,10,09
2007-05-02 09:00:00.000,2007,5,2,9,VRB02KT,10,10
2007-05-02 10:00:00.000,2007,5,2,10,00000KT,09,09
2007-05-02 11:00:00.000,2007,5,2,11,VRB02KT,08,08
2007-05-02 12:00:00.000,2007,5,2,12,03004KT,10,09
2007-05-02 13:00:00.000,2007,5,2,13,03006KT,12,11
2007-05-02 14:00:00.000,2007,5,2,14,08006KT,14,12
2007-05-02 15:00:00.000,2007,5,2,15,07007KT,15,12
2007-05-02 17:00:00.000,2007,5,2,17,10008KT,18,10
2007-05-02 18:00:00.000,2007,5,2,18,08010KT,19,09
2007-05-02 19:00:00.000,2007,5,2,19,13010KT,17,09
2007-05-02 20:00:00.000,2007,5,2,20,08008KT,17,09
2007-05-02 21:00:00.000,2007,5,2,21,10009KT,17,09
2007-05-02 22:00:00.000,2007,5,2,22,03008KT,17,10
2007-05-02 23:00:00.000,2007,5,2,23,07006KT,17,10
2007-05-03 11:00:00.000,2007,5,3,11,04005KT,11,10
2007-05-03 12:00:00.000,2007,5,3,12,06006KT,12,10
2007-05-03 13:00:00.000,2007,5,3,13,05005KT,13,11
2007-05-03 14:00:00.000,2007,5,3,14,02006KT,14,12
2007-05-03 15:00:00.000,2007,5,3,15,05004KT,14,12
2007-05-03 16:00:00.000,2007,5,3,16,13005KT,14,13
2007-05-03 17:00:00.000,2007,5,3,17,18008KT,14,13
2007-05-03 18:00:00.000,2007,5,3,18,VRB02KT,16,12
2007-05-03 19:00:00.000,2007,5,3,19,35003KT,16,12
2007-05-03 20:00:00.000,2007,5,3,20,06006KT,17,12
2007-05-03 21:00:00.000,2007,5,3,21,08010KT,17,12
2007-05-03 22:00:00.000,2007,5,3,22,14010KT,17,10
2007-05-04 02:00:00.000,2007,5,4,2,05004KT,13,12
2007-05-04 03:00:00.000,2007,5,4,3,08005KT,14,11
2007-05-04 04:00:00.000,2007,5,4,4,VRB02KT,13,12
2007-05-04 05:00:00.000,2007,5,4,5,36004KT,12,12
2007-05-04 06:00:00.000,2007,5,4,6,00000KT,12,12
2007-05-04 07:00:00.000,2007,5,4,7,03004KT,12,12
2007-05-04 08:00:00.000,2007,5,4,8,00000KT,12,12
2007-05-04 09:00:00.000,2007,5,4,9,00000KT,12,12
2007-05-04 10:00:00.000,2007,5,4,10,VRB02KT,11,11
2007-05-04 11:00:00.000,2007,5,4,11,00000KT,11,11
2007-05-04 12:00:00.000,2007,5,4,12,VRB02KT,12,11
2007-05-04 13:00:00.000,2007,5,4,13,05006KT,14,12
2007-05-04 14:00:00.000,2007,5,4,14,VRB02KT,15,11
2007-05-04 15:00:00.000,2007,5,4,15,VRB02KT,15,11
2007-05-04 16:00:00.000,2007,5,4,16,03007KT,16,11
2007-05-04 17:00:00.000,2007,5,4,17,05006KT,15,14
2007-05-04 18:00:00.000,2007,5,4,18,30003KT,15,14
2007-05-04 19:00:00.000,2007,5,4,19,31006KT,15,14
2007-05-04 20:00:00.000,2007,5,4,20,02006KT,17,14
2007-05-04 21:00:00.000,2007,5,4,21,01006KT,16,13
2007-05-04 22:00:00.000,2007,5,4,22,25008KT,16,13
2007-05-04 23:00:00.000,2007,5,4,23,30003KT,15,14
2007-05-05 04:00:00.000,2007,5,5,4,VRB02KT,12,11
2007-05-05 05:00:00.000,2007,5,5,5,VRB02KT,12,11
2007-05-05 06:00:00.000,2007,5,5,6,VRB02KT,12,11
2007-05-05 07:00:00.000,2007,5,5,7,29003KT,11,11
2007-05-05 08:00:00.000,2007,5,5,8,00000KT,11,10
2007-05-05 09:00:00.000,2007,5,5,9,00000KT,10,09
2007-05-05 10:00:00.000,2007,5,5,10,VRB02KT,09,09
2007-05-05 11:00:00.000,2007,5,5,11,02003KT,08,08
2007-05-05 12:00:00.000,2007,5,5,12,02004KT,11,11
2007-05-05 13:00:00.000,2007,5,5,13,32004KT,13,11
2007-05-05 14:00:00.000,2007,5,5,14,06006KT,16,12
2007-05-05 16:00:00.000,2007,5,5,16,12005KT,18,10
2007-05-05 17:00:00.000,2007,5,5,17,13008KT,19,10
2007-05-05 18:00:00.000,2007,5,5,18,11011KT,19,09
2007-05-05 20:00:00.000,2007,5,5,20,11009KT,20,09
2007-05-05 21:00:00.000,2007,5,5,21,10008KT,19,09
2007-05-05 22:00:00.000,2007,5,5,22,09006KT,20,08
2007-05-05 23:00:00.000,2007,5,5,23,23007KT,17,14
2007-05-06 00:00:00.000,2007,5,6,0,30004KT,15,15
2007-05-06 01:00:00.000,2007,5,6,1,VRB02KT,13,13
2007-05-06 02:00:00.000,2007,5,6,2,VRB02KT,12,12
2007-05-06 03:00:00.000,2007,5,6,3,00000KT,12,12
2007-05-06 04:00:00.000,2007,5,6,4,03005KT,11,11
2007-05-06 05:00:00.000,2007,5,6,5,07004KT,12,11
2007-05-06 06:00:00.000,2007,5,6,6,VRB02KT,11,10
2007-05-06 07:00:00.000,2007,5,6,7,VRB02KT,10,10
2007-05-06 08:00:00.000,2007,5,6,8,00000KT,09,09
2007-05-06 09:00:00.000,2007,5,6,9,03004KT,09,08
2007-05-06 10:00:00.000,2007,5,6,10,VRB02KT,08,07
2007-05-06 11:00:00.000,2007,5,6,11,VRB02KT,07,07
2007-05-06 12:00:00.000,2007,5,6,12,00000KT,09,08
2007-05-06 13:00:00.000,2007,5,6,13,03004KT,14,13
2007-05-06 14:00:00.000,2007,5,6,14,07005KT,16,14
2007-05-06 15:00:00.000,2007,5,6,15,19004KT,17,11
2007-05-06 16:00:00.000,2007,5,6,16,29003KT,18,13
2007-05-06 17:00:00.000,2007,5,6,17,35004KT,18,12
2007-05-06 18:00:00.000,2007,5,6,18,15004KT,19,10
2007-05-06 19:00:00.000,2007,5,6,19,14006KT,20,10
2007-05-06 20:00:00.000,2007,5,6,20,19010KT,18,10
2007-05-06 21:00:00.000,2007,5,6,21,16006KT,17,11
2007-05-06 22:00:00.000,2007,5,6,22,15004KT,18,11
2007-05-06 23:00:00.000,2007,5,6,23,35004KT,15,13
2007-05-07 01:00:00.000,2007,5,7,1,00000KT,14,13
2007-05-07 02:00:00.000,2007,5,7,2,00000KT,14,13
2007-05-07 03:00:00.000,2007,5,7,3,00000KT,13,13
2007-05-07 04:00:00.000,2007,5,7,4,00000KT,13,13
2007-05-07 05:00:00.000,2007,5,7,5,VRB02KT,12,12
2007-05-07 06:00:00.000,2007,5,7,6,07004KT,12,12
2007-05-07 07:00:00.000,2007,5,7,7,VRB02KT,12,11
2007-05-07 08:00:00.000,2007,5,7,8,07005KT,12,12
2007-05-07 09:00:00.000,2007,5,7,9,05004KT,12,12
2007-05-07 10:00:00.000,2007,5,7,10,07004KT,12,12
2007-05-07 11:00:00.000,2007,5,7,11,VRB02KT,11,11
2007-05-07 12:00:00.000,2007,5,7,12,03003KT,13,12
2007-05-07 13:00:00.000,2007,5,7,13,07003KT,15,13
2007-05-07 17:00:00.000,2007,5,7,17,15008KT,18,10
2007-05-07 18:00:00.000,2007,5,7,18,VRB02KT,18,11
2007-05-07 19:00:00.000,2007,5,7,19,08004KT,19,11
2007-05-07 20:00:00.000,2007,5,7,20,00000KT,19,10
2007-05-07 21:00:00.000,2007,5,7,21,06005KT,18,11
2007-05-07 23:00:00.000,2007,5,7,23,31007KT,15,15
2007-05-08 00:00:00.000,2007,5,8,0,29003KT,15,14
2007-05-08 01:00:00.000,2007,5,8,1,VRB02KT,13,13
2007-05-08 03:00:00.000,2007,5,8,3,VRB02KT,13,13
2007-05-08 04:00:00.000,2007,5,8,4,36003KT,13,12
2007-05-08 05:00:00.000,2007,5,8,5,VRB02KT,12,12
2007-05-08 06:00:00.000,2007,5,8,6,05003KT,12,12
2007-05-08 07:00:00.000,2007,5,8,7,05004KT,12,11
2007-05-08 08:00:00.000,2007,5,8,8,05004KT,12,11
2007-05-08 09:00:00.000,2007,5,8,9,03005KT,12,11
2007-05-08 10:00:00.000,2007,5,8,10,VRB02KT,12,11
2007-05-08 11:00:00.000,2007,5,8,11,01003KT,11,11
2007-05-08 12:00:00.000,2007,5,8,12,VRB02KT,12,11
2007-05-08 13:00:00.000,2007,5,8,13,00000KT,13,13
2007-05-08 14:00:00.000,2007,5,8,14,02004KT,15,14
2007-05-08 15:00:00.000,2007,5,8,15,29004KT,16,13
2007-05-08 16:00:00.000,2007,5,8,16,00000KT,15,14
2007-05-08 18:00:00.000,2007,5,8,18,33008KT,14,14
2007-05-08 19:00:00.000,2007,5,8,19,30008KT,14,14
2007-05-08 20:00:00.000,2007,5,8,20,33006KT,13,13
2007-05-08 21:00:00.000,2007,5,8,21,17006KT,14,13
2007-05-08 22:00:00.000,2007,5,8,22,20004KT,14,13
2007-05-08 23:00:00.000,2007,5,8,23,16003KT,14,13
2007-05-09 01:00:00.000,2007,5,9,1,12008KT,14,13
2007-05-09 02:00:00.000,2007,5,9,2,12008KT,14,13
2007-05-09 03:00:00.000,2007,5,9,3,05004KT,13,12
2007-05-09 05:00:00.000,2007,5,9,5,05006KT,12,11
2007-05-09 06:00:00.000,2007,5,9,6,03007KT,12,11
2007-05-09 07:00:00.000,2007,5,9,7,02006KT,11,10
2007-05-09 08:00:00.000,2007,5,9,8,04003KT,12,11
2007-05-09 10:00:00.000,2007,5,9,10,03004KT,11,10
2007-05-09 11:00:00.000,2007,5,9,11,04005KT,11,10
2007-05-09 12:00:00.000,2007,5,9,12,00000KT,12,11
2007-05-09 13:00:00.000,2007,5,9,13,07013KT,15,12
2007-05-09 14:00:00.000,2007,5,9,14,09012KT,16,11
2007-05-09 15:00:00.000,2007,5,9,15,10010KT,17,11
2007-05-09 16:00:00.000,2007,5,9,16,09007KT,18,11
2007-05-09 17:00:00.000,2007,5,9,17,02004KT,16,13
2007-05-09 18:00:00.000,2007,5,9,18,28006KT,17,14
2007-05-09 19:00:00.000,2007,5,9,19,18010KT,18,13
2007-05-09 20:00:00.000,2007,5,9,20,15008KT,19,12
2007-05-09 21:00:00.000,2007,5,9,21,16008KT,19,10
2007-05-09 22:00:00.000,2007,5,9,22,18007KT,18,11
2007-05-09 23:00:00.000,2007,5,9,23,12004KT,17,11
2007-05-10 00:00:00.000,2007,5,10,0,28004KT,14,14
2007-05-10 01:00:00.000,2007,5,10,1,00000KT,13,13
2007-05-10 03:00:00.000,2007,5,10,3,00000KT,12,12
2007-05-10 04:00:00.000,2007,5,10,4,00000KT,12,12
2007-05-10 05:00:00.000,2007,5,10,5,03005KT,12,12
2007-05-10 07:00:00.000,2007,5,10,7,01004KT,12,12
2007-05-10 08:00:00.000,2007,5,10,8,00000KT,12,12
2007-05-10 09:00:00.000,2007,5,10,9,15004KT,13,13
2007-05-10 11:00:00.000,2007,5,10,11,00000KT,12,11
2007-05-10 12:00:00.000,2007,5,10,12,VRB02KT,11,11
2007-05-10 13:00:00.000,2007,5,10,13,04003KT,13,12
2007-05-10 14:00:00.000,2007,5,10,14,07006KT,14,12
2007-05-10 15:00:00.000,2007,5,10,15,05006KT,15,13
2007-05-10 16:00:00.000,2007,5,10,16,05004KT,17,13
2007-05-10 17:00:00.000,2007,5,10,17,04008KT,17,13
2007-05-14 01:00:00.000,2007,5,14,1,26004KT,14,12
2007-05-14 03:00:00.000,2007,5,14,3,VRB02KT,12,10
2007-05-14 04:00:00.000,2007,5,14,4,VRB02KT,12,11
2007-05-14 09:00:00.000,2007,5,14,9,VRB02KT,09,09
2007-05-14 10:00:00.000,2007,5,14,10,VRB02KT,10,09
2007-05-14 12:00:00.000,2007,5,14,12,02004KT,10,10
2007-05-14 13:00:00.000,2007,5,14,13,05004KT,12,11
2007-05-14 14:00:00.000,2007,5,14,14,01005KT,14,13
2007-05-14 17:00:00.000,2007,5,14,17,03009KT,18,12
2007-05-14 19:00:00.000,2007,5,14,19,28007KT,17,14
2007-05-14 20:00:00.000,2007,5,14,20,31005KT,17,13
2007-05-15 00:00:00.000,2007,5,15,0,VRB02KT,13,12
2007-05-15 01:00:00.000,2007,5,15,1,VRB02KT,13,12
2007-05-15 02:00:00.000,2007,5,15,2,VRB02KT,13,12
2007-05-15 04:00:00.000,2007,5,15,4,02004KT,12,11
2007-05-15 06:00:00.000,2007,5,15,6,07006KT,12,11
2007-05-15 12:00:00.000,2007,5,15,12,03004KT,11,11
2007-05-15 16:00:00.000,2007,5,15,16,06004KT,19,13
2007-05-16 00:00:00.000,2007,5,16,0,00000KT,13,13
2007-05-16 03:00:00.000,2007,5,16,3,VRB02KT,12,11
2007-05-16 04:00:00.000,2007,5,16,4,02004KT,11,10
2007-05-16 12:00:00.000,2007,5,16,12,VRB02KT,12,11
2007-05-16 13:00:00.000,2007,5,16,13,02004KT,14,13
2007-05-16 16:00:00.000,2007,5,16,16,06004KT,17,13
2007-05-16 17:00:00.000,2007,5,16,17,18005KT,17,13
2007-05-16 18:00:00.000,2007,5,16,18,17005KT,17,13
2007-05-16 19:00:00.000,2007,5,16,19,22004KT,17,12
2007-05-16 20:00:00.000,2007,5,16,20,21006KT,19,12
2007-05-16 21:00:00.000,2007,5,16,21,01006KT,18,11
2007-05-17 00:00:00.000,2007,5,17,0,VRB02KT,14,13
2007-05-17 01:00:00.000,2007,5,17,1,06006KT,14,13
2007-05-17 04:00:00.000,2007,5,17,4,06005KT,13,12
2007-05-17 05:00:00.000,2007,5,17,5,03005KT,12,11
2007-05-17 06:00:00.000,2007,5,17,6,04005KT,12,11
2007-05-17 07:00:00.000,2007,5,17,7,04005KT,12,11
2007-05-17 08:00:00.000,2007,5,17,8,03003KT,11,11
2007-05-17 09:00:00.000,2007,5,17,9,VRB02KT,11,11
2007-05-17 11:00:00.000,2007,5,17,11,04004KT,11,10
2007-05-17 12:00:00.000,2007,5,17,12,05004KT,12,11
2007-05-17 13:00:00.000,2007,5,17,13,05006KT,13,12
2007-05-17 14:00:00.000,2007,5,17,14,02005KT,15,11
2007-05-17 15:00:00.000,2007,5,17,15,06007KT,16,12
2007-05-17 16:00:00.000,2007,5,17,16,09007KT,17,11
2007-05-17 20:00:00.000,2007,5,17,20,02006KT,18,11
2007-05-17 21:00:00.000,2007,5,17,21,14007KT,18,10
2007-05-17 22:00:00.000,2007,5,17,22,24004KT,17,14
2007-05-17 23:00:00.000,2007,5,17,23,28006KT,15,13
2007-05-18 01:00:00.000,2007,5,18,1,35004KT,13,13
2007-05-18 02:00:00.000,2007,5,18,2,00000KT,12,12
2007-05-18 03:00:00.000,2007,5,18,3,VRB02KT,12,12
2007-05-18 04:00:00.000,2007,5,18,4,VRB02KT,13,12
2007-05-18 05:00:00.000,2007,5,18,5,00000KT,12,12
2007-05-18 06:00:00.000,2007,5,18,6,00000KT,12,11
2007-05-18 07:00:00.000,2007,5,18,7,06004KT,12,12
2007-05-18 08:00:00.000,2007,5,18,8,36004KT,12,12
2007-05-18 09:00:00.000,2007,5,18,9,04005KT,11,11
2007-05-18 10:00:00.000,2007,5,18,10,VRB02KT,11,11
2007-05-18 11:00:00.000,2007,5,18,11,03004KT,11,11
2007-05-18 12:00:00.000,2007,5,18,12,02003KT,12,11
2007-05-18 13:00:00.000,2007,5,18,13,01005KT,13,12
2007-05-18 14:00:00.000,2007,5,18,14,VRB02KT,14,12
2007-05-18 15:00:00.000,2007,5,18,15,32003KT,16,12
2007-05-18 17:00:00.000,2007,5,18,17,22006KT,12,12
2007-05-18 18:00:00.000,2007,5,18,18,26006KT,14,14
2007-05-18 20:00:00.000,2007,5,18,20,VRB02KT,15,14
2007-05-18 21:00:00.000,2007,5,18,21,VRB03KT,14,14
2007-05-18 22:00:00.000,2007,5,18,22,VRB02KT,14,14
2007-05-18 23:00:00.000,2007,5,18,23,VRB02KT,14,14
2007-05-19 01:00:00.000,2007,5,19,1,06005KT,13,12
2007-05-19 02:00:00.000,2007,5,19,2,06005KT,13,12
2007-05-19 03:00:00.000,2007,5,19,3,05004KT,13,11
2007-05-19 04:00:00.000,2007,5,19,4,04005KT,12,11
2007-05-19 05:00:00.000,2007,5,19,5,04004KT,12,11
2007-05-19 06:00:00.000,2007,5,19,6,VRB02KT,12,11
2007-05-19 07:00:00.000,2007,5,19,7,01003KT,11,11
2007-05-19 08:00:00.000,2007,5,19,8,04004KT,11,10
2007-05-19 09:00:00.000,2007,5,19,9,05005KT,12,11
2007-05-19 10:00:00.000,2007,5,19,10,VRB02KT,11,10
2007-05-19 11:00:00.000,2007,5,19,11,VRB02KT,11,10
2007-05-19 12:00:00.000,2007,5,19,12,05003KT,12,11
2007-05-19 13:00:00.000,2007,5,19,13,08006KT,14,12
2007-05-19 14:00:00.000,2007,5,19,14,10007KT,16,11
2007-05-19 16:00:00.000,2007,5,19,16,06008KT,17,12
2007-05-19 17:00:00.000,2007,5,19,17,07008KT,17,12
2007-05-19 18:00:00.000,2007,5,19,18,08009KT,17,11
2007-05-19 19:00:00.000,2007,5,19,19,07010KT,17,11
2007-05-19 20:00:00.000,2007,5,19,20,07005KT,16,13
2007-05-19 21:00:00.000,2007,5,19,21,22004KT,15,14
2007-05-19 22:00:00.000,2007,5,19,22,01005KT,15,13
2007-05-19 23:00:00.000,2007,5,19,23,VRB02KT,15,13
2007-05-20 00:00:00.000,2007,5,20,0,09006KT,15,11
2007-05-20 01:00:00.000,2007,5,20,1,10005KT,14,11
2007-05-20 04:00:00.000,2007,5,20,4,34003KT,12,11
2007-05-20 05:00:00.000,2007,5,20,5,00000KT,11,10
2007-05-20 06:00:00.000,2007,5,20,6,00000KT,11,10
2007-05-20 08:00:00.000,2007,5,20,8,00000KT,11,10
2007-05-20 09:00:00.000,2007,5,20,9,06003KT,11,10
2007-05-20 11:00:00.000,2007,5,20,11,00000KT,10,09
2007-05-20 12:00:00.000,2007,5,20,12,02003KT,11,10
2007-05-20 13:00:00.000,2007,5,20,13,05006KT,14,12
2007-05-20 14:00:00.000,2007,5,20,14,07006KT,16,12
2007-05-20 15:00:00.000,2007,5,20,15,32006KT,17,13
2007-05-20 17:00:00.000,2007,5,20,17,20012KT,15,14
2007-05-20 18:00:00.000,2007,5,20,18,23008KT,14,13
2007-05-20 20:00:00.000,2007,5,20,20,26010KT,14,13
2007-05-20 21:00:00.000,2007,5,20,21,26003KT,15,14
2007-05-20 22:00:00.000,2007,5,20,22,25003KT,15,14
2007-05-21 00:00:00.000,2007,5,21,0,VRB02KT,13,12
2007-05-21 01:00:00.000,2007,5,21,1,VRB02KT,12,11
2007-05-21 02:00:00.000,2007,5,21,2,03003KT,12,11
2007-05-21 03:00:00.000,2007,5,21,3,04005KT,12,12
2007-05-21 04:00:00.000,2007,5,21,4,04004KT,12,11
2007-05-21 05:00:00.000,2007,5,21,5,03004KT,12,11
2007-05-21 07:00:00.000,2007,5,21,7,04006KT,11,11
2007-05-21 08:00:00.000,2007,5,21,8,03006KT,11,11
2007-05-21 09:00:00.000,2007,5,21,9,03005KT,11,11
2007-05-21 10:00:00.000,2007,5,21,10,01004KT,11,11
2007-05-21 11:00:00.000,2007,5,21,11,01004KT,11,10
2007-05-21 12:00:00.000,2007,5,21,12,30004KT,11,11
2007-05-21 13:00:00.000,2007,5,21,13,35003KT,11,11
2007-05-21 14:00:00.000,2007,5,21,14,0000KT,11,11
2007-05-21 15:00:00.000,2007,5,21,15,00000KT,17,13
2007-05-21 16:00:00.000,2007,5,21,16,00000KT,18,15
2007-05-21 17:00:00.000,2007,5,21,17,00000KT,19,12
2007-05-21 18:00:00.000,2007,5,21,18,32006KT,18,11
2007-05-21 19:00:00.000,2007,5,21,19,31008KT,15,14
2007-05-21 20:00:00.000,2007,5,21,20,26010KT,13,12
2007-05-21 21:00:00.000,2007,5,21,21,30004KT,14,13
2007-05-21 23:00:00.000,2007,5,21,23,34004KT,12,12
2007-05-22 01:00:00.000,2007,5,22,1,24003KT,13,12
2007-05-22 02:00:00.000,2007,5,22,2,30004KT,12,12
2007-05-22 08:00:00.000,2007,5,22,8,00000KT,12,11
2007-05-22 14:00:00.000,2007,5,22,14,VRB02KT,15,13
2007-05-22 17:00:00.000,2007,5,22,17,VRB02KT,19,11
2007-05-22 18:00:00.000,2007,5,22,18,VRB02KT,20,11
2007-05-22 19:00:00.000,2007,5,22,19,01006KT,21,11
2007-05-22 22:00:00.000,2007,5,22,22,25006KT,17,14
2007-05-22 23:00:00.000,2007,5,22,23,26006KT,15,14
2007-05-23 00:00:00.000,2007,5,23,0,23006KT,14,13
2007-05-23 01:00:00.000,2007,5,23,1,24005KT,13,12
2007-05-23 02:00:00.000,2007,5,23,2,30006KT,13,12
2007-05-23 03:00:00.000,2007,5,23,3,24005KT,13,12
2007-05-23 04:00:00.000,2007,5,23,4,21005KT,12,11
2007-05-23 05:00:00.000,2007,5,23,5,00000KT,11,10
2007-05-23 09:00:00.000,2007,5,23,9,00000KT,08,08
2007-05-23 10:00:00.000,2007,5,23,10,00000KT,07,07
2007-05-23 17:00:00.000,2007,5,23,17,2405KT,19,13
2007-05-23 18:00:00.000,2007,5,23,18,24008KT,19,14
2007-05-23 19:00:00.000,2007,5,23,19,23008KT,17,12
2007-05-23 20:00:00.000,2007,5,23,20,26005KT,17,12
2007-05-23 21:00:00.000,2007,5,23,21,03008KT,14,13
2007-05-23 22:00:00.000,2007,5,23,22,01007KT,13,13
2007-05-23 23:00:00.000,2007,5,23,23,03005KT,13,12
2007-05-24 00:00:00.000,2007,5,24,0,33003KT,12,12
2007-05-24 01:00:00.000,2007,5,24,1,02004KT,11,11
2007-05-24 02:00:00.000,2007,5,24,2,05003KT,12,11
2007-05-24 03:00:00.000,2007,5,24,3,VRB02KT,11,11
2007-05-24 04:00:00.000,2007,5,24,4,VRB02KT,10,10
2007-05-24 05:00:00.000,2007,5,24,5,29004KT,10,10
2007-05-24 06:00:00.000,2007,5,24,6,33004KT,09,09
2007-05-24 07:00:00.000,2007,5,24,7,00000KT,09,08
2007-05-24 10:00:00.000,2007,5,24,10,00000KT,07,07
2007-05-24 11:00:00.000,2007,5,24,11,VRB02KT,09,09
2007-05-24 12:00:00.000,2007,5,24,12,VRB02KT,09,09
2007-05-24 13:00:00.000,2007,5,24,13,VRB02KT,10,10
2007-05-24 14:00:00.000,2007,5,24,14,VRB02KT,13,12
2007-05-24 15:00:00.000,2007,5,24,15,16004KT,16,13
2007-05-24 17:00:00.000,2007,5,24,17,VRB02KT,16,15
2007-05-24 18:00:00.000,2007,5,24,18,26009KT,16,14
2007-05-24 19:00:00.000,2007,5,24,19,34009KT,16,14
2007-05-24 20:00:00.000,2007,5,24,20,29008KT,15,13
2007-05-24 22:00:00.000,2007,5,24,22,22005KT,15,14
2007-05-25 00:00:00.000,2007,5,25,0,32003KT,14,12
2007-05-25 01:00:00.000,2007,5,25,1,29003KT,12,11
2007-05-25 02:00:00.000,2007,5,25,2,VRB02KT,13,11
2007-05-25 03:00:00.000,2007,5,25,3,VRB02KT,12,11
2007-05-25 04:00:00.000,2007,5,25,4,VRB02KT,11,10
2007-05-25 05:00:00.000,2007,5,25,5,VRB02KT,11,11
2007-05-25 06:00:00.000,2007,5,25,6,VRB02KT,11,10
2007-05-25 07:00:00.000,2007,5,25,7,00000KT,10,10
2007-05-25 08:00:00.000,2007,5,25,8,VRB02KT,10,09
2007-05-25 09:00:00.000,2007,5,25,9,03004KT,10,09
2007-05-25 10:00:00.000,2007,5,25,10,VRB02KT,10,09
2007-05-25 11:00:00.000,2007,5,25,11,00000KT,09,09
2007-05-25 12:00:00.000,2007,5,25,12,29003KT,11,10
2007-05-25 13:00:00.000,2007,5,25,13,02003KT,14,12
2007-05-25 14:00:00.000,2007,5,25,14,02005KT,15,13
2007-05-25 15:00:00.000,2007,5,25,15,03004KT,16,12
2007-05-25 16:00:00.000,2007,5,25,16,09006KT,18,12
2007-05-25 17:00:00.000,2007,5,25,17,14004KT,18,11
2007-05-25 18:00:00.000,2007,5,25,18,29008KT,17,13
2007-05-25 19:00:00.000,2007,5,25,19,19004KT,15,15
2007-05-25 20:00:00.000,2007,5,25,20,25007KT,15,14
2007-05-25 21:00:00.000,2007,5,25,21,VRB02KT,16,14
2007-05-25 22:00:00.000,2007,5,25,22,25004KT,14,13
2007-05-25 23:00:00.000,2007,5,25,23,00000KT,13,13
2007-05-26 00:00:00.000,2007,5,26,0,34005KT,13,12
2007-05-26 01:00:00.000,2007,5,26,1,36003KT,12,11
2007-05-26 02:00:00.000,2007,5,26,2,02003KT,11,11
2007-05-26 03:00:00.000,2007,5,26,3,00000KT,11,10
2007-05-26 04:00:00.000,2007,5,26,4,VRB02KT,10,10
2007-05-26 05:00:00.000,2007,5,26,5,32003KT,09,09
2007-05-26 06:00:00.000,2007,5,26,6,27004KT,09,08
2007-05-26 07:00:00.000,2007,5,26,7,VRB02KT,08,08
2007-05-26 08:00:00.000,2007,5,26,8,VRB02KT,09,08
2007-05-26 09:00:00.000,2007,5,26,9,1200NW,08,08
2007-05-26 10:00:00.000,2007,5,26,10,VRB02KT,08,08
2007-05-26 11:00:00.000,2007,5,26,11,00000KT,09,09
2007-05-26 12:00:00.000,2007,5,26,12,03003KT,10,09
2007-05-26 13:00:00.000,2007,5,26,13,05005KT,12,11
2007-05-26 14:00:00.000,2007,5,26,14,01006KT,13,11
2007-05-26 15:00:00.000,2007,5,26,15,00000KT,26,22
2007-05-26 16:00:00.000,2007,5,26,16,VRB02KT,15,13
2007-05-26 17:00:00.000,2007,5,26,17,20003KT,16,12
2007-05-26 18:00:00.000,2007,5,26,18,02005KT,16,11
2007-05-26 19:00:00.000,2007,5,26,19,33007KT,14,12
2007-05-26 20:00:00.000,2007,5,26,20,29004KT,15,11
2007-05-26 21:00:00.000,2007,5,26,21,28006KT,12,11
2007-05-26 22:00:00.000,2007,5,26,22,33003KT,13,12
2007-05-26 23:00:00.000,2007,5,26,23,VRB02KT,13,12
2007-05-27 00:00:00.000,2007,5,27,0,00000KT,12,12
2007-05-27 01:00:00.000,2007,5,27,1,00000KT,11,11
2007-05-27 02:00:00.000,2007,5,27,2,VRB02KT,11,11
2007-05-27 03:00:00.000,2007,5,27,3,00000KT,10,10
2007-05-27 04:00:00.000,2007,5,27,4,00000KT,09,09
2007-05-27 05:00:00.000,2007,5,27,5,00000KT,08,08
2007-05-27 06:00:00.000,2007,5,27,6,00000KT,08,08
2007-05-27 07:00:00.000,2007,5,27,7,00000KT,07,07
2007-05-27 23:00:00.000,2007,5,27,23,36004KT,14,13
2007-05-28 01:00:00.000,2007,5,28,1,04005KT,12,11
2007-05-28 02:00:00.000,2007,5,28,2,03006KT,12,11
2007-05-28 03:00:00.000,2007,5,28,3,03004KT,12,11
2007-05-28 04:00:00.000,2007,5,28,4,06004KT,12,11
2007-05-28 05:00:00.000,2007,5,28,5,06003KT,11,10
2007-05-28 07:00:00.000,2007,5,28,7,VRB02KT,10,10
2007-05-28 08:00:00.000,2007,5,28,8,00000KT,11,10
2007-05-28 09:00:00.000,2007,5,28,9,00000KT,11,10
2007-05-28 12:00:00.000,2007,5,28,12,VRB02KT,11,11
2007-05-28 14:00:00.000,2007,5,28,14,00000KT,14,13
2007-05-28 15:00:00.000,2007,5,28,15,VRB02KT,15,14
2007-05-28 16:00:00.000,2007,5,28,16,00000KT,16,14
2007-05-28 20:00:00.000,2007,5,28,20,34004KT,17,14
2007-05-28 23:00:00.000,2007,5,28,23,VRB02KT,14,14
2007-05-29 00:00:00.000,2007,5,29,0,23005KT,13,12
2007-05-29 01:00:00.000,2007,5,29,1,VRB02KT,12,11
2007-05-29 02:00:00.000,2007,5,29,2,VRB02KT,12,11
2007-05-29 03:00:00.000,2007,5,29,3,23003KT,11,11
2007-05-29 04:00:00.000,2007,5,29,4,VRB02KT,11,10
2007-05-29 05:00:00.000,2007,5,29,5,00000KT,09,09
2007-05-29 07:00:00.000,2007,5,29,7,VRB02KT,09,09
2007-05-29 11:00:00.000,2007,5,29,11,00000KT,10,09
2007-05-29 12:00:00.000,2007,5,29,12,00000KT,10,10
2007-05-29 13:00:00.000,2007,5,29,13,36004KT,11,11
2007-05-29 14:00:00.000,2007,5,29,14,00000KT,12,12
2007-05-29 15:00:00.000,2007,5,29,15,VRB02KT,13,12
2007-05-29 16:00:00.000,2007,5,29,16,04005KT,14,13
2007-05-29 17:00:00.000,2007,5,29,17,01004KT,14,14
2007-05-29 18:00:00.000,2007,5,29,18,04006KT,15,13
2007-05-29 19:00:00.000,2007,5,29,19,31003KT,13,12
2007-05-29 22:00:00.000,2007,5,29,22,27003KT,14,13
2007-05-29 23:00:00.000,2007,5,29,23,VRB02KT,13,12
2007-05-30 00:00:00.000,2007,5,30,0,00000KT,12,12
2007-05-30 01:00:00.000,2007,5,30,1,00000KT,11,11
2007-05-30 02:00:00.000,2007,5,30,2,00000KT,11,10
2007-05-30 03:00:00.000,2007,5,30,3,00000KT,11,10
2007-05-30 04:00:00.000,2007,5,30,4,00000KT,10,10
2007-05-30 05:00:00.000,2007,5,30,5,00000KT,10,10
2007-05-30 06:00:00.000,2007,5,30,6,00000KT,11,11
2007-05-30 08:00:00.000,2007,5,30,8,VRB02KT,10,10
2007-05-30 09:00:00.000,2007,5,30,9,00000KT,10,10
2007-05-30 10:00:00.000,2007,5,30,10,00000KT,10,10
2007-05-30 11:00:00.000,2007,5,30,11,00000KT,10,10
2007-05-30 12:00:00.000,2007,5,30,12,00000KT,11,11
2007-05-30 13:00:00.000,2007,5,30,13,03004KT,13,12
2007-05-30 14:00:00.000,2007,5,30,14,05004KT,16,15
2007-05-30 15:00:00.000,2007,5,30,15,05005KT,17,13
2007-05-30 16:00:00.000,2007,5,30,16,VRB02KT,18,09
2007-05-30 17:00:00.000,2007,5,30,17,22005KT,17,12
2007-05-30 18:00:00.000,2007,5,30,18,34007KT,16,14
2007-05-30 19:00:00.000,2007,5,30,19,27007KT,16,15
2007-05-30 20:00:00.000,2007,5,30,20,24005KT,14,13
2007-05-30 21:00:00.000,2007,5,30,21,28008KT,15,14
2007-05-30 22:00:00.000,2007,5,30,22,VRB02KT,13,13
2007-05-30 23:00:00.000,2007,5,30,23,00000KT,12,12
2007-05-31 00:00:00.000,2007,5,31,0,00000KT,12,11
2007-05-31 01:00:00.000,2007,5,31,1,25005KT,11,10
2007-05-31 02:00:00.000,2007,5,31,2,00000KT,10,10
2007-05-31 03:00:00.000,2007,5,31,3,20003KT,11,10
2007-05-31 05:00:00.000,2007,5,31,5,00000KT,10,09
2007-05-31 10:00:00.000,2007,5,31,10,00000KT,06,06
2007-05-31 11:00:00.000,2007,5,31,11,30003KT,06,06
2007-05-31 12:00:00.000,2007,5,31,12,08003KT,08,07
2007-05-31 13:00:00.000,2007,5,31,13,05006KT,11,10
2007-05-31 14:00:00.000,2007,5,31,14,09008KT,15,12
2007-05-31 15:00:00.000,2007,5,31,15,03006KT,16,11
2007-05-31 16:00:00.000,2007,5,31,16,30003KT,16,10
2007-05-31 17:00:00.000,2007,5,31,17,25003KT,17,10
2007-05-31 18:00:00.000,2007,5,31,18,31004KT,15,15
2007-05-31 19:00:00.000,2007,5,31,19,00000KT,11,11
2007-05-31 21:00:00.000,2007,5,31,21,28004KT,13,12
2007-05-31 22:00:00.000,2007,5,31,22,VRB02KT,13,13
2007-05-31 23:00:00.000,2007,5,31,23,00000KT,12,12
2007-06-01 00:00:00.000,2007,6,1,0,VRB02KT,12,11
2007-06-01 01:00:00.000,2007,6,1,1,VRB02KT,12,11
2007-06-01 02:00:00.000,2007,6,1,2,01003KT,12,11
2007-06-01 03:00:00.000,2007,6,1,3,03004KT,12,11
2007-06-01 04:00:00.000,2007,6,1,4,34004KT,11,11
2007-06-01 05:00:00.000,2007,6,1,5,35003KT,11,11
2007-06-01 06:00:00.000,2007,6,1,6,03003KT,11,11
2007-06-01 07:00:00.000,2007,6,1,7,30003KT,11,11
2007-06-01 08:00:00.000,2007,6,1,8,VRB02KT,10,10
2007-06-01 09:00:00.000,2007,6,1,9,VRB02KT,10,10
2007-06-01 10:00:00.000,2007,6,1,10,VRB02KT,09,09
2007-06-01 11:00:00.000,2007,6,1,11,01003KT,09,09
2007-06-01 12:00:00.000,2007,6,1,12,27003KT,10,10
2007-06-01 13:00:00.000,2007,6,1,13,27003KT,12,11
2007-06-01 14:00:00.000,2007,6,1,14,27003KT,14,11
2007-06-01 15:00:00.000,2007,6,1,15,30003KT,15,11
2007-06-01 16:00:00.000,2007,6,1,16,05006KT,16,12
2007-06-01 17:00:00.000,2007,6,1,17,32004KT,15,12
2007-06-01 18:00:00.000,2007,6,1,18,00000KT,13,13
2007-06-01 19:00:00.000,2007,6,1,19,24005KT,14,14
2007-06-01 20:00:00.000,2007,6,1,20,00000KT,14,14
2007-06-01 21:00:00.000,2007,6,1,21,32004KT,16,14
2007-06-01 22:00:00.000,2007,6,1,22,28005KT,14,14
2007-06-01 23:00:00.000,2007,6,1,23,00000KT,13,13
2007-06-02 01:00:00.000,2007,6,2,1,VRB02KT,12,11
2007-06-02 02:00:00.000,2007,6,2,2,00000KT,12,11
2007-06-02 03:00:00.000,2007,6,2,3,00000KT,11,11
2007-06-02 04:00:00.000,2007,6,2,4,VRB02KT,11,10
2007-06-02 05:00:00.000,2007,6,2,5,VRB02KT,11,10
2007-06-02 06:00:00.000,2007,6,2,6,00000KT,11,10
2007-06-02 07:00:00.000,2007,6,2,7,00000KT,11,10
2007-06-02 08:00:00.000,2007,6,2,8,VRB02KT,11,10
2007-06-02 09:00:00.000,2007,6,2,9,00000KT,11,10
2007-06-02 10:00:00.000,2007,6,2,10,00000KT,11,10
2007-06-02 11:00:00.000,2007,6,2,11,00000KT,11,10
2007-06-02 12:00:00.000,2007,6,2,12,VRB02KT,11,11
2007-06-02 13:00:00.000,2007,6,2,13,VRB02KT,13,11
2007-06-02 14:00:00.000,2007,6,2,14,VRB02KT,14,12
2007-06-02 15:00:00.000,2007,6,2,15,VRB02KT,14,11
2007-06-02 16:00:00.000,2007,6,2,16,26003KT,16,12
2007-06-02 17:00:00.000,2007,6,2,17,20003KT,16,11
2007-06-02 18:00:00.000,2007,6,2,18,VRB02KT,16,11
2007-06-02 19:00:00.000,2007,6,2,19,31004KT,17,12
2007-06-02 20:00:00.000,2007,6,2,20,26005KT,17,13
2007-06-02 21:00:00.000,2007,6,2,21,27007KT,16,14
2007-06-02 22:00:00.000,2007,6,2,22,VRB02KT,13,13
2007-06-02 23:00:00.000,2007,6,2,23,31005KT,12,12
2007-06-03 00:00:00.000,2007,6,3,0,28004KT,11,11
2007-06-03 01:00:00.000,2007,6,3,1,VRB02KT,11,11
2007-06-03 02:00:00.000,2007,6,3,2,VRB02KT,11,11
2007-06-03 03:00:00.000,2007,6,3,3,00000KT,11,11
2007-06-03 04:00:00.000,2007,6,3,4,00000KT,11,11
2007-06-03 05:00:00.000,2007,6,3,5,00000KT,11,11
2007-06-03 06:00:00.000,2007,6,3,6,17004KT,11,11
2007-06-03 07:00:00.000,2007,6,3,7,00000KT,11,11
2007-06-03 08:00:00.000,2007,6,3,8,00000KT,11,11
2007-06-03 09:00:00.000,2007,6,3,9,VRB02KT,11,11
2007-06-03 10:00:00.000,2007,6,3,10,04004KT,10,10
2007-06-03 11:00:00.000,2007,6,3,11,00000KT,10,09
2007-06-03 12:00:00.000,2007,6,3,12,05004KT,11,10
2007-06-03 13:00:00.000,2007,6,3,13,04005KT,12,10
2007-06-03 14:00:00.000,2007,6,3,14,05004KT,13,11
2007-06-03 15:00:00.000,2007,6,3,15,VRB02KT,15,11
2007-06-03 16:00:00.000,2007,6,3,16,05005KT,15,12
2007-06-03 17:00:00.000,2007,6,3,17,31003KT,15,11
2007-06-03 18:00:00.000,2007,6,3,18,30005KT,15,12
2007-06-03 19:00:00.000,2007,6,3,19,36006KT,15,12
2007-06-03 20:00:00.000,2007,6,3,20,33006KT,13,13
2007-06-03 21:00:00.000,2007,6,3,21,23004KT,13,13
2007-06-03 22:00:00.000,2007,6,3,22,26006KT,12,12
2007-06-03 23:00:00.000,2007,6,3,23,26006KT,12,11
2007-06-04 00:00:00.000,2007,6,4,0,VRB02KT,11,10
2007-06-04 01:00:00.000,2007,6,4,1,VRB02KT,11,10
2007-06-04 02:00:00.000,2007,6,4,2,VRB02KT,10,10
2007-06-04 03:00:00.000,2007,6,4,3,00000KT,10,10
2007-06-04 04:00:00.000,2007,6,4,4,04003KT,10,10
2007-06-04 05:00:00.000,2007,6,4,5,04006KT,10,10
2007-06-04 06:00:00.000,2007,6,4,6,03003KT,10,10
2007-06-04 07:00:00.000,2007,6,4,7,04003KT,10,10
2007-06-04 08:00:00.000,2007,6,4,8,06003KT,10,10
2007-06-04 09:00:00.000,2007,6,4,9,03004KT,10,10
2007-06-04 10:00:00.000,2007,6,4,10,04004KT,09,09
2007-06-04 11:00:00.000,2007,6,4,11,05004KT,11,10
2007-06-04 12:00:00.000,2007,6,4,12,07005KT,12,11
2007-06-04 13:00:00.000,2007,6,4,13,04006KT,14,12
2007-06-04 14:00:00.000,2007,6,4,14,14006KT,15,11
2007-06-04 15:00:00.000,2007,6,4,15,14010KT,16,10
2007-06-04 16:00:00.000,2007,6,4,16,10010KT,18,11
2007-06-04 17:00:00.000,2007,6,4,17,10012KT,17,10
2007-06-04 18:00:00.000,2007,6,4,18,12007KT,18,08
2007-06-04 19:00:00.000,2007,6,4,19,14007KT,18,09
2007-06-04 20:00:00.000,2007,6,4,20,28009KT,14,14
2007-06-04 21:00:00.000,2007,6,4,21,28004KT,14,12
2007-06-04 22:00:00.000,2007,6,4,22,34004KT,14,13
2007-06-04 23:00:00.000,2007,6,4,23,00000KT,14,13
2007-06-05 00:00:00.000,2007,6,5,0,00000KT,12,12
2007-06-05 01:00:00.000,2007,6,5,1,36004KT,12,12
2007-06-05 03:00:00.000,2007,6,5,3,09005KT,13,10
2007-06-05 04:00:00.000,2007,6,5,4,09005KT,13,11
2007-06-05 05:00:00.000,2007,6,5,5,00000KT,13,11
2007-06-05 06:00:00.000,2007,6,5,6,00000KT,11,11
2007-06-05 07:00:00.000,2007,6,5,7,07004KT,11,11
2007-06-05 08:00:00.000,2007,6,5,8,VRB02KT,10,10
2007-06-05 09:00:00.000,2007,6,5,9,00000KT,10,10
2007-06-05 10:00:00.000,2007,6,5,10,00000KT,11,11
2007-06-05 11:00:00.000,2007,6,5,11,00000KT,10,10
2007-06-05 12:00:00.000,2007,6,5,12,04004KT,13,11
2007-06-05 13:00:00.000,2007,6,5,13,05006KT,14,11
2007-06-05 14:00:00.000,2007,6,5,14,04006KT,15,12
2007-06-05 15:00:00.000,2007,6,5,15,06008KT,16,10
2007-06-05 16:00:00.000,2007,6,5,16,09010KT,17,11
2007-06-05 17:00:00.000,2007,6,5,17,18010KT,17,11
2007-06-05 18:00:00.000,2007,6,5,18,04011KT,15,13
2007-06-05 19:00:00.000,2007,6,5,19,36008KT,14,13
2007-06-05 20:00:00.000,2007,6,5,20,06009KT,15,13
2007-06-05 21:00:00.000,2007,6,5,21,VRB02KT,14,13
2007-06-05 22:00:00.000,2007,6,5,22,28005KT,13,12
2007-06-05 23:00:00.000,2007,6,5,23,VRB02KT,13,12
2007-06-06 00:00:00.000,2007,6,6,0,00000KT,12,11
2007-06-06 01:00:00.000,2007,6,6,1,07003KT,12,11
2007-06-06 02:00:00.000,2007,6,6,2,00000KT,11,10
2007-06-06 03:00:00.000,2007,6,6,3,00000KT,11,10
2007-06-06 04:00:00.000,2007,6,6,4,04005KT,10,09
2007-06-06 05:00:00.000,2007,6,6,5,36006KT,09,09
2007-06-06 06:00:00.000,2007,6,6,6,04003KT,09,08
2007-06-06 07:00:00.000,2007,6,6,7,04006KT,09,08
2007-06-06 09:00:00.000,2007,6,6,9,35003KT,08,07
2007-06-06 10:00:00.000,2007,6,6,10,06003KT,07,07
2007-06-06 11:00:00.000,2007,6,6,11,03003KT,07,06
2007-06-06 12:00:00.000,2007,6,6,12,00000KT,09,09
2007-06-06 13:00:00.000,2007,6,6,13,00000KT,12,12
2007-06-06 14:00:00.000,2007,6,6,14,05005KT,14,11
2007-06-06 15:00:00.000,2007,6,6,15,32004KT,15,11
2007-06-06 16:00:00.000,2007,6,6,16,00000KT,16,11
2007-06-06 17:00:00.000,2007,6,6,17,09005KT,18,10
2007-06-06 18:00:00.000,2007,6,6,18,11007KT,18,09
2007-06-06 19:00:00.000,2007,6,6,19,08004KT,19,10
2007-06-06 20:00:00.000,2007,6,6,20,28005KT,17,14
2007-06-06 21:00:00.000,2007,6,6,21,26007KT,15,14
2007-06-06 22:00:00.000,2007,6,6,22,26004KT,14,14
2007-06-06 23:00:00.000,2007,6,6,23,00000KT,14,13
2007-06-07 00:00:00.000,2007,6,7,0,00000KT,13,13
2007-06-07 01:00:00.000,2007,6,7,1,00000KT,13,12
2007-06-07 02:00:00.000,2007,6,7,2,VRB02KT,12,12
2007-06-07 03:00:00.000,2007,6,7,3,07005KT,12,11
2007-06-07 04:00:00.000,2007,6,7,4,12005KT,13,11
2007-06-07 06:00:00.000,2007,6,7,6,07004KT,11,11
2007-06-07 07:00:00.000,2007,6,7,7,01005KT,11,11
2007-06-07 08:00:00.000,2007,6,7,8,04004KT,11,11
2007-06-07 09:00:00.000,2007,6,7,9,00000KT,11,10
2007-06-07 10:00:00.000,2007,6,7,10,06004KT,11,10
2007-06-07 11:00:00.000,2007,6,7,11,00000KT,11,11
2007-06-07 12:00:00.000,2007,6,7,12,06005KT,12,11
2007-06-07 13:00:00.000,2007,6,7,13,07008KT,14,11
2007-06-07 14:00:00.000,2007,6,7,14,07007KT,15,11
2007-06-07 15:00:00.000,2007,6,7,15,07009KT,15,10
2007-06-07 16:00:00.000,2007,6,7,16,06008KT,16,12
2007-06-07 17:00:00.000,2007,6,7,17,14008KT,17,11
2007-06-07 18:00:00.000,2007,6,7,18,07010KT,16,11
2007-06-07 19:00:00.000,2007,6,7,19,14008KT,17,10
2007-06-07 20:00:00.000,2007,6,7,20,16010KT,16,11
2007-06-07 21:00:00.000,2007,6,7,21,17016KT,17,11
2007-06-07 22:00:00.000,2007,6,7,22,14010KT,16,11
2007-06-07 23:00:00.000,2007,6,7,23,14008KT,15,10
2007-06-08 00:00:00.000,2007,6,8,0,08005KT,14,10
2007-06-08 01:00:00.000,2007,6,8,1,04008KT,13,11
2007-06-08 02:00:00.000,2007,6,8,2,07007KT,13,11
2007-06-08 03:00:00.000,2007,6,8,3,02005KT,12,10
2007-06-08 04:00:00.000,2007,6,8,4,03003KT,10,09
2007-06-08 05:00:00.000,2007,6,8,5,VRB02KT,10,09
2007-06-08 07:00:00.000,2007,6,8,7,02003KT,10,09
2007-06-08 09:00:00.000,2007,6,8,9,03005KT,09,09
2007-06-08 13:00:00.000,2007,6,8,13,35007KT,14,11
2007-06-08 14:00:00.000,2007,6,8,14,04008KT,16,12
2007-06-08 17:00:00.000,2007,6,8,17,12014KT,16,09
2007-06-08 18:00:00.000,2007,6,8,18,16008KT,17,13
2007-06-08 19:00:00.000,2007,6,8,19,12013KT,18,09
2007-06-08 20:00:00.000,2007,6,8,20,08008KT,17,10
2007-06-08 21:00:00.000,2007,6,8,21,13007KT,18,09
2007-06-08 22:00:00.000,2007,6,8,22,09010KT,17,08
2007-06-08 23:00:00.000,2007,6,8,23,10008KT,17,08
2007-06-09 00:00:00.000,2007,6,9,0,17005KT,16,09
2007-06-09 01:00:00.000,2007,6,9,1,31003KT,12,11
2007-06-09 02:00:00.000,2007,6,9,2,11008KT,12,12
2007-06-09 03:00:00.000,2007,6,9,3,20007KT,11,10
2007-06-09 04:00:00.000,2007,6,9,4,12004KT,11,11
2007-06-09 05:00:00.000,2007,6,9,5,12004KT,11,10
2007-06-09 06:00:00.000,2007,6,9,6,VRB02KT,11,10
2007-06-09 07:00:00.000,2007,6,9,7,16005KT,11,10
2007-06-09 08:00:00.000,2007,6,9,8,10003KT,11,09
2007-06-09 09:00:00.000,2007,6,9,9,VRB02KT,10,09
2007-06-09 10:00:00.000,2007,6,9,10,VRB02KT,09,09
2007-06-09 11:00:00.000,2007,6,9,11,VRB02KT,08,08
2007-06-09 12:00:00.000,2007,6,9,12,00000KT,11,11
2007-06-09 13:00:00.000,2007,6,9,13,13003KT,14,11
2007-06-09 14:00:00.000,2007,6,9,14,00000KT,14,11
2007-06-09 15:00:00.000,2007,6,9,15,20003KT,15,09
2007-06-09 16:00:00.000,2007,6,9,16,15005KT,16,08
2007-06-09 17:00:00.000,2007,6,9,17,22004KT,18,09
2007-06-09 18:00:00.000,2007,6,9,18,12012KT,19,08
2007-06-09 19:00:00.000,2007,6,9,19,15010KT,18,08
2007-06-09 20:00:00.000,2007,6,9,20,16006KT,17,07
2007-06-09 21:00:00.000,2007,6,9,21,13006KT,17,06
2007-06-09 22:00:00.000,2007,6,9,22,14006KT,17,06
2007-06-09 23:00:00.000,2007,6,9,23,14004KT,16,07
2007-06-10 01:00:00.000,2007,6,10,1,05005KT,13,11
2007-06-10 02:00:00.000,2007,6,10,2,12005KT,12,11
2007-06-10 03:00:00.000,2007,6,10,3,VRB02KT,12,10
2007-06-10 04:00:00.000,2007,6,10,4,02004KT,11,10
2007-06-10 05:00:00.000,2007,6,10,5,VRB02KT,11,10
2007-06-10 06:00:00.000,2007,6,10,6,00000KT,11,10
2007-06-10 07:00:00.000,2007,6,10,7,02005KT,10,09
2007-06-10 08:00:00.000,2007,6,10,8,VRB02KT,10,09
2007-06-10 09:00:00.000,2007,6,10,9,03005KT,10,09
2007-06-10 10:00:00.000,2007,6,10,10,03005KT,10,09
2007-06-10 11:00:00.000,2007,6,10,11,05005KT,09,09
2007-06-10 12:00:00.000,2007,6,10,12,03004KT,11,09
2007-06-10 13:00:00.000,2007,6,10,13,03004KT,13,10
2007-06-10 14:00:00.000,2007,6,10,14,05005KT,13,10
2007-06-10 15:00:00.000,2007,6,10,15,05004KT,14,12
2007-06-10 16:00:00.000,2007,6,10,16,08004KT,15,10
2007-06-10 17:00:00.000,2007,6,10,17,14007KT,16,09
2007-06-10 18:00:00.000,2007,6,10,18,15008KT,17,08
2007-06-10 19:00:00.000,2007,6,10,19,16010KT,17,09
2007-06-10 20:00:00.000,2007,6,10,20,16010KT,17,09
2007-06-10 21:00:00.000,2007,6,10,21,07007KT,17,09
2007-06-10 22:00:00.000,2007,6,10,22,13010KT,16,08
2007-06-10 23:00:00.000,2007,6,10,23,12006KT,15,09
2007-06-11 00:00:00.000,2007,6,11,0,15007KT,14,09
2007-06-11 01:00:00.000,2007,6,11,1,05005KT,14,10
2007-06-11 02:00:00.000,2007,6,11,2,VRB02KT,13,11
2007-06-11 03:00:00.000,2007,6,11,3,00000KT,12,11
2007-06-11 04:00:00.000,2007,6,11,4,36005KT,12,11
2007-06-11 05:00:00.000,2007,6,11,5,01004KT,11,11
2007-06-11 06:00:00.000,2007,6,11,6,00000KT,11,11
2007-06-11 07:00:00.000,2007,6,11,7,VRB02KT,12,11
2007-06-11 08:00:00.000,2007,6,11,8,07004KT,12,11
2007-06-11 09:00:00.000,2007,6,11,9,309004KT,11,10
2007-06-11 10:00:00.000,2007,6,11,10,00000KT,11,10
2007-06-11 11:00:00.000,2007,6,11,11,00000KT,10,10
2007-06-11 13:00:00.000,2007,6,11,13,08005KT,13,12
2007-06-11 14:00:00.000,2007,6,11,14,12012KT,15,09
2007-06-11 15:00:00.000,2007,6,11,15,05010KT,16,11
2007-06-11 16:00:00.000,2007,6,11,16,10011KT,16,08
2007-06-11 17:00:00.000,2007,6,11,17,10005KT,15,09
2007-06-11 18:00:00.000,2007,6,11,18,12012KT,16,09
2007-06-11 19:00:00.000,2007,6,11,19,10014KT,15,10
2007-06-11 20:00:00.000,2007,6,11,20,12015KT,15,09
2007-06-11 21:00:00.000,2007,6,11,21,12015KT,15,09
2007-06-11 22:00:00.000,2007,6,11,22,08010KT,15,09
2007-06-11 23:00:00.000,2007,6,11,23,07007KT,14,09
2007-06-12 00:00:00.000,2007,6,12,0,VRB02KT,12,09
2007-06-12 01:00:00.000,2007,6,12,1,VRB02KT,11,09
2007-06-12 02:00:00.000,2007,6,12,2,VRB02KT,11,09
2007-06-12 03:00:00.000,2007,6,12,3,VRB02KT,11,09
2007-06-12 04:00:00.000,2007,6,12,4,03003KT,11,10
2007-06-12 05:00:00.000,2007,6,12,5,05003KT,12,10
2007-06-12 06:00:00.000,2007,6,12,6,08005KT,11,10
2007-06-12 07:00:00.000,2007,6,12,7,09005KT,11,10
2007-06-12 08:00:00.000,2007,6,12,8,01004KT,09,09
2007-06-12 09:00:00.000,2007,6,12,9,06003KT,09,09
2007-06-12 10:00:00.000,2007,6,12,10,08003KT,09,08
2007-06-12 11:00:00.000,2007,6,12,11,05005KT,09,08
2007-06-12 12:00:00.000,2007,6,12,12,01004KT,11,10
2007-06-12 13:00:00.000,2007,6,12,13,03010KT,13,09
2007-06-12 14:00:00.000,2007,6,12,14,06007KT,15,11
2007-06-12 15:00:00.000,2007,6,12,15,VRB02KT,16,07
2007-06-12 17:00:00.000,2007,6,12,17,13007KT,19,06
2007-06-12 18:00:00.000,2007,6,12,18,09007KT,19,07
2007-06-12 19:00:00.000,2007,6,12,19,10010KT,19,06
2007-06-12 20:00:00.000,2007,6,12,20,10012KT,19,07
2007-06-12 21:00:00.000,2007,6,12,21,13007KT,19,06
2007-06-12 22:00:00.000,2007,6,12,22,07012KT,18,06
2007-06-12 23:00:00.000,2007,6,12,23,12007KT,17,06
2007-06-13 00:00:00.000,2007,6,13,0,11010KT,16,07
2007-06-13 01:00:00.000,2007,6,13,1,11010KT,15,08
2007-06-13 03:00:00.000,2007,6,13,3,07006KT,12,07
2007-06-13 04:00:00.000,2007,6,13,4,07007KT,11,08
2007-06-13 05:00:00.000,2007,6,13,5,15005KT,10,08
2007-06-13 06:00:00.000,2007,6,13,6,00000KT,08,07
2007-06-13 09:00:00.000,2007,6,13,9,00000KT,06,06
2007-06-13 10:00:00.000,2007,6,13,10,00000KT,07,06
2007-06-13 11:00:00.000,2007,6,13,11,VRB02KT,06,05
2007-06-13 12:00:00.000,2007,6,13,12,06003KT,11,10
2007-06-13 13:00:00.000,2007,6,13,13,14008KT,14,08
2007-06-13 14:00:00.000,2007,6,13,14,12010KT,16,09
2007-06-13 15:00:00.000,2007,6,13,15,16010KT,16,09
2007-06-13 17:00:00.000,2007,6,13,17,15012KT,16,09
2007-06-13 18:00:00.000,2007,6,13,18,16009KT,16,10
2007-06-13 20:00:00.000,2007,6,13,20,14009KT,17,09
2007-06-13 21:00:00.000,2007,6,13,21,15008KT,16,09
2007-06-13 22:00:00.000,2007,6,13,22,18006KT,14,12
2007-06-13 23:00:00.000,2007,6,13,23,12003KT,13,12
2007-06-14 00:00:00.000,2007,6,14,0,05004KT,13,11
2007-06-14 01:00:00.000,2007,6,14,1,10007KT,13,11
2007-06-14 02:00:00.000,2007,6,14,2,07004KT,13,10
2007-06-14 03:00:00.000,2007,6,14,3,VRB02KT,11,10
2007-06-14 04:00:00.000,2007,6,14,4,06006KT,12,10
2007-06-14 05:00:00.000,2007,6,14,5,04006KT,11,09
2007-06-14 06:00:00.000,2007,6,14,6,03004KT,11,09
2007-06-14 07:00:00.000,2007,6,14,7,35003KT,10,09
2007-06-14 08:00:00.000,2007,6,14,8,VRB02KT,10,09
2007-06-14 09:00:00.000,2007,6,14,9,03004KT,10,10
2007-06-14 10:00:00.000,2007,6,14,10,04004KT,10,09
2007-06-14 11:00:00.000,2007,6,14,11,33003KT,09,09
2007-06-14 12:00:00.000,2007,6,14,12,02008KT,11,10
2007-06-14 13:00:00.000,2007,6,14,13,02006KT,14,12
2007-06-14 14:00:00.000,2007,6,14,14,06010KT,16,13
2007-06-14 15:00:00.000,2007,6,14,15,06010KT,15,12
2007-06-14 16:00:00.000,2007,6,14,16,10008KT,16,13
2007-06-14 17:00:00.000,2007,6,14,17,18008KT,16,11
2007-06-14 18:00:00.000,2007,6,14,18,12008KT,15,12
2007-06-14 19:00:00.000,2007,6,14,19,14010KT,15,12
2007-06-14 21:00:00.000,2007,6,14,21,13011KT,16,10
2007-06-14 22:00:00.000,2007,6,14,22,12007KT,16,10
2007-06-14 23:00:00.000,2007,6,14,23,12008KT,14,09
2007-06-15 00:00:00.000,2007,6,15,0,12005KT,13,09
2007-06-15 01:00:00.000,2007,6,15,1,08005KT,13,08
2007-06-15 02:00:00.000,2007,6,15,2,08010KT,13,08
2007-06-15 03:00:00.000,2007,6,15,3,11009KT,12,08
2007-06-15 04:00:00.000,2007,6,15,4,10012KT,12,07
2007-06-15 05:00:00.000,2007,6,15,5,10013KT,12,08
2007-06-15 06:00:00.000,2007,6,15,6,11010KT,12,07
2007-06-15 07:00:00.000,2007,6,15,7,09004KT,11,08
2007-06-15 08:00:00.000,2007,6,15,8,VRB02KT,09,08
2007-06-15 09:00:00.000,2007,6,15,9,01004KT,08,08
2007-06-15 10:00:00.000,2007,6,15,10,00000KT,10,08
2007-06-15 11:00:00.000,2007,6,15,11,13004KT,11,07
2007-06-15 12:00:00.000,2007,6,15,12,12006KT,12,09
2007-06-15 13:00:00.000,2007,6,15,13,06007KT,13,10
2007-06-15 14:00:00.000,2007,6,15,14,06009KT,14,10
2007-06-15 15:00:00.000,2007,6,15,15,12011KT,15,10
2007-06-15 16:00:00.000,2007,6,15,16,11015KT,16,08
2007-06-15 18:00:00.000,2007,6,15,18,16018KT,16,09
2007-06-15 19:00:00.000,2007,6,15,19,16018KT,15,08
2007-06-15 20:00:00.000,2007,6,15,20,14016KT,15,09
2007-06-15 21:00:00.000,2007,6,15,21,19012KT,15,09
2007-06-15 22:00:00.000,2007,6,15,22,16010KT,14,09
2007-06-15 23:00:00.000,2007,6,15,23,14010KT,15,08
2007-06-16 00:00:00.000,2007,6,16,0,12008KT,13,08
2007-06-16 02:00:00.000,2007,6,16,2,06005KT,11,08
2007-06-16 03:00:00.000,2007,6,16,3,09005KT,11,08
2007-06-16 04:00:00.000,2007,6,16,4,02005KT,11,09
2007-06-16 06:00:00.000,2007,6,16,6,06006KT,10,09
2007-06-16 07:00:00.000,2007,6,16,7,28005KT,09,08
2007-06-16 08:00:00.000,2007,6,16,8,04006KT,11,10
2007-06-16 10:00:00.000,2007,6,16,10,03005KT,10,09
2007-06-16 11:00:00.000,2007,6,16,11,23003KT,10,09
2007-06-16 12:00:00.000,2007,6,16,12,06006KT,11,10
2007-06-16 13:00:00.000,2007,6,16,13,07004KT,13,11
2007-06-16 14:00:00.000,2007,6,16,14,05009KT,14,10
2007-06-16 15:00:00.000,2007,6,16,15,05009KT,15,10
2007-06-16 16:00:00.000,2007,6,16,16,07010KT,16,10
2007-06-16 17:00:00.000,2007,6,16,17,11007KT,16,10
2007-06-16 18:00:00.000,2007,6,16,18,05010KT,15,11
2007-06-16 19:00:00.000,2007,6,16,19,06011KT,17,11
2007-06-16 20:00:00.000,2007,6,16,20,09012KT,17,10
2007-06-16 21:00:00.000,2007,6,16,21,15012KT,16,09
2007-06-16 22:00:00.000,2007,6,16,22,08010KT,15,09
2007-06-16 23:00:00.000,2007,6,16,23,11009KT,14,09
2007-06-17 00:00:00.000,2007,6,17,0,08006KT,13,08
2007-06-17 01:00:00.000,2007,6,17,1,05008KT,12,09
2007-06-17 02:00:00.000,2007,6,17,2,05005KT,11,08
2007-06-17 03:00:00.000,2007,6,17,3,05004KT,11,09
2007-06-17 04:00:00.000,2007,6,17,4,09004KT,11,09
2007-06-17 05:00:00.000,2007,6,17,5,03003KT,10,09
2007-06-17 06:00:00.000,2007,6,17,6,10006KT,12,06
2007-06-17 07:00:00.000,2007,6,17,7,11006KT,12,06
2007-06-17 08:00:00.000,2007,6,17,8,11004KT,11,07
2007-06-17 09:00:00.000,2007,6,17,9,06004KT,09,08
2007-06-17 10:00:00.000,2007,6,17,10,06004KT,09,07
2007-06-17 11:00:00.000,2007,6,17,11,03006KT,08,06
2007-06-17 12:00:00.000,2007,6,17,12,02004KT,10,08
2007-06-17 13:00:00.000,2007,6,17,13,31004KT,11,09
2007-06-17 14:00:00.000,2007,6,17,14,30003KT,13,09
2007-06-17 15:00:00.000,2007,6,17,15,02004KT,15,09
2007-06-17 17:00:00.000,2007,6,17,17,14006KT,16,08
2007-06-17 18:00:00.000,2007,6,17,18,12010KT,17,09
2007-06-17 19:00:00.000,2007,6,17,19,13009KT,16,08
2007-06-17 20:00:00.000,2007,6,17,20,16008KT,17,09
2007-06-17 21:00:00.000,2007,6,17,21,15007KT,17,09
2007-06-17 22:00:00.000,2007,6,17,22,13007KT,17,08
2007-06-17 23:00:00.000,2007,6,17,23,22007KT,15,11
2007-06-18 00:00:00.000,2007,6,18,0,24004KT,14,11
2007-06-18 01:00:00.000,2007,6,18,1,00000KT,13,11
2007-06-18 02:00:00.000,2007,6,18,2,VRB02KT,12,11
2007-06-18 03:00:00.000,2007,6,18,3,36004KT,13,11
2007-06-18 04:00:00.000,2007,6,18,4,07005KT,12,11
2007-06-18 05:00:00.000,2007,6,18,5,00000KT,11,11
2007-06-18 06:00:00.000,2007,6,18,6,00000KT,11,11
2007-06-18 07:00:00.000,2007,6,18,7,VRB02KT,11,11
2007-06-18 08:00:00.000,2007,6,18,8,VRB02KT,11,10
2007-06-18 09:00:00.000,2007,6,18,9,0000KT,10,10
2007-06-18 10:00:00.000,2007,6,18,10,00000KT,09,08
2007-06-18 11:00:00.000,2007,6,18,11,00000KT,10,09
2007-06-18 12:00:00.000,2007,6,18,12,VRB02KT,11,10
2007-06-18 13:00:00.000,2007,6,18,13,05004KT,13,11
2007-06-18 14:00:00.000,2007,6,18,14,VRB02KT,14,12
2007-06-18 15:00:00.000,2007,6,18,15,VRB02KT,15,12
2007-06-18 16:00:00.000,2007,6,18,16,VRB02KT,16,11
2007-06-18 17:00:00.000,2007,6,18,17,08008KT,19,11
2007-06-18 18:00:00.000,2007,6,18,18,13010KT,18,10
2007-06-18 19:00:00.000,2007,6,18,19,15010KT,18,11
2007-06-18 20:00:00.000,2007,6,18,20,15008KT,17,10
2007-06-18 21:00:00.000,2007,6,18,21,15008KT,16,10
2007-06-18 22:00:00.000,2007,6,18,22,12009KT,16,10
2007-06-18 23:00:00.000,2007,6,18,23,11008KT,16,10
2007-06-19 00:00:00.000,2007,6,19,0,14007KT,15,10
2007-06-19 01:00:00.000,2007,6,19,1,14007KT,14,10
2007-06-19 02:00:00.000,2007,6,19,2,07006KT,14,11
2007-06-19 03:00:00.000,2007,6,19,3,08007KT,13,11
2007-06-19 04:00:00.000,2007,6,19,4,03005KT,12,10
2007-06-19 05:00:00.000,2007,6,19,5,03003KT,12,11
2007-06-19 06:00:00.000,2007,6,19,6,32004KT,11,10
2007-06-19 07:00:00.000,2007,6,19,7,VRB02KT,11,10
2007-06-19 08:00:00.000,2007,6,19,8,00000KT,11,10
2007-06-19 09:00:00.000,2007,6,19,9,04005KT,11,10
2007-06-19 10:00:00.000,2007,6,19,10,VRB02KT,10,09
2007-06-19 11:00:00.000,2007,6,19,11,04005KT,10,09
2007-06-19 12:00:00.000,2007,6,19,12,08008KT,14,11
2007-06-19 13:00:00.000,2007,6,19,13,07006KT,16,12
2007-06-19 14:00:00.000,2007,6,19,14,06010KT,16,12
2007-06-19 15:00:00.000,2007,6,19,15,06010KT,16,12
2007-06-20 14:00:00.000,2007,6,20,14,12010KT,15,10
2007-06-20 16:00:00.000,2007,6,20,16,16010KT,16,09
2007-06-20 18:00:00.000,2007,6,20,18,12014KT,17,13
2007-06-20 19:00:00.000,2007,6,20,19,12012KT,15,14
2007-06-20 20:00:00.000,2007,6,20,20,11012KT,16,11
2007-06-20 21:00:00.000,2007,6,20,21,10010KT,15,11
2007-06-20 22:00:00.000,2007,6,20,22,10008KT,15,10
2007-06-20 23:00:00.000,2007,6,20,23,09007KT,15,10
2007-06-21 00:00:00.000,2007,6,21,0,09010KT,13,10
2007-06-21 01:00:00.000,2007,6,21,1,07009KT,13,10
2007-06-21 02:00:00.000,2007,6,21,2,06007KT,12,10
2007-06-21 03:00:00.000,2007,6,21,3,04007KT,11,08
2007-06-21 04:00:00.000,2007,6,21,4,04007KT,10,08
2007-06-21 05:00:00.000,2007,6,21,5,VRB02KT,10,07
2007-06-21 07:00:00.000,2007,6,21,7,VRB02KT,08,06
2007-06-21 08:00:00.000,2007,6,21,8,00000KT,07,05
2007-06-21 09:00:00.000,2007,6,21,9,00000KT,05,05
2007-06-21 10:00:00.000,2007,6,21,10,00000KT,05,05
2007-06-21 11:00:00.000,2007,6,21,11,00000KT,05,04
2007-06-21 12:00:00.000,2007,6,21,12,01003KT,09,07
2007-06-21 13:00:00.000,2007,6,21,13,04006KT,12,08
2007-06-21 14:00:00.000,2007,6,21,14,08010KT,14,09
2007-06-21 16:00:00.000,2007,6,21,16,08005KT,16,09
2007-06-21 17:00:00.000,2007,6,21,17,09012KT,17,10
2007-06-21 18:00:00.000,2007,6,21,18,05013KT,17,11
2007-06-21 19:00:00.000,2007,6,21,19,06017KT,17,10
2007-06-21 20:00:00.000,2007,6,21,20,08012KT,15,10
2007-06-21 21:00:00.000,2007,6,21,21,08010KT,16,09
2007-06-21 22:00:00.000,2007,6,21,22,06010KT,15,09
2007-06-21 23:00:00.000,2007,6,21,23,08008KT,15,09
2007-06-22 00:00:00.000,2007,6,22,0,07006KT,14,10
2007-06-22 01:00:00.000,2007,6,22,1,09007KT,13,11
2007-06-22 02:00:00.000,2007,6,22,2,06004KT,13,12
2007-06-22 03:00:00.000,2007,6,22,3,02004KT,13,12
2007-06-22 04:00:00.000,2007,6,22,4,02004KT,12,11
2007-06-22 05:00:00.000,2007,6,22,5,02003KT,12,12
2007-06-22 06:00:00.000,2007,6,22,6,03003KT,12,11
2007-06-22 07:00:00.000,2007,6,22,7,VRB02KT,12,11
2007-06-22 08:00:00.000,2007,6,22,8,00000KT,11,11
2007-06-22 09:00:00.000,2007,6,22,9,VRB02KT,11,11
2007-06-22 10:00:00.000,2007,6,22,10,00000KT,11,10
2007-06-22 11:00:00.000,2007,6,22,11,00000KT,11,10
2007-06-22 12:00:00.000,2007,6,22,12,VRB02KT,11,10
2007-06-22 13:00:00.000,2007,6,22,13,VRB02KT,11,10
2007-06-22 14:00:00.000,2007,6,22,14,36004KT,12,11
2007-06-22 15:00:00.000,2007,6,22,15,04004KT,13,12
2007-06-22 16:00:00.000,2007,6,22,16,06005KT,15,13
2007-06-22 17:00:00.000,2007,6,22,17,10007KT,15,12
2007-06-22 18:00:00.000,2007,6,22,18,08006KT,16,11
2007-06-22 19:00:00.000,2007,6,22,19,10003KT,13,12
2007-06-22 20:00:00.000,2007,6,22,20,08004KT,14,13
2007-06-22 21:00:00.000,2007,6,22,21,10005KT,14,12
2007-06-22 22:00:00.000,2007,6,22,22,05004KT,13,12
2007-06-22 23:00:00.000,2007,6,22,23,07004KT,13,11
2007-06-23 00:00:00.000,2007,6,23,0,08009KT,13,10
2007-06-23 01:00:00.000,2007,6,23,1,07005KT,12,10
2007-06-23 02:00:00.000,2007,6,23,2,07005KT,11,10
2007-06-23 03:00:00.000,2007,6,23,3,35004KT,11,10
2007-06-23 04:00:00.000,2007,6,23,4,02004KT,11,10
2007-06-23 05:00:00.000,2007,6,23,5,00000KT,11,10
2007-06-23 06:00:00.000,2007,6,23,6,03004KT,11,10
2007-06-23 07:00:00.000,2007,6,23,7,02004KT,11,10
2007-06-23 08:00:00.000,2007,6,23,8,00000KT,11,10
2007-06-23 09:00:00.000,2007,6,23,9,00000KT,10,10
2007-06-23 10:00:00.000,2007,6,23,10,06004KT,11,11
2007-06-23 11:00:00.000,2007,6,23,11,VRB02KT,10,10
2007-06-23 12:00:00.000,2007,6,23,12,00000KT,11,11
2007-06-23 13:00:00.000,2007,6,23,13,00000KT,13,12
2007-06-23 14:00:00.000,2007,6,23,14,VRB02KT,14,12
2007-06-23 15:00:00.000,2007,6,23,15,10004KT,15,11
2007-06-23 16:00:00.000,2007,6,23,16,09004KT,16,11
2007-06-23 17:00:00.000,2007,6,23,17,09007KT,17,10
2007-06-23 18:00:00.000,2007,6,23,18,12005KT,17,10
2007-06-23 19:00:00.000,2007,6,23,19,27008KT,15,13
2007-06-23 20:00:00.000,2007,6,23,20,21005KT,14,13
2007-06-23 21:00:00.000,2007,6,23,21,28005KT,13,12
2007-06-23 22:00:00.000,2007,6,23,22,00000KT,13,13
2007-06-23 23:00:00.000,2007,6,23,23,VRB02KT,12,12
2007-06-24 00:00:00.000,2007,6,24,0,25003KT,12,11
2007-06-24 01:00:00.000,2007,6,24,1,VRB02KT,12,11
2007-06-24 02:00:00.000,2007,6,24,2,00000KT,11,11
2007-06-24 05:00:00.000,2007,6,24,5,00000KT,12,11
2007-06-24 07:00:00.000,2007,6,24,7,VRB02KT,10,10
2007-06-24 08:00:00.000,2007,6,24,8,VRB02KT,11,10
2007-06-24 09:00:00.000,2007,6,24,9,03003KT,10,10
2007-06-24 10:00:00.000,2007,6,24,10,05003KT,11,10
2007-06-24 11:00:00.000,2007,6,24,11,04006KT,11,10
2007-06-24 12:00:00.000,2007,6,24,12,04005KT,11,11
2007-06-24 13:00:00.000,2007,6,24,13,07004KT,13,12
2007-06-24 14:00:00.000,2007,6,24,14,00000KT,15,12
2007-06-24 15:00:00.000,2007,6,24,15,22004KT,14,13
2007-06-24 16:00:00.000,2007,6,24,16,13005KT,16,12
2007-06-24 17:00:00.000,2007,6,24,17,10008KT,18,11
2007-06-24 18:00:00.000,2007,6,24,18,15005KT,16,12
2007-06-24 19:00:00.000,2007,6,24,19,16005KT,16,12
2007-06-24 20:00:00.000,2007,6,24,20,13010KT,17,10
2007-06-24 21:00:00.000,2007,6,24,21,17005KT,17,11
2007-06-24 22:00:00.000,2007,6,24,22,15007KT,17,10
2007-06-24 23:00:00.000,2007,6,24,23,14007KT,15,10
2007-06-25 00:00:00.000,2007,6,25,0,13004KT,15,10
2007-06-25 01:00:00.000,2007,6,25,1,10007KT,14,11
2007-06-25 02:00:00.000,2007,6,25,2,07007KT,13,12
2007-06-25 03:00:00.000,2007,6,25,3,03005KT,13,12
2007-06-25 04:00:00.000,2007,6,25,4,04005KT,12,12
2007-06-25 05:00:00.000,2007,6,25,5,00000KT,12,11
2007-06-25 06:00:00.000,2007,6,25,6,00000KT,11,11
2007-06-25 07:00:00.000,2007,6,25,7,00000KT,11,11
2007-06-25 08:00:00.000,2007,6,25,8,00000KT,11,11
2007-06-25 09:00:00.000,2007,6,25,9,00000KT,11,11
2007-06-25 10:00:00.000,2007,6,25,10,00000KT,11,10
2007-06-25 11:00:00.000,2007,6,25,11,00000KT,11,10
2007-06-25 12:00:00.000,2007,6,25,12,VRB02KT,12,11
2007-06-25 13:00:00.000,2007,6,25,13,09003KT,13,12
2007-06-25 14:00:00.000,2007,6,25,14,20006KT,14,12
2007-06-25 15:00:00.000,2007,6,25,15,09005KT,15,12
2007-06-25 16:00:00.000,2007,6,25,16,16008KT,16,12
2007-06-25 17:00:00.000,2007,6,25,17,13012KT,17,12
2007-06-25 18:00:00.000,2007,6,25,18,16013KT,17,10
2007-06-25 19:00:00.000,2007,6,25,19,13012KT,17,10
2007-06-25 20:00:00.000,2007,6,25,20,15016KT,16,10
2007-06-25 21:00:00.000,2007,6,25,21,13009KT,17,11
2007-06-25 22:00:00.000,2007,6,25,22,12010KT,17,09
2007-06-25 23:00:00.000,2007,6,25,23,07006KT,16,10
2007-06-26 00:00:00.000,2007,6,26,0,05008KT,12,11
2007-06-26 01:00:00.000,2007,6,26,1,03006KT,12,11
2007-06-26 02:00:00.000,2007,6,26,2,01005KT,12,11
2007-06-26 03:00:00.000,2007,6,26,3,03009KT,12,11
2007-06-26 04:00:00.000,2007,6,26,4,03006KT,11,10
2007-06-26 05:00:00.000,2007,6,26,5,VRB02KT,11,10
2007-06-26 06:00:00.000,2007,6,26,6,VRB02KT,10,10
2007-06-26 07:00:00.000,2007,6,26,7,00000KT,10,09
2007-06-26 08:00:00.000,2007,6,26,8,VRB02KT,09,09
2007-06-26 09:00:00.000,2007,6,26,9,00000KT,09,09
2007-06-26 10:00:00.000,2007,6,26,10,33003KT,09,09
2007-06-26 11:00:00.000,2007,6,26,11,30005KT,10,09
2007-06-26 12:00:00.000,2007,6,26,12,00000KT,10,10
2007-06-26 13:00:00.000,2007,6,26,13,VRB02KT,12,12
2007-06-26 14:00:00.000,2007,6,26,14,02004KT,13,13
2007-06-26 15:00:00.000,2007,6,26,15,00000KT,13,13
2007-06-26 16:00:00.000,2007,6,26,16,16004KT,15,13
2007-06-26 17:00:00.000,2007,6,26,17,18008KT,15,13
2007-06-26 18:00:00.000,2007,6,26,18,11005KT,14,13
2007-06-26 21:00:00.000,2007,6,26,21,10005KT,13,13
2007-06-26 22:00:00.000,2007,6,26,22,05007KT,15,13
2007-06-26 23:00:00.000,2007,6,26,23,05007KT,13,12
2007-06-27 00:00:00.000,2007,6,27,0,05006KT,12,11
2007-06-27 01:00:00.000,2007,6,27,1,06005KT,12,11
2007-06-27 02:00:00.000,2007,6,27,2,04006KT,11,10
2007-06-27 03:00:00.000,2007,6,27,3,VRB02KT,11,10
2007-06-27 04:00:00.000,2007,6,27,4,VRB02KT,11,10
2007-06-27 05:00:00.000,2007,6,27,5,03004KT,11,10
2007-06-27 06:00:00.000,2007,6,27,6,05003KT,11,10
2007-06-27 07:00:00.000,2007,6,27,7,VRB02KT,10,10
2007-06-27 08:00:00.000,2007,6,27,8,01004KT,10,10
2007-06-27 09:00:00.000,2007,6,27,9,VRB02KT,11,10
2007-06-27 10:00:00.000,2007,6,27,10,33003KT,11,10
2007-06-27 11:00:00.000,2007,6,27,11,VRB02KT,11,10
2007-06-27 12:00:00.000,2007,6,27,12,00000KT,11,10
2007-06-27 13:00:00.000,2007,6,27,13,00000KT,12,11
2007-06-27 14:00:00.000,2007,6,27,14,VRB02KT,14,11
2007-06-27 15:00:00.000,2007,6,27,15,14008KT,15,11
2007-06-27 22:00:00.000,2007,6,27,22,10011KT,16,09
2007-06-27 23:00:00.000,2007,6,27,23,15008KT,14,10
2007-06-28 01:00:00.000,2007,6,28,1,14009KT,14,10
2007-06-28 02:00:00.000,2007,6,28,2,13010KT,14,10
2007-06-28 03:00:00.000,2007,6,28,3,17005KT,13,10
2007-06-28 04:00:00.000,2007,6,28,4,03003KT,13,10
2007-06-28 05:00:00.000,2007,6,28,5,02003KT,12,11
2007-06-28 06:00:00.000,2007,6,28,6,02005KT,11,10
2007-06-28 10:00:00.000,2007,6,28,10,04006KT,10,10
2007-06-28 11:00:00.000,2007,6,28,11,06005KT,10,10
2007-06-28 12:00:00.000,2007,6,28,12,03004KT,11,11
2007-06-28 13:00:00.000,2007,6,28,13,07004KT,14,12
2007-06-28 14:00:00.000,2007,6,28,14,08008KT,16,12
2007-06-28 15:00:00.000,2007,6,28,15,00000KT,17,12
2007-06-28 16:00:00.000,2007,6,28,16,VRB02KT,17,10
2007-06-28 17:00:00.000,2007,6,28,17,00000KT,18,09
2007-06-28 18:00:00.000,2007,6,28,18,18007KT,18,09
2007-06-28 19:00:00.000,2007,6,28,19,15008KT,17,09
2007-06-28 20:00:00.000,2007,6,28,20,13007KT,17,13
2007-06-28 21:00:00.000,2007,6,28,21,01005KT,15,14
2007-06-28 22:00:00.000,2007,6,28,22,32004KT,13,13
2007-06-28 23:00:00.000,2007,6,28,23,VRB02KT,13,13
2007-06-29 00:00:00.000,2007,6,29,0,14007KT,13,11
2007-06-29 01:00:00.000,2007,6,29,1,13007KT,13,11
2007-06-29 02:00:00.000,2007,6,29,2,13005KT,13,11
2007-06-29 03:00:00.000,2007,6,29,3,12005KT,13,11
2007-06-29 04:00:00.000,2007,6,29,4,29003KT,12,11
2007-06-29 05:00:00.000,2007,6,29,5,VRB02KT,11,10
2007-06-29 06:00:00.000,2007,6,29,6,02003KT,10,09
2007-06-29 07:00:00.000,2007,6,29,7,VRB02KT,10,09
2007-06-29 08:00:00.000,2007,6,29,8,00000KT,09,09
2007-06-29 09:00:00.000,2007,6,29,9,VRB02KT,09,08
2007-06-29 10:00:00.000,2007,6,29,10,33003KT,09,09
2007-06-29 11:00:00.000,2007,6,29,11,32004KT,10,09
2007-06-29 12:00:00.000,2007,6,29,12,01004KT,11,10
2007-06-29 13:00:00.000,2007,6,29,13,06004KT,13,12
2007-06-29 14:00:00.000,2007,6,29,14,VRB02KT,15,12
2007-06-29 15:00:00.000,2007,6,29,15,12005KT,15,13
2007-06-29 16:00:00.000,2007,6,29,16,16012KT,16,12
2007-06-29 18:00:00.000,2007,6,29,18,16016KT,16,10
2007-06-29 19:00:00.000,2007,6,29,19,17014KT,16,10
2007-06-29 20:00:00.000,2007,6,29,20,17016KT,16,10
2007-06-29 21:00:00.000,2007,6,29,21,16015KT,16,09
2007-06-29 22:00:00.000,2007,6,29,22,16016KT,15,09
2007-06-29 23:00:00.000,2007,6,29,23,15008KT,14,10
2007-06-30 00:00:00.000,2007,6,30,0,VRB02KT,14,11
2007-06-30 01:00:00.000,2007,6,30,1,132007KT,13,11
2007-06-30 02:00:00.000,2007,6,30,2,00000KT,13,11
2007-06-30 03:00:00.000,2007,6,30,3,VRB02KT,11,11
2007-06-30 04:00:00.000,2007,6,30,4,00000KT,10,10
2007-06-30 05:00:00.000,2007,6,30,5,00000KT,10,09
2007-06-30 06:00:00.000,2007,6,30,6,00000KT,09,09
2007-06-30 07:00:00.000,2007,6,30,7,00000KT,09,09
2007-06-30 08:00:00.000,2007,6,30,8,22004KT,10,09
2007-06-30 09:00:00.000,2007,6,30,9,VRB02KT,,
2007-06-30 10:00:00.000,2007,6,30,10,00000KT,09,08
2007-06-30 11:00:00.000,2007,6,30,11,02004KT,10,10
2007-06-30 12:00:00.000,2007,6,30,12,33003KT,11,10
2007-06-30 13:00:00.000,2007,6,30,13,VRB02KT,14,12
2007-06-30 14:00:00.000,2007,6,30,14,21004KT,14,13
2007-06-30 15:00:00.000,2007,6,30,15,16008KT,15,12
2007-06-30 16:00:00.000,2007,6,30,16,12006KT,15,12
2007-06-30 17:00:00.000,2007,6,30,17,14007KT,16,12
2007-06-30 18:00:00.000,2007,6,30,18,12009KT,17,12
2007-06-30 19:00:00.000,2007,6,30,19,16010KT,15,13
2007-06-30 21:00:00.000,2007,6,30,21,15007KT,15,13
2007-06-30 22:00:00.000,2007,6,30,22,13010KT,15,12
2007-06-30 23:00:00.000,2007,6,30,23,13007KT,14,12
2007-07-01 00:00:00.000,2007,7,1,0,11005KT,14,11
2007-07-01 01:00:00.000,2007,7,1,1,07006KT,13,12
2007-07-01 02:00:00.000,2007,7,1,2,05006KT,12,11
2007-07-01 03:00:00.000,2007,7,1,3,03006KT,12,11
2007-07-01 04:00:00.000,2007,7,1,4,03003KT,12,11
2007-07-01 05:00:00.000,2007,7,1,5,VRB02KT,12,11
2007-07-01 06:00:00.000,2007,7,1,6,29003KT,11,10
2007-07-01 07:00:00.000,2007,7,1,7,VRB02KT,11,10
2007-07-01 10:00:00.000,2007,7,1,10,00000KT,10,09
2007-07-01 11:00:00.000,2007,7,1,11,00000KT,09,09
2007-07-01 12:00:00.000,2007,7,1,12,13004KT,12,11
2007-07-01 13:00:00.000,2007,7,1,13,15006KT,13,12
2007-07-01 14:00:00.000,2007,7,1,14,14010KT,15,11
2007-07-01 15:00:00.000,2007,7,1,15,14010KT,15,10
2007-07-01 16:00:00.000,2007,7,1,16,15008KT,16,10
2007-07-01 17:00:00.000,2007,7,1,17,13014KT,16,11
2007-07-01 18:00:00.000,2007,7,1,18,15011KT,17,11
2007-07-01 19:00:00.000,2007,7,1,19,14013KT,17,11
2007-07-01 20:00:00.000,2007,7,1,20,14014KT,17,10
2007-07-01 21:00:00.000,2007,7,1,21,13013KT,16,10
2007-07-01 22:00:00.000,2007,7,1,22,14014KT,15,10
2007-07-01 23:00:00.000,2007,7,1,23,14012KT,14,10
2007-07-02 00:00:00.000,2007,7,2,0,14008KT,12,09
2007-07-02 01:00:00.000,2007,7,2,1,09005KT,12,08
2007-07-02 02:00:00.000,2007,7,2,2,12006KT,13,09
2007-07-02 03:00:00.000,2007,7,2,3,16006KT,12,11
2007-07-02 04:00:00.000,2007,7,2,4,12003KT,12,11
2007-07-02 06:00:00.000,2007,7,2,6,VRB02KT,11,10
2007-07-02 07:00:00.000,2007,7,2,7,VRB02KT,11,10
2007-07-02 08:00:00.000,2007,7,2,8,32003KT,10,10
2007-07-02 09:00:00.000,2007,7,2,9,VRB02KT,10,10
2007-07-02 10:00:00.000,2007,7,2,10,VRB02KT,11,10
2007-07-02 11:00:00.000,2007,7,2,11,17006KT,11,10
2007-07-02 12:00:00.000,2007,7,2,12,16006KT,12,11
2007-07-02 13:00:00.000,2007,7,2,13,14005KT,13,11
2007-07-02 14:00:00.000,2007,7,2,14,13011KT,15,10
2007-07-02 15:00:00.000,2007,7,2,15,13012KT,15,10
2007-07-02 16:00:00.000,2007,7,2,16,14013KT,16,09
2007-07-02 17:00:00.000,2007,7,2,17,15012KT,16,09
2007-07-02 18:00:00.000,2007,7,2,18,14014KT,17,09
2007-07-02 19:00:00.000,2007,7,2,19,14015KT,17,08
2007-07-02 20:00:00.000,2007,7,2,20,13013KT,17,08
2007-07-02 21:00:00.000,2007,7,2,21,14013KT,16,08
2007-07-02 22:00:00.000,2007,7,2,22,17007KT,15,08
2007-07-02 23:00:00.000,2007,7,2,23,13008KT,15,09
2007-07-03 00:00:00.000,2007,7,3,0,18010KT,13,09
2007-07-03 01:00:00.000,2007,7,3,1,16010KT,13,09
2007-07-03 02:00:00.000,2007,7,3,2,13007KT,13,09
2007-07-03 03:00:00.000,2007,7,3,3,13006KT,13,09
2007-07-03 04:00:00.000,2007,7,3,4,VRB02KT,12,09
2007-07-03 06:00:00.000,2007,7,3,6,01003KT,11,10
2007-07-03 07:00:00.000,2007,7,3,7,00000KT,11,10
2007-07-03 08:00:00.000,2007,7,3,8,00000KT,10,10
2007-07-03 09:00:00.000,2007,7,3,9,10005KT,11,10
2007-07-03 10:00:00.000,2007,7,3,10,16005KT,12,10
2007-07-03 11:00:00.000,2007,7,3,11,23005KT,12,10
2007-07-03 12:00:00.000,2007,7,3,12,06003KT,11,10
2007-07-03 13:00:00.000,2007,7,3,13,14010KT,13,10
2007-07-03 14:00:00.000,2007,7,3,14,14010KT,14,10
2007-07-03 15:00:00.000,2007,7,3,15,12010KT,15,09
2007-07-03 16:00:00.000,2007,7,3,16,17010KT,16,09
2007-07-03 17:00:00.000,2007,7,3,17,14010KT,16,08
2007-07-03 18:00:00.000,2007,7,3,18,14015KT,17,09
2007-07-03 19:00:00.000,2007,7,3,19,16012KT,17,09
2007-07-03 20:00:00.000,2007,7,3,20,16010KT,18,08
2007-07-03 21:00:00.000,2007,7,3,21,16012KT,17,08
2007-07-03 22:00:00.000,2007,7,3,22,17010KT,16,08
2007-07-03 23:00:00.000,2007,7,3,23,17010KT,15,08
2007-07-04 01:00:00.000,2007,7,4,1,13005KT,13,08
2007-07-04 02:00:00.000,2007,7,4,2,11009KT,13,08
2007-07-04 03:00:00.000,2007,7,4,3,12010KT,13,09
2007-07-04 04:00:00.000,2007,7,4,4,VRB02KT,11,09
2007-07-04 05:00:00.000,2007,7,4,5,09004KT,11,09
2007-07-04 06:00:00.000,2007,7,4,6,33004KT,08,08
2007-07-04 07:00:00.000,2007,7,4,7,09007KT,11,09
2007-07-04 08:00:00.000,2007,7,4,8,VRB02KT,10,09
2007-07-04 09:00:00.000,2007,7,4,9,36004KT,10,09
2007-07-04 10:00:00.000,2007,7,4,10,VRB02KT,10,09
2007-07-04 11:00:00.000,2007,7,4,11,01004KT,09,09
2007-07-04 12:00:00.000,2007,7,4,12,07008KT,12,09
2007-07-04 13:00:00.000,2007,7,4,13,14005KT,13,10
2007-07-04 14:00:00.000,2007,7,4,14,12006KT,14,10
2007-07-04 15:00:00.000,2007,7,4,15,10006KT,16,09
2007-07-04 16:00:00.000,2007,7,4,16,13008KT,17,08
2007-07-04 17:00:00.000,2007,7,4,17,12014KT,17,08
2007-07-04 18:00:00.000,2007,7,4,18,13008KT,18,08
2007-07-04 19:00:00.000,2007,7,4,19,13008KT,18,08
2007-07-04 20:00:00.000,2007,7,4,20,15008KT,18,08
2007-07-04 21:00:00.000,2007,7,4,21,14010KT,18,08
2007-07-04 22:00:00.000,2007,7,4,22,15012KT,17,08
2007-07-04 23:00:00.000,2007,7,4,23,14010KT,16,08
2007-07-05 00:00:00.000,2007,7,5,0,14007KT,15,09
2007-07-05 01:00:00.000,2007,7,5,1,11004KT,14,09
2007-07-05 02:00:00.000,2007,7,5,2,13004KT,14,09
2007-07-05 03:00:00.000,2007,7,5,3,10005KT,13,09
2007-07-05 04:00:00.000,2007,7,5,4,03003KT,12,09
2007-07-05 05:00:00.000,2007,7,5,5,11008KT,12,09
2007-07-05 06:00:00.000,2007,7,5,6,09004KT,12,09
2007-07-05 07:00:00.000,2007,7,5,7,VRB02KT,09,08
2007-07-05 08:00:00.000,2007,7,5,8,VRB02KT,08,07
2007-07-05 09:00:00.000,2007,7,5,9,11004KT,08,08
2007-07-05 10:00:00.000,2007,7,5,10,11004KT,11,09
2007-07-05 11:00:00.000,2007,7,5,11,VRB02KT,11,09
2007-07-05 12:00:00.000,2007,7,5,12,08006KT,12,10
2007-07-05 13:00:00.000,2007,7,5,13,09008KT,15,10
2007-07-05 14:00:00.000,2007,7,5,14,10014KT,16,10
2007-07-05 15:00:00.000,2007,7,5,15,14012KT,17,09
2007-07-05 16:00:00.000,2007,7,5,16,10012KT,19,11
2007-07-05 17:00:00.000,2007,7,5,17,13012KT,18,10
2007-07-05 18:00:00.000,2007,7,5,18,13007KT,19,11
2007-07-05 19:00:00.000,2007,7,5,19,11010KT,18,09
2007-07-05 20:00:00.000,2007,7,5,20,10004KT,17,10
2007-07-05 21:00:00.000,2007,7,5,21,14008KT,17,09
2007-07-05 22:00:00.000,2007,7,5,22,08011KT,16,08
2007-07-05 23:00:00.000,2007,7,5,23,07005KT,16,09
2007-07-06 00:00:00.000,2007,7,6,0,09007KT,15,10
2007-07-06 01:00:00.000,2007,7,6,1,09009KT,14,09
2007-07-06 02:00:00.000,2007,7,6,2,09007KT,14,09
2007-07-06 03:00:00.000,2007,7,6,3,07010KT,14,10
2007-07-06 04:00:00.000,2007,7,6,4,09007KT,13,09
2007-07-06 05:00:00.000,2007,7,6,5,05004KT,11,10
2007-07-06 06:00:00.000,2007,7,6,6,03005KT,10,10
2007-07-06 07:00:00.000,2007,7,6,7,08010KT,11,10
2007-07-06 08:00:00.000,2007,7,6,8,04010KT,10,09
2007-07-06 09:00:00.000,2007,7,6,9,05005KT,10,09
2007-07-06 10:00:00.000,2007,7,6,10,33004KT,09,09
2007-07-06 11:00:00.000,2007,7,6,11,VRB02KT,08,07
2007-07-06 12:00:00.000,2007,7,6,12,05005KT,12,10
2007-07-06 13:00:00.000,2007,7,6,13,05005KT,13,11
2007-07-06 14:00:00.000,2007,7,6,14,09010KT,15,10
2007-07-06 15:00:00.000,2007,7,6,15,10010KT,17,08
2007-07-06 16:00:00.000,2007,7,6,16,11012KT,17,08
2007-07-06 17:00:00.000,2007,7,6,17,17010KT,17,08
2007-07-06 18:00:00.000,2007,7,6,18,15012KT,17,09
2007-07-06 19:00:00.000,2007,7,6,19,14015KT,17,09
2007-07-06 20:00:00.000,2007,7,6,20,14014KT,17,09
2007-07-06 21:00:00.000,2007,7,6,21,16010KT,16,09
2007-07-06 22:00:00.000,2007,7,6,22,14012KT,15,08
2007-07-06 23:00:00.000,2007,7,6,23,15009KT,15,08
2007-07-07 00:00:00.000,2007,7,7,0,13007KT,14,08
2007-07-07 01:00:00.000,2007,7,7,1,08007KT,13,09
2007-07-07 02:00:00.000,2007,7,7,2,15003KT,13,08
2007-07-07 03:00:00.000,2007,7,7,3,VRB02KT,10,08
2007-07-07 04:00:00.000,2007,7,7,4,VRB02KT,10,09
2007-07-07 05:00:00.000,2007,7,7,5,02004KT,10,09
2007-07-07 06:00:00.000,2007,7,7,6,03003KT,10,09
2007-07-07 07:00:00.000,2007,7,7,7,02006KT,10,09
2007-07-07 08:00:00.000,2007,7,7,8,03004KT,09,08
2007-07-07 09:00:00.000,2007,7,7,9,03006KT,09,08
2007-07-07 10:00:00.000,2007,7,7,10,VRB0KT2,09,08
2007-07-07 11:00:00.000,2007,7,7,11,VRB02KT,09,09
2007-07-07 12:00:00.000,2007,7,7,12,05007KT,10,10
2007-07-07 13:00:00.000,2007,7,7,13,07005KT,11,10
2007-07-07 14:00:00.000,2007,7,7,14,VRB02KT,13,11
2007-07-07 15:00:00.000,2007,7,7,15,03004KT,14,11
2007-07-07 16:00:00.000,2007,7,7,16,VRB02KT,14,11
2007-07-07 17:00:00.000,2007,7,7,17,15012KT,16,10
2007-07-07 18:00:00.000,2007,7,7,18,13010KT,17,10
2007-07-07 19:00:00.000,2007,7,7,19,11008KT,18,10
2007-07-07 20:00:00.000,2007,7,7,20,12013KT,18,08
2007-07-07 21:00:00.000,2007,7,7,21,15005KT,17,08
2007-07-07 22:00:00.000,2007,7,7,22,VRB02KT,17,09
2007-07-07 23:00:00.000,2007,7,7,23,11008KT,16,09
2007-07-08 00:00:00.000,2007,7,8,0,07005KT,15,10
2007-07-08 01:00:00.000,2007,7,8,1,07005KT,14,09
2007-07-08 02:00:00.000,2007,7,8,2,04005KT,14,10
2007-07-08 03:00:00.000,2007,7,8,3,04005KT,13,10
2007-07-08 04:00:00.000,2007,7,8,4,00000KT,12,11
2007-07-08 05:00:00.000,2007,7,8,5,01005KT,11,11
2007-07-08 06:00:00.000,2007,7,8,6,36004KT,10,19
2007-07-08 07:00:00.000,2007,7,8,7,26004KT,10,10
2007-07-08 08:00:00.000,2007,7,8,8,VRB02KT,09,09
2007-07-08 09:00:00.000,2007,7,8,9,00000KT,09,09
2007-07-08 10:00:00.000,2007,7,8,10,29004KT,08,08
2007-07-08 11:00:00.000,2007,7,8,11,00000KT,09,09
2007-07-08 12:00:00.000,2007,7,8,12,00000KT,10,10
2007-07-08 13:00:00.000,2007,7,8,13,00000KT,13,11
2007-07-08 14:00:00.000,2007,7,8,14,35004KT,15,12
2007-07-08 15:00:00.000,2007,7,8,15,03005KT,14,11
2007-07-08 16:00:00.000,2007,7,8,16,VRB02KT,15,11
2007-07-08 17:00:00.000,2007,7,8,17,VRB02KT,17,11
2007-07-08 18:00:00.000,2007,7,8,18,01008KT,17,10
2007-07-08 19:00:00.000,2007,7,8,19,31005KT,18,10
2007-07-08 20:00:00.000,2007,7,8,20,25008KT,17,12
2007-07-08 21:00:00.000,2007,7,8,21,25008KT,16,13
2007-07-08 22:00:00.000,2007,7,8,22,28008KT,14,13
2007-07-08 23:00:00.000,2007,7,8,23,26006KT,14,12
2007-07-09 00:00:00.000,2007,7,9,0,00000KT,13,13
2007-07-09 01:00:00.000,2007,7,9,1,00000KT,11,11
2007-07-09 02:00:00.000,2007,7,9,2,05004KT,12,12
2007-07-09 03:00:00.000,2007,7,9,3,05009KT,11,11
2007-07-09 04:00:00.000,2007,7,9,4,06007KT,10,10
2007-07-09 05:00:00.000,2007,7,9,5,03005KT,10,10
2007-07-09 06:00:00.000,2007,7,9,6,03004KT,10,10
2007-07-09 07:00:00.000,2007,7,9,7,03005KT,10,10
2007-07-09 08:00:00.000,2007,7,9,8,05004KT,10,10
2007-07-09 09:00:00.000,2007,7,9,9,00000KT,10,10
2007-07-09 10:00:00.000,2007,7,9,10,00000KT,10,10
2007-07-09 11:00:00.000,2007,7,9,11,00000KT,10,10
2007-07-09 12:00:00.000,2007,7,9,12,03003KT,11,10
2007-07-09 13:00:00.000,2007,7,9,13,04003KT,12,10
2007-07-09 15:00:00.000,2007,7,9,15,09006KT,15,10
2007-07-09 16:00:00.000,2007,7,9,16,05008KT,15,11
2007-07-09 17:00:00.000,2007,7,9,17,09010KT,17,12
2007-07-09 18:00:00.000,2007,7,9,18,12016KT,17,10
2007-07-09 19:00:00.000,2007,7,9,19,11015KT,18,09
2007-07-09 20:00:00.000,2007,7,9,20,13017KT,17,10
2007-07-09 21:00:00.000,2007,7,9,21,10010KT,17,10
2007-07-09 22:00:00.000,2007,7,9,22,13010KT,16,09
2007-07-09 23:00:00.000,2007,7,9,23,17006KT,15,10
2007-07-10 00:00:00.000,2007,7,10,0,16004KT,14,11
2007-07-10 01:00:00.000,2007,7,10,1,13007KT,14,10
2007-07-10 02:00:00.000,2007,7,10,2,VRB02KT,13,10
2007-07-10 03:00:00.000,2007,7,10,3,VRB02KT,12,12
2007-07-10 04:00:00.000,2007,7,10,4,32004KT,12,10
2007-07-10 05:00:00.000,2007,7,10,5,VRB02KT,11,10
2007-07-10 06:00:00.000,2007,7,10,6,01005KT,10,10
2007-07-10 07:00:00.000,2007,7,10,7,VRB02KT,10,09
2007-07-10 08:00:00.000,2007,7,10,8,00000KT,11,10
2007-07-10 09:00:00.000,2007,7,10,9,02004KT,10,10
2007-07-10 10:00:00.000,2007,7,10,10,06004KT,10,10
2007-07-10 11:00:00.000,2007,7,10,11,03004KT,10,10
2007-07-10 12:00:00.000,2007,7,10,12,03005KT,12,10
2007-07-10 13:00:00.000,2007,7,10,13,05006KT,13,11
2007-07-10 14:00:00.000,2007,7,10,14,06006KT,14,11
2007-07-10 15:00:00.000,2007,7,10,15,16005KT,15,11
2007-07-10 16:00:00.000,2007,7,10,16,14009KT,16,11
2007-07-10 17:00:00.000,2007,7,10,17,16009KT,16,10
2007-07-10 18:00:00.000,2007,7,10,18,11009KT,17,10
2007-07-10 19:00:00.000,2007,7,10,19,08008KT,16,09
2007-07-10 20:00:00.000,2007,7,10,20,12007KT,16,10
2007-07-10 21:00:00.000,2007,7,10,21,09007KT,14,12
2007-07-10 22:00:00.000,2007,7,10,22,12005KT,14,13
2007-07-11 00:00:00.000,2007,7,11,0,10005KT,13,12
2007-07-11 01:00:00.000,2007,7,11,1,04003KT,12,11
2007-07-11 02:00:00.000,2007,7,11,2,04005KT,12,11
2007-07-11 03:00:00.000,2007,7,11,3,02003KT,11,10
2007-07-11 04:00:00.000,2007,7,11,4,02004KT,11,10
2007-07-11 05:00:00.000,2007,7,11,5,33003KT,10,09
2007-07-11 06:00:00.000,2007,7,11,6,03004KT,11,10
2007-07-11 07:00:00.000,2007,7,11,7,06005KT,11,10
2007-07-11 08:00:00.000,2007,7,11,8,03005KT,11,10
2007-07-11 09:00:00.000,2007,7,11,9,04006KT,10,10
2007-07-11 10:00:00.000,2007,7,11,10,04004KT,10,09
2007-07-11 11:00:00.000,2007,7,11,11,02003KT,09,09
2007-07-11 12:00:00.000,2007,7,11,12,00000KT,11,11
2007-07-11 13:00:00.000,2007,7,11,13,02010KT,13,11
2007-07-11 14:00:00.000,2007,7,11,14,09007KT,14,11
2007-07-11 15:00:00.000,2007,7,11,15,00000KT,16,10
2007-07-11 16:00:00.000,2007,7,11,16,10013KT,18,10
2007-07-11 17:00:00.000,2007,7,11,17,10011KT,18,09
2007-07-11 18:00:00.000,2007,7,11,18,06010KT,16,09
2007-07-11 19:00:00.000,2007,7,11,19,11010KT,18,09
2007-07-11 20:00:00.000,2007,7,11,20,11016KT,17,10
2007-07-11 21:00:00.000,2007,7,11,21,18008KT,18,09
2007-07-11 22:00:00.000,2007,7,11,22,12016KT,18,08
2007-07-11 23:00:00.000,2007,7,11,23,09008KT,16,08
2007-07-12 00:00:00.000,2007,7,12,0,12007KT,15,08
2007-07-12 01:00:00.000,2007,7,12,1,09004KT,15,08
2007-07-12 02:00:00.000,2007,7,12,2,03004KT,14,10
2007-07-12 03:00:00.000,2007,7,12,3,02004KT,13,10
2007-07-12 04:00:00.000,2007,7,12,4,02005KT,12,12
2007-07-12 05:00:00.000,2007,7,12,5,00000KT,11,10
2007-07-12 06:00:00.000,2007,7,12,6,VRB02KT,10,10
2007-07-12 07:00:00.000,2007,7,12,7,00000KT,10,10
2007-07-12 08:00:00.000,2007,7,12,8,VRB02KT,09,09
2007-07-12 09:00:00.000,2007,7,12,9,VRB02KT,10,09
2007-07-12 10:00:00.000,2007,7,12,10,00000KT,10,09
2007-07-12 11:00:00.000,2007,7,12,11,03004KT,10,10
2007-07-12 12:00:00.000,2007,7,12,12,03004KT,11,11
2007-07-12 13:00:00.000,2007,7,12,13,01104KT,13,12
2007-07-12 14:00:00.000,2007,7,12,14,VRB02KT,14,12
2007-07-12 15:00:00.000,2007,7,12,15,02006KT,15,12
2007-07-12 16:00:00.000,2007,7,12,16,13008KT,16,11
2007-07-12 17:00:00.000,2007,7,12,17,18012KT,16,12
2007-07-12 18:00:00.000,2007,7,12,18,08010KT,18,10
2007-07-12 19:00:00.000,2007,7,12,19,14016KT,17,10
2007-07-12 20:00:00.000,2007,7,12,20,17012KT,17,11
2007-07-12 21:00:00.000,2007,7,12,21,14010KT,17,10
2007-07-12 22:00:00.000,2007,7,12,22,11010KT,17,09
2007-07-12 23:00:00.000,2007,7,12,23,10010KT,16,09
2007-07-13 00:00:00.000,2007,7,13,0,12011KT,15,10
2007-07-13 01:00:00.000,2007,7,13,1,05005KT,14,10
2007-07-13 02:00:00.000,2007,7,13,2,07005KT,13,11
2007-07-13 03:00:00.000,2007,7,13,3,02007KT,12,10
2007-07-13 04:00:00.000,2007,7,13,4,03005KT,11,11
2007-07-13 05:00:00.000,2007,7,13,5,05004KT,11,11
2007-07-13 06:00:00.000,2007,7,13,6,07007KT,12,11
2007-07-13 07:00:00.000,2007,7,13,7,05005KT,11,10
2007-07-13 08:00:00.000,2007,7,13,8,02005KT,10,09
2007-07-13 09:00:00.000,2007,7,13,9,04005KT,09,09
2007-07-13 10:00:00.000,2007,7,13,10,06004KT,10,10
2007-07-13 11:00:00.000,2007,7,13,11,05005KT,10,10
2007-07-13 12:00:00.000,2007,7,13,12,04004KT,11,09
2007-07-13 13:00:00.000,2007,7,13,13,05010KT,13,10
2007-07-13 14:00:00.000,2007,7,13,14,06010KT,15,11
2007-07-13 15:00:00.000,2007,7,13,15,08010KT,16,10
2007-07-13 16:00:00.000,2007,7,13,16,09010KT,17,10
2007-07-13 17:00:00.000,2007,7,13,17,14012KT,18,09
2007-07-13 18:00:00.000,2007,7,13,18,12013KT,19,08
2007-07-13 19:00:00.000,2007,7,13,19,12010KT,18,09
2007-07-13 20:00:00.000,2007,7,13,20,11010KT,18,09
2007-07-13 21:00:00.000,2007,7,13,21,13008KT,18,08
2007-07-13 22:00:00.000,2007,7,13,22,11010KT,18,09
2007-07-13 23:00:00.000,2007,7,13,23,09008KT,17,09
2007-07-14 00:00:00.000,2007,7,14,0,06006KT,15,09
2007-07-14 01:00:00.000,2007,7,14,1,03005KT,13,10
2007-07-14 02:00:00.000,2007,7,14,2,06005KT,13,10
2007-07-14 03:00:00.000,2007,7,14,3,05005KT,13,11
2007-07-14 04:00:00.000,2007,7,14,4,05006KT,12,11
2007-07-14 05:00:00.000,2007,7,14,5,36004KT,11,10
2007-07-14 06:00:00.000,2007,7,14,6,04006KT,10,09
2007-07-14 07:00:00.000,2007,7,14,7,02003KT,11,10
2007-07-14 08:00:00.000,2007,7,14,8,36004KT,09,08
2007-07-14 09:00:00.000,2007,7,14,9,03003KT,09,08
2007-07-14 10:00:00.000,2007,7,14,10,03004KT,10,09
2007-07-14 11:00:00.000,2007,7,14,11,05004KT,09,08
2007-07-14 12:00:00.000,2007,7,14,12,06008KT,10,10
2007-07-14 13:00:00.000,2007,7,14,13,03007KT,13,11
2007-07-14 14:00:00.000,2007,7,14,14,04008KT,15,10
2007-07-14 15:00:00.000,2007,7,14,15,13011KT,17,08
2007-07-14 17:00:00.000,2007,7,14,17,11010KT,16,09
2007-07-14 18:00:00.000,2007,7,14,18,10013KT,18,09
2007-07-14 19:00:00.000,2007,7,14,19,08005KT,17,07
2007-07-14 20:00:00.000,2007,7,14,20,12007KT,18,07
2007-07-14 21:00:00.000,2007,7,14,21,08004KT,18,07
2007-07-14 22:00:00.000,2007,7,14,22,07013KT,17,08
2007-07-14 23:00:00.000,2007,7,14,23,10010KT,16,09
2007-07-15 00:00:00.000,2007,7,15,0,16004KT,14,08
2007-07-15 01:00:00.000,2007,7,15,1,VRB02KT,14,08
2007-07-15 02:00:00.000,2007,7,15,2,02005KT,11,09
2007-07-15 03:00:00.000,2007,7,15,3,06005KT,13,10
2007-07-15 04:00:00.000,2007,7,15,4,03009KT,11,10
2007-07-15 05:00:00.000,2007,7,15,5,04009KT,10,09
2007-07-15 06:00:00.000,2007,7,15,6,01004KT,09,09
2007-07-15 07:00:00.000,2007,7,15,7,07005KT,10,07
2007-07-15 08:00:00.000,2007,7,15,8,02004KT,09,07
2007-07-15 09:00:00.000,2007,7,15,9,02007KT,08,07
2007-07-15 10:00:00.000,2007,7,15,10,36004KT,08,07
2007-07-15 11:00:00.000,2007,7,15,11,28004KT,07,06
2007-07-15 12:00:00.000,2007,7,15,12,09003KT,10,07
2007-07-15 13:00:00.000,2007,7,15,13,02005KT,13,08
2007-07-15 14:00:00.000,2007,7,15,14,07005KT,14,07
2007-07-15 16:00:00.000,2007,7,15,16,08008KT,16,07
2007-07-15 17:00:00.000,2007,7,15,17,07010KT,16,07
2007-07-15 18:00:00.000,2007,7,15,18,04008KT,17,07
2007-07-15 19:00:00.000,2007,7,15,19,06008KT,17,08
2007-07-15 20:00:00.000,2007,7,15,20,06008KT,17,08
2007-07-15 21:00:00.000,2007,7,15,21,04010KT,17,09
2007-07-15 22:00:00.000,2007,7,15,22,03009KT,16,09
2007-07-15 23:00:00.000,2007,7,15,23,08008KT,15,09
2007-07-16 00:00:00.000,2007,7,16,0,04007KT,13,09
2007-07-16 01:00:00.000,2007,7,16,1,03006KT,12,09
2007-07-16 02:00:00.000,2007,7,16,2,05006KT,11,09
2007-07-16 03:00:00.000,2007,7,16,3,04005KT,12,09
2007-07-16 04:00:00.000,2007,7,16,4,05005KT,12,10
2007-07-16 05:00:00.000,2007,7,16,5,04005KT,11,10
2007-07-16 07:00:00.000,2007,7,16,7,04005KT,10,09
2007-07-16 08:00:00.000,2007,7,16,8,03005KT,10,09
2007-07-16 09:00:00.000,2007,7,16,9,VRB02KT,10,09
2007-07-16 10:00:00.000,2007,7,16,10,05005KT,11,10
2007-07-16 11:00:00.000,2007,7,16,11,03005KT,10,09
2007-07-16 12:00:00.000,2007,7,16,12,02006KT,11,10
2007-07-16 13:00:00.000,2007,7,16,13,04005KT,13,11
2007-07-16 14:00:00.000,2007,7,16,14,03010KT,14,12
2007-07-16 15:00:00.000,2007,7,16,15,03010KT,15,12
2007-07-16 16:00:00.000,2007,7,16,16,03010KT,13,12
2007-07-16 17:00:00.000,2007,7,16,17,03009KT,15,12
2007-07-16 18:00:00.000,2007,7,16,18,20008KT,16,11
2007-07-16 19:00:00.000,2007,7,16,19,25010KT,17,11
2007-07-16 20:00:00.000,2007,7,16,20,02006KT,16,10
2007-07-16 21:00:00.000,2007,7,16,21,10006KT,18,10
2007-07-16 22:00:00.000,2007,7,16,22,08008KT,17,08
2007-07-16 23:00:00.000,2007,7,16,23,12006KT,16,08
2007-07-17 00:00:00.000,2007,7,17,0,07005KT,14,10
2007-07-17 02:00:00.000,2007,7,17,2,12010KT,12,11
2007-07-17 03:00:00.000,2007,7,17,3,10005KT,11,10
2007-07-17 04:00:00.000,2007,7,17,4,00000KT,11,10
2007-07-17 05:00:00.000,2007,7,17,5,24004KT,10,09
2007-07-17 06:00:00.000,2007,7,17,6,36004KT,10,10
2007-07-17 07:00:00.000,2007,7,17,7,00000KT,10,10
2007-07-17 08:00:00.000,2007,7,17,8,VRB02KT,10,10
2007-07-17 09:00:00.000,2007,7,17,9,VRB02KT,10,09
2007-07-17 10:00:00.000,2007,7,17,10,00000KT,10,10
2007-07-17 11:00:00.000,2007,7,17,11,04004KT,10,10
2007-07-17 12:00:00.000,2007,7,17,12,04007KT,12,11
2007-07-17 13:00:00.000,2007,7,17,13,06007KT,13,11
2007-07-17 14:00:00.000,2007,7,17,14,05008KT,13,11
2007-07-17 15:00:00.000,2007,7,17,15,04008KT,15,11
2007-07-17 16:00:00.000,2007,7,17,16,05012KT,16,11
2007-07-17 17:00:00.000,2007,7,17,17,09012KT,18,10
2007-07-17 18:00:00.000,2007,7,17,18,09011KT,18,07
2007-07-17 19:00:00.000,2007,7,17,19,07012KT,18,06
2007-07-17 20:00:00.000,2007,7,17,20,12010KT,18,07
2007-07-17 21:00:00.000,2007,7,17,21,11011KT,17,07
2007-07-17 22:00:00.000,2007,7,17,22,09009KT,17,05
2007-07-17 23:00:00.000,2007,7,17,23,07008KT,16,06
2007-07-18 00:00:00.000,2007,7,18,0,06005KT,14,06
2007-07-18 01:00:00.000,2007,7,18,1,14010KT,14,07
2007-07-18 02:00:00.000,2007,7,18,2,10007KT,13,07
2007-07-18 03:00:00.000,2007,7,18,3,VRB02KT,10,09
2007-07-18 04:00:00.000,2007,7,18,4,06004KT,12,08
2007-07-18 05:00:00.000,2007,7,18,5,07005KT,10,06
2007-07-18 06:00:00.000,2007,7,18,6,VRB02KT,09,06
2007-07-18 07:00:00.000,2007,7,18,7,08004KT,10,05
2007-07-18 08:00:00.000,2007,7,18,8,VRB02KT,09,06
2007-07-18 09:00:00.000,2007,7,18,9,VRB02KT,08,06
2007-07-18 10:00:00.000,2007,7,18,10,00000KT,07,06
2007-07-18 11:00:00.000,2007,7,18,11,01004KT,07,05
2007-07-18 12:00:00.000,2007,7,18,12,01004KT,09,05
2007-07-18 13:00:00.000,2007,7,18,13,02004KT,12,06
2007-07-18 14:00:00.000,2007,7,18,14,05005KT,13,05
2007-07-18 15:00:00.000,2007,7,18,15,00000KT,16,01
2007-07-18 16:00:00.000,2007,7,18,16,10008KT,18,02
2007-07-18 17:00:00.000,2007,7,18,17,17004KT,19,13
2007-07-18 18:00:00.000,2007,7,18,18,16005KT,19,02
2007-07-18 19:00:00.000,2007,7,18,19,08008KT,19,04
2007-07-18 20:00:00.000,2007,7,18,20,11005KT,19,03
2007-07-18 21:00:00.000,2007,7,18,21,29007KT,17,11
2007-07-18 22:00:00.000,2007,7,18,22,25005KT,16,11
2007-07-18 23:00:00.000,2007,7,18,23,29004KT,15,12
2007-07-19 00:00:00.000,2007,7,19,0,24004KT,14,13
2007-07-19 01:00:00.000,2007,7,19,1,27003KT,13,13
2007-07-19 02:00:00.000,2007,7,19,2,VRB02KT,12,12
2007-07-19 03:00:00.000,2007,7,19,3,VRB02KT,11,11
2007-07-19 04:00:00.000,2007,7,19,4,VRB02KT,10,09
2007-07-19 05:00:00.000,2007,7,19,5,VRB02KT,10,10
2007-07-19 06:00:00.000,2007,7,19,6,VRB02KT,09,08
2007-07-19 07:00:00.000,2007,7,19,7,VRB02KT,08,07
2007-07-19 08:00:00.000,2007,7,19,8,30003KT,07,07
2007-07-19 09:00:00.000,2007,7,19,9,32004KT,08,08
2007-07-19 10:00:00.000,2007,7,19,10,00000KT,08,08
2007-07-19 11:00:00.000,2007,7,19,11,03003KT,08,07
2007-07-19 12:00:00.000,2007,7,19,12,00000KT,09,08
2007-07-19 13:00:00.000,2007,7,19,13,32004KT,10,09
2007-07-19 14:00:00.000,2007,7,19,14,36005KT,14,11
2007-07-19 15:00:00.000,2007,7,19,15,01007KT,17,10
2007-07-19 16:00:00.000,2007,7,19,16,00000KT,17,07
2007-07-19 17:00:00.000,2007,7,19,17,22005KT,17,07
2007-07-19 18:00:00.000,2007,7,19,18,08010KT,18,07
2007-07-19 19:00:00.000,2007,7,19,19,11010KT,18,08
2007-07-19 20:00:00.000,2007,7,19,20,14005KT,19,07
2007-07-19 21:00:00.000,2007,7,19,21,00000KT,19,08
2007-07-19 22:00:00.000,2007,7,19,22,27005KT,17,12
2007-07-19 23:00:00.000,2007,7,19,23,23005KT,15,13
2007-07-20 00:00:00.000,2007,7,20,0,27003KT,13,11
2007-07-20 01:00:00.000,2007,7,20,1,32003KT,12,11
2007-07-20 02:00:00.000,2007,7,20,2,VRB02KT,11,10
2007-07-20 03:00:00.000,2007,7,20,3,33004KT,11,10
2007-07-20 04:00:00.000,2007,7,20,4,30003KT,11,11
2007-07-20 05:00:00.000,2007,7,20,5,VRB02KT,10,10
2007-07-20 06:00:00.000,2007,7,20,6,33004KT,10,09
2007-07-20 07:00:00.000,2007,7,20,7,03003KT,09,09
2007-07-20 08:00:00.000,2007,7,20,8,34004KT,09,08
2007-07-20 09:00:00.000,2007,7,20,9,VRB02KT,08,08
2007-07-20 10:00:00.000,2007,7,20,10,27003KT,09,08
2007-07-20 11:00:00.000,2007,7,20,11,02003KT,09,08
2007-07-20 12:00:00.000,2007,7,20,12,VRB02KT,09,09
2007-07-20 13:00:00.000,2007,7,20,13,01004KT,11,11
2007-07-20 14:00:00.000,2007,7,20,14,VRB02KT,14,11
2007-07-20 15:00:00.000,2007,7,20,15,04003KT,15,11
2007-07-20 16:00:00.000,2007,7,20,16,VRB02KT,17,10
2007-07-20 17:00:00.000,2007,7,20,17,13003KT,16,09
2007-07-20 18:00:00.000,2007,7,20,18,27006KT,17,11
2007-07-20 19:00:00.000,2007,7,20,19,25004KT,17,10
2007-07-20 20:00:00.000,2007,7,20,20,24007KT,16,12
2007-07-20 21:00:00.000,2007,7,20,21,25008KT,15,13
2007-07-20 22:00:00.000,2007,7,20,22,25007KT,15,13
2007-07-20 23:00:00.000,2007,7,20,23,26007KT,14,12
2007-07-21 00:00:00.000,2007,7,21,0,VRB02KT,12,12
2007-07-21 01:00:00.000,2007,7,21,1,VRB02KT,12,11
2007-07-21 02:00:00.000,2007,7,21,2,00000KT,11,11
2007-07-21 03:00:00.000,2007,7,21,3,00000KT,11,10
2007-07-21 04:00:00.000,2007,7,21,4,29004KT,10,10
2007-07-21 05:00:00.000,2007,7,21,5,VRB02KT,09,09
2007-07-21 06:00:00.000,2007,7,21,6,36004KT,10,09
2007-07-21 07:00:00.000,2007,7,21,7,00000KT,09,09
2007-07-21 08:00:00.000,2007,7,21,8,35004KT,09,09
2007-07-21 09:00:00.000,2007,7,21,9,00000KT,09,08
2007-07-21 10:00:00.000,2007,7,21,10,VRB02KT,08,08
2007-07-21 11:00:00.000,2007,7,21,11,00000KT,08,08
2007-07-21 12:00:00.000,2007,7,21,12,25003KT,09,09
2007-07-21 13:00:00.000,2007,7,21,13,VRB02KT,12,10
2007-07-21 14:00:00.000,2007,7,21,14,32003KT,13,11
2007-07-21 15:00:00.000,2007,7,21,15,14006KT,14,11
2007-07-21 16:00:00.000,2007,7,21,16,22003KT,15,11
2007-07-21 17:00:00.000,2007,7,21,17,03004KT,13,11
2007-07-21 18:00:00.000,2007,7,21,18,03006KT,15,13
2007-07-21 19:00:00.000,2007,7,21,19,01005KT,16,11
2007-07-21 20:00:00.000,2007,7,21,20,27004KT,15,11
2007-07-21 21:00:00.000,2007,7,21,21,27007KT,14,12
2007-07-21 22:00:00.000,2007,7,21,22,31005KT,15,13
2007-07-21 23:00:00.000,2007,7,21,23,VRB02KT,14,13
2007-07-22 00:00:00.000,2007,7,22,0,31003KT,12,12
2007-07-22 01:00:00.000,2007,7,22,1,00000KT,11,11
2007-07-22 02:00:00.000,2007,7,22,2,00000KT,11,10
2007-07-22 03:00:00.000,2007,7,22,3,VRB02KT,11,10
2007-07-22 04:00:00.000,2007,7,22,4,00000KT,10,10
2007-07-22 05:00:00.000,2007,7,22,5,00000KT,11,10
2007-07-22 06:00:00.000,2007,7,22,6,VRB02KT,10,10
2007-07-22 07:00:00.000,2007,7,22,7,00000KT,10,10
2007-07-22 08:00:00.000,2007,7,22,8,25003KT,10,10
2007-07-22 09:00:00.000,2007,7,22,9,35003KT,10,09
2007-07-22 10:00:00.000,2007,7,22,10,00000KT,09,09
2007-07-22 11:00:00.000,2007,7,22,11,00000KT,09,09
2007-07-22 12:00:00.000,2007,7,22,12,27003KT,11,10
2007-07-22 13:00:00.000,2007,7,22,13,08003KT,14,12
2007-07-22 14:00:00.000,2007,7,22,14,27003KT,15,12
2007-07-22 15:00:00.000,2007,7,22,15,25003KT,16,12
2007-07-22 16:00:00.000,2007,7,22,16,21003KT,16,11
2007-07-22 17:00:00.000,2007,7,22,17,21004KT,17,12
2007-07-22 18:00:00.000,2007,7,22,18,27007KT,17,12
2007-07-22 19:00:00.000,2007,7,22,19,31007KT,16,12
2007-07-22 20:00:00.000,2007,7,22,20,00000KT,10,10
2007-07-22 21:00:00.000,2007,7,22,21,VRB02KT,12,11
2007-07-22 22:00:00.000,2007,7,22,22,VRB02KT,13,12
2007-07-22 23:00:00.000,2007,7,22,23,01004KT,12,12
2007-07-23 00:00:00.000,2007,7,23,0,VRB02KT,12,11
2007-07-23 01:00:00.000,2007,7,23,1,09006KT,12,11
2007-07-23 02:00:00.000,2007,7,23,2,03005KT,11,10
2007-07-23 03:00:00.000,2007,7,23,3,VRB02KT,11,10
2007-07-23 04:00:00.000,2007,7,23,4,VRB02KT,10,09
2007-07-23 05:00:00.000,2007,7,23,5,02004KT,10,09
2007-07-23 06:00:00.000,2007,7,23,6,VRB02KT,09,08
2007-07-23 07:00:00.000,2007,7,23,7,VRB02KT,08,08
2007-07-23 08:00:00.000,2007,7,23,8,VRB02KT,08,08
2007-07-23 09:00:00.000,2007,7,23,9,00000KT,08,08
2007-07-23 10:00:00.000,2007,7,23,10,00000KT,07,07
2007-07-23 11:00:00.000,2007,7,23,11,VRB02KT,07,07
2007-07-23 12:00:00.000,2007,7,23,12,00000KT,08,08
2007-07-23 13:00:00.000,2007,7,23,13,VRB02KT,10,10
2007-07-23 14:00:00.000,2007,7,23,14,VRB02KT,12,12
2007-07-23 15:00:00.000,2007,7,23,15,00000KT,15,14
2007-07-23 16:00:00.000,2007,7,23,16,VRB02KT,17,11
2007-07-23 17:00:00.000,2007,7,23,17,30004KT,18,12
2007-07-23 19:00:00.000,2007,7,23,19,21004KT,13,13
2007-07-23 20:00:00.000,2007,7,23,20,27007KT,14,14
2007-07-23 22:00:00.000,2007,7,23,22,00000KT,14,13
2007-07-23 23:00:00.000,2007,7,23,23,00000KT,13,13
2007-07-24 00:00:00.000,2007,7,24,0,32004KT,12,12
2007-07-24 01:00:00.000,2007,7,24,1,26005KT,12,12
2007-07-24 02:00:00.000,2007,7,24,2,32005KT,12,11
2007-07-24 03:00:00.000,2007,7,24,3,00000KT,12,11
2007-07-24 04:00:00.000,2007,7,24,4,00000KT,11,11
2007-07-24 05:00:00.000,2007,7,24,5,00000KT,11,11
2007-07-24 06:00:00.000,2007,7,24,6,VRB02KT,10,10
2007-07-24 07:00:00.000,2007,7,24,7,04004KT,11,11
2007-07-24 08:00:00.000,2007,7,24,8,34004KT,11,10
2007-07-24 09:00:00.000,2007,7,24,9,02005KT,10,10
2007-07-24 10:00:00.000,2007,7,24,10,02004KT,11,10
2007-07-24 11:00:00.000,2007,7,24,11,27006KT,10,09
2007-07-24 12:00:00.000,2007,7,24,12,00000KT,10,10
2007-07-24 13:00:00.000,2007,7,24,13,02003KT,13,11
2007-07-24 14:00:00.000,2007,7,24,14,04004KT,14,12
2007-07-24 15:00:00.000,2007,7,24,15,11004KT,15,11
2007-07-24 16:00:00.000,2007,7,24,16,08008KT,16,09
2007-07-24 17:00:00.000,2007,7,24,17,07008KT,17,08
2007-07-24 18:00:00.000,2007,7,24,18,02004KT,17,09
2007-07-24 19:00:00.000,2007,7,24,19,12004KT,17,08
2007-07-24 21:00:00.000,2007,7,24,21,VRB02KT,19,09
2007-07-24 22:00:00.000,2007,7,24,22,29009KT,17,13
2007-07-24 23:00:00.000,2007,7,24,23,23004KT,15,13
2007-07-25 00:00:00.000,2007,7,25,0,00000KT,13,13
2007-07-25 01:00:00.000,2007,7,25,1,00000KT,13,13
2007-07-25 02:00:00.000,2007,7,25,2,00000KT,12,11
2007-07-25 03:00:00.000,2007,7,25,3,00000KT,12,11
2007-07-25 04:00:00.000,2007,7,25,4,00000KT,11,11
2007-07-25 05:00:00.000,2007,7,25,5,00000KT,11,10
2007-07-25 06:00:00.000,2007,7,25,6,32004KT,10,10
2007-07-25 07:00:00.000,2007,7,25,7,00000KT,10,09
2007-07-25 08:00:00.000,2007,7,25,8,VRB02KT,09,09
2007-07-25 09:00:00.000,2007,7,25,9,00000KT,08,08
2007-07-25 10:00:00.000,2007,7,25,10,00000KT,08,07
2007-07-25 11:00:00.000,2007,7,25,11,00000KT,06,06
2007-07-25 12:00:00.000,2007,7,25,12,03003KT,07,07
2007-07-25 13:00:00.000,2007,7,25,13,04005KT,10,10
2007-07-25 14:00:00.000,2007,7,25,14,11012KT,15,09
2007-07-25 15:00:00.000,2007,7,25,15,11013KT,15,08
2007-07-25 16:00:00.000,2007,7,25,16,11008KT,13,09
2007-07-25 17:00:00.000,2007,7,25,17,13010KT,15,07
2007-07-25 18:00:00.000,2007,7,25,18,14004KT,15,07
2007-07-25 19:00:00.000,2007,7,25,19,10010KT,17,08
2007-07-25 20:00:00.000,2007,7,25,20,09012KT,17,07
2007-07-25 21:00:00.000,2007,7,25,21,08008KT,17,08
2007-07-25 22:00:00.000,2007,7,25,22,11007KT,16,08
2007-07-25 23:00:00.000,2007,7,25,23,07006KT,15,08
2007-07-26 00:00:00.000,2007,7,26,0,07007KT,14,08
2007-07-26 01:00:00.000,2007,7,26,1,08006KT,13,08
2007-07-26 02:00:00.000,2007,7,26,2,05005KT,12,08
2007-07-26 03:00:00.000,2007,7,26,3,04003KT,12,09
2007-07-26 04:00:00.000,2007,7,26,4,00000KT,10,08
2007-07-26 05:00:00.000,2007,7,26,5,01003KT,10,08
2007-07-26 06:00:00.000,2007,7,26,6,07005KT,10,09
2007-07-26 07:00:00.000,2007,7,26,7,04004KT,08,08
2007-07-26 08:00:00.000,2007,7,26,8,VRB02KT,08,07
2007-07-26 09:00:00.000,2007,7,26,9,VRB02KT,08,07
2007-07-26 10:00:00.000,2007,7,26,10,VRB02KT,08,07
2007-07-26 11:00:00.000,2007,7,26,11,VRB02KT,08,08
2007-07-26 12:00:00.000,2007,7,26,12,00000KT,09,08
2007-07-26 13:00:00.000,2007,7,26,13,05004KT,12,11
2007-07-26 14:00:00.000,2007,7,26,14,04007KT,13,11
2007-07-26 15:00:00.000,2007,7,26,15,08010KT,15,10
2007-07-26 16:00:00.000,2007,7,26,16,11014KT,17,08
2007-07-26 17:00:00.000,2007,7,26,17,10010KT,17,07
2007-07-26 18:00:00.000,2007,7,26,18,14011KT,18,08
2007-07-26 19:00:00.000,2007,7,26,19,11012KT,19,05
2007-07-26 20:00:00.000,2007,7,26,20,36005KT,18,07
2007-07-26 21:00:00.000,2007,7,26,21,03005KT,20,08
2007-07-26 22:00:00.000,2007,7,26,22,35004KT,18,07
2007-07-26 23:00:00.000,2007,7,26,23,VRB02KT,16,12
2007-07-27 00:00:00.000,2007,7,27,0,14008KT,15,08
2007-07-27 01:00:00.000,2007,7,27,1,VRB02KT,13,08
2007-07-27 02:00:00.000,2007,7,27,2,08004KT,13,09
2007-07-27 03:00:00.000,2007,7,27,3,09003KT,13,09
2007-07-27 04:00:00.000,2007,7,27,4,02006KT,11,09
2007-07-27 05:00:00.000,2007,7,27,5,06004KT,11,09
2007-07-27 06:00:00.000,2007,7,27,6,02003KT,10,09
2007-07-27 07:00:00.000,2007,7,27,7,VRB02KT,10,09
2007-07-27 08:00:00.000,2007,7,27,8,05005KT,11,19
2007-07-27 09:00:00.000,2007,7,27,9,04006KT,10,09
2007-07-27 10:00:00.000,2007,7,27,10,02007KT,10,09
2007-07-27 11:00:00.000,2007,7,27,11,06004KT,09,08
2007-07-27 12:00:00.000,2007,7,27,12,06006KT,12,10
2007-07-27 13:00:00.000,2007,7,27,13,05006KT,14,09
2007-07-27 14:00:00.000,2007,7,27,14,18004KT,16,09
2007-07-27 15:00:00.000,2007,7,27,15,12008KT,16,08
2007-07-27 16:00:00.000,2007,7,27,16,08008KT,17,08
2007-07-27 17:00:00.000,2007,7,27,17,12012KT,18,08
2007-07-27 18:00:00.000,2007,7,27,18,13010KT,18,09
2007-07-27 19:00:00.000,2007,7,27,19,07007KT,19,11
2007-07-27 20:00:00.000,2007,7,27,20,23008KT,16,13
2007-07-27 21:00:00.000,2007,7,27,21,25005KT,17,11
2007-07-27 22:00:00.000,2007,7,27,22,23006KT,16,11
2007-07-27 23:00:00.000,2007,7,27,23,24006KT,15,12
2007-07-28 00:00:00.000,2007,7,28,0,24004KT,13,11
2007-07-28 01:00:00.000,2007,7,28,1,22005KT,13,12
2007-07-28 02:00:00.000,2007,7,28,2,30005KT,12,12
2007-07-28 03:00:00.000,2007,7,28,3,00000KT,12,11
2007-07-28 04:00:00.000,2007,7,28,4,29004KT,12,12
2007-07-28 05:00:00.000,2007,7,28,5,00000KT,12,11
2007-07-28 06:00:00.000,2007,7,28,6,33003KT,11,11
2007-07-28 07:00:00.000,2007,7,28,7,00000KT,11,11
2007-07-28 08:00:00.000,2007,7,28,8,VRB02KT,10,10
2007-07-28 09:00:00.000,2007,7,28,9,33003KT,10,10
2007-07-28 10:00:00.000,2007,7,28,10,VRB02KT,10,10
2007-07-28 11:00:00.000,2007,7,28,11,35003KT,10,09
2007-07-28 12:00:00.000,2007,7,28,12,32003KT,11,10
2007-07-28 15:00:00.000,2007,7,28,15,16012KT,16,09
2007-07-28 17:00:00.000,2007,7,28,17,16010KT,18,08
2007-07-28 18:00:00.000,2007,7,28,18,21012KT,18,08
2007-07-28 19:00:00.000,2007,7,28,19,13013KT,19,08
2007-07-28 20:00:00.000,2007,7,28,20,23014KT,18,11
2007-07-29 00:00:00.000,2007,7,29,0,VRB02KT,13,10
2007-07-29 02:00:00.000,2007,7,29,2,VRB02KT,12,10
2007-07-29 03:00:00.000,2007,7,29,3,17007KT,13,09
2007-07-29 04:00:00.000,2007,7,29,4,00000KT,11,11
2007-07-29 05:00:00.000,2007,7,29,5,10004KT,12,11
2007-07-29 06:00:00.000,2007,7,29,6,00000KT,10,10
2007-07-29 10:00:00.000,2007,7,29,10,VRB02KT,10,09
2007-07-29 11:00:00.000,2007,7,29,11,00000KT,09,09
2007-07-29 12:00:00.000,2007,7,29,12,14005KT,11,09
2007-07-29 13:00:00.000,2007,7,29,13,09007KT,12,09
2007-07-29 16:00:00.000,2007,7,29,16,14012KT,16,02
2007-07-29 20:00:00.000,2007,7,29,20,22005KT,16,07
2007-07-29 21:00:00.000,2007,7,29,21,24004KT,16,08
2007-07-29 22:00:00.000,2007,7,29,22,17008KT,15,08
2007-07-29 23:00:00.000,2007,7,29,23,19004KT,13,08
2007-07-30 00:00:00.000,2007,7,30,0,18005KT,12,08
2007-07-30 01:00:00.000,2007,7,30,1,17004KT,11,09
2007-07-30 02:00:00.000,2007,7,30,2,18004KT,11,09
2007-07-30 03:00:00.000,2007,7,30,3,VRB02KT,11,09
2007-07-30 04:00:00.000,2007,7,30,4,03003KT,09,08
2007-07-30 05:00:00.000,2007,7,30,5,03004KT,08,07
2007-07-30 09:00:00.000,2007,7,30,9,03003KT,07,06
2007-07-30 10:00:00.000,2007,7,30,10,VRB02KT,06,06
2007-07-30 12:00:00.000,2007,7,30,12,05005KT,07,06
2007-07-30 14:00:00.000,2007,7,30,14,06006KT,13,09
2007-07-30 18:00:00.000,2007,7,30,18,12006KT,20,04
2007-07-30 19:00:00.000,2007,7,30,19,15011KT,19,03
2007-07-30 20:00:00.000,2007,7,30,20,VRB02KT,18,05
2007-07-30 21:00:00.000,2007,7,30,21,11004KT,18,05
2007-07-30 22:00:00.000,2007,7,30,22,12009KT,17,06
2007-07-30 23:00:00.000,2007,7,30,23,22004KT,15,09
2007-07-31 00:00:00.000,2007,7,31,0,27004KT,12,10
2007-07-31 01:00:00.000,2007,7,31,1,VRB02KT,11,10
2007-07-31 02:00:00.000,2007,7,31,2,34004KT,10,09
2007-07-31 03:00:00.000,2007,7,31,3,35003KT,10,09
2007-07-31 04:00:00.000,2007,7,31,4,VRB02KT,09,08
2007-07-31 07:00:00.000,2007,7,31,7,VRB02KT,08,07
2007-07-31 09:00:00.000,2007,7,31,9,30003KT,06,06
2007-07-31 10:00:00.000,2007,7,31,10,VRB02KT,06,05
2007-07-31 11:00:00.000,2007,7,31,11,02003KT,06,06
2007-07-31 12:00:00.000,2007,7,31,12,VRB02KT,08,08
2007-07-31 13:00:00.000,2007,7,31,13,02004KT,10,08
2007-07-31 14:00:00.000,2007,7,31,14,06004KT,13,09
2007-07-31 15:00:00.000,2007,7,31,15,13003KT,16,07
2007-07-31 17:00:00.000,2007,7,31,17,22003KT,19,07
2007-07-31 18:00:00.000,2007,7,31,18,11012KT,19,06
2007-07-31 19:00:00.000,2007,7,31,19,08007KT,18,07
2007-07-31 20:00:00.000,2007,7,31,20,07011KT,18,09
2007-07-31 21:00:00.000,2007,7,31,21,28009KT,14,12
2007-07-31 22:00:00.000,2007,7,31,22,27009KT,14,12
2007-07-31 23:00:00.000,2007,7,31,23,28006KT,14,11
2007-08-01 00:00:00.000,2007,8,1,0,21004KT,13,10
2007-08-01 01:00:00.000,2007,8,1,1,32003KT,12,10
2007-08-01 02:00:00.000,2007,8,1,2,VRB02KT,12,10
2007-08-01 04:00:00.000,2007,8,1,4,34003KT,10,09
2007-08-01 05:00:00.000,2007,8,1,5,010500Z,10,09
2007-08-01 06:00:00.000,2007,8,1,6,00000KT,09,08
2007-08-01 07:00:00.000,2007,8,1,7,VRB02KT,09,008
2007-08-01 08:00:00.000,2007,8,1,8,VRB02KT,98,08
2007-08-01 09:00:00.000,2007,8,1,9,00000KT,08,08
2007-08-01 10:00:00.000,2007,8,1,10,00000KT,09,08
2007-08-01 11:00:00.000,2007,8,1,11,VRB02KT,09,08
2007-08-01 12:00:00.000,2007,8,1,12,04003KT,10,09
2007-08-01 13:00:00.000,2007,8,1,13,02004KT,13,11
2007-08-01 14:00:00.000,2007,8,1,14,VRB02KT,14,10
2007-08-01 15:00:00.000,2007,8,1,15,17007KT,16,08
2007-08-01 16:00:00.000,2007,8,1,16,14010KT,17,09
2007-08-01 18:00:00.000,2007,8,1,18,14016KT,18,09
2007-08-01 19:00:00.000,2007,8,1,19,15012KT,17,08
2007-08-01 20:00:00.000,2007,8,1,20,16010KT,18,08
2007-08-01 23:00:00.000,2007,8,1,23,16010KT,15,08
2007-08-02 00:00:00.000,2007,8,2,0,15005KT,14,08
2007-08-02 02:00:00.000,2007,8,2,2,02004KT,12,10
2007-08-02 03:00:00.000,2007,8,2,3,02005KT,11,10
2007-08-02 04:00:00.000,2007,8,2,4,04003KT,11,10
2007-08-02 05:00:00.000,2007,8,2,5,02004KT,11,10
2007-08-02 07:00:00.000,2007,8,2,7,VRB02KT,11,10
2007-08-02 08:00:00.000,2007,8,2,8,05004KT,11,10
2007-08-02 09:00:00.000,2007,8,2,9,04004KT,11,10
2007-08-02 10:00:00.000,2007,8,2,10,03004KT,10,10
2007-08-02 11:00:00.000,2007,8,2,11,28003KT,09,09
2007-08-02 12:00:00.000,2007,8,2,12,04004KT,10,10
2007-08-02 13:00:00.000,2007,8,2,13,03004KT,12,11
2007-08-02 14:00:00.000,2007,8,2,14,13004KT,14,10
2007-08-02 15:00:00.000,2007,8,2,15,13007KT,15,09
2007-08-02 16:00:00.000,2007,8,2,16,VRB02KT,15,09
2007-08-02 18:00:00.000,2007,8,2,18,16010KT,18,09
2007-08-02 19:00:00.000,2007,8,2,19,16013KT,19,08
2007-08-02 20:00:00.000,2007,8,2,20,15010KT,18,07
2007-08-02 21:00:00.000,2007,8,2,21,21011KT,18,09
2007-08-02 22:00:00.000,2007,8,2,22,30007KT,16,11
2007-08-02 23:00:00.000,2007,8,2,23,25006KT,16,11
2007-08-03 00:00:00.000,2007,8,3,0,31006KT,13,11
2007-08-03 01:00:00.000,2007,8,3,1,35003KT,12,11
2007-08-03 02:00:00.000,2007,8,3,2,31003KT,11,10
2007-08-03 03:00:00.000,2007,8,3,3,28003KT,11,10
2007-08-03 04:00:00.000,2007,8,3,4,33003KT,10,09
2007-08-03 05:00:00.000,2007,8,3,5,34005KT,09,08
2007-08-03 06:00:00.000,2007,8,3,6,VRB02KT,10,09
2007-08-03 07:00:00.000,2007,8,3,7,VRB02KT,10,10
2007-08-03 08:00:00.000,2007,8,3,8,VRB02KT,11,10
2007-08-03 09:00:00.000,2007,8,3,9,02003KT,11,09
2007-08-03 10:00:00.000,2007,8,3,10,VRB02KT,10,09
2007-08-03 11:00:00.000,2007,8,3,11,28005KT,09,09
2007-08-03 12:00:00.000,2007,8,3,12,28004KT,10,09
2007-08-03 14:00:00.000,2007,8,3,14,12012KT,14,11
2007-08-03 15:00:00.000,2007,8,3,15,08007KT,15,10
2007-08-03 17:00:00.000,2007,8,3,17,12016KT,16,10
2007-08-03 18:00:00.000,2007,8,3,18,22016KT,17,10
2007-08-03 19:00:00.000,2007,8,3,19,14015KT,16,10
2007-08-03 20:00:00.000,2007,8,3,20,13010KT,16,09
2007-08-03 21:00:00.000,2007,8,3,21,12012KT,16,08
2007-08-03 23:00:00.000,2007,8,3,23,16010KT,15,09
2007-08-04 00:00:00.000,2007,8,4,0,15008KT,14,09
2007-08-04 01:00:00.000,2007,8,4,1,09006KT,14,10
2007-08-04 03:00:00.000,2007,8,4,3,03004KT,13,11
2007-08-04 04:00:00.000,2007,8,4,4,21004KT,13,11
2007-08-04 05:00:00.000,2007,8,4,5,33003KT,12,11
2007-08-04 06:00:00.000,2007,8,4,6,VRB02KT,11,11
2007-08-04 07:00:00.000,2007,8,4,7,VRB02KT,11,11
2007-08-04 08:00:00.000,2007,8,4,8,14010KT,12,10
2007-08-04 09:00:00.000,2007,8,4,9,14008KT,12,10
2007-08-04 10:00:00.000,2007,8,4,10,00000KT,13,10
2007-08-04 11:00:00.000,2007,8,4,11,09004KT,12,10
2007-08-04 12:00:00.000,2007,8,4,12,26004KT,13,11
2007-08-04 13:00:00.000,2007,8,4,13,15004KT,13,10
2007-08-04 14:00:00.000,2007,8,4,14,15010KT,15,10
2007-08-04 15:00:00.000,2007,8,4,15,14010KT,15,10
2007-08-04 16:00:00.000,2007,8,4,16,15011KT,16,10
2007-08-04 17:00:00.000,2007,8,4,17,16012KT,17,10
2007-08-04 18:00:00.000,2007,8,4,18,15016KT,18,09
2007-08-04 19:00:00.000,2007,8,4,19,15015KT,18,10
2007-08-04 20:00:00.000,2007,8,4,20,15015KT,17,10
2007-08-04 21:00:00.000,2007,8,4,21,14015KT,16,09
2007-08-04 22:00:00.000,2007,8,4,22,14012KT,16,09
2007-08-04 23:00:00.000,2007,8,4,23,15014KT,15,09
2007-08-05 00:00:00.000,2007,8,5,0,12009KT,14,09
2007-08-05 01:00:00.000,2007,8,5,1,10008KT,13,09
2007-08-05 02:00:00.000,2007,8,5,2,15008KT,14,09
2007-08-05 03:00:00.000,2007,8,5,3,13005KT,13,10
2007-08-05 04:00:00.000,2007,8,5,4,21004KT,13,09
2007-08-05 05:00:00.000,2007,8,5,5,15006KT,13,09
2007-08-05 06:00:00.000,2007,8,5,6,15006KT,12,10
2007-08-05 07:00:00.000,2007,8,5,7,14005KT,11,10
2007-08-05 08:00:00.000,2007,8,5,8,34004KT,10,09
2007-08-05 09:00:00.000,2007,8,5,9,36003KT,10,09
2007-08-05 10:00:00.000,2007,8,5,10,05003KT,09,08
2007-08-05 11:00:00.000,2007,8,5,11,02005KT,08,08
2007-08-05 12:00:00.000,2007,8,5,12,36003KT,10,10
2007-08-05 13:00:00.000,2007,8,5,13,03003KT,13,11
2007-08-05 14:00:00.000,2007,8,5,14,16003KT,15,10
2007-08-05 15:00:00.000,2007,8,5,15,15010KT,16,10
2007-08-05 16:00:00.000,2007,8,5,16,15016KT,16,09
2007-08-05 17:00:00.000,2007,8,5,17,13014KT,17,08
2007-08-05 19:00:00.000,2007,8,5,19,20010KT,16,09
2007-08-05 20:00:00.000,2007,8,5,20,10010KT,15,10
2007-08-05 21:00:00.000,2007,8,5,21,15008KT,14,10
2007-08-05 22:00:00.000,2007,8,5,22,13004KT,14,10
2007-08-05 23:00:00.000,2007,8,5,23,16003KT,14,09
2007-08-06 00:00:00.000,2007,8,6,0,11004KT,12,10
2007-08-06 01:00:00.000,2007,8,6,1,08004KT,11,09
2007-08-06 02:00:00.000,2007,8,6,2,VRB02KT,10,08
2007-08-06 03:00:00.000,2007,8,6,3,VRB02KT,09,08
2007-08-06 04:00:00.000,2007,8,6,4,0304KT,09,07
2007-08-06 05:00:00.000,2007,8,6,5,VRB02KT,09,08
2007-08-06 06:00:00.000,2007,8,6,6,00000KT,09,08
2007-08-06 07:00:00.000,2007,8,6,7,00000KT,08,07
2007-08-06 09:00:00.000,2007,8,6,9,29003KT,08,07
2007-08-06 10:00:00.000,2007,8,6,10,00000KT,07,07
2007-08-06 11:00:00.000,2007,8,6,11,VRB02KT,07,06
2007-08-06 12:00:00.000,2007,8,6,12,36004KT,06,06
2007-08-06 13:00:00.000,2007,8,6,13,05004KT,11,10
2007-08-06 14:00:00.000,2007,8,6,14,05008KT,15,10
2007-08-06 15:00:00.000,2007,8,6,15,07008KT,16,09
2007-08-06 16:00:00.000,2007,8,6,16,10007KT,18,10
2007-08-06 17:00:00.000,2007,8,6,17,15005KT,18,09
2007-08-06 18:00:00.000,2007,8,6,18,28008KT,16,11
2007-08-06 19:00:00.000,2007,8,6,19,29005KT,15,12
2007-08-06 20:00:00.000,2007,8,6,20,22005KT,14,12
2007-08-06 21:00:00.000,2007,8,6,21,24005KT,14,14
2007-08-06 22:00:00.000,2007,8,6,22,25004KT,14,14
2007-08-06 23:00:00.000,2007,8,6,23,00000KT,14,10
2007-08-07 00:00:00.000,2007,8,7,0,VRB02KT,13,11
2007-08-07 01:00:00.000,2007,8,7,1,VRB02KT,12,10
2007-08-07 02:00:00.000,2007,8,7,2,VRB02KT,10,09
2007-08-07 03:00:00.000,2007,8,7,3,VRB02KT,10,09
2007-08-07 04:00:00.000,2007,8,7,4,27003KT,10,09
2007-08-07 05:00:00.000,2007,8,7,5,VRB02KT,08,08
2007-08-07 06:00:00.000,2007,8,7,6,VRB02KT,08,07
2007-08-07 07:00:00.000,2007,8,7,7,VRB02KT,08,08
2007-08-07 08:00:00.000,2007,8,7,8,30003KT,08,08
2007-08-07 09:00:00.000,2007,8,7,9,VRB02KT,08,08
2007-08-07 10:00:00.000,2007,8,7,10,35004KT,07,07
2007-08-07 11:00:00.000,2007,8,7,11,VRB02KT,07,07
2007-08-07 12:00:00.000,2007,8,7,12,00000KT,07,07
2007-08-07 13:00:00.000,2007,8,7,13,VRB02KT,11,10
2007-08-07 14:00:00.000,2007,8,7,14,VRB02KT,13,11
2007-08-07 15:00:00.000,2007,8,7,15,00000KT,15,10
2007-08-07 16:00:00.000,2007,8,7,16,32004KT,17,10
2007-08-07 17:00:00.000,2007,8,7,17,02004KT,17,10
2007-08-07 18:00:00.000,2007,8,7,18,06008KT,18,10
2007-08-07 19:00:00.000,2007,8,7,19,23009KT,16,14
2007-08-07 20:00:00.000,2007,8,7,20,21008KT,15,13
2007-08-07 21:00:00.000,2007,8,7,21,12008KT,16,12
2007-08-07 22:00:00.000,2007,8,7,22,23005KT,16,11
2007-08-07 23:00:00.000,2007,8,7,23,22003KT,15,11
2007-08-08 00:00:00.000,2007,8,8,0,30005KT,13,12
2007-08-08 01:00:00.000,2007,8,8,1,31004KT,12,11
2007-08-08 02:00:00.000,2007,8,8,2,VRB02KT,12,11
2007-08-08 03:00:00.000,2007,8,8,3,VRB02KT,12,11
2007-08-08 04:00:00.000,2007,8,8,4,31003KT,11,10
2007-08-08 05:00:00.000,2007,8,8,5,00000KT,09,09
2007-08-08 06:00:00.000,2007,8,8,6,00000KT,09,09
2007-08-08 07:00:00.000,2007,8,8,7,00000KT,10,09
2007-08-08 08:00:00.000,2007,8,8,8,VRB02KT,10,09
2007-08-08 09:00:00.000,2007,8,8,9,00000KT,09,09
2007-08-08 10:00:00.000,2007,8,8,10,03003KT,09,09
2007-08-08 11:00:00.000,2007,8,8,11,02003KT,09,09
2007-08-08 12:00:00.000,2007,8,8,12,27003KT,10,09
2007-08-08 13:00:00.000,2007,8,8,13,VRB02KT,12,11
2007-08-08 14:00:00.000,2007,8,8,14,VRB02KT,13,13
2007-08-08 15:00:00.000,2007,8,8,15,30003KT,15,13
2007-08-08 16:00:00.000,2007,8,8,16,32005KT,16,13
2007-08-08 17:00:00.000,2007,8,8,17,35006KT,14,14
2007-08-08 18:00:00.000,2007,8,8,18,27011KT,14,13
2007-08-08 19:00:00.000,2007,8,8,19,22008KT,13,13
2007-08-08 20:00:00.000,2007,8,8,20,23010KT,15,15
2007-08-08 21:00:00.000,2007,8,8,21,32003KT,14,13
2007-08-08 22:00:00.000,2007,8,8,22,32003KT,13,13
2007-08-08 23:00:00.000,2007,8,8,23,32005KT,13,13
2007-08-09 00:00:00.000,2007,8,9,0,02005KT,13,12
2007-08-09 01:00:00.000,2007,8,9,1,00000KT,12,12
2007-08-09 02:00:00.000,2007,8,9,2,VRB02KT,11,11
2007-08-09 03:00:00.000,2007,8,9,3,VRB02KT,11,10
2007-08-09 04:00:00.000,2007,8,9,4,05004KT,11,11
2007-08-09 05:00:00.000,2007,8,9,5,00000KT,11,11
2007-08-09 06:00:00.000,2007,8,9,6,00000KT,10,10
2007-08-09 07:00:00.000,2007,8,9,7,00000KT,10,10
2007-08-09 08:00:00.000,2007,8,9,8,00000KT,10,10
2007-08-09 09:00:00.000,2007,8,9,9,00000KT,10,10
2007-08-09 10:00:00.000,2007,8,9,10,00000KT,10,09
2007-08-09 11:00:00.000,2007,8,9,11,00000KT,10,10
2007-08-09 12:00:00.000,2007,8,9,12,VRB02KT,10,10
2007-08-09 13:00:00.000,2007,8,9,13,VRB02KT,13,11
2007-08-09 14:00:00.000,2007,8,9,14,VRB02KT,14,12
2007-08-09 15:00:00.000,2007,8,9,15,29003KT,16,13
2007-08-09 16:00:00.000,2007,8,9,16,32003KT,14,11
2007-08-09 17:00:00.000,2007,8,9,17,34010KT,14,12
2007-08-09 18:00:00.000,2007,8,9,18,31010KT,15,13
2007-08-09 19:00:00.000,2007,8,9,19,26007KT,15,13
2007-08-09 20:00:00.000,2007,8,9,20,26010KT,17,13
2007-08-09 21:00:00.000,2007,8,9,21,23009KT,16,13
2007-08-09 22:00:00.000,2007,8,9,22,21008KT,16,12
2007-08-09 23:00:00.000,2007,8,9,23,25006KT,15,11
2007-08-10 00:00:00.000,2007,8,10,0,21004KT,13,10
2007-08-10 01:00:00.000,2007,8,10,1,02005KT,12,10
2007-08-10 02:00:00.000,2007,8,10,2,12004KT,12,10
2007-08-10 03:00:00.000,2007,8,10,3,VRB02KT,10,09
2007-08-10 04:00:00.000,2007,8,10,4,03003KT,10,09
2007-08-10 05:00:00.000,2007,8,10,5,VRB02KT,12,10
2007-08-10 06:00:00.000,2007,8,10,6,35003KT,11,10
2007-08-10 07:00:00.000,2007,8,10,7,VRB02KT,11,10
2007-08-10 08:00:00.000,2007,8,10,8,04003KT,10,09
2007-08-10 09:00:00.000,2007,8,10,9,25003KT,09,08
2007-08-10 10:00:00.000,2007,8,10,10,00000KT,08,08
2007-08-10 11:00:00.000,2007,8,10,11,33003KT,06,06
2007-08-10 12:00:00.000,2007,8,10,12,04003KT,08,08
2007-08-10 13:00:00.000,2007,8,10,13,34005KT,13,11
2007-08-10 14:00:00.000,2007,8,10,14,03005KT,14,11
2007-08-10 15:00:00.000,2007,8,10,15,03005KT,15,11
2007-08-10 16:00:00.000,2007,8,10,16,15012KT,18,09
2007-08-10 17:00:00.000,2007,8,10,17,17010KT,18,09
2007-08-10 18:00:00.000,2007,8,10,18,23007KT,18,09
2007-08-10 19:00:00.000,2007,8,10,19,12006KT,18,09
2007-08-10 20:00:00.000,2007,8,10,20,26007KT,15,12
2007-08-10 21:00:00.000,2007,8,10,21,22008KT,14,13
2007-08-10 22:00:00.000,2007,8,10,22,24005KT,12,11
2007-08-10 23:00:00.000,2007,8,10,23,VRB02KT,12,11
2007-08-11 00:00:00.000,2007,8,11,0,VRB02KT,11,11
2007-08-11 01:00:00.000,2007,8,11,1,VRB02KT,11,11
2007-08-11 02:00:00.000,2007,8,11,2,00000KT,11,10
2007-08-11 03:00:00.000,2007,8,11,3,12003KT,12,11
2007-08-11 04:00:00.000,2007,8,11,4,00000KT,12,11
2007-08-11 05:00:00.000,2007,8,11,5,17003KT,12,11
2007-08-11 06:00:00.000,2007,8,11,6,17004KT,11,10
2007-08-11 07:00:00.000,2007,8,11,7,00000KT,11,10
2007-08-11 08:00:00.000,2007,8,11,8,00000KT,10,10
2007-08-11 09:00:00.000,2007,8,11,9,VRB02KT,10,09
2007-08-11 10:00:00.000,2007,8,11,10,VRB02KT,09,09
2007-08-11 11:00:00.000,2007,8,11,11,32004KT,08,07
2007-08-11 12:00:00.000,2007,8,11,12,33003KT,10,09
2007-08-11 13:00:00.000,2007,8,11,13,VRB02KT,13,11
2007-08-11 14:00:00.000,2007,8,11,14,13006KT,14,11
2007-08-11 15:00:00.000,2007,8,11,15,VRB02KT,15,11
2007-08-11 16:00:00.000,2007,8,11,16,12005KT,15,11
2007-08-11 17:00:00.000,2007,8,11,17,12008KT,16,10
2007-08-11 18:00:00.000,2007,8,11,18,14015KT,16,10
2007-08-11 19:00:00.000,2007,8,11,19,15016KT,16,10
2007-08-11 20:00:00.000,2007,8,11,20,15016KT,15,10
2007-08-11 21:00:00.000,2007,8,11,21,15014KT,15,09
2007-08-11 22:00:00.000,2007,8,11,22,14012KT,15,09
2007-08-11 23:00:00.000,2007,8,11,23,18006KT,14,09
2007-08-12 00:00:00.000,2007,8,12,0,35005KT,13,09
2007-08-12 01:00:00.000,2007,8,12,1,28005KT,13,09
2007-08-12 02:00:00.000,2007,8,12,2,34003KT,13,10
2007-08-12 03:00:00.000,2007,8,12,3,01003KT,12,10
2007-08-12 04:00:00.000,2007,8,12,4,36003KT,10,09
2007-08-12 05:00:00.000,2007,8,12,5,VRB02KT,11,10
2007-08-12 07:00:00.000,2007,8,12,7,00000KT,11,10
2007-08-12 10:00:00.000,2007,8,12,10,00000KT,09,08
2007-08-12 11:00:00.000,2007,8,12,11,VRB02KT,09,08
2007-08-12 12:00:00.000,2007,8,12,12,36003KT,10,10
2007-08-12 13:00:00.000,2007,8,12,13,03003KT,12,12
2007-08-12 14:00:00.000,2007,8,12,14,04003KT,14,12
2007-08-12 15:00:00.000,2007,8,12,15,18003KT,15,12
2007-08-12 16:00:00.000,2007,8,12,16,13006KT,16,12
2007-08-12 17:00:00.000,2007,8,12,17,14014KT,17,10
2007-08-12 18:00:00.000,2007,8,12,18,15010KT,17,09
2007-08-12 19:00:00.000,2007,8,12,19,16012KT,17,10
2007-08-12 20:00:00.000,2007,8,12,20,15010KT,17,09
2007-08-12 21:00:00.000,2007,8,12,21,14012KT,17,09
2007-08-12 22:00:00.000,2007,8,12,22,15010KT,17,09
2007-08-12 23:00:00.000,2007,8,12,23,15008KT,16,09
2007-08-13 00:00:00.000,2007,8,13,0,10009KT,15,10
2007-08-13 01:00:00.000,2007,8,13,1,10008KT,14,09
2007-08-13 02:00:00.000,2007,8,13,2,07006KT,14,09
2007-08-13 04:00:00.000,2007,8,13,4,09004KT,13,10
2007-08-13 05:00:00.000,2007,8,13,5,20005KT,12,10
2007-08-13 06:00:00.000,2007,8,13,6,11003KT,12,10
2007-08-13 07:00:00.000,2007,8,13,7,34003KT,11,10
2007-08-13 08:00:00.000,2007,8,13,8,VRB02KT,12,10
2007-08-13 09:00:00.000,2007,8,13,9,VRB02KT,11,10
2007-08-13 10:00:00.000,2007,8,13,10,03004KT,10,09
2007-08-13 11:00:00.000,2007,8,13,11,03004KT,10,10
2007-08-13 12:00:00.000,2007,8,13,12,01004KT,11,10
2007-08-13 13:00:00.000,2007,8,13,13,03004KT,14,11
2007-08-13 14:00:00.000,2007,8,13,14,VRB02KT,14,11
2007-08-13 15:00:00.000,2007,8,13,15,02003KT,16,11
2007-08-13 16:00:00.000,2007,8,13,16,14010KT,17,12
2007-08-13 17:00:00.000,2007,8,13,17,10010KT,18,10
2007-08-13 18:00:00.000,2007,8,13,18,14015KT,17,10
2007-08-13 19:00:00.000,2007,8,13,19,22008KT,18,10
2007-08-13 20:00:00.000,2007,8,13,20,12010KT,18,08
2007-08-13 21:00:00.000,2007,8,13,21,29005KT,17,11
2007-08-13 22:00:00.000,2007,8,13,22,12012KT,17,09
2007-08-13 23:00:00.000,2007,8,13,23,15007KT,16,12
2007-08-14 01:00:00.000,2007,8,14,1,06004KT,14,10
2007-08-14 02:00:00.000,2007,8,14,2,00000KT,13,12
2007-08-14 03:00:00.000,2007,8,14,3,03006KT,12,11
2007-08-14 04:00:00.000,2007,8,14,4,VRB02KT,11,11
2007-08-14 05:00:00.000,2007,8,14,5,VRB02KT,11,11
2007-08-14 06:00:00.000,2007,8,14,6,00000KT,11,11
2007-08-14 07:00:00.000,2007,8,14,7,09004KT,11,11
2007-08-14 08:00:00.000,2007,8,14,8,VRB02KT,11,11
2007-08-14 09:00:00.000,2007,8,14,9,VRB02KT,10,10
2007-08-14 10:00:00.000,2007,8,14,10,VRB02KT,10,10
2007-08-14 11:00:00.000,2007,8,14,11,02003KT,09,09
2007-08-14 12:00:00.000,2007,8,14,12,VRB02KT,11,10
2007-08-14 13:00:00.000,2007,8,14,13,03005KT,13,11
2007-08-14 14:00:00.000,2007,8,14,14,06008KT,15,12
2007-08-14 15:00:00.000,2007,8,14,15,06006KT,15,11
2007-08-14 16:00:00.000,2007,8,14,16,07007KT,17,10
2007-08-14 17:00:00.000,2007,8,14,17,03006KT,18,11
2007-08-14 18:00:00.000,2007,8,14,18,00000KT,17,11
2007-08-14 19:00:00.000,2007,8,14,19,21008KT,18,12
2007-08-14 20:00:00.000,2007,8,14,20,22004KT,17,12
2007-08-14 21:00:00.000,2007,8,14,21,26008KT,16,14
2007-08-14 22:00:00.000,2007,8,14,22,25007KT,15,14
2007-08-15 00:00:00.000,2007,8,15,0,28003KT,12,11
2007-08-15 01:00:00.000,2007,8,15,1,28006KT,12,11
2007-08-15 02:00:00.000,2007,8,15,2,VRB02KT,12,11
2007-08-15 07:00:00.000,2007,8,15,7,00000KT,11,19
2007-08-15 09:00:00.000,2007,8,15,9,00000KT,11,11
2007-08-15 10:00:00.000,2007,8,15,10,36003KT,11,10
2007-08-15 11:00:00.000,2007,8,15,11,03003KT,11,10
2007-08-15 12:00:00.000,2007,8,15,12,VRB02KT,12,11
2007-08-15 13:00:00.000,2007,8,15,13,04008KT,14,11
2007-08-15 14:00:00.000,2007,8,15,14,08008KT,15,12
2007-08-15 15:00:00.000,2007,8,15,15,05007KT,17,09
2007-08-15 16:00:00.000,2007,8,15,16,01007KT,17,09
2007-08-15 17:00:00.000,2007,8,15,17,21007KT,15,13
2007-08-15 18:00:00.000,2007,8,15,18,25007KT,15,13
2007-08-15 21:00:00.000,2007,8,15,21,19005KT,15,13
2007-08-16 00:00:00.000,2007,8,16,0,06007KT,14,10
2007-08-16 01:00:00.000,2007,8,16,1,07004KT,13,10
2007-08-16 02:00:00.000,2007,8,16,2,02004KT,11,10
2007-08-16 03:00:00.000,2007,8,16,3,02004KT,12,10
2007-08-16 04:00:00.000,2007,8,16,4,00000KT,11,10
2007-08-16 05:00:00.000,2007,8,16,5,00000KT,10,10
2007-08-16 06:00:00.000,2007,8,16,6,00000KT,11,09
2007-08-16 07:00:00.000,2007,8,16,7,00000KT,10,10
2007-08-16 08:00:00.000,2007,8,16,8,00000KT,10,10
2007-08-16 09:00:00.000,2007,8,16,9,00000KT,10,10
2007-08-16 10:00:00.000,2007,8,16,10,00000KT,10,10
2007-08-16 11:00:00.000,2007,8,16,11,00000KT,10,09
2007-08-16 12:00:00.000,2007,8,16,12,VRB02KT,11,10
2007-08-16 13:00:00.000,2007,8,16,13,VRB02KT,13,11
2007-08-16 14:00:00.000,2007,8,16,14,VRB02KT,16,11
2007-08-16 15:00:00.000,2007,8,16,15,05010KT,16,10
2007-08-16 16:00:00.000,2007,8,16,16,05010KT,17,11
2007-08-16 17:00:00.000,2007,8,16,17,07012KT,17,10
2007-08-16 18:00:00.000,2007,8,16,18,03015KT,16,10
2007-08-16 19:00:00.000,2007,8,16,19,13008KT,18,08
2007-08-16 20:00:00.000,2007,8,16,20,17013KT,17,09
2007-08-16 21:00:00.000,2007,8,16,21,17012KT,17,09
2007-08-16 22:00:00.000,2007,8,16,22,13008KT,16,10
2007-08-16 23:00:00.000,2007,8,16,23,12010KT,14,12
2007-08-17 00:00:00.000,2007,8,17,0,02006KT,13,12
2007-08-17 01:00:00.000,2007,8,17,1,03004KT,12,11
2007-08-17 02:00:00.000,2007,8,17,2,05005KT,12,11
2007-08-17 03:00:00.000,2007,8,17,3,00000KT,11,10
2007-08-17 04:00:00.000,2007,8,17,4,VRB02KT,11,10
2007-08-17 05:00:00.000,2007,8,17,5,10004KT,12,11
2007-08-17 06:00:00.000,2007,8,17,6,VRB02KT,13,10
2007-08-17 07:00:00.000,2007,8,17,7,00000KT,12,10
2007-08-17 08:00:00.000,2007,8,17,8,07003KT,11,11
2007-08-17 09:00:00.000,2007,8,17,9,34004KT,12,11
2007-08-17 10:00:00.000,2007,8,17,10,07004KT,11,11
2007-08-17 11:00:00.000,2007,8,17,11,VRB02KT,11,10
2007-08-17 12:00:00.000,2007,8,17,12,11005KT,13,10
2007-08-17 13:00:00.000,2007,8,17,13,13004KT,13,10
2007-08-17 14:00:00.000,2007,8,17,14,13007KT,14,11
2007-08-17 15:00:00.000,2007,8,17,15,15005KT,15,10
2007-08-17 16:00:00.000,2007,8,17,16,16011KT,17,10
2007-08-17 17:00:00.000,2007,8,17,17,15010KT,18,10
2007-08-17 18:00:00.000,2007,8,17,18,13010KT,19,10
2007-08-17 19:00:00.000,2007,8,17,19,14004KT,19,10
2007-08-17 20:00:00.000,2007,8,17,20,25006KT,19,10
2007-08-17 21:00:00.000,2007,8,17,21,21007KT,18,10
2007-08-17 22:00:00.000,2007,8,17,22,25005KT,15,12
2007-08-17 23:00:00.000,2007,8,17,23,31007KT,14,12
2007-08-18 00:00:00.000,2007,8,18,0,33003KT,12,10
2007-08-18 02:00:00.000,2007,8,18,2,35004KT,12,11
2007-08-18 03:00:00.000,2007,8,18,3,VRB02KT,11,10
2007-08-18 04:00:00.000,2007,8,18,4,VRB02KT,12,11
2007-08-18 05:00:00.000,2007,8,18,5,VRB02KT,12,11
2007-08-18 06:00:00.000,2007,8,18,6,32003KT,11,11
2007-08-18 07:00:00.000,2007,8,18,7,19004KT,12,10
2007-08-18 10:00:00.000,2007,8,18,10,VRB02KT,11,10
2007-08-18 11:00:00.000,2007,8,18,11,26004KT,09,08
2007-08-18 12:00:00.000,2007,8,18,12,32003KT,11,10
2007-08-18 13:00:00.000,2007,8,18,13,30005KT,13,11
2007-08-18 14:00:00.000,2007,8,18,14,VRB02KT,15,11
2007-08-18 15:00:00.000,2007,8,18,15,VRB02KT,16,10
2007-08-18 17:00:00.000,2007,8,18,17,22008KT,16,11
2007-08-18 18:00:00.000,2007,8,18,18,22007KT,17,13
2007-08-18 19:00:00.000,2007,8,18,19,24011KT,17,12
2007-08-18 20:00:00.000,2007,8,18,20,24010KT,16,11
2007-08-18 21:00:00.000,2007,8,18,21,24013KT,16,12
2007-08-18 22:00:00.000,2007,8,18,22,23012KT,14,11
2007-08-18 23:00:00.000,2007,8,18,23,25003KT,14,11
2007-08-19 00:00:00.000,2007,8,19,0,28004KT,13,11
2007-08-19 01:00:00.000,2007,8,19,1,VRB02KT,12,11
2007-08-19 02:00:00.000,2007,8,19,2,00000KT,11,10
2007-08-19 03:00:00.000,2007,8,19,3,00000KT,12,11
2007-08-19 04:00:00.000,2007,8,19,4,28003KT,11,10
2007-08-19 05:00:00.000,2007,8,19,5,30005KT,10,09
2007-08-19 06:00:00.000,2007,8,19,6,00000KT,09,09
2007-08-19 07:00:00.000,2007,8,19,7,VRB02KT,07,07
2007-08-19 09:00:00.000,2007,8,19,9,00000KT,08,08
2007-08-19 10:00:00.000,2007,8,19,10,00000KT,08,08
2007-08-19 11:00:00.000,2007,8,19,11,VRB02KT,08,08
2007-08-19 12:00:00.000,2007,8,19,12,32003KT,10,09
2007-08-19 13:00:00.000,2007,8,19,13,29003KT,13,11
2007-08-19 14:00:00.000,2007,8,19,14,06003KT,15,12
2007-08-19 15:00:00.000,2007,8,19,15,07004KT,17,11
2007-08-19 16:00:00.000,2007,8,19,16,30003KT,18,11
2007-08-19 17:00:00.000,2007,8,19,17,28004KT,17,10
2007-08-19 18:00:00.000,2007,8,19,18,27006KT,15,12
2007-08-19 19:00:00.000,2007,8,19,19,29007KT,15,14
2007-08-19 20:00:00.000,2007,8,19,20,30007KT,15,13
2007-08-19 21:00:00.000,2007,8,19,21,26007KT,15,14
2007-08-19 22:00:00.000,2007,8,19,22,25006KT,16,13
2007-08-19 23:00:00.000,2007,8,19,23,30003KT,15,13
2007-08-20 00:00:00.000,2007,8,20,0,00000KT,13,13
2007-08-20 01:00:00.000,2007,8,20,1,32004KT,12,12
2007-08-20 04:00:00.000,2007,8,20,4,00000KT,13,11
2007-08-20 06:00:00.000,2007,8,20,6,VRB02KT,11,11
2007-08-20 08:00:00.000,2007,8,20,8,VRB02KT,11,10
2007-08-20 09:00:00.000,2007,8,20,9,00000KT,10,10
2007-08-20 10:00:00.000,2007,8,20,10,00000KT,10,10
2007-08-20 11:00:00.000,2007,8,20,11,36004KT,10,10
2007-08-21 01:00:00.000,2007,8,21,1,12007KT,14,10
2007-08-21 02:00:00.000,2007,8,21,2,VRB02KT,12,11
2007-08-21 03:00:00.000,2007,8,21,3,VRB02KT,12,11
2007-08-21 04:00:00.000,2007,8,21,4,00000KT,12,11
2007-08-21 05:00:00.000,2007,8,21,5,VRB02KT,11,11
2007-08-21 06:00:00.000,2007,8,21,6,03005KT,09,09
2007-08-21 07:00:00.000,2007,8,21,7,00000KT,10,10
2007-08-21 09:00:00.000,2007,8,21,9,00000KT,10,09
2007-08-21 10:00:00.000,2007,8,21,10,00000KT,09,09
2007-08-21 12:00:00.000,2007,8,21,12,VRB02KT,11,10
2007-08-21 14:00:00.000,2007,8,21,14,15005KT,14,11
2007-08-21 15:00:00.000,2007,8,21,15,16014KT,16,11
2007-08-21 16:00:00.000,2007,8,21,16,15022KT,16,10
2007-08-21 17:00:00.000,2007,8,21,17,13015KT,15,09
2007-08-21 18:00:00.000,2007,8,21,18,16014KT,16,10
2007-08-21 19:00:00.000,2007,8,21,19,15016KT,16,09
2007-08-21 20:00:00.000,2007,8,21,20,12010KT,16,09
2007-08-21 21:00:00.000,2007,8,21,21,18010KT,15,09
2007-08-21 22:00:00.000,2007,8,21,22,13014KT,15,09
2007-08-21 23:00:00.000,2007,8,21,23,14010KT,14,09
2007-08-22 00:00:00.000,2007,8,22,0,16007KT,13,09
2007-08-22 01:00:00.000,2007,8,22,1,14006KT,13,10
2007-08-22 02:00:00.000,2007,8,22,2,15009KT,12,09
2007-08-22 03:00:00.000,2007,8,22,3,12006KT,12,09
2007-08-22 04:00:00.000,2007,8,22,4,12005KT,12,09
2007-08-22 05:00:00.000,2007,8,22,5,13009KT,12,09
2007-08-22 06:00:00.000,2007,8,22,6,14007KT,11,10
2007-08-22 10:00:00.000,2007,8,22,10,16005KT,11,09
2007-08-22 11:00:00.000,2007,8,22,11,13006KT,11,10
2007-08-22 12:00:00.000,2007,8,22,12,16006KT,12,09
2007-08-22 13:00:00.000,2007,8,22,13,13008KT,13,09
2007-08-22 14:00:00.000,2007,8,22,14,12010KT,13,10
2007-08-22 15:00:00.000,2007,8,22,15,14012KT,15,10
2007-08-22 16:00:00.000,2007,8,22,16,14012KT,16,10
2007-08-22 17:00:00.000,2007,8,22,17,13012KT,17,09
2007-08-22 18:00:00.000,2007,8,22,18,15010KT,15,09
2007-08-22 19:00:00.000,2007,8,22,19,14013KT,16,08
2007-08-22 20:00:00.000,2007,8,22,20,12008KT,15,08
2007-08-22 21:00:00.000,2007,8,22,21,06008KT,15,09
2007-08-22 22:00:00.000,2007,8,22,22,10010KT,14,10
2007-08-22 23:00:00.000,2007,8,22,23,10007KT,13,09
2007-08-23 00:00:00.000,2007,8,23,0,02004KT,13,10
2007-08-23 01:00:00.000,2007,8,23,1,04004KT,12,09
2007-08-23 02:00:00.000,2007,8,23,2,04004KT,11,09
2007-08-23 03:00:00.000,2007,8,23,3,VRB02KT,10,09
2007-08-23 04:00:00.000,2007,8,23,4,00000KT,09,09
2007-08-23 05:00:00.000,2007,8,23,5,01004KT,09,09
2007-08-23 06:00:00.000,2007,8,23,6,VRB02KT,09,09
2007-08-23 07:00:00.000,2007,8,23,7,00000KT,09,09
2007-08-23 08:00:00.000,2007,8,23,8,36004KT,09,09
2007-08-23 09:00:00.000,2007,8,23,9,VRB02KT,08,08
2007-08-23 10:00:00.000,2007,8,23,10,00000KT,07,07
2007-08-23 11:00:00.000,2007,8,23,11,00000KT,06,06
2007-08-23 12:00:00.000,2007,8,23,12,30003KT,08,08
2007-08-23 13:00:00.000,2007,8,23,13,VRB02KT,12,09
2007-08-23 14:00:00.000,2007,8,23,14,VRB02KT,15,12
2007-08-23 15:00:00.000,2007,8,23,15,02004KT,15,12
2007-08-23 16:00:00.000,2007,8,23,16,03006KT,15,11
2007-08-23 17:00:00.000,2007,8,23,17,05006KT,15,11
2007-08-23 18:00:00.000,2007,8,23,18,12004KT,17,12
2007-08-23 19:00:00.000,2007,8,23,19,VRB02KT,15,12
2007-08-23 20:00:00.000,2007,8,23,20,VRB02KT,15,11
2007-08-23 21:00:00.000,2007,8,23,21,28005KT,17,12
2007-08-23 22:00:00.000,2007,8,23,22,26005KT,16,12
2007-08-23 23:00:00.000,2007,8,23,23,VRB02KT,15,12
2007-08-24 00:00:00.000,2007,8,24,0,25005KT,13,11
2007-08-24 02:00:00.000,2007,8,24,2,32003KT,13,11
2007-08-24 03:00:00.000,2007,8,24,3,30004KT,12,11
2007-08-24 04:00:00.000,2007,8,24,4,30004KT,12,11
2007-08-24 05:00:00.000,2007,8,24,5,32003KT,11,11
2007-08-24 06:00:00.000,2007,8,24,6,VRB02KT,11,11
2007-08-24 08:00:00.000,2007,8,24,8,VRB02KT,11,11
2007-08-24 09:00:00.000,2007,8,24,9,VRB02KT,1,10
2007-08-24 10:00:00.000,2007,8,24,10,VRB02KT,10,10
2007-08-24 11:00:00.000,2007,8,24,11,33003KT,09,09
2007-08-24 13:00:00.000,2007,8,24,13,27004KT,11,10
2007-08-24 14:00:00.000,2007,8,24,14,30006KT,14,12
2007-08-24 16:00:00.000,2007,8,24,16,VRB02KT,17,12
2007-08-24 17:00:00.000,2007,8,24,17,03003KT,16,11
2007-08-24 19:00:00.000,2007,8,24,19,00000KT,16,13
2007-08-24 20:00:00.000,2007,8,24,20,26007KT,15,15
2007-08-24 21:00:00.000,2007,8,24,21,25004KT,13,13
2007-08-24 22:00:00.000,2007,8,24,22,22005KT,14,13
2007-08-24 23:00:00.000,2007,8,24,23,24005KT,13,13
2007-08-25 00:00:00.000,2007,8,25,0,33003KT,12,11
2007-08-25 01:00:00.000,2007,8,25,1,VRB02KT,12,11
2007-08-25 02:00:00.000,2007,8,25,2,VRB02KT,12,11
2007-08-25 03:00:00.000,2007,8,25,3,03005KT,12,11
2007-08-25 04:00:00.000,2007,8,25,4,34004KT,12,11
2007-08-25 05:00:00.000,2007,8,25,5,33003KT,11,10
2007-08-25 06:00:00.000,2007,8,25,6,04003KT,11,10
2007-08-25 07:00:00.000,2007,8,25,7,02003KT,11,10
2007-08-25 08:00:00.000,2007,8,25,8,VRB02KT,10,09
2007-08-25 09:00:00.000,2007,8,25,9,VRB02KT,10,09
2007-08-25 10:00:00.000,2007,8,25,10,VRB02KT,10,09
2007-08-25 11:00:00.000,2007,8,25,11,32003KT,10,09
2007-08-25 12:00:00.000,2007,8,25,12,36003KT,10,09
2007-08-25 13:00:00.000,2007,8,25,13,04003KT,11,10
2007-08-25 14:00:00.000,2007,8,25,14,26007KT,12,11
2007-08-25 15:00:00.000,2007,8,25,15,23010KT,12,11
2007-08-25 16:00:00.000,2007,8,25,16,25010KT,13,11
2007-08-25 18:00:00.000,2007,8,25,18,27008KT,14,11
2007-08-25 19:00:00.000,2007,8,25,19,27008KT,14,11
2007-08-25 20:00:00.000,2007,8,25,20,27006KT,16,11
2007-08-25 21:00:00.000,2007,8,25,21,30006KT,16,11
2007-08-25 22:00:00.000,2007,8,25,22,30007KT,16,10
2007-08-25 23:00:00.000,2007,8,25,23,31005KT,15,10
2007-08-26 00:00:00.000,2007,8,26,0,32005KT,13,11
2007-08-26 01:00:00.000,2007,8,26,1,33003KT,13,11
2007-08-26 02:00:00.000,2007,8,26,2,28003KT,12,11
2007-08-26 04:00:00.000,2007,8,26,4,VRB02KT,11,10
2007-08-26 05:00:00.000,2007,8,26,5,22003KT,10,09
2007-08-26 07:00:00.000,2007,8,26,7,00000KT,10,09
2007-08-26 08:00:00.000,2007,8,26,8,00000KT,10,10
2007-08-26 10:00:00.000,2007,8,26,10,00000KT,10,10
2007-08-26 12:00:00.000,2007,8,26,12,VRB02KT,10,10
2007-08-26 13:00:00.000,2007,8,26,13,VRB02KT,12,10
2007-08-26 14:00:00.000,2007,8,26,14,09003KT,14,12
2007-08-26 16:00:00.000,2007,8,26,16,20003KT,16,12
2007-08-26 17:00:00.000,2007,8,26,17,07006KT,16,12
2007-08-26 18:00:00.000,2007,8,26,18,VRB02KT,15,14
2007-08-26 19:00:00.000,2007,8,26,19,VRB02KT,11,11
2007-08-26 20:00:00.000,2007,8,26,20,VRB02KT,11,11
2007-08-26 21:00:00.000,2007,8,26,21,00000KT,12,11
2007-08-26 22:00:00.000,2007,8,26,22,35004KT,13,13
2007-08-26 23:00:00.000,2007,8,26,23,00000KT,12,12
2007-08-27 00:00:00.000,2007,8,27,0,VRB02KT,11,10
2007-08-27 01:00:00.000,2007,8,27,1,32003KT,11,10
2007-08-27 02:00:00.000,2007,8,27,2,31003KT,11,10
2007-08-27 03:00:00.000,2007,8,27,3,VRB02KT,11,10
2007-08-27 04:00:00.000,2007,8,27,4,VRB02KT,11,10
2007-08-27 05:00:00.000,2007,8,27,5,VRB02KT,11,10
2007-08-27 06:00:00.000,2007,8,27,6,VRB02KT,11,10
2007-08-27 07:00:00.000,2007,8,27,7,33003KT,11,10
2007-08-27 08:00:00.000,2007,8,27,8,VRB02KT,11,10
2007-08-27 09:00:00.000,2007,8,27,9,00000KT,10,10
2007-08-27 10:00:00.000,2007,8,27,10,VRB02KT,10,10
2007-08-27 11:00:00.000,2007,8,27,11,VRB02KT,10,10
2007-08-27 12:00:00.000,2007,8,27,12,00000KT,11,11
2007-08-27 13:00:00.000,2007,8,27,13,00000KT,13,13
2007-08-27 14:00:00.000,2007,8,27,14,00000KT,14,13
2007-08-27 15:00:00.000,2007,8,27,15,00000KT,15,12
2007-08-27 17:00:00.000,2007,8,27,17,11010KT,16,10
2007-08-27 18:00:00.000,2007,8,27,18,13012KT,18,10
2007-08-27 19:00:00.000,2007,8,27,19,08010KT,17,09
2007-08-27 20:00:00.000,2007,8,27,20,13008KT,17,10
2007-08-27 21:00:00.000,2007,8,27,21,11010KT,16,09
2007-08-27 22:00:00.000,2007,8,27,22,06010KT,15,10
2007-08-27 23:00:00.000,2007,8,27,23,07007KT,14,09
2007-08-28 01:00:00.000,2007,8,28,1,06005KT,12,10
2007-08-28 02:00:00.000,2007,8,28,2,VRB02KT,10,10
2007-08-28 05:00:00.000,2007,8,28,5,00000KT,08,07
2007-08-28 06:00:00.000,2007,8,28,6,03007KT,08,08
2007-08-28 07:00:00.000,2007,8,28,7,00000KT,08,08
2007-08-28 10:00:00.000,2007,8,28,10,00000KT,06,06
2007-08-28 11:00:00.000,2007,8,28,11,VRB02KT,06,06
2007-08-28 12:00:00.000,2007,8,28,12,06005KT,09,08
2007-08-28 13:00:00.000,2007,8,28,13,00000KT,13,09
2007-08-28 14:00:00.000,2007,8,28,14,VRB02KT,15,10
2007-08-28 15:00:00.000,2007,8,28,15,09010KT,17,08
2007-08-28 16:00:00.000,2007,8,28,16,06008KT,18,09
2007-08-28 17:00:00.000,2007,8,28,17,10011KT,17,08
2007-08-28 18:00:00.000,2007,8,28,18,10013KT,17,07
2007-08-28 19:00:00.000,2007,8,28,19,08010KT,18,08
2007-08-28 20:00:00.000,2007,8,28,20,10010KT,19,07
2007-08-28 21:00:00.000,2007,8,28,21,08009KT,18,08
2007-08-28 22:00:00.000,2007,8,28,22,05010KT,17,08
2007-08-28 23:00:00.000,2007,8,28,23,10010KT,16,08
2007-08-29 00:00:00.000,2007,8,29,0,11007KT,15,09
2007-08-29 01:00:00.000,2007,8,29,1,08007KT,15,08
2007-08-29 02:00:00.000,2007,8,29,2,05006KT,12,09
2007-08-29 03:00:00.000,2007,8,29,3,02006KT,12,08
2007-08-29 04:00:00.000,2007,8,29,4,02004KT,11,08
2007-08-29 07:00:00.000,2007,8,29,7,35003KT,10,09
2007-08-29 08:00:00.000,2007,8,29,8,VRB02KT,10,09
2007-08-29 09:00:00.000,2007,8,29,9,02003KT,10,09
2007-08-29 10:00:00.000,2007,8,29,10,VRB02KT,10,09
2007-08-29 11:00:00.000,2007,8,29,11,27003KT,09,09
2007-08-29 12:00:00.000,2007,8,29,12,03003KT,11,09
2007-10-08 00:00:00.000,2007,10,8,0,00000KT,12,12
2007-10-08 02:00:00.000,2007,10,8,2,VRB02KT,12,11
2007-10-08 08:00:00.000,2007,10,8,8,00000KT,10,10
2007-10-08 09:00:00.000,2007,10,8,9,00000KKT,10,10
2007-10-08 10:00:00.000,2007,10,8,10,05004KT,11,11
2007-10-08 15:00:00.000,2007,10,8,15,VRB02KT,16,11
2007-10-08 17:00:00.000,2007,10,8,17,15004KT,16,12
2007-10-08 19:00:00.000,2007,10,8,19,24004KT,12,12
2007-10-08 21:00:00.000,2007,10,8,21,35005KT,15,12
2007-10-08 22:00:00.000,2007,10,8,22,06010KT,16,11
2007-10-08 23:00:00.000,2007,10,8,23,06005KT,15,11
2007-10-09 00:00:00.000,2007,10,9,0,VRB02KT,14,11
2007-10-09 01:00:00.000,2007,10,9,1,VRB02KT,14,11
2007-10-09 02:00:00.000,2007,10,9,2,01004KT,14,12
2007-10-09 03:00:00.000,2007,10,9,3,15006KT,14,13
2007-10-09 04:00:00.000,2007,10,9,4,VRB02KT,12,11
2007-10-09 05:00:00.000,2007,10,9,5,VRB02KT,12,11
2007-10-09 06:00:00.000,2007,10,9,6,01004KT,11,11
2007-10-09 07:00:00.000,2007,10,9,7,31004KT,11,11
2007-10-09 08:00:00.000,2007,10,9,8,32004KT,11,11
2007-10-09 09:00:00.000,2007,10,9,9,33003KT,11,11
2007-10-09 10:00:00.000,2007,10,9,10,VRB02KT,10,10
2007-10-09 11:00:00.000,2007,10,9,11,26004KT,11,10
2007-10-09 12:00:00.000,2007,10,9,12,33003KT,11,10
2007-10-09 13:00:00.000,2007,10,9,13,29003KT,11,11
2007-10-09 14:00:00.000,2007,10,9,14,32004KT,12,12
2007-10-09 15:00:00.000,2007,10,9,15,00000KT,13,13
2007-10-09 16:00:00.000,2007,10,9,16,18011KT,14,13
2007-10-09 17:00:00.000,2007,10,9,17,15004KT,15,14
2007-10-09 18:00:00.000,2007,10,9,18,16008KT,15,12
2007-10-09 19:00:00.000,2007,10,9,19,17009KT,16,11
2007-10-09 20:00:00.000,2007,10,9,20,25007KT,13,12
2007-10-09 21:00:00.000,2007,10,9,21,28008KT,14,13
2007-10-09 22:00:00.000,2007,10,9,22,30005KT,14,12
2007-10-09 23:00:00.000,2007,10,9,23,30007KT,13,12
2007-10-10 00:00:00.000,2007,10,10,0,VRB02KT,12,11
2007-10-10 01:00:00.000,2007,10,10,1,VRB02KT,11,10
2007-10-10 02:00:00.000,2007,10,10,2,VRB02KT,10,09
2007-10-10 03:00:00.000,2007,10,10,3,VRB02KT,10,09
2007-10-10 04:00:00.000,2007,10,10,4,00000KT,10,09
2007-10-10 05:00:00.000,2007,10,10,5,00000KT,10,09
2007-10-10 06:00:00.000,2007,10,10,6,VRB02KT,10,09
2007-10-10 10:00:00.000,2007,10,10,10,00000KT,08,08
2007-10-10 11:00:00.000,2007,10,10,11,00000KT,08,08
2007-10-10 12:00:00.000,2007,10,10,12,04004KT,10,10
2007-10-10 13:00:00.000,2007,10,10,13,04003KT,11,10
2007-10-10 14:00:00.000,2007,10,10,14,VRB02KT,14,12
2007-10-10 15:00:00.000,2007,10,10,15,VRB02KT,17,12
2007-10-10 16:00:00.000,2007,10,10,16,02004KT,17,10
2007-10-10 17:00:00.000,2007,10,10,17,25008KT,18,09
2007-10-10 18:00:00.000,2007,10,10,18,23010KT,18,13
2007-10-10 19:00:00.000,2007,10,10,19,28012KT,18,13
2007-10-10 20:00:00.000,2007,10,10,20,05010KT,14,13
2007-10-10 21:00:00.000,2007,10,10,21,26007KT,13,12
2007-10-10 22:00:00.000,2007,10,10,22,VRB02KT,14,12
2007-10-10 23:00:00.000,2007,10,10,23,VRB02KT,12,11
2007-10-11 00:00:00.000,2007,10,11,0,00000KT,11,11
2007-10-11 01:00:00.000,2007,10,11,1,00000KT,10,10
2007-10-11 02:00:00.000,2007,10,11,2,00000KT,11,10
2007-10-11 03:00:00.000,2007,10,11,3,00000KT,10,10
2007-10-11 04:00:00.000,2007,10,11,4,00000KT,10,10
2007-10-11 05:00:00.000,2007,10,11,5,00000KT,10,10
2007-10-11 06:00:00.000,2007,10,11,6,VRB02KT,10,10
2007-10-11 07:00:00.000,2007,10,11,7,00000KT,09,09
2007-10-11 08:00:00.000,2007,10,11,8,00000KT,09,09
2007-10-11 09:00:00.000,2007,10,11,9,00000KT,09,09
2007-10-11 10:00:00.000,2007,10,11,10,00000KT,09,09
2007-10-11 11:00:00.000,2007,10,11,11,00000KT,09,08
2007-10-11 12:00:00.000,2007,10,11,12,02005KT,09,09
2007-10-11 13:00:00.000,2007,10,11,13,03004KT,11,11
2007-10-11 14:00:00.000,2007,10,11,14,VRB02KT,14,13
2007-10-11 15:00:00.000,2007,10,11,15,04003KT,16,13
2007-10-11 16:00:00.000,2007,10,11,16,05004KT,18,11
2007-10-11 17:00:00.000,2007,10,11,17,09003KT,19,11
2007-10-11 18:00:00.000,2007,10,11,18,27011KT,16,14
2007-10-11 19:00:00.000,2007,10,11,19,29014KT,16,14
2007-10-11 20:00:00.000,2007,10,11,20,25005KT,13,13
2007-10-11 21:00:00.000,2007,10,11,21,VRB02KT,13,13
2007-10-11 22:00:00.000,2007,10,11,22,20004KT,14,13
2007-10-11 23:00:00.000,2007,10,11,23,24005KT,13,13
2007-10-12 00:00:00.000,2007,10,12,0,13004KT,11,10
2007-10-12 02:00:00.000,2007,10,12,2,00000KT,10,10
2007-10-12 03:00:00.000,2007,10,12,3,00000KT,10,10
2007-10-12 04:00:00.000,2007,10,12,4,00000KT,10,10
2007-10-12 05:00:00.000,2007,10,12,5,00000KT,10,10
2007-10-12 06:00:00.000,2007,10,12,6,VRB02KT,10,10
2007-10-12 08:00:00.000,2007,10,12,8,00000KT,11,10
2007-10-12 09:00:00.000,2007,10,12,9,00000KT,10,10
2007-10-12 10:00:00.000,2007,10,12,10,00000KT,11,10
2007-10-12 11:00:00.000,2007,10,12,11,00000KT,10,10
2007-10-12 12:00:00.000,2007,10,12,12,VRB02KT,11,11
2007-10-12 13:00:00.000,2007,10,12,13,VRB02KT,12,12
2007-10-12 14:00:00.000,2007,10,12,14,27004KT,14,13
2007-10-12 15:00:00.000,2007,10,12,15,30005KT,15,13
2007-10-12 16:00:00.000,2007,10,12,16,32009KT,16,14
2007-10-12 17:00:00.000,2007,10,12,17,33013KT,15,13
2007-10-12 18:00:00.000,2007,10,12,18,34011KT,16,13
2007-10-12 19:00:00.000,2007,10,12,19,32013KT,16,12
2007-10-12 21:00:00.000,2007,10,12,21,32010KT,17,11
2007-10-12 22:00:00.000,2007,10,12,22,30007KT,16,12
2007-10-12 23:00:00.000,2007,10,12,23,28010KT,14,12
2007-10-16 16:00:00.000,2007,10,16,16,VRB02KT,16,11
2007-10-16 17:00:00.000,2007,10,16,17,13007KT,16,10
2007-10-16 18:00:00.000,2007,10,16,18,14007KT,17,09
2007-10-16 19:00:00.000,2007,10,16,19,31004KT,17,11
2007-10-16 20:00:00.000,2007,10,16,20,27004KT,16,12
2007-10-16 21:00:00.000,2007,10,16,21,26007KT,16,12
2007-10-16 22:00:00.000,2007,10,16,22,30005KT,16,13
2007-10-16 23:00:00.000,2007,10,16,23,28005KT,14,13
2007-10-17 00:00:00.000,2007,10,17,0,27003KT,12,12
2007-10-17 01:00:00.000,2007,10,17,1,35003KT,12,11
2007-10-17 02:00:00.000,2007,10,17,2,VRB02KT,11,11
2007-10-17 03:00:00.000,2007,10,17,3,VRB02KT,11,10
2007-10-17 04:00:00.000,2007,10,17,4,05005KT,11,11
2007-10-17 05:00:00.000,2007,10,17,5,05003KT,11,11
2007-10-17 06:00:00.000,2007,10,17,6,04004KT,11,11
2007-10-17 07:00:00.000,2007,10,17,7,03003KT,11,11
2007-10-17 08:00:00.000,2007,10,17,8,05005KT,11,10
2007-10-17 09:00:00.000,2007,10,17,9,27005KT,10,10
2007-10-17 10:00:00.000,2007,10,17,10,VRB02KT,10,10
2007-10-17 11:00:00.000,2007,10,17,11,00000KT,10,10
2007-10-17 12:00:00.000,2007,10,17,12,05006KT,11,10
2007-10-17 13:00:00.000,2007,10,17,13,04004KT,13,11
2007-10-17 14:00:00.000,2007,10,17,14,11008KT,14,11
2007-10-17 15:00:00.000,2007,10,17,15,16007KT,15,10
2007-10-17 16:00:00.000,2007,10,17,16,13006KT,16,10
2007-10-17 21:00:00.000,2007,10,17,21,34005KT,17,11
2007-10-17 22:00:00.000,2007,10,17,22,33003KT,16,12
2007-10-18 00:00:00.000,2007,10,18,0,23004KT,14,11
2007-10-18 01:00:00.000,2007,10,18,1,00000KT,14,11
2007-10-18 02:00:00.000,2007,10,18,2,15004KT,15,11
2007-10-18 03:00:00.000,2007,10,18,3,03005KT,12,12
2007-10-18 04:00:00.000,2007,10,18,4,05009KT,12,12
2007-10-18 05:00:00.000,2007,10,18,5,09005KT,12,11
2007-10-18 08:00:00.000,2007,10,18,8,04005KT,11,11
2007-10-18 09:00:00.000,2007,10,18,9,VRB02KT,11,10
2007-10-18 10:00:00.000,2007,10,18,10,000000KT,10,10
2007-10-18 11:00:00.000,2007,10,18,11,VRB02KT,10,10
2007-10-18 13:00:00.000,2007,10,18,13,VRB02KT,13,12
2007-10-18 14:00:00.000,2007,10,18,14,00000KT,,
2007-10-18 15:00:00.000,2007,10,18,15,16007KT,31,27
2007-10-18 16:00:00.000,2007,10,18,16,VRB02KT,17,12
2007-10-18 19:00:00.000,2007,10,18,19,23005KT,13,13
2007-10-18 20:00:00.000,2007,10,18,20,24004KT,13,12
2007-10-18 23:00:00.000,2007,10,18,23,32008KT,12,12
2007-10-19 00:00:00.000,2007,10,19,0,35004KT,11,11
2007-10-19 01:00:00.000,2007,10,19,1,03004KT,11,10
2007-10-19 02:00:00.000,2007,10,19,2,00000KT,11,10
2007-10-19 03:00:00.000,2007,10,19,3,00000KT,11,10
2007-10-19 04:00:00.000,2007,10,19,4,00000KT,11,10
2007-10-19 05:00:00.000,2007,10,19,5,01004KT,10,10
2007-10-19 06:00:00.000,2007,10,19,6,VRB02KT,10,10
2007-10-19 07:00:00.000,2007,10,19,7,00000KT,10,10
2007-10-19 08:00:00.000,2007,10,19,8,VRB02KT,10,10
2007-10-19 09:00:00.000,2007,10,19,9,00000KT,10,10
2007-10-19 10:00:00.000,2007,10,19,10,00000KT,10,10
2007-10-19 11:00:00.000,2007,10,19,11,00000KT,10,10
2007-10-19 12:00:00.000,2007,10,19,12,05004KT,11,10
2007-10-19 13:00:00.000,2007,10,19,13,03003KT,13,11
2007-10-19 14:00:00.000,2007,10,19,14,05005KT,15,12
2007-10-19 15:00:00.000,2007,10,19,15,06007KT,16,12
2007-10-19 16:00:00.000,2007,10,19,16,10008KT,17,10
2007-10-19 17:00:00.000,2007,10,19,17,03010KT,17,10
2007-10-19 18:00:00.000,2007,10,19,18,02004KT,18,10
2007-10-19 19:00:00.000,2007,10,19,19,25010KT,18,10
2007-10-19 20:00:00.000,2007,10,19,20,27010KT,14,12
2007-10-19 21:00:00.000,2007,10,19,21,27009KT,14,12
2007-10-19 22:00:00.000,2007,10,19,22,25008KT,15,13
2007-10-19 23:00:00.000,2007,10,19,23,22006KT,13,12
2007-10-20 00:00:00.000,2007,10,20,0,05010KT,12,12
2007-10-20 01:00:00.000,2007,10,20,1,03005KT,12,12
2007-10-20 03:00:00.000,2007,10,20,3,34003KT,11,10
2007-10-20 04:00:00.000,2007,10,20,4,04005KT,11,11
2007-10-20 05:00:00.000,2007,10,20,5,03004KT,11,11
2007-10-20 06:00:00.000,2007,10,20,6,03004KT,10,10
2007-10-20 07:00:00.000,2007,10,20,7,03004KT,10,09
2007-10-20 08:00:00.000,2007,10,20,8,VRB02KT,09,09
2007-10-20 09:00:00.000,2007,10,20,9,03004KT,09,08
2007-10-20 10:00:00.000,2007,10,20,10,00000KT,09,08
2007-10-20 11:00:00.000,2007,10,20,11,VRB02KT,09,09
2007-10-20 12:00:00.000,2007,10,20,12,00000KT,10,10
2007-10-20 13:00:00.000,2007,10,20,13,04003KT,11,10
2007-10-20 14:00:00.000,2007,10,20,14,07005KT,13,11
2007-10-20 15:00:00.000,2007,10,20,15,03005KT,14,12
2007-10-20 16:00:00.000,2007,10,20,16,08004KT,15,11
2007-10-20 17:00:00.000,2007,10,20,17,15005KT,15,11
2007-10-20 18:00:00.000,2007,10,20,18,05004KT,16,11
2007-10-20 19:00:00.000,2007,10,20,19,27004KT,16,11
2007-10-20 20:00:00.000,2007,10,20,20,26005KT,15,12
2007-10-20 21:00:00.000,2007,10,20,21,25005KT,15,12
2007-10-20 22:00:00.000,2007,10,20,22,26008KT,14,12
2007-10-20 23:00:00.000,2007,10,20,23,29005KT,13,12
2007-10-21 00:00:00.000,2007,10,21,0,VRB02KT,12,12
2007-10-21 01:00:00.000,2007,10,21,1,00000KT,12,12
2007-10-21 02:00:00.000,2007,10,21,2,VRB02KT,12,12
2007-10-21 03:00:00.000,2007,10,21,3,03005KT,12,11
2007-10-21 06:00:00.000,2007,10,21,6,VRB02KT,11,11
2007-10-21 07:00:00.000,2007,10,21,7,VRB02KT,11,11
2007-10-21 08:00:00.000,2007,10,21,8,02004KT,10,10
2007-10-21 10:00:00.000,2007,10,21,10,VRB02KT,10,10
2007-10-21 11:00:00.000,2007,10,21,11,02004KT,10,09
2007-10-21 13:00:00.000,2007,10,21,13,09005KT,13,10
2007-10-21 14:00:00.000,2007,10,21,14,14002KT,15,10
2007-10-21 15:00:00.000,2007,10,21,15,06003KT,17,10
2007-10-21 16:00:00.000,2007,10,21,16,05005KT,17,10
2007-10-21 17:00:00.000,2007,10,21,17,32005KT,16,10
2007-10-21 18:00:00.000,2007,10,21,18,24006KT,16,13
2007-10-21 19:00:00.000,2007,10,21,19,30012KT,15,13
2007-10-21 20:00:00.000,2007,10,21,20,03008KT,14,12
2007-10-21 21:00:00.000,2007,10,21,21,28006KT,13,12
2007-10-21 23:00:00.000,2007,10,21,23,08003KT,12,12
2007-10-22 00:00:00.000,2007,10,22,0,27004KT,12,12
2007-10-22 01:00:00.000,2007,10,22,1,30006KT,12,11
2007-10-22 02:00:00.000,2007,10,22,2,30004KT,11,11
2007-10-22 03:00:00.000,2007,10,22,3,29006KT,11,10
2007-10-22 04:00:00.000,2007,10,22,4,VRB02KT,11,11
2007-10-22 05:00:00.000,2007,10,22,5,VRB02KT,11,10
2007-10-22 06:00:00.000,2007,10,22,6,00000KT,11,10
2007-10-22 07:00:00.000,2007,10,22,7,10004KT,10,10
2007-10-22 08:00:00.000,2007,10,22,8,00000KT,10,10
2007-10-22 09:00:00.000,2007,10,22,9,01004KT,10,10
2007-10-22 10:00:00.000,2007,10,22,10,05005KT,10,10
2007-10-22 11:00:00.000,2007,10,22,11,07004KT,11,10
2007-10-22 12:00:00.000,2007,10,22,12,05003KT,11,10
2007-10-22 13:00:00.000,2007,10,22,13,08003KT,12,11
2007-10-22 14:00:00.000,2007,10,22,14,05005KT,14,11
2007-10-22 15:00:00.000,2007,10,22,15,09008KT,16,11
2007-10-22 16:00:00.000,2007,10,22,16,09007KT,17,09
2007-10-22 17:00:00.000,2007,10,22,17,12007KT,18,09
2007-10-22 18:00:00.000,2007,10,22,18,VRB02KT,18,08
2007-10-22 19:00:00.000,2007,10,22,19,25013KT,18,13
2007-10-22 20:00:00.000,2007,10,22,20,25012KT,18,13
2007-10-22 21:00:00.000,2007,10,22,21,25010KT,18,12
2007-10-22 22:00:00.000,2007,10,22,22,22006KT,16,10
2007-10-22 23:00:00.000,2007,10,22,23,25006KT,14,11
2007-10-23 01:00:00.000,2007,10,23,1,VRB02KT,13,12
2007-10-23 02:00:00.000,2007,10,23,2,32004KT,12,12
2007-10-23 03:00:00.000,2007,10,23,3,03004KT,12,11
2007-10-23 04:00:00.000,2007,10,23,4,02005KT,11,11
2007-10-23 05:00:00.000,2007,10,23,5,02004KT,11,11
2007-10-23 06:00:00.000,2007,10,23,6,VRB02KT,11,11
2007-10-23 07:00:00.000,2007,10,23,7,32004KT,11,11
2007-10-23 08:00:00.000,2007,10,23,8,VRB02KT,11,11
2007-10-23 09:00:00.000,2007,10,23,9,02004KT,11,10
2007-10-23 10:00:00.000,2007,10,23,10,VRB02KT,10,10
2007-10-23 11:00:00.000,2007,10,23,11,03005KT,10,10
2007-10-23 12:00:00.000,2007,10,23,12,06004KT,11,11
2007-10-23 13:00:00.000,2007,10,23,13,VRB02KT,15,11
2007-10-23 14:00:00.000,2007,10,23,14,08008KT,16,11
2007-10-23 15:00:00.000,2007,10,23,15,18004KT,16,10
2007-10-23 16:00:00.000,2007,10,23,16,15009KT,17,08
2007-10-23 17:00:00.000,2007,10,23,17,10006KT,19,09
2007-10-23 21:00:00.000,2007,10,23,21,22007KT,16,12
2007-10-23 22:00:00.000,2007,10,23,22,29008KT,15,13
2007-10-23 23:00:00.000,2007,10,23,23,VRB02KT,14,11
2007-10-24 02:00:00.000,2007,10,24,2,00000KT,12,10
2007-10-24 04:00:00.000,2007,10,24,4,00000KT,11,10
2007-10-24 05:00:00.000,2007,10,24,5,VRB02KT,10,09
2007-10-24 08:00:00.000,2007,10,24,8,VRB02KT,09,09
2007-10-24 09:00:00.000,2007,10,24,9,06003KT,10,09
2007-10-24 10:00:00.000,2007,10,24,10,03004KT,09,09
2007-10-24 11:00:00.000,2007,10,24,11,04003KT,09,09
2007-10-24 12:00:00.000,2007,10,24,12,02004KT,11,11
2007-10-24 13:00:00.000,2007,10,24,13,04005KT,12,10
2007-10-24 15:00:00.000,2007,10,24,15,23005KT,16,10
2007-10-24 16:00:00.000,2007,10,24,16,VRB02KT,17,10
2007-10-24 17:00:00.000,2007,10,24,17,23006KT,17,11
2007-10-24 18:00:00.000,2007,10,24,18,29014KT,18,12
2007-10-27 02:00:00.000,2007,10,27,2,25006KT,12,11
2007-10-27 03:00:00.000,2007,10,27,3,35005KT,11,10
2007-10-27 10:00:00.000,2007,10,27,10,00000KT,10,10
2007-10-27 11:00:00.000,2007,10,27,11,00000KT,10,10
2007-10-27 12:00:00.000,2007,10,27,12,VRB02KT,11,10
2007-10-27 23:00:00.000,2007,10,27,23,29005KT,13,12
2007-10-28 00:00:00.000,2007,10,28,0,22005KT,13,12
2007-10-28 01:00:00.000,2007,10,28,1,20004KT,12,12
2007-10-28 02:00:00.000,2007,10,28,2,28004KT,12,11
2007-10-28 03:00:00.000,2007,10,28,3,VRB02KT,11,11
2007-10-28 04:00:00.000,2007,10,28,4,VRB02KT,11,11
2007-10-28 05:00:00.000,2007,10,28,5,34004KT,10,10
2007-10-28 06:00:00.000,2007,10,28,6,23004KT,10,10
2007-10-28 07:00:00.000,2007,10,28,7,VRB02KT,10,10
2007-10-28 08:00:00.000,2007,10,28,8,00000KT,11,11
2007-10-28 09:00:00.000,2007,10,28,9,VRB02KT,11,11
2007-10-28 10:00:00.000,2007,10,28,10,VRB02KT,10,10
2007-10-28 11:00:00.000,2007,10,28,11,00000KT,10,10
2007-10-28 12:00:00.000,2007,10,28,12,VRB02KT,11,10
2007-10-28 13:00:00.000,2007,10,28,13,VRB02KT,13,11
2007-10-28 14:00:00.000,2007,10,28,14,VRB02KT,16,13
2007-10-28 15:00:00.000,2007,10,28,15,27005KT,16,13
2007-10-28 16:00:00.000,2007,10,28,16,30006KT,17,12
2007-10-28 17:00:00.000,2007,10,28,17,31004KT,14,13
2007-10-28 18:00:00.000,2007,10,28,18,32008KT,13,12
2007-10-28 19:00:00.000,2007,10,28,19,07007KT,11,10
2007-10-28 20:00:00.000,2007,10,28,20,VRB02KT,11,10
2007-10-28 22:00:00.000,2007,10,28,22,00000KT,12,11
2007-10-28 23:00:00.000,2007,10,28,23,34003KT,12,11
2007-10-29 00:00:00.000,2007,10,29,0,00000KT,12,11
2007-10-29 01:00:00.000,2007,10,29,1,00000KT,11,11
2007-10-29 02:00:00.000,2007,10,29,2,00000KT,11,11
2007-10-29 03:00:00.000,2007,10,29,3,00000KT,11,11
2007-10-29 04:00:00.000,2007,10,29,4,00000KT,11,11
2007-10-29 05:00:00.000,2007,10,29,5,00000KT,11,11
2007-10-29 07:00:00.000,2007,10,29,7,00000KT,11,11
2007-10-29 08:00:00.000,2007,10,29,8,00000KT,10,09
2007-10-29 09:00:00.000,2007,10,29,9,00000KT,10,10
2007-10-29 10:00:00.000,2007,10,29,10,00000KT,10,10
2007-10-29 11:00:00.000,2007,10,29,11,00000KT,10,10
2007-10-29 12:00:00.000,2007,10,29,12,00000KT,11,11
2007-10-29 13:00:00.000,2007,10,29,13,03005KT,12,12
2007-10-29 14:00:00.000,2007,10,29,14,00000KT,14,13
2007-10-29 15:00:00.000,2007,10,29,15,VRB02KT,16,13
2007-10-29 16:00:00.000,2007,10,29,16,10007KT,16,12
2007-10-29 17:00:00.000,2007,10,29,17,13004KT,18,12
2007-10-29 18:00:00.000,2007,10,29,18,25004KT,18,13
2007-10-29 19:00:00.000,2007,10,29,19,23005KT,16,14
2007-10-29 20:00:00.000,2007,10,29,20,28004KT,12,12
2007-10-29 21:00:00.000,2007,10,29,21,30004KT,12,12
2007-10-29 22:00:00.000,2007,10,29,22,VRB02KT,12,11
2007-10-29 23:00:00.000,2007,10,29,23,00000KT,11,11
2007-10-30 01:00:00.000,2007,10,30,1,05003KT,12,11
2007-10-30 02:00:00.000,2007,10,30,2,10004KT,12,11
2007-10-30 03:00:00.000,2007,10,30,3,13003KT,12,11
2007-10-30 04:00:00.000,2007,10,30,4,VRB02KT,12,11
2007-10-30 05:00:00.000,2007,10,30,5,00000KT,11,10
2007-10-30 06:00:00.000,2007,10,30,6,VRB02KT,10,09
2007-10-30 07:00:00.000,2007,10,30,7,VRB02KT,09,09
2007-10-30 09:00:00.000,2007,10,30,9,04004KT,10,09
2007-10-30 10:00:00.000,2007,10,30,10,05003KT,09,08
2007-10-30 11:00:00.000,2007,10,30,11,33003KT,08,08
2007-10-30 12:00:00.000,2007,10,30,12,VRB03KT,10,09
2007-10-30 13:00:00.000,2007,10,30,13,VRB02KT,12,11
2007-10-30 14:00:00.000,2007,10,30,14,00000KT,13,12
2007-10-30 15:00:00.000,2007,10,30,15,00000KT,14,11
2007-10-30 16:00:00.000,2007,10,30,16,31004KT,15,14
2007-10-30 17:00:00.000,2007,10,30,17,03005KT,14,12
2007-10-30 18:00:00.000,2007,10,30,18,01004KT,12,12
2007-10-30 19:00:00.000,2007,10,30,19,00000KT,28,22
2007-10-30 20:00:00.000,2007,10,30,20,26007KT,14,13
2007-10-30 21:00:00.000,2007,10,30,21,VRB02KT,15,14
2007-10-30 22:00:00.000,2007,10,30,22,VRB02KT,15,13
2007-10-30 23:00:00.000,2007,10,30,23,VRB02KT,14,12
2007-10-31 00:00:00.000,2007,10,31,0,00000KT,13,11
2007-10-31 01:00:00.000,2007,10,31,1,33003KT,12,11
2007-10-31 02:00:00.000,2007,10,31,2,VRB02KT,12,11
2007-10-31 03:00:00.000,2007,10,31,3,VRB02KT,12,11
2007-10-31 04:00:00.000,2007,10,31,4,VRB02KT,11,10
2007-10-31 05:00:00.000,2007,10,31,5,34003KT,11,10
2007-10-31 06:00:00.000,2007,10,31,6,00000KT,10,10
2007-10-31 07:00:00.000,2007,10,31,7,00000KT,10,10
2007-10-31 09:00:00.000,2007,10,31,9,00000KT,10,09
2007-10-31 11:00:00.000,2007,10,31,11,02004KT,09,09
2007-10-31 12:00:00.000,2007,10,31,12,VRB02KT,11,10
2007-10-31 13:00:00.000,2007,10,31,13,VRB02KT,14,11
2007-10-31 14:00:00.000,2007,10,31,14,02003KT,15,12
2007-10-31 15:00:00.000,2007,10,31,15,02006KT,17,12
2007-10-31 16:00:00.000,2007,10,31,16,33005KT,17,11
2007-10-31 17:00:00.000,2007,10,31,17,21010KT,16,13
2007-10-31 18:00:00.000,2007,10,31,18,27009KT,16,13
2007-10-31 19:00:00.000,2007,10,31,19,29010KT,14,13
2007-10-31 21:00:00.000,2007,10,31,21,23006KT,16,13
2007-10-31 22:00:00.000,2007,10,31,22,18006KT,13,12
2007-10-31 23:00:00.000,2007,10,31,23,31005KT,12,11
2007-11-01 00:00:00.000,2007,11,1,0,27005kt,11,10
2007-11-01 01:00:00.000,2007,11,1,1,VRB02KT,10,10
2007-11-01 02:00:00.000,2007,11,1,2,00000KT,10,10
2007-11-01 03:00:00.000,2007,11,1,3,00000KT,11,10
2007-11-01 04:00:00.000,2007,11,1,4,00000KT,10,10
2007-11-01 05:00:00.000,2007,11,1,5,00000KT,10,09
2007-11-01 06:00:00.000,2007,11,1,6,33004KT,10,10
2007-11-01 07:00:00.000,2007,11,1,7,00000KT,10,10
2007-11-01 08:00:00.000,2007,11,1,8,34004KT,10,10
2007-11-01 09:00:00.000,2007,11,1,9,00000KT,10,10
2007-11-01 10:00:00.000,2007,11,1,10,00000KT,10,10
2007-11-01 11:00:00.000,2007,11,1,11,00000KT,11,10
2007-11-01 12:00:00.000,2007,11,1,12,VRB02KT,11,11
2007-11-01 13:00:00.000,2007,11,1,13,VRB02KT,12,12
2007-11-01 14:00:00.000,2007,11,1,14,27003KT,14,12
2007-11-01 15:00:00.000,2007,11,1,15,30004KT,16,12
2007-11-01 16:00:00.000,2007,11,1,16,33006KT,17,13
2007-11-01 17:00:00.000,2007,11,1,17,30007KT,17,11
2007-11-01 18:00:00.000,2007,11,1,18,26012KT,18,12
2007-11-01 19:00:00.000,2007,11,1,19,30006KT,16,13
2007-11-01 20:00:00.000,2007,11,1,20,15008KT,12,12
2007-11-01 21:00:00.000,2007,11,1,21,21004KT,13,12
2007-11-01 22:00:00.000,2007,11,1,22,21004KT,13,12
2007-11-01 23:00:00.000,2007,11,1,23,27003KT,13,12
2007-11-02 00:00:00.000,2007,11,2,0,30006KT,12,12
2007-11-02 01:00:00.000,2007,11,2,1,29005KT,12,12
2007-11-02 02:00:00.000,2007,11,2,2,32004KT,12,12
2007-11-06 00:00:00.000,2007,11,6,0,26005KT,14,13
2007-11-06 02:00:00.000,2007,11,6,2,VRB02KT,13,12
2007-11-06 15:00:00.000,2007,11,6,15,06006KT,16,12
2007-11-06 22:00:00.000,2007,11,6,22,24006KT,14,14
2007-11-07 01:00:00.000,2007,11,7,1,VRB02KT,12,12
2007-11-07 02:00:00.000,2007,11,7,2,00000KT,11,11
2007-11-07 03:00:00.000,2007,11,7,3,00000KT,12,11
2007-11-07 05:00:00.000,2007,11,7,5,00000KT,11,11
2007-11-07 06:00:00.000,2007,11,7,6,00000KT,11,11
2007-11-07 07:00:00.000,2007,11,7,7,00000KT,10,10
2007-11-07 09:00:00.000,2007,11,7,9,VRB02KT,10,10
2007-11-07 12:00:00.000,2007,11,7,12,00000KT,09,09
2007-11-07 13:00:00.000,2007,11,7,13,10004KT,14,13
2007-11-07 14:00:00.000,2007,11,7,14,VRB02KT,15,12
2007-11-07 15:00:00.000,2007,11,7,15,11004KT,16,11
2007-11-07 16:00:00.000,2007,11,7,16,36003KT,16,10
2007-11-07 17:00:00.000,2007,11,7,17,VRB02KT,15,12
2007-11-07 18:00:00.000,2007,11,7,18,02008KT,18,09
2007-11-07 19:00:00.000,2007,11,7,19,07008KT,18,09
2007-11-07 20:00:00.000,2007,11,7,20,24008KT,17,13
2007-11-07 21:00:00.000,2007,11,7,21,26012KT,16,13
2007-11-07 22:00:00.000,2007,11,7,22,27007KT,15,13
2007-11-07 23:00:00.000,2007,11,7,23,27006KT,14,13
2007-11-08 00:00:00.000,2007,11,8,0,VRB02KT,13,13
2007-11-08 01:00:00.000,2007,11,8,1,26004KT,13,13
2007-11-08 02:00:00.000,2007,11,8,2,VRB02KT,13,13
2007-11-08 03:00:00.000,2007,11,8,3,00000KT,13,12
2007-11-08 04:00:00.000,2007,11,8,4,31004KT,12,12
2007-11-08 05:00:00.000,2007,11,8,5,00000KT,12,12
2007-11-08 06:00:00.000,2007,11,8,6,00000KT,12,11
2007-11-08 07:00:00.000,2007,11,8,7,VRB02KT,12,11
2007-11-08 08:00:00.000,2007,11,8,8,35004KT,11,11
2007-11-08 09:00:00.000,2007,11,8,9,VRB02KT,11,11
2007-11-08 10:00:00.000,2007,11,8,10,00000KT,11,11
2007-11-08 11:00:00.000,2007,11,8,11,VRB02KT,11,11
2007-11-08 12:00:00.000,2007,11,8,12,30003KT,12,11
2007-11-08 13:00:00.000,2007,11,8,13,33004KT,12,11
2007-11-08 14:00:00.000,2007,11,8,14,30005KT,12,11
2007-11-08 15:00:00.000,2007,11,8,15,30004KT,12,11
2007-11-08 16:00:00.000,2007,11,8,16,25007KT,14,12
2007-11-08 17:00:00.000,2007,11,8,17,27008KT,12,11
2007-11-08 18:00:00.000,2007,11,8,18,VRB02KT,12,11
2007-11-08 19:00:00.000,2007,11,8,19,VRB02KT,15,13
2007-11-08 20:00:00.000,2007,11,8,20,00000KT,17,13
2007-11-08 21:00:00.000,2007,11,8,21,VRB02KT,17,12
2007-11-08 22:00:00.000,2007,11,8,22,02004KT,17,13
2007-11-08 23:00:00.000,2007,11,8,23,04007KT,15,13
2007-11-09 00:00:00.000,2007,11,9,0,25004KT,14,12
2007-11-09 01:00:00.000,2007,11,9,1,VRB02KT,13,13
2007-11-09 02:00:00.000,2007,11,9,2,VRB02KT,13,13
2007-11-09 03:00:00.000,2007,11,9,3,VRB02KT,12,12
2007-11-09 04:00:00.000,2007,11,9,4,35004KT,12,12
2007-11-09 05:00:00.000,2007,11,9,5,11004KT,13,11
2007-11-09 06:00:00.000,2007,11,9,6,00000KT,12,11
2007-11-09 07:00:00.000,2007,11,9,7,00000KT,11,11
2007-11-09 08:00:00.000,2007,11,9,8,07004KT,11,10
2007-11-09 09:00:00.000,2007,11,9,9,00000KT,11,11
2007-11-09 10:00:00.000,2007,11,9,10,00000KT,10,10
2007-11-09 11:00:00.000,2007,11,9,11,00000KT,10,09
2007-11-09 12:00:00.000,2007,11,9,12,05005KT,11,10
2007-11-09 13:00:00.000,2007,11,9,13,04005KT,12,10
2007-11-09 14:00:00.000,2007,11,9,14,04005KT,14,11
2007-11-09 15:00:00.000,2007,11,9,15,34006KT,15,11
2007-11-09 16:00:00.000,2007,11,9,16,33005KT,16,11
2007-11-09 17:00:00.000,2007,11,9,17,36004KT,17,12
2007-11-09 18:00:00.000,2007,11,9,18,06010KT,14,12
2007-11-09 19:00:00.000,2007,11,9,19,04013KT,14,12
2007-11-09 20:00:00.000,2007,11,9,20,01006KT,14,13
2007-11-09 21:00:00.000,2007,11,9,21,31006KT,13,12
2007-11-09 22:00:00.000,2007,11,9,22,27008KT,13,12
2007-11-10 00:00:00.000,2007,11,10,0,27004KT,12,12
2007-11-10 01:00:00.000,2007,11,10,1,00000KT,12,12
2007-11-10 02:00:00.000,2007,11,10,2,00000KT,11,11
2007-11-10 03:00:00.000,2007,11,10,3,00000KT,11,11
2007-11-10 04:00:00.000,2007,11,10,4,00000KT,10,10
2007-11-10 05:00:00.000,2007,11,10,5,36004KT,09,09
2007-11-10 06:00:00.000,2007,11,10,6,VRB02KT,09,08
2007-11-10 07:00:00.000,2007,11,10,7,VRB02KT,08,08
2007-11-10 08:00:00.000,2007,11,10,8,VRB02KT,07,07
2007-11-10 10:00:00.000,2007,11,10,10,32003KT,07,06
2007-11-10 11:00:00.000,2007,11,10,11,VRB02KT,06,06
2007-11-10 12:00:00.000,2007,11,10,12,VRB02KT,07,06
2007-11-10 13:00:00.000,2007,11,10,13,VRB02KT,10,10
2007-11-10 14:00:00.000,2007,11,10,14,03005KT,13,11
2007-11-10 15:00:00.000,2007,11,10,15,04004KT,16,10
2007-11-10 16:00:00.000,2007,11,10,16,02004KT,18,10
2007-11-10 17:00:00.000,2007,11,10,17,VRB02KT,18,10
2007-11-10 19:00:00.000,2007,11,10,19,28008KT,12,11
2007-11-10 20:00:00.000,2007,11,10,20,22003KT,12,11
2007-11-10 21:00:00.000,2007,11,10,21,25003KT,14,12
2007-11-10 22:00:00.000,2007,11,10,22,27005KT,14,12
2007-11-10 23:00:00.000,2007,11,10,23,27003KT,12,11
2007-11-11 00:00:00.000,2007,11,11,0,31006KT,12,11
2007-11-11 01:00:00.000,2007,11,11,1,23004KT,12,11
2007-11-11 02:00:00.000,2007,11,11,2,21008KT,12,11
2007-11-11 04:00:00.000,2007,11,11,4,VRB02KT,11,10
2007-11-11 05:00:00.000,2007,11,11,5,VRB02KT,09,09
2007-11-11 06:00:00.000,2007,11,11,6,34003KT,10,09
2007-11-11 07:00:00.000,2007,11,11,7,VRB02KT,10,09
2007-11-11 08:00:00.000,2007,11,11,8,VRB02KT,10,10
2007-11-11 09:00:00.000,2007,11,11,9,VRB02KT,09,08
2007-11-11 10:00:00.000,2007,11,11,10,VRB02KT,08,08
2007-11-11 12:00:00.000,2007,11,11,12,36007KT,09,09
2007-11-11 14:00:00.000,2007,11,11,14,03005KT,14,12
2007-11-11 15:00:00.000,2007,11,11,15,01004KT,16,11
2007-11-11 16:00:00.000,2007,11,11,16,03008KT,17,10
2007-11-11 17:00:00.000,2007,11,11,17,03008KT,18,09
2007-11-11 18:00:00.000,2007,11,11,18,06004KT,19,05
2007-11-11 19:00:00.000,2007,11,11,19,26012KT,18,12
2007-11-11 20:00:00.000,2007,11,11,20,27012KT,17,14
2007-11-11 21:00:00.000,2007,11,11,21,28010KT,15,13
2007-11-11 22:00:00.000,2007,11,11,22,27006KT,14,13
2007-11-11 23:00:00.000,2007,11,11,23,27004KT,14,13
2007-11-12 01:00:00.000,2007,11,12,1,VRB02KT,12,12
2007-11-12 02:00:00.000,2007,11,12,2,VRB02KT,12,12
2007-11-12 03:00:00.000,2007,11,12,3,35004KT,12,11
2007-11-12 04:00:00.000,2007,11,12,4,23004KT,11,11
2007-11-12 05:00:00.000,2007,11,12,5,00000KT,11,11
2007-11-12 06:00:00.000,2007,11,12,6,00000KT,11,10
2007-11-12 07:00:00.000,2007,11,12,7,VRB02KT,09,09
2007-11-12 08:00:00.000,2007,11,12,8,00000KT,10,09
2007-11-12 09:00:00.000,2007,11,12,9,01004KT,09,09
2007-11-12 11:00:00.000,2007,11,12,11,29004KT,08,08
2007-11-12 12:00:00.000,2007,11,12,12,04003KT,09,09
2007-11-12 13:00:00.000,2007,11,12,13,05004KT,13,11
2007-11-12 14:00:00.000,2007,11,12,14,04006KT,14,11
2007-11-12 15:00:00.000,2007,11,12,15,04007KT,15,11
2007-11-12 16:00:00.000,2007,11,12,16,04008KT,15,11
2007-11-12 17:00:00.000,2007,11,12,17,05008KT,15,11
2007-11-12 18:00:00.000,2007,11,12,18,11007KT,16,12
2007-11-12 19:00:00.000,2007,11,12,19,23006KT,17,11
2007-11-12 20:00:00.000,2007,11,12,20,05004KT,17,11
2007-11-12 21:00:00.000,2007,11,12,21,08008KT,17,10
2007-11-12 22:00:00.000,2007,11,12,22,13008KT,17,08
2007-11-12 23:00:00.000,2007,11,12,23,10004KT,16,08
2007-11-13 00:00:00.000,2007,11,13,0,30004KT,13,13
2007-11-13 01:00:00.000,2007,11,13,1,30004KT,12,12
2007-11-13 02:00:00.000,2007,11,13,2,00000KT,11,11
2007-11-13 03:00:00.000,2007,11,13,3,VRB02KT,11,11
2007-11-13 04:00:00.000,2007,11,13,4,VRB02KT,10,10
2007-11-13 05:00:00.000,2007,11,13,5,VRB02KT,10,09
2007-11-13 06:00:00.000,2007,11,13,6,00000KT,10,09
2007-11-13 07:00:00.000,2007,11,13,7,VRB02KT,09,09
2007-11-13 08:00:00.000,2007,11,13,8,28004KT,08,07
2007-11-13 09:00:00.000,2007,11,13,9,31003KT,08,07
2007-11-13 10:00:00.000,2007,11,13,10,30004KT,07,07
2007-11-13 11:00:00.000,2007,11,13,11,VRB02KT,08,08
2007-11-13 12:00:00.000,2007,11,13,12,31004KT,08,08
2007-11-13 13:00:00.000,2007,11,13,13,33004KT,12,11
2007-11-13 14:00:00.000,2007,11,13,14,02005KT,15,11
2007-11-13 15:00:00.000,2007,11,13,15,05005KT,17,11
2007-11-13 16:00:00.000,2007,11,13,16,06004KT,18,10
2007-11-13 17:00:00.000,2007,11,13,17,01006KT,18,09
2007-11-13 18:00:00.000,2007,11,13,18,26007KT,16,13
2007-11-13 19:00:00.000,2007,11,13,19,29007KT,15,13
2007-11-13 21:00:00.000,2007,11,13,21,20004KT,17,13
2007-11-13 22:00:00.000,2007,11,13,22,25007KT,16,13
2007-11-13 23:00:00.000,2007,11,13,23,26007KT,14,12
2007-11-14 00:00:00.000,2007,11,14,0,29003KT,14,12
2007-11-14 01:00:00.000,2007,11,14,1,22004KT,13,12
2007-11-14 02:00:00.000,2007,11,14,2,34004KT,13,12
2007-11-14 04:00:00.000,2007,11,14,4,33004KT,12,11
2007-11-14 05:00:00.000,2007,11,14,5,05003KT,12,11
2007-11-14 07:00:00.000,2007,11,14,7,VRB02KT,11,10
2007-11-14 08:00:00.000,2007,11,14,8,00000KT,11,10
2007-11-14 10:00:00.000,2007,11,14,10,VRB02KT,11,10
2007-11-14 11:00:00.000,2007,11,14,11,00000KT,10,10
2007-11-14 12:00:00.000,2007,11,14,12,VRB02KT,12,11
2007-11-14 13:00:00.000,2007,11,14,13,VRB02KT,14,12
2007-11-14 14:00:00.000,2007,11,14,14,03005KT,16,10
2007-11-14 15:00:00.000,2007,11,14,15,02006KT,17,08
2007-11-14 16:00:00.000,2007,11,14,16,09008KT,19,04
2007-11-14 20:00:00.000,2007,11,14,20,30012KT,16,13
2007-11-14 22:00:00.000,2007,11,14,22,28008KT,16,12
2007-11-15 00:00:00.000,2007,11,15,0,VRB02KT,14,12
2007-11-15 03:00:00.000,2007,11,15,3,03003KT,11,10
2007-11-15 07:00:00.000,2007,11,15,7,29004KT,08,08
2007-11-15 09:00:00.000,2007,11,15,9,06006KT,08,08
2007-11-15 11:00:00.000,2007,11,15,11,VRB02KT,07,07
2007-11-15 14:00:00.000,2007,11,15,14,05005KT,15,07
2007-11-15 15:00:00.000,2007,11,15,15,10004KT,17,06
2007-11-15 16:00:00.000,2007,11,15,16,07008KT,17,06
2007-11-15 17:00:00.000,2007,11,15,17,12007KT,16,07
2007-11-15 18:00:00.000,2007,11,15,18,18007KT,18,08
2007-11-15 19:00:00.000,2007,11,15,19,VRB02KT,17,08
2007-11-15 20:00:00.000,2007,11,15,20,02008KT,16,08
2007-11-15 21:00:00.000,2007,11,15,21,28006KT,15,11
2007-11-15 22:00:00.000,2007,11,15,22,30006KT,14,11
2007-11-15 23:00:00.000,2007,11,15,23,26007KT,14,11
2007-11-16 00:00:00.000,2007,11,16,0,00000KT,13,12
2007-11-16 01:00:00.000,2007,11,16,1,02004KT,13,12
2007-11-16 02:00:00.000,2007,11,16,2,00000KT,13,13
2007-11-16 03:00:00.000,2007,11,16,3,02007KT,13,11
2007-11-16 04:00:00.000,2007,11,16,4,VRB02KT,13,11
2007-11-16 05:00:00.000,2007,11,16,5,VRB02KT,12,11
2007-11-16 06:00:00.000,2007,11,16,6,00000KT,12,11
2007-11-16 07:00:00.000,2007,11,16,7,VRB02KT,11,11
2007-11-16 08:00:00.000,2007,11,16,8,VRB02KT,12,11
2007-11-16 09:00:00.000,2007,11,16,9,00000KT,11,11
2007-11-16 11:00:00.000,2007,11,16,11,03004KT,11,10
2007-11-16 12:00:00.000,2007,11,16,12,05005KT,12,10
2007-11-16 13:00:00.000,2007,11,16,13,02008KT,14,13
2007-11-16 14:00:00.000,2007,11,16,14,06007KT,16,12
2007-11-16 15:00:00.000,2007,11,16,15,07010KT,16,11
2007-11-16 16:00:00.000,2007,11,16,16,08006KT,15,11
2007-11-16 17:00:00.000,2007,11,16,17,06006KT,16,13
2007-11-16 18:00:00.000,2007,11,16,18,12005KT,17,11
2007-11-16 19:00:00.000,2007,11,16,19,07005KT,16,11
2007-11-16 20:00:00.000,2007,11,16,20,04008KT,17,12
2007-11-16 21:00:00.000,2007,11,16,21,060067KT,16,11
2007-11-16 22:00:00.000,2007,11,16,22,05006KT,16,11
2007-11-16 23:00:00.000,2007,11,16,23,08006KT,16,10
2007-11-17 14:00:00.000,2007,11,17,14,VRB02KT,12,12
2007-11-17 15:00:00.000,2007,11,17,15,11005KT,14,13
2007-11-17 16:00:00.000,2007,11,17,16,11014KT,16,11
2007-11-17 17:00:00.000,2007,11,17,17,14012KT,15,11
2007-11-17 18:00:00.000,2007,11,17,18,15015KT,15,11
2007-11-17 19:00:00.000,2007,11,17,19,15014KT,15,10
2007-11-17 20:00:00.000,2007,11,17,20,14012KT,15,10
2007-11-17 21:00:00.000,2007,11,17,21,15008KT,15,10
2007-11-17 22:00:00.000,2007,11,17,22,15012KT,14,10
2007-11-17 23:00:00.000,2007,11,17,23,14008KT,13,10
2007-11-18 00:00:00.000,2007,11,18,0,08008KT,13,09
2007-11-18 02:00:00.000,2007,11,18,2,13008KT,12,09
2007-11-18 03:00:00.000,2007,11,18,3,VRB02KT,11,10
2007-11-18 04:00:00.000,2007,11,18,4,00000KT,11,10
2007-11-18 05:00:00.000,2007,11,18,5,VRB02KT,10,09
2007-11-18 06:00:00.000,2007,11,18,6,12003KT,11,09
2007-11-18 07:00:00.000,2007,11,18,7,00000KT,09,09
2007-11-18 08:00:00.000,2007,11,18,8,00000KT,08,08
2007-11-18 10:00:00.000,2007,11,18,10,03006KT,10,09
2007-11-18 11:00:00.000,2007,11,18,11,34003KT,10,09
2007-11-18 12:00:00.000,2007,11,18,12,VRB02KT,11,10
2007-11-18 13:00:00.000,2007,11,18,13,07006KT,12,11
2007-11-18 14:00:00.000,2007,11,18,14,07004KT,13,11
2007-11-18 15:00:00.000,2007,11,18,15,15008KT,15,11
2007-11-18 16:00:00.000,2007,11,18,16,12017KT,16,09
2007-11-18 17:00:00.000,2007,11,18,17,13015KT,17,09
2007-11-18 18:00:00.000,2007,11,18,18,11014KT,16,07
2007-11-18 19:00:00.000,2007,11,18,19,08012KT,16,07
2007-11-18 20:00:00.000,2007,11,18,20,12012KT,16,06
2007-11-18 21:00:00.000,2007,11,18,21,11009KT,16,06
2007-11-18 22:00:00.000,2007,11,18,22,11010KT,15,06
2007-11-18 23:00:00.000,2007,11,18,23,11008KT,14,07
2007-11-19 00:00:00.000,2007,11,19,0,09005KT,13,08
2007-11-19 01:00:00.000,2007,11,19,1,09005KT,12,08
2007-11-19 02:00:00.000,2007,11,19,2,02004KT,09,08
2007-11-19 03:00:00.000,2007,11,19,3,VRB02KT,08,08
2007-11-19 04:00:00.000,2007,11,19,4,00000KT,08,08
2007-11-19 05:00:00.000,2007,11,19,5,VRB02KT,08,07
2007-11-19 06:00:00.000,2007,11,19,6,VRB02KT,08,07
2007-11-19 07:00:00.000,2007,11,19,7,VRB02KT,06,06
2007-11-19 08:00:00.000,2007,11,19,8,00000KT,06,06
2007-11-19 09:00:00.000,2007,11,19,9,06004KT,07,06
2007-11-19 10:00:00.000,2007,11,19,10,03004KT,09,08
2007-11-19 11:00:00.000,2007,11,19,11,02005KT,08,08
2007-11-19 12:00:00.000,2007,11,19,12,07006KT,10,09
2007-11-19 13:00:00.000,2007,11,19,13,VRB02KT,12,10
2007-11-19 14:00:00.000,2007,11,19,14,12014KT,16,07
2007-11-19 15:00:00.000,2007,11,19,15,13014KT,16,07
2007-11-19 16:00:00.000,2007,11,19,16,12014KT,17,07
2007-11-19 17:00:00.000,2007,11,19,17,12014KT,17,07
2007-11-19 18:00:00.000,2007,11,19,18,09012KT,16,08
2007-11-19 19:00:00.000,2007,11,19,19,17010KT,17,08
2007-11-19 20:00:00.000,2007,11,19,20,15014KT,17,07
2007-11-19 21:00:00.000,2007,11,19,21,12010KT,16,07
2007-11-19 22:00:00.000,2007,11,19,22,13008KT,16,07
2007-11-19 23:00:00.000,2007,11,19,23,11008KT,15,08
2007-11-20 00:00:00.000,2007,11,20,0,36005KT,11,08
2007-11-20 01:00:00.000,2007,11,20,1,01005KT,11,07
2007-11-20 02:00:00.000,2007,11,20,2,06004KT,10,06
2007-11-20 03:00:00.000,2007,11,20,3,01005KT,09,06
2007-11-20 04:00:00.000,2007,11,20,4,04004KT,08,07
2007-11-20 05:00:00.000,2007,11,20,5,29004KT,07,06
2007-11-20 06:00:00.000,2007,11,20,6,00000KT,06,06
2007-11-20 07:00:00.000,2007,11,20,7,00000KT,05,05
2007-11-20 08:00:00.000,2007,11,20,8,00000KT,05,05
2007-11-20 09:00:00.000,2007,11,20,9,02004KT,04,03
2007-11-20 10:00:00.000,2007,11,20,10,00000KT,05,05
2007-11-20 11:00:00.000,2007,11,20,11,VRB02KT,03,03
2007-11-20 13:00:00.000,2007,11,20,13,02007KT,11,07
2007-11-20 14:00:00.000,2007,11,20,14,01007KT,14,09
2007-11-20 15:00:00.000,2007,11,20,15,12003KT,16,08
2007-11-20 16:00:00.000,2007,11,20,16,14005KT,18,08
2007-11-20 17:00:00.000,2007,11,20,17,07007KT,19,07
2007-11-20 18:00:00.000,2007,11,20,18,09007KT,19,07
2007-11-20 19:00:00.000,2007,11,20,19,21008KT,19,07
2007-11-20 20:00:00.000,2007,11,20,20,27010KT,18,12
2007-11-20 21:00:00.000,2007,11,20,21,28007KT,17,12
2007-11-20 22:00:00.000,2007,11,20,22,28007KT,14,11
2007-11-20 23:00:00.000,2007,11,20,23,VRB02KT,12,11
2007-11-21 00:00:00.000,2007,11,21,0,00000KT,11,11
2007-11-21 01:00:00.000,2007,11,21,1,13004KT,12,11
2007-11-21 02:00:00.000,2007,11,21,2,00000KT,10,10
2007-11-21 03:00:00.000,2007,11,21,3,03004KT,09,09
2007-11-21 04:00:00.000,2007,11,21,4,35004KT,09,09
2007-11-21 05:00:00.000,2007,11,21,5,24004KT,08,08
2007-11-21 06:00:00.000,2007,11,21,6,00000KT,07,07
2007-11-21 07:00:00.000,2007,11,21,7,00000KT,07,06
2007-11-21 08:00:00.000,2007,11,21,8,00000KT,06,06
2007-11-21 09:00:00.000,2007,11,21,9,27004KT,05,05
2007-11-21 10:00:00.000,2007,11,21,10,00000KT,05,04
2007-11-21 11:00:00.000,2007,11,21,11,00000KT,04,04
2007-11-21 12:00:00.000,2007,11,21,12,00000KT,05,05
2007-11-21 13:00:00.000,2007,11,21,13,VRB02KT,09,09
2007-11-21 15:00:00.000,2007,11,21,15,VRB02KT,16,10
2007-11-21 16:00:00.000,2007,11,21,16,VRB02KT,17,10
2007-11-21 17:00:00.000,2007,11,21,17,25011KT,18,12
2007-11-21 18:00:00.000,2007,11,21,18,24011KT,18,13
2007-11-21 20:00:00.000,2007,11,21,20,32006KT,14,14
2007-11-21 21:00:00.000,2007,11,21,21,VRB02KT,15,14
2007-11-21 22:00:00.000,2007,11,21,22,33003KT,15,14
2007-11-21 23:00:00.000,2007,11,21,23,27004KT,13,13
2007-11-22 00:00:00.000,2007,11,22,0,VRB02KT,13,12
2007-11-22 01:00:00.000,2007,11,22,1,01004KT,12,12
2007-11-22 02:00:00.000,2007,11,22,2,01004KT,12,12
2007-11-22 03:00:00.000,2007,11,22,3,00000KT,11,11
2007-11-22 04:00:00.000,2007,11,22,4,VRB02KT,11,11
2007-11-22 05:00:00.000,2007,11,22,5,VRB02KT,10,09
2007-11-22 06:00:00.000,2007,11,22,6,35004KT,11,11
2007-11-22 07:00:00.000,2007,11,22,7,VRB02KT,11,10
2007-11-22 08:00:00.000,2007,11,22,8,03004KT,10,10
2007-11-22 09:00:00.000,2007,11,22,9,00000KT,11,10
2007-11-22 10:00:00.000,2007,11,22,10,VRB02KT,10,09
2007-11-22 12:00:00.000,2007,11,22,12,VRB02KT,09,08
2007-11-22 13:00:00.000,2007,11,22,13,04004KT,11,10
2007-11-22 14:00:00.000,2007,11,22,14,08004KT,14,12
2007-11-22 15:00:00.000,2007,11,22,15,08004KT,16,13
2007-11-22 16:00:00.000,2007,11,22,16,03004KT,17,12
2007-11-22 17:00:00.000,2007,11,22,17,30006KT,17,11
2007-11-22 18:00:00.000,2007,11,22,18,11007KT,19,10
2007-11-22 19:00:00.000,2007,11,22,19,07009KT,17,11
2007-11-22 20:00:00.000,2007,11,22,20,27007KT,16,13
2007-11-22 21:00:00.000,2007,11,22,21,27007KT,17,14
2007-11-22 22:00:00.000,2007,11,22,22,30007KT,16,14
2007-11-22 23:00:00.000,2007,11,22,23,30005KT,14,14
2007-11-23 00:00:00.000,2007,11,23,0,30005KT,13,13
2007-11-23 01:00:00.000,2007,11,23,1,25003KT,13,13
2007-11-23 02:00:00.000,2007,11,23,2,33005KT,13,13
2007-11-23 03:00:00.000,2007,11,23,3,35003KT,12,12
2007-11-23 04:00:00.000,2007,11,23,4,34006KT,11,11
2007-11-23 05:00:00.000,2007,11,23,5,31003KT,11,11
2007-11-23 06:00:00.000,2007,11,23,6,15003KT,11,11
2007-11-23 07:00:00.000,2007,11,23,7,17003KT,11,11
2007-11-23 09:00:00.000,2007,11,23,9,36004KT,11,11
2007-11-23 10:00:00.000,2007,11,23,10,VRB02KT,11,10
2007-11-23 11:00:00.000,2007,11,23,11,33003KT,10,10
2007-11-23 12:00:00.000,2007,11,23,12,02003KT,12,11
2007-11-23 13:00:00.000,2007,11,23,13,21003KT,15,13
2007-11-23 15:00:00.000,2007,11,23,15,05008KT,17,13
2007-11-23 16:00:00.000,2007,11,23,16,10010KT,17,10
2007-11-23 17:00:00.000,2007,11,23,17,12008KT,17,09
2007-11-23 18:00:00.000,2007,11,23,18,01005KT,17,13
2007-11-23 19:00:00.000,2007,11,23,19,03007KT,15,14
2007-11-23 20:00:00.000,2007,11,23,20,27010KT,14,13
2007-11-23 21:00:00.000,2007,11,23,21,22004KT,15,14
2007-11-23 22:00:00.000,2007,11,23,22,25004KT,14,13
2007-11-23 23:00:00.000,2007,11,23,23,VRB02KT,13,13
2007-11-24 00:00:00.000,2007,11,24,0,33003KT,13,12
2007-11-24 01:00:00.000,2007,11,24,1,VRB02KT,12,11
2007-11-24 02:00:00.000,2007,11,24,2,VRB02KT,12,11
2007-11-24 03:00:00.000,2007,11,24,3,VRB02KT,12,11
2007-11-24 04:00:00.000,2007,11,24,4,VRB02KT,12,11
2007-11-24 05:00:00.000,2007,11,24,5,VRB02KT,12,11
2007-11-24 06:00:00.000,2007,11,24,6,00000KT,12,11
2007-11-24 08:00:00.000,2007,11,24,8,04005KT,11,10
2007-11-24 09:00:00.000,2007,11,24,9,07004KT,11,10
2007-11-24 10:00:00.000,2007,11,24,10,05004KT,11,10
2007-11-24 11:00:00.000,2007,11,24,11,04004KT,11,10
2007-11-24 12:00:00.000,2007,11,24,12,04006KT,12,11
2007-11-24 13:00:00.000,2007,11,24,13,04006KT,14,12
2007-11-24 15:00:00.000,2007,11,24,15,09008KT,17,12
2007-11-24 16:00:00.000,2007,11,24,16,08008KT,17,10
2007-11-24 17:00:00.000,2007,11,24,17,09006KT,17,10
2007-11-24 18:00:00.000,2007,11,24,18,33004KT,14,13
2007-11-24 19:00:00.000,2007,11,24,19,31004KT,16,12
2007-11-24 20:00:00.000,2007,11,24,20,25007KT,17,12
2007-11-24 21:00:00.000,2007,11,24,21,34004KT,15,12
2007-11-24 22:00:00.000,2007,11,24,22,12005KT,16,11
2007-11-24 23:00:00.000,2007,11,24,23,28005KT,13,13
2007-11-25 00:00:00.000,2007,11,25,0,00000KT,13,12
2007-11-25 01:00:00.000,2007,11,25,1,00000KT,13,12
2007-11-25 02:00:00.000,2007,11,25,2,35004KT,12,12
2007-11-25 03:00:00.000,2007,11,25,3,03007KT,12,12
2007-11-25 04:00:00.000,2007,11,25,4,04007KT,12,11
2007-11-25 05:00:00.000,2007,11,25,5,VRB02KT,11,10
2007-11-25 06:00:00.000,2007,11,25,6,04004KT,11,10
2007-11-25 07:00:00.000,2007,11,25,7,04007KT,10,09
2007-11-25 08:00:00.000,2007,11,25,8,08005KT,10,10
2007-11-25 09:00:00.000,2007,11,25,9,04005KT,10,10
2007-11-25 10:00:00.000,2007,11,25,10,03005KT,10,10
2007-11-25 11:00:00.000,2007,11,25,11,03004KT,10,10
2007-11-25 12:00:00.000,2007,11,25,12,07006KT,12,11
2007-11-25 13:00:00.000,2007,11,25,13,06006KT,13,11
2007-11-25 14:00:00.000,2007,11,25,14,04010KT,14,12
2007-11-25 15:00:00.000,2007,11,25,15,03006KT,16,11
2007-11-25 16:00:00.000,2007,11,25,16,06008KT,16,10
2007-11-25 17:00:00.000,2007,11,25,17,12010KT,17,08
2007-11-25 18:00:00.000,2007,11,25,18,08008KT,18,10
2007-11-25 19:00:00.000,2007,11,25,19,11010KT,19,08
2007-11-25 20:00:00.000,2007,11,25,20,11012KT,19,08
2007-11-25 21:00:00.000,2007,11,25,21,10012KT,18,08
2007-11-25 22:00:00.000,2007,11,25,22,14012KT,18,07
2007-11-25 23:00:00.000,2007,11,25,23,14010KT,16,08
2007-11-26 00:00:00.000,2007,11,26,0,08006KT,15,08
2007-11-26 01:00:00.000,2007,11,26,1,01006KT,13,09
2007-11-26 03:00:00.000,2007,11,26,3,09006KT,12,09
2007-11-26 04:00:00.000,2007,11,26,4,05006KT,12,08
2007-11-26 05:00:00.000,2007,11,26,5,06005KT,10,08
2007-11-26 07:00:00.000,2007,11,26,7,05004KT,10,08
2007-11-26 08:00:00.000,2007,11,26,8,04005KT,09,08
2007-11-26 09:00:00.000,2007,11,26,9,02005KT,08,07
2007-11-26 10:00:00.000,2007,11,26,10,05006KT,08,07
2007-11-26 11:00:00.000,2007,11,26,11,06006KT,08,08
2007-11-26 12:00:00.000,2007,11,26,12,06004KT,10,09
2007-11-26 13:00:00.000,2007,11,26,13,11011KT,14,07
2007-11-26 14:00:00.000,2007,11,26,14,11010KT,16,07
2007-11-26 15:00:00.000,2007,11,26,15,08013KT,16,07
2007-11-26 16:00:00.000,2007,11,26,16,09008KT,16,07
2007-11-26 17:00:00.000,2007,11,26,17,12010KT,18,08
2007-11-26 18:00:00.000,2007,11,26,18,12014KT,17,07
2007-11-26 19:00:00.000,2007,11,26,19,12015KT,17,07
2007-11-26 20:00:00.000,2007,11,26,20,10011KT,18,05
2007-11-26 21:00:00.000,2007,11,26,21,10013KT,18,05
2007-11-26 22:00:00.000,2007,11,26,22,07008KT,16,07
2007-11-26 23:00:00.000,2007,11,26,23,04008KT,14,08
2007-11-27 00:00:00.000,2007,11,27,0,06006KT,13,08
2007-11-27 01:00:00.000,2007,11,27,1,08008KT,13,08
2007-11-27 02:00:00.000,2007,11,27,2,04005KT,11,09
2007-11-27 03:00:00.000,2007,11,27,3,06004KT,11,09
2007-11-27 04:00:00.000,2007,11,27,4,02003KT,10,08
2007-11-27 05:00:00.000,2007,11,27,5,VRB02KT,08,08
2007-11-27 06:00:00.000,2007,11,27,6,23003KT,07,07
2007-11-27 07:00:00.000,2007,11,27,7,02003KT,06,06
2007-11-27 08:00:00.000,2007,11,27,8,04003KT,06,05
2007-11-27 09:00:00.000,2007,11,27,9,34004KT,05,05
2007-11-27 10:00:00.000,2007,11,27,10,00000KT,06,05
2007-11-27 11:00:00.000,2007,11,27,11,00000KT,06,05
2007-11-27 12:00:00.000,2007,11,27,12,VRB02KT,09,08
2007-11-27 13:00:00.000,2007,11,27,13,08006KT,12,09
2007-11-27 14:00:00.000,2007,11,27,14,03008KT,15,09
2007-11-27 15:00:00.000,2007,11,27,15,07008KT,17,08
2007-11-27 16:00:00.000,2007,11,27,16,04008KT,18,08
2007-11-27 17:00:00.000,2007,11,27,17,08006KT,20,08
2007-11-27 18:00:00.000,2007,11,27,18,11005KT,20,06
2007-11-27 19:00:00.000,2007,11,27,19,06004KT,19,07
2007-11-27 20:00:00.000,2007,11,27,20,VRB02KT,18,13
2007-11-27 21:00:00.000,2007,11,27,21,26008KT,16,13
2007-11-27 22:00:00.000,2007,11,27,22,27007KT,16,12
2007-11-27 23:00:00.000,2007,11,27,23,26007KT,15,13
2007-11-28 00:00:00.000,2007,11,28,0,27003KT,14,12
2007-11-28 01:00:00.000,2007,11,28,1,25005KT,13,11
2007-11-28 02:00:00.000,2007,11,28,2,VRB02KT,12,10
2007-11-28 03:00:00.000,2007,11,28,3,VRB02KT,11,10
2007-11-28 04:00:00.000,2007,11,28,4,VRB02KT,10,09
2007-11-28 06:00:00.000,2007,11,28,6,00000KT,11,10
2007-12-12 17:00:00.000,2007,12,12,17,22006KT,16,13
2007-12-12 19:00:00.000,2007,12,12,19,22004KT,16,14
2007-12-12 20:00:00.000,2007,12,12,20,21005KT,16,13
2007-12-12 21:00:00.000,2007,12,12,21,25010KT,16,14
2007-12-12 22:00:00.000,2007,12,12,22,23008KT,15,13
2007-12-13 00:00:00.000,2007,12,13,0,VRB02KT,12,12
2007-12-13 02:00:00.000,2007,12,13,2,04006KT,12,12
2007-12-13 03:00:00.000,2007,12,13,3,VRB02KT,12,11
2007-12-13 04:00:00.000,2007,12,13,4,VRB02KT,12,11
2007-12-13 05:00:00.000,2007,12,13,5,VRB02KT,12,11
2007-12-13 08:00:00.000,2007,12,13,8,VRB02KT,10,10
2007-12-13 12:00:00.000,2007,12,13,12,VRB02KT,09,08
2007-12-13 13:00:00.000,2007,12,13,13,02004KT,12,11
2007-12-13 15:00:00.000,2007,12,13,15,VRB02KT,17,12
2007-12-13 16:00:00.000,2007,12,13,16,VRB02KT,18,10
2007-12-13 17:00:00.000,2007,12,13,17,27008KT,16,13
2007-12-13 18:00:00.000,2007,12,13,18,21005KT,15,14
2007-12-13 19:00:00.000,2007,12,13,19,24007KT,16,15
2007-12-13 20:00:00.000,2007,12,13,20,30005KT,15,14
2007-12-13 21:00:00.000,2007,12,13,21,29005KT,13,13
2007-12-13 22:00:00.000,2007,12,13,22,28004KT,13,13
2007-12-14 00:00:00.000,2007,12,14,0,27003KT,13,12
2007-12-14 01:00:00.000,2007,12,14,1,34004KT,13,12
2007-12-14 02:00:00.000,2007,12,14,2,03003KT,13,12
2007-12-14 03:00:00.000,2007,12,14,3,03003KT,12,11
2007-12-14 04:00:00.000,2007,12,14,4,00000KT,11,10
2007-12-14 05:00:00.000,2007,12,14,5,00000KT,11,10
2007-12-14 06:00:00.000,2007,12,14,6,32004KT,11,11
2007-12-14 07:00:00.000,2007,12,14,7,00000KT,10,09
2007-12-14 08:00:00.000,2007,12,14,8,26004KT,09,09
2007-12-14 10:00:00.000,2007,12,14,10,00000KT,09,09
2007-12-14 11:00:00.000,2007,12,14,11,VRB02KT,09,09
2007-12-14 12:00:00.000,2007,12,14,12,27003KT,09,08
2007-12-14 13:00:00.000,2007,12,14,13,VRB02KT,10,10
2007-12-14 14:00:00.000,2007,12,14,14,04004KT,12,11
2007-12-14 15:00:00.000,2007,12,14,15,04005KT,15,12
2007-12-14 16:00:00.000,2007,12,14,16,12005KT,18,12
2007-12-14 17:00:00.000,2007,12,14,17,01006KT,18,09
2007-12-14 18:00:00.000,2007,12,14,18,06009KT,16,09
2007-12-14 19:00:00.000,2007,12,14,19,25008KT,17,13
2007-12-14 21:00:00.000,2007,12,14,21,28008KT,15,12
2007-12-14 22:00:00.000,2007,12,14,22,28003KT,14,12
2007-12-14 23:00:00.000,2007,12,14,23,31005KT,13,12
2007-12-15 00:00:00.000,2007,12,15,0,00000KT,13,12
2007-12-15 01:00:00.000,2007,12,15,1,00000KT,12,12
2007-12-15 02:00:00.000,2007,12,15,2,00000KT,12,12
2007-12-15 03:00:00.000,2007,12,15,3,00000KT,11,11
2007-12-15 04:00:00.000,2007,12,15,4,00000KT,11,11
2007-12-15 05:00:00.000,2007,12,15,5,00000KT,11,10
2007-12-15 06:00:00.000,2007,12,15,6,00000KT,10,10
2007-12-15 07:00:00.000,2007,12,15,7,00000KT,11,10
2007-12-15 08:00:00.000,2007,12,15,8,00000KT,11,10
2007-12-15 09:00:00.000,2007,12,15,9,00000KT,10,09
2007-12-15 10:00:00.000,2007,12,15,10,00000KT,09,09
2007-12-15 11:00:00.000,2007,12,15,11,00000KT,08,08
2007-12-15 12:00:00.000,2007,12,15,12,00000KT,10,10
2007-12-15 13:00:00.000,2007,12,15,13,VRB02KT,12,10
2007-12-15 14:00:00.000,2007,12,15,14,VRB02KT,15,12
2007-12-15 16:00:00.000,2007,12,15,16,33007KT,18,11
2007-12-15 17:00:00.000,2007,12,15,17,33010KT,18,11
2007-12-15 19:00:00.000,2007,12,15,19,27006KT,14,13
2007-12-15 20:00:00.000,2007,12,15,20,24006KT,15,13
2007-12-15 21:00:00.000,2007,12,15,21,27005KT,14,12
2007-12-15 22:00:00.000,2007,12,15,22,31005KT,12,11
2007-12-16 00:00:00.000,2007,12,16,0,00000KT,12,12
2007-12-16 01:00:00.000,2007,12,16,1,28004KT,12,11
2007-12-16 02:00:00.000,2007,12,16,2,VRB02KT,11,11
2007-12-16 03:00:00.000,2007,12,16,3,VRB02KT,11,11
2007-12-16 04:00:00.000,2007,12,16,4,26003KT,11,10
2007-12-16 05:00:00.000,2007,12,16,5,30004KT,11,10
2007-12-16 06:00:00.000,2007,12,16,6,VRB02KT,11,10
2007-12-16 08:00:00.000,2007,12,16,8,00000KT,10,10
2007-12-16 09:00:00.000,2007,12,16,9,00000KT,10,10
2007-12-16 10:00:00.000,2007,12,16,10,00000KT,10,10
2007-12-16 11:00:00.000,2007,12,16,11,00000KT,10,10
2007-12-16 12:00:00.000,2007,12,16,12,30005KT,12,11
2007-12-16 13:00:00.000,2007,12,16,13,31008KT,12,11
2007-12-16 14:00:00.000,2007,12,16,14,33006KT,13,11
2007-12-16 15:00:00.000,2007,12,16,15,34004KT,13,11
2007-12-16 16:00:00.000,2007,12,16,16,27004KT,15,11
2007-12-16 17:00:00.000,2007,12,16,17,32008KT,17,12
2007-12-16 18:00:00.000,2007,12,16,18,31010KT,16,13
2007-12-16 19:00:00.000,2007,12,16,19,31012KT,17,13
2007-12-16 20:00:00.000,2007,12,16,20,28010KT,15,13
2007-12-16 21:00:00.000,2007,12,16,21,32008KT,14,13
2007-12-16 22:00:00.000,2007,12,16,22,32008KT,13,12
2007-12-16 23:00:00.000,2007,12,16,23,29006KT,12,12
2007-12-17 00:00:00.000,2007,12,17,0,27004KT,12,12
2007-12-17 01:00:00.000,2007,12,17,1,31004KT,12,11
2007-12-17 02:00:00.000,2007,12,17,2,30005KT,11,11
2007-12-17 03:00:00.000,2007,12,17,3,30004KT,11,11
2007-12-17 04:00:00.000,2007,12,17,4,00000KT,10,10
2007-12-17 05:00:00.000,2007,12,17,5,00000KT,10,09
2007-12-17 06:00:00.000,2007,12,17,6,31004KT,09,08
2007-12-17 07:00:00.000,2007,12,17,7,28004KT,08,08
2007-12-17 08:00:00.000,2007,12,17,8,00000KT,09,09
2007-12-17 09:00:00.000,2007,12,17,9,00000KT,09,09
2007-12-17 10:00:00.000,2007,12,17,10,04004KT,09,09
2007-12-17 11:00:00.000,2007,12,17,11,00000KT,08,08
2007-12-17 12:00:00.000,2007,12,17,12,00000KT,09,09
2007-12-17 13:00:00.000,2007,12,17,13,VRB02KT,11,11
2007-12-17 14:00:00.000,2007,12,17,14,VRB02KT,14,12
2007-12-17 15:00:00.000,2007,12,17,15,VRB02KT,16,13
2007-12-17 16:00:00.000,2007,12,17,16,30004KT,17,11
2007-12-17 17:00:00.000,2007,12,17,17,32009KT,18,10
2007-12-17 18:00:00.000,2007,12,17,18,30012KT,15,13
2007-12-17 19:00:00.000,2007,12,17,19,12006KT,11,11
2007-12-17 20:00:00.000,2007,12,17,20,23006KT,11,11
2007-12-17 21:00:00.000,2007,12,17,21,20004KT,12,11
2007-12-17 22:00:00.000,2007,12,17,22,28004KT,12,11
2007-12-17 23:00:00.000,2007,12,17,23,VRB02KT,11,11
2007-12-18 01:00:00.000,2007,12,18,1,VRB02KT,12,11
2007-12-18 02:00:00.000,2007,12,18,2,32005KT,12,11
2007-12-18 03:00:00.000,2007,12,18,3,33004KT,12,11
2007-12-18 04:00:00.000,2007,12,18,4,31004KT,11,10
2007-12-18 05:00:00.000,2007,12,18,5,31003KT,11,10
2007-12-18 06:00:00.000,2007,12,18,6,VRB02KT,11,11
2007-12-18 07:00:00.000,2007,12,18,7,VRB02KT,11,11
2007-12-18 08:00:00.000,2007,12,18,8,VRB02KT,10,10
2007-12-18 09:00:00.000,2007,12,18,9,33004KT,10,10
2007-12-18 10:00:00.000,2007,12,18,10,33003KT,10,10
2007-12-18 11:00:00.000,2007,12,18,11,VRB02KT,10,09
2007-12-18 12:00:00.000,2007,12,18,12,00000KT,10,10
2007-12-18 13:00:00.000,2007,12,18,13,00000KT,11,11
2007-12-18 14:00:00.000,2007,12,18,14,VRB02KT,14,12
2007-12-18 15:00:00.000,2007,12,18,15,VRB02KT,15,13
2007-12-18 16:00:00.000,2007,12,18,16,VRB02KT,18,12
2007-12-18 17:00:00.000,2007,12,18,17,32006KT,18,13
2007-12-18 18:00:00.000,2007,12,18,18,28009KT,17,14
2007-12-18 19:00:00.000,2007,12,18,19,26007KT,16,13
2007-12-18 20:00:00.000,2007,12,18,20,25007KT,16,13
2007-12-18 21:00:00.000,2007,12,18,21,07010KT,13,13
2007-12-18 22:00:00.000,2007,12,18,22,06004KT,12,12
2007-12-18 23:00:00.000,2007,12,18,23,32004KT,12,11
2007-12-19 00:00:00.000,2007,12,19,0,00000KT,12,11
2007-12-19 01:00:00.000,2007,12,19,1,VRB02KT,11,11
2007-12-19 02:00:00.000,2007,12,19,2,00000KT,11,10
2007-12-19 03:00:00.000,2007,12,19,3,00000KT,11,10
2007-12-19 04:00:00.000,2007,12,19,4,00000KT,10,09
2007-12-19 05:00:00.000,2007,12,19,5,00000KT,10,10
2007-12-19 06:00:00.000,2007,12,19,6,00000KT,10,10
2007-12-19 07:00:00.000,2007,12,19,7,00000KT,10,10
2007-12-19 08:00:00.000,2007,12,19,8,34003KT,10,10
2007-12-19 09:00:00.000,2007,12,19,9,VRB02KT,10,10
2007-12-19 10:00:00.000,2007,12,19,10,00000KT,10,10
2007-12-19 11:00:00.000,2007,12,19,11,VRB02KT,10,10
2007-12-19 13:00:00.000,2007,12,19,13,06004KT,12,11
2007-12-19 15:00:00.000,2007,12,19,15,00000KT,15,14
2007-12-19 17:00:00.000,2007,12,19,17,29004KT,18,11
2007-12-19 20:00:00.000,2007,12,19,20,03004KT,13,12
2007-12-19 21:00:00.000,2007,12,19,21,33004KT,12,11
2007-12-19 23:00:00.000,2007,12,19,23,03004KT,11,10
2007-12-20 00:00:00.000,2007,12,20,0,00000KT,11,11
2007-12-20 01:00:00.000,2007,12,20,1,00000KT,11,11
2007-12-20 02:00:00.000,2007,12,20,2,00000KT,12,11
2007-12-20 03:00:00.000,2007,12,20,3,VRB02KT,11,11
2007-12-20 04:00:00.000,2007,12,20,4,VRB02KT,11,11
2007-12-20 05:00:00.000,2007,12,20,5,VRB02KT,11,11
2007-12-20 06:00:00.000,2007,12,20,6,00000KT,10,10
2007-12-20 07:00:00.000,2007,12,20,7,04005KT,10,10
2007-12-20 08:00:00.000,2007,12,20,8,VRB02KT,19,19
2007-12-20 09:00:00.000,2007,12,20,9,00000KT,10,10
2007-12-20 10:00:00.000,2007,12,20,10,00000KT,10,10
2007-12-20 11:00:00.000,2007,12,20,11,00000KT,09,09
2007-12-20 12:00:00.000,2007,12,20,12,00000KT,10,09
2007-12-20 13:00:00.000,2007,12,20,13,07004KT,11,10
2007-12-20 14:00:00.000,2007,12,20,14,06004KT,14,11
2007-12-20 15:00:00.000,2007,12,20,15,07005KT,15,12
2007-12-20 16:00:00.000,2007,12,20,16,05005KT,17,10
2007-12-20 17:00:00.000,2007,12,20,17,06004KT,18,09
2007-12-20 18:00:00.000,2007,12,20,18,10005KT,18,08
2007-12-20 19:00:00.000,2007,12,20,19,28008KT,16,13
2007-12-20 20:00:00.000,2007,12,20,20,27010KT,15,14
2007-12-20 21:00:00.000,2007,12,20,21,28008KT,15,13
2007-12-21 01:00:00.000,2007,12,21,1,VRB02KT,13,12
2007-12-21 02:00:00.000,2007,12,21,2,26004KT,13,12
2007-12-21 05:00:00.000,2007,12,21,5,00000KT,11,11
2007-12-21 07:00:00.000,2007,12,21,7,00000KT,11,11
2007-12-21 08:00:00.000,2007,12,21,8,00000KT,11,10
2007-12-21 11:00:00.000,2007,12,21,11,00000KT,07,07
2007-12-21 13:00:00.000,2007,12,21,13,VRB02KT,11,11
2007-12-21 14:00:00.000,2007,12,21,14,04003KT,14,13
2007-12-21 20:00:00.000,2007,12,21,20,25005KT,15,14
2007-12-21 21:00:00.000,2007,12,21,21,19002KT,17,15
2007-12-21 23:00:00.000,2007,12,21,23,27004KT,12,12
2007-12-22 00:00:00.000,2007,12,22,0,29005KT,12,11
2007-12-22 01:00:00.000,2007,12,22,1,VRB02KT,11,11
2007-12-22 02:00:00.000,2007,12,22,2,00000KT,12,11
2007-12-22 03:00:00.000,2007,12,22,3,00000KT,11,10
2007-12-22 05:00:00.000,2007,12,22,5,03005KT,11,10
2007-12-22 06:00:00.000,2007,12,22,6,00000KT,10,10
2007-12-22 10:00:00.000,2007,12,22,10,30003KT,09,09
2007-12-22 12:00:00.000,2007,12,22,12,02003KT,10,10
2007-12-22 13:00:00.000,2007,12,22,13,05004KT,12,11
2007-12-22 15:00:00.000,2007,12,22,15,04007KT,14,12
2007-12-22 16:00:00.000,2007,12,22,16,06006KT,15,12
2007-12-22 17:00:00.000,2007,12,22,17,06007KT,16,13
2007-12-22 18:00:00.000,2007,12,22,18,04006KT,16,12
2007-12-22 19:00:00.000,2007,12,22,19,35003KT,16,12
2007-12-22 20:00:00.000,2007,12,22,20,25004KT,16,12
2007-12-22 21:00:00.000,2007,12,22,21,27005KT,15,14
2007-12-22 22:00:00.000,2007,12,22,22,01004KT,13,13
2007-12-22 23:00:00.000,2007,12,22,23,02004KT,13,13
2007-12-23 00:00:00.000,2007,12,23,0,30005KT,13,13
2007-12-23 01:00:00.000,2007,12,23,1,05005KT,13,13
2007-12-23 02:00:00.000,2007,12,23,2,02005KT,12,12
2007-12-23 03:00:00.000,2007,12,23,3,05005KT,12,12
2007-12-23 04:00:00.000,2007,12,23,4,01005KT,12,12
2007-12-23 05:00:00.000,2007,12,23,5,00000KT,11,11
2007-12-23 06:00:00.000,2007,12,23,6,06004KT,11,11
2007-12-23 07:00:00.000,2007,12,23,7,03004KT,11,11
2007-12-23 08:00:00.000,2007,12,23,8,04004KT,11,11
2007-12-23 09:00:00.000,2007,12,23,9,VRB02KT,11,11
2007-12-23 10:00:00.000,2007,12,23,10,04005KT,11,11
2007-12-23 11:00:00.000,2007,12,23,11,07004KT,11,11
2007-12-23 12:00:00.000,2007,12,23,12,05005KT,11,10
2007-12-23 13:00:00.000,2007,12,23,13,06007KT,13,11
2007-12-23 14:00:00.000,2007,12,23,14,VRB02KT,15,12
2007-12-23 15:00:00.000,2007,12,23,15,04006KT,17,11
2007-12-23 17:00:00.000,2007,12,23,17,02004KT,17,15
2007-12-23 18:00:00.000,2007,12,23,18,09008KT,14,14
2007-12-23 19:00:00.000,2007,12,23,19,21006KT,15,12
2007-12-23 20:00:00.000,2007,12,23,20,02006KT,16,14
2007-12-23 21:00:00.000,2007,12,23,21,22004KT,16,10
2007-12-23 22:00:00.000,2007,12,23,22,VRB02KT,16,09
2007-12-24 00:00:00.000,2007,12,24,0,05004KT,13,11
2007-12-24 01:00:00.000,2007,12,24,1,08004KT,14,10
2007-12-24 02:00:00.000,2007,12,24,2,VRB02KT,13,11
2007-12-24 03:00:00.000,2007,12,24,3,03007KT,12,12
2007-12-24 04:00:00.000,2007,12,24,4,02005KT,12,12
2007-12-24 11:00:00.000,2007,12,24,11,VRB02KT,10,10
2007-12-24 12:00:00.000,2007,12,24,12,06004KT,11,11
2007-12-24 15:00:00.000,2007,12,24,15,12004KT,17,11
2007-12-24 16:00:00.000,2007,12,24,16,06010KT,16,11
2007-12-24 19:00:00.000,2007,12,24,19,18004KT,17,13
2007-12-24 20:00:00.000,2007,12,24,20,20004KT,18,12
2007-12-24 21:00:00.000,2007,12,24,21,02004KT,18,11
2007-12-24 22:00:00.000,2007,12,24,22,24004KT,16,13
2007-12-24 23:00:00.000,2007,12,24,23,29004KT,14,13
2007-12-25 01:00:00.000,2007,12,25,1,VRB02KT,13,12
2007-12-25 02:00:00.000,2007,12,25,2,26005KT,13,12
2007-12-25 03:00:00.000,2007,12,25,3,03003KT,12,11
2007-12-25 12:00:00.000,2007,12,25,12,03005KT,11,11
2007-12-25 13:00:00.000,2007,12,25,13,06005KT,14,12
2007-12-25 14:00:00.000,2007,12,25,14,08005KT,15,12
2007-12-25 15:00:00.000,2007,12,25,15,10014KT,16,10
2007-12-25 16:00:00.000,2007,12,25,16,08011KT,17,10
2007-12-25 18:00:00.000,2007,12,25,18,13005KT,19,10
2007-12-25 19:00:00.000,2007,12,25,19,09005KT,18,10
2007-12-25 20:00:00.000,2007,12,25,20,04010KT,15,13
2007-12-25 21:00:00.000,2007,12,25,21,05008KT,15,13
2007-12-26 00:00:00.000,2007,12,26,0,07004KT,14,12
2007-12-26 01:00:00.000,2007,12,26,1,01004KT,12,11
2007-12-26 02:00:00.000,2007,12,26,2,00000KT,12,11
2007-12-26 03:00:00.000,2007,12,26,3,01004KT,12,11
2007-12-26 04:00:00.000,2007,12,26,4,02005KT,11,11
2007-12-26 05:00:00.000,2007,12,26,5,35005KT,11,11
2007-12-26 06:00:00.000,2007,12,26,6,03005KT,11,11
2007-12-26 07:00:00.000,2007,12,26,7,02004KT,11,10
2007-12-26 08:00:00.000,2007,12,26,8,03007KT,10,10
2007-12-26 09:00:00.000,2007,12,26,9,36005KT,11,10
2007-12-26 10:00:00.000,2007,12,26,10,VRB02KT,11,10
2007-12-26 11:00:00.000,2007,12,26,11,05005KT,11,10
2007-12-26 12:00:00.000,2007,12,26,12,03005KT,11,11
2007-12-26 16:00:00.000,2007,12,26,16,10010KT,17,10
2007-12-26 18:00:00.000,2007,12,26,18,12010KT,19,10
2007-12-26 19:00:00.000,2007,12,26,19,11007KT,18,10
2007-12-26 20:00:00.000,2007,12,26,20,25005KT,15,14
2007-12-26 21:00:00.000,2007,12,26,21,28005KT,15,15
2007-12-27 06:00:00.000,2007,12,27,6,07003KT,11,10
2007-12-27 12:00:00.000,2007,12,27,12,05003KT,11,11
2007-12-27 13:00:00.000,2007,12,27,13,06006KT,13,12
2007-12-27 14:00:00.000,2007,12,27,14,08008KT,15,12
2007-12-27 15:00:00.000,2007,12,27,15,08006KT,17,09
2007-12-27 16:00:00.000,2007,12,27,16,08006KT,17,09
2007-12-27 17:00:00.000,2007,12,27,17,11006KT,19,08
2007-12-27 18:00:00.000,2007,12,27,18,07009KT,19,08
2007-12-27 19:00:00.000,2007,12,27,19,08010KT,18,08
2007-12-27 20:00:00.000,2007,12,27,20,12008KT,18,09
2007-12-27 21:00:00.000,2007,12,27,21,30014KT,17,15
2007-12-27 22:00:00.000,2007,12,27,22,27008KT,15,13
2007-12-27 23:00:00.000,2007,12,27,23,27003KT,13,13
2007-12-28 00:00:00.000,2007,12,28,0,00000KT,13,13
2007-12-28 01:00:00.000,2007,12,28,1,00000KT,13,13
2007-12-28 02:00:00.000,2007,12,28,2,00000KT,13,12
2007-12-28 03:00:00.000,2007,12,28,3,VRB02KT,11,11
2007-12-28 04:00:00.000,2007,12,28,4,VRB02KT,11,10
2007-12-28 05:00:00.000,2007,12,28,5,03005KT,10,10
2007-12-28 06:00:00.000,2007,12,28,6,00000KT,10,10
2007-12-28 07:00:00.000,2007,12,28,7,00000KT,09,09
2007-12-28 08:00:00.000,2007,12,28,8,01004KT,10,10
2007-12-28 09:00:00.000,2007,12,28,9,04005KT,10,10
2007-12-28 12:00:00.000,2007,12,28,12,05005KT,11,10
2007-12-28 13:00:00.000,2007,12,28,13,09005KT,13,11
2007-12-28 14:00:00.000,2007,12,28,14,12007KT,15,09
2007-12-28 16:00:00.000,2007,12,28,16,11014KT,17,08
2007-12-28 18:00:00.000,2007,12,28,18,13013KT,19,07
2007-12-28 19:00:00.000,2007,12,28,19,11013KT,19,08
2007-12-28 20:00:00.000,2007,12,28,20,10007KT,18,07
2007-12-28 21:00:00.000,2007,12,28,21,12008KT,18,08
2007-12-28 22:00:00.000,2007,12,28,22,06007KT,17,07
2007-12-28 23:00:00.000,2007,12,28,23,04007KT,16,09
2007-12-29 01:00:00.000,2007,12,29,1,25004KT,12,11
2007-12-29 02:00:00.000,2007,12,29,2,03005KT,11,10
2007-12-29 03:00:00.000,2007,12,29,3,VRB02KT,10,10
2007-12-29 04:00:00.000,2007,12,29,4,VRB02KT,10,09
2007-12-29 06:00:00.000,2007,12,29,6,04005KT,09,08
2007-12-29 08:00:00.000,2007,12,29,8,05005KT,09,08
2007-12-29 09:00:00.000,2007,12,29,9,05005KT,08,07
2007-12-29 10:00:00.000,2007,12,29,10,04004KT,07,06
2007-12-29 11:00:00.000,2007,12,29,11,05005KT,08,08
2007-12-29 12:00:00.000,2007,12,29,12,18004KT,09,08
2007-12-29 13:00:00.000,2007,12,29,13,07005KT,12,10
2007-12-29 14:00:00.000,2007,12,29,14,12009KT,15,08
2007-12-29 15:00:00.000,2007,12,29,15,11011KT,16,07
2007-12-29 16:00:00.000,2007,12,29,16,13012KT,17,07
2007-12-29 17:00:00.000,2007,12,29,17,12011KT,18,06
2007-12-29 20:00:00.000,2007,12,29,20,13009KT,18,08
2007-12-29 21:00:00.000,2007,12,29,21,15011KT,19,07
2007-12-29 22:00:00.000,2007,12,29,22,11011KT,17,07
2007-12-29 23:00:00.000,2007,12,29,23,11008KT,16,08
2007-12-30 00:00:00.000,2007,12,30,0,04010KT,14,07
2007-12-30 01:00:00.000,2007,12,30,1,VRB02KT,12,09
2007-12-30 02:00:00.000,2007,12,30,2,00000KT,10,09
2007-12-30 03:00:00.000,2007,12,30,3,00000KT,11,10
2007-12-30 04:00:00.000,2007,12,30,4,01005KT,09,09
2007-12-30 05:00:00.000,2007,12,30,5,04004KT,08,08
2007-12-30 06:00:00.000,2007,12,30,6,VRB02KT,08,08
2007-12-30 07:00:00.000,2007,12,30,7,04004KT,08,08
2007-12-30 08:00:00.000,2007,12,30,8,VRB02KT,07,07
2007-12-30 09:00:00.000,2007,12,30,9,00000KT,06,06
2007-12-30 10:00:00.000,2007,12,30,10,00000KT,06,06
2007-12-30 12:00:00.000,2007,12,30,12,VRB02KT,06,05
2007-12-30 13:00:00.000,2007,12,30,13,02004KT,10,09
2007-12-30 14:00:00.000,2007,12,30,14,06007KT,13,10
2007-12-30 15:00:00.000,2007,12,30,15,06009KT,15,09
2007-12-30 16:00:00.000,2007,12,30,16,04005KT,17,08
2007-12-30 17:00:00.000,2007,12,30,17,09005KT,19,07
2007-12-30 18:00:00.000,2007,12,30,18,27012KT,19,12
2007-12-30 19:00:00.000,2007,12,30,19,28011KT,18,12
2007-12-30 20:00:00.000,2007,12,30,20,27011KT,18,12
2007-12-30 21:00:00.000,2007,12,30,21,27011KT,17,12
2007-12-30 22:00:00.000,2007,12,30,22,29008KT,16,12
2007-12-30 23:00:00.000,2007,12,30,23,31005KT,15,13
2007-12-31 00:00:00.000,2007,12,31,0,VRB02KT,13,11
2007-12-31 01:00:00.000,2007,12,31,1,34004KT,12,11
2007-12-31 02:00:00.000,2007,12,31,2,VRB02KT,13,12
2007-12-31 03:00:00.000,2007,12,31,3,22003KT,12,11
2007-12-31 04:00:00.000,2007,12,31,4,34003KT,11,10
2007-12-31 05:00:00.000,2007,12,31,5,30003KT,10,10
2007-12-31 08:00:00.000,2007,12,31,8,00000KT,09,09
2007-12-31 11:00:00.000,2007,12,31,11,VRB02KT,08,08
2007-12-31 12:00:00.000,2007,12,31,12,04004KT,08,08
2007-12-31 13:00:00.000,2007,12,31,13,05006KT,11,10
2007-12-31 14:00:00.000,2007,12,31,14,05006KT,13,11
2007-12-31 15:00:00.000,2007,12,31,15,05008KT,15,11
2007-12-31 16:00:00.000,2007,12,31,16,11004KT,17,09
2007-12-31 17:00:00.000,2007,12,31,17,06007KT,18,09
2007-12-31 18:00:00.000,2007,12,31,18,08006KT,19,07
2007-12-31 19:00:00.000,2007,12,31,19,33005KT,19,06
2007-12-31 20:00:00.000,2007,12,31,20,28010KT,17,11
2007-12-31 21:00:00.000,2007,12,31,21,27010KT,17,12
2007-12-31 22:00:00.000,2007,12,31,22,26008KT,16,12
2007-12-31 23:00:00.000,2007,12,31,23,28007KT,14,12
2008-01-01 00:00:00.000,2008,1,1,0,23004KT,13,13
2008-01-01 01:00:00.000,2008,1,1,1,00000KT,12,11
2008-01-01 02:00:00.000,2008,1,1,2,25004KT,11,11
2008-01-01 03:00:00.000,2008,1,1,3,VRB02KT,10,10
2008-01-01 04:00:00.000,2008,1,1,4,31004KT,10,10
2008-01-01 05:00:00.000,2008,1,1,5,VRB02KT,09,09
2008-01-01 06:00:00.000,2008,1,1,6,32004KT,07,07
2008-01-01 07:00:00.000,2008,1,1,7,00000KT,06,06
2008-01-01 08:00:00.000,2008,1,1,8,00000KT,06,06
2008-01-01 09:00:00.000,2008,1,1,9,00000KT,05,05
2008-01-01 10:00:00.000,2008,1,1,10,VRB02KT,06,06
2008-01-01 13:00:00.000,2008,1,1,13,VRB02KT,07,06
2008-01-01 14:00:00.000,2008,1,1,14,36003KT,10,10
2008-01-01 15:00:00.000,2008,1,1,15,VRB02KT,14,06
2008-01-01 16:00:00.000,2008,1,1,16,34004KT,17,03
2008-01-01 17:00:00.000,2008,1,1,17,27006KT,18,03
2008-01-01 18:00:00.000,2008,1,1,18,33003KT,19,01
2008-01-01 19:00:00.000,2008,1,1,19,25009KT,19,06
2008-01-01 20:00:00.000,2008,1,1,20,29012KT,18,09
2008-01-01 21:00:00.000,2008,1,1,21,27010KT,17,10
2008-01-01 22:00:00.000,2008,1,1,22,27011KT,16,12
2008-01-01 23:00:00.000,2008,1,1,23,27005KT,14,12
2008-01-02 00:00:00.000,2008,1,2,0,VRB02KT,13,13
2008-01-02 01:00:00.000,2008,1,2,1,VRB02KT,12,12
2008-01-02 02:00:00.000,2008,1,2,2,VRB02KT,10,10
2008-01-02 03:00:00.000,2008,1,2,3,00000KT,10,10
2008-01-02 04:00:00.000,2008,1,2,4,VRB02KT,09,09
2008-01-02 05:00:00.000,2008,1,2,5,VRB02KT,09,09
2008-01-02 06:00:00.000,2008,1,2,6,01005KT,09,09
2008-01-02 07:00:00.000,2008,1,2,7,VRB02KT,09,09
2008-01-02 08:00:00.000,2008,1,2,8,02004KT,08,08
2008-01-02 09:00:00.000,2008,1,2,9,VRB02KT,09,08
2008-01-02 10:00:00.000,2008,1,2,10,02004KT,09,09
2008-01-02 11:00:00.000,2008,1,2,11,VRB02KT,09,09
2008-01-02 12:00:00.000,2008,1,2,12,00000KT,09,09
2008-01-02 13:00:00.000,2008,1,2,13,VRB02KT,10,10
2008-01-02 15:00:00.000,2008,1,2,15,VRB02KT,16,11
2008-01-02 16:00:00.000,2008,1,2,16,00000KT,16,11
2008-01-02 17:00:00.000,2008,1,2,17,29004KT,18,11
2008-01-02 18:00:00.000,2008,1,2,18,26012KT,17,12
2008-01-02 19:00:00.000,2008,1,2,19,27011KT,17,12
2008-01-02 20:00:00.000,2008,1,2,20,26010KT,16,12
2008-01-02 21:00:00.000,2008,1,2,21,25009KT,16,12
2008-01-02 22:00:00.000,2008,1,2,22,26007KT,15,12
2008-01-02 23:00:00.000,2008,1,2,23,26006KT,13,12
2008-01-03 00:00:00.000,2008,1,3,0,25004KT,13,12
2008-01-03 01:00:00.000,2008,1,3,1,26004KT,13,12
2008-01-03 02:00:00.000,2008,1,3,2,31006KT,13,12
2008-01-03 03:00:00.000,2008,1,3,3,04003KT,12,11
2008-01-03 04:00:00.000,2008,1,3,4,02003KT,13,12
2008-01-03 05:00:00.000,2008,1,3,5,VRB02KT,12,11
2008-01-03 07:00:00.000,2008,1,3,7,VRB02KT,11,10
2008-01-03 11:00:00.000,2008,1,3,11,VRB02KT,10,10
2008-01-03 12:00:00.000,2008,1,3,12,00000KT,11,11
2008-01-03 13:00:00.000,2008,1,3,13,30003KT,13,12
2008-01-03 14:00:00.000,2008,1,3,14,VRB02KT,15,12
2008-01-03 15:00:00.000,2008,1,3,15,VRB02KT,17,12
2008-01-03 16:00:00.000,2008,1,3,16,25008KT,15,13
2008-01-03 17:00:00.000,2008,1,3,17,24010KT,15,13
2008-01-03 18:00:00.000,2008,1,3,18,24011KT,17,13
2008-01-03 20:00:00.000,2008,1,3,20,27010KT,16,12
2008-01-03 21:00:00.000,2008,1,3,21,26009KT,15,12
2008-01-03 22:00:00.000,2008,1,3,22,29006KT,14,12
2008-01-03 23:00:00.000,2008,1,3,23,25005KT,13,12
2008-01-04 01:00:00.000,2008,1,4,1,VRB02KT,12,12
2008-01-04 03:00:00.000,2008,1,4,3,03005KT,11,08
2008-01-04 04:00:00.000,2008,1,4,4,VRB02KT,10,09
2008-01-04 05:00:00.000,2008,1,4,5,02007KT,10,08
2008-01-04 06:00:00.000,2008,1,4,6,02005KT,08,07
2008-01-04 07:00:00.000,2008,1,4,7,03005KT,07,06
2008-01-04 08:00:00.000,2008,1,4,8,02005KT,07,06
2008-01-04 09:00:00.000,2008,1,4,9,04007KT,07,05
2008-01-04 11:00:00.000,2008,1,4,11,04005KT,06,05
2008-01-04 12:00:00.000,2008,1,4,12,06006KT,07,06
2008-01-04 13:00:00.000,2008,1,4,13,06006KT,10,08
2008-01-04 14:00:00.000,2008,1,4,14,04006KT,13,08
2008-01-04 15:00:00.000,2008,1,4,15,13010KT,16,05
2008-01-04 16:00:00.000,2008,1,4,16,10012KT,18,07
2008-01-04 18:00:00.000,2008,1,4,18,12015KT,19,07
2008-01-04 19:00:00.000,2008,1,4,19,12014KT,17,07
2008-01-04 20:00:00.000,2008,1,4,20,14014KT,18,07
2008-01-04 21:00:00.000,2008,1,4,21,14014KT,16,08
2008-01-04 22:00:00.000,2008,1,4,22,13009KT,15,08
2008-01-04 23:00:00.000,2008,1,4,23,11010KT,15,08
2008-01-05 00:00:00.000,2008,1,5,0,08007KT,14,09
2008-01-05 01:00:00.000,2008,1,5,1,12007KT,14,09
2008-01-05 02:00:00.000,2008,1,5,2,11006KT,14,09
2008-01-05 03:00:00.000,2008,1,5,3,10006KT,14,09
2008-01-05 04:00:00.000,2008,1,5,4,08006KT,14,09
2008-01-05 05:00:00.000,2008,1,5,5,07006KT,13,10
2008-01-05 06:00:00.000,2008,1,5,6,04007KT,12,10
2008-01-05 07:00:00.000,2008,1,5,7,02007KT,11,10
2008-01-05 08:00:00.000,2008,1,5,8,02006KT,11,10
2008-01-05 11:00:00.000,2008,1,5,11,03004KT,11,10
2008-01-05 12:00:00.000,2008,1,5,12,03005KT,11,10
2008-01-05 13:00:00.000,2008,1,5,13,06008KT,12,09
2008-01-05 14:00:00.000,2008,1,5,14,09005KT,13,09
2008-01-05 15:00:00.000,2008,1,5,15,06010KT,15,08
2008-01-05 16:00:00.000,2008,1,5,16,06010KT,15,07
2008-01-05 17:00:00.000,2008,1,5,17,11014KT,16,07
2008-01-05 18:00:00.000,2008,1,5,18,15010KT,16,08
2008-01-05 19:00:00.000,2008,1,5,19,09011KT,15,09
2008-01-05 20:00:00.000,2008,1,5,20,13011KT,15,08
2008-01-05 21:00:00.000,2008,1,5,21,12010KT,15,07
2008-01-05 22:00:00.000,2008,1,5,22,15008KT,14,07
2008-01-05 23:00:00.000,2008,1,5,23,14007KT,14,08
2008-01-06 00:00:00.000,2008,1,6,0,14008KT,14,09
2008-01-06 01:00:00.000,2008,1,6,1,12006KT,13,09
2008-01-06 02:00:00.000,2008,1,6,2,06008KT,12,09
2008-01-06 03:00:00.000,2008,1,6,3,07008KT,12,10
2008-01-06 04:00:00.000,2008,1,6,4,06007KT,11,10
2008-01-06 05:00:00.000,2008,1,6,5,06006KT,11,10
2008-01-06 09:00:00.000,2008,1,6,9,03006KT,10,10
2008-01-06 10:00:00.000,2008,1,6,10,03006KT,11,10
2008-01-06 13:00:00.000,2008,1,6,13,06008KT,14,10
2008-01-06 14:00:00.000,2008,1,6,14,08012KT,16,07
2008-01-06 15:00:00.000,2008,1,6,15,08010KT,17,06
2008-01-06 16:00:00.000,2008,1,6,16,10012KT,18,08
2008-01-06 17:00:00.000,2008,1,6,17,13010KT,17,08
2008-01-06 18:00:00.000,2008,1,6,18,12005KT,18,09
2008-01-06 19:00:00.000,2008,1,6,19,12010KT,18,08
2008-01-06 20:00:00.000,2008,1,6,20,14012KT,17,08
2008-01-06 21:00:00.000,2008,1,6,21,14008KT,17,08
2008-01-06 22:00:00.000,2008,1,6,22,13009KT,16,08
2008-01-06 23:00:00.000,2008,1,6,23,07007KT,16,08
2008-01-07 00:00:00.000,2008,1,7,0,09007KT,15,07
2008-01-07 01:00:00.000,2008,1,7,1,00000KT,13,08
2008-01-07 02:00:00.000,2008,1,7,2,00000KT,12,09
2008-01-07 03:00:00.000,2008,1,7,3,12007KT,14,08
2008-01-07 04:00:00.000,2008,1,7,4,VRB02KT,12,09
2008-01-07 05:00:00.000,2008,1,7,5,08004KT,12,10
2008-01-07 06:00:00.000,2008,1,7,6,VRB02KT,09,09
2008-01-07 07:00:00.000,2008,1,7,7,00000KT,11,10
2008-01-07 08:00:00.000,2008,1,7,8,02004KT,09,09
2008-01-07 09:00:00.000,2008,1,7,9,36005KT,09,09
2008-01-07 10:00:00.000,2008,1,7,10,01005KT,08,07
2008-01-07 11:00:00.000,2008,1,7,11,VRB02KT,07,07
2008-01-07 12:00:00.000,2008,1,7,12,03003KT,10,08
2008-01-07 13:00:00.000,2008,1,7,13,03005KT,12,10
2008-01-07 14:00:00.000,2008,1,7,14,03006KT,14,09
2008-01-07 15:00:00.000,2008,1,7,15,03006KT,16,10
2008-01-07 16:00:00.000,2008,1,7,16,09010KT,18,07
2008-01-07 17:00:00.000,2008,1,7,17,13008KT,19,07
2008-01-07 18:00:00.000,2008,1,7,18,19008KT,18,07
2008-01-07 20:00:00.000,2008,1,7,20,25007KT,16,12
2008-01-07 22:00:00.000,2008,1,7,22,25008KT,15,12
2008-01-08 00:00:00.000,2008,1,8,0,34005KT,12,10
2008-01-08 01:00:00.000,2008,1,8,1,00000KT,11,09
2008-01-08 02:00:00.000,2008,1,8,2,VRB02KT,10,09
2008-01-08 03:00:00.000,2008,1,8,3,VRB02KT,10,09
2008-01-08 04:00:00.000,2008,1,8,4,VRB02KT,09,08
2008-01-08 05:00:00.000,2008,1,8,5,VRB02KT,09,8
2008-01-08 07:00:00.000,2008,1,8,7,00000KT,08,08
2008-01-08 09:00:00.000,2008,1,8,9,00000KT,08,07
2008-01-08 11:00:00.000,2008,1,8,11,00000KT,08,08
2008-01-08 12:00:00.000,2008,1,8,12,04004KT,10,10
2008-01-08 13:00:00.000,2008,1,8,13,VRB02KT,12,11
2008-01-08 14:00:00.000,2008,1,8,14,11003KT,15,12
2008-01-08 15:00:00.000,2008,1,8,15,36008KT,17,11
2008-01-08 16:00:00.000,2008,1,8,16,VRB02KT,18,09
2008-01-08 17:00:00.000,2008,1,8,17,22010KT,18,10
2008-01-08 18:00:00.000,2008,1,8,18,25009KT,16,12
2008-01-08 19:00:00.000,2008,1,8,19,30010KT,15,14
2008-01-08 20:00:00.000,2008,1,8,20,32008KT,15,13
2008-01-08 21:00:00.000,2008,1,8,21,32009KT,15,13
2008-01-08 22:00:00.000,2008,1,8,22,27007KT,14,14
2008-01-09 00:00:00.000,2008,1,9,0,24004KT,13,12
2008-01-09 01:00:00.000,2008,1,9,1,VRB02KT,13,13
2008-01-09 02:00:00.000,2008,1,9,2,VRB02KT,12,12
2008-01-09 03:00:00.000,2008,1,9,3,00000KT,12,12
2008-01-09 04:00:00.000,2008,1,9,4,00000KT,12,12
2008-01-09 05:00:00.000,2008,1,9,5,VRB02KT,12,12
2008-01-09 06:00:00.000,2008,1,9,6,00000KT,12,11
2008-01-09 07:00:00.000,2008,1,9,7,00000KT,12,11
2008-01-09 08:00:00.000,2008,1,9,8,29004KT,11,11
2008-01-09 09:00:00.000,2008,1,9,9,00000KT,11,11
2008-01-09 10:00:00.000,2008,1,9,10,VRB02KT,11,11
2008-01-09 11:00:00.000,2008,1,9,11,VRB02KT,11,11
2008-01-09 12:00:00.000,2008,1,9,12,VRB02KT,11,11
2008-01-09 13:00:00.000,2008,1,9,13,31004KT,11,11
2008-01-09 14:00:00.000,2008,1,9,14,16004KT,13,12
2008-01-09 15:00:00.000,2008,1,9,15,19004KT,15,14
2008-01-09 16:00:00.000,2008,1,9,16,26008KT,14,14
2008-01-09 17:00:00.000,2008,1,9,17,24004kt,15,14
2008-01-09 18:00:00.000,2008,1,9,18,26005KT,15,13
2008-01-09 19:00:00.000,2008,1,9,19,24007KT,15,13
2008-01-09 20:00:00.000,2008,1,9,20,27007KT,14,13
2008-01-09 21:00:00.000,2008,1,9,21,28007KT,14,12
2008-01-09 22:00:00.000,2008,1,9,22,26007KT,13,12
2008-01-10 00:00:00.000,2008,1,10,0,32003KT,12,11
2008-01-10 01:00:00.000,2008,1,10,1,29004KT,12,11
2008-01-10 02:00:00.000,2008,1,10,2,28004KT,12,11
2008-01-10 03:00:00.000,2008,1,10,3,VRB02KT,12,11
2008-01-10 04:00:00.000,2008,1,10,4,VRB02KT,11,11
2008-01-10 05:00:00.000,2008,1,10,5,VRB02KT,11,11
2008-01-10 07:00:00.000,2008,1,10,7,28003KT,11,10
2008-01-10 08:00:00.000,2008,1,10,8,VRB02KT,10,10
2008-01-10 11:00:00.000,2008,1,10,11,VRB02KT,10,10
2008-01-10 12:00:00.000,2008,1,10,12,VRB02KT,10,10
2008-01-10 13:00:00.000,2008,1,10,13,VRB02KT,11,11
2008-01-10 14:00:00.000,2008,1,10,14,28004KT,14,13
2008-01-10 15:00:00.000,2008,1,10,15,32004KT,15,12
2008-01-10 16:00:00.000,2008,1,10,16,29007KT,15,12
2008-01-10 17:00:00.000,2008,1,10,17,27007KT,16,13
2008-01-10 18:00:00.000,2008,1,10,18,28007KT,16,13
2008-01-10 19:00:00.000,2008,1,10,19,30007KT,16,12
2008-01-10 20:00:00.000,2008,1,10,20,23008KT,16,13
2008-01-10 21:00:00.000,2008,1,10,21,28005KT,14,13
2008-01-10 22:00:00.000,2008,1,10,22,26004KT,14,13
2008-01-10 23:00:00.000,2008,1,10,23,VRB02KT,13,12
2008-01-11 00:00:00.000,2008,1,11,0,27003KT,11,11
2008-01-11 01:00:00.000,2008,1,11,1,22003KT,11,11
2008-01-11 03:00:00.000,2008,1,11,3,27005KT,11,11
2008-01-11 04:00:00.000,2008,1,11,4,27003KT,11,11
2008-01-11 05:00:00.000,2008,1,11,5,27003KT,11,11
2008-01-11 10:00:00.000,2008,1,11,10,VRB02KT,11,11
2008-01-11 11:00:00.000,2008,1,11,11,VRB02KT,11,11
2008-01-11 12:00:00.000,2008,1,11,12,34003KT,11,10
2008-01-11 13:00:00.000,2008,1,11,13,33004KT,12,11
2008-01-11 14:00:00.000,2008,1,11,14,31004KT,14,12
2008-01-11 15:00:00.000,2008,1,11,15,33004KT,15,12
2008-01-11 16:00:00.000,2008,1,11,16,31008KT,16,12
2008-01-11 17:00:00.000,2008,1,11,17,31009KT,16,12
2008-01-11 18:00:00.000,2008,1,11,18,29010KT,15,13
2008-01-11 19:00:00.000,2008,1,11,19,29008KT,15,12
2008-01-11 20:00:00.000,2008,1,11,20,27012KT,17,12
2008-01-11 21:00:00.000,2008,1,11,21,28013KT,17,12
2008-01-11 22:00:00.000,2008,1,11,22,27010KT,15,12
2008-01-11 23:00:00.000,2008,1,11,23,28008KT,13,12
2008-01-12 00:00:00.000,2008,1,12,0,31005KT,12,11
2008-01-12 01:00:00.000,2008,1,12,1,27004KT,11,11
2008-01-12 02:00:00.000,2008,1,12,2,30004KT,11,11
2008-01-12 03:00:00.000,2008,1,12,3,27004KT,10,10
2008-01-12 04:00:00.000,2008,1,12,4,00000KT,10,10
2008-01-12 05:00:00.000,2008,1,12,5,00000KT,10,10
2008-01-12 06:00:00.000,2008,1,12,6,29004KT,10,10
2008-01-12 07:00:00.000,2008,1,12,7,VRB02KT,09,09
2008-01-12 08:00:00.000,2008,1,12,8,VRB02KT,09,09
2008-01-12 09:00:00.000,2008,1,12,9,30005KT,10,10
2008-01-12 10:00:00.000,2008,1,12,10,VRB02KT,09,09
2008-01-12 11:00:00.000,2008,1,12,11,01004KT,09,09
2008-01-12 12:00:00.000,2008,1,12,12,05005KT,10,09
2008-01-12 13:00:00.000,2008,1,12,13,04007KT,12,11
2008-01-12 14:00:00.000,2008,1,12,14,03007KT,14,11
2008-01-12 15:00:00.000,2008,1,12,15,05006KT,16,12
2008-01-12 16:00:00.000,2008,1,12,16,04004KT,16,11
2008-01-12 17:00:00.000,2008,1,12,17,19005KT,17,10
2008-01-12 18:00:00.000,2008,1,12,18,26005KT,19,10
2008-01-12 19:00:00.000,2008,1,12,19,23010KT,17,13
2008-01-12 20:00:00.000,2008,1,12,20,27012KT,16,13
2008-01-12 21:00:00.000,2008,1,12,21,28010KT,15,13
2008-01-12 22:00:00.000,2008,1,12,22,28008KT,14,13
2008-01-12 23:00:00.000,2008,1,12,23,26007KT,13,12
2008-01-13 01:00:00.000,2008,1,13,1,29004KT,12,12
2008-01-13 02:00:00.000,2008,1,13,2,VRB02KT,12,11
2008-01-13 03:00:00.000,2008,1,13,3,00000KT,11,10
2008-01-13 04:00:00.000,2008,1,13,4,VRB02KT,11,11
2008-01-13 05:00:00.000,2008,1,13,5,36004KT,11,11
2008-01-13 06:00:00.000,2008,1,13,6,VRB02KT,11,11
2008-01-13 07:00:00.000,2008,1,13,7,34004KT,10,10
2008-01-13 08:00:00.000,2008,1,13,8,VRB02KT,09,09
2008-01-13 09:00:00.000,2008,1,13,9,28004KT,08,08
2008-01-13 10:00:00.000,2008,1,13,10,00000KT,06,06
2008-01-13 11:00:00.000,2008,1,13,11,24004KT,07,06
2008-01-13 12:00:00.000,2008,1,13,12,00000KT,06,06
2008-01-13 13:00:00.000,2008,1,13,13,04005KT,10,10
2008-01-13 14:00:00.000,2008,1,13,14,02004KT,14,12
2008-01-13 15:00:00.000,2008,1,13,15,08004KT,16,10
2008-01-13 16:00:00.000,2008,1,13,16,06004KT,17,08
2008-01-13 17:00:00.000,2008,1,13,17,20005KT,16,11
2008-01-13 18:00:00.000,2008,1,13,18,24008KT,17,12
2008-01-13 19:00:00.000,2008,1,13,19,24010KT,17,12
2008-01-13 20:00:00.000,2008,1,13,20,25010KT,16,12
2008-01-13 21:00:00.000,2008,1,13,21,26009KT,16,12
2008-01-13 22:00:00.000,2008,1,13,22,29006KT,15,11
2008-01-13 23:00:00.000,2008,1,13,23,32004KT,14,11
2008-01-14 00:00:00.000,2008,1,14,0,35004KT,13,12
2008-01-14 01:00:00.000,2008,1,14,1,02003KT,12,12
2008-01-14 02:00:00.000,2008,1,14,2,VRB02KT,12,11
2008-01-14 03:00:00.000,2008,1,14,3,VRB02KT,11,11
2008-01-14 04:00:00.000,2008,1,14,4,36004KT,11,11
2008-01-14 05:00:00.000,2008,1,14,5,VRB02KT,11,10
2008-01-14 06:00:00.000,2008,1,14,6,34003KT,10,10
2008-01-14 07:00:00.000,2008,1,14,7,VRB02KT,11,10
2008-01-14 08:00:00.000,2008,1,14,8,04003KT,11,11
2008-01-14 09:00:00.000,2008,1,14,9,03003KT,11,10
2008-01-14 10:00:00.000,2008,1,14,10,26004KT,10,10
2008-01-14 11:00:00.000,2008,1,14,11,05004KT,11,10
2008-01-14 12:00:00.000,2008,1,14,12,04007KT,11,11
2008-01-14 13:00:00.000,2008,1,14,13,06004KT,12,12
2008-01-14 14:00:00.000,2008,1,14,14,11007KT,15,10
2008-01-14 16:00:00.000,2008,1,14,16,15005KT,18,09
2008-01-14 17:00:00.000,2008,1,14,17,10011KT,18,08
2008-01-14 18:00:00.000,2008,1,14,18,12012KT,18,08
2008-01-14 19:00:00.000,2008,1,14,19,11012KT,17,09
2008-01-14 20:00:00.000,2008,1,14,20,10011KT,17,09
2008-01-14 21:00:00.000,2008,1,14,21,11008KT,16,09
2008-01-14 22:00:00.000,2008,1,14,22,08009KT,16,08
2008-01-14 23:00:00.000,2008,1,14,23,09008KT,15,08
2008-01-15 00:00:00.000,2008,1,15,0,05006KT,13,09
2008-01-15 01:00:00.000,2008,1,15,1,05005KT,11,09
2008-01-15 02:00:00.000,2008,1,15,2,05004KT,11,09
2008-01-15 03:00:00.000,2008,1,15,3,06006KT,10,09
2008-01-15 04:00:00.000,2008,1,15,4,04003KT,09,08
2008-01-15 05:00:00.000,2008,1,15,5,04006KT,09,08
2008-01-15 06:00:00.000,2008,1,15,6,05005KT,11,10
2008-01-15 07:00:00.000,2008,1,15,7,04005KT,11,10
2008-01-15 08:00:00.000,2008,1,15,8,06005KT,10,09
2008-01-15 09:00:00.000,2008,1,15,9,05005KT,09,08
2008-01-15 10:00:00.000,2008,1,15,10,05004KT,09,08
2008-01-15 11:00:00.000,2008,1,15,11,05005KT,09,08
2008-01-15 12:00:00.000,2008,1,15,12,02007KT,10,09
2008-01-15 13:00:00.000,2008,1,15,13,04007KT,12,11
2008-01-15 14:00:00.000,2008,1,15,14,07008KT,15,10
2008-01-15 15:00:00.000,2008,1,15,15,03007KT,17,10
2008-01-15 16:00:00.000,2008,1,15,16,08005KT,18,07
2008-01-15 17:00:00.000,2008,1,15,17,VRB02KT,18,07
2008-01-15 18:00:00.000,2008,1,15,18,03006KT,17,08
2008-01-15 19:00:00.000,2008,1,15,19,09006KT,18,06
2008-01-15 20:00:00.000,2008,1,15,20,30011KT,16,13
2008-01-15 21:00:00.000,2008,1,15,21,27007KT,16,12
2008-01-15 22:00:00.000,2008,1,15,22,24006KT,15,13
2008-01-15 23:00:00.000,2008,1,15,23,30006KT,15,13
2008-01-16 00:00:00.000,2008,1,16,0,25004KT,13,13
2008-01-16 01:00:00.000,2008,1,16,1,VRB02KT,13,13
2008-01-16 02:00:00.000,2008,1,16,2,VRB02KT,12,12
2008-01-16 03:00:00.000,2008,1,16,3,VRB02KT,12,12
2008-01-16 04:00:00.000,2008,1,16,4,33003KT,12,12
2008-01-16 05:00:00.000,2008,1,16,5,VRB02KT,12,11
2008-01-16 06:00:00.000,2008,1,16,6,VRB02KT,12,11
2008-01-16 07:00:00.000,2008,1,16,7,07004KT,11,10
2008-01-16 08:00:00.000,2008,1,16,8,28003KT,11,11
2008-01-16 10:00:00.000,2008,1,16,10,03007KT,10,10
2008-01-16 11:00:00.000,2008,1,16,11,31004KT,10,10
2008-01-16 12:00:00.000,2008,1,16,12,36004KT,10,09
2008-01-16 13:00:00.000,2008,1,16,13,03005KT,11,10
2008-01-16 14:00:00.000,2008,1,16,14,06009KT,13,09
2008-01-16 15:00:00.000,2008,1,16,15,09007KT,15,07
2008-01-16 16:00:00.000,2008,1,16,16,08005KT,17,08
2008-01-16 17:00:00.000,2008,1,16,17,07007KT,17,09
2008-01-16 18:00:00.000,2008,1,16,18,01007KT,16,09
2008-01-16 19:00:00.000,2008,1,16,19,09013KT,18,09
2008-01-16 20:00:00.000,2008,1,16,20,25007KT,16,12
2008-01-16 21:00:00.000,2008,1,16,21,33007KT,16,12
2008-01-16 22:00:00.000,2008,1,16,22,28007KT,15,13
2008-01-16 23:00:00.000,2008,1,16,23,26009KT,14,13
2008-01-17 03:00:00.000,2008,1,17,3,28004KT,12,11
2008-01-17 04:00:00.000,2008,1,17,4,VRB02KT,12,11
2008-01-17 05:00:00.000,2008,1,17,5,32004KT,12,11
2008-01-17 06:00:00.000,2008,1,17,6,VRB02KT,12,11
2008-01-17 07:00:00.000,2008,1,17,7,VRB02KT,12,11
2008-01-17 08:00:00.000,2008,1,17,8,31003KT,11,11
2008-01-17 09:00:00.000,2008,1,17,9,34004KT,11,11
2008-01-17 10:00:00.000,2008,1,17,10,03004KT,11,11
2008-01-17 12:00:00.000,2008,1,17,12,04003KT,11,11
2008-01-17 13:00:00.000,2008,1,17,13,06007KT,12,11
2008-01-17 14:00:00.000,2008,1,17,14,VRB02KT,14,12
2008-01-17 15:00:00.000,2008,1,17,15,13003KT,13,11
2008-01-17 16:00:00.000,2008,1,17,16,07005KT,15,12
2008-01-17 17:00:00.000,2008,1,17,17,07007KT,16,11
2008-01-17 18:00:00.000,2008,1,17,18,10008KT,16,11
2008-01-17 19:00:00.000,2008,1,17,19,VRB02KT,17,11
2008-01-17 20:00:00.000,2008,1,17,20,11008KT,17,10
2008-01-17 21:00:00.000,2008,1,17,21,25010KT,16,13
2008-01-17 22:00:00.000,2008,1,17,22,24008KT,16,12
2008-01-17 23:00:00.000,2008,1,17,23,26004KT,14,13
2008-01-18 00:00:00.000,2008,1,18,0,27003KT,12,11
2008-01-18 01:00:00.000,2008,1,18,1,VRB02KT,12,11
2008-01-18 02:00:00.000,2008,1,18,2,VRB02KT,12,11
2008-01-18 03:00:00.000,2008,1,18,3,VRB02KT,11,11
2008-01-18 04:00:00.000,2008,1,18,4,27003KT,11,11
2008-01-18 05:00:00.000,2008,1,18,5,VRB02KT,10,10
2008-01-18 06:00:00.000,2008,1,18,6,VRB02KT,10,10
2008-01-18 07:00:00.000,2008,1,18,7,VRB02KT,10,10
2008-01-18 08:00:00.000,2008,1,18,8,VRB02KT,10,09
2008-01-18 09:00:00.000,2008,1,18,9,VRB02KT,08,08
2008-01-18 10:00:00.000,2008,1,18,10,05003KT,08,08
2008-01-18 11:00:00.000,2008,1,18,11,05005KT,08,07
2008-01-18 12:00:00.000,2008,1,18,12,06006KT,09,08
2008-01-18 13:00:00.000,2008,1,18,13,05006KT,11,09
2008-01-18 14:00:00.000,2008,1,18,14,VRB02KT,13,10
2008-01-18 15:00:00.000,2008,1,18,15,VRB02KT,16,08
2008-01-18 16:00:00.000,2008,1,18,16,10012KT,17,07
2008-01-18 17:00:00.000,2008,1,18,17,10012KT,17,08
2008-01-18 18:00:00.000,2008,1,18,18,14012KT,19,07
2008-01-18 19:00:00.000,2008,1,18,19,13011KT,19,07
2008-01-18 20:00:00.000,2008,1,18,20,12014KT,19,08
2008-01-18 21:00:00.000,2008,1,18,21,13010KT,19,08
2008-01-18 22:00:00.000,2008,1,18,22,14010KT,17,08
2008-01-18 23:00:00.000,2008,1,18,23,14009KT,15,07
2008-01-19 00:00:00.000,2008,1,19,0,14007KT,13,07
2008-01-19 01:00:00.000,2008,1,19,1,08007KT,13,08
2008-01-19 02:00:00.000,2008,1,19,2,06008KT,11,09
2008-01-19 03:00:00.000,2008,1,19,3,02004KT,09,07
2008-01-19 04:00:00.000,2008,1,19,4,03004KT,09,07
2008-01-19 05:00:00.000,2008,1,19,5,00000KT,08,08
2008-01-19 06:00:00.000,2008,1,19,6,04004KT,07,07
2008-01-19 07:00:00.000,2008,1,19,7,VRB02KT,07,06
2008-01-19 08:00:00.000,2008,1,19,8,04004KT,06,06
2008-01-19 09:00:00.000,2008,1,19,9,35004KT,06,06
2008-01-19 10:00:00.000,2008,1,19,10,02004KT,06,05
2008-01-19 11:00:00.000,2008,1,19,11,00000KT,05,05
2008-01-19 12:00:00.000,2008,1,19,12,VRB02KT,05,05
2008-01-19 13:00:00.000,2008,1,19,13,05008KT,09,08
2008-01-19 14:00:00.000,2008,1,19,14,06008KT,13,08
2008-01-19 15:00:00.000,2008,1,19,15,08006KT,15,08
2008-01-19 16:00:00.000,2008,1,19,16,12010KT,17,06
2008-01-19 17:00:00.000,2008,1,19,17,10012KT,18,07
2008-01-19 18:00:00.000,2008,1,19,18,10013KT,17,07
2008-01-19 19:00:00.000,2008,1,19,19,12012KT,17,07
2008-01-19 21:00:00.000,2008,1,19,21,12015KT,16,08
2008-01-19 22:00:00.000,2008,1,19,22,11012KT,15,08
2008-01-19 23:00:00.000,2008,1,19,23,13010KT,14,08
2008-01-20 00:00:00.000,2008,1,20,0,09005KT,14,08
2008-01-20 01:00:00.000,2008,1,20,1,08007KT,14,08
2008-01-20 02:00:00.000,2008,1,20,2,08009KT,13,09
2008-01-20 03:00:00.000,2008,1,20,3,04005KT,11,09
2008-01-20 04:00:00.000,2008,1,20,4,08005KT,11,08
2008-01-20 05:00:00.000,2008,1,20,5,02004KT,09,09
2008-01-20 06:00:00.000,2008,1,20,6,02005KT,08,07
2008-01-20 07:00:00.000,2008,1,20,7,27004KT,07,07
2008-01-20 08:00:00.000,2008,1,20,8,00000KT,05,05
2008-01-20 09:00:00.000,2008,1,20,9,VRB02KT,06,06
2008-01-20 10:00:00.000,2008,1,20,10,VRB02KT,05,05
2008-01-20 11:00:00.000,2008,1,20,11,28004KT,05,05
2008-01-20 12:00:00.000,2008,1,20,12,02004KT,06,05
2008-01-20 13:00:00.000,2008,1,20,13,03007KT,10,08
2008-01-20 14:00:00.000,2008,1,20,14,05007KT,14,07
2008-01-20 15:00:00.000,2008,1,20,15,06008KT,16,08
2008-01-20 16:00:00.000,2008,1,20,16,VRB02KT,18,08
2008-01-20 17:00:00.000,2008,1,20,17,18005KT,20,06
2008-01-20 18:00:00.000,2008,1,20,18,16006KT,20,06
2008-01-20 19:00:00.000,2008,1,20,19,28012KT,18,11
2008-01-20 20:00:00.000,2008,1,20,20,28012KT,16,13
2008-01-20 21:00:00.000,2008,1,20,21,26009KT,15,13
2008-01-20 22:00:00.000,2008,1,20,22,25008KT,14,12
2008-01-20 23:00:00.000,2008,1,20,23,27005KT,14,12
2008-01-21 00:00:00.000,2008,1,21,0,34007KT,13,12
2008-01-21 01:00:00.000,2008,1,21,1,29004KT,13,12
2008-01-21 02:00:00.000,2008,1,21,2,33004KT,12,11
2008-01-21 03:00:00.000,2008,1,21,3,00000KT,10,10
2008-01-21 04:00:00.000,2008,1,21,4,31003KT,10,10
2008-01-21 05:00:00.000,2008,1,21,5,VRB02KT,11,10
2008-01-21 06:00:00.000,2008,1,21,6,02004KT,11,11
2008-01-21 07:00:00.000,2008,1,21,7,05004KT,11,10
2008-01-21 08:00:00.000,2008,1,21,8,01003KT,10,10
2008-01-21 09:00:00.000,2008,1,21,9,32003KT,09,09
2008-01-21 10:00:00.000,2008,1,21,10,VRB02KT,08,08
2008-01-21 12:00:00.000,2008,1,21,12,VRB02KT,06,06
2008-01-21 13:00:00.000,2008,1,21,13,34004KT,09,08
2008-01-21 14:00:00.000,2008,1,21,14,VRB02KT,11,10
2008-01-21 15:00:00.000,2008,1,21,15,35004KT,13,13
2008-01-21 16:00:00.000,2008,1,21,16,VRB02KT,14,12
2008-01-21 17:00:00.000,2008,1,21,17,06007KT,16,12
2008-01-21 18:00:00.000,2008,1,21,18,VRB02KT,17,10
2008-01-21 19:00:00.000,2008,1,21,19,03005KT,17,11
2008-01-21 20:00:00.000,2008,1,21,20,VRB02KT,18,10
2008-01-21 21:00:00.000,2008,1,21,21,28004KT,19,10
2008-01-21 22:00:00.000,2008,1,21,22,15004KT,17,11
2008-01-22 00:00:00.000,2008,1,22,0,VRB02KT,13,13
2008-01-22 01:00:00.000,2008,1,22,1,VRB02KT,12,11
2008-01-22 02:00:00.000,2008,1,22,2,VRB02KT,11,11
2008-01-22 03:00:00.000,2008,1,22,3,01004KT,10,10
2008-01-22 04:00:00.000,2008,1,22,4,00000KT,09,09
2008-01-22 05:00:00.000,2008,1,22,5,00000KT,08,08
2008-01-22 06:00:00.000,2008,1,22,6,VRB02KT,07,07
2008-01-22 07:00:00.000,2008,1,22,7,VRB02KT,06,06
2008-01-22 08:00:00.000,2008,1,22,8,VRB02KT,05,05
2008-01-22 09:00:00.000,2008,1,22,9,VRB02KT,04,04
2008-01-22 10:00:00.000,2008,1,22,10,VRB02KT,03,03
2008-01-22 11:00:00.000,2008,1,22,11,00000KT,03,03
2008-01-22 12:00:00.000,2008,1,22,12,VRB02KT,03,03
2008-01-22 13:00:00.000,2008,1,22,13,VRB02KT,06,06
2008-01-22 14:00:00.000,2008,1,22,14,04005KT,10,10
2008-01-22 15:00:00.000,2008,1,22,15,05004KT,15,10
2008-01-22 16:00:00.000,2008,1,22,16,05004KT,17,06
2008-01-22 17:00:00.000,2008,1,22,17,14012KT,19,07
2008-01-22 18:00:00.000,2008,1,22,18,16010KT,20,07
2008-01-22 19:00:00.000,2008,1,22,19,14010KT,20,06
2008-01-22 20:00:00.000,2008,1,22,20,04008KT,18,07
2008-01-22 21:00:00.000,2008,1,22,21,33005KT,18,07
2008-01-22 22:00:00.000,2008,1,22,22,23010KT,17,12
2008-01-22 23:00:00.000,2008,1,22,23,30008KT,14,13
2008-01-23 00:00:00.000,2008,1,23,0,VRB02KT,13,12
2008-01-23 01:00:00.000,2008,1,23,1,VRB02KT,13,12
2008-01-23 02:00:00.000,2008,1,23,2,VRB02KT,12,11
2008-01-23 03:00:00.000,2008,1,23,3,VRB02KT,11,11
2008-01-23 04:00:00.000,2008,1,23,4,03008KT,10,10
2008-01-23 05:00:00.000,2008,1,23,5,VRB02KT,09,09
2008-01-23 06:00:00.000,2008,1,23,6,01004KT,09,08
2008-01-23 07:00:00.000,2008,1,23,7,04004KT,08,08
2008-01-23 08:00:00.000,2008,1,23,8,VRB02KT,07,06
2008-01-23 09:00:00.000,2008,1,23,9,00000KT,07,06
2008-01-23 10:00:00.000,2008,1,23,10,00000KT,06,06
2008-01-23 11:00:00.000,2008,1,23,11,00000KT,04,04
2008-01-23 12:00:00.000,2008,1,23,12,36004KT,05,05
2008-01-23 13:00:00.000,2008,1,23,13,02004KT,09,09
2008-01-23 14:00:00.000,2008,1,23,14,03007KT,13,11
2008-01-23 15:00:00.000,2008,1,23,15,02007KT,16,11
2008-01-23 16:00:00.000,2008,1,23,16,VRB02KT,17,08
2008-01-23 17:00:00.000,2008,1,23,17,06005KT,18,09
2008-01-23 18:00:00.000,2008,1,23,18,07009KT,20,08
2008-01-23 19:00:00.000,2008,1,23,19,25008KT,18,11
2008-01-23 20:00:00.000,2008,1,23,20,23005KT,19,11
2008-01-23 21:00:00.000,2008,1,23,21,25008KT,17,13
2008-01-23 22:00:00.000,2008,1,23,22,31008KT,16,13
2008-01-23 23:00:00.000,2008,1,23,23,28006KT,15,13
2008-01-24 01:00:00.000,2008,1,24,1,31003KT,13,13
2008-01-24 02:00:00.000,2008,1,24,2,02004KT,13,13
2008-01-24 03:00:00.000,2008,1,24,3,04004KT,12,11
2008-01-24 04:00:00.000,2008,1,24,4,04006KT,11,11
2008-01-24 05:00:00.000,2008,1,24,5,04004KT,10,10
2008-01-24 06:00:00.000,2008,1,24,6,04006KT,10,10
2008-01-24 07:00:00.000,2008,1,24,7,05004KT,09,09
2008-01-24 08:00:00.000,2008,1,24,8,05004KT,10,10
2008-01-24 09:00:00.000,2008,1,24,9,VRB02KT,08,08
2008-01-24 10:00:00.000,2008,1,24,10,06005KT,08,08
2008-01-24 11:00:00.000,2008,1,24,11,05005KT,07,07
2008-01-24 12:00:00.000,2008,1,24,12,04006KT,09,08
2008-01-24 13:00:00.000,2008,1,24,13,04007KT,11,10
2008-01-24 14:00:00.000,2008,1,24,14,04007KT,14,11
2008-01-24 15:00:00.000,2008,1,24,15,04009KT,16,10
2008-01-24 16:00:00.000,2008,1,24,16,12010KT,17,10
2008-01-24 17:00:00.000,2008,1,24,17,12011KT,18,09
2008-01-24 18:00:00.000,2008,1,24,18,15006KT,19,07
2008-01-24 19:00:00.000,2008,1,24,19,04005KT,19,08
2008-01-24 20:00:00.000,2008,1,24,20,25008KT,18,13
2008-01-24 21:00:00.000,2008,1,24,21,26009KT,17,13
2008-01-24 22:00:00.000,2008,1,24,22,07008KT,15,12
2008-01-24 23:00:00.000,2008,1,24,23,31003KT,14,12
2008-01-25 00:00:00.000,2008,1,25,0,VRB02KT,13,12
2008-01-25 01:00:00.000,2008,1,25,1,00000KT,13,13
2008-01-25 02:00:00.000,2008,1,25,2,VRB02KT,11,11
2008-01-25 03:00:00.000,2008,1,25,3,00000KT,10,10
2008-01-25 04:00:00.000,2008,1,25,4,00000KT,09,09
2008-01-25 05:00:00.000,2008,1,25,5,00000KT,09,09
2008-01-25 07:00:00.000,2008,1,25,7,01005KT,11,10
2008-01-25 08:00:00.000,2008,1,25,8,05005KT,11,11
2008-01-25 09:00:00.000,2008,1,25,9,00000KT,10,10
2008-01-25 10:00:00.000,2008,1,25,10,00000KT,10,10
2008-01-25 11:00:00.000,2008,1,25,11,03004KT,10,09
2008-01-25 12:00:00.000,2008,1,25,12,05004KT,11,11
2008-01-25 13:00:00.000,2008,1,25,13,03004KT,11,11
2008-01-25 14:00:00.000,2008,1,25,14,04009KT,13,12
2008-01-25 15:00:00.000,2008,1,25,15,02007KT,15,13
2008-01-25 16:00:00.000,2008,1,25,16,36004KT,17,11
2008-01-25 17:00:00.000,2008,1,25,17,VRB02KT,18,11
2008-01-25 18:00:00.000,2008,1,25,18,34005KT,19,10
2008-01-25 19:00:00.000,2008,1,25,19,27012KT,17,14
2008-01-25 20:00:00.000,2008,1,25,20,28012KT,16,13
2008-01-25 21:00:00.000,2008,1,25,21,27012KT,15,14
2008-01-25 22:00:00.000,2008,1,25,22,27008KT,15,13
2008-01-25 23:00:00.000,2008,1,25,23,22005KT,14,13
2008-01-26 00:00:00.000,2008,1,26,0,23007KT,14,13
2008-01-26 01:00:00.000,2008,1,26,1,29004KT,13,13
2008-01-26 02:00:00.000,2008,1,26,2,31005KT,13,13
2008-01-26 03:00:00.000,2008,1,26,3,33004KT,12,12
2008-01-26 04:00:00.000,2008,1,26,4,25003KT,12,12
2008-01-26 05:00:00.000,2008,1,26,5,12005KT,12,11
2008-01-26 06:00:00.000,2008,1,26,6,VRB02KT,12,11
2008-01-26 07:00:00.000,2008,1,26,7,VRB02KT,12,11
2008-01-26 09:00:00.000,2008,1,26,9,01003KT,1,11
2008-01-26 10:00:00.000,2008,1,26,10,16003KT,11,11
2008-01-26 11:00:00.000,2008,1,26,11,03004KT,11,11
2008-01-26 12:00:00.000,2008,1,26,12,03004KT,11,11
2008-01-26 13:00:00.000,2008,1,26,13,01004KT,12,12
2008-01-26 14:00:00.000,2008,1,26,14,36004KT,13,12
2008-01-26 15:00:00.000,2008,1,26,15,03010KT,13,12
2008-01-26 16:00:00.000,2008,1,26,16,03004KT,15,11
2008-01-26 17:00:00.000,2008,1,26,17,03007KT,15,13
2008-01-26 18:00:00.000,2008,1,26,18,05005KT,16,13
2008-01-26 19:00:00.000,2008,1,26,19,28004KT,14,14
2008-01-26 20:00:00.000,2008,1,26,20,29007KT,13,13
2008-01-26 21:00:00.000,2008,1,26,21,26004KT,13,13
2008-01-26 22:00:00.000,2008,1,26,22,30004KT,13,13
2008-01-26 23:00:00.000,2008,1,26,23,VRB02KT,13,13
2008-01-27 00:00:00.000,2008,1,27,0,VRB02KT,13,12
2008-01-27 01:00:00.000,2008,1,27,1,28003KT,13,12
2008-01-27 02:00:00.000,2008,1,27,2,VRB02KT,12,11
2008-01-27 05:00:00.000,2008,1,27,5,00000KT,12,11
2008-01-27 07:00:00.000,2008,1,27,7,VRB02KT,12,11
2008-01-27 09:00:00.000,2008,1,27,9,VRB02KT,11,10
2008-01-27 10:00:00.000,2008,1,27,10,00000KT,11,10
2008-01-27 11:00:00.000,2008,1,27,11,00000KT,11,10
2008-01-27 12:00:00.000,2008,1,27,12,34006KT,10,10
2008-01-27 13:00:00.000,2008,1,27,13,00000KT,12,12
2008-01-27 14:00:00.000,2008,1,27,14,03003KT,13,11
2008-01-27 15:00:00.000,2008,1,27,15,33003KT,15,13
2008-01-27 16:00:00.000,2008,1,27,16,30004KT,16,10
2008-01-27 17:00:00.000,2008,1,27,17,30006KT,18,12
2008-01-27 18:00:00.000,2008,1,27,18,28014KT,18,14
2008-01-27 19:00:00.000,2008,1,27,19,28009KT,19,12
2008-01-27 20:00:00.000,2008,1,27,20,31014KT,17,13
2008-01-27 21:00:00.000,2008,1,27,21,32012KT,16,13
2008-01-27 22:00:00.000,2008,1,27,22,31012KT,15,12
2008-01-27 23:00:00.000,2008,1,27,23,31010KT,14,12
2008-01-28 00:00:00.000,2008,1,28,0,25005KT,13,12
2008-01-28 01:00:00.000,2008,1,28,1,26004KT,12,12
2008-01-28 02:00:00.000,2008,1,28,2,VRB02KT,11,11
2008-01-28 03:00:00.000,2008,1,28,3,VRB02KT,10,10
2008-01-28 05:00:00.000,2008,1,28,5,VRB02KT,10,09
2008-01-28 06:00:00.000,2008,1,28,6,00000KT,09,09
2008-01-28 07:00:00.000,2008,1,28,7,VRB02KT,08,08
2008-01-28 08:00:00.000,2008,1,28,8,25004KT,08,08
2008-01-28 09:00:00.000,2008,1,28,9,28004KT,06,06
2008-01-28 10:00:00.000,2008,1,28,10,00000KT,05,04
2008-01-28 11:00:00.000,2008,1,28,11,00000KT,04,04
2008-01-28 12:00:00.000,2008,1,28,12,VRB02KT,06,05
2008-01-28 13:00:00.000,2008,1,28,13,05006KT,11,09
2008-01-28 14:00:00.000,2008,1,28,14,03006KT,13,11
2008-01-28 15:00:00.000,2008,1,28,15,01003KT,16,11
2008-01-28 16:00:00.000,2008,1,28,16,30004KT,17,11
2008-01-28 17:00:00.000,2008,1,28,17,30008KT,19,08
2008-01-28 18:00:00.000,2008,1,28,18,27007KT,19,10
2008-01-28 19:00:00.000,2008,1,28,19,25010KT,18,12
2008-01-28 21:00:00.000,2008,1,28,21,24007KT,17,11
2008-01-28 22:00:00.000,2008,1,28,22,26008KT,17,12
2008-01-28 23:00:00.000,2008,1,28,23,26008KT,14,12
2008-01-29 02:00:00.000,2008,1,29,2,27005KT,10,10
2008-01-29 03:00:00.000,2008,1,29,3,30004KT,10,10
2008-01-29 04:00:00.000,2008,1,29,4,32007KT,10,09
2008-01-29 05:00:00.000,2008,1,29,5,27003KT,09,09
2008-01-29 06:00:00.000,2008,1,29,6,30005KT,09,09
2008-01-29 07:00:00.000,2008,1,29,7,VRB02KT,07,07
2008-01-29 09:00:00.000,2008,1,29,9,VRB02KT,06,06
2008-01-29 10:00:00.000,2008,1,29,10,29003KT,05,04
2008-01-29 11:00:00.000,2008,1,29,11,VRB02KT,03,03
2008-01-29 13:00:00.000,2008,1,29,13,29004KT,06,05
2008-01-29 14:00:00.000,2008,1,29,14,02005KT,11,09
2008-01-29 15:00:00.000,2008,1,29,15,34004KT,14,07
2008-01-29 16:00:00.000,2008,1,29,16,VRB02KT,17,05
2008-01-29 17:00:00.000,2008,1,29,17,27007KT,18,01
2008-01-29 18:00:00.000,2008,1,29,18,35005KT,20,01
2008-01-29 19:00:00.000,2008,1,29,19,27007KT,19,09
2008-01-29 20:00:00.000,2008,1,29,20,24007KT,17,10
2008-01-29 21:00:00.000,2008,1,29,21,27004KT,16,12
2008-01-29 22:00:00.000,2008,1,29,22,28010KT,15,10
2008-01-30 00:00:00.000,2008,1,30,0,23004KT,12,12
2008-01-30 03:00:00.000,2008,1,30,3,VRB02KT,11,11
2008-01-30 04:00:00.000,2008,1,30,4,VRB02KT,11,11
2008-01-30 05:00:00.000,2008,1,30,5,VRB02KT,11,11
2008-01-30 06:00:00.000,2008,1,30,6,VRB02KT,11,11
2008-01-30 07:00:00.000,2008,1,30,7,28004KT,11,10
2008-01-30 08:00:00.000,2008,1,30,8,25004KT,10,10
2008-01-30 09:00:00.000,2008,1,30,9,VRB02KT,10,09
2008-01-30 10:00:00.000,2008,1,30,10,24004KT,09,09
2008-01-30 13:00:00.000,2008,1,30,13,33005KT,10,10
2008-01-30 14:00:00.000,2008,1,30,14,33008KT,13,10
2008-01-30 15:00:00.000,2008,1,30,15,09004KT,15,10
2008-01-30 16:00:00.000,2008,1,30,16,33004KT,17,10
2008-01-30 17:00:00.000,2008,1,30,17,33008KT,19,09
2008-01-30 18:00:00.000,2008,1,30,18,26005KT,19,08
2008-01-30 19:00:00.000,2008,1,30,19,28011KT,18,09
2008-01-30 20:00:00.000,2008,1,30,20,31007KT,17,09
2008-01-30 21:00:00.000,2008,1,30,21,27008KT,16,10
2008-01-30 23:00:00.000,2008,1,30,23,26007KT,13,11
2008-01-31 00:00:00.000,2008,1,31,0,26006KT,13,11
2008-01-31 01:00:00.000,2008,1,31,1,28003KT,13,11
2008-01-31 02:00:00.000,2008,1,31,2,31006KT,12,11
2008-01-31 03:00:00.000,2008,1,31,3,31008KT,12,11
2008-01-31 04:00:00.000,2008,1,31,4,31006KT,11,10
2008-01-31 05:00:00.000,2008,1,31,5,32006KT,11,10
2008-01-31 06:00:00.000,2008,1,31,6,30006KT,10,09
2008-01-31 07:00:00.000,2008,1,31,7,29006KT,10,09
2008-01-31 08:00:00.000,2008,1,31,8,32006KT,09,08
2008-01-31 09:00:00.000,2008,1,31,9,32004KT,10,09
2008-01-31 10:00:00.000,2008,1,31,10,29003KT,09,08
2008-01-31 13:00:00.000,2008,1,31,13,02003KT,11,10
2008-01-31 14:00:00.000,2008,1,31,14,VRB02KT,13,11
2008-01-31 15:00:00.000,2008,1,31,15,VRB02KT,15,09
2008-01-31 16:00:00.000,2008,1,31,16,30003KT,18,08
2008-01-31 17:00:00.000,2008,1,31,17,34007KT,18,01
2008-01-31 18:00:00.000,2008,1,31,18,27013KT,18,09
2008-01-31 19:00:00.000,2008,1,31,19,27014KT,16,09
2008-01-31 20:00:00.000,2008,1,31,20,27013KT,15,10
2008-01-31 21:00:00.000,2008,1,31,21,27012KT,15,10
2008-01-31 22:00:00.000,2008,1,31,22,27010KT,15,10
2008-01-31 23:00:00.000,2008,1,31,23,30006KT,14,11
2008-02-01 00:00:00.000,2008,2,1,0,31005KT,12,10
2008-02-01 01:00:00.000,2008,2,1,1,29006KT,11,10
2008-02-01 02:00:00.000,2008,2,1,2,VRB02KT,11,10
2008-02-01 03:00:00.000,2008,2,1,3,25004KT,11,10
2008-02-01 04:00:00.000,2008,2,1,4,26004KT,10,09
2008-02-01 08:00:00.000,2008,2,1,8,VRB02KT,08,08
2008-02-01 11:00:00.000,2008,2,1,11,VRB02KT,07,07
2008-02-01 12:00:00.000,2008,2,1,12,VRB02KT,04,04
2008-02-01 14:00:00.000,2008,2,1,14,31006KT,11,11
2008-02-01 15:00:00.000,2008,2,1,15,31006KT,14,08
2008-02-01 16:00:00.000,2008,2,1,16,27007KT,16,07
2008-02-01 17:00:00.000,2008,2,1,17,32010KT,17,07
2008-02-01 18:00:00.000,2008,2,1,18,29010KT,18,07
2008-02-01 19:00:00.000,2008,2,1,19,30015KT,18,08
2008-02-01 20:00:00.000,2008,2,1,20,32016KT,17,08
2008-02-01 21:00:00.000,2008,2,1,21,31015KT,17,07
2008-02-01 22:00:00.000,2008,2,1,22,31015KT,15,10
2008-02-01 23:00:00.000,2008,2,1,23,31009KT,13,10
2008-02-02 01:00:00.000,2008,2,2,1,27004KT,11,10
2008-02-02 02:00:00.000,2008,2,2,2,28004KT,10,09
2008-02-02 03:00:00.000,2008,2,2,3,VRB02KT,09,09
2008-02-02 04:00:00.000,2008,2,2,4,00000KT,08,08
2008-02-02 06:00:00.000,2008,2,2,6,28004KT,08,07
2008-02-02 07:00:00.000,2008,2,2,7,25004KT,07,06
2008-02-02 09:00:00.000,2008,2,2,9,00000KT,05,05
2008-02-02 10:00:00.000,2008,2,2,10,36004KT,04,04
2008-02-02 11:00:00.000,2008,2,2,11,00000KT,02,02
2008-02-02 13:00:00.000,2008,2,2,13,VRB02KT,06,06
2008-02-02 15:00:00.000,2008,2,2,15,VRB02KT,14,10
2008-02-02 16:00:00.000,2008,2,2,16,29005KT,15,09
2008-02-02 17:00:00.000,2008,2,2,17,30007KT,17,11
2008-02-02 18:00:00.000,2008,2,2,18,31014KT,17,11
2008-02-02 20:00:00.000,2008,2,2,20,33015KT,17,11
2008-02-02 21:00:00.000,2008,2,2,21,33013KT,16,11
2008-02-02 23:00:00.000,2008,2,2,23,31010KT,12,10
2008-02-03 00:00:00.000,2008,2,3,0,29007KT,12,11
2008-02-03 01:00:00.000,2008,2,3,1,32006KT,12,11
2008-02-03 02:00:00.000,2008,2,3,2,27003KT,11,10
2008-02-03 03:00:00.000,2008,2,3,3,31006KT,10,09
2008-02-03 04:00:00.000,2008,2,3,4,30005KT,08,08
2008-02-03 06:00:00.000,2008,2,3,6,00000KT,07,07
2008-02-03 07:00:00.000,2008,2,3,7,27003KT,07,06
2008-02-03 08:00:00.000,2008,2,3,8,00000KT,05,05
2008-02-03 09:00:00.000,2008,2,3,9,00000KT,04,03
2008-02-03 10:00:00.000,2008,2,3,10,00000KT,02,02
2008-02-03 11:00:00.000,2008,2,3,11,00000KT,02,01
2008-02-03 12:00:00.000,2008,2,3,12,VRB02KT,03,02
2008-02-03 13:00:00.000,2008,2,3,13,VRB02KT,07,06
2008-02-03 14:00:00.000,2008,2,3,14,VRB02KT,11,09
2008-02-03 15:00:00.000,2008,2,3,15,34004KT,14,07
2008-02-03 16:00:00.000,2008,2,3,16,32006KT,16,08
2008-02-03 17:00:00.000,2008,2,3,17,30010KT,17,08
2008-02-03 18:00:00.000,2008,2,3,18,30012KT,17,09
2008-02-03 19:00:00.000,2008,2,3,19,29012KT,17,08
2008-02-03 20:00:00.000,2008,2,3,20,26012KT,17,08
2008-02-03 21:00:00.000,2008,2,3,21,28012KT,16,09
2008-02-03 22:00:00.000,2008,2,3,22,26008KT,15,09
2008-02-03 23:00:00.000,2008,2,3,23,26006KT,13,11
2008-02-04 00:00:00.000,2008,2,4,0,31004KT,12,11
2008-02-04 01:00:00.000,2008,2,4,1,31005KT,11,11
2008-02-04 02:00:00.000,2008,2,4,2,27003KT,11,11
2008-02-04 03:00:00.000,2008,2,4,3,27003KT,10,10
2008-02-04 04:00:00.000,2008,2,4,4,25003KT,10,09
2008-02-04 05:00:00.000,2008,2,4,5,30003KT,09,08
2008-02-04 06:00:00.000,2008,2,4,6,00000KT,08,08
2008-02-04 07:00:00.000,2008,2,4,7,33004KT,07,07
2008-02-04 08:00:00.000,2008,2,4,8,00000KT,06,06
2008-02-04 09:00:00.000,2008,2,4,9,34003KT,05,05
2008-02-04 10:00:00.000,2008,2,4,10,VRB02KT,05,05
2008-02-04 11:00:00.000,2008,2,4,11,00000KT,05,05
2008-02-04 12:00:00.000,2008,2,4,12,28004KT,05,05
2008-02-04 13:00:00.000,2008,2,4,13,34004KT,06,06
2008-02-04 14:00:00.000,2008,2,4,14,VRB02KT,09,09
2008-02-04 15:00:00.000,2008,2,4,15,04005KT,14,06
2008-02-04 16:00:00.000,2008,2,4,16,15008KT,18,00
2008-02-04 17:00:00.000,2008,2,4,17,15011KT,19,00
2008-02-04 18:00:00.000,2008,2,4,18,20012KT,18,09
2008-02-04 19:00:00.000,2008,2,4,19,25014KT,17,10
2008-02-04 20:00:00.000,2008,2,4,20,22014KT,17,09
2008-02-04 21:00:00.000,2008,2,4,21,24014KT,15,10
2008-02-04 22:00:00.000,2008,2,4,22,27010KT,15,10
2008-02-05 00:00:00.000,2008,2,5,0,08004KT,11,10
2008-02-05 01:00:00.000,2008,2,5,1,31004KT,10,09
2008-02-05 02:00:00.000,2008,2,5,2,VRB03KT,09,08
2008-02-05 12:00:00.000,2008,2,5,12,05006KT,06,06
2008-02-05 13:00:00.000,2008,2,5,13,03004KT,09,08
2008-02-05 14:00:00.000,2008,2,5,14,05003KT,12,09
2008-02-05 16:00:00.000,2008,2,5,16,12012KT,17,04
2008-02-05 18:00:00.000,2008,2,5,18,15007KT,17,06
2008-02-05 19:00:00.000,2008,2,5,19,24010KT,17,09
2008-02-05 20:00:00.000,2008,2,5,20,22007KT,18,07
2008-02-05 21:00:00.000,2008,2,5,21,25008KT,17,09
2008-02-05 22:00:00.000,2008,2,5,22,32012KT,15,09
2008-02-05 23:00:00.000,2008,2,5,23,27005KT,14,07
2008-02-06 00:00:00.000,2008,2,6,0,10004KT,13,07
2008-02-06 01:00:00.000,2008,2,6,1,00000KT,13,07
2008-02-06 02:00:00.000,2008,2,6,2,07007KT,12,08
2008-02-06 03:00:00.000,2008,2,6,3,VRB02KT,11,08
2008-02-06 04:00:00.000,2008,2,6,4,27005KT,11,08
2008-02-06 05:00:00.000,2008,2,6,5,08005KT,12,08
2008-02-06 06:00:00.000,2008,2,6,6,VRB02KT,10,08
2008-02-06 07:00:00.000,2008,2,6,7,VRB02KT,10,08
2008-02-06 08:00:00.000,2008,2,6,8,00000KT,07,07
2008-02-06 09:00:00.000,2008,2,6,9,00000KT,07,07
2008-02-06 10:00:00.000,2008,2,6,10,00000KT,06,06
2008-02-06 12:00:00.000,2008,2,6,12,32003KT,07,07
2008-02-06 13:00:00.000,2008,2,6,13,35004KT,10,09
2008-02-06 14:00:00.000,2008,2,6,14,05008KT,12,10
2008-02-06 15:00:00.000,2008,2,6,15,10012KT,13,10
2008-02-06 16:00:00.000,2008,2,6,16,14012KT,16,10
2008-02-06 17:00:00.000,2008,2,6,17,10012KT,16,09
2008-02-06 18:00:00.000,2008,2,6,18,18008KT,17,08
2008-02-06 19:00:00.000,2008,2,6,19,20005KT,17,08
2008-02-06 20:00:00.000,2008,2,6,20,15010KT,17,08
2008-02-06 21:00:00.000,2008,2,6,21,16008KT,17,08
2008-02-06 22:00:00.000,2008,2,6,22,15006KT,16,08
2008-02-06 23:00:00.000,2008,2,6,23,12008KT,15,08
2008-02-07 00:00:00.000,2008,2,7,0,14006KT,14,09
2008-02-07 01:00:00.000,2008,2,7,1,10008KT,14,08
2008-02-07 04:00:00.000,2008,2,7,4,00000KT,10,09
2008-02-07 05:00:00.000,2008,2,7,5,00000KT,09,08
2008-02-07 07:00:00.000,2008,2,7,7,00000KT,09,08
2008-02-07 10:00:00.000,2008,2,7,10,05004KT,07,06
2008-02-07 11:00:00.000,2008,2,7,11,32003KT,08,07
2008-02-07 13:00:00.000,2008,2,7,13,04005KT,13,11
2008-02-07 14:00:00.000,2008,2,7,14,08006KT,16,09
2008-02-07 16:00:00.000,2008,2,7,16,12014KT,17,09
2008-02-07 17:00:00.000,2008,2,7,17,18008KT,18,07
2008-02-07 18:00:00.000,2008,2,7,18,19004KT,18,07
2008-02-07 19:00:00.000,2008,2,7,19,13007KT,19,06
2008-02-07 21:00:00.000,2008,2,7,21,19012KT,20,05
2008-02-07 22:00:00.000,2008,2,7,22,13008KT,19,05
2008-02-07 23:00:00.000,2008,2,7,23,25005KT,17,10
2008-02-08 00:00:00.000,2008,2,8,0,27004KT,13,13
2008-02-08 01:00:00.000,2008,2,8,1,VRB02KT,12,12
2008-02-08 02:00:00.000,2008,2,8,2,VRB02KT,12,11
2008-02-08 03:00:00.000,2008,2,8,3,00000KT,11,10
2008-02-08 04:00:00.000,2008,2,8,4,03005KT,10,09
2008-02-08 05:00:00.000,2008,2,8,5,VRB02KT,10,09
2008-02-08 06:00:00.000,2008,2,8,6,VRB02KT,09,09
2008-02-08 07:00:00.000,2008,2,8,7,00000KT,09,09
2008-02-08 08:00:00.000,2008,2,8,8,03004KT,08,08
2008-02-08 09:00:00.000,2008,2,8,9,36004KT,09,08
2008-02-08 10:00:00.000,2008,2,8,10,02005KT,07,07
2008-02-08 11:00:00.000,2008,2,8,11,VRB02KT,09,08
2008-02-08 12:00:00.000,2008,2,8,12,VRB02KT,09,08
2008-02-08 14:00:00.000,2008,2,8,14,03005KT,13,10
2008-02-08 15:00:00.000,2008,2,8,15,VRB02KT,15,09
2008-02-08 16:00:00.000,2008,2,8,16,15010KT,17,09
2008-02-08 17:00:00.000,2008,2,8,17,15010KT,18,08
2008-02-08 18:00:00.000,2008,2,8,18,10004KT,18,08
2008-02-08 19:00:00.000,2008,2,8,19,14012KT,19,09
2008-02-08 21:00:00.000,2008,2,8,21,13014KT,18,08
2008-02-08 22:00:00.000,2008,2,8,22,14010KT,17,08
2008-02-08 23:00:00.000,2008,2,8,23,13006KT,16,08
2008-02-09 00:00:00.000,2008,2,9,0,08008KT,14,09
2008-02-09 01:00:00.000,2008,2,9,1,12004KT,13,09
2008-02-09 02:00:00.000,2008,2,9,2,04005KT,11,09
2008-02-09 03:00:00.000,2008,2,9,3,05008KT,12,10
2008-02-09 04:00:00.000,2008,2,9,4,22004KT,10,09
2008-02-09 05:00:00.000,2008,2,9,5,17004KT,12,10
2008-02-09 06:00:00.000,2008,2,9,6,04003KT,09,09
2008-02-09 07:00:00.000,2008,2,9,7,VRB02KT,10,09
2008-02-09 08:00:00.000,2008,2,9,8,34003KT,09,09
2008-02-09 09:00:00.000,2008,2,9,9,04004KT,10,09
2008-02-09 11:00:00.000,2008,2,9,11,00000KT,10,09
2008-02-09 12:00:00.000,2008,2,9,12,24003KT,10,10
2008-02-09 13:00:00.000,2008,2,9,13,05006KT,13,11
2008-02-09 14:00:00.000,2008,2,9,14,10012KT,15,10
2008-02-09 15:00:00.000,2008,2,9,15,12010KT,17,10
2008-02-09 16:00:00.000,2008,2,9,16,14008KT,18,09
2008-02-09 17:00:00.000,2008,2,9,17,10012KT,17,07
2008-02-09 18:00:00.000,2008,2,9,18,06009KT,17,09
2008-02-09 19:00:00.000,2008,2,9,19,13009KT,16,09
2008-02-09 20:00:00.000,2008,2,9,20,07009KT,17,10
2008-02-09 21:00:00.000,2008,2,9,21,14009KT,17,09
2008-02-09 22:00:00.000,2008,2,9,22,VRB02KT,17,09
2008-02-09 23:00:00.000,2008,2,9,23,09012KT,16,09
2008-02-10 00:00:00.000,2008,2,10,0,10010KT,14,09
2008-02-10 01:00:00.000,2008,2,10,1,08007KT,14,10
2008-02-10 02:00:00.000,2008,2,10,2,07006KT,14,09
2008-02-10 03:00:00.000,2008,2,10,3,05010KT,13,10
2008-02-10 04:00:00.000,2008,2,10,4,09008KT,13,10
2008-02-10 06:00:00.000,2008,2,10,6,04007KT,12,10
2008-02-10 08:00:00.000,2008,2,10,8,03006KT,11,10
2008-02-10 10:00:00.000,2008,2,10,10,06008KT,12,10
2008-02-10 11:00:00.000,2008,2,10,11,06010KT,12,10
2008-02-10 12:00:00.000,2008,2,10,12,09010KT,13,10
2008-02-10 13:00:00.000,2008,2,10,13,04006KT,12,10
2008-02-10 14:00:00.000,2008,2,10,14,06008KT,11,10
2008-02-10 15:00:00.000,2008,2,10,15,04004KT,12,11
2008-02-10 16:00:00.000,2008,2,10,16,03008KT,13,11
2008-02-10 17:00:00.000,2008,2,10,17,05012KT,14,12
2008-02-10 18:00:00.000,2008,2,10,18,08011KT,16,10
2008-02-10 19:00:00.000,2008,2,10,19,08010KT,17,11
2008-02-10 20:00:00.000,2008,2,10,20,09011KT,18,11
2008-02-10 22:00:00.000,2008,2,10,22,12006KT,17,09
2008-02-10 23:00:00.000,2008,2,10,23,23006KT,16,12
2008-02-11 00:00:00.000,2008,2,11,0,VRB02KT,13,13
2008-02-11 01:00:00.000,2008,2,11,1,30004KT,12,12
2008-02-11 02:00:00.000,2008,2,11,2,07004KT,13,12
2008-02-11 03:00:00.000,2008,2,11,3,VRB02KT,12,11
2008-02-11 04:00:00.000,2008,2,11,4,00000KT,11,11
2008-02-11 05:00:00.000,2008,2,11,5,04005KT,11,10
2008-02-11 06:00:00.000,2008,2,11,6,VRB02KT,11,10
2008-02-11 07:00:00.000,2008,2,11,7,07004KT,11,11
2008-02-11 08:00:00.000,2008,2,11,8,32004KT,11,10
2008-02-11 09:00:00.000,2008,2,11,9,01004KT,11,10
2008-02-11 10:00:00.000,2008,2,11,10,03004KT,11,11
2008-02-11 11:00:00.000,2008,2,11,11,05004KT,11,10
2008-02-11 12:00:00.000,2008,2,11,12,03006KT,11,10
2008-02-11 13:00:00.000,2008,2,11,13,05010KT,14,10
2008-02-11 14:00:00.000,2008,2,11,14,10010KT,15,09
2008-02-11 15:00:00.000,2008,2,11,15,11012KT,16,08
2008-02-11 16:00:00.000,2008,2,11,16,10008KT,17,09
2008-02-11 17:00:00.000,2008,2,11,17,14010KT,17,08
2008-02-11 18:00:00.000,2008,2,11,18,09010KT,17,09
2008-02-11 19:00:00.000,2008,2,11,19,11010KT,19,08
2008-02-11 20:00:00.000,2008,2,11,20,22007KT,19,08
2008-02-11 22:00:00.000,2008,2,11,22,24012KT,15,14
2008-02-11 23:00:00.000,2008,2,11,23,27007KT,14,13
2008-02-12 00:00:00.000,2008,2,12,0,30004KT,13,13
2008-02-12 01:00:00.000,2008,2,12,1,00000KT,13,11
2008-02-12 02:00:00.000,2008,2,12,2,30004KT,13,11
2008-02-12 03:00:00.000,2008,2,12,3,04004KT,11,10
2008-02-12 06:00:00.000,2008,2,12,6,00000KT,09,08
2008-02-12 07:00:00.000,2008,2,12,7,05007KT,10,09
2008-02-12 08:00:00.000,2008,2,12,8,03005KT,09,08
2008-02-12 09:00:00.000,2008,2,12,9,VRB02KT,09,08
2008-02-12 10:00:00.000,2008,2,12,10,VRB02KT,09,08
2008-02-12 11:00:00.000,2008,2,12,11,02007KT,09,08
2008-02-12 12:00:00.000,2008,2,12,12,07006KT,09,08
2008-02-12 14:00:00.000,2008,2,12,14,05010KT,14,11
2008-02-12 15:00:00.000,2008,2,12,15,10010KT,16,10
2008-02-12 16:00:00.000,2008,2,12,16,08010KT,16,09
2008-02-12 17:00:00.000,2008,2,12,17,12014KT,16,09
2008-02-12 18:00:00.000,2008,2,12,18,07011KT,17,09
2008-02-12 20:00:00.000,2008,2,12,20,10011KT,17,09
2008-02-12 21:00:00.000,2008,2,12,21,08011KT,17,09
2008-02-12 22:00:00.000,2008,2,12,22,08011KT,16,09
2008-02-13 00:00:00.000,2008,2,13,0,07006KT,14,09
2008-02-13 01:00:00.000,2008,2,13,1,09010KT,13,08
2008-02-13 02:00:00.000,2008,2,13,2,10010KT,14,09
2008-02-13 03:00:00.000,2008,2,13,3,11005KT,13,09
2008-02-13 04:00:00.000,2008,2,13,4,02004KT,12,10
2008-02-13 05:00:00.000,2008,2,13,5,06008KT,13,10
2008-02-13 07:00:00.000,2008,2,13,7,04006KT,11,09
2008-02-13 08:00:00.000,2008,2,13,8,04007KT,11,09
2008-02-13 10:00:00.000,2008,2,13,10,03003KT,12,09
2008-02-13 11:00:00.000,2008,2,13,11,05006KT,11,09
2008-02-13 12:00:00.000,2008,2,13,12,VRB02KT,11,10
2008-02-13 13:00:00.000,2008,2,13,13,04008KT,12,11
2008-02-13 15:00:00.000,2008,2,13,15,08010KT,16,10
2008-02-13 16:00:00.000,2008,2,13,16,04007KT,16,10
2008-02-13 17:00:00.000,2008,2,13,17,06007KT,17,11
2008-02-13 18:00:00.000,2008,2,13,18,10012KT,17,09
2008-02-13 19:00:00.000,2008,2,13,19,11013KT,17,09
2008-02-13 20:00:00.000,2008,2,13,20,13010KT,18,09
2008-02-13 21:00:00.000,2008,2,13,21,07010KT,17,10
2008-02-13 22:00:00.000,2008,2,13,22,08008KT,16,10
2008-02-13 23:00:00.000,2008,2,13,23,08010KT,16,09
2008-02-14 01:00:00.000,2008,2,14,1,06004KT,15,09
2008-02-14 02:00:00.000,2008,2,14,2,05006KT,14,10
2008-02-14 03:00:00.000,2008,2,14,3,07008KT,12,10
2008-02-14 04:00:00.000,2008,2,14,4,08008KT,12,10
2008-02-14 05:00:00.000,2008,2,14,5,10005KT,12,10
2008-02-14 06:00:00.000,2008,2,14,6,01003KT,12,10
2008-02-14 07:00:00.000,2008,2,14,7,03004KT,11,10
2008-02-14 08:00:00.000,2008,2,14,8,04006KT,11,11
2008-02-14 09:00:00.000,2008,2,14,9,05006KT,11,11
2008-02-14 10:00:00.000,2008,2,14,10,04010KT,11,11
2008-02-14 11:00:00.000,2008,2,14,11,04007KT,12,11
2008-02-14 14:00:00.000,2008,2,14,14,07007KT,15,10
2008-02-14 15:00:00.000,2008,2,14,15,08008KT,16,11
2008-02-14 16:00:00.000,2008,2,14,16,11010KT,17,10
2008-02-14 17:00:00.000,2008,2,14,17,08007KT,19,12
2008-02-14 18:00:00.000,2008,2,14,18,06006KT,18,10
2008-02-14 19:00:00.000,2008,2,14,19,25009KT,17,13
2008-02-14 20:00:00.000,2008,2,14,20,26007KT,17,12
2008-02-14 21:00:00.000,2008,2,14,21,26005KT,18,11
2008-02-14 23:00:00.000,2008,2,14,23,08008KT,16,09
2008-02-15 00:00:00.000,2008,2,15,0,09005KT,15,09
2008-02-15 01:00:00.000,2008,2,15,1,00000KT,14,10
2008-02-15 02:00:00.000,2008,2,15,2,00000KT,12,10
2008-02-15 03:00:00.000,2008,2,15,3,02007KT,11,09
2008-02-15 04:00:00.000,2008,2,15,4,02007KT,11,10
2008-02-15 05:00:00.000,2008,2,15,5,20004KT,11,10
2008-02-15 06:00:00.000,2008,2,15,6,03007KT,10,10
2008-02-15 07:00:00.000,2008,2,15,7,28004KT,09,09
2008-02-15 08:00:00.000,2008,2,15,8,02009KT,11,10
2008-02-15 09:00:00.000,2008,2,15,9,08007KT,10,09
2008-02-15 10:00:00.000,2008,2,15,10,03004KT,09,08
2008-02-15 11:00:00.000,2008,2,15,11,06005KT,08,08
2008-02-15 12:00:00.000,2008,2,15,12,03007KT,08,08
2008-02-15 14:00:00.000,2008,2,15,14,06005KT,14,08
2008-02-15 15:00:00.000,2008,2,15,15,08005KT,17,09
2008-02-15 16:00:00.000,2008,2,15,16,09004KT,18,07
2008-02-15 17:00:00.000,2008,2,15,17,15007KT,20,09
2008-02-15 18:00:00.000,2008,2,15,18,12010KT,19,06
2008-02-15 20:00:00.000,2008,2,15,20,22012KT,20,11
2008-02-15 21:00:00.000,2008,2,15,21,31014KT,16,13
2008-02-15 22:00:00.000,2008,2,15,22,29011KT,13,12
2008-02-16 00:00:00.000,2008,2,16,0,VRB02KT,13,12
2008-02-16 01:00:00.000,2008,2,16,1,19003KT,12,12
2008-02-16 02:00:00.000,2008,2,16,2,15004KT,12,11
2008-02-16 03:00:00.000,2008,2,16,3,12003KT,12,11
2008-02-16 04:00:00.000,2008,2,16,4,12003KT,12,11
2008-02-16 05:00:00.000,2008,2,16,5,18003KT,11,10
2008-02-16 06:00:00.000,2008,2,16,6,02006KT,10,10
2008-02-16 07:00:00.000,2008,2,16,7,35004KT,10,09
2008-02-16 08:00:00.000,2008,2,16,8,VRB02KT,09,08
2008-02-16 09:00:00.000,2008,2,16,9,06004KT,09,08
2008-02-16 10:00:00.000,2008,2,16,10,31004KT,08,08
2008-02-16 11:00:00.000,2008,2,16,11,03003KT,07,07
2008-02-16 12:00:00.000,2008,2,16,12,03004KT,08,08
2008-02-16 13:00:00.000,2008,2,16,13,01006KT,13,10
2008-02-16 14:00:00.000,2008,2,16,14,02008KT,14,12
2008-02-16 15:00:00.000,2008,2,16,15,05008KT,16,11
2008-02-16 17:00:00.000,2008,2,16,17,02006KT,18,09
2008-02-16 18:00:00.000,2008,2,16,18,VRB02KT,18,09
2008-02-16 19:00:00.000,2008,2,16,19,30005KT,18,13
2008-02-16 20:00:00.000,2008,2,16,20,30007KT,17,12
2008-02-16 21:00:00.000,2008,2,16,21,30007KT,17,12
2008-02-16 22:00:00.000,2008,2,16,22,14008KT,14,11
2008-02-16 23:00:00.000,2008,2,16,23,00000KT,12,11
2008-02-17 00:00:00.000,2008,2,17,0,29005KT,11,11
2008-02-17 01:00:00.000,2008,2,17,1,36005KT,11,10
2008-02-17 02:00:00.000,2008,2,17,2,33004KT,11,10
2008-02-17 03:00:00.000,2008,2,17,3,00000KT,11,10
2008-02-17 04:00:00.000,2008,2,17,4,00000KT,11,11
2008-02-17 05:00:00.000,2008,2,17,5,00000KT,11,11
2008-02-17 06:00:00.000,2008,2,17,6,00000KT,11,11
2008-02-17 08:00:00.000,2008,2,17,8,00000KT,11,10
2008-02-17 09:00:00.000,2008,2,17,9,00000KT,10,10
2008-02-17 10:00:00.000,2008,2,17,10,00000KT,10,10
2008-02-17 11:00:00.000,2008,2,17,11,VRB02KT,09,09
2008-02-17 12:00:00.000,2008,2,17,12,VRB02KT,09,09
2008-02-17 13:00:00.000,2008,2,17,13,VRB02KT,10,10
2008-02-17 14:00:00.000,2008,2,17,14,03004KT,13,12
2008-02-17 15:00:00.000,2008,2,17,15,05006KT,15,14
2008-02-17 16:00:00.000,2008,2,17,16,08006KT,16,13
2008-02-17 17:00:00.000,2008,2,17,17,VRB02KT,16,12
2008-02-17 18:00:00.000,2008,2,17,18,20006KT,18,09
2008-02-17 19:00:00.000,2008,2,17,19,28008KT,17,12
2008-02-17 20:00:00.000,2008,2,17,20,28012KT,16,13
2008-02-17 21:00:00.000,2008,2,17,21,28012KT,16,13
2008-02-17 23:00:00.000,2008,2,17,23,29008KT,15,12
2008-02-18 01:00:00.000,2008,2,18,1,VRB02KT,12,12
2008-02-18 02:00:00.000,2008,2,18,2,VRB02KT,12,12
2008-02-18 03:00:00.000,2008,2,18,3,00000KT,12,12
2008-02-18 04:00:00.000,2008,2,18,4,00000KT,12,11
2008-02-18 05:00:00.000,2008,2,18,5,VRB02KT,11,10
2008-02-18 06:00:00.000,2008,2,18,6,00000KT,11,11
2008-02-18 07:00:00.000,2008,2,18,7,00000KT,11,11
2008-02-18 08:00:00.000,2008,2,18,8,00000KT,11,11
2008-02-18 09:00:00.000,2008,2,18,9,00000KT,11,11
2008-02-18 10:00:00.000,2008,2,18,10,00000KT,11,11
2008-02-18 11:00:00.000,2008,2,18,11,VRB02KT,11,11
2008-02-18 12:00:00.000,2008,2,18,12,04004KT,11,11
2008-02-18 15:00:00.000,2008,2,18,15,35003KT,15,13
2008-02-18 16:00:00.000,2008,2,18,16,VRB02KT,17,12
2008-02-18 18:00:00.000,2008,2,18,18,31011KT,16,13
2008-02-18 20:00:00.000,2008,2,18,20,27012KT,17,12
2008-02-18 23:00:00.000,2008,2,18,23,VRB02KT,12,11
2008-02-19 00:00:00.000,2008,2,19,0,00000KT,12,12
2008-02-19 01:00:00.000,2008,2,19,1,02005KT,12,11
2008-02-19 02:00:00.000,2008,2,19,2,VRB02KT,12,12
2008-02-19 03:00:00.000,2008,2,19,3,32008KT,11,11
2008-02-19 04:00:00.000,2008,2,19,4,00000KT,11,11
2008-02-19 05:00:00.000,2008,2,19,5,00000KT,11,11
2008-02-19 06:00:00.000,2008,2,19,6,31004KT,11,11
2008-02-19 07:00:00.000,2008,2,19,7,00000KT,10,10
2008-02-19 08:00:00.000,2008,2,19,8,00000KT,10,10
2008-02-19 09:00:00.000,2008,2,19,9,00000KT,10,10
2008-02-19 10:00:00.000,2008,2,19,10,00000KT,10,10
2008-02-19 11:00:00.000,2008,2,19,11,00000KT,11,10
2008-02-19 12:00:00.000,2008,2,19,12,34003KT,11,10
2008-02-19 13:00:00.000,2008,2,19,13,02004KT,12,12
2008-02-19 15:00:00.000,2008,2,19,15,35008KT,15,13
2008-02-19 16:00:00.000,2008,2,19,16,32008KT,15,13
2008-02-19 17:00:00.000,2008,2,19,17,04007KT,16,12
2008-02-19 18:00:00.000,2008,2,19,18,34006KT,16,13
2008-02-19 19:00:00.000,2008,2,19,19,19010KT,14,14
2008-02-19 20:00:00.000,2008,2,19,20,21004KT,12,12
2008-02-19 21:00:00.000,2008,2,19,21,24005KT,13,12
2008-02-19 22:00:00.000,2008,2,19,22,26008KT,14,14
2008-02-19 23:00:00.000,2008,2,19,23,26007KT,14,13
2008-02-20 00:00:00.000,2008,2,20,0,27008KT,13,12
2008-02-20 01:00:00.000,2008,2,20,1,30004KT,12,11
2008-02-20 02:00:00.000,2008,2,20,2,31008KT,12,11
2008-02-20 03:00:00.000,2008,2,20,3,VRB02KT,12,11
2008-02-20 04:00:00.000,2008,2,20,4,VRB02KT,11,11
2008-02-20 05:00:00.000,2008,2,20,5,VRB02KT,11,11
2008-02-20 07:00:00.000,2008,2,20,7,VRB02KT,11,11
2008-02-20 08:00:00.000,2008,2,20,8,27004KT,10,10
2008-02-20 10:00:00.000,2008,2,20,10,33003KT,10,10
2008-02-20 13:00:00.000,2008,2,20,13,00000KT,11,11
2008-02-20 14:00:00.000,2008,2,20,14,07004KT,13,13
2008-02-20 15:00:00.000,2008,2,20,15,09006KT,15,13
2008-02-20 16:00:00.000,2008,2,20,16,28003KT,17,11
2008-02-20 17:00:00.000,2008,2,20,17,30007KT,17,11
2008-02-20 18:00:00.000,2008,2,20,18,31015KT,18,13
2008-02-20 20:00:00.000,2008,2,20,20,30014KT,17,12
2008-02-20 23:00:00.000,2008,2,20,23,30009KT,14,12
2008-02-21 00:00:00.000,2008,2,21,0,300054KT,13,13
2008-02-21 01:00:00.000,2008,2,21,1,28007KT,13,12
2008-02-21 03:00:00.000,2008,2,21,3,30004KT,12,12
2008-02-21 04:00:00.000,2008,2,21,4,VRB02KT,12,12
2008-02-21 06:00:00.000,2008,2,21,6,00000KT,12,12
2008-02-21 10:00:00.000,2008,2,21,10,00000KT,11,10
2008-02-21 11:00:00.000,2008,2,21,11,00000KT,11,10
2008-02-21 12:00:00.000,2008,2,21,12,00000KT,11,10
2008-02-21 13:00:00.000,2008,2,21,13,VRB02KT,11,11
2008-02-21 14:00:00.000,2008,2,21,14,00000KT,11,11
2008-02-21 15:00:00.000,2008,2,21,15,19005KT,14,13
2008-02-21 17:00:00.000,2008,2,21,17,31009KT,16,12
2008-02-21 18:00:00.000,2008,2,21,18,28010KT,15,14
2008-02-21 19:00:00.000,2008,2,21,19,33008KT,14,13
2008-02-21 20:00:00.000,2008,2,21,20,27007KT,14,13
2008-02-21 21:00:00.000,2008,2,21,21,25008KT,14,14
2008-02-21 22:00:00.000,2008,2,21,22,25007KT,14,13
2008-02-22 01:00:00.000,2008,2,22,1,31005KT,12,12
2008-02-22 02:00:00.000,2008,2,22,2,27005KT,12,11
2008-02-22 03:00:00.000,2008,2,22,3,30003KT,11,11
2008-02-22 04:00:00.000,2008,2,22,4,32003KT,12,11
2008-02-22 05:00:00.000,2008,2,22,5,VRB02KT,11,11
2008-02-22 06:00:00.000,2008,2,22,6,33004KT,11,11
2008-02-22 07:00:00.000,2008,2,22,7,00000KT,11,10
2008-02-22 08:00:00.000,2008,2,22,8,VRB02KT,11,10
2008-02-22 09:00:00.000,2008,2,22,9,31004KT,10,09
2008-02-22 10:00:00.000,2008,2,22,10,07004KT,09,09
2008-02-22 13:00:00.000,2008,2,22,13,03007KT,12,12
2008-02-22 14:00:00.000,2008,2,22,14,36004KT,14,13
2008-02-22 18:00:00.000,2008,2,22,18,30007KT,18,12
2008-02-22 20:00:00.000,2008,2,22,20,20009KT,15,14
2008-02-22 21:00:00.000,2008,2,22,21,31005KT,14,14
2008-02-22 22:00:00.000,2008,2,22,22,29005KT,15,14
2008-02-23 09:00:00.000,2008,2,23,9,04003KT,10,09
2008-02-23 15:00:00.000,2008,2,23,15,17006KT,16,11
2008-02-23 17:00:00.000,2008,2,23,17,05008KT,16,08
2008-02-23 18:00:00.000,2008,2,23,18,VRB02KT,17,08
2008-02-23 19:00:00.000,2008,2,23,19,32004KT,18,08
2008-02-23 20:00:00.000,2008,2,23,20,30004KT,18,13
2008-02-23 22:00:00.000,2008,2,23,22,26007KT,16,13
2008-02-23 23:00:00.000,2008,2,23,23,24005KT,14,13
2008-02-24 01:00:00.000,2008,2,24,1,00000KT,12,12
2008-02-24 02:00:00.000,2008,2,24,2,01004KT,11,11
2008-02-24 03:00:00.000,2008,2,24,3,VRB02KT,10,10
2008-02-24 04:00:00.000,2008,2,24,4,VRB02KT,10,10
2008-02-24 05:00:00.000,2008,2,24,5,00000KT,09,08
2008-02-24 06:00:00.000,2008,2,24,6,28004KT,09,09
2008-02-24 07:00:00.000,2008,2,24,7,30005KT,09,08
2008-02-24 08:00:00.000,2008,2,24,8,00000KT,09,09
2008-02-24 09:00:00.000,2008,2,24,9,VRB02KT,09,09
2008-02-24 10:00:00.000,2008,2,24,10,00000KT,09,08
2008-02-24 11:00:00.000,2008,2,24,11,00000KT,09,09
2008-02-24 12:00:00.000,2008,2,24,12,VRB02KT,09,08
2008-02-24 14:00:00.000,2008,2,24,14,VRB02KT,13,11
2008-02-24 15:00:00.000,2008,2,24,15,VRB02KT,15,12
2008-02-24 18:00:00.000,2008,2,24,18,VRB02KT,19,09
2008-02-24 19:00:00.000,2008,2,24,19,28012KT,18,12
2008-02-24 20:00:00.000,2008,2,24,20,27015KT,16,13
2008-02-24 21:00:00.000,2008,2,24,21,27012KT,16,15
2008-02-24 22:00:00.000,2008,2,24,22,27012KT,15,14
2008-02-24 23:00:00.000,2008,2,24,23,27008KT,14,14
2008-02-25 00:00:00.000,2008,2,25,0,VRB02KT,13,12
2008-02-25 01:00:00.000,2008,2,25,1,VRB02KT,13,12
2008-02-25 02:00:00.000,2008,2,25,2,VRB02KT,13,11
2008-02-25 03:00:00.000,2008,2,25,3,24004KT,12,12
2008-02-25 04:00:00.000,2008,2,25,4,VRB02KT,11,11
2008-02-25 05:00:00.000,2008,2,25,5,VRB02KT,11,11
2008-02-25 06:00:00.000,2008,2,25,6,03004KT,11,11
2008-02-25 07:00:00.000,2008,2,25,7,VRB02KT,10,10
2008-02-25 09:00:00.000,2008,2,25,9,00000KT,09,09
2008-02-25 10:00:00.000,2008,2,25,10,27004KT,07,07
2008-02-25 11:00:00.000,2008,2,25,11,08004KT,09,09
2008-02-25 12:00:00.000,2008,2,25,12,VRB02KT,09,09
2008-02-25 13:00:00.000,2008,2,25,13,03005KT,11,11
2008-02-25 14:00:00.000,2008,2,25,14,35005KT,13,12
2008-02-25 15:00:00.000,2008,2,25,15,26004KT,15,11
2008-02-25 16:00:00.000,2008,2,25,16,05004KT,16,09
2008-02-25 17:00:00.000,2008,2,25,17,00000KT,18,08
2008-02-25 18:00:00.000,2008,2,25,18,27014KT,17,12
2008-02-25 19:00:00.000,2008,2,25,19,27012KT,17,13
2008-02-25 20:00:00.000,2008,2,25,20,27012KT,15,13
2008-02-25 21:00:00.000,2008,2,25,21,27012KT,15,15
2008-02-25 22:00:00.000,2008,2,25,22,27010KT,15,13
2008-02-25 23:00:00.000,2008,2,25,23,27006KT,14,13
2008-02-26 00:00:00.000,2008,2,26,0,30008KT,13,12
2008-02-26 01:00:00.000,2008,2,26,1,27004KT,12,11
2008-02-26 02:00:00.000,2008,2,26,2,28005KT,12,11
2008-02-26 03:00:00.000,2008,2,26,3,29002KT,11,10
2008-02-26 04:00:00.000,2008,2,26,4,27005KT,11,10
2008-02-26 07:00:00.000,2008,2,26,7,VRB02KT,10,10
2008-02-26 10:00:00.000,2008,2,26,10,VRB02KT,09,09
2008-02-26 11:00:00.000,2008,2,26,11,VRB02KT,09,08
2008-02-26 12:00:00.000,2008,2,26,12,00000KT,08,08
2008-02-26 13:00:00.000,2008,2,26,13,36005KT,12,12
2008-02-26 14:00:00.000,2008,2,26,14,08004KT,14,11
2008-02-26 15:00:00.000,2008,2,26,15,35005KT,16,13
2008-02-26 16:00:00.000,2008,2,26,16,31004KT,17,11
2008-02-26 17:00:00.000,2008,2,26,17,26007KT,18,09
2008-02-26 18:00:00.000,2008,2,26,18,27010KT,19,11
2008-02-26 20:00:00.000,2008,2,26,20,27012KT,17,14
2008-02-26 21:00:00.000,2008,2,26,21,27012KT,16,13
2008-02-26 22:00:00.000,2008,2,26,22,28008KT,15,14
2008-02-27 00:00:00.000,2008,2,27,0,00000KT,13,13
2008-02-27 01:00:00.000,2008,2,27,1,VRB02KT,13,12
2008-02-27 02:00:00.000,2008,2,27,2,VRB02KT,13,13
2008-02-27 03:00:00.000,2008,2,27,3,00000KT,12,12
2008-02-27 04:00:00.000,2008,2,27,4,30004KT,11,11
2008-02-27 05:00:00.000,2008,2,27,5,VRB02KT,11,11
2008-02-27 06:00:00.000,2008,2,27,6,02004KT,09,09
2008-02-27 07:00:00.000,2008,2,27,7,VRB02KT,09,09
2008-02-27 08:00:00.000,2008,2,27,8,27004KT,07,07
2008-02-27 09:00:00.000,2008,2,27,9,00000KT,07,06
2008-02-27 10:00:00.000,2008,2,27,10,VRB02KT,06,05
2008-02-27 11:00:00.000,2008,2,27,11,VRB02KT,05,05
2008-02-27 12:00:00.000,2008,2,27,12,VRB02KT,05,05
2008-02-27 13:00:00.000,2008,2,27,13,02004KT,08,07
2008-02-27 16:00:00.000,2008,2,27,16,06006KT,17,09
2008-02-27 17:00:00.000,2008,2,27,17,VRB02KT,18,07
2008-02-27 18:00:00.000,2008,2,27,18,26006KT,18,11
2008-02-27 19:00:00.000,2008,2,27,19,00000KT,16,11
2008-02-27 20:00:00.000,2008,2,27,20,27008KT,17,11
2008-02-27 21:00:00.000,2008,2,27,21,29010KT,16,12
2008-02-27 22:00:00.000,2008,2,27,22,28010KT,16,12
2008-02-27 23:00:00.000,2008,2,27,23,25008KT,15,12
2008-02-28 00:00:00.000,2008,2,28,0,30004KT,13,12
2008-02-28 01:00:00.000,2008,2,28,1,31003KT,13,12
2008-02-28 02:00:00.000,2008,2,28,2,00000KT,13,12
2008-02-28 03:00:00.000,2008,2,28,3,34003KT,12,12
2008-02-28 04:00:00.000,2008,2,28,4,33003KT,12,12
2008-02-28 05:00:00.000,2008,2,28,5,VRB02KT,12,12
2008-02-28 06:00:00.000,2008,2,28,6,VRB02KT,12,12
2008-02-28 07:00:00.000,2008,2,28,7,VRB02KT,12,12
2008-02-28 08:00:00.000,2008,2,28,8,06004KT,11,10
2008-02-28 09:00:00.000,2008,2,28,9,VRB02KT,11,11
2008-02-28 10:00:00.000,2008,2,28,10,VRB02KT,10,10
2008-02-28 11:00:00.000,2008,2,28,11,VRB02KT,10,09
2008-02-28 12:00:00.000,2008,2,28,12,VRB02KT,10,09
2008-02-28 13:00:00.000,2008,2,28,13,03003KT,12,10
2008-02-28 15:00:00.000,2008,2,28,15,31003KT,15,11
2008-02-28 16:00:00.000,2008,2,28,16,21003KT,16,10
2008-02-28 19:00:00.000,2008,2,28,19,28010KT,14,12
2008-02-28 20:00:00.000,2008,2,28,20,30010KT,14,13
2008-02-28 22:00:00.000,2008,2,28,22,27008KT,15,13
2008-02-28 23:00:00.000,2008,2,28,23,27010KT,13,12
2008-02-29 00:00:00.000,2008,2,29,0,28007KT,12,11
2008-02-29 01:00:00.000,2008,2,29,1,27004KT,11,11
2008-02-29 02:00:00.000,2008,2,29,2,VRB02KT,11,11
2008-02-29 03:00:00.000,2008,2,29,3,VRB02KT,11,11
2008-02-29 04:00:00.000,2008,2,29,4,00000KT,10,10
2008-02-29 05:00:00.000,2008,2,29,5,00000KT,10,10
2008-02-29 06:00:00.000,2008,2,29,6,00000KT,10,10
2008-02-29 07:00:00.000,2008,2,29,7,00000KT,09,09
2008-02-29 08:00:00.000,2008,2,29,8,00000KT,09,09
2008-02-29 09:00:00.000,2008,2,29,9,VRB02KT,08,08
2008-02-29 10:00:00.000,2008,2,29,10,32004KT,08,08
2008-02-29 11:00:00.000,2008,2,29,11,00000KT,08,08
2008-02-29 12:00:00.000,2008,2,29,12,VRB02KT,08,07
2008-02-29 13:00:00.000,2008,2,29,13,03003KT,09,08
2008-02-29 14:00:00.000,2008,2,29,14,10003KT,14,12
2008-02-29 16:00:00.000,2008,2,29,16,05005KT,18,09
2008-02-29 17:00:00.000,2008,2,29,17,30003KT,18,08
2008-02-29 18:00:00.000,2008,2,29,18,23008KT,20,08
2008-02-29 19:00:00.000,2008,2,29,19,25012KT,18,12
2008-02-29 20:00:00.000,2008,2,29,20,27010KT,18,12
2008-02-29 21:00:00.000,2008,2,29,21,30012KT,17,12
2008-02-29 22:00:00.000,2008,2,29,22,28010KT,16,12
2008-02-29 23:00:00.000,2008,2,29,23,27008KT,15,13
2008-03-01 00:00:00.000,2008,3,1,0,28004KT,13,13
2008-03-01 01:00:00.000,2008,3,1,1,34004KT,12,12
2008-03-01 02:00:00.000,2008,3,1,2,00000KT,11,11
2008-03-01 03:00:00.000,2008,3,1,3,VRB02KT,11,10
2008-03-01 04:00:00.000,2008,3,1,4,34004KT,09,08
2008-03-01 05:00:00.000,2008,3,1,5,33003KT,07,07
2008-03-01 06:00:00.000,2008,3,1,6,31003KT,07,07
2008-03-01 07:00:00.000,2008,3,1,7,VRB02KT,06,06
2008-03-01 08:00:00.000,2008,3,1,8,27004KT,06,06
2008-03-01 09:00:00.000,2008,3,1,9,31004KT,06,06
2008-03-01 10:00:00.000,2008,3,1,10,00000KT,06,06
2008-03-01 11:00:00.000,2008,3,1,11,32004KT,05,05
2008-03-01 12:00:00.000,2008,3,1,12,VRB02KT,06,05
2008-03-01 13:00:00.000,2008,3,1,13,VRB02KT,09,08
2008-03-01 14:00:00.000,2008,3,1,14,02004KT,12,10
2008-03-01 15:00:00.000,2008,3,1,15,VRB02KT,15,07
2008-03-01 16:00:00.000,2008,3,1,16,25006KT,16,05
2008-03-01 17:00:00.000,2008,3,1,17,28006KT,18,05
2008-03-01 18:00:00.000,2008,3,1,18,VRB02KT,19,04
2008-03-01 19:00:00.000,2008,3,1,19,26010KT,19,10
2008-03-01 20:00:00.000,2008,3,1,20,26008KT,18,10
2008-03-01 21:00:00.000,2008,3,1,21,29007KT,17,11
2008-03-01 22:00:00.000,2008,3,1,22,29007KT,16,11
2008-03-01 23:00:00.000,2008,3,1,23,24004KT,15,10
2008-03-02 00:00:00.000,2008,3,2,0,27005KT,14,09
2008-03-02 01:00:00.000,2008,3,2,1,VRB02KT,14,08
2008-03-02 02:00:00.000,2008,3,2,2,VRB02KT,13,10
2008-03-02 03:00:00.000,2008,3,2,3,28004KT,12,12
2008-03-02 04:00:00.000,2008,3,2,4,VRB02KT,12,11
2008-03-02 05:00:00.000,2008,3,2,5,34005KT,12,10
2008-03-02 07:00:00.000,2008,3,2,7,VRB02KT,10,09
2008-03-02 08:00:00.000,2008,3,2,8,VRB02KT,10,10
2008-03-02 09:00:00.000,2008,3,2,9,VRB02KT,10,09
2008-03-02 10:00:00.000,2008,3,2,10,VRB02KT,10,09
2008-03-02 11:00:00.000,2008,3,2,11,VRB02KT,10,10
2008-03-02 12:00:00.000,2008,3,2,12,02004KT,10,10
2008-03-02 14:00:00.000,2008,3,2,14,VRB02KT,13,12
2008-03-02 15:00:00.000,2008,3,2,15,00000KT,15,09
2008-03-02 17:00:00.000,2008,3,2,17,30004KT,18,09
2008-03-02 18:00:00.000,2008,3,2,18,27006KT,19,07
2008-03-02 20:00:00.000,2008,3,2,20,28010KT,18,11
2008-03-02 21:00:00.000,2008,3,2,21,24008KT,16,13
2008-03-02 22:00:00.000,2008,3,2,22,30008KT,14,12
2008-03-02 23:00:00.000,2008,3,2,23,VRB02KT,13,11
2008-03-03 00:00:00.000,2008,3,3,0,VRB02KT,12,10
2008-03-03 01:00:00.000,2008,3,3,1,VRB02KT,11,10
2008-03-03 02:00:00.000,2008,3,3,2,VRB02KT,10,09
2008-03-03 03:00:00.000,2008,3,3,3,VRB02KT,10,09
2008-03-03 04:00:00.000,2008,3,3,4,VRB02KT,10,09
2008-03-03 05:00:00.000,2008,3,3,5,VRB02KT,09,09
2008-03-03 06:00:00.000,2008,3,3,6,00000KT,09,09
2008-03-03 07:00:00.000,2008,3,3,7,VRB02KT,08,08
2008-03-03 08:00:00.000,2008,3,3,8,VRB02KT,08,08
2008-03-03 09:00:00.000,2008,3,3,9,VRB02KT,08,08
2008-03-03 10:00:00.000,2008,3,3,10,04003KT,08,08
2008-03-03 13:00:00.000,2008,3,3,13,04004KT,11,10
2008-03-03 14:00:00.000,2008,3,3,14,03006KT,13,11
2008-03-03 15:00:00.000,2008,3,3,15,02007KT,15,11
2008-03-03 16:00:00.000,2008,3,3,16,36007KT,17,09
2008-03-03 17:00:00.000,2008,3,3,17,05005KT,17,10
2008-03-03 18:00:00.000,2008,3,3,18,33008KT,18,11
2008-03-03 19:00:00.000,2008,3,3,19,27010KT,17,11
2008-03-03 20:00:00.000,2008,3,3,20,30012KT,18,13
2008-03-03 21:00:00.000,2008,3,3,21,28013KT,16,13
2008-03-03 22:00:00.000,2008,3,3,22,29012KT,15,13
2008-03-03 23:00:00.000,2008,3,3,23,27006KT,14,13
2008-03-04 00:00:00.000,2008,3,4,0,21006KT,21,11
2008-03-04 01:00:00.000,2008,3,4,1,25004KT,12,11
2008-03-04 02:00:00.000,2008,3,4,2,31006KT,12,11
2008-03-04 03:00:00.000,2008,3,4,3,VRB02KT,11,10
2008-03-04 04:00:00.000,2008,3,4,4,VRB02KT,10,10
2008-03-04 05:00:00.000,2008,3,4,5,03003KT,10,10
2008-03-04 07:00:00.000,2008,3,4,7,VRB02KT,09,09
2008-03-04 08:00:00.000,2008,3,4,8,30003KT,08,08
2008-03-04 09:00:00.000,2008,3,4,9,00000KT,09,08
2008-03-04 10:00:00.000,2008,3,4,10,00000KT,09,08
2008-03-04 11:00:00.000,2008,3,4,11,03003KT,08,08
2008-03-04 12:00:00.000,2008,3,4,12,03005KT,10,09
2008-03-04 13:00:00.000,2008,3,4,13,33004KT,12,10
2008-03-04 14:00:00.000,2008,3,4,14,04003KT,14,11
2008-03-04 15:00:00.000,2008,3,4,15,34005KT,16,12
2008-03-04 16:00:00.000,2008,3,4,16,03006KT,17,10
2008-03-04 17:00:00.000,2008,3,4,17,27005KT,18,10
2008-03-04 18:00:00.000,2008,3,4,18,23008KT,17,12
2008-03-04 19:00:00.000,2008,3,4,19,28009KT,18,12
2008-03-04 20:00:00.000,2008,3,4,20,28012KT,17,12
2008-03-04 21:00:00.000,2008,3,4,21,27007KT,16,11
2008-03-04 22:00:00.000,2008,3,4,22,25006KT,15,12
2008-03-04 23:00:00.000,2008,3,4,23,25006KT,15,11
2008-03-05 00:00:00.000,2008,3,5,0,27005KT,14,11
2008-03-05 01:00:00.000,2008,3,5,1,33004KT,13,13
2008-03-05 02:00:00.000,2008,3,5,2,34010KT,11,10
2008-03-05 03:00:00.000,2008,3,5,3,32005KT,11,10
2008-03-05 05:00:00.000,2008,3,5,5,00000KT,11,11
2008-03-05 06:00:00.000,2008,3,5,6,33005KT,11,11
2008-03-05 07:00:00.000,2008,3,5,7,VRB02KT,10,10
2008-03-05 13:00:00.000,2008,3,5,13,01005KT,11,11
2008-03-05 14:00:00.000,2008,3,5,14,36004KT,12,12
2008-03-05 16:00:00.000,2008,3,5,16,34005KT,17,12
2008-03-05 17:00:00.000,2008,3,5,17,30007KT,16,11
2008-03-05 18:00:00.000,2008,3,5,18,29010KT,18,10
2008-03-05 19:00:00.000,2008,3,5,19,29012KT,18,11
2008-03-05 21:00:00.000,2008,3,5,21,28012KT,15,12
2008-03-05 22:00:00.000,2008,3,5,22,25007KT,16,12
2008-03-05 23:00:00.000,2008,3,5,23,33003KT,14,12
2008-03-06 00:00:00.000,2008,3,6,0,29004KT,13,13
2008-03-06 01:00:00.000,2008,3,6,1,35004KT,13,12
2008-03-06 02:00:00.000,2008,3,6,2,36004KT,11,11
2008-03-06 03:00:00.000,2008,3,6,3,00000KT,11,11
2008-03-06 04:00:00.000,2008,3,6,4,VRB02KT,11,11
2008-03-06 05:00:00.000,2008,3,6,5,27004KT,10,10
2008-03-06 06:00:00.000,2008,3,6,6,03004KT,10,10
2008-03-06 07:00:00.000,2008,3,6,7,27004KT,10,10
2008-03-06 08:00:00.000,2008,3,6,8,30004KT,10,09
2008-03-06 09:00:00.000,2008,3,6,9,00000KT,09,09
2008-03-06 10:00:00.000,2008,3,6,10,00000KT,09,09
2008-03-06 11:00:00.000,2008,3,6,11,00000KT,10,09
2008-03-06 13:00:00.000,2008,3,6,13,VRB02KT,10,10
2008-03-06 14:00:00.000,2008,3,6,14,VRB02KT,12,10
2008-03-06 16:00:00.000,2008,3,6,16,30004KT,14,12
2008-03-06 17:00:00.000,2008,3,6,17,32006KT,15,12
2008-03-06 18:00:00.000,2008,3,6,18,31012KT,16,13
2008-03-06 19:00:00.000,2008,3,6,19,31014KT,17,12
2008-03-06 20:00:00.000,2008,3,6,20,32015KT,17,12
2008-03-07 10:00:00.000,2008,3,7,10,27003KT,08,08
2008-03-07 13:00:00.000,2008,3,7,13,00000KT,11,10
2008-03-07 15:00:00.000,2008,3,7,15,33005KT,15,11
2008-03-07 17:00:00.000,2008,3,7,17,30008KT,17,10
2008-03-07 18:00:00.000,2008,3,7,18,26007KT,17,11
2008-03-07 19:00:00.000,2008,3,7,19,28005KT,18,11
2008-03-07 20:00:00.000,2008,3,7,20,30007KT,17,11
2008-03-07 21:00:00.000,2008,3,7,21,31008KT,17,12
2008-03-07 22:00:00.000,2008,3,7,22,34005KT,16,10
2008-03-07 23:00:00.000,2008,3,7,23,30004KT,14,09
2008-03-08 00:00:00.000,2008,3,8,0,32006KT,13,09
2008-03-08 01:00:00.000,2008,3,8,1,28006KT,13,10
2008-03-08 02:00:00.000,2008,3,8,2,VRB02KT,12,10
2008-03-08 03:00:00.000,2008,3,8,3,27004KT,12,10
2008-03-08 04:00:00.000,2008,3,8,4,29004KT,11,10
2008-03-08 08:00:00.000,2008,3,8,8,34004KT,08,08
2008-03-08 09:00:00.000,2008,3,8,9,00000KT,07,07
2008-03-08 10:00:00.000,2008,3,8,10,32005KT,06,06
2008-03-08 11:00:00.000,2008,3,8,11,03003KT,06,06
2008-03-08 12:00:00.000,2008,3,8,12,VRB02KT,08,07
2008-03-08 13:00:00.000,2008,3,8,13,02006KT,10,08
2008-03-08 14:00:00.000,2008,3,8,14,10006KT,13,11
2008-03-08 15:00:00.000,2008,3,8,15,VRB02KT,15,09
2008-03-08 16:00:00.000,2008,3,8,16,32004KT,16,09
2008-03-08 17:00:00.000,2008,3,8,17,29006KT,17,09
2008-03-08 18:00:00.000,2008,3,8,18,28012KT,18,10
2008-03-08 19:00:00.000,2008,3,8,19,34014KT,18,10
2008-03-08 20:00:00.000,2008,3,8,20,34012KT,17,09
2008-03-08 21:00:00.000,2008,3,8,21,34012KT,16,10
2008-03-08 22:00:00.000,2008,3,8,22,33008KT,16,09
2008-03-08 23:00:00.000,2008,3,8,23,02004KT,13,11
2008-03-09 00:00:00.000,2008,3,9,0,34003KT,12,11
2008-03-09 01:00:00.000,2008,3,9,1,27003KT,10,10
2008-03-09 02:00:00.000,2008,3,9,2,28004KT,11,11
2008-03-09 03:00:00.000,2008,3,9,3,32004KT,12,11
2008-03-09 04:00:00.000,2008,3,9,4,01004KT,12,11
2008-03-09 05:00:00.000,2008,3,9,5,33005KT,11,11
2008-03-09 06:00:00.000,2008,3,9,6,33004KT,11,11
2008-03-09 07:00:00.000,2008,3,9,7,VRB02KT,11,10
2008-03-09 08:00:00.000,2008,3,9,8,03003KT,11,10
2008-03-09 09:00:00.000,2008,3,9,9,05005KT,10,09
2008-03-09 10:00:00.000,2008,3,9,10,06003KT,09,08
2008-03-09 11:00:00.000,2008,3,9,11,VRB02KT,08,07
2008-03-09 12:00:00.000,2008,3,9,12,00000KT,08,08
2008-03-09 13:00:00.000,2008,3,9,13,02004KT,10,10
2008-03-09 14:00:00.000,2008,3,9,14,00000KT,12,11
2008-03-09 15:00:00.000,2008,3,9,15,VRB02KT,14,11
2008-03-09 16:00:00.000,2008,3,9,16,VRB02KT,16,10
2008-03-09 17:00:00.000,2008,3,9,17,VRB02KT,17,07
2008-03-09 18:00:00.000,2008,3,9,18,26006KT,17,12
2008-03-09 19:00:00.000,2008,3,9,19,27012KT,17,11
2008-03-09 20:00:00.000,2008,3,9,20,27012KT,17,11
2008-03-09 21:00:00.000,2008,3,9,21,26014KT,17,11
2008-03-09 22:00:00.000,2008,3,9,22,27012KT,15,11
2008-03-09 23:00:00.000,2008,3,9,23,34004KT,13,12
2008-03-10 00:00:00.000,2008,3,10,0,VRB02KT,12,12
2008-03-10 01:00:00.000,2008,3,10,1,VRB02KT,12,12
2008-03-10 02:00:00.000,2008,3,10,2,00000KT,11,11
2008-03-10 03:00:00.000,2008,3,10,3,27005KT,11,11
2008-03-10 04:00:00.000,2008,3,10,4,35004KT,11,11
2008-03-10 05:00:00.000,2008,3,10,5,02004KT,11,11
2008-03-10 06:00:00.000,2008,3,10,6,VRB02KT,10,10
2008-03-10 07:00:00.000,2008,3,10,7,00000KT,10,10
2008-03-10 09:00:00.000,2008,3,10,9,O1004KT,09,09
2008-03-10 10:00:00.000,2008,3,10,10,VRB02KT,08,08
2008-03-10 11:00:00.000,2008,3,10,11,00000KT,08,08
2008-03-10 12:00:00.000,2008,3,10,12,04003KT,08,08
2008-03-10 13:00:00.000,2008,3,10,13,04005KT,09,09
2008-03-10 14:00:00.000,2008,3,10,14,VRB02KT,13,11
2008-03-10 15:00:00.000,2008,3,10,15,36005KT,15,13
2008-03-10 16:00:00.000,2008,3,10,16,34003KT,16,11
2008-03-10 17:00:00.000,2008,3,10,17,31010KT,17,11
2008-03-10 18:00:00.000,2008,3,10,18,31012KT,17,12
2008-03-10 19:00:00.000,2008,3,10,19,26014KT,17,12
2008-03-10 20:00:00.000,2008,3,10,20,27010KT,17,12
2008-03-10 21:00:00.000,2008,3,10,21,27012KT,17,12
2008-03-10 22:00:00.000,2008,3,10,22,34010KT,15,13
2008-03-10 23:00:00.000,2008,3,10,23,25004KT,12,12
2008-03-11 01:00:00.000,2008,3,11,1,VRB02KT,12,11
2008-03-11 02:00:00.000,2008,3,11,2,VRB02KT,12,12
2008-03-11 03:00:00.000,2008,3,11,3,28004KT,11,11
2008-03-11 04:00:00.000,2008,3,11,4,30005KT,11,11
2008-03-11 05:00:00.000,2008,3,11,5,27005KT,11,11
2008-03-11 06:00:00.000,2008,3,11,6,28004KT,11,11
2008-03-11 07:00:00.000,2008,3,11,7,29004KT,11,10
2008-03-11 08:00:00.000,2008,3,11,8,00000KT,11,10
2008-03-11 09:00:00.000,2008,3,11,9,00000KT,11,10
2008-03-11 10:00:00.000,2008,3,11,10,29004KT,10,10
2008-03-11 11:00:00.000,2008,3,11,11,27004KT,10,10
2008-03-11 12:00:00.000,2008,3,11,12,30004KT,11,10
2008-03-11 13:00:00.000,2008,3,11,13,30004KT,12,11
2008-03-11 14:00:00.000,2008,3,11,14,30004KT,13,11
2008-03-11 15:00:00.000,2008,3,11,15,30006KT,11,09
2008-03-11 16:00:00.000,2008,3,11,16,27004KT,13,12
2008-03-11 17:00:00.000,2008,3,11,17,21006KT,14,12
2008-03-11 18:00:00.000,2008,3,11,18,27006KT,15,12
2008-03-11 19:00:00.000,2008,3,11,19,27006KT,15,12
2008-03-11 20:00:00.000,2008,3,11,20,27008KT,15,12
2008-03-11 21:00:00.000,2008,3,11,21,27008KT,14,13
2008-03-11 22:00:00.000,2008,3,11,22,30007KT,14,12
2008-03-11 23:00:00.000,2008,3,11,23,31008KT,13,12
2008-03-12 00:00:00.000,2008,3,12,0,32006KT,12,10
2008-03-12 01:00:00.000,2008,3,12,1,30007KT,12,10
2008-03-12 02:00:00.000,2008,3,12,2,30007KT,11,09
2008-03-12 03:00:00.000,2008,3,12,3,26004KT,11,10
2008-03-12 04:00:00.000,2008,3,12,4,VRB02KT,11,10
2008-03-12 05:00:00.000,2008,3,12,5,VRB02KT,10,09
2008-03-12 07:00:00.000,2008,3,12,7,00000KT,09,09
2008-03-12 08:00:00.000,2008,3,12,8,VRB02KT,09,08
2008-03-12 10:00:00.000,2008,3,12,10,VRB02KT,10,09
2008-03-12 11:00:00.000,2008,3,12,11,VRB02KT,10,09
2008-03-12 12:00:00.000,2008,3,12,12,03005KT,10,10
2008-03-12 13:00:00.000,2008,3,12,13,03004KT,11,11
2008-03-12 14:00:00.000,2008,3,12,14,00000KT,13,12
2008-03-12 15:00:00.000,2008,3,12,15,06005KT,15,11
2008-03-12 16:00:00.000,2008,3,12,16,vrb02kt,17,11
2008-03-12 18:00:00.000,2008,3,12,18,27008KT,15,11
2008-03-12 19:00:00.000,2008,3,12,19,26006KT,16,11
2008-03-12 20:00:00.000,2008,3,12,20,08006KT,13,12
2008-03-12 21:00:00.000,2008,3,12,21,30004KT,11,11
2008-03-12 22:00:00.000,2008,3,12,22,24003KT,12,11
2008-03-12 23:00:00.000,2008,3,12,23,18003KT,11,10
2008-03-13 00:00:00.000,2008,3,13,0,00000KT,11,11
2008-03-13 01:00:00.000,2008,3,13,1,00000KT,10,10
2008-03-13 02:00:00.000,2008,3,13,2,00000KT,10,10
2008-03-13 03:00:00.000,2008,3,13,3,34003KT,10,10
2008-03-13 04:00:00.000,2008,3,13,4,04003KT,11,11
2008-03-13 05:00:00.000,2008,3,13,5,VRB02KT,10,10
2008-03-13 06:00:00.000,2008,3,13,6,01004KT,11,11
2008-03-13 07:00:00.000,2008,3,13,7,31003KT,10,10
2008-03-13 08:00:00.000,2008,3,13,8,03003KT,10,10
2008-03-13 09:00:00.000,2008,3,13,9,10010KT,11,11
2008-03-13 10:00:00.000,2008,3,13,10,08004KT,11,10
2008-03-13 11:00:00.000,2008,3,13,11,00000KT,10,10
2008-03-13 12:00:00.000,2008,3,13,12,00000KT,11,11
2008-03-13 13:00:00.000,2008,3,13,13,00000KT,12,11
2008-03-13 14:00:00.000,2008,3,13,14,36004KT,12,12
2008-03-13 15:00:00.000,2008,3,13,15,00000KT,15,11
2008-03-13 16:00:00.000,2008,3,13,16,05004KT,16,11
2008-03-13 17:00:00.000,2008,3,13,17,04008KT,14,11
2008-03-13 18:00:00.000,2008,3,13,18,25008KT,14,12
2008-03-13 19:00:00.000,2008,3,13,19,16004KT,13,12
2008-03-13 20:00:00.000,2008,3,13,20,28006KT,14,12
2008-03-13 21:00:00.000,2008,3,13,21,26006KT,13,12
2008-03-13 22:00:00.000,2008,3,13,22,26006KT,13,12
2008-03-13 23:00:00.000,2008,3,13,23,20004KT,12,12
2008-03-14 00:00:00.000,2008,3,14,0,VRB02KT,12,12
2008-03-14 01:00:00.000,2008,3,14,1,00000KT,12,12
2008-03-14 02:00:00.000,2008,3,14,2,00000KT,12,11
2008-03-14 03:00:00.000,2008,3,14,3,00000KT,11,10
2008-03-14 04:00:00.000,2008,3,14,4,00000KT,10,10
2008-03-14 05:00:00.000,2008,3,14,5,00000KT,10,10
2008-03-14 06:00:00.000,2008,3,14,6,00000KT,10,10
2008-03-14 07:00:00.000,2008,3,14,7,00000KT,11,10
2008-03-14 08:00:00.000,2008,3,14,8,00000KT,10,10
2008-03-14 09:00:00.000,2008,3,14,9,00000KT,10,10
2008-03-14 10:00:00.000,2008,3,14,10,00000KT,10,10
2008-03-14 11:00:00.000,2008,3,14,11,00000KT,10,10
2008-03-14 12:00:00.000,2008,3,14,12,VRB02KT,10,10
2008-03-14 13:00:00.000,2008,3,14,13,VRB02KT,11,11
2008-03-14 14:00:00.000,2008,3,14,14,30004KT,13,12
2008-03-14 15:00:00.000,2008,3,14,15,35004KT,14,11
2008-03-14 16:00:00.000,2008,3,14,16,33007KT,14,12
2008-03-14 18:00:00.000,2008,3,14,18,28004KT,12,12
2008-03-14 19:00:00.000,2008,3,14,19,28004KT,12,11
2008-03-14 20:00:00.000,2008,3,14,20,29006KT,11,11
2008-03-14 21:00:00.000,2008,3,14,21,28004KT,11,10
2008-03-14 22:00:00.000,2008,3,14,22,27004KT,10,10
2008-03-14 23:00:00.000,2008,3,14,23,00000KT,10,10
2008-03-15 00:00:00.000,2008,3,15,0,00000KT,10,10
2008-03-15 01:00:00.000,2008,3,15,1,00000KT,10,10
2008-03-15 02:00:00.000,2008,3,15,2,36004KT,10,10
2008-03-15 03:00:00.000,2008,3,15,3,VRB02KT,10,10
2008-03-15 04:00:00.000,2008,3,15,4,00000KT,10,10
2008-03-15 05:00:00.000,2008,3,15,5,00000KT,09,09
2008-03-15 06:00:00.000,2008,3,15,6,32004KT,09,09
2008-03-15 07:00:00.000,2008,3,15,7,32003KT,09,09
2008-03-15 08:00:00.000,2008,3,15,8,35003KT,09,09
2008-03-15 09:00:00.000,2008,3,15,9,VRB02KT,09,09
2008-03-15 10:00:00.000,2008,3,15,10,VRB02KT,09,09
2008-03-15 11:00:00.000,2008,3,15,11,00000KT,09,09
2008-03-15 12:00:00.000,2008,3,15,12,00000KT,09,09
2008-03-15 13:00:00.000,2008,3,15,13,11004KT,10,10
2008-03-15 14:00:00.000,2008,3,15,14,08005KT,12,12
2008-03-15 15:00:00.000,2008,3,15,15,08008KT,15,12
2008-03-15 16:00:00.000,2008,3,15,16,13007KT,15,09
2008-03-15 17:00:00.000,2008,3,15,17,11011KT,17,09
2008-03-15 18:00:00.000,2008,3,15,18,10008KT,17,08
2008-03-15 19:00:00.000,2008,3,15,19,11007KT,18,08
2008-03-15 20:00:00.000,2008,3,15,20,08007KT,19,07
2008-03-15 21:00:00.000,2008,3,15,21,09005KT,18,08
2008-03-15 22:00:00.000,2008,3,15,22,13008KT,17,08
2008-03-15 23:00:00.000,2008,3,15,23,10005KT,16,07
2008-03-16 00:00:00.000,2008,3,16,0,04007KT,13,09
2008-03-16 01:00:00.000,2008,3,16,1,05007KT,12,09
2008-03-16 03:00:00.000,2008,3,16,3,03005KT,11,09
2008-03-16 05:00:00.000,2008,3,16,5,06004KT,09,08
2008-03-16 06:00:00.000,2008,3,16,6,06004KT,08,08
2008-03-16 07:00:00.000,2008,3,16,7,VRB02KT,07,07
2008-03-16 08:00:00.000,2008,3,16,8,VRB02KT,07,06
2008-03-16 10:00:00.000,2008,3,16,10,VRB02KT,06,06
2008-03-16 11:00:00.000,2008,3,16,11,04005KT,06,05
2008-03-16 12:00:00.000,2008,3,16,12,36004KT,06,06
2008-03-16 13:00:00.000,2008,3,16,13,06006KT,10,09
2008-03-16 14:00:00.000,2008,3,16,14,34004KT,14,10
2008-03-16 15:00:00.000,2008,3,16,15,VRB02KT,15,09
2008-03-16 16:00:00.000,2008,3,16,16,11014KT,17,08
2008-03-16 17:00:00.000,2008,3,16,17,13013KT,17,08
2008-03-16 18:00:00.000,2008,3,16,18,12015KT,16,07
2008-03-16 19:00:00.000,2008,3,16,19,13012KT,17,07
2008-03-16 20:00:00.000,2008,3,16,20,11010KT,18,06
2008-03-16 21:00:00.000,2008,3,16,21,30008KT,15,12
2008-03-16 22:00:00.000,2008,3,16,22,31005KT,15,10
2008-03-16 23:00:00.000,2008,3,16,23,28005KT,14,12
2008-03-17 00:00:00.000,2008,3,17,0,00000KT,13,11
2008-03-17 01:00:00.000,2008,3,17,1,32004KT,13,12
2008-03-17 03:00:00.000,2008,3,17,3,03007KT,12,11
2008-03-17 04:00:00.000,2008,3,17,4,07004KT,12,11
2008-03-17 05:00:00.000,2008,3,17,5,05007KT,12,10
2008-03-17 06:00:00.000,2008,3,17,6,02005KT,11,10
2008-03-17 07:00:00.000,2008,3,17,7,06005KT,11,10
2008-03-17 08:00:00.000,2008,3,17,8,08004KT,10,10
2008-03-17 09:00:00.000,2008,3,17,9,02005KT,09,09
2008-03-17 10:00:00.000,2008,3,17,10,03007KT,11,09
2008-03-17 11:00:00.000,2008,3,17,11,25005KT,10,09
2008-03-17 12:00:00.000,2008,3,17,12,04004KT,11,10
2008-03-17 13:00:00.000,2008,3,17,13,07006KT,12,10
2008-03-17 14:00:00.000,2008,3,17,14,10006KT,12,10
2008-03-17 15:00:00.000,2008,3,17,15,14005KT,15,10
2008-03-17 16:00:00.000,2008,3,17,16,12007KT,16,09
2008-03-17 17:00:00.000,2008,3,17,17,11010KT,17,08
2008-03-17 18:00:00.000,2008,3,17,18,12010KT,17,08
2008-03-17 19:00:00.000,2008,3,17,19,13010KT,16,07
2008-03-17 20:00:00.000,2008,3,17,20,13008KT,17,07
2008-03-17 21:00:00.000,2008,3,17,21,05008KT,16,08
2008-03-17 22:00:00.000,2008,3,17,22,09005KT,16,08
2008-03-17 23:00:00.000,2008,3,17,23,09006KT,15,07
2008-03-18 00:00:00.000,2008,3,18,0,09008KT,13,07
2008-03-18 01:00:00.000,2008,3,18,1,05004KT,13,07
2008-03-18 02:00:00.000,2008,3,18,2,04003KT,11,08
2008-03-18 03:00:00.000,2008,3,18,3,03004KT,09,07
2008-03-18 04:00:00.000,2008,3,18,4,05006KT,09,07
2008-03-18 06:00:00.000,2008,3,18,6,03003KT,06,06
2008-03-18 09:00:00.000,2008,3,18,9,VRB02KT,04,04
2008-03-18 10:00:00.000,2008,3,18,10,27003KT,05,05
2008-03-18 11:00:00.000,2008,3,18,11,VRB02KT,06,06
2008-03-18 12:00:00.000,2008,3,18,12,03003KT,07,06
2008-03-18 13:00:00.000,2008,3,18,13,05003KT,11,08
2008-03-18 14:00:00.000,2008,3,18,14,05009KT,14,08
2008-03-18 15:00:00.000,2008,3,18,15,05008KT,16,08
2008-03-18 16:00:00.000,2008,3,18,16,09009KT,16,07
2008-03-18 17:00:00.000,2008,3,18,17,12010KT,17,07
2008-03-18 18:00:00.000,2008,3,18,18,12010KT,18,07
2008-03-18 19:00:00.000,2008,3,18,19,13010KT,19,08
2008-03-18 20:00:00.000,2008,3,18,20,16005KT,18,06
2008-03-18 21:00:00.000,2008,3,18,21,27005KT,17,10
2008-03-18 22:00:00.000,2008,3,18,22,30012KT,17,10
2008-03-18 23:00:00.000,2008,3,18,23,31007KT,14,10
2008-03-19 00:00:00.000,2008,3,19,0,27006KT,13,10
2008-03-19 01:00:00.000,2008,3,19,1,VRB02KT,11,10
2008-03-19 02:00:00.000,2008,3,19,2,VRB02KT,10,10
2008-03-19 03:00:00.000,2008,3,19,3,33004KT,10,10
2008-03-19 04:00:00.000,2008,3,19,4,00000KT,10,10
2008-03-19 05:00:00.000,2008,3,19,5,VRB02KT,09,08
2008-03-19 06:00:00.000,2008,3,19,6,28003KT,07,07
2008-03-19 07:00:00.000,2008,3,19,7,VRB02KT,08,08
2008-03-19 08:00:00.000,2008,3,19,8,27003KT,07,07
2008-03-19 09:00:00.000,2008,3,19,9,VRB02KT,06,05
2008-03-19 10:00:00.000,2008,3,19,10,33004KT,04,04
2008-03-19 11:00:00.000,2008,3,19,11,VRB02KT,04,04
2008-03-19 12:00:00.000,2008,3,19,12,04004KT,06,06
2008-03-19 13:00:00.000,2008,3,19,13,35005KT,07,07
2008-03-19 14:00:00.000,2008,3,19,14,VRB02KT,12,11
2008-03-19 15:00:00.000,2008,3,19,15,03005KT,15,09
2008-03-19 16:00:00.000,2008,3,19,16,15007KT,17,08
2008-03-19 17:00:00.000,2008,3,19,17,11005KT,18,06
2008-03-19 18:00:00.000,2008,3,19,18,12003KT,19,06
2008-03-19 19:00:00.000,2008,3,19,19,26008KT,18,11
2008-03-19 20:00:00.000,2008,3,19,20,30014KT,18,12
2008-03-19 21:00:00.000,2008,3,19,21,28011KT,17,11
2008-03-19 22:00:00.000,2008,3,19,22,26011KT,17,12
2008-03-19 23:00:00.000,2008,3,19,23,27006KT,14,12
2008-03-20 00:00:00.000,2008,3,20,0,21003KT,13,12
2008-03-20 01:00:00.000,2008,3,20,1,VRB02KT,12,11
2008-03-20 02:00:00.000,2008,3,20,2,33004KT,12,12
2008-03-20 03:00:00.000,2008,3,20,3,VRB02KT,12,12
2008-03-20 04:00:00.000,2008,3,20,4,VRB02KT,11,11
2008-03-20 05:00:00.000,2008,3,20,5,00000KT,10,10
2008-03-20 06:00:00.000,2008,3,20,6,VRB02KT,11,11
2008-03-20 07:00:00.000,2008,3,20,7,00000KT,11,11
2008-03-20 08:00:00.000,2008,3,20,8,VRB02KT,11,11
2008-03-20 09:00:00.000,2008,3,20,9,07004KT,11,11
2008-03-20 10:00:00.000,2008,3,20,10,07004KT,11,11
2008-03-20 11:00:00.000,2008,3,20,11,02003KT,10,10
2008-03-20 12:00:00.000,2008,3,20,12,36003KT,11,10
2008-03-20 13:00:00.000,2008,3,20,13,03004KT,13,10
2008-03-20 14:00:00.000,2008,3,20,14,08003KT,15,10
2008-03-20 15:00:00.000,2008,3,20,15,VRB02KT,16,09
2008-03-20 16:00:00.000,2008,3,20,16,03006KT,18,08
2008-03-20 17:00:00.000,2008,3,20,17,08007KT,19,09
2008-03-20 18:00:00.000,2008,3,20,18,20008KT,19,12
2008-03-20 19:00:00.000,2008,3,20,19,24010KT,18,12
2008-03-20 20:00:00.000,2008,3,20,20,28008KT,14,12
2008-03-20 21:00:00.000,2008,3,20,21,25008KT,14,12
2008-03-20 22:00:00.000,2008,3,20,22,26006KT,15,13
2008-03-20 23:00:00.000,2008,3,20,23,24006KT,14,12
2008-03-21 00:00:00.000,2008,3,21,0,VRB02KT,12,12
2008-03-21 01:00:00.000,2008,3,21,1,00000KT,12,12
2008-03-21 02:00:00.000,2008,3,21,2,00000KT,12,12
2008-03-21 03:00:00.000,2008,3,21,3,31004KT,12,11
2008-03-21 04:00:00.000,2008,3,21,4,00000KT,11,11
2008-03-21 05:00:00.000,2008,3,21,5,00000KT,10,10
2008-03-21 06:00:00.000,2008,3,21,6,00000KT,10,10
2008-03-21 07:00:00.000,2008,3,21,7,00000KT,10,09
2008-03-21 08:00:00.000,2008,3,21,8,00000KT,10,09
2008-03-21 09:00:00.000,2008,3,21,9,00000KT,09,09
2008-03-21 10:00:00.000,2008,3,21,10,VRB02KT,08,08
2008-03-21 11:00:00.000,2008,3,21,11,VRB02KT,07,07
2008-03-21 12:00:00.000,2008,3,21,12,04004KT,08,08
2008-03-21 13:00:00.000,2008,3,21,13,03004KT,12,11
2008-03-21 14:00:00.000,2008,3,21,14,09003KT,14,11
2008-03-21 15:00:00.000,2008,3,21,15,15006KT,16,08
2008-03-21 16:00:00.000,2008,3,21,16,21004KT,16,08
2008-03-21 17:00:00.000,2008,3,21,17,16004KT,18,06
2008-03-21 18:00:00.000,2008,3,21,18,25008KT,18,07
2008-03-21 19:00:00.000,2008,3,21,19,23012KT,16,12
2008-03-21 20:00:00.000,2008,3,21,20,27010KT,15,13
2008-03-21 21:00:00.000,2008,3,21,21,29010KT,15,12
2008-03-21 22:00:00.000,2008,3,21,22,26007KT,14,12
2008-03-21 23:00:00.000,2008,3,21,23,23006KT,14,12
2008-03-22 00:00:00.000,2008,3,22,0,26004KT,13,12
2008-03-22 01:00:00.000,2008,3,22,1,26004KT,13,12
2008-03-22 02:00:00.000,2008,3,22,2,19006KT,13,09
2008-03-22 03:00:00.000,2008,3,22,3,VRB02KT,13,09
2008-03-22 04:00:00.000,2008,3,22,4,33004KT,12,10
2008-03-22 05:00:00.000,2008,3,22,5,00000KT,12,10
2008-03-22 06:00:00.000,2008,3,22,6,03006KT,10,09
2008-03-22 07:00:00.000,2008,3,22,7,VRB02KT,09,08
2008-03-22 08:00:00.000,2008,3,22,8,VRB02KT,09,08
2008-03-22 09:00:00.000,2008,3,22,9,VRB02KT,,
2008-03-22 10:00:00.000,2008,3,22,10,0500KT,09,09
2008-03-22 11:00:00.000,2008,3,22,11,05006KT,10,09
2008-03-22 12:00:00.000,2008,3,22,12,04006KT,11,10
2008-03-22 13:00:00.000,2008,3,22,13,02006KT,13,11
2008-03-22 14:00:00.000,2008,3,22,14,08004KT,15,10
2008-03-22 15:00:00.000,2008,3,22,15,20006KT,16,10
2008-03-22 16:00:00.000,2008,3,22,16,26004KT,17,09
2008-03-22 17:00:00.000,2008,3,22,17,21006KT,18,09
2008-03-22 18:00:00.000,2008,3,22,18,15012KT,19,08
2008-03-22 19:00:00.000,2008,3,22,19,15012KT,19,08
2008-03-22 20:00:00.000,2008,3,22,20,11008KT,18,09
2008-03-22 21:00:00.000,2008,3,22,21,13008KT,18,08
2008-03-22 22:00:00.000,2008,3,22,22,27007KT,16,11
2008-03-22 23:00:00.000,2008,3,22,23,24007KT,15,13
2008-03-23 00:00:00.000,2008,3,23,0,25006KT,13,13
2008-03-23 01:00:00.000,2008,3,23,1,VRB02KT,12,12
2008-03-23 02:00:00.000,2008,3,23,2,VRB02KT,12,12
2008-03-23 03:00:00.000,2008,3,23,3,VRB02KT,11,11
2008-03-23 04:00:00.000,2008,3,23,4,VRB02KT,11,11
2008-03-23 05:00:00.000,2008,3,23,5,VRB02KT,11,11
2008-03-23 06:00:00.000,2008,3,23,6,03005KT,11,11
2008-03-23 07:00:00.000,2008,3,23,7,05004KT,11,10
2008-03-23 08:00:00.000,2008,3,23,8,03004KT,10,10
2008-03-23 09:00:00.000,2008,3,23,9,04006KT,10,09
2008-03-23 10:00:00.000,2008,3,23,10,05005KT,10,10
2008-03-23 11:00:00.000,2008,3,23,11,04005KT,10,10
2008-03-23 12:00:00.000,2008,3,23,12,02004KT,12,10
2008-03-23 13:00:00.000,2008,3,23,13,03004KT,13,11
2008-03-23 14:00:00.000,2008,3,23,14,09006KT,15,12
2008-03-23 15:00:00.000,2008,3,23,15,10006KT,16,10
2008-03-23 16:00:00.000,2008,3,23,16,10010KT,16,09
2008-03-23 17:00:00.000,2008,3,23,17,06006KT,17,09
2008-03-23 18:00:00.000,2008,3,23,18,03008KT,18,11
2008-03-23 19:00:00.000,2008,3,23,19,08012KT,18,09
2008-03-23 20:00:00.000,2008,3,23,20,22005KT,17,09
2008-03-23 21:00:00.000,2008,3,23,21,11008KT,18,09
2008-03-23 22:00:00.000,2008,3,23,22,VRB02KT,17,10
2008-03-23 23:00:00.000,2008,3,23,23,10005KT,16,08
2008-03-24 00:00:00.000,2008,3,24,0,10006KT,15,09
2008-03-24 01:00:00.000,2008,3,24,1,31003KT,12,10
2008-03-24 02:00:00.000,2008,3,24,2,VRB02KT,11,10
2008-03-24 03:00:00.000,2008,3,24,3,05005KT,11,10
2008-03-24 06:00:00.000,2008,3,24,6,05004KT,11,09
2008-03-24 07:00:00.000,2008,3,24,7,04005KT,11,09
2008-03-24 08:00:00.000,2008,3,24,8,02005KT,10,09
2008-03-24 09:00:00.000,2008,3,24,9,04005KT,11,09
2008-03-24 10:00:00.000,2008,3,24,10,VRB02KT,10,09
2008-03-24 11:00:00.000,2008,3,24,11,06008KT,11,09
2008-03-24 12:00:00.000,2008,3,24,12,07004KT,11,10
2008-03-24 13:00:00.000,2008,3,24,13,02008KT,13,10
2008-03-24 14:00:00.000,2008,3,24,14,07008KT,15,11
2008-03-24 15:00:00.000,2008,3,24,15,05008KT,16,11
2008-03-24 16:00:00.000,2008,3,24,16,12008KT,18,09
2008-03-24 17:00:00.000,2008,3,24,17,12008KT,19,08
2008-03-24 18:00:00.000,2008,3,24,18,12010KT,19,08
2008-03-24 19:00:00.000,2008,3,24,19,11012KT,19,08
2008-03-24 20:00:00.000,2008,3,24,20,15005KT,19,10
2008-03-24 21:00:00.000,2008,3,24,21,06007KT,20,08
2008-03-24 22:00:00.000,2008,3,24,22,27012KT,17,14
2008-03-24 23:00:00.000,2008,3,24,23,27008KT,14,13
2008-03-25 00:00:00.000,2008,3,25,0,VRB02KT,13,12
2008-03-25 01:00:00.000,2008,3,25,1,VRB02KT,13,12
2008-03-25 02:00:00.000,2008,3,25,2,VRB02KT,12,11
2008-03-25 03:00:00.000,2008,3,25,3,02003KT,12,11
2008-03-25 04:00:00.000,2008,3,25,4,03003KT,11,10
2008-03-25 05:00:00.000,2008,3,25,5,05003KT,10,09
2008-03-25 06:00:00.000,2008,3,25,6,03003KT,10,09
2008-03-25 07:00:00.000,2008,3,25,7,VRB02KT,09,08
2008-03-25 08:00:00.000,2008,3,25,8,04005KT,10,09
2008-03-25 09:00:00.000,2008,3,25,9,07004KT,10,09
2008-03-25 10:00:00.000,2008,3,25,10,32003KT,09,09
2008-03-25 11:00:00.000,2008,3,25,11,35003KT,09,08
2008-03-25 12:00:00.000,2008,3,25,12,02004KT,11,09
2008-03-25 13:00:00.000,2008,3,25,13,05008KT,12,10
2008-03-25 14:00:00.000,2008,3,25,14,05008KT,14,11
2008-03-25 15:00:00.000,2008,3,25,15,05006KT,16,12
2008-03-25 16:00:00.000,2008,3,25,16,06007KT,18,11
2008-03-25 17:00:00.000,2008,3,25,17,27004KT,18,10
2008-03-25 18:00:00.000,2008,3,25,18,22014KT,17,14
2008-03-25 19:00:00.000,2008,3,25,19,25011KT,17,13
2008-03-25 20:00:00.000,2008,3,25,20,27012KT,14,14
2008-03-25 21:00:00.000,2008,3,25,21,27006KT,15,15
2008-03-25 22:00:00.000,2008,3,25,22,28006KT,15,14
2008-03-25 23:00:00.000,2008,3,25,23,27007KT,14,14
2008-03-26 00:00:00.000,2008,3,26,0,30005KT,14,13
2008-03-26 01:00:00.000,2008,3,26,1,00000KT,13,13
2008-03-26 02:00:00.000,2008,3,26,2,VRB02KT,12,12
2008-03-26 03:00:00.000,2008,3,26,3,00000KT,12,11
2008-03-26 04:00:00.000,2008,3,26,4,30004KT,11,11
2008-03-26 05:00:00.000,2008,3,26,5,VRB02KT,10,10
2008-03-26 06:00:00.000,2008,3,26,6,00000KT,10,09
2008-03-26 07:00:00.000,2008,3,26,7,00000KT,08,08
2008-03-26 08:00:00.000,2008,3,26,8,30004KT,08,08
2008-03-26 09:00:00.000,2008,3,26,9,00000KT,08,07
2008-03-26 10:00:00.000,2008,3,26,10,33004KT,07,07
2008-03-26 11:00:00.000,2008,3,26,11,35004KT,07,07
2008-03-26 12:00:00.000,2008,3,26,12,VRB02KT,08,08
2008-03-26 13:00:00.000,2008,3,26,13,04004KT,11,10
2008-03-26 14:00:00.000,2008,3,26,14,14004KT,15,10
2008-03-26 15:00:00.000,2008,3,26,15,07006KT,17,07
2008-03-26 16:00:00.000,2008,3,26,16,15006KT,18,06
2008-03-26 17:00:00.000,2008,3,26,17,15007KT,19,05
2008-03-26 18:00:00.000,2008,3,26,18,27008KT,19,11
2008-03-26 19:00:00.000,2008,3,26,19,26008KT,19,13
2008-03-26 20:00:00.000,2008,3,26,20,26010KT,19,13
2008-03-26 21:00:00.000,2008,3,26,21,30010KT,17,13
2008-03-26 22:00:00.000,2008,3,26,22,29010KT,16,11
2008-03-26 23:00:00.000,2008,3,26,23,27006KT,15,11
2008-03-27 00:00:00.000,2008,3,27,0,28006KT,13,11
2008-03-27 01:00:00.000,2008,3,27,1,VRB02KT,12,10
2008-03-27 02:00:00.000,2008,3,27,2,34003KT,12,10
2008-03-27 03:00:00.000,2008,3,27,3,VRB02KT,11,10
2008-03-27 04:00:00.000,2008,3,27,4,VRB02KT,10,10
2008-03-27 05:00:00.000,2008,3,27,5,03003KT,10,10
2008-03-27 06:00:00.000,2008,3,27,6,VRB02KT,09,09
2008-03-27 07:00:00.000,2008,3,27,7,VRB02KT,09,09
2008-03-27 08:00:00.000,2008,3,27,8,00000KT,08,08
2008-03-27 09:00:00.000,2008,3,27,9,00000KT,09,09
2008-03-27 10:00:00.000,2008,3,27,10,VRB02KT,09,09
2008-03-27 11:00:00.000,2008,3,27,11,04005KT,09,09
2008-03-27 12:00:00.000,2008,3,27,12,06006KT,09,09
2008-03-27 13:00:00.000,2008,3,27,13,04009KT,11,09
2008-03-27 14:00:00.000,2008,3,27,14,04008KT,14,10
2008-03-27 15:00:00.000,2008,3,27,15,04006KT,17,06
2008-03-27 16:00:00.000,2008,3,27,16,04006KT,18,06
2008-03-27 17:00:00.000,2008,3,27,17,33005KT,19,06
2008-03-27 18:00:00.000,2008,3,27,18,27010KT,18,09
2008-03-27 19:00:00.000,2008,3,27,19,29010KT,19,11
2008-03-27 20:00:00.000,2008,3,27,20,27012KT,18,12
2008-03-27 21:00:00.000,2008,3,27,21,24008KT,18,12
2008-03-27 22:00:00.000,2008,3,27,22,30009KT,17,12
2008-03-27 23:00:00.000,2008,3,27,23,26005KT,15,12
2008-03-28 00:00:00.000,2008,3,28,0,30005KT,14,12
2008-03-28 01:00:00.000,2008,3,28,1,32004KT,14,12
2008-03-28 03:00:00.000,2008,3,28,3,VRB02KT,13,11
2008-03-28 04:00:00.000,2008,3,28,4,VRB02KT,13,11
2008-03-28 05:00:00.000,2008,3,28,5,VRB02KT,12,10
2008-03-28 06:00:00.000,2008,3,28,6,31003KT,10,09
2008-03-28 07:00:00.000,2008,3,28,7,00000KT,10,09
2008-03-28 08:00:00.000,2008,3,28,8,00000KT,09,08
2008-03-28 10:00:00.000,2008,3,28,10,00000KT,08,08
2008-03-28 11:00:00.000,2008,3,28,11,00000KT,08,08
2008-03-28 12:00:00.000,2008,3,28,12,VRB02KT,08,08
2008-03-28 13:00:00.000,2008,3,28,13,06005KT,12,10
2008-03-28 14:00:00.000,2008,3,28,14,36004KT,13,11
2008-03-28 15:00:00.000,2008,3,28,15,05004KT,16,13
2008-03-28 16:00:00.000,2008,3,28,16,34004KT,17,11
2008-03-28 17:00:00.000,2008,3,28,17,27008KT,17,11
2008-03-28 18:00:00.000,2008,3,28,18,27013KT,17,12
2008-03-28 19:00:00.000,2008,3,28,19,23011KT,17,13
2008-03-28 20:00:00.000,2008,3,28,20,27012KT,18,12
2008-03-28 21:00:00.000,2008,3,28,21,30012KT,17,12
2008-03-28 22:00:00.000,2008,3,28,22,29010KT,16,12
2008-03-28 23:00:00.000,2008,3,28,23,27006KT,15,12
2008-03-29 00:00:00.000,2008,3,29,0,31003KT,14,12
2008-03-29 01:00:00.000,2008,3,29,1,28004KT,13,12
2008-03-29 02:00:00.000,2008,3,29,2,23003KT,13,12
2008-03-29 03:00:00.000,2008,3,29,3,23003KT,12,11
2008-03-29 04:00:00.000,2008,3,29,4,VRB02KT,12,12
2008-03-29 05:00:00.000,2008,3,29,5,26004KT,12,12
2008-03-29 06:00:00.000,2008,3,29,6,27003KT,12,11
2008-03-29 07:00:00.000,2008,3,29,7,27004KT,12,11
2008-03-29 08:00:00.000,2008,3,29,8,VRB02KT,12,12
2008-03-29 09:00:00.000,2008,3,29,9,32003KT,12,11
2008-03-29 10:00:00.000,2008,3,29,10,33003KT,12,11
2008-03-29 11:00:00.000,2008,3,29,11,VRB02KT,12,11
2008-03-29 12:00:00.000,2008,3,29,12,00000KT,12,11
2008-03-29 13:00:00.000,2008,3,29,13,VRB02KT,14,13
2008-03-29 14:00:00.000,2008,3,29,14,00000KT,15,14
2008-03-29 15:00:00.000,2008,3,29,15,05004KT,16,13
2008-03-29 16:00:00.000,2008,3,29,16,01004KT,18,12
2008-03-29 17:00:00.000,2008,3,29,17,28014KT,19,13
2008-03-29 18:00:00.000,2008,3,29,18,27014KT,19,13
2008-03-29 19:00:00.000,2008,3,29,19,22014KT,16,13
2008-03-29 20:00:00.000,2008,3,29,20,23008KT,14,13
2008-03-29 21:00:00.000,2008,3,29,21,02006KT,14,14
2008-03-29 22:00:00.000,2008,3,29,22,34003KT,15,15
2008-03-29 23:00:00.000,2008,3,29,23,01006KT,14,13
2008-03-30 00:00:00.000,2008,3,30,0,VRB02KT,13,12
2008-03-30 01:00:00.000,2008,3,30,1,04004KT,13,12
2008-03-30 02:00:00.000,2008,3,30,2,04003KT,13,12
2008-03-30 03:00:00.000,2008,3,30,3,VRB02KT,13,12
2008-03-30 04:00:00.000,2008,3,30,4,VRB02KT,13,12
2008-03-30 05:00:00.000,2008,3,30,5,01003KT,12,11
2008-03-30 07:00:00.000,2008,3,30,7,VRB02KT,12,11
2008-03-30 10:00:00.000,2008,3,30,10,VRB02KT,12,11
2008-03-30 12:00:00.000,2008,3,30,12,VRB02KT,13,12
2008-03-30 13:00:00.000,2008,3,30,13,01004KT,13,12
2008-03-30 14:00:00.000,2008,3,30,14,01004KT,16,12
2008-03-30 15:00:00.000,2008,3,30,15,27004KT,17,12
2008-03-30 16:00:00.000,2008,3,30,16,27004KT,17,12
2008-03-30 18:00:00.000,2008,3,30,18,30011KT,16,14
2008-03-30 19:00:00.000,2008,3,30,19,27012KT,17,13
2008-03-30 20:00:00.000,2008,3,30,20,29011KT,17,13
2008-03-30 21:00:00.000,2008,3,30,21,27012KT,17,13
2008-03-30 22:00:00.000,2008,3,30,22,27014KT,16,14
2008-03-30 23:00:00.000,2008,3,30,23,26008KT,15,13
2008-03-31 00:00:00.000,2008,3,31,0,33005KT,14,13
2008-03-31 01:00:00.000,2008,3,31,1,25004KT,13,13
2008-03-31 02:00:00.000,2008,3,31,2,VRB02KT,13,13
2008-03-31 03:00:00.000,2008,3,31,3,VRB02KT,11,11
2008-03-31 04:00:00.000,2008,3,31,4,23004KT,11,11
2008-03-31 06:00:00.000,2008,3,31,6,00000KT,11,11
2008-03-31 07:00:00.000,2008,3,31,7,00000KT,11,10
2008-03-31 08:00:00.000,2008,3,31,8,00000KT,10,10
2008-03-31 09:00:00.000,2008,3,31,9,00000KT,10,10
2008-03-31 10:00:00.000,2008,3,31,10,00000KT,09,09
2008-03-31 11:00:00.000,2008,3,31,11,VRB02KT,09,09
2008-03-31 12:00:00.000,2008,3,31,12,VRB02KT,09,09
2008-03-31 13:00:00.000,2008,3,31,13,VRB02KT,11,11
2008-03-31 14:00:00.000,2008,3,31,14,VRB02KT,14,12
2008-03-31 15:00:00.000,2008,3,31,15,26006KT,16,12
2008-03-31 16:00:00.000,2008,3,31,16,30005KT,17,11
2008-03-31 17:00:00.000,2008,3,31,17,27010KT,16,12
2008-03-31 18:00:00.000,2008,3,31,18,27010KT,17,13
2008-03-31 19:00:00.000,2008,3,31,19,28010KT,17,12
2008-03-31 20:00:00.000,2008,3,31,20,24008KT,17,12
2008-03-31 21:00:00.000,2008,3,31,21,26010KT,16,13
2008-03-31 22:00:00.000,2008,3,31,22,28008KT,14,11
2008-03-31 23:00:00.000,2008,3,31,23,23004KT,13,11
2008-04-01 00:00:00.000,2008,4,1,0,27005KT,13,13
2008-04-01 01:00:00.000,2008,4,1,1,27006KT,13,12
2008-04-01 02:00:00.000,2008,4,1,2,31008KT,12,12
2008-04-01 03:00:00.000,2008,4,1,3,32006KT,12,11
2008-04-01 04:00:00.000,2008,4,1,4,VRB02KT,12,11
2008-04-01 06:00:00.000,2008,4,1,6,28004KT,11,11
2008-04-01 07:00:00.000,2008,4,1,7,30004KT,12,11
2008-04-01 08:00:00.000,2008,4,1,8,33003KT,11,11
2008-04-01 09:00:00.000,2008,4,1,9,27003KT,11,11
2008-04-01 10:00:00.000,2008,4,1,10,00000KT,11,10
2008-04-01 11:00:00.000,2008,4,1,11,VRB02KT,11,10
2008-04-01 12:00:00.000,2008,4,1,12,35003KT,11,11
2008-04-01 13:00:00.000,2008,4,1,13,33004KT,12,11
2008-04-01 14:00:00.000,2008,4,1,14,33005KT,13,12
2008-04-01 15:00:00.000,2008,4,1,15,30005KT,14,12
2008-04-01 16:00:00.000,2008,4,1,16,32012KT,15,12
2008-04-01 17:00:00.000,2008,4,1,17,32014KT,15,12
2008-04-01 18:00:00.000,2008,4,1,18,33014KT,15,13
2008-04-01 19:00:00.000,2008,4,1,19,32010KT,16,13
2008-04-01 20:00:00.000,2008,4,1,20,32014KT,17,12
2008-04-01 21:00:00.000,2008,4,1,21,29012KT,14,11
2008-04-01 22:00:00.000,2008,4,1,22,27006KT,13,11
2008-04-01 23:00:00.000,2008,4,1,23,26006KT,12,11
2008-04-02 00:00:00.000,2008,4,2,0,31005KT,12,11
2008-04-02 01:00:00.000,2008,4,2,1,27006KT,12,11
2008-04-02 02:00:00.000,2008,4,2,2,28006KT,11,10
2008-04-02 03:00:00.000,2008,4,2,3,29006KT,11,10
2008-04-02 04:00:00.000,2008,4,2,4,VRB02KT,11,10
2008-04-02 06:00:00.000,2008,4,2,6,28008KT,11,10
2008-04-02 09:00:00.000,2008,4,2,9,33003KT,11,10
2008-04-02 10:00:00.000,2008,4,2,10,VRB02KT,10,10
2008-04-02 11:00:00.000,2008,4,2,11,30004KT,10,10
2008-04-02 12:00:00.000,2008,4,2,12,30008KT,11,10
2008-04-02 13:00:00.000,2008,4,2,13,30006KT,11,11
2008-04-02 14:00:00.000,2008,4,2,14,31006KT,12,12
2008-04-02 15:00:00.000,2008,4,2,15,32012KT,14,12
2008-04-02 16:00:00.000,2008,4,2,16,32012KT,16,12
2008-04-02 17:00:00.000,2008,4,2,17,32012KT,17,11
2008-04-02 18:00:00.000,2008,4,2,18,32016KT,17,11
2008-04-02 19:00:00.000,2008,4,2,19,32016KT,16,10
2008-04-02 20:00:00.000,2008,4,2,20,32014KT,17,11
2008-04-02 21:00:00.000,2008,4,2,21,33012KT,16,10
2008-04-02 22:00:00.000,2008,4,2,22,33012KT,15,10
2008-04-02 23:00:00.000,2008,4,2,23,32010KT,14,11
2008-04-03 01:00:00.000,2008,4,3,1,28004KT,12,11
2008-04-03 02:00:00.000,2008,4,3,2,28005KT,11,11
2008-04-03 04:00:00.000,2008,4,3,4,VRB02KT,11,10
2008-04-03 05:00:00.000,2008,4,3,5,00000KT,09,09
2008-04-03 06:00:00.000,2008,4,3,6,VRB02KT,09,09
2008-04-03 07:00:00.000,2008,4,3,7,00000KT,08,08
2008-04-03 08:00:00.000,2008,4,3,8,VRB02KT,06,06
2008-04-03 09:00:00.000,2008,4,3,9,VRB02KT,07,06
2008-04-03 10:00:00.000,2008,4,3,10,00000KT,07,06
2008-04-03 11:00:00.000,2008,4,3,11,00000KT,06,06
2008-04-03 12:00:00.000,2008,4,3,12,04004KT,08,08
2008-04-03 13:00:00.000,2008,4,3,13,05003KT,12,11
2008-04-03 14:00:00.000,2008,4,3,14,VRB02KT,14,12
2008-04-03 15:00:00.000,2008,4,3,15,11004KT,15,11
2008-04-03 16:00:00.000,2008,4,3,16,31007KT,16,10
2008-04-03 17:00:00.000,2008,4,3,17,28012KT,17,10
2008-04-03 18:00:00.000,2008,4,3,18,31012KT,18,11
2008-04-03 19:00:00.000,2008,4,3,19,28014KT,18,09
2008-04-03 20:00:00.000,2008,4,3,20,28014KT,17,12
2008-04-03 21:00:00.000,2008,4,3,21,31012KT,16,11
2008-04-03 22:00:00.000,2008,4,3,22,29008KT,15,12
2008-04-03 23:00:00.000,2008,4,3,23,34008KT,13,11
2008-04-04 00:00:00.000,2008,4,4,0,32010KT,12,10
2008-04-04 01:00:00.000,2008,4,4,1,30004KT,11,11
2008-04-04 02:00:00.000,2008,4,4,2,32005KT,11,11
2008-04-04 03:00:00.000,2008,4,4,3,VRB02KT,11,11
2008-04-04 04:00:00.000,2008,4,4,4,30004KT,11,10
2008-04-04 05:00:00.000,2008,4,4,5,34004KT,10,10
2008-04-04 06:00:00.000,2008,4,4,6,VRB02KT,10,10
2008-04-04 07:00:00.000,2008,4,4,7,32004KT,09,09
2008-04-04 08:00:00.000,2008,4,4,8,00000KT,09,09
2008-04-04 09:00:00.000,2008,4,4,9,00000KT,08,08
2008-04-04 10:00:00.000,2008,4,4,10,33004KT,07,07
2008-04-04 11:00:00.000,2008,4,4,11,34006KT,06,06
2008-04-04 12:00:00.000,2008,4,4,12,VRB02KT,07,06
2008-04-04 13:00:00.000,2008,4,4,13,01004KT,11,09
2008-04-04 14:00:00.000,2008,4,4,14,VRB02KT,14,11
2008-04-04 15:00:00.000,2008,4,4,15,31003KT,16,10
2008-04-04 16:00:00.000,2008,4,4,16,08007KT,17,10
2008-04-04 17:00:00.000,2008,4,4,17,14006KT,17,08
2008-04-04 18:00:00.000,2008,4,4,18,27008KT,12,11
2008-04-04 19:00:00.000,2008,4,4,19,02007KT,14,10
2008-04-04 20:00:00.000,2008,4,4,20,03004KT,15,10
2008-04-04 21:00:00.000,2008,4,4,21,35003KT,16,10
2008-04-04 22:00:00.000,2008,4,4,22,28008KT,17,07
2008-04-04 23:00:00.000,2008,4,4,23,31008KT,15,10
2008-04-05 00:00:00.000,2008,4,5,0,33006KT,13,11
2008-04-05 01:00:00.000,2008,4,5,1,VRB02KT,11,09
2008-04-05 02:00:00.000,2008,4,5,2,34005KT,11,09
2008-04-05 03:00:00.000,2008,4,5,3,32004KT,10,10
2008-04-05 04:00:00.000,2008,4,5,4,35006KT,10,09
2008-04-05 05:00:00.000,2008,4,5,5,31004KT,08,08
2008-04-05 07:00:00.000,2008,4,5,7,VRB02KT,08,08
2008-04-05 08:00:00.000,2008,4,5,8,VRB02KT,10,09
2008-04-05 09:00:00.000,2008,4,5,9,VRB02KT,10,09
2008-04-05 10:00:00.000,2008,4,5,10,25004KT,08,08
2008-04-05 11:00:00.000,2008,4,5,11,VRB02KT,08,08
2008-04-05 12:00:00.000,2008,4,5,12,32004KT,09,09
2008-04-05 13:00:00.000,2008,4,5,13,28003KT,10,10
2008-04-05 14:00:00.000,2008,4,5,14,02004KT,12,11
2008-04-05 15:00:00.000,2008,4,5,15,04004KT,13,11
2008-04-05 16:00:00.000,2008,4,5,16,06005KT,14,11
2008-04-05 17:00:00.000,2008,4,5,17,13005KT,15,10
2008-04-05 18:00:00.000,2008,4,5,18,24005KT,16,08
2008-04-05 19:00:00.000,2008,4,5,19,27003KT,17,07
2008-04-05 20:00:00.000,2008,4,5,20,26007KT,18,07
2008-04-05 21:00:00.000,2008,4,5,21,24010KT,14,10
2008-04-05 22:00:00.000,2008,4,5,22,26007KT,14,10
2008-04-05 23:00:00.000,2008,4,5,23,32004KT,14,10
2008-04-06 00:00:00.000,2008,4,6,0,36004KT,13,11
2008-04-06 01:00:00.000,2008,4,6,1,01005KT,13,13
2008-04-06 02:00:00.000,2008,4,6,2,32004KT,12,12
2008-04-06 03:00:00.000,2008,4,6,3,32004KT,12,12
2008-04-06 04:00:00.000,2008,4,6,4,VRB02KT,11,11
2008-04-06 05:00:00.000,2008,4,6,5,VRB02KT,11,11
2008-04-06 06:00:00.000,2008,4,6,6,VRB02KT,10,10
2008-04-06 07:00:00.000,2008,4,6,7,VRB02KT,09,09
2008-04-06 08:00:00.000,2008,4,6,8,VRB02KT,09,09
2008-04-06 09:00:00.000,2008,4,6,9,00000KT,08,08
2008-04-06 10:00:00.000,2008,4,6,10,33005KT,07,07
2008-04-06 11:00:00.000,2008,4,6,11,00000KT,08,08
2008-04-06 12:00:00.000,2008,4,6,12,VRB02KT,08,08
2008-04-06 13:00:00.000,2008,4,6,13,02004KT,10,10
2008-04-06 14:00:00.000,2008,4,6,14,VRB02KT,14,11
2008-04-06 15:00:00.000,2008,4,6,15,19004KT,16,11
2008-04-06 16:00:00.000,2008,4,6,16,09004KT,17,10
2008-04-06 17:00:00.000,2008,4,6,17,10004KT,19,09
2008-04-06 18:00:00.000,2008,4,6,18,24009KT,19,07
2008-04-06 19:00:00.000,2008,4,6,19,30010KT,15,11
2008-04-06 20:00:00.000,2008,4,6,20,28011KT,16,13
2008-04-06 21:00:00.000,2008,4,6,21,27006KT,16,12
2008-04-06 22:00:00.000,2008,4,6,22,27008KT,16,12
2008-04-06 23:00:00.000,2008,4,6,23,28008KT,15,12
2008-04-07 00:00:00.000,2008,4,7,0,27005KT,13,13
2008-04-07 01:00:00.000,2008,4,7,1,21004KT,13,12
2008-04-07 02:00:00.000,2008,4,7,2,00000KT,12,12
2008-04-07 03:00:00.000,2008,4,7,3,00000KT,12,12
2008-04-07 04:00:00.000,2008,4,7,4,00000KT,11,11
2008-04-07 05:00:00.000,2008,4,7,5,00000KT,11,11
2008-04-07 06:00:00.000,2008,4,7,6,00000KT,11,11
2008-04-07 07:00:00.000,2008,4,7,7,30004KT,11,11
2008-04-07 08:00:00.000,2008,4,7,8,01004KT,10,10
2008-04-07 09:00:00.000,2008,4,7,9,00000KT,10,10
2008-04-07 10:00:00.000,2008,4,7,10,00000KT,10,10
2008-04-07 11:00:00.000,2008,4,7,11,00000KT,10,10
2008-04-07 12:00:00.000,2008,4,7,12,VRB02KT,11,11
2008-04-07 13:00:00.000,2008,4,7,13,03006KT,13,12
2008-04-07 14:00:00.000,2008,4,7,14,VRB02KT,15,12
2008-04-07 15:00:00.000,2008,4,7,15,35005KT,17,13
2008-04-07 16:00:00.000,2008,4,7,16,32003KT,17,11
2008-04-07 17:00:00.000,2008,4,7,17,22010KT,14,12
2008-04-07 18:00:00.000,2008,4,7,18,27012KT,17,14
2008-04-07 19:00:00.000,2008,4,7,19,27014KT,15,14
2008-04-07 20:00:00.000,2008,4,7,20,26010KT,14,14
2008-04-07 21:00:00.000,2008,4,7,21,22004KT,15,15
2008-04-07 22:00:00.000,2008,4,7,22,VRB02KT,15,13
2008-04-07 23:00:00.000,2008,4,7,23,34005KT,15,13
2008-04-08 00:00:00.000,2008,4,8,0,VRB02KT,13,12
2008-04-08 01:00:00.000,2008,4,8,1,31004KT,13,12
2008-04-08 04:00:00.000,2008,4,8,4,VRB02KT,12,11
2008-04-08 07:00:00.000,2008,4,8,7,31003KT,11,10
2008-04-08 09:00:00.000,2008,4,8,9,VRB02KT,10,09
2008-04-08 10:00:00.000,2008,4,8,10,00000KT,09,08
2008-04-08 11:00:00.000,2008,4,8,11,VRB02KT,09,09
2008-04-08 12:00:00.000,2008,4,8,12,00000KT,10,09
2008-04-08 13:00:00.000,2008,4,8,13,00000KT,10,10
2008-04-08 14:00:00.000,2008,4,8,14,VRB02KT,13,13
2008-04-08 15:00:00.000,2008,4,8,15,VRB02KT,14,13
2008-04-08 16:00:00.000,2008,4,8,16,16005KT,17,11
2008-04-08 17:00:00.000,2008,4,8,17,11005KT,19,08
2008-04-08 18:00:00.000,2008,4,8,18,23008KT,19,08
2008-04-08 20:00:00.000,2008,4,8,20,24005KT,18,12
2008-04-08 21:00:00.000,2008,4,8,21,35007KT,14,10
2008-04-08 22:00:00.000,2008,4,8,22,36005KT,12,11
2008-04-08 23:00:00.000,2008,4,8,23,00000KT,12,11
2008-04-09 00:00:00.000,2008,4,9,0,03004KT,12,12
2008-04-09 01:00:00.000,2008,4,9,1,VRB02KT,11,11
2008-04-09 02:00:00.000,2008,4,9,2,VRB02KT,11,10
2008-04-09 03:00:00.000,2008,4,9,3,00000KT,11,11
2008-04-09 04:00:00.000,2008,4,9,4,01004KT,11,10
2008-04-09 05:00:00.000,2008,4,9,5,33003KT,10,10
2008-04-09 07:00:00.000,2008,4,9,7,02004KT,10,09
2008-04-09 08:00:00.000,2008,4,9,8,27003KT,10,09
2008-04-09 09:00:00.000,2008,4,9,9,05004KT,09,09
2008-04-09 10:00:00.000,2008,4,9,10,05007KT,11,10
2008-04-09 11:00:00.000,2008,4,9,11,02005KT,10,10
2008-04-09 12:00:00.000,2008,4,9,12,04008KT,11,10
2008-04-09 13:00:00.000,2008,4,9,13,06004KT,12,11
2008-04-09 14:00:00.000,2008,4,9,14,03007KT,14,13
2008-04-09 15:00:00.000,2008,4,9,15,07007KT,16,10
2008-04-09 16:00:00.000,2008,4,9,16,09011KT,17,09
2008-04-09 17:00:00.000,2008,4,9,17,13004KT,18,10
2008-04-09 18:00:00.000,2008,4,9,18,08010KT,19,10
2008-04-09 19:00:00.000,2008,4,9,19,23004KT,18,12
2008-04-09 20:00:00.000,2008,4,9,20,VRB02KT,18,12
2008-04-09 21:00:00.000,2008,4,9,21,11007KT,18,06
2008-04-09 22:00:00.000,2008,4,9,22,31007KT,16,14
2008-04-09 23:00:00.000,2008,4,9,23,27004KT,15,14
2008-04-10 00:00:00.000,2008,4,10,0,30004KT,13,12
2008-04-10 01:00:00.000,2008,4,10,1,00000KT,13,12
2008-04-10 02:00:00.000,2008,4,10,2,VRB02KT,13,12
2008-04-10 03:00:00.000,2008,4,10,3,00000KT,12,12
2008-04-10 04:00:00.000,2008,4,10,4,00000KT,13,12
2008-04-10 05:00:00.000,2008,4,10,5,00000KT,12,12
2008-04-10 06:00:00.000,2008,4,10,6,33004KT,11,10
2008-04-10 07:00:00.000,2008,4,10,7,VRB02KT,11,10
2008-04-10 08:00:00.000,2008,4,10,8,VRB02KT,11,11
2008-04-10 09:00:00.000,2008,4,10,9,00000KT,10,10
2008-04-10 10:00:00.000,2008,4,10,10,VRB02KT,10,09
2008-04-10 11:00:00.000,2008,4,10,11,VRB02KT,09,09
2008-04-10 12:00:00.000,2008,4,10,12,28004KT,09,09
2008-04-10 13:00:00.000,2008,4,10,13,00000KT,13,13
2008-04-10 14:00:00.000,2008,4,10,14,VRB02KT,14,12
2008-04-10 15:00:00.000,2008,4,10,15,01005KT,16,12
2008-04-10 16:00:00.000,2008,4,10,16,15004KT,18,12
2008-04-10 17:00:00.000,2008,4,10,17,13004KT,18,08
2008-04-10 18:00:00.000,2008,4,10,18,23005KT,17,13
2008-04-10 19:00:00.000,2008,4,10,19,26005KT,15,14
2008-04-10 20:00:00.000,2008,4,10,20,26005KT,17,13
2008-04-10 21:00:00.000,2008,4,10,21,27008KT,16,13
2008-04-10 22:00:00.000,2008,4,10,22,31007KT,15,13
2008-04-10 23:00:00.000,2008,4,10,23,28004KT,14,13
2008-04-11 00:00:00.000,2008,4,11,0,30006KT,13,11
2008-04-11 01:00:00.000,2008,4,11,1,25004KT,13,11
2008-04-11 02:00:00.000,2008,4,11,2,VRB02KT,12,11
2008-04-11 03:00:00.000,2008,4,11,3,29006KT,12,11
2008-04-11 04:00:00.000,2008,4,11,4,34004KT,12,11
2008-04-11 05:00:00.000,2008,4,11,5,VRB02KT,11,10
2008-04-11 07:00:00.000,2008,4,11,7,VRB02KT,11,10
2008-04-11 09:00:00.000,2008,4,11,9,00000KT,10,10
2008-04-11 10:00:00.000,2008,4,11,10,34004KT,11,10
2008-04-11 11:00:00.000,2008,4,11,11,33004KT,11,11
2008-04-11 12:00:00.000,2008,4,11,12,28006KT,11,10
2008-04-11 13:00:00.000,2008,4,11,13,32006KT,12,10
2008-04-11 14:00:00.000,2008,4,11,14,05004KT,12,10
2008-04-11 15:00:00.000,2008,4,11,15,21003KT,14,12
2008-04-11 16:00:00.000,2008,4,11,16,08004KT,15,12
2008-04-11 17:00:00.000,2008,4,11,17,32006KT,15,12
2008-04-11 18:00:00.000,2008,4,11,18,24004KT,16,12
2008-04-11 19:00:00.000,2008,4,11,19,22005KT,15,13
2008-04-11 20:00:00.000,2008,4,11,20,29010KT,13,13
2008-04-11 21:00:00.000,2008,4,11,21,27007KT,13,13
2008-04-11 22:00:00.000,2008,4,11,22,27007KT,13,13
2008-04-11 23:00:00.000,2008,4,11,23,31004KT,13,13
2008-04-12 00:00:00.000,2008,4,12,0,02008KT,12,12
2008-04-12 01:00:00.000,2008,4,12,1,05006KT,10,10
2008-04-12 02:00:00.000,2008,4,12,2,02005KT,10,10
2008-04-12 03:00:00.000,2008,4,12,3,VRB02KT,11,10
2008-04-12 04:00:00.000,2008,4,12,4,VRB02KT,11,10
2008-04-12 05:00:00.000,2008,4,12,5,VRB02KT,11,10
2008-04-12 06:00:00.000,2008,4,12,6,VRB02KT,10,10
2008-04-12 07:00:00.000,2008,4,12,7,VRB02KT,10,09
2008-04-12 08:00:00.000,2008,4,12,8,00000KT,09,09
2008-04-12 09:00:00.000,2008,4,12,9,00000KT,10,09
2008-04-12 11:00:00.000,2008,4,12,11,00000KT,09,09
2008-04-12 12:00:00.000,2008,4,12,12,VRB02KT,10,10
2008-04-12 13:00:00.000,2008,4,12,13,03006KT,13,12
2008-04-12 14:00:00.000,2008,4,12,14,05006KT,15,13
2008-04-12 15:00:00.000,2008,4,12,15,10006KT,16,12
2008-04-12 16:00:00.000,2008,4,12,16,15004KT,17,11
2008-04-12 17:00:00.000,2008,4,12,17,30006KT,18,12
2008-04-12 18:00:00.000,2008,4,12,18,27005KT,15,13
2008-04-12 19:00:00.000,2008,4,12,19,25005KT,13,13
2008-04-12 20:00:00.000,2008,4,12,20,12004KT,15,13
2008-04-12 21:00:00.000,2008,4,12,21,22005KT,13,12
2008-04-12 22:00:00.000,2008,4,12,22,VRB02KT,12,12
2008-04-12 23:00:00.000,2008,4,12,23,00000KT,12,12
2008-04-13 00:00:00.000,2008,4,13,0,34003KT,12,11
2008-04-13 01:00:00.000,2008,4,13,1,VRB02KT,12,11
2008-04-13 02:00:00.000,2008,4,13,2,36003KT,12,11
2008-04-13 03:00:00.000,2008,4,13,3,35003KT,12,11
2008-04-13 04:00:00.000,2008,4,13,4,00000KT,11,10
2008-07-02 03:00:00.000,2008,7,2,3,07003KT,13,12
2008-07-02 04:00:00.000,2008,7,2,4,12003KT,12,11
2008-07-02 05:00:00.000,2008,7,2,5,35004KT,11,10
2008-07-02 06:00:00.000,2008,7,2,6,VRB02KT,11,11
2008-07-02 08:00:00.000,2008,7,2,8,VRB02KT,10,10
2008-07-02 09:00:00.000,2008,7,2,9,00000KT,09,09
2008-07-02 10:00:00.000,2008,7,2,10,VRB02KT,09,09
2008-07-02 11:00:00.000,2008,7,2,11,00000KT,09,09
2008-07-02 15:00:00.000,2008,7,2,15,VRB02KT,15,12
2008-07-02 19:00:00.000,2008,7,2,19,15012KT,17,11
2008-07-02 20:00:00.000,2008,7,2,20,16012KT,17,10
2008-07-02 21:00:00.000,2008,7,2,21,16011KT,17,09
2008-07-02 22:00:00.000,2008,7,2,22,17010KT,16,09
2008-07-02 23:00:00.000,2008,7,2,23,30005KT,14,12
2008-07-03 00:00:00.000,2008,7,3,0,00000KT,13,13
2008-07-03 01:00:00.000,2008,7,3,1,30004KT,12,12
2008-07-03 02:00:00.000,2008,7,3,2,34005KT,11,11
2008-07-03 03:00:00.000,2008,7,3,3,28004KT,11,11
2008-07-03 05:00:00.000,2008,7,3,5,VRB02KT,11,11
2008-07-03 06:00:00.000,2008,7,3,6,00000KT,11,11
2008-07-03 10:00:00.000,2008,7,3,10,00000KT,11,10
2008-07-03 11:00:00.000,2008,7,3,11,00000KT,11,10
2008-07-03 13:00:00.000,2008,7,3,13,VRB02KT,12,11
2008-07-03 14:00:00.000,2008,7,3,14,VRB02KT,13,12
2008-07-03 21:00:00.000,2008,7,3,21,01006KT,15,12
2008-07-03 22:00:00.000,2008,7,3,22,28006KT,14,12
2008-07-03 23:00:00.000,2008,7,3,23,30006KT,13,12
2008-07-04 00:00:00.000,2008,7,4,0,VRB02KT,12,12
2008-07-04 01:00:00.000,2008,7,4,1,34004KT,12,12
2008-07-04 02:00:00.000,2008,7,4,2,02006KT,11,11
2008-07-04 04:00:00.000,2008,7,4,4,VRB02KT,12,11
2008-07-04 05:00:00.000,2008,7,4,5,04003KT,11,11
2008-07-04 07:00:00.000,2008,7,4,7,36004KT,11,10
2008-07-04 10:00:00.000,2008,7,4,10,VRB02KT,10,10
2008-07-04 22:00:00.000,2008,7,4,22,07012KT,16,09
2008-07-05 00:00:00.000,2008,7,5,0,10004KT,14,09
2008-07-05 03:00:00.000,2008,7,5,3,03003KT,11,10
2008-07-05 04:00:00.000,2008,7,5,4,02004KT,11,10
2008-07-05 06:00:00.000,2008,7,5,6,35003KT,11,10
2008-07-05 14:00:00.000,2008,7,5,14,00000KT,14,12
2008-07-05 16:00:00.000,2008,7,5,16,VRB02KT,15,11
2008-07-05 18:00:00.000,2008,7,5,18,29008KT,16,13
2008-07-05 19:00:00.000,2008,7,5,19,27012KT,13,13
2008-07-05 20:00:00.000,2008,7,5,20,27006KT,12,11
2008-07-05 21:00:00.000,2008,7,5,21,28005KT,13,12
2008-07-05 22:00:00.000,2008,7,5,22,27004KT,13,11
2008-07-06 00:00:00.000,2008,7,6,0,27003KT,12,11
2008-07-06 01:00:00.000,2008,7,6,1,VRB02KT,12,11
2008-07-06 02:00:00.000,2008,7,6,2,00000KT,12,11
2008-07-06 03:00:00.000,2008,7,6,3,VRB02KT,11,10
2008-07-06 04:00:00.000,2008,7,6,4,00000KT,11,11
2008-07-06 05:00:00.000,2008,7,6,5,00000KT,11,10
2008-07-06 06:00:00.000,2008,7,6,6,00000KT,11,10
2008-07-06 07:00:00.000,2008,7,6,7,00000KT,11,10
2008-07-06 10:00:00.000,2008,7,6,10,VRB02KT,10,10
2008-07-06 11:00:00.000,2008,7,6,11,VRB02KT,10,09
2008-07-06 12:00:00.000,2008,7,6,12,00000KT,10,10
2008-07-06 13:00:00.000,2008,7,6,13,00000KT,12,11
2008-07-06 14:00:00.000,2008,7,6,14,VRB02KT,14,13
2008-07-06 16:00:00.000,2008,7,6,16,11005KT,16,10
2008-07-06 17:00:00.000,2008,7,6,17,VRB02KT,17,10
2008-07-06 19:00:00.000,2008,7,6,19,VRB02KT,17,13
2008-07-06 20:00:00.000,2008,7,6,20,24006KT,16,14
2008-07-06 21:00:00.000,2008,7,6,21,29008KT,16,13
2008-07-07 00:00:00.000,2008,7,7,0,00000KT,12,12
2008-07-07 02:00:00.000,2008,7,7,2,00000KT,12,11
2008-07-07 04:00:00.000,2008,7,7,4,00000KT,12,11
2008-07-07 05:00:00.000,2008,7,7,5,00000KT,11,11
2008-07-07 07:00:00.000,2008,7,7,7,03004KT,11,11
2008-07-07 08:00:00.000,2008,7,7,8,27004KT,11,11
2008-07-07 09:00:00.000,2008,7,7,9,00000KT,11,11
2008-07-07 10:00:00.000,2008,7,7,10,36004KT,11,11
2008-07-07 13:00:00.000,2008,7,7,13,04003KT,13,11
2008-07-07 15:00:00.000,2008,7,7,15,13006KT,16,10
2008-07-07 16:00:00.000,2008,7,7,16,10006KT,16,10
2008-07-07 19:00:00.000,2008,7,7,19,07007KT,18,10
2008-07-07 22:00:00.000,2008,7,7,22,09010KT,16,10
2008-07-07 23:00:00.000,2008,7,7,23,05005KT,15,10
2008-07-08 01:00:00.000,2008,7,8,1,00000KT,12,10
2008-07-08 02:00:00.000,2008,7,8,2,01003KT,13,10
2008-07-08 03:00:00.000,2008,7,8,3,11007KT,13,10
2008-07-08 04:00:00.000,2008,7,8,4,08005KT,13,11
2008-07-08 05:00:00.000,2008,7,8,5,03005KT,12,12
2008-07-08 06:00:00.000,2008,7,8,6,05005KT,11,11
2008-07-08 07:00:00.000,2008,7,8,7,36005KT,11,11
2008-07-08 08:00:00.000,2008,7,8,8,05004KT,11,11
2008-07-08 10:00:00.000,2008,7,8,10,04005KT,11,11
2008-07-08 11:00:00.000,2008,7,8,11,06004KT,11,10
2008-07-08 12:00:00.000,2008,7,8,12,02003KT,11,10
2008-07-08 13:00:00.000,2008,7,8,13,03007KT,13,11
2008-07-08 14:00:00.000,2008,7,8,14,07007KT,14,11
2008-07-08 21:00:00.000,2008,7,8,21,09007KT,17,11
2008-07-08 22:00:00.000,2008,7,8,22,09005KT,17,10
2008-07-08 23:00:00.000,2008,7,8,23,15003KT,15,12
2008-07-09 00:00:00.000,2008,7,9,0,16010KT,14,10
2008-07-09 01:00:00.000,2008,7,9,1,VRB02KT,13,12
2008-07-09 02:00:00.000,2008,7,9,2,VRB02KT,13,12
2008-07-09 04:00:00.000,2008,7,9,4,VRB02KT,11,11
2008-07-09 05:00:00.000,2008,7,9,5,00000KT,10,10
2008-07-09 06:00:00.000,2008,7,9,6,02009KT,10,10
2008-07-09 07:00:00.000,2008,7,9,7,04004KT,10,09
2008-07-09 10:00:00.000,2008,7,9,10,00000KT,10,09
2008-07-09 11:00:00.000,2008,7,9,11,00000KT,09,09
2008-07-09 12:00:00.000,2008,7,9,12,04005KT,10,10
2008-07-09 15:00:00.000,2008,7,9,15,18004KT,13,12
2008-07-09 21:00:00.000,2008,7,9,21,10008KT,16,10
2008-07-09 22:00:00.000,2008,7,9,22,12005KT,16,10
2008-07-09 23:00:00.000,2008,7,9,23,08008KT,15,10
2008-07-10 02:00:00.000,2008,7,10,2,00000KT,12,11
2008-07-10 03:00:00.000,2008,7,10,3,35004KT,12,11
2008-07-10 04:00:00.000,2008,7,10,4,08005KT,12,11
2008-07-10 05:00:00.000,2008,7,10,5,00000KT,11,10
2008-07-10 06:00:00.000,2008,7,10,6,34004KT,10,10
2008-07-10 07:00:00.000,2008,7,10,7,OOO0OKT,10,09
2008-07-10 10:00:00.000,2008,7,10,10,00000KT,10,09
2008-07-10 13:00:00.000,2008,7,10,13,VRB02KT,12,11
2008-07-15 03:00:00.000,2008,7,15,3,12006KT,12,12
2008-07-15 04:00:00.000,2008,7,15,4,18008KT,11,11
2008-07-15 06:00:00.000,2008,7,15,6,31003KT,10,10
2008-07-15 13:00:00.000,2008,7,15,13,03006KT,12,11
2008-07-15 14:00:00.000,2008,7,15,14,02008KT,13,11
2008-07-15 15:00:00.000,2008,7,15,15,09004KT,15,11
2008-07-15 16:00:00.000,2008,7,15,16,15008KT,15,11
2008-07-15 19:00:00.000,2008,7,15,19,15005KT,18,09
2008-07-15 20:00:00.000,2008,7,15,20,17005KT,17,08
2008-07-15 22:00:00.000,2008,7,15,22,22005KT,15,13
2008-07-16 01:00:00.000,2008,7,16,1,VRB02KT,13,11
2008-07-16 02:00:00.000,2008,7,16,2,VRB02KT,12,11
2008-07-16 03:00:00.000,2008,7,16,3,34003KT,12,11
2008-07-16 04:00:00.000,2008,7,16,4,31003KT,11,10
2008-07-16 07:00:00.000,2008,7,16,7,00000KT,11,11
2008-07-16 09:00:00.000,2008,7,16,9,32003KT,10,10
2008-07-16 10:00:00.000,2008,7,16,10,VRB02KT,10,10
2008-07-16 11:00:00.000,2008,7,16,11,VRB02KT,10,10
2008-07-16 13:00:00.000,2008,7,16,13,VRB02KT,12,12
2008-07-16 15:00:00.000,2008,7,16,15,25007KT,13,12
2008-07-16 20:00:00.000,2008,7,16,20,26007KT,15,12
2008-07-16 21:00:00.000,2008,7,16,21,27009KT,13,12
2008-07-16 22:00:00.000,2008,7,16,22,26005KT,13,12
2008-07-17 02:00:00.000,2008,7,17,2,30005KT,11,11
2008-07-17 03:00:00.000,2008,7,17,3,33004KT,11,11
2008-07-17 04:00:00.000,2008,7,17,4,VRB02KT,11,11
2008-07-17 05:00:00.000,2008,7,17,5,23004KT,11,11
2008-07-17 08:00:00.000,2008,7,17,8,00000KT,10,10
2008-07-17 09:00:00.000,2008,7,17,9,00000KT,10,10
2008-07-17 13:00:00.000,2008,7,17,13,VRB02KT,12,10
2008-07-17 14:00:00.000,2008,7,17,14,VRB02KT,12,10
2008-07-17 20:00:00.000,2008,7,17,20,26005KT,16,11
2008-07-17 22:00:00.000,2008,7,17,22,23005KT,14,10
2008-07-17 23:00:00.000,2008,7,17,23,24004KT,13,11
2008-07-18 01:00:00.000,2008,7,18,1,VRB02KT,12,09
2008-07-18 06:00:00.000,2008,7,18,6,VRB02KT,09,09
2008-07-18 07:00:00.000,2008,7,18,7,VRB02KT,09,09
2008-07-18 13:00:00.000,2008,7,18,13,12004KT,11,10
2008-07-18 14:00:00.000,2008,7,18,14,11004KT,13,11
2008-07-18 20:00:00.000,2008,7,18,20,25005KT,13,13
2008-07-18 21:00:00.000,2008,7,18,21,22004KT,13,13
2008-07-18 22:00:00.000,2008,7,18,22,VRB02KT,13,13
2008-07-18 23:00:00.000,2008,7,18,23,09007KT,11,10
2008-07-19 01:00:00.000,2008,7,19,1,00000KT,11,11
2008-07-19 02:00:00.000,2008,7,19,2,00000KT,11,11
2008-07-19 03:00:00.000,2008,7,19,3,00000KT,11,10
2008-07-19 07:00:00.000,2008,7,19,7,VRB02KT,10,10
2008-07-19 09:00:00.000,2008,7,19,9,VRB02KT,10,10
2008-07-19 10:00:00.000,2008,7,19,10,04005KT,10,09
2008-07-19 20:00:00.000,2008,7,19,20,07013KT,15,11
2008-07-19 21:00:00.000,2008,7,19,21,05007KT,13,13
2008-07-19 22:00:00.000,2008,7,19,22,11004KT,15,13
2008-07-20 00:00:00.000,2008,7,20,0,09006KT,13,11
2008-07-20 01:00:00.000,2008,7,20,1,07005KT,12,10
2008-07-20 02:00:00.000,2008,7,20,2,08006KT,12,10
2008-07-20 04:00:00.000,2008,7,20,4,10008KT,13,10
2008-07-20 08:00:00.000,2008,7,20,8,VRB02KT,11,10
2008-07-20 09:00:00.000,2008,7,20,9,VRB02KT,10,10
2008-07-20 10:00:00.000,2008,7,20,10,09004KT,12,10
2008-07-20 14:00:00.000,2008,7,20,14,14007KT,13,09
2008-07-20 15:00:00.000,2008,7,20,15,12004KT,14,09
2008-07-20 16:00:00.000,2008,7,20,16,07014KT,16,10
2008-07-20 19:00:00.000,2008,7,20,19,13012KT,16,09
2008-07-20 20:00:00.000,2008,7,20,20,13010KT,16,09
2008-07-20 22:00:00.000,2008,7,20,22,36007KT,14,12
2008-07-20 23:00:00.000,2008,7,20,23,11007KT,14,11
2008-07-21 00:00:00.000,2008,7,21,0,10007KT,14,10
2008-07-21 01:00:00.000,2008,7,21,1,11009KT,14,10
2008-07-21 02:00:00.000,2008,7,21,2,10004KT,13,10
2008-07-21 04:00:00.000,2008,7,21,4,13007KT,13,09
2008-07-21 06:00:00.000,2008,7,21,6,32004KT,10,09
2008-07-21 07:00:00.000,2008,7,21,7,00000KT,08,08
2008-07-21 08:00:00.000,2008,7,21,8,00000KT,07,07
2008-07-21 11:00:00.000,2008,7,21,11,00000KT,08,08
2008-07-21 12:00:00.000,2008,7,21,12,00000KT,10,09
2008-07-21 13:00:00.000,2008,7,21,13,31004KT,12,11
2008-07-21 16:00:00.000,2008,7,21,16,01004KT,14,11
2008-07-21 17:00:00.000,2008,7,21,17,09007KT,16,10
2008-07-21 18:00:00.000,2008,7,21,18,15008KT,16,09
2008-07-21 19:00:00.000,2008,7,21,19,12010KT,17,09
2008-07-21 20:00:00.000,2008,7,21,20,14009KT,13,12
2008-07-21 23:00:00.000,2008,7,21,23,15008KT,13,09
2008-07-22 01:00:00.000,2008,7,22,1,05003KT,11,09
2008-07-22 02:00:00.000,2008,7,22,2,03003KT,10,08
2008-07-22 03:00:00.000,2008,7,22,3,03006KT,10,09
2008-07-22 04:00:00.000,2008,7,22,4,VRB02KT,09,09
2008-07-22 05:00:00.000,2008,7,22,5,28004KT,09,09
2008-07-22 07:00:00.000,2008,7,22,7,00000KT,10,10
2008-07-22 09:00:00.000,2008,7,22,9,04004KT,09,09
2008-07-22 10:00:00.000,2008,7,22,10,10005KT,09,08
2008-07-22 11:00:00.000,2008,7,22,11,11007KT,10,08
2008-07-22 13:00:00.000,2008,7,22,13,08003KT,12,10
2008-07-22 14:00:00.000,2008,7,22,14,14006KT,14,08
2008-07-22 19:00:00.000,2008,7,22,19,12010KT,11,09
2008-07-22 20:00:00.000,2008,7,22,20,10010KT,13,08
2008-07-23 04:00:00.000,2008,7,23,4,03006KT,08,08
2008-07-23 05:00:00.000,2008,7,23,5,03005KT,08,08
2008-07-23 06:00:00.000,2008,7,23,6,VRB02KT,09,08
2008-07-23 08:00:00.000,2008,7,23,8,32004KT,08,07
2008-07-23 09:00:00.000,2008,7,23,9,VRB02KT,07,06
2008-07-23 11:00:00.000,2008,7,23,11,00000KT,06,06
2008-07-23 13:00:00.000,2008,7,23,13,29006KT,11,09
2008-07-23 14:00:00.000,2008,7,23,14,22006KT,13,10
2008-07-23 15:00:00.000,2008,7,23,15,11012KT,15,10
2008-07-23 16:00:00.000,2008,7,23,16,12010KT,16,09
2008-07-23 17:00:00.000,2008,7,23,17,11012KT,17,08
2008-07-23 18:00:00.000,2008,7,23,18,11010KT,17,08
2008-07-23 20:00:00.000,2008,7,23,20,10010KT,17,08
2008-07-23 22:00:00.000,2008,7,23,22,11006KT,17,07
2008-07-23 23:00:00.000,2008,7,23,23,11008KT,16,07
2008-07-24 03:00:00.000,2008,7,24,3,VRB02KT,11,08
2008-07-24 04:00:00.000,2008,7,24,4,VRB02KT,11,09
2008-07-24 05:00:00.000,2008,7,24,5,34005KT,11,10
2008-07-24 06:00:00.000,2008,7,24,6,VRB02KT,11,10
2008-07-24 08:00:00.000,2008,7,24,8,VRB02KT,10,09
2008-07-24 09:00:00.000,2008,7,24,9,34003KT,11,10
2008-07-24 10:00:00.000,2008,7,24,10,10005KT,11,10
2008-07-24 11:00:00.000,2008,7,24,11,03003KT,10,09
2008-07-24 12:00:00.000,2008,7,24,12,05004KT,11,10
2008-07-24 13:00:00.000,2008,7,24,13,07007KT,14,10
2008-07-24 15:00:00.000,2008,7,24,15,08010KT,16,09
2008-07-24 16:00:00.000,2008,7,24,16,11014KT,,
2008-07-24 17:00:00.000,2008,7,24,17,11008KT,16,08
2008-07-24 19:00:00.000,2008,7,24,19,15005KT,17,09
2008-07-24 20:00:00.000,2008,7,24,20,20004KT,17,10
2008-07-24 21:00:00.000,2008,7,24,21,10008KT,18,08
2008-07-24 23:00:00.000,2008,7,24,23,09010KT,16,09
2008-07-25 00:00:00.000,2008,7,25,0,12009KT,15,09
2008-07-25 01:00:00.000,2008,7,25,1,10009KT,14,10
2008-07-25 02:00:00.000,2008,7,25,2,07010KT,13,10
2008-07-25 03:00:00.000,2008,7,25,3,07012KT,13,10
2008-07-25 06:00:00.000,2008,7,25,6,VRB02KT,11,10
2008-07-25 09:00:00.000,2008,7,25,9,00000KT,10,10
2008-07-25 13:00:00.000,2008,7,25,13,02004KT,13,11
2008-07-25 14:00:00.000,2008,7,25,14,02003KT,14,11
2008-07-25 15:00:00.000,2008,7,25,15,20003KT,15,11
2008-07-25 16:00:00.000,2008,7,25,16,13012KT,17,10
2008-07-25 19:00:00.000,2008,7,25,19,14010KT,18,09
2008-07-25 20:00:00.000,2008,7,25,20,02010KT,15,10
2008-07-25 21:00:00.000,2008,7,25,21,04008KT,15,12
2008-07-26 01:00:00.000,2008,7,26,1,05007KT,12,09
2008-07-26 02:00:00.000,2008,7,26,2,02004KT,12,09
2008-07-26 03:00:00.000,2008,7,26,3,12007KT,12,09
2008-07-26 04:00:00.000,2008,7,26,4,10006KT,13,09
2008-07-26 05:00:00.000,2008,7,26,5,31003KT,12,10
2008-07-26 06:00:00.000,2008,7,26,6,01003KT,11,10
2008-07-26 11:00:00.000,2008,7,26,11,VRB02KT,10,10
2008-07-26 18:00:00.000,2008,7,26,18,25011KT,17,10
2008-07-26 19:00:00.000,2008,7,26,19,14014KT,17,10
2008-07-26 20:00:00.000,2008,7,26,20,11012KT,18,09
2008-07-26 21:00:00.000,2008,7,26,21,13010KT,17,09
2008-07-26 22:00:00.000,2008,7,26,22,12010KT,16,09
2008-07-27 00:00:00.000,2008,7,27,0,02007KT,12,11
2008-07-27 01:00:00.000,2008,7,27,1,06004KT,12,11
2008-08-04 13:00:00.000,2008,8,4,13,04008KT,13,09
2008-08-04 14:00:00.000,2008,8,4,14,15010KT,14,08
2008-08-04 15:00:00.000,2008,8,4,15,15012KT,16,08
2008-08-04 16:00:00.000,2008,8,4,16,10010KT,17,07
2008-08-04 17:00:00.000,2008,8,4,17,13012KT,17,06
2008-08-04 18:00:00.000,2008,8,4,18,15010KT,18,07
2008-08-04 19:00:00.000,2008,8,4,19,12012KT,18,07
2008-08-04 20:00:00.000,2008,8,4,20,10007KT,18,07
2008-08-04 21:00:00.000,2008,8,4,21,10007KT,18,07
2008-08-04 22:00:00.000,2008,8,4,22,11006KT,18,07
2008-08-04 23:00:00.000,2008,8,4,23,27004KT,16,09
2008-08-05 00:00:00.000,2008,8,5,0,31005KT,14,12
2008-08-05 01:00:00.000,2008,8,5,1,35004KT,12,12
2008-08-05 02:00:00.000,2008,8,5,2,21004KT,11,11
2008-08-05 03:00:00.000,2008,8,5,3,VRB02KT,10,10
2008-08-05 04:00:00.000,2008,8,5,4,15004KT,11,11
2008-08-05 05:00:00.000,2008,8,5,5,00000KT,10,10
2008-08-05 06:00:00.000,2008,8,5,6,00000KT,10,10
2008-08-05 07:00:00.000,2008,8,5,7,VRB02KT,08,08
2008-08-05 08:00:00.000,2008,8,5,8,00000KT,08,08
2008-08-05 09:00:00.000,2008,8,5,9,00000KT,08,07
2008-08-05 10:00:00.000,2008,8,5,10,VRB02KT,08,07
2008-08-05 11:00:00.000,2008,8,5,11,VRB02KT,08,07
2008-08-05 12:00:00.000,2008,8,5,12,00000KT,08,08
2008-08-05 13:00:00.000,2008,8,5,13,02004KT,11,11
2008-08-05 14:00:00.000,2008,8,5,14,01004KT,14,12
2008-08-05 15:00:00.000,2008,8,5,15,13004KT,14,11
2008-08-05 16:00:00.000,2008,8,5,16,02005KT,15,12
2008-08-05 17:00:00.000,2008,8,5,17,05009KT,17,11
2008-08-05 19:00:00.000,2008,8,5,19,10007KT,20,07
2008-08-05 20:00:00.000,2008,8,5,20,11008KT,20,06
2008-08-05 21:00:00.000,2008,8,5,21,12008KT,19,04
2008-08-05 22:00:00.000,2008,8,5,22,07007KT,18,05
2008-08-05 23:00:00.000,2008,8,5,23,34005KT,16,13
2008-08-06 00:00:00.000,2008,8,6,0,30003KT,13,12
2008-08-06 01:00:00.000,2008,8,6,1,07006KT,14,10
2008-08-06 02:00:00.000,2008,8,6,2,10008KT,14,10
2008-08-06 03:00:00.000,2008,8,6,3,04006KT,13,10
2008-08-06 04:00:00.000,2008,8,6,4,02007KT,12,10
2008-08-06 05:00:00.000,2008,8,6,5,02006KT,12,10
2008-08-06 06:00:00.000,2008,8,6,6,31005KT,11,10
2008-08-06 08:00:00.000,2008,8,6,8,04007KT,11,10
2008-08-06 09:00:00.000,2008,8,6,9,04007KT,11,09
2008-08-06 10:00:00.000,2008,8,6,10,03005KT,11,10
2008-08-06 11:00:00.000,2008,8,6,11,04010KT,11,09
2008-08-06 12:00:00.000,2008,8,6,12,03007KT,11,10
2008-08-06 13:00:00.000,2008,8,6,13,05010KT,12,11
2008-08-06 14:00:00.000,2008,8,6,14,07007KT,13,11
2008-08-06 15:00:00.000,2008,8,6,15,04008KT,15,11
2008-08-06 16:00:00.000,2008,8,6,16,11012KT,15,12
2008-08-06 17:00:00.000,2008,8,6,17,11014KT,17,09
2008-08-06 18:00:00.000,2008,8,6,18,04010KT,17,10
2008-08-06 19:00:00.000,2008,8,6,19,09008KT,17,09
2008-08-06 20:00:00.000,2008,8,6,20,14015KT,14,12
2008-08-06 21:00:00.000,2008,8,6,21,12010KT,16,11
2008-08-06 22:00:00.000,2008,8,6,22,13012KT,15,09
2008-08-06 23:00:00.000,2008,8,6,23,11008KT,14,09
2008-08-07 00:00:00.000,2008,8,7,0,VRB02KT,14,09
2008-08-07 01:00:00.000,2008,8,7,1,11005KT,14,09
2008-08-07 02:00:00.000,2008,8,7,2,04007KT,13,10
2008-08-07 03:00:00.000,2008,8,7,3,05007KT,13,11
2008-08-07 04:00:00.000,2008,8,7,4,05005KT,12,11
2008-08-07 05:00:00.000,2008,8,7,5,08005KT,12,10
2008-08-07 06:00:00.000,2008,8,7,6,07004KT,12,10
2008-08-07 07:00:00.000,2008,8,7,7,07004KT,10,09
2008-08-07 08:00:00.000,2008,8,7,8,32004KT,09,08
2008-08-07 09:00:00.000,2008,8,7,9,36004KT,08,08
2008-08-07 10:00:00.000,2008,8,7,10,30005KT,08,07
2008-08-07 11:00:00.000,2008,8,7,11,00000KT,08,08
2008-08-07 12:00:00.000,2008,8,7,12,05005KT,11,09
2008-08-07 13:00:00.000,2008,8,7,13,06010KT,13,10
2008-08-07 14:00:00.000,2008,8,7,14,13010KT,15,09
2008-08-07 15:00:00.000,2008,8,7,15,16016KT,15,09
2008-08-07 16:00:00.000,2008,8,7,16,12010KT,16,09
2008-08-07 17:00:00.000,2008,8,7,17,10015KT,17,08
2008-08-07 18:00:00.000,2008,8,7,18,12015KT,18,07
2008-08-07 19:00:00.000,2008,8,7,19,14012KT,18,07
2008-08-07 20:00:00.000,2008,8,7,20,13014KT,18,09
2008-08-07 21:00:00.000,2008,8,7,21,16012KT,16,08
2008-08-07 22:00:00.000,2008,8,7,22,12010KT,15,09
2008-08-07 23:00:00.000,2008,8,7,23,10010KT,14,09
2008-08-08 00:00:00.000,2008,8,8,0,11008KT,14,09
2008-08-08 01:00:00.000,2008,8,8,1,11012KT,13,08
2008-08-08 02:00:00.000,2008,8,8,2,06004KT,12,09
2008-08-08 03:00:00.000,2008,8,8,3,35004KT,11,09
2008-08-08 04:00:00.000,2008,8,8,4,VRB02KT,11,10
2008-08-08 05:00:00.000,2008,8,8,5,04004KT,10,09
2008-08-08 06:00:00.000,2008,8,8,6,07004KT,10,09
2008-08-08 07:00:00.000,2008,8,8,7,VRB02KT,09,08
2008-08-08 08:00:00.000,2008,8,8,8,00000KT,07,07
2008-08-08 09:00:00.000,2008,8,8,9,VRB02KT,09,08
2008-08-08 10:00:00.000,2008,8,8,10,VRB02KT,08,08
2008-08-08 11:00:00.000,2008,8,8,11,VRB02KT,09,09
2008-08-08 12:00:00.000,2008,8,8,12,02004KT,11,10
2008-08-08 13:00:00.000,2008,8,8,13,04005KT,12,10
2008-08-08 14:00:00.000,2008,8,8,14,VRB02KT,13,10
2008-08-08 15:00:00.000,2008,8,8,15,09007KT,14,08
2008-08-08 16:00:00.000,2008,8,8,16,07011KT,15,08
2008-08-08 17:00:00.000,2008,8,8,17,09008KT,15,09
2008-08-08 18:00:00.000,2008,8,8,18,09007KT,16,09
2008-08-08 19:00:00.000,2008,8,8,19,10010KT,16,08
2008-08-08 20:00:00.000,2008,8,8,20,10008KT,17,09
2008-08-08 21:00:00.000,2008,8,8,21,10010KT,16,08
2008-08-08 22:00:00.000,2008,8,8,22,VRB02KT,16,09
2008-08-08 23:00:00.000,2008,8,8,23,15004KT,14,09
2008-08-09 00:00:00.000,2008,8,9,0,14008KT,13,09
2008-08-09 01:00:00.000,2008,8,9,1,16005KT,12,10
2008-08-09 02:00:00.000,2008,8,9,2,35003KT,11,09
2008-08-09 03:00:00.000,2008,8,9,3,VRB02KT,09,08
2008-08-09 04:00:00.000,2008,8,9,4,VRB02KT,09,08
2008-08-09 05:00:00.000,2008,8,9,5,02003KT,09,08
2008-08-09 06:00:00.000,2008,8,9,6,04005KT,08,08
2008-08-09 07:00:00.000,2008,8,9,7,VRB02KT,08,08
2008-08-09 08:00:00.000,2008,8,9,8,07005KT,09,08
2008-08-09 09:00:00.000,2008,8,9,9,26003KT,06,06
2008-08-09 10:00:00.000,2008,8,9,10,00000KT,06,06
2008-08-09 11:00:00.000,2008,8,9,11,08003KT,06,06
2008-08-09 12:00:00.000,2008,8,9,12,VRB02KT,10,10
2008-08-09 13:00:00.000,2008,8,9,13,06009KT,12,10
2008-08-09 14:00:00.000,2008,8,9,14,VRB02KT,14,11
2008-08-09 15:00:00.000,2008,8,9,15,VRB02KT,15,11
2008-08-09 16:00:00.000,2008,8,9,16,18006KT,16,08
2008-08-09 17:00:00.000,2008,8,9,17,11008KT,17,09
2008-08-09 18:00:00.000,2008,8,9,18,15012KT,17,10
2008-08-09 19:00:00.000,2008,8,9,19,11004KT,16,08
2008-08-09 20:00:00.000,2008,8,9,20,12010KT,16,09
2008-08-09 21:00:00.000,2008,8,9,21,15012KT,16,08
2008-08-09 22:00:00.000,2008,8,9,22,16010KT,16,09
2008-08-09 23:00:00.000,2008,8,9,23,35004KT,15,11
2008-08-10 00:00:00.000,2008,8,10,0,00000KT,12,11
2008-08-10 01:00:00.000,2008,8,10,1,VRB02KT,12,11
2008-08-10 02:00:00.000,2008,8,10,2,33005KT,11,10
2008-08-10 03:00:00.000,2008,8,10,3,04007KT,11,11
2008-08-10 04:00:00.000,2008,8,10,4,04007KT,10,10
2008-08-10 05:00:00.000,2008,8,10,5,03005KT,10,10
2008-08-10 06:00:00.000,2008,8,10,6,36005KT,10,10
2008-08-10 07:00:00.000,2008,8,10,7,03004KT,11,10
2008-08-10 08:00:00.000,2008,8,10,8,00000KT,10,10
2008-08-10 09:00:00.000,2008,8,10,9,34004KT,10,10
2008-08-10 10:00:00.000,2008,8,10,10,00000KT,10,10
2008-08-10 11:00:00.000,2008,8,10,11,01005KT,10,10
2008-08-10 12:00:00.000,2008,8,10,12,02004KT,12,11
2008-08-10 13:00:00.000,2008,8,10,13,20003KT,13,11
2008-08-10 14:00:00.000,2008,8,10,14,20003KT,14,11
2008-08-10 15:00:00.000,2008,8,10,15,14006KT,15,10
2008-08-10 16:00:00.000,2008,8,10,16,18008KT,16,10
2008-08-10 17:00:00.000,2008,8,10,17,15008KT,16,10
2008-08-10 18:00:00.000,2008,8,10,18,11010KT,16,10
2008-08-10 19:00:00.000,2008,8,10,19,11012KT,17,09
2008-08-10 20:00:00.000,2008,8,10,20,14008KT,17,09
2008-08-10 21:00:00.000,2008,8,10,21,07006KT,17,09
2008-08-10 22:00:00.000,2008,8,10,22,08007KT,16,09
2008-08-10 23:00:00.000,2008,8,10,23,05007KT,15,09
2008-08-11 00:00:00.000,2008,8,11,0,13004KT,14,10
2008-08-11 01:00:00.000,2008,8,11,1,00000KT,13,11
2008-08-11 02:00:00.000,2008,8,11,2,VRB02KT,13,10
2008-08-11 03:00:00.000,2008,8,11,3,35004KT,11,10
2008-08-11 04:00:00.000,2008,8,11,4,VRB02KT,10,09
2008-08-11 05:00:00.000,2008,8,11,5,00000KT,09,09
2008-08-11 06:00:00.000,2008,8,11,6,00000KT,09,09
2008-08-11 07:00:00.000,2008,8,11,7,34004KT,09,09
2008-08-11 08:00:00.000,2008,8,11,8,VRB02KT,10,09
2008-08-11 10:00:00.000,2008,8,11,10,00000KT,09,09
2008-08-11 11:00:00.000,2008,8,11,11,00000KT,09,09
2008-08-11 12:00:00.000,2008,8,11,12,36003KT,09,09
2008-08-11 13:00:00.000,2008,8,11,13,02003KT,11,10
2008-08-11 14:00:00.000,2008,8,11,14,05005KT,13,10
2008-08-11 15:00:00.000,2008,8,11,15,04006KT,15,12
2008-08-11 16:00:00.000,2008,8,11,16,21004KT,15,11
2008-08-11 17:00:00.000,2008,8,11,17,18004KT,15,12
2008-08-11 18:00:00.000,2008,8,11,18,VRB02KT,12,12
2008-08-11 19:00:00.000,2008,8,11,19,31007KT,13,13
2008-08-11 20:00:00.000,2008,8,11,20,31005KT,12,12
2008-08-11 21:00:00.000,2008,8,11,21,26005KT,11,11
2008-08-11 22:00:00.000,2008,8,11,22,VRB02KT,11,11
2008-08-11 23:00:00.000,2008,8,11,23,VRB02KT,11,10
2008-08-12 00:00:00.000,2008,8,12,0,03003KT,11,10
2008-08-12 01:00:00.000,2008,8,12,1,04003KT,11,10
2008-08-12 02:00:00.000,2008,8,12,2,VRB02KT,10,09
2008-08-12 03:00:00.000,2008,8,12,3,35003KT,09,09
2008-08-12 04:00:00.000,2008,8,12,4,VRB02KT,09,08
2008-08-12 05:00:00.000,2008,8,12,5,32003KT,08,07
2008-08-12 06:00:00.000,2008,8,12,6,00000KT,07,07
2008-08-12 07:00:00.000,2008,8,12,7,00000KT,07,07
2008-08-12 08:00:00.000,2008,8,12,8,00000KT,08,08
2008-08-12 09:00:00.000,2008,8,12,9,VRB02KT,08,08
2008-08-12 10:00:00.000,2008,8,12,10,VRB02KT,07,07
2008-08-12 11:00:00.000,2008,8,12,11,VRB02KT,07,06
2008-08-12 12:00:00.000,2008,8,12,12,00000KT,08,07
2008-08-12 13:00:00.000,2008,8,12,13,00000KT,10,10
2008-08-12 14:00:00.000,2008,8,12,14,VBR02KT,14,11
2008-08-12 15:00:00.000,2008,8,12,15,35004KT,15,11
2008-08-12 16:00:00.000,2008,8,12,16,34004KT,17,13
2008-08-12 17:00:00.000,2008,8,12,17,07012KT,19,12
2008-08-12 18:00:00.000,2008,8,12,18,24010KT,17,14
2008-08-12 19:00:00.000,2008,8,12,19,25010KT,15,14
2008-08-12 20:00:00.000,2008,8,12,20,21005KT,14,13
2008-08-12 21:00:00.000,2008,8,12,21,31006KT,15,15
2008-08-12 22:00:00.000,2008,8,12,22,29010KT,14,13
2008-08-12 23:00:00.000,2008,8,12,23,31008KT,13,13
2008-08-13 00:00:00.000,2008,8,13,0,31005KT,12,11
2008-08-13 01:00:00.000,2008,8,13,1,VRB02KT,12,11
2008-08-13 02:00:00.000,2008,8,13,2,02003KT,12,11
2008-08-13 03:00:00.000,2008,8,13,3,03003KT,11,10
2008-08-13 04:00:00.000,2008,8,13,4,36005KT,11,10
2008-08-13 05:00:00.000,2008,8,13,5,04004KT,11,10
2008-08-13 06:00:00.000,2008,8,13,6,00000KT,10,09
2008-08-13 08:00:00.000,2008,8,13,8,VRB02KT,09,08
2008-08-13 09:00:00.000,2008,8,13,9,06003KT,08,08
2008-08-13 10:00:00.000,2008,8,13,10,VRB02KT,08,08
2008-08-13 11:00:00.000,2008,8,13,11,05003KT,07,07
2008-08-13 12:00:00.000,2008,8,13,12,04005KT,09,09
2008-08-13 13:00:00.000,2008,8,13,13,06005KT,13,11
2008-08-13 14:00:00.000,2008,8,13,14,13004KT,15,10
2008-08-13 15:00:00.000,2008,8,13,15,05006KT,16,11
2008-08-13 16:00:00.000,2008,8,13,16,03010KT,16,11
2008-08-13 17:00:00.000,2008,8,13,17,09008KT,17,10
2008-08-13 18:00:00.000,2008,8,13,18,22009KT,16,13
2008-08-13 19:00:00.000,2008,8,13,19,VRB02KT,15,12
2008-08-13 20:00:00.000,2008,8,13,20,02007KT,17,12
2008-08-13 21:00:00.000,2008,8,13,21,19008KT,14,13
2008-08-13 22:00:00.000,2008,8,13,22,VRB02KT,13,12
2008-08-13 23:00:00.000,2008,8,13,23,VRB02KT,13,12
2008-08-14 00:00:00.000,2008,8,14,0,00000KT,12,12
2008-08-14 01:00:00.000,2008,8,14,1,VRB02KT,11,11
2008-08-14 02:00:00.000,2008,8,14,2,00000KT,11,11
2008-08-14 03:00:00.000,2008,8,14,3,VRB02KT,11,10
2008-08-14 04:00:00.000,2008,8,14,4,3SPECI,10,10
2008-08-14 05:00:00.000,2008,8,14,5,04005KT,10,10
2008-08-14 07:00:00.000,2008,8,14,7,00000KT,10,10
2008-08-14 08:00:00.000,2008,8,14,8,04004KT,10,09
2008-08-14 09:00:00.000,2008,8,14,9,VRB02KT,10,10
2008-08-14 10:00:00.000,2008,8,14,10,05004KT,09,09
2008-08-14 11:00:00.000,2008,8,14,11,02004KT,10,09
2008-08-14 12:00:00.000,2008,8,14,12,03005KT,11,11
2008-08-14 13:00:00.000,2008,8,14,13,04005KT,13,11
2008-08-14 14:00:00.000,2008,8,14,14,02004KT,15,13
2008-08-14 15:00:00.000,2008,8,14,15,22004KT,17,10
2008-08-14 16:00:00.000,2008,8,14,16,27004KT,16,09
2008-08-14 17:00:00.000,2008,8,14,17,VRB02KT,17,12
2008-08-14 18:00:00.000,2008,8,14,18,27006KT,15,13
2008-08-14 19:00:00.000,2008,8,14,19,31006KT,15,14
2008-08-14 20:00:00.000,2008,8,14,20,26006KT,17,12
2008-08-14 21:00:00.000,2008,8,14,21,26006KT,16,14
2008-08-14 22:00:00.000,2008,8,14,22,26010KT,14,13
2008-08-14 23:00:00.000,2008,8,14,23,30004KT,13,12
2008-08-15 00:00:00.000,2008,8,15,0,29005KT,12,11
2008-08-15 02:00:00.000,2008,8,15,2,VRB02KT,11,10
2008-08-15 04:00:00.000,2008,8,15,4,05003KT,11,10
2008-08-15 05:00:00.000,2008,8,15,5,00000KT,11,10
2008-08-15 08:00:00.000,2008,8,15,8,VRB02KT,09,09
2008-08-15 10:00:00.000,2008,8,15,10,00000KT,09,09
2008-08-15 11:00:00.000,2008,8,15,11,00000KT,09,09
2008-08-15 12:00:00.000,2008,8,15,12,00000KT,10,10
2008-08-15 13:00:00.000,2008,8,15,13,07004KT,13,13
2008-08-15 14:00:00.000,2008,8,15,14,VRB02KT,14,12
2008-08-15 15:00:00.000,2008,8,15,15,VRB02KT,15,11
2008-08-15 16:00:00.000,2008,8,15,16,11008KT,17,10
2008-08-15 17:00:00.000,2008,8,15,17,06005KT,17,11
2008-08-15 18:00:00.000,2008,8,15,18,08007KT,18,09
2008-08-15 20:00:00.000,2008,8,15,20,29011KT,15,14
2008-08-15 21:00:00.000,2008,8,15,21,27004KT,14,14
2008-08-15 22:00:00.000,2008,8,15,22,VRB02KT,15,15
2008-08-15 23:00:00.000,2008,8,15,23,VRB02KT,14,14
2008-08-16 00:00:00.000,2008,8,16,0,31004KT,13,13
2008-08-16 01:00:00.000,2008,8,16,1,VRB02KT,12,12
2008-08-16 02:00:00.000,2008,8,16,2,00000KT,12,12
2008-08-16 03:00:00.000,2008,8,16,3,27004KT,12,12
2008-08-16 04:00:00.000,2008,8,16,4,26005KT,13,12
2008-08-16 05:00:00.000,2008,8,16,5,00000KT,12,12
2008-08-16 06:00:00.000,2008,8,16,6,00000KT,11,11
2008-08-16 07:00:00.000,2008,8,16,7,00000KT,11,10
2008-08-16 08:00:00.000,2008,8,16,8,00000KT,10,10
2008-08-16 09:00:00.000,2008,8,16,9,00000KT,11,11
2008-08-16 10:00:00.000,2008,8,16,10,000000KT,09,08
2008-08-16 11:00:00.000,2008,8,16,11,00000KT,10,09
2008-08-16 12:00:00.000,2008,8,16,12,00000KT,10,10
2008-08-16 13:00:00.000,2008,8,16,13,36004KT,13,12
2008-08-16 14:00:00.000,2008,8,16,14,27006KT,15,13
2008-08-16 15:00:00.000,2008,8,16,15,VRB02KT,15,12
2008-08-16 16:00:00.000,2008,8,16,16,23006KT,16,12
2008-08-16 17:00:00.000,2008,8,16,17,33004KT,16,12
2008-08-16 18:00:00.000,2008,8,16,18,VRB02KT,17,12
2008-08-16 19:00:00.000,2008,8,16,19,27008KT,16,13
2008-08-16 20:00:00.000,2008,8,16,20,22005KT,16,12
2008-08-16 21:00:00.000,2008,8,16,21,27004KT,15,12
2008-08-16 22:00:00.000,2008,8,16,22,26004KT,15,12
2008-08-16 23:00:00.000,2008,8,16,23,32005KT,13,11
2008-08-17 00:00:00.000,2008,8,17,0,00000KT,13,10
2008-08-17 01:00:00.000,2008,8,17,1,VRB02KT,12,10
2008-08-17 02:00:00.000,2008,8,17,2,29003KT,12,11
2008-08-17 03:00:00.000,2008,8,17,3,VRB02KT,12,11
2008-08-17 04:00:00.000,2008,8,17,4,VRB02KT,12,11
2008-08-17 05:00:00.000,2008,8,17,5,00000KT,12,11
2008-08-17 06:00:00.000,2008,8,17,6,04004KT,12,11
2008-08-17 07:00:00.000,2008,8,17,7,VRB02KT,11,11
2008-08-17 08:00:00.000,2008,8,17,8,03004KT,11,10
2008-08-17 09:00:00.000,2008,8,17,9,03007KT,11,10
2008-08-17 10:00:00.000,2008,8,17,10,VRB02KT,10,10
2008-08-17 11:00:00.000,2008,8,17,11,VRB02KT,11,11
2008-08-17 12:00:00.000,2008,8,17,12,06004KT,11,11
2008-08-17 13:00:00.000,2008,8,17,13,36004KT,13,12
2008-08-17 14:00:00.000,2008,8,17,14,VRB02KT,15,11
2008-08-17 15:00:00.000,2008,8,17,15,VRB02KT,15,11
2008-08-17 16:00:00.000,2008,8,17,16,VRB02KT,16,12
2008-08-17 17:00:00.000,2008,8,17,17,27007KT,16,13
2008-08-17 18:00:00.000,2008,8,17,18,26008KT,16,14
2008-08-17 19:00:00.000,2008,8,17,19,VRB02KT,12,12
2008-08-17 20:00:00.000,2008,8,17,20,22005KT,15,15
2008-08-17 21:00:00.000,2008,8,17,21,26005KT,14,13
2008-08-17 22:00:00.000,2008,8,17,22,25007KT,16,14
2008-08-17 23:00:00.000,2008,8,17,23,27004KT,14,13
2008-08-18 00:00:00.000,2008,8,18,0,32008KT,12,11
2008-08-18 01:00:00.000,2008,8,18,1,27003KT,11,10
2008-08-18 02:00:00.000,2008,8,18,2,VRB02KT,12,11
2008-08-18 03:00:00.000,2008,8,18,3,31003KT,11,11
2008-08-18 04:00:00.000,2008,8,18,4,VRB02KT,11,11
2008-08-18 06:00:00.000,2008,8,18,6,00000KT,11,10
2008-08-18 08:00:00.000,2008,8,18,8,VRB02KT,11,10
2008-08-18 09:00:00.000,2008,8,18,9,VRB02KT,11,10
2008-08-18 10:00:00.000,2008,8,18,10,31003KT,10,10
2008-08-18 11:00:00.000,2008,8,18,11,32003KT,10,10
2008-08-18 12:00:00.000,2008,8,18,12,02003KT,10,10
2008-08-18 13:00:00.000,2008,8,18,13,03003KT,12,12
2008-08-18 14:00:00.000,2008,8,18,14,03003KT,13,11
2008-08-18 15:00:00.000,2008,8,18,15,02003KT,14,12
2008-08-18 16:00:00.000,2008,8,18,16,32004KT,16,13
2008-08-18 17:00:00.000,2008,8,18,17,30004KT,17,11
2008-08-18 18:00:00.000,2008,8,18,18,32004KT,16,12
2008-08-18 19:00:00.000,2008,8,18,19,18005KT,14,14
2008-08-18 20:00:00.000,2008,8,18,20,28005KT,13,13
2008-08-18 21:00:00.000,2008,8,18,21,27007KT,15,14
2008-08-18 22:00:00.000,2008,8,18,22,25007KT,14,14
2008-08-18 23:00:00.000,2008,8,18,23,27005KT,13,12
2008-08-19 00:00:00.000,2008,8,19,0,VRB02KT,12,12
2008-08-19 01:00:00.000,2008,8,19,1,32004KT,12,12
2008-08-19 02:00:00.000,2008,8,19,2,VRB02KT,11,11
2008-08-19 03:00:00.000,2008,8,19,3,VRB02KT,11,11
2008-08-19 05:00:00.000,2008,8,19,5,01004KT,11,11
2008-08-19 07:00:00.000,2008,8,19,7,00000KT,11,11
2008-08-19 08:00:00.000,2008,8,19,8,VRB02KT,11,11
2008-08-19 09:00:00.000,2008,8,19,9,00000KT,10,10
2008-08-19 10:00:00.000,2008,8,19,10,VRB02KT,10,10
2008-08-19 11:00:00.000,2008,8,19,11,29004KT,10,10
2008-08-19 12:00:00.000,2008,8,19,12,VRB02KT,10,10
2008-08-19 13:00:00.000,2008,8,19,13,02005KT,12,11
2008-08-19 14:00:00.000,2008,8,19,14,03005KT,13,12
2008-08-19 15:00:00.000,2008,8,19,15,22007KT,13,13
2008-08-19 16:00:00.000,2008,8,19,16,19005KT,14,13
2008-08-19 17:00:00.000,2008,8,19,17,36006KT,13,13
2008-08-19 18:00:00.000,2008,8,19,18,27005KT,13,13
2008-08-19 19:00:00.000,2008,8,19,19,06010KT,16,12
2008-08-19 20:00:00.000,2008,8,19,20,04012KT,16,11
2008-08-19 21:00:00.000,2008,8,19,21,08010KT,17,10
2008-08-19 22:00:00.000,2008,8,19,22,24009KT,14,12
2008-08-19 23:00:00.000,2008,8,19,23,11009KT,15,09
2008-08-20 00:00:00.000,2008,8,20,0,00000KT,13,13
2008-08-20 01:00:00.000,2008,8,20,1,00000KT,12,12
2008-08-20 02:00:00.000,2008,8,20,2,00000KT,11,11
2008-08-20 03:00:00.000,2008,8,20,3,00000KT,11,11
2008-08-20 05:00:00.000,2008,8,20,5,VRB02KT,10,09
2008-08-20 06:00:00.000,2008,8,20,6,00000KT,09,09
2008-08-20 07:00:00.000,2008,8,20,7,00000KT,08,08
2008-08-20 08:00:00.000,2008,8,20,8,00000KT,07,07
2008-08-20 09:00:00.000,2008,8,20,9,00000KT,07,07
2008-08-20 10:00:00.000,2008,8,20,10,00000KT,06,06
2008-08-20 11:00:00.000,2008,8,20,11,00000KT,07,07
2008-08-20 12:00:00.000,2008,8,20,12,00000KT,09,09
2008-08-20 13:00:00.000,2008,8,20,13,01003KT,11,10
2008-08-20 14:00:00.000,2008,8,20,14,02004KT,13,11
2008-08-20 15:00:00.000,2008,8,20,15,09004KT,15,11
2008-08-20 16:00:00.000,2008,8,20,16,10004KT,16,09
2008-08-20 17:00:00.000,2008,8,20,17,06005KT,16,10
2008-08-20 18:00:00.000,2008,8,20,18,14008KT,18,09
2008-08-20 19:00:00.000,2008,8,20,19,VRB02KT,18,09
2008-08-20 20:00:00.000,2008,8,20,20,27005KT,14,14
2008-08-20 21:00:00.000,2008,8,20,21,30004KT,13,13
2008-08-20 22:00:00.000,2008,8,20,22,00000KT,14,13
2008-08-20 23:00:00.000,2008,8,20,23,24004KT,13,13
2008-08-21 00:00:00.000,2008,8,21,0,31003KT,12,11
2008-08-21 01:00:00.000,2008,8,21,1,VRB02KT,11,11
2008-08-21 02:00:00.000,2008,8,21,2,01003KT,10,10
2008-08-21 03:00:00.000,2008,8,21,3,22003KT,10,10
2008-08-21 04:00:00.000,2008,8,21,4,VRB02KT,10,10
2008-08-21 05:00:00.000,2008,8,21,5,VRB02KT,10,10
2008-08-21 06:00:00.000,2008,8,21,6,VRB02KT,10,10
2008-08-21 07:00:00.000,2008,8,21,7,VRB02KT,09,09
2008-08-21 08:00:00.000,2008,8,21,8,VRB02KT,10,10
2008-08-21 09:00:00.000,2008,8,21,9,VRB02KT,09,09
2008-08-21 10:00:00.000,2008,8,21,10,32003KT,08,08
2008-08-21 11:00:00.000,2008,8,21,11,33003KT,08,07
2008-08-21 12:00:00.000,2008,8,21,12,23003KT,09,08
2008-08-21 13:00:00.000,2008,8,21,13,02003KT,12,10
2008-08-21 14:00:00.000,2008,8,21,14,VRB02KT,15,12
2008-08-21 15:00:00.000,2008,8,21,15,VRB02KT,16,12
2008-08-21 16:00:00.000,2008,8,21,16,26007KT,16,11
2008-08-21 17:00:00.000,2008,8,21,17,26010KT,16,14
2008-08-21 18:00:00.000,2008,8,21,18,28011KT,16,14
2008-08-21 19:00:00.000,2008,8,21,19,28004KT,13,13
2008-08-21 20:00:00.000,2008,8,21,20,25007KT,14,14
2008-08-21 21:00:00.000,2008,8,21,21,22005KT,16,14
2008-08-21 22:00:00.000,2008,8,21,22,26008KT,15,14
2008-08-21 23:00:00.000,2008,8,21,23,28004KT,14,13
2008-08-22 00:00:00.000,2008,8,22,0,01003KT,14,13
2008-08-22 01:00:00.000,2008,8,22,1,34003KT,13,12
2008-08-22 02:00:00.000,2008,8,22,2,VRB02KT,13,12
2008-08-22 03:00:00.000,2008,8,22,3,28005KT,13,12
2008-08-22 04:00:00.000,2008,8,22,4,00000KT,12,11
2008-08-22 05:00:00.000,2008,8,22,5,00000KT,12,11
2008-08-22 07:00:00.000,2008,8,22,7,VRB02KT,11,11
2008-08-22 08:00:00.000,2008,8,22,8,33005KT,11,11
2008-08-22 09:00:00.000,2008,8,22,9,VRB02KT,11,11
2008-08-22 10:00:00.000,2008,8,22,10,VRB02KT,10,10
2008-08-22 11:00:00.000,2008,8,22,11,00000KT,11,10
2008-08-22 12:00:00.000,2008,8,22,12,VRB02KT,11,11
2008-08-22 13:00:00.000,2008,8,22,13,VRB02KT,12,11
2008-08-22 14:00:00.000,2008,8,22,14,VRB02KT,14,12
2008-08-22 15:00:00.000,2008,8,22,15,22004KT,14,12
2008-08-22 16:00:00.000,2008,8,22,16,28012KT,14,13
2008-08-22 17:00:00.000,2008,8,22,17,29010KT,14,12
2008-08-22 18:00:00.000,2008,8,22,18,30006KT,14,12
2008-08-22 19:00:00.000,2008,8,22,19,27008KT,15,12
2008-08-22 20:00:00.000,2008,8,22,20,27007KT,15,12
2008-08-22 21:00:00.000,2008,8,22,21,24008KT,15,12
2008-08-22 22:00:00.000,2008,8,22,22,25006KT,14,12
2008-08-22 23:00:00.000,2008,8,22,23,26003KT,14,12
2008-08-23 00:00:00.000,2008,8,23,0,00000KT,13,12
2008-08-23 01:00:00.000,2008,8,23,1,00000KT,12,12
2008-08-23 02:00:00.000,2008,8,23,2,VRB02KT,12,12
2008-08-23 03:00:00.000,2008,8,23,3,00000KT,12,11
2008-08-23 04:00:00.000,2008,8,23,4,00000KT,11,11
2008-08-23 05:00:00.000,2008,8,23,5,05004KT,10,10
2008-08-23 06:00:00.000,2008,8,23,6,00000KT,10,10
2008-08-23 07:00:00.000,2008,8,23,7,00000KT,10,10
2008-08-23 08:00:00.000,2008,8,23,8,00000KT,10,09
2008-08-23 10:00:00.000,2008,8,23,10,00000KT,10,09
2008-08-23 11:00:00.000,2008,8,23,11,VRB02KT,10,09
2008-08-23 12:00:00.000,2008,8,23,12,VRB02KT,10,10
2008-08-23 13:00:00.000,2008,8,23,13,29004KT,11,11
2008-08-23 14:00:00.000,2008,8,23,14,VRB02KT,12,11
2008-08-23 15:00:00.000,2008,8,23,15,27004KT,13,12
2008-08-23 16:00:00.000,2008,8,23,16,VRB02KT,16,13
2008-08-23 17:00:00.000,2008,8,23,17,28010KT,16,13
2008-08-24 05:00:00.000,2008,8,24,5,33003KT,11,11
2008-08-24 14:00:00.000,2008,8,24,14,30003KT,12,11
2008-08-24 15:00:00.000,2008,8,24,15,26004KT,12,11
2008-08-24 16:00:00.000,2008,8,24,16,14006KT,14,12
2008-08-24 17:00:00.000,2008,8,24,17,16006KT,15,12
2008-08-24 18:00:00.000,2008,8,24,18,18005KT,15,12
2008-08-24 19:00:00.000,2008,8,24,19,00000KT,16,12
2008-08-24 20:00:00.000,2008,8,24,20,27004KT,16,11
2008-08-24 21:00:00.000,2008,8,24,21,33005KT,17,13
2008-08-24 22:00:00.000,2008,8,24,22,25010KT,15,12
2008-08-24 23:00:00.000,2008,8,24,23,27010KT,14,11
2008-08-25 00:00:00.000,2008,8,25,0,VRB02KT,13,11
2008-08-25 01:00:00.000,2008,8,25,1,04004KT,12,12
2008-08-25 02:00:00.000,2008,8,25,2,35003KT,13,12
2008-08-25 03:00:00.000,2008,8,25,3,VRB02KT,12,12
2008-08-25 04:00:00.000,2008,8,25,4,00000KT,11,11
2008-08-25 05:00:00.000,2008,8,25,5,VRB02KT,11,11
2008-08-25 07:00:00.000,2008,8,25,7,31004KT,10,10
2008-08-25 08:00:00.000,2008,8,25,8,00000KT,09,09
2008-08-25 09:00:00.000,2008,8,25,9,00000KT,09,09
2008-08-25 10:00:00.000,2008,8,25,10,32004KT,10,10
2008-08-25 11:00:00.000,2008,8,25,11,00000KT,10,10
2008-08-25 12:00:00.000,2008,8,25,12,00000KT,10,10
2008-08-25 13:00:00.000,2008,8,25,13,VRB02KT,13,12
2008-08-25 14:00:00.000,2008,8,25,14,VRB02KT,13,12
2008-08-25 15:00:00.000,2008,8,25,15,VRB02KT,15,12
2008-08-25 16:00:00.000,2008,8,25,16,16010KT,16,12
2008-08-25 17:00:00.000,2008,8,25,17,19010KT,18,12
2008-08-25 18:00:00.000,2008,8,25,18,20006KT,17,14
2008-08-25 19:00:00.000,2008,8,25,19,19008KT,17,13
2008-08-25 20:00:00.000,2008,8,25,20,24006KT,18,14
2008-08-25 21:00:00.000,2008,8,25,21,32006KT,15,12
2008-08-25 23:00:00.000,2008,8,25,23,33006KT,15,11
2008-08-26 01:00:00.000,2008,8,26,1,31003KT,12,11
2008-08-26 02:00:00.000,2008,8,26,2,34003KT,12,11
2008-08-26 03:00:00.000,2008,8,26,3,30003KT,12,11
2008-08-26 04:00:00.000,2008,8,26,4,VRB02KT,12,11
2008-08-26 05:00:00.000,2008,8,26,5,VRB02KT,12,11
2008-08-26 06:00:00.000,2008,8,26,6,VRB02KT,12,11
2008-08-26 07:00:00.000,2008,8,26,7,32004KT,11,11
2008-08-26 08:00:00.000,2008,8,26,8,28005KT,11,11
2008-08-26 09:00:00.000,2008,8,26,9,26004KT,11,11
2008-08-26 10:00:00.000,2008,8,26,10,33003KT,10,10
2008-08-26 12:00:00.000,2008,8,26,12,VRB02KT,10,10
2008-08-26 13:00:00.000,2008,8,26,13,VRB02KT,12,11
2008-08-26 14:00:00.000,2008,8,26,14,VRB02KT,14,12
2008-08-26 15:00:00.000,2008,8,26,15,14004KT,16,13
2008-08-26 16:00:00.000,2008,8,26,16,17007KT,17,08
2008-08-26 17:00:00.000,2008,8,26,17,23010KT,17,12
2008-08-26 18:00:00.000,2008,8,26,18,23012KT,15,11
2008-08-26 19:00:00.000,2008,8,26,19,23010KT,15,12
2008-08-26 20:00:00.000,2008,8,26,20,27005KT,15,12
2008-08-26 21:00:00.000,2008,8,26,21,VRB02KT,14,11
2008-08-26 22:00:00.000,2008,8,26,22,32004KT,15,11
2008-08-26 23:00:00.000,2008,8,26,23,02004KT,14,13
2008-08-27 00:00:00.000,2008,8,27,0,13010KT,14,09
2008-08-27 01:00:00.000,2008,8,27,1,11006KT,13,09
2008-08-27 02:00:00.000,2008,8,27,2,11005KT,12,09
2008-08-27 03:00:00.000,2008,8,27,3,35003KT,11,10
2008-08-27 04:00:00.000,2008,8,27,4,35003KT,10,09
2008-08-27 05:00:00.000,2008,8,27,5,00000KT,09,08
2008-08-27 06:00:00.000,2008,8,27,6,29003KT,08,08
2008-08-27 07:00:00.000,2008,8,27,7,VRB02KT,08,08
2008-08-27 08:00:00.000,2008,8,27,8,04003KT,08,08
2008-08-27 09:00:00.000,2008,8,27,9,00000KT,08,08
2008-08-27 10:00:00.000,2008,8,27,10,02003KT,09,08
2008-08-27 11:00:00.000,2008,8,27,11,00000KT,08,08
2008-08-27 12:00:00.000,2008,8,27,12,VRB02KT,09,08
2008-08-27 13:00:00.000,2008,8,27,13,06003KT,11,10
2008-08-27 14:00:00.000,2008,8,27,14,31004KT,14,11
2008-08-27 15:00:00.000,2008,8,27,15,03003KT,16,12
2008-08-27 16:00:00.000,2008,8,27,16,02003KT,17,10
2008-08-27 17:00:00.000,2008,8,27,17,06004KT,16,10
2008-08-27 18:00:00.000,2008,8,27,18,01004KT,16,10
2008-08-27 19:00:00.000,2008,8,27,19,06006KT,17,09
2008-08-27 20:00:00.000,2008,8,27,20,08008KT,18,09
2008-08-27 21:00:00.000,2008,8,27,21,VRB02KT,18,10
2008-08-27 22:00:00.000,2008,8,27,22,28009KT,16,12
2008-08-27 23:00:00.000,2008,8,27,23,21010KT,14,12
2008-08-28 00:00:00.000,2008,8,28,0,30006KT,13,13
2008-08-28 01:00:00.000,2008,8,28,1,00000KT,12,12
2008-08-28 02:00:00.000,2008,8,28,2,01008KT,11,11
2008-08-28 03:00:00.000,2008,8,28,3,36004KT,11,11
2008-08-28 04:00:00.000,2008,8,28,4,33005KT,11,10
2008-08-28 05:00:00.000,2008,8,28,5,33004KT,10,10
2008-08-28 06:00:00.000,2008,8,28,6,32006KT,10,10
2008-08-28 07:00:00.000,2008,8,28,7,00000KT,09,09
2008-08-28 08:00:00.000,2008,8,28,8,27004KT,10,10
2008-08-28 09:00:00.000,2008,8,28,9,00000KT,10,10
2008-08-28 10:00:00.000,2008,8,28,10,25004KT,10,09
2008-08-28 11:00:00.000,2008,8,28,11,32004KT,09,09
2008-08-28 12:00:00.000,2008,8,28,12,VRB02KT,10,10
2008-08-28 13:00:00.000,2008,8,28,13,33003KT,12,11
2008-08-28 14:00:00.000,2008,8,28,14,28003KT,13,11
2008-08-28 15:00:00.000,2008,8,28,15,31004KT,15,11
2008-08-28 16:00:00.000,2008,8,28,16,33007KT,16,12
2008-08-28 17:00:00.000,2008,8,28,17,27003KT,17,12
2008-08-28 18:00:00.000,2008,8,28,18,24006KT,18,10
2008-08-28 19:00:00.000,2008,8,28,19,34007KT,18,10
2008-08-28 20:00:00.000,2008,8,28,20,28009KT,16,12
2008-08-28 21:00:00.000,2008,8,28,21,28004KT,16,12
2008-08-28 22:00:00.000,2008,8,28,22,26004KT,16,12
2008-08-28 23:00:00.000,2008,8,28,23,28005KT,15,13
2008-08-29 00:00:00.000,2008,8,29,0,VRB02KT,14,13
2008-08-29 01:00:00.000,2008,8,29,1,VRB02KT,13,12
2008-08-29 02:00:00.000,2008,8,29,2,27004KT,13,12
2008-08-29 03:00:00.000,2008,8,29,3,27005KT,13,12
2008-08-29 04:00:00.000,2008,8,29,4,30006KT,12,12
2008-08-29 05:00:00.000,2008,8,29,5,27004KT,11,10
2008-08-29 06:00:00.000,2008,8,29,6,30003KT,10,10
2008-08-29 07:00:00.000,2008,8,29,7,VRB02KT,10,10
2008-08-29 08:00:00.000,2008,8,29,8,VRB02KT,10,10
2008-08-29 09:00:00.000,2008,8,29,9,05004KT,10,09
2008-08-29 10:00:00.000,2008,8,29,10,06004KT,10,09
2008-08-29 11:00:00.000,2008,8,29,11,04004KT,09,08
2008-08-29 12:00:00.000,2008,8,29,12,01003KT,11,10
2008-08-29 13:00:00.000,2008,8,29,13,01004KT,13,11
2008-08-29 14:00:00.000,2008,8,29,14,02004KT,15,11
2008-08-29 15:00:00.000,2008,8,29,15,18005KT,17,11
2008-08-29 16:00:00.000,2008,8,29,16,00000KT,17,07
2008-08-29 17:00:00.000,2008,8,29,17,28003KT,17,10
2008-08-29 19:00:00.000,2008,8,29,19,28010KT,16,14
2008-08-29 20:00:00.000,2008,8,29,20,24006KT,16,13
2008-08-29 21:00:00.000,2008,8,29,21,24008KT,16,13
2008-08-29 23:00:00.000,2008,8,29,23,26004KT,15,13
2008-08-30 00:00:00.000,2008,8,30,0,VRB02KT,13,12
2008-08-30 01:00:00.000,2008,8,30,1,31005KT,12,12
2008-08-30 02:00:00.000,2008,8,30,2,28003KT,12,12
2008-08-30 03:00:00.000,2008,8,30,3,VRB02KT,12,11
2008-08-30 04:00:00.000,2008,8,30,4,VRB02KT,12,11
2008-08-30 05:00:00.000,2008,8,30,5,09007KT,12,12
2008-08-30 06:00:00.000,2008,8,30,6,05004KT,11,11
2008-08-30 07:00:00.000,2008,8,30,7,VRB02KT,10,10
2008-08-30 08:00:00.000,2008,8,30,8,04005KT,10,10
2008-08-30 09:00:00.000,2008,8,30,9,VRB02KT,10,10
2008-08-30 10:00:00.000,2008,8,30,10,VRB02KT,10,09
2008-08-30 11:00:00.000,2008,8,30,11,VRB02KT,10,09
2008-08-30 12:00:00.000,2008,8,30,12,VRB02KT,11,10
2008-08-30 13:00:00.000,2008,8,30,13,05004KT,12,11
2008-08-30 14:00:00.000,2008,8,30,14,05005KT,14,12
2008-08-30 15:00:00.000,2008,8,30,15,08008KT,15,13
2008-08-30 16:00:00.000,2008,8,30,16,17012KT,17,11
2008-08-30 17:00:00.000,2008,8,30,17,17014KT,18,10
2008-08-30 18:00:00.000,2008,8,30,18,13014KT,18,10
2008-08-30 19:00:00.000,2008,8,30,19,11008KT,18,09
2008-08-30 20:00:00.000,2008,8,30,20,18007KT,19,10
2008-08-30 21:00:00.000,2008,8,30,21,18010KT,18,09
2008-08-30 22:00:00.000,2008,8,30,22,31005KT,17,14
2008-08-30 23:00:00.000,2008,8,30,23,VRB02KT,15,14
2008-08-31 00:00:00.000,2008,8,31,0,33005KT,14,12
2008-08-31 01:00:00.000,2008,8,31,1,01003KT,13,12
2008-08-31 03:00:00.000,2008,8,31,3,34003KT,12,11
2008-08-31 04:00:00.000,2008,8,31,4,00000KT,13,11
2008-08-31 05:00:00.000,2008,8,31,5,03005KT,12,11
2008-08-31 06:00:00.000,2008,8,31,6,04003KT,11,10
2008-08-31 07:00:00.000,2008,8,31,7,09003KT,10,10
2008-08-31 08:00:00.000,2008,8,31,8,09003KT,10,10
2008-08-31 09:00:00.000,2008,8,31,9,03004KT,10,10
2008-08-31 10:00:00.000,2008,8,31,10,06003KT,09,09
2008-08-31 11:00:00.000,2008,8,31,11,04006KT,09,09
2008-08-31 12:00:00.000,2008,8,31,12,04004KT,11,11
2008-08-31 14:00:00.000,2008,8,31,14,06005KT,15,12
2008-08-31 15:00:00.000,2008,8,31,15,00000KT,17,10
2008-08-31 17:00:00.000,2008,8,31,17,13005KT,18,09
2008-08-31 18:00:00.000,2008,8,31,18,30005KT,18,08
2008-08-31 19:00:00.000,2008,8,31,19,29008KT,15,13
2008-08-31 23:00:00.000,2008,8,31,23,28004KT,13,13
2008-09-01 01:00:00.000,2008,9,1,1,VRB02KT,12,12
2008-09-01 04:00:00.000,2008,9,1,4,VRB02KT,10,10
2008-09-01 05:00:00.000,2008,9,1,5,33004KT,10,10
2008-09-01 06:00:00.000,2008,9,1,6,35004KT,09,09
2008-09-01 08:00:00.000,2008,9,1,8,VRB02KT,08,08
2008-09-01 09:00:00.000,2008,9,1,9,00000KT,08,08
2008-09-01 14:00:00.000,2008,9,1,14,01005KT,14,11
2008-09-01 16:00:00.000,2008,9,1,16,35004KT,16,11
2008-09-01 18:00:00.000,2008,9,1,18,VRB02KT,17,11
2008-09-01 19:00:00.000,2008,9,1,19,24007KT,19,10
2008-09-01 20:00:00.000,2008,9,1,20,27008KT,16,12
2008-09-01 21:00:00.000,2008,9,1,21,26010KT,18,13
2008-09-01 22:00:00.000,2008,9,1,22,24006KT,16,13
2008-09-01 23:00:00.000,2008,9,1,23,27006KT,14,12
2008-09-02 00:00:00.000,2008,9,2,0,05003KT,13,12
2008-09-02 01:00:00.000,2008,9,2,1,VRB02KT,12,12
2008-09-02 02:00:00.000,2008,9,2,2,00000KT,11,11
2008-09-02 03:00:00.000,2008,9,2,3,00000KT,12,11
2008-09-02 04:00:00.000,2008,9,2,4,VRB02KT,12,11
2008-09-02 05:00:00.000,2008,9,2,5,VRB02KT,11,11
2008-09-02 06:00:00.000,2008,9,2,6,00000KT,11,11
2008-09-02 07:00:00.000,2008,9,2,7,30003KT,12,11
2008-09-02 08:00:00.000,2008,9,2,8,30003KT,11,11
2008-09-02 09:00:00.000,2008,9,2,9,00000KT,11,11
2008-09-02 10:00:00.000,2008,9,2,10,00000KT,11,11
2008-09-02 11:00:00.000,2008,9,2,11,00000KT,11,11
2008-09-02 12:00:00.000,2008,9,2,12,VRB02KT,11,11
2008-09-02 13:00:00.000,2008,9,2,13,07004KT,12,12
2008-09-02 14:00:00.000,2008,9,2,14,04006KT,14,12
2008-09-02 15:00:00.000,2008,9,2,15,02006KT,14,13
2008-09-02 16:00:00.000,2008,9,2,16,27005KT,16,14
2008-09-02 17:00:00.000,2008,9,2,17,27012KT,15,14
2008-09-02 18:00:00.000,2008,9,2,18,29010KT,15,13
2008-09-02 19:00:00.000,2008,9,2,19,25009KT,15,13
2008-09-02 20:00:00.000,2008,9,2,20,25009KT,15,13
2008-09-02 21:00:00.000,2008,9,2,21,25008KT,16,13
2008-09-02 22:00:00.000,2008,9,2,22,23006KT,15,12
2008-09-02 23:00:00.000,2008,9,2,23,34008KT,14,13
2008-09-03 00:00:00.000,2008,9,3,0,05003KT,13,12
2008-09-03 01:00:00.000,2008,9,3,1,VRB02KT,12,11
2008-09-03 02:00:00.000,2008,9,3,2,VRB02KT,11,10
2008-09-03 03:00:00.000,2008,9,3,3,VRB02KT,12,11
2008-09-03 04:00:00.000,2008,9,3,4,VRB02KT,11,11
2008-09-03 05:00:00.000,2008,9,3,5,VRB02KT,11,11
2008-09-03 06:00:00.000,2008,9,3,6,VRB02KT,11,11
2008-09-03 07:00:00.000,2008,9,3,7,VRB02KT,11,11
2008-09-03 08:00:00.000,2008,9,3,8,VRB02KT,11,10
2008-09-03 09:00:00.000,2008,9,3,9,VRB02KT,10,10
2008-09-03 10:00:00.000,2008,9,3,10,VRB02KT,09,09
2008-09-03 11:00:00.000,2008,9,3,11,VRB02KT,10,09
2008-09-03 12:00:00.000,2008,9,3,12,10004KT,11,11
2008-09-03 13:00:00.000,2008,9,3,13,04003KT,14,13
2008-09-03 14:00:00.000,2008,9,3,14,26004KT,,
2008-09-03 15:00:00.000,2008,9,3,15,30003KT,16,13
2008-09-03 16:00:00.000,2008,9,3,16,27004KT,17,12
2008-09-03 17:00:00.000,2008,9,3,17,23012KT,12,12
2008-09-03 18:00:00.000,2008,9,3,18,26005KT,12,12
2008-09-03 19:00:00.000,2008,9,3,19,27004KT,12,12
2008-09-03 20:00:00.000,2008,9,3,20,34005KT,13,13
2008-09-03 21:00:00.000,2008,9,3,21,01008KT,12,11
2008-09-03 22:00:00.000,2008,9,3,22,05007KT,12,11
2008-09-03 23:00:00.000,2008,9,3,23,02004KT,11,11
2008-09-04 00:00:00.000,2008,9,4,0,VRB02KT,11,11
2008-09-04 01:00:00.000,2008,9,4,1,VRB02KT,11,11
2008-09-04 02:00:00.000,2008,9,4,2,00000KT,11,11
2008-09-04 03:00:00.000,2008,9,4,3,06005KT,11,11
2008-09-04 04:00:00.000,2008,9,4,4,04003KT,11,11
2008-09-04 06:00:00.000,2008,9,4,6,33004KT,11,11
2008-09-04 07:00:00.000,2008,9,4,7,VRB02KT,10,10
2008-09-04 08:00:00.000,2008,9,4,8,VRB02KT,10,10
2008-09-04 09:00:00.000,2008,9,4,9,VRB02KT,10,10
2008-09-04 10:00:00.000,2008,9,4,10,VRB02KT,09,09
2008-09-04 11:00:00.000,2008,9,4,11,00000KT,10,09
2008-09-04 12:00:00.000,2008,9,4,12,34003KT,10,10
2008-09-04 13:00:00.000,2008,9,4,13,VRB02KT,11,11
2008-09-04 14:00:00.000,2008,9,4,14,VRB02KT,14,12
2008-09-04 15:00:00.000,2008,9,4,15,VRB02KT,15,12
2008-09-04 16:00:00.000,2008,9,4,16,VRB02KT,16,11
2008-09-04 18:00:00.000,2008,9,4,18,26006KT,16,12
2008-09-04 19:00:00.000,2008,9,4,19,33007KT,13,11
2008-09-04 20:00:00.000,2008,9,4,20,27007KT,14,12
2008-09-04 21:00:00.000,2008,9,4,21,27006KT,13,12
2008-09-04 22:00:00.000,2008,9,4,22,28004KT,13,12
2008-09-04 23:00:00.000,2008,9,4,23,VRB02KT,13,12
2008-09-05 00:00:00.000,2008,9,5,0,00000KT,12,12
2008-09-05 01:00:00.000,2008,9,5,1,03004KT,12,12
2008-09-05 02:00:00.000,2008,9,5,2,21004KT,12,12
2008-09-05 03:00:00.000,2008,9,5,3,35003KT,11,11
2008-09-05 04:00:00.000,2008,9,5,4,00000KT,11,11
2008-09-05 05:00:00.000,2008,9,5,5,02005KT,10,10
2008-09-05 06:00:00.000,2008,9,5,6,00000KT,10,10
2008-09-05 07:00:00.000,2008,9,5,7,00000KT,10,10
2008-09-05 08:00:00.000,2008,9,5,8,04004KT,10,10
2008-09-05 09:00:00.000,2008,9,5,9,02004KT,10,10
2008-09-05 11:00:00.000,2008,9,5,11,04004KT,10,10
2008-09-05 12:00:00.000,2008,9,5,12,04006KT,11,10
2008-09-05 13:00:00.000,2008,9,5,13,02008KT,13,11
2008-09-05 14:00:00.000,2008,9,5,14,07006KT,15,12
2008-09-05 15:00:00.000,2008,9,5,15,06010KT,16,12
2008-09-05 16:00:00.000,2008,9,5,16,11012KT,17,10
2008-09-05 17:00:00.000,2008,9,5,17,07010KT,18,10
2008-09-05 18:00:00.000,2008,9,5,18,12010Z,18,08
2008-09-05 19:00:00.000,2008,9,5,19,11010KT,17,08
2008-09-05 20:00:00.000,2008,9,5,20,12011KT,16,10
2008-09-05 21:00:00.000,2008,9,5,21,16007KT,16,10
2008-09-05 22:00:00.000,2008,9,5,22,12007KT,15,09
2008-09-05 23:00:00.000,2008,9,5,23,12006KT,14,10
2008-09-06 00:00:00.000,2008,9,6,0,12006KT,13,09
2008-09-06 01:00:00.000,2008,9,6,1,01003KT,11,09
2008-09-06 02:00:00.000,2008,9,6,2,34003KT,10,09
2008-09-06 03:00:00.000,2008,9,6,3,VRB02KT,10,10
2008-09-06 05:00:00.000,2008,9,6,5,33003KT,10,09
2008-09-06 06:00:00.000,2008,9,6,6,VRB02KT,09,08
2008-09-06 07:00:00.000,2008,9,6,7,VRB02KT,09,09
2008-09-06 08:00:00.000,2008,9,6,8,VRB02KT,08,08
2008-09-06 09:00:00.000,2008,9,6,9,VRB02KT,07,07
2008-09-06 10:00:00.000,2008,9,6,10,06003KT,07,07
2008-09-06 11:00:00.000,2008,9,6,11,02004KT,07,07
2008-09-06 12:00:00.000,2008,9,6,12,0606KT,10,10
2008-09-06 13:00:00.000,2008,9,6,13,08007KT,13,09
2008-09-06 14:00:00.000,2008,9,6,14,09006KT,15,07
2008-09-06 15:00:00.000,2008,9,6,15,12014KT,18,04
2008-09-06 16:00:00.000,2008,9,6,16,11012K,18,04
2008-09-06 17:00:00.000,2008,9,6,17,13012KT,18,06
2008-09-06 18:00:00.000,2008,9,6,18,15010KT,19,06
2008-09-06 19:00:00.000,2008,9,6,19,15009KT,19,06
2008-09-06 20:00:00.000,2008,9,6,20,06010KT,19,06
2008-09-06 21:00:00.000,2008,9,6,21,06010KT,19,07
2008-09-06 22:00:00.000,2008,9,6,22,05005KT,17,07
2008-09-06 23:00:00.000,2008,9,6,23,30008KT,15,13
2008-09-07 00:00:00.000,2008,9,7,0,VRB02KT,13,12
2008-09-07 01:00:00.000,2008,9,7,1,33003KT,13,12
2008-09-07 02:00:00.000,2008,9,7,2,08004KT,12,12
2008-09-07 03:00:00.000,2008,9,7,3,VRB02KT,13,11
2008-09-07 04:00:00.000,2008,9,7,4,VRB02KT,13,10
2008-09-07 05:00:00.000,2008,9,7,5,VRB02KT,13,11
2008-09-07 06:00:00.000,2008,9,7,6,03005KT,11,10
2008-09-07 07:00:00.000,2008,9,7,7,01004KT,10,10
2008-09-07 08:00:00.000,2008,9,7,8,01004KT,10,10
2008-09-07 09:00:00.000,2008,9,7,9,00000KT,10,09
2008-09-07 10:00:00.000,2008,9,7,10,00000KT,08,08
2008-09-07 11:00:00.000,2008,9,7,11,02004KT,08,08
2008-09-07 12:00:00.000,2008,9,7,12,04005KT,10,10
2008-09-07 13:00:00.000,2008,9,7,13,10004KT,13,11
2008-09-07 14:00:00.000,2008,9,7,14,27004KT,13,12
2008-09-07 15:00:00.000,2008,9,7,15,24008KT,15,11
2008-09-07 16:00:00.000,2008,9,7,16,22004KT,17,08
2008-09-07 17:00:00.000,2008,9,7,17,14008KT,18,10
2008-09-07 19:00:00.000,2008,9,7,19,13014KT,17,09
2008-09-07 20:00:00.000,2008,9,7,20,12010KT,16,10
2008-09-07 21:00:00.000,2008,9,7,21,08010KT,16,10
2008-09-07 22:00:00.000,2008,9,7,22,16013KT,15,09
2008-09-07 23:00:00.000,2008,9,7,23,13010KT,14,09
2008-09-08 00:00:00.000,2008,9,8,0,08006KT,13,10
2008-09-08 01:00:00.000,2008,9,8,1,07007KT,12,09
2008-09-08 02:00:00.000,2008,9,8,2,08007KT,12,10
2008-09-08 03:00:00.000,2008,9,8,3,07005KT,12,10
2008-09-08 04:00:00.000,2008,9,8,4,03004KT,11,10
2008-09-08 06:00:00.000,2008,9,8,6,03004KT,10,10
2008-09-08 07:00:00.000,2008,9,8,7,VRB02KT,09,09
2008-09-08 08:00:00.000,2008,9,8,8,94993KT,09,09
2008-09-08 09:00:00.000,2008,9,8,9,04003KT,10,10
2008-09-08 10:00:00.000,2008,9,8,10,06004KT,10,09
2008-09-08 11:00:00.000,2008,9,8,11,03003KT,09,09
2008-09-08 12:00:00.000,2008,9,8,12,34004KT,10,10
2008-09-08 13:00:00.000,2008,9,8,13,03005KT,12,11
2008-09-08 14:00:00.000,2008,9,8,14,03004KT,13,11
2008-09-08 15:00:00.000,2008,9,8,15,21006KT,15,11
2008-09-08 16:00:00.000,2008,9,8,16,20012KT,15,11
2008-09-08 18:00:00.000,2008,9,8,18,16015KT,16,11
2008-09-08 19:00:00.000,2008,9,8,19,15014KT,16,10
2008-09-08 20:00:00.000,2008,9,8,20,15014KT,16,10
2008-09-08 22:00:00.000,2008,9,8,22,16012KT,15,08
2008-09-08 23:00:00.000,2008,9,8,23,16010KT,14,08
2008-09-09 00:00:00.000,2008,9,9,0,13008KT,13,09
2008-09-09 01:00:00.000,2008,9,9,1,12006KT,13,09
2008-09-09 02:00:00.000,2008,9,9,2,VRB02KT,13,09
2008-09-09 03:00:00.000,2008,9,9,3,08004KT,13,09
2008-09-09 04:00:00.000,2008,9,9,4,25004KT,13,09
2008-09-09 05:00:00.000,2008,9,9,5,00000KT,11,11
2008-09-09 06:00:00.000,2008,9,9,6,00000KT,11,10
2008-09-09 07:00:00.000,2008,9,9,7,00000KT,10,10
2008-09-09 08:00:00.000,2008,9,9,8,33004KT,10,10
2008-09-09 13:00:00.000,2008,9,9,13,VRB82KT,12,11
2008-09-09 14:00:00.000,2008,9,9,14,14009KT,13,10
2008-09-09 15:00:00.000,2008,9,9,15,15017KT,14,10
2008-09-09 16:00:00.000,2008,9,9,16,15015KT,16,08
2008-09-09 17:00:00.000,2008,9,9,17,13010KT,15,08
2008-09-09 18:00:00.000,2008,9,9,18,15016KT,15,08
2008-09-09 20:00:00.000,2008,9,9,20,13014KT,14,08
2008-09-09 21:00:00.000,2008,9,9,21,12016KT,14,07
2008-09-09 22:00:00.000,2008,9,9,22,11012KT,15,07
2008-09-09 23:00:00.000,2008,9,9,23,11012KT,14,07
2008-09-10 00:00:00.000,2008,9,10,0,07007KT,12,08
2008-09-10 01:00:00.000,2008,9,10,1,06006KT,11,08
2008-09-10 02:00:00.000,2008,9,10,2,03006KT,10,08
2008-09-10 03:00:00.000,2008,9,10,3,05007KT,10,08
2008-09-10 04:00:00.000,2008,9,10,4,00000KT,10,08
2008-09-10 05:00:00.000,2008,9,10,5,33004KT,09,08
2008-09-10 07:00:00.000,2008,9,10,7,33003KT,08,07
2008-09-10 08:00:00.000,2008,9,10,8,28006KT,08,07
2008-09-10 09:00:00.000,2008,9,10,9,VRB02KT,08,07
2008-09-10 10:00:00.000,2008,9,10,10,VRB02KT,08,07
2008-09-10 11:00:00.000,2008,9,10,11,04005KT,09,09
2008-09-10 12:00:00.000,2008,9,10,12,03004KT,08,08
2008-09-10 13:00:00.000,2008,9,10,13,03004KT,12,10
2008-09-10 14:00:00.000,2008,9,10,14,101400M,14,08
2008-09-10 15:00:00.000,2008,9,10,15,13010KT,16,07
2008-09-10 16:00:00.000,2008,9,10,16,13009KT,16,07
2008-09-10 17:00:00.000,2008,9,10,17,13012KT,16,07
2008-09-10 18:00:00.000,2008,9,10,18,15008KT,15,08
2008-09-10 19:00:00.000,2008,9,10,19,10010KT,14,11
2008-09-10 20:00:00.000,2008,9,10,20,07008KT,14,10
2008-09-10 21:00:00.000,2008,9,10,21,09004KT,15,10
2008-09-10 22:00:00.000,2008,9,10,22,08008KT,15,08
2008-09-10 23:00:00.000,2008,9,10,23,10007KT,14,08
2008-09-11 00:00:00.000,2008,9,11,0,10005KT,13,08
2008-09-11 01:00:00.000,2008,9,11,1,09005KT,13,08
2008-09-11 02:00:00.000,2008,9,11,2,08004KT,12,10
2008-09-11 03:00:00.000,2008,9,11,3,VRB02KT,11,09
2008-09-11 04:00:00.000,2008,9,11,4,33003KT,10,10
2008-09-11 05:00:00.000,2008,9,11,5,VRB02KT,10,10
2008-09-11 06:00:00.000,2008,9,11,6,VRB02KT,09,09
2008-09-11 07:00:00.000,2008,9,11,7,32004KT,09,09
2008-09-11 08:00:00.000,2008,9,11,8,VRB02KT,10,09
2008-09-11 09:00:00.000,2008,9,11,9,04004KT,10,10
2008-09-11 10:00:00.000,2008,9,11,10,04006KT,10,10
2008-09-11 11:00:00.000,2008,9,11,11,05006KT,09,09
2008-09-11 12:00:00.000,2008,9,11,12,VRB02KT,11,10
2008-09-11 13:00:00.000,2008,9,11,13,04008KT,13,11
2008-09-11 14:00:00.000,2008,9,11,14,14012KT,15,09
2008-09-11 15:00:00.000,2008,9,11,15,13014KT,16,08
2008-09-11 16:00:00.000,2008,9,11,16,15012KT,17,07
2008-09-11 17:00:00.000,2008,9,11,17,15012KT,17,06
2008-09-11 18:00:00.000,2008,9,11,18,13012KT,17,07
2008-09-11 19:00:00.000,2008,9,11,19,14013KT,18,07
2008-09-11 20:00:00.000,2008,9,11,20,15012KT,17,06
2008-09-11 21:00:00.000,2008,9,11,21,07016KT,18,05
2008-09-11 22:00:00.000,2008,9,11,22,16014KT,17,05
2008-09-11 23:00:00.000,2008,9,11,23,16010KT,15,07
2008-09-12 00:00:00.000,2008,9,12,0,15010KT,14,06
2008-09-12 01:00:00.000,2008,9,12,1,20004KT,12,10
2008-09-12 02:00:00.000,2008,9,12,2,03005KT,11,09
2008-09-12 03:00:00.000,2008,9,12,3,02003KT,11,09
2008-09-12 04:00:00.000,2008,9,12,4,05003KT,10,09
2008-09-12 05:00:00.000,2008,9,12,5,33003KT,10,09
2008-09-12 06:00:00.000,2008,9,12,6,36003KT,09,09
2008-09-12 07:00:00.000,2008,9,12,7,23004KT,09,09
2008-09-12 08:00:00.000,2008,9,12,8,VRB02KT,08,08
2008-09-12 09:00:00.000,2008,9,12,9,02005K,08,08
2008-09-12 10:00:00.000,2008,9,12,10,02004KT,07,07
2008-09-12 11:00:00.000,2008,9,12,11,VRB02KT,07,07
2008-09-12 12:00:00.000,2008,9,12,12,VRB02KT,09,09
2008-09-12 13:00:00.000,2008,9,12,13,04006KT,13,11
2008-09-12 14:00:00.000,2008,9,12,14,VRB02KT,14,11
2008-09-12 15:00:00.000,2008,9,12,15,05006KT,16,10
2008-09-12 16:00:00.000,2008,9,12,16,13008KT,17,08
2008-09-12 17:00:00.000,2008,9,12,17,11008KT,17,08
2008-09-12 18:00:00.000,2008,9,12,18,10006KT,16,08
2008-09-12 20:00:00.000,2008,9,12,20,06012KT,17,09
2008-09-12 21:00:00.000,2008,9,12,21,05010KT,17,10
2008-09-12 22:00:00.000,2008,9,12,22,01010KT,16,09
2008-09-12 23:00:00.000,2008,9,12,23,02005KT,15,09
2008-09-13 00:00:00.000,2008,9,13,0,24008KT,14,12
2008-09-13 01:00:00.000,2008,9,13,1,24008KT,14,12
2008-09-13 02:00:00.000,2008,9,13,2,32003KU,12,10
2008-09-13 03:00:00.000,2008,9,13,3,VRB02KT,11,10
2008-09-13 04:00:00.000,2008,9,13,4,03003KT,11,10
2008-09-13 05:00:00.000,2008,9,13,5,03004KT,10,09
2008-09-13 06:00:00.000,2008,9,13,6,05005KT,10,09
2008-09-13 08:00:00.000,2008,9,13,8,03005KT,09,08
2008-09-13 09:00:00.000,2008,9,13,9,03005KT,09,08
2008-09-13 10:00:00.000,2008,9,13,10,00000KT,07,07
2008-09-13 11:00:00.000,2008,9,13,11,00000KT,07,06
2008-09-13 12:00:00.000,2008,9,13,12,06004KT,10,09
2008-09-13 13:00:00.000,2008,9,13,13,06004KT,12,11
2008-09-13 14:00:00.000,2008,9,13,14,36005KT,15,11
2008-09-13 15:00:00.000,2008,9,13,15,15008KT,16,09
2008-09-13 16:00:00.000,2008,9,13,16,13006KT,18,08
2008-09-13 17:00:00.000,2008,9,13,17,10010KT,18,09
2008-09-13 18:00:00.000,2008,9,13,18,15009KT,18,08
2008-09-13 20:00:00.000,2008,9,13,20,12008KT,19,08
2008-09-13 21:00:00.000,2008,9,13,21,16010KT,39,09
2008-09-13 22:00:00.000,2008,9,13,22,VRB02KT,18,08
2008-09-13 23:00:00.000,2008,9,13,23,09004KT,16,09
2008-09-14 00:00:00.000,2008,9,14,0,05005KT,15,10
2008-09-14 01:00:00.000,2008,9,14,1,31003KT,13,11
2008-09-14 02:00:00.000,2008,9,14,2,08004KT,13,10
2008-09-14 03:00:00.000,2008,9,14,3,11005KT,13,11
2008-09-14 04:00:00.000,2008,9,14,4,01004KT,12,11
2008-09-14 05:00:00.000,2008,9,14,5,03004KT,11,10
2008-09-14 06:00:00.000,2008,9,14,6,01004KT,11,10
2008-09-14 07:00:00.000,2008,9,14,7,04005KT,12,11
2008-09-14 08:00:00.000,2008,9,14,8,29003KT,11,10
2008-09-14 09:00:00.000,2008,9,14,9,25003KT,10,10
2008-09-14 10:00:00.000,2008,9,14,10,02003KT,10,10
2008-09-14 11:00:00.000,2008,9,14,11,06004KT,10,10
2008-09-14 12:00:00.000,2008,9,14,12,08005KT,12,11
2008-09-14 13:00:00.000,2008,9,14,13,07007KT,14,11
2008-09-14 14:00:00.000,2008,9,14,14,08012KT,16,11
2008-09-14 15:00:00.000,2008,9,14,15,10015KT,16,11
2008-09-14 16:00:00.000,2008,9,14,16,13016KT,17,11
2008-09-14 17:00:00.000,2008,9,14,17,12010KT,16,10
2008-09-14 18:00:00.000,2008,9,14,18,18010KT,16,11
2008-09-14 20:00:00.000,2008,9,14,20,12008KT,17,09
2008-09-14 21:00:00.000,2008,9,14,21,12010KT,18,10
2008-09-14 22:00:00.000,2008,9,14,22,08010KT,16,10
2008-09-14 23:00:00.000,2008,9,14,23,11007KT,16,09
2008-09-15 00:00:00.000,2008,9,15,0,03003KT,14,09
2008-09-15 01:00:00.000,2008,9,15,1,05003KT,12,10
2008-09-15 02:00:00.000,2008,9,15,2,11003KT,14,10
2008-09-15 03:00:00.000,2008,9,15,3,36004KT,11,10
2008-09-15 04:00:00.000,2008,9,15,4,02003KT,11,10
2008-09-15 05:00:00.000,2008,9,15,5,03003KT,11,10
2008-09-15 06:00:00.000,2008,9,15,6,03003KT,11,10
2008-09-15 07:00:00.000,2008,9,15,7,03003KT,10,09
2008-09-15 08:00:00.000,2008,9,15,8,35003KT,10,09
2008-09-15 09:00:00.000,2008,9,15,9,30003KT,08,08
2008-09-15 13:00:00.000,2008,9,15,13,05004KT,12,10
2008-09-15 14:00:00.000,2008,9,15,14,04006KT,13,11
2008-09-15 15:00:00.000,2008,9,15,15,03007KT,14,12
2008-09-15 16:00:00.000,2008,9,15,16,06007KT,14,13
2008-09-15 17:00:00.000,2008,9,15,17,12008KT,16,12
2008-09-15 18:00:00.000,2008,9,15,18,12012KT,17,10
2008-09-15 19:00:00.000,2008,9,15,19,04010KT,16,13
2008-09-15 20:00:00.000,2008,9,15,20,04005KT,13,13
2008-09-15 21:00:00.000,2008,9,15,21,VRB02KT,13,13
2008-09-15 22:00:00.000,2008,9,15,22,36004KT,14,13
2008-09-15 23:00:00.000,2008,9,15,23,11010KT,14,11
2008-09-16 00:00:00.000,2008,9,16,0,12005KT,14,10
2008-09-16 01:00:00.000,2008,9,16,1,10005KT,13,10
2008-09-16 02:00:00.000,2008,9,16,2,08006KT,13,11
2008-09-16 03:00:00.000,2008,9,16,3,03006KT,11,10
2008-09-16 04:00:00.000,2008,9,16,4,10006KT,11,10
2008-09-16 05:00:00.000,2008,9,16,5,10006KT,11,10
2008-09-16 06:00:00.000,2008,9,16,6,03006KT,11,10
2008-09-16 07:00:00.000,2008,9,16,7,05005KT,11,10
2008-09-16 08:00:00.000,2008,9,16,8,VRB02KT,10,09
2008-09-16 09:00:00.000,2008,9,16,9,02003KT,10,09
2008-09-16 10:00:00.000,2008,9,16,10,VRB02KT,10,09
2008-09-16 11:00:00.000,2008,9,16,11,04006KT,10,10
2008-09-16 12:00:00.000,2008,9,16,12,05005KT,12,11
2008-09-16 13:00:00.000,2008,9,16,13,11003KT,13,11
2008-09-16 14:00:00.000,2008,9,16,14,14008KT,14,11
2008-09-16 15:00:00.000,2008,9,16,15,14008KT,14,10
2008-09-16 16:00:00.000,2008,9,16,16,15009KT,16,11
2008-09-16 17:00:00.000,2008,9,16,17,14010KT,15,11
2008-09-16 18:00:00.000,2008,9,16,18,16005KT,13,12
2008-09-16 19:00:00.000,2008,9,16,19,10010KT,16,11
2008-09-16 20:00:00.000,2008,9,16,20,16011KT,15,11
2008-09-16 21:00:00.000,2008,9,16,21,16010KT,15,11
2008-09-16 22:00:00.000,2008,9,16,22,15008KT,14,10
2008-09-16 23:00:00.000,2008,9,16,23,10007KT,14,10
2008-09-17 00:00:00.000,2008,9,17,0,12006KT,14,10
2008-09-17 01:00:00.000,2008,9,17,1,14010KT,14,09
2008-09-17 02:00:00.000,2008,9,17,2,10010KT,13,10
2008-09-17 03:00:00.000,2008,9,17,3,08008KT,13,10
2008-09-17 04:00:00.000,2008,9,17,4,09008KT,13,09
2008-09-17 05:00:00.000,2008,9,17,5,10010KT,13,08
2008-09-17 06:00:00.000,2008,9,17,6,12008KT,12,08
2008-09-17 07:00:00.000,2008,9,17,7,13007KT,12,08
2008-09-17 08:00:00.000,2008,9,17,8,13006KT,12,08
2008-09-17 09:00:00.000,2008,9,17,9,07005KT,11,09
2008-09-17 10:00:00.000,2008,9,17,10,08005KT,11,09
2008-09-17 11:00:00.000,2008,9,17,11,07003KT,11,09
2008-09-17 12:00:00.000,2008,9,17,12,03004KT,11,10
2008-09-17 13:00:00.000,2008,9,17,13,06004KT,13,10
2008-09-17 14:00:00.000,2008,9,17,14,01004KT,14,11
2008-09-17 15:00:00.000,2008,9,17,15,14010KT,16,08
2008-09-17 16:00:00.000,2008,9,17,16,14010KT,16,07
2008-09-17 17:00:00.000,2008,9,17,17,13009KT,16,08
2008-09-17 18:00:00.000,2008,9,17,18,17010KT,17,08
2008-09-17 19:00:00.000,2008,9,17,19,13010KT,17,07
2008-09-17 20:00:00.000,2008,9,17,20,13010KT,18,08
2008-09-17 21:00:00.000,2008,9,17,21,17008KT,17,06
2008-09-17 22:00:00.000,2008,9,17,22,18010KT,16,06
2008-09-18 00:00:00.000,2008,9,18,0,13008KT,13,07
2008-09-18 01:00:00.000,2008,9,18,1,12008KT,13,07
2008-09-18 02:00:00.000,2008,9,18,2,VRB02KT,12,08
2008-09-18 03:00:00.000,2008,9,18,3,VRB02KT,11,08
2008-09-18 04:00:00.000,2008,9,18,4,31004KT,11,09
2008-09-18 05:00:00.000,2008,9,18,5,30003KT,10,09
2008-09-18 06:00:00.000,2008,9,18,6,03004KT,10,09
2008-09-18 07:00:00.000,2008,9,18,7,VRB02KT,09,09
2008-09-18 08:00:00.000,2008,9,18,8,VRB02KT,07,07
2008-09-18 09:00:00.000,2008,9,18,9,VRB02KT,07,06
2008-09-18 10:00:00.000,2008,9,18,10,29003KT,05,05
2008-09-18 11:00:00.000,2008,9,18,11,VRB02KT,05,05
2008-09-18 12:00:00.000,2008,9,18,12,VRB02KT,09,08
2008-09-18 13:00:00.000,2008,9,18,13,VRB02KT,11,10
2008-09-18 15:00:00.000,2008,9,18,15,02004KT,16,10
2008-09-18 16:00:00.000,2008,9,18,16,02004KT,16,10
2008-09-18 17:00:00.000,2008,9,18,17,03004KT,18,09
2008-09-18 18:00:00.000,2008,9,18,18,08004KT,19,09
2008-09-18 19:00:00.000,2008,9,18,19,34004KT,19,07
2008-09-18 20:00:00.000,2008,9,18,20,33012KT,18,09
2008-09-18 21:00:00.000,2008,9,18,21,29014KT,14,14
2008-09-18 22:00:00.000,2008,9,18,22,26006KT,13,13
2008-09-18 23:00:00.000,2008,9,18,23,28004KT,13,11
2008-09-19 00:00:00.000,2008,9,19,0,29003KT,12,11
2008-09-19 01:00:00.000,2008,9,19,1,03003KT,12,11
2008-09-19 02:00:00.000,2008,9,19,2,02004KT,12,10
2008-09-19 03:00:00.000,2008,9,19,3,VRB02KT,11,10
2008-09-19 04:00:00.000,2008,9,19,4,VRB02KT,11,10
2008-09-19 05:00:00.000,2008,9,19,5,34004KT,10,09
2008-09-19 06:00:00.000,2008,9,19,6,VRB02KT,09,09
2008-09-19 07:00:00.000,2008,9,19,7,00000KT,10,09
2008-09-19 08:00:00.000,2008,9,19,8,VRB02KT,10,09
2008-09-19 09:00:00.000,2008,9,19,9,31004KT,09,09
2008-09-19 10:00:00.000,2008,9,19,10,VRB02KT,08,08
2008-09-19 11:00:00.000,2008,9,19,11,VRB02KT,08,07
2008-09-19 12:00:00.000,2008,9,19,12,31004KT,09,09
2008-09-19 13:00:00.000,2008,9,19,13,VRB02KT,12,11
2008-09-19 14:00:00.000,2008,9,19,14,04004KT,13,11
2008-09-19 15:00:00.000,2008,9,19,15,VRB02KT,15,11
2008-09-19 16:00:00.000,2008,9,19,16,VRB02KT,17,09
2008-09-19 17:00:00.000,2008,9,19,17,24012KT,13,12
2008-09-19 18:00:00.000,2008,9,19,18,26007KT,12,11
2008-09-19 19:00:00.000,2008,9,19,19,26005KT,12,11
2008-09-19 20:00:00.000,2008,9,19,20,32006KT,13,12
2008-09-19 21:00:00.000,2008,9,19,21,35003KT,13,12
2008-09-19 22:00:00.000,2008,9,19,22,VRB02KT,13,12
2008-09-19 23:00:00.000,2008,9,19,23,VRB02KT,12,12
2008-09-20 00:00:00.000,2008,9,20,0,00000KT,12,12
2008-09-20 01:00:00.000,2008,9,20,1,00000KT,12,12
2008-09-20 02:00:00.000,2008,9,20,2,00000KT,12,11
2008-09-20 03:00:00.000,2008,9,20,3,00000KT,11,11
2008-09-20 04:00:00.000,2008,9,20,4,00000KT,11,11
2008-09-20 05:00:00.000,2008,9,20,5,00000KT,11,11
2008-09-20 06:00:00.000,2008,9,20,6,00000KT,09,09
2008-09-20 07:00:00.000,2008,9,20,7,00000KT,09,09
2008-09-20 08:00:00.000,2008,9,20,8,00000KT,09,09
2008-09-20 09:00:00.000,2008,9,20,9,00000KT,09,09
2008-09-20 10:00:00.000,2008,9,20,10,00000KT,10,10
2008-09-20 11:00:00.000,2008,9,20,11,09003KT,10,10
2008-09-20 12:00:00.000,2008,9,20,12,03003KT,10,10
2008-09-20 13:00:00.000,2008,9,20,13,03004KT,11,10
2008-09-20 14:00:00.000,2008,9,20,14,30003KT,15,12
2008-09-20 16:00:00.000,2008,9,20,16,16012KT,18,09
2008-09-20 17:00:00.000,2008,9,20,17,15010KT,18,07
2008-09-20 18:00:00.000,2008,9,20,18,16008KT,18,07
2008-09-20 19:00:00.000,2008,9,20,19,22009KT,18,11
2008-09-20 20:00:00.000,2008,9,20,20,24010KT,17,12
2008-09-20 21:00:00.000,2008,9,20,21,23010KT,17,12
2008-09-20 22:00:00.000,2008,9,20,22,24010KT,15,13
2008-09-20 23:00:00.000,2008,9,20,23,28005KT,13,12
2008-09-21 00:00:00.000,2008,9,21,0,31004KT,12,11
2008-09-21 01:00:00.000,2008,9,21,1,36003KT,12,11
2008-09-21 02:00:00.000,2008,9,21,2,VRB02KT,10,10
2008-09-21 03:00:00.000,2008,9,21,3,VRB02KT,11,11
2008-09-21 04:00:00.000,2008,9,21,4,33004KT,10,10
2008-09-21 05:00:00.000,2008,9,21,5,31003KT,10,09
2008-09-21 06:00:00.000,2008,9,21,6,28007KT,10,09
2008-09-21 07:00:00.000,2008,9,21,7,VRB02KT,10,09
2008-09-21 08:00:00.000,2008,9,21,8,0000OKT,10,09
2008-09-21 09:00:00.000,2008,9,21,9,VRB02KT,10,09
2008-09-21 10:00:00.000,2008,9,21,10,VRB02KT,09,09
2008-09-21 11:00:00.000,2008,9,21,11,VRB02KT,09,09
2008-09-21 12:00:00.000,2008,9,21,12,VRB02KT,11,11
2008-09-21 13:00:00.000,2008,9,21,13,01005KT,12,12
2008-09-21 14:00:00.000,2008,9,21,14,00000KT,14,12
2008-09-21 15:00:00.000,2008,9,21,15,VRB02KT,15,11
2008-09-21 16:00:00.000,2008,9,21,16,12007KT,17,09
2008-09-21 17:00:00.000,2008,9,21,17,12008KT,18,08
2008-09-21 18:00:00.000,2008,9,21,18,09009KT,18,08
2008-09-21 19:00:00.000,2008,9,21,19,12004KT,19,09
2008-09-21 20:00:00.000,2008,9,21,20,14007KT,17,07
2008-09-21 21:00:00.000,2008,9,21,21,14004KT,18,08
2008-09-21 22:00:00.000,2008,9,21,22,16004KT,18,08
2008-09-21 23:00:00.000,2008,9,21,23,17004KT,18,08
2008-09-22 00:00:00.000,2008,9,22,0,14007KT,15,09
2008-09-22 01:00:00.000,2008,9,22,1,16012KT,14,09
2008-09-22 02:00:00.000,2008,9,22,2,35006KT,14,09
2008-09-22 03:00:00.000,2008,9,22,3,02006KT,12,09
2008-09-22 04:00:00.000,2008,9,22,4,02003KT,12,10
2008-09-22 05:00:00.000,2008,9,22,5,36004KT,11,10
2008-09-22 07:00:00.000,2008,9,22,7,02004KT,11,10
2008-09-22 08:00:00.000,2008,9,22,8,02003KT,11,10
2008-09-22 11:00:00.000,2008,9,22,11,03005KT,10,10
2008-09-22 12:00:00.000,2008,9,22,12,07008KT,11,11
2008-09-22 13:00:00.000,2008,9,22,13,09007KT,13,11
2008-09-22 14:00:00.000,2008,9,22,14,13006KT,14,10
2008-09-22 15:00:00.000,2008,9,22,15,12012KT,16,10
2008-09-22 16:00:00.000,2008,9,22,16,14012KT,17,08
2008-09-22 17:00:00.000,2008,9,22,17,14006KT,16,09
2008-09-22 18:00:00.000,2008,9,22,18,16012KT,18,10
2008-09-22 21:00:00.000,2008,9,22,21,14006KT,16,08
2008-09-22 22:00:00.000,2008,9,22,22,13013KT,15,10
2008-09-22 23:00:00.000,2008,9,22,23,11010KT,14,09
2008-09-23 00:00:00.000,2008,9,23,0,13007KT,14,09
2008-09-23 01:00:00.000,2008,9,23,1,02004KT,13,10
2008-09-23 02:00:00.000,2008,9,23,2,VRB02KT,11,10
2008-09-23 03:00:00.000,2008,9,23,3,05005KT,11,10
2008-09-23 04:00:00.000,2008,9,23,4,00000KT,10,10
2008-09-23 05:00:00.000,2008,9,23,5,00000KT,09,09
2008-09-23 06:00:00.000,2008,9,23,6,05004KT,10,09
2008-09-23 07:00:00.000,2008,9,23,7,36004KT,09,09
2008-09-23 08:00:00.000,2008,9,23,8,00000KT,09,08
2008-09-23 09:00:00.000,2008,9,23,9,VRB02KT,08,07
2008-09-23 10:00:00.000,2008,9,23,10,00000KT,08,08
2008-09-23 11:00:00.000,2008,9,23,11,00000KT,08,08
2008-09-23 12:00:00.000,2008,9,23,12,02003KT,10,09
2008-09-23 13:00:00.000,2008,9,23,13,00000KT,12,10
2008-09-23 14:00:00.000,2008,9,23,14,26005KT,13,10
2008-09-23 15:00:00.000,2008,9,23,15,VRB02KT,16,09
2008-09-23 16:00:00.000,2008,9,23,16,26007KT,18,10
2008-09-23 17:00:00.000,2008,9,23,17,34004KT,17,09
2008-09-23 18:00:00.000,2008,9,23,18,22004KT,17,12
2008-09-23 19:00:00.000,2008,9,23,19,27012KT,13,13
2008-09-23 20:00:00.000,2008,9,23,20,29012KT,13,13
2008-09-23 21:00:00.000,2008,9,23,21,25005KT,14,13
2008-09-23 22:00:00.000,2008,9,23,22,27009KT,14,13
2008-09-23 23:00:00.000,2008,9,23,23,33004KT,12,12
2008-09-24 00:00:00.000,2008,9,24,0,34003KT,12,11
2008-09-24 01:00:00.000,2008,9,24,1,00000KT,10,10
2008-09-24 02:00:00.000,2008,9,24,2,24003KT,10,10
2008-09-24 03:00:00.000,2008,9,24,3,00000KT,10,10
2008-09-24 04:00:00.000,2008,9,24,4,28003KT,10,10
2008-09-24 05:00:00.000,2008,9,24,5,00000KT,09,09
2008-09-24 06:00:00.000,2008,9,24,6,00000KT,09,09
2008-09-24 08:00:00.000,2008,9,24,8,VRB02KT,08,08
2008-09-24 09:00:00.000,2008,9,24,9,00000KT,07,07
2008-09-24 10:00:00.000,2008,9,24,10,00000KT,08,08
2008-09-24 11:00:00.000,2008,9,24,11,00000KT,08,08
2008-09-24 12:00:00.000,2008,9,24,12,00000KT,08,08
2008-09-24 13:00:00.000,2008,9,24,13,00000KT,10,10
2008-09-24 14:00:00.000,2008,9,24,14,00000KT,11,11
2008-09-24 15:00:00.000,2008,9,24,15,30005KT,14,13
2008-09-24 16:00:00.000,2008,9,24,16,VRB02KT,16,11
2008-09-24 17:00:00.000,2008,9,24,17,31004KT,18,11
2008-09-24 18:00:00.000,2008,9,24,18,27010KT,17,11
2008-09-24 19:00:00.000,2008,9,24,19,28012KT,17,13
2008-09-24 20:00:00.000,2008,9,24,20,28008KT,17,12
2008-09-24 21:00:00.000,2008,9,24,21,25010KT,16,12
2008-09-24 22:00:00.000,2008,9,24,22,31006KT,15,14
2008-09-24 23:00:00.000,2008,9,24,23,VRB02KT,14,13
2008-09-25 00:00:00.000,2008,9,25,0,34005KT,13,12
2008-09-25 01:00:00.000,2008,9,25,1,02004KT,13,12
2008-09-25 02:00:00.000,2008,9,25,2,30003KT,12,11
2008-09-25 03:00:00.000,2008,9,25,3,VRB02KT,12,11
2008-09-25 04:00:00.000,2008,9,25,4,00000KT,12,11
2008-09-25 05:00:00.000,2008,9,25,5,VRB02KT,11,11
2008-09-25 06:00:00.000,2008,9,25,6,00000KT,11,11
2008-09-25 07:00:00.000,2008,9,25,7,00000KT,11,11
2008-09-25 08:00:00.000,2008,9,25,8,00000KT,11,11
2008-09-25 09:00:00.000,2008,9,25,9,00000KT,11,11
2008-09-25 10:00:00.000,2008,9,25,10,VRB02KT,11,11
2008-09-25 11:00:00.000,2008,9,25,11,06005KT,11,11
2008-09-25 12:00:00.000,2008,9,25,12,05004KT,12,11
2008-09-25 13:00:00.000,2008,9,25,13,02004KT,12,12
2008-09-25 14:00:00.000,2008,9,25,14,VRB02KT,14,13
2008-09-25 15:00:00.000,2008,9,25,15,16003KT,15,12
2008-09-25 16:00:00.000,2008,9,25,16,14005KT,17,12
2008-09-25 17:00:00.000,2008,9,25,17,16005KT,18,10
2008-09-25 18:00:00.000,2008,9,25,18,08012KT,18,10
2008-09-25 19:00:00.000,2008,9,25,19,10005KT,20,12
2008-09-25 20:00:00.000,2008,9,25,20,12010KT,19,09
2008-09-25 21:00:00.000,2008,9,25,21,12010KT,18,11
2008-09-25 22:00:00.000,2008,9,25,22,11010KT,17,10
2008-09-25 23:00:00.000,2008,9,25,23,10006KT,16,09
2008-09-26 00:00:00.000,2008,9,26,0,16004KT,15,10
2008-09-26 01:00:00.000,2008,9,26,1,VRB02KT,13,11
2008-09-26 02:00:00.000,2008,9,26,2,00000KT,12,11
2008-09-26 03:00:00.000,2008,9,26,3,02005KT,13,11
2008-09-26 04:00:00.000,2008,9,26,4,VRB02KT,11,11
2008-09-26 05:00:00.000,2008,9,26,5,02004KT,11,11
2008-09-26 07:00:00.000,2008,9,26,7,VRB02KT,09,09
2008-09-26 08:00:00.000,2008,9,26,8,00000KT,10,09
2008-09-26 09:00:00.000,2008,9,26,9,05004KT,09,08
2008-09-26 10:00:00.000,2008,9,26,10,04005KT,09,08
2008-09-26 11:00:00.000,2008,9,26,11,00000KT,09,09
2008-09-26 12:00:00.000,2008,9,26,12,00000KT,10,09
2008-09-26 13:00:00.000,2008,9,26,13,02005KT,12,11
2008-09-26 14:00:00.000,2008,9,26,14,03003KT,13,11
2008-09-26 15:00:00.000,2008,9,26,15,10005KT,15,11
2008-09-26 16:00:00.000,2008,9,26,16,18010KT,17,09
2008-09-26 17:00:00.000,2008,9,26,17,16014KT,16,08
2008-09-26 18:00:00.000,2008,9,26,18,14012KT,16,08
2008-09-26 19:00:00.000,2008,9,26,19,16008KT,16,09
2008-09-26 20:00:00.000,2008,9,26,20,14008KT,17,09
2008-09-26 21:00:00.000,2008,9,26,21,23010KT,17,09
2008-09-26 22:00:00.000,2008,9,26,22,24006KT,15,11
2008-09-26 23:00:00.000,2008,9,26,23,27004KT,14,11
2008-09-27 00:00:00.000,2008,9,27,0,30004KT,13,12
2008-09-27 01:00:00.000,2008,9,27,1,34003KT,12,12
2008-09-27 02:00:00.000,2008,9,27,2,VRB02KT,12,11
2008-09-27 03:00:00.000,2008,9,27,3,34004KT,12,11
2008-09-27 04:00:00.000,2008,9,27,4,34004KT,11,11
2008-09-27 05:00:00.000,2008,9,27,5,33003KT,11,11
2008-09-27 06:00:00.000,2008,9,27,6,VRB02KT,11,11
2008-09-27 07:00:00.000,2008,9,27,7,00000KT,10,10
2008-09-27 08:00:00.000,2008,9,27,8,31003KT,10,10
2008-09-27 09:00:00.000,2008,9,27,9,00000KT,10,10
2008-09-27 10:00:00.000,2008,9,27,10,00000KT,11,11
2008-09-27 11:00:00.000,2008,9,27,11,VRB02KT,11,11
2008-09-27 12:00:00.000,2008,9,27,12,VRB02KT,11,11
2008-09-27 13:00:00.000,2008,9,27,13,00000KT,12,12
2008-09-27 15:00:00.000,2008,9,27,15,00000KT,16,14
2008-09-27 16:00:00.000,2008,9,27,16,00000KT,17,13
2008-09-27 17:00:00.000,2008,9,27,17,29004KT,18,14
2008-09-27 18:00:00.000,2008,9,27,18,30009KT,17,14
2008-09-27 19:00:00.000,2008,9,27,19,28006KT,16,15
2008-09-27 20:00:00.000,2008,9,27,20,29004KT,14,14
2008-09-27 21:00:00.000,2008,9,27,21,26007KT,14,14
2008-09-27 22:00:00.000,2008,9,27,22,30008KT,15,14
2008-09-27 23:00:00.000,2008,9,27,23,26004KT,14,12
2008-09-28 00:00:00.000,2008,9,28,0,00000KT,13,12
2008-09-28 01:00:00.000,2008,9,28,1,VRB02KT,12,11
2008-09-28 02:00:00.000,2008,9,28,2,VRB02KT,13,11
2008-09-28 03:00:00.000,2008,9,28,3,VRB02KT,13,11
2008-09-28 04:00:00.000,2008,9,28,4,03005KT,12,11
2008-09-28 05:00:00.000,2008,9,28,5,00000KT,10,10
2008-09-28 06:00:00.000,2008,9,28,6,05003KT,10,10
2008-09-28 07:00:00.000,2008,9,28,7,36003KT,10,09
2008-09-28 08:00:00.000,2008,9,28,8,00000KT,10,10
2008-09-28 09:00:00.000,2008,9,28,9,26007KT,08,09
2008-09-28 10:00:00.000,2008,9,28,10,VRB02KT,08,08
2008-09-28 11:00:00.000,2008,9,28,11,00000KT,07,07
2008-09-28 12:00:00.000,2008,9,28,12,27002KT,10,10
2008-09-28 14:00:00.000,2008,9,28,14,00000KT,15,12
2008-09-28 15:00:00.000,2008,9,28,15,32007KT,16,12
2008-09-28 16:00:00.000,2008,9,28,16,35008KT,17,11
2008-09-28 17:00:00.000,2008,9,28,17,05004KT,18,10
2008-09-28 18:00:00.000,2008,9,28,18,24004KT,16,11
2008-09-28 19:00:00.000,2008,9,28,19,26010KT,15,14
2008-09-28 20:00:00.000,2008,9,28,20,VRB02KT,14,14
2008-09-28 21:00:00.000,2008,9,28,21,25007KT,15,14
2008-09-28 23:00:00.000,2008,9,28,23,32004KT,14,13
2008-09-29 00:00:00.000,2008,9,29,0,00000KT,12,11
2008-09-29 01:00:00.000,2008,9,29,1,VRB02KT,12,11
2008-09-29 02:00:00.000,2008,9,29,2,VRB02KT,12,11
2008-09-29 03:00:00.000,2008,9,29,3,VRB02KT,12,11
2008-09-29 04:00:00.000,2008,9,29,4,04005KT,11,11
2008-09-29 06:00:00.000,2008,9,29,6,34003KT,10,10
2008-09-29 07:00:00.000,2008,9,29,7,VRB02KT,09,09
2008-09-29 08:00:00.000,2008,9,29,8,VRB02KT,09,09
2008-09-29 11:00:00.000,2008,9,29,11,24004KT,07,07
2008-09-29 12:00:00.000,2008,9,29,12,00000KT,08,08
2008-09-29 13:00:00.000,2008,9,29,13,02004KT,12,11
2008-09-29 14:00:00.000,2008,9,29,14,VRB02KT,15,12
2008-09-29 15:00:00.000,2008,9,29,15,17010KT,14,12
2008-09-29 16:00:00.000,2008,9,29,16,15010KT,13,12
2008-09-29 17:00:00.000,2008,9,29,17,14008KT,13,12
2008-09-29 18:00:00.000,2008,9,29,18,09009KT,13,11
2008-09-29 19:00:00.000,2008,9,29,19,VRB02KT,16,10
2008-09-29 20:00:00.000,2008,9,29,20,11004KT,17,09
2008-09-29 21:00:00.000,2008,9,29,21,13004KT,17,08
2008-09-29 22:00:00.000,2008,9,29,22,VRB02KT,17,08
2008-09-29 23:00:00.000,2008,9,29,23,15005KT,15,09
2008-09-30 00:00:00.000,2008,9,30,0,10004KT,15,08
2008-09-30 01:00:00.000,2008,9,30,1,13004KT,14,09
2008-09-30 02:00:00.000,2008,9,30,2,08005KT,13,10
2008-09-30 03:00:00.000,2008,9,30,3,00000KT,12,11
2008-09-30 04:00:00.000,2008,9,30,4,05005KT,11,11
2008-09-30 05:00:00.000,2008,9,30,5,00000KT,11,10
2008-09-30 08:00:00.000,2008,9,30,8,00000KT,09,08
2008-09-30 10:00:00.000,2008,9,30,10,00000KT,08,08
2008-09-30 11:00:00.000,2008,9,30,11,00000KT,08,08
2008-09-30 12:00:00.000,2008,9,30,12,02004KT,10,09
2008-09-30 13:00:00.000,2008,9,30,13,35003KT,11,09
2008-09-30 14:00:00.000,2008,9,30,14,VRB02KT,14,10
2008-09-30 15:00:00.000,2008,9,30,15,12006KT,16,11
2008-09-30 16:00:00.000,2008,9,30,16,15010KT,17,08
2008-09-30 17:00:00.000,2008,9,30,17,16014KT,18,09
2008-09-30 18:00:00.000,2008,9,30,18,18008KT,18,09
2008-09-30 19:00:00.000,2008,9,30,19,13010KT,18,08
2008-09-30 20:00:00.000,2008,9,30,20,07008KT,18,08
2008-09-30 21:00:00.000,2008,9,30,21,03004KT,18,08
2008-09-30 22:00:00.000,2008,9,30,22,26010KT,17,13
2008-09-30 23:00:00.000,2008,9,30,23,27006KT,15,13
2008-10-01 00:00:00.000,2008,10,1,0,30003KT,14,13
2008-10-01 01:00:00.000,2008,10,1,1,24003KT,13,13
2008-10-01 02:00:00.000,2008,10,1,2,23004KT,12,12
2008-10-01 04:00:00.000,2008,10,1,4,VRB02KT,12,11
2008-10-01 05:00:00.000,2008,10,1,5,VRB02KT,10,10
2008-10-01 06:00:00.000,2008,10,1,6,04004KT,11,11
2008-10-01 07:00:00.000,2008,10,1,7,04003KT,11,11
2008-10-01 08:00:00.000,2008,10,1,8,03007KT,11,11
2008-10-01 09:00:00.000,2008,10,1,9,04006KT,10,10
2008-10-01 10:00:00.000,2008,10,1,10,02003KT,09,09
2008-10-01 11:00:00.000,2008,10,1,11,03004KT,09,09
2008-10-01 12:00:00.000,2008,10,1,12,02004KT,10,10
2008-10-01 13:00:00.000,2008,10,1,13,01005KT,13,12
2008-10-01 14:00:00.000,2008,10,1,14,00000KT,15,11
2008-10-01 15:00:00.000,2008,10,1,15,00000KT,16,11
2008-10-01 16:00:00.000,2008,10,1,16,00000KT,15,11
2008-10-01 17:00:00.000,2008,10,1,17,12007KT,17,10
2008-10-01 18:00:00.000,2008,10,1,18,28008KT,17,10
2008-10-01 19:00:00.000,2008,10,1,19,27012KT,15,13
2008-10-01 20:00:00.000,2008,10,1,20,22010KT,14,13
2008-10-01 21:00:00.000,2008,10,1,21,23008KT,14,13
2008-10-01 22:00:00.000,2008,10,1,22,29005KT,13,12
2008-10-01 23:00:00.000,2008,10,1,23,33005KT,12,12
2008-10-02 00:00:00.000,2008,10,2,0,VRB02KT,12,11
2008-10-02 01:00:00.000,2008,10,2,1,03004KT,10,10
2008-10-02 02:00:00.000,2008,10,2,2,VRB02KT,10,10
2008-10-02 03:00:00.000,2008,10,2,3,35005KT,10,09
2008-10-02 05:00:00.000,2008,10,2,5,VRB02KT,09,09
2008-10-02 06:00:00.000,2008,10,2,6,36004KT,10,09
2008-10-02 07:00:00.000,2008,10,2,7,00000KT,10,10
2008-10-02 08:00:00.000,2008,10,2,8,000000KT,,
2008-10-02 09:00:00.000,2008,10,2,9,00000KT,08,08
2008-10-02 10:00:00.000,2008,10,2,10,VRB02KT,07,07
2008-10-02 11:00:00.000,2008,10,2,11,VRB02KT,08,08
2008-10-02 12:00:00.000,2008,10,2,12,02005KT,11,10
2008-10-02 13:00:00.000,2008,10,2,13,02006KT,12,11
2008-10-02 14:00:00.000,2008,10,2,14,03008KT,14,12
2008-10-02 15:00:00.000,2008,10,2,15,02010KT,15,12
2008-10-02 16:00:00.000,2008,10,2,16,05008KT,17,13
2008-10-02 17:00:00.000,2008,10,2,17,06008KT,16,12
2008-10-02 18:00:00.000,2008,10,2,18,03007KT,16,12
2008-10-02 19:00:00.000,2008,10,2,19,18007KT,16,11
2008-10-02 20:00:00.000,2008,10,2,20,18010KT,17,11
2008-10-02 21:00:00.000,2008,10,2,21,11012KT,17,10
2008-10-02 22:00:00.000,2008,10,2,22,14006KT,16,09
2008-10-02 23:00:00.000,2008,10,2,23,10005KT,15,09
2008-10-03 00:00:00.000,2008,10,3,0,00000KT,13,10
2008-10-03 02:00:00.000,2008,10,3,2,00000KT,10,10
2008-10-03 03:00:00.000,2008,10,3,3,00000KT,10,10
2008-10-03 04:00:00.000,2008,10,3,4,VRB02KT,09,09
2008-10-03 05:00:00.000,2008,10,3,5,VRB02KT,09,09
2008-10-03 06:00:00.000,2008,10,3,6,00000KT,07,07
2008-10-03 09:00:00.000,2008,10,3,9,00000KT,05,04
2008-10-03 11:00:00.000,2008,10,3,11,00000KT,04,03
2008-10-03 12:00:00.000,2008,10,3,12,VRB02KT,06,06
2008-10-03 13:00:00.000,2008,10,3,13,VRB02KT,08,08
2008-10-03 14:00:00.000,2008,10,3,14,VRB02KT,13,10
2008-10-03 15:00:00.000,2008,10,3,15,02006KT,15,10
2008-10-03 16:00:00.000,2008,10,3,16,35005KT,16,08
2008-10-03 17:00:00.000,2008,10,3,17,VRB02KT,18,06
2008-10-03 18:00:00.000,2008,10,3,18,30004KT,20,11
2008-10-03 19:00:00.000,2008,10,3,19,21006KT,16,14
2008-10-03 20:00:00.000,2008,10,3,20,30006KT,17,14
2008-10-03 21:00:00.000,2008,10,3,21,23006KT,16,12
2008-10-03 22:00:00.000,2008,10,3,22,24008KT,15,12
2008-10-03 23:00:00.000,2008,10,3,23,26008KT,13,12
2008-10-04 00:00:00.000,2008,10,4,0,32005KT,13,12
2008-10-04 02:00:00.000,2008,10,4,2,29004KT,13,13
2008-10-04 03:00:00.000,2008,10,4,3,VRB02KT,12,12
2008-10-04 04:00:00.000,2008,10,4,4,VRB02KT,12,11
2008-10-04 05:00:00.000,2008,10,4,5,00000KT,11,11
2008-10-04 06:00:00.000,2008,10,4,6,VRB02KT,10,10
2008-10-04 07:00:00.000,2008,10,4,7,VRB02KT,10,10
2008-10-04 08:00:00.000,2008,10,4,8,VRB02KT,10,09
2008-10-04 09:00:00.000,2008,10,4,9,25004KT,08,08
2008-10-04 10:00:00.000,2008,10,4,10,VRB02KT,07,07
2008-10-04 12:00:00.000,2008,10,4,12,VRB02KT,07,07
2008-10-04 13:00:00.000,2008,10,4,13,00000KT,10,10
2008-10-04 14:00:00.000,2008,10,4,14,32005KT,12,12
2008-10-04 15:00:00.000,2008,10,4,15,VRB02KT,15,11
2008-10-04 18:00:00.000,2008,10,4,18,28004KT,18,10
2008-10-04 19:00:00.000,2008,10,4,19,27009KT,17,11
2008-10-04 20:00:00.000,2008,10,4,20,28010KT,15,14
2008-10-04 21:00:00.000,2008,10,4,21,26009KT,16,14
2008-10-05 00:00:00.000,2008,10,5,0,31007KT,13,12
2008-10-05 01:00:00.000,2008,10,5,1,02004KT,11,11
2008-10-05 04:00:00.000,2008,10,5,4,VRB02KT,11,11
2008-10-05 08:00:00.000,2008,10,5,8,26004KT,11,11
2008-10-05 10:00:00.000,2008,10,5,10,VRB02KT,11,11
2008-10-05 11:00:00.000,2008,10,5,11,30005KT,11,10
2008-10-05 12:00:00.000,2008,10,5,12,28004KT,11,11
2008-10-05 13:00:00.000,2008,10,5,13,00000KT,11,11
2008-10-05 14:00:00.000,2008,10,5,14,0000KT,12,12
2008-10-05 15:00:00.000,2008,10,5,15,VRB02KT,14,14
2008-10-05 16:00:00.000,2008,10,5,16,15005KT,16,13
2008-10-05 17:00:00.000,2008,10,5,17,14005KT,15,13
2008-10-05 18:00:00.000,2008,10,5,18,34007KT,13,12
2008-10-05 20:00:00.000,2008,10,5,20,22006KT,13,12
2008-10-05 21:00:00.000,2008,10,5,21,19006KT,13,13
2008-10-05 22:00:00.000,2008,10,5,22,18006KT,13,13
2008-10-06 01:00:00.000,2008,10,6,1,31004KT,11,11
2008-10-06 02:00:00.000,2008,10,6,2,04004KT,10,10
2008-10-06 03:00:00.000,2008,10,6,3,05005KT,10,10
2008-10-06 04:00:00.000,2008,10,6,4,VRB02KT,10,10
2008-10-06 05:00:00.000,2008,10,6,5,VRB02KT,10,10
2008-10-06 06:00:00.000,2008,10,6,6,VRB02KT,10,10
2008-10-06 07:00:00.000,2008,10,6,7,00000KT,10,10
2008-10-06 08:00:00.000,2008,10,6,8,00000KT,10,10
2008-10-06 09:00:00.000,2008,10,6,9,VRB02KT,10,10
2008-10-06 10:00:00.000,2008,10,6,10,VRB02KT,10,10
2008-10-06 11:00:00.000,2008,10,6,11,03003KT,11,10
2008-10-06 12:00:00.000,2008,10,6,12,06005KT,11,10
2008-10-06 13:00:00.000,2008,10,6,13,03005KT,12,11
2008-10-06 14:00:00.000,2008,10,6,14,05006KT,14,10
2008-10-06 15:00:00.000,2008,10,6,15,06004KT,15,11
2008-10-06 16:00:00.000,2008,10,6,16,10004KT,15,12
2008-10-06 17:00:00.000,2008,10,6,17,03006KT,13,12
2008-10-06 18:00:00.000,2008,10,6,18,32004KT,14,13
2008-10-06 19:00:00.000,2008,10,6,19,26006KT,14,13
2008-10-06 20:00:00.000,2008,10,6,20,25008KT,13,13
2008-10-06 21:00:00.000,2008,10,6,21,31006KT,12,12
2008-10-06 22:00:00.000,2008,10,6,22,28003KT,12,12
2008-10-06 23:00:00.000,2008,10,6,23,26004KT,12,12
2008-10-07 01:00:00.000,2008,10,7,1,00000KT,11,11
2008-10-07 02:00:00.000,2008,10,7,2,00000KT,12,11
2008-10-07 03:00:00.000,2008,10,7,3,00000KT,11,11
2008-10-07 04:00:00.000,2008,10,7,4,00000KT,11,11
2008-10-07 05:00:00.000,2008,10,7,5,00000KT,11,11
2008-10-07 06:00:00.000,2008,10,7,6,34004KT,11,11
2008-10-07 07:00:00.000,2008,10,7,7,00000KT,11,10
2008-10-07 08:00:00.000,2008,10,7,8,VRB02KT,10,10
2008-10-07 09:00:00.000,2008,10,7,9,00000KT,09,09
2008-10-07 10:00:00.000,2008,10,7,10,00000KT,09,08
2008-10-07 11:00:00.000,2008,10,7,11,00000KT,09,09
2008-10-07 12:00:00.000,2008,10,7,12,25003KT,10,10
2008-10-07 13:00:00.000,2008,10,7,13,VRB02KT,10,10
2008-10-07 14:00:00.000,2008,10,7,14,VRB02KT,11,10
2008-10-07 15:00:00.000,2008,10,7,15,19005KT,12,11
2008-10-07 16:00:00.000,2008,10,7,16,16004KT,12,12
2008-10-07 17:00:00.000,2008,10,7,17,11005KT,14,13
2008-10-07 18:00:00.000,2008,10,7,18,16007KT,15,13
2008-10-07 19:00:00.000,2008,10,7,19,17007KT,14,12
2008-10-07 20:00:00.000,2008,10,7,20,16008KT,15,09
2008-10-07 21:00:00.000,2008,10,7,21,18008KT,14,12
2008-10-07 22:00:00.000,2008,10,7,22,22005KT,13,12
2008-10-07 23:00:00.000,2008,10,7,23,15003KT,13,11
2008-10-08 00:00:00.000,2008,10,8,0,26004KT,12,12
2008-10-08 01:00:00.000,2008,10,8,1,VRB02KT,12,11
2008-10-08 02:00:00.000,2008,10,8,2,VRB02KT,10,10
2008-10-08 03:00:00.000,2008,10,8,3,03004KT,11,10
2008-10-08 04:00:00.000,2008,10,8,4,VRB02KT,11,10
2008-10-08 05:00:00.000,2008,10,8,5,VRB02KT,10,10
2008-10-08 06:00:00.000,2008,10,8,6,00000KT,10,10
2008-10-08 07:00:00.000,2008,10,8,7,VRB02KT,10,10
2008-10-08 08:00:00.000,2008,10,8,8,00000KT,10,10
2008-10-08 09:00:00.000,2008,10,8,9,VRB02KT,10,10
2008-10-08 10:00:00.000,2008,10,8,10,VRB02KT,09,09
2008-10-08 11:00:00.000,2008,10,8,11,VRB02KT,09,09
2008-10-08 12:00:00.000,2008,10,8,12,00000KT,11,11
2008-10-08 13:00:00.000,2008,10,8,13,11006KT,13,10
2008-10-08 14:00:00.000,2008,10,8,14,16008KT,14,10
2008-10-08 15:00:00.000,2008,10,8,15,16012KT,15,11
2008-10-08 16:00:00.000,2008,10,8,16,13012KT,16,11
2008-10-08 17:00:00.000,2008,10,8,17,15012KT,16,10
2008-10-08 18:00:00.000,2008,10,8,18,17014KT,16,10
2008-10-08 19:00:00.000,2008,10,8,19,16012KT,17,10
2008-10-08 20:00:00.000,2008,10,8,20,16016KT,18,10
2008-10-08 21:00:00.000,2008,10,8,21,16012KT,16,08
2008-10-08 22:00:00.000,2008,10,8,22,18008KT,15,08
2008-10-08 23:00:00.000,2008,10,8,23,17010KT,14,08
2008-10-09 00:00:00.000,2008,10,9,0,00000KT,13,08
2008-10-09 01:00:00.000,2008,10,9,1,00000KT,11,09
2008-10-09 02:00:00.000,2008,10,9,2,00000KT,11,10
2008-10-09 03:00:00.000,2008,10,9,3,00000KT,11,10
2008-10-09 04:00:00.000,2008,10,9,4,33004KT,11,11
2008-10-09 05:00:00.000,2008,10,9,5,00000KT,11,11
2008-10-09 07:00:00.000,2008,10,9,7,00000KT,09,09
2008-10-09 08:00:00.000,2008,10,9,8,00000KT,09,09
2008-10-09 09:00:00.000,2008,10,9,9,27004KT,08,08
2008-10-09 10:00:00.000,2008,10,9,10,00000KT,09,09
2008-10-09 11:00:00.000,2008,10,9,11,VRB02KT,09,08
2008-10-09 12:00:00.000,2008,10,9,12,VRB02KT,09,09
2008-10-09 13:00:00.000,2008,10,9,13,02004KT,13,11
2008-10-09 14:00:00.000,2008,10,9,14,12005KT,15,12
2008-10-09 15:00:00.000,2008,10,9,15,22004KT,16,10
2008-10-09 16:00:00.000,2008,10,9,16,34004KT,17,11
2008-10-09 17:00:00.000,2008,10,9,17,23004KT,18,11
2008-10-09 18:00:00.000,2008,10,9,18,27010KT,17,13
2008-10-09 19:00:00.000,2008,10,9,19,31010KT,16,13
2008-10-09 20:00:00.000,2008,10,9,20,27012KT,16,13
2008-10-09 21:00:00.000,2008,10,9,21,29010KT,16,13
2008-10-09 22:00:00.000,2008,10,9,22,28009KT,15,12
2008-10-09 23:00:00.000,2008,10,9,23,25006KT,14,13
2008-10-10 00:00:00.000,2008,10,10,0,VRB02KT,13,12
2008-10-10 01:00:00.000,2008,10,10,1,00000KT,12,12
2008-10-10 02:00:00.000,2008,10,10,2,00000KT,12,12
2008-10-10 03:00:00.000,2008,10,10,3,00000KT,12,12
2008-10-10 04:00:00.000,2008,10,10,4,00000KT,12,11
2008-10-10 05:00:00.000,2008,10,10,5,00000KT,11,11
2008-10-10 06:00:00.000,2008,10,10,6,00000KT,10,10
2008-10-10 08:00:00.000,2008,10,10,8,00000KT,10,10
2008-10-10 10:00:00.000,2008,10,10,10,00000KT,11,11
2008-10-10 11:00:00.000,2008,10,10,11,00000KT,11,11
2008-10-10 12:00:00.000,2008,10,10,12,00000KT,12,11
2008-10-10 13:00:00.000,2008,10,10,13,00000KT,14,13
2008-10-10 14:00:00.000,2008,10,10,14,32004KT,14,13
2008-10-10 15:00:00.000,2008,10,10,15,30005KT,15,13
2008-10-10 16:00:00.000,2008,10,10,16,29004KT,15,12
2008-10-10 17:00:00.000,2008,10,10,17,VRB02KT,15,12
2008-10-10 18:00:00.000,2008,10,10,18,26006KT,13,12
2008-10-10 19:00:00.000,2008,10,10,19,28007KT,15,12
2008-10-10 20:00:00.000,2008,10,10,20,27010KT,15,12
2008-10-10 21:00:00.000,2008,10,10,21,30012KT,15,12
2008-10-10 22:00:00.000,2008,10,10,22,26008KT,14,12
2008-10-11 00:00:00.000,2008,10,11,0,27003KT,12,11
2008-10-11 02:00:00.000,2008,10,11,2,29004KT,12,11
2008-10-11 03:00:00.000,2008,10,11,3,VRB02KT,12,11
2008-10-11 04:00:00.000,2008,10,11,4,00000KT,11,11
2008-10-11 07:00:00.000,2008,10,11,7,27003KT,10,09
2008-10-11 08:00:00.000,2008,10,11,8,00000KT,09,09
2008-10-11 10:00:00.000,2008,10,11,10,31004KT,10,09
2008-10-11 11:00:00.000,2008,10,11,11,30004KT,09,09
2008-10-11 13:00:00.000,2008,10,11,13,VRB02KT,11,11
2008-10-11 14:00:00.000,2008,10,11,14,VRB02KT,14,12
2008-10-11 15:00:00.000,2008,10,11,15,VRB02KT,16,15
2008-10-11 16:00:00.000,2008,10,11,16,30005KT,17,12
2008-10-11 17:00:00.000,2008,10,11,17,27010KT,18,12
2008-10-11 18:00:00.000,2008,10,11,18,25008KT,18,12
2008-10-11 19:00:00.000,2008,10,11,19,25010KT,17,12
2008-10-11 20:00:00.000,2008,10,11,20,25008KT,17,13
2008-10-11 21:00:00.000,2008,10,11,21,24006KT,16,13
2008-10-11 22:00:00.000,2008,10,11,22,24008KT,15,12
2008-10-11 23:00:00.000,2008,10,11,23,25006KT,14,12
2008-10-12 00:00:00.000,2008,10,12,0,31005KT,13,12
2008-10-12 01:00:00.000,2008,10,12,1,31003KT,12,11
2008-10-12 02:00:00.000,2008,10,12,2,VRB02KT,13,12
2008-10-12 03:00:00.000,2008,10,12,3,VRB02KT,12,11
2008-10-12 04:00:00.000,2008,10,12,4,VBR02KT,12,11
2008-10-12 05:00:00.000,2008,10,12,5,VRB02KT,12,11
2008-10-12 06:00:00.000,2008,10,12,6,24004KT,12,11
2008-10-12 07:00:00.000,2008,10,12,7,21004KT,11,10
2008-10-12 08:00:00.000,2008,10,12,8,02004KT,11,10
2008-10-12 09:00:00.000,2008,10,12,9,31004KT,10,10
2008-10-12 10:00:00.000,2008,10,12,10,VRB02KT,10,10
2008-10-12 11:00:00.000,2008,10,12,11,VRB02KT,10,10
2008-10-12 12:00:00.000,2008,10,12,12,02003KT,11,10
2008-10-12 13:00:00.000,2008,10,12,13,34003KT,13,12
2008-10-12 14:00:00.000,2008,10,12,14,34003KT,14,12
2008-10-12 15:00:00.000,2008,10,12,15,30008KT,15,12
2008-10-12 16:00:00.000,2008,10,12,16,30012KT,13,12
2008-10-12 17:00:00.000,2008,10,12,17,28008KT,12,11
2008-10-12 18:00:00.000,2008,10,12,18,21003KT,12,11
2008-10-12 19:00:00.000,2008,10,12,19,27003KT,12,11
2008-10-12 20:00:00.000,2008,10,12,20,04004KT,14,12
2008-10-12 21:00:00.000,2008,10,12,21,05004KT,14,12
2008-10-12 22:00:00.000,2008,10,12,22,06004KT,15,12
2008-10-12 23:00:00.000,2008,10,12,23,VRB02KT,13,12
2008-10-13 00:00:00.000,2008,10,13,0,VRB02KT,13,12
2008-10-13 01:00:00.000,2008,10,13,1,00000KT,12,11
2008-10-13 02:00:00.000,2008,10,13,2,24004KT,12,11
2008-10-13 04:00:00.000,2008,10,13,4,00000KT,10,09
2008-10-13 10:00:00.000,2008,10,13,10,VRB02KT,10,09
2008-10-13 11:00:00.000,2008,10,13,11,00000KT,10,09
2008-10-13 12:00:00.000,2008,10,13,12,VRB02KT,11,10
2008-10-13 13:00:00.000,2008,10,13,13,VRB02KT,12,11
2008-10-13 14:00:00.000,2008,10,13,14,03004KT,15,12
2008-10-13 15:00:00.000,2008,10,13,15,29005KT,16,13
2008-10-13 16:00:00.000,2008,10,13,16,31008KT,16,14
2008-10-13 17:00:00.000,2008,10,13,17,33008KT,17,13
2008-10-13 18:00:00.000,2008,10,13,18,29009KT,18,12
2008-10-13 19:00:00.000,2008,10,13,19,27013KT,17,13
2008-10-13 20:00:00.000,2008,10,13,20,29012KT,18,10
2008-10-13 21:00:00.000,2008,10,13,21,28009KT,17,12
2008-10-13 22:00:00.000,2008,10,13,22,28010KT,16,12
2008-10-13 23:00:00.000,2008,10,13,23,31008KT,14,12
2008-10-14 00:00:00.000,2008,10,14,0,31004KT,13,13
2008-10-14 01:00:00.000,2008,10,14,1,30004KT,13,13
2008-10-14 02:00:00.000,2008,10,14,2,30005KT,12,12
2008-10-14 03:00:00.000,2008,10,14,3,VRB02KT,12,12
2008-10-14 04:00:00.000,2008,10,14,4,30004KT,12,12
2008-10-14 05:00:00.000,2008,10,14,5,32005KT,12,11
2008-10-14 06:00:00.000,2008,10,14,6,31004KT,11,11
2008-10-14 07:00:00.000,2008,10,14,7,33005KT,11,11
2008-10-14 08:00:00.000,2008,10,14,8,30007KT,11,10
2008-10-14 09:00:00.000,2008,10,14,9,33004KT,10,10
2008-10-14 10:00:00.000,2008,10,14,10,VRB02KT,09,09
2008-10-14 11:00:00.000,2008,10,14,11,00000KT,09,09
2008-10-14 12:00:00.000,2008,10,14,12,18004KT,11,10
2008-10-14 13:00:00.000,2008,10,14,13,VRB02KT,12,10
2008-10-14 14:00:00.000,2008,10,14,14,VRB02KT,12,11
2008-10-14 15:00:00.000,2008,10,14,15,16003KT,14,11
2008-10-14 16:00:00.000,2008,10,14,16,VRB02KT,16,10
2008-10-14 17:00:00.000,2008,10,14,17,25007KT,17,09
2008-10-14 18:00:00.000,2008,10,14,18,31010KT,17,08
2008-10-14 19:00:00.000,2008,10,14,19,29012KT,18,08
2008-10-14 20:00:00.000,2008,10,14,20,31014KT,18,08
2008-10-14 22:00:00.000,2008,10,14,22,26006KT,15,12
2008-10-14 23:00:00.000,2008,10,14,23,30006KT,14,11
2008-10-15 00:00:00.000,2008,10,15,0,28006KT,13,10
2008-10-15 01:00:00.000,2008,10,15,1,34006KT,13,10
2008-10-15 02:00:00.000,2008,10,15,2,32005KT,12,10
2008-10-15 03:00:00.000,2008,10,15,3,33006KT,12,11
2008-10-15 04:00:00.000,2008,10,15,4,33004KT,12,11
2008-10-15 05:00:00.000,2008,10,15,5,19004KT,11,10
2008-10-15 06:00:00.000,2008,10,15,6,VRB02KT,11,10
2008-10-15 07:00:00.000,2008,10,15,7,VRB02KT,11,10
2008-10-15 08:00:00.000,2008,10,15,8,VRB02KT,10,09
2008-10-15 09:00:00.000,2008,10,15,9,36003KT,09,08
2008-10-15 10:00:00.000,2008,10,15,10,03003KT,09,08
2008-10-15 11:00:00.000,2008,10,15,11,33003KT,08,08
2008-10-15 12:00:00.000,2008,10,15,12,VRB02KT,09,08
2008-10-15 13:00:00.000,2008,10,15,13,03005KT,13,11
2008-10-15 14:00:00.000,2008,10,15,14,VRB02KT,16,13
2008-10-15 15:00:00.000,2008,10,15,15,04005KT,17,12
2008-10-15 16:00:00.000,2008,10,15,16,31004KT,19,10
2008-10-15 17:00:00.000,2008,10,15,17,27016KT,15,13
2008-10-15 19:00:00.000,2008,10,15,19,26010KT,13,12
2008-10-15 20:00:00.000,2008,10,15,20,31007KT,14,13
2008-10-15 21:00:00.000,2008,10,15,21,30008KT,15,13
2008-10-15 22:00:00.000,2008,10,15,22,30006KT,14,13
2008-10-15 23:00:00.000,2008,10,15,23,01003KT,13,13
2008-10-16 00:00:00.000,2008,10,16,0,31006KT,12,12
2008-10-16 01:00:00.000,2008,10,16,1,22003KT,12,12
2008-10-16 02:00:00.000,2008,10,16,2,00000KT,12,12
2008-10-16 03:00:00.000,2008,10,16,3,27003KT,12,12
2008-10-16 04:00:00.000,2008,10,16,4,00000KT,12,11
2008-10-16 05:00:00.000,2008,10,16,5,00000KT,11,11
2008-10-16 06:00:00.000,2008,10,16,6,VRB02KT,11,11
2008-10-16 07:00:00.000,2008,10,16,7,VRB02KT,11,11
2008-10-16 08:00:00.000,2008,10,16,8,VRB02KT,11,11
2008-10-16 09:00:00.000,2008,10,16,9,VRB02KT,11,11
2008-10-16 10:00:00.000,2008,10,16,10,VRB02KT,11,11
2008-10-16 11:00:00.000,2008,10,16,11,VRB02KT,11,11
2008-10-16 12:00:00.000,2008,10,16,12,04003KT,12,11
2008-10-16 13:00:00.000,2008,10,16,13,27004KT,13,11
2008-10-16 14:00:00.000,2008,10,16,14,24003KT,14,11
2008-10-16 15:00:00.000,2008,10,16,15,25007KT,15,11
2008-10-16 16:00:00.000,2008,10,16,16,25010KT,15,11
2008-10-16 17:00:00.000,2008,10,16,17,25010KT,17,12
2008-10-16 18:00:00.000,2008,10,16,18,24007KT,17,14
2008-10-16 19:00:00.000,2008,10,16,19,17007KT,17,14
2008-10-16 20:00:00.000,2008,10,16,20,19005KT,15,14
2008-10-16 21:00:00.000,2008,10,16,21,27005KT,14,14
2008-10-16 22:00:00.000,2008,10,16,22,VRB02KT,15,14
2008-10-16 23:00:00.000,2008,10,16,23,00000KT,15,14
2008-10-17 00:00:00.000,2008,10,17,0,VRB02KT,13,12
2008-10-17 01:00:00.000,2008,10,17,1,31003KT,13,12
2008-10-17 02:00:00.000,2008,10,17,2,VRB02KT,13,12
2008-10-17 03:00:00.000,2008,10,17,3,14005KT,13,12
2008-10-17 04:00:00.000,2008,10,17,4,14004KT,13,12
2008-10-17 05:00:00.000,2008,10,17,5,29003KT,12,12
2008-10-17 06:00:00.000,2008,10,17,6,00000KT,12,11
2008-10-17 07:00:00.000,2008,10,17,7,33003KT,12,11
2008-10-17 08:00:00.000,2008,10,17,8,14005KT,11,10
2008-10-17 09:00:00.000,2008,10,17,9,03005KT,11,10
2008-10-17 10:00:00.000,2008,10,17,10,02005KT,11,10
2008-10-17 11:00:00.000,2008,10,17,11,05004KT,11,10
2008-10-17 12:00:00.000,2008,10,17,12,03008KT,11,11
2008-10-17 13:00:00.000,2008,10,17,13,05008KT,13,11
2008-10-17 14:00:00.000,2008,10,17,14,10008KT,16,12
2008-10-17 15:00:00.000,2008,10,17,15,10010KT,16,11
2008-10-17 16:00:00.000,2008,10,17,16,11008KT,18,10
2008-10-17 17:00:00.000,2008,10,17,17,15008KT,19,10
2008-10-17 18:00:00.000,2008,10,17,18,18008KT,19,08
2008-10-17 19:00:00.000,2008,10,17,19,27012KT,16,13
2008-10-17 20:00:00.000,2008,10,17,20,24010KT,17,15
2008-10-17 21:00:00.000,2008,10,17,21,32008KT,14,14
2008-10-17 22:00:00.000,2008,10,17,22,32004KT,14,13
2008-10-17 23:00:00.000,2008,10,17,23,30006KT,13,13
2008-10-18 00:00:00.000,2008,10,18,0,VRB02KT,13,12
2008-10-18 01:00:00.000,2008,10,18,1,VRB02KT,12,11
2008-10-18 02:00:00.000,2008,10,18,2,VRB02KT,12,11
2008-10-18 03:00:00.000,2008,10,18,3,06005KT,12,11
2008-10-18 04:00:00.000,2008,10,18,4,03004KT,11,10
2008-10-18 05:00:00.000,2008,10,18,5,VRB02KT,11,10
2008-10-18 06:00:00.000,2008,10,18,6,VRB02KT,11,10
2008-10-18 07:00:00.000,2008,10,18,7,32003KT,10,10
2008-10-18 08:00:00.000,2008,10,18,8,VRB02KT,10,10
2008-10-18 09:00:00.000,2008,10,18,9,VRB02KT,10,10
2008-10-18 10:00:00.000,2008,10,18,10,03003KT,10,09
2008-10-18 11:00:00.000,2008,10,18,11,VRB02KT,09,08
2008-10-18 12:00:00.000,2008,10,18,12,04004KT,11,10
2008-10-18 13:00:00.000,2008,10,18,13,06003KT,13,12
2008-10-18 14:00:00.000,2008,10,18,14,04004KT,14,12
2008-10-18 17:00:00.000,2008,10,18,17,24010KT,16,14
2008-10-18 18:00:00.000,2008,10,18,18,30008KT,16,14
2008-10-18 19:00:00.000,2008,10,18,19,24007KT,16,14
2008-10-18 20:00:00.000,2008,10,18,20,22008KT,17,14
2008-10-18 21:00:00.000,2008,10,18,21,20008KT,16,14
2008-10-18 22:00:00.000,2008,10,18,22,30006KT,15,14
2008-10-18 23:00:00.000,2008,10,18,23,VRB02KT,14,14
2008-10-19 00:00:00.000,2008,10,19,0,VRB02KT,13,13
2008-10-19 01:00:00.000,2008,10,19,1,VRB02KT,12,12
2008-10-19 02:00:00.000,2008,10,19,2,VRB02KT,12,12
2008-10-19 03:00:00.000,2008,10,19,3,VRB02KT,11,11
2008-10-19 04:00:00.000,2008,10,19,4,VRB02KT,11,10
2008-10-19 05:00:00.000,2008,10,19,5,32004KT,10,10
2008-10-19 06:00:00.000,2008,10,19,6,VRB02KT,10,10
2008-10-19 07:00:00.000,2008,10,19,7,VRB02KT,11,10
2008-10-19 08:00:00.000,2008,10,19,8,05004KT,11,11
2008-10-19 09:00:00.000,2008,10,19,9,06005KT,12,11
2008-10-19 10:00:00.000,2008,10,19,10,04004KT,11,10
2008-10-19 11:00:00.000,2008,10,19,11,VRB02KT,10,10
2008-10-19 12:00:00.000,2008,10,19,12,03005KT,13,11
2008-10-19 13:00:00.000,2008,10,19,13,07007KT,15,12
2008-10-19 14:00:00.000,2008,10,19,14,06007KT,16,11
2008-10-19 15:00:00.000,2008,10,19,15,08009KT,17,10
2008-10-19 16:00:00.000,2008,10,19,16,02008KT,18,09
2008-10-19 17:00:00.000,2008,10,19,17,12012KT,19,08
2008-10-19 18:00:00.000,2008,10,19,18,06010KT,19,08
2008-10-19 19:00:00.000,2008,10,19,19,02010KT,20,08
2008-10-19 20:00:00.000,2008,10,19,20,03010KT,19,07
2008-10-19 21:00:00.000,2008,10,19,21,02010KT,19,08
2008-10-19 22:00:00.000,2008,10,19,22,01008KT,17,08
2008-10-19 23:00:00.000,2008,10,19,23,24006KT,15,11
2008-10-20 00:00:00.000,2008,10,20,0,27004KT,14,14
2008-10-20 01:00:00.000,2008,10,20,1,00000KT,13,13
2008-10-20 02:00:00.000,2008,10,20,2,VRB02KT,12,12
2008-10-20 03:00:00.000,2008,10,20,3,12006KT,13,10
2008-10-20 04:00:00.000,2008,10,20,4,VRB02KT,13,09
2008-10-20 05:00:00.000,2008,10,20,5,VRB03KT,10,10
2008-10-20 06:00:00.000,2008,10,20,6,27003KT,11,10
2008-10-20 07:00:00.000,2008,10,20,7,00000KT,11,11
2008-10-20 08:00:00.000,2008,10,20,8,02003KT,11,10
2008-10-20 09:00:00.000,2008,10,20,9,VRB02KT,10,10
2008-10-20 10:00:00.000,2008,10,20,10,VRB02KT,09,09
2008-10-20 11:00:00.000,2008,10,20,11,00000KT,08,08
2008-10-20 12:00:00.000,2008,10,20,12,36004KT,09,09
2008-10-20 13:00:00.000,2008,10,20,13,07009KT,12,12
2008-10-20 14:00:00.000,2008,10,20,14,35007KT,14,13
2008-10-20 15:00:00.000,2008,10,20,15,03009KT,16,11
2008-10-20 17:00:00.000,2008,10,20,17,15004KT,18,11
2008-10-20 18:00:00.000,2008,10,20,18,22003KT,17,09
2008-10-20 19:00:00.000,2008,10,20,19,22006KT,15,12
2008-10-20 20:00:00.000,2008,10,20,20,27008KT,16,12
2008-10-20 21:00:00.000,2008,10,20,21,25008KT,16,13
2008-10-20 22:00:00.000,2008,10,20,22,25006KT,15,12
2008-10-20 23:00:00.000,2008,10,20,23,28004KT,14,12
2008-10-21 00:00:00.000,2008,10,21,0,32004KT,13,12
2008-10-21 01:00:00.000,2008,10,21,1,VRB02KT,13,12
2008-10-21 02:00:00.000,2008,10,21,2,36003KT,13,12
2008-10-21 03:00:00.000,2008,10,21,3,VRB02KT,12,11
2008-10-21 04:00:00.000,2008,10,21,4,VRB02KT,12,11
2008-10-21 05:00:00.000,2008,10,21,5,VRB02KT,12,11
2008-10-21 10:00:00.000,2008,10,21,10,00000KT,10,10
2008-10-21 11:00:00.000,2008,10,21,11,VRB02KT,11,10
2008-10-21 12:00:00.000,2008,10,21,12,02005KT,12,11
2008-10-21 13:00:00.000,2008,10,21,13,07005KT,14,12
2008-10-21 14:00:00.000,2008,10,21,14,05008KT,15,12
2008-10-21 16:00:00.000,2008,10,21,16,08010KT,16,11
2008-10-21 17:00:00.000,2008,10,21,17,09008KT,17,10
2008-10-21 18:00:00.000,2008,10,21,18,09007KT,17,10
2008-10-21 19:00:00.000,2008,10,21,19,17010KT,17,10
2008-10-21 20:00:00.000,2008,10,21,20,02005KT,17,10
2008-10-21 21:00:00.000,2008,10,21,21,00000KT,25,18
2008-10-21 22:00:00.000,2008,10,21,22,26003KT,17,11
2008-10-21 23:00:00.000,2008,10,21,23,27004KT,15,12
2008-10-22 00:00:00.000,2008,10,22,0,31004KT,13,12
2008-10-22 01:00:00.000,2008,10,22,1,VRB02KT,12,12
2008-10-22 02:00:00.000,2008,10,22,2,06005KT,12,12
2008-10-22 03:00:00.000,2008,10,22,3,05004KT,12,11
2008-10-22 04:00:00.000,2008,10,22,4,VRB02KT,10,10
2008-10-22 05:00:00.000,2008,10,22,5,VRB02KT,10,10
2008-10-22 06:00:00.000,2008,10,22,6,34004KT,09,09
2008-10-22 07:00:00.000,2008,10,22,7,00000KT,09,09
2008-10-22 08:00:00.000,2008,10,22,8,VRB02KT,09,09
2008-10-22 09:00:00.000,2008,10,22,9,VRB02KT,09,08
2008-10-22 10:00:00.000,2008,10,22,10,23003KT,08,08
2008-10-22 11:00:00.000,2008,10,22,11,VRB02KT,09,09
2008-10-22 12:00:00.000,2008,10,22,12,02006KT,11,10
2008-10-22 13:00:00.000,2008,10,22,13,02006KT,13,12
2008-10-22 14:00:00.000,2008,10,22,14,03006KT,15,13
2008-10-22 15:00:00.000,2008,10,22,15,03009KT,15,13
2008-10-22 16:00:00.000,2008,10,22,16,08008KT,16,12
2008-10-22 17:00:00.000,2008,10,22,17,05010KT,18,11
2008-10-22 18:00:00.000,2008,10,22,18,10007KT,17,09
2008-10-22 19:00:00.000,2008,10,22,19,10005KT,19,10
2008-10-22 20:00:00.000,2008,10,22,20,03010KT,18,10
2008-10-22 21:00:00.000,2008,10,22,21,05010KT,18,10
2008-10-22 22:00:00.000,2008,10,22,22,28004KT,15,14
2008-10-22 23:00:00.000,2008,10,22,23,28005KT,14,14
2008-10-23 00:00:00.000,2008,10,23,0,34005KT,14,13
2008-10-23 01:00:00.000,2008,10,23,1,VRB02KT,13,12
2008-10-23 03:00:00.000,2008,10,23,3,12006KT,14,11
2008-10-23 04:00:00.000,2008,10,23,4,11006KT,14,09
2008-10-23 05:00:00.000,2008,10,23,5,08004KT,13,10
2008-10-23 06:00:00.000,2008,10,23,6,VRB02KT,10,09
2008-10-23 07:00:00.000,2008,10,23,7,VRB02KT,11,10
2008-10-23 08:00:00.000,2008,10,23,8,02003KT,11,10
2008-10-23 09:00:00.000,2008,10,23,9,04003KT,10,09
2008-10-23 10:00:00.000,2008,10,23,10,VRB02KT,09,09
2008-10-23 11:00:00.000,2008,10,23,11,VRB02KT,09,09
2008-10-23 12:00:00.000,2008,10,23,12,05005KT,12,10
2008-10-23 13:00:00.000,2008,10,23,13,05009KT,14,11
2008-10-23 14:00:00.000,2008,10,23,14,06010KT,16,09
2008-10-23 15:00:00.000,2008,10,23,15,12014KT,18,08
2008-10-23 16:00:00.000,2008,10,23,16,11016KT,18,08
2008-10-23 17:00:00.000,2008,10,23,17,11012KT,18,08
2008-10-23 18:00:00.000,2008,10,23,18,12014KT,18,09
2008-10-23 19:00:00.000,2008,10,23,19,10012KT,18,09
2008-10-23 20:00:00.000,2008,10,23,20,12008KT,19,08
2008-10-23 21:00:00.000,2008,10,23,21,10008KT,18,08
2008-10-23 22:00:00.000,2008,10,23,22,10010KT,17,07
2008-10-23 23:00:00.000,2008,10,23,23,11008KT,16,07
2008-10-24 00:00:00.000,2008,10,24,0,VRB02KT,14,08
2008-10-24 01:00:00.000,2008,10,24,1,07004KT,13,09
2008-10-24 02:00:00.000,2008,10,24,2,VRB02KT,11,08
2008-10-24 03:00:00.000,2008,10,24,3,03003KT,10,09
2008-10-24 04:00:00.000,2008,10,24,4,25004KT,08,08
2008-10-24 05:00:00.000,2008,10,24,5,31005KT,09,08
2008-10-24 06:00:00.000,2008,10,24,6,VRB02KT,08,07
2008-10-24 07:00:00.000,2008,10,24,7,35003KT,06,06
2008-10-24 08:00:00.000,2008,10,24,8,28003KT,06,06
2008-10-24 09:00:00.000,2008,10,24,9,VRB02KT,05,05
2008-10-24 10:00:00.000,2008,10,24,10,03003KT,04,04
2008-10-24 11:00:00.000,2008,10,24,11,VRB02KT,03,03
2008-10-24 12:00:00.000,2008,10,24,12,VRB02KT,06,06
2008-10-24 13:00:00.000,2008,10,24,13,01004KT,09,09
2008-10-24 14:00:00.000,2008,10,24,14,36004KT,13,10
2008-10-24 15:00:00.000,2008,10,24,15,32004KT,17,09
2008-10-24 16:00:00.000,2008,10,24,16,VRB02KT,17,10
2008-10-27 19:00:00.000,2008,10,27,19,27006KT,18,12
2008-10-27 20:00:00.000,2008,10,27,20,24008KT,18,13
2008-10-27 21:00:00.000,2008,10,27,21,30008KT,16,14
2008-10-27 22:00:00.000,2008,10,27,22,24006KT,14,13
2008-10-27 23:00:00.000,2008,10,27,23,36004KT,13,13
2008-10-28 00:00:00.000,2008,10,28,0,33005KT,13,13
2008-10-28 01:00:00.000,2008,10,28,1,36003KT,13,12
2008-10-28 02:00:00.000,2008,10,28,2,25003KT,13,12
2008-10-28 03:00:00.000,2008,10,28,3,VRB02KT,12,12
2008-10-28 04:00:00.000,2008,10,28,4,00000KT,12,12
2008-10-28 10:00:00.000,2008,10,28,10,00000KT,10,09
2008-10-28 11:00:00.000,2008,10,28,11,00000KT,10,09
2008-10-28 12:00:00.000,2008,10,28,12,03003KT,12,12
2008-10-28 13:00:00.000,2008,10,28,13,04004KT,13,13
2008-10-28 19:00:00.000,2008,10,28,19,31010KT,13,13
2008-10-28 20:00:00.000,2008,10,28,20,31010KT,13,13
2008-10-28 21:00:00.000,2008,10,28,21,30008KT,13,13
2008-10-28 22:00:00.000,2008,10,28,22,35004KT,13,13
2008-10-28 23:00:00.000,2008,10,28,23,VRB02KT,12,12
2008-10-29 00:00:00.000,2008,10,29,0,34004KT,12,12
2008-10-29 01:00:00.000,2008,10,29,1,30004KT,12,12
2008-10-29 02:00:00.000,2008,10,29,2,00000KT,12,12
2008-10-29 03:00:00.000,2008,10,29,3,02004KT,12,12
2008-10-29 04:00:00.000,2008,10,29,4,03005KT,12,12
2008-10-29 05:00:00.000,2008,10,29,5,03005KT,11,11
2008-10-29 06:00:00.000,2008,10,29,6,00000KT,11,11
2008-10-29 07:00:00.000,2008,10,29,7,04004KT,11,11
2008-10-29 08:00:00.000,2008,10,29,8,04004KT,11,11
2008-10-29 09:00:00.000,2008,10,29,9,00000KT,11,11
2008-10-29 10:00:00.000,2008,10,29,10,00000KT,10,10
2008-10-29 11:00:00.000,2008,10,29,11,00000KT,10,09
2008-10-29 12:00:00.000,2008,10,29,12,04006KT,11,11
2008-10-29 13:00:00.000,2008,10,29,13,03008KT,13,09
2008-10-29 14:00:00.000,2008,10,29,14,06007KT,15,10
2008-10-29 15:00:00.000,2008,10,29,15,08010KT,17,08
2008-10-29 16:00:00.000,2008,10,29,16,13011KT,18,10
2008-10-29 17:00:00.000,2008,10,29,17,13011KT,18,07
2008-10-29 18:00:00.000,2008,10,29,18,12011KT,19,07
2008-10-29 19:00:00.000,2008,10,29,19,13010KT,18,08
2008-10-29 20:00:00.000,2008,10,29,20,13009KT,19,08
2008-10-29 21:00:00.000,2008,10,29,21,13011KT,19,09
2008-10-29 22:00:00.000,2008,10,29,22,32005KT,16,10
2008-10-29 23:00:00.000,2008,10,29,23,33005KT,14,12
2008-10-30 00:00:00.000,2008,10,30,0,34004KT,12,12
2008-10-30 01:00:00.000,2008,10,30,1,35003KT,11,11
2008-10-30 02:00:00.000,2008,10,30,2,33004KT,10,10
2008-10-30 03:00:00.000,2008,10,30,3,25004KT,10,09
2008-10-30 05:00:00.000,2008,10,30,5,00000KT,08,08
2008-10-30 06:00:00.000,2008,10,30,6,34004KT,07,07
2008-10-30 07:00:00.000,2008,10,30,7,00000KT,06,06
2008-10-30 08:00:00.000,2008,10,30,8,VRB02KT,06,06
2008-10-30 09:00:00.000,2008,10,30,9,VRB02KT,06,05
2008-10-30 10:00:00.000,2008,10,30,10,33003KT,05,05
2008-10-30 11:00:00.000,2008,10,30,11,28004KT,05,05
2008-10-30 12:00:00.000,2008,10,30,12,36004KT,08,07
2008-10-30 13:00:00.000,2008,10,30,13,VRB02KT,10,08
2008-10-30 14:00:00.000,2008,10,30,14,06006KT,15,10
2008-10-30 15:00:00.000,2008,10,30,15,11004KT,17,09
2008-10-30 16:00:00.000,2008,10,30,16,04007KT,17,08
2008-10-30 17:00:00.000,2008,10,30,17,11011KT,18,07
2008-10-30 18:00:00.000,2008,10,30,18,06010KT,17,08
2008-10-30 19:00:00.000,2008,10,30,19,05007KT,19,08
2008-10-30 20:00:00.000,2008,10,30,20,05011KT,18,09
2008-10-30 21:00:00.000,2008,10,30,21,06006KT,18,07
2008-10-30 22:00:00.000,2008,10,30,22,21005KT,16,12
2008-10-30 23:00:00.000,2008,10,30,23,29004KT,14,12
2008-10-31 00:00:00.000,2008,10,31,0,VRB02KT,14,12
2008-10-31 02:00:00.000,2008,10,31,2,32003KT,12,12
2008-10-31 03:00:00.000,2008,10,31,3,34003KT,12,11
2008-10-31 04:00:00.000,2008,10,31,4,00000KT,11,11
2008-10-31 06:00:00.000,2008,10,31,6,VRB02KT,08,08
2008-10-31 10:00:00.000,2008,10,31,10,00000KT,06,06
2008-10-31 11:00:00.000,2008,10,31,11,30004KT,05,05
2008-10-31 12:00:00.000,2008,10,31,12,VRB02KT,08,08
2008-10-31 13:00:00.000,2008,10,31,13,03004KT,10,10
2008-10-31 14:00:00.000,2008,10,31,14,32003KT,14,12
2008-10-31 15:00:00.000,2008,10,31,15,29004KT,17,10
2008-10-31 16:00:00.000,2008,10,31,16,35006KT,18,10
2008-10-31 17:00:00.000,2008,10,31,17,32004KT,18,09
2008-10-31 18:00:00.000,2008,10,31,18,25008KT,17,15
2008-10-31 19:00:00.000,2008,10,31,19,28008KT,17,11
2008-10-31 20:00:00.000,2008,10,31,20,23005KT,18,10
2008-10-31 21:00:00.000,2008,10,31,21,27010KT,17,14
2008-10-31 22:00:00.000,2008,10,31,22,26005KT,15,14
2008-10-31 23:00:00.000,2008,10,31,23,27006KT,14,13
2008-11-01 00:00:00.000,2008,11,1,0,29005KT,13,12
2008-11-01 01:00:00.000,2008,11,1,1,32004KT,13,13
2008-11-01 02:00:00.000,2008,11,1,2,05003KT,13,12
2008-11-01 03:00:00.000,2008,11,1,3,02003KT,12,12
2008-11-01 04:00:00.000,2008,11,1,4,VRB02KT,12,11
2008-11-01 05:00:00.000,2008,11,1,5,VRB02KT,12,11
2008-11-01 06:00:00.000,2008,11,1,6,VRB02KT,11,11
2008-11-01 07:00:00.000,2008,11,1,7,00000KT,12,11
2008-11-01 08:00:00.000,2008,11,1,8,VRB02KT,11,11
2008-11-01 09:00:00.000,2008,11,1,9,VRB02KT,11,11
2008-11-01 10:00:00.000,2008,11,1,10,VRB02KT,12,11
2008-11-01 11:00:00.000,2008,11,1,11,VRB02KT,12,11
2008-11-01 12:00:00.000,2008,11,1,12,VRB02KT,12,12
2008-11-01 13:00:00.000,2008,11,1,13,03005KT,14,12
2008-11-01 14:00:00.000,2008,11,1,14,30003KT,15,13
2008-11-01 15:00:00.000,2008,11,1,15,21003KT,17,12
2008-11-01 16:00:00.000,2008,11,1,16,31012KT,15,13
2008-11-01 17:00:00.000,2008,11,1,17,24006KT,15,14
2008-11-01 18:00:00.000,2008,11,1,18,280012KT,15,12
2008-11-01 21:00:00.000,2008,11,1,21,25008KT,15,12
2008-11-01 22:00:00.000,2008,11,1,22,25006KT,15,12
2008-11-01 23:00:00.000,2008,11,1,23,27003KT,14,12
2008-11-02 00:00:00.000,2008,11,2,0,24004KT,12,12
2008-11-02 01:00:00.000,2008,11,2,1,VRB02KT,12,12
2008-11-02 02:00:00.000,2008,11,2,2,VRB02KT,12,11
2008-11-02 03:00:00.000,2008,11,2,3,VRB02KT,11,11
2008-11-02 04:00:00.000,2008,11,2,4,VRB02KT,11,11
2008-11-02 05:00:00.000,2008,11,2,5,24006KT,11,11
2008-11-02 06:00:00.000,2008,11,2,6,22004KT,10,10
2008-11-02 07:00:00.000,2008,11,2,7,VRB02KT,10,10
2008-11-02 08:00:00.000,2008,11,2,8,VRB02KT,10,10
2008-11-02 09:00:00.000,2008,11,2,9,00000KT,10,10
2008-11-02 10:00:00.000,2008,11,2,10,00000KT,10,10
2008-11-02 11:00:00.000,2008,11,2,11,12004KT,11,11
2008-11-02 12:00:00.000,2008,11,2,12,VRB02KT,12,11
2008-11-02 13:00:00.000,2008,11,2,13,01004KT,13,12
2008-11-02 14:00:00.000,2008,11,2,14,VRB02KT,15,12
2008-11-02 15:00:00.000,2008,11,2,15,06004KT,16,12
2008-11-02 16:00:00.000,2008,11,2,16,34006KT,18,14
2008-11-02 17:00:00.000,2008,11,2,17,31007KT,18,11
2008-11-02 18:00:00.000,2008,11,2,18,29010KT,19,10
2008-11-02 19:00:00.000,2008,11,2,19,29010KT,17,13
2008-11-02 20:00:00.000,2008,11,2,20,07005KT,14,12
2008-11-02 21:00:00.000,2008,11,2,21,15005KT,14,13
2008-11-02 22:00:00.000,2008,11,2,22,16004KT,14,12
2008-11-02 23:00:00.000,2008,11,2,23,30004KT,13,12
2008-11-03 00:00:00.000,2008,11,3,0,29003KT,13,13
2008-11-03 01:00:00.000,2008,11,3,1,31003KT,12,12
2008-11-03 02:00:00.000,2008,11,3,2,00000KT,12,12
2008-11-03 03:00:00.000,2008,11,3,3,00000KT,13,13
2008-11-03 04:00:00.000,2008,11,3,4,05003KT,12,12
2008-11-03 05:00:00.000,2008,11,3,5,35003KT,12,11
2008-11-03 06:00:00.000,2008,11,3,6,32003KT,11,11
2008-11-03 07:00:00.000,2008,11,3,7,VRB02KT,11,10
2008-11-03 08:00:00.000,2008,11,3,8,VRB02KT,11,10
2008-11-03 09:00:00.000,2008,11,3,9,VRB02KT,10,10
2008-11-03 10:00:00.000,2008,11,3,10,21003KT,10,10
2008-11-03 11:00:00.000,2008,11,3,11,21003KT,11,10
2008-11-03 12:00:00.000,2008,11,3,12,00000KT,11,11
2008-11-03 13:00:00.000,2008,11,3,13,00000KT,13,12
2008-11-03 14:00:00.000,2008,11,3,14,VRB02KT,15,13
2008-11-03 15:00:00.000,2008,11,3,15,VRB02KT,16,12
2008-11-03 16:00:00.000,2008,11,3,16,VRB02KT,18,14
2008-11-03 17:00:00.000,2008,11,3,17,09004KT,19,11
2008-11-03 18:00:00.000,2008,11,3,18,11014KT,18,12
2008-11-03 19:00:00.000,2008,11,3,19,18008KT,19,11
2008-11-03 20:00:00.000,2008,11,3,20,33015KT,15,12
2008-11-03 21:00:00.000,2008,11,3,21,15004KT,12,12
2008-11-03 22:00:00.000,2008,11,3,22,14005KT,13,12
2008-11-03 23:00:00.000,2008,11,3,23,11008KT,12,12
2008-11-04 00:00:00.000,2008,11,4,0,VRB02KT,12,12
2008-11-04 01:00:00.000,2008,11,4,1,VRB02KT,12,12
2008-11-04 02:00:00.000,2008,11,4,2,00000KT,12,12
2008-11-04 03:00:00.000,2008,11,4,3,VRB02KT,12,11
2008-11-04 04:00:00.000,2008,11,4,4,03003KT,12,12
2008-11-04 05:00:00.000,2008,11,4,5,00000KT,11,11
2008-11-04 06:00:00.000,2008,11,4,6,00000KT,11,11
2008-11-04 07:00:00.000,2008,11,4,7,VRB02KT,11,11
2008-11-04 08:00:00.000,2008,11,4,8,02003KT,11,11
2008-11-04 09:00:00.000,2008,11,4,9,VRB02KT,11,11
2008-11-04 10:00:00.000,2008,11,4,10,VRB02KT,11,11
2008-11-04 11:00:00.000,2008,11,4,11,24003KT,11,11
2008-11-04 12:00:00.000,2008,11,4,12,26003KT,11,11
2008-11-04 13:00:00.000,2008,11,4,13,VRB02KT,12,12
2008-11-04 14:00:00.000,2008,11,4,14,15003KT,13,12
2008-11-04 15:00:00.000,2008,11,4,15,10003KT,14,14
2008-11-04 16:00:00.000,2008,11,4,16,22007KT,15,13
2008-11-04 17:00:00.000,2008,11,4,17,02007KT,13,13
2008-11-04 18:00:00.000,2008,11,4,18,35005KT,13,12
2008-11-04 19:00:00.000,2008,11,4,19,31007KT,12,12
2008-11-04 21:00:00.000,2008,11,4,21,24004KT,12,11
2008-11-04 22:00:00.000,2008,11,4,22,25005KT,13,11
2008-11-04 23:00:00.000,2008,11,4,23,27003KT,12,12
2008-11-05 00:00:00.000,2008,11,5,0,02003KT,12,11
2008-11-05 01:00:00.000,2008,11,5,1,VRB02KT,11,11
2008-11-05 02:00:00.000,2008,11,5,2,11005KT,12,11
2008-11-05 03:00:00.000,2008,11,5,3,00000KT,11,11
2008-11-05 04:00:00.000,2008,11,5,4,04003KT,11,10
2008-11-05 05:00:00.000,2008,11,5,5,05007KT,11,10
2008-11-05 07:00:00.000,2008,11,5,7,07004KT,10,09
2008-11-05 08:00:00.000,2008,11,5,8,01005KT,09,09
2008-11-05 09:00:00.000,2008,11,5,9,VRB02KT,09,09
2008-11-05 10:00:00.000,2008,11,5,10,00000KT,08,08
2008-11-05 11:00:00.000,2008,11,5,11,00000KT,09,08
2008-11-05 12:00:00.000,2008,11,5,12,VRB02KT,11,10
2008-11-05 13:00:00.000,2008,11,5,13,VRB02KT,14,11
2008-11-05 14:00:00.000,2008,11,5,14,04005KT,14,12
2008-11-05 15:00:00.000,2008,11,5,15,03005KT,16,12
2008-11-05 16:00:00.000,2008,11,5,16,03007KT,15,12
2008-11-05 17:00:00.000,2008,11,5,17,05006KT,16,12
2008-11-05 18:00:00.000,2008,11,5,18,20003KT,18,10
2008-11-05 19:00:00.000,2008,11,5,19,29008KT,16,13
2008-11-05 20:00:00.000,2008,11,5,20,31008KT,15,13
2008-11-05 21:00:00.000,2008,11,5,21,27006KT,15,14
2008-11-05 22:00:00.000,2008,11,5,22,32005KT,14,13
2008-11-05 23:00:00.000,2008,11,5,23,28004KT,13,13
2008-11-06 00:00:00.000,2008,11,6,0,30003KT,13,12
2008-11-06 02:00:00.000,2008,11,6,2,VRB02KT,12,12
2008-11-06 03:00:00.000,2008,11,6,3,00000KT,11,11
2008-11-06 04:00:00.000,2008,11,6,4,05003KT,11,10
2008-11-06 05:00:00.000,2008,11,6,5,VRB02KT,10,10
2008-11-06 06:00:00.000,2008,11,6,6,07004KT,11,11
2008-11-06 07:00:00.000,2008,11,6,7,05005KT,11,11
2008-11-06 08:00:00.000,2008,11,6,8,02004KT,10,09
2008-11-06 09:00:00.000,2008,11,6,9,00000KT,09,09
2008-11-06 10:00:00.000,2008,11,6,10,00000KT,08,08
2008-11-06 11:00:00.000,2008,11,6,11,VRB02KT,08,08
2008-11-06 12:00:00.000,2008,11,6,12,35004KT,11,10
2008-11-06 13:00:00.000,2008,11,6,13,36005KT,13,12
2008-11-06 14:00:00.000,2008,11,6,14,00000KT,15,09
2008-11-06 15:00:00.000,2008,11,6,15,VRB02KT,18,08
2008-11-06 17:00:00.000,2008,11,6,17,36004KT,17,08
2008-11-06 18:00:00.000,2008,11,6,18,31004KT,18,11
2008-11-06 20:00:00.000,2008,11,6,20,29012KT,18,13
2008-11-06 21:00:00.000,2008,11,6,21,27008KT,15,12
2008-11-06 22:00:00.000,2008,11,6,22,25006KT,15,13
2008-11-06 23:00:00.000,2008,11,6,23,23006KT,14,11
2008-11-07 00:00:00.000,2008,11,7,0,30006KT,13,13
2008-11-07 01:00:00.000,2008,11,7,1,VRB02KT,13,11
2008-11-07 02:00:00.000,2008,11,7,2,VRB02KT,13,11
2008-11-07 03:00:00.000,2008,11,7,3,35004KT,11,11
2008-11-07 04:00:00.000,2008,11,7,4,00000KT,12,11
2008-11-07 05:00:00.000,2008,11,7,5,VRB02KT,12,11
2008-11-07 06:00:00.000,2008,11,7,6,00000KT,11,10
2008-11-07 08:00:00.000,2008,11,7,8,VRB02KT,11,09
2008-11-07 09:00:00.000,2008,11,7,9,00000KT,10,10
2008-11-07 10:00:00.000,2008,11,7,10,14003KT,10,10
2008-11-07 11:00:00.000,2008,11,7,11,00000KT,10,09
2008-11-07 12:00:00.000,2008,11,7,12,00000KT,11,11
2008-11-07 13:00:00.000,2008,11,7,13,VRB02KT,14,12
2008-11-07 14:00:00.000,2008,11,7,14,01008KT,16,11
2008-11-07 15:00:00.000,2008,11,7,15,35003KT,17,11
2008-11-07 16:00:00.000,2008,11,7,16,36003KT,19,10
2008-11-07 17:00:00.000,2008,11,7,17,28009KT,17,12
2008-11-07 18:00:00.000,2008,11,7,18,24012KT,17,13
2008-11-07 19:00:00.000,2008,11,7,19,29010KT,15,15
2008-11-07 20:00:00.000,2008,11,7,20,27014KT,17,14
2008-11-07 21:00:00.000,2008,11,7,21,30008KT,15,14
2008-11-07 22:00:00.000,2008,11,7,22,VRB02KT,15,14
2008-11-07 23:00:00.000,2008,11,7,23,31005KT,13,13
2008-11-08 00:00:00.000,2008,11,8,0,00000KT,13,12
2008-11-08 01:00:00.000,2008,11,8,1,00000KT,13,12
2008-11-08 02:00:00.000,2008,11,8,2,00000KT,12,12
2008-11-08 03:00:00.000,2008,11,8,3,34003KT,12,11
2008-11-08 04:00:00.000,2008,11,8,4,VRB02KT,12,12
2008-11-08 05:00:00.000,2008,11,8,5,31003KT,12,11
2008-11-08 07:00:00.000,2008,11,8,7,28004KT,11,10
2008-11-08 08:00:00.000,2008,11,8,8,VRB02KT,11,11
2008-11-08 09:00:00.000,2008,11,8,9,VRB02KT,11,11
2008-11-08 10:00:00.000,2008,11,8,10,VRB02KT,11,10
2008-11-08 11:00:00.000,2008,11,8,11,VRB02KT,11,10
2008-11-08 12:00:00.000,2008,11,8,12,VRB02KT,11,10
2008-11-08 13:00:00.000,2008,11,8,13,VRB02KT,14,12
2008-11-08 14:00:00.000,2008,11,8,14,00000KT,15,13
2008-11-08 15:00:00.000,2008,11,8,15,VRB02KT,18,13
2008-11-08 16:00:00.000,2008,11,8,16,28011KT,17,13
2008-11-08 17:00:00.000,2008,11,8,17,30015KT,17,13
2008-11-08 18:00:00.000,2008,11,8,18,28012KT,18,13
2008-11-08 20:00:00.000,2008,11,8,20,28007KT,17,12
2008-11-08 21:00:00.000,2008,11,8,21,34007KT,15,14
2008-11-08 22:00:00.000,2008,11,8,22,29003KT,14,13
2008-11-08 23:00:00.000,2008,11,8,23,23003KT,13,12
2008-11-09 00:00:00.000,2008,11,9,0,VRB02KT,13,12
2008-11-09 01:00:00.000,2008,11,9,1,00000KT,12,11
2008-11-09 02:00:00.000,2008,11,9,2,VRB02KT,11,11
2008-11-09 03:00:00.000,2008,11,9,3,VRB02KT,11,10
2008-11-09 05:00:00.000,2008,11,9,5,00000KT,10,10
2008-11-09 06:00:00.000,2008,11,9,6,34004KT,10,09
2008-11-09 10:00:00.000,2008,11,9,10,00000KT,08,08
2008-11-09 12:00:00.000,2008,11,9,12,00000KT,09,09
2008-11-09 13:00:00.000,2008,11,9,13,04005KT,12,10
2008-11-09 14:00:00.000,2008,11,9,14,04004KT,14,11
2008-11-09 15:00:00.000,2008,11,9,15,01005KT,16,11
2008-11-09 16:00:00.000,2008,11,9,16,36003KT,18,10
2008-11-09 17:00:00.000,2008,11,9,17,13008KT,19,08
2008-11-09 18:00:00.000,2008,11,9,18,26010KT,18,13
2008-11-09 19:00:00.000,2008,11,9,19,30014KT,17,13
2008-11-09 20:00:00.000,2008,11,9,20,25013KT,16,12
2008-11-09 21:00:00.000,2008,11,9,21,28007KT,17,11
2008-11-09 22:00:00.000,2008,11,9,22,25006KT,15,12
2008-11-09 23:00:00.000,2008,11,9,23,28003KT,14,12
2008-11-10 00:00:00.000,2008,11,10,0,VRB02KT,13,12
2008-11-10 01:00:00.000,2008,11,10,1,35003KT,12,11
2008-11-10 02:00:00.000,2008,11,10,2,VRB02KT,12,11
2008-11-10 03:00:00.000,2008,11,10,3,VRB02KT,11,10
2008-11-10 04:00:00.000,2008,11,10,4,VRB02KT,11,11
2008-11-10 05:00:00.000,2008,11,10,5,30003KT,10,10
2008-11-10 06:00:00.000,2008,11,10,6,VRB02KT,11,11
2008-11-10 07:00:00.000,2008,11,10,7,VRB02KT,11,11
2008-11-10 08:00:00.000,2008,11,10,8,02003KT,11,10
2008-11-10 09:00:00.000,2008,11,10,9,04003KT,09,09
2008-11-10 10:00:00.000,2008,11,10,10,03004KT,09,08
2008-11-10 11:00:00.000,2008,11,10,11,31003KT,07,07
2008-11-10 12:00:00.000,2008,11,10,12,03005KT,08,08
2008-11-10 13:00:00.000,2008,11,10,13,02004KT,11,11
2008-11-10 14:00:00.000,2008,11,10,14,03006KT,14,13
2008-11-10 15:00:00.000,2008,11,10,15,07006KT,17,11
2008-11-10 16:00:00.000,2008,11,10,16,11010KT,18,08
2008-11-10 17:00:00.000,2008,11,10,17,10012KT,19,10
2008-11-10 18:00:00.000,2008,11,10,18,10010KT,19,10
2008-11-10 19:00:00.000,2008,11,10,19,22004KT,18,11
2008-11-10 20:00:00.000,2008,11,10,20,24010KT,19,13
2008-11-10 21:00:00.000,2008,11,10,21,24008KT,17,13
2008-11-10 22:00:00.000,2008,11,10,22,27010KT,16,14
2008-11-10 23:00:00.000,2008,11,10,23,23004KT,15,14
2008-11-11 00:00:00.000,2008,11,11,0,00000KT,13,13
2008-11-11 01:00:00.000,2008,11,11,1,VRB02KT,12,12
2008-11-11 02:00:00.000,2008,11,11,2,VRB02KT,12,11
2008-11-11 03:00:00.000,2008,11,11,3,35003KT,12,11
2008-11-11 04:00:00.000,2008,11,11,4,VRB02KT,10,10
2008-11-11 05:00:00.000,2008,11,11,5,00000KT,10,10
2008-11-11 06:00:00.000,2008,11,11,6,35003KT,10,10
2008-11-11 07:00:00.000,2008,11,11,7,27003KT,09,09
2008-11-11 08:00:00.000,2008,11,11,8,31003KT,08,08
2008-11-11 09:00:00.000,2008,11,11,9,00000KT,09,09
2008-11-11 10:00:00.000,2008,11,11,10,VRB02KT,09,09
2008-11-11 11:00:00.000,2008,11,11,11,00000KT,09,09
2008-11-11 12:00:00.000,2008,11,11,12,02004KT,11,10
2008-11-11 13:00:00.000,2008,11,11,13,VRB02KT,14,12
2008-11-11 14:00:00.000,2008,11,11,14,34004KT,16,12
2008-11-11 15:00:00.000,2008,11,11,15,02004KT,18,11
2008-11-11 16:00:00.000,2008,11,11,16,VRB02KT,20,11
2008-11-11 17:00:00.000,2008,11,11,17,27010KT,18,12
2008-11-11 18:00:00.000,2008,11,11,18,24010KT,19,13
2008-11-11 19:00:00.000,2008,11,11,19,26011KT,18,13
2008-11-11 20:00:00.000,2008,11,11,20,26011KT,17,12
2008-11-11 21:00:00.000,2008,11,11,21,25009KT,17,13
2008-11-11 22:00:00.000,2008,11,11,22,25007KT,16,13
2008-11-11 23:00:00.000,2008,11,11,23,26007KT,15,13
2008-11-12 00:00:00.000,2008,11,12,0,VRB02KT,14,12
2008-11-12 01:00:00.000,2008,11,12,1,00000KT,14,12
2008-11-12 02:00:00.000,2008,11,12,2,05006KT,14,12
2008-11-12 04:00:00.000,2008,11,12,4,32005KT,12,11
2008-11-12 05:00:00.000,2008,11,12,5,VRB02KT,12,11
2008-11-12 06:00:00.000,2008,11,12,6,36003KT,12,11
2008-11-12 07:00:00.000,2008,11,12,7,34003KT,11,10
2008-11-12 08:00:00.000,2008,11,12,8,VRB02KT,11,11
2008-11-12 09:00:00.000,2008,11,12,9,00000KT,11,10
2008-11-12 10:00:00.000,2008,11,12,10,21003KT,10,10
2008-11-12 11:00:00.000,2008,11,12,11,00000KT,10,10
2008-11-12 12:00:00.000,2008,11,12,12,VRB02KT,11,10
2008-11-12 13:00:00.000,2008,11,12,13,34003KT,12,11
2008-11-12 14:00:00.000,2008,11,12,14,01003KT,14,12
2008-11-12 15:00:00.000,2008,11,12,15,11004KT,16,11
2008-11-12 16:00:00.000,2008,11,12,16,VRB02KT,18,10
2008-11-12 17:00:00.000,2008,11,12,17,25007KT,19,12
2008-11-12 18:00:00.000,2008,11,12,18,26007KT,17,12
2008-11-12 19:00:00.000,2008,11,12,19,29016KT,17,14
2008-11-12 20:00:00.000,2008,11,12,20,29010KT,16,13
2008-11-12 21:00:00.000,2008,11,12,21,25007KT,17,13
2008-11-12 23:00:00.000,2008,11,12,23,26004KT,14,12
2008-11-13 00:00:00.000,2008,11,13,0,27006KT,14,13
2008-11-13 01:00:00.000,2008,11,13,1,29004KT,13,13
2008-11-13 02:00:00.000,2008,11,13,2,31005KT,13,13
2008-11-13 03:00:00.000,2008,11,13,3,VRB02KT,12,11
2008-11-13 04:00:00.000,2008,11,13,4,VRB02KT,12,11
2008-11-13 05:00:00.000,2008,11,13,5,VRB02KT,12,11
2008-11-13 06:00:00.000,2008,11,13,6,00000KT,12,11
2008-11-13 07:00:00.000,2008,11,13,7,VRB02KT,12,11
2008-11-13 08:00:00.000,2008,11,13,8,00000KT,11,11
2008-11-13 09:00:00.000,2008,11,13,9,00000KT,11,11
2008-11-13 10:00:00.000,2008,11,13,10,VRB02KT,11,11
2008-11-13 11:00:00.000,2008,11,13,11,VRB02KT,12,12
2008-11-13 12:00:00.000,2008,11,13,12,VRB02KT,12,12
2008-11-13 13:00:00.000,2008,11,13,13,30003KT,13,13
2008-11-13 14:00:00.000,2008,11,13,14,30004KT,12,12
2008-11-13 15:00:00.000,2008,11,13,15,30004KT,13,12
2008-11-13 16:00:00.000,2008,11,13,16,27005KT,17,12
2008-11-13 17:00:00.000,2008,11,13,17,24008KT,17,12
2008-11-13 18:00:00.000,2008,11,13,18,30009KT,17,14
2008-11-13 19:00:00.000,2008,11,13,19,25005KT,14,13
2008-11-13 20:00:00.000,2008,11,13,20,11004KT,14,13
2008-11-13 21:00:00.000,2008,11,13,21,16003KT,14,14
2008-11-13 22:00:00.000,2008,11,13,22,22004KT,14,14
2008-11-13 23:00:00.000,2008,11,13,23,24004KT,13,13
2008-11-14 00:00:00.000,2008,11,14,0,26003KT,13,12
2008-11-14 01:00:00.000,2008,11,14,1,26005KT,13,12
2008-11-14 02:00:00.000,2008,11,14,2,25005KT,13,12
2008-11-14 03:00:00.000,2008,11,14,3,25003KT,12,11
2008-11-14 04:00:00.000,2008,11,14,4,VRB02KT,12,11
2008-11-14 05:00:00.000,2008,11,14,5,VRB02KT,11,11
2008-11-14 06:00:00.000,2008,11,14,6,VRB02KT,11,11
2008-11-14 07:00:00.000,2008,11,14,7,VRB02KT,11,11
2008-11-14 08:00:00.000,2008,11,14,8,VRB02KT,11,11
2008-11-14 09:00:00.000,2008,11,14,9,VRB02KT,11,10
2008-11-14 10:00:00.000,2008,11,14,10,22003KT,10,10
2008-11-14 11:00:00.000,2008,11,14,11,00000KT,10,10
2008-11-14 13:00:00.000,2008,11,14,13,00000KT,16,14
2008-11-14 14:00:00.000,2008,11,14,14,00000KT,15,11
2008-11-14 15:00:00.000,2008,11,14,15,34004KT,17,12
2008-11-14 16:00:00.000,2008,11,14,16,27005KT,18,13
2008-11-14 17:00:00.000,2008,11,14,17,35005KT,18,12
2008-11-14 19:00:00.000,2008,11,14,19,31012KT,18,12
2008-11-14 20:00:00.000,2008,11,14,20,31012KT,16,13
2008-11-14 21:00:00.000,2008,11,14,21,31008KT,16,13
2008-11-14 22:00:00.000,2008,11,14,22,31011KT,15,12
2008-11-14 23:00:00.000,2008,11,14,23,31010KT,13,12
2008-11-15 00:00:00.000,2008,11,15,0,30006KT,12,11
2008-11-15 01:00:00.000,2008,11,15,1,32004KT,12,11
2008-11-15 02:00:00.000,2008,11,15,2,VRB02KT,11,10
2008-11-15 03:00:00.000,2008,11,15,3,30003KT,11,10
2008-11-15 04:00:00.000,2008,11,15,4,VRB02KT,11,10
2008-11-15 05:00:00.000,2008,11,15,5,VRB02KT,12,11
2008-11-15 06:00:00.000,2008,11,15,6,34003KT,10,10
2008-11-15 07:00:00.000,2008,11,15,7,36003KT,10,09
2008-11-15 08:00:00.000,2008,11,15,8,VRB02KT,10,09
2008-11-15 09:00:00.000,2008,11,15,9,VRB02KT,10,10
2008-11-15 10:00:00.000,2008,11,15,10,32004KT,10,09
2008-11-15 11:00:00.000,2008,11,15,11,01003KT,10,10
2008-11-15 12:00:00.000,2008,11,15,12,31003KT,11,10
2008-11-15 13:00:00.000,2008,11,15,13,VRB02KT,12,11
2008-11-15 14:00:00.000,2008,11,15,14,VRB02KT,13,12
2008-11-15 15:00:00.000,2008,11,15,15,00000KT,15,11
2008-11-15 16:00:00.000,2008,11,15,16,26003KT,17,11
2008-11-15 17:00:00.000,2008,11,15,17,29006KT,17,11
2008-11-15 18:00:00.000,2008,11,15,18,29012KT,17,14
2008-11-15 19:00:00.000,2008,11,15,19,26012KT,16,13
2008-11-15 20:00:00.000,2008,11,15,20,26011KT,16,13
2008-11-15 21:00:00.000,2008,11,15,21,28011KT,15,13
2008-11-15 22:00:00.000,2008,11,15,22,26008KT,13,12
2008-11-15 23:00:00.000,2008,11,15,23,26005KT,13,12
2008-11-16 00:00:00.000,2008,11,16,0,VRB02KT,12,12
2008-11-16 01:00:00.000,2008,11,16,1,34004KT,12,12
2008-11-16 02:00:00.000,2008,11,16,2,35004KT,12,12
2008-11-16 03:00:00.000,2008,11,16,3,VRB02KT,11,11
2008-11-16 04:00:00.000,2008,11,16,4,VRB02KT,11,11
2008-11-16 05:00:00.000,2008,11,16,5,VRB02KT,11,11
2008-11-16 06:00:00.000,2008,11,16,6,27003KT,11,11
2008-11-16 07:00:00.000,2008,11,16,7,27004KT,11,11
2008-11-16 09:00:00.000,2008,11,16,9,00000KT,11,11
2008-11-16 10:00:00.000,2008,11,16,10,00000KT,10,10
2008-11-16 11:00:00.000,2008,11,16,11,00000KT,10,10
2008-11-16 13:00:00.000,2008,11,16,13,VRB02KT,13,12
2008-11-16 14:00:00.000,2008,11,16,14,VRB02KT,16,12
2008-11-16 15:00:00.000,2008,11,16,15,17003KT,16,12
2008-11-16 16:00:00.000,2008,11,16,16,34006KT,17,10
2008-11-16 17:00:00.000,2008,11,16,17,01003KT,18,12
2008-11-16 18:00:00.000,2008,11,16,18,30006KT,19,11
2008-11-16 19:00:00.000,2008,11,16,19,27015KT,16,14
2008-11-16 20:00:00.000,2008,11,16,20,26008KT,16,13
2008-11-16 21:00:00.000,2008,11,16,21,25010KT,15,14
2008-11-17 00:00:00.000,2008,11,17,0,VRB02KT,12,11
2008-11-17 01:00:00.000,2008,11,17,1,VRB02KT,11,11
2008-11-17 02:00:00.000,2008,11,17,2,00000KT,11,11
2008-11-17 03:00:00.000,2008,11,17,3,35003KT,11,11
2008-11-17 04:00:00.000,2008,11,17,4,VRB02KT,11,11
2008-11-17 05:00:00.000,2008,11,17,5,00000KT,11,11
2008-11-17 06:00:00.000,2008,11,17,6,32004KT,11,11
2008-11-17 07:00:00.000,2008,11,17,7,28004KT,11,11
2008-11-17 08:00:00.000,2008,11,17,8,29003KT,10,10
2008-11-17 09:00:00.000,2008,11,17,9,VRB02KT,10,10
2008-11-17 10:00:00.000,2008,11,17,10,00000KT,09,09
2008-11-17 11:00:00.000,2008,11,17,11,VRB02KT,09,09
2008-11-17 12:00:00.000,2008,11,17,12,VRB02KT,10,10
2008-11-17 13:00:00.000,2008,11,17,13,VRB02KT,14,13
2008-11-17 14:00:00.000,2008,11,17,14,VRB02KT,15,12
2008-11-17 15:00:00.000,2008,11,17,15,VRB02KT,17,12
2008-11-17 16:00:00.000,2008,11,17,16,32007KT,17,11
2008-11-17 17:00:00.000,2008,11,17,17,24006KT,18,10
2008-11-17 18:00:00.000,2008,11,17,18,30006KT,20,10
2008-11-17 19:00:00.000,2008,11,17,19,28015KT,17,14
2008-11-17 21:00:00.000,2008,11,17,21,24010KT,15,14
2008-11-17 22:00:00.000,2008,11,17,22,28007KT,15,13
2008-11-17 23:00:00.000,2008,11,17,23,31008KT,13,13
2008-11-18 01:00:00.000,2008,11,18,1,VRB02KT,13,12
2008-11-18 02:00:00.000,2008,11,18,2,VRB02KT,12,11
2008-11-18 03:00:00.000,2008,11,18,3,32003KT,12,11
2008-11-18 04:00:00.000,2008,11,18,4,VRB02KT,12,11
2008-11-18 05:00:00.000,2008,11,18,5,VRB02KT,11,11
2008-11-18 06:00:00.000,2008,11,18,6,31003KT,11,11
2008-11-18 07:00:00.000,2008,11,18,7,31004KT,12,11
2008-11-18 08:00:00.000,2008,11,18,8,29003KT,11,11
2008-11-18 09:00:00.000,2008,11,18,9,VRB02KT,11,11
2008-11-18 10:00:00.000,2008,11,18,10,VRB02KT,11,11
2008-11-18 11:00:00.000,2008,11,18,11,33004KT,11,10
2008-11-18 12:00:00.000,2008,11,18,12,01004KT,11,11
2008-11-18 13:00:00.000,2008,11,18,13,31003KT,13,12
2008-11-18 15:00:00.000,2008,11,18,15,33004KT,14,12
2008-11-18 16:00:00.000,2008,11,18,16,35004KT,13,12
2008-11-18 17:00:00.000,2008,11,18,17,02003KT,15,12
2008-11-18 18:00:00.000,2008,11,18,18,00000KT,15,12
2008-11-18 19:00:00.000,2008,11,18,19,27005KT,15,12
2008-11-18 20:00:00.000,2008,11,18,20,25005KT,17,12
2008-11-18 21:00:00.000,2008,11,18,21,22003KT,17,12
2008-11-18 22:00:00.000,2008,11,18,22,28006KT,16,13
2008-11-18 23:00:00.000,2008,11,18,23,26005KT,14,13
2008-11-19 00:00:00.000,2008,11,19,0,26008KT,13,11
2008-11-19 01:00:00.000,2008,11,19,1,28004KT,12,11
2008-11-19 02:00:00.000,2008,11,19,2,18003KT,12,11
2008-11-19 03:00:00.000,2008,11,19,3,00000KT,12,11
2008-11-19 04:00:00.000,2008,11,19,4,VRB02KT,11,10
2008-11-19 05:00:00.000,2008,11,19,5,27003KT,11,10
2008-11-19 07:00:00.000,2008,11,19,7,VRB02KT,11,11
2008-11-19 10:00:00.000,2008,11,19,10,VRB02KT,09,09
2008-11-19 12:00:00.000,2008,11,19,12,33004KT,10,09
2008-11-19 13:00:00.000,2008,11,19,13,02003KT,11,11
2008-11-19 14:00:00.000,2008,11,19,14,VRB02KT,13,12
2008-11-19 16:00:00.000,2008,11,19,16,VRB02KT,18,15
2008-11-19 17:00:00.000,2008,11,19,17,32010KT,18,13
2008-11-19 18:00:00.000,2008,11,19,18,31011KT,19,12
2008-11-19 19:00:00.000,2008,11,19,19,30014KT,19,13
2008-11-19 20:00:00.000,2008,11,19,20,27013KT,18,13
2008-11-19 21:00:00.000,2008,11,19,21,25013KT,16,13
2008-11-19 22:00:00.000,2008,11,19,22,25008KT,15,13
2008-11-20 13:00:00.000,2008,11,20,13,VRB02KT,14,13
2008-11-20 14:00:00.000,2008,11,20,14,00000KT,16,13
2008-11-20 15:00:00.000,2008,11,20,15,VRB02KT,18,12
2008-11-20 17:00:00.000,2008,11,20,17,25006KT,14,12
2008-11-20 18:00:00.000,2008,11,20,18,24008KT,17,14
2008-11-20 19:00:00.000,2008,11,20,19,04006KT,16,11
2008-11-20 20:00:00.000,2008,11,20,20,05004KT,17,12
2008-11-20 21:00:00.000,2008,11,20,21,36005KT,15,12
2008-11-20 23:00:00.000,2008,11,20,23,31004KT,13,12
2008-11-21 00:00:00.000,2008,11,21,0,33004KT,12,11
2008-11-21 01:00:00.000,2008,11,21,1,VRB02KT,12,11
2008-11-21 02:00:00.000,2008,11,21,2,VRB02KT,12,11
2008-11-21 03:00:00.000,2008,11,21,3,VRB02KT,12,11
2008-11-21 04:00:00.000,2008,11,21,4,VRB02KT,11,11
2008-11-21 06:00:00.000,2008,11,21,6,VRB02KT,10,10
2008-11-21 09:00:00.000,2008,11,21,9,VRB02KT,13,100
2008-11-21 10:00:00.000,2008,11,21,10,VRB02KT,10,10
2008-11-21 13:00:00.000,2008,11,21,13,02004KT,13,12
2008-11-21 15:00:00.000,2008,11,21,15,VRB02KT,17,12
2008-11-21 16:00:00.000,2008,11,21,16,32005KT,17,12
2008-11-21 17:00:00.000,2008,11,21,17,30005KT,19,12
2008-11-21 18:00:00.000,2008,11,21,18,27015KT,17,13
2008-11-21 19:00:00.000,2008,11,21,19,27010KT,17,14
2008-11-21 20:00:00.000,2008,11,21,20,28008KT,16,14
2008-11-21 21:00:00.000,2008,11,21,21,26005KT,16,13
2008-11-21 22:00:00.000,2008,11,21,22,31007KT,16,14
2008-11-22 02:00:00.000,2008,11,22,2,32004KT,13,12
2008-11-22 03:00:00.000,2008,11,22,3,31003KT,13,12
2008-11-22 04:00:00.000,2008,11,22,4,32003KT,13,12
2008-11-22 05:00:00.000,2008,11,22,5,29004KT,12,11
2008-11-22 06:00:00.000,2008,11,22,6,VRB02KT,11,10
2008-11-22 07:00:00.000,2008,11,22,7,00000KT,11,11
2008-11-22 08:00:00.000,2008,11,22,8,VRB02KT,11,11
2008-11-22 09:00:00.000,2008,11,22,9,VRB02KT,10,10
2008-11-22 10:00:00.000,2008,11,22,10,00000KT,10,10
2008-11-22 11:00:00.000,2008,11,22,11,VRB02KT,10,10
2008-11-22 12:00:00.000,2008,11,22,12,VRB02KT,10,10
2008-11-22 13:00:00.000,2008,11,22,13,34003KT,11,11
2008-11-22 14:00:00.000,2008,11,22,14,VRB02KT,16,13
2008-11-22 15:00:00.000,2008,11,22,15,01004KT,18,13
2008-11-22 16:00:00.000,2008,11,22,16,06007KT,17,13
2008-11-22 17:00:00.000,2008,11,22,17,VRB02KT,18,12
2008-11-22 18:00:00.000,2008,11,22,18,28007KT,18,13
2008-11-22 19:00:00.000,2008,11,22,19,25011KT,16,14
2008-11-22 20:00:00.000,2008,11,22,20,29009KT,15,14
2008-11-22 21:00:00.000,2008,11,22,21,27003KT,16,14
2008-11-22 22:00:00.000,2008,11,22,22,23004KT,15,14
2008-11-22 23:00:00.000,2008,11,22,23,29004KT,14,14
2008-11-23 00:00:00.000,2008,11,23,0,31004KT,14,13
2008-11-23 01:00:00.000,2008,11,23,1,VRB02KT,14,13
2008-11-23 02:00:00.000,2008,11,23,2,00000KT,13,13
2008-11-23 03:00:00.000,2008,11,23,3,00000KT,13,13
2008-11-23 04:00:00.000,2008,11,23,4,33003KT,13,13
2008-11-23 05:00:00.000,2008,11,23,5,00000KT,13,13
2008-11-23 06:00:00.000,2008,11,23,6,00000KT,13,12
2008-11-23 10:00:00.000,2008,11,23,10,00000KT,11,10
2008-11-23 11:00:00.000,2008,11,23,11,04004KT,11,10
2008-11-23 12:00:00.000,2008,11,23,12,VRB02KT,12,12
2008-11-23 13:00:00.000,2008,11,23,13,03005KT,13,12
2008-11-23 14:00:00.000,2008,11,23,14,04005KT,15,12
2008-11-23 15:00:00.000,2008,11,23,15,12005KT,17,10
2008-11-23 16:00:00.000,2008,11,23,16,07007KT,18,11
2008-11-23 17:00:00.000,2008,11,23,17,14006KT,18,11
2008-11-23 18:00:00.000,2008,11,23,18,15004KT,19,11
2008-11-23 19:00:00.000,2008,11,23,19,08012KT,18,12
2008-11-23 20:00:00.000,2008,11,23,20,25007KT,16,15
2008-11-23 21:00:00.000,2008,11,23,21,27009KT,17,15
2008-11-23 22:00:00.000,2008,11,23,22,32005KT,16,14
2008-11-23 23:00:00.000,2008,11,23,23,32004KT,14,14
2008-11-24 00:00:00.000,2008,11,24,0,31003KT,13,12
2008-11-24 01:00:00.000,2008,11,24,1,32004KT,14,12
2008-11-24 02:00:00.000,2008,11,24,2,03005KT,13,12
2008-11-24 03:00:00.000,2008,11,24,3,04003KT,12,11
2008-11-24 04:00:00.000,2008,11,24,4,32003KT,12,11
2008-11-24 05:00:00.000,2008,11,24,5,VRB02KT,12,11
2008-11-24 06:00:00.000,2008,11,24,6,04003KT,11,10
2008-11-24 07:00:00.000,2008,11,24,7,03005KT,11,10
2008-11-24 08:00:00.000,2008,11,24,8,02003KT,11,10
2008-11-24 09:00:00.000,2008,11,24,9,03005KT,11,10
2008-11-24 10:00:00.000,2008,11,24,10,03004KT,12,11
2008-11-24 11:00:00.000,2008,11,24,11,04005KT,12,11
2008-11-24 12:00:00.000,2008,11,24,12,04004KT,12,12
2008-11-24 13:00:00.000,2008,11,24,13,03006KT,13,12
2008-11-24 14:00:00.000,2008,11,24,14,02004KT,15,12
2008-11-24 15:00:00.000,2008,11,24,15,14004KT,17,11
2008-11-24 16:00:00.000,2008,11,24,16,04007KT,16,12
2008-11-24 17:00:00.000,2008,11,24,17,03008KT,17,12
2008-11-24 18:00:00.000,2008,11,24,18,04005KT,17,12
2008-11-24 19:00:00.000,2008,11,24,19,04006KT,17,12
2008-11-24 20:00:00.000,2008,11,24,20,03004KT,17,12
2008-11-24 21:00:00.000,2008,11,24,21,11010KT,17,10
2008-11-24 22:00:00.000,2008,11,24,22,07007KT,17,10
2008-11-24 23:00:00.000,2008,11,24,23,08004KT,16,10
2008-11-25 00:00:00.000,2008,11,25,0,00000KT,14,11
2008-11-25 01:00:00.000,2008,11,25,1,VRB02KT,13,12
2008-11-25 02:00:00.000,2008,11,25,2,00000KT,12,12
2008-11-25 03:00:00.000,2008,11,25,3,00000KT,11,10
2008-11-25 04:00:00.000,2008,11,25,4,00000KT,12,11
2008-11-25 05:00:00.000,2008,11,25,5,00000KT,12,12
2008-11-25 06:00:00.000,2008,11,25,6,00000KT,12,11
2008-11-25 07:00:00.000,2008,11,25,7,00000KT,11,11
2008-11-25 08:00:00.000,2008,11,25,8,00000KT,10,10
2008-11-25 09:00:00.000,2008,11,25,9,00000KT,10,10
2008-11-25 10:00:00.000,2008,11,25,10,00000KT,09,09
2008-11-25 11:00:00.000,2008,11,25,11,00000KT,08,08
2008-11-25 12:00:00.000,2008,11,25,12,04003KT,11,11
2008-11-25 13:00:00.000,2008,11,25,13,06005KT,13,13
2008-11-25 14:00:00.000,2008,11,25,14,04005KT,16,12
2008-11-25 15:00:00.000,2008,11,25,15,06007KT,16,12
2008-11-25 16:00:00.000,2008,11,25,16,02007KT,18,11
2008-11-25 17:00:00.000,2008,11,25,17,05003KT,16,12
2008-11-25 18:00:00.000,2008,11,25,18,05005KT,17,12
2008-11-25 19:00:00.000,2008,11,25,19,23004KT,19,13
2008-11-25 20:00:00.000,2008,11,25,20,23012KT,16,15
2008-11-25 21:00:00.000,2008,11,25,21,24009KT,15,14
2008-11-25 22:00:00.000,2008,11,25,22,23003KT,14,13
2008-11-25 23:00:00.000,2008,11,25,23,28004KT,13,13
2008-11-26 00:00:00.000,2008,11,26,0,32003KT,13,12
2008-11-26 01:00:00.000,2008,11,26,1,31004KT,13,12
2008-11-26 02:00:00.000,2008,11,26,2,VRB02KT,13,12
2008-11-26 03:00:00.000,2008,11,26,3,00000KT,13,12
2008-11-26 04:00:00.000,2008,11,26,4,00000KT,13,12
2008-11-26 06:00:00.000,2008,11,26,6,00000KT,12,11
2008-11-26 07:00:00.000,2008,11,26,7,VRB02KT,11,11
2008-11-26 08:00:00.000,2008,11,26,8,VRB02KT,11,11
2008-11-26 09:00:00.000,2008,11,26,9,VRB02KT,11,11
2008-11-26 10:00:00.000,2008,11,26,10,00000KT,11,11
2008-11-26 11:00:00.000,2008,11,26,11,27003KT,12,11
2008-11-26 12:00:00.000,2008,11,26,12,31004KT,11,11
2008-11-26 13:00:00.000,2008,11,26,13,28004KT,12,11
2008-11-26 14:00:00.000,2008,11,26,14,28004KT,12,12
2008-11-26 15:00:00.000,2008,11,26,15,27004KT,13,13
2008-11-26 16:00:00.000,2008,11,26,16,21004KT,15,13
2008-11-26 17:00:00.000,2008,11,26,17,27010KT,14,13
2008-11-26 18:00:00.000,2008,11,26,18,27006KT,14,12
2008-11-26 19:00:00.000,2008,11,26,19,30007KT,14,12
2008-11-26 20:00:00.000,2008,11,26,20,29006KT,14,12
2008-11-26 21:00:00.000,2008,11,26,21,34006KT,13,12
2008-11-26 22:00:00.000,2008,11,26,22,35005KT,12,12
2008-11-26 23:00:00.000,2008,11,26,23,VRB02KT,12,11
2008-11-27 00:00:00.000,2008,11,27,0,VRB02KT,11,11
2008-11-27 01:00:00.000,2008,11,27,1,00000KT,11,11
2008-11-27 02:00:00.000,2008,11,27,2,00000KT,11,11
2008-11-27 03:00:00.000,2008,11,27,3,00000KT,11,11
2008-11-27 04:00:00.000,2008,11,27,4,VRB02KT,11,11
2008-11-27 05:00:00.000,2008,11,27,5,33004KT,10,10
2008-11-27 06:00:00.000,2008,11,27,6,VRB02KT,10,10
2008-11-27 07:00:00.000,2008,11,27,7,32003KT,10,10
2008-11-27 08:00:00.000,2008,11,27,8,00000KT,10,10
2008-11-27 09:00:00.000,2008,11,27,9,00000KT,10,10
2008-11-27 10:00:00.000,2008,11,27,10,33003KT,10,10
2008-11-27 11:00:00.000,2008,11,27,11,VRB02KT,10,10
2008-11-27 12:00:00.000,2008,11,27,12,01003KT,11,10
2008-11-27 13:00:00.000,2008,11,27,13,01003KT,12,11
2008-11-27 14:00:00.000,2008,11,27,14,33003KT,14,13
2008-11-27 15:00:00.000,2008,11,27,15,03003KT,15,12
2008-11-27 16:00:00.000,2008,11,27,16,15004KT,17,11
2008-11-27 17:00:00.000,2008,11,27,17,VRB02KT,18,12
2008-11-27 19:00:00.000,2008,11,27,19,27014KT,18,14
2008-11-27 21:00:00.000,2008,11,27,21,30010KT,16,12
2008-11-27 22:00:00.000,2008,11,27,22,00000KT,27,24
2008-11-27 23:00:00.000,2008,11,27,23,34004KT,13,11
2008-11-28 00:00:00.000,2008,11,28,0,31005KT,13,13
2008-11-28 01:00:00.000,2008,11,28,1,31004KT,13,13
2008-11-28 02:00:00.000,2008,11,28,2,00000KT,13,13
2008-11-28 04:00:00.000,2008,11,28,4,00000KT,12,12
2008-11-28 10:00:00.000,2008,11,28,10,00000KT,11,11
2008-11-28 16:00:00.000,2008,11,28,16,25004KT,16,12
2008-11-29 00:00:00.000,2008,11,29,0,30006KT,14,14
2008-11-29 01:00:00.000,2008,11,29,1,VRB02KT,13,13
2008-11-29 17:00:00.000,2008,11,29,17,27003KT,15,12
2008-11-29 18:00:00.000,2008,11,29,18,24005KT,16,13
2008-11-29 19:00:00.000,2008,11,29,19,VRB02KT,16,12
2008-11-29 20:00:00.000,2008,11,29,20,25006KT,15,14
2008-11-29 21:00:00.000,2008,11,29,21,25008KT,15,14
2008-11-29 22:00:00.000,2008,11,29,22,27008KT,14,13
2008-11-30 02:00:00.000,2008,11,30,2,26004KT,12,11
2008-11-30 04:00:00.000,2008,11,30,4,28003KT,11,10
2008-11-30 05:00:00.000,2008,11,30,5,31003KT,10,10
2008-11-30 06:00:00.000,2008,11,30,6,VRB02KT,09,09
2008-11-30 09:00:00.000,2008,11,30,9,25003KT,09,09
2008-11-30 11:00:00.000,2008,11,30,11,VRB02KT,09,09
2008-11-30 12:00:00.000,2008,11,30,12,00000KT,10,10
2008-11-30 13:00:00.000,2008,11,30,13,VRB02KT,13,12
2008-11-30 14:00:00.000,2008,11,30,14,VRB02KT,16,13
2008-11-30 15:00:00.000,2008,11,30,15,01006KT,17,13
2008-11-30 16:00:00.000,2008,11,30,16,08003KT,18,12
2008-11-30 17:00:00.000,2008,11,30,17,11004KT,20,13
2008-11-30 18:00:00.000,2008,11,30,18,30010KT,18,13
2008-11-30 19:00:00.000,2008,11,30,19,26013KT,15,15
2008-11-30 22:00:00.000,2008,11,30,22,28008KT,15,14
2008-12-01 11:00:00.000,2008,12,1,11,00000KT,09,09
2008-12-01 12:00:00.000,2008,12,1,12,34004KT,11,10
2008-12-01 13:00:00.000,2008,12,1,13,VRB02KT,12,11
2008-12-01 14:00:00.000,2008,12,1,14,05003KT,16,13
2008-12-01 15:00:00.000,2008,12,1,15,07006KT,18,12
2008-12-01 16:00:00.000,2008,12,1,16,02008KT,19,09
2008-12-01 17:00:00.000,2008,12,1,17,32006KT,18,11
2008-12-01 18:00:00.000,2008,12,1,18,30010KT,18,13
2008-12-01 19:00:00.000,2008,12,1,19,29012KT,16,15
2008-12-01 20:00:00.000,2008,12,1,20,31018KT,16,13
2008-12-01 21:00:00.000,2008,12,1,21,33010KT,13,13
2008-12-01 22:00:00.000,2008,12,1,22,27004KT,13,13
2008-12-01 23:00:00.000,2008,12,1,23,VRB02KT,13,12
2008-12-02 00:00:00.000,2008,12,2,0,30003KT,12,12
2008-12-02 01:00:00.000,2008,12,2,1,VRB02KT,12,12
2008-12-02 02:00:00.000,2008,12,2,2,VRB02KT,12,12
2008-12-02 03:00:00.000,2008,12,2,3,VRB02KT,12,12
2008-12-02 04:00:00.000,2008,12,2,4,33004KT,12,12
2008-12-02 05:00:00.000,2008,12,2,5,00000KT,11,11
2008-12-02 06:00:00.000,2008,12,2,6,VRB02KT,11,11
2008-12-02 07:00:00.000,2008,12,2,7,01003KT,11,10
2008-12-02 08:00:00.000,2008,12,2,8,23003KT,09,09
2008-12-02 09:00:00.000,2008,12,2,9,35003KT,09,08
2008-12-02 10:00:00.000,2008,12,2,10,21003KT,09,09
2008-12-02 11:00:00.000,2008,12,2,11,VRB02KT,08,07
2008-12-02 12:00:00.000,2008,12,2,12,00000KT,10,10
2008-12-02 13:00:00.000,2008,12,2,13,03003KT,13,12
2008-12-02 14:00:00.000,2008,12,2,14,04004KT,15,11
2008-12-02 15:00:00.000,2008,12,2,15,36006KT,16,11
2008-12-02 16:00:00.000,2008,12,2,16,30004KT,18,12
2008-12-02 17:00:00.000,2008,12,2,17,29004KT,18,10
2008-12-02 18:00:00.000,2008,12,2,18,27010KT,16,13
2008-12-02 19:00:00.000,2008,12,2,19,29010KT,16,13
2008-12-02 20:00:00.000,2008,12,2,20,27012KT,17,13
2008-12-02 21:00:00.000,2008,12,2,21,23014KT,15,14
2008-12-02 22:00:00.000,2008,12,2,22,29010KT,13,13
2008-12-02 23:00:00.000,2008,12,2,23,28005KT,13,13
2008-12-03 00:00:00.000,2008,12,3,0,32005KT,12,11
2008-12-03 01:00:00.000,2008,12,3,1,33005KT,11,11
2008-12-03 03:00:00.000,2008,12,3,3,VRB02KT,11,10
2008-12-03 04:00:00.000,2008,12,3,4,VRB02KT,11,10
2008-12-03 05:00:00.000,2008,12,3,5,VRB02KT,10,10
2008-12-03 06:00:00.000,2008,12,3,6,VRB02KT,09,09
2008-12-03 07:00:00.000,2008,12,3,7,VRB02KT,09,09
2008-12-03 08:00:00.000,2008,12,3,8,VRB02KT,09,08
2008-12-03 09:00:00.000,2008,12,3,9,VRB02KT,09,08
2008-12-03 10:00:00.000,2008,12,3,10,VRB02KT,09,09
2008-12-03 11:00:00.000,2008,12,3,11,01003KT,09,09
2008-12-03 12:00:00.000,2008,12,3,12,VRB02KT,12,12
2008-12-03 13:00:00.000,2008,12,3,13,VRB02KT,13,12
2008-12-03 14:00:00.000,2008,12,3,14,02005KT,15,12
2008-12-03 15:00:00.000,2008,12,3,15,03007KT,16,11
2008-12-03 16:00:00.000,2008,12,3,16,03009KT,18,11
2008-12-03 17:00:00.000,2008,12,3,17,11007KT,18,07
2008-12-03 18:00:00.000,2008,12,3,18,35005KT,19,10
2008-12-03 19:00:00.000,2008,12,3,19,27010KT,17,13
2008-12-03 20:00:00.000,2008,12,3,20,25012KT,16,14
2008-12-03 21:00:00.000,2008,12,3,21,26007KT,14,14
2008-12-03 22:00:00.000,2008,12,3,22,29006KT,14,14
2008-12-03 23:00:00.000,2008,12,3,23,31004KT,13,13
2008-12-04 00:00:00.000,2008,12,4,0,32006KT,13,12
2008-12-04 01:00:00.000,2008,12,4,1,34006KT,12,12
2008-12-04 02:00:00.000,2008,12,4,2,21008KT,12,12
2008-12-04 03:00:00.000,2008,12,4,3,22005KT,12,12
2008-12-04 04:00:00.000,2008,12,4,4,00000KT,12,11
2008-12-04 05:00:00.000,2008,12,4,5,VRB02KT,11,10
2008-12-04 06:00:00.000,2008,12,4,6,VRB02KT,10,10
2008-12-04 07:00:00.000,2008,12,4,7,00000KT,11,11
2008-12-04 08:00:00.000,2008,12,4,8,VRB02KT,11,11
2008-12-04 10:00:00.000,2008,12,4,10,VRB02KT,09,09
2008-12-04 11:00:00.000,2008,12,4,11,VRB02KT,09,09
2008-12-04 12:00:00.000,2008,12,4,12,VRB02KT,10,10
2008-12-04 13:00:00.000,2008,12,4,13,VRB02KT,12,11
2008-12-04 14:00:00.000,2008,12,4,14,05004KT,14,12
2008-12-04 15:00:00.000,2008,12,4,15,30006KT,17,09
2008-12-04 16:00:00.000,2008,12,4,16,28006KT,18,10
2008-12-04 17:00:00.000,2008,12,4,17,34006KT,19,10
2008-12-04 18:00:00.000,2008,12,4,18,30008KT,19,10
2008-12-04 19:00:00.000,2008,12,4,19,27012KT,18,11
2008-12-04 20:00:00.000,2008,12,4,20,27010KT,16,13
2008-12-04 21:00:00.000,2008,12,4,21,28010KT,16,13
2008-12-04 23:00:00.000,2008,12,4,23,23005KT,13,12
2008-12-05 00:00:00.000,2008,12,5,0,24004KT,12,12
2008-12-05 01:00:00.000,2008,12,5,1,VRB02KT,12,12
2008-12-05 02:00:00.000,2008,12,5,2,VRB02KT,11,11
2008-12-05 03:00:00.000,2008,12,5,3,00000KT,11,11
2008-12-05 04:00:00.000,2008,12,5,4,VRB02KT,10,10
2008-12-05 05:00:00.000,2008,12,5,5,33003KT,10,09
2008-12-05 06:00:00.000,2008,12,5,6,VRB02KT,09,09
2008-12-05 07:00:00.000,2008,12,5,7,VRB02KT,09,09
2008-12-05 08:00:00.000,2008,12,5,8,00000KT,09,09
2008-12-05 09:00:00.000,2008,12,5,9,35003KT,08,08
2008-12-05 11:00:00.000,2008,12,5,11,00000KT,08,08
2008-12-05 12:00:00.000,2008,12,5,12,VRB02KT,08,08
2008-12-05 13:00:00.000,2008,12,5,13,00000KT,20,19
2008-12-05 14:00:00.000,2008,12,5,14,33004KT,12,12
2008-12-05 15:00:00.000,2008,12,5,15,29004KT,15,12
2008-12-05 16:00:00.000,2008,12,5,16,22003KT,18,10
2008-12-05 17:00:00.000,2008,12,5,17,27008KT,19,10
2008-12-05 18:00:00.000,2008,12,5,18,27014KT,19,12
2008-12-05 19:00:00.000,2008,12,5,19,27016KT,18,13
2008-12-05 20:00:00.000,2008,12,5,20,27012KT,17,13
2008-12-05 21:00:00.000,2008,12,5,21,27008KT,17,12
2008-12-05 22:00:00.000,2008,12,5,22,27008KT,16,12
2008-12-05 23:00:00.000,2008,12,5,23,29008KT,14,13
2008-12-06 00:00:00.000,2008,12,6,0,32006KT,13,12
2008-12-06 01:00:00.000,2008,12,6,1,31005KT,12,11
2008-12-06 02:00:00.000,2008,12,6,2,29004KT,12,11
2008-12-06 03:00:00.000,2008,12,6,3,24004KT,11,10
2008-12-06 04:00:00.000,2008,12,6,4,28003KT,12,11
2008-12-06 05:00:00.000,2008,12,6,5,25007KT,11,10
2008-12-06 06:00:00.000,2008,12,6,6,VRB02KT,11,10
2008-12-06 07:00:00.000,2008,12,6,7,VRB02KT,11,10
2008-12-06 08:00:00.000,2008,12,6,8,VRB02KT,10,09
2008-12-06 09:00:00.000,2008,12,6,9,VRB02KT,10,10
2008-12-06 10:00:00.000,2008,12,6,10,VRB02KT,10,10
2008-12-06 11:00:00.000,2008,12,6,11,02003KT,10,09
2008-12-06 12:00:00.000,2008,12,6,12,VRB02KT,10,10
2008-12-06 13:00:00.000,2008,12,6,13,06006KT,13,12
2008-12-06 14:00:00.000,2008,12,6,14,02008KT,14,12
2008-12-06 15:00:00.000,2008,12,6,15,08004KT,16,11
2008-12-06 17:00:00.000,2008,12,6,17,25008KT,18,09
2008-12-06 18:00:00.000,2008,12,6,18,23010KT,17,13
2008-12-06 19:00:00.000,2008,12,6,19,25010KT,16,13
2008-12-06 20:00:00.000,2008,12,6,20,29009KT,15,12
2008-12-06 21:00:00.000,2008,12,6,21,00000KT,26,18
2008-12-06 22:00:00.000,2008,12,6,22,23004KT,15,12
2008-12-06 23:00:00.000,2008,12,6,23,28005KT,13,11
2008-12-07 00:00:00.000,2008,12,7,0,28005KT,13,11
2008-12-07 01:00:00.000,2008,12,7,1,35003KT,13,11
2008-12-07 02:00:00.000,2008,12,7,2,VRB02KT,12,11
2008-12-07 03:00:00.000,2008,12,7,3,03003KT,12,11
2008-12-07 04:00:00.000,2008,12,7,4,04004KT,12,11
2008-12-07 05:00:00.000,2008,12,7,5,03003KT,11,10
2008-12-07 06:00:00.000,2008,12,7,6,04005KT,10,09
2008-12-07 08:00:00.000,2008,12,7,8,VRB02KT,09,09
2008-12-07 09:00:00.000,2008,12,7,9,00000KT,09,08
2008-12-07 10:00:00.000,2008,12,7,10,VRB02KT,09,08
2008-12-07 11:00:00.000,2008,12,7,11,VRB02KT,09,09
2008-12-07 12:00:00.000,2008,12,7,12,VRB02KT,10,09
2008-12-07 13:00:00.000,2008,12,7,13,04003KT,12,10
2008-12-07 14:00:00.000,2008,12,7,14,05003KT,14,10
2008-12-07 15:00:00.000,2008,12,7,15,14005KT,16,11
2008-12-07 16:00:00.000,2008,12,7,16,06006KT,17,09
2008-12-07 17:00:00.000,2008,12,7,17,04004KT,16,10
2008-12-07 18:00:00.000,2008,12,7,18,07005KT,17,10
2008-12-07 19:00:00.000,2008,12,7,19,33006KT,19,09
2008-12-07 21:00:00.000,2008,12,7,21,24008KT,13,12
2008-12-07 22:00:00.000,2008,12,7,22,23006KT,13,12
2008-12-07 23:00:00.000,2008,12,7,23,28003KT,12,11
2008-12-08 00:00:00.000,2008,12,8,0,32006KT,12,12
2008-12-08 01:00:00.000,2008,12,8,1,VRB02KT,12,12
2008-12-08 02:00:00.000,2008,12,8,2,VRB02KT,12,12
2008-12-08 03:00:00.000,2008,12,8,3,07010KT,12,12
2008-12-08 04:00:00.000,2008,12,8,4,05005KT,10,10
2008-12-08 05:00:00.000,2008,12,8,5,08003KT,10,09
2008-12-08 06:00:00.000,2008,12,8,6,06005KT,10,10
2008-12-08 07:00:00.000,2008,12,8,7,32004KT,10,10
2008-12-08 08:00:00.000,2008,12,8,8,VRB02KT,10,09
2008-12-08 09:00:00.000,2008,12,8,9,09004KT,10,10
2008-12-08 10:00:00.000,2008,12,8,10,VRB02KT,10,10
2008-12-08 11:00:00.000,2008,12,8,11,VRB02KT,09,09
2008-12-08 13:00:00.000,2008,12,8,13,04006KT,12,10
2008-12-08 15:00:00.000,2008,12,8,15,05007KT,14,11
2008-12-08 16:00:00.000,2008,12,8,16,05008KT,15,12
2008-12-08 17:00:00.000,2008,12,8,17,07006KT,15,11
2008-12-08 18:00:00.000,2008,12,8,18,19009KT,16,11
2008-12-08 20:00:00.000,2008,12,8,20,14004KT,17,09
2008-12-08 21:00:00.000,2008,12,8,21,09004KT,17,11
2008-12-08 22:00:00.000,2008,12,8,22,14007KT,16,08
2008-12-08 23:00:00.000,2008,12,8,23,12009KT,15,07
2008-12-09 00:00:00.000,2008,12,9,0,15010KT,14,08
2008-12-09 01:00:00.000,2008,12,9,1,02007KT,13,10
2008-12-09 02:00:00.000,2008,12,9,2,03004KT,12,10
2008-12-09 03:00:00.000,2008,12,9,3,03004KT,12,10
2008-12-09 04:00:00.000,2008,12,9,4,36003KT,12,10
2008-12-09 05:00:00.000,2008,12,9,5,06003KT,11,11
2008-12-09 06:00:00.000,2008,12,9,6,09003KT,10,10
2008-12-09 07:00:00.000,2008,12,9,7,06006KT,10,10
2008-12-09 08:00:00.000,2008,12,9,8,06003KT,10,09
2008-12-09 09:00:00.000,2008,12,9,9,08003KT,10,09
2008-12-09 10:00:00.000,2008,12,9,10,05005KT,09,08
2008-12-09 11:00:00.000,2008,12,9,11,0304KT,08,08
2008-12-09 12:00:00.000,2008,12,9,12,05005KT,10,09
2008-12-09 13:00:00.000,2008,12,9,13,07006KT,14,09
2008-12-09 14:00:00.000,2008,12,9,14,12008KT,16,08
2008-12-09 15:00:00.000,2008,12,9,15,12012KT,17,09
2008-12-09 16:00:00.000,2008,12,9,16,14012KT,17,08
2008-12-09 17:00:00.000,2008,12,9,17,10014KT,17,09
2008-12-09 18:00:00.000,2008,12,9,18,14012KT,18,08
2008-12-09 19:00:00.000,2008,12,9,19,15010KT,17,07
2008-12-09 20:00:00.000,2008,12,9,20,12012KT,16,08
2008-12-09 21:00:00.000,2008,12,9,21,14012KT,17,09
2008-12-09 22:00:00.000,2008,12,9,22,10012KT,16,09
2008-12-09 23:00:00.000,2008,12,9,23,09010KT,14,09
2008-12-10 00:00:00.000,2008,12,10,0,VRB02KT,12,09
2008-12-10 01:00:00.000,2008,12,10,1,33003KT,12,09
2008-12-10 02:00:00.000,2008,12,10,2,05004KT,11,09
2008-12-10 03:00:00.000,2008,12,10,3,VRB02KT,10,09
2008-12-10 04:00:00.000,2008,12,10,4,VRB02KT,10,09
2008-12-10 05:00:00.000,2008,12,10,5,30004KT,09,08
2008-12-10 06:00:00.000,2008,12,10,6,03003KT,08,08
2008-12-10 07:00:00.000,2008,12,10,7,03003KT,07,07
2008-12-10 08:00:00.000,2008,12,10,8,07004KT,08,08
2008-12-10 09:00:00.000,2008,12,10,9,05004KT,09,08
2008-12-10 10:00:00.000,2008,12,10,10,VRB02KT,08,08
2008-12-10 11:00:00.000,2008,12,10,11,07004KT,07,07
2008-12-10 12:00:00.000,2008,12,10,12,05004KT,10,10
2008-12-10 13:00:00.000,2008,12,10,13,05007KT,13,11
2008-12-10 14:00:00.000,2008,12,10,14,07008KT,15,11
2008-12-10 15:00:00.000,2008,12,10,15,07010KT,17,09
2008-12-10 16:00:00.000,2008,12,10,16,13008KT,17,08
2008-12-10 17:00:00.000,2008,12,10,17,02008KT,16,10
2008-12-10 18:00:00.000,2008,12,10,18,35003KT,16,09
2008-12-10 19:00:00.000,2008,12,10,19,36004KT,17,10
2008-12-10 20:00:00.000,2008,12,10,20,23009KT,15,12
2008-12-10 21:00:00.000,2008,12,10,21,28010KT,17,11
2008-12-11 00:00:00.000,2008,12,11,0,26006KT,14,12
2008-12-11 16:00:00.000,2008,12,11,16,28003KT,17,12
2008-12-11 17:00:00.000,2008,12,11,17,25004KT,19,10
2008-12-11 18:00:00.000,2008,12,11,18,24012KT,18,12
2008-12-11 20:00:00.000,2008,12,11,20,23008KT,19,12
2008-12-11 21:00:00.000,2008,12,11,21,26008KT,17,12
2008-12-11 22:00:00.000,2008,12,11,22,26008KT,16,12
2008-12-11 23:00:00.000,2008,12,11,23,29008KT,14,12
2008-12-12 00:00:00.000,2008,12,12,0,17010KT,14,12
2008-12-12 01:00:00.000,2008,12,12,1,32006KT,13,11
2008-12-12 02:00:00.000,2008,12,12,2,32004KT,12,11
2008-12-12 03:00:00.000,2008,12,12,3,VRB02KT,12,11
2008-12-12 04:00:00.000,2008,12,12,4,00000KT,11,11
2008-12-12 05:00:00.000,2008,12,12,5,00000KT,10,10
2008-12-12 06:00:00.000,2008,12,12,6,VRB02KT,10,10
2008-12-12 07:00:00.000,2008,12,12,7,00000KT,10,10
2008-12-12 08:00:00.000,2008,12,12,8,36004KT,10,09
2008-12-12 10:00:00.000,2008,12,12,10,VRB02KT,10,10
2008-12-12 11:00:00.000,2008,12,12,11,VRB02KT,10,09
2008-12-12 12:00:00.000,2008,12,12,12,24003KT,10,10
2008-12-12 13:00:00.000,2008,12,12,13,05003KT,13,11
2008-12-12 14:00:00.000,2008,12,12,14,10004KT,15,11
2008-12-12 15:00:00.000,2008,12,12,15,30004KT,17,12
2008-12-12 16:00:00.000,2008,12,12,16,24008KT,18,11
2008-12-12 17:00:00.000,2008,12,12,17,29017KT,17,13
2008-12-12 18:00:00.000,2008,12,12,18,29017KT,17,12
2008-12-12 19:00:00.000,2008,12,12,19,30009KT,17,11
2008-12-12 20:00:00.000,2008,12,12,20,36011KT,14,13
2008-12-12 21:00:00.000,2008,12,12,21,15004KT,13,12
2008-12-12 22:00:00.000,2008,12,12,22,16005KT,12,12
2008-12-12 23:00:00.000,2008,12,12,23,VRB02KT,11,11
2008-12-13 00:00:00.000,2008,12,13,0,VRB02KT,11,11
2008-12-13 01:00:00.000,2008,12,13,1,VRB02KT,11,10
2008-12-13 02:00:00.000,2008,12,13,2,VRB02KT,10,10
2008-12-13 03:00:00.000,2008,12,13,3,VRB02KT,10,09
2008-12-13 04:00:00.000,2008,12,13,4,05003KT,09,09
2008-12-13 05:00:00.000,2008,12,13,5,VRB02KT,08,08
2008-12-13 12:00:00.000,2008,12,13,12,12004KT,08,08
2008-12-13 13:00:00.000,2008,12,13,13,02005KT,10,10
2008-12-13 14:00:00.000,2008,12,13,14,09004KT,13,11
2008-12-13 15:00:00.000,2008,12,13,15,02004KT,15,12
2008-12-13 16:00:00.000,2008,12,13,16,VRB02KT,17,11
2008-12-13 17:00:00.000,2008,12,13,17,31005KT,18,11
2008-12-13 18:00:00.000,2008,12,13,18,25010KT,17,13
2008-12-13 19:00:00.000,2008,12,13,19,24008KT,15,12
2008-12-13 20:00:00.000,2008,12,13,20,24006KT,14,14
2008-12-13 21:00:00.000,2008,12,13,21,22006KT,15,13
2008-12-13 22:00:00.000,2008,12,13,22,22005KT,14,14
2008-12-13 23:00:00.000,2008,12,13,23,25004KT,13,13
2008-12-14 00:00:00.000,2008,12,14,0,VRB02KT,13,13
2008-12-14 01:00:00.000,2008,12,14,1,26007KT,13,13
2008-12-14 02:00:00.000,2008,12,14,2,24004KT,12,12
2008-12-14 03:00:00.000,2008,12,14,3,21003KT,12,12
2008-12-14 04:00:00.000,2008,12,14,4,26004KT,12,11
2008-12-14 05:00:00.000,2008,12,14,5,26004KT,11,11
2008-12-14 06:00:00.000,2008,12,14,6,31003KT,11,11
2008-12-14 07:00:00.000,2008,12,14,7,00000KT,11,11
2008-12-14 08:00:00.000,2008,12,14,8,VRB02KT,11,11
2008-12-14 09:00:00.000,2008,12,14,9,VRB02KT,11,11
2008-12-14 10:00:00.000,2008,12,14,10,04003KT,11,11
2008-12-14 11:00:00.000,2008,12,14,11,00000KT,11,11
2008-12-14 12:00:00.000,2008,12,14,12,00000KT,11,11
2008-12-14 13:00:00.000,2008,12,14,13,VRB02KT,12,12
2008-12-14 14:00:00.000,2008,12,14,14,VRB02KT,14,14
2008-12-14 15:00:00.000,2008,12,14,15,VRB02KT,15,13
2008-12-14 16:00:00.000,2008,12,14,16,VRB02KT,16,12
2008-12-14 17:00:00.000,2008,12,14,17,28010KT,16,13
2008-12-14 18:00:00.000,2008,12,14,18,28010KT,16,13
2008-12-14 19:00:00.000,2008,12,14,19,21005KT,14,14
2008-12-14 20:00:00.000,2008,12,14,20,19004KT,13,13
2008-12-14 21:00:00.000,2008,12,14,21,24008KT,13,13
2008-12-14 22:00:00.000,2008,12,14,22,24005KT,13,12
2008-12-14 23:00:00.000,2008,12,14,23,26004KT,12,12
2008-12-15 00:00:00.000,2008,12,15,0,00000KT,11,11
2008-12-15 01:00:00.000,2008,12,15,1,00000KT,12,11
2008-12-15 02:00:00.000,2008,12,15,2,00000KT,12,11
2008-12-15 03:00:00.000,2008,12,15,3,00000KT,12,12
2008-12-15 06:00:00.000,2008,12,15,6,00000KT,11,11
2008-12-15 07:00:00.000,2008,12,15,7,00000KT,11,11
2008-12-15 08:00:00.000,2008,12,15,8,VRB02KT,11,11
2008-12-15 09:00:00.000,2008,12,15,9,00000KT,11,11
2008-12-15 10:00:00.000,2008,12,15,10,00000KT,11,11
2008-12-15 11:00:00.000,2008,12,15,11,00000KT,10,10
2008-12-15 12:00:00.000,2008,12,15,12,VRB02KT,11,11
2008-12-15 13:00:00.000,2008,12,15,13,VRB02KT,12,12
2008-12-15 14:00:00.000,2008,12,15,14,08003KT,14,13
2008-12-15 15:00:00.000,2008,12,15,15,VRB02KT,16,12
2008-12-15 16:00:00.000,2008,12,15,16,17004KT,18,13
2008-12-15 17:00:00.000,2008,12,15,17,24005KT,18,13
2008-12-15 18:00:00.000,2008,12,15,18,29010KT,18,13
2008-12-15 19:00:00.000,2008,12,15,19,30011KT,18,12
2008-12-15 20:00:00.000,2008,12,15,20,28015KT,18,12
2008-12-15 21:00:00.000,2008,12,15,21,27011KT,17,12
2008-12-15 22:00:00.000,2008,12,15,22,33006KT,14,14
2008-12-15 23:00:00.000,2008,12,15,23,02004KT,14,13
2008-12-16 00:00:00.000,2008,12,16,0,34004KT,13,12
2008-12-16 01:00:00.000,2008,12,16,1,VRB02KT,12,12
2008-12-16 02:00:00.000,2008,12,16,2,35004KT,12,12
2008-12-16 03:00:00.000,2008,12,16,3,00000KT,12,12
2008-12-16 04:00:00.000,2008,12,16,4,00000KT,11,11
2008-12-16 05:00:00.000,2008,12,16,5,03003KT,11,11
2008-12-16 06:00:00.000,2008,12,16,6,00000KT,10,10
2008-12-16 07:00:00.000,2008,12,16,7,00000KT,11,10
2008-12-16 08:00:00.000,2008,12,16,8,02003KT,10,10
2008-12-16 09:00:00.000,2008,12,16,9,00000KT,10,10
2008-12-16 10:00:00.000,2008,12,16,10,00000KT,09,09
2008-12-16 11:00:00.000,2008,12,16,11,00000KT,07,7
2008-12-16 12:00:00.000,2008,12,16,12,VRB02KT,10,09
2008-12-16 13:00:00.000,2008,12,16,13,02004KT,11,10
2008-12-16 14:00:00.000,2008,12,16,14,33004KT,14,12
2008-12-16 15:00:00.000,2008,12,16,15,27003KT,16,11
2008-12-16 16:00:00.000,2008,12,16,16,30004KT,17,11
2008-12-16 17:00:00.000,2008,12,16,17,32012KT,18,11
2008-12-16 18:00:00.000,2008,12,16,18,34012KT,18,10
2008-12-16 19:00:00.000,2008,12,16,19,32013KT,18,10
2008-12-16 20:00:00.000,2008,12,16,20,30015KT,18,09
2008-12-16 21:00:00.000,2008,12,16,21,30011KT,17,09
2008-12-16 22:00:00.000,2008,12,16,22,33018KT,17,11
2008-12-16 23:00:00.000,2008,12,16,23,31007KT,13,10
2008-12-17 00:00:00.000,2008,12,17,0,VRB02KT,12,10
2008-12-17 01:00:00.000,2008,12,17,1,VRB02KT,11,09
2008-12-17 02:00:00.000,2008,12,17,2,27005KT,11,09
2008-12-17 03:00:00.000,2008,12,17,3,31006KT,10,08
2008-12-17 04:00:00.000,2008,12,17,4,31004KT,10,08
2008-12-17 05:00:00.000,2008,12,17,5,00000KT,08,08
2008-12-17 07:00:00.000,2008,12,17,7,00000KT,06,06
2008-12-17 08:00:00.000,2008,12,17,8,00000KT,05,05
2008-12-17 09:00:00.000,2008,12,17,9,30003KT,05,04
2008-12-17 10:00:00.000,2008,12,17,10,00000KT,04,04
2008-12-17 11:00:00.000,2008,12,17,11,02003KT,05,04
2008-12-17 12:00:00.000,2008,12,17,12,VRB02KT,06,05
2008-12-17 13:00:00.000,2008,12,17,13,VRB02KT,10,08
2008-12-17 14:00:00.000,2008,12,17,14,VRB02KT,13,08
2008-12-17 15:00:00.000,2008,12,17,15,VRB02KT,16,08
2008-12-17 16:00:00.000,2008,12,17,16,28005KT,17,08
2008-12-17 17:00:00.000,2008,12,17,17,32012KT,18,09
2008-12-17 18:00:00.000,2008,12,17,18,32015KT,17,10
2008-12-17 19:00:00.000,2008,12,17,19,30014KT,18,11
2008-12-17 20:00:00.000,2008,12,17,20,30017KT,16,11
2008-12-17 21:00:00.000,2008,12,17,21,31014KT,16,12
2008-12-17 22:00:00.000,2008,12,17,22,32012KT,14,12
2008-12-17 23:00:00.000,2008,12,17,23,30010KT,13,12
2008-12-18 00:00:00.000,2008,12,18,0,30003KT,13,12
2008-12-18 01:00:00.000,2008,12,18,1,30007KT,13,12
2008-12-18 02:00:00.000,2008,12,18,2,33007KT,12,12
2008-12-18 03:00:00.000,2008,12,18,3,31007KT,12,11
2008-12-18 04:00:00.000,2008,12,18,4,34004KT,11,10
2008-12-18 05:00:00.000,2008,12,18,5,25004KT,11,10
2008-12-18 06:00:00.000,2008,12,18,6,29003KT,11,10
2008-12-18 07:00:00.000,2008,12,18,7,28004KT,10,10
2008-12-18 08:00:00.000,2008,12,18,8,VRB02KT,10,10
2008-12-18 09:00:00.000,2008,12,18,9,VRB02KT,10,10
2008-12-18 10:00:00.000,2008,12,18,10,VRB02KT,10,09
2008-12-18 11:00:00.000,2008,12,18,11,00000KT,09,09
2008-12-18 12:00:00.000,2008,12,18,12,32004KT,09,09
2008-12-18 13:00:00.000,2008,12,18,13,36004KT,12,11
2008-12-18 15:00:00.000,2008,12,18,15,04005KT,17,10
2008-12-18 16:00:00.000,2008,12,18,16,VRB02KT,17,09
2008-12-18 17:00:00.000,2008,12,18,17,28003KT,17,08
2008-12-18 18:00:00.000,2008,12,18,18,28012KT,17,11
2008-12-18 19:00:00.000,2008,12,18,19,27012KT,17,11
2008-12-18 20:00:00.000,2008,12,18,20,28010KT,16,11
2008-12-18 21:00:00.000,2008,12,18,21,27008KT,15,10
2008-12-18 22:00:00.000,2008,12,18,22,28007KT,15,11
2008-12-18 23:00:00.000,2008,12,18,23,31006KT,13,11
2008-12-19 00:00:00.000,2008,12,19,0,33003KT,12,11
2008-12-19 01:00:00.000,2008,12,19,1,VRB02KT,11,10
2008-12-19 02:00:00.000,2008,12,19,2,31003KT,11,10
2008-12-19 03:00:00.000,2008,12,19,3,VRB02KT,10,10
2008-12-19 04:00:00.000,2008,12,19,4,VRB02KT,10,10
2008-12-19 05:00:00.000,2008,12,19,5,VRB02KT,09,09
2008-12-19 06:00:00.000,2008,12,19,6,VRB02KT,09,08
2008-12-19 11:00:00.000,2008,12,19,11,29003KT,13,045
2008-12-19 12:00:00.000,2008,12,19,12,VRB02KT,07,07
2008-12-19 13:00:00.000,2008,12,19,13,06003KT,10,09
2008-12-19 14:00:00.000,2008,12,19,14,01004KT,13,12
2008-12-19 15:00:00.000,2008,12,19,15,18003KT,15,10
2008-12-19 16:00:00.000,2008,12,19,16,06003KT,16,09
2008-12-19 17:00:00.000,2008,12,19,17,25004KT,17,08
2008-12-19 18:00:00.000,2008,12,19,18,28007KT,17,10
2008-12-19 19:00:00.000,2008,12,19,19,28013KT,18,13
2008-12-19 20:00:00.000,2008,12,19,20,29010KT,17,12
2008-12-19 21:00:00.000,2008,12,19,21,30011KT,17,12
2008-12-19 22:00:00.000,2008,12,19,22,26012KT,15,13
2008-12-19 23:00:00.000,2008,12,19,23,26007KT,13,12
2008-12-20 00:00:00.000,2008,12,20,0,29008KT,13,13
2008-12-20 01:00:00.000,2008,12,20,1,27004KT,13,12
2008-12-20 02:00:00.000,2008,12,20,2,26003KT,11,11
2008-12-20 03:00:00.000,2008,12,20,3,27008KT,11,11
2008-12-20 04:00:00.000,2008,12,20,4,30006KT,11,11
2008-12-20 05:00:00.000,2008,12,20,5,VRB02KT,11,11
2008-12-20 07:00:00.000,2008,12,20,7,29004KT,11,11
2008-12-20 08:00:00.000,2008,12,20,8,32003KT,11,10
2008-12-20 09:00:00.000,2008,12,20,9,00000KT,11,10
2008-12-20 10:00:00.000,2008,12,20,10,34003KT,11,11
2008-12-20 11:00:00.000,2008,12,20,11,VRB02KT,11,10
2008-12-20 13:00:00.000,2008,12,20,13,05003KT,12,11
2008-12-20 15:00:00.000,2008,12,20,15,32006KT,14,11
2008-12-20 16:00:00.000,2008,12,20,16,33004KT,16,11
2008-12-20 17:00:00.000,2008,12,20,17,02004KT,17,10
2008-12-20 18:00:00.000,2008,12,20,18,26004KT,17,12
2008-12-20 20:00:00.000,2008,12,20,20,27009KT,16,12
2008-12-20 21:00:00.000,2008,12,20,21,29005KT,15,12
2008-12-20 22:00:00.000,2008,12,20,22,28007KT,15,12
2008-12-20 23:00:00.000,2008,12,20,23,24005KT,13,12
2008-12-21 00:00:00.000,2008,12,21,0,27007KT,12,11
2008-12-21 01:00:00.000,2008,12,21,1,VRB02KT,12,11
2008-12-21 02:00:00.000,2008,12,21,2,28007KT,12,11
2008-12-21 03:00:00.000,2008,12,21,3,26006KT,12,10
2008-12-21 07:00:00.000,2008,12,21,7,28006KT,10,09
2008-12-21 08:00:00.000,2008,12,21,8,VRB02KT,10,10
2008-12-21 10:00:00.000,2008,12,21,10,32003KT,10,09
2008-12-21 11:00:00.000,2008,12,21,11,29003KT,10,09
2008-12-21 12:00:00.000,2008,12,21,12,VRB02KT,10,10
2008-12-21 13:00:00.000,2008,12,21,13,VRB02KT,11,10
2008-12-21 14:00:00.000,2008,12,21,14,VRB02KT,13,12
2008-12-21 15:00:00.000,2008,12,21,15,04004KT,15,13
2008-12-21 16:00:00.000,2008,12,21,16,08004KT,16,11
2008-12-21 17:00:00.000,2008,12,21,17,21008KT,14,12
2008-12-21 18:00:00.000,2008,12,21,18,24008KT,13,12
2008-12-21 19:00:00.000,2008,12,21,19,26007KT,16,12
2008-12-21 20:00:00.000,2008,12,21,20,24009KT,16,12
2008-12-21 21:00:00.000,2008,12,21,21,28012KT,14,12
2008-12-21 22:00:00.000,2008,12,21,22,29010KT,13,12
2008-12-21 23:00:00.000,2008,12,21,23,31007KT,13,12
2008-12-22 00:00:00.000,2008,12,22,0,32003KT,12,12
2008-12-22 01:00:00.000,2008,12,22,1,VRB02KT,12,12
2008-12-22 02:00:00.000,2008,12,22,2,05005KT,12,11
2008-12-22 03:00:00.000,2008,12,22,3,02004KT,11,11
2008-12-22 04:00:00.000,2008,12,22,4,VRB02KT,11,11
2008-12-22 06:00:00.000,2008,12,22,6,03003KT,11,11
2008-12-22 07:00:00.000,2008,12,22,7,VRB02KT,11,11
2008-12-22 08:00:00.000,2008,12,22,8,05006KT,11,11
2008-12-22 09:00:00.000,2008,12,22,9,05003KT,10,10
2008-12-22 10:00:00.000,2008,12,22,10,06004KT,10,09
2008-12-22 11:00:00.000,2008,12,22,11,06004KT,10,10
2008-12-22 12:00:00.000,2008,12,22,12,00000KT,10,10
2008-12-22 13:00:00.000,2008,12,22,13,05007KT,13,09
2008-12-22 14:00:00.000,2008,12,22,14,02006KT,15,10
2008-12-22 15:00:00.000,2008,12,22,15,VRB02KT,17,09
2008-12-22 16:00:00.000,2008,12,22,16,VRB02KT,18,09
2008-12-22 17:00:00.000,2008,12,22,17,35005KT,19,10
2008-12-22 18:00:00.000,2008,12,22,18,27012KT,17,12
2008-12-22 19:00:00.000,2008,12,22,19,28014KT,17,13
2008-12-22 20:00:00.000,2008,12,22,20,27012KT,16,12
2008-12-22 21:00:00.000,2008,12,22,21,10007KT,13,09
2008-12-22 22:00:00.000,2008,12,22,22,VRB02KT,13,13
2008-12-22 23:00:00.000,2008,12,22,23,35005KT,12,12
2008-12-23 00:00:00.000,2008,12,23,0,32003KT,12,11
2008-12-23 01:00:00.000,2008,12,23,1,33003KT,12,11
2008-12-23 02:00:00.000,2008,12,23,2,VRB02KT,11,10
2008-12-23 03:00:00.000,2008,12,23,3,VRB02KT,11,10
2008-12-23 04:00:00.000,2008,12,23,4,VRB02KT,10,10
2008-12-23 05:00:00.000,2008,12,23,5,VRB02KT,10,10
2008-12-23 06:00:00.000,2008,12,23,6,VRB02KT,09,09
2008-12-23 07:00:00.000,2008,12,23,7,VRB02KT,09,09
2008-12-23 08:00:00.000,2008,12,23,8,VRB02KT,09,09
2008-12-23 09:00:00.000,2008,12,23,9,VRB02KT,08,08
2008-12-23 10:00:00.000,2008,12,23,10,VRB02KT,08,08
2008-12-23 12:00:00.000,2008,12,23,12,VRB02KT,08,07
2008-12-23 13:00:00.000,2008,12,23,13,02003KT,13,11
2008-12-23 14:00:00.000,2008,12,23,14,03004KT,15,09
2008-12-23 15:00:00.000,2008,12,23,15,07007KT,16,10
2008-12-23 16:00:00.000,2008,12,23,16,05005KT,17,08
2008-12-23 17:00:00.000,2008,12,23,17,09006KT,19,10
2008-12-23 18:00:00.000,2008,12,23,18,05005KT,19,08
2008-12-23 20:00:00.000,2008,12,23,20,31010KT,16,13
2008-12-23 21:00:00.000,2008,12,23,21,28010KT,15,13
2008-12-23 23:00:00.000,2008,12,23,23,32006KT,14,13
2008-12-24 00:00:00.000,2008,12,24,0,28008KT,13,12
2008-12-24 01:00:00.000,2008,12,24,1,30005KT,13,12
2008-12-24 02:00:00.000,2008,12,24,2,VRB02KT,12,11
2008-12-24 03:00:00.000,2008,12,24,3,00000KT,12,11
2008-12-24 04:00:00.000,2008,12,24,4,VRB02KT,12,11
2008-12-24 06:00:00.000,2008,12,24,6,VRB02KT,10,10
2008-12-24 07:00:00.000,2008,12,24,7,00000KT,10,10
2008-12-24 08:00:00.000,2008,12,24,8,VRB02KT,09,09
2008-12-24 10:00:00.000,2008,12,24,10,VRB02KT,06,06
2008-12-24 11:00:00.000,2008,12,24,11,01003KT,06,06
2008-12-24 12:00:00.000,2008,12,24,12,05003KT,06,06
2008-12-24 14:00:00.000,2008,12,24,14,04004KT,14,07
2008-12-24 15:00:00.000,2008,12,24,15,04003KT,17,08
2008-12-24 16:00:00.000,2008,12,24,16,03008KT,18,07
2008-12-24 17:00:00.000,2008,12,24,17,03008KT,19,07
2008-12-24 18:00:00.000,2008,12,24,18,15010KT,20,05
2008-12-24 19:00:00.000,2008,12,24,19,27006KT,20,05
2008-12-24 20:00:00.000,2008,12,24,20,31010KT,17,13
2008-12-24 21:00:00.000,2008,12,24,21,28010KT,16,13
2008-12-24 22:00:00.000,2008,12,24,22,27008KT,16,13
2008-12-24 23:00:00.000,2008,12,24,23,25005KT,14,13
2008-12-25 01:00:00.000,2008,12,25,1,33007KT,12,12
2008-12-25 02:00:00.000,2008,12,25,2,31004KT,11,11
2008-12-25 03:00:00.000,2008,12,25,3,31005KT,11,11
2008-12-25 04:00:00.000,2008,12,25,4,VRB02KT,11,11
2008-12-25 05:00:00.000,2008,12,25,5,33003KT,10,10
2008-12-25 06:00:00.000,2008,12,25,6,00000KT,09,09
2008-12-25 07:00:00.000,2008,12,25,7,VRB02KT,08,08
2008-12-25 08:00:00.000,2008,12,25,8,VRB02KT,07,07
2008-12-25 09:00:00.000,2008,12,25,9,VRB02KT,07,07
2008-12-25 10:00:00.000,2008,12,25,10,32005KT,07,07
2008-12-25 11:00:00.000,2008,12,25,11,00000KT,07,07
2008-12-25 12:00:00.000,2008,12,25,12,VRB02KT,07,07
2008-12-25 13:00:00.000,2008,12,25,13,25003KT,09,09
2008-12-25 14:00:00.000,2008,12,25,14,05007KT,13,11
2008-12-25 15:00:00.000,2008,12,25,15,01004KT,16,10
2008-12-25 16:00:00.000,2008,12,25,16,36006KT,18,10
2008-12-25 17:00:00.000,2008,12,25,17,33005KT,19,10
2008-12-25 18:00:00.000,2008,12,25,18,03006KT,18,08
2008-12-25 19:00:00.000,2008,12,25,19,27012KT,15,12
2008-12-25 20:00:00.000,2008,12,25,20,29010KT,15,13
2008-12-25 21:00:00.000,2008,12,25,21,27008KT,15,13
2008-12-25 22:00:00.000,2008,12,25,22,28007KT,14,13
2008-12-25 23:00:00.000,2008,12,25,23,30005KT,13,13
2008-12-26 00:00:00.000,2008,12,26,0,29004KT,13,12
2008-12-26 01:00:00.000,2008,12,26,1,VRB02KT,12,11
2008-12-26 02:00:00.000,2008,12,26,2,VRB02KT,12,11
2008-12-26 03:00:00.000,2008,12,26,3,VRB02KT,12,11
2008-12-26 04:00:00.000,2008,12,26,4,30003KT,11,10
2008-12-26 05:00:00.000,2008,12,26,5,VRB02KT,11,10
2008-12-26 06:00:00.000,2008,12,26,6,03003KT,10,09
2008-12-26 07:00:00.000,2008,12,26,7,33003KT,10,09
2008-12-26 08:00:00.000,2008,12,26,8,VRB02KT,10,09
2008-12-26 09:00:00.000,2008,12,26,9,34003KT,10,09
2008-12-26 10:00:00.000,2008,12,26,10,31005KT,10,09
2008-12-26 11:00:00.000,2008,12,26,11,VRB02KT,10,09
2008-12-26 12:00:00.000,2008,12,26,12,07003KT,10,10
2008-12-26 13:00:00.000,2008,12,26,13,05003KT,13,12
2008-12-26 14:00:00.000,2008,12,26,14,02003KT,14,12
2008-12-26 15:00:00.000,2008,12,26,15,VRB02KT,17,11
2008-12-26 16:00:00.000,2008,12,26,16,07005KT,18,10
2008-12-26 17:00:00.000,2008,12,26,17,30010KT,19,11
2008-12-26 18:00:00.000,2008,12,26,18,28010KT,19,10
2008-12-26 19:00:00.000,2008,12,26,19,31010KT,19,10
2008-12-26 20:00:00.000,2008,12,26,20,30012KT,19,11
2008-12-26 21:00:00.000,2008,12,26,21,31012KT,17,11
2008-12-26 22:00:00.000,2008,12,26,22,32012KT,16,11
2008-12-26 23:00:00.000,2008,12,26,23,30008KT,14,11
2008-12-27 00:00:00.000,2008,12,27,0,31007KT,13,13
2008-12-27 01:00:00.000,2008,12,27,1,30006KT,13,12
2008-12-27 02:00:00.000,2008,12,27,2,VRB02KT,13,10
2008-12-27 03:00:00.000,2008,12,27,3,VRB02KT,12,10
2008-12-27 04:00:00.000,2008,12,27,4,VRB02KT,11,09
2008-12-27 05:00:00.000,2008,12,27,5,33004KT,10,10
2008-12-27 06:00:00.000,2008,12,27,6,29003KT,10,09
2008-12-27 07:00:00.000,2008,12,27,7,VRB02KT,09,08
2008-12-27 08:00:00.000,2008,12,27,8,00000KT,07,06
2008-12-27 09:00:00.000,2008,12,27,9,VRB02KT,06,06
2008-12-27 10:00:00.000,2008,12,27,10,00000KT,08,08
2008-12-27 11:00:00.000,2008,12,27,11,33005KT,09,09
2008-12-27 12:00:00.000,2008,12,27,12,VRB02KT,08,08
2008-12-27 13:00:00.000,2008,12,27,13,VRB02KT,12,10
2008-12-27 14:00:00.000,2008,12,27,14,VRB02KT,14,10
2008-12-27 15:00:00.000,2008,12,27,15,VRB02KT,16,10
2008-12-27 16:00:00.000,2008,12,27,16,33006KT,17,09
2008-12-27 17:00:00.000,2008,12,27,17,32008KT,19,11
2008-12-27 18:00:00.000,2008,12,27,18,30014KT,19,11
2008-12-27 19:00:00.000,2008,12,27,19,24012KT,18,11
2008-12-27 20:00:00.000,2008,12,27,20,28016KT,18,12
2008-12-27 21:00:00.000,2008,12,27,21,27014KT,18,11
2008-12-27 23:00:00.000,2008,12,27,23,32008KT,14,11
2008-12-28 02:00:00.000,2008,12,28,2,VRB02KT,13,12
2008-12-28 03:00:00.000,2008,12,28,3,29004KT,12,12
2008-12-28 04:00:00.000,2008,12,28,4,25004KT,12,12
2008-12-28 05:00:00.000,2008,12,28,5,00000KT,12,11
2008-12-28 06:00:00.000,2008,12,28,6,VRB02KT,11,11
2008-12-28 07:00:00.000,2008,12,28,7,VRB02KT,11,11
2008-12-28 08:00:00.000,2008,12,28,8,00000KT,10,10
2008-12-28 10:00:00.000,2008,12,28,10,00000KT,08,07
2008-12-28 11:00:00.000,2008,12,28,11,00000KT,07,07
2008-12-28 12:00:00.000,2008,12,28,12,04003KT,07,07
2008-12-28 13:00:00.000,2008,12,28,13,05003KT,11,10
2008-12-28 14:00:00.000,2008,12,28,14,05006KT,14,10
2008-12-28 15:00:00.000,2008,12,28,15,02006KT,16,10
2008-12-28 16:00:00.000,2008,12,28,16,04006KT,18,07
2008-12-28 17:00:00.000,2008,12,28,17,22004KT,19,04
2008-12-28 18:00:00.000,2008,12,28,18,31005KT,20,04
2008-12-28 19:00:00.000,2008,12,28,19,29015KT,19,12
2008-12-28 20:00:00.000,2008,12,28,20,28014KT,18,11
2008-12-28 21:00:00.000,2008,12,28,21,28014KT,17,12
2008-12-28 22:00:00.000,2008,12,28,22,28014KT,16,11
2008-12-28 23:00:00.000,2008,12,28,23,26008KT,14,12
2008-12-29 00:00:00.000,2008,12,29,0,31005KT,13,12
2008-12-29 01:00:00.000,2008,12,29,1,29004KT,13,12
2008-12-29 02:00:00.000,2008,12,29,2,VRB02KT,13,12
2008-12-29 03:00:00.000,2008,12,29,3,27003KT,12,12
2008-12-29 05:00:00.000,2008,12,29,5,32003KT,11,10
2008-12-29 06:00:00.000,2008,12,29,6,27005KT,10,10
2008-12-29 07:00:00.000,2008,12,29,7,VRB02KT,10,09
2008-12-29 08:00:00.000,2008,12,29,8,00000KT,08,08
2008-12-29 09:00:00.000,2008,12,29,9,00000KT,07,07
2008-12-29 10:00:00.000,2008,12,29,10,31005KT,06,06
2008-12-29 11:00:00.000,2008,12,29,11,30004KT,06,06
2008-12-29 12:00:00.000,2008,12,29,12,01003KT,08,08
2008-12-29 13:00:00.000,2008,12,29,13,07004KT,11,09
2008-12-29 14:00:00.000,2008,12,29,14,VRB02KT,13,10
2008-12-29 15:00:00.000,2008,12,29,15,30003KT,16,09
2008-12-29 16:00:00.000,2008,12,29,16,11005KT,17,07
2008-12-29 17:00:00.000,2008,12,29,17,30005KT,19,07
2008-12-29 18:00:00.000,2008,12,29,18,30005KT,19,12
2008-12-29 19:00:00.000,2008,12,29,19,28012KT,18,11
2008-12-29 21:00:00.000,2008,12,29,21,26012KT,16,11
2008-12-29 22:00:00.000,2008,12,29,22,27010KT,15,11
2008-12-29 23:00:00.000,2008,12,29,23,26009KT,14,12
2008-12-30 00:00:00.000,2008,12,30,0,25005KT,13,11
2008-12-30 01:00:00.000,2008,12,30,1,34006KT,13,11
2008-12-30 02:00:00.000,2008,12,30,2,30004KT,12,11
2008-12-30 03:00:00.000,2008,12,30,3,VRB02KT,12,11
2008-12-30 04:00:00.000,2008,12,30,4,27005KT,12,11
2008-12-30 05:00:00.000,2008,12,30,5,VRB02KT,11,11
2008-12-30 06:00:00.000,2008,12,30,6,35003KT,11,10
2008-12-30 07:00:00.000,2008,12,30,7,33003KT,11,10
2008-12-30 08:00:00.000,2008,12,30,8,34003KT,11,10
2008-12-30 09:00:00.000,2008,12,30,9,VRB02KT,10,10
2008-12-30 10:00:00.000,2008,12,30,10,VRB02KT,10,10
2008-12-30 11:00:00.000,2008,12,30,11,VRB02KT,10,10
2008-12-30 12:00:00.000,2008,12,30,12,33003KT,11,10
2008-12-30 13:00:00.000,2008,12,30,13,08004KT,13,11
2008-12-30 15:00:00.000,2008,12,30,15,10006KT,16,09
2008-12-30 16:00:00.000,2008,12,30,16,25008KT,18,08
2008-12-30 17:00:00.000,2008,12,30,17,30008KT,18,09
2008-12-30 18:00:00.000,2008,12,30,18,28016KT,18,12
2008-12-30 19:00:00.000,2008,12,30,19,27014KT,17,12
2008-12-30 20:00:00.000,2008,12,30,20,27014KT,16,12
2008-12-30 21:00:00.000,2008,12,30,21,27012KT,15,12
2008-12-30 22:00:00.000,2008,12,30,22,27012KT,14,12
2008-12-30 23:00:00.000,2008,12,30,23,26006KT,13,12
2008-12-31 00:00:00.000,2008,12,31,0,31004KT,13,12
2008-12-31 01:00:00.000,2008,12,31,1,26003KT,13,11
2008-12-31 02:00:00.000,2008,12,31,2,VRB02KT,12,12
2008-12-31 03:00:00.000,2008,12,31,3,34004KT,12,12
2008-12-31 04:00:00.000,2008,12,31,4,27004KT,11,11
2008-12-31 05:00:00.000,2008,12,31,5,00000KT,11,11
2008-12-31 06:00:00.000,2008,12,31,6,28003KT,10,10
2008-12-31 07:00:00.000,2008,12,31,7,27003KT,09,09
2008-12-31 08:00:00.000,2008,12,31,8,33003KT,09,09
2008-12-31 10:00:00.000,2008,12,31,10,31003KT,07,07
2008-12-31 11:00:00.000,2008,12,31,11,00000KT,08,08
2008-12-31 12:00:00.000,2008,12,31,12,VRB02KT,09,09
2008-12-31 13:00:00.000,2008,12,31,13,00000KT,11,11
2008-12-31 14:00:00.000,2008,12,31,14,06004KT,14,12
2008-12-31 15:00:00.000,2008,12,31,15,07005KT,17,11
2008-12-31 16:00:00.000,2008,12,31,16,06007KT,18,09
2008-12-31 17:00:00.000,2008,12,31,17,14008KT,19,07
2008-12-31 18:00:00.000,2008,12,31,18,26012KT,19,13
2008-12-31 19:00:00.000,2008,12,31,19,25010KT,19,13
2008-12-31 20:00:00.000,2008,12,31,20,28010KT,16,14
2008-12-31 21:00:00.000,2008,12,31,21,28010KT,14,14
2008-12-31 22:00:00.000,2008,12,31,22,28006KT,14,12
2008-12-31 23:00:00.000,2008,12,31,23,25004KT,13,13
2009-01-01 00:00:00.000,2009,1,1,0,32009KT,13,12
2009-01-01 01:00:00.000,2009,1,1,1,00000KT,12,11
2009-01-01 02:00:00.000,2009,1,1,2,00000KT,11,10
2009-01-01 04:00:00.000,2009,1,1,4,04003KT,10,10
2009-01-01 06:00:00.000,2009,1,1,6,00000KT,09,09
2009-01-01 08:00:00.000,2009,1,1,8,05004KT,09,08
2009-01-01 10:00:00.000,2009,1,1,10,00000KT,07,07
2009-01-01 11:00:00.000,2009,1,1,11,00000KT,05,05
2009-01-01 12:00:00.000,2009,1,1,12,28004KT,08,08
2009-01-01 13:00:00.000,2009,1,1,13,02003KT,12,11
2009-01-01 14:00:00.000,2009,1,1,14,06004KT,16,11
2009-01-01 15:00:00.000,2009,1,1,15,03003KT,16,10
2009-01-01 16:00:00.000,2009,1,1,16,04005KT,16,10
2009-01-01 17:00:00.000,2009,1,1,17,05006KT,17,11
2009-01-01 18:00:00.000,2009,1,1,18,06010KT,17,10
2009-01-01 19:00:00.000,2009,1,1,19,10008KT,18,10
2009-01-01 20:00:00.000,2009,1,1,20,18008KT,18,10
2009-01-01 21:00:00.000,2009,1,1,21,15007KT,18,09
2009-01-01 22:00:00.000,2009,1,1,22,14008KT,18,09
2009-01-01 23:00:00.000,2009,1,1,23,15005KT,16,09
2009-01-02 00:00:00.000,2009,1,2,0,32006KT,14,13
2009-01-02 01:00:00.000,2009,1,2,1,VRB02KT,12,12
2009-01-02 02:00:00.000,2009,1,2,2,VRB02KT,11,11
2009-01-02 03:00:00.000,2009,1,2,3,VRB02KT,10,10
2009-01-02 04:00:00.000,2009,1,2,4,VRB02KT,10,10
2009-01-02 05:00:00.000,2009,1,2,5,VRB02KT,10,10
2009-01-02 06:00:00.000,2009,1,2,6,VRB02KT,11,11
2009-01-02 07:00:00.000,2009,1,2,7,00000KT,11,11
2009-01-02 08:00:00.000,2009,1,2,8,VRB02KT,11,11
2009-01-02 09:00:00.000,2009,1,2,9,03004KT,11,11
2009-01-02 10:00:00.000,2009,1,2,10,05005KT,11,11
2009-01-02 11:00:00.000,2009,1,2,11,05008KT,11,10
2009-01-02 12:00:00.000,2009,1,2,12,05007KT,11,11
2009-01-02 13:00:00.000,2009,1,2,13,05008KT,13,12
2009-01-02 14:00:00.000,2009,1,2,14,06010KT,15,12
2009-01-02 15:00:00.000,2009,1,2,15,10014KT,16,10
2009-01-02 16:00:00.000,2009,1,2,16,11015KT,17,09
2009-01-02 17:00:00.000,2009,1,2,17,05010KT,15,12
2009-01-02 18:00:00.000,2009,1,2,18,03006KT,16,11
2009-01-02 19:00:00.000,2009,1,2,19,12012KT,18,08
2009-01-02 20:00:00.000,2009,1,2,20,09008KT,18,09
2009-01-02 21:00:00.000,2009,1,2,21,04010KT,19,10
2009-01-02 22:00:00.000,2009,1,2,22,08005KT,17,09
2009-01-02 23:00:00.000,2009,1,2,23,07005KT,16,09
2009-01-03 00:00:00.000,2009,1,3,0,06003KT,15,09
2009-01-03 01:00:00.000,2009,1,3,1,08004KT,13,09
2009-01-03 02:00:00.000,2009,1,3,2,05003KT,11,09
2009-01-03 03:00:00.000,2009,1,3,3,06004KT,10,09
2009-01-03 04:00:00.000,2009,1,3,4,03003KT,10,09
2009-01-03 05:00:00.000,2009,1,3,5,06007KT,10,10
2009-01-03 06:00:00.000,2009,1,3,6,VRB02KT,10,09
2009-01-03 07:00:00.000,2009,1,3,7,04004KT,10,10
2009-01-03 08:00:00.000,2009,1,3,8,03003KT,11,11
2009-01-03 09:00:00.000,2009,1,3,9,03004KT,11,11
2009-01-03 10:00:00.000,2009,1,3,10,07003KT,11,11
2009-01-03 11:00:00.000,2009,1,3,11,03004KT,11,10
2009-01-03 12:00:00.000,2009,1,3,12,36004KT,11,11
2009-01-03 13:00:00.000,2009,1,3,13,08009KT,14,10
2009-01-03 14:00:00.000,2009,1,3,14,11010KT,15,09
2009-01-03 15:00:00.000,2009,1,3,15,08012KT,16,09
2009-01-03 16:00:00.000,2009,1,3,16,13010KT,17,09
2009-01-03 17:00:00.000,2009,1,3,17,12007KT,18,09
2009-01-03 18:00:00.000,2009,1,3,18,10010KT,19,09
2009-01-03 19:00:00.000,2009,1,3,19,11010KT,19,08
2009-01-03 20:00:00.000,2009,1,3,20,12010KT,20,09
2009-01-03 21:00:00.000,2009,1,3,21,13012KT,19,09
2009-01-03 22:00:00.000,2009,1,3,22,11010KT,17,08
2009-01-03 23:00:00.000,2009,1,3,23,11007KT,16,08
2009-01-04 00:00:00.000,2009,1,4,0,13006KT,15,08
2009-01-04 01:00:00.000,2009,1,4,1,01003KT,11,09
2009-01-04 02:00:00.000,2009,1,4,2,06003KT,10,09
2009-01-04 03:00:00.000,2009,1,4,3,05003KT,10,09
2009-01-04 04:00:00.000,2009,1,4,4,05004KT,10,09
2009-01-04 05:00:00.000,2009,1,4,5,03003KT,10,09
2009-01-04 06:00:00.000,2009,1,4,6,06003KT,09,08
2009-01-04 07:00:00.000,2009,1,4,7,30004KT,08,08
2009-01-04 08:00:00.000,2009,1,4,8,VRB02KT,09,08
2009-01-04 09:00:00.000,2009,1,4,9,VRB02KT,08,08
2009-01-04 10:00:00.000,2009,1,4,10,09003KT,09,08
2009-01-04 11:00:00.000,2009,1,4,11,05004KT,08,08
2009-01-04 12:00:00.000,2009,1,4,12,02007KT,09,09
2009-01-04 13:00:00.000,2009,1,4,13,03009KT,13,10
2009-01-04 14:00:00.000,2009,1,4,14,16004KT,16,08
2009-01-04 15:00:00.000,2009,1,4,15,05007KT,18,09
2009-01-04 16:00:00.000,2009,1,4,16,10009KT,18,08
2009-01-04 17:00:00.000,2009,1,4,17,12009KT,19,07
2009-01-04 18:00:00.000,2009,1,4,18,14015KT,19,07
2009-01-04 19:00:00.000,2009,1,4,19,15012KT,20,08
2009-01-04 20:00:00.000,2009,1,4,20,13008KT,20,08
2009-01-04 21:00:00.000,2009,1,4,21,10010KT,19,07
2009-01-04 22:00:00.000,2009,1,4,22,29010KT,18,12
2009-01-04 23:00:00.000,2009,1,4,23,30008KT,15,13
2009-01-05 00:00:00.000,2009,1,5,0,30004KT,13,13
2009-01-05 01:00:00.000,2009,1,5,1,VRB02KT,13,13
2009-01-05 02:00:00.000,2009,1,5,2,00000KT,13,13
2009-01-05 03:00:00.000,2009,1,5,3,00000KT,11,11
2009-01-05 04:00:00.000,2009,1,5,4,00000KT,11,10
2009-01-05 05:00:00.000,2009,1,5,5,34005KT,08,08
2009-01-05 06:00:00.000,2009,1,5,6,31004KT,09,09
2009-01-05 07:00:00.000,2009,1,5,7,05005KT,10,10
2009-01-05 08:00:00.000,2009,1,5,8,04003KT,10,10
2009-01-05 09:00:00.000,2009,1,5,9,06004KT,09,09
2009-01-05 10:00:00.000,2009,1,5,10,05004KT,08,08
2009-01-05 11:00:00.000,2009,1,5,11,VRB02KT,08,08
2009-01-05 12:00:00.000,2009,1,5,12,05006KT,10,09
2009-01-05 13:00:00.000,2009,1,5,13,04008KT,13,10
2009-01-05 14:00:00.000,2009,1,5,14,03005KT,16,10
2009-01-05 15:00:00.000,2009,1,5,15,03007KT,17,10
2009-01-05 16:00:00.000,2009,1,5,16,10010KT,19,08
2009-01-05 17:00:00.000,2009,1,5,17,13007KT,19,08
2009-01-05 18:00:00.000,2009,1,5,18,08007KT,19,07
2009-01-05 19:00:00.000,2009,1,5,19,12007KT,19,07
2009-01-05 20:00:00.000,2009,1,5,20,04003KT,16,10
2009-01-05 21:00:00.000,2009,1,5,21,33003KT,17,10
2009-01-05 22:00:00.000,2009,1,5,22,22008KT,16,13
2009-01-05 23:00:00.000,2009,1,5,23,25003KT,14,13
2009-01-06 00:00:00.000,2009,1,6,0,30003KT,13,12
2009-01-06 01:00:00.000,2009,1,6,1,03012KT,26,23
2009-01-06 03:00:00.000,2009,1,6,3,VRB02KT,11,10
2009-01-06 04:00:00.000,2009,1,6,4,VRB02KT,10,0
2009-01-06 06:00:00.000,2009,1,6,6,05005KT,11,10
2009-01-06 07:00:00.000,2009,1,6,7,01004KT,10,09
2009-01-06 08:00:00.000,2009,1,6,8,33003KT,09,08
2009-01-06 09:00:00.000,2009,1,6,9,04004KT,09,08
2009-01-06 10:00:00.000,2009,1,6,10,02004KT,09,08
2009-01-06 11:00:00.000,2009,1,6,11,06004KT,10,09
2009-01-06 12:00:00.000,2009,1,6,12,05005KT,11,10
2009-01-06 13:00:00.000,2009,1,6,13,03008KT,13,11
2009-01-06 14:00:00.000,2009,1,6,14,04005KT,15,11
2009-01-06 15:00:00.000,2009,1,6,15,06010KT,16,11
2009-01-06 16:00:00.000,2009,1,6,16,06007KT,17,09
2009-01-06 17:00:00.000,2009,1,6,17,05006KT,18,09
2009-01-06 18:00:00.000,2009,1,6,18,12005KT,17,09
2009-01-06 19:00:00.000,2009,1,6,19,06010KT,17,10
2009-01-06 21:00:00.000,2009,1,6,21,04010KT,16,11
2009-01-06 22:00:00.000,2009,1,6,22,06005KT,16,08
2009-01-06 23:00:00.000,2009,1,6,23,07005KT,15,09
2009-01-07 00:00:00.000,2009,1,7,0,04004KT,14,08
2009-01-07 01:00:00.000,2009,1,7,1,05004KT,14,08
2009-01-07 02:00:00.000,2009,1,7,2,02005KT,13,09
2009-01-07 03:00:00.000,2009,1,7,3,04004KT,13,09
2009-01-07 04:00:00.000,2009,1,7,4,34003KT,12,10
2009-01-07 05:00:00.000,2009,1,7,5,34003KT,11,10
2009-01-07 06:00:00.000,2009,1,7,6,VRB02KT,10,09
2009-01-07 07:00:00.000,2009,1,7,7,33003KT,10,09
2009-01-07 08:00:00.000,2009,1,7,8,VRB02KT,09,09
2009-01-07 09:00:00.000,2009,1,7,9,VRB02KT,09,09
2009-01-07 10:00:00.000,2009,1,7,10,VRB02KT,09,08
2009-01-07 11:00:00.000,2009,1,7,11,VRB02KT,09,08
2009-01-07 12:00:00.000,2009,1,7,12,04004KT,11,10
2009-01-07 13:00:00.000,2009,1,7,13,04008KT,13,10
2009-01-07 14:00:00.000,2009,1,7,14,00000KT,21,21
2009-01-07 15:00:00.000,2009,1,7,15,04006KT,16,09
2009-01-07 16:00:00.000,2009,1,7,16,02004KT,16,10
2009-01-07 17:00:00.000,2009,1,7,17,13004KT,17,10
2009-01-07 18:00:00.000,2009,1,7,18,09008KT,17,08
2009-01-07 19:00:00.000,2009,1,7,19,06008KT,17,09
2009-01-07 20:00:00.000,2009,1,7,20,08008KT,18,09
2009-01-07 21:00:00.000,2009,1,7,21,03010KT,18,08
2009-01-07 22:00:00.000,2009,1,7,22,04006KT,17,08
2009-01-07 23:00:00.000,2009,1,7,23,27007KT,15,12
2009-01-08 00:00:00.000,2009,1,8,0,30006KT,13,12
2009-01-08 01:00:00.000,2009,1,8,1,25005KT,12,12
2009-01-08 02:00:00.000,2009,1,8,2,30004KT,12,12
2009-01-08 03:00:00.000,2009,1,8,3,VRB02KT,12,12
2009-01-08 04:00:00.000,2009,1,8,4,VRB02KT,11,11
2009-01-08 05:00:00.000,2009,1,8,5,00000KT,11,10
2009-01-08 07:00:00.000,2009,1,8,7,VRB02KT,09,09
2009-01-08 08:00:00.000,2009,1,8,8,VRB02KT,09,09
2009-01-08 09:00:00.000,2009,1,8,9,00000KT,08,07
2009-01-08 10:00:00.000,2009,1,8,10,03003KT,08,08
2009-01-08 11:00:00.000,2009,1,8,11,31003KT,07,06
2009-01-08 12:00:00.000,2009,1,8,12,05004KT,08,08
2009-01-08 13:00:00.000,2009,1,8,13,05008KT,12,11
2009-01-08 14:00:00.000,2009,1,8,14,06010KT,15,11
2009-01-08 15:00:00.000,2009,1,8,15,13010KT,17,09
2009-01-08 16:00:00.000,2009,1,8,16,12008KT,17,09
2009-01-08 17:00:00.000,2009,1,8,17,13009KT,17,09
2009-01-08 18:00:00.000,2009,1,8,18,13010KT,18,09
2009-01-08 19:00:00.000,2009,1,8,19,10010KT,17,08
2009-01-08 20:00:00.000,2009,1,8,20,08012KT,18,07
2009-01-08 21:00:00.000,2009,1,8,21,09010KT,18,07
2009-01-08 22:00:00.000,2009,1,8,22,15008KT,18,07
2009-01-08 23:00:00.000,2009,1,8,23,10012KT,16,08
2009-01-09 00:00:00.000,2009,1,9,0,30006KT,12,11
2009-01-09 01:00:00.000,2009,1,9,1,04005KT,12,11
2009-01-09 02:00:00.000,2009,1,9,2,02006KT,12,10
2009-01-09 03:00:00.000,2009,1,9,3,02006KT,12,10
2009-01-09 04:00:00.000,2009,1,9,4,04006KT,11,10
2009-01-09 05:00:00.000,2009,1,9,5,VRB02KT,10,09
2009-01-09 07:00:00.000,2009,1,9,7,VRB02KT,08,08
2009-01-09 08:00:00.000,2009,1,9,8,VRB02KT,08,08
2009-01-09 09:00:00.000,2009,1,9,9,29004KT,07,06
2009-01-09 10:00:00.000,2009,1,9,10,VRB02KT,07,06
2009-01-09 11:00:00.000,2009,1,9,11,VRB02KT,06,06
2009-01-09 12:00:00.000,2009,1,9,12,21003KT,07,07
2009-01-09 13:00:00.000,2009,1,9,13,06004KT,11,11
2009-01-09 14:00:00.000,2009,1,9,14,01004KT,14,11
2009-01-09 16:00:00.000,2009,1,9,16,05010KT,16,09
2009-01-09 18:00:00.000,2009,1,9,18,35003KT,15,10
2009-01-09 19:00:00.000,2009,1,9,19,09003KT,17,09
2009-01-09 20:00:00.000,2009,1,9,20,07007KT,18,09
2009-01-09 21:00:00.000,2009,1,9,21,12006KT,17,09
2009-01-09 22:00:00.000,2009,1,9,22,12005KT,16,11
2009-01-09 23:00:00.000,2009,1,9,23,06003KT,15,10
2009-01-10 00:00:00.000,2009,1,10,0,33003KT,14,13
2009-01-10 01:00:00.000,2009,1,10,1,09003KT,14,10
2009-01-10 02:00:00.000,2009,1,10,2,VRB02KT,13,10
2009-01-10 03:00:00.000,2009,1,10,3,36004KT,11,10
2009-01-10 04:00:00.000,2009,1,10,4,04003KT,10,09
2009-01-10 05:00:00.000,2009,1,10,5,05004KT,09,09
2009-01-10 06:00:00.000,2009,1,10,6,VRB02KT,09,08
2009-01-10 07:00:00.000,2009,1,10,7,29003KT,08,08
2009-01-10 08:00:00.000,2009,1,10,8,03003KT,07,07
2009-01-10 09:00:00.000,2009,1,10,9,02004KT,07,07
2009-01-10 10:00:00.000,2009,1,10,10,VRB02KT,07,07
2009-01-10 11:00:00.000,2009,1,10,11,VRB02KT,05,05
2009-01-10 12:00:00.000,2009,1,10,12,20003KT,08,08
2009-01-10 13:00:00.000,2009,1,10,13,VRB02KT,11,11
2009-01-10 14:00:00.000,2009,1,10,14,06010KT,15,12
2009-01-10 15:00:00.000,2009,1,10,15,09005KT,16,10
2009-01-10 16:00:00.000,2009,1,10,16,03007KT,18,11
2009-01-10 17:00:00.000,2009,1,10,17,14010KT,18,09
2009-01-10 18:00:00.000,2009,1,10,18,14007KT,18,08
2009-01-10 19:00:00.000,2009,1,10,19,09006KT,19,09
2009-01-10 20:00:00.000,2009,1,10,20,26011KT,17,12
2009-01-10 21:00:00.000,2009,1,10,21,24011KT,15,13
2009-01-10 22:00:00.000,2009,1,10,22,29009KT,15,13
2009-01-10 23:00:00.000,2009,1,10,23,28006KT,14,12
2009-01-11 01:00:00.000,2009,1,11,1,VRB02KT,12,11
2009-01-11 02:00:00.000,2009,1,11,2,VRB02KT,12,11
2009-01-11 03:00:00.000,2009,1,11,3,35003KT,11,10
2009-01-11 06:00:00.000,2009,1,11,6,03004KT,11,10
2009-01-11 11:00:00.000,2009,1,11,11,00000KT,08,08
2009-01-11 12:00:00.000,2009,1,11,12,04010KT,07,07
2009-01-11 13:00:00.000,2009,1,11,13,06005KT,10,10
2009-01-11 14:00:00.000,2009,1,11,14,05005KT,14,10
2009-01-11 15:00:00.000,2009,1,11,15,15007KT,16,09
2009-01-11 16:00:00.000,2009,1,11,16,16003KT,16,09
2009-01-11 17:00:00.000,2009,1,11,17,17009KT,17,09
2009-01-11 18:00:00.000,2009,1,11,18,14010KT,17,09
2009-01-11 19:00:00.000,2009,1,11,19,16010KT,18,09
2009-01-11 20:00:00.000,2009,1,11,20,19010KT,17,09
2009-01-11 21:00:00.000,2009,1,11,21,10010KT,17,08
2009-01-11 22:00:00.000,2009,1,11,22,07007KT,16,07
2009-01-11 23:00:00.000,2009,1,11,23,03007KT,16,07
2009-01-12 00:00:00.000,2009,1,12,0,05006KT,14,07
2009-01-12 01:00:00.000,2009,1,12,1,04004KT,12,07
2009-01-12 02:00:00.000,2009,1,12,2,03005KT,12,10
2009-01-12 03:00:00.000,2009,1,12,3,08006KT,12,09
2009-01-12 04:00:00.000,2009,1,12,4,11004KT,12,09
2009-01-12 05:00:00.000,2009,1,12,5,VRB02KT,11,09
2009-01-12 06:00:00.000,2009,1,12,6,04008KT,10,09
2009-01-12 07:00:00.000,2009,1,12,7,05008KT,11,09
2009-01-12 08:00:00.000,2009,1,12,8,06006KT,11,09
2009-01-12 09:00:00.000,2009,1,12,9,05004KT,11,09
2009-01-12 10:00:00.000,2009,1,12,10,06006KT,11,09
2009-01-12 11:00:00.000,2009,1,12,11,05004KT,10,09
2009-01-12 12:00:00.000,2009,1,12,12,07004KT,10,09
2009-01-12 13:00:00.000,2009,1,12,13,05007KT,12,10
2009-01-12 14:00:00.000,2009,1,12,14,06010KT,13,11
2009-01-12 15:00:00.000,2009,1,12,15,05008KT,16,11
2009-01-12 16:00:00.000,2009,1,12,16,06010KT,16,10
2009-01-12 17:00:00.000,2009,1,12,17,12006KT,16,10
2009-01-12 18:00:00.000,2009,1,12,18,03008KT,16,10
2009-01-12 19:00:00.000,2009,1,12,19,09004KT,16,11
2009-01-12 20:00:00.000,2009,1,12,20,VRB02KT,17,11
2009-01-12 21:00:00.000,2009,1,12,21,19007KT,16,11
2009-01-12 22:00:00.000,2009,1,12,22,10005KT,17,11
2009-01-12 23:00:00.000,2009,1,12,23,11004KT,16,10
2009-01-13 00:00:00.000,2009,1,13,0,06005KT,14,10
2009-01-13 01:00:00.000,2009,1,13,1,07006KT,13,10
2009-01-13 02:00:00.000,2009,1,13,2,03005KT,12,10
2009-01-13 03:00:00.000,2009,1,13,3,04005KT,11,10
2009-01-13 04:00:00.000,2009,1,13,4,05006KT,11,10
2009-01-13 05:00:00.000,2009,1,13,5,05005KT,12,11
2009-01-13 06:00:00.000,2009,1,13,6,04006KT,11,10
2009-01-13 07:00:00.000,2009,1,13,7,04005KT,11,11
2009-01-13 08:00:00.000,2009,1,13,8,06004KT,11,11
2009-01-13 09:00:00.000,2009,1,13,9,05005KT,11,11
2009-01-13 10:00:00.000,2009,1,13,10,05006KT,11,11
2009-01-13 11:00:00.000,2009,1,13,11,03003KT,11,10
2009-01-13 12:00:00.000,2009,1,13,12,03004KT,11,11
2009-01-13 13:00:00.000,2009,1,13,13,05006KT,12,11
2009-01-13 14:00:00.000,2009,1,13,14,08010KT,14,11
2009-01-13 15:00:00.000,2009,1,13,15,10007KT,14,10
2009-01-13 16:00:00.000,2009,1,13,16,17004KT,14,10
2009-01-13 17:00:00.000,2009,1,13,17,17004KT,15,10
2009-01-13 18:00:00.000,2009,1,13,18,15008KT,16,10
2009-01-13 19:00:00.000,2009,1,13,19,18008KT,16,10
2009-01-13 20:00:00.000,2009,1,13,20,10008KT,15,10
2009-01-13 21:00:00.000,2009,1,13,21,11008KT,16,10
2009-01-13 22:00:00.000,2009,1,13,22,10008KT,16,09
2009-01-13 23:00:00.000,2009,1,13,23,06005KT,15,10
2009-01-14 01:00:00.000,2009,1,14,1,08004KT,12,10
2009-01-14 02:00:00.000,2009,1,14,2,35004KT,11,09
2009-01-14 03:00:00.000,2009,1,14,3,03006KT,11,09
2009-01-14 04:00:00.000,2009,1,14,4,VRB02KT,10,09
2009-01-14 05:00:00.000,2009,1,14,5,VRB02KT,09,08
2009-01-14 06:00:00.000,2009,1,14,6,VRB02KT,07,06
2009-01-14 07:00:00.000,2009,1,14,7,00000KT,08,08
2009-01-14 08:00:00.000,2009,1,14,8,00000KT,06,06
2009-01-14 09:00:00.000,2009,1,14,9,VRB02KT,05,05
2009-01-14 10:00:00.000,2009,1,14,10,VRB02KT,04,04
2009-01-14 11:00:00.000,2009,1,14,11,31004KT,04,04
2009-01-14 12:00:00.000,2009,1,14,12,VRB02KT,05,04
2009-01-14 13:00:00.000,2009,1,14,13,03004KT,09,08
2009-01-14 14:00:00.000,2009,1,14,14,30004KT,14,10
2009-01-14 15:00:00.000,2009,1,14,15,03005KT,15,10
2009-01-14 16:00:00.000,2009,1,14,16,11006KT,18,08
2009-01-14 17:00:00.000,2009,1,14,17,07008KT,18,08
2009-01-14 18:00:00.000,2009,1,14,18,08006KT,18,06
2009-01-14 19:00:00.000,2009,1,14,19,26004KT,18,06
2009-01-14 20:00:00.000,2009,1,14,20,25010KT,19,11
2009-01-14 21:00:00.000,2009,1,14,21,26012KT,18,11
2009-01-14 22:00:00.000,2009,1,14,22,27006KT,16,12
2009-01-14 23:00:00.000,2009,1,14,23,26004KT,15,12
2009-01-15 00:00:00.000,2009,1,15,0,29006KT,14,13
2009-01-15 01:00:00.000,2009,1,15,1,VRB02KT,13,13
2009-01-15 02:00:00.000,2009,1,15,2,28004KT,13,13
2009-01-15 03:00:00.000,2009,1,15,3,VRB02KT,13,12
2009-01-15 04:00:00.000,2009,1,15,4,VRB02KT,13,13
2009-01-15 05:00:00.000,2009,1,15,5,VRB02KT,12,12
2009-01-15 06:00:00.000,2009,1,15,6,VRB02KT,12,11
2009-01-15 07:00:00.000,2009,1,15,7,05004KT,11,10
2009-01-15 08:00:00.000,2009,1,15,8,VRB02KT,10,10
2009-01-15 09:00:00.000,2009,1,15,9,00000KT,10,10
2009-01-15 10:00:00.000,2009,1,15,10,35006KT,09,09
2009-01-15 11:00:00.000,2009,1,15,11,03004KT,08,08
2009-01-15 12:00:00.000,2009,1,15,12,06004KT,09,09
2009-01-15 13:00:00.000,2009,1,15,13,00000KT,10,10
2009-01-15 14:00:00.000,2009,1,15,14,09004KT,13,11
2009-01-15 15:00:00.000,2009,1,15,15,03006KT,16,11
2009-01-15 16:00:00.000,2009,1,15,16,26004KT,17,10
2009-01-15 17:00:00.000,2009,1,15,17,05006KT,18,09
2009-01-15 18:00:00.000,2009,1,15,18,25012KT,17,12
2009-01-15 19:00:00.000,2009,1,15,19,24012KT,17,11
2009-01-15 20:00:00.000,2009,1,15,20,29009KT,16,12
2009-01-15 21:00:00.000,2009,1,15,21,26006KT,16,13
2009-01-15 22:00:00.000,2009,1,15,22,24004KT,15,12
2009-01-15 23:00:00.000,2009,1,15,23,26005KT,14,12
2009-01-16 00:00:00.000,2009,1,16,0,VRB02KT,12,11
2009-01-16 01:00:00.000,2009,1,16,1,VRB02KT,11,10
2009-01-16 02:00:00.000,2009,1,16,2,VRB02KT,11,10
2009-01-16 03:00:00.000,2009,1,16,3,VRB02KT,11,10
2009-01-16 04:00:00.000,2009,1,16,4,VRB02KT,11,10
2009-01-16 05:00:00.000,2009,1,16,5,30004KT,10,10
2009-01-16 06:00:00.000,2009,1,16,6,30004KT,10,09
2009-01-16 07:00:00.000,2009,1,16,7,29004KT,10,09
2009-01-16 08:00:00.000,2009,1,16,8,VRB02KT,10,09
2009-01-16 09:00:00.000,2009,1,16,9,VRB02KT,10,09
2009-01-16 10:00:00.000,2009,1,16,10,VRB02KT,09,09
2009-01-16 13:00:00.000,2009,1,16,13,28005KT,10,10
2009-01-16 14:00:00.000,2009,1,16,14,31008KT,14,12
2009-01-16 15:00:00.000,2009,1,16,15,28006KT,16,11
2009-01-16 16:00:00.000,2009,1,16,16,32006KT,17,10
2009-01-16 17:00:00.000,2009,1,16,17,27008KT,18,11
2009-01-16 18:00:00.000,2009,1,16,18,26012KT,18,11
2009-01-16 19:00:00.000,2009,1,16,19,25012KT,17,11
2009-01-16 20:00:00.000,2009,1,16,20,22009KT,17,11
2009-01-16 21:00:00.000,2009,1,16,21,27010KT,16,12
2009-01-16 22:00:00.000,2009,1,16,22,22006KT,15,12
2009-01-16 23:00:00.000,2009,1,16,23,25005KT,14,12
2009-01-17 00:00:00.000,2009,1,17,0,26004KT,14,13
2009-01-17 01:00:00.000,2009,1,17,1,VRB02KT,13,12
2009-01-17 02:00:00.000,2009,1,17,2,29004KT,12,12
2009-01-17 03:00:00.000,2009,1,17,3,27003KT,12,12
2009-01-17 04:00:00.000,2009,1,17,4,26003KT,12,12
2009-01-17 05:00:00.000,2009,1,17,5,29003KT,12,12
2009-01-17 06:00:00.000,2009,1,17,6,30004KT,12,11
2009-01-17 12:00:00.000,2009,1,17,12,VRB02KT,11,11
2009-01-17 13:00:00.000,2009,1,17,13,VRB02KT,11,11
2009-01-17 14:00:00.000,2009,1,17,14,34006KT,14,13
2009-01-17 15:00:00.000,2009,1,17,15,30006KT,15,12
2009-01-17 16:00:00.000,2009,1,17,16,34009KT,15,12
2009-01-17 17:00:00.000,2009,1,17,17,34012KT,15,12
2009-01-17 18:00:00.000,2009,1,17,18,30010KT,16,09
2009-01-17 19:00:00.000,2009,1,17,19,28008KT,15,11
2009-01-17 20:00:00.000,2009,1,17,20,18007KT,17,10
2009-01-17 21:00:00.000,2009,1,17,21,34010KT,15,12
2009-01-17 23:00:00.000,2009,1,17,23,34004KT,11,10
2009-01-18 00:00:00.000,2009,1,18,0,28004KT,12,11
2009-01-18 01:00:00.000,2009,1,18,1,33003KT,12,11
2009-01-18 02:00:00.000,2009,1,18,2,VRB02KT,11,10
2009-01-18 03:00:00.000,2009,1,18,3,VRB02KT,11,10
2009-01-18 04:00:00.000,2009,1,18,4,25003KT,10,10
2009-01-18 06:00:00.000,2009,1,18,6,00000KT,09,08
2009-01-18 07:00:00.000,2009,1,18,7,00000KT,08,08
2009-01-18 10:00:00.000,2009,1,18,10,00000KT,09,08
2009-01-18 11:00:00.000,2009,1,18,11,00000KT,09,08
2009-01-18 12:00:00.000,2009,1,18,12,07006KT,09,09
2009-01-18 13:00:00.000,2009,1,18,13,04004KT,11,10
2009-01-18 14:00:00.000,2009,1,18,14,01004KT,13,13
2009-01-18 15:00:00.000,2009,1,18,15,06004KT,16,12
2009-01-18 16:00:00.000,2009,1,18,16,07007KT,18,12
2009-01-18 17:00:00.000,2009,1,18,17,03006KT,20,11
2009-01-18 18:00:00.000,2009,1,18,18,08003KT,19,10
2009-01-18 19:00:00.000,2009,1,18,19,24012KT,17,14
2009-01-18 20:00:00.000,2009,1,18,20,31015KT,16,14
2009-01-18 21:00:00.000,2009,1,18,21,27013KT,16,13
2009-01-18 22:00:00.000,2009,1,18,22,27009KT,16,13
2009-01-18 23:00:00.000,2009,1,18,23,26006KT,15,13
2009-01-19 00:00:00.000,2009,1,19,0,29005KT,14,12
2009-01-19 01:00:00.000,2009,1,19,1,31004KT,13,12
2009-01-19 02:00:00.000,2009,1,19,2,29004KT,13,12
2009-01-19 03:00:00.000,2009,1,19,3,VRB02KT,13,12
2009-01-19 04:00:00.000,2009,1,19,4,24004KT,13,12
2009-01-19 05:00:00.000,2009,1,19,5,28003KT,13,12
2009-01-19 06:00:00.000,2009,1,19,6,VRB02KT,12,11
2009-01-19 07:00:00.000,2009,1,19,7,VRB02KT,12,11
2009-01-19 08:00:00.000,2009,1,19,8,31004KT,12,11
2009-01-19 09:00:00.000,2009,1,19,9,35004KT,11,11
2009-01-19 10:00:00.000,2009,1,19,10,31005KT,11,11
2009-01-19 11:00:00.000,2009,1,19,11,VRB02KT,11,11
2009-01-19 12:00:00.000,2009,1,19,12,03004KT,11,11
2009-01-19 13:00:00.000,2009,1,19,13,VRB02KT,11,11
2009-01-19 14:00:00.000,2009,1,19,14,VRB02KT,13,12
2009-01-19 15:00:00.000,2009,1,19,15,32004KT,15,12
2009-01-19 16:00:00.000,2009,1,19,16,05004KT,16,12
2009-01-19 17:00:00.000,2009,1,19,17,05005KT,16,11
2009-01-19 18:00:00.000,2009,1,19,18,22008KT,15,14
2009-01-19 19:00:00.000,2009,1,19,19,29012KT,16,13
2009-01-19 20:00:00.000,2009,1,19,20,28014KT,15,13
2009-01-19 21:00:00.000,2009,1,19,21,32004KT,13,13
2009-01-19 22:00:00.000,2009,1,19,22,31007KT,14,12
2009-01-19 23:00:00.000,2009,1,19,23,27005KT,13,12
2009-01-20 00:00:00.000,2009,1,20,0,27005KT,12,12
2009-01-20 01:00:00.000,2009,1,20,1,VRB02KT,12,12
2009-01-20 02:00:00.000,2009,1,20,2,23004KT,12,11
2009-01-20 03:00:00.000,2009,1,20,3,34003KT,12,11
2009-01-20 04:00:00.000,2009,1,20,4,32003KT,11,11
2009-01-20 05:00:00.000,2009,1,20,5,02002KT,11,11
2009-01-20 06:00:00.000,2009,1,20,6,03003KT,11,11
2009-01-20 07:00:00.000,2009,1,20,7,35003KT,11,10
2009-01-20 08:00:00.000,2009,1,20,8,VRB02KT,11,10
2009-01-20 09:00:00.000,2009,1,20,9,VRB02KT,10,10
2009-01-20 10:00:00.000,2009,1,20,10,00000KT,10,10
2009-01-20 11:00:00.000,2009,1,20,11,00000KT,10,10
2009-01-20 12:00:00.000,2009,1,20,12,05004KT,10,10
2009-01-20 13:00:00.000,2009,1,20,13,03006KT,11,11
2009-01-20 14:00:00.000,2009,1,20,14,04004KT,13,11
2009-01-20 15:00:00.000,2009,1,20,15,03004KT,15,12
2009-01-20 16:00:00.000,2009,1,20,16,10004KT,16,12
2009-01-20 17:00:00.000,2009,1,20,17,25006KT,17,11
2009-01-20 18:00:00.000,2009,1,20,18,26006KT,16,11
2009-01-20 19:00:00.000,2009,1,20,19,31008KT,17,12
2009-01-20 20:00:00.000,2009,1,20,20,25008KT,12,11
2009-01-20 21:00:00.000,2009,1,20,21,28006KT,13,12
2009-01-20 22:00:00.000,2009,1,20,22,27005KT,13,12
2009-01-21 00:00:00.000,2009,1,21,0,00000KT,12,11
2009-01-21 01:00:00.000,2009,1,21,1,00000KT,11,10
2009-01-21 02:00:00.000,2009,1,21,2,VRB02KT,11,10
2009-01-21 03:00:00.000,2009,1,21,3,VRB02KT,11,10
2009-01-21 04:00:00.000,2009,1,21,4,23004KT,10,10
2009-01-21 06:00:00.000,2009,1,21,6,VRB02KT,09,09
2009-01-21 07:00:00.000,2009,1,21,7,02004KT,09,08
2009-01-21 09:00:00.000,2009,1,21,9,VRB02KT,08,08
2009-01-21 10:00:00.000,2009,1,21,10,05006KT,08,08
2009-01-21 11:00:00.000,2009,1,21,11,05004KT,08,08
2009-01-21 12:00:00.000,2009,1,21,12,24003KT,08,08
2009-01-21 13:00:00.000,2009,1,21,13,06004KT,12,11
2009-01-21 14:00:00.000,2009,1,21,14,03006KT,13,12
2009-01-21 15:00:00.000,2009,1,21,15,05008KT,15,10
2009-01-21 16:00:00.000,2009,1,21,16,15008KT,17,09
2009-01-21 17:00:00.000,2009,1,21,17,12003KT,17,09
2009-01-21 18:00:00.000,2009,1,21,18,08005KT,17,10
2009-01-21 19:00:00.000,2009,1,21,19,24006KT,14,13
2009-01-21 20:00:00.000,2009,1,21,20,24008KT,14,13
2009-01-21 21:00:00.000,2009,1,21,21,23005KT,14,13
2009-01-21 22:00:00.000,2009,1,21,22,24006KT,14,13
2009-01-21 23:00:00.000,2009,1,21,23,22005KT,13,12
2009-01-22 01:00:00.000,2009,1,22,1,00000KT,11,10
2009-01-22 02:00:00.000,2009,1,22,2,00000KT,10,10
2009-01-22 03:00:00.000,2009,1,22,3,00000KT,11,10
2009-01-22 05:00:00.000,2009,1,22,5,00000KT,10,10
2009-01-22 06:00:00.000,2009,1,22,6,00000KT,11,11
2009-01-22 07:00:00.000,2009,1,22,7,00000KT,11,11
2009-01-22 08:00:00.000,2009,1,22,8,00000KT,11,11
2009-01-22 09:00:00.000,2009,1,22,9,04005KT,10,10
2009-01-22 10:00:00.000,2009,1,22,10,05005KT,10,09
2009-01-22 11:00:00.000,2009,1,22,11,03005KT,09,09
2009-01-22 12:00:00.000,2009,1,22,12,05008KT,10,10
2009-01-22 13:00:00.000,2009,1,22,13,04010KT,13,10
2009-01-22 14:00:00.000,2009,1,22,14,07010KT,15,10
2009-01-22 15:00:00.000,2009,1,22,15,10006KT,16,09
2009-01-22 16:00:00.000,2009,1,22,16,12006KT,17,09
2009-01-22 17:00:00.000,2009,1,22,17,VRB02KT,18,08
2009-01-22 18:00:00.000,2009,1,22,18,30012KT,16,12
2009-01-22 19:00:00.000,2009,1,22,19,24010KT,14,13
2009-01-22 20:00:00.000,2009,1,22,20,29008KT,15,13
2009-01-22 21:00:00.000,2009,1,22,21,28005KT,15,12
2009-01-22 22:00:00.000,2009,1,22,22,22006KT,15,12
2009-01-22 23:00:00.000,2009,1,22,23,23005KT,14,12
2009-01-23 00:00:00.000,2009,1,23,0,25004KT,13,12
2009-01-23 01:00:00.000,2009,1,23,1,23003KT,13,12
2009-01-23 02:00:00.000,2009,1,23,2,VRB02KT,12,12
2009-01-23 03:00:00.000,2009,1,23,3,00000KT,12,12
2009-01-23 05:00:00.000,2009,1,23,5,02003KT,11,11
2009-01-23 06:00:00.000,2009,1,23,6,00000KT,11,11
2009-01-23 07:00:00.000,2009,1,23,7,34003KT,11,11
2009-01-23 08:00:00.000,2009,1,23,8,VRB02KT,11,11
2009-01-23 09:00:00.000,2009,1,23,9,04003KT,11,11
2009-01-23 10:00:00.000,2009,1,23,10,00000KT,11,11
2009-01-23 11:00:00.000,2009,1,23,11,VRB02KT,11,10
2009-01-23 12:00:00.000,2009,1,23,12,00000KT,10,09
2009-01-23 13:00:00.000,2009,1,23,13,30005KT,11,10
2009-01-23 15:00:00.000,2009,1,23,15,VRB02KT,16,12
2009-01-23 17:00:00.000,2009,1,23,17,22003KT,16,12
2009-01-23 18:00:00.000,2009,1,23,18,28010KT,15,12
2009-01-23 19:00:00.000,2009,1,23,19,23015KT,17,12
2009-01-23 20:00:00.000,2009,1,23,20,26010KT,17,12
2009-01-23 21:00:00.000,2009,1,23,21,25010KT,17,11
2009-01-23 22:00:00.000,2009,1,23,22,28006KT,17,11
2009-01-23 23:00:00.000,2009,1,23,23,32008KT,15,11
2009-01-24 00:00:00.000,2009,1,24,0,36008KT,12,12
2009-01-24 01:00:00.000,2009,1,24,1,07004KT,12,12
2009-01-24 02:00:00.000,2009,1,24,2,32006KT,12,12
2009-01-24 03:00:00.000,2009,1,24,3,VRB02KT,12,12
2009-01-24 04:00:00.000,2009,1,24,4,35004KT,11,11
2009-01-24 05:00:00.000,2009,1,24,5,27003KT,11,11
2009-01-24 06:00:00.000,2009,1,24,6,VRB02KT,11,11
2009-01-24 07:00:00.000,2009,1,24,7,27003KT,11,11
2009-01-24 08:00:00.000,2009,1,24,8,VRB02KT,11,11
2009-01-24 09:00:00.000,2009,1,24,9,00000KT,10,10
2009-01-24 10:00:00.000,2009,1,24,10,00000KT,10,10
2009-01-24 11:00:00.000,2009,1,24,11,00000KT,10,10
2009-01-24 12:00:00.000,2009,1,24,12,00000KT,11,11
2009-01-24 13:00:00.000,2009,1,24,13,35003KT,12,11
2009-01-24 15:00:00.000,2009,1,24,15,04005KT,15,13
2009-01-24 16:00:00.000,2009,1,24,16,VRB02KT,18,13
2009-01-24 17:00:00.000,2009,1,24,17,31007KT,17,11
2009-01-24 18:00:00.000,2009,1,24,18,32011KT,17,11
2009-01-24 19:00:00.000,2009,1,24,19,24007KT,17,12
2009-01-24 23:00:00.000,2009,1,24,23,26003KT,13,13
2009-01-25 00:00:00.000,2009,1,25,0,27003KT,13,12
2009-01-25 01:00:00.000,2009,1,25,1,00000KT,13,11
2009-01-25 02:00:00.000,2009,1,25,2,24004KT,12,11
2009-01-25 04:00:00.000,2009,1,25,4,VRB02KT,10,10
2009-01-25 05:00:00.000,2009,1,25,5,00000KT,10,10
2009-01-25 10:00:00.000,2009,1,25,10,00000KT,08,08
2009-01-25 11:00:00.000,2009,1,25,11,00000KT,08,08
2009-01-25 12:00:00.000,2009,1,25,12,00000KT,08,08
2009-01-25 13:00:00.000,2009,1,25,13,00000KT,09,09
2009-01-25 14:00:00.000,2009,1,25,14,10004KT,12,11
2009-01-25 15:00:00.000,2009,1,25,15,VRB02KT,15,10
2009-01-25 16:00:00.000,2009,1,25,16,32008KT,15,10
2009-01-25 17:00:00.000,2009,1,25,17,32012KT,15,11
2009-01-25 18:00:00.000,2009,1,25,18,34008KT,17,09
2009-01-25 19:00:00.000,2009,1,25,19,32010KT,18,11
2009-01-25 20:00:00.000,2009,1,25,20,30010KT,18,12
2009-01-25 21:00:00.000,2009,1,25,21,29010KT,17,10
2009-01-25 22:00:00.000,2009,1,25,22,27010KT,17,12
2009-01-25 23:00:00.000,2009,1,25,23,32012KT,14,12
2009-01-26 00:00:00.000,2009,1,26,0,31010KT,12,11
2009-01-26 01:00:00.000,2009,1,26,1,28006KT,12,11
2009-01-26 02:00:00.000,2009,1,26,2,VRB02KT,11,10
2009-01-26 03:00:00.000,2009,1,26,3,VRB02KT,11,10
2009-01-26 04:00:00.000,2009,1,26,4,30004KT,11,10
2009-01-26 05:00:00.000,2009,1,26,5,VRB02KT,10,09
2009-01-26 06:00:00.000,2009,1,26,6,VRB02KT,09,08
2009-01-26 07:00:00.000,2009,1,26,7,VRB02KT,09,08
2009-01-26 08:00:00.000,2009,1,26,8,31003KT,08,07
2009-01-26 09:00:00.000,2009,1,26,9,VRB02KT,08,08
2009-01-26 10:00:00.000,2009,1,26,10,30003KT,07,07
2009-01-26 11:00:00.000,2009,1,26,11,VRB02KT,06,06
2009-01-26 12:00:00.000,2009,1,26,12,05006KT,08,08
2009-01-26 13:00:00.000,2009,1,26,13,33004KT,11,09
2009-01-26 14:00:00.000,2009,1,26,14,03006KT,13,09
2009-01-26 15:00:00.000,2009,1,26,15,06006KT,15,09
2009-01-26 16:00:00.000,2009,1,26,16,35007KT,18,09
2009-01-26 17:00:00.000,2009,1,26,17,31007KT,18,08
2009-01-26 18:00:00.000,2009,1,26,18,30010KT,17,11
2009-01-26 19:00:00.000,2009,1,26,19,27012KT,18,12
2009-01-26 20:00:00.000,2009,1,26,20,28014KT,18,12
2009-01-26 21:00:00.000,2009,1,26,21,27011KT,17,12
2009-01-26 23:00:00.000,2009,1,26,23,25004KT,14,13
2009-01-27 00:00:00.000,2009,1,27,0,25004KT,13,13
2009-01-27 01:00:00.000,2009,1,27,1,VRB02KT,12,12
2009-01-27 02:00:00.000,2009,1,27,2,33003KT,11,11
2009-01-27 03:00:00.000,2009,1,27,3,23004KT,11,11
2009-01-27 05:00:00.000,2009,1,27,5,27006KT,09,09
2009-01-27 06:00:00.000,2009,1,27,6,35005KT,10,10
2009-01-27 07:00:00.000,2009,1,27,7,05005KT,10,10
2009-01-27 08:00:00.000,2009,1,27,8,00000KT,10,10
2009-01-27 09:00:00.000,2009,1,27,9,05004KT,10,10
2009-01-27 10:00:00.000,2009,1,27,10,05005KT,09,09
2009-01-27 11:00:00.000,2009,1,27,11,05003KT,09,09
2009-01-27 12:00:00.000,2009,1,27,12,06003KT,10,09
2009-01-27 13:00:00.000,2009,1,27,13,07006KT,13,10
2009-01-27 14:00:00.000,2009,1,27,14,09006KT,16,09
2009-01-27 15:00:00.000,2009,1,27,15,07006KT,17,08
2009-01-27 16:00:00.000,2009,1,27,16,14006KT,19,08
2009-01-27 17:00:00.000,2009,1,27,17,15008KT,18,08
2009-01-27 18:00:00.000,2009,1,27,18,13005KT,19,08
2009-01-27 19:00:00.000,2009,1,27,19,14006KT,18,08
2009-01-27 20:00:00.000,2009,1,27,20,25008KT,17,11
2009-01-27 21:00:00.000,2009,1,27,21,25010KT,17,12
2009-01-27 23:00:00.000,2009,1,27,23,25008KT,14,12
2009-01-28 00:00:00.000,2009,1,28,0,32002KT,14,10
2009-01-28 01:00:00.000,2009,1,28,1,00000KT,13,11
2009-01-28 02:00:00.000,2009,1,28,2,00000KT,12,11
2009-01-28 03:00:00.000,2009,1,28,3,34003KT,12,11
2009-01-28 04:00:00.000,2009,1,28,4,VRB02KT,11,10
2009-01-28 05:00:00.000,2009,1,28,5,05003KT,09,08
2009-01-28 07:00:00.000,2009,1,28,7,03004KT,08,08
2009-01-28 08:00:00.000,2009,1,28,8,05005KT,08,08
2009-01-28 10:00:00.000,2009,1,28,10,04003KT,07,06
2009-01-28 11:00:00.000,2009,1,28,11,04003KT,07,07
2009-01-28 12:00:00.000,2009,1,28,12,04003KT,07,06
2009-01-28 13:00:00.000,2009,1,28,13,06005KT,09,09
2009-01-28 14:00:00.000,2009,1,28,14,05006KT,12,10
2009-01-28 15:00:00.000,2009,1,28,15,03005KT,14,10
2009-01-28 16:00:00.000,2009,1,28,16,04006KT,16,08
2009-01-28 17:00:00.000,2009,1,28,17,11007KT,18,08
2009-01-28 18:00:00.000,2009,1,28,18,VRB02KT,18,08
2009-01-28 19:00:00.000,2009,1,28,19,25006KT,18,09
2009-01-28 20:00:00.000,2009,1,28,20,22005KT,18,11
2009-01-28 21:00:00.000,2009,1,28,21,25008KT,17,11
2009-01-28 22:00:00.000,2009,1,28,22,28010KT,17,12
2009-01-28 23:00:00.000,2009,1,28,23,28005KT,15,12
2009-01-29 00:00:00.000,2009,1,29,0,VRB02KT,13,12
2009-01-29 01:00:00.000,2009,1,29,1,30004KT,12,11
2009-01-29 04:00:00.000,2009,1,29,4,VRB02KT,11,10
2009-01-29 05:00:00.000,2009,1,29,5,VRB02KT,12,11
2009-01-29 06:00:00.000,2009,1,29,6,VRB02KT,12,11
2009-01-29 07:00:00.000,2009,1,29,7,27003KT,12,11
2009-01-29 08:00:00.000,2009,1,29,8,VRB02KT,11,10
2009-01-29 09:00:00.000,2009,1,29,9,VRB02KT,11,10
2009-01-29 10:00:00.000,2009,1,29,10,VRB02KT,11,10
2009-01-29 11:00:00.000,2009,1,29,11,03003KT,11,10
2009-01-29 12:00:00.000,2009,1,29,12,VRB02KT,12,11
2009-01-29 13:00:00.000,2009,1,29,13,01004KT,12,12
2009-01-29 14:00:00.000,2009,1,29,14,06004KT,15,11
2009-01-29 15:00:00.000,2009,1,29,15,VRB02KT,16,09
2009-01-29 16:00:00.000,2009,1,29,16,16005KT,16,08
2009-01-29 18:00:00.000,2009,1,29,18,13008KT,19,09
2009-01-29 19:00:00.000,2009,1,29,19,14009KT,17,09
2009-01-29 20:00:00.000,2009,1,29,20,13011KT,17,09
2009-01-29 21:00:00.000,2009,1,29,21,11008KT,17,09
2009-01-29 22:00:00.000,2009,1,29,22,31006KT,16,11
2009-01-29 23:00:00.000,2009,1,29,23,25006KT,15,12
2009-01-30 00:00:00.000,2009,1,30,0,25006KT,14,13
2009-01-30 01:00:00.000,2009,1,30,1,25004KT,13,12
2009-01-30 02:00:00.000,2009,1,30,2,01004KT,13,13
2009-01-30 03:00:00.000,2009,1,30,3,35004KT,12,12
2009-01-30 04:00:00.000,2009,1,30,4,34003KT,12,11
2009-01-30 05:00:00.000,2009,1,30,5,04004KT,12,11
2009-01-30 06:00:00.000,2009,1,30,6,06005KT,11,10
2009-01-30 07:00:00.000,2009,1,30,7,03006KT,10,10
2009-01-30 08:00:00.000,2009,1,30,8,05006KT,10,10
2009-01-30 09:00:00.000,2009,1,30,9,04005KT,10,10
2009-01-30 10:00:00.000,2009,1,30,10,04007KT,10,09
2009-01-30 11:00:00.000,2009,1,30,11,06007KT,10,09
2009-01-30 12:00:00.000,2009,1,30,12,06006KT,10,09
2009-01-30 13:00:00.000,2009,1,30,13,04005KT,12,09
2009-01-30 14:00:00.000,2009,1,30,14,05010KT,14,09
2009-01-30 15:00:00.000,2009,1,30,15,06005KT,16,09
2009-01-30 16:00:00.000,2009,1,30,16,01004KT,17,07
2009-01-30 17:00:00.000,2009,1,30,17,02005KT,18,08
2009-01-31 21:00:00.000,2009,1,31,21,24009KT,16,12
2009-01-31 22:00:00.000,2009,1,31,22,30008KT,15,12
2009-01-31 23:00:00.000,2009,1,31,23,26006KT,14,12
2009-02-01 00:00:00.000,2009,2,1,0,33007KT,13,11
2009-02-01 01:00:00.000,2009,2,1,1,05008KT,12,11
2009-02-01 02:00:00.000,2009,2,1,2,04009KT,11,10
2009-02-01 03:00:00.000,2009,2,1,3,05007KT,11,10
2009-02-01 04:00:00.000,2009,2,1,4,02003KT,11,10
2009-02-01 07:00:00.000,2009,2,1,7,04004KT,10,10
2009-02-01 09:00:00.000,2009,2,1,9,06006KT,10,10
2009-02-01 10:00:00.000,2009,2,1,10,05008KT,10,09
2009-02-01 11:00:00.000,2009,2,1,11,06009KT,09,08
2009-02-01 12:00:00.000,2009,2,1,12,06010KT,10,10
2009-02-01 13:00:00.000,2009,2,1,13,07010KT,13,11
2009-02-01 14:00:00.000,2009,2,1,14,09007KT,15,10
2009-02-01 15:00:00.000,2009,2,1,15,11014KT,15,08
2009-02-01 16:00:00.000,2009,2,1,16,13015KT,16,08
2009-02-01 17:00:00.000,2009,2,1,17,06010KT,16,09
2009-02-01 18:00:00.000,2009,2,1,18,05010KT,16,09
2009-02-01 19:00:00.000,2009,2,1,19,05008KT,16,11
2009-02-01 20:00:00.000,2009,2,1,20,08014KT,17,10
2009-02-01 21:00:00.000,2009,2,1,21,08009KT,17,10
2009-02-01 22:00:00.000,2009,2,1,22,12012KT,16,08
2009-02-01 23:00:00.000,2009,2,1,23,12010KT,16,09
2009-02-02 00:00:00.000,2009,2,2,0,06007KT,15,09
2009-02-02 01:00:00.000,2009,2,2,1,07009KT,15,09
2009-02-02 03:00:00.000,2009,2,2,3,07005KT,11,09
2009-02-02 04:00:00.000,2009,2,2,4,05005KT,09,09
2009-02-02 05:00:00.000,2009,2,2,5,VRB02KT,08,08
2009-02-02 06:00:00.000,2009,2,2,6,05004KT,09,08
2009-02-02 07:00:00.000,2009,2,2,7,00000KT,08,08
2009-02-02 10:00:00.000,2009,2,2,10,02004KT,10,09
2009-02-02 11:00:00.000,2009,2,2,11,02004KT,10,09
2009-02-02 12:00:00.000,2009,2,2,12,07006KT,11,10
2009-02-02 13:00:00.000,2009,2,2,13,11005KT,13,10
2009-02-02 14:00:00.000,2009,2,2,14,14009KT,15,08
2009-02-02 15:00:00.000,2009,2,2,15,14007KT,17,09
2009-02-02 16:00:00.000,2009,2,2,16,13006KT,16,08
2009-02-02 17:00:00.000,2009,2,2,17,12007KT,16,08
2009-02-02 19:00:00.000,2009,2,2,19,08006KT,16,09
2009-02-02 20:00:00.000,2009,2,2,20,05006KT,16,09
2009-02-02 21:00:00.000,2009,2,2,21,06006KT,16,09
2009-02-02 22:00:00.000,2009,2,2,22,13004KT,15,09
2009-02-02 23:00:00.000,2009,2,2,23,05011KT,15,09
2009-02-03 00:00:00.000,2009,2,3,0,06008KT,13,09
2009-02-03 02:00:00.000,2009,2,3,2,07005KT,11,09
2009-02-03 03:00:00.000,2009,2,3,3,05003KT,13,09
2009-02-03 04:00:00.000,2009,2,3,4,06004KT,10,09
2009-02-03 05:00:00.000,2009,2,3,5,07004KT,09,08
2009-02-03 06:00:00.000,2009,2,3,6,10004KT,09,09
2009-02-03 07:00:00.000,2009,2,3,7,32003KT,08,08
2009-02-03 08:00:00.000,2009,2,3,8,34003KT,07,06
2009-02-03 09:00:00.000,2009,2,3,9,03004KT,07,07
2009-02-03 10:00:00.000,2009,2,3,10,28003KT,06,06
2009-02-03 12:00:00.000,2009,2,3,12,04006KT,07,07
2009-02-03 13:00:00.000,2009,2,3,13,VRB02KT,10,09
2009-02-03 14:00:00.000,2009,2,3,14,VRB02KT,14,09
2009-02-03 15:00:00.000,2009,2,3,15,07010KT,16,08
2009-02-03 16:00:00.000,2009,2,3,16,10010KT,16,07
2009-02-03 17:00:00.000,2009,2,3,17,14009KT,17,07
2009-02-03 18:00:00.000,2009,2,3,18,12008KT,17,07
2009-02-03 19:00:00.000,2009,2,3,19,14010KT,17,08
2009-02-03 20:00:00.000,2009,2,3,20,16008KT,18,09
2009-02-03 21:00:00.000,2009,2,3,21,11008KT,18,09
2009-02-03 22:00:00.000,2009,2,3,22,07008KT,16,09
2009-02-03 23:00:00.000,2009,2,3,23,08008KT,15,09
2009-02-04 00:00:00.000,2009,2,4,0,04006KT,13,09
2009-02-04 01:00:00.000,2009,2,4,1,03004KT,12,08
2009-02-04 02:00:00.000,2009,2,4,2,05003KT,11,08
2009-02-04 03:00:00.000,2009,2,4,3,05003KT,10,08
2009-02-04 04:00:00.000,2009,2,4,4,05003KT,09,08
2009-02-04 05:00:00.000,2009,2,4,5,03003KT,09,08
2009-02-04 06:00:00.000,2009,2,4,6,01003KT,08,08
2009-02-04 07:00:00.000,2009,2,4,7,04003KT,08,08
2009-02-04 08:00:00.000,2009,2,4,8,VRB02KT,08,08
2009-02-04 09:00:00.000,2009,2,4,9,VRB02KT,07,06
2009-02-04 10:00:00.000,2009,2,4,10,VRB02KT,06,05
2009-02-04 11:00:00.000,2009,2,4,11,02004KT,07,07
2009-02-04 12:00:00.000,2009,2,4,12,10004KT,07,07
2009-02-04 13:00:00.000,2009,2,4,13,02006KT,10,09
2009-02-04 14:00:00.000,2009,2,4,14,07008KT,14,09
2009-02-04 15:00:00.000,2009,2,4,15,06012KT,16,09
2009-02-04 17:00:00.000,2009,2,4,17,07006KT,18,09
2009-02-04 18:00:00.000,2009,2,4,18,14015KT,19,09
2009-02-04 19:00:00.000,2009,2,4,19,15008KT,18,07
2009-02-04 20:00:00.000,2009,2,4,20,10005KT,18,08
2009-02-04 21:00:00.000,2009,2,4,21,12005KT,19,06
2009-02-04 22:00:00.000,2009,2,4,22,07012KT,15,11
2009-02-04 23:00:00.000,2009,2,4,23,04007KT,14,10
2009-02-05 00:00:00.000,2009,2,5,0,07009KT,14,09
2009-02-05 01:00:00.000,2009,2,5,1,04005KT,12,09
2009-02-05 03:00:00.000,2009,2,5,3,03007KT,11,09
2009-02-05 10:00:00.000,2009,2,5,10,00000KT,06,06
2009-02-05 12:00:00.000,2009,2,5,12,06006KT,10,09
2009-02-05 13:00:00.000,2009,2,5,13,05007KT,12,10
2009-02-05 14:00:00.000,2009,2,5,14,08006KT,15,10
2009-02-05 15:00:00.000,2009,2,5,15,07008KT,16,10
2009-02-05 16:00:00.000,2009,2,5,16,07010KT,16,09
2009-02-05 17:00:00.000,2009,2,5,17,10012KT,17,08
2009-02-05 18:00:00.000,2009,2,5,18,10012KT,18,10
2009-02-05 19:00:00.000,2009,2,5,19,11014KT,18,08
2009-02-05 20:00:00.000,2009,2,5,20,10010KT,19,08
2009-02-05 21:00:00.000,2009,2,5,21,10008KT,20,08
2009-02-05 22:00:00.000,2009,2,5,22,20006KT,19,11
2009-02-05 23:00:00.000,2009,2,5,23,27005KT,16,12
2009-02-06 00:00:00.000,2009,2,6,0,26004KT,14,13
2009-02-06 01:00:00.000,2009,2,6,1,22004KT,13,13
2009-02-06 03:00:00.000,2009,2,6,3,02004KT,11,11
2009-02-06 04:00:00.000,2009,2,6,4,02003KT,11,10
2009-02-06 05:00:00.000,2009,2,6,5,02004KT,11,11
2009-02-06 06:00:00.000,2009,2,6,6,01004KT,11,11
2009-02-06 07:00:00.000,2009,2,6,7,VRB02KT,10,10
2009-02-06 09:00:00.000,2009,2,6,9,00000KT,08,08
2009-02-06 10:00:00.000,2009,2,6,10,VRB02KT,09,08
2009-02-06 11:00:00.000,2009,2,6,11,06004KT,09,09
2009-02-06 12:00:00.000,2009,2,6,12,06005KT,10,09
2009-02-06 13:00:00.000,2009,2,6,13,04003KT,13,10
2009-02-06 14:00:00.000,2009,2,6,14,06006KT,16,08
2009-02-06 15:00:00.000,2009,2,6,15,07007KT,17,08
2009-02-06 16:00:00.000,2009,2,6,16,32006KT,18,08
2009-02-06 17:00:00.000,2009,2,6,17,28004KT,19,07
2009-02-06 18:00:00.000,2009,2,6,18,27011KT,16,11
2009-02-06 19:00:00.000,2009,2,6,19,25010KT,16,13
2009-02-06 20:00:00.000,2009,2,6,20,27009KT,16,12
2009-02-06 21:00:00.000,2009,2,6,21,32007KT,17,13
2009-02-06 22:00:00.000,2009,2,6,22,28010KT,15,13
2009-02-07 11:00:00.000,2009,2,7,11,VRB02KT,10,10
2009-02-07 12:00:00.000,2009,2,7,12,02004KT,11,10
2009-02-07 13:00:00.000,2009,2,7,13,05006KT,13,11
2009-02-07 14:00:00.000,2009,2,7,14,06005KT,15,11
2009-02-07 15:00:00.000,2009,2,7,15,06005KT,17,09
2009-02-07 16:00:00.000,2009,2,7,16,15005KT,19,07
2009-02-07 17:00:00.000,2009,2,7,17,20005KT,20,09
2009-02-07 18:00:00.000,2009,2,7,18,03005KT,19,08
2009-02-07 19:00:00.000,2009,2,7,19,23010KT,17,12
2009-02-07 20:00:00.000,2009,2,7,20,24010KT,15,12
2009-02-07 21:00:00.000,2009,2,7,21,26006KT,15,12
2009-02-07 22:00:00.000,2009,2,7,22,24006KT,15,12
2009-02-07 23:00:00.000,2009,2,7,23,28003KT,14,12
2009-02-08 00:00:00.000,2009,2,8,0,VRB02KT,14,12
2009-02-08 01:00:00.000,2009,2,8,1,24006KT,14,12
2009-02-08 02:00:00.000,2009,2,8,2,VRB02KT,13,11
2009-02-08 05:00:00.000,2009,2,8,5,05004KT,13,11
2009-02-08 07:00:00.000,2009,2,8,7,03004KT,12,11
2009-02-08 08:00:00.000,2009,2,8,8,05007KT,12,10
2009-02-08 10:00:00.000,2009,2,8,10,04006KT,11,10
2009-02-08 11:00:00.000,2009,2,8,11,04005KT,10,09
2009-02-08 12:00:00.000,2009,2,8,12,VRB02KT,11,10
2009-02-08 13:00:00.000,2009,2,8,13,05007KT,13,11
2009-02-08 14:00:00.000,2009,2,8,14,05006KT,15,10
2009-02-08 15:00:00.000,2009,2,8,15,07010KT,15,09
2009-02-08 16:00:00.000,2009,2,8,16,09009KT,17,08
2009-02-08 17:00:00.000,2009,2,8,17,10008KT,19,08
2009-02-08 18:00:00.000,2009,2,8,18,17008KT,19,08
2009-02-08 19:00:00.000,2009,2,8,19,23007KT,17,12
2009-02-08 21:00:00.000,2009,2,8,21,29005KT,18,11
2009-02-08 22:00:00.000,2009,2,8,22,26011KT,17,12
2009-02-08 23:00:00.000,2009,2,8,23,26006KT,15,12
2009-02-09 00:00:00.000,2009,2,9,0,29006KT,13,12
2009-02-09 01:00:00.000,2009,2,9,1,31004KT,12,11
2009-02-09 02:00:00.000,2009,2,9,2,VRB02KT,12,11
2009-02-09 03:00:00.000,2009,2,9,3,VRB02KT,11,10
2009-02-09 04:00:00.000,2009,2,9,4,00000KT,10,10
2009-02-09 05:00:00.000,2009,2,9,5,00000KT,10,09
2009-02-09 06:00:00.000,2009,2,9,6,00000KT,09,09
2009-02-09 07:00:00.000,2009,2,9,7,00000KT,08,08
2009-02-09 08:00:00.000,2009,2,9,8,34004KT,07,06
2009-02-09 09:00:00.000,2009,2,9,9,06006KT,09,09
2009-02-09 10:00:00.000,2009,2,9,10,05004KT,09,09
2009-02-09 11:00:00.000,2009,2,9,11,07005KT,09,08
2009-02-09 12:00:00.000,2009,2,9,12,04004KT,09,08
2009-02-09 13:00:00.000,2009,2,9,13,03004KT,12,09
2009-02-09 14:00:00.000,2009,2,9,14,VRB02KT,15,09
2009-02-09 15:00:00.000,2009,2,9,15,27004KT,17,09
2009-02-09 17:00:00.000,2009,2,9,17,28008KT,18,10
2009-02-09 18:00:00.000,2009,2,9,18,28010KT,18,11
2009-02-09 19:00:00.000,2009,2,9,19,27010KT,18,12
2009-02-09 20:00:00.000,2009,2,9,20,25013KT,18,12
2009-02-09 21:00:00.000,2009,2,9,21,27010KT,17,12
2009-02-09 22:00:00.000,2009,2,9,22,31006KT,14,12
2009-02-09 23:00:00.000,2009,2,9,23,VRB02KT,14,12
2009-02-10 00:00:00.000,2009,2,10,0,23011KT,13,12
2009-02-10 01:00:00.000,2009,2,10,1,VRB02KT,13,12
2009-02-10 02:00:00.000,2009,2,10,2,VRB02KT,13,12
2009-02-10 03:00:00.000,2009,2,10,3,04003KT,12,12
2009-02-10 04:00:00.000,2009,2,10,4,14003KT,13,12
2009-02-10 05:00:00.000,2009,2,10,5,33004KT,11,11
2009-02-10 06:00:00.000,2009,2,10,6,02006KT,10,10
2009-02-10 07:00:00.000,2009,2,10,7,27004KT,10,09
2009-02-10 08:00:00.000,2009,2,10,8,06006KT,10,09
2009-02-10 09:00:00.000,2009,2,10,9,06005KT,10,09
2009-02-10 10:00:00.000,2009,2,10,10,08005KT,10,10
2009-02-10 11:00:00.000,2009,2,10,11,03007KT,10,10
2009-02-10 12:00:00.000,2009,2,10,12,VRB02KT,09,09
2009-02-10 13:00:00.000,2009,2,10,13,06008KT,12,11
2009-02-10 14:00:00.000,2009,2,10,14,10009KT,15,09
2009-02-10 15:00:00.000,2009,2,10,15,13014KT,17,07
2009-02-10 16:00:00.000,2009,2,10,16,09010KT,17,08
2009-02-10 17:00:00.000,2009,2,10,17,14009KT,18,08
2009-02-10 18:00:00.000,2009,2,10,18,14010KT,19,08
2009-02-10 19:00:00.000,2009,2,10,19,11015KT,18,08
2009-02-10 20:00:00.000,2009,2,10,20,13008KT,18,09
2009-02-10 21:00:00.000,2009,2,10,21,10010KT,18,09
2009-02-10 22:00:00.000,2009,2,10,22,09006KT,17,08
2009-02-10 23:00:00.000,2009,2,10,23,10008KT,17,07
2009-02-11 00:00:00.000,2009,2,11,0,20006KT,15,10
2009-02-11 01:00:00.000,2009,2,11,1,31003KT,12,10
2009-02-11 02:00:00.000,2009,2,11,2,34004KT,11,10
2009-02-11 03:00:00.000,2009,2,11,3,06006KT,12,10
2009-02-11 09:00:00.000,2009,2,11,9,06005KT,10,09
2009-02-11 10:00:00.000,2009,2,11,10,04005KT,10,09
2009-02-11 11:00:00.000,2009,2,11,11,05006KT,11,09
2009-02-11 12:00:00.000,2009,2,11,12,09005KT,10,09
2009-02-11 13:00:00.000,2009,2,11,13,05004KT,13,10
2009-02-11 14:00:00.000,2009,2,11,14,04005KT,14,09
2009-02-11 15:00:00.000,2009,2,11,15,07010KT,14,10
2009-02-11 16:00:00.000,2009,2,11,16,03004KT,16,10
2009-02-11 17:00:00.000,2009,2,11,17,09007KT,16,10
2009-02-11 18:00:00.000,2009,2,11,18,06007KT,16,11
2009-02-11 19:00:00.000,2009,2,11,19,10007KT,15,12
2009-02-11 20:00:00.000,2009,2,11,20,04009KT,18,10
2009-02-11 21:00:00.000,2009,2,11,21,12010KT,17,10
2009-02-11 22:00:00.000,2009,2,11,22,05006KT,16,09
2009-02-11 23:00:00.000,2009,2,11,23,07008KT,15,10
2009-02-12 00:00:00.000,2009,2,12,0,10007KT,14,10
2009-02-12 01:00:00.000,2009,2,12,1,09007KT,15,09
2009-02-12 02:00:00.000,2009,2,12,2,12005KT,14,09
2009-02-12 03:00:00.000,2009,2,12,3,08005KT,14,09
2009-02-12 04:00:00.000,2009,2,12,4,03005KT,13,10
2009-02-12 05:00:00.000,2009,2,12,5,06003KT,12,10
2009-02-12 06:00:00.000,2009,2,12,6,09003KT,13,10
2009-02-12 07:00:00.000,2009,2,12,7,04004KT,12,10
2009-02-12 08:00:00.000,2009,2,12,8,02005KT,12,10
2009-02-12 09:00:00.000,2009,2,12,9,04003KT,11,10
2009-02-12 10:00:00.000,2009,2,12,10,04004KT,11,10
2009-02-12 11:00:00.000,2009,2,12,11,04007KT,11,10
2009-02-12 12:00:00.000,2009,2,12,12,05006KT,11,11
2009-02-12 13:00:00.000,2009,2,12,13,05008KT,14,12
2009-02-12 14:00:00.000,2009,2,12,14,03008KT,15,11
2009-02-12 15:00:00.000,2009,2,12,15,05010KT,15,12
2009-02-12 16:00:00.000,2009,2,12,16,05006KT,14,13
2009-02-12 17:00:00.000,2009,2,12,17,05014KT,15,13
2009-02-12 18:00:00.000,2009,2,12,18,04014KT,17,12
2009-02-12 19:00:00.000,2009,2,12,19,06014KT,16,11
2009-02-12 20:00:00.000,2009,2,12,20,14012KT,16,11
2009-02-12 21:00:00.000,2009,2,12,21,05008KT,15,11
2009-02-12 22:00:00.000,2009,2,12,22,07008KT,14,11
2009-02-12 23:00:00.000,2009,2,12,23,06012KT,13,09
2009-02-13 00:00:00.000,2009,2,13,0,04013KT,26,22
2009-02-13 01:00:00.000,2009,2,13,1,07007KT,12,09
2009-02-13 02:00:00.000,2009,2,13,2,06005KT,11,08
2009-02-13 03:00:00.000,2009,2,13,3,03004KT,12,08
2009-02-13 04:00:00.000,2009,2,13,4,04005KT,10,08
2009-02-13 05:00:00.000,2009,2,13,5,05004KT,10,09
2009-02-13 06:00:00.000,2009,2,13,6,05003KT,10,09
2009-02-13 07:00:00.000,2009,2,13,7,06003KT,10,09
2009-02-13 08:00:00.000,2009,2,13,8,04006KT,09,09
2009-02-13 09:00:00.000,2009,2,13,9,00000KT,09,08
2009-02-13 10:00:00.000,2009,2,13,10,00000KT,07,07
2009-02-13 12:00:00.000,2009,2,13,12,00000KT,08,07
2009-02-13 13:00:00.000,2009,2,13,13,04007KT,11,09
2009-02-13 14:00:00.000,2009,2,13,14,34004KT,14,09
2009-02-13 15:00:00.000,2009,2,13,15,34004KT,16,08
2009-02-13 16:00:00.000,2009,2,13,16,02007KT,18,10
2009-02-13 17:00:00.000,2009,2,13,17,30008KT,19,10
2009-02-13 18:00:00.000,2009,2,13,18,27006KT,19,08
2009-02-13 19:00:00.000,2009,2,13,19,26010KT,18,12
2009-02-13 21:00:00.000,2009,2,13,21,VRB02KT,11,10
2009-02-13 22:00:00.000,2009,2,13,22,33007KT,12,12
2009-02-13 23:00:00.000,2009,2,13,23,31007KT,11,11
2009-02-14 00:00:00.000,2009,2,14,0,30004KT,11,11
2009-02-14 01:00:00.000,2009,2,14,1,00000KT,12,11
2009-02-14 02:00:00.000,2009,2,14,2,00000KT,11,11
2009-02-14 03:00:00.000,2009,2,14,3,00000KT,11,11
2009-02-14 05:00:00.000,2009,2,14,5,00000KT,11,11
2009-02-14 06:00:00.000,2009,2,14,6,VRB02KT,11,11
2009-02-14 07:00:00.000,2009,2,14,7,00000KT,11,11
2009-02-14 08:00:00.000,2009,2,14,8,00000KT,11,11
2009-02-14 09:00:00.000,2009,2,14,9,00000KT,11,11
2009-02-14 10:00:00.000,2009,2,14,10,00000KT,11,11
2009-02-14 11:00:00.000,2009,2,14,11,00000KT,11,11
2009-02-14 12:00:00.000,2009,2,14,12,33004KT,11,11
2009-02-14 13:00:00.000,2009,2,14,13,02003KT,12,12
2009-02-14 14:00:00.000,2009,2,14,14,29004KT,13,12
2009-02-14 15:00:00.000,2009,2,14,15,29003KT,14,12
2009-02-14 16:00:00.000,2009,2,14,16,32006KT,15,12
2009-02-14 17:00:00.000,2009,2,14,17,22004KT,17,13
2009-02-14 18:00:00.000,2009,2,14,18,27012KT,14,13
2009-02-14 19:00:00.000,2009,2,14,19,23009KT,14,13
2009-02-14 20:00:00.000,2009,2,14,20,22008KT,16,14
2009-02-14 21:00:00.000,2009,2,14,21,09010KT,11,11
2009-02-14 22:00:00.000,2009,2,14,22,18004KT,12,11
2009-02-14 23:00:00.000,2009,2,14,23,28005KT,11,11
2009-02-15 00:00:00.000,2009,2,15,0,26004KT,11,10
2009-02-15 01:00:00.000,2009,2,15,1,VRB02KT,10,10
2009-02-15 02:00:00.000,2009,2,15,2,00000KT,11,10
2009-02-15 03:00:00.000,2009,2,15,3,VRB02KT,11,10
2009-02-15 04:00:00.000,2009,2,15,4,VRB02KT,10,10
2009-02-15 05:00:00.000,2009,2,15,5,00000KT,10,10
2009-02-15 06:00:00.000,2009,2,15,6,00000KT,10,10
2009-02-15 07:00:00.000,2009,2,15,7,VRB02KT,10,10
2009-02-15 08:00:00.000,2009,2,15,8,VRB02KT,10,10
2009-02-15 09:00:00.000,2009,2,15,9,34004KT,09,09
2009-02-15 10:00:00.000,2009,2,15,10,VRB02KT,10,09
2009-02-15 11:00:00.000,2009,2,15,11,VRB02KT,09,09
2009-02-15 12:00:00.000,2009,2,15,12,04005KT,10,09
2009-02-15 13:00:00.000,2009,2,15,13,07004KT,10,10
2009-02-15 14:00:00.000,2009,2,15,14,VRB02KT,12,12
2009-02-15 15:00:00.000,2009,2,15,15,29004KT,15,12
2009-02-15 16:00:00.000,2009,2,15,16,24004KT,17,12
2009-02-15 17:00:00.000,2009,2,15,17,27010KT,18,14
2009-02-15 18:00:00.000,2009,2,15,18,31014KT,18,12
2009-02-15 19:00:00.000,2009,2,15,19,30010KT,17,12
2009-02-15 21:00:00.000,2009,2,15,21,28010KT,17,10
2009-02-15 22:00:00.000,2009,2,15,22,32009KT,14,12
2009-02-15 23:00:00.000,2009,2,15,23,29006KT,13,12
2009-02-16 00:00:00.000,2009,2,16,0,29006KT,13,11
2009-02-16 01:00:00.000,2009,2,16,1,32005KT,12,11
2009-02-16 02:00:00.000,2009,2,16,2,04004KT,12,11
2009-02-16 03:00:00.000,2009,2,16,3,VRB02KT,11,10
2009-02-16 04:00:00.000,2009,2,16,4,32003KT,10,09
2009-02-16 05:00:00.000,2009,2,16,5,29003KT,10,09
2009-02-16 06:00:00.000,2009,2,16,6,VRB02KT,09,08
2009-02-16 07:00:00.000,2009,2,16,7,VRB02KT,09,09
2009-02-16 08:00:00.000,2009,2,16,8,31004KT,09,09
2009-02-16 09:00:00.000,2009,2,16,9,00000KT,09,09
2009-02-16 10:00:00.000,2009,2,16,10,VRB02KT,10,09
2009-02-16 11:00:00.000,2009,2,16,11,VRB02KT,10,09
2009-02-16 12:00:00.000,2009,2,16,12,33004KT,10,10
2009-02-16 13:00:00.000,2009,2,16,13,33004KT,11,09
2009-02-16 14:00:00.000,2009,2,16,14,32004KT,12,11
2009-02-16 15:00:00.000,2009,2,16,15,13004KT,15,10
2009-02-16 16:00:00.000,2009,2,16,16,31006KT,17,11
2009-02-16 17:00:00.000,2009,2,16,17,28006KT,18,08
2009-02-16 18:00:00.000,2009,2,16,18,27012KT,18,11
2009-02-16 19:00:00.000,2009,2,16,19,28014KT,18,11
2009-02-16 20:00:00.000,2009,2,16,20,30010KT,17,11
2009-02-16 21:00:00.000,2009,2,16,21,07008KT,12,08
2009-02-16 22:00:00.000,2009,2,16,22,10006KT,13,10
2009-02-16 23:00:00.000,2009,2,16,23,34004KT,12,11
2009-02-17 00:00:00.000,2009,2,17,0,36006KT,12,11
2009-02-17 01:00:00.000,2009,2,17,1,33006KT,12,11
2009-02-17 02:00:00.000,2009,2,17,2,06003KT,11,11
2009-02-17 03:00:00.000,2009,2,17,3,06004KT,11,11
2009-02-17 04:00:00.000,2009,2,17,4,33003KT,11,10
2009-02-17 05:00:00.000,2009,2,17,5,VRB02KT,10,10
2009-02-17 06:00:00.000,2009,2,17,6,00000KT,09,09
2009-02-17 07:00:00.000,2009,2,17,7,30003KT,09,09
2009-02-17 08:00:00.000,2009,2,17,8,27003KT,09,09
2009-02-17 09:00:00.000,2009,2,17,9,VRB02KT,09,08
2009-02-17 10:00:00.000,2009,2,17,10,31003KT,08,08
2009-02-17 11:00:00.000,2009,2,17,11,31004KT,08,08
2009-02-17 12:00:00.000,2009,2,17,12,31003KT,09,08
2009-02-17 13:00:00.000,2009,2,17,13,10003KT,12,11
2009-02-17 14:00:00.000,2009,2,17,14,04006KT,15,11
2009-02-17 15:00:00.000,2009,2,17,15,07006KT,16,10
2009-02-17 16:00:00.000,2009,2,17,16,06006KT,17,10
2009-02-17 17:00:00.000,2009,2,17,17,07006KT,17,09
2009-02-17 18:00:00.000,2009,2,17,18,23007KT,17,12
2009-02-17 19:00:00.000,2009,2,17,19,31009KT,17,12
2009-02-17 20:00:00.000,2009,2,17,20,27010KT,16,12
2009-02-17 21:00:00.000,2009,2,17,21,29012KT,14,12
2009-02-17 22:00:00.000,2009,2,17,22,35005KT,14,12
2009-02-17 23:00:00.000,2009,2,17,23,10003KT,12,11
2009-02-18 00:00:00.000,2009,2,18,0,25005KT,12,11
2009-02-18 01:00:00.000,2009,2,18,1,00000KT,12,11
2009-02-18 02:00:00.000,2009,2,18,2,00000KT,12,11
2009-02-18 03:00:00.000,2009,2,18,3,VRB02KT,11,10
2009-02-18 04:00:00.000,2009,2,18,4,03004KT,11,10
2009-02-18 05:00:00.000,2009,2,18,5,05004KT,11,10
2009-02-18 09:00:00.000,2009,2,18,9,04005KT,10,09
2009-02-18 10:00:00.000,2009,2,18,10,00000KT,10,09
2009-02-18 11:00:00.000,2009,2,18,11,07005KT,10,09
2009-02-18 12:00:00.000,2009,2,18,12,05008KT,10,10
2009-02-18 13:00:00.000,2009,2,18,13,05010KT,14,10
2009-02-18 14:00:00.000,2009,2,18,14,07008KT,16,09
2009-02-18 15:00:00.000,2009,2,18,15,11012KT,18,09
2009-02-18 16:00:00.000,2009,2,18,16,07008KT,18,09
2009-02-18 17:00:00.000,2009,2,18,17,10012KT,19,08
2009-02-18 18:00:00.000,2009,2,18,18,11011KT,20,08
2009-02-18 19:00:00.000,2009,2,18,19,15011KT,19,11
2009-02-18 21:00:00.000,2009,2,18,21,29010KT,18,14
2009-02-18 22:00:00.000,2009,2,18,22,25009KT,15,13
2009-02-18 23:00:00.000,2009,2,18,23,22007KT,14,13
2009-02-19 00:00:00.000,2009,2,19,0,32006KT,13,13
2009-02-19 01:00:00.000,2009,2,19,1,32003KT,12,12
2009-02-19 02:00:00.000,2009,2,19,2,01003KT,12,12
2009-02-19 03:00:00.000,2009,2,19,3,03004KT,11,11
2009-02-19 04:00:00.000,2009,2,19,4,02004KT,11,11
2009-02-19 05:00:00.000,2009,2,19,5,31003KT,11,11
2009-02-19 06:00:00.000,2009,2,19,6,06006KT,11,11
2009-02-19 07:00:00.000,2009,2,19,7,07003KT,10,10
2009-02-19 08:00:00.000,2009,2,19,8,05005KT,10,09
2009-02-19 09:00:00.000,2009,2,19,9,04004KT,10,09
2009-02-19 10:00:00.000,2009,2,19,10,06003KT,10,09
2009-02-19 11:00:00.000,2009,2,19,11,00000KT,09,09
2009-02-19 12:00:00.000,2009,2,19,12,07006KT,11,10
2009-02-19 13:00:00.000,2009,2,19,13,06007KT,14,10
2009-02-19 14:00:00.000,2009,2,19,14,07010KT,15,10
2009-02-19 15:00:00.000,2009,2,19,15,08010KT,16,09
2009-02-19 16:00:00.000,2009,2,19,16,10010KT,18,10
2009-02-19 17:00:00.000,2009,2,19,17,26004KT,18,09
2009-02-19 18:00:00.000,2009,2,19,18,03006KT,16,10
2009-02-19 19:00:00.000,2009,2,19,19,08010KT,17,09
2009-02-19 20:00:00.000,2009,2,19,20,28012KT,16,13
2009-02-19 21:00:00.000,2009,2,19,21,24010KT,14,13
2009-02-19 22:00:00.000,2009,2,19,22,29008KT,13,12
2009-02-19 23:00:00.000,2009,2,19,23,30005KT,12,12
2009-02-20 00:00:00.000,2009,2,20,0,03004KT,12,11
2009-02-20 01:00:00.000,2009,2,20,1,33004KT,12,11
2009-02-20 02:00:00.000,2009,2,20,2,VRB02KT,11,10
2009-02-20 03:00:00.000,2009,2,20,3,28003KT,11,10
2009-02-20 04:00:00.000,2009,2,20,4,VRB02KT,10,09
2009-02-20 05:00:00.000,2009,2,20,5,VRB02KT,10,09
2009-02-20 06:00:00.000,2009,2,20,6,VRB02KT,10,09
2009-02-20 07:00:00.000,2009,2,20,7,03004KT,11,10
2009-02-20 08:00:00.000,2009,2,20,8,32003KT,10,09
2009-02-20 09:00:00.000,2009,2,20,9,28003KT,09,08
2009-02-20 10:00:00.000,2009,2,20,10,VRB02KT,10,09
2009-02-20 11:00:00.000,2009,2,20,11,04005KT,11,10
2009-02-20 12:00:00.000,2009,2,20,12,05006KT,10,10
2009-02-20 13:00:00.000,2009,2,20,13,06008KT,12,10
2009-02-20 14:00:00.000,2009,2,20,14,05008KT,14,11
2009-02-20 15:00:00.000,2009,2,20,15,02006KT,16,11
2009-02-20 16:00:00.000,2009,2,20,16,04006KT,18,08
2009-02-20 17:00:00.000,2009,2,20,17,30008KT,19,10
2009-02-20 18:00:00.000,2009,2,20,18,32005KT,20,09
2009-02-20 19:00:00.000,2009,2,20,19,26016KT,17,12
2009-02-20 20:00:00.000,2009,2,20,20,28012KT,16,14
2009-02-20 21:00:00.000,2009,2,20,21,24006KT,14,14
2009-02-20 22:00:00.000,2009,2,20,22,VRB02KT,13,13
2009-02-20 23:00:00.000,2009,2,20,23,VRB02KT,13,13
2009-02-21 00:00:00.000,2009,2,21,0,31003KT,13,12
2009-02-21 01:00:00.000,2009,2,21,1,30004KT,12,12
2009-02-21 02:00:00.000,2009,2,21,2,VRB02KT,11,11
2009-02-21 03:00:00.000,2009,2,21,3,VRB02KT,12,12
2009-02-21 05:00:00.000,2009,2,21,5,VRB02KT,11,10
2009-02-21 06:00:00.000,2009,2,21,6,VRB02KT,10,10
2009-02-21 07:00:00.000,2009,2,21,7,VRB02KT,11,11
2009-02-21 08:00:00.000,2009,2,21,8,35003KT,10,10
2009-02-21 09:00:00.000,2009,2,21,9,05004KT,10,09
2009-02-21 11:00:00.000,2009,2,21,11,06005KT,09,09
2009-02-21 12:00:00.000,2009,2,21,12,06006KT,10,09
2009-02-21 13:00:00.000,2009,2,21,13,06007KT,12,10
2009-02-21 14:00:00.000,2009,2,21,14,07007KT,15,10
2009-02-21 15:00:00.000,2009,2,21,15,16005KT,17,08
2009-02-21 16:00:00.000,2009,2,21,16,02004KT,17,08
2009-02-21 17:00:00.000,2009,2,21,17,12010KT,18,08
2009-02-21 18:00:00.000,2009,2,21,18,16008KT,18,07
2009-02-21 19:00:00.000,2009,2,21,19,14008KT,18,08
2009-02-21 20:00:00.000,2009,2,21,20,14010KT,19,07
2009-02-21 21:00:00.000,2009,2,21,21,14006KT,20,07
2009-02-21 22:00:00.000,2009,2,21,22,10006KT,17,07
2009-02-21 23:00:00.000,2009,2,21,23,10008KT,16,07
2009-02-22 00:00:00.000,2009,2,22,0,08004KT,14,08
2009-02-22 01:00:00.000,2009,2,22,1,11004KT,14,08
2009-02-22 02:00:00.000,2009,2,22,2,00000KT,13,08
2009-02-22 03:00:00.000,2009,2,22,3,VRB02KT,11,09
2009-02-22 04:00:00.000,2009,2,22,4,05004KT,10,09
2009-02-22 05:00:00.000,2009,2,22,5,VRB02KT,10,08
2009-02-22 06:00:00.000,2009,2,22,6,07005KT,10,08
2009-02-22 07:00:00.000,2009,2,22,7,08008KT,11,06
2009-02-22 08:00:00.000,2009,2,22,8,07004KT,10,07
2009-02-22 09:00:00.000,2009,2,22,9,07006KT,08,04
2009-02-22 10:00:00.000,2009,2,22,10,VRB02KT,08,08
2009-02-22 11:00:00.000,2009,2,22,11,VRB02KT,07,07
2009-02-22 12:00:00.000,2009,2,22,12,05006KT,08,07
2009-02-22 13:00:00.000,2009,2,22,13,06008KT,12,08
2009-02-22 14:00:00.000,2009,2,22,14,11008KT,15,07
2009-02-22 15:00:00.000,2009,2,22,15,09008KT,16,07
2009-02-22 16:00:00.000,2009,2,22,16,09008KT,17,09
2009-02-22 17:00:00.000,2009,2,22,17,VRB02KT,20,08
2009-02-22 18:00:00.000,2009,2,22,18,15005KT,20,09
2009-02-22 19:00:00.000,2009,2,22,19,15009KT,20,07
2009-02-22 20:00:00.000,2009,2,22,20,26007KT,19,09
2009-02-22 21:00:00.000,2009,2,22,21,29008KT,16,13
2009-02-22 22:00:00.000,2009,2,22,22,26006KT,16,12
2009-02-22 23:00:00.000,2009,2,22,23,31008KT,15,13
2009-02-23 00:00:00.000,2009,2,23,0,32004KT,14,12
2009-02-23 01:00:00.000,2009,2,23,1,31004KT,14,12
2009-02-23 02:00:00.000,2009,2,23,2,35004KT,13,10
2009-02-23 03:00:00.000,2009,2,23,3,01005KT,13,10
2009-02-23 04:00:00.000,2009,2,23,4,05004KT,11,09
2009-02-23 05:00:00.000,2009,2,23,5,36004KT,10,09
2009-02-23 06:00:00.000,2009,2,23,6,02004KT,10,09
2009-02-23 07:00:00.000,2009,2,23,7,02003KT,09,08
2009-02-23 08:00:00.000,2009,2,23,8,04003KT,08,08
2009-02-23 09:00:00.000,2009,2,23,9,VRB02KT,08,08
2009-02-23 10:00:00.000,2009,2,23,10,27003KT,07,06
2009-02-23 11:00:00.000,2009,2,23,11,05004KT,06,06
2009-02-23 12:00:00.000,2009,2,23,12,34003KT,08,08
2009-02-23 13:00:00.000,2009,2,23,13,33004KT,09,09
2009-02-23 14:00:00.000,2009,2,23,14,03003KT,14,10
2009-02-23 15:00:00.000,2009,2,23,15,05004KT,17,07
2009-02-23 16:00:00.000,2009,2,23,16,02006KT,18,05
2009-02-23 17:00:00.000,2009,2,23,17,33006KT,19,05
2009-02-23 18:00:00.000,2009,2,23,18,25011KT,19,10
2009-02-23 19:00:00.000,2009,2,23,19,27014KT,18,12
2009-02-23 20:00:00.000,2009,2,23,20,29012KT,14,14
2009-02-23 21:00:00.000,2009,2,23,21,27008KT,16,13
2009-02-23 22:00:00.000,2009,2,23,22,28008KT,16,12
2009-02-23 23:00:00.000,2009,2,23,23,30008KT,14,13
2009-02-24 00:00:00.000,2009,2,24,0,34005KT,13,13
2009-02-24 01:00:00.000,2009,2,24,1,33003KT,12,12
2009-02-24 02:00:00.000,2009,2,24,2,VRB02KT,12,12
2009-02-24 03:00:00.000,2009,2,24,3,32003KT,12,12
2009-02-24 04:00:00.000,2009,2,24,4,26004KT,12,12
2009-02-24 05:00:00.000,2009,2,24,5,VRB02KT,12,11
2009-02-24 06:00:00.000,2009,2,24,6,33003KT,12,12
2009-02-24 07:00:00.000,2009,2,24,7,33003KT,11,11
2009-02-24 08:00:00.000,2009,2,24,8,02003KT,10,10
2009-02-24 09:00:00.000,2009,2,24,9,04003KT,11,10
2009-02-24 10:00:00.000,2009,2,24,10,VRB02KT,10,09
2009-02-24 11:00:00.000,2009,2,24,11,24003KT,10,09
2009-02-24 12:00:00.000,2009,2,24,12,03003KT,10,10
2009-02-24 15:00:00.000,2009,2,24,15,33005KT,16,11
2009-02-24 16:00:00.000,2009,2,24,16,27004KT,18,11
2009-02-24 17:00:00.000,2009,2,24,17,28012KT,18,12
2009-02-24 18:00:00.000,2009,2,24,18,29012KT,18,12
2009-02-24 19:00:00.000,2009,2,24,19,28013KT,17,12
2009-02-24 20:00:00.000,2009,2,24,20,28010KT,17,12
2009-02-24 21:00:00.000,2009,2,24,21,28012KT,16,12
2009-02-24 22:00:00.000,2009,2,24,22,29007KT,15,12
2009-02-24 23:00:00.000,2009,2,24,23,28008KT,13,12
2009-02-25 00:00:00.000,2009,2,25,0,28005KT,13,12
2009-02-25 01:00:00.000,2009,2,25,1,VRB02KT,13,11
2009-02-25 02:00:00.000,2009,2,25,2,00000KT,13,11
2009-02-25 03:00:00.000,2009,2,25,3,VRB02KT,12,11
2009-02-25 06:00:00.000,2009,2,25,6,00000KT,08,08
2009-02-25 07:00:00.000,2009,2,25,7,02004KT,08,08
2009-02-25 08:00:00.000,2009,2,25,8,21003KT,09,08
2009-02-25 09:00:00.000,2009,2,25,9,17003KT,09,08
2009-02-25 10:00:00.000,2009,2,25,10,VRB02KT,10,09
2009-02-25 11:00:00.000,2009,2,25,11,32003KT,09,09
2009-02-25 12:00:00.000,2009,2,25,12,32005KT,09,09
2009-02-25 14:00:00.000,2009,2,25,14,16003KT,14,13
2009-02-25 15:00:00.000,2009,2,25,15,25003KT,17,12
2009-02-25 16:00:00.000,2009,2,25,16,35004KT,18,11
2009-02-25 17:00:00.000,2009,2,25,17,28007KT,19,11
2009-02-25 18:00:00.000,2009,2,25,18,29008KT,20,12
2009-02-25 22:00:00.000,2009,2,25,22,31003KT,14,14
2009-02-25 23:00:00.000,2009,2,25,23,23004KT,14,13
2009-02-26 00:00:00.000,2009,2,26,0,27004KT,13,12
2009-02-26 01:00:00.000,2009,2,26,1,25004KT,12,11
2009-02-26 02:00:00.000,2009,2,26,2,26003KT,12,11
2009-02-26 03:00:00.000,2009,2,26,3,33003KT,12,11
2009-02-26 04:00:00.000,2009,2,26,4,VRB02KT,10,10
2009-02-26 05:00:00.000,2009,2,26,5,VRB02KT,10,10
2009-02-26 06:00:00.000,2009,2,26,6,VRB02KT,09,09
2009-02-26 07:00:00.000,2009,2,26,7,VRB02KT,09,08
2009-02-26 08:00:00.000,2009,2,26,8,VRB02KT,09,08
2009-02-26 09:00:00.000,2009,2,26,9,VRB02KT,08,08
2009-02-26 10:00:00.000,2009,2,26,10,VRB02KT,07,07
2009-02-26 11:00:00.000,2009,2,26,11,VRB02KT,07,06
2009-02-26 12:00:00.000,2009,2,26,12,00000KT,09,09
2009-02-26 13:00:00.000,2009,2,26,13,05004KT,11,10
2009-02-26 15:00:00.000,2009,2,26,15,30003KT,16,12
2009-02-26 16:00:00.000,2009,2,26,16,28008KT,17,10
2009-02-26 17:00:00.000,2009,2,26,17,19004KT,18,08
2009-02-26 18:00:00.000,2009,2,26,18,VRB02KT,19,09
2009-02-26 19:00:00.000,2009,2,26,19,28010KT,18,12
2009-02-26 20:00:00.000,2009,2,26,20,30014KT,18,12
2009-02-26 21:00:00.000,2009,2,26,21,27010KT,17,12
2009-02-26 23:00:00.000,2009,2,26,23,13008KT,14,09
2009-02-27 00:00:00.000,2009,2,27,0,00000KT,13,12
2009-02-27 02:00:00.000,2009,2,27,2,00000KT,12,12
2009-02-27 03:00:00.000,2009,2,27,3,02004KT,12,12
2009-02-27 04:00:00.000,2009,2,27,4,05007KT,11,11
2009-02-27 05:00:00.000,2009,2,27,5,00000KT,11,11
2009-02-27 06:00:00.000,2009,2,27,6,VRB02KT,11,11
2009-02-27 07:00:00.000,2009,2,27,7,00000KT,11,11
2009-02-27 08:00:00.000,2009,2,27,8,00000KT,11,11
2009-02-27 10:00:00.000,2009,2,27,10,00000KT,11,11
2009-02-27 11:00:00.000,2009,2,27,11,00000KT,11,10
2009-02-27 12:00:00.000,2009,2,27,12,03004KT,12,11
2009-02-27 13:00:00.000,2009,2,27,13,VRB02KT,13,12
2009-02-27 14:00:00.000,2009,2,27,14,VRB02KT,15,12
2009-02-27 15:00:00.000,2009,2,27,15,08005KT,17,09
2009-02-27 16:00:00.000,2009,2,27,16,21003KT,18,08
2009-02-27 17:00:00.000,2009,2,27,17,24007KT,18,10
2009-02-27 18:00:00.000,2009,2,27,18,26014KT,16,12
2009-02-27 19:00:00.000,2009,2,27,19,34007KT,16,12
2009-02-28 00:00:00.000,2009,2,28,0,00000KT,14,13
2009-02-28 02:00:00.000,2009,2,28,2,06003KT,13,12
2009-02-28 03:00:00.000,2009,2,28,3,VRB02KT,13,12
2009-02-28 06:00:00.000,2009,2,28,6,36003KT,11,11
2009-02-28 07:00:00.000,2009,2,28,7,02003KT,10,10
2009-02-28 11:00:00.000,2009,2,28,11,00000KT,09,09
2009-02-28 12:00:00.000,2009,2,28,12,00000KT,10,10
2009-02-28 13:00:00.000,2009,2,28,13,29004KT,11,11
2009-02-28 14:00:00.000,2009,2,28,14,00000KT,14,13
2009-02-28 15:00:00.000,2009,2,28,15,09004KT,15,10
2009-02-28 16:00:00.000,2009,2,28,16,11009KT,18,10
2009-02-28 17:00:00.000,2009,2,28,17,14004KT,19,08
2009-02-28 18:00:00.000,2009,2,28,18,11006KT,18,08
2009-02-28 19:00:00.000,2009,2,28,19,27007KT,18,10
2009-02-28 22:00:00.000,2009,2,28,22,28008KT,17,12
2009-02-28 23:00:00.000,2009,2,28,23,26006KT,15,12
2009-03-01 02:00:00.000,2009,3,1,2,20005KT,13,12
2009-03-01 04:00:00.000,2009,3,1,4,VRB02KT,13,10
2009-03-01 11:00:00.000,2009,3,1,11,VRB02KT,09,08
2009-03-01 12:00:00.000,2009,3,1,12,05005KT,10,09
2009-03-01 13:00:00.000,2009,3,1,13,09006KT,13,09
2009-03-01 14:00:00.000,2009,3,1,14,07009KT,15,09
2009-03-01 15:00:00.000,2009,3,1,15,09005KT,17,09
2009-03-01 16:00:00.000,2009,3,1,16,14008KT,16,09
2009-03-01 17:00:00.000,2009,3,1,17,13008KT,16,09
2009-03-01 18:00:00.000,2009,3,1,18,14008KT,17,09
2009-03-01 19:00:00.000,2009,3,1,19,08004KT,17,09
2009-03-01 20:00:00.000,2009,3,1,20,19008KT,17,09
2009-03-01 21:00:00.000,2009,3,1,21,13007KT,16,10
2009-03-01 22:00:00.000,2009,3,1,22,15003KT,16,09
2009-03-01 23:00:00.000,2009,3,1,23,11008KT,16,10
2009-03-02 00:00:00.000,2009,3,2,0,08009KT,15,09
2009-03-02 01:00:00.000,2009,3,2,1,02004KT,13,09
2009-03-02 02:00:00.000,2009,3,2,2,00000KT,12,10
2009-03-02 03:00:00.000,2009,3,2,3,06005KT,12,10
2009-03-02 04:00:00.000,2009,3,2,4,32004KT,11,10
2009-03-02 05:00:00.000,2009,3,2,5,08004KT,11,10
2009-03-02 06:00:00.000,2009,3,2,6,VRB02KT,10,10
2009-03-02 07:00:00.000,2009,3,2,7,VRB02KT,11,10
2009-03-02 08:00:00.000,2009,3,2,8,VRB02KT,11,10
2009-03-02 09:00:00.000,2009,3,2,9,06004KT,11,10
2009-03-02 10:00:00.000,2009,3,2,10,VRB02KT,11,10
2009-03-02 11:00:00.000,2009,3,2,11,00000KT,10,10
2009-03-02 12:00:00.000,2009,3,2,12,00000KT,11,11
2009-03-02 13:00:00.000,2009,3,2,13,00000KT,14,12
2009-03-02 14:00:00.000,2009,3,2,14,VRB02KT,16,12
2009-03-02 15:00:00.000,2009,3,2,15,17004KT,17,11
2009-03-02 16:00:00.000,2009,3,2,16,15010KT,17,09
2009-03-02 17:00:00.000,2009,3,2,17,14012KT,19,10
2009-03-02 18:00:00.000,2009,3,2,18,12012KT,18,09
2009-03-02 19:00:00.000,2009,3,2,19,15014KT,17,09
2009-03-02 20:00:00.000,2009,3,2,20,12007KT,17,09
2009-03-02 21:00:00.000,2009,3,2,21,VRB02KT,18,09
2009-03-02 22:00:00.000,2009,3,2,22,25010KT,15,13
2009-03-02 23:00:00.000,2009,3,2,23,25005KT,14,12
2009-03-03 00:00:00.000,2009,3,3,0,35003KT,13,12
2009-03-03 01:00:00.000,2009,3,3,1,32005KT,12,11
2009-03-03 02:00:00.000,2009,3,3,2,VRB02KT,12,11
2009-03-03 03:00:00.000,2009,3,3,3,VRB02KT,12,11
2009-03-03 04:00:00.000,2009,3,3,4,34004KT,12,11
2009-03-03 05:00:00.000,2009,3,3,5,10003KT,12,11
2009-03-03 06:00:00.000,2009,3,3,6,VRB02KT,11,10
2009-03-03 07:00:00.000,2009,3,3,7,VRB02KT,11,10
2009-03-03 08:00:00.000,2009,3,3,8,VRB02KT,11,10
2009-03-03 09:00:00.000,2009,3,3,9,06004KT,11,10
2009-03-03 10:00:00.000,2009,3,3,10,VRB02KT,11,10
2009-03-03 11:00:00.000,2009,3,3,11,05003KT,11,10
2009-03-03 12:00:00.000,2009,3,3,12,02004KT,11,11
2009-03-03 13:00:00.000,2009,3,3,13,07006KT,12,12
2009-03-03 14:00:00.000,2009,3,3,14,03004KT,13,12
2009-03-03 15:00:00.000,2009,3,3,15,05006KT,14,11
2009-03-03 16:00:00.000,2009,3,3,16,06004KT,15,11
2009-03-03 17:00:00.000,2009,3,3,17,23005KT,15,11
2009-03-03 18:00:00.000,2009,3,3,18,05004KT,16,10
2009-03-03 19:00:00.000,2009,3,3,19,08004KT,16,11
2009-03-03 20:00:00.000,2009,3,3,20,12004KT,16,10
2009-03-03 21:00:00.000,2009,3,3,21,22004KT,17,12
2009-03-03 22:00:00.000,2009,3,3,22,33005KT,16,11
2009-03-03 23:00:00.000,2009,3,3,23,31007KT,14,12
2009-03-04 00:00:00.000,2009,3,4,0,VRB02KT,12,12
2009-03-04 01:00:00.000,2009,3,4,1,28004KT,12,12
2009-03-04 02:00:00.000,2009,3,4,2,00000KT,12,12
2009-03-04 03:00:00.000,2009,3,4,3,00000KT,12,12
2009-03-04 04:00:00.000,2009,3,4,4,VRB02KT,12,11
2009-03-04 05:00:00.000,2009,3,4,5,33004KT,11,11
2009-03-04 06:00:00.000,2009,3,4,6,00000KT,11,11
2009-03-04 07:00:00.000,2009,3,4,7,00000KT,10,10
2009-03-04 08:00:00.000,2009,3,4,8,00000KT,11,11
2009-03-04 09:00:00.000,2009,3,4,9,00000KT,10,10
2009-03-04 10:00:00.000,2009,3,4,10,00000KT,11,10
2009-03-04 11:00:00.000,2009,3,4,11,VRB02KT,11,11
2009-03-04 12:00:00.000,2009,3,4,12,05005KT,12,11
2009-03-04 13:00:00.000,2009,3,4,13,05006KT,13,12
2009-03-04 14:00:00.000,2009,3,4,14,07008KT,14,11
2009-03-04 15:00:00.000,2009,3,4,15,07008KT,15,11
2009-03-04 16:00:00.000,2009,3,4,16,05009KT,16,11
2009-03-04 17:00:00.000,2009,3,4,17,05011KT,17,11
2009-03-04 18:00:00.000,2009,3,4,18,05008KT,17,10
2009-03-04 19:00:00.000,2009,3,4,19,10008KT,17,08
2009-03-04 20:00:00.000,2009,3,4,20,26010KT,17,13
2009-03-04 21:00:00.000,2009,3,4,21,24008KT,14,14
2009-03-04 22:00:00.000,2009,3,4,22,24004KT,14,13
2009-03-04 23:00:00.000,2009,3,4,23,VRB02KT,13,13
2009-03-05 00:00:00.000,2009,3,5,0,33004KT,13,12
2009-03-05 03:00:00.000,2009,3,5,3,06004KT,11,11
2009-03-05 05:00:00.000,2009,3,5,5,04003KT,10,09
2009-03-05 06:00:00.000,2009,3,5,6,03003KT,10,10
2009-03-05 07:00:00.000,2009,3,5,7,05005KT,09,09
2009-03-05 08:00:00.000,2009,3,5,8,06004KT,10,10
2009-03-05 09:00:00.000,2009,3,5,9,02003KT,09,09
2009-03-05 11:00:00.000,2009,3,5,11,04007KT,09,09
2009-03-05 12:00:00.000,2009,3,5,12,04008KT,10,10
2009-03-05 13:00:00.000,2009,3,5,13,07010KT,14,11
2009-03-05 14:00:00.000,2009,3,5,14,12012KT,16,08
2009-03-05 15:00:00.000,2009,3,5,15,12012KT,17,08
2009-03-05 16:00:00.000,2009,3,5,16,12014KT,19,07
2009-03-05 17:00:00.000,2009,3,5,17,12014KT,19,09
2009-03-05 18:00:00.000,2009,3,5,18,14012KT,20,08
2009-03-05 19:00:00.000,2009,3,5,19,12010KT,20,08
2009-03-05 20:00:00.000,2009,3,5,20,12008KT,19,08
2009-03-05 21:00:00.000,2009,3,5,21,12010KT,19,06
2009-03-05 22:00:00.000,2009,3,5,22,10010KT,18,07
2009-03-06 00:00:00.000,2009,3,6,0,30007KT,15,12
2009-03-06 01:00:00.000,2009,3,6,1,31006KT,14,13
2009-03-06 02:00:00.000,2009,3,6,2,36004KT,13,12
2009-03-06 03:00:00.000,2009,3,6,3,06006KT,12,10
2009-03-06 04:00:00.000,2009,3,6,4,VRB02KT,12,10
2009-03-06 05:00:00.000,2009,3,6,5,05003KT,11,10
2009-03-06 06:00:00.000,2009,3,6,6,06006KT,11,10
2009-03-06 07:00:00.000,2009,3,6,7,03003KT,11,10
2009-03-06 08:00:00.000,2009,3,6,8,VRB02KT,10,09
2009-03-06 09:00:00.000,2009,3,6,9,32003KT,09,09
2009-03-06 10:00:00.000,2009,3,6,10,VRB02KT,09,09
2009-03-06 11:00:00.000,2009,3,6,11,04008KT,10,09
2009-03-06 12:00:00.000,2009,3,6,12,04010KT,11,09
2009-03-06 13:00:00.000,2009,3,6,13,04010KT,13,11
2009-03-06 14:00:00.000,2009,3,6,14,08014KT,16,09
2009-03-06 15:00:00.000,2009,3,6,15,09012KT,18,09
2009-03-06 16:00:00.000,2009,3,6,16,03010KT,19,10
2009-03-06 17:00:00.000,2009,3,6,17,VRB02KT,21,08
2009-03-06 18:00:00.000,2009,3,6,18,26008KT,19,09
2009-03-06 19:00:00.000,2009,3,6,19,25008KT,18,11
2009-03-06 20:00:00.000,2009,3,6,20,28012KT,17,12
2009-03-06 21:00:00.000,2009,3,6,21,34006KT,15,13
2009-03-06 22:00:00.000,2009,3,6,22,30008KT,13,13
2009-03-06 23:00:00.000,2009,3,6,23,VRB02KT,13,12
2009-03-07 00:00:00.000,2009,3,7,0,00000KT,13,12
2009-03-07 01:00:00.000,2009,3,7,1,35003KT,13,12
2009-03-07 02:00:00.000,2009,3,7,2,02003KT,13,11
2009-03-07 04:00:00.000,2009,3,7,4,VRB02KT,12,10
2009-03-07 05:00:00.000,2009,3,7,5,VRB02KT,12,10
2009-03-07 06:00:00.000,2009,3,7,6,04003KT,12,10
2009-03-07 07:00:00.000,2009,3,7,7,05004KT,11,10
2009-03-07 08:00:00.000,2009,3,7,8,07007KT,11,10
2009-03-07 09:00:00.000,2009,3,7,9,06007KT,10,09
2009-03-07 10:00:00.000,2009,3,7,10,06007KT,10,09
2009-03-07 11:00:00.000,2009,3,7,11,04008KT,10,09
2009-03-07 12:00:00.000,2009,3,7,12,02006KT,10,09
2009-03-07 13:00:00.000,2009,3,7,13,04006KT,13,09
2009-03-07 14:00:00.000,2009,3,7,14,36005KT,15,08
2009-03-07 15:00:00.000,2009,3,7,15,04007KT,17,07
2009-03-07 17:00:00.000,2009,3,7,17,14005KT,19,10
2009-03-07 18:00:00.000,2009,3,7,18,35005KT,21,09
2009-03-07 19:00:00.000,2009,3,7,19,33004KT,19,11
2009-03-07 21:00:00.000,2009,3,7,21,24012KT,16,12
2009-03-07 22:00:00.000,2009,3,7,22,25006KT,16,13
2009-03-07 23:00:00.000,2009,3,7,23,31005KT,15,13
2009-03-08 00:00:00.000,2009,3,8,0,31004KT,13,13
2009-03-08 01:00:00.000,2009,3,8,1,VRB02KT,13,12
2009-03-08 02:00:00.000,2009,3,8,2,35004KT,12,12
2009-03-08 03:00:00.000,2009,3,8,3,VRB02KT,11,11
2009-03-08 04:00:00.000,2009,3,8,4,00000KT,11,11
2009-03-08 05:00:00.000,2009,3,8,5,VRB02KT,10,10
2009-03-08 06:00:00.000,2009,3,8,6,00000KT,10,10
2009-03-08 07:00:00.000,2009,3,8,7,02005KT,10,10
2009-03-08 08:00:00.000,2009,3,8,8,04008KT,10,10
2009-03-08 09:00:00.000,2009,3,8,9,05006KT,10,10
2009-03-08 10:00:00.000,2009,3,8,10,05004KT,09,09
2009-03-08 11:00:00.000,2009,3,8,11,05008KT,09,09
2009-03-08 12:00:00.000,2009,3,8,12,05004KT,10,09
2009-03-08 14:00:00.000,2009,3,8,14,12006KT,13,09
2009-03-08 15:00:00.000,2009,3,8,15,08004KT,15,09
2009-03-08 16:00:00.000,2009,3,8,16,10004KT,17,09
2009-03-08 17:00:00.000,2009,3,8,17,14009KT,18,07
2009-03-08 18:00:00.000,2009,3,8,18,26006KT,18,07
2009-03-08 19:00:00.000,2009,3,8,19,23006KT,19,06
2009-03-08 20:00:00.000,2009,3,8,20,23006KT,19,10
2009-03-08 21:00:00.000,2009,3,8,21,23010KT,18,12
2009-03-08 23:00:00.000,2009,3,8,23,26004KT,15,11
2009-03-09 00:00:00.000,2009,3,9,0,27004KT,14,11
2009-03-09 01:00:00.000,2009,3,9,1,VRB02KT,13,11
2009-03-09 02:00:00.000,2009,3,9,2,02003KT,12,10
2009-03-09 03:00:00.000,2009,3,9,3,VRB02KT,11,10
2009-03-09 04:00:00.000,2009,3,9,4,VRB02KT,10,09
2009-03-09 05:00:00.000,2009,3,9,5,34003KT,10,09
2009-03-09 06:00:00.000,2009,3,9,6,27004KT,09,08
2009-03-09 07:00:00.000,2009,3,9,7,VRB02KT,08,07
2009-03-09 08:00:00.000,2009,3,9,8,05003KT,10,09
2009-03-09 09:00:00.000,2009,3,9,9,VRB02KT,09,09
2009-03-09 10:00:00.000,2009,3,9,10,02003KT,10,09
2009-03-09 11:00:00.000,2009,3,9,11,04004KT,10,09
2009-03-09 12:00:00.000,2009,3,9,12,05006KT,10,09
2009-03-09 13:00:00.000,2009,3,9,13,VRB02KT,11,10
2009-03-09 14:00:00.000,2009,3,9,14,VRB02KT,13,11
2009-03-09 15:00:00.000,2009,3,9,15,05004KT,16,09
2009-03-09 16:00:00.000,2009,3,9,16,VRB02KT,19,09
2009-03-09 17:00:00.000,2009,3,9,17,26005KT,19,08
2009-03-09 18:00:00.000,2009,3,9,18,27014KT,18,11
2009-03-09 19:00:00.000,2009,3,9,19,24016KT,19,12
2009-03-09 20:00:00.000,2009,3,9,20,24014KT,17,12
2009-03-09 21:00:00.000,2009,3,9,21,24004KT,16,11
2009-03-09 22:00:00.000,2009,3,9,22,34006KT,14,08
2009-03-09 23:00:00.000,2009,3,9,23,03006KT,12,12
2009-03-10 00:00:00.000,2009,3,10,0,01004KT,12,12
2009-03-10 01:00:00.000,2009,3,10,1,VRB02KT,11,11
2009-03-10 02:00:00.000,2009,3,10,2,07004KT,12,11
2009-03-10 03:00:00.000,2009,3,10,3,VRB02KT,11,11
2009-03-10 04:00:00.000,2009,3,10,4,VRB02KT,11,11
2009-03-10 05:00:00.000,2009,3,10,5,00000KT,11,11
2009-03-10 06:00:00.000,2009,3,10,6,04005KT,11,11
2009-03-10 07:00:00.000,2009,3,10,7,00000KT,11,11
2009-03-10 08:00:00.000,2009,3,10,8,VRB02KT,10,10
2009-03-10 09:00:00.000,2009,3,10,9,00000KT,09,09
2009-03-10 10:00:00.000,2009,3,10,10,01004KT,09,09
2009-03-10 11:00:00.000,2009,3,10,11,00000KT,08,08
2009-03-10 12:00:00.000,2009,3,10,12,27003KT,10,09
2009-03-10 13:00:00.000,2009,3,10,13,00000KT,13,12
2009-03-10 14:00:00.000,2009,3,10,14,00000KT,16,13
2009-03-10 15:00:00.000,2009,3,10,15,36005KT,17,12
2009-03-10 16:00:00.000,2009,3,10,16,34003KT,19,11
2009-03-10 17:00:00.000,2009,3,10,17,21009KT,18,11
2009-03-10 18:00:00.000,2009,3,10,18,23012KT,19,11
2009-03-10 19:00:00.000,2009,3,10,19,25012KT,19,12
2009-03-10 20:00:00.000,2009,3,10,20,25014KT,19,13
2009-03-10 21:00:00.000,2009,3,10,21,25012KT,18,12
2009-03-10 22:00:00.000,2009,3,10,22,28009KT,17,11
2009-03-10 23:00:00.000,2009,3,10,23,29006KT,16,11
2009-03-11 00:00:00.000,2009,3,11,0,33005KT,14,12
2009-03-11 01:00:00.000,2009,3,11,1,01005KT,14,12
2009-03-11 02:00:00.000,2009,3,11,2,VRB02KT,12,10
2009-03-11 03:00:00.000,2009,3,11,3,02004KT,12,10
2009-03-11 04:00:00.000,2009,3,11,4,VRB02KT,11,10
2009-03-11 05:00:00.000,2009,3,11,5,00000KT,10,09
2009-03-11 07:00:00.000,2009,3,11,7,VRB02KT,09,08
2009-03-11 08:00:00.000,2009,3,11,8,VRB02KT,99,08
2009-03-11 10:00:00.000,2009,3,11,10,27004KT,07,06
2009-03-11 13:00:00.000,2009,3,11,13,34003KT,09,09
2009-03-11 14:00:00.000,2009,3,11,14,VRB02KT,11,11
2009-03-11 15:00:00.000,2009,3,11,15,VRB02KT,13,12
2009-03-11 16:00:00.000,2009,3,11,16,27008KT,17,13
2009-03-11 17:00:00.000,2009,3,11,17,24008KT,17,12
2009-03-11 18:00:00.000,2009,3,11,18,25010KT,18,12
2009-03-11 19:00:00.000,2009,3,11,19,26008KT,18,13
2009-03-11 20:00:00.000,2009,3,11,20,28010KT,18,11
2009-03-11 21:00:00.000,2009,3,11,21,30010KT,18,12
2009-03-11 22:00:00.000,2009,3,11,22,27009KT,17,12
2009-03-11 23:00:00.000,2009,3,11,23,31003KT,16,12
2009-03-12 00:00:00.000,2009,3,12,0,29005KT,14,14
2009-03-12 01:00:00.000,2009,3,12,1,25004KT,14,14
2009-03-12 02:00:00.000,2009,3,12,2,27004KT,13,13
2009-03-12 03:00:00.000,2009,3,12,3,34004KT,13,11
2009-03-12 04:00:00.000,2009,3,12,4,27004KT,12,10
2009-03-12 05:00:00.000,2009,3,12,5,VRB02KT,11,10
2009-03-12 08:00:00.000,2009,3,12,8,00000KT,10,09
2009-03-12 10:00:00.000,2009,3,12,10,VRB02KT,09,08
2009-03-12 11:00:00.000,2009,3,12,11,35004KT,08,07
2009-03-12 12:00:00.000,2009,3,12,12,VRB02KT,09,09
2009-03-12 13:00:00.000,2009,3,12,13,31005KT,11,10
2009-03-12 14:00:00.000,2009,3,12,14,04005KT,14,12
2009-03-12 15:00:00.000,2009,3,12,15,32003KT,16,11
2009-03-12 16:00:00.000,2009,3,12,16,24005KT,17,11
2009-03-12 17:00:00.000,2009,3,12,17,34010KT,19,10
2009-03-12 18:00:00.000,2009,3,12,18,32008KT,19,11
2009-03-12 19:00:00.000,2009,3,12,19,27012KT,18,12
2009-03-12 20:00:00.000,2009,3,12,20,26012KT,18,11
2009-03-12 21:00:00.000,2009,3,12,21,26013KT,17,11
2009-03-12 22:00:00.000,2009,3,12,22,27010KT,16,11
2009-03-12 23:00:00.000,2009,3,12,23,28004KT,15,12
2009-03-13 00:00:00.000,2009,3,13,0,29005KT,14,11
2009-03-13 01:00:00.000,2009,3,13,1,31004KT,13,11
2009-03-13 02:00:00.000,2009,3,13,2,VRB02KT,12,11
2009-03-13 03:00:00.000,2009,3,13,3,03004KT,12,11
2009-03-13 04:00:00.000,2009,3,13,4,31004KT,11,10
2009-03-13 05:00:00.000,2009,3,13,5,33004KT,11,10
2009-03-13 06:00:00.000,2009,3,13,6,30003KT,11,10
2009-03-13 07:00:00.000,2009,3,13,7,VRB02KT,10,09
2009-03-13 08:00:00.000,2009,3,13,8,06003KT,09,08
2009-03-13 09:00:00.000,2009,3,13,9,05004KT,09,08
2009-03-13 10:00:00.000,2009,3,13,10,35005KT,11,10
2009-03-13 11:00:00.000,2009,3,13,11,05004KT,10,10
2009-03-13 12:00:00.000,2009,3,13,12,VRB02KT,11,11
2009-03-13 13:00:00.000,2009,3,13,13,03008KT,13,11
2009-03-13 14:00:00.000,2009,3,13,14,02006KT,15,10
2009-03-13 15:00:00.000,2009,3,13,15,32006KT,17,10
2009-03-13 16:00:00.000,2009,3,13,16,31008KT,18,10
2009-03-13 17:00:00.000,2009,3,13,17,30016KT,19,11
2009-03-13 18:00:00.000,2009,3,13,18,28014KT,18,12
2009-03-13 19:00:00.000,2009,3,13,19,28016KT,18,12
2009-03-13 20:00:00.000,2009,3,13,20,27014KT,18,11
2009-03-13 21:00:00.000,2009,3,13,21,02010KT,12,11
2009-03-13 22:00:00.000,2009,3,13,22,05007KT,13,12
2009-03-13 23:00:00.000,2009,3,13,23,35007KT,13,12
2009-03-14 00:00:00.000,2009,3,14,0,36006KT,12,11
2009-03-14 01:00:00.000,2009,3,14,1,34005KT,12,12
2009-03-14 02:00:00.000,2009,3,14,2,32003KT,12,11
2009-03-14 03:00:00.000,2009,3,14,3,33003KT,11,11
2009-03-14 04:00:00.000,2009,3,14,4,04005KT,11,10
2009-03-14 05:00:00.000,2009,3,14,5,06004KT,10,10
2009-03-14 06:00:00.000,2009,3,14,6,20003KT,09,09
2009-03-14 07:00:00.000,2009,3,14,7,33005KT,09,09
2009-03-14 08:00:00.000,2009,3,14,8,36004KT,09,08
2009-03-14 09:00:00.000,2009,3,14,9,VRB02KT,08,08
2009-03-14 10:00:00.000,2009,3,14,10,33006KT,08,08
2009-03-14 11:00:00.000,2009,3,14,11,27003KT,08,07
2009-03-14 12:00:00.000,2009,3,14,12,VRB02KT,08,08
2009-03-14 13:00:00.000,2009,3,14,13,03004KT,10,10
2009-03-14 14:00:00.000,2009,3,14,14,00000KT,20,18
2009-03-14 15:00:00.000,2009,3,14,15,04005KT,15,12
2009-03-14 16:00:00.000,2009,3,14,16,VRB02KT,17,10
2009-03-14 17:00:00.000,2009,3,14,17,VRB02KT,19,09
2009-03-14 18:00:00.000,2009,3,14,18,29008KT,19,12
2009-03-14 20:00:00.000,2009,3,14,20,21007KT,12,11
2009-03-14 21:00:00.000,2009,3,14,21,25004KT,13,11
2009-03-14 22:00:00.000,2009,3,14,22,33003KT,15,12
2009-03-14 23:00:00.000,2009,3,14,23,VRB02KT,14,11
2009-03-15 00:00:00.000,2009,3,15,0,24004KT,13,13
2009-03-15 01:00:00.000,2009,3,15,1,VRB02KT,13,13
2009-03-15 02:00:00.000,2009,3,15,2,VRB02KT,13,13
2009-03-15 03:00:00.000,2009,3,15,3,01005KT,13,12
2009-03-15 04:00:00.000,2009,3,15,4,32007KT,12,12
2009-03-15 05:00:00.000,2009,3,15,5,VRB02KT,11,11
2009-03-15 06:00:00.000,2009,3,15,6,VRB02KT,11,11
2009-03-15 07:00:00.000,2009,3,15,7,05008KT,11,11
2009-03-15 08:00:00.000,2009,3,15,8,VRB02KT,11,10
2009-03-15 09:00:00.000,2009,3,15,9,05004KT,11,11
2009-03-15 10:00:00.000,2009,3,15,10,VRB02KT,10,10
2009-03-15 11:00:00.000,2009,3,15,11,VRB02KT,09,09
2009-03-15 12:00:00.000,2009,3,15,12,03005KT,10,09
2009-03-15 13:00:00.000,2009,3,15,13,07010KT,13,10
2009-03-15 15:00:00.000,2009,3,15,15,09009KT,16,08
2009-03-15 16:00:00.000,2009,3,15,16,10012KT,16,08
2009-03-15 17:00:00.000,2009,3,15,17,02009KT,15,10
2009-03-15 18:00:00.000,2009,3,15,18,03004KT,17,09
2009-03-15 19:00:00.000,2009,3,15,19,23007KT,18,09
2009-03-15 20:00:00.000,2009,3,15,20,27005KT,16,10
2009-03-15 21:00:00.000,2009,3,15,21,22004KT,15,12
2009-03-15 22:00:00.000,2009,3,15,22,28004KT,15,12
2009-03-15 23:00:00.000,2009,3,15,23,VRB02KT,15,13
2009-03-16 00:00:00.000,2009,3,16,0,30003KT,13,12
2009-03-16 01:00:00.000,2009,3,16,1,30003KT,12,11
2009-03-16 02:00:00.000,2009,3,16,2,35003KT,12,11
2009-03-16 03:00:00.000,2009,3,16,3,11004KT,14,09
2009-03-16 04:00:00.000,2009,3,16,4,09006KT,13,10
2009-03-16 05:00:00.000,2009,3,16,5,09003KT,13,10
2009-03-16 06:00:00.000,2009,3,16,6,32003KT,11,10
2009-03-16 07:00:00.000,2009,3,16,7,35004KT,12,10
2009-03-16 08:00:00.000,2009,3,16,8,VRB02KT,11,10
2009-03-16 09:00:00.000,2009,3,16,9,VRB02KT,11,10
2009-03-16 10:00:00.000,2009,3,16,10,VRB02KT,10,10
2009-03-16 11:00:00.000,2009,3,16,11,VRB02KT,10,09
2009-03-16 12:00:00.000,2009,3,16,12,10004KT,11,10
2009-03-16 13:00:00.000,2009,3,16,13,03005KT,12,12
2009-03-16 14:00:00.000,2009,3,16,14,09003KT,14,11
2009-03-16 15:00:00.000,2009,3,16,15,06003KT,16,12
2009-03-16 16:00:00.000,2009,3,16,16,00000KT,16,11
2009-03-16 17:00:00.000,2009,3,16,17,05005KT,16,10
2009-03-16 18:00:00.000,2009,3,16,18,05008KT,13,12
2009-03-16 19:00:00.000,2009,3,16,19,32008KT,14,13
2009-03-16 20:00:00.000,2009,3,16,20,30010KT,14,14
2009-03-16 21:00:00.000,2009,3,16,21,28008KT,14,14
2009-03-16 22:00:00.000,2009,3,16,22,29004KT,14,13
2009-03-16 23:00:00.000,2009,3,16,23,29005KT,13,12
2009-03-17 01:00:00.000,2009,3,17,1,03006KT,13,11
2009-03-17 02:00:00.000,2009,3,17,2,VRB02KT,13,12
2009-03-17 03:00:00.000,2009,3,17,3,VRB02KT,13,12
2009-03-17 04:00:00.000,2009,3,17,4,VRB02KT,12,11
2009-03-17 05:00:00.000,2009,3,17,5,VRB02KT,12,11
2009-03-17 06:00:00.000,2009,3,17,6,VRB02KT,12,11
2009-03-17 07:00:00.000,2009,3,17,7,VRB02KT,12,11
2009-03-17 08:00:00.000,2009,3,17,8,VRB02KT,12,11
2009-03-17 10:00:00.000,2009,3,17,10,VRB02KT,10,09
2009-03-17 11:00:00.000,2009,3,17,11,03004KT,10,10
2009-03-17 12:00:00.000,2009,3,17,12,05006KT,12,11
2009-03-17 13:00:00.000,2009,3,17,13,04006KT,14,11
2009-03-17 15:00:00.000,2009,3,17,15,05004KT,16,10
2009-03-17 16:00:00.000,2009,3,17,16,03005KT,16,10
2009-03-17 17:00:00.000,2009,3,17,17,03006KT,17,09
2009-03-17 18:00:00.000,2009,3,17,18,34007KT,17,12
2009-03-17 19:00:00.000,2009,3,17,19,28010KT,16,12
2009-03-17 21:00:00.000,2009,3,17,21,29005KT,13,13
2009-03-17 22:00:00.000,2009,3,17,22,34005KT,13,13
2009-03-17 23:00:00.000,2009,3,17,23,32005KT,12,11
2009-03-18 00:00:00.000,2009,3,18,0,31003KT,11,11
2009-03-18 01:00:00.000,2009,3,18,1,VRB02KT,12,11
2009-03-18 02:00:00.000,2009,3,18,2,VRB02KT,12,12
2009-03-18 03:00:00.000,2009,3,18,3,00000KT,12,11
2009-03-18 04:00:00.000,2009,3,18,4,VRB02KT,11,11
2009-03-18 05:00:00.000,2009,3,18,5,00000KT,11,11
2009-03-18 06:00:00.000,2009,3,18,6,03004KT,11,11
2009-03-18 07:00:00.000,2009,3,18,7,03004KT,11,10
2009-03-18 08:00:00.000,2009,3,18,8,VRB02KT,10,10
2009-03-18 09:00:00.000,2009,3,18,9,07004KT,10,10
2009-03-18 10:00:00.000,2009,3,18,10,04004KT,11,11
2009-03-18 11:00:00.000,2009,3,18,11,04004KT,11,11
2009-03-18 12:00:00.000,2009,3,18,12,08004KT,12,11
2009-03-18 13:00:00.000,2009,3,18,13,04008KT,13,11
2009-03-18 14:00:00.000,2009,3,18,14,06006KT,15,11
2009-03-18 15:00:00.000,2009,3,18,15,11004KT,16,10
2009-03-18 16:00:00.000,2009,3,18,16,VRB02KT,17,10
2009-03-18 17:00:00.000,2009,3,18,17,VRB02KT,16,10
2009-03-18 18:00:00.000,2009,3,18,18,03005KT,16,10
2009-03-18 19:00:00.000,2009,3,18,19,23005KT,15,13
2009-03-18 20:00:00.000,2009,3,18,20,24004KT,17,13
2009-03-18 21:00:00.000,2009,3,18,21,24005KT,16,13
2009-03-18 22:00:00.000,2009,3,18,22,22005KT,15,13
2009-03-18 23:00:00.000,2009,3,18,23,28004KT,14,13
2009-03-19 00:00:00.000,2009,3,19,0,24004KT,13,12
2009-03-19 02:00:00.000,2009,3,19,2,05003KT,13,12
2009-03-19 03:00:00.000,2009,3,19,3,VRB02KT,12,11
2009-03-19 04:00:00.000,2009,3,19,4,VRB02KT,12,11
2009-03-19 08:00:00.000,2009,3,19,8,VRB02KT,10,10
2009-03-19 09:00:00.000,2009,3,19,9,VRB02KT,11,10
2009-03-19 11:00:00.000,2009,3,19,11,05006KT,12,10
2009-03-19 12:00:00.000,2009,3,19,12,05004KT,12,11
2009-03-19 13:00:00.000,2009,3,19,13,05008KT,13,12
2009-03-19 14:00:00.000,2009,3,19,14,06010KT,14,11
2009-03-19 15:00:00.000,2009,3,19,15,06008KT,14,11
2009-03-19 16:00:00.000,2009,3,19,16,08010KT,15,11
2009-03-19 17:00:00.000,2009,3,19,17,18006KT,15,10
2009-03-19 18:00:00.000,2009,3,19,18,15006KT,16,10
2009-03-19 19:00:00.000,2009,3,19,19,15010KT,17,10
2009-03-19 20:00:00.000,2009,3,19,20,19009KT,17,10
2009-03-19 21:00:00.000,2009,3,19,21,10005KT,17,10
2009-03-19 22:00:00.000,2009,3,19,22,30009KT,14,13
2009-03-19 23:00:00.000,2009,3,19,23,29006KT,14,13
2009-03-20 00:00:00.000,2009,3,20,0,VRB02KT,13,12
2009-03-20 01:00:00.000,2009,3,20,1,VRB00KT,12,12
2009-03-20 02:00:00.000,2009,3,20,2,00000KT,12,12
2009-03-20 03:00:00.000,2009,3,20,3,00000KT,12,12
2009-03-20 04:00:00.000,2009,3,20,4,00000KT,12,11
2009-03-20 05:00:00.000,2009,3,20,5,00000KT,12,11
2009-03-20 06:00:00.000,2009,3,20,6,00000KT,12,11
2009-03-20 07:00:00.000,2009,3,20,7,00000KT,12,11
2009-03-20 08:00:00.000,2009,3,20,8,00000KT,11,11
2009-03-20 09:00:00.000,2009,3,20,9,00000KT,11,10
2009-03-20 10:00:00.000,2009,3,20,10,VRB02KT,11,11
2009-03-20 11:00:00.000,2009,3,20,11,03007KT,11,11
2009-03-20 12:00:00.000,2009,3,20,12,03004KT,11,11
2009-03-20 13:00:00.000,2009,3,20,13,06003KT,12,12
2009-03-20 14:00:00.000,2009,3,20,14,07004KT,12,11
2009-03-20 15:00:00.000,2009,3,20,15,10003KT,12,11
2009-03-20 16:00:00.000,2009,3,20,16,03005KT,12,12
2009-03-20 17:00:00.000,2009,3,20,17,01003KT,14,12
2009-03-20 18:00:00.000,2009,3,20,18,11006KT,16,12
2009-03-20 19:00:00.000,2009,3,20,19,03005KT,17,11
2009-03-20 20:00:00.000,2009,3,20,20,04005KT,17,11
2009-03-20 21:00:00.000,2009,3,20,21,02006KT,17,11
2009-03-20 22:00:00.000,2009,3,20,22,01005KT,17,11
2009-03-20 23:00:00.000,2009,3,20,23,28008KT,14,12
2009-03-21 00:00:00.000,2009,3,21,0,28008KT,13,12
2009-03-21 01:00:00.000,2009,3,21,1,25006KT,13,12
2009-03-21 02:00:00.000,2009,3,21,2,VRB02KT,13,12
2009-03-21 04:00:00.000,2009,3,21,4,VRB02KT,12,11
2009-03-21 06:00:00.000,2009,3,21,6,00000KT,12,11
2009-03-21 09:00:00.000,2009,3,21,9,26003KT,10,10
2009-03-21 10:00:00.000,2009,3,21,10,00000KT,11,10
2009-03-21 11:00:00.000,2009,3,21,11,VRB02KT,10,10
2009-03-21 12:00:00.000,2009,3,21,12,VRB02KT,10,10
2009-03-21 13:00:00.000,2009,3,21,13,29003KT,11,11
2009-03-21 14:00:00.000,2009,3,21,14,07005KT,14,12
2009-03-21 15:00:00.000,2009,3,21,15,06008KT,15,12
2009-03-21 16:00:00.000,2009,3,21,16,14007KT,13,13
2009-03-21 17:00:00.000,2009,3,21,17,24004KT,16,12
2009-03-21 18:00:00.000,2009,3,21,18,VRB02KT,17,11
2009-03-21 19:00:00.000,2009,3,21,19,21004KT,18,10
2009-03-21 20:00:00.000,2009,3,21,20,VRB02KT,17,09
2009-03-21 21:00:00.000,2009,3,21,21,24007KT,14,14
2009-03-21 22:00:00.000,2009,3,21,22,22004KT,14,12
2009-03-21 23:00:00.000,2009,3,21,23,33008KT,14,13
2009-03-22 00:00:00.000,2009,3,22,0,30005KT,13,13
2009-03-22 01:00:00.000,2009,3,22,1,VRB02KT,13,12
2009-03-22 02:00:00.000,2009,3,22,2,VRB02KT,13,12
2009-03-22 03:00:00.000,2009,3,22,3,VRB02KT,12,12
2009-03-22 04:00:00.000,2009,3,22,4,03004KT,12,12
2009-03-22 05:00:00.000,2009,3,22,5,VRB02KT,12,12
2009-03-22 06:00:00.000,2009,3,22,6,VRB02KT,12,12
2009-03-22 07:00:00.000,2009,3,22,7,VRB02KT,12,12
2009-03-22 08:00:00.000,2009,3,22,8,05006KT,12,11
2009-03-22 09:00:00.000,2009,3,22,9,35004KT,11,10
2009-03-22 10:00:00.000,2009,3,22,10,00000KT,11,10
2009-03-22 11:00:00.000,2009,3,22,11,05005KT,11,11
2009-03-22 12:00:00.000,2009,3,22,12,05004KT,12,11
2009-03-22 13:00:00.000,2009,3,22,13,03007KT,13,12
2009-03-22 14:00:00.000,2009,3,22,14,02005KT,13,12
2009-03-22 15:00:00.000,2009,3,22,15,04007KT,14,12
2009-03-22 16:00:00.000,2009,3,22,16,03006KT,17,13
2009-03-22 17:00:00.000,2009,3,22,17,05006KT,17,11
2009-03-22 18:00:00.000,2009,3,22,18,00000KT,13,13
2009-03-22 20:00:00.000,2009,3,22,20,25007KT,16,11
2009-03-22 21:00:00.000,2009,3,22,21,00000KT,13,13
2009-03-22 22:00:00.000,2009,3,22,22,22004KT,13,13
2009-03-22 23:00:00.000,2009,3,22,23,07004KT,12,12
2009-03-23 00:00:00.000,2009,3,23,0,VRB02KT,12,11
2009-03-23 01:00:00.000,2009,3,23,1,VRB02KT,11,11
2009-03-23 02:00:00.000,2009,3,23,2,00000KT,11,11
2009-03-23 03:00:00.000,2009,3,23,3,00000KT,11,10
2009-03-23 04:00:00.000,2009,3,23,4,30003KT,11,10
2009-03-23 05:00:00.000,2009,3,23,5,00000KT,11,11
2009-03-23 07:00:00.000,2009,3,23,7,00000KT,11,10
2009-03-23 10:00:00.000,2009,3,23,10,VRB02KT,11,11
2009-03-23 11:00:00.000,2009,3,23,11,VRB02KT,11,11
2009-03-23 12:00:00.000,2009,3,23,12,VRB02KT,11,11
2009-03-23 13:00:00.000,2009,3,23,13,05003KT,12,11
2009-03-23 14:00:00.000,2009,3,23,14,06005KT,13,12
2009-03-23 15:00:00.000,2009,3,23,15,05005KT,15,12
2009-03-23 16:00:00.000,2009,3,23,16,06006KT,17,12
2009-03-23 17:00:00.000,2009,3,23,17,04005KT,14,12
2009-03-23 18:00:00.000,2009,3,23,18,33008KT,13,13
2009-03-23 19:00:00.000,2009,3,23,19,25008KT,12,12
2009-03-23 20:00:00.000,2009,3,23,20,VRB02KT,12,12
2009-03-23 21:00:00.000,2009,3,23,21,17004KT,13,13
2009-03-23 22:00:00.000,2009,3,23,22,07006KT,14,12
2009-03-23 23:00:00.000,2009,3,23,23,35004KT,12,11
2009-03-24 00:00:00.000,2009,3,24,0,27003KT,11,11
2009-03-24 01:00:00.000,2009,3,24,1,VRB02KT,10,10
2009-03-24 02:00:00.000,2009,3,24,2,VRB02KT,10,10
2009-03-24 03:00:00.000,2009,3,24,3,34005KT,09,09
2009-03-24 04:00:00.000,2009,3,24,4,00000KT,09,09
2009-03-24 05:00:00.000,2009,3,24,5,00000KT,09,08
2009-03-24 07:00:00.000,2009,3,24,7,00000KT,09,09
2009-03-24 08:00:00.000,2009,3,24,8,VRB02KT,09,08
2009-03-24 09:00:00.000,2009,3,24,9,33004KT,08,08
2009-03-24 12:00:00.000,2009,3,24,12,VRB02KT,08,08
2009-03-24 13:00:00.000,2009,3,24,13,VRB02KT,10,10
2009-03-24 14:00:00.000,2009,3,24,14,05007KT,13,11
2009-03-24 15:00:00.000,2009,3,24,15,02006KT,15,12
2009-03-24 16:00:00.000,2009,3,24,16,02005KT,16,12
2009-03-24 17:00:00.000,2009,3,24,17,34005KT,17,12
2009-03-24 18:00:00.000,2009,3,24,18,07010KT,12,12
2009-03-24 19:00:00.000,2009,3,24,19,33008KT,13,13
2009-03-24 20:00:00.000,2009,3,24,20,01008KT,13,13
2009-03-24 21:00:00.000,2009,3,24,21,29004KT,14,13
2009-03-24 22:00:00.000,2009,3,24,22,22004KT,14,14
2009-03-24 23:00:00.000,2009,3,24,23,VRB02KT,14,13
2009-03-25 00:00:00.000,2009,3,25,0,VRB02KT,12,12
2009-03-25 01:00:00.000,2009,3,25,1,00000KT,12,12
2009-03-25 02:00:00.000,2009,3,25,2,00000KT,12,12
2009-03-25 03:00:00.000,2009,3,25,3,00000KT,12,12
2009-03-25 04:00:00.000,2009,3,25,4,00000KT,12,12
2009-03-25 05:00:00.000,2009,3,25,5,00000KT,12,11
2009-03-25 06:00:00.000,2009,3,25,6,00000KT,11,11
2009-03-25 07:00:00.000,2009,3,25,7,00000KT,11,11
2009-03-25 09:00:00.000,2009,3,25,9,00000KT,10,10
2009-03-25 11:00:00.000,2009,3,25,11,00000KT,11,10
2009-03-25 12:00:00.000,2009,3,25,12,06006KT,11,11
2009-03-25 13:00:00.000,2009,3,25,13,05005KT,12,11
2009-03-25 14:00:00.000,2009,3,25,14,04004KT,13,13
2009-03-25 15:00:00.000,2009,3,25,15,VRB02KT,15,14
2009-03-25 16:00:00.000,2009,3,25,16,VRB02KT,16,11
2009-03-25 17:00:00.000,2009,3,25,17,35010KT,13,12
2009-03-25 18:00:00.000,2009,3,25,18,VRB02KT,13,13
2009-03-25 19:00:00.000,2009,3,25,19,06003KT,13,12
2009-03-25 20:00:00.000,2009,3,25,20,15005KT,13,13
2009-03-25 21:00:00.000,2009,3,25,21,02006KT,14,14
2009-03-25 22:00:00.000,2009,3,25,22,04006KT,15,13
2009-03-25 23:00:00.000,2009,3,25,23,06003KT,14,12
2009-03-26 00:00:00.000,2009,3,26,0,29005KT,12,11
2009-03-26 01:00:00.000,2009,3,26,1,23005KT,12,11
2009-03-26 02:00:00.000,2009,3,26,2,24004KT,12,11
2009-03-26 03:00:00.000,2009,3,26,3,VRB02KT,12,11
2009-03-26 04:00:00.000,2009,3,26,4,VRB02KT,11,10
2009-03-26 05:00:00.000,2009,3,26,5,31003KT,11,10
2009-03-26 06:00:00.000,2009,3,26,6,00000KT,10,10
2009-03-26 08:00:00.000,2009,3,26,8,31003KT,11,10
2009-03-26 09:00:00.000,2009,3,26,9,VRB02KT,11,10
2009-03-26 10:00:00.000,2009,3,26,10,00000KT,10,10
2009-03-26 11:00:00.000,2009,3,26,11,VRB02KT,10,10
2009-03-26 12:00:00.000,2009,3,26,12,33007KT,11,11
2009-03-26 13:00:00.000,2009,3,26,13,01004KT,12,12
2009-03-26 14:00:00.000,2009,3,26,14,VRB02KT,15,12
2009-03-26 15:00:00.000,2009,3,26,15,05004KT,17,12
2009-03-26 16:00:00.000,2009,3,26,16,VRB02KT,17,10
2009-03-26 17:00:00.000,2009,3,26,17,VRB02KT,18,10
2009-03-26 18:00:00.000,2009,3,26,18,31012KT,15,14
2009-03-26 19:00:00.000,2009,3,26,19,VRB10KT,15,12
2009-03-26 20:00:00.000,2009,3,26,20,19010KT,16,13
2009-03-26 21:00:00.000,2009,3,26,21,04012KT,13,10
2009-03-26 22:00:00.000,2009,3,26,22,29004KT,13,13
2009-03-26 23:00:00.000,2009,3,26,23,35004KT,13,13
2009-03-27 00:00:00.000,2009,3,27,0,35003KT,13,12
2009-03-27 01:00:00.000,2009,3,27,1,VRB02KT,12,11
2009-03-27 02:00:00.000,2009,3,27,2,VRB02KT,11,11
2009-03-27 03:00:00.000,2009,3,27,3,03003KT,11,11
2009-03-27 04:00:00.000,2009,3,27,4,VRB02KT,11,11
2009-03-27 05:00:00.000,2009,3,27,5,05004KT,11,11
2009-03-27 06:00:00.000,2009,3,27,6,VRB02KT,11,11
2009-03-27 07:00:00.000,2009,3,27,7,VRB02KT,11,11
2009-03-27 08:00:00.000,2009,3,27,8,VRB02KT,10,10
2009-03-27 09:00:00.000,2009,3,27,9,VRB02KT,10,10
2009-03-27 10:00:00.000,2009,3,27,10,VRB02KT,11,10
2009-03-27 11:00:00.000,2009,3,27,11,VRB02KT,11,11
2009-03-27 12:00:00.000,2009,3,27,12,07003KT,12,11
2009-03-27 13:00:00.000,2009,3,27,13,07009KT,14,12
2009-03-27 14:00:00.000,2009,3,27,14,07008KT,16,11
2009-03-27 15:00:00.000,2009,3,27,15,10010KT,16,10
2009-03-27 16:00:00.000,2009,3,27,16,10012KT,17,10
2009-03-27 17:00:00.000,2009,3,27,17,12008KT,17,10
2009-03-27 18:00:00.000,2009,3,27,18,03006KT,18,09
2009-03-27 19:00:00.000,2009,3,27,19,06008KT,20,11
2009-03-27 20:00:00.000,2009,3,27,20,26009KT,17,12
2009-03-27 21:00:00.000,2009,3,27,21,16010KT,16,13
2009-03-27 22:00:00.000,2009,3,27,22,31007KT,12,11
2009-03-27 23:00:00.000,2009,3,27,23,32005KT,12,11
2009-03-28 00:00:00.000,2009,3,28,0,01003KT,12,12
2009-03-28 01:00:00.000,2009,3,28,1,34003KT,12,12
2009-03-28 02:00:00.000,2009,3,28,2,35004KT,11,11
2009-03-28 03:00:00.000,2009,3,28,3,36003KT,12,12
2009-03-28 04:00:00.000,2009,3,28,4,00000KT,11,11
2009-03-28 05:00:00.000,2009,3,28,5,VRB02KT,11,11
2009-03-28 06:00:00.000,2009,3,28,6,08006KT,11,10
2009-03-28 07:00:00.000,2009,3,28,7,VRB02KT,10,10
2009-03-28 08:00:00.000,2009,3,28,8,25004KT,09,09
2009-03-28 09:00:00.000,2009,3,28,9,VRB02KT,09,09
2009-03-28 10:00:00.000,2009,3,28,10,VRB02KT,09,09
2009-03-28 12:00:00.000,2009,3,28,12,05004KT,09,08
2009-03-28 13:00:00.000,2009,3,28,13,06005KT,13,11
2009-03-28 14:00:00.000,2009,3,28,14,03008KT,14,12
2009-03-28 15:00:00.000,2009,3,28,15,09008KT,15,11
2009-03-28 16:00:00.000,2009,3,28,16,12007KT,17,09
2009-03-28 17:00:00.000,2009,3,28,17,04007KT,18,10
2009-03-28 18:00:00.000,2009,3,28,18,02006KT,17,10
2009-03-28 19:00:00.000,2009,3,28,19,10006KT,18,08
2009-03-28 20:00:00.000,2009,3,28,20,03005KT,19,08
2009-03-28 21:00:00.000,2009,3,28,21,30010KT,18,12
2009-03-28 22:00:00.000,2009,3,28,22,27012KT,15,12
2009-03-28 23:00:00.000,2009,3,28,23,27006KT,14,12
2009-03-29 00:00:00.000,2009,3,29,0,30006KT,13,12
2009-03-29 01:00:00.000,2009,3,29,1,VRB02KT,13,12
2009-03-29 02:00:00.000,2009,3,29,2,33003KT,13,12
2009-03-29 05:00:00.000,2009,3,29,5,00000KT,12,11
2009-03-29 06:00:00.000,2009,3,29,6,00000KT,11,11
2009-03-29 07:00:00.000,2009,3,29,7,31003KT,11,11
2009-03-29 08:00:00.000,2009,3,29,8,00000KT,11,11
2009-03-29 10:00:00.000,2009,3,29,10,34005KT,11,11
2009-03-29 11:00:00.000,2009,3,29,11,00000KT,11,10
2009-03-29 12:00:00.000,2009,3,29,12,30003KT,11,11
2009-03-29 13:00:00.000,2009,3,29,13,00000KT,20,18
2009-03-29 14:00:00.000,2009,3,29,14,00000KT,14,13
2009-03-29 15:00:00.000,2009,3,29,15,28004KT,16,12
2009-03-29 16:00:00.000,2009,3,29,16,21004KT,16,12
2009-03-29 17:00:00.000,2009,3,29,17,23008KT,15,11
2009-03-29 18:00:00.000,2009,3,29,18,24009KT,16,11
2009-03-29 19:00:00.000,2009,3,29,19,23006KT,15,12
2009-03-29 20:00:00.000,2009,3,29,20,22011KT,16,12
2009-03-29 21:00:00.000,2009,3,29,21,29009KT,14,13
2009-03-29 22:00:00.000,2009,3,29,22,28008KT,14,13
2009-03-29 23:00:00.000,2009,3,29,23,35007KT,13,13
2009-03-30 00:00:00.000,2009,3,30,0,36004KT,11,11
2009-03-30 01:00:00.000,2009,3,30,1,00000KT,11,11
2009-03-30 02:00:00.000,2009,3,30,2,00000KT,11,10
2009-03-30 03:00:00.000,2009,3,30,3,00000KT,10,10
2009-03-30 04:00:00.000,2009,3,30,4,00000KT,10,09
2009-03-30 05:00:00.000,2009,3,30,5,00000KT,09,09
2009-03-30 06:00:00.000,2009,3,30,6,00000KT,10,10
2009-03-30 07:00:00.000,2009,3,30,7,00000KT,10,10
2009-03-30 08:00:00.000,2009,3,30,8,00000KT,10,10
2009-03-30 09:00:00.000,2009,3,30,9,00000KT,10,10
2009-03-30 10:00:00.000,2009,3,30,10,00000KT,10,10
2009-03-30 11:00:00.000,2009,3,30,11,00000KT,09,09
2009-03-30 12:00:00.000,2009,3,30,12,06005KT,11,11
2009-03-30 13:00:00.000,2009,3,30,13,08007KT,14,12
2009-03-30 14:00:00.000,2009,3,30,14,03006KT,16,10
2009-03-30 15:00:00.000,2009,3,30,15,04008KT,18,10
2009-03-30 16:00:00.000,2009,3,30,16,04010KT,19,12
2009-03-30 17:00:00.000,2009,3,30,17,29005KT,20,11
2009-03-30 18:00:00.000,2009,3,30,18,31012KT,19,13
2009-03-30 19:00:00.000,2009,3,30,19,25009KT,15,13
2009-03-30 21:00:00.000,2009,3,30,21,31004KT,15,13
2009-03-30 22:00:00.000,2009,3,30,22,VRB02KT,15,12
2009-03-30 23:00:00.000,2009,3,30,23,15004KT,14,12
2009-03-31 00:00:00.000,2009,3,31,0,27005KT,14,10
2009-03-31 01:00:00.000,2009,3,31,1,05003KT,12,11
2009-03-31 02:00:00.000,2009,3,31,2,VRB02KT,12,11
2009-03-31 03:00:00.000,2009,3,31,3,28004KT,11,10
2009-03-31 04:00:00.000,2009,3,31,4,VRB02KT,11,10
2009-03-31 05:00:00.000,2009,3,31,5,VRB02KT,11,10
2009-03-31 06:00:00.000,2009,3,31,6,VRB02KT,11,10
2009-03-31 07:00:00.000,2009,3,31,7,VRB02KT,11,10
2009-03-31 08:00:00.000,2009,3,31,8,34005KT,10,09
2009-03-31 09:00:00.000,2009,3,31,9,01003KT,10,09
2009-03-31 10:00:00.000,2009,3,31,10,20003KT,10,09
2009-03-31 11:00:00.000,2009,3,31,11,33003KT,09,09
2009-03-31 12:00:00.000,2009,3,31,12,00000KT,11,11
2009-03-31 13:00:00.000,2009,3,31,13,05004KT,13,12
2009-03-31 14:00:00.000,2009,3,31,14,35005KT,14,12
2009-03-31 15:00:00.000,2009,3,31,15,VRB02KT,17,11
2009-03-31 16:00:00.000,2009,3,31,16,VRB02KT,18,12
2009-03-31 17:00:00.000,2009,3,31,17,31015KT,18,10
2009-03-31 18:00:00.000,2009,3,31,18,27012KT,14,14
2009-03-31 19:00:00.000,2009,3,31,19,28010KT,18,11
2009-03-31 20:00:00.000,2009,3,31,20,29016KT,17,11
2009-03-31 21:00:00.000,2009,3,31,21,34008KT,13,12
2009-03-31 23:00:00.000,2009,3,31,23,05008KT,13,11
2009-04-01 00:00:00.000,2009,4,1,0,03004KT,12,11
2009-04-01 01:00:00.000,2009,4,1,1,VRB02KT,12,11
2009-04-01 02:00:00.000,2009,4,1,2,02003KT,11,10
2009-04-01 03:00:00.000,2009,4,1,3,00000KT,11,10
2009-04-01 04:00:00.000,2009,4,1,4,VRB02KT,11,10
2009-04-01 05:00:00.000,2009,4,1,5,VRB02KT,10,10
2009-04-01 06:00:00.000,2009,4,1,6,00000KT,10,09
2009-04-01 08:00:00.000,2009,4,1,8,26003KT,10,09
2009-04-01 10:00:00.000,2009,4,1,10,VRB02KT,09,08
2009-04-01 11:00:00.000,2009,4,1,11,VRB02KT,09,08
2009-04-01 12:00:00.000,2009,4,1,12,02005KT,09,09
2009-04-01 13:00:00.000,2009,4,1,13,03005KT,11,10
2009-04-01 14:00:00.000,2009,4,1,14,VRB02KT,14,10
2009-04-01 15:00:00.000,2009,4,1,15,VRB02KT,17,10
2009-04-01 16:00:00.000,2009,4,1,16,06004KT,17,09
2009-04-01 17:00:00.000,2009,4,1,17,30014KT,17,11
2009-04-01 18:00:00.000,2009,4,1,18,30011KT,17,11
2009-04-01 19:00:00.000,2009,4,1,19,27010KT,17,12
2009-04-01 20:00:00.000,2009,4,1,20,27008KT,17,11
2009-04-01 21:00:00.000,2009,4,1,21,28008KT,17,11
2009-04-01 22:00:00.000,2009,4,1,22,28011KT,14,12
2009-04-01 23:00:00.000,2009,4,1,23,26007KT,14,12
2009-04-02 00:00:00.000,2009,4,2,0,00000KT,13,12
2009-04-02 03:00:00.000,2009,4,2,3,24003KT,12,12
2009-04-02 04:00:00.000,2009,4,2,4,31005KT,12,12
2009-04-02 05:00:00.000,2009,4,2,5,30003KT,12,11
2009-04-02 06:00:00.000,2009,4,2,6,33003KT,12,11
2009-04-02 07:00:00.000,2009,4,2,7,32006KT,11,11
2009-04-02 08:00:00.000,2009,4,2,8,34004KT,11,10
2009-04-02 09:00:00.000,2009,4,2,9,32004KT,11,10
2009-04-02 10:00:00.000,2009,4,2,10,30004KT,10,10
2009-04-02 11:00:00.000,2009,4,2,11,27006KT,10,10
2009-04-02 12:00:00.000,2009,4,2,12,VRB02KT,11,10
2009-04-02 13:00:00.000,2009,4,2,13,25004KT,11,11
2009-04-02 14:00:00.000,2009,4,2,14,29004KT,13,12
2009-04-02 15:00:00.000,2009,4,2,15,25005KT,15,12
2009-04-02 16:00:00.000,2009,4,2,16,23010KT,14,10
2009-04-02 17:00:00.000,2009,4,2,17,26010KT,15,10
2009-04-02 18:00:00.000,2009,4,2,18,29008KT,16,10
2009-04-02 19:00:00.000,2009,4,2,19,27004KT,17,10
2009-04-02 20:00:00.000,2009,4,2,20,03004KT,17,11
2009-04-02 21:00:00.000,2009,4,2,21,33009KT,15,12
2009-04-02 22:00:00.000,2009,4,2,22,32004KT,15,12
2009-04-02 23:00:00.000,2009,4,2,23,32007KT,13,11
2009-04-03 01:00:00.000,2009,4,3,1,00000KT,11,10
2009-04-03 03:00:00.000,2009,4,3,3,32040KT,10,09
2009-04-03 04:00:00.000,2009,4,3,4,00000KT,09,09
2009-04-03 08:00:00.000,2009,4,3,8,VRB02KT,09,09
2009-04-03 11:00:00.000,2009,4,3,11,33003KT,08,08
2009-04-03 12:00:00.000,2009,4,3,12,VRB02KT,09,09
2009-04-03 13:00:00.000,2009,4,3,13,VRB02KT,13,12
2009-04-03 14:00:00.000,2009,4,3,14,VRB02KT,14,11
2009-04-03 15:00:00.000,2009,4,3,15,VRB02KT,16,11
2009-04-03 16:00:00.000,2009,4,3,16,30006KT,17,12
2009-04-03 17:00:00.000,2009,4,3,17,29012KT,17,12
2009-04-03 18:00:00.000,2009,4,3,18,29012KT,17,12
2009-04-03 19:00:00.000,2009,4,3,19,26014KT,16,11
2009-04-03 20:00:00.000,2009,4,3,20,27012KT,16,11
2009-04-03 21:00:00.000,2009,4,3,21,35010KT,15,12
2009-04-03 22:00:00.000,2009,4,3,22,32006KT,15,12
2009-04-03 23:00:00.000,2009,4,3,23,28006KT,14,13
2009-04-04 00:00:00.000,2009,4,4,0,32005KT,14,13
2009-04-04 01:00:00.000,2009,4,4,1,32003KT,13,12
2009-04-04 02:00:00.000,2009,4,4,2,VRB02KT,13,11
2009-04-04 03:00:00.000,2009,4,4,3,VRB02KT,12,11
2009-04-04 04:00:00.000,2009,4,4,4,32006KT,12,11
2009-04-04 06:00:00.000,2009,4,4,6,31005KT,11,11
2009-04-04 07:00:00.000,2009,4,4,7,VRB02KT,11,10
2009-04-04 08:00:00.000,2009,4,4,8,VRB02KT,11,10
2009-04-04 09:00:00.000,2009,4,4,9,VRB02KT,11,10
2009-04-04 10:00:00.000,2009,4,4,10,VRB02KT,10,10
2009-04-04 11:00:00.000,2009,4,4,11,32004KT,10,09
2009-04-04 12:00:00.000,2009,4,4,12,31004KT,12,11
2009-04-04 13:00:00.000,2009,4,4,13,32003KT,13,11
2009-04-04 14:00:00.000,2009,4,4,14,31006KT,14,11
2009-04-04 15:00:00.000,2009,4,4,15,24004KT,15,11
2009-04-04 16:00:00.000,2009,4,4,16,31005KT,16,10
2009-04-04 17:00:00.000,2009,4,4,17,29005KT,18,11
2009-04-04 18:00:00.000,2009,4,4,18,26010KT,19,12
2009-04-04 19:00:00.000,2009,4,4,19,31010KT,19,12
2009-04-04 20:00:00.000,2009,4,4,20,29016KT,19,12
2009-04-04 21:00:00.000,2009,4,4,21,28014KT,17,12
2009-04-04 22:00:00.000,2009,4,4,22,29014KT,16,12
2009-04-04 23:00:00.000,2009,4,4,23,28008KT,15,12
2009-04-05 00:00:00.000,2009,4,5,0,23005KT,14,13
2009-04-05 01:00:00.000,2009,4,5,1,30005KT,13,13
2009-04-05 02:00:00.000,2009,4,5,2,28006KT,13,12
2009-04-05 03:00:00.000,2009,4,5,3,29005KT,12,12
2009-04-05 04:00:00.000,2009,4,5,4,30007KT,11,11
2009-04-05 05:00:00.000,2009,4,5,5,30004KT,11,11
2009-04-05 06:00:00.000,2009,4,5,6,33003KT,11,11
2009-04-05 07:00:00.000,2009,4,5,7,31004KT,11,11
2009-04-05 08:00:00.000,2009,4,5,8,VRB02KT,10,10
2009-04-05 09:00:00.000,2009,4,5,9,VRB02KT,10,10
2009-04-05 10:00:00.000,2009,4,5,10,00000KT,09,09
2009-04-05 11:00:00.000,2009,4,5,11,02003KT,09,09
2009-04-05 12:00:00.000,2009,4,5,12,VRB02KT,10,09
2009-04-05 13:00:00.000,2009,4,5,13,VRB02KT,14,11
2009-04-05 14:00:00.000,2009,4,5,14,VRB02KT,16,09
2009-04-05 15:00:00.000,2009,4,5,15,12005KT,18,06
2009-04-05 16:00:00.000,2009,4,5,16,15005KT,19,07
2009-04-05 17:00:00.000,2009,4,5,17,16005KT,20,06
2009-04-05 18:00:00.000,2009,4,5,18,21005KT,20,08
2009-04-05 19:00:00.000,2009,4,5,19,23010KT,20,11
2009-04-05 20:00:00.000,2009,4,5,20,25009KT,20,12
2009-04-05 21:00:00.000,2009,4,5,21,28011KT,20,12
2009-04-05 22:00:00.000,2009,4,5,22,25011KT,17,12
2009-04-05 23:00:00.000,2009,4,5,23,28007KT,16,13
2009-04-06 00:00:00.000,2009,4,6,0,28005KT,15,13
2009-04-06 01:00:00.000,2009,4,6,1,28004KT,15,13
2009-04-06 02:00:00.000,2009,4,6,2,32004KT,15,13
2009-04-06 03:00:00.000,2009,4,6,3,30003KT,14,12
2009-04-06 04:00:00.000,2009,4,6,4,VRB02KT,13,12
2009-04-06 05:00:00.000,2009,4,6,5,34003KT,12,11
2009-04-06 06:00:00.000,2009,4,6,6,VRB02KT,11,10
2009-04-06 07:00:00.000,2009,4,6,7,VRB02KT,11,10
2009-04-06 08:00:00.000,2009,4,6,8,VRB02KT,10,10
2009-04-06 09:00:00.000,2009,4,6,9,05003KT,10,09
2009-04-06 10:00:00.000,2009,4,6,10,04003KT,10,09
2009-04-06 11:00:00.000,2009,4,6,11,VRB02KT,10,09
2009-04-06 12:00:00.000,2009,4,6,12,06005KT,11,10
2009-04-06 13:00:00.000,2009,4,6,13,06004KT,13,11
2009-04-06 14:00:00.000,2009,4,6,14,07006KT,15,10
2009-04-06 15:00:00.000,2009,4,6,15,08008KT,17,09
2009-04-06 16:00:00.000,2009,4,6,16,16004KT,18,07
2009-04-06 17:00:00.000,2009,4,6,17,13007KT,19,07
2009-04-06 18:00:00.000,2009,4,6,18,17008KT,19,07
2009-04-06 19:00:00.000,2009,4,6,19,24010KT,18,11
2009-04-06 20:00:00.000,2009,4,6,20,26010KT,19,11
2009-04-06 21:00:00.000,2009,4,6,21,29010KT,18,11
2009-04-06 22:00:00.000,2009,4,6,22,28009KT,17,11
2009-04-06 23:00:00.000,2009,4,6,23,24006KT,15,11
2009-04-07 00:00:00.000,2009,4,7,0,VRB02KT,14,12
2009-04-07 01:00:00.000,2009,4,7,1,VRB02KT,14,12
2009-04-07 02:00:00.000,2009,4,7,2,VRB02KT,13,11
2009-04-07 03:00:00.000,2009,4,7,3,00000KT,13,11
2009-04-07 07:00:00.000,2009,4,7,7,04004KT,11,10
2009-04-07 08:00:00.000,2009,4,7,8,05003KT,10,09
2009-04-07 09:00:00.000,2009,4,7,9,04005KT,10,09
2009-04-07 10:00:00.000,2009,4,7,10,VRB02KT,09,08
2009-04-07 11:00:00.000,2009,4,7,11,00000KT,08,08
2009-04-07 12:00:00.000,2009,4,7,12,03003KT,10,09
2009-04-07 13:00:00.000,2009,4,7,13,33003KT,12,10
2009-04-07 14:00:00.000,2009,4,7,14,07003KT,15,10
2009-04-07 15:00:00.000,2009,4,7,15,06004KT,17,10
2009-04-07 16:00:00.000,2009,4,7,16,29004KT,19,09
2009-04-07 17:00:00.000,2009,4,7,17,32004KT,20,11
2009-04-07 18:00:00.000,2009,4,7,18,25010KT,17,11
2009-04-07 19:00:00.000,2009,4,7,19,27010KT,17,11
2009-04-07 20:00:00.000,2009,4,7,20,27010KT,18,11
2009-04-07 21:00:00.000,2009,4,7,21,29014KT,17,11
2009-04-07 22:00:00.000,2009,4,7,22,28010KT,16,12
2009-04-07 23:00:00.000,2009,4,7,23,35008KT,15,12
2009-04-08 00:00:00.000,2009,4,8,0,31004KT,13,13
2009-04-08 01:00:00.000,2009,4,8,1,33008KT,13,12
2009-04-08 02:00:00.000,2009,4,8,2,33005KT,13,11
2009-04-08 03:00:00.000,2009,4,8,3,33006KT,13,10
2009-04-08 06:00:00.000,2009,4,8,6,VRB02KT,12,12
2009-04-08 07:00:00.000,2009,4,8,7,35003KT,12,11
2009-04-08 08:00:00.000,2009,4,8,8,33003KT,11,10
2009-04-08 10:00:00.000,2009,4,8,10,12004KT,12,11
2009-04-08 12:00:00.000,2009,4,8,12,33005KT,11,10
2009-04-08 13:00:00.000,2009,4,8,13,31003KT,12,11
2009-04-08 14:00:00.000,2009,4,8,14,32003KT,13,12
2009-04-08 15:00:00.000,2009,4,8,15,26004KT,13,12
2009-04-08 16:00:00.000,2009,4,8,16,34003KT,15,11
2009-04-08 17:00:00.000,2009,4,8,17,VRB02KT,14,12
2009-04-08 18:00:00.000,2009,4,8,18,30004KT,14,13
2009-04-08 19:00:00.000,2009,4,8,19,25004KT,12,12
2009-04-08 20:00:00.000,2009,4,8,20,23006KT,13,12
2009-04-08 21:00:00.000,2009,4,8,21,31004KT,13,12
2009-04-08 22:00:00.000,2009,4,8,22,28004KT,13,12
2009-04-08 23:00:00.000,2009,4,8,23,30004KT,13,12
2009-04-09 00:00:00.000,2009,4,9,0,31003KT,12,11
2009-04-09 01:00:00.000,2009,4,9,1,00000KT,12,11
2009-04-09 02:00:00.000,2009,4,9,2,33003KT,12,11
2009-04-09 03:00:00.000,2009,4,9,3,31003KT,12,11
2009-04-09 04:00:00.000,2009,4,9,4,VRB02KT,11,10
2009-04-09 05:00:00.000,2009,4,9,5,VRB02KT,11,10
2009-04-09 10:00:00.000,2009,4,9,10,32003KT,11,10
2009-04-09 12:00:00.000,2009,4,9,12,03004KT,12,11
2009-04-09 13:00:00.000,2009,4,9,13,04005KT,14,12
2009-04-09 14:00:00.000,2009,4,9,14,07005KT,16,10
2009-04-09 15:00:00.000,2009,4,9,15,06008KT,16,10
2009-04-09 16:00:00.000,2009,4,9,16,06007KT,17,10
2009-04-09 17:00:00.000,2009,4,9,17,06008KT,16,09
2009-04-09 18:00:00.000,2009,4,9,18,07007KT,16,09
2009-04-09 19:00:00.000,2009,4,9,19,10012KT,16,08
2009-04-09 20:00:00.000,2009,4,9,20,06012KT,18,08
2009-04-09 21:00:00.000,2009,4,9,21,03008KT,17,10
2009-04-09 22:00:00.000,2009,4,9,22,06003KT,17,09
2009-04-09 23:00:00.000,2009,4,9,23,07007KT,16,09
2009-04-10 00:00:00.000,2009,4,10,0,11006KT,15,09
2009-04-10 01:00:00.000,2009,4,10,1,11006KT,15,08
2009-04-10 02:00:00.000,2009,4,10,2,13008KT,15,08
2009-04-10 03:00:00.000,2009,4,10,3,05004KT,14,09
2009-04-10 04:00:00.000,2009,4,10,4,06006KT,13,10
2009-04-10 05:00:00.000,2009,4,10,5,05005KT,13,10
2009-04-10 06:00:00.000,2009,4,10,6,05006KT,13,10
2009-04-10 07:00:00.000,2009,4,10,7,05004KT,12,11
2009-04-10 08:00:00.000,2009,4,10,8,05005KT,11,10
2009-04-10 09:00:00.000,2009,4,10,9,06005KT,11,10
2009-04-10 10:00:00.000,2009,4,10,10,04006KT,11,10
2009-04-10 11:00:00.000,2009,4,10,11,05004KT,12,11
2009-04-10 12:00:00.000,2009,4,10,12,VRB02KT,12,11
2009-04-10 13:00:00.000,2009,4,10,13,05004KT,13,11
2009-04-10 14:00:00.000,2009,4,10,14,08008KT,14,11
2009-04-10 15:00:00.000,2009,4,10,15,06006KT,15,11
2009-04-10 16:00:00.000,2009,4,10,16,04008KT,13,11
2009-04-10 17:00:00.000,2009,4,10,17,05010KT,13,11
2009-04-10 18:00:00.000,2009,4,10,18,04009KT,15,11
2009-04-10 19:00:00.000,2009,4,10,19,06010KT,17,11
2009-04-10 20:00:00.000,2009,4,10,20,10010KT,17,09
2009-04-10 21:00:00.000,2009,4,10,21,08008KT,17,08
2009-04-10 22:00:00.000,2009,4,10,22,06008KT,16,10
2009-04-10 23:00:00.000,2009,4,10,23,12007KT,15,10
2009-04-11 00:00:00.000,2009,4,11,0,07006KT,14,09
2009-04-11 01:00:00.000,2009,4,11,1,05005KT,13,09
2009-04-11 02:00:00.000,2009,4,11,2,06005KT,12,09
2009-04-11 03:00:00.000,2009,4,11,3,36003KT,11,10
2009-04-11 04:00:00.000,2009,4,11,4,36004KT,11,10
2009-04-11 06:00:00.000,2009,4,11,6,05004KT,11,11
2009-04-11 07:00:00.000,2009,4,11,7,04005KT,11,11
2009-04-11 08:00:00.000,2009,4,11,8,06005KT,11,11
2009-04-11 09:00:00.000,2009,4,11,9,05005KT,11,11
2009-04-11 10:00:00.000,2009,4,11,10,05005KT,12,11
2009-04-11 11:00:00.000,2009,4,11,11,06004KT,11,11
2009-04-11 12:00:00.000,2009,4,11,12,05008KT,11,11
2009-04-11 13:00:00.000,2009,4,11,13,06008KT,13,06
2009-04-11 14:00:00.000,2009,4,11,14,09005KT,14,06
2009-04-11 15:00:00.000,2009,4,11,15,05009KT,16,10
2009-04-11 16:00:00.000,2009,4,11,16,06004KT,16,09
2009-04-11 17:00:00.000,2009,4,11,17,06012KT,17,11
2009-04-11 18:00:00.000,2009,4,11,18,06006KT,18,09
2009-04-11 19:00:00.000,2009,4,11,19,05007KT,18,09
2009-04-11 20:00:00.000,2009,4,11,20,07008KT,18,09
2009-04-11 21:00:00.000,2009,4,11,21,01004KT,18,09
2009-04-11 22:00:00.000,2009,4,11,22,25006KT,14,12
2009-04-11 23:00:00.000,2009,4,11,23,26005KT,14,12
2009-04-12 00:00:00.000,2009,4,12,0,VRB02KT,13,13
2009-04-12 01:00:00.000,2009,4,12,1,VRB02KT,13,12
2009-04-12 02:00:00.000,2009,4,12,2,27004KT,13,11
2009-04-12 03:00:00.000,2009,4,12,3,25004KT,12,12
2009-04-12 04:00:00.000,2009,4,12,4,00000KT,12,12
2009-04-12 05:00:00.000,2009,4,12,5,36007KT,12,12
2009-04-12 06:00:00.000,2009,4,12,6,VRB02KT,11,11
2009-04-12 07:00:00.000,2009,4,12,7,34004KT,11,11
2009-04-12 08:00:00.000,2009,4,12,8,00000KT,11,11
2009-04-12 09:00:00.000,2009,4,12,9,00000KT,11,11
2009-04-12 10:00:00.000,2009,4,12,10,00000KT,11,10
2009-04-12 11:00:00.000,2009,4,12,11,00000KT,10,10
2009-04-12 12:00:00.000,2009,4,12,12,VRB02KT,11,11
2009-04-12 13:00:00.000,2009,4,12,13,06003KT,13,11
2009-04-12 14:00:00.000,2009,4,12,14,03004KT,14,10
2009-04-12 15:00:00.000,2009,4,12,15,18003KT,16,10
2009-04-12 16:00:00.000,2009,4,12,16,24004KT,17,10
2009-04-12 17:00:00.000,2009,4,12,17,13005KT,18,09
2009-04-12 18:00:00.000,2009,4,12,18,25007KT,18,12
2009-04-12 19:00:00.000,2009,4,12,19,21015KT,16,13
2009-04-12 20:00:00.000,2009,4,12,20,30010KT,13,13
2009-04-12 21:00:00.000,2009,4,12,21,29009KT,13,12
2009-04-12 22:00:00.000,2009,4,12,22,VRB02KT,12,12
2009-04-12 23:00:00.000,2009,4,12,23,20004KT,12,12
2009-04-13 00:00:00.000,2009,4,13,0,VRB02KT,12,12
2009-04-13 01:00:00.000,2009,4,13,1,VRB02KT,12,12
2009-04-13 02:00:00.000,2009,4,13,2,VRB02KT,12,11
2009-04-13 03:00:00.000,2009,4,13,3,VRB02KT,12,12
2009-04-13 04:00:00.000,2009,4,13,4,VRB02KT,12,12
2009-04-13 05:00:00.000,2009,4,13,5,VRB02KT,11,11
2009-04-13 06:00:00.000,2009,4,13,6,VRB02KT,11,11
2009-04-13 07:00:00.000,2009,4,13,7,VRB02KT,11,11
2009-04-13 08:00:00.000,2009,4,13,8,00000KT,11,10
2009-04-13 09:00:00.000,2009,4,13,9,03004KT,10,09
2009-04-13 10:00:00.000,2009,4,13,10,00000KT,10,10
2009-04-13 11:00:00.000,2009,4,13,11,VRB02KT,10,09
2009-04-13 12:00:00.000,2009,4,13,12,01004KT,10,10
2009-04-13 13:00:00.000,2009,4,13,13,05006KT,13,11
2009-04-13 14:00:00.000,2009,4,13,14,09006KT,15,11
2009-04-13 15:00:00.000,2009,4,13,15,06006KT,16,10
2009-04-13 16:00:00.000,2009,4,13,16,04004KT,16,09
2009-04-13 17:00:00.000,2009,4,13,17,24008KT,18,10
2009-04-13 18:00:00.000,2009,4,13,18,06010KT,16,10
2009-04-13 20:00:00.000,2009,4,13,20,33010KT,16,12
2009-04-13 21:00:00.000,2009,4,13,21,30008KT,15,12
2009-04-13 22:00:00.000,2009,4,13,22,23007KT,17,12
2009-04-13 23:00:00.000,2009,4,13,23,25006KT,15,13
2009-04-14 00:00:00.000,2009,4,14,0,31003KT,14,13
2009-04-14 01:00:00.000,2009,4,14,1,03003KT,13,12
2009-04-14 02:00:00.000,2009,4,14,2,01004KT,13,12
2009-04-14 03:00:00.000,2009,4,14,3,VRB02KT,12,11
2009-04-14 04:00:00.000,2009,4,14,4,VRB02KT,12,11
2009-04-14 05:00:00.000,2009,4,14,5,34004KT,12,11
2009-04-14 06:00:00.000,2009,4,14,6,35003KT,12,11
2009-04-14 07:00:00.000,2009,4,14,7,31003KT,12,11
2009-04-14 08:00:00.000,2009,4,14,8,VRB02KT,11,11
2009-04-14 09:00:00.000,2009,4,14,9,30003KT,11,10
2009-04-14 10:00:00.000,2009,4,14,10,VRB02KT,11,10
2009-04-14 11:00:00.000,2009,4,14,11,VRB02KT,11,10
2009-04-14 12:00:00.000,2009,4,14,12,11003KT,12,11
2009-04-14 13:00:00.000,2009,4,14,13,07004KT,13,11
2009-04-14 14:00:00.000,2009,4,14,14,03005KT,15,12
2009-04-14 16:00:00.000,2009,4,14,16,08004KT,16,11
2009-04-14 17:00:00.000,2009,4,14,17,27004KT,18,10
2009-04-14 18:00:00.000,2009,4,14,18,21006KT,15,12
2009-04-14 19:00:00.000,2009,4,14,19,25006KT,18,12
2009-04-14 20:00:00.000,2009,4,14,20,29010KT,16,12
2009-04-14 21:00:00.000,2009,4,14,21,27012KT,16,12
2009-04-14 22:00:00.000,2009,4,14,22,24009KT,15,12
2009-04-14 23:00:00.000,2009,4,14,23,26004KT,14,13
2009-04-15 00:00:00.000,2009,4,15,0,VRB02KT,14,13
2009-04-15 01:00:00.000,2009,4,15,1,00000KT,14,13
2009-04-15 02:00:00.000,2009,4,15,2,VRB02KT,13,12
2009-04-15 03:00:00.000,2009,4,15,3,VRB02KT,12,12
2009-04-15 04:00:00.000,2009,4,15,4,27004KT,11,11
2009-04-15 05:00:00.000,2009,4,15,5,00000KT,12,11
2009-04-15 06:00:00.000,2009,4,15,6,01004KT,11,11
2009-04-15 07:00:00.000,2009,4,15,7,00000KT,11,11
2009-04-15 09:00:00.000,2009,4,15,9,00000KT,09,09
2009-04-15 11:00:00.000,2009,4,15,11,VRB02KT,10,10
2009-04-15 12:00:00.000,2009,4,15,12,VRB02KT,11,10
2009-04-15 13:00:00.000,2009,4,15,13,06003KT,14,12
2009-04-15 14:00:00.000,2009,4,15,14,06008KT,15,11
2009-04-15 15:00:00.000,2009,4,15,15,15007KT,16,09
2009-04-15 16:00:00.000,2009,4,15,16,15010KT,17,09
2009-04-15 17:00:00.000,2009,4,15,17,09010KT,18,09
2009-04-15 18:00:00.000,2009,4,15,18,07006KT,19,09
2009-04-15 19:00:00.000,2009,4,15,19,24008KT,19,09
2009-04-15 20:00:00.000,2009,4,15,20,23012KT,16,12
2009-04-15 21:00:00.000,2009,4,15,21,23008KT,14,13
2009-04-15 22:00:00.000,2009,4,15,22,28010KT,14,13
2009-04-15 23:00:00.000,2009,4,15,23,29005KT,13,12
2009-04-16 00:00:00.000,2009,4,16,0,23003KT,13,12
2009-04-16 01:00:00.000,2009,4,16,1,31004KT,12,12
2009-04-16 02:00:00.000,2009,4,16,2,31005KT,12,11
2009-04-16 03:00:00.000,2009,4,16,3,01004KT,12,11
2009-04-16 04:00:00.000,2009,4,16,4,00000KT,11,11
2009-04-16 05:00:00.000,2009,4,16,5,VRB02KT,12,11
2009-04-16 06:00:00.000,2009,4,16,6,VRB02KT,11,11
2009-04-16 08:00:00.000,2009,4,16,8,VRB02KT,10,10
2009-04-16 09:00:00.000,2009,4,16,9,10003KT,10,10
2009-04-16 10:00:00.000,2009,4,16,10,33004KT,08,08
2009-04-16 11:00:00.000,2009,4,16,11,05003KT,10,10
2009-04-16 12:00:00.000,2009,4,16,12,05004KT,11,10
2009-04-16 13:00:00.000,2009,4,16,13,03003KT,14,09
2009-04-16 14:00:00.000,2009,4,16,14,04003KT,16,11
2009-04-16 15:00:00.000,2009,4,16,15,22003KT,17,10
2009-04-16 16:00:00.000,2009,4,16,16,13003KT,18,09
2009-04-16 17:00:00.000,2009,4,16,17,14004KT,18,09
2009-04-16 18:00:00.000,2009,4,16,18,30008KT,18,13
2009-04-16 19:00:00.000,2009,4,16,19,30008KT,16,12
2009-04-16 20:00:00.000,2009,4,16,20,27008KT,18,11
2009-04-16 21:00:00.000,2009,4,16,21,30006KT,18,11
2009-04-16 22:00:00.000,2009,4,16,22,04003KT,16,11
2009-04-16 23:00:00.000,2009,4,16,23,24006KT,14,12
2009-04-17 00:00:00.000,2009,4,17,0,VRB02KT,,
2009-04-17 01:00:00.000,2009,4,17,1,03003KT,12,11
2009-04-17 02:00:00.000,2009,4,17,2,31004KT,13,12
2009-04-17 03:00:00.000,2009,4,17,3,04003KT,12,11
2009-04-17 04:00:00.000,2009,4,17,4,VRB02KT,12,11
2009-04-17 06:00:00.000,2009,4,17,6,00000KT,11,11
2009-04-17 07:00:00.000,2009,4,17,7,VRB02KT,12,11
2009-04-17 08:00:00.000,2009,4,17,8,00000KT,11,11
2009-04-17 09:00:00.000,2009,4,17,9,03003KT,10,10
2009-04-17 10:00:00.000,2009,4,17,10,06004KT,10,09
2009-04-17 11:00:00.000,2009,4,17,11,05003KT,10,10
2009-04-17 12:00:00.000,2009,4,17,12,VRB02KT,12,08
2009-04-17 13:00:00.000,2009,4,17,13,04009KT,13,10
2009-04-17 14:00:00.000,2009,4,17,14,07008KT,15,11
2009-04-17 15:00:00.000,2009,4,17,15,14009KT,16,10
2009-04-17 16:00:00.000,2009,4,17,16,17008KT,17,09
2009-04-17 17:00:00.000,2009,4,17,17,16010KT,18,10
2009-04-17 18:00:00.000,2009,4,17,18,13008KT,18,09
2009-04-17 19:00:00.000,2009,4,17,19,03005KT,18,10
2009-04-17 20:00:00.000,2009,4,17,20,03007KT,19,10
2009-04-17 21:00:00.000,2009,4,17,21,27009KT,16,12
2009-04-17 22:00:00.000,2009,4,17,22,29004KT,16,12
2009-04-17 23:00:00.000,2009,4,17,23,28006KT,15,12
2009-04-18 00:00:00.000,2009,4,18,0,VRB02KT,13,12
2009-04-18 01:00:00.000,2009,4,18,1,02005KT,12,11
2009-04-18 02:00:00.000,2009,4,18,2,VRB02KT,13,12
2009-04-18 03:00:00.000,2009,4,18,3,03005KT,12,11
2009-04-18 06:00:00.000,2009,4,18,6,00000KT,10,10
2009-04-18 07:00:00.000,2009,4,18,7,VRB02KT,10,09
2009-04-18 08:00:00.000,2009,4,18,8,VRB02KT,10,09
2009-04-18 09:00:00.000,2009,4,18,9,VRB02KT,11,10
2009-04-18 10:00:00.000,2009,4,18,10,VRB02KT,10,09
2009-04-18 11:00:00.000,2009,4,18,11,VRB02KT,10,10
2009-04-18 12:00:00.000,2009,4,18,12,00000KT,11,10
2009-04-18 13:00:00.000,2009,4,18,13,06008KT,12,11
2009-04-18 14:00:00.000,2009,4,18,14,06008KT,14,11
2009-04-18 15:00:00.000,2009,4,18,15,04008KT,16,11
2009-04-18 16:00:00.000,2009,4,18,16,06012KT,17,11
2009-04-18 17:00:00.000,2009,4,18,17,07012KT,18,10
2009-04-18 18:00:00.000,2009,4,18,18,12010KT,18,10
2009-04-18 19:00:00.000,2009,4,18,19,18008KT,18,10
2009-04-18 20:00:00.000,2009,4,18,20,17008KT,18,10
2009-04-18 21:00:00.000,2009,4,18,21,17008KT,17,09
2009-04-18 22:00:00.000,2009,4,18,22,21004KT,18,09
2009-04-18 23:00:00.000,2009,4,18,23,30008KT,15,12
2009-04-19 00:00:00.000,2009,4,19,0,VRB02KT,13,12
2009-04-19 01:00:00.000,2009,4,19,1,00000KT,12,11
2009-04-19 02:00:00.000,2009,4,19,2,05004KT,10,10
2009-04-19 03:00:00.000,2009,4,19,3,VRB02KT,10,10
2009-04-19 04:00:00.000,2009,4,19,4,01004KT,09,09
2009-04-19 05:00:00.000,2009,4,19,5,VRB02KT,09,09
2009-04-19 06:00:00.000,2009,4,19,6,00000KT,09,09
2009-04-19 07:00:00.000,2009,4,19,7,33003KT,09,09
2009-04-19 08:00:00.000,2009,4,19,8,00000KT,08,08
2009-04-19 09:00:00.000,2009,4,19,9,VRB02KT,09,09
2009-04-19 10:00:00.000,2009,4,19,10,00000KT,09,09
2009-04-19 11:00:00.000,2009,4,19,11,06003KT,11,10
2009-04-19 12:00:00.000,2009,4,19,12,06006KT,11,09
2009-04-19 13:00:00.000,2009,4,19,13,08006KT,14,10
2009-04-19 14:00:00.000,2009,4,19,14,08004KT,16,09
2009-04-19 15:00:00.000,2009,4,19,15,15008KT,18,08
2009-04-19 16:00:00.000,2009,4,19,16,15006KT,20,09
2009-04-19 17:00:00.000,2009,4,19,17,15010KT,21,09
2009-04-19 18:00:00.000,2009,4,19,18,16009KT,19,08
2009-04-19 19:00:00.000,2009,4,19,19,12010KT,19,09
2009-04-19 20:00:00.000,2009,4,19,20,17005KT,20,08
2009-04-19 21:00:00.000,2009,4,19,21,32007KT,18,12
2009-04-19 22:00:00.000,2009,4,19,22,29008KT,17,12
2009-04-19 23:00:00.000,2009,4,19,23,29005KT,16,13
2009-04-20 00:00:00.000,2009,4,20,0,VRB02KT,15,12
2009-04-20 01:00:00.000,2009,4,20,1,32003KT,14,11
2009-04-20 02:00:00.000,2009,4,20,2,26004KT,13,11
2009-04-20 03:00:00.000,2009,4,20,3,33004KT,13,11
2009-04-20 04:00:00.000,2009,4,20,4,35003KT,13,11
2009-04-20 05:00:00.000,2009,4,20,5,06004KT,12,11
2009-04-20 06:00:00.000,2009,4,20,6,04003KT,12,11
2009-04-20 07:00:00.000,2009,4,20,7,28003KT,12,11
2009-04-20 08:00:00.000,2009,4,20,8,VRB02KT,12,11
2009-04-20 09:00:00.000,2009,4,20,9,VRB02KT,12,11
2009-04-20 10:00:00.000,2009,4,20,10,VRB02KT,11,10
2009-04-20 11:00:00.000,2009,4,20,11,03003KT,11,10
2009-04-20 12:00:00.000,2009,4,20,12,03004KT,12,11
2009-04-20 13:00:00.000,2009,4,20,13,03004KT,13,11
2009-04-20 14:00:00.000,2009,4,20,14,03004KT,15,11
2009-04-20 15:00:00.000,2009,4,20,15,06005KT,15,12
2009-04-20 16:00:00.000,2009,4,20,16,05007KT,17,13
2009-04-20 17:00:00.000,2009,4,20,17,18012KT,18,10
2009-04-20 18:00:00.000,2009,4,20,18,13012KT,17,11
2009-04-20 19:00:00.000,2009,4,20,19,13008KT,17,11
2009-04-20 20:00:00.000,2009,4,20,20,15010KT,18,10
2009-04-20 21:00:00.000,2009,4,20,21,12010KT,18,10
2009-04-20 22:00:00.000,2009,4,20,22,15010KT,17,10
2009-04-20 23:00:00.000,2009,4,20,23,11008KT,16,11
2009-04-21 00:00:00.000,2009,4,21,0,01005KT,14,13
2009-04-21 01:00:00.000,2009,4,21,1,03005KT,13,12
2009-04-21 02:00:00.000,2009,4,21,2,03005KT,13,11
2009-04-21 03:00:00.000,2009,4,21,3,05005KT,12,11
2009-04-21 04:00:00.000,2009,4,21,4,03004KT,12,11
2009-04-21 05:00:00.000,2009,4,21,5,VRB02KT,13,11
2009-04-21 06:00:00.000,2009,4,21,6,06005KT,12,11
2009-04-21 07:00:00.000,2009,4,21,7,VRB02KT,11,10
2009-04-21 08:00:00.000,2009,4,21,8,02003KT,12,11
2009-04-21 09:00:00.000,2009,4,21,9,03004KT,11,10
2009-04-21 10:00:00.000,2009,4,21,10,05004KT,11,10
2009-04-21 11:00:00.000,2009,4,21,11,05006KT,11,10
2009-04-21 12:00:00.000,2009,4,21,12,05005KT,13,11
2009-04-21 13:00:00.000,2009,4,21,13,04005KT,13,11
2009-04-21 14:00:00.000,2009,4,21,14,05010KT,13,12
2009-04-21 15:00:00.000,2009,4,21,15,08005KT,13,11
2009-04-21 16:00:00.000,2009,4,21,16,15007KT,14,10
2009-04-21 17:00:00.000,2009,4,21,17,17010KT,15,10
2009-04-21 18:00:00.000,2009,4,21,18,16010KT,14,10
2009-04-21 19:00:00.000,2009,4,21,19,16010KT,15,10
2009-04-21 20:00:00.000,2009,4,21,20,14012KT,16,09
2009-04-21 21:00:00.000,2009,4,21,21,12006KT,16,08
2009-04-21 22:00:00.000,2009,4,21,22,11007KT,15,08
2009-04-21 23:00:00.000,2009,4,21,23,11007KT,14,08
2009-04-22 00:00:00.000,2009,4,22,0,08005KT,13,08
2009-04-22 01:00:00.000,2009,4,22,1,04005KT,13,09
2009-04-22 02:00:00.000,2009,4,22,2,06009KT,13,09
2009-04-22 03:00:00.000,2009,4,22,3,09007KT,13,09
2009-04-22 04:00:00.000,2009,4,22,4,06004KT,12,08
2009-04-22 05:00:00.000,2009,4,22,5,06005KT,11,09
2009-04-22 06:00:00.000,2009,4,22,6,06004KT,11,09
2009-04-22 07:00:00.000,2009,4,22,7,03003KT,10,08
2009-04-22 08:00:00.000,2009,4,22,8,06004KT,10,09
2009-04-22 09:00:00.000,2009,4,22,9,06007KT,10,08
2009-04-22 10:00:00.000,2009,4,22,10,03005KT,10,09
2009-04-22 11:00:00.000,2009,4,22,11,08005KT,10,09
2009-04-22 12:00:00.000,2009,4,22,12,03008KT,11,09
2009-04-22 13:00:00.000,2009,4,22,13,05009KT,12,10
2009-04-22 14:00:00.000,2009,4,22,14,08010KT,15,10
2009-04-22 15:00:00.000,2009,4,22,15,12016KT,17,08
2009-04-22 16:00:00.000,2009,4,22,16,12016KT,18,09
2009-04-22 17:00:00.000,2009,4,22,17,14014KT,19,10
2009-04-22 19:00:00.000,2009,4,22,19,09004KT,19,09
2009-04-22 20:00:00.000,2009,4,22,20,11008KT,17,10
2009-04-22 21:00:00.000,2009,4,22,21,17004KT,18,11
2009-04-22 22:00:00.000,2009,4,22,22,10004KT,17,10
2009-04-23 00:00:00.000,2009,4,23,0,03006KT,14,08
2009-04-23 03:00:00.000,2009,4,23,3,36004KT,12,08
2009-04-23 05:00:00.000,2009,4,23,5,24003KT,11,08
2009-04-23 07:00:00.000,2009,4,23,7,VRB02KT,11,09
2009-04-23 08:00:00.000,2009,4,23,8,33004KT,10,09
2009-04-23 09:00:00.000,2009,4,23,9,30004KT,10,09
2009-04-23 11:00:00.000,2009,4,23,11,VRB02KT,12,10
2009-04-23 12:00:00.000,2009,4,23,12,31004KT,12,10
2009-04-23 13:00:00.000,2009,4,23,13,04005KT,14,11
2009-04-23 14:00:00.000,2009,4,23,14,VRB02KT,17,10
2009-04-23 15:00:00.000,2009,4,23,15,07012KT,18,09
2009-04-23 16:00:00.000,2009,4,23,16,11012KT,19,08
2009-04-23 17:00:00.000,2009,4,23,17,08005KT,18,08
2009-04-23 18:00:00.000,2009,4,23,18,36003KT,20,09
2009-04-23 19:00:00.000,2009,4,23,19,04010KT,20,09
2009-04-23 20:00:00.000,2009,4,23,20,07005KT,19,10
2009-04-23 21:00:00.000,2009,4,23,21,04006KT,18,11
2009-04-23 22:00:00.000,2009,4,23,22,25005KT,18,13
2009-04-23 23:00:00.000,2009,4,23,23,26006KT,17,13
2009-04-24 00:00:00.000,2009,4,24,0,VRB02KT,15,13
2009-04-24 01:00:00.000,2009,4,24,1,VRB02KT,14,13
2009-04-24 02:00:00.000,2009,4,24,2,08006KT,15,12
2009-04-24 03:00:00.000,2009,4,24,3,11004KT,14,11
2009-04-24 04:00:00.000,2009,4,24,4,VRB02KT,13,11
2009-04-24 05:00:00.000,2009,4,24,5,VRB02KT,13,10
2009-04-24 06:00:00.000,2009,4,24,6,VRB02KT,12,10
2009-04-24 07:00:00.000,2009,4,24,7,VRB02KT,13,11
2009-04-24 09:00:00.000,2009,4,24,9,03004KT,12,11
2009-04-24 10:00:00.000,2009,4,24,10,03005KT,12,10
2009-04-24 11:00:00.000,2009,4,24,11,06006KT,13,11
2009-04-24 12:00:00.000,2009,4,24,12,04007KT,13,11
2009-04-24 13:00:00.000,2009,4,24,13,06004KT,15,11
2009-04-24 14:00:00.000,2009,4,24,14,06005KT,16,10
2009-04-24 15:00:00.000,2009,4,24,15,12006KT,18,09
2009-04-24 16:00:00.000,2009,4,24,16,31004KT,19,09
2009-04-24 17:00:00.000,2009,4,24,17,19005KT,20,10
2009-04-24 18:00:00.000,2009,4,24,18,14006KT,10,09
2009-04-24 19:00:00.000,2009,4,24,19,07005KT,20,09
2009-04-24 20:00:00.000,2009,4,24,20,21010KT,20,09
2009-04-24 21:00:00.000,2009,4,24,21,08010KT,19,10
2009-04-24 23:00:00.000,2009,4,24,23,10010KT,18,08
2009-04-25 00:00:00.000,2009,4,25,0,30006KT,15,12
2009-04-25 01:00:00.000,2009,4,25,1,00000KT,13,12
2009-04-25 02:00:00.000,2009,4,25,2,31005KT,12,12
2009-04-25 03:00:00.000,2009,4,25,3,VRB02KT,11,11
2009-04-25 04:00:00.000,2009,4,25,4,VRB03KT,11,11
2009-04-25 06:00:00.000,2009,4,25,6,VRB02KT,10,10
2009-04-25 07:00:00.000,2009,4,25,7,VRB02KT,11,10
2009-04-25 09:00:00.000,2009,4,25,9,00000KT,12,11
2009-04-27 16:00:00.000,2009,4,27,16,15010KT,18,09
2009-04-27 17:00:00.000,2009,4,27,17,12010KT,19,10
2009-04-27 18:00:00.000,2009,4,27,18,13010KT,18,10
2009-04-27 19:00:00.000,2009,4,27,19,15004KT,19,09
2009-04-27 20:00:00.000,2009,4,27,20,12010KT,19,09
2009-04-27 21:00:00.000,2009,4,27,21,13006KT,18,11
2009-04-27 22:00:00.000,2009,4,27,22,07010KT,18,11
2009-04-27 23:00:00.000,2009,4,27,23,10005KT,17,10
2009-04-28 00:00:00.000,2009,4,28,0,33004KT,15,11
2009-04-28 01:00:00.000,2009,4,28,1,06004KT,15,11
2009-04-28 02:00:00.000,2009,4,28,2,05003KT,14,11
2009-04-28 03:00:00.000,2009,4,28,3,04007KT,14,11
2009-04-28 04:00:00.000,2009,4,28,4,21004KT,13,11
2009-04-28 06:00:00.000,2009,4,28,6,34004KT,13,11
2009-04-28 07:00:00.000,2009,4,28,7,00000KT,12,11
2009-04-28 08:00:00.000,2009,4,28,8,04008KT,12,11
2009-04-28 09:00:00.000,2009,4,28,9,05008KT,11,11
2009-04-28 10:00:00.000,2009,4,28,10,06005KT,12,11
2009-04-28 11:00:00.000,2009,4,28,11,03005KT,12,11
2009-04-28 13:00:00.000,2009,4,28,13,07007KT,15,10
2009-04-28 14:00:00.000,2009,4,28,14,08005KT,17,11
2009-04-28 15:00:00.000,2009,4,28,15,09010KT,18,10
2009-04-28 16:00:00.000,2009,4,28,16,14010KT,17,11
2009-04-28 17:00:00.000,2009,4,28,17,16010KT,17,11
2009-04-28 18:00:00.000,2009,4,28,18,15007KT,18,12
2009-04-28 19:00:00.000,2009,4,28,19,11007KT,19,11
2009-04-28 20:00:00.000,2009,4,28,20,11009KT,18,10
2009-04-28 21:00:00.000,2009,4,28,21,11008KT,18,10
2009-04-28 22:00:00.000,2009,4,28,22,08007KT,17,11
2009-04-28 23:00:00.000,2009,4,28,23,08007KT,16,11
2009-04-29 00:00:00.000,2009,4,29,0,08005KT,15,10
2009-04-29 01:00:00.000,2009,4,29,1,05005KT,14,10
2009-04-29 02:00:00.000,2009,4,29,2,05006KT,14,10
2009-04-29 04:00:00.000,2009,4,29,4,04006KT,13,11
2009-04-29 05:00:00.000,2009,4,29,5,05006KT,13,11
2009-04-29 06:00:00.000,2009,4,29,6,05006KT,12,10
2009-04-29 07:00:00.000,2009,4,29,7,33004KT,10,09
2009-04-29 08:00:00.000,2009,4,29,8,01003KT,09,08
2009-04-29 09:00:00.000,2009,4,29,9,VRB02KT,10,09
2009-04-29 10:00:00.000,2009,4,29,10,VRB02KT,11,10
2009-04-29 11:00:00.000,2009,4,29,11,VRB02KT,11,10
2009-04-29 12:00:00.000,2009,4,29,12,03005KT,12,11
2009-04-29 13:00:00.000,2009,4,29,13,06007KT,16,11
2009-04-29 14:00:00.000,2009,4,29,14,03006KT,15,11
2009-04-29 15:00:00.000,2009,4,29,15,04008KT,17,12
2009-04-29 16:00:00.000,2009,4,29,16,14005KT,19,13
2009-04-29 17:00:00.000,2009,4,29,17,VRB02KT,19,11
2009-04-29 19:00:00.000,2009,4,29,19,16006KT,21,10
2009-04-29 20:00:00.000,2009,4,29,20,04006KT,20,10
2009-04-29 21:00:00.000,2009,4,29,21,27012KT,18,13
2009-04-29 22:00:00.000,2009,4,29,22,28010KT,18,13
2009-04-29 23:00:00.000,2009,4,29,23,31006KT,15,13
2009-04-30 01:00:00.000,2009,4,30,1,VRB02KT,14,12
2009-04-30 02:00:00.000,2009,4,30,2,VRB02KT,14,12
2009-04-30 03:00:00.000,2009,4,30,3,34003KT,14,12
2009-04-30 04:00:00.000,2009,4,30,4,VRB02KT,13,12
2009-04-30 05:00:00.000,2009,4,30,5,31005KT,13,12
2009-04-30 06:00:00.000,2009,4,30,6,35003KT,13,12
2009-04-30 07:00:00.000,2009,4,30,7,VRB02KT,13,12
2009-04-30 08:00:00.000,2009,4,30,8,03003KT,12,11
2009-04-30 09:00:00.000,2009,4,30,9,03004KT,12,11
2009-04-30 10:00:00.000,2009,4,30,10,04003KT,12,11
2009-04-30 11:00:00.000,2009,4,30,11,04004KT,12,12
2009-04-30 12:00:00.000,2009,4,30,12,VRB02KT,12,11
2009-04-30 13:00:00.000,2009,4,30,13,VRB02KT,13,12
2009-04-30 14:00:00.000,2009,4,30,14,33004KT,14,12
2009-04-30 15:00:00.000,2009,4,30,15,35006KT,14,12
2009-04-30 16:00:00.000,2009,4,30,16,VRB02KT,15,13
2009-04-30 17:00:00.000,2009,4,30,17,VRB02KT,18,12
2009-04-30 18:00:00.000,2009,4,30,18,25010KT,17,13
2009-04-30 19:00:00.000,2009,4,30,19,29006KT,16,12
2009-04-30 20:00:00.000,2009,4,30,20,36006KT,14,13
2009-04-30 21:00:00.000,2009,4,30,21,27007KT,13,12
2009-04-30 22:00:00.000,2009,4,30,22,23007KT,13,11
2009-04-30 23:00:00.000,2009,4,30,23,24003KT,12,11
2009-05-01 00:00:00.000,2009,5,1,0,VRB02KT,13,11
2009-05-01 01:00:00.000,2009,5,1,1,VRB02KT,12,11
2009-05-01 02:00:00.000,2009,5,1,2,VRB02KT,12,10
2009-05-01 03:00:00.000,2009,5,1,3,05004KT,12,10
2009-05-01 04:00:00.000,2009,5,1,4,VRB02KT,12,10
2009-05-01 07:00:00.000,2009,5,1,7,03000KT,12,11
2009-05-01 08:00:00.000,2009,5,1,8,04003KT,11,10
2009-05-01 09:00:00.000,2009,5,1,9,VRB02KT,11,10
2009-05-01 10:00:00.000,2009,5,1,10,VRB02KT,11,10
2009-05-01 11:00:00.000,2009,5,1,11,31004KT,10,10
2009-05-01 12:00:00.000,2009,5,1,12,27004KT,10,10
2009-05-01 13:00:00.000,2009,5,1,13,VRB02KT,14,11
2009-05-01 14:00:00.000,2009,5,1,14,VRB02KT,15,12
2009-05-01 15:00:00.000,2009,5,1,15,VRB02KT,17,11
2009-05-01 16:00:00.000,2009,5,1,16,VRB02KT,18,11
2009-05-01 17:00:00.000,2009,5,1,17,06007KT,27,18
2009-05-01 18:00:00.000,2009,5,1,18,24008KT,15,13
2009-05-01 19:00:00.000,2009,5,1,19,24008KT,17,13
2009-05-01 20:00:00.000,2009,5,1,20,27004KT,19,12
2009-05-01 21:00:00.000,2009,5,1,21,24010KT,18,13
2009-05-01 22:00:00.000,2009,5,1,22,23008KT,16,12
2009-05-01 23:00:00.000,2009,5,1,23,25006KT,15,12
2009-05-02 00:00:00.000,2009,5,2,0,32003KT,14,12
2009-05-02 01:00:00.000,2009,5,2,1,33003KT,14,12
2009-05-02 02:00:00.000,2009,5,2,2,34003KT,13,11
2009-05-02 03:00:00.000,2009,5,2,3,VRB02KT,13,12
2009-05-02 04:00:00.000,2009,5,2,4,VRB02KT,13,11
2009-05-02 05:00:00.000,2009,5,2,5,VRB02KT,13,12
2009-05-02 06:00:00.000,2009,5,2,6,VRB02KT,13,12
2009-05-02 07:00:00.000,2009,5,2,7,03005KT,12,11
2009-05-02 08:00:00.000,2009,5,2,8,VRB02KT,12,11
2009-05-02 09:00:00.000,2009,5,2,9,00000KT,12,11
2009-05-02 10:00:00.000,2009,5,2,10,04004KT,12,11
2009-05-02 11:00:00.000,2009,5,2,11,28003KT,12,11
2009-05-02 12:00:00.000,2009,5,2,12,VRB02KT,12,11
2009-05-02 13:00:00.000,2009,5,2,13,06004KT,14,12
2009-05-02 14:00:00.000,2009,5,2,14,VRB02KT,16,10
2009-05-02 15:00:00.000,2009,5,2,15,VRB02KT,17,10
2009-05-02 16:00:00.000,2009,5,2,16,07008KT,18,10
2009-05-02 17:00:00.000,2009,5,2,17,23007KT,17,13
2009-05-02 18:00:00.000,2009,5,2,18,21004KT,17,12
2009-05-02 19:00:00.000,2009,5,2,19,VRB02KT,18,11
2009-05-02 20:00:00.000,2009,5,2,20,34006KT,18,11
2009-05-02 21:00:00.000,2009,5,2,21,35004KT,16,13
2009-05-02 22:00:00.000,2009,5,2,22,29006KT,15,13
2009-05-02 23:00:00.000,2009,5,2,23,27006KT,15,13
2009-05-03 00:00:00.000,2009,5,3,0,22003KT,14,13
2009-05-03 01:00:00.000,2009,5,3,1,28003KT,14,12
2009-05-03 02:00:00.000,2009,5,3,2,VRB02KT,14,12
2009-05-03 03:00:00.000,2009,5,3,3,33003KT,13,11
2009-05-03 04:00:00.000,2009,5,3,4,35004KT,12,10
2009-05-03 05:00:00.000,2009,5,3,5,VRB02KT,12,10
2009-05-03 06:00:00.000,2009,5,3,6,01003KT,12,10
2009-05-03 07:00:00.000,2009,5,3,7,25003KT,11,10
2009-05-03 08:00:00.000,2009,5,3,8,25004KT,11,10
2009-05-03 09:00:00.000,2009,5,3,9,VRB02KT,11,10
2009-05-03 10:00:00.000,2009,5,3,10,33004KT,11,10
2009-05-03 11:00:00.000,2009,5,3,11,01004KT,11,10
2009-05-03 12:00:00.000,2009,5,3,12,29008KT,12,11
2009-05-03 13:00:00.000,2009,5,3,13,24003KT,13,11
2009-05-03 14:00:00.000,2009,5,3,14,24004KT,16,11
2009-05-03 15:00:00.000,2009,5,3,15,02003KT,17,11
2009-05-03 16:00:00.000,2009,5,3,16,32006KT,17,11
2009-05-03 17:00:00.000,2009,5,3,17,26008KT,16,12
2009-05-03 18:00:00.000,2009,5,3,18,31003KT,16,12
2009-05-03 19:00:00.000,2009,5,3,19,24005KT,17,12
2009-05-03 21:00:00.000,2009,5,3,21,24008KT,18,12
2009-05-03 22:00:00.000,2009,5,3,22,26007KT,16,11
2009-05-03 23:00:00.000,2009,5,3,23,28006KT,15,12
2009-05-04 00:00:00.000,2009,5,4,0,32006KT,14,12
2009-05-04 01:00:00.000,2009,5,4,1,VRB02KT,14,12
2009-05-04 02:00:00.000,2009,5,4,2,06006KT,13,11
2009-05-04 03:00:00.000,2009,5,4,3,VRB02KT,13,10
2009-05-04 04:00:00.000,2009,5,4,4,03006KT,12,11
2009-05-04 05:00:00.000,2009,5,4,5,04004KT,12,11
2009-05-04 06:00:00.000,2009,5,4,6,03005KT,12,11
2009-05-04 07:00:00.000,2009,5,4,7,VRB02KT,12,11
2009-05-04 10:00:00.000,2009,5,4,10,VRB02KT,11,10
2009-05-04 11:00:00.000,2009,5,4,11,00000KT,11,10
2009-05-04 12:00:00.000,2009,5,4,12,VRB02KT,11,11
2009-05-04 13:00:00.000,2009,5,4,13,31004KT,12,12
2009-05-04 14:00:00.000,2009,5,4,14,VRB02KT,14,12
2009-05-04 15:00:00.000,2009,5,4,15,VRB02KT,15,11
2009-05-04 16:00:00.000,2009,5,4,16,VRB02KT,16,11
2009-05-04 17:00:00.000,2009,5,4,17,33008KT,17,10
2009-05-04 18:00:00.000,2009,5,4,18,29010KT,17,11
2009-05-04 19:00:00.000,2009,5,4,19,32008KT,17,12
2009-05-04 20:00:00.000,2009,5,4,20,30012KT,16,12
2009-05-04 21:00:00.000,2009,5,4,21,26010KT,16,13
2009-05-04 22:00:00.000,2009,5,4,22,25008KT,15,11
2009-05-04 23:00:00.000,2009,5,4,23,23005KT,14,11
2009-05-05 00:00:00.000,2009,5,5,0,22004KT,14,11
2009-05-05 01:00:00.000,2009,5,5,1,23004KT,13,11
2009-05-05 02:00:00.000,2009,5,5,2,VRB02KT,13,11
2009-05-05 03:00:00.000,2009,5,5,3,27004KT,13,11
2009-05-05 04:00:00.000,2009,5,5,4,30005KT,13,11
2009-05-05 05:00:00.000,2009,5,5,5,32005KT,12,11
2009-05-05 06:00:00.000,2009,5,5,6,24004KT,12,11
2009-05-05 07:00:00.000,2009,5,5,7,VRB02KT,12,11
2009-05-05 08:00:00.000,2009,5,5,8,VRB02KT,12,11
2009-05-05 09:00:00.000,2009,5,5,9,VRB02KT,12,11
2009-05-05 10:00:00.000,2009,5,5,10,VRB02KT,12,11
2009-05-05 11:00:00.000,2009,5,5,11,VRB02KT,11,10
2009-05-05 12:00:00.000,2009,5,5,12,VRB02KT,12,11
2009-05-05 13:00:00.000,2009,5,5,13,VRB02KT,15,11
2009-05-05 14:00:00.000,2009,5,5,14,VRB02KT,17,10
2009-05-05 15:00:00.000,2009,5,5,15,VRB02KT,18,10
2009-05-05 16:00:00.000,2009,5,5,16,32007KT,18,11
2009-05-05 17:00:00.000,2009,5,5,17,27016KT,19,14
2009-05-05 18:00:00.000,2009,5,5,18,29018KT,19,13
2009-05-05 19:00:00.000,2009,5,5,19,27014KT,17,13
2009-05-05 20:00:00.000,2009,5,5,20,28009KT,17,12
2009-05-05 21:00:00.000,2009,5,5,21,VRB02KT,15,12
2009-05-05 22:00:00.000,2009,5,5,22,11004KT,16,12
2009-05-05 23:00:00.000,2009,5,5,23,06004KT,15,12
2009-05-06 00:00:00.000,2009,5,6,0,02004KT,14,13
2009-05-06 16:00:00.000,2009,5,6,16,27010KT,18,11
2009-05-06 17:00:00.000,2009,5,6,17,26012KT,19,12
2009-05-06 18:00:00.000,2009,5,6,18,30016KT,18,12
2009-05-06 19:00:00.000,2009,5,6,19,27008KT,16,11
2009-05-06 20:00:00.000,2009,5,6,20,04007KT,13,11
2009-05-06 21:00:00.000,2009,5,6,21,04004KT,13,12
2009-05-06 22:00:00.000,2009,5,6,22,05005KT,14,12
2009-05-06 23:00:00.000,2009,5,6,23,04006KT,14,12
2009-05-07 00:00:00.000,2009,5,7,0,02005KT,14,12
2009-05-07 01:00:00.000,2009,5,7,1,01005KT,13,12
2009-05-07 02:00:00.000,2009,5,7,2,02005KT,13,12
2009-05-07 03:00:00.000,2009,5,7,3,VRB02KT,13,12
2009-05-07 04:00:00.000,2009,5,7,4,00000KT,13,12
2009-05-07 05:00:00.000,2009,5,7,5,00000KT,12,11
2009-05-07 06:00:00.000,2009,5,7,6,04003KT,12,12
2009-05-07 07:00:00.000,2009,5,7,7,04004KT,12,11
2009-05-07 09:00:00.000,2009,5,7,9,VRB02KT,12,12
2009-05-07 10:00:00.000,2009,5,7,10,04004KT,12,11
2009-05-07 11:00:00.000,2009,5,7,11,01003KT,12,11
2009-05-07 12:00:00.000,2009,5,7,12,VRB02KT,12,11
2009-05-07 13:00:00.000,2009,5,7,13,04008KT,14,11
2009-05-07 14:00:00.000,2009,5,7,14,04006KT,15,10
2009-05-07 15:00:00.000,2009,5,7,15,VRB02KT,17,10
2009-05-07 16:00:00.000,2009,5,7,16,20006KT,18,11
2009-05-07 17:00:00.000,2009,5,7,17,VRB02KT,18,10
2009-05-07 18:00:00.000,2009,5,7,18,29006KT,18,11
2009-05-07 19:00:00.000,2009,5,7,19,34004KT,18,11
2009-05-07 20:00:00.000,2009,5,7,20,03004KT,15,11
2009-05-07 21:00:00.000,2009,5,7,21,04004KT,15,11
2009-05-07 22:00:00.000,2009,5,7,22,28003KT,15,12
2009-05-07 23:00:00.000,2009,5,7,23,00000KT,14,12
2009-05-08 00:00:00.000,2009,5,8,0,VRB02KT,14,12
2009-05-08 01:00:00.000,2009,5,8,1,23004KT,14,12
2009-05-08 02:00:00.000,2009,5,8,2,VRB02KT,13,11
2009-05-08 03:00:00.000,2009,5,8,3,VRB02KT,12,11
2009-05-08 04:00:00.000,2009,5,8,4,VRB02KT,13,11
2009-05-08 05:00:00.000,2009,5,8,5,10003KT,12,11
2009-05-08 07:00:00.000,2009,5,8,7,04003KT,11,10
2009-05-08 09:00:00.000,2009,5,8,9,29003KT,10,10
2009-05-08 11:00:00.000,2009,5,8,11,05004KT,11,10
2009-05-08 12:00:00.000,2009,5,8,12,VRB02KT,09,09
2009-05-08 13:00:00.000,2009,5,8,13,05010KT,13,11
2009-05-08 14:00:00.000,2009,5,8,14,04006KT,16,11
2009-05-08 15:00:00.000,2009,5,8,15,VRB02KT,16,10
2009-05-08 16:00:00.000,2009,5,8,16,17010KT,18,08
2009-05-08 17:00:00.000,2009,5,8,17,14012KT,18,09
2009-05-08 18:00:00.000,2009,5,8,18,08008KT,19,09
2009-05-08 19:00:00.000,2009,5,8,19,10012KT,18,10
2009-05-08 20:00:00.000,2009,5,8,20,07008KT,18,10
2009-05-08 21:00:00.000,2009,5,8,21,07009KT,18,11
2009-05-08 22:00:00.000,2009,5,8,22,31008KT,17,10
2009-05-08 23:00:00.000,2009,5,8,23,31005KT,15,12
2009-05-09 00:00:00.000,2009,5,9,0,VRB02KT,14,11
2009-05-09 01:00:00.000,2009,5,9,1,31003KT,14,10
2009-05-09 02:00:00.000,2009,5,9,2,05003KT,13,10
2009-05-09 03:00:00.000,2009,5,9,3,07004KT,13,11
2009-05-09 04:00:00.000,2009,5,9,4,06006KT,13,11
2009-05-09 05:00:00.000,2009,5,9,5,03006KT,12,10
2009-05-09 06:00:00.000,2009,5,9,6,06006KT,12,10
2009-05-09 07:00:00.000,2009,5,9,7,06006KT,11,09
2009-05-09 08:00:00.000,2009,5,9,8,06005KT,11,10
2009-05-09 10:00:00.000,2009,5,9,10,06007KT,12,10
2009-05-09 11:00:00.000,2009,5,9,11,06008KT,11,10
2009-05-09 12:00:00.000,2009,5,9,12,06007KT,13,10
2009-05-09 13:00:00.000,2009,5,9,13,06008KT,14,11
2009-05-09 14:00:00.000,2009,5,9,14,04008KT,17,10
2009-05-09 15:00:00.000,2009,5,9,15,11012KT,18,09
2009-05-09 16:00:00.000,2009,5,9,16,11014KT,17,09
2009-05-09 17:00:00.000,2009,5,9,17,11014KT,18,09
2009-05-09 18:00:00.000,2009,5,9,18,12008KT,14,11
2009-05-09 19:00:00.000,2009,5,9,19,13010KT,16,10
2009-05-09 20:00:00.000,2009,5,9,20,12008KT,18,11
2009-05-09 21:00:00.000,2009,5,9,21,11007KT,17,10
2009-05-09 22:00:00.000,2009,5,9,22,09004KT,17,10
2009-05-09 23:00:00.000,2009,5,9,23,11005KT,17,09
2009-05-10 00:00:00.000,2009,5,10,0,02005KT,15,10
2009-05-10 01:00:00.000,2009,5,10,1,05010KT,14,11
2009-05-10 02:00:00.000,2009,5,10,2,03007KT,13,11
2009-05-10 04:00:00.000,2009,5,10,4,05006KT,13,10
2009-05-10 06:00:00.000,2009,5,10,6,01003KT,13,10
2009-05-10 08:00:00.000,2009,5,10,8,04003KT,12,10
2009-05-10 09:00:00.000,2009,5,10,9,02003KT,12,10
2009-05-10 11:00:00.000,2009,5,10,11,03004KT,12,10
2009-05-10 12:00:00.000,2009,5,10,12,03005KT,13,10
2009-05-10 13:00:00.000,2009,5,10,13,07006KT,16,10
2009-05-10 14:00:00.000,2009,5,10,14,11012KT,17,09
2009-05-10 15:00:00.000,2009,5,10,15,15010KT,18,10
2009-05-10 16:00:00.000,2009,5,10,16,10012KT,19,10
2009-05-10 18:00:00.000,2009,5,10,18,11010KT,18,11
2009-05-10 19:00:00.000,2009,5,10,19,13004KT,18,10
2009-05-10 20:00:00.000,2009,5,10,20,11010KT,18,10
2009-05-10 21:00:00.000,2009,5,10,21,19005KT,18,10
2009-05-10 22:00:00.000,2009,5,10,22,09004KT,18,10
2009-05-10 23:00:00.000,2009,5,10,23,10008KT,17,10
2009-05-11 00:00:00.000,2009,5,11,0,17009KT,14,11
2009-05-11 01:00:00.000,2009,5,11,1,12008KT,14,10
2009-05-11 02:00:00.000,2009,5,11,2,12004KT,14,10
2009-05-11 03:00:00.000,2009,5,11,3,17006KT,13,09
2009-05-11 04:00:00.000,2009,5,11,4,06004KT,11,10
2009-05-11 05:00:00.000,2009,5,11,5,31004KT,12,10
2009-05-11 06:00:00.000,2009,5,11,6,04006KT,12,10
2009-05-11 07:00:00.000,2009,5,11,7,06004KT,11,10
2009-05-11 08:00:00.000,2009,5,11,8,03004KT,12,10
2009-05-11 09:00:00.000,2009,5,11,9,06004KT,12,10
2009-05-11 10:00:00.000,2009,5,11,10,VRB02KT,11,10
2009-05-11 11:00:00.000,2009,5,11,11,05004KT,12,10
2009-05-11 12:00:00.000,2009,5,11,12,05005KT,13,12
2009-05-11 13:00:00.000,2009,5,11,13,03008KT,13,12
2009-05-11 14:00:00.000,2009,5,11,14,05006KT,15,12
2009-05-11 15:00:00.000,2009,5,11,15,12006KT,15,11
2009-05-11 16:00:00.000,2009,5,11,16,14004KT,16,10
2009-05-11 17:00:00.000,2009,5,11,17,14008KT,17,10
2009-05-11 18:00:00.000,2009,5,11,18,13010KT,18,10
2009-05-11 19:00:00.000,2009,5,11,19,12008KT,19,10
2009-05-11 20:00:00.000,2009,5,11,20,13008KT,20,09
2009-05-11 21:00:00.000,2009,5,11,21,10007KT,19,09
2009-05-11 22:00:00.000,2009,5,11,22,07007KT,19,09
2009-05-11 23:00:00.000,2009,5,11,23,09010KT,17,09
2009-05-12 00:00:00.000,2009,5,12,0,11004KT,16,09
2009-05-12 01:00:00.000,2009,5,12,1,08004KT,15,10
2009-05-12 02:00:00.000,2009,5,12,2,06005KT,13,10
2009-05-12 03:00:00.000,2009,5,12,3,VRB02KT,13,10
2009-05-12 04:00:00.000,2009,5,12,4,04003KT,11,09
2009-05-12 05:00:00.000,2009,5,12,5,05005KT,10,09
2009-05-12 06:00:00.000,2009,5,12,6,04003KT,10,09
2009-05-12 07:00:00.000,2009,5,12,7,00000KT,08,08
2009-05-12 08:00:00.000,2009,5,12,8,VRB02KT,07,07
2009-05-12 09:00:00.000,2009,5,12,9,VRB02KT,08,08
2009-05-12 10:00:00.000,2009,5,12,10,00000KT,08,08
2009-05-12 11:00:00.000,2009,5,12,11,VRB02KT,07,07
2009-05-12 12:00:00.000,2009,5,12,12,00000KT,08,08
2009-05-12 13:00:00.000,2009,5,12,13,VRB02KT,10,09
2009-05-12 14:00:00.000,2009,5,12,14,VRB02KT,13,11
2009-05-12 15:00:00.000,2009,5,12,15,VRB02KT,16,10
2009-05-12 16:00:00.000,2009,5,12,16,04006KT,18,11
2009-05-12 17:00:00.000,2009,5,12,17,17010KT,18,10
2009-05-12 18:00:00.000,2009,5,12,18,16008KT,20,11
2009-05-12 19:00:00.000,2009,5,12,19,08012KT,20,10
2009-05-12 20:00:00.000,2009,5,12,20,09009KT,18,10
2009-05-12 21:00:00.000,2009,5,12,21,04008KT,18,10
2009-05-12 22:00:00.000,2009,5,12,22,08010KT,18,10
2009-05-12 23:00:00.000,2009,5,12,23,23004KT,16,11
2009-05-13 00:00:00.000,2009,5,13,0,20002KT,16,12
2009-05-13 01:00:00.000,2009,5,13,1,31003KT,15,11
2009-05-13 02:00:00.000,2009,5,13,2,VRB02KT,14,11
2009-05-13 03:00:00.000,2009,5,13,3,04006KT,14,11
2009-05-13 04:00:00.000,2009,5,13,4,04007KT,13,10
2009-05-13 05:00:00.000,2009,5,13,5,04006KT,13,10
2009-05-13 09:00:00.000,2009,5,13,9,05004KT,11,10
2009-05-13 10:00:00.000,2009,5,13,10,04005KT,12,10
2009-05-13 11:00:00.000,2009,5,13,11,06007KT,12,10
2009-05-13 12:00:00.000,2009,5,13,12,04005KT,12,10
2009-05-13 13:00:00.000,2009,5,13,13,04006KT,14,10
2009-05-13 15:00:00.000,2009,5,13,15,22004KT,15,10
2009-05-13 16:00:00.000,2009,5,13,16,14004KT,18,09
2009-05-13 18:00:00.000,2009,5,13,18,14014KT,20,09
2009-05-13 19:00:00.000,2009,5,13,19,15010KT,20,08
2009-05-13 20:00:00.000,2009,5,13,20,13008KT,20,09
2009-05-13 21:00:00.000,2009,5,13,21,27009KT,19,12
2009-05-13 22:00:00.000,2009,5,13,22,27008KT,16,13
2009-05-13 23:00:00.000,2009,5,13,23,33006KT,15,13
2009-05-14 00:00:00.000,2009,5,14,0,31004KT,13,12
2009-05-14 01:00:00.000,2009,5,14,1,VRB02KT,13,12
2009-05-14 02:00:00.000,2009,5,14,2,00000KT,12,12
2009-05-14 03:00:00.000,2009,5,14,3,VRB02KT,12,12
2009-05-14 04:00:00.000,2009,5,14,4,00000KT,12,12
2009-05-14 05:00:00.000,2009,5,14,5,00000KT,10,10
2009-05-14 06:00:00.000,2009,5,14,6,VRB02KT,11,11
2009-05-14 07:00:00.000,2009,5,14,7,00000KT,10,10
2009-05-14 08:00:00.000,2009,5,14,8,29004KT,08,08
2009-05-14 09:00:00.000,2009,5,14,9,26003KT,10,10
2009-05-14 10:00:00.000,2009,5,14,10,VRB03KT,10,10
2009-05-14 11:00:00.000,2009,5,14,11,04005KT,11,10
2009-05-14 12:00:00.000,2009,5,14,12,03004KT,11,10
2009-05-14 14:00:00.000,2009,5,14,14,04004KT,14,10
2009-05-14 15:00:00.000,2009,5,14,15,06004KT,16,12
2009-05-14 16:00:00.000,2009,5,14,16,04003KT,18,10
2009-05-14 17:00:00.000,2009,5,14,17,15004KT,19,09
2009-05-14 18:00:00.000,2009,5,14,18,15006KT,18,09
2009-05-14 20:00:00.000,2009,5,14,20,15010KT,18,10
2009-05-14 21:00:00.000,2009,5,14,21,11006KT,18,10
2009-05-14 23:00:00.000,2009,5,14,23,23004KT,16,12
2009-05-15 00:00:00.000,2009,5,15,0,26004KT,14,12
2009-05-15 01:00:00.000,2009,5,15,1,VRB02KT,12,11
2009-05-15 02:00:00.000,2009,5,15,2,31003KT,11,11
2009-05-15 03:00:00.000,2009,5,15,3,35003KT,11,10
2009-05-15 04:00:00.000,2009,5,15,4,03003KT,11,10
2009-05-15 05:00:00.000,2009,5,15,5,00000KT,10,09
2009-05-15 06:00:00.000,2009,5,15,6,33003KT,09,08
2009-05-15 07:00:00.000,2009,5,15,7,34004KT,09,08
2009-05-15 08:00:00.000,2009,5,15,8,00000KT,08,08
2009-05-15 09:00:00.000,2009,5,15,9,00000KT,10,09
2009-05-15 11:00:00.000,2009,5,15,11,34004KT,10,09
2009-05-15 12:00:00.000,2009,5,15,12,VRB02KT,11,10
2009-05-15 13:00:00.000,2009,5,15,13,VRB02KT,12,11
2009-05-15 14:00:00.000,2009,5,15,14,VRB02KT,15,11
2009-05-15 15:00:00.000,2009,5,15,15,04007KT,16,12
2009-05-15 16:00:00.000,2009,5,15,16,04005KT,18,12
2009-05-15 17:00:00.000,2009,5,15,17,06008KT,17,11
2009-05-15 18:00:00.000,2009,5,15,18,08008KT,18,11
2009-05-15 19:00:00.000,2009,5,15,19,07006KT,19,11
2009-05-15 20:00:00.000,2009,5,15,20,05010KT,19,11
2009-05-15 21:00:00.000,2009,5,15,21,05010KT,18,11
2009-05-15 22:00:00.000,2009,5,15,22,02008KT,17,11
2009-05-15 23:00:00.000,2009,5,15,23,31008KT,15,12
2009-05-16 00:00:00.000,2009,5,16,0,VRB02KT,14,11
2009-05-16 01:00:00.000,2009,5,16,1,VRB02KT,13,11
2009-05-16 02:00:00.000,2009,5,16,2,31003KT,12,10
2009-05-16 03:00:00.000,2009,5,16,3,VRB02KT,11,10
2009-05-16 04:00:00.000,2009,5,16,4,05004KT,10,09
2009-05-16 05:00:00.000,2009,5,16,5,31003KT,09,08
2009-05-16 06:00:00.000,2009,5,16,6,VRB02KT,09,08
2009-05-16 07:00:00.000,2009,5,16,7,00000KT,08,08
2009-05-16 08:00:00.000,2009,5,16,8,04003KT,07,07
2009-05-16 09:00:00.000,2009,5,16,9,03003KT,08,08
2009-05-16 10:00:00.000,2009,5,16,10,VRB02KT,06,06
2009-05-16 11:00:00.000,2009,5,16,11,03005KT,08,08
2009-05-16 12:00:00.000,2009,5,16,12,06005KT,10,10
2009-05-16 13:00:00.000,2009,5,16,13,03003KT,13,10
2009-05-16 14:00:00.000,2009,5,16,14,03005KT,15,10
2009-05-16 15:00:00.000,2009,5,16,15,03006KT,17,09
2009-05-16 16:00:00.000,2009,5,16,16,08006KT,18,10
2009-05-16 17:00:00.000,2009,5,16,17,09010KT,19,09
2009-05-16 18:00:00.000,2009,5,16,18,19010KT,20,08
2009-05-16 19:00:00.000,2009,5,16,19,13004KT,20,09
2009-05-16 20:00:00.000,2009,5,16,20,24012KT,18,13
2009-05-16 21:00:00.000,2009,5,16,21,23008KT,17,13
2009-05-16 22:00:00.000,2009,5,16,22,29008KT,17,13
2009-05-16 23:00:00.000,2009,5,16,23,27006KT,16,12
2009-05-18 20:00:00.000,2009,5,18,20,25005KT,19,10
2009-05-18 21:00:00.000,2009,5,18,21,29005KT,19,10
2009-05-18 22:00:00.000,2009,5,18,22,25006KT,17,11
2009-05-18 23:00:00.000,2009,5,18,23,27005KT,16,11
2009-05-19 00:00:00.000,2009,5,19,0,12006KT,16,11
2009-05-19 01:00:00.000,2009,5,19,1,VRB02KT,14,10
2009-05-19 02:00:00.000,2009,5,19,2,03003KT,13,09
2009-05-19 03:00:00.000,2009,5,19,3,36003KT,11,08
2009-05-19 05:00:00.000,2009,5,19,5,04004KT,11,08
2009-05-19 06:00:00.000,2009,5,19,6,06006KT,11,09
2009-05-19 07:00:00.000,2009,5,19,7,35004KT,10,09
2009-05-19 08:00:00.000,2009,5,19,8,VRB02KT,10,09
2009-05-19 09:00:00.000,2009,5,19,9,04004KT,10,09
2009-05-19 10:00:00.000,2009,5,19,10,04004KT,10,09
2009-05-19 11:00:00.000,2009,5,19,11,05005KT,10,10
2009-05-19 12:00:00.000,2009,5,19,12,05006KT,12,11
2009-05-19 13:00:00.000,2009,5,19,13,05007KT,14,11
2009-05-19 14:00:00.000,2009,5,19,14,VRB02KT,16,11
2009-05-19 15:00:00.000,2009,5,19,15,16010KT,17,10
2009-05-19 16:00:00.000,2009,5,19,16,15012KT,17,10
2009-05-19 17:00:00.000,2009,5,19,17,16007KT,18,09
2009-05-19 18:00:00.000,2009,5,19,18,16006KT,18,09
2009-05-19 19:00:00.000,2009,5,19,19,15013KT,19,10
2009-05-19 21:00:00.000,2009,5,19,21,11008KT,19,10
2009-05-19 22:00:00.000,2009,5,19,22,13007KT,17,10
2009-05-19 23:00:00.000,2009,5,19,23,13009KT,16,10
2009-05-20 00:00:00.000,2009,5,20,0,14004KT,14,09
2009-05-20 01:00:00.000,2009,5,20,1,35003KT,14,09
2009-05-20 02:00:00.000,2009,5,20,2,08010KT,14,09
2009-05-20 03:00:00.000,2009,5,20,3,08007KT,14,09
2009-05-20 04:00:00.000,2009,5,20,4,03004KT,12,10
2009-05-20 05:00:00.000,2009,5,20,5,07005KT,13,10
2009-05-20 06:00:00.000,2009,5,20,6,10003KT,13,09
2009-05-20 07:00:00.000,2009,5,20,7,VRB02KT,12,10
2009-05-20 09:00:00.000,2009,5,20,9,08006KT,13,10
2009-05-20 10:00:00.000,2009,5,20,10,23004KT,11,10
2009-05-20 11:00:00.000,2009,5,20,11,01006KT,11,09
2009-05-20 12:00:00.000,2009,5,20,12,05006KT,13,11
2009-05-20 13:00:00.000,2009,5,20,13,10012KT,16,10
2009-05-20 14:00:00.000,2009,5,20,14,11010KT,17,10
2009-05-20 15:00:00.000,2009,5,20,15,12014KT,17,10
2009-05-20 16:00:00.000,2009,5,20,16,13012KT,18,10
2009-05-20 17:00:00.000,2009,5,20,17,14018KT,19,09
2009-05-20 18:00:00.000,2009,5,20,18,14018KT,19,10
2009-05-20 19:00:00.000,2009,5,20,19,16014KT,20,10
2009-05-20 20:00:00.000,2009,5,20,20,17014KT,19,09
2009-05-20 21:00:00.000,2009,5,20,21,10010KT,20,09
2009-05-20 22:00:00.000,2009,5,20,22,17012KT,18,08
2009-05-20 23:00:00.000,2009,5,20,23,14010KT,16,07
2009-05-21 00:00:00.000,2009,5,21,0,10006KT,16,09
2009-05-21 02:00:00.000,2009,5,21,2,VRB02KT,12,09
2009-05-21 03:00:00.000,2009,5,21,3,31003KT,10,09
2009-05-21 05:00:00.000,2009,5,21,5,30003KT,10,10
2009-05-21 06:00:00.000,2009,5,21,6,00000KT,10,10
2009-05-21 07:00:00.000,2009,5,21,7,VRB02KT,11,10
2009-05-21 08:00:00.000,2009,5,21,8,VRB02KT,11,10
2009-05-21 09:00:00.000,2009,5,21,9,VRB02KT,10,10
2009-05-21 10:00:00.000,2009,5,21,10,04003KT,11,10
2009-05-21 11:00:00.000,2009,5,21,11,05004KT,11,10
2009-05-21 12:00:00.000,2009,5,21,12,06004KT,12,11
2009-05-21 13:00:00.000,2009,5,21,13,04006KT,14,11
2009-05-21 14:00:00.000,2009,5,21,14,11006KT,15,11
2009-05-21 15:00:00.000,2009,5,21,15,14006KT,16,11
2009-05-21 16:00:00.000,2009,5,21,16,09009KT,33,24
2009-05-21 17:00:00.000,2009,5,21,17,08006KT,34,23
2009-05-21 18:00:00.000,2009,5,21,18,06004KT,17,11
2009-05-21 19:00:00.000,2009,5,21,19,12006KT,17,10
2009-05-21 20:00:00.000,2009,5,21,20,14008KT,18,09
2009-05-21 21:00:00.000,2009,5,21,21,30008KT,18,10
2009-05-21 22:00:00.000,2009,5,21,22,33004KT,17,12
2009-05-21 23:00:00.000,2009,5,21,23,29003KT,14,12
2009-05-22 00:00:00.000,2009,5,22,0,VRB02KT,13,11
2009-05-22 02:00:00.000,2009,5,22,2,05003KT,11,11
2009-05-22 03:00:00.000,2009,5,22,3,VRB02KT,11,11
2009-05-22 04:00:00.000,2009,5,22,4,31003KT,11,10
2009-05-22 05:00:00.000,2009,5,22,5,05004KT,11,09
2009-05-22 06:00:00.000,2009,5,22,6,05004KT,12,10
2009-05-22 08:00:00.000,2009,5,22,8,03004KT,11,10
2009-05-22 09:00:00.000,2009,5,22,9,VRB02KT,11,10
2009-05-22 10:00:00.000,2009,5,22,10,03004KT,10,09
2009-05-22 11:00:00.000,2009,5,22,11,00000KT,09,08
2009-05-22 12:00:00.000,2009,5,22,12,06007KT,13,10
2009-05-22 13:00:00.000,2009,5,22,13,12006KT,16,10
2009-05-22 14:00:00.000,2009,5,22,14,12006KT,16,11
2009-05-22 15:00:00.000,2009,5,22,15,16008KT,17,10
2009-05-22 16:00:00.000,2009,5,22,16,14008KT,17,10
2009-05-22 17:00:00.000,2009,5,22,17,17010KT,17,10
2009-05-22 18:00:00.000,2009,5,22,18,15008KT,17,10
2009-05-22 19:00:00.000,2009,5,22,19,06008KT,17,10
2009-05-22 20:00:00.000,2009,5,22,20,VRB02KT,18,11
2009-05-22 21:00:00.000,2009,5,22,21,27008KT,16,12
2009-05-22 22:00:00.000,2009,5,22,22,VRB02KT,16,11
2009-05-22 23:00:00.000,2009,5,22,23,00000KT,15,11
2009-05-23 00:00:00.000,2009,5,23,0,33004KT,13,10
2009-05-23 01:00:00.000,2009,5,23,1,32004KT,13,10
2009-05-23 02:00:00.000,2009,5,23,2,31004KT,13,10
2009-05-23 03:00:00.000,2009,5,23,3,00000KT,12,10
2009-05-23 04:00:00.000,2009,5,23,4,00000KT,12,10
2009-05-23 05:00:00.000,2009,5,23,5,00000KT,11,10
2009-05-23 06:00:00.000,2009,5,23,6,04004KT,10,09
2009-05-23 07:00:00.000,2009,5,23,7,00000KT,10,09
2009-05-23 08:00:00.000,2009,5,23,8,00000KT,09,08
2009-05-23 09:00:00.000,2009,5,23,9,06004KT,09,08
2009-05-23 10:00:00.000,2009,5,23,10,00000KT,08,08
2009-05-23 11:00:00.000,2009,5,23,11,05004KT,09,08
2009-05-23 12:00:00.000,2009,5,23,12,05007KT,11,10
2009-05-23 13:00:00.000,2009,5,23,13,06007KT,13,10
2009-05-23 14:00:00.000,2009,5,23,14,04008KT,14,11
2009-05-23 15:00:00.000,2009,5,23,15,05006KT,16,10
2009-05-23 16:00:00.000,2009,5,23,16,VRB02KT,17,10
2009-05-23 17:00:00.000,2009,5,23,17,VRB02KT,16,12
2009-05-23 18:00:00.000,2009,5,23,18,VRB02KT,19,11
2009-05-23 20:00:00.000,2009,5,23,20,02006KT,18,10
2009-05-23 21:00:00.000,2009,5,23,21,02006KT,18,10
2009-05-23 22:00:00.000,2009,5,23,22,28007KT,18,12
2009-05-23 23:00:00.000,2009,5,23,23,28006KT,15,11
2009-05-24 00:00:00.000,2009,5,24,0,34003KT,14,10
2009-05-24 01:00:00.000,2009,5,24,1,00000KT,14,10
2009-05-24 02:00:00.000,2009,5,24,2,06003KT,13,10
2009-05-24 03:00:00.000,2009,5,24,3,VRB02KT,13,10
2009-05-24 04:00:00.000,2009,5,24,4,35005KT,11,10
2009-05-24 07:00:00.000,2009,5,24,7,00000KT,10,09
2009-05-24 09:00:00.000,2009,5,24,9,00000KT,08,08
2009-05-24 10:00:00.000,2009,5,24,10,VRB02KT,08,08
2009-05-24 11:00:00.000,2009,5,24,11,31005KT,07,06
2009-05-24 12:00:00.000,2009,5,24,12,00000KT,09,09
2009-05-24 13:00:00.000,2009,5,24,13,00000KT,13,10
2009-05-24 14:00:00.000,2009,5,24,14,VRB02KT,17,10
2009-05-24 15:00:00.000,2009,5,24,15,12004KT,18,09
2009-05-24 16:00:00.000,2009,5,24,16,12010KT,18,09
2009-05-24 17:00:00.000,2009,5,24,17,11010KT,18,09
2009-05-24 18:00:00.000,2009,5,24,18,06006KT,19,09
2009-05-24 20:00:00.000,2009,5,24,20,21007KT,19,09
2009-05-24 21:00:00.000,2009,5,24,21,09007KT,19,09
2009-05-24 22:00:00.000,2009,5,24,22,21005KT,17,12
2009-05-24 23:00:00.000,2009,5,24,23,25007KT,15,12
2009-05-25 00:00:00.000,2009,5,25,0,17006KT,14,11
2009-05-25 01:00:00.000,2009,5,25,1,VRB02KT,14,09
2009-05-25 02:00:00.000,2009,5,25,2,09005KT,14,09
2009-05-25 03:00:00.000,2009,5,25,3,VRB02KT,11,09
2009-05-25 04:00:00.000,2009,5,25,4,VRB02KT,11,09
2009-05-25 05:00:00.000,2009,5,25,5,34004KT,10,09
2009-05-25 06:00:00.000,2009,5,25,6,VRB02KT,10,09
2009-05-25 07:00:00.000,2009,5,25,7,00000KT,10,10
2009-05-25 08:00:00.000,2009,5,25,8,00000KT,10,09
2009-05-25 09:00:00.000,2009,5,25,9,00000KT,10,09
2009-05-25 10:00:00.000,2009,5,25,10,VRB02KT,10,09
2009-05-25 11:00:00.000,2009,5,25,11,03006KT,10,09
2009-05-25 12:00:00.000,2009,5,25,12,03006KT,12,11
2009-05-25 13:00:00.000,2009,5,25,13,02006KT,14,10
2009-05-25 14:00:00.000,2009,5,25,14,02004KT,16,10
2009-05-25 15:00:00.000,2009,5,25,15,25010KT,17,11
2009-05-25 16:00:00.000,2009,5,25,16,08010KT,17,10
2009-05-25 17:00:00.000,2009,5,25,17,14004KT,19,10
2009-05-25 18:00:00.000,2009,5,25,18,14011KT,18,08
2009-05-25 19:00:00.000,2009,5,25,19,VRB02KT,18,10
2009-05-25 20:00:00.000,2009,5,25,20,12006KT,20,08
2009-05-25 21:00:00.000,2009,5,25,21,13008KT,20,09
2009-05-25 22:00:00.000,2009,5,25,22,12008KT,20,06
2009-05-25 23:00:00.000,2009,5,25,23,12010KT,17,07
2009-05-26 00:00:00.000,2009,5,26,0,11004KT,13,10
2009-05-26 01:00:00.000,2009,5,26,1,11004KT,12,10
2009-05-26 02:00:00.000,2009,5,26,2,02004KT,12,10
2009-05-26 03:00:00.000,2009,5,26,3,04004KT,11,09
2009-05-26 04:00:00.000,2009,5,26,4,07004KT,10,09
2009-05-26 05:00:00.000,2009,5,26,5,31004KT,09,07
2009-05-26 06:00:00.000,2009,5,26,6,00000KT,07,06
2009-05-26 07:00:00.000,2009,5,26,7,30004KT,06,05
2009-05-26 08:00:00.000,2009,5,26,8,35004KT,06,05
2009-05-26 09:00:00.000,2009,5,26,9,29004KT,05,04
2009-05-26 10:00:00.000,2009,5,26,10,02004KT,05,04
2009-05-26 11:00:00.000,2009,5,26,11,00000KT,05,04
2009-05-26 12:00:00.000,2009,5,26,12,04007KT,08,08
2009-05-26 13:00:00.000,2009,5,26,13,00000KT,10,10
2009-05-26 14:00:00.000,2009,5,26,14,02006KT,16,10
2009-05-26 15:00:00.000,2009,5,26,15,06011KT,18,10
2009-05-26 16:00:00.000,2009,5,26,16,12010KT,19,08
2009-05-26 17:00:00.000,2009,5,26,17,07004KT,19,09
2009-05-26 18:00:00.000,2009,5,26,18,13010KT,18,09
2009-05-26 19:00:00.000,2009,5,26,19,07010KT,18,09
2009-05-26 20:00:00.000,2009,5,26,20,06006KT,19,09
2009-05-26 21:00:00.000,2009,5,26,21,05006KT,18,08
2009-05-26 22:00:00.000,2009,5,26,22,13005KT,19,07
2009-05-26 23:00:00.000,2009,5,26,23,25003KT,18,12
2009-05-27 00:00:00.000,2009,5,27,0,26003KT,14,12
2009-05-27 01:00:00.000,2009,5,27,1,03003KT,13,12
2009-05-27 03:00:00.000,2009,5,27,3,03003KT,11,10
2009-05-27 04:00:00.000,2009,5,27,4,31003KT,11,10
2009-05-27 05:00:00.000,2009,5,27,5,VRB02KT,10,09
2009-05-27 06:00:00.000,2009,5,27,6,04005KT,11,10
2009-05-27 07:00:00.000,2009,5,27,7,06005KT,11,10
2009-05-27 08:00:00.000,2009,5,27,8,06004KT,11,10
2009-05-27 09:00:00.000,2009,5,27,9,06004KT,10,09
2009-05-27 10:00:00.000,2009,5,27,10,VRB02KT,09,08
2009-05-27 11:00:00.000,2009,5,27,11,VRB02KT,08,08
2009-05-27 12:00:00.000,2009,5,27,12,06004KT,11,09
2009-05-27 13:00:00.000,2009,5,27,13,05007KT,13,09
2009-05-27 14:00:00.000,2009,5,27,14,06004KT,15,10
2009-05-27 15:00:00.000,2009,5,27,15,07007KT,17,10
2009-05-27 16:00:00.000,2009,5,27,16,21006KT,1,10
2009-05-27 17:00:00.000,2009,5,27,17,11010KT,19,08
2009-05-27 18:00:00.000,2009,5,27,18,15011KT,18,08
2009-05-27 19:00:00.000,2009,5,27,19,17012KT,17,09
2009-05-27 20:00:00.000,2009,5,27,20,16010KT,18,09
2009-05-27 21:00:00.000,2009,5,27,21,21010KT,17,09
2009-05-27 22:00:00.000,2009,5,27,22,18010KT,17,09
2009-05-27 23:00:00.000,2009,5,27,23,22004KT,16,09
2009-05-28 00:00:00.000,2009,5,28,0,00000KT,15,08
2009-05-28 01:00:00.000,2009,5,28,1,07003KT,13,09
2009-05-28 02:00:00.000,2009,5,28,2,30005KT,11,07
2009-05-28 03:00:00.000,2009,5,28,3,15003KT,10,08
2009-05-28 04:00:00.000,2009,5,28,4,06004KT,11,09
2009-05-28 05:00:00.000,2009,5,28,5,02003KT,11,09
2009-05-28 06:00:00.000,2009,5,28,6,VRB02KT,10,08
2009-05-28 07:00:00.000,2009,5,28,7,26003KT,09,08
2009-05-28 08:00:00.000,2009,5,28,8,30004KT,08,07
2009-05-28 09:00:00.000,2009,5,28,9,00000KT,08,07
2009-05-28 10:00:00.000,2009,5,28,10,VRB02KT,08,08
2009-05-28 11:00:00.000,2009,5,28,11,00000KT,09,08
2009-05-28 12:00:00.000,2009,5,28,12,00000KT,09,09
2009-05-28 13:00:00.000,2009,5,28,13,05006KT,13,11
2009-05-28 14:00:00.000,2009,5,28,14,05008KT,15,10
2009-05-28 15:00:00.000,2009,5,28,15,06007KT,17,10
2009-05-28 16:00:00.000,2009,5,28,16,12007KT,17,10
2009-05-28 17:00:00.000,2009,5,28,17,10008KT,15,10
2009-05-28 18:00:00.000,2009,5,28,18,13006KT,16,12
2009-05-28 19:00:00.000,2009,5,28,19,18010KT,16,11
2009-05-28 20:00:00.000,2009,5,28,20,10010KT,18,10
2009-05-28 22:00:00.000,2009,5,28,22,12006KT,16,10
2009-05-28 23:00:00.000,2009,5,28,23,10006KT,16,10
2009-05-29 00:00:00.000,2009,5,29,0,04004KT,13,10
2009-05-29 01:00:00.000,2009,5,29,1,09004KT,13,09
2009-05-29 02:00:00.000,2009,5,29,2,06004KT,13,09
2009-05-29 03:00:00.000,2009,5,29,3,07005KT,12,09
2009-05-29 04:00:00.000,2009,5,29,4,07007KT,12,09
2009-05-29 05:00:00.000,2009,5,29,5,08007KT,13,09
2009-05-29 06:00:00.000,2009,5,29,6,04005KT,12,09
2009-05-29 07:00:00.000,2009,5,29,7,06003KT,12,09
2009-05-29 08:00:00.000,2009,5,29,8,05003KT,12,09
2009-05-29 09:00:00.000,2009,5,29,9,VRB02KT,12,10
2009-05-29 10:00:00.000,2009,5,29,10,04003KT,11,10
2009-05-29 12:00:00.000,2009,5,29,12,05006KT,12,10
2009-05-29 15:00:00.000,2009,5,29,15,04007KT,14,11
2009-05-29 17:00:00.000,2009,5,29,17,VRB02KT,15,12
2009-05-29 18:00:00.000,2009,5,29,18,02004KT,15,12
2009-05-29 19:00:00.000,2009,5,29,19,03009KT,15,11
2009-05-29 20:00:00.000,2009,5,29,20,13010KT,18,10
2009-05-29 21:00:00.000,2009,5,29,21,06010KT,16,10
2009-05-29 22:00:00.000,2009,5,29,22,07004KT,16,11
2009-05-29 23:00:00.000,2009,5,29,23,09004KT,15,10
2009-05-30 00:00:00.000,2009,5,30,0,06006KT,13,09
2009-05-30 01:00:00.000,2009,5,30,1,07008KT,13,10
2009-05-30 02:00:00.000,2009,5,30,2,04006KT,13,09
2009-05-30 03:00:00.000,2009,5,30,3,05004KT,11,09
2009-05-30 04:00:00.000,2009,5,30,4,04004KT,10,09
2009-05-30 05:00:00.000,2009,5,30,5,00000KT,09,08
2009-05-30 06:00:00.000,2009,5,30,6,00000KT,09,08
2009-05-30 07:00:00.000,2009,5,30,7,00000KT,08,07
2009-05-30 08:00:00.000,2009,5,30,8,00000KT,07,07
2009-05-30 09:00:00.000,2009,5,30,9,00000KT,05,05
2009-05-30 10:00:00.000,2009,5,30,10,VRB02KT,05,05
2009-05-30 11:00:00.000,2009,5,30,11,00000KT,06,05
2009-05-30 12:00:00.000,2009,5,30,12,03003KT,07,06
2009-05-30 13:00:00.000,2009,5,30,13,03005KT,10,09
2009-05-30 14:00:00.000,2009,5,30,14,04004KT,15,10
2009-05-30 15:00:00.000,2009,5,30,15,13006KT,17,09
2009-05-30 16:00:00.000,2009,5,30,16,11010KT,19,05
2009-05-30 17:00:00.000,2009,5,30,17,10008KT,20,05
2009-05-30 18:00:00.000,2009,5,30,18,05007KT,20,04
2009-05-30 19:00:00.000,2009,5,30,19,14012KT,21,06
2009-05-30 20:00:00.000,2009,5,30,20,11006KT,21,06
2009-05-30 21:00:00.000,2009,5,30,21,13008KT,20,06
2009-05-30 22:00:00.000,2009,5,30,22,13010KT,18,06
2009-05-30 23:00:00.000,2009,5,30,23,33006KT,15,12
2009-05-31 00:00:00.000,2009,5,31,0,04003KT,13,10
2009-05-31 01:00:00.000,2009,5,31,1,36004KT,12,09
2009-05-31 02:00:00.000,2009,5,31,2,06003KT,11,08
2009-05-31 03:00:00.000,2009,5,31,3,05006KT,10,07
2009-05-31 04:00:00.000,2009,5,31,4,04003KT,10,07
2009-05-31 05:00:00.000,2009,5,31,5,02003KT,09,07
2009-05-31 06:00:00.000,2009,5,31,6,00000KT,09,08
2009-05-31 07:00:00.000,2009,5,31,7,33003KT,09,08
2009-05-31 08:00:00.000,2009,5,31,8,VRB02KT,08,07
2009-05-31 09:00:00.000,2009,5,31,9,00000KT,08,07
2009-05-31 10:00:00.000,2009,5,31,10,00000KT,08,08
2009-05-31 11:00:00.000,2009,5,31,11,VRB02KT,08,08
2009-05-31 12:00:00.000,2009,5,31,12,00000KT,09,08
2009-05-31 13:00:00.000,2009,5,31,13,VRB02KT,12,09
2009-05-31 14:00:00.000,2009,5,31,14,00000KT,14,09
2009-05-31 15:00:00.000,2009,5,31,15,08008KT,17,08
2009-05-31 16:00:00.000,2009,5,31,16,12010KT,19,06
2009-05-31 17:00:00.000,2009,5,31,17,02004KT,20,06
2009-05-31 18:00:00.000,2009,5,31,18,11006KT,21,04
2009-05-31 19:00:00.000,2009,5,31,19,11009KT,22,01
2009-05-31 20:00:00.000,2009,5,31,20,14007KT,21,04
2009-05-31 21:00:00.000,2009,5,31,21,01012KT,20,04
2009-05-31 22:00:00.000,2009,5,31,22,02010KT,19,05
2009-05-31 23:00:00.000,2009,5,31,23,02005KT,16,06
2009-06-01 00:00:00.000,2009,6,1,0,28004KT,13,11
2009-06-01 01:00:00.000,2009,6,1,1,33003KT,13,11
2009-06-01 02:00:00.000,2009,6,1,2,34004KT,12,11
2009-06-01 03:00:00.000,2009,6,1,3,04004KT,12,09
2009-06-01 04:00:00.000,2009,6,1,4,35003KT,10,08
2009-06-01 05:00:00.000,2009,6,1,5,VRB02KT,10,08
2009-06-01 06:00:00.000,2009,6,1,6,VRB02KT,10,08
2009-06-01 07:00:00.000,2009,6,1,7,VRB02KT,10,08
2009-06-01 08:00:00.000,2009,6,1,8,VRB02KT,08,08
2009-06-01 09:00:00.000,2009,6,1,9,05005KT,09,08
2009-06-01 10:00:00.000,2009,6,1,10,30003KT,08,08
2009-06-01 11:00:00.000,2009,6,1,11,06007KT,09,08
2009-06-01 12:00:00.000,2009,6,1,12,06005KT,12,08
2009-06-01 13:00:00.000,2009,6,1,13,03006KT,14,08
2009-06-01 14:00:00.000,2009,6,1,14,04008KT,16,08
2009-06-01 15:00:00.000,2009,6,1,15,08006KT,19,06
2009-06-01 16:00:00.000,2009,6,1,16,13009KT,20,05
2009-06-01 17:00:00.000,2009,6,1,17,12009KT,20,05
2009-06-01 18:00:00.000,2009,6,1,18,10008KT,21,07
2009-06-01 19:00:00.000,2009,6,1,19,16012KT,21,06
2009-06-01 20:00:00.000,2009,6,1,20,15008KT,20,06
2009-06-01 21:00:00.000,2009,6,1,21,11004KT,20,07
2009-06-01 22:00:00.000,2009,6,1,22,18012KT,19,06
2009-06-01 23:00:00.000,2009,6,1,23,06006KT,17,07
2009-06-02 00:00:00.000,2009,6,2,0,34004KT,14,10
2009-06-02 01:00:00.000,2009,6,2,1,03003KT,13,10
2009-06-02 02:00:00.000,2009,6,2,2,30003KT,13,10
2009-06-02 03:00:00.000,2009,6,2,3,VRB02KT,12,10
2009-06-02 04:00:00.000,2009,6,2,4,05005KT,12,09
2009-06-02 05:00:00.000,2009,6,2,5,06005KT,11,08
2009-06-02 06:00:00.000,2009,6,2,6,00000KT,10,08
2009-06-02 08:00:00.000,2009,6,2,8,VRB02KT,09,08
2009-06-02 09:00:00.000,2009,6,2,9,00000KT,09,08
2009-06-02 10:00:00.000,2009,6,2,10,04004KT,08,08
2009-06-02 11:00:00.000,2009,6,2,11,06008KT,09,08
2009-06-02 12:00:00.000,2009,6,2,12,05005KT,11,09
2009-06-02 13:00:00.000,2009,6,2,13,12010KT,16,09
2009-06-02 14:00:00.000,2009,6,2,14,13012KT,17,08
2009-06-02 15:00:00.000,2009,6,2,15,11010KT,19,08
2009-06-02 16:00:00.000,2009,6,2,16,12016KT,19,08
2009-06-02 17:00:00.000,2009,6,2,17,12010KT,20,08
2009-06-02 18:00:00.000,2009,6,2,18,13012KT,20,08
2009-06-02 19:00:00.000,2009,6,2,19,15006KT,20,08
2009-06-02 20:00:00.000,2009,6,2,20,12012KT,21,07
2009-06-02 21:00:00.000,2009,6,2,21,13009KT,20,07
2009-06-02 22:00:00.000,2009,6,2,22,12012KT,19,08
2009-06-02 23:00:00.000,2009,6,2,23,12012KT,17,09
2009-06-03 00:00:00.000,2009,6,3,0,11012KT,16,10
2009-06-03 01:00:00.000,2009,6,3,1,11010KT,15,08
2009-06-03 02:00:00.000,2009,6,3,2,11010KT,15,08
2009-06-03 03:00:00.000,2009,6,3,3,13008KT,14,08
2009-06-03 04:00:00.000,2009,6,3,4,00000KT,12,08
2009-06-03 05:00:00.000,2009,6,3,5,33004KT,11,08
2009-06-03 06:00:00.000,2009,6,3,6,04006KT,12,09
2009-06-03 07:00:00.000,2009,6,3,7,00000KT,11,09
2009-06-03 08:00:00.000,2009,6,3,8,00000KT,11,10
2009-06-03 09:00:00.000,2009,6,3,9,05004KT,11,10
2009-06-03 10:00:00.000,2009,6,3,10,33004KT,11,10
2009-06-03 11:00:00.000,2009,6,3,11,00000KT,11,10
2009-06-03 12:00:00.000,2009,6,3,12,VRB02KT,13,10
2009-06-03 13:00:00.000,2009,6,3,13,06007KT,14,10
2009-06-03 14:00:00.000,2009,6,3,14,11011KT,17,09
2009-06-03 15:00:00.000,2009,6,3,15,09010KT,18,09
2009-06-03 16:00:00.000,2009,6,3,16,09010KT,20,09
2009-06-03 17:00:00.000,2009,6,3,17,12010KT,20,10
2009-06-03 18:00:00.000,2009,6,3,18,11012KT,19,10
2009-06-03 19:00:00.000,2009,6,3,19,15014KT,18,10
2009-06-03 20:00:00.000,2009,6,3,20,15013KT,18,10
2009-06-03 21:00:00.000,2009,6,3,21,12012KT,18,10
2009-06-03 22:00:00.000,2009,6,3,22,10010KT,18,10
2009-06-03 23:00:00.000,2009,6,3,23,07006KT,16,09
2009-06-04 00:00:00.000,2009,6,4,0,12012KT,15,08
2009-06-04 01:00:00.000,2009,6,4,1,12010KT,15,08
2009-06-04 02:00:00.000,2009,6,4,2,13006KT,15,09
2009-06-04 03:00:00.000,2009,6,4,3,03005KT,13,10
2009-06-04 04:00:00.000,2009,6,4,4,03003KT,11,10
2009-06-04 05:00:00.000,2009,6,4,5,VRB02KT,11,10
2009-06-04 06:00:00.000,2009,6,4,6,07006KT,12,09
2009-06-04 07:00:00.000,2009,6,4,7,08006KT,13,09
2009-06-04 08:00:00.000,2009,6,4,8,12005KT,12,09
2009-06-04 11:00:00.000,2009,6,4,11,04004KT,12,09
2009-06-04 12:00:00.000,2009,6,4,12,13006KT,13,09
2009-06-04 13:00:00.000,2009,6,4,13,13012KT,16,09
2009-06-04 14:00:00.000,2009,6,4,14,12012KT,18,10
2009-06-04 15:00:00.000,2009,6,4,15,14016KT,18,10
2009-06-04 16:00:00.000,2009,6,4,16,14010KT,18,10
2009-06-04 17:00:00.000,2009,6,4,17,13010KT,18,10
2009-06-04 18:00:00.000,2009,6,4,18,14016KT,18,10
2009-06-04 19:00:00.000,2009,6,4,19,20012KT,18,10
2009-06-04 20:00:00.000,2009,6,4,20,13006KT,19,09
2009-06-04 21:00:00.000,2009,6,4,21,30008KT,16,11
2009-06-04 22:00:00.000,2009,6,4,22,05004KT,16,13
2009-06-04 23:00:00.000,2009,6,4,23,32004KT,15,13
2009-06-05 00:00:00.000,2009,6,5,0,08007KT,15,13
2009-06-05 01:00:00.000,2009,6,5,1,VRB02KT,14,13
2009-06-05 02:00:00.000,2009,6,5,2,VRB02KT,14,13
2009-06-05 03:00:00.000,2009,6,5,3,03004KT,14,13
2009-06-05 04:00:00.000,2009,6,5,4,02003KT,13,13
2009-06-05 05:00:00.000,2009,6,5,5,VRB02KT,13,13
2009-06-05 06:00:00.000,2009,6,5,6,01003KT,13,13
2009-06-05 07:00:00.000,2009,6,5,7,VRB02KT,13,12
2009-06-05 08:00:00.000,2009,6,5,8,VRB02KT,13,12
2009-06-05 09:00:00.000,2009,6,5,9,02003KT,13,12
2009-06-05 10:00:00.000,2009,6,5,10,01003KT,13,12
2009-06-05 11:00:00.000,2009,6,5,11,VRB02KT,13,12
2009-06-05 12:00:00.000,2009,6,5,12,VRB02KT,13,12
2009-06-05 13:00:00.000,2009,6,5,13,03003KT,14,13
2009-06-05 14:00:00.000,2009,6,5,14,VRB02KT,15,12
2009-06-05 15:00:00.000,2009,6,5,15,26005KT,16,12
2009-06-05 16:00:00.000,2009,6,5,16,26005KT,16,14
2009-06-05 17:00:00.000,2009,6,5,17,04006KT,13,13
2009-06-05 18:00:00.000,2009,6,5,18,29010KT,14,13
2009-06-05 19:00:00.000,2009,6,5,19,VRB02KT,13,12
2009-06-05 20:00:00.000,2009,6,5,20,29005KT,14,13
2009-06-05 21:00:00.000,2009,6,5,21,26007KT,15,13
2009-06-05 22:00:00.000,2009,6,5,22,24012KT,13,12
2009-06-05 23:00:00.000,2009,6,5,23,27005KT,12,12
2009-06-06 00:00:00.000,2009,6,6,0,30004KT,13,12
2009-06-06 01:00:00.000,2009,6,6,1,35006KT,12,12
2009-06-06 02:00:00.000,2009,6,6,2,02004KT,12,12
2009-06-06 03:00:00.000,2009,6,6,3,36006KT,12,12
2009-06-06 04:00:00.000,2009,6,6,4,03006KT,12,11
2009-06-06 05:00:00.000,2009,6,6,5,00000KT,12,11
2009-06-06 06:00:00.000,2009,6,6,6,06006KT,11,10
2009-06-06 07:00:00.000,2009,6,6,7,00000KT,11,10
2009-06-06 08:00:00.000,2009,6,6,8,00000KT,11,10
2009-06-06 09:00:00.000,2009,6,6,9,00000KT,11,10
2009-06-06 10:00:00.000,2009,6,6,10,00000KT,11,10
2009-06-06 11:00:00.000,2009,6,6,11,28004KT,12,11
2009-06-06 12:00:00.000,2009,6,6,12,00000KT,13,11
2009-06-06 13:00:00.000,2009,6,6,13,VRB02KT,15,11
2009-06-06 14:00:00.000,2009,6,6,14,VRB02KT,15,12
2009-06-06 15:00:00.000,2009,6,6,15,18012KT,16,10
2009-06-06 16:00:00.000,2009,6,6,16,16010KT,17,10
2009-06-06 17:00:00.000,2009,6,6,17,15015KT,18,10
2009-06-06 18:00:00.000,2009,6,6,18,18020KT,19,10
2009-06-06 19:00:00.000,2009,6,6,19,15011KT,18,10
2009-06-06 20:00:00.000,2009,6,6,20,17010KT,20,09
2009-06-06 21:00:00.000,2009,6,6,21,15010KT,18,09
2009-06-06 22:00:00.000,2009,6,6,22,14011KT,17,08
2009-06-06 23:00:00.000,2009,6,6,23,14009KT,15,09
2009-06-07 00:00:00.000,2009,6,7,0,14006KT,14,09
2009-06-07 01:00:00.000,2009,6,7,1,02003KT,13,09
2009-06-07 02:00:00.000,2009,6,7,2,33005KT,13,09
2009-06-07 03:00:00.000,2009,6,7,3,32003KT,13,10
2009-06-07 04:00:00.000,2009,6,7,4,05004KT,12,10
2009-06-07 05:00:00.000,2009,6,7,5,34004KT,12,10
2009-06-07 06:00:00.000,2009,6,7,6,04003KT,11,09
2009-06-07 07:00:00.000,2009,6,7,7,03003KT,12,10
2009-06-07 08:00:00.000,2009,6,7,8,05005KT,12,10
2009-06-07 09:00:00.000,2009,6,7,9,33003KT,12,10
2009-06-07 10:00:00.000,2009,6,7,10,VRB02KT,11,10
2009-06-07 11:00:00.000,2009,6,7,11,03003KT,11,10
2009-06-07 12:00:00.000,2009,6,7,12,03004KT,12,11
2009-06-07 13:00:00.000,2009,6,7,13,04003KT,14,11
2009-06-07 14:00:00.000,2009,6,7,14,33003KT,15,11
2009-06-07 15:00:00.000,2009,6,7,15,09004KT,18,11
2009-06-07 16:00:00.000,2009,6,7,16,15006KT,18,10
2009-06-07 17:00:00.000,2009,6,7,17,16004KT,20,09
2009-06-07 18:00:00.000,2009,6,7,18,09004KT,17,12
2009-06-07 19:00:00.000,2009,6,7,19,29012KT,17,12
2009-06-07 20:00:00.000,2009,6,7,20,05010KT,16,13
2009-06-07 21:00:00.000,2009,6,7,21,06012KT,14,13
2009-06-07 22:00:00.000,2009,6,7,22,04008KT,14,12
2009-06-07 23:00:00.000,2009,6,7,23,03008KT,13,12
2009-06-08 00:00:00.000,2009,6,8,0,VRB02KT,12,11
2009-06-08 02:00:00.000,2009,6,8,2,05004KT,12,11
2009-06-08 03:00:00.000,2009,6,8,3,VRB02KT,13,11
2009-06-08 04:00:00.000,2009,6,8,4,00000KT,13,11
2009-06-08 05:00:00.000,2009,6,8,5,VRB02KT,12,11
2009-06-08 06:00:00.000,2009,6,8,6,14004KT,12,11
2009-06-08 09:00:00.000,2009,6,8,9,05003KT,11,11
2009-06-08 10:00:00.000,2009,6,8,10,04006KT,11,10
2009-06-08 11:00:00.000,2009,6,8,11,07005KT,11,09
2009-06-08 12:00:00.000,2009,6,8,12,06006KT,13,11
2009-06-08 13:00:00.000,2009,6,8,13,06010KT,15,12
2009-06-08 14:00:00.000,2009,6,8,14,04008KT,17,12
2009-06-08 15:00:00.000,2009,6,8,15,08011KT,19,10
2009-06-08 16:00:00.000,2009,6,8,16,05010KT,18,11
2009-06-08 17:00:00.000,2009,6,8,17,06012KT,19,10
2009-06-08 18:00:00.000,2009,6,8,18,10010KT,18,10
2009-06-08 20:00:00.000,2009,6,8,20,13009KT,18,10
2009-06-08 21:00:00.000,2009,6,8,21,16009KT,17,10
2009-06-08 22:00:00.000,2009,6,8,22,12006KT,16,10
2009-06-08 23:00:00.000,2009,6,8,23,18006KT,16,10
2009-06-09 00:00:00.000,2009,6,9,0,04006KT,14,11
2009-06-09 01:00:00.000,2009,6,9,1,04006KT,13,10
2009-06-09 02:00:00.000,2009,6,9,2,08004KT,12,11
2009-06-09 03:00:00.000,2009,6,9,3,05006KT,12,10
2009-06-09 04:00:00.000,2009,6,9,4,00000KT,11,10
2009-06-09 05:00:00.000,2009,6,9,5,04004KT,11,10
2009-06-09 06:00:00.000,2009,6,9,6,00000KT,10,09
2009-06-09 08:00:00.000,2009,6,9,8,00000KT,09,09
2009-06-09 09:00:00.000,2009,6,9,9,00000KT,09,09
2009-06-09 10:00:00.000,2009,6,9,10,00000KT,09,09
2009-06-09 11:00:00.000,2009,6,9,11,09004KT,10,09
2009-06-09 12:00:00.000,2009,6,9,12,07006KT,11,09
2009-06-09 13:00:00.000,2009,6,9,13,06007KT,13,10
2009-06-09 14:00:00.000,2009,6,9,14,09006KT,16,11
2009-06-09 15:00:00.000,2009,6,9,15,04006KT,19,11
2009-06-09 16:00:00.000,2009,6,9,16,18009KT,21,19
2009-06-09 17:00:00.000,2009,6,9,17,14010KT,19,08
2009-06-09 18:00:00.000,2009,6,9,18,16010KT,21,08
2009-06-09 19:00:00.000,2009,6,9,19,13008KT,21,10
2009-06-09 20:00:00.000,2009,6,9,20,07010KT,21,11
2009-06-09 21:00:00.000,2009,6,9,21,14010KT,19,11
2009-06-09 22:00:00.000,2009,6,9,22,11006KT,17,12
2009-06-09 23:00:00.000,2009,6,9,23,03006KT,16,11
2009-06-10 00:00:00.000,2009,6,10,0,11006KT,15,10
2009-06-10 01:00:00.000,2009,6,10,1,15007KT,15,10
2009-06-10 03:00:00.000,2009,6,10,3,10008KT,14,10
2009-06-10 04:00:00.000,2009,6,10,4,14007KT,14,09
2009-06-10 06:00:00.000,2009,6,10,6,03003KT,13,10
2009-06-10 07:00:00.000,2009,6,10,7,05005KT,13,10
2009-06-10 08:00:00.000,2009,6,10,8,01006KT,13,10
2009-06-10 09:00:00.000,2009,6,10,9,04004KT,13,10
2009-06-10 10:00:00.000,2009,6,10,10,03005KT,12,10
2009-06-10 11:00:00.000,2009,6,10,11,35005KT,13,11
2009-06-10 12:00:00.000,2009,6,10,12,02004KT,13,11
2009-06-10 13:00:00.000,2009,6,10,13,03006KT,15,10
2009-06-10 14:00:00.000,2009,6,10,14,01003KT,16,10
2009-06-10 15:00:00.000,2009,6,10,15,27003KT,16,11
2009-06-10 16:00:00.000,2009,6,10,16,22004KT,18,11
2009-06-10 17:00:00.000,2009,6,10,17,28010KT,17,13
2009-06-10 18:00:00.000,2009,6,10,18,28006KT,18,12
2009-06-10 19:00:00.000,2009,6,10,19,30008KT,12,11
2009-06-10 20:00:00.000,2009,6,10,20,01003KT,13,12
2009-06-10 21:00:00.000,2009,6,10,21,32003KT,14,13
2009-06-10 22:00:00.000,2009,6,10,22,31003KT,14,12
2009-06-10 23:00:00.000,2009,6,10,23,30004KT,14,12
2009-06-11 00:00:00.000,2009,6,11,0,03004KT,13,12
2009-06-11 01:00:00.000,2009,6,11,1,00000KT,13,11
2009-06-11 02:00:00.000,2009,6,11,2,00000KT,13,11
2009-06-11 03:00:00.000,2009,6,11,3,00000KT,13,11
2009-06-11 04:00:00.000,2009,6,11,4,03006KT,13,11
2009-06-11 05:00:00.000,2009,6,11,5,04008KT,12,11
2009-06-11 06:00:00.000,2009,6,11,6,05008KT,11,10
2009-06-11 07:00:00.000,2009,6,11,7,04004KT,12,11
2009-06-11 08:00:00.000,2009,6,11,8,04008KT,11,10
2009-06-11 09:00:00.000,2009,6,11,9,06006KT,11,10
2009-06-11 10:00:00.000,2009,6,11,10,06006KT,11,10
2009-06-11 11:00:00.000,2009,6,11,11,05004KT,11,09
2009-06-11 13:00:00.000,2009,6,11,13,06006KT,14,10
2009-06-11 14:00:00.000,2009,6,11,14,03007KT,16,11
2009-06-11 15:00:00.000,2009,6,11,15,12008KT,18,09
2009-06-11 16:00:00.000,2009,6,11,16,04008KT,19,10
2009-06-11 17:00:00.000,2009,6,11,17,10010KT,20,11
2009-06-11 18:00:00.000,2009,6,11,18,09015KT,20,10
2009-06-11 19:00:00.000,2009,6,11,19,17010KT,30,09
2009-06-11 20:00:00.000,2009,6,11,20,17010KT,19,10
2009-06-11 21:00:00.000,2009,6,11,21,14006KT,18,09
2009-06-11 22:00:00.000,2009,6,11,22,05004KT,18,10
2009-06-11 23:00:00.000,2009,6,11,23,07004KT,16,09
2009-06-12 00:00:00.000,2009,6,12,0,03005KT,13,10
2009-06-12 01:00:00.000,2009,6,12,1,VRB02KT,13,10
2009-06-12 02:00:00.000,2009,6,12,2,04003KT,11,10
2009-06-12 03:00:00.000,2009,6,12,3,02003KT,12,10
2009-06-12 04:00:00.000,2009,6,12,4,VRB02KT,11,10
2009-06-12 06:00:00.000,2009,6,12,6,VRB02KT,09,08
2009-06-12 07:00:00.000,2009,6,12,7,06004KT,10,10
2009-06-12 08:00:00.000,2009,6,12,8,03004KT,10,09
2009-06-12 09:00:00.000,2009,6,12,9,32003KT,11,10
2009-06-12 10:00:00.000,2009,6,12,10,VRB02KT,11,10
2009-06-12 11:00:00.000,2009,6,12,11,06005KT,11,10
2009-06-12 12:00:00.000,2009,6,12,12,05006KT,11,10
2009-06-12 13:00:00.000,2009,6,12,13,03006KT,11,10
2009-06-12 14:00:00.000,2009,6,12,14,05005KT,13,11
2009-06-12 15:00:00.000,2009,6,12,15,VRB02KT,16,11
2009-06-12 16:00:00.000,2009,6,12,16,15006KT,18,12
2009-06-12 17:00:00.000,2009,6,12,17,19012KT,19,11
2009-06-12 18:00:00.000,2009,6,12,18,17010KT,19,10
2009-06-12 19:00:00.000,2009,6,12,19,18014KT,20,11
2009-06-12 20:00:00.000,2009,6,12,20,15012KT,18,10
2009-06-12 21:00:00.000,2009,6,12,21,14010KT,17,08
2009-06-12 22:00:00.000,2009,6,12,22,VRB02KT,16,10
2009-06-12 23:00:00.000,2009,6,12,23,VRB02KT,15,10
2009-06-13 01:00:00.000,2009,6,13,1,13003KT,14,10
2009-06-13 03:00:00.000,2009,6,13,3,VRB02KT,13,10
2009-06-13 04:00:00.000,2009,6,13,4,VRB02KT,13,10
2009-06-13 05:00:00.000,2009,6,13,5,VRB02KT,12,10
2009-06-13 06:00:00.000,2009,6,13,6,VRB02KT,11,09
2009-06-13 07:00:00.000,2009,6,13,7,VRB02KT,10,09
2009-06-13 08:00:00.000,2009,6,13,8,35004KT,11,09
2009-06-13 09:00:00.000,2009,6,13,9,VRB02KT,11,09
2009-06-13 10:00:00.000,2009,6,13,10,VRB02KT,11,10
2009-06-13 11:00:00.000,2009,6,13,11,VRB02KT,11,11
2009-06-13 12:00:00.000,2009,6,13,12,09006KT,11,11
2009-06-13 13:00:00.000,2009,6,13,13,04008KT,12,11
2009-06-13 14:00:00.000,2009,6,13,14,05006KT,12,11
2009-06-13 15:00:00.000,2009,6,13,15,05006KT,14,11
2009-06-13 16:00:00.000,2009,6,13,16,22006KT,13,12
2009-06-13 22:00:00.000,2009,6,13,22,20008KT,15,12
2009-06-14 11:00:00.000,2009,6,14,11,34004KT,22,22
2009-06-14 12:00:00.000,2009,6,14,12,VRB02KT,11,10
2009-06-14 17:00:00.000,2009,6,14,17,28007KT,18,10
2009-06-14 18:00:00.000,2009,6,14,18,15018KT,17,11
2009-06-14 19:00:00.000,2009,6,14,19,27003KT,15,10
2009-06-14 20:00:00.000,2009,6,14,20,26006KT,17,01
2009-06-14 21:00:00.000,2009,6,14,21,26008KT,16,12
2009-06-14 22:00:00.000,2009,6,14,22,29006KT,17,12
2009-06-14 23:00:00.000,2009,6,14,23,31006KT,15,11
2009-06-15 00:00:00.000,2009,6,15,0,30006KT,13,12
2009-06-15 01:00:00.000,2009,6,15,1,28007KT,13,12
2009-06-15 02:00:00.000,2009,6,15,2,28006KT,13,12
2009-06-15 03:00:00.000,2009,6,15,3,26004KT,13,12
2009-06-15 04:00:00.000,2009,6,15,4,31004KT,12,11
2009-06-15 05:00:00.000,2009,6,15,5,VRB02KT,12,11
2009-06-15 11:00:00.000,2009,6,15,11,31003KT,09,09
2009-06-15 12:00:00.000,2009,6,15,12,VRB02KT,10,09
2009-06-15 13:00:00.000,2009,6,15,13,17003KT,13,10
2009-06-15 14:00:00.000,2009,6,15,14,02004KT,15,10
2009-06-15 17:00:00.000,2009,6,15,17,35007KT,20,13
2009-06-15 18:00:00.000,2009,6,15,18,04008KT,21,11
2009-06-15 19:00:00.000,2009,6,15,19,04006KT,20,11
2009-06-15 20:00:00.000,2009,6,15,20,29006KT,21,20
2009-06-15 21:00:00.000,2009,6,15,21,30012KT,16,13
2009-06-15 22:00:00.000,2009,6,15,22,27006KT,16,13
2009-06-15 23:00:00.000,2009,6,15,23,21006KT,15,12
2009-06-16 00:00:00.000,2009,6,16,0,31005KT,14,12
2009-06-16 01:00:00.000,2009,6,16,1,30004KT,14,12
2009-06-16 02:00:00.000,2009,6,16,2,35004KT,14,12
2009-06-16 03:00:00.000,2009,6,16,3,07003KT,14,12
2009-06-16 04:00:00.000,2009,6,16,4,03006KT,13,12
2009-06-16 05:00:00.000,2009,6,16,5,06003KT,13,12
2009-06-16 06:00:00.000,2009,6,16,6,04003KT,12,11
2009-06-16 07:00:00.000,2009,6,16,7,07003KT,12,10
2009-06-16 08:00:00.000,2009,6,16,8,05004KT,12,10
2009-06-16 09:00:00.000,2009,6,16,9,05005KT,12,10
2009-06-16 10:00:00.000,2009,6,16,10,06006KT,12,10
2009-06-16 11:00:00.000,2009,6,16,11,04006KT,12,10
2009-06-16 12:00:00.000,2009,6,16,12,05009KT,13,10
2009-06-16 13:00:00.000,2009,6,16,13,07006KT,14,11
2009-06-16 14:00:00.000,2009,6,16,14,06012KT,16,10
2009-06-16 15:00:00.000,2009,6,16,15,11012KT,18,10
2009-06-16 16:00:00.000,2009,6,16,16,13014KT,18,08
2009-06-16 17:00:00.000,2009,6,16,17,14018KT,18,08
2009-06-16 20:00:00.000,2009,6,16,20,12015KT,19,07
2009-06-16 21:00:00.000,2009,6,16,21,10010KT,20,07
2009-06-16 22:00:00.000,2009,6,16,22,07009KT,19,07
2009-06-16 23:00:00.000,2009,6,16,23,08007KT,16,07
2009-06-17 00:00:00.000,2009,6,17,0,11012KT,15,07
2009-06-17 01:00:00.000,2009,6,17,1,09012KT,15,06
2009-06-17 02:00:00.000,2009,6,17,2,10008KT,14,07
2009-06-17 03:00:00.000,2009,6,17,3,33003KT,12,07
2009-06-17 04:00:00.000,2009,6,17,4,05003KT,11,07
2009-06-17 05:00:00.000,2009,6,17,5,03003KT,10,07
2009-06-17 06:00:00.000,2009,6,17,6,18006KT,11,07
2009-06-17 07:00:00.000,2009,6,17,7,03004KT,10,08
2009-06-17 08:00:00.000,2009,6,17,8,03004KT,10,08
2009-06-17 09:00:00.000,2009,6,17,9,02006KT,10,08
2009-06-17 10:00:00.000,2009,6,17,10,09008KT,11,07
2009-06-17 11:00:00.000,2009,6,17,11,04008KT,11,07
2009-06-17 12:00:00.000,2009,6,17,12,09008KT,12,08
2009-06-17 13:00:00.000,2009,6,17,13,06006KT,13,08
2009-06-17 14:00:00.000,2009,6,17,14,03006KT,15,10
2009-06-17 15:00:00.000,2009,6,17,15,VRB02KT,18,08
2009-06-17 16:00:00.000,2009,6,17,16,14012KT,20,07
2009-06-17 18:00:00.000,2009,6,17,18,11010KT,20,09
2009-06-17 19:00:00.000,2009,6,17,19,18010KT,19,08
2009-06-17 20:00:00.000,2009,6,17,20,13010KT,18,08
2009-06-17 21:00:00.000,2009,6,17,21,12010KT,18,09
2009-06-17 22:00:00.000,2009,6,17,22,11008KT,17,09
2009-06-17 23:00:00.000,2009,6,17,23,15008KT,16,09
2009-06-18 00:00:00.000,2009,6,18,0,12006KT,15,10
2009-06-18 01:00:00.000,2009,6,18,1,13008KT,14,09
2009-06-18 03:00:00.000,2009,6,18,3,06005KT,12,10
2009-06-18 04:00:00.000,2009,6,18,4,02005KT,12,10
2009-06-18 05:00:00.000,2009,6,18,5,04005KT,12,10
2009-06-18 06:00:00.000,2009,6,18,6,05006KT,12,10
2009-06-18 07:00:00.000,2009,6,18,7,06004KT,11,09
2009-06-18 08:00:00.000,2009,6,18,8,05005KT,10,09
2009-06-18 09:00:00.000,2009,6,18,9,04007KT,11,09
2009-06-18 10:00:00.000,2009,6,18,10,09004KT,12,09
2009-06-18 11:00:00.000,2009,6,18,11,06004KT,11,09
2009-06-18 12:00:00.000,2009,6,18,12,10008KT,13,09
2009-06-18 13:00:00.000,2009,6,18,13,11009KT,15,09
2009-06-18 14:00:00.000,2009,6,18,14,11012KT,17,09
2009-06-18 15:00:00.000,2009,6,18,15,11012KT,17,09
2009-06-18 16:00:00.000,2009,6,18,16,14010KT,17,09
2009-06-18 17:00:00.000,2009,6,18,17,10012KT,17,10
2009-06-18 18:00:00.000,2009,6,18,18,15014KT,17,10
2009-06-18 19:00:00.000,2009,6,18,19,09007KT,18,10
2009-06-18 20:00:00.000,2009,6,18,20,09012KT,16,11
2009-06-18 21:00:00.000,2009,6,18,21,11008KT,18,10
2009-06-18 22:00:00.000,2009,6,18,22,09006KT,17,10
2009-06-18 23:00:00.000,2009,6,18,23,14008KT,15,09
2009-06-19 00:00:00.000,2009,6,19,0,13006KT,15,08
2009-06-19 01:00:00.000,2009,6,19,1,09005KT,15,10
2009-06-19 02:00:00.000,2009,6,19,2,08006KT,14,10
2009-06-19 03:00:00.000,2009,6,19,3,08005KT,13,11
2009-06-19 04:00:00.000,2009,6,19,4,VRB02KT,12,10
2009-06-19 05:00:00.000,2009,6,19,5,VRB02KT,11,09
2009-06-19 06:00:00.000,2009,6,19,6,VRB02KT,10,09
2009-06-19 07:00:00.000,2009,6,19,7,VRB02KT,10,09
2009-06-19 08:00:00.000,2009,6,19,8,00000KT,09,08
2009-06-19 09:00:00.000,2009,6,19,9,00000KT,09,09
2009-06-19 10:00:00.000,2009,6,19,10,00000KT,09,08
2009-06-19 11:00:00.000,2009,6,19,11,04004KT,09,08
2009-06-19 12:00:00.000,2009,6,19,12,00000KT,10,08
2009-06-19 13:00:00.000,2009,6,19,13,03005KT,14,10
2009-06-19 14:00:00.000,2009,6,19,14,06003KT,16,10
2009-06-19 15:00:00.000,2009,6,19,15,25004KT,16,09
2009-06-19 16:00:00.000,2009,6,19,16,09011KT,17,09
2009-06-19 17:00:00.000,2009,6,19,17,11010KT,18,09
2009-06-19 18:00:00.000,2009,6,19,18,12009KT,18,09
2009-06-19 19:00:00.000,2009,6,19,19,11010KT,18,09
2009-06-19 20:00:00.000,2009,6,19,20,16006KT,19,09
2009-06-19 21:00:00.000,2009,6,19,21,20006KT,18,09
2009-06-19 22:00:00.000,2009,6,19,22,02006KT,17,09
2009-06-19 23:00:00.000,2009,6,19,23,05010KT,17,09
2009-06-20 00:00:00.000,2009,6,20,0,06007KT,14,10
2009-06-20 01:00:00.000,2009,6,20,1,01005KT,13,10
2009-06-20 02:00:00.000,2009,6,20,2,07005KT,14,10
2009-06-20 03:00:00.000,2009,6,20,3,24005KT,13,10
2009-06-20 04:00:00.000,2009,6,20,4,02004KT,13,10
2009-06-20 05:00:00.000,2009,6,20,5,VRB02KT,12,10
2009-06-20 06:00:00.000,2009,6,20,6,01004KT,12,11
2009-06-20 07:00:00.000,2009,6,20,7,VRB02KT,11,11
2009-06-20 08:00:00.000,2009,6,20,8,00000KT,11,10
2009-06-20 09:00:00.000,2009,6,20,9,07005KT,10,09
2009-06-20 10:00:00.000,2009,6,20,10,07004KT,11,09
2009-06-20 11:00:00.000,2009,6,20,11,03006KT,11,10
2009-06-20 12:00:00.000,2009,6,20,12,05007KT,12,10
2009-06-20 13:00:00.000,2009,6,20,13,03008KT,14,11
2009-06-20 14:00:00.000,2009,6,20,14,05008KT,16,10
2009-06-20 15:00:00.000,2009,6,20,15,09006KT,17,10
2009-06-20 16:00:00.000,2009,6,20,16,12007KT,18,10
2009-06-20 17:00:00.000,2009,6,20,17,05011KT,17,10
2009-06-20 18:00:00.000,2009,6,20,18,15013KT,18,10
2009-06-20 19:00:00.000,2009,6,20,19,14010KT,17,10
2009-06-20 20:00:00.000,2009,6,20,20,13011KT,19,10
2009-06-20 21:00:00.000,2009,6,20,21,15008KT,19,10
2009-06-20 22:00:00.000,2009,6,20,22,08005KT,17,09
2009-06-20 23:00:00.000,2009,6,20,23,05007KT,16,09
2009-06-21 00:00:00.000,2009,6,21,0,13006KT,15,08
2009-06-21 01:00:00.000,2009,6,21,1,VRB02KT,14,08
2009-06-21 02:00:00.000,2009,6,21,2,VRB02KT,12,09
2009-06-21 03:00:00.000,2009,6,21,3,03004KT,12,09
2009-06-21 04:00:00.000,2009,6,21,4,VRB02KT,11,09
2009-06-21 05:00:00.000,2009,6,21,5,01004KT,11,09
2009-06-21 06:00:00.000,2009,6,21,6,33004KT,09,08
2009-06-21 07:00:00.000,2009,6,21,7,VRB02KT,09,08
2009-06-21 08:00:00.000,2009,6,21,8,VRB02KT,09,08
2009-06-21 09:00:00.000,2009,6,21,9,27004KT,08,08
2009-06-21 10:00:00.000,2009,6,21,10,33004KT,08,08
2009-06-21 11:00:00.000,2009,6,21,11,03004KT,08,08
2009-06-21 12:00:00.000,2009,6,21,12,00000KT,08,08
2009-06-21 13:00:00.000,2009,6,21,13,VRB02KT,13,10
2009-06-21 14:00:00.000,2009,6,21,14,07007KT,15,10
2009-06-21 15:00:00.000,2009,6,21,15,04006KT,17,10
2009-06-21 16:00:00.000,2009,6,21,16,02006KT,18,10
2009-06-21 17:00:00.000,2009,6,21,17,01006KT,17,10
2009-06-21 18:00:00.000,2009,6,21,18,31004KT,18,10
2009-06-21 19:00:00.000,2009,6,21,19,VRB02KT,19,09
2009-06-21 20:00:00.000,2009,6,21,20,03004KT,19,09
2009-06-21 21:00:00.000,2009,6,21,21,30005KT,17,11
2009-06-21 22:00:00.000,2009,6,21,22,32006KT,15,11
2009-06-21 23:00:00.000,2009,6,21,23,31006KT,14,11
2009-06-22 00:00:00.000,2009,6,22,0,VRB02KT,13,11
2009-06-22 01:00:00.000,2009,6,22,1,34004KT,13,10
2009-06-22 02:00:00.000,2009,6,22,2,00000KT,12,10
2009-06-22 03:00:00.000,2009,6,22,3,VRB02KT,13,09
2009-06-22 04:00:00.000,2009,6,22,4,VRB02KT,13,10
2009-06-22 05:00:00.000,2009,6,22,5,VRB02KT,12,10
2009-06-22 06:00:00.000,2009,6,22,6,32004KT,12,10
2009-06-22 07:00:00.000,2009,6,22,7,VRB02KT,12,10
2009-06-22 08:00:00.000,2009,6,22,8,VRB02KT,12,10
2009-06-22 09:00:00.000,2009,6,22,9,03007KT,12,10
2009-06-22 10:00:00.000,2009,6,22,10,05008KT,11,10
2009-06-22 11:00:00.000,2009,6,22,11,05006KT,10,09
2009-06-22 12:00:00.000,2009,6,22,12,04006KT,12,10
2009-06-22 13:00:00.000,2009,6,22,13,03008KT,14,10
2009-06-22 14:00:00.000,2009,6,22,14,06006KT,15,10
2009-06-22 15:00:00.000,2009,6,22,15,04004KT,16,10
2009-06-22 16:00:00.000,2009,6,22,16,04004KT,17,10
2009-06-22 17:00:00.000,2009,6,22,17,03004KT,18,10
2009-06-22 18:00:00.000,2009,6,22,18,23008KT,15,12
2009-06-22 19:00:00.000,2009,6,22,19,26008KT,17,12
2009-06-22 20:00:00.000,2009,6,22,20,27010KT,15,11
2009-06-22 21:00:00.000,2009,6,22,21,36008KT,14,12
2009-06-22 22:00:00.000,2009,6,22,22,34008KT,13,12
2009-06-22 23:00:00.000,2009,6,22,23,30006KT,13,12
2009-06-23 00:00:00.000,2009,6,23,0,VRB02KT,13,12
2009-06-23 01:00:00.000,2009,6,23,1,30004KT,13,11
2009-06-23 02:00:00.000,2009,6,23,2,VRB02KT,12,11
2009-06-23 03:00:00.000,2009,6,23,3,VRB02KT,11,11
2009-06-23 04:00:00.000,2009,6,23,4,00000KT,11,11
2009-06-23 05:00:00.000,2009,6,23,5,00000KT,11,10
2009-06-23 06:00:00.000,2009,6,23,6,VRB02KT,10,10
2009-06-23 07:00:00.000,2009,6,23,7,00000KT,10,10
2009-06-23 08:00:00.000,2009,6,23,8,00000KT,09,09
2009-06-23 09:00:00.000,2009,6,23,9,VRB02KT,09,09
2009-06-23 10:00:00.000,2009,6,23,10,VRB02KT,10,10
2009-06-23 11:00:00.000,2009,6,23,11,03003KT,09,09
2009-06-23 12:00:00.000,2009,6,23,12,VRB02KT,10,10
2009-06-23 13:00:00.000,2009,6,23,13,VRB02KT,13,11
2009-06-23 14:00:00.000,2009,6,23,14,VRB02KT,16,11
2009-06-23 15:00:00.000,2009,6,23,15,VRB02KT,17,10
2009-06-23 16:00:00.000,2009,6,23,16,VRB02KT,16,10
2009-06-23 17:00:00.000,2009,6,23,17,07008KT,15,10
2009-06-23 18:00:00.000,2009,6,23,18,24008KT,15,12
2009-06-23 19:00:00.000,2009,6,23,19,22006KT,14,12
2009-06-23 20:00:00.000,2009,6,23,20,15010KT,15,11
2009-06-23 21:00:00.000,2009,6,23,21,11004KT,15,10
2009-06-23 22:00:00.000,2009,6,23,22,05006KT,15,10
2009-06-23 23:00:00.000,2009,6,23,23,03005KT,14,10
2009-06-24 00:00:00.000,2009,6,24,0,04008KT,14,09
2009-06-24 01:00:00.000,2009,6,24,1,04006KT,13,10
2009-06-24 02:00:00.000,2009,6,24,2,05004KT,12,09
2009-06-24 03:00:00.000,2009,6,24,3,06006KT,12,10
2009-06-24 04:00:00.000,2009,6,24,4,05006KT,12,10
2009-06-24 05:00:00.000,2009,6,24,5,VRB02KT,11,09
2009-06-24 06:00:00.000,2009,6,24,6,VRB02KT,10,08
2009-06-24 07:00:00.000,2009,6,24,7,VRB02KT,09,09
2009-06-24 08:00:00.000,2009,6,24,8,VRB02KT,09,08
2009-06-24 09:00:00.000,2009,6,24,9,00000KT,08,08
2009-06-24 10:00:00.000,2009,6,24,10,VRB02KT,08,08
2009-06-24 11:00:00.000,2009,6,24,11,00000KT,07,07
2009-06-24 12:00:00.000,2009,6,24,12,05006KT,09,09
2009-06-24 13:00:00.000,2009,6,24,13,VRB02KT,12,10
2009-06-24 14:00:00.000,2009,6,24,14,06006KT,15,10
2009-06-24 15:00:00.000,2009,6,24,15,09010KT,18,10
2009-06-24 16:00:00.000,2009,6,24,16,11007KT,17,09
2009-06-24 17:00:00.000,2009,6,24,17,10008KT,17,09
2009-06-24 18:00:00.000,2009,6,24,18,14008KT,16,10
2009-06-24 19:00:00.000,2009,6,24,19,09007KT,17,09
2009-06-24 20:00:00.000,2009,6,24,20,06006KT,17,10
2009-06-24 21:00:00.000,2009,6,24,21,15006KT,16,11
2009-06-24 22:00:00.000,2009,6,24,22,11012KT,18,09
2009-06-24 23:00:00.000,2009,6,24,23,13008KT,16,08
2009-06-25 00:00:00.000,2009,6,25,0,32003KT,13,08
2009-06-25 01:00:00.000,2009,6,25,1,35003KT,12,08
2009-06-25 02:00:00.000,2009,6,25,2,31004KT,11,07
2009-06-25 03:00:00.000,2009,6,25,3,00000KT,09,07
2009-06-25 04:00:00.000,2009,6,25,4,00000KT,08,07
2009-06-25 05:00:00.000,2009,6,25,5,07003KT,07,06
2009-06-25 06:00:00.000,2009,6,25,6,05004KT,07,06
2009-06-25 07:00:00.000,2009,6,25,7,04003KT,07,07
2009-06-25 08:00:00.000,2009,6,25,8,35005KT,06,06
2009-06-25 09:00:00.000,2009,6,25,9,02003KT,06,05
2009-06-25 10:00:00.000,2009,6,25,10,25004KT,06,05
2009-06-25 11:00:00.000,2009,6,25,11,36003KT,05,05
2009-06-25 12:00:00.000,2009,6,25,12,VRB02KT,06,06
2009-06-25 13:00:00.000,2009,6,25,13,35004KT,09,09
2009-06-25 14:00:00.000,2009,6,25,14,VRB02KT,14,10
2009-06-25 15:00:00.000,2009,6,25,15,VRB02KT,15,10
2009-06-25 16:00:00.000,2009,6,25,16,05004KT,16,10
2009-06-25 17:00:00.000,2009,6,25,17,06006KT,17,12
2009-06-25 18:00:00.000,2009,6,25,18,05010KT,18,10
2009-06-25 19:00:00.000,2009,6,25,19,09010KT,19,10
2009-06-25 20:00:00.000,2009,6,25,20,10010KT,16,11
2009-06-25 21:00:00.000,2009,6,25,21,07008KT,17,09
2009-06-25 22:00:00.000,2009,6,25,22,08010KT,16,09
2009-06-25 23:00:00.000,2009,6,25,23,08008KT,15,08
2009-06-26 00:00:00.000,2009,6,26,0,07008KT,14,08
2009-06-26 01:00:00.000,2009,6,26,1,05008KT,13,08
2009-06-26 02:00:00.000,2009,6,26,2,05006KT,13,09
2009-06-26 03:00:00.000,2009,6,26,3,03008KT,12,09
2009-06-26 04:00:00.000,2009,6,26,4,04006KT,12,09
2009-06-26 05:00:00.000,2009,6,26,5,04006KT,11,10
2009-06-26 06:00:00.000,2009,6,26,6,04006KT,10,08
2009-06-26 07:00:00.000,2009,6,26,7,05006KT,10,08
2009-06-26 08:00:00.000,2009,6,26,8,04004KT,10,07
2009-06-26 09:00:00.000,2009,6,26,9,05006KT,11,07
2009-06-26 10:00:00.000,2009,6,26,10,07008KT,11,08
2009-06-26 11:00:00.000,2009,6,26,11,11008KT,11,07
2009-06-26 12:00:00.000,2009,6,26,12,09010KT,12,08
2009-06-26 13:00:00.000,2009,6,26,13,08010KT,14,09
2009-06-26 14:00:00.000,2009,6,26,14,VRB02KT,16,09
2009-06-26 15:00:00.000,2009,6,26,15,17012KT,17,09
2009-06-26 16:00:00.000,2009,6,26,16,11010KT,17,09
2009-06-26 17:00:00.000,2009,6,26,17,15014KT,19,09
2009-06-26 18:00:00.000,2009,6,26,18,16016KT,19,08
2009-06-26 19:00:00.000,2009,6,26,19,15012KT,18,10
2009-06-26 20:00:00.000,2009,6,26,20,15012KT,19,08
2009-06-26 21:00:00.000,2009,6,26,21,14014KT,18,08
2009-06-26 22:00:00.000,2009,6,26,22,12014KT,18,08
2009-06-26 23:00:00.000,2009,6,26,23,15014KT,16,08
2009-06-27 00:00:00.000,2009,6,27,0,14008KT,14,08
2009-06-27 01:00:00.000,2009,6,27,1,14007KT,13,07
2009-06-27 03:00:00.000,2009,6,27,3,15006KT,14,08
2009-06-27 04:00:00.000,2009,6,27,4,16005KT,12,09
2009-06-27 05:00:00.000,2009,6,27,5,17004KT,13,09
2009-06-27 06:00:00.000,2009,6,27,6,06004KT,12,10
2009-06-27 07:00:00.000,2009,6,27,7,07003KT,11,10
2009-06-27 08:00:00.000,2009,6,27,8,06004KT,11,08
2009-06-27 09:00:00.000,2009,6,27,9,03004KT,10,08
2009-06-27 10:00:00.000,2009,6,27,10,07004KT,09,08
2009-06-27 11:00:00.000,2009,6,27,11,06004KT,10,09
2009-06-27 12:00:00.000,2009,6,27,12,02005KT,12,10
2009-06-27 13:00:00.000,2009,6,27,13,03005KT,14,10
2009-06-27 14:00:00.000,2009,6,27,14,31003KT,13,12
2009-06-27 15:00:00.000,2009,6,27,15,12010KT,16,09
2009-06-27 16:00:00.000,2009,6,27,16,15012KT,17,09
2009-06-27 17:00:00.000,2009,6,27,17,15012KT,18,09
2009-06-27 18:00:00.000,2009,6,27,18,16014KT,19,09
2009-06-27 19:00:00.000,2009,6,27,19,15014KT,19,08
2009-06-27 20:00:00.000,2009,6,27,20,13012KT,19,09
2009-06-27 21:00:00.000,2009,6,27,21,10012KT,18,09
2009-06-27 22:00:00.000,2009,6,27,22,10008KT,17,09
2009-06-27 23:00:00.000,2009,6,27,23,09003KT,16,09
2009-06-28 00:00:00.000,2009,6,28,0,09008KT,14,09
2009-06-28 01:00:00.000,2009,6,28,1,11007KT,13,08
2009-06-28 02:00:00.000,2009,6,28,2,09006KT,13,08
2009-06-28 03:00:00.000,2009,6,28,3,11010KT,12,07
2009-06-28 04:00:00.000,2009,6,28,4,13012KT,13,08
2009-06-28 05:00:00.000,2009,6,28,5,11008KT,13,08
2009-06-28 06:00:00.000,2009,6,28,6,21007KT,13,09
2009-06-28 07:00:00.000,2009,6,28,7,17008KT,11,10
2009-06-28 08:00:00.000,2009,6,28,8,13006KT,11,09
2009-06-28 09:00:00.000,2009,6,28,9,10004KT,11,09
2009-06-28 10:00:00.000,2009,6,28,10,10006KT,11,09
2009-06-28 11:00:00.000,2009,6,28,11,09006KT,12,09
2009-06-28 12:00:00.000,2009,6,28,12,00000KT,11,10
2009-06-28 13:00:00.000,2009,6,28,13,24006KT,13,08
2009-06-28 14:00:00.000,2009,6,28,14,21003KT,14,10
2009-06-28 15:00:00.000,2009,6,28,15,10010KT,17,10
2009-06-28 16:00:00.000,2009,6,28,16,17017KT,18,11
2009-06-28 17:00:00.000,2009,6,28,17,15015KT,18,10
2009-06-28 18:00:00.000,2009,6,28,18,18017KT,19,09
2009-06-28 19:00:00.000,2009,6,28,19,15011KT,19,09
2009-06-28 20:00:00.000,2009,6,28,20,18012KT,16,11
2009-06-28 21:00:00.000,2009,6,28,21,15007KT,17,09
2009-06-28 22:00:00.000,2009,6,28,22,03007KT,16,11
2009-06-28 23:00:00.000,2009,6,28,23,08007KT,15,10
2009-06-29 00:00:00.000,2009,6,29,0,05006KT,14,10
2009-06-29 01:00:00.000,2009,6,29,1,05006KT,14,10
2009-06-29 02:00:00.000,2009,6,29,2,21006KT,14,09
2009-06-29 03:00:00.000,2009,6,29,3,32006KT,13,10
2009-06-29 04:00:00.000,2009,6,29,4,VRB02KT,13,10
2009-06-29 05:00:00.000,2009,6,29,5,00000KT,12,10
2009-06-29 06:00:00.000,2009,6,29,6,VRB02KT,12,10
2009-06-29 07:00:00.000,2009,6,29,7,00000KT,12,10
2009-06-29 08:00:00.000,2009,6,29,8,00000KT,12,11
2009-06-29 09:00:00.000,2009,6,29,9,VRB02KT,12,10
2009-06-29 10:00:00.000,2009,6,29,10,04003KT,12,10
2009-06-29 11:00:00.000,2009,6,29,11,VRB02KT,12,11
2009-06-29 12:00:00.000,2009,6,29,12,12003KT,11,11
2009-06-29 13:00:00.000,2009,6,29,13,08006KT,14,11
2009-06-29 14:00:00.000,2009,6,29,14,05004KT,15,11
2009-06-29 15:00:00.000,2009,6,29,15,11006KT,17,10
2009-06-29 16:00:00.000,2009,6,29,16,06008KT,16,10
2009-06-29 23:00:00.000,2009,6,29,23,14008KT,16,09
2009-06-30 00:00:00.000,2009,6,30,0,09008KT,15,08
2009-06-30 01:00:00.000,2009,6,30,1,10010KT,14,08
2009-06-30 02:00:00.000,2009,6,30,2,08006KT,14,09
2009-06-30 03:00:00.000,2009,6,30,3,05004KT,12,09
2009-06-30 04:00:00.000,2009,6,30,4,10008KT,13,08
2009-06-30 05:00:00.000,2009,6,30,5,11004KT,12,08
2009-06-30 06:00:00.000,2009,6,30,6,02004KT,11,09
2009-06-30 07:00:00.000,2009,6,30,7,00000KT,10,09
2009-06-30 08:00:00.000,2009,6,30,8,VRB02KT,11,09
2009-06-30 09:00:00.000,2009,6,30,9,VRB02KT,10,08
2009-06-30 10:00:00.000,2009,6,30,10,00000KT,10,09
2009-06-30 11:00:00.000,2009,6,30,11,VRB02KT,11,10
2009-06-30 12:00:00.000,2009,6,30,12,VRB02KT,11,10
2009-06-30 13:00:00.000,2009,6,30,13,32003KT,12,10
2009-06-30 14:00:00.000,2009,6,30,14,03006KT,14,10
2009-06-30 15:00:00.000,2009,6,30,15,11003KT,14,11
2009-06-30 16:00:00.000,2009,6,30,16,11009KT,17,10
2009-06-30 17:00:00.000,2009,6,30,17,08005KT,18,09
2009-06-30 18:00:00.000,2009,6,30,18,11012KT,18,10
2009-06-30 19:00:00.000,2009,6,30,19,15010KT,19,09
2009-06-30 20:00:00.000,2009,6,30,20,12010KT,19,09
2009-06-30 21:00:00.000,2009,6,30,21,14009KT,18,09
2009-06-30 22:00:00.000,2009,6,30,22,15008KT,17,09
2009-06-30 23:00:00.000,2009,6,30,23,10008KT,16,09
2009-07-01 00:00:00.000,2009,7,1,0,32005KT,12,10
2009-07-01 02:00:00.000,2009,7,1,2,VRB02KT,10,10
2009-07-01 03:00:00.000,2009,7,1,3,03008KT,10,07
2009-07-01 04:00:00.000,2009,7,1,4,06005KT,11,08
2009-07-01 05:00:00.000,2009,7,1,5,03003KT,11,08
2009-07-01 06:00:00.000,2009,7,1,6,33003KT,11,09
2009-07-01 07:00:00.000,2009,7,1,7,35004KT,09,08
2009-07-01 08:00:00.000,2009,7,1,8,34004KT,10,08
2009-07-01 09:00:00.000,2009,7,1,9,17004KT,10,08
2009-07-01 10:00:00.000,2009,7,1,10,34004KT,10,09
2009-07-01 11:00:00.000,2009,7,1,11,VRB02KT,10,09
2009-07-01 12:00:00.000,2009,7,1,12,VRB02KT,12,10
2009-07-01 13:00:00.000,2009,7,1,13,04008KT,13,10
2009-07-01 14:00:00.000,2009,7,1,14,06010KT,15,10
2009-07-01 15:00:00.000,2009,7,1,15,08006KT,16,09
2009-07-01 16:00:00.000,2009,7,1,16,03010KT,16,10
2009-07-01 18:00:00.000,2009,7,1,18,08008KT,18,09
2009-07-01 19:00:00.000,2009,7,1,19,04018KT,16,11
2009-07-01 20:00:00.000,2009,7,1,20,06010KT,16,11
2009-07-01 21:00:00.000,2009,7,1,21,11010KT,13,10
2009-07-01 22:00:00.000,2009,7,1,22,07008KT,12,08
2009-07-01 23:00:00.000,2009,7,1,23,09012KT,13,08
2009-07-02 00:00:00.000,2009,7,2,0,09008KT,13,09
2009-07-02 01:00:00.000,2009,7,2,1,07004KT,12,09
2009-07-02 02:00:00.000,2009,7,2,2,VRB02KT,11,09
2009-07-02 03:00:00.000,2009,7,2,3,05004KT,11,09
2009-07-02 04:00:00.000,2009,7,2,4,08005KT,12,09
2009-07-02 05:00:00.000,2009,7,2,5,06005KT,12,09
2009-07-02 06:00:00.000,2009,7,2,6,08004KT,12,09
2009-07-02 07:00:00.000,2009,7,2,7,05004KT,11,09
2009-07-02 08:00:00.000,2009,7,2,8,07003KT,11,09
2009-07-02 09:00:00.000,2009,7,2,9,05004KT,11,09
2009-07-02 10:00:00.000,2009,7,2,10,VRB02KT,10,08
2009-07-02 11:00:00.000,2009,7,2,11,31003KT,09,08
2009-07-02 12:00:00.000,2009,7,2,12,04004KT,10,09
2009-07-02 13:00:00.000,2009,7,2,13,01006KT,13,09
2009-07-02 14:00:00.000,2009,7,2,14,05010KT,15,10
2009-07-02 15:00:00.000,2009,7,2,15,09007KT,15,10
2009-07-02 16:00:00.000,2009,7,2,16,16008KT,16,10
2009-07-02 17:00:00.000,2009,7,2,17,14012KT,17,10
2009-07-02 18:00:00.000,2009,7,2,18,17008KT,16,12
2009-07-02 19:00:00.000,2009,7,2,19,12014KT,17,10
2009-07-02 20:00:00.000,2009,7,2,20,16017KT,17,11
2009-07-02 21:00:00.000,2009,7,2,21,15012KT,18,10
2009-07-02 22:00:00.000,2009,7,2,22,11012KT,17,08
2009-07-02 23:00:00.000,2009,7,2,23,09010KT,15,09
2009-07-03 00:00:00.000,2009,7,3,0,05008KT,14,09
2009-07-03 01:00:00.000,2009,7,3,1,07010KT,14,09
2009-07-03 02:00:00.000,2009,7,3,2,11008KT,12,10
2009-07-03 03:00:00.000,2009,7,3,3,08006KT,12,10
2009-07-03 04:00:00.000,2009,7,3,4,33004KT,12,10
2009-07-03 05:00:00.000,2009,7,3,5,06003KT,12,09
2009-07-03 06:00:00.000,2009,7,3,6,02004KT,12,10
2009-07-03 07:00:00.000,2009,7,3,7,03004KT,11,09
2009-07-03 08:00:00.000,2009,7,3,8,VRB02KT,11,09
2009-07-03 09:00:00.000,2009,7,3,9,08004KT,12,09
2009-07-03 10:00:00.000,2009,7,3,10,02008KT,12,09
2009-07-03 11:00:00.000,2009,7,3,11,00000KT,11,10
2009-07-03 12:00:00.000,2009,7,3,12,VRB02KT,12,10
2009-07-03 13:00:00.000,2009,7,3,13,04005KT,13,11
2009-07-03 14:00:00.000,2009,7,3,14,11004KT,12,11
2009-07-03 15:00:00.000,2009,7,3,15,13007KT,15,11
2009-07-03 16:00:00.000,2009,7,3,16,14004KT,15,11
2009-07-03 17:00:00.000,2009,7,3,17,11004KT,16,11
2009-07-03 18:00:00.000,2009,7,3,18,13004KT,15,11
2009-07-03 19:00:00.000,2009,7,3,19,13010KT,17,10
2009-07-03 20:00:00.000,2009,7,3,20,11007KT,17,10
2009-07-03 21:00:00.000,2009,7,3,21,03012KT,14,11
2009-07-03 22:00:00.000,2009,7,3,22,09010KT,15,09
2009-07-03 23:00:00.000,2009,7,3,23,09008KT,14,10
2009-07-04 00:00:00.000,2009,7,4,0,04007KT,13,09
2009-07-04 01:00:00.000,2009,7,4,1,04007KT,12,10
2009-07-04 02:00:00.000,2009,7,4,2,06008KT,11,09
2009-07-04 03:00:00.000,2009,7,4,3,06005KT,11,08
2009-07-04 04:00:00.000,2009,7,4,4,VRB02KT,11,08
2009-07-04 05:00:00.000,2009,7,4,5,09006KT,10,07
2009-07-04 06:00:00.000,2009,7,4,6,08005KT,11,08
2009-07-04 08:00:00.000,2009,7,4,8,VRB02KT,10,08
2009-07-04 09:00:00.000,2009,7,4,9,00000KT,09,08
2009-07-04 10:00:00.000,2009,7,4,10,32003KT,09,08
2009-07-04 11:00:00.000,2009,7,4,11,31004KT,09,08
2009-07-04 12:00:00.000,2009,7,4,12,02004KT,11,09
2009-07-04 13:00:00.000,2009,7,4,13,04008KT,14,10
2009-07-04 14:00:00.000,2009,7,4,14,03006KT,15,10
2009-07-04 15:00:00.000,2009,7,4,15,03004KT,16,10
2009-07-04 16:00:00.000,2009,7,4,16,35004KT,16,10
2009-07-04 17:00:00.000,2009,7,4,17,33004KT,17,09
2009-07-04 18:00:00.000,2009,7,4,18,07008KT,15,09
2009-07-04 19:00:00.000,2009,7,4,19,11014KT,17,09
2009-07-04 20:00:00.000,2009,7,4,20,10010KT,17,08
2009-07-04 21:00:00.000,2009,7,4,21,10010KT,17,09
2009-07-04 22:00:00.000,2009,7,4,22,14008KT,16,09
2009-07-04 23:00:00.000,2009,7,4,23,08005KT,15,09
2009-07-05 00:00:00.000,2009,7,5,0,04007KT,14,10
2009-07-05 01:00:00.000,2009,7,5,1,06006KT,13,10
2009-07-05 02:00:00.000,2009,7,5,2,07004KT,13,10
2009-07-05 03:00:00.000,2009,7,5,3,10003KT,12,09
2009-07-05 04:00:00.000,2009,7,5,4,01003KT,12,09
2009-07-05 05:00:00.000,2009,7,5,5,VRB02KT,10,09
2009-07-05 06:00:00.000,2009,7,5,6,VRB02KT,11,09
2009-07-05 07:00:00.000,2009,7,5,7,04003KT,11,09
2009-07-05 08:00:00.000,2009,7,5,8,VRB02KT,11,10
2009-07-05 09:00:00.000,2009,7,5,9,04003KT,11,10
2009-07-05 10:00:00.000,2009,7,5,10,VRB02KT,10,09
2009-07-05 11:00:00.000,2009,7,5,11,VRB02KT,09,08
2009-07-05 12:00:00.000,2009,7,5,12,03004KT,12,09
2009-07-05 13:00:00.000,2009,7,5,13,03008KT,13,10
2009-07-05 14:00:00.000,2009,7,5,14,03006KT,13,09
2009-07-05 15:00:00.000,2009,7,5,15,21006KT,16,09
2009-07-05 16:00:00.000,2009,7,5,16,12006KT,17,08
2009-07-05 17:00:00.000,2009,7,5,17,05008KT,18,08
2009-07-05 18:00:00.000,2009,7,5,18,13010KT,18,09
2009-07-05 19:00:00.000,2009,7,5,19,15010KT,19,10
2009-07-05 20:00:00.000,2009,7,5,20,09012KT,16,10
2009-07-05 21:00:00.000,2009,7,5,21,10010KT,18,10
2009-07-05 22:00:00.000,2009,7,5,22,10010KT,17,09
2009-07-05 23:00:00.000,2009,7,5,23,13010KT,16,09
2009-07-06 00:00:00.000,2009,7,6,0,12010KT,15,08
2009-07-06 01:00:00.000,2009,7,6,1,03005KT,13,09
2009-07-06 02:00:00.000,2009,7,6,2,05003KT,12,09
2009-07-06 03:00:00.000,2009,7,6,3,05003KT,11,09
2009-07-06 04:00:00.000,2009,7,6,4,04003KT,09,07
2009-07-06 05:00:00.000,2009,7,6,5,06005KT,09,07
2009-07-06 06:00:00.000,2009,7,6,6,34004KT,09,07
2009-07-06 08:00:00.000,2009,7,6,8,34005KT,07,05
2009-07-06 09:00:00.000,2009,7,6,9,30003KT,07,06
2009-07-06 10:00:00.000,2009,7,6,10,00000KT,06,05
2009-07-06 11:00:00.000,2009,7,6,11,VRB02KT,06,06
2009-07-06 12:00:00.000,2009,7,6,12,02004KT,07,06
2009-07-06 13:00:00.000,2009,7,6,13,00000KT,11,09
2009-07-06 14:00:00.000,2009,7,6,14,06004KT,14,11
2009-07-06 15:00:00.000,2009,7,6,15,01010KT,14,10
2009-07-06 16:00:00.000,2009,7,6,16,09006KT,16,11
2009-07-06 17:00:00.000,2009,7,6,17,10012KT,17,09
2009-07-06 18:00:00.000,2009,7,6,18,12012KT,18,09
2009-07-06 19:00:00.000,2009,7,6,19,10012KT,17,09
2009-07-06 20:00:00.000,2009,7,6,20,10010KT,18,09
2009-07-06 21:00:00.000,2009,7,6,21,11013KT,17,09
2009-07-06 22:00:00.000,2009,7,6,22,10008KT,16,09
2009-07-06 23:00:00.000,2009,7,6,23,14006KT,15,09
2009-07-07 00:00:00.000,2009,7,7,0,12012KT,15,09
2009-07-07 01:00:00.000,2009,7,7,1,07006KT,13,09
2009-07-07 02:00:00.000,2009,7,7,2,06006KT,12,09
2009-07-07 03:00:00.000,2009,7,7,3,05006KT,11,10
2009-07-07 04:00:00.000,2009,7,7,4,05005KT,11,10
2009-07-07 05:00:00.000,2009,7,7,5,05005KT,12,10
2009-07-07 06:00:00.000,2009,7,7,6,04006KT,11,09
2009-07-07 07:00:00.000,2009,7,7,7,VRB02KT,11,08
2009-07-07 08:00:00.000,2009,7,7,8,02005KT,11,09
2009-07-07 09:00:00.000,2009,7,7,9,06007KT,11,09
2009-07-07 10:00:00.000,2009,7,7,10,05006KT,11,09
2009-07-07 11:00:00.000,2009,7,7,11,06004KT,10,09
2009-07-07 12:00:00.000,2009,7,7,12,04004KT,11,09
2009-07-07 13:00:00.000,2009,7,7,13,VRB02KT,14,09
2009-07-07 14:00:00.000,2009,7,7,14,08008KT,16,09
2009-07-07 15:00:00.000,2009,7,7,15,11010KT,18,09
2009-07-07 16:00:00.000,2009,7,7,16,11012KT,19,09
2009-07-07 17:00:00.000,2009,7,7,17,10010KT,17,09
2009-07-07 18:00:00.000,2009,7,7,18,10009KT,17,08
2009-07-07 19:00:00.000,2009,7,7,19,08012KT,18,10
2009-07-07 20:00:00.000,2009,7,7,20,09010KT,17,09
2009-07-07 21:00:00.000,2009,7,7,21,11010KT,17,10
2009-07-07 22:00:00.000,2009,7,7,22,06008KT,17,09
2009-07-08 00:00:00.000,2009,7,8,0,31008KT,15,10
2009-07-08 01:00:00.000,2009,7,8,1,32004KT,13,09
2009-07-08 02:00:00.000,2009,7,8,2,VRB02T,13,10
2009-07-08 03:00:00.000,2009,7,8,3,20004KT,13,09
2009-07-08 04:00:00.000,2009,7,8,4,34004KT,13,10
2009-07-08 05:00:00.000,2009,7,8,5,VRB02KT,13,10
2009-07-08 06:00:00.000,2009,7,8,6,21004KT,12,09
2009-07-08 07:00:00.000,2009,7,8,7,04004KT,11,09
2009-07-08 08:00:00.000,2009,7,8,8,VRB02KT,11,09
2009-07-08 09:00:00.000,2009,7,8,9,VRB02KT,11,09
2009-07-08 10:00:00.000,2009,7,8,10,02004KT,10,09
2009-07-08 11:00:00.000,2009,7,8,11,25004KT,10,09
2009-07-08 12:00:00.000,2009,7,8,12,04005KT,11,10
2009-07-08 13:00:00.000,2009,7,8,13,04007KT,13,11
2009-07-08 14:00:00.000,2009,7,8,14,08006KT,14,10
2009-07-08 15:00:00.000,2009,7,8,15,05003KT,15,11
2009-07-08 16:00:00.000,2009,7,8,16,19003KT,15,11
2009-07-08 17:00:00.000,2009,7,8,17,20009KT,16,12
2009-07-08 18:00:00.000,2009,7,8,18,06016KT,11,10
2009-07-08 19:00:00.000,2009,7,8,19,09006KT,12,09
2009-07-08 20:00:00.000,2009,7,8,20,07010KT,12,09
2009-07-08 21:00:00.000,2009,7,8,21,05007KT,13,09
2009-07-08 22:00:00.000,2009,7,8,22,008008KT,15,10
2009-07-08 23:00:00.000,2009,7,8,23,10008KT,14,09
2009-07-09 00:00:00.000,2009,7,9,0,10008KT,14,10
2009-07-09 01:00:00.000,2009,7,9,1,11008KT,14,10
2009-07-09 02:00:00.000,2009,7,9,2,11006KT,13,09
2009-07-09 03:00:00.000,2009,7,9,3,VRB02KT,12,10
2009-07-09 05:00:00.000,2009,7,9,5,05003KT,12,10
2009-07-09 06:00:00.000,2009,7,9,6,33003KT,11,09
2009-07-09 07:00:00.000,2009,7,9,7,VRB02KT,11,09
2009-07-09 08:00:00.000,2009,7,9,8,VRB02KT,12,10
2009-07-09 09:00:00.000,2009,7,9,9,040007T,11,09
2009-07-09 10:00:00.000,2009,7,9,10,29003KT,11,10
2009-07-09 11:00:00.000,2009,7,9,11,VRB02KT,09,08
2009-07-09 12:00:00.000,2009,7,9,12,00000KT,10,09
2009-07-09 13:00:00.000,2009,7,9,13,04006KT,12,10
2009-07-09 14:00:00.000,2009,7,9,14,12010KT,17,10
2009-07-09 15:00:00.000,2009,7,9,15,12012KT,17,08
2009-07-09 16:00:00.000,2009,7,9,16,11010KT,16,08
2009-07-09 17:00:00.000,2009,7,9,17,12014KT,18,09
2009-07-09 18:00:00.000,2009,7,9,18,13014KT,18,09
2009-07-09 19:00:00.000,2009,7,9,19,14012KT,18,09
2009-07-09 20:00:00.000,2009,7,9,20,12012KT,18,09
2009-07-09 21:00:00.000,2009,7,9,21,12014KT,19,08
2009-07-09 22:00:00.000,2009,7,9,22,09006KT,18,09
2009-07-09 23:00:00.000,2009,7,9,23,12006KT,16,08
2009-07-10 00:00:00.000,2009,7,10,0,34009KT,13,07
2009-07-10 01:00:00.000,2009,7,10,1,35005KT,12,11
2009-07-10 02:00:00.000,2009,7,10,2,32003KT,12,11
2009-07-10 03:00:00.000,2009,7,10,3,03004KT,12,10
2009-07-10 04:00:00.000,2009,7,10,4,VRB02KT,12,11
2009-07-10 05:00:00.000,2009,7,10,5,04003KT,11,10
2009-07-10 06:00:00.000,2009,7,10,6,33003KT,11,10
2009-07-10 07:00:00.000,2009,7,10,7,03007KT,11,10
2009-07-10 08:00:00.000,2009,7,10,8,07005KT,10,09
2009-07-10 09:00:00.000,2009,7,10,9,06003KT,09,08
2009-07-10 10:00:00.000,2009,7,10,10,VRB02KT,09,09
2009-07-10 11:00:00.000,2009,7,10,11,08004KT,10,09
2009-07-10 12:00:00.000,2009,7,10,12,06006KT,13,09
2009-07-10 13:00:00.000,2009,7,10,13,07006KT,15,09
2009-07-10 14:00:00.000,2009,7,10,14,07007KT,16,09
2009-07-10 15:00:00.000,2009,7,10,15,14008KT,16,08
2009-07-10 16:00:00.000,2009,7,10,16,04010KT,14,09
2009-07-10 17:00:00.000,2009,7,10,17,17005KT,16,11
2009-07-10 18:00:00.000,2009,7,10,18,11008KT,17,10
2009-07-10 19:00:00.000,2009,7,10,19,11012KT,19,10
2009-07-10 20:00:00.000,2009,7,10,20,08012KT,18,08
2009-07-10 21:00:00.000,2009,7,10,21,06010KT,17,10
2009-07-10 22:00:00.000,2009,7,10,22,08010KT,16,09
2009-07-10 23:00:00.000,2009,7,10,23,VRB02KT,14,11
2009-07-11 00:00:00.000,2009,7,11,0,16006KT,13,11
2009-07-11 01:00:00.000,2009,7,11,1,17006KT,12,09
2009-07-11 04:00:00.000,2009,7,11,4,27004KT,11,09
2009-07-11 05:00:00.000,2009,7,11,5,23004KT,11,09
2009-07-11 06:00:00.000,2009,7,11,6,22004KT,11,09
2009-07-11 07:00:00.000,2009,7,11,7,34004KT,10,09
2009-07-11 08:00:00.000,2009,7,11,8,34004KT,10,09
2009-07-11 09:00:00.000,2009,7,11,9,VRB02KT,10,09
2009-07-11 10:00:00.000,2009,7,11,10,VRB02KT,10,09
2009-07-11 11:00:00.000,2009,7,11,11,05004KT,10,09
2009-07-11 12:00:00.000,2009,7,11,12,VRB02KT,10,10
2009-07-11 13:00:00.000,2009,7,11,13,VRB02KT,11,11
2009-07-11 14:00:00.000,2009,7,11,14,30004KT,13,11
2009-07-11 15:00:00.000,2009,7,11,15,01006KT,14,10
2009-07-11 16:00:00.000,2009,7,11,16,01006KT,15,12
2009-07-11 17:00:00.000,2009,7,11,17,10006KT,16,08
2009-07-11 18:00:00.000,2009,7,11,18,07013KT,15,10
2009-07-11 19:00:00.000,2009,7,11,19,02007KT,16,08
2009-07-11 20:00:00.000,2009,7,11,20,08006KT,16,08
2009-07-11 21:00:00.000,2009,7,11,21,14009KT,17,08
2009-07-11 22:00:00.000,2009,7,11,22,14008KT,16,08
2009-07-12 00:00:00.000,2009,7,12,0,12006KT,14,09
2009-07-12 01:00:00.000,2009,7,12,1,04007KT,12,10
2009-07-12 02:00:00.000,2009,7,12,2,05006KT,11,09
2009-07-12 03:00:00.000,2009,7,12,3,05004KT,11,09
2009-07-12 04:00:00.000,2009,7,12,4,03004KT,11,09
2009-07-12 05:00:00.000,2009,7,12,5,00000KT,10,09
2009-07-12 06:00:00.000,2009,7,12,6,VRB02KT,09,08
2009-07-12 07:00:00.000,2009,7,12,7,35003KT,08,08
2009-07-12 08:00:00.000,2009,7,12,8,00000KT,08,08
2009-07-12 09:00:00.000,2009,7,12,9,00000KT,07,07
2009-07-12 10:00:00.000,2009,7,12,10,VRB02KT,07,07
2009-07-12 11:00:00.000,2009,7,12,11,VRB02KT,07,06
2009-07-12 12:00:00.000,2009,7,12,12,00000KT,10,09
2009-07-12 13:00:00.000,2009,7,12,13,07004KT,11,09
2009-07-12 14:00:00.000,2009,7,12,14,05007KT,14,08
2009-07-12 15:00:00.000,2009,7,12,15,06006KT,16,10
2009-07-12 16:00:00.000,2009,7,12,16,13006KT,18,08
2009-07-12 18:00:00.000,2009,7,12,18,10008KT,17,10
2009-07-12 19:00:00.000,2009,7,12,19,13012KT,18,11
2009-07-12 20:00:00.000,2009,7,12,20,14006KT,19,10
2009-07-12 22:00:00.000,2009,7,12,22,11007KT,17,08
2009-07-12 23:00:00.000,2009,7,12,23,09010KT,15,08
2009-07-13 00:00:00.000,2009,7,13,0,00000KT,15,08
2009-07-13 01:00:00.000,2009,7,13,1,00000KT,14,08
2009-07-13 03:00:00.000,2009,7,13,3,04006KT,13,08
2009-07-13 04:00:00.000,2009,7,13,4,08004KT,11,08
2009-07-13 05:00:00.000,2009,7,13,5,00000KT,10,08
2009-07-13 07:00:00.000,2009,7,13,7,00000KT,09,08
2009-07-13 08:00:00.000,2009,7,13,8,VRB02KT,08,07
2009-07-13 09:00:00.000,2009,7,13,9,04006KT,07,06
2009-07-13 10:00:00.000,2009,7,13,10,05008KT,07,06
2009-07-13 11:00:00.000,2009,7,13,11,02006KT,08,07
2009-07-13 12:00:00.000,2009,7,13,12,05005KT,10,09
2009-07-13 13:00:00.000,2009,7,13,13,05006KT,13,10
2009-07-13 14:00:00.000,2009,7,13,14,07008KT,16,10
2009-07-13 15:00:00.000,2009,7,13,15,06010KT,18,09
2009-07-13 16:00:00.000,2009,7,13,16,13012KT,19,09
2009-07-13 17:00:00.000,2009,7,13,17,13014KT,20,09
2009-07-13 18:00:00.000,2009,7,13,18,13010KT,19,09
2009-07-13 19:00:00.000,2009,7,13,19,13014KT,20,10
2009-07-13 21:00:00.000,2009,7,13,21,13014KT,19,10
2009-07-13 22:00:00.000,2009,7,13,22,11008KT,18,09
2009-07-13 23:00:00.000,2009,7,13,23,13010KT,16,09
2009-07-14 00:00:00.000,2009,7,14,0,11010KT,14,08
2009-07-14 01:00:00.000,2009,7,14,1,14006KT,14,07
2009-07-14 02:00:00.000,2009,7,14,2,12006KT,13,08
2009-07-14 03:00:00.000,2009,7,14,3,12004KT,13,08
2009-07-14 04:00:00.000,2009,7,14,4,11004KT,12,08
2009-07-14 05:00:00.000,2009,7,14,5,VRB02KT,12,06
2009-07-14 06:00:00.000,2009,7,14,6,09006KT,11,07
2009-07-14 07:00:00.000,2009,7,14,7,06004KT,10,08
2009-07-14 08:00:00.000,2009,7,14,8,08004KT,10,06
2009-07-14 09:00:00.000,2009,7,14,9,02003KT,09,07
2009-07-14 10:00:00.000,2009,7,14,10,06005KT,09,08
2009-07-14 11:00:00.000,2009,7,14,11,06003KT,10,08
2009-07-14 12:00:00.000,2009,7,14,12,03006KT,11,09
2009-07-14 13:00:00.000,2009,7,14,13,05008KT,12,10
2009-07-14 14:00:00.000,2009,7,14,14,02006KT,13,11
2009-07-14 15:00:00.000,2009,7,14,15,03006KT,14,12
2009-07-14 16:00:00.000,2009,7,14,16,18012KT,16,12
2009-07-14 17:00:00.000,2009,7,14,17,12014KT,16,10
2009-07-14 18:00:00.000,2009,7,14,18,14008KT,17,11
2009-07-14 19:00:00.000,2009,7,14,19,14007KT,17,10
2009-07-14 20:00:00.000,2009,7,14,20,10012KT,18,09
2009-07-14 21:00:00.000,2009,7,14,21,12012KT,17,10
2009-07-14 23:00:00.000,2009,7,14,23,11010KT,15,10
2009-07-15 00:00:00.000,2009,7,15,0,11010KT,14,09
2009-07-15 01:00:00.000,2009,7,15,1,14010KT,13,08
2009-07-15 02:00:00.000,2009,7,15,2,VRB02KT,13,08
2009-07-15 03:00:00.000,2009,7,15,3,VRB02KT,12,08
2009-07-15 04:00:00.000,2009,7,15,4,VRB02KT,11,08
2009-07-15 05:00:00.000,2009,7,15,5,00000KT,09,07
2009-07-15 06:00:00.000,2009,7,15,6,VRB02KT,07,06
2009-07-15 07:00:00.000,2009,7,15,7,VRB02KT,08,07
2009-07-15 08:00:00.000,2009,7,15,8,33004KT,09,07
2009-07-15 09:00:00.000,2009,7,15,9,VRB02KT,10,08
2009-07-15 10:00:00.000,2009,7,15,10,VRB02KT,09,08
2009-07-15 11:00:00.000,2009,7,15,11,VRB02KT,08,08
2009-07-15 12:00:00.000,2009,7,15,12,34004KT,10,08
2009-07-15 13:00:00.000,2009,7,15,13,34006KT,11,09
2009-07-15 15:00:00.000,2009,7,15,15,29006KT,13,09
2009-07-15 16:00:00.000,2009,7,15,16,32004KT,14,09
2009-07-15 17:00:00.000,2009,7,15,17,18014KT,16,09
2009-07-15 20:00:00.000,2009,7,15,20,14012KT,18,09
2009-07-15 21:00:00.000,2009,7,15,21,14012KT,17,09
2009-07-15 22:00:00.000,2009,7,15,22,10008KT,18,10
2009-07-16 00:00:00.000,2009,7,16,0,06006KT,14,09
2009-07-16 01:00:00.000,2009,7,16,1,03007KT,13,09
2009-07-16 02:00:00.000,2009,7,16,2,04009KT,12,08
2009-07-16 03:00:00.000,2009,7,16,3,04004KT,11,08
2009-07-16 04:00:00.000,2009,7,16,4,VRB02KT,11,07
2009-07-16 05:00:00.000,2009,7,16,5,09004KT,12,08
2009-07-16 06:00:00.000,2009,7,16,6,09005KT,11,07
2009-07-16 07:00:00.000,2009,7,16,7,08006KT,10,08
2009-07-16 08:00:00.000,2009,7,16,8,VRB02KT,09,08
2009-07-16 09:00:00.000,2009,7,16,9,VRB02KT,09,08
2009-07-16 12:00:00.000,2009,7,16,12,03006KT,12,09
2009-07-16 13:00:00.000,2009,7,16,13,VRB02KT,14,10
2009-07-16 14:00:00.000,2009,7,16,14,11008KT,17,10
2009-07-16 15:00:00.000,2009,7,16,15,16008KT,18,09
2009-07-16 16:00:00.000,2009,7,16,16,09010KT,18,08
2009-07-16 17:00:00.000,2009,7,16,17,13008KT,17,09
2009-07-16 18:00:00.000,2009,7,16,18,09004KT,17,09
2009-07-16 19:00:00.000,2009,7,16,19,16018KT,18,09
2009-07-16 20:00:00.000,2009,7,16,20,15012KT,18,09
2009-07-16 21:00:00.000,2009,7,16,21,16012KT,18,09
2009-07-16 22:00:00.000,2009,7,16,22,13010KT,17,09
2009-07-16 23:00:00.000,2009,7,16,23,15006KT,16,09
2009-07-17 00:00:00.000,2009,7,17,0,13008KT,15,09
2009-07-17 01:00:00.000,2009,7,17,1,12007KT,15,09
2009-07-17 02:00:00.000,2009,7,17,2,06005KT,14,09
2009-07-17 03:00:00.000,2009,7,17,3,07006KT,13,09
2009-07-17 04:00:00.000,2009,7,17,4,04004KT,13,10
2009-07-17 05:00:00.000,2009,7,17,5,04004KT,13,10
2009-07-17 06:00:00.000,2009,7,17,6,05004KT,13,10
2009-07-17 07:00:00.000,2009,7,17,7,03005KT,13,10
2009-07-17 08:00:00.000,2009,7,17,8,03003KT,12,10
2009-07-17 09:00:00.000,2009,7,17,9,25004KT,12,09
2009-07-17 10:00:00.000,2009,7,17,10,VRB02KT,12,10
2009-07-17 11:00:00.000,2009,7,17,11,10003KT,12,09
2009-07-17 12:00:00.000,2009,7,17,12,11006KT,13,09
2009-07-17 13:00:00.000,2009,7,17,13,06006KT,15,09
2009-07-17 14:00:00.000,2009,7,17,14,13006KT,16,09
2009-07-17 16:00:00.000,2009,7,17,16,10010KT,18,09
2009-07-17 17:00:00.000,2009,7,17,17,15012KT,19,09
2009-07-17 18:00:00.000,2009,7,17,18,08012KT,18,09
2009-07-17 19:00:00.000,2009,7,17,19,11011KT,19,09
2009-07-17 20:00:00.000,2009,7,17,20,09012KT,17,10
2009-07-17 21:00:00.000,2009,7,17,21,14010KT,17,10
2009-07-17 22:00:00.000,2009,7,17,22,11009KT,16,09
2009-07-17 23:00:00.000,2009,7,17,23,14011KT,15,08
2009-07-18 00:00:00.000,2009,7,18,0,09006KT,13,10
2009-07-18 01:00:00.000,2009,7,18,1,04004KT,12,10
2009-07-18 02:00:00.000,2009,7,18,2,03004KT,12,09
2009-07-18 03:00:00.000,2009,7,18,3,06004KT,12,10
2009-07-18 04:00:00.000,2009,7,18,4,09008KT,12,09
2009-07-18 05:00:00.000,2009,7,18,5,07004KT,11,09
2009-07-18 06:00:00.000,2009,7,18,6,04005KT,11,09
2009-07-18 07:00:00.000,2009,7,18,7,06006KT,11,09
2009-07-18 08:00:00.000,2009,7,18,8,06007K,11,09
2009-07-18 09:00:00.000,2009,7,18,9,08004KT,10,08
2009-07-18 10:00:00.000,2009,7,18,10,VRB02KT,09,08
2009-07-18 11:00:00.000,2009,7,18,11,01004KT,08,07
2009-07-18 12:00:00.000,2009,7,18,12,04006KT,10,08
2009-07-18 13:00:00.000,2009,7,18,13,20004KT,14,09
2009-07-18 14:00:00.000,2009,7,18,14,16006KT,15,09
2009-07-18 15:00:00.000,2009,7,18,15,13010KT,17,09
2009-07-18 16:00:00.000,2009,7,18,16,12014KT,17,10
2009-07-18 17:00:00.000,2009,7,18,17,15010KT,17,10
2009-07-18 18:00:00.000,2009,7,18,18,18012KT,17,10
2009-07-18 19:00:00.000,2009,7,18,19,28003KT,24,23
2009-07-18 20:00:00.000,2009,7,18,20,18024KT,19,10
2009-07-18 22:00:00.000,2009,7,18,22,16012KT,17,09
2009-07-19 01:00:00.000,2009,7,19,1,12004KT,13,08
2009-07-19 02:00:00.000,2009,7,19,2,13006KT,13,08
2009-07-19 03:00:00.000,2009,7,19,3,14005KT,12,08
2009-07-19 04:00:00.000,2009,7,19,4,VRB02KT,10,08
2009-07-19 05:00:00.000,2009,7,19,5,VRB02KT,09,07
2009-07-19 06:00:00.000,2009,7,19,6,VRB02KT,09,07
2009-07-19 07:00:00.000,2009,7,19,7,03003KT,09,07
2009-07-19 08:00:00.000,2009,7,19,8,03003KT,08,06
2009-07-19 09:00:00.000,2009,7,19,9,33004KT,08,07
2009-07-19 10:00:00.000,2009,7,19,10,29003KT,08,07
2009-07-19 11:00:00.000,2009,7,19,11,32003KT,09,08
2009-07-19 12:00:00.000,2009,7,19,12,01003KT,10,08
2009-07-19 13:00:00.000,2009,7,19,13,04005KT,13,10
2009-07-19 14:00:00.000,2009,7,19,14,04004KT,15,10
2009-07-19 15:00:00.000,2009,7,19,15,11004KT,17,10
2009-07-19 16:00:00.000,2009,7,19,16,10012KT,18,10
2009-07-19 17:00:00.000,2009,7,19,17,10009KT,19,10
2009-07-19 18:00:00.000,2009,7,19,18,13014KT,20,10
2009-07-19 19:00:00.000,2009,7,19,19,14014KT,20,10
2009-07-19 20:00:00.000,2009,7,19,20,12012KT,19,10
2009-07-19 21:00:00.000,2009,7,19,21,16010KT,18,10
2009-07-19 22:00:00.000,2009,7,19,22,14014KT,17,10
2009-07-19 23:00:00.000,2009,7,19,23,17010KT,15,09
2009-07-20 00:00:00.000,2009,7,20,0,15010KT,14,09
2009-07-20 01:00:00.000,2009,7,20,1,1308KT,13,08
2009-07-20 02:00:00.000,2009,7,20,2,11006KT,13,10
2009-07-20 03:00:00.000,2009,7,20,3,08004KT,13,10
2009-07-20 05:00:00.000,2009,7,20,5,07004KT,12,09
2009-07-20 06:00:00.000,2009,7,20,6,09004KT,12,10
2009-07-20 07:00:00.000,2009,7,20,7,32005KT,11,10
2009-07-20 09:00:00.000,2009,7,20,9,35003KT,11,10
2009-07-20 10:00:00.000,2009,7,20,10,VRB02KT,11,10
2009-07-20 11:00:00.000,2009,7,20,11,00000KT,11,10
2009-07-20 12:00:00.000,2009,7,20,12,01004KT,12,09
2009-07-20 13:00:00.000,2009,7,20,13,02004KT,13,10
2009-07-20 14:00:00.000,2009,7,20,14,03008KT,15,10
2009-07-20 15:00:00.000,2009,7,20,15,20010KT,16,10
2009-07-20 16:00:00.000,2009,7,20,16,17010KT,17,10
2009-07-20 17:00:00.000,2009,7,20,17,16008KT,18,09
2009-07-20 18:00:00.000,2009,7,20,18,15008KT,18,09
2009-07-20 19:00:00.000,2009,7,20,19,16010KT,17,09
2009-07-20 20:00:00.000,2009,7,20,20,16010KT,19,10
2009-07-20 21:00:00.000,2009,7,20,21,15006KT,19,08
2009-07-20 22:00:00.000,2009,7,20,22,20006KT,18,11
2009-07-20 23:00:00.000,2009,7,20,23,25008KT,16,12
2009-07-21 00:00:00.000,2009,7,21,0,27004KT,14,11
2009-07-21 01:00:00.000,2009,7,21,1,00000KT,12,10
2009-07-21 02:00:00.000,2009,7,21,2,04003KT,11,10
2009-07-21 03:00:00.000,2009,7,21,3,00000KT,10,09
2009-07-21 05:00:00.000,2009,7,21,5,VRB02KT,10,09
2009-07-21 06:00:00.000,2009,7,21,6,34003KT,10,09
2009-07-21 07:00:00.000,2009,7,21,7,35003KT,09,09
2009-07-21 08:00:00.000,2009,7,21,8,00000KT,09,09
2009-07-21 09:00:00.000,2009,7,21,9,04004KT,10,09
2009-07-21 10:00:00.000,2009,7,21,10,30004KT,09,09
2009-07-21 11:00:00.000,2009,7,21,11,35004KT,08,07
2009-07-21 12:00:00.000,2009,7,21,12,00000KT,10,09
2009-07-21 13:00:00.000,2009,7,21,13,03008KT,12,09
2009-07-21 14:00:00.000,2009,7,21,14,02008KT,14,10
2009-07-21 15:00:00.000,2009,7,21,15,25003KT,17,11
2009-07-21 16:00:00.000,2009,7,21,16,05010KT,18,10
2009-07-21 17:00:00.000,2009,7,21,17,27006KT,19,11
2009-07-21 18:00:00.000,2009,7,21,18,28010KT,18,13
2009-07-21 19:00:00.000,2009,7,21,19,27010KT,17,13
2009-07-21 20:00:00.000,2009,7,21,20,30006KT,15,14
2009-07-21 21:00:00.000,2009,7,21,21,30008KT,14,13
2009-07-21 22:00:00.000,2009,7,21,22,32004KT,14,13
2009-07-22 00:00:00.000,2009,7,22,0,02005KT,13,12
2009-07-22 01:00:00.000,2009,7,22,1,03004KT,13,12
2009-07-22 02:00:00.000,2009,7,22,2,06006KT,13,11
2009-07-22 03:00:00.000,2009,7,22,3,05006KT,12,11
2009-07-22 06:00:00.000,2009,7,22,6,03005KT,11,10
2009-07-22 08:00:00.000,2009,7,22,8,04008KT,11,10
2009-07-22 09:00:00.000,2009,7,22,9,04006KT,11,10
2009-07-22 10:00:00.000,2009,7,22,10,05007KT,11,10
2009-07-22 12:00:00.000,2009,7,22,12,06005KT,12,10
2009-07-22 13:00:00.000,2009,7,22,13,03007KT,13,10
2009-07-22 15:00:00.000,2009,7,22,15,09006KT,16,10
2009-07-22 16:00:00.000,2009,7,22,16,07012KT,17,11
2009-07-22 17:00:00.000,2009,7,22,17,05012KT,17,11
2009-07-22 18:00:00.000,2009,7,22,18,06015KT,17,11
2009-07-22 19:00:00.000,2009,7,22,19,06019KT,17,09
2009-07-22 20:00:00.000,2009,7,22,20,06011KT,18,08
2009-07-22 21:00:00.000,2009,7,22,21,09006KT,18,08
2009-07-22 22:00:00.000,2009,7,22,22,02010KT,18,08
2009-07-22 23:00:00.000,2009,7,22,23,04007KT,17,07
2009-07-23 00:00:00.000,2009,7,23,0,02004KT,14,08
2009-07-23 01:00:00.000,2009,7,23,1,07003KT,12,07
2009-07-23 02:00:00.000,2009,7,23,2,00000KT,12,09
2009-07-23 03:00:00.000,2009,7,23,3,00000KT,11,08
2009-07-23 04:00:00.000,2009,7,23,4,VRB02KT,10,08
2009-07-23 05:00:00.000,2009,7,23,5,31004KT,09,08
2009-07-23 06:00:00.000,2009,7,23,6,VRB02KT,09,08
2009-07-23 07:00:00.000,2009,7,23,7,32004KT,08,08
2009-07-23 08:00:00.000,2009,7,23,8,VRB02KT,08,08
2009-07-23 10:00:00.000,2009,7,23,10,03004KT,08,08
2009-07-23 11:00:00.000,2009,7,23,11,27004KT,08,07
2009-07-23 13:00:00.000,2009,7,23,13,06007KT,11,09
2009-07-23 14:00:00.000,2009,7,23,14,08005KT,14,09
2009-07-23 15:00:00.000,2009,7,23,15,10009KT,16,10
2009-07-23 17:00:00.000,2009,7,23,17,05009KT,17,10
2009-07-23 18:00:00.000,2009,7,23,18,12018KT,18,10
2009-07-23 19:00:00.000,2009,7,23,19,15015KT,18,08
2009-07-23 20:00:00.000,2009,7,23,20,09015KT,17,09
2009-07-23 21:00:00.000,2009,7,23,21,10010KT,17,09
2009-07-23 22:00:00.000,2009,7,23,22,13010KT,16,09
2009-07-23 23:00:00.000,2009,7,23,23,12010KT,16,08
2009-07-24 00:00:00.000,2009,7,24,0,11006KT,14,08
2009-07-24 01:00:00.000,2009,7,24,1,11005KT,14,08
2009-07-24 02:00:00.000,2009,7,24,2,12006KT,14,08
2009-07-24 03:00:00.000,2009,7,24,3,12008KT,14,08
2009-07-24 04:00:00.000,2009,7,24,4,13008KT,14,08
2009-07-24 05:00:00.000,2009,7,24,5,13006KT,14,08
2009-07-24 06:00:00.000,2009,7,24,6,11003KT,14,08
2009-07-24 07:00:00.000,2009,7,24,7,07006KT,12,09
2009-07-24 08:00:00.000,2009,7,24,8,03004KT,12,09
2009-07-24 09:00:00.000,2009,7,24,9,03004KT,12,09
2009-07-24 10:00:00.000,2009,7,24,10,13004KT,13,09
2009-07-24 11:00:00.000,2009,7,24,11,10010KT,13,08
2009-07-24 12:00:00.000,2009,7,24,12,09012KT,14,08
2009-07-24 13:00:00.000,2009,7,24,13,10010KT,14,07
2009-07-24 14:00:00.000,2009,7,24,14,12016KT,16,08
2009-07-24 15:00:00.000,2009,7,24,15,13012KT,17,08
2009-07-24 16:00:00.000,2009,7,24,16,16016G30KT,17,08
2009-07-24 17:00:00.000,2009,7,24,17,08014KT,18,08
2009-07-24 18:00:00.000,2009,7,24,18,12014KT,18,08
2009-07-24 19:00:00.000,2009,7,24,19,10014KT,18,09
2009-07-24 20:00:00.000,2009,7,24,20,10012KT,19,09
2009-07-24 21:00:00.000,2009,7,24,21,12012KT,19,07
2009-07-24 22:00:00.000,2009,7,24,22,11012KT,18,07
2009-07-24 23:00:00.000,2009,7,24,23,10012KT,16,07
2009-07-25 00:00:00.000,2009,7,25,0,11015KT,15,06
2009-07-25 01:00:00.000,2009,7,25,1,13004KT,13,07
2009-07-25 02:00:00.000,2009,7,25,2,05004KT,12,07
2009-07-25 03:00:00.000,2009,7,25,3,04003KT,11,08
2009-07-25 04:00:00.000,2009,7,25,4,03004KT,11,08
2009-07-25 05:00:00.000,2009,7,25,5,06006KT,12,09
2009-07-25 06:00:00.000,2009,7,25,6,03003KT,11,08
2009-07-25 07:00:00.000,2009,7,25,7,02003KT,11,08
2009-07-25 08:00:00.000,2009,7,25,8,02003KT,11,08
2009-07-25 09:00:00.000,2009,7,25,9,05003KT,11,09
2009-07-25 10:00:00.000,2009,7,25,10,07004KT,10,10
2009-07-25 11:00:00.000,2009,7,25,11,07006KT,11,10
2009-07-25 12:00:00.000,2009,7,25,12,08006KT,12,10
2009-07-25 13:00:00.000,2009,7,25,13,06012KT,13,10
2009-07-25 14:00:00.000,2009,7,25,14,08014KT,16,09
2009-07-25 15:00:00.000,2009,7,25,15,12014KT,18,09
2009-07-25 16:00:00.000,2009,7,25,16,14016KT,19,09
2009-07-25 17:00:00.000,2009,7,25,17,14016KT,19,09
2009-07-25 18:00:00.000,2009,7,25,18,13016KT,20,08
2009-07-25 19:00:00.000,2009,7,25,19,10012KT,19,07
2009-07-25 20:00:00.000,2009,7,25,20,10012KT,20,08
2009-07-25 21:00:00.000,2009,7,25,21,12016KT,19,07
2009-07-25 22:00:00.000,2009,7,25,22,11010KT,18,07
2009-07-25 23:00:00.000,2009,7,25,23,08014KT,16,11
2009-07-26 00:00:00.000,2009,7,26,0,03008KT,13,10
2009-07-26 01:00:00.000,2009,7,26,1,06008KT,12,09
2009-07-26 02:00:00.000,2009,7,26,2,06006KT,12,09
2009-07-26 03:00:00.000,2009,7,26,3,09004KT,11,07
2009-07-26 04:00:00.000,2009,7,26,4,07006KT,10,05
2009-07-26 05:00:00.000,2009,7,26,5,VRB02KT,12,07
2009-07-26 06:00:00.000,2009,7,26,6,00000KT,11,08
2009-07-26 07:00:00.000,2009,7,26,7,04006KT,12,08
2009-07-26 08:00:00.000,2009,7,26,8,02006KT,11,08
2009-07-26 09:00:00.000,2009,7,26,9,00000KT,11,09
2009-07-26 10:00:00.000,2009,7,26,10,02005KT,11,09
2009-07-26 11:00:00.000,2009,7,26,11,05008KT,11,10
2009-07-26 12:00:00.000,2009,7,26,12,00000KT,11,10
2009-07-26 13:00:00.000,2009,7,26,13,04005KT,12,10
2009-07-26 14:00:00.000,2009,7,26,14,16003KT,15,10
2009-07-26 15:00:00.000,2009,7,26,15,20004KT,16,09
2009-07-26 16:00:00.000,2009,7,26,16,14009KT,17,09
2009-07-26 17:00:00.000,2009,7,26,17,19013KT,17,09
2009-07-26 18:00:00.000,2009,7,26,18,05012KT,17,10
2009-07-26 19:00:00.000,2009,7,26,19,04012KT,16,11
2009-07-26 20:00:00.000,2009,7,26,20,10010KT,17,11
2009-07-26 21:00:00.000,2009,7,26,21,06012KT,16,11
2009-07-26 22:00:00.000,2009,7,26,22,08008KT,16,10
2009-07-26 23:00:00.000,2009,7,26,23,04006KT,16,10
2009-07-27 00:00:00.000,2009,7,27,0,08006KT,16,09
2009-07-27 01:00:00.000,2009,7,27,1,07010KT,15,10
2009-07-27 02:00:00.000,2009,7,27,2,08010KT,15,10
2009-07-27 03:00:00.000,2009,7,27,3,06012KT,13,11
2009-07-27 04:00:00.000,2009,7,27,4,06005KT,12,10
2009-07-27 05:00:00.000,2009,7,27,5,04004KT,12,10
2009-07-27 06:00:00.000,2009,7,27,6,03003KT,12,10
2009-07-27 07:00:00.000,2009,7,27,7,VRB02KT,12,10
2009-07-27 08:00:00.000,2009,7,27,8,05005KT,12,10
2009-07-27 09:00:00.000,2009,7,27,9,05005KT,12,10
2009-07-27 10:00:00.000,2009,7,27,10,04006KT,12,11
2009-07-27 11:00:00.000,2009,7,27,11,VRB02KT,12,11
2009-07-27 12:00:00.000,2009,7,27,12,00000KT,11,10
2009-07-27 13:00:00.000,2009,7,27,13,12006KT,14,09
2009-07-27 14:00:00.000,2009,7,27,14,11012KT,16,10
2009-07-27 15:00:00.000,2009,7,27,15,10016KT,17,10
2009-07-27 16:00:00.000,2009,7,27,16,12012KT,18,10
2009-07-27 17:00:00.000,2009,7,27,17,14016KT,18,10
2009-07-27 18:00:00.000,2009,7,27,18,16016KT,18,10
2009-07-27 19:00:00.000,2009,7,27,19,14014KT,18,10
2009-07-27 20:00:00.000,2009,7,27,20,12012KT,17,10
2009-07-27 21:00:00.000,2009,7,27,21,11010KT,17,09
2009-07-27 22:00:00.000,2009,7,27,22,17012KT,17,08
2009-07-27 23:00:00.000,2009,7,27,23,15012KT,16,08
2009-07-28 00:00:00.000,2009,7,28,0,18012KT,14,09
2009-07-28 01:00:00.000,2009,7,28,1,13008KT,14,09
2009-07-28 02:00:00.000,2009,7,28,2,02005KT,13,09
2009-07-28 03:00:00.000,2009,7,28,3,07004KT,12,10
2009-07-28 04:00:00.000,2009,7,28,4,06004KT,12,10
2009-07-28 05:00:00.000,2009,7,28,5,10005KT,13,07
2009-07-28 06:00:00.000,2009,7,28,6,26003KT,13,07
2009-07-28 07:00:00.000,2009,7,28,7,06003KT,12,08
2009-07-28 08:00:00.000,2009,7,28,8,05003KT,11,08
2009-07-28 09:00:00.000,2009,7,28,9,19003KT,10,06
2009-07-28 10:00:00.000,2009,7,28,10,05005KT,10,06
2009-07-28 11:00:00.000,2009,7,28,11,VRB02KT,10,08
2009-07-28 12:00:00.000,2009,7,28,12,13008KT,13,09
2009-07-28 13:00:00.000,2009,7,28,13,12012KT,15,08
2009-07-28 14:00:00.000,2009,7,28,14,18010KT,16,07
2009-07-28 15:00:00.000,2009,7,28,15,15012KT,17,07
2009-07-28 16:00:00.000,2009,7,28,16,14014KT,17,07
2009-07-28 17:00:00.000,2009,7,28,17,17013KT,17,08
2009-07-28 18:00:00.000,2009,7,28,18,16016KT,17,08
2009-07-28 19:00:00.000,2009,7,28,19,15016KT,19,08
2009-07-28 20:00:00.000,2009,7,28,20,15014KT,18,08
2009-07-28 21:00:00.000,2009,7,28,21,16008KT,18,08
2009-07-28 22:00:00.000,2009,7,28,22,16012KT,17,08
2009-07-28 23:00:00.000,2009,7,28,23,13008KT,15,09
2009-07-29 00:00:00.000,2009,7,29,0,09006KT,14,09
2009-07-29 01:00:00.000,2009,7,29,1,VRB02KT,13,10
2009-07-29 02:00:00.000,2009,7,29,2,08006KT,14,09
2009-07-29 03:00:00.000,2009,7,29,3,06008KT,13,09
2009-07-29 04:00:00.000,2009,7,29,4,07004KT,13,09
2009-07-29 05:00:00.000,2009,7,29,5,10003KT,12,10
2009-07-29 06:00:00.000,2009,7,29,6,00000KT,12,10
2009-07-29 07:00:00.000,2009,7,29,7,07004KT,12,10
2009-07-29 08:00:00.000,2009,7,29,8,VRB02KT,12,10
2009-07-29 09:00:00.000,2009,7,29,9,VRB02KT,11,10
2009-07-29 10:00:00.000,2009,7,29,10,VRB02KT,11,09
2009-07-29 11:00:00.000,2009,7,29,11,00000KT,12,10
2009-07-29 12:00:00.000,2009,7,29,12,12006KT,13,10
2009-07-29 13:00:00.000,2009,7,29,13,17006KT,14,10
2009-07-29 14:00:00.000,2009,7,29,14,18010KT,15,10
2009-07-29 15:00:00.000,2009,7,29,15,12014KT,17,10
2009-07-29 16:00:00.000,2009,7,29,16,12014KT,18,10
2009-07-29 17:00:00.000,2009,7,29,17,17014KT,18,10
2009-07-29 18:00:00.000,2009,7,29,18,10013KT,16,11
2009-07-29 19:00:00.000,2009,7,29,19,15008KT,16,10
2009-07-29 20:00:00.000,2009,7,29,20,15011KT,17,10
2009-07-29 21:00:00.000,2009,7,29,21,16016KT,17,09
2009-07-29 22:00:00.000,2009,7,29,22,16012KT,16,09
2009-07-29 23:00:00.000,2009,7,29,23,15010KT,15,09
2009-07-30 00:00:00.000,2009,7,30,0,30003KT,13,10
2009-07-30 02:00:00.000,2009,7,30,2,08004KT,13,10
2009-07-30 03:00:00.000,2009,7,30,3,10006KT,13,10
2009-07-30 04:00:00.000,2009,7,30,4,VRB02KT,13,10
2009-07-30 06:00:00.000,2009,7,30,6,00000KT,13,09
2009-07-30 07:00:00.000,2009,7,30,7,00000KT,12,10
2009-07-30 08:00:00.000,2009,7,30,8,00000KT,11,09
2009-07-30 09:00:00.000,2009,7,30,9,09004KT,13,09
2009-07-30 10:00:00.000,2009,7,30,10,VRB02KT,11,09
2009-07-30 11:00:00.000,2009,7,30,11,03003KT,10,09
2009-07-30 12:00:00.000,2009,7,30,12,31004KT,11,09
2009-07-30 13:00:00.000,2009,7,30,13,34006KT,13,10
2009-07-30 14:00:00.000,2009,7,30,14,06004KT,15,10
2009-07-30 15:00:00.000,2009,7,30,15,11012KT,17,09
2009-07-30 16:00:00.000,2009,7,30,16,12012KT,19,09
2009-07-30 17:00:00.000,2009,7,30,17,12016KT,18,09
2009-07-30 18:00:00.000,2009,7,30,18,14012KT,19,08
2009-07-30 19:00:00.000,2009,7,30,19,14010KT,20,08
2009-07-30 20:00:00.000,2009,7,30,20,12012KT,19,08
2009-07-30 21:00:00.000,2009,7,30,21,17010KT,20,07
2009-07-30 22:00:00.000,2009,7,30,22,16008KT,18,07
2009-07-30 23:00:00.000,2009,7,30,23,16010KT,16,07
2009-07-31 00:00:00.000,2009,7,31,0,15009KT,15,06
2009-07-31 01:00:00.000,2009,7,31,1,32007KT,14,10
2009-07-31 02:00:00.000,2009,7,31,2,36003KT,13,11
2009-07-31 03:00:00.000,2009,7,31,3,35003KT,12,10
2009-07-31 04:00:00.000,2009,7,31,4,31003KT,11,10
2009-07-31 05:00:00.000,2009,7,31,5,VRB02KT,11,10
2009-07-31 06:00:00.000,2009,7,31,6,VRB02KT,11,11
2009-07-31 07:00:00.000,2009,7,31,7,28003KT,11,10
2009-07-31 10:00:00.000,2009,7,31,10,VRB02KT,10,09
2009-07-31 11:00:00.000,2009,7,31,11,VRB02KT,08,08
2009-07-31 12:00:00.000,2009,7,31,12,VRB02KT,10,09
2009-07-31 13:00:00.000,2009,7,31,13,03005KT,14,11
2009-07-31 14:00:00.000,2009,7,31,14,VRB02KT,16,10
2009-07-31 15:00:00.000,2009,7,31,15,34005KT,15,10
2009-07-31 16:00:00.000,2009,7,31,16,32006KT,17,10
2009-07-31 17:00:00.000,2009,7,31,17,30010KT,16,10
2009-07-31 18:00:00.000,2009,7,31,18,17010KT,17,09
2009-07-31 19:00:00.000,2009,7,31,19,14008KT,19,08
2009-07-31 20:00:00.000,2009,7,31,20,10008KT,18,10
2009-07-31 21:00:00.000,2009,7,31,21,08010KT,20,10
2009-07-31 22:00:00.000,2009,7,31,22,07010KT,18,08
2009-07-31 23:00:00.000,2009,7,31,23,08010KT,16,07
2009-08-01 00:00:00.000,2009,8,1,0,09004KT,15,07
2009-08-01 01:00:00.000,2009,8,1,1,22004KT,14,08
2009-08-01 02:00:00.000,2009,8,1,2,03004KT,14,08
2009-08-01 03:00:00.000,2009,8,1,3,34006KT,14,08
2009-08-01 04:00:00.000,2009,8,1,4,02006KT,13,08
2009-08-01 05:00:00.000,2009,8,1,5,34006KT,12,09
2009-08-01 06:00:00.000,2009,8,1,6,01004KT,12,09
2009-08-01 07:00:00.000,2009,8,1,7,04006KT,12,09
2009-08-01 08:00:00.000,2009,8,1,8,00000KT,12,09
2009-08-01 09:00:00.000,2009,8,1,9,00000KT,12,10
2009-08-01 10:00:00.000,2009,8,1,10,03004KT,11,09
2009-08-01 11:00:00.000,2009,8,1,11,02004KT,11,09
2009-08-01 12:00:00.000,2009,8,1,12,05004KT,12,10
2009-08-01 13:00:00.000,2009,8,1,13,05007KT,14,10
2009-08-01 14:00:00.000,2009,8,1,14,05004KT,15,10
2009-08-01 15:00:00.000,2009,8,1,15,10003KT,17,10
2009-08-01 16:00:00.000,2009,8,1,16,25005KT,16,10
2009-08-01 17:00:00.000,2009,8,1,17,24003KT,17,10
2009-08-01 18:00:00.000,2009,8,1,18,16004KT,18,09
2009-08-01 19:00:00.000,2009,8,1,19,21005KT,18,09
2009-08-01 20:00:00.000,2009,8,1,20,11011KT,20,09
2009-08-01 21:00:00.000,2009,8,1,21,17010KT,19,09
2009-08-01 22:00:00.000,2009,8,1,22,16012KT,18,09
2009-08-01 23:00:00.000,2009,8,1,23,26006KT,16,11
2009-08-02 00:00:00.000,2009,8,2,0,34006KT,14,11
2009-08-02 01:00:00.000,2009,8,2,1,31004KT,14,10
2009-08-02 02:00:00.000,2009,8,2,2,02006KT,13,11
2009-08-02 03:00:00.000,2009,8,2,3,05006KT,12,10
2009-08-02 04:00:00.000,2009,8,2,4,06005KT,12,10
2009-08-02 05:00:00.000,2009,8,2,5,02004KT,12,10
2009-08-02 06:00:00.000,2009,8,2,6,31004KT,10,09
2009-08-02 07:00:00.000,2009,8,2,7,04004KT,11,09
2009-08-02 08:00:00.000,2009,8,2,8,07004KT,11,09
2009-08-02 11:00:00.000,2009,8,2,11,VRB02KT,10,09
2009-08-02 12:00:00.000,2009,8,2,12,VRB02KT,12,09
2009-08-02 13:00:00.000,2009,8,2,13,19004KT,15,09
2009-08-02 14:00:00.000,2009,8,2,14,16010KT,16,09
2009-08-02 23:00:00.000,2009,8,2,23,16008KT,17,09
2009-08-03 00:00:00.000,2009,8,3,0,17008KT,16,09
2009-08-03 01:00:00.000,2009,8,3,1,17008KT,16,09
2009-08-03 02:00:00.000,2009,8,3,2,15003KT,15,09
2009-08-03 03:00:00.000,2009,8,3,3,36003KT,14,10
2009-08-03 04:00:00.000,2009,8,3,4,05003KT,14,10
2009-08-03 05:00:00.000,2009,8,3,5,02003KT,12,10
2009-08-03 07:00:00.000,2009,8,3,7,27005KT,12,10
2009-08-03 09:00:00.000,2009,8,3,9,07006KT,11,10
2009-08-03 10:00:00.000,2009,8,3,10,07004KT,12,10
2009-08-03 12:00:00.000,2009,8,3,12,VRB02KT,13,09
2009-08-03 13:00:00.000,2009,8,3,13,11010KT,16,09
2009-08-03 14:00:00.000,2009,8,3,14,11014KT,18,09
2009-08-03 15:00:00.000,2009,8,3,15,10016KT,19,10
2009-08-03 16:00:00.000,2009,8,3,16,12016KT,19,08
2009-08-03 17:00:00.000,2009,8,3,17,11016KT,20,08
2009-08-03 18:00:00.000,2009,8,3,18,16014KT,18,09
2009-08-03 19:00:00.000,2009,8,3,19,16010KT,19,09
2009-08-03 20:00:00.000,2009,8,3,20,15011KT,20,09
2009-08-03 21:00:00.000,2009,8,3,21,11010KT,20,08
2009-08-03 22:00:00.000,2009,8,3,22,09012KT,19,07
2009-08-03 23:00:00.000,2009,8,3,23,11012KT,17,08
2009-08-04 00:00:00.000,2009,8,4,0,12015KT,16,08
2009-08-04 01:00:00.000,2009,8,4,1,12007KT,15,07
2009-08-04 02:00:00.000,2009,8,4,2,13008KT,15,07
2009-08-04 03:00:00.000,2009,8,4,3,09006KT,14,08
2009-08-04 04:00:00.000,2009,8,4,4,12010KT,14,09
2009-08-04 05:00:00.000,2009,8,4,5,10007KT,14,08
2009-08-04 06:00:00.000,2009,8,4,6,10008KT,14,08
2009-08-04 07:00:00.000,2009,8,4,7,10008KT,14,10
2009-08-04 08:00:00.000,2009,8,4,8,13006KT,13,08
2009-08-04 09:00:00.000,2009,8,4,9,13009KT,14,08
2009-08-04 10:00:00.000,2009,8,4,10,02007KT,11,08
2009-08-04 11:00:00.000,2009,8,4,11,07006KT,11,08
2009-08-04 12:00:00.000,2009,8,4,12,06008KT,12,08
2009-08-04 13:00:00.000,2009,8,4,13,09007KT,15,09
2009-08-04 14:00:00.000,2009,8,4,14,11010KT,16,09
2009-08-04 15:00:00.000,2009,8,4,15,10008KT,18,09
2009-08-04 16:00:00.000,2009,8,4,16,13012KT,18,09
2009-08-04 17:00:00.000,2009,8,4,17,16010KT,18,10
2009-08-04 18:00:00.000,2009,8,4,18,17014KT,18,09
2009-08-04 19:00:00.000,2009,8,4,19,17010KT,19,09
2009-08-04 20:00:00.000,2009,8,4,20,12009KT,19,09
2009-08-04 21:00:00.000,2009,8,4,21,13008KT,18,09
2009-08-04 22:00:00.000,2009,8,4,22,10006KT,16,11
2009-08-04 23:00:00.000,2009,8,4,23,10004KT,14,11
2009-08-05 00:00:00.000,2009,8,5,0,15007KT,14,11
2009-08-05 01:00:00.000,2009,8,5,1,16006KT,14,11
2009-08-05 02:00:00.000,2009,8,5,2,18008KT,14,11
2009-08-05 05:00:00.000,2009,8,5,5,16006KT,13,10
2009-08-05 06:00:00.000,2009,8,5,6,12005KT,14,10
2009-08-05 07:00:00.000,2009,8,5,7,03004KT,12,10
2009-08-05 08:00:00.000,2009,8,5,8,06004KT,13,10
2009-08-05 09:00:00.000,2009,8,5,9,VRB02KT,11,10
2009-08-05 10:00:00.000,2009,8,5,10,06003KT,12,10
2009-08-05 11:00:00.000,2009,8,5,11,05008KT,12,10
2009-08-05 12:00:00.000,2009,8,5,12,09008KT,13,10
2009-08-05 13:00:00.000,2009,8,5,13,10007KT,16,10
2009-08-05 15:00:00.000,2009,8,5,15,15010KT,17,10
2009-08-05 16:00:00.000,2009,8,5,16,15010KT,15,11
2009-08-05 17:00:00.000,2009,8,5,17,16011KT,18,10
2009-08-05 18:00:00.000,2009,8,5,18,13009KT,18,10
2009-08-05 19:00:00.000,2009,8,5,19,11009KT,20,11
2009-08-05 20:00:00.000,2009,8,5,20,13010KT,19,10
2009-08-05 21:00:00.000,2009,8,5,21,13009KT,19,09
2009-08-05 22:00:00.000,2009,8,5,22,13003KT,17,10
2009-08-05 23:00:00.000,2009,8,5,23,13007KT,17,09
2009-08-06 00:00:00.000,2009,8,6,0,17009KT,16,09
2009-08-06 01:00:00.000,2009,8,6,1,VRB02KT,14,11
2009-08-06 02:00:00.000,2009,8,6,2,36005KT,13,11
2009-08-06 03:00:00.000,2009,8,6,3,03004KT,13,11
2009-08-06 05:00:00.000,2009,8,6,5,31003KT,13,11
2009-08-06 06:00:00.000,2009,8,6,6,34003KT,13,11
2009-08-06 14:00:00.000,2009,8,6,14,04005KT,16,11
2009-08-06 15:00:00.000,2009,8,6,15,14004KT,16,12
2009-08-06 16:00:00.000,2009,8,6,16,12007KT,17,10
2009-08-06 17:00:00.000,2009,8,6,17,13008KT,17,11
2009-08-06 18:00:00.000,2009,8,6,18,12012KT,19,09
2009-08-06 19:00:00.000,2009,8,6,19,17014KT,19,09
2009-08-06 20:00:00.000,2009,8,6,20,06010KT,18,10
2009-08-06 21:00:00.000,2009,8,6,21,14014KT,18,09
2009-08-06 22:00:00.000,2009,8,6,22,17015KT,17,09
2009-08-06 23:00:00.000,2009,8,6,23,16010KT,,
2009-08-07 00:00:00.000,2009,8,7,0,16010KT,14,08
2009-08-07 01:00:00.000,2009,8,7,1,16004KT,13,09
2009-08-07 02:00:00.000,2009,8,7,2,14008KT,13,09
2009-08-07 03:00:00.000,2009,8,7,3,06007KT,13,09
2009-08-07 05:00:00.000,2009,8,7,5,04006KT,12,10
2009-08-07 06:00:00.000,2009,8,7,6,00000KT,11,09
2009-08-07 07:00:00.000,2009,8,7,7,VRB02KT,10,09
2009-08-07 08:00:00.000,2009,8,7,8,05005KT,10,09
2009-08-07 09:00:00.000,2009,8,7,9,05006KT,11,09
2009-08-07 10:00:00.000,2009,8,7,10,02005KT,10,09
2009-08-07 11:00:00.000,2009,8,7,11,32004KT,11,09
2009-08-07 12:00:00.000,2009,8,7,12,35003KT,12,09
2009-08-07 13:00:00.000,2009,8,7,13,02005KT,14,10
2009-08-07 14:00:00.000,2009,8,7,14,26006KT,15,10
2009-08-07 15:00:00.000,2009,8,7,15,15016KT,16,08
2009-08-07 16:00:00.000,2009,8,7,16,13015KT,17,08
2009-08-07 17:00:00.000,2009,8,7,17,15012KT,17,08
2009-08-07 18:00:00.000,2009,8,7,18,15010KT,18,09
2009-08-07 19:00:00.000,2009,8,7,19,15015KT,17,09
2009-08-07 20:00:00.000,2009,8,7,20,15010KT,18,09
2009-08-07 21:00:00.000,2009,8,7,21,10010KT,18,09
2009-08-07 22:00:00.000,2009,8,7,22,11006KT,18,08
2009-08-08 01:00:00.000,2009,8,8,1,VRB02KT,13,10
2009-08-08 02:00:00.000,2009,8,8,2,VRB02KT,13,10
2009-08-08 03:00:00.000,2009,8,8,3,04003KT,13,10
2009-08-08 04:00:00.000,2009,8,8,4,04003KT,13,10
2009-08-08 05:00:00.000,2009,8,8,5,VRB02KT,13,10
2009-08-08 06:00:00.000,2009,8,8,6,06003KT,12,11
2009-08-08 07:00:00.000,2009,8,8,7,VRB02KT,11,10
2009-08-08 08:00:00.000,2009,8,8,8,05006KT,11,10
2009-08-08 09:00:00.000,2009,8,8,9,08004KT,11,09
2009-08-08 10:00:00.000,2009,8,8,10,02003KT,10,09
2009-08-08 11:00:00.000,2009,8,8,11,09003KT,10,08
2009-08-08 12:00:00.000,2009,8,8,12,03004KT,11,10
2009-08-08 13:00:00.000,2009,8,8,13,05006KT,14,10
2009-08-08 14:00:00.000,2009,8,8,14,16006KT,16,11
2009-08-08 15:00:00.000,2009,8,8,15,08008KT,16,11
2009-08-08 16:00:00.000,2009,8,8,16,04008KT,17,11
2009-08-08 17:00:00.000,2009,8,8,17,14010KT,18,10
2009-08-08 18:00:00.000,2009,8,8,18,15010KT,17,10
2009-08-08 19:00:00.000,2009,8,8,19,20009KT,17,11
2009-08-08 20:00:00.000,2009,8,8,20,19005KT,18,09
2009-08-08 21:00:00.000,2009,8,8,21,27008KT,16,12
2009-08-08 22:00:00.000,2009,8,8,22,30009KT,15,13
2009-08-08 23:00:00.000,2009,8,8,23,32005KT,14,13
2009-08-09 00:00:00.000,2009,8,9,0,VRB02KT,13,12
2009-08-09 01:00:00.000,2009,8,9,1,31004KT,13,12
2009-08-09 02:00:00.000,2009,8,9,2,32004KT,13,12
2009-08-09 03:00:00.000,2009,8,9,3,10004KT,13,11
2009-08-09 04:00:00.000,2009,8,9,4,30004KT,12,10
2009-08-09 05:00:00.000,2009,8,9,5,03004KT,13,10
2009-08-09 06:00:00.000,2009,8,9,6,00000KT,12,10
2009-08-09 07:00:00.000,2009,8,9,7,01004KT,11,10
2009-08-09 08:00:00.000,2009,8,9,8,01004KT,11,10
2009-08-09 09:00:00.000,2009,8,9,9,06004KT,11,09
2009-08-09 10:00:00.000,2009,8,9,10,00000KT,11,10
2009-08-09 11:00:00.000,2009,8,9,11,06006KT,11,09
2009-08-09 12:00:00.000,2009,8,9,12,07005KT,14,09
2009-08-09 13:00:00.000,2009,8,9,13,04006KT,13,09
2009-08-09 14:00:00.000,2009,8,9,14,25003KT,15,09
2009-08-09 15:00:00.000,2009,8,9,15,16006KT,16,09
2009-08-09 16:00:00.000,2009,8,9,16,15007KT,17,09
2009-08-09 17:00:00.000,2009,8,9,17,17012KT,18,09
2009-08-09 18:00:00.000,2009,8,9,18,14010KT,18,09
2009-08-09 19:00:00.000,2009,8,9,19,14012KT,18,09
2009-08-09 20:00:00.000,2009,8,9,20,15016KT,18,10
2009-08-09 21:00:00.000,2009,8,9,21,14012KT,17,09
2009-08-09 22:00:00.000,2009,8,9,22,13012KT,16,09
2009-08-09 23:00:00.000,2009,8,9,23,13010KT,15,08
2009-08-10 00:00:00.000,2009,8,10,0,13009KT,13,07
2009-08-10 01:00:00.000,2009,8,10,1,09004KT,12,08
2009-08-10 02:00:00.000,2009,8,10,2,VRB02KT,12,08
2009-08-10 03:00:00.000,2009,8,10,3,14003KT,11,09
2009-08-10 04:00:00.000,2009,8,10,4,36003KT,10,08
2009-08-10 05:00:00.000,2009,8,10,5,30003KT,10,08
2009-08-10 06:00:00.000,2009,8,10,6,00000KT,10,08
2009-08-10 07:00:00.000,2009,8,10,7,33003KT,09,07
2009-08-10 08:00:00.000,2009,8,10,8,34003KT,08,07
2009-08-10 09:00:00.000,2009,8,10,9,VRB02KT,07,06
2009-08-10 10:00:00.000,2009,8,10,10,00000KT,08,07
2009-08-10 11:00:00.000,2009,8,10,11,35003KT,07,06
2009-08-10 12:00:00.000,2009,8,10,12,04004KT,12,09
2009-08-10 13:00:00.000,2009,8,10,13,11006KT,15,08
2009-08-10 14:00:00.000,2009,8,10,14,15010KT,17,08
2009-08-10 15:00:00.000,2009,8,10,15,19008KT,17,08
2009-08-10 16:00:00.000,2009,8,10,16,09012KT,33,23
2009-08-10 17:00:00.000,2009,8,10,17,15010KT,17,08
2009-08-10 18:00:00.000,2009,8,10,18,18010KT,17,09
2009-08-10 19:00:00.000,2009,8,10,19,10010KT,18,09
2009-08-10 20:00:00.000,2009,8,10,20,15015KT,18,09
2009-08-10 21:00:00.000,2009,8,10,21,12010KT,18,09
2009-08-10 23:00:00.000,2009,8,10,23,07010KT,17,10
2009-08-11 00:00:00.000,2009,8,11,0,04006KT,15,09
2009-08-11 01:00:00.000,2009,8,11,1,04006KT,14,10
2009-08-11 03:00:00.000,2009,8,11,3,32004KT,12,10
2009-08-11 04:00:00.000,2009,8,11,4,00000KT,12,10
2009-08-11 06:00:00.000,2009,8,11,6,02004KT,11,10
2009-08-11 07:00:00.000,2009,8,11,7,03004KT,11,10
2009-08-11 08:00:00.000,2009,8,11,8,04004KT,11,10
2009-08-11 09:00:00.000,2009,8,11,9,02006KT,11,10
2009-08-11 10:00:00.000,2009,8,11,10,02006KT,11,10
2009-08-11 11:00:00.000,2009,8,11,11,04004KT,11,10
2009-08-11 12:00:00.000,2009,8,11,12,04004KT,13,11
2009-08-11 13:00:00.000,2009,8,11,13,05007KT,15,11
2009-08-11 14:00:00.000,2009,8,11,14,06007KT,16,11
2009-08-11 15:00:00.000,2009,8,11,15,15005KT,17,11
2009-08-11 16:00:00.000,2009,8,11,16,10008KT,17,10
2009-08-11 17:00:00.000,2009,8,11,17,12009KT,18,11
2009-08-11 18:00:00.000,2009,8,11,18,15012KT,18,10
2009-08-11 19:00:00.000,2009,8,11,19,16010KT,17,09
2009-08-11 20:00:00.000,2009,8,11,20,15010KT,17,09
2009-08-11 21:00:00.000,2009,8,11,21,15016KT,18,10
2009-08-11 22:00:00.000,2009,8,11,22,15016KT,17,10
2009-08-12 00:00:00.000,2009,8,12,0,13004KT,15,09
2009-08-12 01:00:00.000,2009,8,12,1,03007KT,14,10
2009-08-12 02:00:00.000,2009,8,12,2,06005KT,13,09
2009-08-12 03:00:00.000,2009,8,12,3,33005KT,12,09
2009-08-12 04:00:00.000,2009,8,12,4,06006KT,11,09
2009-08-12 05:00:00.000,2009,8,12,5,06006KT,12,09
2009-08-12 06:00:00.000,2009,8,12,6,34003KT,11,09
2009-08-12 07:00:00.000,2009,8,12,7,02004KT,12,09
2009-08-12 09:00:00.000,2009,8,12,9,06006KT,09,08
2009-08-12 10:00:00.000,2009,8,12,10,05005KT,11,09
2009-08-12 11:00:00.000,2009,8,12,11,07007KT,12,09
2009-08-12 12:00:00.000,2009,8,12,12,04004KT,12,09
2009-08-12 13:00:00.000,2009,8,12,13,06006KT,13,09
2009-08-12 14:00:00.000,2009,8,12,14,20006KT,15,09
2009-08-12 15:00:00.000,2009,8,12,15,14010KT,17,08
2009-08-12 16:00:00.000,2009,8,12,16,14010KT,18,08
2009-08-12 17:00:00.000,2009,8,12,17,08010KT,19,09
2009-08-12 18:00:00.000,2009,8,12,18,13010KT,20,09
2009-08-12 19:00:00.000,2009,8,12,19,15014KT,18,09
2009-08-12 20:00:00.000,2009,8,12,20,11010KT,19,09
2009-08-12 21:00:00.000,2009,8,12,21,10008KT,19,09
2009-08-12 22:00:00.000,2009,8,12,22,16004KT,18,08
2009-08-12 23:00:00.000,2009,8,12,23,15009KT,17,08
2009-08-13 00:00:00.000,2009,8,13,0,17007KT,15,09
2009-08-13 01:00:00.000,2009,8,13,1,31004KT,13,08
2009-08-13 02:00:00.000,2009,8,13,2,35004KT,13,10
2009-08-13 03:00:00.000,2009,8,13,3,01006KT,13,09
2009-08-13 04:00:00.000,2009,8,13,4,10003KT,13,09
2009-08-13 05:00:00.000,2009,8,13,5,00000KT,12,10
2009-08-13 06:00:00.000,2009,8,13,6,00000KT,12,10
2009-08-13 07:00:00.000,2009,8,13,7,36006KT,11,11
2009-08-13 08:00:00.000,2009,8,13,8,040005K,11,10
2009-08-13 09:00:00.000,2009,8,13,9,06004KT,11,11
2009-08-13 10:00:00.000,2009,8,13,10,06005KT,11,10
2009-08-13 11:00:00.000,2009,8,13,11,01003KT,11,10
2009-08-13 12:00:00.000,2009,8,13,12,04008KT,12,10
2009-08-13 13:00:00.000,2009,8,13,13,03006KT,14,11
2009-08-13 14:00:00.000,2009,8,13,14,11008KT,15,11
2009-08-13 15:00:00.000,2009,8,13,15,12012KT,16,09
2009-08-13 16:00:00.000,2009,8,13,16,11010KT,18,09
2009-08-13 18:00:00.000,2009,8,13,18,14016KT,19,10
2009-08-13 19:00:00.000,2009,8,13,19,18014KT,19,10
2009-08-13 20:00:00.000,2009,8,13,20,15016KT,18,10
2009-08-13 21:00:00.000,2009,8,13,21,15016KT,18,10
2009-08-13 22:00:00.000,2009,8,13,22,17006KT,18,09
2009-08-13 23:00:00.000,2009,8,13,23,14008KT,17,08
2009-08-14 00:00:00.000,2009,8,14,0,17010KT,15,08
2009-08-14 01:00:00.000,2009,8,14,1,14005KT,13,10
2009-08-14 02:00:00.000,2009,8,14,2,02004KT,12,10
2009-08-14 03:00:00.000,2009,8,14,3,06005KT,12,10
2009-08-14 04:00:00.000,2009,8,14,4,14004KT,12,11
2009-08-14 05:00:00.000,2009,8,14,5,VRB02KT,12,11
2009-08-14 06:00:00.000,2009,8,14,6,05004KT,11,11
2009-08-14 07:00:00.000,2009,8,14,7,05006KT,11,10
2009-08-14 08:00:00.000,2009,8,14,8,05004KT,11,10
2009-08-14 09:00:00.000,2009,8,14,9,00000KT,11,10
2009-08-14 10:00:00.000,2009,8,14,10,34006KT,11,10
2009-08-14 11:00:00.000,2009,8,14,11,02003KT,11,10
2009-08-14 12:00:00.000,2009,8,14,12,07005KT,12,10
2009-08-14 13:00:00.000,2009,8,14,13,VRB02KT,13,11
2009-08-14 14:00:00.000,2009,8,14,14,20006KT,14,11
2009-08-14 15:00:00.000,2009,8,14,15,17010KT,16,11
2009-08-14 16:00:00.000,2009,8,14,16,17015KT,16,10
2009-08-14 17:00:00.000,2009,8,14,17,15010KT,17,10
2009-08-14 18:00:00.000,2009,8,14,18,16013KT,18,10
2009-08-14 19:00:00.000,2009,8,14,19,15012KT,18,10
2009-08-14 20:00:00.000,2009,8,14,20,14006KT,18,09
2009-08-14 21:00:00.000,2009,8,14,21,19009KT,18,09
2009-08-14 22:00:00.000,2009,8,14,22,16006KT,17,09
2009-08-14 23:00:00.000,2009,8,14,23,09005KT,16,09
2009-08-15 00:00:00.000,2009,8,15,0,14008KT,14,08
2009-08-15 01:00:00.000,2009,8,15,1,34004KT,14,08
2009-08-15 02:00:00.000,2009,8,15,2,34004KT,13,09
2009-08-15 03:00:00.000,2009,8,15,3,04004KT,11,09
2009-08-15 04:00:00.000,2009,8,15,4,03004KT,11,09
2009-08-15 05:00:00.000,2009,8,15,5,04004KT,11,09
2009-08-15 06:00:00.000,2009,8,15,6,00000KT,11,08
2009-08-15 07:00:00.000,2009,8,15,7,05004KT,10,09
2009-08-15 08:00:00.000,2009,8,15,8,04004KT,11,09
2009-08-15 09:00:00.000,2009,8,15,9,35004KT,10,09
2009-08-15 10:00:00.000,2009,8,15,10,35004KT,09,09
2009-08-15 11:00:00.000,2009,8,15,11,27004KT,08,08
2009-08-15 12:00:00.000,2009,8,15,12,00000KT,11,10
2009-08-15 13:00:00.000,2009,8,15,13,03004KT,13,10
2009-08-15 15:00:00.000,2009,8,15,15,30004KT,17,09
2009-08-15 16:00:00.000,2009,8,15,16,05008KT,18,09
2009-08-15 17:00:00.000,2009,8,15,17,VRB02KT,19,09
2009-08-15 18:00:00.000,2009,8,15,18,24008KT,17,12
2009-08-15 19:00:00.000,2009,8,15,19,28007KT,17,11
2009-08-15 20:00:00.000,2009,8,15,20,29010KT,16,13
2009-08-15 21:00:00.000,2009,8,15,21,27008KT,18,12
2009-08-15 22:00:00.000,2009,8,15,22,23010KT,17,12
2009-08-15 23:00:00.000,2009,8,15,23,28006KT,15,12
2009-08-16 00:00:00.000,2009,8,16,0,VRB02KT,13,11
2009-08-16 01:00:00.000,2009,8,16,1,36004KT,13,11
2009-08-16 02:00:00.000,2009,8,16,2,02003KT,12,10
2009-08-16 03:00:00.000,2009,8,16,3,VRB02KT,12,10
2009-08-16 04:00:00.000,2009,8,16,4,VRB02KT,12,10
2009-08-16 05:00:00.000,2009,8,16,5,30003KT,10,08
2009-08-16 06:00:00.000,2009,8,16,6,VRB02KT,10,09
2009-08-16 07:00:00.000,2009,8,16,7,3004KT,08,07
2009-08-16 08:00:00.000,2009,8,16,8,VRB02KT,09,08
2009-08-16 09:00:00.000,2009,8,16,9,VRB02KT,09,08
2009-08-16 10:00:00.000,2009,8,16,10,VRB02KT,09,08
2009-08-16 11:00:00.000,2009,8,16,11,28004KT,09,08
2009-08-16 12:00:00.000,2009,8,16,12,00000KT,10,09
2009-08-16 13:00:00.000,2009,8,16,13,VRB02KT,13,11
2009-08-16 14:00:00.000,2009,8,16,14,VRB02KT,16,10
2009-08-16 15:00:00.000,2009,8,16,15,VRB02KT,18,09
2009-08-16 16:00:00.000,2009,8,16,16,06008KT,20,10
2009-08-16 17:00:00.000,2009,8,16,17,18010KT,19,09
2009-08-16 18:00:00.000,2009,8,16,18,26008KT,19,13
2009-08-16 19:00:00.000,2009,8,16,19,30014KT,15,13
2009-08-16 20:00:00.000,2009,8,16,20,30010KT,15,13
2009-08-16 21:00:00.000,2009,8,16,21,26010KT,16,14
2009-08-16 22:00:00.000,2009,8,16,22,27006KT,15,13
2009-08-16 23:00:00.000,2009,8,16,23,00000KT,14,12
2009-08-17 00:00:00.000,2009,8,17,0,VRB02KT,13,11
2009-08-17 01:00:00.000,2009,8,17,1,24004KT,13,11
2009-08-17 02:00:00.000,2009,8,17,2,31004KT,13,11
2009-08-17 03:00:00.000,2009,8,17,3,VRB02KT,12,11
2009-08-17 04:00:00.000,2009,8,17,4,00000KT,13,11
2009-08-17 05:00:00.000,2009,8,17,5,VRB02KT,12,11
2009-08-17 06:00:00.000,2009,8,17,6,27004KT,12,11
2009-08-17 07:00:00.000,2009,8,17,7,05004KT,11,11
2009-08-17 08:00:00.000,2009,8,17,8,31004KT,10,10
2009-08-17 09:00:00.000,2009,8,17,9,35004KT,10,09
2009-08-17 10:00:00.000,2009,8,17,10,35004KT,10,10
2009-08-17 11:00:00.000,2009,8,17,11,VRB02KT,10,09
2009-08-17 12:00:00.000,2009,8,17,12,00000KT,10,10
2009-08-17 13:00:00.000,2009,8,17,13,00000KT,12,11
2009-08-17 14:00:00.000,2009,8,17,14,VRB02KT,15,10
2009-08-17 15:00:00.000,2009,8,17,15,20010KT,17,10
2009-08-17 16:00:00.000,2009,8,17,16,18008KT,18,08
2009-08-17 17:00:00.000,2009,8,17,17,VRB02KT,20,12
2009-08-17 18:00:00.000,2009,8,17,18,VRB06KT,21,09
2009-08-17 19:00:00.000,2009,8,17,19,10014KT,21,09
2009-08-17 20:00:00.000,2009,8,17,20,10010KT,21,08
2009-08-17 21:00:00.000,2009,8,17,21,11007KT,19,09
2009-08-17 22:00:00.000,2009,8,17,22,31008KT,17,13
2009-08-17 23:00:00.000,2009,8,17,23,29008KT,15,13
2009-08-18 00:00:00.000,2009,8,18,0,33004KT,14,12
2009-08-18 01:00:00.000,2009,8,18,1,34005KT,14,12
2009-08-18 02:00:00.000,2009,8,18,2,VRB02KT,13,11
2009-08-18 03:00:00.000,2009,8,18,3,31003KT,13,10
2009-08-18 04:00:00.000,2009,8,18,4,05003KT,12,10
2009-08-18 05:00:00.000,2009,8,18,5,36003KT,12,10
2009-08-18 06:00:00.000,2009,8,18,6,06003KT,12,10
2009-08-18 07:00:00.000,2009,8,18,7,27003KT,12,10
2009-08-18 08:00:00.000,2009,8,18,8,05003KT,12,10
2009-08-18 09:00:00.000,2009,8,18,9,01003KT,11,10
2009-08-18 10:00:00.000,2009,8,18,10,05006KT,11,10
2009-08-18 11:00:00.000,2009,8,18,11,06006KT,10,08
2009-08-18 12:00:00.000,2009,8,18,12,05007KT,12,10
2009-08-18 13:00:00.000,2009,8,18,13,06006KT,14,09
2009-08-18 14:00:00.000,2009,8,18,14,05006KT,16,10
2009-08-18 15:00:00.000,2009,8,18,15,02007KT,16,10
2009-08-18 16:00:00.000,2009,8,18,16,11010KT,19,09
2009-08-18 18:00:00.000,2009,8,18,18,13010KT,20,09
2009-08-18 19:00:00.000,2009,8,18,19,06010KT,20,08
2009-08-18 20:00:00.000,2009,8,18,20,24006KT,17,10
2009-08-18 21:00:00.000,2009,8,18,21,25008KT,16,12
2009-08-18 22:00:00.000,2009,8,18,22,25008KT,16,13
2009-08-18 23:00:00.000,2009,8,18,23,24008KT,15,12
2009-08-19 00:00:00.000,2009,8,19,0,00000KT,13,11
2009-08-19 01:00:00.000,2009,8,19,1,35006KT,12,11
2009-08-19 02:00:00.000,2009,8,19,2,03005KT,12,11
2009-08-19 03:00:00.000,2009,8,19,3,33008KT,12,11
2009-08-19 06:00:00.000,2009,8,19,6,00000KT,11,10
2009-08-19 07:00:00.000,2009,8,19,7,VRB02KT,12,11
2009-08-19 08:00:00.000,2009,8,19,8,VRB02KT,12,10
2009-08-19 09:00:00.000,2009,8,19,9,08004KT,11,10
2009-08-19 10:00:00.000,2009,8,19,10,01003KT,11,10
2009-08-19 11:00:00.000,2009,8,19,11,30005KT,10,09
2009-08-19 12:00:00.000,2009,8,19,12,08003KT,12,10
2009-08-19 13:00:00.000,2009,8,19,13,07005KT,15,10
2009-08-19 14:00:00.000,2009,8,19,14,08004KT,15,10
2009-08-19 15:00:00.000,2009,8,19,15,18007KT,17,10
2009-08-19 16:00:00.000,2009,8,19,16,05005KT,17,09
2009-08-19 17:00:00.000,2009,8,19,17,14010KT,18,09
2009-08-19 18:00:00.000,2009,8,19,18,13010KT,20,09
2009-08-19 19:00:00.000,2009,8,19,19,14010KT,20,09
2009-08-19 20:00:00.000,2009,8,19,20,VRB02KT,21,09
2009-08-19 21:00:00.000,2009,8,19,21,22007KT,19,10
2009-08-20 00:00:00.000,2009,8,20,0,31004KT,14,12
2009-08-20 01:00:00.000,2009,8,20,1,33003KT,11,11
2009-08-20 02:00:00.000,2009,8,20,2,00000KT,09,09
2009-08-20 03:00:00.000,2009,8,20,3,00000KT,11,11
2009-08-20 06:00:00.000,2009,8,20,6,00000KT,11,11
2009-08-20 07:00:00.000,2009,8,20,7,VRB02KT,10,10
2009-08-20 08:00:00.000,2009,8,20,8,27004KT,09,08
2009-08-20 09:00:00.000,2009,8,20,9,35003KT,10,10
2009-08-20 10:00:00.000,2009,8,20,10,00000KT,10,10
2009-08-20 11:00:00.000,2009,8,20,11,00000KT,11,11
2009-08-20 12:00:00.000,2009,8,20,12,06004KT,12,11
2009-08-20 13:00:00.000,2009,8,20,13,06006KT,15,11
2009-08-20 14:00:00.000,2009,8,20,14,07008KT,16,11
2009-08-20 15:00:00.000,2009,8,20,15,03006KT,18,10
2009-08-20 16:00:00.000,2009,8,20,16,VRB02KT,18,09
2009-08-20 18:00:00.000,2009,8,20,18,26012KT,19,11
2009-08-20 19:00:00.000,2009,8,20,19,26012KT,18,12
2009-08-20 20:00:00.000,2009,8,20,20,27010KT,15,13
2009-08-20 21:00:00.000,2009,8,20,21,26008KT,16,13
2009-08-20 22:00:00.000,2009,8,20,22,28008KT,17,13
2009-08-21 00:00:00.000,2009,8,21,0,28006KT,13,12
2009-08-21 01:00:00.000,2009,8,21,1,02004KT,13,11
2009-08-21 02:00:00.000,2009,8,21,2,00000KT,12,12
2009-08-21 03:00:00.000,2009,8,21,3,30003KT,11,11
2009-08-21 04:00:00.000,2009,8,21,4,00000KT,12,11
2009-08-21 05:00:00.000,2009,8,21,5,00000KT,12,11
2009-08-21 06:00:00.000,2009,8,21,6,30003KT,11,11
2009-08-21 07:00:00.000,2009,8,21,7,00000KT,11,10
2009-08-21 08:00:00.000,2009,8,21,8,VRB02KT,11,10
2009-08-21 09:00:00.000,2009,8,21,9,02004KT,11,11
2009-08-21 10:00:00.000,2009,8,21,10,32007KT,11,10
2009-08-21 11:00:00.000,2009,8,21,11,27004KT,09,09
2009-08-21 12:00:00.000,2009,8,21,12,00000KT,10,09
2009-08-21 13:00:00.000,2009,8,21,13,08004KT,12,11
2009-08-21 14:00:00.000,2009,8,21,14,06004KT,14,11
2009-08-21 15:00:00.000,2009,8,21,15,19004KT,16,10
2009-08-21 16:00:00.000,2009,8,21,16,29004KT,17,10
2009-08-21 17:00:00.000,2009,8,21,17,VRB02KT,18,10
2009-08-21 18:00:00.000,2009,8,21,18,07008TKT,16,11
2009-08-21 19:00:00.000,2009,8,21,19,07008TKT,17,11
2009-08-21 20:00:00.000,2009,8,21,20,18010KT,15,12
2009-08-21 21:00:00.000,2009,8,21,21,17010KT,15,10
2009-08-21 22:00:00.000,2009,8,21,22,15006KT,14,09
2009-08-21 23:00:00.000,2009,8,21,23,VRB02KT,14,08
2009-08-22 00:00:00.000,2009,8,22,0,07003KT,14,08
2009-08-22 01:00:00.000,2009,8,22,1,08004KT,13,09
2009-08-22 02:00:00.000,2009,8,22,2,02006KT,12,09
2009-08-22 03:00:00.000,2009,8,22,3,VRB02KT,12,09
2009-08-22 04:00:00.000,2009,8,22,4,05005KT,12,09
2009-08-22 05:00:00.000,2009,8,22,5,03004KT,11,09
2009-08-22 06:00:00.000,2009,8,22,6,09004KT,11,09
2009-08-22 07:00:00.000,2009,8,22,7,05004KT,12,09
2009-08-22 08:00:00.000,2009,8,22,8,VRB02KT,11,09
2009-08-22 09:00:00.000,2009,8,22,9,05004KT,10,09
2009-08-22 10:00:00.000,2009,8,22,10,VRB02KT,09,08
2009-08-22 11:00:00.000,2009,8,22,11,VRB02KT,08,07
2009-08-22 12:00:00.000,2009,8,22,12,VRB02KT,11,10
2009-08-22 13:00:00.000,2009,8,22,13,07004KT,14,10
2009-08-22 14:00:00.000,2009,8,22,14,VRB02KT,17,10
2009-08-22 15:00:00.000,2009,8,22,15,10010KT,20,09
2009-08-22 16:00:00.000,2009,8,22,16,10014KT,20,07
2009-08-22 17:00:00.000,2009,8,22,17,13010KT,20,08
2009-08-22 18:00:00.000,2009,8,22,18,25003KT,20,09
2009-08-22 19:00:00.000,2009,8,22,19,27006KT,18,10
2009-08-22 20:00:00.000,2009,8,22,20,24010KT,18,12
2009-08-22 21:00:00.000,2009,8,22,21,26008KT,17,11
2009-08-22 22:00:00.000,2009,8,22,22,27008KT,16,10
2009-08-22 23:00:00.000,2009,8,22,23,26005KT,15,09
2009-08-23 00:00:00.000,2009,8,23,0,VRB02KT,13,10
2009-08-23 01:00:00.000,2009,8,23,1,00000KT,11,10
2009-08-23 02:00:00.000,2009,8,23,2,34005KT,11,10
2009-08-23 03:00:00.000,2009,8,23,3,VRB02KT,10,10
2009-08-23 04:00:00.000,2009,8,23,4,00000KT,10,09
2009-08-23 05:00:00.000,2009,8,23,5,34004KT,11,10
2009-08-23 06:00:00.000,2009,8,23,6,VRB02KT,11,10
2009-08-23 07:00:00.000,2009,8,23,7,00000KT,11,10
2009-08-23 09:00:00.000,2009,8,23,9,VRB02KT,09,09
2009-08-23 10:00:00.000,2009,8,23,10,VRB02KT,09,09
2009-08-23 11:00:00.000,2009,8,23,11,VRB02KT,08,08
2009-08-23 12:00:00.000,2009,8,23,12,17003KT,10,10
2009-08-23 13:00:00.000,2009,8,23,13,34003KT,13,11
2009-08-23 14:00:00.000,2009,8,23,14,VRB02KT,16,10
2009-08-23 15:00:00.000,2009,8,23,15,02006KT,18,11
2009-08-23 16:00:00.000,2009,8,23,16,35006KT,18,10
2009-08-23 17:00:00.000,2009,8,23,17,09008KT,18,09
2009-08-23 18:00:00.000,2009,8,23,18,23012KT,19,12
2009-08-23 19:00:00.000,2009,8,23,19,26008KT,19,12
2009-08-23 20:00:00.000,2009,8,23,20,24009KT,17,12
2009-08-23 21:00:00.000,2009,8,23,21,29009KT,17,12
2009-08-23 22:00:00.000,2009,8,23,22,23007KT,16,13
2009-08-23 23:00:00.000,2009,8,23,23,22004KT,14,12
2009-08-24 00:00:00.000,2009,8,24,0,27006KT,13,12
2009-08-24 01:00:00.000,2009,8,24,1,00000KT,14,11
2009-08-24 02:00:00.000,2009,8,24,2,21004KT,13,11
2009-08-24 03:00:00.000,2009,8,24,3,14004KT,13,10
2009-08-24 04:00:00.000,2009,8,24,4,00000KT,13,10
2009-08-24 05:00:00.000,2009,8,24,5,13006KT,12,09
2009-08-24 06:00:00.000,2009,8,24,6,08008KT,12,09
2009-08-24 07:00:00.000,2009,8,24,7,04006KT,13,10
2009-08-24 08:00:00.000,2009,8,24,8,04008K,12,09
2009-08-24 09:00:00.000,2009,8,24,9,03010KT,11,09
2009-08-24 10:00:00.000,2009,8,24,10,36004KT,09,07
2009-08-24 11:00:00.000,2009,8,24,11,07006KT,10,08
2009-08-24 12:00:00.000,2009,8,24,12,05006KT,12,09
2009-08-24 13:00:00.000,2009,8,24,13,VRB02KT,13,09
2009-08-24 14:00:00.000,2009,8,24,14,18004KT,15,09
2009-08-24 15:00:00.000,2009,8,24,15,09005KT,17,09
2009-08-24 16:00:00.000,2009,8,24,16,15015KT,17,08
2009-08-24 17:00:00.000,2009,8,24,17,16012KT,18,09
2009-08-24 18:00:00.000,2009,8,24,18,16012KT,,
2009-08-24 19:00:00.000,2009,8,24,19,18012KT,20,08
2009-08-24 20:00:00.000,2009,8,24,20,16010KT,20,08
2009-08-24 21:00:00.000,2009,8,24,21,17014KT,20,08
2009-08-24 22:00:00.000,2009,8,24,22,18012KT,19,07
2009-08-24 23:00:00.000,2009,8,24,23,16012KT,16,08
2009-08-25 00:00:00.000,2009,8,25,0,07006KT,15,10
2009-08-25 01:00:00.000,2009,8,25,1,32003KT,13,09
2009-08-25 02:00:00.000,2009,8,25,2,36003KT,14,09
2009-08-25 03:00:00.000,2009,8,25,3,05006KT,14,09
2009-08-25 04:00:00.000,2009,8,25,4,05004KT,13,09
2009-08-25 05:00:00.000,2009,8,25,5,07006KT,13,10
2009-08-25 06:00:00.000,2009,8,25,6,07004KT,12,10
2009-08-25 07:00:00.000,2009,8,25,7,07006KT,12,10
2009-08-25 08:00:00.000,2009,8,25,8,07008KT,12,10
2009-08-25 09:00:00.000,2009,8,25,9,05005KT,12,10
2009-08-25 10:00:00.000,2009,8,25,10,04005KT,12,10
2009-08-25 11:00:00.000,2009,8,25,11,07005KT,12,10
2009-08-25 12:00:00.000,2009,8,25,12,04006KT,12,10
2009-08-25 13:00:00.000,2009,8,25,13,07010KT,14,10
2009-08-25 14:00:00.000,2009,8,25,14,12010KT,16,09
2009-08-25 15:00:00.000,2009,8,25,15,10010KT,19,09
2009-08-25 16:00:00.000,2009,8,25,16,12016KT,19,10
2009-08-25 17:00:00.000,2009,8,25,17,13016KT,18,09
2009-08-25 18:00:00.000,2009,8,25,18,14012KT,19,07
2009-08-25 19:00:00.000,2009,8,25,19,14010KT,18,08
2009-08-25 20:00:00.000,2009,8,25,20,10008KT,17,10
2009-08-25 21:00:00.000,2009,8,25,21,10007KT,18,10
2009-08-25 22:00:00.000,2009,8,25,22,07007KT,17,10
2009-08-25 23:00:00.000,2009,8,25,23,10010KT,16,09
2009-08-26 00:00:00.000,2009,8,26,0,08008KT,15,09
2009-08-26 01:00:00.000,2009,8,26,1,08008KT,14,09
2009-08-26 02:00:00.000,2009,8,26,2,02005KT,13,09
2009-08-26 03:00:00.000,2009,8,26,3,06005KT,12,09
2009-08-26 04:00:00.000,2009,8,26,4,05005KT,12,09
2009-08-26 05:00:00.000,2009,8,26,5,04006KT,10,08
2009-08-26 06:00:00.000,2009,8,26,6,35004KT,12,10
2009-08-26 08:00:00.000,2009,8,26,8,VRB02KT,11,10
2009-08-26 09:00:00.000,2009,8,26,9,05003KT,09,08
2009-08-26 10:00:00.000,2009,8,26,10,32004KT,11,09
2009-08-26 11:00:00.000,2009,8,26,11,35004KT,11,09
2009-08-26 12:00:00.000,2009,8,26,12,VRB02KT,11,09
2009-08-26 13:00:00.000,2009,8,26,13,11008KT,13,09
2009-08-26 14:00:00.000,2009,8,26,14,10010KT,14,09
2009-08-26 15:00:00.000,2009,8,26,15,14008KT,14,08
2009-08-26 16:00:00.000,2009,8,26,16,10010KT,16,09
2009-08-26 17:00:00.000,2009,8,26,17,13012KT,17,08
2009-08-26 18:00:00.000,2009,8,26,18,20010KT,18,09
2009-08-26 19:00:00.000,2009,8,26,19,10012KT,18,10
2009-08-26 20:00:00.000,2009,8,26,20,14012KT,19,10
2009-08-26 21:00:00.000,2009,8,26,21,11012KT,19,08
2009-08-26 22:00:00.000,2009,8,26,22,11012KT,17,08
2009-08-26 23:00:00.000,2009,8,26,23,16010KT,16,09
2009-08-27 00:00:00.000,2009,8,27,0,16004KT,14,10
2009-08-27 01:00:00.000,2009,8,27,1,12007KT,14,08
2009-08-27 02:00:00.000,2009,8,27,2,14012KT,13,06
2009-08-27 03:00:00.000,2009,8,27,3,12006KT,13,07
2009-08-27 04:00:00.000,2009,8,27,4,02006KT,12,08
2009-08-27 05:00:00.000,2009,8,27,5,09006KT,12,08
2009-08-27 06:00:00.000,2009,8,27,6,06005KT,10,08
2009-08-27 08:00:00.000,2009,8,27,8,00000KT,10,08
2009-08-27 11:00:00.000,2009,8,27,11,00000KT,09,07
2009-08-27 12:00:00.000,2009,8,27,12,07008KT,11,08
2009-08-27 13:00:00.000,2009,8,27,13,08012KT,14,08
2009-08-27 14:00:00.000,2009,8,27,14,12008KT,16,08
2009-08-27 15:00:00.000,2009,8,27,15,12006KT,16,08
2009-08-27 16:00:00.000,2009,8,27,16,13008KT,17,08
2009-08-27 17:00:00.000,2009,8,27,17,15007KT,16,08
2009-08-27 18:00:00.000,2009,8,27,18,17012KT,17,09
2009-08-27 19:00:00.000,2009,8,27,19,16010KT,16,10
2009-08-27 20:00:00.000,2009,8,27,20,13009KT,18,09
2009-08-27 21:00:00.000,2009,8,27,21,15010KT,18,08
2009-08-27 22:00:00.000,2009,8,27,22,16010KT,18,08
2009-08-27 23:00:00.000,2009,8,27,23,17010KT,16,08
2009-08-28 00:00:00.000,2009,8,28,0,15008KT,14,08
2009-08-28 01:00:00.000,2009,8,28,1,14005KT,12,07
2009-08-28 02:00:00.000,2009,8,28,2,02004KT,11,08
2009-08-28 03:00:00.000,2009,8,28,3,09005KT,11,09
2009-08-28 06:00:00.000,2009,8,28,6,34003KT,10,07
2009-08-28 07:00:00.000,2009,8,28,7,36005KT,10,08
2009-08-28 08:00:00.000,2009,8,28,8,06004KT,09,09
2009-08-28 09:00:00.000,2009,8,28,9,28004KT,10,09
2009-08-28 10:00:00.000,2009,8,28,10,33003KT,10,08
2009-08-28 11:00:00.000,2009,8,28,11,28004KT,10,09
2009-08-28 12:00:00.000,2009,8,28,12,00000KT,11,09
2009-08-28 13:00:00.000,2009,8,28,13,05004KT,13,10
2009-08-28 14:00:00.000,2009,8,28,14,14004KT,14,11
2009-08-28 15:00:00.000,2009,8,28,15,16005KT,16,11
2009-08-28 16:00:00.000,2009,8,28,16,13016KT,18,09
2009-08-28 18:00:00.000,2009,8,28,18,15016KT,19,08
2009-08-28 19:00:00.000,2009,8,28,19,15014KT,18,09
2009-08-28 20:00:00.000,2009,8,28,20,15016KT,19,09
2009-08-28 21:00:00.000,2009,8,28,21,16014KT,18,09
2009-08-28 23:00:00.000,2009,8,28,23,14012KT,15,08
2009-08-29 00:00:00.000,2009,8,29,0,16006KT,15,08
2009-08-29 01:00:00.000,2009,8,29,1,11005KT,14,09
2009-08-29 02:00:00.000,2009,8,29,2,05003KT,14,09
2009-08-29 03:00:00.000,2009,8,29,3,06007KT,14,09
2009-08-29 04:00:00.000,2009,8,29,4,03006KT,12,10
2009-08-29 05:00:00.000,2009,8,29,5,34004KT,12,10
2009-08-29 06:00:00.000,2009,8,29,6,04004KT,12,10
2009-08-29 07:00:00.000,2009,8,29,7,34003KT,11,10
2009-08-29 08:00:00.000,2009,8,29,8,34004KT,12,10
2009-08-29 09:00:00.000,2009,8,29,9,08003KT,11,10
2009-08-29 10:00:00.000,2009,8,29,10,06004KT,11,10
2009-08-29 11:00:00.000,2009,8,29,11,08005KT,11,10
2009-08-29 12:00:00.000,2009,8,29,12,13004KT,13,09
2009-08-29 13:00:00.000,2009,8,29,13,12012KT,14,09
2009-08-29 14:00:00.000,2009,8,29,14,16014KT,16,10
2009-08-29 15:00:00.000,2009,8,29,15,16012KT,16,09
2009-08-29 16:00:00.000,2009,8,29,16,15013KT,17,10
2009-08-29 17:00:00.000,2009,8,29,17,18011KT,17,09
2009-08-29 18:00:00.000,2009,8,29,18,15010KT,19,09
2009-08-29 19:00:00.000,2009,8,29,19,09012KT,19,09
2009-08-29 20:00:00.000,2009,8,29,20,12012KT,20,07
2009-08-29 21:00:00.000,2009,8,29,21,09010KT,19,08
2009-08-29 22:00:00.000,2009,8,29,22,12007KT,18,09
2009-08-29 23:00:00.000,2009,8,29,23,08014KT,16,08
2009-08-30 00:00:00.000,2009,8,30,0,32006KT,14,11
2009-08-30 01:00:00.000,2009,8,30,1,30006KT,13,12
2009-08-30 02:00:00.000,2009,8,30,2,VRB02KT,14,09
2009-08-30 03:00:00.000,2009,8,30,3,05008KT,14,10
2009-08-30 04:00:00.000,2009,8,30,4,04006KT,12,10
2009-08-30 05:00:00.000,2009,8,30,5,05006KT,12,10
2009-08-30 06:00:00.000,2009,8,30,6,VRB02KT,11,10
2009-08-30 07:00:00.000,2009,8,30,7,04006KT,10,09
2009-08-30 08:00:00.000,2009,8,30,8,VRB02KT,11,09
2009-08-30 09:00:00.000,2009,8,30,9,00000KT,10,09
2009-08-30 10:00:00.000,2009,8,30,10,VRB02KT,09,08
2009-08-30 11:00:00.000,2009,8,30,11,VRB02KT,09,09
2009-08-30 12:00:00.000,2009,8,30,12,VRB02KT,11,09
2009-08-30 13:00:00.000,2009,8,30,13,08003KT,13,10
2009-08-30 14:00:00.000,2009,8,30,14,VRB02KT,16,10
2009-08-30 15:00:00.000,2009,8,30,15,15011KT,17,08
2009-08-30 16:00:00.000,2009,8,30,16,14013KT,18,08
2009-08-30 17:00:00.000,2009,8,30,17,13014KT,19,08
2009-08-30 18:00:00.000,2009,8,30,18,16015KT,19,08
2009-08-30 19:00:00.000,2009,8,30,19,16012KT,19,07
2009-08-30 20:00:00.000,2009,8,30,20,13012KT,20,07
2009-08-30 21:00:00.000,2009,8,30,21,15010KT,19,06
2009-08-30 22:00:00.000,2009,8,30,22,10007KT,17,07
2009-08-30 23:00:00.000,2009,8,30,23,25006KT,16,10
2009-08-31 00:00:00.000,2009,8,31,0,30006KT,12,10
2009-08-31 01:00:00.000,2009,8,31,1,02006KT,12,10
2009-08-31 02:00:00.000,2009,8,31,2,14008KT,13,10
2009-08-31 03:00:00.000,2009,8,31,3,07006KT,12,10
2009-08-31 04:00:00.000,2009,8,31,4,05006KT,11,10
2009-08-31 05:00:00.000,2009,8,31,5,05008KT,11,10
2009-08-31 06:00:00.000,2009,8,31,6,05007KT,10,09
2009-08-31 07:00:00.000,2009,8,31,7,07006KT,10,09
2009-08-31 08:00:00.000,2009,8,31,8,05008KT,10,09
2009-08-31 09:00:00.000,2009,8,31,9,05006KT,11,09
2009-08-31 10:00:00.000,2009,8,31,10,05008KT,10,08
2009-08-31 11:00:00.000,2009,8,31,11,05008KT,10,08
2009-08-31 12:00:00.000,2009,8,31,12,05008KT,12,08
2009-08-31 13:00:00.000,2009,8,31,13,09008KT,15,09
2009-08-31 14:00:00.000,2009,8,31,14,13010KT,16,07
2009-08-31 15:00:00.000,2009,8,31,15,14010KT,18,07
2009-08-31 16:00:00.000,2009,8,31,16,12015KT,19,07
2009-08-31 18:00:00.000,2009,8,31,18,09010KT,19,06
2009-08-31 19:00:00.000,2009,8,31,19,12014KT,20,06
2009-08-31 20:00:00.000,2009,8,31,20,10013KT,19,07
2009-08-31 21:00:00.000,2009,8,31,21,13007KT,20,06
2009-08-31 22:00:00.000,2009,8,31,22,11012KT,18,05
2009-08-31 23:00:00.000,2009,8,31,23,11012KT,16,06
2009-09-01 00:00:00.000,2009,9,1,0,13011KT,14,07
2009-09-01 01:00:00.000,2009,9,1,1,10004KT,13,05
2009-09-01 02:00:00.000,2009,9,1,2,06004KT,12,05
2009-09-01 03:00:00.000,2009,9,1,3,04004KT,12,05
2009-09-01 04:00:00.000,2009,9,1,4,00000KT,09,05
2009-09-01 05:00:00.000,2009,9,1,5,30003KT,07,05
2009-09-01 06:00:00.000,2009,9,1,6,33003KT,07,05
2009-09-01 07:00:00.000,2009,9,1,7,00000KT,06,05
2009-09-01 08:00:00.000,2009,9,1,8,VRB02KT,05,04
2009-09-01 09:00:00.000,2009,9,1,9,33004KT,05,04
2009-09-01 10:00:00.000,2009,9,1,10,00000KT,04,03
2009-09-01 11:00:00.000,2009,9,1,11,VRB02KT,02,02
2009-09-01 12:00:00.000,2009,9,1,12,VRB02KT,05,04
2009-09-01 13:00:00.000,2009,9,1,13,05004KT,09,07
2009-09-01 14:00:00.000,2009,9,1,14,06005KT,15,09
2009-09-01 15:00:00.000,2009,9,1,15,08008KT,17,07
2009-09-01 16:00:00.000,2009,9,1,16,03008KT,17,08
2009-09-01 17:00:00.000,2009,9,1,17,12005KT,18,09
2009-09-01 18:00:00.000,2009,9,1,18,11007KT,19,09
2009-09-01 19:00:00.000,2009,9,1,19,19008KT,20,09
2009-09-01 20:00:00.000,2009,9,1,20,10008KT,20,08
2009-09-01 21:00:00.000,2009,9,1,21,12012KT,19,08
2009-09-01 22:00:00.000,2009,9,1,22,13008KT,17,08
2009-09-01 23:00:00.000,2009,9,1,23,12006KT,16,08
2009-09-02 00:00:00.000,2009,9,2,0,30003KT,16,12
2009-09-02 01:00:00.000,2009,9,2,1,VRB02KT,14,12
2009-09-02 02:00:00.000,2009,9,2,2,05003KT,13,11
2009-09-02 03:00:00.000,2009,9,2,3,26005KT,12,10
2009-09-02 04:00:00.000,2009,9,2,4,03003KT,12,09
2009-09-02 05:00:00.000,2009,9,2,5,30003KT,11,09
2009-09-02 06:00:00.000,2009,9,2,6,06004KT,11,09
2009-09-02 07:00:00.000,2009,9,2,7,07004KT,11,09
2009-09-02 08:00:00.000,2009,9,2,8,25003KT,11,09
2009-09-02 09:00:00.000,2009,9,2,9,05005KT,11,09
2009-09-02 10:00:00.000,2009,9,2,10,VRB02KT,10,09
2009-09-02 11:00:00.000,2009,9,2,11,VRB02KT,10,09
2009-09-02 12:00:00.000,2009,9,2,12,05004KT,12,10
2009-09-02 13:00:00.000,2009,9,2,13,06010KT,15,11
2009-09-02 14:00:00.000,2009,9,2,14,12010KT,17,10
2009-09-02 15:00:00.000,2009,9,2,15,11015KT,18,09
2009-09-02 16:00:00.000,2009,9,2,16,12014KT,18,10
2009-09-02 17:00:00.000,2009,9,2,17,12018KT,19,10
2009-09-02 18:00:00.000,2009,9,2,18,12014KT,19,10
2009-09-02 19:00:00.000,2009,9,2,19,18012KT,20,08
2009-09-02 20:00:00.000,2009,9,2,20,09014KT,19,08
2009-09-02 21:00:00.000,2009,9,2,21,10014KT,16,11
2009-09-02 22:00:00.000,2009,9,2,22,17005KT,14,12
2009-09-02 23:00:00.000,2009,9,2,23,VRB02KT,14,10
2009-09-03 01:00:00.000,2009,9,3,1,14006KT,13,08
2009-09-03 02:00:00.000,2009,9,3,2,10008KT,13,08
2009-09-03 03:00:00.000,2009,9,3,3,02004KT,11,08
2009-09-03 04:00:00.000,2009,9,3,4,06006KT,11,08
2009-09-03 05:00:00.000,2009,9,3,5,03004KT,11,08
2009-09-03 06:00:00.000,2009,9,3,6,00000KT,10,09
2009-09-03 07:00:00.000,2009,9,3,7,01005KT,10,08
2009-09-03 08:00:00.000,2009,9,3,8,VRB02KT,09,08
2009-09-03 09:00:00.000,2009,9,3,9,VRB02KT,09,08
2009-09-03 10:00:00.000,2009,9,3,10,VRB02KT,08,08
2009-09-03 11:00:00.000,2009,9,3,11,31003KT,07,07
2009-09-03 12:00:00.000,2009,9,3,12,VRB02KT,09,08
2009-09-03 13:00:00.000,2009,9,3,13,05005KT,14,10
2009-09-03 14:00:00.000,2009,9,3,14,09003KT,16,10
2009-09-03 15:00:00.000,2009,9,3,15,15013KT,18,10
2009-09-03 16:00:00.000,2009,9,3,16,15012KT,18,10
2009-09-03 17:00:00.000,2009,9,3,17,16015KT,18,10
2009-09-03 18:00:00.000,2009,9,3,18,14013KT,19,10
2009-09-03 19:00:00.000,2009,9,3,19,13013KT,18,10
2009-09-03 20:00:00.000,2009,9,3,20,03012KT,17,12
2009-09-03 21:00:00.000,2009,9,3,21,05008KT,16,11
2009-09-03 22:00:00.000,2009,9,3,22,05011KT,15,11
2009-09-03 23:00:00.000,2009,9,3,23,07008KT,15,10
2009-09-04 00:00:00.000,2009,9,4,0,09009KT,14,09
2009-09-04 01:00:00.000,2009,9,4,1,06006KT,13,09
2009-09-04 02:00:00.000,2009,9,4,2,09004KT,13,08
2009-09-04 03:00:00.000,2009,9,4,3,05006KT,12,08
2009-09-04 04:00:00.000,2009,9,4,4,08008KT,13,08
2009-09-04 05:00:00.000,2009,9,4,5,11008KT,13,09
2009-09-04 06:00:00.000,2009,9,4,6,VRB02KT,13,09
2009-09-04 07:00:00.000,2009,9,4,7,00000KT,12,09
2009-09-04 08:00:00.000,2009,9,4,8,VRB02KT,12,09
2009-09-04 09:00:00.000,2009,9,4,9,00000KT,11,10
2009-09-04 10:00:00.000,2009,9,4,10,06006KT,11,10
2009-09-04 11:00:00.000,2009,9,4,11,VRB02KT,10,10
2009-09-04 12:00:00.000,2009,9,4,12,00000KT,12,10
2009-09-04 13:00:00.000,2009,9,4,13,19005KT,13,10
2009-09-04 14:00:00.000,2009,9,4,14,15005KT,14,10
2009-09-04 15:00:00.000,2009,9,4,15,16014KT,16,10
2009-09-04 16:00:00.000,2009,9,4,16,13020KT,18,10
2009-09-04 17:00:00.000,2009,9,4,17,14020KT,18,09
2009-09-04 18:00:00.000,2009,9,4,18,16014KT,17,08
2009-09-04 19:00:00.000,2009,9,4,19,15014KT,17,08
2009-09-04 20:00:00.000,2009,9,4,20,15014KT,18,08
2009-09-04 21:00:00.000,2009,9,4,21,19012KT,18,07
2009-09-04 22:00:00.000,2009,9,4,22,18010KT,17,08
2009-09-04 23:00:00.000,2009,9,4,23,16014KT,15,07
2009-09-05 00:00:00.000,2009,9,5,0,14010KT,15,07
2009-09-05 01:00:00.000,2009,9,5,1,13006KT,13,07
2009-09-05 02:00:00.000,2009,9,5,2,12003KT,13,08
2009-09-05 03:00:00.000,2009,9,5,3,33003KT,13,08
2009-09-05 04:00:00.000,2009,9,5,4,33003KT,13,09
2009-09-05 05:00:00.000,2009,9,5,5,VRB02KT,12,09
2009-09-05 06:00:00.000,2009,9,5,6,VRB02KT,12,09
2009-09-05 07:00:00.000,2009,9,5,7,05005KT,12,09
2009-09-05 08:00:00.000,2009,9,5,8,05005KT,11,09
2009-09-05 09:00:00.000,2009,9,5,9,VRB02KT,10,09
2009-09-05 10:00:00.000,2009,9,5,10,30003KT,11,08
2009-09-05 11:00:00.000,2009,9,5,11,VRB02KT,11,08
2009-09-05 12:00:00.000,2009,9,5,12,14005KT,13,08
2009-09-05 13:00:00.000,2009,9,5,13,14006KT,15,09
2009-09-05 14:00:00.000,2009,9,5,14,16010KT,17,07
2009-09-05 15:00:00.000,2009,9,5,15,18017KT,18,06
2009-09-05 16:00:00.000,2009,9,5,16,13020KT,19,06
2009-09-05 17:00:00.000,2009,9,5,17,17020KT,19,07
2009-09-05 18:00:00.000,2009,9,5,18,16022KT,20,07
2009-09-05 19:00:00.000,2009,9,5,19,17022KT,20,06
2009-09-05 20:00:00.000,2009,9,5,20,17020KT,19,06
2009-09-05 21:00:00.000,2009,9,5,21,17020KT,19,06
2009-09-05 22:00:00.000,2009,9,5,22,18011KT,18,07
2009-09-05 23:00:00.000,2009,9,5,23,15012KT,16,06
2009-09-06 00:00:00.000,2009,9,6,0,14011KT,14,07
2009-09-06 01:00:00.000,2009,9,6,1,14010KT,14,07
2009-09-06 02:00:00.000,2009,9,6,2,08004KT,14,08
2009-09-06 03:00:00.000,2009,9,6,3,09003KT,10,08
2009-09-06 04:00:00.000,2009,9,6,4,10003KT,10,08
2009-09-06 05:00:00.000,2009,9,6,5,31003KT,13,09
2009-09-06 06:00:00.000,2009,9,6,6,34004KT,12,09
2009-09-06 07:00:00.000,2009,9,6,7,01003KT,12,08
2009-09-06 08:00:00.000,2009,9,6,8,00504KT,09,04
2009-09-06 09:00:00.000,2009,9,6,9,10006KT,12,06
2009-09-06 10:00:00.000,2009,9,6,10,11006KT,12,06
2009-09-06 11:00:00.000,2009,9,6,11,07005KT,11,06
2009-09-06 12:00:00.000,2009,9,6,12,07006KT,12,07
2009-09-06 13:00:00.000,2009,9,6,13,15012KT,15,05
2009-09-06 14:00:00.000,2009,9,6,14,11014KT,17,06
2009-09-06 15:00:00.000,2009,9,6,15,11016KT,18,07
2009-09-06 16:00:00.000,2009,9,6,16,13014KT,19,07
2009-09-06 17:00:00.000,2009,9,6,17,13014KT,20,08
2009-09-06 18:00:00.000,2009,9,6,18,12012KT,20,07
2009-09-06 19:00:00.000,2009,9,6,19,12014KT,19,07
2009-09-06 20:00:00.000,2009,9,6,20,12009G20KT,21,08
2009-09-06 21:00:00.000,2009,9,6,21,12014KT,19,08
2009-09-06 22:00:00.000,2009,9,6,22,12012KT,18,05
2009-09-06 23:00:00.000,2009,9,6,23,08012KT,17,06
2009-09-07 00:00:00.000,2009,9,7,0,10008KT,16,07
2009-09-07 01:00:00.000,2009,9,7,1,36004KT,14,06
2009-09-07 02:00:00.000,2009,9,7,2,03004KT,13,09
2009-09-07 03:00:00.000,2009,9,7,3,36003KT,12,08
2009-09-07 04:00:00.000,2009,9,7,4,03003KT,12,08
2009-09-07 05:00:00.000,2009,9,7,5,03004KT,11,08
2009-09-07 06:00:00.000,2009,9,7,6,VRB02KT,11,08
2009-09-07 07:00:00.000,2009,9,7,7,VRB02KR,10,08
2009-09-07 08:00:00.000,2009,9,7,8,VRB02KT,10,08
2009-09-07 09:00:00.000,2009,9,7,9,00000KT,10,08
2009-09-07 10:00:00.000,2009,9,7,10,29003KT,09,07
2009-09-07 11:00:00.000,2009,9,7,11,VRB02KT,10,08
2009-09-07 12:00:00.000,2009,9,7,12,35004KT,12,09
2009-09-07 13:00:00.000,2009,9,7,13,06003KT,15,10
2009-09-07 14:00:00.000,2009,9,7,14,06004KT,17,09
2009-09-07 15:00:00.000,2009,9,7,15,07006KT,17,09
2009-09-07 17:00:00.000,2009,9,7,17,14008KT,18,10
2009-09-07 18:00:00.000,2009,9,7,18,23008KT,18,12
2009-09-07 19:00:00.000,2009,9,7,19,28008KT,17,11
2009-09-07 20:00:00.000,2009,9,7,20,28008KT,17,11
2009-09-07 21:00:00.000,2009,9,7,21,15006KT,18,12
2009-09-07 23:00:00.000,2009,9,7,23,20006KT,16,11
2009-09-08 00:00:00.000,2009,9,8,0,31004KT,13,11
2009-09-08 01:00:00.000,2009,9,8,1,VRB02KT,13,12
2009-09-08 02:00:00.000,2009,9,8,2,VRB02KT,13,11
2009-09-08 03:00:00.000,2009,9,8,3,33004KT,13,11
2009-09-08 04:00:00.000,2009,9,8,4,10006KT,13,08
2009-09-08 05:00:00.000,2009,9,8,5,VRB02KT,11,09
2009-09-08 06:00:00.000,2009,9,8,6,30506KT,09,07
2009-09-08 07:00:00.000,2009,9,8,7,03005KT,09,07
2009-09-08 08:00:00.000,2009,9,8,8,02004KT,09,08
2009-09-08 09:00:00.000,2009,9,8,9,VRB02KT,10,09
2009-09-08 10:00:00.000,2009,9,8,10,00000KT,09,07
2009-09-08 11:00:00.000,2009,9,8,11,VRB02KT,08,08
2009-09-08 12:00:00.000,2009,9,8,12,08003KT,10,09
2009-09-08 13:00:00.000,2009,9,8,13,35003KT,13,10
2009-09-08 14:00:00.000,2009,9,8,14,10009KT,18,05
2009-09-08 15:00:00.000,2009,9,8,15,13014KT,19,05
2009-09-08 16:00:00.000,2009,9,8,16,14010KT,20,07
2009-09-08 17:00:00.000,2009,9,8,17,11012KT,20,07
2009-09-08 18:00:00.000,2009,9,8,18,12015KT,20,08
2009-09-08 19:00:00.000,2009,9,8,19,17009KT,20,07
2009-09-08 20:00:00.000,2009,9,8,20,19011KT,19,09
2009-09-08 21:00:00.000,2009,9,8,21,17008KT,20,08
2009-09-08 22:00:00.000,2009,9,8,22,23008KT,18,06
2009-09-08 23:00:00.000,2009,9,8,23,32010KT,17,12
2009-09-09 00:00:00.000,2009,9,9,0,30005KT,15,12
2009-09-09 01:00:00.000,2009,9,9,1,VRB02KT,15,12
2009-09-09 02:00:00.000,2009,9,9,2,VRB02KT,14,12
2009-09-09 03:00:00.000,2009,9,9,3,09008KT,15,10
2009-09-09 04:00:00.000,2009,9,9,4,14006KT,14,09
2009-09-09 06:00:00.000,2009,9,9,6,06006KT,14,10
2009-09-09 07:00:00.000,2009,9,9,7,10006KT,14,09
2009-09-09 08:00:00.000,2009,9,9,8,01006KT,14,10
2009-09-09 09:00:00.000,2009,9,9,9,VRB02KT,13,10
2009-09-09 10:00:00.000,2009,9,9,10,00000KT,13,10
2009-09-09 11:00:00.000,2009,9,9,11,VRB02KT,12,09
2009-09-09 12:00:00.000,2009,9,9,12,04005KT,12,10
2009-09-09 13:00:00.000,2009,9,9,13,02004KT,14,10
2009-09-09 14:00:00.000,2009,9,9,14,22006KT,17,10
2009-09-09 15:00:00.000,2009,9,9,15,15012KT,18,07
2009-09-09 16:00:00.000,2009,9,9,16,13016KT,19,08
2009-09-09 18:00:00.000,2009,9,9,18,13016KT,18,08
2009-09-09 19:00:00.000,2009,9,9,19,15014KT,19,08
2009-09-09 20:00:00.000,2009,9,9,20,13010KT,19,07
2009-09-09 21:00:00.000,2009,9,9,21,15010KT,20,06
2009-09-09 22:00:00.000,2009,9,9,22,13010KT,20,06
2009-09-10 00:00:00.000,2009,9,10,0,14010KT,16,06
2009-09-10 01:00:00.000,2009,9,10,1,14012KT,15,07
2009-09-10 02:00:00.000,2009,9,10,2,12009KT,15,08
2009-09-10 03:00:00.000,2009,9,10,3,00000KT,14,08
2009-09-10 04:00:00.000,2009,9,10,4,20008KT,13,08
2009-09-10 05:00:00.000,2009,9,10,5,06010KT,11,08
2009-09-10 06:00:00.000,2009,9,10,6,16009KT,13,07
2009-09-10 07:00:00.000,2009,9,10,7,18014KT,13,08
2009-09-10 08:00:00.000,2009,9,10,8,14005KT,12,08
2009-09-10 09:00:00.000,2009,9,10,9,02004KT,12,07
2009-09-10 10:00:00.000,2009,9,10,10,VRB02KT,11,08
2009-09-10 11:00:00.000,2009,9,10,11,03004KT,11,09
2009-09-10 12:00:00.000,2009,9,10,12,05008KT,12,10
2009-09-10 13:00:00.000,2009,9,10,13,04008KT,13,10
2009-09-10 14:00:00.000,2009,9,10,14,04010KT,16,10
2009-09-10 15:00:00.000,2009,9,10,15,12016KT,18,07
2009-09-10 16:00:00.000,2009,9,10,16,12018KT,20,07
2009-09-10 17:00:00.000,2009,9,10,17,12016KT,20,07
2009-09-10 18:00:00.000,2009,9,10,18,14014KT,20,06
2009-09-10 19:00:00.000,2009,9,10,19,16016KT,20,06
2009-09-10 20:00:00.000,2009,9,10,20,15014KT,20,07
2009-09-10 21:00:00.000,2009,9,10,21,14016KT,19,08
2009-09-10 22:00:00.000,2009,9,10,22,16014KT,17,07
2009-09-10 23:00:00.000,2009,9,10,23,13010KT,16,06
2009-09-11 00:00:00.000,2009,9,11,0,11010KT,15,06
2009-09-11 01:00:00.000,2009,9,11,1,15006KT,14,08
2009-09-11 02:00:00.000,2009,9,11,2,13006KT,14,08
2009-09-11 03:00:00.000,2009,9,11,3,01004KT,11,08
2009-09-11 04:00:00.000,2009,9,11,4,36004KT,10,07
2009-09-11 05:00:00.000,2009,9,11,5,VRB02KT,09,07
2009-09-11 06:00:00.000,2009,9,11,6,VRB02KT,08,06
2009-09-11 07:00:00.000,2009,9,11,7,09004KT,09,06
2009-09-11 08:00:00.000,2009,9,11,8,11008KT,09,06
2009-09-11 09:00:00.000,2009,9,11,9,02006KT,07,05
2009-09-11 10:00:00.000,2009,9,11,10,03004KT,07,06
2009-09-11 11:00:00.000,2009,9,11,11,02008KT,07,05
2009-09-11 15:00:00.000,2009,9,11,15,18007KT,17,06
2009-09-12 13:00:00.000,2009,9,12,13,19006KT,12,08
2009-09-12 14:00:00.000,2009,9,12,14,16010KT,14,09
2009-09-12 15:00:00.000,2009,9,12,15,11007KT,14,08
2009-09-12 16:00:00.000,2009,9,12,16,16006KT,17,08
2009-09-12 17:00:00.000,2009,9,12,17,21005KT,19,07
2009-09-12 18:00:00.000,2009,9,12,18,09010KT,19,07
2009-09-12 19:00:00.000,2009,9,12,19,17012KT,19,07
2009-09-12 20:00:00.000,2009,9,12,20,21008KT,19,07
2009-09-12 21:00:00.000,2009,9,12,21,27012KT,17,10
2009-09-12 22:00:00.000,2009,9,12,22,27012KT,16,10
2009-09-12 23:00:00.000,2009,9,12,23,27010KT,15,10
2009-09-13 00:00:00.000,2009,9,13,0,30005KT,13,10
2009-09-13 01:00:00.000,2009,9,13,1,VRB02KT,11,08
2009-09-13 02:00:00.000,2009,9,13,2,01005KT,11,08
2009-09-13 03:00:00.000,2009,9,13,3,00000KT,11,09
2009-09-13 04:00:00.000,2009,9,13,4,VRB02KT,11,08
2009-09-13 05:00:00.000,2009,9,13,5,00000KT,10,08
2009-09-13 06:00:00.000,2009,9,13,6,36003KT,09,09
2009-09-13 07:00:00.000,2009,9,13,7,VRB02KT,09,08
2009-09-13 08:00:00.000,2009,9,13,8,00000KT,09,08
2009-09-13 09:00:00.000,2009,9,13,9,30003KT,08,08
2009-09-13 10:00:00.000,2009,9,13,10,VRB02KT,09,08
2009-09-13 11:00:00.000,2009,9,13,11,00000KT,09,08
2009-09-13 12:00:00.000,2009,9,13,12,VRB02KT,10,08
2009-09-13 13:00:00.000,2009,9,13,13,00000KT,13,10
2009-09-13 14:00:00.000,2009,9,13,14,VRB02KT,16,11
2009-09-13 15:00:00.000,2009,9,13,15,29010KT,17,10
2009-09-13 16:00:00.000,2009,9,13,16,26008KT,18,10
2009-09-13 17:00:00.000,2009,9,13,17,25007KT,19,10
2009-09-13 18:00:00.000,2009,9,13,18,VRB02KT,19,10
2009-09-13 19:00:00.000,2009,9,13,19,29010KT,17,13
2009-09-13 20:00:00.000,2009,9,13,20,31010KT,18,12
2009-09-13 21:00:00.000,2009,9,13,21,29010KT,18,12
2009-09-13 22:00:00.000,2009,9,13,22,21007KT,16,12
2009-09-13 23:00:00.000,2009,9,13,23,22008KT,15,12
2009-09-14 00:00:00.000,2009,9,14,0,24004KT,14,11
2009-09-14 01:00:00.000,2009,9,14,1,03004KT,14,12
2009-09-14 02:00:00.000,2009,9,14,2,00000KT,12,11
2009-09-14 03:00:00.000,2009,9,14,3,00000KT,11,10
2009-09-14 04:00:00.000,2009,9,14,4,20004KT,11,10
2009-09-14 06:00:00.000,2009,9,14,6,02004KT,11,10
2009-09-14 07:00:00.000,2009,9,14,7,00000KT,11,10
2009-09-14 08:00:00.000,2009,9,14,8,04004KT,12,11
2009-09-14 09:00:00.000,2009,9,14,9,04004KT,12,11
2009-09-14 10:00:00.000,2009,9,14,10,02004KT,12,10
2009-09-14 11:00:00.000,2009,9,14,11,31004KT,12,10
2009-09-14 12:00:00.000,2009,9,14,12,00000KT,13,11
2009-09-14 13:00:00.000,2009,9,14,13,VRB02KT,15,11
2009-09-14 14:00:00.000,2009,9,14,14,VRB02KT,18,11
2009-09-14 15:00:00.000,2009,9,14,15,VRB02KT,19,10
2009-09-14 16:00:00.000,2009,9,14,16,18006KT,20,10
2009-09-14 17:00:00.000,2009,9,14,17,26010KT,18,12
2009-09-14 18:00:00.000,2009,9,14,18,27010KT,19,12
2009-09-14 19:00:00.000,2009,9,14,19,23010KT,20,12
2009-09-14 20:00:00.000,2009,9,14,20,24012KT,19,13
2009-09-14 21:00:00.000,2009,9,14,21,25010KT,17,11
2009-09-14 22:00:00.000,2009,9,14,22,27007KT,17,11
2009-09-14 23:00:00.000,2009,9,14,23,30006KT,15,10
2009-09-15 00:00:00.000,2009,9,15,0,28006KT,14,11
2009-09-15 01:00:00.000,2009,9,15,1,00000KT,14,09
2009-09-15 02:00:00.000,2009,9,15,2,08003KT,13,09
2009-09-15 03:00:00.000,2009,9,15,3,04003KT,13,09
2009-09-15 06:00:00.000,2009,9,15,6,04003KT,13,12
2009-09-15 07:00:00.000,2009,9,15,7,30003KT,12,11
2009-09-15 08:00:00.000,2009,9,15,8,03003KT,12,12
2009-09-15 09:00:00.000,2009,9,15,9,VRB020T,12,11
2009-09-15 10:00:00.000,2009,9,15,10,01003KT,12,11
2009-09-15 11:00:00.000,2009,9,15,11,VRB02KT,12,11
2009-09-15 12:00:00.000,2009,9,15,12,VRB02KT,13,12
2009-09-15 13:00:00.000,2009,9,15,13,VRB02KT,14,13
2009-09-15 14:00:00.000,2009,9,15,14,VRB02KT,15,12
2009-09-15 15:00:00.000,2009,9,15,15,00000KT,17,12
2009-09-15 16:00:00.000,2009,9,15,16,28008KT,17,11
2009-09-15 18:00:00.000,2009,9,15,18,32008KT,13,12
2009-09-15 19:00:00.000,2009,9,15,19,27006KT,15,12
2009-09-15 20:00:00.000,2009,9,15,20,22008KT,16,12
2009-09-15 21:00:00.000,2009,9,15,21,22005KT,16,10
2009-09-15 22:00:00.000,2009,9,15,22,20008KT,15,12
2009-09-16 00:00:00.000,2009,9,16,0,13004KT,13,11
2009-09-16 01:00:00.000,2009,9,16,1,05003KT,13,11
2009-09-16 02:00:00.000,2009,9,16,2,03004KT,13,11
2009-09-16 03:00:00.000,2009,9,16,3,03006KT,13,11
2009-09-16 06:00:00.000,2009,9,16,6,13003KT,12,11
2009-09-16 07:00:00.000,2009,9,16,7,04003KT,12,11
2009-09-16 08:00:00.000,2009,9,16,8,03004KT,12,11
2009-09-16 09:00:00.000,2009,9,16,9,05003KT,12,11
2009-09-16 10:00:00.000,2009,9,16,10,05003KT,12,11
2009-09-16 11:00:00.000,2009,9,16,11,VRB02KT,12,11
2009-09-16 12:00:00.000,2009,9,16,12,02004KT,13,11
2009-09-16 13:00:00.000,2009,9,16,13,VRB02KT,14,12
2009-09-16 17:00:00.000,2009,9,16,17,25014KT,16,11
2009-09-16 18:00:00.000,2009,9,16,18,26008KT,17,12
2009-09-16 19:00:00.000,2009,9,16,19,21008KT,16,12
2009-09-16 20:00:00.000,2009,9,16,20,28005KT,16,13
2009-09-16 21:00:00.000,2009,9,16,21,34006KT,16,11
2009-09-16 23:00:00.000,2009,9,16,23,03010KT,15,11
2009-09-17 00:00:00.000,2009,9,17,0,08004KT,14,11
2009-09-17 01:00:00.000,2009,9,17,1,04004KT,13,11
2009-09-17 02:00:00.000,2009,9,17,2,04004KT,12,10
2009-09-17 03:00:00.000,2009,9,17,3,04004KT,12,10
2009-09-17 04:00:00.000,2009,9,17,4,03004KT,12,10
2009-09-17 05:00:00.000,2009,9,17,5,05004KT,12,10
2009-09-17 06:00:00.000,2009,9,17,6,004006T,12,11
2009-09-17 07:00:00.000,2009,9,17,7,03004KT,12,11
2009-09-17 08:00:00.000,2009,9,17,8,00000KT,12,11
2009-09-17 09:00:00.000,2009,9,17,9,34004KT,12,10
2009-09-17 10:00:00.000,2009,9,17,10,00000KT,10,09
2009-09-17 11:00:00.000,2009,9,17,11,25004KT,09,08
2009-09-17 12:00:00.000,2009,9,17,12,VRB02KT,11,10
2009-09-17 13:00:00.000,2009,9,17,13,VRB02KT,13,11
2009-09-17 14:00:00.000,2009,9,17,14,00000KT,15,11
2009-09-17 15:00:00.000,2009,9,17,15,14010KT,17,08
2009-09-17 16:00:00.000,2009,9,17,16,16012KT,19,09
2009-09-17 17:00:00.000,2009,9,17,17,18012KT,20,09
2009-09-17 18:00:00.000,2009,9,17,18,220012KT,18,11
2009-09-17 19:00:00.000,2009,9,17,19,24016KT,19,12
2009-09-17 20:00:00.000,2009,9,17,20,23012KT,15,12
2009-09-17 21:00:00.000,2009,9,17,21,24008KT,16,12
2009-09-17 22:00:00.000,2009,9,17,22,12008KT,15,11
2009-09-18 00:00:00.000,2009,9,18,0,13005KT,14,08
2009-09-18 01:00:00.000,2009,9,18,1,02006KT,13,08
2009-09-18 02:00:00.000,2009,9,18,2,02004KT,12,10
2009-09-18 03:00:00.000,2009,9,18,3,04008KT,11,10
2009-09-18 04:00:00.000,2009,9,18,4,05006KT,11,10
2009-09-18 05:00:00.000,2009,9,18,5,35003KT,11,09
2009-09-18 06:00:00.000,2009,9,18,6,00000KT,11,10
2009-09-18 07:00:00.000,2009,9,18,7,12004KT,11,09
2009-09-18 08:00:00.000,2009,9,18,8,05004KT,11,09
2009-09-18 09:00:00.000,2009,9,18,9,05005KT,11,09
2009-09-18 10:00:00.000,2009,9,18,10,07004KT,11,09
2009-09-18 11:00:00.000,2009,9,18,11,00000KT,11,09
2009-09-18 12:00:00.000,2009,9,18,12,04004KT,12,09
2009-09-18 13:00:00.000,2009,9,18,13,05006KT,14,10
2009-09-18 14:00:00.000,2009,9,18,14,VRB02KT,16,10
2009-09-18 15:00:00.000,2009,9,18,15,VRB02KT,17,09
2009-09-18 16:00:00.000,2009,9,18,16,14012KT,19,08
2009-09-18 17:00:00.000,2009,9,18,17,16010KT,20,08
2009-09-18 18:00:00.000,2009,9,18,18,15008KT,21,08
2009-09-18 19:00:00.000,2009,9,18,19,11010KT,21,08
2009-09-18 20:00:00.000,2009,9,18,20,13008KT,21,08
2009-09-18 21:00:00.000,2009,9,18,21,14010KT,18,09
2009-09-18 22:00:00.000,2009,9,18,22,33009KT,16,12
2009-09-18 23:00:00.000,2009,9,18,23,32008KT,14,12
2009-09-19 00:00:00.000,2009,9,19,0,34004KT,14,11
2009-09-19 01:00:00.000,2009,9,19,1,03004KT,13,09
2009-09-19 02:00:00.000,2009,9,19,2,02004KT,12,08
2009-09-19 03:00:00.000,2009,9,19,3,02004KT,12,09
2009-09-19 04:00:00.000,2009,9,19,4,04006KT,12,09
2009-09-19 05:00:00.000,2009,9,19,5,29004KT,09,08
2009-09-19 06:00:00.000,2009,9,19,6,27004KT,08,08
2009-09-19 07:00:00.000,2009,9,19,7,27004KT,08,08
2009-09-19 08:00:00.000,2009,9,19,8,04004KT,07,07
2009-09-19 09:00:00.000,2009,9,19,9,04004KT,05,05
2009-09-19 10:00:00.000,2009,9,19,10,00000KT,05,05
2009-09-20 01:00:00.000,2009,9,20,1,08005KT,15,08
2009-09-20 02:00:00.000,2009,9,20,2,06006KT,14,08
2009-09-20 03:00:00.000,2009,9,20,3,08008KT,12,08
2009-09-20 05:00:00.000,2009,9,20,5,VRB02KT,10,08
2009-09-20 06:00:00.000,2009,9,20,6,35004KT,09,07
2009-09-20 07:00:00.000,2009,9,20,7,VRB02KT,09,07
2009-09-20 08:00:00.000,2009,9,20,8,VRB02KT,08,07
2009-09-20 09:00:00.000,2009,9,20,9,VRB02KT,07,06
2009-09-20 10:00:00.000,2009,9,20,10,VRB02KT,06,06
2009-09-20 11:00:00.000,2009,9,20,11,VRB02KT,06,05
2009-09-20 12:00:00.000,2009,9,20,12,07004KT,09,08
2009-09-20 13:00:00.000,2009,9,20,13,09006KT,13,09
2009-09-20 14:00:00.000,2009,9,20,14,06008KT,16,11
2009-09-20 15:00:00.000,2009,9,20,15,12005KT,17,10
2009-09-20 17:00:00.000,2009,9,20,17,06012KT,18,09
2009-09-20 18:00:00.000,2009,9,20,18,10014KT,20,09
2009-09-20 19:00:00.000,2009,9,20,19,09011KT,18,09
2009-09-20 20:00:00.000,2009,9,20,20,12010KT,17,09
2009-09-20 21:00:00.000,2009,9,20,21,11004KT,16,09
2009-09-20 23:00:00.000,2009,9,20,23,13008KT,14,08
2009-09-21 00:00:00.000,2009,9,21,0,11006KT,14,08
2009-09-21 01:00:00.000,2009,9,21,1,09006KT,13,08
2009-09-21 02:00:00.000,2009,9,21,2,03008KT,12,08
2009-09-21 03:00:00.000,2009,9,21,3,04008KT,11,09
2009-09-21 05:00:00.000,2009,9,21,5,06006KT,12,09
2009-09-21 06:00:00.000,2009,9,21,6,24004KT,12,09
2009-09-21 07:00:00.000,2009,9,21,7,02006KT,11,09
2009-09-21 08:00:00.000,2009,9,21,8,02006KT,11,09
2009-09-21 09:00:00.000,2009,9,21,9,03006KT,09,08
2009-09-21 10:00:00.000,2009,9,21,10,03004KT,09,08
2009-09-21 11:00:00.000,2009,9,21,11,06006KT,08,08
2009-09-21 12:00:00.000,2009,9,21,12,05010KT,12,09
2009-09-21 13:00:00.000,2009,9,21,13,07010KT,15,10
2009-09-21 14:00:00.000,2009,9,21,14,07012KT,17,09
2009-09-21 15:00:00.000,2009,9,21,15,09016KT,18,08
2009-09-21 17:00:00.000,2009,9,21,17,12014KT,16,09
2009-09-21 18:00:00.000,2009,9,21,18,18012KT,19,09
2009-09-21 19:00:00.000,2009,9,21,19,03008KT,18,10
2009-09-21 20:00:00.000,2009,9,21,20,07005KT,17,10
2009-09-22 17:00:00.000,2009,9,22,17,08018KT,18,08
2009-09-22 18:00:00.000,2009,9,22,18,10012KT,17,08
2009-09-22 19:00:00.000,2009,9,22,19,13012KT,18,08
2009-09-22 20:00:00.000,2009,9,22,20,11012KT,17,08
2009-09-22 21:00:00.000,2009,9,22,21,14016KT,15,10
2009-09-22 22:00:00.000,2009,9,22,22,14010KT,15,08
2009-09-22 23:00:00.000,2009,9,22,23,11010KT,15,07
2009-09-23 00:00:00.000,2009,9,23,0,10005KT,14,08
2009-09-23 01:00:00.000,2009,9,23,1,12005KT,13,08
2009-09-23 02:00:00.000,2009,9,23,2,04004KT,11,08
2009-09-23 03:00:00.000,2009,9,23,3,11003KT,10,07
2009-09-23 04:00:00.000,2009,9,23,4,VRB02KT,09,07
2009-09-23 05:00:00.000,2009,9,23,5,03005KT,08,06
2009-09-23 06:00:00.000,2009,9,23,6,06004KT,08,06
2009-09-23 07:00:00.000,2009,9,23,7,06003KT,09,06
2009-09-23 08:00:00.000,2009,9,23,8,06004KT,07,06
2009-09-23 09:00:00.000,2009,9,23,9,36003KT,08,06
2009-09-23 10:00:00.000,2009,9,23,10,07007KT,07,05
2009-09-23 11:00:00.000,2009,9,23,11,06006KT,08,06
2009-09-23 12:00:00.000,2009,9,23,12,06006KT,12,08
2009-09-23 13:00:00.000,2009,9,23,13,09008KT,15,07
2009-09-23 14:00:00.000,2009,9,23,14,12016KT,18,07
2009-09-23 15:00:00.000,2009,9,23,15,12016KT,19,04
2009-09-23 16:00:00.000,2009,9,23,16,10018KT,18,06
2009-09-23 17:00:00.000,2009,9,23,17,12016KT,20,08
2009-09-23 18:00:00.000,2009,9,23,18,12016KT,21,07
2009-09-23 19:00:00.000,2009,9,23,19,14014KT,17,07
2009-09-23 20:00:00.000,2009,9,23,20,16012KT,20,06
2009-09-23 21:00:00.000,2009,9,23,21,09014KT,19,05
2009-09-23 22:00:00.000,2009,9,23,22,09010KT,19,05
2009-09-23 23:00:00.000,2009,9,23,23,10008KT,17,06
2009-09-24 00:00:00.000,2009,9,24,0,10012KT,15,07
2009-09-24 01:00:00.000,2009,9,24,1,13012KT,14,08
2009-09-24 02:00:00.000,2009,9,24,2,14009KT,13,06
2009-09-24 03:00:00.000,2009,9,24,3,14005KT,12,06
2009-09-24 05:00:00.000,2009,9,24,5,VRB02KT,11,07
2009-09-24 06:00:00.000,2009,9,24,6,VRB02KT,11,07
2009-09-24 07:00:00.000,2009,9,24,7,18006KT,10,07
2009-09-24 08:00:00.000,2009,9,24,8,18005KT,11,07
2009-09-24 09:00:00.000,2009,9,24,9,09003KT,09,06
2009-09-24 10:00:00.000,2009,9,24,10,09005KT,09,05
2009-09-24 11:00:00.000,2009,9,24,11,11006KT,08,04
2009-09-24 12:00:00.000,2009,9,24,12,10010KT,14,05
2009-09-24 13:00:00.000,2009,9,24,13,10014KT,16,04
2009-09-24 14:00:00.000,2009,9,24,14,13018KT,18,04
2009-09-24 15:00:00.000,2009,9,24,15,14020KT,18,05
2009-09-24 16:00:00.000,2009,9,24,16,12024KT,19,05
2009-09-24 18:00:00.000,2009,9,24,18,14018KT,20,04
2009-09-24 19:00:00.000,2009,9,24,19,15018KT,21,04
2009-09-24 20:00:00.000,2009,9,24,20,14018KT,20,04
2009-09-24 22:00:00.000,2009,9,24,22,16014KT,19,06
2009-09-25 00:00:00.000,2009,9,25,0,12013KT,15,07
2009-09-25 01:00:00.000,2009,9,25,1,12009KT,14,06
2009-09-25 02:00:00.000,2009,9,25,2,13009KT,14,06
2009-09-25 03:00:00.000,2009,9,25,3,VRB02KT,11,05
2009-09-25 04:00:00.000,2009,9,25,4,05004KT,07,05
2009-09-25 05:00:00.000,2009,9,25,5,VRB02KT,09,06
2009-09-25 06:00:00.000,2009,9,25,6,06003KT,10,06
2009-09-25 07:00:00.000,2009,9,25,7,11003KT,10,07
2009-09-25 08:00:00.000,2009,9,25,8,VRB02KT,10,07
2009-09-25 09:00:00.000,2009,9,25,9,08003KT,10,07
2009-09-25 10:00:00.000,2009,9,25,10,07003KT,12,07
2009-09-25 11:00:00.000,2009,9,25,11,13008KT,11,06
2009-09-25 12:00:00.000,2009,9,25,12,11008KT,14,07
2009-09-25 13:00:00.000,2009,9,25,13,13016KT,15,07
2009-09-25 14:00:00.000,2009,9,25,14,11012KT,16,07
2009-09-25 15:00:00.000,2009,9,25,15,12017KT,18,07
2009-09-25 17:00:00.000,2009,9,25,17,18012KT,18,09
2009-09-25 18:00:00.000,2009,9,25,18,15014KT,19,07
2009-09-25 19:00:00.000,2009,9,25,19,14016KT,20,06
2009-09-25 20:00:00.000,2009,9,25,20,16014KT,20,07
2009-09-25 21:00:00.000,2009,9,25,21,11010KT,20,06
2009-09-25 22:00:00.000,2009,9,25,22,16012KT,18,06
2009-09-25 23:00:00.000,2009,9,25,23,15014KT,16,08
2009-09-26 00:00:00.000,2009,9,26,0,14010KT,13,07
2009-09-26 01:00:00.000,2009,9,26,1,12010KT,14,07
2009-09-26 02:00:00.000,2009,9,26,2,13008KT,14,08
2009-09-26 03:00:00.000,2009,9,26,3,15007KT,13,08
2009-09-26 04:00:00.000,2009,9,26,4,VRB02KT,13,09
2009-09-26 06:00:00.000,2009,9,26,6,03006KT,11,09
2009-09-26 07:00:00.000,2009,9,26,7,05006KT,09,08
2009-09-26 08:00:00.000,2009,9,26,8,06005KT,08,07
2009-09-26 10:00:00.000,2009,9,26,10,34004KT,08,07
2009-09-26 12:00:00.000,2009,9,26,12,05004KT,12,09
2009-09-26 14:00:00.000,2009,9,26,14,06010KT,16,09
2009-09-26 15:00:00.000,2009,9,26,15,10012KT,17,08
2009-09-26 18:00:00.000,2009,9,26,18,05011KT,16,10
2009-09-27 13:00:00.000,2009,9,27,13,06010KT,14,09
2009-09-27 17:00:00.000,2009,9,27,17,12016KT,19,07
2009-09-27 18:00:00.000,2009,9,27,18,10014KT,18,08
2009-09-27 19:00:00.000,2009,9,27,19,13014KT,18,09
2009-09-27 20:00:00.000,2009,9,27,20,11012KT,18,09
2009-09-27 21:00:00.000,2009,9,27,21,13008KT,19,08
2009-09-27 22:00:00.000,2009,9,27,22,14012KT,17,07
2009-09-27 23:00:00.000,2009,9,27,23,15012KT,16,08
2009-09-28 01:00:00.000,2009,9,28,1,16010KT,15,09
2009-09-28 02:00:00.000,2009,9,28,2,15003KT,14,09
2009-09-28 03:00:00.000,2009,9,28,3,14007KT,15,08
2009-09-28 04:00:00.000,2009,9,28,4,14008KT,14,09
2009-09-28 06:00:00.000,2009,9,28,6,11003KT,11,10
2009-09-28 07:00:00.000,2009,9,28,7,VRB02KT,11,10
2009-09-28 08:00:00.000,2009,9,28,8,VRB02KT,10,09
2009-09-28 09:00:00.000,2009,9,28,9,05003KT,09,09
2009-09-28 10:00:00.000,2009,9,28,10,04003KT,07,07
2009-09-28 11:00:00.000,2009,9,28,11,03005KT,09,08
2009-09-28 12:00:00.000,2009,9,28,12,05006KT,12,10
2009-09-28 13:00:00.000,2009,9,28,13,11007KT,15,09
2009-09-28 14:00:00.000,2009,9,28,14,08014KT,17,09
2009-09-28 15:00:00.000,2009,9,28,15,08014KT,17,09
2009-09-28 16:00:00.000,2009,9,28,16,11016KT,17,08
2009-09-28 17:00:00.000,2009,9,28,17,08014KT,16,09
2009-09-28 18:00:00.000,2009,9,28,18,14014KT,16,08
2009-09-28 19:00:00.000,2009,9,28,19,17014KT,15,10
2009-09-28 20:00:00.000,2009,9,28,20,17012KT,18,09
2009-09-28 21:00:00.000,2009,9,28,21,17012KT,17,08
2009-09-28 22:00:00.000,2009,9,28,22,17010KT,16,08
2009-09-28 23:00:00.000,2009,9,28,23,11006KT,15,08
2009-09-29 00:00:00.000,2009,9,29,0,10008KT,15,09
2009-09-29 01:00:00.000,2009,9,29,1,06006KT,15,09
2009-09-29 02:00:00.000,2009,9,29,2,13005KT,14,09
2009-09-29 03:00:00.000,2009,9,29,3,03006KT,12,09
2009-09-29 04:00:00.000,2009,9,29,4,04004KT,10,08
2009-09-29 05:00:00.000,2009,9,29,5,05004KT,10,08
2009-09-29 06:00:00.000,2009,9,29,6,VRB02KT,09,08
2009-09-29 07:00:00.000,2009,9,29,7,04003KT,10,09
2009-09-29 08:00:00.000,2009,9,29,8,00000KT,11,09
2009-09-29 10:00:00.000,2009,9,29,10,VRB02KT,09,07
2009-09-29 11:00:00.000,2009,9,29,11,07005KT,11,07
2009-09-29 12:00:00.000,2009,9,29,12,10008KT,14,08
2009-09-29 13:00:00.000,2009,9,29,13,12008KT,16,08
2009-09-29 14:00:00.000,2009,9,29,14,12018KT,17,08
2009-09-29 15:00:00.000,2009,9,29,15,12018KT,18,08
2009-09-29 16:00:00.000,2009,9,29,16,12016KT,18,06
2009-09-29 17:00:00.000,2009,9,29,17,16020KT,19,05
2009-09-29 18:00:00.000,2009,9,29,18,16018KT,20,06
2009-09-29 19:00:00.000,2009,9,29,19,13016KT,19,07
2009-09-29 20:00:00.000,2009,9,29,20,14016KT,20,06
2009-09-29 21:00:00.000,2009,9,29,21,10022KT,18,08
2009-09-29 22:00:00.000,2009,9,29,22,10014KT,17,07
2009-09-29 23:00:00.000,2009,9,29,23,12010KT,16,06
2009-09-30 00:00:00.000,2009,9,30,0,12012KT,15,06
2009-09-30 01:00:00.000,2009,9,30,1,09010KT,13,07
2009-09-30 02:00:00.000,2009,9,30,2,08008KT,13,08
2009-09-30 03:00:00.000,2009,9,30,3,11010KT,12,07
2009-09-30 04:00:00.000,2009,9,30,4,09010KT,11,07
2009-09-30 05:00:00.000,2009,9,30,5,05006KT,09,07
2009-09-30 06:00:00.000,2009,9,30,6,03006KT,10,07
2009-09-30 07:00:00.000,2009,9,30,7,04006KT,10,07
2009-09-30 08:00:00.000,2009,9,30,8,07006KT,10,07
2009-09-30 09:00:00.000,2009,9,30,9,06006KT,10,06
2009-09-30 12:00:00.000,2009,9,30,12,07006KT,13,07
2009-09-30 13:00:00.000,2009,9,30,13,11015KT,18,07
2009-09-30 14:00:00.000,2009,9,30,14,11017KT,16,06
2009-09-30 15:00:00.000,2009,9,30,15,13012KT,17,06
2009-09-30 19:00:00.000,2009,9,30,19,10014KT,17,07
2009-09-30 20:00:00.000,2009,9,30,20,13012KT,19,06
2009-09-30 21:00:00.000,2009,9,30,21,16014KT,19,06
2009-09-30 22:00:00.000,2009,9,30,22,14010KT,18,05
2009-09-30 23:00:00.000,2009,9,30,23,18008KT,16,06
2009-10-01 00:00:00.000,2009,10,1,0,15008KT,15,07
2009-10-01 01:00:00.000,2009,10,1,1,15013KT,15,08
2009-10-01 02:00:00.000,2009,10,1,2,16008KT,14,09
2009-10-01 03:00:00.000,2009,10,1,3,16006KT,14,09
2009-10-01 04:00:00.000,2009,10,1,4,16010KT,14,09
2009-10-01 05:00:00.000,2009,10,1,5,06006KT,12,09
2009-10-01 06:00:00.000,2009,10,1,6,VRB02KT,10,08
2009-10-01 07:00:00.000,2009,10,1,7,14007KT,09,07
2009-10-01 08:00:00.000,2009,10,1,8,04006KT,08,07
2009-10-01 09:00:00.000,2009,10,1,9,33003KT,07,06
2009-10-01 10:00:00.000,2009,10,1,10,05006KT,06,06
2009-10-01 11:00:00.000,2009,10,1,11,05003KT,06,06
2009-10-01 12:00:00.000,2009,10,1,12,05008KT,11,08
2009-10-01 13:00:00.000,2009,10,1,13,08008KT,14,07
2009-10-01 14:00:00.000,2009,10,1,14,01005KT,16,08
2009-10-01 15:00:00.000,2009,10,1,15,05006KT,18,08
2009-10-01 16:00:00.000,2009,10,1,16,14014KT,20,06
2009-10-01 17:00:00.000,2009,10,1,17,12016KT,20,05
2009-10-01 18:00:00.000,2009,10,1,18,09017KT,19,07
2009-10-01 19:00:00.000,2009,10,1,19,11012KT,19,07
2009-10-01 20:00:00.000,2009,10,1,20,14010KT,19,08
2009-10-01 21:00:00.000,2009,10,1,21,11008KT,18,08
2009-10-01 22:00:00.000,2009,10,1,22,09010KT,17,07
2009-10-01 23:00:00.000,2009,10,1,23,08008KT,17,09
2009-10-02 00:00:00.000,2009,10,2,0,10005KT,15,07
2009-10-02 01:00:00.000,2009,10,2,1,VRB02KT,12,08
2009-10-02 02:00:00.000,2009,10,2,2,23003KT,12,08
2009-10-02 03:00:00.000,2009,10,2,3,36003KT,11,08
2009-10-02 04:00:00.000,2009,10,2,4,19007KT,10,07
2009-10-02 05:00:00.000,2009,10,2,5,06003KT,10,07
2009-10-02 06:00:00.000,2009,10,2,6,03004KT,09,07
2009-10-02 07:00:00.000,2009,10,2,7,05003KT,09,07
2009-10-02 09:00:00.000,2009,10,2,9,04003KT,08,07
2009-10-02 10:00:00.000,2009,10,2,10,35005KT,07,06
2009-10-02 11:00:00.000,2009,10,2,11,00000KT,06,05
2009-10-02 14:00:00.000,2009,10,2,14,05003KT,15,11
2009-10-02 15:00:00.000,2009,10,2,15,06007KT,16,10
2009-10-02 16:00:00.000,2009,10,2,16,05004KT,17,10
2009-10-02 17:00:00.000,2009,10,2,17,15011KT,19,09
2009-10-02 18:00:00.000,2009,10,2,18,16012KT,19,10
2009-10-02 19:00:00.000,2009,10,2,19,16009KT,19,11
2009-10-02 20:00:00.000,2009,10,2,20,12010KT,20,10
2009-10-02 21:00:00.000,2009,10,2,21,11008KT,20,09
2009-10-02 22:00:00.000,2009,10,2,22,15005KT,19,12
2009-10-02 23:00:00.000,2009,10,2,23,08005KT,16,11
2009-10-03 00:00:00.000,2009,10,3,0,32006KT,14,10
2009-10-03 01:00:00.000,2009,10,3,1,07003KT,14,10
2009-10-03 02:00:00.000,2009,10,3,2,04005KT,13,11
2009-10-03 03:00:00.000,2009,10,3,3,18011KT,15,10
2009-10-03 04:00:00.000,2009,10,3,4,16006KT,14,10
2009-10-03 05:00:00.000,2009,10,3,5,VRB02KT,12,10
2009-10-03 06:00:00.000,2009,10,3,6,VRB02KT,12,10
2009-10-03 07:00:00.000,2009,10,3,7,VRB02KT,11,10
2009-10-03 08:00:00.000,2009,10,3,8,VRB02KT,11,10
2009-10-03 09:00:00.000,2009,10,3,9,VRB02KT,12,10
2009-10-03 10:00:00.000,2009,10,3,10,VRB02KT,12,10
2009-10-03 11:00:00.000,2009,10,3,11,03003KT,12,10
2009-10-03 12:00:00.000,2009,10,3,12,04006KT,12,11
2009-10-03 13:00:00.000,2009,10,3,13,04006KT,14,11
2009-10-03 14:00:00.000,2009,10,3,14,10010KT,15,09
2009-10-03 15:00:00.000,2009,10,3,15,12007KT,17,10
2009-10-03 16:00:00.000,2009,10,3,16,15012KT,17,10
2009-10-03 17:00:00.000,2009,10,3,17,16010KT,18,10
2009-10-03 18:00:00.000,2009,10,3,18,14011KT,19,11
2009-10-03 19:00:00.000,2009,10,3,19,17010KT,19,09
2009-10-03 20:00:00.000,2009,10,3,20,15008KT,20,10
2009-10-03 21:00:00.000,2009,10,3,21,18014KT,20,08
2009-10-03 22:00:00.000,2009,10,3,22,15014KT,17,08
2009-10-04 00:00:00.000,2009,10,4,0,16011KT,15,09
2009-10-04 01:00:00.000,2009,10,4,1,17009KT,15,09
2009-10-04 02:00:00.000,2009,10,4,2,14005KT,14,09
2009-10-04 03:00:00.000,2009,10,4,3,13005KT,13,09
2009-10-04 04:00:00.000,2009,10,4,4,04005KT,12,09
2009-10-04 05:00:00.000,2009,10,4,5,00000KT,11,10
2009-10-04 06:00:00.000,2009,10,4,6,VRB20KT,11,10
2009-10-04 07:00:00.000,2009,10,4,7,23006KT,12,09
2009-10-04 08:00:00.000,2009,10,4,8,18006KT,13,09
2009-10-04 09:00:00.000,2009,10,4,9,19003KT,12,09
2009-10-04 10:00:00.000,2009,10,4,10,VRB02KT,11,09
2009-10-04 11:00:00.000,2009,10,4,11,VRB02KT,10,10
2009-10-04 12:00:00.000,2009,10,4,12,06006KT,11,10
2009-10-04 13:00:00.000,2009,10,4,13,08007KT,12,11
2009-10-04 14:00:00.000,2009,10,4,14,07006KT,14,11
2009-10-04 15:00:00.000,2009,10,4,15,14016KT,17,10
2009-10-04 18:00:00.000,2009,10,4,18,14016KT,19,07
2009-10-04 19:00:00.000,2009,10,4,19,15018KT,20,07
2009-10-04 20:00:00.000,2009,10,4,20,15016KT,20,07
2009-10-04 21:00:00.000,2009,10,4,21,15014KT,18,07
2009-10-04 22:00:00.000,2009,10,4,22,16012KT,17,07
2009-10-04 23:00:00.000,2009,10,4,23,16010KT,15,07
2009-10-05 00:00:00.000,2009,10,5,0,20006KT,14,08
2009-10-05 01:00:00.000,2009,10,5,1,33004KT,12,10
2009-10-05 02:00:00.000,2009,10,5,2,04006KT,12,09
2009-10-05 03:00:00.000,2009,10,5,3,02004KT,11,08
2009-10-05 04:00:00.000,2009,10,5,4,02006KT,11,08
2009-10-05 05:00:00.000,2009,10,5,5,04008KT,10,08
2009-10-05 06:00:00.000,2009,10,5,6,04006KT,10,08
2009-10-05 07:00:00.000,2009,10,5,7,03004KT,09,08
2009-10-05 08:00:00.000,2009,10,5,8,04006KT,09,07
2009-10-05 09:00:00.000,2009,10,5,9,04006KT,08,07
2009-10-05 10:00:00.000,2009,10,5,10,02004KT,08,07
2009-10-05 11:00:00.000,2009,10,5,11,30004KT,08,08
2009-10-05 12:00:00.000,2009,10,5,12,VRB02KT,09,09
2009-10-05 13:00:00.000,2009,10,5,13,06004KT,12,10
2009-10-05 14:00:00.000,2009,10,5,14,03007KT,15,10
2009-10-05 15:00:00.000,2009,10,5,15,06007KT,18,11
2009-10-05 16:00:00.000,2009,10,5,16,11012KT,19,08
2009-10-05 17:00:00.000,2009,10,5,17,05010KT,19,08
2009-10-05 19:00:00.000,2009,10,5,19,07010KT,20,09
2009-10-05 20:00:00.000,2009,10,5,20,01008KT,19,07
2009-10-05 21:00:00.000,2009,10,5,21,09007KT,18,10
2009-10-05 22:00:00.000,2009,10,5,22,11008KT,18,06
2009-10-05 23:00:00.000,2009,10,5,23,27006KT,15,11
2009-10-06 00:00:00.000,2009,10,6,0,VRB02KT,13,10
2009-10-06 01:00:00.000,2009,10,6,1,VRB02KT,12,10
2009-10-06 02:00:00.000,2009,10,6,2,02004KT,12,10
2009-10-06 03:00:00.000,2009,10,6,3,01003KT,10,08
2009-10-06 04:00:00.000,2009,10,6,4,31004KT,08,06
2009-10-06 06:00:00.000,2009,10,6,6,03003KT,06,06
2009-10-06 07:00:00.000,2009,10,6,7,27005KT,06,06
2009-10-06 08:00:00.000,2009,10,6,8,05004KT,05,05
2009-10-06 10:00:00.000,2009,10,6,10,VRB02KT,04,04
2009-10-06 12:00:00.000,2009,10,6,12,VRB02KT,08,08
2009-10-06 13:00:00.000,2009,10,6,13,VRB02KT,10,09
2009-10-06 14:00:00.000,2009,10,6,14,04005KT,14,12
2009-10-06 15:00:00.000,2009,10,6,15,03006KT,17,09
2009-10-06 18:00:00.000,2009,10,6,18,11012KT,22,05
2009-10-06 19:00:00.000,2009,10,6,19,VRB06KT,23,04
2009-10-06 20:00:00.000,2009,10,6,20,27010KT,21,12
2009-10-06 21:00:00.000,2009,10,6,21,29007KT,20,12
2009-10-06 22:00:00.000,2009,10,6,22,30008KT,17,13
2009-10-07 00:00:00.000,2009,10,7,0,23004KT,14,12
2009-10-07 01:00:00.000,2009,10,7,1,04004KT,14,13
2009-10-07 02:00:00.000,2009,10,7,2,34004KT,14,12
2009-10-07 03:00:00.000,2009,10,7,3,00000KT,12,11
2009-10-07 04:00:00.000,2009,10,7,4,00000KT,13,10
2009-10-07 05:00:00.000,2009,10,7,5,04010KT,13,10
2009-10-07 07:00:00.000,2009,10,7,7,08008KT,13,07
2009-10-07 08:00:00.000,2009,10,7,8,03004KT,12,07
2009-10-07 09:00:00.000,2009,10,7,9,04004KT,11,07
2009-10-07 10:00:00.000,2009,10,7,10,03004KT,11,07
2009-10-07 11:00:00.000,2009,10,7,11,04004KT,11,07
2009-10-07 12:00:00.000,2009,10,7,12,06003KT,13,08
2009-10-07 13:00:00.000,2009,10,7,13,09006KT,15,08
2009-10-07 14:00:00.000,2009,10,7,14,06006KT,17,07
2009-10-07 15:00:00.000,2009,10,7,15,10012KT,20,08
2009-10-07 17:00:00.000,2009,10,7,17,09019KT,21,06
2009-10-07 18:00:00.000,2009,10,7,18,13015KT,21,07
2009-10-07 19:00:00.000,2009,10,7,19,12016KT,20,08
2009-10-07 21:00:00.000,2009,10,7,21,09010KT,19,08
2009-10-07 22:00:00.000,2009,10,7,22,11010KT,18,07
2009-10-08 00:00:00.000,2009,10,8,0,04005KT,14,09
2009-10-08 01:00:00.000,2009,10,8,1,01007KT,13,09
2009-10-08 02:00:00.000,2009,10,8,2,04008KT,14,11
2009-10-08 03:00:00.000,2009,10,8,3,04008KT,14,10
2009-10-08 04:00:00.000,2009,10,8,4,03007KT,12,09
2009-10-08 05:00:00.000,2009,10,8,5,05008KT,12,09
2009-10-08 06:00:00.000,2009,10,8,6,05007KT,12,10
2009-10-08 07:00:00.000,2009,10,8,7,02004KT,11,09
2009-10-08 08:00:00.000,2009,10,8,8,06007KT,11,09
2009-10-08 09:00:00.000,2009,10,8,9,07006KT,11,09
2009-10-08 10:00:00.000,2009,10,8,10,06009KT,12,10
2009-10-08 11:00:00.000,2009,10,8,11,03004KT,12,10
2009-10-08 12:00:00.000,2009,10,8,12,07006KT,13,10
2009-10-08 13:00:00.000,2009,10,8,13,06012KT,15,10
2009-10-08 14:00:00.000,2009,10,8,14,11016KT,16,09
2009-10-08 15:00:00.000,2009,10,8,15,11014KT,16,08
2009-10-08 17:00:00.000,2009,10,8,17,12016KT,18,08
2009-10-08 18:00:00.000,2009,10,8,18,12020KT,17,08
2009-10-08 19:00:00.000,2009,10,8,19,09012KT,18,08
2009-10-08 20:00:00.000,2009,10,8,20,12018KT,17,07
2009-10-08 21:00:00.000,2009,10,8,21,15012KT,17,06
2009-10-08 22:00:00.000,2009,10,8,22,18014KT,16,06
2009-10-08 23:00:00.000,2009,10,8,23,15016KT,14,05
2009-10-09 00:00:00.000,2009,10,9,0,13010KT,11,04
2009-10-09 01:00:00.000,2009,10,9,1,VRB02KT,11,05
2009-10-09 02:00:00.000,2009,10,9,2,08007KT,10,05
2009-10-09 03:00:00.000,2009,10,9,3,05004KT,09,05
2009-10-09 04:00:00.000,2009,10,9,4,04006KT,08,05
2009-10-09 06:00:00.000,2009,10,9,6,08007KT,08,05
2009-10-09 07:00:00.000,2009,10,9,7,06005KT,07,03
2009-10-09 08:00:00.000,2009,10,9,8,06008KT,07,03
2009-10-09 09:00:00.000,2009,10,9,9,09006KT,07,03
2009-10-09 10:00:00.000,2009,10,9,10,04006KT,06,03
2009-10-09 11:00:00.000,2009,10,9,11,05008KT,07,03
2009-10-09 12:00:00.000,2009,10,9,12,07006KT,09,04
2009-10-09 13:00:00.000,2009,10,9,13,04008KT,14,05
2009-10-09 14:00:00.000,2009,10,9,14,12016KT,17,04
2009-10-09 15:00:00.000,2009,10,9,15,11014KT,18,04
2009-10-09 16:00:00.000,2009,10,9,16,12020KT,20,05
2009-10-09 17:00:00.000,2009,10,9,17,18014KT,20,04
2009-10-09 18:00:00.000,2009,10,9,18,13016KT,20,04
2009-10-09 19:00:00.000,2009,10,9,19,10012KT,21,03
2009-10-09 20:00:00.000,2009,10,9,20,12012G24KT,20,04
2009-10-09 21:00:00.000,2009,10,9,21,12012KT,19,05
2009-10-09 22:00:00.000,2009,10,9,22,10009KT,18,04
2009-10-09 23:00:00.000,2009,10,9,23,12008KT,15,04
2009-10-10 00:00:00.000,2009,10,10,0,03004KT,14,04
2009-10-10 01:00:00.000,2009,10,10,1,VRB02KT,11,09
2009-10-10 02:00:00.000,2009,10,10,2,VRB02KT,10,06
2009-10-10 03:00:00.000,2009,10,10,3,VRB02KT,09,06
2009-10-10 04:00:00.000,2009,10,10,4,VRB02KT,08,05
2009-10-10 05:00:00.000,2009,10,10,5,VRB02KT,06,03
2009-10-10 06:00:00.000,2009,10,10,6,VRB02KT,06,04
2009-10-10 07:00:00.000,2009,10,10,7,32006KT,04,03
2009-10-10 08:00:00.000,2009,10,10,8,VRB02KT,04,03
2009-10-10 10:00:00.000,2009,10,10,10,00000KT,05,04
2009-10-10 11:00:00.000,2009,10,10,11,VRB02KT,06,05
2009-10-10 12:00:00.000,2009,10,10,12,VRB02KT,10,07
2009-10-10 13:00:00.000,2009,10,10,13,08004KT,14,06
2009-10-10 14:00:00.000,2009,10,10,14,34004KT,17,07
2009-10-10 15:00:00.000,2009,10,10,15,04006KT,19,09
2009-10-10 16:00:00.000,2009,10,10,16,16010KT,20,08
2009-10-10 17:00:00.000,2009,10,10,17,35005KT,21,07
2009-10-10 18:00:00.000,2009,10,10,18,29012KT,18,11
2009-10-10 19:00:00.000,2009,10,10,19,30012KT,19,11
2009-10-10 20:00:00.000,2009,10,10,20,28009KT,17,11
2009-10-10 21:00:00.000,2009,10,10,21,25008KT,18,12
2009-10-10 22:00:00.000,2009,10,10,22,25007KT,17,12
2009-10-10 23:00:00.000,2009,10,10,23,25004KT,15,11
2009-10-11 00:00:00.000,2009,10,11,0,30004KT,13,10
2009-10-11 01:00:00.000,2009,10,11,1,33006KT,13,11
2009-10-11 02:00:00.000,2009,10,11,2,VRB02KT,13,11
2009-10-11 03:00:00.000,2009,10,11,3,35004KT,13,11
2009-10-11 04:00:00.000,2009,10,11,4,VRB02KT,12,11
2009-10-11 05:00:00.000,2009,10,11,5,VRB02KT,12,11
2009-10-11 06:00:00.000,2009,10,11,6,32004KT,12,11
2009-10-11 07:00:00.000,2009,10,11,7,35004KT,12,11
2009-10-11 08:00:00.000,2009,10,11,8,27006KT,11,10
2009-10-11 09:00:00.000,2009,10,11,9,02004KT,11,10
2009-10-11 10:00:00.000,2009,10,11,10,00000KT,11,10
2009-10-11 11:00:00.000,2009,10,11,11,05004KT,10,09
2009-10-11 12:00:00.000,2009,10,11,12,VRB02KT,11,10
2009-10-11 13:00:00.000,2009,10,11,13,03004KT,13,10
2009-10-11 14:00:00.000,2009,10,11,14,VRB02KT,16,10
2009-10-11 15:00:00.000,2009,10,11,15,VRB02KT,18,10
2009-10-11 16:00:00.000,2009,10,11,16,VRB02KT,19,10
2009-10-11 17:00:00.000,2009,10,11,17,27008KT,18,13
2009-10-11 18:00:00.000,2009,10,11,18,28014KT,19,13
2009-10-11 19:00:00.000,2009,10,11,19,28014KT,20,13
2009-10-11 20:00:00.000,2009,10,11,20,27012KT,17,12
2009-10-11 21:00:00.000,2009,10,11,21,28012KT,17,13
2009-10-11 22:00:00.000,2009,10,11,22,16013KT,14,11
2009-10-11 23:00:00.000,2009,10,11,23,32006KT,11,10
2009-10-12 00:00:00.000,2009,10,12,0,03003KT,12,10
2009-10-12 01:00:00.000,2009,10,12,1,VRB02KT,12,11
2009-10-12 02:00:00.000,2009,10,12,2,VRB02KT,12,11
2009-10-12 03:00:00.000,2009,10,12,3,VRB02KT,12,11
2009-10-12 04:00:00.000,2009,10,12,4,VRB02KT,12,11
2009-10-12 05:00:00.000,2009,10,12,5,VRB02KT,11,10
2009-10-12 06:00:00.000,2009,10,12,6,VRB02KT,11,10
2009-10-12 07:00:00.000,2009,10,12,7,27003KT,11,10
2009-10-12 08:00:00.000,2009,10,12,8,VRB02KT,11,10
2009-10-12 09:00:00.000,2009,10,12,9,VRB02KT,10,10
2009-10-12 10:00:00.000,2009,10,12,10,VRB02KT,10,10
2009-10-12 11:00:00.000,2009,10,12,11,28004KT,09,09
2009-10-12 12:00:00.000,2009,10,12,12,30004KT,10,10
2009-10-12 13:00:00.000,2009,10,12,13,26004KT,12,11
2009-10-12 14:00:00.000,2009,10,12,14,26004KT,14,12
2009-10-12 15:00:00.000,2009,10,12,15,VRB02KT,16,11
2009-10-12 16:00:00.000,2009,10,12,16,30004KT,18,10
2009-10-12 17:00:00.000,2009,10,12,17,VRB02KT,18,10
2009-10-12 18:00:00.000,2009,10,12,18,25007KT,16,11
2009-10-12 19:00:00.000,2009,10,12,19,30010KT,17,13
2009-10-12 20:00:00.000,2009,10,12,20,28012KT,16,12
2009-10-12 22:00:00.000,2009,10,12,22,21006KT,14,12
2009-10-12 23:00:00.000,2009,10,12,23,21009KT,13,12
2009-10-13 00:00:00.000,2009,10,13,0,20004KT,13,12
2009-10-13 01:00:00.000,2009,10,13,1,VRB02KT,12,11
2009-10-13 02:00:00.000,2009,10,13,2,VRB02KT,12,11
2009-10-13 03:00:00.000,2009,10,13,3,VRB02KT,12,12
2009-10-13 04:00:00.000,2009,10,13,4,VRB02KT,12,11
2009-10-13 05:00:00.000,2009,10,13,5,VRB02KT,12,11
2009-10-13 06:00:00.000,2009,10,13,6,00000KT,12,11
2009-10-13 07:00:00.000,2009,10,13,7,00000KT,12,11
2009-10-13 08:00:00.000,2009,10,13,8,VRB02KT,11,10
2009-10-13 09:00:00.000,2009,10,13,9,VRB02KT,11,10
2009-10-13 10:00:00.000,2009,10,13,10,VRB02KT,11,10
2009-10-13 11:00:00.000,2009,10,13,11,VRB02KT,11,10
2009-10-13 12:00:00.000,2009,10,13,12,VRB02KT,11,10
2009-10-13 13:00:00.000,2009,10,13,13,02006KT,13,11
2009-10-13 14:00:00.000,2009,10,13,14,04004KT,15,10
2009-10-13 15:00:00.000,2009,10,13,15,28006KT,18,10
2009-10-13 16:00:00.000,2009,10,13,16,20006KT,19,08
2009-10-13 17:00:00.000,2009,10,13,17,21012KT,20,09
2009-10-13 18:00:00.000,2009,10,13,18,06010KT,18,11
2009-10-13 19:00:00.000,2009,10,13,19,22008KT,13,11
2009-10-13 20:00:00.000,2009,10,13,20,33004KT,13,11
2009-10-13 21:00:00.000,2009,10,13,21,27004KT,14,11
2009-10-13 22:00:00.000,2009,10,13,22,26006KT,14,11
2009-10-13 23:00:00.000,2009,10,13,23,23004KT,13,11
2009-10-14 00:00:00.000,2009,10,14,0,VRB02KT,12,11
2009-10-14 01:00:00.000,2009,10,14,1,VRB02KT,12,11
2009-10-14 02:00:00.000,2009,10,14,2,33003KT,13,12
2009-10-14 03:00:00.000,2009,10,14,3,33006KT,13,12
2009-10-14 04:00:00.000,2009,10,14,4,30006KT,13,11
2009-10-14 05:00:00.000,2009,10,14,5,30003KT,12,10
2009-10-14 06:00:00.000,2009,10,14,6,29002KT,12,10
2009-10-14 07:00:00.000,2009,10,14,7,00000KT,11,11
2009-10-14 08:00:00.000,2009,10,14,8,32003KT,11,10
2009-10-14 09:00:00.000,2009,10,14,9,35003KT,11,10
2009-10-14 10:00:00.000,2009,10,14,10,VRB02KT,10,10
2009-10-14 11:00:00.000,2009,10,14,11,VRB02KT,10,10
2009-10-14 12:00:00.000,2009,10,14,12,35003KT,12,10
2009-10-14 13:00:00.000,2009,10,14,13,03004KT,14,11
2009-10-14 14:00:00.000,2009,10,14,14,VRB02KT,14,10
2009-10-14 15:00:00.000,2009,10,14,15,32004KT,15,10
2009-10-14 16:00:00.000,2009,10,14,16,33003KT,15,11
2009-10-14 17:00:00.000,2009,10,14,17,34004KT,16,10
2009-10-14 18:00:00.000,2009,10,14,18,34006KT,17,10
2009-10-14 19:00:00.000,2009,10,14,19,30006KT,19,10
2009-10-14 20:00:00.000,2009,10,14,20,26016KT,18,12
2009-10-14 21:00:00.000,2009,10,14,21,29016KT,17,12
2009-10-14 22:00:00.000,2009,10,14,22,28012KT,16,11
2009-10-14 23:00:00.000,2009,10,14,23,04016KT,13,10
2009-10-15 00:00:00.000,2009,10,15,0,04016KT,13,10
2009-10-15 01:00:00.000,2009,10,15,1,04005KT,12,11
2009-10-15 02:00:00.000,2009,10,15,2,07005KT,11,10
2009-10-15 03:00:00.000,2009,10,15,3,VRB02KT,11,10
2009-10-15 04:00:00.000,2009,10,15,4,33003KT,11,10
2009-10-15 05:00:00.000,2009,10,15,5,VRB02KT,11,10
2009-10-15 06:00:00.000,2009,10,15,6,33005KT,11,10
2009-10-15 07:00:00.000,2009,10,15,7,34006KT,10,10
2009-10-15 08:00:00.000,2009,10,15,8,35003KT,10,10
2009-10-15 09:00:00.000,2009,10,15,9,VRB02KT,10,10
2009-10-15 10:00:00.000,2009,10,15,10,25003KT,11,10
2009-10-15 11:00:00.000,2009,10,15,11,VRB02KT,11,10
2009-10-15 12:00:00.000,2009,10,15,12,33005KT,12,11
2009-10-15 13:00:00.000,2009,10,15,13,VRB02KT,11,10
2009-10-15 14:00:00.000,2009,10,15,14,VRB02KT,12,10
2009-10-15 15:00:00.000,2009,10,15,15,VRB02KT,13,11
2009-10-15 16:00:00.000,2009,10,15,16,VRB02KT,15,12
2009-10-15 18:00:00.000,2009,10,15,18,VRB02KT,17,10
2009-10-15 19:00:00.000,2009,10,15,19,VRB02KT,18,09
2009-10-15 20:00:00.000,2009,10,15,20,24010KT,16,12
2009-10-15 21:00:00.000,2009,10,15,21,23009KT,16,12
2009-10-15 22:00:00.000,2009,10,15,22,24007KT,15,13
2009-10-15 23:00:00.000,2009,10,15,23,25003KT,14,12
2009-10-16 00:00:00.000,2009,10,16,0,02006KT,14,11
2009-10-16 01:00:00.000,2009,10,16,1,30003KT,13,12
2009-10-16 02:00:00.000,2009,10,16,2,06003KT,13,12
2009-10-16 03:00:00.000,2009,10,16,3,05004KT,13,11
2009-10-16 04:00:00.000,2009,10,16,4,04004KT,12,11
2009-10-16 05:00:00.000,2009,10,16,5,05009KT,12,11
2009-10-16 06:00:00.000,2009,10,16,6,04005KT,12,10
2009-10-16 07:00:00.000,2009,10,16,7,05007KT,11,10
2009-10-16 08:00:00.000,2009,10,16,8,05006KT,11,10
2009-10-16 09:00:00.000,2009,10,16,9,05003KT,10,10
2009-10-16 10:00:00.000,2009,10,16,10,06006KT,11,10
2009-10-16 11:00:00.000,2009,10,16,11,09003KT,11,09
2009-10-16 12:00:00.000,2009,10,16,12,06007KT,11,10
2009-10-16 13:00:00.000,2009,10,16,13,03007KT,12,10
2009-10-16 14:00:00.000,2009,10,16,14,05006KT,15,11
2009-10-16 15:00:00.000,2009,10,16,15,11007KT,17,08
2009-10-16 16:00:00.000,2009,10,16,16,15010KT,18,09
2009-10-16 17:00:00.000,2009,10,16,17,12007KT,17,09
2009-10-16 18:00:00.000,2009,10,16,18,08010KT,16,09
2009-10-16 19:00:00.000,2009,10,16,19,07011KT,17,10
2009-10-16 20:00:00.000,2009,10,16,20,12007KT,16,10
2009-10-16 21:00:00.000,2009,10,16,21,06007KT,16,10
2009-10-16 22:00:00.000,2009,10,16,22,04011KT,15,10
2009-10-16 23:00:00.000,2009,10,16,23,05007KT,13,09
2009-10-17 00:00:00.000,2009,10,17,0,04006KT,12,09
2009-10-17 01:00:00.000,2009,10,17,1,07006KT,11,09
2009-10-17 02:00:00.000,2009,10,17,2,06006KT,11,09
2009-10-17 03:00:00.000,2009,10,17,3,03004KT,10,09
2009-10-17 04:00:00.000,2009,10,17,4,07005KT,10,08
2009-10-17 05:00:00.000,2009,10,17,5,06006KT,10,08
2009-10-17 06:00:00.000,2009,10,17,6,05004KT,09,07
2009-10-17 07:00:00.000,2009,10,17,7,05004KT,08,07
2009-10-17 08:00:00.000,2009,10,17,8,05005KT,09,07
2009-10-17 10:00:00.000,2009,10,17,10,07006KT,09,07
2009-10-17 11:00:00.000,2009,10,17,11,05008KT,10,08
2009-10-17 12:00:00.000,2009,10,17,12,06004KT,11,08
2009-10-17 13:00:00.000,2009,10,17,13,05008KT,13,10
2009-10-17 14:00:00.000,2009,10,17,14,06008KT,16,10
2009-10-17 15:00:00.000,2009,10,17,15,11012KT,18,10
2009-10-17 16:00:00.000,2009,10,17,16,12014KT,19,08
2009-10-17 17:00:00.000,2009,10,17,17,13016KT,20,09
2009-10-17 18:00:00.000,2009,10,17,18,10017KT,20,09
2009-10-17 19:00:00.000,2009,10,17,19,10014KT,20,11
2009-10-17 20:00:00.000,2009,10,17,20,15008KT,18,08
2009-10-17 21:00:00.000,2009,10,17,21,11010KT,18,10
2009-10-17 22:00:00.000,2009,10,17,22,10009KT,17,08
2009-10-17 23:00:00.000,2009,10,17,23,08007KT,15,09
2009-10-18 00:00:00.000,2009,10,18,0,13005KT,14,08
2009-10-18 01:00:00.000,2009,10,18,1,09006KT,15,08
2009-10-18 02:00:00.000,2009,10,18,2,10004KT,13,08
2009-10-18 03:00:00.000,2009,10,18,3,03003KT,12,08
2009-10-18 04:00:00.000,2009,10,18,4,36004KT,11,08
2009-10-18 05:00:00.000,2009,10,18,5,03003KT,11,08
2009-10-18 06:00:00.000,2009,10,18,6,07005KT,11,08
2009-10-18 07:00:00.000,2009,10,18,7,06003KT,10,08
2009-10-18 08:00:00.000,2009,10,18,8,03003KT,08,07
2009-10-18 10:00:00.000,2009,10,18,10,VRB02KT,07,06
2009-10-18 11:00:00.000,2009,10,18,11,VRB02KT,07,06
2009-10-18 13:00:00.000,2009,10,18,13,00000KT,13,09
2009-10-18 14:00:00.000,2009,10,18,14,05005KT,15,09
2009-10-18 15:00:00.000,2009,10,18,15,24004KT,18,11
2009-10-18 16:00:00.000,2009,10,18,16,22003KT,19,09
2009-10-18 17:00:00.000,2009,10,18,17,09006KT,20,08
2009-10-18 18:00:00.000,2009,10,18,18,28007KT,18,11
2009-10-18 19:00:00.000,2009,10,18,19,22010KT,15,13
2009-10-18 20:00:00.000,2009,10,18,20,26010KT,16,13
2009-10-18 21:00:00.000,2009,10,18,21,27006KT,16,12
2009-10-18 22:00:00.000,2009,10,18,22,27006KT,15,12
2009-10-18 23:00:00.000,2009,10,18,23,32004KT,13,12
2009-10-19 00:00:00.000,2009,10,19,0,VRB02KT,12,11
2009-10-19 01:00:00.000,2009,10,19,1,00000KT,12,11
2009-10-19 02:00:00.000,2009,10,19,2,00000KT,13,11
2009-10-19 03:00:00.000,2009,10,19,3,VRB02KT,12,11
2009-10-19 04:00:00.000,2009,10,19,4,00000KT,12,11
2009-10-19 05:00:00.000,2009,10,19,5,00000KT,12,11
2009-10-19 06:00:00.000,2009,10,19,6,00000KT,12,11
2009-10-19 07:00:00.000,2009,10,19,7,VRB02KT,11,10
2009-10-19 08:00:00.000,2009,10,19,8,VRB02KT,11,10
2009-10-19 09:00:00.000,2009,10,19,9,VRB02KT,11,11
2009-10-19 10:00:00.000,2009,10,19,10,VRB02KT,11,10
2009-10-19 11:00:00.000,2009,10,19,11,VRB02KT,11,10
2009-10-19 12:00:00.000,2009,10,19,12,33004KT,12,10
2009-10-19 13:00:00.000,2009,10,19,13,33004KT,13,11
2009-10-19 14:00:00.000,2009,10,19,14,VRB02KT,14,11
2009-10-19 15:00:00.000,2009,10,19,15,14006KT,16,11
2009-10-19 16:00:00.000,2009,10,19,16,32004KT,18,12
2009-10-19 17:00:00.000,2009,10,19,17,27008KT,19,11
2009-10-19 18:00:00.000,2009,10,19,18,26014KT,20,13
2009-10-19 19:00:00.000,2009,10,19,19,28014KT,19,13
2009-10-19 20:00:00.000,2009,10,19,20,26016KT,19,13
2009-10-19 21:00:00.000,2009,10,19,21,27010KIT,18,12
2009-10-19 22:00:00.000,2009,10,19,22,30012KT,17,12
2009-10-19 23:00:00.000,2009,10,19,23,01008KT,14,12
2009-10-20 00:00:00.000,2009,10,20,0,VRB02KT,13,12
2009-10-20 01:00:00.000,2009,10,20,1,19006KT,11,10
2009-10-20 02:00:00.000,2009,10,20,2,13004KT,12,11
2009-10-20 03:00:00.000,2009,10,20,3,15008KT,12,11
2009-10-20 04:00:00.000,2009,10,20,4,18006KT,12,10
2009-10-20 05:00:00.000,2009,10,20,5,15003KT,11,10
2009-10-20 06:00:00.000,2009,10,20,6,36003KT,11,10
2009-10-20 07:00:00.000,2009,10,20,7,00000KT,11,10
2009-10-20 09:00:00.000,2009,10,20,9,35003KT,11,10
2009-10-20 10:00:00.000,2009,10,20,10,33003KT,11,11
2009-10-20 11:00:00.000,2009,10,20,11,00000KT,11,10
2009-10-20 12:00:00.000,2009,10,20,12,00000KT,12,12
2009-10-20 13:00:00.000,2009,10,20,13,VRB02KT,15,12
2009-10-20 14:00:00.000,2009,10,20,14,16003KT,16,11
2009-10-20 15:00:00.000,2009,10,20,15,VRB02KT,18,11
2009-10-20 16:00:00.000,2009,10,20,16,27010KT,17,12
2009-10-20 17:00:00.000,2009,10,20,17,28011KT,17,12
2009-10-20 18:00:00.000,2009,10,20,18,27009KT,17,12
2009-10-20 19:00:00.000,2009,10,20,19,04003KT,13,10
2009-10-20 20:00:00.000,2009,10,20,20,03004KT,11,10
2009-10-20 21:00:00.000,2009,10,20,21,35004KT,12,11
2009-10-20 22:00:00.000,2009,10,20,22,31007KT,12,11
2009-10-20 23:00:00.000,2009,10,20,23,36003KT,12,11
2009-10-21 00:00:00.000,2009,10,21,0,VRB02KT,11,10
2009-10-21 01:00:00.000,2009,10,21,1,VRB02KT,10,09
2009-10-21 02:00:00.000,2009,10,21,2,00000KT,10,10
2009-10-21 03:00:00.000,2009,10,21,3,VRB02KT,10,10
2009-10-21 04:00:00.000,2009,10,21,4,VRB02KT,10,10
2009-10-21 05:00:00.000,2009,10,21,5,VRB02KT,09,09
2009-10-21 06:00:00.000,2009,10,21,6,VRB02KT,09,09
2009-10-21 07:00:00.000,2009,10,21,7,VRB02KT,09,09
2009-10-21 08:00:00.000,2009,10,21,8,02004KT,10,09
2009-10-21 09:00:00.000,2009,10,21,9,VRB02KT,10,10
2009-10-21 10:00:00.000,2009,10,21,10,29004KT,09,09
2009-10-21 11:00:00.000,2009,10,21,11,VRB02KT,09,09
2009-10-21 12:00:00.000,2009,10,21,12,00000KT,10,10
2009-10-21 13:00:00.000,2009,10,21,13,35005KT,13,12
2009-10-21 14:00:00.000,2009,10,21,14,05004KT,16,12
2009-10-21 15:00:00.000,2009,10,21,15,31004KT,18,11
2009-10-21 16:00:00.000,2009,10,21,16,VRB02KT,19,10
2009-10-21 18:00:00.000,2009,10,21,18,28012KT,20,12
2009-10-21 19:00:00.000,2009,10,21,19,28014KT,19,11
2009-10-21 20:00:00.000,2009,10,21,20,26010KT,19,12
2009-10-21 21:00:00.000,2009,10,21,21,30008KT,17,12
2009-10-21 22:00:00.000,2009,10,21,22,30005KT,16,13
2009-10-21 23:00:00.000,2009,10,21,23,31007KT,14,12
2009-10-22 00:00:00.000,2009,10,22,0,00000KT,13,12
2009-10-22 01:00:00.000,2009,10,22,1,VRB02KT,11,11
2009-10-22 02:00:00.000,2009,10,22,2,03003KT,11,10
2009-10-22 03:00:00.000,2009,10,22,3,VRB02KT,12,11
2009-10-22 04:00:00.000,2009,10,22,4,VRB02KT,11,11
2009-10-22 05:00:00.000,2009,10,22,5,06004KT,12,11
2009-10-22 06:00:00.000,2009,10,22,6,VRB02KT,10,10
2009-10-22 13:00:00.000,2009,10,22,13,VRB02KT,11,10
2009-10-22 14:00:00.000,2009,10,22,14,VRB02KT,17,11
2009-10-22 15:00:00.000,2009,10,22,15,VRB02KT,18,10
2009-10-22 16:00:00.000,2009,10,22,16,VRB02KT,20,10
2009-10-22 17:00:00.000,2009,10,22,17,31006KT,21,07
2009-10-22 18:00:00.000,2009,10,22,18,27018KT,20,12
2009-10-22 19:00:00.000,2009,10,22,19,27015KT,19,11
2009-10-22 20:00:00.000,2009,10,22,20,27012KT,19,12
2009-10-22 21:00:00.000,2009,10,22,21,27012KT,18,12
2009-10-22 22:00:00.000,2009,10,22,22,28006KT,17,10
2009-10-22 23:00:00.000,2009,10,22,23,23005KT,15,12
2009-10-23 00:00:00.000,2009,10,23,0,VRB02KT,14,12
2009-10-23 01:00:00.000,2009,10,23,1,32004KT,14,12
2009-10-23 02:00:00.000,2009,10,23,2,00000KT,14,12
2009-10-23 03:00:00.000,2009,10,23,3,33003KT,14,12
2009-10-23 04:00:00.000,2009,10,23,4,34003KT,13,12
2009-10-23 05:00:00.000,2009,10,23,5,33003KT,13,12
2009-10-23 06:00:00.000,2009,10,23,6,000000KT,12,11
2009-10-23 07:00:00.000,2009,10,23,7,VRB02KT,12,11
2009-10-23 08:00:00.000,2009,10,23,8,28003KT,12,11
2009-10-23 09:00:00.000,2009,10,23,9,31003KT,12,11
2009-10-23 10:00:00.000,2009,10,23,10,VRB02KT,12,11
2009-10-23 11:00:00.000,2009,10,23,11,VRB02KT,12,11
2009-10-23 12:00:00.000,2009,10,23,12,03004KT,13,12
2009-10-23 13:00:00.000,2009,10,23,13,06006KT,16,12
2009-10-23 14:00:00.000,2009,10,23,14,12004KT,18,12
2009-10-23 15:00:00.000,2009,10,23,15,02008KT,19,11
2009-10-23 16:00:00.000,2009,10,23,16,05010KT,20,10
2009-10-23 17:00:00.000,2009,10,23,17,24010KT,19,13
2009-10-23 18:00:00.000,2009,10,23,18,28012KT,19,13
2009-10-23 19:00:00.000,2009,10,23,19,31009KT,17,13
2009-10-23 20:00:00.000,2009,10,23,20,30007KT,17,12
2009-10-23 21:00:00.000,2009,10,23,21,33005KT,17,12
2009-10-23 22:00:00.000,2009,10,23,22,33003KT,17,12
2009-10-23 23:00:00.000,2009,10,23,23,33003KT,15,12
2009-10-24 00:00:00.000,2009,10,24,0,VRB02KT,13,11
2009-10-24 01:00:00.000,2009,10,24,1,VRB02KT,12,11
2009-10-24 02:00:00.000,2009,10,24,2,00000KT,13,11
2009-10-24 03:00:00.000,2009,10,24,3,31005KT,12,12
2009-10-24 04:00:00.000,2009,10,24,4,00000KT,12,12
2009-10-24 05:00:00.000,2009,10,24,5,VRB02KT,12,12
2009-10-24 06:00:00.000,2009,10,24,6,01006KT,12,11
2009-10-24 07:00:00.000,2009,10,24,7,26004KT,12,11
2009-10-24 08:00:00.000,2009,10,24,8,33003KT,12,11
2009-10-24 09:00:00.000,2009,10,24,9,32003KT,10,10
2009-10-24 10:00:00.000,2009,10,24,10,VRB02KT,11,10
2009-10-24 11:00:00.000,2009,10,24,11,VRB02KT,11,11
2009-10-24 12:00:00.000,2009,10,24,12,00000KT,12,12
2009-10-24 13:00:00.000,2009,10,24,13,06003KT,14,12
2009-10-24 14:00:00.000,2009,10,24,14,00000KT,17,11
2009-10-24 15:00:00.000,2009,10,24,15,00000KT,16,10
2009-10-24 16:00:00.000,2009,10,24,16,06003KT,17,11
2009-10-24 17:00:00.000,2009,10,24,17,20007KT,14,12
2009-10-24 18:00:00.000,2009,10,24,18,18006KT,14,12
2009-10-24 19:00:00.000,2009,10,24,19,27012KT,25,24
2009-10-24 20:00:00.000,2009,10,24,20,27004KT,17,11
2009-10-24 21:00:00.000,2009,10,24,21,03003KT,18,11
2009-10-24 22:00:00.000,2009,10,24,22,28004KT,17,12
2009-10-24 23:00:00.000,2009,10,24,23,23005KT,14,11
2009-10-25 00:00:00.000,2009,10,25,0,34006KT,14,11
2009-10-25 01:00:00.000,2009,10,25,1,28006KT,14,10
2009-10-25 02:00:00.000,2009,10,25,2,31003KT,13,10
2009-10-25 03:00:00.000,2009,10,25,3,34004KT,12,09
2009-10-25 04:00:00.000,2009,10,25,4,30005KT,12,10
2009-10-25 05:00:00.000,2009,10,25,5,31005KT,11,11
2009-10-25 06:00:00.000,2009,10,25,6,25004KT,11,11
2009-10-25 07:00:00.000,2009,10,25,7,00000KT,11,11
2009-10-25 08:00:00.000,2009,10,25,8,VRB02KT,11,11
2009-10-25 09:00:00.000,2009,10,25,9,15003KT,11,10
2009-10-25 10:00:00.000,2009,10,25,10,VRB02KT,11,11
2009-10-25 11:00:00.000,2009,10,25,11,05004KT,11,11
2009-10-25 12:00:00.000,2009,10,25,12,04005KT,11,11
2009-10-25 13:00:00.000,2009,10,25,13,06006KT,13,11
2009-10-25 14:00:00.000,2009,10,25,14,05006KT,15,11
2009-10-25 15:00:00.000,2009,10,25,15,06007KT,16,11
2009-10-25 16:00:00.000,2009,10,25,16,06005KT,17,11
2009-10-25 17:00:00.000,2009,10,25,17,15010KT,18,11
2009-10-25 18:00:00.000,2009,10,25,18,12006KT,18,11
2009-10-25 19:00:00.000,2009,10,25,19,16014KT,18,09
2009-10-25 20:00:00.000,2009,10,25,20,13010KT,18,09
2009-10-25 21:00:00.000,2009,10,25,21,15009KT,17,09
2009-10-25 22:00:00.000,2009,10,25,22,03012KT,15,11
2009-10-25 23:00:00.000,2009,10,25,23,03007KT,13,11
2009-10-26 00:00:00.000,2009,10,26,0,04006KT,13,11
2009-10-26 01:00:00.000,2009,10,26,1,06006KT,12,10
2009-10-26 02:00:00.000,2009,10,26,2,03006KT,12,10
2009-10-26 03:00:00.000,2009,10,26,3,04008KT,11,09
2009-10-26 04:00:00.000,2009,10,26,4,03004KT,10,09
2009-10-26 05:00:00.000,2009,10,26,5,03006KT,10,09
2009-10-26 06:00:00.000,2009,10,26,6,05006KT,09,09
2009-10-26 07:00:00.000,2009,10,26,7,04004KT,09,08
2009-10-26 08:00:00.000,2009,10,26,8,04006KT,09,08
2009-10-26 09:00:00.000,2009,10,26,9,06008KT,09,08
2009-10-26 10:00:00.000,2009,10,26,10,07008KT,08,08
2009-10-26 11:00:00.000,2009,10,26,11,05004KT,08,08
2009-10-26 12:00:00.000,2009,10,26,12,06008KT,11,09
2009-10-26 13:00:00.000,2009,10,26,13,07009KT,15,10
2009-10-26 14:00:00.000,2009,10,26,14,08010KT,17,09
2009-10-26 15:00:00.000,2009,10,26,15,09016KT,18,08
2009-10-26 16:00:00.000,2009,10,26,16,10012KT,19,07
2009-10-26 17:00:00.000,2009,10,26,17,09012KT,19,08
2009-10-26 18:00:00.000,2009,10,26,18,12010KT,19,07
2009-10-26 19:00:00.000,2009,10,26,19,12012KT,18,08
2009-10-26 20:00:00.000,2009,10,26,20,12012KT,18,08
2009-10-26 21:00:00.000,2009,10,26,21,14016KT,18,07
2009-10-26 22:00:00.000,2009,10,26,22,11009KT,18,08
2009-10-26 23:00:00.000,2009,10,26,23,10010KT,15,09
2009-10-27 00:00:00.000,2009,10,27,0,10007KT,15,09
2009-10-27 01:00:00.000,2009,10,27,1,VRB02KT,13,09
2009-10-27 02:00:00.000,2009,10,27,2,35004KT,13,09
2009-10-27 03:00:00.000,2009,10,27,3,03003KT,11,08
2009-10-27 04:00:00.000,2009,10,27,4,03003KT,10,08
2009-10-27 05:00:00.000,2009,10,27,5,VRB02KT,08,07
2009-10-27 06:00:00.000,2009,10,27,6,29003KT,08,07
2009-10-27 08:00:00.000,2009,10,27,8,VRB02KT,06,05
2009-10-27 09:00:00.000,2009,10,27,9,VRB02KT,05,05
2009-10-27 10:00:00.000,2009,10,27,10,04003KT,04,04
2009-10-27 11:00:00.000,2009,10,27,11,01003KT,04,03
2009-10-27 12:00:00.000,2009,10,27,12,32004KT,06,05
2009-10-27 13:00:00.000,2009,10,27,13,05004KT,11,09
2009-10-27 14:00:00.000,2009,10,27,14,02008KT,15,09
2009-10-27 15:00:00.000,2009,10,27,15,07008KT,18,10
2009-10-27 16:00:00.000,2009,10,27,16,09008KT,20,08
2009-10-27 17:00:00.000,2009,10,27,17,11010KT,20,06
2009-10-27 18:00:00.000,2009,10,27,18,11010KT,20,06
2009-10-27 19:00:00.000,2009,10,27,19,15016KT,20,07
2009-10-27 20:00:00.000,2009,10,27,20,08008KT,19,07
2009-10-27 21:00:00.000,2009,10,27,21,13006KT,19,07
2009-10-27 22:00:00.000,2009,10,27,22,24012KT,16,12
2009-10-27 23:00:00.000,2009,10,27,23,26008KT,15,11
2009-10-28 00:00:00.000,2009,10,28,0,01004KT,13,10
2009-10-28 01:00:00.000,2009,10,28,1,02003KT,12,10
2009-10-28 02:00:00.000,2009,10,28,2,07004KT,11,10
2009-10-28 03:00:00.000,2009,10,28,3,14003KT,12,07
2009-10-28 04:00:00.000,2009,10,28,4,35004KT,12,09
2009-10-28 05:00:00.000,2009,10,28,5,05003KT,10,08
2009-10-28 06:00:00.000,2009,10,28,6,07003KT,10,08
2009-10-28 07:00:00.000,2009,10,28,7,06004KT,09,08
2009-10-28 08:00:00.000,2009,10,28,8,VRB02KT,09,08
2009-10-28 09:00:00.000,2009,10,28,9,28003KT,08,07
2009-10-28 10:00:00.000,2009,10,28,10,36004KT,07,06
2009-10-28 11:00:00.000,2009,10,28,11,06003KT,06,06
2009-10-28 12:00:00.000,2009,10,28,12,05005KT,12,10
2009-10-28 13:00:00.000,2009,10,28,13,06006KT,14,10
2009-10-28 14:00:00.000,2009,10,28,14,03006KT,16,10
2009-10-28 15:00:00.000,2009,10,28,15,10012KT,18,08
2009-10-28 16:00:00.000,2009,10,28,16,12010KT,19,08
2009-10-28 17:00:00.000,2009,10,28,17,17010KT,20,08
2009-10-28 18:00:00.000,2009,10,28,18,10012KT,18,09
2009-10-28 19:00:00.000,2009,10,28,19,11014KT,19,10
2009-10-28 20:00:00.000,2009,10,28,20,17014KT,20,09
2009-10-28 21:00:00.000,2009,10,28,21,15014KT,18,09
2009-10-28 22:00:00.000,2009,10,28,22,18010KT,17,08
2009-10-28 23:00:00.000,2009,10,28,23,16007KT,15,09
2009-10-29 00:00:00.000,2009,10,29,0,00000KT,14,10
2009-10-29 01:00:00.000,2009,10,29,1,VRB02KT,14,10
2009-10-29 02:00:00.000,2009,10,29,2,00000KT,12,10
2009-10-29 03:00:00.000,2009,10,29,3,04003KT,12,10
2009-10-29 04:00:00.000,2009,10,29,4,VRB02KT,10,09
2009-10-29 05:00:00.000,2009,10,29,5,00000KT,10,09
2009-10-29 06:00:00.000,2009,10,29,6,07003KT,09,08
2009-10-29 07:00:00.000,2009,10,29,7,VRB02KT,10,09
2009-10-29 08:00:00.000,2009,10,29,8,00000KT,09,08
2009-10-29 09:00:00.000,2009,10,29,9,VRB02KT,08,07
2009-10-29 10:00:00.000,2009,10,29,10,VRB02KT,08,07
2009-10-29 11:00:00.000,2009,10,29,11,VRB02KT,06,06
2009-10-29 12:00:00.000,2009,10,29,12,04004KT,08,08
2009-10-29 13:00:00.000,2009,10,29,13,07005KT,12,10
2009-10-29 14:00:00.000,2009,10,29,14,06009KT,15,10
2009-10-29 15:00:00.000,2009,10,29,15,10004KT,18,10
2009-10-29 16:00:00.000,2009,10,29,16,09007KT,19,09
2009-10-29 17:00:00.000,2009,10,29,17,10004KT,20,08
2009-10-29 18:00:00.000,2009,10,29,18,11004KT,20,08
2009-10-29 19:00:00.000,2009,10,29,19,32006KT,18,12
2009-10-29 20:00:00.000,2009,10,29,20,28006KT,18,12
2009-10-29 21:00:00.000,2009,10,29,21,01005KT,17,13
2009-10-29 22:00:00.000,2009,10,29,22,34005KT,16,12
2009-10-29 23:00:00.000,2009,10,29,23,27004KT,15,12
2009-10-30 02:00:00.000,2009,10,30,2,04003KT,12,11
2009-10-30 03:00:00.000,2009,10,30,3,VRB02KT,12,11
2009-10-30 04:00:00.000,2009,10,30,4,VRB02KT,12,11
2009-10-30 07:00:00.000,2009,10,30,7,VRB02KT,12,10
2009-10-30 08:00:00.000,2009,10,30,8,30003KT,12,10
2009-10-30 09:00:00.000,2009,10,30,9,04003KT,12,10
2009-10-30 10:00:00.000,2009,10,30,10,05004KT,12,10
2009-10-30 11:00:00.000,2009,10,30,11,05005KT,12,10
2009-10-30 12:00:00.000,2009,10,30,12,05005KT,13,10
2009-10-30 13:00:00.000,2009,10,30,13,35005KT,15,10
2009-10-30 14:00:00.000,2009,10,30,14,34006KT,16,10
2009-10-30 15:00:00.000,2009,10,30,15,31008KT,17,11
2009-10-30 16:00:00.000,2009,10,30,16,34008KT,18,10
2009-10-30 18:00:00.000,2009,10,30,18,28011KT,17,12
2009-10-30 19:00:00.000,2009,10,30,19,28006KT,17,11
2009-10-30 20:00:00.000,2009,10,30,20,28008KT,17,10
2009-10-30 21:00:00.000,2009,10,30,21,29004KT,17,12
2009-10-30 22:00:00.000,2009,10,30,22,31006KT,16,11
2009-10-30 23:00:00.000,2009,10,30,23,28005KT,15,12
2009-10-31 00:00:00.000,2009,10,31,0,25003KT,14,12
2009-10-31 01:00:00.000,2009,10,31,1,VRB02KT,14,12
2009-10-31 02:00:00.000,2009,10,31,2,VRB02KT,13,12
2009-10-31 03:00:00.000,2009,10,31,3,32003KT,13,12
2009-10-31 04:00:00.000,2009,10,31,4,31004KT,12,11
2009-10-31 05:00:00.000,2009,10,31,5,31004KT,12,11
2009-10-31 06:00:00.000,2009,10,31,6,VRB02KT,11,10
2009-10-31 07:00:00.000,2009,10,31,7,21003KT,12,11
2009-10-31 08:00:00.000,2009,10,31,8,VRB02KT,11,10
2009-10-31 09:00:00.000,2009,10,31,9,31004KT,10,09
2009-10-31 10:00:00.000,2009,10,31,10,32003KT,10,10
2009-10-31 11:00:00.000,2009,10,31,11,VRB02KT,09,09
2009-10-31 12:00:00.000,2009,10,31,12,00000KT,12,11
2009-10-31 13:00:00.000,2009,10,31,13,VRB02KT,15,11
2009-10-31 14:00:00.000,2009,10,31,14,26006KT,18,10
2009-10-31 15:00:00.000,2009,10,31,15,36006KT,17,10
2009-10-31 16:00:00.000,2009,10,31,16,32008KT,17,10
2009-10-31 17:00:00.000,2009,10,31,17,310015KT,18,11
2009-10-31 18:00:00.000,2009,10,31,18,29012KT,18,12
2009-10-31 19:00:00.000,2009,10,31,19,29010KT,18,12
2009-10-31 20:00:00.000,2009,10,31,20,33011KT,16,12
2009-10-31 21:00:00.000,2009,10,31,21,29010KT,17,12
2009-10-31 22:00:00.000,2009,10,31,22,31010KT,15,11
2009-10-31 23:00:00.000,2009,10,31,23,30006KT,14,11
2009-11-01 00:00:00.000,2009,11,1,0,30008KT,13,11
2009-11-01 01:00:00.000,2009,11,1,1,30004KT,13,11
2009-11-01 03:00:00.000,2009,11,1,3,01008KT,13,11
2009-11-01 04:00:00.000,2009,11,1,4,36005KT,13,10
2009-11-01 05:00:00.000,2009,11,1,5,29006KT,12,10
2009-11-01 07:00:00.000,2009,11,1,7,07004KT,11,10
2009-11-01 08:00:00.000,2009,11,1,8,14003KT,11,10
2009-11-01 09:00:00.000,2009,11,1,9,VRB02KT,11,11
2009-11-01 10:00:00.000,2009,11,1,10,VRB02KT,11,10
2009-11-01 11:00:00.000,2009,11,1,11,VRB02KT,11,10
2009-11-01 12:00:00.000,2009,11,1,12,VRB02KT,11,11
2009-11-01 13:00:00.000,2009,11,1,13,VRB02KT,13,11
2009-11-01 14:00:00.000,2009,11,1,14,VRB02KT,14,10
2009-11-01 15:00:00.000,2009,11,1,15,23005KT,16,11
2009-11-01 16:00:00.000,2009,11,1,16,33005KT,17,12
2009-11-01 17:00:00.000,2009,11,1,17,29008KT,18,11
2009-11-01 18:00:00.000,2009,11,1,18,31014KT,19,12
2009-11-01 19:00:00.000,2009,11,1,19,32018KT,19,10
2009-11-01 20:00:00.000,2009,11,1,20,32018KT,19,09
2009-11-01 21:00:00.000,2009,11,1,21,33010KT,17,12
2009-11-01 22:00:00.000,2009,11,1,22,30010KT,16,11
2009-11-01 23:00:00.000,2009,11,1,23,31005KT,14,10
2009-11-02 00:00:00.000,2009,11,2,0,30006KT,14,11
2009-11-02 01:00:00.000,2009,11,2,1,VRB02KT,14,11
2009-11-02 02:00:00.000,2009,11,2,2,29003KT,13,10
2009-11-02 03:00:00.000,2009,11,2,3,03004KT,13,11
2009-11-02 04:00:00.000,2009,11,2,4,33004KT,13,11
2009-11-02 05:00:00.000,2009,11,2,5,31003KT,13,11
2009-11-02 06:00:00.000,2009,11,2,6,34003KT,12,10
2009-11-02 07:00:00.000,2009,11,2,7,33003KT,12,10
2009-11-02 08:00:00.000,2009,11,2,8,35004KT,12,10
2009-11-02 09:00:00.000,2009,11,2,9,VRB02KT,12,11
2009-11-02 10:00:00.000,2009,11,2,10,00000KT,11,11
2009-11-02 11:00:00.000,2009,11,2,11,00000KT,11,11
2009-11-02 12:00:00.000,2009,11,2,12,04003KT,11,10
2009-11-02 13:00:00.000,2009,11,2,13,09003KT,11,11
2009-11-02 14:00:00.000,2009,11,2,14,12003KT,14,11
2009-11-02 15:00:00.000,2009,11,2,15,09003KT,15,11
2009-11-02 16:00:00.000,2009,11,2,16,32005KT,17,11
2009-11-02 17:00:00.000,2009,11,2,17,28003KT,17,11
2009-11-02 19:00:00.000,2009,11,2,19,35009KT,19,09
2009-11-02 20:00:00.000,2009,11,2,20,30014KT,19,09
2009-11-02 21:00:00.000,2009,11,2,21,24010KT,16,12
2009-11-02 22:00:00.000,2009,11,2,22,34007KT,14,11
2009-11-02 23:00:00.000,2009,11,2,23,27004KT,13,11
2009-11-03 00:00:00.000,2009,11,3,0,33004KT,13,11
2009-11-03 01:00:00.000,2009,11,3,1,27004KT,13,11
2009-11-03 02:00:00.000,2009,11,3,2,30006KT,13,11
2009-11-03 03:00:00.000,2009,11,3,3,33003KT,13,11
2009-11-03 04:00:00.000,2009,11,3,4,3107KT,12,11
2009-11-03 05:00:00.000,2009,11,3,5,32005KT,12,11
2009-11-03 06:00:00.000,2009,11,3,6,34005KT,12,11
2009-11-03 13:00:00.000,2009,11,3,13,VRB02KT,14,11
2009-11-03 14:00:00.000,2009,11,3,14,VRB02KT,15,11
2009-11-03 15:00:00.000,2009,11,3,15,VRB02KT,16,11
2009-11-03 16:00:00.000,2009,11,3,16,32007KT,15,11
2009-11-03 18:00:00.000,2009,11,3,18,34012KT,18,12
2009-11-03 19:00:00.000,2009,11,3,19,34010KT,18,11
2009-11-03 20:00:00.000,2009,11,3,20,33014KT,16,12
2009-11-03 21:00:00.000,2009,11,3,21,31015KT,15,11
2009-11-03 22:00:00.000,2009,11,3,22,31012KT,14,11
2009-11-03 23:00:00.000,2009,11,3,23,32005KT,13,10
2009-11-04 00:00:00.000,2009,11,4,0,25003KT,13,10
2009-11-04 01:00:00.000,2009,11,4,1,32004KT,13,11
2009-11-04 02:00:00.000,2009,11,4,2,00000KT,13,11
2009-11-04 03:00:00.000,2009,11,4,3,18006KT,13,11
2009-11-04 04:00:00.000,2009,11,4,4,26003KT,13,11
2009-11-04 05:00:00.000,2009,11,4,5,00000KT,13,11
2009-11-04 06:00:00.000,2009,11,4,6,VRB02KT,13,11
2009-11-04 07:00:00.000,2009,11,4,7,VRB02KT,13,12
2009-11-04 08:00:00.000,2009,11,4,8,VRB02KT,13,12
2009-11-04 09:00:00.000,2009,11,4,9,VRB02KT,12,11
2009-11-04 11:00:00.000,2009,11,4,11,00000KT,12,11
2009-11-04 12:00:00.000,2009,11,4,12,VRB02KT,12,11
2009-11-04 13:00:00.000,2009,11,4,13,VRB02KT,14,11
2009-11-04 14:00:00.000,2009,11,4,14,VRB02KT,17,12
2009-11-04 15:00:00.000,2009,11,4,15,29005KT,18,11
2009-11-04 16:00:00.000,2009,11,4,16,30008KT,18,10
2009-11-04 17:00:00.000,2009,11,4,17,29008KT,19,11
2009-11-04 19:00:00.000,2009,11,4,19,33014KT,20,12
2009-11-04 20:00:00.000,2009,11,4,20,32012KT,18,12
2009-11-04 21:00:00.000,2009,11,4,21,30010KT,18,12
2009-11-04 22:00:00.000,2009,11,4,22,32008KT,17,12
2009-11-04 23:00:00.000,2009,11,4,23,22006KT,15,12
2009-11-05 01:00:00.000,2009,11,5,1,26004KT,14,11
2009-11-05 02:00:00.000,2009,11,5,2,27004KT,13,11
2009-11-05 03:00:00.000,2009,11,5,3,30004KT,12,11
2009-11-05 04:00:00.000,2009,11,5,4,VRB02KT,12,11
2009-11-05 05:00:00.000,2009,11,5,5,00000KT,13,11
2009-11-05 06:00:00.000,2009,11,5,6,VRB02KT,12,11
2009-11-05 07:00:00.000,2009,11,5,7,32004KT,10,10
2009-11-05 08:00:00.000,2009,11,5,8,VRB02KT,11,10
2009-11-05 09:00:00.000,2009,11,5,9,32006KT,11,10
2009-11-05 10:00:00.000,2009,11,5,10,32003KT,11,10
2009-11-05 11:00:00.000,2009,11,5,11,28004KT,12,11
2009-11-05 12:00:00.000,2009,11,5,12,27003KT,13,12
2009-11-05 13:00:00.000,2009,11,5,13,VRB02KT,15,12
2009-11-05 14:00:00.000,2009,11,5,14,15006KT,17,12
2009-11-05 15:00:00.000,2009,11,5,15,32004KT,19,11
2009-11-05 16:00:00.000,2009,11,5,16,33004KT,19,11
2009-11-05 17:00:00.000,2009,11,5,17,32012KT,20,10
2009-11-05 18:00:00.000,2009,11,5,18,26012KT,19,12
2009-11-05 19:00:00.000,2009,11,5,19,30016KT,19,11
2009-11-05 20:00:00.000,2009,11,5,20,25008KT,17,12
2009-11-05 21:00:00.000,2009,11,5,21,VRB02KT,16,11
2009-11-05 22:00:00.000,2009,11,5,22,34006KT,15,10
2009-11-05 23:00:00.000,2009,11,5,23,VRB02KT,14,12
2009-11-06 00:00:00.000,2009,11,6,0,34004KT,14,11
2009-11-06 01:00:00.000,2009,11,6,1,26005KT,13,12
2009-11-06 02:00:00.000,2009,11,6,2,21005KT,13,12
2009-11-06 03:00:00.000,2009,11,6,3,VRB02KT,13,12
2009-11-06 04:00:00.000,2009,11,6,4,VRB02KT,13,12
2009-11-06 05:00:00.000,2009,11,6,5,VRB02KT,11,10
2009-11-06 06:00:00.000,2009,11,6,6,34003KT,11,10
2009-11-06 07:00:00.000,2009,11,6,7,05005KT,11,11
2009-11-06 15:00:00.000,2009,11,6,15,29004KT,16,11
2009-11-06 16:00:00.000,2009,11,6,16,31007KT,17,11
2009-11-06 17:00:00.000,2009,11,6,17,34011KT,17,12
2009-11-06 18:00:00.000,2009,11,6,18,34011KT,18,12
2009-11-06 19:00:00.000,2009,11,6,19,32012KT,19,12
2009-11-06 21:00:00.000,2009,11,6,21,33010KT,17,12
2009-11-06 22:00:00.000,2009,11,6,22,30010KT,16,12
2009-11-06 23:00:00.000,2009,11,6,23,30010KT,15,12
2009-11-07 00:00:00.000,2009,11,7,0,30008KT,13,11
2009-11-07 01:00:00.000,2009,11,7,1,30007KT,13,12
2009-11-07 02:00:00.000,2009,11,7,2,31010KT,13,11
2009-11-07 03:00:00.000,2009,11,7,3,31008KT,13,11
2009-11-07 04:00:00.000,2009,11,7,4,32006KT,13,11
2009-11-07 05:00:00.000,2009,11,7,5,30004KT,12,11
2009-11-07 06:00:00.000,2009,11,7,6,VRB02KT,12,10
2009-11-07 07:00:00.000,2009,11,7,7,32005KT,12,11
2009-11-07 08:00:00.000,2009,11,7,8,VRB02KT,11,11
2009-11-07 09:00:00.000,2009,11,7,9,04005KT,11,11
2009-11-07 11:00:00.000,2009,11,7,11,VRB02KT,11,10
2009-11-07 13:00:00.000,2009,11,7,13,06004KT,14,11
2009-11-07 15:00:00.000,2009,11,7,15,28003KT,17,10
2009-11-07 16:00:00.000,2009,11,7,16,33010KT,18,11
2009-11-07 17:00:00.000,2009,11,7,17,31006KT,19,13
2009-11-07 19:00:00.000,2009,11,7,19,30008KT,17,12
2009-11-07 22:00:00.000,2009,11,7,22,27006KT,15,14
2009-11-08 02:00:00.000,2009,11,8,2,VRB02KT,14,11
2009-11-08 05:00:00.000,2009,11,8,5,13003KT,13,11
2009-11-08 06:00:00.000,2009,11,8,6,14004KT,13,11
2009-11-08 10:00:00.000,2009,11,8,10,VRB02KT,13,12
2009-11-08 12:00:00.000,2009,11,8,12,29004KT,12,11
2009-11-08 13:00:00.000,2009,11,8,13,VRB02KT,13,12
2009-11-08 14:00:00.000,2009,11,8,14,01004KT,14,11
2009-11-08 15:00:00.000,2009,11,8,15,02004KT,15,12
2009-11-08 17:00:00.000,2009,11,8,17,36006KT,19,10
2009-11-08 19:00:00.000,2009,11,8,19,18012KT,15,13
2009-11-08 20:00:00.000,2009,11,8,20,24006KT,16,12
2009-11-08 21:00:00.000,2009,11,8,21,27006KT,18,11
2009-11-08 22:00:00.000,2009,11,8,22,33006KT,16,13
2009-11-08 23:00:00.000,2009,11,8,23,33006KT,15,13
2009-11-09 00:00:00.000,2009,11,9,0,28004KT,14,13
2009-11-09 01:00:00.000,2009,11,9,1,26004KT,13,12
2009-11-09 02:00:00.000,2009,11,9,2,04003KT,12,12
2009-11-09 04:00:00.000,2009,11,9,4,31003KT,12,12
2009-11-09 05:00:00.000,2009,11,9,5,VRB02KT,12,11
2009-11-09 06:00:00.000,2009,11,9,6,VRB02KT,11,10
2009-11-09 07:00:00.000,2009,11,9,7,00000KT,10,10
2009-11-09 10:00:00.000,2009,11,9,10,VRB02KT,07,06
2009-11-09 12:00:00.000,2009,11,9,12,VRB02KT,09,08
2009-11-09 14:00:00.000,2009,11,9,14,VRB02KT,14,11
2009-11-09 15:00:00.000,2009,11,9,15,06006KT,18,10
2009-11-09 18:00:00.000,2009,11,9,18,28010KT,20,13
2009-11-09 19:00:00.000,2009,11,9,19,27005KT,20,12
2009-11-09 22:00:00.000,2009,11,9,22,24007KT,16,13
2009-11-09 23:00:00.000,2009,11,9,23,26003KT,15,13
2009-11-10 05:00:00.000,2009,11,10,5,05006KT,10,09
2009-11-10 16:00:00.000,2009,11,10,16,10008KT,20,09
2009-11-10 20:00:00.000,2009,11,10,20,30012KT,18,12
2009-11-10 22:00:00.000,2009,11,10,22,27006KT,17,11
2009-11-10 23:00:00.000,2009,11,10,23,27005KT,14,10
2009-11-11 00:00:00.000,2009,11,11,0,03003KT,13,10
2009-11-11 01:00:00.000,2009,11,11,1,02003KT,12,10
2009-11-11 02:00:00.000,2009,11,11,2,VRB02KT,11,09
2009-11-11 03:00:00.000,2009,11,11,3,VRB02KT,11,09
2009-11-11 04:00:00.000,2009,11,11,4,VRB02KT,12,10
2009-11-11 05:00:00.000,2009,11,11,5,04005KT,12,10
2009-11-11 06:00:00.000,2009,11,11,6,04003KT,10,09
2009-11-11 07:00:00.000,2009,11,11,7,06003KT,10,08
2009-11-11 08:00:00.000,2009,11,11,8,04006KT,09,08
2009-11-11 09:00:00.000,2009,11,11,9,06006KT,10,08
2009-11-11 10:00:00.000,2009,11,11,10,07004KT,09,08
2009-11-11 12:00:00.000,2009,11,11,12,02004KT,13,10
2009-11-11 13:00:00.000,2009,11,11,13,06008KT,14,11
2009-11-11 14:00:00.000,2009,11,11,14,04008KT,16,11
2009-11-11 15:00:00.000,2009,11,11,15,02004KT,18,10
2009-11-11 16:00:00.000,2009,11,11,16,12004KT,19,10
2009-11-11 17:00:00.000,2009,11,11,17,12010KT,20,09
2009-11-11 18:00:00.000,2009,11,11,18,11011KT,21,08
2009-11-11 19:00:00.000,2009,11,11,19,11008KT,19,09
2009-11-11 20:00:00.000,2009,11,11,20,26006KT,18,12
2009-11-11 21:00:00.000,2009,11,11,21,24009KT,18,12
2009-11-11 22:00:00.000,2009,11,11,22,24010KT,17,12
2009-11-11 23:00:00.000,2009,11,11,23,28005KT,15,12
2009-11-12 00:00:00.000,2009,11,12,0,30004KT,14,12
2009-11-12 01:00:00.000,2009,11,12,1,VRB02KT,12,11
2009-11-12 02:00:00.000,2009,11,12,2,00000KT,12,12
2009-11-12 03:00:00.000,2009,11,12,3,VRB02KT,12,12
2009-11-12 04:00:00.000,2009,11,12,4,VRB02KT,11,10
2009-11-12 05:00:00.000,2009,11,12,5,01006KT,11,10
2009-11-12 07:00:00.000,2009,11,12,7,03006KT,11,10
2009-11-12 08:00:00.000,2009,11,12,8,33005KT,11,09
2009-11-12 09:00:00.000,2009,11,12,9,33003KT,10,09
2009-11-12 10:00:00.000,2009,11,12,10,VRB02KT,09,08
2009-11-12 11:00:00.000,2009,11,12,11,VRB02KT,09,08
2009-11-12 12:00:00.000,2009,11,12,12,05003KT,12,11
2009-11-12 13:00:00.000,2009,11,12,13,05006KT,14,11
2009-11-12 14:00:00.000,2009,11,12,14,08006KT,17,10
2009-11-12 15:00:00.000,2009,11,12,15,18004KT,19,09
2009-11-12 16:00:00.000,2009,11,12,16,15004KT,19,09
2009-11-12 17:00:00.000,2009,11,12,17,03006KT,17,10
2009-11-12 18:00:00.000,2009,11,12,18,09006KT,18,08
2009-11-12 19:00:00.000,2009,11,12,19,25010KT,19,13
2009-11-12 20:00:00.000,2009,11,12,20,22012KT,18,13
2009-11-12 21:00:00.000,2009,11,12,21,22010KT,17,12
2009-11-12 22:00:00.000,2009,11,12,22,21010KT,16,12
2009-11-12 23:00:00.000,2009,11,12,23,01005KT,13,12
2009-11-13 00:00:00.000,2009,11,13,0,VRB02KT,14,13
2009-11-13 01:00:00.000,2009,11,13,1,21003KT,14,12
2009-11-13 02:00:00.000,2009,11,13,2,VRB02KT,14,11
2009-11-13 03:00:00.000,2009,11,13,3,05005KT,13,11
2009-11-13 04:00:00.000,2009,11,13,4,05003KT,12,10
2009-11-13 05:00:00.000,2009,11,13,5,VRB03KT,12,10
2009-11-13 08:00:00.000,2009,11,13,8,05005KT,12,10
2009-11-13 09:00:00.000,2009,11,13,9,05004KT,12,10
2009-11-13 10:00:00.000,2009,11,13,10,05004KT,12,10
2009-11-13 11:00:00.000,2009,11,13,11,00000KT,12,10
2009-11-13 12:00:00.000,2009,11,13,12,02004KT,13,11
2009-11-13 13:00:00.000,2009,11,13,13,30003KT,14,11
2009-11-13 14:00:00.000,2009,11,13,14,02006KT,15,12
2009-11-13 15:00:00.000,2009,11,13,15,07004KT,16,10
2009-11-13 17:00:00.000,2009,11,13,17,13008KT,18,09
2009-11-13 18:00:00.000,2009,11,13,18,08008KT,19,10
2009-11-13 19:00:00.000,2009,11,13,19,10010KT,18,09
2009-11-13 20:00:00.000,2009,11,13,20,13004KT,18,09
2009-11-13 21:00:00.000,2009,11,13,21,20004KT,18,10
2009-11-13 22:00:00.000,2009,11,13,22,30004KT,18,11
2009-11-13 23:00:00.000,2009,11,13,23,27004KT,16,12
2009-11-14 00:00:00.000,2009,11,14,0,03003KT,13,11
2009-11-14 01:00:00.000,2009,11,14,1,VRB02KT,13,11
2009-11-14 02:00:00.000,2009,11,14,2,01003KT,13,11
2009-11-14 03:00:00.000,2009,11,14,3,33003KT,11,10
2009-11-14 04:00:00.000,2009,11,14,4,32003KT,10,09
2009-11-14 05:00:00.000,2009,11,14,5,06003KT,10,09
2009-11-14 06:00:00.000,2009,11,14,6,VRB02KT,11,10
2009-11-14 07:00:00.000,2009,11,14,7,VRB02KT,10,09
2009-11-14 08:00:00.000,2009,11,14,8,VRB02KT,10,09
2009-11-14 09:00:00.000,2009,11,14,9,VRB02KT,10,09
2009-11-14 10:00:00.000,2009,11,14,10,VRB02KT,10,09
2009-11-14 11:00:00.000,2009,11,14,11,VRB02KT,10,09
2009-11-14 12:00:00.000,2009,11,14,12,VRB02KT,11,10
2009-11-14 13:00:00.000,2009,11,14,13,07004KT,15,11
2009-11-14 14:00:00.000,2009,11,14,14,03004KT,16,11
2009-11-14 15:00:00.000,2009,11,14,15,05008KT,17,10
2009-11-14 16:00:00.000,2009,11,14,16,06007KT,18,10
2009-11-14 17:00:00.000,2009,11,14,17,08006KT,19,10
2009-11-14 19:00:00.000,2009,11,14,19,24006KT,15,13
2009-11-14 21:00:00.000,2009,11,14,21,31008KT,15,12
2009-11-15 02:00:00.000,2009,11,15,2,VRB02KT,11,10
2009-11-15 03:00:00.000,2009,11,15,3,VRB02KT,11,11
2009-11-15 04:00:00.000,2009,11,15,4,VRB02KT,11,11
2009-11-15 05:00:00.000,2009,11,15,5,VRB02KT,11,11
2009-11-15 06:00:00.000,2009,11,15,6,VRB02KT,11,11
2009-11-15 07:00:00.000,2009,11,15,7,03005KT,11,10
2009-11-15 08:00:00.000,2009,11,15,8,04004KT,11,10
2009-11-15 09:00:00.000,2009,11,15,9,VRB02KT,09,09
2009-11-15 10:00:00.000,2009,11,15,10,VRB02KT,08,08
2009-11-15 11:00:00.000,2009,11,15,11,00000KT,07,07
2009-11-15 12:00:00.000,2009,11,15,12,08004KT,12,10
2009-11-15 13:00:00.000,2009,11,15,13,31004KT,14,11
2009-11-15 14:00:00.000,2009,11,15,14,VRB02KT,16,11
2009-11-15 15:00:00.000,2009,11,15,15,VRB02KT,18,11
2009-11-17 13:00:00.000,2009,11,17,13,VRB02KT,14,12
2009-11-17 14:00:00.000,2009,11,17,14,VRB02KT,17,12
2009-11-17 15:00:00.000,2009,11,17,15,30004KT,18,12
2009-11-17 17:00:00.000,2009,11,17,17,VRB02KT,19,09
2009-11-17 18:00:00.000,2009,11,17,18,27008KT,16,14
2009-11-17 21:00:00.000,2009,11,17,21,27007KT,18,13
2009-11-17 22:00:00.000,2009,11,17,22,27006KT,17,12
2009-11-17 23:00:00.000,2009,11,17,23,21004KT,15,11
2009-11-18 02:00:00.000,2009,11,18,2,23004KT,14,12
2009-11-18 03:00:00.000,2009,11,18,3,35003KT,14,12
2009-11-18 04:00:00.000,2009,11,18,4,21004KT,14,12
2009-11-18 05:00:00.000,2009,11,18,5,21003KT,13,12
2009-11-18 07:00:00.000,2009,11,18,7,02003KT,14,12
2009-11-18 13:00:00.000,2009,11,18,13,05007KT,16,12
2009-11-18 15:00:00.000,2009,11,18,15,11008KT,19,11
2009-11-18 16:00:00.000,2009,11,18,16,04010KT,19,12
2009-11-18 17:00:00.000,2009,11,18,17,04010KT,18,11
2009-11-18 18:00:00.000,2009,11,18,18,07010KT,18,11
2009-11-18 19:00:00.000,2009,11,18,19,11009KT,19,10
2009-11-18 20:00:00.000,2009,11,18,20,21009KT,19,13
2009-11-18 21:00:00.000,2009,11,18,21,22007KT,18,12
2009-11-18 22:00:00.000,2009,11,18,22,21007KT,17,12
2009-11-19 01:00:00.000,2009,11,19,1,VRB02KT,13,12
2009-11-19 05:00:00.000,2009,11,19,5,04005KT,12,10
2009-11-19 12:00:00.000,2009,11,19,12,09005KT,13,10
2009-11-19 13:00:00.000,2009,11,19,13,04006KT,15,10
2009-11-19 14:00:00.000,2009,11,19,14,05009KT,17,10
2009-11-19 15:00:00.000,2009,11,19,15,04012KT,18,11
2009-11-19 16:00:00.000,2009,11,19,16,11010KT,19,09
2009-11-19 17:00:00.000,2009,11,19,17,10010KT,20,09
2009-11-19 18:00:00.000,2009,11,19,18,14007KT,19,10
2009-11-19 19:00:00.000,2009,11,19,19,03008KT,19,11
2009-11-19 20:00:00.000,2009,11,19,20,VRB02KT,20,10
2009-11-19 21:00:00.000,2009,11,19,21,23006KT,19,14
2009-11-19 22:00:00.000,2009,11,19,22,24009KT,17,13
2009-11-19 23:00:00.000,2009,11,19,23,25005KT,15,13
2009-11-20 00:00:00.000,2009,11,20,0,29004KT,14,12
2009-11-20 01:00:00.000,2009,11,20,1,32004KT,13,11
2009-11-20 02:00:00.000,2009,11,20,2,VRB02KT,13,11
2009-11-20 03:00:00.000,2009,11,20,3,02006KT,12,11
2009-11-20 04:00:00.000,2009,11,20,4,02006KT,11,09
2009-11-20 05:00:00.000,2009,11,20,5,04004KT,11,09
2009-11-20 06:00:00.000,2009,11,20,6,02006KT,10,09
2009-11-20 07:00:00.000,2009,11,20,7,20004KT,10,09
2009-11-20 08:00:00.000,2009,11,20,8,04004KT,10,09
2009-11-20 09:00:00.000,2009,11,20,9,05006KT,09,08
2009-11-20 10:00:00.000,2009,11,20,10,04005KT,09,08
2009-11-20 11:00:00.000,2009,11,20,11,05008KT,10,09
2009-11-20 12:00:00.000,2009,11,20,12,06010KT,13,09
2009-11-20 13:00:00.000,2009,11,20,13,11010KT,16,09
2009-11-20 14:00:00.000,2009,11,20,14,13010KT,18,08
2009-11-20 15:00:00.000,2009,11,20,15,13012KT,18,09
2009-11-20 16:00:00.000,2009,11,20,16,10012KT,18,09
2009-11-20 17:00:00.000,2009,11,20,17,09010KT,19,09
2009-11-20 18:00:00.000,2009,11,20,18,16015KT,19,09
2009-11-20 19:00:00.000,2009,11,20,19,18010KT,21,09
2009-11-20 20:00:00.000,2009,11,20,20,20011KT,20,09
2009-11-20 21:00:00.000,2009,11,20,21,23014KT,19,11
2009-11-20 22:00:00.000,2009,11,20,22,25008KT,17,12
2009-11-20 23:00:00.000,2009,11,20,23,24003KT,14,11
2009-11-21 00:00:00.000,2009,11,21,0,VRB02KT,13,12
2009-11-21 01:00:00.000,2009,11,21,1,VRB02KT,12,11
2009-11-21 02:00:00.000,2009,11,21,2,05006KT,12,10
2009-11-21 03:00:00.000,2009,11,21,3,03004KT,11,09
2009-11-21 04:00:00.000,2009,11,21,4,04003KT,10,09
2009-11-21 05:00:00.000,2009,11,21,5,VRB02KT,10,08
2009-11-21 06:00:00.000,2009,11,21,6,03005KT,08,08
2009-11-21 07:00:00.000,2009,11,21,7,05009KT,11,09
2009-11-21 08:00:00.000,2009,11,21,8,04008KT,11,10
2009-11-21 09:00:00.000,2009,11,21,9,04003KT,11,10
2009-11-21 10:00:00.000,2009,11,21,10,07004KT,12,10
2009-11-21 11:00:00.000,2009,11,21,11,06004KT,12,10
2009-11-21 12:00:00.000,2009,11,21,12,04006KT,13,11
2009-11-21 13:00:00.000,2009,11,21,13,06008KT,15,11
2009-11-21 14:00:00.000,2009,11,21,14,02010KT,16,10
2009-11-21 15:00:00.000,2009,11,21,15,06008KT,17,10
2009-11-21 16:00:00.000,2009,11,21,16,04010KT,18,10
2009-11-21 17:00:00.000,2009,11,21,17,13009KT,18,11
2009-11-21 18:00:00.000,2009,11,21,18,14015KT,18,10
2009-11-21 19:00:00.000,2009,11,21,19,08004KT,20,11
2009-11-21 20:00:00.000,2009,11,21,20,04009KT,18,11
2009-11-21 21:00:00.000,2009,11,21,21,11007KT,18,10
2009-11-21 22:00:00.000,2009,11,21,22,08005KT,17,10
2009-11-21 23:00:00.000,2009,11,21,23,06005KT,16,10
2009-11-22 00:00:00.000,2009,11,22,0,11006KT,15,10
2009-11-22 01:00:00.000,2009,11,22,1,10008KT,15,10
2009-11-22 02:00:00.000,2009,11,22,2,09010KT,15,10
2009-11-22 03:00:00.000,2009,11,22,3,07008KT,15,10
2009-11-22 04:00:00.000,2009,11,22,4,04006KT,14,11
2009-11-22 05:00:00.000,2009,11,22,5,VRB02KT,14,11
2009-11-22 06:00:00.000,2009,11,22,6,07003KT,14,11
2009-11-22 07:00:00.000,2009,11,22,7,04005KT,13,11
2009-11-22 08:00:00.000,2009,11,22,8,09005KT,13,11
2009-11-22 09:00:00.000,2009,11,22,9,08006KT,14,10
2009-11-22 10:00:00.000,2009,11,22,10,06006KT,14,11
2009-11-22 11:00:00.000,2009,11,22,11,04006KT,13,11
2009-11-22 12:00:00.000,2009,11,22,12,03006KT,13,11
2009-11-22 13:00:00.000,2009,11,22,13,06010KT,15,11
2009-11-22 14:00:00.000,2009,11,22,14,05012KT,17,11
2009-11-22 15:00:00.000,2009,11,22,15,09014KT,18,10
2009-11-22 16:00:00.000,2009,11,22,16,10016KT,19,09
2009-11-22 17:00:00.000,2009,11,22,17,08012KT,18,10
2009-11-22 19:00:00.000,2009,11,22,19,12010KT,18,10
2009-11-22 20:00:00.000,2009,11,22,20,10010KT,19,11
2009-11-22 21:00:00.000,2009,11,22,21,08006KT,19,10
2009-11-22 22:00:00.000,2009,11,22,22,09008KT,19,09
2009-11-22 23:00:00.000,2009,11,22,23,14010KT,16,09
2009-11-23 00:00:00.000,2009,11,23,0,10008KT,15,09
2009-11-23 01:00:00.000,2009,11,23,1,08005KT,14,09
2009-11-23 03:00:00.000,2009,11,23,3,06008KT,12,08
2009-11-23 04:00:00.000,2009,11,23,4,05005KT,11,09
2009-11-23 05:00:00.000,2009,11,23,5,05005KT,11,09
2009-11-23 06:00:00.000,2009,11,23,6,05010KT,11,09
2009-11-23 08:00:00.000,2009,11,23,8,05008KT,10,08
2009-11-23 09:00:00.000,2009,11,23,9,04008KT,10,09
2009-11-23 10:00:00.000,2009,11,23,10,07006KT,10,09
2009-11-23 11:00:00.000,2009,11,23,11,05008KT,09,07
2009-11-23 12:00:00.000,2009,11,23,12,06005KT,12,09
2009-11-23 13:00:00.000,2009,11,23,13,06007KT,15,09
2009-11-23 14:00:00.000,2009,11,23,14,07009KT,16,09
2009-11-23 15:00:00.000,2009,11,23,15,09009KT,17,09
2009-11-23 16:00:00.000,2009,11,23,16,09007KT,18,09
2009-11-23 17:00:00.000,2009,11,23,17,06012KT,20,09
2009-11-23 18:00:00.000,2009,11,23,18,09008KT,19,08
2009-11-23 19:00:00.000,2009,11,23,19,08010KT,20,08
2009-11-23 20:00:00.000,2009,11,23,20,09008KT,19,08
2009-11-23 21:00:00.000,2009,11,23,21,06010KT,19,08
2009-11-23 22:00:00.000,2009,11,23,22,10010KT,18,08
2009-11-23 23:00:00.000,2009,11,23,23,13008KT,16,07
2009-11-24 00:00:00.000,2009,11,24,0,12010KT,14,07
2009-11-24 01:00:00.000,2009,11,24,1,07006KT,13,06
2009-11-24 02:00:00.000,2009,11,24,2,01006KT,12,08
2009-11-24 03:00:00.000,2009,11,24,3,03004KT,12,08
2009-11-24 04:00:00.000,2009,11,24,4,02004KT,10,07
2009-11-24 05:00:00.000,2009,11,24,5,04004KT,08,07
2009-11-24 06:00:00.000,2009,11,24,6,05004KT,07,07
2009-11-24 07:00:00.000,2009,11,24,7,05004KT,07,06
2009-11-24 08:00:00.000,2009,11,24,8,33004KT,06,06
2009-11-24 09:00:00.000,2009,11,24,9,05004KT,05,05
2009-11-24 10:00:00.000,2009,11,24,10,08004KT,06,05
2009-11-24 11:00:00.000,2009,11,24,11,02004KT,05,04
2009-11-24 13:00:00.000,2009,11,24,13,06007KT,13,09
2009-11-24 14:00:00.000,2009,11,24,14,06008KT,16,08
2009-11-24 15:00:00.000,2009,11,24,15,11007KT,17,08
2009-11-24 16:00:00.000,2009,11,24,16,12008KT,18,08
2009-11-24 17:00:00.000,2009,11,24,17,09006KT,20,08
2009-11-24 18:00:00.000,2009,11,24,18,14009KT,20,07
2009-11-24 19:00:00.000,2009,11,24,19,10011KT,20,07
2009-11-24 20:00:00.000,2009,11,24,20,13007KT,19,07
2009-11-24 21:00:00.000,2009,11,24,21,10010KT,19,08
2009-11-24 22:00:00.000,2009,11,24,22,11015KT,17,08
2009-11-24 23:00:00.000,2009,11,24,23,23005KT,16,08
2009-11-25 00:00:00.000,2009,11,25,0,VRB02KT,13,11
2009-11-25 01:00:00.000,2009,11,25,1,34003KT,12,11
2009-11-25 02:00:00.000,2009,11,25,2,00000KT,11,11
2009-11-25 03:00:00.000,2009,11,25,3,03004KT,10,08
2009-11-25 04:00:00.000,2009,11,25,4,04007KT,09,08
2009-11-25 05:00:00.000,2009,11,25,5,VRB02KT,09,09
2009-11-25 06:00:00.000,2009,11,25,6,VRB02KT,06,05
2009-11-25 07:00:00.000,2009,11,25,7,VRB02KT,07,07
2009-11-25 09:00:00.000,2009,11,25,9,09003KT,04,04
2009-11-25 10:00:00.000,2009,11,25,10,00000KT,03,03
2009-11-25 11:00:00.000,2009,11,25,11,00000KT,04,04
2009-11-25 12:00:00.000,2009,11,25,12,VRB02KT,09,09
2009-11-25 13:00:00.000,2009,11,25,13,01003KT,13,11
2009-11-25 14:00:00.000,2009,11,25,14,31003KT,17,10
2009-11-25 15:00:00.000,2009,11,25,15,09006KT,18,09
2009-11-25 16:00:00.000,2009,11,25,16,07004KT,19,08
2009-11-25 17:00:00.000,2009,11,25,17,20006KT,19,09
2009-11-25 18:00:00.000,2009,11,25,18,30004KT,19,08
2009-11-25 19:00:00.000,2009,11,25,19,09007KT,20,07
2009-11-25 20:00:00.000,2009,11,25,20,09004KT,19,09
2009-11-25 21:00:00.000,2009,11,25,21,26008KT,19,13
2009-11-25 22:00:00.000,2009,11,25,22,25007KT,17,13
2009-11-25 23:00:00.000,2009,11,25,23,25005KT,14,12
2009-11-26 00:00:00.000,2009,11,26,0,VRB02KT,14,12
2009-11-26 01:00:00.000,2009,11,26,1,VRB02KT,14,12
2009-11-26 02:00:00.000,2009,11,26,2,VRB02KT,13,12
2009-11-26 03:00:00.000,2009,11,26,3,05004KT,13,11
2009-11-26 04:00:00.000,2009,11,26,4,05004KT,12,10
2009-11-26 05:00:00.000,2009,11,26,5,05004KT,12,10
2009-11-26 06:00:00.000,2009,11,26,6,34005KT,10,09
2009-11-26 07:00:00.000,2009,11,26,7,03003KT,09,08
2009-11-26 08:00:00.000,2009,11,26,8,VRB02KT,09,08
2009-11-26 09:00:00.000,2009,11,26,9,VRB02KT,09,08
2009-11-26 10:00:00.000,2009,11,26,10,07004KT,08,07
2009-11-26 11:00:00.000,2009,11,26,11,04004KT,08,08
2009-11-26 12:00:00.000,2009,11,26,12,02004KT,09,09
2009-11-26 13:00:00.000,2009,11,26,13,05004KT,11,11
2009-11-26 14:00:00.000,2009,11,26,14,05003KT,15,11
2009-11-26 15:00:00.000,2009,11,26,15,11003KT,17,10
2009-11-26 16:00:00.000,2009,11,26,16,12007KT,18,09
2009-11-26 17:00:00.000,2009,11,26,17,12011KT,20,08
2009-11-26 18:00:00.000,2009,11,26,18,11010KT,20,09
2009-11-26 19:00:00.000,2009,11,26,19,12012KT,20,09
2009-11-26 20:00:00.000,2009,11,26,20,12008KT,20,09
2009-11-26 21:00:00.000,2009,11,26,21,VRB02KT,18,10
2009-11-26 22:00:00.000,2009,11,26,22,23006KT,17,12
2009-11-26 23:00:00.000,2009,11,26,23,VRB02KT,17,13
2009-11-27 00:00:00.000,2009,11,27,0,28004KT,13,12
2009-11-27 01:00:00.000,2009,11,27,1,VRB02KT,13,10
2009-11-27 02:00:00.000,2009,11,27,2,04006KT,12,09
2009-11-27 03:00:00.000,2009,11,27,3,04005KT,11,09
2009-11-27 04:00:00.000,2009,11,27,4,01004KT,10,08
2009-11-27 05:00:00.000,2009,11,27,5,05005KT,10,09
2009-11-27 06:00:00.000,2009,11,27,6,05006KT,10,09
2009-11-27 07:00:00.000,2009,11,27,7,04006KT,09,08
2009-11-27 08:00:00.000,2009,11,27,8,09003KT,10,09
2009-11-27 09:00:00.000,2009,11,27,9,04003KT,08,07
2009-11-27 10:00:00.000,2009,11,27,10,34004KT,08,07
2009-11-27 11:00:00.000,2009,11,27,11,12003KT,07,07
2009-11-27 12:00:00.000,2009,11,27,12,04003KT,11,09
2009-11-27 13:00:00.000,2009,11,27,13,06006KT,15,10
2009-11-27 14:00:00.000,2009,11,27,14,07006KT,17,10
2009-11-27 15:00:00.000,2009,11,27,15,07007KT,19,10
2009-11-27 16:00:00.000,2009,11,27,16,05007KT,20,10
2009-11-27 17:00:00.000,2009,11,27,17,13010KT,21,08
2009-11-27 18:00:00.000,2009,11,27,18,20009KT,21,08
2009-11-27 19:00:00.000,2009,11,27,19,22005KT,21,08
2009-11-27 20:00:00.000,2009,11,27,20,26006KT,20,12
2009-11-27 21:00:00.000,2009,11,27,21,34010KT,19,13
2009-11-27 22:00:00.000,2009,11,27,22,27008KT,17,13
2009-11-27 23:00:00.000,2009,11,27,23,27005KT,15,13
2009-11-28 00:00:00.000,2009,11,28,0,28004KT,13,12
2009-11-28 01:00:00.000,2009,11,28,1,34004KT,14,13
2009-11-28 02:00:00.000,2009,11,28,2,29004KT,14,13
2009-11-28 03:00:00.000,2009,11,28,3,35003KT,12,11
2009-11-28 04:00:00.000,2009,11,28,4,00000KT,12,12
2009-11-28 05:00:00.000,2009,11,28,5,VRB02KT,12,12
2009-11-28 06:00:00.000,2009,11,28,6,00000KT,10,10
2009-11-28 07:00:00.000,2009,11,28,7,04003KT,10,09
2009-11-28 08:00:00.000,2009,11,28,8,00000KT,10,10
2009-11-28 09:00:00.000,2009,11,28,9,05004KT,12,12
2009-11-28 10:00:00.000,2009,11,28,10,05005KT,11,10
2009-11-28 11:00:00.000,2009,11,28,11,00000KT,10,09
2009-11-28 12:00:00.000,2009,11,28,12,06005KT,12,10
2009-11-28 13:00:00.000,2009,11,28,13,02006KT,14,11
2009-11-28 14:00:00.000,2009,11,28,14,01003KT,16,11
2009-11-28 15:00:00.000,2009,11,28,15,05005KT,17,10
2009-11-28 16:00:00.000,2009,11,28,16,06004KT,18,09
2009-11-28 20:00:00.000,2009,11,28,20,28014KT,19,13
2009-11-28 21:00:00.000,2009,11,28,21,27012KT,18,13
2009-11-28 22:00:00.000,2009,11,28,22,27010KT,17,13
2009-11-28 23:00:00.000,2009,11,28,23,25006KT,16,12
2009-11-29 00:00:00.000,2009,11,29,0,23003KT,15,12
2009-11-29 01:00:00.000,2009,11,29,1,VRB02KT,15,12
2009-11-29 02:00:00.000,2009,11,29,2,VRB02KT,15,12
2009-11-29 03:00:00.000,2009,11,29,3,VRB02KT,15,12
2009-11-29 04:00:00.000,2009,11,29,4,34003KT,14,12
2009-11-29 05:00:00.000,2009,11,29,5,00000KT,14,13
2009-11-29 06:00:00.000,2009,11,29,6,34003KT,13,12
2009-11-29 08:00:00.000,2009,11,29,8,33003KT,13,12
2009-11-29 10:00:00.000,2009,11,29,10,05005KT,13,11
2009-11-29 11:00:00.000,2009,11,29,11,03004KT,14,11
2009-11-29 12:00:00.000,2009,11,29,12,04005KT,13,09
2009-11-29 13:00:00.000,2009,11,29,13,04006KT,14,09
2009-11-29 14:00:00.000,2009,11,29,14,05006KT,17,09
2009-11-29 15:00:00.000,2009,11,29,15,08004KT,18,09
2009-11-29 16:00:00.000,2009,11,29,16,VRB02KT,19,09
2009-11-29 17:00:00.000,2009,11,29,17,06003KT,20,09
2009-11-29 18:00:00.000,2009,11,29,18,26008KT,20,11
2009-11-29 19:00:00.000,2009,11,29,19,24010KT,20,13
2009-11-29 20:00:00.000,2009,11,29,20,28008KT,19,12
2009-11-29 21:00:00.000,2009,11,29,21,26008KT,17,12
2009-11-29 22:00:00.000,2009,11,29,22,26006KT,17,12
2009-11-29 23:00:00.000,2009,11,29,23,VRB02KT,15,12
2009-11-30 00:00:00.000,2009,11,30,0,27005KT,14,12
2009-11-30 01:00:00.000,2009,11,30,1,25004KT,14,13
2009-11-30 02:00:00.000,2009,11,30,2,VRB02KT,14,12
2009-11-30 03:00:00.000,2009,11,30,3,VRB02KT,14,13
2009-11-30 04:00:00.000,2009,11,30,4,VRB02KT,13,13
2009-11-30 05:00:00.000,2009,11,30,5,00000KT,13,13
2009-11-30 06:00:00.000,2009,11,30,6,VRB02KT,12,12
2009-11-30 07:00:00.000,2009,11,30,7,00000KT,13,12
2009-11-30 08:00:00.000,2009,11,30,8,06004KT,12,11
2009-11-30 09:00:00.000,2009,11,30,9,02005KT,11,10
2009-11-30 10:00:00.000,2009,11,30,10,24004KT,10,10
2009-11-30 11:00:00.000,2009,11,30,11,VRB02KT,09,09
2009-11-30 12:00:00.000,2009,11,30,12,04006KT,12,11
2009-11-30 13:00:00.000,2009,11,30,13,03006KT,15,12
2009-11-30 14:00:00.000,2009,11,30,14,09006KT,17,11
2009-11-30 15:00:00.000,2009,11,30,15,18006KT,18,11
2009-11-30 16:00:00.000,2009,11,30,16,21003KT,19,10
2009-11-30 21:00:00.000,2009,11,30,21,26012KT,18,13
2009-11-30 22:00:00.000,2009,11,30,22,24008KT,18,13
2009-11-30 23:00:00.000,2009,11,30,23,27006KT,15,12
2009-12-01 00:00:00.000,2009,12,1,0,22004KT,13,11
2009-12-01 01:00:00.000,2009,12,1,1,34003KT,13,11
2009-12-01 02:00:00.000,2009,12,1,2,31003KT,13,11
2009-12-01 03:00:00.000,2009,12,1,3,00000KT,12,11
2009-12-01 04:00:00.000,2009,12,1,4,06005KT,12,10
2009-12-01 05:00:00.000,2009,12,1,5,01005KT,12,09
2009-12-01 06:00:00.000,2009,12,1,6,06006KT,11,09
2009-12-01 08:00:00.000,2009,12,1,8,VRB02KT,10,09
2009-12-01 09:00:00.000,2009,12,1,9,06005KT,09,08
2009-12-01 10:00:00.000,2009,12,1,10,06003KT,09,08
2009-12-01 11:00:00.000,2009,12,1,11,10004KT,08,07
2009-12-01 12:00:00.000,2009,12,1,12,VRB02KT,11,09
2009-12-01 13:00:00.000,2009,12,1,13,04010KT,14,10
2009-12-01 14:00:00.000,2009,12,1,14,07006KT,16,10
2009-12-01 15:00:00.000,2009,12,1,15,04012KT,18,10
2009-12-01 16:00:00.000,2009,12,1,16,VRB02KT,19,08
2009-12-01 17:00:00.000,2009,12,1,17,VRB02KT,21,09
2009-12-01 18:00:00.000,2009,12,1,18,VRB02KT,21,08
2009-12-01 19:00:00.000,2009,12,1,19,31010KT,20,11
2009-12-01 20:00:00.000,2009,12,1,20,23014KT,20,12
2009-12-01 21:00:00.000,2009,12,1,21,21010KT,19,13
2009-12-01 22:00:00.000,2009,12,1,22,02008KT,16,11
2009-12-01 23:00:00.000,2009,12,1,23,31004KT,16,13
2009-12-02 00:00:00.000,2009,12,2,0,VRB02KT,14,13
2009-12-02 01:00:00.000,2009,12,2,1,VRB02KT,14,12
2009-12-02 02:00:00.000,2009,12,2,2,32003KT,12,12
2009-12-02 03:00:00.000,2009,12,2,3,04004KT,11,10
2009-12-02 04:00:00.000,2009,12,2,4,04004KT,10,09
2009-12-02 13:00:00.000,2009,12,2,13,07008KT,13,09
2009-12-02 14:00:00.000,2009,12,2,14,03010KT,15,10
2009-12-02 15:00:00.000,2009,12,2,15,13014KT,18,08
2009-12-02 16:00:00.000,2009,12,2,16,14011KT,20,07
2009-12-02 17:00:00.000,2009,12,2,17,11014KT,21,08
2009-12-02 18:00:00.000,2009,12,2,18,10012KT,20,07
2009-12-02 19:00:00.000,2009,12,2,19,16011KT,20,08
2009-12-02 20:00:00.000,2009,12,2,20,14010KT,20,09
2009-12-02 21:00:00.000,2009,12,2,21,14009KT,19,08
2009-12-02 22:00:00.000,2009,12,2,22,16005KT,19,07
2009-12-02 23:00:00.000,2009,12,2,23,09007KT,16,09
2009-12-03 00:00:00.000,2009,12,3,0,35003KT,15,09
2009-12-03 01:00:00.000,2009,12,3,1,VRB02KT,14,09
2009-12-03 02:00:00.000,2009,12,3,2,05006KT,14,09
2009-12-03 03:00:00.000,2009,12,3,3,VRB02KT,12,09
2009-12-03 04:00:00.000,2009,12,3,4,02005KT,11,09
2009-12-03 05:00:00.000,2009,12,3,5,04003KT,10,09
2009-12-03 06:00:00.000,2009,12,3,6,VRB02KT,09,08
2009-12-03 07:00:00.000,2009,12,3,7,VRB02KT,08,08
2009-12-03 08:00:00.000,2009,12,3,8,VRB02KT,07,06
2009-12-03 09:00:00.000,2009,12,3,9,VRB02KT,07,06
2009-12-03 10:00:00.000,2009,12,3,10,30004KT,06,06
2009-12-03 11:00:00.000,2009,12,3,11,33004KT,05,04
2009-12-03 12:00:00.000,2009,12,3,12,10004KT,08,08
2009-12-03 13:00:00.000,2009,12,3,13,06006KT,12,10
2009-12-03 14:00:00.000,2009,12,3,14,06003KT,15,10
2009-12-03 15:00:00.000,2009,12,3,15,01004KT,17,10
2009-12-03 16:00:00.000,2009,12,3,16,06006KT,18,10
2009-12-03 17:00:00.000,2009,12,3,17,13007KT,20,09
2009-12-03 18:00:00.000,2009,12,3,18,06010KT,21,09
2009-12-03 19:00:00.000,2009,12,3,19,05010KT,21,09
2009-12-03 20:00:00.000,2009,12,3,20,06009KT,20,09
2009-12-03 21:00:00.000,2009,12,3,21,28011KT,19,13
2009-12-03 22:00:00.000,2009,12,3,22,29008KT,16,13
2009-12-03 23:00:00.000,2009,12,3,23,32003KT,15,13
2009-12-04 00:00:00.000,2009,12,4,0,VRB02KT,14,12
2009-12-04 01:00:00.000,2009,12,4,1,VRB02KT,13,12
2009-12-04 02:00:00.000,2009,12,4,2,VRB02KT,13,12
2009-12-04 03:00:00.000,2009,12,4,3,02006KT,13,11
2009-12-04 04:00:00.000,2009,12,4,4,04004KT,11,09
2009-12-04 05:00:00.000,2009,12,4,5,03004KT,10,09
2009-12-04 06:00:00.000,2009,12,4,6,06006KT,09,08
2009-12-04 07:00:00.000,2009,12,4,7,VRB02KT,09,08
2009-12-04 08:00:00.000,2009,12,4,8,32004KT,07,06
2009-12-04 09:00:00.000,2009,12,4,9,05004KT,06,05
2009-12-04 10:00:00.000,2009,12,4,10,02006KT,05,05
2009-12-04 11:00:00.000,2009,12,4,11,VRB02KT,05,04
2009-12-04 12:00:00.000,2009,12,4,12,05008KT,08,07
2009-12-04 13:00:00.000,2009,12,4,13,06006KT,11,10
2009-12-04 14:00:00.000,2009,12,4,14,06008KT,16,07
2009-12-04 15:00:00.000,2009,12,4,15,04004KT,18,07
2009-12-04 16:00:00.000,2009,12,4,16,13003KT,20,04
2009-12-04 17:00:00.000,2009,12,4,17,05006KT,22,04
2009-12-04 18:00:00.000,2009,12,4,18,20008KT,21,11
2009-12-04 19:00:00.000,2009,12,4,19,27012KT,21,12
2009-12-04 20:00:00.000,2009,12,4,20,30010KT,20,12
2009-12-04 21:00:00.000,2009,12,4,21,27010KT,20,12
2009-12-04 22:00:00.000,2009,12,4,22,28008KT,17,12
2009-12-04 23:00:00.000,2009,12,4,23,30006KT,15,12
2009-12-05 00:00:00.000,2009,12,5,0,VRB02KT,14,12
2009-12-05 01:00:00.000,2009,12,5,1,00000KT,14,12
2009-12-05 02:00:00.000,2009,12,5,2,02003KT,13,12
2009-12-05 03:00:00.000,2009,12,5,3,07004KT,12,09
2009-12-05 04:00:00.000,2009,12,5,4,36003KT,10,08
2009-12-05 05:00:00.000,2009,12,5,5,11003KT,10,07
2009-12-05 06:00:00.000,2009,12,5,6,33003KT,09,08
2009-12-05 07:00:00.000,2009,12,5,7,VRB02KT,09,06
2009-12-05 08:00:00.000,2009,12,5,8,VRB02KT,08,06
2009-12-05 09:00:00.000,2009,12,5,9,25004KT,07,06
2009-12-05 10:00:00.000,2009,12,5,10,05003KT,06,05
2009-12-05 11:00:00.000,2009,12,5,11,34003KT,05,04
2009-12-05 12:00:00.000,2009,12,5,12,VRB02KT,07,07
2009-12-05 13:00:00.000,2009,12,5,13,07008KT,11,08
2009-12-05 14:00:00.000,2009,12,5,14,02004KT,15,09
2009-12-05 15:00:00.000,2009,12,5,15,06003KT,18,09
2009-12-05 16:00:00.000,2009,12,5,16,00000KT,19,07
2009-12-05 17:00:00.000,2009,12,5,17,00000KT,21,08
2009-12-05 18:00:00.000,2009,12,5,18,VRB02KT,22,07
2009-12-05 19:00:00.000,2009,12,5,19,25010KT,21,12
2009-12-05 20:00:00.000,2009,12,5,20,27012KT,20,13
2009-12-05 21:00:00.000,2009,12,5,21,30015KT,19,13
2009-12-05 22:00:00.000,2009,12,5,22,27010KT,17,13
2009-12-05 23:00:00.000,2009,12,5,23,27006KT,16,13
2009-12-06 00:00:00.000,2009,12,6,0,34003KT,15,13
2009-12-06 01:00:00.000,2009,12,6,1,30005KT,12,10
2009-12-06 02:00:00.000,2009,12,6,2,28004KT,13,11
2009-12-06 03:00:00.000,2009,12,6,3,VRB02KT,11,10
2009-12-06 04:00:00.000,2009,12,6,4,VRB02KT,11,10
2009-12-06 05:00:00.000,2009,12,6,5,VRB02KT,11,10
2009-12-06 06:00:00.000,2009,12,6,6,29004KT,10,09
2009-12-06 07:00:00.000,2009,12,6,7,34003KT,08,08
2009-12-06 08:00:00.000,2009,12,6,8,00000KT,10,10
2009-12-06 09:00:00.000,2009,12,6,9,VRB02KT,09,09
2009-12-06 10:00:00.000,2009,12,6,10,VRB02KT,10,09
2009-12-06 11:00:00.000,2009,12,6,11,30003KT,09,09
2009-12-06 12:00:00.000,2009,12,6,12,VRB02KT,10,09
2009-12-06 13:00:00.000,2009,12,6,13,04005KT,14,11
2009-12-06 14:00:00.000,2009,12,6,14,07004KT,16,10
2009-12-06 15:00:00.000,2009,12,6,15,03006KT,18,09
2009-12-06 16:00:00.000,2009,12,6,16,08005KT,19,08
2009-12-06 17:00:00.000,2009,12,6,17,04007KT,21,07
2009-12-06 18:00:00.000,2009,12,6,18,27012KT,20,11
2009-12-06 19:00:00.000,2009,12,6,19,26014KT,19,13
2009-12-06 20:00:00.000,2009,12,6,20,29013KT,19,13
2009-12-06 21:00:00.000,2009,12,6,21,25012KT,17,12
2009-12-06 22:00:00.000,2009,12,6,22,28008KT,16,13
2009-12-06 23:00:00.000,2009,12,6,23,26004KT,14,12
2009-12-07 00:00:00.000,2009,12,7,0,30003KT,14,12
2009-12-07 01:00:00.000,2009,12,7,1,30004KT,14,12
2009-12-07 02:00:00.000,2009,12,7,2,VRB02KT,14,12
2009-12-07 03:00:00.000,2009,12,7,3,VRB02KT,13,11
2009-12-07 04:00:00.000,2009,12,7,4,VRB02KT,10,09
2009-12-07 05:00:00.000,2009,12,7,5,VRB02KT,09,08
2009-12-07 06:00:00.000,2009,12,7,6,VRB02KT,08,08
2009-12-07 07:00:00.000,2009,12,7,7,VRB02KT,05,04
2009-12-07 08:00:00.000,2009,12,7,8,VRB02KT,05,04
2009-12-07 09:00:00.000,2009,12,7,9,03005KT,04,03
2009-12-07 10:00:00.000,2009,12,7,10,06004KT,07,06
2009-12-07 11:00:00.000,2009,12,7,11,04004KT,07,07
2009-12-07 12:00:00.000,2009,12,7,12,05006KT,08,08
2009-12-07 13:00:00.000,2009,12,7,13,04004KT,10,09
2009-12-07 14:00:00.000,2009,12,7,14,03007KT,14,08
2009-12-07 15:00:00.000,2009,12,7,15,03005KT,17,06
2009-12-07 16:00:00.000,2009,12,7,16,05006KT,19,06
2009-12-07 17:00:00.000,2009,12,7,17,10014KT,21,04
2009-12-07 18:00:00.000,2009,12,7,18,11005KT,22,02
2009-12-07 19:00:00.000,2009,12,7,19,12007KT,22,04
2009-12-07 20:00:00.000,2009,12,7,20,25008KT,20,12
2009-12-07 21:00:00.000,2009,12,7,21,24007KT,19,11
2009-12-07 22:00:00.000,2009,12,7,22,27010KT,17,12
2009-12-07 23:00:00.000,2009,12,7,23,32005KT,15,12
2009-12-08 00:00:00.000,2009,12,8,0,33005KT,14,11
2009-12-08 01:00:00.000,2009,12,8,1,30003KT,13,11
2009-12-08 02:00:00.000,2009,12,8,2,36005KT,12,11
2009-12-08 03:00:00.000,2009,12,8,3,03004KT,11,06
2009-12-08 04:00:00.000,2009,12,8,4,06004KT,09,06
2009-12-08 05:00:00.000,2009,12,8,5,03003KT,08,06
2009-12-08 06:00:00.000,2009,12,8,6,04003KT,07,06
2009-12-08 07:00:00.000,2009,12,8,7,32003KT,06,05
2009-12-08 08:00:00.000,2009,12,8,8,00000KT,06,05
2009-12-08 09:00:00.000,2009,12,8,9,33003KT,04,04
2009-12-08 10:00:00.000,2009,12,8,10,04005KT,04,04
2009-12-08 11:00:00.000,2009,12,8,11,05006KT,06,06
2009-12-08 12:00:00.000,2009,12,8,12,07007KT,07,06
2009-12-08 13:00:00.000,2009,12,8,13,06007KT,11,08
2009-12-08 14:00:00.000,2009,12,8,14,04005KT,15,08
2009-12-08 15:00:00.000,2009,12,8,15,03007KT,17,08
2009-12-08 16:00:00.000,2009,12,8,16,VRB02KT,19,07
2009-12-08 17:00:00.000,2009,12,8,17,03005KT,20,07
2009-12-08 18:00:00.000,2009,12,8,18,05010KT,21,06
2009-12-08 19:00:00.000,2009,12,8,19,25010KT,22,11
2009-12-08 20:00:00.000,2009,12,8,20,23012KT,18,11
2009-12-08 21:00:00.000,2009,12,8,21,28010KT,18,12
2009-12-08 22:00:00.000,2009,12,8,22,27008KT,17,12
2009-12-08 23:00:00.000,2009,12,8,23,12008KT,14,11
2009-12-09 00:00:00.000,2009,12,9,0,25004KT,14,12
2009-12-09 01:00:00.000,2009,12,9,1,04003KT,12,11
2009-12-09 02:00:00.000,2009,12,9,2,03003KT,12,11
2009-12-09 03:00:00.000,2009,12,9,3,03003KT,10,09
2009-12-09 04:00:00.000,2009,12,9,4,05003KT,11,10
2009-12-09 05:00:00.000,2009,12,9,5,05003KT,10,09
2009-12-09 06:00:00.000,2009,12,9,6,05005KT,09,09
2009-12-09 07:00:00.000,2009,12,9,7,06004KT,09,08
2009-12-09 08:00:00.000,2009,12,9,8,05004KT,08,08
2009-12-09 09:00:00.000,2009,12,9,9,01003KT,06,05
2009-12-09 10:00:00.000,2009,12,9,10,04004KT,06,06
2009-12-09 11:00:00.000,2009,12,9,11,00000KT,07,07
2009-12-09 12:00:00.000,2009,12,9,12,06003KT,10,08
2009-12-09 13:00:00.000,2009,12,9,13,04003KT,13,10
2009-12-09 14:00:00.000,2009,12,9,14,04008KT,16,09
2009-12-09 15:00:00.000,2009,12,9,15,14006KT,17,09
2009-12-09 16:00:00.000,2009,12,9,16,10006KT,19,08
2009-12-09 17:00:00.000,2009,12,9,17,14004KT,20,06
2009-12-09 18:00:00.000,2009,12,9,18,27012KT,20,06
2009-12-09 19:00:00.000,2009,12,9,19,23008KT,19,09
2009-12-09 20:00:00.000,2009,12,9,20,24011KT,17,12
2009-12-09 21:00:00.000,2009,12,9,21,23012KT,17,12
2009-12-09 22:00:00.000,2009,12,9,22,24006KT,17,11
2009-12-09 23:00:00.000,2009,12,9,23,27005KT,14,11
2009-12-10 00:00:00.000,2009,12,10,0,VRB02KT,14,11
2009-12-10 01:00:00.000,2009,12,10,1,VRB02KT,14,11
2009-12-10 02:00:00.000,2009,12,10,2,VRB02KT,12,10
2009-12-10 03:00:00.000,2009,12,10,3,VRB02KT,12,11
2009-12-10 04:00:00.000,2009,12,10,4,33004KT,10,09
2009-12-10 05:00:00.000,2009,12,10,5,VRB02KT,10,10
2009-12-10 06:00:00.000,2009,12,10,6,04005KT,10,10
2009-12-10 07:00:00.000,2009,12,10,7,00000KT,09,09
2009-12-10 08:00:00.000,2009,12,10,8,00000KT,08,08
2009-12-10 09:00:00.000,2009,12,10,9,02004KT,08,07
2009-12-10 10:00:00.000,2009,12,10,10,VRB02KT,07,06
2009-12-10 11:00:00.000,2009,12,10,11,05005KT,06,06
2009-12-10 12:00:00.000,2009,12,10,12,06005KT,10,08
2009-12-10 13:00:00.000,2009,12,10,13,05003KT,14,09
2009-12-10 14:00:00.000,2009,12,10,14,14003KT,17,08
2009-12-10 15:00:00.000,2009,12,10,15,18007KT,19,08
2009-12-10 16:00:00.000,2009,12,10,16,31004KT,20,08
2009-12-10 17:00:00.000,2009,12,10,17,17007KT,20,08
2009-12-10 18:00:00.000,2009,12,10,18,27010KT,19,12
2009-12-10 19:00:00.000,2009,12,10,19,25012KT,20,12
2009-12-10 20:00:00.000,2009,12,10,20,30010KT,17,12
2009-12-10 21:00:00.000,2009,12,10,21,34007KT,17,12
2009-12-10 22:00:00.000,2009,12,10,22,20005KT,16,12
2009-12-10 23:00:00.000,2009,12,10,23,20006KT,14,11
2009-12-11 00:00:00.000,2009,12,11,0,33003KT,13,11
2009-12-11 01:00:00.000,2009,12,11,1,02003KT,12,11
2009-12-11 02:00:00.000,2009,12,11,2,VRB02KT,12,10
2009-12-11 03:00:00.000,2009,12,11,3,06003KT,12,11
2009-12-11 04:00:00.000,2009,12,11,4,06004KT,12,10
2009-12-11 05:00:00.000,2009,12,11,5,35003KT,12,10
2009-12-11 06:00:00.000,2009,12,11,6,04005KT,11,09
2009-12-11 07:00:00.000,2009,12,11,7,35003KT,11,09
2009-12-11 08:00:00.000,2009,12,11,8,05004KT,11,09
2009-12-11 09:00:00.000,2009,12,11,9,03005KT,10,08
2009-12-11 10:00:00.000,2009,12,11,10,05005KT,10,08
2009-12-11 12:00:00.000,2009,12,11,12,05006KT,12,10
2009-12-11 13:00:00.000,2009,12,11,13,03004KT,15,09
2009-12-11 14:00:00.000,2009,12,11,14,11010KT,17,08
2009-12-11 15:00:00.000,2009,12,11,15,12011KT,18,08
2009-12-11 16:00:00.000,2009,12,11,16,12014KT,19,08
2009-12-11 17:00:00.000,2009,12,11,17,17011KT,20,09
2009-12-11 18:00:00.000,2009,12,11,18,16012KT,20,08
2009-12-11 19:00:00.000,2009,12,11,19,14010KT,20,07
2009-12-11 20:00:00.000,2009,12,11,20,08010KT,20,08
2009-12-11 21:00:00.000,2009,12,11,21,06007KT,20,07
2009-12-11 22:00:00.000,2009,12,11,22,22008KT,18,12
2009-12-11 23:00:00.000,2009,12,11,23,23006KT,14,12
2009-12-12 00:00:00.000,2009,12,12,0,02005KT,13,11
2009-12-12 01:00:00.000,2009,12,12,1,VRB02KT,13,11
2009-12-12 02:00:00.000,2009,12,12,2,05003KT,12,10
2009-12-12 03:00:00.000,2009,12,12,3,32004KT,12,10
2009-12-12 04:00:00.000,2009,12,12,4,03004KT,12,10
2009-12-12 05:00:00.000,2009,12,12,5,11008KT,13,10
2009-12-12 06:00:00.000,2009,12,12,6,04005KT,13,10
2009-12-12 07:00:00.000,2009,12,12,7,06005KT,13,10
2009-12-12 08:00:00.000,2009,12,12,8,04004KT,11,08
2009-12-12 09:00:00.000,2009,12,12,9,04003KT,10,07
2009-12-12 10:00:00.000,2009,12,12,10,VRB02KT,08,08
2009-12-12 11:00:00.000,2009,12,12,11,07004KT,08,08
2009-12-12 12:00:00.000,2009,12,12,12,07005KT,11,08
2009-12-12 13:00:00.000,2009,12,12,13,06005KT,13,09
2009-12-12 14:00:00.000,2009,12,12,14,06008KT,15,10
2009-12-12 15:00:00.000,2009,12,12,15,08008KT,17,07
2009-12-12 16:00:00.000,2009,12,12,16,05006KT,18,09
2009-12-12 17:00:00.000,2009,12,12,17,13010KT,18,07
2009-12-12 18:00:00.000,2009,12,12,18,14012KT,19,08
2009-12-12 19:00:00.000,2009,12,12,19,12014KT,20,07
2009-12-12 20:00:00.000,2009,12,12,20,16011KT,19,08
2009-12-12 21:00:00.000,2009,12,12,21,12015KT,19,07
2009-12-12 22:00:00.000,2009,12,12,22,11005KT,17,07
2009-12-12 23:00:00.000,2009,12,12,23,10009KT,16,08
2009-12-13 00:00:00.000,2009,12,13,0,VRB02KT,14,08
2009-12-13 01:00:00.000,2009,12,13,1,12007KT,13,08
2009-12-13 02:00:00.000,2009,12,13,2,09007KT,13,08
2009-12-13 03:00:00.000,2009,12,13,3,VRB02KT,11,08
2009-12-13 04:00:00.000,2009,12,13,4,VRB02KT,10,08
2009-12-13 05:00:00.000,2009,12,13,5,VRB02KT,10,08
2009-12-13 06:00:00.000,2009,12,13,6,31004KT,08,06
2009-12-13 07:00:00.000,2009,12,13,7,00000KT,07,06
2009-12-13 08:00:00.000,2009,12,13,8,VRB02KT,06,06
2009-12-13 09:00:00.000,2009,12,13,9,VRB02KT,05,05
2009-12-13 10:00:00.000,2009,12,13,10,VRB02KT,04,04
2009-12-13 11:00:00.000,2009,12,13,11,VRB02KT,04,04
2009-12-13 12:00:00.000,2009,12,13,12,05006KT,09,08
2009-12-13 13:00:00.000,2009,12,13,13,06008KT,14,08
2009-12-13 14:00:00.000,2009,12,13,14,04008KT,17,08
2009-12-13 15:00:00.000,2009,12,13,15,05008KT,19,07
2009-12-13 16:00:00.000,2009,12,13,16,10010KT,20,07
2009-12-13 17:00:00.000,2009,12,13,17,10007KT,21,06
2009-12-13 18:00:00.000,2009,12,13,18,10017KT,33,21
2009-12-13 19:00:00.000,2009,12,13,19,14016KT,23,06
2009-12-13 20:00:00.000,2009,12,13,20,11010KT,22,07
2009-12-13 21:00:00.000,2009,12,13,21,32010KT,19,11
2009-12-13 22:00:00.000,2009,12,13,22,31012KT,18,13
2009-12-13 23:00:00.000,2009,12,13,23,30010KT,15,12
2009-12-14 00:00:00.000,2009,12,14,0,31005KT,13,10
2009-12-14 01:00:00.000,2009,12,14,1,00000KT,13,10
2009-12-14 02:00:00.000,2009,12,14,2,02003KT,12,10
2009-12-14 03:00:00.000,2009,12,14,3,02004KT,11,08
2009-12-14 04:00:00.000,2009,12,14,4,04004KT,11,09
2009-12-14 05:00:00.000,2009,12,14,5,07004KT,09,07
2009-12-14 06:00:00.000,2009,12,14,6,06003KT,09,07
2009-12-14 07:00:00.000,2009,12,14,7,35006KT,09,07
2009-12-14 08:00:00.000,2009,12,14,8,34004KT,07,06
2009-12-14 09:00:00.000,2009,12,14,9,02003KT,07,06
2009-12-14 10:00:00.000,2009,12,14,10,08005KT,07,06
2009-12-14 11:00:00.000,2009,12,14,11,06005KT,07,05
2009-12-14 12:00:00.000,2009,12,14,12,07006KT,10,06
2009-12-14 13:00:00.000,2009,12,14,13,07007KT,13,06
2009-12-14 14:00:00.000,2009,12,14,14,08009KT,16,04
2009-12-14 15:00:00.000,2009,12,14,15,08005KT,18,03
2009-12-14 16:00:00.000,2009,12,14,16,09010KT,20,03
2009-12-14 17:00:00.000,2009,12,14,17,10012KT,20,05
2009-12-14 18:00:00.000,2009,12,14,18,09010KT,19,06
2009-12-14 19:00:00.000,2009,12,14,19,12009KT,19,08
2009-12-14 20:00:00.000,2009,12,14,20,15012KT,20,06
2009-12-14 21:00:00.000,2009,12,14,21,15013KT,18,08
2009-12-14 22:00:00.000,2009,12,14,22,19010KT,17,08
2009-12-14 23:00:00.000,2009,12,14,23,14008KT,15,07
2009-12-15 00:00:00.000,2009,12,15,0,12006KT,13,07
2009-12-15 01:00:00.000,2009,12,15,1,VRB02KT,12,08
2009-12-15 02:00:00.000,2009,12,15,2,04006KT,12,07
2009-12-15 03:00:00.000,2009,12,15,3,02005KT,11,08
2009-12-15 04:00:00.000,2009,12,15,4,VRB02KT,09,07
2009-12-15 05:00:00.000,2009,12,15,5,00000KT,08,06
2009-12-15 06:00:00.000,2009,12,15,6,33004KT,07,07
2009-12-15 07:00:00.000,2009,12,15,7,00000KT,06,06
2009-12-15 08:00:00.000,2009,12,15,8,VRB02KT,06,06
2009-12-15 09:00:00.000,2009,12,15,9,VRB02KT,05,05
2009-12-15 10:00:00.000,2009,12,15,10,03004KT,04,04
2009-12-15 11:00:00.000,2009,12,15,11,VRB02KT,05,04
2009-12-15 12:00:00.000,2009,12,15,12,06006KT,09,07
2009-12-15 13:00:00.000,2009,12,15,13,04003KT,12,09
2009-12-15 14:00:00.000,2009,12,15,14,06007KT,15,09
2009-12-15 15:00:00.000,2009,12,15,15,07007KT,16,09
2009-12-15 16:00:00.000,2009,12,15,16,16010KT,17,09
2009-12-15 17:00:00.000,2009,12,15,17,13012KT,18,09
2009-12-15 18:00:00.000,2009,12,15,18,13010KT,20,09
2009-12-15 19:00:00.000,2009,12,15,19,13010KT,20,09
2009-12-15 20:00:00.000,2009,12,15,20,14010KT,20,08
2009-12-15 21:00:00.000,2009,12,15,21,28010KT,18,12
2009-12-15 22:00:00.000,2009,12,15,22,23004KT,17,12
2009-12-15 23:00:00.000,2009,12,15,23,04004KT,16,11
2009-12-16 00:00:00.000,2009,12,16,0,29004KT,14,11
2009-12-16 01:00:00.000,2009,12,16,1,34003KT,12,10
2009-12-16 02:00:00.000,2009,12,16,2,VRB02KT,11,10
2009-12-16 03:00:00.000,2009,12,16,3,VRB02KT,10,09
2009-12-16 04:00:00.000,2009,12,16,4,03004KT,08,08
2009-12-16 05:00:00.000,2009,12,16,5,35003KT,07,06
2009-12-16 06:00:00.000,2009,12,16,6,VRB02KT,06,05
2009-12-16 07:00:00.000,2009,12,16,7,31003KT,05,04
2009-12-16 08:00:00.000,2009,12,16,8,VRB02KT,05,05
2009-12-16 09:00:00.000,2009,12,16,9,1200NW,04,04
2009-12-16 10:00:00.000,2009,12,16,10,35003KT,05,05
2009-12-16 11:00:00.000,2009,12,16,11,33003KT,07,07
2009-12-16 12:00:00.000,2009,12,16,12,VRB02KT,06,06
2009-12-16 13:00:00.000,2009,12,16,13,VRB02KT,09,09
2009-12-16 14:00:00.000,2009,12,16,14,VRB02KT,11,10
2009-12-16 15:00:00.000,2009,12,16,15,VRB02KT,15,11
2009-12-16 16:00:00.000,2009,12,16,16,VRB02KT,19,09
2009-12-16 17:00:00.000,2009,12,16,17,VRB02KT,21,07
2009-12-16 18:00:00.000,2009,12,16,18,27010KT,19,12
2009-12-16 19:00:00.000,2009,12,16,19,24012KT,20,13
2009-12-16 20:00:00.000,2009,12,16,20,25012KT,19,12
2009-12-16 21:00:00.000,2009,12,16,21,27012KT,18,12
2009-12-16 22:00:00.000,2009,12,16,22,27010KT,17,11
2009-12-16 23:00:00.000,2009,12,16,23,22007KT,16,10
2009-12-17 00:00:00.000,2009,12,17,0,05003KT,14,09
2009-12-17 01:00:00.000,2009,12,17,1,14007KT,14,08
2009-12-17 03:00:00.000,2009,12,17,3,04004KT,12,09
2009-12-17 04:00:00.000,2009,12,17,4,VRB02KT,11,09
2009-12-17 05:00:00.000,2009,12,17,5,08004KT,10,08
2009-12-17 06:00:00.000,2009,12,17,6,04004KT,10,08
2009-12-17 07:00:00.000,2009,12,17,7,33003KT,09,08
2009-12-17 08:00:00.000,2009,12,17,8,00000KT,09,08
2009-12-17 09:00:00.000,2009,12,17,9,VRB02KT,09,08
2009-12-17 10:00:00.000,2009,12,17,10,27003KT,09,08
2009-12-17 11:00:00.000,2009,12,17,11,06005KT,10,10
2009-12-17 12:00:00.000,2009,12,17,12,05006KT,13,10
2009-12-17 13:00:00.000,2009,12,17,13,08006KT,14,10
2009-12-17 14:00:00.000,2009,12,17,14,08007KT,17,10
2009-12-17 15:00:00.000,2009,12,17,15,00000KT,18,09
2009-12-17 16:00:00.000,2009,12,17,16,03006KT,19,09
2009-12-17 17:00:00.000,2009,12,17,17,32003KT,21,09
2009-12-17 18:00:00.000,2009,12,17,18,32004KT,21,07
2009-12-17 19:00:00.000,2009,12,17,19,27006KT,20,12
2009-12-17 20:00:00.000,2009,12,17,20,25010KT,20,13
2009-12-17 21:00:00.000,2009,12,17,21,27010KT,19,13
2009-12-17 22:00:00.000,2009,12,17,22,25008KT,18,13
2009-12-17 23:00:00.000,2009,12,17,23,24006KT,16,13
2009-12-18 00:00:00.000,2009,12,18,0,27004KT,14,12
2009-12-18 01:00:00.000,2009,12,18,1,VRB02KT,14,12
2009-12-18 02:00:00.000,2009,12,18,2,VRB02KT,14,12
2009-12-18 03:00:00.000,2009,12,18,3,VRB02KT,13,12
2009-12-18 04:00:00.000,2009,12,18,4,VRB02KT,13,13
2009-12-18 05:00:00.000,2009,12,18,5,VRB02KT,13,12
2009-12-18 06:00:00.000,2009,12,18,6,02005KT,13,11
2009-12-18 07:00:00.000,2009,12,18,7,VRB02KT,12,11
2009-12-18 08:00:00.000,2009,12,18,8,VRB02KT,11,10
2009-12-18 09:00:00.000,2009,12,18,9,00000KT,11,11
2009-12-18 10:00:00.000,2009,12,18,10,VRB02KT,11,10
2009-12-18 11:00:00.000,2009,12,18,11,VRB02KT,10,09
2009-12-18 12:00:00.000,2009,12,18,12,00000KT,11,09
2009-12-18 13:00:00.000,2009,12,18,13,31005KT,14,11
2009-12-18 14:00:00.000,2009,12,18,14,34004KT,16,11
2009-12-18 15:00:00.000,2009,12,18,15,29003KT,18,11
2009-12-18 16:00:00.000,2009,12,18,16,28007KT,18,10
2009-12-18 17:00:00.000,2009,12,18,17,14012KT,18,10
2009-12-18 18:00:00.000,2009,12,18,18,14008KT,18,11
2009-12-18 19:00:00.000,2009,12,18,19,12006KT,18,11
2009-12-18 20:00:00.000,2009,12,18,20,18006KT,18,12
2009-12-18 21:00:00.000,2009,12,18,21,22006KT,17,12
2009-12-18 22:00:00.000,2009,12,18,22,20006KT,17,11
2009-12-18 23:00:00.000,2009,12,18,23,09004KT,16,11
2009-12-19 00:00:00.000,2009,12,19,0,05005KT,15,10
2009-12-19 01:00:00.000,2009,12,19,1,03004KT,13,10
2009-12-19 02:00:00.000,2009,12,19,2,04004KT,13,10
2009-12-19 03:00:00.000,2009,12,19,3,04006KT,12,10
2009-12-19 04:00:00.000,2009,12,19,4,04003KT,12,10
2009-12-19 05:00:00.000,2009,12,19,5,05005KT,12,10
2009-12-19 06:00:00.000,2009,12,19,6,05005KT,11,09
2009-12-19 07:00:00.000,2009,12,19,7,VRB02KT,10,09
2009-12-19 08:00:00.000,2009,12,19,8,03003KT,10,09
2009-12-19 09:00:00.000,2009,12,19,9,04003KT,10,09
2009-12-19 10:00:00.000,2009,12,19,10,VRB02KT,11,09
2009-12-19 11:00:00.000,2009,12,19,11,06006KT,11,09
2009-12-19 12:00:00.000,2009,12,19,12,03004KT,11,10
2009-12-19 13:00:00.000,2009,12,19,13,03004KT,13,11
2009-12-19 14:00:00.000,2009,12,19,14,03005KT,15,12
2009-12-19 15:00:00.000,2009,12,19,15,04010KT,16,11
2009-12-19 16:00:00.000,2009,12,19,16,04008KT,16,11
2009-12-19 17:00:00.000,2009,12,19,17,07010KT,17,10
2009-12-19 18:00:00.000,2009,12,19,18,06012KT,17,11
2009-12-19 19:00:00.000,2009,12,19,19,06008KT,17,10
2009-12-19 20:00:00.000,2009,12,19,20,09006KT,16,10
2009-12-19 21:00:00.000,2009,12,19,21,VRB02KT,16,12
2009-12-19 22:00:00.000,2009,12,19,22,22004KT,15,12
2009-12-19 23:00:00.000,2009,12,19,23,22006KT,14,12
2009-12-20 00:00:00.000,2009,12,20,0,23003KT,13,12
2009-12-20 01:00:00.000,2009,12,20,1,21003KT,13,12
2009-12-20 02:00:00.000,2009,12,20,2,26004KT,12,11
2009-12-20 03:00:00.000,2009,12,20,3,VRB02KT,12,11
2009-12-20 04:00:00.000,2009,12,20,4,VRB02KT,12,11
2009-12-20 05:00:00.000,2009,12,20,5,VRB02KT,12,11
2009-12-20 06:00:00.000,2009,12,20,6,VRB02KT,12,11
2009-12-20 07:00:00.000,2009,12,20,7,02004KT,12,11
2009-12-20 09:00:00.000,2009,12,20,9,VRB02KT,12,10
2009-12-20 10:00:00.000,2009,12,20,10,34003KT,11,10
2009-12-20 11:00:00.000,2009,12,20,11,05004KT,11,10
2009-12-20 12:00:00.000,2009,12,20,12,05005KT,12,10
2009-12-20 13:00:00.000,2009,12,20,13,05006KT,13,10
2009-12-20 14:00:00.000,2009,12,20,14,04007KT,15,10
2009-12-20 15:00:00.000,2009,12,20,15,07005KT,16,10
2009-12-20 16:00:00.000,2009,12,20,16,06005KT,17,10
2009-12-20 17:00:00.000,2009,12,20,17,05006KT,19,10
2009-12-20 18:00:00.000,2009,12,20,18,VRB02KT,20,09
2009-12-20 19:00:00.000,2009,12,20,19,29005KT,18,12
2009-12-20 20:00:00.000,2009,12,20,20,25007KT,17,12
2009-12-20 21:00:00.000,2009,12,20,21,26010KT,15,12
2009-12-20 22:00:00.000,2009,12,20,22,29006KT,15,12
2009-12-20 23:00:00.000,2009,12,20,23,28004KT,15,12
2009-12-21 00:00:00.000,2009,12,21,0,26003KT,14,12
2009-12-21 01:00:00.000,2009,12,21,1,VRB02KT,12,11
2009-12-21 02:00:00.000,2009,12,21,2,VRB02KT,12,11
2009-12-21 03:00:00.000,2009,12,21,3,32004KT,11,10
2009-12-21 04:00:00.000,2009,12,21,4,VRB02KT,12,12
2009-12-21 05:00:00.000,2009,12,21,5,00000KT,12,12
2009-12-21 06:00:00.000,2009,12,21,6,VRB02KT,12,12
2009-12-21 07:00:00.000,2009,12,21,7,00000KT,10,10
2009-12-21 08:00:00.000,2009,12,21,8,VRB02KT,11,11
2009-12-21 09:00:00.000,2009,12,21,9,VRB02KT,11,11
2009-12-21 10:00:00.000,2009,12,21,10,00000KT,10,10
2009-12-21 11:00:00.000,2009,12,21,11,02005KT,11,11
2009-12-21 12:00:00.000,2009,12,21,12,03004KT,12,11
2009-12-21 13:00:00.000,2009,12,21,13,03006KT,14,11
2009-12-21 14:00:00.000,2009,12,21,14,04004KT,16,13
2009-12-21 15:00:00.000,2009,12,21,15,04004KT,17,11
2009-12-21 16:00:00.000,2009,12,21,16,22004KT,16,11
2009-12-21 17:00:00.000,2009,12,21,17,32004KT,18,11
2009-12-21 18:00:00.000,2009,12,21,18,08008KT,19,11
2009-12-21 19:00:00.000,2009,12,21,19,07006KT,19,10
2009-12-21 20:00:00.000,2009,12,21,20,24010KT,19,13
2009-12-21 21:00:00.000,2009,12,21,21,25006KT,17,13
2009-12-21 22:00:00.000,2009,12,21,22,31006KT,16,13
2009-12-21 23:00:00.000,2009,12,21,23,28005KT,15,12
2009-12-22 00:00:00.000,2009,12,22,0,VRB02KT,13,11
2009-12-22 01:00:00.000,2009,12,22,1,08004KT,12,11
2009-12-22 02:00:00.000,2009,12,22,2,03005KT,12,11
2009-12-22 03:00:00.000,2009,12,22,3,03006KT,11,09
2009-12-22 04:00:00.000,2009,12,22,4,06005KT,11,09
2009-12-22 05:00:00.000,2009,12,22,5,03004KT,11,10
2009-12-22 06:00:00.000,2009,12,22,6,08004KT,10,09
2009-12-22 07:00:00.000,2009,12,22,7,07004KT,10,09
2009-12-22 08:00:00.000,2009,12,22,8,04003KT,09,09
2009-12-22 09:00:00.000,2009,12,22,9,09004KT,09,09
2009-12-22 10:00:00.000,2009,12,22,10,02003KT,07,07
2009-12-22 11:00:00.000,2009,12,22,11,27004KT,09,08
2009-12-22 12:00:00.000,2009,12,22,12,04006KT,12,10
2009-12-22 13:00:00.000,2009,12,22,13,06006KT,14,11
2009-12-22 14:00:00.000,2009,12,22,14,10008KT,17,11
2009-12-22 15:00:00.000,2009,12,22,15,10008KT,18,10
2009-12-22 16:00:00.000,2009,12,22,16,12010KT,19,08
2009-12-22 17:00:00.000,2009,12,22,17,14012KT,19,08
2009-12-22 18:00:00.000,2009,12,22,18,16006KT,20,08
2009-12-22 19:00:00.000,2009,12,22,19,08007KT,20,09
2009-12-22 20:00:00.000,2009,12,22,20,04004KT,19,09
2009-12-22 21:00:00.000,2009,12,22,21,04008KT,16,11
2009-12-22 22:00:00.000,2009,12,22,22,00000KT,17,10
2009-12-22 23:00:00.000,2009,12,22,23,36004KT,15,11
2009-12-23 00:00:00.000,2009,12,23,0,06003KT,14,09
2009-12-23 01:00:00.000,2009,12,23,1,28006KT,14,09
2009-12-23 02:00:00.000,2009,12,23,2,04004KT,12,09
2009-12-23 03:00:00.000,2009,12,23,3,35003KT,12,08
2009-12-23 04:00:00.000,2009,12,23,4,02006KT,12,08
2009-12-23 05:00:00.000,2009,12,23,5,VRB02KT,12,09
2009-12-23 06:00:00.000,2009,12,23,6,VRB02KT,12,11
2009-12-23 07:00:00.000,2009,12,23,7,08003KT,12,11
2009-12-23 08:00:00.000,2009,12,23,8,VRB02KT,12,10
2009-12-23 09:00:00.000,2009,12,23,9,VRB02KT,12,10
2009-12-23 10:00:00.000,2009,12,23,10,VRB02KT,12,10
2009-12-23 11:00:00.000,2009,12,23,11,03005KT,12,10
2009-12-23 12:00:00.000,2009,12,23,12,VRB02KT,12,10
2009-12-23 13:00:00.000,2009,12,23,13,03006KT,14,10
2009-12-23 14:00:00.000,2009,12,23,14,VRB02KT,16,10
2009-12-23 15:00:00.000,2009,12,23,15,32004KT,18,10
2009-12-23 16:00:00.000,2009,12,23,16,VRB02KT,18,10
2009-12-23 17:00:00.000,2009,12,23,17,21006KT,20,10
2009-12-23 18:00:00.000,2009,12,23,18,14010KT,20,10
2009-12-23 19:00:00.000,2009,12,23,19,24010KT,19,13
2009-12-23 20:00:00.000,2009,12,23,20,29010KT,18,13
2009-12-23 21:00:00.000,2009,12,23,21,27007KT,18,13
2009-12-23 22:00:00.000,2009,12,23,22,25010KT,17,12
2009-12-23 23:00:00.000,2009,12,23,23,31007KT,15,12
2009-12-24 00:00:00.000,2009,12,24,0,VRB02KT,12,10
2009-12-24 01:00:00.000,2009,12,24,1,02004KT,11,09
2009-12-24 02:00:00.000,2009,12,24,2,01004KT,10,09
2009-12-24 03:00:00.000,2009,12,24,3,VRB02KT,10,09
2009-12-24 04:00:00.000,2009,12,24,4,VRB02KT,09,09
2009-12-24 05:00:00.000,2009,12,24,5,33004KT,09,08
2009-12-24 06:00:00.000,2009,12,24,6,VRB02KT,08,08
2009-12-24 07:00:00.000,2009,12,24,7,VRB02KT,08,08
2009-12-24 08:00:00.000,2009,12,24,8,00000KT,07,07
2009-12-24 09:00:00.000,2009,12,24,9,00000KT,07,07
2009-12-24 10:00:00.000,2009,12,24,10,VRB02KT,07,07
2009-12-24 11:00:00.000,2009,12,24,11,00000KT,07,07
2009-12-24 12:00:00.000,2009,12,24,12,15003KT,10,08
2009-12-24 13:00:00.000,2009,12,24,13,35003KT,15,11
2009-12-24 14:00:00.000,2009,12,24,14,09008KT,17,11
2009-12-24 15:00:00.000,2009,12,24,15,VRB02KT,19,11
2009-12-24 16:00:00.000,2009,12,24,16,18006KT,18,10
2009-12-24 17:00:00.000,2009,12,24,17,04010KT,18,10
2009-12-24 18:00:00.000,2009,12,24,18,04005KT,16,13
2009-12-24 19:00:00.000,2009,12,24,19,06010KT,15,13
2009-12-24 20:00:00.000,2009,12,24,20,03008KT,16,13
2009-12-24 21:00:00.000,2009,12,24,21,05006KT,17,12
2009-12-24 22:00:00.000,2009,12,24,22,10006KT,17,10
2009-12-24 23:00:00.000,2009,12,24,23,10008KT,16,10
2009-12-25 00:00:00.000,2009,12,25,0,10006KT,14,10
2009-12-25 01:00:00.000,2009,12,25,1,11005KT,14,10
2009-12-25 02:00:00.000,2009,12,25,2,03004KT,13,11
2009-12-25 03:00:00.000,2009,12,25,3,06005KT,13,10
2009-12-25 04:00:00.000,2009,12,25,4,05005KT,12,11
2009-12-25 05:00:00.000,2009,12,25,5,03004KT,11,09
2009-12-25 06:00:00.000,2009,12,25,6,32003KT,10,09
2009-12-25 07:00:00.000,2009,12,25,7,31003KT,09,09
2009-12-25 08:00:00.000,2009,12,25,8,VRB02KT,09,09
2009-12-25 09:00:00.000,2009,12,25,9,VRB02KT,09,09
2009-12-25 10:00:00.000,2009,12,25,10,VRB02KT,07,07
2009-12-25 12:00:00.000,2009,12,25,12,VRB02KT,07,07
2009-12-25 13:00:00.000,2009,12,25,13,04004KT,11,10
2009-12-25 14:00:00.000,2009,12,25,14,06005KT,14,11
2009-12-25 15:00:00.000,2009,12,25,15,VRB02KT,18,10
2009-12-25 16:00:00.000,2009,12,25,16,04006KT,19,09
2009-12-25 17:00:00.000,2009,12,25,17,08010KT,19,09
2009-12-25 18:00:00.000,2009,12,25,18,15012KT,20,09
2009-12-25 19:00:00.000,2009,12,25,19,08008KT,21,08
2009-12-25 20:00:00.000,2009,12,25,20,04006KT,21,09
2009-12-25 21:00:00.000,2009,12,25,21,27010KT,20,13
2009-12-25 22:00:00.000,2009,12,25,22,22008KT,18,10
2009-12-25 23:00:00.000,2009,12,25,23,26008KT,15,12
2009-12-26 00:00:00.000,2009,12,26,0,28012KT,15,12
2009-12-26 01:00:00.000,2009,12,26,1,06006KT,10,09
2009-12-26 02:00:00.000,2009,12,26,2,09004KT,10,10
2009-12-26 03:00:00.000,2009,12,26,3,VRB02KT,11,11
2009-12-26 04:00:00.000,2009,12,26,4,30003KT,11,10
2009-12-26 05:00:00.000,2009,12,26,5,VRB02KT,11,10
2009-12-26 06:00:00.000,2009,12,26,6,04003KT,10,10
2009-12-26 07:00:00.000,2009,12,26,7,05005KT,11,11
2009-12-26 08:00:00.000,2009,12,26,8,05007KT,11,09
2009-12-26 09:00:00.000,2009,12,26,9,07004KT,10,09
2009-12-26 10:00:00.000,2009,12,26,10,00000KT,08,08
2009-12-26 11:00:00.000,2009,12,26,11,00000KT,08,08
2009-12-26 12:00:00.000,2009,12,26,12,00000KT,10,09
2009-12-26 13:00:00.000,2009,12,26,13,VRB02KT,13,10
2009-12-26 14:00:00.000,2009,12,26,14,VRB02KT,15,10
2009-12-26 15:00:00.000,2009,12,26,15,11006KT,18,10
2009-12-26 16:00:00.000,2009,12,26,16,05006KT,19,10
2009-12-26 17:00:00.000,2009,12,26,17,10007KT,19,08
2009-12-26 18:00:00.000,2009,12,26,18,VRB02KT,19,07
2009-12-26 19:00:00.000,2009,12,26,19,09004KT,19,08
2009-12-26 20:00:00.000,2009,12,26,20,20010KT,20,12
2009-12-26 21:00:00.000,2009,12,26,21,28010KT,18,14
2009-12-26 22:00:00.000,2009,12,26,22,29010KT,16,13
2009-12-26 23:00:00.000,2009,12,26,23,27004KT,14,12
2009-12-27 00:00:00.000,2009,12,27,0,21003KT,14,12
2009-12-27 01:00:00.000,2009,12,27,1,VRB02KT,13,12
2009-12-27 02:00:00.000,2009,12,27,2,VRB02KT,12,11
2009-12-27 03:00:00.000,2009,12,27,3,VRB02KT,12,11
2009-12-27 04:00:00.000,2009,12,27,4,04006KT,11,09
2009-12-27 05:00:00.000,2009,12,27,5,03006KT,11,09
2009-12-27 06:00:00.000,2009,12,27,6,05004KT,10,08
2009-12-27 07:00:00.000,2009,12,27,7,07004KT,09,08
2009-12-27 08:00:00.000,2009,12,27,8,06003KT,08,08
2009-12-27 09:00:00.000,2009,12,27,9,VRB02KT,07,06
2009-12-27 10:00:00.000,2009,12,27,10,VRB02KT,07,06
2009-12-27 11:00:00.000,2009,12,27,11,VRB02KT,07,06
2009-12-27 12:00:00.000,2009,12,27,12,VRB02KT,08,08
2009-12-27 13:00:00.000,2009,12,27,13,03004KT,13,09
2009-12-27 14:00:00.000,2009,12,27,14,03004KT,16,09
2009-12-27 15:00:00.000,2009,12,27,15,VRB02KT,18,09
2009-12-27 16:00:00.000,2009,12,27,16,03003KT,19,09
2009-12-27 17:00:00.000,2009,12,27,17,30006KT,20,08
2009-12-27 18:00:00.000,2009,12,27,18,36007KT,21,06
2009-12-27 19:00:00.000,2009,12,27,19,28014KT,18,12
2009-12-27 20:00:00.000,2009,12,27,20,27010KT,16,12
2009-12-27 21:00:00.000,2009,12,27,21,27010KT,16,12
2009-12-27 22:00:00.000,2009,12,27,22,25006KT,15,12
2009-12-27 23:00:00.000,2009,12,27,23,23005KT,13,09
2009-12-28 00:00:00.000,2009,12,28,0,25003KT,12,08
2009-12-28 01:00:00.000,2009,12,28,1,23003KT,12,09
2009-12-28 02:00:00.000,2009,12,28,2,28005KT,12,11
2009-12-28 03:00:00.000,2009,12,28,3,VRB02KT,11,10
2009-12-28 04:00:00.000,2009,12,28,4,35003KT,10,10
2009-12-28 05:00:00.000,2009,12,28,5,34005KT,09,08
2009-12-28 06:00:00.000,2009,12,28,6,34003KT,07,06
2009-12-28 07:00:00.000,2009,12,28,7,VRB02KT,06,06
2009-12-28 08:00:00.000,2009,12,28,8,00000KT,06,05
2009-12-28 09:00:00.000,2009,12,28,9,00000KT,05,04
2009-12-28 10:00:00.000,2009,12,28,10,34003KT,04,04
2009-12-28 11:00:00.000,2009,12,28,11,VRB02KT,05,04
2009-12-28 12:00:00.000,2009,12,28,12,24004KT,07,06
2009-12-28 13:00:00.000,2009,12,28,13,06003KT,11,09
2009-12-28 14:00:00.000,2009,12,28,14,29004KT,14,10
2009-12-28 15:00:00.000,2009,12,28,15,06004KT,17,08
2009-12-28 16:00:00.000,2009,12,28,16,34006KT,18,09
2009-12-28 17:00:00.000,2009,12,28,17,02006KT,19,09
2009-12-28 18:00:00.000,2009,12,28,18,32016KT,20,11
2009-12-28 19:00:00.000,2009,12,28,19,26014KT,20,12
2009-12-28 20:00:00.000,2009,12,28,20,27016KT,19,12
2009-12-28 21:00:00.000,2009,12,28,21,28012KT,17,13
2009-12-28 22:00:00.000,2009,12,28,22,23006KT,17,12
2009-12-28 23:00:00.000,2009,12,28,23,24006KT,15,12
2009-12-29 00:00:00.000,2009,12,29,0,31006KT,14,11
2009-12-29 01:00:00.000,2009,12,29,1,28004KT,12,11
2009-12-29 02:00:00.000,2009,12,29,2,VRB02KT,11,10
2009-12-29 03:00:00.000,2009,12,29,3,00000KT,10,09
2009-12-29 04:00:00.000,2009,12,29,4,00000KT,09,08
2009-12-29 05:00:00.000,2009,12,29,5,VRB02KT,07,07
2009-12-29 06:00:00.000,2009,12,29,6,00000KT,07,07
2009-12-29 07:00:00.000,2009,12,29,7,VRB02KT,06,06
2009-12-29 08:00:00.000,2009,12,29,8,VRB02KT,05,05
2009-12-29 09:00:00.000,2009,12,29,9,00000KT,04,03
2009-12-29 10:00:00.000,2009,12,29,10,00000KT,03,03
2009-12-29 11:00:00.000,2009,12,29,11,VRB02KT,02,02
2009-12-29 12:00:00.000,2009,12,29,12,31003KT,03,03
2009-12-29 13:00:00.000,2009,12,29,13,VRB02KT,09,07
2009-12-29 14:00:00.000,2009,12,29,14,VRB02KT,14,10
2009-12-29 15:00:00.000,2009,12,29,15,06004KT,17,08
2009-12-29 16:00:00.000,2009,12,29,16,06005KT,19,05
2009-12-29 17:00:00.000,2009,12,29,17,03005KT,20,06
2009-12-29 18:00:00.000,2009,12,29,18,04006KT,22,03
2009-12-29 19:00:00.000,2009,12,29,19,08006KT,23,04
2009-12-29 20:00:00.000,2009,12,29,20,28015KT,19,12
2009-12-29 21:00:00.000,2009,12,29,21,30010KT,18,12
2009-12-29 22:00:00.000,2009,12,29,22,28008KT,17,12
2009-12-29 23:00:00.000,2009,12,29,23,27006KT,15,12
2009-12-30 00:00:00.000,2009,12,30,0,26003KT,14,12
2009-12-30 01:00:00.000,2009,12,30,1,VRB02KT,13,12
2009-12-30 02:00:00.000,2009,12,30,2,00000KT,13,12
2009-12-30 03:00:00.000,2009,12,30,3,36003KT,13,12
2009-12-30 04:00:00.000,2009,12,30,4,03003KT,12,11
2009-12-30 05:00:00.000,2009,12,30,5,VRB02KT,11,10
2009-12-30 06:00:00.000,2009,12,30,6,VRB02KT,12,10
2009-12-30 07:00:00.000,2009,12,30,7,08003KT,12,10
2009-12-30 08:00:00.000,2009,12,30,8,VRB02KT,09,08
2009-12-30 09:00:00.000,2009,12,30,9,VRB02KT,09,08
2009-12-30 10:00:00.000,2009,12,30,10,VRB02KT,08,08
2009-12-30 11:00:00.000,2009,12,30,11,VRB02KT,07,07
2009-12-30 12:00:00.000,2009,12,30,12,30004KT,07,07
2009-12-30 13:00:00.000,2009,12,30,13,05004KT,11,11
2009-12-30 14:00:00.000,2009,12,30,14,06004KT,15,07
2009-12-30 15:00:00.000,2009,12,30,15,06007KT,17,06
2009-12-30 16:00:00.000,2009,12,30,16,12008KT,18,07
2009-12-30 17:00:00.000,2009,12,30,17,12005KT,20,02
2009-12-30 18:00:00.000,2009,12,30,18,18010KT,22,01
2009-12-30 19:00:00.000,2009,12,30,19,17015KT,,
2009-12-30 20:00:00.000,2009,12,30,20,15012KT,,
2009-12-30 21:00:00.000,2009,12,30,21,14010KT,21,01
2009-12-30 22:00:00.000,2009,12,30,22,14013KT,19,00
2009-12-30 23:00:00.000,2009,12,30,23,15012KT,16,01
2009-12-31 00:00:00.000,2009,12,31,0,VRB02KT,13,01
2009-12-31 01:00:00.000,2009,12,31,1,00000KT,12,03
2009-12-31 02:00:00.000,2009,12,31,2,04004KT,11,03
2009-12-31 03:00:00.000,2009,12,31,3,VRB02KT,09,04
2009-12-31 04:00:00.000,2009,12,31,4,VRB02KT,08,03
2009-12-31 05:00:00.000,2009,12,31,5,VBR02KT,07,04
2009-12-31 06:00:00.000,2009,12,31,6,VRB02KT,06,04
2009-12-31 07:00:00.000,2009,12,31,7,VRB02KT,05,04
2009-12-31 08:00:00.000,2009,12,31,8,00000KT,05,04
2009-12-31 09:00:00.000,2009,12,31,9,VRB02KT,04,04
2009-12-31 10:00:00.000,2009,12,31,10,01004KT,03,03
2009-12-31 11:00:00.000,2009,12,31,11,00000KT,01,01
2009-12-31 12:00:00.000,2009,12,31,12,VRB02KT,02,01
2009-12-31 13:00:00.000,2009,12,31,13,03003KT,08,06
2009-12-31 15:00:00.000,2009,12,31,15,05006KT,,
2009-12-31 16:00:00.000,2009,12,31,16,08003KT,,
2009-12-31 17:00:00.000,2009,12,31,17,08009KT,20,01
2009-12-31 18:00:00.000,2009,12,31,18,VRB02KT,,
2009-12-31 19:00:00.000,2009,12,31,19,20003KT,,
2009-12-31 20:00:00.000,2009,12,31,20,21008KT,21,02
2009-12-31 21:00:00.000,2009,12,31,21,25009KT,19,09
2009-12-31 22:00:00.000,2009,12,31,22,30010KT,18,10
2009-12-31 23:00:00.000,2009,12,31,23,27009KT,15,10
2010-01-01 00:00:00.000,2010,1,1,0,VRB02KT,14,11
2010-01-01 01:00:00.000,2010,1,1,1,33004KT,12,10
2010-01-01 02:00:00.000,2010,1,1,2,03004KT,12,06
2010-01-01 03:00:00.000,2010,1,1,3,04004KT,10,05
2010-01-01 04:00:00.000,2010,1,1,4,30003KT,07,04
2010-01-01 05:00:00.000,2010,1,1,5,VRB02KT,04,04
2010-01-01 06:00:00.000,2010,1,1,6,29004KT,05,03
2010-01-01 07:00:00.000,2010,1,1,7,VRB02KT,03,02
2010-01-01 08:00:00.000,2010,1,1,8,31004KT,03,02
2010-01-01 09:00:00.000,2010,1,1,9,30003KT,02,02
2010-01-01 10:00:00.000,2010,1,1,10,00000KT,01,01
2010-01-01 11:00:00.000,2010,1,1,11,VRB02KT,00,00
2010-01-01 12:00:00.000,2010,1,1,12,00000KT,01,00
2010-01-01 13:00:00.000,2010,1,1,13,VRB02KT,06,06
2010-01-01 14:00:00.000,2010,1,1,14,VRB02KT,13,07
2010-01-01 15:00:00.000,2010,1,1,15,VRB02KT,16,08
2010-01-01 16:00:00.000,2010,1,1,16,VRB02KT,18,04
2010-01-01 17:00:00.000,2010,1,1,17,32004KT,20,04
2010-01-01 18:00:00.000,2010,1,1,18,VRB02KT,22,04
2010-01-01 19:00:00.000,2010,1,1,19,25012KT,21,10
2010-01-01 20:00:00.000,2010,1,1,20,27014KT,20,12
2010-01-01 21:00:00.000,2010,1,1,21,28012KT,19,12
2010-01-01 22:00:00.000,2010,1,1,22,27010KT,16,11
2010-01-01 23:00:00.000,2010,1,1,23,27007KT,14,11
2010-01-02 00:00:00.000,2010,1,2,0,26003KT,13,11
2010-01-02 01:00:00.000,2010,1,2,1,VRB02KT,12,11
2010-01-02 02:00:00.000,2010,1,2,2,VRB02KT,12,11
2010-01-02 03:00:00.000,2010,1,2,3,VRB02KT,12,10
2010-01-02 04:00:00.000,2010,1,2,4,VRB02KT,12,10
2010-01-02 05:00:00.000,2010,1,2,5,34004KT,10,09
2010-01-02 06:00:00.000,2010,1,2,6,03003KT,11,09
2010-01-02 07:00:00.000,2010,1,2,7,VRB02KT,08,08
2010-01-02 08:00:00.000,2010,1,2,8,01003KT,06,05
2010-01-02 09:00:00.000,2010,1,2,9,VRB02KT,06,05
2010-01-02 10:00:00.000,2010,1,2,10,32003KT,06,05
2010-01-02 11:00:00.000,2010,1,2,11,VRB02KT,05,05
2010-01-02 12:00:00.000,2010,1,2,12,VRB02KT,05,04
2010-01-02 13:00:00.000,2010,1,2,13,VRB02KT,09,06
2010-01-02 14:00:00.000,2010,1,2,14,33006KT,13,08
2010-01-02 15:00:00.000,2010,1,2,15,VRB02KT,16,08
2010-01-02 16:00:00.000,2010,1,2,16,VRB02KT,18,08
2010-01-02 17:00:00.000,2010,1,2,17,VRB02KT,20,07
2010-01-02 18:00:00.000,2010,1,2,18,26010KT,20,11
2010-01-02 19:00:00.000,2010,1,2,19,25010KT,20,11
2010-01-02 20:00:00.000,2010,1,2,20,24012KT,19,11
2010-01-02 21:00:00.000,2010,1,2,21,26010KT,18,11
2010-01-02 22:00:00.000,2010,1,2,22,25010KT,18,12
2010-01-02 23:00:00.000,2010,1,2,23,30004KT,16,11
2010-01-03 00:00:00.000,2010,1,3,0,VRB02KT,12,10
2010-01-03 01:00:00.000,2010,1,3,1,33006KT,11,10
2010-01-03 02:00:00.000,2010,1,3,2,VRB02KT,10,10
2010-01-03 03:00:00.000,2010,1,3,3,00000KT,10,09
2010-01-03 04:00:00.000,2010,1,3,4,VRB02KT,07,06
2010-01-03 05:00:00.000,2010,1,3,5,VRB02KT,06,05
2010-01-03 06:00:00.000,2010,1,3,6,VRB02KT,05,05
2010-01-03 07:00:00.000,2010,1,3,7,00000KT,04,04
2010-01-03 08:00:00.000,2010,1,3,8,VRB20KT,03,03
2010-01-03 09:00:00.000,2010,1,3,9,VRB02KT,02,01
2010-01-03 10:00:00.000,2010,1,3,10,33003KT,,
2010-01-03 11:00:00.000,2010,1,3,11,00000KT,,
2010-01-03 12:00:00.000,2010,1,3,12,VRB02KT,,
2010-01-03 13:00:00.000,2010,1,3,13,04006KT,07,04
2010-01-03 14:00:00.000,2010,1,3,14,01004KT,13,04
2010-01-03 15:00:00.000,2010,1,3,15,VRB02KT,16,03
2010-01-03 16:00:00.000,2010,1,3,16,VRB02KT,,
2010-01-03 17:00:00.000,2010,1,3,17,09008KT,,
2010-01-03 18:00:00.000,2010,1,3,18,21010KT,,
2010-01-03 19:00:00.000,2010,1,3,19,21015KT,,
2010-01-03 20:00:00.000,2010,1,3,20,22012KT,20,08
2010-01-03 21:00:00.000,2010,1,3,21,18010KT,20,09
2010-01-03 22:00:00.000,2010,1,3,22,15010KT,20,01
2010-01-03 23:00:00.000,2010,1,3,23,34008KT,16,09
2010-01-04 00:00:00.000,2010,1,4,0,34003KT,12,09
2010-01-04 01:00:00.000,2010,1,4,1,34004KT,11,08
2010-01-04 02:00:00.000,2010,1,4,2,00000KT,10,07
2010-01-04 03:00:00.000,2010,1,4,3,03003KT,10,00
2010-01-04 04:00:00.000,2010,1,4,4,01003KT,07,01
2010-01-04 05:00:00.000,2010,1,4,5,26005KT,06,01
2010-01-04 06:00:00.000,2010,1,4,6,04004KT,,
2010-01-04 07:00:00.000,2010,1,4,7,VRB02KT,,
2010-01-04 08:00:00.000,2010,1,4,8,VRB02KT,,
2010-01-04 09:00:00.000,2010,1,4,9,VRB02KT,,
2010-01-04 10:00:00.000,2010,1,4,10,VRB02KT,,
2010-01-04 11:00:00.000,2010,1,4,11,VRB02KT,,
2010-01-04 12:00:00.000,2010,1,4,12,VRB02KT,,
2010-01-04 13:00:00.000,2010,1,4,13,04006KT,,
2010-01-04 14:00:00.000,2010,1,4,14,05006KT,12,02
2010-01-04 15:00:00.000,2010,1,4,15,05008KT,16,02
2010-01-04 16:00:00.000,2010,1,4,16,06006KT,,
2010-01-04 17:00:00.000,2010,1,4,17,12012KT,,
2010-01-04 18:00:00.000,2010,1,4,18,15005KT,29,16
2010-01-04 19:00:00.000,2010,1,4,19,14016KT,,
2010-01-04 20:00:00.000,2010,1,4,20,23010KT,21,09
2010-01-04 21:00:00.000,2010,1,4,21,26014KT,19,10
2010-01-04 22:00:00.000,2010,1,4,22,27010KT,17,10
2010-01-04 23:00:00.000,2010,1,4,23,30012KT,15,08
2010-01-05 00:00:00.000,2010,1,5,0,32004KT,13,06
2010-01-05 01:00:00.000,2010,1,5,1,27004KT,12,07
2010-01-05 02:00:00.000,2010,1,5,2,34003KT,09,07
2010-01-05 03:00:00.000,2010,1,5,3,VRB02KT,09,08
2010-01-05 04:00:00.000,2010,1,5,4,VRB02KT,07,06
2010-01-05 05:00:00.000,2010,1,5,5,VRB02KT,05,04
2010-01-05 06:00:00.000,2010,1,5,6,33004KT,04,03
2010-01-05 07:00:00.000,2010,1,5,7,32003KT,03,01
2010-01-05 08:00:00.000,2010,1,5,8,33003KT,03,02
2010-01-05 09:00:00.000,2010,1,5,9,30003KT,02,01
2010-01-05 10:00:00.000,2010,1,5,10,30003KT,02,00
2010-01-05 11:00:00.000,2010,1,5,11,VRB02KT,,
2010-01-05 12:00:00.000,2010,1,5,12,VRB02KT,03,01
2010-01-05 13:00:00.000,2010,1,5,13,VRB02KT,06,03
2010-01-05 14:00:00.000,2010,1,5,14,VRB02KT,12,05
2010-01-05 15:00:00.000,2010,1,5,15,VRB02KT,16,02
2010-01-05 16:00:00.000,2010,1,5,16,11006KT,19,02
2010-01-05 17:00:00.000,2010,1,5,17,21004KT,21,02
2010-01-05 18:00:00.000,2010,1,5,18,13005KT,21,04
2010-01-05 19:00:00.000,2010,1,5,19,25007KT,20,08
2010-01-05 20:00:00.000,2010,1,5,20,26011KT,19,10
2010-01-05 21:00:00.000,2010,1,5,21,28010KT,18,11
2010-01-05 22:00:00.000,2010,1,5,22,28010KT,17,10
2010-01-05 23:00:00.000,2010,1,5,23,28007KT,15,11
2010-01-06 00:00:00.000,2010,1,6,0,28005KT,14,10
2010-01-06 01:00:00.000,2010,1,6,1,00000KR,12,09
2010-01-06 02:00:00.000,2010,1,6,2,02003KT,12,09
2010-01-06 03:00:00.000,2010,1,6,3,34005KT,12,10
2010-01-06 04:00:00.000,2010,1,6,4,VRB02KT,12,10
2010-01-06 05:00:00.000,2010,1,6,5,04005KT,11,07
2010-01-06 06:00:00.000,2010,1,6,6,VRB02KT,09,05
2010-01-06 07:00:00.000,2010,1,6,7,24003KT,07,04
2010-01-06 08:00:00.000,2010,1,6,8,28003KT,06,04
2010-01-06 09:00:00.000,2010,1,6,9,VRB02KT,05,04
2010-01-06 10:00:00.000,2010,1,6,10,35003KT,04,03
2010-01-06 11:00:00.000,2010,1,6,11,VBR02KT,03,02
2010-01-06 12:00:00.000,2010,1,6,12,00000KT,05,03
2010-01-06 13:00:00.000,2010,1,6,13,04003KT,11,07
2010-01-06 14:00:00.000,2010,1,6,14,VRB02KT,15,07
2010-01-06 15:00:00.000,2010,1,6,15,VRB02KT,17,07
2010-01-06 16:00:00.000,2010,1,6,16,24005KT,19,06
2010-01-06 17:00:00.000,2010,1,6,17,21004KT,20,07
2010-01-06 18:00:00.000,2010,1,6,18,21006KT,22,09
2010-01-06 19:00:00.000,2010,1,6,19,26016KT,19,12
2010-01-06 20:00:00.000,2010,1,6,20,26012KT,19,11
2010-01-06 21:00:00.000,2010,1,6,21,25010KT,18,12
2010-01-06 23:00:00.000,2010,1,6,23,27008KT,16,13
2010-01-07 00:00:00.000,2010,1,7,0,VRB02KT,14,12
2010-01-07 01:00:00.000,2010,1,7,1,27004KT,13,12
2010-01-07 02:00:00.000,2010,1,7,2,29005KT,13,11
2010-01-07 03:00:00.000,2010,1,7,3,VRB02KT,12,11
2010-01-07 04:00:00.000,2010,1,7,4,VRB02KT,11,11
2010-01-07 05:00:00.000,2010,1,7,5,00000KT,10,10
2010-01-07 06:00:00.000,2010,1,7,6,VRB02KT,09,09
2010-01-07 07:00:00.000,2010,1,7,7,VRB02KT,08,08
2010-01-07 08:00:00.000,2010,1,7,8,VRB02KT,09,09
2010-01-07 09:00:00.000,2010,1,7,9,VRB02KT,07,07
2010-01-07 10:00:00.000,2010,1,7,10,00000KT,06,06
2010-01-07 11:00:00.000,2010,1,7,11,VRB02KT,07,06
2010-01-07 12:00:00.000,2010,1,7,12,01003KT,09,07
2010-01-07 13:00:00.000,2010,1,7,13,05004KT,11,09
2010-01-07 14:00:00.000,2010,1,7,14,03007KT,14,09
2010-01-07 15:00:00.000,2010,1,7,15,11010KT,18,09
2010-01-07 16:00:00.000,2010,1,7,16,09012KT,19,09
2010-01-07 17:00:00.000,2010,1,7,17,10012KT,20,09
2010-01-07 18:00:00.000,2010,1,7,18,14016KT,21,08
2010-01-07 19:00:00.000,2010,1,7,19,13015KT,20,08
2010-01-07 20:00:00.000,2010,1,7,20,14014KT,20,07
2010-01-07 21:00:00.000,2010,1,7,21,14014KT,19,07
2010-01-07 22:00:00.000,2010,1,7,22,13012KT,19,07
2010-01-07 23:00:00.000,2010,1,7,23,12010KT,17,07
2010-01-08 00:00:00.000,2010,1,8,0,13012KT,16,07
2010-01-08 01:00:00.000,2010,1,8,1,07010KT,16,08
2010-01-08 02:00:00.000,2010,1,8,2,09006KT,14,07
2010-01-08 03:00:00.000,2010,1,8,3,10006KT,14,08
2010-01-08 04:00:00.000,2010,1,8,4,01004KT,13,08
2010-01-08 05:00:00.000,2010,1,8,5,03004KT,12,09
2010-01-08 06:00:00.000,2010,1,8,6,02004KT,11,08
2010-01-08 07:00:00.000,2010,1,8,7,07008KT,11,08
2010-01-08 08:00:00.000,2010,1,8,8,06008KT,12,08
2010-01-08 09:00:00.000,2010,1,8,9,04008KT,12,07
2010-01-08 10:00:00.000,2010,1,8,10,06004KT,12,07
2010-01-08 11:00:00.000,2010,1,8,11,17004KT,11,07
2010-01-08 12:00:00.000,2010,1,8,12,13005KT,13,06
2010-01-08 13:00:00.000,2010,1,8,13,04005KT,14,05
2010-01-08 15:00:00.000,2010,1,8,15,11010KT,18,05
2010-01-08 16:00:00.000,2010,1,8,16,12006KT,18,04
2010-01-08 17:00:00.000,2010,1,8,17,02004KT,19,06
2010-01-08 18:00:00.000,2010,1,8,18,18005KT,18,07
2010-01-08 19:00:00.000,2010,1,8,19,100012KT,19,07
2010-01-08 20:00:00.000,2010,1,8,20,11012KT,19,08
2010-01-08 21:00:00.000,2010,1,8,21,07010KT,18,07
2010-01-08 22:00:00.000,2010,1,8,22,07010KT,18,07
2010-01-08 23:00:00.000,2010,1,8,23,08008KT,16,07
2010-01-09 00:00:00.000,2010,1,9,0,02005KT,15,06
2010-01-09 01:00:00.000,2010,1,9,1,07006KT,14,06
2010-01-09 02:00:00.000,2010,1,9,2,VRB02KT,13,07
2010-01-09 03:00:00.000,2010,1,9,3,08005KT,12,07
2010-01-09 04:00:00.000,2010,1,9,4,VRB02KT,13,08
2010-01-09 05:00:00.000,2010,1,9,5,04004KT,12,08
2010-01-09 06:00:00.000,2010,1,9,6,04003KT,12,08
2010-01-09 07:00:00.000,2010,1,9,7,33004KT,12,08
2010-01-09 08:00:00.000,2010,1,9,8,05005KT,12,09
2010-01-09 09:00:00.000,2010,1,9,9,02003KT,11,09
2010-01-09 10:00:00.000,2010,1,9,10,34003KT,09,08
2010-01-09 11:00:00.000,2010,1,9,11,28003KT,08,07
2010-01-09 12:00:00.000,2010,1,9,12,VRB02KT,09,07
2010-01-09 13:00:00.000,2010,1,9,13,VRB02KT,11,09
2010-01-09 14:00:00.000,2010,1,9,14,VRB02KT,16,10
2010-01-09 15:00:00.000,2010,1,9,15,04010KT,18,10
2010-01-09 16:00:00.000,2010,1,9,16,11010KT,20,09
2010-01-09 17:00:00.000,2010,1,9,17,04008KT,21,09
2010-01-09 18:00:00.000,2010,1,9,18,01010KT,20,10
2010-01-09 19:00:00.000,2010,1,9,19,28010KT,19,12
2010-01-09 20:00:00.000,2010,1,9,20,28010KT,19,12
2010-01-09 21:00:00.000,2010,1,9,21,29008KT,20,12
2010-01-09 22:00:00.000,2010,1,9,22,29010KT,20,13
2010-01-09 23:00:00.000,2010,1,9,23,29008KT,17,12
2010-01-10 00:00:00.000,2010,1,10,0,33008KT,14,13
2010-01-10 01:00:00.000,2010,1,10,1,VRB02KT,13,11
2010-01-10 02:00:00.000,2010,1,10,2,VRB02KT,12,11
2010-01-10 03:00:00.000,2010,1,10,3,VRB02KT,11,11
2010-01-10 04:00:00.000,2010,1,10,4,00000KT,10,10
2010-01-10 05:00:00.000,2010,1,10,5,00000KT,10,10
2010-01-10 06:00:00.000,2010,1,10,6,29004KT,08,08
2010-01-10 07:00:00.000,2010,1,10,7,00000KT,07,07
2010-01-10 08:00:00.000,2010,1,10,8,VRB02KT,06,06
2010-01-10 09:00:00.000,2010,1,10,9,VRB02KT,07,07
2010-01-10 10:00:00.000,2010,1,10,10,VRB02KT,06,06
2010-01-10 11:00:00.000,2010,1,10,11,00000KT,05,05
2010-01-10 12:00:00.000,2010,1,10,12,34004KT,06,05
2010-01-10 13:00:00.000,2010,1,10,13,36003KT,10,08
2010-01-10 14:00:00.000,2010,1,10,14,VRB02KT,15,10
2010-01-10 15:00:00.000,2010,1,10,15,21003KT,18,12
2010-01-10 16:00:00.000,2010,1,10,16,13004KT,19,10
2010-01-10 17:00:00.000,2010,1,10,17,28007KT,21,10
2010-01-10 18:00:00.000,2010,1,10,18,28012KT,20,11
2010-01-10 19:00:00.000,2010,1,10,19,07005KT,20,13
2010-01-10 20:00:00.000,2010,1,10,20,26013KT,17,13
2010-01-10 21:00:00.000,2010,1,10,21,25009KT,18,13
2010-01-10 22:00:00.000,2010,1,10,22,33011KT,17,12
2010-01-10 23:00:00.000,2010,1,10,23,30008KT,14,11
2010-01-11 00:00:00.000,2010,1,11,0,33004KT,13,11
2010-01-11 01:00:00.000,2010,1,11,1,28005KT,13,10
2010-01-11 02:00:00.000,2010,1,11,2,VRB02KT,13,09
2010-01-11 03:00:00.000,2010,1,11,3,03003KT,08,07
2010-01-11 04:00:00.000,2010,1,11,4,VRB02KT,10,09
2010-01-11 05:00:00.000,2010,1,11,5,00000KT,10,09
2010-01-11 06:00:00.000,2010,1,11,6,VRB02KT,10,09
2010-01-11 07:00:00.000,2010,1,11,7,00000KT,08,08
2010-01-11 08:00:00.000,2010,1,11,8,VRB02KT,08,08
2010-01-11 09:00:00.000,2010,1,11,9,VRB02KT,09,08
2010-01-11 10:00:00.000,2010,1,11,10,00000KT,07,07
2010-01-11 12:00:00.000,2010,1,11,12,VRB02KT,09,09
2010-01-11 13:00:00.000,2010,1,11,13,VRB02KT,11,09
2010-01-11 14:00:00.000,2010,1,11,14,08003KT,15,09
2010-01-11 15:00:00.000,2010,1,11,15,26003KT,17,09
2010-01-11 16:00:00.000,2010,1,11,16,12006KT,18,07
2010-01-11 17:00:00.000,2010,1,11,17,VRB02KT,20,07
2010-01-11 18:00:00.000,2010,1,11,18,VBR02KT,21,06
2010-01-11 19:00:00.000,2010,1,11,19,27015KT,20,11
2010-01-11 20:00:00.000,2010,1,11,20,27013KT,19,12
2010-01-11 21:00:00.000,2010,1,11,21,26012KT,18,11
2010-01-11 22:00:00.000,2010,1,11,22,26011KT,17,10
2010-01-11 23:00:00.000,2010,1,11,23,24006KT,15,11
2010-01-12 00:00:00.000,2010,1,12,0,21005KT,13,10
2010-01-12 01:00:00.000,2010,1,12,1,25003KT,12,11
2010-01-12 02:00:00.000,2010,1,12,2,00000KT,11,10
2010-01-12 03:00:00.000,2010,1,12,3,25003KT,11,09
2010-01-12 04:00:00.000,2010,1,12,4,28004KT,10,09
2010-01-12 05:00:00.000,2010,1,12,5,VRB02KT,09,08
2010-01-12 06:00:00.000,2010,1,12,6,VRB02KT,08,07
2010-01-12 07:00:00.000,2010,1,12,7,VRB02KT,07,06
2010-01-12 08:00:00.000,2010,1,12,8,30003KT,06,06
2010-01-12 09:00:00.000,2010,1,12,9,VRB02KT,06,06
2010-01-12 10:00:00.000,2010,1,12,10,VRB02KT,07,07
2010-01-12 11:00:00.000,2010,1,12,11,29003KT,06,06
2010-01-12 12:00:00.000,2010,1,12,12,VRB02KT,06,06
2010-01-12 13:00:00.000,2010,1,12,13,03005KT,10,08
2010-01-12 14:00:00.000,2010,1,12,14,VRB02KT,13,09
2010-01-12 15:00:00.000,2010,1,12,15,05005KT,16,05
2010-01-12 16:00:00.000,2010,1,12,16,VRB02KT,19,04
2010-01-12 17:00:00.000,2010,1,12,17,13006KT,21,03
2010-01-12 18:00:00.000,2010,1,12,18,27012KT,21,11
2010-01-12 19:00:00.000,2010,1,12,19,24012KT,21,12
2010-01-12 20:00:00.000,2010,1,12,20,24014KT,19,11
2010-01-12 21:00:00.000,2010,1,12,21,26010KT,17,12
2010-01-12 22:00:00.000,2010,1,12,22,29011KT,16,11
2010-01-12 23:00:00.000,2010,1,12,23,28008KT,14,11
2010-01-13 00:00:00.000,2010,1,13,0,34004KT,14,11
2010-01-13 01:00:00.000,2010,1,13,1,33004KT,13,11
2010-01-13 02:00:00.000,2010,1,13,2,VRB02KT,13,11
2010-01-13 03:00:00.000,2010,1,13,3,26005KT,13,11
2010-01-13 04:00:00.000,2010,1,13,4,VRB02KT,13,11
2010-01-13 05:00:00.000,2010,1,13,5,VRB02KT,11,08
2010-01-13 06:00:00.000,2010,1,13,6,03003KT,11,07
2010-01-13 07:00:00.000,2010,1,13,7,04003KT,11,07
2010-01-13 08:00:00.000,2010,1,13,8,04003KT,10,08
2010-01-13 09:00:00.000,2010,1,13,9,31004KT,08,06
2010-01-13 10:00:00.000,2010,1,13,10,VRB02KT,07,05
2010-01-13 11:00:00.000,2010,1,13,11,VRB02KT,05,04
2010-01-13 12:00:00.000,2010,1,13,12,04003KT,06,05
2010-01-13 13:00:00.000,2010,1,13,13,02005KT,10,06
2010-01-13 14:00:00.000,2010,1,13,14,03004KT,14,08
2010-01-13 15:00:00.000,2010,1,13,15,07005KT,17,09
2010-01-13 16:00:00.000,2010,1,13,16,29003KT,19,07
2010-01-13 17:00:00.000,2010,1,13,17,16005KT,21,06
2010-01-13 18:00:00.000,2010,1,13,18,23012KT,21,08
2010-01-13 19:00:00.000,2010,1,13,19,24010KT,21,11
2010-01-13 20:00:00.000,2010,1,13,20,24010KT,20,11
2010-01-13 21:00:00.000,2010,1,13,21,30013KT,19,12
2010-01-13 22:00:00.000,2010,1,13,22,27010KT,16,11
2010-01-13 23:00:00.000,2010,1,13,23,27006KT,14,11
2010-01-14 00:00:00.000,2010,1,14,0,31004KT,14,11
2010-01-14 01:00:00.000,2010,1,14,1,VRB02KT,12,11
2010-01-14 02:00:00.000,2010,1,14,2,VRB02KT,10,10
2010-01-14 03:00:00.000,2010,1,14,3,VRB02KT,09,08
2010-01-14 04:00:00.000,2010,1,14,4,05003KT,09,08
2010-01-14 05:00:00.000,2010,1,14,5,VRB02KT,09,08
2010-01-14 06:00:00.000,2010,1,14,6,VRB02KT,06,06
2010-01-14 07:00:00.000,2010,1,14,7,VRB02KT,05,05
2010-01-14 08:00:00.000,2010,1,14,8,00000KT,05,05
2010-01-14 09:00:00.000,2010,1,14,9,30003KT,03,03
2010-01-14 10:00:00.000,2010,1,14,10,VRB02KT,03,03
2010-01-14 11:00:00.000,2010,1,14,11,04005KT,00,00
2010-01-14 12:00:00.000,2010,1,14,12,36004KT,03,02
2010-01-14 13:00:00.000,2010,1,14,13,34004KT,07,06
2010-01-14 14:00:00.000,2010,1,14,14,02005KT,13,08
2010-01-14 15:00:00.000,2010,1,14,15,23003KT,17,06
2010-01-14 16:00:00.000,2010,1,14,16,06004KT,19,05
2010-01-14 17:00:00.000,2010,1,14,17,17012KT,21,05
2010-01-14 18:00:00.000,2010,1,14,18,18011KT,21,04
2010-01-14 19:00:00.000,2010,1,14,19,14016KT,21,05
2010-01-14 21:00:00.000,2010,1,14,21,15015KT,20,05
2010-01-14 23:00:00.000,2010,1,14,23,12004KT,17,07
2010-01-15 00:00:00.000,2010,1,15,0,14006KT,14,07
2010-01-15 01:00:00.000,2010,1,15,1,VRB02KT,13,08
2010-01-15 02:00:00.000,2010,1,15,2,04004KT,11,08
2010-01-15 03:00:00.000,2010,1,15,3,34004KT,11,08
2010-01-15 04:00:00.000,2010,1,15,4,VRB02KT,08,07
2010-01-15 05:00:00.000,2010,1,15,5,VRB02KT,08,06
2010-01-15 06:00:00.000,2010,1,15,6,VRB02KT,07,06
2010-01-15 07:00:00.000,2010,1,15,7,VRB02KT,06,05
2010-01-15 08:00:00.000,2010,1,15,8,VRB02KT,05,05
2010-01-15 09:00:00.000,2010,1,15,9,VRB02KT,04,04
2010-01-15 10:00:00.000,2010,1,15,10,00000KT,04,04
2010-01-15 11:00:00.000,2010,1,15,11,VRB02KT,03,02
2010-01-15 12:00:00.000,2010,1,15,12,04004KT,05,04
2010-01-15 13:00:00.000,2010,1,15,13,04006KT,09,07
2010-01-15 14:00:00.000,2010,1,15,14,22004KT,14,08
2010-01-15 15:00:00.000,2010,1,15,15,19006KT,16,08
2010-01-15 16:00:00.000,2010,1,15,16,19010KT,18,07
2010-01-15 17:00:00.000,2010,1,15,17,08006KT,20,08
2010-01-15 18:00:00.000,2010,1,15,18,21006KT,21,08
2010-01-15 19:00:00.000,2010,1,15,19,12010KT,20,08
2010-01-15 20:00:00.000,2010,1,15,20,10010KT,19,09
2010-01-15 21:00:00.000,2010,1,15,21,12012KT,18,09
2010-01-15 22:00:00.000,2010,1,15,22,11010KT,17,09
2010-01-15 23:00:00.000,2010,1,15,23,14012KT,17,08
2010-01-16 00:00:00.000,2010,1,16,0,14006KT,14,07
2010-01-16 01:00:00.000,2010,1,16,1,03005KT,13,09
2010-01-16 02:00:00.000,2010,1,16,2,34003KT,12,08
2010-01-16 03:00:00.000,2010,1,16,3,04003KT,11,07
2010-01-16 04:00:00.000,2010,1,16,4,36004KT,10,07
2010-01-16 05:00:00.000,2010,1,16,5,03006KT,09,07
2010-01-16 06:00:00.000,2010,1,16,6,04005KT,10,07
2010-01-16 07:00:00.000,2010,1,16,7,05004KT,09,06
2010-01-16 08:00:00.000,2010,1,16,8,09004KT,10,08
2010-01-16 09:00:00.000,2010,1,16,9,03006KT,10,08
2010-01-16 10:00:00.000,2010,1,16,10,07005KT,10,08
2010-01-16 11:00:00.000,2010,1,16,11,06007KT,11,08
2010-01-16 12:00:00.000,2010,1,16,12,04006KT,12,09
2010-01-16 13:00:00.000,2010,1,16,13,07006KT,14,09
2010-01-16 14:00:00.000,2010,1,16,14,10006KT,15,09
2010-01-16 15:00:00.000,2010,1,16,15,13010KT,16,09
2010-01-16 16:00:00.000,2010,1,16,16,13010KT,17,09
2010-01-16 17:00:00.000,2010,1,16,17,12010KT,19,09
2010-01-16 18:00:00.000,2010,1,16,18,16012KT,20,08
2010-01-16 19:00:00.000,2010,1,16,19,12011KT,19,09
2010-01-16 20:00:00.000,2010,1,16,20,10015KT,18,09
2010-01-16 21:00:00.000,2010,1,16,21,11012KT,17,09
2010-01-16 22:00:00.000,2010,1,16,22,11010KT,17,08
2010-01-16 23:00:00.000,2010,1,16,23,07010KT,15,07
2010-01-17 00:00:00.000,2010,1,17,0,10004KT,15,08
2010-01-17 01:00:00.000,2010,1,17,1,03004KT,12,08
2010-01-17 02:00:00.000,2010,1,17,2,VRB02KT,12,08
2010-01-17 03:00:00.000,2010,1,17,3,VRB02KT,12,09
2010-01-17 04:00:00.000,2010,1,17,4,03003KT,09,08
2010-01-17 05:00:00.000,2010,1,17,5,VRB02KT,09,08
2010-01-17 06:00:00.000,2010,1,17,6,04003KT,09,08
2010-01-17 07:00:00.000,2010,1,17,7,05003KT,09,08
2010-01-17 08:00:00.000,2010,1,17,8,VRB02KT,08,07
2010-01-17 09:00:00.000,2010,1,17,9,05005KT,08,08
2010-01-17 10:00:00.000,2010,1,17,10,05004KT,07,07
2010-01-17 11:00:00.000,2010,1,17,11,05009KT,09,08
2010-01-17 12:00:00.000,2010,1,17,12,08004KT,09,08
2010-01-17 13:00:00.000,2010,1,17,13,10009KT,12,08
2010-01-17 14:00:00.000,2010,1,17,14,08007KT,16,09
2010-01-17 15:00:00.000,2010,1,17,15,07012KT,18,08
2010-01-17 16:00:00.000,2010,1,17,16,10009KT,18,09
2010-01-17 17:00:00.000,2010,1,17,17,13011KT,19,08
2010-01-17 18:00:00.000,2010,1,17,18,10009KT,20,08
2010-01-17 19:00:00.000,2010,1,17,19,07005KT,21,08
2010-01-17 20:00:00.000,2010,1,17,20,09010KT,20,07
2010-01-17 21:00:00.000,2010,1,17,21,10010KT,20,05
2010-01-17 22:00:00.000,2010,1,17,22,11012KT,19,06
2010-01-17 23:00:00.000,2010,1,17,23,13006KT,17,08
2010-01-18 00:00:00.000,2010,1,18,0,06006KT,15,08
2010-01-18 01:00:00.000,2010,1,18,1,05006KT,12,08
2010-01-18 02:00:00.000,2010,1,18,2,VRB02KT,12,09
2010-01-18 03:00:00.000,2010,1,18,3,VRB02KT,11,08
2010-01-18 04:00:00.000,2010,1,18,4,35004KT,09,07
2010-01-18 05:00:00.000,2010,1,18,5,VRB02KT,09,07
2010-01-18 06:00:00.000,2010,1,18,6,VRB02KT,08,07
2010-01-18 07:00:00.000,2010,1,18,7,VRB02KT,07,06
2010-01-18 08:00:00.000,2010,1,18,8,00000KT,06,05
2010-01-18 09:00:00.000,2010,1,18,9,VRB02KT,06,05
2010-01-18 10:00:00.000,2010,1,18,10,VRB02KT,05,05
2010-01-18 11:00:00.000,2010,1,18,11,VRB02KT,04,04
2010-01-18 12:00:00.000,2010,1,18,12,07005KT,06,05
2010-01-18 13:00:00.000,2010,1,18,13,05008KT,12,09
2010-01-18 14:00:00.000,2010,1,18,14,04008KT,15,07
2010-01-18 15:00:00.000,2010,1,18,15,VRB02KT,17,05
2010-01-18 16:00:00.000,2010,1,18,16,07007KT,19,04
2010-01-18 17:00:00.000,2010,1,18,17,09008KT,19,05
2010-01-18 18:00:00.000,2010,1,18,18,13014KT,20,06
2010-01-18 19:00:00.000,2010,1,18,19,13010KT,19,07
2010-01-18 20:00:00.000,2010,1,18,20,15008KT,19,07
2010-01-18 21:00:00.000,2010,1,18,21,08012KT,18,07
2010-01-18 22:00:00.000,2010,1,18,22,12015KT,17,06
2010-01-18 23:00:00.000,2010,1,18,23,10005KT,16,05
2010-01-19 00:00:00.000,2010,1,19,0,10010KT,15,06
2010-01-19 01:00:00.000,2010,1,19,1,03003KT,15,06
2010-01-19 02:00:00.000,2010,1,19,2,03004KT,15,06
2010-01-19 03:00:00.000,2010,1,19,3,05004KT,13,06
2010-01-19 04:00:00.000,2010,1,19,4,02003KT,12,06
2010-01-19 05:00:00.000,2010,1,19,5,05004KT,11,07
2010-01-19 06:00:00.000,2010,1,19,6,05003KT,09,08
2010-01-19 07:00:00.000,2010,1,19,7,VRB02KT,09,06
2010-01-19 08:00:00.000,2010,1,19,8,05004KT,09,08
2010-01-19 09:00:00.000,2010,1,19,9,00000KT,08,08
2010-01-19 10:00:00.000,2010,1,19,10,05004KT,08,08
2010-01-19 11:00:00.000,2010,1,19,11,09006KT,07,06
2010-01-19 12:00:00.000,2010,1,19,12,VRB02KT,09,07
2010-01-19 13:00:00.000,2010,1,19,13,03005KT,12,09
2010-01-19 14:00:00.000,2010,1,19,14,07007KT,16,09
2010-01-19 15:00:00.000,2010,1,19,15,08006KT,16,09
2010-01-19 16:00:00.000,2010,1,19,16,08008KT,17,10
2010-01-19 17:00:00.000,2010,1,19,17,12008KT,18,10
2010-01-19 18:00:00.000,2010,1,19,18,05005KT,18,09
2010-01-19 19:00:00.000,2010,1,19,19,15006KT,18,09
2010-01-19 20:00:00.000,2010,1,19,20,12007KT,18,10
2010-01-19 21:00:00.000,2010,1,19,21,10004KT,18,08
2010-01-19 22:00:00.000,2010,1,19,22,06008KT,17,07
2010-01-19 23:00:00.000,2010,1,19,23,05007KT,16,07
2010-01-20 00:00:00.000,2010,1,20,0,09005KT,14,06
2010-01-20 01:00:00.000,2010,1,20,1,12010KT,13,04
2010-01-20 02:00:00.000,2010,1,20,2,04003KT,12,07
2010-01-20 03:00:00.000,2010,1,20,3,04004KT,11,06
2010-01-20 04:00:00.000,2010,1,20,4,05004KT,10,05
2010-01-20 05:00:00.000,2010,1,20,5,06007KT,09,06
2010-01-20 06:00:00.000,2010,1,20,6,06007KT,09,06
2010-01-20 07:00:00.000,2010,1,20,7,06005KT,09,06
2010-01-20 08:00:00.000,2010,1,20,8,06005KT,07,05
2010-01-20 09:00:00.000,2010,1,20,9,07005KT,08,05
2010-01-20 10:00:00.000,2010,1,20,10,05007KT,09,05
2010-01-20 11:00:00.000,2010,1,20,11,VRB02KT,10,06
2010-01-20 12:00:00.000,2010,1,20,12,04004KT,09,06
2010-01-20 13:00:00.000,2010,1,20,13,36004KT,14,06
2010-01-20 14:00:00.000,2010,1,20,14,03006KT,16,05
2010-01-20 15:00:00.000,2010,1,20,15,08011KT,18,02
2010-01-20 16:00:00.000,2010,1,20,16,09008KT,20,03
2010-01-20 17:00:00.000,2010,1,20,17,12010KT,21,03
2010-01-20 18:00:00.000,2010,1,20,18,12014KT,21,03
2010-01-20 19:00:00.000,2010,1,20,19,13015KT,21,05
2010-01-20 20:00:00.000,2010,1,20,20,14014KT,21,07
2010-01-20 21:00:00.000,2010,1,20,21,15012KT,20,05
2010-01-20 22:00:00.000,2010,1,20,22,16010KT,18,04
2010-01-20 23:00:00.000,2010,1,20,23,14010KT,16,05
2010-01-21 00:00:00.000,2010,1,21,0,12010KT,14,05
2010-01-21 01:00:00.000,2010,1,21,1,11005KT,12,05
2010-01-21 02:00:00.000,2010,1,21,2,VRB02KT,11,04
2010-01-21 03:00:00.000,2010,1,21,3,VRB02KT,09,04
2010-01-21 04:00:00.000,2010,1,21,4,VRB02KT,09,05
2010-01-21 05:00:00.000,2010,1,21,5,VRB02KT,07,04
2010-01-21 06:00:00.000,2010,1,21,6,06004KT,07,05
2010-01-21 07:00:00.000,2010,1,21,7,VRB02KT,05,04
2010-01-21 08:00:00.000,2010,1,21,8,VRB02KT,05,05
2010-01-21 09:00:00.000,2010,1,21,9,VRB02KT,05,05
2010-01-21 10:00:00.000,2010,1,21,10,VRB02KT,05,05
2010-01-21 11:00:00.000,2010,1,21,11,00000KT,03,03
2010-01-21 12:00:00.000,2010,1,21,12,03005KT,05,03
2010-01-21 13:00:00.000,2010,1,21,13,05007KT,11,06
2010-01-21 14:00:00.000,2010,1,21,14,10004KT,15,05
2010-01-21 15:00:00.000,2010,1,21,15,02004KT,17,03
2010-01-21 16:00:00.000,2010,1,21,16,11011KT,20,01
2010-01-21 17:00:00.000,2010,1,21,17,11010KT,21,03
2010-01-21 18:00:00.000,2010,1,21,18,10012KT,22,06
2010-01-21 19:00:00.000,2010,1,21,19,09010KT,21,06
2010-01-21 20:00:00.000,2010,1,21,20,11009KT,21,06
2010-01-21 21:00:00.000,2010,1,21,21,12010KT,21,08
2010-01-21 22:00:00.000,2010,1,21,22,13014KT,20,09
2010-01-21 23:00:00.000,2010,1,21,23,16014KT,17,08
2010-01-22 00:00:00.000,2010,1,22,0,14008KT,14,08
2010-01-22 01:00:00.000,2010,1,22,1,14008KT,13,08
2010-01-22 02:00:00.000,2010,1,22,2,08003KT,13,08
2010-01-22 03:00:00.000,2010,1,22,3,05005KT,10,06
2010-01-22 04:00:00.000,2010,1,22,4,05005KT,08,06
2010-01-22 05:00:00.000,2010,1,22,5,04004KT,07,05
2010-01-22 06:00:00.000,2010,1,22,6,06005KT,07,05
2010-01-22 07:00:00.000,2010,1,22,7,VRB02KT,07,05
2010-01-22 08:00:00.000,2010,1,22,8,27004KT,04,04
2010-01-22 09:00:00.000,2010,1,22,9,32004KT,04,04
2010-01-22 10:00:00.000,2010,1,22,10,VRB02KT,03,03
2010-01-22 11:00:00.000,2010,1,22,11,VRB02KT,03,03
2010-01-22 12:00:00.000,2010,1,22,12,03004KT,05,04
2010-01-22 13:00:00.000,2010,1,22,13,VRB02KT,10,08
2010-01-22 14:00:00.000,2010,1,22,14,05005KT,14,06
2010-01-22 15:00:00.000,2010,1,22,15,VRB02KT,17,05
2010-01-22 16:00:00.000,2010,1,22,16,VRB02KT,19,05
2010-01-22 17:00:00.000,2010,1,22,17,VRB02KT,21,05
2010-01-22 18:00:00.000,2010,1,22,18,24012KT,23,04
2010-01-22 19:00:00.000,2010,1,22,19,23011KT,19,12
2010-01-22 20:00:00.000,2010,1,22,20,24012KT,19,12
2010-01-22 21:00:00.000,2010,1,22,21,24010KT,17,11
2010-01-22 22:00:00.000,2010,1,22,22,22008KT,16,11
2010-01-22 23:00:00.000,2010,1,22,23,VRB02KT,16,12
2010-01-23 00:00:00.000,2010,1,23,0,33003KT,13,10
2010-01-23 01:00:00.000,2010,1,23,1,VRB02KT,12,09
2010-01-23 02:00:00.000,2010,1,23,2,VRB02KT,13,07
2010-01-23 03:00:00.000,2010,1,23,3,00000KT,13,08
2010-01-23 04:00:00.000,2010,1,23,4,04004KT,12,08
2010-01-23 05:00:00.000,2010,1,23,5,05004KT,10,08
2010-01-23 06:00:00.000,2010,1,23,6,VRB02KT,09,07
2010-01-23 07:00:00.000,2010,1,23,7,03003KT,08,06
2010-01-23 08:00:00.000,2010,1,23,8,VRB02KT,08,06
2010-01-23 09:00:00.000,2010,1,23,9,33003KT,07,06
2010-01-23 10:00:00.000,2010,1,23,10,00000KT,06,06
2010-01-23 11:00:00.000,2010,1,23,11,00000KT,06,06
2010-01-23 12:00:00.000,2010,1,23,12,VRB02KT,04,04
2010-01-23 13:00:00.000,2010,1,23,13,VRB02KT,10,08
2010-01-23 14:00:00.000,2010,1,23,14,VRB02KT,14,09
2010-01-23 15:00:00.000,2010,1,23,15,VRB02KT,17,08
2010-01-23 16:00:00.000,2010,1,23,16,VRB02KT,19,08
2010-01-23 17:00:00.000,2010,1,23,17,24006KT,21,09
2010-01-23 18:00:00.000,2010,1,23,18,27014KT,20,11
2010-01-23 19:00:00.000,2010,1,23,19,27014KT,19,11
2010-01-23 20:00:00.000,2010,1,23,20,26012KT,20,13
2010-01-23 21:00:00.000,2010,1,23,21,22010KT,17,12
2010-01-23 22:00:00.000,2010,1,23,22,24006KT,16,12
2010-01-23 23:00:00.000,2010,1,23,23,03004KT,15,12
2010-01-24 00:00:00.000,2010,1,24,0,02003KT,15,12
2010-01-24 01:00:00.000,2010,1,24,1,VRB02KT,15,12
2010-01-24 02:00:00.000,2010,1,24,2,00000KT,14,12
2010-01-24 03:00:00.000,2010,1,24,3,VRB02KT,14,11
2010-01-24 04:00:00.000,2010,1,24,4,34003KT,13,12
2010-01-24 05:00:00.000,2010,1,24,5,VRB02KT,13,12
2010-01-24 06:00:00.000,2010,1,24,6,VRB02KT,14,11
2010-01-24 07:00:00.000,2010,1,24,7,05003KT,13,11
2010-01-24 08:00:00.000,2010,1,24,8,33004KT,12,11
2010-01-24 09:00:00.000,2010,1,24,9,VRB02KT,12,10
2010-01-24 10:00:00.000,2010,1,24,10,05006KT,12,10
2010-01-24 11:00:00.000,2010,1,24,11,03005KT,13,10
2010-01-24 12:00:00.000,2010,1,24,12,VRB02KT,14,11
2010-01-24 13:00:00.000,2010,1,24,13,08005KT,15,11
2010-01-24 14:00:00.000,2010,1,24,14,22004KT,17,10
2010-01-24 15:00:00.000,2010,1,24,15,07003KT,18,10
2010-01-24 16:00:00.000,2010,1,24,16,11004KT,19,09
2010-01-24 17:00:00.000,2010,1,24,17,VRB02KT,20,11
2010-01-24 18:00:00.000,2010,1,24,18,27010KT,20,13
2010-01-24 19:00:00.000,2010,1,24,19,27012KT,19,13
2010-01-24 20:00:00.000,2010,1,24,20,21008KT,16,13
2010-01-24 21:00:00.000,2010,1,24,21,25006KT,17,13
2010-01-24 22:00:00.000,2010,1,24,22,22004KT,17,13
2010-01-24 23:00:00.000,2010,1,24,23,25004KT,15,11
2010-01-25 00:00:00.000,2010,1,25,0,VRB02KT,15,12
2010-01-25 01:00:00.000,2010,1,25,1,02004KT,13,11
2010-01-25 02:00:00.000,2010,1,25,2,31003KT,13,11
2010-01-25 03:00:00.000,2010,1,25,3,00000KT,13,11
2010-01-25 04:00:00.000,2010,1,25,4,14003KT,13,09
2010-01-25 05:00:00.000,2010,1,25,5,14003KT,13,09
2010-01-25 06:00:00.000,2010,1,25,6,VRB02KT,12,09
2010-01-25 07:00:00.000,2010,1,25,7,VRB02KT,10,09
2010-01-25 08:00:00.000,2010,1,25,8,08003KT,11,08
2010-01-25 09:00:00.000,2010,1,25,9,05005KT,09,08
2010-01-25 10:00:00.000,2010,1,25,10,00000KT,08,08
2010-01-25 11:00:00.000,2010,1,25,11,VRB02KT,08,08
2010-01-25 12:00:00.000,2010,1,25,12,05003KT,11,10
2010-01-25 13:00:00.000,2010,1,25,13,06005KT,13,10
2010-01-25 14:00:00.000,2010,1,25,14,07006KT,16,10
2010-01-25 15:00:00.000,2010,1,25,15,14006KT,18,09
2010-01-25 16:00:00.000,2010,1,25,16,19006KT,19,08
2010-01-25 17:00:00.000,2010,1,25,17,22008KT,19,10
2010-01-25 18:00:00.000,2010,1,25,18,22008KT,20,11
2010-01-25 19:00:00.000,2010,1,25,19,30015KT,21,12
2010-01-25 20:00:00.000,2010,1,25,20,29010KT,19,11
2010-01-25 21:00:00.000,2010,1,25,21,28010KT,20,11
2010-01-25 22:00:00.000,2010,1,25,22,30008KT,19,11
2010-01-25 23:00:00.000,2010,1,25,23,30004KT,16,10
2010-01-26 00:00:00.000,2010,1,26,0,00000KT,14,09
2010-01-26 01:00:00.000,2010,1,26,1,VRB02KT,14,08
2010-01-26 02:00:00.000,2010,1,26,2,VRB02KT,13,11
2010-01-26 03:00:00.000,2010,1,26,3,33004KT,12,09
2010-01-26 04:00:00.000,2010,1,26,4,03003KT,11,10
2010-01-26 05:00:00.000,2010,1,26,5,25003KT,11,10
2010-01-26 06:00:00.000,2010,1,26,6,27005KT,10,09
2010-01-26 07:00:00.000,2010,1,26,7,12003KT,10,09
2010-01-26 08:00:00.000,2010,1,26,8,27003KT,10,09
2010-01-26 09:00:00.000,2010,1,26,9,VRB02KT,10,09
2010-01-26 10:00:00.000,2010,1,26,10,00000KT,10,09
2010-01-26 11:00:00.000,2010,1,26,11,00000KT,08,08
2010-01-26 12:00:00.000,2010,1,26,12,04004KT,,
2010-01-26 14:00:00.000,2010,1,26,14,12003KT,17,11
2010-01-26 15:00:00.000,2010,1,26,15,26003KT,17,11
2010-01-26 16:00:00.000,2010,1,26,16,10006KT,19,10
2010-01-26 17:00:00.000,2010,1,26,17,13006KT,19,09
2010-01-26 18:00:00.000,2010,1,26,18,21004KT,20,09
2010-01-26 19:00:00.000,2010,1,26,19,18006KT,20,12
2010-01-26 20:00:00.000,2010,1,26,20,27010KT,19,12
2010-01-26 21:00:00.000,2010,1,26,21,28010KT,18,13
2010-01-26 22:00:00.000,2010,1,26,22,27006KT,18,11
2010-01-26 23:00:00.000,2010,1,26,23,28010KT,16,10
2010-01-27 00:00:00.000,2010,1,27,0,29004KT,14,11
2010-01-27 01:00:00.000,2010,1,27,1,35006KT,14,10
2010-01-27 02:00:00.000,2010,1,27,2,VRB02KT,13,11
2010-01-27 03:00:00.000,2010,1,27,3,VRB02KT,12,10
2010-01-27 04:00:00.000,2010,1,27,4,VRB02KT,12,10
2010-01-27 05:00:00.000,2010,1,27,5,VRB02KT,12,10
2010-01-27 06:00:00.000,2010,1,27,6,VRB02KT,11,10
2010-01-27 07:00:00.000,2010,1,27,7,00000KT,11,10
2010-01-27 08:00:00.000,2010,1,27,8,00000KT,10,09
2010-01-27 09:00:00.000,2010,1,27,9,VRB02KT,08,08
2010-01-27 10:00:00.000,2010,1,27,10,00000KT,07,07
2010-01-27 11:00:00.000,2010,1,27,11,VRB02KT,07,06
2010-01-27 12:00:00.000,2010,1,27,12,33003KT,07,07
2010-01-27 13:00:00.000,2010,1,27,13,06005KT,11,10
2010-01-27 14:00:00.000,2010,1,27,14,09004KT,15,09
2010-01-27 15:00:00.000,2010,1,27,15,10003KT,16,10
2010-01-27 16:00:00.000,2010,1,27,16,07004KT,18,10
2010-01-27 17:00:00.000,2010,1,27,17,33005KT,20,10
2010-01-27 18:00:00.000,2010,1,27,18,VRB02KT,20,09
2010-01-27 19:00:00.000,2010,1,27,19,24010KT,19,11
2010-01-27 20:00:00.000,2010,1,27,20,25012KT,20,13
2010-01-27 21:00:00.000,2010,1,27,21,27010KT,18,12
2010-01-27 22:00:00.000,2010,1,27,22,34007KT,14,13
2010-01-27 23:00:00.000,2010,1,27,23,VRB02KT,13,12
2010-01-28 01:00:00.000,2010,1,28,1,00000KT,12,12
2010-01-28 02:00:00.000,2010,1,28,2,VRB02KT,13,12
2010-01-28 03:00:00.000,2010,1,28,3,VRB02KT,12,12
2010-01-28 04:00:00.000,2010,1,28,4,VRB02KT,13,12
2010-01-28 05:00:00.000,2010,1,28,5,05004KT,12,11
2010-01-28 06:00:00.000,2010,1,28,6,VRB02KT,11,11
2010-01-28 07:00:00.000,2010,1,28,7,04004KT,10,09
2010-01-28 08:00:00.000,2010,1,28,8,VRB02KT,10,10
2010-01-28 09:00:00.000,2010,1,28,9,VRB02KT,09,09
2010-01-28 10:00:00.000,2010,1,28,10,05003KT,10,10
2010-01-28 11:00:00.000,2010,1,28,11,05004KT,09,09
2010-01-28 12:00:00.000,2010,1,28,12,VRB02KT,10,09
2010-01-28 13:00:00.000,2010,1,28,13,03006KT,12,10
2010-01-28 14:00:00.000,2010,1,28,14,06008KT,14,12
2010-01-28 15:00:00.000,2010,1,28,15,03006KT,15,11
2010-01-28 16:00:00.000,2010,1,28,16,18006KT,16,11
2010-01-28 17:00:00.000,2010,1,28,17,09006KT,17,10
2010-01-28 18:00:00.000,2010,1,28,18,11010KT,19,10
2010-01-28 19:00:00.000,2010,1,28,19,VRB02KT,20,09
2010-01-28 20:00:00.000,2010,1,28,20,19008KT,21,11
2010-01-28 21:00:00.000,2010,1,28,21,16008KT,21,07
2010-01-28 22:00:00.000,2010,1,28,22,26010KT,17,13
2010-01-28 23:00:00.000,2010,1,28,23,25007KT,15,13
2010-01-29 00:00:00.000,2010,1,29,0,34004KT,14,12
2010-01-29 01:00:00.000,2010,1,29,1,36003KT,13,12
2010-01-29 02:00:00.000,2010,1,29,2,VRB02KT,13,12
2010-01-29 03:00:00.000,2010,1,29,3,06004KT,13,10
2010-01-29 04:00:00.000,2010,1,29,4,06003KT,11,09
2010-01-29 05:00:00.000,2010,1,29,5,VRB02KT,10,08
2010-01-29 06:00:00.000,2010,1,29,6,04003KT,09,08
2010-01-29 07:00:00.000,2010,1,29,7,05006KT,09,08
2010-01-29 08:00:00.000,2010,1,29,8,03003KT,09,08
2010-01-29 09:00:00.000,2010,1,29,9,08003KT,09,08
2010-01-29 10:00:00.000,2010,1,29,10,VRB02KT,09,08
2010-01-29 11:00:00.000,2010,1,29,11,06005KT,10,08
2010-01-29 12:00:00.000,2010,1,29,12,04003KT,10,09
2010-01-29 13:00:00.000,2010,1,29,13,15005KT,14,08
2010-01-29 14:00:00.000,2010,1,29,14,09008KT,15,06
2010-01-29 15:00:00.000,2010,1,29,15,05008KT,17,06
2010-01-29 16:00:00.000,2010,1,29,16,08008KT,19,04
2010-01-29 17:00:00.000,2010,1,29,17,12009KT,21,04
2010-01-29 18:00:00.000,2010,1,29,18,20008KT,21,05
2010-01-29 19:00:00.000,2010,1,29,19,15012KT,22,07
2010-01-29 20:00:00.000,2010,1,29,20,292000Z,22,08
2010-01-29 21:00:00.000,2010,1,29,21,20006KT,21,12
2010-01-29 22:00:00.000,2010,1,29,22,16012KT,19,09
2010-01-29 23:00:00.000,2010,1,29,23,17010KT,17,08
2010-01-30 00:00:00.000,2010,1,30,0,16010KT,14,07
2010-01-30 01:00:00.000,2010,1,30,1,16010KT,13,07
2010-01-30 02:00:00.000,2010,1,30,2,12005KT,12,09
2010-01-30 03:00:00.000,2010,1,30,3,04006KT,11,09
2010-01-30 04:00:00.000,2010,1,30,4,05006KT,10,08
2010-01-30 05:00:00.000,2010,1,30,5,VRB02KT,10,08
2010-01-30 06:00:00.000,2010,1,30,6,VRB02KT,10,08
2010-01-30 07:00:00.000,2010,1,30,7,VRB02KT,10,09
2010-01-30 08:00:00.000,2010,1,30,8,VRB02KT,10,09
2010-01-30 09:00:00.000,2010,1,30,9,34004KT,09,08
2010-01-30 10:00:00.000,2010,1,30,10,04004KT,08,08
2010-01-30 11:00:00.000,2010,1,30,11,03006KT,09,07
2010-01-30 12:00:00.000,2010,1,30,12,11004KT,11,08
2010-01-30 13:00:00.000,2010,1,30,13,11010KT,14,08
2010-01-30 14:00:00.000,2010,1,30,14,15006KT,16,07
2010-01-30 15:00:00.000,2010,1,30,15,17004KT,18,07
2010-01-30 16:00:00.000,2010,1,30,16,14006KT,20,07
2010-01-30 17:00:00.000,2010,1,30,17,14010KT,20,07
2010-01-30 18:00:00.000,2010,1,30,18,11012KT,20,08
2010-01-30 19:00:00.000,2010,1,30,19,16012KT,21,09
2010-01-30 20:00:00.000,2010,1,30,20,12010KT,20,10
2010-01-30 21:00:00.000,2010,1,30,21,10010KT,18,08
2010-01-30 22:00:00.000,2010,1,30,22,11009KT,17,08
2010-01-30 23:00:00.000,2010,1,30,23,15010KT,16,09
2010-01-31 00:00:00.000,2010,1,31,0,14008KT,15,09
2010-01-31 01:00:00.000,2010,1,31,1,09006KT,15,09
2010-01-31 02:00:00.000,2010,1,31,2,18004KT,14,09
2010-01-31 03:00:00.000,2010,1,31,3,18010KT,14,09
2010-01-31 04:00:00.000,2010,1,31,4,15006KT,13,09
2010-01-31 05:00:00.000,2010,1,31,5,06006KT,12,10
2010-01-31 06:00:00.000,2010,1,31,6,03004KT,12,09
2010-01-31 07:00:00.000,2010,1,31,7,03003KT,09,07
2010-01-31 08:00:00.000,2010,1,31,8,06003KT,08,08
2010-01-31 09:00:00.000,2010,1,31,9,06004KT,08,06
2010-01-31 10:00:00.000,2010,1,31,10,06006KT,08,08
2010-01-31 11:00:00.000,2010,1,31,11,04004KT,07,06
2010-01-31 12:00:00.000,2010,1,31,12,03005KT,07,06
2010-01-31 13:00:00.000,2010,1,31,13,05005KT,13,09
2010-01-31 14:00:00.000,2010,1,31,14,07007KT,15,08
2010-01-31 15:00:00.000,2010,1,31,15,13007KT,18,08
2010-01-31 16:00:00.000,2010,1,31,16,13010KT,19,08
2010-01-31 17:00:00.000,2010,1,31,17,11012KT,20,06
2010-01-31 18:00:00.000,2010,1,31,18,11014KT,23,06
2010-01-31 19:00:00.000,2010,1,31,19,09012KT,22,07
2010-01-31 20:00:00.000,2010,1,31,20,12012KT,22,07
2010-01-31 21:00:00.000,2010,1,31,21,13012KT,21,07
2010-01-31 22:00:00.000,2010,1,31,22,10012KT,19,06
2010-01-31 23:00:00.000,2010,1,31,23,11012KT,17,07
2010-02-01 00:00:00.000,2010,2,1,0,13006KT,16,08
2010-02-01 01:00:00.000,2010,2,1,1,10009KT,15,08
2010-02-01 02:00:00.000,2010,2,1,2,12006KT,15,09
2010-02-01 03:00:00.000,2010,2,1,3,10005KT,14,08
2010-02-01 04:00:00.000,2010,2,1,4,14004KT,13,08
2010-02-01 05:00:00.000,2010,2,1,5,14008KT,12,07
2010-02-01 06:00:00.000,2010,2,1,6,04003KT,09,08
2010-02-01 07:00:00.000,2010,2,1,7,05004KT,08,07
2010-02-01 08:00:00.000,2010,2,1,8,05005KT,08,07
2010-02-01 09:00:00.000,2010,2,1,9,04006KT,08,07
2010-02-01 10:00:00.000,2010,2,1,10,05006KT,07,06
2010-02-01 11:00:00.000,2010,2,1,11,03003KT,09,08
2010-02-01 12:00:00.000,2010,2,1,12,05010KT,11,08
2010-02-01 13:00:00.000,2010,2,1,13,05010KT,14,10
2010-02-01 14:00:00.000,2010,2,1,14,07010KT,17,09
2010-02-01 15:00:00.000,2010,2,1,15,13012KT,19,08
2010-02-01 16:00:00.000,2010,2,1,16,11012KT,22,09
2010-02-01 17:00:00.000,2010,2,1,17,12016KT,22,08
2010-02-01 18:00:00.000,2010,2,1,18,11014KT,23,06
2010-02-01 19:00:00.000,2010,2,1,19,12016KT,23,06
2010-02-01 20:00:00.000,2010,2,1,20,14018KT,23,06
2010-02-01 21:00:00.000,2010,2,1,21,13015G25KT,22,06
2010-02-01 22:00:00.000,2010,2,1,22,15016KT,20,07
2010-02-01 23:00:00.000,2010,2,1,23,17014KT,18,09
2010-02-02 00:00:00.000,2010,2,2,0,16012KT,16,09
2010-02-02 01:00:00.000,2010,2,2,1,14008KT,14,09
2010-02-02 02:00:00.000,2010,2,2,2,15008KT,14,09
2010-02-02 03:00:00.000,2010,2,2,3,13012KT,14,09
2010-02-02 04:00:00.000,2010,2,2,4,09004KT,14,08
2010-02-02 05:00:00.000,2010,2,2,5,VRB02KT,13,09
2010-02-02 06:00:00.000,2010,2,2,6,04006KT,11,09
2010-02-02 07:00:00.000,2010,2,2,7,04005KT,11,09
2010-02-02 08:00:00.000,2010,2,2,8,06005KT,10,09
2010-02-02 09:00:00.000,2010,2,2,9,05006KT,11,10
2010-02-02 10:00:00.000,2010,2,2,10,05008KT,11,09
2010-02-02 11:00:00.000,2010,2,2,11,05005KT,11,09
2010-02-02 12:00:00.000,2010,2,2,12,06006KT,10,09
2010-02-02 13:00:00.000,2010,2,2,13,08006KT,13,09
2010-02-02 14:00:00.000,2010,2,2,14,14012KT,18,09
2010-02-02 15:00:00.000,2010,2,2,15,10010KT,19,09
2010-02-02 16:00:00.000,2010,2,2,16,05012KT,19,09
2010-02-02 17:00:00.000,2010,2,2,17,15012KT,21,09
2010-02-02 18:00:00.000,2010,2,2,18,12012KT,22,09
2010-02-02 19:00:00.000,2010,2,2,19,14010KT,22,10
2010-02-02 20:00:00.000,2010,2,2,20,14011KT,22,10
2010-02-02 21:00:00.000,2010,2,2,21,16015KT,21,10
2010-02-02 23:00:00.000,2010,2,2,23,14010KT,18,10
2010-02-03 00:00:00.000,2010,2,3,0,11006KT,15,09
2010-02-03 01:00:00.000,2010,2,3,1,09008KT,14,08
2010-02-03 02:00:00.000,2010,2,3,2,08010KT,14,09
2010-02-03 03:00:00.000,2010,2,3,3,05008KT,13,10
2010-02-03 04:00:00.000,2010,2,3,4,05007KT,11,09
2010-02-03 05:00:00.000,2010,2,3,5,06004KT,11,09
2010-02-03 06:00:00.000,2010,2,3,6,03003KT,10,09
2010-02-03 07:00:00.000,2010,2,3,7,01004KT,09,08
2010-02-03 08:00:00.000,2010,2,3,8,VRB02KT,09,08
2010-02-03 09:00:00.000,2010,2,3,9,VRB02KT,09,08
2010-02-03 10:00:00.000,2010,2,3,10,VRB02KT,09,08
2010-02-03 11:00:00.000,2010,2,3,11,04007KT,10,08
2010-02-03 12:00:00.000,2010,2,3,12,04008KT,11,10
2010-02-03 13:00:00.000,2010,2,3,13,07010KT,15,12
2010-02-03 14:00:00.000,2010,2,3,14,07008KT,18,12
2010-02-03 15:00:00.000,2010,2,3,15,13012KT,20,11
2010-02-03 16:00:00.000,2010,2,3,16,13012KT,21,10
2010-02-03 17:00:00.000,2010,2,3,17,14014KT,22,10
2010-02-03 18:00:00.000,2010,2,3,18,14008KT,22,10
2010-02-03 19:00:00.000,2010,2,3,19,14009KT,22,10
2010-02-03 20:00:00.000,2010,2,3,20,15012KT,22,10
2010-02-03 21:00:00.000,2010,2,3,21,15015KT,22,10
2010-02-03 22:00:00.000,2010,2,3,22,11013KT,21,09
2010-02-03 23:00:00.000,2010,2,3,23,14010KT,19,09
2010-02-04 00:00:00.000,2010,2,4,0,06005KT,17,10
2010-02-04 01:00:00.000,2010,2,4,1,VRB02KT,15,10
2010-02-04 02:00:00.000,2010,2,4,2,07004KT,15,10
2010-02-04 03:00:00.000,2010,2,4,3,VRB02KT,13,10
2010-02-04 04:00:00.000,2010,2,4,4,05005KT,12,09
2010-02-04 05:00:00.000,2010,2,4,5,04006KT,10,08
2010-02-04 06:00:00.000,2010,2,4,6,03004KT,10,09
2010-02-04 07:00:00.000,2010,2,4,7,05004KT,09,08
2010-02-04 08:00:00.000,2010,2,4,8,VRB02KT,08,08
2010-02-04 09:00:00.000,2010,2,4,9,06006KT,09,08
2010-02-04 10:00:00.000,2010,2,4,10,06006KT,10,09
2010-02-04 11:00:00.000,2010,2,4,11,05003KT,09,08
2010-02-04 12:00:00.000,2010,2,4,12,04006KT,12,10
2010-02-04 13:00:00.000,2010,2,4,13,06007KT,14,11
2010-02-04 14:00:00.000,2010,2,4,14,14012KT,18,09
2010-02-04 15:00:00.000,2010,2,4,15,11007KT,19,09
2010-02-04 16:00:00.000,2010,2,4,16,11010KT,20,09
2010-02-04 17:00:00.000,2010,2,4,17,10011KT,21,08
2010-02-04 18:00:00.000,2010,2,4,18,12012KT,22,07
2010-02-04 19:00:00.000,2010,2,4,19,14014KT,22,06
2010-02-04 20:00:00.000,2010,2,4,20,15014KT,22,07
2010-02-04 21:00:00.000,2010,2,4,21,13012KT,22,07
2010-02-04 22:00:00.000,2010,2,4,22,13014KT,20,09
2010-02-04 23:00:00.000,2010,2,4,23,09012KT,19,08
2010-02-05 00:00:00.000,2010,2,5,0,13009KT,17,09
2010-02-05 01:00:00.000,2010,2,5,1,08004KT,16,09
2010-02-05 02:00:00.000,2010,2,5,2,04005KT,14,07
2010-02-05 04:00:00.000,2010,2,5,4,05005KT,12,08
2010-02-05 06:00:00.000,2010,2,5,6,01003KT,11,09
2010-02-05 07:00:00.000,2010,2,5,7,VRB02KT,11,08
2010-02-05 08:00:00.000,2010,2,5,8,VRB02KT,10,08
2010-02-05 09:00:00.000,2010,2,5,9,06003KT,10,09
2010-02-05 10:00:00.000,2010,2,5,10,03004KT,10,09
2010-02-05 11:00:00.000,2010,2,5,11,35003KT,08,08
2010-02-05 12:00:00.000,2010,2,5,12,VRB02KT,08,07
2010-02-05 13:00:00.000,2010,2,5,13,05004KT,13,11
2010-02-05 14:00:00.000,2010,2,5,14,30003KT,17,10
2010-02-05 15:00:00.000,2010,2,5,15,VRB02KT,19,11
2010-02-05 16:00:00.000,2010,2,5,16,04006KT,21,11
2010-02-05 17:00:00.000,2010,2,5,17,16006KT,23,08
2010-02-05 18:00:00.000,2010,2,5,18,24008KT,23,08
2010-02-05 19:00:00.000,2010,2,5,19,26008KT,23,13
2010-02-05 20:00:00.000,2010,2,5,20,29012KT,20,13
2010-02-05 21:00:00.000,2010,2,5,21,27012KT,20,13
2010-02-05 22:00:00.000,2010,2,5,22,27010KT,18,13
2010-02-05 23:00:00.000,2010,2,5,23,28010KT,17,14
2010-02-06 00:00:00.000,2010,2,6,0,30004KT,16,14
2010-02-06 01:00:00.000,2010,2,6,1,29005KT,14,12
2010-02-06 02:00:00.000,2010,2,6,2,24005KT,13,12
2010-02-06 03:00:00.000,2010,2,6,3,02003KT,14,13
2010-02-06 04:00:00.000,2010,2,6,4,VRB02KT,14,12
2010-02-06 05:00:00.000,2010,2,6,5,VRB02KT,14,11
2010-02-06 06:00:00.000,2010,2,6,6,VRB02KT,13,11
2010-02-06 07:00:00.000,2010,2,6,7,VRB02KT,13,11
2010-02-06 08:00:00.000,2010,2,6,8,33005KT,13,11
2010-02-06 09:00:00.000,2010,2,6,9,05005KT,13,11
2010-02-06 10:00:00.000,2010,2,6,10,04006KT,13,11
2010-02-06 11:00:00.000,2010,2,6,11,05006KT,12,10
2010-02-06 12:00:00.000,2010,2,6,12,04008KT,13,10
2010-02-06 13:00:00.000,2010,2,6,13,04009KT,14,11
2010-02-06 14:00:00.000,2010,2,6,14,07007KT,16,11
2010-02-06 15:00:00.000,2010,2,6,15,09005KT,18,09
2010-02-06 16:00:00.000,2010,2,6,16,05005KT,20,07
2010-02-06 17:00:00.000,2010,2,6,17,29010KT,21,11
2010-02-06 18:00:00.000,2010,2,6,18,29012KT,21,12
2010-02-06 19:00:00.000,2010,2,6,19,28015KT,19,12
2010-02-06 20:00:00.000,2010,2,6,20,28012KT,19,13
2010-02-06 21:00:00.000,2010,2,6,21,28014KT,19,13
2010-02-06 22:00:00.000,2010,2,6,22,27008KT,18,12
2010-02-06 23:00:00.000,2010,2,6,23,29008KT,16,13
2010-02-07 00:00:00.000,2010,2,7,0,33005KT,14,12
2010-02-07 01:00:00.000,2010,2,7,1,29005KT,14,12
2010-02-07 03:00:00.000,2010,2,7,3,29004KT,13,12
2010-02-07 04:00:00.000,2010,2,7,4,VRB02KT,13,12
2010-02-07 05:00:00.000,2010,2,7,5,VRB02KT,13,12
2010-02-07 06:00:00.000,2010,2,7,6,VRB02KT,12,11
2010-02-07 07:00:00.000,2010,2,7,7,VRB02KT,12,11
2010-02-07 08:00:00.000,2010,2,7,8,VRB02KT,10,09
2010-02-07 09:00:00.000,2010,2,7,9,04004KT,10,09
2010-02-07 10:00:00.000,2010,2,7,10,04005KT,11,10
2010-02-07 11:00:00.000,2010,2,7,11,05006KT,11,10
2010-02-07 12:00:00.000,2010,2,7,12,05005KT,11,09
2010-02-07 13:00:00.000,2010,2,7,13,05010KT,13,09
2010-02-07 14:00:00.000,2010,2,7,14,05010KT,16,09
2010-02-07 15:00:00.000,2010,2,7,15,11009KT,19,07
2010-02-07 16:00:00.000,2010,2,7,16,16009KT,20,05
2010-02-07 17:00:00.000,2010,2,7,17,14008KT,21,07
2010-02-07 18:00:00.000,2010,2,7,18,16008KT,22,08
2010-02-07 19:00:00.000,2010,2,7,19,25011KT,21,12
2010-02-07 20:00:00.000,2010,2,7,20,24012KT,20,12
2010-02-07 21:00:00.000,2010,2,7,21,28011KT,19,13
2010-02-07 22:00:00.000,2010,2,7,22,29008KT,17,12
2010-02-07 23:00:00.000,2010,2,7,23,26007KT,15,12
2010-02-08 00:00:00.000,2010,2,8,0,VRB02KT,13,11
2010-02-08 01:00:00.000,2010,2,8,1,VRB02KT,13,12
2010-02-08 02:00:00.000,2010,2,8,2,VRB02KT,12,11
2010-02-08 03:00:00.000,2010,2,8,3,VRB02KT,09,09
2010-02-08 04:00:00.000,2010,2,8,4,35004KT,09,08
2010-02-08 05:00:00.000,2010,2,8,5,VRB02KT,08,08
2010-02-08 06:00:00.000,2010,2,8,6,VRB02KT,07,07
2010-02-08 07:00:00.000,2010,2,8,7,00000KT,06,06
2010-02-08 08:00:00.000,2010,2,8,8,00000KT,06,06
2010-02-08 11:00:00.000,2010,2,8,11,VRB02KT,06,05
2010-02-08 12:00:00.000,2010,2,8,12,VRB02KT,07,07
2010-02-08 13:00:00.000,2010,2,8,13,05005KT,12,09
2010-02-08 14:00:00.000,2010,2,8,14,07004KT,17,11
2010-02-08 15:00:00.000,2010,2,8,15,14012KT,18,09
2010-02-08 16:00:00.000,2010,2,8,16,16014KT,19,10
2010-02-08 17:00:00.000,2010,2,8,17,16016KT,19,09
2010-02-08 18:00:00.000,2010,2,8,18,14012KT,20,09
2010-02-08 19:00:00.000,2010,2,8,19,15012KT,22,10
2010-02-08 20:00:00.000,2010,2,8,20,16013KT,21,07
2010-02-08 21:00:00.000,2010,2,8,21,20008KT,21,12
2010-02-08 22:00:00.000,2010,2,8,22,23010KT,19,11
2010-02-08 23:00:00.000,2010,2,8,23,24010KT,17,12
2010-02-09 00:00:00.000,2010,2,9,0,30004KT,15,12
2010-02-09 01:00:00.000,2010,2,9,1,32004KT,13,12
2010-02-09 02:00:00.000,2010,2,9,2,04003KT,13,11
2010-02-09 03:00:00.000,2010,2,9,3,04003KT,13,11
2010-02-09 04:00:00.000,2010,2,9,4,02003KT,12,11
2010-02-09 05:00:00.000,2010,2,9,5,04004KT,12,11
2010-02-09 06:00:00.000,2010,2,9,6,03003KT,12,11
2010-02-09 07:00:00.000,2010,2,9,7,05005KT,13,11
2010-02-09 08:00:00.000,2010,2,9,8,04006KT,13,11
2010-02-09 09:00:00.000,2010,2,9,9,03004KT,12,12
2010-02-09 10:00:00.000,2010,2,9,10,06009KT,12,11
2010-02-09 11:00:00.000,2010,2,9,11,04006KT,12,11
2010-02-09 12:00:00.000,2010,2,9,12,03004KT,13,11
2010-02-09 13:00:00.000,2010,2,9,13,05004KT,14,11
2010-02-09 14:00:00.000,2010,2,9,14,04005KT,15,12
2010-02-09 15:00:00.000,2010,2,9,15,06005KT,17,10
2010-02-09 16:00:00.000,2010,2,9,16,06005KT,19,12
2010-02-09 17:00:00.000,2010,2,9,17,19006KT,19,11
2010-02-09 18:00:00.000,2010,2,9,18,18006KT,20,11
2010-02-09 19:00:00.000,2010,2,9,19,29010KT,19,13
2010-02-09 20:00:00.000,2010,2,9,20,26011KT,15,14
2010-02-09 21:00:00.000,2010,2,9,21,29006KT,14,13
2010-02-09 22:00:00.000,2010,2,9,22,35005KT,14,13
2010-02-09 23:00:00.000,2010,2,9,23,32004KT,14,13
2010-02-10 00:00:00.000,2010,2,10,0,30005KT,14,13
2010-02-10 01:00:00.000,2010,2,10,1,30008KT,13,13
2010-02-10 02:00:00.000,2010,2,10,2,27004KT,13,11
2010-02-10 03:00:00.000,2010,2,10,3,VRB02KT,13,11
2010-02-10 04:00:00.000,2010,2,10,4,VRB02KT,12,11
2010-02-10 05:00:00.000,2010,2,10,5,04004KT,12,11
2010-02-10 06:00:00.000,2010,2,10,6,VRB02KT,10,10
2010-02-10 07:00:00.000,2010,2,10,7,VRB02KT,10,09
2010-02-10 09:00:00.000,2010,2,10,9,32005KT,08,08
2010-02-10 10:00:00.000,2010,2,10,10,VRB02KT,07,07
2010-02-10 11:00:00.000,2010,2,10,11,00000KT,07,06
2010-02-10 12:00:00.000,2010,2,10,12,00000KT,08,07
2010-02-10 13:00:00.000,2010,2,10,13,04004KT,12,09
2010-02-10 14:00:00.000,2010,2,10,14,03004KT,16,10
2010-02-10 15:00:00.000,2010,2,10,15,02004KT,18,10
2010-02-10 16:00:00.000,2010,2,10,16,05007KT,20,07
2010-02-10 17:00:00.000,2010,2,10,17,32004KT,22,06
2010-02-10 18:00:00.000,2010,2,10,18,06005KT,29,25
2010-02-10 19:00:00.000,2010,2,10,19,28017KT,20,13
2010-02-10 20:00:00.000,2010,2,10,20,30014KT,20,13
2010-02-10 21:00:00.000,2010,2,10,21,27012KT,20,13
2010-02-10 22:00:00.000,2010,2,10,22,31007KT,18,13
2010-02-10 23:00:00.000,2010,2,10,23,26007KT,16,13
2010-02-11 00:00:00.000,2010,2,11,0,28003KT,16,13
2010-02-11 01:00:00.000,2010,2,11,1,00000KT,14,13
2010-02-11 02:00:00.000,2010,2,11,2,VRB02KT,13,10
2010-02-11 03:00:00.000,2010,2,11,3,00000KT,12,09
2010-02-11 04:00:00.000,2010,2,11,4,00000KT,10,09
2010-02-11 05:00:00.000,2010,2,11,5,04004KT,10,08
2010-02-11 06:00:00.000,2010,2,11,6,04005KT,11,09
2010-02-11 07:00:00.000,2010,2,11,7,VRB02KT,10,09
2010-02-11 08:00:00.000,2010,2,11,8,VRB02KT,09,09
2010-02-11 09:00:00.000,2010,2,11,9,03004KT,08,07
2010-02-11 10:00:00.000,2010,2,11,10,03003KT,07,07
2010-02-11 11:00:00.000,2010,2,11,11,05004KT,09,09
2010-02-11 12:00:00.000,2010,2,11,12,05004KT,12,10
2010-02-11 13:00:00.000,2010,2,11,13,06004KT,14,11
2010-02-11 14:00:00.000,2010,2,11,14,07004KT,17,10
2010-02-11 15:00:00.000,2010,2,11,15,06008KT,19,09
2010-02-11 16:00:00.000,2010,2,11,16,12006KT,21,08
2010-02-11 17:00:00.000,2010,2,11,17,16003KT,22,07
2010-02-11 18:00:00.000,2010,2,11,18,25008KT,22,09
2010-02-11 19:00:00.000,2010,2,11,19,27014KT,21,14
2010-02-11 20:00:00.000,2010,2,11,20,27012KT,19,13
2010-02-11 21:00:00.000,2010,2,11,21,26010KT,19,13
2010-02-11 22:00:00.000,2010,2,11,22,25007KT,18,12
2010-02-11 23:00:00.000,2010,2,11,23,26005KT,15,12
2010-02-12 00:00:00.000,2010,2,12,0,VRB02KT,14,11
2010-02-12 01:00:00.000,2010,2,12,1,04003KT,14,12
2010-02-12 02:00:00.000,2010,2,12,2,13008KT,14,07
2010-02-12 03:00:00.000,2010,2,12,3,07005KT,14,07
2010-02-12 04:00:00.000,2010,2,12,4,05003KT,12,07
2010-02-12 05:00:00.000,2010,2,12,5,09003KT,11,09
2010-02-12 06:00:00.000,2010,2,12,6,VRB02KT,10,09
2010-02-12 07:00:00.000,2010,2,12,7,VRB02KT,09,07
2010-02-12 08:00:00.000,2010,2,12,8,VRB02KT,09,07
2010-02-12 09:00:00.000,2010,2,12,9,03003KT,09,08
2010-02-12 10:00:00.000,2010,2,12,10,06003KT,10,07
2010-02-12 11:00:00.000,2010,2,12,11,VRB02KT,10,08
2010-02-12 12:00:00.000,2010,2,12,12,11008KT,13,07
2010-02-12 13:00:00.000,2010,2,12,13,11008KT,15,07
2010-02-12 14:00:00.000,2010,2,12,14,12010KT,16,06
2010-02-12 15:00:00.000,2010,2,12,15,16008KT,17,06
2010-02-12 16:00:00.000,2010,2,12,16,16006KT,19,06
2010-02-12 17:00:00.000,2010,2,12,17,15010KT,20,07
2010-02-12 18:00:00.000,2010,2,12,18,07007KT,21,07
2010-02-12 19:00:00.000,2010,2,12,19,10011KT,23,04
2010-02-12 20:00:00.000,2010,2,12,20,25010KT,21,12
2010-02-12 21:00:00.000,2010,2,12,21,24012KT,20,12
2010-02-12 22:00:00.000,2010,2,12,22,27010KT,18,12
2010-02-12 23:00:00.000,2010,2,12,23,31010KT,17,11
2010-02-13 00:00:00.000,2010,2,13,0,33003KT,14,10
2010-02-13 01:00:00.000,2010,2,13,1,VRB02KT,14,10
2010-02-13 02:00:00.000,2010,2,13,2,VRB02KT,15,08
2010-02-13 03:00:00.000,2010,2,13,3,05003KT,13,08
2010-02-13 04:00:00.000,2010,2,13,4,06006KT,13,07
2010-02-13 05:00:00.000,2010,2,13,5,04008KT,12,07
2010-02-13 06:00:00.000,2010,2,13,6,VRB02KT,10,07
2010-02-13 07:00:00.000,2010,2,13,7,29003KT,09,06
2010-02-13 08:00:00.000,2010,2,13,8,04004KT,07,05
2010-02-13 09:00:00.000,2010,2,13,9,03004KT,09,06
2010-02-13 10:00:00.000,2010,2,13,10,01004KT,07,05
2010-02-13 11:00:00.000,2010,2,13,11,04004KT,05,04
2010-02-13 12:00:00.000,2010,2,13,12,03004KT,08,07
2010-02-13 13:00:00.000,2010,2,13,13,05006KT,12,09
2010-02-13 14:00:00.000,2010,2,13,14,03004KT,16,09
2010-02-13 15:00:00.000,2010,2,13,15,16004KT,19,09
2010-02-13 16:00:00.000,2010,2,13,16,08004KT,19,08
2010-02-13 17:00:00.000,2010,2,13,17,12008KT,21,07
2010-02-13 18:00:00.000,2010,2,13,18,28012KT,19,10
2010-02-13 19:00:00.000,2010,2,13,19,25010KT,21,11
2010-02-13 20:00:00.000,2010,2,13,20,30017KT,20,11
2010-02-13 21:00:00.000,2010,2,13,21,28011KT,19,12
2010-02-13 22:00:00.000,2010,2,13,22,24009KT,18,11
2010-02-13 23:00:00.000,2010,2,13,23,24007KT,17,13
2010-02-14 00:00:00.000,2010,2,14,0,VRB02KT,16,13
2010-02-14 01:00:00.000,2010,2,14,1,VRB02KT,14,12
2010-02-14 02:00:00.000,2010,2,14,2,VRB02KT,14,12
2010-02-14 03:00:00.000,2010,2,14,3,VRB02KT,14,12
2010-02-14 04:00:00.000,2010,2,14,4,03005KT,14,11
2010-02-14 05:00:00.000,2010,2,14,5,05005KT,13,10
2010-02-14 06:00:00.000,2010,2,14,6,05005KT,13,10
2010-02-14 07:00:00.000,2010,2,14,7,02004KT,12,09
2010-02-14 08:00:00.000,2010,2,14,8,04004KT,11,09
2010-02-14 09:00:00.000,2010,2,14,9,04003KT,10,08
2010-02-14 10:00:00.000,2010,2,14,10,01003KT,11,08
2010-02-14 11:00:00.000,2010,2,14,11,03004KT,10,08
2010-02-14 12:00:00.000,2010,2,14,12,04006KT,12,10
2010-02-14 13:00:00.000,2010,2,14,13,04006KT,15,10
2010-02-14 14:00:00.000,2010,2,14,14,13005KT,18,09
2010-02-14 15:00:00.000,2010,2,14,15,15013KT,18,06
2010-02-14 16:00:00.000,2010,2,14,16,12012KT,20,07
2010-02-14 17:00:00.000,2010,2,14,17,19012KT,21,06
2010-02-14 18:00:00.000,2010,2,14,18,22008KT,20,10
2010-02-14 19:00:00.000,2010,2,14,19,24014KT,20,12
2010-02-14 20:00:00.000,2010,2,14,20,26012KT,20,12
2010-02-14 21:00:00.000,2010,2,14,21,29012KT,18,13
2010-02-14 22:00:00.000,2010,2,14,22,30008KT,17,13
2010-02-14 23:00:00.000,2010,2,14,23,28007KT,15,13
2010-02-15 00:00:00.000,2010,2,15,0,27005KT,13,11
2010-02-15 01:00:00.000,2010,2,15,1,VRB02KT,13,11
2010-02-15 02:00:00.000,2010,2,15,2,VRB02KT,10,10
2010-02-15 03:00:00.000,2010,2,15,3,06004KT,11,10
2010-02-15 04:00:00.000,2010,2,15,4,VRB02KT,11,09
2010-02-15 05:00:00.000,2010,2,15,5,VRB02KT,11,09
2010-02-15 06:00:00.000,2010,2,15,6,VRB02KT,09,08
2010-02-15 07:00:00.000,2010,2,15,7,VRB02KT,08,07
2010-02-15 08:00:00.000,2010,2,15,8,VRB02KT,08,07
2010-02-15 09:00:00.000,2010,2,15,9,VRB02KT,07,07
2010-02-15 10:00:00.000,2010,2,15,10,VRB02KT,06,06
2010-02-15 11:00:00.000,2010,2,15,11,VRB02KT,07,07
2010-02-15 12:00:00.000,2010,2,15,12,35003KT,10,08
2010-02-15 13:00:00.000,2010,2,15,13,03003KT,12,09
2010-02-15 14:00:00.000,2010,2,15,14,03003KT,15,11
2010-02-15 15:00:00.000,2010,2,15,15,03006KT,17,10
2010-02-15 16:00:00.000,2010,2,15,16,32003KT,19,11
2010-02-15 17:00:00.000,2010,2,15,17,12010KT,20,10
2010-02-15 18:00:00.000,2010,2,15,18,13010KT,21,11
2010-02-15 19:00:00.000,2010,2,15,19,22007KT,21,10
2010-02-15 20:00:00.000,2010,2,15,20,25011KT,18,14
2010-02-15 21:00:00.000,2010,2,15,21,31012KT,17,14
2010-02-15 22:00:00.000,2010,2,15,22,29008KT,17,14
2010-02-15 23:00:00.000,2010,2,15,23,26005KT,16,13
2010-02-16 00:00:00.000,2010,2,16,0,27004KT,15,13
2010-02-16 01:00:00.000,2010,2,16,1,VRB02KT,14,13
2010-02-16 02:00:00.000,2010,2,16,2,05003KT,13,12
2010-02-16 03:00:00.000,2010,2,16,3,02003KT,12,11
2010-02-16 04:00:00.000,2010,2,16,4,27004KT,11,10
2010-02-16 05:00:00.000,2010,2,16,5,33003KT,10,09
2010-02-16 06:00:00.000,2010,2,16,6,32004KT,10,09
2010-02-16 07:00:00.000,2010,2,16,7,VR02KT,10,09
2010-02-16 08:00:00.000,2010,2,16,8,VR02KT,11,10
2010-02-16 09:00:00.000,2010,2,16,9,VRB02KT,11,10
2010-02-16 10:00:00.000,2010,2,16,10,VRB02KT,11,10
2010-02-16 11:00:00.000,2010,2,16,11,06006KT,10,09
2010-02-16 12:00:00.000,2010,2,16,12,VRB02KT,10,10
2010-02-16 13:00:00.000,2010,2,16,13,02006KT,13,12
2010-02-16 14:00:00.000,2010,2,16,14,05008KT,17,11
2010-02-16 15:00:00.000,2010,2,16,15,04008KT,19,10
2010-02-16 16:00:00.000,2010,2,16,16,05010KT,20,10
2010-02-16 17:00:00.000,2010,2,16,17,13008KT,22,10
2010-02-16 18:00:00.000,2010,2,16,18,27008KT,23,07
2010-02-16 19:00:00.000,2010,2,16,19,28016KT,20,13
2010-02-16 20:00:00.000,2010,2,16,20,26008KT,17,14
2010-02-16 21:00:00.000,2010,2,16,21,24007KT,16,14
2010-02-16 22:00:00.000,2010,2,16,22,VRB02KT,16,14
2010-02-16 23:00:00.000,2010,2,16,23,VRB02KT,15,13
2010-02-17 02:00:00.000,2010,2,17,2,VRB02KT,15,13
2010-02-17 03:00:00.000,2010,2,17,3,VRB02KT,14,10
2010-02-17 04:00:00.000,2010,2,17,4,VRB02KT,13,10
2010-02-17 05:00:00.000,2010,2,17,5,03003KT,12,10
2010-02-17 06:00:00.000,2010,2,17,6,02003KT,12,10
2010-02-17 07:00:00.000,2010,2,17,7,00000KT,12,10
2010-02-17 08:00:00.000,2010,2,17,8,00000KT,12,10
2010-02-17 09:00:00.000,2010,2,17,9,00000KT,11,10
2010-02-17 10:00:00.000,2010,2,17,10,02003KT,11,10
2010-02-17 11:00:00.000,2010,2,17,11,06004KT,11,10
2010-02-17 12:00:00.000,2010,2,17,12,04003KT,09,09
2010-02-17 13:00:00.000,2010,2,17,13,05005KT,12,10
2010-02-17 14:00:00.000,2010,2,17,14,06007KT,15,11
2010-02-17 15:00:00.000,2010,2,17,15,04009KT,18,08
2010-02-17 17:00:00.000,2010,2,17,17,12005KT,21,07
2010-02-17 18:00:00.000,2010,2,17,18,06005KT,23,05
2010-02-17 19:00:00.000,2010,2,17,19,25012KT,22,11
2010-02-17 20:00:00.000,2010,2,17,20,24011KT,21,12
2010-02-17 21:00:00.000,2010,2,17,21,26014KT,20,13
2010-02-17 22:00:00.000,2010,2,17,22,31007KT,18,13
2010-02-17 23:00:00.000,2010,2,17,23,30005KT,16,13
2010-02-18 01:00:00.000,2010,2,18,1,VRB02KT,12,12
2010-02-18 02:00:00.000,2010,2,18,2,00000KT,13,09
2010-02-18 03:00:00.000,2010,2,18,3,03004KT,12,06
2010-02-18 04:00:00.000,2010,2,18,4,03005KT,10,06
2010-02-18 05:00:00.000,2010,2,18,5,36003KT,10,07
2010-02-18 06:00:00.000,2010,2,18,6,00000KT,07,07
2010-02-18 07:00:00.000,2010,2,18,7,31004KT,07,06
2010-02-18 08:00:00.000,2010,2,18,8,04003KT,07,07
2010-02-18 09:00:00.000,2010,2,18,9,060005T,08,07
2010-02-18 10:00:00.000,2010,2,18,10,07004KT,07,06
2010-02-18 11:00:00.000,2010,2,18,11,05004KT,07,06
2010-02-18 12:00:00.000,2010,2,18,12,VRB02KT,07,06
2010-02-18 13:00:00.000,2010,2,18,13,05006KT,12,08
2010-02-18 14:00:00.000,2010,2,18,14,05007KT,15,08
2010-02-18 15:00:00.000,2010,2,18,15,00406KT,16,09
2010-02-18 16:00:00.000,2010,2,18,16,14010KT,19,07
2010-02-18 17:00:00.000,2010,2,18,17,13014KT,21,05
2010-02-18 18:00:00.000,2010,2,18,18,10016KT,20,07
2010-02-18 19:00:00.000,2010,2,18,19,10012KT,19,06
2010-02-18 20:00:00.000,2010,2,18,20,11012KT,19,08
2010-02-18 21:00:00.000,2010,2,18,21,08012KT,18,08
2010-02-18 22:00:00.000,2010,2,18,22,10012KT,17,08
2010-02-18 23:00:00.000,2010,2,18,23,12005KT,16,08
2010-02-19 01:00:00.000,2010,2,19,1,13008KT,16,09
2010-02-19 02:00:00.000,2010,2,19,2,09005KT,15,09
2010-02-19 03:00:00.000,2010,2,19,3,06003KT,14,09
2010-02-19 04:00:00.000,2010,2,19,4,07003KT,13,09
2010-02-19 05:00:00.000,2010,2,19,5,00000KT,13,10
2010-02-19 06:00:00.000,2010,2,19,6,00000KT,13,10
2010-02-19 07:00:00.000,2010,2,19,7,00000KT,13,10
2010-02-19 09:00:00.000,2010,2,19,9,02003KT,13,09
2010-02-19 10:00:00.000,2010,2,19,10,04004KT,13,10
2010-02-19 11:00:00.000,2010,2,19,11,03004KT,13,10
2010-02-19 12:00:00.000,2010,2,19,12,VRB02KT,13,11
2010-02-19 13:00:00.000,2010,2,19,13,04006KT,13,11
2010-02-19 14:00:00.000,2010,2,19,14,04006KT,14,12
2010-02-19 15:00:00.000,2010,2,19,15,02006KT,16,12
2010-02-19 16:00:00.000,2010,2,19,16,28007KT,17,12
2010-02-19 17:00:00.000,2010,2,19,17,08010KT,19,11
2010-02-19 18:00:00.000,2010,2,19,18,11010KT,18,11
2010-02-19 19:00:00.000,2010,2,19,19,05009KT,17,13
2010-02-19 20:00:00.000,2010,2,19,20,08010KT,17,11
2010-02-19 21:00:00.000,2010,2,19,21,10009KT,18,11
2010-02-19 22:00:00.000,2010,2,19,22,27006KT,16,10
2010-02-20 00:00:00.000,2010,2,20,0,31004KT,13,13
2010-02-20 01:00:00.000,2010,2,20,1,34004KT,14,13
2010-02-20 02:00:00.000,2010,2,20,2,VRB02KT,13,12
2010-02-20 03:00:00.000,2010,2,20,3,00000KT,14,12
2010-02-20 04:00:00.000,2010,2,20,4,03004KT,13,13
2010-02-20 05:00:00.000,2010,2,20,5,03003KT,13,13
2010-02-20 06:00:00.000,2010,2,20,6,VRB02KT,13,12
2010-02-20 07:00:00.000,2010,2,20,7,07004KT,13,12
2010-02-20 08:00:00.000,2010,2,20,8,04005KT,13,12
2010-02-20 09:00:00.000,2010,2,20,9,06005KT,13,12
2010-02-20 10:00:00.000,2010,2,20,10,03005KT,13,11
2010-02-20 11:00:00.000,2010,2,20,11,04006KT,13,11
2010-02-20 12:00:00.000,2010,2,20,12,04006KT,13,12
2010-02-20 13:00:00.000,2010,2,20,13,05005KT,14,12
2010-02-20 14:00:00.000,2010,2,20,14,07006KT,15,12
2010-02-20 15:00:00.000,2010,2,20,15,12010KT,17,11
2010-02-20 16:00:00.000,2010,2,20,16,13007KT,17,10
2010-02-20 19:00:00.000,2010,2,20,19,04004KT,14,13
2010-02-20 20:00:00.000,2010,2,20,20,VRB02KT,15,12
2010-02-20 21:00:00.000,2010,2,20,21,VRB02KT,14,13
2010-02-20 22:00:00.000,2010,2,20,22,03004KT,16,13
2010-02-20 23:00:00.000,2010,2,20,23,10003KT,15,12
2010-02-21 00:00:00.000,2010,2,21,0,08008KT,15,12
2010-02-21 01:00:00.000,2010,2,21,1,07008KT,15,12
2010-02-21 02:00:00.000,2010,2,21,2,06007KT,15,12
2010-02-21 03:00:00.000,2010,2,21,3,04006KT,14,11
2010-02-21 04:00:00.000,2010,2,21,4,06007KT,14,11
2010-02-21 05:00:00.000,2010,2,21,5,06006KT,14,11
2010-02-21 06:00:00.000,2010,2,21,6,05005KT,14,12
2010-02-21 07:00:00.000,2010,2,21,7,705004KT,14,12
2010-02-21 08:00:00.000,2010,2,21,8,04003KT,13,12
2010-02-21 09:00:00.000,2010,2,21,9,07004KT,13,12
2010-02-21 10:00:00.000,2010,2,21,10,04006KT,12,11
2010-02-21 11:00:00.000,2010,2,21,11,05006KT,12,11
2010-02-21 12:00:00.000,2010,2,21,12,04010KT,12,09
2010-02-21 13:00:00.000,2010,2,21,13,03010KT,15,09
2010-02-21 14:00:00.000,2010,2,21,14,07006KT,17,07
2010-02-21 20:00:00.000,2010,2,21,20,22014KT,20,13
2010-02-21 21:00:00.000,2010,2,21,21,34005KT,16,14
2010-02-21 22:00:00.000,2010,2,21,22,25008KT,16,14
2010-02-21 23:00:00.000,2010,2,21,23,32003KT,15,13
2010-02-22 00:00:00.000,2010,2,22,0,06003KT,14,13
2010-02-22 01:00:00.000,2010,2,22,1,VRB02KT,13,12
2010-02-22 02:00:00.000,2010,2,22,2,VRB02KT,13,13
2010-02-22 03:00:00.000,2010,2,22,3,03003KT,13,11
2010-02-22 04:00:00.000,2010,2,22,4,06004KT,12,10
2010-02-22 05:00:00.000,2010,2,22,5,VRB02KT,11,10
2010-02-22 07:00:00.000,2010,2,22,7,27003KT,10,09
2010-02-22 08:00:00.000,2010,2,22,8,03004KT,09,08
2010-02-22 09:00:00.000,2010,2,22,9,05004KT,08,08
2010-02-22 10:00:00.000,2010,2,22,10,VRB02KT,07,07
2010-02-22 12:00:00.000,2010,2,22,12,VRB02KT,07,06
2010-02-22 13:00:00.000,2010,2,22,13,03005KT,12,10
2010-02-22 14:00:00.000,2010,2,22,14,05003KT,15,10
2010-02-22 16:00:00.000,2010,2,22,16,03004KT,20,11
2010-02-22 17:00:00.000,2010,2,22,17,20007KT,21,11
2010-02-22 18:00:00.000,2010,2,22,18,14005KT,22,10
2010-02-22 19:00:00.000,2010,2,22,19,18008KT,22,10
2010-02-22 20:00:00.000,2010,2,22,20,23007KT,22,13
2010-02-22 21:00:00.000,2010,2,22,21,25010KT,21,14
2010-02-22 22:00:00.000,2010,2,22,22,30009KT,19,14
2010-02-22 23:00:00.000,2010,2,22,23,27009KT,18,14
2010-02-23 00:00:00.000,2010,2,23,0,22004KT,17,15
2010-02-23 01:00:00.000,2010,2,23,1,23004KT,15,14
2010-02-23 02:00:00.000,2010,2,23,2,17004KT,14,13
2010-02-23 04:00:00.000,2010,2,23,4,02004KT,14,09
2010-02-23 05:00:00.000,2010,2,23,5,08006KT,14,11
2010-02-23 06:00:00.000,2010,2,23,6,03004KT,14,10
2010-02-23 07:00:00.000,2010,2,23,7,02006KT,13,10
2010-02-23 09:00:00.000,2010,2,23,9,35006KT,12,10
2010-02-23 10:00:00.000,2010,2,23,10,05006KT,12,09
2010-02-23 11:00:00.000,2010,2,23,11,03004KT,12,10
2010-02-23 12:00:00.000,2010,2,23,12,04004KT,12,10
2010-02-23 13:00:00.000,2010,2,23,13,06004KT,14,10
2010-02-23 15:00:00.000,2010,2,23,15,03005KT,17,11
2010-02-23 16:00:00.000,2010,2,23,16,27004KT,19,12
2010-02-23 17:00:00.000,2010,2,23,17,27004KT,20,11
2010-02-23 18:00:00.000,2010,2,23,18,22010KT,19,13
2010-02-23 21:00:00.000,2010,2,23,21,28010KT,17,13
2010-02-23 22:00:00.000,2010,2,23,22,23010KT,17,12
2010-02-23 23:00:00.000,2010,2,23,23,33004KT,16,12
2010-02-24 00:00:00.000,2010,2,24,0,23006KT,14,12
2010-02-24 01:00:00.000,2010,2,24,1,VRB02KT,14,12
2010-02-24 02:00:00.000,2010,2,24,2,03005KT,14,12
2010-02-24 03:00:00.000,2010,2,24,3,01004KT,14,13
2010-02-24 04:00:00.000,2010,2,24,4,15006KT,14,12
2010-02-24 05:00:00.000,2010,2,24,5,31003KT,14,10
2010-02-24 06:00:00.000,2010,2,24,6,VRB02KT,13,11
2010-02-24 07:00:00.000,2010,2,24,7,00000KT,12,10
2010-02-24 08:00:00.000,2010,2,24,8,00000KT,12,10
2010-02-24 10:00:00.000,2010,2,24,10,VRB02KT,10,09
2010-02-24 11:00:00.000,2010,2,24,11,00000KT,09,09
2010-02-24 12:00:00.000,2010,2,24,12,VRB02KT,08,07
2010-02-24 13:00:00.000,2010,2,24,13,35003KT,12,10
2010-02-24 14:00:00.000,2010,2,24,14,34004KT,16,11
2010-02-24 15:00:00.000,2010,2,24,15,36004KT,18,11
2010-02-24 16:00:00.000,2010,2,24,16,06008KT,20,10
2010-02-24 17:00:00.000,2010,2,24,17,04005KT,21,11
2010-02-24 18:00:00.000,2010,2,24,18,24010KT,20,13
2010-02-24 19:00:00.000,2010,2,24,19,27014KT,19,14
2010-02-24 20:00:00.000,2010,2,24,20,27016KT,18,13
2010-02-24 22:00:00.000,2010,2,24,22,26006KT,14,12
2010-02-24 23:00:00.000,2010,2,24,23,05004KT,14,12
2010-02-25 01:00:00.000,2010,2,25,1,VRB02KT,13,12
2010-02-25 02:00:00.000,2010,2,25,2,27004KT,12,11
2010-02-25 04:00:00.000,2010,2,25,4,VRB02KT,11,10
2010-02-25 05:00:00.000,2010,2,25,5,31004KT,10,09
2010-02-25 06:00:00.000,2010,2,25,6,VRB02KT,10,10
2010-02-25 07:00:00.000,2010,2,25,7,00000KT,08,08
2010-02-25 08:00:00.000,2010,2,25,8,00000KT,08,07
2010-02-25 09:00:00.000,2010,2,25,9,30003KT,06,06
2010-02-25 10:00:00.000,2010,2,25,10,VRB02KT,07,07
2010-02-25 11:00:00.000,2010,2,25,11,28004KT,07,07
2010-02-25 12:00:00.000,2010,2,25,12,00000KT,06,06
2010-02-25 13:00:00.000,2010,2,25,13,VRB02KT,10,10
2010-02-25 14:00:00.000,2010,2,25,14,33004KT,13,12
2010-02-25 15:00:00.000,2010,2,25,15,30005KT,15,12
2010-02-25 16:00:00.000,2010,2,25,16,36004KT,18,10
2010-02-25 17:00:00.000,2010,2,25,17,28005KT,21,11
2010-02-25 19:00:00.000,2010,2,25,19,27012KT,16,13
2010-02-25 20:00:00.000,2010,2,25,20,28012KT,15,13
2010-02-25 21:00:00.000,2010,2,25,21,29010KT,14,13
2010-02-25 22:00:00.000,2010,2,25,22,32008KT,15,13
2010-02-25 23:00:00.000,2010,2,25,23,31006KT,14,12
2010-02-26 00:00:00.000,2010,2,26,0,34004KT,13,12
2010-02-26 01:00:00.000,2010,2,26,1,32006KT,13,12
2010-02-26 02:00:00.000,2010,2,26,2,27004KT,13,12
2010-02-26 03:00:00.000,2010,2,26,3,27004KT,12,11
2010-02-26 04:00:00.000,2010,2,26,4,23004KT,11,11
2010-02-26 05:00:00.000,2010,2,26,5,30004KT,11,11
2010-02-26 06:00:00.000,2010,2,26,6,00000KT,11,11
2010-02-26 07:00:00.000,2010,2,26,7,03004KT,11,11
2010-02-26 08:00:00.000,2010,2,26,8,24004KT,11,11
2010-02-26 09:00:00.000,2010,2,26,9,24004KT,11,10
2010-02-26 10:00:00.000,2010,2,26,10,27004KT,12,11
2010-02-26 12:00:00.000,2010,2,26,12,00000KT,11,11
2010-02-26 13:00:00.000,2010,2,26,13,00000KT,12,12
2010-02-26 14:00:00.000,2010,2,26,14,11003KT,13,12
2010-02-26 15:00:00.000,2010,2,26,15,VRB02KT,15,12
2010-02-26 16:00:00.000,2010,2,26,16,21003KT,15,12
2010-02-26 18:00:00.000,2010,2,26,18,12003KT,18,12
2010-02-26 19:00:00.000,2010,2,26,19,12005KT,18,10
2010-02-26 20:00:00.000,2010,2,26,20,09005KT,18,10
2010-02-26 21:00:00.000,2010,2,26,21,11006KT,18,11
2010-02-26 22:00:00.000,2010,2,26,22,13005KT,17,12
2010-02-27 00:00:00.000,2010,2,27,0,20003KT,15,12
2010-02-27 01:00:00.000,2010,2,27,1,VRB02KT,14,12
2010-02-27 02:00:00.000,2010,2,27,2,02003KT,15,10
2010-02-27 03:00:00.000,2010,2,27,3,11003KT,14,10
2010-02-27 04:00:00.000,2010,2,27,4,VRB02KT,13,10
2010-02-27 05:00:00.000,2010,2,27,5,34004KT,12,10
2010-02-27 07:00:00.000,2010,2,27,7,VRB02KT,10,09
2010-02-27 08:00:00.000,2010,2,27,8,00000KT,10,09
2010-02-27 09:00:00.000,2010,2,27,9,00000KT,08,08
2010-02-27 10:00:00.000,2010,2,27,10,34004KT,08,07
2010-02-27 11:00:00.000,2010,2,27,11,VRB02KT,07,06
2010-02-27 12:00:00.000,2010,2,27,12,VRB02KT,08,07
2010-02-27 13:00:00.000,2010,2,27,13,04004KT,11,09
2010-02-27 14:00:00.000,2010,2,27,14,02008KT,16,08
2010-02-27 15:00:00.000,2010,2,27,15,VRB02KT,18,07
2010-02-27 16:00:00.000,2010,2,27,16,VRB02KT,20,07
2010-02-27 17:00:00.000,2010,2,27,17,11008KT,22,04
2010-02-27 19:00:00.000,2010,2,27,19,25010KT,22,10
2010-02-27 20:00:00.000,2010,2,27,20,27014KT,20,13
2010-02-27 21:00:00.000,2010,2,27,21,27012KT,18,12
2010-02-27 22:00:00.000,2010,2,27,22,27008KT,16,14
2010-02-27 23:00:00.000,2010,2,27,23,VRB02KT,15,12
2010-02-28 00:00:00.000,2010,2,28,0,32004KT,14,12
2010-02-28 02:00:00.000,2010,2,28,2,32004KT,13,12
2010-02-28 04:00:00.000,2010,2,28,4,00000KT,10,10
2010-02-28 05:00:00.000,2010,2,28,5,00000KT,10,10
2010-02-28 07:00:00.000,2010,2,28,7,26007KT,08,08
2010-02-28 09:00:00.000,2010,2,28,9,00000KT,10,10
2010-02-28 10:00:00.000,2010,2,28,10,33003KT,10,10
2010-02-28 11:00:00.000,2010,2,28,11,05003KT,10,10
2010-02-28 12:00:00.000,2010,2,28,12,VRB02KT,10,10
2010-02-28 13:00:00.000,2010,2,28,13,04005KT,15,10
2010-02-28 14:00:00.000,2010,2,28,14,VRB02KT,17,10
2010-02-28 15:00:00.000,2010,2,28,15,06006KT,19,10
2010-02-28 16:00:00.000,2010,2,28,16,10010KT,20,09
2010-02-28 17:00:00.000,2010,2,28,17,16012KT,20,08
2010-02-28 18:00:00.000,2010,2,28,18,09008KT,20,07
2010-02-28 19:00:00.000,2010,2,28,19,14008KT,20,08
2010-02-28 20:00:00.000,2010,2,28,20,17012KT,21,09
2010-02-28 22:00:00.000,2010,2,28,22,14008KT,20,08
2010-02-28 23:00:00.000,2010,2,28,23,13010KT,18,08
2010-03-01 00:00:00.000,2010,3,1,0,10012KT,16,08
2010-03-01 01:00:00.000,2010,3,1,1,04008KT,16,09
2010-03-01 02:00:00.000,2010,3,1,2,VRB02KT,12,08
2010-03-01 03:00:00.000,2010,3,1,3,VRB02KT,12,09
2010-03-01 04:00:00.000,2010,3,1,4,VRB02KT,11,09
2010-03-01 05:00:00.000,2010,3,1,5,VRB02KT,10,09
2010-03-01 06:00:00.000,2010,3,1,6,04006KT,09,08
2010-03-01 07:00:00.000,2010,3,1,7,34006KT,09,08
2010-03-01 08:00:00.000,2010,3,1,8,00000KT,09,08
2010-03-01 09:00:00.000,2010,3,1,9,33004KT,09,08
2010-03-01 10:00:00.000,2010,3,1,10,06004KT,08,07
2010-03-01 11:00:00.000,2010,3,1,11,06004KT,07,07
2010-03-01 12:00:00.000,2010,3,1,12,05010KT,11,08
2010-03-01 13:00:00.000,2010,3,1,13,05010KT,14,10
2010-03-01 14:00:00.000,2010,3,1,14,06005KT,15,09
2010-03-01 15:00:00.000,2010,3,1,15,12008KT,17,07
2010-03-01 16:00:00.000,2010,3,1,16,10013KT,18,08
2010-03-01 17:00:00.000,2010,3,1,17,12016KT,22,08
2010-03-01 18:00:00.000,2010,3,1,18,18008KT,20,10
2010-03-01 19:00:00.000,2010,3,1,19,15010KT,21,09
2010-03-01 20:00:00.000,2010,3,1,20,14012KT,22,08
2010-03-01 21:00:00.000,2010,3,1,21,13015G25KT,22,06
2010-03-01 22:00:00.000,2010,3,1,22,15016KT,20,07
2010-03-01 23:00:00.000,2010,3,1,23,15007KT,18,08
2010-03-02 00:00:00.000,2010,3,2,0,16010KT,16,08
2010-03-02 01:00:00.000,2010,3,2,1,03003KT,15,11
2010-03-02 02:00:00.000,2010,3,2,2,02004KT,15,10
2010-03-02 03:00:00.000,2010,3,2,3,02003KT,15,11
2010-03-02 04:00:00.000,2010,3,2,4,VRB02KT,14,10
2010-03-02 05:00:00.000,2010,3,2,5,00000KT,13,10
2010-03-02 06:00:00.000,2010,3,2,6,00000KT,12,08
2010-03-02 07:00:00.000,2010,3,2,7,04005KT,11,09
2010-03-02 08:00:00.000,2010,3,2,8,06005KT,10,09
2010-03-02 09:00:00.000,2010,3,2,9,05006KT,11,10
2010-03-02 10:00:00.000,2010,3,2,10,33003KT,11,09
2010-03-02 11:00:00.000,2010,3,2,11,05005KT,11,09
2010-03-02 12:00:00.000,2010,3,2,12,03003KT,10,08
2010-03-02 13:00:00.000,2010,3,2,13,VRB02KT,12,10
2010-03-02 14:00:00.000,2010,3,2,14,05005KT,16,11
2010-03-02 15:00:00.000,2010,3,2,15,03007KT,17,11
2010-03-02 16:00:00.000,2010,3,2,16,15012KT,19,09
2010-03-02 17:00:00.000,2010,3,2,17,06008KT,18,10
2010-03-02 18:00:00.000,2010,3,2,18,07010KT,19,10
2010-03-02 19:00:00.000,2010,3,2,19,06008KT,19,10
2010-03-02 20:00:00.000,2010,3,2,20,11010KT,19,10
2010-03-02 21:00:00.000,2010,3,2,21,16015KT,21,10
2010-03-02 22:00:00.000,2010,3,2,22,20004KT,18,10
2010-03-02 23:00:00.000,2010,3,2,23,14010KT,18,10
2010-03-03 00:00:00.000,2010,3,3,0,VRB02KT,16,08
2010-03-03 01:00:00.000,2010,3,3,1,VRB02KT,15,10
2010-03-03 02:00:00.000,2010,3,3,2,06005KT,15,10
2010-03-03 03:00:00.000,2010,3,3,3,02004KT,14,10
2010-03-03 04:00:00.000,2010,3,3,4,00000KT,13,09
2010-03-03 05:00:00.000,2010,3,3,5,03004KT,12,09
2010-03-03 06:00:00.000,2010,3,3,6,06003KT,13,10
2010-03-03 07:00:00.000,2010,3,3,7,32003KT,12,10
2010-03-03 08:00:00.000,2010,3,3,8,30005KT,12,10
2010-03-03 09:00:00.000,2010,3,3,9,VRB02KT,12,10
2010-03-03 10:00:00.000,2010,3,3,10,VRB02KT,09,08
2010-03-03 11:00:00.000,2010,3,3,11,VRB02KT,11,10
2010-03-03 12:00:00.000,2010,3,3,12,VRB02KT,13,10
2010-03-03 13:00:00.000,2010,3,3,13,VRB02KT,14,11
2010-03-03 14:00:00.000,2010,3,3,14,06004KT,16,11
2010-03-03 15:00:00.000,2010,3,3,15,05003KT,17,11
2010-03-03 16:00:00.000,2010,3,3,16,16006KT,17,11
2010-03-03 17:00:00.000,2010,3,3,17,19010KT,18,12
2010-03-03 18:00:00.000,2010,3,3,18,17010KT,19,10
2010-03-03 19:00:00.000,2010,3,3,19,17012KT,19,09
2010-03-03 20:00:00.000,2010,3,3,20,15012KT,22,10
2010-03-03 21:00:00.000,2010,3,3,21,12010KT,18,10
2010-03-03 22:00:00.000,2010,3,3,22,14012KT,16,10
2010-03-03 23:00:00.000,2010,3,3,23,14010KT,19,09
2010-03-04 00:00:00.000,2010,3,4,0,VRB02KT,14,10
2010-03-04 02:00:00.000,2010,3,4,2,VRB02KT,11,09
2010-03-04 03:00:00.000,2010,3,4,3,04003KT,10,08
2010-03-04 04:00:00.000,2010,3,4,4,VRB02KT,09,08
2010-03-04 05:00:00.000,2010,3,4,5,VRB02KT,08,07
2010-03-04 06:00:00.000,2010,3,4,6,03004KT,10,09
2010-03-04 07:00:00.000,2010,3,4,7,05004KT,09,08
2010-03-04 08:00:00.000,2010,3,4,8,VRB02KT,08,07
2010-03-04 09:00:00.000,2010,3,4,9,06006KT,09,08
2010-03-04 10:00:00.000,2010,3,4,10,06006KT,10,09
2010-03-04 11:00:00.000,2010,3,4,11,32003KT,04,04
2010-03-04 12:00:00.000,2010,3,4,12,00000KT,06,06
2010-03-04 13:00:00.000,2010,3,4,13,00000KT,10,09
2010-03-04 14:00:00.000,2010,3,4,14,14012KT,18,09
2010-03-04 15:00:00.000,2010,3,4,15,00000KT,17,10
2010-03-04 16:00:00.000,2010,3,4,16,07006KT,19,10
2010-03-04 17:00:00.000,2010,3,4,17,10011KT,21,08
2010-03-04 18:00:00.000,2010,3,4,18,12012KT,22,07
2010-03-04 20:00:00.000,2010,3,4,20,15014KT,22,07
2010-03-04 21:00:00.000,2010,3,4,21,12005KT,20,09
2010-03-04 22:00:00.000,2010,3,4,22,24004KT,19,12
2010-03-04 23:00:00.000,2010,3,4,23,25010KT,18,13
2010-03-05 00:00:00.000,2010,3,5,0,29006KT,15,14
2010-03-05 01:00:00.000,2010,3,5,1,03004KT,13,10
2010-03-05 02:00:00.000,2010,3,5,2,33003KT,14,11
2010-03-05 03:00:00.000,2010,3,5,3,34003KT,14,11
2010-03-05 04:00:00.000,2010,3,5,4,34003KT,13,11
2010-03-05 05:00:00.000,2010,3,5,5,VRB02KT,12,10
2010-03-05 06:00:00.000,2010,3,5,6,03003KT,13,10
2010-03-05 07:00:00.000,2010,3,5,7,VRB02KT,12,10
2010-03-05 08:00:00.000,2010,3,5,8,VRB02KT,11,10
2010-03-05 09:00:00.000,2010,3,5,9,30003KT,10,10
2010-03-05 10:00:00.000,2010,3,5,10,31003KT,10,09
2010-03-05 11:00:00.000,2010,3,5,11,03003KT,11,10
2010-03-05 13:00:00.000,2010,3,5,13,05004KT,15,11
2010-03-05 14:00:00.000,2010,3,5,14,08010KT,18,11
2010-03-05 15:00:00.000,2010,3,5,15,10010KT,18,10
2010-03-05 16:00:00.000,2010,3,5,16,10010KT,19,10
2010-03-05 17:00:00.000,2010,3,5,17,11012KT,19,09
2010-03-05 18:00:00.000,2010,3,5,18,12012KT,20,09
2010-03-05 19:00:00.000,2010,3,5,19,05010KT,21,10
2010-03-05 20:00:00.000,2010,3,5,20,04008KT,21,10
2010-03-05 21:00:00.000,2010,3,5,21,06007KT,21,09
2010-03-05 22:00:00.000,2010,3,5,22,25008KT,19,13
2010-03-05 23:00:00.000,2010,3,5,23,05008KT,17,13
2010-03-06 00:00:00.000,2010,3,6,0,VRB02KT,16,14
2010-03-06 01:00:00.000,2010,3,6,1,00000KT,15,14
2010-03-06 02:00:00.000,2010,3,6,2,VRB02KT,15,13
2010-03-06 03:00:00.000,2010,3,6,3,31003KT,15,12
2010-03-06 04:00:00.000,2010,3,6,4,04005KT,13,11
2010-03-06 05:00:00.000,2010,3,6,5,04003KT,13,10
2010-03-06 06:00:00.000,2010,3,6,6,00000KT,11,09
2010-03-06 07:00:00.000,2010,3,6,7,VRB02KT,11,09
2010-03-06 08:00:00.000,2010,3,6,8,VRB02KT,12,10
2010-03-06 09:00:00.000,2010,3,6,9,06003KT,10,09
2010-03-06 10:00:00.000,2010,3,6,10,VRB02KT,10,09
2010-03-06 11:00:00.000,2010,3,6,11,04003KT,10,10
2010-03-06 12:00:00.000,2010,3,6,12,00000KT,12,10
2010-03-06 13:00:00.000,2010,3,6,13,04003KT,14,11
2010-03-06 14:00:00.000,2010,3,6,14,04004KT,16,12
2010-03-06 15:00:00.000,2010,3,6,15,00000KT,18,10
2010-03-06 16:00:00.000,2010,3,6,16,20005KT,20,09
2010-03-06 17:00:00.000,2010,3,6,17,15009KT,20,09
2010-03-06 18:00:00.000,2010,3,6,18,13012KT,21,08
2010-03-06 19:00:00.000,2010,3,6,19,11010KT,21,08
2010-03-06 20:00:00.000,2010,3,6,20,11005KT,21,08
2010-03-06 21:00:00.000,2010,3,6,21,26014KT,21,13
2010-03-06 22:00:00.000,2010,3,6,22,24012KT,19,13
2010-03-06 23:00:00.000,2010,3,6,23,31011KT,17,13
2010-03-07 00:00:00.000,2010,3,7,0,30008KT,14,12
2010-03-07 01:00:00.000,2010,3,7,1,VRB02KT,14,12
2010-03-07 02:00:00.000,2010,3,7,2,33003KT,14,12
2010-03-07 03:00:00.000,2010,3,7,3,VRB02KT,13,12
2010-03-07 04:00:00.000,2010,3,7,4,03004KT,13,12
2010-03-07 05:00:00.000,2010,3,7,5,VRB02KT,12,12
2010-03-07 06:00:00.000,2010,3,7,6,00000KT,12,11
2010-03-07 08:00:00.000,2010,3,7,8,VRB02KT,12,11
2010-03-07 09:00:00.000,2010,3,7,9,VRB02KT,12,10
2010-03-07 10:00:00.000,2010,3,7,10,00000KT,11,10
2010-03-07 11:00:00.000,2010,3,7,11,VRB02KT,11,11
2010-03-07 12:00:00.000,2010,3,7,12,04003KT,12,11
2010-03-07 13:00:00.000,2010,3,7,13,VRB02KT,14,12
2010-03-07 14:00:00.000,2010,3,7,14,03009KT,16,12
2010-03-07 15:00:00.000,2010,3,7,15,03010KT,17,11
2010-03-07 16:00:00.000,2010,3,7,16,04007KT,19,11
2010-03-07 17:00:00.000,2010,3,7,17,17005KT,21,10
2010-03-07 18:00:00.000,2010,3,7,18,VRB02KT,20,09
2010-03-07 19:00:00.000,2010,3,7,19,07005KT,20,10
2010-03-07 20:00:00.000,2010,3,7,20,11004KT,20,11
2010-03-07 21:00:00.000,2010,3,7,21,27007KT,19,14
2010-03-07 22:00:00.000,2010,3,7,22,25006KT,19,14
2010-03-07 23:00:00.000,2010,3,7,23,25008KT,16,13
2010-03-08 00:00:00.000,2010,3,8,0,27007KT,15,13
2010-03-08 01:00:00.000,2010,3,8,1,34003KT,14,12
2010-03-08 02:00:00.000,2010,3,8,2,00000KT,13,12
2010-03-08 03:00:00.000,2010,3,8,3,03003KT,13,12
2010-03-08 04:00:00.000,2010,3,8,4,33003KT,13,11
2010-03-08 05:00:00.000,2010,3,8,5,00000KT,10,10
2010-03-08 06:00:00.000,2010,3,8,6,00000KT,10,10
2010-03-08 07:00:00.000,2010,3,8,7,29003KT,10,10
2010-03-08 08:00:00.000,2010,3,8,8,00000KT,10,10
2010-03-08 09:00:00.000,2010,3,8,9,VRB02KT,11,11
2010-03-08 10:00:00.000,2010,3,8,10,00000KT,11,11
2010-03-08 11:00:00.000,2010,3,8,11,VRB02KT,11,11
2010-03-08 12:00:00.000,2010,3,8,12,07004KT,12,12
2010-03-08 13:00:00.000,2010,3,8,13,03003KT,14,12
2010-03-08 14:00:00.000,2010,3,8,14,VRB02KT,17,12
2010-03-08 15:00:00.000,2010,3,8,15,VRB02KT,18,12
2010-03-08 16:00:00.000,2010,3,8,16,18005KT,19,11
2010-03-08 17:00:00.000,2010,3,8,17,17003KT,20,10
2010-03-08 18:00:00.000,2010,3,8,18,09903KT,21,10
2010-03-08 19:00:00.000,2010,3,8,19,23008KT,18,14
2010-03-08 20:00:00.000,2010,3,8,20,27006KT,16,14
2010-03-08 21:00:00.000,2010,3,8,21,31005KT,18,15
2010-03-08 22:00:00.000,2010,3,8,22,21004KT,16,13
2010-03-08 23:00:00.000,2010,3,8,23,25006KT,15,13
2010-03-09 00:00:00.000,2010,3,9,0,VRB02KT,15,12
2010-03-09 01:00:00.000,2010,3,9,1,00000KT,14,13
2010-03-09 02:00:00.000,2010,3,9,2,32005KT,14,13
2010-03-09 03:00:00.000,2010,3,9,3,07004KT,15,11
2010-03-09 04:00:00.000,2010,3,9,4,06003KT,14,11
2010-03-09 05:00:00.000,2010,3,9,5,VRB02KT,13,10
2010-03-09 06:00:00.000,2010,3,9,6,34003KT,11,10
2010-03-09 07:00:00.000,2010,3,9,7,03006KT,11,10
2010-03-09 08:00:00.000,2010,3,9,8,03006KT,12,10
2010-03-09 09:00:00.000,2010,3,9,9,30003KT,10,09
2010-03-09 10:00:00.000,2010,3,9,10,VRB02KT,10,09
2010-03-09 11:00:00.000,2010,3,9,11,VRB02KT,09,08
2010-03-09 12:00:00.000,2010,3,9,12,05003KT,10,10
2010-03-09 13:00:00.000,2010,3,9,13,05005KT,14,12
2010-03-09 14:00:00.000,2010,3,9,14,04004KT,16,12
2010-03-09 15:00:00.000,2010,3,9,15,06004KT,17,12
2010-03-09 16:00:00.000,2010,3,9,16,VRB02KT,18,12
2010-03-09 17:00:00.000,2010,3,9,17,13006KT,19,12
2010-03-09 18:00:00.000,2010,3,9,18,16010KT,19,11
2010-03-09 19:00:00.000,2010,3,9,19,12008KT,18,11
2010-03-09 20:00:00.000,2010,3,9,20,12006KT,20,11
2010-03-09 21:00:00.000,2010,3,9,21,08004KT,20,11
2010-03-09 22:00:00.000,2010,3,9,22,10006KT,21,09
2010-03-09 23:00:00.000,2010,3,9,23,03004KT,17,10
2010-03-10 00:00:00.000,2010,3,10,0,33004KT,15,13
2010-03-10 01:00:00.000,2010,3,10,1,00000KT,14,13
2010-03-10 02:00:00.000,2010,3,10,2,VRB02KT,13,13
2010-03-10 03:00:00.000,2010,3,10,3,01003KT,13,13
2010-03-10 04:00:00.000,2010,3,10,4,04005KT,13,11
2010-03-10 05:00:00.000,2010,3,10,5,06005KT,13,11
2010-03-10 06:00:00.000,2010,3,10,6,04004KT,12,11
2010-03-10 08:00:00.000,2010,3,10,8,05005KT,10,09
2010-03-10 09:00:00.000,2010,3,10,9,29003KT,10,10
2010-03-10 11:00:00.000,2010,3,10,11,05004KT,10,10
2010-03-10 12:00:00.000,2010,3,10,12,04005KT,12,10
2010-03-10 13:00:00.000,2010,3,10,13,06006KT,15,11
2010-03-10 14:00:00.000,2010,3,10,14,04008KT,16,11
2010-03-10 15:00:00.000,2010,3,10,15,08006KT,18,12
2010-03-10 16:00:00.000,2010,3,10,16,VRB02KT,20,11
2010-03-10 17:00:00.000,2010,3,10,17,VRB02KT,19,11
2010-03-10 18:00:00.000,2010,3,10,18,11007KT,20,11
2010-03-10 19:00:00.000,2010,3,10,19,21005KT,20,11
2010-03-10 20:00:00.000,2010,3,10,20,21006KT,20,11
2010-03-10 21:00:00.000,2010,3,10,21,12006KT,21,11
2010-03-10 22:00:00.000,2010,3,10,22,24009KT,18,14
2010-03-10 23:00:00.000,2010,3,10,23,23006KT,17,14
2010-03-11 01:00:00.000,2010,3,11,1,VRB02KT,14,13
2010-03-11 02:00:00.000,2010,3,11,2,15004KT,15,13
2010-03-11 03:00:00.000,2010,3,11,3,VRB02KT,15,10
2010-03-11 04:00:00.000,2010,3,11,4,00000KT,14,12
2010-03-11 05:00:00.000,2010,3,11,5,01003KT,13,12
2010-03-11 06:00:00.000,2010,3,11,6,00000KT,13,12
2010-03-11 07:00:00.000,2010,3,11,7,00000KT,13,12
2010-03-11 08:00:00.000,2010,3,11,8,08003KT,13,11
2010-03-11 10:00:00.000,2010,3,11,10,09004KT,13,12
2010-03-11 11:00:00.000,2010,3,11,11,03002KT,12,11
2010-03-11 12:00:00.000,2010,3,11,12,12006KT,15,11
2010-03-11 13:00:00.000,2010,3,11,13,12008KT,16,11
2010-03-11 14:00:00.000,2010,3,11,14,09006KT,19,11
2010-03-11 15:00:00.000,2010,3,11,15,12010KT,20,11
2010-03-11 16:00:00.000,2010,3,11,16,13012KT,20,11
2010-03-11 17:00:00.000,2010,3,11,17,12014KT,20,10
2010-03-11 18:00:00.000,2010,3,11,18,16014KT,22,10
2010-03-11 19:00:00.000,2010,3,11,19,15015KT,21,09
2010-03-11 20:00:00.000,2010,3,11,20,12012KT,22,09
2010-03-11 21:00:00.000,2010,3,11,21,10012KT,22,09
2010-03-11 22:00:00.000,2010,3,11,22,13006KT,20,10
2010-03-11 23:00:00.000,2010,3,11,23,24006KT,16,13
2010-03-12 00:00:00.000,2010,3,12,0,29008KT,15,13
2010-03-12 01:00:00.000,2010,3,12,1,04003KT,14,12
2010-03-12 02:00:00.000,2010,3,12,2,33004KT,13,11
2010-03-12 03:00:00.000,2010,3,12,3,VRB02KT,13,11
2010-03-12 04:00:00.000,2010,3,12,4,VRB02KT,12,11
2010-03-12 05:00:00.000,2010,3,12,5,VRB02KT,11,10
2010-03-12 06:00:00.000,2010,3,12,6,VRB02KT,10,09
2010-03-12 07:00:00.000,2010,3,12,7,VRB02KT,10,09
2010-03-12 08:00:00.000,2010,3,12,8,VRB02KT,10,09
2010-03-12 10:00:00.000,2010,3,12,10,VRB02KT,09,09
2010-03-12 11:00:00.000,2010,3,12,11,04003KT,08,08
2010-03-12 12:00:00.000,2010,3,12,12,VRB02KT,10,09
2010-03-12 13:00:00.000,2010,3,12,13,02004KT,12,10
2010-03-12 14:00:00.000,2010,3,12,14,02008KT,15,12
2010-03-12 15:00:00.000,2010,3,12,15,01004KT,19,11
2010-03-12 16:00:00.000,2010,3,12,16,22008KT,19,10
2010-03-12 17:00:00.000,2010,3,12,17,18006KT,21,10
2010-03-12 18:00:00.000,2010,3,12,18,11010KT,22,08
2010-03-12 19:00:00.000,2010,3,12,19,26010KT,21,12
2010-03-12 20:00:00.000,2010,3,12,20,27014KT,21,13
2010-03-12 21:00:00.000,2010,3,12,21,31012KT,19,13
2010-03-12 22:00:00.000,2010,3,12,22,21010KT,18,13
2010-03-12 23:00:00.000,2010,3,12,23,23005KT,17,13
2010-03-13 00:00:00.000,2010,3,13,0,28005KT,15,13
2010-03-13 01:00:00.000,2010,3,13,1,VRB02KT,15,13
2010-03-13 02:00:00.000,2010,3,13,2,00000KT,15,13
2010-03-13 03:00:00.000,2010,3,13,3,36003KT,14,13
2010-03-13 04:00:00.000,2010,3,13,4,26007KT,13,12
2010-03-13 05:00:00.000,2010,3,13,5,03004KT,13,11
2010-03-13 06:00:00.000,2010,3,13,6,VRB02KT,13,11
2010-03-13 07:00:00.000,2010,3,13,7,03004KT,11,10
2010-03-13 08:00:00.000,2010,3,13,8,VRB02KT,10,10
2010-03-13 09:00:00.000,2010,3,13,9,VRB02KT,10,10
2010-03-13 10:00:00.000,2010,3,13,10,VRB02KT,09,09
2010-03-13 11:00:00.000,2010,3,13,11,03003KT,10,09
2010-03-13 12:00:00.000,2010,3,13,12,VRB02KT,10,09
2010-03-13 13:00:00.000,2010,3,13,13,VRB02KT,10,09
2010-03-13 14:00:00.000,2010,3,13,14,35004KT,12,11
2010-03-13 15:00:00.000,2010,3,13,15,03004KT,14,11
2010-03-13 16:00:00.000,2010,3,13,16,07006KT,17,11
2010-03-13 17:00:00.000,2010,3,13,17,14004KT,19,10
2010-03-13 18:00:00.000,2010,3,13,18,16008KT,20,10
2010-03-13 19:00:00.000,2010,3,13,19,22006KT,21,09
2010-03-13 20:00:00.000,2010,3,13,20,30014KT,19,13
2010-03-13 21:00:00.000,2010,3,13,21,27008KT,19,13
2010-03-13 22:00:00.000,2010,3,13,22,31008KT,18,12
2010-03-13 23:00:00.000,2010,3,13,23,28003KT,17,12
2010-03-14 00:00:00.000,2010,3,14,0,31004KT,14,11
2010-03-14 01:00:00.000,2010,3,14,1,VRB02KT,13,10
2010-03-14 02:00:00.000,2010,3,14,2,VRB02KT,12,11
2010-03-14 03:00:00.000,2010,3,14,3,VRB02KT,11,10
2010-03-14 04:00:00.000,2010,3,14,4,00000KT,11,10
2010-03-14 05:00:00.000,2010,3,14,5,VRB02KT,11,10
2010-03-14 06:00:00.000,2010,3,14,6,VRB02KT,12,10
2010-03-14 07:00:00.000,2010,3,14,7,VRB02KT,10,09
2010-03-14 08:00:00.000,2010,3,14,8,00000KT,09,08
2010-03-14 09:00:00.000,2010,3,14,9,VRB02KT,08,08
2010-03-14 10:00:00.000,2010,3,14,10,VRB02KT,09,09
2010-03-14 11:00:00.000,2010,3,14,11,VRB02KT,10,10
2010-03-14 12:00:00.000,2010,3,14,12,02003KT,11,10
2010-03-14 13:00:00.000,2010,3,14,13,13003KT,15,11
2010-03-14 14:00:00.000,2010,3,14,14,VRB02KT,17,10
2010-03-14 15:00:00.000,2010,3,14,15,13007KT,19,08
2010-03-14 16:00:00.000,2010,3,14,16,07009KT,20,06
2010-03-14 17:00:00.000,2010,3,14,17,13010KT,22,07
2010-03-14 18:00:00.000,2010,3,14,18,14012KT,22,06
2010-03-14 19:00:00.000,2010,3,14,19,06010KT,22,07
2010-03-14 20:00:00.000,2010,3,14,20,14006KT,22,07
2010-03-14 21:00:00.000,2010,3,14,21,11008KT,20,04
2010-03-14 22:00:00.000,2010,3,14,22,10008KT,20,05
2010-03-14 23:00:00.000,2010,3,14,23,29010KT,16,12
2010-03-15 00:00:00.000,2010,3,15,0,29007KT,15,12
2010-03-15 01:00:00.000,2010,3,15,1,VRB02KT,13,11
2010-03-15 02:00:00.000,2010,3,15,2,VRB02KT,12,11
2010-03-15 03:00:00.000,2010,3,15,3,VRB02KT,10,09
2010-03-15 04:00:00.000,2010,3,15,4,00000KT,08,07
2010-03-15 05:00:00.000,2010,3,15,5,34003KT,07,07
2010-03-15 06:00:00.000,2010,3,15,6,29003KT,07,07
2010-03-15 07:00:00.000,2010,3,15,7,30003KT,05,05
2010-03-15 08:00:00.000,2010,3,15,8,00000KT,05,05
2010-03-15 09:00:00.000,2010,3,15,9,VRB02KT,05,05
2010-03-15 10:00:00.000,2010,3,15,10,00000KT,03,03
2010-03-15 11:00:00.000,2010,3,15,11,33003KT,03,03
2010-03-15 12:00:00.000,2010,3,15,12,VRB02KT,07,07
2010-03-15 13:00:00.000,2010,3,15,13,04004KT,12,09
2010-03-15 14:00:00.000,2010,3,15,14,36004KT,16,10
2010-03-15 15:00:00.000,2010,3,15,15,25008KT,19,09
2010-03-15 16:00:00.000,2010,3,15,16,16007KT,21,04
2010-03-15 17:00:00.000,2010,3,15,17,14010KT,22,01
2010-03-15 18:00:00.000,2010,3,15,18,27011KT,21,11
2010-03-15 19:00:00.000,2010,3,15,19,29015KT,21,13
2010-03-15 20:00:00.000,2010,3,15,20,28012KT,19,12
2010-03-15 21:00:00.000,2010,3,15,21,27008KT,18,13
2010-03-15 22:00:00.000,2010,3,15,22,27010KT,18,13
2010-03-15 23:00:00.000,2010,3,15,23,29009KT,16,13
2010-03-16 00:00:00.000,2010,3,16,0,27006KT,15,13
2010-03-16 01:00:00.000,2010,3,16,1,29006KT,15,13
2010-03-16 02:00:00.000,2010,3,16,2,29004KT,14,13
2010-03-16 03:00:00.000,2010,3,16,3,31004KT,12,11
2010-03-16 04:00:00.000,2010,3,16,4,33004KT,12,11
2010-03-16 05:00:00.000,2010,3,16,5,VRB02KT,11,11
2010-03-16 06:00:00.000,2010,3,16,6,03004KT,12,10
2010-03-16 07:00:00.000,2010,3,16,7,04006KT,11,10
2010-03-16 08:00:00.000,2010,3,16,8,04004KT,11,09
2010-03-16 09:00:00.000,2010,3,16,9,02004KT,09,08
2010-03-16 10:00:00.000,2010,3,16,10,02004KT,09,08
2010-03-16 11:00:00.000,2010,3,16,11,03004KT,08,08
2010-03-16 12:00:00.000,2010,3,16,12,34006KT,09,08
2010-03-16 13:00:00.000,2010,3,16,13,VRB02KT,12,08
2010-03-16 14:00:00.000,2010,3,16,14,03006KT,15,10
2010-03-16 15:00:00.000,2010,3,16,15,11010KT,18,08
2010-03-16 16:00:00.000,2010,3,16,16,14012KT,19,08
2010-03-16 17:00:00.000,2010,3,16,17,13010KT,20,08
2010-03-16 18:00:00.000,2010,3,16,18,12010KT,20,09
2010-03-16 19:00:00.000,2010,3,16,19,11010KT,21,09
2010-03-16 20:00:00.000,2010,3,16,20,12010KT,20,09
2010-03-16 21:00:00.000,2010,3,16,21,12010KT,22,09
2010-03-16 22:00:00.000,2010,3,16,22,24010KT,18,14
2010-03-16 23:00:00.000,2010,3,16,23,25010KT,15,13
2010-03-17 00:00:00.000,2010,3,17,0,31006KT,14,13
2010-03-17 01:00:00.000,2010,3,17,1,33004KT,14,12
2010-03-17 02:00:00.000,2010,3,17,2,32004KT,13,12
2010-03-17 03:00:00.000,2010,3,17,3,35004KT,13,12
2010-03-17 04:00:00.000,2010,3,17,4,00000KT,13,12
2010-03-17 05:00:00.000,2010,3,17,5,28003KT,13,12
2010-03-17 06:00:00.000,2010,3,17,6,00000KT,13,12
2010-03-17 08:00:00.000,2010,3,17,8,03005KT,12,11
2010-03-17 09:00:00.000,2010,3,17,9,00000KT,12,10
2010-03-17 10:00:00.000,2010,3,17,10,VRB02KT,13,11
2010-03-17 11:00:00.000,2010,3,17,11,03005KT,13,10
2010-03-17 12:00:00.000,2010,3,17,12,05010KT,13,10
2010-03-17 13:00:00.000,2010,3,17,13,04010KT,15,09
2010-03-17 14:00:00.000,2010,3,17,14,04010KT,16,09
2010-03-17 16:00:00.000,2010,3,17,16,07010KT,16,10
2010-03-17 17:00:00.000,2010,3,17,17,10006KT,16,10
2010-03-17 18:00:00.000,2010,3,17,18,15004KT,17,10
2010-03-17 19:00:00.000,2010,3,17,19,03007KT,17,10
2010-03-17 20:00:00.000,2010,3,17,20,07010KT,17,10
2010-03-17 21:00:00.000,2010,3,17,21,12008KT,18,10
2010-03-17 22:00:00.000,2010,3,17,22,12006KT,19,09
2010-03-17 23:00:00.000,2010,3,17,23,24006KT,14,11
2010-03-18 00:00:00.000,2010,3,18,0,24006KT,12,11
2010-03-18 01:00:00.000,2010,3,18,1,VRB02KT,12,11
2010-03-18 02:00:00.000,2010,3,18,2,32004KT,12,11
2010-03-18 03:00:00.000,2010,3,18,3,VRB02KT,12,11
2010-03-18 04:00:00.000,2010,3,18,4,VRB02KT,12,11
2010-03-18 05:00:00.000,2010,3,18,5,31004KT,11,11
2010-03-18 06:00:00.000,2010,3,18,6,32004KT,12,11
2010-03-18 07:00:00.000,2010,3,18,7,VRB02KT,11,11
2010-03-18 08:00:00.000,2010,3,18,8,VRB02KT,12,11
2010-03-18 09:00:00.000,2010,3,18,9,VRB02KT,12,11
2010-03-18 10:00:00.000,2010,3,18,10,VRB02KT,12,11
2010-03-18 11:00:00.000,2010,3,18,11,00000KT,12,11
2010-03-18 12:00:00.000,2010,3,18,12,VRB02KT,12,10
2010-03-18 13:00:00.000,2010,3,18,13,04006KT,13,12
2010-03-18 14:00:00.000,2010,3,18,14,04007KT,14,12
2010-03-18 15:00:00.000,2010,3,18,15,04008KT,16,11
2010-03-18 16:00:00.000,2010,3,18,16,08008KT,18,11
2010-03-18 17:00:00.000,2010,3,18,17,11010KT,19,09
2010-03-18 18:00:00.000,2010,3,18,18,09008KT,20,10
2010-03-18 19:00:00.000,2010,3,18,19,09012KT,20,10
2010-03-18 20:00:00.000,2010,3,18,20,16008KT,20,10
2010-03-18 21:00:00.000,2010,3,18,21,16006KT,19,09
2010-03-18 22:00:00.000,2010,3,18,22,16006KT,17,13
2010-03-18 23:00:00.000,2010,3,18,23,29006KT,16,12
2010-03-19 00:00:00.000,2010,3,19,0,31003KT,13,12
2010-03-19 01:00:00.000,2010,3,19,1,29006KT,13,12
2010-03-19 02:00:00.000,2010,3,19,2,VRB02KT,12,11
2010-03-19 03:00:00.000,2010,3,19,3,33003KT,12,11
2010-03-19 04:00:00.000,2010,3,19,4,34003KT,12,11
2010-03-19 05:00:00.000,2010,3,19,5,00000KT,13,10
2010-03-19 06:00:00.000,2010,3,19,6,03004KT,13,10
2010-03-19 07:00:00.000,2010,3,19,7,05006KT,13,10
2010-03-19 08:00:00.000,2010,3,19,8,05008KT,12,11
2010-03-19 09:00:00.000,2010,3,19,9,06007KT,12,10
2010-03-19 10:00:00.000,2010,3,19,10,04007KT,12,09
2010-03-19 11:00:00.000,2010,3,19,11,06009KT,12,10
2010-03-19 12:00:00.000,2010,3,19,12,04008KT,12,10
2010-03-19 13:00:00.000,2010,3,19,13,06010KT,14,10
2010-03-19 14:00:00.000,2010,3,19,14,07008KT,16,10
2010-03-19 15:00:00.000,2010,3,19,15,08010KT,19,10
2010-03-19 16:00:00.000,2010,3,19,16,12014KT,20,09
2010-03-19 17:00:00.000,2010,3,19,17,14016KT,21,09
2010-03-19 18:00:00.000,2010,3,19,18,12012KT,22,10
2010-03-19 19:00:00.000,2010,3,19,19,09012KT,21,10
2010-03-19 20:00:00.000,2010,3,19,20,17014KT,21,09
2010-03-19 21:00:00.000,2010,3,19,21,13010KT,20,10
2010-03-19 22:00:00.000,2010,3,19,22,15012KT,20,09
2010-03-19 23:00:00.000,2010,3,19,23,12010KT,19,10
2010-03-20 00:00:00.000,2010,3,20,0,09010KT,17,10
2010-03-20 01:00:00.000,2010,3,20,1,24004KT,15,11
2010-03-20 02:00:00.000,2010,3,20,2,02003KT,15,11
2010-03-20 03:00:00.000,2010,3,20,3,07003KT,14,11
2010-03-20 04:00:00.000,2010,3,20,4,31006KT,14,11
2010-03-20 05:00:00.000,2010,3,20,5,35003KT,14,10
2010-03-20 06:00:00.000,2010,3,20,6,02003KT,14,11
2010-03-20 07:00:00.000,2010,3,20,7,00000KT,14,11
2010-03-20 08:00:00.000,2010,3,20,8,01004KT,13,11
2010-03-20 09:00:00.000,2010,3,20,9,05003KT,13,10
2010-03-20 10:00:00.000,2010,3,20,10,VRB02KT,12,10
2010-03-20 11:00:00.000,2010,3,20,11,07007KT,13,11
2010-03-20 12:00:00.000,2010,3,20,12,05005KT,14,11
2010-03-20 13:00:00.000,2010,3,20,13,06008KT,15,11
2010-03-20 14:00:00.000,2010,3,20,14,06010KT,17,11
2010-03-20 15:00:00.000,2010,3,20,15,10010KT,18,10
2010-03-20 16:00:00.000,2010,3,20,16,08010KT,18,11
2010-03-20 17:00:00.000,2010,3,20,17,14010KT,19,11
2010-03-20 18:00:00.000,2010,3,20,18,08010KT,18,11
2010-03-20 19:00:00.000,2010,3,20,19,09010KT,18,10
2010-03-20 21:00:00.000,2010,3,20,21,13008KT,18,10
2010-03-20 22:00:00.000,2010,3,20,22,14012KT,18,10
2010-03-20 23:00:00.000,2010,3,20,23,09008KT,17,10
2010-03-21 00:00:00.000,2010,3,21,0,07004KT,15,09
2010-03-21 02:00:00.000,2010,3,21,2,09008KT,15,10
2010-03-21 06:00:00.000,2010,3,21,6,25004KT,14,10
2010-03-21 07:00:00.000,2010,3,21,7,02004KT,13,10
2010-03-21 08:00:00.000,2010,3,21,8,01004KT,13,10
2010-03-21 09:00:00.000,2010,3,21,9,03004KT,12,10
2010-03-21 10:00:00.000,2010,3,21,10,29004KT,11,11
2010-03-21 13:00:00.000,2010,3,21,13,05005KT,16,10
2010-03-21 14:00:00.000,2010,3,21,14,10007KT,18,09
2010-03-21 15:00:00.000,2010,3,21,15,13008KT,18,09
2010-03-21 16:00:00.000,2010,3,21,16,14010KT,20,07
2010-03-21 17:00:00.000,2010,3,21,17,12007KT,20,08
2010-03-21 18:00:00.000,2010,3,21,18,12009KT,20,09
2010-03-21 20:00:00.000,2010,3,21,20,VRB02KT,21,09
2010-03-21 21:00:00.000,2010,3,21,21,25006KT,20,11
2010-03-21 22:00:00.000,2010,3,21,22,28008KT,18,13
2010-03-21 23:00:00.000,2010,3,21,23,25007KT,13,30
2010-03-22 00:00:00.000,2010,3,22,0,29004KT,15,13
2010-03-22 01:00:00.000,2010,3,22,1,VRB02KT,14,13
2010-03-22 02:00:00.000,2010,3,22,2,29003KT,14,13
2010-03-22 03:00:00.000,2010,3,22,3,03004KT,14,13
2010-03-22 04:00:00.000,2010,3,22,4,36003KT,14,12
2010-03-22 05:00:00.000,2010,3,22,5,06003KT,14,11
2010-03-22 07:00:00.000,2010,3,22,7,32003KT,11,10
2010-03-22 08:00:00.000,2010,3,22,8,05003KT,10,09
2010-03-22 11:00:00.000,2010,3,22,11,VRB02KT,07,07
2010-03-22 12:00:00.000,2010,3,22,12,00000KT,08,08
2010-03-22 13:00:00.000,2010,3,22,13,04003KT,12,12
2010-03-22 14:00:00.000,2010,3,22,14,VRB02KT,17,11
2010-03-22 15:00:00.000,2010,3,22,15,01004KT,18,10
2010-03-22 17:00:00.000,2010,3,22,17,15005KT,22,10
2010-03-22 18:00:00.000,2010,3,22,18,30014KT,21,13
2010-03-22 19:00:00.000,2010,3,22,19,30015KT,21,13
2010-03-22 20:00:00.000,2010,3,22,20,28014KT,20,14
2010-03-22 21:00:00.000,2010,3,22,21,30008KT,18,14
2010-03-22 22:00:00.000,2010,3,22,22,31006KT,18,13
2010-03-22 23:00:00.000,2010,3,22,23,26006KT,17,13
2010-03-23 00:00:00.000,2010,3,23,0,31007KT,15,13
2010-03-23 01:00:00.000,2010,3,23,1,30007KT,15,12
2010-03-23 02:00:00.000,2010,3,23,2,VRB02KT,14,11
2010-03-23 03:00:00.000,2010,3,23,3,VRB02KT,12,11
2010-03-23 04:00:00.000,2010,3,23,4,VRB02KT,11,11
2010-03-23 05:00:00.000,2010,3,23,5,05003KT,11,10
2010-03-23 06:00:00.000,2010,3,23,6,00000KT,10,09
2010-03-23 07:00:00.000,2010,3,23,7,05003KT,11,09
2010-03-23 08:00:00.000,2010,3,23,8,05003KT,09,08
2010-03-23 09:00:00.000,2010,3,23,9,VRB02KT,09,09
2010-03-23 10:00:00.000,2010,3,23,10,04003KT,08,08
2010-03-23 11:00:00.000,2010,3,23,11,VRB02KT,06,06
2010-03-23 12:00:00.000,2010,3,23,12,05003KT,10,09
2010-03-23 13:00:00.000,2010,3,23,13,15004KT,15,11
2010-03-23 14:00:00.000,2010,3,23,14,09007KT,18,11
2010-03-23 15:00:00.000,2010,3,23,15,16004KT,19,09
2010-03-23 16:00:00.000,2010,3,23,16,30007KT,20,10
2010-03-23 18:00:00.000,2010,3,23,18,29010KT,22,13
2010-03-23 19:00:00.000,2010,3,23,19,28012KT,22,12
2010-03-23 20:00:00.000,2010,3,23,20,28016KT,22,13
2010-03-23 23:00:00.000,2010,3,23,23,25007KT,18,13
2010-03-24 00:00:00.000,2010,3,24,0,VRB02KT,16,13
2010-03-24 01:00:00.000,2010,3,24,1,30006KT,15,13
2010-03-24 02:00:00.000,2010,3,24,2,VRB02KT,15,13
2010-03-24 03:00:00.000,2010,3,24,3,02003KT,15,11
2010-03-24 04:00:00.000,2010,3,24,4,06004KT,13,10
2010-03-24 05:00:00.000,2010,3,24,5,03005KT,11,09
2010-03-24 06:00:00.000,2010,3,24,6,05004KT,12,10
2010-03-24 07:00:00.000,2010,3,24,7,06004KT,12,10
2010-03-24 08:00:00.000,2010,3,24,8,04005KT,11,09
2010-03-24 09:00:00.000,2010,3,24,9,07004KT,11,09
2010-03-24 10:00:00.000,2010,3,24,10,06004KT,11,09
2010-03-24 11:00:00.000,2010,3,24,11,07004KT,10,09
2010-03-24 12:00:00.000,2010,3,24,12,05004KT,12,09
2010-03-24 13:00:00.000,2010,3,24,13,VRB02KT,14,09
2010-03-24 14:00:00.000,2010,3,24,14,VRB02KT,16,08
2010-03-24 15:00:00.000,2010,3,24,15,15009KT,18,06
2010-03-24 16:00:00.000,2010,3,24,16,11012KT,20,07
2010-03-24 17:00:00.000,2010,3,24,17,14012KT,20,07
2010-03-24 18:00:00.000,2010,3,24,18,17018KT,21,07
2010-03-24 19:00:00.000,2010,3,24,19,16016KT,21,07
2010-03-24 20:00:00.000,2010,3,24,20,17013KT,21,07
2010-03-24 21:00:00.000,2010,3,24,21,16014KT,20,07
2010-03-24 22:00:00.000,2010,3,24,22,15012KT,19,05
2010-03-24 23:00:00.000,2010,3,24,23,16012KT,17,03
2010-03-25 00:00:00.000,2010,3,25,0,15012KT,14,03
2010-03-25 01:00:00.000,2010,3,25,1,15008KT,12,04
2010-03-25 02:00:00.000,2010,3,25,2,VRB02KT,11,04
2010-03-25 03:00:00.000,2010,3,25,3,02006KT,10,04
2010-03-25 04:00:00.000,2010,3,25,4,35005KT,09,06
2010-03-25 05:00:00.000,2010,3,25,5,00000KT,08,06
2010-03-25 06:00:00.000,2010,3,25,6,00000KT,07,07
2010-03-25 07:00:00.000,2010,3,25,7,00000KT,07,06
2010-03-25 08:00:00.000,2010,3,25,8,35003KT,04,04
2010-03-25 09:00:00.000,2010,3,25,9,VRB02KT,04,04
2010-03-25 10:00:00.000,2010,3,25,10,VRB02KT,05,05
2010-03-25 11:00:00.000,2010,3,25,11,VRB02KT,04,04
2010-03-25 12:00:00.000,2010,3,25,12,VRB02KT,07,06
2010-03-25 13:00:00.000,2010,3,25,13,05006KT,11,07
2010-03-25 14:00:00.000,2010,3,25,14,11005KT,15,06
2010-03-25 15:00:00.000,2010,3,25,15,01003KT,18,07
2010-03-25 16:00:00.000,2010,3,25,16,07004KT,19,05
2010-03-25 17:00:00.000,2010,3,25,17,13005KT,21,07
2010-03-25 18:00:00.000,2010,3,25,18,26008KT,20,10
2010-03-25 19:00:00.000,2010,3,25,19,24012KT,21,10
2010-03-25 20:00:00.000,2010,3,25,20,27012KT,20,12
2010-03-25 21:00:00.000,2010,3,25,21,28015KT,18,12
2010-03-25 22:00:00.000,2010,3,25,22,25014KT,17,12
2010-03-25 23:00:00.000,2010,3,25,23,27011KT,16,10
2010-03-26 00:00:00.000,2010,3,26,0,23006KT,15,10
2010-03-26 01:00:00.000,2010,3,26,1,21004KT,15,11
2010-03-26 02:00:00.000,2010,3,26,2,33004KT,15,10
2010-03-26 03:00:00.000,2010,3,26,3,34006KT,15,12
2010-03-26 04:00:00.000,2010,3,26,4,35004KT,13,11
2010-03-26 05:00:00.000,2010,3,26,5,33004KT,13,11
2010-03-26 06:00:00.000,2010,3,26,6,35004KT,13,11
2010-03-26 07:00:00.000,2010,3,26,7,32004KT,12,11
2010-03-26 08:00:00.000,2010,3,26,8,32004KT,12,11
2010-03-26 09:00:00.000,2010,3,26,9,02004KT,11,10
2010-03-26 10:00:00.000,2010,3,26,10,04006KT,13,10
2010-03-26 11:00:00.000,2010,3,26,11,05006KT,13,10
2010-03-26 12:00:00.000,2010,3,26,12,03004KT,12,10
2010-03-26 13:00:00.000,2010,3,26,13,04008KT,14,10
2010-03-26 14:00:00.000,2010,3,26,14,03007KT,16,10
2010-03-26 15:00:00.000,2010,3,26,15,VRB02KT,18,10
2010-03-26 16:00:00.000,2010,3,26,16,VRB02KT,19,09
2010-03-26 17:00:00.000,2010,3,26,17,21010KT,19,13
2010-03-26 18:00:00.000,2010,3,26,18,25006KT,20,10
2010-03-26 19:00:00.000,2010,3,26,19,24010KT,20,12
2010-03-26 20:00:00.000,2010,3,26,20,27012KT,19,12
2010-03-26 21:00:00.000,2010,3,26,21,26010KT,17,12
2010-03-26 22:00:00.000,2010,3,26,22,27010KT,17,12
2010-03-26 23:00:00.000,2010,3,26,23,30010KT,15,12
2010-03-27 00:00:00.000,2010,3,27,0,30005KT,14,12
2010-03-27 01:00:00.000,2010,3,27,1,25004KT,14,12
2010-03-27 02:00:00.000,2010,3,27,2,36003KT,14,12
2010-03-27 03:00:00.000,2010,3,27,3,33005KT,14,12
2010-03-27 04:00:00.000,2010,3,27,4,28007KT,13,12
2010-03-27 05:00:00.000,2010,3,27,5,30008KT,13,12
2010-03-27 06:00:00.000,2010,3,27,6,28003KT,13,12
2010-03-27 07:00:00.000,2010,3,27,7,04003KT,13,12
2010-03-27 08:00:00.000,2010,3,27,8,36004KT,13,12
2010-03-27 09:00:00.000,2010,3,27,9,00000KT,12,12
2010-03-27 10:00:00.000,2010,3,27,10,00000KT,12,11
2010-03-27 11:00:00.000,2010,3,27,11,VRB02KT,12,10
2010-03-27 12:00:00.000,2010,3,27,12,05004KT,13,11
2010-03-27 13:00:00.000,2010,3,27,13,05006KT,15,11
2010-03-27 14:00:00.000,2010,3,27,14,03004KT,18,10
2010-03-27 15:00:00.000,2010,3,27,15,05006KT,20,09
2010-03-27 16:00:00.000,2010,3,27,16,02004KT,22,09
2010-03-27 17:00:00.000,2010,3,27,17,24012KT,21,13
2010-03-27 18:00:00.000,2010,3,27,18,26014KT,21,14
2010-03-27 19:00:00.000,2010,3,27,19,25014KT,21,14
2010-03-27 20:00:00.000,2010,3,27,20,26015KT,20,14
2010-03-27 21:00:00.000,2010,3,27,21,27010KT,19,14
2010-03-27 22:00:00.000,2010,3,27,22,31010KT,15,12
2010-03-27 23:00:00.000,2010,3,27,23,28008KT,15,11
2010-03-28 00:00:00.000,2010,3,28,0,32004KT,14,11
2010-03-28 01:00:00.000,2010,3,28,1,02004KT,14,11
2010-03-28 02:00:00.000,2010,3,28,2,34004KT,13,11
2010-03-28 03:00:00.000,2010,3,28,3,VRB02KT,13,10
2010-03-28 04:00:00.000,2010,3,28,4,VRB02KT,12,11
2010-03-28 05:00:00.000,2010,3,28,5,02006KT,11,10
2010-03-28 06:00:00.000,2010,3,28,6,03003KT,12,11
2010-03-28 07:00:00.000,2010,3,28,7,06004KT,13,11
2010-03-28 08:00:00.000,2010,3,28,8,VRB02KT,11,10
2010-03-28 09:00:00.000,2010,3,28,9,VRB02KT,10,09
2010-03-28 10:00:00.000,2010,3,28,10,04005KT,11,10
2010-03-28 11:00:00.000,2010,3,28,11,06004KT,11,10
2010-03-28 12:00:00.000,2010,3,28,12,VRB02KT,11,10
2010-03-28 13:00:00.000,2010,3,28,13,07006KT,14,10
2010-03-28 14:00:00.000,2010,3,28,14,02004KT,15,11
2010-03-28 15:00:00.000,2010,3,28,15,VRB02KT,18,10
2010-03-28 16:00:00.000,2010,3,28,16,05005KT,16,11
2010-03-28 17:00:00.000,2010,3,28,17,15005KT,20,10
2010-03-28 18:00:00.000,2010,3,28,18,09010KT,18,11
2010-03-28 19:00:00.000,2010,3,28,19,13008KT,17,11
2010-03-28 20:00:00.000,2010,3,28,20,14013KT,17,11
2010-03-28 21:00:00.000,2010,3,28,21,12006KT,17,11
2010-03-28 22:00:00.000,2010,3,28,22,11008KT,16,11
2010-03-28 23:00:00.000,2010,3,28,23,11006KT,16,10
2010-03-29 00:00:00.000,2010,3,29,0,07005KT,15,10
2010-03-29 01:00:00.000,2010,3,29,1,08003KT,14,10
2010-03-29 02:00:00.000,2010,3,29,2,03003KT,12,09
2010-03-29 03:00:00.000,2010,3,29,3,04003KT,12,09
2010-03-29 04:00:00.000,2010,3,29,4,03005KT,11,09
2010-03-29 05:00:00.000,2010,3,29,5,03005KT,11,09
2010-03-29 06:00:00.000,2010,3,29,6,04006KT,11,09
2010-03-29 07:00:00.000,2010,3,29,7,VRB02KT,10,09
2010-03-29 08:00:00.000,2010,3,29,8,VRB02KT,08,07
2010-03-29 09:00:00.000,2010,3,29,9,04008KT,07,07
2010-03-29 10:00:00.000,2010,3,29,10,02005KT,08,08
2010-03-29 11:00:00.000,2010,3,29,11,VRB02KT,09,08
2010-03-29 12:00:00.000,2010,3,29,12,05004KT,11,10
2010-03-29 13:00:00.000,2010,3,29,13,04004KT,13,10
2010-03-29 14:00:00.000,2010,3,29,14,03008KT,16,11
2010-03-29 15:00:00.000,2010,3,29,15,03006KT,16,11
2010-03-29 16:00:00.000,2010,3,29,16,10012KT,18,10
2010-03-29 17:00:00.000,2010,3,29,17,12014KT,20,09
2010-03-29 18:00:00.000,2010,3,29,18,11010KT,20,10
2010-03-29 19:00:00.000,2010,3,29,19,11012KT,19,10
2010-03-29 20:00:00.000,2010,3,29,20,07010KT,20,11
2010-03-29 21:00:00.000,2010,3,29,21,07008KT,19,09
2010-03-29 22:00:00.000,2010,3,29,22,23010KT,19,12
2010-03-29 23:00:00.000,2010,3,29,23,24004KT,17,13
2010-03-30 00:00:00.000,2010,3,30,0,31003KT,14,12
2010-03-30 01:00:00.000,2010,3,30,1,VRB02KT,14,12
2010-03-30 02:00:00.000,2010,3,30,2,04003KT,14,12
2010-03-30 03:00:00.000,2010,3,30,3,VRB02KT,14,12
2010-03-30 04:00:00.000,2010,3,30,4,00000KT,13,10
2010-03-30 05:00:00.000,2010,3,30,5,05003KT,13,10
2010-03-30 06:00:00.000,2010,3,30,6,04003KT,13,11
2010-03-30 07:00:00.000,2010,3,30,7,31004KT,11,10
2010-03-30 08:00:00.000,2010,3,30,8,00000KT,11,11
2010-03-30 09:00:00.000,2010,3,30,9,28003KT,12,11
2010-03-30 10:00:00.000,2010,3,30,10,34003KT,13,11
2010-03-30 11:00:00.000,2010,3,30,11,05003KT,12,11
2010-03-30 12:00:00.000,2010,3,30,12,03004KT,13,11
2010-03-30 13:00:00.000,2010,3,30,13,VRB02KT,13,12
2010-03-30 14:00:00.000,2010,3,30,14,06006KT,14,13
2010-03-30 15:00:00.000,2010,3,30,15,06004KT,13,12
2010-03-30 16:00:00.000,2010,3,30,16,10004KT,14,12
2010-03-30 17:00:00.000,2010,3,30,17,08009KT,15,10
2010-03-30 18:00:00.000,2010,3,30,18,14006KT,17,10
2010-03-30 19:00:00.000,2010,3,30,19,14003KT,15,12
2010-03-30 20:00:00.000,2010,3,30,20,VRB02KT,15,12
2010-03-30 21:00:00.000,2010,3,30,21,VRB02KT,17,11
2010-03-30 22:00:00.000,2010,3,30,22,09005KT,17,11
2010-03-30 23:00:00.000,2010,3,30,23,10007KT,15,11
2010-03-31 00:00:00.000,2010,3,31,0,09004KT,15,11
2010-03-31 01:00:00.000,2010,3,31,1,05004KT,14,11
2010-03-31 02:00:00.000,2010,3,31,2,07004KT,14,11
2010-03-31 03:00:00.000,2010,3,31,3,04004KT,14,11
2010-03-31 04:00:00.000,2010,3,31,4,06006KT,13,11
2010-03-31 05:00:00.000,2010,3,31,5,06006KT,13,11
2010-03-31 06:00:00.000,2010,3,31,6,03006KT,13,11
2010-03-31 07:00:00.000,2010,3,31,7,08004KT,13,11
2010-03-31 08:00:00.000,2010,3,31,8,00000KT,13,11
2010-03-31 09:00:00.000,2010,3,31,9,04004KT,12,11
2010-03-31 10:00:00.000,2010,3,31,10,00000KT,12,11
2010-03-31 11:00:00.000,2010,3,31,11,05004KT,12,11
2010-03-31 12:00:00.000,2010,3,31,12,06005KT,13,12
2010-03-31 13:00:00.000,2010,3,31,13,03004KT,14,12
2010-03-31 14:00:00.000,2010,3,31,14,03008KT,15,12
2010-03-31 15:00:00.000,2010,3,31,15,07010KT,16,12
2010-03-31 16:00:00.000,2010,3,31,16,06004KT,16,12
2010-03-31 17:00:00.000,2010,3,31,17,04012KT,16,11
2010-03-31 18:00:00.000,2010,3,31,18,080010KT,16,12
2010-03-31 19:00:00.000,2010,3,31,19,11012KT,18,11
2010-03-31 20:00:00.000,2010,3,31,20,08008KT,17,10
2010-03-31 21:00:00.000,2010,3,31,21,09008KT,18,10
2010-03-31 22:00:00.000,2010,3,31,22,11008KT,18,10
2010-03-31 23:00:00.000,2010,3,31,23,11008KT,17,10
2010-04-01 00:00:00.000,2010,4,1,0,11010KT,15,10
2010-04-01 01:00:00.000,2010,4,1,1,13006KT,14,10
2010-04-01 02:00:00.000,2010,4,1,2,33004KT,14,10
2010-04-01 03:00:00.000,2010,4,1,3,33004KT,14,12
2010-04-01 04:00:00.000,2010,4,1,4,00000KT,12,11
2010-04-01 05:00:00.000,2010,4,1,5,30004KT,11,11
2010-04-01 06:00:00.000,2010,4,1,6,30004KT,10,10
2010-04-01 07:00:00.000,2010,4,1,7,00000KT,10,10
2010-04-01 08:00:00.000,2010,4,1,8,32004KT,09,09
2010-04-01 09:00:00.000,2010,4,1,9,00000KT,09,09
2010-04-01 10:00:00.000,2010,4,1,10,VRB02KT,09,09
2010-04-01 11:00:00.000,2010,4,1,11,VRB02KT,09,09
2010-04-01 12:00:00.000,2010,4,1,12,VRB02KT,09,09
2010-04-01 13:00:00.000,2010,4,1,13,06006KT,13,12
2010-04-01 14:00:00.000,2010,4,1,14,VRB02KT,17,13
2010-04-01 15:00:00.000,2010,4,1,15,05005KT,19,11
2010-04-01 16:00:00.000,2010,4,1,16,19005KT,20,12
2010-04-01 17:00:00.000,2010,4,1,17,16006KT,21,10
2010-04-01 18:00:00.000,2010,4,1,18,26015KT,20,15
2010-04-01 19:00:00.000,2010,4,1,19,25015KT,18,13
2010-04-01 20:00:00.000,2010,4,1,20,27012KT,19,13
2010-04-01 21:00:00.000,2010,4,1,21,28010KT,20,13
2010-04-01 22:00:00.000,2010,4,1,22,24010KT,19,13
2010-04-01 23:00:00.000,2010,4,1,23,28005KT,16,14
2010-04-02 00:00:00.000,2010,4,2,0,25006KT,15,14
2010-04-02 01:00:00.000,2010,4,2,1,08003KT,15,14
2010-04-02 02:00:00.000,2010,4,2,2,VRB02KT,15,13
2010-04-02 03:00:00.000,2010,4,2,3,00000KT,14,13
2010-04-02 04:00:00.000,2010,4,2,4,32003KT,14,13
2010-04-02 05:00:00.000,2010,4,2,5,33003KT,12,12
2010-04-02 06:00:00.000,2010,4,2,6,00000KT,12,12
2010-04-02 07:00:00.000,2010,4,2,7,VRB02KT,12,12
2010-04-02 08:00:00.000,2010,4,2,8,00000KT,11,11
2010-04-02 09:00:00.000,2010,4,2,9,VRB02KT,11,11
2010-04-02 10:00:00.000,2010,4,2,10,06003KT,11,10
2010-04-02 11:00:00.000,2010,4,2,11,VRB02KT,11,10
2010-04-02 12:00:00.000,2010,4,2,12,27003KT,12,12
2010-04-02 13:00:00.000,2010,4,2,13,02003KT,14,12
2010-04-02 14:00:00.000,2010,4,2,14,VRB02KT,16,12
2010-04-02 15:00:00.000,2010,4,2,15,26006KT,18,12
2010-04-02 16:00:00.000,2010,4,2,16,22003KT,20,11
2010-04-02 17:00:00.000,2010,4,2,17,21008KT,21,11
2010-04-02 18:00:00.000,2010,4,2,18,24008KT,20,14
2010-04-02 19:00:00.000,2010,4,2,19,16006KT,22,13
2010-04-02 20:00:00.000,2010,4,2,20,27008KT,22,13
2010-04-02 21:00:00.000,2010,4,2,21,14008KT,20,12
2010-04-02 22:00:00.000,2010,4,2,22,20008KT,19,14
2010-04-02 23:00:00.000,2010,4,2,23,28009KT,17,13
2010-04-03 00:00:00.000,2010,4,3,0,21006KT,16,13
2010-04-03 01:00:00.000,2010,4,3,1,27010KT,14,12
2010-04-03 02:00:00.000,2010,4,3,2,33006KT,14,12
2010-04-03 03:00:00.000,2010,4,3,3,06006KT,14,12
2010-04-03 04:00:00.000,2010,4,3,4,10004KT,14,12
2010-04-03 05:00:00.000,2010,4,3,5,34004KT,14,12
2010-04-03 06:00:00.000,2010,4,3,6,VRB02KT,13,12
2010-04-03 07:00:00.000,2010,4,3,7,04004KT,13,12
2010-04-03 08:00:00.000,2010,4,3,8,06004KT,13,11
2010-04-03 09:00:00.000,2010,4,3,9,04003KT,12,11
2010-04-03 10:00:00.000,2010,4,3,10,VRB02KT,13,12
2010-04-03 11:00:00.000,2010,4,3,11,23005KT,13,12
2010-04-03 12:00:00.000,2010,4,3,12,04006KT,13,12
2010-04-03 13:00:00.000,2010,4,3,13,04005KT,14,13
2010-04-03 14:00:00.000,2010,4,3,14,05007KT,16,13
2010-04-03 15:00:00.000,2010,4,3,15,VRB02KT,18,12
2010-04-03 16:00:00.000,2010,4,3,16,23006KT,20,11
2010-04-03 17:00:00.000,2010,4,3,17,26014KT,18,14
2010-04-03 18:00:00.000,2010,4,3,18,29008KT,16,13
2010-04-03 19:00:00.000,2010,4,3,19,23008KT,17,12
2010-04-03 20:00:00.000,2010,4,3,20,24008KT,18,11
2010-04-03 21:00:00.000,2010,4,3,21,27006KT,18,13
2010-04-03 22:00:00.000,2010,4,3,22,VRB02KT,18,11
2010-04-03 23:00:00.000,2010,4,3,23,26006KT,16,12
2010-04-04 00:00:00.000,2010,4,4,0,00000KT,15,13
2010-04-04 01:00:00.000,2010,4,4,1,02004KT,15,13
2010-04-04 02:00:00.000,2010,4,4,2,30003KT,14,13
2010-04-04 03:00:00.000,2010,4,4,3,00000KT,13,13
2010-04-04 04:00:00.000,2010,4,4,4,35003KT,12,11
2010-04-04 05:00:00.000,2010,4,4,5,VRB02KT,11,11
2010-04-04 06:00:00.000,2010,4,4,6,16003KT,12,11
2010-04-04 07:00:00.000,2010,4,4,7,00000KT,12,12
2010-04-04 08:00:00.000,2010,4,4,8,03003KT,12,12
2010-04-04 09:00:00.000,2010,4,4,9,VBR02KT,12,11
2010-04-04 10:00:00.000,2010,4,4,10,01003KT,11,10
2010-04-04 11:00:00.000,2010,4,4,11,03004KT,12,11
2010-04-04 12:00:00.000,2010,4,4,12,06006KT,13,12
2010-04-04 13:00:00.000,2010,4,4,13,03006KT,16,13
2010-04-04 14:00:00.000,2010,4,4,14,07008KT,17,12
2010-04-04 15:00:00.000,2010,4,4,15,12008KT,18,11
2010-04-04 16:00:00.000,2010,4,4,16,08010KT,19,11
2010-04-04 17:00:00.000,2010,4,4,17,06010KT,19,12
2010-04-04 18:00:00.000,2010,4,4,18,06008KT,20,13
2010-04-04 19:00:00.000,2010,4,4,19,10010KT,20,11
2010-04-04 20:00:00.000,2010,4,4,20,08007KT,21,12
2010-04-04 21:00:00.000,2010,4,4,21,08009KT,20,12
2010-04-04 22:00:00.000,2010,4,4,22,08007KT,19,11
2010-04-04 23:00:00.000,2010,4,4,23,25006KT,17,14
2010-04-05 00:00:00.000,2010,4,5,0,29004KT,14,12
2010-04-05 01:00:00.000,2010,4,5,1,VRB02KT,14,12
2010-04-05 02:00:00.000,2010,4,5,2,VRB02KT,13,12
2010-04-05 03:00:00.000,2010,4,5,3,05004KT,14,12
2010-04-05 04:00:00.000,2010,4,5,4,06004KT,14,11
2010-04-05 05:00:00.000,2010,4,5,5,VRB02KT,12,10
2010-04-05 06:00:00.000,2010,4,5,6,03004KT,13,10
2010-04-05 07:00:00.000,2010,4,5,7,05003KT,12,10
2010-04-05 08:00:00.000,2010,4,5,8,VRB02KT,11,10
2010-04-05 09:00:00.000,2010,4,5,9,25005KT,11,10
2010-04-05 10:00:00.000,2010,4,5,10,33004KT,11,10
2010-04-05 11:00:00.000,2010,4,5,11,36003KT,10,09
2010-04-05 12:00:00.000,2010,4,5,12,VRB02KT,12,11
2010-04-05 13:00:00.000,2010,4,5,13,09005KT,15,11
2010-04-05 14:00:00.000,2010,4,5,14,VRB04KT,18,11
2010-04-05 15:00:00.000,2010,4,5,15,08006KT,19,10
2010-04-05 16:00:00.000,2010,4,5,16,12008KT,20,10
2010-04-05 17:00:00.000,2010,4,5,17,12008KT,20,10
2010-04-05 18:00:00.000,2010,4,5,18,15006KT,21,08
2010-04-05 19:00:00.000,2010,4,5,19,25012KT,19,13
2010-04-05 20:00:00.000,2010,4,5,20,24010KT,19,15
2010-04-05 21:00:00.000,2010,4,5,21,27010KT,19,13
2010-04-05 22:00:00.000,2010,4,5,22,28010KT,17,12
2010-04-05 23:00:00.000,2010,4,5,23,09003KT,15,12
2010-04-06 00:00:00.000,2010,4,6,0,36003KT,13,12
2010-04-06 01:00:00.000,2010,4,6,1,VRB02KT,12,12
2010-04-06 02:00:00.000,2010,4,6,2,33003KT,13,12
2010-04-06 03:00:00.000,2010,4,6,3,29004KT,14,12
2010-04-06 04:00:00.000,2010,4,6,4,VRB02KT,13,12
2010-04-06 05:00:00.000,2010,4,6,5,VRB02KT,12,12
2010-04-06 06:00:00.000,2010,4,6,6,03005KT,13,13
2010-04-06 07:00:00.000,2010,4,6,7,05007KT,13,12
2010-04-06 08:00:00.000,2010,4,6,8,04005KT,13,12
2010-04-06 09:00:00.000,2010,4,6,9,03003KT,13,12
2010-04-06 10:00:00.000,2010,4,6,10,05004KT,12,12
2010-04-06 11:00:00.000,2010,4,6,11,VRB02KT,12,12
2010-04-06 12:00:00.000,2010,4,6,12,04003KT,13,12
2010-04-06 13:00:00.000,2010,4,6,13,35004KT,15,13
2010-04-06 14:00:00.000,2010,4,6,14,32006KT,15,12
2010-04-06 15:00:00.000,2010,4,6,15,32007KT,15,13
2010-04-06 16:00:00.000,2010,4,6,16,30008KT,16,14
2010-04-06 17:00:00.000,2010,4,6,17,29004KT,17,14
2010-04-06 18:00:00.000,2010,4,6,18,23006KT,17,13
2010-04-06 19:00:00.000,2010,4,6,19,29008KT,17,13
2010-04-06 20:00:00.000,2010,4,6,20,20007KT,16,14
2010-04-06 21:00:00.000,2010,4,6,21,24008KT,17,13
2010-04-06 22:00:00.000,2010,4,6,22,04007KT,16,14
2010-04-06 23:00:00.000,2010,4,6,23,36004KT,14,13
2010-04-07 00:00:00.000,2010,4,7,0,28010KT,14,13
2010-04-07 01:00:00.000,2010,4,7,1,23003KT,13,12
2010-04-07 02:00:00.000,2010,4,7,2,18003KT,13,12
2010-04-07 03:00:00.000,2010,4,7,3,VRB02KT,13,12
2010-04-07 05:00:00.000,2010,4,7,5,VRB02KT,13,12
2010-04-07 06:00:00.000,2010,4,7,6,VRB02KT,13,12
2010-04-07 07:00:00.000,2010,4,7,7,31003KT,13,12
2010-04-07 08:00:00.000,2010,4,7,8,VRB02KT,13,12
2010-04-07 09:00:00.000,2010,4,7,9,VRB02KT,12,12
2010-04-07 11:00:00.000,2010,4,7,11,VRB02KT,13,12
2010-04-07 13:00:00.000,2010,4,7,13,03003KT,13,12
2010-04-07 14:00:00.000,2010,4,7,14,28003KT,16,12
2010-04-07 16:00:00.000,2010,4,7,16,19006KT,18,13
2010-04-07 17:00:00.000,2010,4,7,17,24007KT,19,12
2010-04-07 18:00:00.000,2010,4,7,18,27006KT,20,13
2010-04-07 19:00:00.000,2010,4,7,19,25008KT,19,13
2010-04-07 20:00:00.000,2010,4,7,20,24007KT,18,13
2010-04-07 21:00:00.000,2010,4,7,21,30006KT,18,13
2010-04-07 22:00:00.000,2010,4,7,22,30004KT,17,13
2010-04-07 23:00:00.000,2010,4,7,23,05006KT,16,13
2010-04-08 00:00:00.000,2010,4,8,0,05006KT,16,13
2010-04-08 01:00:00.000,2010,4,8,1,03004KT,15,13
2010-04-08 02:00:00.000,2010,4,8,2,03005KT,15,13
2010-04-08 03:00:00.000,2010,4,8,3,02003KT,14,13
2010-04-08 04:00:00.000,2010,4,8,4,03003KT,13,12
2010-04-08 06:00:00.000,2010,4,8,6,26003KT,13,12
2010-04-08 07:00:00.000,2010,4,8,7,26003KT,13,12
2010-04-08 08:00:00.000,2010,4,8,8,30003KT,13,12
2010-04-08 09:00:00.000,2010,4,8,9,35033KT,,
2010-04-08 12:00:00.000,2010,4,8,12,VRB02KT,13,12
2010-04-08 13:00:00.000,2010,4,8,13,31004KT,14,12
2010-04-08 14:00:00.000,2010,4,8,14,VRB02KT,16,12
2010-04-08 15:00:00.000,2010,4,8,15,VRB02KT,18,13
2010-04-08 16:00:00.000,2010,4,8,16,VRB02KT,20,13
2010-04-08 17:00:00.000,2010,4,8,17,27008KT,20,13
2010-04-08 19:00:00.000,2010,4,8,19,24014KT,20,12
2010-04-08 20:00:00.000,2010,4,8,20,27007KT,19,12
2010-04-08 21:00:00.000,2010,4,8,21,26009KT,18,14
2010-04-08 22:00:00.000,2010,4,8,22,28005KT,17,13
2010-04-08 23:00:00.000,2010,4,8,23,VRB02KT,16,13
2010-04-09 00:00:00.000,2010,4,9,0,35003KT,16,13
2010-04-09 01:00:00.000,2010,4,9,1,VRB02KT,15,13
2010-04-09 02:00:00.000,2010,4,9,2,32003KT,15,13
2010-04-09 03:00:00.000,2010,4,9,3,29003KT,15,12
2010-04-09 04:00:00.000,2010,4,9,4,31005KT,13,12
2010-04-09 05:00:00.000,2010,4,9,5,10005KT,13,12
2010-04-09 06:00:00.000,2010,4,9,6,12004KT,12,11
2010-04-09 09:00:00.000,2010,4,9,9,33003KT,12,11
2010-04-09 11:00:00.000,2010,4,9,11,VRB02KT,12,12
2010-04-09 12:00:00.000,2010,4,9,12,02004KT,12,12
2010-04-09 14:00:00.000,2010,4,9,14,00000KT,14,13
2010-04-09 15:00:00.000,2010,4,9,15,VRB02KT,17,14
2010-04-09 18:00:00.000,2010,4,9,18,18005KT,17,13
2010-04-09 19:00:00.000,2010,4,9,19,23006KT,17,14
2010-04-09 20:00:00.000,2010,4,9,20,27010KT,16,14
2010-04-09 21:00:00.000,2010,4,9,21,27006KT,16,13
2010-04-09 22:00:00.000,2010,4,9,22,22004KT,14,13
2010-04-10 00:00:00.000,2010,4,10,0,VRB02KT,14,13
2010-04-10 01:00:00.000,2010,4,10,1,VRB02KT,14,13
2010-04-10 02:00:00.000,2010,4,10,2,33004KT,13,12
2010-04-10 03:00:00.000,2010,4,10,3,32004KT,14,12
2010-04-10 04:00:00.000,2010,4,10,4,VRB02KT,13,12
2010-04-10 05:00:00.000,2010,4,10,5,02003KT,13,12
2010-04-10 06:00:00.000,2010,4,10,6,27004KT,13,12
2010-04-10 07:00:00.000,2010,4,10,7,VRB02KT,13,12
2010-04-10 08:00:00.000,2010,4,10,8,VRB02KT,13,12
2010-04-10 09:00:00.000,2010,4,10,9,VRB02KT,12,11
2010-04-10 10:00:00.000,2010,4,10,10,VRB02KT,12,11
2010-04-10 11:00:00.000,2010,4,10,11,05003KT,12,11
2010-04-10 12:00:00.000,2010,4,10,12,06004KT,13,11
2010-04-10 13:00:00.000,2010,4,10,13,06006KT,15,12
2010-04-10 14:00:00.000,2010,4,10,14,04006KT,17,12
2010-04-10 15:00:00.000,2010,4,10,15,05004KT,19,12
2010-04-10 17:00:00.000,2010,4,10,17,21010KT,20,15
2010-04-10 18:00:00.000,2010,4,10,18,27010KT,19,15
2010-04-10 19:00:00.000,2010,4,10,19,28010KT,17,14
2010-04-10 20:00:00.000,2010,4,10,20,28009KT,18,13
2010-04-10 21:00:00.000,2010,4,10,21,24009KT,17,13
2010-04-10 22:00:00.000,2010,4,10,22,26008KT,17,13
2010-04-10 23:00:00.000,2010,4,10,23,28006KT,16,14
2010-04-11 00:00:00.000,2010,4,11,0,VRB02KT,14,10
2010-04-11 01:00:00.000,2010,4,11,1,06006KT,14,11
2010-04-11 02:00:00.000,2010,4,11,2,05004KT,13,12
2010-04-11 03:00:00.000,2010,4,11,3,06006KT,13,12
2010-04-11 04:00:00.000,2010,4,11,4,VRB02KT,13,12
2010-04-11 05:00:00.000,2010,4,11,5,VRB02KT,12,12
2010-04-11 06:00:00.000,2010,4,11,6,VRB02KT,12,12
2010-04-11 07:00:00.000,2010,4,11,7,06004KT,12,12
2010-04-11 08:00:00.000,2010,4,11,8,33004KT,12,12
2010-04-11 09:00:00.000,2010,4,11,9,00000KT,11,11
2010-04-11 10:00:00.000,2010,4,11,10,01004KT,11,11
2010-04-11 11:00:00.000,2010,4,11,11,05005KT,11,11
2010-04-11 12:00:00.000,2010,4,11,12,03003KT,12,12
2010-04-11 20:00:00.000,2010,4,11,20,27013KT,19,12
2010-04-11 21:00:00.000,2010,4,11,21,26012KT,18,11
2010-04-11 22:00:00.000,2010,4,11,22,26011KT,17,10
2010-04-11 23:00:00.000,2010,4,11,23,24006KT,15,11
2010-04-12 00:00:00.000,2010,4,12,0,VRB02KT,12,11
2010-04-12 01:00:00.000,2010,4,12,1,VRB02KT,12,11
2010-04-12 02:00:00.000,2010,4,12,2,36005KT,12,11
2010-04-12 03:00:00.000,2010,4,12,3,VRB02KT,12,11
2010-04-12 04:00:00.000,2010,4,12,4,31004KT,11,11
2010-04-12 05:00:00.000,2010,4,12,5,VRB02KT,11,10
2010-04-12 06:00:00.000,2010,4,12,6,VRB02KT,08,07
2010-04-12 07:00:00.000,2010,4,12,7,VRB02KT,07,06
2010-04-12 08:00:00.000,2010,4,12,8,30003KT,06,06
2010-04-12 09:00:00.000,2010,4,12,9,VRB02KT,11,10
2010-04-12 10:00:00.000,2010,4,12,10,33003KT,11,10
2010-04-12 11:00:00.000,2010,4,12,11,29003KT,06,06
2010-04-12 12:00:00.000,2010,4,12,12,VRB02KT,06,06
2010-04-12 13:00:00.000,2010,4,12,13,03005KT,10,08
2010-04-12 14:00:00.000,2010,4,12,14,VRB02KT,13,09
2010-04-12 15:00:00.000,2010,4,12,15,05005KT,16,05
2010-04-12 16:00:00.000,2010,4,12,16,VRB02KT,19,12
2010-04-12 17:00:00.000,2010,4,12,17,13006KT,21,03
2010-04-12 18:00:00.000,2010,4,12,18,32008KT,15,14
2010-04-12 19:00:00.000,2010,4,12,19,31006KT,14,13
2010-04-12 20:00:00.000,2010,4,12,20,24014KT,19,11
2010-04-12 21:00:00.000,2010,4,12,21,26010KT,17,12
2010-04-12 22:00:00.000,2010,4,12,22,29011KT,16,11
2010-04-12 23:00:00.000,2010,4,12,23,28008KT,14,11
2010-04-13 00:00:00.000,2010,4,13,0,VRB02KT,14,13
2010-04-13 02:00:00.000,2010,4,13,2,VRB02KT,13,13
2010-04-13 05:00:00.000,2010,4,13,5,00000KT,13,13
2010-04-13 06:00:00.000,2010,4,13,6,03003KT,11,07
2010-04-13 07:00:00.000,2010,4,13,7,13003KT,13,12
2010-04-13 08:00:00.000,2010,4,13,8,31004KT,12,12
2010-04-13 09:00:00.000,2010,4,13,9,31004KT,08,06
2010-04-13 10:00:00.000,2010,4,13,10,VRB02KT,07,05
2010-04-13 11:00:00.000,2010,4,13,11,VRB02KT,05,04
2010-04-13 12:00:00.000,2010,4,13,12,VRB02KT,13,12
2010-04-13 13:00:00.000,2010,4,13,13,02005KT,10,06
2010-04-13 14:00:00.000,2010,4,13,14,VRB02KT,15,13
2010-04-13 15:00:00.000,2010,4,13,15,VRB02KT,16,13
2010-04-13 16:00:00.000,2010,4,13,16,30011KT,16,13
2010-04-13 17:00:00.000,2010,4,13,17,28008KT,14,12
2010-04-13 18:00:00.000,2010,4,13,18,32003KT,16,13
2010-04-13 19:00:00.000,2010,4,13,19,VRB02KT,18,13
2010-04-13 20:00:00.000,2010,4,13,20,VRB02KT,18,13
2010-04-13 21:00:00.000,2010,4,13,21,30013KT,19,12
2010-04-13 22:00:00.000,2010,4,13,22,VRB02KT,16,12
2010-04-13 23:00:00.000,2010,4,13,23,VRB02KT,14,13
2010-04-14 00:00:00.000,2010,4,14,0,VRB02KT,14,13
2010-04-14 01:00:00.000,2010,4,14,1,VRB02KT,14,13
2010-04-14 02:00:00.000,2010,4,14,2,00000KT,14,12
2010-04-14 03:00:00.000,2010,4,14,3,02004KT,14,12
2010-04-14 04:00:00.000,2010,4,14,4,27004KT,13,12
2010-04-14 05:00:00.000,2010,4,14,5,33004KT,13,12
2010-04-14 06:00:00.000,2010,4,14,6,VRB02KT,06,06
2010-04-14 07:00:00.000,2010,4,14,7,VRB02KT,05,05
2010-04-14 08:00:00.000,2010,4,14,8,34004KT,12,12
2010-04-14 09:00:00.000,2010,4,14,9,33006KT,12,12
2010-04-14 10:00:00.000,2010,4,14,10,VRB02KT,03,03
2010-04-14 11:00:00.000,2010,4,14,11,25006KT,11,11
2010-04-14 12:00:00.000,2010,4,14,12,VRB02KT,12,11
2010-04-14 13:00:00.000,2010,4,14,13,34004KT,07,06
2010-04-14 14:00:00.000,2010,4,14,14,24004KT,15,11
2010-04-14 15:00:00.000,2010,4,14,15,VRB02KT,16,11
2010-04-14 16:00:00.000,2010,4,14,16,18004KT,17,11
2010-04-14 17:00:00.000,2010,4,14,17,26004KT,19,10
2010-04-14 18:00:00.000,2010,4,14,18,VRB02KT,20,10
2010-04-14 19:00:00.000,2010,4,14,19,31006KT,20,12
2010-04-14 20:00:00.000,2010,4,14,20,25012KT,20,12
2010-04-14 21:00:00.000,2010,4,14,21,27012KT,19,11
2010-04-14 22:00:00.000,2010,4,14,22,28011KT,18,12
2010-04-14 23:00:00.000,2010,4,14,23,27008KT,16,12
2010-04-15 00:00:00.000,2010,4,15,0,24004KT,14,12
2010-04-15 01:00:00.000,2010,4,15,1,VRB02KT,13,08
2010-04-15 02:00:00.000,2010,4,15,2,VRB02KT,12,11
2010-04-15 03:00:00.000,2010,4,15,3,31004KT,12,11
2010-04-15 04:00:00.000,2010,4,15,4,VRB02KT,08,07
2010-04-15 05:00:00.000,2010,4,15,5,VRB02KT,08,06
2010-04-15 06:00:00.000,2010,4,15,6,VRB02KT,07,06
2010-04-15 07:00:00.000,2010,4,15,7,VRB02KT,06,05
2010-04-15 08:00:00.000,2010,4,15,8,VRB02KT,05,05
2010-04-15 09:00:00.000,2010,4,15,9,VRB23KT,12,11
2010-04-15 10:00:00.000,2010,4,15,10,00000KT,04,04
2010-04-15 11:00:00.000,2010,4,15,11,VRB02KT,03,02
2010-04-15 12:00:00.000,2010,4,15,12,04004KT,05,04
2010-04-15 13:00:00.000,2010,4,15,13,04006KT,09,07
2010-04-15 14:00:00.000,2010,4,15,14,30004KT,15,12
2010-04-15 15:00:00.000,2010,4,15,15,19006KT,16,08
2010-04-15 16:00:00.000,2010,4,15,16,25004KT,19,13
2010-04-15 17:00:00.000,2010,4,15,17,23014KT,19,14
2010-04-15 18:00:00.000,2010,4,15,18,22004KT,,
2010-04-15 19:00:00.000,2010,4,15,19,12010KT,20,08
2010-04-15 20:00:00.000,2010,4,15,20,10010KT,19,09
2010-04-15 21:00:00.000,2010,4,15,21,27012KT,19,12
2010-04-15 22:00:00.000,2010,4,15,22,27008KT,18,11
2010-04-15 23:00:00.000,2010,4,15,23,14012KT,17,08
2010-04-16 00:00:00.000,2010,4,16,0,14006KT,14,07
2010-04-16 01:00:00.000,2010,4,16,1,03005KT,13,09
2010-04-16 02:00:00.000,2010,4,16,2,34003KT,12,08
2010-04-16 03:00:00.000,2010,4,16,3,04003KT,11,07
2010-04-16 04:00:00.000,2010,4,16,4,36004KT,10,07
2010-04-16 05:00:00.000,2010,4,16,5,03006KT,09,07
2010-04-16 06:00:00.000,2010,4,16,6,04005KT,10,07
2010-04-16 07:00:00.000,2010,4,16,7,05004KT,09,06
2010-04-16 08:00:00.000,2010,4,16,8,16004KT,11,11
2010-04-16 09:00:00.000,2010,4,16,9,27004KT,12,11
2010-04-16 10:00:00.000,2010,4,16,10,07005KT,10,08
2010-04-16 11:00:00.000,2010,4,16,11,06007KT,11,08
2010-04-16 12:00:00.000,2010,4,16,12,VRB02KT,12,11
2010-04-16 13:00:00.000,2010,4,16,13,33003KT,14,11
2010-04-16 14:00:00.000,2010,4,16,14,VRB02KT,15,12
2010-04-16 15:00:00.000,2010,4,16,15,28005KT,17,12
2010-04-16 16:00:00.000,2010,4,16,16,28012KT,17,12
2010-04-16 17:00:00.000,2010,4,16,17,28014KT,16,12
2010-04-16 18:00:00.000,2010,4,16,18,30010KT,15,11
2010-04-16 19:00:00.000,2010,4,16,19,30005KT,15,11
2010-04-16 20:00:00.000,2010,4,16,20,VRB02KT,16,11
2010-04-16 21:00:00.000,2010,4,16,21,05003KT,18,10
2010-04-16 22:00:00.000,2010,4,16,22,04005KT,18,10
2010-04-16 23:00:00.000,2010,4,16,23,34004KT,16,10
2010-04-17 00:00:00.000,2010,4,17,0,01005KT,14,11
2010-04-17 01:00:00.000,2010,4,17,1,VRB02KT,14,10
2010-04-17 02:00:00.000,2010,4,17,2,31003KT,13,10
2010-04-17 03:00:00.000,2010,4,17,3,VRB02KT,13,10
2010-04-17 04:00:00.000,2010,4,17,4,00000KT,12,10
2010-04-17 05:00:00.000,2010,4,17,5,31003KT,11,10
2010-04-17 06:00:00.000,2010,4,17,6,VRB02KT,10,09
2010-04-17 07:00:00.000,2010,4,17,7,06003KT,10,10
2010-04-17 08:00:00.000,2010,4,17,8,00000KT,10,09
2010-04-17 09:00:00.000,2010,4,17,9,31004KT,10,09
2010-04-17 10:00:00.000,2010,4,17,10,VRB02KT,10,09
2010-04-17 11:00:00.000,2010,4,17,11,VRB02KT,10,10
2010-04-17 12:00:00.000,2010,4,17,12,31004KT,11,10
2010-04-17 13:00:00.000,2010,4,17,13,32004KT,13,11
2010-04-17 14:00:00.000,2010,4,17,14,34004KT,16,11
2010-04-17 15:00:00.000,2010,4,17,15,33004KT,19,12
2010-04-17 16:00:00.000,2010,4,17,16,33004KT,20,11
2010-04-17 17:00:00.000,2010,4,17,17,32010KT,21,09
2010-04-17 18:00:00.000,2010,4,17,18,30010KT,21,12
2010-04-17 19:00:00.000,2010,4,17,19,24012KT,19,13
2010-04-17 20:00:00.000,2010,4,17,20,24004KT,14,13
2010-04-17 21:00:00.000,2010,4,17,21,34004KT,16,14
2010-04-17 22:00:00.000,2010,4,17,22,35003KT,15,14
2010-04-17 23:00:00.000,2010,4,17,23,34003KT,15,14
2010-04-18 00:00:00.000,2010,4,18,0,VRB02KT,14,11
2010-04-18 01:00:00.000,2010,4,18,1,03004KT,13,11
2010-04-18 02:00:00.000,2010,4,18,2,01005KT,12,12
2010-04-18 03:00:00.000,2010,4,18,3,VRB02KT,12,11
2010-04-18 04:00:00.000,2010,4,18,4,VRB02KT,11,11
2010-04-18 05:00:00.000,2010,4,18,5,VRB02KT,11,11
2010-04-18 06:00:00.000,2010,4,18,6,VRB02KT,11,11
2010-04-18 07:00:00.000,2010,4,18,7,VRB02KT,09,09
2010-04-18 08:00:00.000,2010,4,18,8,36004KT,13,09
2010-04-18 09:00:00.000,2010,4,18,9,VRB02KT,13,13
2010-04-18 10:00:00.000,2010,4,18,10,VRB02KT,13,12
2010-04-18 11:00:00.000,2010,4,18,11,VRB02KT,09,09
2010-04-18 12:00:00.000,2010,4,18,12,VRB02KT,09,09
2010-04-18 13:00:00.000,2010,4,18,13,02004KT,11,10
2010-04-18 14:00:00.000,2010,4,18,14,VRB02KT,13,12
2010-04-18 15:00:00.000,2010,4,18,15,34006KT,17,13
2010-04-18 16:00:00.000,2010,4,18,16,32004KT,18,13
2010-04-18 17:00:00.000,2010,4,18,17,VRB02KT,19,13
2010-04-18 18:00:00.000,2010,4,18,18,VRB02KT,20,13
2010-04-18 19:00:00.000,2010,4,18,19,VRB02KT,21,12
2010-04-18 20:00:00.000,2010,4,18,20,25010KT,19,14
2010-04-18 21:00:00.000,2010,4,18,21,24008KT,18,15
2010-04-18 22:00:00.000,2010,4,18,22,26009KT,17,14
2010-04-18 23:00:00.000,2010,4,18,23,26005KT,16,13
2010-04-19 00:00:00.000,2010,4,19,0,03003KT,15,13
2010-04-19 01:00:00.000,2010,4,19,1,03006KT,14,12
2010-04-19 02:00:00.000,2010,4,19,2,31004KT,13,12
2010-04-19 03:00:00.000,2010,4,19,3,VRB02KT,13,12
2010-04-19 04:00:00.000,2010,4,19,4,02005KT,12,12
2010-04-19 05:00:00.000,2010,4,19,5,VRB02KT,12,11
2010-04-19 06:00:00.000,2010,4,19,6,14005KT,12,11
2010-04-19 07:00:00.000,2010,4,19,7,10004KT,13,12
2010-04-19 08:00:00.000,2010,4,19,8,36005KT,13,12
2010-04-19 09:00:00.000,2010,4,19,9,VRB02KT,12,11
2010-04-19 10:00:00.000,2010,4,19,10,VRB02KT,12,11
2010-04-19 11:00:00.000,2010,4,19,11,03004KT,12,11
2010-04-19 12:00:00.000,2010,4,19,12,06003KT,12,12
2010-04-19 13:00:00.000,2010,4,19,13,06008KT,13,12
2010-04-19 14:00:00.000,2010,4,19,14,04008KT,14,12
2010-04-19 15:00:00.000,2010,4,19,15,06007KT,15,12
2010-04-19 16:00:00.000,2010,4,19,16,09004KT,16,11
2010-04-19 17:00:00.000,2010,4,19,17,04008KT,17,11
2010-04-19 18:00:00.000,2010,4,19,18,06008KT,16,12
2010-04-19 19:00:00.000,2010,4,19,19,13007KT,15,12
2010-04-19 20:00:00.000,2010,4,19,20,19005KT,14,12
2010-04-19 21:00:00.000,2010,4,19,21,VRB02KT,14,11
2010-04-19 22:00:00.000,2010,4,19,22,VRB02KT,14,12
2010-04-19 23:00:00.000,2010,4,19,23,VRB02KT,14,12
2010-04-20 00:00:00.000,2010,4,20,0,22003KT,13,12
2010-04-20 01:00:00.000,2010,4,20,1,VRB02KT,12,12
2010-04-20 02:00:00.000,2010,4,20,2,VRB02KT,12,11
2010-04-20 03:00:00.000,2010,4,20,3,31003KT,11,11
2010-04-20 04:00:00.000,2010,4,20,4,VRB02KT,11,11
2010-04-20 05:00:00.000,2010,4,20,5,00000KT,11,11
2010-04-20 06:00:00.000,2010,4,20,6,00000KT,11,11
2010-04-20 07:00:00.000,2010,4,20,7,00000KT,10,10
2010-04-20 08:00:00.000,2010,4,20,8,VRB02KT,09,09
2010-04-20 09:00:00.000,2010,4,20,9,00000KT,09,09
2010-04-20 10:00:00.000,2010,4,20,10,35004KT,10,09
2010-04-20 11:00:00.000,2010,4,20,11,VRB02KT,09,09
2010-04-20 12:00:00.000,2010,4,20,12,VRB02KT,11,11
2010-04-20 13:00:00.000,2010,4,20,13,04004KT,12,12
2010-04-20 14:00:00.000,2010,4,20,14,04004KT,16,12
2010-04-20 15:00:00.000,2010,4,20,15,VRB02KT,19,11
2010-04-20 16:00:00.000,2010,4,20,16,12004KT,21,12
2010-04-20 17:00:00.000,2010,4,20,17,21006KT,22,11
2010-04-20 18:00:00.000,2010,4,20,18,28010KT,18,12
2010-04-20 19:00:00.000,2010,4,20,19,27008KT,16,12
2010-04-20 20:00:00.000,2010,4,20,20,25008KT,18,12
2010-04-20 21:00:00.000,2010,4,20,21,27007KT,19,12
2010-04-20 22:00:00.000,2010,4,20,22,27008KT,18,11
2010-04-20 23:00:00.000,2010,4,20,23,30007KT,18,10
2010-04-21 00:00:00.000,2010,4,21,0,32005KT,16,10
2010-04-21 01:00:00.000,2010,4,21,1,VRB02KT,15,10
2010-04-21 02:00:00.000,2010,4,21,2,VRB02KT,13,10
2010-04-21 03:00:00.000,2010,4,21,3,VRB02KT,12,10
2010-04-21 04:00:00.000,2010,4,21,4,VRB02KT,13,12
2010-04-21 05:00:00.000,2010,4,21,5,30003KT,12,11
2010-04-21 06:00:00.000,2010,4,21,6,VRB02KT,12,11
2010-04-21 07:00:00.000,2010,4,21,7,20003KT,12,11
2010-04-21 08:00:00.000,2010,4,21,8,VRB02KT,11,10
2010-04-21 09:00:00.000,2010,4,21,9,33005KT,11,10
2010-04-21 10:00:00.000,2010,4,21,10,VRB02KT,11,10
2010-04-21 11:00:00.000,2010,4,21,11,VRB02KT,10,09
2010-04-21 12:00:00.000,2010,4,21,12,VRB02KT,14,13
2010-04-21 13:00:00.000,2010,4,21,13,31004KT,16,12
2010-04-21 14:00:00.000,2010,4,21,14,28004KT,17,13
2010-04-21 15:00:00.000,2010,4,21,15,32007KT,19,12
2010-04-21 16:00:00.000,2010,4,21,16,32003KT,20,11
2010-04-21 17:00:00.000,2010,4,21,17,23005KT,20,12
2010-04-21 18:00:00.000,2010,4,21,18,20012KT,21,16
2010-04-21 19:00:00.000,2010,4,21,19,26012KT,21,15
2010-04-21 20:00:00.000,2010,4,21,20,26010KT,,
2010-04-21 21:00:00.000,2010,4,21,21,24006KT,15,13
2010-04-21 22:00:00.000,2010,4,21,22,32004KT,16,14
2010-04-21 23:00:00.000,2010,4,21,23,03004KT,15,13
2010-04-22 00:00:00.000,2010,4,22,0,29005KT,14,13
2010-04-22 01:00:00.000,2010,4,22,1,VRB02KT,14,12
2010-04-22 02:00:00.000,2010,4,22,2,06003KT,14,12
2010-04-22 03:00:00.000,2010,4,22,3,05006KT,13,11
2010-04-22 04:00:00.000,2010,4,22,4,03004KT,13,11
2010-04-22 05:00:00.000,2010,4,22,5,VRB02KT,13,11
2010-04-22 06:00:00.000,2010,4,22,6,04004KT,13,11
2010-04-22 07:00:00.000,2010,4,22,7,03003KT,13,11
2010-04-22 08:00:00.000,2010,4,22,8,00000KT,13,10
2010-04-22 09:00:00.000,2010,4,22,9,29004KT,12,11
2010-04-22 10:00:00.000,2010,4,22,10,VRB02KT,12,10
2010-04-22 11:00:00.000,2010,4,22,11,05006KT,11,10
2010-04-22 12:00:00.000,2010,4,22,12,04006KT,14,11
2010-04-22 13:00:00.000,2010,4,22,13,05005KT,16,11
2010-04-22 14:00:00.000,2010,4,22,14,16007KT,18,11
2010-04-22 15:00:00.000,2010,4,22,15,13012KT,20,11
2010-04-22 16:00:00.000,2010,4,22,16,12014KT,21,10
2010-04-22 17:00:00.000,2010,4,22,17,12016KT,21,10
2010-04-22 18:00:00.000,2010,4,22,18,10016KT,22,09
2010-04-22 19:00:00.000,2010,4,22,19,10012KT,22,09
2010-04-22 20:00:00.000,2010,4,22,20,12015KT,21,09
2010-04-22 21:00:00.000,2010,4,22,21,14014KT,21,09
2010-04-22 22:00:00.000,2010,4,22,22,10012KT,20,09
2010-04-22 23:00:00.000,2010,4,22,23,12012KT,18,09
2010-04-23 00:00:00.000,2010,4,23,0,13008KT,17,10
2010-04-23 01:00:00.000,2010,4,23,1,12005KT,16,10
2010-04-23 02:00:00.000,2010,4,23,2,07005KT,15,10
2010-04-23 03:00:00.000,2010,4,23,3,34003KT,13,10
2010-04-23 04:00:00.000,2010,4,23,4,VRB02KT,12,10
2010-04-23 05:00:00.000,2010,4,23,5,35003KT,11,09
2010-04-23 06:00:00.000,2010,4,23,6,VRB02KT,10,09
2010-04-23 07:00:00.000,2010,4,23,7,32004KT,09,08
2010-04-23 08:00:00.000,2010,4,23,8,VRB02KT,08,07
2010-04-23 09:00:00.000,2010,4,23,9,VRB02KT,07,07
2010-04-23 10:00:00.000,2010,4,23,10,VRB02KT,07,06
2010-04-23 11:00:00.000,2010,4,23,11,VRB02KT,06,06
2010-04-23 12:00:00.000,2010,4,23,12,VRB02KT,09,08
2010-04-23 13:00:00.000,2010,4,23,13,04006KT,14,10
2010-04-23 14:00:00.000,2010,4,23,14,04005KT,17,10
2010-04-23 15:00:00.000,2010,4,23,15,06005KT,17,10
2010-04-23 16:00:00.000,2010,4,23,16,09010KT,18,08
2010-04-23 17:00:00.000,2010,4,23,17,10009KT,19,09
2010-04-23 18:00:00.000,2010,4,23,18,15004KT,20,09
2010-04-23 19:00:00.000,2010,4,23,19,07006KT,20,10
2010-04-23 20:00:00.000,2010,4,23,20,10010KT,21,10
2010-04-23 21:00:00.000,2010,4,23,21,13007KT,20,09
2010-04-23 22:00:00.000,2010,4,23,22,25005KT,18,13
2010-04-23 23:00:00.000,2010,4,23,23,30004KT,18,12
2010-04-24 00:00:00.000,2010,4,24,0,28005KT,16,13
2010-04-24 01:00:00.000,2010,4,24,1,00000KT,14,12
2010-04-24 02:00:00.000,2010,4,24,2,VBR02KT,13,13
2010-04-24 03:00:00.000,2010,4,24,3,VRB02KT,13,12
2010-04-24 04:00:00.000,2010,4,24,4,00000KT,13,12
2010-04-24 05:00:00.000,2010,4,24,5,00000KT,13,12
2010-04-24 06:00:00.000,2010,4,24,6,VRB02KT,13,12
2010-04-24 07:00:00.000,2010,4,24,7,04006KT,13,12
2010-04-24 08:00:00.000,2010,4,24,8,03007KT,13,12
2010-04-24 09:00:00.000,2010,4,24,9,06005KT,13,12
2010-04-24 10:00:00.000,2010,4,24,10,03003KT,12,11
2010-04-24 11:00:00.000,2010,4,24,11,09006KT,12,11
2010-04-24 12:00:00.000,2010,4,24,12,VRB02KT,13,11
2010-04-24 13:00:00.000,2010,4,24,13,13007KT,16,12
2010-04-24 14:00:00.000,2010,4,24,14,13012KT,18,11
2010-04-24 15:00:00.000,2010,4,24,15,13010KT,18,11
2010-04-24 16:00:00.000,2010,4,24,16,13007KT,17,11
2010-04-24 17:00:00.000,2010,4,24,17,00000KT,16,11
2010-04-24 18:00:00.000,2010,4,24,18,05004KT,16,13
2010-04-24 19:00:00.000,2010,4,24,19,10004KT,17,13
2010-04-24 20:00:00.000,2010,4,24,20,19004KT,17,11
2010-04-24 21:00:00.000,2010,4,24,21,08005KT,18,13
2010-04-24 22:00:00.000,2010,4,24,22,19003KT,18,12
2010-04-24 23:00:00.000,2010,4,24,23,VRB02KT,17,12
2010-04-25 00:00:00.000,2010,4,25,0,12008KT,14,10
2010-04-25 01:00:00.000,2010,4,25,1,08008KT,14,09
2010-04-25 02:00:00.000,2010,4,25,2,10005KT,14,10
2010-04-25 03:00:00.000,2010,4,25,3,04005KT,13,11
2010-04-25 04:00:00.000,2010,4,25,4,VRB02KT,13,11
2010-04-25 05:00:00.000,2010,4,25,5,VRB02KT,13,11
2010-04-25 06:00:00.000,2010,4,25,6,00000KT,13,12
2010-04-25 07:00:00.000,2010,4,25,7,00000KT,12,12
2010-04-25 08:00:00.000,2010,4,25,8,VRB02KT,12,12
2010-04-25 09:00:00.000,2010,4,25,9,VRB02KT,12,12
2010-04-25 10:00:00.000,2010,4,25,10,02004KT,12,12
2010-04-25 11:00:00.000,2010,4,25,11,VRB02KT,13,12
2010-04-25 12:00:00.000,2010,4,25,12,05004KT,15,12
2010-04-25 13:00:00.000,2010,4,25,13,07005KT,16,12
2010-04-25 15:00:00.000,2010,4,25,15,12004KT,19,13
2010-04-25 16:00:00.000,2010,4,25,16,21005KT,20,13
2010-04-25 17:00:00.000,2010,4,25,17,30008KT,19,15
2010-04-25 18:00:00.000,2010,4,25,18,27008KT,18,14
2010-04-25 19:00:00.000,2010,4,25,19,02003KT,16,14
2010-04-25 20:00:00.000,2010,4,25,20,29006KT,15,14
2010-04-25 21:00:00.000,2010,4,25,21,29005KT,16,14
2010-04-25 22:00:00.000,2010,4,25,22,34003KT,16,14
2010-04-25 23:00:00.000,2010,4,25,23,VRB02KT,15,14
2010-04-26 00:00:00.000,2010,4,26,0,VRB02KT,14,13
2010-04-26 01:00:00.000,2010,4,26,1,00000KT,13,12
2010-04-26 02:00:00.000,2010,4,26,2,03003KT,13,12
2010-04-26 03:00:00.000,2010,4,26,3,VRB02KT,12,12
2010-04-26 04:00:00.000,2010,4,26,4,VRB02KT,11,11
2010-04-26 05:00:00.000,2010,4,26,5,34003KT,11,11
2010-04-26 06:00:00.000,2010,4,26,6,00000KT,11,11
2010-04-26 07:00:00.000,2010,4,26,7,00000KT,11,10
2010-04-26 08:00:00.000,2010,4,26,8,VRB02KT,11,11
2010-04-26 09:00:00.000,2010,4,26,9,15004KT,11,11
2010-04-26 10:00:00.000,2010,4,26,10,03007KT,12,12
2010-04-26 11:00:00.000,2010,4,26,11,VRB02KT,12,11
2010-04-26 12:00:00.000,2010,4,26,12,05006KT,12,12
2010-04-26 13:00:00.000,2010,4,26,13,08006KT,13,12
2010-04-26 14:00:00.000,2010,4,26,14,VRB02KT,15,12
2010-04-26 15:00:00.000,2010,4,26,15,09008KT,15,11
2010-04-26 16:00:00.000,2010,4,26,16,20006KT,18,12
2010-04-26 17:00:00.000,2010,4,26,17,04006KT,18,11
2010-04-26 18:00:00.000,2010,4,26,18,06008KT,20,13
2010-04-26 19:00:00.000,2010,4,26,19,19006KT,20,12
2010-04-26 20:00:00.000,2010,4,26,20,24009KT,19,14
2010-04-26 21:00:00.000,2010,4,26,21,24009KT,17,15
2010-04-26 22:00:00.000,2010,4,26,22,29008KT,16,14
2010-04-26 23:00:00.000,2010,4,26,23,32005KT,14,13
2010-04-27 00:00:00.000,2010,4,27,0,VRB02KT,14,12
2010-04-27 01:00:00.000,2010,4,27,1,32003KT,14,12
2010-04-27 02:00:00.000,2010,4,27,2,VRB02KT,14,13
2010-04-27 03:00:00.000,2010,4,27,3,VRB02KT,14,13
2010-04-27 04:00:00.000,2010,4,27,4,VRB02KT,14,13
2010-04-27 05:00:00.000,2010,4,27,5,22004KT,14,13
2010-04-27 06:00:00.000,2010,4,27,6,VRB02KT,13,12
2010-04-27 07:00:00.000,2010,4,27,7,VRB02KT,13,12
2010-04-27 08:00:00.000,2010,4,27,8,VRB02KT,13,12
2010-04-27 09:00:00.000,2010,4,27,9,VRB02KT,12,11
2010-04-27 10:00:00.000,2010,4,27,10,VRB02KT,,
2010-04-27 11:00:00.000,2010,4,27,11,27003KT,,
2010-04-27 12:00:00.000,2010,4,27,12,36003KT,13,12
2010-04-27 13:00:00.000,2010,4,27,13,03004KT,14,13
2010-04-27 14:00:00.000,2010,4,27,14,36003KT,17,13
2010-04-27 15:00:00.000,2010,4,27,15,06004KT,19,12
2010-04-27 16:00:00.000,2010,4,27,16,23003KT,,
2010-04-27 17:00:00.000,2010,4,27,17,20006KT,19,13
2010-04-27 18:00:00.000,2010,4,27,18,20005KT,17,14
2010-04-27 19:00:00.000,2010,4,27,19,21010KT,17,15
2010-04-27 20:00:00.000,2010,4,27,20,19007KT,16,14
2010-04-27 21:00:00.000,2010,4,27,21,16006KT,15,13
2010-04-27 22:00:00.000,2010,4,27,22,26003KT,14,13
2010-04-27 23:00:00.000,2010,4,27,23,VRB02KT,14,13
2010-04-28 00:00:00.000,2010,4,28,0,10003KT,14,12
2010-04-28 01:00:00.000,2010,4,28,1,03004KT,12,11
2010-04-28 02:00:00.000,2010,4,28,2,03003KT,13,12
2010-04-28 03:00:00.000,2010,4,28,3,VRB02KT,12,12
2010-04-28 04:00:00.000,2010,4,28,4,05003KT,13,12
2010-04-28 05:00:00.000,2010,4,28,5,VRB02KT,12,12
2010-04-28 06:00:00.000,2010,4,28,6,00000KT,13,11
2010-04-28 07:00:00.000,2010,4,28,7,04006KT,12,11
2010-04-28 08:00:00.000,2010,4,28,8,VRB02KT,13,11
2010-04-28 09:00:00.000,2010,4,28,9,02004KT,13,12
2010-04-28 10:00:00.000,2010,4,28,10,04004KT,13,12
2010-04-28 11:00:00.000,2010,4,28,11,04005KT,13,11
2010-04-28 12:00:00.000,2010,4,28,12,06004KT,14,11
2010-04-28 13:00:00.000,2010,4,28,13,06008KT,15,11
2010-04-28 14:00:00.000,2010,4,28,14,10005KT,18,11
2010-04-28 15:00:00.000,2010,4,28,15,07010KT,18,12
2010-04-28 16:00:00.000,2010,4,28,16,07009KT,19,12
2010-04-28 17:00:00.000,2010,4,28,17,11010KT,19,12
2010-04-28 18:00:00.000,2010,4,28,18,12010KT,19,11
2010-04-28 19:00:00.000,2010,4,28,19,09008KT,20,13
2010-04-28 20:00:00.000,2010,4,28,20,10012KT,20,11
2010-04-28 21:00:00.000,2010,4,28,21,06011KT,19,12
2010-04-28 22:00:00.000,2010,4,28,22,09009KT,18,10
2010-04-28 23:00:00.000,2010,4,28,23,10006KT,17,10
2010-04-29 00:00:00.000,2010,4,29,0,07004KT,17,11
2010-04-29 01:00:00.000,2010,4,29,1,02007KT,14,12
2010-04-29 02:00:00.000,2010,4,29,2,VRB02KT,13,13
2010-04-29 03:00:00.000,2010,4,29,3,VRB02KT,14,11
2010-04-29 04:00:00.000,2010,4,29,4,04004KT,13,12
2010-04-29 05:00:00.000,2010,4,29,5,03004KT,13,12
2010-04-29 06:00:00.000,2010,4,29,6,05003KT,13,11
2010-04-29 07:00:00.000,2010,4,29,7,26003KT,13,11
2010-04-29 08:00:00.000,2010,4,29,8,03004KT,13,11
2010-04-29 09:00:00.000,2010,4,29,9,VRB02KT,13,11
2010-04-29 10:00:00.000,2010,4,29,10,02003KT,13,11
2010-04-29 11:00:00.000,2010,4,29,11,05003KT,13,11
2010-04-29 12:00:00.000,2010,4,29,12,33004KT,13,11
2010-04-29 13:00:00.000,2010,4,29,13,01004KT,15,12
2010-04-29 14:00:00.000,2010,4,29,14,02010KT,17,12
2010-04-29 15:00:00.000,2010,4,29,15,10008KT,18,11
2010-04-29 16:00:00.000,2010,4,29,16,09010KT,18,11
2010-04-29 17:00:00.000,2010,4,29,17,18010KT,19,12
2010-04-29 18:00:00.000,2010,4,29,18,21006KT,18,12
2010-04-29 19:00:00.000,2010,4,29,19,22006KT,19,11
2010-04-29 20:00:00.000,2010,4,29,20,05005KT,19,10
2010-04-29 21:00:00.000,2010,4,29,21,27010KT,18,14
2010-04-29 22:00:00.000,2010,4,29,22,27008KT,17,13
2010-04-29 23:00:00.000,2010,4,29,23,27008KT,15,13
2010-04-30 00:00:00.000,2010,4,30,0,25006KT,15,13
2010-04-30 01:00:00.000,2010,4,30,1,28005KT,14,13
2010-04-30 02:00:00.000,2010,4,30,2,24003KT,14,13
2010-04-30 03:00:00.000,2010,4,30,3,VRB02KT,14,13
2010-04-30 04:00:00.000,2010,4,30,4,VRB02KT,14,13
2010-04-30 05:00:00.000,2010,4,30,5,VRB02KT,14,13
2010-04-30 06:00:00.000,2010,4,30,6,32005KT,13,13
2010-04-30 07:00:00.000,2010,4,30,7,25003KT,13,13
2010-04-30 08:00:00.000,2010,4,30,8,25003KT,13,13
2010-04-30 09:00:00.000,2010,4,30,9,00000KT,13,12
2010-04-30 10:00:00.000,2010,4,30,10,31004KT,13,12
2010-04-30 11:00:00.000,2010,4,30,11,VRB02KT,13,12
2010-04-30 12:00:00.000,2010,4,30,12,VRB02KT,13,13
2010-04-30 13:00:00.000,2010,4,30,13,VRB02KT,14,13
2010-04-30 14:00:00.000,2010,4,30,14,VRB02KT,16,13
2010-04-30 15:00:00.000,2010,4,30,15,21004KT,16,13
2010-04-30 16:00:00.000,2010,4,30,16,27007KT,17,13
2010-04-30 17:00:00.000,2010,4,30,17,30007KT,18,12
2010-04-30 18:00:00.000,2010,4,30,18,03004KT,18,13
2010-04-30 19:00:00.000,2010,4,30,19,29008KT,18,14
2010-04-30 20:00:00.000,2010,4,30,20,25012KT,17,14
2010-04-30 21:00:00.000,2010,4,30,21,25011KT,16,14
2010-04-30 22:00:00.000,2010,4,30,22,27008KT,16,13
2010-04-30 23:00:00.000,2010,4,30,23,32005KT,15,14
2010-05-01 00:00:00.000,2010,5,1,0,33003KT,14,13
2010-05-01 01:00:00.000,2010,5,1,1,13006KT,14,10
2010-05-01 02:00:00.000,2010,5,1,2,33004KT,14,10
2010-05-01 03:00:00.000,2010,5,1,3,00000KT,12,12
2010-05-01 04:00:00.000,2010,5,1,4,00000KT,12,11
2010-05-01 06:00:00.000,2010,5,1,6,03003KT,11,11
2010-05-01 07:00:00.000,2010,5,1,7,VRB02KT,11,10
2010-05-01 08:00:00.000,2010,5,1,8,VRB02KT,10,10
2010-05-01 09:00:00.000,2010,5,1,9,VRB02KT,10,10
2010-05-01 10:00:00.000,2010,5,1,10,05006KT,09,09
2010-05-01 11:00:00.000,2010,5,1,11,VRB02KT,09,08
2010-05-01 12:00:00.000,2010,5,1,12,VRB02KT,11,10
2010-05-01 13:00:00.000,2010,5,1,13,05004KT,14,11
2010-05-01 14:00:00.000,2010,5,1,14,08004KT,15,11
2010-05-01 15:00:00.000,2010,5,1,15,04007KT,13,12
2010-05-01 16:00:00.000,2010,5,1,16,VRB02KT,15,12
2010-05-01 17:00:00.000,2010,5,1,17,21003KT,16,13
2010-05-01 18:00:00.000,2010,5,1,18,21006KT,16,12
2010-05-01 19:00:00.000,2010,5,1,19,18007KT,19,12
2010-05-01 20:00:00.000,2010,5,1,20,24010KT,19,11
2010-05-01 21:00:00.000,2010,5,1,21,220005KT,20,11
2010-05-01 22:00:00.000,2010,5,1,22,13006KT,20,10
2010-05-01 23:00:00.000,2010,5,1,23,18004KT,17,10
2010-05-02 00:00:00.000,2010,5,2,0,30006KT,14,12
2010-05-02 01:00:00.000,2010,5,2,1,22004KT,13,12
2010-05-02 02:00:00.000,2010,5,2,2,05004KT,13,12
2010-05-02 03:00:00.000,2010,5,2,3,09004KT,12,11
2010-05-02 04:00:00.000,2010,5,2,4,01004KT,13,12
2010-05-02 06:00:00.000,2010,5,2,6,11004KT,12,11
2010-05-02 07:00:00.000,2010,5,2,7,03004KT,11,10
2010-05-02 08:00:00.000,2010,5,2,8,VRB02KT,10,10
2010-05-02 09:00:00.000,2010,5,2,9,10004KT,08,08
2010-05-02 10:00:00.000,2010,5,2,10,VRB02KT,09,08
2010-05-02 11:00:00.000,2010,5,2,11,02004KT,09,08
2010-05-02 12:00:00.000,2010,5,2,12,28003KT,10,10
2010-05-02 13:00:00.000,2010,5,2,13,VRB02KT,12,10
2010-05-02 14:00:00.000,2010,5,2,14,20003KT,14,12
2010-05-02 15:00:00.000,2010,5,2,15,VRB02KT,15,12
2010-05-02 16:00:00.000,2010,5,2,16,00000KT,17,13
2010-05-02 18:00:00.000,2010,5,2,18,34004KT,19,10
2010-05-02 19:00:00.000,2010,5,2,19,34004KT,20,11
2010-05-02 20:00:00.000,2010,5,2,20,28008KT,19,12
2010-05-02 21:00:00.000,2010,5,2,21,27012KT,18,13
2010-05-02 22:00:00.000,2010,5,2,22,27010KT,16,13
2010-05-02 23:00:00.000,2010,5,2,23,30006KT,15,13
2010-05-03 00:00:00.000,2010,5,3,0,25004KT,15,13
2010-05-03 01:00:00.000,2010,5,3,1,33003KT,14,13
2010-05-03 02:00:00.000,2010,5,3,2,02007KT,14,13
2010-05-03 03:00:00.000,2010,5,3,3,10003KT,14,13
2010-05-03 04:00:00.000,2010,5,3,4,09003KT,14,13
2010-05-03 05:00:00.000,2010,5,3,5,13004KT,13,12
2010-05-03 06:00:00.000,2010,5,3,6,15003KT,13,12
2010-05-03 07:00:00.000,2010,5,3,7,VRB02KT,13,12
2010-05-03 08:00:00.000,2010,5,3,8,00000KT,12,12
2010-05-03 09:00:00.000,2010,5,3,9,VRB02KT,12,11
2010-05-03 10:00:00.000,2010,5,3,10,VRB02KT,12,11
2010-05-03 11:00:00.000,2010,5,3,11,VRB02KT,12,11
2010-05-03 12:00:00.000,2010,5,3,12,VRB02KT,12,12
2010-05-03 13:00:00.000,2010,5,3,13,29004KT,14,13
2010-05-03 14:00:00.000,2010,5,3,14,VRB02KT,16,12
2010-05-03 16:00:00.000,2010,5,3,16,VRB02KT,17,12
2010-05-03 17:00:00.000,2010,5,3,17,21006KT,15,13
2010-05-03 18:00:00.000,2010,5,3,18,28010KT,16,14
2010-05-03 19:00:00.000,2010,5,3,19,28010KT,17,14
2010-05-03 20:00:00.000,2010,5,3,20,27008KT,15,13
2010-05-03 21:00:00.000,2010,5,3,21,26006KT,14,13
2010-05-03 22:00:00.000,2010,5,3,22,VRB02KT,13,13
2010-05-03 23:00:00.000,2010,5,3,23,VRB02KT,13,13
2010-05-04 00:00:00.000,2010,5,4,0,00000KT,12,12
2010-05-04 01:00:00.000,2010,5,4,1,00000KT,12,12
2010-05-04 02:00:00.000,2010,5,4,2,VRB02KT,13,12
2010-05-04 03:00:00.000,2010,5,4,3,19007KT,13,12
2010-05-04 04:00:00.000,2010,5,4,4,VRB02KT,13,12
2010-05-04 05:00:00.000,2010,5,4,5,00000KT,13,12
2010-05-04 06:00:00.000,2010,5,4,6,VRB02KT,12,12
2010-05-04 07:00:00.000,2010,5,4,7,27003KT,13,12
2010-05-04 08:00:00.000,2010,5,4,8,29003KT,12,12
2010-05-04 09:00:00.000,2010,5,4,9,30004KT,12,12
2010-05-04 10:00:00.000,2010,5,4,10,00000KT,12,12
2010-05-04 11:00:00.000,2010,5,4,11,00000KT,12,12
2010-05-04 12:00:00.000,2010,5,4,12,VRB02KT,13,12
2010-05-04 13:00:00.000,2010,5,4,13,02003KT,13,12
2010-05-04 14:00:00.000,2010,5,4,14,35003KT,14,12
2010-05-04 15:00:00.000,2010,5,4,15,36003KT,15,12
2010-05-04 16:00:00.000,2010,5,4,16,VRB02KT,17,12
2010-05-04 17:00:00.000,2010,5,4,17,21006KT,15,12
2010-05-04 18:00:00.000,2010,5,4,18,VRB02KT,15,13
2010-05-04 19:00:00.000,2010,5,4,19,VRB02KT,18,13
2010-05-04 20:00:00.000,2010,5,4,20,25010KT,18,13
2010-05-04 21:00:00.000,2010,5,4,21,26008KT,17,13
2010-05-04 22:00:00.000,2010,5,4,22,30006KT,15,13
2010-05-04 23:00:00.000,2010,5,4,23,30003KT,14,13
2010-05-05 00:00:00.000,2010,5,5,0,31006KT,14,12
2010-05-05 01:00:00.000,2010,5,5,1,01004KT,14,12
2010-05-05 02:00:00.000,2010,5,5,2,03004KT,14,13
2010-05-05 03:00:00.000,2010,5,5,3,03004KT,14,12
2010-05-05 04:00:00.000,2010,5,5,4,34004KT,13,12
2010-05-05 05:00:00.000,2010,5,5,5,04004KT,13,12
2010-05-05 06:00:00.000,2010,5,5,6,05004KT,14,12
2010-05-05 07:00:00.000,2010,5,5,7,05004KT,13,13
2010-05-05 08:00:00.000,2010,5,5,8,03004KT,13,13
2010-05-05 09:00:00.000,2010,5,5,9,01104K,13,13
2010-05-05 10:00:00.000,2010,5,5,10,00000KT,13,12
2010-05-05 11:00:00.000,2010,5,5,11,00000KT,13,12
2010-05-05 12:00:00.000,2010,5,5,12,VRB02KT,13,13
2010-05-05 13:00:00.000,2010,5,5,13,VRB02KT,15,13
2010-05-05 14:00:00.000,2010,5,5,14,VRB02KT,17,13
2010-05-05 15:00:00.000,2010,5,5,15,09004KT,19,13
2010-05-05 16:00:00.000,2010,5,5,16,22010KT,17,14
2010-05-05 17:00:00.000,2010,5,5,17,24013KT,15,14
2010-05-05 18:00:00.000,2010,5,5,18,29012KT,17,12
2010-05-05 19:00:00.000,2010,5,5,19,29012KT,18,14
2010-05-05 20:00:00.000,2010,5,5,20,25003KT,16,14
2010-05-05 21:00:00.000,2010,5,5,21,31006KT,15,13
2010-05-05 22:00:00.000,2010,5,5,22,31010KT,16,13
2010-05-05 23:00:00.000,2010,5,5,23,29006KT,16,13
2010-05-06 00:00:00.000,2010,5,6,0,VRB02KT,15,13
2010-05-06 01:00:00.000,2010,5,6,1,VRB02KT,14,13
2010-05-06 02:00:00.000,2010,5,6,2,VRB02KT,14,13
2010-05-06 03:00:00.000,2010,5,6,3,35004KT,13,12
2010-05-06 04:00:00.000,2010,5,6,4,VRB02KT,13,13
2010-05-06 05:00:00.000,2010,5,6,5,33006KT,13,12
2010-05-06 06:00:00.000,2010,5,6,6,36004KT,13,12
2010-05-06 07:00:00.000,2010,5,6,7,VRB02KT,12,12
2010-05-06 08:00:00.000,2010,5,6,8,13003KT,12,12
2010-05-06 09:00:00.000,2010,5,6,9,08003KT,13,12
2010-05-06 10:00:00.000,2010,5,6,10,25008KT,13,12
2010-05-06 11:00:00.000,2010,5,6,11,32003KT,12,11
2010-05-06 12:00:00.000,2010,5,6,12,VRB02KT,13,12
2010-05-06 13:00:00.000,2010,5,6,13,04004KT,14,12
2010-05-06 14:00:00.000,2010,5,6,14,08005KT,16,12
2010-05-06 15:00:00.000,2010,5,6,15,16006KT,18,11
2010-05-06 16:00:00.000,2010,5,6,16,VRB02KT,19,11
2010-05-06 17:00:00.000,2010,5,6,17,VRB02KT,18,10
2010-05-06 18:00:00.000,2010,5,6,18,16005KT,19,11
2010-05-06 19:00:00.000,2010,5,6,19,13008KT,18,11
2010-05-06 20:00:00.000,2010,5,6,20,28008KT,19,14
2010-05-06 21:00:00.000,2010,5,6,21,29007KT,19,15
2010-05-06 22:00:00.000,2010,5,6,22,25008KT,17,14
2010-05-06 23:00:00.000,2010,5,6,23,28005KT,16,14
2010-05-07 00:00:00.000,2010,5,7,0,35003KT,14,13
2010-05-07 01:00:00.000,2010,5,7,1,00000KT,14,13
2010-05-07 02:00:00.000,2010,5,7,2,00000KT,13,13
2010-05-07 03:00:00.000,2010,5,7,3,00000KT,13,12
2010-05-07 04:00:00.000,2010,5,7,4,VRB02KT,14,13
2010-05-07 05:00:00.000,2010,5,7,5,03003KT,13,12
2010-05-07 06:00:00.000,2010,5,7,6,09003KT,12,11
2010-05-07 07:00:00.000,2010,5,7,7,04003KT,12,11
2010-05-07 08:00:00.000,2010,5,7,8,RBB02KT,11,10
2010-05-07 09:00:00.000,2010,5,7,9,VRB02KT,10,09
2010-05-07 10:00:00.000,2010,5,7,10,00000KT,11,11
2010-05-07 11:00:00.000,2010,5,7,11,00000KT,10,10
2010-05-07 12:00:00.000,2010,5,7,12,05006KT,13,12
2010-05-07 13:00:00.000,2010,5,7,13,09006KT,14,11
2010-05-07 14:00:00.000,2010,5,7,14,06004KT,17,11
2010-05-07 15:00:00.000,2010,5,7,15,16010KT,18,09
2010-05-07 16:00:00.000,2010,5,7,16,07006KT,19,10
2010-05-07 17:00:00.000,2010,5,7,17,12006KT,18,10
2010-05-07 18:00:00.000,2010,5,7,18,04012KT,19,10
2010-05-07 19:00:00.000,2010,5,7,19,08004KT,17,11
2010-05-07 20:00:00.000,2010,5,7,20,08006KT,18,12
2010-05-07 21:00:00.000,2010,5,7,21,04006KT,18,11
2010-05-07 22:00:00.000,2010,5,7,22,18006KT,17,11
2010-05-07 23:00:00.000,2010,5,7,23,08005KT,17,11
2010-05-08 00:00:00.000,2010,5,8,0,VRB02KT,16,11
2010-05-08 01:00:00.000,2010,5,8,1,06005KT,14,12
2010-05-08 02:00:00.000,2010,5,8,2,09004KT,15,11
2010-05-08 03:00:00.000,2010,5,8,3,09008KT,15,11
2010-05-08 04:00:00.000,2010,5,8,4,08004KT,14,11
2010-05-08 05:00:00.000,2010,5,8,5,06006KT,14,11
2010-05-08 06:00:00.000,2010,5,8,6,07003KT,13,11
2010-05-08 07:00:00.000,2010,5,8,7,06004KT,12,11
2010-05-08 08:00:00.000,2010,5,8,8,05005KT,12,11
2010-05-08 09:00:00.000,2010,5,8,9,05006KT,12,11
2010-05-08 10:00:00.000,2010,5,8,10,06006KT,12,11
2010-05-08 11:00:00.000,2010,5,8,11,06004KT,12,11
2010-05-08 12:00:00.000,2010,5,8,12,09004KT,13,11
2010-05-08 13:00:00.000,2010,5,8,13,05007KT,14,11
2010-05-08 14:00:00.000,2010,5,8,14,09004KT,16,12
2010-05-08 15:00:00.000,2010,5,8,15,12004KT,17,11
2010-05-08 16:00:00.000,2010,5,8,16,12004KT,17,12
2010-05-08 17:00:00.000,2010,5,8,17,13007KT,17,11
2010-05-08 18:00:00.000,2010,5,8,18,09008KT,18,10
2010-05-08 19:00:00.000,2010,5,8,19,09008KT,17,12
2010-05-08 20:00:00.000,2010,5,8,20,09010KT,17,12
2010-05-08 21:00:00.000,2010,5,8,21,11004KT,17,12
2010-05-08 22:00:00.000,2010,5,8,22,14006KT,18,11
2010-05-08 23:00:00.000,2010,5,8,23,13008KT,18,10
2010-05-09 00:00:00.000,2010,5,9,0,14008KT,17,11
2010-05-09 01:00:00.000,2010,5,9,1,14010KT,16,10
2010-05-09 02:00:00.000,2010,5,9,2,14004KT,14,10
2010-05-09 03:00:00.000,2010,5,9,3,24004KT,15,10
2010-05-09 04:00:00.000,2010,5,9,4,04004KT,15,11
2010-05-09 05:00:00.000,2010,5,9,5,05006KT,14,12
2010-05-09 06:00:00.000,2010,5,9,6,03003KT,12,11
2010-05-09 07:00:00.000,2010,5,9,7,05005KT,13,11
2010-05-09 08:00:00.000,2010,5,9,8,04006KT,13,11
2010-05-09 09:00:00.000,2010,5,9,9,03007KT,12,12
2010-05-09 10:00:00.000,2010,5,9,10,06009KT,12,11
2010-05-09 11:00:00.000,2010,5,9,11,04006KT,12,11
2010-05-09 12:00:00.000,2010,5,9,12,06009KT,13,11
2010-05-09 13:00:00.000,2010,5,9,13,06004KT,15,11
2010-05-09 14:00:00.000,2010,5,9,14,04007KT,16,11
2010-05-09 15:00:00.000,2010,5,9,15,33003KT,18,11
2010-05-09 16:00:00.000,2010,5,9,16,11003KT,20,10
2010-05-09 17:00:00.000,2010,5,9,17,13008KT,20,10
2010-05-09 18:00:00.000,2010,5,9,18,10012KT,20,10
2010-05-09 19:00:00.000,2010,5,9,19,13010KT,19,11
2010-05-09 20:00:00.000,2010,5,9,20,15008KT,19,10
2010-05-09 21:00:00.000,2010,5,9,21,17006KT,19,10
2010-05-09 22:00:00.000,2010,5,9,22,09004KT,18,11
2010-05-09 23:00:00.000,2010,5,9,23,25008KT,17,13
2010-05-10 01:00:00.000,2010,5,10,1,33006KT,13,12
2010-05-10 02:00:00.000,2010,5,10,2,03004KT,13,11
2010-05-10 03:00:00.000,2010,5,10,3,03006KT,13,11
2010-05-10 04:00:00.000,2010,5,10,4,VRB02KT,12,10
2010-05-10 05:00:00.000,2010,5,10,5,34004KT,11,10
2010-05-10 06:00:00.000,2010,5,10,6,04005KT,12,10
2010-05-10 08:00:00.000,2010,5,10,8,03004KT,12,11
2010-05-10 09:00:00.000,2010,5,10,9,00000KT,11,10
2010-05-10 10:00:00.000,2010,5,10,10,04004KT,11,10
2010-05-10 11:00:00.000,2010,5,10,11,03004KT,11,10
2010-05-10 13:00:00.000,2010,5,10,13,05008KT,15,12
2010-05-10 14:00:00.000,2010,5,10,14,06006KT,16,11
2010-05-10 15:00:00.000,2010,5,10,15,12006KT,15,13
2010-05-10 16:00:00.000,2010,5,10,16,16008KT,18,12
2010-05-10 17:00:00.000,2010,5,10,17,09006KT,19,11
2010-05-10 18:00:00.000,2010,5,10,18,VRB02KT,20,11
2010-05-10 19:00:00.000,2010,5,10,19,16006KT,20,11
2010-05-10 20:00:00.000,2010,5,10,20,30014KT,20,13
2010-05-10 21:00:00.000,2010,5,10,21,27012KT,20,13
2010-05-10 22:00:00.000,2010,5,10,22,31007KT,18,13
2010-05-10 23:00:00.000,2010,5,10,23,27006KT,17,13
2010-05-11 00:00:00.000,2010,5,11,0,28003KT,16,13
2010-05-11 01:00:00.000,2010,5,11,1,35003KT,14,12
2010-05-11 02:00:00.000,2010,5,11,2,VRB02KT,13,10
2010-05-11 03:00:00.000,2010,5,11,3,00000KT,12,09
2010-05-11 04:00:00.000,2010,5,11,4,00000KT,12,12
2010-05-11 05:00:00.000,2010,5,11,5,VRB02KT,11,11
2010-05-11 06:00:00.000,2010,5,11,6,VRB02KT,13,11
2010-05-11 07:00:00.000,2010,5,11,7,VRB02KT,13,11
2010-05-11 08:00:00.000,2010,5,11,8,28003KT,12,11
2010-05-11 09:00:00.000,2010,5,11,9,36003KT,10,10
2010-05-11 10:00:00.000,2010,5,11,10,VRB02KT,08,08
2010-05-11 11:00:00.000,2010,5,11,11,03003KT,10,10
2010-05-11 12:00:00.000,2010,5,11,12,04006KT,13,11
2010-05-11 13:00:00.000,2010,5,11,13,06004KT,14,11
2010-05-11 14:00:00.000,2010,5,11,14,07004KT,17,10
2010-05-11 15:00:00.000,2010,5,11,15,06010KT,17,11
2010-05-11 16:00:00.000,2010,5,11,16,12006KT,21,08
2010-05-11 17:00:00.000,2010,5,11,17,16003KT,22,07
2010-05-11 18:00:00.000,2010,5,11,18,2508KT,22,09
2010-05-11 19:00:00.000,2010,5,11,19,27014KT,21,14
2010-05-11 20:00:00.000,2010,5,11,20,27012KT,19,13
2010-05-11 21:00:00.000,2010,5,11,21,26010KT,19,13
2010-05-11 22:00:00.000,2010,5,11,22,25007KT,18,12
2010-05-11 23:00:00.000,2010,5,11,23,26005KT,15,12
2010-05-12 00:00:00.000,2010,5,12,0,VRB02KT,14,11
2010-05-12 01:00:00.000,2010,5,12,1,07004KT,15,11
2010-05-12 02:00:00.000,2010,5,12,2,13008KT,14,07
2010-05-12 03:00:00.000,2010,5,12,3,07005KT,14,07
2010-05-12 04:00:00.000,2010,5,12,4,05003KT,12,07
2010-05-12 05:00:00.000,2010,5,12,5,09003KT,11,09
2010-05-12 06:00:00.000,2010,5,12,6,VRB02KT,10,09
2010-05-12 07:00:00.000,2010,5,12,7,04003KT,13,11
2010-05-12 08:00:00.000,2010,5,12,8,VRB02KT,13,11
2010-05-12 09:00:00.000,2010,5,12,9,VRB02KT,13,11
2010-05-12 10:00:00.000,2010,5,12,10,06003KT,10,07
2010-05-12 11:00:00.000,2010,5,12,11,VRB02KT,10,08
2010-05-12 12:00:00.000,2010,5,12,12,11008KT,13,07
2010-05-12 13:00:00.000,2010,5,12,13,02007KT,15,12
2010-05-12 14:00:00.000,2010,5,12,14,04004KT,15,12
2010-05-12 15:00:00.000,2010,5,12,15,03005KT,16,12
2010-05-12 16:00:00.000,2010,5,12,16,03004KT,16,12
2010-05-12 17:00:00.000,2010,5,12,17,VRB02KT,17,12
2010-05-12 18:00:00.000,2010,5,12,18,06005KT,19,11
2010-05-12 19:00:00.000,2010,5,12,19,16008KT,19,10
2010-05-12 20:00:00.000,2010,5,12,20,29008KT,17,13
2010-05-12 21:00:00.000,2010,5,12,21,32005KT,18,13
2010-05-12 22:00:00.000,2010,5,12,22,24005KT,17,13
2010-05-12 23:00:00.000,2010,5,12,23,VRB02KT,16,12
2010-05-13 00:00:00.000,2010,5,13,0,12010KT,15,12
2010-05-13 01:00:00.000,2010,5,13,1,01004KT,15,12
2010-05-13 02:00:00.000,2010,5,13,2,00000KT,14,12
2010-05-13 03:00:00.000,2010,5,13,3,33006KT,14,13
2010-05-13 04:00:00.000,2010,5,13,4,35004KT,13,12
2010-05-13 05:00:00.000,2010,5,13,5,03004KT,14,11
2010-05-13 06:00:00.000,2010,5,13,6,33006KT,12,11
2010-05-13 07:00:00.000,2010,5,13,7,31004KT,12,11
2010-05-13 08:00:00.000,2010,5,13,8,34004KT,12,11
2010-05-13 09:00:00.000,2010,5,13,9,00000KT,12,11
2010-05-13 10:00:00.000,2010,5,13,10,34004KT,12,11
2010-05-13 11:00:00.000,2010,5,13,11,04004KT,12,11
2010-05-13 12:00:00.000,2010,5,13,12,03006KT,14,12
2010-05-13 13:00:00.000,2010,5,13,13,05006KT,16,12
2010-05-13 14:00:00.000,2010,5,13,14,14004KT,17,12
2010-05-13 15:00:00.000,2010,5,13,15,16010KT,18,11
2010-05-13 16:00:00.000,2010,5,13,16,16006KT,20,12
2010-05-13 17:00:00.000,2010,5,13,17,18010KT,20,10
2010-05-13 18:00:00.000,2010,5,13,18,16010KT,20,11
2010-05-13 19:00:00.000,2010,5,13,19,15008KT,20,11
2010-05-13 20:00:00.000,2010,5,13,20,29005KT,18,13
2010-05-13 21:00:00.000,2010,5,13,21,33003KT,19,12
2010-05-13 22:00:00.000,2010,5,13,22,15008KT,17,12
2010-05-13 23:00:00.000,2010,5,13,23,14008KT,17,10
2010-05-14 00:00:00.000,2010,5,14,0,09004KT,16,11
2010-05-14 01:00:00.000,2010,5,14,1,14010KT,15,10
2010-05-14 02:00:00.000,2010,5,14,2,11005KT,15,10
2010-05-14 03:00:00.000,2010,5,14,3,VRB02KT,14,11
2010-05-14 04:00:00.000,2010,5,14,4,VRB02KT,13,11
2010-05-14 05:00:00.000,2010,5,14,5,00000KT,12,11
2010-05-14 06:00:00.000,2010,5,14,6,03003KT,12,11
2010-05-14 07:00:00.000,2010,5,14,7,03005KT,13,11
2010-05-14 08:00:00.000,2010,5,14,8,VRB02KT,12,11
2010-05-14 09:00:00.000,2010,5,14,9,03003KT,11,11
2010-05-14 10:00:00.000,2010,5,14,10,00000KT,11,10
2010-05-14 11:00:00.000,2010,5,14,11,03003KT,11,10
2010-05-14 12:00:00.000,2010,5,14,12,VRB02KT,14,10
2010-05-14 13:00:00.000,2010,5,14,13,03005KT,16,12
2010-05-14 14:00:00.000,2010,5,14,14,VRB02KT,17,11
2010-05-14 15:00:00.000,2010,5,14,15,07006KT,18,11
2010-05-14 16:00:00.000,2010,5,14,16,07012KT,21,12
2010-05-14 17:00:00.000,2010,5,14,17,15014KT,20,12
2010-05-14 18:00:00.000,2010,5,14,18,16010KT,21,12
2010-05-14 19:00:00.000,2010,5,14,19,15012KT,21,12
2010-05-14 20:00:00.000,2010,5,14,20,27008KT,19,13
2010-05-14 21:00:00.000,2010,5,14,21,31006KT,17,12
2010-05-14 22:00:00.000,2010,5,14,22,14008KT,18,12
2010-05-14 23:00:00.000,2010,5,14,23,14010KT,17,10
2010-05-15 00:00:00.000,2010,5,15,0,14006KT,16,11
2010-05-15 01:00:00.000,2010,5,15,1,07004KT,15,11
2010-05-15 02:00:00.000,2010,5,15,2,05005KT,14,11
2010-05-15 03:00:00.000,2010,5,15,3,03004KT,14,11
2010-05-15 04:00:00.000,2010,5,15,4,03005KT,14,11
2010-05-15 05:00:00.000,2010,5,15,5,VRB02KT,13,11
2010-05-15 06:00:00.000,2010,5,15,6,04005KT,13,11
2010-05-15 07:00:00.000,2010,5,15,7,05006KT,13,11
2010-05-15 08:00:00.000,2010,5,15,8,VRB02KT,12,11
2010-05-15 09:00:00.000,2010,5,15,9,VRB02KT,12,11
2010-05-15 10:00:00.000,2010,5,15,10,00000KT,12,11
2010-05-15 11:00:00.000,2010,5,15,11,VRB02KT,13,12
2010-05-15 12:00:00.000,2010,5,15,12,03004KT,13,12
2010-05-15 13:00:00.000,2010,5,15,13,VRB02KT,15,12
2010-05-15 14:00:00.000,2010,5,15,14,00000KT,16,12
2010-05-15 15:00:00.000,2010,5,15,15,03003KT,17,12
2010-05-15 16:00:00.000,2010,5,15,16,00000KT,19,13
2010-05-15 17:00:00.000,2010,5,15,17,04013KT,19,14
2010-05-15 18:00:00.000,2010,5,15,18,26006KT,19,14
2010-05-15 19:00:00.000,2010,5,15,19,05010KT,17,14
2010-05-15 20:00:00.000,2010,5,15,20,22004KT,18,14
2010-05-15 21:00:00.000,2010,5,15,21,30004KT,19,13
2010-05-15 22:00:00.000,2010,5,15,22,12004KT,18,14
2010-05-15 23:00:00.000,2010,5,15,23,12010KT,17,11
2010-05-16 00:00:00.000,2010,5,16,0,15010KT,15,12
2010-05-16 01:00:00.000,2010,5,16,1,13010KT,14,11
2010-05-16 02:00:00.000,2010,5,16,2,VRB02KT,15,11
2010-05-16 03:00:00.000,2010,5,16,3,03004KT,15,11
2010-05-16 04:00:00.000,2010,5,16,4,02006KT,14,18
2010-05-16 06:00:00.000,2010,5,16,6,03004KT,12,12
2010-05-16 09:00:00.000,2010,5,16,9,32004KT,13,12
2010-05-16 10:00:00.000,2010,5,16,10,33004KT,12,12
2010-05-16 11:00:00.000,2010,5,16,11,29004KT,13,12
2010-05-16 12:00:00.000,2010,5,16,12,33004KT,14,13
2010-05-16 13:00:00.000,2010,5,16,13,04004KT,15,12
2010-05-16 14:00:00.000,2010,5,16,14,02008KT,14,13
2010-05-16 15:00:00.000,2010,5,16,15,03010KT,16,14
2010-05-16 16:00:00.000,2010,5,16,16,09010KT,18,14
2010-05-16 17:00:00.000,2010,5,16,17,11010KT,20,12
2010-05-16 18:00:00.000,2010,5,16,18,11013KT,21,11
2010-05-16 19:00:00.000,2010,5,16,19,11008KT,20,11
2010-05-16 20:00:00.000,2010,5,16,20,12005KT,20,10
2010-05-16 21:00:00.000,2010,5,16,21,09009KT,21,10
2010-05-16 22:00:00.000,2010,5,16,22,13012KT,20,10
2010-05-16 23:00:00.000,2010,5,16,23,02010KT,30,25
2010-05-17 00:00:00.000,2010,5,17,0,14007KT,16,10
2010-05-17 01:00:00.000,2010,5,17,1,VRB02KT,16,12
2010-05-17 02:00:00.000,2010,5,17,2,13004KT,16,12
2010-05-17 03:00:00.000,2010,5,17,3,33003KT,15,12
2010-05-17 04:00:00.000,2010,5,17,4,03006KT,14,11
2010-05-17 05:00:00.000,2010,5,17,5,06006KT,14,11
2010-05-17 06:00:00.000,2010,5,17,6,VRB02KT,14,12
2010-05-17 07:00:00.000,2010,5,17,7,06005KT,13,11
2010-05-17 08:00:00.000,2010,5,17,8,00000KT,12,11
2010-05-17 09:00:00.000,2010,5,17,9,06005KT,12,11
2010-05-17 10:00:00.000,2010,5,17,10,05005KT,12,11
2010-05-17 11:00:00.000,2010,5,17,11,05003KT,11,10
2010-05-17 13:00:00.000,2010,5,17,13,06006KT,16,12
2010-05-17 14:00:00.000,2010,5,17,14,03010KT,18,12
2010-05-17 16:00:00.000,2010,5,17,16,04005KT,21,11
2010-05-17 18:00:00.000,2010,5,17,18,23010KT,20,14
2010-05-17 19:00:00.000,2010,5,17,19,19009KT,13,11
2010-05-17 20:00:00.000,2010,5,17,20,35003KT,13,11
2010-05-17 21:00:00.000,2010,5,17,21,18005KT,14,13
2010-05-17 22:00:00.000,2010,5,17,22,VRB02KT,14,13
2010-05-17 23:00:00.000,2010,5,17,23,08005KT,15,13
2010-05-18 00:00:00.000,2010,5,18,0,03006KT,15,13
2010-05-18 01:00:00.000,2010,5,18,1,07004KT,14,13
2010-05-18 02:00:00.000,2010,5,18,2,01004KT,15,12
2010-05-18 03:00:00.000,2010,5,18,3,32004KT,13,12
2010-05-18 04:00:00.000,2010,5,18,4,28004KT,13,12
2010-05-18 05:00:00.000,2010,5,18,5,02004KT,13,12
2010-05-18 06:00:00.000,2010,5,18,6,00000KT,11,10
2010-05-18 07:00:00.000,2010,5,18,7,00000KT,12,11
2010-05-18 08:00:00.000,2010,5,18,8,00000KT,12,11
2010-05-18 09:00:00.000,2010,5,18,9,04004KT,,
2010-05-18 10:00:00.000,2010,5,18,10,03004KT,11,11
2010-05-18 11:00:00.000,2010,5,18,11,32004KT,11,11
2010-05-18 12:00:00.000,2010,5,18,12,VRB02KT,13,12
2010-05-18 13:00:00.000,2010,5,18,13,05004KT,15,12
2010-05-18 14:00:00.000,2010,5,18,14,03003KT,18,10
2010-05-18 15:00:00.000,2010,5,18,15,02005KT,19,11
2010-05-18 16:00:00.000,2010,5,18,16,03008KT,20,11
2010-05-18 17:00:00.000,2010,5,18,17,11007KT,20,10
2010-05-18 18:00:00.000,2010,5,18,18,11008KT,20,09
2010-05-18 19:00:00.000,2010,5,18,19,09006KT,20,11
2010-05-18 20:00:00.000,2010,5,18,20,08008KT,19,11
2010-05-18 21:00:00.000,2010,5,18,21,17009KT,19,11
2010-05-18 22:00:00.000,2010,5,18,22,22005KT,18,12
2010-05-18 23:00:00.000,2010,5,18,23,22005KT,17,11
2010-05-19 00:00:00.000,2010,5,19,0,VRB02KT,16,11
2010-05-19 01:00:00.000,2010,5,19,1,05005KT,16,11
2010-05-19 02:00:00.000,2010,5,19,2,VRB02KT,14,11
2010-05-19 03:00:00.000,2010,5,19,3,05004KT,14,11
2010-05-19 04:00:00.000,2010,5,19,4,03003KT,13,11
2010-05-19 05:00:00.000,2010,5,19,5,04005KT,13,11
2010-05-19 06:00:00.000,2010,5,19,6,04005KT,13,12
2010-05-19 07:00:00.000,2010,5,19,7,06005KT,13,12
2010-05-19 08:00:00.000,2010,5,19,8,06006KT,13,12
2010-05-19 09:00:00.000,2010,5,19,9,VRB02KT,13,12
2010-05-19 10:00:00.000,2010,5,19,10,03004KT,13,11
2010-05-19 11:00:00.000,2010,5,19,11,07005KT,12,11
2010-05-19 12:00:00.000,2010,5,19,12,06006KT,14,12
2010-05-19 13:00:00.000,2010,5,19,13,04010KT,16,12
2010-05-19 14:00:00.000,2010,5,19,14,07010KT,17,12
2010-05-19 15:00:00.000,2010,5,19,15,04007KT,18,12
2010-05-19 16:00:00.000,2010,5,19,16,26004KT,19,12
2010-05-19 17:00:00.000,2010,5,19,17,07004KT,18,13
2010-05-19 18:00:00.000,2010,5,19,18,02010KT,17,13
2010-05-19 19:00:00.000,2010,5,19,19,03009KT,20,12
2010-05-19 20:00:00.000,2010,5,19,20,07006KT,18,14
2010-05-19 21:00:00.000,2010,5,19,21,24008KT,17,14
2010-05-19 22:00:00.000,2010,5,19,22,24007KT,17,14
2010-05-19 23:00:00.000,2010,5,19,23,32004KT,16,13
2010-05-20 00:00:00.000,2010,5,20,0,VRB02KT,15,12
2010-05-20 01:00:00.000,2010,5,20,1,14004KT,15,12
2010-05-20 02:00:00.000,2010,5,20,2,21003KT,14,13
2010-05-20 03:00:00.000,2010,5,20,3,00000KT,14,12
2010-05-20 04:00:00.000,2010,5,20,4,VRB02KT,13,12
2010-05-20 05:00:00.000,2010,5,20,5,VRB02KT,13,12
2010-05-20 06:00:00.000,2010,5,20,6,05005KT,13,12
2010-05-20 07:00:00.000,2010,5,20,7,27003KT,13,12
2010-05-20 08:00:00.000,2010,5,20,8,28003KT,12,12
2010-05-20 09:00:00.000,2010,5,20,9,27003KT,12,12
2010-05-20 10:00:00.000,2010,5,20,10,VRB02KT,12,12
2010-05-20 11:00:00.000,2010,5,20,11,00000KT,12,12
2010-05-20 12:00:00.000,2010,5,20,12,34004KT,13,13
2010-05-20 13:00:00.000,2010,5,20,13,VRB02KT,15,13
2010-05-20 14:00:00.000,2010,5,20,14,04006KT,18,13
2010-05-20 15:00:00.000,2010,5,20,15,05004KT,18,13
2010-05-20 16:00:00.000,2010,5,20,16,04010KT,19,13
2010-05-20 17:00:00.000,2010,5,20,17,VRB02KT,20,13
2010-05-20 18:00:00.000,2010,5,20,18,VRB02KT,21,12
2010-05-20 19:00:00.000,2010,5,20,19,29008KT,19,13
2010-05-20 20:00:00.000,2010,5,20,20,25006KT,18,15
2010-05-20 21:00:00.000,2010,5,20,21,30008KT,18,15
2010-05-20 22:00:00.000,2010,5,20,22,27008KT,16,15
2010-05-20 23:00:00.000,2010,5,20,23,VRB02KT,15,14
2010-05-21 01:00:00.000,2010,5,21,1,27005KT,16,14
2010-05-21 02:00:00.000,2010,5,21,2,VRB02KT,16,14
2010-05-21 03:00:00.000,2010,5,21,3,VRB02KT,14,13
2010-05-21 04:00:00.000,2010,5,21,4,04007KT,14,12
2010-05-21 05:00:00.000,2010,5,21,5,04009KT,13,12
2010-05-21 06:00:00.000,2010,5,21,6,VRB02KT,13,11
2010-05-21 07:00:00.000,2010,5,21,7,03003KT,13,12
2010-05-21 08:00:00.000,2010,5,21,8,VRB02KT,12,11
2010-05-21 09:00:00.000,2010,5,21,9,VRB02KT,21,11
2010-05-21 10:00:00.000,2010,5,21,10,03003KT,13,11
2010-05-21 11:00:00.000,2010,5,21,11,03004KT,12,11
2010-05-21 12:00:00.000,2010,5,21,12,35004KT,13,12
2010-05-21 13:00:00.000,2010,5,21,13,05006KT,15,12
2010-05-21 14:00:00.000,2010,5,21,14,VRB02KT,17,11
2010-05-21 15:00:00.000,2010,5,21,15,VRB02KT,19,12
2010-05-21 16:00:00.000,2010,5,21,16,VRB02KT,19,11
2010-05-21 17:00:00.000,2010,5,21,17,27010KT,17,13
2010-05-21 18:00:00.000,2010,5,21,18,30015KT,17,15
2010-05-21 19:00:00.000,2010,5,21,19,27013KT,16,15
2010-05-21 20:00:00.000,2010,5,21,20,27010KT,16,15
2010-05-21 21:00:00.000,2010,5,21,21,27006KT,16,15
2010-05-21 22:00:00.000,2010,5,21,22,25006KT,17,14
2010-05-21 23:00:00.000,2010,5,21,23,25004KT,17,12
2010-05-22 00:00:00.000,2010,5,22,0,00000KT,14,12
2010-05-22 01:00:00.000,2010,5,22,1,33003KT,14,11
2010-05-22 02:00:00.000,2010,5,22,2,VRB02KT,13,11
2010-05-22 03:00:00.000,2010,5,22,3,00000KT,14,13
2010-05-22 04:00:00.000,2010,5,22,4,31003KT,13,12
2010-05-22 05:00:00.000,2010,5,22,5,VRB02KT,12,12
2010-05-22 06:00:00.000,2010,5,22,6,28003KT,11,11
2010-05-22 07:00:00.000,2010,5,22,7,VRB02KT,11,11
2010-05-22 08:00:00.000,2010,5,22,8,00000KT,11,11
2010-05-22 09:00:00.000,2010,5,22,9,VRB02KT,11,11
2010-05-22 10:00:00.000,2010,5,22,10,00000KT,11,11
2010-05-22 11:00:00.000,2010,5,22,11,VRB02KT,11,11
2010-05-22 12:00:00.000,2010,5,22,12,00000KT,13,12
2010-05-22 13:00:00.000,2010,5,22,13,VRB02KT,15,12
2010-05-22 14:00:00.000,2010,5,22,14,VRB02KT,17,12
2010-05-22 15:00:00.000,2010,5,22,15,VRB02KT,18,12
2010-05-22 16:00:00.000,2010,5,22,16,30012KT,17,13
2010-05-22 17:00:00.000,2010,5,22,17,22012KT,15,14
2010-05-22 18:00:00.000,2010,5,22,18,25010KT,14,13
2010-05-22 19:00:00.000,2010,5,22,19,21008KT,14,13
2010-05-22 20:00:00.000,2010,5,22,20,25006KT,15,13
2010-05-22 21:00:00.000,2010,5,22,21,31005KT,16,13
2010-05-22 22:00:00.000,2010,5,22,22,03006KT,16,13
2010-05-22 23:00:00.000,2010,5,22,23,01004KT,15,13
2010-05-23 00:00:00.000,2010,5,23,0,03004KT,15,12
2010-05-23 01:00:00.000,2010,5,23,1,34004KT,14,12
2010-05-23 02:00:00.000,2010,5,23,2,03004KT,14,12
2010-05-23 03:00:00.000,2010,5,23,3,02004KT,14,12
2010-05-23 04:00:00.000,2010,5,23,4,27006KT,14,13
2010-05-23 05:00:00.000,2010,5,23,5,04006KT,13,13
2010-05-23 06:00:00.000,2010,5,23,6,09006KT,13,13
2010-05-23 07:00:00.000,2010,5,23,7,00000KT,13,12
2010-05-23 08:00:00.000,2010,5,23,8,00000KT,13,12
2010-05-23 09:00:00.000,2010,5,23,9,00000KT,13,13
2010-05-23 10:00:00.000,2010,5,23,10,00000KT,12,12
2010-05-23 11:00:00.000,2010,5,23,11,32004KT,11,11
2010-05-23 12:00:00.000,2010,5,23,12,00000KT,12,12
2010-05-23 13:00:00.000,2010,5,23,13,06003KT,13,13
2010-05-23 14:00:00.000,2010,5,23,14,35003KT,15,12
2010-05-23 15:00:00.000,2010,5,23,15,00000KT,18,13
2010-05-23 16:00:00.000,2010,5,23,16,27006KT,20,12
2010-05-23 17:00:00.000,2010,5,23,17,24012KT,18,14
2010-05-23 18:00:00.000,2010,5,23,18,13009KT,14,12
2010-05-23 19:00:00.000,2010,5,23,19,08008KT,15,12
2010-05-23 20:00:00.000,2010,5,23,20,09005KT,14,13
2010-05-23 21:00:00.000,2010,5,23,21,07006KT,14,12
2010-05-23 22:00:00.000,2010,5,23,22,06004KT,14,13
2010-05-23 23:00:00.000,2010,5,23,23,02004KT,14,13
2010-05-24 00:00:00.000,2010,5,24,0,04004KT,13,12
2010-05-24 01:00:00.000,2010,5,24,1,02004KT,12,11
2010-05-24 02:00:00.000,2010,5,24,2,VRB02KT,12,12
2010-05-24 03:00:00.000,2010,5,24,3,VRB02KT,12,11
2010-05-24 04:00:00.000,2010,5,24,4,VRB02KT,12,11
2010-05-24 05:00:00.000,2010,5,24,5,00000KT,12,11
2010-05-24 06:00:00.000,2010,5,24,6,VRB02KT,12,11
2010-05-24 07:00:00.000,2010,5,24,7,00000KT,12,11
2010-05-24 08:00:00.000,2010,5,24,8,VRB02KT,12,11
2010-05-24 09:00:00.000,2010,5,24,9,VRB02KT,11,11
2010-05-24 10:00:00.000,2010,5,24,10,VRB02KT,11,11
2010-05-24 11:00:00.000,2010,5,24,11,VRB02KT,11,11
2010-05-24 12:00:00.000,2010,5,24,12,04003KT,14,13
2010-05-24 13:00:00.000,2010,5,24,13,09003KT,15,13
2010-05-24 14:00:00.000,2010,5,24,14,04006KT,17,12
2010-05-24 15:00:00.000,2010,5,24,15,07008KT,19,12
2010-05-24 16:00:00.000,2010,5,24,16,04006KT,20,12
2010-05-24 17:00:00.000,2010,5,24,17,19006KT,21,14
2010-05-24 18:00:00.000,2010,5,24,18,27012KT,15,14
2010-05-24 19:00:00.000,2010,5,24,19,25012KT,15,14
2010-05-24 20:00:00.000,2010,5,24,20,27010KT,16,14
2010-05-24 21:00:00.000,2010,5,24,21,30012KT,18,14
2010-05-24 22:00:00.000,2010,5,24,22,34006KT,17,14
2010-05-25 00:00:00.000,2010,5,25,0,31004KT,13,12
2010-05-25 01:00:00.000,2010,5,25,1,15007KT,13,12
2010-05-25 02:00:00.000,2010,5,25,2,VRB02KT,13,12
2010-05-25 03:00:00.000,2010,5,25,3,VRB02KT,12,12
2010-05-25 04:00:00.000,2010,5,25,4,07003KT,12,12
2010-05-25 05:00:00.000,2010,5,25,5,VRB02KT,12,11
2010-05-25 06:00:00.000,2010,5,25,6,00000KT,11,11
2010-05-25 07:00:00.000,2010,5,25,7,00000KT,12,11
2010-05-25 08:00:00.000,2010,5,25,8,VRB02KT,12,12
2010-05-25 09:00:00.000,2010,5,25,9,33003KT,12,12
2010-05-25 10:00:00.000,2010,5,25,10,VRB02KT,12,12
2010-05-25 11:00:00.000,2010,5,25,11,27003KT,12,12
2010-05-25 12:00:00.000,2010,5,25,12,30004KT,12,12
2010-05-25 13:00:00.000,2010,5,25,13,32004KT,14,13
2010-05-25 14:00:00.000,2010,5,25,14,02004KT,16,13
2010-05-25 15:00:00.000,2010,5,25,15,01006KT,18,12
2010-05-25 16:00:00.000,2010,5,25,16,04004KT,19,12
2010-05-25 17:00:00.000,2010,5,25,17,20004KT,21,14
2010-05-25 18:00:00.000,2010,5,25,18,23010KT,16,14
2010-05-25 19:00:00.000,2010,5,25,19,28006KT,15,13
2010-05-25 20:00:00.000,2010,5,25,20,32006KT,15,14
2010-05-25 21:00:00.000,2010,5,25,21,30005KT,16,14
2010-05-25 22:00:00.000,2010,5,25,22,VRB02KT,16,13
2010-05-25 23:00:00.000,2010,5,25,23,05004KT,15,13
2010-05-26 00:00:00.000,2010,5,26,0,VRB02KT,14,13
2010-05-26 01:00:00.000,2010,5,26,1,09005KT,14,13
2010-05-26 02:00:00.000,2010,5,26,2,VRB02KT,13,12
2010-05-26 03:00:00.000,2010,5,26,3,VRB02KT,13,13
2010-05-26 04:00:00.000,2010,5,26,4,VRB02KT,13,12
2010-05-26 05:00:00.000,2010,5,26,5,VRB02KT,13,12
2010-05-26 06:00:00.000,2010,5,26,6,00000KT,13,12
2010-05-26 07:00:00.000,2010,5,26,7,VRB02KT,13,12
2010-05-26 09:00:00.000,2010,5,26,9,VRB02KT,12,12
2010-05-26 10:00:00.000,2010,5,26,10,VRB02KT,12,12
2010-05-26 11:00:00.000,2010,5,26,11,VRB02KT,13,13
2010-05-26 13:00:00.000,2010,5,26,13,VRB02KT,15,13
2010-05-26 14:00:00.000,2010,5,26,14,01004KT,16,14
2010-05-26 15:00:00.000,2010,5,26,15,31003KT,17,12
2010-05-26 16:00:00.000,2010,5,26,16,VRB02KT,16,13
2010-05-26 17:00:00.000,2010,5,26,17,23007KT,16,13
2010-05-26 18:00:00.000,2010,5,26,18,32006KT,17,13
2010-05-26 19:00:00.000,2010,5,26,19,33006KT,16,13
2010-05-26 20:00:00.000,2010,5,26,20,27010KT,16,14
2010-05-26 21:00:00.000,2010,5,26,21,26008KT,17,15
2010-05-26 22:00:00.000,2010,5,26,22,28010KT,16,13
2010-05-26 23:00:00.000,2010,5,26,23,28006KT,14,13
2010-05-27 00:00:00.000,2010,5,27,0,24004KT,14,13
2010-05-27 02:00:00.000,2010,5,27,2,VRB02KT,14,13
2010-05-27 03:00:00.000,2010,5,27,3,24004KT,14,13
2010-05-27 04:00:00.000,2010,5,27,4,25008KT,14,13
2010-05-27 05:00:00.000,2010,5,27,5,25004KT,13,12
2010-05-27 06:00:00.000,2010,5,27,6,00000KT,13,13
2010-05-27 07:00:00.000,2010,5,27,7,26006KT,13,12
2010-05-27 08:00:00.000,2010,5,27,8,22004KT,13,12
2010-05-27 10:00:00.000,2010,5,27,10,00000KT,13,12
2010-05-27 11:00:00.000,2010,5,27,11,00000KT,12,12
2010-05-27 12:00:00.000,2010,5,27,12,VRB02KT,13,13
2010-05-27 13:00:00.000,2010,5,27,13,VRB02KT,13,12
2010-05-27 14:00:00.000,2010,5,27,14,VRB02KT,14,12
2010-05-27 15:00:00.000,2010,5,27,15,VRB02KT,15,12
2010-05-27 16:00:00.000,2010,5,27,16,VRB02KT,16,13
2010-05-27 17:00:00.000,2010,5,27,17,27012KT,14,12
2010-05-27 18:00:00.000,2010,5,27,18,25008KT,14,12
2010-05-27 19:00:00.000,2010,5,27,19,23008KT,15,11
2010-05-27 20:00:00.000,2010,5,27,20,24008KT,15,12
2010-05-27 21:00:00.000,2010,5,27,21,27005KT,15,11
2010-05-27 22:00:00.000,2010,5,27,22,20003KT,15,11
2010-05-27 23:00:00.000,2010,5,27,23,31004KT,14,11
2010-05-28 00:00:00.000,2010,5,28,0,31003KT,13,11
2010-05-28 01:00:00.000,2010,5,28,1,32006KT,12,10
2010-05-28 02:00:00.000,2010,5,28,2,VRB02KT,12,10
2010-05-28 03:00:00.000,2010,5,28,3,00000KT,11,11
2010-05-28 04:00:00.000,2010,5,28,4,10003KT,10,10
2010-05-28 05:00:00.000,2010,5,28,5,280500Z,09,09
2010-05-28 06:00:00.000,2010,5,28,6,07003KT,10,10
2010-05-28 07:00:00.000,2010,5,28,7,VRB02KT,09,09
2010-05-28 08:00:00.000,2010,5,28,8,VRB02KT,10,09
2010-05-28 09:00:00.000,2010,5,28,9,33003KT,09,09
2010-05-28 10:00:00.000,2010,5,28,10,VRB02KT,09,09
2010-05-28 11:00:00.000,2010,5,28,11,VRB02KT,08,08
2010-05-28 12:00:00.000,2010,5,28,12,VRB02KT,11,10
2010-05-28 13:00:00.000,2010,5,28,13,06006KT,14,13
2010-05-28 14:00:00.000,2010,5,28,14,03004KT,15,12
2010-05-28 15:00:00.000,2010,5,28,15,VRB02KT,18,12
2010-05-28 16:00:00.000,2010,5,28,16,25007KT,19,13
2010-05-28 17:00:00.000,2010,5,28,17,25012KT,18,13
2010-05-28 18:00:00.000,2010,5,28,18,26014KT,17,13
2010-05-28 19:00:00.000,2010,5,28,19,27012KT,16,12
2010-05-28 20:00:00.000,2010,5,28,20,26010KT,17,12
2010-05-28 21:00:00.000,2010,5,28,21,30008KT,16,12
2010-05-28 22:00:00.000,2010,5,28,22,VRB02KT,15,12
2010-05-28 23:00:00.000,2010,5,28,23,VRB02KT,14,12
2010-05-29 00:00:00.000,2010,5,29,0,04005KT,14,12
2010-05-29 01:00:00.000,2010,5,29,1,03004KT,13,11
2010-05-29 02:00:00.000,2010,5,29,2,06004KT,13,11
2010-05-29 03:00:00.000,2010,5,29,3,01003KT,13,11
2010-05-29 04:00:00.000,2010,5,29,4,VRB02KT,13,12
2010-05-29 05:00:00.000,2010,5,29,5,VRB02KT,13,12
2010-05-29 06:00:00.000,2010,5,29,6,VRB02KT,12,11
2010-05-29 07:00:00.000,2010,5,29,7,VRB02KT,12,11
2010-05-29 08:00:00.000,2010,5,29,8,05003KT,12,11
2010-05-29 09:00:00.000,2010,5,29,9,00000KT,12,11
2010-05-29 10:00:00.000,2010,5,29,10,VRB02KT,12,11
2010-05-29 11:00:00.000,2010,5,29,11,00000KT,12,11
2010-05-29 12:00:00.000,2010,5,29,12,03003KT,11,11
2010-05-29 13:00:00.000,2010,5,29,13,VRB02KT,13,12
2010-05-29 14:00:00.000,2010,5,29,14,04004KT,16,12
2010-05-29 15:00:00.000,2010,5,29,15,03004KT,18,12
2010-05-29 16:00:00.000,2010,5,29,16,20004KT,19,12
2010-05-29 17:00:00.000,2010,5,29,17,30004KT,20,12
2010-05-29 18:00:00.000,2010,5,29,18,21004KT,21,12
2010-05-29 19:00:00.000,2010,5,29,19,33010KT,20,10
2010-05-29 20:00:00.000,2010,5,29,20,31015KT,20,13
2010-05-29 21:00:00.000,2010,5,29,21,31010KT,17,12
2010-05-29 22:00:00.000,2010,5,29,22,31006KT,16,13
2010-05-29 23:00:00.000,2010,5,29,23,31005KT,16,13
2010-05-30 00:00:00.000,2010,5,30,0,30008KT,14,12
2010-05-30 01:00:00.000,2010,5,30,1,28006KT,14,11
2010-05-30 02:00:00.000,2010,5,30,2,VRB02KT,13,11
2010-05-30 03:00:00.000,2010,5,30,3,25005KT,13,12
2010-05-30 04:00:00.000,2010,5,30,4,33004KT,13,12
2010-05-30 05:00:00.000,2010,5,30,5,VRB02KT,13,12
2010-05-30 07:00:00.000,2010,5,30,7,00000KT,12,12
2010-05-30 08:00:00.000,2010,5,30,8,VRB02KT,12,12
2010-05-30 09:00:00.000,2010,5,30,9,VRB02KT,11,11
2010-05-30 10:00:00.000,2010,5,30,10,00000KT,10,10
2010-05-30 11:00:00.000,2010,5,30,11,VRB02KT,10,10
2010-05-30 12:00:00.000,2010,5,30,12,00000KT,12,12
2010-05-30 13:00:00.000,2010,5,30,13,05004KT,15,11
2010-05-30 14:00:00.000,2010,5,30,14,VRB02KT,18,11
2010-05-30 15:00:00.000,2010,5,30,15,04003KT,19,11
2010-05-30 16:00:00.000,2010,5,30,16,27006KT,20,12
2010-05-30 17:00:00.000,2010,5,30,17,28006KT,20,12
2010-05-30 18:00:00.000,2010,5,30,18,28015KT,20,14
2010-05-30 19:00:00.000,2010,5,30,19,29014KT,20,13
2010-05-30 20:00:00.000,2010,5,30,20,26009KT,17,13
2010-05-30 21:00:00.000,2010,5,30,21,28005KT,16,14
2010-05-30 22:00:00.000,2010,5,30,22,30004KT,16,14
2010-05-30 23:00:00.000,2010,5,30,23,31004KT,15,13
2010-05-31 00:00:00.000,2010,5,31,0,05003KT,15,12
2010-05-31 01:00:00.000,2010,5,31,1,35003KT,15,12
2010-05-31 02:00:00.000,2010,5,31,2,18004KT,15,12
2010-05-31 03:00:00.000,2010,5,31,3,20004KT,14,12
2010-05-31 04:00:00.000,2010,5,31,4,28004KT,13,12
2010-05-31 05:00:00.000,2010,5,31,5,33003KT,13,12
2010-05-31 06:00:00.000,2010,5,31,6,VRB02KT,13,12
2010-05-31 07:00:00.000,2010,5,31,7,04003KT,13,12
2010-05-31 08:00:00.000,2010,5,31,8,33004KT,1,12
2010-05-31 09:00:00.000,2010,5,31,9,VRB02KT,12,12
2010-05-31 10:00:00.000,2010,5,31,10,VRB02KT,12,12
2010-05-31 11:00:00.000,2010,5,31,11,06003KT,13,12
2010-05-31 12:00:00.000,2010,5,31,12,VRB02KT,13,12
2010-05-31 13:00:00.000,2010,5,31,13,05004KT,14,12
2010-05-31 14:00:00.000,2010,5,31,14,03004KT,15,12
2010-05-31 15:00:00.000,2010,5,31,15,26004KT,16,12
2010-05-31 16:00:00.000,2010,5,31,16,26004KT,18,12
2010-05-31 17:00:00.000,2010,5,31,17,06008KT,17,13
2010-05-31 18:00:00.000,2010,5,31,18,29006KT,18,13
2010-05-31 19:00:00.000,2010,5,31,19,24012KT,16,13
2010-05-31 20:00:00.000,2010,5,31,20,27012KT,16,14
2010-05-31 21:00:00.000,2010,5,31,21,27004KT,16,13
2010-05-31 22:00:00.000,2010,5,31,22,27006KT,15,13
2010-05-31 23:00:00.000,2010,5,31,23,29006KT,15,13
2010-06-01 00:00:00.000,2010,6,1,0,34003KT,14,13
2010-06-01 01:00:00.000,2010,6,1,1,04005KT,14,12
2010-06-01 02:00:00.000,2010,6,1,2,05005KT,14,12
2010-06-01 03:00:00.000,2010,6,1,3,03004KT,13,11
2010-06-01 04:00:00.000,2010,6,1,4,06003KT,13,11
2010-06-01 05:00:00.000,2010,6,1,5,04003KT,13,11
2010-06-01 06:00:00.000,2010,6,1,6,VRB02KT,13,11
2010-06-01 07:00:00.000,2010,6,1,7,03003KT,12,11
2010-06-01 08:00:00.000,2010,6,1,8,05004KT,12,11
2010-06-01 09:00:00.000,2010,6,1,9,06005KT,12,10
2010-06-01 10:00:00.000,2010,6,1,10,05004KT,11,10
2010-06-01 11:00:00.000,2010,6,1,11,08004KT,12,10
2010-06-01 12:00:00.000,2010,6,1,12,03004KT,13,11
2010-06-01 13:00:00.000,2010,6,1,13,04005KT,15,12
2010-06-01 14:00:00.000,2010,6,1,14,33005KT,17,12
2010-06-01 15:00:00.000,2010,6,1,15,08007KT,19,12
2010-06-01 16:00:00.000,2010,6,1,16,06007KT,19,12
2010-06-01 17:00:00.000,2010,6,1,17,27007KT,19,12
2010-06-01 18:00:00.000,2010,6,1,18,12008KT,20,11
2010-06-01 19:00:00.000,2010,6,1,19,12010KT,20,11
2010-06-01 20:00:00.000,2010,6,1,20,16008KT,20,11
2010-06-01 21:00:00.000,2010,6,1,21,21012KT,19,13
2010-06-01 22:00:00.000,2010,6,1,22,35006KT,18,13
2010-06-01 23:00:00.000,2010,6,1,23,35004KT,16,12
2010-06-02 00:00:00.000,2010,6,2,0,30006KT,15,12
2010-06-02 01:00:00.000,2010,6,2,1,02004KT,14,12
2010-06-02 02:00:00.000,2010,6,2,2,03005KT,14,12
2010-06-02 03:00:00.000,2010,6,2,3,03005KT,13,12
2010-06-02 04:00:00.000,2010,6,2,4,02003KT,13,12
2010-06-02 05:00:00.000,2010,6,2,5,05006KT,13,12
2010-06-02 06:00:00.000,2010,6,2,6,03005KT,12,11
2010-06-02 07:00:00.000,2010,6,2,7,03004KT,12,11
2010-06-02 08:00:00.000,2010,6,2,8,06004KT,12,11
2010-06-02 09:00:00.000,2010,6,2,9,04006KT,12,11
2010-06-02 10:00:00.000,2010,6,2,10,07004KT,12,11
2010-06-02 11:00:00.000,2010,6,2,11,06005KT,12,11
2010-06-02 12:00:00.000,2010,6,2,12,05006KT,14,11
2010-06-02 13:00:00.000,2010,6,2,13,05010KT,17,13
2010-06-02 14:00:00.000,2010,6,2,14,06006KT,18,13
2010-06-02 15:00:00.000,2010,6,2,15,07006KT,18,11
2010-06-02 16:00:00.000,2010,6,2,16,36008KT,19,13
2010-06-02 17:00:00.000,2010,6,2,17,32008KT,17,12
2010-06-02 18:00:00.000,2010,6,2,18,24008KT,17,14
2010-06-02 19:00:00.000,2010,6,2,19,12006KT,18,13
2010-06-02 20:00:00.000,2010,6,2,20,26006KT,19,14
2010-06-02 21:00:00.000,2010,6,2,21,26006KT,19,14
2010-06-02 22:00:00.000,2010,6,2,22,32008KT,16,14
2010-06-02 23:00:00.000,2010,6,2,23,26006KT,16,14
2010-06-03 00:00:00.000,2010,6,3,0,31004KT,14,13
2010-06-03 01:00:00.000,2010,6,3,1,23003KT,15,12
2010-06-03 02:00:00.000,2010,6,3,2,VRB02KT,12,08
2010-06-03 03:00:00.000,2010,6,3,3,09003KT,13,13
2010-06-03 04:00:00.000,2010,6,3,4,VRB02KT,13,11
2010-06-03 05:00:00.000,2010,6,3,5,02003KT,11,10
2010-06-03 06:00:00.000,2010,6,3,6,VRB02KT,11,11
2010-06-03 07:00:00.000,2010,6,3,7,03003KT,11,10
2010-06-03 08:00:00.000,2010,6,3,8,00000KT,11,10
2010-06-03 09:00:00.000,2010,6,3,9,00000KT,10,09
2010-06-03 10:00:00.000,2010,6,3,10,VRB02KT,10,10
2010-06-03 11:00:00.000,2010,6,3,11,VRB02KT,11,11
2010-06-03 12:00:00.000,2010,6,3,12,07006KT,13,11
2010-06-03 13:00:00.000,2010,6,3,13,08006KT,14,12
2010-06-03 17:00:00.000,2010,6,3,17,14010KT,15,12
2010-06-03 19:00:00.000,2010,6,3,19,17005KT,16,10
2010-06-03 20:00:00.000,2010,6,3,20,07007KT,18,10
2010-06-03 21:00:00.000,2010,6,3,21,11012KT,17,10
2010-06-03 22:00:00.000,2010,6,3,22,09007KT,17,09
2010-06-03 23:00:00.000,2010,6,3,23,13010KT,16,09
2010-06-04 00:00:00.000,2010,6,4,0,13006KT,13,08
2010-06-04 01:00:00.000,2010,6,4,1,14004KT,13,09
2010-06-04 02:00:00.000,2010,6,4,2,VRB02KT,12,08
2010-06-04 03:00:00.000,2010,6,4,3,05003KT,11,08
2010-06-04 04:00:00.000,2010,6,4,4,VRB02KT,12,08
2010-06-04 05:00:00.000,2010,6,4,5,VRB02KT,10,08
2010-06-04 06:00:00.000,2010,6,4,6,VRB02KT,10,09
2010-06-04 07:00:00.000,2010,6,4,7,05004KT,11,09
2010-06-04 08:00:00.000,2010,6,4,8,04003KT,10,09
2010-06-04 09:00:00.000,2010,6,4,9,04005KT,11,09
2010-06-04 10:00:00.000,2010,6,4,10,04005KT,11,09
2010-06-04 11:00:00.000,2010,6,4,11,04004KT,11,09
2010-06-04 12:00:00.000,2010,6,4,12,03005KT,12,10
2010-06-04 13:00:00.000,2010,6,4,13,06005KT,15,11
2010-06-04 14:00:00.000,2010,6,4,14,05007KT,16,12
2010-06-04 15:00:00.000,2010,6,4,15,04006KT,17,11
2010-06-04 16:00:00.000,2010,6,4,16,14012KT,18,11
2010-06-04 17:00:00.000,2010,6,4,17,10010KT,19,11
2010-06-04 18:00:00.000,2010,6,4,18,11012KT,19,11
2010-06-04 19:00:00.000,2010,6,4,19,12012KT,19,11
2010-06-04 20:00:00.000,2010,6,4,20,10012KT,19,10
2010-06-04 21:00:00.000,2010,6,4,21,12010KT,19,10
2010-06-04 22:00:00.000,2010,6,4,22,10010KT,18,09
2010-06-04 23:00:00.000,2010,6,4,23,11007KT,17,10
2010-06-05 00:00:00.000,2010,6,5,0,34008KT,14,12
2010-06-05 01:00:00.000,2010,6,5,1,35006KT,12,11
2010-06-05 02:00:00.000,2010,6,5,2,03006KT,13,11
2010-06-05 03:00:00.000,2010,6,5,3,04006KT,13,10
2010-06-05 04:00:00.000,2010,6,5,4,02004KT,13,10
2010-06-05 05:00:00.000,2010,6,5,5,04006KT,12,10
2010-06-05 06:00:00.000,2010,6,5,6,04004KT,12,10
2010-06-05 07:00:00.000,2010,6,5,7,36004KT,11,10
2010-06-05 08:00:00.000,2010,6,5,8,36004KT,11,10
2010-06-05 09:00:00.000,2010,6,5,9,24004KT,11,10
2010-06-05 10:00:00.000,2010,6,5,10,02004KT,10,09
2010-06-05 11:00:00.000,2010,6,5,11,27004KT,10,09
2010-06-05 12:00:00.000,2010,6,5,12,19004KT,15,10
2010-06-05 13:00:00.000,2010,6,5,13,04007KT,15,10
2010-06-05 14:00:00.000,2010,6,5,14,14010KT,17,10
2010-06-05 15:00:00.000,2010,6,5,15,13012KT,18,10
2010-06-05 16:00:00.000,2010,6,5,16,17012KT,18,10
2010-06-05 17:00:00.000,2010,6,5,17,12010KT,18,09
2010-06-05 18:00:00.000,2010,6,5,18,17010KT,18,10
2010-06-05 19:00:00.000,2010,6,5,19,11004KT,18,09
2010-06-05 20:00:00.000,2010,6,5,20,14010KT,20,10
2010-06-05 21:00:00.000,2010,6,5,21,09010KT,20,10
2010-06-05 22:00:00.000,2010,6,5,22,11008KT,19,09
2010-06-05 23:00:00.000,2010,6,5,23,12008KT,17,09
2010-06-06 00:00:00.000,2010,6,6,0,12008KT,16,09
2010-06-06 03:00:00.000,2010,6,6,3,14006KT,14,09
2010-06-06 04:00:00.000,2010,6,6,4,05005KT,14,09
2010-06-06 05:00:00.000,2010,6,6,5,34005KT,13,10
2010-06-06 06:00:00.000,2010,6,6,6,06006KT,11,09
2010-06-06 07:00:00.000,2010,6,6,7,34003KT,11,09
2010-06-06 08:00:00.000,2010,6,6,8,33003KT,11,10
2010-06-06 09:00:00.000,2010,6,6,9,36004KT,11,10
2010-06-06 10:00:00.000,2010,6,6,10,34004KT,11,10
2010-06-06 11:00:00.000,2010,6,6,11,06004KT,12,11
2010-06-06 13:00:00.000,2010,6,6,13,15010KT,12,11
2010-06-06 14:00:00.000,2010,6,6,14,17014KT,13,10
2010-06-06 15:00:00.000,2010,6,6,15,16012KT,14,09
2010-06-06 16:00:00.000,2010,6,6,16,07008KT,17,10
2010-06-06 17:00:00.000,2010,6,6,17,18012KT,19,11
2010-06-06 18:00:00.000,2010,6,6,18,18012KT,19,09
2010-06-06 19:00:00.000,2010,6,6,19,17013KT,20,09
2010-06-06 20:00:00.000,2010,6,6,20,17012KT,19,10
2010-06-06 21:00:00.000,2010,6,6,21,17012KT,19,10
2010-06-06 22:00:00.000,2010,6,6,22,17012KT,17,10
2010-06-06 23:00:00.000,2010,6,6,23,15012KT,16,09
2010-06-07 00:00:00.000,2010,6,7,0,17010KT,14,08
2010-06-07 01:00:00.000,2010,6,7,1,VRB02KT,13,09
2010-06-07 02:00:00.000,2010,6,7,2,VRB02KT,12,10
2010-06-07 03:00:00.000,2010,6,7,3,VRB02KT,11,09
2010-06-07 04:00:00.000,2010,6,7,4,VRB02KT,10,09
2010-06-07 05:00:00.000,2010,6,7,5,10004KT,11,10
2010-06-07 06:00:00.000,2010,6,7,6,14004KT,11,10
2010-06-07 07:00:00.000,2010,6,7,7,VRB02KT,10,09
2010-06-07 08:00:00.000,2010,6,7,8,29004KT,10,09
2010-06-07 09:00:00.000,2010,6,7,9,VRB02KT,09,08
2010-06-07 10:00:00.000,2010,6,7,10,03004KT,10,09
2010-06-07 11:00:00.000,2010,6,7,11,VRB02KT,10,09
2010-06-07 12:00:00.000,2010,6,7,12,03004KT,12,09
2010-06-07 13:00:00.000,2010,6,7,13,02004KT,14,10
2010-06-07 14:00:00.000,2010,6,7,14,04008KT,15,11
2010-06-07 15:00:00.000,2010,6,7,15,20006KT,17,10
2010-06-07 16:00:00.000,2010,6,7,16,16006KT,19,10
2010-06-07 17:00:00.000,2010,6,7,17,18012KT,19,09
2010-06-07 18:00:00.000,2010,6,7,18,12014KT,19,09
2010-06-07 19:00:00.000,2010,6,7,19,14012KT,19,09
2010-06-07 20:00:00.000,2010,6,7,20,15014KT,19,07
2010-06-07 21:00:00.000,2010,6,7,21,16012KT,19,08
2010-06-07 22:00:00.000,2010,6,7,22,17012KT,18,08
2010-06-07 23:00:00.000,2010,6,7,23,17012KT,17,07
2010-06-08 00:00:00.000,2010,6,8,0,29005KT,14,10
2010-06-08 01:00:00.000,2010,6,8,1,36003KT,13,10
2010-06-08 02:00:00.000,2010,6,8,2,35003KT,12,09
2010-06-08 03:00:00.000,2010,6,8,3,VRB02KT,12,09
2010-06-08 04:00:00.000,2010,6,8,4,06005KT,09,08
2010-06-08 05:00:00.000,2010,6,8,5,VRB02KT,10,08
2010-06-08 06:00:00.000,2010,6,8,6,34004KT,08,08
2010-06-08 07:00:00.000,2010,6,8,7,VRB02KT,08,08
2010-06-08 08:00:00.000,2010,6,8,8,28004KT,09,08
2010-06-08 09:00:00.000,2010,6,8,9,32003KT,08,08
2010-06-08 10:00:00.000,2010,6,8,10,VRB02KT,09,08
2010-06-08 11:00:00.000,2010,6,8,11,VRB02KT,08,08
2010-06-08 12:00:00.000,2010,6,8,12,00000KT,09,09
2010-06-08 13:00:00.000,2010,6,8,13,VRB02KT,12,10
2010-06-08 14:00:00.000,2010,6,8,14,33004KT,14,11
2010-06-08 15:00:00.000,2010,6,8,15,VRB02KT,16,11
2010-06-08 16:00:00.000,2010,6,8,16,32004KT,17,10
2010-06-08 17:00:00.000,2010,6,8,17,30004KT,17,10
2010-06-08 18:00:00.000,2010,6,8,18,21010KT,18,12
2010-06-08 19:00:00.000,2010,6,8,19,22006KT,18,11
2010-06-08 20:00:00.000,2010,6,8,20,22006KT,18,11
2010-06-08 21:00:00.000,2010,6,8,21,12012KT,19,10
2010-06-08 22:00:00.000,2010,6,8,22,11012KT,17,10
2010-06-08 23:00:00.000,2010,6,8,23,12014KT,16,09
2010-06-09 00:00:00.000,2010,6,9,0,10010KT,15,11
2010-06-09 01:00:00.000,2010,6,9,1,14008KT,14,12
2010-06-09 02:00:00.000,2010,6,9,2,16006KT,14,10
2010-06-09 03:00:00.000,2010,6,9,3,06008KT,14,12
2010-06-09 04:00:00.000,2010,6,9,4,33004KT,14,12
2010-06-09 05:00:00.000,2010,6,9,5,34004KT,13,12
2010-06-09 06:00:00.000,2010,6,9,6,27003KT,13,12
2010-06-09 07:00:00.000,2010,6,9,7,VRB02KT,13,12
2010-06-09 09:00:00.000,2010,6,9,9,01003KT,11,10
2010-06-09 10:00:00.000,2010,6,9,10,VRB02KT,11,10
2010-06-09 11:00:00.000,2010,6,9,11,07004KT,11,10
2010-06-09 12:00:00.000,2010,6,9,12,33006KT,11,10
2010-06-09 13:00:00.000,2010,6,9,13,VRB02KT,13,10
2010-06-09 14:00:00.000,2010,6,9,14,06004KT,15,10
2010-06-09 15:00:00.000,2010,6,9,15,18007KT,16,10
2010-06-09 16:00:00.000,2010,6,9,16,16008KT,17,10
2010-06-09 17:00:00.000,2010,6,9,17,17012KT,18,10
2010-06-09 18:00:00.000,2010,6,9,18,17015KT,18,09
2010-06-09 19:00:00.000,2010,6,9,19,15013KT,18,09
2010-06-09 21:00:00.000,2010,6,9,21,25012KT,18,12
2010-06-09 22:00:00.000,2010,6,9,22,25010KT,16,12
2010-06-09 23:00:00.000,2010,6,9,23,16010KT,14,12
2010-06-10 00:00:00.000,2010,6,10,0,30004KT,13,11
2010-06-10 03:00:00.000,2010,6,10,3,02004KT,13,10
2010-06-10 04:00:00.000,2010,6,10,4,03004KT,12,10
2010-06-10 05:00:00.000,2010,6,10,5,VRB02KT,12,10
2010-06-10 06:00:00.000,2010,6,10,6,00000KT,11,10
2010-06-10 07:00:00.000,2010,6,10,7,VRB02KT,11,10
2010-06-10 09:00:00.000,2010,6,10,9,000000KT,11,10
2010-06-10 10:00:00.000,2010,6,10,10,02004KT,11,10
2010-06-10 11:00:00.000,2010,6,10,11,03004KT,11,10
2010-06-10 12:00:00.000,2010,6,10,12,04005KT,13,11
2010-06-10 13:00:00.000,2010,6,10,13,06006KT,15,11
2010-06-10 14:00:00.000,2010,6,10,14,06005KT,13,11
2010-06-10 15:00:00.000,2010,6,10,15,15008KT,16,10
2010-06-10 16:00:00.000,2010,6,10,16,16015KT,17,10
2010-06-10 17:00:00.000,2010,6,10,17,22008KT,18,12
2010-06-10 18:00:00.000,2010,6,10,18,22008KT,18,12
2010-06-10 19:00:00.000,2010,6,10,19,20010KT,17,12
2010-06-10 20:00:00.000,2010,6,10,20,22005KT,18,11
2010-06-10 22:00:00.000,2010,6,10,22,24006KT,17,10
2010-06-11 00:00:00.000,2010,6,11,0,34003KT,14,12
2010-06-11 01:00:00.000,2010,6,11,1,33004KT,13,10
2010-06-11 02:00:00.000,2010,6,11,2,31004KT,12,10
2010-06-11 03:00:00.000,2010,6,11,3,VRB02KT,11,10
2010-06-11 04:00:00.000,2010,6,11,4,02004KT,11,09
2010-06-11 05:00:00.000,2010,6,11,5,VRB02KT,11,09
2010-06-11 07:00:00.000,2010,6,11,7,VRB02KT,09,08
2010-06-11 08:00:00.000,2010,6,11,8,VRB02KT,09,08
2010-06-11 09:00:00.000,2010,6,11,9,VRB02KT,09,08
2010-06-11 11:00:00.000,2010,6,11,11,VRB02KT,10,09
2010-06-11 12:00:00.000,2010,6,11,12,01004KT,11,09
2010-06-11 13:00:00.000,2010,6,11,13,02004KT,12,10
2010-06-11 14:00:00.000,2010,6,11,14,03006KT,13,10
2010-06-11 15:00:00.000,2010,6,11,15,02006KT,14,10
2010-06-11 16:00:00.000,2010,6,11,16,14004KT,18,11
2010-06-11 17:00:00.000,2010,6,11,17,03004KT,20,10
2010-06-11 18:00:00.000,2010,6,11,18,23008KT,20,14
2010-06-11 19:00:00.000,2010,6,11,19,25016KT,20,15
2010-06-11 20:00:00.000,2010,6,11,20,26012KT,16,13
2010-06-11 21:00:00.000,2010,6,11,21,28010KT,17,13
2010-06-11 22:00:00.000,2010,6,11,22,28006KT,17,13
2010-06-11 23:00:00.000,2010,6,11,23,23006KT,15,12
2010-06-12 00:00:00.000,2010,6,12,0,22004KT,14,12
2010-06-12 01:00:00.000,2010,6,12,1,VRB02KT,11,11
2010-06-12 02:00:00.000,2010,6,12,2,22004KT,12,12
2010-06-12 03:00:00.000,2010,6,12,3,00000KT,11,11
2010-06-12 04:00:00.000,2010,6,12,4,27004KT,11,11
2010-06-12 05:00:00.000,2010,6,12,5,00000KT,09,08
2010-06-12 07:00:00.000,2010,6,12,7,28003KT,08,08
2010-06-12 08:00:00.000,2010,6,12,8,24003KT,07,07
2010-06-12 09:00:00.000,2010,6,12,9,VRB02KT,08,08
2010-06-12 10:00:00.000,2010,6,12,10,VRB02KT,07,07
2010-06-12 11:00:00.000,2010,6,12,11,VRB02KT,05,05
2010-06-12 12:00:00.000,2010,6,12,12,03004KT,11,10
2010-06-12 13:00:00.000,2010,6,12,13,06004KT,15,11
2010-06-12 14:00:00.000,2010,6,12,14,07008KT,17,11
2010-06-12 15:00:00.000,2010,6,12,15,15012KT,18,10
2010-06-12 16:00:00.000,2010,6,12,16,16012KT,19,11
2010-06-12 17:00:00.000,2010,6,12,17,17014KT,20,12
2010-06-12 18:00:00.000,2010,6,12,18,23014KT,18,13
2010-06-12 19:00:00.000,2010,6,12,19,14012KT,18,13
2010-06-12 20:00:00.000,2010,6,12,20,22007KT,18,12
2010-06-12 21:00:00.000,2010,6,12,21,24010KT,17,13
2010-06-12 22:00:00.000,2010,6,12,22,24010KT,15,13
2010-06-12 23:00:00.000,2010,6,12,23,26006KT,15,11
2010-06-13 00:00:00.000,2010,6,13,0,36004KT,13,11
2010-06-13 01:00:00.000,2010,6,13,1,32004KT,12,10
2010-06-13 02:00:00.000,2010,6,13,2,04004KT,12,10
2010-06-13 03:00:00.000,2010,6,13,3,VRB02KT,11,10
2010-06-13 04:00:00.000,2010,6,13,4,VRB02KT,10,09
2010-06-13 05:00:00.000,2010,6,13,5,VRB02KT,10,09
2010-06-13 06:00:00.000,2010,6,13,6,26004KT,10,09
2010-06-13 07:00:00.000,2010,6,13,7,VRB02KT,10,10
2010-06-13 08:00:00.000,2010,6,13,8,VRB02KT,10,10
2010-06-13 09:00:00.000,2010,6,13,9,00000KT,10,10
2010-06-13 10:00:00.000,2010,6,13,10,VRB02KT,09,09
2010-06-13 11:00:00.000,2010,6,13,11,VRB02KT,10,10
2010-06-13 12:00:00.000,2010,6,13,12,VRB02KT,12,11
2010-06-13 13:00:00.000,2010,6,13,13,VRB02KT,15,11
2010-06-13 14:00:00.000,2010,6,13,14,VRB02KT,15,11
2010-06-13 15:00:00.000,2010,6,13,15,12006KT,18,11
2010-06-13 16:00:00.000,2010,6,13,16,16010KT,19,08
2010-06-13 17:00:00.000,2010,6,13,17,16006KT,19,09
2010-06-13 18:00:00.000,2010,6,13,18,13006KT,20,09
2010-06-13 19:00:00.000,2010,6,13,19,33008KT,17,12
2010-06-13 20:00:00.000,2010,6,13,20,34012KT,17,13
2010-06-13 21:00:00.000,2010,6,13,21,30012KT,17,12
2010-06-13 22:00:00.000,2010,6,13,22,30008KT,17,11
2010-06-13 23:00:00.000,2010,6,13,23,28014KT,16,11
2010-06-14 00:00:00.000,2010,6,14,0,02003KT,14,12
2010-06-14 01:00:00.000,2010,6,14,1,02003KT,12,11
2010-06-14 02:00:00.000,2010,6,14,2,32005KT,12,11
2010-06-14 03:00:00.000,2010,6,14,3,32003KT,11,10
2010-06-14 04:00:00.000,2010,6,14,4,28003KT,11,10
2010-06-14 05:00:00.000,2010,6,14,5,27003KT,11,10
2010-06-14 06:00:00.000,2010,6,14,6,VRB02KT,11,10
2010-06-14 07:00:00.000,2010,6,14,7,VRB02KT,09,08
2010-06-14 08:00:00.000,2010,6,14,8,VRB02KT,10,09
2010-06-14 09:00:00.000,2010,6,14,9,VRB02KT,10,09
2010-06-14 10:00:00.000,2010,6,14,10,04003KT,10,09
2010-06-14 11:00:00.000,2010,6,14,11,33003KT,09,08
2010-06-14 12:00:00.000,2010,6,14,12,06002KT,10,10
2010-06-14 13:00:00.000,2010,6,14,13,06006KT,12,12
2010-06-14 14:00:00.000,2010,6,14,14,02004KT,15,12
2010-06-14 15:00:00.000,2010,6,14,15,02004KT,18,13
2010-06-14 16:00:00.000,2010,6,14,16,30006KT,19,12
2010-06-14 17:00:00.000,2010,6,14,17,31004KT,18,11
2010-06-14 18:00:00.000,2010,6,14,18,31008KT,18,13
2010-06-14 19:00:00.000,2010,6,14,19,27012KT,16,14
2010-06-14 20:00:00.000,2010,6,14,20,28010KT,15,13
2010-06-14 21:00:00.000,2010,6,14,21,28010KT,15,13
2010-06-14 22:00:00.000,2010,6,14,22,30004KT,14,13
2010-06-14 23:00:00.000,2010,6,14,23,31004KT,13,13
2010-06-15 00:00:00.000,2010,6,15,0,VRB02KT,12,12
2010-06-15 01:00:00.000,2010,6,15,1,VRB02KT,12,11
2010-06-15 02:00:00.000,2010,6,15,2,VRB02KT,12,11
2010-06-15 03:00:00.000,2010,6,15,3,VRB02KT,12,12
2010-06-15 04:00:00.000,2010,6,15,4,VRB02KT,12,12
2010-06-15 05:00:00.000,2010,6,15,5,04004KT,12,11
2010-06-15 06:00:00.000,2010,6,15,6,05004KT,12,11
2010-06-15 07:00:00.000,2010,6,15,7,VRB02KT,11,10
2010-06-15 08:00:00.000,2010,6,15,8,VRB02KT,11,10
2010-06-15 09:00:00.000,2010,6,15,9,VRB02KT,11,10
2010-06-15 10:00:00.000,2010,6,15,10,05007KT,11,10
2010-06-15 11:00:00.000,2010,6,15,11,03006KT,10,09
2010-06-15 12:00:00.000,2010,6,15,12,02004KT,12,10
2010-06-15 13:00:00.000,2010,6,15,13,32004KT,13,11
2010-06-15 14:00:00.000,2010,6,15,14,04004KT,16,11
2010-06-15 15:00:00.000,2010,6,15,15,33004KT,17,11
2010-06-15 16:00:00.000,2010,6,15,16,04004KT,17,11
2010-06-15 17:00:00.000,2010,6,15,17,01004KT,18,11
2010-06-15 18:00:00.000,2010,6,15,18,29012KT,17,13
2010-06-15 19:00:00.000,2010,6,15,19,27010KT,16,12
2010-06-15 20:00:00.000,2010,6,15,20,30006KT,13,12
2010-06-15 21:00:00.000,2010,6,15,21,27010KT,14,13
2010-06-15 22:00:00.000,2010,6,15,22,27008KT,15,12
2010-06-15 23:00:00.000,2010,6,15,23,27006KT,15,12
2010-06-16 00:00:00.000,2010,6,16,0,10003KT,14,12
2010-06-16 01:00:00.000,2010,6,16,1,30006KT,14,11
2010-06-16 02:00:00.000,2010,6,16,2,32003KT,14,11
2010-06-16 03:00:00.000,2010,6,16,3,VRB02KT,13,11
2010-06-16 04:00:00.000,2010,6,16,4,VRB02KT,13,11
2010-06-16 05:00:00.000,2010,6,16,5,VRB02KT,14,12
2010-06-16 06:00:00.000,2010,6,16,6,VRB02KT,14,12
2010-06-16 07:00:00.000,2010,6,16,7,25003KT,13,11
2010-06-16 09:00:00.000,2010,6,16,9,VRB02KT,13,11
2010-06-16 10:00:00.000,2010,6,16,10,00000KT,12,11
2010-06-16 11:00:00.000,2010,6,16,11,VRB02KT,13,12
2010-06-16 12:00:00.000,2010,6,16,12,VRB02KT,12,11
2010-06-16 13:00:00.000,2010,6,16,13,03003KT,14,12
2010-06-16 14:00:00.000,2010,6,16,14,12008KT,17,12
2010-06-16 20:00:00.000,2010,6,16,20,25008KT,17,14
2010-06-16 21:00:00.000,2010,6,16,21,27006KT,13,12
2010-06-16 22:00:00.000,2010,6,16,22,VRB02KT,14,13
2010-06-16 23:00:00.000,2010,6,16,23,VRB02KT,14,13
2010-06-17 00:00:00.000,2010,6,17,0,07004KT,13,12
2010-06-17 01:00:00.000,2010,6,17,1,05006KT,14,11
2010-06-17 02:00:00.000,2010,6,17,2,06006KT,13,10
2010-06-17 03:00:00.000,2010,6,17,3,02004KT,13,10
2010-06-17 04:00:00.000,2010,6,17,4,01004KT,12,10
2010-06-17 05:00:00.000,2010,6,17,5,03004KT,12,11
2010-06-17 06:00:00.000,2010,6,17,6,00000KT,11,11
2010-06-17 08:00:00.000,2010,6,17,8,20006KT,10,10
2010-06-17 09:00:00.000,2010,6,17,9,06004KT,09,09
2010-06-17 10:00:00.000,2010,6,17,10,02004KT,09,09
2010-06-17 11:00:00.000,2010,6,17,11,01004KT,07,07
2010-06-17 12:00:00.000,2010,6,17,12,05004KT,11,10
2010-06-17 13:00:00.000,2010,6,17,13,07004KT,13,11
2010-06-17 14:00:00.000,2010,6,17,14,02004KT,15,11
2010-06-17 15:00:00.000,2010,6,17,15,30004KT,17,11
2010-06-17 16:00:00.000,2010,6,17,16,26004KT,18,11
2010-06-17 17:00:00.000,2010,6,17,17,10004KT,20,12
2010-06-17 18:00:00.000,2010,6,17,18,15008KT,20,11
2010-06-17 19:00:00.000,2010,6,17,19,16010KT,20,11
2010-06-17 20:00:00.000,2010,6,17,20,16010KT,20,11
2010-06-17 21:00:00.000,2010,6,17,21,03006KT,18,12
2010-06-17 22:00:00.000,2010,6,17,22,30006KT,16,13
2010-06-17 23:00:00.000,2010,6,17,23,32006KT,15,12
2010-06-18 00:00:00.000,2010,6,18,0,32004KT,14,10
2010-06-18 01:00:00.000,2010,6,18,1,VRB02KT,14,10
2010-06-18 02:00:00.000,2010,6,18,2,VRB02KT,14,10
2010-06-18 03:00:00.000,2010,6,18,3,VRB02KT,13,10
2010-06-18 04:00:00.000,2010,6,18,4,07003KT,13,10
2010-06-18 05:00:00.000,2010,6,18,5,06004KT,12,10
2010-06-18 06:00:00.000,2010,6,18,6,05003KT,13,10
2010-06-18 07:00:00.000,2010,6,18,7,32003KT,12,10
2010-06-18 08:00:00.000,2010,6,18,8,VRB02KT,12,10
2010-06-18 09:00:00.000,2010,6,18,9,VRB02KT,11,10
2010-06-18 10:00:00.000,2010,6,18,10,01003KT,12,10
2010-06-18 11:00:00.000,2010,6,18,11,VRB02KT,11,10
2010-06-18 12:00:00.000,2010,6,18,12,VRB02KT,13,11
2010-06-18 13:00:00.000,2010,6,18,13,07007KT,15,11
2010-06-18 14:00:00.000,2010,6,18,14,03007KT,15,12
2010-06-18 15:00:00.000,2010,6,18,15,VRB02KT,17,11
2010-06-18 16:00:00.000,2010,6,18,16,05006KT,18,11
2010-06-18 17:00:00.000,2010,6,18,17,06008KT,18,11
2010-06-18 18:00:00.000,2010,6,18,18,03005KT,19,11
2010-06-18 19:00:00.000,2010,6,18,19,02008KT,19,11
2010-06-18 20:00:00.000,2010,6,18,20,06010KT,18,10
2010-06-18 21:00:00.000,2010,6,18,21,31005KT,19,13
2010-06-18 22:00:00.000,2010,6,18,22,19006KT,18,13
2010-06-18 23:00:00.000,2010,6,18,23,24005KT,16,13
2010-06-19 00:00:00.000,2010,6,19,0,11010KT,14,11
2010-06-19 01:00:00.000,2010,6,19,1,01006KT,13,10
2010-06-19 02:00:00.000,2010,6,19,2,28004KT,12,11
2010-06-19 03:00:00.000,2010,6,19,3,VRB02KT,12,11
2010-06-19 04:00:00.000,2010,6,19,4,VRB02KT,12,11
2010-06-19 05:00:00.000,2010,6,19,5,03004KT,12,10
2010-06-19 06:00:00.000,2010,6,19,6,06004KT,12,10
2010-06-19 07:00:00.000,2010,6,19,7,05006KT,12,09
2010-06-19 08:00:00.000,2010,6,19,8,05004KT,10,09
2010-06-19 09:00:00.000,2010,6,19,9,01004KT,09,09
2010-06-19 10:00:00.000,2010,6,19,10,32004KT,09,09
2010-06-19 11:00:00.000,2010,6,19,11,32004KT,08,08
2010-06-19 12:00:00.000,2010,6,19,12,04003KT,12,09
2010-06-19 13:00:00.000,2010,6,19,13,06006KT,14,11
2010-06-19 14:00:00.000,2010,6,19,14,04006KT,17,10
2010-06-19 15:00:00.000,2010,6,19,15,03006KT,18,11
2010-06-19 16:00:00.000,2010,6,19,16,15008KT,19,11
2010-06-19 17:00:00.000,2010,6,19,17,10008KT,20,10
2010-06-19 18:00:00.000,2010,6,19,18,09010KT,19,10
2010-06-19 19:00:00.000,2010,6,19,19,09004KT,20,11
2010-06-19 20:00:00.000,2010,6,19,20,05008KT,20,09
2010-06-19 21:00:00.000,2010,6,19,21,27010KT,18,13
2010-06-19 22:00:00.000,2010,6,19,22,29010KT,18,13
2010-06-19 23:00:00.000,2010,6,19,23,26008KT,15,13
2010-06-20 00:00:00.000,2010,6,20,0,00000KT,13,12
2010-06-20 01:00:00.000,2010,6,20,1,26006KT,14,12
2010-06-20 02:00:00.000,2010,6,20,2,21005KT,14,13
2010-06-20 03:00:00.000,2010,6,20,3,26005KT,14,13
2010-06-20 04:00:00.000,2010,6,20,4,VRB02KT,14,13
2010-06-20 05:00:00.000,2010,6,20,5,29003KT,13,12
2010-06-20 06:00:00.000,2010,6,20,6,VRB02KT,13,12
2010-06-20 07:00:00.000,2010,6,20,7,33005KT,12,11
2010-06-20 08:00:00.000,2010,6,20,8,33004KT,12,11
2010-06-20 09:00:00.000,2010,6,20,9,30004KT,12,11
2010-06-20 10:00:00.000,2010,6,20,10,32003KT,12,12
2010-06-20 11:00:00.000,2010,6,20,11,VRB02KT,12,12
2010-06-20 12:00:00.000,2010,6,20,12,28003KT,12,11
2010-06-20 13:00:00.000,2010,6,20,13,26003KT,13,12
2010-06-20 14:00:00.000,2010,6,20,14,24005KT,13,12
2010-06-20 15:00:00.000,2010,6,20,15,26008KT,13,12
2010-06-20 16:00:00.000,2010,6,20,16,28009KT,13,12
2010-06-20 17:00:00.000,2010,6,20,17,27008KT,13,12
2010-06-20 18:00:00.000,2010,6,20,18,32004KT,12,11
2010-06-20 19:00:00.000,2010,6,20,19,28004KT,11,11
2010-06-20 20:00:00.000,2010,6,20,20,21004KT,11,11
2010-06-20 21:00:00.000,2010,6,20,21,13004KT,11,10
2010-06-20 22:00:00.000,2010,6,20,22,15006KT,12,11
2010-06-20 23:00:00.000,2010,6,20,23,15006KT,12,11
2010-06-21 00:00:00.000,2010,6,21,0,14004KT,11,10
2010-06-21 01:00:00.000,2010,6,21,1,VRB02KT,11,10
2010-06-21 02:00:00.000,2010,6,21,2,17004KT,11,10
2010-06-21 03:00:00.000,2010,6,21,3,15005KT,11,10
2010-06-21 04:00:00.000,2010,6,21,4,VRB02KT,11,10
2010-06-21 05:00:00.000,2010,6,21,5,VRB02KT,10,10
2010-06-21 06:00:00.000,2010,6,21,6,VRB02KT,10,10
2010-06-21 07:00:00.000,2010,6,21,7,00000KT,10,10
2010-06-21 08:00:00.000,2010,6,21,8,00000KT,10,10
2010-06-21 09:00:00.000,2010,6,21,9,VRB02KT,10,10
2010-06-21 10:00:00.000,2010,6,21,10,04004KT,10,10
2010-06-21 11:00:00.000,2010,6,21,11,05004KT,11,10
2010-06-21 12:00:00.000,2010,6,21,12,00000KT,11,10
2010-06-21 13:00:00.000,2010,6,21,13,00000KT,12,11
2010-06-21 14:00:00.000,2010,6,21,14,02004KT,15,12
2010-06-21 15:00:00.000,2010,6,21,15,29004KT,17,11
2010-06-21 16:00:00.000,2010,6,21,16,34004KT,19,11
2010-06-21 17:00:00.000,2010,6,21,17,22006KT,16,13
2010-06-21 18:00:00.000,2010,6,21,18,23008KT,15,12
2010-06-21 19:00:00.000,2010,6,21,19,26008KT,15,12
2010-06-21 20:00:00.000,2010,6,21,20,30008KT,16,12
2010-06-21 21:00:00.000,2010,6,21,21,21006KT,16,13
2010-06-21 22:00:00.000,2010,6,21,22,27006KT,15,12
2010-06-21 23:00:00.000,2010,6,21,23,22004KT,15,11
2010-06-22 00:00:00.000,2010,6,22,0,00000KT,13,12
2010-06-22 01:00:00.000,2010,6,22,1,VRB02KT,13,12
2010-06-22 02:00:00.000,2010,6,22,2,26005KT,13,12
2010-06-22 03:00:00.000,2010,6,22,3,34003KT,13,12
2010-06-22 04:00:00.000,2010,6,22,4,27004KT,12,11
2010-06-22 05:00:00.000,2010,6,22,5,VRB02KT,12,12
2010-06-22 06:00:00.000,2010,6,22,6,33004KT,11,11
2010-06-22 07:00:00.000,2010,6,22,7,VRB02KT,12,10
2010-06-22 08:00:00.000,2010,6,22,8,00000KT,11,11
2010-06-22 09:00:00.000,2010,6,22,9,00000KT,11,10
2010-06-22 10:00:00.000,2010,6,22,10,33003KT,10,10
2010-06-22 12:00:00.000,2010,6,22,12,23004KT,11,11
2010-06-22 13:00:00.000,2010,6,22,13,30004KT,13,12
2010-06-22 14:00:00.000,2010,6,22,14,34004KT,15,12
2010-06-22 15:00:00.000,2010,6,22,15,24012KT,16,12
2010-06-22 16:00:00.000,2010,6,22,16,29010KT,15,11
2010-06-22 17:00:00.000,2010,6,22,17,02004KT,15,11
2010-06-22 18:00:00.000,2010,6,22,18,25010KT,14,13
2010-06-22 19:00:00.000,2010,6,22,19,28004KT,17,10
2010-06-22 20:00:00.000,2010,6,22,20,33003KT,18,11
2010-06-22 21:00:00.000,2010,6,22,21,VRB02KT,17,11
2010-06-22 22:00:00.000,2010,6,22,22,VRB02KT,17,12
2010-06-22 23:00:00.000,2010,6,22,23,25007KT,15,13
2010-06-23 00:00:00.000,2010,6,23,0,26005KT,14,12
2010-06-23 01:00:00.000,2010,6,23,1,VRB02KT,13,12
2010-06-23 02:00:00.000,2010,6,23,2,32003KT,12,11
2010-06-23 03:00:00.000,2010,6,23,3,08003KT,12,11
2010-06-23 04:00:00.000,2010,6,23,4,26003KT,12,11
2010-06-23 05:00:00.000,2010,6,23,5,05003KT,11,10
2010-06-23 06:00:00.000,2010,6,23,6,VRB02KT,12,11
2010-06-23 07:00:00.000,2010,6,23,7,31003KT,10,09
2010-06-23 08:00:00.000,2010,6,23,8,32003KT,10,10
2010-06-23 09:00:00.000,2010,6,23,9,VRB02KT,10,09
2010-06-23 10:00:00.000,2010,6,23,10,VRB02KT,09,08
2010-06-23 11:00:00.000,2010,6,23,11,06003KT,09,09
2010-06-23 12:00:00.000,2010,6,23,12,VRB02KT,11,10
2010-06-23 13:00:00.000,2010,6,23,13,36005KT,15,12
2010-06-23 14:00:00.000,2010,6,23,14,10004KT,17,11
2010-06-23 15:00:00.000,2010,6,23,15,17014KT,19,10
2010-06-23 16:00:00.000,2010,6,23,16,16012KT,19,10
2010-06-23 17:00:00.000,2010,6,23,17,24012KT,18,14
2010-06-23 18:00:00.000,2010,6,23,18,13010KT,19,10
2010-06-23 19:00:00.000,2010,6,23,19,12010KT,20,10
2010-06-23 20:00:00.000,2010,6,23,20,26010KT,19,13
2010-06-23 21:00:00.000,2010,6,23,21,29016KT,18,12
2010-06-23 22:00:00.000,2010,6,23,22,29008KT,18,13
2010-06-23 23:00:00.000,2010,6,23,23,31006KT,16,11
2010-06-24 00:00:00.000,2010,6,24,0,30005KT,15,12
2010-06-24 01:00:00.000,2010,6,24,1,06004KT,15,12
2010-06-24 02:00:00.000,2010,6,24,2,02004KT,14,11
2010-06-24 03:00:00.000,2010,6,24,3,04004KT,14,11
2010-06-24 04:00:00.000,2010,6,24,4,02003KT,14,11
2010-06-24 05:00:00.000,2010,6,24,5,36003KT,14,12
2010-06-24 06:00:00.000,2010,6,24,6,VRB02KT,13,11
2010-06-24 07:00:00.000,2010,6,24,7,05003KT,13,11
2010-06-24 08:00:00.000,2010,6,24,8,07003KT,12,11
2010-06-24 09:00:00.000,2010,6,24,9,3203KT,12,11
2010-06-24 10:00:00.000,2010,6,24,10,25003KT,12,11
2010-06-24 11:00:00.000,2010,6,24,11,VRB02KT,12,11
2010-06-24 12:00:00.000,2010,6,24,12,VRB02KT,13,11
2010-06-24 13:00:00.000,2010,6,24,13,VRB02KT,15,13
2010-06-24 14:00:00.000,2010,6,24,14,28004KT,15,12
2010-06-24 15:00:00.000,2010,6,24,15,32003KT,16,12
2010-06-24 16:00:00.000,2010,6,24,16,08003KT,18,11
2010-06-24 17:00:00.000,2010,6,24,17,08006KT,19,10
2010-06-24 18:00:00.000,2010,6,24,18,35006KT,21,11
2010-06-24 19:00:00.000,2010,6,24,19,28010KT,18,14
2010-06-24 20:00:00.000,2010,6,24,20,30008KT,17,14
2010-06-24 21:00:00.000,2010,6,24,21,28008KT,18,13
2010-06-24 22:00:00.000,2010,6,24,22,30006KT,18,14
2010-06-24 23:00:00.000,2010,6,24,23,25006KT,17,13
2010-06-25 00:00:00.000,2010,6,25,0,00000KT,16,13
2010-06-25 01:00:00.000,2010,6,25,1,00000KT,14,13
2010-06-25 02:00:00.000,2010,6,25,2,VRB02KT,14,12
2010-06-25 03:00:00.000,2010,6,25,3,VRB02KT,13,11
2010-06-25 06:00:00.000,2010,6,25,6,01004KT,12,10
2010-06-25 10:00:00.000,2010,6,25,10,19004KT,11,10
2010-06-25 11:00:00.000,2010,6,25,11,04004KT,11,10
2010-06-25 12:00:00.000,2010,6,25,12,08003KT,12,11
2010-06-25 13:00:00.000,2010,6,25,13,05006KT,13,12
2010-06-25 14:00:00.000,2010,6,25,14,04005KT,14,12
2010-06-25 15:00:00.000,2010,6,25,15,09005KT,16,11
2010-06-25 16:00:00.000,2010,6,25,16,00000KT,17,11
2010-06-25 17:00:00.000,2010,6,25,17,08006KT,18,11
2010-06-25 18:00:00.000,2010,6,25,18,05005KT,18,11
2010-06-25 19:00:00.000,2010,6,25,19,23009KT,16,14
2010-06-25 20:00:00.000,2010,6,25,20,21004KT,17,13
2010-06-25 21:00:00.000,2010,6,25,21,13004KT,16,13
2010-06-25 22:00:00.000,2010,6,25,22,32004KT,17,13
2010-06-25 23:00:00.000,2010,6,25,23,22003KT,16,13
2010-06-26 01:00:00.000,2010,6,26,1,33004KT,14,10
2010-06-26 10:00:00.000,2010,6,26,10,04004KT,12,10
2010-06-26 12:00:00.000,2010,6,26,12,07008KT,13,11
2010-06-26 13:00:00.000,2010,6,26,13,12007KT,16,10
2010-06-26 14:00:00.000,2010,6,26,14,VRB02KT,16,11
2010-06-26 15:00:00.000,2010,6,26,15,16008KT,17,12
2010-06-26 16:00:00.000,2010,6,26,16,16010KT,18,11
2010-06-26 17:00:00.000,2010,6,26,17,12012KT,18,11
2010-06-26 18:00:00.000,2010,6,26,18,13010KT,18,13
2010-06-26 19:00:00.000,2010,6,26,19,12010KT,20,11
2010-06-26 20:00:00.000,2010,6,26,20,16008KT,19,10
2010-06-26 21:00:00.000,2010,6,26,21,11010KT,19,09
2010-06-26 22:00:00.000,2010,6,26,22,12008KT,18,09
2010-06-26 23:00:00.000,2010,6,26,23,18010KT,17,08
2010-06-27 00:00:00.000,2010,6,27,0,16010KT,17,10
2010-06-27 01:00:00.000,2010,6,27,1,16010KT,16,10
2010-06-27 02:00:00.000,2010,6,27,2,09004KT,15,11
2010-06-27 03:00:00.000,2010,6,27,3,34004KT,14,11
2010-06-27 04:00:00.000,2010,6,27,4,14003KT,14,11
2010-06-27 05:00:00.000,2010,6,27,5,VRB02KT,14,10
2010-06-27 06:00:00.000,2010,6,27,6,15004KT,14,10
2010-06-27 07:00:00.000,2010,6,27,7,16006KT,14,10
2010-06-27 09:00:00.000,2010,6,27,9,33004KT,14,10
2010-06-27 10:00:00.000,2010,6,27,10,VRB02KT,13,11
2010-06-27 11:00:00.000,2010,6,27,11,VRB02KT,12,11
2010-06-27 12:00:00.000,2010,6,27,12,VRB02KT,12,11
2010-06-27 13:00:00.000,2010,6,27,13,06005KT,16,11
2010-06-27 14:00:00.000,2010,6,27,14,13008KT,16,11
2010-06-27 15:00:00.000,2010,6,27,15,17008KT,17,10
2010-06-27 16:00:00.000,2010,6,27,16,17010KT,19,10
2010-06-27 17:00:00.000,2010,6,27,17,18010KT,19,10
2010-06-27 18:00:00.000,2010,6,27,18,14012KT,18,10
2010-06-27 19:00:00.000,2010,6,27,19,16016KT,18,10
2010-06-27 20:00:00.000,2010,6,27,20,30006KT,17,12
2010-06-27 21:00:00.000,2010,6,27,21,33006KT,16,12
2010-06-27 22:00:00.000,2010,6,27,22,32010KT,14,11
2010-06-27 23:00:00.000,2010,6,27,23,32006KT,14,11
2010-06-28 00:00:00.000,2010,6,28,0,VRB02KT,13,12
2010-06-28 01:00:00.000,2010,6,28,1,VRB02KT,12,11
2010-06-28 02:00:00.000,2010,6,28,2,VRB02KT,12,11
2010-06-28 03:00:00.000,2010,6,28,3,00000KT,12,11
2010-06-28 04:00:00.000,2010,6,28,4,05003KT,11,10
2010-06-28 05:00:00.000,2010,6,28,5,33005KT,11,11
2010-06-28 06:00:00.000,2010,6,28,6,30005KT,11,10
2010-06-28 07:00:00.000,2010,6,28,7,VRB02KT,11,10
2010-06-28 08:00:00.000,2010,6,28,8,00000KT,10,10
2010-06-28 09:00:00.000,2010,6,28,9,VRB02KT,10,09
2010-06-28 10:00:00.000,2010,6,28,10,VRB02KT,10,10
2010-06-28 11:00:00.000,2010,6,28,11,VRB02KT,10,10
2010-06-28 12:00:00.000,2010,6,28,12,00000KT,12,10
2010-06-28 13:00:00.000,2010,6,28,13,06004KT,15,11
2010-06-28 14:00:00.000,2010,6,28,14,20004KT,16,11
2010-06-28 15:00:00.000,2010,6,28,15,12008KT,18,10
2010-06-28 16:00:00.000,2010,6,28,16,13006KT,19,10
2010-06-28 17:00:00.000,2010,6,28,17,16010KT,20,09
2010-06-28 18:00:00.000,2010,6,28,18,18006KT,17,12
2010-06-28 19:00:00.000,2010,6,28,19,31008KT,17,14
2010-06-28 20:00:00.000,2010,6,28,20,29006KT,15,13
2010-06-28 21:00:00.000,2010,6,28,21,24007KT,16,13
2010-06-28 22:00:00.000,2010,6,28,22,34005KT,14,13
2010-06-28 23:00:00.000,2010,6,28,23,28006KT,13,12
2010-06-29 00:00:00.000,2010,6,29,0,VRB02KT,13,12
2010-06-29 01:00:00.000,2010,6,29,1,VRB02KT,12,11
2010-06-29 02:00:00.000,2010,6,29,2,31004KT,13,11
2010-06-29 03:00:00.000,2010,6,29,3,05004KT,12,11
2010-06-29 04:00:00.000,2010,6,29,4,05004KT,12,12
2010-06-29 05:00:00.000,2010,6,29,5,11004KT,12,12
2010-06-29 06:00:00.000,2010,6,29,6,14004KT,11,11
2010-06-29 07:00:00.000,2010,6,29,7,12004KT,10,10
2010-06-29 08:00:00.000,2010,6,29,8,00000KT,10,09
2010-06-29 09:00:00.000,2010,6,29,9,000000KT,10,10
2010-06-29 10:00:00.000,2010,6,29,10,05004KT,10,10
2010-06-29 11:00:00.000,2010,6,29,11,03004KT,10,09
2010-06-29 12:00:00.000,2010,6,29,12,03005KT,11,10
2010-06-29 13:00:00.000,2010,6,29,13,06007KT,13,11
2010-06-29 14:00:00.000,2010,6,29,14,05006KT,16,11
2010-06-29 15:00:00.000,2010,6,29,15,11007KT,17,10
2010-06-29 16:00:00.000,2010,6,29,16,15006KT,18,10
2010-06-29 17:00:00.000,2010,6,29,17,17007KT,18,10
2010-06-29 18:00:00.000,2010,6,29,18,12005KT,18,10
2010-06-29 19:00:00.000,2010,6,29,19,05012KT,16,11
2010-06-29 20:00:00.000,2010,6,29,20,09005KT,16,11
2010-06-29 21:00:00.000,2010,6,29,21,01005KT,14,11
2010-06-29 22:00:00.000,2010,6,29,22,12005KT,15,10
2010-06-29 23:00:00.000,2010,6,29,23,12007KT,15,08
2010-06-30 00:00:00.000,2010,6,30,0,15005KT,13,08
2010-06-30 01:00:00.000,2010,6,30,1,12003KT,13,07
2010-06-30 02:00:00.000,2010,6,30,2,VRB02KT,11,08
2010-06-30 03:00:00.000,2010,6,30,3,VRB02KT,11,08
2010-06-30 04:00:00.000,2010,6,30,4,27005KT,10,08
2010-06-30 05:00:00.000,2010,6,30,5,03003KT,09,08
2010-06-30 06:00:00.000,2010,6,30,6,VRB02KT,07,07
2010-06-30 07:00:00.000,2010,6,30,7,10003KT,08,08
2010-06-30 08:00:00.000,2010,6,30,8,VRB02KT,08,08
2010-06-30 09:00:00.000,2010,6,30,9,VRB02KT,08,08
2010-06-30 10:00:00.000,2010,6,30,10,VRB02KT,09,08
2010-06-30 11:00:00.000,2010,6,30,11,VRB02KT,10,09
2010-06-30 12:00:00.000,2010,6,30,12,04008KT,11,09
2010-06-30 13:00:00.000,2010,6,30,13,05006KT,13,10
2010-06-30 14:00:00.000,2010,6,30,14,04010KT,14,10
2010-06-30 15:00:00.000,2010,6,30,15,04010KT,15,10
2010-06-30 16:00:00.000,2010,6,30,16,01004KT,17,10
2010-06-30 17:00:00.000,2010,6,30,17,02006KT,17,10
2010-06-30 18:00:00.000,2010,6,30,18,02006KT,17,10
2010-06-30 19:00:00.000,2010,6,30,19,07008KT,18,10
2010-06-30 20:00:00.000,2010,6,30,20,11012KT,16,10
2010-06-30 21:00:00.000,2010,6,30,21,09012KT,16,13
2010-06-30 22:00:00.000,2010,6,30,22,04006KT,16,12
2010-06-30 23:00:00.000,2010,6,30,23,04006KT,16,12
2010-07-01 00:00:00.000,2010,7,1,0,34003KT,14,13
2010-07-01 01:00:00.000,2010,7,1,1,04005KT,14,12
2010-07-01 02:00:00.000,2010,7,1,2,00000KT,12,11
2010-07-01 03:00:00.000,2010,7,1,3,03004KT,13,11
2010-07-01 04:00:00.000,2010,7,1,4,06003KT,13,11
2010-07-01 05:00:00.000,2010,7,1,5,VRB02KT,11,10
2010-07-01 06:00:00.000,2010,7,1,6,03003KT,10,09
2010-07-01 07:00:00.000,2010,7,1,7,03006KT,09,08
2010-07-01 08:00:00.000,2010,7,1,8,05003KT,09,09
2010-07-01 09:00:00.000,2010,7,1,9,VRB02KT,09,09
2010-07-01 10:00:00.000,2010,7,1,10,0704KT,09,08
2010-07-01 11:00:00.000,2010,7,1,11,06003KT,09,08
2010-07-01 12:00:00.000,2010,7,1,12,27004KT,09,08
2010-07-01 13:00:00.000,2010,7,1,13,00000KT,12,10
2010-07-01 14:00:00.000,2010,7,1,14,02006KT,15,10
2010-07-01 15:00:00.000,2010,7,1,15,34004KT,16,10
2010-07-01 16:00:00.000,2010,7,1,16,01008KT,16,10
2010-07-01 17:00:00.000,2010,7,1,17,03006KT,18,11
2010-07-01 18:00:00.000,2010,7,1,18,30003KT,17,11
2010-07-01 19:00:00.000,2010,7,1,19,26010KT,17,13
2010-07-01 20:00:00.000,2010,7,1,20,24006KT,15,13
2010-07-01 21:00:00.000,2010,7,1,21,32003KT,13,13
2010-07-01 22:00:00.000,2010,7,1,22,29006KT,12,11
2010-07-01 23:00:00.000,2010,7,1,23,34004KT,12,11
2010-07-02 00:00:00.000,2010,7,2,0,03003KT,12,11
2010-07-02 01:00:00.000,2010,7,2,1,01003KT,12,12
2010-07-02 02:00:00.000,2010,7,2,2,04004KT,12,12
2010-07-02 03:00:00.000,2010,7,2,3,02004KT,12,11
2010-07-02 04:00:00.000,2010,7,2,4,05005KT,11,11
2010-07-02 05:00:00.000,2010,7,2,5,04005KT,11,10
2010-07-02 06:00:00.000,2010,7,2,6,VRB02KT,10,09
2010-07-02 07:00:00.000,2010,7,2,7,VRB02KT,10,10
2010-07-02 08:00:00.000,2010,7,2,8,06004KT,09,09
2010-07-02 09:00:00.000,2010,7,2,9,05004KT,09,08
2010-07-02 10:00:00.000,2010,7,2,10,04003KT,08,08
2010-07-02 11:00:00.000,2010,7,2,11,04005KT,09,09
2010-07-02 12:00:00.000,2010,7,2,12,30003KT,11,10
2010-07-02 13:00:00.000,2010,7,2,13,06006KT,13,11
2010-07-02 14:00:00.000,2010,7,2,14,04005KT,14,11
2010-07-02 15:00:00.000,2010,7,2,15,05008KT,16,12
2010-07-02 16:00:00.000,2010,7,2,16,03006KT,17,12
2010-07-02 17:00:00.000,2010,7,2,17,06004KT,17,11
2010-07-02 18:00:00.000,2010,7,2,18,04008KT,17,11
2010-07-02 19:00:00.000,2010,7,2,19,06008KT,16,13
2010-07-02 20:00:00.000,2010,7,2,20,03006KT,16,13
2010-07-02 21:00:00.000,2010,7,2,21,29008KT,15,13
2010-07-02 22:00:00.000,2010,7,2,22,28006KT,17,14
2010-07-02 23:00:00.000,2010,7,2,23,25006KT,16,13
2010-07-03 00:00:00.000,2010,7,3,0,27006KT,13,11
2010-07-03 01:00:00.000,2010,7,3,1,VRB02KT,12,11
2010-07-03 02:00:00.000,2010,7,3,2,VRB02KT,11,10
2010-07-03 03:00:00.000,2010,7,3,3,VRB02KT,11,10
2010-07-03 04:00:00.000,2010,7,3,4,33003KT,11,10
2010-07-03 05:00:00.000,2010,7,3,5,VRB02KT,11,10
2010-07-03 06:00:00.000,2010,7,3,6,00000KT,11,10
2010-07-03 07:00:00.000,2010,7,3,7,VRB02KT,11,10
2010-07-03 08:00:00.000,2010,7,3,8,00000KT,10,10
2010-07-03 09:00:00.000,2010,7,3,9,00000KT,09,09
2010-07-03 10:00:00.000,2010,7,3,10,00000KT,09,09
2010-07-03 11:00:00.000,2010,7,3,11,00000KT,09,08
2010-07-03 12:00:00.000,2010,7,3,12,00000KT,09,09
2010-07-03 13:00:00.000,2010,7,3,13,VRB02KT,11,10
2010-07-03 14:00:00.000,2010,7,3,14,08003KT,17,12
2010-07-03 15:00:00.000,2010,7,3,15,10003KT,17,11
2010-07-03 16:00:00.000,2010,7,3,16,13006KT,19,10
2010-07-03 17:00:00.000,2010,7,3,17,14008KT,19,11
2010-07-03 18:00:00.000,2010,7,3,18,15008KT,19,10
2010-07-03 19:00:00.000,2010,7,3,19,14008KT,19,10
2010-07-03 20:00:00.000,2010,7,3,20,14008KT,17,12
2010-07-03 21:00:00.000,2010,7,3,21,15010KT,19,12
2010-07-03 22:00:00.000,2010,7,3,22,10006KT,17,10
2010-07-03 23:00:00.000,2010,7,3,23,18004KT,16,10
2010-07-04 00:00:00.000,2010,7,4,0,14010KT,15,09
2010-07-04 01:00:00.000,2010,7,4,1,13003KT,14,09
2010-07-04 02:00:00.000,2010,7,4,2,03005KT,13,10
2010-07-04 03:00:00.000,2010,7,4,3,02004KT,13,11
2010-07-04 04:00:00.000,2010,7,4,4,05004KT,13,11
2010-07-04 05:00:00.000,2010,7,4,5,06005KT,13,11
2010-07-04 06:00:00.000,2010,7,4,6,05003KT,12,10
2010-07-04 07:00:00.000,2010,7,4,7,03005KT,11,09
2010-07-04 08:00:00.000,2010,7,4,8,05003KT,10,09
2010-07-04 09:00:00.000,2010,7,4,9,VRB02KT,11,09
2010-07-04 10:00:00.000,2010,7,4,10,24004KT,11,10
2010-07-04 11:00:00.000,2010,7,4,11,06004KT,11,10
2010-07-04 12:00:00.000,2010,7,4,12,04004KT,13,11
2010-07-04 13:00:00.000,2010,7,4,13,05003KT,15,11
2010-07-04 14:00:00.000,2010,7,4,14,VRB02KT,16,11
2010-07-04 15:00:00.000,2010,7,4,15,14003KT,17,10
2010-07-04 16:00:00.000,2010,7,4,16,12003KT,18,10
2010-07-04 17:00:00.000,2010,7,4,17,27006KT,18,12
2010-07-04 18:00:00.000,2010,7,4,18,21006KT,18,13
2010-07-04 19:00:00.000,2010,7,4,19,29007KT,17,14
2010-07-04 20:00:00.000,2010,7,4,20,34006KT,16,13
2010-07-04 21:00:00.000,2010,7,4,21,27009KT,17,13
2010-07-04 22:00:00.000,2010,7,4,22,25008KT,16,13
2010-07-04 23:00:00.000,2010,7,4,23,22005KT,14,13
2010-07-05 00:00:00.000,2010,7,5,0,31004KT,14,12
2010-07-05 01:00:00.000,2010,7,5,1,32004KT,13,11
2010-07-05 02:00:00.000,2010,7,5,2,VRB02KT,14,12
2010-07-05 03:00:00.000,2010,7,5,3,18005KT,13,12
2010-07-05 04:00:00.000,2010,7,5,4,VRB02KT,13,12
2010-07-05 05:00:00.000,2010,7,5,5,VRB02KT,13,12
2010-07-05 06:00:00.000,2010,7,5,6,00000KT,12,12
2010-07-05 07:00:00.000,2010,7,5,7,00000KT,12,11
2010-07-05 08:00:00.000,2010,7,5,8,00000KT,12,11
2010-07-05 09:00:00.000,2010,7,5,9,22004KT,12,11
2010-07-05 10:00:00.000,2010,7,5,10,24004KT,12,11
2010-07-05 11:00:00.000,2010,7,5,11,21003KT,11,10
2010-07-05 12:00:00.000,2010,7,5,12,31004KT,11,10
2010-07-05 13:00:00.000,2010,7,5,13,00000KT,14,12
2010-07-05 14:00:00.000,2010,7,5,14,28005KT,15,12
2010-07-05 15:00:00.000,2010,7,5,15,04006KT,17,11
2010-07-05 16:00:00.000,2010,7,5,16,34004KT,18,11
2010-07-05 17:00:00.000,2010,7,5,17,28006KT,18,12
2010-07-05 18:00:00.000,2010,7,5,18,25007KT,15,13
2010-07-05 19:00:00.000,2010,7,5,19,29008KT,15,13
2010-07-05 20:00:00.000,2010,7,5,20,25008KT,16,13
2010-07-05 21:00:00.000,2010,7,5,21,21008KT,16,13
2010-07-05 22:00:00.000,2010,7,5,22,23004KT,15,12
2010-07-05 23:00:00.000,2010,7,5,23,24004KT,14,12
2010-07-06 00:00:00.000,2010,7,6,0,21004KT,14,13
2010-07-06 01:00:00.000,2010,7,6,1,24004KT,13,12
2010-07-06 02:00:00.000,2010,7,6,2,29004KT,13,12
2010-07-06 03:00:00.000,2010,7,6,3,29004KT,13,12
2010-07-06 04:00:00.000,2010,7,6,4,23004KT,13,12
2010-07-06 05:00:00.000,2010,7,6,5,27004KT,13,12
2010-07-06 06:00:00.000,2010,7,6,6,04004KT,13,12
2010-07-06 07:00:00.000,2010,7,6,7,VRB02KT,12,11
2010-07-06 08:00:00.000,2010,7,6,8,VRB02KT,11,11
2010-07-06 09:00:00.000,2010,7,6,9,VRB02KT,11,10
2010-07-06 10:00:00.000,2010,7,6,10,00000KT,11,10
2010-07-06 11:00:00.000,2010,7,6,11,22004KT,11,10
2010-07-06 12:00:00.000,2010,7,6,12,VRB02KT,12,11
2010-07-06 13:00:00.000,2010,7,6,13,08003KT,15,11
2010-07-06 14:00:00.000,2010,7,6,14,00000KT,15,11
2010-07-06 15:00:00.000,2010,7,6,15,34004KT,17,12
2010-07-06 16:00:00.000,2010,7,6,16,28007KT,18,11
2010-07-06 17:00:00.000,2010,7,6,17,28008KT,19,10
2010-07-06 18:00:00.000,2010,7,6,18,09004KT,15,12
2010-07-06 19:00:00.000,2010,7,6,19,VRB02KT,14,11
2010-07-06 20:00:00.000,2010,7,6,20,30005KT,17,12
2010-07-06 21:00:00.000,2010,7,6,21,27009KK,17,12
2010-07-06 22:00:00.000,2010,7,6,22,35008KT,16,12
2010-07-06 23:00:00.000,2010,7,6,23,35005KT,15,11
2010-07-07 00:00:00.000,2010,7,7,0,27006KT,14,11
2010-07-07 01:00:00.000,2010,7,7,1,21004KT,14,11
2010-07-07 02:00:00.000,2010,7,7,2,25004KT,14,11
2010-07-07 03:00:00.000,2010,7,7,3,32004KT,14,11
2010-07-07 04:00:00.000,2010,7,7,4,35003KT,14,12
2010-07-07 05:00:00.000,2010,7,7,5,32006KT,13,11
2010-07-07 06:00:00.000,2010,7,7,6,25006KT,13,12
2010-07-07 07:00:00.000,2010,7,7,7,20003KT,13,12
2010-07-07 08:00:00.000,2010,7,7,8,VRB02KT,13,12
2010-07-07 09:00:00.000,2010,7,7,9,25004KT,13,12
2010-07-07 10:00:00.000,2010,7,7,10,VRB02KT,13,12
2010-07-07 11:00:00.000,2010,7,7,11,35005KT,12,11
2010-07-07 12:00:00.000,2010,7,7,12,31004KT,12,11
2010-07-07 13:00:00.000,2010,7,7,13,VRB02KT,14,12
2010-07-07 14:00:00.000,2010,7,7,14,30004KT,16,12
2010-07-07 15:00:00.000,2010,7,7,15,28003KT,17,11
2010-07-07 16:00:00.000,2010,7,7,16,30003KT,17,11
2010-07-07 17:00:00.000,2010,7,7,17,28010KT,15,14
2010-07-07 18:00:00.000,2010,7,7,18,13003KT,13,12
2010-07-07 19:00:00.000,2010,7,7,19,00000KT,12,11
2010-07-07 20:00:00.000,2010,7,7,20,32004KT,14,13
2010-07-07 21:00:00.000,2010,7,7,21,VRB02KT,16,11
2010-07-07 22:00:00.000,2010,7,7,22,32003KT,16,12
2010-07-07 23:00:00.000,2010,7,7,23,31004KT,15,11
2010-07-08 00:00:00.000,2010,7,8,0,33008KT,14,12
2010-07-08 01:00:00.000,2010,7,8,1,28004KT,13,13
2010-07-08 02:00:00.000,2010,7,8,2,00000KT,13,11
2010-07-08 03:00:00.000,2010,7,8,3,VRB02KT,12,12
2010-07-08 04:00:00.000,2010,7,8,4,00000KT,12,11
2010-07-08 05:00:00.000,2010,7,8,5,33003KT,12,11
2010-07-08 06:00:00.000,2010,7,8,6,00000KT,12,11
2010-07-08 07:00:00.000,2010,7,8,7,00000KT,12,11
2010-07-08 08:00:00.000,2010,7,8,8,VRB02KT,11,11
2010-07-08 09:00:00.000,2010,7,8,9,0000KT,12,11
2010-07-08 10:00:00.000,2010,7,8,10,VRB02KT,12,11
2010-07-08 11:00:00.000,2010,7,8,11,VRB02KT,11,10
2010-07-08 12:00:00.000,2010,7,8,12,VRB02KT,12,11
2010-07-08 13:00:00.000,2010,7,8,13,04004KT,13,11
2010-07-08 14:00:00.000,2010,7,8,14,03004KT,15,11
2010-07-08 15:00:00.000,2010,7,8,15,VRB02KT,17,12
2010-07-08 16:00:00.000,2010,7,8,16,32003KT,15,12
2010-07-08 17:00:00.000,2010,7,8,17,22004KT,14,12
2010-07-08 18:00:00.000,2010,7,8,18,21006KT,15,13
2010-07-08 19:00:00.000,2010,7,8,19,23004KT,16,13
2010-07-08 20:00:00.000,2010,7,8,20,24004KT,18,12
2010-07-08 21:00:00.000,2010,7,8,21,29004KT,17,12
2010-07-08 22:00:00.000,2010,7,8,22,24008KT,16,12
2010-07-08 23:00:00.000,2010,7,8,23,28006KT,15,12
2010-07-09 00:00:00.000,2010,7,9,0,27009KT,14,12
2010-07-09 01:00:00.000,2010,7,9,1,24005KT,14,13
2010-07-09 02:00:00.000,2010,7,9,2,00000KT,20,19
2010-07-09 03:00:00.000,2010,7,9,3,35003KT,13,12
2010-07-09 04:00:00.000,2010,7,9,4,24006KT,13,12
2010-07-09 05:00:00.000,2010,7,9,5,28003KT,13,12
2010-07-09 06:00:00.000,2010,7,9,6,34003KT,12,12
2010-07-09 07:00:00.000,2010,7,9,7,VRB02KT,13,12
2010-07-09 08:00:00.000,2010,7,9,8,27003KT,13,12
2010-07-09 09:00:00.000,2010,7,9,9,32003KT,13,12
2010-07-09 10:00:00.000,2010,7,9,10,00000KT,13,12
2010-07-09 11:00:00.000,2010,7,9,11,00000KT,13,12
2010-07-09 12:00:00.000,2010,7,9,12,07005KT,13,12
2010-07-09 13:00:00.000,2010,7,9,13,08009KT,15,11
2010-07-09 14:00:00.000,2010,7,9,14,07007KT,17,11
2010-07-09 15:00:00.000,2010,7,9,15,07007KT,17,11
2010-07-09 16:00:00.000,2010,7,9,16,13010KT,18,10
2010-07-09 17:00:00.000,2010,7,9,17,32008KT,23,19
2010-07-09 18:00:00.000,2010,7,9,18,13011KT,19,10
2010-07-09 19:00:00.000,2010,7,9,19,13006KT,20,10
2010-07-09 20:00:00.000,2010,7,9,20,17012KT,19,09
2010-07-09 21:00:00.000,2010,7,9,21,17011KT,18,11
2010-07-09 22:00:00.000,2010,7,9,22,12008KT,18,10
2010-07-09 23:00:00.000,2010,7,9,23,33009KT,16,12
2010-07-10 00:00:00.000,2010,7,10,0,03005KT,14,11
2010-07-10 01:00:00.000,2010,7,10,1,01003KT,13,12
2010-07-10 02:00:00.000,2010,7,10,2,36003KT,14,12
2010-07-10 03:00:00.000,2010,7,10,3,03003KT,13,12
2010-07-10 04:00:00.000,2010,7,10,4,006005KT,12,11
2010-07-10 05:00:00.000,2010,7,10,5,VRB02KT,13,12
2010-07-10 06:00:00.000,2010,7,10,6,36003KT,13,12
2010-07-10 07:00:00.000,2010,7,10,7,VRB02KT,13,12
2010-07-10 08:00:00.000,2010,7,10,8,VRB02KT,12,11
2010-07-10 09:00:00.000,2010,7,10,9,03003KT,12,11
2010-07-10 10:00:00.000,2010,7,10,10,VRB02KT,12,11
2010-07-10 11:00:00.000,2010,7,10,11,VRB02KT,12,10
2010-07-10 12:00:00.000,2010,7,10,12,04006KT,13,11
2010-07-10 13:00:00.000,2010,7,10,13,11005KT,15,12
2010-07-10 14:00:00.000,2010,7,10,14,13006KT,16,10
2010-07-10 15:00:00.000,2010,7,10,15,15007KT,18,11
2010-07-10 16:00:00.000,2010,7,10,16,13010KT,18,10
2010-07-10 17:00:00.000,2010,7,10,17,15008KT,19,10
2010-07-10 18:00:00.000,2010,7,10,18,22008KT,18,12
2010-07-10 19:00:00.000,2010,7,10,19,06006KT,21,11
2010-07-10 20:00:00.000,2010,7,10,20,21012KT,18,11
2010-07-10 21:00:00.000,2010,7,10,21,26004KT,16,12
2010-07-10 22:00:00.000,2010,7,10,22,24006KT,17,10
2010-07-10 23:00:00.000,2010,7,10,23,35004KT,16,12
2010-07-11 00:00:00.000,2010,7,11,0,33006KT,16,13
2010-07-11 01:00:00.000,2010,7,11,1,08003KT,15,13
2010-07-11 02:00:00.000,2010,7,11,2,12006KT,15,12
2010-07-11 03:00:00.000,2010,7,11,3,19010KT,14,11
2010-07-11 04:00:00.000,2010,7,11,4,15006KT,13,11
2010-07-11 05:00:00.000,2010,7,11,5,28003KT,13,11
2010-07-11 06:00:00.000,2010,7,11,6,00000KT,13,11
2010-07-11 07:00:00.000,2010,7,11,7,13004KT,13,11
2010-07-11 08:00:00.000,2010,7,11,8,05003KT,13,11
2010-07-11 09:00:00.000,2010,7,11,9,01004KT,12,10
2010-07-11 10:00:00.000,2010,7,11,10,04005KT,12,10
2010-07-11 11:00:00.000,2010,7,11,11,02004KT,12,11
2010-07-11 12:00:00.000,2010,7,11,12,03004KT,12,11
2010-07-11 13:00:00.000,2010,7,11,13,06006KT,13,11
2010-07-11 14:00:00.000,2010,7,11,14,04006KT,14,11
2010-07-11 15:00:00.000,2010,7,11,15,03004KT,15,11
2010-07-11 16:00:00.000,2010,7,11,16,32004KT,16,11
2010-07-11 17:00:00.000,2010,7,11,17,32005KT,15,12
2010-07-11 18:00:00.000,2010,7,11,18,VRB02KT,17,11
2010-07-11 19:00:00.000,2010,7,11,19,18006KT,17,11
2010-07-11 20:00:00.000,2010,7,11,20,30012KT,15,12
2010-07-11 21:00:00.000,2010,7,11,21,25006KT,14,12
2010-07-11 22:00:00.000,2010,7,11,22,33006KT,13,12
2010-07-11 23:00:00.000,2010,7,11,23,34006KT,12,11
2010-07-12 00:00:00.000,2010,7,12,0,VRB02KT,12,11
2010-07-12 01:00:00.000,2010,7,12,1,06004KT,12,11
2010-07-12 02:00:00.000,2010,7,12,2,08003KT,11,10
2010-07-12 03:00:00.000,2010,7,12,3,00000KT,11,10
2010-07-12 04:00:00.000,2010,7,12,4,34003KT,11,10
2010-07-12 05:00:00.000,2010,7,12,5,00000KT,10,10
2010-07-12 06:00:00.000,2010,7,12,6,VRB02KT,09,09
2010-07-12 08:00:00.000,2010,7,12,8,00000KT,09,08
2010-07-12 09:00:00.000,2010,7,12,9,VRB02KT,09,09
2010-07-12 10:00:00.000,2010,7,12,10,VRB02KT,09,09
2010-07-12 11:00:00.000,2010,7,12,11,05003KT,09,09
2010-07-12 12:00:00.000,2010,7,12,12,05006KT,10,10
2010-07-12 13:00:00.000,2010,7,12,13,04008KT,12,11
2010-07-12 14:00:00.000,2010,7,12,14,05008KT,14,10
2010-07-12 15:00:00.000,2010,7,12,15,11005KT,24,21
2010-07-12 16:00:00.000,2010,7,12,16,05008KT,17,11
2010-07-12 17:00:00.000,2010,7,12,17,07010KT,18,11
2010-07-12 18:00:00.000,2010,7,12,18,04006KT,18,10
2010-07-12 19:00:00.000,2010,7,12,19,28010KT,15,13
2010-07-12 20:00:00.000,2010,7,12,20,28010KT,15,13
2010-07-12 21:00:00.000,2010,7,12,21,12010KT,16,13
2010-07-12 23:00:00.000,2010,7,12,23,30004KT,13,12
2010-07-13 00:00:00.000,2010,7,13,0,02003KT,12,10
2010-07-13 01:00:00.000,2010,7,13,1,30006KT,12,11
2010-07-13 02:00:00.000,2010,7,13,2,34003KT,12,11
2010-07-13 03:00:00.000,2010,7,13,3,VRB02KT,12,11
2010-07-13 04:00:00.000,2010,7,13,4,35003KT,12,11
2010-07-13 05:00:00.000,2010,7,13,5,33003KT,11,10
2010-07-13 06:00:00.000,2010,7,13,6,VR02KT,11,10
2010-07-13 07:00:00.000,2010,7,13,7,VRB02KT,11,10
2010-07-13 08:00:00.000,2010,7,13,8,32004KT,09,09
2010-07-13 09:00:00.000,2010,7,13,9,VRB02KT,09,09
2010-07-13 10:00:00.000,2010,7,13,10,32004KT,08,08
2010-07-13 11:00:00.000,2010,7,13,11,VRB02KT,08,08
2010-07-13 12:00:00.000,2010,7,13,12,VRB02KT,09,09
2010-07-13 13:00:00.000,2010,7,13,13,31004KT,12,11
2010-07-13 14:00:00.000,2010,7,13,14,04004KT,15,11
2010-07-13 15:00:00.000,2010,7,13,15,08005KT,17,10
2010-07-13 16:00:00.000,2010,7,13,16,03005KT,17,10
2010-07-13 17:00:00.000,2010,7,13,17,33006KT,25,18
2010-07-13 18:00:00.000,2010,7,13,18,28006KT,18,13
2010-07-13 19:00:00.000,2010,7,13,19,30008KT,15,13
2010-07-13 20:00:00.000,2010,7,13,20,21011KT,14,13
2010-07-13 21:00:00.000,2010,7,13,21,27007KT,15,13
2010-07-13 22:00:00.000,2010,7,13,22,31004KT,15,13
2010-07-13 23:00:00.000,2010,7,13,23,32004KT,15,13
2010-07-14 00:00:00.000,2010,7,14,0,03003KT,14,12
2010-07-14 01:00:00.000,2010,7,14,1,VRB02KT,14,12
2010-07-14 02:00:00.000,2010,7,14,2,35004KT,14,12
2010-07-14 03:00:00.000,2010,7,14,3,06005KT,28,26
2010-07-14 04:00:00.000,2010,7,14,4,30003KT,13,11
2010-07-14 05:00:00.000,2010,7,14,5,06005KT,13,11
2010-07-14 06:00:00.000,2010,7,14,6,33003KT,13,11
2010-07-14 07:00:00.000,2010,7,14,7,05004KT,13,11
2010-07-14 08:00:00.000,2010,7,14,8,06003KT,12,11
2010-07-14 09:00:00.000,2010,7,14,9,03004KT,12,11
2010-07-14 10:00:00.000,2010,7,14,10,06007KT,11,10
2010-07-14 11:00:00.000,2010,7,14,11,08004KT,11,10
2010-07-14 12:00:00.000,2010,7,14,12,05004KT,14,12
2010-07-14 15:00:00.000,2010,7,14,15,17005KT,18,10
2010-07-14 20:00:00.000,2010,7,14,20,32005KT,16,13
2010-07-14 21:00:00.000,2010,7,14,21,25005KT,17,12
2010-07-14 22:00:00.000,2010,7,14,22,26005KT,15,13
2010-07-14 23:00:00.000,2010,7,14,23,33008KT,14,12
2010-07-15 00:00:00.000,2010,7,15,0,32005KT,12,11
2010-07-15 01:00:00.000,2010,7,15,1,VRB02KT,11,10
2010-07-15 02:00:00.000,2010,7,15,2,VRB02KT,11,11
2010-07-15 03:00:00.000,2010,7,15,3,33004KT,12,11
2010-07-15 04:00:00.000,2010,7,15,4,VRB02KT,12,12
2010-07-15 05:00:00.000,2010,7,15,5,33003KT,12,11
2010-07-15 06:00:00.000,2010,7,15,6,VRB02KT,12,11
2010-07-15 07:00:00.000,2010,7,15,7,00000KT,11,11
2010-07-15 08:00:00.000,2010,7,15,8,26003KT,12,11
2010-07-15 09:00:00.000,2010,7,15,9,VRB02KT,12,11
2010-07-15 10:00:00.000,2010,7,15,10,VRB02KT,11,11
2010-07-15 11:00:00.000,2010,7,15,11,33004KT,11,11
2010-07-15 12:00:00.000,2010,7,15,12,30004KT,12,11
2010-07-15 13:00:00.000,2010,7,15,13,VRB02KT,13,12
2010-07-15 14:00:00.000,2010,7,15,14,VRB02KT,14,13
2010-07-15 15:00:00.000,2010,7,15,15,30003KT,15,13
2010-07-15 16:00:00.000,2010,7,15,16,27006KT,17,13
2010-07-15 17:00:00.000,2010,7,15,17,02008KT,17,14
2010-07-15 18:00:00.000,2010,7,15,18,26007KT,15,13
2010-07-15 19:00:00.000,2010,7,15,19,28009KT,15,14
2010-07-15 20:00:00.000,2010,7,15,20,30009KT,17,14
2010-07-15 21:00:00.000,2010,7,15,21,26006KT,17,13
2010-07-15 22:00:00.000,2010,7,15,22,25006KT,16,13
2010-07-15 23:00:00.000,2010,7,15,23,09007KT,15,14
2010-07-16 00:00:00.000,2010,7,16,0,27005KT,13,12
2010-07-16 01:00:00.000,2010,7,16,1,VRB02KT,13,12
2010-07-16 02:00:00.000,2010,7,16,2,19005KT,13,12
2010-07-16 03:00:00.000,2010,7,16,3,26003KT,12,11
2010-07-16 04:00:00.000,2010,7,16,4,34003KT,12,11
2010-07-16 05:00:00.000,2010,7,16,5,35004KT,12,11
2010-07-16 06:00:00.000,2010,7,16,6,VRB02KT,12,11
2010-07-16 07:00:00.000,2010,7,16,7,02004KT,11,11
2010-07-16 08:00:00.000,2010,7,16,8,00000KT,11,10
2010-07-16 09:00:00.000,2010,7,16,9,35003KT,11,10
2010-07-16 10:00:00.000,2010,7,16,10,VRB02KT,11,10
2010-07-16 11:00:00.000,2010,7,16,11,VRB02KT,11,10
2010-07-16 14:00:00.000,2010,7,16,14,00000KT,14,11
2010-07-16 16:00:00.000,2010,7,16,16,31006KT,16,11
2010-07-16 17:00:00.000,2010,7,16,17,30006KT,16,12
2010-07-16 18:00:00.000,2010,7,16,18,28010KT,14,12
2010-07-16 20:00:00.000,2010,7,16,20,VRB020KT,21,21
2010-07-16 21:00:00.000,2010,7,16,21,33006KT,12,11
2010-07-16 22:00:00.000,2010,7,16,22,07003KT,12,10
2010-07-16 23:00:00.000,2010,7,16,23,03004KT,12,10
2010-07-17 00:00:00.000,2010,7,17,0,02003KT,11,10
2010-07-17 01:00:00.000,2010,7,17,1,VRB02KT,11,10
2010-07-17 02:00:00.000,2010,7,17,2,VRB02KT,11,10
2010-07-17 03:00:00.000,2010,7,17,3,00000KT,11,10
2010-07-17 04:00:00.000,2010,7,17,4,00000KT,11,10
2010-07-17 05:00:00.000,2010,7,17,5,00000KT,11,10
2010-07-17 06:00:00.000,2010,7,17,6,00000KT,11,10
2010-07-17 07:00:00.000,2010,7,17,7,VRB02KT,11,10
2010-07-17 08:00:00.000,2010,7,17,8,VRB02KT,11,10
2010-07-17 09:00:00.000,2010,7,17,9,00000KT,10,10
2010-07-17 10:00:00.000,2010,7,17,10,00000KT,10,10
2010-07-17 11:00:00.000,2010,7,17,11,00000KT,10,10
2010-07-17 12:00:00.000,2010,7,17,12,VRB02KT,11,10
2010-07-17 13:00:00.000,2010,7,17,13,05006KT,12,11
2010-07-17 14:00:00.000,2010,7,17,14,04007KT,13,11
2010-07-17 15:00:00.000,2010,7,17,15,04005KT,14,12
2010-07-17 16:00:00.000,2010,7,17,16,VRB02KT,17,12
2010-07-17 17:00:00.000,2010,7,17,17,06007KT,18,11
2010-07-17 18:00:00.000,2010,7,17,18,26010KT,17,13
2010-07-17 19:00:00.000,2010,7,17,19,23008KT,17,11
2010-07-17 20:00:00.000,2010,7,17,20,30008KT,15,12
2010-07-17 21:00:00.000,2010,7,17,21,32008KT,14,12
2010-07-17 22:00:00.000,2010,7,17,22,28010KT,14,12
2010-07-17 23:00:00.000,2010,7,17,23,26006KT,13,12
2010-07-18 00:00:00.000,2010,7,18,0,32005KT,13,11
2010-07-18 01:00:00.000,2010,7,18,1,35004KT,13,12
2010-07-18 02:00:00.000,2010,7,18,2,33004KT,13,12
2010-07-18 03:00:00.000,2010,7,18,3,06004KT,13,12
2010-07-18 04:00:00.000,2010,7,18,4,VRB02KT,13,12
2010-07-18 05:00:00.000,2010,7,18,5,00000KT,13,11
2010-07-18 06:00:00.000,2010,7,18,6,31004KT,12,11
2010-07-18 07:00:00.000,2010,7,18,7,20004KT,12,11
2010-07-18 08:00:00.000,2010,7,18,8,VRB02KT,12,11
2010-07-18 09:00:00.000,2010,7,18,9,00000KT,12,11
2010-07-18 10:00:00.000,2010,7,18,10,VRB02KT,11,10
2010-07-18 11:00:00.000,2010,7,18,11,00000KT,11,10
2010-07-18 12:00:00.000,2010,7,18,12,00000KT,11,10
2010-07-18 13:00:00.000,2010,7,18,13,30003KT,13,10
2010-07-18 14:00:00.000,2010,7,18,14,VRB02KT,14,11
2010-07-18 15:00:00.000,2010,7,18,15,32003KT,16,11
2010-07-18 16:00:00.000,2010,7,18,16,26003KT,16,11
2010-07-18 17:00:00.000,2010,7,18,17,29006KT,15,12
2010-07-18 18:00:00.000,2010,7,18,18,33006KT,15,12
2010-07-18 19:00:00.000,2010,7,18,19,28008KT,16,12
2010-07-18 20:00:00.000,2010,7,18,20,34003KT,16,12
2010-07-18 21:00:00.000,2010,7,18,21,27007KT,14,12
2010-07-18 22:00:00.000,2010,7,18,22,27010KT,15,12
2010-07-18 23:00:00.000,2010,7,18,23,30005KT,13,11
2010-07-19 00:00:00.000,2010,7,19,0,VRB02KT,12,10
2010-07-19 01:00:00.000,2010,7,19,1,02003KT,12,10
2010-07-19 02:00:00.000,2010,7,19,2,VRB02KT,12,10
2010-07-19 03:00:00.000,2010,7,19,3,06003KT,12,11
2010-07-19 04:00:00.000,2010,7,19,4,29003KT,11,10
2010-07-19 05:00:00.000,2010,7,19,5,31003KT,11,10
2010-07-19 06:00:00.000,2010,7,19,6,VRB02KT,11,10
2010-07-19 07:00:00.000,2010,7,19,7,VRB02KT,12,11
2010-07-19 08:00:00.000,2010,7,19,8,VRB02KT,11,10
2010-07-19 09:00:00.000,2010,7,19,9,VRB02KT,11,10
2010-07-19 10:00:00.000,2010,7,19,10,VRB02KT,11,10
2010-07-19 11:00:00.000,2010,7,19,11,VRB02KT,11,10
2010-07-19 12:00:00.000,2010,7,19,12,04006KT,13,11
2010-07-19 13:00:00.000,2010,7,19,13,03006KT,15,11
2010-07-19 14:00:00.000,2010,7,19,14,03008KT,17,12
2010-07-19 15:00:00.000,2010,7,19,15,05006KT,18,11
2010-07-19 16:00:00.000,2010,7,19,16,09005KT,19,11
2010-07-19 17:00:00.000,2010,7,19,17,04005KT,20,11
2010-07-19 18:00:00.000,2010,7,19,18,24005KT,18,12
2010-07-19 19:00:00.000,2010,7,19,19,27010KT,18,12
2010-07-19 20:00:00.000,2010,7,19,20,26010KT,19,12
2010-07-19 21:00:00.000,2010,7,19,21,25010KT,17,11
2010-07-19 22:00:00.000,2010,7,19,22,30006KT,17,11
2010-07-19 23:00:00.000,2010,7,19,23,13010KT,16,09
2010-07-20 00:00:00.000,2010,7,20,0,16008KT,15,09
2010-07-20 01:00:00.000,2010,7,20,1,36003KT,14,09
2010-07-20 02:00:00.000,2010,7,20,2,08003KT,13,09
2010-07-20 03:00:00.000,2010,7,20,3,03003KT,12,09
2010-07-20 05:00:00.000,2010,7,20,5,07004KT,11,10
2010-07-20 06:00:00.000,2010,7,20,6,00000KT,10,09
2010-07-20 07:00:00.000,2010,7,20,7,VRB02KT,10,09
2010-07-20 08:00:00.000,2010,7,20,8,05003KT,10,09
2010-07-20 09:00:00.000,2010,7,20,9,VRB02KT,10,09
2010-07-20 10:00:00.000,2010,7,20,10,06004KT,10,09
2010-07-20 11:00:00.000,2010,7,20,11,04004KT,10,09
2010-07-20 12:00:00.000,2010,7,20,12,05004KT,12,10
2010-07-20 13:00:00.000,2010,7,20,13,05006KT,15,11
2010-07-20 14:00:00.000,2010,7,20,14,06006KT,15,10
2010-07-20 15:00:00.000,2010,7,20,15,16004KT,17,10
2010-07-20 16:00:00.000,2010,7,20,16,06006KT,17,10
2010-07-20 18:00:00.000,2010,7,20,18,VRB02KT,19,10
2010-07-20 19:00:00.000,2010,7,20,19,27010KT,18,13
2010-07-20 20:00:00.000,2010,7,20,20,30012KT,17,13
2010-07-20 23:00:00.000,2010,7,20,23,28004KT,15,12
2010-07-21 00:00:00.000,2010,7,21,0,31003KT,13,11
2010-07-21 01:00:00.000,2010,7,21,1,VRB02KT,12,10
2010-07-21 02:00:00.000,2010,7,21,2,VRB02KT,12,10
2010-07-21 03:00:00.000,2010,7,21,3,VRB02KT,12,10
2010-07-21 04:00:00.000,2010,7,21,4,06003KT,11,10
2010-07-21 05:00:00.000,2010,7,21,5,32003KT,10,10
2010-07-21 06:00:00.000,2010,7,21,6,31005KT,10,09
2010-07-21 07:00:00.000,2010,7,21,7,33005KT,10,10
2010-07-21 08:00:00.000,2010,7,21,8,27003KT,10,09
2010-07-21 09:00:00.000,2010,7,21,9,05004KT,09,09
2010-07-21 10:00:00.000,2010,7,21,10,33005KT,10,08
2010-07-21 11:00:00.000,2010,7,21,11,VRB02KT,09,09
2010-07-21 12:00:00.000,2010,7,21,12,VRB02KT,09,09
2010-07-21 13:00:00.000,2010,7,21,13,VRB02KT,12,10
2010-07-21 14:00:00.000,2010,7,21,14,04003KT,15,11
2010-07-21 15:00:00.000,2010,7,21,15,32003KT,16,10
2010-07-21 16:00:00.000,2010,7,21,16,25005KT,18,10
2010-07-21 17:00:00.000,2010,7,21,17,35005KT,19,10
2010-07-21 18:00:00.000,2010,7,21,18,27012KT,17,12
2010-07-21 19:00:00.000,2010,7,21,19,31008KT,16,12
2010-07-21 20:00:00.000,2010,7,21,20,32007KT,16,13
2010-07-21 21:00:00.000,2010,7,21,21,33006KT,17,12
2010-07-21 22:00:00.000,2010,7,21,22,27005KT,17,12
2010-07-21 23:00:00.000,2010,7,21,23,30005KT,16,12
2010-07-22 00:00:00.000,2010,7,22,0,VRB02KT,14,11
2010-07-22 01:00:00.000,2010,7,22,1,04004KT,12,09
2010-07-22 02:00:00.000,2010,7,22,2,VRB02KT,13,10
2010-07-22 03:00:00.000,2010,7,22,3,VRB02KT,11,10
2010-07-22 04:00:00.000,2010,7,22,4,VRB02KT,10,09
2010-07-22 05:00:00.000,2010,7,22,5,33003KT,09,08
2010-07-22 06:00:00.000,2010,7,22,6,VRB02KT,10,09
2010-07-22 07:00:00.000,2010,7,22,7,35003KT,09,08
2010-07-22 08:00:00.000,2010,7,22,8,VRB02KT,08,08
2010-07-22 09:00:00.000,2010,7,22,9,31003KT,07,06
2010-07-22 10:00:00.000,2010,7,22,10,VRB02KT,06,05
2010-07-22 11:00:00.000,2010,7,22,11,31003KT,06,06
2010-07-22 12:00:00.000,2010,7,22,12,VRB02KT,07,07
2010-07-22 13:00:00.000,2010,7,22,13,36003KT,10,10
2010-07-22 14:00:00.000,2010,7,22,14,04004KT,14,12
2010-07-22 15:00:00.000,2010,7,22,15,02004KT,18,11
2010-07-22 16:00:00.000,2010,7,22,16,36003KT,19,10
2010-07-22 17:00:00.000,2010,7,22,17,12008KT,19,08
2010-07-22 18:00:00.000,2010,7,22,18,14010KT,20,08
2010-07-22 19:00:00.000,2010,7,22,19,18010KT,20,06
2010-07-22 20:00:00.000,2010,7,22,20,14012KT,21,07
2010-07-22 21:00:00.000,2010,7,22,21,16012KT,20,06
2010-07-22 22:00:00.000,2010,7,22,22,14010KT,18,06
2010-07-23 00:00:00.000,2010,7,23,0,28003KT,15,09
2010-07-23 01:00:00.000,2010,7,23,1,VRB02KT,13,10
2010-07-23 02:00:00.000,2010,7,23,2,35004KT,13,10
2010-07-23 03:00:00.000,2010,7,23,3,VRB02KT,12,10
2010-07-23 04:00:00.000,2010,7,23,4,06006KT,12,10
2010-07-23 05:00:00.000,2010,7,23,5,04005KT,12,10
2010-07-23 06:00:00.000,2010,7,23,6,06003KT,11,09
2010-07-23 07:00:00.000,2010,7,23,7,12003KT,10,09
2010-07-23 08:00:00.000,2010,7,23,8,02003KT,10,09
2010-07-23 09:00:00.000,2010,7,23,9,VRB02KT,09,09
2010-07-23 10:00:00.000,2010,7,23,10,03003KT,08,08
2010-07-23 11:00:00.000,2010,7,23,11,03004KT,09,08
2010-07-23 12:00:00.000,2010,7,23,12,05006KT,11,10
2010-07-23 13:00:00.000,2010,7,23,13,09004KT,13,10
2010-07-23 14:00:00.000,2010,7,23,14,05007KT,14,11
2010-07-23 15:00:00.000,2010,7,23,15,04008KT,17,12
2010-07-23 16:00:00.000,2010,7,23,16,VRB02KT,17,11
2010-07-23 17:00:00.000,2010,7,23,17,21006KT,16,11
2010-07-23 18:00:00.000,2010,7,23,18,09012KT,16,12
2010-07-23 19:00:00.000,2010,7,23,19,10010KT,18,10
2010-07-23 20:00:00.000,2010,7,23,20,15009KT,18,09
2010-07-23 21:00:00.000,2010,7,23,21,13006KT,18,09
2010-07-23 22:00:00.000,2010,7,23,22,16008KT,17,09
2010-07-23 23:00:00.000,2010,7,23,23,09006KT,16,09
2010-07-24 00:00:00.000,2010,7,24,0,14008KT,15,09
2010-07-24 01:00:00.000,2010,7,24,1,13004KT,14,09
2010-07-24 02:00:00.000,2010,7,24,2,VRB02KT,13,09
2010-07-24 03:00:00.000,2010,7,24,3,07004KT,14,09
2010-07-24 04:00:00.000,2010,7,24,4,03004KT,12,09
2010-07-24 05:00:00.000,2010,7,24,5,VRB02KT,11,09
2010-07-24 06:00:00.000,2010,7,24,6,00000KT,12,09
2010-07-24 07:00:00.000,2010,7,24,7,VRB02KT,12,10
2010-07-24 08:00:00.000,2010,7,24,8,33003KT,10,09
2010-07-24 09:00:00.000,2010,7,24,9,31003KT,10,09
2010-07-24 10:00:00.000,2010,7,24,10,00000KT,10,09
2010-07-24 11:00:00.000,2010,7,24,11,03003KT,09,09
2010-07-24 12:00:00.000,2010,7,24,12,09005KT,12,09
2010-07-24 13:00:00.000,2010,7,24,13,14010KT,15,10
2010-07-24 14:00:00.000,2010,7,24,14,10010KT,17,10
2010-07-24 15:00:00.000,2010,7,24,15,11008KT,17,10
2010-07-24 16:00:00.000,2010,7,24,16,12012KT,17,09
2010-07-24 17:00:00.000,2010,7,24,17,12012KT,18,09
2010-07-24 18:00:00.000,2010,7,24,18,12007KT,17,10
2010-07-24 19:00:00.000,2010,7,24,19,15006KT,16,11
2010-07-24 20:00:00.000,2010,7,24,20,16014KT,18,11
2010-07-24 21:00:00.000,2010,7,24,21,15010KT,17,10
2010-07-24 22:00:00.000,2010,7,24,22,12006KT,16,09
2010-07-24 23:00:00.000,2010,7,24,23,11006KT,15,09
2010-07-25 00:00:00.000,2010,7,25,0,16060KT,15,09
2010-07-25 01:00:00.000,2010,7,25,1,11006KT,15,09
2010-07-25 02:00:00.000,2010,7,25,2,12008KT,14,10
2010-07-25 03:00:00.000,2010,7,25,3,09007KT,14,10
2010-07-25 04:00:00.000,2010,7,25,4,34005KT,12,10
2010-07-25 05:00:00.000,2010,7,25,5,03005KT,11,10
2010-07-25 06:00:00.000,2010,7,25,6,05007KT,11,10
2010-07-25 07:00:00.000,2010,7,25,7,07005KT,10,09
2010-07-25 08:00:00.000,2010,7,25,8,06005KT,11,10
2010-07-25 10:00:00.000,2010,7,25,10,04004KT,10,09
2010-07-25 11:00:00.000,2010,7,25,11,32003KT,11,09
2010-07-25 12:00:00.000,2010,7,25,12,06003KT,11,10
2010-07-25 13:00:00.000,2010,7,25,13,01003KT,13,10
2010-07-25 14:00:00.000,2010,7,25,14,04003KT,14,11
2010-07-25 15:00:00.000,2010,7,25,15,VRB02KT,15,10
2010-07-25 16:00:00.000,2010,7,25,16,12005KT,16,10
2010-07-25 17:00:00.000,2010,7,25,17,11007KT,16,10
2010-07-25 18:00:00.000,2010,7,25,18,11010KT,17,09
2010-07-25 19:00:00.000,2010,7,25,19,17007KT,19,10
2010-07-25 20:00:00.000,2010,7,25,20,05006KT,18,09
2010-07-25 21:00:00.000,2010,7,25,21,10008KT,19,09
2010-07-25 22:00:00.000,2010,7,25,22,08006KT,18,08
2010-07-25 23:00:00.000,2010,7,25,23,00000KT,17,10
2010-07-26 00:00:00.000,2010,7,26,0,32006KT,14,12
2010-07-26 01:00:00.000,2010,7,26,1,35003KT,14,11
2010-07-26 02:00:00.000,2010,7,26,2,03003KT,14,11
2010-07-26 03:00:00.000,2010,7,26,3,04005KT,14,10
2010-07-26 04:00:00.000,2010,7,26,4,04003KT,13,10
2010-07-26 05:00:00.000,2010,7,26,5,VRB02KT,12,10
2010-07-26 06:00:00.000,2010,7,26,6,VRB02KT,12,10
2010-07-26 07:00:00.000,2010,7,26,7,03004KT,12,10
2010-07-26 08:00:00.000,2010,7,26,8,10003KT,12,11
2010-07-26 09:00:00.000,2010,7,26,9,VRB02KT,12,11
2010-07-26 10:00:00.000,2010,7,26,10,33003KT,11,10
2010-07-26 11:00:00.000,2010,7,26,11,03003KT,11,10
2010-07-26 12:00:00.000,2010,7,26,12,03004KT,12,10
2010-07-26 13:00:00.000,2010,7,26,13,VRB02KT,13,11
2010-07-26 14:00:00.000,2010,7,26,14,VRB02KT,15,11
2010-07-26 15:00:00.000,2010,7,26,15,25004KT,16,11
2010-07-26 16:00:00.000,2010,7,26,16,20006KT,17,12
2010-07-26 17:00:00.000,2010,7,26,17,07008KT,16,12
2010-07-26 18:00:00.000,2010,7,26,18,17010KT,16,13
2010-07-26 19:00:00.000,2010,7,26,19,18006KT,18,11
2010-07-26 20:00:00.000,2010,7,26,20,29008KT,16,14
2010-07-26 21:00:00.000,2010,7,26,21,24008KT,15,12
2010-07-26 22:00:00.000,2010,7,26,22,27004KT,15,11
2010-07-26 23:00:00.000,2010,7,26,23,32006KT,14,11
2010-07-27 00:00:00.000,2010,7,27,0,35004KT,13,12
2010-07-27 01:00:00.000,2010,7,27,1,VRB02KT,13,11
2010-07-27 02:00:00.000,2010,7,27,2,VRB02KT,12,11
2010-07-27 03:00:00.000,2010,7,27,3,04007KT,12,11
2010-07-27 04:00:00.000,2010,7,27,4,04004KT,12,11
2010-07-27 05:00:00.000,2010,7,27,5,05004KT,12,11
2010-07-27 06:00:00.000,2010,7,27,6,04004KT,11,11
2010-07-27 07:00:00.000,2010,7,27,7,03003KT,11,10
2010-07-27 08:00:00.000,2010,7,27,8,08004KT,11,10
2010-07-27 09:00:00.000,2010,7,27,9,05003KT,11,10
2010-07-27 10:00:00.000,2010,7,27,10,05003KT,10,10
2010-07-27 11:00:00.000,2010,7,27,11,08003KT,11,10
2010-07-27 12:00:00.000,2010,7,27,12,06003KT,12,10
2010-07-27 13:00:00.000,2010,7,27,13,06003KT,13,11
2010-07-27 14:00:00.000,2010,7,27,14,03003KT,14,11
2010-07-27 15:00:00.000,2010,7,27,15,05005KT,15,12
2010-07-27 16:00:00.000,2010,7,27,16,06003KT,17,12
2010-07-27 17:00:00.000,2010,7,27,17,04008KT,16,13
2010-07-27 18:00:00.000,2010,7,27,18,03008KT,17,13
2010-07-27 19:00:00.000,2010,7,27,19,30010KT,14,13
2010-07-27 20:00:00.000,2010,7,27,20,01007KT,14,12
2010-07-27 21:00:00.000,2010,7,27,21,33005KT,13,12
2010-07-27 22:00:00.000,2010,7,27,22,VRB02KT,13,12
2010-07-28 00:00:00.000,2010,7,28,0,16006KT,13,11
2010-07-28 01:00:00.000,2010,7,28,1,14008KT,13,10
2010-07-28 02:00:00.000,2010,7,28,2,14008KT,13,10
2010-07-28 03:00:00.000,2010,7,28,3,14007KT,13,11
2010-07-28 04:00:00.000,2010,7,28,4,16006KT,12,10
2010-07-28 05:00:00.000,2010,7,28,5,30003KT,11,10
2010-07-28 06:00:00.000,2010,7,28,6,05004KT,10,09
2010-07-28 13:00:00.000,2010,7,28,13,08003KT,13,10
2010-07-28 14:00:00.000,2010,7,28,14,04003KT,14,10
2010-07-28 15:00:00.000,2010,7,28,15,16009KT,16,10
2010-07-28 16:00:00.000,2010,7,28,16,16005KT,17,10
2010-07-28 17:00:00.000,2010,7,28,17,07005KT,18,10
2010-07-28 18:00:00.000,2010,7,28,18,15006KT,17,10
2010-07-28 19:00:00.000,2010,7,28,19,10006KT,19,10
2010-07-28 20:00:00.000,2010,7,28,20,30012KT,15,11
2010-07-28 21:00:00.000,2010,7,28,21,29009KT,15,10
2010-07-28 22:00:00.000,2010,7,28,22,32010KT,14,08
2010-07-28 23:00:00.000,2010,7,28,23,32005KT,12,09
2010-07-29 00:00:00.000,2010,7,29,0,21003KT,12,09
2010-07-29 01:00:00.000,2010,7,29,1,VRB02KT,11,08
2010-07-29 02:00:00.000,2010,7,29,2,VRB02KT,12,08
2010-07-29 03:00:00.000,2010,7,29,3,06003KT,11,09
2010-07-29 04:00:00.000,2010,7,29,4,VRB02KT,10,08
2010-07-29 06:00:00.000,2010,7,29,6,00000KT,09,08
2010-07-29 07:00:00.000,2010,7,29,7,29003KT,10,09
2010-07-29 08:00:00.000,2010,7,29,8,VRB02KT,09,08
2010-07-29 09:00:00.000,2010,7,29,9,VRB02KT,08,07
2010-07-29 10:00:00.000,2010,7,29,10,VRB02KT,07,07
2010-07-29 11:00:00.000,2010,7,29,11,VRB02KT,08,08
2010-07-29 12:00:00.000,2010,7,29,12,VRB02KT,09,09
2010-07-29 13:00:00.000,2010,7,29,13,VRB02KT,12,10
2010-07-29 14:00:00.000,2010,7,29,14,VRB02KT,15,11
2010-07-29 15:00:00.000,2010,7,29,15,10004KT,17,11
2010-07-29 16:00:00.000,2010,7,29,16,VRBSKCL,26,19
2010-07-29 17:00:00.000,2010,7,29,17,10004KT,17,10
2010-07-29 18:00:00.000,2010,7,29,18,VRB02KT,14,12
2010-07-29 19:00:00.000,2010,7,29,19,13004KT,14,12
2010-07-29 20:00:00.000,2010,7,29,20,00000KT,15,12
2010-07-29 21:00:00.000,2010,7,29,21,01006KT,16,11
2010-07-29 22:00:00.000,2010,7,29,22,03004KT,16,10
2010-07-29 23:00:00.000,2010,7,29,23,03003KT,15,10
2010-07-30 01:00:00.000,2010,7,30,1,00000KT,12,10
2010-07-30 02:00:00.000,2010,7,30,2,31003KT,11,10
2010-07-30 03:00:00.000,2010,7,30,3,32003KT,10,10
2010-07-30 04:00:00.000,2010,7,30,4,VRB02KT,10,09
2010-07-30 05:00:00.000,2010,7,30,5,25003KT,09,09
2010-07-30 06:00:00.000,2010,7,30,6,00000KT,08,08
2010-07-30 07:00:00.000,2010,7,30,7,29003KT,08,08
2010-07-30 08:00:00.000,2010,7,30,8,00000KT,08,08
2010-07-30 09:00:00.000,2010,7,30,9,27003KT,08,08
2010-07-30 10:00:00.000,2010,7,30,10,VRB02KT,08,08
2010-07-30 11:00:00.000,2010,7,30,11,VRB02KT,09,09
2010-07-30 12:00:00.000,2010,7,30,12,VRB02KT,09,08
2010-07-30 13:00:00.000,2010,7,30,13,32004KT,10,09
2010-07-30 14:00:00.000,2010,7,30,14,03006KT,14,11
2010-07-30 15:00:00.000,2010,7,30,15,35004KT,16,10
2010-07-30 16:00:00.000,2010,7,30,16,VRB02KT,18,10
2010-07-30 17:00:00.000,2010,7,30,17,33006KT,18,10
2010-07-30 18:00:00.000,2010,7,30,18,24010KT,17,12
2010-07-30 19:00:00.000,2010,7,30,19,25008KT,16,13
2010-07-30 20:00:00.000,2010,7,30,20,22008KT,17,12
2010-07-30 21:00:00.000,2010,7,30,21,26007KT,16,12
2010-07-30 23:00:00.000,2010,7,30,23,29005KT,15,12
2010-07-31 00:00:00.000,2010,7,31,0,32005KT,15,12
2010-07-31 02:00:00.000,2010,7,31,2,36003KT,13,11
2010-07-31 03:00:00.000,2010,7,31,3,34003KT,13,11
2010-07-31 04:00:00.000,2010,7,31,4,30004KT,13,11
2010-07-31 05:00:00.000,2010,7,31,5,VRB02KT,13,12
2010-07-31 06:00:00.000,2010,7,31,6,VRB02KT,13,12
2010-07-31 08:00:00.000,2010,7,31,8,00000KT,13,12
2010-07-31 11:00:00.000,2010,7,31,11,35004KT,12,11
2010-07-31 12:00:00.000,2010,7,31,12,VRB02KT,12,11
2010-07-31 13:00:00.000,2010,7,31,13,VRB02KT,13,11
2010-07-31 14:00:00.000,2010,7,31,14,VRB02KT,15,11
2010-07-31 15:00:00.000,2010,7,31,15,VRB02KT,16,11
2010-07-31 16:00:00.000,2010,7,31,16,01003KT,18,11
2010-07-31 17:00:00.000,2010,7,31,17,04003KT,19,11
2010-07-31 18:00:00.000,2010,7,31,18,28009KT,13,13
2010-07-31 19:00:00.000,2010,7,31,19,29010KT,15,14
2010-07-31 20:00:00.000,2010,7,31,20,27007KT,15,13
2010-07-31 21:00:00.000,2010,7,31,21,21004KT,15,13
2010-07-31 22:00:00.000,2010,7,31,22,23005KT,13,12
2010-07-31 23:00:00.000,2010,7,31,23,VRB02KT,13,12
2010-08-01 00:00:00.000,2010,8,1,0,00000KT,13,12
2010-08-01 01:00:00.000,2010,8,1,1,29004KT,13,11
2010-08-01 02:00:00.000,2010,8,1,2,00000KT,12,11
2010-08-01 03:00:00.000,2010,8,1,3,04003KT,11,10
2010-08-01 04:00:00.000,2010,8,1,4,VRB02KT,11,10
2010-08-01 05:00:00.000,2010,8,1,5,VRB02KT,12,11
2010-08-01 06:00:00.000,2010,8,1,6,03004KT,12,11
2010-08-01 07:00:00.000,2010,8,1,7,VRB02KT,12,11
2010-08-01 08:00:00.000,2010,8,1,8,VRB02KT,12,11
2010-08-01 09:00:00.000,2010,8,1,9,VRB02KT,12,11
2010-08-01 10:00:00.000,2010,8,1,10,00000KT,12,11
2010-08-01 11:00:00.000,2010,8,1,11,VRB02KT,11,11
2010-08-01 12:00:00.000,2010,8,1,12,34003KT,12,12
2010-08-01 13:00:00.000,2010,8,1,13,04004KT,13,12
2010-08-01 14:00:00.000,2010,8,1,14,02003KT,16,12
2010-08-01 15:00:00.000,2010,8,1,15,04003KT,16,11
2010-08-01 16:00:00.000,2010,8,1,16,31004KT,17,12
2010-08-01 17:00:00.000,2010,8,1,17,24008KT,15,13
2010-08-01 18:00:00.000,2010,8,1,18,24008KT,14,13
2010-08-01 19:00:00.000,2010,8,1,19,25006KT,13,12
2010-08-01 20:00:00.000,2010,8,1,20,30006KT,13,12
2010-08-01 21:00:00.000,2010,8,1,21,15006KT,13,10
2010-08-01 22:00:00.000,2010,8,1,22,04004KT,13,10
2010-08-01 23:00:00.000,2010,8,1,23,04006KT,13,10
2010-08-02 00:00:00.000,2010,8,2,0,06005KT,13,10
2010-08-02 01:00:00.000,2010,8,2,1,03004KT,12,10
2010-08-02 02:00:00.000,2010,8,2,2,03004KT,12,10
2010-08-02 03:00:00.000,2010,8,2,3,04006KT,12,10
2010-08-02 04:00:00.000,2010,8,2,4,04006KT,12,11
2010-08-02 05:00:00.000,2010,8,2,5,06004KT,11,10
2010-08-02 06:00:00.000,2010,8,2,6,VRB02KT,11,10
2010-08-02 07:00:00.000,2010,8,2,7,01004KT,10,09
2010-08-02 08:00:00.000,2010,8,2,8,00000KT,09,08
2010-08-02 09:00:00.000,2010,8,2,9,00000KT,08,08
2010-08-02 10:00:00.000,2010,8,2,10,VRB02KT,08,08
2010-08-02 11:00:00.000,2010,8,2,11,00000KT,08,08
2010-08-02 12:00:00.000,2010,8,2,12,03003KT,11,10
2010-08-02 13:00:00.000,2010,8,2,13,08003KT,14,11
2010-08-02 14:00:00.000,2010,8,2,14,04005KT,15,11
2010-08-02 15:00:00.000,2010,8,2,15,16006KT,18,11
2010-08-02 16:00:00.000,2010,8,2,16,03004KT,18,10
2010-08-02 17:00:00.000,2010,8,2,17,13009KT,19,10
2010-08-02 18:00:00.000,2010,8,2,18,10010KT,19,10
2010-08-02 19:00:00.000,2010,8,2,19,09010KT,18,10
2010-08-02 20:00:00.000,2010,8,2,20,10010KT,18,10
2010-08-02 21:00:00.000,2010,8,2,21,18005KT,19,10
2010-08-02 22:00:00.000,2010,8,2,22,26010KT,17,13
2010-08-02 23:00:00.000,2010,8,2,23,29050KT,15,13
2010-08-03 00:00:00.000,2010,8,3,0,VRB02KT,14,12
2010-08-03 02:00:00.000,2010,8,3,2,33004KT,12,11
2010-08-03 03:00:00.000,2010,8,3,3,VRB02KT,12,11
2010-08-03 04:00:00.000,2010,8,3,4,VRB02KT,11,10
2010-08-03 05:00:00.000,2010,8,3,5,VRB02KT,10,09
2010-08-03 06:00:00.000,2010,8,3,6,VRB02KT,11,10
2010-08-03 07:00:00.000,2010,8,3,7,00000KT,10,10
2010-08-03 08:00:00.000,2010,8,3,8,VRB02KT,09,09
2010-08-03 09:00:00.000,2010,8,3,9,VRB02KT,09,09
2010-08-03 10:00:00.000,2010,8,3,10,31003KT,10,09
2010-08-03 11:00:00.000,2010,8,3,11,VRB02KT,10,10
2010-08-03 13:00:00.000,2010,8,3,13,05004KT,12,11
2010-08-03 14:00:00.000,2010,8,3,14,06006KT,12,12
2010-08-03 15:00:00.000,2010,8,3,15,04006KT,13,12
2010-08-03 16:00:00.000,2010,8,3,16,04007KT,14,12
2010-08-03 17:00:00.000,2010,8,3,17,05006KT,15,11
2010-08-03 18:00:00.000,2010,8,3,18,03006KT,16,11
2010-08-03 19:00:00.000,2010,8,3,19,22006KT,15,11
2010-08-03 20:00:00.000,2010,8,3,20,27004KT,16,12
2010-08-03 21:00:00.000,2010,8,3,21,32004KT,16,10
2010-08-03 22:00:00.000,2010,8,3,22,23010KT,15,12
2010-08-03 23:00:00.000,2010,8,3,23,24006KT,14,12
2010-08-04 00:00:00.000,2010,8,4,0,27003KT,13,11
2010-08-04 01:00:00.000,2010,8,4,1,26004KT,13,11
2010-08-04 02:00:00.000,2010,8,4,2,32003KT,13,11
2010-08-04 03:00:00.000,2010,8,4,3,10003KT,13,11
2010-08-04 04:00:00.000,2010,8,4,4,00000KT,13,11
2010-08-04 05:00:00.000,2010,8,4,5,00000KT,13,11
2010-08-04 06:00:00.000,2010,8,4,6,00000KT,12,10
2010-08-04 07:00:00.000,2010,8,4,7,00000KT,12,10
2010-08-04 08:00:00.000,2010,8,4,8,34003KT,12,11
2010-08-04 09:00:00.000,2010,8,4,9,33003KT,12,11
2010-08-04 10:00:00.000,2010,8,4,10,00000KT,12,11
2010-08-04 11:00:00.000,2010,8,4,11,31005KT,12,11
2010-08-04 12:00:00.000,2010,8,4,12,02003KT,12,11
2010-08-04 13:00:00.000,2010,8,4,13,VRB02KT,13,11
2010-08-04 14:00:00.000,2010,8,4,14,VRB02KT,15,11
2010-08-04 15:00:00.000,2010,8,4,15,16010KT,16,11
2010-08-04 16:00:00.000,2010,8,4,16,17012KT,18,10
2010-08-04 17:00:00.000,2010,8,4,17,17010KT,18,11
2010-08-04 18:00:00.000,2010,8,4,18,17010KT,18,10
2010-08-04 19:00:00.000,2010,8,4,19,17014KT,19,11
2010-08-04 20:00:00.000,2010,8,4,20,17012KT,19,11
2010-08-04 21:00:00.000,2010,8,4,21,22014KT,18,10
2010-08-04 22:00:00.000,2010,8,4,22,22010KT,16,11
2010-08-04 23:00:00.000,2010,8,4,23,24006KT,15,12
2010-08-05 00:00:00.000,2010,8,5,0,24003KT,14,11
2010-08-05 01:00:00.000,2010,8,5,1,14006KT,13,09
2010-08-05 02:00:00.000,2010,8,5,2,VRB02KT,12,08
2010-08-05 03:00:00.000,2010,8,5,3,VRB02KT,11,09
2010-08-05 04:00:00.000,2010,8,5,4,17004KT,11,08
2010-08-05 05:00:00.000,2010,8,5,5,VRB02KT,11,08
2010-08-05 06:00:00.000,2010,8,5,6,VRB02KT,10,08
2010-08-05 07:00:00.000,2010,8,5,7,VRB02KT,09,08
2010-08-05 08:00:00.000,2010,8,5,8,VRB02KT,09,08
2010-08-05 09:00:00.000,2010,8,5,9,VRB02KT,08,08
2010-08-05 10:00:00.000,2010,8,5,10,13004KT,10,07
2010-08-05 11:00:00.000,2010,8,5,11,VRB02KT,10,07
2010-08-05 12:00:00.000,2010,8,5,12,15008KT,12,09
2010-08-05 13:00:00.000,2010,8,5,13,15006KT,16,08
2010-08-05 14:00:00.000,2010,8,5,14,15008KT,16,09
2010-08-05 15:00:00.000,2010,8,5,15,14016KT,18,10
2010-08-05 16:00:00.000,2010,8,5,16,14014KT,18,10
2010-08-05 17:00:00.000,2010,8,5,17,16012KT,19,10
2010-08-05 18:00:00.000,2010,8,5,18,13012KT,19,09
2010-08-05 19:00:00.000,2010,8,5,19,16012KT,20,10
2010-08-05 20:00:00.000,2010,8,5,20,18012KT,21,10
2010-08-05 21:00:00.000,2010,8,5,21,15012KT,20,09
2010-08-05 22:00:00.000,2010,8,5,22,14012KT,18,09
2010-08-05 23:00:00.000,2010,8,5,23,16010KT,16,09
2010-08-06 00:00:00.000,2010,8,6,0,16011KT,15,09
2010-08-06 01:00:00.000,2010,8,6,1,16010KT,14,09
2010-08-06 02:00:00.000,2010,8,6,2,14004KT,13,09
2010-08-06 03:00:00.000,2010,8,6,3,08008KT,13,10
2010-08-06 04:00:00.000,2010,8,6,4,VRB02KT,12,09
2010-08-06 05:00:00.000,2010,8,6,5,33004KT,11,10
2010-08-06 06:00:00.000,2010,8,6,6,VRB02TK,12,09
2010-08-06 07:00:00.000,2010,8,6,7,00000KT,12,10
2010-08-06 08:00:00.000,2010,8,6,8,00000KT,12,10
2010-08-06 09:00:00.000,2010,8,6,9,00000KT,11,10
2010-08-06 10:00:00.000,2010,8,6,10,02003KT,12,10
2010-08-06 11:00:00.000,2010,8,6,11,02004KT,12,10
2010-08-06 12:00:00.000,2010,8,6,12,05004KT,14,11
2010-08-06 13:00:00.000,2010,8,6,13,04006KT,14,11
2010-08-06 14:00:00.000,2010,8,6,14,36004KT,15,11
2010-08-06 15:00:00.000,2010,8,6,15,31004KT,16,11
2010-08-06 16:00:00.000,2010,8,6,16,27004KT,17,11
2010-08-06 17:00:00.000,2010,8,6,17,04004KT,18,12
2010-08-06 18:00:00.000,2010,8,6,18,07006KT,18,11
2010-08-06 19:00:00.000,2010,8,6,19,27007KT,16,12
2010-08-06 20:00:00.000,2010,8,6,20,29005KT,15,13
2010-08-06 21:00:00.000,2010,8,6,21,28007KT,16,12
2010-08-06 22:00:00.000,2010,8,6,22,23006KT,14,12
2010-08-06 23:00:00.000,2010,8,6,23,27004KT,13,11
2010-08-07 00:00:00.000,2010,8,7,0,VRB02KT,12,10
2010-08-07 01:00:00.000,2010,8,7,1,VRB02KT,11,10
2010-08-07 02:00:00.000,2010,8,7,2,32004KT,11,10
2010-08-07 03:00:00.000,2010,8,7,3,VRB02KT,11,10
2010-08-07 04:00:00.000,2010,8,7,4,03004KT,11,10
2010-08-07 05:00:00.000,2010,8,7,5,VRB02KT,10,09
2010-08-07 06:00:00.000,2010,8,7,6,VRB02KT,10,09
2010-08-07 07:00:00.000,2010,8,7,7,VRB02KT,09,09
2010-08-07 08:00:00.000,2010,8,7,8,VRB02KT,09,09
2010-08-07 09:00:00.000,2010,8,7,9,VRB02KT,08,08
2010-08-07 10:00:00.000,2010,8,7,10,VRB02KT,07,07
2010-08-07 11:00:00.000,2010,8,7,11,00000KT,07,07
2010-08-07 12:00:00.000,2010,8,7,12,00000KT,09,09
2010-08-07 13:00:00.000,2010,8,7,13,VRB02KT,12,11
2010-08-07 14:00:00.000,2010,8,7,14,04005KT,15,11
2010-08-07 15:00:00.000,2010,8,7,15,35004KT,17,11
2010-08-07 16:00:00.000,2010,8,7,16,00000KT,18,10
2010-08-07 17:00:00.000,2010,8,7,17,24012KT,15,11
2010-08-07 18:00:00.000,2010,8,7,18,22008KT,14,11
2010-08-07 19:00:00.000,2010,8,7,19,30005KT,16,13
2010-08-07 20:00:00.000,2010,8,7,20,24004KT,17,10
2010-08-07 21:00:00.000,2010,8,7,21,27004KT,16,12
2010-08-07 22:00:00.000,2010,8,7,22,26004KT,17,11
2010-08-07 23:00:00.000,2010,8,7,23,VRB02KT,15,12
2010-08-08 00:00:00.000,2010,8,8,0,28004KT,14,11
2010-08-08 01:00:00.000,2010,8,8,1,02003KT,13,11
2010-08-08 02:00:00.000,2010,8,8,2,00000KT,12,11
2010-08-08 03:00:00.000,2010,8,8,3,VRB02KT,13,11
2010-08-08 04:00:00.000,2010,8,8,4,05003KT,13,11
2010-08-08 05:00:00.000,2010,8,8,5,VRB02KT,13,10
2010-08-08 06:00:00.000,2010,8,8,6,VRB02KT,13,11
2010-08-08 07:00:00.000,2010,8,8,7,VRB02KT,12,11
2010-08-08 08:00:00.000,2010,8,8,8,27005KT,12,11
2010-08-08 09:00:00.000,2010,8,8,9,03003KT,12,11
2010-08-08 10:00:00.000,2010,8,8,10,VRB02KT,11,11
2010-08-08 11:00:00.000,2010,8,8,11,00000KT,10,10
2010-08-08 12:00:00.000,2010,8,8,12,33003KT,11,11
2010-08-08 13:00:00.000,2010,8,8,13,01004KT,13,11
2010-08-08 14:00:00.000,2010,8,8,14,06006KT,15,11
2010-08-08 15:00:00.000,2010,8,8,15,14006KT,17,10
2010-08-08 16:00:00.000,2010,8,8,16,VRB02KT,18,10
2010-08-08 17:00:00.000,2010,8,8,17,23006KT,19,09
2010-08-08 18:00:00.000,2010,8,8,18,24008KT,18,11
2010-08-08 19:00:00.000,2010,8,8,19,30010KT,16,13
2010-08-08 20:00:00.000,2010,8,8,20,28008KT,14,12
2010-08-08 21:00:00.000,2010,8,8,21,30008KT,14,12
2010-08-08 22:00:00.000,2010,8,8,22,27006KT,14,11
2010-08-08 23:00:00.000,2010,8,8,23,VRB02KT,13,11
2010-08-09 00:00:00.000,2010,8,9,0,30003KT,13,11
2010-08-09 01:00:00.000,2010,8,9,1,18003KT,13,11
2010-08-09 02:00:00.000,2010,8,9,2,33003KT,13,10
2010-08-09 03:00:00.000,2010,8,9,3,30004KT,13,11
2010-08-09 04:00:00.000,2010,8,9,4,29003KT,13,11
2010-08-09 05:00:00.000,2010,8,9,5,15003KT,13,11
2010-08-09 08:00:00.000,2010,8,9,8,VRB02KT,12,11
2010-08-09 09:00:00.000,2010,8,9,9,11004KT,12,11
2010-08-09 10:00:00.000,2010,8,9,10,28005KT,11,10
2010-08-09 11:00:00.000,2010,8,9,11,00000KT,11,10
2010-08-09 12:00:00.000,2010,8,9,12,VRB02KT,12,11
2010-08-09 13:00:00.000,2010,8,9,13,13004KT,15,10
2010-08-09 14:00:00.000,2010,8,9,14,14006KT,16,09
2010-08-09 15:00:00.000,2010,8,9,15,14010KT,17,10
2010-08-09 16:00:00.000,2010,8,9,16,22006KT,17,11
2010-08-09 17:00:00.000,2010,8,9,17,24008KT,17,12
2010-08-09 18:00:00.000,2010,8,9,18,23012KT,19,12
2010-08-09 19:00:00.000,2010,8,9,19,30008KT,17,12
2010-08-09 20:00:00.000,2010,8,9,20,31008KT,18,12
2010-08-09 21:00:00.000,2010,8,9,21,28003KT,17,10
2010-08-09 22:00:00.000,2010,8,9,22,15010KT,17,07
2010-08-09 23:00:00.000,2010,8,9,23,14008KT,15,06
2010-08-10 00:00:00.000,2010,8,10,0,19011KT,15,07
2010-08-10 01:00:00.000,2010,8,10,1,19008KT,15,07
2010-08-10 02:00:00.000,2010,8,10,2,26004KT,14,08
2010-08-10 03:00:00.000,2010,8,10,3,03004KT,13,08
2010-08-10 04:00:00.000,2010,8,10,4,VRB02KT,13,08
2010-08-10 05:00:00.000,2010,8,10,5,VRB02KT,12,08
2010-08-10 06:00:00.000,2010,8,10,6,04003KT,12,08
2010-08-10 07:00:00.000,2010,8,10,7,05003KT,12,09
2010-08-10 08:00:00.000,2010,8,10,8,08003KT,11,09
2010-08-10 09:00:00.000,2010,8,10,9,VRB02KT,10,09
2010-08-10 10:00:00.000,2010,8,10,10,03004KT,10,08
2010-08-10 11:00:00.000,2010,8,10,11,02003KT,10,08
2010-08-10 12:00:00.000,2010,8,10,12,05008KT,11,09
2010-08-10 13:00:00.000,2010,8,10,13,08008KT,13,08
2010-08-10 14:00:00.000,2010,8,10,14,08007KT,14,09
2010-08-10 15:00:00.000,2010,8,10,15,18005KT,16,07
2010-08-10 16:00:00.000,2010,8,10,16,20006KT,18,09
2010-08-10 17:00:00.000,2010,8,10,17,26005KT,18,09
2010-08-10 18:00:00.000,2010,8,10,18,29008KT,15,11
2010-08-10 19:00:00.000,2010,8,10,19,29010KT,15,11
2010-08-10 20:00:00.000,2010,8,10,20,27008KT,16,11
2010-08-10 21:00:00.000,2010,8,10,21,29005KT,15,10
2010-08-10 22:00:00.000,2010,8,10,22,29006KT,15,09
2010-08-10 23:00:00.000,2010,8,10,23,33004KT,14,10
2010-08-11 00:00:00.000,2010,8,11,0,09003KT,14,11
2010-08-11 01:00:00.000,2010,8,11,1,16010KT,14,09
2010-08-11 02:00:00.000,2010,8,11,2,12006KT,14,09
2010-08-11 03:00:00.000,2010,8,11,3,34003KT,13,10
2010-08-11 04:00:00.000,2010,8,11,4,02003KT,13,10
2010-08-11 05:00:00.000,2010,8,11,5,VRB02KT,12,10
2010-08-11 06:00:00.000,2010,8,11,6,05003KT,12,10
2010-08-11 07:00:00.000,2010,8,11,7,VRB02KT,10,09
2010-08-11 08:00:00.000,2010,8,11,8,VRB02KT,10,09
2010-08-11 09:00:00.000,2010,8,11,9,06003KT,11,10
2010-08-11 10:00:00.000,2010,8,11,10,06003KT,11,10
2010-08-11 11:00:00.000,2010,8,11,11,34003KT,11,10
2010-08-11 12:00:00.000,2010,8,11,12,03004KT,12,09
2010-08-11 13:00:00.000,2010,8,11,13,09002KT,15,10
2010-08-11 14:00:00.000,2010,8,11,14,16007KT,16,10
2010-08-11 15:00:00.000,2010,8,11,15,15012KT,17,10
2010-08-11 16:00:00.000,2010,8,11,16,13012KT,18,10
2010-08-11 17:00:00.000,2010,8,11,17,16015KT,17,09
2010-08-11 18:00:00.000,2010,8,11,18,15012KT,17,10
2010-08-11 19:00:00.000,2010,8,11,19,17015KT,18,10
2010-08-11 20:00:00.000,2010,8,11,20,17012KT,18,10
2010-08-11 21:00:00.000,2010,8,11,21,13007KT,18,09
2010-08-11 22:00:00.000,2010,8,11,22,15009KT,17,10
2010-08-11 23:00:00.000,2010,8,11,23,18010KT,15,10
2010-08-12 00:00:00.000,2010,8,12,0,17012KT,14,09
2010-08-12 01:00:00.000,2010,8,12,1,14004KT,13,09
2010-08-12 02:00:00.000,2010,8,12,2,VRB02KT,13,10
2010-08-12 03:00:00.000,2010,8,12,3,14007KT,13,09
2010-08-12 04:00:00.000,2010,8,12,4,13003KT,13,09
2010-08-12 05:00:00.000,2010,8,12,5,05003KT,12,10
2010-08-12 06:00:00.000,2010,8,12,6,04004KT,11,09
2010-08-12 07:00:00.000,2010,8,12,7,34003KT,10,09
2010-08-12 08:00:00.000,2010,8,12,8,VRB02KT,11,10
2010-08-12 09:00:00.000,2010,8,12,9,05004KT,10,09
2010-08-12 10:00:00.000,2010,8,12,10,33004KT,10,09
2010-08-12 11:00:00.000,2010,8,12,11,VRB02KT,10,09
2010-08-12 12:00:00.000,2010,8,12,12,03003KT,12,10
2010-08-12 13:00:00.000,2010,8,12,13,VRB02KT,12,10
2010-08-12 14:00:00.000,2010,8,12,14,VRB02KT,13,11
2010-08-12 15:00:00.000,2010,8,12,15,05004KT,16,11
2010-08-12 16:00:00.000,2010,8,12,16,04008KT,17,11
2010-08-12 17:00:00.000,2010,8,12,17,07008KT,17,12
2010-08-12 18:00:00.000,2010,8,12,18,08012KT,17,12
2010-08-12 19:00:00.000,2010,8,12,19,13012KT,18,12
2010-08-12 20:00:00.000,2010,8,12,20,15012KT,17,10
2010-08-12 21:00:00.000,2010,8,12,21,16010KT,17,10
2010-08-12 22:00:00.000,2010,8,12,22,14006KT,17,10
2010-08-12 23:00:00.000,2010,8,12,23,14008KT,16,10
2010-08-13 00:00:00.000,2010,8,13,0,13004KT,15,10
2010-08-13 01:00:00.000,2010,8,13,1,16004KT,15,10
2010-08-13 02:00:00.000,2010,8,13,2,05003KT,14,10
2010-08-13 03:00:00.000,2010,8,13,3,05005KT,13,10
2010-08-13 04:00:00.000,2010,8,13,4,14003KT,13,10
2010-08-13 05:00:00.000,2010,8,13,5,13003KT,12,10
2010-08-13 06:00:00.000,2010,8,13,6,04004KT,12,10
2010-08-13 07:00:00.000,2010,8,13,7,04004KT,12,10
2010-08-13 08:00:00.000,2010,8,13,8,05004KT,10,09
2010-08-13 09:00:00.000,2010,8,13,9,00000KT,10,09
2010-08-13 10:00:00.000,2010,8,13,10,VRB02KT,11,10
2010-08-13 11:00:00.000,2010,8,13,11,30003KT,09,09
2010-08-13 12:00:00.000,2010,8,13,12,35003KT,11,11
2010-08-13 13:00:00.000,2010,8,13,13,VRB02KT,13,10
2010-08-13 14:00:00.000,2010,8,13,14,VRB02KT,14,11
2010-08-13 15:00:00.000,2010,8,13,15,17009KT,14,12
2010-08-13 16:00:00.000,2010,8,13,16,19003KT,16,12
2010-08-13 17:00:00.000,2010,8,13,17,16011KT,16,10
2010-08-13 18:00:00.000,2010,8,13,18,18014KT,18,09
2010-08-13 19:00:00.000,2010,8,13,19,16015KT,18,09
2010-08-13 20:00:00.000,2010,8,13,20,15018KT,18,09
2010-08-13 21:00:00.000,2010,8,13,21,15016KT,17,08
2010-08-13 22:00:00.000,2010,8,13,22,15005KT,16,08
2010-08-13 23:00:00.000,2010,8,13,23,13012KT,15,08
2010-08-14 00:00:00.000,2010,8,14,0,12007KT,14,07
2010-08-14 01:00:00.000,2010,8,14,1,VRB02KT,12,08
2010-08-14 02:00:00.000,2010,8,14,2,VRB02KT,11,08
2010-08-14 03:00:00.000,2010,8,14,3,VRB02KT,12,08
2010-08-14 04:00:00.000,2010,8,14,4,06003KT,,
2010-08-14 05:00:00.000,2010,8,14,5,07003KT,10,08
2010-08-14 06:00:00.000,2010,8,14,6,31009KT,09,08
2010-08-14 07:00:00.000,2010,8,14,7,31003KT,07,06
2010-08-14 08:00:00.000,2010,8,14,8,VRB02KT,08,08
2010-08-14 09:00:00.000,2010,8,14,9,VRB02KT,09,08
2010-08-14 10:00:00.000,2010,8,14,10,05003KT,09,08
2010-08-14 11:00:00.000,2010,8,14,11,18003KT,10,09
2010-08-14 12:00:00.000,2010,8,14,12,10003KT,10,10
2010-08-14 13:00:00.000,2010,8,14,13,25006KT,11,08
2010-08-14 14:00:00.000,2010,8,14,14,11004KT,11,09
2010-08-14 15:00:00.000,2010,8,14,15,08003KT,12,10
2010-08-14 16:00:00.000,2010,8,14,16,12005KT,14,11
2010-08-14 17:00:00.000,2010,8,14,17,02006KT,16,11
2010-08-14 18:00:00.000,2010,8,14,18,06008KT,16,10
2010-08-14 19:00:00.000,2010,8,14,19,22008KT,14,13
2010-08-14 20:00:00.000,2010,8,14,20,27007KT,14,12
2010-08-14 21:00:00.000,2010,8,14,21,26006KT,14,12
2010-08-14 22:00:00.000,2010,8,14,22,26007KT,14,12
2010-08-14 23:00:00.000,2010,8,14,23,24004KT,13,11
2010-08-15 00:00:00.000,2010,8,15,0,27003KT,13,11
2010-08-15 01:00:00.000,2010,8,15,1,25004KT,13,11
2010-08-15 02:00:00.000,2010,8,15,2,00000KT,13,12
2010-08-15 03:00:00.000,2010,8,15,3,07004KT,13,12
2010-08-15 04:00:00.000,2010,8,15,4,30005KT,12,11
2010-08-15 05:00:00.000,2010,8,15,5,00000KT,11,10
2010-08-15 06:00:00.000,2010,8,15,6,24006KT,11,11
2010-08-15 07:00:00.000,2010,8,15,7,VRB02KT,11,10
2010-08-15 08:00:00.000,2010,8,15,8,04006KT,10,10
2010-08-15 09:00:00.000,2010,8,15,9,32004KT,10,10
2010-08-15 10:00:00.000,2010,8,15,10,27003KT,10,10
2010-08-15 11:00:00.000,2010,8,15,11,30003KT,09,09
2010-08-15 12:00:00.000,2010,8,15,12,31003KT,10,09
2010-08-15 13:00:00.000,2010,8,15,13,00000KT,14,10
2010-08-15 14:00:00.000,2010,8,15,14,190003KT,16,09
2010-08-15 15:00:00.000,2010,8,15,15,12005KT,17,10
2010-08-15 16:00:00.000,2010,8,15,16,16004KT,18,09
2010-08-15 17:00:00.000,2010,8,15,17,27011KT,17,11
2010-08-15 18:00:00.000,2010,8,15,18,14003KT,17,12
2010-08-15 19:00:00.000,2010,8,15,19,17010KT,16,12
2010-08-15 20:00:00.000,2010,8,15,20,17011KT,16,11
2010-08-15 21:00:00.000,2010,8,15,21,28007KT,15,12
2010-08-15 22:00:00.000,2010,8,15,22,16010KT,15,09
2010-08-15 23:00:00.000,2010,8,15,23,15010KT,15,10
2010-08-16 00:00:00.000,2010,8,16,0,17010KT,14,10
2010-08-16 01:00:00.000,2010,8,16,1,22004KT,13,10
2010-08-16 02:00:00.000,2010,8,16,2,18008KT,12,09
2010-08-16 03:00:00.000,2010,8,16,3,16005KT,12,09
2010-08-16 04:00:00.000,2010,8,16,4,19006KT,12,09
2010-08-16 05:00:00.000,2010,8,16,5,VRB02KT,11,09
2010-08-16 06:00:00.000,2010,8,16,6,VRB02KT,11,09
2010-08-16 07:00:00.000,2010,8,16,7,18003KT,11,10
2010-08-16 08:00:00.000,2010,8,16,8,VRB02KT,11,09
2010-08-16 09:00:00.000,2010,8,16,9,VRB02KT,11,09
2010-08-16 10:00:00.000,2010,8,16,10,29003KT,10,09
2010-08-16 11:00:00.000,2010,8,16,11,07004KT,10,09
2010-08-16 12:00:00.000,2010,8,16,12,02004KT,11,09
2010-08-16 13:00:00.000,2010,8,16,13,01004KT,14,09
2010-08-16 14:00:00.000,2010,8,16,14,17008KT,16,09
2010-08-16 15:00:00.000,2010,8,16,15,16012KT,16,08
2010-08-16 16:00:00.000,2010,8,16,16,18018KT,18,09
2010-08-16 17:00:00.000,2010,8,16,17,18014KT,18,09
2010-08-16 18:00:00.000,2010,8,16,18,17014KT,19,09
2010-08-16 19:00:00.000,2010,8,16,19,14014KT,19,08
2010-08-16 20:00:00.000,2010,8,16,20,15012KT,19,07
2010-08-16 21:00:00.000,2010,8,16,21,17012KT,18,07
2010-08-16 22:00:00.000,2010,8,16,22,18008KT,17,07
2010-08-16 23:00:00.000,2010,8,16,23,20010KT,16,07
2010-08-17 00:00:00.000,2010,8,17,0,26003KT,14,11
2010-08-17 01:00:00.000,2010,8,17,1,31003KT,12,11
2010-08-17 02:00:00.000,2010,8,17,2,VRB02KT,11,10
2010-08-17 03:00:00.000,2010,8,17,3,34003KT,11,10
2010-08-17 05:00:00.000,2010,8,17,5,00000KT,11,09
2010-08-17 06:00:00.000,2010,8,17,6,00000KT,10,09
2010-08-17 07:00:00.000,2010,8,17,7,06003KT,10,09
2010-08-17 08:00:00.000,2010,8,17,8,05004KT,09,09
2010-08-17 09:00:00.000,2010,8,17,9,04003KT,09,09
2010-08-17 10:00:00.000,2010,8,17,10,04004KT,09,08
2010-08-17 11:00:00.000,2010,8,17,11,03004KT,08,08
2010-08-17 12:00:00.000,2010,8,17,12,36003KT,09,08
2010-08-17 13:00:00.000,2010,8,17,13,03004KT,10,09
2010-08-17 14:00:00.000,2010,8,17,14,02004KT,14,11
2010-08-17 15:00:00.000,2010,8,17,15,08005KT,17,10
2010-08-17 16:00:00.000,2010,8,17,16,34003KT,17,10
2010-08-17 17:00:00.000,2010,8,17,17,25006KT,17,10
2010-08-17 18:00:00.000,2010,8,17,18,25010KT,18,12
2010-08-17 19:00:00.000,2010,8,17,19,24010KT,18,12
2010-08-17 20:00:00.000,2010,8,17,20,30010KT,16,11
2010-08-17 21:00:00.000,2010,8,17,21,27012KT,15,11
2010-08-17 22:00:00.000,2010,8,17,22,34004KT,13,11
2010-08-17 23:00:00.000,2010,8,17,23,35003KT,13,10
2010-08-18 00:00:00.000,2010,8,18,0,05003KT,12,10
2010-08-18 01:00:00.000,2010,8,18,1,00000KT,12,10
2010-08-18 02:00:00.000,2010,8,18,2,VRB02KT,11,09
2010-08-18 03:00:00.000,2010,8,18,3,08003KT,10,09
2010-08-18 04:00:00.000,2010,8,18,4,00000KT,11,10
2010-08-18 05:00:00.000,2010,8,18,5,1003KT,10,09
2010-08-18 06:00:00.000,2010,8,18,6,VRB02KT,10,09
2010-08-18 07:00:00.000,2010,8,18,7,33005KT,10,09
2010-08-18 08:00:00.000,2010,8,18,8,30003KT,11,10
2010-08-18 09:00:00.000,2010,8,18,9,00000KT,10,09
2010-08-18 10:00:00.000,2010,8,18,10,00000KT,10,09
2010-08-18 11:00:00.000,2010,8,18,11,03003KT,09,09
2010-08-18 12:00:00.000,2010,8,18,12,32003KT,10,10
2010-08-18 13:00:00.000,2010,8,18,13,VRB02KT,13,11
2010-08-18 14:00:00.000,2010,8,18,14,VRB02KT,14,11
2010-08-18 15:00:00.000,2010,8,18,15,VRB02KT,16,11
2010-08-18 16:00:00.000,2010,8,18,16,19004KT,18,10
2010-08-18 17:00:00.000,2010,8,18,17,28010KT,16,13
2010-08-18 18:00:00.000,2010,8,18,18,30012KT,15,11
2010-08-18 19:00:00.000,2010,8,18,19,28009KT,16,11
2010-08-18 20:00:00.000,2010,8,18,20,24003KT,16,10
2010-08-18 21:00:00.000,2010,8,18,21,27004KT,15,12
2010-08-18 22:00:00.000,2010,8,18,22,21003KT,15,11
2010-08-18 23:00:00.000,2010,8,18,23,29003KT,14,11
2010-08-19 00:00:00.000,2010,8,19,0,00000KT,14,10
2010-08-19 01:00:00.000,2010,8,19,1,VRB02KT,13,11
2010-08-19 02:00:00.000,2010,8,19,2,00000KT,13,10
2010-08-19 03:00:00.000,2010,8,19,3,04003KT,12,10
2010-08-19 04:00:00.000,2010,8,19,4,01003KT,12,10
2010-08-19 05:00:00.000,2010,8,19,5,04004KT,12,10
2010-08-19 06:00:00.000,2010,8,19,6,VRB02KT,12,11
2010-08-19 07:00:00.000,2010,8,19,7,VRB02KT,11,10
2010-08-19 08:00:00.000,2010,8,19,8,VRB02KT,11,10
2010-08-19 09:00:00.000,2010,8,19,9,VRB02KT,11,10
2010-08-19 10:00:00.000,2010,8,19,10,03003KT,11,10
2010-08-19 11:00:00.000,2010,8,19,11,VRB02KT,10,10
2010-08-19 12:00:00.000,2010,8,19,12,06003KT,13,11
2010-08-19 13:00:00.000,2010,8,19,13,05008KT,13,10
2010-08-19 14:00:00.000,2010,8,19,14,08006KT,15,12
2010-08-19 15:00:00.000,2010,8,19,15,04006KT,16,11
2010-08-19 16:00:00.000,2010,8,19,16,07008KT,18,10
2010-08-19 17:00:00.000,2010,8,19,17,13006KT,18,10
2010-08-19 18:00:00.000,2010,8,19,18,04011KT,17,11
2010-08-19 19:00:00.000,2010,8,19,19,26008KT,15,11
2010-08-19 20:00:00.000,2010,8,19,20,27005KT,15,12
2010-08-19 21:00:00.000,2010,8,19,21,00000KT,15,12
2010-08-19 22:00:00.000,2010,8,19,22,28009KT,14,12
2010-08-19 23:00:00.000,2010,8,19,23,31004KT,14,11
2010-08-20 00:00:00.000,2010,8,20,0,VRB02KT,13,11
2010-08-20 01:00:00.000,2010,8,20,1,VRB02KT,12,11
2010-08-20 02:00:00.000,2010,8,20,2,VRB02KT,12,11
2010-08-20 03:00:00.000,2010,8,20,3,VRB02KT,12,11
2010-08-20 04:00:00.000,2010,8,20,4,34003KT,12,11
2010-08-20 05:00:00.000,2010,8,20,5,05003KT,12,11
2010-08-20 06:00:00.000,2010,8,20,6,28003KT,10,09
2010-08-20 07:00:00.000,2010,8,20,7,VRB02KT,10,09
2010-08-20 08:00:00.000,2010,8,20,8,05003KT,10,09
2010-08-20 09:00:00.000,2010,8,20,9,05003KT,10,09
2010-08-20 10:00:00.000,2010,8,20,10,VRB02KT,10,09
2010-08-20 11:00:00.000,2010,8,20,11,05004KT,09,08
2010-08-20 12:00:00.000,2010,8,20,12,06003KT,11,10
2010-08-20 13:00:00.000,2010,8,20,13,06005KT,13,09
2010-08-20 14:00:00.000,2010,8,20,14,03004KT,14,10
2010-08-20 15:00:00.000,2010,8,20,15,VRB02KT,15,10
2010-08-20 16:00:00.000,2010,8,20,16,09005KT,16,10
2010-08-20 17:00:00.000,2010,8,20,17,27005KT,16,11
2010-08-20 18:00:00.000,2010,8,20,18,24013KT,16,12
2010-08-20 19:00:00.000,2010,8,20,19,24013KT,16,12
2010-08-20 20:00:00.000,2010,8,20,20,24013KT,16,12
2010-08-20 21:00:00.000,2010,8,20,21,27013KT,18,12
2010-08-20 22:00:00.000,2010,8,20,22,27013KT,16,11
2010-08-20 23:00:00.000,2010,8,20,23,36003KT,15,12
2010-08-21 00:00:00.000,2010,8,21,0,27003KT,13,10
2010-08-21 01:00:00.000,2010,8,21,1,VRB02KT,12,10
2010-08-21 02:00:00.000,2010,8,21,2,00000KT,12,08
2010-08-21 03:00:00.000,2010,8,21,3,05003KT,12,09
2010-08-21 04:00:00.000,2010,8,21,4,31003KT,11,08
2010-08-21 05:00:00.000,2010,8,21,5,22003KT,10,09
2010-08-21 06:00:00.000,2010,8,21,6,VRB02KT,09,08
2010-08-21 07:00:00.000,2010,8,21,7,26003KT,10,08
2010-08-21 08:00:00.000,2010,8,21,8,06003KT,10,08
2010-08-21 09:00:00.000,2010,8,21,9,06003KT,10,09
2010-08-21 10:00:00.000,2010,8,21,10,05003KT,09,08
2010-08-21 11:00:00.000,2010,8,21,11,00000KT,10,09
2010-08-21 12:00:00.000,2010,8,21,12,VRB02KT,11,10
2010-08-21 13:00:00.000,2010,8,21,13,05003KT,13,11
2010-08-21 14:00:00.000,2010,8,21,14,VRB02KT,15,11
2010-08-21 15:00:00.000,2010,8,21,15,15007KT,16,10
2010-08-21 16:00:00.000,2010,8,21,16,15012KT,18,10
2010-08-21 17:00:00.000,2010,8,21,17,16012KT,18,11
2010-08-21 18:00:00.000,2010,8,21,18,16014KT,18,10
2010-08-21 19:00:00.000,2010,8,21,19,16010KT,18,11
2010-08-21 20:00:00.000,2010,8,21,20,17008KT,16,11
2010-08-21 21:00:00.000,2010,8,21,21,18016KT,16,10
2010-08-21 22:00:00.000,2010,8,21,22,19014KT,15,11
2010-08-21 23:00:00.000,2010,8,21,23,24008KT,13,10
2010-08-22 00:00:00.000,2010,8,22,0,14012KT,14,09
2010-08-22 01:00:00.000,2010,8,22,1,16013KT,13,09
2010-08-22 02:00:00.000,2010,8,22,2,14012KT,13,08
2010-08-22 03:00:00.000,2010,8,22,3,13010KT,13,08
2010-08-22 04:00:00.000,2010,8,22,4,12004KT,12,09
2010-08-22 05:00:00.000,2010,8,22,5,11008KT,12,09
2010-08-22 06:00:00.000,2010,8,22,6,12008KT,12,08
2010-08-22 07:00:00.000,2010,8,22,7,13007KT,13,08
2010-08-22 08:00:00.000,2010,8,22,8,16008KT,12,08
2010-08-22 09:00:00.000,2010,8,22,9,16005KT,12,08
2010-08-22 10:00:00.000,2010,8,22,10,04003KT,10,08
2010-08-22 11:00:00.000,2010,8,22,11,34003KT,11,06
2010-08-22 12:00:00.000,2010,8,22,12,07003KT,11,08
2010-08-22 13:00:00.000,2010,8,22,13,08006KT,14,08
2010-08-22 14:00:00.000,2010,8,22,14,12008KT,16,08
2010-08-22 15:00:00.000,2010,8,22,15,21004KT,18,08
2010-08-22 16:00:00.000,2010,8,22,16,18005KT,31,18
2010-08-22 17:00:00.000,2010,8,22,17,17010KT,19,09
2010-08-22 18:00:00.000,2010,8,22,18,13008KT,18,09
2010-08-22 19:00:00.000,2010,8,22,19,15012KT,18,09
2010-08-22 20:00:00.000,2010,8,22,20,16010KT,18,09
2010-08-22 21:00:00.000,2010,8,22,21,16008KT,17,09
2010-08-22 22:00:00.000,2010,8,22,22,17012KT,16,09
2010-08-22 23:00:00.000,2010,8,22,23,18009KT,15,09
2010-08-23 00:00:00.000,2010,8,23,0,18010KT,14,09
2010-08-23 01:00:00.000,2010,8,23,1,17010KT,13,09
2010-08-23 02:00:00.000,2010,8,23,2,14004KT,13,08
2010-08-23 03:00:00.000,2010,8,23,3,03003KT,11,07
2010-08-23 04:00:00.000,2010,8,23,4,32003KT,11,08
2010-08-23 05:00:00.000,2010,8,23,5,00000KT,10,08
2010-08-23 06:00:00.000,2010,8,23,6,03003KT,10,08
2010-08-23 07:00:00.000,2010,8,23,7,08003KT,11,09
2010-08-23 08:00:00.000,2010,8,23,8,00000KT,10,09
2010-08-23 09:00:00.000,2010,8,23,9,VRB02KT,10,09
2010-08-23 10:00:00.000,2010,8,23,10,VRB02KT,09,09
2010-08-23 11:00:00.000,2010,8,23,11,05003KT,09,08
2010-08-23 12:00:00.000,2010,8,23,12,03003KT,10,10
2010-08-23 13:00:00.000,2010,8,23,13,03005KT,14,09
2010-08-23 14:00:00.000,2010,8,23,14,05005KT,16,10
2010-08-23 15:00:00.000,2010,8,23,15,04004KT,18,09
2010-08-23 16:00:00.000,2010,8,23,16,VRB02KT,19,10
2010-08-23 17:00:00.000,2010,8,23,17,28013KT,18,12
2010-08-23 18:00:00.000,2010,8,23,18,30012KT,17,13
2010-08-23 19:00:00.000,2010,8,23,19,30010KT,15,11
2010-08-23 20:00:00.000,2010,8,23,20,27007KT,17,11
2010-08-23 21:00:00.000,2010,8,23,21,28008KT,16,11
2010-08-23 22:00:00.000,2010,8,23,22,VRB02KT,15,11
2010-08-23 23:00:00.000,2010,8,23,23,34004KT,13,11
2010-08-24 00:00:00.000,2010,8,24,0,VRB02KT,13,10
2010-08-24 01:00:00.000,2010,8,24,1,VRB02KT,13,10
2010-08-24 02:00:00.000,2010,8,24,2,06003KT,13,10
2010-08-24 03:00:00.000,2010,8,24,3,02005KT,13,09
2010-08-24 04:00:00.000,2010,8,24,4,VRB02KT,12,09
2010-08-24 05:00:00.000,2010,8,24,5,32004KT,11,09
2010-08-24 06:00:00.000,2010,8,24,6,33004KT,11,09
2010-08-24 07:00:00.000,2010,8,24,7,VRB02KT,09,09
2010-08-24 08:00:00.000,2010,8,24,8,VRB02KT,09,08
2010-08-24 09:00:00.000,2010,8,24,9,04003KT,09,08
2010-08-24 10:00:00.000,2010,8,24,10,VRB02KT,09,08
2010-08-24 11:00:00.000,2010,8,24,11,34005KT,09,08
2010-08-24 12:00:00.000,2010,8,24,12,03003KT,10,09
2010-08-24 13:00:00.000,2010,8,24,13,VRB02KT,13,10
2010-08-24 14:00:00.000,2010,8,24,14,VRB02KT,16,09
2010-08-24 15:00:00.000,2010,8,24,15,02003KT,16,10
2010-08-24 16:00:00.000,2010,8,24,16,35003KT,17,10
2010-08-24 17:00:00.000,2010,8,24,17,02005KT,17,10
2010-08-24 18:00:00.000,2010,8,24,18,25006KT,17,11
2010-08-24 19:00:00.000,2010,8,24,19,23005KT,17,12
2010-08-24 20:00:00.000,2010,8,24,20,23008KT,17,12
2010-08-24 21:00:00.000,2010,8,24,21,28005KT,16,12
2010-08-24 22:00:00.000,2010,8,24,22,32007KT,16,13
2010-08-24 23:00:00.000,2010,8,24,23,33004KT,15,10
2010-08-25 00:00:00.000,2010,8,25,0,28003KT,13,10
2010-08-25 01:00:00.000,2010,8,25,1,03003KT,11,10
2010-08-25 02:00:00.000,2010,8,25,2,32004KT,10,09
2010-08-25 03:00:00.000,2010,8,25,3,VRB02KT,09,08
2010-08-25 04:00:00.000,2010,8,25,4,25007KT,12,09
2010-08-25 05:00:00.000,2010,8,25,5,VRB02KT,10,08
2010-08-25 06:00:00.000,2010,8,25,6,VRB02KT,10,09
2010-08-25 07:00:00.000,2010,8,25,7,00000KT,10,09
2010-08-25 08:00:00.000,2010,8,25,8,00000KT,10,10
2010-08-25 09:00:00.000,2010,8,25,9,27003KT,11,10
2010-08-25 10:00:00.000,2010,8,25,10,VRB02KT,11,10
2010-08-25 11:00:00.000,2010,8,25,11,VRB02KT,10,09
2010-08-25 12:00:00.000,2010,8,25,12,03003KT,12,10
2010-08-25 13:00:00.000,2010,8,25,13,35003KT,12,11
2010-08-25 14:00:00.000,2010,8,25,14,04003KT,15,12
2010-08-25 15:00:00.000,2010,8,25,15,26004KT,17,11
2010-08-25 16:00:00.000,2010,8,25,16,VRB02KT,18,11
2010-08-25 17:00:00.000,2010,8,25,17,VRB02KT,19,11
2010-08-25 18:00:00.000,2010,8,25,18,05004KT,17,12
2010-08-25 19:00:00.000,2010,8,25,19,26013KT,18,14
2010-08-25 20:00:00.000,2010,8,25,20,25015KT,15,13
2010-08-25 21:00:00.000,2010,8,25,21,23008KT,13,12
2010-08-25 22:00:00.000,2010,8,25,22,VRB02KT,16,13
2010-08-25 23:00:00.000,2010,8,25,23,31004KT,13,12
2010-08-26 00:00:00.000,2010,8,26,0,05009KT,12,12
2010-08-26 01:00:00.000,2010,8,26,1,06006KT,12,11
2010-08-26 02:00:00.000,2010,8,26,2,06004KT,12,11
2010-08-26 03:00:00.000,2010,8,26,3,11004KT,12,11
2010-08-26 04:00:00.000,2010,8,26,4,02003KT,12,11
2010-08-26 05:00:00.000,2010,8,26,5,01003KT,12,11
2010-08-26 06:00:00.000,2010,8,26,6,24003KT,11,10
2010-08-26 07:00:00.000,2010,8,26,7,30003KT,11,11
2010-08-26 08:00:00.000,2010,8,26,8,00000KT,11,10
2010-08-26 09:00:00.000,2010,8,26,9,00000KT,11,10
2010-08-26 10:00:00.000,2010,8,26,10,36003KT,11,11
2010-08-26 11:00:00.000,2010,8,26,11,VRB02KT,11,10
2010-08-26 12:00:00.000,2010,8,26,12,VRB02KT,11,11
2010-08-26 13:00:00.000,2010,8,26,13,VRB02KT,13,11
2010-08-26 14:00:00.000,2010,8,26,14,07004KT,15,11
2010-08-26 15:00:00.000,2010,8,26,15,VRB02KT,16,11
2010-08-26 16:00:00.000,2010,8,26,16,16006KT,18,11
2010-08-26 17:00:00.000,2010,8,26,17,15006KT,19,11
2010-08-26 19:00:00.000,2010,8,26,19,22008KT,17,12
2010-08-26 20:00:00.000,2010,8,26,20,32008KT,18,13
2010-08-26 21:00:00.000,2010,8,26,21,28008KT,17,13
2010-08-26 22:00:00.000,2010,8,26,22,28008KT,17,12
2010-08-26 23:00:00.000,2010,8,26,23,25006KT,15,11
2010-08-27 00:00:00.000,2010,8,27,0,27006KT,14,11
2010-08-27 01:00:00.000,2010,8,27,1,26006KT,13,10
2010-08-27 02:00:00.000,2010,8,27,2,02004KT,12,10
2010-08-27 03:00:00.000,2010,8,27,3,VRB02KT,12,10
2010-08-27 04:00:00.000,2010,8,27,4,00000KT,12,11
2010-08-27 05:00:00.000,2010,8,27,5,33003KT,11,10
2010-08-27 06:00:00.000,2010,8,27,6,VRB02KT,11,10
2010-08-27 07:00:00.000,2010,8,27,7,25003KT,11,10
2010-08-27 08:00:00.000,2010,8,27,8,04003KT,10,09
2010-08-27 09:00:00.000,2010,8,27,9,00000KT,10,09
2010-08-27 10:00:00.000,2010,8,27,10,31003KT,09,08
2010-08-27 11:00:00.000,2010,8,27,11,30003KT,09,09
2010-08-27 12:00:00.000,2010,8,27,12,00000KT,10,10
2010-08-27 13:00:00.000,2010,8,27,13,32004KT,12,12
2010-08-27 14:00:00.000,2010,8,27,14,VRB02KT,15,12
2010-08-27 15:00:00.000,2010,8,27,15,31004KT,16,12
2010-08-27 16:00:00.000,2010,8,27,16,VRB02KT,17,11
2010-08-27 17:00:00.000,2010,8,27,17,27010KT,18,13
2010-08-27 18:00:00.000,2010,8,27,18,32008KT,17,12
2010-08-27 19:00:00.000,2010,8,27,19,30009KT,14,13
2010-08-27 20:00:00.000,2010,8,27,20,31007KT,14,12
2010-08-27 21:00:00.000,2010,8,27,21,23006KT,14,13
2010-08-27 23:00:00.000,2010,8,27,23,21003KT,13,11
2010-08-28 00:00:00.000,2010,8,28,0,VRB02KT,12,11
2010-08-28 01:00:00.000,2010,8,28,1,VRB02KT,11,11
2010-08-28 02:00:00.000,2010,8,28,2,31003KT,12,11
2010-08-28 03:00:00.000,2010,8,28,3,16004KT,13,10
2010-08-28 04:00:00.000,2010,8,28,4,00000KT,12,10
2010-08-28 05:00:00.000,2010,8,28,5,14004KT,13,10
2010-08-28 06:00:00.000,2010,8,28,6,00000KT,12,10
2010-08-28 07:00:00.000,2010,8,28,7,04004KT,12,10
2010-08-28 08:00:00.000,2010,8,28,8,00000KT,12,10
2010-08-28 09:00:00.000,2010,8,28,9,VRB02KT,11,10
2010-08-28 10:00:00.000,2010,8,28,10,VRB02KT,11,10
2010-08-28 11:00:00.000,2010,8,28,11,00000KT,11,10
2010-08-28 12:00:00.000,2010,8,28,12,05003KT,12,10
2010-08-28 13:00:00.000,2010,8,28,13,05004KT,14,11
2010-08-28 14:00:00.000,2010,8,28,14,VRB02KT,16,11
2010-08-28 15:00:00.000,2010,8,28,15,14008KT,16,10
2010-08-28 17:00:00.000,2010,8,28,17,12008KT,18,11
2010-08-28 18:00:00.000,2010,8,28,18,16015KT,16,10
2010-08-28 19:00:00.000,2010,8,28,19,16010KT,18,10
2010-08-28 20:00:00.000,2010,8,28,20,15012KT,17,10
2010-08-28 21:00:00.000,2010,8,28,21,16012KT,17,10
2010-08-28 22:00:00.000,2010,8,28,22,13008KT,16,09
2010-08-28 23:00:00.000,2010,8,28,23,12010KT,15,08
2010-08-29 00:00:00.000,2010,8,29,0,03006KT,13,09
2010-08-29 01:00:00.000,2010,8,29,1,VRB02KT,13,09
2010-08-29 02:00:00.000,2010,8,29,2,VRB02KT,12,09
2010-08-29 03:00:00.000,2010,8,29,3,VRB02KT,12,09
2010-08-29 04:00:00.000,2010,8,29,4,00000KT,11,10
2010-08-29 05:00:00.000,2010,8,29,5,VRB02KT,11,10
2010-08-29 06:00:00.000,2010,8,29,6,05003KT,11,10
2010-08-29 07:00:00.000,2010,8,29,7,03004KT,11,09
2010-08-29 08:00:00.000,2010,8,29,8,27003KT,10,09
2010-08-29 09:00:00.000,2010,8,29,9,26003KT,10,09
2010-08-29 10:00:00.000,2010,8,29,10,00000KT,11,10
2010-08-29 11:00:00.000,2010,8,29,11,04003KT,10,09
2010-08-29 12:00:00.000,2010,8,29,12,10003KT,11,11
2010-08-29 13:00:00.000,2010,8,29,13,03006KT,13,12
2010-08-29 14:00:00.000,2010,8,29,14,12004KT,16,11
2010-08-29 15:00:00.000,2010,8,29,15,16008KT,15,10
2010-08-29 16:00:00.000,2010,8,29,16,16010KT,17,11
2010-08-29 17:00:00.000,2010,8,29,17,15008KT,16,10
2010-08-29 18:00:00.000,2010,8,29,18,15014KT,17,10
2010-08-29 19:00:00.000,2010,8,29,19,10010KT,15,10
2010-08-29 20:00:00.000,2010,8,29,20,14010KT,17,09
2010-08-29 21:00:00.000,2010,8,29,21,16010KT,18,09
2010-08-29 22:00:00.000,2010,8,29,22,13007KT,17,08
2010-08-29 23:00:00.000,2010,8,29,23,08008KT,17,09
2010-08-30 00:00:00.000,2010,8,30,0,06004KT,13,09
2010-08-30 01:00:00.000,2010,8,30,1,VRB02KT,12,09
2010-08-30 02:00:00.000,2010,8,30,2,VRB02KT,12,09
2010-08-30 03:00:00.000,2010,8,30,3,VRB02KT,11,09
2010-08-30 04:00:00.000,2010,8,30,4,VRB02KT,10,09
2010-08-30 06:00:00.000,2010,8,30,6,07004KT,09,08
2010-08-30 07:00:00.000,2010,8,30,7,00000KT,08,08
2010-08-30 08:00:00.000,2010,8,30,8,VRB02KT,08,08
2010-08-30 09:00:00.000,2010,8,30,9,32004KT,07,07
2010-08-30 10:00:00.000,2010,8,30,10,00000KT,07,07
2010-08-30 11:00:00.000,2010,8,30,11,VRB02KT,09,09
2010-08-30 12:00:00.000,2010,8,30,12,00000KT,11,10
2010-08-30 13:00:00.000,2010,8,30,13,07003KT,15,09
2010-08-30 14:00:00.000,2010,8,30,14,32004KT,16,09
2010-08-30 15:00:00.000,2010,8,30,15,32003KT,17,10
2010-08-30 16:00:00.000,2010,8,30,16,16012KT,18,09
2010-08-30 17:00:00.000,2010,8,30,17,12008KT,19,08
2010-08-30 18:00:00.000,2010,8,30,18,15008KT,19,08
2010-08-30 19:00:00.000,2010,8,30,19,05007KT,20,08
2010-08-30 20:00:00.000,2010,8,30,20,18004KT,19,07
2010-08-30 21:00:00.000,2010,8,30,21,12010KT,17,08
2010-08-30 22:00:00.000,2010,8,30,22,32003KT,17,11
2010-08-30 23:00:00.000,2010,8,30,23,07004KT,17,09
2010-08-31 00:00:00.000,2010,8,31,0,08005KT,16,08
2010-08-31 01:00:00.000,2010,8,31,1,32004KT,13,09
2010-08-31 02:00:00.000,2010,8,31,2,19004KT,14,09
2010-08-31 03:00:00.000,2010,8,31,3,VRB02KT,12,09
2010-08-31 04:00:00.000,2010,8,31,4,03003KT,13,10
2010-08-31 05:00:00.000,2010,8,31,5,VRB02KT,12,10
2010-08-31 06:00:00.000,2010,8,31,6,06004KT,11,09
2010-08-31 07:00:00.000,2010,8,31,7,02003KT,11,09
2010-08-31 08:00:00.000,2010,8,31,8,VRB02KT,09,09
2010-08-31 09:00:00.000,2010,8,31,9,05003KT,08,08
2010-08-31 10:00:00.000,2010,8,31,10,05003KT,10,10
2010-08-31 11:00:00.000,2010,8,31,11,31004KT,10,10
2010-08-31 12:00:00.000,2010,8,31,12,VRB02KT,11,09
2010-08-31 13:00:00.000,2010,8,31,13,05005KT,14,11
2010-08-31 14:00:00.000,2010,8,31,14,31003KT,17,10
2010-08-31 15:00:00.000,2010,8,31,15,15008KT,16,10
2010-08-31 17:00:00.000,2010,8,31,17,21004KT,19,09
2010-08-31 18:00:00.000,2010,8,31,18,VRB02KT,20,08
2010-08-31 19:00:00.000,2010,8,31,19,27007KT,19,13
2010-08-31 20:00:00.000,2010,8,31,20,30008KT,18,13
2010-08-31 21:00:00.000,2010,8,31,21,25010KT,17,12
2010-08-31 22:00:00.000,2010,8,31,22,27010KT,16,12
2010-08-31 23:00:00.000,2010,8,31,23,28005KT,15,12
2010-09-01 00:00:00.000,2010,9,1,0,00000KT,13,12
2010-09-01 01:00:00.000,2010,9,1,1,00000KT,12,11
2010-09-01 02:00:00.000,2010,9,1,2,VRB02KT,12,11
2010-09-01 03:00:00.000,2010,9,1,3,01003KT,12,12
2010-09-01 04:00:00.000,2010,9,1,4,00000KT,12,11
2010-09-01 05:00:00.000,2010,9,1,5,04003KT,13,11
2010-09-01 06:00:00.000,2010,9,1,6,VRB02KT,12,11
2010-09-01 07:00:00.000,2010,9,1,7,03003KT,12,11
2010-09-01 08:00:00.000,2010,9,1,8,05004KT,12,11
2010-09-01 09:00:00.000,2010,9,1,9,VRB02KT,10,09
2010-09-01 10:00:00.000,2010,9,1,10,05004KT,11,10
2010-09-01 11:00:00.000,2010,9,1,11,08004KT,12,10
2010-09-01 12:00:00.000,2010,9,1,12,03004KT,13,11
2010-09-01 13:00:00.000,2010,9,1,13,04005KT,15,12
2010-09-01 14:00:00.000,2010,9,1,14,33005KT,17,12
2010-09-01 15:00:00.000,2010,9,1,15,08007KT,19,12
2010-09-01 16:00:00.000,2010,9,1,16,06007KT,19,12
2010-09-01 17:00:00.000,2010,9,1,17,27007KT,19,12
2010-09-01 18:00:00.000,2010,9,1,18,12008KT,20,11
2010-09-01 19:00:00.000,2010,9,1,19,12010KT,20,11
2010-09-01 20:00:00.000,2010,9,1,20,16008KT,20,11
2010-09-01 21:00:00.000,2010,9,1,21,21012KT,19,13
2010-09-01 22:00:00.000,2010,9,1,22,35006KT,18,13
2010-09-01 23:00:00.000,2010,9,1,23,35004KT,16,12
2010-09-02 00:00:00.000,2010,9,2,0,VRB02KT,13,12
2010-09-02 15:00:00.000,2010,9,2,15,03008KT,14,11
2010-09-02 16:00:00.000,2010,9,2,16,06006KT,14,11
2010-09-02 17:00:00.000,2010,9,2,17,VRB02KT,16,12
2010-09-02 18:00:00.000,2010,9,2,18,10012KT,18,10
2010-09-02 19:00:00.000,2010,9,2,19,12011KT,19,09
2010-09-02 20:00:00.000,2010,9,2,20,11014KT,20,09
2010-09-02 21:00:00.000,2010,9,2,21,06007KT,18,08
2010-09-02 22:00:00.000,2010,9,2,22,04007KT,16,09
2010-09-02 23:00:00.000,2010,9,2,23,29007KT,13,11
2010-09-03 00:00:00.000,2010,9,3,0,29004KT,12,11
2010-09-03 01:00:00.000,2010,9,3,1,VRB02KT,12,11
2010-09-03 02:00:00.000,2010,9,3,2,33003KT,12,11
2010-09-03 03:00:00.000,2010,9,3,3,33003KT,12,11
2010-09-03 04:00:00.000,2010,9,3,4,VRB02KT,12,11
2010-09-03 05:00:00.000,2010,9,3,5,24003KT,12,11
2010-09-03 06:00:00.000,2010,9,3,6,VRB02KT,12,12
2010-09-03 07:00:00.000,2010,9,3,7,32005KT,12,11
2010-09-03 08:00:00.000,2010,9,3,8,VRB02KT,12,11
2010-09-03 09:00:00.000,2010,9,3,9,00000KT,11,11
2010-09-03 10:00:00.000,2010,9,3,10,35003KT,11,11
2010-09-03 11:00:00.000,2010,9,3,11,VRB02KT,11,11
2010-09-03 12:00:00.000,2010,9,3,12,30004KT,12,11
2010-09-03 13:00:00.000,2010,9,3,13,VRB02KT,13,11
2010-09-03 14:00:00.000,2010,9,3,14,05006KT,13,11
2010-09-03 15:00:00.000,2010,9,3,15,15006KT,15,12
2010-09-03 16:00:00.000,2010,9,3,16,VRB02KT,16,10
2010-09-03 17:00:00.000,2010,9,3,17,VRB02KT,16,10
2010-09-03 18:00:00.000,2010,9,3,18,19004KT,19,09
2010-09-03 19:00:00.000,2010,9,3,19,32006KT,17,12
2010-09-03 20:00:00.000,2010,9,3,20,26010KT,16,13
2010-09-03 21:00:00.000,2010,9,3,21,23008KT,14,12
2010-09-03 22:00:00.000,2010,9,3,22,23004KT,13,12
2010-09-03 23:00:00.000,2010,9,3,23,32006KT,13,12
2010-09-04 00:00:00.000,2010,9,4,0,08006KT,13,11
2010-09-04 01:00:00.000,2010,9,4,1,10007KT,13,09
2010-09-04 02:00:00.000,2010,9,4,2,VRB02KT,13,09
2010-09-04 03:00:00.000,2010,9,4,3,VRB02KT,12,09
2010-09-04 04:00:00.000,2010,9,4,4,05004KT,11,09
2010-09-04 05:00:00.000,2010,9,4,5,32004KT,10,09
2010-09-04 06:00:00.000,2010,9,4,6,06004KT,09,08
2010-09-04 07:00:00.000,2010,9,4,7,VRB02KT,09,08
2010-09-04 08:00:00.000,2010,9,4,8,VRB02KT,09,09
2010-09-04 09:00:00.000,2010,9,4,9,VRB02KT,10,09
2010-09-04 10:00:00.000,2010,9,4,10,34003KT,10,09
2010-09-04 11:00:00.000,2010,9,4,11,20003KT,10,09
2010-09-04 12:00:00.000,2010,9,4,12,34003KT,11,10
2010-09-04 13:00:00.000,2010,9,4,13,07004KT,13,10
2010-09-04 14:00:00.000,2010,9,4,14,04006KT,16,11
2010-09-04 15:00:00.000,2010,9,4,15,15006KT,17,09
2010-09-04 16:00:00.000,2010,9,4,16,12008KT,18,08
2010-09-04 17:00:00.000,2010,9,4,17,12008KT,19,08
2010-09-04 18:00:00.000,2010,9,4,18,08006KT,19,09
2010-09-04 19:00:00.000,2010,9,4,19,15006KT,20,08
2010-09-04 20:00:00.000,2010,9,4,20,18010KT,20,08
2010-09-04 21:00:00.000,2010,9,4,21,16012KT,20,08
2010-09-04 22:00:00.000,2010,9,4,22,15008KT,18,07
2010-09-04 23:00:00.000,2010,9,4,23,16006KT,16,08
2010-09-05 00:00:00.000,2010,9,5,0,27005KT,13,11
2010-09-05 01:00:00.000,2010,9,5,1,32004KT,12,11
2010-09-05 02:00:00.000,2010,9,5,2,VRB02KT,12,11
2010-09-05 03:00:00.000,2010,9,5,3,VRB02KT,11,10
2010-09-05 04:00:00.000,2010,9,5,4,00000KT,10,10
2010-09-05 05:00:00.000,2010,9,5,5,VRB02KT,10,09
2010-09-05 06:00:00.000,2010,9,5,6,35004KT,09,08
2010-09-05 07:00:00.000,2010,9,5,7,VRB02KT,09,08
2010-09-05 08:00:00.000,2010,9,5,8,04003KT,09,09
2010-09-05 09:00:00.000,2010,9,5,9,VRB02KT,09,09
2010-09-05 10:00:00.000,2010,9,5,10,02004KT,09,09
2010-09-05 11:00:00.000,2010,9,5,11,VRB02KT,09,08
2010-09-05 12:00:00.000,2010,9,5,12,VRB02KT,10,09
2010-09-05 13:00:00.000,2010,9,5,13,04007KT,13,09
2010-09-05 14:00:00.000,2010,9,5,14,07004KT,15,09
2010-09-05 15:00:00.000,2010,9,5,15,VRB02KT,16,09
2010-09-05 16:00:00.000,2010,9,5,16,16006KT,18,08
2010-09-05 17:00:00.000,2010,9,5,17,10006KT,19,08
2010-09-05 18:00:00.000,2010,9,5,18,25009KT,19,11
2010-09-05 19:00:00.000,2010,9,5,19,24012KT,18,12
2010-09-05 20:00:00.000,2010,9,5,20,24012KT,18,12
2010-09-05 21:00:00.000,2010,9,5,21,27010KT,18,12
2010-09-05 22:00:00.000,2010,9,5,22,28005KT,18,11
2010-09-05 23:00:00.000,2010,9,5,23,28008KT,16,10
2010-09-06 00:00:00.000,2010,9,6,0,04003KT,16,11
2010-09-06 01:00:00.000,2010,9,6,1,VRB02KT,15,10
2010-09-06 02:00:00.000,2010,9,6,2,VRB02KT,14,10
2010-09-06 03:00:00.000,2010,9,6,3,04003KT,12,09
2010-09-06 04:00:00.000,2010,9,6,4,VRB02KT,12,09
2010-09-06 05:00:00.000,2010,9,6,5,VRB02KT,12,09
2010-09-06 06:00:00.000,2010,9,6,6,VRB02KT,11,09
2010-09-06 07:00:00.000,2010,9,6,7,VRB02KT,10,08
2010-09-06 08:00:00.000,2010,9,6,8,04004KT,10,08
2010-09-06 09:00:00.000,2010,9,6,9,02003KT,10,08
2010-09-06 10:00:00.000,2010,9,6,10,03004KT,11,09
2010-09-06 11:00:00.000,2010,9,6,11,03004KT,12,10
2010-09-06 12:00:00.000,2010,9,6,12,03003KT,12,10
2010-09-06 13:00:00.000,2010,9,6,13,VRB02KT,15,10
2010-09-06 14:00:00.000,2010,9,6,14,04006KT,15,09
2010-09-06 15:00:00.000,2010,9,6,15,19004KT,17,09
2010-09-06 16:00:00.000,2010,9,6,16,14005KT,17,09
2010-09-06 17:00:00.000,2010,9,6,17,13004KT,18,09
2010-09-06 18:00:00.000,2010,9,6,18,06010KT,17,11
2010-09-06 19:00:00.000,2010,9,6,19,04012KT,17,11
2010-09-06 20:00:00.000,2010,9,6,20,30008KT,16,12
2010-09-06 21:00:00.000,2010,9,6,21,27008KT,16,12
2010-09-06 22:00:00.000,2010,9,6,22,22006KT,14,12
2010-09-06 23:00:00.000,2010,9,6,23,25006KT,14,12
2010-09-07 00:00:00.000,2010,9,7,0,32003KT,13,12
2010-09-07 01:00:00.000,2010,9,7,1,29004KT,12,11
2010-09-07 02:00:00.000,2010,9,7,2,VRB02KT,12,12
2010-09-07 03:00:00.000,2010,9,7,3,VRB02KT,11,11
2010-09-07 04:00:00.000,2010,9,7,4,32003KT,11,11
2010-09-07 05:00:00.000,2010,9,7,5,VRB02KT,11,11
2010-09-07 06:00:00.000,2010,9,7,6,27004KT,11,11
2010-09-07 07:00:00.000,2010,9,7,7,27004KT,11,11
2010-09-07 08:00:00.000,2010,9,7,8,VRB02KT,12,11
2010-09-07 09:00:00.000,2010,9,7,9,VRB02KT,11,11
2010-09-07 10:00:00.000,2010,9,7,10,VRB02KT,11,10
2010-09-07 11:00:00.000,2010,9,7,11,06003KT,11,10
2010-09-07 12:00:00.000,2010,9,7,12,02004KT,12,12
2010-09-07 13:00:00.000,2010,9,7,13,05006KT,12,12
2010-09-07 14:00:00.000,2010,9,7,14,04006KT,13,12
2010-09-07 15:00:00.000,2010,9,7,15,31004KT,15,12
2010-09-07 16:00:00.000,2010,9,7,16,30004KT,16,11
2010-09-07 17:00:00.000,2010,9,7,17,20004KT,16,12
2010-09-07 18:00:00.000,2010,9,7,18,30010KT,13,12
2010-09-07 19:00:00.000,2010,9,7,19,27008KT,14,13
2010-09-07 20:00:00.000,2010,9,7,20,28007KT,15,12
2010-09-07 21:00:00.000,2010,9,7,21,26008KT,14,12
2010-09-07 22:00:00.000,2010,9,7,22,23007KT,13,12
2010-09-07 23:00:00.000,2010,9,7,23,25004KT,12,11
2010-09-08 00:00:00.000,2010,9,8,0,VRB02KT,12,11
2010-09-08 01:00:00.000,2010,9,8,1,29003KT,12,11
2010-09-08 02:00:00.000,2010,9,8,2,28005KT,12,11
2010-09-08 03:00:00.000,2010,9,8,3,28003KT,12,11
2010-09-08 04:00:00.000,2010,9,8,4,24006KT,12,11
2010-09-08 05:00:00.000,2010,9,8,5,VRB02KT,12,11
2010-09-08 06:00:00.000,2010,9,8,6,26004KT,12,11
2010-09-08 07:00:00.000,2010,9,8,7,VRB02KT,11,10
2010-09-08 08:00:00.000,2010,9,8,8,25003KT,11,10
2010-09-08 09:00:00.000,2010,9,8,9,VRB02KT,11,10
2010-09-08 10:00:00.000,2010,9,8,10,VRB02KT,10,10
2010-09-08 11:00:00.000,2010,9,8,11,VRB02KT,10,10
2010-09-08 12:00:00.000,2010,9,8,12,VRB02KT,11,11
2010-09-08 13:00:00.000,2010,9,8,13,VRB02KT,13,11
2010-09-08 14:00:00.000,2010,9,8,14,VRB02KT,14,11
2010-09-08 15:00:00.000,2010,9,8,15,30004KT,15,11
2010-09-08 16:00:00.000,2010,9,8,16,24008KT,14,12
2010-09-08 17:00:00.000,2010,9,8,17,25012KT,15,12
2010-09-08 18:00:00.000,2010,9,8,18,26009KT,14,11
2010-09-08 19:00:00.000,2010,9,8,19,23007KT,15,12
2010-09-08 20:00:00.000,2010,9,8,20,04007KT,13,11
2010-09-08 21:00:00.000,2010,9,8,21,31003KT,13,11
2010-09-08 22:00:00.000,2010,9,8,22,27009KT,12,11
2010-09-08 23:00:00.000,2010,9,8,23,30004KT,12,11
2010-09-09 00:00:00.000,2010,9,9,0,04004KT,12,11
2010-09-09 01:00:00.000,2010,9,9,1,04004KT,12,11
2010-09-09 02:00:00.000,2010,9,9,2,03004KT,12,11
2010-09-09 03:00:00.000,2010,9,9,3,VRB02KT,12,11
2010-09-09 04:00:00.000,2010,9,9,4,VRB02KT,11,10
2010-09-09 05:00:00.000,2010,9,9,5,30005KT,11,10
2010-09-09 06:00:00.000,2010,9,9,6,00000KT,11,10
2010-09-09 07:00:00.000,2010,9,9,7,00000KT,11,10
2010-09-09 08:00:00.000,2010,9,9,8,VRB02KT,11,10
2010-09-09 09:00:00.000,2010,9,9,9,33003KT,11,10
2010-09-09 10:00:00.000,2010,9,9,10,VRB02KT,11,10
2010-09-09 11:00:00.000,2010,9,9,11,VRB02KT,10,10
2010-09-09 12:00:00.000,2010,9,9,12,VRB02KT,11,10
2010-09-09 13:00:00.000,2010,9,9,13,VRB02KT,13,10
2010-09-09 14:00:00.000,2010,9,9,14,VRB02KT,15,10
2010-09-09 15:00:00.000,2010,9,9,15,VRB02KT,16,10
2010-09-09 16:00:00.000,2010,9,9,16,27004KT,18,09
2010-09-09 17:00:00.000,2010,9,9,17,32006KT,18,09
2010-09-09 18:00:00.000,2010,9,9,18,27008KT,18,08
2010-09-09 19:00:00.000,2010,9,9,19,22010KT,18,11
2010-09-09 20:00:00.000,2010,9,9,20,24005KT,19,11
2010-09-09 21:00:00.000,2010,9,9,21,25007KT,19,10
2010-09-09 22:00:00.000,2010,9,9,22,27009KT,17,11
2010-09-09 23:00:00.000,2010,9,9,23,25006KT,15,11
2010-09-10 00:00:00.000,2010,9,10,0,VRB02KT,14,10
2010-09-10 01:00:00.000,2010,9,10,1,32006KT,13,10
2010-09-10 02:00:00.000,2010,9,10,2,00000KT,13,10
2010-09-10 03:00:00.000,2010,9,10,3,23003KT,13,11
2010-09-10 04:00:00.000,2010,9,10,4,VRB02KT,13,11
2010-09-10 05:00:00.000,2010,9,10,5,31003KT,13,11
2010-09-10 06:00:00.000,2010,9,10,6,VRB02KT,12,11
2010-09-10 07:00:00.000,2010,9,10,7,VRB02KT,12,10
2010-09-10 08:00:00.000,2010,9,10,8,VRB02KT,12,10
2010-09-10 09:00:00.000,2010,9,10,9,VRB02KT,12,11
2010-09-10 10:00:00.000,2010,9,10,10,31004KT,11,10
2010-09-10 11:00:00.000,2010,9,10,11,27004KT,12,10
2010-09-10 12:00:00.000,2010,9,10,12,20004KT,13,11
2010-09-10 13:00:00.000,2010,9,10,13,27005KT,15,12
2010-09-10 14:00:00.000,2010,9,10,14,30005KT,16,11
2010-09-10 15:00:00.000,2010,9,10,15,28006KT,16,11
2010-09-10 16:00:00.000,2010,9,10,16,28006KT,17,11
2010-09-10 17:00:00.000,2010,9,10,17,28010KT,18,11
2010-09-10 18:00:00.000,2010,9,10,18,29012KT,18,11
2010-09-10 19:00:00.000,2010,9,10,19,25011KT,18,12
2010-09-10 20:00:00.000,2010,9,10,20,25014KT,18,13
2010-09-10 21:00:00.000,2010,9,10,21,25008KT,17,11
2010-09-10 22:00:00.000,2010,9,10,22,26006KT,16,11
2010-09-10 23:00:00.000,2010,9,10,23,VRB02KT,15,10
2010-09-11 00:00:00.000,2010,9,11,0,31007KT,14,08
2010-09-11 01:00:00.000,2010,9,11,1,VRB02KT,14,08
2010-09-11 02:00:00.000,2010,9,11,2,VRB02KT,14,08
2010-09-11 03:00:00.000,2010,9,11,3,03003KT,14,09
2010-09-11 04:00:00.000,2010,9,11,4,33003KT,12,09
2010-09-11 05:00:00.000,2010,9,11,5,29004KT,12,10
2010-09-11 06:00:00.000,2010,9,11,6,27004KT,11,10
2010-09-11 07:00:00.000,2010,9,11,7,33003KT,11,10
2010-09-11 08:00:00.000,2010,9,11,8,VRB02KT,11,09
2010-09-11 09:00:00.000,2010,9,11,9,06003KT,11,09
2010-09-11 10:00:00.000,2010,9,11,10,35003KT,10,09
2010-09-11 11:00:00.000,2010,9,11,11,VRB02KT,10,09
2010-09-11 12:00:00.000,2010,9,11,12,00000KT,12,11
2010-09-11 13:00:00.000,2010,9,11,13,33005KT,13,10
2010-09-11 14:00:00.000,2010,9,11,14,05005KT,15,11
2010-09-11 15:00:00.000,2010,9,11,15,31004KT,17,10
2010-09-11 16:00:00.000,2010,9,11,16,29006KT,17,12
2010-09-11 17:00:00.000,2010,9,11,17,29008KT,19,11
2010-09-11 18:00:00.000,2010,9,11,18,27010KT,19,12
2010-09-11 19:00:00.000,2010,9,11,19,28011KT,18,13
2010-09-11 20:00:00.000,2010,9,11,20,28011KT,18,14
2010-09-11 21:00:00.000,2010,9,11,21,28008KT,18,12
2010-09-11 22:00:00.000,2010,9,11,22,27010KT,17,12
2010-09-11 23:00:00.000,2010,9,11,23,28008KT,15,12
2010-09-12 00:00:00.000,2010,9,12,0,32006KT,13,11
2010-09-12 01:00:00.000,2010,9,12,1,02004KT,12,10
2010-09-12 02:00:00.000,2010,9,12,2,33004KT,12,10
2010-09-12 03:00:00.000,2010,9,12,3,33004KT,11,10
2010-09-12 04:00:00.000,2010,9,12,4,VRB02KT,11,10
2010-09-12 05:00:00.000,2010,9,12,5,VRB02KT,11,10
2010-09-12 06:00:00.000,2010,9,12,6,VRB02KT,11,10
2010-09-12 07:00:00.000,2010,9,12,7,00000KT,10,10
2010-09-12 08:00:00.000,2010,9,12,8,22004KT,12,11
2010-09-12 09:00:00.000,2010,9,12,9,VRB02KT,12,11
2010-09-12 10:00:00.000,2010,9,12,10,VRB02KT,12,11
2010-09-12 11:00:00.000,2010,9,12,11,00000KT,12,11
2010-09-12 12:00:00.000,2010,9,12,12,27003KT,12,11
2010-09-12 13:00:00.000,2010,9,12,13,VRB02KT,14,11
2010-09-12 14:00:00.000,2010,9,12,14,05004KT,15,11
2010-09-12 15:00:00.000,2010,9,12,15,VRB02KT,17,09
2010-09-12 16:00:00.000,2010,9,12,16,25009KT,18,10
2010-09-12 17:00:00.000,2010,9,12,17,25012KT,18,11
2010-09-12 18:00:00.000,2010,9,12,18,24015KT,19,10
2010-09-12 19:00:00.000,2010,9,12,19,24015KT,20,11
2010-09-12 20:00:00.000,2010,9,12,20,25015KT,19,12
2010-09-12 21:00:00.000,2010,9,12,21,27015KT,17,11
2010-09-12 22:00:00.000,2010,9,12,22,24010KT,17,12
2010-09-12 23:00:00.000,2010,9,12,23,28005KT,16,12
2010-09-13 00:00:00.000,2010,9,13,0,35004KT,14,12
2010-09-13 01:00:00.000,2010,9,13,1,03004KT,13,11
2010-09-13 02:00:00.000,2010,9,13,2,32004KT,13,11
2010-09-13 03:00:00.000,2010,9,13,3,31004KT,13,11
2010-09-13 04:00:00.000,2010,9,13,4,00000KT,12,11
2010-09-13 05:00:00.000,2010,9,13,5,VRB02KT,12,10
2010-09-13 06:00:00.000,2010,9,13,6,VRB02KT,11,10
2010-09-13 07:00:00.000,2010,9,13,7,01004KT,14,11
2010-09-13 08:00:00.000,2010,9,13,8,33004KT,12,11
2010-09-13 09:00:00.000,2010,9,13,9,VRB02KT,12,10
2010-09-13 10:00:00.000,2010,9,13,10,VRB02KT,12,11
2010-09-13 11:00:00.000,2010,9,13,11,00000KT,11,11
2010-09-13 12:00:00.000,2010,9,13,12,VRB02KT,14,13
2010-09-13 13:00:00.000,2010,9,13,13,VRB02KT,15,13
2010-09-13 14:00:00.000,2010,9,13,14,27003KT,16,13
2010-09-13 15:00:00.000,2010,9,13,15,27003KT,16,12
2010-09-13 16:00:00.000,2010,9,13,16,26006KT,17,12
2010-09-13 17:00:00.000,2010,9,13,17,18006KT,18,09
2010-09-13 18:00:00.000,2010,9,13,18,26012KT,18,12
2010-09-13 19:00:00.000,2010,9,13,19,25012KT,17,12
2010-09-13 20:00:00.000,2010,9,13,20,30008KT,19,11
2010-09-13 21:00:00.000,2010,9,13,21,25008KT,20,11
2010-09-13 22:00:00.000,2010,9,13,22,25008KT,19,11
2010-09-13 23:00:00.000,2010,9,13,23,25006KT,16,11
2010-09-14 00:00:00.000,2010,9,14,0,28006KT,15,11
2010-09-14 01:00:00.000,2010,9,14,1,29004KT,13,11
2010-09-14 03:00:00.000,2010,9,14,3,VRB02KT,11,09
2010-09-14 04:00:00.000,2010,9,14,4,00000KT,11,10
2010-09-14 05:00:00.000,2010,9,14,5,VRB02KT,11,10
2010-09-14 06:00:00.000,2010,9,14,6,VRB02KT,12,11
2010-09-14 08:00:00.000,2010,9,14,8,06003KT,11,09
2010-09-14 09:00:00.000,2010,9,14,9,02003KT,10,09
2010-09-14 10:00:00.000,2010,9,14,10,03003KT,09,08
2010-09-14 11:00:00.000,2010,9,14,11,02003KT,10,09
2010-09-14 12:00:00.000,2010,9,14,12,03003KT,12,10
2010-09-14 14:00:00.000,2010,9,14,14,10006KT,17,10
2010-09-14 15:00:00.000,2010,9,14,15,15010KT,18,10
2010-09-14 16:00:00.000,2010,9,14,16,15008KT,19,09
2010-09-14 17:00:00.000,2010,9,14,17,15008KT,19,08
2010-09-14 18:00:00.000,2010,9,14,18,12008KT,18,09
2010-09-14 19:00:00.000,2010,9,14,19,08010KT,20,09
2010-09-14 20:00:00.000,2010,9,14,20,10008KT,18,10
2010-09-14 21:00:00.000,2010,9,14,21,15008KT,20,09
2010-09-14 22:00:00.000,2010,9,14,22,15010KT,19,09
2010-09-14 23:00:00.000,2010,9,14,23,10008KT,16,08
2010-09-15 00:00:00.000,2010,9,15,0,06006KT,16,08
2010-09-15 02:00:00.000,2010,9,15,2,08005KT,14,09
2010-09-15 03:00:00.000,2010,9,15,3,01003KT,12,09
2010-09-15 04:00:00.000,2010,9,15,4,04004KT,12,09
2010-09-15 05:00:00.000,2010,9,15,5,VRB02KT,10,09
2010-09-15 06:00:00.000,2010,9,15,6,07003KT,09,08
2010-09-15 07:00:00.000,2010,9,15,7,30003KT,,
2010-09-15 08:00:00.000,2010,9,15,8,35004KT,08,07
2010-09-15 09:00:00.000,2010,9,15,9,31003KT,06,06
2010-09-15 10:00:00.000,2010,9,15,10,32005KT,06,06
2010-09-15 11:00:00.000,2010,9,15,11,34003KT,05,04
2010-09-15 12:00:00.000,2010,9,15,12,VRB02KT,10,10
2010-09-15 13:00:00.000,2010,9,15,13,VRB02KT,14,10
2010-09-15 14:00:00.000,2010,9,15,14,VRB02KT,16,10
2010-09-15 15:00:00.000,2010,9,15,15,26005KT,17,09
2010-09-15 16:00:00.000,2010,9,15,16,25005KT,18,09
2010-09-15 17:00:00.000,2010,9,15,17,11010KT,19,09
2010-09-15 18:00:00.000,2010,9,15,18,18010KT,18,08
2010-09-15 19:00:00.000,2010,9,15,19,13008KT,18,10
2010-09-15 20:00:00.000,2010,9,15,20,22010KT,17,12
2010-09-15 21:00:00.000,2010,9,15,21,30008KT,16,12
2010-09-15 22:00:00.000,2010,9,15,22,21006KT,15,10
2010-09-15 23:00:00.000,2010,9,15,23,22006KT,15,10
2010-09-16 00:00:00.000,2010,9,16,0,17005KT,14,08
2010-09-16 01:00:00.000,2010,9,16,1,19007KT,13,07
2010-09-16 02:00:00.000,2010,9,16,2,18008KT,12,08
2010-09-16 03:00:00.000,2010,9,16,3,05006KT,11,08
2010-09-16 04:00:00.000,2010,9,16,4,21005KT,12,08
2010-09-16 05:00:00.000,2010,9,16,5,VRB02KT,10,09
2010-09-16 06:00:00.000,2010,9,16,6,04006KT,11,09
2010-09-16 07:00:00.000,2010,9,16,7,28003KT,10,08
2010-09-16 08:00:00.000,2010,9,16,8,00000KT,09,08
2010-09-16 09:00:00.000,2010,9,16,9,00000KT,09,08
2010-09-16 10:00:00.000,2010,9,16,10,VRB02KT,08,08
2010-09-16 11:00:00.000,2010,9,16,11,04003KT,08,07
2010-09-16 12:00:00.000,2010,9,16,12,01004KT,09,09
2010-09-16 13:00:00.000,2010,9,16,13,06007KT,14,11
2010-09-16 14:00:00.000,2010,9,16,14,09008KT,15,09
2010-09-16 15:00:00.000,2010,9,16,15,14007KT,17,09
2010-09-16 16:00:00.000,2010,9,16,16,10009KT,18,08
2010-09-16 17:00:00.000,2010,9,16,17,10010KT,19,07
2010-09-16 18:00:00.000,2010,9,16,18,18008KT,18,08
2010-09-16 19:00:00.000,2010,9,16,19,27012G31KT,17,11
2010-09-16 20:00:00.000,2010,9,16,20,25006KT,17,11
2010-09-16 21:00:00.000,2010,9,16,21,31006KT,16,12
2010-09-16 22:00:00.000,2010,9,16,22,29007KT,15,12
2010-09-16 23:00:00.000,2010,9,16,23,25006KT,14,10
2010-09-17 00:00:00.000,2010,9,17,0,23003KT,14,09
2010-09-17 01:00:00.000,2010,9,17,1,VRB02KT,13,09
2010-09-17 02:00:00.000,2010,9,17,2,33003KT,13,09
2010-09-17 03:00:00.000,2010,9,17,3,VRB02KT,13,09
2010-09-17 04:00:00.000,2010,9,17,4,VRB02KT,11,09
2010-09-17 05:00:00.000,2010,9,17,5,VRB02KT,11,09
2010-09-17 06:00:00.000,2010,9,17,6,VRB02KT,11,09
2010-09-17 07:00:00.000,2010,9,17,7,04004KT,11,09
2010-09-17 08:00:00.000,2010,9,17,8,VRB02KT,10,09
2010-09-17 09:00:00.000,2010,9,17,9,06003KT,10,09
2010-09-17 10:00:00.000,2010,9,17,10,VRB02KT,10,09
2010-09-17 11:00:00.000,2010,9,17,11,05004KT,10,09
2010-09-17 12:00:00.000,2010,9,17,12,01003KT,11,10
2010-09-17 13:00:00.000,2010,9,17,13,VRB02KT,13,10
2010-09-17 14:00:00.000,2010,9,17,14,06003KT,15,10
2010-09-17 15:00:00.000,2010,9,17,15,29004KT,17,10
2010-09-17 16:00:00.000,2010,9,17,16,07003KT,18,10
2010-09-17 17:00:00.000,2010,9,17,17,30006KT,18,13
2010-09-17 18:00:00.000,2010,9,17,18,28011KT,17,12
2010-09-17 19:00:00.000,2010,9,17,19,32010KT,16,12
2010-09-17 20:00:00.000,2010,9,17,20,300005KT,17,11
2010-09-17 21:00:00.000,2010,9,17,21,29008KT,16,10
2010-09-17 22:00:00.000,2010,9,17,22,26006KT,16,09
2010-09-17 23:00:00.000,2010,9,17,23,24005KT,15,08
2010-09-18 00:00:00.000,2010,9,18,0,25003KT,14,10
2010-09-18 01:00:00.000,2010,9,18,1,04003KT,13,10
2010-09-18 02:00:00.000,2010,9,18,2,34003KT,13,10
2010-09-18 03:00:00.000,2010,9,18,3,01003KT,13,09
2010-09-18 04:00:00.000,2010,9,18,4,05003KT,11,08
2010-09-18 05:00:00.000,2010,9,18,5,02003KT,10,08
2010-09-18 06:00:00.000,2010,9,18,6,32006KT,10,08
2010-09-18 07:00:00.000,2010,9,18,7,29004KT,10,08
2010-09-18 08:00:00.000,2010,9,18,8,05003KT,10,08
2010-09-18 09:00:00.000,2010,9,18,9,06005KT,10,08
2010-09-18 10:00:00.000,2010,9,18,10,02003KT,09,08
2010-09-18 11:00:00.000,2010,9,18,11,02004KT,09,08
2010-09-18 12:00:00.000,2010,9,18,12,04004KT,10,08
2010-09-18 13:00:00.000,2010,9,18,13,03003KT,12,09
2010-09-18 14:00:00.000,2010,9,18,14,VRB02KT,16,08
2010-09-18 15:00:00.000,2010,9,18,15,27005KT,17,09
2010-09-18 16:00:00.000,2010,9,18,16,27006KT,18,08
2010-09-18 17:00:00.000,2010,9,18,17,VRB02KT,18,11
2010-09-18 18:00:00.000,2010,9,18,18,25006KT,19,10
2010-09-18 19:00:00.000,2010,9,18,19,23012KT,18,11
2010-09-18 20:00:00.000,2010,9,18,20,25011KT,18,11
2010-09-18 21:00:00.000,2010,9,18,21,23012KT,17,11
2010-09-18 22:00:00.000,2010,9,18,22,27008KT,16,10
2010-09-18 23:00:00.000,2010,9,18,23,32007KT,14,10
2010-09-19 00:00:00.000,2010,9,19,0,30004KT,13,09
2010-09-19 01:00:00.000,2010,9,19,1,VRB02KT,12,09
2010-09-19 02:00:00.000,2010,9,19,2,VRB02KT,11,09
2010-09-19 03:00:00.000,2010,9,19,3,VRB02KT,11,09
2010-09-19 04:00:00.000,2010,9,19,4,VRB02KT,10,08
2010-09-19 05:00:00.000,2010,9,19,5,VRB02KT,09,07
2010-09-19 06:00:00.000,2010,9,19,6,30004KT,08,08
2010-09-19 07:00:00.000,2010,9,19,7,33004KT,08,07
2010-09-19 08:00:00.000,2010,9,19,8,00000KT,09,08
2010-09-19 09:00:00.000,2010,9,19,9,00000KT,10,09
2010-09-19 10:00:00.000,2010,9,19,10,04003KT,10,09
2010-09-19 11:00:00.000,2010,9,19,11,02004KT,11,09
2010-09-19 12:00:00.000,2010,9,19,12,VRB02KT,11,10
2010-09-19 13:00:00.000,2010,9,19,13,04003KT,13,10
2010-09-19 14:00:00.000,2010,9,19,14,31005KT,14,10
2010-09-19 15:00:00.000,2010,9,19,15,VRB02KT,16,10
2010-09-19 16:00:00.000,2010,9,19,16,VRB02KT,17,10
2010-09-19 17:00:00.000,2010,9,19,17,26006KT,17,09
2010-09-19 18:00:00.000,2010,9,19,18,22005KT,17,11
2010-09-19 19:00:00.000,2010,9,19,19,23010KT,16,11
2010-09-19 20:00:00.000,2010,9,19,20,26004KT,16,10
2010-09-19 21:00:00.000,2010,9,19,21,20008KT,13,12
2010-09-19 22:00:00.000,2010,9,19,22,25010KT,13,11
2010-09-19 23:00:00.000,2010,9,19,23,28003KT,12,11
2010-09-20 00:00:00.000,2010,9,20,0,VRB02KT,12,11
2010-09-20 01:00:00.000,2010,9,20,1,VRB02KT,12,11
2010-09-20 02:00:00.000,2010,9,20,2,00000KT,11,10
2010-09-20 03:00:00.000,2010,9,20,3,VRB02KT,11,10
2010-09-20 04:00:00.000,2010,9,20,4,VRB02KT,11,10
2010-09-20 05:00:00.000,2010,9,20,5,VRB02KT,10,10
2010-09-20 06:00:00.000,2010,9,20,6,VRB02KT,10,10
2010-09-20 07:00:00.000,2010,9,20,7,00000KT,10,09
2010-09-20 08:00:00.000,2010,9,20,8,00000KT,10,09
2010-09-20 09:00:00.000,2010,9,20,9,VRB02KT,10,09
2010-09-20 11:00:00.000,2010,9,20,11,VRB02KT,10,10
2010-09-20 12:00:00.000,2010,9,20,12,VRB02KT,11,10
2010-09-20 13:00:00.000,2010,9,20,13,00000KT,12,10
2010-09-20 14:00:00.000,2010,9,20,14,27006KT,13,11
2010-09-20 15:00:00.000,2010,9,20,15,22006KT,14,11
2010-09-20 16:00:00.000,2010,9,20,16,20008KT,14,11
2010-09-20 17:00:00.000,2010,9,20,17,27006KT,13,11
2010-09-20 18:00:00.000,2010,9,20,18,28003KT,13,11
2010-09-20 19:00:00.000,2010,9,20,19,29006KT,13,12
2010-09-20 20:00:00.000,2010,9,20,20,28008KT,13,12
2010-09-20 21:00:00.000,2010,9,20,21,25004KT,13,12
2010-09-20 22:00:00.000,2010,9,20,22,VRB02KT,13,12
2010-09-20 23:00:00.000,2010,9,20,23,02003KT,13,12
2010-09-21 00:00:00.000,2010,9,21,0,04003KT,12,11
2010-09-21 01:00:00.000,2010,9,21,1,02003KT,12,11
2010-09-21 02:00:00.000,2010,9,21,2,VRB02KT,11,11
2010-09-21 03:00:00.000,2010,9,21,3,VRB02KT,12,10
2010-09-21 04:00:00.000,2010,9,21,4,00000KT,11,10
2010-09-21 05:00:00.000,2010,9,21,5,00000KT,11,11
2010-09-21 06:00:00.000,2010,9,21,6,00000KT,11,10
2010-09-21 07:00:00.000,2010,9,21,7,00000KT,11,10
2010-09-21 08:00:00.000,2010,9,21,8,00000KT,11,10
2010-09-21 09:00:00.000,2010,9,21,9,VRB02KT,10,10
2010-09-21 10:00:00.000,2010,9,21,10,VRB02KT,10,10
2010-09-21 11:00:00.000,2010,9,21,11,2800KT,10,10
2010-09-21 12:00:00.000,2010,9,21,12,34003KT,12,11
2010-09-21 13:00:00.000,2010,9,21,13,VRB02KT,14,11
2010-09-21 14:00:00.000,2010,9,21,14,23005KT,14,11
2010-09-21 15:00:00.000,2010,9,21,15,33003KT,17,11
2010-09-21 16:00:00.000,2010,9,21,16,31003KT,17,10
2010-09-21 17:00:00.000,2010,9,21,17,04004KT,16,11
2010-09-21 18:00:00.000,2010,9,21,18,24004KT,17,11
2010-09-21 19:00:00.000,2010,9,21,19,28006KT,15,13
2010-09-21 20:00:00.000,2010,9,21,20,29006KT,15,13
2010-09-21 21:00:00.000,2010,9,21,21,25004KT,16,12
2010-09-21 22:00:00.000,2010,9,21,22,VRB02KT,17,12
2010-09-21 23:00:00.000,2010,9,21,23,VRB02KT,15,11
2010-09-22 00:00:00.000,2010,9,22,0,33004KT,13,10
2010-09-22 01:00:00.000,2010,9,22,1,33004KT,13,10
2010-09-22 02:00:00.000,2010,9,22,2,34004KT,12,09
2010-09-22 03:00:00.000,2010,9,22,3,31004KT,13,09
2010-09-22 04:00:00.000,2010,9,22,4,00000KT,13,10
2010-09-22 05:00:00.000,2010,9,22,5,30004KT,12,10
2010-09-22 06:00:00.000,2010,9,22,6,31004KT,12,10
2010-09-22 07:00:00.000,2010,9,22,7,06004KT,11,10
2010-09-22 08:00:00.000,2010,9,22,8,05004KT,11,10
2010-09-22 09:00:00.000,2010,9,22,9,00000KT,11,10
2010-09-22 10:00:00.000,2010,9,22,10,24004KT,11,10
2010-09-22 11:00:00.000,2010,9,22,11,34004KT,10,09
2010-09-22 12:00:00.000,2010,9,22,12,02003KT,12,11
2010-09-22 13:00:00.000,2010,9,22,13,07003KT,15,12
2010-09-22 14:00:00.000,2010,9,22,14,VRB02KT,17,12
2010-09-22 15:00:00.000,2010,9,22,15,30004KT,18,11
2010-09-22 16:00:00.000,2010,9,22,16,28012KT,16,12
2010-09-22 17:00:00.000,2010,9,22,17,27012KT,14,12
2010-09-22 18:00:00.000,2010,9,22,18,27010KT,14,12
2010-09-22 19:00:00.000,2010,9,22,19,24004KT,16,11
2010-09-22 20:00:00.000,2010,9,22,20,26004KT,17,10
2010-09-22 21:00:00.000,2010,9,22,21,34005KT,18,11
2010-09-22 22:00:00.000,2010,9,22,22,29008KT,17,11
2010-09-22 23:00:00.000,2010,9,22,23,28005KT,15,10
2010-09-23 00:00:00.000,2010,9,23,0,32004KT,13,09
2010-09-23 01:00:00.000,2010,9,23,1,32005KT,13,09
2010-09-23 02:00:00.000,2010,9,23,2,24003KT,13,09
2010-09-23 03:00:00.000,2010,9,23,3,VRB02KT,13,10
2010-09-23 04:00:00.000,2010,9,23,4,VRB02KT,12,10
2010-09-23 05:00:00.000,2010,9,23,5,29005KT,12,11
2010-09-23 06:00:00.000,2010,9,23,6,33003KT,11,10
2010-09-23 07:00:00.000,2010,9,23,7,VRB02KT,11,10
2010-09-23 08:00:00.000,2010,9,23,8,31004KT,11,10
2010-09-23 09:00:00.000,2010,9,23,9,VRB02KT,11,10
2010-09-23 10:00:00.000,2010,9,23,10,VRB02KT,11,10
2010-09-23 11:00:00.000,2010,9,23,11,VRB02KT,10,09
2010-09-23 12:00:00.000,2010,9,23,12,VRB02KT,11,11
2010-09-23 13:00:00.000,2010,9,23,13,00000KT,13,11
2010-09-23 14:00:00.000,2010,9,23,14,VRB02KT,14,11
2010-09-23 15:00:00.000,2010,9,23,15,VRB02KT,15,11
2010-09-23 16:00:00.000,2010,9,23,16,03006KT,15,12
2010-09-23 17:00:00.000,2010,9,23,17,10006KT,17,10
2010-09-23 18:00:00.000,2010,9,23,18,16008KT,18,10
2010-09-23 19:00:00.000,2010,9,23,19,12008KT,18,08
2010-09-23 20:00:00.000,2010,9,23,20,16008KT,19,08
2010-09-23 21:00:00.000,2010,9,23,21,12007KT,18,08
2010-09-23 22:00:00.000,2010,9,23,22,25010KT,16,12
2010-09-23 23:00:00.000,2010,9,23,23,25010KT,14,11
2010-09-24 00:00:00.000,2010,9,24,0,24006KT,14,11
2010-09-24 01:00:00.000,2010,9,24,1,31003KT,13,11
2010-09-24 02:00:00.000,2010,9,24,2,01003KT,12,11
2010-09-24 03:00:00.000,2010,9,24,3,03003KT,12,11
2010-09-24 04:00:00.000,2010,9,24,4,34004KT,12,11
2010-09-24 05:00:00.000,2010,9,24,5,VRB02KT,11,10
2010-09-24 06:00:00.000,2010,9,24,6,VRB02KT,11,10
2010-09-24 07:00:00.000,2010,9,24,7,VRB02KT,11,10
2010-09-24 08:00:00.000,2010,9,24,8,VRB02KT,11,10
2010-09-24 09:00:00.000,2010,9,24,9,OOOO0KT,11,10
2010-09-24 10:00:00.000,2010,9,24,10,04003KT,11,10
2010-09-24 11:00:00.000,2010,9,24,11,33003KT,11,11
2010-09-24 12:00:00.000,2010,9,24,12,28003KT,10,10
2010-09-24 13:00:00.000,2010,9,24,13,04003KT,14,11
2010-09-24 14:00:00.000,2010,9,24,14,27003KT,17,10
2010-09-24 15:00:00.000,2010,9,24,15,26004KT,17,10
2010-09-24 16:00:00.000,2010,9,24,16,27003KT,17,11
2010-09-24 17:00:00.000,2010,9,24,17,23010KT,17,11
2010-09-24 18:00:00.000,2010,9,24,18,31008KT,18,12
2010-09-24 19:00:00.000,2010,9,24,19,30011KT,16,12
2010-09-24 20:00:00.000,2010,9,24,20,31010KT,15,12
2010-09-24 21:00:00.000,2010,9,24,21,34004KT,14,12
2010-09-24 22:00:00.000,2010,9,24,22,27005KT,14,12
2010-09-24 23:00:00.000,2010,9,24,23,36003KT,13,12
2010-09-25 00:00:00.000,2010,9,25,0,VRB02KT,13,12
2010-09-25 01:00:00.000,2010,9,25,1,VRB02KT,12,12
2010-09-25 02:00:00.000,2010,9,25,2,VRB02KT,11,11
2010-09-25 03:00:00.000,2010,9,25,3,00000KT,11,11
2010-09-25 04:00:00.000,2010,9,25,4,VRB02KT,12,11
2010-09-25 05:00:00.000,2010,9,25,5,VRB02KT,11,11
2010-09-25 06:00:00.000,2010,9,25,6,33003KT,11,10
2010-09-25 07:00:00.000,2010,9,25,7,00000KT,11,10
2010-09-25 08:00:00.000,2010,9,25,8,00000KT,11,10
2010-09-25 09:00:00.000,2010,9,25,9,VRB02KT,11,10
2010-09-25 10:00:00.000,2010,9,25,10,00000KT,10,10
2010-09-25 11:00:00.000,2010,9,25,11,03004KT,10,10
2010-09-25 12:00:00.000,2010,9,25,12,VRB02KT,12,10
2010-09-25 13:00:00.000,2010,9,25,13,03003KT,14,11
2010-09-25 14:00:00.000,2010,9,25,14,30004KT,16,12
2010-09-25 15:00:00.000,2010,9,25,15,24004KT,18,11
2010-09-25 16:00:00.000,2010,9,25,16,26010KT,18,12
2010-09-25 17:00:00.000,2010,9,25,17,27012KT,17,13
2010-09-25 18:00:00.000,2010,9,25,18,27008KT,14,13
2010-09-25 19:00:00.000,2010,9,25,19,29006KT,15,12
2010-09-25 20:00:00.000,2010,9,25,20,30006KT,17,12
2010-09-25 21:00:00.000,2010,9,25,21,28010KT,15,12
2010-09-25 22:00:00.000,2010,9,25,22,26006KT,15,12
2010-09-25 23:00:00.000,2010,9,25,23,27004KT,14,12
2010-09-26 00:00:00.000,2010,9,26,0,VRB02KT,12,11
2010-09-26 01:00:00.000,2010,9,26,1,00000KT,12,11
2010-09-26 02:00:00.000,2010,9,26,2,00000KT,11,10
2010-09-26 03:00:00.000,2010,9,26,3,VRB02KT,11,10
2010-09-26 04:00:00.000,2010,9,26,4,00000KT,11,10
2010-09-26 05:00:00.000,2010,9,26,5,00000KT,11,10
2010-09-26 06:00:00.000,2010,9,26,6,VRB02KT,11,10
2010-09-26 08:00:00.000,2010,9,26,8,VRB02KT,10,09
2010-09-26 09:00:00.000,2010,9,26,9,00000KT,10,09
2010-09-26 10:00:00.000,2010,9,26,10,VRB02KT,10,09
2010-09-26 11:00:00.000,2010,9,26,11,VRB02KT,10,09
2010-09-26 12:00:00.000,2010,9,26,12,01004KT,11,10
2010-09-26 13:00:00.000,2010,9,26,13,03004KT,12,10
2010-09-26 14:00:00.000,2010,9,26,14,03004KT,15,10
2010-09-26 15:00:00.000,2010,9,26,15,26008KT,17,10
2010-09-26 16:00:00.000,2010,9,26,16,09006KT,19,11
2010-09-26 17:00:00.000,2010,9,26,17,17008KT,18,11
2010-09-26 18:00:00.000,2010,9,26,18,28012KT,14,12
2010-09-26 19:00:00.000,2010,9,26,19,28007KT,17,13
2010-09-26 20:00:00.000,2010,9,26,20,28008KT,17,13
2010-09-26 21:00:00.000,2010,9,26,21,25011KT,15,12
2010-09-26 22:00:00.000,2010,9,26,22,25006KT,16,12
2010-09-26 23:00:00.000,2010,9,26,23,26006KT,15,12
2010-09-27 00:00:00.000,2010,9,27,0,31003KT,14,12
2010-09-27 03:00:00.000,2010,9,27,3,VRB02KT,11,10
2010-09-27 04:00:00.000,2010,9,27,4,25003KT,11,10
2010-09-27 05:00:00.000,2010,9,27,5,00000KT,10,09
2010-09-27 07:00:00.000,2010,9,27,7,VRB02KT,09,08
2010-09-27 08:00:00.000,2010,9,27,8,23003KT,08,08
2010-09-27 09:00:00.000,2010,9,27,9,31003KT,08,07
2010-09-27 10:00:00.000,2010,9,27,10,00000KT,08,08
2010-09-27 11:00:00.000,2010,9,27,11,VRB02KT,08,08
2010-09-27 13:00:00.000,2010,9,27,13,VRB02KT,10,10
2010-09-27 14:00:00.000,2010,9,27,14,31004KT,13,12
2010-09-27 15:00:00.000,2010,9,27,15,03004KT,16,10
2010-09-27 16:00:00.000,2010,9,27,16,33004KT,16,09
2010-09-27 17:00:00.000,2010,9,27,17,01008KT,19,10
2010-09-27 18:00:00.000,2010,9,27,18,04008KT,19,10
2010-09-27 19:00:00.000,2010,9,27,19,27016KT,15,12
2010-09-27 20:00:00.000,2010,9,27,20,27012KT,14,11
2010-09-27 21:00:00.000,2010,9,27,21,25012KT,13,11
2010-09-27 22:00:00.000,2010,9,27,22,27006KT,13,10
2010-09-27 23:00:00.000,2010,9,27,23,VRB02KT,13,11
2010-09-28 00:00:00.000,2010,9,28,0,VRB02KT,12,10
2010-09-28 01:00:00.000,2010,9,28,1,00000KT,12,10
2010-09-28 02:00:00.000,2010,9,28,2,VRB02KT,12,10
2010-09-28 03:00:00.000,2010,9,28,3,00000KT,12,11
2010-09-28 04:00:00.000,2010,9,28,4,VRB02KT,12,11
2010-09-28 05:00:00.000,2010,9,28,5,00000KT,12,11
2010-09-28 06:00:00.000,2010,9,28,6,09006KT,11,11
2010-09-28 07:00:00.000,2010,9,28,7,03005KT,10,10
2010-09-28 08:00:00.000,2010,9,28,8,00000KT,10,10
2010-09-28 09:00:00.000,2010,9,28,9,31003KT,10,10
2010-09-28 10:00:00.000,2010,9,28,10,29003KT,10,10
2010-09-28 11:00:00.000,2010,9,28,11,00000KT,10,09
2010-09-28 12:00:00.000,2010,9,28,12,VRB02KT,11,10
2010-09-28 13:00:00.000,2010,9,28,13,VRB02KT,14,10
2010-09-28 14:00:00.000,2010,9,28,14,VRB02KT,15,10
2010-09-28 15:00:00.000,2010,9,28,15,VRB02KT,17,10
2010-09-28 16:00:00.000,2010,9,28,16,30003KT,18,10
2010-09-28 17:00:00.000,2010,9,28,17,30010KT,19,11
2010-09-28 18:00:00.000,2010,9,28,18,24008KT,18,12
2010-09-28 19:00:00.000,2010,9,28,19,36008KT,13,11
2010-09-28 20:00:00.000,2010,9,28,20,02006KT,14,11
2010-09-28 21:00:00.000,2010,9,28,21,03003KT,14,11
2010-09-28 22:00:00.000,2010,9,28,22,VRB02KT,14,12
2010-09-28 23:00:00.000,2010,9,28,23,02003KT,14,12
2010-09-29 00:00:00.000,2010,9,29,0,03003KT,13,11
2010-09-29 01:00:00.000,2010,9,29,1,05005KT,12,10
2010-09-29 02:00:00.000,2010,9,29,2,34003KT,12,10
2010-09-29 03:00:00.000,2010,9,29,3,34003KT,12,10
2010-09-29 04:00:00.000,2010,9,29,4,00000KT,12,10
2010-09-29 05:00:00.000,2010,9,29,5,VRB02KT,12,10
2010-09-29 06:00:00.000,2010,9,29,6,VRB02KT,12,10
2010-09-29 07:00:00.000,2010,9,29,7,33003KT,12,11
2010-09-29 08:00:00.000,2010,9,29,8,31003KT,12,11
2010-09-29 09:00:00.000,2010,9,29,9,VRB02KT,12,11
2010-09-29 10:00:00.000,2010,9,29,10,VRB02KT,11,11
2010-09-29 11:00:00.000,2010,9,29,11,30003KT,11,10
2010-09-29 12:00:00.000,2010,9,29,12,VRB02KT,12,11
2010-09-29 13:00:00.000,2010,9,29,13,VRB02KT,14,12
2010-09-29 14:00:00.000,2010,9,29,14,VRB02KT,16,12
2010-09-29 15:00:00.000,2010,9,29,15,30003KT,18,12
2010-09-29 16:00:00.000,2010,9,29,16,06003KT,19,12
2010-09-29 17:00:00.000,2010,9,29,17,25004KT,20,10
2010-09-29 18:00:00.000,2010,9,29,18,23010KT,18,11
2010-09-29 19:00:00.000,2010,9,29,19,31010KT,15,13
2010-09-29 20:00:00.000,2010,9,29,20,30006KT,16,13
2010-09-29 21:00:00.000,2010,9,29,21,06003KT,16,13
2010-09-29 22:00:00.000,2010,9,29,22,27008KT,16,13
2010-09-29 23:00:00.000,2010,9,29,23,26004KT,13,12
2010-09-30 00:00:00.000,2010,9,30,0,03005KT,12,10
2010-09-30 01:00:00.000,2010,9,30,1,VRB02KT,12,10
2010-09-30 02:00:00.000,2010,9,30,2,VRB02KT,11,09
2010-09-30 03:00:00.000,2010,9,30,3,VRB02KT,10,09
2010-09-30 04:00:00.000,2010,9,30,4,27003KT,10,09
2010-09-30 05:00:00.000,2010,9,30,5,VRB02KT,09,08
2010-09-30 06:00:00.000,2010,9,30,6,33004KT,08,07
2010-09-30 07:00:00.000,2010,9,30,7,VRB02KT,09,08
2010-09-30 08:00:00.000,2010,9,30,8,31003KT,08,07
2010-09-30 09:00:00.000,2010,9,30,9,VRB02KT,09,09
2010-09-30 10:00:00.000,2010,9,30,10,24004KT,09,09
2010-09-30 11:00:00.000,2010,9,30,11,VRB02KT,10,09
2010-09-30 12:00:00.000,2010,9,30,12,VRB02KT,11,11
2010-09-30 13:00:00.000,2010,9,30,13,27004KT,14,11
2010-09-30 14:00:00.000,2010,9,30,14,33008KT,15,11
2010-09-30 15:00:00.000,2010,9,30,15,31014KT,14,11
2010-09-30 16:00:00.000,2010,9,30,16,27010KT,15,11
2010-09-30 17:00:00.000,2010,9,30,17,27012KT,15,11
2010-09-30 18:00:00.000,2010,9,30,18,24008KT,14,12
2010-09-30 19:00:00.000,2010,9,30,19,27006KT,14,12
2010-09-30 20:00:00.000,2010,9,30,20,32004KT,14,12
2010-09-30 21:00:00.000,2010,9,30,21,VRB02KT,15,12
2010-09-30 22:00:00.000,2010,9,30,22,VRB02KT,16,10
2010-09-30 23:00:00.000,2010,9,30,23,03003KT,14,11
2010-10-01 00:00:00.000,2010,10,1,0,VRB02KT,14,11
2010-10-01 01:00:00.000,2010,10,1,1,00000KT,13,11
2010-10-01 02:00:00.000,2010,10,1,2,30004KT,13,11
2010-10-01 03:00:00.000,2010,10,1,3,34003KT,13,10
2010-10-01 04:00:00.000,2010,10,1,4,34003KT,12,10
2010-10-01 05:00:00.000,2010,10,1,5,30003KT,11,10
2010-10-01 06:00:00.000,2010,10,1,6,VRB02KT,10,09
2010-10-01 07:00:00.000,2010,10,1,7,00000KT,09,09
2010-10-01 08:00:00.000,2010,10,1,8,VRB02KT,08,08
2010-10-01 09:00:00.000,2010,10,1,9,33003KT,08,08
2010-10-01 10:00:00.000,2010,10,1,10,00000KT,07,07
2010-10-01 11:00:00.000,2010,10,1,11,VRB02KT,07,07
2010-10-01 12:00:00.000,2010,10,1,12,04004KT,09,09
2010-10-01 13:00:00.000,2010,10,1,13,03005KT,12,11
2010-10-01 14:00:00.000,2010,10,1,14,04006KT,15,12
2010-10-01 15:00:00.000,2010,10,1,15,34008KT,19,10
2010-10-01 16:00:00.000,2010,10,1,16,28006KT,20,10
2010-10-01 17:00:00.000,2010,10,1,17,28008KT,21,10
2010-10-01 18:00:00.000,2010,10,1,18,28015KT,19,13
2010-10-01 19:00:00.000,2010,10,1,19,27015KT,17,13
2010-10-01 20:00:00.000,2010,10,1,20,25012KT,16,13
2010-10-01 21:00:00.000,2010,10,1,21,32007KT,17,13
2010-10-01 22:00:00.000,2010,10,1,22,33008KT,15,12
2010-10-01 23:00:00.000,2010,10,1,23,03003KT,15,12
2010-10-02 00:00:00.000,2010,10,2,0,02004KT,14,12
2010-10-02 01:00:00.000,2010,10,2,1,VRB02KT,13,12
2010-10-02 02:00:00.000,2010,10,2,2,34004KT,13,12
2010-10-02 03:00:00.000,2010,10,2,3,VRB02KT,12,11
2010-10-02 04:00:00.000,2010,10,2,4,VRB02KT,11,10
2010-10-02 05:00:00.000,2010,10,2,5,VRB02KT,11,10
2010-10-02 06:00:00.000,2010,10,2,6,VRB02KT,11,10
2010-10-02 07:00:00.000,2010,10,2,7,00000KT,11,10
2010-10-02 08:00:00.000,2010,10,2,8,32004KT,10,10
2010-10-02 09:00:00.000,2010,10,2,9,00000KT,10,10
2010-10-02 10:00:00.000,2010,10,2,10,00000KT,10,10
2010-10-02 11:00:00.000,2010,10,2,11,31003KT,09,09
2010-10-02 12:00:00.000,2010,10,2,12,34004KT,11,10
2010-10-02 13:00:00.000,2010,10,2,13,VRB02KT,13,10
2010-10-02 14:00:00.000,2010,10,2,14,07004KT,16,11
2010-10-02 15:00:00.000,2010,10,2,15,02004KT,16,10
2010-10-02 16:00:00.000,2010,10,2,16,33004KT,17,10
2010-10-02 17:00:00.000,2010,10,2,17,28007KT,18,09
2010-10-02 18:00:00.000,2010,10,2,18,18005KT,14,11
2010-10-02 19:00:00.000,2010,10,2,19,29015KT,15,11
2010-10-02 20:00:00.000,2010,10,2,20,29010KT,14,10
2010-10-02 21:00:00.000,2010,10,2,21,31006KT,14,11
2010-10-02 22:00:00.000,2010,10,2,22,35004KT,14,11
2010-10-02 23:00:00.000,2010,10,2,23,VRB02KT,12,11
2010-10-03 00:00:00.000,2010,10,3,0,VRB02KT,12,10
2010-10-03 01:00:00.000,2010,10,3,1,31004KT,11,10
2010-10-03 02:00:00.000,2010,10,3,2,33004KT,11,10
2010-10-03 03:00:00.000,2010,10,3,3,VRB02KT,11,10
2010-10-03 04:00:00.000,2010,10,3,4,VRB02KT,10,09
2010-10-03 05:00:00.000,2010,10,3,5,VRB02KT,10,09
2010-10-03 06:00:00.000,2010,10,3,6,VRB02KT,09,08
2010-10-03 07:00:00.000,2010,10,3,7,VRB02KT,09,08
2010-10-03 08:00:00.000,2010,10,3,8,VRB02KT,09,08
2010-10-03 09:00:00.000,2010,10,3,9,VRB02KT,09,08
2010-10-03 10:00:00.000,2010,10,3,10,VRB02KT,08,08
2010-10-03 11:00:00.000,2010,10,3,11,VRB02KT,09,08
2010-10-03 12:00:00.000,2010,10,3,12,03006KT,11,10
2010-10-03 13:00:00.000,2010,10,3,13,05006KT,14,12
2010-10-03 14:00:00.000,2010,10,3,14,06006KT,16,13
2010-10-03 15:00:00.000,2010,10,3,15,05006KT,18,11
2010-10-03 16:00:00.000,2010,10,3,16,31006KT,20,11
2010-10-03 17:00:00.000,2010,10,3,17,24015KT,18,14
2010-10-03 18:00:00.000,2010,10,3,18,30010KT,16,13
2010-10-03 19:00:00.000,2010,10,3,19,29010KT,16,12
2010-10-03 20:00:00.000,2010,10,3,20,34003KT,17,11
2010-10-03 21:00:00.000,2010,10,3,21,26009KT,17,12
2010-10-03 22:00:00.000,2010,10,3,22,29010KT,15,12
2010-10-03 23:00:00.000,2010,10,3,23,24005KT,15,12
2010-10-04 00:00:00.000,2010,10,4,0,VRB02KT,14,12
2010-10-04 01:00:00.000,2010,10,4,1,VRB02KT,14,12
2010-10-04 02:00:00.000,2010,10,4,2,28003KT,13,12
2010-10-04 03:00:00.000,2010,10,4,3,14004KT,14,12
2010-10-04 04:00:00.000,2010,10,4,4,00000KT,12,11
2010-10-04 05:00:00.000,2010,10,4,5,00000KT,11,11
2010-10-04 06:00:00.000,2010,10,4,6,VRB02KT,11,11
2010-10-04 08:00:00.000,2010,10,4,8,VRB02KT,12,11
2010-10-04 10:00:00.000,2010,10,4,10,30003KT,12,11
2010-10-04 12:00:00.000,2010,10,4,12,32004KT,12,11
2010-10-04 13:00:00.000,2010,10,4,13,VRB02KT,13,11
2010-10-04 14:00:00.000,2010,10,4,14,33004KT,14,11
2010-10-04 15:00:00.000,2010,10,4,15,35004KT,15,11
2010-10-04 16:00:00.000,2010,10,4,16,31005KT,17,12
2010-10-04 17:00:00.000,2010,10,4,17,30009KT,17,12
2010-10-04 18:00:00.000,2010,10,4,18,25012KT,16,13
2010-10-04 19:00:00.000,2010,10,4,19,29010KT,16,13
2010-10-04 20:00:00.000,2010,10,4,20,22006KT,14,12
2010-10-04 21:00:00.000,2010,10,4,21,20006KT,14,12
2010-10-04 22:00:00.000,2010,10,4,22,24006KT,14,12
2010-10-04 23:00:00.000,2010,10,4,23,30004KT,13,12
2010-10-05 00:00:00.000,2010,10,5,0,30003KT,13,12
2010-10-05 01:00:00.000,2010,10,5,1,27003KT,12,12
2010-10-05 02:00:00.000,2010,10,5,2,27003KT,12,11
2010-10-05 03:00:00.000,2010,10,5,3,VRB02KT,12,11
2010-10-05 04:00:00.000,2010,10,5,4,VRB02KT,12,11
2010-10-05 05:00:00.000,2010,10,5,5,VRB02KT,12,11
2010-10-05 06:00:00.000,2010,10,5,6,27003KT,12,11
2010-10-05 07:00:00.000,2010,10,5,7,33003KT,11,11
2010-10-05 08:00:00.000,2010,10,5,8,03003KT,11,11
2010-10-05 09:00:00.000,2010,10,5,9,02003KT,11,11
2010-10-05 10:00:00.000,2010,10,5,10,06003KT,11,11
2010-10-05 11:00:00.000,2010,10,5,11,03004KT,11,11
2010-10-05 12:00:00.000,2010,10,5,12,VRB02KT,12,11
2010-10-05 13:00:00.000,2010,10,5,13,07004KT,13,12
2010-10-05 14:00:00.000,2010,10,5,14,03004KT,15,10
2010-10-05 15:00:00.000,2010,10,5,15,04004KT,17,12
2010-10-05 16:00:00.000,2010,10,5,16,27005KT,19,11
2010-10-05 17:00:00.000,2010,10,5,17,32008KT,20,10
2010-10-05 18:00:00.000,2010,10,5,18,15017KT,16,11
2010-10-05 19:00:00.000,2010,10,5,19,11005KT,15,11
2010-10-05 20:00:00.000,2010,10,5,20,12005KT,16,11
2010-10-05 21:00:00.000,2010,10,5,21,14003KT,17,10
2010-10-05 22:00:00.000,2010,10,5,22,04006KT,16,11
2010-10-05 23:00:00.000,2010,10,5,23,03003KT,15,11
2010-10-06 00:00:00.000,2010,10,6,0,06003KT,14,11
2010-10-06 01:00:00.000,2010,10,6,1,35004KT,14,11
2010-10-06 02:00:00.000,2010,10,6,2,34003KT,12,11
2010-10-06 03:00:00.000,2010,10,6,3,01003KT,12,11
2010-10-06 04:00:00.000,2010,10,6,4,VRB02KT,13,12
2010-10-06 05:00:00.000,2010,10,6,5,00000KT,12,12
2010-10-06 06:00:00.000,2010,10,6,6,31003KT,12,12
2010-10-06 07:00:00.000,2010,10,6,7,30004KT,12,12
2010-10-06 08:00:00.000,2010,10,6,8,VRB02KT,12,12
2010-10-06 09:00:00.000,2010,10,6,9,09003KT,12,12
2010-10-06 10:00:00.000,2010,10,6,10,VRB02KT,12,11
2010-10-06 11:00:00.000,2010,10,6,11,VRB02KT,11,11
2010-10-06 12:00:00.000,2010,10,6,12,VRB02KT,13,11
2010-10-06 13:00:00.000,2010,10,6,13,04006KT,14,11
2010-10-06 14:00:00.000,2010,10,6,14,23004KT,,
2010-10-06 15:00:00.000,2010,10,6,15,33004KT,17,12
2010-10-06 16:00:00.000,2010,10,6,16,28012KT,18,13
2010-10-06 17:00:00.000,2010,10,6,17,23014KT,17,12
2010-10-06 18:00:00.000,2010,10,6,18,21004KT,14,13
2010-10-06 19:00:00.000,2010,10,6,19,24009KT,15,13
2010-10-06 20:00:00.000,2010,10,6,20,25009KT,16,12
2010-10-06 21:00:00.000,2010,10,6,21,25007KT,16,12
2010-10-06 22:00:00.000,2010,10,6,22,23003KT,16,12
2010-10-06 23:00:00.000,2010,10,6,23,06004KT,14,12
2010-10-07 00:00:00.000,2010,10,7,0,VRB02KT,13,12
2010-10-07 01:00:00.000,2010,10,7,1,02004KT,12,11
2010-10-07 02:00:00.000,2010,10,7,2,04003KT,13,11
2010-10-07 03:00:00.000,2010,10,7,3,04004KT,13,11
2010-10-07 04:00:00.000,2010,10,7,4,24003KT,13,12
2010-10-07 05:00:00.000,2010,10,7,5,VRB02KT,12,11
2010-10-07 06:00:00.000,2010,10,7,6,33003KT,12,11
2010-10-07 07:00:00.000,2010,10,7,7,VRB02KT,12,11
2010-10-07 08:00:00.000,2010,10,7,8,VRB02KT,12,11
2010-10-07 09:00:00.000,2010,10,7,9,VRB02KT,12,11
2010-10-07 10:00:00.000,2010,10,7,10,06003KT,12,11
2010-10-07 11:00:00.000,2010,10,7,11,VRB02KT,12,11
2010-10-07 12:00:00.000,2010,10,7,12,04004KT,13,11
2010-10-07 13:00:00.000,2010,10,7,13,04005KT,15,12
2010-10-07 15:00:00.000,2010,10,7,15,05004KT,19,12
2010-10-07 16:00:00.000,2010,10,7,16,VRB02KT,20,11
2010-10-07 17:00:00.000,2010,10,7,17,13008KT,21,10
2010-10-07 18:00:00.000,2010,10,7,18,20004KT,22,11
2010-10-07 19:00:00.000,2010,10,7,19,22008KT,22,13
2010-10-07 20:00:00.000,2010,10,7,20,23012KT,21,14
2010-10-07 21:00:00.000,2010,10,7,21,26012KT,19,14
2010-10-07 22:00:00.000,2010,10,7,22,33006KT,18,11
2010-10-07 23:00:00.000,2010,10,7,23,30006KT,16,10
2010-10-08 00:00:00.000,2010,10,8,0,33003KT,15,11
2010-10-08 01:00:00.000,2010,10,8,1,33003KT,14,10
2010-10-08 02:00:00.000,2010,10,8,2,VRB02KT,14,12
2010-10-08 03:00:00.000,2010,10,8,3,VRB02KT,13,11
2010-10-08 04:00:00.000,2010,10,8,4,29003KT,12,12
2010-10-08 05:00:00.000,2010,10,8,5,00000KT,12,10
2010-10-08 06:00:00.000,2010,10,8,6,00000KT,12,10
2010-10-08 07:00:00.000,2010,10,8,7,31003KT,11,10
2010-10-08 08:00:00.000,2010,10,8,8,06003KT,11,09
2010-10-08 09:00:00.000,2010,10,8,9,02003KT,11,10
2010-10-08 10:00:00.000,2010,10,8,10,03003KT,11,11
2010-10-08 11:00:00.000,2010,10,8,11,00000KT,10,10
2010-10-08 12:00:00.000,2010,10,8,12,04006KT,12,10
2010-10-08 13:00:00.000,2010,10,8,13,05008KT,15,11
2010-10-08 14:00:00.000,2010,10,8,14,03007KT,16,10
2010-10-08 15:00:00.000,2010,10,8,15,13008KT,19,09
2010-10-08 16:00:00.000,2010,10,8,16,17008KT,19,10
2010-10-08 17:00:00.000,2010,10,8,17,18006KT,20,10
2010-10-08 18:00:00.000,2010,10,8,18,32007KT,19,10
2010-10-08 19:00:00.000,2010,10,8,19,27010KT,19,13
2010-10-08 20:00:00.000,2010,10,8,20,24010KT,19,13
2010-10-08 21:00:00.000,2010,10,8,21,23010KT,18,13
2010-10-08 22:00:00.000,2010,10,8,22,33004KT,16,13
2010-10-08 23:00:00.000,2010,10,8,23,31005KT,15,13
2010-10-09 00:00:00.000,2010,10,9,0,31006KT,14,14
2010-10-09 01:00:00.000,2010,10,9,1,00000KT,14,13
2010-10-09 02:00:00.000,2010,10,9,2,00000KT,13,13
2010-10-09 03:00:00.000,2010,10,9,3,VRB02KT,13,13
2010-10-09 04:00:00.000,2010,10,9,4,07004KT,14,13
2010-10-09 05:00:00.000,2010,10,9,5,04004KT,13,11
2010-10-09 06:00:00.000,2010,10,9,6,06003KT,12,11
2010-10-09 07:00:00.000,2010,10,9,7,VRB02KT,12,10
2010-10-09 08:00:00.000,2010,10,9,8,00000KT,11,11
2010-10-09 09:00:00.000,2010,10,9,9,VRB02KT,11,10
2010-10-09 10:00:00.000,2010,10,9,10,26003KT,09,08
2010-10-09 11:00:00.000,2010,10,9,11,36003KT,09,08
2010-10-09 12:00:00.000,2010,10,9,12,33004KT,12,10
2010-10-09 13:00:00.000,2010,10,9,13,02003KT,13,11
2010-10-09 14:00:00.000,2010,10,9,14,10007KT,16,12
2010-10-09 15:00:00.000,2010,10,9,15,13006KT,15,10
2010-10-09 16:00:00.000,2010,10,9,16,05008KT,14,10
2010-10-09 17:00:00.000,2010,10,9,17,06007KT,15,12
2010-10-09 18:00:00.000,2010,10,9,18,35006KT,16,11
2010-10-09 19:00:00.000,2010,10,9,19,03005KT,16,12
2010-10-09 20:00:00.000,2010,10,9,20,12011KT,17,10
2010-10-09 21:00:00.000,2010,10,9,21,12010KT,18,09
2010-10-09 22:00:00.000,2010,10,9,22,16010KT,17,09
2010-10-09 23:00:00.000,2010,10,9,23,16008KT,15,10
2010-10-10 00:00:00.000,2010,10,10,0,15006KT,14,10
2010-10-10 01:00:00.000,2010,10,10,1,11006KT,14,09
2010-10-10 02:00:00.000,2010,10,10,2,11007KT,13,10
2010-10-10 03:00:00.000,2010,10,10,3,10005KT,13,10
2010-10-10 04:00:00.000,2010,10,10,4,RB02KT,11,10
2010-10-10 05:00:00.000,2010,10,10,5,VRB02KT,11,10
2010-10-10 06:00:00.000,2010,10,10,6,04004KT,11,10
2010-10-10 07:00:00.000,2010,10,10,7,05005KT,11,09
2010-10-10 08:00:00.000,2010,10,10,8,VRB02KT,10,09
2010-10-10 09:00:00.000,2010,10,10,9,VRB02KT,09,08
2010-10-10 10:00:00.000,2010,10,10,10,05003KT,08,08
2010-10-10 11:00:00.000,2010,10,10,11,02003KT,08,08
2010-10-10 12:00:00.000,2010,10,10,12,03004KT,09,09
2010-10-10 13:00:00.000,2010,10,10,13,00000KT,13,10
2010-10-10 14:00:00.000,2010,10,10,14,VRB02KT,15,10
2010-10-10 15:00:00.000,2010,10,10,15,06004KT,17,09
2010-10-10 16:00:00.000,2010,10,10,16,15006KT,18,09
2010-10-10 17:00:00.000,2010,10,10,17,14015KT,19,08
2010-10-10 18:00:00.000,2010,10,10,18,16014KT,19,06
2010-10-10 19:00:00.000,2010,10,10,19,17012KT,20,07
2010-10-10 20:00:00.000,2010,10,10,20,13016KT,19,06
2010-10-10 21:00:00.000,2010,10,10,21,18007KT,18,05
2010-10-10 22:00:00.000,2010,10,10,22,14012KT,18,06
2010-10-10 23:00:00.000,2010,10,10,23,17005KT,15,07
2010-10-11 00:00:00.000,2010,10,11,0,00000KT,15,08
2010-10-11 01:00:00.000,2010,10,11,1,06003KT,14,09
2010-10-11 02:00:00.000,2010,10,11,2,07003KT,14,10
2010-10-11 03:00:00.000,2010,10,11,3,03006KT,12,10
2010-10-11 04:00:00.000,2010,10,11,4,04005KT,12,10
2010-10-11 05:00:00.000,2010,10,11,5,VRB02KT,12,10
2010-10-11 06:00:00.000,2010,10,11,6,VRB02KT,12,10
2010-10-11 07:00:00.000,2010,10,11,7,VRB02KT,11,11
2010-10-11 08:00:00.000,2010,10,11,8,VRB02KT,11,10
2010-10-11 09:00:00.000,2010,10,11,9,06003KT,10,09
2010-10-11 10:00:00.000,2010,10,11,10,03003KT,10,09
2010-10-11 11:00:00.000,2010,10,11,11,03004KT,11,10
2010-10-11 12:00:00.000,2010,10,11,12,02004KT,12,10
2010-10-11 13:00:00.000,2010,10,11,13,11014KT,15,07
2010-10-11 14:00:00.000,2010,10,11,14,14012KT,17,07
2010-10-11 15:00:00.000,2010,10,11,15,13017KT,18,07
2010-10-11 16:00:00.000,2010,10,11,16,14014KT,18,07
2010-10-11 17:00:00.000,2010,10,11,17,16014KT,18,07
2010-10-11 18:00:00.000,2010,10,11,18,14014KT,19,06
2010-10-11 19:00:00.000,2010,10,11,19,14014KT,20,07
2010-10-11 20:00:00.000,2010,10,11,20,15016KT,19,06
2010-10-11 21:00:00.000,2010,10,11,21,14014KT,18,06
2010-10-11 22:00:00.000,2010,10,11,22,15014KT,17,06
2010-10-11 23:00:00.000,2010,10,11,23,16012KT,15,05
2010-10-12 00:00:00.000,2010,10,12,0,16012KT,14,05
2010-10-12 01:00:00.000,2010,10,12,1,14008KT,13,06
2010-10-12 02:00:00.000,2010,10,12,2,VRB02KT,11,07
2010-10-12 03:00:00.000,2010,10,12,3,03003KT,10,06
2010-10-12 04:00:00.000,2010,10,12,4,03003KT,09,08
2010-10-12 05:00:00.000,2010,10,12,5,05004KT,09,08
2010-10-12 06:00:00.000,2010,10,12,6,07006KT,08,07
2010-10-12 07:00:00.000,2010,10,12,7,05004KT,08,07
2010-10-12 08:00:00.000,2010,10,12,8,02004KT,08,06
2010-10-12 09:00:00.000,2010,10,12,9,06005KT,08,06
2010-10-12 10:00:00.000,2010,10,12,10,VRB02KT,09,07
2010-10-12 11:00:00.000,2010,10,12,11,05009KT,09,07
2010-10-12 12:00:00.000,2010,10,12,12,05007KT,10,08
2010-10-12 13:00:00.000,2010,10,12,13,04008KT,12,09
2010-10-12 14:00:00.000,2010,10,12,14,05008KT,13,09
2010-10-12 15:00:00.000,2010,10,12,15,03010KT,13,09
2010-10-12 16:00:00.000,2010,10,12,16,13007KT,15,10
2010-10-12 17:00:00.000,2010,10,12,17,17010KT,15,09
2010-10-12 18:00:00.000,2010,10,12,18,15010KT,18,10
2010-10-12 19:00:00.000,2010,10,12,19,07007KT,17,11
2010-10-12 21:00:00.000,2010,10,12,21,15008KT,17,09
2010-10-12 22:00:00.000,2010,10,12,22,19006KT,16,09
2010-10-12 23:00:00.000,2010,10,12,23,33005KT,14,11
2010-10-13 00:00:00.000,2010,10,13,0,27003KT,14,11
2010-10-13 01:00:00.000,2010,10,13,1,06003KT,11,10
2010-10-13 02:00:00.000,2010,10,13,2,08004KT,12,10
2010-10-13 03:00:00.000,2010,10,13,3,15008KT,12,09
2010-10-13 04:00:00.000,2010,10,13,4,00000KT,12,09
2010-10-13 05:00:00.000,2010,10,13,5,VRB02KT,11,09
2010-10-13 06:00:00.000,2010,10,13,6,VRB02KT,09,08
2010-10-13 07:00:00.000,2010,10,13,7,VRB02KT,10,09
2010-10-13 08:00:00.000,2010,10,13,8,02003KT,10,09
2010-10-13 09:00:00.000,2010,10,13,9,VRB02KT,10,09
2010-10-13 10:00:00.000,2010,10,13,10,VRB02KT,11,10
2010-10-13 11:00:00.000,2010,10,13,11,05003KT,10,09
2010-10-13 12:00:00.000,2010,10,13,12,02006KT,13,11
2010-10-13 13:00:00.000,2010,10,13,13,24006KT,14,11
2010-10-13 14:00:00.000,2010,10,13,14,25003KT,15,12
2010-10-13 17:00:00.000,2010,10,13,17,14008KT,19,09
2010-10-13 18:00:00.000,2010,10,13,18,16012KT,19,09
2010-10-13 19:00:00.000,2010,10,13,19,14010KT,18,08
2010-10-13 20:00:00.000,2010,10,13,20,13010KT,19,09
2010-10-13 21:00:00.000,2010,10,13,21,14012KT,19,07
2010-10-13 22:00:00.000,2010,10,13,22,18008KT,18,07
2010-10-13 23:00:00.000,2010,10,13,23,06006KT,15,07
2010-10-14 00:00:00.000,2010,10,14,0,33003KT,15,08
2010-10-14 01:00:00.000,2010,10,14,1,24005KT,14,11
2010-10-14 02:00:00.000,2010,10,14,2,36003KT,13,10
2010-10-14 03:00:00.000,2010,10,14,3,04003KT,13,10
2010-10-14 04:00:00.000,2010,10,14,4,33003KT,13,10
2010-10-14 05:00:00.000,2010,10,14,5,00000KT,12,10
2010-10-14 06:00:00.000,2010,10,14,6,00000KT,11,10
2010-10-14 07:00:00.000,2010,10,14,7,00000KT,10,10
2010-10-14 08:00:00.000,2010,10,14,8,07003KT,10,09
2010-10-14 09:00:00.000,2010,10,14,9,04004KT,10,09
2010-10-14 10:00:00.000,2010,10,14,10,34004KT,10,09
2010-10-14 11:00:00.000,2010,10,14,11,VRB02KT,11,10
2010-10-14 12:00:00.000,2010,10,14,12,04006KT,14,11
2010-10-14 13:00:00.000,2010,10,14,13,07004KT,15,11
2010-10-14 14:00:00.000,2010,10,14,14,05004KT,16,11
2010-10-14 15:00:00.000,2010,10,14,15,04004KT,18,10
2010-10-14 16:00:00.000,2010,10,14,16,14006KT,18,10
2010-10-14 17:00:00.000,2010,10,14,17,13008KT,19,09
2010-10-14 18:00:00.000,2010,10,14,18,11012KT,19,10
2010-10-14 19:00:00.000,2010,10,14,19,VRB02KT,19,09
2010-10-14 20:00:00.000,2010,10,14,20,17008KT,18,09
2010-10-14 21:00:00.000,2010,10,14,21,20008KT,17,11
2010-10-14 22:00:00.000,2010,10,14,22,VRB02KT,16,08
2010-10-14 23:00:00.000,2010,10,14,23,VRB02KT,14,08
2010-10-15 00:00:00.000,2010,10,15,0,16005KT,14,09
2010-10-15 01:00:00.000,2010,10,15,1,25004KT,14,10
2010-10-15 02:00:00.000,2010,10,15,2,27003KT,13,09
2010-10-15 03:00:00.000,2010,10,15,3,03004KT,10,09
2010-10-15 04:00:00.000,2010,10,15,4,VRB02KT,11,09
2010-10-15 05:00:00.000,2010,10,15,5,05003KT,09,08
2010-10-15 06:00:00.000,2010,10,15,6,03003KT,09,08
2010-10-15 07:00:00.000,2010,10,15,7,VRB02KT,09,08
2010-10-15 08:00:00.000,2010,10,15,8,27003KT,09,08
2010-10-15 09:00:00.000,2010,10,15,9,VRB02KT,08,08
2010-10-15 10:00:00.000,2010,10,15,10,00000KT,08,08
2010-10-15 11:00:00.000,2010,10,15,11,33003KT,08,08
2010-10-15 12:00:00.000,2010,10,15,12,VRB02KT,09,09
2010-10-15 13:00:00.000,2010,10,15,13,33003KT,11,09
2010-10-15 14:00:00.000,2010,10,15,14,VRB02KT,12,10
2010-10-15 15:00:00.000,2010,10,15,15,04003KT,14,10
2010-10-15 16:00:00.000,2010,10,15,16,00000KT,15,10
2010-10-15 17:00:00.000,2010,10,15,17,10004KT,16,08
2010-10-15 18:00:00.000,2010,10,15,18,17006KT,17,10
2010-10-15 19:00:00.000,2010,10,15,19,10010KT,17,09
2010-10-15 20:00:00.000,2010,10,15,20,VRB02KT,18,09
2010-10-15 21:00:00.000,2010,10,15,21,10006KT,18,09
2010-10-15 22:00:00.000,2010,10,15,22,16014KT,17,07
2010-10-15 23:00:00.000,2010,10,15,23,22003KT,15,11
2010-10-16 00:00:00.000,2010,10,16,0,13005KT,15,09
2010-10-16 01:00:00.000,2010,10,16,1,14003KT,14,07
2010-10-16 02:00:00.000,2010,10,16,2,33004KT,13,08
2010-10-16 03:00:00.000,2010,10,16,3,21003KT,13,08
2010-10-16 04:00:00.000,2010,10,16,4,31003KT,11,09
2010-10-16 05:00:00.000,2010,10,16,5,00000KT,10,09
2010-10-16 06:00:00.000,2010,10,16,6,04005KT,11,10
2010-10-16 07:00:00.000,2010,10,16,7,VRB02KT,11,10
2010-10-16 08:00:00.000,2010,10,16,8,29003KT,10,10
2010-10-16 09:00:00.000,2010,10,16,9,VRB02KT,10,09
2010-10-16 10:00:00.000,2010,10,16,10,VRB02KT,10,10
2010-10-16 11:00:00.000,2010,10,16,11,VRB02KT,10,10
2010-10-16 12:00:00.000,2010,10,16,12,03003KT,12,11
2010-10-16 13:00:00.000,2010,10,16,13,04003KT,14,11
2010-10-16 14:00:00.000,2010,10,16,14,26003KT,15,11
2010-10-16 15:00:00.000,2010,10,16,15,31003KT,16,11
2010-10-16 16:00:00.000,2010,10,16,16,09003KT,15,11
2010-10-16 17:00:00.000,2010,10,16,17,12003KT,18,10
2010-10-16 18:00:00.000,2010,10,16,18,12008KT,17,08
2010-10-16 19:00:00.000,2010,10,16,19,08004KT,16,10
2010-10-16 20:00:00.000,2010,10,16,20,12004KT,18,09
2010-10-16 21:00:00.000,2010,10,16,21,05006KT,17,10
2010-10-16 22:00:00.000,2010,10,16,22,06008KT,16,10
2010-10-16 23:00:00.000,2010,10,16,23,VRB02KT,14,11
2010-10-17 00:00:00.000,2010,10,17,0,22006KT,13,11
2010-10-17 01:00:00.000,2010,10,17,1,VRB02KT,12,11
2010-10-17 02:00:00.000,2010,10,17,2,31004KT,11,10
2010-10-17 03:00:00.000,2010,10,17,3,VRB02KT,11,10
2010-10-17 04:00:00.000,2010,10,17,4,14003KT,10,10
2010-10-17 05:00:00.000,2010,10,17,5,VRB02KT,09,09
2010-10-17 06:00:00.000,2010,10,17,6,00000KT,09,09
2010-10-17 07:00:00.000,2010,10,17,7,04004KT,10,09
2010-10-17 09:00:00.000,2010,10,17,9,01004KT,10,09
2010-10-17 10:00:00.000,2010,10,17,10,07006KT,10,09
2010-10-17 11:00:00.000,2010,10,17,11,VRB02KT,10,09
2010-10-17 12:00:00.000,2010,10,17,12,27003KT,,
2010-10-17 13:00:00.000,2010,10,17,13,10004KT,14,10
2010-10-17 14:00:00.000,2010,10,17,14,10003KT,16,09
2010-10-17 15:00:00.000,2010,10,17,15,33003KT,17,08
2010-10-17 16:00:00.000,2010,10,17,16,15003KT,18,08
2010-10-17 17:00:00.000,2010,10,17,17,20007KT,18,10
2010-10-17 18:00:00.000,2010,10,17,18,14016KT,19,08
2010-10-17 19:00:00.000,2010,10,17,19,30010KT,17,11
2010-10-17 20:00:00.000,2010,10,17,20,28009KT,18,12
2010-10-17 21:00:00.000,2010,10,17,21,31003KT,17,11
2010-10-17 22:00:00.000,2010,10,17,22,33006KT,15,11
2010-10-17 23:00:00.000,2010,10,17,23,30006KT,13,10
2010-10-18 00:00:00.000,2010,10,18,0,31005KT,12,10
2010-10-18 01:00:00.000,2010,10,18,1,VRB02KT,11,09
2010-10-18 02:00:00.000,2010,10,18,2,32003KT,10,09
2010-10-18 03:00:00.000,2010,10,18,3,VRB02KT,11,10
2010-10-18 04:00:00.000,2010,10,18,4,VRB02KT,10,09
2010-10-18 05:00:00.000,2010,10,18,5,VRB02KT,10,09
2010-10-18 06:00:00.000,2010,10,18,6,27003KT,09,08
2010-10-18 07:00:00.000,2010,10,18,7,VRB02KT,08,08
2010-10-18 08:00:00.000,2010,10,18,8,VRB02KT,08,08
2010-10-18 09:00:00.000,2010,10,18,9,VRB02KT,08,08
2010-10-18 10:00:00.000,2010,10,18,10,03003KT,08,08
2010-10-18 11:00:00.000,2010,10,18,11,VRB02KT,09,08
2010-10-18 12:00:00.000,2010,10,18,12,VRB02KT,10,09
2010-10-18 13:00:00.000,2010,10,18,13,06004KT,12,10
2010-10-18 14:00:00.000,2010,10,18,14,VRB02KT,15,10
2010-10-18 15:00:00.000,2010,10,18,15,VRB02KT,18,11
2010-10-18 16:00:00.000,2010,10,18,16,27005KT,18,09
2010-10-18 17:00:00.000,2010,10,18,17,31009KT,19,11
2010-10-18 18:00:00.000,2010,10,18,18,27014KT,19,12
2010-10-18 19:00:00.000,2010,10,18,19,28012KT,16,11
2010-10-18 20:00:00.000,2010,10,18,20,31006KT,14,11
2010-10-18 21:00:00.000,2010,10,18,21,VRB02KT,14,11
2010-10-18 22:00:00.000,2010,10,18,22,28005KT,14,11
2010-10-18 23:00:00.000,2010,10,18,23,VRB02KT,14,12
2010-10-19 00:00:00.000,2010,10,19,0,VRB02KT,13,11
2010-10-19 01:00:00.000,2010,10,19,1,00000KT,13,11
2010-10-19 02:00:00.000,2010,10,19,2,36004KT,13,11
2010-10-19 03:00:00.000,2010,10,19,3,0103KT,12,12
2010-10-19 04:00:00.000,2010,10,19,4,04004KT,11,09
2010-10-19 05:00:00.000,2010,10,19,5,06007KT,11,10
2010-10-19 06:00:00.000,2010,10,19,6,06005KT,11,10
2010-10-19 07:00:00.000,2010,10,19,7,34003KT,10,10
2010-10-19 08:00:00.000,2010,10,19,8,07003T,10,09
2010-10-19 09:00:00.000,2010,10,19,9,17004KT,10,09
2010-10-19 10:00:00.000,2010,10,19,10,15014KT,10,10
2010-10-19 11:00:00.000,2010,10,19,11,32006KT,11,09
2010-10-19 12:00:00.000,2010,10,19,12,03006KT,11,10
2010-10-19 13:00:00.000,2010,10,19,13,03004KT,14,10
2010-10-19 14:00:00.000,2010,10,19,14,12004KT,16,11
2010-10-19 15:00:00.000,2010,10,19,15,13004KT,17,11
2010-10-19 16:00:00.000,2010,10,19,16,30004KT,18,11
2010-10-19 17:00:00.000,2010,10,19,17,31006KT,19,09
2010-10-19 18:00:00.000,2010,10,19,18,29018KT,18,14
2010-10-19 19:00:00.000,2010,10,19,19,27014KT,17,13
2010-10-19 20:00:00.000,2010,10,19,20,27014KT,18,13
2010-10-19 21:00:00.000,2010,10,19,21,26010KT,16,13
2010-10-19 22:00:00.000,2010,10,19,22,28007KT,15,12
2010-10-19 23:00:00.000,2010,10,19,23,25006KT,14,12
2010-10-20 00:00:00.000,2010,10,20,0,26008KT,14,11
2010-10-20 01:00:00.000,2010,10,20,1,VRB02KT,14,12
2010-10-20 02:00:00.000,2010,10,20,2,28004KT,13,11
2010-10-20 03:00:00.000,2010,10,20,3,01003KT,12,11
2010-10-20 04:00:00.000,2010,10,20,4,00000KT,12,11
2010-10-20 05:00:00.000,2010,10,20,5,30004KT,11,11
2010-10-20 06:00:00.000,2010,10,20,6,00000KT,11,11
2010-10-20 07:00:00.000,2010,10,20,7,27010KT,12,11
2010-10-20 08:00:00.000,2010,10,20,8,21003KT,11,10
2010-10-20 09:00:00.000,2010,10,20,9,VRB02KT,10,10
2010-10-20 10:00:00.000,2010,10,20,10,00000KT,11,10
2010-10-20 11:00:00.000,2010,10,20,11,VRB02KT,11,11
2010-10-20 12:00:00.000,2010,10,20,12,34004KT,11,10
2010-10-20 13:00:00.000,2010,10,20,13,VRB02KT,12,11
2010-10-20 14:00:00.000,2010,10,20,14,VRB02KT,15,11
2010-10-20 15:00:00.000,2010,10,20,15,03004KT,15,10
2010-10-20 16:00:00.000,2010,10,20,16,34012KT,17,11
2010-10-20 17:00:00.000,2010,10,20,17,33012KT,15,10
2010-10-20 18:00:00.000,2010,10,20,18,34010KT,16,11
2010-10-20 19:00:00.000,2010,10,20,19,31006KT,12,11
2010-10-20 20:00:00.000,2010,10,20,20,27006KT,14,10
2010-10-20 21:00:00.000,2010,10,20,21,25004KT,16,11
2010-10-20 22:00:00.000,2010,10,20,22,30008KT,16,11
2010-10-20 23:00:00.000,2010,10,20,23,32004KT,14,09
2010-10-21 01:00:00.000,2010,10,21,1,31004KT,13,09
2010-10-21 02:00:00.000,2010,10,21,2,30004KT,12,09
2010-10-21 03:00:00.000,2010,10,21,3,20003KT,13,09
2010-10-21 04:00:00.000,2010,10,21,4,27003KT,12,09
2010-10-21 05:00:00.000,2010,10,21,5,VRB02KT,08,08
2010-10-21 06:00:00.000,2010,10,21,6,32003KT,08,08
2010-10-21 07:00:00.000,2010,10,21,7,31003KT,08,08
2010-10-21 08:00:00.000,2010,10,21,8,27003KT,08,08
2010-10-21 09:00:00.000,2010,10,21,9,34003KT,08,08
2010-10-21 10:00:00.000,2010,10,21,10,00000KT,08,08
2010-10-21 11:00:00.000,2010,10,21,11,VRB02KT,08,08
2010-10-21 12:00:00.000,2010,10,21,12,VRB02KT,10,10
2010-10-21 13:00:00.000,2010,10,21,13,VRB02KT,13,10
2010-10-21 14:00:00.000,2010,10,21,14,VRB02KT,16,10
2010-10-21 15:00:00.000,2010,10,21,15,03006KT,17,10
2010-10-21 16:00:00.000,2010,10,21,16,02008KT,18,10
2010-10-21 17:00:00.000,2010,10,21,17,VRB02KT,19,10
2010-10-21 18:00:00.000,2010,10,21,18,25008KT,17,12
2010-10-21 19:00:00.000,2010,10,21,19,25006KT,13,12
2010-10-21 20:00:00.000,2010,10,21,20,26004KT,14,11
2010-10-21 21:00:00.000,2010,10,21,21,25004KT,14,12
2010-10-21 22:00:00.000,2010,10,21,22,35007KT,14,12
2010-10-21 23:00:00.000,2010,10,21,23,07004KT,13,11
2010-10-22 00:00:00.000,2010,10,22,0,06004KT,12,11
2010-10-22 01:00:00.000,2010,10,22,1,VRB02KT,12,11
2010-10-22 02:00:00.000,2010,10,22,2,VRB02KT,12,10
2010-10-22 03:00:00.000,2010,10,22,3,04005KT,11,10
2010-10-22 04:00:00.000,2010,10,22,4,00000KT,11,10
2010-10-22 05:00:00.000,2010,10,22,5,VRB02KT,11,10
2010-10-22 07:00:00.000,2010,10,22,7,00000KT,10,10
2010-10-22 08:00:00.000,2010,10,22,8,25003KT,10,09
2010-10-22 09:00:00.000,2010,10,22,9,VRB02KT,10,09
2010-10-22 10:00:00.000,2010,10,22,10,36004KT,10,10
2010-10-22 11:00:00.000,2010,10,22,11,34004KT,09,09
2010-10-22 12:00:00.000,2010,10,22,12,VRB02KT,10,10
2010-10-22 13:00:00.000,2010,10,22,13,02006KT,11,10
2010-10-22 14:00:00.000,2010,10,22,14,VRB02KT,14,12
2010-10-22 15:00:00.000,2010,10,22,15,VRB02KT,17,10
2010-10-22 16:00:00.000,2010,10,22,16,VRB02KT,18,08
2010-10-22 17:00:00.000,2010,10,22,17,VRB02KT,18,09
2010-10-22 18:00:00.000,2010,10,22,18,31012KT,15,12
2010-10-22 19:00:00.000,2010,10,22,19,27007KT,16,12
2010-10-22 20:00:00.000,2010,10,22,20,26010KT,17,12
2010-10-22 21:00:00.000,2010,10,22,21,VRB02KT,17,12
2010-10-22 22:00:00.000,2010,10,22,22,30008KT,17,13
2010-10-22 23:00:00.000,2010,10,22,23,23005KT,14,12
2010-10-23 00:00:00.000,2010,10,23,0,33004KT,14,13
2010-10-23 01:00:00.000,2010,10,23,1,VRB02KT,14,13
2010-10-23 02:00:00.000,2010,10,23,2,VRB02KT,14,13
2010-10-23 03:00:00.000,2010,10,23,3,30002KT,13,12
2010-10-23 04:00:00.000,2010,10,23,4,35003KT,13,12
2010-10-23 05:00:00.000,2010,10,23,5,00000KT,12,11
2010-10-23 07:00:00.000,2010,10,23,7,VRB02KT,10,09
2010-10-23 08:00:00.000,2010,10,23,8,VRB02KT,09,09
2010-10-23 09:00:00.000,2010,10,23,9,00000KT,08,08
2010-10-23 10:00:00.000,2010,10,23,10,VRB02KT,08,08
2010-10-23 12:00:00.000,2010,10,23,12,VRB02KT,08,08
2010-10-23 13:00:00.000,2010,10,23,13,31003KT,10,10
2010-10-23 14:00:00.000,2010,10,23,14,08004KT,14,12
2010-10-23 15:00:00.000,2010,10,23,15,31005KT,17,13
2010-10-23 16:00:00.000,2010,10,23,16,VRB02KT,19,10
2010-10-23 17:00:00.000,2010,10,23,17,26004KT,20,12
2010-10-23 18:00:00.000,2010,10,23,18,27011KT,17,13
2010-10-23 19:00:00.000,2010,10,23,19,31008KT,17,12
2010-10-23 20:00:00.000,2010,10,23,20,22006KT,16,13
2010-10-23 21:00:00.000,2010,10,23,21,25004KT,16,13
2010-10-23 22:00:00.000,2010,10,23,22,26005KT,15,13
2010-10-23 23:00:00.000,2010,10,23,23,25003KT,14,13
2010-10-24 00:00:00.000,2010,10,24,0,31006KT,14,13
2010-10-24 01:00:00.000,2010,10,24,1,25003KT,13,12
2010-10-24 02:00:00.000,2010,10,24,2,29006KT,13,12
2010-10-24 03:00:00.000,2010,10,24,3,25004KT,12,11
2010-10-24 04:00:00.000,2010,10,24,4,VRB02KT,11,10
2010-10-24 05:00:00.000,2010,10,24,5,31004KT,11,10
2010-10-24 06:00:00.000,2010,10,24,6,00000KT,11,10
2010-10-24 07:00:00.000,2010,10,24,7,00000KT,10,10
2010-10-24 08:00:00.000,2010,10,24,8,00000KT,11,10
2010-10-24 09:00:00.000,2010,10,24,9,VRB02KT,11,10
2010-10-24 10:00:00.000,2010,10,24,10,29004KT,10,10
2010-10-24 11:00:00.000,2010,10,24,11,VRB02KT,10,10
2010-10-24 12:00:00.000,2010,10,24,12,00000KT,12,12
2010-10-24 13:00:00.000,2010,10,24,13,04004KT,14,12
2010-10-24 14:00:00.000,2010,10,24,14,05003KT,16,11
2010-10-24 15:00:00.000,2010,10,24,15,33010KT,16,12
2010-10-24 16:00:00.000,2010,10,24,16,31010KT,17,12
2010-10-24 17:00:00.000,2010,10,24,17,30014KT,18,13
2010-10-24 19:00:00.000,2010,10,24,19,32012KT,17,12
2010-10-24 21:00:00.000,2010,10,24,21,32010KT,15,12
2010-10-24 22:00:00.000,2010,10,24,22,34003KT,14,12
2010-10-24 23:00:00.000,2010,10,24,23,35003KT,13,11
2010-10-25 00:00:00.000,2010,10,25,0,36003KT,13,11
2010-10-25 01:00:00.000,2010,10,25,1,31006KT,13,11
2010-10-25 02:00:00.000,2010,10,25,2,VRB02KT,13,11
2010-10-25 03:00:00.000,2010,10,25,3,VRB02KT,13,11
2010-10-25 04:00:00.000,2010,10,25,4,VRB02KT,12,11
2010-10-25 05:00:00.000,2010,10,25,5,VRB02KT,11,10
2010-10-25 06:00:00.000,2010,10,25,6,VRB02KT,11,10
2010-10-25 07:00:00.000,2010,10,25,7,24004KT,09,09
2010-10-25 08:00:00.000,2010,10,25,8,00000KT,10,10
2010-10-25 09:00:00.000,2010,10,25,9,05003KT,09,09
2010-10-25 10:00:00.000,2010,10,25,10,06003KT,10,09
2010-10-25 11:00:00.000,2010,10,25,11,32005KT,10,10
2010-10-25 12:00:00.000,2010,10,25,12,07005KT,11,10
2010-10-25 13:00:00.000,2010,10,25,13,02004KT,12,11
2010-10-25 14:00:00.000,2010,10,25,14,02003KT,15,10
2010-10-25 15:00:00.000,2010,10,25,15,08006KT,17,09
2010-10-25 16:00:00.000,2010,10,25,16,04007KT,18,11
2010-10-25 17:00:00.000,2010,10,25,17,32008KT,19,11
2010-10-25 18:00:00.000,2010,10,25,18,32012KT,18,10
2010-10-25 19:00:00.000,2010,10,25,19,32014KT,19,12
2010-10-25 20:00:00.000,2010,10,25,20,32016KT,15,11
2010-10-25 21:00:00.000,2010,10,25,21,26010KT,14,11
2010-10-25 22:00:00.000,2010,10,25,22,27005KT,14,11
2010-10-25 23:00:00.000,2010,10,25,23,28004KT,13,11
2010-10-26 00:00:00.000,2010,10,26,0,25005KT,12,11
2010-10-26 01:00:00.000,2010,10,26,1,30004KT,13,10
2010-10-26 02:00:00.000,2010,10,26,2,31003KT,12,11
2010-10-26 03:00:00.000,2010,10,26,3,28005KT,12,11
2010-10-26 04:00:00.000,2010,10,26,4,28003KT,12,12
2010-10-26 05:00:00.000,2010,10,26,5,24003KT,12,11
2010-10-26 06:00:00.000,2010,10,26,6,VRB02KT,12,11
2010-10-26 07:00:00.000,2010,10,26,7,00000KT,12,11
2010-10-26 08:00:00.000,2010,10,26,8,00000KT,11,10
2010-10-26 09:00:00.000,2010,10,26,9,VRB02KT,11,10
2010-10-26 10:00:00.000,2010,10,26,10,00000KT,11,10
2010-10-26 11:00:00.000,2010,10,26,11,VRB02KT,11,10
2010-10-26 13:00:00.000,2010,10,26,13,04003KT,14,12
2010-10-26 14:00:00.000,2010,10,26,14,VRB02KT,17,13
2010-10-26 15:00:00.000,2010,10,26,15,30003KT,17,12
2010-10-26 16:00:00.000,2010,10,26,16,24004KT,18,11
2010-10-26 17:00:00.000,2010,10,26,17,25010KT,18,12
2010-10-26 19:00:00.000,2010,10,26,19,27012KT,16,12
2010-10-26 20:00:00.000,2010,10,26,20,30014KT,15,12
2010-10-26 21:00:00.000,2010,10,26,21,29008KT,16,11
2010-10-26 22:00:00.000,2010,10,26,22,33006KT,15,12
2010-10-26 23:00:00.000,2010,10,26,23,VRB02KT,14,12
2010-10-27 00:00:00.000,2010,10,27,0,29005KT,13,12
2010-10-27 01:00:00.000,2010,10,27,1,29004KT,13,12
2010-10-27 02:00:00.000,2010,10,27,2,31004KT,13,12
2010-10-27 03:00:00.000,2010,10,27,3,00000KT,13,12
2010-10-27 04:00:00.000,2010,10,27,4,00000KT,13,12
2010-10-27 05:00:00.000,2010,10,27,5,30003KT,12,12
2010-10-27 06:00:00.000,2010,10,27,6,33003KT,12,12
2010-10-27 07:00:00.000,2010,10,27,7,24003KT,12,12
2010-10-27 08:00:00.000,2010,10,27,8,VRB02KT,12,12
2010-10-27 09:00:00.000,2010,10,27,9,00000KT,12,11
2010-10-27 10:00:00.000,2010,10,27,10,36003KT,11,11
2010-10-27 11:00:00.000,2010,10,27,11,00000KT,11,10
2010-10-27 12:00:00.000,2010,10,27,12,00000KT,12,12
2010-10-27 13:00:00.000,2010,10,27,13,VRB02KT,13,12
2010-10-27 14:00:00.000,2010,10,27,14,05004KT,15,12
2010-10-27 15:00:00.000,2010,10,27,15,11005KT,16,11
2010-10-27 16:00:00.000,2010,10,27,16,13005KT,17,09
2010-10-27 17:00:00.000,2010,10,27,17,VRB02KT,18,10
2010-10-27 18:00:00.000,2010,10,27,18,24003KT,19,10
2010-10-27 19:00:00.000,2010,10,27,19,28008KT,20,11
2010-10-27 20:00:00.000,2010,10,27,20,29014KT,18,13
2010-10-27 21:00:00.000,2010,10,27,21,29010KT,17,12
2010-10-27 22:00:00.000,2010,10,27,22,32011KT,15,12
2010-10-27 23:00:00.000,2010,10,27,23,32007KT,14,12
2010-10-28 00:00:00.000,2010,10,28,0,32006KT,13,12
2010-10-28 01:00:00.000,2010,10,28,1,VRB02KT,13,12
2010-10-28 02:00:00.000,2010,10,28,2,36004KT,13,12
2010-10-28 03:00:00.000,2010,10,28,3,VRB02KT,12,11
2010-10-28 04:00:00.000,2010,10,28,4,VRB02KT,12,11
2010-10-28 05:00:00.000,2010,10,28,5,VRB02KT,11,11
2010-10-28 06:00:00.000,2010,10,28,6,VRB02KT,11,11
2010-10-28 07:00:00.000,2010,10,28,7,VRB02KT,11,11
2010-10-28 08:00:00.000,2010,10,28,8,VRB02KT,11,10
2010-10-28 09:00:00.000,2010,10,28,9,VRB02KT,11,10
2010-10-28 10:00:00.000,2010,10,28,10,VRB02KT,09,09
2010-10-28 11:00:00.000,2010,10,28,11,VRB02KT,10,10
2010-10-28 12:00:00.000,2010,10,28,12,VRB02KT,12,12
2010-10-28 13:00:00.000,2010,10,28,13,VRB02KT,14,11
2010-10-28 14:00:00.000,2010,10,28,14,VRB02KT,16,11
2010-10-28 15:00:00.000,2010,10,28,15,24003KT,17,12
2010-10-28 16:00:00.000,2010,10,28,16,VRB02KT,18,11
2010-10-28 17:00:00.000,2010,10,28,17,34010KT,20,11
2010-10-28 18:00:00.000,2010,10,28,18,30010KT,18,13
2010-10-28 19:00:00.000,2010,10,28,19,32012KT,18,13
2010-10-28 20:00:00.000,2010,10,28,20,30010KT,18,13
2010-10-28 21:00:00.000,2010,10,28,21,23008KT,16,12
2010-10-28 22:00:00.000,2010,10,28,22,21004KT,15,13
2010-10-28 23:00:00.000,2010,10,28,23,32006KT,14,12
2010-10-29 00:00:00.000,2010,10,29,0,33004KT,13,09
2010-10-29 01:00:00.000,2010,10,29,1,VRB02KT,12,09
2010-10-29 02:00:00.000,2010,10,29,2,00000KT,12,11
2010-10-29 03:00:00.000,2010,10,29,3,VRB02KT,11,11
2010-10-29 04:00:00.000,2010,10,29,4,26004KT,11,10
2010-10-29 05:00:00.000,2010,10,29,5,00000KT,10,10
2010-10-29 06:00:00.000,2010,10,29,6,VRB02KT,10,10
2010-10-29 07:00:00.000,2010,10,29,7,00000KT,09,09
2010-10-29 08:00:00.000,2010,10,29,8,VRB02KT,08,08
2010-10-29 09:00:00.000,2010,10,29,9,04003KT,08,08
2010-10-29 10:00:00.000,2010,10,29,10,03004KT,08,08
2010-10-29 11:00:00.000,2010,10,29,11,30003KT,07,07
2010-10-29 12:00:00.000,2010,10,29,12,09003KT,08,08
2010-10-29 13:00:00.000,2010,10,29,13,VRB02KT,12,11
2010-10-29 14:00:00.000,2010,10,29,14,VRB02KT,15,10
2010-10-29 15:00:00.000,2010,10,29,15,30005KT,18,12
2010-10-29 16:00:00.000,2010,10,29,16,28005KT,19,13
2010-10-29 17:00:00.000,2010,10,29,17,30012KT,19,14
2010-10-29 18:00:00.000,2010,10,29,18,28014KT,18,12
2010-10-29 19:00:00.000,2010,10,29,19,27012KT,19,13
2010-10-29 20:00:00.000,2010,10,29,20,28014KT,18,11
2010-10-29 21:00:00.000,2010,10,29,21,27010KT,17,12
2010-10-29 22:00:00.000,2010,10,29,22,27006KT,15,12
2010-10-29 23:00:00.000,2010,10,29,23,31008KT,14,12
2010-10-30 00:00:00.000,2010,10,30,0,30005KT,14,11
2010-10-30 01:00:00.000,2010,10,30,1,29006KT,14,11
2010-10-30 02:00:00.000,2010,10,30,2,29007KT,13,11
2010-10-30 03:00:00.000,2010,10,30,3,26006KT,13,11
2010-10-30 04:00:00.000,2010,10,30,4,30011KT,13,11
2010-10-30 05:00:00.000,2010,10,30,5,29004KT,12,11
2010-10-30 06:00:00.000,2010,10,30,6,35003KT,12,11
2010-10-30 07:00:00.000,2010,10,30,7,31004KT,12,11
2010-10-30 08:00:00.000,2010,10,30,8,31005KT,11,10
2010-10-30 09:00:00.000,2010,10,30,9,21005KT,12,10
2010-10-30 10:00:00.000,2010,10,30,10,VRB02KT,10,10
2010-10-30 11:00:00.000,2010,10,30,11,00000KT,10,10
2010-10-30 12:00:00.000,2010,10,30,12,00000KT,12,11
2010-10-30 13:00:00.000,2010,10,30,13,34004KT,13,11
2010-10-30 14:00:00.000,2010,10,30,14,VRB02KT,15,11
2010-10-30 15:00:00.000,2010,10,30,15,35003KT,16,11
2010-10-30 16:00:00.000,2010,10,30,16,29005KT,17,11
2010-10-30 17:00:00.000,2010,10,30,17,33009KT,18,12
2010-10-30 18:00:00.000,2010,10,30,18,32007KT,19,11
2010-10-30 19:00:00.000,2010,10,30,19,06006KT,17,12
2010-10-30 20:00:00.000,2010,10,30,20,29010KT,17,12
2010-10-30 21:00:00.000,2010,10,30,21,30012KT,17,12
2010-10-30 22:00:00.000,2010,10,30,22,26011KT,16,12
2010-10-30 23:00:00.000,2010,10,30,23,23008KT,14,12
2010-10-31 00:00:00.000,2010,10,31,0,21004KT,14,12
2010-10-31 01:00:00.000,2010,10,31,1,VRB02KT,13,11
2010-10-31 02:00:00.000,2010,10,31,2,29004KT,13,11
2010-10-31 03:00:00.000,2010,10,31,3,VRB02KT,13,12
2010-10-31 04:00:00.000,2010,10,31,4,29004KT,13,12
2010-10-31 05:00:00.000,2010,10,31,5,29004KT,13,12
2010-10-31 06:00:00.000,2010,10,31,6,VRB02KT,12,12
2010-10-31 07:00:00.000,2010,10,31,7,VRB02KT,12,12
2010-10-31 08:00:00.000,2010,10,31,8,27006KT,12,11
2010-10-31 09:00:00.000,2010,10,31,9,14006KT,12,11
2010-10-31 10:00:00.000,2010,10,31,10,01004KT,12,11
2010-10-31 11:00:00.000,2010,10,31,11,VRB02KT,11,11
2010-10-31 12:00:00.000,2010,10,31,12,VRB02KT,13,12
2010-10-31 13:00:00.000,2010,10,31,13,VRB02KT,15,12
2010-10-31 14:00:00.000,2010,10,31,14,30005KT,16,12
2010-10-31 15:00:00.000,2010,10,31,15,26006KT,18,12
2010-10-31 16:00:00.000,2010,10,31,16,25012KT,18,13
2010-10-31 17:00:00.000,2010,10,31,17,25016KT,17,13
2010-10-31 18:00:00.000,2010,10,31,18,27012KT,16,13
2010-10-31 19:00:00.000,2010,10,31,19,27010KT,14,12
2010-10-31 20:00:00.000,2010,10,31,20,27010KT,16,12
2010-10-31 21:00:00.000,2010,10,31,21,27010KT,17,12
2010-10-31 22:00:00.000,2010,10,31,22,29010KT,16,12
2010-10-31 23:00:00.000,2010,10,31,23,27010KT,15,11
2010-11-01 00:00:00.000,2010,11,1,0,VRB02KT,13,10
2010-11-01 01:00:00.000,2010,11,1,1,34003KT,13,12
2010-11-01 02:00:00.000,2010,11,1,2,35003KT,13,11
2010-11-01 03:00:00.000,2010,11,1,3,00000KT,11,10
2010-11-01 04:00:00.000,2010,11,1,4,VRB02KT,13,01
2010-11-01 05:00:00.000,2010,11,1,5,VRB02KT,13,11
2010-11-01 06:00:00.000,2010,11,1,6,VRB02KT,12,11
2010-11-01 07:00:00.000,2010,11,1,7,03005KT,11,11
2010-11-01 08:00:00.000,2010,11,1,8,05005KT,10,10
2010-11-01 09:00:00.000,2010,11,1,9,VRB02KT,10,10
2010-11-01 11:00:00.000,2010,11,1,11,VRB02KT,07,07
2010-11-01 12:00:00.000,2010,11,1,12,04004KT,09,09
2010-11-01 13:00:00.000,2010,11,1,13,03005KT,12,11
2010-11-01 14:00:00.000,2010,11,1,14,04006KT,15,12
2010-11-01 15:00:00.000,2010,11,1,15,34008KT,19,10
2010-11-01 16:00:00.000,2010,11,1,16,35006KT,17,08
2010-11-01 17:00:00.000,2010,11,1,17,28008KT,21,10
2010-11-01 18:00:00.000,2010,11,1,18,28015KT,19,13
2010-11-01 19:00:00.000,2010,11,1,19,27015KT,17,13
2010-11-01 20:00:00.000,2010,11,1,20,25012KT,16,13
2010-11-01 21:00:00.000,2010,11,1,21,32007KT,17,13
2010-11-01 22:00:00.000,2010,11,1,22,33008KT,15,12
2010-11-01 23:00:00.000,2010,11,1,23,26004KT,14,13
2010-11-02 00:00:00.000,2010,11,2,0,28004KT,13,12
2010-11-02 01:00:00.000,2010,11,2,1,34003KT,13,12
2010-11-02 02:00:00.000,2010,11,2,2,VRB02KT,13,12
2010-11-02 03:00:00.000,2010,11,2,3,VRB02KT,12,11
2010-11-02 04:00:00.000,2010,11,2,4,VRB02KT,12,11
2010-11-02 05:00:00.000,2010,11,2,5,01003KT,12,11
2010-11-02 06:00:00.000,2010,11,2,6,35003KT,12,11
2010-11-02 07:00:00.000,2010,11,2,7,VRB02KT,12,10
2010-11-02 08:00:00.000,2010,11,2,8,09003KT,12,10
2010-11-02 09:00:00.000,2010,11,2,9,26003KT,12,10
2010-11-02 10:00:00.000,2010,11,2,10,35004KT,11,10
2010-11-02 11:00:00.000,2010,11,2,11,33003KT,10,09
2010-11-02 12:00:00.000,2010,11,2,12,VRB02KT,12,10
2010-11-02 13:00:00.000,2010,11,2,13,VRB02KT,13,11
2010-11-02 14:00:00.000,2010,11,2,14,VRB02KT,15,11
2010-11-02 15:00:00.000,2010,11,2,15,VRB02KT,17,11
2010-11-02 16:00:00.000,2010,11,2,16,VRB02KT,17,11
2010-11-02 17:00:00.000,2010,11,2,17,05006KT,17,10
2010-11-02 18:00:00.000,2010,11,2,18,00000KT,19,12
2010-11-02 19:00:00.000,2010,11,2,19,23007KT,16,12
2010-11-02 20:00:00.000,2010,11,2,20,25005KT,17,12
2010-11-02 21:00:00.000,2010,11,2,21,35003KT,18,11
2010-11-02 22:00:00.000,2010,11,2,22,27006KT,15,11
2010-11-02 23:00:00.000,2010,11,2,23,31003KT,15,13
2010-11-03 00:00:00.000,2010,11,3,0,31005KT,14,12
2010-11-03 01:00:00.000,2010,11,3,1,27006KT,14,10
2010-11-03 02:00:00.000,2010,11,3,2,21003KT,14,10
2010-11-03 03:00:00.000,2010,11,3,3,28003KT,14,11
2010-11-03 04:00:00.000,2010,11,3,4,31003KT,13,11
2010-11-03 05:00:00.000,2010,11,3,5,32006KT,13,11
2010-11-03 06:00:00.000,2010,11,3,6,24003KT,13,11
2010-11-03 07:00:00.000,2010,11,3,7,00000KT,12,11
2010-11-03 08:00:00.000,2010,11,3,8,00000KT,11,10
2010-11-03 09:00:00.000,2010,11,3,9,VRB02KT,11,10
2010-11-03 10:00:00.000,2010,11,3,10,VRB02KT,09,09
2010-11-03 11:00:00.000,2010,11,3,11,VRB02KT,10,10
2010-11-03 12:00:00.000,2010,11,3,12,00000KT,12,11
2010-11-03 13:00:00.000,2010,11,3,13,VRB02KT,14,12
2010-11-03 14:00:00.000,2010,11,3,14,06006KT,12,12
2010-11-03 15:00:00.000,2010,11,3,15,04006KT,13,12
2010-11-03 16:00:00.000,2010,11,3,16,04007KT,14,12
2010-11-03 17:00:00.000,2010,11,3,17,34006KT,17,12
2010-11-03 18:00:00.000,2010,11,3,18,03006KT,16,11
2010-11-03 19:00:00.000,2010,11,3,19,22006KT,15,11
2010-11-03 20:00:00.000,2010,11,3,20,27004KT,16,12
2010-11-03 21:00:00.000,2010,11,3,21,32004KT,16,10
2010-11-03 22:00:00.000,2010,11,3,22,23010KT,15,12
2010-11-03 23:00:00.000,2010,11,3,23,24006KT,14,12
2010-11-04 00:00:00.000,2010,11,4,0,VRB02KT,14,12
2010-11-04 01:00:00.000,2010,11,4,1,34003KT,13,11
2010-11-04 02:00:00.000,2010,11,4,2,26005KT,13,11
2010-11-04 03:00:00.000,2010,11,4,3,28003KT,13,12
2010-11-04 04:00:00.000,2010,11,4,4,20003KT,13,12
2010-11-04 05:00:00.000,2010,11,4,5,VRB02KT,11,11
2010-11-04 06:00:00.000,2010,11,4,6,33003KT,11,11
2010-11-04 07:00:00.000,2010,11,4,7,VRB02KT,12,11
2010-11-04 08:00:00.000,2010,11,4,8,18005KT,12,10
2010-11-04 09:00:00.000,2010,11,4,9,27006KT,12,11
2010-11-04 10:00:00.000,2010,11,4,10,00000KT,11,11
2010-11-04 11:00:00.000,2010,11,4,11,VRB02KT,11,11
2010-11-04 12:00:00.000,2010,11,4,12,VRB02KT,12,11
2010-11-04 13:00:00.000,2010,11,4,13,VRB02KT,14,12
2010-11-04 14:00:00.000,2010,11,4,14,VRB02KT,15,11
2010-11-04 15:00:00.000,2010,11,4,15,VRB02KT,18,10
2010-11-04 16:00:00.000,2010,11,4,16,VRB02KT,20,10
2010-11-04 17:00:00.000,2010,11,4,17,27012KT,20,13
2010-11-04 18:00:00.000,2010,11,4,18,17010KT,18,10
2010-11-04 19:00:00.000,2010,11,4,19,17014KT,19,11
2010-11-04 20:00:00.000,2010,11,4,20,27008KT,17,13
2010-11-04 21:00:00.000,2010,11,4,21,22014KT,18,10
2010-11-04 22:00:00.000,2010,11,4,22,22010KT,16,11
2010-11-04 23:00:00.000,2010,11,4,23,24006KT,15,12
2010-11-05 00:00:00.000,2010,11,5,0,30005KT,14,12
2010-11-05 01:00:00.000,2010,11,5,1,28003KT,14,12
2010-11-05 02:00:00.000,2010,11,5,2,29004KT,14,12
2010-11-05 03:00:00.000,2010,11,5,3,25003KT,14,12
2010-11-05 04:00:00.000,2010,11,5,4,00000KT,25,23
2010-11-05 05:00:00.000,2010,11,5,5,VRB02KT,12,11
2010-11-05 06:00:00.000,2010,11,5,6,33005KT,11,10
2010-11-05 07:00:00.000,2010,11,5,7,30003KT,10,09
2010-11-05 08:00:00.000,2010,11,5,8,VRB02KT,11,10
2010-11-05 09:00:00.000,2010,11,5,9,35003KT,08,08
2010-11-05 10:00:00.000,2010,11,5,10,34003KT,08,08
2010-11-05 11:00:00.000,2010,11,5,11,04003KT,09,09
2010-11-05 12:00:00.000,2010,11,5,12,15008KT,12,09
2010-11-05 13:00:00.000,2010,11,5,13,15006KT,16,08
2010-11-05 14:00:00.000,2010,11,5,14,15008KT,16,09
2010-11-05 15:00:00.000,2010,11,5,15,14016KT,18,10
2010-11-05 16:00:00.000,2010,11,5,16,14014KT,18,10
2010-11-05 17:00:00.000,2010,11,5,17,16012KT,19,10
2010-11-05 18:00:00.000,2010,11,5,18,13012KT,19,09
2010-11-05 19:00:00.000,2010,11,5,19,16012KT,20,10
2010-11-05 20:00:00.000,2010,11,5,20,18012KT,21,10
2010-11-05 21:00:00.000,2010,11,5,21,15012KT,20,09
2010-11-05 22:00:00.000,2010,11,5,22,14012KT,18,09
2010-11-05 23:00:00.000,2010,11,5,23,16010KT,16,09
2010-11-06 00:00:00.000,2010,11,6,0,16011KT,15,09
2010-11-06 01:00:00.000,2010,11,6,1,16010KT,14,09
2010-11-06 02:00:00.000,2010,11,6,2,14004KT,13,09
2010-11-06 03:00:00.000,2010,11,6,3,31004KT,13,10
2010-11-06 04:00:00.000,2010,11,6,4,30004KT,13,11
2010-11-06 05:00:00.000,2010,11,6,5,33004KT,11,10
2010-11-06 06:00:00.000,2010,11,6,6,VRB02TK,12,09
2010-11-06 07:00:00.000,2010,11,6,7,33003KT,12,11
2010-11-06 08:00:00.000,2010,11,6,8,00000KT,12,10
2010-11-06 09:00:00.000,2010,11,6,9,00000KT,12,11
2010-11-06 10:00:00.000,2010,11,6,10,02003KT,12,10
2010-11-06 11:00:00.000,2010,11,6,11,02004KT,12,10
2010-11-06 12:00:00.000,2010,11,6,12,05004KT,14,11
2010-11-06 13:00:00.000,2010,11,6,13,02003KT,14,11
2010-11-06 14:00:00.000,2010,11,6,14,36004KT,15,11
2010-11-06 15:00:00.000,2010,11,6,15,31004KT,16,11
2010-11-06 16:00:00.000,2010,11,6,16,27004KT,17,11
2010-11-06 17:00:00.000,2010,11,6,17,04004KT,18,12
2010-11-06 18:00:00.000,2010,11,6,18,07006KT,18,11
2010-11-06 19:00:00.000,2010,11,6,19,27007KT,16,12
2010-11-06 20:00:00.000,2010,11,6,20,29005KT,15,13
2010-11-06 21:00:00.000,2010,11,6,21,28007KT,16,12
2010-11-06 22:00:00.000,2010,11,6,22,23006KT,14,12
2010-11-06 23:00:00.000,2010,11,6,23,27004KT,13,11
2010-11-07 00:00:00.000,2010,11,7,0,32005KT,14,11
2010-11-07 01:00:00.000,2010,11,7,1,VRB02KT,11,10
2010-11-07 02:00:00.000,2010,11,7,2,32004KT,11,10
2010-11-07 03:00:00.000,2010,11,7,3,VRB02KT,11,10
2010-11-07 04:00:00.000,2010,11,7,4,03004KT,11,10
2010-11-07 05:00:00.000,2010,11,7,5,25004KT,13,12
2010-11-07 06:00:00.000,2010,11,7,6,31006KT,12,12
2010-11-07 07:00:00.000,2010,11,7,7,VRB02KT,09,09
2010-11-07 08:00:00.000,2010,11,7,8,VRB02KT,09,09
2010-11-07 09:00:00.000,2010,11,7,9,VRB02KT,08,08
2010-11-07 10:00:00.000,2010,11,7,10,VRB02KT,07,07
2010-11-07 11:00:00.000,2010,11,7,11,00000KT,07,07
2010-11-07 12:00:00.000,2010,11,7,12,21004KT,12,12
2010-11-07 13:00:00.000,2010,11,7,13,VRB02KT,13,11
2010-11-07 14:00:00.000,2010,11,7,14,VRB02KT,13,12
2010-11-07 15:00:00.000,2010,11,7,15,35004KT,17,11
2010-11-07 16:00:00.000,2010,11,7,16,00000KT,18,10
2010-11-07 17:00:00.000,2010,11,7,17,24012KT,15,11
2010-11-07 18:00:00.000,2010,11,7,18,22008KT,14,11
2010-11-07 19:00:00.000,2010,11,7,19,30005KT,16,13
2010-11-07 20:00:00.000,2010,11,7,20,28010KT,17,12
2010-11-07 21:00:00.000,2010,11,7,21,27004KT,16,12
2010-11-07 22:00:00.000,2010,11,7,22,26004KT,17,11
2010-11-07 23:00:00.000,2010,11,7,23,VRB02KT,15,12
2010-11-08 00:00:00.000,2010,11,8,0,32006KT,13,11
2010-11-08 01:00:00.000,2010,11,8,1,02003KT,13,11
2010-11-08 02:00:00.000,2010,11,8,2,00000KT,12,11
2010-11-08 03:00:00.000,2010,11,8,3,VRB02KT,13,11
2010-11-08 04:00:00.000,2010,11,8,4,05003KT,13,11
2010-11-08 05:00:00.000,2010,11,8,5,VRB02KT,13,10
2010-11-08 06:00:00.000,2010,11,8,6,VRB02KT,13,11
2010-11-08 07:00:00.000,2010,11,8,7,VRB02KT,12,11
2010-11-08 08:00:00.000,2010,11,8,8,27005KT,12,11
2010-11-08 09:00:00.000,2010,11,8,9,03003KT,12,11
2010-11-08 10:00:00.000,2010,11,8,10,25003KT,12,11
2010-11-08 11:00:00.000,2010,11,8,11,00000KT,10,10
2010-11-08 12:00:00.000,2010,11,8,12,25004KT,12,11
2010-11-08 13:00:00.000,2010,11,8,13,VRB02KT,13,11
2010-11-08 14:00:00.000,2010,11,8,14,VRB02KT,15,12
2010-11-08 15:00:00.000,2010,11,8,15,VRB02KT,16,12
2010-11-08 16:00:00.000,2010,11,8,16,VRB02KT,18,10
2010-11-08 17:00:00.000,2010,11,8,17,32008KT,17,11
2010-11-08 18:00:00.000,2010,11,8,18,31012KT,18,11
2010-11-08 19:00:00.000,2010,11,8,19,32013KT,18,10
2010-11-08 20:00:00.000,2010,11,8,20,32010KT,17,12
2010-11-08 21:00:00.000,2010,11,8,21,34010KT,16,11
2010-11-08 22:00:00.000,2010,11,8,22,30008KT,15,11
2010-11-08 23:00:00.000,2010,11,8,23,VRB02KT,13,11
2010-11-09 00:00:00.000,2010,11,9,0,30003KT,13,11
2010-11-09 01:00:00.000,2010,11,9,1,27003KT,13,11
2010-11-09 02:00:00.000,2010,11,9,2,VRB02KT,12,11
2010-11-09 05:00:00.000,2010,11,9,5,15003KT,12,11
2010-11-09 06:00:00.000,2010,11,9,6,VRB02KT,12,11
2010-11-09 07:00:00.000,2010,11,9,7,34004KT,12,11
2010-11-09 08:00:00.000,2010,11,9,8,VRB02KT,12,11
2010-11-09 09:00:00.000,2010,11,9,9,31004KT,11,10
2010-11-09 10:00:00.000,2010,11,9,10,28005KT,11,10
2010-11-09 11:00:00.000,2010,11,9,11,00000KT,11,11
2010-11-09 12:00:00.000,2010,11,9,12,VRB02KT,12,11
2010-11-09 13:00:00.000,2010,11,9,13,13004KT,15,10
2010-11-09 14:00:00.000,2010,11,9,14,14006KT,16,09
2010-11-09 15:00:00.000,2010,11,9,15,14010KT,17,10
2010-11-09 16:00:00.000,2010,11,9,16,34007KT,19,11
2010-11-09 17:00:00.000,2010,11,9,17,24008KT,17,12
2010-11-09 18:00:00.000,2010,11,9,18,23012KT,19,12
2010-11-09 19:00:00.000,2010,11,9,19,30008KT,17,12
2010-11-09 20:00:00.000,2010,11,9,20,31008KT,18,12
2010-11-09 21:00:00.000,2010,11,9,21,28003KT,17,10
2010-11-09 22:00:00.000,2010,11,9,22,15010KT,17,07
2010-11-09 23:00:00.000,2010,11,9,23,21004KT,13,12
2010-11-10 00:00:00.000,2010,11,10,0,19011KT,15,07
2010-11-10 01:00:00.000,2010,11,10,1,19008KT,15,07
2010-11-10 02:00:00.000,2010,11,10,2,26004KT,14,08
2010-11-10 03:00:00.000,2010,11,10,3,19006KT,12,12
2010-11-10 04:00:00.000,2010,11,10,4,VRB02KT,13,08
2010-11-10 05:00:00.000,2010,11,10,5,VRB02KT,12,08
2010-11-10 06:00:00.000,2010,11,10,6,14004KT,12,10
2010-11-10 07:00:00.000,2010,11,10,7,05003KT,12,09
2010-11-10 08:00:00.000,2010,11,10,8,VRB02KT,11,11
2010-11-10 09:00:00.000,2010,11,10,9,VRB02KT,11,11
2010-11-10 10:00:00.000,2010,11,10,10,VRB02KT,11,11
2010-11-10 11:00:00.000,2010,11,10,11,02003KT,10,08
2010-11-10 12:00:00.000,2010,11,10,12,05008KT,11,09
2010-11-10 13:00:00.000,2010,11,10,13,04004KT,13,10
2010-11-10 14:00:00.000,2010,11,10,14,08007KT,14,09
2010-11-10 15:00:00.000,2010,11,10,15,VRB02KT,15,11
2010-11-10 16:00:00.000,2010,11,10,16,VRB02KT,15,10
2010-11-10 17:00:00.000,2010,11,10,17,00000KT,16,10
2010-11-10 18:00:00.000,2010,11,10,18,29008KT,15,11
2010-11-10 19:00:00.000,2010,11,10,19,VRB02KT,16,11
2010-11-10 20:00:00.000,2010,11,10,20,35005KT,16,11
2010-11-10 21:00:00.000,2010,11,10,21,30003KT,16,12
2010-11-10 22:00:00.000,2010,11,10,22,29006KT,15,09
2010-11-10 23:00:00.000,2010,11,10,23,29007KT,14,12
2010-11-11 00:00:00.000,2010,11,11,0,09003KT,14,11
2010-11-11 01:00:00.000,2010,11,11,1,25005KT,13,12
2010-11-11 02:00:00.000,2010,11,11,2,VRB02KT,12,11
2010-11-11 03:00:00.000,2010,11,11,3,VRB02KT,12,11
2010-11-11 04:00:00.000,2010,11,11,4,VRB02KT,12,11
2010-11-11 05:00:00.000,2010,11,11,5,28003KT,12,11
2010-11-11 06:00:00.000,2010,11,11,6,VRB02KT,11,11
2010-11-11 07:00:00.000,2010,11,11,7,VRB02KT,10,09
2010-11-11 08:00:00.000,2010,11,11,8,VRB02KT,10,09
2010-11-11 09:00:00.000,2010,11,11,9,VRB02KT,10,10
2010-11-11 10:00:00.000,2010,11,11,10,02003KT,10,10
2010-11-11 11:00:00.000,2010,11,11,11,34003KT,11,10
2010-11-11 12:00:00.000,2010,11,11,12,03004KT,12,09
2010-11-11 13:00:00.000,2010,11,11,13,VRB02KT,13,10
2010-11-11 14:00:00.000,2010,11,11,14,VRB02KT,15,11
2010-11-11 15:00:00.000,2010,11,11,15,17010KT,19,10
2010-11-11 16:00:00.000,2010,11,11,16,34006KT,17,12
2010-11-11 17:00:00.000,2010,11,11,17,34008KT,17,11
2010-11-11 18:00:00.000,2010,11,11,18,35006KT,17,10
2010-11-11 19:00:00.000,2010,11,11,19,05008KT,16,12
2010-11-11 20:00:00.000,2010,11,11,20,26010KT,15,13
2010-11-11 21:00:00.000,2010,11,11,21,28010KT,14,12
2010-11-11 22:00:00.000,2010,11,11,22,VRB02KT,14,12
2010-11-11 23:00:00.000,2010,11,11,23,18010KT,15,10
2010-11-12 00:00:00.000,2010,11,12,0,17012KT,14,09
2010-11-12 01:00:00.000,2010,11,12,1,14004KT,13,09
2010-11-12 02:00:00.000,2010,11,12,2,VRB02KT,12,11
2010-11-12 03:00:00.000,2010,11,12,3,00000KT,12,11
2010-11-12 04:00:00.000,2010,11,12,4,VRB02KT,11,11
2010-11-12 05:00:00.000,2010,11,12,5,00000KT,10,09
2010-11-12 06:00:00.000,2010,11,12,6,VRB02KT,10,10
2010-11-12 07:00:00.000,2010,11,12,7,00000KT,10,10
2010-11-12 08:00:00.000,2010,11,12,8,00000KT,10,10
2010-11-12 09:00:00.000,2010,11,12,9,00000KT,10,10
2010-11-12 11:00:00.000,2010,11,12,11,03003KT,10,10
2010-11-12 12:00:00.000,2010,11,12,12,02004KT,11,10
2010-11-12 13:00:00.000,2010,11,12,13,VRB02KT,12,11
2010-11-12 14:00:00.000,2010,11,12,14,34005KT,14,11
2010-11-12 15:00:00.000,2010,11,12,15,VRB02KT,16,11
2010-11-12 16:00:00.000,2010,11,12,16,03007KT,17,09
2010-11-12 17:00:00.000,2010,11,12,17,VRB02KT,16,10
2010-11-12 18:00:00.000,2010,11,12,18,24009KT,16,12
2010-11-12 19:00:00.000,2010,11,12,19,23009KT,16,12
2010-11-12 20:00:00.000,2010,11,12,20,25009KT,15,12
2010-11-12 21:00:00.000,2010,11,12,21,25005KT,15,12
2010-11-12 22:00:00.000,2010,11,12,22,31004KT,14,11
2010-11-12 23:00:00.000,2010,11,12,23,35004KT,14,12
2010-11-13 00:00:00.000,2010,11,13,0,33004KT,12,10
2010-11-13 01:00:00.000,2010,11,13,1,00000KT,12,11
2010-11-13 02:00:00.000,2010,11,13,2,29004KT,12,11
2010-11-13 03:00:00.000,2010,11,13,3,VRB02KT,12,11
2010-11-13 04:00:00.000,2010,11,13,4,30005KT,12,11
2010-11-13 05:00:00.000,2010,11,13,5,30004KT,12,11
2010-11-13 06:00:00.000,2010,11,13,6,23003KT,12,11
2010-11-13 07:00:00.000,2010,11,13,7,VRB02KT,12,11
2010-11-13 08:00:00.000,2010,11,13,8,290003KT,11,11
2010-11-13 09:00:00.000,2010,11,13,9,VRB02KT,11,11
2010-11-13 10:00:00.000,2010,11,13,10,00000KT,11,10
2010-11-13 11:00:00.000,2010,11,13,11,28004KT,10,10
2010-11-13 12:00:00.000,2010,11,13,12,33003KT,11,10
2010-11-13 14:00:00.000,2010,11,13,14,00000KT,15,11
2010-11-13 15:00:00.000,2010,11,13,15,00000KT,17,12
2010-11-13 16:00:00.000,2010,11,13,16,18005KT,18,11
2010-11-13 17:00:00.000,2010,11,13,17,16005KT,18,11
2010-11-13 18:00:00.000,2010,11,13,18,07010KT,16,09
2010-11-13 19:00:00.000,2010,11,13,19,28006KT,15,10
2010-11-13 20:00:00.000,2010,11,13,20,25006KT,14,11
2010-11-13 21:00:00.000,2010,11,13,21,26005KT,14,12
2010-11-13 22:00:00.000,2010,11,13,22,25004KT,13,12
2010-11-13 23:00:00.000,2010,11,13,23,35003KT,13,12
2010-11-14 00:00:00.000,2010,11,14,0,VRB02KT,13,11
2010-11-14 01:00:00.000,2010,11,14,1,30004KT,12,11
2010-11-14 02:00:00.000,2010,11,14,2,VRB02KT,12,11
2010-11-14 03:00:00.000,2010,11,14,3,01004KT,12,11
2010-11-14 04:00:00.000,2010,11,14,4,03004KT,11,11
2010-11-14 05:00:00.000,2010,11,14,5,00000KT,11,11
2010-11-14 06:00:00.000,2010,11,14,6,04003KT,11,11
2010-11-14 07:00:00.000,2010,11,14,7,02004KT,11,10
2010-11-14 08:00:00.000,2010,11,14,8,00000KT,11,10
2010-11-14 09:00:00.000,2010,11,14,9,00000KT,11,10
2010-11-14 10:00:00.000,2010,11,14,10,00000KT,11,10
2010-11-14 11:00:00.000,2010,11,14,11,VRB02KT,11,10
2010-11-14 12:00:00.000,2010,11,14,12,34003KT,12,11
2010-11-14 13:00:00.000,2010,11,14,13,28003KT,13,11
2010-11-14 14:00:00.000,2010,11,14,14,35003KT,14,10
2010-11-14 15:00:00.000,2010,11,14,15,27003KT,15,12
2010-11-14 16:00:00.000,2010,11,14,16,29006KT,17,12
2010-11-14 17:00:00.000,2010,11,14,17,28010KT,18,13
2010-11-14 18:00:00.000,2010,11,14,18,29006KT,18,12
2010-11-14 19:00:00.000,2010,11,14,19,27008KT,18,11
2010-11-14 20:00:00.000,2010,11,14,20,27011KT,16,12
2010-11-14 22:00:00.000,2010,11,14,22,25006KT,14,11
2010-11-14 23:00:00.000,2010,11,14,23,33005KT,14,11
2010-11-15 00:00:00.000,2010,11,15,0,33004KT,13,11
2010-11-15 01:00:00.000,2010,11,15,1,34003KT,12,11
2010-11-15 02:00:00.000,2010,11,15,2,VRB02KT,12,11
2010-11-15 03:00:00.000,2010,11,15,3,VRB02KT,12,11
2010-11-15 04:00:00.000,2010,11,15,4,28003KT,12,11
2010-11-15 05:00:00.000,2010,11,15,5,VRB02KT,11,10
2010-11-15 06:00:00.000,2010,11,15,6,VRB02KT,11,10
2010-11-15 07:00:00.000,2010,11,15,7,VRB02KT,11,10
2010-11-15 08:00:00.000,2010,11,15,8,00000KT,11,11
2010-11-15 09:00:00.000,2010,11,15,9,02003KT,11,10
2010-11-15 10:00:00.000,2010,11,15,10,32003KT,11,10
2010-11-15 11:00:00.000,2010,11,15,11,VRB02KT,11,11
2010-11-15 12:00:00.000,2010,11,15,12,00000KT,11,11
2010-11-15 13:00:00.000,2010,11,15,13,VRB02KT,13,12
2010-11-15 14:00:00.000,2010,11,15,14,VRB02KT,14,11
2010-11-15 15:00:00.000,2010,11,15,15,VRB02KT,17,11
2010-11-15 16:00:00.000,2010,11,15,16,32004KT,17,11
2010-11-15 17:00:00.000,2010,11,15,17,32008KT,18,10
2010-11-15 18:00:00.000,2010,11,15,18,35010KT,18,11
2010-11-15 19:00:00.000,2010,11,15,19,33006KT,15,12
2010-11-15 20:00:00.000,2010,11,15,20,VRB02KT,13,11
2010-11-15 21:00:00.000,2010,11,15,21,VRB02KT,15,13
2010-11-15 22:00:00.000,2010,11,15,22,29004KT,14,11
2010-11-15 23:00:00.000,2010,11,15,23,VRB02KT,13,10
2010-11-16 00:00:00.000,2010,11,16,0,VRB02KT,12,10
2010-11-16 01:00:00.000,2010,11,16,1,38003KT,12,10
2010-11-16 02:00:00.000,2010,11,16,2,30005KT,12,10
2010-11-16 04:00:00.000,2010,11,16,4,30003KT,12,10
2010-11-16 06:00:00.000,2010,11,16,6,VRB02KT,12,10
2010-11-16 07:00:00.000,2010,11,16,7,VRB02KT,12,11
2010-11-16 09:00:00.000,2010,11,16,9,00000KT,12,11
2010-11-16 10:00:00.000,2010,11,16,10,00000KT,12,11
2010-11-16 11:00:00.000,2010,11,16,11,VRB02KT,12,11
2010-11-16 12:00:00.000,2010,11,16,12,VRB02KT,11,11
2010-11-16 13:00:00.000,2010,11,16,13,03004KT,14,11
2010-11-16 14:00:00.000,2010,11,16,14,VRB02KT,16,10
2010-11-16 15:00:00.000,2010,11,16,15,VRB02KT,18,11
2010-11-16 16:00:00.000,2010,11,16,16,31006KT,19,10
2010-11-16 17:00:00.000,2010,11,16,17,29014KT,19,13
2010-11-16 18:00:00.000,2010,11,16,18,18008KT,15,13
2010-11-16 19:00:00.000,2010,11,16,19,30012KT,13,12
2010-11-16 20:00:00.000,2010,11,16,20,28006KT,14,12
2010-11-16 21:00:00.000,2010,11,16,21,21006KT,13,12
2010-11-16 22:00:00.000,2010,11,16,22,31004KT,13,12
2010-11-17 00:00:00.000,2010,11,17,0,26007KT,12,12
2010-11-17 01:00:00.000,2010,11,17,1,VRB02KT,12,12
2010-11-17 02:00:00.000,2010,11,17,2,21003KT,12,11
2010-11-17 03:00:00.000,2010,11,17,3,VRB02KT,12,11
2010-11-17 04:00:00.000,2010,11,17,4,27003KT,12,11
2010-11-17 06:00:00.000,2010,11,17,6,15005KT,11,10
2010-11-17 07:00:00.000,2010,11,17,7,33003KT,11,10
2010-11-17 08:00:00.000,2010,11,17,8,VRB02KT,11,10
2010-11-17 09:00:00.000,2010,11,17,9,00000KT,11,10
2010-11-17 10:00:00.000,2010,11,17,10,00000KT,11,10
2010-11-17 11:00:00.000,2010,11,17,11,VRB02KT,11,11
2010-11-17 12:00:00.000,2010,11,17,12,VRB02KT,12,11
2010-11-17 13:00:00.000,2010,11,17,13,VRB02KT,13,11
2010-11-17 14:00:00.000,2010,11,17,14,30003KT,15,11
2010-11-17 15:00:00.000,2010,11,17,15,33003KT,16,11
2010-11-17 16:00:00.000,2010,11,17,16,VRB02KT,16,12
2010-11-17 17:00:00.000,2010,11,17,17,27006KT,17,12
2010-11-17 18:00:00.000,2010,11,17,18,26010KT,14,12
2010-11-17 19:00:00.000,2010,11,17,19,35006KT,12,10
2010-11-17 20:00:00.000,2010,11,17,20,31008KT,13,11
2010-11-17 21:00:00.000,2010,11,17,21,22006KT,14,11
2010-11-17 22:00:00.000,2010,11,17,22,26003KKT,14,11
2010-11-17 23:00:00.000,2010,11,17,23,VRB02KT,13,12
2010-11-18 00:00:00.000,2010,11,18,0,00000KT,12,11
2010-11-18 01:00:00.000,2010,11,18,1,VRB02KT,12,11
2010-11-18 02:00:00.000,2010,11,18,2,VRB02KT,12,11
2010-11-18 03:00:00.000,2010,11,18,3,VRB02KT,11,10
2010-11-18 04:00:00.000,2010,11,18,4,00000KT,10,10
2010-11-18 05:00:00.000,2010,11,18,5,VRB02KT,10,10
2010-11-18 06:00:00.000,2010,11,18,6,VRB02KT,10,10
2010-11-18 07:00:00.000,2010,11,18,7,00000KT,11,10
2010-11-18 08:00:00.000,2010,11,18,8,VRB02KT,11,10
2010-11-18 09:00:00.000,2010,11,18,9,34004KT,10,10
2010-11-18 10:00:00.000,2010,11,18,10,VRB02KT,10,10
2010-11-18 11:00:00.000,2010,11,18,11,32004KT,10,10
2010-11-18 12:00:00.000,2010,11,18,12,33004KT,10,10
2010-11-18 13:00:00.000,2010,11,18,13,03004KT,11,10
2010-11-18 14:00:00.000,2010,11,18,14,06004KT,13,10
2010-11-18 15:00:00.000,2010,11,18,15,05006KT,15,10
2010-11-18 16:00:00.000,2010,11,18,16,25004KT,16,10
2010-11-18 17:00:00.000,2010,11,18,17,32009KT,17,13
2010-11-18 18:00:00.000,2010,11,18,18,28010KT,16,12
2010-11-18 19:00:00.000,2010,11,18,19,31011KT,16,11
2010-11-18 21:00:00.000,2010,11,18,21,02005KT,14,11
2010-11-18 22:00:00.000,2010,11,18,22,32004KT,13,11
2010-11-18 23:00:00.000,2010,11,18,23,31006KT,13,11
2010-11-19 00:00:00.000,2010,11,19,0,31004KT,13,11
2010-11-19 01:00:00.000,2010,11,19,1,28003KT,12,11
2010-11-19 02:00:00.000,2010,11,19,2,27003KT,12,11
2010-11-19 03:00:00.000,2010,11,19,3,VRB02KT,12,11
2010-11-19 04:00:00.000,2010,11,19,4,24004KT,12,11
2010-11-19 05:00:00.000,2010,11,19,5,20003KT,11,10
2010-11-19 06:00:00.000,2010,11,19,6,28003KT,11,10
2010-11-19 07:00:00.000,2010,11,19,7,VRB02KT,10,09
2010-11-19 08:00:00.000,2010,11,19,8,VRB02KT,10,09
2010-11-19 09:00:00.000,2010,11,19,9,VRB02KT,10,10
2010-11-19 10:00:00.000,2010,11,19,10,30003KT,10,10
2010-11-19 11:00:00.000,2010,11,19,11,VRB02KT,11,10
2010-11-19 12:00:00.000,2010,11,19,12,34003KT,12,10
2010-11-19 13:00:00.000,2010,11,19,13,VRB02KT,14,10
2010-11-19 14:00:00.000,2010,11,19,14,28004KT,15,10
2010-11-19 15:00:00.000,2010,11,19,15,VRB02KT,17,10
2010-11-19 16:00:00.000,2010,11,19,16,28006KT,18,10
2010-11-19 17:00:00.000,2010,11,19,17,VRB02KT,18,10
2010-11-19 18:00:00.000,2010,11,19,18,31012KT,17,12
2010-11-19 19:00:00.000,2010,11,19,19,30013KT,17,13
2010-11-19 20:00:00.000,2010,11,19,20,32006KT,14,13
2010-11-19 21:00:00.000,2010,11,19,21,3005KT,14,13
2010-11-19 22:00:00.000,2010,11,19,22,30010KT,14,12
2010-11-19 23:00:00.000,2010,11,19,23,VRB02KT,14,12
2010-11-20 00:00:00.000,2010,11,20,0,VRB02KT,13,12
2010-11-20 01:00:00.000,2010,11,20,1,VRB02KT,13,12
2010-11-20 02:00:00.000,2010,11,20,2,VRB02KT,13,12
2010-11-20 03:00:00.000,2010,11,20,3,33003KT,12,11
2010-11-20 04:00:00.000,2010,11,20,4,00000KT,11,10
2010-11-20 05:00:00.000,2010,11,20,5,31004KT,11,11
2010-11-20 06:00:00.000,2010,11,20,6,08003KT,11,11
2010-11-20 07:00:00.000,2010,11,20,7,00000KT,11,11
2010-11-20 08:00:00.000,2010,11,20,8,00000KT,11,11
2010-11-20 09:00:00.000,2010,11,20,9,32003KT,11,11
2010-11-20 10:00:00.000,2010,11,20,10,00000KT,11,11
2010-11-20 11:00:00.000,2010,11,20,11,VRB02KT,10,10
2010-11-20 12:00:00.000,2010,11,20,12,00000KT,11,10
2010-11-20 13:00:00.000,2010,11,20,13,VRB02KT,12,11
2010-11-20 14:00:00.000,2010,11,20,14,VRB202KT,14,10
2010-11-20 15:00:00.000,2010,11,20,15,03004KT,16,11
2010-11-20 16:00:00.000,2010,11,20,16,32004KT,17,11
2010-11-20 17:00:00.000,2010,11,20,17,3300KT,18,11
2010-11-20 18:00:00.000,2010,11,20,18,24010KT,18,14
2010-11-20 19:00:00.000,2010,11,20,19,28010KT,14,12
2010-11-20 20:00:00.000,2010,11,20,20,30010KT,14,12
2010-11-20 21:00:00.000,2010,11,20,21,30006KT,14,12
2010-11-20 22:00:00.000,2010,11,20,22,31006KT,14,12
2010-11-20 23:00:00.000,2010,11,20,23,33004KT,13,12
2010-11-21 00:00:00.000,2010,11,21,0,29004KT,13,11
2010-11-21 01:00:00.000,2010,11,21,1,VRB02KT,12,11
2010-11-21 02:00:00.000,2010,11,21,2,VRB02KT,12,11
2010-11-21 03:00:00.000,2010,11,21,3,00000KT,11,11
2010-11-21 04:00:00.000,2010,11,21,4,VRB02KT,11,11
2010-11-21 05:00:00.000,2010,11,21,5,30004KT,10,10
2010-11-21 06:00:00.000,2010,11,21,6,VRB02KT,10,10
2010-11-21 07:00:00.000,2010,11,21,7,00000KT,10,09
2010-11-21 08:00:00.000,2010,11,21,8,30004KT,09,09
2010-11-21 09:00:00.000,2010,11,21,9,VRB02KT,09,09
2010-11-21 10:00:00.000,2010,11,21,10,VRB02KT,09,09
2010-11-21 11:00:00.000,2010,11,21,11,00000KT,09,09
2010-11-21 12:00:00.000,2010,11,21,12,05004KT,10,10
2010-11-21 13:00:00.000,2010,11,21,13,04003KT,12,10
2010-11-21 14:00:00.000,2010,11,21,14,VRB02KT,14,11
2010-11-21 15:00:00.000,2010,11,21,15,02004KT,16,11
2010-11-21 16:00:00.000,2010,11,21,16,03005KT,18,10
2010-11-21 17:00:00.000,2010,11,21,17,09004KT,19,09
2010-11-21 18:00:00.000,2010,11,21,18,06010KT,19,09
2010-11-21 22:00:00.000,2010,11,21,22,27006KT,15,12
2010-11-21 23:00:00.000,2010,11,21,23,29006KT,14,13
2010-11-22 00:00:00.000,2010,11,22,0,33003KT,13,12
2010-11-22 01:00:00.000,2010,11,22,1,34003KT,13,12
2010-11-22 02:00:00.000,2010,11,22,2,26005KT,13,12
2010-11-22 03:00:00.000,2010,11,22,3,00000KT,12,12
2010-11-22 04:00:00.000,2010,11,22,4,06003KT,12,11
2010-11-22 05:00:00.000,2010,11,22,5,VRB02KT,11,10
2010-11-22 06:00:00.000,2010,11,22,6,VRB02KT,10,09
2010-11-22 07:00:00.000,2010,11,22,7,00000KT,09,09
2010-11-22 08:00:00.000,2010,11,22,8,VRB02KT,08,08
2010-11-22 09:00:00.000,2010,11,22,9,VRB02KT,08,08
2010-11-22 10:00:00.000,2010,11,22,10,VRB02KT,08,08
2010-11-22 11:00:00.000,2010,11,22,11,VRB02KT,08,08
2010-11-22 12:00:00.000,2010,11,22,12,00000KT,08,08
2010-11-22 13:00:00.000,2010,11,22,13,VRB02KT,09,09
2010-11-22 14:00:00.000,2010,11,22,14,04004KT,10,10
2010-11-22 15:00:00.000,2010,11,22,15,VRB02KT,14,10
2010-11-22 16:00:00.000,2010,11,22,16,VRB02KT,17,10
2010-11-22 17:00:00.000,2010,11,22,17,01006KT,19,10
2010-11-22 18:00:00.000,2010,11,22,18,35006KT,19,09
2010-11-22 19:00:00.000,2010,11,22,19,07007KT,20,07
2010-11-22 20:00:00.000,2010,11,22,20,28012KT,17,13
2010-11-22 21:00:00.000,2010,11,22,21,25012KT,15,13
2010-11-22 22:00:00.000,2010,11,22,22,26010KT,14,13
2010-11-22 23:00:00.000,2010,11,22,23,23005KT,13,11
2010-11-23 00:00:00.000,2010,11,23,0,VRB02KT,13,11
2010-11-23 01:00:00.000,2010,11,23,1,36003KT,13,12
2010-11-23 02:00:00.000,2010,11,23,2,31004KT,13,12
2010-11-23 03:00:00.000,2010,11,23,3,VRB02KT,12,11
2010-11-23 04:00:00.000,2010,11,23,4,27004KT,12,11
2010-11-23 05:00:00.000,2010,11,23,5,03002KT,12,11
2010-11-23 06:00:00.000,2010,11,23,6,31005KT,12,12
2010-11-23 07:00:00.000,2010,11,23,7,VRB02KT,12,12
2010-11-23 08:00:00.000,2010,11,23,8,36003KT,12,12
2010-11-23 09:00:00.000,2010,11,23,9,30003KT,12,11
2010-11-23 10:00:00.000,2010,11,23,10,VRB02KT,11,11
2010-11-23 11:00:00.000,2010,11,23,11,VRB02KT,11,11
2010-11-23 12:00:00.000,2010,11,23,12,05004KT,12,10
2010-11-23 13:00:00.000,2010,11,23,13,04003KT,12,10
2010-11-23 14:00:00.000,2010,11,23,14,VRB02KT,15,10
2010-11-23 15:00:00.000,2010,11,23,15,00000KT,16,10
2010-11-23 16:00:00.000,2010,11,23,16,23004KT,18,11
2010-11-23 17:00:00.000,2010,11,23,17,30008KT,19,11
2010-11-23 18:00:00.000,2010,11,23,18,34010KT,18,11
2010-11-23 19:00:00.000,2010,11,23,19,30014KT,18,12
2010-11-23 20:00:00.000,2010,11,23,20,28010KT,17,12
2010-11-23 21:00:00.000,2010,11,23,21,32006KT,16,11
2010-11-23 22:00:00.000,2010,11,23,22,06006KT,15,12
2010-11-23 23:00:00.000,2010,11,23,23,27006KT,14,13
2010-11-24 00:00:00.000,2010,11,24,0,30005KT,13,11
2010-11-24 01:00:00.000,2010,11,24,1,VRB02KT,13,11
2010-11-24 02:00:00.000,2010,11,24,2,28006KT,13,11
2010-11-24 03:00:00.000,2010,11,24,3,29006KT,13,11
2010-11-24 04:00:00.000,2010,11,24,4,31005KT,13,11
2010-11-24 05:00:00.000,2010,11,24,5,28004KT,13,11
2010-11-24 06:00:00.000,2010,11,24,6,VRB02KT,12,11
2010-11-24 07:00:00.000,2010,11,24,7,VRB02KT,12,11
2010-11-24 08:00:00.000,2010,11,24,8,00000KT,11,10
2010-11-24 09:00:00.000,2010,11,24,9,27004KT,11,10
2010-11-24 10:00:00.000,2010,11,24,10,33003KT,10,10
2010-11-24 11:00:00.000,2010,11,24,11,29004KT,09,09
2010-11-24 12:00:00.000,2010,11,24,12,33004KT,10,10
2010-11-24 13:00:00.000,2010,11,24,13,24004KT,13,11
2010-11-24 14:00:00.000,2010,11,24,14,33007KT,15,11
2010-11-24 15:00:00.000,2010,11,24,15,VRB02KT,16,11
2010-11-24 16:00:00.000,2010,11,24,16,26006KT,18,10
2010-11-24 17:00:00.000,2010,11,24,17,25008KT,17,12
2010-11-24 18:00:00.000,2010,11,24,18,06003KT,15,12
2010-11-24 20:00:00.000,2010,11,24,20,33005KT,17,12
2010-11-24 21:00:00.000,2010,11,24,21,28006KT,14,12
2010-11-24 22:00:00.000,2010,11,24,22,29003KT,13,11
2010-11-24 23:00:00.000,2010,11,24,23,32003KT,12,12
2010-11-25 00:00:00.000,2010,11,25,0,VRB02KT,13,12
2010-11-25 01:00:00.000,2010,11,25,1,32003KT,12,11
2010-11-25 02:00:00.000,2010,11,25,2,31003KT,12,11
2010-11-25 03:00:00.000,2010,11,25,3,27003KT,12,11
2010-11-25 04:00:00.000,2010,11,25,4,23003KT,12,11
2010-11-25 05:00:00.000,2010,11,25,5,30003KT,12,12
2010-11-25 06:00:00.000,2010,11,25,6,31005KT,12,11
2010-11-25 07:00:00.000,2010,11,25,7,VRB02KT,11,10
2010-11-25 08:00:00.000,2010,11,25,8,34003KT,11,11
2010-11-25 09:00:00.000,2010,11,25,9,35004KT,11,10
2010-11-25 10:00:00.000,2010,11,25,10,VRB02KT,11,10
2010-11-25 11:00:00.000,2010,11,25,11,VRB02KT,11,10
2010-11-25 12:00:00.000,2010,11,25,12,VRB02KT,12,10
2010-11-25 13:00:00.000,2010,11,25,13,00000KT,14,11
2010-11-25 14:00:00.000,2010,11,25,14,VRB02KT,16,10
2010-11-25 15:00:00.000,2010,11,25,15,03003KT,18,10
2010-11-25 16:00:00.000,2010,11,25,16,15004KT,19,11
2010-11-25 17:00:00.000,2010,11,25,17,03005KT,19,10
2010-11-25 19:00:00.000,2010,11,25,19,22010KT,16,13
2010-11-25 21:00:00.000,2010,11,25,21,27006KT,16,13
2010-11-25 22:00:00.000,2010,11,25,22,31008KT,15,13
2010-11-25 23:00:00.000,2010,11,25,23,28008KT,15,13
2010-11-26 00:00:00.000,2010,11,26,0,32004KT,13,12
2010-11-26 01:00:00.000,2010,11,26,1,30006KT,13,11
2010-11-26 02:00:00.000,2010,11,26,2,33007KT,13,11
2010-11-26 03:00:00.000,2010,11,26,3,VRB02KT,13,11
2010-11-26 04:00:00.000,2010,11,26,4,VRB02KT,12,11
2010-11-26 05:00:00.000,2010,11,26,5,32004KT,12,10
2010-11-26 06:00:00.000,2010,11,26,6,VRB02KT,11,10
2010-11-26 07:00:00.000,2010,11,26,7,VRB02KT,11,10
2010-11-26 08:00:00.000,2010,11,26,8,00000KT,10,10
2010-11-26 09:00:00.000,2010,11,26,9,VRB02KT,09,09
2010-11-26 10:00:00.000,2010,11,26,10,VRB02KT,09,09
2010-11-26 11:00:00.000,2010,11,26,11,05003KT,09,08
2010-11-26 12:00:00.000,2010,11,26,12,05003KT,09,09
2010-11-26 14:00:00.000,2010,11,26,14,VRB02KT,13,11
2010-11-26 15:00:00.000,2010,11,26,15,VRB02KT,16,10
2010-11-26 16:00:00.000,2010,11,26,16,21003KT,18,11
2010-11-26 17:00:00.000,2010,11,26,17,VRB02KT,19,11
2010-11-26 18:00:00.000,2010,11,26,18,27006KT,19,13
2010-11-26 19:00:00.000,2010,11,26,19,30012KT,16,12
2010-11-26 21:00:00.000,2010,11,26,21,20012KT,16,12
2010-11-26 22:00:00.000,2010,11,26,22,29003KT,14,12
2010-11-26 23:00:00.000,2010,11,26,23,33003KT,13,12
2010-11-27 00:00:00.000,2010,11,27,0,VRB02KT,14,12
2010-11-27 01:00:00.000,2010,11,27,1,33003KT,13,11
2010-11-27 02:00:00.000,2010,11,27,2,31006KT,13,12
2010-11-27 03:00:00.000,2010,11,27,3,32008KT,13,12
2010-11-27 04:00:00.000,2010,11,27,4,02003KT,12,11
2010-11-27 05:00:00.000,2010,11,27,5,VRB02KT,12,11
2010-11-27 06:00:00.000,2010,11,27,6,VRB02KT,11,11
2010-11-27 07:00:00.000,2010,11,27,7,VRB02KT,11,11
2010-11-27 08:00:00.000,2010,11,27,8,30004KT,11,11
2010-11-27 09:00:00.000,2010,11,27,9,VRB02KT,11,10
2010-11-27 10:00:00.000,2010,11,27,10,VRB02KT,10,10
2010-11-27 11:00:00.000,2010,11,27,11,VRB02KT,10,09
2010-11-27 12:00:00.000,2010,11,27,12,35003KT,12,11
2010-11-27 13:00:00.000,2010,11,27,13,04003KT,13,11
2010-11-27 14:00:00.000,2010,11,27,14,VRB02KT,15,10
2010-11-27 15:00:00.000,2010,11,27,15,33007KT,16,11
2010-11-27 16:00:00.000,2010,11,27,16,06004KT,18,11
2010-11-27 17:00:00.000,2010,11,27,17,32010KT,19,11
2010-11-27 18:00:00.000,2010,11,27,18,27014KT,16,13
2010-11-27 19:00:00.000,2010,11,27,19,28010KT,14,13
2010-11-27 20:00:00.000,2010,11,27,20,31008KT,14,13
2010-11-27 21:00:00.000,2010,11,27,21,04004KT,13,12
2010-11-27 22:00:00.000,2010,11,27,22,02003KT,13,12
2010-11-27 23:00:00.000,2010,11,27,23,VRB02KT,13,12
2010-11-28 00:00:00.000,2010,11,28,0,VRB02KT,12,11
2010-11-28 01:00:00.000,2010,11,28,1,VRB02KT,12,11
2010-11-28 02:00:00.000,2010,11,28,2,32004KT,12,11
2010-11-28 03:00:00.000,2010,11,28,3,34004KT,12,11
2010-11-28 04:00:00.000,2010,11,28,4,32004KT,11,11
2010-11-28 05:00:00.000,2010,11,28,5,00000KT,11,11
2010-11-28 06:00:00.000,2010,11,28,6,00000KT,11,10
2010-11-28 07:00:00.000,2010,11,28,7,VRB02KT,11,10
2010-11-28 08:00:00.000,2010,11,28,8,00000KT,10,10
2010-11-28 09:00:00.000,2010,11,28,9,00000KT,10,10
2010-11-28 10:00:00.000,2010,11,28,10,VRB02KT,10,10
2010-11-28 11:00:00.000,2010,11,28,11,VRB02KT,10,10
2010-11-28 12:00:00.000,2010,11,28,12,VRB02KT,10,10
2010-11-28 13:00:00.000,2010,11,28,13,27004KT,11,10
2010-11-28 14:00:00.000,2010,11,28,14,27004KT,12,11
2010-11-28 15:00:00.000,2010,11,28,15,VRB02KT,15,13
2010-11-28 16:00:00.000,2010,11,28,16,00000KT,17,11
2010-11-28 17:00:00.000,2010,11,28,17,VRB02KT,18,11
2010-11-28 18:00:00.000,2010,11,28,18,VRB02KT,18,11
2010-11-28 19:00:00.000,2010,11,28,19,23008KT,15,13
2010-11-28 20:00:00.000,2010,11,28,20,34003KT,14,13
2010-11-28 21:00:00.000,2010,11,28,21,34004KT,14,12
2010-11-28 22:00:00.000,2010,11,28,22,31004KT,13,12
2010-11-28 23:00:00.000,2010,11,28,23,32004KT,13,12
2010-11-29 00:00:00.000,2010,11,29,0,00000KT,13,12
2010-11-29 01:00:00.000,2010,11,29,1,VRB02KT,13,12
2010-11-29 02:00:00.000,2010,11,29,2,00000KT,13,12
2010-11-29 03:00:00.000,2010,11,29,3,VRB02KT,13,12
2010-11-29 04:00:00.000,2010,11,29,4,28004KT,13,12
2010-11-29 05:00:00.000,2010,11,29,5,00000KT,12,11
2010-11-29 06:00:00.000,2010,11,29,6,VRB02KT,12,11
2010-11-29 07:00:00.000,2010,11,29,7,VRB02KT,12,11
2010-11-29 08:00:00.000,2010,11,29,8,VRB02KT,12,11
2010-11-29 09:00:00.000,2010,11,29,9,VRB02KT,12,11
2010-11-29 10:00:00.000,2010,11,29,10,VRB02KT,12,11
2010-11-29 11:00:00.000,2010,11,29,11,36003KT,11,10
2010-11-29 12:00:00.000,2010,11,29,12,36006KT,12,12
2010-11-29 13:00:00.000,2010,11,29,13,07003KT,13,12
2010-11-29 14:00:00.000,2010,11,29,14,VRB03KT,16,12
2010-11-29 15:00:00.000,2010,11,29,15,32003KT,17,12
2010-11-29 16:00:00.000,2010,11,29,16,VRB02KT,19,11
2010-11-29 17:00:00.000,2010,11,29,17,36006KT,20,12
2010-11-29 18:00:00.000,2010,11,29,18,26008KT,20,12
2010-11-29 19:00:00.000,2010,11,29,19,27006KT,19,12
2010-11-29 20:00:00.000,2010,11,29,20,23012KT,18,13
2010-11-29 21:00:00.000,2010,11,29,21,25008KT,16,13
2010-11-29 22:00:00.000,2010,11,29,22,24006KT,13,13
2010-11-29 23:00:00.000,2010,11,29,23,02003KT,15,13
2010-11-30 00:00:00.000,2010,11,30,0,04008KT,13,12
2010-11-30 01:00:00.000,2010,11,30,1,VRB02KT,13,12
2010-11-30 02:00:00.000,2010,11,30,2,VRB02KT,12,11
2010-11-30 03:00:00.000,2010,11,30,3,VRB02KT,12,11
2010-11-30 04:00:00.000,2010,11,30,4,30004KT,12,11
2010-11-30 05:00:00.000,2010,11,30,5,00000KT,11,10
2010-11-30 06:00:00.000,2010,11,30,6,00000KT,11,10
2010-11-30 07:00:00.000,2010,11,30,7,VRB02KT,10,09
2010-11-30 08:00:00.000,2010,11,30,8,26004KT,10,09
2010-11-30 09:00:00.000,2010,11,30,9,34004KT,10,09
2010-11-30 10:00:00.000,2010,11,30,10,VRB02KT,10,09
2010-11-30 11:00:00.000,2010,11,30,11,00000KT,11,10
2010-11-30 12:00:00.000,2010,11,30,12,03005KT,12,11
2010-11-30 13:00:00.000,2010,11,30,13,05007KT,14,11
2010-11-30 14:00:00.000,2010,11,30,14,07007KT,15,12
2010-11-30 15:00:00.000,2010,11,30,15,08008KT,17,11
2010-11-30 16:00:00.000,2010,11,30,16,VRB02KT,18,11
2010-11-30 17:00:00.000,2010,11,30,17,VRB02KT,19,10
2010-11-30 19:00:00.000,2010,11,30,19,24012KT,18,13
2010-11-30 20:00:00.000,2010,11,30,20,27016KT,17,13
2010-11-30 21:00:00.000,2010,11,30,21,26012KT,16,12
2010-11-30 22:00:00.000,2010,11,30,22,26008KT,16,12
2010-11-30 23:00:00.000,2010,11,30,23,25006KT,16,12
2010-12-01 13:00:00.000,2010,12,1,13,05003KT,14,12
2010-12-01 14:00:00.000,2010,12,1,14,VRB02KT,15,12
2010-12-01 15:00:00.000,2010,12,1,15,05004KT,16,11
2010-12-01 16:00:00.000,2010,12,1,16,32006KT,18,10
2010-12-01 17:00:00.000,2010,12,1,17,28008KT,19,11
2010-12-01 18:00:00.000,2010,12,1,18,33004KT,18,11
2010-12-01 19:00:00.000,2010,12,1,19,29004KT,18,12
2010-12-01 20:00:00.000,2010,12,1,20,22010KT,12,10
2010-12-01 21:00:00.000,2010,12,1,21,27004KT,13,11
2010-12-01 22:00:00.000,2010,12,1,22,VRB02KT,13,11
2010-12-01 23:00:00.000,2010,12,1,23,VRB02KT,13,11
2010-12-02 00:00:00.000,2010,12,2,0,00000KT,11,10
2010-12-02 01:00:00.000,2010,12,2,1,26003KT,12,11
2010-12-02 02:00:00.000,2010,12,2,2,VRB02KT,13,12
2010-12-02 03:00:00.000,2010,12,2,3,VRB02KT,13,12
2010-12-02 04:00:00.000,2010,12,2,4,33003KT,13,12
2010-12-02 05:00:00.000,2010,12,2,5,30003KT,13,11
2010-12-02 06:00:00.000,2010,12,2,6,30003KT,13,12
2010-12-02 07:00:00.000,2010,12,2,7,VRB02KT,12,12
2010-12-02 08:00:00.000,2010,12,2,8,VRB02KT,12,12
2010-12-02 09:00:00.000,2010,12,2,9,VRB02KT,12,12
2010-12-02 10:00:00.000,2010,12,2,10,00000KT,12,12
2010-12-02 11:00:00.000,2010,12,2,11,VRB02KT,12,11
2010-12-02 12:00:00.000,2010,12,2,12,04003KT,13,12
2010-12-02 13:00:00.000,2010,12,2,13,VRB02KT,14,12
2010-12-02 14:00:00.000,2010,12,2,14,VRB02KT,15,12
2010-12-02 15:00:00.000,2010,12,2,15,35004KT,16,12
2010-12-02 16:00:00.000,2010,12,2,16,31005KT,18,12
2010-12-02 17:00:00.000,2010,12,2,17,31008KT,18,12
2010-12-02 18:00:00.000,2010,12,2,18,28013KT,18,12
2010-12-02 19:00:00.000,2010,12,2,19,14012KT,17,12
2010-12-02 21:00:00.000,2010,12,2,21,05004KT,13,12
2010-12-02 22:00:00.000,2010,12,2,22,VRB02KT,14,12
2010-12-02 23:00:00.000,2010,12,2,23,VRB02KT,14,13
2010-12-03 00:00:00.000,2010,12,3,0,VRB02KT,14,13
2010-12-03 01:00:00.000,2010,12,3,1,32006KT,14,12
2010-12-03 02:00:00.000,2010,12,3,2,29006KT,13,11
2010-12-03 03:00:00.000,2010,12,3,3,30004KT,13,11
2010-12-03 04:00:00.000,2010,12,3,4,VRB02KT,13,12
2010-12-03 05:00:00.000,2010,12,3,5,33003KT,13,12
2010-12-03 06:00:00.000,2010,12,3,6,23003KT,13,12
2010-12-03 07:00:00.000,2010,12,3,7,32003KT,12,11
2010-12-03 08:00:00.000,2010,12,3,8,VRB02KT,12,11
2010-12-03 09:00:00.000,2010,12,3,9,30003KT,12,11
2010-12-03 10:00:00.000,2010,12,3,10,VRB02KT,12,11
2010-12-03 11:00:00.000,2010,12,3,11,VRB02KT,12,11
2010-12-03 12:00:00.000,2010,12,3,12,VRB02KT,12,12
2010-12-03 13:00:00.000,2010,12,3,13,VRB02KT,14,11
2010-12-03 14:00:00.000,2010,12,3,14,VRB02KT,16,12
2010-12-03 15:00:00.000,2010,12,3,15,30006KT,17,11
2010-12-03 16:00:00.000,2010,12,3,16,27008KT,17,11
2010-12-03 17:00:00.000,2010,12,3,17,29010KT,15,12
2010-12-03 18:00:00.000,2010,12,3,18,27012KT,14,12
2010-12-03 19:00:00.000,2010,12,3,19,30008KT,14,13
2010-12-03 20:00:00.000,2010,12,3,20,25006KT,15,13
2010-12-03 22:00:00.000,2010,12,3,22,VRB02KT,15,10
2010-12-03 23:00:00.000,2010,12,3,23,VRB02KT,15,12
2010-12-04 00:00:00.000,2010,12,4,0,VRB02KT,14,11
2010-12-04 01:00:00.000,2010,12,4,1,VRB02KT,13,11
2010-12-04 02:00:00.000,2010,12,4,2,31003KT,13,11
2010-12-04 03:00:00.000,2010,12,4,3,27007KT,13,11
2010-12-04 04:00:00.000,2010,12,4,4,29004KT,13,11
2010-12-04 05:00:00.000,2010,12,4,5,29008KT,13,11
2010-12-04 06:00:00.000,2010,12,4,6,VRB02KT,12,10
2010-12-04 07:00:00.000,2010,12,4,7,VRB02KT,12,11
2010-12-04 08:00:00.000,2010,12,4,8,00000KT,12,11
2010-12-04 09:00:00.000,2010,12,4,9,00000KT,12,11
2010-12-04 10:00:00.000,2010,12,4,10,33003KT,12,11
2010-12-04 11:00:00.000,2010,12,4,11,VRB02KT,12,11
2010-12-04 13:00:00.000,2010,12,4,13,30004KT,13,12
2010-12-04 14:00:00.000,2010,12,4,14,27004KT,15,12
2010-12-04 15:00:00.000,2010,12,4,15,34003KT,15,11
2010-12-04 16:00:00.000,2010,12,4,16,02006KT,15,11
2010-12-04 17:00:00.000,2010,12,4,17,30010KT,12,11
2010-12-04 18:00:00.000,2010,12,4,18,34003KT,12,11
2010-12-04 19:00:00.000,2010,12,4,19,VRB02KT,12,11
2010-12-04 20:00:00.000,2010,12,4,20,VRB02KT,11,10
2010-12-04 21:00:00.000,2010,12,4,21,16004KT,12,11
2010-12-04 22:00:00.000,2010,12,4,22,VRB02KT,12,12
2010-12-04 23:00:00.000,2010,12,4,23,13004KT,13,12
2010-12-05 00:00:00.000,2010,12,5,0,14004KT,12,10
2010-12-05 01:00:00.000,2010,12,5,1,03003KT,12,11
2010-12-05 02:00:00.000,2010,12,5,2,04006KT,12,11
2010-12-05 03:00:00.000,2010,12,5,3,VRB02KT,11,10
2010-12-05 04:00:00.000,2010,12,5,4,31003KT,10,09
2010-12-05 05:00:00.000,2010,12,5,5,VRB02KT,10,09
2010-12-05 06:00:00.000,2010,12,5,6,VRB02KT,09,09
2010-12-05 09:00:00.000,2010,12,5,9,VRB02KT,09,08
2010-12-05 11:00:00.000,2010,12,5,11,05006KT,09,09
2010-12-05 12:00:00.000,2010,12,5,12,33004KT,09,09
2010-12-05 13:00:00.000,2010,12,5,13,33004KT,10,10
2010-12-05 14:00:00.000,2010,12,5,14,08003KT,12,11
2010-12-05 15:00:00.000,2010,12,5,15,16006KT,16,11
2010-12-05 16:00:00.000,2010,12,5,16,11006KT,17,09
2010-12-05 17:00:00.000,2010,12,5,17,14012KT,19,08
2010-12-05 18:00:00.000,2010,12,5,18,19007KT,18,08
2010-12-05 19:00:00.000,2010,12,5,19,13008KT,17,09
2010-12-05 21:00:00.000,2010,12,5,21,16014KT,17,08
2010-12-05 22:00:00.000,2010,12,5,22,14007KT,17,09
2010-12-05 23:00:00.000,2010,12,5,23,06006KT,15,08
2010-12-06 00:00:00.000,2010,12,6,0,04006KT,13,09
2010-12-06 01:00:00.000,2010,12,6,1,05004KT,12,09
2010-12-06 02:00:00.000,2010,12,6,2,VRB02KT,12,09
2010-12-06 03:00:00.000,2010,12,6,3,05004KT,11,09
2010-12-06 04:00:00.000,2010,12,6,4,05005KT,11,09
2010-12-06 05:00:00.000,2010,12,6,5,VB02KT,10,08
2010-12-06 06:00:00.000,2010,12,6,6,VRB02KT,09,08
2010-12-06 07:00:00.000,2010,12,6,7,00000KT,09,08
2010-12-06 08:00:00.000,2010,12,6,8,VRB02KT,08,08
2010-12-06 09:00:00.000,2010,12,6,9,04004KT,07,07
2010-12-06 10:00:00.000,2010,12,6,10,VRB02KT,07,07
2010-12-06 11:00:00.000,2010,12,6,11,31004KT,06,05
2010-12-06 12:00:00.000,2010,12,6,12,VRB02KT,08,07
2010-12-06 13:00:00.000,2010,12,6,13,05005KT,11,10
2010-12-06 14:00:00.000,2010,12,6,14,07004KT,14,10
2010-12-06 15:00:00.000,2010,12,6,15,02004KT,15,10
2010-12-06 16:00:00.000,2010,12,6,16,06006KT,16,10
2010-12-06 17:00:00.000,2010,12,6,17,04004KT,17,09
2010-12-06 18:00:00.000,2010,12,6,18,16006KT,18,10
2010-12-06 19:00:00.000,2010,12,6,19,12004KT,18,10
2010-12-06 20:00:00.000,2010,12,6,20,31010KT,17,12
2010-12-06 21:00:00.000,2010,12,6,21,31010KT,17,11
2010-12-06 22:00:00.000,2010,12,6,22,30006KT,16,11
2010-12-06 23:00:00.000,2010,12,6,23,24006KT,15,11
2010-12-07 00:00:00.000,2010,12,7,0,VRB02KT,13,10
2010-12-07 01:00:00.000,2010,12,7,1,31004KT,12,08
2010-12-07 02:00:00.000,2010,12,7,2,33003KT,13,09
2010-12-07 03:00:00.000,2010,12,7,3,03003KT,13,09
2010-12-07 04:00:00.000,2010,12,7,4,06003KT,13,10
2010-12-07 05:00:00.000,2010,12,7,5,05005KT,12,11
2010-12-07 06:00:00.000,2010,12,7,6,06004KT,12,11
2010-12-07 07:00:00.000,2010,12,7,7,VRB02KT,12,10
2010-12-07 08:00:00.000,2010,12,7,8,00000KT,11,10
2010-12-07 09:00:00.000,2010,12,7,9,30004KT,10,10
2010-12-07 10:00:00.000,2010,12,7,10,00000KT,11,10
2010-12-07 11:00:00.000,2010,12,7,11,00000KT,10,10
2010-12-07 12:00:00.000,2010,12,7,12,03004KT,11,10
2010-12-07 13:00:00.000,2010,12,7,13,VRB02KT,13,10
2010-12-07 14:00:00.000,2010,12,7,14,04004KT,16,11
2010-12-07 15:00:00.000,2010,12,7,15,02004KT,17,11
2010-12-07 16:00:00.000,2010,12,7,16,12006KT,17,10
2010-12-07 17:00:00.000,2010,12,7,17,18004KT,18,11
2010-12-07 18:00:00.000,2010,12,7,18,16006KT,18,10
2010-12-07 19:00:00.000,2010,12,7,19,16008KT,18,09
2010-12-07 20:00:00.000,2010,12,7,20,35006KT,19,10
2010-12-07 21:00:00.000,2010,12,7,21,28006KT,16,13
2010-12-07 22:00:00.000,2010,12,7,22,34006KT,15,13
2010-12-07 23:00:00.000,2010,12,7,23,30008KT,15,12
2010-12-08 00:00:00.000,2010,12,8,0,35003KT,14,12
2010-12-08 01:00:00.000,2010,12,8,1,35005KT,13,11
2010-12-08 02:00:00.000,2010,12,8,2,34004KT,12,11
2010-12-08 03:00:00.000,2010,12,8,3,VRB02KT,11,10
2010-12-08 04:00:00.000,2010,12,8,4,32003KT,11,10
2010-12-08 05:00:00.000,2010,12,8,5,32003KT,10,09
2010-12-08 06:00:00.000,2010,12,8,6,VRB02KT,10,09
2010-12-08 07:00:00.000,2010,12,8,7,35003KT,10,09
2010-12-08 08:00:00.000,2010,12,8,8,35003KT,08,08
2010-12-08 09:00:00.000,2010,12,8,9,05004KT,08,08
2010-12-08 10:00:00.000,2010,12,8,10,32005KT,07,07
2010-12-08 11:00:00.000,2010,12,8,11,VRB02KT,08,08
2010-12-08 12:00:00.000,2010,12,8,12,03004KT,08,08
2010-12-08 13:00:00.000,2010,12,8,13,04003KT,10,09
2010-12-08 14:00:00.000,2010,12,8,14,03006KT,13,12
2010-12-08 15:00:00.000,2010,12,8,15,04006KT,16,10
2010-12-08 16:00:00.000,2010,12,8,16,05006KT,18,10
2010-12-08 17:00:00.000,2010,12,8,17,04008KT,19,10
2010-12-08 18:00:00.000,2010,12,8,18,31006KT,19,10
2010-12-08 19:00:00.000,2010,12,8,19,25009KT,17,14
2010-12-08 20:00:00.000,2010,12,8,20,28009KT,16,14
2010-12-08 21:00:00.000,2010,12,8,21,26008KT,15,13
2010-12-08 22:00:00.000,2010,12,8,22,28006KT,15,13
2010-12-08 23:00:00.000,2010,12,8,23,32005KT,13,12
2010-12-09 00:00:00.000,2010,12,9,0,VRB02KT,13,11
2010-12-09 01:00:00.000,2010,12,9,1,VRB02KT,12,11
2010-12-09 02:00:00.000,2010,12,9,2,VRB02KT,12,11
2010-12-09 03:00:00.000,2010,12,9,3,00000KT,11,11
2010-12-09 04:00:00.000,2010,12,9,4,VRB02KT,10,10
2010-12-09 05:00:00.000,2010,12,9,5,27004KT,09,09
2010-12-09 06:00:00.000,2010,12,9,6,32004KT,09,09
2010-12-09 07:00:00.000,2010,12,9,7,VRB02KT,08,08
2010-12-09 08:00:00.000,2010,12,9,8,00000KT,09,09
2010-12-09 09:00:00.000,2010,12,9,9,VRB02KT,09,08
2010-12-09 10:00:00.000,2010,12,9,10,05004KT,09,09
2010-12-09 11:00:00.000,2010,12,9,11,VRB02KT,09,08
2010-12-09 12:00:00.000,2010,12,9,12,04006KT,10,10
2010-12-09 13:00:00.000,2010,12,9,13,05006KT,14,11
2010-12-09 14:00:00.000,2010,12,9,14,05006KT,16,10
2010-12-09 15:00:00.000,2010,12,9,15,04006KT,17,10
2010-12-09 16:00:00.000,2010,12,9,16,06008KT,18,10
2010-12-09 17:00:00.000,2010,12,9,17,08008KT,19,10
2010-12-09 18:00:00.000,2010,12,9,18,12008KT,20,09
2010-12-09 19:00:00.000,2010,12,9,19,09009KT,20,08
2010-12-09 20:00:00.000,2010,12,9,20,09009KT,20,08
2010-12-09 21:00:00.000,2010,12,9,21,13009KT,19,09
2010-12-09 22:00:00.000,2010,12,9,22,34004KT,18,09
2010-12-09 23:00:00.000,2010,12,9,23,31006KT,15,12
2010-12-10 00:00:00.000,2010,12,10,0,33006KT,15,13
2010-12-10 01:00:00.000,2010,12,10,1,32006KT,15,12
2010-12-10 02:00:00.000,2010,12,10,2,01004KT,14,11
2010-12-10 03:00:00.000,2010,12,10,3,35004KT,13,11
2010-12-10 04:00:00.000,2010,12,10,4,00000KT,12,11
2010-12-10 05:00:00.000,2010,12,10,5,00000KT,10,10
2010-12-10 06:00:00.000,2010,12,10,6,00000KT,10,09
2010-12-10 07:00:00.000,2010,12,10,7,33004KT,08,08
2010-12-10 08:00:00.000,2010,12,10,8,VRB02KT,09,08
2010-12-10 09:00:00.000,2010,12,10,9,VRB02KT,07,07
2010-12-10 10:00:00.000,2010,12,10,10,00000KT,07,07
2010-12-10 11:00:00.000,2010,12,10,11,29004KT,06,06
2010-12-10 12:00:00.000,2010,12,10,12,VRB02KT,07,07
2010-12-10 13:00:00.000,2010,12,10,13,02004KT,11,11
2010-12-10 14:00:00.000,2010,12,10,14,VRB02KT,12,12
2010-12-10 17:00:00.000,2010,12,10,17,24004KT,18,10
2010-12-10 18:00:00.000,2010,12,10,18,22008KT,20,11
2010-12-10 19:00:00.000,2010,12,10,19,28010KT,17,13
2010-12-10 20:00:00.000,2010,12,10,20,26012KT,16,13
2010-12-10 21:00:00.000,2010,12,10,21,31008KT,15,13
2010-12-10 22:00:00.000,2010,12,10,22,33008KT,14,13
2010-12-10 23:00:00.000,2010,12,10,23,30005KT,13,12
2010-12-11 00:00:00.000,2010,12,11,0,27004KT,13,11
2010-12-11 01:00:00.000,2010,12,11,1,25003KT,13,11
2010-12-11 02:00:00.000,2010,12,11,2,28003KT,12,11
2010-12-11 03:00:00.000,2010,12,11,3,VRB02KT,12,11
2010-12-11 04:00:00.000,2010,12,11,4,03003KT,12,11
2010-12-11 05:00:00.000,2010,12,11,5,VRB02KT,11,11
2010-12-11 06:00:00.000,2010,12,11,6,VRB02KT,11,10
2010-12-11 07:00:00.000,2010,12,11,7,34005KT,10,10
2010-12-11 08:00:00.000,2010,12,11,8,03003KT,11,10
2010-12-11 09:00:00.000,2010,12,11,9,VRB02KT,11,10
2010-12-11 10:00:00.000,2010,12,11,10,VRB02KT,11,10
2010-12-11 11:00:00.000,2010,12,11,11,VRB02KT,11,10
2010-12-11 12:00:00.000,2010,12,11,12,VRB02KT,11,10
2010-12-11 13:00:00.000,2010,12,11,13,04006KT,13,10
2010-12-11 14:00:00.000,2010,12,11,14,04008KT,15,10
2010-12-11 15:00:00.000,2010,12,11,15,05006KT,16,11
2010-12-11 16:00:00.000,2010,12,11,16,VRB02KT,18,10
2010-12-11 17:00:00.000,2010,12,11,17,00000KT,19,09
2010-12-11 18:00:00.000,2010,12,11,18,25012KT,18,13
2010-12-11 19:00:00.000,2010,12,11,19,25014KT,18,13
2010-12-11 20:00:00.000,2010,12,11,20,28008KT,16,13
2010-12-11 21:00:00.000,2010,12,11,21,28008KT,16,13
2010-12-11 22:00:00.000,2010,12,11,22,26008KT,16,13
2010-12-11 23:00:00.000,2010,12,11,23,32006KT,15,13
2010-12-12 00:00:00.000,2010,12,12,0,32006KT,13,11
2010-12-12 01:00:00.000,2010,12,12,1,30004KT,13,11
2010-12-12 02:00:00.000,2010,12,12,2,29005KT,13,11
2010-12-12 03:00:00.000,2010,12,12,3,VRB02KT,13,11
2010-12-12 04:00:00.000,2010,12,12,4,VRB02KT,12,11
2010-12-12 05:00:00.000,2010,12,12,5,VRB02KT,11,10
2010-12-12 06:00:00.000,2010,12,12,6,00000KT,11,10
2010-12-12 07:00:00.000,2010,12,12,7,00000KT,10,10
2010-12-12 08:00:00.000,2010,12,12,8,34003KT,09,09
2010-12-12 09:00:00.000,2010,12,12,9,VRB02KT,09,09
2010-12-12 10:00:00.000,2010,12,12,10,VRB02KT,09,09
2010-12-12 11:00:00.000,2010,12,12,11,VRB02KT,09,09
2010-12-12 12:00:00.000,2010,12,12,12,04004KT,09,09
2010-12-12 14:00:00.000,2010,12,12,14,03004KT,13,11
2010-12-12 15:00:00.000,2010,12,12,15,VRB02KT,15,11
2010-12-12 16:00:00.000,2010,12,12,16,25006KT,17,11
2010-12-12 17:00:00.000,2010,12,12,17,16004KT,19,10
2010-12-12 18:00:00.000,2010,12,12,18,24014KT,18,13
2010-12-12 19:00:00.000,2010,12,12,19,28010KT,15,13
2010-12-12 20:00:00.000,2010,12,12,20,27008KT,16,13
2010-12-12 21:00:00.000,2010,12,12,21,28007KT,16,12
2010-12-12 22:00:00.000,2010,12,12,22,26006KT,16,12
2010-12-12 23:00:00.000,2010,12,12,23,27007KT,15,12
2010-12-13 00:00:00.000,2010,12,13,0,31004KT,14,13
2010-12-13 01:00:00.000,2010,12,13,1,32005KT,13,12
2010-12-13 02:00:00.000,2010,12,13,2,28005KT,14,12
2010-12-13 03:00:00.000,2010,12,13,3,30004KT,14,12
2010-12-13 04:00:00.000,2010,12,13,4,29005KT,13,12
2010-12-13 05:00:00.000,2010,12,13,5,29007KT,13,12
2010-12-13 06:00:00.000,2010,12,13,6,24003KT,13,12
2010-12-13 07:00:00.000,2010,12,13,7,29005KT,13,12
2010-12-13 08:00:00.000,2010,12,13,8,31003KT,12,11
2010-12-13 09:00:00.000,2010,12,13,9,23004KT,12,11
2010-12-13 12:00:00.000,2010,12,13,12,VRB02KT,12,11
2010-12-13 13:00:00.000,2010,12,13,13,33005KT,14,12
2010-12-13 14:00:00.000,2010,12,13,14,VRB02KT,15,11
2010-12-13 15:00:00.000,2010,12,13,15,32006KT,17,11
2010-12-13 16:00:00.000,2010,12,13,16,33004KT,18,11
2010-12-13 17:00:00.000,2010,12,13,17,VRB02KT,19,11
2010-12-13 18:00:00.000,2010,12,13,18,30012KT,20,12
2010-12-13 20:00:00.000,2010,12,13,20,33016KT,17,11
2010-12-13 21:00:00.000,2010,12,13,21,34014KT,15,12
2010-12-13 22:00:00.000,2010,12,13,22,32010KT,13,11
2010-12-13 23:00:00.000,2010,12,13,23,34012KT,13,11
2010-12-14 00:00:00.000,2010,12,14,0,VRB02KT,13,11
2010-12-14 01:00:00.000,2010,12,14,1,21003KT,12,11
2010-12-14 02:00:00.000,2010,12,14,2,VRB02KT,12,11
2010-12-14 03:00:00.000,2010,12,14,3,33003KT,11,10
2010-12-14 04:00:00.000,2010,12,14,4,VRB02KT,11,10
2010-12-14 05:00:00.000,2010,12,14,5,33004KT,12,11
2010-12-14 06:00:00.000,2010,12,14,6,06003KT,11,10
2010-12-14 07:00:00.000,2010,12,14,7,VRB02KT,11,10
2010-12-14 08:00:00.000,2010,12,14,8,VRB02KT,10,10
2010-12-14 09:00:00.000,2010,12,14,9,34004KT,10,10
2010-12-14 10:00:00.000,2010,12,14,10,VRB02KT,10,09
2010-12-14 11:00:00.000,2010,12,14,11,VRB02KT,10,09
2010-12-14 12:00:00.000,2010,12,14,12,VRB02KT,10,10
2010-12-14 13:00:00.000,2010,12,14,13,VRB02KT,11,11
2010-12-14 14:00:00.000,2010,12,14,14,VRB02KT,13,11
2010-12-14 15:00:00.000,2010,12,14,15,VRB02KT,15,11
2010-12-14 16:00:00.000,2010,12,14,16,27004KT,16,10
2010-12-14 17:00:00.000,2010,12,14,17,34006KT,17,10
2010-12-14 18:00:00.000,2010,12,14,18,28007KT,18,11
2010-12-14 19:00:00.000,2010,12,14,19,33011KT,18,12
2010-12-14 20:00:00.000,2010,12,14,20,34011KT,17,11
2010-12-14 21:00:00.000,2010,12,14,21,32009KT,15,11
2010-12-14 22:00:00.000,2010,12,14,22,31011KT,15,11
2010-12-14 23:00:00.000,2010,12,14,23,28006KT,14,10
2010-12-15 00:00:00.000,2010,12,15,0,24004KT,13,11
2010-12-15 01:00:00.000,2010,12,15,1,29006KT,13,11
2010-12-15 02:00:00.000,2010,12,15,2,22003KT,13,11
2010-12-15 03:00:00.000,2010,12,15,3,25006KT,13,11
2010-12-15 04:00:00.000,2010,12,15,4,31004KT,13,11
2010-12-15 05:00:00.000,2010,12,15,5,VRB02KT,12,12
2010-12-15 06:00:00.000,2010,12,15,6,32004KT,11,11
2010-12-15 07:00:00.000,2010,12,15,7,35003KT,11,10
2010-12-15 08:00:00.000,2010,12,15,8,00000KT,11,10
2010-12-15 09:00:00.000,2010,12,15,9,00000KT,11,10
2010-12-15 10:00:00.000,2010,12,15,10,VRB02KT,10,09
2010-12-15 11:00:00.000,2010,12,15,11,VRB02KT,10,09
2010-12-15 12:00:00.000,2010,12,15,12,33003KT,09,09
2010-12-15 13:00:00.000,2010,12,15,13,VRB02KT,11,10
2010-12-15 14:00:00.000,2010,12,15,14,VRB02KT,14,11
2010-12-15 15:00:00.000,2010,12,15,15,VRB02KT,16,11
2010-12-15 16:00:00.000,2010,12,15,16,VRB02KT,16,10
2010-12-15 17:00:00.000,2010,12,15,17,VRB02KT,17,11
2010-12-15 18:00:00.000,2010,12,15,18,31006KT,18,11
2010-12-15 19:00:00.000,2010,12,15,19,32006KT,18,11
2010-12-15 20:00:00.000,2010,12,15,20,31006KT,18,11
2010-12-15 21:00:00.000,2010,12,15,21,30010KT,17,11
2010-12-15 22:00:00.000,2010,12,15,22,27008KT,16,13
2010-12-15 23:00:00.000,2010,12,15,23,28006KT,14,11
2010-12-16 00:00:00.000,2010,12,16,0,31006KT,14,12
2010-12-16 01:00:00.000,2010,12,16,1,18004KT,13,11
2010-12-16 02:00:00.000,2010,12,16,2,24004KT,13,11
2010-12-16 03:00:00.000,2010,12,16,3,27004KT,13,11
2010-12-16 05:00:00.000,2010,12,16,5,33004KT,12,11
2010-12-16 06:00:00.000,2010,12,16,6,27005KT,12,11
2010-12-16 07:00:00.000,2010,12,16,7,27006KT,12,11
2010-12-16 08:00:00.000,2010,12,16,8,21004KT,12,11
2010-12-16 09:00:00.000,2010,12,16,9,12004KT,12,11
2010-12-16 10:00:00.000,2010,12,16,10,VRB02KT,12,11
2010-12-16 11:00:00.000,2010,12,16,11,28003KT,12,11
2010-12-16 12:00:00.000,2010,12,16,12,28003KT,12,11
2010-12-16 13:00:00.000,2010,12,16,13,VRB02KT,14,11
2010-12-16 14:00:00.000,2010,12,16,14,03005KT,15,10
2010-12-16 15:00:00.000,2010,12,16,15,26004KT,17,11
2010-12-16 16:00:00.000,2010,12,16,16,29004KT,19,12
2010-12-16 17:00:00.000,2010,12,16,17,30005KT,18,10
2010-12-16 19:00:00.000,2010,12,16,19,28014KT,14,12
2010-12-16 20:00:00.000,2010,12,16,20,30010KT,15,13
2010-12-16 21:00:00.000,2010,12,16,21,24007KT,14,12
2010-12-16 22:00:00.000,2010,12,16,22,VRB02KT,14,11
2010-12-16 23:00:00.000,2010,12,16,23,35003KT,13,12
2010-12-17 00:00:00.000,2010,12,17,0,VRB02KT,13,12
2010-12-17 01:00:00.000,2010,12,17,1,35003KT,13,11
2010-12-17 02:00:00.000,2010,12,17,2,VRB02KT,12,11
2010-12-17 03:00:00.000,2010,12,17,3,33003KT,11,10
2010-12-17 04:00:00.000,2010,12,17,4,32004KT,09,09
2010-12-17 04:10:00.000,2010,12,17,4,26003KT,09,09
2010-12-17 04:20:00.000,2010,12,17,4,VRB02KT,09,09
2010-12-17 05:00:00.000,2010,12,17,5,VRB02KT,08,08
2010-12-17 06:00:00.000,2010,12,17,6,29003KT,09,08
2010-12-17 07:00:00.000,2010,12,17,7,26003KT,09,09
2010-12-17 08:00:00.000,2010,12,17,8,VRB02KT,08,08
2010-12-17 09:00:00.000,2010,12,17,9,VRB02KT,09,08
2010-12-17 10:00:00.000,2010,12,17,10,VRB02KT,09,09
2010-12-17 10:30:00.000,2010,12,17,10,06004KT,08,08
2010-12-17 11:00:00.000,2010,12,17,11,33003KT,08,08
2010-12-17 12:00:00.000,2010,12,17,12,33004KT,09,09
2010-12-17 13:00:00.000,2010,12,17,13,VRB02KT,12,10
2010-12-17 14:00:00.000,2010,12,17,14,VRB02KT,13,10
2010-12-17 15:00:00.000,2010,12,17,15,VRB02KT,15,10
2010-12-17 16:00:00.000,2010,12,17,16,04004KT,17,09
2010-12-17 17:00:00.000,2010,12,17,17,34005KT,18,09
2010-12-17 18:00:00.000,2010,12,17,18,35005KT,19,09
2010-12-17 19:00:00.000,2010,12,17,19,31006KT,20,09
2010-12-17 20:00:00.000,2010,12,17,20,26010KT,16,12
2010-12-17 21:00:00.000,2010,12,17,21,27012KT,16,12
2010-12-17 22:00:00.000,2010,12,17,22,27006KT,15,12
2010-12-17 23:00:00.000,2010,12,17,23,32006KT,14,12
2010-12-18 00:00:00.000,2010,12,18,0,30006KT,14,12
2010-12-18 01:00:00.000,2010,12,18,1,30008KT,14,12
2010-12-18 02:00:00.000,2010,12,18,2,29006KT,13,11
2010-12-18 03:00:00.000,2010,12,18,3,27006KT,13,11
2010-12-18 04:00:00.000,2010,12,18,4,33006KT,13,11
2010-12-18 05:00:00.000,2010,12,18,5,23006KT,13,11
2010-12-18 06:00:00.000,2010,12,18,6,27005KT,13,11
2010-12-18 07:00:00.000,2010,12,18,7,30004KT,13,11
2010-12-18 08:00:00.000,2010,12,18,8,30004KT,12,11
2010-12-18 09:00:00.000,2010,12,18,9,00000KT,12,11
2010-12-18 10:00:00.000,2010,12,18,10,VRB02KT,12,11
2010-12-18 10:30:00.000,2010,12,18,10,27003KT,12,11
2010-12-18 11:00:00.000,2010,12,18,11,30004KT,12,11
2010-12-18 12:00:00.000,2010,12,18,12,VRB02KT,12,11
2010-12-18 13:00:00.000,2010,12,18,13,VRB02KT,12,11
2010-12-18 14:00:00.000,2010,12,18,14,00000KT,13,11
2010-12-18 15:00:00.000,2010,12,18,15,VRB02KT,15,12
2010-12-18 16:00:00.000,2010,12,18,16,VRB02KT,16,12
2010-12-18 17:00:00.000,2010,12,18,17,VRB02KT,18,11
2010-12-18 17:17:00.000,2010,12,18,17,28004KT,18,11
2010-12-18 18:00:00.000,2010,12,18,18,28003KT,18,11
2010-12-18 18:18:00.000,2010,12,18,18,18010KT,23,22
2010-12-18 19:00:00.000,2010,12,18,19,32008KT,17,11
2010-12-18 20:00:00.000,2010,12,18,20,27012KT,15,12
2010-12-18 21:00:00.000,2010,12,18,21,25008KT,14,12
2010-12-18 21:35:00.000,2010,12,18,21,31010KT,13,11
2010-12-18 22:00:00.000,2010,12,18,22,29007KT,12,10
2010-12-18 22:33:00.000,2010,12,18,22,29008KT,11,10
2010-12-18 23:00:00.000,2010,12,18,23,28006KT,12,10
2010-12-19 00:00:00.000,2010,12,19,0,19005KT,11,10
2010-12-19 01:00:00.000,2010,12,19,1,VRB02KT,11,10
2010-12-19 02:00:00.000,2010,12,19,2,00000KT,10,09
2010-12-19 03:00:00.000,2010,12,19,3,30005KT,10,09
2010-12-19 03:30:00.000,2010,12,19,3,30005KT,08,08
2010-12-19 03:37:00.000,2010,12,19,3,30003KT,08,08
2010-12-19 04:00:00.000,2010,12,19,4,32003KT,08,08
2010-12-19 04:30:00.000,2010,12,19,4,30005KT,08,08
2010-12-19 04:35:00.000,2010,12,19,4,VRB02KT,08,08
2010-12-19 05:00:00.000,2010,12,19,5,VRB02KT,08,08
2010-12-19 06:00:00.000,2010,12,19,6,VRB02KT,08,08
2010-12-19 07:00:00.000,2010,12,19,7,35003KT,09,09
2010-12-19 08:00:00.000,2010,12,19,8,VRB02KT,09,09
2010-12-19 09:00:00.000,2010,12,19,9,VRB02LT,09,08
2010-12-19 09:35:00.000,2010,12,19,9,05005KT,09,09
2010-12-19 10:00:00.000,2010,12,19,10,07004KT,09,09
2010-12-19 10:32:00.000,2010,12,19,10,03003KT,09,09
2010-12-19 11:00:00.000,2010,12,19,11,VRB02KT,09,09
2010-12-19 11:16:00.000,2010,12,19,11,01003KT,10,10
2010-12-19 12:00:00.000,2010,12,19,12,VRB02KT,10,10
2010-12-19 13:00:00.000,2010,12,19,13,00000KT,11,10
2010-12-19 14:00:00.000,2010,12,19,14,07005KT,13,10
2010-12-19 15:00:00.000,2010,12,19,15,24004KT,15,11
2010-12-19 16:00:00.000,2010,12,19,16,32009KT,16,11
2010-12-19 17:00:00.000,2010,12,19,17,29009KT,17,10
2010-12-19 18:00:00.000,2010,12,19,18,32008KT,18,12
2010-12-19 19:00:00.000,2010,12,19,19,23005KT,19,12
2010-12-19 20:00:00.000,2010,12,19,20,34014KT,18,11
2010-12-19 21:00:00.000,2010,12,19,21,31008KT,16,11
2010-12-19 22:00:00.000,2010,12,19,22,33008KT,15,11
2010-12-19 23:00:00.000,2010,12,19,23,30010KT,13,11
2010-12-20 00:00:00.000,2010,12,20,0,33006KT,12,11
2010-12-20 01:00:00.000,2010,12,20,1,32005KT,12,11
2010-12-20 02:00:00.000,2010,12,20,2,VRB02KT,12,11
2010-12-20 03:00:00.000,2010,12,20,3,34005KT,12,11
2010-12-20 04:00:00.000,2010,12,20,4,VRB02KT,12,11
2010-12-20 05:00:00.000,2010,12,20,5,31005KT,11,10
2010-12-20 06:00:00.000,2010,12,20,6,31005KT,11,10
2010-12-20 07:00:00.000,2010,12,20,7,310004KT,11,10
2010-12-20 08:00:00.000,2010,12,20,8,VRB02KT,11,10
2010-12-20 09:00:00.000,2010,12,20,9,00000KT,11,10
2010-12-20 10:00:00.000,2010,12,20,10,VRB02KT,11,10
2010-12-20 11:00:00.000,2010,12,20,11,VRB02KT,11,10
2010-12-20 12:00:00.000,2010,12,20,12,36003KT,12,11
2010-12-20 13:00:00.000,2010,12,20,13,07006KT,14,11
2010-12-20 14:00:00.000,2010,12,20,14,07006KT,15,10
2010-12-20 15:00:00.000,2010,12,20,15,02005KT,16,11
2010-12-20 16:00:00.000,2010,12,20,16,36004KT,17,10
2010-12-20 17:00:00.000,2010,12,20,17,32010KT,17,12
2010-12-20 18:00:00.000,2010,12,20,18,32012KT,17,11
2010-12-20 18:30:00.000,2010,12,20,18,32010KT,16,11
2010-12-20 19:00:00.000,2010,12,20,19,32008KT,14,12
2010-12-20 20:00:00.000,2010,12,20,20,34006KT,14,11
2010-12-20 21:00:00.000,2010,12,20,21,31006KT,14,12
2010-12-20 22:00:00.000,2010,12,20,22,30008KT,14,11
2010-12-20 23:00:00.000,2010,12,20,23,32008KT,12,10
2010-12-21 00:00:00.000,2010,12,21,0,30006KT,11,10
2010-12-21 01:00:00.000,2010,12,21,1,33006KT,11,10
2010-12-21 02:00:00.000,2010,12,21,2,28003KT,12,10
2010-12-21 03:00:00.000,2010,12,21,3,26003KT,12,10
2010-12-21 04:00:00.000,2010,12,21,4,32004KT,12,10
2010-12-21 05:00:00.000,2010,12,21,5,30003KT,11,10
2010-12-21 06:00:00.000,2010,12,21,6,VRB02KT,11,10
2010-12-21 07:00:00.000,2010,12,21,7,VRB02KT,10,09
2010-12-21 08:00:00.000,2010,12,21,8,26004KT,10,09
2010-12-21 09:00:00.000,2010,12,21,9,01003KT,10,09
2010-12-21 10:00:00.000,2010,12,21,10,00000KT,09,09
2010-12-21 10:30:00.000,2010,12,21,10,VRB02KT,08,08
2010-12-21 11:00:00.000,2010,12,21,11,VRB02KT,08,08
2010-12-21 11:15:00.000,2010,12,21,11,VRB02KT,08,08
2010-12-21 11:35:00.000,2010,12,21,11,35004KT,08,08
2010-12-21 12:00:00.000,2010,12,21,12,VRB02KT,08,08
2010-12-21 12:20:00.000,2010,12,21,12,02003KT,09,09
2010-12-21 13:00:00.000,2010,12,21,13,03003KT,10,09
2010-12-21 13:15:00.000,2010,12,21,13,03004KT,10,10
2010-12-21 13:36:00.000,2010,12,21,13,02004KT,11,10
2010-12-21 14:00:00.000,2010,12,21,14,VRB02KT,13,11
2010-12-21 15:00:00.000,2010,12,21,15,03006KT,16,09
2010-12-21 16:00:00.000,2010,12,21,16,10006KT,18,07
2010-12-21 17:00:00.000,2010,12,21,17,06008KT,19,07
2010-12-21 18:00:00.000,2010,12,21,18,28010KT,18,07
2010-12-21 18:35:00.000,2010,12,21,18,28011KT,17,11
2010-12-21 19:00:00.000,2010,12,21,19,28009KT,16,12
2010-12-21 20:00:00.000,2010,12,21,20,30012KT,16,12
2010-12-21 20:30:00.000,2010,12,21,20,28010KT,15,11
2010-12-21 21:00:00.000,2010,12,21,21,27010KT,14,12
2010-12-21 22:00:00.000,2010,12,21,22,27007KT,14,12
2010-12-21 23:00:00.000,2010,12,21,23,26005KT,13,11
2010-12-22 00:00:00.000,2010,12,22,0,34004KT,13,11
2010-12-22 01:00:00.000,2010,12,22,1,34004KT,12,11
2010-12-22 02:00:00.000,2010,12,22,2,VRB02KT,11,10
2010-12-22 03:00:00.000,2010,12,22,3,VRB02KT,11,10
2010-12-22 04:00:00.000,2010,12,22,4,00000KT,10,10
2010-12-22 05:00:00.000,2010,12,22,5,30003KT,10,09
2010-12-22 06:00:00.000,2010,12,22,6,34003KT,10,09
2010-12-22 06:40:00.000,2010,12,22,6,00000KT,09,09
2010-12-22 07:00:00.000,2010,12,22,7,00000KT,09,09
2010-12-22 07:30:00.000,2010,12,22,7,36003KT,09,09
2010-12-22 08:00:00.000,2010,12,22,8,VRB02KT,09,08
2010-12-22 08:40:00.000,2010,12,22,8,00000KT,09,09
2010-12-22 09:00:00.000,2010,12,22,9,VRB02KT,09,09
2010-12-22 09:30:00.000,2010,12,22,9,33003KT,09,09
2010-12-22 10:00:00.000,2010,12,22,10,32003KT,09,09
2010-12-22 10:30:00.000,2010,12,22,10,VRB02KT,09,09
2010-12-22 11:00:00.000,2010,12,22,11,30003KT,09,09
2010-12-22 12:00:00.000,2010,12,22,12,VRB02KT,09,09
2010-12-22 12:20:00.000,2010,12,22,12,VRB02KT,09,09
2010-12-22 13:00:00.000,2010,12,22,13,VRB02KT,10,10
2010-12-22 13:30:00.000,2010,12,22,13,32004KT,10,10
2010-12-22 14:00:00.000,2010,12,22,14,35005KT,11,10
2010-12-22 14:30:00.000,2010,12,22,14,35006KT,12,11
2010-12-22 15:00:00.000,2010,12,22,15,35004KT,14,09
2010-12-22 15:30:00.000,2010,12,22,15,VRB02KT,15,09
2010-12-22 16:00:00.000,2010,12,22,16,VRB02KT,16,09
2010-12-22 17:00:00.000,2010,12,22,17,VRB02KT,17,09
2010-12-22 18:00:00.000,2010,12,22,18,27005KT,16,10
2010-12-22 19:00:00.000,2010,12,22,19,23008KT,15,10
2010-12-22 20:00:00.000,2010,12,22,20,29010KT,16,11
2010-12-22 21:00:00.000,2010,12,22,21,30010KT,15,11
2010-12-22 22:00:00.000,2010,12,22,22,28008KT,14,11
2010-12-22 23:00:00.000,2010,12,22,23,28007KT,13,11
2010-12-23 00:00:00.000,2010,12,23,0,21003KT,13,11
2010-12-23 01:00:00.000,2010,12,23,1,VRB02KT,12,11
2010-12-23 02:00:00.000,2010,12,23,2,32006KT,11,10
2010-12-23 03:00:00.000,2010,12,23,3,30003KT,11,10
2010-12-23 04:00:00.000,2010,12,23,4,VRB02KT,11,10
2010-12-23 05:00:00.000,2010,12,23,5,VRB02KT,10,10
2010-12-23 05:30:00.000,2010,12,23,5,VRB02KT,10,10
2010-12-23 06:00:00.000,2010,12,23,6,00000KT,10,10
2010-12-23 07:00:00.000,2010,12,23,7,VRB02KT,10,10
2010-12-23 08:00:00.000,2010,12,23,8,00000KT,10,10
2010-12-23 09:00:00.000,2010,12,23,9,333003KT,10,10
2010-12-23 10:00:00.000,2010,12,23,10,VRB02KT,10,09
2010-12-23 11:00:00.000,2010,12,23,11,05004KT,10,10
2010-12-23 11:30:00.000,2010,12,23,11,02003KT,10,10
2010-12-23 12:00:00.000,2010,12,23,12,03003KT,10,10
2010-12-23 12:37:00.000,2010,12,23,12,35003KT,11,10
2010-12-23 13:00:00.000,2010,12,23,13,06003KT,11,10
2010-12-23 14:00:00.000,2010,12,23,14,02004KT,13,10
2010-12-23 15:00:00.000,2010,12,23,15,09003KT,14,10
2010-12-23 16:00:00.000,2010,12,23,16,05005KT,17,10
2010-12-23 17:00:00.000,2010,12,23,17,02003KT,16,09
2010-12-23 18:00:00.000,2010,12,23,18,04005KT,18,09
2010-12-23 19:00:00.000,2010,12,23,19,27008KT,16,11
2010-12-23 20:00:00.000,2010,12,23,20,27008KT,17,12
2010-12-23 21:00:00.000,2010,12,23,21,28008KT,17,12
2010-12-23 22:00:00.000,2010,12,23,22,27011KT,15,11
2010-12-23 23:00:00.000,2010,12,23,23,26010KT,14,11
2010-12-24 00:00:00.000,2010,12,24,0,VRB02KT,13,11
2010-12-24 01:00:00.000,2010,12,24,1,VRB02KT,13,11
2010-12-24 02:00:00.000,2010,12,24,2,00000KT,13,11
2010-12-24 03:00:00.000,2010,12,24,3,VRB02KT,12,11
2010-12-24 04:00:00.000,2010,12,24,4,29004KT,12,11
2010-12-24 05:00:00.000,2010,12,24,5,34004KT,11,10
2010-12-24 06:00:00.000,2010,12,24,6,32003KT,11,11
2010-12-24 07:00:00.000,2010,12,24,7,15004KT,12,11
2010-12-24 08:00:00.000,2010,12,24,8,VRB02KT,12,11
2010-12-24 09:00:00.000,2010,12,24,9,22003KT,12,11
2010-12-24 10:00:00.000,2010,12,24,10,08003KT,11,10
2010-12-24 10:30:00.000,2010,12,24,10,VRB02KT,11,10
2010-12-24 11:00:00.000,2010,12,24,11,VRB02KT,10,09
2010-12-24 12:00:00.000,2010,12,24,12,VRB02KT,12,11
2010-12-24 13:00:00.000,2010,12,24,13,05004KT,13,11
2010-12-24 14:00:00.000,2010,12,24,14,VRB02KT,14,11
2010-12-24 15:00:00.000,2010,12,24,15,05003KT,15,11
2010-12-24 16:00:00.000,2010,12,24,16,04004KT,16,09
2010-12-24 17:00:00.000,2010,12,24,17,06006KT,19,09
2010-12-24 18:00:00.000,2010,12,24,18,25008KT,16,12
2010-12-24 19:00:00.000,2010,12,24,19,27008KT,16,12
2010-12-24 20:00:00.000,2010,12,24,20,30006KT,16,12
2010-12-24 21:00:00.000,2010,12,24,21,24010KT,18,12
2010-12-24 22:00:00.000,2010,12,24,22,28006KT,18,12
2010-12-24 23:00:00.000,2010,12,24,23,32010KT,15,12
2010-12-25 00:00:00.000,2010,12,25,0,27007KT,13,12
2010-12-25 01:00:00.000,2010,12,25,1,00000KT,12,12
2010-12-25 02:00:00.000,2010,12,25,2,VRB02KT,12,12
2010-12-25 03:00:00.000,2010,12,25,3,32003KT,12,11
2010-12-25 04:00:00.000,2010,12,25,4,VRB02KT,11,11
2010-12-25 05:00:00.000,2010,12,25,5,02003KT,12,11
2010-12-25 06:00:00.000,2010,12,25,6,VRB02KT,11,10
2010-12-25 07:00:00.000,2010,12,25,7,35003KT,10,10
2010-12-25 08:00:00.000,2010,12,25,8,27003KT,10,10
2010-12-25 09:00:00.000,2010,12,25,9,29003KT,10,10
2010-12-25 10:00:00.000,2010,12,25,10,VRB02KT,09,09
2010-12-25 10:30:00.000,2010,12,25,10,VRB02KT,09,09
2010-12-25 11:00:00.000,2010,12,25,11,VRB02KT,09,09
2010-12-25 12:00:00.000,2010,12,25,12,00000KT,11,10
2010-12-25 13:00:00.000,2010,12,25,13,05003KT,13,10
2010-12-25 14:00:00.000,2010,12,25,14,03003KT,15,11
2010-12-25 15:00:00.000,2010,12,25,15,06006KT,16,11
2010-12-25 16:00:00.000,2010,12,25,16,08006KT,17,11
2010-12-25 17:00:00.000,2010,12,25,17,04006KT,18,11
2010-12-25 18:00:00.000,2010,12,25,18,05006KT,17,11
2010-12-25 19:00:00.000,2010,12,25,19,20006KT,18,10
2010-12-25 20:00:00.000,2010,12,25,20,24006KT,18,11
2010-12-25 20:26:00.000,2010,12,25,20,22005KT,18,11
2010-12-25 20:32:00.000,2010,12,25,20,35006KT,18,11
2010-12-25 21:00:00.000,2010,12,25,21,21004KT,14,11
2010-12-25 22:00:00.000,2010,12,25,22,28008KT,15,13
2010-12-25 23:00:00.000,2010,12,25,23,29007KT,14,11
2010-12-26 00:00:00.000,2010,12,26,0,27003KT,13,12
2010-12-26 01:00:00.000,2010,12,26,1,VRB02KT,13,12
2010-12-26 02:00:00.000,2010,12,26,2,34004KT,12,11
2010-12-26 03:00:00.000,2010,12,26,3,VRB02KT,12,11
2010-12-26 04:00:00.000,2010,12,26,4,VRB02KT,12,11
2010-12-26 05:00:00.000,2010,12,26,5,VRB02KT,11,10
2010-12-26 06:00:00.000,2010,12,26,6,33003KT,11,10
2010-12-26 07:00:00.000,2010,12,26,7,00000KT,11,10
2010-12-26 08:00:00.000,2010,12,26,8,VRB02KT,11,10
2010-12-26 09:00:00.000,2010,12,26,9,00000KT,11,10
2010-12-26 10:00:00.000,2010,12,26,10,VRB02KT,11,10
2010-12-26 10:30:00.000,2010,12,26,10,VRB02KT,11,10
2010-12-26 11:00:00.000,2010,12,26,11,VRB02KT,12,11
2010-12-26 12:00:00.000,2010,12,26,12,06004KT,12,11
2010-12-26 13:00:00.000,2010,12,26,13,07006KT,13,11
2010-12-26 14:00:00.000,2010,12,26,14,10003KT,14,11
2010-12-26 15:00:00.000,2010,12,26,15,13008KT,16,10
2010-12-26 16:00:00.000,2010,12,26,16,14004KT,16,09
2010-12-26 17:00:00.000,2010,12,26,17,06010KT,16,10
2010-12-26 18:00:00.000,2010,12,26,18,08008KT,16,10
2010-12-26 19:00:00.000,2010,12,26,19,15004KT,17,10
2010-12-26 20:00:00.000,2010,12,26,20,13006KT,17,10
2010-12-26 21:00:00.000,2010,12,26,21,15005KT,25,15
2010-12-26 22:00:00.000,2010,12,26,22,04012KT,13,11
2010-12-26 23:00:00.000,2010,12,26,23,06010KT,11,09
2010-12-27 00:00:00.000,2010,12,27,0,VRB02KT,11,09
2010-12-27 01:00:00.000,2010,12,27,1,36005KT,11,09
2010-12-27 02:00:00.000,2010,12,27,2,05005KT,11,09
2010-12-27 03:00:00.000,2010,12,27,3,08004KT,11,08
2010-12-27 04:00:00.000,2010,12,27,4,05005KT,11,09
2010-12-27 05:00:00.000,2010,12,27,5,VRB02KT,10,09
2010-12-27 06:00:00.000,2010,12,27,6,VRB02KT,09,08
2010-12-27 07:00:00.000,2010,12,27,7,VRB02KT,09,08
2010-12-27 08:00:00.000,2010,12,27,8,00000KT,08,07
2010-12-27 09:00:00.000,2010,12,27,9,00000KT,07,07
2010-12-27 10:00:00.000,2010,12,27,10,33003KT,06,06
2010-12-27 10:30:00.000,2010,12,27,10,VRB02KT,06,06
2010-12-27 11:00:00.000,2010,12,27,11,VRB02KT,06,06
2010-12-27 11:30:00.000,2010,12,27,11,32004KT,08,08
2010-12-27 12:00:00.000,2010,12,27,12,00000KT,08,08
2010-12-27 13:00:00.000,2010,12,27,13,05003KT,10,08
2010-12-27 13:20:00.000,2010,12,27,13,25003KT,,
2010-12-27 14:00:00.000,2010,12,27,14,03003KT,13,09
2010-12-27 15:00:00.000,2010,12,27,15,07005KT,15,09
2010-12-27 16:00:00.000,2010,12,27,16,07007KT,17,10
2010-12-27 17:00:00.000,2010,12,27,17,10008KT,17,09
2010-12-27 18:00:00.000,2010,12,27,18,12011KT,19,06
2010-12-27 19:00:00.000,2010,12,27,19,25006KT,18,11
2010-12-27 20:00:00.000,2010,12,27,20,28009KT,17,12
2010-12-27 21:00:00.000,2010,12,27,21,3014KT,16,12
2010-12-27 22:00:00.000,2010,12,27,22,27009KT,15,12
2010-12-27 23:00:00.000,2010,12,27,23,31005KT,14,11
2010-12-28 00:00:00.000,2010,12,28,0,27007KT,13,11
2010-12-28 01:00:00.000,2010,12,28,1,33003KT,12,11
2010-12-28 02:00:00.000,2010,12,28,2,00000KT,12,11
2010-12-28 03:00:00.000,2010,12,28,3,20004KT,12,10
2010-12-28 04:00:00.000,2010,12,28,4,VRB02KT,11,10
2010-12-28 05:00:00.000,2010,12,28,5,VRB02KT,10,10
2010-12-28 06:00:00.000,2010,12,28,6,04003KT,11,10
2010-12-28 07:00:00.000,2010,12,28,7,VRB02KT,08,08
2010-12-28 08:00:00.000,2010,12,28,8,00000KT,09,09
2010-12-28 09:00:00.000,2010,12,28,9,00000KT,08,08
2010-12-28 10:00:00.000,2010,12,28,10,VRB02KT,09,09
2010-12-28 10:30:00.000,2010,12,28,10,VRB02KT,08,08
2010-12-28 11:00:00.000,2010,12,28,11,00000KT,09,09
2010-12-28 12:00:00.000,2010,12,28,12,VRB02KT,10,09
2010-12-28 13:00:00.000,2010,12,28,13,30003KT,11,11
2010-12-28 14:00:00.000,2010,12,28,14,05005KT,14,11
2010-12-28 15:00:00.000,2010,12,28,15,07003KT,16,10
2010-12-28 16:00:00.000,2010,12,28,16,08007KT,18,10
2010-12-28 17:00:00.000,2010,12,28,17,07010KT,19,11
2010-12-28 18:00:00.000,2010,12,28,18,04006KT,20,08
2010-12-28 19:00:00.000,2010,12,28,19,10008KT,19,07
2010-12-28 20:00:00.000,2010,12,28,20,27006KT,17,12
2010-12-28 21:00:00.000,2010,12,28,21,29007KT,16,13
2010-12-28 22:00:00.000,2010,12,28,22,28009KT,17,12
2010-12-28 23:00:00.000,2010,12,28,23,28009KT,15,12
2010-12-29 00:00:00.000,2010,12,29,0,27004KT,14,12
2010-12-29 01:00:00.000,2010,12,29,1,27004KT,14,12
2010-12-29 02:00:00.000,2010,12,29,2,VRB02KT,13,12
2010-12-29 03:00:00.000,2010,12,29,3,VRB02KT,13,12
2010-12-29 04:00:00.000,2010,12,29,4,VRB02KT,13,12
2010-12-29 05:00:00.000,2010,12,29,5,00000KT,12,11
2010-12-29 06:00:00.000,2010,12,29,6,01003KT,13,10
2010-12-29 07:00:00.000,2010,12,29,7,28010KT,14,10
2010-12-29 08:00:00.000,2010,12,29,8,03005KT,13,11
2010-12-29 09:00:00.000,2010,12,29,9,05004KT,13,10
2010-12-29 10:00:00.000,2010,12,29,10,05005KT,13,10
2010-12-29 10:30:00.000,2010,12,29,10,06004KT,13,10
2010-12-29 11:00:00.000,2010,12,29,11,07004KT,12,10
2010-12-29 12:00:00.000,2010,12,29,12,08004KT,13,10
2010-12-29 13:00:00.000,2010,12,29,13,08004KT,15,10
2010-12-29 14:00:00.000,2010,12,29,14,00000KT,24,22
2010-12-29 15:00:00.000,2010,12,29,15,10008KT,17,09
2010-12-29 16:00:00.000,2010,12,29,16,09006KT,18,09
2010-12-29 17:00:00.000,2010,12,29,17,08006KT,19,09
2010-12-29 18:00:00.000,2010,12,29,18,04010KT,20,09
2010-12-29 19:00:00.000,2010,12,29,19,06010KT,20,09
2010-12-29 20:00:00.000,2010,12,29,20,12010KT,19,06
2010-12-29 21:00:00.000,2010,12,29,21,06003KT,20,07
2010-12-29 22:00:00.000,2010,12,29,22,10008KT,18,06
2010-12-29 23:00:00.000,2010,12,29,23,06006KT,16,07
2010-12-30 00:00:00.000,2010,12,30,0,11010KT,14,06
2010-12-30 01:00:00.000,2010,12,30,1,VRB02KT,13,07
2010-12-30 02:00:00.000,2010,12,30,2,VRB02KT,12,07
2010-12-30 03:00:00.000,2010,12,30,3,02007KT,10,07
2010-12-30 04:00:00.000,2010,12,30,4,05004KT,09,07
2010-12-30 05:00:00.000,2010,12,30,5,08003KT,08,07
2010-12-30 06:00:00.000,2010,12,30,6,VRB02KT,07,06
2010-12-30 07:00:00.000,2010,12,30,7,00000KT,06,06
2010-12-30 08:00:00.000,2010,12,30,8,05003KT,07,06
2010-12-30 09:00:00.000,2010,12,30,9,32003KT,06,06
2010-12-30 10:00:00.000,2010,12,30,10,00000KT,06,06
2010-12-30 10:30:00.000,2010,12,30,10,VRB02KT,06,06
2010-12-30 11:00:00.000,2010,12,30,11,00000KT,07,06
2010-12-30 12:00:00.000,2010,12,30,12,05003KT,08,07
2010-12-30 13:00:00.000,2010,12,30,13,06004KT,11,08
2010-12-30 14:00:00.000,2010,12,30,14,03006KT,16,09
2010-12-30 15:00:00.000,2010,12,30,15,03010KT,18,08
2010-12-30 16:00:00.000,2010,12,30,16,05008KT,19,08
2010-12-30 17:00:00.000,2010,12,30,17,08008KT,20,08
2010-12-30 18:00:00.000,2010,12,30,18,34007KT,21,09
2010-12-30 19:00:00.000,2010,12,30,19,25015KT,19,12
2010-12-30 20:00:00.000,2010,12,30,20,28012KT,19,12
2010-12-30 21:00:00.000,2010,12,30,21,26015KT,18,12
2010-12-30 22:00:00.000,2010,12,30,22,26012KT,16,12
2010-12-30 23:00:00.000,2010,12,30,23,28008KT,15,11
2010-12-31 00:00:00.000,2010,12,31,0,31007KT,14,12
2010-12-31 01:00:00.000,2010,12,31,1,30009KT,13,11
2010-12-31 02:00:00.000,2010,12,31,2,00000KT,12,10
2010-12-31 03:00:00.000,2010,12,31,3,33004KT,12,09
2010-12-31 04:00:00.000,2010,12,31,4,VRB02KT,10,08
2010-12-31 05:00:00.000,2010,12,31,5,00000KT,09,08
2010-12-31 06:00:00.000,2010,12,31,6,00000KT,08,08
2010-12-31 07:00:00.000,2010,12,31,7,00000KT,08,08
2010-12-31 08:00:00.000,2010,12,31,8,VRB02KT,07,07
2010-12-31 09:00:00.000,2010,12,31,9,33003KT,06,06
2010-12-31 09:45:00.000,2010,12,31,9,0000KT,05,05
2010-12-31 10:00:00.000,2010,12,31,10,00000KT,06,06
2010-12-31 10:30:00.000,2010,12,31,10,33003KT,06,06
2010-12-31 11:00:00.000,2010,12,31,11,00000KT,06,06
2010-12-31 11:14:00.000,2010,12,31,11,00000KT,06,06
2010-12-31 11:30:00.000,2010,12,31,11,VRB02KT,06,06
2010-12-31 12:00:00.000,2010,12,31,12,00000KT,07,07
2010-12-31 13:00:00.000,2010,12,31,13,10003KT,10,09
2010-12-31 14:00:00.000,2010,12,31,14,07003KT,14,09
2010-12-31 15:00:00.000,2010,12,31,15,04004KT,16,08
2010-12-31 16:00:00.000,2010,12,31,16,11005KT,18,07
2010-12-31 17:00:00.000,2010,12,31,17,07005KT,20,05
2010-12-31 18:00:00.000,2010,12,31,18,31008KT,21,07
2010-12-31 19:00:00.000,2010,12,31,19,30015KT,19,12
2010-12-31 20:00:00.000,2010,12,31,20,28015KT,19,12
2010-12-31 21:00:00.000,2010,12,31,21,29015KT,17,12
2010-12-31 22:00:00.000,2010,12,31,22,26012KT,17,12
2010-12-31 23:00:00.000,2010,12,31,23,29009KT,14,11
2011-01-01 00:00:00.000,2011,1,1,0,32006KT,13,10
2011-01-01 01:00:00.000,2011,1,1,1,30007KT,12,10
2011-01-01 02:00:00.000,2011,1,1,2,27003KT,12,10
2011-01-01 03:00:00.000,2011,1,1,3,28008KT,14,12
2011-01-01 04:00:00.000,2011,1,1,4,03003KT,13,11
2011-01-01 05:00:00.000,2011,1,1,5,34003KT,12,09
2011-01-01 06:00:00.000,2011,1,1,6,27003KT,12,09
2011-01-01 08:00:00.000,2011,1,1,8,VRB02KT,10,09
2011-01-01 09:00:00.000,2011,1,1,9,00000KT,10,09
2011-01-01 10:00:00.000,2011,1,1,10,00000KT,08,08
2011-01-01 12:00:00.000,2011,1,1,12,30003KT,09,09
2011-01-01 13:00:00.000,2011,1,1,13,00000KT,12,11
2011-01-01 14:00:00.000,2011,1,1,14,36004KT,15,10
2011-01-01 15:00:00.000,2011,1,1,15,03004KT,17,09
2011-01-01 16:00:00.000,2011,1,1,16,00000KT,18,08
2011-01-01 17:00:00.000,2011,1,1,17,18007KT,19,06
2011-01-01 18:00:00.000,2011,1,1,18,07008KT,20,07
2011-01-01 19:00:00.000,2011,1,1,19,31014KT,19,12
2011-01-01 20:00:00.000,2011,1,1,20,30012KT,17,12
2011-01-01 21:00:00.000,2011,1,1,21,29012KT,17,12
2011-01-01 22:00:00.000,2011,1,1,22,27010KT,16,12
2011-01-01 23:00:00.000,2011,1,1,23,26009KT,14,12
2011-01-02 00:00:00.000,2011,1,2,0,31008KT,13,11
2011-01-02 01:00:00.000,2011,1,2,1,32010KT,13,11
2011-01-02 02:00:00.000,2011,1,2,2,33008KT,12,10
2011-01-02 03:00:00.000,2011,1,2,3,34004KT,11,10
2011-01-02 04:00:00.000,2011,1,2,4,35005KT,11,10
2011-01-02 05:00:00.000,2011,1,2,5,VRB02KT,11,10
2011-01-02 06:00:00.000,2011,1,2,6,00000KT,10,09
2011-01-02 07:00:00.000,2011,1,2,7,VRB02KT,09,08
2011-01-02 08:00:00.000,2011,1,2,8,VRB02KT,09,08
2011-01-02 09:00:00.000,2011,1,2,9,33003KT,08,07
2011-01-02 10:00:00.000,2011,1,2,10,33003KT,08,07
2011-01-02 11:00:00.000,2011,1,2,11,VRB02KT,07,06
2011-01-02 12:00:00.000,2011,1,2,12,34003KT,07,07
2011-01-02 13:00:00.000,2011,1,2,13,06004KT,13,09
2011-01-02 14:00:00.000,2011,1,2,14,31005KT,15,10
2011-01-02 15:00:00.000,2011,1,2,15,24005KT,17,11
2011-01-02 16:00:00.000,2011,1,2,16,28004KT,18,09
2011-01-02 17:00:00.000,2011,1,2,17,14003KT,20,07
2011-01-02 18:00:00.000,2011,1,2,18,28012KT,19,12
2011-01-02 19:00:00.000,2011,1,2,19,30016KT,18,12
2011-01-02 20:00:00.000,2011,1,2,20,28013KT,17,11
2011-01-02 21:00:00.000,2011,1,2,21,27008KT,16,12
2011-01-03 00:00:00.000,2011,1,3,0,32003KT,13,11
2011-01-03 01:00:00.000,2011,1,3,1,34003KT,12,10
2011-01-03 02:00:00.000,2011,1,3,2,VRB02KT,12,10
2011-01-03 03:00:00.000,2011,1,3,3,VRB02KT,12,10
2011-01-03 04:00:00.000,2011,1,3,4,30004KT,11,10
2011-01-03 05:00:00.000,2011,1,3,5,32005KT,11,09
2011-01-03 06:00:00.000,2011,1,3,6,00000KT,11,09
2011-01-03 07:00:00.000,2011,1,3,7,26003KT,10,09
2011-01-03 08:00:00.000,2011,1,3,8,00000KT,10,09
2011-01-03 09:00:00.000,2011,1,3,9,31004KT,10,09
2011-01-03 10:00:00.000,2011,1,3,10,VRB02KT,10,09
2011-01-03 10:30:00.000,2011,1,3,10,00000KT,09,08
2011-01-03 11:00:00.000,2011,1,3,11,00000KT,09,09
2011-01-03 12:00:00.000,2011,1,3,12,VRB02KT,08,08
2011-01-03 12:30:00.000,2011,1,3,12,VRB02KT,11,10
2011-01-03 13:00:00.000,2011,1,3,13,30004KT,12,10
2011-01-03 14:00:00.000,2011,1,3,14,30004KT,14,10
2011-01-03 15:00:00.000,2011,1,3,15,34004KT,16,10
2011-01-03 16:00:00.000,2011,1,3,16,28005KT,18,10
2011-01-03 17:00:00.000,2011,1,3,17,28006KT,19,10
2011-01-03 18:00:00.000,2011,1,3,18,29014KT,19,12
2011-01-03 18:40:00.000,2011,1,3,18,27012KT,16,12
2011-01-03 19:00:00.000,2011,1,3,19,24015KT,15,12
2011-01-03 19:22:00.000,2011,1,3,19,25010KT,15,12
2011-01-03 20:00:00.000,2011,1,3,20,23008KT,14,12
2011-01-03 20:20:00.000,2011,1,3,20,29005KT,14,12
2011-01-03 20:35:00.000,2011,1,3,20,VRB02KT,13,11
2011-01-03 21:00:00.000,2011,1,3,21,VRB02KT,12,11
2011-01-03 21:30:00.000,2011,1,3,21,20004KT,12,10
2011-01-03 22:00:00.000,2011,1,3,22,VRB02KT,12,10
2011-01-03 23:00:00.000,2011,1,3,23,13004KT,12,11
2011-01-03 23:30:00.000,2011,1,3,23,VRB02KT,12,10
2011-01-04 00:00:00.000,2011,1,4,0,00000KT,12,10
2011-01-04 01:00:00.000,2011,1,4,1,08003KT,11,10
2011-01-04 02:00:00.000,2011,1,4,2,34003KT,10,10
2011-01-04 03:00:00.000,2011,1,4,3,VRB02KT,10,10
2011-01-04 04:00:00.000,2011,1,4,4,29004KT,10,10
2011-01-04 05:00:00.000,2011,1,4,5,15004KT,11,10
2011-01-04 06:00:00.000,2011,1,4,6,34004KT,09,09
2011-01-04 07:00:00.000,2011,1,4,7,36004KT,09,09
2011-01-04 08:00:00.000,2011,1,4,8,00000KT,09,09
2011-01-04 09:00:00.000,2011,1,4,9,00000KT,10,10
2011-01-04 10:00:00.000,2011,1,4,10,33005KT,09,09
2011-01-04 10:30:00.000,2011,1,4,10,23003KT,09,09
2011-01-04 11:00:00.000,2011,1,4,11,16005KT,10,09
2011-01-04 11:12:00.000,2011,1,4,11,34004KT,10,09
2011-01-04 12:00:00.000,2011,1,4,12,34003KT,11,11
2011-01-04 13:00:00.000,2011,1,4,13,VRB02KT,13,11
2011-01-04 14:00:00.000,2011,1,4,14,VRB02KT,14,11
2011-01-04 15:00:00.000,2011,1,4,15,32006KT,16,12
2011-01-04 16:00:00.000,2011,1,4,16,02006KT,17,10
2011-01-04 17:00:00.000,2011,1,4,17,32006KT,17,11
2011-01-04 18:00:00.000,2011,1,4,18,26008KT,16,11
2011-01-04 18:11:00.000,2011,1,4,18,23012KT,16,11
2011-01-04 19:00:00.000,2011,1,4,19,25006KT,14,12
2011-01-04 20:00:00.000,2011,1,4,20,02006KT,13,12
2011-01-04 21:00:00.000,2011,1,4,21,14004KT,13,11
2011-01-04 22:00:00.000,2011,1,4,22,07006KT,13,10
2011-01-04 23:00:00.000,2011,1,4,23,35006KT,13,11
2011-01-05 00:00:00.000,2011,1,5,0,VRB02KT,12,11
2011-01-05 01:00:00.000,2011,1,5,1,00000KT,12,11
2011-01-05 02:00:00.000,2011,1,5,2,VRB02KT,12,11
2011-01-05 03:00:00.000,2011,1,5,3,VRB02KT,12,11
2011-01-05 04:00:00.000,2011,1,5,4,VRB02KT,11,11
2011-01-05 05:00:00.000,2011,1,5,5,VRB02KT,11,11
2011-01-05 06:00:00.000,2011,1,5,6,00000KT,11,10
2011-01-05 07:00:00.000,2011,1,5,7,30003KT,11,10
2011-01-05 08:00:00.000,2011,1,5,8,00000KT,11,10
2011-01-05 09:00:00.000,2011,1,5,9,VRB02KT,11,10
2011-01-05 10:00:00.000,2011,1,5,10,00000KT,11,10
2011-01-05 10:30:00.000,2011,1,5,10,10004KT,10,10
2011-01-05 11:00:00.000,2011,1,5,11,VRB02KT,10,10
2011-01-05 12:00:00.000,2011,1,5,12,VRB02KT,12,10
2011-01-05 13:00:00.000,2011,1,5,13,VRB02KT,14,08
2011-01-05 14:00:00.000,2011,1,5,14,30004KT,15,11
2011-01-05 15:00:00.000,2011,1,5,15,30004KT,16,10
2011-01-05 16:00:00.000,2011,1,5,16,28004KT,18,09
2011-01-05 17:00:00.000,2011,1,5,17,03004KT,19,08
2011-01-05 18:00:00.000,2011,1,5,18,28008KT,18,11
2011-01-05 19:00:00.000,2011,1,5,19,27012KT,17,12
2011-01-05 20:00:00.000,2011,1,5,20,27015KT,18,12
2011-01-05 21:00:00.000,2011,1,5,21,27012KT,18,12
2011-01-05 22:00:00.000,2011,1,5,22,28012KT,17,12
2011-01-05 23:00:00.000,2011,1,5,23,28008KT,14,12
2011-01-06 00:00:00.000,2011,1,6,0,32005KT,13,12
2011-01-06 01:00:00.000,2011,1,6,1,31003KT,13,11
2011-01-06 02:00:00.000,2011,1,6,2,34004KT,13,11
2011-01-06 03:00:00.000,2011,1,6,3,25005KT,13,11
2011-01-06 04:00:00.000,2011,1,6,4,23003KT,12,09
2011-01-06 05:00:00.000,2011,1,6,5,VRB02KT,12,09
2011-01-06 06:00:00.000,2011,1,6,6,00000KT,12,10
2011-01-06 07:00:00.000,2011,1,6,7,VRB02KT,11,10
2011-01-06 08:00:00.000,2011,1,6,8,03004KT,11,09
2011-01-06 09:00:00.000,2011,1,6,9,06005KT,11,09
2011-01-06 10:00:00.000,2011,1,6,10,09003KT,10,09
2011-01-06 10:30:00.000,2011,1,6,10,09003KT,10,09
2011-01-06 11:00:00.000,2011,1,6,11,05003KT,09,08
2011-01-06 12:00:00.000,2011,1,6,12,05003KT,11,09
2011-01-06 13:00:00.000,2011,1,6,13,05005KT,13,10
2011-01-06 14:00:00.000,2011,1,6,14,03004KT,15,10
2011-01-06 15:00:00.000,2011,1,6,15,02004KT,16,10
2011-01-06 16:00:00.000,2011,1,6,16,VRB02KT,18,09
2011-01-06 17:00:00.000,2011,1,6,17,22004KT,18,08
2011-01-06 18:00:00.000,2011,1,6,18,25010KT,18,11
2011-01-06 19:00:00.000,2011,1,6,19,21010KT,18,11
2011-01-06 20:00:00.000,2011,1,6,20,28010KT,18,11
2011-01-06 21:00:00.000,2011,1,6,21,30012KT,16,12
2011-01-06 22:00:00.000,2011,1,6,22,28008KT,15,11
2011-01-06 23:00:00.000,2011,1,6,23,28004KT,15,11
2011-01-07 00:00:00.000,2011,1,7,0,32004KT,13,11
2011-01-07 01:00:00.000,2011,1,7,1,31004KT,12,10
2011-01-07 02:00:00.000,2011,1,7,2,VRB02KT,12,11
2011-01-07 03:00:00.000,2011,1,7,3,33004KT,12,11
2011-01-07 04:00:00.000,2011,1,7,4,00000KT,12,11
2011-01-07 05:00:00.000,2011,1,7,5,VRB02KT,12,11
2011-01-07 06:00:00.000,2011,1,7,6,VRB02KT,11,10
2011-01-07 07:00:00.000,2011,1,7,7,VRB02KT,11,10
2011-01-07 08:00:00.000,2011,1,7,8,04005KT,11,10
2011-01-07 09:00:00.000,2011,1,7,9,VRB02KT,10,09
2011-01-07 10:00:00.000,2011,1,7,10,00000KT,09,08
2011-01-07 10:30:00.000,2011,1,7,10,VRB02KT,09,08
2011-01-07 11:00:00.000,2011,1,7,11,04004KT,09,08
2011-01-07 12:00:00.000,2011,1,7,12,06003KT,10,08
2011-01-07 13:00:00.000,2011,1,7,13,06004KT,12,09
2011-01-07 14:00:00.000,2011,1,7,14,09003KT,14,09
2011-01-07 15:00:00.000,2011,1,7,15,05006KT,16,08
2011-01-07 16:00:00.000,2011,1,7,16,04009KT,17,08
2011-01-07 17:00:00.000,2011,1,7,17,08005KT,18,07
2011-01-07 18:00:00.000,2011,1,7,18,23012KT,15,11
2011-01-07 19:00:00.000,2011,1,7,19,23010KT,17,11
2011-01-07 20:00:00.000,2011,1,7,20,28012KT,17,11
2011-01-07 21:00:00.000,2011,1,7,21,31007KT,16,11
2011-01-07 21:19:00.000,2011,1,7,21,05009KT,15,12
2011-01-07 21:36:00.000,2011,1,7,21,06009KT,14,13
2011-01-07 22:00:00.000,2011,1,7,22,12010KT,12,11
2011-01-07 22:28:00.000,2011,1,7,22,23010KT,11,10
2011-01-07 23:00:00.000,2011,1,7,23,15003KT,11,11
2011-01-08 00:00:00.000,2011,1,8,0,04003KT,12,11
2011-01-08 01:00:00.000,2011,1,8,1,34004KT,12,11
2011-01-08 02:00:00.000,2011,1,8,2,34004KT,12,10
2011-01-08 03:00:00.000,2011,1,8,3,VRB02KT,11,10
2011-01-08 04:00:00.000,2011,1,8,4,05003KT,12,10
2011-01-08 05:00:00.000,2011,1,8,5,VRB02KT,12,10
2011-01-08 06:00:00.000,2011,1,8,6,VRB02KT,12,10
2011-01-08 07:00:00.000,2011,1,8,7,VRB02KT,11,10
2011-01-08 08:00:00.000,2011,1,8,8,04003KT,10,09
2011-01-08 09:00:00.000,2011,1,8,9,05005KT,11,10
2011-01-08 10:00:00.000,2011,1,8,10,08003KT,11,10
2011-01-08 10:30:00.000,2011,1,8,10,27003KT,10,09
2011-01-08 11:00:00.000,2011,1,8,11,09003KT,11,10
2011-01-08 12:00:00.000,2011,1,8,12,03004KT,10,09
2011-01-08 13:00:00.000,2011,1,8,13,05008KT,12,10
2011-01-08 14:00:00.000,2011,1,8,14,03006KT,14,11
2011-01-08 15:00:00.000,2011,1,8,15,04010KT,15,11
2011-01-08 16:00:00.000,2011,1,8,16,05010KT,17,11
2011-01-08 17:00:00.000,2011,1,8,17,05009KT,17,11
2011-01-08 18:00:00.000,2011,1,8,18,04004KT,18,11
2011-01-08 19:00:00.000,2011,1,8,19,VRB02KT,18,10
2011-01-08 20:00:00.000,2011,1,8,20,26010KT,16,10
2011-01-08 21:00:00.000,2011,1,8,21,23008KT,16,12
2011-01-08 22:00:00.000,2011,1,8,22,28005KT,15,12
2011-01-08 23:00:00.000,2011,1,8,23,34004KT,14,13
2011-01-09 00:00:00.000,2011,1,9,0,34004KT,13,12
2011-01-09 01:00:00.000,2011,1,9,1,30004KT,13,11
2011-01-09 02:00:00.000,2011,1,9,2,VRB02KT,13,11
2011-01-09 03:00:00.000,2011,1,9,3,VRB02KT,12,11
2011-01-09 04:00:00.000,2011,1,9,4,VRB02KT,12,11
2011-01-09 05:00:00.000,2011,1,9,5,05004KT,12,10
2011-01-09 06:00:00.000,2011,1,9,6,08004KT,12,10
2011-01-09 07:00:00.000,2011,1,9,7,05004KT,12,10
2011-01-09 08:00:00.000,2011,1,9,8,04005KT,12,10
2011-01-09 09:00:00.000,2011,1,9,9,14003KT,12,10
2011-01-09 10:00:00.000,2011,1,9,10,VRB02KT,11,10
2011-01-09 10:30:00.000,2011,1,9,10,VRB02KT,12,11
2011-01-09 11:00:00.000,2011,1,9,11,00000KT,12,11
2011-01-09 12:00:00.000,2011,1,9,12,VRB02KT,12,11
2011-01-09 13:00:00.000,2011,1,9,13,VRB02KT,14,11
2011-01-09 14:00:00.000,2011,1,9,14,06006KT,14,11
2011-01-09 14:21:00.000,2011,1,9,14,04009KT,14,11
2011-01-09 15:00:00.000,2011,1,9,15,05005KT,14,12
2011-01-09 15:13:00.000,2011,1,9,15,03004KT,13,11
2011-01-09 16:00:00.000,2011,1,9,16,05006KT,13,11
2011-01-09 17:00:00.000,2011,1,9,17,12008KT,15,12
2011-01-09 18:00:00.000,2011,1,9,18,12014KT,17,10
2011-01-09 18:12:00.000,2011,1,9,18,11012KT,17,09
2011-01-09 19:00:00.000,2011,1,9,19,11012KT,16,08
2011-01-09 20:00:00.000,2011,1,9,20,08010KT,16,10
2011-01-09 21:00:00.000,2011,1,9,21,07008KT,15,10
2011-01-09 22:00:00.000,2011,1,9,22,08008KT,15,09
2011-01-09 23:00:00.000,2011,1,9,23,07008KT,14,09
2011-01-10 00:00:00.000,2011,1,10,0,06008KT,13,09
2011-01-10 01:00:00.000,2011,1,10,1,11005KT,13,09
2011-01-10 02:00:00.000,2011,1,10,2,05005KT,13,09
2011-01-10 03:00:00.000,2011,1,10,3,07007KT,13,09
2011-01-10 04:00:00.000,2011,1,10,4,05003KT,12,09
2011-01-10 05:00:00.000,2011,1,10,5,05004KT,12,10
2011-01-10 06:00:00.000,2011,1,10,6,04003KT,11,09
2011-01-10 07:00:00.000,2011,1,10,7,06003KT,10,09
2011-01-10 08:00:00.000,2011,1,10,8,VRB02KT,10,09
2011-01-10 09:00:00.000,2011,1,10,9,03004KT,10,09
2011-01-10 10:00:00.000,2011,1,10,10,05004KT,11,09
2011-01-10 10:30:00.000,2011,1,10,10,04003KT,11,10
2011-01-10 11:00:00.000,2011,1,10,11,00000KT,11,09
2011-01-10 12:00:00.000,2011,1,10,12,05006KT,12,09
2011-01-10 13:00:00.000,2011,1,10,13,04005KT,12,09
2011-01-10 14:00:00.000,2011,1,10,14,06003KT,13,10
2011-01-10 14:30:00.000,2011,1,10,14,03003KT,06,06
2011-01-10 15:00:00.000,2011,1,10,15,10010KT,15,09
2011-01-10 16:00:00.000,2011,1,10,16,13010KT,17,08
2011-01-10 17:00:00.000,2011,1,10,17,11010KT,17,08
2011-01-10 18:00:00.000,2011,1,10,18,10008KT,17,08
2011-01-10 19:00:00.000,2011,1,10,19,09008KT,17,08
2011-01-10 20:00:00.000,2011,1,10,20,10010KT,17,08
2011-01-10 21:00:00.000,2011,1,10,21,11010KT,15,09
2011-01-10 22:00:00.000,2011,1,10,22,09006KT,15,08
2011-01-10 23:00:00.000,2011,1,10,23,01004KT,15,08
2011-01-11 00:00:00.000,2011,1,11,0,01006KT,13,07
2011-01-11 01:00:00.000,2011,1,11,1,03006KT,13,07
2011-01-11 02:00:00.000,2011,1,11,2,06006KT,12,07
2011-01-11 03:00:00.000,2011,1,11,3,06006KT,11,08
2011-01-11 04:00:00.000,2011,1,11,4,06006KT,11,07
2011-01-11 05:00:00.000,2011,1,11,5,06006KT,11,07
2011-01-11 06:00:00.000,2011,1,11,6,05006KT,10,08
2011-01-11 07:00:00.000,2011,1,11,7,06006KT,11,08
2011-01-11 08:00:00.000,2011,1,11,8,04006KT,10,08
2011-01-11 09:00:00.000,2011,1,11,9,04006KT,10,08
2011-01-11 10:00:00.000,2011,1,11,10,03006KT,10,08
2011-01-11 10:28:00.000,2011,1,11,10,04006KT,10,08
2011-01-11 11:00:00.000,2011,1,11,11,04006KT,10,08
2011-01-11 12:00:00.000,2011,1,11,12,04006KT,11,08
2011-01-11 13:00:00.000,2011,1,11,13,06007KT,13,09
2011-01-11 14:00:00.000,2011,1,11,14,08005KT,15,10
2011-01-11 15:00:00.000,2011,1,11,15,09005KT,16,09
2011-01-11 16:00:00.000,2011,1,11,16,08007KT,17,09
2011-01-11 17:00:00.000,2011,1,11,17,16008KT,19,08
2011-01-11 18:00:00.000,2011,1,11,18,10010KT,20,08
2011-01-11 19:00:00.000,2011,1,11,19,10010KT,19,09
2011-01-11 20:00:00.000,2011,1,11,20,09008KT,19,08
2011-01-11 21:00:00.000,2011,1,11,21,15011KT,19,09
2011-01-11 22:00:00.000,2011,1,11,22,05006KT,17,09
2011-01-11 23:00:00.000,2011,1,11,23,08006KT,17,08
2011-01-12 00:00:00.000,2011,1,12,0,29005KT,15,10
2011-01-12 01:00:00.000,2011,1,12,1,29004KT,13,11
2011-01-12 02:00:00.000,2011,1,12,2,34004KT,12,11
2011-01-12 03:00:00.000,2011,1,12,3,06003KT,12,11
2011-01-12 04:00:00.000,2011,1,12,4,32003KT,09,08
2011-01-12 05:00:00.000,2011,1,12,5,VRB02KT,08,08
2011-01-12 06:00:00.000,2011,1,12,6,25003KT,09,08
2011-01-12 06:28:00.000,2011,1,12,6,VRB02KT,07,07
2011-01-12 07:00:00.000,2011,1,12,7,VRB02KT,06,06
2011-01-12 07:17:00.000,2011,1,12,7,VRB02KT,06,06
2011-01-12 08:00:00.000,2011,1,12,8,VRB02KT,05,04
2011-01-12 09:00:00.000,2011,1,12,9,31003KT,05,04
2011-01-12 09:42:00.000,2011,1,12,9,VRB02KT,05,04
2011-01-12 10:00:00.000,2011,1,12,10,VRB02KT,05,05
2011-01-12 10:30:00.000,2011,1,12,10,VRB02KT,06,06
2011-01-12 11:00:00.000,2011,1,12,11,03003KT,05,05
2011-01-12 11:22:00.000,2011,1,12,11,00000KT,05,05
2011-01-12 12:00:00.000,2011,1,12,12,02003KT,07,07
2011-01-12 13:00:00.000,2011,1,12,13,04003KT,08,08
2011-01-12 13:00:00.000,2011,1,12,13,VRB02KT,08,08
2011-01-12 13:30:00.000,2011,1,12,13,06004KT,08,08
2011-01-12 14:00:00.000,2011,1,12,14,03005KT,09,08
2011-01-12 14:30:00.000,2011,1,12,14,VRB02KT,12,11
2011-01-12 15:00:00.000,2011,1,12,15,33004KT,14,12
2011-01-12 16:00:00.000,2011,1,12,16,VRB02KT,17,07
2011-01-12 17:00:00.000,2011,1,12,17,VRB02KT,20,07
2011-01-12 18:00:00.000,2011,1,12,18,24006KT,21,06
2011-01-12 19:00:00.000,2011,1,12,19,23012KT,20,12
2011-01-12 20:00:00.000,2011,1,12,20,24010KT,20,11
2011-01-12 21:00:00.000,2011,1,12,21,24010KT,19,12
2011-01-12 22:00:00.000,2011,1,12,22,26008KT,17,12
2011-01-12 23:00:00.000,2011,1,12,23,31006KT,15,12
2011-01-13 00:00:00.000,2011,1,13,0,29005KT,14,12
2011-01-13 01:00:00.000,2011,1,13,1,29003KT,14,12
2011-01-13 02:00:00.000,2011,1,13,2,VRB02KT,13,12
2011-01-13 03:00:00.000,2011,1,13,3,04003KT,13,10
2011-01-13 04:00:00.000,2011,1,13,4,06004KT,12,10
2011-01-13 05:00:00.000,2011,1,13,5,09005KT,10,09
2011-01-13 06:00:00.000,2011,1,13,6,06004KT,10,09
2011-01-13 07:00:00.000,2011,1,13,7,00000KT,09,08
2011-01-13 08:00:00.000,2011,1,13,8,03004KT,08,08
2011-01-13 09:00:00.000,2011,1,13,9,VRB02KT,07,07
2011-01-13 10:00:00.000,2011,1,13,10,00000KT,07,07
2011-01-13 11:00:00.000,2011,1,13,11,01003KT,07,07
2011-01-13 12:00:00.000,2011,1,13,12,05003KT,08,07
2011-01-13 13:00:00.000,2011,1,13,13,06006KT,09,08
2011-01-13 14:00:00.000,2011,1,13,14,07006KT,11,07
2011-01-13 15:00:00.000,2011,1,13,15,05008KT,14,07
2011-01-13 16:00:00.000,2011,1,13,16,03008KT,16,07
2011-01-13 17:00:00.000,2011,1,13,17,03005KT,17,07
2011-01-13 18:00:00.000,2011,1,13,18,03008KT,18,08
2011-01-13 19:00:00.000,2011,1,13,19,15008KT,21,07
2011-01-13 20:00:00.000,2011,1,13,20,12011KT,20,07
2011-01-13 21:00:00.000,2011,1,13,21,18014KT,20,07
2011-01-13 22:00:00.000,2011,1,13,22,16012KT,18,07
2011-01-13 23:00:00.000,2011,1,13,23,17010KT,16,08
2011-01-14 00:00:00.000,2011,1,14,0,15012KT,15,08
2011-01-14 01:00:00.000,2011,1,14,1,14010KT,15,08
2011-01-14 02:00:00.000,2011,1,14,2,33005KT,14,08
2011-01-14 03:00:00.000,2011,1,14,3,VRB02KT,12,09
2011-01-14 04:00:00.000,2011,1,14,4,02006KT,11,08
2011-01-14 05:00:00.000,2011,1,14,5,01003KT,10,08
2011-01-14 06:00:00.000,2011,1,14,6,34003KT,09,08
2011-01-14 07:00:00.000,2011,1,14,7,31003KT,09,08
2011-01-14 08:00:00.000,2011,1,14,8,04003KT,08,07
2011-01-14 09:00:00.000,2011,1,14,9,VRB02KT,08,08
2011-01-14 10:00:00.000,2011,1,14,10,VRB02KT,07,07
2011-01-14 11:00:00.000,2011,1,14,11,33003KT,05,05
2011-01-14 11:35:00.000,2011,1,14,11,04003KT,06,06
2011-01-14 12:00:00.000,2011,1,14,12,03006KT,06,06
2011-01-14 13:00:00.000,2011,1,14,13,03004KT,09,08
2011-01-14 14:00:00.000,2011,1,14,14,07006KT,13,09
2011-01-14 15:00:00.000,2011,1,14,15,07008KT,17,10
2011-01-14 16:00:00.000,2011,1,14,16,16014KT,18,08
2011-01-14 17:00:00.000,2011,1,14,17,19004KT,19,06
2011-01-14 18:00:00.000,2011,1,14,18,17006KT,19,06
2011-01-14 19:00:00.000,2011,1,14,19,17012KT,20,06
2011-01-14 20:00:00.000,2011,1,14,20,20009KT,21,07
2011-01-14 21:00:00.000,2011,1,14,21,23006KT,20,07
2011-01-14 22:00:00.000,2011,1,14,22,24005KT,19,07
2011-01-14 23:00:00.000,2011,1,14,23,30006KT,17,10
2011-01-15 00:00:00.000,2011,1,15,0,31006KT,14,11
2011-01-15 01:00:00.000,2011,1,15,1,14004KT,13,09
2011-01-15 02:00:00.000,2011,1,15,2,00000KT,11,10
2011-01-15 03:00:00.000,2011,1,15,3,VRB02KT,11,10
2011-01-15 04:00:00.000,2011,1,15,4,02004KT,10,09
2011-01-15 05:00:00.000,2011,1,15,5,00000KT,09,08
2011-01-15 06:00:00.000,2011,1,15,6,06003KT,09,08
2011-01-15 07:00:00.000,2011,1,15,7,25004KT,07,07
2011-01-15 08:00:00.000,2011,1,15,8,00000KT,07,07
2011-01-15 09:00:00.000,2011,1,15,9,00000KT,06,06
2011-01-15 10:00:00.000,2011,1,15,10,04003KT,05,05
2011-01-15 10:30:00.000,2011,1,15,10,05003KT,06,06
2011-01-15 11:00:00.000,2011,1,15,11,00000KT,04,04
2011-01-15 12:00:00.000,2011,1,15,12,00000KT,06,06
2011-01-15 13:00:00.000,2011,1,15,13,VRB02KT,10,08
2011-01-15 14:00:00.000,2011,1,15,14,03004KT,14,09
2011-01-15 15:00:00.000,2011,1,15,15,03004KT,17,06
2011-01-15 16:00:00.000,2011,1,15,16,16010KT,18,06
2011-01-15 17:00:00.000,2011,1,15,17,18004KT,20,06
2011-01-15 18:00:00.000,2011,1,15,18,27006KT,21,04
2011-01-15 19:00:00.000,2011,1,15,19,16010KT,22,05
2011-01-15 20:00:00.000,2011,1,15,20,24014KT,21,12
2011-01-15 21:00:00.000,2011,1,15,21,28015KT,20,13
2011-01-15 22:00:00.000,2011,1,15,22,31012KT,18,13
2011-01-15 23:00:00.000,2011,1,15,23,31005KT,15,11
2011-01-16 00:00:00.000,2011,1,16,0,25007KT,14,09
2011-01-16 01:00:00.000,2011,1,16,1,VRB02KT,14,09
2011-01-16 02:00:00.000,2011,1,16,2,VRB02KT,12,09
2011-01-16 03:00:00.000,2011,1,16,3,VRB02KT,11,09
2011-01-16 04:00:00.000,2011,1,16,4,31003KT,10,08
2011-01-16 05:00:00.000,2011,1,16,5,35003KT,09,08
2011-01-16 06:00:00.000,2011,1,16,6,00000KT,09,09
2011-01-16 07:00:00.000,2011,1,16,7,00000KT,09,09
2011-01-16 08:00:00.000,2011,1,16,8,VRB02KT,09,08
2011-01-16 09:00:00.000,2011,1,16,9,VRB02KT,08,07
2011-01-16 10:00:00.000,2011,1,16,10,00000KT,07,06
2011-01-16 11:00:00.000,2011,1,16,11,35003KT,07,06
2011-01-16 12:00:00.000,2011,1,16,12,VRB02KT,06,05
2011-01-16 13:00:00.000,2011,1,16,13,03005KT,10,09
2011-01-16 14:00:00.000,2011,1,16,14,04004KT,14,09
2011-01-16 15:00:00.000,2011,1,16,15,VRB02KT,17,10
2011-01-16 16:00:00.000,2011,1,16,16,VRB02KT,19,10
2011-01-16 17:00:00.000,2011,1,16,17,VRB02KT,20,08
2011-01-16 18:00:00.000,2011,1,16,18,27010KT,20,14
2011-01-16 19:00:00.000,2011,1,16,19,27014KT,19,13
2011-01-16 20:00:00.000,2011,1,16,20,28010KT,17,12
2011-01-16 21:00:00.000,2011,1,16,21,25008KT,15,13
2011-01-16 22:00:00.000,2011,1,16,22,28007KT,15,13
2011-01-16 23:00:00.000,2011,1,16,23,28005KT,14,12
2011-01-17 00:00:00.000,2011,1,17,0,31003KT,14,12
2011-01-17 01:00:00.000,2011,1,17,1,VRB02KT,14,12
2011-01-17 02:00:00.000,2011,1,17,2,04003KT,14,12
2011-01-17 03:00:00.000,2011,1,17,3,04005KT,14,12
2011-01-17 04:00:00.000,2011,1,17,4,00000KT,13,12
2011-01-17 05:00:00.000,2011,1,17,5,VRB02KT,12,11
2011-01-17 06:00:00.000,2011,1,17,6,02003KT,11,10
2011-01-17 07:00:00.000,2011,1,17,7,31003KT,11,10
2011-01-17 08:00:00.000,2011,1,17,8,13003KT,10,09
2011-01-17 09:00:00.000,2011,1,17,9,07003KT,10,09
2011-01-17 10:00:00.000,2011,1,17,10,34003KT,09,09
2011-01-17 11:00:00.000,2011,1,17,11,01003KT,09,08
2011-01-17 12:00:00.000,2011,1,17,12,VRB02KT,08,07
2011-01-17 13:00:00.000,2011,1,17,13,VRB02KT,10,10
2011-01-17 13:30:00.000,2011,1,17,13,08005KT,11,11
2011-01-17 14:00:00.000,2011,1,17,14,07006KT,12,11
2011-01-17 15:00:00.000,2011,1,17,15,03006KT,16,11
2011-01-17 16:00:00.000,2011,1,17,16,03009KT,18,10
2011-01-17 17:00:00.000,2011,1,17,17,02005KT,20,08
2011-01-17 18:00:00.000,2011,1,17,18,VRB02KT,22,07
2011-01-17 19:00:00.000,2011,1,17,19,27012KR,20,14
2011-01-17 20:00:00.000,2011,1,17,20,28014KT,19,13
2011-01-17 21:00:00.000,2011,1,17,21,29012KT,18,12
2011-01-17 21:15:00.000,2011,1,17,21,30009KT,17,12
2011-01-17 22:00:00.000,2011,1,17,22,29006KT,16,13
2011-01-17 23:00:00.000,2011,1,17,23,29006KT,15,13
2011-01-18 00:00:00.000,2011,1,18,0,34003KT,14,12
2011-01-18 01:00:00.000,2011,1,18,1,33004KT,14,13
2011-01-18 02:00:00.000,2011,1,18,2,VRB02KT,14,13
2011-01-18 03:00:00.000,2011,1,18,3,03003KT,13,11
2011-01-18 04:00:00.000,2011,1,18,4,08003KT,13,10
2011-01-18 05:00:00.000,2011,1,18,5,03003KT,11,09
2011-01-18 06:00:00.000,2011,1,18,6,02003KT,10,09
2011-01-18 07:00:00.000,2011,1,18,7,00000KT,10,09
2011-01-18 08:00:00.000,2011,1,18,8,02003KT,08,07
2011-01-18 09:00:00.000,2011,1,18,9,VRB02KT,07,07
2011-01-18 10:00:00.000,2011,1,18,10,VRB02KT,06,06
2011-01-18 11:00:00.000,2011,1,18,11,32004KT,05,04
2011-01-18 11:28:00.000,2011,1,18,11,VRB02KT,06,06
2011-01-18 12:00:00.000,2011,1,18,12,02003KT,06,06
2011-01-18 12:32:00.000,2011,1,18,12,04003KT,07,07
2011-01-18 13:00:00.000,2011,1,18,13,03004KT,09,08
2011-01-18 14:00:00.000,2011,1,18,14,01003KT,12,11
2011-01-18 15:00:00.000,2011,1,18,15,03005KT,16,10
2011-01-18 16:00:00.000,2011,1,18,16,28006KT,19,08
2011-01-18 17:00:00.000,2011,1,18,17,23005KT,20,07
2011-01-18 18:00:00.000,2011,1,18,18,26008KT,20,11
2011-01-18 19:00:00.000,2011,1,18,19,26010KT,19,13
2011-01-18 20:00:00.000,2011,1,18,20,27012KT,19,13
2011-01-18 21:00:00.000,2011,1,18,21,27010KT,18,12
2011-01-18 22:00:00.000,2011,1,18,22,28010KT,17,12
2011-01-18 23:00:00.000,2011,1,18,23,26006KT,15,12
2011-01-19 00:00:00.000,2011,1,19,0,30006KT,13,11
2011-01-19 01:00:00.000,2011,1,19,1,30004KT,13,11
2011-01-19 02:00:00.000,2011,1,19,2,VRB02KT,13,11
2011-01-19 03:00:00.000,2011,1,19,3,VRB02KT,12,11
2011-01-19 04:00:00.000,2011,1,19,4,27004KT,11,10
2011-01-19 05:00:00.000,2011,1,19,5,29003KT,11,10
2011-01-19 06:00:00.000,2011,1,19,6,VRB02KT,11,10
2011-01-19 07:00:00.000,2011,1,19,7,VRB02KT,11,10
2011-01-19 08:00:00.000,2011,1,19,8,33404KT,09,09
2011-01-19 09:00:00.000,2011,1,19,9,VRB02KT,09,09
2011-01-19 10:00:00.000,2011,1,19,10,VRB02KT,09,08
2011-01-19 10:30:00.000,2011,1,19,10,VRB02KT,08,08
2011-01-19 11:00:00.000,2011,1,19,11,VRB02KT,09,08
2011-01-19 12:00:00.000,2011,1,19,12,33004KT,10,09
2011-01-19 13:00:00.000,2011,1,19,13,03003KT,12,10
2011-01-19 14:00:00.000,2011,1,19,14,VRB02KT,15,10
2011-01-19 15:00:00.000,2011,1,19,15,30005KT,16,10
2011-01-19 16:00:00.000,2011,1,19,16,32005KT,18,09
2011-01-19 17:00:00.000,2011,1,19,17,30008KT,19,08
2011-01-19 18:00:00.000,2011,1,19,18,27010KT,20,10
2011-01-19 19:00:00.000,2011,1,19,19,28010KT,20,11
2011-01-19 20:00:00.000,2011,1,19,20,28013KT,19,11
2011-01-19 21:00:00.000,2011,1,19,21,28010KT,18,12
2011-01-19 22:00:00.000,2011,1,19,22,28010KT,17,12
2011-01-19 23:00:00.000,2011,1,19,23,25007KT,15,12
2011-01-20 00:00:00.000,2011,1,20,0,28005KT,14,11
2011-01-20 01:00:00.000,2011,1,20,1,26006KT,13,11
2011-01-20 02:00:00.000,2011,1,20,2,26006KT,13,11
2011-01-20 03:00:00.000,2011,1,20,3,25004KT,13,11
2011-01-20 04:00:00.000,2011,1,20,4,29007KT,12,11
2011-01-20 05:00:00.000,2011,1,20,5,32005KT,11,10
2011-01-20 06:00:00.000,2011,1,20,6,28003KT,11,10
2011-01-20 07:00:00.000,2011,1,20,7,31003KT,10,10
2011-01-20 08:00:00.000,2011,1,20,8,35003KT,09,09
2011-01-20 09:00:00.000,2011,1,20,9,35003KT,09,09
2011-01-20 10:00:00.000,2011,1,20,10,34005KT,08,07
2011-01-20 11:00:00.000,2011,1,20,11,30004KT,06,06
2011-01-20 12:00:00.000,2011,1,20,12,VRB02KT,06,06
2011-01-20 13:00:00.000,2011,1,20,13,VRB02KT,10,10
2011-01-20 13:28:00.000,2011,1,20,13,VRB02KT,13,10
2011-01-20 14:00:00.000,2011,1,20,14,VRB02KT,15,09
2011-01-20 15:00:00.000,2011,1,20,15,VRB02KT,17,09
2011-01-20 16:00:00.000,2011,1,20,16,VRB02KT,18,06
2011-01-20 17:00:00.000,2011,1,20,17,VRB02KT,20,04
2011-01-20 18:00:00.000,2011,1,20,18,29005KT,21,05
2011-01-20 19:00:00.000,2011,1,20,19,29015KT,19,11
2011-01-20 20:00:00.000,2011,1,20,20,27014KT,19,12
2011-01-20 21:00:00.000,2011,1,20,21,27013KT,18,10
2011-01-20 22:00:00.000,2011,1,20,22,27010KT,18,11
2011-01-20 23:00:00.000,2011,1,20,23,27009KT,15,12
2011-01-21 00:00:00.000,2011,1,21,0,27005KT,14,11
2011-01-21 01:00:00.000,2011,1,21,1,27003KT,13,11
2011-01-21 02:00:00.000,2011,1,21,2,31005KT,13,11
2011-01-21 03:00:00.000,2011,1,21,3,27004KT,12,11
2011-01-21 04:00:00.000,2011,1,21,4,24004KT,12,11
2011-01-21 05:00:00.000,2011,1,21,5,29004KT,11,10
2011-01-21 06:00:00.000,2011,1,21,6,32003KT,11,09
2011-01-21 07:00:00.000,2011,1,21,7,29003KT,11,09
2011-01-21 08:00:00.000,2011,1,21,8,34003KT,09,08
2011-01-21 09:00:00.000,2011,1,21,9,VRB02KT,08,08
2011-01-21 10:00:00.000,2011,1,21,10,VRB02KT,06,06
2011-01-21 10:30:00.000,2011,1,21,10,32004KT,06,06
2011-01-21 11:00:00.000,2011,1,21,11,33003KT,05,05
2011-01-21 12:00:00.000,2011,1,21,12,30004KT,06,05
2011-01-21 12:40:00.000,2011,1,21,12,03004KT,10,08
2011-01-21 13:00:00.000,2011,1,21,13,VRB02KT,11,08
2011-01-21 14:00:00.000,2011,1,21,14,27004KT,14,08
2011-01-21 15:00:00.000,2011,1,21,15,32004KT,16,08
2011-01-21 16:00:00.000,2011,1,21,16,28004KT,17,08
2011-01-21 17:00:00.000,2011,1,21,17,28010KT,19,04
2011-01-21 18:00:00.000,2011,1,21,18,24012KT,18,09
2011-01-21 19:00:00.000,2011,1,21,19,28012KT,18,09
2011-01-21 20:00:00.000,2011,1,21,20,28014KT,18,11
2011-01-21 21:00:00.000,2011,1,21,21,29014KT,18,12
2011-01-21 22:00:00.000,2011,1,21,22,28012KT,17,11
2011-01-21 23:00:00.000,2011,1,21,23,27012KT,15,11
2011-01-22 00:00:00.000,2011,1,22,0,32006KT,13,10
2011-01-22 01:00:00.000,2011,1,22,1,29006KT,13,10
2011-01-22 02:00:00.000,2011,1,22,2,VRB02KT,13,10
2011-01-22 03:00:00.000,2011,1,22,3,VRB02KT,13,10
2011-01-22 04:00:00.000,2011,1,22,4,VRB02KT,12,09
2011-01-22 05:00:00.000,2011,1,22,5,33006KT,11,09
2011-01-22 06:00:00.000,2011,1,22,6,VRB02KT,10,08
2011-01-22 07:00:00.000,2011,1,22,7,VRB02KT,09,07
2011-01-22 08:00:00.000,2011,1,22,8,31003KT,08,06
2011-01-22 09:00:00.000,2011,1,22,9,VRB02KT,08,07
2011-01-22 10:00:00.000,2011,1,22,10,VRB02KT,07,06
2011-01-22 10:30:00.000,2011,1,22,10,35004KT,06,05
2011-01-22 11:00:00.000,2011,1,22,11,VRB02KT,05,04
2011-01-22 12:00:00.000,2011,1,22,12,VRB02KT,07,06
2011-01-22 13:00:00.000,2011,1,22,13,03005KT,10,07
2011-01-22 14:00:00.000,2011,1,22,14,04003KT,13,09
2011-01-22 15:00:00.000,2011,1,22,15,05006KT,16,07
2011-01-22 16:00:00.000,2011,1,22,16,33004KT,19,07
2011-01-22 17:00:00.000,2011,1,22,17,35006KT,20,07
2011-01-22 18:00:00.000,2011,1,22,18,30008KT,20,11
2011-01-22 18:28:00.000,2011,1,22,18,32005KT,19,11
2011-01-22 19:00:00.000,2011,1,22,19,29007KT,19,11
2011-01-22 20:00:00.000,2011,1,22,20,26010KT,18,11
2011-01-22 21:00:00.000,2011,1,22,21,25010KT,18,12
2011-01-22 22:00:00.000,2011,1,22,22,29011KT,17,12
2011-01-22 23:00:00.000,2011,1,22,23,26008KT,15,12
2011-01-23 00:00:00.000,2011,1,23,0,27004KT,13,11
2011-01-23 01:00:00.000,2011,1,23,1,27004KT,13,12
2011-01-23 02:00:00.000,2011,1,23,2,30006KT,13,11
2011-01-23 03:00:00.000,2011,1,23,3,29008KT,12,11
2011-01-23 04:00:00.000,2011,1,23,4,VRB02KT,12,11
2011-01-23 05:00:00.000,2011,1,23,5,25004KT,12,10
2011-01-23 06:00:00.000,2011,1,23,6,VRB02KT,12,10
2011-01-23 07:00:00.000,2011,1,23,7,VRB02KT,11,10
2011-01-23 08:00:00.000,2011,1,23,8,VRB02KT,09,09
2011-01-23 09:00:00.000,2011,1,23,9,33004KT,09,08
2011-01-23 10:00:00.000,2011,1,23,10,VRB02KT,09,08
2011-01-23 11:00:00.000,2011,1,23,11,28003KT,09,08
2011-01-23 12:00:00.000,2011,1,23,12,VRB02KT,09,08
2011-01-23 13:00:00.000,2011,1,23,13,VRB02KT,11,09
2011-01-23 14:00:00.000,2011,1,23,14,06008KT,14,09
2011-01-23 15:00:00.000,2011,1,23,15,03007KT,16,09
2011-01-23 16:00:00.000,2011,1,23,16,07007KT,17,08
2011-01-23 17:00:00.000,2011,1,23,17,13007KT,19,07
2011-01-23 18:00:00.000,2011,1,23,18,VRB02KT,20,07
2011-01-23 19:00:00.000,2011,1,23,19,25006KT,20,11
2011-01-23 20:00:00.000,2011,1,23,20,24012KT,18,11
2011-01-23 21:00:00.000,2011,1,23,21,30012KT,18,11
2011-01-23 22:00:00.000,2011,1,23,22,30007KT,16,12
2011-01-23 23:00:00.000,2011,1,23,23,33008KT,14,12
2011-01-24 00:00:00.000,2011,1,24,0,31007KT,13,11
2011-01-24 01:00:00.000,2011,1,24,1,32005KT,13,11
2011-01-24 02:00:00.000,2011,1,24,2,05008KT,12,07
2011-01-24 03:00:00.000,2011,1,24,3,04004KT,11,06
2011-01-24 04:00:00.000,2011,1,24,4,08004KT,11,06
2011-01-24 06:00:00.000,2011,1,24,6,03003KT,08,08
2011-01-24 07:00:00.000,2011,1,24,7,03005KT,07,05
2011-01-24 08:00:00.000,2011,1,24,8,06005KT,07,05
2011-01-24 09:00:00.000,2011,1,24,9,VRB02KT,06,05
2011-01-24 10:00:00.000,2011,1,24,10,03006KT,05,04
2011-01-24 11:00:00.000,2011,1,24,11,07003KT,06,05
2011-01-24 12:00:00.000,2011,1,24,12,03003KT,05,05
2011-01-24 12:36:00.000,2011,1,24,12,03006KT,08,06
2011-01-24 13:00:00.000,2011,1,24,13,02006KT,10,07
2011-01-24 14:00:00.000,2011,1,24,14,02006KT,13,06
2011-01-24 15:00:00.000,2011,1,24,15,04008KT,15,04
2011-01-24 16:00:00.000,2011,1,24,16,04008KT,17,05
2011-01-24 17:00:00.000,2011,1,24,17,13008KT,19,05
2011-01-24 18:00:00.000,2011,1,24,18,21004KT,18,05
2011-01-24 19:00:00.000,2011,1,24,19,30008KT,19,05
2011-01-24 20:00:00.000,2011,1,24,20,26010KT,18,09
2011-01-24 21:00:00.000,2011,1,24,21,27011KT,17,10
2011-01-24 22:00:00.000,2011,1,24,22,26011KT,16,10
2011-01-24 23:00:00.000,2011,1,24,23,28010KT,15,10
2011-01-25 00:00:00.000,2011,1,25,0,31006KT,14,10
2011-01-25 01:00:00.000,2011,1,25,1,34005KT,13,10
2011-01-25 02:00:00.000,2011,1,25,2,34005KT,12,10
2011-01-25 03:00:00.000,2011,1,25,3,33005KT,12,09
2011-01-25 04:00:00.000,2011,1,25,4,33003KT,11,09
2011-01-25 05:00:00.000,2011,1,25,5,32003KT,11,08
2011-01-25 06:00:00.000,2011,1,25,6,00000KT,09,07
2011-01-25 07:00:00.000,2011,1,25,7,VRB02KT,09,06
2011-01-25 08:00:00.000,2011,1,25,8,VRB02KT,08,06
2011-01-25 09:00:00.000,2011,1,25,9,31003KT,07,06
2011-01-25 10:00:00.000,2011,1,25,10,VRB02KT,06,05
2011-01-25 10:35:00.000,2011,1,25,10,VRB02KT,06,05
2011-01-25 11:00:00.000,2011,1,25,11,33003KT,06,05
2011-01-25 11:22:00.000,2011,1,25,11,VRB02KT,04,04
2011-01-25 12:00:00.000,2011,1,25,12,VRB02KT,04,04
2011-01-25 12:28:00.000,2011,1,25,12,VRB02KT,06,06
2011-01-25 13:00:00.000,2011,1,25,13,33004KT,08,06
2011-01-25 14:00:00.000,2011,1,25,14,32004KT,12,08
2011-01-25 15:00:00.000,2011,1,25,15,30003KT,15,08
2011-01-25 16:00:00.000,2011,1,25,16,VRB02KT,17,05
2011-01-25 17:00:00.000,2011,1,25,17,31004KT,19,04
2011-01-25 18:00:00.000,2011,1,25,18,27014KT,19,11
2011-01-25 19:00:00.000,2011,1,25,19,24012KT,19,11
2011-01-25 20:00:00.000,2011,1,25,20,25010KT,18,11
2011-01-25 21:00:00.000,2011,1,25,21,26012KT,18,11
2011-01-25 22:00:00.000,2011,1,25,22,25009KT,17,10
2011-01-25 23:00:00.000,2011,1,25,23,29006KT,15,10
2011-01-26 00:00:00.000,2011,1,26,0,27005KT,14,10
2011-01-26 01:00:00.000,2011,1,26,1,00000KT,10,09
2011-01-26 02:00:00.000,2011,1,26,2,VRB02KT,11,01
2011-01-26 03:00:00.000,2011,1,26,3,00000KT,10,10
2011-01-26 04:00:00.000,2011,1,26,4,VRB02KT,10,09
2011-01-26 05:00:00.000,2011,1,26,5,VRB02KT,08,07
2011-01-26 06:00:00.000,2011,1,26,6,03005KT,07,07
2011-01-26 07:00:00.000,2011,1,26,7,VRB02KT,07,07
2011-01-26 08:00:00.000,2011,1,26,8,00000KT,05,05
2011-01-26 09:00:00.000,2011,1,26,9,30004KT,05,05
2011-01-26 10:00:00.000,2011,1,26,10,VRB02KT,04,04
2011-01-26 10:30:00.000,2011,1,26,10,00000KT,06,06
2011-01-26 11:00:00.000,2011,1,26,11,03004KT,05,05
2011-01-26 12:00:00.000,2011,1,26,12,VRB02KT,07,06
2011-01-26 13:00:00.000,2011,1,26,13,00000KT,23,19
2011-01-26 14:00:00.000,2011,1,26,14,05005KT,13,08
2011-01-26 15:00:00.000,2011,1,26,15,35006KT,16,09
2011-01-26 16:00:00.000,2011,1,26,16,VRB02KT,18,07
2011-01-26 17:00:00.000,2011,1,26,17,22006KT,20,06
2011-01-26 18:00:00.000,2011,1,26,18,26011KT,19,11
2011-01-26 19:00:00.000,2011,1,26,19,24014KT,19,12
2011-01-26 20:00:00.000,2011,1,26,20,24012KT,18,12
2011-01-26 21:00:00.000,2011,1,26,21,25010KT,19,12
2011-01-26 22:00:00.000,2011,1,26,22,26011KT,18,12
2011-01-26 23:00:00.000,2011,1,26,23,26009KT,16,11
2011-01-27 00:00:00.000,2011,1,27,0,00000KT,14,11
2011-01-27 01:00:00.000,2011,1,27,1,00000KT,14,10
2011-01-27 02:00:00.000,2011,1,27,2,00000KT,14,10
2011-01-27 03:00:00.000,2011,1,27,3,34004KT,13,11
2011-01-27 04:00:00.000,2011,1,27,4,03004KT,13,10
2011-01-27 05:00:00.000,2011,1,27,5,25004KT,12,11
2011-01-27 06:00:00.000,2011,1,27,6,33004KT,11,10
2011-01-27 07:00:00.000,2011,1,27,7,33004KT,11,09
2011-01-27 08:00:00.000,2011,1,27,8,28004KT,11,10
2011-01-27 09:00:00.000,2011,1,27,9,32004KT,10,09
2011-01-27 10:00:00.000,2011,1,27,10,00000KT,09,08
2011-01-27 10:30:00.000,2011,1,27,10,00000KT,09,08
2011-01-27 11:00:00.000,2011,1,27,11,30006KT,08,07
2011-01-27 12:00:00.000,2011,1,27,12,VRB02KT,09,08
2011-01-27 13:00:00.000,2011,1,27,13,04006KT,12,10
2011-01-27 14:00:00.000,2011,1,27,14,08003KT,15,11
2011-01-27 15:00:00.000,2011,1,27,15,30003KT,17,09
2011-01-27 16:00:00.000,2011,1,27,16,34004KT,18,09
2011-01-27 17:00:00.000,2011,1,27,17,33010KT,19,09
2011-01-27 18:00:00.000,2011,1,27,18,29015KT,19,12
2011-01-27 18:30:00.000,2011,1,27,18,30013KT,18,12
2011-01-27 19:00:00.000,2011,1,27,19,27013KT,18,12
2011-01-27 20:00:00.000,2011,1,27,20,29011KT,18,12
2011-01-27 20:20:00.000,2011,1,27,20,26010KT,17,11
2011-01-27 21:00:00.000,2011,1,27,21,08009KT,15,10
2011-01-27 21:15:00.000,2011,1,27,21,08007KT,14,08
2011-01-27 22:00:00.000,2011,1,27,22,01004KT,14,09
2011-01-27 23:00:00.000,2011,1,27,23,04003KT,14,10
2011-01-28 00:00:00.000,2011,1,28,0,33003KT,12,09
2011-01-28 01:00:00.000,2011,1,28,1,32004KT,13,10
2011-01-28 02:00:00.000,2011,1,28,2,31004KT,12,10
2011-01-28 03:00:00.000,2011,1,28,3,31004KT,11,09
2011-01-28 04:00:00.000,2011,1,28,4,VRB02KT,11,10
2011-01-28 06:00:00.000,2011,1,28,6,00000KT,09,09
2011-01-28 07:00:00.000,2011,1,28,7,03003KT,08,08
2011-01-28 08:00:00.000,2011,1,28,8,33003KT,07,07
2011-01-28 09:00:00.000,2011,1,28,9,35003KT,08,08
2011-01-28 10:00:00.000,2011,1,28,10,00000KT,09,09
2011-01-28 11:00:00.000,2011,1,28,11,03003KT,09,09
2011-01-28 12:00:00.000,2011,1,28,12,VRB02KT,09,08
2011-01-28 13:00:00.000,2011,1,28,13,06003KT,14,09
2011-01-28 14:00:00.000,2011,1,28,14,04006KT,15,07
2011-01-28 15:00:00.000,2011,1,28,15,VRB02KT,17,09
2011-01-28 16:00:00.000,2011,1,28,16,04006KT,19,06
2011-01-28 17:00:00.000,2011,1,28,17,05005KT,20,07
2011-01-28 18:00:00.000,2011,1,28,18,26010KT,20,11
2011-01-28 19:00:00.000,2011,1,28,19,29013KT,19,11
2011-01-28 20:00:00.000,2011,1,28,20,27014KT,18,12
2011-01-28 21:00:00.000,2011,1,28,21,28011KT,17,12
2011-01-28 22:00:00.000,2011,1,28,22,27012KT,16,12
2011-01-28 23:00:00.000,2011,1,28,23,29004KT,15,12
2011-01-29 00:00:00.000,2011,1,29,0,30004KT,13,12
2011-01-29 01:00:00.000,2011,1,29,1,29008KT,13,11
2011-01-29 02:00:00.000,2011,1,29,2,27006KT,13,11
2011-01-29 03:00:00.000,2011,1,29,3,25004KT,13,12
2011-01-29 04:00:00.000,2011,1,29,4,25004KT,13,11
2011-01-29 05:00:00.000,2011,1,29,5,00000KT,13,11
2011-01-29 06:00:00.000,2011,1,29,6,27004KT,12,10
2011-01-29 07:00:00.000,2011,1,29,7,16006KT,11,07
2011-01-29 08:00:00.000,2011,1,29,8,11004KT,11,06
2011-01-29 09:00:00.000,2011,1,29,9,07004KT,11,08
2011-01-29 10:00:00.000,2011,1,29,10,00000KT,10,08
2011-01-29 11:00:00.000,2011,1,29,11,06004KT,09,08
2011-01-29 12:00:00.000,2011,1,29,12,VRB02KT,10,08
2011-01-29 13:00:00.000,2011,1,29,13,06003KT,14,09
2011-01-29 14:00:00.000,2011,1,29,14,04006KT,15,07
2011-01-29 15:00:00.000,2011,1,29,15,04008KT,17,03
2011-01-29 16:00:00.000,2011,1,29,16,03007KT,18,04
2011-01-29 17:00:00.000,2011,1,29,17,34006KT,20,06
2011-01-29 18:00:00.000,2011,1,29,18,26008KT,19,10
2011-01-29 19:00:00.000,2011,1,29,19,28010KT,19,10
2011-01-29 20:00:00.000,2011,1,29,20,28010KT,17,11
2011-01-29 21:00:00.000,2011,1,29,21,26007KT,16,11
2011-01-29 22:00:00.000,2011,1,29,22,26006KT,16,11
2011-01-29 23:00:00.000,2011,1,29,23,24006KT,14,11
2011-01-30 00:00:00.000,2011,1,30,0,26004KT,14,12
2011-01-30 01:00:00.000,2011,1,30,1,26005KT,13,11
2011-01-30 02:00:00.000,2011,1,30,2,29004KT,13,11
2011-01-30 03:00:00.000,2011,1,30,3,VRB02KT,12,11
2011-01-30 04:00:00.000,2011,1,30,4,02006KT,1,10
2011-01-30 05:00:00.000,2011,1,30,5,VRB02KT,11,09
2011-01-30 06:00:00.000,2011,1,30,6,06007KT,09,08
2011-01-30 07:00:00.000,2011,1,30,7,VRB02KT,09,08
2011-01-30 08:00:00.000,2011,1,30,8,050062KT,,
2011-01-30 09:00:00.000,2011,1,30,9,07004KT,,
2011-01-30 10:00:00.000,2011,1,30,10,05004KT,,
2011-01-30 10:30:00.000,2011,1,30,10,04005KT,06,05
2011-01-30 11:00:00.000,2011,1,30,11,04004KT,07,06
2011-01-30 12:00:00.000,2011,1,30,12,05004KT,09,07
2011-01-30 13:00:00.000,2011,1,30,13,06007KT,11,07
2011-01-30 14:00:00.000,2011,1,30,14,05006KT,14,07
2011-01-30 15:00:00.000,2011,1,30,15,07007KT,16,06
2011-01-30 16:00:00.000,2011,1,30,16,05006KT,18,07
2011-01-30 17:00:00.000,2011,1,30,17,15007KT,20,07
2011-01-30 18:00:00.000,2011,1,30,18,25008KT,21,08
2011-01-30 19:00:00.000,2011,1,30,19,24009KT,20,12
2011-01-30 20:00:00.000,2011,1,30,20,26010KT,18,13
2011-01-30 21:00:00.000,2011,1,30,21,25012KT,17,12
2011-01-30 22:00:00.000,2011,1,30,22,26008KT,16,12
2011-01-30 23:00:00.000,2011,1,30,23,28008KT,14,11
2011-01-31 00:00:00.000,2011,1,31,0,VRB02KT,13,11
2011-01-31 01:00:00.000,2011,1,31,1,03004KT,13,11
2011-01-31 02:00:00.000,2011,1,31,2,34003KT,12,10
2011-01-31 03:00:00.000,2011,1,31,3,00000KT,12,10
2011-01-31 04:00:00.000,2011,1,31,4,00000KT,12,10
2011-01-31 05:00:00.000,2011,1,31,5,VRB02KT,11,10
2011-01-31 06:00:00.000,2011,1,31,6,VRB02KT,11,10
2011-01-31 07:00:00.000,2011,1,31,7,VRB02KT,10,08
2011-01-31 08:00:00.000,2011,1,31,8,03004KT,09,08
2011-01-31 09:00:00.000,2011,1,31,9,VRB02KT,09,08
2011-01-31 10:00:00.000,2011,1,31,10,VRB02KT,08,07
2011-01-31 10:30:00.000,2011,1,31,10,05006KT,08,07
2011-01-31 11:00:00.000,2011,1,31,11,05006KT,08,07
2011-01-31 12:00:00.000,2011,1,31,12,04006KT,10,08
2011-01-31 13:00:00.000,2011,1,31,13,05008KT,14,10
2011-01-31 14:00:00.000,2011,1,31,14,16008KT,16,08
2011-01-31 15:00:00.000,2011,1,31,15,12007KT,18,08
2011-01-31 16:00:00.000,2011,1,31,16,14008KT,18,08
2011-01-31 17:00:00.000,2011,1,31,17,28006KT,18,08
2011-01-31 18:00:00.000,2011,1,31,18,28010KT,18,10
2011-01-31 19:00:00.000,2011,1,31,19,26012KT,19,12
2011-01-31 20:00:00.000,2011,1,31,20,32012KT,16,12
2011-01-31 21:00:00.000,2011,1,31,21,30007KT,16,12
2011-01-31 22:00:00.000,2011,1,31,22,31003KT,16,12
2011-01-31 23:00:00.000,2011,1,31,23,26004KT,14,12
2011-02-01 00:00:00.000,2011,2,1,0,00000KT,12,11
2011-02-01 01:00:00.000,2011,2,1,1,30007KT,12,10
2011-02-01 02:00:00.000,2011,2,1,2,27003KT,12,10
2011-02-01 03:00:00.000,2011,2,1,3,31003KT,13,10
2011-02-01 04:00:00.000,2011,2,1,4,28003KT,12,09
2011-02-01 05:00:00.000,2011,2,1,5,04003KT,10,10
2011-02-01 06:00:00.000,2011,2,1,6,05003KT,10,09
2011-02-01 07:00:00.000,2011,2,1,7,06004KT,11,10
2011-02-01 08:00:00.000,2011,2,1,8,07004KT,11,09
2011-02-01 09:00:00.000,2011,2,1,9,VRB02KT,10,09
2011-02-01 10:00:00.000,2011,2,1,10,VRB02KT,09,09
2011-02-01 11:00:00.000,2011,2,1,11,35003KT,09,09
2011-02-01 12:00:00.000,2011,2,1,12,05006KT,09,08
2011-02-01 13:00:00.000,2011,2,1,13,06006KT,13,10
2011-02-01 14:00:00.000,2011,2,1,14,12008KT,15,09
2011-02-01 15:00:00.000,2011,2,1,15,10012KT,15,08
2011-02-01 16:00:00.000,2011,2,1,16,11012KT,16,09
2011-02-01 17:00:00.000,2011,2,1,17,12014KT,17,08
2011-02-01 18:00:00.000,2011,2,1,18,21012KT,17,08
2011-02-01 19:00:00.000,2011,2,1,19,16010KT,18,09
2011-02-01 20:00:00.000,2011,2,1,20,12012KT,19,08
2011-02-01 21:00:00.000,2011,2,1,21,13014KT,18,08
2011-02-01 22:00:00.000,2011,2,1,22,12010KT,17,08
2011-02-01 23:00:00.000,2011,2,1,23,09010KT,15,09
2011-02-02 00:00:00.000,2011,2,2,0,06008KT,14,08
2011-02-02 01:00:00.000,2011,2,2,1,05008KT,14,07
2011-02-02 02:00:00.000,2011,2,2,2,04008KT,12,07
2011-02-02 03:00:00.000,2011,2,2,3,07007KT,11,07
2011-02-02 04:00:00.000,2011,2,2,4,06006KT,11,07
2011-02-02 06:00:00.000,2011,2,2,6,05006KT,09,07
2011-02-02 07:00:00.000,2011,2,2,7,07003KT,09,07
2011-02-02 08:00:00.000,2011,2,2,8,05006KT,08,07
2011-02-02 09:00:00.000,2011,2,2,9,05006KT,08,06
2011-02-02 10:00:00.000,2011,2,2,10,04006KT,09,07
2011-02-02 10:30:00.000,2011,2,2,10,03006KT,10,08
2011-02-02 11:00:00.000,2011,2,2,11,04006KT,10,08
2011-02-02 12:00:00.000,2011,2,2,12,04006KT,11,07
2011-02-02 13:00:00.000,2011,2,2,13,07006KT,14,07
2011-02-02 14:00:00.000,2011,2,2,14,13010KT,16,03
2011-02-02 15:00:00.000,2011,2,2,15,13006KT,17,04
2011-02-02 16:00:00.000,2011,2,2,16,04010KT,17,02
2011-02-02 16:20:00.000,2011,2,2,16,11008KT,18,03
2011-02-02 17:00:00.000,2011,2,2,17,07007KT,19,04
2011-02-02 18:00:00.000,2011,2,2,18,10009KT,20,04
2011-02-02 19:00:00.000,2011,2,2,19,13015KT,20,04
2011-02-02 20:00:00.000,2011,2,2,20,12014KT,21,04
2011-02-02 21:00:00.000,2011,2,2,21,10010KT,20,04
2011-02-02 22:00:00.000,2011,2,2,22,05010KT,18,04
2011-02-02 23:00:00.000,2011,2,2,23,05008KT,16,04
2011-02-03 00:00:00.000,2011,2,3,0,09006KT,14,04
2011-02-03 01:00:00.000,2011,2,3,1,05006KT,14,05
2011-02-03 02:00:00.000,2011,2,3,2,03006KT,12,08
2011-02-03 03:00:00.000,2011,2,3,3,02004KT,12,05
2011-02-03 04:00:00.000,2011,2,3,4,01004KT,11,05
2011-02-03 05:00:00.000,2011,2,3,5,01004KT,07,05
2011-02-03 06:00:00.000,2011,2,3,6,34004KT,08,05
2011-02-03 07:00:00.000,2011,2,3,7,03004KT,05,04
2011-02-03 08:00:00.000,2011,2,3,8,02004KT,04,03
2011-02-03 09:00:00.000,2011,2,3,9,28004KT,05,05
2011-02-03 10:00:00.000,2011,2,3,10,00000KT,05,05
2011-02-03 10:30:00.000,2011,2,3,10,00000KT,04,04
2011-02-03 11:00:00.000,2011,2,3,11,34004KT,04,04
2011-02-03 11:30:00.000,2011,2,3,11,34003KT,03,03
2011-02-03 12:00:00.000,2011,2,3,12,VRB02KT,06,06
2011-02-03 13:00:00.000,2011,2,3,13,04006KT,08,08
2011-02-03 13:15:00.000,2011,2,3,13,03007KT,08,08
2011-02-03 14:00:00.000,2011,2,3,14,05007KT,11,09
2011-02-03 15:00:00.000,2011,2,3,15,03004KT,16,08
2011-02-03 16:00:00.000,2011,2,3,16,33003KT,18,07
2011-02-03 17:00:00.000,2011,2,3,17,29004KT,19,06
2011-02-03 18:00:00.000,2011,2,3,18,08005KT,19,07
2011-02-03 19:00:00.000,2011,2,3,19,29006KT,19,10
2011-02-03 20:00:00.000,2011,2,3,20,24009KT,20,10
2011-02-03 21:00:00.000,2011,2,3,21,24010KT,18,12
2011-02-03 22:00:00.000,2011,2,3,22,23006KT,17,14
2011-02-03 23:00:00.000,2011,2,3,23,30007KT,15,12
2011-02-04 00:00:00.000,2011,2,4,0,27004KT,13,11
2011-02-04 01:00:00.000,2011,2,4,1,VRB02KT,13,11
2011-02-04 02:00:00.000,2011,2,4,2,23004KT,12,11
2011-02-04 03:00:00.000,2011,2,4,3,00000KT,12,10
2011-02-04 04:00:00.000,2011,2,4,4,VRB02KT,12,11
2011-02-04 05:00:00.000,2011,2,4,5,33004KT,11,10
2011-02-04 06:00:00.000,2011,2,4,6,VRB02KT,11,10
2011-02-04 07:00:00.000,2011,2,4,7,03003KT,11,10
2011-02-04 08:00:00.000,2011,2,4,8,VRB02KT,10,09
2011-02-04 09:00:00.000,2011,2,4,9,VRB02KT,09,09
2011-02-04 10:00:00.000,2011,2,4,10,VRB02KT,08,08
2011-02-04 11:00:00.000,2011,2,4,11,VRB02KT,07,07
2011-02-04 12:00:00.000,2011,2,4,12,VRB02KT,08,07
2011-02-04 13:00:00.000,2011,2,4,13,VRB02KT,12,09
2011-02-04 14:00:00.000,2011,2,4,14,VRB02KT,15,10
2011-02-04 15:00:00.000,2011,2,4,15,VRB02KT,18,10
2011-02-04 16:00:00.000,2011,2,4,16,VRB02KT,20,09
2011-02-04 16:33:00.000,2011,2,4,16,04006KT,20,09
2011-02-04 17:00:00.000,2011,2,4,17,34005KT,20,09
2011-02-04 17:20:00.000,2011,2,4,17,25008KT,20,12
2011-02-04 18:00:00.000,2011,2,4,18,26010KT,20,13
2011-02-04 19:00:00.000,2011,2,4,19,28014KT,19,12
2011-02-04 20:00:00.000,2011,2,4,20,28014KT,18,13
2011-02-04 21:00:00.000,2011,2,4,21,23009KT,17,13
2011-02-04 22:00:00.000,2011,2,4,22,24005KT,16,13
2011-02-04 23:00:00.000,2011,2,4,23,26007KT,15,12
2011-02-05 00:00:00.000,2011,2,5,0,30006KT,14,12
2011-02-05 01:00:00.000,2011,2,5,1,32004KT,14,12
2011-02-05 02:00:00.000,2011,2,5,2,31004KT,13,12
2011-02-05 03:00:00.000,2011,2,5,3,31004KT,13,12
2011-02-05 04:00:00.000,2011,2,5,4,27004KT,12,11
2011-02-05 05:00:00.000,2011,2,5,5,30004KT,12,11
2011-02-05 06:00:00.000,2011,2,5,6,28004KT,12,10
2011-02-05 07:00:00.000,2011,2,5,7,33004KT,11,10
2011-02-05 08:00:00.000,2011,2,5,8,35004KT,09,09
2011-02-05 08:10:00.000,2011,2,5,8,04004KT,09,09
2011-02-05 09:00:00.000,2011,2,5,9,02004KT,,
2011-02-05 10:00:00.000,2011,2,5,10,31004KT,09,09
2011-02-05 10:30:00.000,2011,2,5,10,34004KT,09,08
2011-02-05 11:00:00.000,2011,2,5,11,31004KT,08,08
2011-02-05 12:00:00.000,2011,2,5,12,35003KT,09,08
2011-02-05 12:30:00.000,2011,2,5,12,34003KT,09,08
2011-02-05 13:00:00.000,2011,2,5,13,33004KT,11,10
2011-02-05 14:00:00.000,2011,2,5,14,02004KT,13,11
2011-02-05 15:00:00.000,2011,2,5,15,VRB02KT,17,11
2011-02-05 16:00:00.000,2011,2,5,16,02006KT,19,10
2011-02-05 17:00:00.000,2011,2,5,17,26006KT,20,09
2011-02-05 18:00:00.000,2011,2,5,18,26013KT,20,10
2011-02-05 19:00:00.000,2011,2,5,19,28014KT,20,11
2011-02-05 20:00:00.000,2011,2,5,20,26012KT,19,10
2011-02-05 20:15:00.000,2011,2,5,20,26012KT,19,10
2011-02-05 21:00:00.000,2011,2,5,21,25012KT,19,11
2011-02-05 22:00:00.000,2011,2,5,22,24010KT,17,12
2011-02-05 22:20:00.000,2011,2,5,22,24010KT,17,12
2011-02-05 23:00:00.000,2011,2,5,23,24006KT,16,12
2011-02-06 00:00:00.000,2011,2,6,0,12006KT,14,12
2011-02-06 01:00:00.000,2011,2,6,1,09005KT,13,12
2011-02-06 02:00:00.000,2011,2,6,2,06006KT,13,11
2011-02-06 03:00:00.000,2011,2,6,3,03005KT,13,11
2011-02-06 04:00:00.000,2011,2,6,4,03006KT,13,11
2011-02-06 05:00:00.000,2011,2,6,5,35004KT,12,10
2011-02-06 06:00:00.000,2011,2,6,6,03005KT,12,10
2011-02-06 07:00:00.000,2011,2,6,7,04003KT,12,10
2011-02-06 08:00:00.000,2011,2,6,8,05006KT,11,10
2011-02-06 09:00:00.000,2011,2,6,9,04005KT,12,10
2011-02-06 10:00:00.000,2011,2,6,10,03005KT,11,10
2011-02-06 10:30:00.000,2011,2,6,10,06006KT,12,10
2011-02-06 11:00:00.000,2011,2,6,11,06006KT,12,10
2011-02-06 12:00:00.000,2011,2,6,12,03006KT,12,10
2011-02-06 13:00:00.000,2011,2,6,13,04005KT,12,10
2011-02-06 14:00:00.000,2011,2,6,14,07005KT,14,10
2011-02-06 15:00:00.000,2011,2,6,15,VRB02KT,16,10
2011-02-06 16:00:00.000,2011,2,6,16,14008KT,17,10
2011-02-06 17:00:00.000,2011,2,6,17,VRB02KT,18,09
2011-02-06 18:00:00.000,2011,2,6,18,VRB02KT,18,08
2011-02-06 19:00:00.000,2011,2,6,19,23014KT,18,12
2011-02-06 20:00:00.000,2011,2,6,20,25012KT,17,12
2011-02-06 21:00:00.000,2011,2,6,21,07008KT,17,11
2011-02-06 22:00:00.000,2011,2,6,22,23010KT,15,12
2011-02-06 23:00:00.000,2011,2,6,23,26005KT,14,11
2011-02-07 00:00:00.000,2011,2,7,0,33005KT,14,12
2011-02-07 01:00:00.000,2011,2,7,1,33004KT,14,11
2011-02-07 02:00:00.000,2011,2,7,2,VRB02KT,14,10
2011-02-07 03:00:00.000,2011,2,7,3,VRB02KT,13,09
2011-02-07 04:00:00.000,2011,2,7,4,VRB02KT,12,10
2011-02-07 05:00:00.000,2011,2,7,5,VRB02KT,11,09
2011-02-07 06:00:00.000,2011,2,7,6,VRB02KT,11,09
2011-02-07 07:00:00.000,2011,2,7,7,03004KT,12,09
2011-02-07 08:00:00.000,2011,2,7,8,VRB02KT,11,09
2011-02-07 09:00:00.000,2011,2,7,9,03003KT,11,09
2011-02-07 10:00:00.000,2011,2,7,10,04008KT,11,09
2011-02-07 10:30:00.000,2011,2,7,10,05006KT,11,09
2011-02-07 11:00:00.000,2011,2,7,11,05005KT,10,09
2011-02-07 12:00:00.000,2011,2,7,12,06006KT,11,09
2011-02-07 13:00:00.000,2011,2,7,13,03006KT,12,09
2011-02-07 14:00:00.000,2011,2,7,14,05004KT,13,10
2011-02-07 14:23:00.000,2011,2,7,14,05004KT,13,10
2011-02-07 15:00:00.000,2011,2,7,15,VRB02KT,13,09
2011-02-07 16:00:00.000,2011,2,7,16,06004KT,14,10
2011-02-07 17:00:00.000,2011,2,7,17,06004KT,17,08
2011-02-07 18:00:00.000,2011,2,7,18,27006KT,17,08
2011-02-07 19:00:00.000,2011,2,7,19,27012KT,17,11
2011-02-07 20:00:00.000,2011,2,7,20,26007KT,15,11
2011-02-07 21:00:00.000,2011,2,7,21,23007KT,14,10
2011-02-07 22:00:00.000,2011,2,7,22,30006KT,15,10
2011-02-07 23:00:00.000,2011,2,7,23,32005KT,13,10
2011-02-08 00:00:00.000,2011,2,8,0,27004KT,13,09
2011-02-08 01:00:00.000,2011,2,8,1,VRB02KT,13,09
2011-02-08 02:00:00.000,2011,2,8,2,29003KT,13,10
2011-02-08 03:00:00.000,2011,2,8,3,36004KT,13,10
2011-02-08 04:00:00.000,2011,2,8,4,VRB02KT,12,11
2011-02-08 05:00:00.000,2011,2,8,5,03004KT,12,10
2011-02-08 06:00:00.000,2011,2,8,6,VRB02KT,11,11
2011-02-08 07:00:00.000,2011,2,8,7,VRB02KT,11,10
2011-02-08 08:00:00.000,2011,2,8,8,24004KT,10,09
2011-02-08 09:00:00.000,2011,2,8,9,VRB02KT,10,09
2011-02-08 10:00:00.000,2011,2,8,10,VRB02KT,10,09
2011-02-08 10:30:00.000,2011,2,8,10,00000KT,10,09
2011-02-08 11:00:00.000,2011,2,8,11,VRB02KT,10,10
2011-02-08 12:00:00.000,2011,2,8,12,33003KT,11,10
2011-02-08 13:00:00.000,2011,2,8,13,33003KT,13,11
2011-02-08 14:00:00.000,2011,2,8,14,VRB02KT,14,11
2011-02-08 15:00:00.000,2011,2,8,15,32004KT,15,10
2011-02-08 16:00:00.000,2011,2,8,16,VRB02KT,17,10
2011-02-08 17:00:00.000,2011,2,8,17,33009KT,16,10
2011-02-08 18:00:00.000,2011,2,8,18,33010KT,15,11
2011-02-08 19:00:00.000,2011,2,8,19,27012KT,14,11
2011-02-08 20:00:00.000,2011,2,8,20,24012KT,16,11
2011-02-08 21:00:00.000,2011,2,8,21,27010KT,16,10
2011-02-08 22:00:00.000,2011,2,8,22,25010KT,15,11
2011-02-08 23:00:00.000,2011,2,8,23,25010KT,14,11
2011-02-09 00:00:00.000,2011,2,9,0,31008KT,14,11
2011-02-09 01:00:00.000,2011,2,9,1,31006KT,14,11
2011-02-09 02:00:00.000,2011,2,9,2,28006KT,13,11
2011-02-09 03:00:00.000,2011,2,9,3,27004KT,13,11
2011-02-09 04:00:00.000,2011,2,9,4,27004KT,13,11
2011-02-09 04:30:00.000,2011,2,9,4,27003KT,13,11
2011-02-09 05:00:00.000,2011,2,9,5,24004KT,13,12
2011-02-09 06:00:00.000,2011,2,9,6,21003KT,13,12
2011-02-09 07:00:00.000,2011,2,9,7,29006KT,13,12
2011-02-09 08:00:00.000,2011,2,9,8,VRB02KT,12,11
2011-02-09 08:06:00.000,2011,2,9,8,VRB02KT,12,11
2011-02-09 09:00:00.000,2011,2,9,9,VRB02KT,12,11
2011-02-09 10:00:00.000,2011,2,9,10,VRB02KT,12,11
2011-02-09 10:30:00.000,2011,2,9,10,VRB02KT,12,11
2011-02-09 11:00:00.000,2011,2,9,11,VRB02KT,12,12
2011-02-09 12:00:00.000,2011,2,9,12,06006KT,11,10
2011-02-09 13:00:00.000,2011,2,9,13,05004KT,12,10
2011-02-09 14:00:00.000,2011,2,9,14,04004KT,13,11
2011-02-09 15:00:00.000,2011,2,9,15,VRB02KT,14,12
2011-02-09 16:00:00.000,2011,2,9,16,VRB02KT,14,11
2011-02-09 17:00:00.000,2011,2,9,17,VRB02KT,16,11
2011-02-09 18:00:00.000,2011,2,9,18,VRB02KT,17,11
2011-02-09 19:00:00.000,2011,2,9,19,23007KT,15,12
2011-02-09 20:00:00.000,2011,2,9,20,31005KT,16,12
2011-02-09 20:40:00.000,2011,2,9,20,2007KT,14,12
2011-02-09 21:00:00.000,2011,2,9,21,28007KT,13,12
2011-02-09 21:17:00.000,2011,2,9,21,27004KT,13,12
2011-02-09 22:00:00.000,2011,2,9,22,VRB02KT,13,12
2011-02-09 23:00:00.000,2011,2,9,23,21004KT,14,11
2011-02-10 00:00:00.000,2011,2,10,0,30004KT,14,11
2011-02-10 01:00:00.000,2011,2,10,1,31004KT,13,11
2011-02-10 02:00:00.000,2011,2,10,2,VRB02KT,13,11
2011-02-10 03:00:00.000,2011,2,10,3,02003KT,12,12
2011-02-10 04:00:00.000,2011,2,10,4,VRB02KT,11,11
2011-02-10 05:00:00.000,2011,2,10,5,VRB02KT,11,11
2011-02-10 07:00:00.000,2011,2,10,7,34003KT,11,11
2011-02-10 08:00:00.000,2011,2,10,8,32003KT,11,11
2011-02-10 09:00:00.000,2011,2,10,9,VRB02KT,11,11
2011-02-10 10:00:00.000,2011,2,10,10,VRB02KT,11,11
2011-02-10 11:00:00.000,2011,2,10,11,05005KT,12,11
2011-02-10 12:00:00.000,2011,2,10,12,05008KT,12,10
2011-02-10 13:00:00.000,2011,2,10,13,06008KT,12,10
2011-02-10 14:00:00.000,2011,2,10,14,05008KT,14,11
2011-02-10 15:00:00.000,2011,2,10,15,04008KT,15,11
2011-02-10 16:00:00.000,2011,2,10,16,06006KT,17,11
2011-02-10 17:00:00.000,2011,2,10,17,12007KT,18,11
2011-02-10 18:00:00.000,2011,2,10,18,30006KT,18,11
2011-02-10 19:00:00.000,2011,2,10,19,23010KT,18,12
2011-02-10 20:00:00.000,2011,2,10,20,25010KT,16,12
2011-02-10 21:00:00.000,2011,2,10,21,26008KT,17,11
2011-02-10 22:00:00.000,2011,2,10,22,27010KT,17,11
2011-02-10 23:00:00.000,2011,2,10,23,29006KT,15,12
2011-02-10 23:30:00.000,2011,2,10,23,00000KT,,
2011-02-11 00:00:00.000,2011,2,11,0,26004KT,14,12
2011-02-11 01:00:00.000,2011,2,11,1,23004KT,13,12
2011-02-11 02:00:00.000,2011,2,11,2,VRB02KT,12,11
2011-02-11 03:00:00.000,2011,2,11,3,27004KT,12,11
2011-02-11 04:00:00.000,2011,2,11,4,26004KT,11,10
2011-02-11 05:00:00.000,2011,2,11,5,VRB02KT,11,10
2011-02-11 06:00:00.000,2011,2,11,6,27003KT,11,10
2011-02-11 07:00:00.000,2011,2,11,7,VRB02KT,11,11
2011-02-11 08:00:00.000,2011,2,11,8,VRB02KT,11,11
2011-02-11 09:00:00.000,2011,2,11,9,VRB02KT,10,10
2011-02-11 10:00:00.000,2011,2,11,10,VRB02KT,10,10
2011-02-11 10:30:00.000,2011,2,11,10,26003KT,10,09
2011-02-11 11:00:00.000,2011,2,11,11,00000KT,09,09
2011-02-11 11:00:00.000,2011,2,11,11,00000KT,09,09
2011-02-11 12:00:00.000,2011,2,11,12,00000KT,10,10
2011-02-11 13:00:00.000,2011,2,11,13,32004KT,11,10
2011-02-11 14:00:00.000,2011,2,11,14,30004KT,13,11
2011-02-11 15:00:00.000,2011,2,11,15,06010KT,15,10
2011-02-11 16:00:00.000,2011,2,11,16,09006KT,18,11
2011-02-11 17:00:00.000,2011,2,11,17,33008KT,16,11
2011-02-11 17:14:00.000,2011,2,11,17,33008KT,16,11
2011-02-11 18:00:00.000,2011,2,11,18,06010KT,16,10
2011-02-11 18:15:00.000,2011,2,11,18,06010KT,16,10
2011-02-11 18:35:00.000,2011,2,11,18,17010KT,14,10
2011-02-11 19:00:00.000,2011,2,11,19,11006KT,,
2011-02-11 19:32:00.000,2011,2,11,19,21004KT,13,12
2011-02-11 20:00:00.000,2011,2,11,20,10008KT,13,12
2011-02-11 20:15:00.000,2011,2,11,20,31004KT,13,12
2011-02-11 21:00:00.000,2011,2,11,21,32006KT,13,12
2011-02-11 21:22:00.000,2011,2,11,21,33004KT,13,11
2011-02-11 22:00:00.000,2011,2,11,22,31008KT,13,12
2011-02-11 23:00:00.000,2011,2,11,23,30010KT,13,11
2011-02-12 00:00:00.000,2011,2,12,0,VRB02KT,13,11
2011-02-12 01:00:00.000,2011,2,12,1,00000KT,13,12
2011-02-12 02:00:00.000,2011,2,12,2,00000KT,13,12
2011-02-12 03:00:00.000,2011,2,12,3,28003KT,13,12
2011-02-12 04:00:00.000,2011,2,12,4,06003KT,13,12
2011-02-12 05:00:00.000,2011,2,12,5,VRB02KT,13,12
2011-02-12 06:00:00.000,2011,2,12,6,VRB02KT,12,11
2011-02-12 07:00:00.000,2011,2,12,7,03003KT,12,11
2011-02-12 08:00:00.000,2011,2,12,8,14004KT,12,11
2011-02-12 09:00:00.000,2011,2,12,9,35004KT,11,10
2011-02-12 10:00:00.000,2011,2,12,10,34004KT,11,10
2011-02-12 10:30:00.000,2011,2,12,10,35004KT,11,10
2011-02-12 11:00:00.000,2011,2,12,11,07005KT,12,11
2011-02-12 12:00:00.000,2011,2,12,12,06006KT,11,10
2011-02-12 13:00:00.000,2011,2,12,13,03008KT,13,11
2011-02-12 14:00:00.000,2011,2,12,14,04004KT,15,11
2011-02-12 15:00:00.000,2011,2,12,15,06008KT,17,11
2011-02-12 16:00:00.000,2011,2,12,16,11004KT,17,10
2011-02-12 17:00:00.000,2011,2,12,17,14004KT,17,09
2011-02-12 18:00:00.000,2011,2,12,18,24006KT,17,12
2011-02-12 19:00:00.000,2011,2,12,19,22004KT,18,13
2011-02-12 20:00:00.000,2011,2,12,20,32006KT,18,12
2011-02-12 21:00:00.000,2011,2,12,21,27012KT,17,13
2011-02-12 22:00:00.000,2011,2,12,22,27010KT,17,13
2011-02-12 23:00:00.000,2011,2,12,23,28006KT,16,13
2011-02-13 00:00:00.000,2011,2,13,0,25005KT,14,13
2011-02-13 01:00:00.000,2011,2,13,1,04005KT,14,13
2011-02-13 02:00:00.000,2011,2,13,2,VRB02KT,14,13
2011-02-13 03:00:00.000,2011,2,13,3,02006KT,13,12
2011-02-13 04:00:00.000,2011,2,13,4,VRB02KT,13,12
2011-02-13 05:00:00.000,2011,2,13,5,04003KT,13,12
2011-02-13 06:00:00.000,2011,2,13,6,33004KT,12,12
2011-02-13 07:00:00.000,2011,2,13,7,32003KT,12,12
2011-02-13 08:00:00.000,2011,2,13,8,VRB02KT,11,11
2011-02-13 09:00:00.000,2011,2,13,9,24003KT,12,11
2011-02-13 10:00:00.000,2011,2,13,10,VRB02KT,12,11
2011-02-13 10:30:00.000,2011,2,13,10,34003KT,12,11
2011-02-13 11:00:00.000,2011,2,13,11,04003KT,12,11
2011-02-13 12:00:00.000,2011,2,13,12,14004KT,11,11
2011-02-13 13:00:00.000,2011,2,13,13,03006KT,13,11
2011-02-13 14:00:00.000,2011,2,13,14,34004KT,14,11
2011-02-13 15:00:00.000,2011,2,13,15,29004KT,16,11
2011-02-13 16:00:00.000,2011,2,13,16,26004KT,18,11
2011-02-13 17:00:00.000,2011,2,13,17,26004KT,19,10
2011-02-13 18:00:00.000,2011,2,13,18,29011KT,19,13
2011-02-13 19:00:00.000,2011,2,13,19,31012KT,16,13
2011-02-13 20:00:00.000,2011,2,13,20,26010KT,16,13
2011-02-13 21:00:00.000,2011,2,13,21,26006KT,15,12
2011-02-13 22:00:00.000,2011,2,13,22,31005KT,15,13
2011-02-13 23:00:00.000,2011,2,13,23,28005KT,14,13
2011-02-14 00:00:00.000,2011,2,14,0,35005KT,14,12
2011-02-14 01:00:00.000,2011,2,14,1,02006KT,13,11
2011-02-14 02:00:00.000,2011,2,14,2,02004KT,13,11
2011-02-14 03:00:00.000,2011,2,14,3,VRB02KT,12,11
2011-02-14 04:00:00.000,2011,2,14,4,34004KT,12,10
2011-02-14 05:00:00.000,2011,2,14,5,05003KT,12,11
2011-02-14 06:00:00.000,2011,2,14,6,00000KT,11,10
2011-02-14 07:00:00.000,2011,2,14,7,00000KT,11,10
2011-02-14 08:00:00.000,2011,2,14,8,VRB02KT,11,10
2011-02-14 09:00:00.000,2011,2,14,9,VRB02KT,11,10
2011-02-14 10:00:00.000,2011,2,14,10,00000KT,11,10
2011-02-14 10:30:00.000,2011,2,14,10,32004KT,11,10
2011-02-14 11:00:00.000,2011,2,14,11,VRB02KT,11,11
2011-02-14 12:00:00.000,2011,2,14,12,VRB02KT,12,11
2011-02-14 12:16:00.000,2011,2,14,12,00000KT,,
2011-02-14 13:00:00.000,2011,2,14,13,VRB02KT,14,11
2011-02-14 14:00:00.000,2011,2,14,14,VRB02KT,15,11
2011-02-14 15:00:00.000,2011,2,14,15,35004KT,17,11
2011-02-14 16:00:00.000,2011,2,14,16,02004KT,18,11
2011-02-14 17:00:00.000,2011,2,14,17,28005KT,17,12
2011-02-14 17:36:00.000,2011,2,14,17,32007KT,15,13
2011-02-14 18:00:00.000,2011,2,14,18,31009KT,15,13
2011-02-14 19:00:00.000,2011,2,14,19,30009KT,13,12
2011-02-14 20:00:00.000,2011,2,14,20,31010KT,13,12
2011-02-14 21:00:00.000,2011,2,14,21,30003KT,14,12
2011-02-14 22:00:00.000,2011,2,14,22,28003KT,15,12
2011-02-14 23:00:00.000,2011,2,14,23,24003KT,14,12
2011-02-15 00:00:00.000,2011,2,15,0,28003KT,13,12
2011-02-15 01:00:00.000,2011,2,15,1,31003KT,13,11
2011-02-15 02:00:00.000,2011,2,15,2,33005KT,12,11
2011-02-15 03:00:00.000,2011,2,15,3,33003KT,11,10
2011-02-15 04:00:00.000,2011,2,15,4,35003KT,11,10
2011-02-15 05:00:00.000,2011,2,15,5,27003KT,10,10
2011-02-15 06:00:00.000,2011,2,15,6,VRB02KT,10,09
2011-02-15 07:00:00.000,2011,2,15,7,36003KT,09,09
2011-02-15 08:00:00.000,2011,2,15,8,30003KT,09,09
2011-02-15 09:00:00.000,2011,2,15,9,23005KT,09,09
2011-02-15 10:00:00.000,2011,2,15,10,04004KT,09,09
2011-02-15 10:30:00.000,2011,2,15,10,VRB02KT,08,08
2011-02-15 11:00:00.000,2011,2,15,11,VRB02KT,08,07
2011-02-15 11:10:00.000,2011,2,15,11,VRB02KT,08,07
2011-02-15 11:30:00.000,2011,2,15,11,VRB02KT,07,07
2011-02-15 12:00:00.000,2011,2,15,12,33003KT,07,07
2011-02-15 12:27:00.000,2011,2,15,12,VRB02KT,08,08
2011-02-15 13:00:00.000,2011,2,15,13,32003KT,09,08
2011-02-15 13:10:00.000,2011,2,15,13,03003KT,10,09
2011-02-15 13:30:00.000,2011,2,15,13,04004KT,11,10
2011-02-15 14:00:00.000,2011,2,15,14,06004KT,12,10
2011-02-15 15:00:00.000,2011,2,15,15,VRB02KT,17,09
2011-02-15 16:00:00.000,2011,2,15,16,32003KT,18,09
2011-02-15 17:00:00.000,2011,2,15,17,02003KT,18,08
2011-02-15 18:00:00.000,2011,2,15,18,28005KT,17,09
2011-02-15 19:00:00.000,2011,2,15,19,31005KT,19,09
2011-02-15 20:00:00.000,2011,2,15,20,24011KT,18,12
2011-02-15 21:00:00.000,2011,2,15,21,28008KT,18,12
2011-02-15 22:00:00.000,2011,2,15,22,30012KT,17,12
2011-02-15 23:00:00.000,2011,2,15,23,24008KT,16,12
2011-02-16 00:00:00.000,2011,2,16,0,28006KT,15,12
2011-02-16 01:00:00.000,2011,2,16,1,30005KT,14,12
2011-02-16 02:00:00.000,2011,2,16,2,33004KT,14,12
2011-02-16 03:00:00.000,2011,2,16,3,34003KT,14,11
2011-02-16 04:00:00.000,2011,2,16,4,32003KT,13,12
2011-02-16 05:00:00.000,2011,2,16,5,VRB02KT,13,11
2011-02-16 06:00:00.000,2011,2,16,6,03003KT,12,11
2011-02-16 07:00:00.000,2011,2,16,7,06003KT,12,11
2011-02-16 08:00:00.000,2011,2,16,8,03006KT,12,11
2011-02-16 09:00:00.000,2011,2,16,9,05005KT,13,11
2011-02-16 10:00:00.000,2011,2,16,10,03003KT,12,11
2011-02-16 10:30:00.000,2011,2,16,10,05004KT,12,11
2011-02-16 11:00:00.000,2011,2,16,11,01003KT,12,11
2011-02-16 12:00:00.000,2011,2,16,12,08003KT,12,10
2011-02-16 13:00:00.000,2011,2,16,13,04006KT,14,11
2011-02-16 14:00:00.000,2011,2,16,14,06008KT,15,11
2011-02-16 15:00:00.000,2011,2,16,15,03006KT,17,11
2011-02-16 16:00:00.000,2011,2,16,16,04005KT,18,11
2011-02-16 17:00:00.000,2011,2,16,17,31007KT,19,11
2011-02-16 18:00:00.000,2011,2,16,18,32006KT,17,12
2011-02-16 18:25:00.000,2011,2,16,18,17010KT,16,13
2011-02-16 19:00:00.000,2011,2,16,19,22008KT,15,13
2011-02-16 20:00:00.000,2011,2,16,20,24008KT,15,13
2011-02-16 21:00:00.000,2011,2,16,21,32004KT,16,12
2011-02-16 22:00:00.000,2011,2,16,22,30006KT,15,12
2011-02-16 23:00:00.000,2011,2,16,23,33006KT,13,12
2011-02-17 00:00:00.000,2011,2,17,0,00000KT,13,12
2011-02-17 01:00:00.000,2011,2,17,1,VRB02KT,12,11
2011-02-17 02:00:00.000,2011,2,17,2,VRB02KT,12,11
2011-02-17 03:00:00.000,2011,2,17,3,VRB02KT,12,11
2011-02-17 04:00:00.000,2011,2,17,4,00000KT,12,11
2011-02-17 05:00:00.000,2011,2,17,5,00000KT,12,11
2011-02-17 06:00:00.000,2011,2,17,6,00000KT,11,11
2011-02-17 07:00:00.000,2011,2,17,7,00000KT,11,11
2011-02-17 08:00:00.000,2011,2,17,8,30003KT,11,11
2011-02-17 09:00:00.000,2011,2,17,9,00000KT,11,11
2011-02-17 10:00:00.000,2011,2,17,10,00000KT,23,22
2011-02-17 10:30:00.000,2011,2,17,10,00000KT,10,10
2011-02-17 11:00:00.000,2011,2,17,11,VRB02KT,10,10
2011-02-17 11:30:00.000,2011,2,17,11,VRB02KT,11,10
2011-02-17 12:00:00.000,2011,2,17,12,VRB02KT,11,11
2011-02-17 13:00:00.000,2011,2,17,13,05004KT,12,11
2011-02-17 14:00:00.000,2011,2,17,14,02005KT,13,11
2011-02-17 15:00:00.000,2011,2,17,15,VRB02KT,15,12
2011-02-17 16:00:00.000,2011,2,17,16,VRB02KT,17,10
2011-02-17 17:00:00.000,2011,2,17,17,VRB02KT,18,10
2011-02-17 18:00:00.000,2011,2,17,18,28010KT,19,12
2011-02-17 19:00:00.000,2011,2,17,19,30012KT,17,13
2011-02-17 20:00:00.000,2011,2,17,20,30012KT,17,12
2011-02-17 21:00:00.000,2011,2,17,21,32012KT,17,12
2011-02-17 21:30:00.000,2011,2,17,21,33010KT,16,11
2011-02-17 22:00:00.000,2011,2,17,22,34008KT,15,11
2011-02-17 23:00:00.000,2011,2,17,23,30008KT,14,12
2011-02-18 00:00:00.000,2011,2,18,0,31006KT,13,12
2011-02-18 01:00:00.000,2011,2,18,1,33005KT,13,11
2011-02-18 02:00:00.000,2011,2,18,2,27004KT,12,11
2011-02-18 03:00:00.000,2011,2,18,3,32006KT,12,11
2011-02-18 04:00:00.000,2011,2,18,4,30004KT,12,10
2011-02-18 05:00:00.000,2011,2,18,5,VRB02KT,11,10
2011-02-18 06:00:00.000,2011,2,18,6,VRB02KT,11,10
2011-02-18 07:00:00.000,2011,2,18,7,VRB02KT,10,09
2011-02-18 08:00:00.000,2011,2,18,8,VRB02KT,09,09
2011-02-18 09:00:00.000,2011,2,18,9,00000KT,08,08
2011-02-18 10:00:00.000,2011,2,18,10,VRB02KT,08,08
2011-02-18 11:00:00.000,2011,2,18,11,11004KT,07,07
2011-02-18 11:30:00.000,2011,2,18,11,30004KT,09,09
2011-02-18 12:00:00.000,2011,2,18,12,34004KT,10,09
2011-02-18 12:20:00.000,2011,2,18,12,34006KT,10,09
2011-02-18 13:00:00.000,2011,2,18,13,10006KT,12,11
2011-02-18 14:00:00.000,2011,2,18,14,04004KT,13,11
2011-02-18 15:00:00.000,2011,2,18,15,VRB02KT,15,11
2011-02-18 16:00:00.000,2011,2,18,16,02003KT,16,11
2011-02-18 17:00:00.000,2011,2,18,17,03003KT,18,12
2011-02-18 18:00:00.000,2011,2,18,18,29007KT,19,11
2011-02-18 18:35:00.000,2011,2,18,18,29009KT,20,12
2011-02-18 19:00:00.000,2011,2,18,19,32014KT,19,12
2011-02-18 20:00:00.000,2011,2,18,20,33012KT,18,12
2011-02-18 21:00:00.000,2011,2,18,21,32015KT,18,12
2011-02-18 22:00:00.000,2011,2,18,22,30018KT,16,12
2011-02-18 23:00:00.000,2011,2,18,23,31010KT,14,12
2011-02-19 00:00:00.000,2011,2,19,0,33008KT,13,12
2011-02-19 01:00:00.000,2011,2,19,1,34005KT,13,12
2011-02-19 02:00:00.000,2011,2,19,2,36005KT,12,11
2011-02-19 03:00:00.000,2011,2,19,3,34007KT,12,11
2011-02-19 04:00:00.000,2011,2,19,4,34005KT,12,11
2011-02-19 05:00:00.000,2011,2,19,5,31004KT,12,11
2011-02-19 06:00:00.000,2011,2,19,6,VRB02KT,12,10
2011-02-19 07:00:00.000,2011,2,19,7,VRB02KT,11,10
2011-02-19 08:00:00.000,2011,2,19,8,31004KT,09,09
2011-02-19 08:30:00.000,2011,2,19,8,01004KT,09,09
2011-02-19 09:00:00.000,2011,2,19,9,VRB02KT,09,09
2011-02-19 10:00:00.000,2011,2,19,10,29003KT,10,09
2011-02-19 11:00:00.000,2011,2,19,11,01004KT,10,09
2011-02-19 12:00:00.000,2011,2,19,12,06003KT,12,10
2011-02-19 13:00:00.000,2011,2,19,13,04006KT,14,11
2011-02-19 14:00:00.000,2011,2,19,14,30003KT,15,10
2011-02-19 15:00:00.000,2011,2,19,15,VRB02KT,17,11
2011-02-19 17:00:00.000,2011,2,19,17,26008KT,18,10
2011-02-19 18:00:00.000,2011,2,19,18,30014KT,19,13
2011-02-19 19:00:00.000,2011,2,19,19,28013KT,18,12
2011-02-19 20:00:00.000,2011,2,19,20,28012KT,20,13
2011-02-19 21:00:00.000,2011,2,19,21,31010KT,19,11
2011-02-19 22:00:00.000,2011,2,19,22,32010KT,16,08
2011-02-19 23:00:00.000,2011,2,19,23,30008KT,14,08
2011-02-20 00:00:00.000,2011,2,20,0,27006KT,14,10
2011-02-20 01:00:00.000,2011,2,20,1,30008KT,13,10
2011-02-20 02:00:00.000,2011,2,20,2,27006KT,12,11
2011-02-20 03:00:00.000,2011,2,20,3,27004KT,13,11
2011-02-20 04:00:00.000,2011,2,20,4,30004KT,12,10
2011-02-20 05:00:00.000,2011,2,20,5,VRB02KT,11,10
2011-02-20 06:00:00.000,2011,2,20,6,VRB02KT,10,09
2011-02-20 07:00:00.000,2011,2,20,7,VRB02KT,10,09
2011-02-20 08:00:00.000,2011,2,20,8,VRB02KT,08,08
2011-02-20 09:00:00.000,2011,2,20,9,VRB02KT,08,08
2011-02-20 10:00:00.000,2011,2,20,10,07003KT,08,08
2011-02-20 11:00:00.000,2011,2,20,11,33003KT,08,08
2011-02-20 12:00:00.000,2011,2,20,12,VRB02KT,07,07
2011-02-20 13:00:00.000,2011,2,20,13,04003KT,10,09
2011-02-20 14:00:00.000,2011,2,20,14,VRB02KT,13,09
2011-02-20 15:00:00.000,2011,2,20,15,30004KT,16,10
2011-02-20 16:00:00.000,2011,2,20,16,32008KT,17,10
2011-02-20 17:00:00.000,2011,2,20,17,31012KT,19,09
2011-02-20 18:00:00.000,2011,2,20,18,32014KT,19,09
2011-02-20 19:00:00.000,2011,2,20,19,32014KT,19,10
2011-02-20 20:00:00.000,2011,2,20,20,31012KT,19,10
2011-02-20 21:00:00.000,2011,2,20,21,34013KT,19,08
2011-02-20 22:00:00.000,2011,2,20,22,32010KT,17,08
2011-02-20 23:00:00.000,2011,2,20,23,31010KT,15,09
2011-02-21 00:00:00.000,2011,2,21,0,32008KT,14,10
2011-02-21 01:00:00.000,2011,2,21,1,32007KT,12,10
2011-02-21 02:00:00.000,2011,2,21,2,26008KT,12,10
2011-02-21 03:00:00.000,2011,2,21,3,32005KT,12,10
2011-02-21 04:00:00.000,2011,2,21,4,25004KT,12,10
2011-02-21 05:00:00.000,2011,2,21,5,VRB02KT,10,09
2011-02-21 06:00:00.000,2011,2,21,6,33004KT,09,09
2011-02-21 07:00:00.000,2011,2,21,7,00000KT,07,07
2011-02-21 08:00:00.000,2011,2,21,8,00000KT,07,07
2011-02-21 09:00:00.000,2011,2,21,9,VRB02KT,06,06
2011-02-21 10:00:00.000,2011,2,21,10,00000KT,06,06
2011-02-21 11:00:00.000,2011,2,21,11,VRB02KT,05,05
2011-02-21 12:00:00.000,2011,2,21,12,VRB02KT,07,06
2011-02-21 13:00:00.000,2011,2,21,13,04003KT,10,08
2011-02-21 14:00:00.000,2011,2,21,14,02005KT,14,08
2011-02-21 15:00:00.000,2011,2,21,15,03008KT,16,08
2011-02-21 16:00:00.000,2011,2,21,16,VRB02KT,18,07
2011-02-21 17:00:00.000,2011,2,21,17,20004KT,19,06
2011-02-21 18:00:00.000,2011,2,21,18,32006KT,20,08
2011-02-21 19:00:00.000,2011,2,21,19,27012KT,19,11
2011-02-21 20:00:00.000,2011,2,21,20,27014KT,18,10
2011-02-21 21:00:00.000,2011,2,21,21,27015KT,19,10
2011-02-21 22:00:00.000,2011,2,21,22,27014KT,17,11
2011-02-21 23:00:00.000,2011,2,21,23,27012KT,16,12
2011-02-22 00:00:00.000,2011,2,22,0,VRB02KT,14,12
2011-02-22 01:00:00.000,2011,2,22,1,24003KT,14,11
2011-02-22 02:00:00.000,2011,2,22,2,27004KT,13,11
2011-02-22 03:00:00.000,2011,2,22,3,31003KT,11,10
2011-02-22 04:00:00.000,2011,2,22,4,VRB02KT,10,10
2011-02-22 05:00:00.000,2011,2,22,5,34005KT,10,10
2011-02-22 06:00:00.000,2011,2,22,6,00000KT,09,08
2011-02-22 07:00:00.000,2011,2,22,7,VRB02KT,09,09
2011-02-22 08:00:00.000,2011,2,22,8,3303KT,10,10
2011-02-22 09:00:00.000,2011,2,22,9,00000KT,09,09
2011-02-22 10:00:00.000,2011,2,22,10,03004KT,09,09
2011-02-22 10:30:00.000,2011,2,22,10,00000KT,09,09
2011-02-22 11:00:00.000,2011,2,22,11,00000KT,09,09
2011-02-22 11:06:00.000,2011,2,22,11,00000KT,08,08
2011-02-22 11:25:00.000,2011,2,22,11,VRB02KT,09,08
2011-02-22 12:00:00.000,2011,2,22,12,03003KT,11,10
2011-02-22 13:00:00.000,2011,2,22,13,06004KT,13,10
2011-02-22 14:00:00.000,2011,2,22,14,04004KT,14,10
2011-02-22 15:00:00.000,2011,2,22,15,02004KT,16,09
2011-02-22 16:00:00.000,2011,2,22,16,06006KT,17,08
2011-02-22 17:00:00.000,2011,2,22,17,09008KT,19,07
2011-02-22 18:00:00.000,2011,2,22,18,20008KT,20,06
2011-02-22 19:00:00.000,2011,2,22,19,26005KT,19,10
2011-02-22 20:00:00.000,2011,2,22,20,26012KT,19,11
2011-02-22 21:00:00.000,2011,2,22,21,22010KT,18,10
2011-02-22 22:00:00.000,2011,2,22,22,26009KT,17,11
2011-02-22 23:00:00.000,2011,2,22,23,28006KT,15,11
2011-02-23 00:00:00.000,2011,2,23,0,34003KT,14,12
2011-02-23 01:00:00.000,2011,2,23,1,35003KT,13,12
2011-02-23 02:00:00.000,2011,2,23,2,36003KT,13,11
2011-02-23 03:00:00.000,2011,2,23,3,03003KT,13,10
2011-02-23 04:00:00.000,2011,2,23,4,00000KT,13,10
2011-02-23 05:00:00.000,2011,2,23,5,03003KT,13,09
2011-02-23 06:00:00.000,2011,2,23,6,03003KT,12,10
2011-02-23 06:07:00.000,2011,2,23,6,05003KT,12,10
2011-02-23 07:00:00.000,2011,2,23,7,05005KT,12,10
2011-02-23 08:00:00.000,2011,2,23,8,03005KT,12,10
2011-02-23 09:00:00.000,2011,2,23,9,08004KT,12,09
2011-02-23 10:00:00.000,2011,2,23,10,06007KT,12,09
2011-02-23 10:30:00.000,2011,2,23,10,02005KT,11,09
2011-02-23 11:00:00.000,2011,2,23,11,04006KT,11,09
2011-02-23 12:00:00.000,2011,2,23,12,04008KT,12,07
2011-02-23 13:00:00.000,2011,2,23,13,07006KT,13,08
2011-02-23 14:00:00.000,2011,2,23,14,10006KT,15,07
2011-02-23 15:00:00.000,2011,2,23,15,06012KT,16,07
2011-02-23 16:00:00.000,2011,2,23,16,13010KT,17,08
2011-02-23 17:00:00.000,2011,2,23,17,27008KT,17,07
2011-02-23 18:00:00.000,2011,2,23,18,23010KT,17,09
2011-02-23 19:00:00.000,2011,2,23,19,31005KT,18,08
2011-02-23 20:00:00.000,2011,2,23,20,25008KT,17,11
2011-02-23 21:00:00.000,2011,2,23,21,23010KT,16,12
2011-02-23 22:00:00.000,2011,2,23,22,24008KT,16,12
2011-02-23 23:00:00.000,2011,2,23,23,27006KT,15,11
2011-02-24 00:00:00.000,2011,2,24,0,25005KT,14,11
2011-02-24 01:00:00.000,2011,2,24,1,27010KT,14,11
2011-02-24 02:00:00.000,2011,2,24,2,28006KT,13,11
2011-02-24 03:00:00.000,2011,2,24,3,27003KT,13,12
2011-02-24 04:00:00.000,2011,2,24,4,26003KT,13,12
2011-02-24 05:00:00.000,2011,2,24,5,24004KT,13,12
2011-02-24 06:00:00.000,2011,2,24,6,32005KT,13,12
2011-02-24 07:00:00.000,2011,2,24,7,31006KT,13,11
2011-02-24 08:00:00.000,2011,2,24,8,32007KT,12,11
2011-02-24 09:00:00.000,2011,2,24,9,32007KT,12,11
2011-02-24 10:00:00.000,2011,2,24,10,34006KT,12,11
2011-02-24 10:30:00.000,2011,2,24,10,28003KT,12,11
2011-02-24 11:00:00.000,2011,2,24,11,VRB02KT,12,11
2011-02-24 12:00:00.000,2011,2,24,12,29004KT,12,11
2011-02-24 13:00:00.000,2011,2,24,13,VRB02KT,13,11
2011-02-24 14:00:00.000,2011,2,24,14,VRB02KT,15,11
2011-02-24 15:00:00.000,2011,2,24,15,VRB02KT,16,10
2011-02-24 16:00:00.000,2011,2,24,16,23006KT,18,10
2011-02-24 17:00:00.000,2011,2,24,17,31015KT,15,12
2011-02-24 17:08:00.000,2011,2,24,17,29006KT,14,12
2011-02-24 17:25:00.000,2011,2,24,17,34008KT,14,13
2011-02-24 18:00:00.000,2011,2,24,18,34005KT,14,11
2011-02-24 19:00:00.000,2011,2,24,19,VRB02KT,17,11
2011-02-24 20:00:00.000,2011,2,24,20,34014KT,16,12
2011-02-24 21:00:00.000,2011,2,24,21,32010KT,14,11
2011-02-24 21:13:00.000,2011,2,24,21,31006KT,13,11
2011-02-24 22:00:00.000,2011,2,24,22,11004KT,13,11
2011-02-24 23:00:00.000,2011,2,24,23,22004KT,13,11
2011-02-25 00:00:00.000,2011,2,25,0,18003KT,13,11
2011-02-25 01:00:00.000,2011,2,25,1,VRB02KT,12,11
2011-02-25 02:00:00.000,2011,2,25,2,VRB02KT,13,11
2011-02-25 03:00:00.000,2011,2,25,3,04004KT,12,11
2011-02-25 04:00:00.000,2011,2,25,4,00000KT,12,11
2011-02-25 05:00:00.000,2011,2,25,5,35003KT,12,11
2011-02-25 06:00:00.000,2011,2,25,6,VRB02KT,11,10
2011-02-25 07:00:00.000,2011,2,25,7,33003KT,11,10
2011-02-25 08:00:00.000,2011,2,25,8,VRB02KT,10,10
2011-02-25 09:00:00.000,2011,2,25,9,VRB02KT,10,10
2011-02-25 10:00:00.000,2011,2,25,10,VRB02KT,09,09
2011-02-25 10:30:00.000,2011,2,25,10,04003KT,10,10
2011-02-25 11:00:00.000,2011,2,25,11,03003KT,10,10
2011-02-25 11:30:00.000,2011,2,25,11,03004KT,10,09
2011-02-25 12:00:00.000,2011,2,25,12,02004KT,10,10
2011-02-25 12:30:00.000,2011,2,25,12,03004KT,11,10
2011-02-25 13:00:00.000,2011,2,25,13,06004KT,12,11
2011-02-25 14:00:00.000,2011,2,25,14,04004KT,13,11
2011-02-25 15:00:00.000,2011,2,25,15,04003KT,16,09
2011-02-25 16:00:00.000,2011,2,25,16,32004KT,18,09
2011-02-25 17:00:00.000,2011,2,25,17,27003KT,19,08
2011-02-25 18:00:00.000,2011,2,25,18,30017KT,17,13
2011-02-25 18:25:00.000,2011,2,25,18,28018KT,15,13
2011-02-25 19:00:00.000,2011,2,25,19,32010KT,15,13
2011-02-25 19:20:00.000,2011,2,25,19,28008KT,14,13
2011-02-25 20:00:00.000,2011,2,25,20,15004KT,14,11
2011-02-25 21:00:00.000,2011,2,25,21,13005KT,13,11
2011-02-25 22:00:00.000,2011,2,25,22,21004KT,13,11
2011-02-25 23:00:00.000,2011,2,25,23,17005KT,13,11
2011-02-26 00:00:00.000,2011,2,26,0,VRB02KT,12,11
2011-02-26 01:00:00.000,2011,2,26,1,VRB02KT,12,11
2011-02-26 02:00:00.000,2011,2,26,2,VRB02KT,11,11
2011-02-26 03:00:00.000,2011,2,26,3,VRB02KT,11,11
2011-02-26 04:00:00.000,2011,2,26,4,35006KT,10,10
2011-02-26 04:02:00.000,2011,2,26,4,36004KT,10,10
2011-02-26 05:00:00.000,2011,2,26,5,33003KT,10,10
2011-02-26 06:00:00.000,2011,2,26,6,33003KT,10,10
2011-02-26 07:00:00.000,2011,2,26,7,28003KT,10,10
2011-02-26 08:00:00.000,2011,2,26,8,VRB02KT,10,10
2011-02-26 09:00:00.000,2011,2,26,9,34003KT,09,09
2011-02-26 10:00:00.000,2011,2,26,10,32004KT,09,09
2011-02-26 10:30:00.000,2011,2,26,10,02004KT,10,10
2011-02-26 11:00:00.000,2011,2,26,11,VRB02KT,10,10
2011-02-26 11:08:00.000,2011,2,26,11,VRB02KT,10,09
2011-02-26 12:00:00.000,2011,2,26,12,30003KT,11,10
2011-02-26 13:00:00.000,2011,2,26,13,32004KT,13,11
2011-02-26 14:00:00.000,2011,2,26,14,03004KT,15,10
2011-02-26 15:00:00.000,2011,2,26,15,12005KT,17,11
2011-02-26 16:00:00.000,2011,2,26,16,02006KT,17,11
2011-02-26 17:00:00.000,2011,2,26,17,05008KT,19,11
2011-02-26 18:00:00.000,2011,2,26,18,04008KT,19,10
2011-02-26 19:00:00.000,2011,2,26,19,26008KT,18,12
2011-02-26 20:00:00.000,2011,2,26,20,27010KT,18,13
2011-02-26 20:25:00.000,2011,2,26,20,27010KT,15,12
2011-02-26 20:28:00.000,2011,2,26,20,27010KT,15,12
2011-02-26 20:35:00.000,2011,2,26,20,27008KT,15,12
2011-02-26 21:00:00.000,2011,2,26,21,27012KT,17,12
2011-02-26 22:00:00.000,2011,2,26,22,29008KT,15,13
2011-02-26 23:00:00.000,2011,2,26,23,30006KT,14,12
2011-02-27 00:00:00.000,2011,2,27,0,05010KT,14,12
2011-02-27 00:15:00.000,2011,2,27,0,11008KT,12,10
2011-02-27 01:00:00.000,2011,2,27,1,05004KT,13,10
2011-02-27 02:00:00.000,2011,2,27,2,VRB02KT,12,09
2011-02-27 03:00:00.000,2011,2,27,3,VRB02KT,12,09
2011-02-27 04:00:00.000,2011,2,27,4,VRB02KT,12,09
2011-02-27 05:00:00.000,2011,2,27,5,34003KT,12,09
2011-02-27 06:00:00.000,2011,2,27,6,36003KT,11,09
2011-02-27 07:00:00.000,2011,2,27,7,26004KT,10,09
2011-02-27 08:00:00.000,2011,2,27,8,VRB02KT,09,08
2011-02-27 09:00:00.000,2011,2,27,9,VRB02KT,09,08
2011-02-27 10:00:00.000,2011,2,27,10,35003KT,08,08
2011-02-27 10:26:00.000,2011,2,27,10,34003KT,08,07
2011-02-27 11:00:00.000,2011,2,27,11,VRB02KT,08,08
2011-02-27 12:00:00.000,2011,2,27,12,VRB02KT,10,09
2011-02-27 13:00:00.000,2011,2,27,13,28003KT,10,10
2011-02-27 14:00:00.000,2011,2,27,14,02003KT,11,10
2011-02-27 15:00:00.000,2011,2,27,15,02004KT,14,11
2011-02-27 16:00:00.000,2011,2,27,16,32004KT,14,10
2011-02-27 17:00:00.000,2011,2,27,17,06004KT,16,10
2011-02-27 18:00:00.000,2011,2,27,18,03006KT,16,10
2011-02-27 19:00:00.000,2011,2,27,19,03006KT,17,11
2011-02-27 20:00:00.000,2011,2,27,20,08004KT,15,11
2011-02-27 21:00:00.000,2011,2,27,21,12010KT,16,09
2011-02-27 22:00:00.000,2011,2,27,22,12008KT,16,07
2011-02-27 23:00:00.000,2011,2,27,23,20006KT,16,07
2011-02-28 00:00:00.000,2011,2,28,0,33007KT,14,11
2011-02-28 01:00:00.000,2011,2,28,1,02006KT,13,10
2011-02-28 02:00:00.000,2011,2,28,2,03004KT,13,10
2011-02-28 03:00:00.000,2011,2,28,3,04004KT,12,10
2011-02-28 04:00:00.000,2011,2,28,4,05005KT,12,10
2011-02-28 05:00:00.000,2011,2,28,5,05004KT,11,09
2011-02-28 06:00:00.000,2011,2,28,6,02004KT,11,09
2011-02-28 07:00:00.000,2011,2,28,7,04004KT,11,09
2011-02-28 08:00:00.000,2011,2,28,8,03004KT,11,09
2011-02-28 09:00:00.000,2011,2,28,9,VRB02KT,11,09
2011-02-28 10:00:00.000,2011,2,28,10,VRB02KT,10,08
2011-02-28 11:00:00.000,2011,2,28,11,00000KT,09,08
2011-02-28 12:00:00.000,2011,2,28,12,03005KT,12,09
2011-02-28 13:00:00.000,2011,2,28,13,20004KT,14,09
2011-02-28 14:00:00.000,2011,2,28,14,07008KT,17,09
2011-02-28 15:00:00.000,2011,2,28,15,08010KT,17,09
2011-02-28 16:00:00.000,2011,2,28,16,08007KT,17,10
2011-02-28 17:00:00.000,2011,2,28,17,05004KT,16,10
2011-02-28 18:00:00.000,2011,2,28,18,22006KT,18,10
2011-02-28 19:00:00.000,2011,2,28,19,06010KT,17,11
2011-02-28 20:00:00.000,2011,2,28,20,25005KT,17,12
2011-02-28 21:00:00.000,2011,2,28,21,27008KT,15,13
2011-02-28 22:00:00.000,2011,2,28,22,27005KT,15,12
2011-02-28 23:00:00.000,2011,2,28,23,26006KT,15,12
2011-03-01 00:00:00.000,2011,3,1,0,30004KT,14,12
2011-03-01 01:00:00.000,2011,3,1,1,04003KT,14,12
2011-03-01 02:00:00.000,2011,3,1,2,VRB02KT,11,11
2011-03-01 03:00:00.000,2011,3,1,3,00000KT,11,10
2011-03-01 04:00:00.000,2011,3,1,4,VRB02KT,11,10
2011-03-01 05:00:00.000,2011,3,1,5,35004KT,12,11
2011-03-01 06:00:00.000,2011,3,1,6,30005KT,12,11
2011-03-01 07:00:00.000,2011,3,1,7,33004KT,12,11
2011-03-01 08:00:00.000,2011,3,1,8,35004KT,11,11
2011-03-01 09:00:00.000,2011,3,1,9,33003KT,11,11
2011-03-01 10:00:00.000,2011,3,1,10,33004KT,11,10
2011-03-01 11:00:00.000,2011,3,1,11,00000KT,11,10
2011-03-01 12:00:00.000,2011,3,1,12,VRB02KT,11,10
2011-03-01 13:00:00.000,2011,3,1,13,VRB02KT,12,10
2011-03-01 14:00:00.000,2011,3,1,14,09004KT,14,10
2011-03-01 15:00:00.000,2011,3,1,15,VRB02KT,15,11
2011-03-01 16:00:00.000,2011,3,1,16,27004KT,17,11
2011-03-01 17:00:00.000,2011,3,1,17,27007KT,18,10
2011-03-01 18:00:00.000,2011,3,1,18,25012KT,19,12
2011-03-01 19:00:00.000,2011,3,1,19,28012KT,18,13
2011-03-01 20:00:00.000,2011,3,1,20,28014KT,17,11
2011-03-01 21:00:00.000,2011,3,1,21,07007KT,28,22
2011-03-01 22:00:00.000,2011,3,1,22,28010KT,16,11
2011-03-01 23:00:00.000,2011,3,1,23,26006KT,15,11
2011-03-02 00:00:00.000,2011,3,2,0,30010KT,14,12
2011-03-02 01:00:00.000,2011,3,2,1,27004KT,12,12
2011-03-02 02:00:00.000,2011,3,2,2,VRB02KT,12,11
2011-03-02 03:00:00.000,2011,3,2,3,VRB02KT,12,11
2011-03-02 04:00:00.000,2011,3,2,4,27004KT,12,11
2011-03-02 05:00:00.000,2011,3,2,5,35005KT,12,11
2011-03-02 06:00:00.000,2011,3,2,6,30005KT,12,11
2011-03-02 07:00:00.000,2011,3,2,7,30005KT,12,11
2011-03-02 08:00:00.000,2011,3,2,8,33004KT,11,11
2011-03-02 09:00:00.000,2011,3,2,9,31003KT,11,11
2011-03-02 10:00:00.000,2011,3,2,10,31003KT,11,10
2011-03-02 11:00:00.000,2011,3,2,11,28003KT,11,10
2011-03-02 12:00:00.000,2011,3,2,12,29003KT,12,11
2011-03-02 13:00:00.000,2011,3,2,13,31003KT,13,11
2011-03-02 14:00:00.000,2011,3,2,14,34003KT,13,11
2011-03-02 15:00:00.000,2011,3,2,15,04005KT,15,11
2011-03-02 16:00:00.000,2011,3,2,16,35005KT,17,11
2011-03-02 17:00:00.000,2011,3,2,17,34005KT,16,10
2011-03-02 18:00:00.000,2011,3,2,18,27006KT,16,12
2011-03-02 18:20:00.000,2011,3,2,18,28008KT,16,12
2011-03-02 18:35:00.000,2011,3,2,18,30010KT,13,12
2011-03-02 19:00:00.000,2011,3,2,19,28008KT,14,12
2011-03-02 20:00:00.000,2011,3,2,20,30010KT,16,12
2011-03-02 22:00:00.000,2011,3,2,22,27006KT,13,12
2011-03-02 23:00:00.000,2011,3,2,23,24006KT,13,12
2011-03-03 00:00:00.000,2011,3,3,0,VRB02KT,13,12
2011-03-03 01:00:00.000,2011,3,3,1,28005KT,13,12
2011-03-03 02:00:00.000,2011,3,3,2,28006KT,13,11
2011-03-03 03:00:00.000,2011,3,3,3,27006KT,12,11
2011-03-03 04:00:00.000,2011,3,3,4,VRB02KT,12,11
2011-03-03 05:00:00.000,2011,3,3,5,VRB02KT,12,11
2011-03-03 06:00:00.000,2011,3,3,6,33003KT,12,11
2011-03-03 07:00:00.000,2011,3,3,7,29004KT,12,11
2011-03-03 08:00:00.000,2011,3,3,8,24003KT,12,11
2011-03-03 09:00:00.000,2011,3,3,9,23003KT,12,11
2011-03-03 10:00:00.000,2011,3,3,10,22005KT,12,11
2011-03-03 11:00:00.000,2011,3,3,11,VRB02KT,12,10
2011-03-03 12:00:00.000,2011,3,3,12,34003KT,12,11
2011-03-03 13:00:00.000,2011,3,3,13,VRB02KT,13,11
2011-03-03 13:30:00.000,2011,3,3,13,00000KT,23,23
2011-03-03 14:00:00.000,2011,3,3,14,03004KT,14,11
2011-03-03 14:30:00.000,2011,3,3,14,36003KT,15,11
2011-03-03 15:00:00.000,2011,3,3,15,30007KT,15,12
2011-03-03 16:00:00.000,2011,3,3,16,30012KT,17,11
2011-03-03 17:00:00.000,2011,3,3,17,30010KT,16,12
2011-03-03 18:00:00.000,2011,3,3,18,32007KT,16,13
2011-03-03 19:00:00.000,2011,3,3,19,32011KT,15,12
2011-03-03 20:00:00.000,2011,3,3,20,31008KT,16,13
2011-03-03 20:33:00.000,2011,3,3,20,27009KT,16,12
2011-03-03 21:00:00.000,2011,3,3,21,33006KT,15,12
2011-03-03 21:09:00.000,2011,3,3,21,29007KT,15,12
2011-03-03 22:00:00.000,2011,3,3,22,29008KT,16,11
2011-03-03 23:00:00.000,2011,3,3,23,30007KT,14,11
2011-03-04 00:00:00.000,2011,3,4,0,29006KT,13,11
2011-03-04 01:00:00.000,2011,3,4,1,31003KT,13,11
2011-03-04 02:00:00.000,2011,3,4,2,29008KT,13,11
2011-03-04 03:00:00.000,2011,3,4,3,29004KT,13,11
2011-03-04 04:00:00.000,2011,3,4,4,02003KT,12,11
2011-03-04 05:00:00.000,2011,3,4,5,VRB02KT,12,12
2011-03-04 06:00:00.000,2011,3,4,6,03006KT,12,11
2011-03-04 07:00:00.000,2011,3,4,7,06004KT,11,11
2011-03-04 08:00:00.000,2011,3,4,8,VRB02KT,11,11
2011-03-04 09:00:00.000,2011,3,4,9,00000KT,11,11
2011-03-04 10:00:00.000,2011,3,4,10,VRB02KT,11,11
2011-03-04 10:30:00.000,2011,3,4,10,00000KT,11,11
2011-03-04 11:00:00.000,2011,3,4,11,00000KT,11,11
2011-03-04 12:00:00.000,2011,3,4,12,VRB02KT,12,11
2011-03-04 13:00:00.000,2011,3,4,13,01005KT,12,11
2011-03-04 14:00:00.000,2011,3,4,14,33003KT,13,12
2011-03-04 15:00:00.000,2011,3,4,15,36003KT,15,12
2011-03-04 16:00:00.000,2011,3,4,16,06005KT,17,12
2011-03-04 17:00:00.000,2011,3,4,17,23004KT,17,10
2011-03-04 18:00:00.000,2011,3,4,18,27010KT,14,11
2011-03-04 18:18:00.000,2011,3,4,18,20006KT,13,11
2011-03-04 19:00:00.000,2011,3,4,19,24004KT,13,12
2011-03-04 20:00:00.000,2011,3,4,20,14009KT,13,11
2011-03-04 21:00:00.000,2011,3,4,21,17007KT,12,11
2011-03-04 21:30:00.000,2011,3,4,21,14005KT,13,11
2011-03-04 22:00:00.000,2011,3,4,22,19003KT,13,11
2011-03-04 23:00:00.000,2011,3,4,23,VRB02KT,13,12
2011-03-05 00:00:00.000,2011,3,5,0,VRB02KT,12,11
2011-03-05 01:00:00.000,2011,3,5,1,VRB02KT,12,11
2011-03-05 02:00:00.000,2011,3,5,2,VRB02KT,11,10
2011-03-05 03:00:00.000,2011,3,5,3,VRB02KT,11,10
2011-03-05 04:00:00.000,2011,3,5,4,00000KT,10,09
2011-03-05 05:00:00.000,2011,3,5,5,VRB02KT,10,10
2011-03-05 06:00:00.000,2011,3,5,6,00000KT,10,10
2011-03-05 07:00:00.000,2011,3,5,7,05004KT,11,10
2011-03-05 08:00:00.000,2011,3,5,8,VRB02KT,11,10
2011-03-05 09:00:00.000,2011,3,5,9,VRB02KT,10,10
2011-03-05 10:00:00.000,2011,3,5,10,35004KT,09,09
2011-03-05 10:30:00.000,2011,3,5,10,00000KT,09,09
2011-03-05 11:00:00.000,2011,3,5,11,VRB02KT,09,09
2011-03-05 12:00:00.000,2011,3,5,12,00000KT,10,09
2011-03-05 13:00:00.000,2011,3,5,13,03004KT,12,10
2011-03-05 14:00:00.000,2011,3,5,14,06005KT,14,11
2011-03-05 15:00:00.000,2011,3,5,15,03004KT,15,10
2011-03-05 16:00:00.000,2011,3,5,16,36003KT,16,10
2011-03-05 17:00:00.000,2011,3,5,17,15004KT,17,11
2011-03-05 18:00:00.000,2011,3,5,18,23010KT,15,12
2011-03-05 19:00:00.000,2011,3,5,19,30010KT,15,11
2011-03-05 20:00:00.000,2011,3,5,20,30006KT,15,12
2011-03-05 21:00:00.000,2011,3,5,21,27009KT,15,11
2011-03-05 22:00:00.000,2011,3,5,22,27008KT,14,12
2011-03-05 23:00:00.000,2011,3,5,23,24003KT,13,12
2011-03-06 00:00:00.000,2011,3,6,0,VRB02KT,13,11
2011-03-06 01:00:00.000,2011,3,6,1,VRB02KT,13,12
2011-03-06 02:00:00.000,2011,3,6,2,31003KT,13,11
2011-03-06 03:00:00.000,2011,3,6,3,32004KT,12,11
2011-03-06 04:00:00.000,2011,3,6,4,VRB02KT,12,11
2011-03-06 05:00:00.000,2011,3,6,5,29005KT,12,11
2011-03-06 06:00:00.000,2011,3,6,6,VRB02KT,12,12
2011-03-06 07:00:00.000,2011,3,6,7,VRB02KT,12,12
2011-03-06 08:00:00.000,2011,3,6,8,31003KT,12,12
2011-03-06 09:00:00.000,2011,3,6,9,31005KT,11,11
2011-03-06 10:00:00.000,2011,3,6,10,31005KT,11,11
2011-03-06 10:30:00.000,2011,3,6,10,32003KT,11,11
2011-03-06 11:00:00.000,2011,3,6,11,31003KT,11,10
2011-03-06 12:00:00.000,2011,3,6,12,VRB02KT,12,10
2011-03-06 13:00:00.000,2011,3,6,13,25003KT,12,11
2011-03-06 14:00:00.000,2011,3,6,14,26003KT,13,11
2011-03-06 15:00:00.000,2011,3,6,15,27003KT,14,10
2011-03-06 16:00:00.000,2011,3,6,16,36004KT,16,11
2011-03-06 17:00:00.000,2011,3,6,17,31005KT,18,11
2011-03-06 18:00:00.000,2011,3,6,18,35004KT,17,11
2011-03-06 19:00:00.000,2011,3,6,19,33012KT,16,11
2011-03-06 20:00:00.000,2011,3,6,20,31009KT,16,10
2011-03-06 21:00:00.000,2011,3,6,21,04007KT,15,10
2011-03-06 22:00:00.000,2011,3,6,22,05006KT,13,11
2011-03-06 23:00:00.000,2011,3,6,23,33005KT,13,11
2011-03-07 00:00:00.000,2011,3,7,0,32006KT,13,11
2011-03-07 01:00:00.000,2011,3,7,1,00000KT,12,10
2011-03-07 02:00:00.000,2011,3,7,2,VRB02KT,12,10
2011-03-07 03:00:00.000,2011,3,7,3,VRB02KT,11,10
2011-03-07 04:00:00.000,2011,3,7,4,VRB02KT,10,09
2011-03-07 05:00:00.000,2011,3,7,5,VRB02KT,10,10
2011-03-07 06:00:00.000,2011,3,7,6,VRB02KT,10,10
2011-03-07 07:00:00.000,2011,3,7,7,VRB02KT,10,10
2011-03-07 08:00:00.000,2011,3,7,8,33004KT,09,09
2011-03-07 09:00:00.000,2011,3,7,9,VRB02KT,09,09
2011-03-07 10:00:00.000,2011,3,7,10,VRB02KT,09,09
2011-03-07 10:30:00.000,2011,3,7,10,31004KT,09,09
2011-03-07 11:00:00.000,2011,3,7,11,00000KT,09,09
2011-03-07 11:25:00.000,2011,3,7,11,13003KT,19,18
2011-03-07 11:35:00.000,2011,3,7,11,00000KT,09,09
2011-03-07 12:00:00.000,2011,3,7,12,VRB02KT,10,09
2011-03-07 13:00:00.000,2011,3,7,13,00000KT,13,10
2011-03-07 14:00:00.000,2011,3,7,14,05004KT,15,09
2011-03-07 15:00:00.000,2011,3,7,15,03003KT,16,11
2011-03-07 16:00:00.000,2011,3,7,16,25004KT,16,10
2011-03-07 17:00:00.000,2011,3,7,17,07004KT,16,10
2011-03-07 18:00:00.000,2011,3,7,18,07006KT,15,10
2011-03-07 19:00:00.000,2011,3,7,19,00000KT,15,11
2011-03-07 20:00:00.000,2011,3,7,20,00000KT,16,11
2011-03-07 21:00:00.000,2011,3,7,21,27004KT,16,11
2011-03-07 22:00:00.000,2011,3,7,22,29004KT,16,12
2011-03-07 23:00:00.000,2011,3,7,23,29008KT,15,12
2011-03-08 00:00:00.000,2011,3,8,0,23006KT,14,12
2011-03-08 01:00:00.000,2011,3,8,1,28003KT,14,12
2011-03-08 02:00:00.000,2011,3,8,2,31003KT,13,12
2011-03-08 03:00:00.000,2011,3,8,3,34003KT,13,12
2011-03-08 04:00:00.000,2011,3,8,4,03005KT,13,12
2011-03-08 05:00:00.000,2011,3,8,5,02004KT,13,12
2011-03-08 06:00:00.000,2011,3,8,6,06004KT,13,12
2011-03-08 07:00:00.000,2011,3,8,7,VRB02KT,13,11
2011-03-08 08:00:00.000,2011,3,8,8,36003KT,12,10
2011-03-08 09:00:00.000,2011,3,8,9,03005KT,12,10
2011-03-08 10:00:00.000,2011,3,8,10,06004KT,12,10
2011-03-08 11:00:00.000,2011,3,8,11,03005KT,12,10
2011-03-08 12:00:00.000,2011,3,8,12,06005KT,12,10
2011-03-08 13:00:00.000,2011,3,8,13,06006KT,14,10
2011-03-08 14:00:00.000,2011,3,8,14,03003KT,15,10
2011-03-08 16:00:00.000,2011,3,8,16,04005KT,19,09
2011-03-08 17:00:00.000,2011,3,8,17,16008KT,19,10
2011-03-08 18:00:00.000,2011,3,8,18,24010KT,16,13
2011-03-08 19:00:00.000,2011,3,8,19,29010KT,15,13
2011-03-08 19:15:00.000,2011,3,8,19,31008KT,14,13
2011-03-08 20:00:00.000,2011,3,8,20,34008KT,14,13
2011-03-08 20:20:00.000,2011,3,8,20,VRB02KT,14,12
2011-03-08 21:00:00.000,2011,3,8,21,VRB02KT,14,12
2011-03-08 22:00:00.000,2011,3,8,22,29006KT,14,12
2011-03-08 23:00:00.000,2011,3,8,23,VRB02KT,14,11
2011-03-09 00:00:00.000,2011,3,9,0,05003KT,13,12
2011-03-09 01:00:00.000,2011,3,9,1,36004KT,13,12
2011-03-09 02:00:00.000,2011,3,9,2,03004KT,13,12
2011-03-09 03:00:00.000,2011,3,9,3,05003KT,13,12
2011-03-09 04:00:00.000,2011,3,9,4,04005KT,13,10
2011-03-09 05:00:00.000,2011,3,9,5,VRB02KT,12,11
2011-03-09 06:00:00.000,2011,3,9,6,32005KT,12,11
2011-03-09 07:00:00.000,2011,3,9,7,06003KT,11,10
2011-03-09 08:00:00.000,2011,3,9,8,05006KT,12,10
2011-03-09 09:00:00.000,2011,3,9,9,06005KT,12,11
2011-03-09 10:00:00.000,2011,3,9,10,300004KT,11,11
2011-03-09 10:25:00.000,2011,3,9,10,32004KT,11,11
2011-03-09 11:00:00.000,2011,3,9,11,34004KT,11,11
2011-03-09 12:00:00.000,2011,3,9,12,VRB02KT,11,10
2011-03-09 13:00:00.000,2011,3,9,13,32004KT,12,11
2011-03-09 14:00:00.000,2011,3,9,14,VRB02KT,14,11
2011-03-09 15:00:00.000,2011,3,9,15,25004KT,15,11
2011-03-09 16:00:00.000,2011,3,9,16,31007KT,17,11
2011-03-09 17:00:00.000,2011,3,9,17,VRB02KT,18,10
2011-03-09 18:00:00.000,2011,3,9,18,VRB02KT,17,10
2011-03-09 19:00:00.000,2011,3,9,19,25010KT,17,13
2011-03-09 20:00:00.000,2011,3,9,20,27015KT,15,12
2011-03-09 21:00:00.000,2011,3,9,21,26008KT,14,12
2011-03-09 22:00:00.000,2011,3,9,22,23004KT,14,12
2011-03-09 23:00:00.000,2011,3,9,23,20003KT,13,11
2011-03-10 00:00:00.000,2011,3,10,0,34003KT,13,11
2011-03-10 01:00:00.000,2011,3,10,1,07003KT,13,11
2011-03-10 02:00:00.000,2011,3,10,2,07003KT,13,11
2011-03-10 03:00:00.000,2011,3,10,3,05003KT,12,11
2011-03-10 04:00:00.000,2011,3,10,4,03006KT,12,11
2011-03-10 05:00:00.000,2011,3,10,5,05008KT,11,10
2011-03-10 06:00:00.000,2011,3,10,6,VRB02KT,10,09
2011-03-10 07:00:00.000,2011,3,10,7,18004KT,10,09
2011-03-10 08:00:00.000,2011,3,10,8,VRB02KT,10,09
2011-03-10 09:00:00.000,2011,3,10,9,15003KT,10,09
2011-03-10 10:00:00.000,2011,3,10,10,VRB02KT,10,09
2011-03-10 11:00:00.000,2011,3,10,11,VRB02KT,10,10
2011-03-10 12:00:00.000,2011,3,10,12,27003KT,11,10
2011-03-10 13:00:00.000,2011,3,10,13,VRB02KT,11,09
2011-03-10 14:00:00.000,2011,3,10,14,27005KT,11,10
2011-03-10 15:00:00.000,2011,3,10,15,02003KT,13,10
2011-03-10 16:00:00.000,2011,3,10,16,03003KT,13,11
2011-03-10 17:00:00.000,2011,3,10,17,VRB02KT,14,10
2011-03-10 18:00:00.000,2011,3,10,18,07003KT,14,10
2011-03-10 19:00:00.000,2011,3,10,19,01005KT,15,11
2011-03-10 20:00:00.000,2011,3,10,20,36007KT,15,10
2011-03-10 21:00:00.000,2011,3,10,21,04005KT,15,10
2011-03-10 22:00:00.000,2011,3,10,22,08003KT,15,09
2011-03-10 23:00:00.000,2011,3,10,23,27006KT,14,10
2011-03-11 00:00:00.000,2011,3,11,0,33006KT,13,09
2011-03-11 01:00:00.000,2011,3,11,1,32004KT,11,09
2011-03-11 02:00:00.000,2011,3,11,2,31004KT,11,09
2011-03-11 03:00:00.000,2011,3,11,3,32004KT,10,09
2011-03-11 04:00:00.000,2011,3,11,4,32004KT,10,09
2011-03-11 10:30:00.000,2011,3,11,10,VRB02KT,10,08
2011-03-11 11:00:00.000,2011,3,11,11,VRB02KT,10,09
2011-03-11 12:00:00.000,2011,3,11,12,VRB02KT,11,09
2011-03-11 13:00:00.000,2011,3,11,13,23004KT,12,10
2011-03-11 14:00:00.000,2011,3,11,14,25006KT,13,10
2011-03-11 15:00:00.000,2011,3,11,15,26004KT,15,09
2011-03-11 16:00:00.000,2011,3,11,16,35004KT,17,09
2011-03-11 17:00:00.000,2011,3,11,17,30004KT,17,09
2011-03-11 18:00:00.000,2011,3,11,18,33012KT,18,10
2011-03-11 19:00:00.000,2011,3,11,19,32012KT,17,09
2011-03-11 20:00:00.000,2011,3,11,20,31014KT,18,09
2011-03-11 21:00:00.000,2011,3,11,21,33012KT,16,10
2011-03-11 22:00:00.000,2011,3,11,22,32012KT,15,10
2011-03-11 23:00:00.000,2011,3,11,23,30007KT,14,10
2011-03-12 00:00:00.000,2011,3,12,0,30007KT,13,10
2011-03-12 01:00:00.000,2011,3,12,1,29004KT,13,10
2011-03-12 02:00:00.000,2011,3,12,2,36004KT,12,10
2011-03-12 03:00:00.000,2011,3,12,3,34005KT,12,09
2011-03-12 04:00:00.000,2011,3,12,4,32007KT,12,09
2011-03-12 05:00:00.000,2011,3,12,5,29004KT,12,09
2011-03-12 06:00:00.000,2011,3,12,6,35005KT,12,09
2011-03-12 07:00:00.000,2011,3,12,7,30004KT,11,10
2011-03-12 08:00:00.000,2011,3,12,8,34004LT,11,09
2011-03-12 09:00:00.000,2011,3,12,9,33003KT,11,10
2011-03-12 10:00:00.000,2011,3,12,10,24005KT,10,09
2011-03-12 10:25:00.000,2011,3,12,10,VRB02KT,10,09
2011-03-12 11:00:00.000,2011,3,12,11,00000KT,09,09
2011-03-12 12:00:00.000,2011,3,12,12,00000KT,10,09
2011-03-12 13:00:00.000,2011,3,12,13,00000KT,11,09
2011-03-12 14:00:00.000,2011,3,12,14,30006KT,13,10
2011-03-12 15:00:00.000,2011,3,12,15,30006KT,15,10
2011-03-12 16:00:00.000,2011,3,12,16,33012KT,16,10
2011-03-12 17:00:00.000,2011,3,12,17,33010KT,16,09
2011-03-12 18:00:00.000,2011,3,12,18,32012KT,19,08
2011-03-12 19:00:00.000,2011,3,12,19,32014KT,19,10
2011-03-12 20:00:00.000,2011,3,12,20,32012KT,19,10
2011-03-12 21:00:00.000,2011,3,12,21,34012KT,18,09
2011-03-12 22:00:00.000,2011,3,12,22,33012KT,16,09
2011-03-12 23:00:00.000,2011,3,12,23,33008KT,15,09
2011-03-13 00:00:00.000,2011,3,13,0,32007KT,13,10
2011-03-13 01:00:00.000,2011,3,13,1,30006KT,12,10
2011-03-13 02:00:00.000,2011,3,13,2,29006KT,12,10
2011-03-13 03:00:00.000,2011,3,13,3,30005KT,12,10
2011-03-13 04:00:00.000,2011,3,13,4,27003KT,12,10
2011-03-13 05:00:00.000,2011,3,13,5,26004KT,11,10
2011-03-13 06:00:00.000,2011,3,13,6,VRB02KT,10,09
2011-03-13 07:00:00.000,2011,3,13,7,VRB02KT,10,09
2011-03-13 08:00:00.000,2011,3,13,8,VRB02KT,10,09
2011-03-13 09:00:00.000,2011,3,13,9,32004KT,10,09
2011-03-13 10:00:00.000,2011,3,13,10,33003KT,09,08
2011-03-13 10:30:00.000,2011,3,13,10,VRB02KT,09,08
2011-03-13 11:00:00.000,2011,3,13,11,VRB02KT,09,08
2011-03-13 12:00:00.000,2011,3,13,12,VRB02KT,08,07
2011-03-13 12:30:00.000,2011,3,13,12,16004KT,11,09
2011-03-13 13:00:00.000,2011,3,13,13,VRB02KT,13,09
2011-03-13 14:00:00.000,2011,3,13,14,36004KT,15,09
2011-03-13 15:00:00.000,2011,3,13,15,30003KT,16,09
2011-03-13 16:00:00.000,2011,3,13,16,34008KT,17,09
2011-03-13 17:00:00.000,2011,3,13,17,33010KT,17,09
2011-03-13 18:00:00.000,2011,3,13,18,34014KT,19,11
2011-03-13 19:00:00.000,2011,3,13,19,34016KT,17,09
2011-03-13 20:00:00.000,2011,3,13,20,33012KT,18,09
2011-03-13 21:00:00.000,2011,3,13,21,34012KT,18,08
2011-03-13 22:00:00.000,2011,3,13,22,34012KT,17,09
2011-03-13 23:00:00.000,2011,3,13,23,33010KT,14,10
2011-03-14 01:00:00.000,2011,3,14,1,32005KT,13,10
2011-03-14 02:00:00.000,2011,3,14,2,27005KT,12,10
2011-03-14 03:00:00.000,2011,3,14,3,27004KT,12,10
2011-03-14 04:00:00.000,2011,3,14,4,28005KT,11,10
2011-03-14 05:00:00.000,2011,3,14,5,30004KT,11,10
2011-03-14 06:00:00.000,2011,3,14,6,27005KT,11,09
2011-03-14 07:00:00.000,2011,3,14,7,VRB02KT,10,09
2011-03-14 08:00:00.000,2011,3,14,8,00000KT,10,09
2011-03-14 09:00:00.000,2011,3,14,9,00000KT,10,09
2011-03-14 10:00:00.000,2011,3,14,10,33005KT,09,09
2011-03-14 10:30:00.000,2011,3,14,10,03003KT,10,09
2011-03-14 11:00:00.000,2011,3,14,11,00000KT,10,09
2011-03-14 12:00:00.000,2011,3,14,12,VRB02KT,10,10
2011-03-14 13:00:00.000,2011,3,14,13,00000KT,11,10
2011-03-14 14:00:00.000,2011,3,14,14,30005KT,12,10
2011-03-14 15:00:00.000,2011,3,14,15,03006KT,13,11
2011-03-14 16:00:00.000,2011,3,14,16,30008KT,14,12
2011-03-14 17:00:00.000,2011,3,14,17,33006KT,15,11
2011-03-14 18:00:00.000,2011,3,14,18,32006KT,17,08
2011-03-14 19:00:00.000,2011,3,14,19,28008KT,19,09
2011-03-14 20:00:00.000,2011,3,14,20,29010KT,19,10
2011-03-14 21:00:00.000,2011,3,14,21,27014KT,18,11
2011-03-14 22:00:00.000,2011,3,14,22,31012KT,16,11
2011-03-14 23:00:00.000,2011,3,14,23,34008KT,14,10
2011-03-15 00:00:00.000,2011,3,15,0,33004KT,14,10
2011-03-15 01:00:00.000,2011,3,15,1,28005KT,14,10
2011-03-15 02:00:00.000,2011,3,15,2,32005KT,13,10
2011-03-15 03:00:00.000,2011,3,15,3,32003KT,13,10
2011-03-15 04:00:00.000,2011,3,15,4,29006KT,13,10
2011-03-15 05:00:00.000,2011,3,15,5,33004KT,12,10
2011-03-15 06:00:00.000,2011,3,15,6,02003KT,12,10
2011-03-15 07:00:00.000,2011,3,15,7,04005KT,12,10
2011-03-15 08:00:00.000,2011,3,15,8,34003KT,11,10
2011-03-15 09:00:00.000,2011,3,15,9,30003KT,11,09
2011-03-15 10:00:00.000,2011,3,15,10,VRB02KT,10,08
2011-03-15 11:00:00.000,2011,3,15,11,02003KT,09,08
2011-03-15 12:00:00.000,2011,3,15,12,05003KT,10,08
2011-03-15 13:00:00.000,2011,3,15,13,03005KT,13,09
2011-03-15 14:00:00.000,2011,3,15,14,26004KT,15,09
2011-03-15 15:00:00.000,2011,3,15,15,28004KT,16,09
2011-03-15 16:00:00.000,2011,3,15,16,34006KT,17,07
2011-03-15 17:00:00.000,2011,3,15,17,27010KT,18,07
2011-03-15 18:00:00.000,2011,3,15,18,36004KT,28,23
2011-03-15 19:00:00.000,2011,3,15,19,30014KT,18,11
2011-03-15 20:00:00.000,2011,3,15,20,27011KT,17,11
2011-03-15 21:00:00.000,2011,3,15,21,26014KT,16,12
2011-03-15 22:00:00.000,2011,3,15,22,28012KT,15,12
2011-03-15 23:00:00.000,2011,3,15,23,28009KT,15,12
2011-03-15 23:34:00.000,2011,3,15,23,29005KT,13,12
2011-03-16 00:00:00.000,2011,3,16,0,24004KT,13,12
2011-03-16 01:00:00.000,2011,3,16,1,25003KT,14,12
2011-03-16 02:00:00.000,2011,3,16,2,34003KT,13,12
2011-03-16 03:00:00.000,2011,3,16,3,VRB02KT,13,11
2011-03-16 04:00:00.000,2011,3,16,4,29003KT,12,11
2011-03-16 05:00:00.000,2011,3,16,5,VRB02KT,12,11
2011-03-16 06:00:00.000,2011,3,16,6,00000KT,12,11
2011-03-16 07:00:00.000,2011,3,16,7,29003KT,12,11
2011-03-16 08:00:00.000,2011,3,16,8,00000KT,12,11
2011-03-16 09:00:00.000,2011,3,16,9,31004KT,11,10
2011-03-16 10:00:00.000,2011,3,16,10,00000KT,11,11
2011-03-16 10:30:00.000,2011,3,16,10,00000KT,11,11
2011-03-16 11:00:00.000,2011,3,16,11,00000KT,11,10
2011-03-16 12:00:00.000,2011,3,16,12,VRB02KT,12,11
2011-03-16 13:00:00.000,2011,3,16,13,31003KT,13,11
2011-03-16 14:00:00.000,2011,3,16,14,VRB02KT,16,10
2011-03-16 15:00:00.000,2011,3,16,15,VRB02KT,17,10
2011-03-16 16:00:00.000,2011,3,16,16,VRB02KT,18,08
2011-03-16 17:00:00.000,2011,3,16,17,31003KT,19,08
2011-03-16 18:00:00.000,2011,3,16,18,31009KT,19,11
2011-03-16 19:00:00.000,2011,3,16,19,29008KT,17,11
2011-03-16 20:00:00.000,2011,3,16,20,30011KT,16,12
2011-03-16 21:00:00.000,2011,3,16,21,32008KT,16,12
2011-03-16 22:00:00.000,2011,3,16,22,33006KT,14,10
2011-03-16 23:00:00.000,2011,3,16,23,28004KT,13,10
2011-03-17 00:00:00.000,2011,3,17,0,00000KT,12,10
2011-03-17 01:00:00.000,2011,3,17,1,00000KT,12,10
2011-03-17 02:00:00.000,2011,3,17,2,25004KT,12,11
2011-03-17 03:00:00.000,2011,3,17,3,30003KT,12,10
2011-03-17 04:00:00.000,2011,3,17,4,36003KT,11,10
2011-03-17 05:00:00.000,2011,3,17,5,35003KT,11,10
2011-03-17 06:00:00.000,2011,3,17,6,00000KT,10,10
2011-03-17 07:00:00.000,2011,3,17,7,31003KT,09,09
2011-03-17 08:00:00.000,2011,3,17,8,02004KT,09,09
2011-03-17 09:00:00.000,2011,3,17,9,08003KT,09,09
2011-03-17 10:00:00.000,2011,3,17,10,33006KT,09,08
2011-03-17 10:30:00.000,2011,3,17,10,33003KT,08,07
2011-03-17 11:00:00.000,2011,3,17,11,VRB02KT,08,07
2011-03-17 12:00:00.000,2011,3,17,12,06004KT,09,08
2011-03-17 13:00:00.000,2011,3,17,13,01004KT,11,09
2011-03-17 14:00:00.000,2011,3,17,14,06005KT,13,09
2011-03-17 15:00:00.000,2011,3,17,15,04007KT,15,10
2011-03-17 16:00:00.000,2011,3,17,16,02006KT,17,09
2011-03-17 17:00:00.000,2011,3,17,17,31003KT,18,08
2011-03-17 18:00:00.000,2011,3,17,18,06007KT,19,09
2011-03-17 19:00:00.000,2011,3,17,19,05007KT,18,09
2011-03-17 20:00:00.000,2011,3,17,20,27007KT,15,11
2011-03-17 22:00:00.000,2011,3,17,22,23006KT,15,12
2011-03-17 23:00:00.000,2011,3,17,23,27005KT,15,11
2011-03-18 00:00:00.000,2011,3,18,0,32006KT,14,11
2011-03-18 01:00:00.000,2011,3,18,1,29005KT,13,11
2011-03-18 02:00:00.000,2011,3,18,2,VRB02KT,13,11
2011-03-18 03:00:00.000,2011,3,18,3,VRB02KT,13,11
2011-03-18 04:00:00.000,2011,3,18,4,33003KT,13,11
2011-03-18 05:00:00.000,2011,3,18,5,00000KT,12,11
2011-03-18 06:00:00.000,2011,3,18,6,VRB02KT,12,11
2011-03-18 07:00:00.000,2011,3,18,7,VRB02KT,12,11
2011-03-18 08:00:00.000,2011,3,18,8,03005KT,12,11
2011-03-18 09:00:00.000,2011,3,18,9,06006KT,12,11
2011-03-18 10:00:00.000,2011,3,18,10,06004KT,11,10
2011-03-18 10:30:00.000,2011,3,18,10,06005KT,11,10
2011-03-18 11:00:00.000,2011,3,18,11,05006KT,11,10
2011-03-18 12:00:00.000,2011,3,18,12,05006KT,12,10
2011-03-18 13:00:00.000,2011,3,18,13,06006KT,13,10
2011-03-18 14:00:00.000,2011,3,18,14,06008KT,16,11
2011-03-18 15:00:00.000,2011,3,18,15,05010KT,16,11
2011-03-18 16:00:00.000,2011,3,18,16,10008KT,17,11
2011-03-18 17:00:00.000,2011,3,18,17,10006KT,17,11
2011-03-18 18:00:00.000,2011,3,18,18,13007KT,17,11
2011-03-18 18:15:00.000,2011,3,18,18,13007KT,16,12
2011-03-18 18:30:00.000,2011,3,18,18,13007KT,16,12
2011-03-18 19:00:00.000,2011,3,18,19,21007KT,16,12
2011-03-18 20:00:00.000,2011,3,18,20,22006KT,17,11
2011-03-18 21:00:00.000,2011,3,18,21,23010KT,18,10
2011-03-18 22:00:00.000,2011,3,18,22,35005KT,17,12
2011-03-18 23:00:00.000,2011,3,18,23,31005KT,15,12
2011-03-19 00:00:00.000,2011,3,19,0,32005KT,14,12
2011-03-19 01:00:00.000,2011,3,19,1,30005KT,14,12
2011-03-19 02:00:00.000,2011,3,19,2,35005KT,13,12
2011-03-19 03:00:00.000,2011,3,19,3,34003KT,13,12
2011-03-19 04:00:00.000,2011,3,19,4,33003KT,13,11
2011-03-19 05:00:00.000,2011,3,19,5,VRB02KT,13,10
2011-03-19 06:00:00.000,2011,3,19,6,33003KT,13,10
2011-03-19 07:00:00.000,2011,3,19,7,VRB02KT,11,10
2011-03-19 08:00:00.000,2011,3,19,8,04005KT,11,10
2011-03-19 09:00:00.000,2011,3,19,9,29003KT,11,10
2011-03-19 10:00:00.000,2011,3,19,10,VRB02KT,10,09
2011-03-19 10:30:00.000,2011,3,19,10,VRB02KT,11,10
2011-03-19 11:00:00.000,2011,3,19,11,04006KT,11,10
2011-03-19 12:00:00.000,2011,3,19,12,05006KT,12,11
2011-03-19 13:00:00.000,2011,3,19,13,06008KT,14,11
2011-03-19 14:00:00.000,2011,3,19,14,08007KT,15,11
2011-03-19 15:00:00.000,2011,3,19,15,12005KT,17,11
2011-03-19 16:00:00.000,2011,3,19,16,10008KT,18,11
2011-03-19 17:00:00.000,2011,3,19,17,09009KT,15,11
2011-03-19 18:00:00.000,2011,3,19,18,07006KT,14,13
2011-03-19 18:17:00.000,2011,3,19,18,VRB02KT,14,12
2011-03-19 19:00:00.000,2011,3,19,19,VRB02KT,15,13
2011-03-19 20:00:00.000,2011,3,19,20,VRB02KT,18,12
2011-03-19 21:00:00.000,2011,3,19,21,VRB02KT,18,11
2011-03-19 22:00:00.000,2011,3,19,22,08006KT,18,09
2011-03-19 23:00:00.000,2011,3,19,23,27006KT,15,12
2011-03-20 00:00:00.000,2011,3,20,0,30006KT,14,13
2011-03-20 01:00:00.000,2011,3,20,1,29006KT,13,12
2011-03-20 02:00:00.000,2011,3,20,2,24004KT,13,12
2011-03-20 03:00:00.000,2011,3,20,3,23006KT,13,12
2011-03-20 04:00:00.000,2011,3,20,4,27006KT,13,12
2011-03-20 05:00:00.000,2011,3,20,5,03004KT,13,12
2011-03-20 06:00:00.000,2011,3,20,6,00000KT,12,11
2011-03-20 07:00:00.000,2011,3,20,7,00000KT,12,11
2011-03-20 08:00:00.000,2011,3,20,8,25006KT,12,11
2011-03-20 09:00:00.000,2011,3,20,9,29004KT,12,11
2011-03-20 10:00:00.000,2011,3,20,10,00000KT,11,10
2011-03-20 10:30:00.000,2011,3,20,10,00000KT,11,11
2011-03-20 11:00:00.000,2011,3,20,11,31004KT,11,11
2011-03-20 12:00:00.000,2011,3,20,12,00000KT,13,12
2011-03-20 13:00:00.000,2011,3,20,13,02004KT,14,11
2011-03-20 14:00:00.000,2011,3,20,14,04006KT,15,11
2011-03-20 15:00:00.000,2011,3,20,15,VRB02KT,17,11
2011-03-20 16:00:00.000,2011,3,20,16,29004KT,17,11
2011-03-20 17:00:00.000,2011,3,20,17,30012KT,15,12
2011-03-20 17:05:00.000,2011,3,20,17,28013KT,14,12
2011-03-20 18:00:00.000,2011,3,20,18,28008KT,14,12
2011-03-20 18:30:00.000,2011,3,20,18,29007KT,14,12
2011-03-20 19:00:00.000,2011,3,20,19,28008KT,14,12
2011-03-20 20:00:00.000,2011,3,20,20,24008KT,16,13
2011-03-20 21:00:00.000,2011,3,20,21,20008KT,15,11
2011-03-20 22:00:00.000,2011,3,20,22,26004KT,15,12
2011-03-20 23:00:00.000,2011,3,20,23,VRB02KT,14,11
2011-03-21 00:00:00.000,2011,3,21,0,30005KT,13,11
2011-03-21 03:00:00.000,2011,3,21,3,VRB02KT,12,11
2011-03-21 04:00:00.000,2011,3,21,4,30004KT,12,11
2011-03-21 05:00:00.000,2011,3,21,5,32004KT,12,11
2011-03-21 06:00:00.000,2011,3,21,6,33003KT,12,11
2011-03-21 07:00:00.000,2011,3,21,7,00000KT,11,11
2011-03-21 08:00:00.000,2011,3,21,8,VRB02KT,11,11
2011-03-21 09:00:00.000,2011,3,21,9,27003KT,12,11
2011-03-21 10:00:00.000,2011,3,21,10,00000KT,12,10
2011-03-21 11:00:00.000,2011,3,21,11,31003KT,12,11
2011-03-21 12:00:00.000,2011,3,21,12,VRB02KT,12,11
2011-03-21 13:00:00.000,2011,3,21,13,VRB02KT,13,11
2011-03-21 14:00:00.000,2011,3,21,14,VRB02KT,14,12
2011-03-21 15:00:00.000,2011,3,21,15,VRB02KT,16,12
2011-03-21 16:00:00.000,2011,3,21,16,28005KT,17,12
2011-03-21 17:00:00.000,2011,3,21,17,30008KT,17,12
2011-03-21 18:00:00.000,2011,3,21,18,24008KT,15,12
2011-03-21 19:00:00.000,2011,3,21,19,28008KT,15,13
2011-03-21 20:00:00.000,2011,3,21,20,26007KT,16,13
2011-03-21 21:00:00.000,2011,3,21,21,25008KT,14,12
2011-03-21 22:00:00.000,2011,3,21,22,27005KT,14,12
2011-03-21 23:00:00.000,2011,3,21,23,31007KT,14,12
2011-03-22 00:00:00.000,2011,3,22,0,01005KT,13,12
2011-03-22 01:00:00.000,2011,3,22,1,05007KT,12,12
2011-03-22 02:00:00.000,2011,3,22,2,05008KT,12,11
2011-03-22 03:00:00.000,2011,3,22,3,06011KT,11,10
2011-03-22 04:00:00.000,2011,3,22,4,07006KT,11,09
2011-03-22 05:00:00.000,2011,3,22,5,00000KT,10,09
2011-03-22 06:00:00.000,2011,3,22,6,VRB02KT,10,09
2011-03-22 07:00:00.000,2011,3,22,7,VRB02KT,09,09
2011-03-22 08:00:00.000,2011,3,22,8,04004KT,09,09
2011-03-22 09:00:00.000,2011,3,22,9,02004KT,09,09
2011-03-22 10:00:00.000,2011,3,22,10,33003KT,09,08
2011-03-22 11:00:00.000,2011,3,22,11,VRB02KT,08,08
2011-03-22 12:00:00.000,2011,3,22,12,06004KT,10,10
2011-03-22 13:00:00.000,2011,3,22,13,16004KT,12,10
2011-03-22 14:00:00.000,2011,3,22,14,34004KT,15,11
2011-03-22 15:00:00.000,2011,3,22,15,VRB02KT,17,11
2011-03-22 16:00:00.000,2011,3,22,16,29004KT,17,11
2011-03-22 17:00:00.000,2011,3,22,17,30010KT,18,12
2011-03-22 18:00:00.000,2011,3,22,18,30012KT,17,12
2011-03-22 19:00:00.000,2011,3,22,19,25010KT,17,12
2011-03-22 20:00:00.000,2011,3,22,20,27012KT,17,12
2011-03-22 21:00:00.000,2011,3,22,21,26008KT,16,12
2011-03-22 22:00:00.000,2011,3,22,22,18004KT,15,12
2011-03-22 23:00:00.000,2011,3,22,23,33004KT,12,11
2011-03-23 00:00:00.000,2011,3,23,0,33004KT,12,11
2011-03-23 01:00:00.000,2011,3,23,1,34003KT,12,11
2011-03-23 02:00:00.000,2011,3,23,2,33003KT,12,11
2011-03-23 03:00:00.000,2011,3,23,3,VRB02KT,12,11
2011-03-23 04:00:00.000,2011,3,23,4,33003KT,12,11
2011-03-23 05:00:00.000,2011,3,23,5,05003KT,12,11
2011-03-23 06:00:00.000,2011,3,23,6,VRB02KT,12,12
2011-03-23 07:00:00.000,2011,3,23,7,VRB02KT,12,12
2011-03-23 08:00:00.000,2011,3,23,8,VRB02KT,12,12
2011-03-23 09:00:00.000,2011,3,23,9,33004KT,12,12
2011-03-23 10:00:00.000,2011,3,23,10,34004KT,12,12
2011-03-23 11:00:00.000,2011,3,23,11,VRB02KT,12,11
2011-03-23 12:00:00.000,2011,3,23,12,35004KT,12,12
2011-03-23 13:00:00.000,2011,3,23,13,00000KT,13,12
2011-03-23 14:00:00.000,2011,3,23,14,VRB02KT,13,12
2011-03-23 15:00:00.000,2011,3,23,15,VRB02KT,15,13
2011-03-23 16:00:00.000,2011,3,23,16,VRB02KT,17,13
2011-03-23 17:00:00.000,2011,3,23,17,17008KT,16,11
2011-03-23 18:00:00.000,2011,3,23,18,16008KT,18,10
2011-03-23 19:00:00.000,2011,3,23,19,12006KT,16,12
2011-03-23 20:00:00.000,2011,3,23,20,29006KT,15,12
2011-03-23 21:00:00.000,2011,3,23,21,13006KT,15,12
2011-03-23 22:00:00.000,2011,3,23,22,13006KT,16,11
2011-03-23 23:00:00.000,2011,3,23,23,04006KT,15,13
2011-03-24 00:00:00.000,2011,3,24,0,03006KT,14,11
2011-03-24 01:00:00.000,2011,3,24,1,04004KT,13,11
2011-03-24 02:00:00.000,2011,3,24,2,07003KT,13,11
2011-03-24 03:00:00.000,2011,3,24,3,05003KT,12,11
2011-03-24 04:00:00.000,2011,3,24,4,VRB02KT,12,11
2011-03-24 05:00:00.000,2011,3,24,5,05003KT,12,10
2011-03-24 06:00:00.000,2011,3,24,6,33004KT,11,11
2011-03-24 07:00:00.000,2011,3,24,7,00000KT,11,11
2011-03-24 08:00:00.000,2011,3,24,8,05004KT,12,11
2011-03-24 09:00:00.000,2011,3,24,9,06003KT,11,10
2011-03-24 10:00:00.000,2011,3,24,10,04003KT,10,09
2011-03-24 11:00:00.000,2011,3,24,11,07003KT,10,09
2011-03-24 12:00:00.000,2011,3,24,12,06005KT,13,11
2011-03-24 13:00:00.000,2011,3,24,13,04006KT,14,10
2011-03-24 14:00:00.000,2011,3,24,14,06007KT,15,10
2011-03-24 15:00:00.000,2011,3,24,15,07005KT,16,10
2011-03-24 16:00:00.000,2011,3,24,16,VRB02KT,17,11
2011-03-24 17:00:00.000,2011,3,24,17,14006KT,19,11
2011-03-24 18:00:00.000,2011,3,24,18,16010KT,19,11
2011-03-24 19:00:00.000,2011,3,24,19,16007KT,19,10
2011-03-24 20:00:00.000,2011,3,24,20,07004KT,20,09
2011-03-24 21:00:00.000,2011,3,24,21,08010KT,19,10
2011-03-24 22:00:00.000,2011,3,24,22,12012KT,17,10
2011-03-24 23:00:00.000,2011,3,24,23,06006KT,16,10
2011-03-25 00:00:00.000,2011,3,25,0,VRB02KT,14,10
2011-03-25 01:00:00.000,2011,3,25,1,07005KT,14,09
2011-03-25 02:00:00.000,2011,3,25,2,05006KT,13,09
2011-03-25 03:00:00.000,2011,3,25,3,05010KT,13,10
2011-03-25 04:00:00.000,2011,3,25,4,03006KT,13,10
2011-03-25 05:00:00.000,2011,3,25,5,04006KT,13,11
2011-03-25 06:00:00.000,2011,3,25,6,04007KT,13,11
2011-03-25 07:00:00.000,2011,3,25,7,06006KT,12,11
2011-03-25 08:00:00.000,2011,3,25,8,07004KT,12,11
2011-03-25 09:00:00.000,2011,3,25,9,03005KT,12,11
2011-03-25 10:00:00.000,2011,3,25,10,04004KT,12,11
2011-03-25 10:30:00.000,2011,3,25,10,06004KT,12,11
2011-03-25 11:00:00.000,2011,3,25,11,05004KT,12,11
2011-03-25 12:00:00.000,2011,3,25,12,05005KT,13,10
2011-03-25 13:00:00.000,2011,3,25,13,07005KT,13,11
2011-03-25 14:00:00.000,2011,3,25,14,15006KT,14,11
2011-03-25 15:00:00.000,2011,3,25,15,15008KT,16,12
2011-03-25 16:00:00.000,2011,3,25,16,16009KT,17,11
2011-03-25 17:00:00.000,2011,3,25,17,18005KT,17,11
2011-03-25 18:00:00.000,2011,3,25,18,17008KT,19,11
2011-03-25 19:00:00.000,2011,3,25,19,05004KT,18,11
2011-03-25 20:00:00.000,2011,3,25,20,27009KT,16,13
2011-03-25 21:00:00.000,2011,3,25,21,27005KT,15,13
2011-03-25 22:00:00.000,2011,3,25,22,19003KT,14,13
2011-03-25 23:00:00.000,2011,3,25,23,30003KT,14,13
2011-03-26 00:00:00.000,2011,3,26,0,01004KT,14,13
2011-03-26 01:00:00.000,2011,3,26,1,02004KT,14,12
2011-03-26 02:00:00.000,2011,3,26,2,03004KT,13,12
2011-03-26 03:00:00.000,2011,3,26,3,34004KT,14,12
2011-03-26 04:00:00.000,2011,3,26,4,04006KT,13,11
2011-03-26 05:00:00.000,2011,3,26,5,03012KT,12,10
2011-03-27 00:00:00.000,2011,3,27,0,36003KT,14,12
2011-03-27 05:00:00.000,2011,3,27,5,06007KT,13,09
2011-03-27 06:00:00.000,2011,3,27,6,06004KT,13,10
2011-03-27 07:00:00.000,2011,3,27,7,26007KT,13,10
2011-03-27 08:00:00.000,2011,3,27,8,03007KT,12,09
2011-03-27 09:00:00.000,2011,3,27,9,05005KT,11,08
2011-03-27 10:00:00.000,2011,3,27,10,06007KT,11,08
2011-03-27 10:30:00.000,2011,3,27,10,05007KT,11,08
2011-03-27 11:00:00.000,2011,3,27,11,05005KT,10,08
2011-03-27 12:00:00.000,2011,3,27,12,06006KT,13,09
2011-03-27 13:00:00.000,2011,3,27,13,08008KT,15,09
2011-03-27 14:00:00.000,2011,3,27,14,10010KT,17,08
2011-03-27 15:00:00.000,2011,3,27,15,04008KT,18,08
2011-03-27 16:00:00.000,2011,3,27,16,14012KT,20,09
2011-03-27 17:00:00.000,2011,3,27,17,12010KT,21,10
2011-03-27 18:00:00.000,2011,3,27,18,14010KT,20,09
2011-03-27 19:00:00.000,2011,3,27,19,12012KT,19,09
2011-03-27 20:00:00.000,2011,3,27,20,15012KT,20,09
2011-03-27 21:00:00.000,2011,3,27,21,14008KT,18,10
2011-03-27 22:00:00.000,2011,3,27,22,09006KT,18,10
2011-03-27 23:00:00.000,2011,3,27,23,09008KT,17,09
2011-03-28 00:00:00.000,2011,3,28,0,11006KT,15,10
2011-03-28 01:00:00.000,2011,3,28,1,09006KT,14,10
2011-03-28 02:00:00.000,2011,3,28,2,00000KT,13,10
2011-03-28 03:00:00.000,2011,3,28,3,01004KT,14,10
2011-03-28 04:00:00.000,2011,3,28,4,00000KT,13,11
2011-03-28 05:00:00.000,2011,3,28,5,01004KT,13,10
2011-03-28 06:00:00.000,2011,3,28,6,05006KT,13,10
2011-03-28 07:00:00.000,2011,3,28,7,06006KT,13,09
2011-03-28 08:00:00.000,2011,3,28,8,06010KT,12,09
2011-03-28 09:00:00.000,2011,3,28,9,05008KT,11,08
2011-03-28 10:00:00.000,2011,3,28,10,05006KT,10,08
2011-03-28 10:30:00.000,2011,3,28,10,05008KT,11,08
2011-03-28 11:00:00.000,2011,3,28,11,04006KT,09,07
2011-03-28 12:00:00.000,2011,3,28,12,05005KT,12,09
2011-03-28 13:00:00.000,2011,3,28,13,05009KT,13,10
2011-03-28 14:00:00.000,2011,3,28,14,07006KT,15,10
2011-03-28 15:00:00.000,2011,3,28,15,04010KT,16,10
2011-03-28 16:00:00.000,2011,3,28,16,11008KT,17,10
2011-03-28 17:00:00.000,2011,3,28,17,06012KT,17,11
2011-03-28 18:00:00.000,2011,3,28,18,05009KT,17,10
2011-03-28 19:00:00.000,2011,3,28,19,06008KT,18,09
2011-03-28 20:00:00.000,2011,3,28,20,12010KT,18,08
2011-03-28 21:00:00.000,2011,3,28,21,09011KT,19,09
2011-03-28 22:00:00.000,2011,3,28,22,06007KT,17,09
2011-03-28 23:00:00.000,2011,3,28,23,10005KT,16,08
2011-03-29 00:00:00.000,2011,3,29,0,14005KT,15,09
2011-03-29 01:00:00.000,2011,3,29,1,VRB02KT,14,10
2011-03-29 02:00:00.000,2011,3,29,2,VRB02KT,14,10
2011-03-29 03:00:00.000,2011,3,29,3,VRB02KT,13,10
2011-03-29 04:00:00.000,2011,3,29,4,01005KT,11,09
2011-03-29 05:00:00.000,2011,3,29,5,05003KT,10,08
2011-03-29 06:00:00.000,2011,3,29,6,VRB02KT,10,08
2011-03-29 07:00:00.000,2011,3,29,7,34003KT,09,08
2011-03-29 08:00:00.000,2011,3,29,8,VRB02KT,08,08
2011-03-29 09:00:00.000,2011,3,29,9,07003KT,08,08
2011-03-29 10:00:00.000,2011,3,29,10,06005KT,09,08
2011-03-29 11:00:00.000,2011,3,29,11,05005KT,11,08
2011-03-29 12:00:00.000,2011,3,29,12,07008KT,11,08
2011-03-29 13:00:00.000,2011,3,29,13,09009KT,14,09
2011-03-29 14:00:00.000,2011,3,29,14,09008KT,17,08
2011-03-29 15:00:00.000,2011,3,29,15,15006KT,18,08
2011-03-29 16:00:00.000,2011,3,29,16,15007KT,19,10
2011-03-29 17:00:00.000,2011,3,29,17,14007KT,20,08
2011-03-29 18:00:00.000,2011,3,29,18,15012KT,19,08
2011-03-29 19:00:00.000,2011,3,29,19,15010KT,20,08
2011-03-29 20:00:00.000,2011,3,29,20,18014KT,20,07
2011-03-29 21:00:00.000,2011,3,29,21,18015KT,19,07
2011-03-29 22:00:00.000,2011,3,29,22,34008KT,18,08
2011-03-29 23:00:00.000,2011,3,29,23,34004KT,17,11
2011-03-30 00:00:00.000,2011,3,30,0,35004KT,14,10
2011-03-30 01:00:00.000,2011,3,30,1,30004KT,13,08
2011-03-30 02:00:00.000,2011,3,30,2,VRB02KT,12,09
2011-03-30 03:00:00.000,2011,3,30,3,VRB02KT,11,10
2011-03-30 04:00:00.000,2011,3,30,4,VRB02KT,10,09
2011-03-30 05:00:00.000,2011,3,30,5,VRB02KT,09,08
2011-03-30 06:00:00.000,2011,3,30,6,VRB02KT,08,07
2011-03-30 07:00:00.000,2011,3,30,7,00000KT,08,07
2011-03-30 08:00:00.000,2011,3,30,8,02003KT,07,06
2011-03-30 09:00:00.000,2011,3,30,9,00000KT,07,06
2011-03-30 10:00:00.000,2011,3,30,10,02004KT,05,05
2011-03-30 11:00:00.000,2011,3,30,11,04005KT,06,06
2011-03-30 12:00:00.000,2011,3,30,12,03006KT,09,08
2011-03-30 13:00:00.000,2011,3,30,13,05010KT,12,09
2011-03-30 14:00:00.000,2011,3,30,14,05008KT,14,10
2011-03-30 15:00:00.000,2011,3,30,15,03008KT,16,10
2011-03-30 16:00:00.000,2011,3,30,16,28004KT,17,10
2011-03-30 17:00:00.000,2011,3,30,17,28005KT,18,10
2011-03-30 18:00:00.000,2011,3,30,18,12008KT,19,08
2011-03-30 19:00:00.000,2011,3,30,19,12004KT,18,08
2011-03-30 20:00:00.000,2011,3,30,20,08008KT,18,10
2011-03-30 21:00:00.000,2011,3,30,21,05006KT,18,11
2011-03-30 23:00:00.000,2011,3,30,23,26006KT,16,12
2011-03-31 00:00:00.000,2011,3,31,0,24006KT,14,12
2011-03-31 01:00:00.000,2011,3,31,1,33004KT,12,11
2011-03-31 02:00:00.000,2011,3,31,2,00000KT,11,11
2011-03-31 03:00:00.000,2011,3,31,3,00000KT,11,11
2011-03-31 04:00:00.000,2011,3,31,4,04003KT,11,10
2011-03-31 05:00:00.000,2011,3,31,5,05004KT,10,10
2011-03-31 06:00:00.000,2011,3,31,6,06004KT,10,09
2011-03-31 07:00:00.000,2011,3,31,7,06007KT,10,10
2011-03-31 08:00:00.000,2011,3,31,8,05006KT,10,10
2011-03-31 09:00:00.000,2011,3,31,9,VRB02KT,10,08
2011-03-31 10:00:00.000,2011,3,31,10,08004KT,09,08
2011-03-31 11:00:00.000,2011,3,31,11,05005KT,09,08
2011-03-31 12:00:00.000,2011,3,31,12,03008KT,11,09
2011-03-31 13:00:00.000,2011,3,31,13,05009KT,14,09
2011-03-31 14:00:00.000,2011,3,31,14,03010KT,16,09
2011-03-31 15:00:00.000,2011,3,31,15,06010KT,18,09
2011-03-31 16:00:00.000,2011,3,31,16,07008KT,19,09
2011-03-31 17:00:00.000,2011,3,31,17,06007KT,20,09
2011-03-31 18:00:00.000,2011,3,31,18,08008KT,20,06
2011-03-31 19:00:00.000,2011,3,31,19,06010KT,20,08
2011-03-31 20:00:00.000,2011,3,31,20,12006KT,19,09
2011-03-31 21:00:00.000,2011,3,31,21,23008KT,17,12
2011-03-31 22:00:00.000,2011,3,31,22,27008KT,16,11
2011-03-31 23:00:00.000,2011,3,31,23,22006KT,15,11
2011-04-01 00:00:00.000,2011,4,1,0,32005KT,14,10
2011-04-01 01:00:00.000,2011,4,1,1,01005KT,13,10
2011-04-01 02:00:00.000,2011,4,1,2,02004KT,13,10
2011-04-01 03:00:00.000,2011,4,1,3,VRB02KT,12,10
2011-04-01 04:00:00.000,2011,4,1,4,04003KT,12,10
2011-04-01 05:00:00.000,2011,4,1,5,03004KT,12,10
2011-04-01 06:00:00.000,2011,4,1,6,00000KT,11,10
2011-04-01 07:00:00.000,2011,4,1,7,VRB02KT,09,09
2011-04-01 08:00:00.000,2011,4,1,8,VRB02KT,09,09
2011-04-01 09:00:00.000,2011,4,1,9,29004KT,09,09
2011-04-01 10:00:00.000,2011,4,1,10,VRB02KT,09,08
2011-04-01 11:00:00.000,2011,4,1,11,VRB02KT,07,07
2011-04-01 12:00:00.000,2011,4,1,12,04004KT,12,10
2011-04-01 13:00:00.000,2011,4,1,13,04009KT,14,10
2011-04-01 14:00:00.000,2011,4,1,14,04007KT,16,10
2011-04-01 15:00:00.000,2011,4,1,15,08005KT,18,10
2011-04-01 16:00:00.000,2011,4,1,16,24006KT,20,09
2011-04-01 17:00:00.000,2011,4,1,17,16006KT,20,08
2011-04-01 18:00:00.000,2011,4,1,18,15003KT,21,07
2011-04-01 19:00:00.000,2011,4,1,19,24009KT,20,12
2011-04-01 20:00:00.000,2011,4,1,20,29010KT,19,13
2011-04-01 21:00:00.000,2011,4,1,21,29012KT,15,14
2011-04-01 22:00:00.000,2011,4,1,22,20005KT,16,14
2011-04-01 23:00:00.000,2011,4,1,23,25005KT,15,13
2011-04-02 00:00:00.000,2011,4,2,0,VRB02KT,15,13
2011-04-02 03:00:00.000,2011,4,2,3,29005KT,13,10
2011-04-02 04:00:00.000,2011,4,2,4,31003KT,13,11
2011-04-02 05:00:00.000,2011,4,2,5,04005KT,13,11
2011-04-02 06:00:00.000,2011,4,2,6,VRB02KT,12,10
2011-04-02 07:00:00.000,2011,4,2,7,VRB02KT,11,10
2011-04-02 08:00:00.000,2011,4,2,8,02004KT,11,10
2011-04-02 09:00:00.000,2011,4,2,9,05003KT,10,09
2011-04-02 10:00:00.000,2011,4,2,10,32003KT,09,09
2011-04-02 11:00:00.000,2011,4,2,11,VRB02KT,09,09
2011-04-02 12:00:00.000,2011,4,2,12,06003KT,13,11
2011-04-02 13:00:00.000,2011,4,2,13,30003KT,14,12
2011-04-02 14:00:00.000,2011,4,2,14,04008KT,17,12
2011-04-02 15:00:00.000,2011,4,2,15,07008KT,18,11
2011-04-02 16:00:00.000,2011,4,2,16,08008KT,20,10
2011-04-02 17:00:00.000,2011,4,2,17,08010KT,20,10
2011-04-02 18:00:00.000,2011,4,2,18,24008KT,21,08
2011-04-02 19:00:00.000,2011,4,2,19,24011KT,18,13
2011-04-02 20:00:00.000,2011,4,2,20,31010KT,18,13
2011-04-02 21:00:00.000,2011,4,2,21,30008KT,17,13
2011-04-02 22:00:00.000,2011,4,2,22,25008KT,17,13
2011-04-02 23:00:00.000,2011,4,2,23,30006KT,16,13
2011-04-03 00:00:00.000,2011,4,3,0,31006KT,14,12
2011-04-03 01:00:00.000,2011,4,3,1,32005KT,13,12
2011-04-03 02:00:00.000,2011,4,3,2,VRB02KT,13,12
2011-04-03 03:00:00.000,2011,4,3,3,VRB02KT,12,11
2011-04-03 04:00:00.000,2011,4,3,4,VRB02KT,11,10
2011-04-03 05:00:00.000,2011,4,3,5,VRB02KT,11,10
2011-04-03 06:00:00.000,2011,4,3,6,VRB02KT,10,10
2011-04-03 07:00:00.000,2011,4,3,7,33003KT,10,10
2011-04-03 09:00:00.000,2011,4,3,9,00000KT,10,09
2011-04-03 10:00:00.000,2011,4,3,10,06006KT,10,09
2011-04-03 11:00:00.000,2011,4,3,11,VRB02KT,10,09
2011-04-03 12:00:00.000,2011,4,3,12,27003KT,11,10
2011-04-03 13:00:00.000,2011,4,3,13,05005KT,14,11
2011-04-03 14:00:00.000,2011,4,3,14,35004KT,15,10
2011-04-03 15:00:00.000,2011,4,3,15,34003KT,18,11
2011-04-03 16:00:00.000,2011,4,3,16,22007KT,20,11
2011-04-03 17:00:00.000,2011,4,3,17,03004KT,20,11
2011-04-03 18:00:00.000,2011,4,3,18,27012KT,20,14
2011-04-03 19:00:00.000,2011,4,3,19,28014KT,16,13
2011-04-03 20:00:00.000,2011,4,3,20,27008KT,17,14
2011-04-03 21:00:00.000,2011,4,3,21,24008KT,17,14
2011-04-03 22:00:00.000,2011,4,3,22,24008KT,17,13
2011-04-03 23:00:00.000,2011,4,3,23,30004KT,16,13
2011-04-04 00:00:00.000,2011,4,4,0,13005KT,15,13
2011-04-04 01:00:00.000,2011,4,4,1,VRB02KT,14,13
2011-04-04 02:00:00.000,2011,4,4,2,33003KT,14,13
2011-04-04 03:00:00.000,2011,4,4,3,32004KT,13,12
2011-04-04 04:00:00.000,2011,4,4,4,VRB02KT,13,12
2011-04-04 05:00:00.000,2011,4,4,5,28003KT,12,11
2011-04-04 06:00:00.000,2011,4,4,6,VRB02KT,12,11
2011-04-04 07:00:00.000,2011,4,4,7,VRB02KT,12,11
2011-04-04 08:00:00.000,2011,4,4,8,VRB02KT,11,11
2011-04-04 09:00:00.000,2011,4,4,9,VRB02KT,11,11
2011-04-04 10:00:00.000,2011,4,4,10,VRB02KT,11,11
2011-04-04 11:00:00.000,2011,4,4,11,07003KT,12,11
2011-04-04 12:00:00.000,2011,4,4,12,07005KT,12,10
2011-04-04 13:00:00.000,2011,4,4,13,05007KT,14,11
2011-04-04 14:00:00.000,2011,4,4,14,03006KT,16,11
2011-04-04 15:00:00.000,2011,4,4,15,05006KT,17,11
2011-04-04 16:00:00.000,2011,4,4,16,VRB02KT,19,11
2011-04-04 17:00:00.000,2011,4,4,17,21010KT,18,12
2011-04-04 18:00:00.000,2011,4,4,18,26010KT,20,13
2011-04-04 19:00:00.000,2011,4,4,19,28010KT,18,13
2011-04-04 19:07:00.000,2011,4,4,19,28010KT,18,13
2011-04-04 19:15:00.000,2011,4,4,19,30010KT,17,13
2011-04-04 20:00:00.000,2011,4,4,20,27006KT,14,12
2011-04-04 21:00:00.000,2011,4,4,21,30008KT,16,14
2011-04-04 22:00:00.000,2011,4,4,22,31008KT,16,14
2011-04-04 23:00:00.000,2011,4,4,23,26008KT,15,13
2011-04-05 00:00:00.000,2011,4,5,0,30005KT,14,12
2011-04-05 01:00:00.000,2011,4,5,1,25005KT,13,13
2011-04-05 02:00:00.000,2011,4,5,2,00000KT,14,13
2011-04-05 03:00:00.000,2011,4,5,3,35003KT,14,12
2011-04-05 04:00:00.000,2011,4,5,4,04005KT,14,12
2011-04-05 05:00:00.000,2011,4,5,5,VRB02KT,12,12
2011-04-05 06:00:00.000,2011,4,5,6,06003KT,13,11
2011-04-05 07:00:00.000,2011,4,5,7,04006KT,13,11
2011-04-05 08:00:00.000,2011,4,5,8,05003KT,13,11
2011-04-05 09:00:00.000,2011,4,5,9,05003KT,12,10
2011-04-05 10:00:00.000,2011,4,5,10,07006KT,12,10
2011-04-05 11:00:00.000,2011,4,5,11,VRB02KT,12,10
2011-04-05 12:00:00.000,2011,4,5,12,03004KT,13,10
2011-04-05 13:00:00.000,2011,4,5,13,06006KT,15,10
2011-04-05 14:00:00.000,2011,4,5,14,08006KT,17,09
2011-04-05 15:00:00.000,2011,4,5,15,10008KT,18,09
2011-04-05 16:00:00.000,2011,4,5,16,06006KT,19,11
2011-04-05 17:00:00.000,2011,4,5,17,30004KT,20,10
2011-04-05 19:00:00.000,2011,4,5,19,26010KT,17,13
2011-04-05 20:00:00.000,2011,4,5,20,03006KT,16,12
2011-04-05 20:30:00.000,2011,4,5,20,29005KT,16,14
2011-04-05 21:00:00.000,2011,4,5,21,27005KT,15,13
2011-04-05 22:00:00.000,2011,4,5,22,24010KT,15,13
2011-04-05 23:00:00.000,2011,4,5,23,25005KT,15,13
2011-04-06 00:00:00.000,2011,4,6,0,31004KT,14,12
2011-04-06 01:00:00.000,2011,4,6,1,VRB02KT,14,12
2011-04-06 02:00:00.000,2011,4,6,2,31007KT,14,12
2011-04-06 03:00:00.000,2011,4,6,3,VRB02KT,14,12
2011-04-06 04:00:00.000,2011,4,6,4,VRB02KT,14,12
2011-04-06 05:00:00.000,2011,4,6,5,VRB02KT,14,12
2011-04-06 06:00:00.000,2011,4,6,6,VRB02KT,13,12
2011-04-06 07:00:00.000,2011,4,6,7,VRB02KT,13,12
2011-04-06 08:00:00.000,2011,4,6,8,VRB02KT,13,12
2011-04-06 09:00:00.000,2011,4,6,9,04003KT,13,12
2011-04-06 10:00:00.000,2011,4,6,10,05004KT,13,12
2011-04-06 10:30:00.000,2011,4,6,10,05006KT,13,11
2011-04-06 11:00:00.000,2011,4,6,11,04004KT,13,11
2011-04-06 12:00:00.000,2011,4,6,12,04004KT,14,11
2011-04-06 13:00:00.000,2011,4,6,13,03004KT,15,12
2011-04-06 14:00:00.000,2011,4,6,14,27003KT,16,11
2011-04-06 15:00:00.000,2011,4,6,15,28004KT,16,11
2011-04-06 16:00:00.000,2011,4,6,16,30003KT,18,11
2011-04-06 17:00:00.000,2011,4,6,17,28006KT,19,13
2011-04-06 18:00:00.000,2011,4,6,18,24008KT,17,13
2011-04-06 19:00:00.000,2011,4,6,19,26008KT,17,13
2011-04-06 20:00:00.000,2011,4,6,20,28010KT,17,13
2011-04-06 21:00:00.000,2011,4,6,21,23009KT,16,14
2011-04-06 22:00:00.000,2011,4,6,22,24006KT,15,13
2011-04-06 23:00:00.000,2011,4,6,23,25005KT,14,12
2011-04-07 00:00:00.000,2011,4,7,0,26003KT,14,12
2011-04-07 01:00:00.000,2011,4,7,1,23004KT,14,12
2011-04-07 02:00:00.000,2011,4,7,2,36003KT,13,12
2011-04-07 03:00:00.000,2011,4,7,3,VRB02KT,13,12
2011-04-07 04:00:00.000,2011,4,7,4,31003KT,12,11
2011-04-07 05:00:00.000,2011,4,7,5,VRB02KT,12,11
2011-04-07 06:00:00.000,2011,4,7,6,VRB02KT,11,11
2011-04-07 07:00:00.000,2011,4,7,7,00000KT,11,11
2011-04-07 08:00:00.000,2011,4,7,8,31003KT,11,11
2011-04-07 09:00:00.000,2011,4,7,9,VRB02KT,11,11
2011-04-07 10:00:00.000,2011,4,7,10,VRB02KT,11,11
2011-04-07 11:00:00.000,2011,4,7,11,VRB02KT,11,10
2011-04-07 12:00:00.000,2011,4,7,12,36003KT,11,11
2011-04-07 13:00:00.000,2011,4,7,13,30003KT,12,11
2011-04-07 14:00:00.000,2011,4,7,14,33003KT,15,12
2011-04-07 15:00:00.000,2011,4,7,15,VRB02KT,17,11
2011-04-07 16:00:00.000,2011,4,7,16,VRB02KT,18,11
2011-04-07 17:00:00.000,2011,4,7,17,VRB02KT,19,10
2011-04-07 18:00:00.000,2011,4,7,18,26003KT,20,11
2011-04-07 19:00:00.000,2011,4,7,19,27010KT,18,12
2011-04-07 19:10:00.000,2011,4,7,19,21012KT,17,13
2011-04-07 19:15:00.000,2011,4,7,19,15010KT,16,13
2011-04-07 19:25:00.000,2011,4,7,19,23015KT,14,13
2011-04-07 19:30:00.000,2011,4,7,19,27015KT,12,11
2011-04-07 20:00:00.000,2011,4,7,20,27006KT,13,12
2011-04-07 21:00:00.000,2011,4,7,21,24008KT,14,13
2011-04-07 22:00:00.000,2011,4,7,22,30006KT,15,13
2011-04-07 23:00:00.000,2011,4,7,23,29003KT,14,12
2011-04-08 00:00:00.000,2011,4,8,0,33003KT,13,12
2011-04-08 01:00:00.000,2011,4,8,1,34003KT,12,12
2011-04-08 02:00:00.000,2011,4,8,2,VRB02KT,12,11
2011-04-08 03:00:00.000,2011,4,8,3,VRB02KT,12,11
2011-04-08 04:00:00.000,2011,4,8,4,VRB02KT,11,11
2011-04-08 04:40:00.000,2011,4,8,4,33003KT,11,11
2011-04-08 05:00:00.000,2011,4,8,5,VRB02KT,10,10
2011-04-08 06:00:00.000,2011,4,8,6,00000KT,10,10
2011-04-08 07:00:00.000,2011,4,8,7,33003KT,10,10
2011-04-08 08:00:00.000,2011,4,8,8,VRB02KT,11,10
2011-04-08 09:00:00.000,2011,4,8,9,VRB02KT,11,11
2011-04-08 10:00:00.000,2011,4,8,10,VRB02KT,11,11
2011-04-08 10:30:00.000,2011,4,8,10,00000KT,11,11
2011-04-08 11:00:00.000,2011,4,8,11,VRB02KT,11,11
2011-04-08 11:18:00.000,2011,4,8,11,00000KT,11,11
2011-04-08 11:33:00.000,2011,4,8,11,VRB02KT,12,11
2011-04-08 12:00:00.000,2011,4,8,12,04003KT,13,12
2011-04-08 12:26:00.000,2011,4,8,12,04003KT,14,12
2011-04-08 13:00:00.000,2011,4,8,13,03003KT,15,11
2011-04-08 14:00:00.000,2011,4,8,14,03003KT,17,11
2011-04-08 15:00:00.000,2011,4,8,15,31003KT,19,10
2011-04-08 16:00:00.000,2011,4,8,16,VRB02KT,19,09
2011-04-08 17:00:00.000,2011,4,8,17,26003KT,19,11
2011-04-08 18:00:00.000,2011,4,8,18,23004KT,19,13
2011-04-08 19:00:00.000,2011,4,8,19,27011KT,18,13
2011-04-08 19:05:00.000,2011,4,8,19,22012KT,17,15
2011-04-08 19:30:00.000,2011,4,8,19,27008KT,16,13
2011-04-08 20:00:00.000,2011,4,8,20,29012KT,16,14
2011-04-08 21:00:00.000,2011,4,8,21,29009KT,15,14
2011-04-08 22:00:00.000,2011,4,8,22,34006KT,14,13
2011-04-08 23:00:00.000,2011,4,8,23,33004KT,14,12
2011-04-08 23:30:00.000,2011,4,8,23,07003KT,14,12
2011-04-09 00:00:00.000,2011,4,9,0,32006KT,13,12
2011-04-09 00:10:00.000,2011,4,9,0,28004KT,13,12
2011-04-09 01:00:00.000,2011,4,9,1,VRB02KT,13,12
2011-04-09 02:00:00.000,2011,4,9,2,VRB02KT,13,12
2011-04-09 03:00:00.000,2011,4,9,3,VRB02KT,13,12
2011-04-09 04:00:00.000,2011,4,9,4,VRB02KT,13,12
2011-04-09 05:00:00.000,2011,4,9,5,32005KT,13,12
2011-04-09 06:00:00.000,2011,4,9,6,VRB02KT,12,11
2011-04-09 07:00:00.000,2011,4,9,7,32003KT,12,11
2011-04-09 08:00:00.000,2011,4,9,8,33004KT,12,11
2011-04-09 09:00:00.000,2011,4,9,9,VRB02KT,12,11
2011-04-09 10:00:00.000,2011,4,9,10,25003KT,12,11
2011-04-09 10:30:00.000,2011,4,9,10,27003KT,11,11
2011-04-09 11:00:00.000,2011,4,9,11,VRB02KT,11,11
2011-04-09 12:00:00.000,2011,4,9,12,00000KT,11,11
2011-04-09 13:00:00.000,2011,4,9,13,34004KT,12,11
2011-04-09 14:00:00.000,2011,4,9,14,03006KT,16,12
2011-04-09 15:00:00.000,2011,4,9,15,00000KT,17,11
2011-04-09 16:00:00.000,2011,4,9,16,19003KT,17,11
2011-04-09 17:00:00.000,2011,4,9,17,12004KT,18,11
2011-04-09 18:00:00.000,2011,4,9,18,04005KT,18,10
2011-04-09 19:00:00.000,2011,4,9,19,30012KT,18,13
2011-04-09 20:00:00.000,2011,4,9,20,32007KT,17,13
2011-04-09 21:00:00.000,2011,4,9,21,31010KT,16,13
2011-04-09 21:05:00.000,2011,4,9,21,31010KT,16,13
2011-04-09 21:30:00.000,2011,4,9,21,33005KT,15,13
2011-04-09 22:00:00.000,2011,4,9,22,03005KT,14,13
2011-04-09 23:00:00.000,2011,4,9,23,23003KT,14,12
2011-04-10 00:00:00.000,2011,4,10,0,25006KT,13,12
2011-04-10 01:00:00.000,2011,4,10,1,VRB02KT,13,12
2011-04-10 02:00:00.000,2011,4,10,2,31005KT,13,12
2011-04-10 03:00:00.000,2011,4,10,3,VRB02KT,13,12
2011-04-10 04:00:00.000,2011,4,10,4,VRB02KT,13,12
2011-04-10 05:00:00.000,2011,4,10,5,VRB02KT,12,12
2011-04-10 06:00:00.000,2011,4,10,6,VRB02KT,12,12
2011-04-10 07:00:00.000,2011,4,10,7,35004KT,12,11
2011-04-10 08:00:00.000,2011,4,10,8,VRB02KT,12,11
2011-04-10 09:00:00.000,2011,4,10,9,VRB02KT,12,11
2011-04-10 10:00:00.000,2011,4,10,10,VRB02KT,12,11
2011-04-10 10:30:00.000,2011,4,10,10,22004KT,12,11
2011-04-10 11:00:00.000,2011,4,10,11,23004KT,11,11
2011-04-10 12:00:00.000,2011,4,10,12,00000KT,12,11
2011-04-10 13:00:00.000,2011,4,10,13,VRB02KT,12,11
2011-04-10 14:00:00.000,2011,4,10,14,34003KT,13,12
2011-04-10 15:00:00.000,2011,4,10,15,VRB02KT,13,12
2011-04-10 16:00:00.000,2011,4,10,16,VRB02KT,13,12
2011-04-10 17:00:00.000,2011,4,10,17,00000KT,14,12
2011-04-10 18:00:00.000,2011,4,10,18,15003KT,14,11
2011-04-10 19:00:00.000,2011,4,10,19,00000KT,15,11
2011-04-10 20:00:00.000,2011,4,10,20,26004KT,15,11
2011-04-10 21:00:00.000,2011,4,10,21,32003KT,15,10
2011-04-10 22:00:00.000,2011,4,10,22,34005KT,15,11
2011-04-10 23:00:00.000,2011,4,10,23,31006KT,14,10
2011-04-11 00:00:00.000,2011,4,11,0,32005KT,13,11
2011-04-11 01:00:00.000,2011,4,11,1,30004KT,13,10
2011-04-11 02:00:00.000,2011,4,11,2,00000KT,13,10
2011-04-11 03:00:00.000,2011,4,11,3,00000KT,12,10
2011-04-11 04:00:00.000,2011,4,11,4,26003KT,12,10
2011-04-11 06:00:00.000,2011,4,11,6,VRB02KT,12,10
2011-04-11 07:00:00.000,2011,4,11,7,28004KT,12,10
2011-04-11 08:00:00.000,2011,4,11,8,20003KT,12,10
2011-04-11 09:00:00.000,2011,4,11,9,00000KT,11,10
2011-04-11 10:00:00.000,2011,4,11,10,00000KT,11,11
2011-04-11 11:00:00.000,2011,4,11,11,00000KT,11,11
2011-04-11 12:00:00.000,2011,4,11,12,00000KT,13,11
2011-04-11 12:25:00.000,2011,4,11,12,VRB02KT,14,12
2011-04-11 13:00:00.000,2011,4,11,13,06003KT,15,11
2011-04-11 14:00:00.000,2011,4,11,14,VRB02KT,16,11
2011-04-11 15:00:00.000,2011,4,11,15,26004KT,18,11
2011-04-11 16:00:00.000,2011,4,11,16,28008KT,18,10
2011-04-11 17:00:00.000,2011,4,11,17,30012KT,16,12
2011-04-11 18:00:00.000,2011,4,11,18,28010KT,18,12
2011-04-11 19:00:00.000,2011,4,11,19,25010KT,18,12
2011-04-11 20:00:00.000,2011,4,11,20,26010KT,19,12
2011-04-11 22:00:00.000,2011,4,11,22,28012KT,16,12
2011-04-11 23:00:00.000,2011,4,11,23,26008KT,14,13
2011-04-12 00:00:00.000,2011,4,12,0,26004KT,13,11
2011-04-12 01:00:00.000,2011,4,12,1,28003KT,12,12
2011-04-12 02:00:00.000,2011,4,12,2,22003KT,12,11
2011-04-12 03:00:00.000,2011,4,12,3,28005KT,12,11
2011-04-12 04:00:00.000,2011,4,12,4,VRB02KT,12,11
2011-04-12 05:00:00.000,2011,4,12,5,30004KT,12,11
2011-04-12 06:00:00.000,2011,4,12,6,27004KT,13,12
2011-04-12 06:14:00.000,2011,4,12,6,30010KT,12,11
2011-04-12 07:00:00.000,2011,4,12,7,26003KT,12,12
2011-04-12 08:00:00.000,2011,4,12,8,08003KT,12,11
2011-04-12 09:00:00.000,2011,4,12,9,00000KT,12,11
2011-04-12 10:00:00.000,2011,4,12,10,34004KT,12,11
2011-04-12 10:25:00.000,2011,4,12,10,33004KT,12,11
2011-04-12 11:00:00.000,2011,4,12,11,32004KT,12,11
2011-04-12 11:30:00.000,2011,4,12,11,30003KT,12,12
2011-04-12 12:00:00.000,2011,4,12,12,25003KT,12,11
2011-04-12 13:00:00.000,2011,4,12,13,VRB02KT,13,12
2011-04-12 14:00:00.000,2011,4,12,14,20003KT,15,12
2011-04-12 15:00:00.000,2011,4,12,15,27003KT,15,12
2011-04-12 16:00:00.000,2011,4,12,16,24006KT,15,12
2011-04-12 17:00:00.000,2011,4,12,17,30003KT,16,13
2011-04-12 18:00:00.000,2011,4,12,18,22005KT,16,12
2011-04-12 18:43:00.000,2011,4,12,18,VRB02KT,14,12
2011-04-12 19:00:00.000,2011,4,12,19,VRB02KT,14,13
2011-04-12 20:00:00.000,2011,4,12,20,VRB02KT,14,13
2011-04-12 21:00:00.000,2011,4,12,21,00000KT,13,12
2011-04-12 22:00:00.000,2011,4,12,22,36003KT,13,12
2011-04-12 23:00:00.000,2011,4,12,23,00000KT,12,11
2011-04-13 00:00:00.000,2011,4,13,0,VRB02KT,12,11
2011-04-13 01:00:00.000,2011,4,13,1,VRB02KT,12,11
2011-04-13 02:00:00.000,2011,4,13,2,VRB02KT,12,11
2011-04-13 03:00:00.000,2011,4,13,3,VRB02KT,12,11
2011-04-13 04:00:00.000,2011,4,13,4,00000KT,11,11
2011-04-13 05:00:00.000,2011,4,13,5,34004KT,11,11
2011-04-13 06:00:00.000,2011,4,13,6,32003KT,11,11
2011-04-13 07:00:00.000,2011,4,13,7,31003KT,11,11
2011-04-13 08:00:00.000,2011,4,13,8,VRB02KT,11,11
2011-04-13 09:00:00.000,2011,4,13,9,26003KT,12,11
2011-04-13 10:00:00.000,2011,4,13,10,VRB02KT,11,11
2011-04-13 10:30:00.000,2011,4,13,10,VRB02KT,11,11
2011-04-13 11:00:00.000,2011,4,13,11,VRB02KT,11,11
2011-04-13 12:00:00.000,2011,4,13,12,VRB02KT,12,11
2011-04-13 13:00:00.000,2011,4,13,13,03003KT,13,12
2011-04-13 14:00:00.000,2011,4,13,14,03003KT,15,11
2011-04-13 15:00:00.000,2011,4,13,15,VRB02KT,16,11
2011-04-13 16:00:00.000,2011,4,13,16,31006KT,17,10
2011-04-13 17:00:00.000,2011,4,13,17,29008KT,18,12
2011-04-13 18:00:00.000,2011,4,13,18,28010KT,18,12
2011-04-13 19:00:00.000,2011,4,13,19,26012KT,18,13
2011-04-13 20:00:00.000,2011,4,13,20,28012KT,17,12
2011-04-13 21:00:00.000,2011,4,13,21,30010KT,16,12
2011-04-13 22:00:00.000,2011,4,13,22,31006KT,15,12
2011-04-13 23:00:00.000,2011,4,13,23,03006KT,14,10
2011-04-14 00:00:00.000,2011,4,14,0,02005KT,13,10
2011-04-14 01:00:00.000,2011,4,14,1,06006KT,13,10
2011-04-14 02:00:00.000,2011,4,14,2,02004KT,12,09
2011-04-14 03:00:00.000,2011,4,14,3,05003KT,11,10
2011-04-14 04:00:00.000,2011,4,14,4,VRB02KT,11,10
2011-04-14 05:00:00.000,2011,4,14,5,06003KT,11,10
2011-04-14 06:00:00.000,2011,4,14,6,06003KT,11,10
2011-04-14 07:00:00.000,2011,4,14,7,06003KT,11,10
2011-04-14 08:00:00.000,2011,4,14,8,VRB02KT,10,09
2011-04-14 09:00:00.000,2011,4,14,9,34004KT,10,10
2011-04-14 10:00:00.000,2011,4,14,10,VRB02KT,10,09
2011-04-14 11:00:00.000,2011,4,14,11,33003KT,10,09
2011-04-14 12:00:00.000,2011,4,14,12,02003KT,12,11
2011-04-14 13:00:00.000,2011,4,14,13,03003KT,14,12
2011-04-14 14:00:00.000,2011,4,14,14,03003KT,15,12
2011-04-14 15:00:00.000,2011,4,14,15,04003KT,18,12
2011-04-14 16:00:00.000,2011,4,14,16,34006KT,19,12
2011-04-14 17:00:00.000,2011,4,14,17,26014KT,17,14
2011-04-14 18:00:00.000,2011,4,14,18,24011KT,16,13
2011-04-14 19:00:00.000,2011,4,14,19,31007KT,17,12
2011-04-14 20:00:00.000,2011,4,14,20,06005KT,16,13
2011-04-14 21:00:00.000,2011,4,14,21,05008KT,15,13
2011-04-14 22:00:00.000,2011,4,14,22,04005KT,14,12
2011-04-14 23:00:00.000,2011,4,14,23,31004KT,14,13
2011-04-15 00:00:00.000,2011,4,15,0,VRB02KT,13,12
2011-04-15 01:00:00.000,2011,4,15,1,29004KT,13,12
2011-04-15 02:00:00.000,2011,4,15,2,VRB02KT,13,12
2011-04-15 03:00:00.000,2011,4,15,3,VRB02KT,13,12
2011-04-15 04:00:00.000,2011,4,15,4,VRB02KT,13,12
2011-04-15 05:00:00.000,2011,4,15,5,VRB02KT,13,12
2011-04-15 06:00:00.000,2011,4,15,6,00000KT,12,12
2011-04-15 07:00:00.000,2011,4,15,7,VRB02KT,12,12
2011-04-15 08:00:00.000,2011,4,15,8,VRB02KT,12,11
2011-04-15 09:00:00.000,2011,4,15,9,04003KT,12,12
2011-04-15 10:00:00.000,2011,4,15,10,VRB02KT,12,12
2011-04-15 10:30:00.000,2011,4,15,10,04004KT,12,12
2011-04-15 11:00:00.000,2011,4,15,11,06004KT,12,12
2011-04-15 12:00:00.000,2011,4,15,12,05005KT,13,11
2011-04-15 13:00:00.000,2011,4,15,13,02006KT,14,12
2011-04-15 14:00:00.000,2011,4,15,14,01007KT,15,11
2011-04-15 15:00:00.000,2011,4,15,15,07009KT,15,12
2011-04-15 16:00:00.000,2011,4,15,16,04008KT,15,11
2011-04-15 16:25:00.000,2011,4,15,16,07010KT,14,12
2011-04-15 16:30:00.000,2011,4,15,16,07010KT,14,12
2011-04-15 17:00:00.000,2011,4,15,17,06010KT,14,12
2011-04-15 18:00:00.000,2011,4,15,18,22010KT,14,12
2011-04-15 19:00:00.000,2011,4,15,19,23006KT,15,11
2011-04-15 20:00:00.000,2011,4,15,20,17012KT,16,11
2011-04-15 21:00:00.000,2011,4,15,21,18010KT,17,09
2011-04-15 22:00:00.000,2011,4,15,22,18010KT,16,10
2011-04-15 23:00:00.000,2011,4,15,23,13008KT,16,10
2011-04-16 00:00:00.000,2011,4,16,0,16006KT,15,10
2011-04-16 01:00:00.000,2011,4,16,1,VRB02KT,14,10
2011-04-16 02:00:00.000,2011,4,16,2,32004KT,12,10
2011-04-16 03:00:00.000,2011,4,16,3,26003KT,11,11
2011-04-16 04:00:00.000,2011,4,16,4,VRB02KT,11,11
2011-04-16 05:00:00.000,2011,4,16,5,VRB02KT,12,11
2011-04-16 06:00:00.000,2011,4,16,6,00000KT,12,11
2011-04-16 08:00:00.000,2011,4,16,8,00000KT,11,10
2011-04-16 09:00:00.000,2011,4,16,9,34003KT,10,10
2011-04-16 10:00:00.000,2011,4,16,10,VRB02KT,10,10
2011-04-16 10:30:00.000,2011,4,16,10,00000KT,10,10
2011-04-16 10:45:00.000,2011,4,16,10,VRB02KT,10,10
2011-04-16 11:00:00.000,2011,4,16,11,VRB02KT,10,10
2011-04-16 12:00:00.000,2011,4,16,12,VRB02KT,11,10
2011-04-16 13:00:00.000,2011,4,16,13,VRB02KT,13,11
2011-04-16 14:00:00.000,2011,4,16,14,02003KT,15,11
2011-04-16 15:00:00.000,2011,4,16,15,VRB02KT,17,10
2011-04-16 16:00:00.000,2011,4,16,16,32005KT,17,11
2011-04-16 17:00:00.000,2011,4,16,17,26010KT,16,12
2011-04-16 18:00:00.000,2011,4,16,18,26008KT,15,12
2011-04-16 19:00:00.000,2011,4,16,19,25006KT,16,12
2011-04-16 20:00:00.000,2011,4,16,20,27008KT,15,12
2011-04-16 21:00:00.000,2011,4,16,21,28010KT,15,11
2011-04-16 22:00:00.000,2011,4,16,22,30012KT,15,12
2011-04-16 23:00:00.000,2011,4,16,23,30008KT,14,11
2011-04-17 00:00:00.000,2011,4,17,0,30005KT,13,11
2011-04-17 01:00:00.000,2011,4,17,1,30005KT,13,11
2011-04-17 02:00:00.000,2011,4,17,2,31005KT,13,11
2011-04-17 03:00:00.000,2011,4,17,3,VRB02KT,13,11
2011-04-17 04:00:00.000,2011,4,17,4,VRB02KT,12,11
2011-04-17 05:00:00.000,2011,4,17,5,04005KT,12,11
2011-04-17 06:00:00.000,2011,4,17,6,06006KT,12,12
2011-04-17 07:00:00.000,2011,4,17,7,06005KT,12,11
2011-04-17 08:00:00.000,2011,4,17,8,VRB02KT,11,11
2011-04-17 09:00:00.000,2011,4,17,9,03007KT,11,10
2011-04-17 10:00:00.000,2011,4,17,10,02004KT,11,10
2011-04-17 10:30:00.000,2011,4,17,10,04005KT,11,10
2011-04-17 11:00:00.000,2011,4,17,11,04006KT,11,10
2011-04-17 12:00:00.000,2011,4,17,12,05006KT,11,10
2011-04-17 13:00:00.000,2011,4,17,13,05006KT,12,10
2011-04-17 14:00:00.000,2011,4,17,14,05006KT,13,11
2011-04-17 15:00:00.000,2011,4,17,15,05006KT,14,10
2011-04-17 16:00:00.000,2011,4,17,16,06006KT,15,11
2011-04-17 17:00:00.000,2011,4,17,17,12005KT,15,11
2011-04-17 18:00:00.000,2011,4,17,18,18006KT,15,10
2011-04-17 19:00:00.000,2011,4,17,19,06010KT,15,11
2011-04-17 20:00:00.000,2011,4,17,20,06006KT,15,11
2011-04-17 21:00:00.000,2011,4,17,21,32004KT,16,11
2011-04-17 22:00:00.000,2011,4,17,22,31006KT,16,11
2011-04-17 23:00:00.000,2011,4,17,23,32004KT,15,10
2011-04-18 00:00:00.000,2011,4,18,0,30005KT,14,11
2011-04-18 01:00:00.000,2011,4,18,1,28006KT,13,10
2011-04-18 02:00:00.000,2011,4,18,2,00000KT,12,10
2011-04-18 03:00:00.000,2011,4,18,3,VRB02KT,12,10
2011-04-18 04:00:00.000,2011,4,18,4,03010KT,11,10
2011-04-18 05:00:00.000,2011,4,18,5,31003KT,12,10
2011-04-18 06:00:00.000,2011,4,18,6,VRB02KT,11,10
2011-04-18 07:00:00.000,2011,4,18,7,VRB02KT,11,10
2011-04-18 08:00:00.000,2011,4,18,8,00000KT,11,10
2011-04-18 09:00:00.000,2011,4,18,9,00000KT,11,10
2011-04-18 10:00:00.000,2011,4,18,10,07003KT,12,11
2011-04-18 10:30:00.000,2011,4,18,10,02003KT,12,11
2011-04-18 11:00:00.000,2011,4,18,11,01003KT,12,10
2011-04-18 12:00:00.000,2011,4,18,12,VRB02KT,12,11
2011-04-18 13:00:00.000,2011,4,18,13,02004KT,14,11
2011-04-18 14:00:00.000,2011,4,18,14,31004KT,15,11
2011-04-18 15:00:00.000,2011,4,18,15,VRB02KT,16,11
2011-04-18 16:00:00.000,2011,4,18,16,19006KT,15,12
2011-04-18 16:30:00.000,2011,4,18,16,15006KT,15,12
2011-04-18 17:00:00.000,2011,4,18,17,14006KT,16,12
2011-04-18 18:00:00.000,2011,4,18,18,VRB02KT,17,11
2011-04-18 19:00:00.000,2011,4,18,19,28010KT,14,13
2011-04-18 20:00:00.000,2011,4,18,20,31006KT,15,13
2011-04-18 21:00:00.000,2011,4,18,21,VRB02KT,15,13
2011-04-18 22:00:00.000,2011,4,18,22,22008KT,14,12
2011-04-18 23:00:00.000,2011,4,18,23,VRB02KT,14,12
2011-04-19 00:00:00.000,2011,4,19,0,VRB02KT,14,12
2011-04-19 01:00:00.000,2011,4,19,1,VRB02KT,13,12
2011-04-19 01:40:00.000,2011,4,19,1,VRB02KT,13,12
2011-04-19 02:00:00.000,2011,4,19,2,32003KT,13,12
2011-04-19 03:00:00.000,2011,4,19,3,32004KT,13,12
2011-04-19 04:00:00.000,2011,4,19,4,36003KT,12,12
2011-04-19 05:00:00.000,2011,4,19,5,31003KT,12,11
2011-04-19 06:00:00.000,2011,4,19,6,VRB02KT,12,11
2011-04-19 07:00:00.000,2011,4,19,7,VRB02KT,12,11
2011-04-19 08:00:00.000,2011,4,19,8,00000KT,12,11
2011-04-19 09:00:00.000,2011,4,19,9,34003KT,11,11
2011-04-19 10:00:00.000,2011,4,19,10,VRB02KT,12,11
2011-04-19 10:30:00.000,2011,4,19,10,05003KT,12,11
2011-04-19 11:00:00.000,2011,4,19,11,VRB02KT,12,11
2011-04-19 11:15:00.000,2011,4,19,11,VRB02KT,12,11
2011-04-19 12:00:00.000,2011,4,19,12,VRB02KT,12,12
2011-04-19 13:00:00.000,2011,4,19,13,23005KT,13,12
2011-04-19 14:00:00.000,2011,4,19,14,25006KT,14,12
2011-04-19 15:00:00.000,2011,4,19,15,VRB02KT,16,11
2011-04-19 16:00:00.000,2011,4,19,16,21003KT,18,12
2011-04-19 17:00:00.000,2011,4,19,17,22006KT,18,12
2011-04-19 18:00:00.000,2011,4,19,18,20008KT,17,14
2011-04-19 19:00:00.000,2011,4,19,19,22008KT,18,13
2011-04-19 19:34:00.000,2011,4,19,19,24010KT,18,14
2011-04-19 20:00:00.000,2011,4,19,20,24010KT,18,13
2011-04-19 20:00:00.000,2011,4,19,20,24010KT,18,13
2011-04-19 21:00:00.000,2011,4,19,21,20010KT,17,12
2011-04-19 22:00:00.000,2011,4,19,22,27008KT,17,13
2011-04-19 23:00:00.000,2011,4,19,23,32003KT,16,12
2011-04-20 00:00:00.000,2011,4,20,0,30003KT,14,12
2011-04-20 01:00:00.000,2011,4,20,1,27003KT,14,11
2011-04-20 02:00:00.000,2011,4,20,2,31005KT,13,12
2011-04-20 03:00:00.000,2011,4,20,3,27004KT,13,11
2011-04-20 04:00:00.000,2011,4,20,4,27004KT,13,11
2011-04-20 05:00:00.000,2011,4,20,5,VRB02KT,13,11
2011-04-20 06:00:00.000,2011,4,20,6,26003KT,12,11
2011-04-20 07:00:00.000,2011,4,20,7,VRB02KT,12,11
2011-04-20 08:00:00.000,2011,4,20,8,00000KT,12,11
2011-04-20 09:00:00.000,2011,4,20,9,32003KT,12,11
2011-04-20 10:00:00.000,2011,4,20,10,27004KT,12,11
2011-04-20 10:30:00.000,2011,4,20,10,27004KT,12,11
2011-04-20 11:00:00.000,2011,4,20,11,29003KT,11,11
2011-04-20 12:00:00.000,2011,4,20,12,32004KT,12,11
2011-04-20 13:00:00.000,2011,4,20,13,VRB02KT,14,12
2011-04-20 14:00:00.000,2011,4,20,14,22003KT,14,11
2011-04-20 15:00:00.000,2011,4,20,15,29003KT,15,11
2011-04-20 16:00:00.000,2011,4,20,16,25007KT,17,12
2011-04-20 17:00:00.000,2011,4,20,17,26010KT,18,12
2011-04-20 18:00:00.000,2011,4,20,18,25009KT,18,12
2011-04-20 19:00:00.000,2011,4,20,19,26010KT,18,11
2011-04-20 20:00:00.000,2011,4,20,20,26010KT,18,13
2011-04-20 21:00:00.000,2011,4,20,21,26009KT,16,13
2011-04-20 22:00:00.000,2011,4,20,22,28007KT,15,12
2011-04-20 23:00:00.000,2011,4,20,23,36006KT,15,12
2011-04-21 00:00:00.000,2011,4,21,0,05006KT,14,11
2011-04-21 01:00:00.000,2011,4,21,1,04004KT,13,11
2011-04-21 02:00:00.000,2011,4,21,2,VRB02KT,13,11
2011-04-21 03:00:00.000,2011,4,21,3,35003KT,13,11
2011-04-21 04:00:00.000,2011,4,21,4,28005KT,13,12
2011-04-21 05:00:00.000,2011,4,21,5,33004KT,13,12
2011-04-21 06:00:00.000,2011,4,21,6,32004KT,13,11
2011-04-21 07:00:00.000,2011,4,21,7,33003KT,12,11
2011-04-21 08:00:00.000,2011,4,21,8,32008KT,12,11
2011-04-21 09:00:00.000,2011,4,21,9,34005KT,12,11
2011-04-21 10:00:00.000,2011,4,21,10,33006KT,12,10
2011-04-21 10:30:00.000,2011,4,21,10,33004KT,12,11
2011-04-21 11:00:00.000,2011,4,21,11,30003KT,12,11
2011-04-21 12:00:00.000,2011,4,21,12,26005KT,13,10
2011-04-21 13:00:00.000,2011,4,21,13,26005KT,14,10
2011-04-21 14:00:00.000,2011,4,21,14,08003KT,16,10
2011-04-21 15:00:00.000,2011,4,21,15,02003KT,17,11
2011-04-21 18:00:00.000,2011,4,21,18,23012KT,17,13
2011-04-21 19:00:00.000,2011,4,21,19,27014KT,17,12
2011-04-21 19:25:00.000,2011,4,21,19,30016KT,17,13
2011-04-21 20:00:00.000,2011,4,21,20,29012KT,16,13
2011-04-21 21:00:00.000,2011,4,21,21,30007KT,15,12
2011-04-21 22:00:00.000,2011,4,21,22,30006KT,15,12
2011-04-21 23:00:00.000,2011,4,21,23,30007KT,15,12
2011-04-22 00:00:00.000,2011,4,22,0,31004KT,13,11
2011-04-22 01:00:00.000,2011,4,22,1,30004KT,12,11
2011-04-22 02:00:00.000,2011,4,22,2,32004KT,12,11
2011-04-22 03:00:00.000,2011,4,22,3,VRB02KT,12,11
2011-04-22 04:00:00.000,2011,4,22,4,VRB02KT,12,11
2011-04-22 05:00:00.000,2011,4,22,5,VRB02KT,12,11
2011-04-22 06:00:00.000,2011,4,22,6,VRB02KT,11,11
2011-04-22 07:00:00.000,2011,4,22,7,VRB02KT,11,11
2011-04-22 08:00:00.000,2011,4,22,8,32004KT,12,11
2011-04-22 09:00:00.000,2011,4,22,9,00000KT,12,11
2011-04-22 10:00:00.000,2011,4,22,10,32003KT,12,11
2011-04-22 10:30:00.000,2011,4,22,10,VRB02KT,12,11
2011-04-22 11:00:00.000,2011,4,22,11,VRB02KT,12,11
2011-04-22 11:30:00.000,2011,4,22,11,31004KT,13,12
2011-04-22 12:00:00.000,2011,4,22,12,34006KT,13,12
2011-04-22 13:00:00.000,2011,4,22,13,24004KT,12,11
2011-04-22 14:00:00.000,2011,4,22,14,VRB02KT,12,11
2011-04-22 15:00:00.000,2011,4,22,15,06004KT,14,11
2011-04-22 16:00:00.000,2011,4,22,16,VRB02KT,15,11
2011-04-22 17:00:00.000,2011,4,22,17,20006KT,17,12
2011-04-22 18:00:00.000,2011,4,22,18,20006KT,18,12
2011-04-22 19:00:00.000,2011,4,22,19,26010KT,18,13
2011-04-22 20:00:00.000,2011,4,22,20,32011KT,17,12
2011-04-22 20:25:00.000,2011,4,22,20,34009KT,17,13
2011-04-22 21:00:00.000,2011,4,22,21,32017KT,16,13
2011-04-22 21:15:00.000,2011,4,22,21,32008KT,14,13
2011-04-22 22:00:00.000,2011,4,22,22,29009KT,14,13
2011-04-22 23:00:00.000,2011,4,22,23,26006KT,14,12
2011-04-23 00:00:00.000,2011,4,23,0,25004KT,14,12
2011-04-23 01:00:00.000,2011,4,23,1,30004KT,13,12
2011-04-23 02:00:00.000,2011,4,23,2,24003KT,13,12
2011-04-23 03:00:00.000,2011,4,23,3,VRB02KT,13,12
2011-04-23 04:00:00.000,2011,4,23,4,22003KT,13,12
2011-04-23 05:00:00.000,2011,4,23,5,27005KT,13,12
2011-04-23 06:00:00.000,2011,4,23,6,00000KT,13,11
2011-04-23 07:00:00.000,2011,4,23,7,00000KT,12,12
2011-04-23 08:00:00.000,2011,4,23,8,04005KT,12,12
2011-04-23 09:00:00.000,2011,4,23,9,VRB02KT,12,11
2011-04-23 10:00:00.000,2011,4,23,10,08003KT,12,11
2011-04-23 10:30:00.000,2011,4,23,10,05005KT,12,11
2011-04-23 11:00:00.000,2011,4,23,11,06005KT,12,11
2011-04-23 12:00:00.000,2011,4,23,12,05006KT,13,11
2011-04-23 13:00:00.000,2011,4,23,13,05006KT,14,11
2011-04-23 14:00:00.000,2011,4,23,14,04008KT,15,11
2011-04-23 15:00:00.000,2011,4,23,15,03006KT,16,11
2011-04-23 16:00:00.000,2011,4,23,16,04010KT,18,12
2011-04-23 17:00:00.000,2011,4,23,17,07012KT,16,11
2011-04-23 18:00:00.000,2011,4,23,18,06004KT,16,11
2011-04-23 19:00:00.000,2011,4,23,19,18007KT,16,11
2011-04-23 20:00:00.000,2011,4,23,20,20008KT,16,12
2011-04-23 21:00:00.000,2011,4,23,21,12010KT,16,10
2011-04-23 22:00:00.000,2011,4,23,22,09006KT,15,11
2011-04-23 23:00:00.000,2011,4,23,23,08004KT,14,11
2011-04-24 00:00:00.000,2011,4,24,0,02006KT,13,11
2011-04-24 01:00:00.000,2011,4,24,1,VRB02KT,13,11
2011-04-24 02:00:00.000,2011,4,24,2,VRB02KT,13,11
2011-04-24 03:00:00.000,2011,4,24,3,22004KT,13,11
2011-04-24 04:00:00.000,2011,4,24,4,33005KT,12,11
2011-04-24 05:00:00.000,2011,4,24,5,29005KT,12,11
2011-04-24 06:00:00.000,2011,4,24,6,VRB02KT,12,11
2011-04-24 07:00:00.000,2011,4,24,7,00000KT,12,10
2011-04-24 08:00:00.000,2011,4,24,8,VRB02KT,12,11
2011-04-24 09:00:00.000,2011,4,24,9,02004KT,12,11
2011-04-24 10:00:00.000,2011,4,24,10,VRB02KT,12,11
2011-04-24 11:00:00.000,2011,4,24,11,VRB02KT,12,11
2011-04-24 12:00:00.000,2011,4,24,12,VRB02KT,12,11
2011-04-24 13:00:00.000,2011,4,24,13,04004KT,13,11
2011-04-24 14:00:00.000,2011,4,24,14,04004KT,15,10
2011-04-24 15:00:00.000,2011,4,24,15,VRB02KT,17,11
2011-04-24 16:00:00.000,2011,4,24,16,12008KT,18,09
2011-04-24 17:00:00.000,2011,4,24,17,15006KT,19,10
2011-04-24 18:00:00.000,2011,4,24,18,26006KT,18,10
2011-04-24 19:00:00.000,2011,4,24,19,12006KT,19,10
2011-04-24 21:00:00.000,2011,4,24,21,28006KT,17,13
2011-04-24 22:00:00.000,2011,4,24,22,33006KT,17,13
2011-04-24 23:00:00.000,2011,4,24,23,22008KT,16,13
2011-04-25 00:00:00.000,2011,4,25,0,25003KT,14,12
2011-04-25 02:00:00.000,2011,4,25,2,22003KT,13,12
2011-04-25 03:00:00.000,2011,4,25,3,VRB02KT,14,12
2011-04-25 04:00:00.000,2011,4,25,4,VRB02KT,13,12
2011-04-25 05:00:00.000,2011,4,25,5,32003KT,12,12
2011-04-25 06:00:00.000,2011,4,25,6,VRB02KT,13,12
2011-04-25 07:00:00.000,2011,4,25,7,06006KT,13,12
2011-04-25 08:00:00.000,2011,4,25,8,03006KT,13,12
2011-04-25 09:00:00.000,2011,4,25,9,03006KT,12,11
2011-04-25 10:00:00.000,2011,4,25,10,05004KT,12,11
2011-04-25 11:00:00.000,2011,4,25,11,04005KT,12,11
2011-04-25 12:00:00.000,2011,4,25,12,05005KT,13,11
2011-04-25 13:00:00.000,2011,4,25,13,04005KT,14,12
2011-04-25 14:00:00.000,2011,4,25,14,05006KT,16,12
2011-04-25 15:00:00.000,2011,4,25,15,06006KT,17,11
2011-04-25 16:00:00.000,2011,4,25,16,08004KT,15,12
2011-04-25 17:00:00.000,2011,4,25,17,16003KT,17,12
2011-04-25 18:00:00.000,2011,4,25,18,22007KT,16,13
2011-04-25 19:00:00.000,2011,4,25,19,25006KT,14,13
2011-04-25 20:00:00.000,2011,4,25,20,06004KT,15,14
2011-04-25 21:00:00.000,2011,4,25,21,05006KT,15,13
2011-04-25 22:00:00.000,2011,4,25,22,05007KT,15,12
2011-04-25 23:00:00.000,2011,4,25,23,05010KT,14,11
2011-04-26 00:00:00.000,2011,4,26,0,06009KT,13,11
2011-04-26 01:00:00.000,2011,4,26,1,06007KT,13,11
2011-04-26 02:00:00.000,2011,4,26,2,03007KT,13,10
2011-04-26 03:00:00.000,2011,4,26,3,03003KT,12,10
2011-04-26 04:00:00.000,2011,4,26,4,00000KT,12,10
2011-04-26 05:00:00.000,2011,4,26,5,VRB02KT,12,10
2011-04-26 06:00:00.000,2011,4,26,6,30003KT,11,10
2011-04-26 07:00:00.000,2011,4,26,7,VRB02KT,11,10
2011-04-26 08:00:00.000,2011,4,26,8,VRB02KT,10,09
2011-04-26 09:00:00.000,2011,4,26,9,VRB02KT,10,09
2011-04-26 10:00:00.000,2011,4,26,10,35004KT,10,09
2011-04-26 11:00:00.000,2011,4,26,11,05004KT,11,10
2011-04-26 12:00:00.000,2011,4,26,12,05006KT,12,10
2011-04-26 13:00:00.000,2011,4,26,13,06010KT,14,10
2011-04-26 14:00:00.000,2011,4,26,14,06008KT,17,10
2011-04-26 15:00:00.000,2011,4,26,15,11004KT,18,09
2011-04-26 16:00:00.000,2011,4,26,16,12012KT,20,11
2011-04-26 17:00:00.000,2011,4,26,17,11011KT,20,09
2011-04-26 18:00:00.000,2011,4,26,18,13011KT,20,10
2011-04-26 19:00:00.000,2011,4,26,19,13009KT,19,10
2011-04-26 20:00:00.000,2011,4,26,20,07010KT,19,10
2011-04-26 21:00:00.000,2011,4,26,21,07008KT,19,10
2011-04-26 22:00:00.000,2011,4,26,22,09008KT,17,11
2011-04-26 23:00:00.000,2011,4,26,23,13008KT,16,10
2011-04-27 00:00:00.000,2011,4,27,0,17005KT,16,09
2011-04-27 01:00:00.000,2011,4,27,1,VRB02KT,15,10
2011-04-27 02:00:00.000,2011,4,27,2,21003KT,15,10
2011-04-27 03:00:00.000,2011,4,27,3,04006KT,14,11
2011-04-27 04:00:00.000,2011,4,27,4,03007KT,13,10
2011-04-27 05:00:00.000,2011,4,27,5,03006KT,13,10
2011-04-27 06:00:00.000,2011,4,27,6,05005KT,12,10
2011-04-27 07:00:00.000,2011,4,27,7,02005KT,12,10
2011-04-27 08:00:00.000,2011,4,27,8,04004KT,12,10
2011-04-27 09:00:00.000,2011,4,27,9,05004KT,12,10
2011-04-27 10:00:00.000,2011,4,27,10,06004KT,11,09
2011-04-27 11:00:00.000,2011,4,27,11,06003KT,11,10
2011-04-27 12:00:00.000,2011,4,27,12,05005KT,13,10
2011-04-27 13:00:00.000,2011,4,27,13,08005KT,15,10
2011-04-27 14:00:00.000,2011,4,27,14,06004KT,17,10
2011-04-27 15:00:00.000,2011,4,27,15,07005KT,18,10
2011-04-27 16:00:00.000,2011,4,27,16,18015KT,19,08
2011-04-27 17:00:00.000,2011,4,27,17,17015KT,21,08
2011-04-27 18:00:00.000,2011,4,27,18,16010KT,20,09
2011-04-27 19:00:00.000,2011,4,27,19,21008KT,20,09
2011-04-27 20:00:00.000,2011,4,27,20,28009KT,18,13
2011-04-27 21:00:00.000,2011,4,27,21,31009KT,17,12
2011-04-27 22:00:00.000,2011,4,27,22,26007KT,16,12
2011-04-27 23:00:00.000,2011,4,27,23,29004KT,15,14
2011-04-28 00:00:00.000,2011,4,28,0,29005KT,14,12
2011-04-28 01:00:00.000,2011,4,28,1,27006KT,14,11
2011-04-28 02:00:00.000,2011,4,28,2,VRB02KT,14,11
2011-04-28 03:00:00.000,2011,4,28,3,30003KT,14,11
2011-04-28 04:00:00.000,2011,4,28,4,29004KT,13,12
2011-04-28 05:00:00.000,2011,4,28,5,VRB02KT,13,12
2011-04-28 06:00:00.000,2011,4,28,6,03003KT,13,12
2011-04-28 07:00:00.000,2011,4,28,7,02003KT,13,11
2011-04-28 08:00:00.000,2011,4,28,8,VRB02KT,12,11
2011-04-28 09:00:00.000,2011,4,28,9,29005KT,12,11
2011-04-28 10:00:00.000,2011,4,28,10,25004KT,12,11
2011-04-28 10:30:00.000,2011,4,28,10,25005KT,12,10
2011-04-28 11:00:00.000,2011,4,28,11,28006KT,12,11
2011-04-28 12:00:00.000,2011,4,28,12,15003KT,12,11
2011-04-28 13:00:00.000,2011,4,28,13,27004KT,13,11
2011-04-28 14:00:00.000,2011,4,28,14,VRB02KT,14,11
2011-04-28 15:00:00.000,2011,4,28,15,26003KT,15,11
2011-04-28 16:00:00.000,2011,4,28,16,01005KT,17,11
2011-04-28 17:00:00.000,2011,4,28,17,29005KT,18,10
2011-04-28 18:00:00.000,2011,4,28,18,25014KT,19,13
2011-04-28 19:00:00.000,2011,4,28,19,19010KT,16,12
2011-04-28 20:00:00.000,2011,4,28,20,16003KT,15,11
2011-04-28 21:00:00.000,2011,4,28,21,25004KT,15,11
2011-04-28 22:00:00.000,2011,4,28,22,09007KT,14,12
2011-04-28 23:00:00.000,2011,4,28,23,36005KT,14,12
2011-04-29 00:00:00.000,2011,4,29,0,05003KT,14,12
2011-04-29 01:00:00.000,2011,4,29,1,05003KT,14,12
2011-04-29 02:00:00.000,2011,4,29,2,00000KT,13,12
2011-04-29 03:00:00.000,2011,4,29,3,VRB02KT,12,12
2011-04-29 04:00:00.000,2011,4,29,4,31004KT,12,11
2011-04-29 05:00:00.000,2011,4,29,5,33003KT,12,11
2011-04-29 06:00:00.000,2011,4,29,6,30003KT,12,11
2011-04-29 07:00:00.000,2011,4,29,7,31003KT,12,11
2011-04-29 08:00:00.000,2011,4,29,8,24005KT,12,11
2011-04-29 09:00:00.000,2011,4,29,9,27003KT,12,11
2011-04-29 10:00:00.000,2011,4,29,10,00000KT,12,11
2011-04-29 10:30:00.000,2011,4,29,10,VRB02KT,12,11
2011-04-29 11:00:00.000,2011,4,29,11,VRB02KT,12,11
2011-04-29 12:00:00.000,2011,4,29,12,01003KT,12,11
2011-04-29 13:00:00.000,2011,4,29,13,VRB02KT,15,12
2011-04-29 14:00:00.000,2011,4,29,14,31004KT,17,12
2011-04-29 15:00:00.000,2011,4,29,15,VRB02KT,18,11
2011-04-29 16:00:00.000,2011,4,29,16,27006KT,19,10
2011-04-29 17:00:00.000,2011,4,29,17,27008KT,20,12
2011-04-29 18:00:00.000,2011,4,29,18,27012KT,19,13
2011-04-29 19:00:00.000,2011,4,29,19,25011KT,20,13
2011-04-29 20:00:00.000,2011,4,29,20,26012KT,20,14
2011-04-29 21:00:00.000,2011,4,29,21,28015KT,18,13
2011-04-29 22:00:00.000,2011,4,29,22,26006KT,16,13
2011-04-29 23:00:00.000,2011,4,29,23,32005KT,16,13
2011-04-30 00:00:00.000,2011,4,30,0,36004KT,15,11
2011-04-30 01:00:00.000,2011,4,30,1,02004KT,14,10
2011-04-30 02:00:00.000,2011,4,30,2,04004KT,13,10
2011-04-30 03:00:00.000,2011,4,30,3,01004KT,12,10
2011-04-30 04:00:00.000,2011,4,30,4,36003KT,12,10
2011-04-30 05:00:00.000,2011,4,30,5,35003KT,12,11
2011-04-30 06:00:00.000,2011,4,30,6,27003KT,12,11
2011-04-30 07:00:00.000,2011,4,30,7,33003KT,12,11
2011-04-30 08:00:00.000,2011,4,30,8,31003KT,11,10
2011-04-30 09:00:00.000,2011,4,30,9,VRB02KT,10,09
2011-04-30 10:00:00.000,2011,4,30,10,33005KT,09,09
2011-04-30 10:30:00.000,2011,4,30,10,01003KT,09,09
2011-04-30 11:00:00.000,2011,4,30,11,10003KT,10,10
2011-04-30 12:00:00.000,2011,4,30,12,36003KT,12,11
2011-04-30 13:00:00.000,2011,4,30,13,02004KT,13,11
2011-04-30 14:00:00.000,2011,4,30,14,05003KT,15,12
2011-04-30 15:00:00.000,2011,4,30,15,36003KT,18,11
2011-04-30 16:00:00.000,2011,4,30,16,03004KT,20,11
2011-04-30 17:00:00.000,2011,4,30,17,28010KT,20,12
2011-04-30 18:00:00.000,2011,4,30,18,28010KT,20,13
2011-04-30 19:00:00.000,2011,4,30,19,27010KT,20,14
2011-04-30 20:00:00.000,2011,4,30,20,26012KT,19,13
2011-04-30 21:00:00.000,2011,4,30,21,28010KT,19,13
2011-04-30 22:00:00.000,2011,4,30,22,28008KT,18,13
2011-04-30 23:00:00.000,2011,4,30,23,26008KT,16,13
2011-05-01 00:00:00.000,2011,5,1,0,29005KT,14,12
2011-05-01 01:00:00.000,2011,5,1,1,27004KT,14,12
2011-05-01 02:00:00.000,2011,5,1,2,VRB02KT,13,12
2011-05-01 03:00:00.000,2011,5,1,3,VRB02KT,13,12
2011-05-01 04:00:00.000,2011,5,1,4,34004KT,13,12
2011-05-01 05:00:00.000,2011,5,1,5,11009KT,12,12
2011-05-01 06:00:00.000,2011,5,1,6,20005KT,12,12
2011-05-01 07:00:00.000,2011,5,1,7,14012KT,12,12
2011-05-01 08:00:00.000,2011,5,1,8,VRB02KT,12,11
2011-05-01 09:00:00.000,2011,5,1,9,08004KT,12,11
2011-05-01 10:00:00.000,2011,5,1,10,VRB02KT,13,11
2011-05-01 11:00:00.000,2011,5,1,11,36004KT,12,11
2011-05-01 12:00:00.000,2011,5,1,12,08005KT,13,11
2011-05-01 13:00:00.000,2011,5,1,13,09004KT,14,11
2011-05-01 14:00:00.000,2011,5,1,14,VRB02KT,16,10
2011-05-01 15:00:00.000,2011,5,1,15,VRB02KT,18,11
2011-05-01 16:00:00.000,2011,5,1,16,31003KT,18,11
2011-05-01 17:00:00.000,2011,5,1,17,28005KT,19,12
2011-05-01 18:00:00.000,2011,5,1,18,21006KT,18,13
2011-05-01 19:00:00.000,2011,5,1,19,28006KT,19,13
2011-05-01 20:00:00.000,2011,5,1,20,26008KT,20,14
2011-05-01 21:00:00.000,2011,5,1,21,26010KT,19,14
2011-05-01 22:00:00.000,2011,5,1,22,28008KT,18,14
2011-05-01 23:00:00.000,2011,5,1,23,28008KT,16,14
2011-05-02 00:00:00.000,2011,5,2,0,27006KT,14,13
2011-05-02 01:00:00.000,2011,5,2,1,35003KT,14,13
2011-05-02 02:00:00.000,2011,5,2,2,01005KT,14,12
2011-05-02 03:00:00.000,2011,5,2,3,04006KT,14,12
2011-05-02 04:00:00.000,2011,5,2,4,01006KT,14,12
2011-05-02 05:00:00.000,2011,5,2,5,02005KT,14,12
2011-05-02 06:00:00.000,2011,5,2,6,VRB02KT,14,12
2011-05-02 06:20:00.000,2011,5,2,6,VRB02KT,13,12
2011-05-02 07:00:00.000,2011,5,2,7,04008KT,13,12
2011-05-02 08:00:00.000,2011,5,2,8,05007KT,13,12
2011-05-02 09:00:00.000,2011,5,2,9,04008KT,12,11
2011-05-02 10:00:00.000,2011,5,2,10,04006KT,12,11
2011-05-02 10:30:00.000,2011,5,2,10,05006KT,12,11
2011-05-02 11:00:00.000,2011,5,2,11,05004KT,12,11
2011-05-02 12:00:00.000,2011,5,2,12,03007KT,13,11
2011-05-02 13:00:00.000,2011,5,2,13,01008KT,15,12
2011-05-02 14:00:00.000,2011,5,2,14,03005KT,17,11
2011-05-02 15:00:00.000,2011,5,2,15,15015KT,19,10
2011-05-02 16:00:00.000,2011,5,2,16,15015KT,20,11
2011-05-02 17:00:00.000,2011,5,2,17,16011KT,19,10
2011-05-02 18:00:00.000,2011,5,2,18,14010KT,19,10
2011-05-02 19:00:00.000,2011,5,2,19,147010KT,19,09
2011-05-02 20:00:00.000,2011,5,2,20,17011KT,20,09
2011-05-02 21:00:00.000,2011,5,2,21,03004KT,19,10
2011-05-02 22:00:00.000,2011,5,2,22,36005KT,18,11
2011-05-02 23:00:00.000,2011,5,2,23,25006KT,16,13
2011-05-03 00:00:00.000,2011,5,3,0,26008KT,15,12
2011-05-03 01:00:00.000,2011,5,3,1,28005KT,15,12
2011-05-03 02:00:00.000,2011,5,3,2,34003KT,14,12
2011-05-03 03:00:00.000,2011,5,3,3,24004KT,14,11
2011-05-03 03:12:00.000,2011,5,3,3,27003KT,14,11
2011-05-03 04:00:00.000,2011,5,3,4,14004KT,14,12
2011-05-03 05:00:00.000,2011,5,3,5,04003KT,14,12
2011-05-03 06:00:00.000,2011,5,3,6,04004KT,14,12
2011-05-03 07:00:00.000,2011,5,3,7,05005KT,13,12
2011-05-03 09:00:00.000,2011,5,3,9,06004KT,13,12
2011-05-03 10:00:00.000,2011,5,3,10,02004KT,13,12
2011-05-03 10:30:00.000,2011,5,3,10,VRB02KT,13,12
2011-05-03 11:00:00.000,2011,5,3,11,01005KT,13,12
2011-05-03 12:00:00.000,2011,5,3,12,33004KT,13,12
2011-05-03 13:00:00.000,2011,5,3,13,05004KT,15,12
2011-05-03 14:00:00.000,2011,5,3,14,07008KT,16,12
2011-05-03 15:00:00.000,2011,5,3,15,02006KT,15,13
2011-05-03 16:00:00.000,2011,5,3,16,VRB02KT,15,13
2011-05-03 17:00:00.000,2011,5,3,17,16008KT,15,13
2011-05-03 18:00:00.000,2011,5,3,18,16006KT,16,12
2011-05-03 19:00:00.000,2011,5,3,19,02006KT,15,12
2011-05-03 20:00:00.000,2011,5,3,20,12003KT,14,12
2011-05-03 21:00:00.000,2011,5,3,21,12006KT,15,11
2011-05-03 22:00:00.000,2011,5,3,22,12004KT,15,11
2011-05-03 22:20:00.000,2011,5,3,22,18006KT,15,11
2011-05-03 23:00:00.000,2011,5,3,23,18006KT,14,11
2011-05-04 00:00:00.000,2011,5,4,0,02004KT,13,12
2011-05-04 01:00:00.000,2011,5,4,1,04007KT,13,12
2011-05-04 02:00:00.000,2011,5,4,2,06007KT,13,11
2011-05-04 03:00:00.000,2011,5,4,3,07003KT,13,11
2011-05-04 04:00:00.000,2011,5,4,4,06003KT,13,11
2011-05-04 05:00:00.000,2011,5,4,5,34004KT,12,11
2011-05-04 06:00:00.000,2011,5,4,6,03004KT,13,11
2011-05-04 07:00:00.000,2011,5,4,7,05005KT,13,11
2011-05-04 08:00:00.000,2011,5,4,8,34006KT,12,10
2011-05-04 09:00:00.000,2011,5,4,9,06004KT,13,10
2011-05-04 10:00:00.000,2011,5,4,10,02005KT,13,11
2011-05-04 10:22:00.000,2011,5,4,10,08004KT,13,11
2011-05-04 11:00:00.000,2011,5,4,11,02005KT,13,11
2011-05-04 12:00:00.000,2011,5,4,12,03004KT,13,12
2011-05-04 13:00:00.000,2011,5,4,13,02006KT,14,12
2011-05-04 14:00:00.000,2011,5,4,14,03006KT,15,13
2011-05-04 14:43:00.000,2011,5,4,14,05008KT,14,12
2011-05-04 15:00:00.000,2011,5,4,15,03006KT,14,13
2011-05-04 15:05:00.000,2011,5,4,15,02006KT,15,13
2011-05-04 16:00:00.000,2011,5,4,16,14004KT,16,13
2011-05-04 17:00:00.000,2011,5,4,17,04010KT,16,11
2011-05-04 18:00:00.000,2011,5,4,18,26005KT,17,13
2011-05-04 19:00:00.000,2011,5,4,19,26008KT,18,12
2011-05-04 20:00:00.000,2011,5,4,20,08004KT,19,12
2011-05-04 21:00:00.000,2011,5,4,21,08010KT,19,10
2011-05-04 22:00:00.000,2011,5,4,22,04006KT,19,11
2011-05-04 23:00:00.000,2011,5,4,23,27007KT,16,13
2011-05-05 00:00:00.000,2011,5,5,0,33004KT,15,13
2011-05-05 01:00:00.000,2011,5,5,1,33005KT,12,11
2011-05-05 02:00:00.000,2011,5,5,2,27004KT,13,11
2011-05-05 03:00:00.000,2011,5,5,3,32004KT,13,11
2011-05-05 04:00:00.000,2011,5,5,4,32004KT,13,11
2011-05-05 05:00:00.000,2011,5,5,5,32005KT,13,11
2011-05-05 06:00:00.000,2011,5,5,6,27903KT,13,11
2011-05-05 07:00:00.000,2011,5,5,7,00000KT,13,11
2011-05-05 08:00:00.000,2011,5,5,8,VRB02KT,23,11
2011-05-05 09:00:00.000,2011,5,5,9,02004KT,12,11
2011-05-05 10:00:00.000,2011,5,5,10,VRB02KT,12,11
2011-05-05 10:30:00.000,2011,5,5,10,01005KT,13,11
2011-05-05 11:00:00.000,2011,5,5,11,06006KT,13,11
2011-05-05 12:00:00.000,2011,5,5,12,04006KT,13,11
2011-05-05 13:00:00.000,2011,5,5,13,05005KT,15,11
2011-05-05 14:00:00.000,2011,5,5,14,02006KT,16,11
2011-05-05 15:00:00.000,2011,5,5,15,VRB02KT,18,11
2011-05-05 16:00:00.000,2011,5,5,16,14008KT,19,10
2011-05-05 17:00:00.000,2011,5,5,17,13008KT,20,10
2011-05-05 18:00:00.000,2011,5,5,18,15008KT,19,10
2011-05-05 19:00:00.000,2011,5,5,19,33006KT,19,11
2011-05-05 20:00:00.000,2011,5,5,20,27005KT,18,14
2011-05-05 21:00:00.000,2011,5,5,21,29008KT,16,13
2011-05-05 21:35:00.000,2011,5,5,21,27006KT,15,13
2011-05-05 22:00:00.000,2011,5,5,22,25006KT,15,13
2011-05-05 23:00:00.000,2011,5,5,23,28005KT,15,13
2011-05-06 00:00:00.000,2011,5,6,0,36004KT,14,14
2011-05-06 01:00:00.000,2011,5,6,1,35003KT,14,13
2011-05-06 02:00:00.000,2011,5,6,2,33004KT,14,12
2011-05-06 03:00:00.000,2011,5,6,3,02005KT,14,12
2011-05-06 04:00:00.000,2011,5,6,4,03003KT,13,11
2011-05-06 05:00:00.000,2011,5,6,5,07003KT,12,11
2011-05-06 06:00:00.000,2011,5,6,6,VRB02KT,12,11
2011-05-06 07:00:00.000,2011,5,6,7,VRB02KT,12,11
2011-05-06 08:00:00.000,2011,5,6,8,VRB02KT,12,11
2011-05-06 09:00:00.000,2011,5,6,9,VRB02KT,11,11
2011-05-06 10:00:00.000,2011,5,6,10,31003KT,10,10
2011-05-06 10:30:00.000,2011,5,6,10,VRB02KT,10,10
2011-05-06 11:00:00.000,2011,5,6,11,06003KT,10,10
2011-05-06 12:00:00.000,2011,5,6,12,02006KT,13,12
2011-05-06 13:00:00.000,2011,5,6,13,02004KT,16,12
2011-05-06 14:00:00.000,2011,5,6,14,02004KT,17,12
2011-05-06 15:00:00.000,2011,5,6,15,02004KT,18,12
2011-05-06 16:00:00.000,2011,5,6,16,12008KT,19,12
2011-05-06 17:00:00.000,2011,5,6,17,10008KT,19,11
2011-05-06 18:00:00.000,2011,5,6,18,11009KT,20,11
2011-05-06 19:00:00.000,2011,5,6,19,08007KT,20,11
2011-05-06 20:00:00.000,2011,5,6,20,08004KT,19,11
2011-05-06 21:00:00.000,2011,5,6,21,17004KT,19,11
2011-05-06 22:00:00.000,2011,5,6,22,30006KT,16,14
2011-05-06 23:00:00.000,2011,5,6,23,29004KT,16,13
2011-05-07 00:00:00.000,2011,5,7,0,02004KT,16,12
2011-05-07 01:00:00.000,2011,5,7,1,11007KT,16,11
2011-05-07 02:00:00.000,2011,5,7,2,12007KT,15,10
2011-05-07 03:00:00.000,2011,5,7,3,10005KT,15,11
2011-05-07 04:00:00.000,2011,5,7,4,09003KT,15,11
2011-05-07 05:00:00.000,2011,5,7,5,VRB02KT,15,11
2011-05-07 06:00:00.000,2011,5,7,6,12006KT,13,10
2011-05-07 07:00:00.000,2011,5,7,7,02004KT,13,11
2011-05-07 08:00:00.000,2011,5,7,8,30004KT,13,11
2011-05-07 09:00:00.000,2011,5,7,9,VRB02KT,12,11
2011-05-07 10:00:00.000,2011,5,7,10,03006KT,13,12
2011-05-07 10:30:00.000,2011,5,7,10,02003KT,13,12
2011-05-07 11:00:00.000,2011,5,7,11,31003KT,12,11
2011-05-07 12:00:00.000,2011,5,7,12,02004KT,14,11
2011-05-07 13:00:00.000,2011,5,7,13,02006KT,15,11
2011-05-07 14:00:00.000,2011,5,7,14,03006KT,16,11
2011-05-07 15:00:00.000,2011,5,7,15,30006KT,18,11
2011-05-07 16:00:00.000,2011,5,7,16,18004KT,19,11
2011-05-07 17:00:00.000,2011,5,7,17,12010KT,20,10
2011-05-07 18:00:00.000,2011,5,7,18,10010KT,21,10
2011-05-07 19:00:00.000,2011,5,7,19,09008KT,20,10
2011-05-07 19:18:00.000,2011,5,7,19,16010KT,18,12
2011-05-07 20:00:00.000,2011,5,7,20,18006KT,18,13
2011-05-07 21:00:00.000,2011,5,7,21,16008KT,18,12
2011-05-07 22:00:00.000,2011,5,7,22,12008KT,18,12
2011-05-07 23:00:00.000,2011,5,7,23,13008KT,18,11
2011-05-08 00:00:00.000,2011,5,8,0,12008KT,17,10
2011-05-08 00:40:00.000,2011,5,8,0,05009KT,14,13
2011-05-08 01:00:00.000,2011,5,8,1,04008KT,14,13
2011-05-08 02:00:00.000,2011,5,8,2,06006KT,14,13
2011-05-08 03:00:00.000,2011,5,8,3,02004KT,13,12
2011-05-08 04:00:00.000,2011,5,8,4,35003KT,13,12
2011-05-08 05:00:00.000,2011,5,8,5,03004KT,12,11
2011-05-08 06:00:00.000,2011,5,8,6,33003KT,12,11
2011-05-08 07:00:00.000,2011,5,8,7,03004KT,11,10
2011-05-08 08:00:00.000,2011,5,8,8,36003KT,12,11
2011-05-08 09:00:00.000,2011,5,8,9,25004KT,12,11
2011-05-08 10:00:00.000,2011,5,8,10,03005KT,13,11
2011-05-08 10:30:00.000,2011,5,8,10,06005KT,13,11
2011-05-08 11:00:00.000,2011,5,8,11,04006KT,13,11
2011-05-08 12:00:00.000,2011,5,8,12,04008KT,13,12
2011-05-08 13:00:00.000,2011,5,8,13,05008KT,15,12
2011-05-08 14:00:00.000,2011,5,8,14,14008KT,17,12
2011-05-08 15:00:00.000,2011,5,8,15,11010KT,19,12
2011-05-08 16:00:00.000,2011,5,8,16,13010KT,19,12
2011-05-08 17:00:00.000,2011,5,8,17,16010KT,18,12
2011-05-08 18:00:00.000,2011,5,8,18,14008KT,19,12
2011-05-08 19:00:00.000,2011,5,8,19,17010KT,18,12
2011-05-08 20:00:00.000,2011,5,8,20,15008KT,18,12
2011-05-08 21:00:00.000,2011,5,8,21,13006KT,18,11
2011-05-08 22:00:00.000,2011,5,8,22,15010KT,17,11
2011-05-08 23:00:00.000,2011,5,8,23,19006KT,17,11
2011-05-09 00:00:00.000,2011,5,9,0,09005KT,14,10
2011-05-09 01:00:00.000,2011,5,9,1,04006KT,14,11
2011-05-09 02:00:00.000,2011,5,9,2,04004KT,14,12
2011-05-09 03:00:00.000,2011,5,9,3,03006KT,13,12
2011-05-09 04:00:00.000,2011,5,9,4,03004KT,13,12
2011-05-09 05:00:00.000,2011,5,9,5,VRB02KT,13,11
2011-05-09 06:00:00.000,2011,5,9,6,VRB02KT,13,11
2011-05-09 07:00:00.000,2011,5,9,7,VRB02KT,13,11
2011-05-09 08:00:00.000,2011,5,9,8,03004KT,12,11
2011-05-09 09:00:00.000,2011,5,9,9,03006KT,12,11
2011-05-09 10:00:00.000,2011,5,9,10,05005KT,11,10
2011-05-09 10:30:00.000,2011,5,9,10,VRB02KT,12,10
2011-05-09 11:00:00.000,2011,5,9,11,VRB02KT,12,10
2011-05-09 12:00:00.000,2011,5,9,12,00000KT,13,11
2011-05-09 13:00:00.000,2011,5,9,13,03007KT,15,11
2011-05-09 14:00:00.000,2011,5,9,14,03008KT,15,11
2011-05-09 15:00:00.000,2011,5,9,15,02003KT,16,11
2011-05-09 16:00:00.000,2011,5,9,16,03003KT,17,11
2011-05-09 17:00:00.000,2011,5,9,17,30004KT,18,11
2011-05-09 18:00:00.000,2011,5,9,18,VRB02KT,20,11
2011-05-09 19:00:00.000,2011,5,9,19,20003KT,20,11
2011-05-09 20:00:00.000,2011,5,9,20,33006KT,18,12
2011-05-09 21:00:00.000,2011,5,9,21,22004KT,19,11
2011-05-09 22:00:00.000,2011,5,9,22,28006KT,17,14
2011-05-09 23:00:00.000,2011,5,9,23,31004KT,16,13
2011-05-10 00:00:00.000,2011,5,10,0,33003KT,14,12
2011-05-10 01:00:00.000,2011,5,10,1,27004KT,14,11
2011-05-10 02:00:00.000,2011,5,10,2,03004KT,14,11
2011-05-10 03:00:00.000,2011,5,10,3,VRB02KT,14,11
2011-05-10 04:00:00.000,2011,5,10,4,32004KT,13,12
2011-05-10 05:00:00.000,2011,5,10,5,00000KT,13,11
2011-05-10 06:00:00.000,2011,5,10,6,32004KT,13,11
2011-05-10 07:00:00.000,2011,5,10,7,00000KT,12,11
2011-05-10 08:00:00.000,2011,5,10,8,30006KT,12,11
2011-05-10 09:00:00.000,2011,5,10,9,32003KT,12,11
2011-05-10 10:00:00.000,2011,5,10,10,00000KT,11,10
2011-05-10 11:00:00.000,2011,5,10,11,04003KT,12,11
2011-05-10 12:00:00.000,2011,5,10,12,03006KT,14,12
2011-05-10 13:00:00.000,2011,5,10,13,06006KT,16,12
2011-05-10 14:00:00.000,2011,5,10,14,04007KT,18,12
2011-05-10 15:00:00.000,2011,5,10,15,12007KT,18,10
2011-05-10 16:00:00.000,2011,5,10,16,12007KT,18,10
2011-05-10 17:00:00.000,2011,5,10,17,30007KT,20,11
2011-05-10 18:00:00.000,2011,5,10,18,24010KT,19,12
2011-05-10 19:00:00.000,2011,5,10,19,22008KT,19,13
2011-05-10 19:05:00.000,2011,5,10,19,36008KT,19,13
2011-05-10 19:46:00.000,2011,5,10,19,12012KT,16,13
2011-05-10 20:00:00.000,2011,5,10,20,13018KT,15,12
2011-05-10 20:06:00.000,2011,5,10,20,10010KT,15,13
2011-05-10 20:15:00.000,2011,5,10,20,02006T,15,12
2011-05-10 21:00:00.000,2011,5,10,21,NOSIG=,,
2011-05-10 22:00:00.000,2011,5,10,22,32004KT,15,12
2011-05-10 23:00:00.000,2011,5,10,23,27004KT,15,13
2011-05-11 00:00:00.000,2011,5,11,0,VRB02KT,15,13
2011-05-11 01:00:00.000,2011,5,11,1,VRB02KT,14,13
2011-05-11 02:00:00.000,2011,5,11,2,00000KT,14,12
2011-05-11 03:00:00.000,2011,5,11,3,VRB02KT,15,13
2011-05-11 04:00:00.000,2011,5,11,4,VRB02KT,14,12
2011-05-11 05:00:00.000,2011,5,11,5,VRB02KT,14,12
2011-05-11 06:00:00.000,2011,5,11,6,VRB02KT,13,12
2011-05-11 07:00:00.000,2011,5,11,7,35003KT,13,12
2011-05-11 08:00:00.000,2011,5,11,8,03003KT,13,12
2011-05-11 09:00:00.000,2011,5,11,9,VRB02KT,13,12
2011-05-11 10:00:00.000,2011,5,11,10,04005KT,12,12
2011-05-11 10:30:00.000,2011,5,11,10,04004KT,13,12
2011-05-11 11:00:00.000,2011,5,11,11,VRB02KT,12,11
2011-05-11 12:00:00.000,2011,5,11,12,05004KT,13,11
2011-05-11 13:00:00.000,2011,5,11,13,04007KT,15,12
2011-05-11 14:00:00.000,2011,5,11,14,02007KT,16,12
2011-05-11 15:00:00.000,2011,5,11,15,03006KT,18,12
2011-05-11 16:00:00.000,2011,5,11,16,VRB02KT,18,12
2011-05-11 17:00:00.000,2011,5,11,17,VRB02KT,19,12
2011-05-11 18:00:00.000,2011,5,11,18,09006KT,17,13
2011-05-11 19:00:00.000,2011,5,11,19,29008KT,18,15
2011-05-11 19:20:00.000,2011,5,11,19,03006KT,18,12
2011-05-11 20:00:00.000,2011,5,11,20,33008KT,16,13
2011-05-11 21:00:00.000,2011,5,11,21,30004KT,16,13
2011-05-11 22:00:00.000,2011,5,11,22,30008KT,16,13
2011-05-11 23:00:00.000,2011,5,11,23,25007KT,16,13
2011-05-12 00:00:00.000,2011,5,12,0,VRB02KT,15,12
2011-05-12 01:00:00.000,2011,5,12,1,VRB02KT,14,12
2011-05-12 02:00:00.000,2011,5,12,2,27003KT,14,12
2011-05-12 03:00:00.000,2011,5,12,3,27005KT,15,12
2011-05-12 04:00:00.000,2011,5,12,4,27003KT,14,12
2011-05-12 05:00:00.000,2011,5,12,5,VRB02KT,14,13
2011-05-12 06:00:00.000,2011,5,12,6,31004KT,14,12
2011-05-12 07:00:00.000,2011,5,12,7,VRB02KT,14,12
2011-05-12 08:00:00.000,2011,5,12,8,29004KT,13,12
2011-05-12 09:00:00.000,2011,5,12,9,VRB02KT,13,12
2011-05-12 10:00:00.000,2011,5,12,10,36003KT,13,12
2011-05-12 11:00:00.000,2011,5,12,11,24004KT,13,12
2011-05-12 12:00:00.000,2011,5,12,12,02003KT,14,13
2011-05-12 13:00:00.000,2011,5,12,13,02003KT,15,13
2011-05-12 14:00:00.000,2011,5,12,14,02004KT,16,12
2011-05-12 15:00:00.000,2011,5,12,15,02004KT,18,13
2011-05-12 16:00:00.000,2011,5,12,16,26005KT,19,13
2011-05-12 17:00:00.000,2011,5,12,17,28008KT,18,13
2011-05-12 17:35:00.000,2011,5,12,17,09006KT,17,13
2011-05-12 18:00:00.000,2011,5,12,18,10006KT,15,13
2011-05-12 18:19:00.000,2011,5,12,18,34005KT,14,13
2011-05-12 19:00:00.000,2011,5,12,19,30004KT,15,13
2011-05-12 20:00:00.000,2011,5,12,20,29006KT,16,14
2011-05-12 21:00:00.000,2011,5,12,21,32005KT,16,14
2011-05-12 22:00:00.000,2011,5,12,22,34004KT,15,13
2011-05-12 23:00:00.000,2011,5,12,23,VRB02KT,15,13
2011-05-13 00:00:00.000,2011,5,13,0,30006KT,14,13
2011-05-13 01:00:00.000,2011,5,13,1,29008KT,14,13
2011-05-13 01:21:00.000,2011,5,13,1,30006KT,14,13
2011-05-13 02:00:00.000,2011,5,13,2,04003KT,13,13
2011-05-13 03:00:00.000,2011,5,13,3,03004KT,13,13
2011-05-13 04:00:00.000,2011,5,13,4,02003KT,13,13
2011-05-13 05:00:00.000,2011,5,13,5,26004KT,14,13
2011-05-13 06:00:00.000,2011,5,13,6,VRB02KT,14,13
2011-05-13 07:00:00.000,2011,5,13,7,VRB02KT,13,13
2011-05-13 08:00:00.000,2011,5,13,8,VRB02KT,13,13
2011-05-13 09:00:00.000,2011,5,13,9,34003KT,13,13
2011-05-13 10:00:00.000,2011,5,13,10,34003KT,13,13
2011-05-13 10:30:00.000,2011,5,13,10,02004KT,13,13
2011-05-13 11:00:00.000,2011,5,13,11,VRB02KT,13,13
2011-05-13 11:15:00.000,2011,5,13,11,30003KT,13,12
2011-05-13 12:00:00.000,2011,5,13,12,33004KT,14,13
2011-05-13 13:00:00.000,2011,5,13,13,32004KT,15,14
2011-05-13 14:00:00.000,2011,5,13,14,30003KT,18,13
2011-05-13 15:00:00.000,2011,5,13,15,30006KT,18,13
2011-05-13 16:00:00.000,2011,5,13,16,22008KT,18,14
2011-05-13 16:30:00.000,2011,5,13,16,28010KT,16,13
2011-05-13 17:00:00.000,2011,5,13,17,28012KT,16,14
2011-05-13 18:00:00.000,2011,5,13,18,28010KT,17,13
2011-05-13 19:00:00.000,2011,5,13,19,23008KT,17,13
2011-05-13 20:00:00.000,2011,5,13,20,20008KT,17,13
2011-05-13 21:00:00.000,2011,5,13,21,20006KT,17,13
2011-05-13 22:00:00.000,2011,5,13,22,30008KT,16,13
2011-05-13 23:00:00.000,2011,5,13,23,28006KT,15,13
2011-05-14 00:00:00.000,2011,5,14,0,30004KT,15,12
2011-05-14 01:00:00.000,2011,5,14,1,27006KT,15,13
2011-05-14 02:00:00.000,2011,5,14,2,32004KT,14,13
2011-05-14 03:00:00.000,2011,5,14,3,02006KT,13,12
2011-05-14 04:00:00.000,2011,5,14,4,32004KT,13,12
2011-05-14 05:00:00.000,2011,5,14,5,02005KT,13,12
2011-05-14 06:00:00.000,2011,5,14,6,04006KT,12,11
2011-05-14 07:00:00.000,2011,5,14,7,06004KT,12,11
2011-05-14 08:00:00.000,2011,5,14,8,07004KT,12,11
2011-05-14 09:00:00.000,2011,5,14,9,10003KT,12,11
2011-05-14 10:00:00.000,2011,5,14,10,03003KT,12,11
2011-05-14 11:00:00.000,2011,5,14,11,12003KT,12,11
2011-05-14 12:00:00.000,2011,5,14,12,10004KT,13,11
2011-05-14 13:00:00.000,2011,5,14,13,06004KT,14,11
2011-05-14 14:00:00.000,2011,5,14,14,34007KT,14,12
2011-05-14 15:00:00.000,2011,5,14,15,36003KT,16,11
2011-05-14 16:00:00.000,2011,5,14,16,20003KT,17,11
2011-05-14 17:00:00.000,2011,5,14,17,25006KT,16,12
2011-05-14 18:00:00.000,2011,5,14,18,26008KT,17,12
2011-05-14 19:00:00.000,2011,5,14,19,26010KT,16,13
2011-05-14 20:00:00.000,2011,5,14,20,21012KT,15,13
2011-05-14 21:00:00.000,2011,5,14,21,22008KT,15,12
2011-05-14 22:00:00.000,2011,5,14,22,22008KT,15,11
2011-05-14 23:00:00.000,2011,5,14,23,23006KT,15,10
2011-05-15 00:00:00.000,2011,5,15,0,32004KT,13,10
2011-05-15 01:00:00.000,2011,5,15,1,35004KT,13,11
2011-05-15 02:00:00.000,2011,5,15,2,VRB02KT,13,11
2011-05-15 03:00:00.000,2011,5,15,3,VRB02KT,13,11
2011-05-15 04:00:00.000,2011,5,15,4,00000KT,13,11
2011-05-15 05:00:00.000,2011,5,15,5,VRB02KT,13,11
2011-05-15 06:00:00.000,2011,5,15,6,VRB02KT,13,11
2011-05-15 07:00:00.000,2011,5,15,7,33004KT,12,11
2011-05-15 08:00:00.000,2011,5,15,8,VRB02KT,12,11
2011-05-15 09:00:00.000,2011,5,15,9,00000KT,12,11
2011-05-15 10:00:00.000,2011,5,15,10,VRB02KT,12,11
2011-05-15 11:00:00.000,2011,5,15,11,35004KT,12,11
2011-05-15 12:00:00.000,2011,5,15,12,VRB02KT,13,11
2011-05-15 13:00:00.000,2011,5,15,13,VRB02KT,16,12
2011-05-15 14:00:00.000,2011,5,15,14,VRB02KT,18,12
2011-05-15 15:00:00.000,2011,5,15,15,28005KT,19,11
2011-05-15 16:00:00.000,2011,5,15,16,27012KT,19,12
2011-05-15 17:00:00.000,2011,5,15,17,28012KT,19,13
2011-05-15 18:00:00.000,2011,5,15,18,25012KT,20,13
2011-05-15 19:00:00.000,2011,5,15,19,27011KT,17,13
2011-05-15 20:00:00.000,2011,5,15,20,27010KT,17,13
2011-05-15 21:00:00.000,2011,5,15,21,20008KT,16,13
2011-05-15 22:00:00.000,2011,5,15,22,23006KT,16,13
2011-05-15 23:00:00.000,2011,5,15,23,VRB02KT,15,12
2011-05-16 00:00:00.000,2011,5,16,0,31004KT,14,12
2011-05-16 01:00:00.000,2011,5,16,1,33006KT,14,12
2011-05-16 02:00:00.000,2011,5,16,2,30004KT,13,12
2011-05-16 03:00:00.000,2011,5,16,3,29005KT,13,12
2011-05-16 04:00:00.000,2011,5,16,4,27006KT,13,11
2011-05-16 05:00:00.000,2011,5,16,5,32004KT,13,11
2011-05-16 06:00:00.000,2011,5,16,6,35003KT,13,11
2011-05-16 07:00:00.000,2011,5,16,7,VRB02KT,13,11
2011-05-16 08:00:00.000,2011,5,16,8,34003KT,13,11
2011-05-16 09:00:00.000,2011,5,16,9,VRB02KT,12,11
2011-05-16 10:00:00.000,2011,5,16,10,VRB02KT,13,11
2011-05-16 11:00:00.000,2011,5,16,11,28003KT,13,12
2011-05-16 12:00:00.000,2011,5,16,12,VRB02KT,13,12
2011-05-16 13:00:00.000,2011,5,16,13,VRB02KT,14,12
2011-05-16 14:00:00.000,2011,5,16,14,23008KT,14,12
2011-05-16 15:00:00.000,2011,5,16,15,24008KT,15,12
2011-05-16 16:00:00.000,2011,5,16,16,23010KT,16,10
2011-05-16 17:00:00.000,2011,5,16,17,27010KT,15,11
2011-05-16 18:00:00.000,2011,5,16,18,35005KT,15,12
2011-05-16 19:00:00.000,2011,5,16,19,35005KT,16,13
2011-05-16 20:00:00.000,2011,5,16,20,34006KT,16,13
2011-05-16 21:00:00.000,2011,5,16,21,01005KT,16,12
2011-05-16 22:00:00.000,2011,5,16,22,02005KT,16,12
2011-05-16 23:00:00.000,2011,5,16,23,03003KT,15,11
2011-05-17 00:00:00.000,2011,5,17,0,33003KT,14,12
2011-05-17 01:00:00.000,2011,5,17,1,26004KT,14,12
2011-05-17 02:00:00.000,2011,5,17,2,22004KT,14,12
2011-05-17 03:00:00.000,2011,5,17,3,22004KT,13,11
2011-05-17 04:00:00.000,2011,5,17,4,33004KT,13,11
2011-05-17 05:00:00.000,2011,5,17,5,VRB02KT,13,11
2011-05-17 07:00:00.000,2011,5,17,7,25003KT,13,11
2011-05-17 08:00:00.000,2011,5,17,8,30003KT,13,12
2011-05-17 09:00:00.000,2011,5,17,9,00000KT,13,12
2011-05-17 10:00:00.000,2011,5,17,10,23010KT,12,11
2011-05-17 11:00:00.000,2011,5,17,11,24004KT,12,11
2011-05-17 12:00:00.000,2011,5,17,12,20005KT,12,10
2011-05-17 13:00:00.000,2011,5,17,13,23004KT,14,10
2011-05-17 14:00:00.000,2011,5,17,14,VRB02KT,16,11
2011-05-17 15:00:00.000,2011,5,17,15,23006KT,18,11
2011-05-17 16:00:00.000,2011,5,17,16,26006KT,18,11
2011-05-17 17:00:00.000,2011,5,17,17,25012KT,19,08
2011-05-17 18:00:00.000,2011,5,17,18,25014KT,19,10
2011-05-17 19:00:00.000,2011,5,17,19,23016KT,20,10
2011-05-17 20:00:00.000,2011,5,17,20,26012KT,19,11
2011-05-17 21:00:00.000,2011,5,17,21,30007KT,17,11
2011-05-17 22:00:00.000,2011,5,17,22,33008KT,16,13
2011-05-17 23:00:00.000,2011,5,17,23,33005KT,14,13
2011-05-18 00:00:00.000,2011,5,18,0,34003KT,14,12
2011-05-18 02:00:00.000,2011,5,18,2,32006KT,13,12
2011-05-18 03:00:00.000,2011,5,18,3,36004KT,14,12
2011-05-18 04:00:00.000,2011,5,18,4,32004KT,14,12
2011-05-18 05:00:00.000,2011,5,18,5,34004KT,13,12
2011-05-18 06:00:00.000,2011,5,18,6,30005KT,13,11
2011-05-18 07:00:00.000,2011,5,18,7,29008KT,12,12
2011-05-18 08:00:00.000,2011,5,18,8,33004KT,12,11
2011-05-18 09:00:00.000,2011,5,18,9,33006KT,12,11
2011-05-18 10:00:00.000,2011,5,18,10,33004KT,11,10
2011-05-18 10:30:00.000,2011,5,18,10,31003KT,11,10
2011-05-18 11:00:00.000,2011,5,18,11,13003KT,11,10
2011-05-18 12:00:00.000,2011,5,18,12,31004KT,12,11
2011-05-18 13:00:00.000,2011,5,18,13,29003KT,14,11
2011-05-18 14:00:00.000,2011,5,18,14,VRB02KT,15,11
2011-05-18 15:00:00.000,2011,5,18,15,25004KT,16,10
2011-05-18 16:00:00.000,2011,5,18,16,32012KT,15,12
2011-05-18 17:00:00.000,2011,5,18,17,32010KT,15,12
2011-05-18 18:00:00.000,2011,5,18,18,34010KT,17,12
2011-05-18 19:00:00.000,2011,5,18,19,32010KT,18,12
2011-05-18 20:00:00.000,2011,5,18,20,33008KT,19,12
2011-05-18 21:00:00.000,2011,5,18,21,33012KT,16,11
2011-05-18 22:00:00.000,2011,5,18,22,32012KT,15,12
2011-05-18 23:00:00.000,2011,5,18,23,31011KT,14,12
2011-05-19 00:00:00.000,2011,5,19,0,32004KT,13,11
2011-05-19 01:00:00.000,2011,5,19,1,29007KT,13,11
2011-05-19 02:00:00.000,2011,5,19,2,29006KT,13,11
2011-05-19 03:00:00.000,2011,5,19,3,31004KT,13,11
2011-05-19 04:00:00.000,2011,5,19,4,28006KT,13,11
2011-05-19 05:00:00.000,2011,5,19,5,26003KT,12,11
2011-05-19 06:00:00.000,2011,5,19,6,01003KT,12,11
2011-05-19 08:00:00.000,2011,5,19,8,02003KT,12,11
2011-05-19 09:00:00.000,2011,5,19,9,320005T,12,10
2011-05-19 10:00:00.000,2011,5,19,10,000000KT,12,11
2011-05-19 10:30:00.000,2011,5,19,10,33004KT,12,11
2011-05-19 11:00:00.000,2011,5,19,11,00000KT,11,11
2011-05-19 12:00:00.000,2011,5,19,12,00000KT,12,12
2011-05-19 12:20:00.000,2011,5,19,12,34004KT,12,11
2011-05-19 12:30:00.000,2011,5,19,12,32006KT,12,12
2011-05-19 13:00:00.000,2011,5,19,13,01004KT,12,12
2011-05-19 14:00:00.000,2011,5,19,14,05004KT,13,11
2011-05-19 14:25:00.000,2011,5,19,14,05004KT,13,11
2011-05-19 15:00:00.000,2011,5,19,15,05004KT,13,11
2011-05-19 15:20:00.000,2011,5,19,15,35004KT,13,11
2011-05-19 15:36:00.000,2011,5,19,15,33006KT,13,11
2011-05-19 16:00:00.000,2011,5,19,16,34008KT,13,11
2011-05-19 16:15:00.000,2011,5,19,16,03004KT,13,11
2011-05-19 17:00:00.000,2011,5,19,17,07006KT,14,11
2011-05-19 17:30:00.000,2011,5,19,17,28006KT,15,12
2011-05-19 20:00:00.000,2011,5,19,20,30006KT,15,10
2011-05-19 21:00:00.000,2011,5,19,21,32008KT,15,11
2011-05-19 21:25:00.000,2011,5,19,21,31007KT,14,11
2011-05-19 22:00:00.000,2011,5,19,22,00000KT,26,21
2011-05-19 23:00:00.000,2011,5,19,23,28006KT,14,11
2011-05-20 00:00:00.000,2011,5,20,0,30003KT,13,11
2011-05-20 00:11:00.000,2011,5,20,0,33003KT,13,10
2011-05-20 01:00:00.000,2011,5,20,1,VRB02KT,13,10
2011-05-20 02:00:00.000,2011,5,20,2,26004KT,13,10
2011-05-20 03:00:00.000,2011,5,20,3,VRB02KT,13,11
2011-05-20 04:00:00.000,2011,5,20,4,34003KT,12,11
2011-05-20 05:00:00.000,2011,5,20,5,VRB02KT,12,11
2011-05-20 06:00:00.000,2011,5,20,6,VRB02KT,11,11
2011-05-20 07:00:00.000,2011,5,20,7,27003KT,12,11
2011-05-20 08:00:00.000,2011,5,20,8,VRB02KT,12,10
2011-05-20 09:00:00.000,2011,5,20,9,VRB02KT,12,11
2011-05-20 10:00:00.000,2011,5,20,10,31003KT,12,11
2011-05-20 10:30:00.000,2011,5,20,10,33003KT,11,11
2011-05-20 11:00:00.000,2011,5,20,11,VRB02KT,11,11
2011-05-20 12:00:00.000,2011,5,20,12,VRB02KT,12,11
2011-05-20 12:40:00.000,2011,5,20,12,VR0B2KT,13,11
2011-05-20 13:00:00.000,2011,5,20,13,VRB02KT,14,11
2011-05-20 14:00:00.000,2011,5,20,14,VRB02KT,15,11
2011-05-20 15:00:00.000,2011,5,20,15,VRB02KT,18,09
2011-05-20 16:00:00.000,2011,5,20,16,34006KT,19,08
2011-05-20 17:00:00.000,2011,5,20,17,30010KT,18,12
2011-05-20 18:00:00.000,2011,5,20,18,25010KT,15,12
2011-05-20 19:00:00.000,2011,5,20,19,28010KT,15,12
2011-05-20 20:00:00.000,2011,5,20,20,28008KT,16,12
2011-05-20 21:00:00.000,2011,5,20,21,24009KT,16,11
2011-05-20 22:00:00.000,2011,5,20,22,26004KT,15,12
2011-05-20 23:00:00.000,2011,5,20,23,21007KT,15,11
2011-05-21 00:00:00.000,2011,5,21,0,26006KT,14,10
2011-05-21 01:00:00.000,2011,5,21,1,33004KT,14,11
2011-05-21 02:00:00.000,2011,5,21,2,VRB02KT,14,12
2011-05-21 03:00:00.000,2011,5,21,3,29006KT,14,12
2011-05-21 04:00:00.000,2011,5,21,4,29004KT,13,11
2011-05-21 05:00:00.000,2011,5,21,5,VRB02KT,13,12
2011-05-21 06:00:00.000,2011,5,21,6,VRB02KT,13,10
2011-05-21 07:00:00.000,2011,5,21,7,VRB02KT,12,10
2011-05-21 08:00:00.000,2011,5,21,8,VRB02KT,12,11
2011-05-21 09:00:00.000,2011,5,21,9,32004KT,12,11
2011-05-21 10:00:00.000,2011,5,21,10,00000KT,12,11
2011-05-21 11:00:00.000,2011,5,21,11,00000KT,12,11
2011-05-21 12:00:00.000,2011,5,21,12,VRB02KT,13,11
2011-05-21 13:00:00.000,2011,5,21,13,VRB02KT,14,11
2011-05-21 14:00:00.000,2011,5,21,14,VRB02KT,15,11
2011-05-21 15:00:00.000,2011,5,21,15,14006KT,17,11
2011-05-21 16:00:00.000,2011,5,21,16,05008KT,18,11
2011-05-21 17:00:00.000,2011,5,21,17,12008KT,17,11
2011-05-21 18:00:00.000,2011,5,21,18,27010KT,18,12
2011-05-21 19:00:00.000,2011,5,21,19,27010KT,18,14
2011-05-21 20:00:00.000,2011,5,21,20,34015KT,13,12
2011-05-21 21:00:00.000,2011,5,21,21,30005KT,13,11
2011-05-21 22:00:00.000,2011,5,21,22,34004KT,14,12
2011-05-21 23:00:00.000,2011,5,21,23,32005KT,14,12
2011-05-22 00:00:00.000,2011,5,22,0,25004KT,13,12
2011-05-22 01:00:00.000,2011,5,22,1,VRB02KT,13,12
2011-05-22 02:00:00.000,2011,5,22,2,VRB02KT,14,12
2011-05-22 03:00:00.000,2011,5,22,3,03004KT,13,12
2011-05-22 04:00:00.000,2011,5,22,4,02004KT,13,11
2011-05-22 05:00:00.000,2011,5,22,5,05004KT,13,11
2011-05-22 06:00:00.000,2011,5,22,6,02006KT,12,11
2011-05-22 07:00:00.000,2011,5,22,7,06004KT,12,11
2011-05-22 08:00:00.000,2011,5,22,8,05004KT,12,11
2011-05-22 09:00:00.000,2011,5,22,9,36004KT,12,10
2011-05-22 10:00:00.000,2011,5,22,10,VRB02KT,11,10
2011-05-22 11:00:00.000,2011,5,22,11,VRB02KT,12,10
2011-05-22 12:00:00.000,2011,5,22,12,25006KT,11,10
2011-05-22 13:00:00.000,2011,5,22,13,02004KT,13,10
2011-05-22 14:00:00.000,2011,5,22,14,02004KT,14,11
2011-05-22 15:00:00.000,2011,5,22,15,22004KT,16,11
2011-05-22 16:00:00.000,2011,5,22,16,25004KT,18,11
2011-05-22 17:00:00.000,2011,5,22,17,08004KT,18,09
2011-05-22 18:00:00.000,2011,5,22,18,25010KT,17,13
2011-05-22 19:00:00.000,2011,5,22,19,25008KT,18,13
2011-05-22 20:00:00.000,2011,5,22,20,04005KT,18,13
2011-05-22 21:00:00.000,2011,5,22,21,30005KT,12,11
2011-05-22 22:00:00.000,2011,5,22,22,34004KT,12,11
2011-05-22 23:00:00.000,2011,5,22,23,34003KT,13,12
2011-05-23 00:00:00.000,2011,5,23,0,07005KT,13,12
2011-05-23 01:00:00.000,2011,5,23,1,07008KT,13,10
2011-05-23 02:00:00.000,2011,5,23,2,04004KT,13,10
2011-05-23 03:00:00.000,2011,5,23,3,06004KT,13,10
2011-05-23 04:00:00.000,2011,5,23,4,33004KT,13,11
2011-05-23 05:00:00.000,2011,5,23,5,02004KT,12,10
2011-05-23 06:00:00.000,2011,5,23,6,22003KT,11,10
2011-05-23 07:00:00.000,2011,5,23,7,30004KT,11,10
2011-05-23 08:00:00.000,2011,5,23,8,00000KT,10,09
2011-05-23 09:00:00.000,2011,5,23,9,36003KT,10,09
2011-05-23 10:00:00.000,2011,5,23,10,09003KT,10,09
2011-05-23 11:00:00.000,2011,5,23,11,03005KT,09,09
2011-05-23 12:00:00.000,2011,5,23,12,06004KT,11,10
2011-05-23 14:00:00.000,2011,5,23,14,01006KT,16,11
2011-05-23 15:00:00.000,2011,5,23,15,01008KT,17,10
2011-05-23 16:00:00.000,2011,5,23,16,24008KT,17,11
2011-05-23 17:00:00.000,2011,5,23,17,16006KT,18,11
2011-05-23 18:00:00.000,2011,5,23,18,08006KT,20,11
2011-05-23 19:00:00.000,2011,5,23,19,07006KT,20,09
2011-05-23 20:00:00.000,2011,5,23,20,28006KT,19,13
2011-05-23 21:00:00.000,2011,5,23,21,26008KT,16,13
2011-05-23 22:00:00.000,2011,5,23,22,25006KT,16,13
2011-05-23 23:00:00.000,2011,5,23,23,27006KT,15,13
2011-05-24 00:00:00.000,2011,5,24,0,31006KT,13,12
2011-05-24 01:00:00.000,2011,5,24,1,26004KT,13,11
2011-05-24 02:00:00.000,2011,5,24,2,VRB02KT,13,11
2011-05-24 03:00:00.000,2011,5,24,3,00000KT,13,11
2011-05-24 04:00:00.000,2011,5,24,4,00000KT,12,11
2011-05-24 05:00:00.000,2011,5,24,5,VRB02KT,12,11
2011-05-24 06:00:00.000,2011,5,24,6,VRB02KT,13,11
2011-05-24 07:00:00.000,2011,5,24,7,01003KT,12,11
2011-05-24 08:00:00.000,2011,5,24,8,VRB02KT,11,10
2011-05-24 09:00:00.000,2011,5,24,9,05007KT,11,10
2011-05-24 10:00:00.000,2011,5,24,10,05003KT,11,10
2011-05-24 11:00:00.000,2011,5,24,11,04004KT,11,10
2011-05-24 12:00:00.000,2011,5,24,12,02003KT,12,11
2011-05-24 13:00:00.000,2011,5,24,13,25006KT,14,12
2011-05-24 14:00:00.000,2011,5,24,14,27003KT,16,11
2011-05-24 15:00:00.000,2011,5,24,15,24003KT,19,11
2011-05-24 16:00:00.000,2011,5,24,16,33003KT,18,11
2011-05-24 17:00:00.000,2011,5,24,17,29009KT,17,13
2011-05-24 18:00:00.000,2011,5,24,18,26010KT,17,14
2011-05-24 18:40:00.000,2011,5,24,18,20010KT,17,13
2011-05-24 19:00:00.000,2011,5,24,19,20010KT,16,14
2011-05-24 19:05:00.000,2011,5,24,19,21005KT,15,13
2011-05-24 20:00:00.000,2011,5,24,20,24006KT,16,13
2011-05-24 21:00:00.000,2011,5,24,21,26004KT,17,13
2011-05-24 22:00:00.000,2011,5,24,22,24007KT,16,12
2011-05-24 23:00:00.000,2011,5,24,23,29006KT,15,12
2011-05-25 00:00:00.000,2011,5,25,0,25004KT,15,11
2011-05-25 01:00:00.000,2011,5,25,1,32004KT,14,11
2011-05-25 02:00:00.000,2011,5,25,2,30004KT,14,11
2011-05-25 03:00:00.000,2011,5,25,3,35004KT,14,11
2011-05-25 04:00:00.000,2011,5,25,4,01004KT,14,11
2011-05-25 05:00:00.000,2011,5,25,5,02008KT,13,12
2011-05-25 06:00:00.000,2011,5,25,6,03004KT,13,10
2011-05-25 07:00:00.000,2011,5,25,7,04006KT,12,10
2011-05-25 08:00:00.000,2011,5,25,8,03006KT,12,10
2011-05-25 09:00:00.000,2011,5,25,9,03006KT,12,10
2011-05-25 10:00:00.000,2011,5,25,10,VRB02KT,12,10
2011-05-25 11:00:00.000,2011,5,25,11,00000KT,11,10
2011-05-25 12:00:00.000,2011,5,25,12,06003KT,13,11
2011-05-25 13:00:00.000,2011,5,25,13,01003KT,14,11
2011-05-25 14:00:00.000,2011,5,25,14,01004KT,15,10
2011-05-25 15:00:00.000,2011,5,25,15,02008KT,15,10
2011-05-25 16:00:00.000,2011,5,25,16,03006KT,17,11
2011-05-25 17:00:00.000,2011,5,25,17,05010KT,17,11
2011-05-25 18:00:00.000,2011,5,25,18,05008KT,18,11
2011-05-25 19:00:00.000,2011,5,25,19,26008KT,17,13
2011-05-25 20:00:00.000,2011,5,25,20,28006KT,18,13
2011-05-25 21:00:00.000,2011,5,25,21,28010KT,15,14
2011-05-25 22:00:00.000,2011,5,25,22,27006KT,14,13
2011-05-25 23:00:00.000,2011,5,25,23,27006KT,14,13
2011-05-26 00:00:00.000,2011,5,26,0,02006KT,14,13
2011-05-26 01:00:00.000,2011,5,26,1,27005KT,13,12
2011-05-26 02:00:00.000,2011,5,26,2,31003KT,13,12
2011-05-26 03:00:00.000,2011,5,26,3,VRB02KT,12,11
2011-05-26 04:00:00.000,2011,5,26,4,03003KT,12,11
2011-05-26 05:00:00.000,2011,5,26,5,VRB02KT,12,11
2011-05-26 06:00:00.000,2011,5,26,6,33003KT,12,11
2011-05-26 07:00:00.000,2011,5,26,7,VRB02KT,12,11
2011-05-26 08:00:00.000,2011,5,26,8,03005KT,12,11
2011-05-26 09:00:00.000,2011,5,26,9,04004KT,12,11
2011-05-26 10:00:00.000,2011,5,26,10,06004KT,12,11
2011-05-26 11:00:00.000,2011,5,26,11,VRB02KT,12,11
2011-05-26 12:00:00.000,2011,5,26,12,32003KT,13,12
2011-05-26 13:00:00.000,2011,5,26,13,26006KT,15,12
2011-05-26 14:00:00.000,2011,5,26,14,04004KT,16,12
2011-05-26 15:00:00.000,2011,5,26,15,03008KT,16,11
2011-05-26 16:00:00.000,2011,5,26,16,06006KT,13,12
2011-05-26 17:00:00.000,2011,5,26,17,12008KT,12,11
2011-05-26 18:00:00.000,2011,5,26,18,14008KT,12,10
2011-05-26 19:00:00.000,2011,5,26,19,17005KT,13,09
2011-05-26 20:00:00.000,2011,5,26,20,03012KT,14,11
2011-05-26 21:00:00.000,2011,5,26,21,06005KT,15,10
2011-05-26 22:00:00.000,2011,5,26,22,07006KT,15,11
2011-05-26 23:00:00.000,2011,5,26,23,06005KT,15,10
2011-05-27 00:00:00.000,2011,5,27,0,10007KT,14,10
2011-05-27 01:00:00.000,2011,5,27,1,08005KT,14,10
2011-05-27 02:00:00.000,2011,5,27,2,06004KT,14,10
2011-05-27 03:00:00.000,2011,5,27,3,10003KT,14,10
2011-05-27 04:00:00.000,2011,5,27,4,09003KT,13,10
2011-05-27 05:00:00.000,2011,5,27,5,VRB02KT,12,10
2011-05-27 06:00:00.000,2011,5,27,6,34004KT,11,09
2011-05-27 07:00:00.000,2011,5,27,7,VRB02KT,11,09
2011-05-27 08:00:00.000,2011,5,27,8,03004KT,12,09
2011-05-27 09:00:00.000,2011,5,27,9,03006KT,11,09
2011-05-27 10:00:00.000,2011,5,27,10,00000KT,11,09
2011-05-27 10:30:00.000,2011,5,27,10,05006KT,10,09
2011-05-27 11:00:00.000,2011,5,27,11,05007KT,10,09
2011-05-27 12:00:00.000,2011,5,27,12,03009KT,12,10
2011-05-27 12:20:00.000,2011,5,27,12,04005KT,13,10
2011-05-27 13:00:00.000,2011,5,27,13,06006KT,13,11
2011-05-27 14:00:00.000,2011,5,27,14,09005KT,15,12
2011-05-27 15:00:00.000,2011,5,27,15,11006KT,17,11
2011-05-27 16:00:00.000,2011,5,27,16,14015KT,19,11
2011-05-27 17:00:00.000,2011,5,27,17,15012KT,19,10
2011-05-27 18:00:00.000,2011,5,27,18,17008KT,18,19
2011-05-27 19:00:00.000,2011,5,27,19,14008KT,18,10
2011-05-27 20:00:00.000,2011,5,27,20,12010KT,19,08
2011-05-27 21:00:00.000,2011,5,27,21,18010KT,19,10
2011-05-27 22:00:00.000,2011,5,27,22,12006KT,18,09
2011-05-27 23:00:00.000,2011,5,27,23,06006KT,17,10
2011-05-28 00:00:00.000,2011,5,28,0,12005KT,16,09
2011-05-28 01:00:00.000,2011,5,28,1,18007KT,16,08
2011-05-28 02:00:00.000,2011,5,28,2,18004KT,15,09
2011-05-28 03:00:00.000,2011,5,28,3,05003KT,14,09
2011-05-28 04:00:00.000,2011,5,28,4,VRB02KT,14,09
2011-05-28 05:00:00.000,2011,5,28,5,VRB02KT,13,10
2011-05-28 06:00:00.000,2011,5,28,6,10005KT,12,09
2011-05-28 07:00:00.000,2011,5,28,7,12004KT,13,10
2011-05-28 08:00:00.000,2011,5,28,8,11004KT,13,10
2011-05-28 09:00:00.000,2011,5,28,9,01005KT,12,09
2011-05-28 10:00:00.000,2011,5,28,10,VRB02KT,10,10
2011-05-28 10:30:00.000,2011,5,28,10,01003KT,11,10
2011-05-28 11:00:00.000,2011,5,28,11,01003KT,11,10
2011-05-28 12:00:00.000,2011,5,28,12,VRB02KT,12,10
2011-05-28 13:00:00.000,2011,5,28,13,30006KT,12,11
2011-05-28 14:00:00.000,2011,5,28,14,02004KT,12,11
2011-05-28 15:00:00.000,2011,5,28,15,VRB02KT,13,11
2011-05-28 16:00:00.000,2011,5,28,16,10006KT,15,11
2011-05-28 17:00:00.000,2011,5,28,17,13005KT,15,10
2011-05-28 18:00:00.000,2011,5,28,18,12007KT,17,11
2011-05-28 19:00:00.000,2011,5,28,19,13010KT,18,10
2011-05-28 20:00:00.000,2011,5,28,20,12011KT,18,10
2011-05-28 21:00:00.000,2011,5,28,21,11007KT,18,09
2011-05-28 22:00:00.000,2011,5,28,22,10008KT,17,10
2011-05-28 23:00:00.000,2011,5,28,23,10004KT,16,10
2011-05-29 00:00:00.000,2011,5,29,0,06006KT,15,10
2011-05-29 01:00:00.000,2011,5,29,1,VRB02KT,15,10
2011-05-29 02:00:00.000,2011,5,29,2,07003KT,14,10
2011-05-29 03:00:00.000,2011,5,29,3,VRB02KT,13,10
2011-05-29 04:00:00.000,2011,5,29,4,04003KT,13,10
2011-05-29 05:00:00.000,2011,5,29,5,VRB02KT,12,10
2011-05-29 06:00:00.000,2011,5,29,6,36004KT,12,10
2011-05-29 07:00:00.000,2011,5,29,7,03003KT,12,10
2011-05-29 08:00:00.000,2011,5,29,8,29003KT,10,09
2011-05-29 09:00:00.000,2011,5,29,9,34003KT,11,10
2011-05-29 10:00:00.000,2011,5,29,10,VRB02KT,11,10
2011-05-29 10:30:00.000,2011,5,29,10,VRB02KT,11,10
2011-05-29 11:00:00.000,2011,5,29,11,00000KT,11,10
2011-05-29 11:00:00.000,2011,5,29,11,00000KT,11,10
2011-05-29 11:06:00.000,2011,5,29,11,00000KT,,
2011-05-29 12:00:00.000,2011,5,29,12,03004KT,12,11
2011-05-29 13:00:00.000,2011,5,29,13,08005KT,13,10
2011-05-29 14:00:00.000,2011,5,29,14,05003KT,15,11
2011-05-29 14:20:00.000,2011,5,29,14,11003KT,14,11
2011-05-29 15:00:00.000,2011,5,29,15,08003KT,13,12
2011-05-29 16:00:00.000,2011,5,29,16,00000KT,14,12
2011-05-29 17:00:00.000,2011,5,29,17,07004KT,14,13
2011-05-29 18:00:00.000,2011,5,29,18,12006KT,16,13
2011-05-29 19:00:00.000,2011,5,29,19,12006KT,16,13
2011-05-29 20:00:00.000,2011,5,29,20,20004KT,17,11
2011-05-29 21:00:00.000,2011,5,29,21,VRB02KT,16,13
2011-05-29 22:00:00.000,2011,5,29,22,12008KT,17,11
2011-05-29 23:00:00.000,2011,5,29,23,15008KT,16,11
2011-05-30 00:00:00.000,2011,5,30,0,14004KT,14,09
2011-05-30 01:00:00.000,2011,5,30,1,05004KT,13,10
2011-05-30 02:00:00.000,2011,5,30,2,04005KT,13,10
2011-05-30 03:00:00.000,2011,5,30,3,08004KT,13,10
2011-05-30 04:00:00.000,2011,5,30,4,04004KT,13,10
2011-05-30 05:00:00.000,2011,5,30,5,VRB02KT,12,11
2011-05-30 06:00:00.000,2011,5,30,6,04006KT,12,11
2011-05-30 07:00:00.000,2011,5,30,7,04006KT,12,11
2011-05-30 08:00:00.000,2011,5,30,8,04005KT,12,10
2011-05-30 09:00:00.000,2011,5,30,9,07006KT,12,11
2011-05-30 10:00:00.000,2011,5,30,10,05006KT,12,11
2011-05-30 11:00:00.000,2011,5,30,11,06006KT,12,11
2011-05-30 12:00:00.000,2011,5,30,12,03006KT,13,11
2011-05-30 13:00:00.000,2011,5,30,13,06007KT,15,11
2011-05-30 14:00:00.000,2011,5,30,14,04006KT,15,11
2011-05-30 15:00:00.000,2011,5,30,15,04006KT,15,11
2011-05-30 16:00:00.000,2011,5,30,16,02004KT,16,11
2011-05-30 17:00:00.000,2011,5,30,17,36006KT,15,12
2011-05-30 18:00:00.000,2011,5,30,18,02004KT,15,13
2011-05-30 19:00:00.000,2011,5,30,19,18014KT,28,21
2011-05-30 20:00:00.000,2011,5,30,20,21008KT,17,13
2011-05-30 22:00:00.000,2011,5,30,22,12008KT,16,12
2011-05-30 23:00:00.000,2011,5,30,23,10006KT,16,12
2011-05-31 00:00:00.000,2011,5,31,0,10008KT,15,11
2011-05-31 01:00:00.000,2011,5,31,1,09008KT,14,11
2011-05-31 02:00:00.000,2011,5,31,2,08006KT,14,11
2011-05-31 03:00:00.000,2011,5,31,3,10005KT,14,10
2011-05-31 04:00:00.000,2011,5,31,4,VRB02KT,13,10
2011-05-31 05:00:00.000,2011,5,31,5,36004KT,13,11
2011-05-31 06:00:00.000,2011,5,31,6,VRB02KT,13,10
2011-05-31 07:00:00.000,2011,5,31,7,04003KT,12,11
2011-05-31 08:00:00.000,2011,5,31,8,00000KT,12,10
2011-05-31 09:00:00.000,2011,5,31,9,03004KT,12,11
2011-05-31 10:00:00.000,2011,5,31,10,01003KT,12,11
2011-05-31 11:00:00.000,2011,5,31,11,03005KT,13,11
2011-05-31 12:00:00.000,2011,5,31,12,03006KT,15,11
2011-05-31 13:00:00.000,2011,5,31,13,03004KT,15,12
2011-05-31 14:00:00.000,2011,5,31,14,03004KT,15,12
2011-05-31 15:00:00.000,2011,5,31,15,12010KT,17,12
2011-05-31 16:00:00.000,2011,5,31,16,14008KT,18,11
2011-05-31 17:00:00.000,2011,5,31,17,14008KT,18,11
2011-05-31 18:00:00.000,2011,5,31,18,16012KT,19,10
2011-05-31 19:00:00.000,2011,5,31,19,12008KT,20,10
2011-05-31 20:00:00.000,2011,5,31,20,15012KT,20,10
2011-05-31 21:00:00.000,2011,5,31,21,15012KT,19,10
2011-05-31 22:00:00.000,2011,5,31,22,16010KT,19,09
2011-05-31 23:00:00.000,2011,5,31,23,15010KT,17,10
2011-06-01 00:00:00.000,2011,6,1,0,15007KT,15,08
2011-06-01 01:00:00.000,2011,6,1,1,VRB02KT,12,11
2011-06-01 02:00:00.000,2011,6,1,2,VRB02KT,13,12
2011-06-01 03:00:00.000,2011,6,1,3,VRB02KT,13,12
2011-06-01 04:00:00.000,2011,6,1,4,VRB02KT,11,10
2011-06-01 05:00:00.000,2011,6,1,5,00000KT,13,12
2011-06-01 06:00:00.000,2011,6,1,6,VRB02KT,12,12
2011-06-01 07:00:00.000,2011,6,1,7,00000KT,12,12
2011-06-01 08:00:00.000,2011,6,1,8,VRB02KT,12,12
2011-06-01 09:00:00.000,2011,6,1,9,VRB02KT,12,12
2011-06-01 10:00:00.000,2011,6,1,10,VRB02KT,12,11
2011-06-01 11:00:00.000,2011,6,1,11,03003KT,11,10
2011-06-01 12:00:00.000,2011,6,1,12,32004KT,12,12
2011-06-01 13:00:00.000,2011,6,1,13,28006KT,14,12
2011-06-01 14:00:00.000,2011,6,1,14,30003KT,14,12
2011-06-01 15:00:00.000,2011,6,1,15,03003KT,16,12
2011-06-01 16:00:00.000,2011,6,1,16,08004KT,18,11
2011-06-01 17:00:00.000,2011,6,1,17,13004KT,18,11
2011-06-01 18:00:00.000,2011,6,1,18,04007KT,17,12
2011-06-01 19:00:00.000,2011,6,1,19,33006KT,29,25
2011-06-01 21:00:00.000,2011,6,1,21,30009KT,16,13
2011-06-01 23:00:00.000,2011,6,1,23,31004KT,14,13
2011-06-02 00:00:00.000,2011,6,2,0,24005KT,14,12
2011-06-02 01:00:00.000,2011,6,2,1,34004KT,14,12
2011-06-02 02:00:00.000,2011,6,2,2,34004KT,13,12
2011-06-02 03:00:00.000,2011,6,2,3,00000KT,13,11
2011-06-02 04:00:00.000,2011,6,2,4,35003KT,13,12
2011-06-02 05:00:00.000,2011,6,2,5,24004KT,13,12
2011-06-02 06:00:00.000,2011,6,2,6,34003KT,13,12
2011-06-02 07:00:00.000,2011,6,2,7,01003KT,12,12
2011-06-02 08:00:00.000,2011,6,2,8,00000KT,12,12
2011-06-02 09:00:00.000,2011,6,2,9,VRB02KT,12,12
2011-06-02 10:00:00.000,2011,6,2,10,00000KT,11,11
2011-06-02 11:00:00.000,2011,6,2,11,00000KT,12,11
2011-06-02 12:00:00.000,2011,6,2,12,VRB02KT,13,12
2011-06-02 13:00:00.000,2011,6,2,13,01003KT,15,12
2011-06-02 14:00:00.000,2011,6,2,14,34004KT,16,12
2011-06-02 15:00:00.000,2011,6,2,15,02005KT,17,12
2011-06-02 16:00:00.000,2011,6,2,16,34003KT,19,12
2011-06-02 17:00:00.000,2011,6,2,17,25011KT,18,13
2011-06-02 18:00:00.000,2011,6,2,18,24011KT,18,13
2011-06-02 19:00:00.000,2011,6,2,19,27010KT,17,14
2011-06-02 20:00:00.000,2011,6,2,20,28008KT,16,13
2011-06-02 21:00:00.000,2011,6,2,21,24006KT,15,13
2011-06-02 22:00:00.000,2011,6,2,22,22006KT,15,13
2011-06-02 23:00:00.000,2011,6,2,23,22006KT,15,13
2011-06-03 01:00:00.000,2011,6,3,1,VRB02KT,14,12
2011-06-03 02:00:00.000,2011,6,3,2,19005KT,14,12
2011-06-03 03:00:00.000,2011,6,3,3,14010KT,13,12
2011-06-03 04:00:00.000,2011,6,3,4,VRB02KT,12,12
2011-06-03 05:00:00.000,2011,6,3,5,00000KT,12,12
2011-06-03 06:00:00.000,2011,6,3,6,03007KT,12,12
2011-06-03 08:00:00.000,2011,6,3,8,34003KT,12,11
2011-06-03 09:00:00.000,2011,6,3,9,VRB02KT,12,11
2011-06-03 10:00:00.000,2011,6,3,10,VRB02KT,12,11
2011-06-03 11:00:00.000,2011,6,3,11,VRB02KT,12,12
2011-06-03 12:00:00.000,2011,6,3,12,VRB02KT,13,12
2011-06-03 13:00:00.000,2011,6,3,13,21003KT,14,12
2011-06-03 14:00:00.000,2011,6,3,14,29006KT,16,11
2011-06-03 15:00:00.000,2011,6,3,15,33006KT,16,11
2011-06-03 16:00:00.000,2011,6,3,16,33003KT,17,11
2011-06-03 17:00:00.000,2011,6,3,17,04004KT,17,12
2011-06-03 18:00:00.000,2011,6,3,18,VRB02KT,14,13
2011-06-03 19:00:00.000,2011,6,3,19,01003KT,14,12
2011-06-03 20:00:00.000,2011,6,3,20,02003KT,16,12
2011-06-03 21:00:00.000,2011,6,3,21,03004KT,16,12
2011-06-03 22:00:00.000,2011,6,3,22,35005KT,16,12
2011-06-03 23:00:00.000,2011,6,3,23,25005KT,15,13
2011-06-04 00:00:00.000,2011,6,4,0,24007KT,14,12
2011-06-04 01:00:00.000,2011,6,4,1,VRB02KT,13,12
2011-06-04 02:00:00.000,2011,6,4,2,VRB02KT,13,12
2011-06-04 03:00:00.000,2011,6,4,3,31003KT,13,12
2011-06-04 04:00:00.000,2011,6,4,4,25003KT,13,12
2011-06-04 05:00:00.000,2011,6,4,5,34003KT,12,12
2011-06-04 06:00:00.000,2011,6,4,6,VRB02KT,12,12
2011-06-04 07:00:00.000,2011,6,4,7,VRB02KT,12,12
2011-06-04 08:00:00.000,2011,6,4,8,VRB02KT,12,12
2011-06-04 09:00:00.000,2011,6,4,9,32003KT,12,12
2011-06-04 10:00:00.000,2011,6,4,10,33003KT,12,12
2011-06-04 11:00:00.000,2011,6,4,11,VRB02KT,12,12
2011-06-04 12:00:00.000,2011,6,4,12,VRB02KT,13,12
2011-06-04 13:00:00.000,2011,6,4,13,03003KT,12,12
2011-06-04 14:00:00.000,2011,6,4,14,04004KT,12,12
2011-06-04 15:00:00.000,2011,6,4,15,02005KT,13,12
2011-06-04 16:00:00.000,2011,6,4,16,01003KT,14,12
2011-06-04 17:00:00.000,2011,6,4,17,VRB02KT,15,12
2011-06-04 18:00:00.000,2011,6,4,18,20005KT,14,11
2011-06-04 19:00:00.000,2011,6,4,19,18006KT,14,12
2011-06-04 20:00:00.000,2011,6,4,20,17009KT,15,11
2011-06-04 21:00:00.000,2011,6,4,21,18005KT,15,10
2011-06-04 22:00:00.000,2011,6,4,22,18005KT,15,10
2011-06-04 23:00:00.000,2011,6,4,23,26004KT,13,12
2011-06-05 00:00:00.000,2011,6,5,0,VRB02KT,13,11
2011-06-05 01:00:00.000,2011,6,5,1,VRB02KT,13,11
2011-06-05 02:00:00.000,2011,6,5,2,VRB02KT,13,11
2011-06-05 03:00:00.000,2011,6,5,3,03004KT,13,10
2011-06-05 04:00:00.000,2011,6,5,4,03006KT,12,10
2011-06-05 05:00:00.000,2011,6,5,5,03004KT,12,10
2011-06-05 06:00:00.000,2011,6,5,6,VRB02KT,12,10
2011-06-05 07:00:00.000,2011,6,5,7,03004KT,12,11
2011-06-05 08:00:00.000,2011,6,5,8,24004KT,12,10
2011-06-05 09:00:00.000,2011,6,5,9,VRB02KT,12,11
2011-06-05 10:00:00.000,2011,6,5,10,00000KT,12,10
2011-06-05 11:00:00.000,2011,6,5,11,05004KT,12,11
2011-06-05 12:00:00.000,2011,6,5,12,03004KT,12,11
2011-06-05 13:00:00.000,2011,6,5,13,05004KT,13,11
2011-06-05 14:00:00.000,2011,6,5,14,19010KT,16,10
2011-06-05 15:00:00.000,2011,6,5,15,04003KT,16,09
2011-06-05 16:00:00.000,2011,6,5,16,30007KT,18,09
2011-06-05 17:00:00.000,2011,6,5,17,30005KT,19,10
2011-06-05 18:00:00.000,2011,6,5,18,23010KT,19,13
2011-06-05 19:00:00.000,2011,6,5,19,27012KT,18,13
2011-06-05 20:00:00.000,2011,6,5,20,25009KT,18,12
2011-06-05 21:00:00.000,2011,6,5,21,26007KT,16,12
2011-06-05 22:00:00.000,2011,6,5,22,29005KT,15,12
2011-06-05 23:00:00.000,2011,6,5,23,33006KT,14,12
2011-06-06 00:00:00.000,2011,6,6,0,32004KT,14,12
2011-06-06 01:00:00.000,2011,6,6,1,02004KT,13,12
2011-06-06 02:00:00.000,2011,6,6,2,VRB02KT,13,12
2011-06-06 03:00:00.000,2011,6,6,3,06004KT,13,10
2011-06-06 04:00:00.000,2011,6,6,4,VRB02KT,13,10
2011-06-06 05:00:00.000,2011,6,6,5,VRB02KT,13,10
2011-06-06 06:00:00.000,2011,6,6,6,36004KT,13,11
2011-06-06 07:00:00.000,2011,6,6,7,00000KT,12,11
2011-06-06 08:00:00.000,2011,6,6,8,VRB02KT,12,11
2011-06-06 10:00:00.000,2011,6,6,10,VRB02KT,11,10
2011-06-06 11:00:00.000,2011,6,6,11,VRB02KT,10,10
2011-06-06 12:00:00.000,2011,6,6,12,03005KT,13,11
2011-06-06 13:00:00.000,2011,6,6,13,03006KT,12,11
2011-06-06 14:00:00.000,2011,6,6,14,07004KT,15,12
2011-06-06 15:00:00.000,2011,6,6,15,VRB02KT,18,11
2011-06-06 16:00:00.000,2011,6,6,16,35003KT,19,11
2011-06-06 17:00:00.000,2011,6,6,17,27003KT,21,09
2011-06-06 18:00:00.000,2011,6,6,18,32006KT,21,09
2011-06-06 19:00:00.000,2011,6,6,19,27012KT,20,13
2011-06-06 20:00:00.000,2011,6,6,20,30012KT,19,13
2011-06-06 21:00:00.000,2011,6,6,21,25004KT,17,14
2011-06-06 22:00:00.000,2011,6,6,22,VRB02KT,16,13
2011-06-06 23:00:00.000,2011,6,6,23,VRB02KT,16,13
2011-06-07 00:00:00.000,2011,6,7,0,32005KT,15,13
2011-06-07 01:00:00.000,2011,6,7,1,00000KT,15,13
2011-06-07 02:00:00.000,2011,6,7,2,18006KT,14,12
2011-06-07 03:00:00.000,2011,6,7,3,VRB02KT,14,12
2011-06-07 04:00:00.000,2011,6,7,4,02005KT,14,12
2011-06-07 05:00:00.000,2011,6,7,5,04004KT,14,12
2011-06-07 06:00:00.000,2011,6,7,6,36005KT,13,11
2011-06-07 07:00:00.000,2011,6,7,7,04005KT,13,11
2011-06-07 08:00:00.000,2011,6,7,8,03007KT,12,11
2011-06-07 09:00:00.000,2011,6,7,9,29003KT,11,10
2011-06-07 10:00:00.000,2011,6,7,10,00000KT,10,09
2011-06-07 11:00:00.000,2011,6,7,11,VRB02KT,11,10
2011-06-07 12:00:00.000,2011,6,7,12,04005KT,12,10
2011-06-07 13:00:00.000,2011,6,7,13,VRB02KT,14,11
2011-06-07 14:00:00.000,2011,6,7,14,VRB02KT,15,11
2011-06-07 15:00:00.000,2011,6,7,15,VRB02KT,18,10
2011-06-07 16:00:00.000,2011,6,7,16,VRB02KT,19,11
2011-06-07 17:00:00.000,2011,6,7,17,02007KT,21,12
2011-06-07 18:00:00.000,2011,6,7,18,25010KT,18,14
2011-06-07 19:00:00.000,2011,6,7,19,26012KT,19,13
2011-06-07 20:00:00.000,2011,6,7,20,27010KT,19,14
2011-06-07 22:00:00.000,2011,6,7,22,27008KT,15,14
2011-06-07 23:00:00.000,2011,6,7,23,32004KT,15,14
2011-06-08 00:00:00.000,2011,6,8,0,35003KT,14,13
2011-06-08 01:00:00.000,2011,6,8,1,VRB02KT,13,13
2011-06-08 02:00:00.000,2011,6,8,2,00000KT,13,12
2011-06-08 03:00:00.000,2011,6,8,3,35003KT,12,11
2011-06-08 04:00:00.000,2011,6,8,4,06005KT,12,10
2011-06-08 05:00:00.000,2011,6,8,5,06005KT,12,10
2011-06-08 06:00:00.000,2011,6,8,6,04005KT,12,10
2011-06-08 07:00:00.000,2011,6,8,7,03004KT,12,10
2011-06-08 08:00:00.000,2011,6,8,8,35004KT,11,10
2011-06-08 09:00:00.000,2011,6,8,9,00000KT,10,09
2011-06-08 10:00:00.000,2011,6,8,10,03005KT,10,09
2011-06-08 11:00:00.000,2011,6,8,11,07004KT,12,09
2011-06-08 12:00:00.000,2011,6,8,12,VRB02KT,13,10
2011-06-08 13:00:00.000,2011,6,8,13,VRB02KT,15,11
2011-06-08 14:00:00.000,2011,6,8,14,34004KT,16,12
2011-06-08 15:00:00.000,2011,6,8,15,34004KT,17,11
2011-06-08 16:00:00.000,2011,6,8,16,03007KT,17,11
2011-06-08 17:00:00.000,2011,6,8,17,07005KT,17,12
2011-06-08 18:00:00.000,2011,6,8,18,08008KT,19,10
2011-06-08 19:00:00.000,2011,6,8,19,09006KT,19,09
2011-06-08 20:00:00.000,2011,6,8,20,09008KT,19,08
2011-06-08 21:00:00.000,2011,6,8,21,VRB02KT,19,13
2011-06-08 22:00:00.000,2011,6,8,22,27006KT,16,13
2011-06-08 23:00:00.000,2011,6,8,23,21004KT,15,13
2011-06-09 00:00:00.000,2011,6,9,0,34003KT,15,13
2011-06-09 01:00:00.000,2011,6,9,1,05006KT,15,11
2011-06-09 02:00:00.000,2011,6,9,2,04006KT,15,11
2011-06-09 03:00:00.000,2011,6,9,3,04005KT,14,11
2011-06-09 04:00:00.000,2011,6,9,4,04004KT,14,11
2011-06-09 05:00:00.000,2011,6,9,5,06004KT,13,11
2011-06-09 06:00:00.000,2011,6,9,6,02004KT,13,11
2011-06-09 07:00:00.000,2011,6,9,7,04005KT,13,11
2011-06-09 08:00:00.000,2011,6,9,8,04007KT,13,11
2011-06-09 09:00:00.000,2011,6,9,9,06003KT,13,10
2011-06-09 10:00:00.000,2011,6,9,10,03006KT,13,11
2011-06-09 11:00:00.000,2011,6,9,11,05007KT,13,11
2011-06-09 12:00:00.000,2011,6,9,12,06004KT,14,11
2011-06-09 13:00:00.000,2011,6,9,13,06006KT,15,10
2011-06-09 14:00:00.000,2011,6,9,14,03003KT,17,10
2011-06-09 15:00:00.000,2011,6,9,15,02008KT,17,11
2011-06-09 16:00:00.000,2011,6,9,16,08002KT,19,11
2011-06-09 17:00:00.000,2011,6,9,17,13008KT,19,10
2011-06-09 18:00:00.000,2011,6,9,18,12016KT,20,10
2011-06-09 19:00:00.000,2011,6,9,19,10011KT,19,09
2011-06-09 20:00:00.000,2011,6,9,20,07007KT,20,10
2011-06-09 21:00:00.000,2011,6,9,21,01006KT,19,11
2011-06-09 22:00:00.000,2011,6,9,22,20006KT,18,13
2011-06-09 23:00:00.000,2011,6,9,23,20004KT,15,13
2011-06-10 00:00:00.000,2011,6,10,0,31005KT,14,11
2011-06-10 01:00:00.000,2011,6,10,1,21003KT,14,12
2011-06-10 02:00:00.000,2011,6,10,2,32003KT,13,11
2011-06-10 03:00:00.000,2011,6,10,3,VRB02KT,12,12
2011-06-10 04:00:00.000,2011,6,10,4,03004KT,12,10
2011-06-10 05:00:00.000,2011,6,10,5,04005KT,13,10
2011-06-10 06:00:00.000,2011,6,10,6,32003KT,10,09
2011-06-10 07:00:00.000,2011,6,10,7,04004KT,12,10
2011-06-10 08:00:00.000,2011,6,10,8,VRB02KT,12,10
2011-06-10 09:00:00.000,2011,6,10,9,VRB02KT,11,10
2011-06-10 10:00:00.000,2011,6,10,10,05003KT,11,10
2011-06-10 11:00:00.000,2011,6,10,11,07004KT,11,10
2011-06-10 12:00:00.000,2011,6,10,12,04007KT,12,10
2011-06-10 13:00:00.000,2011,6,10,13,05009KT,13,10
2011-06-10 14:00:00.000,2011,6,10,14,06011KT,15,10
2011-06-10 15:00:00.000,2011,6,10,15,10010KT,18,10
2011-06-10 16:00:00.000,2011,6,10,16,12014KT,19,10
2011-06-10 17:00:00.000,2011,6,10,17,14012KT,20,10
2011-06-10 18:00:00.000,2011,6,10,18,14012KT,19,09
2011-06-10 19:00:00.000,2011,6,10,19,12012KT,19,09
2011-06-10 20:00:00.000,2011,6,10,20,12008KT,18,10
2011-06-10 20:20:00.000,2011,6,10,20,08007KT,16,11
2011-06-10 21:00:00.000,2011,6,10,21,02006KT,14,12
2011-06-10 22:00:00.000,2011,6,10,22,03008KT,15,12
2011-06-10 23:00:00.000,2011,6,10,23,05005KT,15,11
2011-06-11 00:00:00.000,2011,6,11,0,10008KT,14,09
2011-06-11 01:00:00.000,2011,6,11,1,08006KT,14,09
2011-06-11 02:00:00.000,2011,6,11,2,12008KT,13,09
2011-06-11 03:00:00.000,2011,6,11,3,10006KT,13,09
2011-06-11 04:00:00.000,2011,6,11,4,12005KT,13,09
2011-06-11 05:00:00.000,2011,6,11,5,09004KT,12,09
2011-06-11 06:00:00.000,2011,6,11,6,VRB02KT,12,09
2011-06-11 07:00:00.000,2011,6,11,7,15006KT,12,09
2011-06-11 08:00:00.000,2011,6,11,8,VRB02KT,12,09
2011-06-11 09:00:00.000,2011,6,11,9,00000KT,12,10
2011-06-11 10:00:00.000,2011,6,11,10,VRB02KT,12,10
2011-06-11 10:30:00.000,2011,6,11,10,VRB02KT,12,10
2011-06-11 11:00:00.000,2011,6,11,11,00000KT,12,11
2011-06-11 12:00:00.000,2011,6,11,12,08004KT,14,10
2011-06-11 13:00:00.000,2011,6,11,13,05006KT,16,10
2011-06-11 14:00:00.000,2011,6,11,14,14008KT,17,09
2011-06-11 15:00:00.000,2011,6,11,15,16012KT,17,09
2011-06-11 16:00:00.000,2011,6,11,16,16015KT,17,09
2011-06-11 17:00:00.000,2011,6,11,17,16012KT,17,09
2011-06-11 18:00:00.000,2011,6,11,18,12014KT,18,09
2011-06-11 19:00:00.000,2011,6,11,19,15015KT,19,09
2011-06-11 20:00:00.000,2011,6,11,20,13012KT,19,09
2011-06-11 21:00:00.000,2011,6,11,21,14012KT,18,09
2011-06-11 22:00:00.000,2011,6,11,22,15012KT,17,09
2011-06-11 23:00:00.000,2011,6,11,23,14010KT,16,09
2011-06-12 00:00:00.000,2011,6,12,0,13008KT,15,10
2011-06-12 01:00:00.000,2011,6,12,1,19010KT,15,10
2011-06-12 02:00:00.000,2011,6,12,2,08005KT,14,10
2011-06-12 03:00:00.000,2011,6,12,3,06006KT,14,10
2011-06-12 04:00:00.000,2011,6,12,4,08008KT,14,10
2011-06-12 05:00:00.000,2011,6,12,5,10007KT,14,10
2011-06-12 06:00:00.000,2011,6,12,6,07006KT,13,10
2011-06-12 07:00:00.000,2011,6,12,7,09007KT,13,10
2011-06-12 08:00:00.000,2011,6,12,8,30005KT,13,10
2011-06-12 09:00:00.000,2011,6,12,9,10010KT,13,09
2011-06-12 10:00:00.000,2011,6,12,10,13008KT,13,08
2011-06-12 10:30:00.000,2011,6,12,10,11006KT,13,09
2011-06-12 11:00:00.000,2011,6,12,11,12006KT,13,10
2011-06-12 12:00:00.000,2011,6,12,12,12008KT,14,09
2011-06-12 13:00:00.000,2011,6,12,13,13011KT,15,09
2011-06-12 14:00:00.000,2011,6,12,14,11006KT,16,10
2011-06-12 15:00:00.000,2011,6,12,15,11016KT,19,09
2011-06-12 16:00:00.000,2011,6,12,16,11016KT,17,09
2011-06-12 17:00:00.000,2011,6,12,17,14012KT,18,09
2011-06-12 18:00:00.000,2011,6,12,18,15015KT,17,10
2011-06-12 19:00:00.000,2011,6,12,19,15018KT,18,09
2011-06-12 20:00:00.000,2011,6,12,20,14015KT,18,09
2011-06-12 21:00:00.000,2011,6,12,21,12010KT,18,09
2011-06-12 22:00:00.000,2011,6,12,22,10010KT,17,10
2011-06-12 23:00:00.000,2011,6,12,23,09008KT,16,10
2011-06-13 00:00:00.000,2011,6,13,0,11009KT,14,08
2011-06-13 01:00:00.000,2011,6,13,1,10008KT,14,08
2011-06-13 02:00:00.000,2011,6,13,2,12008KT,14,09
2011-06-13 03:00:00.000,2011,6,13,3,16006KT,14,11
2011-06-13 04:00:00.000,2011,6,13,4,00000KT,13,11
2011-06-13 05:00:00.000,2011,6,13,5,07004KT,13,11
2011-06-13 06:00:00.000,2011,6,13,6,VRB02KT,13,11
2011-06-13 07:00:00.000,2011,6,13,7,02004KT,13,11
2011-06-13 08:00:00.000,2011,6,13,8,04004KT,12,11
2011-06-13 09:00:00.000,2011,6,13,9,05003KT,12,11
2011-06-13 10:00:00.000,2011,6,13,10,VRB02KT,12,11
2011-06-13 10:30:00.000,2011,6,13,10,VRB02KT,12,11
2011-06-13 11:00:00.000,2011,6,13,11,VRB02KT,12,11
2011-06-13 12:00:00.000,2011,6,13,12,17007KT,15,12
2011-06-13 13:00:00.000,2011,6,13,13,18008KT,15,12
2011-06-13 14:00:00.000,2011,6,13,14,14014KT,16,10
2011-06-13 15:00:00.000,2011,6,13,15,15010KT,17,09
2011-06-13 16:00:00.000,2011,6,13,16,14015KT,18,10
2011-06-13 17:00:00.000,2011,6,13,17,15016KT,18,11
2011-06-13 18:00:00.000,2011,6,13,18,15018KT,18,09
2011-06-13 19:00:00.000,2011,6,13,19,14015KT,19,10
2011-06-13 20:00:00.000,2011,6,13,20,13016KT,18,10
2011-06-13 21:00:00.000,2011,6,13,21,13014KT,17,09
2011-06-13 22:00:00.000,2011,6,13,22,15013KT,17,09
2011-06-13 23:00:00.000,2011,6,13,23,13010KT,16,10
2011-06-14 00:00:00.000,2011,6,14,0,20005KT,14,12
2011-06-14 01:00:00.000,2011,6,14,1,12008KT,15,10
2011-06-14 02:00:00.000,2011,6,14,2,09009KT,14,11
2011-06-14 03:00:00.000,2011,6,14,3,05007KT,14,11
2011-06-14 04:00:00.000,2011,6,14,4,04004KT,13,11
2011-06-14 05:00:00.000,2011,6,14,5,VRB02KT,13,10
2011-06-14 06:00:00.000,2011,6,14,6,VRB02KT,13,10
2011-06-14 07:00:00.000,2011,6,14,7,34003KT,12,10
2011-06-14 08:00:00.000,2011,6,14,8,13006KT,13,10
2011-06-14 09:00:00.000,2011,6,14,9,11009KT,14,09
2011-06-14 10:00:00.000,2011,6,14,10,13008KT,14,09
2011-06-14 10:28:00.000,2011,6,14,10,10008KT,14,09
2011-06-14 11:00:00.000,2011,6,14,11,09008KT,14,09
2011-06-14 12:00:00.000,2011,6,14,12,07006KT,14,10
2011-06-14 14:00:00.000,2011,6,14,14,16012KT,16,10
2011-06-14 15:00:00.000,2011,6,14,15,12016KT,17,10
2011-06-14 16:00:00.000,2011,6,14,16,12012KT,17,09
2011-06-14 17:00:00.000,2011,6,14,17,16014KT,17,09
2011-06-14 18:00:00.000,2011,6,14,18,12010KT,18,09
2011-06-14 20:00:00.000,2011,6,14,20,19014KT,17,08
2011-06-14 21:00:00.000,2011,6,14,21,15008KT,17,08
2011-06-14 22:00:00.000,2011,6,14,22,13009KT,17,08
2011-06-14 23:00:00.000,2011,6,14,23,09005KT,16,08
2011-06-15 00:00:00.000,2011,6,15,0,16006KT,15,07
2011-06-15 01:00:00.000,2011,6,15,1,VRB02KT,13,07
2011-06-15 02:00:00.000,2011,6,15,2,00000KT,13,09
2011-06-15 03:00:00.000,2011,6,15,3,07003KT,13,09
2011-06-15 04:00:00.000,2011,6,15,4,09003KT,12,09
2011-06-15 05:00:00.000,2011,6,15,5,27003KT,11,08
2011-06-15 06:00:00.000,2011,6,15,6,05004KT,11,08
2011-06-15 07:00:00.000,2011,6,15,7,04054KT,12,09
2011-06-15 08:00:00.000,2011,6,15,8,04006KT,12,09
2011-06-15 09:00:00.000,2011,6,15,9,VRB02KT,12,09
2011-06-15 10:00:00.000,2011,6,15,10,34003KT,11,09
2011-06-15 11:00:00.000,2011,6,15,11,05005KT,11,09
2011-06-15 12:00:00.000,2011,6,15,12,09007KT,12,10
2011-06-15 12:35:00.000,2011,6,15,12,11010KT,15,08
2011-06-15 13:00:00.000,2011,6,15,13,10012KT,16,08
2011-06-15 14:00:00.000,2011,6,15,14,13012KT,17,08
2011-06-15 15:00:00.000,2011,6,15,15,13017KT,18,07
2011-06-15 16:00:00.000,2011,6,15,16,15010KT,18,07
2011-06-15 17:00:00.000,2011,6,15,17,13009KT,18,07
2011-06-15 18:00:00.000,2011,6,15,18,13012KT,19,07
2011-06-15 19:00:00.000,2011,6,15,19,11015KT,20,07
2011-06-15 20:00:00.000,2011,6,15,20,15014KT,19,06
2011-06-15 21:00:00.000,2011,6,15,21,16007KT,18,06
2011-06-15 22:00:00.000,2011,6,15,22,08010KT,17,06
2011-06-15 23:00:00.000,2011,6,15,23,30005KT,16,09
2011-06-16 00:00:00.000,2011,6,16,0,32005KT,13,10
2011-06-16 01:00:00.000,2011,6,16,1,34004KT,12,10
2011-06-16 02:00:00.000,2011,6,16,2,28003KT,12,10
2011-06-16 03:00:00.000,2011,6,16,3,VRB02KT,11,10
2011-06-16 04:00:00.000,2011,6,16,4,34003KT,11,10
2011-06-16 05:00:00.000,2011,6,16,5,VRB02KT,11,10
2011-06-16 06:00:00.000,2011,6,16,6,06003KT,11,09
2011-06-16 07:00:00.000,2011,6,16,7,33003KT,10,09
2011-06-16 08:00:00.000,2011,6,16,8,06003KT,11,09
2011-06-16 09:00:00.000,2011,6,16,9,03007KT,11,09
2011-06-16 10:00:00.000,2011,6,16,10,040005T,11,09
2011-06-16 10:30:00.000,2011,6,16,10,01003KT,11,09
2011-06-16 11:00:00.000,2011,6,16,11,05005KT,11,09
2011-06-16 11:30:00.000,2011,6,16,11,06004KT,11,09
2011-06-16 12:00:00.000,2011,6,16,12,05006KT,11,09
2011-06-16 12:10:00.000,2011,6,16,12,04006KT,11,09
2011-06-16 12:20:00.000,2011,6,16,12,03006KT,11,10
2011-06-16 12:30:00.000,2011,6,16,12,04005KT,11,10
2011-06-16 12:40:00.000,2011,6,16,12,03006KT,12,10
2011-06-16 12:50:00.000,2011,6,16,12,05005KT,12,10
2011-06-16 13:00:00.000,2011,6,16,13,04006KT,12,11
2011-06-16 13:10:00.000,2011,6,16,13,03005KT,13,10
2011-06-16 13:20:00.000,2011,6,16,13,04005KT,13,10
2011-06-16 13:30:00.000,2011,6,16,13,04005KT,13,10
2011-06-16 13:40:00.000,2011,6,16,13,05005KT,13,10
2011-06-16 13:50:00.000,2011,6,16,13,04006KT,13,10
2011-06-16 14:00:00.000,2011,6,16,14,04007KT,14,10
2011-06-16 14:10:00.000,2011,6,16,14,03006KT,14,10
2011-06-16 14:20:00.000,2011,6,16,14,03006KT,14,11
2011-06-16 14:30:00.000,2011,6,16,14,03007KT,15,11
2011-06-16 14:40:00.000,2011,6,16,14,03008KT,14,12
2011-06-16 14:50:00.000,2011,6,16,14,03008KT,15,11
2011-06-16 15:00:00.000,2011,6,16,15,04007KT,15,11
2011-06-16 15:00:00.000,2011,6,16,15,04007KT,15,11
2011-06-16 15:10:00.000,2011,6,16,15,03009KT,15,11
2011-06-16 15:20:00.000,2011,6,16,15,02006KT,15,11
2011-06-16 15:30:00.000,2011,6,16,15,02006KT,15,11
2011-06-16 15:40:00.000,2011,6,16,15,02005KT,15,11
2011-06-16 15:50:00.000,2011,6,16,15,02006KT,15,11
2011-06-16 16:00:00.000,2011,6,16,16,03006KT,15,11
2011-06-16 16:10:00.000,2011,6,16,16,03006KT,15,11
2011-06-16 16:20:00.000,2011,6,16,16,02005KT,15,11
2011-06-16 16:30:00.000,2011,6,16,16,02006KT,15,11
2011-06-16 16:40:00.000,2011,6,16,16,02004KT,15,11
2011-06-16 16:50:00.000,2011,6,16,16,32005KT,15,11
2011-06-16 17:00:00.000,2011,6,16,17,30005KT,15,11
2011-06-16 17:08:00.000,2011,6,16,17,32005KT,16,11
2011-06-16 17:17:00.000,2011,6,16,17,28003KT,16,11
2011-06-16 17:28:00.000,2011,6,16,17,30003KT,16,11
2011-06-16 17:38:00.000,2011,6,16,17,14005KT,17,10
2011-06-16 17:48:00.000,2011,6,16,17,16008KT,17,10
2011-06-16 18:00:00.000,2011,6,16,18,15010KT,17,10
2011-06-16 18:08:00.000,2011,6,16,18,14010KT,18,10
2011-06-16 18:18:00.000,2011,6,16,18,09004KT,18,10
2011-06-16 18:30:00.000,2011,6,16,18,03008KT,16,11
2011-06-16 18:45:00.000,2011,6,16,18,04008KT,16,11
2011-06-16 19:00:00.000,2011,6,16,19,04006KT,16,11
2011-06-16 19:10:00.000,2011,6,16,19,05006KT,17,11
2011-06-16 19:20:00.000,2011,6,16,19,07008KT,17,09
2011-06-16 19:30:00.000,2011,6,16,19,04010KT,17,10
2011-06-16 19:38:00.000,2011,6,16,19,07010KT,17,10
2011-06-16 19:48:00.000,2011,6,16,19,05010KT,17,11
2011-06-16 20:00:00.000,2011,6,16,20,05010KT,17,11
2011-06-16 20:08:00.000,2011,6,16,20,06008KT,18,10
2011-06-16 20:18:00.000,2011,6,16,20,08006KT,18,10
2011-06-16 20:28:00.000,2011,6,16,20,06007KT,19,09
2011-06-16 20:38:00.000,2011,6,16,20,08008KT,19,09
2011-06-16 21:00:00.000,2011,6,16,21,04008KT,18,10
2011-06-16 21:12:00.000,2011,6,16,21,13008KT,18,09
2011-06-16 21:20:00.000,2011,6,16,21,08008KT,18,09
2011-06-16 21:28:00.000,2011,6,16,21,12008KT,18,10
2011-06-16 21:38:00.000,2011,6,16,21,12008KT,18,09
2011-06-16 22:00:00.000,2011,6,16,22,18006KT,17,10
2011-06-16 22:12:00.000,2011,6,16,22,25006KT,16,10
2011-06-16 22:18:00.000,2011,6,16,22,27004KT,16,11
2011-06-16 22:28:00.000,2011,6,16,22,23004KT,16,11
2011-06-16 22:38:00.000,2011,6,16,22,30008KT,16,12
2011-06-16 23:00:00.000,2011,6,16,23,30004KT,15,12
2011-06-16 23:00:00.000,2011,6,16,23,01003KT,15,12
2011-06-16 23:12:00.000,2011,6,16,23,01003KT,15,12
2011-06-16 23:15:00.000,2011,6,16,23,03003KT,15,09
2011-06-16 23:20:00.000,2011,6,16,23,29003KT,15,12
2011-06-16 23:30:00.000,2011,6,16,23,32004KT,15,12
2011-06-17 00:00:00.000,2011,6,17,0,04006KT,15,10
2011-06-17 00:30:00.000,2011,6,17,0,31004KT,14,11
2011-06-17 01:00:00.000,2011,6,17,1,34004KT,13,10
2011-06-17 01:30:00.000,2011,6,17,1,30005KT,13,11
2011-06-17 02:00:00.000,2011,6,17,2,VRB02KT,13,10
2011-06-17 02:30:00.000,2011,6,17,2,32003KT,13,11
2011-06-17 03:00:00.000,2011,6,17,3,31004KT,13,10
2011-06-17 03:30:00.000,2011,6,17,3,04005KT,13,10
2011-06-17 04:00:00.000,2011,6,17,4,05008KT,12,09
2011-06-17 04:30:00.000,2011,6,17,4,06004KT,12,10
2011-06-17 05:00:00.000,2011,6,17,5,03004KT,13,10
2011-06-17 05:30:00.000,2011,6,17,5,06007KT,13,11
2011-06-17 06:00:00.000,2011,6,17,6,06004KT,13,10
2011-06-17 06:30:00.000,2011,6,17,6,06004KT,13,11
2011-06-17 07:00:00.000,2011,6,17,7,00000KT,12,10
2011-06-17 07:30:00.000,2011,6,17,7,03006KT,12,11
2011-06-17 08:00:00.000,2011,6,17,8,07004KT,12,10
2011-06-17 09:00:00.000,2011,6,17,9,07003KT,12,10
2011-06-17 10:00:00.000,2011,6,17,10,04009KT,12,11
2011-06-17 10:30:00.000,2011,6,17,10,VRB02KT,18,18
2011-06-17 11:00:00.000,2011,6,17,11,06005KT,12,11
2011-06-17 12:00:00.000,2011,6,17,12,04005KT,13,11
2011-06-17 13:00:00.000,2011,6,17,13,03003KT,13,11
2011-06-17 14:00:00.000,2011,6,17,14,03003KT,15,11
2011-06-17 15:00:00.000,2011,6,17,15,04008KT,16,12
2011-06-17 16:00:00.000,2011,6,17,16,08008KT,17,11
2011-06-17 17:00:00.000,2011,6,17,17,15008KT,18,10
2011-06-17 18:00:00.000,2011,6,17,18,09008KT,19,10
2011-06-17 19:00:00.000,2011,6,17,19,11010KT,19,09
2011-06-17 20:00:00.000,2011,6,17,20,08014KT,20,09
2011-06-17 21:00:00.000,2011,6,17,21,09012KT,19,07
2011-06-17 22:00:00.000,2011,6,17,22,08010KT,18,09
2011-06-17 23:00:00.000,2011,6,17,23,05008KT,15,10
2011-06-18 00:00:00.000,2011,6,18,0,03008KT,14,10
2011-06-18 00:15:00.000,2011,6,18,0,04006KT,14,10
2011-06-18 00:30:00.000,2011,6,18,0,03007KT,14,09
2011-06-18 00:45:00.000,2011,6,18,0,06005KT,14,09
2011-06-18 01:00:00.000,2011,6,18,1,06006KT,14,10
2011-06-18 01:15:00.000,2011,6,18,1,09006KT,14,10
2011-06-18 01:30:00.000,2011,6,18,1,07006KT,14,10
2011-06-18 01:45:00.000,2011,6,18,1,06006KT,14,09
2011-06-18 02:00:00.000,2011,6,18,2,06006KT,14,09
2011-06-18 02:15:00.000,2011,6,18,2,10004KT,14,09
2011-06-18 02:30:00.000,2011,6,18,2,04003KT,14,08
2011-06-18 02:45:00.000,2011,6,18,2,08003KT,14,08
2011-06-18 03:00:00.000,2011,6,18,3,08003KT,14,09
2011-06-18 03:15:00.000,2011,6,18,3,08003KT,13,08
2011-06-18 03:30:00.000,2011,6,18,3,05004KT,13,08
2011-06-18 03:45:00.000,2011,6,18,3,08003KT,13,09
2011-06-18 04:00:00.000,2011,6,18,4,06005KT,13,09
2011-06-18 04:30:00.000,2011,6,18,4,05005KT,12,09
2011-06-18 05:00:00.000,2011,6,18,5,05004KT,12,09
2011-06-18 05:30:00.000,2011,6,18,5,10004KT,12,09
2011-06-18 06:00:00.000,2011,6,18,6,11004KT,12,09
2011-06-18 06:30:00.000,2011,6,18,6,36003KT,11,08
2011-06-18 07:00:00.000,2011,6,18,7,VRB02KT,11,09
2011-06-18 07:30:00.000,2011,6,18,7,06004KT,11,09
2011-06-18 08:00:00.000,2011,6,18,8,09004KT,11,09
2011-06-18 08:30:00.000,2011,6,18,8,03006KT,11,09
2011-06-18 09:00:00.000,2011,6,18,9,05005KT,11,09
2011-06-18 09:30:00.000,2011,6,18,9,03006KT,11,09
2011-06-18 10:00:00.000,2011,6,18,10,08005KT,12,09
2011-06-18 10:30:00.000,2011,6,18,10,07005KT,12,09
2011-06-18 11:00:00.000,2011,6,18,11,10004KT,13,09
2011-06-18 11:15:00.000,2011,6,18,11,09005KT,13,09
2011-06-18 11:30:00.000,2011,6,18,11,07006KT,13,09
2011-06-18 11:45:00.000,2011,6,18,11,05007KT,13,09
2011-06-18 12:00:00.000,2011,6,18,12,05007KT,14,10
2011-06-18 12:15:00.000,2011,6,18,12,07005KT,14,10
2011-06-18 12:30:00.000,2011,6,18,12,04008KT,14,10
2011-06-18 12:45:00.000,2011,6,18,12,07004KT,14,10
2011-06-18 13:00:00.000,2011,6,18,13,08004KT,14,10
2011-06-18 13:15:00.000,2011,6,18,13,08010KT,15,09
2011-06-18 13:30:00.000,2011,6,18,13,10004KT,15,09
2011-06-18 13:45:00.000,2011,6,18,13,09005KT,15,09
2011-06-18 14:00:00.000,2011,6,18,14,11006KT,15,09
2011-06-18 14:15:00.000,2011,6,18,14,08006KT,15,09
2011-06-18 14:30:00.000,2011,6,18,14,05006KT,15,09
2011-06-18 14:45:00.000,2011,6,18,14,05010KT,15,09
2011-06-18 15:00:00.000,2011,6,18,15,07005KT,15,09
2011-06-18 15:15:00.000,2011,6,18,15,07008KT,15,10
2011-06-18 15:30:00.000,2011,6,18,15,06009KT,15,10
2011-06-18 15:45:00.000,2011,6,18,15,07012KT,16,11
2011-06-18 16:00:00.000,2011,6,18,16,08012KT,17,11
2011-06-18 16:15:00.000,2011,6,18,16,12009KT,17,09
2011-06-18 16:30:00.000,2011,6,18,16,10009KT,17,09
2011-06-18 16:45:00.000,2011,6,18,16,03008KT,17,09
2011-06-18 17:00:00.000,2011,6,18,17,08010KT,17,09
2011-06-18 17:15:00.000,2011,6,18,17,08006KT,16,09
2011-06-18 17:30:00.000,2011,6,18,17,05004KT,16,09
2011-06-18 17:45:00.000,2011,6,18,17,08004KT,16,09
2011-06-18 18:00:00.000,2011,6,18,18,14007KT,17,09
2011-06-18 18:15:00.000,2011,6,18,18,14010KT,17,08
2011-06-18 18:30:00.000,2011,6,18,18,13010KT,17,08
2011-06-18 18:45:00.000,2011,6,18,18,12010KT,17,08
2011-06-18 19:00:00.000,2011,6,18,19,08006KT,17,09
2011-06-18 19:15:00.000,2011,6,18,19,13008KT,17,08
2011-06-18 19:30:00.000,2011,6,18,19,08006KT,17,09
2011-06-18 19:45:00.000,2011,6,18,19,12010KT,17,08
2011-06-18 20:00:00.000,2011,6,18,20,09008KT,17,08
2011-06-18 20:15:00.000,2011,6,18,20,06009KT,16,09
2011-06-18 20:30:00.000,2011,6,18,20,06007KT,16,09
2011-06-18 20:45:00.000,2011,6,18,20,11008KT,17,10
2011-06-18 21:00:00.000,2011,6,18,21,09010KT,17,08
2011-06-18 21:15:00.000,2011,6,18,21,10006KT,16,09
2011-06-18 21:30:00.000,2011,6,18,21,07007KT,16,09
2011-06-18 21:45:00.000,2011,6,18,21,04004KT,16,09
2011-06-18 22:00:00.000,2011,6,18,22,10004KT,15,09
2011-06-18 22:15:00.000,2011,6,18,22,10008KT,16,09
2011-06-18 22:30:00.000,2011,6,18,22,12009KT,15,09
2011-06-18 22:45:00.000,2011,6,18,22,07006KT,15,09
2011-06-18 23:00:00.000,2011,6,18,23,08005KT,15,09
2011-06-19 00:00:00.000,2011,6,19,0,11003KT,14,09
2011-06-19 01:00:00.000,2011,6,19,1,08003KT,14,09
2011-06-19 02:00:00.000,2011,6,19,2,06006KT,14,09
2011-06-19 03:00:00.000,2011,6,19,3,10006KT,14,09
2011-06-19 04:00:00.000,2011,6,19,4,08006KT,13,09
2011-06-19 05:00:00.000,2011,6,19,5,34005KT,13,09
2011-06-19 06:00:00.000,2011,6,19,6,30005KT,13,09
2011-06-19 07:00:00.000,2011,6,19,7,VRB02KT,12,09
2011-06-19 09:00:00.000,2011,6,19,9,03003KT,12,11
2011-06-19 10:00:00.000,2011,6,19,10,05005KT,11,10
2011-06-19 11:00:00.000,2011,6,19,11,04004KT,12,10
2011-06-19 12:00:00.000,2011,6,19,12,07007KT,12,10
2011-06-19 13:00:00.000,2011,6,19,13,08005KT,14,11
2011-06-19 14:00:00.000,2011,6,19,14,17005KT,16,10
2011-06-19 15:00:00.000,2011,6,19,15,11008KT,18,09
2011-06-19 16:00:00.000,2011,6,19,16,13010KT,20,09
2011-06-19 17:00:00.000,2011,6,19,17,14006KT,18,08
2011-06-19 18:00:00.000,2011,6,19,18,19010KT,16,10
2011-06-19 19:00:00.000,2011,6,19,19,18008KT,18,09
2011-06-19 20:00:00.000,2011,6,19,20,16010KT,18,08
2011-06-19 21:00:00.000,2011,6,19,21,24012KT,16,11
2011-06-19 22:00:00.000,2011,6,19,22,28004KT,16,09
2011-06-19 23:00:00.000,2011,6,19,23,33005KT,15,10
2011-06-20 00:00:00.000,2011,6,20,0,35006KT,14,10
2011-06-20 01:00:00.000,2011,6,20,1,03006KT,14,11
2011-06-20 02:00:00.000,2011,6,20,2,34003KT,14,12
2011-06-20 03:00:00.000,2011,6,20,3,05008KT,14,12
2011-06-20 03:22:00.000,2011,6,20,3,05008KT,13,11
2011-06-20 04:00:00.000,2011,6,20,4,02005KT,13,11
2011-06-20 05:00:00.000,2011,6,20,5,06005KT,12,10
2011-06-20 06:00:00.000,2011,6,20,6,04005KT,12,11
2011-06-20 07:00:00.000,2011,6,20,7,30003KT,11,10
2011-06-20 08:00:00.000,2011,6,20,8,VRB02KT,11,10
2011-06-20 09:00:00.000,2011,6,20,9,VRB02KT,11,10
2011-06-20 10:00:00.000,2011,6,20,10,VRB02KT,11,10
2011-06-20 10:30:00.000,2011,6,20,10,VRB02KT,10,10
2011-06-20 11:00:00.000,2011,6,20,11,30003KT,11,10
2011-06-20 12:00:00.000,2011,6,20,12,03003KT,12,11
2011-06-20 13:00:00.000,2011,6,20,13,04004KT,14,12
2011-06-20 14:00:00.000,2011,6,20,14,06004KT,16,11
2011-06-20 15:00:00.000,2011,6,20,15,080006T,18,11
2011-06-20 16:00:00.000,2011,6,20,16,04006KT,19,10
2011-06-20 17:00:00.000,2011,6,20,17,32005KT,18,10
2011-06-20 18:00:00.000,2011,6,20,18,VRB02KT,19,10
2011-06-20 19:00:00.000,2011,6,20,19,26008KT,18,12
2011-06-20 19:31:00.000,2011,6,20,19,25012KT,18,13
2011-06-20 19:38:00.000,2011,6,20,19,25014KT,16,13
2011-06-20 20:00:00.000,2011,6,20,20,21012KT,15,13
2011-06-20 20:04:00.000,2011,6,20,20,25012KT,15,13
2011-06-20 21:00:00.000,2011,6,20,21,36008KT,15,13
2011-06-20 22:00:00.000,2011,6,20,22,28008KT,15,13
2011-06-20 23:00:00.000,2011,6,20,23,31006KT,14,12
2011-06-21 01:00:00.000,2011,6,21,1,35004KT,13,12
2011-06-21 02:00:00.000,2011,6,21,2,36003KT,13,11
2011-06-21 03:00:00.000,2011,6,21,3,35003KT,13,11
2011-06-21 04:00:00.000,2011,6,21,4,34004KT,13,11
2011-06-21 05:00:00.000,2011,6,21,5,VRB02KT,13,12
2011-06-21 06:00:00.000,2011,6,21,6,07004KT,12,11
2011-06-21 07:00:00.000,2011,6,21,7,05007KT,12,11
2011-06-21 08:00:00.000,2011,6,21,8,33003KT,11,10
2011-06-21 09:00:00.000,2011,6,21,9,00000KT,10,10
2011-06-21 10:00:00.000,2011,6,21,10,34005KT,10,09
2011-06-21 10:30:00.000,2011,6,21,10,32005KT,10,09
2011-06-21 11:00:00.000,2011,6,21,11,30003KT,10,09
2011-06-21 12:00:00.000,2011,6,21,12,03004KT,12,10
2011-06-21 13:00:00.000,2011,6,21,13,02007KT,14,10
2011-06-21 14:00:00.000,2011,6,21,14,05008KT,16,11
2011-06-21 15:00:00.000,2011,6,21,15,04008KT,18,12
2011-06-21 16:00:00.000,2011,6,21,16,13013KT,19,10
2011-06-21 17:00:00.000,2011,6,21,17,13013KT,20,09
2011-06-21 18:00:00.000,2011,6,21,18,13010KT,20,09
2011-06-21 19:00:00.000,2011,6,21,19,17010KT,20,10
2011-06-21 20:00:00.000,2011,6,21,20,03012KT,19,10
2011-06-21 21:00:00.000,2011,6,21,21,07010KT,19,10
2011-06-21 22:00:00.000,2011,6,21,22,06010KT,18,10
2011-06-21 23:00:00.000,2011,6,21,23,03006KT,17,09
2011-06-22 00:00:00.000,2011,6,22,0,01005KT,14,07
2011-06-22 01:00:00.000,2011,6,22,1,07006KT,14,08
2011-06-22 02:00:00.000,2011,6,22,2,04005KT,14,09
2011-06-22 03:00:00.000,2011,6,22,3,09004KT,13,10
2011-06-22 04:00:00.000,2011,6,22,4,03004KT,12,10
2011-06-22 05:00:00.000,2011,6,22,5,10004KT,12,09
2011-06-22 06:00:00.000,2011,6,22,6,31004KT,10,09
2011-06-22 07:00:00.000,2011,6,22,7,VRB02KT,10,09
2011-06-22 08:00:00.000,2011,6,22,8,02005KT,09,08
2011-06-22 09:00:00.000,2011,6,22,9,VRB02KT,10,09
2011-06-22 10:00:00.000,2011,6,22,10,06008KT,11,09
2011-06-22 10:30:00.000,2011,6,22,10,07005KT,11,09
2011-06-22 11:00:00.000,2011,6,22,11,03006KT,12,10
2011-06-22 12:00:00.000,2011,6,22,12,06008KT,13,09
2011-06-22 13:00:00.000,2011,6,22,13,06009KT,14,10
2011-06-22 14:00:00.000,2011,6,22,14,10008KT,15,09
2011-06-22 15:00:00.000,2011,6,22,15,13014KT,18,08
2011-06-22 16:00:00.000,2011,6,22,16,09004KT,18,09
2011-06-22 17:00:00.000,2011,6,22,17,13011KT,18,09
2011-06-22 18:00:00.000,2011,6,22,18,16006KT,18,08
2011-06-22 19:00:00.000,2011,6,22,19,07006KT,18,09
2011-06-22 20:00:00.000,2011,6,22,20,14008KT,17,10
2011-06-22 21:00:00.000,2011,6,22,21,21004KT,18,09
2011-06-22 22:00:00.000,2011,6,22,22,32005KT,18,10
2011-06-22 23:00:00.000,2011,6,22,23,21004KT,16,16
2011-06-23 00:00:00.000,2011,6,23,0,VRB02KT,15,12
2011-06-23 01:00:00.000,2011,6,23,1,14008KT,15,12
2011-06-23 02:00:00.000,2011,6,23,2,18010KT,15,10
2011-06-23 03:00:00.000,2011,6,23,3,18006KT,14,10
2011-06-23 04:00:00.000,2011,6,23,4,16006KT,14,10
2011-06-23 05:00:00.000,2011,6,23,5,14006KT,13,11
2011-06-23 06:00:00.000,2011,6,23,6,12004KT,13,10
2011-06-23 07:00:00.000,2011,6,23,7,00000KT,13,10
2011-06-23 08:00:00.000,2011,6,23,8,04004KT,12,10
2011-06-23 09:00:00.000,2011,6,23,9,33004KT,11,10
2011-06-23 10:00:00.000,2011,6,23,10,02004KT,12,10
2011-06-23 10:30:00.000,2011,6,23,10,04004KT,12,10
2011-06-23 11:00:00.000,2011,6,23,11,05006KT,12,10
2011-06-23 12:00:00.000,2011,6,23,12,06006KT,13,11
2011-06-23 13:00:00.000,2011,6,23,13,05007KT,14,11
2011-06-23 14:00:00.000,2011,6,23,14,05007KT,16,10
2011-06-23 15:00:00.000,2011,6,23,15,21008KT,16,10
2011-06-23 16:00:00.000,2011,6,23,16,12006KT,16,11
2011-06-23 17:00:00.000,2011,6,23,17,20004KT,18,10
2011-06-23 18:00:00.000,2011,6,23,18,19011KT,15,12
2011-06-23 18:30:00.000,2011,6,23,18,23005KT,14,12
2011-06-23 19:00:00.000,2011,6,23,19,17011KT,16,09
2011-06-23 20:00:00.000,2011,6,23,20,15010KT,15,10
2011-06-23 20:40:00.000,2011,6,23,20,10006KJT,17,09
2011-06-23 21:00:00.000,2011,6,23,21,17009KT,17,09
2011-06-23 22:00:00.000,2011,6,23,22,15015KT,16,09
2011-06-23 23:00:00.000,2011,6,23,23,13010KT,15,09
2011-06-24 00:00:00.000,2011,6,24,0,10006KT,15,08
2011-06-24 01:00:00.000,2011,6,24,1,09005KT,14,09
2011-06-24 02:00:00.000,2011,6,24,2,02003KT,13,10
2011-06-24 03:00:00.000,2011,6,24,3,05004KT,13,10
2011-06-24 04:00:00.000,2011,6,24,4,05005KT,12,10
2011-06-24 05:00:00.000,2011,6,24,5,06006KT,12,10
2011-06-24 06:00:00.000,2011,6,24,6,33003KT,11,10
2011-06-24 07:00:00.000,2011,6,24,7,08005KT,11,10
2011-06-24 08:00:00.000,2011,6,24,8,06006KT,11,10
2011-06-24 10:00:00.000,2011,6,24,10,05006KT,11,09
2011-06-24 10:25:00.000,2011,6,24,10,05004KT,11,09
2011-06-24 11:00:00.000,2011,6,24,11,04007KT,11,09
2011-06-24 12:00:00.000,2011,6,24,12,06005KT,12,09
2011-06-24 13:00:00.000,2011,6,24,13,05005KT,14,10
2011-06-24 14:00:00.000,2011,6,24,14,06010KT,15,10
2011-06-24 15:00:00.000,2011,6,24,15,04006KT,17,10
2011-06-24 16:00:00.000,2011,6,24,16,11008KT,18,11
2011-06-24 17:00:00.000,2011,6,24,17,08010KT,20,09
2011-06-24 18:00:00.000,2011,6,24,18,13007KT,19,09
2011-06-24 19:00:00.000,2011,6,24,19,29006KT,17,11
2011-06-24 19:45:00.000,2011,6,24,19,32008KT,16,12
2011-06-24 20:00:00.000,2011,6,24,20,29008KT,16,12
2011-06-24 20:10:00.000,2011,6,24,20,29010KT,15,12
2011-06-24 21:00:00.000,2011,6,24,21,30010KT,13,12
2011-06-24 22:00:00.000,2011,6,24,22,30006KT,13,11
2011-06-24 23:00:00.000,2011,6,24,23,24008KT,13,11
2011-06-25 00:00:00.000,2011,6,25,0,VRB02KT,13,11
2011-06-25 01:00:00.000,2011,6,25,1,VRB02KT,12,11
2011-06-25 02:00:00.000,2011,6,25,2,VRB02KT,12,11
2011-06-25 03:00:00.000,2011,6,25,3,33004KT,12,11
2011-06-25 04:00:00.000,2011,6,25,4,04004KT,12,11
2011-06-25 05:00:00.000,2011,6,25,5,02004KT,12,11
2011-06-25 06:00:00.000,2011,6,25,6,05004KT,12,11
2011-06-25 07:00:00.000,2011,6,25,7,31004KT,12,11
2011-06-25 08:00:00.000,2011,6,25,8,36003KT,12,11
2011-06-25 09:00:00.000,2011,6,25,9,05004KT,12,11
2011-06-25 10:00:00.000,2011,6,25,10,05003KT,12,11
2011-06-25 10:30:00.000,2011,6,25,10,VRB02KT,11,10
2011-06-25 11:00:00.000,2011,6,25,11,VRB02KT,11,10
2011-06-25 12:00:00.000,2011,6,25,12,VRB02KT,13,11
2011-06-25 19:20:00.000,2011,6,25,19,28010KT,14,12
2011-06-25 19:30:00.000,2011,6,25,19,28010KT,14,12
2011-06-25 23:00:00.000,2011,6,25,23,02004KT,14,12
2011-06-26 00:00:00.000,2011,6,26,0,09006KT,14,12
2011-06-26 01:00:00.000,2011,6,26,1,02009KT,14,11
2011-06-26 02:00:00.000,2011,6,26,2,05005KT,14,11
2011-06-26 03:00:00.000,2011,6,26,3,05006KT,13,11
2011-06-26 04:00:00.000,2011,6,26,4,03004KT,13,11
2011-06-26 05:00:00.000,2011,6,26,5,03006KT,13,11
2011-06-26 06:00:00.000,2011,6,26,6,06006KT,13,11
2011-06-26 07:00:00.000,2011,6,26,7,05008KT,12,11
2011-06-26 08:00:00.000,2011,6,26,8,05007KT,12,10
2011-06-26 09:00:00.000,2011,6,26,9,04007KT,12,11
2011-06-26 10:00:00.000,2011,6,26,10,04007KT,12,11
2011-06-26 11:00:00.000,2011,6,26,11,04007KT,12,11
2011-06-26 12:00:00.000,2011,6,26,12,03003KT,13,11
2011-06-26 13:00:00.000,2011,6,26,13,05006KT,15,12
2011-06-26 14:00:00.000,2011,6,26,14,06006KT,16,11
2011-06-26 15:00:00.000,2011,6,26,15,10006KT,17,12
2011-06-26 16:00:00.000,2011,6,26,16,15006KT,17,12
2011-06-26 17:00:00.000,2011,6,26,17,13012KT,18,11
2011-06-26 18:00:00.000,2011,6,26,18,14010KT,19,10
2011-06-26 19:00:00.000,2011,6,26,19,13011KT,20,09
2011-06-26 20:00:00.000,2011,6,26,20,13014KT,20,10
2011-06-26 21:00:00.000,2011,6,26,21,15010KT,20,09
2011-06-26 22:00:00.000,2011,6,26,22,10015KT,18,08
2011-06-26 23:00:00.000,2011,6,26,23,13011KT,17,09
2011-06-27 00:00:00.000,2011,6,27,0,10008KT,16,09
2011-06-27 01:00:00.000,2011,6,27,1,10010KT,16,10
2011-06-27 02:00:00.000,2011,6,27,2,11008KT,14,11
2011-06-27 03:00:00.000,2011,6,27,3,12004KT,13,11
2011-06-27 04:00:00.000,2011,6,27,4,09006KT,12,09
2011-06-27 05:00:00.000,2011,6,27,5,17010KT,12,08
2011-06-27 06:00:00.000,2011,6,27,6,10006KT,12,08
2011-06-27 07:00:00.000,2011,6,27,7,09006KT,12,09
2011-06-27 08:00:00.000,2011,6,27,8,09004KT,12,08
2011-06-27 09:00:00.000,2011,6,27,9,04004KT,11,08
2011-06-27 10:00:00.000,2011,6,27,10,04004KT,11,09
2011-06-27 11:00:00.000,2011,6,27,11,03004KT,11,09
2011-06-27 12:00:00.000,2011,6,27,12,03004KT,12,09
2011-06-27 13:00:00.000,2011,6,27,13,25003KT,13,10
2011-06-27 14:00:00.000,2011,6,27,14,18003KT,14,10
2011-06-27 15:00:00.000,2011,6,27,15,17008KT,14,09
2011-06-27 16:00:00.000,2011,6,27,16,16008KT,15,10
2011-06-27 17:00:00.000,2011,6,27,17,02004KT,15,11
2011-06-27 18:00:00.000,2011,6,27,18,12004KT,15,11
2011-06-27 19:00:00.000,2011,6,27,19,15012KT,16,10
2011-06-27 20:00:00.000,2011,6,27,20,15012KT,17,09
2011-06-27 21:00:00.000,2011,6,27,21,12010KT,16,09
2011-06-27 22:00:00.000,2011,6,27,22,16008KT,16,09
2011-06-27 23:00:00.000,2011,6,27,23,12004KT,15,10
2011-06-28 00:00:00.000,2011,6,28,0,08006KT,14,08
2011-06-28 01:00:00.000,2011,6,28,1,06006KT,13,08
2011-06-28 02:00:00.000,2011,6,28,2,06006KT,12,08
2011-06-28 03:00:00.000,2011,6,28,3,06006KT,12,08
2011-06-28 04:00:00.000,2011,6,28,4,04006KT,12,09
2011-06-28 05:00:00.000,2011,6,28,5,05008KT,10,08
2011-06-28 06:00:00.000,2011,6,28,6,07008KT,11,09
2011-06-28 07:00:00.000,2011,6,28,7,06006KT,10,09
2011-06-28 08:00:00.000,2011,6,28,8,30003KT,09,08
2011-06-28 09:00:00.000,2011,6,28,9,07004KT,08,08
2011-06-28 10:00:00.000,2011,6,28,10,06006KT,09,08
2011-06-28 11:00:00.000,2011,6,28,11,05010KT,09,08
2011-06-28 12:00:00.000,2011,6,28,12,04008KT,10,09
2011-06-28 13:00:00.000,2011,6,28,13,05008KT,13,09
2011-06-28 14:00:00.000,2011,6,28,14,08008KT,15,10
2011-06-28 15:00:00.000,2011,6,28,15,06008KT,16,10
2011-06-28 16:00:00.000,2011,6,28,16,10008KT,17,08
2011-06-28 17:00:00.000,2011,6,28,17,08010KT,18,08
2011-06-28 18:00:00.000,2011,6,28,18,04010KT,18,10
2011-06-28 19:00:00.000,2011,6,28,19,11008KT,19,09
2011-06-28 20:00:00.000,2011,6,28,20,07008KT,19,10
2011-06-28 21:00:00.000,2011,6,28,21,03006KT,20,09
2011-06-28 22:00:00.000,2011,6,28,22,05010KT,19,08
2011-06-28 23:00:00.000,2011,6,28,23,06006KT,17,08
2011-06-29 00:00:00.000,2011,6,29,0,VRB02KT,15,08
2011-06-29 01:00:00.000,2011,6,29,1,VRB02KT,14,07
2011-06-29 02:00:00.000,2011,6,29,2,11003KT,13,09
2011-06-29 03:00:00.000,2011,6,29,3,VRB02KT,11,09
2011-06-29 04:00:00.000,2011,6,29,4,04006KT,11,10
2011-06-29 05:00:00.000,2011,6,29,5,03005KT,11,10
2011-06-29 06:00:00.000,2011,6,29,6,03004KT,11,09
2011-06-29 07:00:00.000,2011,6,29,7,VRB02KT,08,08
2011-06-29 08:00:00.000,2011,6,29,8,03004KT,09,09
2011-06-29 09:00:00.000,2011,6,29,9,02003KT,09,09
2011-06-29 10:00:00.000,2011,6,29,10,06003KT,11,10
2011-06-29 11:00:00.000,2011,6,29,11,00000KT,10,09
2011-06-29 12:00:00.000,2011,6,29,12,03005KT,12,10
2011-06-29 13:00:00.000,2011,6,29,13,06007KT,14,10
2011-06-29 14:00:00.000,2011,6,29,14,06006KT,16,09
2011-06-29 15:00:00.000,2011,6,29,15,09008KT,18,09
2011-06-29 16:00:00.000,2011,6,29,16,05007KT,19,09
2011-06-29 17:00:00.000,2011,6,29,17,04006KT,19,10
2011-06-29 18:00:00.000,2011,6,29,18,08005KT,21,11
2011-06-29 19:00:00.000,2011,6,29,19,11009KT,21,08
2011-06-29 20:00:00.000,2011,6,29,20,03004KT,21,08
2011-06-29 21:00:00.000,2011,6,29,21,25008KT,19,13
2011-06-29 22:00:00.000,2011,6,29,22,29010KT,17,14
2011-06-29 23:00:00.000,2011,6,29,23,30003KT,15,13
2011-06-30 00:00:00.000,2011,6,30,0,30003KT,15,13
2011-06-30 01:00:00.000,2011,6,30,1,06007KT,15,13
2011-06-30 02:00:00.000,2011,6,30,2,12006KT,15,10
2011-06-30 03:00:00.000,2011,6,30,3,05006KT,14,10
2011-06-30 04:00:00.000,2011,6,30,4,06008KT,13,10
2011-06-30 05:00:00.000,2011,6,30,5,33003KT,13,10
2011-06-30 06:00:00.000,2011,6,30,6,04006KT,13,10
2011-06-30 07:00:00.000,2011,6,30,7,04006KT,13,10
2011-06-30 08:00:00.000,2011,6,30,8,06005KT,12,10
2011-06-30 09:00:00.000,2011,6,30,9,06006KT,12,10
2011-06-30 10:00:00.000,2011,6,30,10,07007KT,12,10
2011-06-30 11:00:00.000,2011,6,30,11,28003KT,11,10
2011-06-30 12:00:00.000,2011,6,30,12,07008KT,12,10
2011-06-30 13:00:00.000,2011,6,30,13,04004KT,14,10
2011-06-30 14:00:00.000,2011,6,30,14,03010KT,15,10
2011-06-30 15:00:00.000,2011,6,30,15,05010KT,17,09
2011-06-30 16:00:00.000,2011,6,30,16,03004KT,16,10
2011-06-30 17:00:00.000,2011,6,30,17,07012KT,17,09
2011-06-30 18:00:00.000,2011,6,30,18,04008KT,17,10
2011-06-30 19:00:00.000,2011,6,30,19,06009KT,17,10
2011-06-30 20:00:00.000,2011,6,30,20,12015KT,15,11
2011-06-30 21:00:00.000,2011,6,30,21,11006KT,15,10
2011-06-30 22:00:00.000,2011,6,30,22,12006KT,15,09
2011-06-30 23:00:00.000,2011,6,30,23,VRB02KT,14,09
2011-07-01 00:00:00.000,2011,7,1,0,04007KT,13,09
2011-07-01 01:00:00.000,2011,7,1,1,05004KT,13,09
2011-07-01 02:00:00.000,2011,7,1,2,04003KT,13,09
2011-07-01 03:00:00.000,2011,7,1,3,VRB02KT,12,09
2011-07-01 04:00:00.000,2011,7,1,4,08003KT,12,09
2011-07-01 05:00:00.000,2011,7,1,5,05006KT,12,09
2011-07-01 06:00:00.000,2011,7,1,6,00000KT,11,09
2011-07-01 07:00:00.000,2011,7,1,7,VRB02KT,11,09
2011-07-01 08:00:00.000,2011,7,1,8,00000KT,11,10
2011-07-01 09:00:00.000,2011,7,1,9,VRB02KT,11,09
2011-07-01 10:00:00.000,2011,7,1,10,04004KT,11,09
2011-07-01 11:00:00.000,2011,7,1,11,VRB02KT,10,09
2011-07-01 12:00:00.000,2011,7,1,12,35004KT,11,09
2011-07-01 13:00:00.000,2011,7,1,13,03006KT,13,10
2011-07-01 14:00:00.000,2011,7,1,14,06006KT,15,10
2011-07-01 15:00:00.000,2011,7,1,15,06006KT,16,10
2011-07-01 16:00:00.000,2011,7,1,16,10010KT,17,10
2011-07-01 17:00:00.000,2011,7,1,17,15006KT,19,09
2011-07-01 18:00:00.000,2011,7,1,18,14010KT,19,08
2011-07-01 19:00:00.000,2011,7,1,19,12008KT,19,09
2011-07-01 20:00:00.000,2011,7,1,20,09011KT,18,10
2011-07-01 21:00:00.000,2011,7,1,21,08010KT,19,09
2011-07-01 22:00:00.000,2011,7,1,22,09008KT,18,09
2011-07-01 23:00:00.000,2011,7,1,23,12012KT,16,09
2011-07-02 00:00:00.000,2011,7,2,0,14008KT,15,08
2011-07-02 01:00:00.000,2011,7,2,1,13003KT,14,09
2011-07-02 02:00:00.000,2011,7,2,2,07005KT,13,10
2011-07-02 03:00:00.000,2011,7,2,3,05008KT,12,10
2011-07-02 04:00:00.000,2011,7,2,4,05009KT,12,10
2011-07-02 05:00:00.000,2011,7,2,5,05006KT,12,09
2011-07-02 06:00:00.000,2011,7,2,6,VRB02KT,11,09
2011-07-02 07:00:00.000,2011,7,2,7,03003KT,10,08
2011-07-02 08:00:00.000,2011,7,2,8,00000KT,09,08
2011-07-02 09:00:00.000,2011,7,2,9,00000KT,08,08
2011-07-02 10:00:00.000,2011,7,2,10,00000KT,09,08
2011-07-02 11:00:00.000,2011,7,2,11,32004KT,08,08
2011-07-02 12:00:00.000,2011,7,2,12,04004KT,10,09
2011-07-02 13:00:00.000,2011,7,2,13,03003KT,12,10
2011-07-02 14:00:00.000,2011,7,2,14,04004KT,13,10
2011-07-02 15:00:00.000,2011,7,2,15,03004KT,15,11
2011-07-02 16:00:00.000,2011,7,2,16,07008KT,15,11
2011-07-02 17:00:00.000,2011,7,2,17,12006KT,18,10
2011-07-02 18:00:00.000,2011,7,2,18,14006KT,18,09
2011-07-02 19:00:00.000,2011,7,2,19,12008KT,18,10
2011-07-02 20:00:00.000,2011,7,2,20,15008KT,18,10
2011-07-02 21:00:00.000,2011,7,2,21,15011KT,18,08
2011-07-02 22:00:00.000,2011,7,2,22,06006KT,17,10
2011-07-02 23:00:00.000,2011,7,2,23,10006KT,16,09
2011-07-03 00:00:00.000,2011,7,3,0,13004KT,15,09
2011-07-03 01:00:00.000,2011,7,3,1,VRB02KT,14,09
2011-07-03 02:00:00.000,2011,7,3,2,31003KT,13,09
2011-07-03 03:00:00.000,2011,7,3,3,VRB02KT,12,10
2011-07-03 04:00:00.000,2011,7,3,4,VRB02KT,10,09
2011-07-03 05:00:00.000,2011,7,3,5,VRB02KT,10,09
2011-07-03 06:00:00.000,2011,7,3,6,VRB02KT,09,08
2011-07-03 07:00:00.000,2011,7,3,7,04004KT,09,08
2011-07-03 08:00:00.000,2011,7,3,8,30004KT,07,06
2011-07-03 09:00:00.000,2011,7,3,9,15003KT,07,06
2011-07-03 10:00:00.000,2011,7,3,10,32004KT,06,06
2011-07-03 11:00:00.000,2011,7,3,11,06004KT,07,06
2011-07-03 13:00:00.000,2011,7,3,13,05004KT,09,08
2011-07-03 14:00:00.000,2011,7,3,14,02005KT,13,10
2011-07-03 15:00:00.000,2011,7,3,15,05005KT,16,09
2011-07-03 16:00:00.000,2011,7,3,16,32005KT,17,10
2011-07-03 17:00:00.000,2011,7,3,17,16008KT,18,07
2011-07-03 18:00:00.000,2011,7,3,18,12009KT,19,06
2011-07-03 19:00:00.000,2011,7,3,19,10006KT,21,07
2011-07-03 20:00:00.000,2011,7,3,20,09012KT,20,07
2011-07-03 21:00:00.000,2011,7,3,21,30005KT,19,07
2011-07-03 22:00:00.000,2011,7,3,22,26009KT,17,12
2011-07-03 23:00:00.000,2011,7,3,23,23006KT,16,11
2011-07-04 00:00:00.000,2011,7,4,0,31004KT,14,10
2011-07-04 01:00:00.000,2011,7,4,1,33003KT,13,09
2011-07-04 02:00:00.000,2011,7,4,2,33006KT,13,10
2011-07-04 03:00:00.000,2011,7,4,3,VRB02KT,13,09
2011-07-04 04:00:00.000,2011,7,4,4,25004KT,13,09
2011-07-04 05:00:00.000,2011,7,4,5,04004KT,13,10
2011-07-04 06:00:00.000,2011,7,4,6,03004KT,12,10
2011-07-04 07:00:00.000,2011,7,4,7,07006KT,12,10
2011-07-04 08:00:00.000,2011,7,4,8,03003KT,11,09
2011-07-04 09:00:00.000,2011,7,4,9,VRB02KT,11,09
2011-07-04 10:00:00.000,2011,7,4,10,04004KT,11,09
2011-07-04 11:00:00.000,2011,7,4,11,34003KT,10,09
2011-07-04 12:00:00.000,2011,7,4,12,03006KT,12,10
2011-07-04 13:00:00.000,2011,7,4,13,03007KT,14,12
2011-07-04 14:00:00.000,2011,7,4,14,04007KT,16,10
2011-07-04 15:00:00.000,2011,7,4,15,03006KT,16,09
2011-07-04 16:00:00.000,2011,7,4,16,27006KT,18,10
2011-07-04 17:00:00.000,2011,7,4,17,18012KT,17,10
2011-07-04 18:00:00.000,2011,7,4,18,15014KT,16,10
2011-07-04 19:00:00.000,2011,7,4,19,18010KT,17,09
2011-07-04 20:00:00.000,2011,7,4,20,12008KT,18,08
2011-07-04 21:00:00.000,2011,7,4,21,13008KT,18,07
2011-07-04 22:00:00.000,2011,7,4,22,15008KT,18,07
2011-07-04 23:00:00.000,2011,7,4,23,13006KT,16,07
2011-07-05 00:00:00.000,2011,7,5,0,08006KT,15,08
2011-07-05 01:00:00.000,2011,7,5,1,06005KT,13,09
2011-07-05 02:00:00.000,2011,7,5,2,06004KT,13,09
2011-07-05 03:00:00.000,2011,7,5,3,01004KT,12,09
2011-07-05 04:00:00.000,2011,7,5,4,00000KT,11,09
2011-07-05 05:00:00.000,2011,7,5,5,07003KT,11,09
2011-07-05 06:00:00.000,2011,7,5,6,06006KT,10,09
2011-07-05 07:00:00.000,2011,7,5,7,04005KT,10,09
2011-07-05 08:00:00.000,2011,7,5,8,29005KT,08,08
2011-07-05 09:00:00.000,2011,7,5,9,VRB02KT,08,07
2011-07-05 10:00:00.000,2011,7,5,10,29004KT,08,07
2011-07-05 11:00:00.000,2011,7,5,11,11003KT,08,07
2011-07-05 12:00:00.000,2011,7,5,12,03003KT,10,09
2011-07-05 13:00:00.000,2011,7,5,13,05006KT,13,10
2011-07-05 14:00:00.000,2011,7,5,14,06006KT,16,10
2011-07-05 15:00:00.000,2011,7,5,15,04010KT,17,10
2011-07-05 16:00:00.000,2011,7,5,16,03004KT,18,10
2011-07-05 17:00:00.000,2011,7,5,17,09004KT,19,10
2011-07-05 18:00:00.000,2011,7,5,18,15006KT,18,10
2011-07-05 19:00:00.000,2011,7,5,19,13006KT,20,09
2011-07-05 20:00:00.000,2011,7,5,20,36010KT,2,14
2011-07-05 21:00:00.000,2011,7,5,21,32008KT,17,12
2011-07-05 22:00:00.000,2011,7,5,22,30010KT,15,13
2011-07-05 23:00:00.000,2011,7,5,23,30010KT,15,13
2011-07-06 00:00:00.000,2011,7,6,0,24004KT,15,11
2011-07-06 01:00:00.000,2011,7,6,1,24005KT,14,11
2011-07-06 02:00:00.000,2011,7,6,2,35005KT,12,10
2011-07-06 03:00:00.000,2011,7,6,3,28004KT,12,09
2011-07-06 04:00:00.000,2011,7,6,4,35003KT,11,09
2011-07-06 05:00:00.000,2011,7,6,5,04003KT,11,09
2011-07-06 06:00:00.000,2011,7,6,6,02005KT,12,10
2011-07-06 07:00:00.000,2011,7,6,7,03003KT,12,10
2011-07-06 08:00:00.000,2011,7,6,8,06003KT,12,10
2011-07-06 09:00:00.000,2011,7,6,9,05004KT,12,10
2011-07-06 10:00:00.000,2011,7,6,10,VRB02KT,11,10
2011-07-06 11:00:00.000,2011,7,6,11,01004KT,11,10
2011-07-06 12:00:00.000,2011,7,6,12,04004KT,12,11
2011-07-06 13:00:00.000,2011,7,6,13,04006KT,13,12
2011-07-06 14:00:00.000,2011,7,6,14,04008KT,15,11
2011-07-06 15:00:00.000,2011,7,6,15,03006KT,15,12
2011-07-06 16:00:00.000,2011,7,6,16,06008KT,16,11
2011-07-06 17:00:00.000,2011,7,6,17,08008KT,15,11
2011-07-06 18:00:00.000,2011,7,6,18,07008KT,14,12
2011-07-06 19:00:00.000,2011,7,6,19,07008KT,13,11
2011-07-06 20:00:00.000,2011,7,6,20,06008KT,14,12
2011-07-06 22:00:00.000,2011,7,6,22,06006KT,15,11
2011-07-06 23:00:00.000,2011,7,6,23,08008KT,14,10
2011-07-07 00:00:00.000,2011,7,7,0,14010KT,13,07
2011-07-07 01:00:00.000,2011,7,7,1,36004KT,13,10
2011-07-07 02:00:00.000,2011,7,7,2,03006KT,13,10
2011-07-07 03:00:00.000,2011,7,7,3,06004KT,12,10
2011-07-07 04:00:00.000,2011,7,7,4,06008KT,12,10
2011-07-07 05:00:00.000,2011,7,7,5,05004KT,12,10
2011-07-07 06:00:00.000,2011,7,7,6,04005KT,12,10
2011-07-07 07:00:00.000,2011,7,7,7,00000KT,11,10
2011-07-07 08:00:00.000,2011,7,7,8,VRB02KT,11,10
2011-07-07 09:00:00.000,2011,7,7,9,00000KT,10,09
2011-07-07 10:00:00.000,2011,7,7,10,00000KT,10,09
2011-07-07 11:00:00.000,2011,7,7,11,05003KT,10,09
2011-07-07 12:00:00.000,2011,7,7,12,04006KT,12,10
2011-07-07 13:00:00.000,2011,7,7,13,14006KT,14,10
2011-07-07 14:00:00.000,2011,7,7,14,14008KT,15,09
2011-07-07 15:00:00.000,2011,7,7,15,18010KT,16,10
2011-07-07 16:00:00.000,2011,7,7,16,18012KT,17,10
2011-07-07 17:00:00.000,2011,7,7,17,17014KT,17,09
2011-07-07 18:00:00.000,2011,7,7,18,17012KT,17,09
2011-07-07 19:00:00.000,2011,7,7,19,15010KT,17,08
2011-07-07 20:00:00.000,2011,7,7,20,18012KT,19,09
2011-07-07 21:00:00.000,2011,7,7,21,16010KT,18,08
2011-07-07 22:00:00.000,2011,7,7,22,12010KT,17,08
2011-07-07 23:00:00.000,2011,7,7,23,12008KT,16,08
2011-07-08 00:00:00.000,2011,7,8,0,14010KT,13,07
2011-07-08 01:00:00.000,2011,7,8,1,10006KT,14,07
2011-07-08 02:00:00.000,2011,7,8,2,08006KT,13,08
2011-07-08 03:00:00.000,2011,7,8,3,05004KT,12,08
2011-07-08 04:00:00.000,2011,7,8,4,00000KT,12,08
2011-07-08 05:00:00.000,2011,7,8,5,04005KT,11,08
2011-07-08 06:00:00.000,2011,7,8,6,28003KT,10,08
2011-07-08 07:00:00.000,2011,7,8,7,VRB02KT,09,08
2011-07-08 08:00:00.000,2011,7,8,8,03005KT,10,08
2011-07-08 09:00:00.000,2011,7,8,9,03007KT,11,08
2011-07-08 10:00:00.000,2011,7,8,10,06008KT,11,08
2011-07-08 11:00:00.000,2011,7,8,11,05007KT,11,08
2011-07-08 12:00:00.000,2011,7,8,12,06010KT,12,09
2011-07-08 13:00:00.000,2011,7,8,13,07012KT,15,09
2011-07-08 14:00:00.000,2011,7,8,14,12016KT,17,08
2011-07-08 15:00:00.000,2011,7,8,15,12014KT,18,07
2011-07-08 16:00:00.000,2011,7,8,16,12012KT,19,08
2011-07-08 17:00:00.000,2011,7,8,17,15014KT,19,08
2011-07-08 18:00:00.000,2011,7,8,18,13013KT,19,08
2011-07-08 19:00:00.000,2011,7,8,19,14014KT,19,08
2011-07-08 20:00:00.000,2011,7,8,20,10012KT,18,08
2011-07-08 21:00:00.000,2011,7,8,21,12013KT,18,08
2011-07-08 22:00:00.000,2011,7,8,22,09010KT,17,09
2011-07-08 23:00:00.000,2011,7,8,23,09010KT,16,09
2011-07-09 00:00:00.000,2011,7,9,0,08008KT,15,09
2011-07-09 01:00:00.000,2011,7,9,1,12005KT,14,08
2011-07-09 02:00:00.000,2011,7,9,2,33004KT,13,09
2011-07-09 03:00:00.000,2011,7,9,3,06004KT,12,09
2011-07-09 04:00:00.000,2011,7,9,4,04008KT,12,08
2011-07-09 05:00:00.000,2011,7,9,5,05004KT,11,09
2011-07-09 06:00:00.000,2011,7,9,6,27003KT,11,09
2011-07-09 07:00:00.000,2011,7,9,7,05008KT,12,09
2011-07-09 08:00:00.000,2011,7,9,8,04003KT,12,09
2011-07-09 09:00:00.000,2011,7,9,9,05004KT,12,09
2011-07-09 10:00:00.000,2011,7,9,10,05008KT,12,09
2011-07-09 11:00:00.000,2011,7,9,11,04009KT,12,09
2011-07-09 12:00:00.000,2011,7,9,12,05010KT,12,10
2011-07-09 13:00:00.000,2011,7,9,13,05008KT,13,10
2011-07-09 14:00:00.000,2011,7,9,14,11010KT,16,09
2011-07-09 15:00:00.000,2011,7,9,15,11012KT,18,09
2011-07-09 17:00:00.000,2011,7,9,17,11010KT,18,09
2011-07-09 18:00:00.000,2011,7,9,18,12008KT,18,09
2011-07-09 19:00:00.000,2011,7,9,19,07005KT,19,08
2011-07-09 20:00:00.000,2011,7,9,20,15010KT,19,09
2011-07-09 21:00:00.000,2011,7,9,21,12006KT,19,09
2011-07-09 22:00:00.000,2011,7,9,22,10007KT,18,08
2011-07-09 23:00:00.000,2011,7,9,23,06006KT,17,09
2011-07-10 00:00:00.000,2011,7,10,0,07006KT,16,09
2011-07-10 01:00:00.000,2011,7,10,1,06005KT,16,09
2011-07-10 02:00:00.000,2011,7,10,2,12005KT,15,09
2011-07-10 03:00:00.000,2011,7,10,3,12007KT,14,08
2011-07-10 04:00:00.000,2011,7,10,4,10003KT,14,08
2011-07-10 05:00:00.000,2011,7,10,5,08004KT,14,08
2011-07-10 06:00:00.000,2011,7,10,6,10006KT,13,08
2011-07-10 07:00:00.000,2011,7,10,7,06004KT,13,09
2011-07-10 08:00:00.000,2011,7,10,8,VRB02KT,12,09
2011-07-10 09:00:00.000,2011,7,10,9,05005KT,12,09
2011-07-10 10:00:00.000,2011,7,10,10,07003KT,12,09
2011-07-10 11:00:00.000,2011,7,10,11,VRB02KT,12,09
2011-07-10 12:00:00.000,2011,7,10,12,35006KT,12,10
2011-07-10 13:00:00.000,2011,7,10,13,10003KT,14,10
2011-07-10 14:00:00.000,2011,7,10,14,VRB02KT,16,09
2011-07-10 15:00:00.000,2011,7,10,15,17010KT,17,09
2011-07-10 16:00:00.000,2011,7,10,16,15010KT,17,08
2011-07-10 17:00:00.000,2011,7,10,17,15014KT,18,09
2011-07-10 18:00:00.000,2011,7,10,18,16016KT,18,10
2011-07-10 19:00:00.000,2011,7,10,19,13014KT,19,09
2011-07-10 20:00:00.000,2011,7,10,20,14012KT,19,07
2011-07-10 21:00:00.000,2011,7,10,21,14012KT,18,07
2011-07-10 22:00:00.000,2011,7,10,22,14016KT,17,07
2011-07-10 23:00:00.000,2011,7,10,23,13010KT,16,08
2011-07-11 00:00:00.000,2011,7,11,0,13007KT,13,11
2011-07-11 01:00:00.000,2011,7,11,1,13008KT,13,08
2011-07-11 02:00:00.000,2011,7,11,2,08007KT,13,09
2011-07-11 03:00:00.000,2011,7,11,3,10007KT,12,09
2011-07-11 04:00:00.000,2011,7,11,4,08005KT,12,09
2011-07-11 05:00:00.000,2011,7,11,5,07005KT,12,09
2011-07-11 06:00:00.000,2011,7,11,6,06006KT,11,09
2011-07-11 07:00:00.000,2011,7,11,7,03004KT,11,09
2011-07-11 08:00:00.000,2011,7,11,8,02005KT,11,09
2011-07-11 09:00:00.000,2011,7,11,9,11004KT,11,09
2011-07-11 10:00:00.000,2011,7,11,10,07005KT,10,08
2011-07-11 11:00:00.000,2011,7,11,11,08005KT,11,09
2011-07-11 12:00:00.000,2011,7,11,12,05006KT,12,09
2011-07-11 13:00:00.000,2011,7,11,13,05004KT,14,09
2011-07-11 14:00:00.000,2011,7,11,14,12006KT,16,09
2011-07-11 15:00:00.000,2011,7,11,15,18006KT,17,09
2011-07-11 16:00:00.000,2011,7,11,16,14008KT,17,08
2011-07-11 17:00:00.000,2011,7,11,17,10012KT,16,08
2011-07-11 18:00:00.000,2011,7,11,18,19015KT,18,08
2011-07-11 19:00:00.000,2011,7,11,19,17010KT,18,08
2011-07-11 20:00:00.000,2011,7,11,20,14010KT,18,07
2011-07-11 21:00:00.000,2011,7,11,21,12009KT,18,08
2011-07-11 22:00:00.000,2011,7,11,22,13011KT,17,09
2011-07-11 23:00:00.000,2011,7,11,23,13011KT,17,09
2011-07-12 00:00:00.000,2011,7,12,0,14006KT,14,08
2011-07-12 01:00:00.000,2011,7,12,1,08005KT,14,09
2011-07-12 02:00:00.000,2011,7,12,2,09006KT,13,09
2011-07-12 03:00:00.000,2011,7,12,3,35004KT,12,09
2011-07-12 04:00:00.000,2011,7,12,4,36004KT,12,09
2011-07-12 05:00:00.000,2011,7,12,5,VRB02KT,12,10
2011-07-12 06:00:00.000,2011,7,12,6,VRB02KT,12,10
2011-07-12 07:00:00.000,2011,7,12,7,VRB02KT,10,09
2011-07-12 08:00:00.000,2011,7,12,8,00000KT,10,09
2011-07-12 09:00:00.000,2011,7,12,9,VRB02KT,10,09
2011-07-12 10:00:00.000,2011,7,12,10,07004KT,10,09
2011-07-12 11:00:00.000,2011,7,12,11,VRB02KT,08,07
2011-07-12 12:00:00.000,2011,7,12,12,VRB02KT,11,09
2011-07-12 13:00:00.000,2011,7,12,13,04003KT,13,10
2011-07-12 14:00:00.000,2011,7,12,14,04004KT,16,09
2011-07-12 15:00:00.000,2011,7,12,15,12004KT,17,07
2011-07-12 16:00:00.000,2011,7,12,16,15006KT,18,08
2011-07-12 17:00:00.000,2011,7,12,17,09010KT,18,07
2011-07-12 18:00:00.000,2011,7,12,18,12008KT,16,09
2011-07-12 19:00:00.000,2011,7,12,19,13008KT,17,11
2011-07-12 20:00:00.000,2011,7,12,20,27008KT,17,10
2011-07-12 21:00:00.000,2011,7,12,21,30010KT,15,10
2011-07-12 22:00:00.000,2011,7,12,22,30006KT,13,11
2011-07-12 23:00:00.000,2011,7,12,23,32006KT,13,11
2011-07-13 00:00:00.000,2011,7,13,0,29003KT,12,11
2011-07-13 01:00:00.000,2011,7,13,1,VRB02KT,12,11
2011-07-13 02:00:00.000,2011,7,13,2,32003KT,12,11
2011-07-13 03:00:00.000,2011,7,13,3,04003KT,11,11
2011-07-13 04:00:00.000,2011,7,13,4,34003KT,11,10
2011-07-13 05:00:00.000,2011,7,13,5,VRB02KT,11,10
2011-07-13 06:00:00.000,2011,7,13,6,31004KT,11,10
2011-07-13 07:00:00.000,2011,7,13,7,VRB02KT,11,10
2011-07-13 08:00:00.000,2011,7,13,8,00000KT,11,10
2011-07-13 09:00:00.000,2011,7,13,9,27003KT,11,10
2011-07-13 10:00:00.000,2011,7,13,10,VRB02KT,10,10
2011-07-13 11:00:00.000,2011,7,13,11,00000KT,10,10
2011-07-13 12:00:00.000,2011,7,13,12,04006KT,12,11
2011-07-13 13:00:00.000,2011,7,13,13,03006KT,14,11
2011-07-13 14:00:00.000,2011,7,13,14,14004KT,15,11
2011-07-13 15:00:00.000,2011,7,13,15,20003KT,15,10
2011-07-13 16:00:00.000,2011,7,13,16,02006KT,16,10
2011-07-13 17:00:00.000,2011,7,13,17,04003KT,15,12
2011-07-13 18:00:00.000,2011,7,13,18,32006KT,14,12
2011-07-13 19:00:00.000,2011,7,13,19,29012KT,14,12
2011-07-13 20:00:00.000,2011,7,13,20,34005KT,14,12
2011-07-13 21:00:00.000,2011,7,13,21,31010KT,15,12
2011-07-13 22:00:00.000,2011,7,13,22,31007KT,14,11
2011-07-13 23:00:00.000,2011,7,13,23,31005KT,14,11
2011-07-14 00:00:00.000,2011,7,14,0,VRB02KT,12,10
2011-07-14 01:00:00.000,2011,7,14,1,03003KT,12,10
2011-07-14 02:00:00.000,2011,7,14,2,VRB02KT,11,10
2011-07-14 03:00:00.000,2011,7,14,3,04003KT,11,10
2011-07-14 04:00:00.000,2011,7,14,4,30004KT,10,09
2011-07-14 05:00:00.000,2011,7,14,5,00000KT,09,09
2011-07-14 06:00:00.000,2011,7,14,6,00000KT,09,09
2011-07-14 07:00:00.000,2011,7,14,7,00000KT,08,08
2011-07-14 08:00:00.000,2011,7,14,8,VRB02KT,09,09
2011-07-14 09:00:00.000,2011,7,14,9,00000KT,08,08
2011-07-14 10:00:00.000,2011,7,14,10,05004KT,07,07
2011-07-14 11:00:00.000,2011,7,14,11,28004KT,07,07
2011-07-14 12:00:00.000,2011,7,14,12,VRB02KT,08,07
2011-07-14 13:00:00.000,2011,7,14,13,02005KT,11,10
2011-07-14 14:00:00.000,2011,7,14,14,VRB02KT,14,11
2011-07-14 15:00:00.000,2011,7,14,15,28004KT,16,11
2011-07-14 16:00:00.000,2011,7,14,16,34004KT,16,10
2011-07-14 17:00:00.000,2011,7,14,17,36006KT,17,11
2011-07-14 18:00:00.000,2011,7,14,18,24010KT,16,12
2011-07-14 19:00:00.000,2011,7,14,19,26004KT,15,11
2011-07-14 20:00:00.000,2011,7,14,20,31004KT,15,11
2011-07-14 21:00:00.000,2011,7,14,21,22007KT,14,12
2011-07-14 22:00:00.000,2011,7,14,22,30008KT,14,12
2011-07-14 23:00:00.000,2011,7,14,23,VRB02KT,13,12
2011-07-15 00:00:00.000,2011,7,15,0,26006KT,12,11
2011-07-15 01:00:00.000,2011,7,15,1,VRB02KT,12,11
2011-07-15 02:00:00.000,2011,7,15,2,33003KT,12,11
2011-07-15 03:00:00.000,2011,7,15,3,33003KT,11,10
2011-07-15 04:00:00.000,2011,7,15,4,24004KT,11,10
2011-07-15 05:00:00.000,2011,7,15,5,28004KT,11,10
2011-07-15 06:00:00.000,2011,7,15,6,00000KT,11,10
2011-07-15 07:00:00.000,2011,7,15,7,28003KT,10,10
2011-07-15 08:00:00.000,2011,7,15,8,VRB02KT,10,10
2011-07-15 09:00:00.000,2011,7,15,9,31003KT,10,09
2011-07-15 10:00:00.000,2011,7,15,10,31003KT,10,10
2011-07-15 12:00:00.000,2011,7,15,12,VRB02KT,11,11
2011-07-15 13:00:00.000,2011,7,15,13,VRB02KT,12,11
2011-07-15 14:00:00.000,2011,7,15,14,00000KT,14,12
2011-07-15 15:00:00.000,2011,7,15,15,VRB02KT,16,11
2011-07-15 16:00:00.000,2011,7,15,16,VRB02KT,17,11
2011-07-15 17:00:00.000,2011,7,15,17,30005KT,18,12
2011-07-15 18:00:00.000,2011,7,15,18,22010KT,13,11
2011-07-15 19:00:00.000,2011,7,15,19,29011KT,13,12
2011-07-15 20:00:00.000,2011,7,15,20,35006KT,13,11
2011-07-15 21:00:00.000,2011,7,15,21,VRB02KT,12,11
2011-07-15 22:00:00.000,2011,7,15,22,VRB02KT,14,11
2011-07-15 23:00:00.000,2011,7,15,23,28004KT,13,11
2011-07-16 00:00:00.000,2011,7,16,0,27004KT,13,11
2011-07-16 01:00:00.000,2011,7,16,1,28004KT,12,11
2011-07-16 02:00:00.000,2011,7,16,2,26003KT,12,11
2011-07-16 03:00:00.000,2011,7,16,3,27003KT,12,11
2011-07-16 04:00:00.000,2011,7,16,4,VRB02KT,12,11
2011-07-16 05:00:00.000,2011,7,16,5,VRB02KT,12,11
2011-07-16 06:00:00.000,2011,7,16,6,30003KT,12,11
2011-07-16 07:00:00.000,2011,7,16,7,33003KT,11,11
2011-07-16 08:00:00.000,2011,7,16,8,02003KT,11,11
2011-07-16 09:00:00.000,2011,7,16,9,33003KT,10,10
2011-07-16 10:00:00.000,2011,7,16,10,00000KT,11,10
2011-07-16 11:00:00.000,2011,7,16,11,00000KT,10,10
2011-07-16 12:00:00.000,2011,7,16,12,02003KT,10,10
2011-07-16 13:00:00.000,2011,7,16,13,06003KT,14,12
2011-07-16 14:00:00.000,2011,7,16,14,11006KT,16,10
2011-07-16 15:00:00.000,2011,7,16,15,14012KT,17,08
2011-07-16 16:00:00.000,2011,7,16,16,12012KT,18,07
2011-07-16 17:00:00.000,2011,7,16,17,14010KT,19,09
2011-07-16 18:00:00.000,2011,7,16,18,10014KT,19,08
2011-07-16 19:00:00.000,2011,7,16,19,13012KT,19,08
2011-07-16 20:00:00.000,2011,7,16,20,13010KT,19,08
2011-07-16 21:00:00.000,2011,7,16,21,09007KT,18,08
2011-07-16 22:00:00.000,2011,7,16,22,12006KT,18,08
2011-07-16 23:00:00.000,2011,7,16,23,07005KT,16,08
2011-07-17 00:00:00.000,2011,7,17,0,35005KT,13,09
2011-07-17 01:00:00.000,2011,7,17,1,04005KT,13,09
2011-07-17 02:00:00.000,2011,7,17,2,12004KT,12,07
2011-07-17 03:00:00.000,2011,7,17,3,04005KT,11,07
2011-07-17 04:00:00.000,2011,7,17,4,05006KT,11,07
2011-07-17 06:00:00.000,2011,7,17,6,VRB02KT,08,06
2011-07-17 07:00:00.000,2011,7,17,7,VRB02KT,07,05
2011-07-17 08:00:00.000,2011,7,17,8,05004KT,09,08
2011-07-17 09:00:00.000,2011,7,17,9,VRB02KT,08,07
2011-07-17 10:00:00.000,2011,7,17,10,06005KT,09,08
2011-07-17 11:00:00.000,2011,7,17,11,04005KT,10,07
2011-07-17 12:00:00.000,2011,7,17,12,04004KT,10,07
2011-07-17 13:00:00.000,2011,7,17,13,06005KT,13,07
2011-07-17 14:00:00.000,2011,7,17,14,06004KT,14,07
2011-07-17 15:00:00.000,2011,7,17,15,06011KT,16,09
2011-07-17 16:00:00.000,2011,7,17,16,09006KT,17,08
2011-07-17 17:00:00.000,2011,7,17,17,08012KT,17,08
2011-07-17 18:00:00.000,2011,7,17,18,10010KT,18,08
2011-07-17 19:00:00.000,2011,7,17,19,17010KT,17,09
2011-07-17 20:00:00.000,2011,7,17,20,12010KT,18,09
2011-07-17 21:00:00.000,2011,7,17,21,06011KT,18,09
2011-07-17 22:00:00.000,2011,7,17,22,06015KT,16,09
2011-07-17 23:00:00.000,2011,7,17,23,13004KT,15,10
2011-07-18 00:00:00.000,2011,7,18,0,25003KT,16,10
2011-07-18 01:00:00.000,2011,7,18,1,VRB02KT,13,10
2011-07-18 02:00:00.000,2011,7,18,2,VRB02KT,13,10
2011-07-18 03:00:00.000,2011,7,18,3,03003KT,13,10
2011-07-18 04:00:00.000,2011,7,18,4,09003KT,13,10
2011-07-18 05:00:00.000,2011,7,18,5,19003KT,13,10
2011-07-18 06:00:00.000,2011,7,18,6,VRB02KT,13,10
2011-07-18 07:00:00.000,2011,7,18,7,03003KT,12,10
2011-07-18 08:00:00.000,2011,7,18,8,VRB02KT,12,10
2011-07-18 09:00:00.000,2011,7,18,9,04004KT,12,10
2011-07-18 10:00:00.000,2011,7,18,10,05004KT,12,10
2011-07-18 11:00:00.000,2011,7,18,11,VRB02KT,12,10
2011-07-18 12:00:00.000,2011,7,18,12,VRB02KT,12,10
2011-07-18 13:00:00.000,2011,7,18,13,02004KT,14,11
2011-07-18 14:00:00.000,2011,7,18,14,05005KT,15,10
2011-07-18 15:00:00.000,2011,7,18,15,06005KT,15,10
2011-07-18 16:00:00.000,2011,7,18,16,14008KT,17,10
2011-07-18 17:00:00.000,2011,7,18,17,13008KT,18,10
2011-07-18 18:00:00.000,2011,7,18,18,15012KT,18,09
2011-07-18 19:00:00.000,2011,7,18,19,15010KT,18,10
2011-07-18 20:00:00.000,2011,7,18,20,15011KT,18,09
2011-07-18 21:00:00.000,2011,7,18,21,15007KT,17,08
2011-07-18 22:00:00.000,2011,7,18,22,11006KT,15,10
2011-07-18 23:00:00.000,2011,7,18,23,VRB02KT,14,10
2011-07-19 00:00:00.000,2011,7,19,0,22006KT,14,09
2011-07-19 01:00:00.000,2011,7,19,1,03005KT,13,10
2011-07-19 02:00:00.000,2011,7,19,2,34004KT,13,10
2011-07-19 03:00:00.000,2011,7,19,3,04005KT,13,10
2011-07-19 04:00:00.000,2011,7,19,4,03005KT,12,10
2011-07-19 05:00:00.000,2011,7,19,5,04005KT,11,10
2011-07-19 06:00:00.000,2011,7,19,6,04006KT,11,10
2011-07-19 07:00:00.000,2011,7,19,7,04006KT,11,10
2011-07-19 08:00:00.000,2011,7,19,8,VRB02KT,11,10
2011-07-19 09:00:00.000,2011,7,19,9,VRB02KT,11,10
2011-07-19 10:00:00.000,2011,7,19,10,02006KT,11,10
2011-07-19 11:00:00.000,2011,7,19,11,05004KT,11,10
2011-07-19 12:00:00.000,2011,7,19,12,03004KT,12,10
2011-07-19 13:00:00.000,2011,7,19,13,06007KT,15,10
2011-07-19 14:00:00.000,2011,7,19,14,12006KT,16,09
2011-07-19 15:00:00.000,2011,7,19,15,12014KT,17,08
2011-07-19 16:00:00.000,2011,7,19,16,12016KT,19,08
2011-07-19 17:00:00.000,2011,7,19,17,15011KT,18,09
2011-07-19 18:00:00.000,2011,7,19,18,16012KT,18,09
2011-07-19 19:00:00.000,2011,7,19,19,15013KT,18,08
2011-07-19 20:00:00.000,2011,7,19,20,11012KT,17,10
2011-07-19 21:00:00.000,2011,7,19,21,17014KT,17,09
2011-07-19 22:00:00.000,2011,7,19,22,09007KT,17,09
2011-07-19 23:00:00.000,2011,7,19,23,12008KT,16,08
2011-07-20 00:00:00.000,2011,7,20,0,12004KT,15,08
2011-07-20 01:00:00.000,2011,7,20,1,13004KT,14,08
2011-07-20 02:00:00.000,2011,7,20,2,11006KT,14,08
2011-07-20 03:00:00.000,2011,7,20,3,05005KT,13,09
2011-07-20 04:00:00.000,2011,7,20,4,05004KT,12,09
2011-07-20 05:00:00.000,2011,7,20,5,05005KT,12,09
2011-07-20 06:00:00.000,2011,7,20,6,02004KT,12,09
2011-07-20 07:00:00.000,2011,7,20,7,06004KT,11,09
2011-07-20 08:00:00.000,2011,7,20,8,06005KT,11,09
2011-07-20 09:00:00.000,2011,7,20,9,04005KT,11,09
2011-07-20 10:00:00.000,2011,7,20,10,VRB02KT,10,09
2011-07-20 11:00:00.000,2011,7,20,11,10003KT,10,09
2011-07-20 12:00:00.000,2011,7,20,12,03003KT,10,09
2011-07-20 13:00:00.000,2011,7,20,13,05005KT,13,09
2011-07-20 14:00:00.000,2011,7,20,14,16005KT,16,10
2011-07-20 17:00:00.000,2011,7,20,17,15008KT,18,07
2011-07-20 18:00:00.000,2011,7,20,18,11012KT,15,09
2011-07-20 19:00:00.000,2011,7,20,19,11010KT,18,09
2011-07-20 20:00:00.000,2011,7,20,20,13011KT,18,08
2011-07-20 21:00:00.000,2011,7,20,21,09008KT,17,09
2011-07-20 22:00:00.000,2011,7,20,22,09012KT,16,09
2011-07-20 23:00:00.000,2011,7,20,23,12010KT,15,08
2011-07-21 00:00:00.000,2011,7,21,0,06006KT,13,08
2011-07-21 01:00:00.000,2011,7,21,1,07005KT,13,08
2011-07-21 02:00:00.000,2011,7,21,2,VRB02KT,11,08
2011-07-21 03:00:00.000,2011,7,21,3,VRB02KT,11,08
2011-07-21 04:00:00.000,2011,7,21,4,06006KT,11,08
2011-07-21 05:00:00.000,2011,7,21,5,02005KT,11,08
2011-07-21 06:00:00.000,2011,7,21,6,35004KT,11,09
2011-07-21 07:00:00.000,2011,7,21,7,05006KT,11,09
2011-07-21 08:00:00.000,2011,7,21,8,VRB02KT,11,08
2011-07-21 09:00:00.000,2011,7,21,9,10005KT,11,07
2011-07-21 10:00:00.000,2011,7,21,10,03004KT,11,08
2011-07-21 11:00:00.000,2011,7,21,11,03006KT,12,10
2011-07-21 12:00:00.000,2011,7,21,12,06008KT,13,09
2011-07-21 13:00:00.000,2011,7,21,13,12010KT,15,09
2011-07-21 14:00:00.000,2011,7,21,14,13012KT,17,08
2011-07-21 15:00:00.000,2011,7,21,15,16012KT,16,08
2011-07-21 16:00:00.000,2011,7,21,16,16012KT,17,08
2011-07-21 17:00:00.000,2011,7,21,17,12012KT,18,10
2011-07-21 18:00:00.000,2011,7,21,18,15010KT,17,09
2011-07-21 19:00:00.000,2011,7,21,19,18010KT,17,09
2011-07-21 20:00:00.000,2011,7,21,20,16010KT,17,09
2011-07-21 21:00:00.000,2011,7,21,21,12010KT,17,09
2011-07-21 22:00:00.000,2011,7,21,22,07008KT,16,09
2011-07-21 23:00:00.000,2011,7,21,23,09008KT,15,10
2011-07-22 00:00:00.000,2011,7,22,0,06005KT,14,10
2011-07-22 01:00:00.000,2011,7,22,1,05006KT,14,10
2011-07-22 02:00:00.000,2011,7,22,2,04006KT,13,09
2011-07-22 03:00:00.000,2011,7,22,3,03006KT,12,09
2011-07-22 04:00:00.000,2011,7,22,4,04009KT,12,09
2011-07-22 05:00:00.000,2011,7,22,5,06003KT,12,09
2011-07-22 06:00:00.000,2011,7,22,6,02003KT,11,08
2011-07-22 07:00:00.000,2011,7,22,7,VRB02KT,10,08
2011-07-22 08:00:00.000,2011,7,22,8,05005KT,11,09
2011-07-22 09:00:00.000,2011,7,22,9,VRB02KT,11,09
2011-07-22 10:00:00.000,2011,7,22,10,05006KT,11,09
2011-07-22 11:00:00.000,2011,7,22,11,04005KT,11,09
2011-07-22 12:00:00.000,2011,7,22,12,06004KT,12,10
2011-07-22 13:00:00.000,2011,7,22,13,VRB02KT,13,09
2011-07-22 14:00:00.000,2011,7,22,14,09007KT,14,09
2011-07-22 15:00:00.000,2011,7,22,15,16010KT,16,10
2011-07-22 16:00:00.000,2011,7,22,16,15012KT,17,09
2011-07-22 17:00:00.000,2011,7,22,17,14010KT,18,10
2011-07-22 18:00:00.000,2011,7,22,18,14014KT,19,10
2011-07-22 19:00:00.000,2011,7,22,19,18008KT,20,09
2011-07-22 20:00:00.000,2011,7,22,20,14010KT,20,08
2011-07-22 21:00:00.000,2011,7,22,21,08008KT,18,09
2011-07-22 22:00:00.000,2011,7,22,22,09008KT,17,08
2011-07-22 23:00:00.000,2011,7,22,23,15010KT,15,11
2011-07-23 00:00:00.000,2011,7,23,0,06007KT,14,12
2011-07-23 01:00:00.000,2011,7,23,1,09006KT,14,10
2011-07-23 02:00:00.000,2011,7,23,2,12006KT,14,10
2011-07-23 03:00:00.000,2011,7,23,3,35003KT,14,09
2011-07-23 04:00:00.000,2011,7,23,4,09005KT,13,10
2011-07-23 05:00:00.000,2011,7,23,5,09004KT,13,09
2011-07-23 06:00:00.000,2011,7,23,6,12006KT,13,09
2011-07-23 08:00:00.000,2011,7,23,8,05005KT,12,09
2011-07-23 09:00:00.000,2011,7,23,9,34003KT,12,10
2011-07-23 10:00:00.000,2011,7,23,10,VRB02KT,12,10
2011-07-23 11:00:00.000,2011,7,23,11,12005KT,12,09
2011-07-23 12:00:00.000,2011,7,23,12,10006KT,14,09
2011-07-23 13:00:00.000,2011,7,23,13,12010KT,16,09
2011-07-23 14:00:00.000,2011,7,23,14,12010KT,16,09
2011-07-23 15:00:00.000,2011,7,23,15,15012KT,16,10
2011-07-23 16:00:00.000,2011,7,23,16,15016KT,14,10
2011-07-23 17:00:00.000,2011,7,23,17,17012KT,16,10
2011-07-23 18:00:00.000,2011,7,23,18,15014KT,16,10
2011-07-23 19:00:00.000,2011,7,23,19,16012KT,17,10
2011-07-23 20:00:00.000,2011,7,23,20,17014KT,16,10
2011-07-23 21:00:00.000,2011,7,23,21,15014KT,15,10
2011-07-23 22:00:00.000,2011,7,23,22,14012KT,15,08
2011-07-23 23:00:00.000,2011,7,23,23,15010KT,15,08
2011-07-24 00:00:00.000,2011,7,24,0,13006KT,13,07
2011-07-24 01:00:00.000,2011,7,24,1,04006KT,12,08
2011-07-24 02:00:00.000,2011,7,24,2,05006KT,12,08
2011-07-24 03:00:00.000,2011,7,24,3,09006KT,14,09
2011-07-24 04:00:00.000,2011,7,24,4,VRB02KT,11,08
2011-07-24 05:00:00.000,2011,7,24,5,09005KT,12,07
2011-07-24 06:00:00.000,2011,7,24,6,VRB02KT,12,08
2011-07-24 07:00:00.000,2011,7,24,7,20006KT,12,08
2011-07-24 08:00:00.000,2011,7,24,8,16006KT,11,09
2011-07-24 09:00:00.000,2011,7,24,9,12006KT,11,09
2011-07-24 10:00:00.000,2011,7,24,10,14006KT,11,09
2011-07-24 11:00:00.000,2011,7,24,11,13008KT,10,08
2011-07-24 12:00:00.000,2011,7,24,12,09006KT,13,09
2011-07-24 13:00:00.000,2011,7,24,13,13008KT,14,09
2011-07-24 14:00:00.000,2011,7,24,14,14006KT,16,09
2011-07-24 15:00:00.000,2011,7,24,15,14008KT,16,10
2011-07-24 16:00:00.000,2011,7,24,16,16011KT,17,10
2011-07-24 17:00:00.000,2011,7,24,17,16016KT,17,10
2011-07-24 18:00:00.000,2011,7,24,18,15012KT,16,09
2011-07-24 19:00:00.000,2011,7,24,19,15013KT,18,10
2011-07-24 20:00:00.000,2011,7,24,20,15016KT,18,10
2011-07-24 21:00:00.000,2011,7,24,21,16012KT,17,10
2011-07-24 22:00:00.000,2011,7,24,22,15013KT,16,09
2011-07-24 23:00:00.000,2011,7,24,23,14010KT,15,09
2011-07-25 00:00:00.000,2011,7,25,0,10005KT,14,09
2011-07-25 01:00:00.000,2011,7,25,1,14005KT,14,09
2011-07-25 02:00:00.000,2011,7,25,2,12004KT,14,09
2011-07-25 03:00:00.000,2011,7,25,3,09006KT,14,19
2011-07-25 04:00:00.000,2011,7,25,4,13004KT,14,09
2011-07-25 06:00:00.000,2011,7,25,6,13005KT,13,09
2011-07-25 07:00:00.000,2011,7,25,7,12006KT,13,10
2011-07-25 08:00:00.000,2011,7,25,8,12006KT,13,10
2011-07-25 09:00:00.000,2011,7,25,9,08003KT,13,10
2011-07-25 10:00:00.000,2011,7,25,10,08006KT,13,09
2011-07-25 11:00:00.000,2011,7,25,11,05004KT,13,09
2011-07-25 12:00:00.000,2011,7,25,12,34003KT,12,10
2011-07-25 13:00:00.000,2011,7,25,13,09006KT,13,10
2011-07-25 14:00:00.000,2011,7,25,14,15010KT,15,10
2011-07-25 15:00:00.000,2011,7,25,15,17012KT,16,11
2011-07-25 16:00:00.000,2011,7,25,16,15011KT,18,10
2011-07-25 17:00:00.000,2011,7,25,17,15016KT,18,10
2011-07-25 18:00:00.000,2011,7,25,18,14012KT,16,11
2011-07-25 19:00:00.000,2011,7,25,19,12013KT,18,09
2011-07-25 20:00:00.000,2011,7,25,20,06010KT,17,11
2011-07-25 21:00:00.000,2011,7,25,21,09008KT,17,08
2011-07-25 22:00:00.000,2011,7,25,22,09008KT,16,08
2011-07-25 23:00:00.000,2011,7,25,23,14008KT,15,07
2011-07-26 01:00:00.000,2011,7,26,1,14008KT,14,09
2011-07-26 02:00:00.000,2011,7,26,2,VRB02KT,13,10
2011-07-26 03:00:00.000,2011,7,26,3,04006KT,13,10
2011-07-26 04:00:00.000,2011,7,26,4,04005KT,13,10
2011-07-26 05:00:00.000,2011,7,26,5,05005KT,12,09
2011-07-26 06:00:00.000,2011,7,26,6,VRB02KT,12,09
2011-07-26 07:00:00.000,2011,7,26,7,VRB02KT,12,09
2011-07-26 08:00:00.000,2011,7,26,8,VRB02KT,12,09
2011-07-26 09:00:00.000,2011,7,26,9,32005KT,10,09
2011-07-26 10:00:00.000,2011,7,26,10,05005KT,11,09
2011-07-26 11:00:00.000,2011,7,26,11,05006KT,11,09
2011-07-26 12:00:00.000,2011,7,26,12,05006KT,12,10
2011-07-26 13:00:00.000,2011,7,26,13,07006KT,13,10
2011-07-26 15:00:00.000,2011,7,26,15,06007KT,15,10
2011-07-26 16:00:00.000,2011,7,26,16,09006KT,16,10
2011-07-26 17:00:00.000,2011,7,26,17,12010KT,18,10
2011-07-26 18:00:00.000,2011,7,26,18,14012KT,20,08
2011-07-26 19:00:00.000,2011,7,26,19,15014KT,20,08
2011-07-26 20:00:00.000,2011,7,26,20,12012KT,20,09
2011-07-26 21:00:00.000,2011,7,26,21,12010KT,19,08
2011-07-26 22:00:00.000,2011,7,26,22,12010KT,18,05
2011-07-26 23:00:00.000,2011,7,26,23,12014KT,17,07
2011-07-27 00:00:00.000,2011,7,27,0,11010KT,14,07
2011-07-27 01:00:00.000,2011,7,27,1,09008KT,14,07
2011-07-27 02:00:00.000,2011,7,27,2,04007KT,13,08
2011-07-27 03:00:00.000,2011,7,27,3,03004KT,13,08
2011-07-27 04:00:00.000,2011,7,27,4,03005KT,12,09
2011-07-27 05:00:00.000,2011,7,27,5,06003KT,12,09
2011-07-27 06:00:00.000,2011,7,27,6,07004KT,12,09
2011-07-27 07:00:00.000,2011,7,27,7,04006KT,12,10
2011-07-27 08:00:00.000,2011,7,27,8,VRB02KT,12,10
2011-07-27 09:00:00.000,2011,7,27,9,VRB02KT,10,09
2011-07-27 10:00:00.000,2011,7,27,10,VRB02KT,10,09
2011-07-27 11:00:00.000,2011,7,27,11,VRB02KT,10,09
2011-07-27 12:00:00.000,2011,7,27,12,VRB02KT,12,10
2011-07-27 13:00:00.000,2011,7,27,13,13005KT,15,09
2011-07-27 14:00:00.000,2011,7,27,14,17011KT,16,08
2011-07-27 15:00:00.000,2011,7,27,15,17012KT,17,09
2011-07-27 16:00:00.000,2011,7,27,16,17012KT,18,09
2011-07-27 17:00:00.000,2011,7,27,17,17015KT,18,09
2011-07-27 18:00:00.000,2011,7,27,18,16012KT,18,09
2011-07-27 19:00:00.000,2011,7,27,19,15008KT,19,09
2011-07-27 20:00:00.000,2011,7,27,20,18010KT,19,11
2011-07-27 21:00:00.000,2011,7,27,21,16014KT,17,10
2011-07-27 22:00:00.000,2011,7,27,22,15012KT,17,10
2011-07-27 23:00:00.000,2011,7,27,23,15010KT,15,09
2011-07-28 00:00:00.000,2011,7,28,0,16008KT,14,09
2011-07-28 01:00:00.000,2011,7,28,1,14005KT,14,10
2011-07-28 02:00:00.000,2011,7,28,2,02005KT,13,10
2011-07-28 03:00:00.000,2011,7,28,3,07004KT,13,11
2011-07-28 04:00:00.000,2011,7,28,4,05003KT,12,10
2011-07-28 05:00:00.000,2011,7,28,5,04003KT,12,10
2011-07-28 06:00:00.000,2011,7,28,6,04005KT,11,10
2011-07-28 07:00:00.000,2011,7,28,7,05005KT,11,10
2011-07-28 08:00:00.000,2011,7,28,8,05004KT,11,10
2011-07-28 09:00:00.000,2011,7,28,9,07006KT,11,10
2011-07-28 10:00:00.000,2011,7,28,10,06005KT,11,10
2011-07-28 11:00:00.000,2011,7,28,11,04005KT,11,10
2011-07-28 12:00:00.000,2011,7,28,12,05005KT,12,09
2011-07-28 13:00:00.000,2011,7,28,13,02003KT,14,10
2011-07-28 14:00:00.000,2011,7,28,14,18003KT,15,09
2011-07-28 15:00:00.000,2011,7,28,15,VRB02KT,15,10
2011-07-28 16:00:00.000,2011,7,28,16,03004KT,16,09
2011-07-28 17:00:00.000,2011,7,28,17,VRB02KT,18,09
2011-07-28 18:00:00.000,2011,7,28,18,04010KT,19,09
2011-07-28 19:00:00.000,2011,7,28,19,06006KT,19,09
2011-07-28 20:00:00.000,2011,7,28,20,21007KT,18,11
2011-07-28 21:00:00.000,2011,7,28,21,14007KT,18,09
2011-07-28 22:00:00.000,2011,7,28,22,05005KT,18,09
2011-07-28 23:00:00.000,2011,7,28,23,34005KT,15,12
2011-07-29 00:00:00.000,2011,7,29,0,32006KT,13,11
2011-07-29 01:00:00.000,2011,7,29,1,31005KT,13,11
2011-07-29 02:00:00.000,2011,7,29,2,02004KT,13,11
2011-07-29 03:00:00.000,2011,7,29,3,33003KT,12,11
2011-07-29 04:00:00.000,2011,7,29,4,VRB02KT,12,10
2011-07-29 05:00:00.000,2011,7,29,5,33003KT,11,09
2011-07-29 06:00:00.000,2011,7,29,6,VRB02KT,11,09
2011-07-29 07:00:00.000,2011,7,29,7,VRB02KT,11,09
2011-07-29 08:00:00.000,2011,7,29,8,27004KT,09,09
2011-07-29 09:00:00.000,2011,7,29,9,00000KT,08,08
2011-07-29 10:00:00.000,2011,7,29,10,00000KT,09,09
2011-07-29 11:00:00.000,2011,7,29,11,34003KT,10,09
2011-07-29 12:00:00.000,2011,7,29,12,VRB02KT,12,10
2011-07-29 13:00:00.000,2011,7,29,13,33003KT,13,11
2011-07-29 14:00:00.000,2011,7,29,14,05004KT,16,10
2011-07-29 15:00:00.000,2011,7,29,15,02003KT,17,11
2011-07-29 16:00:00.000,2011,7,29,16,06006KT,18,09
2011-07-29 17:00:00.000,2011,7,29,17,32010KT,16,11
2011-07-29 18:00:00.000,2011,7,29,18,33010KT,18,11
2011-07-29 19:00:00.000,2011,7,29,19,32010KT,17,10
2011-07-29 20:00:00.000,2011,7,29,20,32012KT,16,10
2011-07-29 22:00:00.000,2011,7,29,22,30004KT,12,11
2011-07-29 23:00:00.000,2011,7,29,23,30003KT,12,10
2011-07-30 00:00:00.000,2011,7,30,0,18005KT,13,10
2011-07-30 01:00:00.000,2011,7,30,1,VRB02KT,13,10
2011-07-30 03:00:00.000,2011,7,30,3,VRB02KT,12,11
2011-07-30 04:00:00.000,2011,7,30,4,VRB02KT,12,11
2011-07-30 05:00:00.000,2011,7,30,5,05007KT,12,11
2011-07-30 06:00:00.000,2011,7,30,6,04006KT,12,11
2011-07-30 07:00:00.000,2011,7,30,7,34005KT,11,10
2011-07-30 08:00:00.000,2011,7,30,8,04003KT,11,10
2011-07-30 11:00:00.000,2011,7,30,11,34004KT,11,10
2011-07-30 12:00:00.000,2011,7,30,12,VRB02KT,11,10
2011-07-30 13:00:00.000,2011,7,30,13,VRB02KT,12,10
2011-07-30 19:00:00.000,2011,7,30,19,27012KT,16,12
2011-07-30 20:00:00.000,2011,7,30,20,28010KT,17,12
2011-07-30 21:00:00.000,2011,7,30,21,28012KT,16,12
2011-07-30 22:00:00.000,2011,7,30,22,23014KT,14,12
2011-07-30 23:00:00.000,2011,7,30,23,20003KT,12,11
2011-07-31 00:00:00.000,2011,7,31,0,02006KT,11,11
2011-07-31 01:00:00.000,2011,7,31,1,VRB02KT,11,10
2011-07-31 02:00:00.000,2011,7,31,2,04004KT,11,10
2011-07-31 03:00:00.000,2011,7,31,3,00000KT,11,10
2011-07-31 04:00:00.000,2011,7,31,4,VRB02KT,10,10
2011-07-31 05:00:00.000,2011,7,31,5,VRB02KT,10,10
2011-07-31 06:00:00.000,2011,7,31,6,VRB02KT,10,10
2011-07-31 07:00:00.000,2011,7,31,7,VRB02KT,10,10
2011-07-31 08:00:00.000,2011,7,31,8,VRB02KT,09,09
2011-07-31 09:00:00.000,2011,7,31,9,VRB02KT,09,09
2011-07-31 10:00:00.000,2011,7,31,10,VRB02KT,09,09
2011-07-31 12:00:00.000,2011,7,31,12,VRB02KT,10,10
2011-07-31 13:00:00.000,2011,7,31,13,06003KT,11,11
2011-07-31 14:00:00.000,2011,7,31,14,08004KT,12,11
2011-07-31 15:00:00.000,2011,7,31,15,04006KT,16,11
2011-07-31 16:00:00.000,2011,7,31,16,04004KT,19,11
2011-07-31 17:00:00.000,2011,7,31,17,12006KT,20,10
2011-07-31 18:00:00.000,2011,7,31,18,12010KT,21,10
2011-07-31 19:00:00.000,2011,7,31,19,27012KT,20,11
2011-07-31 20:00:00.000,2011,7,31,20,32008KT,15,13
2011-07-31 21:00:00.000,2011,7,31,21,28012KT,15,12
2011-07-31 22:00:00.000,2011,7,31,22,30010KT,14,12
2011-07-31 23:00:00.000,2011,7,31,23,30010KT,13,11
2011-08-01 00:00:00.000,2011,8,1,0,28005KT,12,10
2011-08-01 01:00:00.000,2011,8,1,1,05004KT,13,09
2011-08-01 02:00:00.000,2011,8,1,2,04003KT,13,09
2011-08-01 03:00:00.000,2011,8,1,3,VRB02KT,12,09
2011-08-01 04:00:00.000,2011,8,1,4,08003KT,12,09
2011-08-01 06:00:00.000,2011,8,1,6,VRB02KT,09,08
2011-08-01 10:00:00.000,2011,8,1,10,VRB02KT,09,09
2011-08-01 11:00:00.000,2011,8,1,11,32003KT,07,06
2011-08-01 12:00:00.000,2011,8,1,12,VRB02KT,07,07
2011-08-01 13:00:00.000,2011,8,1,13,VRB02KT,10,10
2011-08-01 14:00:00.000,2011,8,1,14,05010KT,15,12
2011-08-01 15:00:00.000,2011,8,1,15,03008KT,17,12
2011-08-01 16:00:00.000,2011,8,1,16,02009KT,19,12
2011-08-01 17:00:00.000,2011,8,1,17,06008KT,21,09
2011-08-01 18:00:00.000,2011,8,1,18,24012KT,20,14
2011-08-01 19:00:00.000,2011,8,1,19,26014KT,18,14
2011-08-01 20:00:00.000,2011,8,1,20,25014KT,17,14
2011-08-01 21:00:00.000,2011,8,1,21,27008KT,16,13
2011-08-01 22:00:00.000,2011,8,1,22,30008KT,16,13
2011-08-01 23:00:00.000,2011,8,1,23,30008KT,15,12
2011-08-02 00:00:00.000,2011,8,2,0,33005KT,13,12
2011-08-02 01:00:00.000,2011,8,2,1,VRB02KT,12,11
2011-08-02 02:00:00.000,2011,8,2,2,VRB02KT,14,12
2011-08-02 03:00:00.000,2011,8,2,3,VRB02KT,13,11
2011-08-02 04:00:00.000,2011,8,2,4,35005KT,10,09
2011-08-02 05:00:00.000,2011,8,2,5,00000KT,11,10
2011-08-02 06:00:00.000,2011,8,2,6,25005KT,11,10
2011-08-02 07:00:00.000,2011,8,2,7,34003KT,11,10
2011-08-02 08:00:00.000,2011,8,2,8,32004KT,11,10
2011-08-02 09:00:00.000,2011,8,2,9,17003KT,10,10
2011-08-02 10:00:00.000,2011,8,2,10,00000KT,09,08
2011-08-02 11:00:00.000,2011,8,2,11,31003KT,08,08
2011-08-02 12:00:00.000,2011,8,2,12,VRB02KT,12,11
2011-08-02 13:00:00.000,2011,8,2,13,03003KT,15,12
2011-08-02 14:00:00.000,2011,8,2,14,08004KT,16,11
2011-08-02 15:00:00.000,2011,8,2,15,04003KT,19,12
2011-08-02 16:00:00.000,2011,8,2,16,02003KT,20,11
2011-08-02 17:00:00.000,2011,8,2,17,25008KT,20,13
2011-08-02 18:00:00.000,2011,8,2,18,25012KT,20,14
2011-08-02 19:00:00.000,2011,8,2,19,28014KT,16,14
2011-08-02 20:00:00.000,2011,8,2,20,27014KT,17,13
2011-08-02 21:00:00.000,2011,8,2,21,27012KT,17,13
2011-08-02 22:00:00.000,2011,8,2,22,26010KT,17,12
2011-08-02 23:00:00.000,2011,8,2,23,25006KT,16,12
2011-08-03 00:00:00.000,2011,8,3,0,31004KT,15,10
2011-08-03 01:00:00.000,2011,8,3,1,28004KT,14,11
2011-08-03 02:00:00.000,2011,8,3,2,04004KT,14,11
2011-08-03 03:00:00.000,2011,8,3,3,06005KT,14,11
2011-08-03 04:00:00.000,2011,8,3,4,14004KT,14,12
2011-08-03 05:00:00.000,2011,8,3,5,04005KT,13,10
2011-08-03 06:00:00.000,2011,8,3,6,04004KT,14,12
2011-08-03 07:00:00.000,2011,8,3,7,VRB02KT,11,09
2011-08-03 08:00:00.000,2011,8,3,8,28004KT,10,09
2011-08-03 09:00:00.000,2011,8,3,9,07003KT,10,10
2011-08-03 10:00:00.000,2011,8,3,10,04005KT,11,10
2011-08-03 11:00:00.000,2011,8,3,11,34003KT,11,10
2011-08-03 12:00:00.000,2011,8,3,12,06003KT,12,11
2011-08-03 13:00:00.000,2011,8,3,13,05006KT,14,11
2011-08-03 14:00:00.000,2011,8,3,14,08005KT,16,11
2011-08-03 15:00:00.000,2011,8,3,15,17003KT,17,10
2011-08-03 16:00:00.000,2011,8,3,16,VRB02KT,15,13
2011-08-03 17:00:00.000,2011,8,3,17,16008KT,15,13
2011-08-03 18:00:00.000,2011,8,3,18,16006KT,16,12
2011-08-03 19:00:00.000,2011,8,3,19,02006KT,15,12
2011-08-03 20:00:00.000,2011,8,3,20,12003KT,14,12
2011-08-03 21:00:00.000,2011,8,3,21,12006KT,15,11
2011-08-03 22:00:00.000,2011,8,3,22,12004KT,15,11
2011-08-03 23:00:00.000,2011,8,3,23,18006KT,14,11
2011-08-04 00:00:00.000,2011,8,4,0,00000KT,15,12
2011-08-04 01:00:00.000,2011,8,4,1,04007KT,13,12
2011-08-04 02:00:00.000,2011,8,4,2,06007KT,13,11
2011-08-04 03:00:00.000,2011,8,4,3,07003KT,13,11
2011-08-04 04:00:00.000,2011,8,4,4,06003KT,13,11
2011-08-04 05:00:00.000,2011,8,4,5,34004KT,12,11
2011-08-04 06:00:00.000,2011,8,4,6,07003KT,12,10
2011-08-04 07:00:00.000,2011,8,4,7,33003KT,11,10
2011-08-04 08:00:00.000,2011,8,4,8,35003KT,10,09
2011-08-04 09:00:00.000,2011,8,4,9,06004KT,13,10
2011-08-04 10:00:00.000,2011,8,4,10,02005KT,13,11
2011-08-04 11:00:00.000,2011,8,4,11,05004KT,09,09
2011-08-04 12:00:00.000,2011,8,4,12,34003KT,10,08
2011-08-04 13:00:00.000,2011,8,4,13,03006KT,12,09
2011-08-04 14:00:00.000,2011,8,4,14,34003KT,14,10
2011-08-04 15:00:00.000,2011,8,4,15,16012KT,18,08
2011-08-04 16:00:00.000,2011,8,4,16,12008KT,19,09
2011-08-04 17:00:00.000,2011,8,4,17,16010KT,18,08
2011-08-04 18:00:00.000,2011,8,4,18,20003KT,19,08
2011-08-04 19:00:00.000,2011,8,4,19,15010KT,19,07
2011-08-04 20:00:00.000,2011,8,4,20,15014KT,16,09
2011-08-04 21:00:00.000,2011,8,4,21,15008KT,16,09
2011-08-04 22:00:00.000,2011,8,4,22,15008KT,15,09
2011-08-04 23:00:00.000,2011,8,4,23,12006KT,15,09
2011-08-05 00:00:00.000,2011,8,5,0,08010KT,14,07
2011-08-05 01:00:00.000,2011,8,5,1,05006KT,12,09
2011-08-05 02:00:00.000,2011,8,5,2,04006KT,12,09
2011-08-05 03:00:00.000,2011,8,5,3,04007KT,12,08
2011-08-05 04:00:00.000,2011,8,5,4,34004KT,12,09
2011-08-05 05:00:00.000,2011,8,5,5,03007KT,12,09
2011-08-05 06:00:00.000,2011,8,5,6,03004KT,11,09
2011-08-05 07:00:00.000,2011,8,5,7,06004KT,11,09
2011-08-05 08:00:00.000,2011,8,5,8,07004KT,11,09
2011-08-05 09:00:00.000,2011,8,5,9,04006KT,11,09
2011-08-05 10:00:00.000,2011,8,5,10,05006KT,12,09
2011-08-05 11:00:00.000,2011,8,5,11,06003KT,11,09
2011-08-05 12:00:00.000,2011,8,5,12,02008KT,12,09
2011-08-05 13:00:00.000,2011,8,5,13,09011KT,15,08
2011-08-05 14:00:00.000,2011,8,5,14,12013KT,17,07
2011-08-05 15:00:00.000,2011,8,5,15,14016KT,18,07
2011-08-05 16:00:00.000,2011,8,5,16,13014KT,17,07
2011-08-05 17:00:00.000,2011,8,5,17,14014KT,18,08
2011-08-05 18:00:00.000,2011,8,5,18,14015KT,20,07
2011-08-05 19:00:00.000,2011,8,5,19,14014KT,19,05
2011-08-05 20:00:00.000,2011,8,5,20,13015KT,20,07
2011-08-05 21:00:00.000,2011,8,5,21,12014KT,19,05
2011-08-05 22:00:00.000,2011,8,5,22,12012KT,18,04
2011-08-05 23:00:00.000,2011,8,5,23,12010KT,17,05
2011-08-06 02:00:00.000,2011,8,6,2,05003KT,13,08
2011-08-06 03:00:00.000,2011,8,6,3,VRB02KT,12,08
2011-08-06 04:00:00.000,2011,8,6,4,02003KT,12,07
2011-08-06 05:00:00.000,2011,8,6,5,07006KT,11,07
2011-08-06 06:00:00.000,2011,8,6,6,33003KT,10,07
2011-08-06 07:00:00.000,2011,8,6,7,32004KT,08,06
2011-08-06 08:00:00.000,2011,8,6,8,07005KT,09,07
2011-08-06 09:00:00.000,2011,8,6,9,06003KT,09,07
2011-08-06 10:00:00.000,2011,8,6,10,06006KT,08,07
2011-08-06 11:00:00.000,2011,8,6,11,05004KT,08,07
2011-08-06 12:00:00.000,2011,8,6,12,07007KT,10,07
2011-08-06 13:00:00.000,2011,8,6,13,03005KT,13,08
2011-08-06 14:00:00.000,2011,8,6,14,08004KT,16,07
2011-08-06 15:00:00.000,2011,8,6,15,15012KT,18,06
2011-08-06 16:00:00.000,2011,8,6,16,16016KT,19,07
2011-08-06 17:00:00.000,2011,8,6,17,16018KT,20,07
2011-08-06 18:00:00.000,2011,8,6,18,15012KT,20,06
2011-08-06 19:00:00.000,2011,8,6,19,17015KT,18,07
2011-08-06 20:00:00.000,2011,8,6,20,16017KT,20,07
2011-08-06 21:00:00.000,2011,8,6,21,16014KT,18,07
2011-08-06 22:00:00.000,2011,8,6,22,16015KT,17,06
2011-08-06 23:00:00.000,2011,8,6,23,14012KT,15,07
2011-08-07 00:00:00.000,2011,8,7,0,13006KT,14,07
2011-08-07 01:00:00.000,2011,8,7,1,13006KT,13,07
2011-08-07 02:00:00.000,2011,8,7,2,VRB02KT,13,08
2011-08-07 03:00:00.000,2011,8,7,3,VRB02KT,12,08
2011-08-07 04:00:00.000,2011,8,7,4,21006KT,13,09
2011-08-07 05:00:00.000,2011,8,7,5,18010KT,13,09
2011-08-07 06:00:00.000,2011,8,7,6,18006KT,13,08
2011-08-07 07:00:00.000,2011,8,7,7,21004KT,12,09
2011-08-07 08:00:00.000,2011,8,7,8,35004KT,12,08
2011-08-07 09:00:00.000,2011,8,7,9,VRB02KT,11,08
2011-08-07 10:00:00.000,2011,8,7,10,VRB02KT,11,08
2011-08-07 11:00:00.000,2011,8,7,11,14010KT,11,07
2011-08-07 12:00:00.000,2011,8,7,12,15010KT,12,08
2011-08-07 13:00:00.000,2011,8,7,13,17012KT,12,09
2011-08-07 14:00:00.000,2011,8,7,14,18014KT,15,09
2011-08-07 15:00:00.000,2011,8,7,15,16013KT,15,10
2011-08-07 16:00:00.000,2011,8,7,16,16018KT,16,08
2011-08-07 17:00:00.000,2011,8,7,17,17019KT,17,08
2011-08-07 18:00:00.000,2011,8,7,18,16020KT,18,08
2011-08-07 19:00:00.000,2011,8,7,19,16019KT,17,06
2011-08-07 20:00:00.000,2011,8,7,20,15017KT,16,07
2011-08-07 21:00:00.000,2011,8,7,21,15016KT,18,08
2011-08-07 22:00:00.000,2011,8,7,22,16016KT,17,08
2011-08-07 23:00:00.000,2011,8,7,23,15013KT,15,06
2011-08-08 00:00:00.000,2011,8,8,0,06007KT,29,26
2011-08-08 01:00:00.000,2011,8,8,1,08007KT,29,26
2011-08-08 02:00:00.000,2011,8,8,2,08008KT,29,26
2011-08-08 03:00:00.000,2011,8,8,3,29003KT,12,08
2011-08-08 04:00:00.000,2011,8,8,4,07006KT,12,09
2011-08-08 05:00:00.000,2011,8,8,5,05004KT,12,08
2011-08-08 06:00:00.000,2011,8,8,6,03007KT,12,08
2011-08-08 07:00:00.000,2011,8,8,7,05007KT,11,08
2011-08-08 08:00:00.000,2011,8,8,8,07005KT,11,08
2011-08-08 09:00:00.000,2011,8,8,9,06008KT,10,08
2011-08-08 10:00:00.000,2011,8,8,10,VRB02KT,10,08
2011-08-08 11:00:00.000,2011,8,8,11,35003KT,09,08
2011-08-08 12:00:00.000,2011,8,8,12,05004KT,10,09
2011-08-08 13:00:00.000,2011,8,8,13,VRB02KT,13,08
2011-08-08 14:00:00.000,2011,8,8,14,11010KT,16,07
2011-08-08 15:00:00.000,2011,8,8,15,12012KT,17,07
2011-08-08 16:00:00.000,2011,8,8,16,12014KT,18,08
2011-08-08 17:00:00.000,2011,8,8,17,15016KT,18,09
2011-08-08 18:00:00.000,2011,8,8,18,15017KT,17,07
2011-08-08 19:00:00.000,2011,8,8,19,17010KT,18,08
2011-08-08 20:00:00.000,2011,8,8,20,13015KT,19,08
2011-08-08 21:00:00.000,2011,8,8,21,12012KT,19,07
2011-08-08 22:00:00.000,2011,8,8,22,10009KT,17,07
2011-08-08 23:00:00.000,2011,8,8,23,12008KT,16,07
2011-08-09 00:00:00.000,2011,8,9,0,11008KT,15,07
2011-08-09 01:00:00.000,2011,8,9,1,11008KT,14,07
2011-08-09 02:00:00.000,2011,8,9,2,09006KT,13,07
2011-08-09 03:00:00.000,2011,8,9,3,36006KT,12,07
2011-08-09 04:00:00.000,2011,8,9,4,05006KT,11,05
2011-08-09 05:00:00.000,2011,8,9,5,08004KT,09,05
2011-08-09 06:00:00.000,2011,8,9,6,03004KT,09,05
2011-08-09 07:00:00.000,2011,8,9,7,05004KT,10,06
2011-08-09 08:00:00.000,2011,8,9,8,36004KT,10,06
2011-08-09 09:00:00.000,2011,8,9,9,02004KT,09,06
2011-08-09 10:00:00.000,2011,8,9,10,33006KT,08,06
2011-08-09 11:00:00.000,2011,8,9,11,VRB02KT,08,06
2011-08-09 12:00:00.000,2011,8,9,12,04009KT,10,07
2011-08-09 13:00:00.000,2011,8,9,13,04004KT,12,08
2011-08-09 14:00:00.000,2011,8,9,14,30005KT,13,09
2011-08-09 15:00:00.000,2011,8,9,15,03003KT,13,09
2011-08-09 16:00:00.000,2011,8,9,16,16012KT,15,09
2011-08-09 17:00:00.000,2011,8,9,17,19012KT,16,10
2011-08-09 18:00:00.000,2011,8,9,18,17013KT,16,09
2011-08-09 19:00:00.000,2011,8,9,19,14009KT,19,09
2011-08-09 20:00:00.000,2011,8,9,20,14014KT,18,10
2011-08-09 21:00:00.000,2011,8,9,21,13012KT,16,09
2011-08-09 22:00:00.000,2011,8,9,22,16013KT,16,08
2011-08-09 23:00:00.000,2011,8,9,23,13012KT,15,09
2011-08-10 00:00:00.000,2011,8,10,0,14010KT,14,08
2011-08-10 01:00:00.000,2011,8,10,1,10008KT,14,08
2011-08-10 02:00:00.000,2011,8,10,2,16009KT,13,08
2011-08-10 03:00:00.000,2011,8,10,3,VRB02KT,13,08
2011-08-10 04:00:00.000,2011,8,10,4,05008KT,12,09
2011-08-10 05:00:00.000,2011,8,10,5,03005KT,12,09
2011-08-10 06:00:00.000,2011,8,10,6,03004KT,12,09
2011-08-10 07:00:00.000,2011,8,10,7,03005KT,11,09
2011-08-10 08:00:00.000,2011,8,10,8,05005KT,10,08
2011-08-10 09:00:00.000,2011,8,10,9,05004KT,10,08
2011-08-10 10:00:00.000,2011,8,10,10,VRB02KT,10,09
2011-08-10 11:00:00.000,2011,8,10,11,VRB02KT,08,07
2011-08-10 12:00:00.000,2011,8,10,12,04003KT,11,09
2011-08-10 13:00:00.000,2011,8,10,13,VRB02KT,13,09
2011-08-10 14:00:00.000,2011,8,10,14,14012KT,16,07
2011-08-10 15:00:00.000,2011,8,10,15,15010KT,16,08
2011-08-10 16:00:00.000,2011,8,10,16,14010KT,17,08
2011-08-10 17:00:00.000,2011,8,10,17,15012KT,17,07
2011-08-10 18:00:00.000,2011,8,10,18,14010KT,18,09
2011-08-10 19:00:00.000,2011,8,10,19,14010KT,17,08
2011-08-10 20:00:00.000,2011,8,10,20,15012KT,18,08
2011-08-10 21:00:00.000,2011,8,10,21,14017KT,17,08
2011-08-10 22:00:00.000,2011,8,10,22,15007KT,17,08
2011-08-10 23:00:00.000,2011,8,10,23,18010KT,16,07
2011-08-11 00:00:00.000,2011,8,11,0,13012KT,14,07
2011-08-11 01:00:00.000,2011,8,11,1,14010KT,14,07
2011-08-11 02:00:00.000,2011,8,11,2,12008KT,13,07
2011-08-11 03:00:00.000,2011,8,11,3,13006KT,12,08
2011-08-11 04:00:00.000,2011,8,11,4,19006KT,13,08
2011-08-11 05:00:00.000,2011,8,11,5,01003KT,13,08
2011-08-11 06:00:00.000,2011,8,11,6,33003KT,12,09
2011-08-11 07:00:00.000,2011,8,11,7,03004KT,12,09
2011-08-11 08:00:00.000,2011,8,11,8,06007KT,11,09
2011-08-11 09:00:00.000,2011,8,11,9,05006KT,11,09
2011-08-11 10:00:00.000,2011,8,11,10,05007KT,11,09
2011-08-11 11:00:00.000,2011,8,11,11,05006KT,11,09
2011-08-11 12:00:00.000,2011,8,11,12,04005KT,11,10
2011-08-11 13:00:00.000,2011,8,11,13,08007KT,13,10
2011-08-11 14:00:00.000,2011,8,11,14,15009KT,15,10
2011-08-11 15:00:00.000,2011,8,11,15,15011KT,17,09
2011-08-11 16:00:00.000,2011,8,11,16,15014KT,17,09
2011-08-11 17:00:00.000,2011,8,11,17,13009KT,19,09
2011-08-11 18:00:00.000,2011,8,11,18,15016KT,19,07
2011-08-11 19:00:00.000,2011,8,11,19,16014KT,19,07
2011-08-11 20:00:00.000,2011,8,11,20,18014KT,18,07
2011-08-11 21:00:00.000,2011,8,11,21,09006KT,18,06
2011-08-11 22:00:00.000,2011,8,11,22,08006KT,17,06
2011-08-11 23:00:00.000,2011,8,11,23,26008KT,15,10
2011-08-12 00:00:00.000,2011,8,12,0,25006KT,14,11
2011-08-12 02:00:00.000,2011,8,12,2,33005KT,13,09
2011-08-12 03:00:00.000,2011,8,12,3,33004KT,13,09
2011-08-12 04:00:00.000,2011,8,12,4,VRB02KT,13,09
2011-08-12 05:00:00.000,2011,8,12,5,29004KT,13,09
2011-08-12 06:00:00.000,2011,8,12,6,VRB02KT,12,09
2011-08-12 07:00:00.000,2011,8,12,7,35003KT,12,09
2011-08-12 08:00:00.000,2011,8,12,8,33003KT,12,09
2011-08-12 09:00:00.000,2011,8,12,9,VRB02KT,11,09
2011-08-12 10:00:00.000,2011,8,12,10,VRB02KT,11,10
2011-08-12 11:00:00.000,2011,8,12,11,VRB02KT,11,09
2011-08-12 12:00:00.000,2011,8,12,12,05005KT,11,10
2011-08-12 13:00:00.000,2011,8,12,13,03004KT,12,10
2011-08-12 14:00:00.000,2011,8,12,14,26004KT,13,10
2011-08-12 15:00:00.000,2011,8,12,15,VRB02KT,12,11
2011-08-12 16:00:00.000,2011,8,12,16,35003KT,13,11
2011-08-12 17:00:00.000,2011,8,12,17,29006KT,14,11
2011-08-12 18:00:00.000,2011,8,12,18,23006KT,16,10
2011-08-12 19:00:00.000,2011,8,12,19,VRB02KT,14,11
2011-08-12 21:00:00.000,2011,8,12,21,30006KT,13,11
2011-08-12 22:00:00.000,2011,8,12,22,01005KT,13,10
2011-08-12 23:00:00.000,2011,8,12,23,34004KT,12,10
2011-08-13 00:00:00.000,2011,8,13,0,34003KT,12,10
2011-08-13 01:00:00.000,2011,8,13,1,32004KT,12,10
2011-08-13 02:00:00.000,2011,8,13,2,30005KT,12,10
2011-08-13 03:00:00.000,2011,8,13,3,28003KT,12,10
2011-08-13 04:00:00.000,2011,8,13,4,VRB02KT,11,10
2011-08-13 06:00:00.000,2011,8,13,6,VRB02KT,12,10
2011-08-13 07:00:00.000,2011,8,13,7,28003KT,12,10
2011-08-13 08:00:00.000,2011,8,13,8,VRB02KT,12,10
2011-08-13 09:00:00.000,2011,8,13,9,VRB02KT,12,11
2011-08-13 10:00:00.000,2011,8,13,10,06004KT,12,10
2011-08-13 11:00:00.000,2011,8,13,11,04006KT,11,10
2011-08-13 12:00:00.000,2011,8,13,12,03006KT,12,11
2011-08-13 13:00:00.000,2011,8,13,13,03008KT,13,10
2011-08-13 15:00:00.000,2011,8,13,15,04008KT,16,10
2011-08-13 16:00:00.000,2011,8,13,16,30006KT,16,10
2011-08-13 17:00:00.000,2011,8,13,17,18006KT,16,10
2011-08-13 18:00:00.000,2011,8,13,18,18009KT,18,09
2011-08-13 19:00:00.000,2011,8,13,19,15010KT,17,10
2011-08-13 20:00:00.000,2011,8,13,20,13008KT,17,09
2011-08-13 21:00:00.000,2011,8,13,21,26009KT,15,12
2011-08-13 22:00:00.000,2011,8,13,22,31007KT,15,11
2011-08-13 23:00:00.000,2011,8,13,23,30006KT,13,11
2011-08-14 00:00:00.000,2011,8,14,0,33005KT,12,10
2011-08-14 01:00:00.000,2011,8,14,1,31003KT,12,09
2011-08-14 02:00:00.000,2011,8,14,2,VRB02KT,12,09
2011-08-14 03:00:00.000,2011,8,14,3,34003KT,11,09
2011-08-14 04:00:00.000,2011,8,14,4,28003KT,11,10
2011-08-14 05:00:00.000,2011,8,14,5,36004KT,10,09
2011-08-14 06:00:00.000,2011,8,14,6,26005KT,10,09
2011-08-14 07:00:00.000,2011,8,14,7,00000KT,10,09
2011-08-14 08:00:00.000,2011,8,14,8,00000KT,10,09
2011-08-14 09:00:00.000,2011,8,14,9,VRB02KT,11,09
2011-08-14 10:00:00.000,2011,8,14,10,05007KT,11,10
2011-08-14 11:00:00.000,2011,8,14,11,36003KT,11,10
2011-08-14 12:00:00.000,2011,8,14,12,VRB02KT,11,10
2011-08-14 13:00:00.000,2011,8,14,13,VRB02KT,13,10
2011-08-14 14:00:00.000,2011,8,14,14,VRB02KT,14,10
2011-08-14 15:00:00.000,2011,8,14,15,18008KT,15,10
2011-08-14 16:00:00.000,2011,8,14,16,04008KT,16,10
2011-08-14 17:00:00.000,2011,8,14,17,12008KT,18,09
2011-08-14 18:00:00.000,2011,8,14,18,18018KT,17,09
2011-08-14 19:00:00.000,2011,8,14,19,18020KT,17,08
2011-08-14 20:00:00.000,2011,8,14,20,18012KT,18,09
2011-08-14 21:00:00.000,2011,8,14,21,19014KT,18,09
2011-08-14 22:00:00.000,2011,8,14,22,16006KT,17,09
2011-08-14 23:00:00.000,2011,8,14,23,16010KT,16,09
2011-08-15 00:00:00.000,2011,8,15,0,14010KT,15,08
2011-08-15 01:00:00.000,2011,8,15,1,10006KT,14,08
2011-08-15 03:00:00.000,2011,8,15,3,04005KT,13,10
2011-08-15 04:00:00.000,2011,8,15,4,02005KT,13,10
2011-08-15 05:00:00.000,2011,8,15,5,02005KT,12,10
2011-08-15 07:00:00.000,2011,8,15,7,05005KT,12,10
2011-08-15 09:00:00.000,2011,8,15,9,04005KT,12,10
2011-08-15 10:00:00.000,2011,8,15,10,03006KT,11,10
2011-08-15 11:00:00.000,2011,8,15,11,34003KT,11,10
2011-08-15 12:00:00.000,2011,8,15,12,01003KT,11,09
2011-08-15 13:00:00.000,2011,8,15,13,03004KT,13,10
2011-08-15 14:00:00.000,2011,8,15,14,08005KT,15,10
2011-08-15 15:00:00.000,2011,8,15,15,VRB02KT,16,10
2011-08-15 16:00:00.000,2011,8,15,16,14004KT,17,10
2011-08-15 17:00:00.000,2011,8,15,17,14012KT,18,09
2011-08-15 18:00:00.000,2011,8,15,18,10007KT,18,09
2011-08-15 19:00:00.000,2011,8,15,19,12010KT,18,08
2011-08-15 20:00:00.000,2011,8,15,20,18008KT,18,08
2011-08-15 21:00:00.000,2011,8,15,21,26006KT,15,13
2011-08-15 22:00:00.000,2011,8,15,22,32007KT,15,13
2011-08-15 23:00:00.000,2011,8,15,23,31006KT,13,11
2011-08-16 00:00:00.000,2011,8,16,0,30006KT,12,10
2011-08-16 01:00:00.000,2011,8,16,1,32004KT,12,10
2011-08-16 02:00:00.000,2011,8,16,2,01004KT,12,10
2011-08-16 03:00:00.000,2011,8,16,3,03006KT,12,11
2011-08-16 04:00:00.000,2011,8,16,4,03004KT,12,11
2011-08-16 05:00:00.000,2011,8,16,5,VRB02KT,12,11
2011-08-16 06:00:00.000,2011,8,16,6,VRB02KT,12,10
2011-08-16 07:00:00.000,2011,8,16,7,03004KT,12,10
2011-08-16 08:00:00.000,2011,8,16,8,04004KT,11,10
2011-08-16 09:00:00.000,2011,8,16,9,33004KT,11,09
2011-08-16 10:00:00.000,2011,8,16,10,03006KT,11,09
2011-08-16 11:00:00.000,2011,8,16,11,05004KT,11,09
2011-08-16 12:00:00.000,2011,8,16,12,02005KT,12,10
2011-08-16 13:00:00.000,2011,8,16,13,02008KT,14,11
2011-08-16 14:00:00.000,2011,8,16,14,01008KT,15,11
2011-08-16 15:00:00.000,2011,8,16,15,34004KT,17,10
2011-08-16 16:00:00.000,2011,8,16,16,17004KT,18,09
2011-08-16 17:00:00.000,2011,8,16,17,16007KT,18,09
2011-08-16 18:00:00.000,2011,8,16,18,03008KT,19,10
2011-08-16 19:00:00.000,2011,8,16,19,08008KT,17,10
2011-08-16 20:00:00.000,2011,8,16,20,22004KT,16,10
2011-08-16 21:00:00.000,2011,8,16,21,26006KT,16,11
2011-08-16 22:00:00.000,2011,8,16,22,17008KT,15,10
2011-08-16 23:00:00.000,2011,8,16,23,15005KT,14,08
2011-08-17 00:00:00.000,2011,8,17,0,23003KT,14,10
2011-08-17 01:00:00.000,2011,8,17,1,34003KT,13,10
2011-08-17 02:00:00.000,2011,8,17,2,36003KT,12,10
2011-08-17 03:00:00.000,2011,8,17,3,33003KT,11,09
2011-08-17 04:00:00.000,2011,8,17,4,07003KT,10,09
2011-08-17 05:00:00.000,2011,8,17,5,25003KT,10,09
2011-08-17 06:00:00.000,2011,8,17,6,VRB02KT,10,09
2011-08-17 07:00:00.000,2011,8,17,7,VRB02KT,09,08
2011-08-17 08:00:00.000,2011,8,17,8,36003KT,08,08
2011-08-17 09:00:00.000,2011,8,17,9,03003KT,08,07
2011-08-17 10:00:00.000,2011,8,17,10,03004KT,07,07
2011-08-17 11:00:00.000,2011,8,17,11,VRB02KT,07,07
2011-08-17 12:00:00.000,2011,8,17,12,VRB02KT,07,07
2011-08-17 13:00:00.000,2011,8,17,13,04006KT,09,09
2011-08-17 14:00:00.000,2011,8,17,14,03006KT,12,11
2011-08-17 15:00:00.000,2011,8,17,15,VRB02KT,16,10
2011-08-17 16:00:00.000,2011,8,17,16,08004KT,17,09
2011-08-17 17:00:00.000,2011,8,17,17,27008KT,17,09
2011-08-17 18:00:00.000,2011,8,17,18,14006KT,19,09
2011-08-17 19:00:00.000,2011,8,17,19,14006KT,17,11
2011-08-17 20:00:00.000,2011,8,17,20,03004KT,18,10
2011-08-17 21:00:00.000,2011,8,17,21,13012KT,17,08
2011-08-17 22:00:00.000,2011,8,17,22,08006KT,16,08
2011-08-17 23:00:00.000,2011,8,17,23,09006KT,16,09
2011-08-18 00:00:00.000,2011,8,18,0,08008KT,15,08
2011-08-18 01:00:00.000,2011,8,18,1,07005KT,14,09
2011-08-18 02:00:00.000,2011,8,18,2,03005KT,13,09
2011-08-18 03:00:00.000,2011,8,18,3,30003KT,13,09
2011-08-18 04:00:00.000,2011,8,18,4,05005KT,12,09
2011-08-18 06:00:00.000,2011,8,18,6,06005KT,12,09
2011-08-18 07:00:00.000,2011,8,18,7,02005KT,11,09
2011-08-18 09:00:00.000,2011,8,18,9,33004KT,11,09
2011-08-18 10:00:00.000,2011,8,18,10,07004KT,11,10
2011-08-18 11:00:00.000,2011,8,18,11,VRB02KT,11,09
2011-08-18 12:00:00.000,2011,8,18,12,VRB02KT,11,09
2011-08-18 13:00:00.000,2011,8,18,13,05005KT,14,10
2011-08-18 14:00:00.000,2011,8,18,14,06010KT,17,10
2011-08-18 15:00:00.000,2011,8,18,15,13006KT,19,10
2011-08-18 16:00:00.000,2011,8,18,16,15004KT,20,10
2011-08-18 17:00:00.000,2011,8,18,17,12014KT,20,09
2011-08-18 18:00:00.000,2011,8,18,18,15012KT,21,08
2011-08-18 20:00:00.000,2011,8,18,20,13010KT,21,08
2011-08-18 21:00:00.000,2011,8,18,21,23014KT,19,13
2011-08-18 22:00:00.000,2011,8,18,22,26012KT,18,13
2011-08-18 23:00:00.000,2011,8,18,23,31008KT,16,13
2011-08-19 00:00:00.000,2011,8,19,0,30004KT,14,13
2011-08-19 01:00:00.000,2011,8,19,1,VRB02KT,13,12
2011-08-19 02:00:00.000,2011,8,19,2,VRB02KT,13,11
2011-08-19 03:00:00.000,2011,8,19,3,VRB02KT,13,11
2011-08-19 04:00:00.000,2011,8,19,4,VRB02KT,13,11
2011-08-19 05:00:00.000,2011,8,19,5,VRB02KT,12,10
2011-08-19 06:00:00.000,2011,8,19,6,VRB02KT,11,09
2011-08-19 07:00:00.000,2011,8,19,7,32004KT,10,09
2011-08-19 08:00:00.000,2011,8,19,8,VRB02KT,10,09
2011-08-19 09:00:00.000,2011,8,19,9,VRB02KT,09,09
2011-08-19 10:00:00.000,2011,8,19,10,VRB02KT,08,07
2011-08-19 11:00:00.000,2011,8,19,11,00000KT,08,08
2011-08-19 12:00:00.000,2011,8,19,12,00000KT,09,09
2011-08-19 13:00:00.000,2011,8,19,13,34006KT,12,10
2011-08-19 14:00:00.000,2011,8,19,14,29006KT,14,11
2011-08-19 15:00:00.000,2011,8,19,15,VRB02KT,16,11
2011-08-19 16:00:00.000,2011,8,19,16,31006KT,18,12
2011-08-19 17:00:00.000,2011,8,19,17,25016KT,15,11
2011-08-19 18:00:00.000,2011,8,19,18,27014KT,17,14
2011-08-19 20:00:00.000,2011,8,19,20,20008KT,15,12
2011-08-19 21:00:00.000,2011,8,19,21,24006KT,15,12
2011-08-19 22:00:00.000,2011,8,19,22,25008KT,14,12
2011-08-19 23:00:00.000,2011,8,19,23,20006KT,14,12
2011-08-20 00:00:00.000,2011,8,20,0,22004KT,13,11
2011-08-20 01:00:00.000,2011,8,20,1,00000KT,13,11
2011-08-20 02:00:00.000,2011,8,20,2,03008KT,13,11
2011-08-20 03:00:00.000,2011,8,20,3,08004KT,12,10
2011-08-20 04:00:00.000,2011,8,20,4,VRB02KT,12,10
2011-08-20 05:00:00.000,2011,8,20,5,04003KT,12,11
2011-08-20 06:00:00.000,2011,8,20,6,00000KT,12,10
2011-08-20 07:00:00.000,2011,8,20,7,VRB02KT,11,10
2011-08-20 08:00:00.000,2011,8,20,8,00000KT,11,10
2011-08-20 09:00:00.000,2011,8,20,9,32004KT,11,10
2011-08-20 10:00:00.000,2011,8,20,10,VRB02KT,11,10
2011-08-20 11:00:00.000,2011,8,20,11,33003KT,11,10
2011-08-20 12:00:00.000,2011,8,20,12,04003KT,11,10
2011-08-20 13:00:00.000,2011,8,20,13,03005KT,12,10
2011-08-20 14:00:00.000,2011,8,20,14,03006KT,14,10
2011-08-20 15:00:00.000,2011,8,20,15,03006KT,16,11
2011-08-20 16:00:00.000,2011,8,20,16,07007KT,19,09
2011-08-20 17:00:00.000,2011,8,20,17,10008KT,19,08
2011-08-20 18:00:00.000,2011,8,20,18,26006KT,16,10
2011-08-20 19:00:00.000,2011,8,20,19,30005KT,16,11
2011-08-20 20:00:00.000,2011,8,20,20,32005KT,16,10
2011-08-20 22:00:00.000,2011,8,20,22,27006KT,13,12
2011-08-20 23:00:00.000,2011,8,20,23,03003KT,13,11
2011-08-21 00:00:00.000,2011,8,21,0,19004KT,13,11
2011-08-21 01:00:00.000,2011,8,21,1,VRB02KT,12,11
2011-08-21 02:00:00.000,2011,8,21,2,VRB02KT,12,11
2011-08-21 03:00:00.000,2011,8,21,3,VRB02KT,12,11
2011-08-21 04:00:00.000,2011,8,21,4,00000KT,11,10
2011-08-21 05:00:00.000,2011,8,21,5,VRB02KT,11,10
2011-08-21 06:00:00.000,2011,8,21,6,VRB02KT,11,10
2011-08-21 07:00:00.000,2011,8,21,7,VRB02KT,11,10
2011-08-21 09:00:00.000,2011,8,21,9,00000KT,11,10
2011-08-21 10:00:00.000,2011,8,21,10,00000KT,11,10
2011-08-21 11:00:00.000,2011,8,21,11,VRB02KT,11,10
2011-08-21 12:00:00.000,2011,8,21,12,03003KT,12,11
2011-08-21 13:00:00.000,2011,8,21,13,06003KT,13,11
2011-08-21 14:00:00.000,2011,8,21,14,VRB02KT,15,11
2011-08-21 15:00:00.000,2011,8,21,15,16003KT,17,10
2011-08-21 16:00:00.000,2011,8,21,16,12008KT,19,09
2011-08-21 17:00:00.000,2011,8,21,17,23010KT,18,11
2011-08-21 18:00:00.000,2011,8,21,18,22011KT,20,10
2011-08-21 19:00:00.000,2011,8,21,19,25009KT,18,12
2011-08-21 20:00:00.000,2011,8,21,20,29005KT,16,12
2011-08-21 21:00:00.000,2011,8,21,21,32010KT,16,12
2011-08-21 22:00:00.000,2011,8,21,22,30012KT,15,11
2011-08-21 23:00:00.000,2011,8,21,23,28007KT,14,10
2011-08-22 00:00:00.000,2011,8,22,0,VRB02KT,14,10
2011-08-22 01:00:00.000,2011,8,22,1,33004KT,14,11
2011-08-22 02:00:00.000,2011,8,22,2,VRB02KT,13,10
2011-08-22 03:00:00.000,2011,8,22,3,VRB02KT,14,11
2011-08-22 04:00:00.000,2011,8,22,4,12005KT,13,09
2011-08-22 05:00:00.000,2011,8,22,5,14004KT,13,09
2011-08-22 06:00:00.000,2011,8,22,6,VRB02KT,12,09
2011-08-22 07:00:00.000,2011,8,22,7,VRB02KT,11,10
2011-08-22 08:00:00.000,2011,8,22,8,VRB02KT,10,09
2011-08-22 09:00:00.000,2011,8,22,9,VRB02KT,10,09
2011-08-22 10:00:00.000,2011,8,22,10,00000KT,11,10
2011-08-22 11:00:00.000,2011,8,22,11,VRB02KT,10,09
2011-08-22 12:00:00.000,2011,8,22,12,29004KT,11,10
2011-08-22 13:00:00.000,2011,8,22,13,VRB02KT,12,10
2011-08-22 14:00:00.000,2011,8,22,14,VRB02KT,13,10
2011-08-22 15:00:00.000,2011,8,22,15,04004KT,14,10
2011-08-22 16:00:00.000,2011,8,22,16,06005KT,16,10
2011-08-22 17:00:00.000,2011,8,22,17,09008KT,18,10
2011-08-22 18:00:00.000,2011,8,22,18,07007KT,19,08
2011-08-22 19:00:00.000,2011,8,22,19,17006KT,19,08
2011-08-22 20:00:00.000,2011,8,22,20,26010KT,22,07
2011-08-22 21:00:00.000,2011,8,22,21,25007KT,19,12
2011-08-22 22:00:00.000,2011,8,22,22,23012KT,17,12
2011-08-22 23:00:00.000,2011,8,22,23,25011KT,15,11
2011-08-23 00:00:00.000,2011,8,23,0,28005KT,14,13
2011-08-23 01:00:00.000,2011,8,23,1,VRB02KT,14,12
2011-08-23 02:00:00.000,2011,8,23,2,35005KT,14,12
2011-08-23 03:00:00.000,2011,8,23,3,03003KT,13,10
2011-08-23 04:00:00.000,2011,8,23,4,VRB02KT,13,10
2011-08-23 05:00:00.000,2011,8,23,5,32004KT,13,10
2011-08-23 06:00:00.000,2011,8,23,6,35003KT,13,11
2011-08-23 07:00:00.000,2011,8,23,7,32003KT,12,11
2011-08-23 08:00:00.000,2011,8,23,8,01003KT,12,11
2011-08-23 09:00:00.000,2011,8,23,9,03003KT,12,11
2011-08-23 10:00:00.000,2011,8,23,10,03004KT,12,11
2011-08-23 11:00:00.000,2011,8,23,11,VRB02KT,12,11
2011-08-23 12:00:00.000,2011,8,23,12,09004KT,13,10
2011-08-23 13:00:00.000,2011,8,23,13,03004KT,14,10
2011-08-23 14:00:00.000,2011,8,23,14,31005KT,15,10
2011-08-23 15:00:00.000,2011,8,23,15,03004KT,16,10
2011-08-23 16:00:00.000,2011,8,23,16,27006KT,17,11
2011-08-23 17:00:00.000,2011,8,23,17,28010KT,16,11
2011-08-23 18:00:00.000,2011,8,23,18,22004KT,30,11
2011-08-23 19:00:00.000,2011,8,23,19,18005KT,14,11
2011-08-23 20:00:00.000,2011,8,23,20,16010KT,16,11
2011-08-23 21:00:00.000,2011,8,23,21,16010KT,15,11
2011-08-23 22:00:00.000,2011,8,23,22,17007KT,16,10
2011-08-23 23:00:00.000,2011,8,23,23,21005KT,15,11
2011-08-24 00:00:00.000,2011,8,24,0,24006KT,14,10
2011-08-24 01:00:00.000,2011,8,24,1,VRB02KT,13,11
2011-08-24 02:00:00.000,2011,8,24,2,05004KT,12,11
2011-08-24 03:00:00.000,2011,8,24,3,VRB02KT,12,11
2011-08-24 04:00:00.000,2011,8,24,4,VRB02KT,12,11
2011-08-24 05:00:00.000,2011,8,24,5,VRB02KT,12,10
2011-08-24 06:00:00.000,2011,8,24,6,VRB02KT,12,10
2011-08-24 07:00:00.000,2011,8,24,7,00000KT,12,11
2011-08-24 08:00:00.000,2011,8,24,8,00000KT,11,11
2011-08-24 09:00:00.000,2011,8,24,9,VRB02KT,10,10
2011-08-24 10:00:00.000,2011,8,24,10,VRB02KT,10,09
2011-08-24 11:00:00.000,2011,8,24,11,06003KT,11,10
2011-08-24 12:00:00.000,2011,8,24,12,07003KT,13,11
2011-08-24 13:00:00.000,2011,8,24,13,10008KT,16,09
2011-08-24 14:00:00.000,2011,8,24,14,18008KT,17,09
2011-08-24 15:00:00.000,2011,8,24,15,15008KT,17,09
2011-08-24 16:00:00.000,2011,8,24,16,16010KT,18,08
2011-08-24 17:00:00.000,2011,8,24,17,17013KT,20,09
2011-08-24 18:00:00.000,2011,8,24,18,23012KT,18,12
2011-08-24 19:00:00.000,2011,8,24,19,16015KT,19,09
2011-08-24 20:00:00.000,2011,8,24,20,22012KT,17,12
2011-08-24 21:00:00.000,2011,8,24,21,20010KT,18,08
2011-08-24 22:00:00.000,2011,8,24,22,20010KT,17,09
2011-08-24 23:00:00.000,2011,8,24,23,19012KT,15,09
2011-08-25 00:00:00.000,2011,8,25,0,VRB02KT,14,09
2011-08-25 01:00:00.000,2011,8,25,1,VRB02KT,13,10
2011-08-25 02:00:00.000,2011,8,25,2,VRB02KT,13,09
2011-08-25 03:00:00.000,2011,8,25,3,VRB02KT,13,09
2011-08-25 04:00:00.000,2011,8,25,4,16006KT,13,09
2011-08-25 05:00:00.000,2011,8,25,5,14003KT,12,09
2011-08-25 06:00:00.000,2011,8,25,6,03003KT,11,09
2011-08-25 07:00:00.000,2011,8,25,7,31003KT,11,09
2011-08-25 08:00:00.000,2011,8,25,8,VRB02KT,11,09
2011-08-25 09:00:00.000,2011,8,25,9,04003KT,11,09
2011-08-25 10:00:00.000,2011,8,25,10,VRB02KT,10,09
2011-08-25 11:00:00.000,2011,8,25,11,08004KT,10,09
2011-08-25 12:00:00.000,2011,8,25,12,07006KT,11,09
2011-08-25 13:00:00.000,2011,8,25,13,06008KT,13,10
2011-08-25 14:00:00.000,2011,8,25,14,04004KT,14,09
2011-08-25 15:00:00.000,2011,8,25,15,17010KT,18,09
2011-08-25 16:00:00.000,2011,8,25,16,14011KT,18,07
2011-08-25 17:00:00.000,2011,8,25,17,13009KT,19,08
2011-08-25 18:00:00.000,2011,8,25,18,18015KT,19,08
2011-08-25 19:00:00.000,2011,8,25,19,16020KT,19,08
2011-08-25 20:00:00.000,2011,8,25,20,16008KT,19,08
2011-08-25 21:00:00.000,2011,8,25,21,17012KT,19,07
2011-08-25 22:00:00.000,2011,8,25,22,13012KT,18,07
2011-08-25 23:00:00.000,2011,8,25,23,13008KT,16,07
2011-08-26 00:00:00.000,2011,8,26,0,09008KT,15,08
2011-08-26 01:00:00.000,2011,8,26,1,15007KT,14,08
2011-08-26 02:00:00.000,2011,8,26,2,19005KT,14,08
2011-08-26 03:00:00.000,2011,8,26,3,15009KT,14,08
2011-08-26 04:00:00.000,2011,8,26,4,21003KT,14,09
2011-08-26 05:00:00.000,2011,8,26,5,21003KT,13,08
2011-08-26 06:00:00.000,2011,8,26,6,VRB02KT,13,08
2011-08-26 07:00:00.000,2011,8,26,7,06004KT,12,09
2011-08-26 08:00:00.000,2011,8,26,8,04003KT,12,09
2011-08-26 09:00:00.000,2011,8,26,9,VRB02KT,12,09
2011-08-26 10:00:00.000,2011,8,26,10,VRB02KT,12,09
2011-08-26 11:00:00.000,2011,8,26,11,VRB02KT,12,09
2011-08-26 12:00:00.000,2011,8,26,12,VRB02KT,13,09
2011-08-26 13:00:00.000,2011,8,26,13,12006KT,15,09
2011-08-26 14:00:00.000,2011,8,26,14,14008KT,16,09
2011-08-26 15:00:00.000,2011,8,26,15,16012KT,17,08
2011-08-26 16:00:00.000,2011,8,26,16,12010KT,16,08
2011-08-26 17:00:00.000,2011,8,26,17,07010KT,16,08
2011-08-26 18:00:00.000,2011,8,26,18,13006KT,18,09
2011-08-26 19:00:00.000,2011,8,26,19,10007KT,19,08
2011-08-26 20:00:00.000,2011,8,26,20,13013KT,19,08
2011-08-26 21:00:00.000,2011,8,26,21,06003KT,18,08
2011-08-26 22:00:00.000,2011,8,26,22,08004KT,17,08
2011-08-26 23:00:00.000,2011,8,26,23,16010KT,17,07
2011-08-27 00:00:00.000,2011,8,27,0,16009KT,15,09
2011-08-27 01:00:00.000,2011,8,27,1,15010KT,15,09
2011-08-27 02:00:00.000,2011,8,27,2,VRB02KT,14,09
2011-08-27 03:00:00.000,2011,8,27,3,10006KT,13,09
2011-08-27 04:00:00.000,2011,8,27,4,05009KT,12,09
2011-08-27 05:00:00.000,2011,8,27,5,06005KT,12,09
2011-08-27 06:00:00.000,2011,8,27,6,32006KT,11,09
2011-08-27 07:00:00.000,2011,8,27,7,06005KT,10,08
2011-08-27 08:00:00.000,2011,8,27,8,07005KT,10,08
2011-08-27 09:00:00.000,2011,8,27,9,17004KT,09,08
2011-08-27 10:00:00.000,2011,8,27,10,VRB02KT,10,08
2011-08-27 11:00:00.000,2011,8,27,11,33003KT,09,08
2011-08-27 12:00:00.000,2011,8,27,12,06006KT,12,09
2011-08-27 13:00:00.000,2011,8,27,13,02005KT,14,10
2011-08-27 14:00:00.000,2011,8,27,14,06005KT,15,08
2011-08-27 15:00:00.000,2011,8,27,15,05003KT,16,09
2011-08-27 16:00:00.000,2011,8,27,16,12012KT,19,06
2011-08-27 17:00:00.000,2011,8,27,17,12007KT,18,07
2011-08-27 18:00:00.000,2011,8,27,18,13006KT,20,08
2011-08-27 19:00:00.000,2011,8,27,19,25006KT,20,09
2011-08-27 20:00:00.000,2011,8,27,20,25006KT,19,10
2011-08-27 21:00:00.000,2011,8,27,21,26010KT,17,10
2011-08-27 22:00:00.000,2011,8,27,22,26010KT,16,10
2011-08-27 23:00:00.000,2011,8,27,23,28010KT,15,10
2011-08-28 00:00:00.000,2011,8,28,0,29004KT,13,11
2011-08-28 01:00:00.000,2011,8,28,1,VRB02KT,13,11
2011-08-28 02:00:00.000,2011,8,28,2,VRB02KT,12,10
2011-08-28 03:00:00.000,2011,8,28,3,VRB02KT,12,10
2011-08-28 04:00:00.000,2011,8,28,4,VRB02KT,12,11
2011-08-28 05:00:00.000,2011,8,28,5,34004KT,12,11
2011-08-28 06:00:00.000,2011,8,28,6,VRB02KT,12,11
2011-08-28 07:00:00.000,2011,8,28,7,VRB02KT,11,10
2011-08-28 08:00:00.000,2011,8,28,8,00000KT,11,10
2011-08-28 09:00:00.000,2011,8,28,9,02004KT,11,10
2011-08-28 10:00:00.000,2011,8,28,10,VRB02KT,10,09
2011-08-28 11:00:00.000,2011,8,28,11,VRB02KT,10,09
2011-08-28 12:00:00.000,2011,8,28,12,VRB02KT,12,10
2011-08-28 13:00:00.000,2011,8,28,13,03003KT,14,09
2011-08-28 14:00:00.000,2011,8,28,14,VRB02KT,16,09
2011-08-28 15:00:00.000,2011,8,28,15,35004KT,18,09
2011-08-28 16:00:00.000,2011,8,28,16,04005KT,19,10
2011-08-28 17:00:00.000,2011,8,28,17,17010KT,19,09
2011-08-28 18:00:00.000,2011,8,28,18,30006KT,19,08
2011-08-28 19:00:00.000,2011,8,28,19,27010KT,18,13
2011-08-28 21:00:00.000,2011,8,28,21,32006KT,13,12
2011-08-28 22:00:00.000,2011,8,28,22,29006KT,14,12
2011-08-28 23:00:00.000,2011,8,28,23,32006KT,13,12
2011-08-29 00:00:00.000,2011,8,29,0,04005KT,12,11
2011-08-29 01:00:00.000,2011,8,29,1,11005KT,13,11
2011-08-29 02:00:00.000,2011,8,29,2,06005KT,12,10
2011-08-29 03:00:00.000,2011,8,29,3,03005KT,12,09
2011-08-29 04:00:00.000,2011,8,29,4,03003KT,11,09
2011-08-29 05:00:00.000,2011,8,29,5,03003KT,11,09
2011-08-29 06:00:00.000,2011,8,29,6,06004KT,11,09
2011-08-29 07:00:00.000,2011,8,29,7,05004KT,10,09
2011-08-29 08:00:00.000,2011,8,29,8,05005KT,10,09
2011-08-29 09:00:00.000,2011,8,29,9,VRB02KT,10,08
2011-08-29 10:00:00.000,2011,8,29,10,03003KT,10,08
2011-08-29 11:00:00.000,2011,8,29,11,06006KT,10,08
2011-08-29 12:00:00.000,2011,8,29,12,06006KT,12,09
2011-08-29 13:00:00.000,2011,8,29,13,04008KT,14,10
2011-08-29 14:00:00.000,2011,8,29,14,13008KT,16,10
2011-08-29 15:00:00.000,2011,8,29,15,16008KT,17,09
2011-08-29 16:00:00.000,2011,8,29,16,12012KT,18,09
2011-08-29 17:00:00.000,2011,8,29,17,16014KT,19,08
2011-08-29 18:00:00.000,2011,8,29,18,14013KT,18,09
2011-08-29 19:00:00.000,2011,8,29,19,13011KT,18,09
2011-08-29 20:00:00.000,2011,8,29,20,12009KT,18,09
2011-08-29 21:00:00.000,2011,8,29,21,13010KT,18,08
2011-08-29 22:00:00.000,2011,8,29,22,07007KT,17,09
2011-08-29 23:00:00.000,2011,8,29,23,08006KT,16,09
2011-08-30 00:00:00.000,2011,8,30,0,10003KT,15,08
2011-08-30 01:00:00.000,2011,8,30,1,04003KT,13,09
2011-08-30 02:00:00.000,2011,8,30,2,04006KT,12,09
2011-08-30 03:00:00.000,2011,8,30,3,08005KT,12,08
2011-08-30 04:00:00.000,2011,8,30,4,05005KT,11,08
2011-08-30 05:00:00.000,2011,8,30,5,01003KT,11,08
2011-08-30 06:00:00.000,2011,8,30,6,VRB02KT,09,08
2011-08-30 07:00:00.000,2011,8,30,7,VRB02KT,09,08
2011-08-30 08:00:00.000,2011,8,30,8,32003KT,08,08
2011-08-30 09:00:00.000,2011,8,30,9,00000KT,07,07
2011-08-30 10:00:00.000,2011,8,30,10,04003KT,07,07
2011-08-30 11:00:00.000,2011,8,30,11,35004KT,08,08
2011-08-30 12:00:00.000,2011,8,30,12,06004KT,07,07
2011-08-30 13:00:00.000,2011,8,30,13,VRB02KT,10,09
2011-08-30 14:00:00.000,2011,8,30,14,05009KT,14,09
2011-08-30 15:00:00.000,2011,8,30,15,08014KT,18,06
2011-08-30 16:00:00.000,2011,8,30,16,11016KT,19,06
2011-08-30 17:00:00.000,2011,8,30,17,10012KT,20,07
2011-08-30 18:00:00.000,2011,8,30,18,12014KT,20,08
2011-08-30 19:00:00.000,2011,8,30,19,12014KT,20,06
2011-08-30 20:00:00.000,2011,8,30,20,11010KT,20,07
2011-08-30 21:00:00.000,2011,8,30,21,12012KT,19,06
2011-08-30 22:00:00.000,2011,8,30,22,12014KT,18,05
2011-08-30 23:00:00.000,2011,8,30,23,12012KT,16,05
2011-08-31 00:00:00.000,2011,8,31,0,14012KT,15,07
2011-08-31 01:00:00.000,2011,8,31,1,20013KT,15,09
2011-08-31 02:00:00.000,2011,8,31,2,19007KT,15,09
2011-08-31 03:00:00.000,2011,8,31,3,17011KT,14,09
2011-08-31 04:00:00.000,2011,8,31,4,18006KT,14,08
2011-08-31 05:00:00.000,2011,8,31,5,17005KT,14,09
2011-08-31 06:00:00.000,2011,8,31,6,16003KT,14,09
2011-08-31 07:00:00.000,2011,8,31,7,00000KT,13,09
2011-08-31 08:00:00.000,2011,8,31,8,VRB02KT,19,09
2011-08-31 09:00:00.000,2011,8,31,9,00000KT,13,09
2011-08-31 10:00:00.000,2011,8,31,10,00000KT,12,10
2011-08-31 11:00:00.000,2011,8,31,11,04007KT,11,10
2011-08-31 12:00:00.000,2011,8,31,12,13010KT,12,10
2011-08-31 13:00:00.000,2011,8,31,13,12014KT,14,07
2011-08-31 14:00:00.000,2011,8,31,14,12014KT,15,07
2011-08-31 15:00:00.000,2011,8,31,15,10014KT,16,07
2011-08-31 16:00:00.000,2011,8,31,16,15020KT,16,07
2011-08-31 17:00:00.000,2011,8,31,17,14017KT,17,07
2011-08-31 18:00:00.000,2011,8,31,18,16015KT,17,07
2011-08-31 19:00:00.000,2011,8,31,19,16012KT,18,07
2011-08-31 20:00:00.000,2011,8,31,20,15014KT,18,07
2011-08-31 21:00:00.000,2011,8,31,21,17014KT,18,06
2011-08-31 22:00:00.000,2011,8,31,22,17010KT,17,07
2011-08-31 23:00:00.000,2011,8,31,23,17011KT,15,08
2011-09-01 00:00:00.000,2011,9,1,0,17012KT,13,09
2011-09-01 01:00:00.000,2011,9,1,1,VRB02KT,12,11
2011-09-01 02:00:00.000,2011,9,1,2,VRB02KT,13,12
2011-09-01 03:00:00.000,2011,9,1,3,VRB02KT,13,12
2011-09-01 04:00:00.000,2011,9,1,4,VRB02KT,11,10
2011-09-01 05:00:00.000,2011,9,1,5,13008KT,13,06
2011-09-01 06:00:00.000,2011,9,1,6,10008KT,12,06
2011-09-01 07:00:00.000,2011,9,1,7,13008KT,11,06
2011-09-01 08:00:00.000,2011,9,1,8,16006KT,11,07
2011-09-01 09:00:00.000,2011,9,1,9,15006KT,08,05
2011-09-01 10:00:00.000,2011,9,1,10,VRB02KT,09,06
2011-09-01 11:00:00.000,2011,9,1,11,08004KT,09,06
2011-09-01 12:00:00.000,2011,9,1,12,VRB02KT,13,07
2011-09-01 13:00:00.000,2011,9,1,13,15009KT,14,06
2011-09-01 14:00:00.000,2011,9,1,14,14012KT,15,07
2011-09-01 15:00:00.000,2011,9,1,15,15016KT,15,07
2011-09-01 16:00:00.000,2011,9,1,16,17011KT,16,08
2011-09-01 17:00:00.000,2011,9,1,17,16016KT,17,08
2011-09-01 18:00:00.000,2011,9,1,18,07005KT,28,27
2011-09-01 19:00:00.000,2011,9,1,19,07006KT,30,27
2011-09-01 20:00:00.000,2011,9,1,20,16016KT,17,07
2011-09-01 21:00:00.000,2011,9,1,21,14014KT,17,05
2011-09-01 22:00:00.000,2011,9,1,22,14016KT,16,07
2011-09-01 23:00:00.000,2011,9,1,23,16016KT,15,06
2011-09-02 00:00:00.000,2011,9,2,0,18008KT,26,16
2011-09-02 01:00:00.000,2011,9,2,1,15011KT,13,06
2011-09-02 02:00:00.000,2011,9,2,2,14006KT,13,06
2011-09-02 03:00:00.000,2011,9,2,3,VRB02KT,12,06
2011-09-02 04:00:00.000,2011,9,2,4,15006KT,11,06
2011-09-02 05:00:00.000,2011,9,2,5,18003KT,10,06
2011-09-02 06:00:00.000,2011,9,2,6,VRB02KT,11,05
2011-09-02 07:00:00.000,2011,9,2,7,04006KT,09,06
2011-09-02 08:00:00.000,2011,9,2,8,04005KT,08,06
2011-09-02 09:00:00.000,2011,9,2,9,03006KT,08,05
2011-09-02 10:00:00.000,2011,9,2,10,36004KT,08,05
2011-09-02 11:00:00.000,2011,9,2,11,08005KT,08,05
2011-09-02 12:00:00.000,2011,9,2,12,04005KT,10,07
2011-09-02 13:00:00.000,2011,9,2,13,01004KT,12,07
2011-09-02 14:00:00.000,2011,9,2,14,15010KT,16,06
2011-09-02 15:00:00.000,2011,9,2,15,16009KT,17,05
2011-09-02 16:00:00.000,2011,9,2,16,16014KT,18,05
2011-09-02 17:00:00.000,2011,9,2,17,16012KT,18,07
2011-09-02 18:00:00.000,2011,9,2,18,13009KT,18,06
2011-09-02 19:00:00.000,2011,9,2,19,11006KT,18,06
2011-09-02 20:00:00.000,2011,9,2,20,12010KT,17,06
2011-09-02 21:00:00.000,2011,9,2,21,10006KT,17,07
2011-09-02 22:00:00.000,2011,9,2,22,05009KT,17,08
2011-09-02 23:00:00.000,2011,9,2,23,09004KT,16,07
2011-09-03 00:00:00.000,2011,9,3,0,16004KT,15,08
2011-09-03 01:00:00.000,2011,9,3,1,21004KT,14,09
2011-09-03 02:00:00.000,2011,9,3,2,24004KT,13,10
2011-09-03 03:00:00.000,2011,9,3,3,26003KT,13,10
2011-09-03 04:00:00.000,2011,9,3,4,21003KT,13,10
2011-09-03 05:00:00.000,2011,9,3,5,36003KT,12,09
2011-09-03 06:00:00.000,2011,9,3,6,VRB02KT,10,08
2011-09-03 07:00:00.000,2011,9,3,7,VRB02KT,09,08
2011-09-03 08:00:00.000,2011,9,3,8,32003KT,08,08
2011-09-03 09:00:00.000,2011,9,3,9,05004KT,09,08
2011-09-03 10:00:00.000,2011,9,3,10,03007KT,10,08
2011-09-03 11:00:00.000,2011,9,3,11,33003KT,10,09
2011-09-03 12:00:00.000,2011,9,3,12,02004KT,10,08
2011-09-03 13:00:00.000,2011,9,3,13,06006KT,13,09
2011-09-03 14:00:00.000,2011,9,3,14,VRB02KT,15,10
2011-09-03 15:00:00.000,2011,9,3,15,VRB02KT,15,09
2011-09-03 16:00:00.000,2011,9,3,16,05006KT,16,10
2011-09-03 17:00:00.000,2011,9,3,17,VRB02KT,16,09
2011-09-03 18:00:00.000,2011,9,3,18,14010KT,15,10
2011-09-03 19:00:00.000,2011,9,3,19,13008KT,16,08
2011-09-03 20:00:00.000,2011,9,3,20,18010KT,16,08
2011-09-03 21:00:00.000,2011,9,3,21,30006KT,16,07
2011-09-03 22:00:00.000,2011,9,3,22,33006KT,14,11
2011-09-03 23:00:00.000,2011,9,3,23,32005KT,13,10
2011-09-04 00:00:00.000,2011,9,4,0,25003KT,12,09
2011-09-04 01:00:00.000,2011,9,4,1,VRB02KT,10,09
2011-09-04 02:00:00.000,2011,9,4,2,VRB02KT,11,08
2011-09-04 03:00:00.000,2011,9,4,3,VRB02KT,09,08
2011-09-04 04:00:00.000,2011,9,4,4,31003KT,09,08
2011-09-04 05:00:00.000,2011,9,4,5,00000KT,10,08
2011-09-04 06:00:00.000,2011,9,4,6,03003KT,10,08
2011-09-04 07:00:00.000,2011,9,4,7,VRB02KT,10,09
2011-09-04 08:00:00.000,2011,9,4,8,06003KT,10,09
2011-09-04 09:00:00.000,2011,9,4,9,03003KT,10,09
2011-09-04 10:00:00.000,2011,9,4,10,07004KT,11,09
2011-09-04 11:00:00.000,2011,9,4,11,05003KT,10,09
2011-09-04 12:00:00.000,2011,9,4,12,04004KT,11,09
2011-09-04 13:00:00.000,2011,9,4,13,06005KT,12,09
2011-09-04 14:00:00.000,2011,9,4,14,05005KT,14,10
2011-09-04 15:00:00.000,2011,9,4,15,10004KT,15,08
2011-09-04 16:00:00.000,2011,9,4,16,12008KT,16,08
2011-09-04 17:00:00.000,2011,9,4,17,14008KT,18,08
2011-09-04 18:00:00.000,2011,9,4,18,13007KT,18,08
2011-09-04 19:00:00.000,2011,9,4,19,14012KT,17,08
2011-09-04 20:00:00.000,2011,9,4,20,17006KT,17,07
2011-09-04 21:00:00.000,2011,9,4,21,09010KT,17,07
2011-09-04 22:00:00.000,2011,9,4,22,16012KT,17,07
2011-09-04 23:00:00.000,2011,9,4,23,15009KT,15,08
2011-09-05 00:00:00.000,2011,9,5,0,15006KT,14,07
2011-09-05 01:00:00.000,2011,9,5,1,04004KT,13,07
2011-09-05 02:00:00.000,2011,9,5,2,VRB02KT,12,07
2011-09-05 03:00:00.000,2011,9,5,3,VRB02KT,12,08
2011-09-05 04:00:00.000,2011,9,5,4,VRB02KT,11,07
2011-09-05 05:00:00.000,2011,9,5,5,00000KT,10,08
2011-09-05 06:00:00.000,2011,9,5,6,VRB02KT,08,07
2011-09-05 07:00:00.000,2011,9,5,7,32004KT,07,06
2011-09-05 08:00:00.000,2011,9,5,8,00000KT,06,06
2011-09-05 09:00:00.000,2011,9,5,9,VRB02KT,06,06
2011-09-05 10:00:00.000,2011,9,5,10,10003KT,07,06
2011-09-05 11:00:00.000,2011,9,5,11,VRB02KT,05,05
2011-09-05 12:00:00.000,2011,9,5,12,05004KT,08,08
2011-09-05 13:00:00.000,2011,9,5,13,06003KT,12,07
2011-09-05 14:00:00.000,2011,9,5,14,05005KT,15,06
2011-09-05 15:00:00.000,2011,9,5,15,08010KT,17,05
2011-09-05 16:00:00.000,2011,9,5,16,13006KT,18,05
2011-09-05 17:00:00.000,2011,9,5,17,10010KT,19,06
2011-09-05 18:00:00.000,2011,9,5,18,12010KT,19,07
2011-09-05 19:00:00.000,2011,9,5,19,10012KT,20,07
2011-09-05 20:00:00.000,2011,9,5,20,13010KT,20,06
2011-09-05 21:00:00.000,2011,9,5,21,03008KT,20,06
2011-09-05 22:00:00.000,2011,9,5,22,05008KT,18,06
2011-09-05 23:00:00.000,2011,9,5,23,VRB02KT,16,10
2011-09-06 00:00:00.000,2011,9,6,0,VRB02KT,29,24
2011-09-06 01:00:00.000,2011,9,6,1,VRB02KT,13,10
2011-09-06 02:00:00.000,2011,9,6,2,34003KT,13,10
2011-09-06 03:00:00.000,2011,9,6,3,VRB02KT,14,09
2011-09-06 04:00:00.000,2011,9,6,4,00000KT,11,08
2011-09-06 05:00:00.000,2011,9,6,5,07004KT,10,08
2011-09-06 06:00:00.000,2011,9,6,6,08005KT,11,08
2011-09-06 07:00:00.000,2011,9,6,7,13006KT,11,08
2011-09-06 08:00:00.000,2011,9,6,8,30003KT,09,07
2011-09-06 09:00:00.000,2011,9,6,9,06003KT,10,07
2011-09-06 10:00:00.000,2011,9,6,10,04005KT,10,08
2011-09-06 11:00:00.000,2011,9,6,11,04005KT,11,09
2011-09-06 12:00:00.000,2011,9,6,12,05008KT,12,09
2011-09-06 13:00:00.000,2011,9,6,13,06006KT,14,09
2011-09-06 14:00:00.000,2011,9,6,14,06010KT,14,09
2011-09-06 15:00:00.000,2011,9,6,15,10006KT,15,09
2011-09-06 16:00:00.000,2011,9,6,16,10010KT,16,10
2011-09-06 17:00:00.000,2011,9,6,17,07006KT,17,09
2011-09-06 18:00:00.000,2011,9,6,18,07008KT,15,09
2011-09-06 19:00:00.000,2011,9,6,19,09010KT,18,08
2011-09-06 20:00:00.000,2011,9,6,20,09008KT,18,08
2011-09-06 21:00:00.000,2011,9,6,21,09012KT,18,07
2011-09-06 22:00:00.000,2011,9,6,22,10006KT,17,08
2011-09-06 23:00:00.000,2011,9,6,23,10010KT,17,06
2011-09-07 00:00:00.000,2011,9,7,0,12010KT,18,08
2011-09-07 01:00:00.000,2011,9,7,1,13007KT,14,08
2011-09-07 02:00:00.000,2011,9,7,2,06005KT,14,08
2011-09-07 03:00:00.000,2011,9,7,3,05005KT,13,09
2011-09-07 04:00:00.000,2011,9,7,4,07005KT,12,09
2011-09-07 05:00:00.000,2011,9,7,5,03006KT,12,09
2011-09-07 06:00:00.000,2011,9,7,6,04007KT,12,09
2011-09-07 07:00:00.000,2011,9,7,7,05006KT,12,09
2011-09-07 08:00:00.000,2011,9,7,8,04004KT,12,09
2011-09-07 09:00:00.000,2011,9,7,9,02003KT,12,09
2011-09-07 10:00:00.000,2011,9,7,10,05005KT,12,09
2011-09-07 11:00:00.000,2011,9,7,11,03003KT,12,09
2011-09-07 12:00:00.000,2011,9,7,12,05005KT,12,09
2011-09-07 13:00:00.000,2011,9,7,13,04009KT,13,10
2011-09-07 14:00:00.000,2011,9,7,14,06008KT,14,11
2011-09-07 15:00:00.000,2011,9,7,15,05005KT,16,11
2011-09-07 16:00:00.000,2011,9,7,16,05005KT,14,11
2011-09-07 17:00:00.000,2011,9,7,17,07010KT,14,12
2011-09-07 18:00:00.000,2011,9,7,18,08010KT,16,10
2011-09-07 19:00:00.000,2011,9,7,19,08007KT,16,11
2011-09-07 20:00:00.000,2011,9,7,20,24006KT,15,10
2011-09-07 21:00:00.000,2011,9,7,21,28006KT,16,11
2011-09-07 22:00:00.000,2011,9,7,22,30006KT,16,11
2011-09-07 23:00:00.000,2011,9,7,23,26004KT,16,11
2011-09-08 00:00:00.000,2011,9,8,0,21003KT,14,11
2011-09-08 01:00:00.000,2011,9,8,1,03003KT,14,11
2011-09-08 02:00:00.000,2011,9,8,2,33005KT,12,10
2011-09-08 03:00:00.000,2011,9,8,3,28004KT,11,10
2011-09-08 04:00:00.000,2011,9,8,4,27004KT,10,10
2011-09-08 05:00:00.000,2011,9,8,5,02003KT,10,09
2011-09-08 06:00:00.000,2011,9,8,6,VRB02KT,09,09
2011-09-08 07:00:00.000,2011,9,8,7,32004KT,08,08
2011-09-08 08:00:00.000,2011,9,8,8,06003KT,08,08
2011-09-08 09:00:00.000,2011,9,8,9,34003KT,07,07
2011-09-08 10:00:00.000,2011,9,8,10,VRB02KT,07,06
2011-09-08 11:00:00.000,2011,9,8,11,VRB02KT,07,06
2011-09-08 12:00:00.000,2011,9,8,12,04004KT,09,08
2011-09-08 13:00:00.000,2011,9,8,13,VRB02KT,12,10
2011-09-08 14:00:00.000,2011,9,8,14,VRB02KT,15,10
2011-09-08 15:00:00.000,2011,9,8,15,VRB02KT,18,09
2011-09-08 16:00:00.000,2011,9,8,16,25006KT,18,09
2011-09-08 17:00:00.000,2011,9,8,17,28008KT,17,12
2011-09-08 18:00:00.000,2011,9,8,18,29008KT,16,11
2011-09-08 19:00:00.000,2011,9,8,19,32010KT,16,11
2011-09-08 20:00:00.000,2011,9,8,20,04008KT,16,10
2011-09-08 21:00:00.000,2011,9,8,21,26006KT,14,11
2011-09-08 22:00:00.000,2011,9,8,22,16004KT,13,10
2011-09-08 23:00:00.000,2011,9,8,23,03003KT,13,11
2011-09-09 00:00:00.000,2011,9,9,0,05004KT,12,11
2011-09-09 01:00:00.000,2011,9,9,1,04006KT,12,11
2011-09-09 02:00:00.000,2011,9,9,2,VRB02KT,12,11
2011-09-09 03:00:00.000,2011,9,9,3,VRB02KT,12,11
2011-09-09 04:00:00.000,2011,9,9,4,05006KT,12,11
2011-09-09 05:00:00.000,2011,9,9,5,07004KT,11,10
2011-09-09 06:00:00.000,2011,9,9,6,35003KT,11,10
2011-09-09 07:00:00.000,2011,9,9,7,35003KT,11,10
2011-09-09 08:00:00.000,2011,9,9,8,VRB02KT,11,11
2011-09-09 09:00:00.000,2011,9,9,9,VRB02KT,10,10
2011-09-09 10:00:00.000,2011,9,9,10,31004KT,10,10
2011-09-09 11:00:00.000,2011,9,9,11,VRB02KT,11,10
2011-09-09 12:00:00.000,2011,9,9,12,00000KT,11,10
2011-09-09 13:00:00.000,2011,9,9,13,VRB02KT,13,11
2011-09-09 14:00:00.000,2011,9,9,14,32005KT,14,11
2011-09-09 15:00:00.000,2011,9,9,15,30006KT,16,12
2011-09-09 16:00:00.000,2011,9,9,16,VRB02KT,17,11
2011-09-09 17:00:00.000,2011,9,9,17,24008KT,17,12
2011-09-09 18:00:00.000,2011,9,9,18,24012KT,18,11
2011-09-09 19:00:00.000,2011,9,9,19,24014KT,16,11
2011-09-09 20:00:00.000,2011,9,9,20,32006KT,15,12
2011-09-09 21:00:00.000,2011,9,9,21,34006KT,14,12
2011-09-09 22:00:00.000,2011,9,9,22,05006KT,14,12
2011-09-09 23:00:00.000,2011,9,9,23,04009KT,13,12
2011-09-10 00:00:00.000,2011,9,10,0,04006KT,13,11
2011-09-10 01:00:00.000,2011,9,10,1,34005KT,12,10
2011-09-10 02:00:00.000,2011,9,10,2,00000KT,12,10
2011-09-10 03:00:00.000,2011,9,10,3,33003KT,11,10
2011-09-10 04:00:00.000,2011,9,10,4,01003KT,12,10
2011-09-10 05:00:00.000,2011,9,10,5,06004KT,11,10
2011-09-10 06:00:00.000,2011,9,10,6,31003KT,11,10
2011-09-10 07:00:00.000,2011,9,10,7,VRB02KT,11,10
2011-09-10 08:00:00.000,2011,9,10,8,03003KT,10,09
2011-09-10 09:00:00.000,2011,9,10,9,07003KT,10,09
2011-09-10 10:00:00.000,2011,9,10,10,VRB02KT,09,09
2011-09-10 11:00:00.000,2011,9,10,11,07004KT,10,09
2011-09-10 12:00:00.000,2011,9,10,12,06005KT,09,09
2011-09-10 13:00:00.000,2011,9,10,13,05006KT,11,10
2011-09-10 14:00:00.000,2011,9,10,14,04006KT,15,11
2011-09-10 15:00:00.000,2011,9,10,15,VRB02KT,18,12
2011-09-10 16:00:00.000,2011,9,10,16,VRB02KT,20,10
2011-09-10 17:00:00.000,2011,9,10,17,24012KT,19,12
2011-09-10 18:00:00.000,2011,9,10,18,21006KT,14,12
2011-09-10 19:00:00.000,2011,9,10,19,31009KT,14,12
2011-09-10 20:00:00.000,2011,9,10,20,05006KT,14,13
2011-09-10 21:00:00.000,2011,9,10,21,33003KT,15,12
2011-09-10 22:00:00.000,2011,9,10,22,02004KT,16,11
2011-09-10 23:00:00.000,2011,9,10,23,05005KT,15,11
2011-09-11 00:00:00.000,2011,9,11,0,05005KT,14,11
2011-09-11 01:00:00.000,2011,9,11,1,07005KT,14,11
2011-09-11 02:00:00.000,2011,9,11,2,03004KT,14,11
2011-09-11 03:00:00.000,2011,9,11,3,04003KT,13,11
2011-09-11 04:00:00.000,2011,9,11,4,VRB02KT,13,11
2011-09-11 05:00:00.000,2011,9,11,5,VRB02KT,12,10
2011-09-11 06:00:00.000,2011,9,11,6,36003KT,12,10
2011-09-11 07:00:00.000,2011,9,11,7,16004KT,12,10
2011-09-11 08:00:00.000,2011,9,11,8,15008KT,12,07
2011-09-11 09:00:00.000,2011,9,11,9,13005KT,12,07
2011-09-11 10:00:00.000,2011,9,11,10,04004KT,11,08
2011-09-11 11:00:00.000,2011,9,11,11,05006KT,11,08
2011-09-11 12:00:00.000,2011,9,11,12,09003KT,12,08
2011-09-11 13:00:00.000,2011,9,11,13,03005KT,13,08
2011-09-11 14:00:00.000,2011,9,11,14,07006KT,14,09
2011-09-11 15:00:00.000,2011,9,11,15,09005KT,14,11
2011-09-11 16:00:00.000,2011,9,11,16,11010KT,13,12
2011-09-11 17:00:00.000,2011,9,11,17,15012KT,16,11
2011-09-11 18:00:00.000,2011,9,11,18,20012KT,17,10
2011-09-11 19:00:00.000,2011,9,11,19,12012KT,17,09
2011-09-11 20:00:00.000,2011,9,11,20,12017KT,17,10
2011-09-11 21:00:00.000,2011,9,11,21,15015KT,16,08
2011-09-11 22:00:00.000,2011,9,11,22,14011KT,15,08
2011-09-11 23:00:00.000,2011,9,11,23,15009KT,14,07
2011-09-12 00:00:00.000,2011,9,12,0,11007KT,14,07
2011-09-12 01:00:00.000,2011,9,12,1,12005KT,13,07
2011-09-12 02:00:00.000,2011,9,12,2,10005KT,13,08
2011-09-12 03:00:00.000,2011,9,12,3,13004KT,13,09
2011-09-12 04:00:00.000,2011,9,12,4,VRB02KT,13,10
2011-09-12 05:00:00.000,2011,9,12,5,VRB02KT,12,09
2011-09-12 06:00:00.000,2011,9,12,6,VRB02KT,12,09
2011-09-12 07:00:00.000,2011,9,12,7,06006KT,12,10
2011-09-12 08:00:00.000,2011,9,12,8,05005KT,11,10
2011-09-12 09:00:00.000,2011,9,12,9,05005KT,11,10
2011-09-12 10:00:00.000,2011,9,12,10,11006KT,11,09
2011-09-12 11:00:00.000,2011,9,12,11,14008KT,12,09
2011-09-12 12:00:00.000,2011,9,12,12,19008KT,12,09
2011-09-12 13:00:00.000,2011,9,12,13,20005KT,13,08
2011-09-12 14:00:00.000,2011,9,12,14,14008KT,14,09
2011-09-12 15:00:00.000,2011,9,12,15,15012KT,15,08
2011-09-12 16:00:00.000,2011,9,12,16,14013KT,17,08
2011-09-12 17:00:00.000,2011,9,12,17,14014KT,17,07
2011-09-12 18:00:00.000,2011,9,12,18,14014KT,17,07
2011-09-12 19:00:00.000,2011,9,12,19,16015KT,17,07
2011-09-12 20:00:00.000,2011,9,12,20,16015KT,17,08
2011-09-12 21:00:00.000,2011,9,12,21,15018KT,16,07
2011-09-12 22:00:00.000,2011,9,12,22,15016KT,16,07
2011-09-12 23:00:00.000,2011,9,12,23,15012KT,14,07
2011-09-13 00:00:00.000,2011,9,13,0,14012KT,13,06
2011-09-13 01:00:00.000,2011,9,13,1,14010KT,13,07
2011-09-13 02:00:00.000,2011,9,13,2,16008KT,13,08
2011-09-13 03:00:00.000,2011,9,13,3,16004KT,13,08
2011-09-13 04:00:00.000,2011,9,13,4,20006KT,13,08
2011-09-13 05:00:00.000,2011,9,13,5,06004KT,11,08
2011-09-13 06:00:00.000,2011,9,13,6,08004KT,11,08
2011-09-13 07:00:00.000,2011,9,13,7,01004KT,10,08
2011-09-13 08:00:00.000,2011,9,13,8,05004KT,10,08
2011-09-13 09:00:00.000,2011,9,13,9,05004KT,09,08
2011-09-13 10:00:00.000,2011,9,13,10,32004KT,09,08
2011-09-13 11:00:00.000,2011,9,13,11,VRB02KT,09,08
2011-09-13 12:00:00.000,2011,9,13,12,VRB02KT,11,09
2011-09-13 13:00:00.000,2011,9,13,13,03004KT,12,09
2011-09-13 14:00:00.000,2011,9,13,14,02006KT,14,10
2011-09-13 15:00:00.000,2011,9,13,15,14005KT,17,09
2011-09-13 16:00:00.000,2011,9,13,16,17014KT,18,07
2011-09-13 17:00:00.000,2011,9,13,17,17012KT,19,08
2011-09-13 18:00:00.000,2011,9,13,18,14010KT,17,07
2011-09-13 19:00:00.000,2011,9,13,19,05004KT,17,07
2011-09-13 20:00:00.000,2011,9,13,20,11010KT,16,09
2011-09-13 21:00:00.000,2011,9,13,21,17010KT,16,09
2011-09-13 22:00:00.000,2011,9,13,22,16010KT,15,08
2011-09-13 23:00:00.000,2011,9,13,23,14008KT,15,08
2011-09-14 00:00:00.000,2011,9,14,0,10010KT,14,09
2011-09-14 01:00:00.000,2011,9,14,1,13006KT,14,08
2011-09-14 02:00:00.000,2011,9,14,2,03004KT,12,08
2011-09-14 03:00:00.000,2011,9,14,3,VRB02KT,12,08
2011-09-14 04:00:00.000,2011,9,14,4,04003KT,11,08
2011-09-14 05:00:00.000,2011,9,14,5,06003KT,10,08
2011-09-14 06:00:00.000,2011,9,14,6,VRB02KT,10,08
2011-09-14 07:00:00.000,2011,9,14,7,03004KT,09,08
2011-09-14 08:00:00.000,2011,9,14,8,24003KT,08,08
2011-09-14 09:00:00.000,2011,9,14,9,VRB02KT,08,08
2011-09-14 10:00:00.000,2011,9,14,10,05005KT,07,07
2011-09-14 11:00:00.000,2011,9,14,11,VRB02KT,06,06
2011-09-14 12:00:00.000,2011,9,14,12,04004KT,07,07
2011-09-14 13:00:00.000,2011,9,14,13,03006KT,09,08
2011-09-14 14:00:00.000,2011,9,14,14,06010KT,12,10
2011-09-14 15:00:00.000,2011,9,14,15,03009KT,15,10
2011-09-14 16:00:00.000,2011,9,14,16,15014KT,17,07
2011-09-14 17:00:00.000,2011,9,14,17,13012KT,18,07
2011-09-14 18:00:00.000,2011,9,14,18,13008KT,18,06
2011-09-14 19:00:00.000,2011,9,14,19,16010KT,19,05
2011-09-14 20:00:00.000,2011,9,14,20,16012KT,19,05
2011-09-14 21:00:00.000,2011,9,14,21,15008KT,19,05
2011-09-14 22:00:00.000,2011,9,14,22,14012KT,18,06
2011-09-14 23:00:00.000,2011,9,14,23,15012KT,16,06
2011-09-15 00:00:00.000,2011,9,15,0,17008KT,15,08
2011-09-15 01:00:00.000,2011,9,15,1,15010KT,14,07
2011-09-15 02:00:00.000,2011,9,15,2,32003KT,14,07
2011-09-15 04:00:00.000,2011,9,15,4,03003KT,11,09
2011-09-15 05:00:00.000,2011,9,15,5,29003KT,10,08
2011-09-15 06:00:00.000,2011,9,15,6,00000KT,10,08
2011-09-15 07:00:00.000,2011,9,15,7,06004KT,10,07
2011-09-15 08:00:00.000,2011,9,15,8,05004KT,10,08
2011-09-15 09:00:00.000,2011,9,15,9,06003KT,10,08
2011-09-15 10:00:00.000,2011,9,15,10,07004KT,11,08
2011-09-15 11:00:00.000,2011,9,15,11,06004KT,11,09
2011-09-15 12:00:00.000,2011,9,15,12,05006KT,11,09
2011-09-15 13:00:00.000,2011,9,15,13,VRB02KT,12,09
2011-09-15 14:00:00.000,2011,9,15,14,13008KT,14,09
2011-09-15 15:00:00.000,2011,9,15,15,11012KT,16,09
2011-09-15 16:00:00.000,2011,9,15,16,17016KT,17,10
2011-09-15 17:00:00.000,2011,9,15,17,17018KT,17,09
2011-09-15 18:00:00.000,2011,9,15,18,14013KT,18,08
2011-09-15 19:00:00.000,2011,9,15,19,16014KT,18,08
2011-09-15 20:00:00.000,2011,9,15,20,18010KT,18,07
2011-09-15 21:00:00.000,2011,9,15,21,16010KT,18,07
2011-09-15 22:00:00.000,2011,9,15,22,20007KT,17,07
2011-09-15 23:00:00.000,2011,9,15,23,18007KT,16,07
2011-09-16 00:00:00.000,2011,9,16,0,14007KT,15,07
2011-09-16 01:00:00.000,2011,9,16,1,VRB02KT,14,07
2011-09-16 02:00:00.000,2011,9,16,2,07003KT,13,08
2011-09-16 03:00:00.000,2011,9,16,3,25006KT,12,09
2011-09-16 04:00:00.000,2011,9,16,4,34003KT,11,10
2011-09-16 05:00:00.000,2011,9,16,5,04003KT,10,09
2011-09-16 06:00:00.000,2011,9,16,6,06003KT,10,08
2011-09-16 07:00:00.000,2011,9,16,7,02003KT,09,08
2011-09-16 09:00:00.000,2011,9,16,9,32004KT,07,07
2011-09-16 10:00:00.000,2011,9,16,10,09006KT,08,08
2011-09-16 11:00:00.000,2011,9,16,11,03004KT,09,08
2011-09-16 12:00:00.000,2011,9,16,12,06004KT,10,08
2011-09-16 13:00:00.000,2011,9,16,13,03006KT,12,09
2011-09-16 14:00:00.000,2011,9,16,14,03004KT,14,10
2011-09-16 15:00:00.000,2011,9,16,15,29003KT,17,09
2011-09-16 16:00:00.000,2011,9,16,16,06010KT,16,10
2011-09-16 17:00:00.000,2011,9,16,17,02008KT,17,09
2011-09-16 18:00:00.000,2011,9,16,18,06006KT,18,09
2011-09-16 19:00:00.000,2011,9,16,19,26006KT,19,09
2011-09-16 20:00:00.000,2011,9,16,20,25007KT,17,11
2011-09-16 21:00:00.000,2011,9,16,21,24011KT,17,10
2011-09-16 22:00:00.000,2011,9,16,22,22008KT,16,11
2011-09-16 23:00:00.000,2011,9,16,23,23005KT,14,10
2011-09-17 00:00:00.000,2011,9,17,0,VRB02KT,14,10
2011-09-17 01:00:00.000,2011,9,17,1,VRB02KT,13,09
2011-09-17 02:00:00.000,2011,9,17,2,VRB02KT,13,09
2011-09-17 03:00:00.000,2011,9,17,3,VRB02KT,13,09
2011-09-17 04:00:00.000,2011,9,17,4,VRB02KT,13,09
2011-09-17 05:00:00.000,2011,9,17,5,30003KT,12,10
2011-09-17 06:00:00.000,2011,9,17,6,18003KT,12,07
2011-09-17 07:00:00.000,2011,9,17,7,04004KT,12,08
2011-09-17 08:00:00.000,2011,9,17,8,VRB02KT,11,08
2011-09-17 09:00:00.000,2011,9,17,9,VRB02KT,10,08
2011-09-17 10:00:00.000,2011,9,17,10,01003KT,09,08
2011-09-17 11:00:00.000,2011,9,17,11,32003KT,08,08
2011-09-17 12:00:00.000,2011,9,17,12,34003KT,10,09
2011-09-17 13:00:00.000,2011,9,17,13,VRB02KT,12,11
2011-09-17 14:00:00.000,2011,9,17,14,24003KT,14,10
2011-09-17 15:00:00.000,2011,9,17,15,16005KT,17,10
2011-09-17 16:00:00.000,2011,9,17,16,05004KT,18,09
2011-09-17 17:00:00.000,2011,9,17,17,23010KT,19,08
2011-09-17 18:00:00.000,2011,9,17,18,25009KT,17,11
2011-09-17 19:00:00.000,2011,9,17,19,28008KT,18,10
2011-09-17 20:00:00.000,2011,9,17,20,05003KT,18,10
2011-09-17 21:00:00.000,2011,9,17,21,31005KT,17,12
2011-09-17 22:00:00.000,2011,9,17,22,26007KT,16,12
2011-09-17 23:00:00.000,2011,9,17,23,35004KT,14,12
2011-09-18 00:00:00.000,2011,9,18,0,32003KT,14,12
2011-09-18 01:00:00.000,2011,9,18,1,31003KT,13,12
2011-09-18 02:00:00.000,2011,9,18,2,03003KT,13,11
2011-09-18 03:00:00.000,2011,9,18,3,26003KT,13,12
2011-09-18 04:00:00.000,2011,9,18,4,02004KT,12,11
2011-09-18 05:00:00.000,2011,9,18,5,27004KT,12,11
2011-09-18 06:00:00.000,2011,9,18,6,01010KT,28,26
2011-09-18 07:00:00.000,2011,9,18,7,28003KT,10,09
2011-09-18 08:00:00.000,2011,9,18,8,00000KT,10,09
2011-09-18 09:00:00.000,2011,9,18,9,03003KT,09,09
2011-09-18 10:00:00.000,2011,9,18,10,00000KT,09,09
2011-09-18 11:00:00.000,2011,9,18,11,VRB02KT,09,09
2011-09-18 12:00:00.000,2011,9,18,12,02004KT,11,10
2011-09-18 13:00:00.000,2011,9,18,13,04007KT,13,11
2011-09-18 14:00:00.000,2011,9,18,14,03006KT,15,10
2011-09-18 15:00:00.000,2011,9,18,15,29005KT,17,10
2011-09-18 16:00:00.000,2011,9,18,16,34003KT,17,09
2011-09-18 17:00:00.000,2011,9,18,17,23006KT,17,11
2011-09-18 18:00:00.000,2011,9,18,18,20008KT,16,11
2011-09-18 19:00:00.000,2011,9,18,19,25008KT,15,11
2011-09-18 20:00:00.000,2011,9,18,20,26008KT,16,11
2011-09-18 22:00:00.000,2011,9,18,22,29007KT,12,12
2011-09-18 23:00:00.000,2011,9,18,23,06006KT,12,12
2011-09-19 00:00:00.000,2011,9,19,0,VRB02KT,12,11
2011-09-19 01:00:00.000,2011,9,19,1,03005KT,12,11
2011-09-19 02:00:00.000,2011,9,19,2,05006KT,12,11
2011-09-19 03:00:00.000,2011,9,19,3,06006KT,12,11
2011-09-19 04:00:00.000,2011,9,19,4,04005KT,12,11
2011-09-19 05:00:00.000,2011,9,19,5,04005KT,11,10
2011-09-19 06:00:00.000,2011,9,19,6,05004KT,11,10
2011-09-19 07:00:00.000,2011,9,19,7,03004KT,11,10
2011-09-19 08:00:00.000,2011,9,19,8,VRB02KT,11,10
2011-09-19 09:00:00.000,2011,9,19,9,VRB02KT,10,09
2011-09-19 10:00:00.000,2011,9,19,10,00000KT,10,09
2011-09-19 11:00:00.000,2011,9,19,11,00000KT,10,09
2011-09-19 12:00:00.000,2011,9,19,12,05004KT,11,10
2011-09-19 13:00:00.000,2011,9,19,13,05004KT,12,10
2011-09-19 14:00:00.000,2011,9,19,14,04008KT,14,10
2011-09-19 15:00:00.000,2011,9,19,15,04004KT,15,10
2011-09-19 16:00:00.000,2011,9,19,16,15010KT,17,09
2011-09-19 17:00:00.000,2011,9,19,17,17012KT,18,08
2011-09-19 18:00:00.000,2011,9,19,18,12008KT,18,09
2011-09-19 19:00:00.000,2011,9,19,19,14010KT,17,09
2011-09-19 20:00:00.000,2011,9,19,20,10008KT,17,09
2011-09-19 21:00:00.000,2011,9,19,21,08008KT,16,10
2011-09-19 22:00:00.000,2011,9,19,22,04012KT,15,10
2011-09-19 23:00:00.000,2011,9,19,23,05008KT,14,10
2011-09-20 00:00:00.000,2011,9,20,0,08006KT,14,09
2011-09-20 01:00:00.000,2011,9,20,1,34004KT,13,10
2011-09-20 02:00:00.000,2011,9,20,2,04006KT,12,09
2011-09-20 03:00:00.000,2011,9,20,3,08005KT,12,09
2011-09-20 04:00:00.000,2011,9,20,4,06005KT,11,09
2011-09-20 05:00:00.000,2011,9,20,5,07004KT,11,08
2011-09-20 06:00:00.000,2011,9,20,6,03004KT,10,08
2011-09-20 07:00:00.000,2011,9,20,7,03004KT,09,08
2011-09-20 08:00:00.000,2011,9,20,8,07005KT,09,07
2011-09-20 09:00:00.000,2011,9,20,9,30003KT,08,07
2011-09-20 10:00:00.000,2011,9,20,10,07005KT,08,07
2011-09-20 11:00:00.000,2011,9,20,11,03004KT,09,08
2011-09-20 12:00:00.000,2011,9,20,12,VRB02KT,09,08
2011-09-20 13:00:00.000,2011,9,20,13,VRB02KT,11,09
2011-09-20 14:00:00.000,2011,9,20,14,06004KT,14,09
2011-09-20 15:00:00.000,2011,9,20,15,36004KT,16,08
2011-09-20 16:00:00.000,2011,9,20,16,VRB02KT,17,09
2011-09-20 17:00:00.000,2011,9,20,17,05008KT,18,09
2011-09-20 18:00:00.000,2011,9,20,18,15010KT,19,08
2011-09-20 19:00:00.000,2011,9,20,19,VRB02KT,20,07
2011-09-20 20:00:00.000,2011,9,20,20,25006KT,19,11
2011-09-20 21:00:00.000,2011,9,20,21,25009KT,18,12
2011-09-20 22:00:00.000,2011,9,20,22,27006KT,17,11
2011-09-20 23:00:00.000,2011,9,20,23,29006KT,14,10
2011-09-21 00:00:00.000,2011,9,21,0,33004KT,13,10
2011-09-21 01:00:00.000,2011,9,21,1,34004KT,13,09
2011-09-21 02:00:00.000,2011,9,21,2,VRB02KT,13,09
2011-09-21 03:00:00.000,2011,9,21,3,VRB02KT,12,09
2011-09-21 04:00:00.000,2011,9,21,4,VRB02KT,12,10
2011-09-21 05:00:00.000,2011,9,21,5,VRB02KT,11,08
2011-09-21 06:00:00.000,2011,9,21,6,04004KT,09,08
2011-09-21 07:00:00.000,2011,9,21,7,00000KT,08,07
2011-09-21 08:00:00.000,2011,9,21,8,00000KT,08,07
2011-09-21 09:00:00.000,2011,9,21,9,00000KT,07,06
2011-09-21 10:00:00.000,2011,9,21,10,00000KT,06,06
2011-09-21 11:00:00.000,2011,9,21,11,VRB02KT,05,05
2011-09-21 12:00:00.000,2011,9,21,12,33004KT,08,08
2011-09-21 13:00:00.000,2011,9,21,13,04006KT,13,09
2011-09-21 14:00:00.000,2011,9,21,14,VRB02KT,15,08
2011-09-21 15:00:00.000,2011,9,21,15,06005KT,16,09
2011-09-21 16:00:00.000,2011,9,21,16,12005KT,17,09
2011-09-21 17:00:00.000,2011,9,21,17,06009KT,16,09
2011-09-21 18:00:00.000,2011,9,21,18,18005KT,17,09
2011-09-21 19:00:00.000,2011,9,21,19,15010KT,17,09
2011-09-21 20:00:00.000,2011,9,21,20,12010KT,17,08
2011-09-21 21:00:00.000,2011,9,21,21,12012KT,17,09
2011-09-21 22:00:00.000,2011,9,21,22,14010KT,16,09
2011-09-21 23:00:00.000,2011,9,21,23,15012KT,15,09
2011-09-22 00:00:00.000,2011,9,22,0,12006KT,15,10
2011-09-22 01:00:00.000,2011,9,22,1,06006KT,14,10
2011-09-22 02:00:00.000,2011,9,22,2,04007KT,13,08
2011-09-22 03:00:00.000,2011,9,22,3,03003KT,12,09
2011-09-22 04:00:00.000,2011,9,22,4,10003KT,12,09
2011-09-22 05:00:00.000,2011,9,22,5,34003KT,11,10
2011-09-22 06:00:00.000,2011,9,22,6,03003KT,11,09
2011-09-22 07:00:00.000,2011,9,22,7,32003KT,11,09
2011-09-22 08:00:00.000,2011,9,22,8,36003KT,10,09
2011-09-22 09:00:00.000,2011,9,22,9,04004KT,09,08
2011-09-22 10:00:00.000,2011,9,22,10,04005KT,10,09
2011-09-22 11:00:00.000,2011,9,22,11,05006KT,10,09
2011-09-22 12:00:00.000,2011,9,22,12,05004KT,11,09
2011-09-22 13:00:00.000,2011,9,22,13,08007KT,13,10
2011-09-22 14:00:00.000,2011,9,22,14,12003KT,15,10
2011-09-22 15:00:00.000,2011,9,22,15,07007KT,16,10
2011-09-22 16:00:00.000,2011,9,22,16,36006KT,18,11
2011-09-22 17:00:00.000,2011,9,22,17,36004KT,17,09
2011-09-22 18:00:00.000,2011,9,22,18,16006KT,18,09
2011-09-22 19:00:00.000,2011,9,22,19,17007KT,19,09
2011-09-22 20:00:00.000,2011,9,22,20,13012KT,16,12
2011-09-22 21:00:00.000,2011,9,22,21,13012KT,15,11
2011-09-22 22:00:00.000,2011,9,22,22,10009KT,16,10
2011-09-22 23:00:00.000,2011,9,22,23,11006KT,15,10
2011-09-23 00:00:00.000,2011,9,23,0,VRB02KT,14,09
2011-09-23 01:00:00.000,2011,9,23,1,29003KT,11,09
2011-09-23 02:00:00.000,2011,9,23,2,05004KT,11,10
2011-09-23 03:00:00.000,2011,9,23,3,VRB02KT,09,08
2011-09-23 04:00:00.000,2011,9,23,4,20005KT,10,09
2011-09-23 05:00:00.000,2011,9,23,5,00000KT,09,08
2011-09-23 06:00:00.000,2011,9,23,6,VRB02KT,09,08
2011-09-23 07:00:00.000,2011,9,23,7,03003KT,09,08
2011-09-23 08:00:00.000,2011,9,23,8,00000KT,06,06
2011-09-23 09:00:00.000,2011,9,23,9,32003KT,06,06
2011-09-23 10:00:00.000,2011,9,23,10,00000KT,06,06
2011-09-23 11:00:00.000,2011,9,23,11,00000KT,05,05
2011-09-23 12:00:00.000,2011,9,23,12,02003KT,08,07
2011-09-23 13:00:00.000,2011,9,23,13,34003KT,12,10
2011-09-23 14:00:00.000,2011,9,23,14,33004KT,15,11
2011-09-23 15:00:00.000,2011,9,23,15,03006KT,18,09
2011-09-23 16:00:00.000,2011,9,23,16,11009KT,20,11
2011-09-23 17:00:00.000,2011,9,23,17,11003KT,20,08
2011-09-23 18:00:00.000,2011,9,23,18,15005KT,21,08
2011-09-23 19:00:00.000,2011,9,23,19,26007KT,20,07
2011-09-23 20:00:00.000,2011,9,23,20,30008KT,19,13
2011-09-23 21:00:00.000,2011,9,23,21,23010KT,18,13
2011-09-23 22:00:00.000,2011,9,23,22,28009KT,16,14
2011-09-23 23:00:00.000,2011,9,23,23,33005KT,15,13
2011-09-24 00:00:00.000,2011,9,24,0,32006KT,14,13
2011-09-24 01:00:00.000,2011,9,24,1,24004KT,14,13
2011-09-24 02:00:00.000,2011,9,24,2,VRB02KT,13,12
2011-09-24 03:00:00.000,2011,9,24,3,06004KT,14,13
2011-09-24 04:00:00.000,2011,9,24,4,32004KT,13,12
2011-09-24 05:00:00.000,2011,9,24,5,06004KT,12,11
2011-09-24 06:00:00.000,2011,9,24,6,06006KT,12,10
2011-09-24 07:00:00.000,2011,9,24,7,04004KT,12,09
2011-09-24 08:00:00.000,2011,9,24,8,04004KT,12,09
2011-09-24 09:00:00.000,2011,9,24,9,VRB02KT,10,09
2011-09-24 10:00:00.000,2011,9,24,10,VRB02KT,10,08
2011-09-24 11:00:00.000,2011,9,24,11,VRB02KT,10,08
2011-09-24 12:00:00.000,2011,9,24,12,31005KT,11,08
2011-09-24 13:00:00.000,2011,9,24,13,06003KT,13,10
2011-09-24 14:00:00.000,2011,9,24,14,05008KT,15,10
2011-09-24 15:00:00.000,2011,9,24,15,36005KT,17,10
2011-09-24 16:00:00.000,2011,9,24,16,07005KT,19,10
2011-09-24 17:00:00.000,2011,9,24,17,36003KT,19,09
2011-09-24 18:00:00.000,2011,9,24,18,20006KT,20,08
2011-09-24 19:00:00.000,2011,9,24,19,27008KT,18,12
2011-09-24 20:00:00.000,2011,9,24,20,32010KT,19,13
2011-09-24 21:00:00.000,2011,9,24,21,28010KT,18,12
2011-09-24 22:00:00.000,2011,9,24,22,18006KT,16,12
2011-09-24 23:00:00.000,2011,9,24,23,25006KT,14,13
2011-09-25 00:00:00.000,2011,9,25,0,02003KT,12,10
2011-09-25 01:00:00.000,2011,9,25,1,31004KT,11,10
2011-09-25 02:00:00.000,2011,9,25,2,VRB02KT,12,11
2011-09-25 03:00:00.000,2011,9,25,3,15003KT,13,12
2011-09-25 04:00:00.000,2011,9,25,4,00000KT,13,12
2011-09-25 05:00:00.000,2011,9,25,5,VRB02KT,12,10
2011-09-25 06:00:00.000,2011,9,25,6,06008KT,12,10
2011-09-25 07:00:00.000,2011,9,25,7,04006KT,11,09
2011-09-25 08:00:00.000,2011,9,25,8,04003KT,10,09
2011-09-25 09:00:00.000,2011,9,25,9,05006KT,11,09
2011-09-25 10:00:00.000,2011,9,25,10,35003KT,11,08
2011-09-25 11:00:00.000,2011,9,25,11,VRB02KT,10,09
2011-09-25 12:00:00.000,2011,9,25,12,05005KT,12,10
2011-09-25 13:00:00.000,2011,9,25,13,19004KT,14,11
2011-09-25 14:00:00.000,2011,9,25,14,13003KT,15,11
2011-09-25 15:00:00.000,2011,9,25,15,15007KT,15,10
2011-09-25 16:00:00.000,2011,9,25,16,17010KT,17,11
2011-09-25 17:00:00.000,2011,9,25,17,15014KT,17,12
2011-09-25 18:00:00.000,2011,9,25,18,14010KT,19,11
2011-09-25 19:00:00.000,2011,9,25,19,14012KT,17,10
2011-09-25 20:00:00.000,2011,9,25,20,15010KT,18,09
2011-09-25 21:00:00.000,2011,9,25,21,16008KT,17,10
2011-09-25 22:00:00.000,2011,9,25,22,16006KT,16,09
2011-09-25 23:00:00.000,2011,9,25,23,18010KT,15,09
2011-09-26 00:00:00.000,2011,9,26,0,13010KT,14,08
2011-09-26 01:00:00.000,2011,9,26,1,14008KT,14,09
2011-09-26 02:00:00.000,2011,9,26,2,14008KT,14,09
2011-09-26 03:00:00.000,2011,9,26,3,08005KT,13,10
2011-09-26 04:00:00.000,2011,9,26,4,09004KT,12,11
2011-09-26 05:00:00.000,2011,9,26,5,19004KT,12,11
2011-09-26 06:00:00.000,2011,9,26,6,10009KT,12,10
2011-09-26 07:00:00.000,2011,9,26,7,09005KT,12,09
2011-09-26 08:00:00.000,2011,9,26,8,07005KT,11,09
2011-09-26 09:00:00.000,2011,9,26,9,VRB02KT,11,09
2011-09-26 10:00:00.000,2011,9,26,10,08005KT,10,09
2011-09-26 11:00:00.000,2011,9,26,11,11006KT,11,08
2011-09-26 12:00:00.000,2011,9,26,12,12006KT,13,09
2011-09-26 13:00:00.000,2011,9,26,13,15010KT,15,09
2011-09-26 14:00:00.000,2011,9,26,14,18010KT,16,09
2011-09-26 15:00:00.000,2011,9,26,15,17012KT,17,08
2011-09-26 16:00:00.000,2011,9,26,16,17013KT,17,08
2011-09-26 17:00:00.000,2011,9,26,17,16017KT,19,10
2011-09-26 18:00:00.000,2011,9,26,18,16014KT,17,19
2011-09-26 20:00:00.000,2011,9,26,20,15012KT,16,09
2011-09-26 21:00:00.000,2011,9,26,21,04007KT,17,10
2011-09-26 22:00:00.000,2011,9,26,22,04006KT,16,10
2011-09-26 23:00:00.000,2011,9,26,23,03006KT,15,10
2011-09-27 00:00:00.000,2011,9,27,0,08004KT,15,08
2011-09-27 01:00:00.000,2011,9,27,1,33003KT,13,09
2011-09-27 02:00:00.000,2011,9,27,2,03006KT,12,09
2011-09-27 03:00:00.000,2011,9,27,3,01004KT,11,09
2011-09-27 04:00:00.000,2011,9,27,4,07007KT,11,09
2011-09-27 05:00:00.000,2011,9,27,5,07005KT,11,09
2011-09-27 06:00:00.000,2011,9,27,6,02004KT,09,08
2011-09-27 07:00:00.000,2011,9,27,7,06003KT,08,07
2011-09-27 08:00:00.000,2011,9,27,8,06006KT,08,07
2011-09-27 09:00:00.000,2011,9,27,9,08005KT,09,07
2011-09-27 10:00:00.000,2011,9,27,10,07007KT,09,07
2011-09-27 11:00:00.000,2011,9,27,11,06007KT,09,07
2011-09-27 12:00:00.000,2011,9,27,12,VRB02KT,11,09
2011-09-27 13:00:00.000,2011,9,27,13,10006KT,15,10
2011-09-27 14:00:00.000,2011,9,27,14,06006KT,16,10
2011-09-27 15:00:00.000,2011,9,27,15,07009KT,17,09
2011-09-27 16:00:00.000,2011,9,27,16,10014KT,19,08
2011-09-27 17:00:00.000,2011,9,27,17,13012KT,20,08
2011-09-27 18:00:00.000,2011,9,27,18,13012KT,19,08
2011-09-27 19:00:00.000,2011,9,27,19,13018KT,20,07
2011-09-27 20:00:00.000,2011,9,27,20,11012KT,20,08
2011-09-27 21:00:00.000,2011,9,27,21,11010KT,20,07
2011-09-27 22:00:00.000,2011,9,27,22,15010KT,18,06
2011-09-27 23:00:00.000,2011,9,27,23,14012KT,15,05
2011-09-28 00:00:00.000,2011,9,28,0,13005KT,14,07
2011-09-28 01:00:00.000,2011,9,28,1,33004KT,13,10
2011-09-28 02:00:00.000,2011,9,28,2,VRB02KT,11,01
2011-09-28 03:00:00.000,2011,9,28,3,36003KT,11,08
2011-09-28 04:00:00.000,2011,9,28,4,04003KT,10,08
2011-09-28 05:00:00.000,2011,9,28,5,00000KT,09,07
2011-09-28 06:00:00.000,2011,9,28,6,VRB02KT,09,07
2011-09-28 07:00:00.000,2011,9,28,7,03004KT,09,07
2011-09-28 08:00:00.000,2011,9,28,8,00000KT,08,07
2011-09-28 09:00:00.000,2011,9,28,9,VRB02KT,07,06
2011-09-28 10:00:00.000,2011,9,28,10,30004KT,07,07
2011-09-28 11:00:00.000,2011,9,28,11,33003KT,07,06
2011-09-28 12:00:00.000,2011,9,28,12,06004KT,10,08
2011-09-28 13:00:00.000,2011,9,28,13,03004KT,13,09
2011-09-28 14:00:00.000,2011,9,28,14,VRB02KT,16,09
2011-09-28 15:00:00.000,2011,9,28,15,11004KT,17,08
2011-09-28 16:00:00.000,2011,9,28,16,13012KT,18,09
2011-09-28 17:00:00.000,2011,9,28,17,17010KT,18,09
2011-09-28 18:00:00.000,2011,9,28,18,08008KT,19,08
2011-09-28 19:00:00.000,2011,9,28,19,08006KT,18,08
2011-09-28 20:00:00.000,2011,9,28,20,16012KT,19,07
2011-09-28 21:00:00.000,2011,9,28,21,15010KT,20,08
2011-09-28 22:00:00.000,2011,9,28,22,15008KT,18,08
2011-09-28 23:00:00.000,2011,9,28,23,16010KT,17,08
2011-09-29 00:00:00.000,2011,9,29,0,18008KT,15,08
2011-09-29 01:00:00.000,2011,9,29,1,19006KT,15,08
2011-09-29 02:00:00.000,2011,9,29,2,15004KT,14,08
2011-09-29 03:00:00.000,2011,9,29,3,17004KT,13,09
2011-09-29 04:00:00.000,2011,9,29,4,20004KT,13,09
2011-09-29 05:00:00.000,2011,9,29,5,03005KT,12,10
2011-09-29 06:00:00.000,2011,9,29,6,10004KT,11,09
2011-09-29 07:00:00.000,2011,9,29,7,05005KT,11,09
2011-09-29 08:00:00.000,2011,9,29,8,06004KT,11,09
2011-09-29 09:00:00.000,2011,9,29,9,06004KT,11,09
2011-09-29 10:00:00.000,2011,9,29,10,VRB02KT,10,09
2011-09-29 11:00:00.000,2011,9,29,11,05006KT,11,09
2011-09-29 12:00:00.000,2011,9,29,12,04006KT,12,10
2011-09-29 13:00:00.000,2011,9,29,13,04004KT,15,09
2011-09-29 14:00:00.000,2011,9,29,14,10004KT,17,10
2011-09-29 15:00:00.000,2011,9,29,15,13012KT,17,08
2011-09-29 17:00:00.000,2011,9,29,17,10010KT,18,07
2011-09-29 18:00:00.000,2011,9,29,18,08006KT,18,07
2011-09-29 19:00:00.000,2011,9,29,19,06008KT,18,08
2011-09-29 20:00:00.000,2011,9,29,20,11006KT,18,08
2011-09-29 21:00:00.000,2011,9,29,21,08010KT,18,09
2011-09-29 22:00:00.000,2011,9,29,22,05010KT,18,09
2011-09-29 23:00:00.000,2011,9,29,23,04010KT,17,08
2011-09-30 00:00:00.000,2011,9,30,0,24006KT,14,11
2011-09-30 01:00:00.000,2011,9,30,1,27003KT,14,11
2011-09-30 02:00:00.000,2011,9,30,2,VRB02KT,13,11
2011-09-30 03:00:00.000,2011,9,30,3,25004KT,14,11
2011-09-30 04:00:00.000,2011,9,30,4,24003KT,13,11
2011-09-30 05:00:00.000,2011,9,30,5,VRB02KT,11,11
2011-09-30 06:00:00.000,2011,9,30,6,03003KT,11,09
2011-09-30 07:00:00.000,2011,9,30,7,30003KT,10,09
2011-09-30 08:00:00.000,2011,9,30,8,04003KT,10,09
2011-09-30 09:00:00.000,2011,9,30,9,05004KT,09,08
2011-09-30 10:00:00.000,2011,9,30,10,VRB02KT,08,07
2011-09-30 11:00:00.000,2011,9,30,11,VRB02KT,08,08
2011-09-30 12:00:00.000,2011,9,30,12,34004KT,11,10
2011-09-30 13:00:00.000,2011,9,30,13,03004KT,13,10
2011-09-30 14:00:00.000,2011,9,30,14,33004KT,16,10
2011-09-30 15:00:00.000,2011,9,30,15,25003KT,18,10
2011-09-30 16:00:00.000,2011,9,30,16,16014KT,20,08
2011-09-30 17:00:00.000,2011,9,30,17,14010KT,20,07
2011-09-30 18:00:00.000,2011,9,30,18,12012KT,19,08
2011-09-30 19:00:00.000,2011,9,30,19,05006KT,21,10
2011-09-30 20:00:00.000,2011,9,30,20,17010KT,19,08
2011-09-30 21:00:00.000,2011,9,30,21,25010KT,18,11
2011-09-30 22:00:00.000,2011,9,30,22,25006KT,17,11
2011-09-30 23:00:00.000,2011,9,30,23,29005KT,16,12
2011-10-01 00:00:00.000,2011,10,1,0,19009KT,13,11
2011-10-01 01:00:00.000,2011,10,1,1,19006KT,13,09
2011-10-01 02:00:00.000,2011,10,1,2,14008KT,13,09
2011-10-01 03:00:00.000,2011,10,1,3,13012KT,14,08
2011-10-01 04:00:00.000,2011,10,1,4,10008KT,14,06
2011-10-01 05:00:00.000,2011,10,1,5,00000KT,10,09
2011-10-01 06:00:00.000,2011,10,1,6,05008KT,12,10
2011-10-01 07:00:00.000,2011,10,1,7,07004KT,12,09
2011-10-01 08:00:00.000,2011,10,1,8,05008KT,11,09
2011-10-01 09:00:00.000,2011,10,1,9,07004KT,11,09
2011-10-01 10:00:00.000,2011,10,1,10,05006KT,11,08
2011-10-01 11:00:00.000,2011,10,1,11,03008KT,10,08
2011-10-01 12:00:00.000,2011,10,1,12,VRB02KT,12,09
2011-10-01 13:00:00.000,2011,10,1,13,07006KT,14,10
2011-10-01 14:00:00.000,2011,10,1,14,09003KT,16,10
2011-10-01 15:00:00.000,2011,10,1,15,17003KT,18,10
2011-10-01 16:00:00.000,2011,10,1,16,10005KT,19,09
2011-10-01 17:00:00.000,2011,10,1,17,08010KT,19,09
2011-10-01 18:00:00.000,2011,10,1,18,15007KT,19,09
2011-10-01 19:00:00.000,2011,10,1,19,29006KT,17,12
2011-10-01 20:00:00.000,2011,10,1,20,29011KT,16,13
2011-10-01 21:00:00.000,2011,10,1,21,25010KT,16,12
2011-10-01 22:00:00.000,2011,10,1,22,26008KT,15,11
2011-10-01 23:00:00.000,2011,10,1,23,31006KT,14,11
2011-10-02 00:00:00.000,2011,10,2,0,33005KT,13,10
2011-10-02 01:00:00.000,2011,10,2,1,VRB02KT,13,10
2011-10-02 02:00:00.000,2011,10,2,2,VRB02KT,12,11
2011-10-02 03:00:00.000,2011,10,2,3,VRB02KT,12,11
2011-10-02 04:00:00.000,2011,10,2,4,VRB02KT,12,10
2011-10-02 05:00:00.000,2011,10,2,5,VRB02KT,11,10
2011-10-02 06:00:00.000,2011,10,2,6,VRB02KT,10,10
2011-10-02 08:00:00.000,2011,10,2,8,VRB02KT,10,10
2011-10-02 09:00:00.000,2011,10,2,9,VRB02KT,10,10
2011-10-02 10:00:00.000,2011,10,2,10,VRB02KT,10,09
2011-10-02 11:00:00.000,2011,10,2,11,33004KT,09,09
2011-10-02 12:00:00.000,2011,10,2,12,VRB02KT,10,10
2011-10-02 13:00:00.000,2011,10,2,13,04006KT,15,11
2011-10-02 14:00:00.000,2011,10,2,14,02010KT,16,11
2011-10-02 15:00:00.000,2011,10,2,15,03010KT,19,11
2011-10-02 16:00:00.000,2011,10,2,16,06006KT,19,09
2011-10-02 17:00:00.000,2011,10,2,17,12006KT,19,08
2011-10-02 18:00:00.000,2011,10,2,18,27010KT,18,13
2011-10-02 19:00:00.000,2011,10,2,19,31012KT,18,13
2011-10-02 20:00:00.000,2011,10,2,20,31007KT,17,14
2011-10-02 21:00:00.000,2011,10,2,21,29011KT,17,13
2011-10-02 22:00:00.000,2011,10,2,22,23009KT,16,13
2011-10-02 23:00:00.000,2011,10,2,23,25003KT,15,13
2011-10-03 00:00:00.000,2011,10,3,0,VRB02KT,14,12
2011-10-03 01:00:00.000,2011,10,3,1,VRB02KT,14,12
2011-10-03 02:00:00.000,2011,10,3,2,VRB02KT,13,12
2011-10-03 03:00:00.000,2011,10,3,3,VRB02KT,13,12
2011-10-03 04:00:00.000,2011,10,3,4,04006KT,13,10
2011-10-03 05:00:00.000,2011,10,3,5,09004KT,12,10
2011-10-03 06:00:00.000,2011,10,3,6,05006KT,12,08
2011-10-03 07:00:00.000,2011,10,3,7,05006KT,10,08
2011-10-03 08:00:00.000,2011,10,3,8,06004KT,09,06
2011-10-03 09:00:00.000,2011,10,3,9,23004KT,09,08
2011-10-03 10:00:00.000,2011,10,3,10,06004KT,08,06
2011-10-03 11:00:00.000,2011,10,3,11,24004KT,08,07
2011-10-03 12:00:00.000,2011,10,3,12,00000KT,09,07
2011-10-03 13:00:00.000,2011,10,3,13,04006KT,12,09
2011-10-03 14:00:00.000,2011,10,3,14,05010KT,15,09
2011-10-03 15:00:00.000,2011,10,3,15,03010KT,16,09
2011-10-03 16:00:00.000,2011,10,3,16,06010KT,19,10
2011-10-03 17:00:00.000,2011,10,3,17,10009KT,19,07
2011-10-03 18:00:00.000,2011,10,3,18,15007KT,20,07
2011-10-03 19:00:00.000,2011,10,3,19,29008KT,19,08
2011-10-03 20:00:00.000,2011,10,3,20,24007KT,18,12
2011-10-03 21:00:00.000,2011,10,3,21,29009KT,17,13
2011-10-03 22:00:00.000,2011,10,3,22,23006KT,16,12
2011-10-03 23:00:00.000,2011,10,3,23,28007KT,15,12
2011-10-04 00:00:00.000,2011,10,4,0,VRB02KT,15,12
2011-10-04 01:00:00.000,2011,10,4,1,27010KT,13,11
2011-10-04 02:00:00.000,2011,10,4,2,24003KT,13,10
2011-10-04 03:00:00.000,2011,10,4,3,VRB02KT,13,11
2011-10-04 04:00:00.000,2011,10,4,4,VRB02KT,13,11
2011-10-04 05:00:00.000,2011,10,4,5,VRB02KT,12,11
2011-10-04 06:00:00.000,2011,10,4,6,05006KT,13,11
2011-10-04 07:00:00.000,2011,10,4,7,03004KT,12,10
2011-10-04 08:00:00.000,2011,10,4,8,VRB02KT,11,10
2011-10-04 09:00:00.000,2011,10,4,9,00000KT,10,10
2011-10-04 10:00:00.000,2011,10,4,10,00000KT,10,10
2011-10-04 11:00:00.000,2011,10,4,11,01003KT,10,09
2011-10-04 12:00:00.000,2011,10,4,12,VRB02KT,11,10
2011-10-04 13:00:00.000,2011,10,4,13,VRB02KT,13,11
2011-10-04 14:00:00.000,2011,10,4,14,VRB02KT,16,10
2011-10-04 15:00:00.000,2011,10,4,15,27004KT,18,12
2011-10-04 16:00:00.000,2011,10,4,16,31004KT,18,10
2011-10-04 17:00:00.000,2011,10,4,17,25010KT,17,13
2011-10-04 18:00:00.000,2011,10,4,18,28010KT,13,11
2011-10-04 19:00:00.000,2011,10,4,19,28009KT,15,13
2011-10-04 20:00:00.000,2011,10,4,20,27007KT,16,13
2011-10-04 21:00:00.000,2011,10,4,21,20006KT,12,11
2011-10-04 22:00:00.000,2011,10,4,22,00000KT,12,11
2011-10-04 23:00:00.000,2011,10,4,23,VRB02KT,12,11
2011-10-05 00:00:00.000,2011,10,5,0,VRB02KT,12,11
2011-10-05 01:00:00.000,2011,10,5,1,VRB02KT,12,11
2011-10-05 02:00:00.000,2011,10,5,2,VRB02KT,12,11
2011-10-05 03:00:00.000,2011,10,5,3,VRB02KT,12,11
2011-10-05 04:00:00.000,2011,10,5,4,VRB02KT,11,10
2011-10-05 05:00:00.000,2011,10,5,5,34004KT,10,10
2011-10-05 06:00:00.000,2011,10,5,6,00000KT,10,10
2011-10-05 07:00:00.000,2011,10,5,7,00000KT,10,09
2011-10-05 08:00:00.000,2011,10,5,8,00000KT,10,09
2011-10-05 09:00:00.000,2011,10,5,9,31004KT,10,09
2011-10-05 10:00:00.000,2011,10,5,10,32004KT,10,09
2011-10-05 11:00:00.000,2011,10,5,11,00000KT,09,09
2011-10-05 12:00:00.000,2011,10,5,12,VRB02KT,10,10
2011-10-05 13:00:00.000,2011,10,5,13,VRB02KT,11,11
2011-10-05 14:00:00.000,2011,10,5,14,VRB02KT,14,11
2011-10-05 15:00:00.000,2011,10,5,15,VRB02KT,16,12
2011-10-05 16:00:00.000,2011,10,5,16,VRB02KT,18,12
2011-10-05 17:00:00.000,2011,10,5,17,VRB02KT,20,10
2011-10-05 18:00:00.000,2011,10,5,18,27012KT,18,14
2011-10-05 19:00:00.000,2011,10,5,19,28012KT,18,13
2011-10-05 20:00:00.000,2011,10,5,20,25008KT,18,13
2011-10-05 21:00:00.000,2011,10,5,21,26010KT,18,12
2011-10-05 22:00:00.000,2011,10,5,22,27010KT,16,13
2011-10-05 23:00:00.000,2011,10,5,23,31006KT,15,12
2011-10-06 00:00:00.000,2011,10,6,0,04005KT,13,10
2011-10-06 01:00:00.000,2011,10,6,1,09003KT,13,10
2011-10-06 02:00:00.000,2011,10,6,2,07003KT,13,11
2011-10-06 03:00:00.000,2011,10,6,3,04004KT,12,11
2011-10-06 04:00:00.000,2011,10,6,4,00000KT,12,11
2011-10-06 05:00:00.000,2011,10,6,5,03003KT,12,11
2011-10-06 06:00:00.000,2011,10,6,6,VRB02KT,12,11
2011-10-06 07:00:00.000,2011,10,6,7,VRB02KT,12,11
2011-10-06 08:00:00.000,2011,10,6,8,VRB02KT,12,11
2011-10-06 09:00:00.000,2011,10,6,9,27003KT,12,11
2011-10-06 10:00:00.000,2011,10,6,10,VRB02KT,11,10
2011-10-06 11:00:00.000,2011,10,6,11,02003KT,11,11
2011-10-06 13:00:00.000,2011,10,6,13,VRB02KT,14,12
2011-10-06 14:00:00.000,2011,10,6,14,04006KT,15,12
2011-10-06 15:00:00.000,2011,10,6,15,04006KT,17,12
2011-10-06 16:00:00.000,2011,10,6,16,02008KT,19,11
2011-10-06 17:00:00.000,2011,10,6,17,25014KT,15,13
2011-10-06 18:00:00.000,2011,10,6,18,24014KT,14,13
2011-10-06 19:00:00.000,2011,10,6,19,24008KT,13,11
2011-10-06 20:00:00.000,2011,10,6,20,05004KT,15,11
2011-10-06 21:00:00.000,2011,10,6,21,33004KT,16,11
2011-10-06 22:00:00.000,2011,10,6,22,02004KT,15,11
2011-10-06 23:00:00.000,2011,10,6,23,31004KT,15,11
2011-10-07 00:00:00.000,2011,10,7,0,27003KT,14,12
2011-10-07 01:00:00.000,2011,10,7,1,33003KT,14,12
2011-10-07 02:00:00.000,2011,10,7,2,27003KT,14,12
2011-10-07 03:00:00.000,2011,10,7,3,14005KT,14,11
2011-10-07 04:00:00.000,2011,10,7,4,26003KT,14,10
2011-10-07 05:00:00.000,2011,10,7,5,VRB02KT,13,11
2011-10-07 06:00:00.000,2011,10,7,6,03006KT,12,10
2011-10-07 07:00:00.000,2011,10,7,7,04006KT,12,10
2011-10-07 08:00:00.000,2011,10,7,8,VRB02KT,11,10
2011-10-07 10:00:00.000,2011,10,7,10,VRB02KT,10,10
2011-10-07 11:00:00.000,2011,10,7,11,VRB02KT,11,10
2011-10-07 12:00:00.000,2011,10,7,12,03006KT,12,10
2011-10-07 13:00:00.000,2011,10,7,13,VRB02KT,14,12
2011-10-07 14:00:00.000,2011,10,7,14,VRB02KT,15,11
2011-10-07 15:00:00.000,2011,10,7,15,VRB02KT,18,09
2011-10-07 16:00:00.000,2011,10,7,16,33005KT,18,11
2011-10-07 17:00:00.000,2011,10,7,17,21004KT,18,11
2011-10-07 18:00:00.000,2011,10,7,18,02004KT,19,11
2011-10-07 19:00:00.000,2011,10,7,19,21010KT,17,13
2011-10-07 20:00:00.000,2011,10,7,20,21006KT,19,12
2011-10-07 21:00:00.000,2011,10,7,21,24008KT,19,13
2011-10-07 22:00:00.000,2011,10,7,22,26008KT,17,12
2011-10-07 23:00:00.000,2011,10,7,23,33004KT,14,12
2011-10-08 00:00:00.000,2011,10,8,0,05005KT,14,10
2011-10-08 01:00:00.000,2011,10,8,1,03004KT,14,11
2011-10-08 02:00:00.000,2011,10,8,2,32004KT,13,11
2011-10-08 03:00:00.000,2011,10,8,3,35004KT,13,11
2011-10-08 04:00:00.000,2011,10,8,4,03003KT,12,11
2011-10-08 05:00:00.000,2011,10,8,5,03003KT,13,11
2011-10-08 06:00:00.000,2011,10,8,6,VRB02KT,13,11
2011-10-08 07:00:00.000,2011,10,8,7,VRB02KT,13,11
2011-10-08 08:00:00.000,2011,10,8,8,VRB02KT,13,11
2011-10-08 09:00:00.000,2011,10,8,9,VRB02KT,13,11
2011-10-08 10:00:00.000,2011,10,8,10,04004KT,12,11
2011-10-08 11:00:00.000,2011,10,8,11,07003KT,12,10
2011-10-08 12:00:00.000,2011,10,8,12,06005KT,14,12
2011-10-08 13:00:00.000,2011,10,8,13,VRB02KT,16,10
2011-10-08 14:00:00.000,2011,10,8,14,VRB02KT,16,10
2011-10-08 15:00:00.000,2011,10,8,15,02006KT,16,11
2011-10-08 16:00:00.000,2011,10,8,16,21006KT,16,11
2011-10-08 17:00:00.000,2011,10,8,17,07005KT,17,11
2011-10-08 18:00:00.000,2011,10,8,18,13005KT,17,11
2011-10-08 19:00:00.000,2011,10,8,19,08007KT,18,11
2011-10-08 20:00:00.000,2011,10,8,20,07011KT,18,11
2011-10-08 21:00:00.000,2011,10,8,21,07010KT,17,11
2011-10-08 22:00:00.000,2011,10,8,22,04009KT,16,11
2011-10-08 23:00:00.000,2011,10,8,23,03007KT,15,11
2011-10-09 00:00:00.000,2011,10,9,0,05008KT,14,11
2011-10-09 01:00:00.000,2011,10,9,1,04007KT,13,10
2011-10-09 02:00:00.000,2011,10,9,2,04006KT,13,10
2011-10-09 03:00:00.000,2011,10,9,3,04009KT,12,09
2011-10-09 04:00:00.000,2011,10,9,4,35003KT,12,09
2011-10-09 05:00:00.000,2011,10,9,5,33005KT,11,09
2011-10-09 06:00:00.000,2011,10,9,6,17003KT,09,09
2011-10-09 07:00:00.000,2011,10,9,7,32004KT,09,09
2011-10-09 08:00:00.000,2011,10,9,8,35003KT,08,08
2011-10-09 09:00:00.000,2011,10,9,9,00000KT,08,07
2011-10-09 10:00:00.000,2011,10,9,10,00000KT,07,07
2011-10-09 11:00:00.000,2011,10,9,11,04005KT,07,07
2011-10-09 13:00:00.000,2011,10,9,13,05008KT,11,10
2011-10-09 14:00:00.000,2011,10,9,14,08008KT,16,11
2011-10-09 15:00:00.000,2011,10,9,15,06010KT,17,12
2011-10-09 16:00:00.000,2011,10,9,16,15010KT,19,08
2011-10-09 17:00:00.000,2011,10,9,17,12008KT,19,10
2011-10-09 18:00:00.000,2011,10,9,18,12007KT,20,09
2011-10-09 19:00:00.000,2011,10,9,19,08009KT,20,10
2011-10-09 20:00:00.000,2011,10,9,20,24009KT,17,13
2011-10-09 21:00:00.000,2011,10,9,21,25009KT,16,13
2011-10-09 22:00:00.000,2011,10,9,22,29007KT,16,12
2011-10-09 23:00:00.000,2011,10,9,23,24006KT,15,13
2011-10-10 00:00:00.000,2011,10,10,0,28004KT,15,12
2011-10-10 01:00:00.000,2011,10,10,1,VRB02KT,14,12
2011-10-10 02:00:00.000,2011,10,10,2,VRB02KT,14,12
2011-10-10 03:00:00.000,2011,10,10,3,VRB02KT,14,12
2011-10-10 04:00:00.000,2011,10,10,4,06004KT,13,11
2011-10-10 05:00:00.000,2011,10,10,5,05006KT,13,11
2011-10-10 06:00:00.000,2011,10,10,6,VRB02KT,12,10
2011-10-10 07:00:00.000,2011,10,10,7,VRB02KT,11,10
2011-10-10 08:00:00.000,2011,10,10,8,VRB02KT,11,10
2011-10-10 09:00:00.000,2011,10,10,9,03004KT,11,10
2011-10-10 10:00:00.000,2011,10,10,10,VRB02KT,11,10
2011-10-10 11:00:00.000,2011,10,10,11,33003KT,10,09
2011-10-10 12:00:00.000,2011,10,10,12,VRB02KT,12,11
2011-10-10 13:00:00.000,2011,10,10,13,35003KT,14,12
2011-10-10 14:00:00.000,2011,10,10,14,VRB02KT,16,12
2011-10-10 15:00:00.000,2011,10,10,15,VRB02KT,18,10
2011-10-10 16:00:00.000,2011,10,10,16,32005KT,18,10
2011-10-10 17:00:00.000,2011,10,10,17,25008KT,16,13
2011-10-10 18:00:00.000,2011,10,10,18,28010KT,17,14
2011-10-10 19:00:00.000,2011,10,10,19,27013KT,17,13
2011-10-10 20:00:00.000,2011,10,10,20,28010KT,15,12
2011-10-10 21:00:00.000,2011,10,10,21,26006KT,14,12
2011-10-10 22:00:00.000,2011,10,10,22,30005KT,14,12
2011-10-10 23:00:00.000,2011,10,10,23,28003KT,14,12
2011-10-11 00:00:00.000,2011,10,11,0,VRB02KT,13,12
2011-10-11 01:00:00.000,2011,10,11,1,VRB02KT,13,12
2011-10-11 02:00:00.000,2011,10,11,2,00000KT,13,12
2011-10-11 03:00:00.000,2011,10,11,3,VRB02KT,13,12
2011-10-11 04:00:00.000,2011,10,11,4,31003KT,13,12
2011-10-11 05:00:00.000,2011,10,11,5,30006KT,13,12
2011-10-11 06:00:00.000,2011,10,11,6,32004KT,12,12
2011-10-11 07:00:00.000,2011,10,11,7,32004KT,12,12
2011-10-11 08:00:00.000,2011,10,11,8,VRB02KT,12,12
2011-10-11 09:00:00.000,2011,10,11,9,VRB02KT,12,12
2011-10-11 10:00:00.000,2011,10,11,10,00000KT,12,11
2011-10-11 11:00:00.000,2011,10,11,11,22004KT,11,11
2011-10-11 12:00:00.000,2011,10,11,12,00000KT,13,12
2011-10-11 13:00:00.000,2011,10,11,13,VRB02KT,15,12
2011-10-11 14:00:00.000,2011,10,11,14,03004KT,17,12
2011-10-11 15:00:00.000,2011,10,11,15,30009KT,18,12
2011-10-11 16:00:00.000,2011,10,11,16,33008KT,19,11
2011-10-11 17:00:00.000,2011,10,11,17,26006KT,12,10
2011-10-11 18:00:00.000,2011,10,11,18,05003KT,14,11
2011-10-11 19:00:00.000,2011,10,11,19,VRB02KT,15,10
2011-10-11 20:00:00.000,2011,10,11,20,31006KT,16,11
2011-10-11 21:00:00.000,2011,10,11,21,32005KT,16,10
2011-10-11 22:00:00.000,2011,10,11,22,24005KT,16,12
2011-10-11 23:00:00.000,2011,10,11,23,24006KT,15,12
2011-10-12 00:00:00.000,2011,10,12,0,29004KT,14,12
2011-10-12 01:00:00.000,2011,10,12,1,30004KT,14,12
2011-10-12 02:00:00.000,2011,10,12,2,31004KT,14,12
2011-10-12 03:00:00.000,2011,10,12,3,VRB02KT,13,12
2011-10-12 04:00:00.000,2011,10,12,4,VRB02KT,13,12
2011-10-12 05:00:00.000,2011,10,12,5,29007KT,13,12
2011-10-12 06:00:00.000,2011,10,12,6,29006KT,13,12
2011-10-12 07:00:00.000,2011,10,12,7,29005KT,13,11
2011-10-12 08:00:00.000,2011,10,12,8,31004KT,13,11
2011-10-12 09:00:00.000,2011,10,12,9,31004KT,12,11
2011-10-12 10:00:00.000,2011,10,12,10,VRB02KT,12,11
2011-10-12 11:00:00.000,2011,10,12,11,VRB02KT,12,11
2011-10-12 12:00:00.000,2011,10,12,12,33003KT,13,11
2011-10-12 13:00:00.000,2011,10,12,13,VRB02KT,14,12
2011-10-12 14:00:00.000,2011,10,12,14,VRB02KT,15,12
2011-10-12 15:00:00.000,2011,10,12,15,13004KT,16,11
2011-10-12 16:00:00.000,2011,10,12,16,26006KT,17,11
2011-10-12 17:00:00.000,2011,10,12,17,30006KT,18,11
2011-10-12 18:00:00.000,2011,10,12,18,12012KT,19,12
2011-10-12 19:00:00.000,2011,10,12,19,31013KT,19,12
2011-10-12 20:00:00.000,2011,10,12,20,31013KT,16,12
2011-10-12 21:00:00.000,2011,10,12,21,32010KT,16,12
2011-10-12 22:00:00.000,2011,10,12,22,32013KT,15,11
2011-10-12 23:00:00.000,2011,10,12,23,30012KT,14,11
2011-10-13 00:00:00.000,2011,10,13,0,31009KT,14,11
2011-10-13 01:00:00.000,2011,10,13,1,32003KT,13,11
2011-10-13 02:00:00.000,2011,10,13,2,33004KT,13,11
2011-10-13 03:00:00.000,2011,10,13,3,VRB02KT,13,11
2011-10-13 04:00:00.000,2011,10,13,4,27003KT,13,11
2011-10-13 05:00:00.000,2011,10,13,5,30004KT,12,11
2011-10-13 06:00:00.000,2011,10,13,6,32003KT,12,11
2011-10-13 07:00:00.000,2011,10,13,7,27005KT,12,11
2011-10-13 09:00:00.000,2011,10,13,9,VRB02KT,11,10
2011-10-13 10:00:00.000,2011,10,13,10,VRB02KT,11,10
2011-10-13 11:00:00.000,2011,10,13,11,13005KT,11,10
2011-10-13 12:00:00.000,2011,10,13,12,08004KT,13,11
2011-10-13 13:00:00.000,2011,10,13,13,06006KT,13,12
2011-10-13 14:00:00.000,2011,10,13,14,32006KT,15,11
2011-10-13 15:00:00.000,2011,10,13,15,04006KT,17,09
2011-10-13 16:00:00.000,2011,10,13,16,01006KT,19,10
2011-10-13 17:00:00.000,2011,10,13,17,30008KT,19,11
2011-10-13 18:00:00.000,2011,10,13,18,28010KT,18,12
2011-10-13 19:00:00.000,2011,10,13,19,26010KT,18,12
2011-10-13 20:00:00.000,2011,10,13,20,27008KT,19,12
2011-10-13 21:00:00.000,2011,10,13,21,28010KT,19,12
2011-10-13 22:00:00.000,2011,10,13,22,30006KT,18,10
2011-10-13 23:00:00.000,2011,10,13,23,30006KT,15,11
2011-10-14 00:00:00.000,2011,10,14,0,23003KT,14,11
2011-10-14 02:00:00.000,2011,10,14,2,25003KT,13,11
2011-10-14 03:00:00.000,2011,10,14,3,32004KT,13,11
2011-10-14 04:00:00.000,2011,10,14,4,23003KT,12,11
2011-10-14 06:00:00.000,2011,10,14,6,21003KT,11,10
2011-10-14 07:00:00.000,2011,10,14,7,VRB02KT,12,10
2011-10-14 08:00:00.000,2011,10,14,8,00000KT,10,09
2011-10-14 09:00:00.000,2011,10,14,9,24003KT,11,10
2011-10-14 10:00:00.000,2011,10,14,10,05003KT,11,10
2011-10-14 11:00:00.000,2011,10,14,11,05005KT,11,10
2011-10-14 12:00:00.000,2011,10,14,12,04006KT,12,10
2011-10-14 13:00:00.000,2011,10,14,13,02006KT,13,10
2011-10-14 14:00:00.000,2011,10,14,14,32004KT,16,11
2011-10-14 15:00:00.000,2011,10,14,15,33008KT,15,11
2011-10-14 16:00:00.000,2011,10,14,16,32008KT,16,11
2011-10-14 17:00:00.000,2011,10,14,17,30008KT,17,10
2011-10-14 18:00:00.000,2011,10,14,18,03010KT,18,11
2011-10-14 19:00:00.000,2011,10,14,19,32012KT,19,11
2011-10-14 20:00:00.000,2011,10,14,20,33008KT,20,10
2011-10-14 21:00:00.000,2011,10,14,21,32010KT,19,11
2011-10-14 22:00:00.000,2011,10,14,22,30008KT,17,11
2011-10-14 23:00:00.000,2011,10,14,23,32016KT,15,11
2011-10-15 00:00:00.000,2011,10,15,0,VRB02KT,13,10
2011-10-15 01:00:00.000,2011,10,15,1,27004KT,13,12
2011-10-15 02:00:00.000,2011,10,15,2,32012KT,12,11
2011-10-15 03:00:00.000,2011,10,15,3,31006KT,12,11
2011-10-15 04:00:00.000,2011,10,15,4,31006KT,12,11
2011-10-15 05:00:00.000,2011,10,15,5,27004KT,12,11
2011-10-15 06:00:00.000,2011,10,15,6,33004KT,12,11
2011-10-15 07:00:00.000,2011,10,15,7,29004KT,11,10
2011-10-15 08:00:00.000,2011,10,15,8,00000KT,11,10
2011-10-15 09:00:00.000,2011,10,15,9,00000KT,11,10
2011-10-15 10:00:00.000,2011,10,15,10,00000KT,11,10
2011-10-15 11:00:00.000,2011,10,15,11,VRB02KT,11,10
2011-10-15 13:00:00.000,2011,10,15,13,34006KT,14,10
2011-10-15 14:00:00.000,2011,10,15,14,VRB02KT,15,10
2011-10-15 15:00:00.000,2011,10,15,15,04004KT,17,10
2011-10-15 16:00:00.000,2011,10,15,16,06006KT,17,11
2011-10-15 17:00:00.000,2011,10,15,17,05006KT,18,10
2011-10-15 18:00:00.000,2011,10,15,18,32010KT,19,13
2011-10-15 19:00:00.000,2011,10,15,19,32012KT,19,12
2011-10-15 20:00:00.000,2011,10,15,20,32014KT,18,11
2011-10-15 21:00:00.000,2011,10,15,21,32010KT,15,11
2011-10-15 22:00:00.000,2011,10,15,22,32010KT,14,12
2011-10-15 23:00:00.000,2011,10,15,23,32008KT,14,12
2011-10-16 00:00:00.000,2011,10,16,0,30010KT,14,12
2011-10-16 01:00:00.000,2011,10,16,1,32010KT,14,12
2011-10-16 02:00:00.000,2011,10,16,2,32006KT,13,11
2011-10-16 03:00:00.000,2011,10,16,3,25005KT,13,11
2011-10-16 04:00:00.000,2011,10,16,4,26006KT,12,11
2011-10-16 06:00:00.000,2011,10,16,6,30005KT,12,11
2011-10-16 07:00:00.000,2011,10,16,7,25003KT,12,11
2011-10-16 08:00:00.000,2011,10,16,8,30005KT,12,11
2011-10-16 09:00:00.000,2011,10,16,9,VRB02KT,12,10
2011-10-16 10:00:00.000,2011,10,16,10,20003KT,12,11
2011-10-16 11:00:00.000,2011,10,16,11,VRB02KT,12,10
2011-10-16 12:00:00.000,2011,10,16,12,03003KT,12,11
2011-10-16 13:00:00.000,2011,10,16,13,30006KT,14,11
2011-10-16 14:00:00.000,2011,10,16,14,29003KT,15,11
2011-10-16 15:00:00.000,2011,10,16,15,29009KT,16,12
2011-10-16 16:00:00.000,2011,10,16,16,32009KT,17,11
2011-10-16 17:00:00.000,2011,10,16,17,33012KT,19,12
2011-10-16 18:00:00.000,2011,10,16,18,32014KT,17,12
2011-10-16 19:00:00.000,2011,10,16,19,33011KT,15,11
2011-10-16 20:00:00.000,2011,10,16,20,36009KT,14,12
2011-10-16 21:00:00.000,2011,10,16,21,VRB02KT,13,11
2011-10-16 22:00:00.000,2011,10,16,22,10003KT,13,12
2011-10-16 23:00:00.000,2011,10,16,23,VRB02KT,13,11
2011-10-17 00:00:00.000,2011,10,17,0,VRB02KT,13,12
2011-10-17 01:00:00.000,2011,10,17,1,VRB02KT,12,11
2011-10-17 02:00:00.000,2011,10,17,2,32003KT,11,11
2011-10-17 03:00:00.000,2011,10,17,3,VRB02KT,11,11
2011-10-17 04:00:00.000,2011,10,17,4,VRB02KT,11,11
2011-10-17 05:00:00.000,2011,10,17,5,VRB02KT,10,10
2011-10-17 06:00:00.000,2011,10,17,6,00000KT,10,10
2011-10-17 07:00:00.000,2011,10,17,7,VRB02KT,10,10
2011-10-17 08:00:00.000,2011,10,17,8,VRB02KT,10,10
2011-10-17 10:00:00.000,2011,10,17,10,29004KT,11,11
2011-10-17 11:00:00.000,2011,10,17,11,VRB02KT,12,11
2011-10-17 12:00:00.000,2011,10,17,12,04003KT,12,11
2011-10-17 13:00:00.000,2011,10,17,13,00000KT,14,11
2011-10-17 14:00:00.000,2011,10,17,14,25006KT,15,11
2011-10-17 15:00:00.000,2011,10,17,15,29008KT,15,11
2011-10-17 16:00:00.000,2011,10,17,16,32007KT,15,11
2011-10-17 17:00:00.000,2011,10,17,17,34010KT,16,11
2011-10-17 18:00:00.000,2011,10,17,18,33012KT,17,11
2011-10-17 19:00:00.000,2011,10,17,19,30018KT,17,11
2011-10-17 20:00:00.000,2011,10,17,20,04004KT,12,10
2011-10-17 21:00:00.000,2011,10,17,21,28005KT,14,11
2011-10-17 22:00:00.000,2011,10,17,22,29007KT,14,11
2011-10-17 23:00:00.000,2011,10,17,23,28004KT,13,10
2011-10-18 00:00:00.000,2011,10,18,0,29004KT,13,10
2011-10-18 01:00:00.000,2011,10,18,1,27004KT,12,10
2011-10-18 02:00:00.000,2011,10,18,2,00000KT,12,11
2011-10-18 03:00:00.000,2011,10,18,3,30006KT,11,09
2011-10-18 04:00:00.000,2011,10,18,4,31004KT,11,10
2011-10-18 05:00:00.000,2011,10,18,5,30006KT,11,09
2011-10-18 06:00:00.000,2011,10,18,6,27006KT,11,10
2011-10-18 07:00:00.000,2011,10,18,7,22004KT,11,10
2011-10-18 08:00:00.000,2011,10,18,8,32004KT,11,10
2011-10-18 09:00:00.000,2011,10,18,9,VRB02KT,10,09
2011-10-18 10:00:00.000,2011,10,18,10,25004KT,10,09
2011-10-18 11:00:00.000,2011,10,18,11,VRB02KT,10,09
2011-10-18 12:00:00.000,2011,10,18,12,00000KT,11,11
2011-10-18 13:00:00.000,2011,10,18,13,20004KT,13,08
2011-10-18 14:00:00.000,2011,10,18,14,26005KT,14,10
2011-10-18 15:00:00.000,2011,10,18,15,18004KT,15,09
2011-10-18 16:00:00.000,2011,10,18,16,35003KT,16,09
2011-10-18 17:00:00.000,2011,10,18,17,04004KT,17,09
2011-10-18 18:00:00.000,2011,10,18,18,30006KT,18,09
2011-10-18 19:00:00.000,2011,10,18,19,32010KT,17,10
2011-10-18 20:00:00.000,2011,10,18,20,31012KT,15,10
2011-10-18 21:00:00.000,2011,10,18,21,31012KT,14,10
2011-10-18 22:00:00.000,2011,10,18,22,30013KT,14,10
2011-10-18 23:00:00.000,2011,10,18,23,30006KT,13,10
2011-10-19 00:00:00.000,2011,10,19,0,29006KT,13,10
2011-10-19 01:00:00.000,2011,10,19,1,28007KT,13,10
2011-10-19 02:00:00.000,2011,10,19,2,32005KT,12,10
2011-10-19 03:00:00.000,2011,10,19,3,36004KT,12,10
2011-10-19 04:00:00.000,2011,10,19,4,33003KT,12,10
2011-10-19 05:00:00.000,2011,10,19,5,31005KT,12,10
2011-10-19 06:00:00.000,2011,10,19,6,33008KT,12,10
2011-10-19 07:00:00.000,2011,10,19,7,32006KT,11,09
2011-10-19 08:00:00.000,2011,10,19,8,28004KT,10,09
2011-10-19 09:00:00.000,2011,10,19,9,VRB02KT,11,09
2011-10-19 10:00:00.000,2011,10,19,10,00000KT,10,09
2011-10-19 11:00:00.000,2011,10,19,11,VRB02KT,10,09
2011-10-19 12:00:00.000,2011,10,19,12,VRB02KT,11,10
2011-10-19 13:00:00.000,2011,10,19,13,17003KT,13,10
2011-10-19 14:00:00.000,2011,10,19,14,02006KT,15,09
2011-10-19 15:00:00.000,2011,10,19,15,31012KT,17,10
2011-10-19 16:00:00.000,2011,10,19,16,33015KT,17,11
2011-10-19 17:00:00.000,2011,10,19,17,31014KT,18,11
2011-10-19 18:00:00.000,2011,10,19,18,33015KT,17,12
2011-10-19 19:00:00.000,2011,10,19,19,31014KT,17,11
2011-10-19 20:00:00.000,2011,10,19,20,34010KT,14,12
2011-10-19 21:00:00.000,2011,10,19,21,32008KT,13,11
2011-10-19 22:00:00.000,2011,10,19,22,32012KT,13,09
2011-10-19 23:00:00.000,2011,10,19,23,35007KT,12,10
2011-10-20 00:00:00.000,2011,10,20,0,31006KT,12,09
2011-10-20 01:00:00.000,2011,10,20,1,28005KT,12,09
2011-10-20 02:00:00.000,2011,10,20,2,24005KT,12,10
2011-10-20 03:00:00.000,2011,10,20,3,31005KT,11,10
2011-10-20 04:00:00.000,2011,10,20,4,36008KT,11,09
2011-10-20 05:00:00.000,2011,10,20,5,34008KT,10,08
2011-10-20 06:00:00.000,2011,10,20,6,34004KT,10,08
2011-10-20 07:00:00.000,2011,10,20,7,VRB02KT,10,09
2011-10-20 08:00:00.000,2011,10,20,8,VRB02KT,10,09
2011-10-20 09:00:00.000,2011,10,20,9,VRB02KT,10,09
2011-10-20 10:00:00.000,2011,10,20,10,28003KT,10,09
2011-10-20 11:00:00.000,2011,10,20,11,VRB02KT,10,09
2011-10-20 12:00:00.000,2011,10,20,12,VRB02KT,11,10
2011-10-20 13:00:00.000,2011,10,20,13,VRB02KT,11,10
2011-10-20 14:00:00.000,2011,10,20,14,32004KT,11,10
2011-10-20 15:00:00.000,2011,10,20,15,32004KT,12,10
2011-10-20 16:00:00.000,2011,10,20,16,32006KT,12,10
2011-10-20 17:00:00.000,2011,10,20,17,30006KT,12,10
2011-10-20 18:00:00.000,2011,10,20,18,32003KT,13,10
2011-10-20 19:00:00.000,2011,10,20,19,36010KT,12,08
2011-10-20 20:00:00.000,2011,10,20,20,34012KT,12,06
2011-10-20 21:00:00.000,2011,10,20,21,35010KT,12,07
2011-10-20 22:00:00.000,2011,10,20,22,01010KT,12,07
2011-10-20 23:00:00.000,2011,10,20,23,05004KT,11,06
2011-10-21 00:00:00.000,2011,10,21,0,00000KT,11,07
2011-10-21 01:00:00.000,2011,10,21,1,31004KT,11,07
2011-10-21 02:00:00.000,2011,10,21,2,36004KT,10,07
2011-10-21 03:00:00.000,2011,10,21,3,02004KT,10,07
2011-10-21 04:00:00.000,2011,10,21,4,03004KT,10,08
2011-10-21 05:00:00.000,2011,10,21,5,03004KT,10,08
2011-10-21 06:00:00.000,2011,10,21,6,30004KT,10,08
2011-10-21 07:00:00.000,2011,10,21,7,VRB02KT,10,08
2011-10-21 08:00:00.000,2011,10,21,8,VRB02KT,09,08
2011-10-21 09:00:00.000,2011,10,21,9,04004KT,10,08
2011-10-21 10:00:00.000,2011,10,21,10,VRB02KT,09,08
2011-10-21 11:00:00.000,2011,10,21,11,VRB02KT,09,09
2011-10-21 12:00:00.000,2011,10,21,12,VRB02KT,10,08
2011-10-21 13:00:00.000,2011,10,21,13,VRB02KT,11,08
2011-10-21 14:00:00.000,2011,10,21,14,VRB02KT,13,08
2011-10-21 15:00:00.000,2011,10,21,15,VRB02KT,15,08
2011-10-21 16:00:00.000,2011,10,21,16,32010KT,16,05
2011-10-21 17:00:00.000,2011,10,21,17,30014KT,17,05
2011-10-21 18:00:00.000,2011,10,21,18,32012KT,17,04
2011-10-21 19:00:00.000,2011,10,21,19,32010KT,17,05
2011-10-21 20:00:00.000,2011,10,21,20,34016KT,18,08
2011-10-21 21:00:00.000,2011,10,21,21,32014KT,16,10
2011-10-21 22:00:00.000,2011,10,21,22,30012KT,14,09
2011-10-21 23:00:00.000,2011,10,21,23,31007KT,13,09
2011-10-22 00:00:00.000,2011,10,22,0,28009KT,12,08
2011-10-22 01:00:00.000,2011,10,22,1,VRB02KT,12,08
2011-10-22 02:00:00.000,2011,10,22,2,31007KT,11,09
2011-10-22 03:00:00.000,2011,10,22,3,30007KT,12,08
2011-10-22 04:00:00.000,2011,10,22,4,30003KT,11,09
2011-10-22 05:00:00.000,2011,10,22,5,31003KT,10,08
2011-10-22 06:00:00.000,2011,10,22,6,33003KT,10,08
2011-10-22 07:00:00.000,2011,10,22,7,00000KT,10,08
2011-10-22 08:00:00.000,2011,10,22,8,33003KT,09,08
2011-10-22 09:00:00.000,2011,10,22,9,00000KT,09,09
2011-10-22 10:00:00.000,2011,10,22,10,VRB02KT,09,08
2011-10-22 11:00:00.000,2011,10,22,11,00000KT,09,08
2011-10-22 12:00:00.000,2011,10,22,12,VRB02KT,11,09
2011-10-22 13:00:00.000,2011,10,22,13,00000KT,12,09
2011-10-22 14:00:00.000,2011,10,22,14,00000KT,14,08
2011-10-22 15:00:00.000,2011,10,22,15,VRB02KT,15,08
2011-10-22 16:00:00.000,2011,10,22,16,33008KT,16,09
2011-10-22 17:00:00.000,2011,10,22,17,30003KT,17,08
2011-10-22 18:00:00.000,2011,10,22,18,34008KT,17,08
2011-10-22 19:00:00.000,2011,10,22,19,32013KT,16,08
2011-10-22 20:00:00.000,2011,10,22,20,31013KT,16,08
2011-10-22 21:00:00.000,2011,10,22,21,31012KT,15,09
2011-10-22 22:00:00.000,2011,10,22,22,31009KT,14,09
2011-10-22 23:00:00.000,2011,10,22,23,27004KT,13,09
2011-10-23 00:00:00.000,2011,10,23,0,33006KT,13,10
2011-10-23 01:00:00.000,2011,10,23,1,05007KT,13,10
2011-10-23 02:00:00.000,2011,10,23,2,VRB02KT,12,10
2011-10-23 03:00:00.000,2011,10,23,3,02005KT,12,10
2011-10-23 04:00:00.000,2011,10,23,4,00000KT,11,09
2011-10-23 05:00:00.000,2011,10,23,5,VRB02KT,12,10
2011-10-23 06:00:00.000,2011,10,23,6,VRB02KT,10,09
2011-10-23 07:00:00.000,2011,10,23,7,VRB02KT,09,08
2011-10-23 08:00:00.000,2011,10,23,8,VRB02KT,09,09
2011-10-23 09:00:00.000,2011,10,23,9,05004KT,09,09
2011-10-23 10:00:00.000,2011,10,23,10,31003KT,08,08
2011-10-23 11:00:00.000,2011,10,23,11,VRB02KT,08,08
2011-10-23 12:00:00.000,2011,10,23,12,34004KT,11,10
2011-10-23 13:00:00.000,2011,10,23,13,02003KT,13,11
2011-10-23 14:00:00.000,2011,10,23,14,06006KT,16,10
2011-10-23 15:00:00.000,2011,10,23,15,01006KT,17,10
2011-10-23 16:00:00.000,2011,10,23,16,10006KT,18,09
2011-10-23 17:00:00.000,2011,10,23,17,27010KT,16,12
2011-10-23 18:00:00.000,2011,10,23,18,29010KT,15,11
2011-10-23 19:00:00.000,2011,10,23,19,30010KT,16,12
2011-10-23 20:00:00.000,2011,10,23,20,28008KT,16,11
2011-10-23 21:00:00.000,2011,10,23,21,25006KT,15,12
2011-10-23 22:00:00.000,2011,10,23,22,21005KT,14,12
2011-10-23 23:00:00.000,2011,10,23,23,29003KT,13,11
2011-10-24 00:00:00.000,2011,10,24,0,27004KT,13,11
2011-10-24 01:00:00.000,2011,10,24,1,00000KT,13,11
2011-10-24 02:00:00.000,2011,10,24,2,34004KT,13,11
2011-10-24 03:00:00.000,2011,10,24,3,31004KT,12,11
2011-10-24 04:00:00.000,2011,10,24,4,30004KT,12,11
2011-10-24 05:00:00.000,2011,10,24,5,18010KT,12,11
2011-10-24 06:00:00.000,2011,10,24,6,VRB02KT,11,10
2011-10-24 07:00:00.000,2011,10,24,7,VRB02KT,11,10
2011-10-24 08:00:00.000,2011,10,24,8,VRB02KT,11,10
2011-10-24 09:00:00.000,2011,10,24,9,VRB02KT,11,10
2011-10-24 10:00:00.000,2011,10,24,10,VRB02KT,11,10
2011-10-24 11:00:00.000,2011,10,24,11,00000KT,11,10
2011-10-24 12:00:00.000,2011,10,24,12,08004KT,12,10
2011-10-24 13:00:00.000,2011,10,24,13,06004KT,13,10
2011-10-24 14:00:00.000,2011,10,24,14,04006KT,15,09
2011-10-24 15:00:00.000,2011,10,24,15,29004KT,17,10
2011-10-24 16:00:00.000,2011,10,24,16,25006KT,18,10
2011-10-24 17:00:00.000,2011,10,24,17,25011KT,17,12
2011-10-24 18:00:00.000,2011,10,24,18,24014KT,17,12
2011-10-24 19:00:00.000,2011,10,24,19,28011KT,15,11
2011-10-24 20:00:00.000,2011,10,24,20,28010KT,16,11
2011-10-24 21:00:00.000,2011,10,24,21,27010KT,16,11
2011-10-24 22:00:00.000,2011,10,24,22,28009KT,15,11
2011-10-24 23:00:00.000,2011,10,24,23,24005KT,14,11
2011-10-25 00:00:00.000,2011,10,25,0,35003KT,12,11
2011-10-25 01:00:00.000,2011,10,25,1,34003KT,12,10
2011-10-25 02:00:00.000,2011,10,25,2,34009KT,10,09
2011-10-25 03:00:00.000,2011,10,25,3,02008KT,10,09
2011-10-25 04:00:00.000,2011,10,25,4,00000KT,10,09
2011-10-25 05:00:00.000,2011,10,25,5,VRB02KT,10,09
2011-10-25 06:00:00.000,2011,10,25,6,02003KT,10,09
2011-10-25 07:00:00.000,2011,10,25,7,32003KT,10,09
2011-10-25 08:00:00.000,2011,10,25,8,00000KT,09,09
2011-10-25 09:00:00.000,2011,10,25,9,31003KT,08,08
2011-10-25 10:00:00.000,2011,10,25,10,27003KT,08,08
2011-10-25 11:00:00.000,2011,10,25,11,VRB02KT,08,07
2011-10-25 12:00:00.000,2011,10,25,12,01004KT,08,07
2011-10-25 14:00:00.000,2011,10,25,14,35004KT,11,10
2011-10-25 15:00:00.000,2011,10,25,15,00000KT,15,09
2011-10-25 16:00:00.000,2011,10,25,16,27004KT,17,08
2011-10-25 17:00:00.000,2011,10,25,17,VRB02KT,17,10
2011-10-25 18:00:00.000,2011,10,25,18,22008KT,15,10
2011-10-25 19:00:00.000,2011,10,25,19,27010KT,17,09
2011-10-25 20:00:00.000,2011,10,25,20,27012KT,17,11
2011-10-25 21:00:00.000,2011,10,25,21,27010KT,17,11
2011-10-25 22:00:00.000,2011,10,25,22,27010KT,16,11
2011-10-25 23:00:00.000,2011,10,25,23,26008KT,15,11
2011-10-26 00:00:00.000,2011,10,26,0,21003KT,14,11
2011-10-26 01:00:00.000,2011,10,26,1,24004KT,14,11
2011-10-26 02:00:00.000,2011,10,26,2,34003KT,13,11
2011-10-26 03:00:00.000,2011,10,26,3,VRB02KT,12,11
2011-10-26 04:00:00.000,2011,10,26,4,30005KT,12,11
2011-10-26 05:00:00.000,2011,10,26,5,31003KT,12,11
2011-10-26 06:00:00.000,2011,10,26,6,32003KT,11,10
2011-10-26 07:00:00.000,2011,10,26,7,31003KT,10,09
2011-10-26 08:00:00.000,2011,10,26,8,32003KT,11,10
2011-10-26 09:00:00.000,2011,10,26,9,VRB02KT,11,10
2011-10-26 10:00:00.000,2011,10,26,10,VRB02KT,09,09
2011-10-26 11:00:00.000,2011,10,26,11,VRB02KT,09,09
2011-10-26 12:00:00.000,2011,10,26,12,34003KT,12,11
2011-10-26 13:00:00.000,2011,10,26,13,VRB02KT,14,12
2011-10-26 14:00:00.000,2011,10,26,14,VRB02KT,16,12
2011-10-26 15:00:00.000,2011,10,26,15,05007KT,17,11
2011-10-26 16:00:00.000,2011,10,26,16,12010KT,19,09
2011-10-26 17:00:00.000,2011,10,26,17,06005KT,19,09
2011-10-26 18:00:00.000,2011,10,26,18,VRB02KT,20,09
2011-10-26 19:00:00.000,2011,10,26,19,12010KT,20,09
2011-10-26 20:00:00.000,2011,10,26,20,13010KT,19,10
2011-10-26 21:00:00.000,2011,10,26,21,10010KT,18,10
2011-10-26 22:00:00.000,2011,10,26,22,30010KT,15,12
2011-10-26 23:00:00.000,2011,10,26,23,30006KT,14,12
2011-10-27 00:00:00.000,2011,10,27,0,00000KT,13,12
2011-10-27 01:00:00.000,2011,10,27,1,33003KT,13,12
2011-10-27 02:00:00.000,2011,10,27,2,03003KT,12,11
2011-10-27 03:00:00.000,2011,10,27,3,02003KT,12,11
2011-10-27 04:00:00.000,2011,10,27,4,VRB02KT,11,10
2011-10-27 05:00:00.000,2011,10,27,5,07004KT,11,10
2011-10-27 06:00:00.000,2011,10,27,6,05004KT,10,09
2011-10-27 07:00:00.000,2011,10,27,7,30005KT,10,09
2011-10-27 08:00:00.000,2011,10,27,8,VRB02KT,10,10
2011-10-27 09:00:00.000,2011,10,27,9,07004KT,10,09
2011-10-27 10:00:00.000,2011,10,27,10,06004KT,11,09
2011-10-27 11:00:00.000,2011,10,27,11,VRB02KT,09,09
2011-10-27 12:00:00.000,2011,10,27,12,05003KT,11,09
2011-10-27 13:00:00.000,2011,10,27,13,06006KT,14,10
2011-10-27 14:00:00.000,2011,10,27,14,03008KT,15,09
2011-10-27 15:00:00.000,2011,10,27,15,02008KT,16,10
2011-10-27 16:00:00.000,2011,10,27,16,05008KT,17,10
2011-10-27 17:00:00.000,2011,10,27,17,08007KT,18,09
2011-10-27 18:00:00.000,2011,10,27,18,08006KT,19,08
2011-10-27 19:00:00.000,2011,10,27,19,16013KT,17,09
2011-10-27 20:00:00.000,2011,10,27,20,15009KT,19,09
2011-10-27 21:00:00.000,2011,10,27,21,07006KT,18,09
2011-10-27 22:00:00.000,2011,10,27,22,09003KT,17,09
2011-10-27 23:00:00.000,2011,10,27,23,10004KT,16,04
2011-10-28 00:00:00.000,2011,10,28,0,VRB02KT,15,10
2011-10-28 01:00:00.000,2011,10,28,1,14004KT,15,10
2011-10-28 02:00:00.000,2011,10,28,2,10004KT,15,10
2011-10-28 03:00:00.000,2011,10,28,3,18004KT,13,11
2011-10-28 04:00:00.000,2011,10,28,4,00000KT,13,11
2011-10-28 05:00:00.000,2011,10,28,5,00000KT,13,11
2011-10-28 06:00:00.000,2011,10,28,6,04006KT,12,10
2011-10-28 07:00:00.000,2011,10,28,7,02004KT,12,10
2011-10-28 08:00:00.000,2011,10,28,8,04006KT,12,10
2011-10-28 09:00:00.000,2011,10,28,9,05006KT,11,10
2011-10-28 10:00:00.000,2011,10,28,10,06004KT,11,09
2011-10-28 11:00:00.000,2011,10,28,11,06004KT,11,09
2011-10-28 12:00:00.000,2011,10,28,12,04005KT,13,11
2011-10-28 13:00:00.000,2011,10,28,13,04006KT,15,10
2011-10-28 14:00:00.000,2011,10,28,14,02005KT,16,11
2011-10-28 15:00:00.000,2011,10,28,15,09004KT,16,10
2011-10-28 16:00:00.000,2011,10,28,16,VRB02KT,16,11
2011-10-28 17:00:00.000,2011,10,28,17,05003KT,16,10
2011-10-28 18:00:00.000,2011,10,28,18,27005KT,14,12
2011-10-28 19:00:00.000,2011,10,28,19,31005KT,14,12
2011-10-28 20:00:00.000,2011,10,28,20,36004KT,15,12
2011-10-28 21:00:00.000,2011,10,28,21,32006KT,13,12
2011-10-28 22:00:00.000,2011,10,28,22,33005KT,13,12
2011-10-28 23:00:00.000,2011,10,28,23,32004KT,12,12
2011-10-29 00:00:00.000,2011,10,29,0,30003KT,12,11
2011-10-29 01:00:00.000,2011,10,29,1,03004KT,12,11
2011-10-29 02:00:00.000,2011,10,29,2,04004KT,12,11
2011-10-29 03:00:00.000,2011,10,29,3,06005KT,12,10
2011-10-29 04:00:00.000,2011,10,29,4,05005KT,12,10
2011-10-29 05:00:00.000,2011,10,29,5,VRB02KT,12,10
2011-10-29 06:00:00.000,2011,10,29,6,VRB02KT,11,10
2011-10-29 07:00:00.000,2011,10,29,7,28003KT,11,11
2011-10-29 08:00:00.000,2011,10,29,8,VEB02KT,11,10
2011-10-29 09:00:00.000,2011,10,29,9,VRB02KT,11,10
2011-10-29 10:00:00.000,2011,10,29,10,VRB02KT,11,10
2011-10-29 11:00:00.000,2011,10,29,11,VRB02KT,11,10
2011-10-29 12:00:00.000,2011,10,29,12,05004KT,12,10
2011-10-29 13:00:00.000,2011,10,29,13,02003KT,13,10
2011-10-29 14:00:00.000,2011,10,29,14,03003KT,14,11
2011-10-29 15:00:00.000,2011,10,29,15,16010KT,16,09
2011-10-29 16:00:00.000,2011,10,29,16,15011KT,17,09
2011-10-29 17:00:00.000,2011,10,29,17,17010KT,17,08
2011-10-29 18:00:00.000,2011,10,29,18,19012KT,17,08
2011-10-29 19:00:00.000,2011,10,29,19,16012KT,18,08
2011-10-29 20:00:00.000,2011,10,29,20,14008KT,18,08
2011-10-29 21:00:00.000,2011,10,29,21,14008KT,18,08
2011-10-29 22:00:00.000,2011,10,29,22,14008KT,17,08
2011-10-29 23:00:00.000,2011,10,29,23,08005KT,16,08
2011-10-30 00:00:00.000,2011,10,30,0,32004KT,15,09
2011-10-30 01:00:00.000,2011,10,30,1,31004KT,15,09
2011-10-30 02:00:00.000,2011,10,30,2,02004KT,12,09
2011-10-30 03:00:00.000,2011,10,30,3,04006KT,11,09
2011-10-30 04:00:00.000,2011,10,30,4,05004KT,12,09
2011-10-30 05:00:00.000,2011,10,30,5,03004KT,11,09
2011-10-30 06:00:00.000,2011,10,30,6,04004KT,11,09
2011-10-30 07:00:00.000,2011,10,30,7,06004KT,11,09
2011-10-30 08:00:00.000,2011,10,30,8,00000KT,11,09
2011-10-30 09:00:00.000,2011,10,30,9,00000KT,10,09
2011-10-30 10:00:00.000,2011,10,30,10,00000KT,10,09
2011-10-30 11:00:00.000,2011,10,30,11,00000KT,10,09
2011-10-30 12:00:00.000,2011,10,30,12,00000KT,11,10
2011-10-30 13:00:00.000,2011,10,30,13,04003KT,13,10
2011-10-30 14:00:00.000,2011,10,30,14,VRB02KT,14,10
2011-10-30 15:00:00.000,2011,10,30,15,00000KT,17,10
2011-10-30 16:00:00.000,2011,10,30,16,VRB02KT,17,10
2011-10-30 17:00:00.000,2011,10,30,17,07008KT,18,10
2011-10-30 18:00:00.000,2011,10,30,18,31009KT,17,11
2011-10-30 19:00:00.000,2011,10,30,19,29008KT,15,11
2011-10-30 20:00:00.000,2011,10,30,20,35004KT,14,12
2011-10-30 21:00:00.000,2011,10,30,21,36004KT,15,12
2011-10-30 22:00:00.000,2011,10,30,22,02003KT,15,12
2011-10-30 23:00:00.000,2011,10,30,23,27006KT,14,12
2011-10-31 00:00:00.000,2011,10,31,0,25004KT,14,11
2011-10-31 01:00:00.000,2011,10,31,1,33004KT,12,10
2011-10-31 02:00:00.000,2011,10,31,2,03004KT,12,10
2011-10-31 03:00:00.000,2011,10,31,3,05004KT,11,09
2011-10-31 04:00:00.000,2011,10,31,4,34003KT,10,09
2011-10-31 05:00:00.000,2011,10,31,5,VRB02KT,09,09
2011-10-31 06:00:00.000,2011,10,31,6,VRB02KT,08,08
2011-10-31 07:00:00.000,2011,10,31,7,33003KT,07,07
2011-10-31 08:00:00.000,2011,10,31,8,00000KT,06,06
2011-10-31 09:00:00.000,2011,10,31,9,VRB02KT,06,06
2011-10-31 10:00:00.000,2011,10,31,10,03004KT,06,06
2011-10-31 12:00:00.000,2011,10,31,12,03004KT,07,07
2011-10-31 14:00:00.000,2011,10,31,14,04003KT,09,09
2011-10-31 15:00:00.000,2011,10,31,15,03005KT,14,11
2011-10-31 16:00:00.000,2011,10,31,16,07007KT,18,08
2011-10-31 17:00:00.000,2011,10,31,17,11012KT,20,06
2011-10-31 18:00:00.000,2011,10,31,18,13010KT,20,04
2011-10-31 19:00:00.000,2011,10,31,19,27011KT,18,12
2011-10-31 20:00:00.000,2011,10,31,20,23010KT,17,12
2011-10-31 21:00:00.000,2011,10,31,21,29006KT,18,12
2011-10-31 22:00:00.000,2011,10,31,22,31008KT,16,13
2011-10-31 23:00:00.000,2011,10,31,23,32006KT,14,12
2011-11-01 00:00:00.000,2011,11,1,0,27004KT,14,11
2011-11-01 01:00:00.000,2011,11,1,1,20004KT,12,10
2011-11-01 02:00:00.000,2011,11,1,2,04004KT,12,11
2011-11-01 03:00:00.000,2011,11,1,3,VRB02KT,12,11
2011-11-01 04:00:00.000,2011,11,1,4,30003KT,11,10
2011-11-01 06:00:00.000,2011,11,1,6,VRB02KT,09,08
2011-11-01 07:00:00.000,2011,11,1,7,VRB02KT,08,07
2011-11-01 08:00:00.000,2011,11,1,8,35003KT,07,07
2011-11-01 09:00:00.000,2011,11,1,9,VRB02KT,07,07
2011-11-01 10:00:00.000,2011,11,1,10,VRB02KT,06,06
2011-11-01 11:00:00.000,2011,11,1,11,VRB02KT,05,05
2011-11-01 12:00:00.000,2011,11,1,12,07004KT,08,08
2011-11-01 13:00:00.000,2011,11,1,13,03004KT,12,08
2011-11-01 14:00:00.000,2011,11,1,14,03004KT,15,08
2011-11-01 15:00:00.000,2011,11,1,15,VRB02KT,17,08
2011-11-01 16:00:00.000,2011,11,1,16,VRB02KT,18,09
2011-11-01 17:00:00.000,2011,11,1,17,33004KT,18,09
2011-11-01 18:00:00.000,2011,11,1,18,28010KT,19,12
2011-11-01 19:00:00.000,2011,11,1,19,26006KT,18,11
2011-11-01 20:00:00.000,2011,11,1,20,25006KT,17,11
2011-11-01 21:00:00.000,2011,11,1,21,28009KT,17,12
2011-11-01 22:00:00.000,2011,11,1,22,27006KT,16,12
2011-11-01 23:00:00.000,2011,11,1,23,28005KT,14,12
2011-11-02 00:00:00.000,2011,11,2,0,33003KT,14,12
2011-11-02 01:00:00.000,2011,11,2,1,30003KT,13,11
2011-11-02 02:00:00.000,2011,11,2,2,34003KT,13,11
2011-11-02 03:00:00.000,2011,11,2,3,32003KT,13,11
2011-11-02 04:00:00.000,2011,11,2,4,33003KT,13,11
2011-11-02 05:00:00.000,2011,11,2,5,34004KT,12,11
2011-11-02 06:00:00.000,2011,11,2,6,VRB02KT,11,09
2011-11-02 07:00:00.000,2011,11,2,7,00000KT,10,09
2011-11-02 08:00:00.000,2011,11,2,8,VRB02KT,10,10
2011-11-02 09:00:00.000,2011,11,2,9,VRB02KT,10,09
2011-11-02 10:00:00.000,2011,11,2,10,04006KT,10,09
2011-11-02 11:00:00.000,2011,11,2,11,26006KT,09,09
2011-11-02 12:00:00.000,2011,11,2,12,07005KT,13,11
2011-11-02 13:00:00.000,2011,11,2,13,03006KT,13,11
2011-11-02 14:00:00.000,2011,11,2,14,03005KT,15,10
2011-11-02 15:00:00.000,2011,11,2,15,VRB02KT,18,10
2011-11-02 16:00:00.000,2011,11,2,16,VRB02KT,19,10
2011-11-02 17:00:00.000,2011,11,2,17,05005KT,20,11
2011-11-02 18:00:00.000,2011,11,2,18,30005KT,19,10
2011-11-02 19:00:00.000,2011,11,2,19,27004KT,20,11
2011-11-02 20:00:00.000,2011,11,2,20,28010KT,20,13
2011-11-02 21:00:00.000,2011,11,2,21,28010KT,18,13
2011-11-02 22:00:00.000,2011,11,2,22,27008KT,17,13
2011-11-02 23:00:00.000,2011,11,2,23,26005KT,15,12
2011-11-03 00:00:00.000,2011,11,3,0,22004KT,16,13
2011-11-03 01:00:00.000,2011,11,3,1,VRB02KT,15,13
2011-11-03 02:00:00.000,2011,11,3,2,VRB02KT,14,12
2011-11-03 03:00:00.000,2011,11,3,3,VRB02KT,14,12
2011-11-03 04:00:00.000,2011,11,3,4,23004KT,14,11
2011-11-03 05:00:00.000,2011,11,3,5,03005KT,13,11
2011-11-03 06:00:00.000,2011,11,3,6,05004KT,13,11
2011-11-03 07:00:00.000,2011,11,3,7,01003KT,12,11
2011-11-03 08:00:00.000,2011,11,3,8,VRB02KT,12,11
2011-11-03 09:00:00.000,2011,11,3,9,35005KT,11,10
2011-11-03 10:00:00.000,2011,11,3,10,04006KT,11,10
2011-11-03 11:00:00.000,2011,11,3,11,VRB02KT,11,10
2011-11-03 12:00:00.000,2011,11,3,12,07005KT,13,11
2011-11-03 13:00:00.000,2011,11,3,13,05006KT,15,11
2011-11-03 14:00:00.000,2011,11,3,14,02006KT,17,10
2011-11-03 15:00:00.000,2011,11,3,15,10005KT,18,11
2011-11-03 16:00:00.000,2011,11,3,16,09006KT,20,09
2011-11-03 17:00:00.000,2011,11,3,17,06006KT,20,10
2011-11-03 18:00:00.000,2011,11,3,18,23012KT,17,14
2011-11-03 19:00:00.000,2011,11,3,19,27011KT,18,13
2011-11-03 20:00:00.000,2011,11,3,20,29013KT,17,13
2011-11-03 21:00:00.000,2011,11,3,21,31008KT,17,13
2011-11-03 22:00:00.000,2011,11,3,22,29006KT,16,12
2011-11-03 23:00:00.000,2011,11,3,23,32004KT,14,11
2011-11-04 00:00:00.000,2011,11,4,0,03004KT,14,12
2011-11-04 01:00:00.000,2011,11,4,1,03003KT,14,11
2011-11-04 02:00:00.000,2011,11,4,2,31004KT,13,12
2011-11-04 03:00:00.000,2011,11,4,3,VBR02KT,13,12
2011-11-04 04:00:00.000,2011,11,4,4,33003KT,11,10
2011-11-04 05:00:00.000,2011,11,4,5,00000KT,11,11
2011-11-04 06:00:00.000,2011,11,4,6,29005KT,11,10
2011-11-04 07:00:00.000,2011,11,4,7,23003KT,11,10
2011-11-04 08:00:00.000,2011,11,4,8,16004KT,13,11
2011-11-04 09:00:00.000,2011,11,4,9,01004KT,12,11
2011-11-04 10:00:00.000,2011,11,4,10,02003KT,12,11
2011-11-04 11:00:00.000,2011,11,4,11,VRB02KT,11,10
2011-11-04 12:00:00.000,2011,11,4,12,VRB02KT,12,11
2011-11-04 13:00:00.000,2011,11,4,13,02005KT,13,11
2011-11-04 14:00:00.000,2011,11,4,14,03006KT,16,12
2011-11-04 15:00:00.000,2011,11,4,15,35004KT,17,11
2011-11-04 16:00:00.000,2011,11,4,16,VRB02KT,20,11
2011-11-04 17:00:00.000,2011,11,4,17,25008KT,19,11
2011-11-04 18:00:00.000,2011,11,4,18,24012KT,17,12
2011-11-04 19:00:00.000,2011,11,4,19,28012KT,18,13
2011-11-04 20:00:00.000,2011,11,4,20,03005KT,16,12
2011-11-04 21:00:00.000,2011,11,4,21,32005KT,16,12
2011-11-04 22:00:00.000,2011,11,4,22,VRB02KT,15,11
2011-11-04 23:00:00.000,2011,11,4,23,VRB02KT,14,11
2011-11-05 00:00:00.000,2011,11,5,0,03006KT,15,12
2011-11-05 01:00:00.000,2011,11,5,1,05008KT,14,11
2011-11-05 02:00:00.000,2011,11,5,2,06004KT,13,11
2011-11-05 03:00:00.000,2011,11,5,3,04008KT,13,11
2011-11-05 04:00:00.000,2011,11,5,4,02004KT,13,10
2011-11-05 05:00:00.000,2011,11,5,5,08008KT,12,11
2011-11-05 06:00:00.000,2011,11,5,6,06004KT,11,10
2011-11-05 07:00:00.000,2011,11,5,7,01004KT,11,10
2011-11-05 08:00:00.000,2011,11,5,8,VRB02KT,11,11
2011-11-05 09:00:00.000,2011,11,5,9,03004KT,10,10
2011-11-05 10:00:00.000,2011,11,5,10,03004KT,10,10
2011-11-05 11:00:00.000,2011,11,5,11,06006KT,09,09
2011-11-05 12:00:00.000,2011,11,5,12,03004KT,10,09
2011-11-05 13:00:00.000,2011,11,5,13,05004KT,12,11
2011-11-05 14:00:00.000,2011,11,5,14,03004KT,15,12
2011-11-05 15:00:00.000,2011,11,5,15,05003KT,18,12
2011-11-05 16:00:00.000,2011,11,5,16,VRB02KT,18,11
2011-11-05 17:00:00.000,2011,11,5,17,24008KT,14,13
2011-11-05 18:00:00.000,2011,11,5,18,VRB02KT,14,12
2011-11-05 19:00:00.000,2011,11,5,19,03006KT,14,12
2011-11-05 20:00:00.000,2011,11,5,20,36005KT,15,12
2011-11-05 21:00:00.000,2011,11,5,21,33003KT,15,11
2011-11-05 22:00:00.000,2011,11,5,22,VRB02KT,15,11
2011-11-05 23:00:00.000,2011,11,5,23,VRB02KT,14,11
2011-11-06 00:00:00.000,2011,11,6,0,VRB02KT,13,11
2011-11-06 01:00:00.000,2011,11,6,1,VRB02KT,12,11
2011-11-06 02:00:00.000,2011,11,6,2,VRB02KT,12,11
2011-11-06 03:00:00.000,2011,11,6,3,VRB02KT,12,11
2011-11-06 04:00:00.000,2011,11,6,4,VRB02KT,11,11
2011-11-06 05:00:00.000,2011,11,6,5,VRB02KT,11,11
2011-11-06 06:00:00.000,2011,11,6,6,VRB02KT,11,11
2011-11-06 07:00:00.000,2011,11,6,7,VRB02KT,11,10
2011-11-06 08:00:00.000,2011,11,6,8,VRB02KT,11,10
2011-11-06 09:00:00.000,2011,11,6,9,04008KT,12,11
2011-11-06 11:00:00.000,2011,11,6,11,06004KT,11,10
2011-11-06 12:00:00.000,2011,11,6,12,04005KT,13,10
2011-11-06 13:00:00.000,2011,11,6,13,03004KT,16,10
2011-11-06 14:00:00.000,2011,11,6,14,VRB02KT,16,10
2011-11-06 15:00:00.000,2011,11,6,15,VRB02KT,17,10
2011-11-06 16:00:00.000,2011,11,6,16,VRB02KT,19,10
2011-11-06 17:00:00.000,2011,11,6,17,24011KT,17,12
2011-11-06 18:00:00.000,2011,11,6,18,24010KT,18,12
2011-11-06 19:00:00.000,2011,11,6,19,22007KT,17,11
2011-11-06 20:00:00.000,2011,11,6,20,27003KT,18,10
2011-11-06 21:00:00.000,2011,11,6,21,05004KT,20,10
2011-11-06 22:00:00.000,2011,11,6,22,30012KT,18,11
2011-11-06 23:00:00.000,2011,11,6,23,28007KT,15,12
2011-11-07 00:00:00.000,2011,11,7,0,28005KT,15,10
2011-11-07 01:00:00.000,2011,11,7,1,VRB02KT,14,10
2011-11-07 02:00:00.000,2011,11,7,2,36003KT,14,11
2011-11-07 03:00:00.000,2011,11,7,3,35003KT,14,11
2011-11-07 04:00:00.000,2011,11,7,4,05005KT,14,11
2011-11-07 05:00:00.000,2011,11,7,5,04008KT,13,11
2011-11-07 06:00:00.000,2011,11,7,6,03005KT,13,11
2011-11-07 07:00:00.000,2011,11,7,7,06006KT,12,10
2011-11-07 08:00:00.000,2011,11,7,8,05003KT,11,10
2011-11-07 09:00:00.000,2011,11,7,9,00000KT,10,10
2011-11-07 10:00:00.000,2011,11,7,10,28004KT,09,09
2011-11-07 12:00:00.000,2011,11,7,12,VRB02KT,09,09
2011-11-07 13:00:00.000,2011,11,7,13,VRB02KT,10,10
2011-11-07 14:00:00.000,2011,11,7,14,VRB02KT,14,11
2011-11-07 15:00:00.000,2011,11,7,15,05006KT,16,11
2011-11-07 16:00:00.000,2011,11,7,16,04006KT,18,11
2011-11-07 17:00:00.000,2011,11,7,17,09006KT,19,11
2011-11-07 18:00:00.000,2011,11,7,18,23006KT,17,12
2011-11-07 19:00:00.000,2011,11,7,19,VRB02KT,20,10
2011-11-07 20:00:00.000,2011,11,7,20,29008KT,17,13
2011-11-07 21:00:00.000,2011,11,7,21,04012KT,16,13
2011-11-07 22:00:00.000,2011,11,7,22,24006KT,15,13
2011-11-07 23:00:00.000,2011,11,7,23,31005KT,14,12
2011-11-08 00:00:00.000,2011,11,8,0,23003KT,14,12
2011-11-08 01:00:00.000,2011,11,8,1,22003KT,14,11
2011-11-08 02:00:00.000,2011,11,8,2,VRB02KT,14,11
2011-11-08 03:00:00.000,2011,11,8,3,35003KT,14,11
2011-11-08 04:00:00.000,2011,11,8,4,02003KT,13,11
2011-11-08 05:00:00.000,2011,11,8,5,VRB02KT,12,11
2011-11-08 06:00:00.000,2011,11,8,6,VRB02KT,12,11
2011-11-08 07:00:00.000,2011,11,8,7,35003KT,13,11
2011-11-08 08:00:00.000,2011,11,8,8,VRB02KT,13,11
2011-11-08 09:00:00.000,2011,11,8,9,29003KT,13,11
2011-11-08 10:00:00.000,2011,11,8,10,VRB02KT,12,11
2011-11-08 11:00:00.000,2011,11,8,11,31003KT,12,11
2011-11-08 12:00:00.000,2011,11,8,12,VRB02KT,13,12
2011-11-08 13:00:00.000,2011,11,8,13,VRB02KT,14,11
2011-11-08 14:00:00.000,2011,11,8,14,VRB02KT,15,11
2011-11-08 15:00:00.000,2011,11,8,15,32005KT,17,12
2011-11-08 16:00:00.000,2011,11,8,16,27006KT,18,12
2011-11-08 17:00:00.000,2011,11,8,17,26012KT,17,13
2011-11-08 18:00:00.000,2011,11,8,18,27010KT,15,13
2011-11-08 19:00:00.000,2011,11,8,19,28008KT,15,13
2011-11-08 20:00:00.000,2011,11,8,20,28008KT,16,13
2011-11-08 21:00:00.000,2011,11,8,21,27008KT,16,12
2011-11-08 22:00:00.000,2011,11,8,22,24006KT,16,12
2011-11-08 23:00:00.000,2011,11,8,23,04006KT,29,26
2011-11-09 00:00:00.000,2011,11,9,0,34003KT,14,12
2011-11-09 01:00:00.000,2011,11,9,1,30004KT,14,12
2011-11-09 02:00:00.000,2011,11,9,2,VRB02KT,13,12
2011-11-09 03:00:00.000,2011,11,9,3,21005KT,13,12
2011-11-09 04:00:00.000,2011,11,9,4,18004KT,12,11
2011-11-09 05:00:00.000,2011,11,9,5,10003KT,12,11
2011-11-09 06:00:00.000,2011,11,9,6,31004KT,12,11
2011-11-09 07:00:00.000,2011,11,9,7,33003KT,12,11
2011-11-09 09:00:00.000,2011,11,9,9,27004KT,12,11
2011-11-09 10:00:00.000,2011,11,9,10,27004KT,12,11
2011-11-09 11:00:00.000,2011,11,9,11,26003KT,11,11
2011-11-09 12:00:00.000,2011,11,9,12,VRB02KT,12,11
2011-11-09 13:00:00.000,2011,11,9,13,VRB02KT,14,11
2011-11-09 14:00:00.000,2011,11,9,14,VRB02KT,16,11
2011-11-09 15:00:00.000,2011,11,9,15,33004KT,18,09
2011-11-09 16:00:00.000,2011,11,9,16,33003KT,19,10
2011-11-09 17:00:00.000,2011,11,9,17,VRB02KT,19,10
2011-11-09 18:00:00.000,2011,11,9,18,12008KT,17,13
2011-11-09 19:00:00.000,2011,11,9,19,27008KT,12,11
2011-11-09 20:00:00.000,2011,11,9,20,30006KT,13,12
2011-11-09 21:00:00.000,2011,11,9,21,30004KT,13,11
2011-11-09 22:00:00.000,2011,11,9,22,31004KT,14,11
2011-11-09 23:00:00.000,2011,11,9,23,VRB02KT,13,11
2011-11-10 00:00:00.000,2011,11,10,0,VRB02KT,13,11
2011-11-10 01:00:00.000,2011,11,10,1,VRB02KT,13,11
2011-11-10 02:00:00.000,2011,11,10,2,34004KT,12,11
2011-11-10 03:00:00.000,2011,11,10,3,16006KT,12,11
2011-11-10 04:00:00.000,2011,11,10,4,00000KT,12,11
2011-11-10 05:00:00.000,2011,11,10,5,21004KT,12,11
2011-11-10 06:00:00.000,2011,11,10,6,00000KT,10,10
2011-11-10 07:00:00.000,2011,11,10,7,00000KT,11,10
2011-11-10 08:00:00.000,2011,11,10,8,00000KT,11,10
2011-11-10 09:00:00.000,2011,11,10,9,31004KT,11,10
2011-11-10 10:00:00.000,2011,11,10,10,00000KT,11,10
2011-11-10 12:00:00.000,2011,11,10,12,VRB02KT,13,12
2011-11-10 13:00:00.000,2011,11,10,13,04004KT,14,12
2011-11-10 14:00:00.000,2011,11,10,14,04006KT,16,12
2011-11-10 15:00:00.000,2011,11,10,15,05004KT,18,10
2011-11-10 16:00:00.000,2011,11,10,16,02006KT,20,11
2011-11-10 17:00:00.000,2011,11,10,17,02010KT,21,10
2011-11-10 18:00:00.000,2011,11,10,18,25009KT,16,14
2011-11-10 19:00:00.000,2011,11,10,19,27009KT,14,13
2011-11-10 20:00:00.000,2011,11,10,20,24006KT,14,13
2011-11-10 21:00:00.000,2011,11,10,21,26005KT,14,12
2011-11-10 22:00:00.000,2011,11,10,22,13007KT,14,12
2011-11-10 23:00:00.000,2011,11,10,23,02003KT,12,11
2011-11-11 00:00:00.000,2011,11,11,0,14003KT,12,10
2011-11-11 01:00:00.000,2011,11,11,1,VRB02KT,13,11
2011-11-11 02:00:00.000,2011,11,11,2,VRB02KT,13,11
2011-11-11 03:00:00.000,2011,11,11,3,VRB02KT,12,11
2011-11-11 04:00:00.000,2011,11,11,4,VRB02KT,12,11
2011-11-11 05:00:00.000,2011,11,11,5,VRB02KT,12,11
2011-11-11 06:00:00.000,2011,11,11,6,00000KT,11,11
2011-11-11 07:00:00.000,2011,11,11,7,VRB02KT,10,10
2011-11-11 08:00:00.000,2011,11,11,8,VRB02KT,10,10
2011-11-11 09:00:00.000,2011,11,11,9,00000KT,10,10
2011-11-11 10:00:00.000,2011,11,11,10,30003KT,10,10
2011-11-11 11:00:00.000,2011,11,11,11,VRB02KT,09,09
2011-11-11 12:00:00.000,2011,11,11,12,VRB02KT,10,10
2011-11-11 13:00:00.000,2011,11,11,13,31006KT,12,11
2011-11-11 14:00:00.000,2011,11,11,14,33005KT,14,11
2011-11-11 15:00:00.000,2011,11,11,15,00000KT,15,11
2011-11-11 16:00:00.000,2011,11,11,16,00000KT,17,10
2011-11-11 17:00:00.000,2011,11,11,17,VRB02KT,18,09
2011-11-11 18:00:00.000,2011,11,11,18,28012KT,17,12
2011-11-11 19:00:00.000,2011,11,11,19,28013KT,16,13
2011-11-11 20:00:00.000,2011,11,11,20,30009KT,17,12
2011-11-11 21:00:00.000,2011,11,11,21,33006KT,15,13
2011-11-11 22:00:00.000,2011,11,11,22,VRB02KT,14,12
2011-11-11 23:00:00.000,2011,11,11,23,VRB02KT,14,13
2011-11-12 00:00:00.000,2011,11,12,0,34004KT,13,12
2011-11-12 01:00:00.000,2011,11,12,1,33003KT,13,12
2011-11-12 02:00:00.000,2011,11,12,2,32003KT,13,12
2011-11-12 03:00:00.000,2011,11,12,3,02003KT,13,12
2011-11-12 04:00:00.000,2011,11,12,4,VRB02KT,12,12
2011-11-12 05:00:00.000,2011,11,12,5,VRB02KT,12,12
2011-11-12 06:00:00.000,2011,11,12,6,VRB02KT,12,11
2011-11-12 07:00:00.000,2011,11,12,7,VRB02KT,12,11
2011-11-12 08:00:00.000,2011,11,12,8,00000KT,12,11
2011-11-12 09:00:00.000,2011,11,12,9,VRB02KT,12,11
2011-11-12 10:00:00.000,2011,11,12,10,00000KT,12,11
2011-11-12 11:00:00.000,2011,11,12,11,30004KT,12,11
2011-11-12 12:00:00.000,2011,11,12,12,00000KT,12,11
2011-11-12 13:00:00.000,2011,11,12,13,VRB02KT,13,11
2011-11-12 14:00:00.000,2011,11,12,14,VRB02KT,15,11
2011-11-12 15:00:00.000,2011,11,12,15,VRB02KT,16,10
2011-11-12 16:00:00.000,2011,11,12,16,VRB02KT,18,10
2011-11-12 17:00:00.000,2011,11,12,17,22009KT,15,13
2011-11-12 18:00:00.000,2011,11,12,18,30007KT,17,12
2011-11-12 19:00:00.000,2011,11,12,19,30009KT,17,11
2011-11-12 20:00:00.000,2011,11,12,20,25012KT,16,13
2011-11-12 21:00:00.000,2011,11,12,21,24006KT,14,12
2011-11-12 22:00:00.000,2011,11,12,22,31006KT,13,11
2011-11-12 23:00:00.000,2011,11,12,23,04006KT,13,10
2011-11-13 00:00:00.000,2011,11,13,0,31003KT,12,09
2011-11-13 01:00:00.000,2011,11,13,1,05005KT,12,09
2011-11-13 02:00:00.000,2011,11,13,2,04006KT,12,09
2011-11-13 03:00:00.000,2011,11,13,3,05004KT,12,09
2011-11-13 04:00:00.000,2011,11,13,4,29004KT,11,09
2011-11-13 05:00:00.000,2011,11,13,5,05005KT,11,09
2011-11-13 06:00:00.000,2011,11,13,6,27004KT,11,09
2011-11-13 07:00:00.000,2011,11,13,7,01003KT,10,09
2011-11-13 08:00:00.000,2011,11,13,8,16003KT,10,09
2011-11-13 09:00:00.000,2011,11,13,9,36003KT,09,09
2011-11-13 10:00:00.000,2011,11,13,10,34003KT,09,09
2011-11-13 11:00:00.000,2011,11,13,11,VRB02KT,10,09
2011-11-13 12:00:00.000,2011,11,13,12,VRB02KT,10,09
2011-11-13 13:00:00.000,2011,11,13,13,VRB02KT,13,10
2011-11-13 14:00:00.000,2011,11,13,14,VRB02KT,15,11
2011-11-13 15:00:00.000,2011,11,13,15,VRB02KT,16,11
2011-11-13 16:00:00.000,2011,11,13,16,VRB02KT,17,11
2011-11-13 17:00:00.000,2011,11,13,17,VRB02KT,18,11
2011-11-13 18:00:00.000,2011,11,13,18,12008KT,14,12
2011-11-13 19:00:00.000,2011,11,13,19,11006KT,13,11
2011-11-13 20:00:00.000,2011,11,13,20,VRB02KT,14,10
2011-11-13 21:00:00.000,2011,11,13,21,03005KT,14,11
2011-11-13 22:00:00.000,2011,11,13,22,34004KT,14,10
2011-11-13 23:00:00.000,2011,11,13,23,32004KT,13,11
2011-11-14 00:00:00.000,2011,11,14,0,VRB02KT,13,11
2011-11-14 01:00:00.000,2011,11,14,1,03004KT,13,11
2011-11-14 02:00:00.000,2011,11,14,2,34003KT,13,11
2011-11-14 03:00:00.000,2011,11,14,3,34003KT,13,11
2011-11-14 04:00:00.000,2011,11,14,4,01003KT,13,10
2011-11-14 05:00:00.000,2011,11,14,5,34003KT,12,11
2011-11-14 06:00:00.000,2011,11,14,6,00000KT,12,11
2011-11-14 07:00:00.000,2011,11,14,7,28003KT,12,11
2011-11-14 08:00:00.000,2011,11,14,8,VRB02KT,12,11
2011-11-14 09:00:00.000,2011,11,14,9,VRB02KT,12,11
2011-11-14 10:00:00.000,2011,11,14,10,34003KT,11,10
2011-11-14 11:00:00.000,2011,11,14,11,06003KT,11,10
2011-11-14 12:00:00.000,2011,11,14,12,08004KT,12,11
2011-11-14 13:00:00.000,2011,11,14,13,04003KT,14,11
2011-11-14 14:00:00.000,2011,11,14,14,04003KT,15,10
2011-11-14 15:00:00.000,2011,11,14,15,33004KT,17,11
2011-11-14 16:00:00.000,2011,11,14,16,33004KT,19,10
2011-11-14 17:00:00.000,2011,11,14,17,35005KT,20,11
2011-11-14 20:00:00.000,2011,11,14,20,14006KT,13,12
2011-11-14 21:00:00.000,2011,11,14,21,23005KT,13,12
2011-11-14 22:00:00.000,2011,11,14,22,27003KT,13,12
2011-11-14 23:00:00.000,2011,11,14,23,06005KT,13,12
2011-11-15 00:00:00.000,2011,11,15,0,04004KT,13,11
2011-11-15 01:00:00.000,2011,11,15,1,02005KT,12,11
2011-11-15 02:00:00.000,2011,11,15,2,VRB02KT,12,11
2011-11-15 03:00:00.000,2011,11,15,3,07007KT,12,11
2011-11-15 04:00:00.000,2011,11,15,4,05005KT,12,10
2011-11-15 05:00:00.000,2011,11,15,5,VRB02KT,11,10
2011-11-15 06:00:00.000,2011,11,15,6,VRB02KT,11,10
2011-11-15 07:00:00.000,2011,11,15,7,VRB02KT,10,10
2011-11-15 08:00:00.000,2011,11,15,8,00000KT,10,10
2011-11-15 09:00:00.000,2011,11,15,9,00000KT,10,10
2011-11-15 10:00:00.000,2011,11,15,10,VRB02KT,10,10
2011-11-15 11:00:00.000,2011,11,15,11,VRB02KT,10,10
2011-11-15 12:00:00.000,2011,11,15,12,15004KT,12,10
2011-11-15 13:00:00.000,2011,11,15,13,23003KT,14,10
2011-11-15 14:00:00.000,2011,11,15,14,VRB02KT,17,10
2011-11-15 15:00:00.000,2011,11,15,15,02003KT,18,10
2011-11-15 16:00:00.000,2011,11,15,16,04003KT,19,10
2011-11-15 17:00:00.000,2011,11,15,17,03004KT,20,10
2011-11-15 18:00:00.000,2011,11,15,18,05003KT,20,09
2011-11-15 19:00:00.000,2011,11,15,19,25012KT,16,13
2011-11-15 20:00:00.000,2011,11,15,20,25005KT,15,13
2011-11-15 21:00:00.000,2011,11,15,21,24008KT,15,13
2011-11-15 22:00:00.000,2011,11,15,22,28008KT,13,12
2011-11-15 23:00:00.000,2011,11,15,23,VRB02KT,12,11
2011-11-16 00:00:00.000,2011,11,16,0,VRB02KT,12,11
2011-11-16 01:00:00.000,2011,11,16,1,VRB02KT,13,11
2011-11-16 03:00:00.000,2011,11,16,3,34004KT,12,11
2011-11-16 04:00:00.000,2011,11,16,4,00000KT,12,11
2011-11-16 05:00:00.000,2011,11,16,5,VRB02KT,12,11
2011-11-16 06:00:00.000,2011,11,16,6,VRB02KT,11,11
2011-11-16 10:00:00.000,2011,11,16,10,00000KT,10,09
2011-11-16 11:00:00.000,2011,11,16,11,34004KT,10,10
2011-11-16 12:00:00.000,2011,11,16,12,VRB02KT,11,11
2011-11-16 13:00:00.000,2011,11,16,13,32004KT,12,11
2011-11-16 14:00:00.000,2011,11,16,14,34003KT,14,12
2011-11-16 15:00:00.000,2011,11,16,15,VRB02KT,17,12
2011-11-16 16:00:00.000,2011,11,16,16,30004KT,18,11
2011-11-16 17:00:00.000,2011,11,16,17,28012KT,17,12
2011-11-16 18:00:00.000,2011,11,16,18,31008KT,15,13
2011-11-16 19:00:00.000,2011,11,16,19,VRB02KT,14,12
2011-11-16 20:00:00.000,2011,11,16,20,VRB02KT,14,11
2011-11-16 21:00:00.000,2011,11,16,21,21005KT,14,12
2011-11-16 22:00:00.000,2011,11,16,22,VRB02KT,13,12
2011-11-16 23:00:00.000,2011,11,16,23,22004KT,13,12
2011-11-17 00:00:00.000,2011,11,17,0,28003KT,13,11
2011-11-17 01:00:00.000,2011,11,17,1,VRB02KT,13,12
2011-11-17 02:00:00.000,2011,11,17,2,22004KT,13,12
2011-11-17 03:00:00.000,2011,11,17,3,VRB02KT,13,12
2011-11-17 04:00:00.000,2011,11,17,4,VRB02KT,12,11
2011-11-17 05:00:00.000,2011,11,17,5,VRB02KT,12,11
2011-11-17 06:00:00.000,2011,11,17,6,03003KT,12,11
2011-11-17 07:00:00.000,2011,11,17,7,03004KT,12,11
2011-11-17 08:00:00.000,2011,11,17,8,VRB02KT,12,11
2011-11-17 09:00:00.000,2011,11,17,9,VRB02KT,12,11
2011-11-17 10:00:00.000,2011,11,17,10,VRB02KT,12,11
2011-11-17 11:00:00.000,2011,11,17,11,05004KT,12,11
2011-11-17 12:00:00.000,2011,11,17,12,05004KT,13,11
2011-11-17 13:00:00.000,2011,11,17,13,04006KT,14,12
2011-11-17 14:00:00.000,2011,11,17,14,VRB02KT,17,11
2011-11-17 15:00:00.000,2011,11,17,15,32004KT,17,12
2011-11-17 16:00:00.000,2011,11,17,16,26004KT,18,11
2011-11-17 17:00:00.000,2011,11,17,17,32006KT,19,11
2011-11-17 18:00:00.000,2011,11,17,18,28013KT,19,11
2011-11-17 19:00:00.000,2011,11,17,19,27013KT,18,12
2011-11-17 20:00:00.000,2011,11,17,20,26012KT,16,13
2011-11-17 21:00:00.000,2011,11,17,21,26010KT,15,12
2011-11-17 22:00:00.000,2011,11,17,22,27007KT,15,11
2011-11-17 23:00:00.000,2011,11,17,23,24005KT,14,12
2011-11-18 00:00:00.000,2011,11,18,0,05006KT,14,10
2011-11-18 01:00:00.000,2011,11,18,1,04006KT,13,10
2011-11-18 02:00:00.000,2011,11,18,2,36004KT,12,10
2011-11-18 03:00:00.000,2011,11,18,3,03004KT,12,10
2011-11-18 04:00:00.000,2011,11,18,4,VRB02KT,12,10
2011-11-18 05:00:00.000,2011,11,18,5,VRB02KT,12,11
2011-11-18 06:00:00.000,2011,11,18,6,36004KT,11,10
2011-11-18 07:00:00.000,2011,11,18,7,01004KT,11,11
2011-11-18 08:00:00.000,2011,11,18,8,VRB02KT,11,10
2011-11-18 09:00:00.000,2011,11,18,9,00000KT,11,10
2011-11-18 10:00:00.000,2011,11,18,10,VRB02KT,11,10
2011-11-18 11:00:00.000,2011,11,18,11,VRB02KT,11,10
2011-11-18 12:00:00.000,2011,11,18,12,VRB02KT,12,10
2011-11-18 13:00:00.000,2011,11,18,13,03005KT,13,11
2011-11-18 14:00:00.000,2011,11,18,14,06007KT,14,10
2011-11-18 15:00:00.000,2011,11,18,15,07004KT,15,10
2011-11-18 16:00:00.000,2011,11,18,16,34005KT,16,10
2011-11-18 17:00:00.000,2011,11,18,17,03007KT,17,11
2011-11-18 18:00:00.000,2011,11,18,18,31010KT,18,12
2011-11-18 19:00:00.000,2011,11,18,19,30009KT,17,11
2011-11-18 20:00:00.000,2011,11,18,20,28010KT,16,13
2011-11-18 21:00:00.000,2011,11,18,21,32005KT,17,11
2011-11-18 22:00:00.000,2011,11,18,22,25006KT,15,12
2011-11-18 23:00:00.000,2011,11,18,23,33009KT,14,11
2011-11-19 00:00:00.000,2011,11,19,0,30003KT,13,11
2011-11-19 01:00:00.000,2011,11,19,1,VRB02KT,13,12
2011-11-19 02:00:00.000,2011,11,19,2,00000KT,14,14
2011-11-19 03:00:00.000,2011,11,19,3,VRB02KT,13,12
2011-11-19 04:00:00.000,2011,11,19,4,28003KT,12,11
2011-11-19 05:00:00.000,2011,11,19,5,30005KT,12,11
2011-11-19 06:00:00.000,2011,11,19,6,33006KT,12,11
2011-11-19 08:00:00.000,2011,11,19,8,00000KT,11,11
2011-11-19 09:00:00.000,2011,11,19,9,VRB02KT,12,11
2011-11-19 10:00:00.000,2011,11,19,10,00000KT,11,10
2011-11-19 11:00:00.000,2011,11,19,11,03003KT,11,10
2011-11-19 12:00:00.000,2011,11,19,12,VRB02KT,11,10
2011-11-19 13:00:00.000,2011,11,19,13,VRB02KT,12,10
2011-11-19 14:00:00.000,2011,11,19,14,36005KT,14,10
2011-11-19 15:00:00.000,2011,11,19,15,06003KT,16,10
2011-11-19 18:00:00.000,2011,11,19,18,34010KT,18,12
2011-11-19 19:00:00.000,2011,11,19,19,34008KT,17,11
2011-11-19 20:00:00.000,2011,11,19,20,27010KT,16,14
2011-11-19 21:00:00.000,2011,11,19,21,30008KT,15,13
2011-11-19 22:00:00.000,2011,11,19,22,34006KT,15,11
2011-11-19 23:00:00.000,2011,11,19,23,32006KT,13,11
2011-11-20 00:00:00.000,2011,11,20,0,30006KT,13,11
2011-11-20 01:00:00.000,2011,11,20,1,30006KT,12,11
2011-11-20 02:00:00.000,2011,11,20,2,28004KT,12,11
2011-11-20 03:00:00.000,2011,11,20,3,32004KT,12,11
2011-11-20 04:00:00.000,2011,11,20,4,32004KT,12,11
2011-11-20 05:00:00.000,2011,11,20,5,31006KT,11,10
2011-11-20 06:00:00.000,2011,11,20,6,25004KT,11,10
2011-11-20 07:00:00.000,2011,11,20,7,27004KT,11,10
2011-11-20 08:00:00.000,2011,11,20,8,00000KT,12,10
2011-11-20 09:00:00.000,2011,11,20,9,07006KT,11,10
2011-11-20 10:00:00.000,2011,11,20,10,07004KT,12,10
2011-11-20 11:00:00.000,2011,11,20,11,35004KT,11,10
2011-11-20 13:00:00.000,2011,11,20,13,30004KT,13,11
2011-11-20 14:00:00.000,2011,11,20,14,30006KT,14,11
2011-11-20 15:00:00.000,2011,11,20,15,25006KT,16,11
2011-11-20 16:00:00.000,2011,11,20,16,28010KT,18,11
2011-11-20 17:00:00.000,2011,11,20,17,31010KT,15,12
2011-11-20 18:00:00.000,2011,11,20,18,31010KT,16,12
2011-11-20 19:00:00.000,2011,11,20,19,27012KT,16,12
2011-11-20 20:00:00.000,2011,11,20,20,25008KT,16,12
2011-11-20 21:00:00.000,2011,11,20,21,31008KT,14,12
2011-11-20 22:00:00.000,2011,11,20,22,32008KT,13,12
2011-11-20 23:00:00.000,2011,11,20,23,28008KT,13,12
2011-11-21 00:00:00.000,2011,11,21,0,19003KT,13,11
2011-11-21 01:00:00.000,2011,11,21,1,18003KT,13,12
2011-11-21 02:00:00.000,2011,11,21,2,VRB02KT,13,12
2011-11-21 03:00:00.000,2011,11,21,3,VRB02KT,13,12
2011-11-21 04:00:00.000,2011,11,21,4,21004KT,13,12
2011-11-21 05:00:00.000,2011,11,21,5,20003KT,12,11
2011-11-21 06:00:00.000,2011,11,21,6,VRB02KT,12,11
2011-11-21 07:00:00.000,2011,11,21,7,VRB02KT,12,11
2011-11-21 08:00:00.000,2011,11,21,8,VRB02KT,12,11
2011-11-21 09:00:00.000,2011,11,21,9,00000KT,12,11
2011-11-21 10:00:00.000,2011,11,21,10,VRB02KT,12,11
2011-11-21 11:00:00.000,2011,11,21,11,33003KT,11,11
2011-11-21 12:00:00.000,2011,11,21,12,33004KT,12,11
2011-11-21 13:00:00.000,2011,11,21,13,VRB02KT,13,11
2011-11-21 14:00:00.000,2011,11,21,14,29006KT,14,11
2011-11-21 15:00:00.000,2011,11,21,15,VRB02KT,16,09
2011-11-21 16:00:00.000,2011,11,21,16,30010KT,17,11
2011-11-21 17:00:00.000,2011,11,21,17,34010KT,17,12
2011-11-21 18:00:00.000,2011,11,21,18,30010KT,18,11
2011-11-21 19:00:00.000,2011,11,21,19,26010KT,16,12
2011-11-21 20:00:00.000,2011,11,21,20,26008KT,15,12
2011-11-21 21:00:00.000,2011,11,21,21,27006KT,15,12
2011-11-21 22:00:00.000,2011,11,21,22,14004KT,14,12
2011-11-21 23:00:00.000,2011,11,21,23,02006KT,14,12
2011-11-22 00:00:00.000,2011,11,22,0,04004KT,14,10
2011-11-22 01:00:00.000,2011,11,22,1,03003KT,13,10
2011-11-22 02:00:00.000,2011,11,22,2,34006KT,12,10
2011-11-22 03:00:00.000,2011,11,22,3,06004KT,12,10
2011-11-22 04:00:00.000,2011,11,22,4,VRB02KT,11,10
2011-11-22 05:00:00.000,2011,11,22,5,VRB02KT,11,10
2011-11-22 06:00:00.000,2011,11,22,6,33003KT,11,10
2011-11-22 07:00:00.000,2011,11,22,7,00000KT,11,10
2011-11-22 08:00:00.000,2011,11,22,8,0303KT,11,10
2011-11-22 09:00:00.000,2011,11,22,9,VRB02KT,,
2011-11-22 10:00:00.000,2011,11,22,10,VRB02KT,11,10
2011-11-22 11:00:00.000,2011,11,22,11,04003KT,11,10
2011-11-22 12:00:00.000,2011,11,22,12,VRB02KT,12,11
2011-11-22 13:00:00.000,2011,11,22,13,05003KT,13,11
2011-11-22 14:00:00.000,2011,11,22,14,VRB02KT,16,11
2011-11-22 15:00:00.000,2011,11,22,15,25003KT,16,11
2011-11-22 16:00:00.000,2011,11,22,16,05005KT,16,11
2011-11-22 17:00:00.000,2011,11,22,17,05005KT,15,11
2011-11-22 18:00:00.000,2011,11,22,18,32008KT,15,12
2011-11-22 19:00:00.000,2011,11,22,19,32005KT,16,13
2011-11-22 20:00:00.000,2011,11,22,20,26006KT,17,14
2011-11-22 21:00:00.000,2011,11,22,21,26003KT,16,11
2011-11-22 22:00:00.000,2011,11,22,22,25004KT,15,13
2011-11-22 23:00:00.000,2011,11,22,23,24005KT,14,12
2011-11-23 00:00:00.000,2011,11,23,0,26010KT,13,12
2011-11-23 01:00:00.000,2011,11,23,1,28010KT,12,11
2011-11-23 02:00:00.000,2011,11,23,2,VRB02KT,12,11
2011-11-23 03:00:00.000,2011,11,23,3,07006KT,12,11
2011-11-23 04:00:00.000,2011,11,23,4,VRB02KT,12,11
2011-11-23 05:00:00.000,2011,11,23,5,VRB02KT,12,11
2011-11-23 06:00:00.000,2011,11,23,6,VRB02KT,11,11
2011-11-23 07:00:00.000,2011,11,23,7,VRB02KT,11,10
2011-11-23 08:00:00.000,2011,11,23,8,VRB02KT,11,11
2011-11-23 09:00:00.000,2011,11,23,9,06004KT,11,10
2011-11-23 10:00:00.000,2011,11,23,10,00000KT,11,10
2011-11-23 11:00:00.000,2011,11,23,11,00000KT,11,11
2011-11-23 12:00:00.000,2011,11,23,12,04004KT,13,12
2011-11-23 13:00:00.000,2011,11,23,13,04006KT,15,12
2011-11-23 14:00:00.000,2011,11,23,14,07006KT,16,11
2011-11-23 15:00:00.000,2011,11,23,15,04008KT,18,12
2011-11-23 16:00:00.000,2011,11,23,16,08010KT,18,12
2011-11-23 17:00:00.000,2011,11,23,17,06010KT,19,11
2011-11-23 18:00:00.000,2011,11,23,18,24010KT,15,13
2011-11-23 19:00:00.000,2011,11,23,19,30010KT,18,13
2011-11-23 20:00:00.000,2011,11,23,20,23013KT,17,12
2011-11-23 21:00:00.000,2011,11,23,21,VRB02KT,13,10
2011-11-23 22:00:00.000,2011,11,23,22,VRB02KT,14,12
2011-11-23 23:00:00.000,2011,11,23,23,33004KT,13,11
2011-11-24 00:00:00.000,2011,11,24,0,01003KT,13,11
2011-11-24 01:00:00.000,2011,11,24,1,00000KT,13,11
2011-11-24 02:00:00.000,2011,11,24,2,34003KT,13,11
2011-11-24 03:00:00.000,2011,11,24,3,VRB02KT,13,11
2011-11-24 04:00:00.000,2011,11,24,4,04003KT,13,11
2011-11-24 05:00:00.000,2011,11,24,5,00000KT,12,11
2011-11-24 06:00:00.000,2011,11,24,6,VRB02KT,12,11
2011-11-24 07:00:00.000,2011,11,24,7,VRB02KT,11,10
2011-11-24 08:00:00.000,2011,11,24,8,05004KT,11,10
2011-11-24 09:00:00.000,2011,11,24,9,28003KT,10,10
2011-11-24 10:00:00.000,2011,11,24,10,VRB02KT,11,10
2011-11-24 11:00:00.000,2011,11,24,11,03005KT,12,10
2011-11-24 12:00:00.000,2011,11,24,12,04006KT,13,11
2011-11-24 13:00:00.000,2011,11,24,13,03006KT,14,11
2011-11-24 14:00:00.000,2011,11,24,14,03005KT,16,10
2011-11-24 15:00:00.000,2011,11,24,15,36005KT,17,10
2011-11-24 16:00:00.000,2011,11,24,16,06004KT,18,10
2011-11-24 17:00:00.000,2011,11,24,17,30006KT,18,10
2011-11-24 18:00:00.000,2011,11,24,18,23006KT,16,13
2011-11-24 19:00:00.000,2011,11,24,19,25010KT,14,13
2011-11-24 20:00:00.000,2011,11,24,20,26008KT,15,12
2011-11-24 21:00:00.000,2011,11,24,21,25006KT,15,13
2011-11-24 22:00:00.000,2011,11,24,22,25006KT,14,12
2011-11-24 23:00:00.000,2011,11,24,23,26006KT,13,12
2011-11-25 00:00:00.000,2011,11,25,0,31006KT,12,11
2011-11-25 01:00:00.000,2011,11,25,1,VRB02KT,12,11
2011-11-25 02:00:00.000,2011,11,25,2,VRB02KT,12,11
2011-11-25 03:00:00.000,2011,11,25,3,VRB02KT,11,10
2011-11-25 04:00:00.000,2011,11,25,4,VRB02KT,11,10
2011-11-25 05:00:00.000,2011,11,25,5,33004KT,09,09
2011-11-25 06:00:00.000,2011,11,25,6,VRB02KT,09,08
2011-11-25 07:00:00.000,2011,11,25,7,VRB02KT,09,08
2011-11-25 08:00:00.000,2011,11,25,8,00000KT,09,09
2011-11-25 09:00:00.000,2011,11,25,9,34004KT,09,09
2011-11-25 10:00:00.000,2011,11,25,10,VRB02KT,09,09
2011-11-25 11:00:00.000,2011,11,25,11,03004KT,10,10
2011-11-25 12:00:00.000,2011,11,25,12,03005KT,10,10
2011-11-25 13:00:00.000,2011,11,25,13,05006KT,11,10
2011-11-25 14:00:00.000,2011,11,25,14,09004KT,12,10
2011-11-25 15:00:00.000,2011,11,25,15,08006KT,14,11
2011-11-25 16:00:00.000,2011,11,25,16,34004KT,16,11
2011-11-25 17:00:00.000,2011,11,25,17,VRB02KT,18,11
2011-11-25 18:00:00.000,2011,11,25,18,23004KT,18,10
2011-11-25 19:00:00.000,2011,11,25,19,28010KT,18,13
2011-11-25 20:00:00.000,2011,11,25,20,27015KT,16,12
2011-11-25 21:00:00.000,2011,11,25,21,26013KT,17,13
2011-11-25 22:00:00.000,2011,11,25,22,26013KT,16,13
2011-11-25 23:00:00.000,2011,11,25,23,25006KT,14,12
2011-11-26 00:00:00.000,2011,11,26,0,24003KT,14,12
2011-11-26 01:00:00.000,2011,11,26,1,36007KT,12,10
2011-11-26 02:00:00.000,2011,11,26,2,36003KT,12,10
2011-11-26 03:00:00.000,2011,11,26,3,VRB02KT,12,11
2011-11-26 04:00:00.000,2011,11,26,4,VRB02KT,12,11
2011-11-26 05:00:00.000,2011,11,26,5,30004KT,12,11
2011-11-26 06:00:00.000,2011,11,26,6,30034KT,12,11
2011-11-26 07:00:00.000,2011,11,26,7,33003KT,11,10
2011-11-26 08:00:00.000,2011,11,26,8,VRB02KT,10,10
2011-11-26 09:00:00.000,2011,11,26,9,28004KT,11,11
2011-11-26 10:00:00.000,2011,11,26,10,03003KT,10,10
2011-11-26 11:00:00.000,2011,11,26,11,04003KT,10,10
2011-11-26 12:00:00.000,2011,11,26,12,02004KT,11,10
2011-11-26 13:00:00.000,2011,11,26,13,03006KT,12,11
2011-11-26 14:00:00.000,2011,11,26,14,02004KT,14,12
2011-11-26 15:00:00.000,2011,11,26,15,00000KT,17,11
2011-11-26 16:00:00.000,2011,11,26,16,36004KT,19,10
2011-11-26 17:00:00.000,2011,11,26,17,04005KT,19,11
2011-11-26 18:00:00.000,2011,11,26,18,26011KT,19,13
2011-11-26 19:00:00.000,2011,11,26,19,27006KT,16,13
2011-11-26 20:00:00.000,2011,11,26,20,04005KT,17,13
2011-11-26 21:00:00.000,2011,11,26,21,08004KT,15,13
2011-11-26 22:00:00.000,2011,11,26,22,31005KT,14,12
2011-11-26 23:00:00.000,2011,11,26,23,35004KT,13,12
2011-11-27 00:00:00.000,2011,11,27,0,VRB02KT,13,12
2011-11-27 01:00:00.000,2011,11,27,1,00000KT,13,12
2011-11-27 02:00:00.000,2011,11,27,2,00000KT,13,12
2011-11-27 03:00:00.000,2011,11,27,3,VRB02KT,13,12
2011-11-27 04:00:00.000,2011,11,27,4,31003KT,13,12
2011-11-27 05:00:00.000,2011,11,27,5,VRB02KT,13,12
2011-11-27 07:00:00.000,2011,11,27,7,VRB02KT,12,12
2011-11-27 08:00:00.000,2011,11,27,8,VRB02KT,12,12
2011-11-27 09:00:00.000,2011,11,27,9,06006KT,12,11
2011-11-27 10:00:00.000,2011,11,27,10,05004KT,12,11
2011-11-27 11:00:00.000,2011,11,27,11,VRB02KT,11,10
2011-11-27 12:00:00.000,2011,11,27,12,04004KT,13,11
2011-11-27 13:00:00.000,2011,11,27,13,03003KT,13,11
2011-11-27 14:00:00.000,2011,11,27,14,VRB02KT,16,11
2011-11-27 15:00:00.000,2011,11,27,15,07003KT,16,11
2011-11-27 16:00:00.000,2011,11,27,16,27003KT,18,11
2011-11-27 17:00:00.000,2011,11,27,17,31004KT,19,11
2011-11-27 18:00:00.000,2011,11,27,18,26010KT,17,13
2011-11-27 19:00:00.000,2011,11,27,19,25012KT,17,13
2011-11-27 20:00:00.000,2011,11,27,20,28006KT,19,13
2011-11-27 21:00:00.000,2011,11,27,21,03008KT,17,13
2011-11-27 22:00:00.000,2011,11,27,22,32004KT,16,12
2011-11-27 23:00:00.000,2011,11,27,23,30007KT,15,12
2011-11-28 00:00:00.000,2011,11,28,0,36003KT,14,11
2011-11-28 01:00:00.000,2011,11,28,1,19006KT,14,12
2011-11-28 02:00:00.000,2011,11,28,2,18006KT,14,11
2011-11-28 03:00:00.000,2011,11,28,3,VRB02KT,14,12
2011-11-28 04:00:00.000,2011,11,28,4,32004KT,13,11
2011-11-28 05:00:00.000,2011,11,28,5,29004KT,12,11
2011-11-28 06:00:00.000,2011,11,28,6,32004KT,12,11
2011-11-28 07:00:00.000,2011,11,28,7,VRB02KT,12,12
2011-11-28 08:00:00.000,2011,11,28,8,33004KT,12,11
2011-11-28 09:00:00.000,2011,11,28,9,VRB02KT,12,11
2011-11-28 10:00:00.000,2011,11,28,10,VRB02KT,12,11
2011-11-28 11:00:00.000,2011,11,28,11,VRB02KT,11,11
2011-11-28 12:00:00.000,2011,11,28,12,VRB02KT,12,11
2011-11-28 13:00:00.000,2011,11,28,13,23003KT,14,11
2011-11-28 14:00:00.000,2011,11,28,14,VRB02KT,16,12
2011-11-28 15:00:00.000,2011,11,28,15,VRB02KT,17,11
2011-11-28 16:00:00.000,2011,11,28,16,32003KT,19,10
2011-11-28 17:00:00.000,2011,11,28,17,30010KT,17,12
2011-11-28 18:00:00.000,2011,11,28,18,31010KT,18,12
2011-11-28 19:00:00.000,2011,11,28,19,32012KT,17,13
2011-11-28 20:00:00.000,2011,11,28,20,26008KT,17,12
2011-11-28 21:00:00.000,2011,11,28,21,27008KT,16,13
2011-11-28 22:00:00.000,2011,11,28,22,25006KT,15,12
2011-11-28 23:00:00.000,2011,11,28,23,26004KT,14,12
2011-11-29 00:00:00.000,2011,11,29,0,29004KT,14,12
2011-11-29 01:00:00.000,2011,11,29,1,24005KT,13,12
2011-11-29 02:00:00.000,2011,11,29,2,29003KT,13,12
2011-11-29 03:00:00.000,2011,11,29,3,04003KT,13,12
2011-11-29 04:00:00.000,2011,11,29,4,30006KT,13,12
2011-11-29 05:00:00.000,2011,11,29,5,31006KT,13,12
2011-11-29 06:00:00.000,2011,11,29,6,30005KT,12,11
2011-11-29 07:00:00.000,2011,11,29,7,25006KT,12,12
2011-11-29 08:00:00.000,2011,11,29,8,23003KT,12,11
2011-11-29 09:00:00.000,2011,11,29,9,VRB02KT,12,11
2011-11-29 10:00:00.000,2011,11,29,10,33003KT,11,11
2011-11-29 11:00:00.000,2011,11,29,11,VRB02KT,12,11
2011-11-29 12:00:00.000,2011,11,29,12,06003KT,12,10
2011-11-29 13:00:00.000,2011,11,29,13,04004KT,12,11
2011-11-29 14:00:00.000,2011,11,29,14,08006KT,14,10
2011-11-29 15:00:00.000,2011,11,29,15,VRB02KT,15,10
2011-11-29 16:00:00.000,2011,11,29,16,00000KT,17,11
2011-11-29 17:00:00.000,2011,11,29,17,22004KT,17,10
2011-11-29 18:00:00.000,2011,11,29,18,26005KT,19,11
2011-11-29 19:00:00.000,2011,11,29,19,28012KT,18,12
2011-11-29 20:00:00.000,2011,11,29,20,27010KT,17,12
2011-11-29 21:00:00.000,2011,11,29,21,28008KT,17,12
2011-11-29 22:00:00.000,2011,11,29,22,30007KT,17,12
2011-11-29 23:00:00.000,2011,11,29,23,28008KT,15,12
2011-11-30 00:00:00.000,2011,11,30,0,26006KT,15,12
2011-11-30 01:00:00.000,2011,11,30,1,28006KT,14,12
2011-11-30 02:00:00.000,2011,11,30,2,24004KT,14,12
2011-11-30 03:00:00.000,2011,11,30,3,25004KT,14,12
2011-11-30 04:00:00.000,2011,11,30,4,29003KT,14,12
2011-11-30 05:00:00.000,2011,11,30,5,10004KT,13,12
2011-11-30 06:00:00.000,2011,11,30,6,31005KT,14,12
2011-11-30 07:00:00.000,2011,11,30,7,VRB02KT,13,12
2011-11-30 08:00:00.000,2011,11,30,8,35003KT,12,12
2011-11-30 09:00:00.000,2011,11,30,9,27003KT,12,11
2011-11-30 10:00:00.000,2011,11,30,10,33005KT,12,11
2011-11-30 10:30:00.000,2011,11,30,10,VRB02KT,12,11
2011-11-30 11:00:00.000,2011,11,30,11,30003KT,1,11
2011-11-30 12:00:00.000,2011,11,30,12,33003KT,12,11
2011-11-30 13:00:00.000,2011,11,30,13,VRB02KT,15,11
2011-11-30 14:00:00.000,2011,11,30,14,VRB02KT,18,10
2011-11-30 15:00:00.000,2011,11,30,15,26004KT,19,11
2011-11-30 16:00:00.000,2011,11,30,16,32014KT,16,13
2011-11-30 16:22:00.000,2011,11,30,16,28010KT,15,14
2011-11-30 17:00:00.000,2011,11,30,17,28008KT,16,13
2011-11-30 18:00:00.000,2011,11,30,18,28009KT,17,12
2011-11-30 19:00:00.000,2011,11,30,19,29012KT,16,14
2011-11-30 20:00:00.000,2011,11,30,20,26012KT,17,12
2011-11-30 21:00:00.000,2011,11,30,21,27009KT,17,14
2011-11-30 22:00:00.000,2011,11,30,22,27010KT,17,11
2011-11-30 23:00:00.000,2011,11,30,23,26007KT,16,12
2011-12-01 00:00:00.000,2011,12,1,0,22004KT,15,11
2011-12-01 01:00:00.000,2011,12,1,1,33003KT,13,11
2011-12-01 02:00:00.000,2011,12,1,2,VRB02KT,12,11
2011-12-01 03:00:00.000,2011,12,1,3,VRB02KT,12,11
2011-12-01 04:00:00.000,2011,12,1,4,30003KT,11,10
2011-12-01 05:00:00.000,2011,12,1,5,03006KT,13,11
2011-12-01 06:00:00.000,2011,12,1,6,VRB02KT,13,11
2011-12-01 07:00:00.000,2011,12,1,7,VRB02KT,13,11
2011-12-01 08:00:00.000,2011,12,1,8,VRB02KT,13,11
2011-12-01 09:00:00.000,2011,12,1,9,02004KT,13,11
2011-12-01 10:00:00.000,2011,12,1,10,02006KT,12,11
2011-12-01 11:00:00.000,2011,12,1,11,03004KT,12,11
2011-12-01 12:00:00.000,2011,12,1,12,VRB02KT,12,11
2011-12-01 13:00:00.000,2011,12,1,13,VRB02KT,13,10
2011-12-01 14:00:00.000,2011,12,1,14,VRB02KT,14,11
2011-12-01 15:00:00.000,2011,12,1,15,VRB02KT,15,11
2011-12-01 16:00:00.000,2011,12,1,16,27003KT,17,11
2011-12-01 17:00:00.000,2011,12,1,17,28007KT,18,12
2011-12-01 18:00:00.000,2011,12,1,18,35018KT,17,11
2011-12-01 19:00:00.000,2011,12,1,19,25010KT,17,12
2011-12-01 20:00:00.000,2011,12,1,20,25010KT,17,14
2011-12-01 21:00:00.000,2011,12,1,21,24006KT,14,12
2011-12-01 22:00:00.000,2011,12,1,22,24004KT,13,12
2011-12-01 23:00:00.000,2011,12,1,23,06003KT,14,12
2011-12-02 00:00:00.000,2011,12,2,0,03005KT,13,12
2011-12-02 01:00:00.000,2011,12,2,1,VRB02KT,12,11
2011-12-02 02:00:00.000,2011,12,2,2,01004KT,12,12
2011-12-02 03:00:00.000,2011,12,2,3,01003KT,11,10
2011-12-02 04:00:00.000,2011,12,2,4,06003KT,11,11
2011-12-02 05:00:00.000,2011,12,2,5,05005KT,11,11
2011-12-02 06:00:00.000,2011,12,2,6,06005KT,11,11
2011-12-02 07:00:00.000,2011,12,2,7,00000KT,10,10
2011-12-02 08:00:00.000,2011,12,2,8,28003KT,09,09
2011-12-02 09:00:00.000,2011,12,2,9,00000KT,09,09
2011-12-02 10:00:00.000,2011,12,2,10,32003KT,09,09
2011-12-02 11:00:00.000,2011,12,2,11,33003KT,09,09
2011-12-02 13:00:00.000,2011,12,2,13,08003KT,10,10
2011-12-02 14:00:00.000,2011,12,2,14,VRB02KT,13,12
2011-12-02 15:00:00.000,2011,12,2,15,04004KT,17,12
2011-12-02 16:00:00.000,2011,12,2,16,04004KT,18,11
2011-12-02 17:00:00.000,2011,12,2,17,30004KT,20,12
2011-12-02 18:00:00.000,2011,12,2,18,27010KT,19,12
2011-12-02 19:00:00.000,2011,12,2,19,27015KT,17,13
2011-12-02 20:00:00.000,2011,12,2,20,23011KT,16,12
2011-12-02 21:00:00.000,2011,12,2,21,22006KT,16,12
2011-12-02 22:00:00.000,2011,12,2,22,35003KT,14,13
2011-12-02 23:00:00.000,2011,12,2,23,36003KT,13,12
2011-12-03 00:00:00.000,2011,12,3,0,04005KT,13,12
2011-12-03 01:00:00.000,2011,12,3,1,05005KT,13,11
2011-12-03 02:00:00.000,2011,12,3,2,VRB02KT,13,12
2011-12-03 03:00:00.000,2011,12,3,3,13003KT,13,11
2011-12-03 04:00:00.000,2011,12,3,4,VRB02KT,13,11
2011-12-03 05:00:00.000,2011,12,3,5,02005KT,12,11
2011-12-03 06:00:00.000,2011,12,3,6,03005KT,12,11
2011-12-03 07:00:00.000,2011,12,3,7,27003KT,12,11
2011-12-03 08:00:00.000,2011,12,3,8,25004KT,12,11
2011-12-03 09:00:00.000,2011,12,3,9,VRB02KT,12,11
2011-12-03 10:00:00.000,2011,12,3,10,VRB02KT,12,11
2011-12-03 11:00:00.000,2011,12,3,11,34003KT,11,10
2011-12-03 12:00:00.000,2011,12,3,12,31004KT,12,11
2011-12-03 13:00:00.000,2011,12,3,13,01004KT,13,12
2011-12-03 14:00:00.000,2011,12,3,14,33003KT,15,10
2011-12-03 15:00:00.000,2011,12,3,15,33003KT,17,10
2011-12-03 16:00:00.000,2011,12,3,16,23010KT,17,13
2011-12-03 17:00:00.000,2011,12,3,17,29012KT,17,12
2011-12-03 18:00:00.000,2011,12,3,18,23010KT,17,12
2011-12-03 19:00:00.000,2011,12,3,19,29012KT,16,12
2011-12-03 20:00:00.000,2011,12,3,20,30008KT,15,12
2011-12-03 21:00:00.000,2011,12,3,21,32003KT,15,12
2011-12-03 22:00:00.000,2011,12,3,22,31004KT,15,11
2011-12-03 23:00:00.000,2011,12,3,23,31003KT,15,11
2011-12-04 00:00:00.000,2011,12,4,0,30003KT,14,12
2011-12-04 01:00:00.000,2011,12,4,1,33003KT,14,12
2011-12-04 02:00:00.000,2011,12,4,2,VRB02KT,13,12
2011-12-04 03:00:00.000,2011,12,4,3,30005KT,13,11
2011-12-04 04:00:00.000,2011,12,4,4,32004KT,12,11
2011-12-04 05:00:00.000,2011,12,4,5,23003KT,11,10
2011-12-04 06:00:00.000,2011,12,4,6,27007KT,11,11
2011-12-04 07:00:00.000,2011,12,4,7,31003KT,11,11
2011-12-04 09:00:00.000,2011,12,4,9,00000KT,11,11
2011-12-04 10:00:00.000,2011,12,4,10,31004KT,11,11
2011-12-04 11:00:00.000,2011,12,4,11,VRB02KT,11,11
2011-12-04 12:00:00.000,2011,12,4,12,VRB02KT,12,11
2011-12-04 13:00:00.000,2011,12,4,13,35003KT,13,11
2011-12-04 14:00:00.000,2011,12,4,14,VRB02KT,16,11
2011-12-04 15:00:00.000,2011,12,4,15,VRB02KT,18,09
2011-12-04 16:00:00.000,2011,12,4,16,29006KT,19,11
2011-12-04 17:00:00.000,2011,12,4,17,28007KT,19,12
2011-12-04 18:00:00.000,2011,12,4,18,27012KT,18,12
2011-12-04 19:00:00.000,2011,12,4,19,25010KT,18,12
2011-12-04 20:00:00.000,2011,12,4,20,03012KT,14,11
2011-12-04 21:00:00.000,2011,12,4,21,05005KT,12,11
2011-12-04 22:00:00.000,2011,12,4,22,16003KT,14,10
2011-12-04 23:00:00.000,2011,12,4,23,15003KT,13,10
2011-12-05 00:00:00.000,2011,12,5,0,00000KT,13,11
2011-12-05 01:00:00.000,2011,12,5,1,VRB02KT,13,11
2011-12-05 02:00:00.000,2011,12,5,2,00000KT,13,11
2011-12-05 03:00:00.000,2011,12,5,3,VRB02KT,13,11
2011-12-05 04:00:00.000,2011,12,5,4,01003KT,13,11
2011-12-05 05:00:00.000,2011,12,5,5,02003KT,13,12
2011-12-05 06:00:00.000,2011,12,5,6,VRB02KT,13,12
2011-12-05 07:00:00.000,2011,12,5,7,31003KT,13,12
2011-12-05 08:00:00.000,2011,12,5,8,05003KT,12,11
2011-12-05 09:00:00.000,2011,12,5,9,VRB02KT,12,11
2011-12-05 10:00:00.000,2011,12,5,10,00000KT,12,11
2011-12-05 11:00:00.000,2011,12,5,11,00000KT,13,11
2011-12-05 13:00:00.000,2011,12,5,13,03004KT,14,12
2011-12-05 14:00:00.000,2011,12,5,14,VRB02KT,16,12
2011-12-05 15:00:00.000,2011,12,5,15,VRB02KT,17,12
2011-12-05 16:00:00.000,2011,12,5,16,31008KT,18,13
2011-12-05 17:00:00.000,2011,12,5,17,27010KT,18,13
2011-12-05 18:00:00.000,2011,12,5,18,33012KT,19,11
2011-12-05 19:00:00.000,2011,12,5,19,29011KT,17,11
2011-12-05 20:00:00.000,2011,12,5,20,15010KT,13,11
2011-12-05 21:00:00.000,2011,12,5,21,11008KT,14,12
2011-12-05 22:00:00.000,2011,12,5,22,11007KT,13,12
2011-12-05 23:00:00.000,2011,12,5,23,6004KT,13,11
2011-12-06 00:00:00.000,2011,12,6,0,VRB02KT,13,12
2011-12-06 01:00:00.000,2011,12,6,1,30004KT,13,12
2011-12-06 02:00:00.000,2011,12,6,2,33003KT,13,12
2011-12-06 03:00:00.000,2011,12,6,3,VRB02KT,12,11
2011-12-06 04:00:00.000,2011,12,6,4,33003KT,12,11
2011-12-06 05:00:00.000,2011,12,6,5,33003KT,12,11
2011-12-06 06:00:00.000,2011,12,6,6,VRB02KT,12,11
2011-12-06 07:00:00.000,2011,12,6,7,32004KT,11,11
2011-12-06 08:00:00.000,2011,12,6,8,35004KT,12,11
2011-12-06 09:00:00.000,2011,12,6,9,00000KT,12,11
2011-12-06 09:30:00.000,2011,12,6,9,31003KT,11,11
2011-12-06 10:00:00.000,2011,12,6,10,VRB02KT,11,11
2011-12-06 10:30:00.000,2011,12,6,10,00000KT,11,11
2011-12-06 11:00:00.000,2011,12,6,11,06003KT,12,11
2011-12-06 12:00:00.000,2011,12,6,12,33004KT,13,12
2011-12-06 13:00:00.000,2011,12,6,13,06003KT,14,12
2011-12-06 14:00:00.000,2011,12,6,14,VRB02KT,15,11
2011-12-06 15:00:00.000,2011,12,6,15,03004KT,16,11
2011-12-06 16:00:00.000,2011,12,6,16,26003KT,17,12
2011-12-06 17:00:00.000,2011,12,6,17,35006KT,17,12
2011-12-06 18:00:00.000,2011,12,6,18,19010KT,15,12
2011-12-06 18:34:00.000,2011,12,6,18,18008KT,13,10
2011-12-06 19:00:00.000,2011,12,6,19,20004KT,12,11
2011-12-06 19:13:00.000,2011,12,6,19,15004KT,12,11
2011-12-06 20:00:00.000,2011,12,6,20,15005KT,13,11
2011-12-06 21:00:00.000,2011,12,6,21,20003KT,14,12
2011-12-06 22:00:00.000,2011,12,6,22,VRB02KT,14,12
2011-12-06 23:00:00.000,2011,12,6,23,27004KT,13,12
2011-12-07 00:00:00.000,2011,12,7,0,30004KT,13,11
2011-12-07 01:00:00.000,2011,12,7,1,29008KT,13,11
2011-12-07 02:00:00.000,2011,12,7,2,29005KT,12,11
2011-12-07 03:00:00.000,2011,12,7,3,27005KT,12,10
2011-12-07 04:00:00.000,2011,12,7,4,25003KT,12,10
2011-12-07 05:00:00.000,2011,12,7,5,27003KT,12,10
2011-12-07 06:00:00.000,2011,12,7,6,00000KT,12,10
2011-12-07 07:00:00.000,2011,12,7,7,30004KT,11,10
2011-12-07 08:00:00.000,2011,12,7,8,VRB02KT,11,10
2011-12-07 09:00:00.000,2011,12,7,9,26003KT,11,10
2011-12-07 10:00:00.000,2011,12,7,10,34003KT,11,10
2011-12-07 10:30:00.000,2011,12,7,10,33003KT,11,10
2011-12-07 11:00:00.000,2011,12,7,11,VRB02KT,11,10
2011-12-07 12:00:00.000,2011,12,7,12,06004KT,12,11
2011-12-07 13:00:00.000,2011,12,7,13,VRB02KT,13,11
2011-12-07 14:00:00.000,2011,12,7,14,VRB02KT,15,10
2011-12-07 15:00:00.000,2011,12,7,15,VRB02KT,16,11
2011-12-07 16:00:00.000,2011,12,7,16,02005KT,16,11
2011-12-07 17:00:00.000,2011,12,7,17,VRB02KT,17,10
2011-12-07 18:00:00.000,2011,12,7,18,VRB02KT,18,10
2011-12-07 18:40:00.000,2011,12,7,18,13007KT,16,12
2011-12-07 19:00:00.000,2011,12,7,19,20007KT,15,13
2011-12-07 20:00:00.000,2011,12,7,20,33007KT,12,10
2011-12-07 21:00:00.000,2011,12,7,21,35004KT,12,11
2011-12-07 22:00:00.000,2011,12,7,22,9003KT,12,11
2011-12-07 23:00:00.000,2011,12,7,23,VRB02KT,12,12
2011-12-08 00:00:00.000,2011,12,8,0,VRB02KT,12,11
2011-12-08 01:00:00.000,2011,12,8,1,29005KT,12,11
2011-12-08 02:00:00.000,2011,12,8,2,29004KT,12,11
2011-12-08 03:00:00.000,2011,12,8,3,20004KT,12,11
2011-12-08 04:00:00.000,2011,12,8,4,29004KT,12,11
2011-12-08 05:00:00.000,2011,12,8,5,VRB02KT,12,11
2011-12-08 06:00:00.000,2011,12,8,6,30003KT,12,11
2011-12-08 07:00:00.000,2011,12,8,7,30003KT,12,11
2011-12-08 08:00:00.000,2011,12,8,8,34004KT,12,11
2011-12-08 09:00:00.000,2011,12,8,9,00000KT,12,11
2011-12-08 10:00:00.000,2011,12,8,10,00000KT,11,11
2011-12-08 10:30:00.000,2011,12,8,10,VRB02KT,11,11
2011-12-08 11:00:00.000,2011,12,8,11,04005KT,11,11
2011-12-08 12:00:00.000,2011,12,8,12,VRB02KT,11,10
2011-12-08 13:00:00.000,2011,12,8,13,03003KT,13,11
2011-12-08 14:00:00.000,2011,12,8,14,03003KT,14,11
2011-12-08 15:00:00.000,2011,12,8,15,03004KT,15,11
2011-12-08 16:00:00.000,2011,12,8,16,15004KT,15,11
2011-12-08 17:00:00.000,2011,12,8,17,01004KT,15,11
2011-12-08 18:00:00.000,2011,12,8,18,09005KT,16,11
2011-12-08 19:00:00.000,2011,12,8,19,05006KT,16,10
2011-12-08 20:00:00.000,2011,12,8,20,06006KT,16,11
2011-12-08 21:00:00.000,2011,12,8,21,02006KT,16,12
2011-12-08 22:00:00.000,2011,12,8,22,01005KT,16,11
2011-12-08 23:00:00.000,2011,12,8,23,33004KT,15,11
2011-12-09 00:00:00.000,2011,12,9,0,36005KT,14,12
2011-12-09 01:00:00.000,2011,12,9,1,32005KT,13,11
2011-12-09 01:20:00.000,2011,12,9,1,30006KT,12,11
2011-12-09 02:00:00.000,2011,12,9,2,26003KT,12,12
2011-12-09 03:00:00.000,2011,12,9,3,23003KT,12,11
2011-12-09 04:00:00.000,2011,12,9,4,VRB02KT,12,11
2011-12-09 05:00:00.000,2011,12,9,5,00000KT,12,11
2011-12-09 06:00:00.000,2011,12,9,6,04004KT,11,11
2011-12-09 07:00:00.000,2011,12,9,7,04005KT,11,10
2011-12-09 08:00:00.000,2011,12,9,8,06003KT,11,10
2011-12-09 09:00:00.000,2011,12,9,9,04005KT,10,09
2011-12-09 10:00:00.000,2011,12,9,10,VRB02KT,09,08
2011-12-09 10:30:00.000,2011,12,9,10,11003KT,09,08
2011-12-09 11:00:00.000,2011,12,9,11,06006KT,09,08
2011-12-09 12:00:00.000,2011,12,9,12,05006KT,12,10
2011-12-09 12:30:00.000,2011,12,9,12,00000KT,,
2011-12-09 13:00:00.000,2011,12,9,13,04008KT,13,10
2011-12-09 14:00:00.000,2011,12,9,14,03008KT,15,10
2011-12-09 15:00:00.000,2011,12,9,15,03006KT,17,10
2011-12-09 16:00:00.000,2011,12,9,16,06006KT,19,10
2011-12-09 17:00:00.000,2011,12,9,17,15008KT,20,09
2011-12-09 18:00:00.000,2011,12,9,18,11011KT,20,07
2011-12-09 19:00:00.000,2011,12,9,19,24010KT,18,12
2011-12-09 20:00:00.000,2011,12,9,20,29010KT,17,12
2011-12-09 21:00:00.000,2011,12,9,21,29010KT,16,12
2011-12-09 22:00:00.000,2011,12,9,22,30007KT,15,12
2011-12-09 23:00:00.000,2011,12,9,23,31006KT,14,13
2011-12-10 00:00:00.000,2011,12,10,0,33004KT,13,12
2011-12-10 01:00:00.000,2011,12,10,1,33003KT,13,12
2011-12-10 02:00:00.000,2011,12,10,2,01003KT,12,11
2011-12-10 03:00:00.000,2011,12,10,3,03004KT,12,11
2011-12-10 04:00:00.000,2011,12,10,4,06005KT,12,10
2011-12-10 05:00:00.000,2011,12,10,5,VRB02KT,10,09
2011-12-10 06:00:00.000,2011,12,10,6,VRB02KT,10,09
2011-12-10 07:00:00.000,2011,12,10,7,02003KT,11,09
2011-12-10 08:00:00.000,2011,12,10,8,02004KT,11,09
2011-12-10 09:00:00.000,2011,12,10,9,VRB02KT,10,09
2011-12-10 10:00:00.000,2011,12,10,10,00000KT,09,09
2011-12-10 10:30:00.000,2011,12,10,10,07003KT,09,08
2011-12-10 11:00:00.000,2011,12,10,11,VRB02KT,09,08
2011-12-10 12:00:00.000,2011,12,10,12,VRB02KT,11,10
2011-12-10 13:00:00.000,2011,12,10,13,VRB02KT,14,10
2011-12-10 14:00:00.000,2011,12,10,14,06006KT,16,10
2011-12-10 15:00:00.000,2011,12,10,15,05006KT,18,09
2011-12-10 16:00:00.000,2011,12,10,16,02006KT,20,09
2011-12-10 17:00:00.000,2011,12,10,17,03006KT,20,09
2011-12-10 18:00:00.000,2011,12,10,18,24008KT,20,12
2011-12-10 18:40:00.000,2011,12,10,18,28012KT,18,13
2011-12-10 19:00:00.000,2011,12,10,19,28010KT,18,13
2011-12-10 19:30:00.000,2011,12,10,19,30012KT,17,13
2011-12-10 20:00:00.000,2011,12,10,20,28010KT,17,14
2011-12-10 21:00:00.000,2011,12,10,21,27010KT,16,13
2011-12-10 22:00:00.000,2011,12,10,22,25008KT,15,13
2011-12-10 23:00:00.000,2011,12,10,23,26008KT,14,12
2011-12-11 00:00:00.000,2011,12,11,0,00000KT,14,12
2011-12-11 01:00:00.000,2011,12,11,1,00000KT,13,12
2011-12-11 02:00:00.000,2011,12,11,2,00000KT,13,11
2011-12-11 03:00:00.000,2011,12,11,3,28003KT,13,12
2011-12-11 04:00:00.000,2011,12,11,4,25003KT,13,11
2011-12-11 05:00:00.000,2011,12,11,5,31003KT,11,10
2011-12-11 06:00:00.000,2011,12,11,6,30003KT,11,11
2011-12-11 07:00:00.000,2011,12,11,7,27003KT,12,11
2011-12-11 08:00:00.000,2011,12,11,8,29003KT,11,10
2011-12-11 08:20:00.000,2011,12,11,8,00000KT,11,10
2011-12-11 09:00:00.000,2011,12,11,9,00000KT,11,10
2011-12-11 10:00:00.000,2011,12,11,10,27003KT,10,10
2011-12-11 10:30:00.000,2011,12,11,10,00000KT,10,10
2011-12-11 11:00:00.000,2011,12,11,11,31004KT,10,10
2011-12-11 11:30:00.000,2011,12,11,11,02004KT,10,10
2011-12-11 12:00:00.000,2011,12,11,12,00000KT,10,10
2011-12-11 12:30:00.000,2011,12,11,12,08003KT,10,10
2011-12-11 13:00:00.000,2011,12,11,13,04004KT,11,10
2011-12-11 14:00:00.000,2011,12,11,14,35006KT,13,11
2011-12-11 15:00:00.000,2011,12,11,15,05003KT,16,12
2011-12-11 16:00:00.000,2011,12,11,16,35004KT,17,11
2011-12-11 17:00:00.000,2011,12,11,17,02007KT,18,10
2011-12-11 18:00:00.000,2011,12,11,18,23005KT,19,09
2011-12-11 19:00:00.000,2011,12,11,19,23010KT,19,11
2011-12-11 20:00:00.000,2011,12,11,20,29013KT,17,11
2011-12-11 20:15:00.000,2011,12,11,20,27006KT,17,11
2011-12-11 20:20:00.000,2011,12,11,20,29009KT,17,11
2011-12-11 21:00:00.000,2011,12,11,21,27007KT,16,11
2011-12-11 22:00:00.000,2011,12,11,22,22004KT,16,11
2011-12-11 23:00:00.000,2011,12,11,23,25004KT,15,11
2011-12-12 00:00:00.000,2011,12,12,0,VRB02KT,14,13
2011-12-12 01:00:00.000,2011,12,12,1,24003KT,14,12
2011-12-12 02:00:00.000,2011,12,12,2,31003KT,13,12
2011-12-12 03:00:00.000,2011,12,12,3,VRB02KT,13,11
2011-12-12 04:00:00.000,2011,12,12,4,00000KT,12,12
2011-12-12 05:00:00.000,2011,12,12,5,VRB02KT,12,12
2011-12-12 06:00:00.000,2011,12,12,6,VRB02KT,12,11
2011-12-12 07:00:00.000,2011,12,12,7,VRB02KT,11,10
2011-12-12 08:00:00.000,2011,12,12,8,VRB02KT,11,10
2011-12-12 09:00:00.000,2011,12,12,9,VRB02KT,11,10
2011-12-12 10:00:00.000,2011,12,12,10,VRB02KT,10,10
2011-12-12 10:30:00.000,2011,12,12,10,31004KT,09,08
2011-12-12 10:40:00.000,2011,12,12,10,33004KT,08,08
2011-12-12 11:00:00.000,2011,12,12,11,00000KT,09,08
2011-12-12 11:30:00.000,2011,12,12,11,VRB02KT,10,09
2011-12-12 12:00:00.000,2011,12,12,12,04003KT,11,10
2011-12-12 13:00:00.000,2011,12,12,13,31004KT,12,10
2011-12-12 14:00:00.000,2011,12,12,14,34003KT,16,10
2011-12-12 15:00:00.000,2011,12,12,15,VRB02KT,17,10
2011-12-12 16:00:00.000,2011,12,12,16,36006KT,18,10
2011-12-12 16:00:00.000,2011,12,12,16,00000KT,25,25
2011-12-12 16:16:00.000,2011,12,12,16,04006KT,17,10
2011-12-12 17:00:00.000,2011,12,12,17,05004KT,17,10
2011-12-12 18:00:00.000,2011,12,12,18,22012KT,18,11
2011-12-12 19:00:00.000,2011,12,12,19,23010KT,18,12
2011-12-12 20:00:00.000,2011,12,12,20,30010KT,16,12
2011-12-12 20:15:00.000,2011,12,12,20,31010KT,15,12
2011-12-12 21:00:00.000,2011,12,12,21,31008KT,14,12
2011-12-12 22:00:00.000,2011,12,12,22,26008KT,14,12
2011-12-12 23:00:00.000,2011,12,12,23,29004KT,14,12
2011-12-13 00:00:00.000,2011,12,13,0,29006KT,14,12
2011-12-13 01:00:00.000,2011,12,13,1,32003KT,14,12
2011-12-13 02:00:00.000,2011,12,13,2,00000KT,14,13
2011-12-13 03:00:00.000,2011,12,13,3,VRB02KT,13,13
2011-12-13 04:00:00.000,2011,12,13,4,VRB02KT,13,13
2011-12-13 04:17:00.000,2011,12,13,4,VRB02KT,13,13
2011-12-13 05:00:00.000,2011,12,13,5,31003KT,13,12
2011-12-13 06:00:00.000,2011,12,13,6,VRB02KT,12,11
2011-12-13 07:00:00.000,2011,12,13,7,05004KT,11,10
2011-12-13 08:00:00.000,2011,12,13,8,36003KT,11,11
2011-12-13 09:00:00.000,2011,12,13,9,04004KT,11,10
2011-12-13 10:00:00.000,2011,12,13,10,VRB02KT,11,10
2011-12-13 10:30:00.000,2011,12,13,10,16004KT,10,10
2011-12-13 11:00:00.000,2011,12,13,11,VRB02KT,10,10
2011-12-13 12:00:00.000,2011,12,13,12,VRB02KT,10,09
2011-12-13 13:00:00.000,2011,12,13,13,VRB02KT,10,10
2011-12-13 14:00:00.000,2011,12,13,14,34004KT,16,11
2011-12-13 15:00:00.000,2011,12,13,15,VRB02KT,17,09
2011-12-13 16:00:00.000,2011,12,13,16,VRB02KT,17,10
2011-12-13 17:00:00.000,2011,12,13,17,25008KT,17,12
2011-12-13 18:00:00.000,2011,12,13,18,27010KT,15,12
2011-12-13 19:00:00.000,2011,12,13,19,30008KT,16,13
2011-12-13 20:00:00.000,2011,12,13,20,32006KT,16,13
2011-12-13 21:00:00.000,2011,12,13,21,32009KT,15,12
2011-12-13 22:00:00.000,2011,12,13,22,31004KT,15,12
2011-12-13 23:00:00.000,2011,12,13,23,27004KT,14,12
2011-12-14 00:00:00.000,2011,12,14,0,27003KT,14,12
2011-12-14 01:00:00.000,2011,12,14,1,24003KT,14,12
2011-12-14 02:00:00.000,2011,12,14,2,24003KT,14,12
2011-12-14 03:00:00.000,2011,12,14,3,26004KT,13,12
2011-12-14 04:00:00.000,2011,12,14,4,00000KT,13,12
2011-12-14 05:00:00.000,2011,12,14,5,00000KT,12,12
2011-12-14 06:00:00.000,2011,12,14,6,VRB02KT,12,12
2011-12-14 07:00:00.000,2011,12,14,7,VRB02KT,12,11
2011-12-14 08:00:00.000,2011,12,14,8,31004KT,12,11
2011-12-14 09:00:00.000,2011,12,14,9,34004KT,12,11
2011-12-14 10:00:00.000,2011,12,14,10,VRB02KT,11,11
2011-12-14 10:30:00.000,2011,12,14,10,27004KT,11,11
2011-12-14 11:00:00.000,2011,12,14,11,00000KT,12,11
2011-12-14 12:00:00.000,2011,12,14,12,06003KT,12,11
2011-12-14 13:00:00.000,2011,12,14,13,VRB02KT,14,11
2011-12-14 14:00:00.000,2011,12,14,14,VRB02KT,15,11
2011-12-14 15:00:00.000,2011,12,14,15,03006KT,17,10
2011-12-14 16:00:00.000,2011,12,14,16,02004KT,18,09
2011-12-14 17:00:00.000,2011,12,14,17,VRB02KT,18,09
2011-12-14 18:00:00.000,2011,12,14,18,19008KT,19,14
2011-12-14 19:00:00.000,2011,12,14,19,27012KT,18,13
2011-12-14 20:00:00.000,2011,12,14,20,28010KT,16,14
2011-12-14 21:00:00.000,2011,12,14,21,32010KT,22,19
2011-12-14 22:00:00.000,2011,12,14,22,27010KT,16,12
2011-12-14 23:00:00.000,2011,12,14,23,25006KT,14,12
2011-12-15 00:00:00.000,2011,12,15,0,31005KT,14,12
2011-12-15 01:00:00.000,2011,12,15,1,31004KT,14,12
2011-12-15 01:15:00.000,2011,12,15,1,VRB02KT,14,12
2011-12-15 01:45:00.000,2011,12,15,1,00000KT,13,12
2011-12-15 02:00:00.000,2011,12,15,2,13004KT,13,12
2011-12-15 03:00:00.000,2011,12,15,3,22003KT,12,10
2011-12-15 03:40:00.000,2011,12,15,3,24004KT,12,10
2011-12-15 04:00:00.000,2011,12,15,4,27004KT,12,10
2011-12-15 05:00:00.000,2011,12,15,5,VRB02KT,12,11
2011-12-15 06:00:00.000,2011,12,15,6,28004KT,13,11
2011-12-15 07:00:00.000,2011,12,15,7,2603KT,12,11
2011-12-15 08:00:00.000,2011,12,15,8,00000KT,12,11
2011-12-15 09:00:00.000,2011,12,15,9,VRB02KT,12,11
2011-12-15 10:00:00.000,2011,12,15,10,02005KT,12,10
2011-12-15 10:30:00.000,2011,12,15,10,35004KT,12,11
2011-12-15 11:00:00.000,2011,12,15,11,00000KT,12,11
2011-12-15 12:00:00.000,2011,12,15,12,04008KT,13,10
2011-12-15 12:30:00.000,2011,12,15,12,01004KT,,
2011-12-15 13:00:00.000,2011,12,15,13,06006KT,14,10
2011-12-15 13:33:00.000,2011,12,15,13,01004KT,,
2011-12-15 14:00:00.000,2011,12,15,14,03005KT,15,11
2011-12-15 15:00:00.000,2011,12,15,15,04008KT,16,11
2011-12-15 16:00:00.000,2011,12,15,16,VRB02KT,18,12
2011-12-15 17:00:00.000,2011,12,15,17,06006KT,19,11
2011-12-15 18:00:00.000,2011,12,15,18,22009KT,17,13
2011-12-15 19:00:00.000,2011,12,15,19,26008KT,18,13
2011-12-15 20:00:00.000,2011,12,15,20,27010KT,18,14
2011-12-15 21:00:00.000,2011,12,15,21,27012KT,18,11
2011-12-15 21:21:00.000,2011,12,15,21,28011KT,17,13
2011-12-15 21:45:00.000,2011,12,15,21,27007KT,16,13
2011-12-15 22:00:00.000,2011,12,15,22,28010KT,16,12
2011-12-15 23:00:00.000,2011,12,15,23,27006KT,15,14
2011-12-16 00:00:00.000,2011,12,16,0,26004KT,14,13
2011-12-16 01:00:00.000,2011,12,16,1,VRB02KT,14,12
2011-12-16 01:13:00.000,2011,12,16,1,VRB02KT,14,12
2011-12-16 02:00:00.000,2011,12,16,2,26004KT,14,12
2011-12-16 03:00:00.000,2011,12,16,3,32008KT,13,12
2011-12-16 03:22:00.000,2011,12,16,3,33008KT,12,11
2011-12-16 04:00:00.000,2011,12,16,4,29006KT,12,11
2011-12-16 05:00:00.000,2011,12,16,5,VRB02KT,12,11
2011-12-16 06:00:00.000,2011,12,16,6,VRB02KT,12,11
2011-12-16 07:00:00.000,2011,12,16,7,VRB02KT,12,11
2011-12-16 08:00:00.000,2011,12,16,8,VRB02KT,12,11
2011-12-16 09:00:00.000,2011,12,16,9,VRB02KT,12,11
2011-12-16 10:00:00.000,2011,12,16,10,VRB02KT,12,11
2011-12-16 10:30:00.000,2011,12,16,10,VRB02KT,12,11
2011-12-16 11:00:00.000,2011,12,16,11,VRB02KT,12,11
2011-12-16 12:00:00.000,2011,12,16,12,02003KT,13,11
2011-12-16 13:00:00.000,2011,12,16,13,07004KT,15,10
2011-12-16 14:00:00.000,2011,12,16,14,VRB02KT,17,10
2011-12-16 15:00:00.000,2011,12,16,15,03004KT,18,10
2011-12-16 16:00:00.000,2011,12,16,16,22003KT,19,10
2011-12-16 17:00:00.000,2011,12,16,17,28004KT,19,10
2011-12-16 18:00:00.000,2011,12,16,18,26008KT,16,12
2011-12-16 19:00:00.000,2011,12,16,19,25014KT,17,13
2011-12-16 20:00:00.000,2011,12,16,20,25012KT,18,12
2011-12-16 23:00:00.000,2011,12,16,23,29006KT,15,12
2011-12-17 02:00:00.000,2011,12,17,2,33005KT,13,12
2011-12-17 04:00:00.000,2011,12,17,4,32003KT,13,12
2011-12-17 06:00:00.000,2011,12,17,6,31003KT,13,12
2011-12-17 07:00:00.000,2011,12,17,7,32003KT,13,12
2011-12-17 07:10:00.000,2011,12,17,7,32003KT,13,12
2011-12-17 08:00:00.000,2011,12,17,8,VRB02KT,13,12
2011-12-17 10:00:00.000,2011,12,17,10,32004KT,13,12
2011-12-17 10:30:00.000,2011,12,17,10,33004KT,13,12
2011-12-17 11:00:00.000,2011,12,17,11,30004KT,13,12
2011-12-17 12:00:00.000,2011,12,17,12,34004KT,12,11
2011-12-17 13:00:00.000,2011,12,17,13,33004KT,14,12
2011-12-17 14:00:00.000,2011,12,17,14,28003KT,15,12
2011-12-17 15:00:00.000,2011,12,17,15,27003KT,16,12
2011-12-17 16:00:00.000,2011,12,17,16,31004KT,17,11
2011-12-17 17:00:00.000,2011,12,17,17,31005KT,18,11
2011-12-17 18:00:00.000,2011,12,17,18,25010KT,19,11
2011-12-17 18:25:00.000,2011,12,17,18,31016KT,16,13
2011-12-17 18:35:00.000,2011,12,17,18,26012KT,16,13
2011-12-17 19:00:00.000,2011,12,17,19,27014KT,15,13
2011-12-17 19:25:00.000,2011,12,17,19,28009KT,15,13
2011-12-17 20:00:00.000,2011,12,17,20,27008KT,15,13
2011-12-17 21:00:00.000,2011,12,17,21,25006KT,16,13
2011-12-17 22:00:00.000,2011,12,17,22,29004KT,16,12
2011-12-17 23:00:00.000,2011,12,17,23,27004KT,15,12
2011-12-18 00:00:00.000,2011,12,18,0,29006KT,13,11
2011-12-18 01:00:00.000,2011,12,18,1,28005KT,13,11
2011-12-18 02:00:00.000,2011,12,18,2,33003KT,13,11
2011-12-18 03:00:00.000,2011,12,18,3,00000KT,12,11
2011-12-18 04:00:00.000,2011,12,18,4,VRB02KT,13,11
2011-12-18 05:00:00.000,2011,12,18,5,34003KT,12,11
2011-12-18 06:00:00.000,2011,12,18,6,VRB02KT,11,11
2011-12-18 07:00:00.000,2011,12,18,7,VRB02KT,11,11
2011-12-18 08:00:00.000,2011,12,18,8,30004KT,11,11
2011-12-18 09:00:00.000,2011,12,18,9,00000KT,12,11
2011-12-18 10:00:00.000,2011,12,18,10,03004KT,12,11
2011-12-18 10:30:00.000,2011,12,18,10,00000KT,11,10
2011-12-18 11:00:00.000,2011,12,18,11,VRB02KT,10,09
2011-12-18 12:00:00.000,2011,12,18,12,00000KT,11,10
2011-12-18 13:00:00.000,2011,12,18,13,06003KT,14,12
2011-12-18 14:00:00.000,2011,12,18,14,23003KT,17,11
2011-12-18 16:00:00.000,2011,12,18,16,04008KT,19,11
2011-12-18 17:00:00.000,2011,12,18,17,36003KT,19,09
2011-12-18 19:00:00.000,2011,12,18,19,28010KT,17,13
2011-12-18 20:00:00.000,2011,12,18,20,32010KT,18,13
2011-12-18 21:00:00.000,2011,12,18,21,31012KT,16,13
2011-12-18 22:00:00.000,2011,12,18,22,29010KT,16,12
2011-12-18 23:00:00.000,2011,12,18,23,26008KT,15,12
2011-12-19 00:00:00.000,2011,12,19,0,35006KT,14,12
2011-12-19 01:00:00.000,2011,12,19,1,32005KT,13,11
2011-12-19 02:00:00.000,2011,12,19,2,33004KT,13,11
2011-12-19 03:00:00.000,2011,12,19,3,VRB02KT,13,12
2011-12-19 04:00:00.000,2011,12,19,4,VRB02KT,13,12
2011-12-19 05:00:00.000,2011,12,19,5,VRB02KT,13,12
2011-12-19 06:00:00.000,2011,12,19,6,31004KT,13,12
2011-12-19 07:00:00.000,2011,12,19,7,04003KT,13,12
2011-12-19 08:00:00.000,2011,12,19,8,04004KT,13,11
2011-12-19 09:00:00.000,2011,12,19,9,04005KT,13,11
2011-12-19 10:00:00.000,2011,12,19,10,04006KT,13,11
2011-12-19 11:00:00.000,2011,12,19,11,36004KT,12,10
2011-12-19 12:00:00.000,2011,12,19,12,04006KT,12,10
2011-12-19 13:00:00.000,2011,12,19,13,04007KT,14,10
2011-12-19 14:00:00.000,2011,12,19,14,03007KT,16,10
2011-12-19 15:00:00.000,2011,12,19,15,02003KT,18,09
2011-12-19 16:00:00.000,2011,12,19,16,06007KT,19,10
2011-12-19 17:00:00.000,2011,12,19,17,02005KT,19,10
2011-12-19 18:00:00.000,2011,12,19,18,04003KT,18,09
2011-12-19 19:00:00.000,2011,12,19,19,13007KT,17,13
2011-12-19 20:00:00.000,2011,12,19,20,10007KT,18,09
2011-12-19 21:00:00.000,2011,12,19,21,22008KT,17,12
2011-12-19 22:00:00.000,2011,12,19,22,25007KT,15,12
2011-12-19 23:00:00.000,2011,12,19,23,28007KT,14,12
2011-12-20 00:00:00.000,2011,12,20,0,32003KT,14,12
2011-12-20 01:00:00.000,2011,12,20,1,VRB02KT,13,12
2011-12-20 02:00:00.000,2011,12,20,2,VRB02KT,13,12
2011-12-20 03:00:00.000,2011,12,20,3,04004KT,13,11
2011-12-20 04:00:00.000,2011,12,20,4,04005KT,13,11
2011-12-20 05:00:00.000,2011,12,20,5,04003KT,13,11
2011-12-20 06:00:00.000,2011,12,20,6,03006KT,13,11
2011-12-20 07:00:00.000,2011,12,20,7,08004KT,13,11
2011-12-20 08:00:00.000,2011,12,20,8,04005KT,13,10
2011-12-20 09:00:00.000,2011,12,20,9,05005KT,12,09
2011-12-20 10:00:00.000,2011,12,20,10,09004KT,11,08
2011-12-20 11:00:00.000,2011,12,20,11,04006KT,11,09
2011-12-20 12:00:00.000,2011,12,20,12,04010KT,12,08
2011-12-20 13:00:00.000,2011,12,20,13,07009KT,14,09
2011-12-20 14:00:00.000,2011,12,20,14,04010KT,16,09
2011-12-20 15:00:00.000,2011,12,20,15,13012KT,18,09
2011-12-20 16:00:00.000,2011,12,20,16,12010KT,18,09
2011-12-20 17:00:00.000,2011,12,20,17,15014KT,18,08
2011-12-20 18:00:00.000,2011,12,20,18,07010KT,18,08
2011-12-20 19:00:00.000,2011,12,20,19,12012KT,18,09
2011-12-20 20:00:00.000,2011,12,20,20,14009KT,18,10
2011-12-20 21:00:00.000,2011,12,20,21,08009KT,18,09
2011-12-20 22:00:00.000,2011,12,20,22,10010KT,17,11
2011-12-20 23:00:00.000,2011,12,20,23,11010KT,16,11
2011-12-21 00:00:00.000,2011,12,21,0,05007KT,14,10
2011-12-21 01:00:00.000,2011,12,21,1,05006KT,14,10
2011-12-21 02:00:00.000,2011,12,21,2,07006KT,14,10
2011-12-21 03:00:00.000,2011,12,21,3,10006KT,14,09
2011-12-21 04:00:00.000,2011,12,21,4,10006KT,14,09
2011-12-21 05:00:00.000,2011,12,21,5,10006KT,14,09
2011-12-21 06:00:00.000,2011,12,21,6,03006KT,13,09
2011-12-21 07:00:00.000,2011,12,21,7,07006KT,13,09
2011-12-21 08:00:00.000,2011,12,21,8,04006KT,13,10
2011-12-21 10:00:00.000,2011,12,21,10,06006KT,12,11
2011-12-21 11:00:00.000,2011,12,21,11,05006KT,12,10
2011-12-21 12:00:00.000,2011,12,21,12,05008KT,12,10
2011-12-21 13:00:00.000,2011,12,21,13,06008KT,13,10
2011-12-21 14:00:00.000,2011,12,21,14,06013KT,15,07
2011-12-21 15:00:00.000,2011,12,21,15,07012KT,16,07
2011-12-21 16:00:00.000,2011,12,21,16,07012KT,17,07
2011-12-21 17:00:00.000,2011,12,21,17,09010KT,17,07
2011-12-21 18:00:00.000,2011,12,21,18,12014KT,17,08
2011-12-21 19:00:00.000,2011,12,21,19,09014KT,17,08
2011-12-21 20:00:00.000,2011,12,21,20,10006KT,17,10
2011-12-21 21:00:00.000,2011,12,21,21,04008KT,15,10
2011-12-21 22:00:00.000,2011,12,21,22,07008KT,15,09
2011-12-21 23:00:00.000,2011,12,21,23,06008KT,15,09
2011-12-22 00:00:00.000,2011,12,22,0,07005KT,14,09
2011-12-22 01:00:00.000,2011,12,22,1,06004KT,14,09
2011-12-22 02:00:00.000,2011,12,22,2,06005KT,13,09
2011-12-22 03:00:00.000,2011,12,22,3,03006KT,12,09
2011-12-22 04:00:00.000,2011,12,22,4,03004KT,11,09
2011-12-22 05:00:00.000,2011,12,22,5,03005KT,11,09
2011-12-22 06:00:00.000,2011,12,22,6,03003KT,11,08
2011-12-22 07:00:00.000,2011,12,22,7,00000KT,10,09
2011-12-22 08:00:00.000,2011,12,22,8,VRB02KT,10,08
2011-12-22 09:00:00.000,2011,12,22,9,VRB02KT,10,08
2011-12-22 10:00:00.000,2011,12,22,10,VRB02KT,11,09
2011-12-22 11:00:00.000,2011,12,22,11,00000KT,11,09
2011-12-22 12:00:00.000,2011,12,22,12,06008KT,12,09
2011-12-22 13:00:00.000,2011,12,22,13,06007KT,13,09
2011-12-22 14:00:00.000,2011,12,22,14,07008KT,14,09
2011-12-22 15:00:00.000,2011,12,22,15,11010KT,17,08
2011-12-22 16:00:00.000,2011,12,22,16,12017KT,19,07
2011-12-22 17:00:00.000,2011,12,22,17,10015KT,19,08
2011-12-22 18:00:00.000,2011,12,22,18,09012KT,19,07
2011-12-22 19:00:00.000,2011,12,22,19,12018KT,20,07
2011-12-22 20:00:00.000,2011,12,22,20,12020KT,20,06
2011-12-22 21:00:00.000,2011,12,22,21,12016KT,19,05
2011-12-22 22:00:00.000,2011,12,22,22,12013KT,18,06
2011-12-22 23:00:00.000,2011,12,22,23,12006KT,15,06
2011-12-23 00:00:00.000,2011,12,23,0,13010KT,14,07
2011-12-23 01:00:00.000,2011,12,23,1,05006KT,14,08
2011-12-23 02:00:00.000,2011,12,23,2,08006KT,14,08
2011-12-23 03:00:00.000,2011,12,23,3,06006KT,14,09
2011-12-23 04:00:00.000,2011,12,23,4,05005KT,13,09
2011-12-23 05:00:00.000,2011,12,23,5,05006KT,13,09
2011-12-23 06:00:00.000,2011,12,23,6,03005KT,13,10
2011-12-23 07:00:00.000,2011,12,23,7,02003KT,13,10
2011-12-23 08:00:00.000,2011,12,23,8,VRB02KT,13,10
2011-12-23 09:00:00.000,2011,12,23,9,33004KT,12,10
2011-12-23 10:00:00.000,2011,12,23,10,08003KT,12,10
2011-12-23 11:00:00.000,2011,12,23,11,05003KT,12,10
2011-12-23 12:00:00.000,2011,12,23,12,VRB02KT,13,10
2011-12-23 13:00:00.000,2011,12,23,13,06005KT,15,10
2011-12-23 14:00:00.000,2011,12,23,14,04008KT,16,10
2011-12-23 15:00:00.000,2011,12,23,15,05008KT,17,10
2011-12-23 16:00:00.000,2011,12,23,16,06012KT,18,09
2011-12-23 17:00:00.000,2011,12,23,17,05008KT,19,09
2011-12-23 18:00:00.000,2011,12,23,18,07008KT,18,10
2011-12-23 19:00:00.000,2011,12,23,19,11008KT,19,09
2011-12-23 20:00:00.000,2011,12,23,20,05007KT,18,11
2011-12-23 21:00:00.000,2011,12,23,21,14006KT,18,10
2011-12-23 22:00:00.000,2011,12,23,22,12010KT,18,09
2011-12-23 23:00:00.000,2011,12,23,23,03004KT,17,09
2011-12-24 00:00:00.000,2011,12,24,0,06006KT,15,09
2011-12-24 01:00:00.000,2011,12,24,1,06005KT,15,09
2011-12-24 02:00:00.000,2011,12,24,2,04005KT,14,09
2011-12-24 03:00:00.000,2011,12,24,3,04006KT,14,10
2011-12-24 04:00:00.000,2011,12,24,4,06004KT,13,10
2011-12-24 05:00:00.000,2011,12,24,5,04006KT,12,10
2011-12-24 06:00:00.000,2011,12,24,6,05006KT,12,10
2011-12-24 07:00:00.000,2011,12,24,7,06004KT,12,10
2011-12-24 08:00:00.000,2011,12,24,8,06005KT,12,10
2011-12-24 09:00:00.000,2011,12,24,9,05008KT,12,10
2011-12-24 10:00:00.000,2011,12,24,10,06005KT,12,10
2011-12-24 11:00:00.000,2011,12,24,11,07005KT,12,10
2011-12-24 13:00:00.000,2011,12,24,13,06006KT,13,11
2011-12-24 14:00:00.000,2011,12,24,14,04012KT,16,11
2011-12-24 15:00:00.000,2011,12,24,15,06012KT,16,11
2011-12-24 16:00:00.000,2011,12,24,16,07009KT,17,11
2011-12-24 17:00:00.000,2011,12,24,17,05010KT,17,11
2011-12-24 18:00:00.000,2011,12,24,18,20005KT,18,11
2011-12-24 19:00:00.000,2011,12,24,19,03004KT,18,10
2011-12-24 20:00:00.000,2011,12,24,20,VRB02KT,19,10
2011-12-24 21:00:00.000,2011,12,24,21,07005KT,20,11
2011-12-24 22:00:00.000,2011,12,24,22,08014KT,18,10
2011-12-24 23:00:00.000,2011,12,24,23,12012KT,16,10
2011-12-25 00:00:00.000,2011,12,25,0,08006KT,15,09
2011-12-25 01:00:00.000,2011,12,25,1,07004KT,14,08
2011-12-25 02:00:00.000,2011,12,25,2,08003KT,14,06
2011-12-25 03:00:00.000,2011,12,25,3,04007KT,11,07
2011-12-25 04:00:00.000,2011,12,25,4,VRB02KT,10,07
2011-12-25 05:00:00.000,2011,12,25,5,04004KT,10,08
2011-12-25 06:00:00.000,2011,12,25,6,VRB02KT,10,08
2011-12-25 07:00:00.000,2011,12,25,7,34003KT,08,08
2011-12-25 08:00:00.000,2011,12,25,8,09003KT,09,08
2011-12-25 09:00:00.000,2011,12,25,9,00000KT,10,08
2011-12-25 10:00:00.000,2011,12,25,10,VRB02KT,08,07
2011-12-25 11:00:00.000,2011,12,25,11,00000KT,07,07
2011-12-25 12:00:00.000,2011,12,25,12,00000KT,10,08
2011-12-25 13:00:00.000,2011,12,25,13,02003KT,12,08
2011-12-25 14:00:00.000,2011,12,25,14,06006KT,14,09
2011-12-25 15:00:00.000,2011,12,25,15,05008KT,16,09
2011-12-25 16:00:00.000,2011,12,25,16,07008KT,16,10
2011-12-25 17:00:00.000,2011,12,25,17,08006KT,16,09
2011-12-25 18:00:00.000,2011,12,25,18,18004KT,18,09
2011-12-25 19:00:00.000,2011,12,25,19,17010KT,19,09
2011-12-25 20:00:00.000,2011,12,25,20,15008KT,19,09
2011-12-25 21:00:00.000,2011,12,25,21,10008KT,19,09
2011-12-25 22:00:00.000,2011,12,25,22,09008KT,18,09
2011-12-25 23:00:00.000,2011,12,25,23,09003KT,16,09
2011-12-26 00:00:00.000,2011,12,26,0,10003KT,15,09
2011-12-26 01:00:00.000,2011,12,26,1,13003KT,14,10
2011-12-26 02:00:00.000,2011,12,26,2,36004KT,12,09
2011-12-26 03:00:00.000,2011,12,26,3,04008KT,12,10
2011-12-26 04:00:00.000,2011,12,26,4,07004KT,11,09
2011-12-26 05:00:00.000,2011,12,26,5,06004KT,11,09
2011-12-26 07:00:00.000,2011,12,26,7,04006KT,11,09
2011-12-26 08:00:00.000,2011,12,26,8,09004KT,11,09
2011-12-26 09:00:00.000,2011,12,26,9,04004KT,10,09
2011-12-26 10:00:00.000,2011,12,26,10,04005KT,10,08
2011-12-26 11:00:00.000,2011,12,26,11,05010KT,10,08
2011-12-26 12:00:00.000,2011,12,26,12,04008KT,12,09
2011-12-26 13:00:00.000,2011,12,26,13,08008KT,14,08
2011-12-26 14:00:00.000,2011,12,26,14,02006KT,15,09
2011-12-26 15:00:00.000,2011,12,26,15,16006KT,17,10
2011-12-26 16:00:00.000,2011,12,26,16,12008KT,18,10
2011-12-26 17:00:00.000,2011,12,26,17,12008KT,19,10
2011-12-26 18:00:00.000,2011,12,26,18,14012KT,20,10
2011-12-26 19:00:00.000,2011,12,26,19,16012KT,21,10
2011-12-26 20:00:00.000,2011,12,26,20,13012KT,19,09
2011-12-26 21:00:00.000,2011,12,26,21,13012KT,19,09
2011-12-26 22:00:00.000,2011,12,26,22,14010KT,18,10
2011-12-26 23:00:00.000,2011,12,26,23,12010KT,17,10
2011-12-27 00:00:00.000,2011,12,27,0,14003KT,15,09
2011-12-27 01:00:00.000,2011,12,27,1,31003KT,13,09
2011-12-27 02:00:00.000,2011,12,27,2,35003KT,13,09
2011-12-27 03:00:00.000,2011,12,27,3,03006KT,12,09
2011-12-27 04:00:00.000,2011,12,27,4,00000KT,12,09
2011-12-27 05:00:00.000,2011,12,27,5,04003KT,11,09
2011-12-27 06:00:00.000,2011,12,27,6,05006KT,11,09
2011-12-27 07:00:00.000,2011,12,27,7,01005KT,10,09
2011-12-27 08:00:00.000,2011,12,27,8,06004KT,10,09
2011-12-27 09:00:00.000,2011,12,27,9,04006KT,10,09
2011-12-27 10:00:00.000,2011,12,27,10,05005KT,10,09
2011-12-27 10:30:00.000,2011,12,27,10,05005KT,09,08
2011-12-27 11:00:00.000,2011,12,27,11,04003KT,09,08
2011-12-27 12:00:00.000,2011,12,27,12,04005KT,10,08
2011-12-27 13:00:00.000,2011,12,27,13,07006KT,12,10
2011-12-27 14:00:00.000,2011,12,27,14,08009KT,14,10
2011-12-27 15:00:00.000,2011,12,27,15,07009KT,16,10
2011-12-27 16:00:00.000,2011,12,27,16,10008KT,18,10
2011-12-27 17:00:00.000,2011,12,27,17,15012KT,19,09
2011-12-27 18:00:00.000,2011,12,27,18,16014KT,20,08
2011-12-27 18:45:00.000,2011,12,27,18,14015KT,21,08
2011-12-27 19:00:00.000,2011,12,27,19,13014KT,21,08
2011-12-27 20:00:00.000,2011,12,27,20,21012KT,21,12
2011-12-27 21:00:00.000,2011,12,27,21,22012KT,18,12
2011-12-27 22:00:00.000,2011,12,27,22,25008KT,16,10
2011-12-27 23:00:00.000,2011,12,27,23,14008KT,15,08
2011-12-28 00:00:00.000,2011,12,28,0,16006KT,16,08
2011-12-28 01:00:00.000,2011,12,28,1,33003KT,15,10
2011-12-28 02:00:00.000,2011,12,28,2,35003KT,14,11
2011-12-28 03:00:00.000,2011,12,28,3,00000KT,14,10
2011-12-28 04:00:00.000,2011,12,28,4,02006KT,14,10
2011-12-28 05:00:00.000,2011,12,28,5,04003KT,13,11
2011-12-28 06:00:00.000,2011,12,28,6,06006KT,13,10
2011-12-28 07:00:00.000,2011,12,28,7,040005T,13,10
2011-12-28 08:00:00.000,2011,12,28,8,03005KT,12,10
2011-12-28 09:00:00.000,2011,12,28,9,01005KT,12,10
2011-12-28 10:00:00.000,2011,12,28,10,35003KT,12,10
2011-12-28 10:30:00.000,2011,12,28,10,VRB02KT,12,10
2011-12-28 11:00:00.000,2011,12,28,11,02003KT,12,10
2011-12-28 12:00:00.000,2011,12,28,12,03004KT,12,10
2011-12-28 13:00:00.000,2011,12,28,13,04006KT,14,10
2011-12-28 14:00:00.000,2011,12,28,14,03007KT,15,10
2011-12-28 15:00:00.000,2011,12,28,15,05008KT,15,11
2011-12-28 16:00:00.000,2011,12,28,16,06008KT,16,11
2011-12-28 17:00:00.000,2011,12,28,17,07008KT,18,11
2011-12-28 18:00:00.000,2011,12,28,18,11007KT,19,09
2011-12-28 19:00:00.000,2011,12,28,19,13012KT,19,09
2011-12-28 20:00:00.000,2011,12,28,20,12006KT,19,09
2011-12-28 21:00:00.000,2011,12,28,21,13010KT,18,10
2011-12-28 22:00:00.000,2011,12,28,22,07006KT,18,09
2011-12-28 23:00:00.000,2011,12,28,23,08006KT,16,10
2011-12-29 00:00:00.000,2011,12,29,0,VRB02KT,14,11
2011-12-29 01:00:00.000,2011,12,29,1,VRB02KT,14,10
2011-12-29 02:00:00.000,2011,12,29,2,03004KT,13,10
2011-12-29 03:00:00.000,2011,12,29,3,VRB02KT,11,08
2011-12-29 04:00:00.000,2011,12,29,4,VRB02KT,11,09
2011-12-29 05:00:00.000,2011,12,29,5,04004KT,12,10
2011-12-29 06:00:00.000,2011,12,29,6,03006KT,12,10
2011-12-29 07:00:00.000,2011,12,29,7,04006KT,11,09
2011-12-29 08:00:00.000,2011,12,29,8,04007KT,11,09
2011-12-29 09:00:00.000,2011,12,29,9,VRB02KT,11,09
2011-12-29 10:00:00.000,2011,12,29,10,30005KT,10,08
2011-12-29 10:30:00.000,2011,12,29,10,08004KT,10,08
2011-12-29 11:00:00.000,2011,12,29,11,06006KT,10,09
2011-12-29 12:00:00.000,2011,12,29,12,06004KT,22,09
2011-12-29 13:00:00.000,2011,12,29,13,04006KT,15,09
2011-12-29 14:00:00.000,2011,12,29,14,08006KT,17,11
2011-12-29 15:00:00.000,2011,12,29,15,16006KT,18,09
2011-12-29 16:00:00.000,2011,12,29,16,20006KT,18,10
2011-12-29 17:00:00.000,2011,12,29,17,21008KT,20,09
2011-12-29 18:00:00.000,2011,12,29,18,06005KT,19,10
2011-12-29 19:00:00.000,2011,12,29,19,06003KT,20,10
2011-12-29 20:00:00.000,2011,12,29,20,27009KT,20,12
2011-12-29 21:00:00.000,2011,12,29,21,27010KT,18,13
2011-12-29 22:00:00.000,2011,12,29,22,22005KT,17,13
2011-12-29 23:00:00.000,2011,12,29,23,26006KT,15,13
2011-12-30 00:00:00.000,2011,12,30,0,24004KT,15,13
2011-12-30 01:00:00.000,2011,12,30,1,32003KT,14,12
2011-12-30 02:00:00.000,2011,12,30,2,31004KT,14,12
2011-12-30 03:00:00.000,2011,12,30,3,06006KT,14,11
2011-12-30 04:00:00.000,2011,12,30,4,03005KT,14,10
2011-12-30 05:00:00.000,2011,12,30,5,04006KT,14,10
2011-12-30 06:00:00.000,2011,12,30,6,04005KT,13,10
2011-12-30 07:00:00.000,2011,12,30,7,06006KT,13,10
2011-12-30 08:00:00.000,2011,12,30,8,05005KT,12,10
2011-12-30 09:00:00.000,2011,12,30,9,01003KT,12,10
2011-12-30 10:00:00.000,2011,12,30,10,06005KT,11,09
2011-12-30 10:30:00.000,2011,12,30,10,05006KT,11,09
2011-12-30 11:00:00.000,2011,12,30,11,04005KT,11,09
2011-12-30 12:00:00.000,2011,12,30,12,06004KT,11,09
2011-12-30 13:00:00.000,2011,12,30,13,04008KT,13,10
2011-12-30 14:00:00.000,2011,12,30,14,11014KT,17,08
2011-12-30 15:00:00.000,2011,12,30,15,08006KT,18,08
2011-12-30 16:00:00.000,2011,12,30,16,06004KT,19,10
2011-12-30 17:00:00.000,2011,12,30,17,06006KT,19,09
2011-12-30 18:00:00.000,2011,12,30,18,12013KT,20,08
2011-12-30 19:00:00.000,2011,12,30,19,12014KT,21,08
2011-12-30 20:00:00.000,2011,12,30,20,13012KT,20,07
2011-12-30 21:00:00.000,2011,12,30,21,11010KT,19,07
2011-12-31 01:00:00.000,2011,12,31,1,29003KT,12,10
2011-12-31 02:00:00.000,2011,12,31,2,33004KT,12,10
2011-12-31 03:00:00.000,2011,12,31,3,00000KT,12,08
2011-12-31 04:00:00.000,2011,12,31,4,07003KT,13,08
2011-12-31 05:00:00.000,2011,12,31,5,00000KT,13,08
2011-12-31 06:00:00.000,2011,12,31,6,VRB02KT,09,07
2011-12-31 07:00:00.000,2011,12,31,7,18004KT,11,07
2011-12-31 08:00:00.000,2011,12,31,8,02003KT,09,07
2011-12-31 09:00:00.000,2011,12,31,9,01003KT,08,08
2011-12-31 10:00:00.000,2011,12,31,10,04006KT,09,08
2011-12-31 10:30:00.000,2011,12,31,10,04005KT,09,07
2011-12-31 11:00:00.000,2011,12,31,11,03005KT,09,07
2011-12-31 12:00:00.000,2011,12,31,12,05005KT,10,07
2011-12-31 12:30:00.000,2011,12,31,12,06009KT,12,08
2011-12-31 13:00:00.000,2011,12,31,13,06008KT,14,09
2011-12-31 14:00:00.000,2011,12,31,14,10008KT,16,06
2011-12-31 15:00:00.000,2011,12,31,15,12008KT,18,07
2011-12-31 16:00:00.000,2011,12,31,16,07012KT,19,07
2011-12-31 17:00:00.000,2011,12,31,17,11010KT,20,07
2011-12-31 17:15:00.000,2011,12,31,17,12015KT,20,07
2011-12-31 18:00:00.000,2011,12,31,18,11014KT,21,06
2011-12-31 19:00:00.000,2011,12,31,19,10010KT,21,06
2011-12-31 20:00:00.000,2011,12,31,20,14012KT,21,07
2011-12-31 21:00:00.000,2011,12,31,21,13013KT,19,06
2011-12-31 22:00:00.000,2011,12,31,22,11010KT,17,06
2011-12-31 23:00:00.000,2011,12,31,23,10010KT,16,05
2012-01-01 00:00:00.000,2012,1,1,0,05008KT,14,06
2012-01-01 00:30:00.000,2012,1,1,0,25008KT,12,11
2012-01-01 01:00:00.000,2012,1,1,1,32004KT,14,12
2012-01-01 03:00:00.000,2012,1,1,3,06005KT,13,12
2012-01-01 05:00:00.000,2012,1,1,5,00000KT,10,09
2012-01-01 06:00:00.000,2012,1,1,6,VRB02KT,09,08
2012-01-01 07:00:00.000,2012,1,1,7,VRB02KT,07,06
2012-01-01 08:00:00.000,2012,1,1,8,29004KT,07,06
2012-01-01 09:00:00.000,2012,1,1,9,VRB02KT,06,06
2012-01-01 10:00:00.000,2012,1,1,10,VRB02KT,06,06
2012-01-01 10:29:00.000,2012,1,1,10,31003KT,05,05
2012-01-01 10:30:00.000,2012,1,1,10,04008KT,11,08
2012-01-01 10:42:00.000,2012,1,1,10,VRB02KT,05,05
2012-01-01 11:00:00.000,2012,1,1,11,03008KT,10,08
2012-01-01 11:32:00.000,2012,1,1,11,03006KT,07,07
2012-01-01 12:00:00.000,2012,1,1,12,05007KT,08,07
2012-01-01 12:21:00.000,2012,1,1,12,05004KT,08,08
2012-01-01 13:00:00.000,2012,1,1,13,05003KT,10,09
2012-01-01 16:00:00.000,2012,1,1,16,07009KT,18,07
2012-01-01 17:00:00.000,2012,1,1,17,01005KT,20,07
2012-01-01 18:00:00.000,2012,1,1,18,01005KT,20,07
2012-01-01 19:00:00.000,2012,1,1,19,13012KT,21,04
2012-01-01 20:00:00.000,2012,1,1,20,15008KT,20,04
2012-01-01 21:00:00.000,2012,1,1,21,26005KT,19,10
2012-01-01 22:00:00.000,2012,1,1,22,07003KT,18,10
2012-01-01 22:23:00.000,2012,1,1,22,05007KT,17,10
2012-01-01 23:00:00.000,2012,1,1,23,07006KT,17,11
2012-01-02 00:00:00.000,2012,1,2,0,26005KT,14,12
2012-01-02 01:00:00.000,2012,1,2,1,27004KT,13,11
2012-01-02 02:00:00.000,2012,1,2,2,VRB02KT,12,09
2012-01-02 03:00:00.000,2012,1,2,3,05005KT,11,08
2012-01-02 04:00:00.000,2012,1,2,4,05004KT,11,08
2012-01-02 05:00:00.000,2012,1,2,5,27004KT,09,08
2012-01-02 06:00:00.000,2012,1,2,6,VRB02KT,09,07
2012-01-02 07:00:00.000,2012,1,2,7,33003KT,07,06
2012-01-02 09:00:00.000,2012,1,2,9,VRB02KT,07,06
2012-01-02 10:00:00.000,2012,1,2,10,00000KT,05,05
2012-01-02 11:00:00.000,2012,1,2,11,VRB02KT,04,04
2012-01-02 12:00:00.000,2012,1,2,12,04003KT,07,06
2012-01-02 13:00:00.000,2012,1,2,13,07004KT,10,07
2012-01-02 15:00:00.000,2012,1,2,15,07003KT,17,09
2012-01-02 17:00:00.000,2012,1,2,17,VRB02KT,21,05
2012-01-02 18:00:00.000,2012,1,2,18,28008KT,22,03
2012-01-02 19:00:00.000,2012,1,2,19,28012KT,20,07
2012-01-02 20:00:00.000,2012,1,2,20,28009KT,18,12
2012-01-02 21:00:00.000,2012,1,2,21,26006KT,18,11
2012-01-02 22:00:00.000,2012,1,2,22,26004KT,17,11
2012-01-02 23:00:00.000,2012,1,2,23,32006KT,16,12
2012-01-03 00:00:00.000,2012,1,3,0,29005KT,14,12
2012-01-03 01:00:00.000,2012,1,3,1,26005KT,14,12
2012-01-03 02:00:00.000,2012,1,3,2,29003KT,13,11
2012-01-03 03:00:00.000,2012,1,3,3,VRB02KT,12,11
2012-01-03 04:00:00.000,2012,1,3,4,30003KT,12,11
2012-01-03 05:00:00.000,2012,1,3,5,21004KT,12,11
2012-01-03 06:00:00.000,2012,1,3,6,36003KT,11,10
2012-01-03 07:00:00.000,2012,1,3,7,33004KT,10,10
2012-01-03 09:00:00.000,2012,1,3,9,16004KT,09,09
2012-01-03 10:00:00.000,2012,1,3,10,VRB02KT,10,10
2012-01-03 12:00:00.000,2012,1,3,12,00000KT,24,22
2012-01-03 14:00:00.000,2012,1,3,14,31003KT,13,12
2012-01-03 15:00:00.000,2012,1,3,15,32003KT,17,10
2012-01-03 16:00:00.000,2012,1,3,16,33004KT,19,10
2012-01-03 17:00:00.000,2012,1,3,17,27003KT,20,10
2012-01-03 18:00:00.000,2012,1,3,18,32009KT,21,12
2012-01-03 19:00:00.000,2012,1,3,19,30014KT,19,12
2012-01-03 20:00:00.000,2012,1,3,20,28013KT,20,12
2012-01-03 21:00:00.000,2012,1,3,21,27012KT,18,12
2012-01-03 22:00:00.000,2012,1,3,22,32007KT,16,12
2012-01-03 23:00:00.000,2012,1,3,23,34008KT,14,12
2012-01-04 00:00:00.000,2012,1,4,0,31006KT,14,12
2012-01-04 01:00:00.000,2012,1,4,1,27005KT,13,12
2012-01-04 02:00:00.000,2012,1,4,2,27004KT,13,12
2012-01-04 03:00:00.000,2012,1,4,3,31003KT,13,12
2012-01-04 04:00:00.000,2012,1,4,4,33003KT,13,12
2012-01-04 05:00:00.000,2012,1,4,5,VRB02KT,13,11
2012-01-04 06:00:00.000,2012,1,4,6,31003KT,13,12
2012-01-04 07:00:00.000,2012,1,4,7,32003KT,13,11
2012-01-04 08:00:00.000,2012,1,4,8,33003KT,12,11
2012-01-04 09:00:00.000,2012,1,4,9,VRB02KT,13,11
2012-01-04 10:00:00.000,2012,1,4,10,VRB02KT,12,11
2012-01-04 10:30:00.000,2012,1,4,10,02003KT,12,11
2012-01-04 11:00:00.000,2012,1,4,11,03006KT,13,11
2012-01-04 12:00:00.000,2012,1,4,12,03004KT,13,11
2012-01-04 13:00:00.000,2012,1,4,13,06006KT,14,11
2012-01-04 14:00:00.000,2012,1,4,14,05008KT,15,10
2012-01-04 15:00:00.000,2012,1,4,15,06009KT,16,09
2012-01-04 16:00:00.000,2012,1,4,16,09007KT,17,08
2012-01-04 17:00:00.000,2012,1,4,17,29003KT,18,08
2012-01-04 18:00:00.000,2012,1,4,18,21007KT,19,10
2012-01-04 19:00:00.000,2012,1,4,19,18005KT,19,09
2012-01-04 20:00:00.000,2012,1,4,20,27010KT,17,12
2012-01-04 21:00:00.000,2012,1,4,21,28010KT,16,12
2012-01-04 22:00:00.000,2012,1,4,22,29005KT,15,12
2012-01-04 23:00:00.000,2012,1,4,23,30005KT,14,12
2012-01-05 00:00:00.000,2012,1,5,0,28008KT,14,12
2012-01-05 01:00:00.000,2012,1,5,1,28004KT,13,11
2012-01-05 02:00:00.000,2012,1,5,2,VRB02KT,13,11
2012-01-05 03:00:00.000,2012,1,5,3,VRB02KT,13,11
2012-01-05 04:00:00.000,2012,1,5,4,VRB02KT,13,11
2012-01-05 05:00:00.000,2012,1,5,5,VRB02KT,13,11
2012-01-05 06:00:00.000,2012,1,5,6,VRB02KT,12,11
2012-01-05 07:00:00.000,2012,1,5,7,VRB02KT,12,11
2012-01-05 08:00:00.000,2012,1,5,8,33003KT,12,11
2012-01-05 09:00:00.000,2012,1,5,9,VRB02KT,12,11
2012-01-05 10:00:00.000,2012,1,5,10,VRB02KT,11,10
2012-01-05 10:00:00.000,2012,1,5,10,VRB02KT,11,10
2012-01-05 10:30:00.000,2012,1,5,10,VRB02KT,11,10
2012-01-05 11:00:00.000,2012,1,5,11,VRB02KT,11,10
2012-01-05 12:00:00.000,2012,1,5,12,VRB02KT,12,10
2012-01-05 13:00:00.000,2012,1,5,13,VRB02KT,14,11
2012-01-05 14:00:00.000,2012,1,5,14,34005KT,15,10
2012-01-05 15:00:00.000,2012,1,5,15,VRB02KT,16,09
2012-01-05 16:00:00.000,2012,1,5,16,VRB02KT,18,09
2012-01-05 17:00:00.000,2012,1,5,17,28010KT,18,09
2012-01-05 18:00:00.000,2012,1,5,18,31009KT,19,11
2012-01-05 19:00:00.000,2012,1,5,19,27012KT,19,11
2012-01-05 20:00:00.000,2012,1,5,20,28009KT,19,12
2012-01-05 21:00:00.000,2012,1,5,21,28010KT,18,11
2012-01-05 22:00:00.000,2012,1,5,22,28007KT,17,11
2012-01-05 23:00:00.000,2012,1,5,23,30008KT,15,11
2012-01-06 00:00:00.000,2012,1,6,0,30005KT,14,12
2012-01-06 01:00:00.000,2012,1,6,1,35003KT,14,12
2012-01-06 02:00:00.000,2012,1,6,2,26005KT,13,12
2012-01-06 03:00:00.000,2012,1,6,3,28004KT,13,12
2012-01-06 04:00:00.000,2012,1,6,4,29003KT,13,12
2012-01-06 05:00:00.000,2012,1,6,5,28005KT,13,12
2012-01-06 06:00:00.000,2012,1,6,6,30004KT,13,11
2012-01-06 07:00:00.000,2012,1,6,7,30006KT,13,11
2012-01-06 08:00:00.000,2012,1,6,8,30007KT,13,11
2012-01-06 09:00:00.000,2012,1,6,9,31004KT,12,11
2012-01-06 10:00:00.000,2012,1,6,10,36003KT,12,11
2012-01-06 10:26:00.000,2012,1,6,10,01004KT,12,11
2012-01-06 11:00:00.000,2012,1,6,11,04003KT,12,11
2012-01-06 12:00:00.000,2012,1,6,12,06003KT,12,11
2012-01-06 13:00:00.000,2012,1,6,13,06005KT,13,11
2012-01-06 14:00:00.000,2012,1,6,14,05007KT,14,11
2012-01-06 15:00:00.000,2012,1,6,15,04004KT,16,10
2012-01-06 16:00:00.000,2012,1,6,16,04006KT,18,11
2012-01-06 17:00:00.000,2012,1,6,17,36003KT,18,10
2012-01-06 18:00:00.000,2012,1,6,18,36003KT,19,09
2012-01-06 19:00:00.000,2012,1,6,19,26006KT,20,13
2012-01-06 20:00:00.000,2012,1,6,20,29011KT,19,13
2012-01-06 21:00:00.000,2012,1,6,21,30012KT,16,13
2012-01-06 22:00:00.000,2012,1,6,22,26008KT,15,11
2012-01-06 23:00:00.000,2012,1,6,23,26003KT,15,13
2012-01-07 01:00:00.000,2012,1,7,1,25008KT,13,12
2012-01-07 02:00:00.000,2012,1,7,2,28004KT,13,11
2012-01-07 03:00:00.000,2012,1,7,3,35004KT,13,11
2012-01-07 04:00:00.000,2012,1,7,4,33004KT,13,11
2012-01-07 05:00:00.000,2012,1,7,5,31004KT,13,11
2012-01-07 07:00:00.000,2012,1,7,7,00000KT,12,11
2012-01-07 08:00:00.000,2012,1,7,8,32004KT,11,10
2012-01-07 09:00:00.000,2012,1,7,9,35004KT,11,10
2012-01-07 10:00:00.000,2012,1,7,10,00000KT,11,10
2012-01-07 11:00:00.000,2012,1,7,11,33004KT,10,10
2012-01-07 12:00:00.000,2012,1,7,12,VRB02KT,12,11
2012-01-07 13:00:00.000,2012,1,7,13,05006KT,14,10
2012-01-07 14:00:00.000,2012,1,7,14,07010KT,15,09
2012-01-07 15:00:00.000,2012,1,7,15,07010KT,17,09
2012-01-07 16:00:00.000,2012,1,7,16,04010KT,19,09
2012-01-07 17:00:00.000,2012,1,7,17,05005KT,20,07
2012-01-07 18:00:00.000,2012,1,7,18,31005KT,20,06
2012-01-07 19:00:00.000,2012,1,7,19,25010KT,18,12
2012-01-07 20:00:00.000,2012,1,7,20,28012KT,17,12
2012-01-07 21:00:00.000,2012,1,7,21,28012KT,17,13
2012-01-07 22:00:00.000,2012,1,7,22,25011KT,15,12
2012-01-07 23:00:00.000,2012,1,7,23,28004KT,14,13
2012-01-08 00:00:00.000,2012,1,8,0,26003KT,14,12
2012-01-08 01:00:00.000,2012,1,8,1,25004KT,14,12
2012-01-08 02:00:00.000,2012,1,8,2,32004KT,14,12
2012-01-08 03:00:00.000,2012,1,8,3,30006KT,13,11
2012-01-08 04:00:00.000,2012,1,8,4,27003KT,13,11
2012-01-08 05:00:00.000,2012,1,8,5,VRB02KT,12,11
2012-01-08 06:00:00.000,2012,1,8,6,VRB02KT,12,11
2012-01-08 07:00:00.000,2012,1,8,7,VRB02KT,12,11
2012-01-08 08:00:00.000,2012,1,8,8,VRB02KT,12,11
2012-01-08 09:00:00.000,2012,1,8,9,33004KT,10,10
2012-01-08 10:00:00.000,2012,1,8,10,10003KT,11,10
2012-01-08 11:00:00.000,2012,1,8,11,04004KT,12,11
2012-01-08 12:00:00.000,2012,1,8,12,04004KT,11,10
2012-01-08 13:00:00.000,2012,1,8,13,03008KT,13,10
2012-01-08 14:00:00.000,2012,1,8,14,02004KT,15,10
2012-01-08 15:00:00.000,2012,1,8,15,07006KT,17,10
2012-01-08 16:00:00.000,2012,1,8,16,19006KT,18,09
2012-01-08 17:00:00.000,2012,1,8,17,25004KT,18,12
2012-01-08 18:00:00.000,2012,1,8,18,33006KT,18,11
2012-01-08 19:00:00.000,2012,1,8,19,35003KT,18,10
2012-01-08 20:00:00.000,2012,1,8,20,26006KT,16,12
2012-01-08 21:00:00.000,2012,1,8,21,26007KT,15,12
2012-01-08 22:00:00.000,2012,1,8,22,28006KT,14,12
2012-01-08 23:00:00.000,2012,1,8,23,15005KT,14,13
2012-01-09 00:00:00.000,2012,1,9,0,27005KT,13,12
2012-01-09 01:00:00.000,2012,1,9,1,30005KT,13,12
2012-01-09 02:00:00.000,2012,1,9,2,28005KT,13,12
2012-01-09 03:00:00.000,2012,1,9,3,VRB02KT,13,12
2012-01-09 04:00:00.000,2012,1,9,4,00000KT,13,11
2012-01-09 05:00:00.000,2012,1,9,5,VRB02KT,12,11
2012-01-09 06:00:00.000,2012,1,9,6,VRB02KT,12,11
2012-01-09 07:00:00.000,2012,1,9,7,VRB02KT,12,11
2012-01-09 08:00:00.000,2012,1,9,8,VRB02KT,12,11
2012-01-09 09:00:00.000,2012,1,9,9,VRB02KT,11,11
2012-01-09 10:00:00.000,2012,1,9,10,05004KT,11,10
2012-01-09 11:00:00.000,2012,1,9,11,VRB02KT,11,10
2012-01-09 12:00:00.000,2012,1,9,12,VRB02KT,11,10
2012-01-09 13:00:00.000,2012,1,9,13,VRB02KT,14,10
2012-01-09 14:00:00.000,2012,1,9,14,VRB02KT,17,09
2012-01-09 15:00:00.000,2012,1,9,15,VRB02KT,18,08
2012-01-09 16:00:00.000,2012,1,9,16,16004KT,19,07
2012-01-09 17:00:00.000,2012,1,9,17,18007KT,21,06
2012-01-09 18:00:00.000,2012,1,9,18,29005KT,19,11
2012-01-09 19:00:00.000,2012,1,9,19,21010KT,20,12
2012-01-09 20:00:00.000,2012,1,9,20,23012KT,19,13
2012-01-09 21:00:00.000,2012,1,9,21,27010KT,18,12
2012-01-09 22:00:00.000,2012,1,9,22,28010KT,16,12
2012-01-09 23:00:00.000,2012,1,9,23,27005KT,15,12
2012-01-10 00:00:00.000,2012,1,10,0,25006KT,14,12
2012-01-10 01:00:00.000,2012,1,10,1,23006KT,14,11
2012-01-10 02:00:00.000,2012,1,10,2,VRB02KT,13,10
2012-01-10 03:00:00.000,2012,1,10,3,VRB02KT,13,10
2012-01-10 04:00:00.000,2012,1,10,4,01004KT,13,10
2012-01-10 05:00:00.000,2012,1,10,5,00000KT,12,10
2012-01-10 06:00:00.000,2012,1,10,6,VRB02KT,10,10
2012-01-10 07:00:00.000,2012,1,10,7,VRB02KT,09,09
2012-01-10 08:00:00.000,2012,1,10,8,03004KT,09,08
2012-01-10 09:00:00.000,2012,1,10,9,04004KT,08,07
2012-01-10 11:00:00.000,2012,1,10,11,VRB02KT,06,06
2012-01-10 12:00:00.000,2012,1,10,12,VRB02KT,09,08
2012-01-10 13:00:00.000,2012,1,10,13,03006KT,12,10
2012-01-10 14:00:00.000,2012,1,10,14,02004KT,15,11
2012-01-10 15:00:00.000,2012,1,10,15,04006KT,17,11
2012-01-10 16:00:00.000,2012,1,10,16,01004KT,19,10
2012-01-10 17:00:00.000,2012,1,10,17,VRB02KT,21,09
2012-01-10 18:00:00.000,2012,1,10,18,28009KT,21,13
2012-01-10 19:00:00.000,2012,1,10,19,29018KT,19,12
2012-01-10 20:00:00.000,2012,1,10,20,25011KT,18,12
2012-01-10 21:00:00.000,2012,1,10,21,26009KT,18,12
2012-01-10 22:00:00.000,2012,1,10,22,28010KT,17,13
2012-01-10 23:00:00.000,2012,1,10,23,28008KT,15,12
2012-01-11 00:00:00.000,2012,1,11,0,28004KT,14,10
2012-01-11 01:00:00.000,2012,1,11,1,VRB02KT,14,10
2012-01-11 02:00:00.000,2012,1,11,2,VRB02KT,14,10
2012-01-11 03:00:00.000,2012,1,11,3,VRB02KT,13,10
2012-01-11 04:00:00.000,2012,1,11,4,00000KT,13,10
2012-01-11 05:00:00.000,2012,1,11,5,35003KT,13,10
2012-01-11 06:00:00.000,2012,1,11,6,VRB02KT,13,10
2012-01-11 07:00:00.000,2012,1,11,7,VRB02KT,12,10
2012-01-11 08:00:00.000,2012,1,11,8,VRB02KT,12,10
2012-01-11 09:00:00.000,2012,1,11,9,35003KT,12,10
2012-01-11 10:00:00.000,2012,1,11,10,33003KT,12,10
2012-01-11 11:00:00.000,2012,1,11,11,00000KT,11,10
2012-01-11 12:00:00.000,2012,1,11,12,34005KT,10,10
2012-01-11 13:00:00.000,2012,1,11,13,32004KT,13,12
2012-01-11 14:00:00.000,2012,1,11,14,35005KT,16,12
2012-01-11 15:00:00.000,2012,1,11,15,VRB02KT,18,10
2012-01-11 16:00:00.000,2012,1,11,16,VRB02KT,20,08
2012-01-11 17:00:00.000,2012,1,11,17,02004KT,21,11
2012-01-11 18:00:00.000,2012,1,11,18,23006KT,22,12
2012-01-11 19:00:00.000,2012,1,11,19,26008KT,21,12
2012-01-11 20:00:00.000,2012,1,11,20,29010KT,17,14
2012-01-11 21:00:00.000,2012,1,11,21,28009KT,18,13
2012-01-11 22:00:00.000,2012,1,11,22,30009KT,16,12
2012-01-11 23:00:00.000,2012,1,11,23,30008KT,14,12
2012-01-12 00:00:00.000,2012,1,12,0,27005KT,14,12
2012-01-12 01:00:00.000,2012,1,12,1,30005KT,14,12
2012-01-12 02:00:00.000,2012,1,12,2,31003KT,13,11
2012-01-12 03:00:00.000,2012,1,12,3,33003KT,13,12
2012-01-12 04:00:00.000,2012,1,12,4,VRB02KT,13,12
2012-01-12 05:00:00.000,2012,1,12,5,05004KT,12,10
2012-01-12 06:00:00.000,2012,1,12,6,04003KT,11,09
2012-01-12 07:00:00.000,2012,1,12,7,04004KT,10,09
2012-01-12 08:00:00.000,2012,1,12,8,31004KT,10,09
2012-01-12 09:00:00.000,2012,1,12,9,36003KT,08,07
2012-01-12 10:00:00.000,2012,1,12,10,03004KT,08,08
2012-01-12 11:00:00.000,2012,1,12,11,04004KT,09,08
2012-01-12 12:00:00.000,2012,1,12,12,VRB02KT,11,09
2012-01-12 13:00:00.000,2012,1,12,13,VRB02KT,12,10
2012-01-12 14:00:00.000,2012,1,12,14,07010KT,14,10
2012-01-12 15:00:00.000,2012,1,12,15,10006KT,17,10
2012-01-12 16:00:00.000,2012,1,12,16,12011KT,18,08
2012-01-12 17:00:00.000,2012,1,12,17,12012KT,18,08
2012-01-12 18:00:00.000,2012,1,12,18,14008KT,17,08
2012-01-12 19:00:00.000,2012,1,12,19,12012KT,18,09
2012-01-12 20:00:00.000,2012,1,12,20,10008KT,18,08
2012-01-12 22:00:00.000,2012,1,12,22,13008KT,17,08
2012-01-12 23:00:00.000,2012,1,12,23,15008KT,15,08
2012-01-13 00:00:00.000,2012,1,13,0,11007KT,15,08
2012-01-13 01:00:00.000,2012,1,13,1,02007KT,14,10
2012-01-13 02:00:00.000,2012,1,13,2,08005KT,14,09
2012-01-13 03:00:00.000,2012,1,13,3,05004KT,13,09
2012-01-13 04:00:00.000,2012,1,13,4,VRB02KT,12,10
2012-01-13 05:00:00.000,2012,1,13,5,10005KT,14,08
2012-01-13 06:00:00.000,2012,1,13,6,03003KT,12,09
2012-01-13 07:00:00.000,2012,1,13,7,02004KT,11,09
2012-01-13 08:00:00.000,2012,1,13,8,06005KT,12,09
2012-01-13 09:00:00.000,2012,1,13,9,04006KT,11,09
2012-01-13 10:00:00.000,2012,1,13,10,04005KT,12,09
2012-01-13 10:30:00.000,2012,1,13,10,03004KT,12,09
2012-01-13 11:00:00.000,2012,1,13,11,VRB02KT,12,09
2012-01-13 12:00:00.000,2012,1,13,12,02005KT,12,09
2012-01-13 13:00:00.000,2012,1,13,13,05003KT,13,09
2012-01-13 14:00:00.000,2012,1,13,14,07008KT,15,10
2012-01-13 15:00:00.000,2012,1,13,15,06011KT,16,10
2012-01-13 16:00:00.000,2012,1,13,16,06010KT,16,09
2012-01-13 17:00:00.000,2012,1,13,17,08008KT,17,09
2012-01-13 18:00:00.000,2012,1,13,18,11009KT,19,09
2012-01-13 19:00:00.000,2012,1,13,19,13014KT,21,08
2012-01-13 20:00:00.000,2012,1,13,20,11016KT,19,09
2012-01-13 21:00:00.000,2012,1,13,21,11014KT,18,09
2012-01-13 22:00:00.000,2012,1,13,22,12012KT,17,08
2012-01-13 23:00:00.000,2012,1,13,23,14010KT,16,08
2012-01-14 00:00:00.000,2012,1,14,0,14008KT,14,08
2012-01-14 01:00:00.000,2012,1,14,1,14008KT,14,09
2012-01-14 02:00:00.000,2012,1,14,2,14007KT,14,09
2012-01-14 03:00:00.000,2012,1,14,3,06005KT,13,09
2012-01-14 04:00:00.000,2012,1,14,4,03004KT,13,09
2012-01-14 05:00:00.000,2012,1,14,5,VRB02KT,12,09
2012-01-14 06:00:00.000,2012,1,14,6,VRB02KT,10,08
2012-01-14 07:00:00.000,2012,1,14,7,VRB02KT,10,08
2012-01-14 08:00:00.000,2012,1,14,8,05004KT,10,08
2012-01-14 09:00:00.000,2012,1,14,9,05005KT,10,08
2012-01-14 10:00:00.000,2012,1,14,10,06004KT,09,08
2012-01-14 12:00:00.000,2012,1,14,12,05005KT,12,09
2012-01-14 13:00:00.000,2012,1,14,13,04006KT,14,09
2012-01-14 14:00:00.000,2012,1,14,14,05008KT,14,09
2012-01-14 15:00:00.000,2012,1,14,15,05008KT,15,09
2012-01-14 16:00:00.000,2012,1,14,16,06010KT,17,09
2012-01-14 17:00:00.000,2012,1,14,17,04008KT,17,09
2012-01-14 18:00:00.000,2012,1,14,18,11010KT,17,09
2012-01-14 19:00:00.000,2012,1,14,19,12010KT,17,08
2012-01-14 20:00:00.000,2012,1,14,20,17008KT,18,08
2012-01-14 21:00:00.000,2012,1,14,21,12010KT,18,07
2012-01-14 22:00:00.000,2012,1,14,22,11010KT,18,07
2012-01-14 23:00:00.000,2012,1,14,23,11008KT,16,08
2012-01-15 00:00:00.000,2012,1,15,0,11005KT,15,08
2012-01-15 01:00:00.000,2012,1,15,1,12008KT,14,08
2012-01-15 02:00:00.000,2012,1,15,2,12006KT,14,08
2012-01-15 03:00:00.000,2012,1,15,3,05006KT,11,09
2012-01-15 04:00:00.000,2012,1,15,4,01003KT,11,07
2012-01-15 05:00:00.000,2012,1,15,5,07006KT,11,07
2012-01-15 06:00:00.000,2012,1,15,6,07003KT,10,08
2012-01-15 07:00:00.000,2012,1,15,7,04003KT,10,08
2012-01-15 08:00:00.000,2012,1,15,8,09003KT,10,08
2012-01-15 09:00:00.000,2012,1,15,9,VRB02KT,09,07
2012-01-15 10:00:00.000,2012,1,15,10,06006KT,09,08
2012-01-15 11:00:00.000,2012,1,15,11,04006KT,09,07
2012-01-15 12:00:00.000,2012,1,15,12,06006KT,11,08
2012-01-15 13:00:00.000,2012,1,15,13,09008KT,15,08
2012-01-15 16:00:00.000,2012,1,15,16,09008KT,17,06
2012-01-15 17:00:00.000,2012,1,15,17,03006KT,18,06
2012-01-15 18:00:00.000,2012,1,15,18,03006KT,18,06
2012-01-15 19:00:00.000,2012,1,15,19,27008KT,18,10
2012-01-15 20:00:00.000,2012,1,15,20,31010KT,18,10
2012-01-15 21:00:00.000,2012,1,15,21,27008KT,17,10
2012-01-15 22:00:00.000,2012,1,15,22,27003KT,16,11
2012-01-15 23:00:00.000,2012,1,15,23,27004KT,15,11
2012-01-16 00:00:00.000,2012,1,16,0,VRB02KT,14,11
2012-01-16 01:00:00.000,2012,1,16,1,VRB02KT,14,11
2012-01-16 02:00:00.000,2012,1,16,2,03005KT,12,10
2012-01-16 03:00:00.000,2012,1,16,3,05006KT,11,09
2012-01-16 04:00:00.000,2012,1,16,4,06006KT,10,08
2012-01-16 05:00:00.000,2012,1,16,5,VRB02KT,09,07
2012-01-16 06:00:00.000,2012,1,16,6,VRB02KT,08,07
2012-01-16 07:00:00.000,2012,1,16,7,04004KT,08,07
2012-01-16 08:00:00.000,2012,1,16,8,VRB02KT,08,07
2012-01-16 09:00:00.000,2012,1,16,9,VRB02KT,06,05
2012-01-16 10:00:00.000,2012,1,16,10,05003KT,06,06
2012-01-16 11:00:00.000,2012,1,16,11,05004KT,07,06
2012-01-16 12:00:00.000,2012,1,16,12,04005KT,08,09
2012-01-16 13:00:00.000,2012,1,16,13,03007KT,09,07
2012-01-16 14:00:00.000,2012,1,16,14,05009KT,12,09
2012-01-16 15:00:00.000,2012,1,16,15,03010KT,15,09
2012-01-16 16:00:00.000,2012,1,16,16,35006KT,17,07
2012-01-16 17:00:00.000,2012,1,16,17,02008KT,18,09
2012-01-16 18:00:00.000,2012,1,16,18,35004KT,19,07
2012-01-16 19:00:00.000,2012,1,16,19,26011KT,19,12
2012-01-16 20:00:00.000,2012,1,16,20,21009KT,18,12
2012-01-16 21:00:00.000,2012,1,16,21,29011KT,18,12
2012-01-16 21:36:00.000,2012,1,16,21,26011KT,17,12
2012-01-16 22:00:00.000,2012,1,16,22,28004KT,16,12
2012-01-16 23:00:00.000,2012,1,16,23,11004KT,12,10
2012-01-16 23:30:00.000,2012,1,16,23,01003KT,12,10
2012-01-17 00:00:00.000,2012,1,17,0,03004KT,12,10
2012-01-17 01:00:00.000,2012,1,17,1,04005KT,12,11
2012-01-17 02:00:00.000,2012,1,17,2,31003KT,12,11
2012-01-17 03:00:00.000,2012,1,17,3,VRB02KT,12,10
2012-01-17 04:00:00.000,2012,1,17,4,33004KT,12,10
2012-01-17 05:00:00.000,2012,1,17,5,VRB02KT,12,11
2012-01-17 06:00:00.000,2012,1,17,6,03004KT,12,11
2012-01-17 07:00:00.000,2012,1,17,7,04007KT,12,10
2012-01-17 08:00:00.000,2012,1,17,8,04005KT,11,09
2012-01-17 09:00:00.000,2012,1,17,9,VRB02KT,10,09
2012-01-17 10:00:00.000,2012,1,17,10,VRB02KT,10,09
2012-01-17 10:30:00.000,2012,1,17,10,VRB02KT,09,09
2012-01-17 11:00:00.000,2012,1,17,11,04003KT,09,08
2012-01-17 12:00:00.000,2012,1,17,12,06004KT,10,08
2012-01-17 13:00:00.000,2012,1,17,13,VRB02KT,12,09
2012-01-17 14:00:00.000,2012,1,17,14,08010KT,14,08
2012-01-17 15:00:00.000,2012,1,17,15,02008KT,16,08
2012-01-17 16:00:00.000,2012,1,17,16,31004KT,17,07
2012-01-17 17:00:00.000,2012,1,17,17,29004KT,19,08
2012-01-17 18:00:00.000,2012,1,17,18,31012KT,19,10
2012-01-17 19:00:00.000,2012,1,17,19,27012KT,18,11
2012-01-17 20:00:00.000,2012,1,17,20,28010KT,17,12
2012-01-17 20:22:00.000,2012,1,17,20,28009KT,16,11
2012-01-17 21:00:00.000,2012,1,17,21,29009KT,16,11
2012-01-17 22:00:00.000,2012,1,17,22,28008KT,16,11
2012-01-17 23:00:00.000,2012,1,17,23,27008KT,14,11
2012-01-18 00:00:00.000,2012,1,18,0,29004KT,14,11
2012-01-18 01:00:00.000,2012,1,18,1,22003KT,14,10
2012-01-18 02:00:00.000,2012,1,18,2,26004KT,14,11
2012-01-18 03:00:00.000,2012,1,18,3,35003KT,13,11
2012-01-18 04:00:00.000,2012,1,18,4,VRB02KT,12,11
2012-01-18 05:00:00.000,2012,1,18,5,VRB02KT,12,11
2012-01-18 06:00:00.000,2012,1,18,6,00000KT,12,11
2012-01-18 07:00:00.000,2012,1,18,7,VRB02KT,12,11
2012-01-18 08:00:00.000,2012,1,18,8,34003KT,11,11
2012-01-18 09:00:00.000,2012,1,18,9,26004KT,11,10
2012-01-18 10:00:00.000,2012,1,18,10,28003KT,11,10
2012-01-18 10:30:00.000,2012,1,18,10,00000KT,11,10
2012-01-18 11:00:00.000,2012,1,18,11,00000KT,11,10
2012-01-18 12:00:00.000,2012,1,18,12,30005KT,10,10
2012-01-18 13:00:00.000,2012,1,18,13,33004KT,12,10
2012-01-18 14:00:00.000,2012,1,18,14,32004KT,14,11
2012-01-18 15:00:00.000,2012,1,18,15,27004KT,17,11
2012-01-18 16:00:00.000,2012,1,18,16,25007KT,16,11
2012-01-18 17:00:00.000,2012,1,18,17,29004KT,18,10
2012-01-18 18:00:00.000,2012,1,18,18,24008KT,18,11
2012-01-18 19:00:00.000,2012,1,18,19,26012KT,19,12
2012-01-18 20:00:00.000,2012,1,18,20,26009KT,19,11
2012-01-18 21:00:00.000,2012,1,18,21,06007KT,16,11
2012-01-18 22:00:00.000,2012,1,18,22,06006KT,14,12
2012-01-18 23:00:00.000,2012,1,18,23,02005KT,14,11
2012-01-19 00:00:00.000,2012,1,19,0,32005KT,13,10
2012-01-19 01:00:00.000,2012,1,19,1,29004KT,13,11
2012-01-19 02:00:00.000,2012,1,19,2,27004KT,12,10
2012-01-19 03:00:00.000,2012,1,19,3,VRB02KT,12,11
2012-01-19 04:00:00.000,2012,1,19,4,33003KT,12,11
2012-01-19 05:00:00.000,2012,1,19,5,31003KT,12,11
2012-01-19 06:00:00.000,2012,1,19,6,33003KT,11,10
2012-01-19 07:00:00.000,2012,1,19,7,31004KT,11,11
2012-01-19 08:00:00.000,2012,1,19,8,31004KT,11,10
2012-01-19 09:00:00.000,2012,1,19,9,VRB02KT,11,10
2012-01-19 10:00:00.000,2012,1,19,10,VRB02KT,11,10
2012-01-19 10:28:00.000,2012,1,19,10,VRB02KT,11,10
2012-01-19 11:00:00.000,2012,1,19,11,VRB02KT,11,10
2012-01-19 12:00:00.000,2012,1,19,12,33003KT,12,10
2012-01-19 13:00:00.000,2012,1,19,13,31005KT,12,11
2012-01-19 14:00:00.000,2012,1,19,14,29005KT,14,11
2012-01-19 15:00:00.000,2012,1,19,15,24004KT,16,10
2012-01-19 16:00:00.000,2012,1,19,16,30006KT,15,12
2012-01-19 17:00:00.000,2012,1,19,17,24010KT,16,12
2012-01-19 18:00:00.000,2012,1,19,18,30010KT,16,11
2012-01-19 19:00:00.000,2012,1,19,19,30008KT,16,12
2012-01-19 20:00:00.000,2012,1,19,20,31008KT,16,11
2012-01-19 21:00:00.000,2012,1,19,21,30010KT,08,0
2012-01-19 22:00:00.000,2012,1,19,22,32007KT,15,12
2012-01-19 23:00:00.000,2012,1,19,23,31007KT,14,12
2012-01-20 00:00:00.000,2012,1,20,0,28007KT,13,12
2012-01-20 01:00:00.000,2012,1,20,1,27006KT,13,12
2012-01-20 02:00:00.000,2012,1,20,2,27005KT,13,11
2012-01-20 02:36:00.000,2012,1,20,2,27004KT,13,11
2012-01-20 03:00:00.000,2012,1,20,3,VRB02KT,13,12
2012-01-20 04:00:00.000,2012,1,20,4,24004KT,12,11
2012-01-20 05:00:00.000,2012,1,20,5,VRB02KT,12,11
2012-01-20 06:00:00.000,2012,1,20,6,29004KT,12,11
2012-01-20 07:00:00.000,2012,1,20,7,30004KT,12,11
2012-01-20 08:00:00.000,2012,1,20,8,31003KT,12,11
2012-01-20 09:00:00.000,2012,1,20,9,30005KT,12,11
2012-01-20 10:00:00.000,2012,1,20,10,28004KT,11,10
2012-01-20 10:30:00.000,2012,1,20,10,32003KT,11,10
2012-01-20 11:00:00.000,2012,1,20,11,32003KT,11,10
2012-01-20 12:00:00.000,2012,1,20,12,VRB02KT,11,10
2012-01-20 13:00:00.000,2012,1,20,13,34003KT,12,10
2012-01-20 14:00:00.000,2012,1,20,14,33003KT,14,11
2012-01-20 15:00:00.000,2012,1,20,15,04004KT,15,11
2012-01-20 16:00:00.000,2012,1,20,16,VRB02KT,16,10
2012-01-20 17:00:00.000,2012,1,20,17,VRB02KT,17,10
2012-01-20 18:00:00.000,2012,1,20,18,24010KT,16,12
2012-01-20 19:00:00.000,2012,1,20,19,28008KT,17,12
2012-01-20 20:00:00.000,2012,1,20,20,30007KT,18,10
2012-01-20 20:20:00.000,2012,1,20,20,29009KT,18,12
2012-01-20 20:30:00.000,2012,1,20,20,02008KT,16,12
2012-01-20 20:35:00.000,2012,1,20,20,33011KT,14,10
2012-01-20 21:00:00.000,2012,1,20,21,10004KT,11,10
2012-01-20 22:00:00.000,2012,1,20,22,17006KT,12,11
2012-01-20 23:00:00.000,2012,1,20,23,20004KT,12,11
2012-01-21 00:00:00.000,2012,1,21,0,20004KT,12,10
2012-01-21 01:00:00.000,2012,1,21,1,05003KT,12,12
2012-01-21 02:00:00.000,2012,1,21,2,10004KT,12,11
2012-01-21 03:00:00.000,2012,1,21,3,30003KT,12,11
2012-01-21 04:00:00.000,2012,1,21,4,VRB02KT,12,11
2012-01-21 05:00:00.000,2012,1,21,5,VRB02KT,12,11
2012-01-21 06:00:00.000,2012,1,21,6,35003KT,12,11
2012-01-21 07:00:00.000,2012,1,21,7,VRB02KT,11,11
2012-01-21 08:00:00.000,2012,1,21,8,VRB02KT,11,10
2012-01-21 09:00:00.000,2012,1,21,9,23003KT,11,11
2012-01-21 10:00:00.000,2012,1,21,10,VRB02KT,12,11
2012-01-21 10:30:00.000,2012,1,21,10,04004KT,11,10
2012-01-21 11:00:00.000,2012,1,21,11,03004KT,10,10
2012-01-21 12:00:00.000,2012,1,21,12,VRB02KT,11,10
2012-01-21 13:00:00.000,2012,1,21,13,05005KT,12,11
2012-01-21 14:00:00.000,2012,1,21,14,VRB02KT,13,10
2012-01-21 15:00:00.000,2012,1,21,15,36004KT,15,11
2012-01-21 16:00:00.000,2012,1,21,16,03006KT,16,11
2012-01-21 17:00:00.000,2012,1,21,17,03005KT,17,10
2012-01-21 18:00:00.000,2012,1,21,18,01004KT,18,10
2012-01-21 19:00:00.000,2012,1,21,19,27006KT,17,11
2012-01-21 20:00:00.000,2012,1,21,20,30011KT,16,12
2012-01-21 21:00:00.000,2012,1,21,21,26014KT,16,12
2012-01-21 22:00:00.000,2012,1,21,22,16008KT,13,11
2012-01-21 22:10:00.000,2012,1,21,22,17007KT,12,11
2012-01-21 23:00:00.000,2012,1,21,23,16006KT,13,12
2012-01-22 00:00:00.000,2012,1,22,0,34003KT,13,11
2012-01-22 01:00:00.000,2012,1,22,1,21003KT,13,11
2012-01-22 02:00:00.000,2012,1,22,2,VRB02KT,12,11
2012-01-22 03:00:00.000,2012,1,22,3,00000KT,11,11
2012-01-22 04:00:00.000,2012,1,22,4,36003KT,11,10
2012-01-22 05:00:00.000,2012,1,22,5,03003KT,11,10
2012-01-22 06:00:00.000,2012,1,22,6,VRB02KT,11,09
2012-01-22 07:00:00.000,2012,1,22,7,32003KT,11,10
2012-01-22 08:00:00.000,2012,1,22,8,34003KT,11,10
2012-01-22 09:00:00.000,2012,1,22,9,04006KT,11,10
2012-01-22 10:00:00.000,2012,1,22,10,03005KT,11,10
2012-01-22 10:30:00.000,2012,1,22,10,06003KT,11,10
2012-01-22 11:00:00.000,2012,1,22,11,09004KT,11,10
2012-01-22 12:00:00.000,2012,1,22,12,05007KT,11,10
2012-01-22 13:00:00.000,2012,1,22,13,03008KT,12,10
2012-01-22 14:00:00.000,2012,1,22,14,03008KT,13,11
2012-01-22 15:00:00.000,2012,1,22,15,03010KT,14,11
2012-01-22 16:00:00.000,2012,1,22,16,04010KT,15,11
2012-01-22 17:00:00.000,2012,1,22,17,02009KT,17,11
2012-01-22 18:00:00.000,2012,1,22,18,02006KT,18,10
2012-01-22 19:00:00.000,2012,1,22,19,01009KT,16,12
2012-01-22 20:00:00.000,2012,1,22,20,23009KT,14,12
2012-01-22 21:00:00.000,2012,1,22,21,24012KT,15,12
2012-01-22 22:00:00.000,2012,1,22,22,25008KT,15,11
2012-01-22 23:00:00.000,2012,1,22,23,30007KT,14,11
2012-01-23 00:00:00.000,2012,1,23,0,26005KT,13,10
2012-01-23 01:00:00.000,2012,1,23,1,25004KT,13,10
2012-01-23 02:00:00.000,2012,1,23,2,27005KT,13,10
2012-01-23 03:00:00.000,2012,1,23,3,21003KT,12,10
2012-01-23 04:00:00.000,2012,1,23,4,25004KT,12,11
2012-01-23 04:35:00.000,2012,1,23,4,05005KT,12,11
2012-01-23 05:00:00.000,2012,1,23,5,02005KT,11,11
2012-01-23 06:00:00.000,2012,1,23,6,02004KT,12,11
2012-01-23 07:00:00.000,2012,1,23,7,VRB02KT,11,10
2012-01-23 08:00:00.000,2012,1,23,8,04004KT,11,11
2012-01-23 09:00:00.000,2012,1,23,9,VRB02KT,11,11
2012-01-23 10:00:00.000,2012,1,23,10,VRB02KT,11,11
2012-01-23 10:30:00.000,2012,1,23,10,VRB02KT,11,10
2012-01-23 11:00:00.000,2012,1,23,11,00000KT,11,11
2012-01-23 12:00:00.000,2012,1,23,12,36003KT,11,10
2012-01-23 13:00:00.000,2012,1,23,13,04005KT,12,11
2012-01-23 13:00:00.000,2012,1,23,13,04005KT,12,11
2012-01-23 13:25:00.000,2012,1,23,13,15004KT,23,23
2012-01-23 14:00:00.000,2012,1,23,14,23004KT,13,10
2012-01-23 15:00:00.000,2012,1,23,15,VRB02KT,16,09
2012-01-23 16:00:00.000,2012,1,23,16,VRB02KT,17,09
2012-01-23 17:00:00.000,2012,1,23,17,03005KT,18,08
2012-01-23 18:00:00.000,2012,1,23,18,29007KT,17,10
2012-01-23 19:00:00.000,2012,1,23,19,28012KT,19,11
2012-01-23 20:00:00.000,2012,1,23,20,25012KT,18,11
2012-01-23 21:00:00.000,2012,1,23,21,28011KT,16,11
2012-01-23 22:00:00.000,2012,1,23,22,27009KT,15,11
2012-01-23 22:33:00.000,2012,1,23,22,28007KT,15,12
2012-01-23 23:00:00.000,2012,1,23,23,25008KT,13,13
2012-01-24 00:00:00.000,2012,1,24,0,20004KT,13,11
2012-01-24 01:00:00.000,2012,1,24,1,VRB02KT,12,11
2012-01-24 02:00:00.000,2012,1,24,2,17003KT,12,11
2012-01-24 03:00:00.000,2012,1,24,3,19003KT,12,11
2012-01-24 04:00:00.000,2012,1,24,4,22003KT,12,11
2012-01-24 05:00:00.000,2012,1,24,5,VRB02KT,12,11
2012-01-24 06:00:00.000,2012,1,24,6,VRB02KT,12,11
2012-01-24 08:00:00.000,2012,1,24,8,00000KT,12,11
2012-01-24 09:00:00.000,2012,1,24,9,33003KT,12,11
2012-01-24 10:00:00.000,2012,1,24,10,00000KT,11,11
2012-01-24 10:30:00.000,2012,1,24,10,VRB02KT,11,11
2012-01-24 11:00:00.000,2012,1,24,11,VRB02KT,11,10
2012-01-24 12:00:00.000,2012,1,24,12,03003KT,12,10
2012-01-24 13:00:00.000,2012,1,24,13,03006KT,12,10
2012-01-24 14:00:00.000,2012,1,24,14,02005KT,14,09
2012-01-24 15:00:00.000,2012,1,24,15,31004KT,16,10
2012-01-24 16:00:00.000,2012,1,24,16,05004KT,17,09
2012-01-24 17:00:00.000,2012,1,24,17,26009KT,18,11
2012-01-24 18:00:00.000,2012,1,24,18,28006KT,18,11
2012-01-24 18:25:00.000,2012,1,24,18,29017KT,18,12
2012-01-24 19:00:00.000,2012,1,24,19,28012KT,17,11
2012-01-24 19:25:00.000,2012,1,24,19,26015KT,16,11
2012-01-24 20:00:00.000,2012,1,24,20,26009KT,17,10
2012-01-24 21:00:00.000,2012,1,24,21,24010KT,17,09
2012-01-24 22:00:00.000,2012,1,24,22,29010KT,16,09
2012-01-24 23:00:00.000,2012,1,24,23,30010KT,15,10
2012-01-25 00:00:00.000,2012,1,25,0,31006KT,13,11
2012-01-25 01:00:00.000,2012,1,25,1,31007KT,13,11
2012-01-25 02:00:00.000,2012,1,25,2,27003KT,13,11
2012-01-25 03:00:00.000,2012,1,25,3,30007KT,13,11
2012-01-25 04:00:00.000,2012,1,25,4,32006KT,12,10
2012-01-25 05:00:00.000,2012,1,25,5,30004KT,12,10
2012-01-25 06:00:00.000,2012,1,25,6,28006KT,12,10
2012-01-25 07:00:00.000,2012,1,25,7,28003KT,11,10
2012-01-25 08:00:00.000,2012,1,25,8,33004KT,11,10
2012-01-25 09:00:00.000,2012,1,25,9,VRB02KT,11,09
2012-01-25 10:00:00.000,2012,1,25,10,VRB02KT,11,09
2012-01-25 10:30:00.000,2012,1,25,10,VRB02KT,11,09
2012-01-25 11:00:00.000,2012,1,25,11,VRB02KT,11,09
2012-01-25 12:00:00.000,2012,1,25,12,VRB02KT,11,09
2012-01-25 13:00:00.000,2012,1,25,13,30004KT,13,10
2012-01-25 14:00:00.000,2012,1,25,14,VRB02KT,15,10
2012-01-25 15:00:00.000,2012,1,25,15,04005KT,17,11
2012-01-25 16:00:00.000,2012,1,25,16,02006KT,17,09
2012-01-25 17:00:00.000,2012,1,25,17,29012KT,19,10
2012-01-25 18:00:00.000,2012,1,25,18,29014KT,19,12
2012-01-25 19:00:00.000,2012,1,25,19,27015KT,18,11
2012-01-25 20:00:00.000,2012,1,25,20,27014KT,16,11
2012-01-25 21:00:00.000,2012,1,25,21,27010KT,16,11
2012-01-25 22:00:00.000,2012,1,25,22,25010KT,16,11
2012-01-25 23:00:00.000,2012,1,25,23,26006KT,14,11
2012-01-26 00:00:00.000,2012,1,26,0,22005KT,13,10
2012-01-26 01:00:00.000,2012,1,26,1,31005KT,12,10
2012-01-26 02:00:00.000,2012,1,26,2,28006KT,12,10
2012-01-26 03:00:00.000,2012,1,26,3,29002KT,11,10
2012-01-26 04:00:00.000,2012,1,26,4,23004KT,11,10
2012-01-26 05:00:00.000,2012,1,26,5,31003KT,11,10
2012-01-26 06:00:00.000,2012,1,26,6,27005KT,11,10
2012-01-26 07:00:00.000,2012,1,26,7,34003KT,09,08
2012-01-26 07:10:00.000,2012,1,26,7,VRB02KT,09,08
2012-01-26 08:00:00.000,2012,1,26,8,28003KT,08,08
2012-01-26 09:00:00.000,2012,1,26,9,00000KT,08,08
2012-01-26 10:00:00.000,2012,1,26,10,32003KT,08,08
2012-01-26 10:30:00.000,2012,1,26,10,33003KT,08,08
2012-01-26 11:00:00.000,2012,1,26,11,31004KT,08,08
2012-01-26 11:36:00.000,2012,1,26,11,05004KT,09,09
2012-01-26 12:00:00.000,2012,1,26,12,VRB02KT,09,09
2012-01-26 13:00:00.000,2012,1,26,13,01004KT,12,11
2012-01-26 14:00:00.000,2012,1,26,14,00000KT,15,10
2012-01-26 15:00:00.000,2012,1,26,15,08003KT,16,08
2012-01-26 16:00:00.000,2012,1,26,16,36003KT,18,09
2012-01-26 17:00:00.000,2012,1,26,17,20005KT,19,08
2012-01-26 18:00:00.000,2012,1,26,18,27010KT,18,11
2012-01-26 19:00:00.000,2012,1,26,19,27012KT,19,12
2012-01-26 20:00:00.000,2012,1,26,20,27012KT,17,12
2012-01-26 21:00:00.000,2012,1,26,21,28009KT,15,12
2012-01-26 22:00:00.000,2012,1,26,22,28005KT,15,12
2012-01-26 23:00:00.000,2012,1,26,23,31006KT,14,11
2012-01-27 00:00:00.000,2012,1,27,0,31005KT,14,11
2012-01-27 01:00:00.000,2012,1,27,1,28003KT,14,10
2012-01-27 02:00:00.000,2012,1,27,2,34004KT,13,10
2012-01-27 03:00:00.000,2012,1,27,3,VRB02KT,13,10
2012-01-27 04:00:00.000,2012,1,27,4,VRB02KT,12,10
2012-01-27 05:00:00.000,2012,1,27,5,VRB02KT,12,10
2012-01-27 06:00:00.000,2012,1,27,6,VRB02KT,12,10
2012-01-27 07:00:00.000,2012,1,27,7,21003KT,12,10
2012-01-27 08:00:00.000,2012,1,27,8,02003KT,11,10
2012-01-27 09:00:00.000,2012,1,27,9,29003KT,11,10
2012-01-27 10:00:00.000,2012,1,27,10,06003KT,11,10
2012-01-27 11:00:00.000,2012,1,27,11,07004KT,12,09
2012-01-27 12:00:00.000,2012,1,27,12,03006KT,12,09
2012-01-27 13:00:00.000,2012,1,27,13,10007KT,14,09
2012-01-27 14:00:00.000,2012,1,27,14,06005KT,15,09
2012-01-27 15:00:00.000,2012,1,27,15,14007KT,16,08
2012-01-27 16:00:00.000,2012,1,27,16,06009KT,17,08
2012-01-27 17:00:00.000,2012,1,27,17,25004KT,18,08
2012-01-27 18:00:00.000,2012,1,27,18,00000KT,19,08
2012-01-27 19:00:00.000,2012,1,27,19,26007KT,18,10
2012-01-27 20:00:00.000,2012,1,27,20,28007KT,18,11
2012-01-27 21:00:00.000,2012,1,27,21,26013KT,17,11
2012-01-27 22:00:00.000,2012,1,27,22,27008KT,15,11
2012-01-27 22:30:00.000,2012,1,27,22,19003KT,15,12
2012-01-27 23:00:00.000,2012,1,27,23,27006KT,13,12
2012-01-27 23:25:00.000,2012,1,27,23,VRB02KT,13,12
2012-01-28 00:00:00.000,2012,1,28,0,27006KT,14,12
2012-01-28 01:00:00.000,2012,1,28,1,VRB02KT,13,12
2012-01-28 02:00:00.000,2012,1,28,2,VRB02KT,13,12
2012-01-28 03:00:00.000,2012,1,28,3,33004KT,13,11
2012-01-28 04:00:00.000,2012,1,28,4,VRB02KT,13,11
2012-01-28 05:00:00.000,2012,1,28,5,02004KT,12,11
2012-01-28 06:00:00.000,2012,1,28,6,05004KT,12,10
2012-01-28 07:00:00.000,2012,1,28,7,02004KT,12,10
2012-01-28 08:00:00.000,2012,1,28,8,VRB02KT,12,10
2012-01-28 09:00:00.000,2012,1,28,9,04006KT,10,09
2012-01-28 10:00:00.000,2012,1,28,10,06006KT,10,09
2012-01-28 10:30:00.000,2012,1,28,10,04004KT,10,08
2012-01-28 11:00:00.000,2012,1,28,11,05004KT,09,08
2012-01-28 12:00:00.000,2012,1,28,12,05004KT,10,09
2012-01-28 13:00:00.000,2012,1,28,13,04006KT,12,10
2012-01-28 14:00:00.000,2012,1,28,14,06006KT,15,10
2012-01-28 15:00:00.000,2012,1,28,15,10009KT,16,08
2012-01-28 16:00:00.000,2012,1,28,16,15012KT,17,08
2012-01-28 17:00:00.000,2012,1,28,17,10005KT,18,08
2012-01-28 18:00:00.000,2012,1,28,18,17009KT,20,08
2012-01-28 19:00:00.000,2012,1,28,19,15008KT,21,06
2012-01-28 20:00:00.000,2012,1,28,20,21010KT,21,09
2012-01-28 21:00:00.000,2012,1,28,21,28010KT,17,11
2012-01-28 22:00:00.000,2012,1,28,22,30009KT,16,12
2012-01-28 23:00:00.000,2012,1,28,23,27009KT,15,12
2012-01-29 00:00:00.000,2012,1,29,0,25004KT,14,11
2012-01-29 01:00:00.000,2012,1,29,1,25004KT,14,11
2012-01-29 02:00:00.000,2012,1,29,2,00000KT,13,11
2012-01-29 03:00:00.000,2012,1,29,3,03006KT,13,10
2012-01-29 04:00:00.000,2012,1,29,4,04006KT,12,09
2012-01-29 05:00:00.000,2012,1,29,5,07004KT,11,09
2012-01-29 06:00:00.000,2012,1,29,6,31004KT,09,08
2012-01-29 07:00:00.000,2012,1,29,7,VRB02KT,09,08
2012-01-29 08:00:00.000,2012,1,29,8,08006KT,10,09
2012-01-29 09:00:00.000,2012,1,29,9,05005KT,10,08
2012-01-29 10:00:00.000,2012,1,29,10,04004KT,10,08
2012-01-29 11:00:00.000,2012,1,29,11,04004KT,08,08
2012-01-29 12:00:00.000,2012,1,29,12,VRB02KT,10,09
2012-01-29 13:00:00.000,2012,1,29,13,04003KT,13,09
2012-01-29 14:00:00.000,2012,1,29,14,03004KT,15,09
2012-01-29 15:00:00.000,2012,1,29,15,06005KT,16,10
2012-01-29 16:00:00.000,2012,1,29,16,07004KT,18,09
2012-01-29 17:00:00.000,2012,1,29,17,16006KT,20,09
2012-01-29 18:00:00.000,2012,1,29,18,05006KT,19,08
2012-01-29 19:00:00.000,2012,1,29,19,27006KT,18,11
2012-01-29 20:00:00.000,2012,1,29,20,26008KT,17,11
2012-01-29 21:00:00.000,2012,1,29,21,26008KT,18,12
2012-01-29 22:00:00.000,2012,1,29,22,27010KT,16,12
2012-01-29 23:00:00.000,2012,1,29,23,25008KT,14,13
2012-01-30 00:00:00.000,2012,1,30,0,22004KT,14,12
2012-01-30 01:00:00.000,2012,1,30,1,VRB02KT,12,11
2012-01-30 02:00:00.000,2012,1,30,2,VRB02KT,12,11
2012-01-30 03:00:00.000,2012,1,30,3,VRB02KT,12,11
2012-01-30 04:00:00.000,2012,1,30,4,VRB02KT,12,11
2012-01-30 05:00:00.000,2012,1,30,5,07005KT,12,10
2012-01-30 06:00:00.000,2012,1,30,6,VRB02KT,11,09
2012-01-30 07:00:00.000,2012,1,30,7,VRB02KT,11,10
2012-01-30 08:00:00.000,2012,1,30,8,05006KT,11,10
2012-01-30 09:00:00.000,2012,1,30,9,00000KT,10,09
2012-01-30 10:00:00.000,2012,1,30,10,VRB02KT,08,08
2012-01-30 11:00:00.000,2012,1,30,11,VRB02KT,09,08
2012-01-30 12:00:00.000,2012,1,30,12,03004KT,10,09
2012-01-30 13:00:00.000,2012,1,30,13,04005KT,12,10
2012-01-30 14:00:00.000,2012,1,30,14,02006KT,15,10
2012-01-30 15:00:00.000,2012,1,30,15,11015KT,18,09
2012-01-30 16:00:00.000,2012,1,30,16,03004KT,18,09
2012-01-30 17:00:00.000,2012,1,30,17,28005KT,19,11
2012-01-30 18:00:00.000,2012,1,30,18,04008KT,18,10
2012-01-30 19:00:00.000,2012,1,30,19,29010KT,16,12
2012-01-30 20:00:00.000,2012,1,30,20,27012KT,14,13
2012-01-30 21:00:00.000,2012,1,30,21,29007KT,15,12
2012-01-30 23:00:00.000,2012,1,30,23,30005KT,13,11
2012-01-31 00:00:00.000,2012,1,31,0,31004KT,12,10
2012-01-31 01:00:00.000,2012,1,31,1,30005KT,12,11
2012-01-31 02:00:00.000,2012,1,31,2,VRB02KT,12,10
2012-01-31 03:00:00.000,2012,1,31,3,05004KT,12,10
2012-01-31 04:00:00.000,2012,1,31,4,05003KT,12,11
2012-01-31 05:00:00.000,2012,1,31,5,25005KT,12,11
2012-01-31 06:00:00.000,2012,1,31,6,04004KT,11,10
2012-01-31 07:00:00.000,2012,1,31,7,VRB02KT,10,09
2012-01-31 08:00:00.000,2012,1,31,8,VRB02KT,09,08
2012-01-31 09:00:00.000,2012,1,31,9,25004KT,08,08
2012-01-31 10:00:00.000,2012,1,31,10,VRB02KT,07,06
2012-01-31 11:00:00.000,2012,1,31,11,35003KT,07,07
2012-01-31 12:00:00.000,2012,1,31,12,05004KT,07,07
2012-01-31 14:00:00.000,2012,1,31,14,03006KT,11,11
2012-01-31 15:00:00.000,2012,1,31,15,04010KT,16,11
2012-01-31 16:00:00.000,2012,1,31,16,03010KT,17,09
2012-01-31 17:00:00.000,2012,1,31,17,06010KT,18,11
2012-01-31 18:00:00.000,2012,1,31,18,05011KT,19,08
2012-01-31 19:00:00.000,2012,1,31,19,26007KT,18,11
2012-01-31 20:00:00.000,2012,1,31,20,24007KT,19,11
2012-01-31 21:00:00.000,2012,1,31,21,32007KT,18,12
2012-01-31 22:00:00.000,2012,1,31,22,30008KT,15,12
2012-01-31 23:00:00.000,2012,1,31,23,28004KT,14,12
2012-02-01 00:00:00.000,2012,2,1,0,05008KT,14,06
2012-02-01 01:00:00.000,2012,2,1,1,VRB02KT,13,12
2012-02-01 02:00:00.000,2012,2,1,2,11006KT,13,08
2012-02-01 03:00:00.000,2012,2,1,3,07006KT,12,09
2012-02-01 04:00:00.000,2012,2,1,4,01003KT,12,11
2012-02-01 05:00:00.000,2012,2,1,5,02004KT,10,08
2012-02-01 06:00:00.000,2012,2,1,6,06006KT,09,08
2012-02-01 07:00:00.000,2012,2,1,7,06006KT,09,08
2012-02-01 08:00:00.000,2012,2,1,8,05007KT,10,08
2012-02-01 10:00:00.000,2012,2,1,10,07005KT,10,08
2012-02-01 11:00:00.000,2012,2,1,11,03005KT,07,06
2012-02-01 12:00:00.000,2012,2,1,12,VRB02KT,08,07
2012-02-01 13:00:00.000,2012,2,1,13,03004KT,11,08
2012-02-01 14:00:00.000,2012,2,1,14,06006KT,15,08
2012-02-01 15:00:00.000,2012,2,1,15,VRB02KT,16,09
2012-02-01 16:00:00.000,2012,2,1,16,VRB02KT,17,09
2012-02-01 17:00:00.000,2012,2,1,17,03006KT,18,08
2012-02-01 18:00:00.000,2012,2,1,18,01008KT,18,07
2012-02-01 19:00:00.000,2012,2,1,19,23014KT,15,12
2012-02-01 20:00:00.000,2012,2,1,20,21004KT,15,12
2012-02-01 21:00:00.000,2012,2,1,21,32010KT,15,12
2012-02-01 22:00:00.000,2012,2,1,22,VRB02KT,14,10
2012-02-01 23:00:00.000,2012,2,1,23,04010KT,15,09
2012-02-02 00:00:00.000,2012,2,2,0,04005KT,14,09
2012-02-02 01:00:00.000,2012,2,2,1,34003KT,13,10
2012-02-02 02:00:00.000,2012,2,2,2,04003KT,13,10
2012-02-02 03:00:00.000,2012,2,2,3,32003KT,12,09
2012-02-02 04:00:00.000,2012,2,2,4,VRB02KT,12,09
2012-02-02 05:00:00.000,2012,2,2,5,02003KT,11,09
2012-02-02 06:00:00.000,2012,2,2,6,36004KT,11,09
2012-02-02 07:00:00.000,2012,2,2,7,22003KT,11,09
2012-02-02 08:00:00.000,2012,2,2,8,02006KT,11,09
2012-02-02 09:00:00.000,2012,2,2,9,VRB02KT,10,09
2012-02-02 10:00:00.000,2012,2,2,10,27003KT,10,08
2012-02-02 11:00:00.000,2012,2,2,11,00000KT,09,08
2012-02-02 12:00:00.000,2012,2,2,12,00000KT,11,08
2012-02-02 13:00:00.000,2012,2,2,13,04004KT,12,09
2012-02-02 14:00:00.000,2012,2,2,14,VRB02KT,14,09
2012-02-02 15:00:00.000,2012,2,2,15,VRB02KT,17,09
2012-02-02 16:00:00.000,2012,2,2,16,31005KT,19,08
2012-02-02 17:00:00.000,2012,2,2,17,27003KT,20,07
2012-02-02 18:00:00.000,2012,2,2,18,04008KT,20,09
2012-02-02 19:00:00.000,2012,2,2,19,24008KT,19,12
2012-02-02 20:00:00.000,2012,2,2,20,24008KT,18,13
2012-02-02 21:00:00.000,2012,2,2,21,29007KT,18,13
2012-02-02 22:00:00.000,2012,2,2,22,29010KT,16,13
2012-02-02 23:00:00.000,2012,2,2,23,31007KT,15,12
2012-02-03 01:00:00.000,2012,2,3,1,33004KT,14,12
2012-02-03 02:00:00.000,2012,2,3,2,34004KT,13,11
2012-02-03 03:00:00.000,2012,2,3,3,VRB02KT,12,11
2012-02-03 04:00:00.000,2012,2,3,4,VRB02KT,12,11
2012-02-03 05:00:00.000,2012,2,3,5,VRB02KT,10,09
2012-02-03 06:00:00.000,2012,2,3,6,33004KT,09,08
2012-02-03 07:00:00.000,2012,2,3,7,04004KT,09,08
2012-02-03 08:00:00.000,2012,2,3,8,VRB02KT,08,08
2012-02-03 09:00:00.000,2012,2,3,9,04004KT,07,07
2012-02-03 10:00:00.000,2012,2,3,10,05006KT,07,07
2012-02-03 11:00:00.000,2012,2,3,11,04006KT,09,08
2012-02-03 12:00:00.000,2012,2,3,12,06006KT,10,08
2012-02-03 13:00:00.000,2012,2,3,13,05006KT,13,09
2012-02-03 14:00:00.000,2012,2,3,14,07008KT,15,09
2012-02-03 15:00:00.000,2012,2,3,15,04007KT,16,08
2012-02-03 16:00:00.000,2012,2,3,16,12010KT,18,08
2012-02-03 17:00:00.000,2012,2,3,17,12010KT,19,08
2012-02-03 18:00:00.000,2012,2,3,18,08010KT,19,09
2012-02-03 19:00:00.000,2012,2,3,19,14012KT,19,08
2012-02-03 20:00:00.000,2012,2,3,20,20008KT,18,11
2012-02-03 21:00:00.000,2012,2,3,21,23008KT,17,13
2012-02-03 22:00:00.000,2012,2,3,22,12006KT,17,12
2012-02-03 23:00:00.000,2012,2,3,23,04006KT,15,11
2012-02-04 00:00:00.000,2012,2,4,0,07005KT,15,09
2012-02-04 01:00:00.000,2012,2,4,1,07004KT,14,09
2012-02-04 02:00:00.000,2012,2,4,2,03006KT,14,09
2012-02-04 03:00:00.000,2012,2,4,3,05004KT,14,09
2012-02-04 04:00:00.000,2012,2,4,4,35004KT,13,09
2012-02-04 05:00:00.000,2012,2,4,5,04006KT,12,09
2012-02-04 06:00:00.000,2012,2,4,6,030007T,12,09
2012-02-04 07:00:00.000,2012,2,4,7,35003KT,11,09
2012-02-04 08:00:00.000,2012,2,4,8,34004KT,09,08
2012-02-04 09:00:00.000,2012,2,4,9,02003KT,08,07
2012-02-04 10:00:00.000,2012,2,4,10,06004KT,09,08
2012-02-04 11:00:00.000,2012,2,4,11,01003KT,08,07
2012-02-04 12:00:00.000,2012,2,4,12,07004KT,10,08
2012-02-04 13:00:00.000,2012,2,4,13,04006KT,13,09
2012-02-04 14:00:00.000,2012,2,4,14,09010KT,15,08
2012-02-04 15:00:00.000,2012,2,4,15,03014KT,17,07
2012-02-04 16:00:00.000,2012,2,4,16,12012KT,19,07
2012-02-04 17:00:00.000,2012,2,4,17,18008KT,20,06
2012-02-04 18:00:00.000,2012,2,4,18,15011KT,21,06
2012-02-04 19:00:00.000,2012,2,4,19,13014KT,22,04
2012-02-04 20:00:00.000,2012,2,4,20,13018KT,20,09
2012-02-04 21:00:00.000,2012,2,4,21,13015KT,18,08
2012-02-04 22:00:00.000,2012,2,4,22,15011KT,16,09
2012-02-04 23:00:00.000,2012,2,4,23,10007KT,15,06
2012-02-05 00:00:00.000,2012,2,5,0,11010KT,14,07
2012-02-05 01:00:00.000,2012,2,5,1,11008KT,14,07
2012-02-05 02:00:00.000,2012,2,5,2,11006KT,13,07
2012-02-05 03:00:00.000,2012,2,5,3,06004KT,12,08
2012-02-05 04:00:00.000,2012,2,5,4,04005KT,10,08
2012-02-05 05:00:00.000,2012,2,5,5,00000KT,11,10
2012-02-05 06:00:00.000,2012,2,5,6,05005KT,10,08
2012-02-05 07:00:00.000,2012,2,5,7,06004KT,09,07
2012-02-05 08:00:00.000,2012,2,5,8,06005KT,10,08
2012-02-05 09:00:00.000,2012,2,5,9,VRB02KT,10,08
2012-02-05 10:00:00.000,2012,2,5,10,04004KT,10,08
2012-02-05 11:00:00.000,2012,2,5,11,VRB02KT,10,08
2012-02-05 12:00:00.000,2012,2,5,12,30003KT,12,08
2012-02-05 13:00:00.000,2012,2,5,13,34003KT,12,08
2012-02-05 14:00:00.000,2012,2,5,14,06008KT,14,09
2012-02-05 15:00:00.000,2012,2,5,15,35004KT,15,09
2012-02-05 16:00:00.000,2012,2,5,16,02008KT,16,09
2012-02-05 17:00:00.000,2012,2,5,17,06009KT,17,10
2012-02-05 18:00:00.000,2012,2,5,18,22005KT,,
2012-02-05 19:00:00.000,2012,2,5,19,05008KT,18,09
2012-02-05 20:00:00.000,2012,2,5,20,05005KT,18,09
2012-02-05 21:00:00.000,2012,2,5,21,26005KT,16,11
2012-02-05 22:00:00.000,2012,2,5,22,06008KT,15,12
2012-02-05 23:00:00.000,2012,2,5,23,VRB02KT,14,11
2012-02-06 00:00:00.000,2012,2,6,0,25003KT,14,12
2012-02-06 01:00:00.000,2012,2,6,1,VRB02KT,14,12
2012-02-06 02:00:00.000,2012,2,6,2,04008KT,14,10
2012-02-06 03:00:00.000,2012,2,6,3,04006KT,13,10
2012-02-06 04:00:00.000,2012,2,6,4,03004KT,13,10
2012-02-06 05:00:00.000,2012,2,6,5,VRB02KT,13,10
2012-02-06 06:00:00.000,2012,2,6,6,23003KT,13,11
2012-02-06 07:00:00.000,2012,2,6,7,20003KT,12,11
2012-02-06 08:00:00.000,2012,2,6,8,27003KT,12,11
2012-02-06 09:00:00.000,2012,2,6,9,VRB02KT,12,11
2012-02-06 10:00:00.000,2012,2,6,10,10003KT,12,11
2012-02-06 10:30:00.000,2012,2,6,10,15004KT,12,11
2012-02-06 12:00:00.000,2012,2,6,12,05004KT,12,11
2012-02-06 13:00:00.000,2012,2,6,13,05005KT,12,11
2012-02-06 14:00:00.000,2012,2,6,14,03008KT,13,12
2012-02-06 15:00:00.000,2012,2,6,15,03008KT,15,12
2012-02-06 16:00:00.000,2012,2,6,16,02006KT,16,11
2012-02-06 17:00:00.000,2012,2,6,17,29005KT,15,13
2012-02-06 18:00:00.000,2012,2,6,18,08004KT,14,12
2012-02-06 19:00:00.000,2012,2,6,19,18006KT,15,12
2012-02-06 20:00:00.000,2012,2,6,20,06006KT,15,11
2012-02-06 21:00:00.000,2012,2,6,21,09012KT,15,09
2012-02-06 22:00:00.000,2012,2,6,22,05009KT,14,10
2012-02-06 23:00:00.000,2012,2,6,23,04008KT,13,10
2012-02-07 00:00:00.000,2012,2,7,0,05006KT,13,10
2012-02-07 01:00:00.000,2012,2,7,1,10004KT,13,10
2012-02-07 02:00:00.000,2012,2,7,2,07006KT,12,10
2012-02-07 03:00:00.000,2012,2,7,3,07010KT,12,10
2012-02-07 04:00:00.000,2012,2,7,4,04008KT,12,10
2012-02-07 05:00:00.000,2012,2,7,5,11004KT,12,10
2012-02-07 06:00:00.000,2012,2,7,6,07006KT,11,10
2012-02-07 07:00:00.000,2012,2,7,7,00000KT,11,10
2012-02-07 08:00:00.000,2012,2,7,8,03004KT,12,10
2012-02-07 09:00:00.000,2012,2,7,9,05004KT,12,10
2012-02-07 10:00:00.000,2012,2,7,10,VRB02KT,12,10
2012-02-07 11:00:00.000,2012,2,7,11,VRB02KT,12,10
2012-02-07 12:00:00.000,2012,2,7,12,03004KT,12,11
2012-02-07 13:00:00.000,2012,2,7,13,05005KT,14,11
2012-02-07 14:00:00.000,2012,2,7,14,07008KT,15,10
2012-02-07 15:00:00.000,2012,2,7,15,06008KT,16,10
2012-02-07 16:00:00.000,2012,2,7,16,07008KT,17,11
2012-02-07 17:00:00.000,2012,2,7,17,05012KT,17,12
2012-02-07 18:00:00.000,2012,2,7,18,05010KT,17,10
2012-02-07 19:00:00.000,2012,2,7,19,18006KT,17,12
2012-02-07 20:00:00.000,2012,2,7,20,16006KT,18,10
2012-02-07 21:00:00.000,2012,2,7,21,06009KT,19,10
2012-02-07 22:00:00.000,2012,2,7,22,02005KT,18,10
2012-02-07 23:00:00.000,2012,2,7,23,22007KT,15,12
2012-02-08 00:00:00.000,2012,2,8,0,VRB02KT,13,12
2012-02-08 01:00:00.000,2012,2,8,1,02003KT,13,11
2012-02-08 02:00:00.000,2012,2,8,2,VRB02KT,13,11
2012-02-08 03:00:00.000,2012,2,8,3,VRB02KT,13,11
2012-02-08 03:35:00.000,2012,2,8,3,13005KT,14,11
2012-02-08 04:00:00.000,2012,2,8,4,VRB02KT,13,11
2012-02-08 05:00:00.000,2012,2,8,5,05004KT,12,10
2012-02-08 06:00:00.000,2012,2,8,6,03005KT,12,10
2012-02-08 07:00:00.000,2012,2,8,7,05003KT,10,09
2012-02-08 08:00:00.000,2012,2,8,8,VRB02KT,11,10
2012-02-08 09:00:00.000,2012,2,8,9,34003KT,09,08
2012-02-08 10:00:00.000,2012,2,8,10,VRB02KT,09,08
2012-02-08 10:30:00.000,2012,2,8,10,03005KT,11,10
2012-02-08 11:00:00.000,2012,2,8,11,06006KT,11,10
2012-02-08 12:00:00.000,2012,2,8,12,05005KT,11,10
2012-02-08 13:00:00.000,2012,2,8,13,05008KT,14,10
2012-02-08 14:00:00.000,2012,2,8,14,03006KT,14,10
2012-02-08 15:00:00.000,2012,2,8,15,04011KT,15,11
2012-02-08 16:00:00.000,2012,2,8,16,04010KT,16,11
2012-02-08 17:00:00.000,2012,2,8,17,07010KT,18,09
2012-02-08 17:33:00.000,2012,2,8,17,08018KT,18,09
2012-02-08 18:00:00.000,2012,2,8,18,08014KT,18,09
2012-02-08 19:00:00.000,2012,2,8,19,12012KT,19,07
2012-02-08 20:00:00.000,2012,2,8,20,16010KT,18,10
2012-02-08 21:00:00.000,2012,2,8,21,26012KT,16,12
2012-02-08 22:00:00.000,2012,2,8,22,30010KT,15,12
2012-02-08 23:00:00.000,2012,2,8,23,24010KT,14,12
2012-02-09 00:00:00.000,2012,2,9,0,29004KT,12,11
2012-02-09 01:00:00.000,2012,2,9,1,31005KT,12,11
2012-02-09 02:00:00.000,2012,2,9,2,34005KT,11,10
2012-02-09 03:00:00.000,2012,2,9,3,32004KT,11,10
2012-02-09 04:00:00.000,2012,2,9,4,34003KT,10,09
2012-02-09 05:00:00.000,2012,2,9,5,20003KT,11,10
2012-02-09 06:00:00.000,2012,2,9,6,30003KT,10,09
2012-02-09 07:00:00.000,2012,2,9,7,VRB02KT,10,09
2012-02-09 08:00:00.000,2012,2,9,8,VRB02KT,09,08
2012-02-09 09:00:00.000,2012,2,9,9,VRB02KT,08,07
2012-02-09 10:00:00.000,2012,2,9,10,VRB02KT,07,07
2012-02-09 10:30:00.000,2012,2,9,10,VRB02KT,06,06
2012-02-09 11:00:00.000,2012,2,9,11,VRB02KT,06,06
2012-02-09 11:09:00.000,2012,2,9,11,VRB02KT,06,06
2012-02-09 12:00:00.000,2012,2,9,12,VRB02KT,07,07
2012-02-09 13:00:00.000,2012,2,9,13,VRB02KT,10,09
2012-02-09 14:00:00.000,2012,2,9,14,02003KT,12,10
2012-02-09 15:00:00.000,2012,2,9,15,04006KT,15,10
2012-02-09 16:00:00.000,2012,2,9,16,02004KT,16,09
2012-02-09 17:00:00.000,2012,2,9,17,06004KT,16,09
2012-02-09 18:00:00.000,2012,2,9,18,VRB02KT,17,10
2012-02-09 19:00:00.000,2012,2,9,19,01006KT,18,09
2012-02-09 21:00:00.000,2012,2,9,21,VRB02KT,19,09
2012-02-09 22:00:00.000,2012,2,9,22,31006KT,17,12
2012-02-09 23:00:00.000,2012,2,9,23,28008KT,16,13
2012-02-10 00:00:00.000,2012,2,10,0,26006KT,14,11
2012-02-10 01:00:00.000,2012,2,10,1,29004KT,13,11
2012-02-10 02:00:00.000,2012,2,10,2,VRB02KT,12,10
2012-02-10 03:00:00.000,2012,2,10,3,VRB02KT,12,10
2012-02-10 04:00:00.000,2012,2,10,4,VRB02KT,11,09
2012-02-10 05:00:00.000,2012,2,10,5,00000KT,12,10
2012-02-10 06:00:00.000,2012,2,10,6,VRB02KT,12,11
2012-02-10 07:00:00.000,2012,2,10,7,VRB02KT,12,11
2012-02-10 08:00:00.000,2012,2,10,8,VRB02KT,12,10
2012-02-10 09:00:00.000,2012,2,10,9,VRB02KT,12,10
2012-02-10 10:00:00.000,2012,2,10,10,14003KT,12,10
2012-02-10 11:00:00.000,2012,2,10,11,03005KT,10,09
2012-02-10 12:00:00.000,2012,2,10,12,06006KT,12,10
2012-02-10 13:00:00.000,2012,2,10,13,06006KT,14,10
2012-02-10 14:00:00.000,2012,2,10,14,03003KT,17,10
2012-02-10 15:00:00.000,2012,2,10,15,06006KT,17,10
2012-02-10 16:00:00.000,2012,2,10,16,02003KT,18,10
2012-02-10 17:00:00.000,2012,2,10,17,33003KT,18,09
2012-02-10 18:00:00.000,2012,2,10,18,25014KT,17,12
2012-02-10 19:00:00.000,2012,2,10,19,26014KT,18,11
2012-02-10 20:00:00.000,2012,2,10,20,29007KT,17,10
2012-02-10 21:00:00.000,2012,2,10,21,26007KT,16,10
2012-02-10 22:00:00.000,2012,2,10,22,19008KT,15,10
2012-02-10 23:00:00.000,2012,2,10,23,20004KT,15,11
2012-02-11 00:00:00.000,2012,2,11,0,VRB02KT,13,11
2012-02-11 01:00:00.000,2012,2,11,1,VRB02KT,14,11
2012-02-11 02:00:00.000,2012,2,11,2,VRB02KT,14,11
2012-02-11 03:00:00.000,2012,2,11,3,26004KT,14,11
2012-02-11 04:00:00.000,2012,2,11,4,VRB02KT,12,10
2012-02-11 05:00:00.000,2012,2,11,5,VRB02KT,12,11
2012-02-11 06:00:00.000,2012,2,11,6,23006KT,12,10
2012-02-11 07:00:00.000,2012,2,11,7,VRB02KT,12,10
2012-02-11 08:00:00.000,2012,2,11,8,VRB02KT,11,10
2012-02-11 09:00:00.000,2012,2,11,9,VRB02KT,11,10
2012-02-11 10:00:00.000,2012,2,11,10,03004KT,11,10
2012-02-11 11:00:00.000,2012,2,11,11,04006KT,10,10
2012-02-11 11:10:00.000,2012,2,11,11,04005KT,10,10
2012-02-11 12:00:00.000,2012,2,11,12,03005KT,11,10
2012-02-11 13:00:00.000,2012,2,11,13,05004KT,13,10
2012-02-11 14:00:00.000,2012,2,11,14,VRB02KT,15,10
2012-02-11 15:00:00.000,2012,2,11,15,VRB02KT,17,09
2012-02-11 16:00:00.000,2012,2,11,16,VRB02KT,19,09
2012-02-11 17:00:00.000,2012,2,11,17,VRB02KT,19,05
2012-02-11 18:00:00.000,2012,2,11,18,30010KT,21,08
2012-02-11 18:35:00.000,2012,2,11,18,30015KT,18,12
2012-02-11 19:00:00.000,2012,2,11,19,27012KT,18,12
2012-02-11 20:00:00.000,2012,2,11,20,25014KT,17,11
2012-02-11 21:00:00.000,2012,2,11,21,25012KT,16,12
2012-02-11 22:00:00.000,2012,2,11,22,26010KT,17,12
2012-02-11 23:00:00.000,2012,2,11,23,26007KT,15,13
2012-02-12 00:00:00.000,2012,2,12,0,23005KT,14,12
2012-02-12 01:00:00.000,2012,2,12,1,21005KT,14,12
2012-02-12 02:00:00.000,2012,2,12,2,23004KT,14,12
2012-02-12 03:00:00.000,2012,2,12,3,24004KT,14,12
2012-02-12 04:00:00.000,2012,2,12,4,28005KT,14,12
2012-02-12 05:00:00.000,2012,2,12,5,32003KT,13,12
2012-02-12 06:00:00.000,2012,2,12,6,VRB02KT,12,11
2012-02-12 07:00:00.000,2012,2,12,7,30004KT,11,10
2012-02-12 08:00:00.000,2012,2,12,8,23003KT,11,11
2012-02-12 09:00:00.000,2012,2,12,9,34003KT,11,10
2012-02-12 10:00:00.000,2012,2,12,10,VRB02KT,11,10
2012-02-12 11:00:00.000,2012,2,12,11,31004KT,11,10
2012-02-12 12:00:00.000,2012,2,12,12,32003KT,11,10
2012-02-12 13:00:00.000,2012,2,12,13,34003KT,12,10
2012-02-12 14:00:00.000,2012,2,12,14,05004KT,15,10
2012-02-12 15:00:00.000,2012,2,12,15,36007KT,16,10
2012-02-12 16:00:00.000,2012,2,12,16,10005KT,18,09
2012-02-12 17:00:00.000,2012,2,12,17,30010KT,20,09
2012-02-12 18:00:00.000,2012,2,12,18,27014KT,19,12
2012-02-12 19:00:00.000,2012,2,12,19,29018KT,19,12
2012-02-12 20:00:00.000,2012,2,12,20,27016KT,19,12
2012-02-12 21:00:00.000,2012,2,12,21,22012KT,17,12
2012-02-12 21:28:00.000,2012,2,12,21,21004KT,15,13
2012-02-12 22:00:00.000,2012,2,12,22,23008KT,16,12
2012-02-12 23:00:00.000,2012,2,12,23,31010KT,15,12
2012-02-13 00:00:00.000,2012,2,13,0,29009KT,14,10
2012-02-13 01:00:00.000,2012,2,13,1,31007KT,13,11
2012-02-13 02:00:00.000,2012,2,13,2,VRB02KT,13,10
2012-02-13 03:00:00.000,2012,2,13,3,00000KT,12,09
2012-02-13 04:00:00.000,2012,2,13,4,03003KT,10,09
2012-02-13 05:00:00.000,2012,2,13,5,35004KT,09,08
2012-02-13 06:00:00.000,2012,2,13,6,VRB02KT,08,08
2012-02-13 07:00:00.000,2012,2,13,7,02003KT,09,08
2012-02-13 08:00:00.000,2012,2,13,8,VRB02KT,08,08
2012-02-13 09:00:00.000,2012,2,13,9,00000KT,07,07
2012-02-13 10:00:00.000,2012,2,13,10,00000KT,08,07
2012-02-13 11:00:00.000,2012,2,13,11,06004KT,07,06
2012-02-13 12:00:00.000,2012,2,13,12,05004KT,09,08
2012-02-13 13:00:00.000,2012,2,13,13,32004KT,11,09
2012-02-13 14:00:00.000,2012,2,13,14,12006KT,15,09
2012-02-13 15:00:00.000,2012,2,13,15,30004KT,16,09
2012-02-13 16:00:00.000,2012,2,13,16,12004KT,17,09
2012-02-13 17:00:00.000,2012,2,13,17,31006KT,18,10
2012-02-13 18:00:00.000,2012,2,13,18,31007KT,19,08
2012-02-13 19:00:00.000,2012,2,13,19,29009KT,20,11
2012-02-13 20:00:00.000,2012,2,13,20,30014KT,19,10
2012-02-13 21:00:00.000,2012,2,13,21,30013KT,19,11
2012-02-13 22:00:00.000,2012,2,13,22,21007KT,16,10
2012-02-13 23:00:00.000,2012,2,13,23,29006KT,15,11
2012-02-14 00:00:00.000,2012,2,14,0,32008KT,14,12
2012-02-14 01:00:00.000,2012,2,14,1,VRB02KT,13,11
2012-02-14 02:00:00.000,2012,2,14,2,VRB02KT,12,10
2012-02-14 03:00:00.000,2012,2,14,3,VRB02KT,12,09
2012-02-14 04:00:00.000,2012,2,14,4,VRB02KT,11,10
2012-02-14 05:00:00.000,2012,2,14,5,VRB02KT,10,09
2012-02-14 06:00:00.000,2012,2,14,6,VRB02KT,09,09
2012-02-14 07:00:00.000,2012,2,14,7,VRB02KT,09,09
2012-02-14 08:00:00.000,2012,2,14,8,03004KT,09,09
2012-02-14 09:00:00.000,2012,2,14,9,03004KT,06,06
2012-02-14 10:00:00.000,2012,2,14,10,02004KT,07,06
2012-02-14 11:00:00.000,2012,2,14,11,01004KT,06,06
2012-02-14 12:00:00.000,2012,2,14,12,03004KT,07,07
2012-02-14 13:00:00.000,2012,2,14,13,04004KT,09,08
2012-02-14 14:00:00.000,2012,2,14,14,03004KT,12,09
2012-02-14 15:00:00.000,2012,2,14,15,VRB02KT,15,10
2012-02-14 16:00:00.000,2012,2,14,16,04003KT,16,09
2012-02-14 17:00:00.000,2012,2,14,17,05005KT,18,07
2012-02-14 18:00:00.000,2012,2,14,18,30008KT,20,05
2012-02-14 19:00:00.000,2012,2,14,19,32010KT,19,11
2012-02-14 20:00:00.000,2012,2,14,20,30012KT,18,11
2012-02-14 22:00:00.000,2012,2,14,22,27012KT,16,12
2012-02-14 23:00:00.000,2012,2,14,23,21010KT,15,12
2012-02-15 00:00:00.000,2012,2,15,0,33004KT,12,11
2012-02-15 01:00:00.000,2012,2,15,1,34005KT,12,10
2012-02-15 02:00:00.000,2012,2,15,2,30006KT,11,08
2012-02-15 03:00:00.000,2012,2,15,3,VRB02KT,11,10
2012-02-15 04:00:00.000,2012,2,15,4,33003KT,11,10
2012-02-15 05:00:00.000,2012,2,15,5,23004KT,11,10
2012-02-15 06:00:00.000,2012,2,15,6,33003KT,10,08
2012-02-15 07:00:00.000,2012,2,15,7,VRB02KT,11,08
2012-02-15 08:00:00.000,2012,2,15,8,VRB02KT,10,08
2012-02-15 09:00:00.000,2012,2,15,9,VRB02KT,08,08
2012-02-15 10:00:00.000,2012,2,15,10,24005KT,09,09
2012-02-15 11:00:00.000,2012,2,15,11,VRB02KT,07,07
2012-02-15 12:00:00.000,2012,2,15,12,VRB02KT,06,06
2012-02-15 13:00:00.000,2012,2,15,13,05004KT,09,09
2012-02-15 14:00:00.000,2012,2,15,14,VRB02KT,12,10
2012-02-15 15:00:00.000,2012,2,15,15,VRB02KT,16,09
2012-02-15 16:00:00.000,2012,2,15,16,VRB02KT,17,09
2012-02-15 17:00:00.000,2012,2,15,17,32010KT,19,05
2012-02-15 18:00:00.000,2012,2,15,18,30014KT,20,11
2012-02-15 19:00:00.000,2012,2,15,19,28015KT,19,11
2012-02-15 20:00:00.000,2012,2,15,20,25014KT,17,11
2012-02-15 21:00:00.000,2012,2,15,21,28014KT,15,11
2012-02-15 22:00:00.000,2012,2,15,22,27011KT,16,11
2012-02-15 23:00:00.000,2012,2,15,23,25007KT,15,11
2012-02-16 00:00:00.000,2012,2,16,0,25006KT,14,11
2012-02-16 01:00:00.000,2012,2,16,1,27005KT,14,12
2012-02-16 02:00:00.000,2012,2,16,2,32006KT,12,10
2012-02-16 03:00:00.000,2012,2,16,3,31005KT,12,10
2012-02-16 04:00:00.000,2012,2,16,4,21003KT,12,10
2012-02-16 05:00:00.000,2012,2,16,5,30007KT,12,10
2012-02-16 06:00:00.000,2012,2,16,6,29006KT,11,09
2012-02-16 07:00:00.000,2012,2,16,7,29004KT,11,09
2012-02-16 08:00:00.000,2012,2,16,8,26004KT,10,08
2012-02-16 09:00:00.000,2012,2,16,9,24003KT,10,08
2012-02-16 10:00:00.000,2012,2,16,10,23003KT,10,08
2012-02-16 11:00:00.000,2012,2,16,11,00000KT,08,07
2012-02-16 12:00:00.000,2012,2,16,12,VRB02KT,09,08
2012-02-16 13:00:00.000,2012,2,16,13,VRB02KT,11,09
2012-02-16 14:00:00.000,2012,2,16,14,VRB02KT,14,09
2012-02-16 15:00:00.000,2012,2,16,15,30003KT,16,09
2012-02-16 16:00:00.000,2012,2,16,16,30003KT,17,06
2012-02-16 17:00:00.000,2012,2,16,17,32008KT,19,07
2012-02-16 18:00:00.000,2012,2,16,18,27012KT,18,11
2012-02-16 19:00:00.000,2012,2,16,19,26013KT,18,10
2012-02-16 20:00:00.000,2012,2,16,20,26014KT,17,10
2012-02-16 21:00:00.000,2012,2,16,21,24013KT,16,11
2012-02-16 22:00:00.000,2012,2,16,22,25011KT,16,10
2012-02-16 23:00:00.000,2012,2,16,23,24007KT,15,11
2012-02-17 00:00:00.000,2012,2,17,0,05005KT,14,11
2012-02-17 01:00:00.000,2012,2,17,1,28003KT,13,10
2012-02-17 02:00:00.000,2012,2,17,2,30005KT,12,10
2012-02-17 03:00:00.000,2012,2,17,3,VRB02KT,12,09
2012-02-17 04:00:00.000,2012,2,17,4,31004KT,11,10
2012-02-17 05:00:00.000,2012,2,17,5,26004KT,11,10
2012-02-17 06:00:00.000,2012,2,17,6,VRB02KT,10,09
2012-02-17 07:00:00.000,2012,2,17,7,00000KT,09,08
2012-02-17 08:00:00.000,2012,2,17,8,33004KT,09,08
2012-02-17 09:00:00.000,2012,2,17,9,VRB02KT,08,08
2012-02-17 10:00:00.000,2012,2,17,10,VRB02KT,07,06
2012-02-17 11:00:00.000,2012,2,17,11,30003KT,06,06
2012-02-17 12:00:00.000,2012,2,17,12,VRB02KT,07,07
2012-02-17 13:00:00.000,2012,2,17,13,03003KT,10,10
2012-02-17 14:00:00.000,2012,2,17,14,05005KT,14,10
2012-02-17 15:00:00.000,2012,2,17,15,VRB02KT,16,09
2012-02-17 16:00:00.000,2012,2,17,16,34005KT,18,07
2012-02-17 17:00:00.000,2012,2,17,17,27012KT,18,10
2012-02-17 18:00:00.000,2012,2,17,18,29010KT,17,10
2012-02-17 19:00:00.000,2012,2,17,19,25013KT,18,10
2012-02-17 20:00:00.000,2012,2,17,20,25012KT,18,11
2012-02-17 21:00:00.000,2012,2,17,21,27012KT,17,09
2012-02-17 22:00:00.000,2012,2,17,22,27010KT,16,09
2012-02-17 23:00:00.000,2012,2,17,23,25006KT,15,09
2012-02-18 00:00:00.000,2012,2,18,0,24004KT,14,10
2012-02-18 01:00:00.000,2012,2,18,1,32005KT,14,11
2012-02-18 02:00:00.000,2012,2,18,2,VRB02KT,13,11
2012-02-18 03:00:00.000,2012,2,18,3,33003KT,12,11
2012-02-18 04:00:00.000,2012,2,18,4,VRB02KT,12,11
2012-02-18 05:00:00.000,2012,2,18,5,31004KT,10,10
2012-02-18 06:00:00.000,2012,2,18,6,VRB02KT,09,09
2012-02-18 07:00:00.000,2012,2,18,7,VRB02KT,08,08
2012-02-18 08:00:00.000,2012,2,18,8,VRB02KT,09,08
2012-02-18 09:00:00.000,2012,2,18,9,VRB02KT,09,08
2012-02-18 10:00:00.000,2012,2,18,10,34003KT,08,08
2012-02-18 11:00:00.000,2012,2,18,11,34003KT,07,07
2012-02-18 12:00:00.000,2012,2,18,12,VRB02KT,09,09
2012-02-18 13:00:00.000,2012,2,18,13,VRB02KT,11,10
2012-02-18 14:00:00.000,2012,2,18,14,VRB02KT,14,11
2012-02-18 16:00:00.000,2012,2,18,16,24008KT,18,07
2012-02-18 17:00:00.000,2012,2,18,17,30006KT,19,05
2012-02-18 18:00:00.000,2012,2,18,18,31017KT,19,11
2012-02-18 19:00:00.000,2012,2,18,19,27014KT,18,11
2012-02-18 20:00:00.000,2012,2,18,20,26016KT,16,11
2012-02-18 21:00:00.000,2012,2,18,21,24007KT,14,12
2012-02-18 22:00:00.000,2012,2,18,22,28007KT,14,11
2012-02-18 23:00:00.000,2012,2,18,23,27006KT,14,11
2012-02-19 00:00:00.000,2012,2,19,0,32004KT,12,10
2012-02-19 01:00:00.000,2012,2,19,1,34008KT,12,10
2012-02-19 02:00:00.000,2012,2,19,2,17006KT,12,10
2012-02-19 03:00:00.000,2012,2,19,3,VRB02KT,12,10
2012-02-19 04:00:00.000,2012,2,19,4,VRB02KT,11,10
2012-02-19 05:00:00.000,2012,2,19,5,02004KT,10,10
2012-02-19 06:00:00.000,2012,2,19,6,VRB02KT,09,09
2012-02-19 07:00:00.000,2012,2,19,7,VRB02KT,09,09
2012-02-19 08:00:00.000,2012,2,19,8,05005KT,10,10
2012-02-19 09:00:00.000,2012,2,19,9,VRB02KT,10,10
2012-02-19 10:00:00.000,2012,2,19,10,VRB02KT,09,09
2012-02-19 11:00:00.000,2012,2,19,11,05004KT,08,08
2012-02-19 12:00:00.000,2012,2,19,12,03003KT,09,09
2012-02-19 13:00:00.000,2012,2,19,13,06003KT,09,09
2012-02-19 14:00:00.000,2012,2,19,14,02004KT,10,10
2012-02-19 15:00:00.000,2012,2,19,15,04004KT,14,12
2012-02-19 16:00:00.000,2012,2,19,16,12003KT,17,08
2012-02-19 17:00:00.000,2012,2,19,17,06006KT,19,08
2012-02-19 18:00:00.000,2012,2,19,18,30014KT,17,11
2012-02-19 19:00:00.000,2012,2,19,19,28013KT,18,11
2012-02-19 20:00:00.000,2012,2,19,20,24015KT,15,11
2012-02-19 21:00:00.000,2012,2,19,21,28010KT,15,12
2012-02-19 22:00:00.000,2012,2,19,22,20006KT,16,11
2012-02-19 23:00:00.000,2012,2,19,23,22008KT,15,11
2012-02-20 00:00:00.000,2012,2,20,0,26005KT,13,10
2012-02-20 01:00:00.000,2012,2,20,1,28007KT,13,10
2012-02-20 02:00:00.000,2012,2,20,2,25003KT,12,09
2012-02-20 03:00:00.000,2012,2,20,3,20003KT,11,08
2012-02-20 04:00:00.000,2012,2,20,4,VRB02KT,12,09
2012-02-20 05:00:00.000,2012,2,20,5,00000KT,11,09
2012-02-20 06:00:00.000,2012,2,20,6,VRB02KT,10,08
2012-02-20 07:00:00.000,2012,2,20,7,VRB02KT,07,07
2012-02-20 08:00:00.000,2012,2,20,8,28003KT,08,07
2012-02-20 09:00:00.000,2012,2,20,9,VRB02KT,08,08
2012-02-20 10:00:00.000,2012,2,20,10,00000KT,07,06
2012-02-20 11:00:00.000,2012,2,20,11,36003KT,07,05
2012-02-20 12:00:00.000,2012,2,20,12,VRB02KT,08,08
2012-02-20 13:00:00.000,2012,2,20,13,02003KT,12,09
2012-02-20 14:00:00.000,2012,2,20,14,03005KT,15,10
2012-02-20 15:00:00.000,2012,2,20,15,07008KT,17,08
2012-02-20 16:00:00.000,2012,2,20,16,32004KT,18,07
2012-02-20 17:00:00.000,2012,2,20,17,24004KT,18,05
2012-02-20 18:00:00.000,2012,2,20,18,25012KT,20,08
2012-02-20 19:00:00.000,2012,2,20,19,32018KT,18,10
2012-02-20 19:48:00.000,2012,2,20,19,22004KT,17,11
2012-02-20 20:00:00.000,2012,2,20,20,30018KT,18,11
2012-02-20 20:10:00.000,2012,2,20,20,27006KT,17,10
2012-02-20 21:00:00.000,2012,2,20,21,28014KT,17,11
2012-02-20 22:00:00.000,2012,2,20,22,27012KT,15,11
2012-02-20 23:00:00.000,2012,2,20,23,27008KT,14,11
2012-02-21 00:00:00.000,2012,2,21,0,26005KT,14,11
2012-02-21 01:00:00.000,2012,2,21,1,21004KT,12,10
2012-02-21 02:00:00.000,2012,2,21,2,27005KT,13,11
2012-02-21 03:00:00.000,2012,2,21,3,VRB02KT,11,10
2012-02-21 04:00:00.000,2012,2,21,4,26003KT,10,09
2012-02-21 05:00:00.000,2012,2,21,5,00000KT,07,07
2012-02-21 06:00:00.000,2012,2,21,6,VRB02KT,06,06
2012-02-21 07:00:00.000,2012,2,21,7,28003KT,06,06
2012-02-21 08:00:00.000,2012,2,21,8,00000KT,05,04
2012-02-21 09:00:00.000,2012,2,21,9,03003KT,07,06
2012-02-21 10:00:00.000,2012,2,21,10,03005KT,06,06
2012-02-21 11:00:00.000,2012,2,21,11,VRB02KT,04,04
2012-02-21 12:00:00.000,2012,2,21,12,00000KT,04,04
2012-02-21 13:00:00.000,2012,2,21,13,03008KT,07,07
2012-02-21 14:00:00.000,2012,2,21,14,03006KT,09,09
2012-02-21 15:00:00.000,2012,2,21,15,VRB02KT,14,07
2012-02-21 16:00:00.000,2012,2,21,16,08004KT,17,06
2012-02-21 17:00:00.000,2012,2,21,17,03010KT,18,08
2012-02-21 18:00:00.000,2012,2,21,18,05003KT,19,06
2012-02-21 19:00:00.000,2012,2,21,19,26011KT,19,11
2012-02-21 20:00:00.000,2012,2,21,20,28014KT,18,11
2012-02-21 21:00:00.000,2012,2,21,21,27010KT,15,12
2012-02-21 22:00:00.000,2012,2,21,22,28010KT,16,11
2012-02-21 23:00:00.000,2012,2,21,23,26008KT,15,11
2012-02-22 00:00:00.000,2012,2,22,0,28009KT,13,11
2012-02-22 01:00:00.000,2012,2,22,1,VRB02KT,13,11
2012-02-22 02:00:00.000,2012,2,22,2,08004KT,13,10
2012-02-22 03:00:00.000,2012,2,22,3,VRB02KT,12,10
2012-02-22 04:00:00.000,2012,2,22,4,03004KT,11,09
2012-02-22 05:00:00.000,2012,2,22,5,03003KT,10,08
2012-02-22 06:00:00.000,2012,2,22,6,33003KT,08,08
2012-02-22 07:00:00.000,2012,2,22,7,02003KT,08,08
2012-02-22 08:00:00.000,2012,2,22,8,VRB02KT,06,05
2012-02-22 09:00:00.000,2012,2,22,9,VRB02KT,06,05
2012-02-22 10:00:00.000,2012,2,22,10,04003KT,05,05
2012-02-22 11:00:00.000,2012,2,22,11,04006KT,05,05
2012-02-22 12:00:00.000,2012,2,22,12,02005KT,07,07
2012-02-22 13:00:00.000,2012,2,22,13,03004KT,08,08
2012-02-22 14:00:00.000,2012,2,22,14,04005KT,11,09
2012-02-22 15:00:00.000,2012,2,22,15,VRB02KT,14,07
2012-02-22 16:00:00.000,2012,2,22,16,02003KT,15,08
2012-02-22 17:00:00.000,2012,2,22,17,14008KT,17,07
2012-02-22 18:00:00.000,2012,2,22,18,15008KT,17,07
2012-02-22 19:00:00.000,2012,2,22,19,13009KT,17,07
2012-02-22 20:00:00.000,2012,2,22,20,12012KT,17,07
2012-02-22 21:00:00.000,2012,2,22,21,07007KT,17,07
2012-02-22 22:00:00.000,2012,2,22,22,02008KT,17,07
2012-02-22 23:00:00.000,2012,2,22,23,05006KT,14,07
2012-02-23 00:00:00.000,2012,2,23,0,04003KT,14,07
2012-02-23 01:00:00.000,2012,2,23,1,03004KT,14,07
2012-02-23 02:00:00.000,2012,2,23,2,VRB02KT,12,07
2012-02-23 03:00:00.000,2012,2,23,3,04003KT,11,07
2012-02-23 04:00:00.000,2012,2,23,4,35003KT,11,07
2012-02-23 06:00:00.000,2012,2,23,6,33004KT,08,06
2012-02-23 07:00:00.000,2012,2,23,7,04003KT,07,06
2012-02-23 08:00:00.000,2012,2,23,8,32003KT,05,04
2012-02-23 09:00:00.000,2012,2,23,9,VRB02KT,05,05
2012-02-23 10:00:00.000,2012,2,23,10,03004KT,04,04
2012-02-23 11:00:00.000,2012,2,23,11,03004KT,05,04
2012-02-23 13:00:00.000,2012,2,23,13,02004KT,10,07
2012-02-23 15:00:00.000,2012,2,23,15,02008KT,16,03
2012-02-23 16:00:00.000,2012,2,23,16,03012KT,17,04
2012-02-23 17:00:00.000,2012,2,23,17,08010KT,19,05
2012-02-23 18:00:00.000,2012,2,23,18,06007KT,20,04
2012-02-23 19:00:00.000,2012,2,23,19,25012KT,18,07
2012-02-23 20:00:00.000,2012,2,23,20,30012KT,18,10
2012-02-23 21:00:00.000,2012,2,23,21,30012KT,17,10
2012-02-23 22:00:00.000,2012,2,23,22,31014KT,17,10
2012-02-23 23:00:00.000,2012,2,23,23,28010KT,14,11
2012-02-24 00:00:00.000,2012,2,24,0,00000KT,13,07
2012-02-24 01:00:00.000,2012,2,24,1,24005KT,13,11
2012-02-24 02:00:00.000,2012,2,24,2,25006KT,13,11
2012-02-24 03:00:00.000,2012,2,24,3,VRB02KT,11,10
2012-02-24 04:00:00.000,2012,2,24,4,00000KT,11,10
2012-02-24 05:00:00.000,2012,2,24,5,VRB02KT,10,08
2012-02-24 06:00:00.000,2012,2,24,6,36003KT,10,08
2012-02-24 07:00:00.000,2012,2,24,7,03005KT,09,07
2012-02-24 08:00:00.000,2012,2,24,8,02005KT,10,08
2012-02-24 09:00:00.000,2012,2,24,9,04007KT,09,07
2012-02-24 10:00:00.000,2012,2,24,10,02004KT,09,06
2012-02-24 11:00:00.000,2012,2,24,11,03006KT,08,05
2012-02-24 12:00:00.000,2012,2,24,12,03006KT,08,05
2012-02-24 13:00:00.000,2012,2,24,13,03006KT,12,07
2012-02-24 14:00:00.000,2012,2,24,14,08010KT,15,07
2012-02-24 15:00:00.000,2012,2,24,15,12012KT,17,05
2012-02-24 16:00:00.000,2012,2,24,16,12012KT,18,07
2012-02-24 17:00:00.000,2012,2,24,17,10014KT,18,06
2012-02-24 18:00:00.000,2012,2,24,18,11010KT,17,06
2012-02-24 19:00:00.000,2012,2,24,19,12014KT,18,08
2012-02-24 20:00:00.000,2012,2,24,20,16010KT,18,08
2012-02-24 21:00:00.000,2012,2,24,21,20010KT,17,08
2012-02-24 22:00:00.000,2012,2,24,22,36006KT,17,07
2012-02-24 23:00:00.000,2012,2,24,23,32003KT,16,07
2012-02-25 00:00:00.000,2012,2,25,0,00000KT,13,07
2012-02-25 01:00:00.000,2012,2,25,1,04003KT,12,07
2012-02-25 02:00:00.000,2012,2,25,2,04006KT,13,07
2012-02-25 03:00:00.000,2012,2,25,3,04003KT,11,07
2012-02-25 04:00:00.000,2012,2,25,4,35003KT,11,07
2012-02-25 05:00:00.000,2012,2,25,5,05005KT,10,07
2012-02-25 06:00:00.000,2012,2,25,6,04003KT,10,09
2012-02-25 07:00:00.000,2012,2,25,7,23003KT,11,08
2012-02-25 08:00:00.000,2012,2,25,8,30003KT,09,08
2012-02-25 09:00:00.000,2012,2,25,9,27003KT,09,08
2012-02-25 10:00:00.000,2012,2,25,10,00000KT,09,08
2012-02-25 11:00:00.000,2012,2,25,11,00000KT,10,08
2012-02-25 12:00:00.000,2012,2,25,12,33005KT,10,08
2012-02-25 13:00:00.000,2012,2,25,13,32005KT,11,09
2012-02-25 14:00:00.000,2012,2,25,14,VRB02KT,15,09
2012-02-25 15:00:00.000,2012,2,25,15,26004KT,16,08
2012-02-25 16:00:00.000,2012,2,25,16,VRB02KT,17,08
2012-02-25 17:00:00.000,2012,2,25,17,28003KT,17,08
2012-02-25 18:00:00.000,2012,2,25,18,20007KT,18,10
2012-02-25 19:00:00.000,2012,2,25,19,27010KT,17,10
2012-02-25 20:00:00.000,2012,2,25,20,27011KT,16,11
2012-02-25 21:00:00.000,2012,2,25,21,27008KT,16,11
2012-02-25 22:00:00.000,2012,2,25,22,24010KT,16,11
2012-02-25 23:00:00.000,2012,2,25,23,24007KT,14,11
2012-02-26 00:00:00.000,2012,2,26,0,32006KT,13,11
2012-02-26 01:00:00.000,2012,2,26,1,VRB02KT,13,11
2012-02-26 02:00:00.000,2012,2,26,2,VRB02KT,12,10
2012-02-26 03:00:00.000,2012,2,26,3,VRB02KT,11,10
2012-02-26 04:00:00.000,2012,2,26,4,VRB02KT,11,10
2012-02-26 05:00:00.000,2012,2,26,5,02003KT,11,10
2012-02-26 06:00:00.000,2012,2,26,6,31003KT,11,10
2012-02-26 07:00:00.000,2012,2,26,7,00000KT,11,10
2012-02-26 08:00:00.000,2012,2,26,8,30003KT,11,10
2012-02-26 09:00:00.000,2012,2,26,9,VRB02KT,10,10
2012-02-26 10:00:00.000,2012,2,26,10,04003KT,09,09
2012-02-26 11:00:00.000,2012,2,26,11,VRB02KT,09,09
2012-02-26 12:00:00.000,2012,2,26,12,01004KT,08,08
2012-02-26 13:00:00.000,2012,2,26,13,08004KT,11,11
2012-02-26 14:00:00.000,2012,2,26,14,34004KT,14,11
2012-02-26 15:00:00.000,2012,2,26,15,04004KT,16,09
2012-02-26 16:00:00.000,2012,2,26,16,01006KT,17,08
2012-02-26 17:00:00.000,2012,2,26,17,31006KT,19,09
2012-02-26 18:00:00.000,2012,2,26,18,29014KT,19,10
2012-02-26 19:00:00.000,2012,2,26,19,27014KT,18,11
2012-02-26 20:00:00.000,2012,2,26,20,24016KT,19,11
2012-02-26 21:00:00.000,2012,2,26,21,34008KT,14,12
2012-02-26 22:00:00.000,2012,2,26,22,30088KT,14,12
2012-02-26 23:00:00.000,2012,2,26,23,29007KT,13,11
2012-02-27 00:00:00.000,2012,2,27,0,29004KT,12,11
2012-02-27 01:00:00.000,2012,2,27,1,27005KT,12,10
2012-02-27 02:00:00.000,2012,2,27,2,VRB02KT,11,10
2012-02-27 03:00:00.000,2012,2,27,3,01003KT,11,10
2012-02-27 04:00:00.000,2012,2,27,4,33003KT,10,10
2012-02-27 05:00:00.000,2012,2,27,5,VRB02KT,09,09
2012-02-27 06:00:00.000,2012,2,27,6,VRB02KT,10,09
2012-02-27 07:00:00.000,2012,2,27,7,07003KT,09,08
2012-02-27 08:00:00.000,2012,2,27,8,VRB02KT,09,08
2012-02-27 09:00:00.000,2012,2,27,9,VRB02KT,09,08
2012-02-27 10:00:00.000,2012,2,27,10,VRB02KT,08,08
2012-02-27 11:00:00.000,2012,2,27,11,03003KT,08,08
2012-02-27 12:00:00.000,2012,2,27,12,VRB02KT,11,07
2012-02-27 13:00:00.000,2012,2,27,13,10008KT,13,06
2012-02-27 14:00:00.000,2012,2,27,14,10008KT,15,06
2012-02-27 15:00:00.000,2012,2,27,15,04010KT,15,05
2012-02-27 16:00:00.000,2012,2,27,16,06008KT,17,05
2012-02-27 17:00:00.000,2012,2,27,17,06008KT,19,06
2012-02-27 18:00:00.000,2012,2,27,18,09009KT,21,03
2012-02-27 19:00:00.000,2012,2,27,19,13005KT,21,04
2012-02-27 20:00:00.000,2012,2,27,20,25009KT,19,10
2012-02-27 21:00:00.000,2012,2,27,21,25011KT,18,11
2012-02-27 22:00:00.000,2012,2,27,22,21003KT,17,10
2012-02-27 23:00:00.000,2012,2,27,23,30007KT,13,09
2012-02-28 00:00:00.000,2012,2,28,0,13004KT,11,09
2012-02-28 01:00:00.000,2012,2,28,1,VRB02KT,14,09
2012-02-28 02:00:00.000,2012,2,28,2,36004KT,11,08
2012-02-28 03:00:00.000,2012,2,28,3,03006KT,10,07
2012-02-28 04:00:00.000,2012,2,28,4,03005KT,09,07
2012-02-28 05:00:00.000,2012,2,28,5,01003KT,09,07
2012-02-28 06:00:00.000,2012,2,28,6,05005KT,08,06
2012-02-28 07:00:00.000,2012,2,28,7,03003KT,09,06
2012-02-28 08:00:00.000,2012,2,28,8,03004KT,08,05
2012-02-28 09:00:00.000,2012,2,28,9,04005KT,06,05
2012-02-28 10:00:00.000,2012,2,28,10,04003KT,06,05
2012-02-28 11:00:00.000,2012,2,28,11,03005KT,07,05
2012-02-28 12:00:00.000,2012,2,28,12,35005KT,07,05
2012-02-28 13:00:00.000,2012,2,28,13,04007KT,11,07
2012-02-28 14:00:00.000,2012,2,28,14,06008KT,13,07
2012-02-28 15:00:00.000,2012,2,28,15,03007KT,15,07
2012-02-28 16:00:00.000,2012,2,28,16,08007KT,17,08
2012-02-28 17:00:00.000,2012,2,28,17,34005KT,18,07
2012-02-28 18:00:00.000,2012,2,28,18,24008KT,18,11
2012-02-28 19:00:00.000,2012,2,28,19,26010KT,17,10
2012-02-28 20:00:00.000,2012,2,28,20,28012KT,17,11
2012-02-28 21:00:00.000,2012,2,28,21,10012KT,14,09
2012-02-28 22:00:00.000,2012,2,28,22,22006KT,13,10
2012-02-28 23:00:00.000,2012,2,28,23,32003KT,12,10
2012-02-29 00:00:00.000,2012,2,29,0,31004KT,12,10
2012-02-29 01:00:00.000,2012,2,29,1,33003KT,12,09
2012-02-29 02:00:00.000,2012,2,29,2,31003KT,12,10
2012-02-29 03:00:00.000,2012,2,29,3,VRB02KT,12,10
2012-02-29 04:00:00.000,2012,2,29,4,32003KT,13,10
2012-02-29 05:00:00.000,2012,2,29,5,33004KT,12,10
2012-02-29 06:00:00.000,2012,2,29,6,VRB02KT,12,10
2012-02-29 07:00:00.000,2012,2,29,7,02006KT,11,10
2012-02-29 08:00:00.000,2012,2,29,8,03003KT,11,10
2012-02-29 09:00:00.000,2012,2,29,9,02004KT,11,10
2012-02-29 10:00:00.000,2012,2,29,10,03005KT,11,09
2012-02-29 12:00:00.000,2012,2,29,12,VRB02KT,11,09
2012-02-29 13:00:00.000,2012,2,29,13,01004KT,12,10
2012-02-29 14:00:00.000,2012,2,29,14,06006KT,13,10
2012-02-29 15:00:00.000,2012,2,29,15,05012KT,16,09
2012-02-29 16:00:00.000,2012,2,29,16,06008KT,17,08
2012-02-29 17:00:00.000,2012,2,29,17,04004KT,18,08
2012-02-29 18:00:00.000,2012,2,29,18,23004KT,18,08
2012-02-29 19:00:00.000,2012,2,29,19,33014KT,18,12
2012-02-29 20:00:00.000,2012,2,29,20,27010KT,16,11
2012-02-29 21:00:00.000,2012,2,29,21,29005KT,15,11
2012-02-29 22:00:00.000,2012,2,29,22,10005KT,13,11
2012-02-29 23:00:00.000,2012,2,29,23,19003KT,12,11
2012-03-01 00:00:00.000,2012,3,1,0,34004KT,12,11
2012-03-01 01:00:00.000,2012,3,1,1,36004KT,12,10
2012-03-01 02:00:00.000,2012,3,1,2,VRB02KT,12,10
2012-03-01 03:00:00.000,2012,3,1,3,VRB02KT,12,10
2012-03-01 04:00:00.000,2012,3,1,4,VRB02KT,12,11
2012-03-01 05:00:00.000,2012,3,1,5,34004KT,12,11
2012-03-01 07:00:00.000,2012,3,1,7,VRB02KT,12,11
2012-03-01 09:00:00.000,2012,3,1,9,VRB02KT,12,10
2012-03-01 10:00:00.000,2012,3,1,10,03005KT,11,10
2012-03-01 11:00:00.000,2012,3,1,11,05005KT,12,10
2012-03-01 12:00:00.000,2012,3,1,12,03005KT,12,10
2012-03-01 13:00:00.000,2012,3,1,13,08005KT,14,09
2012-03-01 14:00:00.000,2012,3,1,14,10005KT,15,10
2012-03-01 15:00:00.000,2012,3,1,15,14014KT,17,09
2012-03-01 16:00:00.000,2012,3,1,16,13012KT,17,09
2012-03-01 17:00:00.000,2012,3,1,17,12015KT,18,08
2012-03-01 18:00:00.000,2012,3,1,18,12010KT,18,07
2012-03-01 19:00:00.000,2012,3,1,19,12005KT,18,07
2012-03-01 20:00:00.000,2012,3,1,20,16005KT,18,08
2012-03-01 21:00:00.000,2012,3,1,21,25007KT,16,10
2012-03-01 22:00:00.000,2012,3,1,22,23006KT,16,09
2012-03-01 23:00:00.000,2012,3,1,23,28003KT,16,10
2012-03-02 00:00:00.000,2012,3,2,0,10003KT,14,08
2012-03-02 01:00:00.000,2012,3,2,1,12005KT,14,08
2012-03-02 02:00:00.000,2012,3,2,2,09010KT,14,08
2012-03-02 03:00:00.000,2012,3,2,3,01005KT,11,08
2012-03-02 04:00:00.000,2012,3,2,4,VRB02KT,11,08
2012-03-02 05:00:00.000,2012,3,2,5,11004KT,12,08
2012-03-02 06:00:00.000,2012,3,2,6,04007KT,11,07
2012-03-02 07:00:00.000,2012,3,2,7,06004KT,09,07
2012-03-02 08:00:00.000,2012,3,2,8,01003KT,10,08
2012-03-02 09:00:00.000,2012,3,2,9,04007KT,10,07
2012-03-02 10:00:00.000,2012,3,2,10,05005KT,10,07
2012-03-02 11:00:00.000,2012,3,2,11,05008KT,09,07
2012-03-02 12:00:00.000,2012,3,2,12,06009KT,11,07
2012-03-02 13:00:00.000,2012,3,2,13,06010KT,12,09
2012-03-02 14:00:00.000,2012,3,2,14,10010KT,13,09
2012-03-02 15:00:00.000,2012,3,2,15,07014KT,16,09
2012-03-02 16:00:00.000,2012,3,2,16,05012KT,16,09
2012-03-02 17:00:00.000,2012,3,2,17,04011KT,14,10
2012-03-02 18:00:00.000,2012,3,2,18,06010KT,14,09
2012-03-02 19:00:00.000,2012,3,2,19,10008KT,15,09
2012-03-02 20:00:00.000,2012,3,2,20,07006KT,15,09
2012-03-02 21:00:00.000,2012,3,2,21,10006KT,15,09
2012-03-02 22:00:00.000,2012,3,2,22,12006KT,15,09
2012-03-02 23:00:00.000,2012,3,2,23,09006KT,15,09
2012-03-03 00:00:00.000,2012,3,3,0,36010KT,27,24
2012-03-03 01:00:00.000,2012,3,3,1,04009KT,14,10
2012-03-03 02:00:00.000,2012,3,3,2,05009KT,13,10
2012-03-03 03:00:00.000,2012,3,3,3,07006KT,13,10
2012-03-03 04:00:00.000,2012,3,3,4,05004KT,13,10
2012-03-03 05:00:00.000,2012,3,3,5,00000KT,12,09
2012-03-03 06:00:00.000,2012,3,3,6,02004KT,11,09
2012-03-03 07:00:00.000,2012,3,3,7,03005KT,11,09
2012-03-03 08:00:00.000,2012,3,3,8,02007KT,11,10
2012-03-03 09:00:00.000,2012,3,3,9,03005KT,12,10
2012-03-03 10:00:00.000,2012,3,3,10,04005KT,11,11
2012-03-03 11:00:00.000,2012,3,3,11,06003KT,12,10
2012-03-03 12:00:00.000,2012,3,3,12,06004KT,12,11
2012-03-03 14:00:00.000,2012,3,3,14,02005KT,14,10
2012-03-03 15:00:00.000,2012,3,3,15,05005KT,16,11
2012-03-03 16:00:00.000,2012,3,3,16,11004KT,16,10
2012-03-03 17:00:00.000,2012,3,3,17,16009KT,16,12
2012-03-03 18:00:00.000,2012,3,3,18,16014KT,16,11
2012-03-03 19:00:00.000,2012,3,3,19,13016KT,19,11
2012-03-03 20:00:00.000,2012,3,3,20,04008KT,16,10
2012-03-03 21:00:00.000,2012,3,3,21,06014KT,16,10
2012-03-03 22:00:00.000,2012,3,3,22,09012KT,17,08
2012-03-03 23:00:00.000,2012,3,3,23,11006KT,15,08
2012-03-04 00:00:00.000,2012,3,4,0,10012KT,15,08
2012-03-04 01:00:00.000,2012,3,4,1,12010KT,14,08
2012-03-04 02:00:00.000,2012,3,4,2,13008KT,14,09
2012-03-04 03:00:00.000,2012,3,4,3,10008KT,14,18
2012-03-04 04:00:00.000,2012,3,4,4,06006KT,12,09
2012-03-04 05:00:00.000,2012,3,4,5,09008KT,13,08
2012-03-04 06:00:00.000,2012,3,4,6,14005KT,13,09
2012-03-04 07:00:00.000,2012,3,4,7,03003KT,12,09
2012-03-04 08:00:00.000,2012,3,4,8,10004KT,12,09
2012-03-04 09:00:00.000,2012,3,4,9,06006KT,12,09
2012-03-04 10:00:00.000,2012,3,4,10,06006KT,12,09
2012-03-04 11:00:00.000,2012,3,4,11,04006KT,11,10
2012-03-04 12:00:00.000,2012,3,4,12,08004KT,12,10
2012-03-04 13:00:00.000,2012,3,4,13,04006KT,13,10
2012-03-04 14:00:00.000,2012,3,4,14,06008KT,14,10
2012-03-04 15:00:00.000,2012,3,4,15,08010KT,16,09
2012-03-04 16:00:00.000,2012,3,4,16,09008KT,17,08
2012-03-04 17:00:00.000,2012,3,4,17,11008KT,18,08
2012-03-04 19:00:00.000,2012,3,4,19,06009KT,18,10
2012-03-04 20:00:00.000,2012,3,4,20,14012KT,19,09
2012-03-04 21:00:00.000,2012,3,4,21,11004KT,17,09
2012-03-04 22:00:00.000,2012,3,4,22,04004KT,18,08
2012-03-04 23:00:00.000,2012,3,4,23,06005KT,15,10
2012-03-05 00:00:00.000,2012,3,5,0,10010KT,14,09
2012-03-05 01:00:00.000,2012,3,5,1,06007KT,13,09
2012-03-05 02:00:00.000,2012,3,5,2,07007KT,13,08
2012-03-05 03:00:00.000,2012,3,5,3,05006KT,12,08
2012-03-05 04:00:00.000,2012,3,5,4,18003KT,12,08
2012-03-05 05:00:00.000,2012,3,5,5,06003KT,12,08
2012-03-05 06:00:00.000,2012,3,5,6,06006KT,12,09
2012-03-05 07:00:00.000,2012,3,5,7,04008KT,11,08
2012-03-05 09:00:00.000,2012,3,5,9,06005KT,11,06
2012-03-05 10:00:00.000,2012,3,5,10,07004KT,09,06
2012-03-05 11:00:00.000,2012,3,5,11,05006KT,08,06
2012-03-05 12:00:00.000,2012,3,5,12,03006KT,10,06
2012-03-05 13:00:00.000,2012,3,5,13,05006KT,12,08
2012-03-05 14:00:00.000,2012,3,5,14,03007KT,14,08
2012-03-05 15:00:00.000,2012,3,5,15,04006KT,16,08
2012-03-05 16:00:00.000,2012,3,5,16,07008KT,17,09
2012-03-05 17:00:00.000,2012,3,5,17,12009KT,17,08
2012-03-05 18:00:00.000,2012,3,5,18,07006KT,19,07
2012-03-05 19:00:00.000,2012,3,5,19,14011KT,19,07
2012-03-05 20:00:00.000,2012,3,5,20,03011KT,20,06
2012-03-05 21:00:00.000,2012,3,5,21,06012KT,20,06
2012-03-05 22:00:00.000,2012,3,5,22,09010KT,19,08
2012-03-05 23:00:00.000,2012,3,5,23,12005KT,17,08
2012-03-06 00:00:00.000,2012,3,6,0,08004KT,15,08
2012-03-06 01:00:00.000,2012,3,6,1,07004KT,15,08
2012-03-06 02:00:00.000,2012,3,6,2,VRB02KT,12,08
2012-03-06 03:00:00.000,2012,3,6,3,04004KT,11,08
2012-03-06 04:00:00.000,2012,3,6,4,VRB02KT,10,07
2012-03-06 05:00:00.000,2012,3,6,5,03003KT,10,07
2012-03-06 06:00:00.000,2012,3,6,6,02004KT,09,08
2012-03-06 07:00:00.000,2012,3,6,7,02004KT,10,07
2012-03-06 08:00:00.000,2012,3,6,8,03005KT,09,07
2012-03-06 09:00:00.000,2012,3,6,9,04005KT,09,07
2012-03-06 11:00:00.000,2012,3,6,11,02006KT,08,06
2012-03-06 12:00:00.000,2012,3,6,12,07008KT,10,06
2012-03-06 13:00:00.000,2012,3,6,13,05008KT,13,08
2012-03-06 14:00:00.000,2012,3,6,14,10010KT,16,06
2012-03-06 15:00:00.000,2012,3,6,15,10010KT,17,06
2012-03-06 16:00:00.000,2012,3,6,16,10006KT,17,06
2012-03-06 17:00:00.000,2012,3,6,17,12010KT,18,05
2012-03-06 18:00:00.000,2012,3,6,18,20010KT,18,05
2012-03-06 19:00:00.000,2012,3,6,19,16012KT,19,07
2012-03-06 20:00:00.000,2012,3,6,20,08006KT,19,04
2012-03-06 21:00:00.000,2012,3,6,21,11008KT,19,06
2012-03-06 22:00:00.000,2012,3,6,22,25008KT,18,10
2012-03-06 23:00:00.000,2012,3,6,23,27008KT,15,12
2012-03-07 00:00:00.000,2012,3,7,0,28006KT,14,11
2012-03-07 01:00:00.000,2012,3,7,1,20005KT,14,12
2012-03-07 02:00:00.000,2012,3,7,2,03005KT,14,11
2012-03-07 03:00:00.000,2012,3,7,3,03005KT,13,10
2012-03-07 04:00:00.000,2012,3,7,4,06006KT,12,10
2012-03-07 05:00:00.000,2012,3,7,5,VRB02KT,12,10
2012-03-07 06:00:00.000,2012,3,7,6,05005KT,11,09
2012-03-07 07:00:00.000,2012,3,7,7,03003KT,10,08
2012-03-07 08:00:00.000,2012,3,7,8,04004KT,11,09
2012-03-07 09:00:00.000,2012,3,7,9,05006KT,11,09
2012-03-07 10:00:00.000,2012,3,7,10,07006KT,11,09
2012-03-07 11:00:00.000,2012,3,7,11,04006KT,11,08
2012-03-07 12:00:00.000,2012,3,7,12,08008KT,12,08
2012-03-07 13:00:00.000,2012,3,7,13,09010KT,13,07
2012-03-07 14:00:00.000,2012,3,7,14,10010KT,14,08
2012-03-07 15:00:00.000,2012,3,7,15,13008KT,17,08
2012-03-07 16:00:00.000,2012,3,7,16,12010KT,18,08
2012-03-07 17:00:00.000,2012,3,7,17,12012KT,19,07
2012-03-07 18:00:00.000,2012,3,7,18,12007KT,19,06
2012-03-07 19:00:00.000,2012,3,7,19,14010KT,19,06
2012-03-07 20:00:00.000,2012,3,7,20,06007KT,18,07
2012-03-07 21:00:00.000,2012,3,7,21,34006KT,17,11
2012-03-07 22:00:00.000,2012,3,7,22,30006KT,16,11
2012-03-07 23:00:00.000,2012,3,7,23,24006KT,16,11
2012-03-08 00:00:00.000,2012,3,8,0,29004KT,14,11
2012-03-08 01:00:00.000,2012,3,8,1,22004KT,14,11
2012-03-08 02:00:00.000,2012,3,8,2,31004KT,13,10
2012-03-08 03:00:00.000,2012,3,8,3,31006KT,14,09
2012-03-08 04:00:00.000,2012,3,8,4,05008KT,12,08
2012-03-08 05:00:00.000,2012,3,8,5,03006KT,11,08
2012-03-08 06:00:00.000,2012,3,8,6,06006KT,10,08
2012-03-08 07:00:00.000,2012,3,8,7,08006KT,10,08
2012-03-08 08:00:00.000,2012,3,8,8,08004KT,10,08
2012-03-08 09:00:00.000,2012,3,8,9,05004KT,09,07
2012-03-08 10:00:00.000,2012,3,8,10,05004KT,09,07
2012-03-08 11:00:00.000,2012,3,8,11,VRB02KT,08,07
2012-03-08 12:00:00.000,2012,3,8,12,12006KT,09,07
2012-03-08 13:00:00.000,2012,3,8,13,13007KT,14,07
2012-03-08 14:00:00.000,2012,3,8,14,12010KT,16,07
2012-03-08 15:00:00.000,2012,3,8,15,10006KT,17,07
2012-03-08 16:00:00.000,2012,3,8,16,17010KT,17,07
2012-03-08 17:00:00.000,2012,3,8,17,23008KT,19,09
2012-03-08 18:00:00.000,2012,3,8,18,15007KT,18,08
2012-03-08 19:00:00.000,2012,3,8,19,20010KT,18,09
2012-03-08 20:00:00.000,2012,3,8,20,20008KT,18,11
2012-03-08 21:00:00.000,2012,3,8,21,23006KT,19,08
2012-03-08 22:00:00.000,2012,3,8,22,18010KT,18,08
2012-03-08 23:00:00.000,2012,3,8,23,21007KT,16,11
2012-03-09 00:00:00.000,2012,3,9,0,23004KT,14,12
2012-03-09 01:00:00.000,2012,3,9,1,18007KT,15,09
2012-03-09 02:00:00.000,2012,3,9,2,13004KT,14,09
2012-03-09 03:00:00.000,2012,3,9,3,27005KT,13,10
2012-03-09 04:00:00.000,2012,3,9,4,04006KT,13,09
2012-03-09 05:00:00.000,2012,3,9,5,06003KT,13,09
2012-03-09 06:00:00.000,2012,3,9,6,03004KT,12,09
2012-03-09 07:00:00.000,2012,3,9,7,08005KT,11,09
2012-03-09 08:00:00.000,2012,3,9,8,06004KT,11,09
2012-03-09 09:00:00.000,2012,3,9,9,05005KT,10,08
2012-03-09 10:00:00.000,2012,3,9,10,05003KT,11,08
2012-03-09 11:00:00.000,2012,3,9,11,36003KT,11,09
2012-03-09 12:00:00.000,2012,3,9,12,05006KT,12,09
2012-03-09 13:00:00.000,2012,3,9,13,04006KT,12,09
2012-03-09 14:00:00.000,2012,3,9,14,01004KT,15,09
2012-03-09 15:00:00.000,2012,3,9,15,17008KT,15,08
2012-03-09 16:00:00.000,2012,3,9,16,11006KT,17,09
2012-03-09 17:00:00.000,2012,3,9,17,08010KT,16,09
2012-03-09 18:00:00.000,2012,3,9,18,20003KT,17,09
2012-03-09 19:00:00.000,2012,3,9,19,05004KT,15,10
2012-03-09 20:00:00.000,2012,3,9,20,27004KT,16,10
2012-03-09 21:00:00.000,2012,3,9,21,24008KT,16,11
2012-03-09 22:00:00.000,2012,3,9,22,24006KT,15,11
2012-03-09 23:00:00.000,2012,3,9,23,28006KT,14,11
2012-03-10 00:00:00.000,2012,3,10,0,VRB02KT,13,11
2012-03-10 01:00:00.000,2012,3,10,1,31004KT,13,11
2012-03-10 02:00:00.000,2012,3,10,2,00000KT,12,11
2012-03-10 03:00:00.000,2012,3,10,3,33003KT,12,11
2012-03-10 04:00:00.000,2012,3,10,4,00000KT,12,11
2012-03-10 05:00:00.000,2012,3,10,5,29003KT,12,11
2012-03-10 06:00:00.000,2012,3,10,6,VRB02KT,12,10
2012-03-10 07:00:00.000,2012,3,10,7,32003KT,11,10
2012-03-10 08:00:00.000,2012,3,10,8,33003KT,11,10
2012-03-10 09:00:00.000,2012,3,10,9,VRB02KT,11,10
2012-03-10 10:00:00.000,2012,3,10,10,VRB02KT,12,09
2012-03-10 11:00:00.000,2012,3,10,11,33003KT,10,09
2012-03-10 12:00:00.000,2012,3,10,12,27005KT,11,10
2012-03-10 13:00:00.000,2012,3,10,13,35003KT,12,10
2012-03-10 14:00:00.000,2012,3,10,14,27003KT,14,10
2012-03-10 15:00:00.000,2012,3,10,15,05003KT,16,10
2012-03-10 16:00:00.000,2012,3,10,16,33003KT,16,10
2012-03-10 17:00:00.000,2012,3,10,17,27003KT,17,10
2012-03-10 18:00:00.000,2012,3,10,18,31008KT,14,13
2012-03-10 19:00:00.000,2012,3,10,19,31009KT,14,12
2012-03-10 20:00:00.000,2012,3,10,20,32006KT,13,11
2012-03-10 21:00:00.000,2012,3,10,21,30006KT,14,12
2012-03-10 22:00:00.000,2012,3,10,22,06006KT,13,12
2012-03-10 23:00:00.000,2012,3,10,23,04005KT,12,11
2012-03-11 00:00:00.000,2012,3,11,0,36003KT,12,11
2012-03-11 01:00:00.000,2012,3,11,1,36003KT,12,11
2012-03-11 02:00:00.000,2012,3,11,2,03006KT,12,11
2012-03-11 03:00:00.000,2012,3,11,3,VRB02KT,12,11
2012-03-11 04:00:00.000,2012,3,11,4,07007KT,12,10
2012-03-11 05:00:00.000,2012,3,11,5,07003KT,12,10
2012-03-11 06:00:00.000,2012,3,11,6,04006KT,12,10
2012-03-11 07:00:00.000,2012,3,11,7,04006KT,12,10
2012-03-11 08:00:00.000,2012,3,11,8,05006KT,11,09
2012-03-11 09:00:00.000,2012,3,11,9,05005KT,11,09
2012-03-11 10:00:00.000,2012,3,11,10,05006KT,11,09
2012-03-11 11:00:00.000,2012,3,11,11,03006KT,11,09
2012-03-11 12:00:00.000,2012,3,11,12,04008KT,11,10
2012-03-11 13:00:00.000,2012,3,11,13,06008KT,13,11
2012-03-11 15:00:00.000,2012,3,11,15,08006KT,15,10
2012-03-11 16:00:00.000,2012,3,11,16,08008KT,16,10
2012-03-11 17:00:00.000,2012,3,11,17,15006KT,16,10
2012-03-11 18:00:00.000,2012,3,11,18,13008KT,18,10
2012-03-11 19:00:00.000,2012,3,11,19,07006KT,17,10
2012-03-11 20:00:00.000,2012,3,11,20,01010KT,14,11
2012-03-11 21:00:00.000,2012,3,11,21,04006KT,15,12
2012-03-11 22:00:00.000,2012,3,11,22,VRB02KT,16,11
2012-03-11 23:00:00.000,2012,3,11,23,06006KT,15,10
2012-03-12 00:00:00.000,2012,3,12,0,05005KT,14,09
2012-03-12 01:00:00.000,2012,3,12,1,04006KT,12,09
2012-03-12 02:00:00.000,2012,3,12,2,06005KT,13,09
2012-03-12 03:00:00.000,2012,3,12,3,07004KT,13,09
2012-03-12 04:00:00.000,2012,3,12,4,02004KT,11,08
2012-03-12 05:00:00.000,2012,3,12,5,09003KT,11,09
2012-03-12 06:00:00.000,2012,3,12,6,10003KT,13,09
2012-03-12 07:00:00.000,2012,3,12,7,02003KT,12,10
2012-03-12 08:00:00.000,2012,3,12,8,01004KT,11,10
2012-03-12 09:00:00.000,2012,3,12,9,05003KT,11,10
2012-03-12 10:00:00.000,2012,3,12,10,02004KT,11,10
2012-03-12 11:00:00.000,2012,3,12,11,04006KT,12,10
2012-03-12 12:00:00.000,2012,3,12,12,06008KT,12,10
2012-03-12 13:00:00.000,2012,3,12,13,06006KT,12,10
2012-03-12 14:00:00.000,2012,3,12,14,10004KT,13,11
2012-03-12 15:00:00.000,2012,3,12,15,08004KT,15,11
2012-03-12 16:00:00.000,2012,3,12,16,12014KT,16,10
2012-03-12 17:00:00.000,2012,3,12,17,09006KT,17,09
2012-03-12 18:00:00.000,2012,3,12,18,12008KT,17,10
2012-03-12 19:00:00.000,2012,3,12,19,12012KT,18,09
2012-03-12 20:00:00.000,2012,3,12,20,090010KT,18,08
2012-03-12 21:00:00.000,2012,3,12,21,14012KT,18,08
2012-03-12 22:00:00.000,2012,3,12,22,15014KT,17,08
2012-03-12 23:00:00.000,2012,3,12,23,13010KT,16,09
2012-03-13 00:00:00.000,2012,3,13,0,09007KT,15,09
2012-03-13 01:00:00.000,2012,3,13,1,09007KT,14,09
2012-03-13 02:00:00.000,2012,3,13,2,07005KT,13,09
2012-03-13 03:00:00.000,2012,3,13,3,05004KT,12,09
2012-03-13 04:00:00.000,2012,3,13,4,04004KT,13,10
2012-03-13 05:00:00.000,2012,3,13,5,36003KT,12,09
2012-03-13 06:00:00.000,2012,3,13,6,22003KT,12,09
2012-03-13 07:00:00.000,2012,3,13,7,04003KT,12,09
2012-03-13 13:00:00.000,2012,3,13,13,03008KT,14,10
2012-03-13 14:00:00.000,2012,3,13,14,02008KT,14,10
2012-03-13 15:00:00.000,2012,3,13,15,05006KT,15,10
2012-03-13 16:00:00.000,2012,3,13,16,21006KT,15,10
2012-03-13 17:00:00.000,2012,3,13,17,22004KT,16,10
2012-03-13 18:00:00.000,2012,3,13,18,20006KT,16,11
2012-03-13 19:00:00.000,2012,3,13,19,17009KT,18,10
2012-03-13 20:00:00.000,2012,3,13,20,15012KT,20,09
2012-03-13 21:00:00.000,2012,3,13,21,02007KT,18,10
2012-03-13 22:00:00.000,2012,3,13,22,11003KT,18,09
2012-03-13 23:00:00.000,2012,3,13,23,VRB02KT,17,09
2012-03-14 00:00:00.000,2012,3,14,0,32003KT,15,10
2012-03-14 01:00:00.000,2012,3,14,1,34003KT,14,12
2012-03-14 02:00:00.000,2012,3,14,2,33003KT,13,11
2012-03-14 03:00:00.000,2012,3,14,3,00000KT,13,11
2012-03-14 04:00:00.000,2012,3,14,4,04003KT,12,10
2012-03-14 05:00:00.000,2012,3,14,5,02004KT,10,09
2012-03-14 06:00:00.000,2012,3,14,6,04004KT,10,09
2012-03-14 07:00:00.000,2012,3,14,7,VRB02KT,10,08
2012-03-14 08:00:00.000,2012,3,14,8,06004KT,11,09
2012-03-14 09:00:00.000,2012,3,14,9,06004KT,10,09
2012-03-14 10:00:00.000,2012,3,14,10,VRB02KT,09,08
2012-03-14 11:00:00.000,2012,3,14,11,06006KT,09,08
2012-03-14 12:00:00.000,2012,3,14,12,04008KT,11,10
2012-03-14 13:00:00.000,2012,3,14,13,09005KT,13,10
2012-03-14 14:00:00.000,2012,3,14,14,14006KT,16,11
2012-03-14 15:00:00.000,2012,3,14,15,13012KT,18,07
2012-03-14 16:00:00.000,2012,3,14,16,12014KT,19,09
2012-03-14 17:00:00.000,2012,3,14,17,13014KT,20,08
2012-03-14 18:00:00.000,2012,3,14,18,12010KT,20,07
2012-03-14 19:00:00.000,2012,3,14,19,12014KT,19,07
2012-03-14 20:00:00.000,2012,3,14,20,14014KT,19,09
2012-03-14 21:00:00.000,2012,3,14,21,09008KT,18,08
2012-03-14 22:00:00.000,2012,3,14,22,10006KT,17,09
2012-03-14 23:00:00.000,2012,3,14,23,07006KT,16,09
2012-03-15 00:00:00.000,2012,3,15,0,08010KT,16,10
2012-03-15 01:00:00.000,2012,3,15,1,08004KT,15,09
2012-03-15 02:00:00.000,2012,3,15,2,08008KT,15,10
2012-03-15 03:00:00.000,2012,3,15,3,06006KT,14,10
2012-03-15 04:00:00.000,2012,3,15,4,05006KT,13,09
2012-03-15 05:00:00.000,2012,3,15,5,04006KT,13,09
2012-03-15 06:00:00.000,2012,3,15,6,07008KT,11,09
2012-03-15 07:00:00.000,2012,3,15,7,0604KT,11,09
2012-03-15 08:00:00.000,2012,3,15,8,06006KT,10,08
2012-03-15 09:00:00.000,2012,3,15,9,06004KT,10,8
2012-03-15 10:00:00.000,2012,3,15,10,03006KT,10,08
2012-03-15 11:00:00.000,2012,3,15,11,06008KT,11,09
2012-03-15 12:00:00.000,2012,3,15,12,06008KT,12,08
2012-03-15 13:00:00.000,2012,3,15,13,10010KT,15,10
2012-03-15 14:00:00.000,2012,3,15,14,11010KT,16,09
2012-03-15 15:00:00.000,2012,3,15,15,12012KT,16,08
2012-03-15 16:00:00.000,2012,3,15,16,06008KT,18,09
2012-03-15 17:00:00.000,2012,3,15,17,13008KT,18,09
2012-03-15 18:00:00.000,2012,3,15,18,16012KT,19,08
2012-03-15 19:00:00.000,2012,3,15,19,16012KT,19,09
2012-03-15 20:00:00.000,2012,3,15,20,16010KT,19,08
2012-03-15 21:00:00.000,2012,3,15,21,16008KT,19,08
2012-03-15 22:00:00.000,2012,3,15,22,33006KT,25,24
2012-03-15 23:00:00.000,2012,3,15,23,14004KT,17,09
2012-03-16 00:00:00.000,2012,3,16,0,25004KT,15,12
2012-03-16 01:00:00.000,2012,3,16,1,VRB02KT,14,12
2012-03-16 02:00:00.000,2012,3,16,2,35003KT,14,12
2012-03-16 03:00:00.000,2012,3,16,3,17007KT,15,09
2012-03-16 04:00:00.000,2012,3,16,4,16008KT,14,08
2012-03-16 05:00:00.000,2012,3,16,5,06004KT,12,09
2012-03-16 06:00:00.000,2012,3,16,6,03004KT,11,09
2012-03-16 07:00:00.000,2012,3,16,7,27006KT,12,09
2012-03-16 08:00:00.000,2012,3,16,8,VRB02KT,12,09
2012-03-16 09:00:00.000,2012,3,16,9,05004KT,11,09
2012-03-16 10:00:00.000,2012,3,16,10,03005KT,11,09
2012-03-16 11:00:00.000,2012,3,16,11,VRB02KT,11,09
2012-03-16 12:00:00.000,2012,3,16,12,05005KT,12,09
2012-03-16 13:00:00.000,2012,3,16,13,03012KT,13,10
2012-03-16 14:00:00.000,2012,3,16,14,03009KT,14,11
2012-03-16 15:00:00.000,2012,3,16,15,01012KT,15,10
2012-03-16 16:00:00.000,2012,3,16,16,03009KT,15,10
2012-03-16 17:00:00.000,2012,3,16,17,06005KT,15,09
2012-03-16 18:00:00.000,2012,3,16,18,03006KT,17,09
2012-03-16 19:00:00.000,2012,3,16,19,10010KT,17,09
2012-03-16 20:00:00.000,2012,3,16,20,10008KT,18,10
2012-03-16 21:00:00.000,2012,3,16,21,12006KT,17,09
2012-03-16 22:00:00.000,2012,3,16,22,08006KT,16,10
2012-03-16 23:00:00.000,2012,3,16,23,11008KT,16,09
2012-03-17 00:00:00.000,2012,3,17,0,07005KT,15,09
2012-03-17 01:00:00.000,2012,3,17,1,12004KT,14,09
2012-03-17 02:00:00.000,2012,3,17,2,04004KT,14,10
2012-03-17 03:00:00.000,2012,3,17,3,10008KT,13,11
2012-03-17 04:00:00.000,2012,3,17,4,11008KT,12,11
2012-03-17 05:00:00.000,2012,3,17,5,06007KT,11,09
2012-03-17 06:00:00.000,2012,3,17,6,04007KT,10,09
2012-03-17 07:00:00.000,2012,3,17,7,05008KT,10,09
2012-03-17 08:00:00.000,2012,3,17,8,05006KT,10,09
2012-03-17 09:00:00.000,2012,3,17,9,05005KT,10,09
2012-03-17 10:00:00.000,2012,3,17,10,05005KT,10,09
2012-03-17 11:00:00.000,2012,3,17,11,06003KT,10,09
2012-03-17 12:00:00.000,2012,3,17,12,05004KT,10,09
2012-03-17 13:00:00.000,2012,3,17,13,VRB02KT,13,10
2012-03-17 14:00:00.000,2012,3,17,14,20004KT,15,11
2012-03-17 15:00:00.000,2012,3,17,15,30004KT,16,10
2012-03-17 16:00:00.000,2012,3,17,16,31004KT,17,10
2012-03-17 17:00:00.000,2012,3,17,17,29010KT,15,11
2012-03-17 18:00:00.000,2012,3,17,18,25006KT,17,11
2012-03-17 19:00:00.000,2012,3,17,19,22003KT,19,10
2012-03-17 20:00:00.000,2012,3,17,20,22008KT,19,11
2012-03-17 21:00:00.000,2012,3,17,21,31014KT,15,12
2012-03-17 22:00:00.000,2012,3,17,22,31007KT,13,12
2012-03-17 23:00:00.000,2012,3,17,23,25007KT,13,11
2012-03-18 00:00:00.000,2012,3,18,0,25007KT,13,10
2012-03-18 01:00:00.000,2012,3,18,1,33006KT,12,10
2012-03-18 02:00:00.000,2012,3,18,2,35004KT,12,11
2012-03-18 03:00:00.000,2012,3,18,3,05011KT,12,11
2012-03-18 04:00:00.000,2012,3,18,4,07003KT,12,10
2012-03-18 05:00:00.000,2012,3,18,5,00000KT,12,11
2012-03-18 06:00:00.000,2012,3,18,6,05003KT,11,11
2012-03-18 07:00:00.000,2012,3,18,7,05003KT,11,10
2012-03-18 08:00:00.000,2012,3,18,8,02003KT,11,10
2012-03-18 09:00:00.000,2012,3,18,9,VRB02KT,10,09
2012-03-18 10:00:00.000,2012,3,18,10,VRB02KT,10,09
2012-03-18 11:00:00.000,2012,3,18,11,05003KT,09,09
2012-03-18 12:00:00.000,2012,3,18,12,04004KT,09,09
2012-03-18 13:00:00.000,2012,3,18,13,05006KT,11,10
2012-03-19 01:00:00.000,2012,3,19,1,22005KT,14,12
2012-03-19 02:00:00.000,2012,3,19,2,32010KT,13,12
2012-03-19 03:00:00.000,2012,3,19,3,06006KT,11,10
2012-03-19 04:00:00.000,2012,3,19,4,08005KT,11,10
2012-03-19 05:00:00.000,2012,3,19,5,02006KT,11,10
2012-03-19 06:00:00.000,2012,3,19,6,VRB02KT,11,10
2012-03-19 07:00:00.000,2012,3,19,7,04004KT,11,10
2012-03-19 08:00:00.000,2012,3,19,8,04004KT,11,10
2012-03-19 09:00:00.000,2012,3,19,9,VRB02KT,11,10
2012-03-19 10:00:00.000,2012,3,19,10,36003KT,11,10
2012-03-19 11:00:00.000,2012,3,19,11,VRB02KT,11,10
2012-03-19 12:00:00.000,2012,3,19,12,06005KT,11,10
2012-03-19 13:00:00.000,2012,3,19,13,08005KT,13,11
2012-03-19 14:00:00.000,2012,3,19,14,04006KT,14,11
2012-03-19 15:00:00.000,2012,3,19,15,06006KT,14,11
2012-03-19 16:00:00.000,2012,3,19,16,32006KT,14,12
2012-03-19 17:00:00.000,2012,3,19,17,31003KT,15,11
2012-03-19 18:00:00.000,2012,3,19,18,20004KT,16,11
2012-03-19 19:00:00.000,2012,3,19,19,16007KT,16,10
2012-03-19 20:00:00.000,2012,3,19,20,14007KT,16,12
2012-03-19 21:00:00.000,2012,3,19,21,12007KT,16,11
2012-03-19 22:00:00.000,2012,3,19,22,02003KT,16,10
2012-03-19 23:00:00.000,2012,3,19,23,33003KT,15,11
2012-03-20 00:00:00.000,2012,3,20,0,21006KT,13,11
2012-03-20 01:00:00.000,2012,3,20,1,21004KT,12,11
2012-03-20 02:00:00.000,2012,3,20,2,33003KT,12,11
2012-03-20 03:00:00.000,2012,3,20,3,29003KT,11,10
2012-03-20 04:00:00.000,2012,3,20,4,VRB02KT,11,10
2012-03-20 05:00:00.000,2012,3,20,5,VRB02KT,12,10
2012-03-20 06:00:00.000,2012,3,20,6,VRB02KT,11,10
2012-03-20 07:00:00.000,2012,3,20,7,31003KT,11,10
2012-03-20 08:00:00.000,2012,3,20,8,27005KT,10,19
2012-03-20 09:00:00.000,2012,3,20,9,00000KT,10,09
2012-03-20 10:00:00.000,2012,3,20,10,VRB02KT,10,10
2012-03-20 11:00:00.000,2012,3,20,11,00000KT,10,09
2012-03-20 12:00:00.000,2012,3,20,12,VRB02KT,10,09
2012-03-20 13:00:00.000,2012,3,20,13,29005KT,12,11
2012-03-20 14:00:00.000,2012,3,20,14,VRB02KT,14,11
2012-03-20 15:00:00.000,2012,3,20,15,27004KT,15,11
2012-03-20 16:00:00.000,2012,3,20,16,27008KT,17,11
2012-03-20 17:00:00.000,2012,3,20,17,27004KT,17,11
2012-03-20 18:00:00.000,2012,3,20,18,23010KT,16,12
2012-03-20 19:00:00.000,2012,3,20,19,36005KT,13,11
2012-03-20 20:00:00.000,2012,3,20,20,32008KT,13,11
2012-03-20 21:00:00.000,2012,3,20,21,14005KT,14,11
2012-03-20 22:00:00.000,2012,3,20,22,35005KT,14,11
2012-03-20 23:00:00.000,2012,3,20,23,01005KT,14,10
2012-03-21 00:00:00.000,2012,3,21,0,32003KT,13,10
2012-03-21 01:00:00.000,2012,3,21,1,VRB02KT,12,10
2012-03-21 02:00:00.000,2012,3,21,2,VRB02KT,12,10
2012-03-21 03:00:00.000,2012,3,21,3,VRB02KT,11,09
2012-03-21 04:00:00.000,2012,3,21,4,VRB02KT,10,09
2012-03-21 05:00:00.000,2012,3,21,5,VRB02KT,10,09
2012-03-21 06:00:00.000,2012,3,21,6,30004KT,09,09
2012-03-21 07:00:00.000,2012,3,21,7,00000KT,10,10
2012-03-21 08:00:00.000,2012,3,21,8,30003KT,10,10
2012-03-21 09:00:00.000,2012,3,21,9,VRB023KT,10,09
2012-03-21 10:00:00.000,2012,3,21,10,07005KT,10,09
2012-03-21 11:00:00.000,2012,3,21,11,04006KT,10,09
2012-03-21 12:00:00.000,2012,3,21,12,08005KT,11,09
2012-03-21 13:00:00.000,2012,3,21,13,06004KT,12,10
2012-03-21 14:00:00.000,2012,3,21,14,05006KT,15,10
2012-03-21 15:00:00.000,2012,3,21,15,05005KT,17,11
2012-03-21 16:00:00.000,2012,3,21,16,21005KT,18,09
2012-03-21 17:00:00.000,2012,3,21,17,19012KT,18,09
2012-03-21 18:00:00.000,2012,3,21,18,16008KT,19,10
2012-03-21 19:00:00.000,2012,3,21,19,16008KT,18,10
2012-03-21 20:00:00.000,2012,3,21,20,28012KT,15,13
2012-03-21 21:00:00.000,2012,3,21,21,30010KT,14,13
2012-03-21 22:00:00.000,2012,3,21,22,33005KT,14,12
2012-03-21 23:00:00.000,2012,3,21,23,30006KT,14,12
2012-03-22 00:00:00.000,2012,3,22,0,30004KT,13,12
2012-03-22 02:00:00.000,2012,3,22,2,30003KT,13,11
2012-03-22 04:00:00.000,2012,3,22,4,04005KT,12,12
2012-03-22 05:00:00.000,2012,3,22,5,02006KT,13,12
2012-03-22 06:00:00.000,2012,3,22,6,02006KT,12,11
2012-03-22 07:00:00.000,2012,3,22,7,02005KT,12,11
2012-03-22 08:00:00.000,2012,3,22,8,35003KT,12,11
2012-03-22 09:00:00.000,2012,3,22,9,03009KT,12,10
2012-03-22 10:00:00.000,2012,3,22,10,05006KT,11,10
2012-03-22 11:00:00.000,2012,3,22,11,01004KT,11,10
2012-03-22 12:00:00.000,2012,3,22,12,06003KT,11,10
2012-03-22 13:00:00.000,2012,3,22,13,02003KT,11,10
2012-03-22 14:00:00.000,2012,3,22,14,31003KT,11,10
2012-03-22 15:00:00.000,2012,3,22,15,VRB02KT,12,11
2012-03-22 16:00:00.000,2012,3,22,16,VRB02KT,13,11
2012-03-22 17:00:00.000,2012,3,22,17,35003KT,15,11
2012-03-22 18:00:00.000,2012,3,22,18,03014KT,14,10
2012-03-22 19:00:00.000,2012,3,22,19,05012KT,15,10
2012-03-22 21:00:00.000,2012,3,22,21,26008KT,16,11
2012-03-22 22:00:00.000,2012,3,22,22,20007KT,14,11
2012-03-22 23:00:00.000,2012,3,22,23,20007KT,14,11
2012-03-23 00:00:00.000,2012,3,23,0,24004KT,13,10
2012-03-23 01:00:00.000,2012,3,23,1,03003KT,12,10
2012-03-23 02:00:00.000,2012,3,23,2,VRB02KT,12,11
2012-03-23 03:00:00.000,2012,3,23,3,34005KT,12,11
2012-03-23 04:00:00.000,2012,3,23,4,VRB02KT,11,10
2012-03-23 05:00:00.000,2012,3,23,5,00000KT,11,11
2012-03-23 06:00:00.000,2012,3,23,6,33003KT,10,10
2012-03-23 07:00:00.000,2012,3,23,7,00000KT,10,10
2012-03-23 08:00:00.000,2012,3,23,8,VRB02KT,10,10
2012-03-23 09:00:00.000,2012,3,23,9,VRB02KT,10,10
2012-03-23 10:00:00.000,2012,3,23,10,00000KT,11,10
2012-03-23 11:00:00.000,2012,3,23,11,VRB02KT,10,09
2012-03-23 12:00:00.000,2012,3,23,12,VRB02KT,11,09
2012-03-23 13:00:00.000,2012,3,23,13,02004KT,12,10
2012-03-23 14:00:00.000,2012,3,23,14,01003KT,15,10
2012-03-23 15:00:00.000,2012,3,23,15,02003KT,18,10
2012-03-23 16:00:00.000,2012,3,23,16,32004KT,19,10
2012-03-23 17:00:00.000,2012,3,23,17,30006KT,19,09
2012-03-23 19:00:00.000,2012,3,23,19,27011KT,18,12
2012-03-23 20:00:00.000,2012,3,23,20,28017KT,19,11
2012-03-23 21:00:00.000,2012,3,23,21,25010KT,19,10
2012-03-23 22:00:00.000,2012,3,23,22,27008KT,18,11
2012-03-23 23:00:00.000,2012,3,23,23,33004KT,17,11
2012-03-24 00:00:00.000,2012,3,24,0,02009KT,13,09
2012-03-24 01:00:00.000,2012,3,24,1,01005KT,12,10
2012-03-24 02:00:00.000,2012,3,24,2,31006KT,12,09
2012-03-24 03:00:00.000,2012,3,24,3,05003KT,11,09
2012-03-24 04:00:00.000,2012,3,24,4,00000KT,10,09
2012-03-24 05:00:00.000,2012,3,24,5,29003KT,12,10
2012-03-24 06:00:00.000,2012,3,24,6,05003KT,09,08
2012-03-24 07:00:00.000,2012,3,24,7,VRB02KT,09,08
2012-03-24 08:00:00.000,2012,3,24,8,00000KT,09,09
2012-03-24 09:00:00.000,2012,3,24,9,00000KT,07,07
2012-03-24 10:00:00.000,2012,3,24,10,VRB02KT,07,06
2012-03-24 11:00:00.000,2012,3,24,11,00000KT,07,07
2012-03-24 12:00:00.000,2012,3,24,12,30003KT,08,08
2012-03-24 13:00:00.000,2012,3,24,13,VRB02KT,09,09
2012-03-24 14:00:00.000,2012,3,24,14,VRB02KT,12,10
2012-03-24 15:00:00.000,2012,3,24,15,06004KT,15,11
2012-03-24 16:00:00.000,2012,3,24,16,32005KT,16,10
2012-03-24 17:00:00.000,2012,3,24,17,27005KT,17,10
2012-03-24 18:00:00.000,2012,3,24,18,30008KT,18,11
2012-03-24 19:00:00.000,2012,3,24,19,27012KT,17,11
2012-03-24 21:00:00.000,2012,3,24,21,28012KT,18,12
2012-03-24 23:00:00.000,2012,3,24,23,30005KT,15,12
2012-03-25 00:00:00.000,2012,3,25,0,27004KT,14,11
2012-03-25 01:00:00.000,2012,3,25,1,05007KT,13,11
2012-03-25 02:00:00.000,2012,3,25,2,05005KT,13,11
2012-03-25 03:00:00.000,2012,3,25,3,04004KT,13,11
2012-03-25 04:00:00.000,2012,3,25,4,32005KT,12,11
2012-03-25 05:00:00.000,2012,3,25,5,00000KT,12,11
2012-03-25 06:00:00.000,2012,3,25,6,27004KT,12,11
2012-03-25 07:00:00.000,2012,3,25,7,00000KT,12,11
2012-03-25 08:00:00.000,2012,3,25,8,04003KT,12,11
2012-03-25 09:00:00.000,2012,3,25,9,02003KT,11,11
2012-03-25 10:00:00.000,2012,3,25,10,VRB02KT,11,11
2012-03-25 11:00:00.000,2012,3,25,11,VRB02KT,11,11
2012-03-25 12:00:00.000,2012,3,25,12,VRB02KT,11,11
2012-03-25 13:00:00.000,2012,3,25,13,03004KT,12,11
2012-03-25 14:00:00.000,2012,3,25,14,06006KT,13,11
2012-03-25 15:00:00.000,2012,3,25,15,08006KT,15,11
2012-03-25 16:00:00.000,2012,3,25,16,06006KT,16,10
2012-03-25 17:00:00.000,2012,3,25,17,02004KT,16,11
2012-03-25 18:00:00.000,2012,3,25,18,06012KT,16,10
2012-03-25 19:00:00.000,2012,3,25,19,03005KT,14,11
2012-03-25 20:00:00.000,2012,3,25,20,VRB02KT,15,11
2012-03-25 21:00:00.000,2012,3,25,21,22007KT,17,12
2012-03-25 22:00:00.000,2012,3,25,22,25009KT,16,12
2012-03-25 23:00:00.000,2012,3,25,23,26006KT,15,11
2012-03-26 00:00:00.000,2012,3,26,0,25005KT,14,12
2012-03-26 01:00:00.000,2012,3,26,1,25003KT,14,12
2012-03-26 02:00:00.000,2012,3,26,2,00000KT,14,12
2012-03-26 03:00:00.000,2012,3,26,3,00000KT,14,12
2012-03-26 04:00:00.000,2012,3,26,4,VRB02KT,13,12
2012-03-26 05:00:00.000,2012,3,26,5,32003KT,13,12
2012-03-26 06:00:00.000,2012,3,26,6,VRB02KT,13,11
2012-03-26 07:00:00.000,2012,3,26,7,35003KT,13,11
2012-03-26 08:00:00.000,2012,3,26,8,35003KT,13,13
2012-03-26 09:00:00.000,2012,3,26,9,VRB02KT,12,11
2012-03-26 10:00:00.000,2012,3,26,10,04003KT,12,11
2012-03-26 11:00:00.000,2012,3,26,11,03003KT,11,10
2012-03-26 14:00:00.000,2012,3,26,14,VRB02KT,16,11
2012-03-26 15:00:00.000,2012,3,26,15,04005KT,16,11
2012-03-26 16:00:00.000,2012,3,26,16,VRB02KT,17,10
2012-03-26 17:00:00.000,2012,3,26,17,22010KT,14,12
2012-03-26 18:00:00.000,2012,3,26,18,04006KT,14,12
2012-03-26 19:00:00.000,2012,3,26,19,06006KT,15,12
2012-03-26 20:00:00.000,2012,3,26,20,30012KT,12,11
2012-03-26 21:00:00.000,2012,3,26,21,32004KT,11,10
2012-03-26 22:00:00.000,2012,3,26,22,12003KT,11,10
2012-03-26 23:00:00.000,2012,3,26,23,07006KT,12,11
2012-03-27 00:00:00.000,2012,3,27,0,34006KT,11,10
2012-03-27 01:00:00.000,2012,3,27,1,02006KT,12,10
2012-03-27 02:00:00.000,2012,3,27,2,VRB02KT,12,10
2012-03-27 03:00:00.000,2012,3,27,3,03005KT,11,10
2012-03-27 04:00:00.000,2012,3,27,4,06003KT,11,10
2012-03-27 05:00:00.000,2012,3,27,5,03003KT,11,10
2012-03-27 06:00:00.000,2012,3,27,6,VRB02KT,11,10
2012-03-27 07:00:00.000,2012,3,27,7,05004KT,10,10
2012-03-27 08:00:00.000,2012,3,27,8,VRB02KT,10,09
2012-03-27 09:00:00.000,2012,3,27,9,VRB02KT,09,09
2012-03-27 10:00:00.000,2012,3,27,10,VRB02KT,,
2012-03-27 11:00:00.000,2012,3,27,11,VRB02KT,09,08
2012-03-27 12:00:00.000,2012,3,27,12,00000KT,08,08
2012-03-27 13:00:00.000,2012,3,27,13,04005KT,13,10
2012-03-27 14:00:00.000,2012,3,27,14,05003KT,18,15
2012-03-27 16:00:00.000,2012,3,27,16,02004KT,17,10
2012-03-27 17:00:00.000,2012,3,27,17,00000KT,18,10
2012-03-27 18:00:00.000,2012,3,27,18,30003KT,20,12
2012-03-27 20:00:00.000,2012,3,27,20,24006KT,15,13
2012-03-27 21:00:00.000,2012,3,27,21,25007KT,15,14
2012-03-27 22:00:00.000,2012,3,27,22,27004KT,16,12
2012-03-27 23:00:00.000,2012,3,27,23,30007KT,15,13
2012-03-28 00:00:00.000,2012,3,28,0,27006KT,14,12
2012-03-28 01:00:00.000,2012,3,28,1,30005KT,14,11
2012-03-28 02:00:00.000,2012,3,28,2,07003KT,13,10
2012-03-28 03:00:00.000,2012,3,28,3,35003KT,13,10
2012-03-28 04:00:00.000,2012,3,28,4,03005KT,12,10
2012-03-28 05:00:00.000,2012,3,28,5,02003KT,12,10
2012-03-28 06:00:00.000,2012,3,28,6,VRB02KT,12,10
2012-03-28 07:00:00.000,2012,3,28,7,VRB02KT,12,11
2012-03-28 08:00:00.000,2012,3,28,8,00000KT,12,10
2012-03-28 09:00:00.000,2012,3,28,9,03003KT,12,11
2012-03-28 10:00:00.000,2012,3,28,10,00000KT,11,10
2012-03-28 11:00:00.000,2012,3,28,11,00000KT,11,10
2012-03-28 12:00:00.000,2012,3,28,12,02004KT,12,11
2012-03-28 13:00:00.000,2012,3,28,13,06005KT,14,12
2012-03-28 14:00:00.000,2012,3,28,14,04006KT,15,11
2012-03-28 15:00:00.000,2012,3,28,15,07005KT,15,12
2012-03-28 16:00:00.000,2012,3,28,16,08005KT,16,11
2012-03-28 17:00:00.000,2012,3,28,17,14004KT,15,13
2012-03-28 18:00:00.000,2012,3,28,18,29009KT,18,11
2012-03-28 19:00:00.000,2012,3,28,19,32006KT,18,10
2012-03-28 20:00:00.000,2012,3,28,20,21006KT,18,10
2012-03-28 21:00:00.000,2012,3,28,21,VRB02KT,19,10
2012-03-28 22:00:00.000,2012,3,28,22,25006KT,16,12
2012-03-29 00:00:00.000,2012,3,29,0,VRB02KT,14,12
2012-03-29 01:00:00.000,2012,3,29,1,VRB02KT,12,11
2012-03-29 02:00:00.000,2012,3,29,2,31003KT,13,12
2012-03-29 03:00:00.000,2012,3,29,3,VRB02KT,13,12
2012-03-29 04:00:00.000,2012,3,29,4,VRB02KT,13,11
2012-03-29 05:00:00.000,2012,3,29,5,VRB02KT,13,11
2012-03-29 06:00:00.000,2012,3,29,6,01004KT,13,10
2012-03-29 07:00:00.000,2012,3,29,7,05003KT,12,11
2012-03-29 08:00:00.000,2012,3,29,8,05005KT,11,10
2012-03-29 09:00:00.000,2012,3,29,9,00000KT,11,09
2012-03-29 10:00:00.000,2012,3,29,10,06003KT,10,10
2012-03-29 11:00:00.000,2012,3,29,11,VRB02KT,11,10
2012-03-29 12:00:00.000,2012,3,29,12,VRB02KT,12,11
2012-03-29 13:00:00.000,2012,3,29,13,06003KT,14,11
2012-03-29 14:00:00.000,2012,3,29,14,04008KT,15,12
2012-03-29 15:00:00.000,2012,3,29,15,06008KT,15,11
2012-03-29 16:00:00.000,2012,3,29,16,05010KT,16,10
2012-03-29 17:00:00.000,2012,3,29,17,15006KT,15,10
2012-03-29 18:00:00.000,2012,3,29,18,06003KT,17,11
2012-03-29 19:00:00.000,2012,3,29,19,12004KT,17,11
2012-03-29 20:00:00.000,2012,3,29,20,11007KT,19,10
2012-03-29 21:00:00.000,2012,3,29,21,10008KT,19,10
2012-03-29 22:00:00.000,2012,3,29,22,06005KT,18,10
2012-03-29 23:00:00.000,2012,3,29,23,13006KT,17,10
2012-03-30 00:00:00.000,2012,3,30,0,12003KT,15,10
2012-03-30 01:00:00.000,2012,3,30,1,00000KT,14,10
2012-03-30 02:00:00.000,2012,3,30,2,06004KT,13,10
2012-03-30 03:00:00.000,2012,3,30,3,VRB02KT,12,10
2012-03-30 04:00:00.000,2012,3,30,4,19007KT,13,10
2012-03-30 05:00:00.000,2012,3,30,5,00000KT,13,11
2012-03-30 06:00:00.000,2012,3,30,6,VRB02KT,13,11
2012-03-30 07:00:00.000,2012,3,30,7,33003KT,13,11
2012-03-30 08:00:00.000,2012,3,30,8,00000KT,13,11
2012-03-30 09:00:00.000,2012,3,30,9,03006KT,12,10
2012-03-30 10:00:00.000,2012,3,30,10,VRB02KT,12,10
2012-03-30 11:00:00.000,2012,3,30,11,02003KT,12,11
2012-03-30 12:00:00.000,2012,3,30,12,04003KT,13,10
2012-03-30 13:00:00.000,2012,3,30,13,06003KT,14,11
2012-03-30 14:00:00.000,2012,3,30,14,VRB02KT,14,11
2012-03-30 15:00:00.000,2012,3,30,15,15010KT,16,09
2012-03-30 16:00:00.000,2012,3,30,16,17012KT,14,09
2012-03-30 17:00:00.000,2012,3,30,17,15010KT,13,10
2012-03-30 18:00:00.000,2012,3,30,18,17008KT,13,10
2012-03-30 19:00:00.000,2012,3,30,19,22006KT,13,09
2012-03-30 20:00:00.000,2012,3,30,20,04006KT,15,10
2012-03-30 21:00:00.000,2012,3,30,21,07010KT,17,10
2012-03-30 22:00:00.000,2012,3,30,22,09010KT,16,10
2012-03-30 23:00:00.000,2012,3,30,23,11010KT,15,10
2012-03-31 00:00:00.000,2012,3,31,0,04007KT,13,09
2012-03-31 01:00:00.000,2012,3,31,1,06003KT,14,09
2012-03-31 02:00:00.000,2012,3,31,2,07003KT,12,09
2012-03-31 03:00:00.000,2012,3,31,3,09009KT,13,09
2012-03-31 04:00:00.000,2012,3,31,4,09008KT,13,09
2012-03-31 05:00:00.000,2012,3,31,5,11005KT,13,09
2012-03-31 06:00:00.000,2012,3,31,6,10003KT,12,09
2012-03-31 07:00:00.000,2012,3,31,7,02004KT,12,10
2012-03-31 08:00:00.000,2012,3,31,8,VRB02KT,12,09
2012-03-31 09:00:00.000,2012,3,31,9,04004KT,11,09
2012-03-31 10:00:00.000,2012,3,31,10,07003KT,11,09
2012-03-31 11:00:00.000,2012,3,31,11,VRB02KT,12,10
2012-03-31 12:00:00.000,2012,3,31,12,09003KT,13,11
2012-03-31 13:00:00.000,2012,3,31,13,10003KT,15,10
2012-03-31 14:00:00.000,2012,3,31,14,19008KT,16,10
2012-03-31 15:00:00.000,2012,3,31,15,17012KT,17,10
2012-03-31 16:00:00.000,2012,3,31,16,15016KT,17,08
2012-03-31 17:00:00.000,2012,3,31,17,16010KT,18,09
2012-03-31 18:00:00.000,2012,3,31,18,16010KT,17,10
2012-03-31 19:00:00.000,2012,3,31,19,14012KT,18,10
2012-03-31 20:00:00.000,2012,3,31,20,12010KT,18,10
2012-03-31 21:00:00.000,2012,3,31,21,13010KT,17,10
2012-03-31 22:00:00.000,2012,3,31,22,14012KT,16,09
2012-03-31 23:00:00.000,2012,3,31,23,09010KT,15,09
2012-04-01 00:00:00.000,2012,4,1,0,12010KT,14,09
2012-04-01 01:00:00.000,2012,4,1,1,08010KT,14,09
2012-04-01 02:00:00.000,2012,4,1,2,09006KT,14,09
2012-04-01 03:00:00.000,2012,4,1,3,12006KT,12,09
2012-04-01 04:00:00.000,2012,4,1,4,08003KT,12,09
2012-04-01 05:00:00.000,2012,4,1,5,06006KT,11,09
2012-04-01 06:00:00.000,2012,4,1,6,VRB02KT,11,09
2012-04-01 07:00:00.000,2012,4,1,7,08005KT,11,09
2012-04-01 08:00:00.000,2012,4,1,8,04006KT,11,09
2012-04-01 09:00:00.000,2012,4,1,9,VRB02KT,11,10
2012-04-01 10:00:00.000,2012,4,1,10,04003KT,11,10
2012-04-01 11:00:00.000,2012,4,1,11,VRB02KT,11,09
2012-04-01 12:00:00.000,2012,4,1,12,03006KT,11,09
2012-04-01 13:00:00.000,2012,4,1,13,12004KT,16,10
2012-04-01 14:00:00.000,2012,4,1,14,16011KT,16,08
2012-04-01 15:00:00.000,2012,4,1,15,17013KT,17,09
2012-04-01 16:00:00.000,2012,4,1,16,18013KT,17,09
2012-04-01 17:00:00.000,2012,4,1,17,15010KT,18,08
2012-04-01 18:00:00.000,2012,4,1,18,13014KT,18,09
2012-04-01 19:00:00.000,2012,4,1,19,18010KT,19,09
2012-04-01 20:00:00.000,2012,4,1,20,15010KT,17,09
2012-04-01 21:00:00.000,2012,4,1,21,15009KT,18,09
2012-04-01 22:00:00.000,2012,4,1,22,14006KT,18,07
2012-04-01 23:00:00.000,2012,4,1,23,05005KT,16,10
2012-04-02 00:00:00.000,2012,4,2,0,33005KT,13,10
2012-04-02 01:00:00.000,2012,4,2,1,35003KT,13,09
2012-04-02 02:00:00.000,2012,4,2,2,VRB02KT,13,09
2012-04-02 03:00:00.000,2012,4,2,3,VRB02KT,10,09
2012-04-02 04:00:00.000,2012,4,2,4,06005KT,12,09
2012-04-02 05:00:00.000,2012,4,2,5,25005KT,11,09
2012-04-02 06:00:00.000,2012,4,2,6,VRB02KT,09,08
2012-04-02 07:00:00.000,2012,4,2,7,01005KT,10,08
2012-04-02 08:00:00.000,2012,4,2,8,02005KT,09,08
2012-04-02 09:00:00.000,2012,4,2,9,03008KT,09,08
2012-04-02 10:00:00.000,2012,4,2,10,28004KT,09,07
2012-04-02 11:00:00.000,2012,4,2,11,02003KT,09,08
2012-04-02 12:00:00.000,2012,4,2,12,05006KT,11,09
2012-04-02 13:00:00.000,2012,4,2,13,05006KT,14,10
2012-04-02 14:00:00.000,2012,4,2,14,06006KT,16,10
2012-04-02 15:00:00.000,2012,4,2,15,03006KT,17,10
2012-04-02 16:00:00.000,2012,4,2,16,15010KT,18,09
2012-04-02 17:00:00.000,2012,4,2,17,14013KT,17,08
2012-04-02 18:00:00.000,2012,4,2,18,13012KT,18,08
2012-04-02 19:00:00.000,2012,4,2,19,10008KT,18,08
2012-04-02 20:00:00.000,2012,4,2,20,06008KT,18,09
2012-04-02 21:00:00.000,2012,4,2,21,09006KT,19,08
2012-04-02 22:00:00.000,2012,4,2,22,10004KT,19,09
2012-04-02 23:00:00.000,2012,4,2,23,11007KT,18,09
2012-04-03 00:00:00.000,2012,4,3,0,14006KT,15,11
2012-04-03 01:00:00.000,2012,4,3,1,06004KT,14,10
2012-04-03 02:00:00.000,2012,4,3,2,VRB02KT,13,10
2012-04-03 03:00:00.000,2012,4,3,3,VRB02KT,13,10
2012-04-03 04:00:00.000,2012,4,3,4,VRB02KT,12,09
2012-04-03 05:00:00.000,2012,4,3,5,03004KT,11,09
2012-04-03 06:00:00.000,2012,4,3,6,03004KT,10,08
2012-04-03 07:00:00.000,2012,4,3,7,36004KT,08,07
2012-04-03 08:00:00.000,2012,4,3,8,VRB02KT,09,08
2012-04-03 09:00:00.000,2012,4,3,9,VRB02KT,08,07
2012-04-03 10:00:00.000,2012,4,3,10,28004KT,08,08
2012-04-03 12:00:00.000,2012,4,3,12,VRB02KT,09,08
2012-04-03 13:00:00.000,2012,4,3,13,03005KT,12,09
2012-04-03 14:00:00.000,2012,4,3,14,06005KT,15,09
2012-04-03 15:00:00.000,2012,4,3,15,13006KT,18,09
2012-04-03 16:00:00.000,2012,4,3,16,10008KT,18,08
2012-04-03 17:00:00.000,2012,4,3,17,10010KT,18,09
2012-04-03 18:00:00.000,2012,4,3,18,11009KT,18,08
2012-04-03 19:00:00.000,2012,4,3,19,13011KT,18,09
2012-04-03 20:00:00.000,2012,4,3,20,VRB02KT,19,09
2012-04-03 21:00:00.000,2012,4,3,21,27004KT,20,09
2012-04-03 22:00:00.000,2012,4,3,22,27004KT,19,08
2012-04-03 23:00:00.000,2012,4,3,23,23007KT,16,12
2012-04-04 00:00:00.000,2012,4,4,0,33004KT,13,11
2012-04-04 01:00:00.000,2012,4,4,1,33004KT,12,11
2012-04-04 02:00:00.000,2012,4,4,2,33004KT,12,10
2012-04-04 03:00:00.000,2012,4,4,3,03003KT,11,09
2012-04-04 04:00:00.000,2012,4,4,4,25006KT,11,09
2012-04-04 05:00:00.000,2012,4,4,5,00000KT,10,09
2012-04-04 06:00:00.000,2012,4,4,6,28004KT,09,09
2012-04-04 07:00:00.000,2012,4,4,7,03004KT,08,08
2012-04-04 08:00:00.000,2012,4,4,8,VRB02KT,,
2012-04-04 09:00:00.000,2012,4,4,9,VRB02KT,08,08
2012-04-04 10:00:00.000,2012,4,4,10,VRB02KT,06,06
2012-04-04 11:00:00.000,2012,4,4,11,VRB02KT,07,07
2012-04-04 12:00:00.000,2012,4,4,12,VRB02KT,08,08
2012-04-04 13:00:00.000,2012,4,4,13,04003KT,14,11
2012-04-04 14:00:00.000,2012,4,4,14,02006KT,16,09
2012-04-04 15:00:00.000,2012,4,4,15,12003KT,16,09
2012-04-04 16:00:00.000,2012,4,4,16,09008KT,16,09
2012-04-04 17:00:00.000,2012,4,4,17,09008KT,17,10
2012-04-04 18:00:00.000,2012,4,4,18,10010KT,17,08
2012-04-04 19:00:00.000,2012,4,4,19,12014KT,17,08
2012-04-04 20:00:00.000,2012,4,4,20,09010KT,17,09
2012-04-04 21:00:00.000,2012,4,4,21,07006KT,18,08
2012-04-04 22:00:00.000,2012,4,4,22,12010KT,17,09
2012-04-04 23:00:00.000,2012,4,4,23,10008KT,16,08
2012-04-05 00:00:00.000,2012,4,5,0,11004KT,15,09
2012-04-05 01:00:00.000,2012,4,5,1,VRB02KT,14,09
2012-04-05 02:00:00.000,2012,4,5,2,VRB02KT,12,10
2012-04-05 03:00:00.000,2012,4,5,3,24005KT,12,10
2012-04-05 04:00:00.000,2012,4,5,4,VRB02KT,12,10
2012-04-05 05:00:00.000,2012,4,5,5,VRB02KT,11,10
2012-04-05 06:00:00.000,2012,4,5,6,31004KT,10,09
2012-04-05 07:00:00.000,2012,4,5,7,00000KT,10,09
2012-04-05 08:00:00.000,2012,4,5,8,04004KT,08,08
2012-04-05 09:00:00.000,2012,4,5,9,VRB02KT,08,08
2012-04-05 10:00:00.000,2012,4,5,10,34003KT,07,07
2012-04-05 11:00:00.000,2012,4,5,11,05006KT,08,08
2012-04-05 12:00:00.000,2012,4,5,12,04004KT,10,09
2012-04-05 13:00:00.000,2012,4,5,13,05006KT,12,10
2012-04-05 14:00:00.000,2012,4,5,14,05005KT,14,10
2012-04-05 15:00:00.000,2012,4,5,15,01006KT,15,10
2012-04-05 16:00:00.000,2012,4,5,16,06007KT,16,10
2012-04-05 17:00:00.000,2012,4,5,17,07010KT,17,08
2012-04-05 18:00:00.000,2012,4,5,18,08009KT,19,08
2012-04-05 19:00:00.000,2012,4,5,19,09008KT,18,08
2012-04-05 20:00:00.000,2012,4,5,20,15011KT,18,09
2012-04-05 21:00:00.000,2012,4,5,21,15004KT,18,09
2012-04-05 22:00:00.000,2012,4,5,22,26006KT,17,09
2012-04-05 23:00:00.000,2012,4,5,23,27007KT,14,10
2012-04-06 00:00:00.000,2012,4,6,0,26004KT,13,10
2012-04-06 01:00:00.000,2012,4,6,1,34004KT,12,10
2012-04-06 02:00:00.000,2012,4,6,2,VRB02KT,12,10
2012-04-06 03:00:00.000,2012,4,6,3,00000KT,11,10
2012-04-06 04:00:00.000,2012,4,6,4,00000KT,10,10
2012-04-06 05:00:00.000,2012,4,6,5,33003KT,10,09
2012-04-06 06:00:00.000,2012,4,6,6,VRB02KT,10,09
2012-04-06 07:00:00.000,2012,4,6,7,29004KT,10,09
2012-04-06 08:00:00.000,2012,4,6,8,VRB02KT,10,10
2012-04-06 09:00:00.000,2012,4,6,9,24003KT,11,10
2012-04-06 10:00:00.000,2012,4,6,10,VRB02KT,11,09
2012-04-06 11:00:00.000,2012,4,6,11,VRB02KT,10,10
2012-04-06 12:00:00.000,2012,4,6,12,VRB02KT,11,10
2012-04-06 13:00:00.000,2012,4,6,13,31005KT,14,11
2012-04-06 14:00:00.000,2012,4,6,14,VRB02KT,15,11
2012-04-06 15:00:00.000,2012,4,6,15,VRB02KT,16,11
2012-04-06 16:00:00.000,2012,4,6,16,VRB02KT,16,10
2012-04-06 17:00:00.000,2012,4,6,17,VRB02KT,15,11
2012-04-06 18:00:00.000,2012,4,6,18,32004KT,18,11
2012-04-06 19:00:00.000,2012,4,6,19,34004KT,15,12
2012-04-06 20:00:00.000,2012,4,6,20,28005KT,15,13
2012-04-06 21:00:00.000,2012,4,6,21,30008KT,15,11
2012-04-06 22:00:00.000,2012,4,6,22,26008KT,15,13
2012-04-06 23:00:00.000,2012,4,6,23,26006KT,14,12
2012-04-07 00:00:00.000,2012,4,7,0,25006KT,13,11
2012-04-07 01:00:00.000,2012,4,7,1,00000KT,13,11
2012-04-07 02:00:00.000,2012,4,7,2,32006KT,12,11
2012-04-07 03:00:00.000,2012,4,7,3,00000KT,13,11
2012-04-07 04:00:00.000,2012,4,7,4,VRB02KT,12,11
2012-04-07 05:00:00.000,2012,4,7,5,28004KT,12,11
2012-04-07 06:00:00.000,2012,4,7,6,04004KT,12,11
2012-04-07 07:00:00.000,2012,4,7,7,31004KT,11,11
2012-04-07 08:00:00.000,2012,4,7,8,34004KT,11,11
2012-04-07 09:00:00.000,2012,4,7,9,04006KT,11,11
2012-04-07 10:00:00.000,2012,4,7,10,04012KT,11,09
2012-04-07 11:00:00.000,2012,4,7,11,05010KT,11,09
2012-04-07 12:00:00.000,2012,4,7,12,05009KT,11,09
2012-04-07 13:00:00.000,2012,4,7,13,05008KT,12,09
2012-04-07 14:00:00.000,2012,4,7,14,07005KT,14,10
2012-04-07 15:00:00.000,2012,4,7,15,05004KT,16,10
2012-04-07 16:00:00.000,2012,4,7,16,24005KT,18,10
2012-04-07 17:00:00.000,2012,4,7,17,25014KT,16,12
2012-04-07 18:00:00.000,2012,4,7,18,24012KT,13,11
2012-04-07 19:00:00.000,2012,4,7,19,23004KT,12,11
2012-04-07 20:00:00.000,2012,4,7,20,21006KT,13,11
2012-04-07 21:00:00.000,2012,4,7,21,16004KT,14,11
2012-04-07 22:00:00.000,2012,4,7,22,30004KT,15,09
2012-04-07 23:00:00.000,2012,4,7,23,VRB02KT,14,10
2012-04-08 00:00:00.000,2012,4,8,0,03004KT,14,10
2012-04-08 01:00:00.000,2012,4,8,1,03003KT,13,11
2012-04-08 02:00:00.000,2012,4,8,2,VRB02KT,13,11
2012-04-08 03:00:00.000,2012,4,8,3,VRB02KT,13,11
2012-04-08 04:00:00.000,2012,4,8,4,04005KT,13,11
2012-04-08 05:00:00.000,2012,4,8,5,03005KT,13,11
2012-04-08 06:00:00.000,2012,4,8,6,34005KT,13,11
2012-04-08 07:00:00.000,2012,4,8,7,26003KT,12,11
2012-04-08 09:00:00.000,2012,4,8,9,VRB02KT,12,11
2012-04-08 10:00:00.000,2012,4,8,10,VRB02KT,12,11
2012-04-08 11:00:00.000,2012,4,8,11,VRB02KT,10,09
2012-04-08 12:00:00.000,2012,4,8,12,VRB02KT,11,11
2012-04-08 13:00:00.000,2012,4,8,13,30004KT,13,11
2012-04-08 14:00:00.000,2012,4,8,14,24003KT,15,11
2012-04-08 15:00:00.000,2012,4,8,15,25005KT,15,11
2012-04-08 16:00:00.000,2012,4,8,16,32007KT,16,10
2012-04-08 17:00:00.000,2012,4,8,17,26008KT,17,10
2012-04-08 18:00:00.000,2012,4,8,18,32013KT,13,10
2012-04-08 19:00:00.000,2012,4,8,19,35006KT,13,11
2012-04-08 20:00:00.000,2012,4,8,20,VRB02KT,15,11
2012-04-08 21:00:00.000,2012,4,8,21,02008KT,16,10
2012-04-08 22:00:00.000,2012,4,8,22,34006KT,16,09
2012-04-08 23:00:00.000,2012,4,8,23,02004KT,14,11
2012-04-09 00:00:00.000,2012,4,9,0,33004KT,14,10
2012-04-09 01:00:00.000,2012,4,9,1,VRB02KT,13,09
2012-04-09 02:00:00.000,2012,4,9,2,30004KT,12,10
2012-04-09 03:00:00.000,2012,4,9,3,VRB02KT,12,10
2012-04-09 04:00:00.000,2012,4,9,4,27004KT,12,10
2012-04-09 05:00:00.000,2012,4,9,5,31004KT,12,10
2012-04-09 06:00:00.000,2012,4,9,6,29004KT,12,10
2012-04-09 07:00:00.000,2012,4,9,7,29006KT,12,10
2012-04-09 08:00:00.000,2012,4,9,8,30004KT,12,10
2012-04-09 09:00:00.000,2012,4,9,9,00000KT,12,10
2012-04-09 10:00:00.000,2012,4,9,10,30004KT,11,10
2012-04-09 11:00:00.000,2012,4,9,11,00000KT,11,10
2012-04-09 12:00:00.000,2012,4,9,12,VRB02KT,11,10
2012-04-09 13:00:00.000,2012,4,9,13,32004KT,13,10
2012-04-09 14:00:00.000,2012,4,9,14,25003KT,14,09
2012-04-09 15:00:00.000,2012,4,9,15,35003KT,16,10
2012-04-09 16:00:00.000,2012,4,9,16,32006KT,17,10
2012-04-09 17:00:00.000,2012,4,9,17,33010KT,17,10
2012-04-09 18:00:00.000,2012,4,9,18,30012KT,14,12
2012-04-09 19:00:00.000,2012,4,9,19,29011KT,17,12
2012-04-09 20:00:00.000,2012,4,9,20,28011KT,14,11
2012-04-09 21:00:00.000,2012,4,9,21,28011KT,15,11
2012-04-09 22:00:00.000,2012,4,9,22,30010KT,13,10
2012-04-09 23:00:00.000,2012,4,9,23,31010KT,13,11
2012-04-10 00:00:00.000,2012,4,10,0,VRB02KT,13,11
2012-04-10 01:00:00.000,2012,4,10,1,29004KT,13,11
2012-04-10 02:00:00.000,2012,4,10,2,31003KT,12,11
2012-04-10 03:00:00.000,2012,4,10,3,27003KT,12,11
2012-04-10 04:00:00.000,2012,4,10,4,VRB02KT,12,11
2012-04-10 05:00:00.000,2012,4,10,5,29004KT,12,11
2012-04-10 06:00:00.000,2012,4,10,6,29003KT,12,11
2012-04-10 07:00:00.000,2012,4,10,7,VRB02KT,12,11
2012-04-10 08:00:00.000,2012,4,10,8,VRB02KT,12,11
2012-04-10 09:00:00.000,2012,4,10,9,26003KT,12,11
2012-04-10 10:00:00.000,2012,4,10,10,32003KT,12,11
2012-04-10 11:00:00.000,2012,4,10,11,VRB02KT,12,11
2012-04-10 12:00:00.000,2012,4,10,12,00000KT,12,11
2012-04-10 13:00:00.000,2012,4,10,13,VRB02KT,13,11
2012-04-10 14:00:00.000,2012,4,10,14,VRB02KT,14,11
2012-04-10 15:00:00.000,2012,4,10,15,18004KT,15,11
2012-04-10 16:00:00.000,2012,4,10,16,VRB02KT,18,10
2012-04-10 17:00:00.000,2012,4,10,17,03004KT,19,10
2012-04-10 18:00:00.000,2012,4,10,18,30014KT,16,12
2012-04-10 19:00:00.000,2012,4,10,19,20010KT,14,11
2012-04-10 20:00:00.000,2012,4,10,20,05004KT,13,11
2012-04-10 21:00:00.000,2012,4,10,21,09004KT,13,11
2012-04-10 22:00:00.000,2012,4,10,22,20004KT,13,12
2012-04-10 23:00:00.000,2012,4,10,23,VRB02KT,13,12
2012-04-11 00:00:00.000,2012,4,11,0,28006KT,14,12
2012-04-11 01:00:00.000,2012,4,11,1,26003KT,13,12
2012-04-11 02:00:00.000,2012,4,11,2,30005KT,13,12
2012-04-11 04:00:00.000,2012,4,11,4,03005KT,12,11
2012-04-11 05:00:00.000,2012,4,11,5,VRB02KT,12,11
2012-04-11 06:00:00.000,2012,4,11,6,03005KT,11,11
2012-04-11 07:00:00.000,2012,4,11,7,VRB02KT,11,11
2012-04-11 08:00:00.000,2012,4,11,8,05003KT,11,10
2012-04-11 10:00:00.000,2012,4,11,10,04003KT,11,10
2012-04-11 11:00:00.000,2012,4,11,11,04004KT,11,10
2012-04-11 12:00:00.000,2012,4,11,12,04004KT,11,10
2012-04-11 13:00:00.000,2012,4,11,13,02004KT,11,09
2012-04-11 14:00:00.000,2012,4,11,14,32003KT,13,11
2012-04-11 15:00:00.000,2012,4,11,15,33003KT,15,09
2012-04-11 16:00:00.000,2012,4,11,16,30003KT,15,10
2012-04-11 17:00:00.000,2012,4,11,17,32003KT,17,11
2012-04-11 18:00:00.000,2012,4,11,18,30004KT,18,11
2012-04-11 19:00:00.000,2012,4,11,19,23008KT,15,12
2012-04-11 20:00:00.000,2012,4,11,20,31010KT,16,12
2012-04-11 21:00:00.000,2012,4,11,21,29006KT,15,12
2012-04-11 22:00:00.000,2012,4,11,22,19006KT,15,12
2012-04-11 23:00:00.000,2012,4,11,23,25008KT,14,12
2012-04-12 00:00:00.000,2012,4,12,0,28006KT,14,12
2012-04-12 01:00:00.000,2012,4,12,1,28007KT,14,12
2012-04-12 02:00:00.000,2012,4,12,2,21004KT,14,11
2012-04-12 03:00:00.000,2012,4,12,3,22004KT,13,12
2012-04-12 04:00:00.000,2012,4,12,4,35003KT,13,11
2012-04-12 05:00:00.000,2012,4,12,5,03007KT,11,10
2012-04-12 06:00:00.000,2012,4,12,6,04003KT,11,10
2012-04-12 07:00:00.000,2012,4,12,7,04009KT,11,11
2012-04-12 08:00:00.000,2012,4,12,8,02006KT,11,10
2012-04-12 09:00:00.000,2012,4,12,9,06005KT,11,10
2012-04-12 10:00:00.000,2012,4,12,10,04007KT,11,10
2012-04-12 11:00:00.000,2012,4,12,11,VRB02KT,10,10
2012-04-12 12:00:00.000,2012,4,12,12,03006KT,10,09
2012-04-12 13:00:00.000,2012,4,12,13,05008KT,10,09
2012-04-12 14:00:00.000,2012,4,12,14,04006KT,11,10
2012-04-12 15:00:00.000,2012,4,12,15,01010KT,11,10
2012-04-12 16:00:00.000,2012,4,12,16,04004KT,11,10
2012-04-12 17:00:00.000,2012,4,12,17,33006KT,12,10
2012-04-12 18:00:00.000,2012,4,12,18,30006KT,13,11
2012-04-12 19:00:00.000,2012,4,12,19,31005KT,14,11
2012-04-12 20:00:00.000,2012,4,12,20,27005KT,15,11
2012-04-12 21:00:00.000,2012,4,12,21,25005KT,14,11
2012-04-12 23:00:00.000,2012,4,12,23,25004KT,12,11
2012-04-13 00:00:00.000,2012,4,13,0,28003KT,12,11
2012-04-13 01:00:00.000,2012,4,13,1,VRB02KT,12,11
2012-04-13 02:00:00.000,2012,4,13,2,VRB02KT,12,11
2012-04-13 03:00:00.000,2012,4,13,3,VRB02KT,12,11
2012-04-13 04:00:00.000,2012,4,13,4,04004KT,12,11
2012-04-13 05:00:00.000,2012,4,13,5,06003KT,11,10
2012-04-13 09:00:00.000,2012,4,13,9,VRB02KT,11,10
2012-04-13 11:00:00.000,2012,4,13,11,06003KT,10,10
2012-04-13 12:00:00.000,2012,4,13,12,VRB02KT,11,10
2012-04-13 14:00:00.000,2012,4,13,14,08004KT,14,10
2012-04-13 15:00:00.000,2012,4,13,15,VRB02KT,16,11
2012-04-13 16:00:00.000,2012,4,13,16,VRB02KT,18,11
2012-04-13 17:00:00.000,2012,4,13,17,21004KT,19,10
2012-04-13 18:00:00.000,2012,4,13,18,26004KT,19,10
2012-04-13 19:00:00.000,2012,4,13,19,24014KT,16,12
2012-04-13 20:00:00.000,2012,4,13,20,30010KT,14,12
2012-04-13 21:00:00.000,2012,4,13,21,05005KT,14,11
2012-04-13 22:00:00.000,2012,4,13,22,04004KT,13,10
2012-04-13 23:00:00.000,2012,4,13,23,35003KT,12,10
2012-04-14 00:00:00.000,2012,4,14,0,35004KT,12,10
2012-04-14 01:00:00.000,2012,4,14,1,33004KT,12,10
2012-04-14 02:00:00.000,2012,4,14,2,33004KT,12,10
2012-04-14 03:00:00.000,2012,4,14,3,05004KT,12,10
2012-04-14 04:00:00.000,2012,4,14,4,33004KT,12,10
2012-04-14 05:00:00.000,2012,4,14,5,VRB02KT,10,09
2012-04-14 06:00:00.000,2012,4,14,6,33004KT,09,09
2012-04-14 07:00:00.000,2012,4,14,7,00000KT,09,09
2012-04-14 08:00:00.000,2012,4,14,8,VRB02KT,08,08
2012-04-14 09:00:00.000,2012,4,14,9,VRB02KT,07,07
2012-04-14 10:00:00.000,2012,4,14,10,01004KT,07,07
2012-04-14 11:00:00.000,2012,4,14,11,VRB02KT,08,08
2012-04-14 12:00:00.000,2012,4,14,12,29004KT,09,09
2012-04-14 13:00:00.000,2012,4,14,13,00000KT,10,10
2012-04-14 14:00:00.000,2012,4,14,14,00000KT,12,11
2012-04-14 15:00:00.000,2012,4,14,15,34004KT,15,11
2012-04-14 16:00:00.000,2012,4,14,16,28003KT,17,10
2012-04-14 17:00:00.000,2012,4,14,17,34009KT,17,12
2012-04-14 18:00:00.000,2012,4,14,18,28008KT,17,10
2012-04-14 19:00:00.000,2012,4,14,19,09006KT,13,11
2012-04-14 20:00:00.000,2012,4,14,20,29003KT,13,12
2012-04-14 21:00:00.000,2012,4,14,21,27004KT,14,11
2012-04-14 22:00:00.000,2012,4,14,22,16003KT,14,12
2012-04-14 23:00:00.000,2012,4,14,23,25003KT,14,12
2012-04-15 00:00:00.000,2012,4,15,0,VRB02KT,13,12
2012-04-15 01:00:00.000,2012,4,15,1,VRB02KT,13,12
2012-04-15 02:00:00.000,2012,4,15,2,03003KT,13,12
2012-04-15 03:00:00.000,2012,4,15,3,VRB02KT,12,11
2012-04-15 04:00:00.000,2012,4,15,4,VRB02KT,12,11
2012-04-15 05:00:00.000,2012,4,15,5,32003KT,11,10
2012-04-15 06:00:00.000,2012,4,15,6,00000KT,11,10
2012-04-15 07:00:00.000,2012,4,15,7,30003KT,11,11
2012-04-15 08:00:00.000,2012,4,15,8,23003KT,11,11
2012-04-15 09:00:00.000,2012,4,15,9,23004KT,11,11
2012-04-15 10:00:00.000,2012,4,15,10,00000KT,11,11
2012-04-15 11:00:00.000,2012,4,15,11,32003KT,10,10
2012-04-15 12:00:00.000,2012,4,15,12,31003KT,11,11
2012-04-15 13:00:00.000,2012,4,15,13,25004KT,12,11
2012-04-15 14:00:00.000,2012,4,15,14,02004KT,14,11
2012-04-15 15:00:00.000,2012,4,15,15,06005KT,17,11
2012-04-15 16:00:00.000,2012,4,15,16,10004KT,18,11
2012-04-15 17:00:00.000,2012,4,15,17,26008KT,19,11
2012-04-15 18:00:00.000,2012,4,15,18,26012KT,18,12
2012-04-15 19:00:00.000,2012,4,15,19,29007KT,15,12
2012-04-15 20:00:00.000,2012,4,15,20,05004KT,13,10
2012-04-15 21:00:00.000,2012,4,15,21,VER02KT,13,11
2012-04-15 22:00:00.000,2012,4,15,22,06005KT,13,11
2012-04-15 23:00:00.000,2012,4,15,23,08005KT,13,12
2012-04-16 00:00:00.000,2012,4,16,0,05004KT,12,11
2012-04-16 01:00:00.000,2012,4,16,1,01003KT,12,11
2012-04-16 02:00:00.000,2012,4,16,2,VRB02KT,12,11
2012-04-16 03:00:00.000,2012,4,16,3,VRB02KT,12,11
2012-04-16 04:00:00.000,2012,4,16,4,VRB02KT,12,11
2012-04-16 05:00:00.000,2012,4,16,5,05004KT,12,11
2012-04-16 06:00:00.000,2012,4,16,6,04006KT,12,11
2012-04-16 07:00:00.000,2012,4,16,7,05004KT,12,11
2012-04-16 08:00:00.000,2012,4,16,8,VRB02KT,12,11
2012-04-16 09:00:00.000,2012,4,16,9,03006KT,11,10
2012-04-16 10:00:00.000,2012,4,16,10,04005KT,11,10
2012-04-16 11:00:00.000,2012,4,16,11,VRB02KT,10,09
2012-04-16 12:00:00.000,2012,4,16,12,06005KT,11,10
2012-04-16 13:00:00.000,2012,4,16,13,05004KT,14,10
2012-04-16 14:00:00.000,2012,4,16,14,04003KT,15,10
2012-04-16 15:00:00.000,2012,4,16,15,07006KT,16,10
2012-04-16 16:00:00.000,2012,4,16,16,02007KT,18,11
2012-04-16 18:00:00.000,2012,4,16,18,21007KT,12,12
2012-04-16 19:00:00.000,2012,4,16,19,07003KT,32,11
2012-04-16 20:00:00.000,2012,4,16,20,06006KT,16,11
2012-04-16 21:00:00.000,2012,4,16,21,01007KT,17,11
2012-04-16 22:00:00.000,2012,4,16,22,04006KT,16,11
2012-04-16 23:00:00.000,2012,4,16,23,02004KT,15,12
2012-04-17 00:00:00.000,2012,4,17,0,05004KT,14,11
2012-04-17 01:00:00.000,2012,4,17,1,03008KT,14,11
2012-04-17 02:00:00.000,2012,4,17,2,30003KT,14,11
2012-04-17 03:00:00.000,2012,4,17,3,00000KT,13,11
2012-04-17 04:00:00.000,2012,4,17,4,35003KT,12,11
2012-04-17 05:00:00.000,2012,4,17,5,29004KT,12,11
2012-04-17 06:00:00.000,2012,4,17,6,00000KT,12,11
2012-04-17 07:00:00.000,2012,4,17,7,34003KT,12,11
2012-04-17 08:00:00.000,2012,4,17,8,00000KT,11,10
2012-04-17 09:00:00.000,2012,4,17,9,35003KT,11,11
2012-04-17 10:00:00.000,2012,4,17,10,03004KT,12,11
2012-04-17 11:00:00.000,2012,4,17,11,VRB02KT,12,11
2012-04-17 12:00:00.000,2012,4,17,12,VRB02KT,12,11
2012-04-17 13:00:00.000,2012,4,17,13,04004KT,13,11
2012-04-17 14:00:00.000,2012,4,17,14,04003KT,15,11
2012-04-17 15:00:00.000,2012,4,17,15,21003KT,17,11
2012-04-17 16:00:00.000,2012,4,17,16,20004G16KT,16,10
2012-04-17 17:00:00.000,2012,4,17,17,24014KT,15,12
2012-04-17 18:00:00.000,2012,4,17,18,23004KT,16,11
2012-04-17 19:00:00.000,2012,4,17,19,VRB02KT,16,11
2012-04-17 20:00:00.000,2012,4,17,20,23005KT,15,12
2012-04-17 21:00:00.000,2012,4,17,21,23008KT,15,11
2012-04-17 22:00:00.000,2012,4,17,22,28004KT,15,11
2012-04-17 23:00:00.000,2012,4,17,23,VRB02KT,15,10
2012-04-18 00:00:00.000,2012,4,18,0,35004KT,14,10
2012-04-18 01:00:00.000,2012,4,18,1,31003KT,14,11
2012-04-18 02:00:00.000,2012,4,18,2,32003KT,13,11
2012-04-18 03:00:00.000,2012,4,18,3,30003KT,13,11
2012-04-18 04:00:00.000,2012,4,18,4,VRB02KT,13,11
2012-04-18 05:00:00.000,2012,4,18,5,24004KT,12,11
2012-04-18 06:00:00.000,2012,4,18,6,32003KT,12,11
2012-04-18 07:00:00.000,2012,4,18,7,31003KT,11,10
2012-04-18 09:00:00.000,2012,4,18,9,00000KT,10,10
2012-04-18 10:00:00.000,2012,4,18,10,33003KT,10,10
2012-04-18 12:00:00.000,2012,4,18,12,VRB02KT,12,11
2012-04-18 13:00:00.000,2012,4,18,13,34003KT,13,11
2012-04-18 14:00:00.000,2012,4,18,14,VRB02KT,15,11
2012-04-18 15:00:00.000,2012,4,18,15,27003KT,16,11
2012-04-18 16:00:00.000,2012,4,18,16,12004KT,16,11
2012-04-18 17:00:00.000,2012,4,18,17,28010KT,17,12
2012-04-18 18:00:00.000,2012,4,18,18,25010KT,14,11
2012-04-18 19:00:00.000,2012,4,18,19,22008KT,13,12
2012-04-18 20:00:00.000,2012,4,18,20,23005KT,15,10
2012-04-18 21:00:00.000,2012,4,18,21,VRB02KT,15,09
2012-04-18 22:00:00.000,2012,4,18,22,VRB02KT,15,09
2012-04-18 23:00:00.000,2012,4,18,23,03005KT,14,11
2012-04-19 00:00:00.000,2012,4,19,0,02004KT,14,10
2012-04-19 01:00:00.000,2012,4,19,1,04008KT,13,10
2012-04-19 02:00:00.000,2012,4,19,2,01004KT,13,10
2012-04-19 03:00:00.000,2012,4,19,3,VRB02KT,13,11
2012-04-19 04:00:00.000,2012,4,19,4,VRB02KT,12,11
2012-04-19 05:00:00.000,2012,4,19,5,31004KT,11,10
2012-04-19 06:00:00.000,2012,4,19,6,36006KT,11,10
2012-04-19 07:00:00.000,2012,4,19,7,VRB02KT,11,10
2012-04-19 08:00:00.000,2012,4,19,8,VRB02KT,11,10
2012-04-19 09:00:00.000,2012,4,19,9,VRB02KT,11,10
2012-04-19 10:00:00.000,2012,4,19,10,05004KT,11,10
2012-04-19 12:00:00.000,2012,4,19,12,30004KT,11,10
2012-04-19 13:00:00.000,2012,4,19,13,32004KT,13,10
2012-04-19 14:00:00.000,2012,4,19,14,31004KT,15,11
2012-04-19 15:00:00.000,2012,4,19,15,30003KT,16,11
2012-04-19 16:00:00.000,2012,4,19,16,26004KT,16,11
2012-04-19 17:00:00.000,2012,4,19,17,27008KT,17,11
2012-04-19 18:00:00.000,2012,4,19,18,25005KT,18,10
2012-04-19 19:00:00.000,2012,4,19,19,28012KT,18,11
2012-04-19 20:00:00.000,2012,4,19,20,24010KT,16,11
2012-04-19 21:00:00.000,2012,4,19,21,VRB02KT,15,11
2012-04-19 22:00:00.000,2012,4,19,22,05003KT,14,12
2012-04-19 23:00:00.000,2012,4,19,23,02006KT,14,11
2012-04-20 00:00:00.000,2012,4,20,0,04004KT,13,11
2012-04-20 01:00:00.000,2012,4,20,1,36003KT,13,11
2012-04-20 02:00:00.000,2012,4,20,2,VRB02KT,12,11
2012-04-20 03:00:00.000,2012,4,20,3,VRB02KT,12,11
2012-04-20 04:00:00.000,2012,4,20,4,05003KT,12,11
2012-04-20 05:00:00.000,2012,4,20,5,03003KT,11,10
2012-04-20 06:00:00.000,2012,4,20,6,03004KT,11,10
2012-04-20 07:00:00.000,2012,4,20,7,03003KT,11,10
2012-04-20 08:00:00.000,2012,4,20,8,04005KT,11,10
2012-04-20 09:00:00.000,2012,4,20,9,07003KT,11,10
2012-04-20 10:00:00.000,2012,4,20,10,VRB02KT,11,10
2012-04-20 11:00:00.000,2012,4,20,11,04006KT,10,10
2012-04-20 12:00:00.000,2012,4,20,12,05006KT,10,10
2012-04-20 13:00:00.000,2012,4,20,13,00000KT,11,10
2012-04-20 14:00:00.000,2012,4,20,14,06006KT,14,11
2012-04-20 15:00:00.000,2012,4,20,15,06006KT,16,11
2012-04-20 16:00:00.000,2012,4,20,16,04004KT,17,11
2012-04-20 17:00:00.000,2012,4,20,17,15012KT,13,12
2012-04-20 18:00:00.000,2012,4,20,18,29005KT,13,12
2012-04-20 19:00:00.000,2012,4,20,19,26003KT,14,13
2012-04-20 20:00:00.000,2012,4,20,20,01003KT,15,13
2012-04-20 21:00:00.000,2012,4,20,21,32003KT,16,13
2012-04-20 22:00:00.000,2012,4,20,22,28006KT,16,11
2012-04-20 23:00:00.000,2012,4,20,23,27003KT,15,11
2012-04-21 00:00:00.000,2012,4,21,0,26004KT,14,12
2012-04-21 01:00:00.000,2012,4,21,1,33003KT,14,11
2012-04-21 02:00:00.000,2012,4,21,2,VRB02KT,13,11
2012-04-21 03:00:00.000,2012,4,21,3,VRB02KT,13,11
2012-04-21 04:00:00.000,2012,4,21,4,VRB02KT,13,11
2012-04-21 06:00:00.000,2012,4,21,6,00000KT,12,11
2012-04-21 07:00:00.000,2012,4,21,7,VRB02KT,12,11
2012-04-21 09:00:00.000,2012,4,21,9,06008KT,12,11
2012-04-21 10:00:00.000,2012,4,21,10,01004KT,11,11
2012-04-21 11:00:00.000,2012,4,21,11,VRB02KT,11,11
2012-04-21 12:00:00.000,2012,4,21,12,26003KT,12,11
2012-04-21 13:00:00.000,2012,4,21,13,27003KT,13,11
2012-04-21 15:00:00.000,2012,4,21,15,26007KT,13,10
2012-04-21 16:00:00.000,2012,4,21,16,22007T,14,12
2012-04-21 17:00:00.000,2012,4,21,17,21006KT,16,11
2012-04-21 18:00:00.000,2012,4,21,18,VRB02KT,15,11
2012-04-21 19:00:00.000,2012,4,21,19,25004KT,17,10
2012-04-21 20:00:00.000,2012,4,21,20,24006KT,18,11
2012-04-21 21:00:00.000,2012,4,21,21,27008KT,18,11
2012-04-21 22:00:00.000,2012,4,21,22,28006KT,18,09
2012-04-21 23:00:00.000,2012,4,21,23,20908KT,16,09
2012-04-22 00:00:00.000,2012,4,22,0,27008KT,15,10
2012-04-22 01:00:00.000,2012,4,22,1,VRB02KT,14,10
2012-04-22 02:00:00.000,2012,4,22,2,VRB02KT,14,10
2012-04-22 03:00:00.000,2012,4,22,3,20006KT,13,11
2012-04-22 04:00:00.000,2012,4,22,4,05008KT,12,11
2012-04-22 05:00:00.000,2012,4,22,5,06008KT,12,11
2012-04-22 06:00:00.000,2012,4,22,6,05010KT,11,10
2012-04-22 07:00:00.000,2012,4,22,7,04008KT,11,10
2012-04-22 08:00:00.000,2012,4,22,8,05008KT,11,10
2012-04-22 09:00:00.000,2012,4,22,9,05008KT,11,10
2012-04-22 10:00:00.000,2012,4,22,10,04006KT,11,09
2012-04-22 11:00:00.000,2012,4,22,11,05006KT,10,09
2012-04-22 12:00:00.000,2012,4,22,12,06005KT,11,09
2012-04-22 13:00:00.000,2012,4,22,13,09003KT,12,10
2012-04-22 14:00:00.000,2012,4,22,14,VRB02KT,15,10
2012-04-22 15:00:00.000,2012,4,22,15,VRB02KT,15,10
2012-04-22 16:00:00.000,2012,4,22,16,VRB02KT,16,10
2012-04-22 17:00:00.000,2012,4,22,17,35005KT,17,11
2012-04-22 18:00:00.000,2012,4,22,18,24003KT,15,10
2012-04-22 19:00:00.000,2012,4,22,19,22006KT,15,12
2012-04-22 20:00:00.000,2012,4,22,20,32004KT,16,13
2012-04-22 21:00:00.000,2012,4,22,21,33008KT,16,12
2012-04-22 22:00:00.000,2012,4,22,22,04006KT,16,12
2012-04-22 23:00:00.000,2012,4,22,23,00000KT,15,12
2012-04-23 00:00:00.000,2012,4,23,0,26004KT,14,11
2012-04-23 01:00:00.000,2012,4,23,1,00000KT,12,10
2012-04-23 02:00:00.000,2012,4,23,2,VRB02KT,11,10
2012-04-23 03:00:00.000,2012,4,23,3,VRB02KT,12,11
2012-04-23 04:00:00.000,2012,4,23,4,03003KT,12,11
2012-04-23 05:00:00.000,2012,4,23,5,01003KT,12,10
2012-04-23 06:00:00.000,2012,4,23,6,VRB02KT,11,10
2012-04-23 07:00:00.000,2012,4,23,7,02003KT,10,10
2012-04-23 08:00:00.000,2012,4,23,8,VRB02KT,10,09
2012-04-23 09:00:00.000,2012,4,23,9,VRB02KT,09,09
2012-04-23 10:00:00.000,2012,4,23,10,VRB02KT,08,07
2012-04-23 11:00:00.000,2012,4,23,11,VRB02KT,09,08
2012-04-23 12:00:00.000,2012,4,23,12,06004KT,10,10
2012-04-23 13:00:00.000,2012,4,23,13,03007KT,12,11
2012-04-23 14:00:00.000,2012,4,23,14,34004KT,14,11
2012-04-23 15:00:00.000,2012,4,23,15,03007KT,17,11
2012-04-23 18:00:00.000,2012,4,23,18,05005KT,18,11
2012-04-23 19:00:00.000,2012,4,23,19,25005KT,18,15
2012-04-23 20:00:00.000,2012,4,23,20,20010KT,14,10
2012-04-23 21:00:00.000,2012,4,23,21,20008KT,17,12
2012-04-23 22:00:00.000,2012,4,23,22,18010KT,17,10
2012-04-23 23:00:00.000,2012,4,23,23,20006KT,16,09
2012-04-24 00:00:00.000,2012,4,24,0,VRB02KT,15,11
2012-04-24 02:00:00.000,2012,4,24,2,18008KT,14,11
2012-04-24 03:00:00.000,2012,4,24,3,22004KT,12,09
2012-04-24 04:00:00.000,2012,4,24,4,VRB02KT,11,09
2012-04-24 05:00:00.000,2012,4,24,5,03004KT,11,09
2012-04-24 06:00:00.000,2012,4,24,6,26006KT,09,09
2012-04-24 07:00:00.000,2012,4,24,7,00000KT,10,09
2012-04-24 08:00:00.000,2012,4,24,8,00000KT,10,09
2012-04-24 09:00:00.000,2012,4,24,9,VRB02KT,09,09
2012-04-24 10:00:00.000,2012,4,24,10,VRB02KT,09,09
2012-04-24 12:00:00.000,2012,4,24,12,VRB02KT,11,10
2012-04-24 13:00:00.000,2012,4,24,13,04004KT,13,11
2012-04-24 14:00:00.000,2012,4,24,14,02005KT,14,10
2012-04-24 15:00:00.000,2012,4,24,15,06007KT,17,11
2012-04-24 16:00:00.000,2012,4,24,16,05006KT,18,11
2012-04-24 17:00:00.000,2012,4,24,17,14011KT,19,08
2012-04-24 18:00:00.000,2012,4,24,18,14014KT,17,09
2012-04-24 19:00:00.000,2012,4,24,19,14005KT,17,08
2012-04-24 20:00:00.000,2012,4,24,20,16015KT,18,08
2012-04-24 21:00:00.000,2012,4,24,21,15007KT,17,09
2012-04-24 22:00:00.000,2012,4,24,22,10004KT,17,09
2012-04-24 23:00:00.000,2012,4,24,23,04008KT,16,10
2012-04-25 00:00:00.000,2012,4,25,0,33003KT,15,09
2012-04-25 01:00:00.000,2012,4,25,1,10003KT,15,09
2012-04-25 02:00:00.000,2012,4,25,2,05005KT,13,10
2012-04-25 03:00:00.000,2012,4,25,3,05004KT,13,10
2012-04-25 04:00:00.000,2012,4,25,4,04005KT,12,09
2012-04-25 05:00:00.000,2012,4,25,5,05005KT,12,09
2012-04-25 06:00:00.000,2012,4,25,6,VRB02KT,11,09
2012-04-25 09:00:00.000,2012,4,25,9,06004KT,09,09
2012-04-25 10:00:00.000,2012,4,25,10,VRB02KT,09,08
2012-04-25 11:00:00.000,2012,4,25,11,31003KT,10,09
2012-04-25 12:00:00.000,2012,4,25,12,VRB02KT,10,09
2012-04-25 13:00:00.000,2012,4,25,13,06006KT,13,10
2012-04-25 14:00:00.000,2012,4,25,14,VRB02KT,15,10
2012-04-25 15:00:00.000,2012,4,25,15,16008KT,17,07
2012-04-25 16:00:00.000,2012,4,25,16,16014KT,18,08
2012-04-25 17:00:00.000,2012,4,25,17,16016KT,19,08
2012-04-25 18:00:00.000,2012,4,25,18,14008KT,19,09
2012-04-25 19:00:00.000,2012,4,25,19,14012KT,20,08
2012-04-25 20:00:00.000,2012,4,25,20,18014KT,20,09
2012-04-25 21:00:00.000,2012,4,25,21,18014KT,18,08
2012-04-25 22:00:00.000,2012,4,25,22,16014KT,18,08
2012-04-25 23:00:00.000,2012,4,25,23,15012KT,17,08
2012-04-26 00:00:00.000,2012,4,26,0,14010KT,15,09
2012-04-26 01:00:00.000,2012,4,26,1,15009KT,15,09
2012-04-26 02:00:00.000,2012,4,26,2,14003KT,15,09
2012-04-26 03:00:00.000,2012,4,26,3,10003KT,14,08
2012-04-26 04:00:00.000,2012,4,26,4,VRB02KT,13,09
2012-04-26 05:00:00.000,2012,4,26,5,VRB02KT,11,09
2012-04-26 06:00:00.000,2012,4,26,6,05007KT,11,09
2012-04-26 09:00:00.000,2012,4,26,9,36003KT,08,08
2012-04-26 10:00:00.000,2012,4,26,10,07008KT,08,07
2012-04-26 11:00:00.000,2012,4,26,11,04006KT,09,08
2012-04-26 12:00:00.000,2012,4,26,12,06008KT,12,09
2012-04-26 13:00:00.000,2012,4,26,13,04006KT,14,09
2012-04-26 14:00:00.000,2012,4,26,14,06012KT,15,09
2012-04-26 15:00:00.000,2012,4,26,15,06010KT,16,09
2012-04-26 16:00:00.000,2012,4,26,16,06010KT,16,09
2012-04-26 17:00:00.000,2012,4,26,17,07003KT,17,09
2012-04-26 18:00:00.000,2012,4,26,18,10006KT,17,09
2012-04-26 19:00:00.000,2012,4,26,19,12008KT,18,09
2012-04-26 20:00:00.000,2012,4,26,20,11010KT,18,08
2012-04-26 21:00:00.000,2012,4,26,21,02012KT,18,09
2012-04-26 23:00:00.000,2012,4,26,23,25006KT,14,12
2012-04-27 00:00:00.000,2012,4,27,0,VRB02KT,13,11
2012-04-27 02:00:00.000,2012,4,27,2,03003KT,13,11
2012-04-27 03:00:00.000,2012,4,27,3,VRB02KT,13,11
2012-04-27 04:00:00.000,2012,4,27,4,VRB02KT,13,11
2012-04-27 05:00:00.000,2012,4,27,5,34003KT,12,10
2012-04-27 06:00:00.000,2012,4,27,6,VRB02KT,12,10
2012-04-27 07:00:00.000,2012,4,27,7,35003KT,12,10
2012-04-27 08:00:00.000,2012,4,27,8,00000KT,12,10
2012-04-27 09:00:00.000,2012,4,27,9,00000KT,12,10
2012-04-27 10:00:00.000,2012,4,27,10,10005KT,11,11
2012-04-27 13:00:00.000,2012,4,27,13,07008KT,12,09
2012-04-27 14:00:00.000,2012,4,27,14,12003KT,14,09
2012-04-27 15:00:00.000,2012,4,27,15,VRB02KT,16,09
2012-04-27 16:00:00.000,2012,4,27,16,03004KT,18,09
2012-04-27 17:00:00.000,2012,4,27,17,21006KT,19,09
2012-04-27 18:00:00.000,2012,4,27,18,18014KT,19,10
2012-04-27 19:00:00.000,2012,4,27,19,18012KT,20,09
2012-04-27 20:00:00.000,2012,4,27,20,16010KT,20,09
2012-04-27 21:00:00.000,2012,4,27,21,14008KT,20,07
2012-04-27 22:00:00.000,2012,4,27,22,08008KT,18,09
2012-04-27 23:00:00.000,2012,4,27,23,27008KT,15,13
2012-04-28 00:00:00.000,2012,4,28,0,27006KT,14,13
2012-04-28 01:00:00.000,2012,4,28,1,VRB02KT,13,12
2012-04-28 02:00:00.000,2012,4,28,2,VRB02KT,13,11
2012-04-28 03:00:00.000,2012,4,28,3,VRB02KT,13,10
2012-04-28 04:00:00.000,2012,4,28,4,00000KT,13,09
2012-04-28 05:00:00.000,2012,4,28,5,VRB02KT,12,10
2012-04-28 06:00:00.000,2012,4,28,6,00000KT,12,10
2012-04-28 07:00:00.000,2012,4,28,7,00000KT,12,10
2012-04-28 08:00:00.000,2012,4,28,8,06006KT,11,10
2012-04-28 09:00:00.000,2012,4,28,9,07004KT,11,10
2012-04-28 10:00:00.000,2012,4,28,10,06004KT,12,11
2012-04-28 11:00:00.000,2012,4,28,11,05004KT,11,10
2012-04-28 12:00:00.000,2012,4,28,12,07003KT,12,11
2012-04-28 13:00:00.000,2012,4,28,13,03005KT,13,11
2012-04-28 14:00:00.000,2012,4,28,14,01004KT,15,10
2012-04-28 15:00:00.000,2012,4,28,15,36003KT,16,10
2012-04-28 16:00:00.000,2012,4,28,16,33005KT,16,11
2012-04-28 17:00:00.000,2012,4,28,17,28010KT,18,11
2012-04-28 18:00:00.000,2012,4,28,18,23012KT,16,12
2012-04-28 19:00:00.000,2012,4,28,19,29013KT,15,12
2012-04-28 20:00:00.000,2012,4,28,20,29013KT,16,11
2012-04-28 21:00:00.000,2012,4,28,21,26008KT,15,11
2012-04-28 22:00:00.000,2012,4,28,22,33006KT,14,11
2012-04-28 23:00:00.000,2012,4,28,23,VRB02KT,14,12
2012-04-29 00:00:00.000,2012,4,29,0,00000KT,13,11
2012-04-29 01:00:00.000,2012,4,29,1,00000KT,13,12
2012-04-29 02:00:00.000,2012,4,29,2,26003KT,14,12
2012-04-29 03:00:00.000,2012,4,29,3,29004KT,13,12
2012-04-29 04:00:00.000,2012,4,29,4,34003KT,12,11
2012-04-29 05:00:00.000,2012,4,29,5,VRB02KT,12,11
2012-04-29 06:00:00.000,2012,4,29,6,00000KT,12,11
2012-04-29 07:00:00.000,2012,4,29,7,00000KT,12,11
2012-04-29 08:00:00.000,2012,4,29,8,33003KT,12,11
2012-04-29 09:00:00.000,2012,4,29,9,00000KT,12,11
2012-04-29 10:00:00.000,2012,4,29,10,VRB02KT,11,11
2012-04-29 11:00:00.000,2012,4,29,11,06003KT,12,11
2012-04-29 12:00:00.000,2012,4,29,12,06004KT,12,11
2012-04-29 13:00:00.000,2012,4,29,13,05008KT,13,11
2012-04-29 14:00:00.000,2012,4,29,14,06008KT,14,11
2012-04-29 15:00:00.000,2012,4,29,15,04008KT,16,11
2012-04-29 16:00:00.000,2012,4,29,16,07010KT,17,09
2012-04-29 17:00:00.000,2012,4,29,17,19006KT,18,09
2012-04-29 18:00:00.000,2012,4,29,18,15006KT,19,09
2012-04-29 19:00:00.000,2012,4,29,19,08004K,20,11
2012-04-29 20:00:00.000,2012,4,29,20,34004KT,16,12
2012-04-29 21:00:00.000,2012,4,29,21,33008KT,16,12
2012-04-29 22:00:00.000,2012,4,29,22,28008KT,15,12
2012-04-29 23:00:00.000,2012,4,29,23,12003KT,14,12
2012-04-30 00:00:00.000,2012,4,30,0,05010KT,13,10
2012-04-30 01:00:00.000,2012,4,30,1,06003KT,14,10
2012-04-30 02:00:00.000,2012,4,30,2,03004KT,14,11
2012-04-30 03:00:00.000,2012,4,30,3,04004KT,13,11
2012-04-30 04:00:00.000,2012,4,30,4,04004KT,13,10
2012-04-30 05:00:00.000,2012,4,30,5,VRB02KT,13,10
2012-04-30 06:00:00.000,2012,4,30,6,00000KT,12,10
2012-04-30 07:00:00.000,2012,4,30,7,00000KT,11,10
2012-04-30 08:00:00.000,2012,4,30,8,03004KT,10,09
2012-04-30 09:00:00.000,2012,4,30,9,12003KT,10,09
2012-04-30 10:00:00.000,2012,4,30,10,04004KT,11,09
2012-04-30 11:00:00.000,2012,4,30,11,00000KT,10,09
2012-04-30 12:00:00.000,2012,4,30,12,06003KT,11,10
2012-04-30 13:00:00.000,2012,4,30,13,05005KT,13,11
2012-04-30 14:00:00.000,2012,4,30,14,31004KT,14,11
2012-04-30 15:00:00.000,2012,4,30,15,22006KT,16,10
2012-04-30 16:00:00.000,2012,4,30,16,18008KT,18,12
2012-04-30 17:00:00.000,2012,4,30,17,25005KT,18,13
2012-04-30 18:00:00.000,2012,4,30,18,VRB02KT,19,12
2012-04-30 19:00:00.000,2012,4,30,19,35006KT,19,11
2012-04-30 20:00:00.000,2012,4,30,20,25008KT,19,12
2012-04-30 21:00:00.000,2012,4,30,21,26009KT,19,13
2012-04-30 22:00:00.000,2012,4,30,22,29007KT,16,13
2012-04-30 23:00:00.000,2012,4,30,23,27007KT,14,10
2012-05-01 00:00:00.000,2012,5,1,0,32006KT,13,12
2012-05-01 01:00:00.000,2012,5,1,1,32006KT,12,11
2012-05-01 02:00:00.000,2012,5,1,2,03004KT,12,11
2012-05-01 03:00:00.000,2012,5,1,3,VRB02KT,12,11
2012-05-01 04:00:00.000,2012,5,1,4,VRB02KT,12,11
2012-05-01 05:00:00.000,2012,5,1,5,VRB02KT,12,11
2012-05-01 06:00:00.000,2012,5,1,6,05004KT,12,11
2012-05-01 07:00:00.000,2012,5,1,7,06004KT,12,11
2012-05-01 08:00:00.000,2012,5,1,8,12008KT,11,10
2012-05-01 09:00:00.000,2012,5,1,9,15004KT,11,10
2012-05-01 10:00:00.000,2012,5,1,10,VRB02KT,11,10
2012-05-01 11:00:00.000,2012,5,1,11,VRB02KT,10,09
2012-05-01 12:00:00.000,2012,5,1,12,VRB02KT,11,11
2012-05-01 13:00:00.000,2012,5,1,13,VRB02KT,12,10
2012-05-01 14:00:00.000,2012,5,1,14,04005KT,13,11
2012-05-01 15:00:00.000,2012,5,1,15,04005KT,15,11
2012-05-01 16:00:00.000,2012,5,1,16,21005KT,15,11
2012-05-01 17:00:00.000,2012,5,1,17,03006KT,16,11
2012-05-01 18:00:00.000,2012,5,1,18,30006KT,18,11
2012-05-01 19:00:00.000,2012,5,1,19,02006KT,17,11
2012-05-01 20:00:00.000,2012,5,1,20,28006KT,16,13
2012-05-01 21:00:00.000,2012,5,1,21,36004KT,13,12
2012-05-01 22:00:00.000,2012,5,1,22,04006KT,14,13
2012-05-01 23:00:00.000,2012,5,1,23,04008KT,14,12
2012-05-02 00:00:00.000,2012,5,2,0,05006KT,13,12
2012-05-02 01:00:00.000,2012,5,2,1,VRB02KT,13,12
2012-05-02 02:00:00.000,2012,5,2,2,34003KT,13,11
2012-05-02 03:00:00.000,2012,5,2,3,VRB02KT,12,11
2012-05-02 04:00:00.000,2012,5,2,4,35003KT,12,11
2012-05-02 05:00:00.000,2012,5,2,5,05005KT,12,10
2012-05-02 06:00:00.000,2012,5,2,6,00000KT,12,11
2012-05-02 07:00:00.000,2012,5,2,7,VRB02KT,11,10
2012-05-02 08:00:00.000,2012,5,2,8,VRB02KT,11,11
2012-05-02 09:00:00.000,2012,5,2,9,VRB02KT,11,11
2012-05-02 10:00:00.000,2012,5,2,10,00000KT,11,11
2012-05-02 11:00:00.000,2012,5,2,11,03004KT,10,10
2012-05-02 12:00:00.000,2012,5,2,12,32003KT,11,10
2012-05-02 13:00:00.000,2012,5,2,13,05006KT,14,11
2012-05-02 14:00:00.000,2012,5,2,14,02006KT,15,10
2012-05-02 15:00:00.000,2012,5,2,15,04006KT,16,11
2012-05-02 16:00:00.000,2012,5,2,16,21006KT,17,11
2012-05-02 17:00:00.000,2012,5,2,17,12003KT,18,10
2012-05-02 18:00:00.000,2012,5,2,18,25010KT,18,12
2012-05-02 19:00:00.000,2012,5,2,19,32012KT,18,12
2012-05-02 20:00:00.000,2012,5,2,20,32014KT,14,11
2012-05-02 21:00:00.000,2012,5,2,21,30010KT,13,11
2012-05-02 22:00:00.000,2012,5,2,22,31006KT,12,10
2012-05-02 23:00:00.000,2012,5,2,23,03004KT,12,11
2012-05-03 00:00:00.000,2012,5,3,0,VRB02KT,12,11
2012-05-03 01:00:00.000,2012,5,3,1,VRB02KT,12,11
2012-05-03 02:00:00.000,2012,5,3,2,VRB02KT,12,11
2012-05-03 03:00:00.000,2012,5,3,3,34004KT,11,10
2012-05-03 04:00:00.000,2012,5,3,4,VRB02KT,11,10
2012-05-03 05:00:00.000,2012,5,3,5,00000KT,11,10
2012-05-03 06:00:00.000,2012,5,3,6,32003KT,11,10
2012-05-03 07:00:00.000,2012,5,3,7,VRB02KT,11,10
2012-05-03 08:00:00.000,2012,5,3,8,VRB02KT,11,10
2012-05-03 09:00:00.000,2012,5,3,9,31004KT,11,10
2012-05-03 10:00:00.000,2012,5,3,10,VRB02KT,11,10
2012-05-03 11:00:00.000,2012,5,3,11,VRB02KT,12,10
2012-05-03 12:00:00.000,2012,5,3,12,VRB02KT,12,10
2012-05-03 13:00:00.000,2012,5,3,13,21003KT,14,10
2012-05-03 14:00:00.000,2012,5,3,14,17004KT,15,10
2012-05-03 15:00:00.000,2012,5,3,15,13010KT,16,10
2012-05-03 16:00:00.000,2012,5,3,16,14010KT,17,08
2012-05-03 17:00:00.000,2012,5,3,17,13007KT,18,09
2012-05-03 18:00:00.000,2012,5,3,18,12006KT,19,10
2012-05-03 19:00:00.000,2012,5,3,19,08007KT,20,10
2012-05-03 20:00:00.000,2012,5,3,20,25006KT,20,13
2012-05-03 21:00:00.000,2012,5,3,21,28011KT,17,14
2012-05-03 22:00:00.000,2012,5,3,22,25011KT,17,13
2012-05-03 23:00:00.000,2012,5,3,23,32008KT,14,12
2012-05-04 00:00:00.000,2012,5,4,0,32003KT,14,12
2012-05-04 01:00:00.000,2012,5,4,1,31004KT,14,12
2012-05-04 02:00:00.000,2012,5,4,2,36003KT,14,11
2012-05-04 03:00:00.000,2012,5,4,3,06004KT,14,11
2012-05-04 04:00:00.000,2012,5,4,4,08003KT,14,10
2012-05-04 05:00:00.000,2012,5,4,5,VRB02KT,13,09
2012-05-04 06:00:00.000,2012,5,4,6,VRB02KT,12,10
2012-05-04 07:00:00.000,2012,5,4,7,VRB02KT,11,10
2012-05-04 08:00:00.000,2012,5,4,8,VRB02KT,11,10
2012-05-04 09:00:00.000,2012,5,4,9,VRB02KT,10,09
2012-05-04 10:00:00.000,2012,5,4,10,05003KT,10,09
2012-05-04 11:00:00.000,2012,5,4,11,04004KT,10,09
2012-05-04 12:00:00.000,2012,5,4,12,04003KT,12,10
2012-05-04 13:00:00.000,2012,5,4,13,05004KT,15,10
2012-05-04 14:00:00.000,2012,5,4,14,05005KT,16,10
2012-05-04 15:00:00.000,2012,5,4,15,15009KT,18,09
2012-05-04 16:00:00.000,2012,5,4,16,16006KT,19,09
2012-05-04 17:00:00.000,2012,5,4,17,12006KT,19,09
2012-05-04 18:00:00.000,2012,5,4,18,17012KT,19,08
2012-05-04 19:00:00.000,2012,5,4,19,34004KT,19,08
2012-05-04 20:00:00.000,2012,5,4,20,32008KT,15,13
2012-05-04 21:00:00.000,2012,5,4,21,36005KT,16,11
2012-05-04 22:00:00.000,2012,5,4,22,31012KT,16,11
2012-05-04 23:00:00.000,2012,5,4,23,36004KT,14,10
2012-05-05 00:00:00.000,2012,5,5,0,02004KT,12,11
2012-05-05 01:00:00.000,2012,5,5,1,03004KT,12,11
2012-05-05 02:00:00.000,2012,5,5,2,VRB02KT,12,11
2012-05-05 03:00:00.000,2012,5,5,3,00000KT,12,11
2012-05-05 04:00:00.000,2012,5,5,4,33004KT,12,11
2012-05-05 05:00:00.000,2012,5,5,5,VRB02KT,12,11
2012-05-05 06:00:00.000,2012,5,5,6,VRB02KT,12,11
2012-05-05 07:00:00.000,2012,5,5,7,36004KT,12,11
2012-05-05 08:00:00.000,2012,5,5,8,00000KT,12,11
2012-05-05 09:00:00.000,2012,5,5,9,VRB02KT,12,11
2012-05-05 10:00:00.000,2012,5,5,10,VRB02KT,12,11
2012-05-05 11:00:00.000,2012,5,5,11,31004KT,12,11
2012-05-05 12:00:00.000,2012,5,5,12,VRB02KT,13,11
2012-05-05 13:00:00.000,2012,5,5,13,VRB02KT,14,12
2012-05-05 14:00:00.000,2012,5,5,14,VRB02KT,14,12
2012-05-05 15:00:00.000,2012,5,5,15,VRB02KT,14,12
2012-05-05 16:00:00.000,2012,5,5,16,15004KT,14,12
2012-05-05 17:00:00.000,2012,5,5,17,06004KT,16,12
2012-05-05 18:00:00.000,2012,5,5,18,08006KT,18,11
2012-05-05 19:00:00.000,2012,5,5,19,09007KT,17,10
2012-05-05 20:00:00.000,2012,5,5,20,32006KT,17,11
2012-05-05 21:00:00.000,2012,5,5,21,26007KT,16,12
2012-05-05 22:00:00.000,2012,5,5,22,25007KT,14,12
2012-05-05 23:00:00.000,2012,5,5,23,29005KT,14,12
2012-05-06 00:00:00.000,2012,5,6,0,26005KT,13,11
2012-05-06 01:00:00.000,2012,5,6,1,25004KT,13,11
2012-05-06 02:00:00.000,2012,5,6,2,00000KT,13,11
2012-05-06 03:00:00.000,2012,5,6,3,24006KT,13,11
2012-05-06 04:00:00.000,2012,5,6,4,VRB02KT,13,10
2012-05-06 05:00:00.000,2012,5,6,5,34004KT,12,11
2012-05-06 06:00:00.000,2012,5,6,6,31003KT,11,10
2012-05-06 07:00:00.000,2012,5,6,7,VRB02KT,11,10
2012-05-06 08:00:00.000,2012,5,6,8,VRB02KT,11,10
2012-05-06 09:00:00.000,2012,5,6,9,VRB02KT,11,10
2012-05-06 10:00:00.000,2012,5,6,10,VRB02KT,11,1
2012-05-06 11:00:00.000,2012,5,6,11,31003KT,11,10
2012-05-06 12:00:00.000,2012,5,6,12,00000KT,11,10
2012-05-06 13:00:00.000,2012,5,6,13,05004KT,13,10
2012-05-06 14:00:00.000,2012,5,6,14,05004KT,15,10
2012-05-06 15:00:00.000,2012,5,6,15,31004KT,17,10
2012-05-06 16:00:00.000,2012,5,6,16,26012KT,16,12
2012-05-06 17:00:00.000,2012,5,6,17,26012KT,16,12
2012-05-06 18:00:00.000,2012,5,6,18,27007KT,17,12
2012-05-06 19:00:00.000,2012,5,6,19,22010KT,17,12
2012-05-06 20:00:00.000,2012,5,6,20,27007KT,16,12
2012-05-06 21:00:00.000,2012,5,6,21,26008KT,16,11
2012-05-06 22:00:00.000,2012,5,6,22,23007KT,16,11
2012-05-06 23:00:00.000,2012,5,6,23,30007KT,14,11
2012-05-07 00:00:00.000,2012,5,7,0,03003KT,13,11
2012-05-07 01:00:00.000,2012,5,7,1,VRB02KT,12,11
2012-05-07 02:00:00.000,2012,5,7,2,VRB02KT,12,10
2012-05-07 03:00:00.000,2012,5,7,3,32003KT,12,10
2012-05-07 04:00:00.000,2012,5,7,4,VRB02KT,12,10
2012-05-07 05:00:00.000,2012,5,7,5,VRB02KT,12,11
2012-05-07 06:00:00.000,2012,5,7,6,29005KT,12,11
2012-05-07 07:00:00.000,2012,5,7,7,00000KT,12,11
2012-05-07 08:00:00.000,2012,5,7,8,00000KT,11,11
2012-05-07 09:00:00.000,2012,5,7,9,00000KT,11,11
2012-05-07 10:00:00.000,2012,5,7,10,VRB02KT,11,11
2012-05-07 11:00:00.000,2012,5,7,11,00000KT,12,11
2012-05-07 12:00:00.000,2012,5,7,12,VRB02KT,12,12
2012-05-07 13:00:00.000,2012,5,7,13,25006KT,14,12
2012-05-07 14:00:00.000,2012,5,7,14,27005KT,15,11
2012-05-07 15:00:00.000,2012,5,7,15,29005KT,16,11
2012-05-07 16:00:00.000,2012,5,7,16,20014KT,14,12
2012-05-07 17:00:00.000,2012,5,7,17,23004KT,15,12
2012-05-07 18:00:00.000,2012,5,7,18,27012KT,14,12
2012-05-07 19:00:00.000,2012,5,7,19,27010KT,14,12
2012-05-07 20:00:00.000,2012,5,7,20,26012KT,15,12
2012-05-07 21:00:00.000,2012,5,7,21,26010KT,13,11
2012-05-07 22:00:00.000,2012,5,7,22,26006KT,13,11
2012-05-07 23:00:00.000,2012,5,7,23,VRB02KT,13,10
2012-05-08 00:00:00.000,2012,5,8,0,VRB02KT,13,10
2012-05-08 01:00:00.000,2012,5,8,1,VRB02KT,12,10
2012-05-08 02:00:00.000,2012,5,8,2,05003KT,12,10
2012-05-08 03:00:00.000,2012,5,8,3,VRB02KT,12,10
2012-05-08 04:00:00.000,2012,5,8,4,33003KT,10,09
2012-05-08 05:00:00.000,2012,5,8,5,VRB02KT,10,09
2012-05-08 06:00:00.000,2012,5,8,6,VRB02KT,10,10
2012-05-08 07:00:00.000,2012,5,8,7,VRB02KT,10,10
2012-05-08 08:00:00.000,2012,5,8,8,VRB02KT,10,10
2012-05-08 09:00:00.000,2012,5,8,9,04003KT,09,09
2012-05-08 10:00:00.000,2012,5,8,10,00000KT,10,09
2012-05-08 11:00:00.000,2012,5,8,11,00000KT,09,09
2012-05-08 12:00:00.000,2012,5,8,12,03003KT,12,11
2012-05-08 13:00:00.000,2012,5,8,13,33004KT,14,11
2012-05-08 14:00:00.000,2012,5,8,14,07004KT,16,11
2012-05-08 15:00:00.000,2012,5,8,15,05005KT,18,11
2012-05-08 16:00:00.000,2012,5,8,16,36005KT,18,11
2012-05-08 17:00:00.000,2012,5,8,17,24010KT,15,13
2012-05-08 18:00:00.000,2012,5,8,18,29010KT,16,13
2012-05-08 19:00:00.000,2012,5,8,19,35012KT,16,13
2012-05-08 20:00:00.000,2012,5,8,20,33010KT,15,12
2012-05-08 21:00:00.000,2012,5,8,21,33008KT,14,12
2012-05-08 22:00:00.000,2012,5,8,22,31010KT,15,11
2012-05-08 23:00:00.000,2012,5,8,23,33006KT,14,11
2012-05-09 00:00:00.000,2012,5,9,0,00000KT,14,11
2012-05-09 01:00:00.000,2012,5,9,1,00000KT,13,11
2012-05-09 02:00:00.000,2012,5,9,2,00000KT,13,11
2012-05-09 03:00:00.000,2012,5,9,3,00000KT,12,10
2012-05-09 04:00:00.000,2012,5,9,4,VRB02KT,11,10
2012-05-09 05:00:00.000,2012,5,9,5,00000KT,10,09
2012-05-09 06:00:00.000,2012,5,9,6,VRB02KT,09,08
2012-05-09 07:00:00.000,2012,5,9,7,00000KT,11,10
2012-05-09 08:00:00.000,2012,5,9,8,VRB02KT,11,11
2012-05-09 09:00:00.000,2012,5,9,9,00000KT,11,10
2012-05-09 10:00:00.000,2012,5,9,10,VRB02KT,11,10
2012-05-09 11:00:00.000,2012,5,9,11,32003KT,10,10
2012-05-09 12:00:00.000,2012,5,9,12,VRB02KT,12,10
2012-05-09 13:00:00.000,2012,5,9,13,34004KT,13,11
2012-05-09 14:00:00.000,2012,5,9,14,02005KT,15,10
2012-05-09 15:00:00.000,2012,5,9,15,36006KT,16,11
2012-05-09 16:00:00.000,2012,5,9,16,35005KT,18,11
2012-05-09 17:00:00.000,2012,5,9,17,25005KT,16,13
2012-05-09 18:00:00.000,2012,5,9,18,34008KT,18,13
2012-05-09 19:00:00.000,2012,5,9,19,27010KT,15,12
2012-05-09 20:00:00.000,2012,5,9,20,30006KT,16,12
2012-05-09 21:00:00.000,2012,5,9,21,30010KT,15,11
2012-05-09 22:00:00.000,2012,5,9,22,32006KT,14,11
2012-05-09 23:00:00.000,2012,5,9,23,33004KT,13,11
2012-05-10 00:00:00.000,2012,5,10,0,34004KT,13,10
2012-05-10 01:00:00.000,2012,5,10,1,00000KT,12,10
2012-05-10 02:00:00.000,2012,5,10,2,00000KT,11,10
2012-05-10 03:00:00.000,2012,5,10,3,02004KT,10,09
2012-05-10 04:00:00.000,2012,5,10,4,VRB02KT,09,09
2012-05-10 05:00:00.000,2012,5,10,5,31003KT,10,09
2012-05-10 06:00:00.000,2012,5,10,6,33005KT,09,09
2012-05-10 07:00:00.000,2012,5,10,7,VRB02KT,09,09
2012-05-10 08:00:00.000,2012,5,10,8,22005KT,09,09
2012-05-10 09:00:00.000,2012,5,10,9,00000KT,09,09
2012-05-10 10:00:00.000,2012,5,10,10,00000KT,09,09
2012-05-10 11:00:00.000,2012,5,10,11,VRB02KT,09,09
2012-05-10 12:00:00.000,2012,5,10,12,27003KT,10,10
2012-05-10 13:00:00.000,2012,5,10,13,23003KT,12,11
2012-05-10 14:00:00.000,2012,5,10,14,VRB02KT,14,11
2012-05-10 15:00:00.000,2012,5,10,15,03003KT,16,10
2012-05-10 16:00:00.000,2012,5,10,16,VRB02KT,16,11
2012-05-10 17:00:00.000,2012,5,10,17,06005KT,18,12
2012-05-10 18:00:00.000,2012,5,10,18,15006KT,18,12
2012-05-10 19:00:00.000,2012,5,10,19,09008KT,16,12
2012-05-10 20:00:00.000,2012,5,10,20,28010KT,15,13
2012-05-10 21:00:00.000,2012,5,10,21,27008KT,14,13
2012-05-10 22:00:00.000,2012,5,10,22,29006KT,15,13
2012-05-10 23:00:00.000,2012,5,10,23,30006KT,15,12
2012-05-11 00:00:00.000,2012,5,11,0,32003KT,14,10
2012-05-11 01:00:00.000,2012,5,11,1,04003KT,12,10
2012-05-11 02:00:00.000,2012,5,11,2,33003KT,12,10
2012-05-11 03:00:00.000,2012,5,11,3,36003KT,11,10
2012-05-11 04:00:00.000,2012,5,11,4,00000KT,10,09
2012-05-11 05:00:00.000,2012,5,11,5,VRB02KT,10,09
2012-05-11 06:00:00.000,2012,5,11,6,VRB02KT,10,09
2012-05-11 07:00:00.000,2012,5,11,7,VRB02KT,09,08
2012-05-11 08:00:00.000,2012,5,11,8,31003KT,08,08
2012-05-11 09:00:00.000,2012,5,11,9,VRB02KT,08,07
2012-05-11 10:00:00.000,2012,5,11,10,VRB02KT,07,07
2012-05-11 11:00:00.000,2012,5,11,11,31004KT,07,07
2012-05-11 12:00:00.000,2012,5,11,12,VRB02KT,11,09
2012-05-11 13:00:00.000,2012,5,11,13,VRB02KT,12,11
2012-05-11 14:00:00.000,2012,5,11,14,32004KT,15,11
2012-05-11 15:00:00.000,2012,5,11,15,06004KT,15,10
2012-05-11 16:00:00.000,2012,5,11,16,02008KT,16,11
2012-05-11 17:00:00.000,2012,5,11,17,33006KT,17,11
2012-05-11 18:00:00.000,2012,5,11,18,VBR02KT,17,10
2012-05-11 19:00:00.000,2012,5,11,19,27008KT,17,11
2012-05-11 20:00:00.000,2012,5,11,20,28009KT,18,13
2012-05-11 21:00:00.000,2012,5,11,21,30014KT,15,12
2012-05-11 22:00:00.000,2012,5,11,22,28009KT,14,12
2012-05-11 23:00:00.000,2012,5,11,23,25009KT,14,12
2012-05-12 00:00:00.000,2012,5,12,0,21005KT,13,12
2012-05-12 01:00:00.000,2012,5,12,1,34004KT,13,12
2012-05-12 02:00:00.000,2012,5,12,2,VRB02KT,13,12
2012-05-12 03:00:00.000,2012,5,12,3,26003KT,13,12
2012-05-12 04:00:00.000,2012,5,12,4,VRB02KT,12,12
2012-05-12 05:00:00.000,2012,5,12,5,VRB02KT,12,12
2012-05-12 06:00:00.000,2012,5,12,6,VRB02KT,12,12
2012-05-12 07:00:00.000,2012,5,12,7,04003KT,12,12
2012-05-12 08:00:00.000,2012,5,12,8,02005KT,11,11
2012-05-12 09:00:00.000,2012,5,12,9,03003KT,11,11
2012-05-12 10:00:00.000,2012,5,12,10,03004KT,11,10
2012-05-12 11:00:00.000,2012,5,12,11,06005KT,11,10
2012-05-12 12:00:00.000,2012,5,12,12,30005KT,12,10
2012-05-12 13:00:00.000,2012,5,12,13,05006KT,14,11
2012-05-12 14:00:00.000,2012,5,12,14,08005KT,15,11
2012-05-12 15:00:00.000,2012,5,12,15,01004KT,16,10
2012-05-12 16:00:00.000,2012,5,12,16,29003KT,17,11
2012-05-12 17:00:00.000,2012,5,12,17,10009KT,17,10
2012-05-12 18:00:00.000,2012,5,12,18,15010KT,16,12
2012-05-12 19:00:00.000,2012,5,12,19,13008KT,16,10
2012-05-12 20:00:00.000,2012,5,12,20,13008KT,17,10
2012-05-12 21:00:00.000,2012,5,12,21,15007KT,16,10
2012-05-12 22:00:00.000,2012,5,12,22,14006KT,16,10
2012-05-12 23:00:00.000,2012,5,12,23,12006KT,14,10
2012-05-13 00:00:00.000,2012,5,13,0,09005KT,15,09
2012-05-13 01:00:00.000,2012,5,13,1,07005KT,14,09
2012-05-13 02:00:00.000,2012,5,13,2,06005KT,14,10
2012-05-13 03:00:00.000,2012,5,13,3,03005KT,13,09
2012-05-13 04:00:00.000,2012,5,13,4,05007KT,13,09
2012-05-13 05:00:00.000,2012,5,13,5,VRB02KT,13,10
2012-05-13 06:00:00.000,2012,5,13,6,03004KT,12,10
2012-05-13 07:00:00.000,2012,5,13,7,04007KT,12,10
2012-05-13 08:00:00.000,2012,5,13,8,02007KT,12,09
2012-05-13 09:00:00.000,2012,5,13,9,05004KT,12,09
2012-05-13 10:00:00.000,2012,5,13,10,05007KT,11,09
2012-05-13 11:00:00.000,2012,5,13,11,06005KT,11,09
2012-05-13 12:00:00.000,2012,5,13,12,06006KT,12,09
2012-05-13 13:00:00.000,2012,5,13,13,06004KT,13,09
2012-05-13 14:00:00.000,2012,5,13,14,03008KT,13,09
2012-05-13 15:00:00.000,2012,5,13,15,05006KT,14,10
2012-05-13 16:00:00.000,2012,5,13,16,01006KT,15,10
2012-05-13 17:00:00.000,2012,5,13,17,21006KT,16,10
2012-05-13 18:00:00.000,2012,5,13,18,19010KT,16,10
2012-05-13 19:00:00.000,2012,5,13,19,14012KT,18,09
2012-05-13 20:00:00.000,2012,5,13,20,15010KT,18,09
2012-05-13 21:00:00.000,2012,5,13,21,13008KT,18,09
2012-05-13 22:00:00.000,2012,5,13,22,08008KT,17,09
2012-05-13 23:00:00.000,2012,5,13,23,03010KT,15,09
2012-05-14 00:00:00.000,2012,5,14,0,03005KT,14,09
2012-05-14 01:00:00.000,2012,5,14,1,02005KT,14,09
2012-05-14 02:00:00.000,2012,5,14,2,06006KT,13,09
2012-05-14 03:00:00.000,2012,5,14,3,04006KT,13,10
2012-05-14 04:00:00.000,2012,5,14,4,05004KT,13,10
2012-05-14 05:00:00.000,2012,5,14,5,04006KT,13,10
2012-05-14 06:00:00.000,2012,5,14,6,VRB02KT,13,10
2012-05-14 07:00:00.000,2012,5,14,7,05003KT,12,09
2012-05-14 08:00:00.000,2012,5,14,8,04006KT,11,09
2012-05-14 09:00:00.000,2012,5,14,9,06004KT,11,09
2012-05-14 10:00:00.000,2012,5,14,10,05005KT,10,08
2012-05-14 11:00:00.000,2012,5,14,11,04005KT,11,09
2012-05-14 12:00:00.000,2012,5,14,12,06007KT,12,09
2012-05-14 13:00:00.000,2012,5,14,13,05010KT,14,10
2012-05-14 14:00:00.000,2012,5,14,14,06006KT,15,10
2012-05-14 15:00:00.000,2012,5,14,15,03012KT,17,11
2012-05-14 16:00:00.000,2012,5,14,16,07006KT,18,07
2012-05-14 17:00:00.000,2012,5,14,17,15007KT,18,08
2012-05-14 18:00:00.000,2012,5,14,18,15012KT,18,07
2012-05-14 19:00:00.000,2012,5,14,19,12012KT,19,07
2012-05-14 20:00:00.000,2012,5,14,20,15014KT,19,09
2012-05-14 21:00:00.000,2012,5,14,21,13009KT,18,07
2012-05-14 22:00:00.000,2012,5,14,22,13012KT,17,08
2012-05-14 23:00:00.000,2012,5,14,23,08006KT,16,08
2012-05-15 00:00:00.000,2012,5,15,0,04007KT,14,09
2012-05-15 01:00:00.000,2012,5,15,1,09006KT,13,08
2012-05-15 02:00:00.000,2012,5,15,2,03005KT,12,09
2012-05-15 03:00:00.000,2012,5,15,3,12003KT,13,09
2012-05-15 04:00:00.000,2012,5,15,4,14005KT,13,07
2012-05-15 05:00:00.000,2012,5,15,5,07005KT,12,07
2012-05-15 06:00:00.000,2012,5,15,6,13004KT,12,06
2012-05-15 07:00:00.000,2012,5,15,7,VRB02KT,09,07
2012-05-15 08:00:00.000,2012,5,15,8,VRB02KT,08,08
2012-05-15 09:00:00.000,2012,5,15,9,06005KT,08,07
2012-05-15 10:00:00.000,2012,5,15,10,06004KT,08,07
2012-05-15 11:00:00.000,2012,5,15,11,05004KT,09,08
2012-05-15 12:00:00.000,2012,5,15,12,05004KT,12,09
2012-05-15 13:00:00.000,2012,5,15,13,06004KT,14,09
2012-05-15 14:00:00.000,2012,5,15,14,05008KT,16,09
2012-05-15 15:00:00.000,2012,5,15,15,15014KT,17,08
2012-05-15 16:00:00.000,2012,5,15,16,14014KT,18,08
2012-05-15 17:00:00.000,2012,5,15,17,14012KT,18,07
2012-05-15 18:00:00.000,2012,5,15,18,14010KT,20,07
2012-05-15 19:00:00.000,2012,5,15,19,09007KT,19,07
2012-05-15 20:00:00.000,2012,5,15,20,11013KT,19,08
2012-05-15 21:00:00.000,2012,5,15,21,09009KT,19,07
2012-05-15 22:00:00.000,2012,5,15,22,12011KT,18,07
2012-05-15 23:00:00.000,2012,5,15,23,12008KT,17,06
2012-05-16 00:00:00.000,2012,5,16,0,11007KT,16,07
2012-05-16 01:00:00.000,2012,5,16,1,05005KT,13,08
2012-05-16 02:00:00.000,2012,5,16,2,08004KT,13,09
2012-05-16 03:00:00.000,2012,5,16,3,VRB02KT,12,09
2012-05-16 04:00:00.000,2012,5,16,4,04004KT,12,09
2012-05-16 05:00:00.000,2012,5,16,5,05003KT,11,08
2012-05-16 06:00:00.000,2012,5,16,6,33003KT,10,07
2012-05-16 07:00:00.000,2012,5,16,7,34003KT,09,07
2012-05-16 08:00:00.000,2012,5,16,8,04003KT,08,07
2012-05-16 09:00:00.000,2012,5,16,9,31003KT,08,07
2012-05-16 10:00:00.000,2012,5,16,10,02003KT,09,08
2012-05-16 11:00:00.000,2012,5,16,11,03003KT,10,09
2012-05-16 12:00:00.000,2012,5,16,12,05007KT,12,11
2012-05-16 13:00:00.000,2012,5,16,13,03008KT,13,11
2012-05-16 14:00:00.000,2012,5,16,14,05007KT,15,11
2012-05-16 15:00:00.000,2012,5,16,15,04008KT,16,11
2012-05-16 16:00:00.000,2012,5,16,16,11008KT,18,09
2012-05-16 17:00:00.000,2012,5,16,17,13005KT,18,10
2012-05-16 18:00:00.000,2012,5,16,18,08008KT,18,09
2012-05-16 19:00:00.000,2012,5,16,19,10008KT,18,10
2012-05-16 20:00:00.000,2012,5,16,20,08006KT,18,10
2012-05-16 21:00:00.000,2012,5,16,21,08006KT,17,10
2012-05-16 22:00:00.000,2012,5,16,22,13010KT,17,10
2012-05-16 23:00:00.000,2012,5,16,23,14008KT,16,09
2012-05-17 00:00:00.000,2012,5,17,0,03009KT,15,10
2012-05-17 01:00:00.000,2012,5,17,1,02006KT,13,10
2012-05-17 02:00:00.000,2012,5,17,2,04004KT,13,10
2012-05-17 03:00:00.000,2012,5,17,3,35003KT,13,10
2012-05-17 04:00:00.000,2012,5,17,4,02005KT,12,10
2012-05-17 05:00:00.000,2012,5,17,5,05007KT,13,10
2012-05-17 06:00:00.000,2012,5,17,6,04007KT,12,10
2012-05-17 07:00:00.000,2012,5,17,7,04006KT,12,10
2012-05-17 08:00:00.000,2012,5,17,8,03005KT,10,09
2012-05-17 09:00:00.000,2012,5,17,9,02007KT,11,09
2012-05-17 10:00:00.000,2012,5,17,10,32003KT,11,09
2012-05-17 11:00:00.000,2012,5,17,11,04004KT,11,09
2012-05-17 12:00:00.000,2012,5,17,12,05008KT,13,10
2012-05-17 13:00:00.000,2012,5,17,13,05009KT,14,10
2012-05-17 14:00:00.000,2012,5,17,14,06008KT,15,10
2012-05-17 15:00:00.000,2012,5,17,15,07006KT,17,09
2012-05-17 16:00:00.000,2012,5,17,16,14012KT,17,09
2012-05-17 17:00:00.000,2012,5,17,17,06010KT,19,08
2012-05-17 18:00:00.000,2012,5,17,18,12013KT,18,10
2012-05-17 19:00:00.000,2012,5,17,19,12010KT,18,09
2012-05-17 20:00:00.000,2012,5,17,20,16010KT,18,09
2012-05-17 21:00:00.000,2012,5,17,21,13008KT,18,09
2012-05-17 22:00:00.000,2012,5,17,22,13010KT,18,07
2012-05-17 23:00:00.000,2012,5,17,23,13010KT,17,07
2012-05-18 00:00:00.000,2012,5,18,0,12007KT,15,09
2012-05-18 01:00:00.000,2012,5,18,1,09005KT,14,08
2012-05-18 02:00:00.000,2012,5,18,2,0505KT,12,09
2012-05-18 03:00:00.000,2012,5,18,3,04005KT,11,09
2012-05-18 04:00:00.000,2012,5,18,4,04005KT,11,09
2012-05-18 05:00:00.000,2012,5,18,5,05005KT,11,09
2012-05-18 06:00:00.000,2012,5,18,6,05004KT,12,10
2012-05-18 07:00:00.000,2012,5,18,7,04005KT,11,09
2012-05-18 08:00:00.000,2012,5,18,8,01004KT,11,09
2012-05-18 09:00:00.000,2012,5,18,9,VBR02KT,11,09
2012-05-18 10:00:00.000,2012,5,18,10,VBR02KT,11,09
2012-05-18 11:00:00.000,2012,5,18,11,00000KT,11,09
2012-05-18 12:00:00.000,2012,5,18,12,04006KT,12,10
2012-05-18 13:00:00.000,2012,5,18,13,06007KT,15,10
2012-05-18 14:00:00.000,2012,5,18,14,06012KT,17,09
2012-05-18 15:00:00.000,2012,5,18,15,10012KT,18,09
2012-05-18 16:00:00.000,2012,5,18,16,06006KT,18,09
2012-05-18 17:00:00.000,2012,5,18,17,06010KT,19,08
2012-05-18 18:00:00.000,2012,5,18,18,04006KT,19,09
2012-05-18 19:00:00.000,2012,5,18,19,29006KT,18,11
2012-05-18 20:00:00.000,2012,5,18,20,30006KT,15,12
2012-05-18 21:00:00.000,2012,5,18,21,21005KT,16,12
2012-05-18 22:00:00.000,2012,5,18,22,23006KT,14,12
2012-05-18 23:00:00.000,2012,5,18,23,VRB02KT,14,12
2012-05-19 00:00:00.000,2012,5,19,0,VRB02KT,13,11
2012-05-19 01:00:00.000,2012,5,19,1,35004KT,13,10
2012-05-19 02:00:00.000,2012,5,19,2,03003KT,13,10
2012-05-19 03:00:00.000,2012,5,19,3,VRB02KT,13,10
2012-05-19 04:00:00.000,2012,5,19,4,03003KT,13,11
2012-05-19 05:00:00.000,2012,5,19,5,05004KT,13,11
2012-05-19 06:00:00.000,2012,5,19,6,VRB02KT,12,11
2012-05-19 07:00:00.000,2012,5,19,7,04003KT,12,11
2012-05-19 08:00:00.000,2012,5,19,8,VRB02KT,12,11
2012-05-19 09:00:00.000,2012,5,19,9,30003KT,12,11
2012-05-19 10:00:00.000,2012,5,19,10,VRB02KT,12,11
2012-05-19 11:00:00.000,2012,5,19,11,36003KT,12,11
2012-05-19 12:00:00.000,2012,5,19,12,VRB02KT,12,12
2012-05-19 13:00:00.000,2012,5,19,13,VRB02KT,13,12
2012-05-19 14:00:00.000,2012,5,19,14,04010KT,14,11
2012-05-19 15:00:00.000,2012,5,19,15,03004KT,15,12
2012-05-19 16:00:00.000,2012,5,19,16,05005KT,15,12
2012-05-19 17:00:00.000,2012,5,19,17,04003KT,15,12
2012-05-19 18:00:00.000,2012,5,19,18,15016KT,17,11
2012-05-19 19:00:00.000,2012,5,19,19,11008KT,17,11
2012-05-19 20:00:00.000,2012,5,19,20,07007KT,15,10
2012-05-19 21:00:00.000,2012,5,19,21,16010KT,16,09
2012-05-19 22:00:00.000,2012,5,19,22,12007KT,16,10
2012-05-19 23:00:00.000,2012,5,19,23,15006KT,15,10
2012-05-20 00:00:00.000,2012,5,20,0,08003KT,14,09
2012-05-20 01:00:00.000,2012,5,20,1,09005KT,14,09
2012-05-20 02:00:00.000,2012,5,20,2,04004KT,12,10
2012-05-20 03:00:00.000,2012,5,20,3,06006KT,11,09
2012-05-20 04:00:00.000,2012,5,20,4,03003KT,11,09
2012-05-20 05:00:00.000,2012,5,20,5,04006KT,11,09
2012-05-20 06:00:00.000,2012,5,20,6,30003KT,11,09
2012-05-20 07:00:00.000,2012,5,20,7,VRB02KT,11,09
2012-05-20 08:00:00.000,2012,5,20,8,05005KT,11,09
2012-05-20 09:00:00.000,2012,5,20,9,33003KT,11,09
2012-05-20 10:00:00.000,2012,5,20,10,04004KT,11,09
2012-05-20 11:00:00.000,2012,5,20,11,07004KT,11,09
2012-05-20 12:00:00.000,2012,5,20,12,03003KT,12,10
2012-05-20 13:00:00.000,2012,5,20,13,03006KT,13,10
2012-05-20 14:00:00.000,2012,5,20,14,07005KT,15,11
2012-05-20 15:00:00.000,2012,5,20,15,05005KT,16,10
2012-05-20 16:00:00.000,2012,5,20,16,04004KT,16,10
2012-05-20 17:00:00.000,2012,5,20,17,VRB02KT,17,10
2012-05-20 18:00:00.000,2012,5,20,18,05004KT,17,10
2012-05-20 19:00:00.000,2012,5,20,19,08009KT,16,11
2012-05-20 20:00:00.000,2012,5,20,20,04004KT,16,11
2012-05-20 21:00:00.000,2012,5,20,21,03006KT,17,12
2012-05-20 22:00:00.000,2012,5,20,22,03005KT,17,11
2012-05-20 23:00:00.000,2012,5,20,23,06005KT,16,10
2012-05-21 00:00:00.000,2012,5,21,0,23005KT,13,11
2012-05-21 01:00:00.000,2012,5,21,1,VRB02KT,13,11
2012-05-21 02:00:00.000,2012,5,21,2,VRB02KT,11,11
2012-05-21 03:00:00.000,2012,5,21,3,VRB02KT,11,10
2012-05-21 04:00:00.000,2012,5,21,4,VRB02KT,12,11
2012-05-21 05:00:00.000,2012,5,21,5,02003KT,12,10
2012-05-21 06:00:00.000,2012,5,21,6,29003KT,10,09
2012-05-21 07:00:00.000,2012,5,21,7,VRB02KT,09,08
2012-05-21 08:00:00.000,2012,5,21,8,VRB02KT,10,09
2012-05-21 09:00:00.000,2012,5,21,9,07004KT,10,09
2012-05-21 10:00:00.000,2012,5,21,10,03003KT,11,10
2012-05-21 11:00:00.000,2012,5,21,11,VRB02KT,10,09
2012-05-21 12:00:00.000,2012,5,21,12,VRB02KT,11,10
2012-05-21 13:00:00.000,2012,5,21,13,05006KT,14,10
2012-05-21 14:00:00.000,2012,5,21,14,04007KT,15,10
2012-05-21 15:00:00.000,2012,5,21,15,VRB02KT,16,10
2012-05-21 16:00:00.000,2012,5,21,16,VRB02KT,15,11
2012-05-21 17:00:00.000,2012,5,21,17,25003KT,16,12
2012-05-21 18:00:00.000,2012,5,21,18,13003KT,17,11
2012-05-21 19:00:00.000,2012,5,21,19,VRB02KT,18,09
2012-05-21 20:00:00.000,2012,5,21,20,15010KT,18,10
2012-05-21 21:00:00.000,2012,5,21,21,07012KT,18,08
2012-05-21 22:00:00.000,2012,5,21,22,11011KT,17,08
2012-05-21 23:00:00.000,2012,5,21,23,12010KT,16,09
2012-05-22 00:00:00.000,2012,5,22,0,11010KT,15,09
2012-05-22 01:00:00.000,2012,5,22,1,13007KT,14,10
2012-05-22 02:00:00.000,2012,5,22,2,02004KT,13,11
2012-05-22 03:00:00.000,2012,5,22,3,05004KT,13,10
2012-05-22 04:00:00.000,2012,5,22,4,07004KT,12,10
2012-05-22 05:00:00.000,2012,5,22,5,04007KT,12,09
2012-05-22 06:00:00.000,2012,5,22,6,07005KT,11,09
2012-05-22 07:00:00.000,2012,5,22,7,04006KT,12,09
2012-05-22 08:00:00.000,2012,5,22,8,050009KT,11,09
2012-05-22 09:00:00.000,2012,5,22,9,040004KT,10,08
2012-05-22 10:00:00.000,2012,5,22,10,VRB02KT,11,09
2012-05-22 11:00:00.000,2012,5,22,11,06004KT,12,09
2012-05-22 12:00:00.000,2012,5,22,12,04004KT,13,10
2012-05-22 13:00:00.000,2012,5,22,13,06006KT,14,10
2012-05-22 14:00:00.000,2012,5,22,14,14004KT,15,09
2012-05-22 15:00:00.000,2012,5,22,15,14010KT,16,09
2012-05-22 16:00:00.000,2012,5,22,16,08010KT,17,09
2012-05-22 17:00:00.000,2012,5,22,17,12008KT,16,09
2012-05-22 18:00:00.000,2012,5,22,18,15010KT,17,09
2012-05-22 19:00:00.000,2012,5,22,19,16009KT,18,09
2012-05-22 20:00:00.000,2012,5,22,20,08008KT,19,09
2012-05-22 21:00:00.000,2012,5,22,21,06010KT,17,10
2012-05-22 22:00:00.000,2012,5,22,22,13006KT,16,11
2012-05-22 23:00:00.000,2012,5,22,23,16007KT,14,12
2012-05-23 00:00:00.000,2012,5,23,0,13007KT,15,09
2012-05-23 01:00:00.000,2012,5,23,1,11007KT,15,09
2012-05-23 02:00:00.000,2012,5,23,2,14006KT,14,09
2012-05-23 03:00:00.000,2012,5,23,3,12006KT,14,09
2012-05-23 04:00:00.000,2012,5,23,4,06003KT,12,10
2012-05-23 05:00:00.000,2012,5,23,5,01003KT,12,10
2012-05-23 06:00:00.000,2012,5,23,6,04005KT,12,10
2012-05-23 07:00:00.000,2012,5,23,7,35003KT,12,10
2012-05-23 08:00:00.000,2012,5,23,8,30003KT,12,10
2012-05-23 09:00:00.000,2012,5,23,9,27003KT,12,10
2012-05-23 10:00:00.000,2012,5,23,10,03003KT,11,10
2012-05-23 11:00:00.000,2012,5,23,11,03003KT,11,10
2012-05-23 12:00:00.000,2012,5,23,12,03005KT,12,10
2012-05-23 13:00:00.000,2012,5,23,13,33003KT,13,10
2012-05-23 14:00:00.000,2012,5,23,14,28003KT,15,10
2012-05-23 15:00:00.000,2012,5,23,15,25007KT,16,10
2012-05-23 16:00:00.000,2012,5,23,16,17007KT,17,09
2012-05-23 17:00:00.000,2012,5,23,17,15015KT,18,10
2012-05-23 18:00:00.000,2012,5,23,18,16010KT,18,09
2012-05-23 19:00:00.000,2012,5,23,19,15012KT,17,10
2012-05-23 20:00:00.000,2012,5,23,20,14007KT,18,10
2012-05-23 21:00:00.000,2012,5,23,21,19005KT,19,09
2012-05-23 22:00:00.000,2012,5,23,22,26008KT,17,12
2012-05-23 23:00:00.000,2012,5,23,23,25004KT,15,11
2012-05-24 00:00:00.000,2012,5,24,0,33003KT,14,11
2012-05-24 01:00:00.000,2012,5,24,1,32003KT,13,09
2012-05-24 02:00:00.000,2012,5,24,2,32003KT,12,10
2012-05-24 03:00:00.000,2012,5,24,3,08004KT,15,10
2012-05-24 04:00:00.000,2012,5,24,4,03006KT,13,10
2012-05-24 05:00:00.000,2012,5,24,5,10005KT,14,09
2012-05-24 06:00:00.000,2012,5,24,6,14006KT,14,09
2012-05-24 07:00:00.000,2012,5,24,7,18006KT,14,08
2012-05-24 08:00:00.000,2012,5,24,8,33003KT,13,09
2012-05-24 09:00:00.000,2012,5,24,9,12004KT,13,09
2012-05-24 10:00:00.000,2012,5,24,10,VRB02KT,12,09
2012-05-24 11:00:00.000,2012,5,24,11,VRB02KT,11,10
2012-05-24 12:00:00.000,2012,5,24,12,04005KT,12,11
2012-05-24 13:00:00.000,2012,5,24,13,05007KT,14,11
2012-05-24 14:00:00.000,2012,5,24,14,05010KT,16,11
2012-05-24 15:00:00.000,2012,5,24,15,06009KT,16,11
2012-05-24 16:00:00.000,2012,5,24,16,13008KT,18,10
2012-05-24 17:00:00.000,2012,5,24,17,14007KT,18,09
2012-05-24 18:00:00.000,2012,5,24,18,10008KT,18,08
2012-05-24 19:00:00.000,2012,5,24,19,12014KT,19,09
2012-05-24 20:00:00.000,2012,5,24,20,14010KT,19,09
2012-05-24 21:00:00.000,2012,5,24,21,09004KT,18,09
2012-05-24 22:00:00.000,2012,5,24,22,10006KT,17,09
2012-05-24 23:00:00.000,2012,5,24,23,11006KT,16,09
2012-05-25 00:00:00.000,2012,5,25,0,12005KT,15,10
2012-05-25 01:00:00.000,2012,5,25,1,09004KT,15,09
2012-05-25 02:00:00.000,2012,5,25,2,05005KT,13,10
2012-05-25 03:00:00.000,2012,5,25,3,05005KT,12,09
2012-05-25 04:00:00.000,2012,5,25,4,04003KT,13,09
2012-05-25 05:00:00.000,2012,5,25,5,03004KT,11,09
2012-05-25 06:00:00.000,2012,5,25,6,04006KT,11,09
2012-05-25 07:00:00.000,2012,5,25,7,28005KT,11,09
2012-05-25 08:00:00.000,2012,5,25,8,VRB02KT,11,10
2012-05-25 09:00:00.000,2012,5,25,9,00000KT,12,10
2012-05-25 10:00:00.000,2012,5,25,10,VRB02KT,11,10
2012-05-25 11:00:00.000,2012,5,25,11,06003KT,12,10
2012-05-25 12:00:00.000,2012,5,25,12,06006KT,12,10
2012-05-25 13:00:00.000,2012,5,25,13,04006KT,13,11
2012-05-25 14:00:00.000,2012,5,25,14,06008KT,15,11
2012-05-25 15:00:00.000,2012,5,25,15,12012KT,17,19
2012-05-25 16:00:00.000,2012,5,25,16,10011KT,18,09
2012-05-25 17:00:00.000,2012,5,25,17,14013KT,18,09
2012-05-25 18:00:00.000,2012,5,25,18,16012KT,18,10
2012-05-25 19:00:00.000,2012,5,25,19,14012KT,18,10
2012-05-25 20:00:00.000,2012,5,25,20,11008KT,18,09
2012-05-25 21:00:00.000,2012,5,25,21,13003KT,18,10
2012-05-25 22:00:00.000,2012,5,25,22,09006KT,17,08
2012-05-25 23:00:00.000,2012,5,25,23,09005KT,17,07
2012-05-26 00:00:00.000,2012,5,26,0,14008KT,14,08
2012-05-26 01:00:00.000,2012,5,26,1,15005KT,13,09
2012-05-26 02:00:00.000,2012,5,26,2,13008KT,14,08
2012-05-26 03:00:00.000,2012,5,26,3,14008KT,13,08
2012-05-26 04:00:00.000,2012,5,26,4,VRB02KT,13,09
2012-05-26 05:00:00.000,2012,5,26,5,VRB02KT,12,10
2012-05-26 06:00:00.000,2012,5,26,6,02003KT,11,09
2012-05-26 07:00:00.000,2012,5,26,7,VRB02KT,10,09
2012-05-26 08:00:00.000,2012,5,26,8,05003KT,10,09
2012-05-26 09:00:00.000,2012,5,26,9,VRB02KT,09,08
2012-05-26 10:00:00.000,2012,5,26,10,VRB02KT,09,08
2012-05-26 11:00:00.000,2012,5,26,11,VRB02KT,09,08
2012-05-26 12:00:00.000,2012,5,26,12,00000KT,09,09
2012-05-26 13:00:00.000,2012,5,26,13,03006KT,13,10
2012-05-26 14:00:00.000,2012,5,26,14,06009KT,14,10
2012-05-26 15:00:00.000,2012,5,26,15,03007KT,16,10
2012-05-26 16:00:00.000,2012,5,26,16,07007KT,17,09
2012-05-26 17:00:00.000,2012,5,26,17,13010KT,17,09
2012-05-26 18:00:00.000,2012,5,26,18,18009KT,17,08
2012-05-26 19:00:00.000,2012,5,26,19,16008KT,17,08
2012-05-26 20:00:00.000,2012,5,26,20,14012KT,20,09
2012-05-26 21:00:00.000,2012,5,26,21,14012KT,19,08
2012-05-26 22:00:00.000,2012,5,26,22,16014KT,17,07
2012-05-26 23:00:00.000,2012,5,26,23,16011KT,16,07
2012-05-27 00:00:00.000,2012,5,27,0,04006KT,13,80
2012-05-27 01:00:00.000,2012,5,27,1,07003KT,13,09
2012-05-27 02:00:00.000,2012,5,27,2,05003KT,12,08
2012-05-27 03:00:00.000,2012,5,27,3,VRB02KT,12,08
2012-05-27 04:00:00.000,2012,5,27,4,35003KT,10,08
2012-05-27 05:00:00.000,2012,5,27,5,00000KT,11,09
2012-05-27 06:00:00.000,2012,5,27,6,VRB02KT,11,09
2012-05-27 07:00:00.000,2012,5,27,7,33005KT,10,09
2012-05-27 08:00:00.000,2012,5,27,8,VRB02KT,10,09
2012-05-27 09:00:00.000,2012,5,27,9,00000KT,10,09
2012-05-27 10:00:00.000,2012,5,27,10,VRB02KT,11,09
2012-05-27 11:00:00.000,2012,5,27,11,VRB02KT,11,09
2012-05-27 12:00:00.000,2012,5,27,12,06006KT,12,10
2012-05-27 13:00:00.000,2012,5,27,13,12010KT,15,10
2012-05-27 14:00:00.000,2012,5,27,14,11015KT,16,08
2012-05-27 15:00:00.000,2012,5,27,15,11012KT,18,08
2012-05-27 16:00:00.000,2012,5,27,16,13018KT,19,08
2012-05-27 17:00:00.000,2012,5,27,17,10014KT,19,08
2012-05-27 18:00:00.000,2012,5,27,18,13012KT,18,08
2012-05-27 19:00:00.000,2012,5,27,19,12012KT,17,09
2012-05-27 20:00:00.000,2012,5,27,20,14012KT,17,10
2012-05-27 21:00:00.000,2012,5,27,21,13008KT,17,10
2012-05-27 22:00:00.000,2012,5,27,22,14010KT,16,10
2012-05-27 23:00:00.000,2012,5,27,23,04008KT,16,09
2012-05-28 00:00:00.000,2012,5,28,0,06004KT,14,09
2012-05-28 01:00:00.000,2012,5,28,1,11009KT,14,09
2012-05-28 02:00:00.000,2012,5,28,2,06004KT,13,08
2012-05-28 03:00:00.000,2012,5,28,3,05003KT,13,09
2012-05-28 04:00:00.000,2012,5,28,4,06004KT,13,08
2012-05-28 05:00:00.000,2012,5,28,5,05003KT,11,08
2012-05-28 06:00:00.000,2012,5,28,6,VRB02KT,10,08
2012-05-28 07:00:00.000,2012,5,28,7,VRB02KT,10,08
2012-05-28 08:00:00.000,2012,5,28,8,VRB02KT,10,08
2012-05-28 09:00:00.000,2012,5,28,9,VRB02KT,10,09
2012-05-28 10:00:00.000,2012,5,28,10,VRB02KT,10,09
2012-05-28 11:00:00.000,2012,5,28,11,05003KT,10,09
2012-05-28 12:00:00.000,2012,5,28,12,34003KT,12,10
2012-05-28 13:00:00.000,2012,5,28,13,06005KT,13,10
2012-05-28 14:00:00.000,2012,5,28,14,02008KT,15,11
2012-05-28 15:00:00.000,2012,5,28,15,03008KT,15,11
2012-05-28 16:00:00.000,2012,5,28,16,04008KT,14,11
2012-05-28 17:00:00.000,2012,5,28,17,13005KT,15,11
2012-05-28 18:00:00.000,2012,5,28,18,15007KT,17,08
2012-05-28 19:00:00.000,2012,5,28,19,09009KT,17,10
2012-05-28 20:00:00.000,2012,5,28,20,08005KT,17,09
2012-05-28 21:00:00.000,2012,5,28,21,07007KT,17,08
2012-05-28 22:00:00.000,2012,5,28,22,08006KT,15,08
2012-05-28 23:00:00.000,2012,5,28,23,09004KT,15,08
2012-05-29 00:00:00.000,2012,5,29,0,07003KT,14,09
2012-05-29 01:00:00.000,2012,5,29,1,11007KT,14,09
2012-05-29 02:00:00.000,2012,5,29,2,12005KT,14,08
2012-05-29 03:00:00.000,2012,5,29,3,12006KT,13,09
2012-05-29 04:00:00.000,2012,5,29,4,07007KT,13,08
2012-05-29 05:00:00.000,2012,5,29,5,13005KT,13,08
2012-05-29 06:00:00.000,2012,5,29,6,14003KT,12,09
2012-05-29 07:00:00.000,2012,5,29,7,05007KT,12,09
2012-05-29 08:00:00.000,2012,5,29,8,04005KT,11,08
2012-05-29 09:00:00.000,2012,5,29,9,07005KT,10,08
2012-05-29 10:00:00.000,2012,5,29,10,05004KT,10,08
2012-05-29 11:00:00.000,2012,5,29,11,05006KT,11,08
2012-05-29 12:00:00.000,2012,5,29,12,06008KT,13,09
2012-05-29 13:00:00.000,2012,5,29,13,09008KT,14,09
2012-05-29 14:00:00.000,2012,5,29,14,16010KT,16,10
2012-05-29 15:00:00.000,2012,5,29,15,16012KT,16,10
2012-05-29 16:00:00.000,2012,5,29,16,14014KT,17,09
2012-05-29 17:00:00.000,2012,5,29,17,16014KT,17,09
2012-05-29 18:00:00.000,2012,5,29,18,13012KT,18,09
2012-05-29 19:00:00.000,2012,5,29,19,14015KT,17,09
2012-05-29 20:00:00.000,2012,5,29,20,15010KT,18,08
2012-05-29 21:00:00.000,2012,5,29,21,13011KT,18,08
2012-05-29 22:00:00.000,2012,5,29,22,14010KT,17,09
2012-05-29 23:00:00.000,2012,5,29,23,15010KT,15,08
2012-05-30 00:00:00.000,2012,5,30,0,16009KT,15,09
2012-05-30 01:00:00.000,2012,5,30,1,15006KT,14,09
2012-05-30 02:00:00.000,2012,5,30,2,16005KT,13,09
2012-05-30 03:00:00.000,2012,5,30,3,15007KT,13,09
2012-05-30 04:00:00.000,2012,5,30,4,08003KT,12,09
2012-05-30 05:00:00.000,2012,5,30,5,04004KT,11,08
2012-05-30 06:00:00.000,2012,5,30,6,32003KT,11,09
2012-05-30 07:00:00.000,2012,5,30,7,04004KT,10,08
2012-05-30 08:00:00.000,2012,5,30,8,05004KT,09,08
2012-05-30 09:00:00.000,2012,5,30,9,04004KT,09,07
2012-05-30 10:00:00.000,2012,5,30,10,06005KT,08,07
2012-05-30 11:00:00.000,2012,5,30,11,05005KT,09,07
2012-05-30 12:00:00.000,2012,5,30,12,06004KT,12,07
2012-05-30 13:00:00.000,2012,5,30,13,26006KT,14,10
2012-05-30 14:00:00.000,2012,5,30,14,15010KT,16,07
2012-05-30 15:00:00.000,2012,5,30,15,14016KT,17,08
2012-05-30 16:00:00.000,2012,5,30,16,17013KT,18,06
2012-05-30 17:00:00.000,2012,5,30,17,17017KT,19,07
2012-05-30 18:00:00.000,2012,5,30,18,16012KT,19,08
2012-05-30 19:00:00.000,2012,5,30,19,16015KT,18,07
2012-05-30 20:00:00.000,2012,5,30,20,15013KT,18,07
2012-05-30 21:00:00.000,2012,5,30,21,16010KT,19,07
2012-05-30 22:00:00.000,2012,5,30,22,27009KT,17,09
2012-05-30 23:00:00.000,2012,5,30,23,31006KT,14,09
2012-05-31 00:00:00.000,2012,5,31,0,33004KT,13,10
2012-05-31 01:00:00.000,2012,5,31,1,03003KT,12,09
2012-05-31 02:00:00.000,2012,5,31,2,VRB02KT,12,10
2012-05-31 03:00:00.000,2012,5,31,3,VRB02KT,12,10
2012-05-31 04:00:00.000,2012,5,31,4,00000KT,12,09
2012-05-31 05:00:00.000,2012,5,31,5,05005KT,11,09
2012-05-31 06:00:00.000,2012,5,31,6,04004KT,11,09
2012-05-31 07:00:00.000,2012,5,31,7,02004KT,11,09
2012-05-31 08:00:00.000,2012,5,31,8,33003KT,11,10
2012-05-31 09:00:00.000,2012,5,31,9,00000KT,11,10
2012-05-31 10:00:00.000,2012,5,31,10,04004KT,11,10
2012-05-31 11:00:00.000,2012,5,31,11,03003KT,11,10
2012-05-31 13:00:00.000,2012,5,31,13,VRB02KT,13,11
2012-05-31 14:00:00.000,2012,5,31,14,16010KT,15,11
2012-05-31 15:00:00.000,2012,5,31,15,16012KT,16,10
2012-05-31 16:00:00.000,2012,5,31,16,16016KT,17,09
2012-05-31 17:00:00.000,2012,5,31,17,16016KT,17,09
2012-05-31 18:00:00.000,2012,5,31,18,18015KT,17,09
2012-05-31 19:00:00.000,2012,5,31,19,15018KT,17,09
2012-05-31 20:00:00.000,2012,5,31,20,16016KT,17,09
2012-05-31 21:00:00.000,2012,5,31,21,14016KT,17,08
2012-05-31 22:00:00.000,2012,5,31,22,15012KT,16,08
2012-05-31 23:00:00.000,2012,5,31,23,14012KT,15,08
2012-06-01 00:00:00.000,2012,6,1,0,14009KT,14,10
2012-06-01 01:00:00.000,2012,6,1,1,14006KT,15,09
2012-06-01 02:00:00.000,2012,6,1,2,09005KT,14,09
2012-06-01 03:00:00.000,2012,6,1,3,04004KT,13,10
2012-06-01 04:00:00.000,2012,6,1,4,12003KT,13,08
2012-06-01 05:00:00.000,2012,6,1,5,07006KT,13,08
2012-06-01 06:00:00.000,2012,6,1,6,14003KT,13,08
2012-06-01 07:00:00.000,2012,6,1,7,03003KT,23,09
2012-06-01 08:00:00.000,2012,6,1,8,VRB02KT,12,08
2012-06-01 09:00:00.000,2012,6,1,9,030005KT,10,09
2012-06-01 10:00:00.000,2012,6,1,10,04005KT,11,08
2012-06-01 11:00:00.000,2012,6,1,11,03004KT,11,09
2012-06-01 12:00:00.000,2012,6,1,12,05004KT,12,10
2012-06-01 13:00:00.000,2012,6,1,13,VRB02KT,12,11
2012-06-01 14:00:00.000,2012,6,1,14,06004KT,14,12
2012-06-01 15:00:00.000,2012,6,1,15,06006KT,15,11
2012-06-01 16:00:00.000,2012,6,1,16,14005KT,15,12
2012-06-01 17:00:00.000,2012,6,1,17,18008KT,17,12
2012-06-01 18:00:00.000,2012,6,1,18,28005KT,14,12
2012-06-01 19:00:00.000,2012,6,1,19,22008KT,16,11
2012-06-01 20:00:00.000,2012,6,1,20,VRB02KT,17,14
2012-06-01 21:00:00.000,2012,6,1,21,26003KT,15,13
2012-06-01 22:00:00.000,2012,6,1,22,31005KT,14,12
2012-06-01 23:00:00.000,2012,6,1,23,00000KT,14,12
2012-06-02 00:00:00.000,2012,6,2,0,14009KT,14,10
2012-06-02 01:00:00.000,2012,6,2,1,14006KT,15,09
2012-06-02 02:00:00.000,2012,6,2,2,09005KT,14,09
2012-06-02 03:00:00.000,2012,6,2,3,04004KT,13,10
2012-06-02 04:00:00.000,2012,6,2,4,04004KT,13,09
2012-06-02 05:00:00.000,2012,6,2,5,06004KT,13,09
2012-06-02 06:00:00.000,2012,6,2,6,VRB02KT,13,09
2012-06-02 07:00:00.000,2012,6,2,7,VRB02KT,11,08
2012-06-02 08:00:00.000,2012,6,2,8,VRB02KT,10,09
2012-06-02 09:00:00.000,2012,6,2,9,05004KT,11,09
2012-06-02 10:00:00.000,2012,6,2,10,09004KT,12,08
2012-06-02 11:00:00.000,2012,6,2,11,12004KT,13,08
2012-06-02 12:00:00.000,2012,6,2,12,11005KT,14,09
2012-06-02 13:00:00.000,2012,6,2,13,12008KT,15,09
2012-06-02 14:00:00.000,2012,6,2,14,15010KT,16,09
2012-06-02 15:00:00.000,2012,6,2,15,13012KT,17,09
2012-06-02 16:00:00.000,2012,6,2,16,15012KT,17,09
2012-06-02 17:00:00.000,2012,6,2,17,16015KT,17,09
2012-06-02 18:00:00.000,2012,6,2,18,12014KT,18,09
2012-06-02 19:00:00.000,2012,6,2,19,12012KT,17,10
2012-06-02 20:00:00.000,2012,6,2,20,11013KT,18,07
2012-06-02 21:00:00.000,2012,6,2,21,13011KT,16,08
2012-06-02 22:00:00.000,2012,6,2,22,13015KT,16,08
2012-06-02 23:00:00.000,2012,6,2,23,10007KT,15,07
2012-06-03 00:00:00.000,2012,6,3,0,05007KT,13,08
2012-06-03 01:00:00.000,2012,6,3,1,04006KT,11,08
2012-06-03 02:00:00.000,2012,6,3,2,06007KT,11,08
2012-06-03 03:00:00.000,2012,6,3,3,03007KT,11,08
2012-06-03 04:00:00.000,2012,6,3,4,02004KT,11,08
2012-06-03 05:00:00.000,2012,6,3,5,05005KT,11,08
2012-06-03 06:00:00.000,2012,6,3,6,03004KT,09,07
2012-06-03 07:00:00.000,2012,6,3,7,07003KT,10,08
2012-06-03 08:00:00.000,2012,6,3,8,00000KT,10,08
2012-06-03 09:00:00.000,2012,6,3,9,05004KT,10,08
2012-06-03 10:00:00.000,2012,6,3,10,VRB02KT,09,07
2012-06-03 11:00:00.000,2012,6,3,11,VRB02KT,08,07
2012-06-03 12:00:00.000,2012,6,3,12,02005KT,10,08
2012-06-03 13:00:00.000,2012,6,3,13,04004KT,13,09
2012-06-03 14:00:00.000,2012,6,3,14,09003KT,16,08
2012-06-03 15:00:00.000,2012,6,3,15,19003KT,16,08
2012-06-03 16:00:00.000,2012,6,3,16,17008KT,17,08
2012-06-03 17:00:00.000,2012,6,3,17,16006KT,18,08
2012-06-03 18:00:00.000,2012,6,3,18,11010KT,18,08
2012-06-03 19:00:00.000,2012,6,3,19,10009KT,18,08
2012-06-03 20:00:00.000,2012,6,3,20,05009KT,18,09
2012-06-03 21:00:00.000,2012,6,3,21,09008KT,18,09
2012-06-03 22:00:00.000,2012,6,3,22,04007KT,17,09
2012-06-03 23:00:00.000,2012,6,3,23,04004KT,16,09
2012-06-04 00:00:00.000,2012,6,4,0,25005KT,14,11
2012-06-04 01:00:00.000,2012,6,4,1,33003KT,12,10
2012-06-04 02:00:00.000,2012,6,4,2,00000KT,11,10
2012-06-04 03:00:00.000,2012,6,4,3,VRB02KT,11,09
2012-06-04 04:00:00.000,2012,6,4,4,04003KT,10,09
2012-06-04 05:00:00.000,2012,6,4,5,VRB02KT,10,09
2012-06-04 06:00:00.000,2012,6,4,6,36003KT,10,09
2012-06-04 07:00:00.000,2012,6,4,7,31004KT,08,08
2012-06-04 08:00:00.000,2012,6,4,8,00000KT,07,07
2012-06-04 09:00:00.000,2012,6,4,9,31003KT,06,06
2012-06-04 10:00:00.000,2012,6,4,10,VRB02KT,06,06
2012-06-04 11:00:00.000,2012,6,4,11,33003KT,06,06
2012-06-04 12:00:00.000,2012,6,4,12,04003KT,07,07
2012-06-04 13:00:00.000,2012,6,4,13,VRB02KT,10,10
2012-06-04 14:00:00.000,2012,6,4,14,05003KT,15,11
2012-06-04 15:00:00.000,2012,6,4,15,02004KT,17,10
2012-06-04 16:00:00.000,2012,6,4,16,04005KT,18,09
2012-06-04 17:00:00.000,2012,6,4,17,14010KT,21,08
2012-06-04 18:00:00.000,2012,6,4,18,04006KT,21,08
2012-06-04 19:00:00.000,2012,6,4,19,10005KT,21,07
2012-06-04 20:00:00.000,2012,6,4,20,23006KT,19,12
2012-06-04 21:00:00.000,2012,6,4,21,25006KT,18,12
2012-06-04 22:00:00.000,2012,6,4,22,31007KT,16,12
2012-06-04 23:00:00.000,2012,6,4,23,30007KT,15,12
2012-06-05 00:00:00.000,2012,6,5,0,VRB02KT,14,12
2012-06-05 01:00:00.000,2012,6,5,1,VRB02KT,14,12
2012-06-05 02:00:00.000,2012,6,5,2,03004KT,13,11
2012-06-05 03:00:00.000,2012,6,5,3,11008KT,14,09
2012-06-05 04:00:00.000,2012,6,5,4,09007KT,14,08
2012-06-05 05:00:00.000,2012,6,5,5,06006KT,13,08
2012-06-05 06:00:00.000,2012,6,5,6,01004KT,12,09
2012-06-05 07:00:00.000,2012,6,5,7,VRB02KT,12,09
2012-06-05 08:00:00.000,2012,6,5,8,VRB02KT,11,09
2012-06-05 09:00:00.000,2012,6,5,9,04003KT,11,09
2012-06-05 10:00:00.000,2012,6,5,10,VRB02KT,11,09
2012-06-05 11:00:00.000,2012,6,5,11,06008KT,10,08
2012-06-05 12:00:00.000,2012,6,5,12,05004KT,12,08
2012-06-05 13:00:00.000,2012,6,5,13,14003KT,15,07
2012-06-05 14:00:00.000,2012,6,5,14,10008KT,17,07
2012-06-05 15:00:00.000,2012,6,5,15,09009KT,18,07
2012-06-05 16:00:00.000,2012,6,5,16,10011KT,18,06
2012-06-05 17:00:00.000,2012,6,5,17,11011KT,19,07
2012-06-05 18:00:00.000,2012,6,5,18,09008KT,20,08
2012-06-05 19:00:00.000,2012,6,5,19,13014KT,19,06
2012-06-05 20:00:00.000,2012,6,5,20,14012KT,19,08
2012-06-05 21:00:00.000,2012,6,5,21,13009KT,19,07
2012-06-05 22:00:00.000,2012,6,5,22,10006KT,18,06
2012-06-05 23:00:00.000,2012,6,5,23,10005KT,16,05
2012-06-06 00:00:00.000,2012,6,6,0,04007KT,13,07
2012-06-06 01:00:00.000,2012,6,6,1,04003KT,13,07
2012-06-06 02:00:00.000,2012,6,6,2,10009KT,14,07
2012-06-06 03:00:00.000,2012,6,6,3,09009KT,13,07
2012-06-06 04:00:00.000,2012,6,6,4,33004KT,12,07
2012-06-06 05:00:00.000,2012,6,6,5,VRB02KT,11,07
2012-06-06 06:00:00.000,2012,6,6,6,03003KT,09,07
2012-06-06 07:00:00.000,2012,6,6,7,07004KT,08,06
2012-06-06 08:00:00.000,2012,6,6,8,00000KT,07,06
2012-06-06 09:00:00.000,2012,6,6,9,00000KT,08,07
2012-06-06 10:00:00.000,2012,6,6,10,05003KT,08,07
2012-06-06 11:00:00.000,2012,6,6,11,07004KT,09,07
2012-06-06 12:00:00.000,2012,6,6,12,05006KT,11,08
2012-06-06 13:00:00.000,2012,6,6,13,02007KT,13,08
2012-06-06 14:00:00.000,2012,6,6,14,16008KT,16,08
2012-06-06 15:00:00.000,2012,6,6,15,08005KT,17,08
2012-06-06 16:00:00.000,2012,6,6,16,17003KT,18,09
2012-06-06 17:00:00.000,2012,6,6,17,11010KT,19,09
2012-06-06 18:00:00.000,2012,6,6,18,09014KT,20,10
2012-06-06 19:00:00.000,2012,6,6,19,12012KT,20,09
2012-06-06 20:00:00.000,2012,6,6,20,12012KT,19,08
2012-06-06 21:00:00.000,2012,6,6,21,09008KT,19,07
2012-06-06 22:00:00.000,2012,6,6,22,12010KT,18,08
2012-06-06 23:00:00.000,2012,6,6,23,10010KT,17,08
2012-06-07 00:00:00.000,2012,6,7,0,13011KT,14,08
2012-06-07 01:00:00.000,2012,6,7,1,12011KT,15,09
2012-06-07 02:00:00.000,2012,6,7,2,17010KT,15,08
2012-06-07 03:00:00.000,2012,6,7,3,10007KT,15,09
2012-06-07 04:00:00.000,2012,6,7,4,04005KT,13,09
2012-06-07 05:00:00.000,2012,6,7,5,04004KT,11,08
2012-06-07 06:00:00.000,2012,6,7,6,VRB02KT,12,08
2012-06-07 07:00:00.000,2012,6,7,7,09003KT,13,08
2012-06-07 08:00:00.000,2012,6,7,8,01003KT,11,08
2012-06-07 09:00:00.000,2012,6,7,9,04004KT,11,09
2012-06-07 10:00:00.000,2012,6,7,10,04007KT,12,09
2012-06-07 11:00:00.000,2012,6,7,11,06004KT,12,09
2012-06-07 12:00:00.000,2012,6,7,12,08007KT,14,08
2012-06-07 13:00:00.000,2012,6,7,13,08008KT,15,09
2012-06-07 14:00:00.000,2012,6,7,14,08010KT,16,08
2012-06-07 15:00:00.000,2012,6,7,15,12012KT,17,07
2012-06-07 17:00:00.000,2012,6,7,17,10015KT,20,09
2012-06-07 18:00:00.000,2012,6,7,18,14012KT,19,09
2012-06-07 19:00:00.000,2012,6,7,19,12016KT,19,09
2012-06-07 20:00:00.000,2012,6,7,20,16012KT,18,08
2012-06-07 21:00:00.000,2012,6,7,21,18012KT,18,09
2012-06-07 22:00:00.000,2012,6,7,22,16014KT,16,09
2012-06-07 23:00:00.000,2012,6,7,23,10012KT,14,11
2012-06-08 00:00:00.000,2012,6,8,0,06010KT,13,09
2012-06-08 01:00:00.000,2012,6,8,1,16006KT,13,09
2012-06-08 02:00:00.000,2012,6,8,2,09008KT,14,08
2012-06-08 03:00:00.000,2012,6,8,3,06004KT,13,08
2012-06-08 04:00:00.000,2012,6,8,4,09005KT,14,08
2012-06-08 05:00:00.000,2012,6,8,5,04004KT,13,08
2012-06-08 06:00:00.000,2012,6,8,6,06004KT,12,09
2012-06-08 07:00:00.000,2012,6,8,7,03003KT,12,09
2012-06-08 08:00:00.000,2012,6,8,8,13003KT,12,08
2012-06-08 09:00:00.000,2012,6,8,9,10005KT,12,08
2012-06-08 10:00:00.000,2012,6,8,10,10006KT,13,08
2012-06-08 11:00:00.000,2012,6,8,11,07004KT,11,08
2012-06-08 12:00:00.000,2012,6,8,12,02003KT,12,09
2012-06-08 13:00:00.000,2012,6,8,13,04003KT,14,09
2012-06-08 14:00:00.000,2012,6,8,14,13011KT,16,09
2012-06-08 15:00:00.000,2012,6,8,15,14006KT,16,08
2012-06-08 16:00:00.000,2012,6,8,16,12006KT,15,10
2012-06-08 17:00:00.000,2012,6,8,17,05003KT,16,10
2012-06-08 18:00:00.000,2012,6,8,18,05006KT,17,09
2012-06-08 19:00:00.000,2012,6,8,19,09006KT,17,09
2012-06-08 20:00:00.000,2012,6,8,20,07014KT,18,08
2012-06-08 21:00:00.000,2012,6,8,21,08012KT,17,09
2012-06-08 22:00:00.000,2012,6,8,22,05008KT,15,10
2012-06-08 23:00:00.000,2012,6,8,23,06010KT,14,09
2012-06-09 00:00:00.000,2012,6,9,0,14008KT,14,08
2012-06-09 01:00:00.000,2012,6,9,1,12006KT,14,09
2012-06-09 02:00:00.000,2012,6,9,2,06010KT,14,09
2012-06-09 03:00:00.000,2012,6,9,3,04006KT,12,09
2012-06-09 04:00:00.000,2012,6,9,4,06006KT,12,09
2012-06-09 05:00:00.000,2012,6,9,5,04006KT,11,09
2012-06-09 06:00:00.000,2012,6,9,6,04005KT,12,09
2012-06-09 07:00:00.000,2012,6,9,7,06004KT,11,08
2012-06-09 08:00:00.000,2012,6,9,8,32004KT,11,09
2012-06-09 09:00:00.000,2012,6,9,9,03004KT,11,09
2012-06-09 10:00:00.000,2012,6,9,10,03006KT,11,09
2012-06-09 11:00:00.000,2012,6,9,11,07006KT,11,09
2012-06-09 12:00:00.000,2012,6,9,12,05005KT,12,09
2012-06-09 13:00:00.000,2012,6,9,13,06008KT,14,10
2012-06-09 14:00:00.000,2012,6,9,14,23008KT,15,10
2012-06-09 15:00:00.000,2012,6,9,15,15012KT,17,09
2012-06-09 16:00:00.000,2012,6,9,16,14008KT,17,09
2012-06-09 17:00:00.000,2012,6,9,17,12006KT,17,09
2012-06-09 18:00:00.000,2012,6,9,18,14007KT,18,09
2012-06-09 19:00:00.000,2012,6,9,19,06005KT,18,09
2012-06-09 20:00:00.000,2012,6,9,20,12006KT,17,10
2012-06-09 21:00:00.000,2012,6,9,21,05007KT,18,10
2012-06-09 22:00:00.000,2012,6,9,22,15006KT,17,09
2012-06-09 23:00:00.000,2012,6,9,23,08008KT,16,10
2012-06-10 00:00:00.000,2012,6,10,0,12010KT,15,10
2012-06-10 01:00:00.000,2012,6,10,1,12006KT,14,10
2012-06-10 02:00:00.000,2012,6,10,2,16010KT,14,09
2012-06-10 03:00:00.000,2012,6,10,3,16012KT,15,09
2012-06-10 04:00:00.000,2012,6,10,4,13010KT,13,10
2012-06-10 05:00:00.000,2012,6,10,5,11006KT,12,10
2012-06-10 06:00:00.000,2012,6,10,6,12004KT,13,10
2012-06-10 07:00:00.000,2012,6,10,7,02004KT,12,11
2012-06-10 08:00:00.000,2012,6,10,8,06004KT,12,11
2012-06-10 09:00:00.000,2012,6,10,9,05004KT,11,10
2012-06-10 10:00:00.000,2012,6,10,10,36004KT,11,10
2012-06-10 11:00:00.000,2012,6,10,11,VRB02KT,10,10
2012-06-10 12:00:00.000,2012,6,10,12,08004KT,13,09
2012-06-10 13:00:00.000,2012,6,10,13,04004KT,14,09
2012-06-10 14:00:00.000,2012,6,10,14,12008KT,16,10
2012-06-10 15:00:00.000,2012,6,10,15,08010KT,18,10
2012-06-10 16:00:00.000,2012,6,10,16,12012KT,18,11
2012-06-10 17:00:00.000,2012,6,10,17,10014KT,18,10
2012-06-10 18:00:00.000,2012,6,10,18,VRB02KT,16,11
2012-06-10 19:00:00.000,2012,6,10,19,15016KT,18,09
2012-06-10 20:00:00.000,2012,6,10,20,14015KT,18,09
2012-06-10 21:00:00.000,2012,6,10,21,13013KT,17,10
2012-06-10 22:00:00.000,2012,6,10,22,14011KT,17,10
2012-06-10 23:00:00.000,2012,6,10,23,12010KT,16,09
2012-06-11 00:00:00.000,2012,6,11,0,13010KT,15,09
2012-06-11 01:00:00.000,2012,6,11,1,13006KT,14,09
2012-06-11 02:00:00.000,2012,6,11,2,09005KT,14,09
2012-06-11 03:00:00.000,2012,6,11,3,09006KT,14,09
2012-06-11 04:00:00.000,2012,6,11,4,VRB02KT,12,09
2012-06-11 05:00:00.000,2012,6,11,5,VRB02KT,12,09
2012-06-11 06:00:00.000,2012,6,11,6,04003KT,12,10
2012-06-11 07:00:00.000,2012,6,11,7,VRB02KT,12,10
2012-06-11 08:00:00.000,2012,6,11,8,03003KT,11,10
2012-06-11 09:00:00.000,2012,6,11,9,05005KT,12,11
2012-06-11 10:00:00.000,2012,6,11,10,00000KT,12,10
2012-06-11 11:00:00.000,2012,6,11,11,VRB02KT,12,11
2012-06-11 12:00:00.000,2012,6,11,12,VRB02KT,13,11
2012-06-11 13:00:00.000,2012,6,11,13,VRB02KT,13,11
2012-06-11 14:00:00.000,2012,6,11,14,VRB02KT,15,11
2012-06-11 15:00:00.000,2012,6,11,15,16003KT,17,11
2012-06-11 16:00:00.000,2012,6,11,16,16008KT,17,11
2012-06-11 17:00:00.000,2012,6,11,17,18010KT,17,11
2012-06-11 18:00:00.000,2012,6,11,18,18013KT,17,10
2012-06-11 19:00:00.000,2012,6,11,19,16010KT,18,10
2012-06-11 20:00:00.000,2012,6,11,20,14012KT,18,10
2012-06-11 21:00:00.000,2012,6,11,21,14015KT,18,10
2012-06-11 22:00:00.000,2012,6,11,22,15012KT,17,08
2012-06-11 23:00:00.000,2012,6,11,23,16008KT,16,09
2012-06-12 00:00:00.000,2012,6,12,0,13007KT,15,09
2012-06-12 01:00:00.000,2012,6,12,1,13009KT,12,08
2012-06-12 02:00:00.000,2012,6,12,2,12007KT,13,08
2012-06-12 03:00:00.000,2012,6,12,3,13007KT,14,08
2012-06-12 04:00:00.000,2012,6,12,4,36004KT,13,08
2012-06-12 05:00:00.000,2012,6,12,5,VRB02KT,11,09
2012-06-12 06:00:00.000,2012,6,12,6,01003KT,09,08
2012-06-12 07:00:00.000,2012,6,12,7,00000KT,11,10
2012-06-12 08:00:00.000,2012,6,12,8,33003KT,11,10
2012-06-12 09:00:00.000,2012,6,12,9,VRB02KT,11,10
2012-06-12 10:00:00.000,2012,6,12,10,VRB02KT,11,10
2012-06-12 11:00:00.000,2012,6,12,11,VRB02KT,11,10
2012-06-12 12:00:00.000,2012,6,12,12,VRB02KT,12,11
2012-06-12 13:00:00.000,2012,6,12,13,VRB02KT,13,12
2012-06-12 14:00:00.000,2012,6,12,14,VRB02KT,14,11
2012-06-12 15:00:00.000,2012,6,12,15,17012KT,16,10
2012-06-12 16:00:00.000,2012,6,12,16,15011KT,18,08
2012-06-12 17:00:00.000,2012,6,12,17,15011KT,18,08
2012-06-12 18:00:00.000,2012,6,12,18,14014KT,19,09
2012-06-12 19:00:00.000,2012,6,12,19,111010KT,18,08
2012-06-12 20:00:00.000,2012,6,12,20,12010KT,17,08
2012-06-12 21:00:00.000,2012,6,12,21,11012KT,17,09
2012-06-12 22:00:00.000,2012,6,12,22,10008KT,17,08
2012-06-12 23:00:00.000,2012,6,12,23,10009KT,16,09
2012-06-13 00:00:00.000,2012,6,13,0,07006KT,14,09
2012-06-13 01:00:00.000,2012,6,13,1,05007KT,13,09
2012-06-13 02:00:00.000,2012,6,13,2,04008KT,13,09
2012-06-13 03:00:00.000,2012,6,13,3,07004KT,13,09
2012-06-13 04:00:00.000,2012,6,13,4,04004KT,12,09
2012-06-13 05:00:00.000,2012,6,13,5,04005KT,11,10
2012-06-13 06:00:00.000,2012,6,13,6,VRB02KT,11,10
2012-06-13 07:00:00.000,2012,6,13,7,07007KT,11,10
2012-06-13 08:00:00.000,2012,6,13,8,05005KT,11,10
2012-06-13 09:00:00.000,2012,6,13,9,08004KT,11,09
2012-06-13 10:00:00.000,2012,6,13,10,04004KT,09,08
2012-06-13 11:00:00.000,2012,6,13,11,28003KT,09,09
2012-06-13 12:00:00.000,2012,6,13,12,VRB02KT,11,09
2012-06-13 13:00:00.000,2012,6,13,13,04004KT,14,10
2012-06-13 14:00:00.000,2012,6,13,14,05004KT,15,10
2012-06-13 15:00:00.000,2012,6,13,15,00000KT,16,12
2012-06-13 16:00:00.000,2012,6,13,16,00000KT,15,10
2012-06-13 17:00:00.000,2012,6,13,17,26007KT,15,11
2012-06-13 18:00:00.000,2012,6,13,18,21008KT,15,12
2012-06-13 19:00:00.000,2012,6,13,19,24011KT,14,11
2012-06-13 20:00:00.000,2012,6,13,20,30010KT,16,11
2012-06-13 21:00:00.000,2012,6,13,21,27008KT,16,11
2012-06-13 22:00:00.000,2012,6,13,22,31007KT,15,11
2012-06-13 23:00:00.000,2012,6,13,23,30009KT,14,11
2012-06-14 00:00:00.000,2012,6,14,0,33006KT,13,11
2012-06-14 01:00:00.000,2012,6,14,1,VRB02KT,13,11
2012-06-14 02:00:00.000,2012,6,14,2,31004KT,12,11
2012-06-14 03:00:00.000,2012,6,14,3,14004KT,13,11
2012-06-14 04:00:00.000,2012,6,14,4,12004KT,12,11
2012-06-14 05:00:00.000,2012,6,14,5,07004KT,12,10
2012-06-14 06:00:00.000,2012,6,14,6,00000KT,12,10
2012-06-14 07:00:00.000,2012,6,14,7,00000KT,11,10
2012-06-14 08:00:00.000,2012,6,14,8,VRB02KT,11,10
2012-06-14 09:00:00.000,2012,6,14,9,VRB02KT,11,10
2012-06-14 10:00:00.000,2012,6,14,10,VRB02KT,10,10
2012-06-14 11:00:00.000,2012,6,14,11,31004KT,10,10
2012-06-14 12:00:00.000,2012,6,14,12,05005KT,12,11
2012-06-14 13:00:00.000,2012,6,14,13,05004KT,13,11
2012-06-14 14:00:00.000,2012,6,14,14,36003KT,15,10
2012-06-14 15:00:00.000,2012,6,14,15,20003KT,16,09
2012-06-14 16:00:00.000,2012,6,14,16,17011KT,17,08
2012-06-14 17:00:00.000,2012,6,14,17,15010KT,18,09
2012-06-14 18:00:00.000,2012,6,14,18,16010KT,19,09
2012-06-14 19:00:00.000,2012,6,14,19,10003KT,17,10
2012-06-14 20:00:00.000,2012,6,14,20,05007KT,18,10
2012-06-14 21:00:00.000,2012,6,14,21,34005KT,17,11
2012-06-14 22:00:00.000,2012,6,14,22,16004KT,17,08
2012-06-14 23:00:00.000,2012,6,14,23,13006KT,16,09
2012-06-15 00:00:00.000,2012,6,15,0,VRB02KT,15,09
2012-06-15 01:00:00.000,2012,6,15,1,33004KT,13,10
2012-06-15 02:00:00.000,2012,6,15,2,33003KT,13,09
2012-06-15 03:00:00.000,2012,6,15,3,27003KT,13,10
2012-06-15 04:00:00.000,2012,6,15,4,00000KT,12,10
2012-06-15 05:00:00.000,2012,6,15,5,VRB02KT,12,10
2012-06-15 06:00:00.000,2012,6,15,6,VRB02KT,11,10
2012-06-15 07:00:00.000,2012,6,15,7,00000KT,11,10
2012-06-15 08:00:00.000,2012,6,15,8,00000KT,11,10
2012-06-15 09:00:00.000,2012,6,15,9,VRB02KT,11,10
2012-06-15 10:00:00.000,2012,6,15,10,00000KT,11,10
2012-06-15 11:00:00.000,2012,6,15,11,VRB02KT,12,11
2012-06-15 12:00:00.000,2012,6,15,12,06007KT,12,11
2012-06-15 13:00:00.000,2012,6,15,13,02008KT,15,09
2012-06-15 14:00:00.000,2012,6,15,14,16006KT,16,09
2012-06-15 15:00:00.000,2012,6,15,15,12006KT,18,08
2012-06-15 16:00:00.000,2012,6,15,16,17014KT,18,09
2012-06-15 17:00:00.000,2012,6,15,17,12012KT,20,09
2012-06-15 18:00:00.000,2012,6,15,18,18010KT,19,08
2012-06-15 19:00:00.000,2012,6,15,19,13011KT,20,09
2012-06-15 20:00:00.000,2012,6,15,20,10004KT,19,08
2012-06-15 21:00:00.000,2012,6,15,21,16005KT,18,08
2012-06-15 22:00:00.000,2012,6,15,22,10004KT,18,08
2012-06-15 23:00:00.000,2012,6,15,23,13010KT,17,08
2012-06-16 00:00:00.000,2012,6,16,0,14009KT,16,09
2012-06-16 01:00:00.000,2012,6,16,1,35004KT,13,11
2012-06-16 02:00:00.000,2012,6,16,2,13004KT,13,12
2012-06-16 03:00:00.000,2012,6,16,3,03003KT,13,11
2012-06-16 04:00:00.000,2012,6,16,4,01005KT,12,11
2012-06-16 05:00:00.000,2012,6,16,5,17005KT,14,11
2012-06-16 06:00:00.000,2012,6,16,6,VRB02KT,11,09
2012-06-16 07:00:00.000,2012,6,16,7,00000KT,11,10
2012-06-16 08:00:00.000,2012,6,16,8,VRB02KT,12,10
2012-06-16 09:00:00.000,2012,6,16,9,18004KT,12,09
2012-06-16 10:00:00.000,2012,6,16,10,22005KT,11,09
2012-06-16 11:00:00.000,2012,6,16,11,VRB02KT,11,09
2012-06-16 12:00:00.000,2012,6,16,12,00000KT,11,10
2012-06-16 13:00:00.000,2012,6,16,13,VRB02KT,12,10
2012-06-16 14:00:00.000,2012,6,16,14,00000KT,14,10
2012-06-16 15:00:00.000,2012,6,16,15,33003KT,14,10
2012-06-16 16:00:00.000,2012,6,16,16,35005KT,16,10
2012-06-16 17:00:00.000,2012,6,16,17,27012KT,15,11
2012-06-16 18:00:00.000,2012,6,16,18,22008KT,14,12
2012-06-16 19:00:00.000,2012,6,16,19,12009KT,16,09
2012-06-16 20:00:00.000,2012,6,16,20,18005KT,16,07
2012-06-16 21:00:00.000,2012,6,16,21,VRB02KT,16,08
2012-06-16 22:00:00.000,2012,6,16,22,VRB02KT,18,06
2012-06-16 23:00:00.000,2012,6,16,23,01005KT,15,09
2012-06-17 00:00:00.000,2012,6,17,0,34004KT,14,09
2012-06-17 01:00:00.000,2012,6,17,1,04004KT,14,10
2012-06-17 02:00:00.000,2012,6,17,2,32004KT,13,10
2012-06-17 03:00:00.000,2012,6,17,3,33004KT,13,10
2012-06-17 04:00:00.000,2012,6,17,4,02004KT,13,10
2012-06-17 05:00:00.000,2012,6,17,5,VRB02KT,12,10
2012-06-17 06:00:00.000,2012,6,17,6,02006KT,12,09
2012-06-17 07:00:00.000,2012,6,17,7,04004KT,10,08
2012-06-17 08:00:00.000,2012,6,17,8,05004KT,10,08
2012-06-17 09:00:00.000,2012,6,17,9,06006KT,08,07
2012-06-17 10:00:00.000,2012,6,17,10,01003KT,08,08
2012-06-17 11:00:00.000,2012,6,17,11,VRB02KT,07,07
2012-06-17 12:00:00.000,2012,6,17,12,VRB02KT,10,08
2012-06-17 13:00:00.000,2012,6,17,13,03004KT,13,11
2012-06-17 14:00:00.000,2012,6,17,14,04004KT,15,10
2012-06-17 15:00:00.000,2012,6,17,15,14006KT,17,10
2012-06-17 16:00:00.000,2012,6,17,16,16008KT,18,08
2012-06-17 17:00:00.000,2012,6,17,17,14010KT,19,08
2012-06-17 18:00:00.000,2012,6,17,18,12004KT,20,05
2012-06-17 19:00:00.000,2012,6,17,19,31007KT,19,09
2012-06-17 20:00:00.000,2012,6,17,20,21009KT,18,11
2012-06-17 21:00:00.000,2012,6,17,21,26008KT,17,11
2012-06-17 22:00:00.000,2012,6,17,22,26006KT,15,11
2012-06-17 23:00:00.000,2012,6,17,23,VRB02KT,14,11
2012-06-18 00:00:00.000,2012,6,18,0,VRB02KT,13,11
2012-06-18 01:00:00.000,2012,6,18,1,35003KT,12,10
2012-06-18 02:00:00.000,2012,6,18,2,04004KT,12,11
2012-06-18 03:00:00.000,2012,6,18,3,36004KT,13,10
2012-06-18 04:00:00.000,2012,6,18,4,35003KT,12,10
2012-06-18 05:00:00.000,2012,6,18,5,VRB02KT,11,09
2012-06-18 06:00:00.000,2012,6,18,6,VRB02KT,11,10
2012-06-18 07:00:00.000,2012,6,18,7,00000KT,11,10
2012-06-18 08:00:00.000,2012,6,18,8,00000KT,11,10
2012-06-18 09:00:00.000,2012,6,18,9,00000KT,10,09
2012-06-18 10:00:00.000,2012,6,18,10,VRB02KT,09,09
2012-06-18 11:00:00.000,2012,6,18,11,02004KT,09,08
2012-06-18 12:00:00.000,2012,6,18,12,02007KT,11,10
2012-06-18 13:00:00.000,2012,6,18,13,06004KT,15,10
2012-06-18 14:00:00.000,2012,6,18,14,01005KT,16,11
2012-06-18 15:00:00.000,2012,6,18,15,04005KT,18,09
2012-06-18 16:00:00.000,2012,6,18,16,08004KT,21,09
2012-06-18 17:00:00.000,2012,6,18,17,07008KT,21,09
2012-06-18 18:00:00.000,2012,6,18,18,11014KT,21,08
2012-06-18 19:00:00.000,2012,6,18,19,07014KT,22,09
2012-06-18 20:00:00.000,2012,6,18,20,06010KT,20,08
2012-06-18 21:00:00.000,2012,6,18,21,09008KT,19,09
2012-06-18 22:00:00.000,2012,6,18,22,18010KT,17,08
2012-06-18 23:00:00.000,2012,6,18,23,23004KT,16,09
2012-06-19 00:00:00.000,2012,6,19,0,12006KT,15,09
2012-06-19 01:00:00.000,2012,6,19,1,VRB02KT,13,10
2012-06-19 02:00:00.000,2012,6,19,2,01004KT,13,10
2012-06-19 03:00:00.000,2012,6,19,3,02003KT,12,09
2012-06-19 04:00:00.000,2012,6,19,4,35003KT,10,09
2012-06-19 05:00:00.000,2012,6,19,5,35003KT,11,09
2012-06-19 06:00:00.000,2012,6,19,6,08004KT,12,10
2012-06-19 07:00:00.000,2012,6,19,7,02003KT,11,09
2012-06-19 08:00:00.000,2012,6,19,8,03003KT,11,09
2012-06-19 09:00:00.000,2012,6,19,9,00000KT,11,10
2012-06-19 10:00:00.000,2012,6,19,10,35004KT,11,09
2012-06-19 11:00:00.000,2012,6,19,11,VRB02KT,11,09
2012-06-19 12:00:00.000,2012,6,19,12,06004KT,13,10
2012-06-19 13:00:00.000,2012,6,19,13,35005KT,14,11
2012-06-19 14:00:00.000,2012,6,19,14,06004KT,16,11
2012-06-19 15:00:00.000,2012,6,19,15,05007KT,19,10
2012-06-19 16:00:00.000,2012,6,19,16,11012KT,20,09
2012-06-19 17:00:00.000,2012,6,19,17,12012KT,21,09
2012-06-19 18:00:00.000,2012,6,19,18,12012KT,21,09
2012-06-19 19:00:00.000,2012,6,19,19,10010KT,22,09
2012-06-19 20:00:00.000,2012,6,19,20,08012KT,21,09
2012-06-19 21:00:00.000,2012,6,19,21,10010KT,20,09
2012-06-19 22:00:00.000,2012,6,19,22,10008KT,19,09
2012-06-19 23:00:00.000,2012,6,19,23,12008KT,18,09
2012-06-20 00:00:00.000,2012,6,20,0,12007KT,16,09
2012-06-20 01:00:00.000,2012,6,20,1,08003KT,15,11
2012-06-20 02:00:00.000,2012,6,20,2,04008KT,13,09
2012-06-20 03:00:00.000,2012,6,20,3,06008KT,13,10
2012-06-20 04:00:00.000,2012,6,20,4,VRB02KT,12,09
2012-06-20 05:00:00.000,2012,6,20,5,04005KT,11,09
2012-06-20 06:00:00.000,2012,6,20,6,02003KT,11,08
2012-06-20 07:00:00.000,2012,6,20,7,04007KT,11,08
2012-06-20 08:00:00.000,2012,6,20,8,04007KT,11,09
2012-06-20 09:00:00.000,2012,6,20,9,05008KT,10,08
2012-06-20 10:00:00.000,2012,6,20,10,06007KT,10,09
2012-06-20 11:00:00.000,2012,6,20,11,06007KT,10,08
2012-06-20 12:00:00.000,2012,6,20,12,02006KT,12,09
2012-06-20 13:00:00.000,2012,6,20,13,01010KT,14,09
2012-06-20 14:00:00.000,2012,6,20,14,03006KT,16,08
2012-06-20 15:00:00.000,2012,6,20,15,09011KT,19,06
2012-06-20 16:00:00.000,2012,6,20,16,09009KT,20,06
2012-06-20 17:00:00.000,2012,6,20,17,09009KT,20,06
2012-06-20 18:00:00.000,2012,6,20,18,11009KT,20,06
2012-06-20 19:00:00.000,2012,6,20,19,06006KT,20,07
2012-06-20 20:00:00.000,2012,6,20,20,10006KT,19,08
2012-06-20 21:00:00.000,2012,6,20,21,05005KT,20,07
2012-06-20 22:00:00.000,2012,6,20,22,VRB02KT,19,05
2012-06-20 23:00:00.000,2012,6,20,23,27006KT,16,12
2012-06-21 00:00:00.000,2012,6,21,0,33006KT,,
2012-06-21 01:00:00.000,2012,6,21,1,06008KT,15,10
2012-06-21 02:00:00.000,2012,6,21,2,07008KT,14,09
2012-06-21 03:00:00.000,2012,6,21,3,07004KT,12,09
2012-06-21 04:00:00.000,2012,6,21,4,05006KT,12,09
2012-06-21 05:00:00.000,2012,6,21,5,03006KT,11,08
2012-06-21 06:00:00.000,2012,6,21,6,00000KT,11,08
2012-06-21 07:00:00.000,2012,6,21,7,06004KT,11,09
2012-06-21 08:00:00.000,2012,6,21,8,05004KT,11,09
2012-06-21 09:00:00.000,2012,6,21,9,01003KT,11,08
2012-06-21 10:00:00.000,2012,6,21,10,VRB02KT,10,09
2012-06-21 11:00:00.000,2012,6,21,11,VRB02KT,10,08
2012-06-21 12:00:00.000,2012,6,21,12,08006KT,11,09
2012-06-21 13:00:00.000,2012,6,21,13,08010KT,14,09
2012-06-21 14:00:00.000,2012,6,21,14,11008KT,16,08
2012-06-21 15:00:00.000,2012,6,21,15,15012KT,17,07
2012-06-21 16:00:00.000,2012,6,21,16,24005KT,30,25
2012-06-21 17:00:00.000,2012,6,21,17,16010KT,18,07
2012-06-21 18:00:00.000,2012,6,21,18,12015KT,18,05
2012-06-21 19:00:00.000,2012,6,21,19,15017KT,19,06
2012-06-21 20:00:00.000,2012,6,21,20,14015KT,18,06
2012-06-21 21:00:00.000,2012,6,21,21,13018KT,17,05
2012-06-21 22:00:00.000,2012,6,21,22,13012KT,16,05
2012-06-21 23:00:00.000,2012,6,21,23,12007KT,15,06
2012-06-22 00:00:00.000,2012,6,22,0,07004KT,14,07
2012-06-22 01:00:00.000,2012,6,22,1,VRB02KT,12,07
2012-06-22 02:00:00.000,2012,6,22,2,04004KT,10,07
2012-06-22 03:00:00.000,2012,6,22,3,02004KT,10,07
2012-06-22 04:00:00.000,2012,6,22,4,00000KT,08,06
2012-06-22 05:00:00.000,2012,6,22,5,33003KT,08,06
2012-06-22 06:00:00.000,2012,6,22,6,03004KT,07,06
2012-06-22 07:00:00.000,2012,6,22,7,VRBK02T,07,06
2012-06-22 08:00:00.000,2012,6,22,8,03005KT,06,06
2012-06-22 09:00:00.000,2012,6,22,9,03007KT,06,05
2012-06-22 10:00:00.000,2012,6,22,10,04006KT,06,05
2012-06-22 11:00:00.000,2012,6,22,11,05007KT,06,05
2012-06-22 12:00:00.000,2012,6,22,12,05008KT,10,06
2012-06-22 13:00:00.000,2012,6,22,13,06008KT,14,06
2012-06-22 14:00:00.000,2012,6,22,14,13012KT,16,04
2012-06-22 15:00:00.000,2012,6,22,15,15012KT,17,04
2012-06-22 16:00:00.000,2012,6,22,16,15014KT,18,04
2012-06-22 17:00:00.000,2012,6,22,17,15014KT,19,04
2012-06-22 18:00:00.000,2012,6,22,18,14016KT,19,04
2012-06-22 19:00:00.000,2012,6,22,19,16018KT,19,04
2012-06-22 20:00:00.000,2012,6,22,20,13010KT,20,04
2012-06-22 21:00:00.000,2012,6,22,21,16018KT,19,03
2012-06-22 22:00:00.000,2012,6,22,22,16012KT,19,03
2012-06-22 23:00:00.000,2012,6,22,23,15010KT,18,05
2012-06-23 00:00:00.000,2012,6,23,0,15008KT,15,04
2012-06-23 01:00:00.000,2012,6,23,1,13009KT,13,05
2012-06-23 02:00:00.000,2012,6,23,2,11005KT,12,08
2012-06-23 03:00:00.000,2012,6,23,3,02004KT,10,06
2012-06-23 04:00:00.000,2012,6,23,4,35003KT,09,05
2012-06-23 05:00:00.000,2012,6,23,5,02004KT,09,05
2012-06-23 06:00:00.000,2012,6,23,6,01003KT,07,05
2012-06-23 07:00:00.000,2012,6,23,7,06003KT,07,05
2012-06-23 08:00:00.000,2012,6,23,8,31003KT,07,04
2012-06-23 09:00:00.000,2012,6,23,9,05003KT,07,04
2012-06-23 10:00:00.000,2012,6,23,10,04003KT,08,04
2012-06-23 11:00:00.000,2012,6,23,11,04004KT,06,04
2012-06-23 12:00:00.000,2012,6,23,12,32004KT,06,05
2012-06-23 13:00:00.000,2012,6,23,13,VRB02KT,09,07
2012-06-23 14:00:00.000,2012,6,23,14,06003KT,12,07
2012-06-23 15:00:00.000,2012,6,23,15,36004KT,14,10
2012-06-23 16:00:00.000,2012,6,23,16,01003KT,15,07
2012-06-23 17:00:00.000,2012,6,23,17,02004KT,15,08
2012-06-23 18:00:00.000,2012,6,23,18,VRB02KT,14,08
2012-06-23 19:00:00.000,2012,6,23,19,32004KT,15,08
2012-06-23 20:00:00.000,2012,6,23,20,25008KT,16,10
2012-06-23 21:00:00.000,2012,6,23,21,21007KT,15,08
2012-06-23 22:00:00.000,2012,6,23,22,26004KT,15,08
2012-06-23 23:00:00.000,2012,6,23,23,04004KT,14,08
2012-06-24 00:00:00.000,2012,6,24,0,11010KT,14,08
2012-06-24 01:00:00.000,2012,6,24,1,11006KT,13,09
2012-06-24 02:00:00.000,2012,6,24,2,08004KT,13,09
2012-06-24 03:00:00.000,2012,6,24,3,10008KT,12,08
2012-06-24 04:00:00.000,2012,6,24,4,05004KT,11,0
2012-06-24 05:00:00.000,2012,6,24,5,07004KT,11,07
2012-06-24 06:00:00.000,2012,6,24,6,13004KT,09,07
2012-06-24 07:00:00.000,2012,6,24,7,07004KT,09,07
2012-06-24 08:00:00.000,2012,6,24,8,VRB02KT,08,07
2012-06-24 09:00:00.000,2012,6,24,9,VRB02KT,07,06
2012-06-24 10:00:00.000,2012,6,24,10,VRB02KT,07,06
2012-06-24 11:00:00.000,2012,6,24,11,01004KT,06,05
2012-06-24 12:00:00.000,2012,6,24,12,03005KT,11,08
2012-06-24 13:00:00.000,2012,6,24,13,06004KT,13,08
2012-06-24 14:00:00.000,2012,6,24,14,10004KT,14,08
2012-06-24 15:00:00.000,2012,6,24,15,17004KT,15,07
2012-06-24 16:00:00.000,2012,6,24,16,VRB02KT,16,07
2012-06-24 17:00:00.000,2012,6,24,17,18008KT,18,06
2012-06-24 18:00:00.000,2012,6,24,18,15011KT,17,06
2012-06-24 19:00:00.000,2012,6,24,19,17007KT,18,06
2012-06-24 20:00:00.000,2012,6,24,20,17006KT,18,07
2012-06-24 21:00:00.000,2012,6,24,21,13009KT,18,05
2012-06-24 22:00:00.000,2012,6,24,22,30007KT,16,10
2012-06-24 23:00:00.000,2012,6,24,23,19008KT,17,05
2012-06-25 00:00:00.000,2012,6,25,0,34003KT,13,08
2012-06-25 01:00:00.000,2012,6,25,1,36003KT,10,08
2012-06-25 02:00:00.000,2012,6,25,2,36003KT,10,08
2012-06-25 03:00:00.000,2012,6,25,3,05004KT,09,08
2012-06-25 04:00:00.000,2012,6,25,4,04004KT,09,07
2012-06-25 05:00:00.000,2012,6,25,5,VRB02KT,08,07
2012-06-25 06:00:00.000,2012,6,25,6,04005KT,09,08
2012-06-25 07:00:00.000,2012,6,25,7,05007KT,11,08
2012-06-25 08:00:00.000,2012,6,25,8,05006KT,10,08
2012-06-25 09:00:00.000,2012,6,25,9,06005KT,10,09
2012-06-25 10:00:00.000,2012,6,25,10,04004KT,09,08
2012-06-25 11:00:00.000,2012,6,25,11,05004KT,09,08
2012-06-25 12:00:00.000,2012,6,25,12,04004KT,10,09
2012-06-25 13:00:00.000,2012,6,25,13,05007KT,12,09
2012-06-25 14:00:00.000,2012,6,25,14,03008KT,14,08
2012-06-25 15:00:00.000,2012,6,25,15,03010KT,16,09
2012-06-25 16:00:00.000,2012,6,25,16,22008KT,16,08
2012-06-25 17:00:00.000,2012,6,25,17,06008KT,17,07
2012-06-25 18:00:00.000,2012,6,25,18,06012KT,17,07
2012-06-25 19:00:00.000,2012,6,25,19,12010KT,18,08
2012-06-25 20:00:00.000,2012,6,25,20,12008KT,18,08
2012-06-25 21:00:00.000,2012,6,25,21,08007KT,17,07
2012-06-25 22:00:00.000,2012,6,25,22,13007KT,16,08
2012-06-25 23:00:00.000,2012,6,25,23,13008KT,15,08
2012-06-26 00:00:00.000,2012,6,26,0,14005KT,13,09
2012-06-26 01:00:00.000,2012,6,26,1,34003KT,12,09
2012-06-26 02:00:00.000,2012,6,26,2,28004KT,12,10
2012-06-26 03:00:00.000,2012,6,26,3,VRB02KT,11,10
2012-06-26 04:00:00.000,2012,6,26,4,13007KT,11,07
2012-06-26 05:00:00.000,2012,6,26,5,04005KT,13,08
2012-06-26 08:00:00.000,2012,6,26,8,12006KT,11,07
2012-06-26 09:00:00.000,2012,6,26,9,04003KT,10,09
2012-06-26 10:00:00.000,2012,6,26,10,04003KT,10,09
2012-06-26 11:00:00.000,2012,6,26,11,03005KT,09,08
2012-06-26 12:00:00.000,2012,6,26,12,02005KT,11,09
2012-06-26 13:00:00.000,2012,6,26,13,04008KT,13,11
2012-06-26 15:00:00.000,2012,6,26,15,14013KT,15,11
2012-06-26 16:00:00.000,2012,6,26,16,15011KT,16,11
2012-06-26 17:00:00.000,2012,6,26,17,15014KT,17,07
2012-06-26 18:00:00.000,2012,6,26,18,14014KT,17,07
2012-06-26 19:00:00.000,2012,6,26,19,15008KT,18,06
2012-06-26 20:00:00.000,2012,6,26,20,13016KT,17,05
2012-06-26 21:00:00.000,2012,6,26,21,14008KT,17,05
2012-06-26 22:00:00.000,2012,6,26,22,14009KT,17,06
2012-06-26 23:00:00.000,2012,6,26,23,13010KT,15,06
2012-06-27 00:00:00.000,2012,6,27,0,12010KT,14,06
2012-06-27 01:00:00.000,2012,6,27,1,06006KT,13,06
2012-06-27 02:00:00.000,2012,6,27,2,06007KT,12,07
2012-06-27 03:00:00.000,2012,6,27,3,10005KT,11,07
2012-06-27 04:00:00.000,2012,6,27,4,13007KT,11,07
2012-06-27 05:00:00.000,2012,6,27,5,10005KT,11,08
2012-06-27 06:00:00.000,2012,6,27,6,05004KT,11,08
2012-06-27 07:00:00.000,2012,6,27,7,16006KT,11,08
2012-06-27 08:00:00.000,2012,6,27,8,12006KT,11,07
2012-06-27 09:00:00.000,2012,6,27,9,04003KT,10,09
2012-06-27 10:00:00.000,2012,6,27,10,04003KT,10,09
2012-06-27 11:00:00.000,2012,6,27,11,03005KT,09,08
2012-06-27 12:00:00.000,2012,6,27,12,04003KT,10,08
2012-06-27 13:00:00.000,2012,6,27,13,09004KT,14,10
2012-06-27 14:00:00.000,2012,6,27,14,07003KT,17,07
2012-06-27 15:00:00.000,2012,6,27,15,16012KT,16,08
2012-06-27 16:00:00.000,2012,6,27,16,17012KT,16,07
2012-06-27 17:00:00.000,2012,6,27,17,11010KT,16,07
2012-06-27 18:00:00.000,2012,6,27,18,12013KT,16,07
2012-06-27 19:00:00.000,2012,6,27,19,14012KT,16,08
2012-06-27 20:00:00.000,2012,6,27,20,10005KT,17,07
2012-06-27 21:00:00.000,2012,6,27,21,11006KT,17,07
2012-06-27 22:00:00.000,2012,6,27,22,09006KT,16,07
2012-06-27 23:00:00.000,2012,6,27,23,11006KT,15,08
2012-06-28 00:00:00.000,2012,6,28,0,12007KT,15,07
2012-06-28 01:00:00.000,2012,6,28,1,15007KT,14,07
2012-06-28 02:00:00.000,2012,6,28,2,06006KT,14,08
2012-06-28 03:00:00.000,2012,6,28,3,03005KT,13,09
2012-06-28 04:00:00.000,2012,6,28,4,04005KT,12,08
2012-06-28 05:00:00.000,2012,6,28,5,03005KT,12,08
2012-06-28 06:00:00.000,2012,6,28,6,04006KT,12,08
2012-06-28 07:00:00.000,2012,6,28,7,04005KT,11,08
2012-06-28 08:00:00.000,2012,6,28,8,03007KT,12,08
2012-06-28 09:00:00.000,2012,6,28,9,07004KT,12,08
2012-06-28 10:00:00.000,2012,6,28,10,07004KT,11,08
2012-06-28 11:00:00.000,2012,6,28,11,VRB02KT,11,08
2012-06-28 12:00:00.000,2012,6,28,12,04004KT,13,08
2012-06-28 13:00:00.000,2012,6,28,13,03008KT,13,08
2012-06-28 14:00:00.000,2012,6,28,14,06006KT,14,09
2012-06-28 16:00:00.000,2012,6,28,16,12014KT,16,08
2012-06-28 17:00:00.000,2012,6,28,17,12006KT,17,08
2012-06-28 18:00:00.000,2012,6,28,18,11010KT,17,07
2012-06-28 19:00:00.000,2012,6,28,19,17010KT,17,09
2012-06-28 20:00:00.000,2012,6,28,20,13012KT,19,07
2012-06-28 21:00:00.000,2012,6,28,21,15014KT,18,08
2012-06-28 22:00:00.000,2012,6,28,22,12012KT,17,07
2012-06-28 23:00:00.000,2012,6,28,23,12010KT,15,07
2012-06-29 00:00:00.000,2012,6,29,0,11004KT,15,07
2012-06-29 01:00:00.000,2012,6,29,1,02005KT,13,08
2012-06-29 02:00:00.000,2012,6,29,2,00000KT,13,09
2012-06-29 03:00:00.000,2012,6,29,3,VRB02KT,11,07
2012-06-29 04:00:00.000,2012,6,29,4,VRB02KT,11,08
2012-06-29 05:00:00.000,2012,6,29,5,VRB02KT,09,08
2012-06-29 06:00:00.000,2012,6,29,6,34004KT,10,08
2012-06-29 07:00:00.000,2012,6,29,7,02004KT,10,08
2012-06-29 08:00:00.000,2012,6,29,8,27003KT,09,07
2012-06-29 09:00:00.000,2012,6,29,9,04004KT,09,08
2012-06-29 10:00:00.000,2012,6,29,10,02003KT,08,07
2012-06-29 12:00:00.000,2012,6,29,12,07004KT,12,08
2012-06-29 13:00:00.000,2012,6,29,13,03007KT,13,08
2012-06-29 14:00:00.000,2012,6,29,14,11007KT,14,08
2012-06-29 15:00:00.000,2012,6,29,15,09010KT,16,07
2012-06-29 16:00:00.000,2012,6,29,16,15010KT,16,07
2012-06-29 17:00:00.000,2012,6,29,17,09008KT,17,07
2012-06-29 18:00:00.000,2012,6,29,18,08006KT,17,07
2012-06-29 19:00:00.000,2012,6,29,19,17008KT,17,06
2012-06-29 20:00:00.000,2012,6,29,20,17004KT,18,06
2012-06-29 21:00:00.000,2012,6,29,21,06003KT,18,06
2012-06-29 22:00:00.000,2012,6,29,22,14010KT,17,07
2012-06-29 23:00:00.000,2012,6,29,23,10005KT,16,07
2012-06-30 00:00:00.000,2012,6,30,0,31006KT,15,11
2012-06-30 01:00:00.000,2012,6,30,1,19006KT,15,08
2012-06-30 02:00:00.000,2012,6,30,2,VRB02KT,13,11
2012-06-30 03:00:00.000,2012,6,30,3,10005KT,14,08
2012-06-30 04:00:00.000,2012,6,30,4,09003KT,13,08
2012-06-30 05:00:00.000,2012,6,30,5,VRB02KT,13,07
2012-06-30 06:00:00.000,2012,6,30,6,VRB02KT,12,08
2012-06-30 07:00:00.000,2012,6,30,7,VRB02KT,10,09
2012-06-30 08:00:00.000,2012,6,30,8,05003KT,11,20
2012-06-30 09:00:00.000,2012,6,30,9,VRB02KT,10,08
2012-06-30 10:00:00.000,2012,6,30,10,06004KT,11,08
2012-06-30 11:00:00.000,2012,6,30,11,01004KT,10,08
2012-06-30 12:00:00.000,2012,6,30,12,01003KT,12,09
2012-06-30 13:00:00.000,2012,6,30,13,03004KT,13,08
2012-06-30 14:00:00.000,2012,6,30,14,02008KT,14,08
2012-06-30 15:00:00.000,2012,6,30,15,02008KT,14,08
2012-06-30 16:00:00.000,2012,6,30,16,02007KT,16,09
2012-06-30 17:00:00.000,2012,6,30,17,10006KT,16,08
2012-06-30 18:00:00.000,2012,6,30,18,22003KT,17,08
2012-06-30 19:00:00.000,2012,6,30,19,15012KT,17,08
2012-06-30 20:00:00.000,2012,6,30,20,16012KT,16,09
2012-06-30 21:00:00.000,2012,6,30,21,10007KT,17,08
2012-06-30 22:00:00.000,2012,6,30,22,07012KT,16,09
2012-06-30 23:00:00.000,2012,6,30,23,11011KT,15,09
2012-07-01 00:00:00.000,2012,7,1,0,05008KT,13,08
2012-07-01 02:00:00.000,2012,7,1,2,07006KT,11,08
2012-07-01 03:00:00.000,2012,7,1,3,06007KT,11,08
2012-07-01 04:00:00.000,2012,7,1,4,06008KT,11,08
2012-07-01 05:00:00.000,2012,7,1,5,06008KT,11,08
2012-07-01 06:00:00.000,2012,7,1,6,05006KT,10,09
2012-07-01 07:00:00.000,2012,7,1,7,06006KT,10,09
2012-07-01 08:00:00.000,2012,7,1,8,05006KT,10,09
2012-07-01 09:00:00.000,2012,7,1,9,07006KT,10,08
2012-07-01 10:00:00.000,2012,7,1,10,VRB02KT,10,08
2012-07-01 11:00:00.000,2012,7,1,11,03003KT,10,08
2012-07-01 12:00:00.000,2012,7,1,12,05005KT,12,09
2012-07-01 13:00:00.000,2012,7,1,13,04005KT,14,09
2012-07-01 14:00:00.000,2012,7,1,14,12007KT,15,08
2012-07-01 15:00:00.000,2012,7,1,15,14011KT,16,07
2012-07-01 16:00:00.000,2012,7,1,16,15006KT,17,09
2012-07-01 17:00:00.000,2012,7,1,17,16014KT,17,07
2012-07-01 18:00:00.000,2012,7,1,18,09010KT,16,07
2012-07-01 19:00:00.000,2012,7,1,19,14010KT,17,08
2012-07-01 20:00:00.000,2012,7,1,20,15014KT,16,08
2012-07-01 21:00:00.000,2012,7,1,21,12007KT,16,08
2012-07-01 22:00:00.000,2012,7,1,22,08010KT,16,09
2012-07-01 23:00:00.000,2012,7,1,23,10005KT,15,08
2012-07-02 00:00:00.000,2012,7,2,0,08007KT,14,08
2012-07-02 01:00:00.000,2012,7,2,1,05004KT,13,09
2012-07-02 02:00:00.000,2012,7,2,2,04006KT,13,09
2012-07-02 03:00:00.000,2012,7,2,3,03005KT,12,09
2012-07-02 04:00:00.000,2012,7,2,4,02004KT,12,08
2012-07-02 05:00:00.000,2012,7,2,5,01004KT,11,08
2012-07-02 06:00:00.000,2012,7,2,6,VBR02KT,12,08
2012-07-02 07:00:00.000,2012,7,2,7,VRB02KT,11,08
2012-07-02 08:00:00.000,2012,7,2,8,02004KT,10,08
2012-07-02 09:00:00.000,2012,7,2,9,VRB02KT,09,08
2012-07-02 10:00:00.000,2012,7,2,10,33004KT,09,08
2012-07-02 11:00:00.000,2012,7,2,11,VRB02KT,09,08
2012-07-02 12:00:00.000,2012,7,2,12,06006KT,11,09
2012-07-02 13:00:00.000,2012,7,2,13,03006KT,12,09
2012-07-02 14:00:00.000,2012,7,2,14,07007KT,14,09
2012-07-02 15:00:00.000,2012,7,2,15,06010KT,16,09
2012-07-02 16:00:00.000,2012,7,2,16,14016KT,17,09
2012-07-02 17:00:00.000,2012,7,2,17,12010KT,16,09
2012-07-02 18:00:00.000,2012,7,2,18,16012KT,18,08
2012-07-02 19:00:00.000,2012,7,2,19,12012KT,17,08
2012-07-02 20:00:00.000,2012,7,2,20,14015KT,17,09
2012-07-02 21:00:00.000,2012,7,2,21,17010KT,16,09
2012-07-02 22:00:00.000,2012,7,2,22,13012KT,16,08
2012-07-02 23:00:00.000,2012,7,2,23,12010KT,15,08
2012-07-03 00:00:00.000,2012,7,3,0,12006KT,14,07
2012-07-03 01:00:00.000,2012,7,3,1,11005KT,14,08
2012-07-03 02:00:00.000,2012,7,3,2,11005KT,13,08
2012-07-03 03:00:00.000,2012,7,3,3,11003KT,13,08
2012-07-03 04:00:00.000,2012,7,3,4,01003KT,11,08
2012-07-03 05:00:00.000,2012,7,3,5,00000KT,09,07
2012-07-03 06:00:00.000,2012,7,3,6,00000KT,08,07
2012-07-03 07:00:00.000,2012,7,3,7,VRB02KT,07,06
2012-07-03 08:00:00.000,2012,7,3,8,04004KT,08,07
2012-07-03 09:00:00.000,2012,7,3,9,33004KT,07,07
2012-07-03 10:00:00.000,2012,7,3,10,04003KT,07,07
2012-07-03 11:00:00.000,2012,7,3,11,06003KT,07,06
2012-07-03 12:00:00.000,2012,7,3,12,05006KT,10,08
2012-07-03 13:00:00.000,2012,7,3,13,10005KT,13,09
2012-07-03 14:00:00.000,2012,7,3,14,12010KT,15,08
2012-07-03 15:00:00.000,2012,7,3,15,10010KT,15,08
2012-07-03 16:00:00.000,2012,7,3,16,14011KT,15,10
2012-07-03 17:00:00.000,2012,7,3,17,13010KT,17,07
2012-07-03 18:00:00.000,2012,7,3,18,16013KT,18,07
2012-07-03 19:00:00.000,2012,7,3,19,14012KT,18,08
2012-07-03 20:00:00.000,2012,7,3,20,16013KT,18,07
2012-07-03 21:00:00.000,2012,7,3,21,14010KT,18,07
2012-07-03 22:00:00.000,2012,7,3,22,08006KT,17,08
2012-07-03 23:00:00.000,2012,7,3,23,16011KT,16,07
2012-07-04 00:00:00.000,2012,7,4,0,10004KT,13,07
2012-07-04 01:00:00.000,2012,7,4,1,05004KT,14,08
2012-07-04 02:00:00.000,2012,7,4,2,10003KT,14,08
2012-07-04 03:00:00.000,2012,7,4,3,VRB02KT,13,07
2012-07-04 04:00:00.000,2012,7,4,4,00000KT,11,08
2012-07-04 05:00:00.000,2012,7,4,5,14007KT,13,08
2012-07-04 06:00:00.000,2012,7,4,6,13007KT,13,07
2012-07-04 07:00:00.000,2012,7,4,7,29003KT,11,08
2012-07-04 08:00:00.000,2012,7,4,8,VRB02KT,09,08
2012-07-04 09:00:00.000,2012,7,4,9,VRB02KT,09,08
2012-07-04 10:00:00.000,2012,7,4,10,04003KT,08,07
2012-07-04 11:00:00.000,2012,7,4,11,05004KT,09,08
2012-07-04 13:00:00.000,2012,7,4,13,36004KT,12,09
2012-07-04 14:00:00.000,2012,7,4,14,03006KT,13,09
2012-07-04 15:00:00.000,2012,7,4,15,04007KT,15,09
2012-07-04 16:00:00.000,2012,7,4,16,10003KT,17,09
2012-07-04 17:00:00.000,2012,7,4,17,13010KT,18,09
2012-07-04 18:00:00.000,2012,7,4,18,13010KT,19,08
2012-07-04 19:00:00.000,2012,7,4,19,06004KT,18,08
2012-07-04 20:00:00.000,2012,7,4,20,31010KT,17,11
2012-07-04 21:00:00.000,2012,7,4,21,26008KT,15,12
2012-07-04 22:00:00.000,2012,7,4,22,26006KT,14,12
2012-07-04 23:00:00.000,2012,7,4,23,VRB02KT,14,12
2012-07-05 00:00:00.000,2012,7,5,0,22004KT,15,10
2012-07-05 01:00:00.000,2012,7,5,1,04006KT,14,10
2012-07-05 02:00:00.000,2012,7,5,2,31004KT,12,10
2012-07-05 03:00:00.000,2012,7,5,3,04003KT,12,10
2012-07-05 04:00:00.000,2012,7,5,4,04005KT,12,10
2012-07-05 05:00:00.000,2012,7,5,5,01003KT,12,10
2012-07-05 06:00:00.000,2012,7,5,6,03005KT,12,09
2012-07-05 07:00:00.000,2012,7,5,7,03004KT,11,09
2012-07-05 08:00:00.000,2012,7,5,8,00000KT,09,08
2012-07-05 09:00:00.000,2012,7,5,9,02003KT,10,09
2012-07-05 10:00:00.000,2012,7,5,10,28003KT,10,09
2012-07-05 12:00:00.000,2012,7,5,12,05005KT,11,09
2012-07-05 13:00:00.000,2012,7,5,13,04005KT,14,09
2012-07-05 14:00:00.000,2012,7,5,14,05006KT,15,09
2012-07-05 15:00:00.000,2012,7,5,15,VRB02KT,15,09
2012-07-05 16:00:00.000,2012,7,5,16,15009KT,17,09
2012-07-05 17:00:00.000,2012,7,5,17,03009KT,16,11
2012-07-05 18:00:00.000,2012,7,5,18,16012KT,17,10
2012-07-05 19:00:00.000,2012,7,5,19,14012KT,17,11
2012-07-05 20:00:00.000,2012,7,5,20,16012KT,15,11
2012-07-05 21:00:00.000,2012,7,5,21,18010KT,16,11
2012-07-05 22:00:00.000,2012,7,5,22,14006KT,17,11
2012-07-05 23:00:00.000,2012,7,5,23,10006KT,16,08
2012-07-06 00:00:00.000,2012,7,6,0,08006KT,15,09
2012-07-06 01:00:00.000,2012,7,6,1,02004KT,13,10
2012-07-06 02:00:00.000,2012,7,6,2,02003KT,12,09
2012-07-06 03:00:00.000,2012,7,6,3,34005KT,11,08
2012-07-06 04:00:00.000,2012,7,6,4,04003KT,09,07
2012-07-06 05:00:00.000,2012,7,6,5,04006KT,09,08
2012-07-06 06:00:00.000,2012,7,6,6,VRB02KT,09,07
2012-07-06 07:00:00.000,2012,7,6,7,13004KT,08,08
2012-07-06 08:00:00.000,2012,7,6,8,VRB02KT,10,08
2012-07-06 09:00:00.000,2012,7,6,9,34003KT,07,07
2012-07-06 10:00:00.000,2012,7,6,10,00000KT,07,07
2012-07-06 11:00:00.000,2012,7,6,11,VRB02KT,07,07
2012-07-06 12:00:00.000,2012,7,6,12,33005KT,08,08
2012-07-06 13:00:00.000,2012,7,6,13,05006KT,11,09
2012-07-06 14:00:00.000,2012,7,6,14,06004KT,14,09
2012-07-06 15:00:00.000,2012,7,6,15,13012KT,17,07
2012-07-06 17:00:00.000,2012,7,6,17,13003KT,16,07
2012-07-06 18:00:00.000,2012,7,6,18,05010KT,15,09
2012-07-06 19:00:00.000,2012,7,6,19,10009KT,18,08
2012-07-06 20:00:00.000,2012,7,6,20,07007KT,18,08
2012-07-06 21:00:00.000,2012,7,6,21,11008KT,18,07
2012-07-06 22:00:00.000,2012,7,6,22,04008KT,16,08
2012-07-06 23:00:00.000,2012,7,6,23,12012KT,15,07
2012-07-07 00:00:00.000,2012,7,7,0,10004KT,14,07
2012-07-07 01:00:00.000,2012,7,7,1,14004KT,13,08
2012-07-07 02:00:00.000,2012,7,7,2,11004KT,13,09
2012-07-07 03:00:00.000,2012,7,7,3,06003KT,13,09
2012-07-07 04:00:00.000,2012,7,7,4,VRB02KT,12,09
2012-07-07 05:00:00.000,2012,7,7,5,00000KT,11,08
2012-07-07 06:00:00.000,2012,7,7,6,VRB02KT,11,09
2012-07-07 07:00:00.000,2012,7,7,7,00002KT,11,09
2012-07-07 08:00:00.000,2012,7,7,8,00000KT,11,09
2012-07-07 09:00:00.000,2012,7,7,9,00000KT,10,09
2012-07-07 10:00:00.000,2012,7,7,10,VRB02KT,10,09
2012-07-07 11:00:00.000,2012,7,7,11,08003KT,10,09
2012-07-07 12:00:00.000,2012,7,7,12,12007KT,12,08
2012-07-07 13:00:00.000,2012,7,7,13,00000KT,13,08
2012-07-07 14:00:00.000,2012,7,7,14,12005KT,14,08
2012-07-07 15:00:00.000,2012,7,7,15,15005KT,15,08
2012-07-07 16:00:00.000,2012,7,7,16,13012KT,16,08
2012-07-07 17:00:00.000,2012,7,7,17,160012KT,16,08
2012-07-07 18:00:00.000,2012,7,7,18,13011KT,17,08
2012-07-07 19:00:00.000,2012,7,7,19,04013KT,15,09
2012-07-07 20:00:00.000,2012,7,7,20,11010KT,16,08
2012-07-07 21:00:00.000,2012,7,7,21,12012KT,17,08
2012-07-07 22:00:00.000,2012,7,7,22,12010KT,17,07
2012-07-07 23:00:00.000,2012,7,7,23,14010KT,16,06
2012-07-08 00:00:00.000,2012,7,8,0,13008KT,14,07
2012-07-08 01:00:00.000,2012,7,8,1,12010KT,14,07
2012-07-08 02:00:00.000,2012,7,8,2,VRB02KT,13,08
2012-07-08 03:00:00.000,2012,7,8,3,04004KT,12,08
2012-07-08 04:00:00.000,2012,7,8,4,04004KT,12,08
2012-07-08 05:00:00.000,2012,7,8,5,03004KT,11,08
2012-07-08 06:00:00.000,2012,7,8,6,33004KT,11,08
2012-07-08 07:00:00.000,2012,7,8,7,33004KT,11,08
2012-07-08 08:00:00.000,2012,7,8,8,04006KT,10,08
2012-07-08 09:00:00.000,2012,7,8,9,05004KT,11,08
2012-07-08 10:00:00.000,2012,7,8,10,04008KT,11,08
2012-07-08 11:00:00.000,2012,7,8,11,VRB02KT,11,09
2012-07-08 12:00:00.000,2012,7,8,12,020006KT,11,08
2012-07-08 13:00:00.000,2012,7,8,13,16006KT,13,10
2012-07-08 14:00:00.000,2012,7,8,14,13012KT,15,09
2012-07-08 15:00:00.000,2012,7,8,15,14014KT,17,07
2012-07-08 16:00:00.000,2012,7,8,16,16016KT,17,07
2012-07-08 17:00:00.000,2012,7,8,17,14016KT,18,08
2012-07-08 18:00:00.000,2012,7,8,18,16018KT,18,08
2012-07-08 19:00:00.000,2012,7,8,19,14017KT,19,06
2012-07-08 20:00:00.000,2012,7,8,20,16016KT,19,06
2012-07-08 21:00:00.000,2012,7,8,21,15012KT,19,07
2012-07-08 22:00:00.000,2012,7,8,22,16012KT,17,08
2012-07-08 23:00:00.000,2012,7,8,23,17010KT,16,08
2012-07-09 00:00:00.000,2012,7,9,0,07005KT,15,09
2012-07-09 01:00:00.000,2012,7,9,1,12010KT,15,08
2012-07-09 02:00:00.000,2012,7,9,2,VRB02KT,13,09
2012-07-09 03:00:00.000,2012,7,9,3,VRB02KT,12,09
2012-07-09 04:00:00.000,2012,7,9,4,12005KT,13,08
2012-07-09 05:00:00.000,2012,7,9,5,08003KT,13,08
2012-07-09 06:00:00.000,2012,7,9,6,15005KT,12,09
2012-07-09 07:00:00.000,2012,7,9,7,17005KT,12,07
2012-07-09 08:00:00.000,2012,7,9,8,20003KT,12,08
2012-07-09 09:00:00.000,2012,7,9,9,04009KT,09,07
2012-07-09 10:00:00.000,2012,7,9,10,VRB02KT,10,08
2012-07-09 11:00:00.000,2012,7,9,11,30003KT,11,09
2012-07-09 12:00:00.000,2012,7,9,12,34004KT,12,09
2012-07-09 13:00:00.000,2012,7,9,13,26003KT,15,10
2012-07-09 14:00:00.000,2012,7,9,14,15010KT,16,07
2012-07-09 15:00:00.000,2012,7,9,15,14014KT,17,07
2012-07-09 16:00:00.000,2012,7,9,16,14010KT,19,08
2012-07-09 17:00:00.000,2012,7,9,17,14016KT,18,07
2012-07-09 18:00:00.000,2012,7,9,18,13015KT,18,07
2012-07-09 19:00:00.000,2012,7,9,19,12014KT,18,07
2012-07-09 20:00:00.000,2012,7,9,20,14012KT,18,07
2012-07-09 21:00:00.000,2012,7,9,21,12010KT,18,07
2012-07-09 22:00:00.000,2012,7,9,22,10010KT,17,07
2012-07-09 23:00:00.000,2012,7,9,23,10008KT,15,08
2012-07-10 00:00:00.000,2012,7,10,0,06004KT,15,08
2012-07-10 01:00:00.000,2012,7,10,1,12008KT,15,08
2012-07-10 02:00:00.000,2012,7,10,2,03004KT,14,08
2012-07-10 03:00:00.000,2012,7,10,3,VRB02KT,13,08
2012-07-10 04:00:00.000,2012,7,10,4,33004KT,13,09
2012-07-10 05:00:00.000,2012,7,10,5,04003KT,13,09
2012-07-10 06:00:00.000,2012,7,10,6,05005KT,12,09
2012-07-10 07:00:00.000,2012,7,10,7,VRB02KT,12,09
2012-07-10 08:00:00.000,2012,7,10,8,04003KT,12,09
2012-07-10 09:00:00.000,2012,7,10,9,VRB02KT,11,09
2012-07-10 10:00:00.000,2012,7,10,10,02003KT,11,09
2012-07-10 11:00:00.000,2012,7,10,11,VRB02KT,11,09
2012-07-10 12:00:00.000,2012,7,10,12,02004KT,12,10
2012-07-10 13:00:00.000,2012,7,10,13,36003KT,13,10
2012-07-10 14:00:00.000,2012,7,10,14,11010KT,15,08
2012-07-10 15:00:00.000,2012,7,10,15,11011KT,17,08
2012-07-10 16:00:00.000,2012,7,10,16,11010KT,18,09
2012-07-10 17:00:00.000,2012,7,10,17,14016KT,19,08
2012-07-10 18:00:00.000,2012,7,10,18,13018KT,19,08
2012-07-10 19:00:00.000,2012,7,10,19,08006KT,18,08
2012-07-10 20:00:00.000,2012,7,10,20,07010KT,18,08
2012-07-10 21:00:00.000,2012,7,10,21,18012KT,17,10
2012-07-10 22:00:00.000,2012,7,10,22,05006KT,16,09
2012-07-10 23:00:00.000,2012,7,10,23,02006KT,16,09
2012-07-11 00:00:00.000,2012,7,11,0,12008KT,15,10
2012-07-11 01:00:00.000,2012,7,11,1,12010KT,14,10
2012-07-11 02:00:00.000,2012,7,11,2,10006KT,13,10
2012-07-11 03:00:00.000,2012,7,11,3,04003KT,12,10
2012-07-11 04:00:00.000,2012,7,11,4,35004KT,12,10
2012-07-11 05:00:00.000,2012,7,11,5,01004KT,12,10
2012-07-11 06:00:00.000,2012,7,11,6,02004KT,12,10
2012-07-11 07:00:00.000,2012,7,11,7,05004KT,12,09
2012-07-11 08:00:00.000,2012,7,11,8,02007KT,11,09
2012-07-11 09:00:00.000,2012,7,11,9,03003KT,11,10
2012-07-11 10:00:00.000,2012,7,11,10,04005KT,10,09
2012-07-11 11:00:00.000,2012,7,11,11,04005KT,10,09
2012-07-11 12:00:00.000,2012,7,11,12,04003KT,11,09
2012-07-11 13:00:00.000,2012,7,11,13,02006KT,13,09
2012-07-11 14:00:00.000,2012,7,11,14,16010KT,14,09
2012-07-11 15:00:00.000,2012,7,11,15,03008KT,15,09
2012-07-11 16:00:00.000,2012,7,11,16,11003KT,17,09
2012-07-11 17:00:00.000,2012,7,11,17,12006KT,17,09
2012-07-11 18:00:00.000,2012,7,11,18,11007KT,17,08
2012-07-11 19:00:00.000,2012,7,11,19,15007KT,18,08
2012-07-11 20:00:00.000,2012,7,11,20,16010KT,19,08
2012-07-11 21:00:00.000,2012,7,11,21,24010KT,16,11
2012-07-11 22:00:00.000,2012,7,11,22,25008KT,14,11
2012-07-11 23:00:00.000,2012,7,11,23,32006KT,13,11
2012-07-12 00:00:00.000,2012,7,12,0,32006KT,13,11
2012-07-12 01:00:00.000,2012,7,12,1,06004KT,12,11
2012-07-12 02:00:00.000,2012,7,12,2,00000KT,12,10
2012-07-12 03:00:00.000,2012,7,12,3,VRB02KT,11,10
2012-07-12 04:00:00.000,2012,7,12,4,35004KT,12,10
2012-07-12 05:00:00.000,2012,7,12,5,28004KT,11,10
2012-07-12 06:00:00.000,2012,7,12,6,VRB02KT,11,10
2012-07-12 07:00:00.000,2012,7,12,7,00000KT,11,10
2012-07-12 08:00:00.000,2012,7,12,8,VRB02KT,11,10
2012-07-12 09:00:00.000,2012,7,12,9,00000KT,11,11
2012-07-12 10:00:00.000,2012,7,12,10,VRB02KT,11,11
2012-07-12 11:00:00.000,2012,7,12,11,VRB02KT,11,10
2012-07-12 12:00:00.000,2012,7,12,12,VRB02KT,11,11
2012-07-12 13:00:00.000,2012,7,12,13,02003KT,12,11
2012-07-12 14:00:00.000,2012,7,12,14,VRB02KT,14,11
2012-07-12 15:00:00.000,2012,7,12,15,VBR02KT,16,10
2012-07-12 16:00:00.000,2012,7,12,16,29004KT,17,11
2012-07-12 17:00:00.000,2012,7,12,17,28010KT,17,11
2012-07-12 18:00:00.000,2012,7,12,18,33003KT,13,11
2012-07-12 19:00:00.000,2012,7,12,19,26011KT,17,12
2012-07-12 20:00:00.000,2012,7,12,20,28007KT,17,10
2012-07-12 21:00:00.000,2012,7,12,21,10003KT,14,12
2012-07-12 22:00:00.000,2012,7,12,22,00000KT,13,12
2012-07-12 23:00:00.000,2012,7,12,23,24003KT,13,10
2012-07-13 00:00:00.000,2012,7,13,0,35003KT,13,10
2012-07-13 01:00:00.000,2012,7,13,1,05004KT,12,11
2012-07-13 02:00:00.000,2012,7,13,2,03004KT,12,11
2012-07-13 03:00:00.000,2012,7,13,3,06004KT,12,11
2012-07-13 04:00:00.000,2012,7,13,4,03003KT,12,11
2012-07-13 05:00:00.000,2012,7,13,5,04003KT,12,11
2012-07-13 06:00:00.000,2012,7,13,6,33003KT,11,11
2012-07-13 07:00:00.000,2012,7,13,7,VRB02KT,11,10
2012-07-13 08:00:00.000,2012,7,13,8,VRB02KT,10,09
2012-07-13 09:00:00.000,2012,7,13,9,03003KT,10,10
2012-07-13 10:00:00.000,2012,7,13,10,33003KT,10,09
2012-07-13 11:00:00.000,2012,7,13,11,00000KT,10,10
2012-07-13 12:00:00.000,2012,7,13,12,VRB02KT,11,10
2012-07-13 13:00:00.000,2012,7,13,13,01004KT,12,11
2012-07-13 14:00:00.000,2012,7,13,14,27006KT,14,12
2012-07-13 15:00:00.000,2012,7,13,15,24009KT,15,10
2012-07-13 16:00:00.000,2012,7,13,16,24008KT,15,11
2012-07-13 17:00:00.000,2012,7,13,17,23007KT,16,11
2012-07-13 18:00:00.000,2012,7,13,18,25009KT,15,12
2012-07-13 19:00:00.000,2012,7,13,19,24011KT,14,11
2012-07-13 20:00:00.000,2012,7,13,20,VRB02KT,14,11
2012-07-13 21:00:00.000,2012,7,13,21,VRB02KT,13,11
2012-07-13 22:00:00.000,2012,7,13,22,02004KT,15,11
2012-07-13 23:00:00.000,2012,7,13,23,02003KT,14,11
2012-07-14 00:00:00.000,2012,7,14,0,03004KT,13,11
2012-07-14 01:00:00.000,2012,7,14,1,23003KT,13,11
2012-07-14 02:00:00.000,2012,7,14,2,03003KT,13,11
2012-07-14 03:00:00.000,2012,7,14,3,02003KT,13,11
2012-07-14 04:00:00.000,2012,7,14,4,03004KT,12,11
2012-07-14 05:00:00.000,2012,7,14,5,04003KT,12,10
2012-07-14 06:00:00.000,2012,7,14,6,03003KT,12,10
2012-07-14 07:00:00.000,2012,7,14,7,22004KT,12,11
2012-07-14 08:00:00.000,2012,7,14,8,VRB02KT,11,10
2012-07-14 09:00:00.000,2012,7,14,9,05004KT,11,10
2012-07-14 10:00:00.000,2012,7,14,10,060003KT,11,10
2012-07-14 11:00:00.000,2012,7,14,11,070003KT,11,10
2012-07-14 12:00:00.000,2012,7,14,12,17003KT,12,10
2012-07-14 13:00:00.000,2012,7,14,13,03004KT,12,10
2012-07-14 14:00:00.000,2012,7,14,14,07006KT,15,10
2012-07-14 15:00:00.000,2012,7,14,15,04007KT,17,14
2012-07-14 16:00:00.000,2012,7,14,16,10008KT,18,09
2012-07-14 17:00:00.000,2012,7,14,17,12010KT,18,08
2012-07-14 18:00:00.000,2012,7,14,18,12006KT,18,09
2012-07-14 19:00:00.000,2012,7,14,19,10010KT,18,08
2012-07-14 20:00:00.000,2012,7,14,20,29012KT,18,13
2012-07-14 21:00:00.000,2012,7,14,21,26010KT,16,12
2012-07-14 22:00:00.000,2012,7,14,22,26008KT,15,12
2012-07-14 23:00:00.000,2012,7,14,23,26008KT,13,12
2012-07-15 00:00:00.000,2012,7,15,0,VRB02KT,13,12
2012-07-15 01:00:00.000,2012,7,15,1,VRB02KT,12,11
2012-07-15 02:00:00.000,2012,7,15,2,VRB02KT,12,10
2012-07-15 03:00:00.000,2012,7,15,3,03004KT,12,10
2012-07-15 04:00:00.000,2012,7,15,4,02004KT,10,09
2012-07-15 05:00:00.000,2012,7,15,5,09003KT,12,08
2012-07-15 06:00:00.000,2012,7,15,6,VRB02KT,09,08
2012-07-15 07:00:00.000,2012,7,15,7,30004KT,10,09
2012-07-15 08:00:00.000,2012,7,15,8,VRB02KT,10,10
2012-07-15 09:00:00.000,2012,7,15,9,VRB02KT,10,10
2012-07-15 10:00:00.000,2012,7,15,10,VRB02KT,10,10
2012-07-15 11:00:00.000,2012,7,15,11,VRB02KT,11,10
2012-07-15 12:00:00.000,2012,7,15,12,VRB02KT,11,10
2012-07-15 13:00:00.000,2012,7,15,13,18006KT,11,10
2012-07-15 14:00:00.000,2012,7,15,14,16010KT,13,09
2012-07-15 15:00:00.000,2012,7,15,15,17006KT,14,08
2012-07-15 16:00:00.000,2012,7,15,16,16005KT,15,08
2012-07-15 17:00:00.000,2012,7,15,17,07006KT,15,10
2012-07-15 18:00:00.000,2012,7,15,18,13006KT,14,09
2012-07-15 19:00:00.000,2012,7,15,19,07003KT,13,10
2012-07-15 20:00:00.000,2012,7,15,20,07005KT,13,11
2012-07-15 21:00:00.000,2012,7,15,21,19003KT,14,10
2012-07-15 22:00:00.000,2012,7,15,22,15005KT,14,09
2012-07-15 23:00:00.000,2012,7,15,23,20003KT,14,09
2012-07-16 00:00:00.000,2012,7,16,0,35003KT,12,10
2012-07-16 01:00:00.000,2012,7,16,1,03006KT,10,09
2012-07-16 02:00:00.000,2012,7,16,2,06004KT,10,08
2012-07-16 03:00:00.000,2012,7,16,3,05005KT,10,08
2012-07-16 04:00:00.000,2012,7,16,4,04003KT,10,08
2012-07-16 05:00:00.000,2012,7,16,5,03004KT,10,09
2012-07-16 06:00:00.000,2012,7,16,6,05006KT,10,08
2012-07-16 07:00:00.000,2012,7,16,7,06003KT,10,08
2012-07-16 08:00:00.000,2012,7,16,8,04006KT,09,08
2012-07-16 09:00:00.000,2012,7,16,9,04004KT,09,07
2012-07-16 10:00:00.000,2012,7,16,10,07005KT,09,07
2012-07-16 11:00:00.000,2012,7,16,11,VRB02KT,09,07
2012-07-16 12:00:00.000,2012,7,16,12,04004KT,10,08
2012-07-16 13:00:00.000,2012,7,16,13,03005KT,12,08
2012-07-16 14:00:00.000,2012,7,16,14,08006KT,15,08
2012-07-16 15:00:00.000,2012,7,16,15,14012KT,17,09
2012-07-16 16:00:00.000,2012,7,16,16,11010KT,18,09
2012-07-16 17:00:00.000,2012,7,16,17,18004KT,17,09
2012-07-16 18:00:00.000,2012,7,16,18,13006KT,18,08
2012-07-16 19:00:00.000,2012,7,16,19,17013KT,18,08
2012-07-16 20:00:00.000,2012,7,16,20,15016KT,19,08
2012-07-16 21:00:00.000,2012,7,16,21,14010KT,19,08
2012-07-16 22:00:00.000,2012,7,16,22,16006KT,18,07
2012-07-16 23:00:00.000,2012,7,16,23,24006KT,16,11
2012-07-17 00:00:00.000,2012,7,17,0,24003KT,14,11
2012-07-17 01:00:00.000,2012,7,17,1,30003KT,13,10
2012-07-17 02:00:00.000,2012,7,17,2,VRB02KT,10,10
2012-07-17 03:00:00.000,2012,7,17,3,VRB02KT,11,10
2012-07-17 04:00:00.000,2012,7,17,4,10005KT,13,08
2012-07-17 05:00:00.000,2012,7,17,5,10005KT,12,07
2012-07-17 06:00:00.000,2012,7,17,6,09005KT,12,08
2012-07-17 07:00:00.000,2012,7,17,7,VRB02KT,11,07
2012-07-17 08:00:00.000,2012,7,17,8,VRB02KT,09,07
2012-07-17 09:00:00.000,2012,7,17,9,10003KT,10,09
2012-07-17 10:00:00.000,2012,7,17,10,04003KT,09,05
2012-07-17 11:00:00.000,2012,7,17,11,36004KT,09,08
2012-07-17 12:00:00.000,2012,7,17,12,34003KT,12,09
2012-07-17 13:00:00.000,2012,7,17,13,24004KT,16,10
2012-07-17 14:00:00.000,2012,7,17,14,16006KT,14,09
2012-07-17 15:00:00.000,2012,7,17,15,15012KT,16,09
2012-07-17 16:00:00.000,2012,7,17,16,15012KT,17,10
2012-07-17 17:00:00.000,2012,7,17,17,14006KT,18,11
2012-07-17 18:00:00.000,2012,7,17,18,18012KT,18,08
2012-07-17 19:00:00.000,2012,7,17,19,10007KT,18,08
2012-07-17 20:00:00.000,2012,7,17,20,08007KT,19,08
2012-07-17 21:00:00.000,2012,7,17,21,14013KT,18,08
2012-07-17 22:00:00.000,2012,7,17,22,16009KT,17,07
2012-07-17 23:00:00.000,2012,7,17,23,16010KT,16,06
2012-07-18 00:00:00.000,2012,7,18,0,02008KT,14,09
2012-07-18 01:00:00.000,2012,7,18,1,08010KT,14,08
2012-07-18 02:00:00.000,2012,7,18,2,04007KT,13,08
2012-07-18 03:00:00.000,2012,7,18,3,13011KT,13,07
2012-07-18 04:00:00.000,2012,7,18,4,06008KT,13,08
2012-07-18 05:00:00.000,2012,7,18,5,10006KT,12,08
2012-07-18 06:00:00.000,2012,7,18,6,10005KT,12,08
2012-07-18 07:00:00.000,2012,7,18,7,04004KT,11,08
2012-07-18 08:00:00.000,2012,7,18,8,VRB02KT,11,08
2012-07-18 09:00:00.000,2012,7,18,9,VRB02KT,10,08
2012-07-18 10:00:00.000,2012,7,18,10,32003KT,10,08
2012-07-18 11:00:00.000,2012,7,18,11,VRB02KT,10,08
2012-07-18 12:00:00.000,2012,7,18,12,VRB02KT,12,09
2012-07-18 13:00:00.000,2012,7,18,13,28004KT,14,08
2012-07-18 14:00:00.000,2012,7,18,14,08004KT,15,10
2012-07-18 15:00:00.000,2012,7,18,15,12005KT,17,08
2012-07-18 16:00:00.000,2012,7,18,16,16008KT,17,08
2012-07-18 17:00:00.000,2012,7,18,17,14010KT,17,09
2012-07-18 18:00:00.000,2012,7,18,18,17018KT,18,08
2012-07-18 19:00:00.000,2012,7,18,19,13013KT,18,09
2012-07-18 20:00:00.000,2012,7,18,20,16018KT,19,08
2012-07-18 21:00:00.000,2012,7,18,21,15018KT,18,09
2012-07-18 22:00:00.000,2012,7,18,22,16016KT,18,09
2012-07-18 23:00:00.000,2012,7,18,23,15015KT,16,08
2012-07-19 00:00:00.000,2012,7,19,0,16012KT,15,08
2012-07-19 01:00:00.000,2012,7,19,1,13010KT,15,09
2012-07-19 02:00:00.000,2012,7,19,2,10008KT,14,08
2012-07-19 03:00:00.000,2012,7,19,3,11006KT,13,10
2012-07-19 04:00:00.000,2012,7,19,4,13006KT,13,10
2012-07-19 05:00:00.000,2012,7,19,5,03004KT,13,10
2012-07-19 06:00:00.000,2012,7,19,6,05006KT,12,10
2012-07-19 07:00:00.000,2012,7,19,7,03004KT,11,10
2012-07-19 08:00:00.000,2012,7,19,8,02004KT,11,09
2012-07-19 09:00:00.000,2012,7,19,9,VRB02KT,11,09
2012-07-19 10:00:00.000,2012,7,19,10,VRB02KT,10,09
2012-07-19 11:00:00.000,2012,7,19,11,VRB02KT,09,08
2012-07-19 12:00:00.000,2012,7,19,12,02004KT,10,09
2012-07-19 13:00:00.000,2012,7,19,13,11005KT,15,10
2012-07-19 14:00:00.000,2012,7,19,14,11006KT,16,10
2012-07-19 15:00:00.000,2012,7,19,15,13017KT,17,09
2012-07-19 16:00:00.000,2012,7,19,16,13015KT,17,08
2012-07-19 17:00:00.000,2012,7,19,17,14015KT,18,08
2012-07-19 18:00:00.000,2012,7,19,18,10006KT,18,08
2012-07-19 19:00:00.000,2012,7,19,19,15012KT,18,08
2012-07-19 20:00:00.000,2012,7,19,20,13011KT,18,07
2012-07-19 21:00:00.000,2012,7,19,21,17009KT,17,08
2012-07-19 22:00:00.000,2012,7,19,22,18015KT,16,07
2012-07-19 23:00:00.000,2012,7,19,23,17012KT,15,06
2012-07-20 00:00:00.000,2012,7,20,0,15010KT,13,05
2012-07-20 01:00:00.000,2012,7,20,1,17008KT,13,05
2012-07-20 02:00:00.000,2012,7,20,2,07003KT,12,06
2012-07-20 03:00:00.000,2012,7,20,3,03003KT,11,06
2012-07-20 04:00:00.000,2012,7,20,4,VRB02KT,10,05
2012-07-20 05:00:00.000,2012,7,20,5,VRB02KT,10,06
2012-07-20 06:00:00.000,2012,7,20,6,VRB02KT,11,05
2012-07-20 07:00:00.000,2012,7,20,7,VRB02KT,10,06
2012-07-20 08:00:00.000,2012,7,20,8,VRB02KT,10,05
2012-07-20 09:00:00.000,2012,7,20,9,VRB02KT,09,05
2012-07-20 10:00:00.000,2012,7,20,10,VRB02KT,09,05
2012-07-20 11:00:00.000,2012,7,20,11,06005KT,10,06
2012-07-20 12:00:00.000,2012,7,20,12,13010KT,12,05
2012-07-20 13:00:00.000,2012,7,20,13,14014KT,14,05
2012-07-20 14:00:00.000,2012,7,20,14,13014KT,15,05
2012-07-20 15:00:00.000,2012,7,20,15,21012KT,15,06
2012-07-20 16:00:00.000,2012,7,20,16,15010KT,17,07
2012-07-20 17:00:00.000,2012,7,20,17,18010KT,17,08
2012-07-20 18:00:00.000,2012,7,20,18,16014KT,18,08
2012-07-20 19:00:00.000,2012,7,20,19,12010KT,18,08
2012-07-20 20:00:00.000,2012,7,20,20,15010KT,17,06
2012-07-20 21:00:00.000,2012,7,20,21,16012KT,17,06
2012-07-20 22:00:00.000,2012,7,20,22,16012KT,15,06
2012-07-20 23:00:00.000,2012,7,20,23,16010KT,14,07
2012-07-21 00:00:00.000,2012,7,21,0,10004KT,14,07
2012-07-21 01:00:00.000,2012,7,21,1,VRB02KT,13,08
2012-07-21 02:00:00.000,2012,7,21,2,15007KT,14,08
2012-07-21 03:00:00.000,2012,7,21,3,10003KT,13,08
2012-07-21 04:00:00.000,2012,7,21,4,04005KT,12,08
2012-07-21 05:00:00.000,2012,7,21,5,VRB02KT,12,09
2012-07-21 06:00:00.000,2012,7,21,6,00000KT,12,09
2012-07-21 07:00:00.000,2012,7,21,7,VRB02KT,11,09
2012-07-21 08:00:00.000,2012,7,21,8,27003KT,11,09
2012-07-21 09:00:00.000,2012,7,21,9,VRB02KT,11,09
2012-07-21 10:00:00.000,2012,7,21,10,30004KT,11,08
2012-07-21 11:00:00.000,2012,7,21,11,00000KT,10,08
2012-07-21 12:00:00.000,2012,7,21,12,VRB02KT,12,09
2012-07-21 13:00:00.000,2012,7,21,13,07004KT,13,08
2012-07-21 14:00:00.000,2012,7,21,14,16010KT,15,08
2012-07-21 15:00:00.000,2012,7,21,15,17008KT,16,08
2012-07-21 16:00:00.000,2012,7,21,16,13014KT,18,09
2012-07-21 17:00:00.000,2012,7,21,17,14013KT,19,08
2012-07-21 18:00:00.000,2012,7,21,18,14012KT,18,09
2012-07-21 19:00:00.000,2012,7,21,19,13015KT,18,07
2012-07-21 20:00:00.000,2012,7,21,20,14014KT,17,08
2012-07-21 21:00:00.000,2012,7,21,21,08008KT,16,10
2012-07-21 22:00:00.000,2012,7,21,22,14012KT,16,09
2012-07-21 23:00:00.000,2012,7,21,23,11010KT,15,08
2012-07-22 00:00:00.000,2012,7,22,0,10007KT,14,09
2012-07-22 01:00:00.000,2012,7,22,1,16003KT,14,09
2012-07-22 02:00:00.000,2012,7,22,2,07003KT,14,09
2012-07-22 03:00:00.000,2012,7,22,3,07003KT,14,09
2012-07-22 04:00:00.000,2012,7,22,4,VRB02KT,13,06
2012-07-22 05:00:00.000,2012,7,22,5,35003KT,12,10
2012-07-22 06:00:00.000,2012,7,22,6,03004KT,11,10
2012-07-22 07:00:00.000,2012,7,22,7,02004KT,11,10
2012-07-22 08:00:00.000,2012,7,22,8,05004KT,11,10
2012-07-22 09:00:00.000,2012,7,22,9,18004KT,11,10
2012-07-22 10:00:00.000,2012,7,22,10,VRB02KT,11,10
2012-07-22 11:00:00.000,2012,7,22,11,00000KT,09,08
2012-07-22 12:00:00.000,2012,7,22,12,10008KT,12,09
2012-07-22 13:00:00.000,2012,7,22,13,10007KT,14,08
2012-07-22 14:00:00.000,2012,7,22,14,12009KT,16,08
2012-07-22 15:00:00.000,2012,7,22,15,11013KT,17,08
2012-07-22 16:00:00.000,2012,7,22,16,10010KT,18,08
2012-07-22 17:00:00.000,2012,7,22,17,11015KT,19,08
2012-07-22 18:00:00.000,2012,7,22,18,12016KT,19,09
2012-07-22 19:00:00.000,2012,7,22,19,12018KT,19,08
2012-07-22 20:00:00.000,2012,7,22,20,12018KT,18,07
2012-07-22 21:00:00.000,2012,7,22,21,14016KT,18,06
2012-07-22 22:00:00.000,2012,7,22,22,12012KT,16,06
2012-07-22 23:00:00.000,2012,7,22,23,14014KT,15,06
2012-07-23 00:00:00.000,2012,7,23,0,10009KT,14,06
2012-07-23 01:00:00.000,2012,7,23,1,10004KT,13,06
2012-07-23 02:00:00.000,2012,7,23,2,12006KT,13,06
2012-07-23 03:00:00.000,2012,7,23,3,01003KT,12,07
2012-07-23 04:00:00.000,2012,7,23,4,12007KT,13,07
2012-07-23 05:00:00.000,2012,7,23,5,02003KT,12,07
2012-07-23 06:00:00.000,2012,7,23,6,VRB02KT,11,08
2012-07-23 07:00:00.000,2012,7,23,7,02005KT,11,08
2012-07-23 08:00:00.000,2012,7,23,8,04008KT,11,08
2012-07-23 09:00:00.000,2012,7,23,9,36007KT,11,09
2012-07-23 10:00:00.000,2012,7,23,10,01003KT,10,09
2012-07-23 11:00:00.000,2012,7,23,11,27003KT,10,08
2012-07-23 12:00:00.000,2012,7,23,12,32004KT,11,09
2012-07-23 13:00:00.000,2012,7,23,13,10003KT,12,10
2012-07-23 14:00:00.000,2012,7,23,14,04006KT,14,10
2012-07-23 15:00:00.000,2012,7,23,15,14016KT,16,08
2012-07-23 16:00:00.000,2012,7,23,16,13007KT,18,08
2012-07-23 17:00:00.000,2012,7,23,17,09010KT,16,10
2012-07-23 18:00:00.000,2012,7,23,18,12012KT,17,09
2012-07-23 19:00:00.000,2012,7,23,19,13018KT,19,09
2012-07-23 20:00:00.000,2012,7,23,20,14016KT,18,08
2012-07-23 21:00:00.000,2012,7,23,21,14010KT,15,10
2012-07-23 22:00:00.000,2012,7,23,22,18010KT,15,11
2012-07-23 23:00:00.000,2012,7,23,23,18006KT,14,11
2012-07-24 00:00:00.000,2012,7,24,0,18004KT,14,10
2012-07-24 01:00:00.000,2012,7,24,1,32003KT,13,10
2012-07-24 02:00:00.000,2012,7,24,2,33003KT,12,10
2012-07-24 03:00:00.000,2012,7,24,3,06004KT,12,09
2012-07-24 04:00:00.000,2012,7,24,4,33004KT,11,09
2012-07-24 05:00:00.000,2012,7,24,5,05004KT,11,09
2012-07-24 06:00:00.000,2012,7,24,6,05005KT,11,09
2012-07-24 07:00:00.000,2012,7,24,7,05004KT,11,09
2012-07-24 08:00:00.000,2012,7,24,8,14005KT,12,08
2012-07-24 09:00:00.000,2012,7,24,9,VRB02KT,12,08
2012-07-24 10:00:00.000,2012,7,24,10,VRB02KT,11,08
2012-07-24 11:00:00.000,2012,7,24,11,03003KT,10,08
2012-07-24 12:00:00.000,2012,7,24,12,07006KT,13,08
2012-07-24 13:00:00.000,2012,7,24,13,12010KT,15,08
2012-07-24 14:00:00.000,2012,7,24,14,18014KT,14,08
2012-07-24 15:00:00.000,2012,7,24,15,18010KT,14,09
2012-07-24 16:00:00.000,2012,7,24,16,16010KT,15,09
2012-07-24 17:00:00.000,2012,7,24,17,19012KT,16,09
2012-07-24 18:00:00.000,2012,7,24,18,18012KT,16,09
2012-07-24 19:00:00.000,2012,7,24,19,14012KT,18,09
2012-07-24 20:00:00.000,2012,7,24,20,18016KT,16,09
2012-07-24 21:00:00.000,2012,7,24,21,15011KT,16,08
2012-07-24 22:00:00.000,2012,7,24,22,14011KT,16,08
2012-07-24 23:00:00.000,2012,7,24,23,14008KT,15,07
2012-07-25 00:00:00.000,2012,7,25,0,15006KT,14,08
2012-07-25 01:00:00.000,2012,7,25,1,04006KT,13,08
2012-07-25 02:00:00.000,2012,7,25,2,12008KT,12,08
2012-07-25 03:00:00.000,2012,7,25,3,07006KT,13,08
2012-07-25 04:00:00.000,2012,7,25,4,04005KT,12,08
2012-07-25 05:00:00.000,2012,7,25,5,01003KT,11,09
2012-07-25 06:00:00.000,2012,7,25,6,VRB02KT,10,08
2012-07-25 07:00:00.000,2012,7,25,7,VRB02KT,09,08
2012-07-25 08:00:00.000,2012,7,25,8,03004KT,08,07
2012-07-25 09:00:00.000,2012,7,25,9,VRB02KT,07,07
2012-07-25 10:00:00.000,2012,7,25,10,00000KT,07,07
2012-07-25 10:30:00.000,2012,7,25,10,VRB02KT,07,07
2012-07-25 11:00:00.000,2012,7,25,11,VRB02KT,07,06
2012-07-25 12:00:00.000,2012,7,25,12,08003KT,08,08
2012-07-25 13:00:00.000,2012,7,25,13,11003KT,14,08
2012-07-25 14:00:00.000,2012,7,25,14,12011KT,16,05
2012-07-25 15:00:00.000,2012,7,25,15,11009KT,15,05
2012-07-25 16:00:00.000,2012,7,25,16,11008KT,16,05
2012-07-25 17:00:00.000,2012,7,25,17,08009KT,17,05
2012-07-25 18:00:00.000,2012,7,25,18,09010KT,17,06
2012-07-25 19:00:00.000,2012,7,25,19,15012KT,18,05
2012-07-25 20:00:00.000,2012,7,25,20,14010KT,18,05
2012-07-25 21:00:00.000,2012,7,25,21,15008KT,17,05
2012-07-25 22:00:00.000,2012,7,25,22,10008KT,17,06
2012-07-25 23:00:00.000,2012,7,25,23,11010KT,16,06
2012-07-26 00:00:00.000,2012,7,26,0,12010KT,14,06
2012-07-26 01:00:00.000,2012,7,26,1,11010KT,13,06
2012-07-26 02:00:00.000,2012,7,26,2,10007KT,13,07
2012-07-26 03:00:00.000,2012,7,26,3,10006KT,12,06
2012-07-26 04:00:00.000,2012,7,26,4,05004KT,11,07
2012-07-26 05:00:00.000,2012,7,26,5,VRB02KT,10,07
2012-07-26 06:00:00.000,2012,7,26,6,03004KT,10,07
2012-07-26 07:00:00.000,2012,7,26,7,VRB02KT,10,07
2012-07-26 08:00:00.000,2012,7,26,8,VRB02KT,11,08
2012-07-26 09:00:00.000,2012,7,26,9,VRB02KT,10,08
2012-07-26 10:00:00.000,2012,7,26,10,04007KT,11,08
2012-07-26 10:30:00.000,2012,7,26,10,03005KT,11,08
2012-07-26 11:00:00.000,2012,7,26,11,02005KT,10,08
2012-07-26 12:00:00.000,2012,7,26,12,01003KT,11,08
2012-07-26 13:00:00.000,2012,7,26,13,01005KT,12,09
2012-07-26 14:00:00.000,2012,7,26,14,03005KT,12,09
2012-07-26 15:00:00.000,2012,7,26,15,20005KT,15,09
2012-07-26 16:00:00.000,2012,7,26,16,16010KT,16,08
2012-07-26 17:00:00.000,2012,7,26,17,17012KT,15,08
2012-07-26 18:00:00.000,2012,7,26,18,17015KT,16,08
2012-07-26 19:00:00.000,2012,7,26,19,15015KT,16,08
2012-07-26 20:00:00.000,2012,7,26,20,14017KT,16,09
2012-07-26 21:00:00.000,2012,7,26,21,13014KT,16,07
2012-07-26 22:00:00.000,2012,7,26,22,09010KT,16,07
2012-07-26 23:00:00.000,2012,7,26,23,13013KT,15,07
2012-07-27 00:00:00.000,2012,7,27,0,13012KT,14,07
2012-07-27 01:00:00.000,2012,7,27,1,10006KT,13,08
2012-07-27 02:00:00.000,2012,7,27,2,12007KT,13,08
2012-07-27 03:00:00.000,2012,7,27,3,14006KT,12,07
2012-07-27 04:00:00.000,2012,7,27,4,VRB02KT,11,07
2012-07-27 05:00:00.000,2012,7,27,5,VRB02KT,10,07
2012-07-27 06:00:00.000,2012,7,27,6,03004KT,11,08
2012-07-27 07:00:00.000,2012,7,27,7,34003KT,11,09
2012-07-27 08:00:00.000,2012,7,27,8,33004KT,09,08
2012-07-27 09:00:00.000,2012,7,27,9,VRB02KT,10,09
2012-07-27 10:00:00.000,2012,7,27,10,02005KT,10,09
2012-07-27 10:30:00.000,2012,7,27,10,05004KT,11,09
2012-07-27 11:00:00.000,2012,7,27,11,05006KT,11,10
2012-07-27 12:00:00.000,2012,7,27,12,04004KT,11,10
2012-07-27 13:00:00.000,2012,7,27,13,VRB02KT,13,10
2012-07-27 14:00:00.000,2012,7,27,14,18010KT,15,11
2012-07-27 15:00:00.000,2012,7,27,15,18016KT,15,10
2012-07-27 16:00:00.000,2012,7,27,16,15014KT,16,09
2012-07-27 17:00:00.000,2012,7,27,17,14020KT,17,09
2012-07-27 18:00:00.000,2012,7,27,18,11012KT,18,09
2012-07-27 19:00:00.000,2012,7,27,19,07004KT,18,08
2012-07-27 20:00:00.000,2012,7,27,20,12010KT,17,09
2012-07-27 21:00:00.000,2012,7,27,21,14006KT,16,09
2012-07-27 22:00:00.000,2012,7,27,22,11006KT,16,10
2012-07-27 23:00:00.000,2012,7,27,23,12004KT,16,09
2012-07-28 00:00:00.000,2012,7,28,0,06005KT,15,09
2012-07-28 01:00:00.000,2012,7,28,1,09005KT,14,09
2012-07-28 02:00:00.000,2012,7,28,2,04005KT,14,09
2012-07-28 03:00:00.000,2012,7,28,3,36003KT,14,09
2012-07-28 04:00:00.000,2012,7,28,4,05004KT,13,10
2012-07-28 05:00:00.000,2012,7,28,5,VRB02KT,13,07
2012-07-28 06:00:00.000,2012,7,28,6,16003KT,13,09
2012-07-28 07:00:00.000,2012,7,28,7,09007KT,13,09
2012-07-28 08:00:00.000,2012,7,28,8,15009KT,12,09
2012-07-28 09:00:00.000,2012,7,28,9,VRB02KT,12,09
2012-07-28 10:00:00.000,2012,7,28,10,00000KT,11,09
2012-07-28 10:30:00.000,2012,7,28,10,07004KT,11,09
2012-07-28 10:35:00.000,2012,7,28,10,08005KT,11,09
2012-07-28 11:00:00.000,2012,7,28,11,VRB02KT,11,10
2012-07-28 12:00:00.000,2012,7,28,12,VRB02KT,12,10
2012-07-28 13:00:00.000,2012,7,28,13,VRB02KT,13,11
2012-07-28 15:00:00.000,2012,7,28,15,14015KT,15,09
2012-07-28 16:00:00.000,2012,7,28,16,14020KT,18,09
2012-07-28 17:00:00.000,2012,7,28,17,14019G29KT,19,09
2012-07-28 18:00:00.000,2012,7,28,18,14018KT,16,08
2012-07-28 19:00:00.000,2012,7,28,19,17012KT,16,08
2012-07-28 20:00:00.000,2012,7,28,20,18018KT,15,08
2012-07-28 21:00:00.000,2012,7,28,21,15016KT,16,08
2012-07-28 22:00:00.000,2012,7,28,22,14012KT,15,08
2012-07-28 23:00:00.000,2012,7,28,23,14012KT,14,08
2012-07-29 00:00:00.000,2012,7,29,0,12010KT,14,09
2012-07-29 01:00:00.000,2012,7,29,1,10008KT,14,09
2012-07-29 02:00:00.000,2012,7,29,2,10008KT,14,09
2012-07-29 03:00:00.000,2012,7,29,3,04006KT,12,10
2012-07-29 04:00:00.000,2012,7,29,4,36004KT,12,09
2012-07-29 05:00:00.000,2012,7,29,5,03004KT,12,09
2012-07-29 06:00:00.000,2012,7,29,6,05004KT,12,09
2012-07-29 07:00:00.000,2012,7,29,7,04004KT,12,09
2012-07-29 08:00:00.000,2012,7,29,8,06006KT,12,10
2012-07-29 09:00:00.000,2012,7,29,9,05006KT,11,09
2012-07-29 10:00:00.000,2012,7,29,10,04004KT,11,10
2012-07-29 10:30:00.000,2012,7,29,10,04006KT,11,10
2012-07-29 11:00:00.000,2012,7,29,11,03004KT,10,09
2012-07-29 12:00:00.000,2012,7,29,12,04003KT,11,10
2012-07-29 13:00:00.000,2012,7,29,13,06006KT,13,10
2012-07-29 14:00:00.000,2012,7,29,14,05006KT,14,11
2012-07-29 15:00:00.000,2012,7,29,15,12008KT,15,10
2012-07-29 16:00:00.000,2012,7,29,16,16008KT,15,11
2012-07-29 17:00:00.000,2012,7,29,17,18008KT,16,10
2012-07-29 18:00:00.000,2012,7,29,18,16008KT,15,11
2012-07-29 19:00:00.000,2012,7,29,19,12003KT,16,11
2012-07-29 19:06:00.000,2012,7,29,19,00000KT,16,11
2012-07-29 20:00:00.000,2012,7,29,20,04005KT,16,11
2012-07-29 21:00:00.000,2012,7,29,21,15007KT,17,08
2012-07-29 22:00:00.000,2012,7,29,22,10006KT,17,08
2012-07-29 23:00:00.000,2012,7,29,23,13005KT,15,08
2012-07-30 00:00:00.000,2012,7,30,0,VRB02KT,14,09
2012-07-30 01:00:00.000,2012,7,30,1,VRB02KT,14,09
2012-07-30 02:00:00.000,2012,7,30,2,VRB02KT,12,09
2012-07-30 03:00:00.000,2012,7,30,3,VRB02KT,12,09
2012-07-30 04:00:00.000,2012,7,30,4,01004KT,11,09
2012-07-30 05:00:00.000,2012,7,30,5,VRB02KT,11,09
2012-07-30 06:00:00.000,2012,7,30,6,01004KT,10,09
2012-07-30 07:00:00.000,2012,7,30,7,33004KT,10,08
2012-07-30 08:00:00.000,2012,7,30,8,02003KT,11,09
2012-07-30 09:00:00.000,2012,7,30,9,VRB02KT,11,10
2012-07-30 10:00:00.000,2012,7,30,10,02004KT,11,10
2012-07-30 10:30:00.000,2012,7,30,10,VRB02KT,10,10
2012-07-30 11:00:00.000,2012,7,30,11,VRB02KT,10,09
2012-07-30 12:00:00.000,2012,7,30,12,05004KT,11,10
2012-07-30 13:00:00.000,2012,7,30,13,03004KT,11,10
2012-07-30 14:00:00.000,2012,7,30,14,06006KT,12,09
2012-07-30 15:00:00.000,2012,7,30,15,04006KT,14,10
2012-07-30 16:00:00.000,2012,7,30,16,01004KT,15,10
2012-07-30 17:00:00.000,2012,7,30,17,VRB02KT,15,10
2012-07-30 18:00:00.000,2012,7,30,18,22006KT,16,11
2012-07-30 19:00:00.000,2012,7,30,19,15006KT,16,11
2012-07-30 20:00:00.000,2012,7,30,20,16010KT,16,09
2012-07-30 21:00:00.000,2012,7,30,21,23007KT,15,11
2012-07-30 22:00:00.000,2012,7,30,22,25007KT,13,11
2012-07-30 23:00:00.000,2012,7,30,23,31005KT,12,11
2012-07-31 00:00:00.000,2012,7,31,0,28006KT,12,11
2012-07-31 01:00:00.000,2012,7,31,1,VRB02KT,12,11
2012-07-31 02:00:00.000,2012,7,31,2,VRB02KT,11,10
2012-07-31 03:00:00.000,2012,7,31,3,VRB02KT,11,10
2012-07-31 04:00:00.000,2012,7,31,4,VRB02KT,11,10
2012-07-31 05:00:00.000,2012,7,31,5,VRB02KT,10,09
2012-07-31 06:00:00.000,2012,7,31,6,00000TK,11,11
2012-07-31 07:00:00.000,2012,7,31,7,24004KKT,11,11
2012-07-31 08:00:00.000,2012,7,31,8,24004KT,10,10
2012-07-31 09:00:00.000,2012,7,31,9,VRB02KT,10,10
2012-07-31 10:00:00.000,2012,7,31,10,VRB02KIT,10,10
2012-07-31 11:00:00.000,2012,7,31,11,3303KT,10,09
2012-07-31 12:00:00.000,2012,7,31,12,00000KT,11,10
2012-07-31 13:00:00.000,2012,7,31,13,VRB02KT,13,11
2012-07-31 14:00:00.000,2012,7,31,14,VRB02KT,14,10
2012-07-31 15:00:00.000,2012,7,31,15,VRB02KT,16,10
2012-07-31 16:00:00.000,2012,7,31,16,16008KT,18,08
2012-07-31 17:00:00.000,2012,7,31,17,16012KT,18,08
2012-07-31 18:00:00.000,2012,7,31,18,16014KT,18,08
2012-07-31 19:00:00.000,2012,7,31,19,16013KT,20,09
2012-07-31 20:00:00.000,2012,7,31,20,13007KT,18,09
2012-07-31 21:00:00.000,2012,7,31,21,30011KT,16,12
2012-07-31 22:00:00.000,2012,7,31,22,30009KT,15,11
2012-07-31 23:00:00.000,2012,7,31,23,28006KT,14,11
2012-08-01 00:00:00.000,2012,8,1,0,29003KT,13,11
2012-08-01 01:00:00.000,2012,8,1,1,04003KT,13,11
2012-08-01 02:00:00.000,2012,8,1,2,04003KT,13,12
2012-08-01 03:00:00.000,2012,8,1,3,VRB02KT,12,11
2012-08-01 04:00:00.000,2012,8,1,4,36003KT,12,11
2012-08-01 05:00:00.000,2012,8,1,5,04003KT,12,11
2012-08-01 06:00:00.000,2012,8,1,6,VRB02KT,12,10
2012-08-01 07:00:00.000,2012,8,1,7,00000KT,11,10
2012-08-01 08:00:00.000,2012,8,1,8,02003KT,11,10
2012-08-01 09:00:00.000,2012,8,1,9,04003KT,11,10
2012-08-01 10:00:00.000,2012,8,1,10,05004KT,11,10
2012-08-01 10:30:00.000,2012,8,1,10,03003KT,11,10
2012-08-01 11:00:00.000,2012,8,1,11,04003KT,11,10
2012-08-01 12:00:00.000,2012,8,1,12,04004KT,11,11
2012-08-01 13:00:00.000,2012,8,1,13,05005KT,12,11
2012-08-01 14:00:00.000,2012,8,1,14,05007KT,14,09
2012-08-01 15:00:00.000,2012,8,1,15,09004KT,15,09
2012-08-01 16:00:00.000,2012,8,1,16,12008KT,17,09
2012-08-01 17:00:00.000,2012,8,1,17,16016KT,17,08
2012-08-01 18:00:00.000,2012,8,1,18,16014KT,18,09
2012-08-01 19:00:00.000,2012,8,1,19,13013KT,18,09
2012-08-01 20:00:00.000,2012,8,1,20,12012KT,18,08
2012-08-01 21:00:00.000,2012,8,1,21,06003KT,17,07
2012-08-01 21:45:00.000,2012,8,1,21,00000KT,17,08
2012-08-01 22:00:00.000,2012,8,1,22,00000KT,16,08
2012-08-01 23:00:00.000,2012,8,1,23,233007KT,15,10
2012-08-02 00:00:00.000,2012,8,2,0,27010KT,14,10
2012-08-02 01:00:00.000,2012,8,2,1,21006KT,13,11
2012-08-02 02:00:00.000,2012,8,2,2,18008KT,13,08
2012-08-02 03:00:00.000,2012,8,2,3,00000KT,12,09
2012-08-02 04:00:00.000,2012,8,2,4,03004KT,11,09
2012-08-02 05:00:00.000,2012,8,2,5,04004KT,10,08
2012-08-02 06:00:00.000,2012,8,2,6,34004KT,09,08
2012-08-02 07:00:00.000,2012,8,2,7,18006KT,11,09
2012-08-02 08:00:00.000,2012,8,2,8,07004KT,10,08
2012-08-02 09:00:00.000,2012,8,2,9,09004KT,09,08
2012-08-02 10:00:00.000,2012,8,2,10,VRB02KT,07,06
2012-08-02 10:30:00.000,2012,8,2,10,33004KT,08,07
2012-08-02 11:00:00.000,2012,8,2,11,32004KT,07,07
2012-08-02 12:00:00.000,2012,8,2,12,04006KT,11,08
2012-08-02 13:00:00.000,2012,8,2,13,04003KT,14,08
2012-08-02 14:00:00.000,2012,8,2,14,34003KT,16,09
2012-08-02 15:00:00.000,2012,8,2,15,04006KT,17,08
2012-08-02 16:00:00.000,2012,8,2,16,03007KT,19,10
2012-08-02 17:00:00.000,2012,8,2,17,06009KT,19,09
2012-08-02 18:00:00.000,2012,8,2,18,18005KT,18,08
2012-08-02 19:00:00.000,2012,8,2,19,28008KT,17,09
2012-08-02 20:00:00.000,2012,8,2,20,23010KT,16,09
2012-08-02 21:00:00.000,2012,8,2,21,25009KT,16,10
2012-08-02 22:00:00.000,2012,8,2,22,26008KT,15,10
2012-08-02 23:00:00.000,2012,8,2,23,VRB02KT,13,11
2012-08-03 00:00:00.000,2012,8,3,0,24003KT,13,11
2012-08-03 01:00:00.000,2012,8,3,1,VRB02KT,12,10
2012-08-03 02:00:00.000,2012,8,3,2,VRB02KT,12,10
2012-08-03 03:00:00.000,2012,8,3,3,34003KT,11,10
2012-08-03 04:00:00.000,2012,8,3,4,33003KT,10,09
2012-08-03 05:00:00.000,2012,8,3,5,VRB02KT,09,08
2012-08-03 06:00:00.000,2012,8,3,6,VRB02KT,09,08
2012-08-03 07:00:00.000,2012,8,3,7,31004KT,07,07
2012-08-03 08:00:00.000,2012,8,3,8,27003KT,07,06
2012-08-03 09:00:00.000,2012,8,3,9,VRB02KT,08,08
2012-08-03 10:00:00.000,2012,8,3,10,31003KT,08,08
2012-08-03 10:30:00.000,2012,8,3,10,VRB02KT,08,08
2012-08-03 11:00:00.000,2012,8,3,11,35003KT,07,07
2012-08-03 12:00:00.000,2012,8,3,12,00000KT,09,08
2012-08-03 13:00:00.000,2012,8,3,13,33005KT,11,10
2012-08-03 14:00:00.000,2012,8,3,14,VRB02KT,13,09
2012-08-03 15:00:00.000,2012,8,3,15,VRB02KT,16,09
2012-08-03 16:00:00.000,2012,8,3,16,26006KT,17,09
2012-08-03 17:00:00.000,2012,8,3,17,25006KT,17,10
2012-08-03 18:00:00.000,2012,8,3,18,27010KT,14,10
2012-08-03 19:00:00.000,2012,8,3,19,27012KT,16,10
2012-08-03 19:15:00.000,2012,8,3,19,28012KT,15,10
2012-08-03 20:00:00.000,2012,8,3,20,25006KT,14,11
2012-08-03 21:00:00.000,2012,8,3,21,22006KT,14,12
2012-08-03 22:00:00.000,2012,8,3,22,22004KT,15,10
2012-08-03 23:00:00.000,2012,8,3,23,24006KT,15,10
2012-08-04 00:00:00.000,2012,8,4,0,VRB02KT,14,09
2012-08-04 01:00:00.000,2012,8,4,1,VRB02KT,13,10
2012-08-04 02:00:00.000,2012,8,4,2,VRB02KT,12,10
2012-08-04 03:00:00.000,2012,8,4,3,02004KT,12,11
2012-08-04 04:00:00.000,2012,8,4,4,05004KT,12,10
2012-08-04 05:00:00.000,2012,8,4,5,23004KT,12,10
2012-08-04 06:00:00.000,2012,8,4,6,32003KT,12,11
2012-08-04 07:00:00.000,2012,8,4,7,26005KT,11,11
2012-08-04 08:00:00.000,2012,8,4,8,VRB02KT,11,11
2012-08-04 09:00:00.000,2012,8,4,9,26004KT,11,11
2012-08-04 10:00:00.000,2012,8,4,10,00000KT,11,11
2012-08-04 10:30:00.000,2012,8,4,10,00000KT,11,11
2012-08-04 11:00:00.000,2012,8,4,11,00000KT,11,11
2012-08-04 12:00:00.000,2012,8,4,12,VRB02KT,12,11
2012-08-04 13:00:00.000,2012,8,4,13,VRB02KT,13,12
2012-08-04 14:00:00.000,2012,8,4,14,VRB02KT,14,12
2012-08-04 15:00:00.000,2012,8,4,15,11003KT,17,11
2012-08-04 16:00:00.000,2012,8,4,16,22007KT,18,11
2012-08-04 17:00:00.000,2012,8,4,17,25010KT,17,11
2012-08-04 18:00:00.000,2012,8,4,18,24014KT,18,10
2012-08-04 19:00:00.000,2012,8,4,19,24012KT,18,10
2012-08-04 20:00:00.000,2012,8,4,20,27010KT,18,10
2012-08-04 21:00:00.000,2012,8,4,21,24013KT,18,12
2012-08-04 21:30:00.000,2012,8,4,21,28007KT,15,11
2012-08-04 22:00:00.000,2012,8,4,22,34006KT,15,12
2012-08-04 23:00:00.000,2012,8,4,23,33005KT,15,13
2012-08-05 00:00:00.000,2012,8,5,0,23006KT,15,12
2012-08-05 00:40:00.000,2012,8,5,0,05004KT,14,12
2012-08-05 01:00:00.000,2012,8,5,1,VRB02KT,14,12
2012-08-05 02:00:00.000,2012,8,5,2,VRB02KT,14,10
2012-08-05 03:00:00.000,2012,8,5,3,VRB02KT,14,12
2012-08-05 04:00:00.000,2012,8,5,4,VRB02KT,13,10
2012-08-05 05:00:00.000,2012,8,5,5,06004KT,12,10
2012-08-05 06:00:00.000,2012,8,5,6,VRB02KT,12,10
2012-08-05 07:00:00.000,2012,8,5,7,VRB02KT,11,10
2012-08-05 08:00:00.000,2012,8,5,8,02004KT,11,10
2012-08-05 09:00:00.000,2012,8,5,9,VRB02KT,12,10
2012-08-05 10:00:00.000,2012,8,5,10,VRB02KT,11,10
2012-08-05 11:00:00.000,2012,8,5,11,VRB02KT,11,10
2012-08-05 12:00:00.000,2012,8,5,12,03004KT,12,10
2012-08-05 13:00:00.000,2012,8,5,13,00000KT,13,11
2012-08-05 14:00:00.000,2012,8,5,14,06014KT,15,08
2012-08-05 15:00:00.000,2012,8,5,15,13010KT,16,09
2012-08-05 16:00:00.000,2012,8,5,16,17014KT,15,10
2012-08-05 17:00:00.000,2012,8,5,17,14016KT,16,08
2012-08-05 18:00:00.000,2012,8,5,18,14014KT,18,09
2012-08-05 18:15:00.000,2012,8,5,18,14014KT,18,09
2012-08-05 19:00:00.000,2012,8,5,19,15017KT,18,10
2012-08-05 20:00:00.000,2012,8,5,20,13016KT,17,09
2012-08-05 21:00:00.000,2012,8,5,21,12012KT,17,08
2012-08-05 22:00:00.000,2012,8,5,22,14010KT,16,09
2012-08-05 23:00:00.000,2012,8,5,23,15010KT,15,09
2012-08-06 00:00:00.000,2012,8,6,0,18012KT,14,08
2012-08-06 01:00:00.000,2012,8,6,1,23008KT,13,11
2012-08-06 02:00:00.000,2012,8,6,2,26007KT,13,11
2012-08-06 03:00:00.000,2012,8,6,3,25006KT,12,10
2012-08-06 04:00:00.000,2012,8,6,4,28004KT,12,10
2012-08-06 05:00:00.000,2012,8,6,5,21005KT,12,10
2012-08-06 06:00:00.000,2012,8,6,6,17008KT,12,09
2012-08-06 07:00:00.000,2012,8,6,7,20004KT,12,09
2012-08-06 08:00:00.000,2012,8,6,8,VRB02KT,12,09
2012-08-06 09:00:00.000,2012,8,6,9,VRB02KT,11,08
2012-08-06 10:00:00.000,2012,8,6,10,VRB02KT,11,07
2012-08-06 10:30:00.000,2012,8,6,10,VRB02KT,11,08
2012-08-06 11:00:00.000,2012,8,6,11,VRB02KT,11,08
2012-08-06 11:17:00.000,2012,8,6,11,VRB02KT,11,08
2012-08-06 12:00:00.000,2012,8,6,12,31003KT,11,08
2012-08-06 12:20:00.000,2012,8,6,12,31003KT,11,08
2012-08-06 13:00:00.000,2012,8,6,13,23004KT,13,06
2012-08-06 14:00:00.000,2012,8,6,14,22005KT,13,05
2012-08-06 15:00:00.000,2012,8,6,15,24006KT,15,06
2012-08-06 16:00:00.000,2012,8,6,16,34003KT,17,07
2012-08-06 17:00:00.000,2012,8,6,17,07004KT,18,08
2012-08-06 18:00:00.000,2012,8,6,18,24008KT,17,10
2012-08-06 19:00:00.000,2012,8,6,19,27010KT,18,09
2012-08-06 20:00:00.000,2012,8,6,20,31004KT,16,09
2012-08-06 21:00:00.000,2012,8,6,21,27006KT,17,09
2012-08-06 22:00:00.000,2012,8,6,22,27006KT,17,10
2012-08-06 23:00:00.000,2012,8,6,23,22006KT,15,09
2012-08-07 00:00:00.000,2012,8,7,0,30003KT,15,10
2012-08-07 01:00:00.000,2012,8,7,1,27004KT,14,10
2012-08-07 02:00:00.000,2012,8,7,2,30008KT,13,09
2012-08-07 03:00:00.000,2012,8,7,3,29006KT,12,09
2012-08-07 04:00:00.000,2012,8,7,4,33005KT,12,09
2012-08-07 05:00:00.000,2012,8,7,5,VRB02KT,12,10
2012-08-07 06:00:00.000,2012,8,7,6,VRB02KT,12,10
2012-08-07 07:00:00.000,2012,8,7,7,VRB02KT,12,09
2012-08-07 08:00:00.000,2012,8,7,8,28004KT,12,10
2012-08-07 09:00:00.000,2012,8,7,9,34003KT,10,09
2012-08-07 10:00:00.000,2012,8,7,10,36004KT,10,09
2012-08-07 10:31:00.000,2012,8,7,10,VRB02KT,11,09
2012-08-07 11:00:00.000,2012,8,7,11,33003KT,11,09
2012-08-07 12:00:00.000,2012,8,7,12,33003KT,12,10
2012-08-07 13:00:00.000,2012,8,7,13,VRB02KT,14,09
2012-08-07 14:00:00.000,2012,8,7,14,VRB02KT,16,09
2012-08-07 15:00:00.000,2012,8,7,15,VRB02KT,18,09
2012-08-07 16:00:00.000,2012,8,7,16,36004KT,18,09
2012-08-07 17:00:00.000,2012,8,7,17,22007KT,18,10
2012-08-07 18:00:00.000,2012,8,7,18,30008KT,16,11
2012-08-07 19:00:00.000,2012,8,7,19,30010KT,16,11
2012-08-07 20:00:00.000,2012,8,7,20,31006KT,15,12
2012-08-07 21:00:00.000,2012,8,7,21,26007KT,17,12
2012-08-07 22:00:00.000,2012,8,7,22,25009KT,17,12
2012-08-07 23:00:00.000,2012,8,7,23,23008KT,14,11
2012-08-08 00:00:00.000,2012,8,8,0,VRB02KT,14,11
2012-08-08 01:00:00.000,2012,8,8,1,VRB02KT,14,12
2012-08-08 02:00:00.000,2012,8,8,2,20003KT,14,11
2012-08-08 03:00:00.000,2012,8,8,3,VRB02KT,13,10
2012-08-08 04:00:00.000,2012,8,8,4,VCRB02KT,13,11
2012-08-08 05:00:00.000,2012,8,8,5,VRB02KT,13,10
2012-08-08 06:00:00.000,2012,8,8,6,VRB02KT,13,11
2012-08-08 07:00:00.000,2012,8,8,7,VRB02KT,13,11
2012-08-08 08:00:00.000,2012,8,8,8,VRB02KT,12,10
2012-08-08 09:00:00.000,2012,8,8,9,23003KT,12,11
2012-08-08 10:00:00.000,2012,8,8,10,VRB02KT,12,11
2012-08-08 10:30:00.000,2012,8,8,10,00000KT,12,11
2012-08-08 11:00:00.000,2012,8,8,11,VRB02KT,12,11
2012-08-08 12:00:00.000,2012,8,8,12,03003KT,13,11
2012-08-08 13:00:00.000,2012,8,8,13,14005KT,15,09
2012-08-08 14:00:00.000,2012,8,8,14,12009KT,17,09
2012-08-08 15:00:00.000,2012,8,8,15,16008KT,18,09
2012-08-08 16:00:00.000,2012,8,8,16,14012KT,18,09
2012-08-08 17:00:00.000,2012,8,8,17,15012KT,19,08
2012-08-08 18:00:00.000,2012,8,8,18,14013KT,20,08
2012-08-08 19:00:00.000,2012,8,8,19,14014KT,20,07
2012-08-08 20:00:00.000,2012,8,8,20,15014KT,20,07
2012-08-08 21:00:00.000,2012,8,8,21,16016KT,18,07
2012-08-08 22:00:00.000,2012,8,8,22,15018KT,18,08
2012-08-08 23:00:00.000,2012,8,8,23,13014KT,16,08
2012-08-09 00:00:00.000,2012,8,9,0,15010KT,15,08
2012-08-09 01:00:00.000,2012,8,9,1,19006KT,14,10
2012-08-09 02:00:00.000,2012,8,9,2,01004KT,14,09
2012-08-09 03:00:00.000,2012,8,9,3,03004KT,13,09
2012-08-09 04:00:00.000,2012,8,9,4,18010KT,13,10
2012-08-09 05:00:00.000,2012,8,9,5,22004KT,12,11
2012-08-09 06:00:00.000,2012,8,9,6,VRB02KT,12,10
2012-08-09 07:00:00.000,2012,8,9,7,00000KT,12,10
2012-08-09 08:00:00.000,2012,8,9,8,VRB02KT,11,10
2012-08-09 09:00:00.000,2012,8,9,9,VRB02KT,11,10
2012-08-09 10:00:00.000,2012,8,9,10,03004KT,10,10
2012-08-09 10:30:00.000,2012,8,9,10,VRB02KT,10,10
2012-08-09 11:00:00.000,2012,8,9,11,VRB02KT,11,10
2012-08-09 12:00:00.000,2012,8,9,12,VRB02KT,12,08
2012-08-09 13:00:00.000,2012,8,9,13,15008KT,14,06
2012-08-09 14:00:00.000,2012,8,9,14,15012KT,15,06
2012-08-09 15:00:00.000,2012,8,9,15,15014KT,16,08
2012-08-09 16:00:00.000,2012,8,9,16,13014KT,16,07
2012-08-09 17:00:00.000,2012,8,9,17,14015KT,16,08
2012-08-09 18:00:00.000,2012,8,9,18,14016KT,16,09
2012-08-09 19:00:00.000,2012,8,9,19,14014KT,16,10
2012-08-09 20:00:00.000,2012,8,9,20,15018KT,15,08
2012-08-09 21:00:00.000,2012,8,9,21,14012KT,15,09
2012-08-09 22:00:00.000,2012,8,9,22,16008KT,14,10
2012-08-09 23:00:00.000,2012,8,9,23,14008KT,13,10
2012-08-09 23:33:00.000,2012,8,9,23,17008KT,13,11
2012-08-10 00:00:00.000,2012,8,10,0,14006KT,12,11
2012-08-10 01:00:00.000,2012,8,10,1,11007KT,12,10
2012-08-10 02:00:00.000,2012,8,10,2,VRB02KT,13,10
2012-08-10 03:00:00.000,2012,8,10,3,14007KT,13,10
2012-08-10 04:00:00.000,2012,8,10,4,14010KT,13,09
2012-08-10 05:00:00.000,2012,8,10,5,13004KT,13,09
2012-08-10 06:00:00.000,2012,8,10,6,16004KT,13,09
2012-08-10 07:00:00.000,2012,8,10,7,VRB02KT,11,10
2012-08-10 08:00:00.000,2012,8,10,8,VRB02KT,11,10
2012-08-10 09:00:00.000,2012,8,10,9,VRB02KT,12,09
2012-08-10 10:00:00.000,2012,8,10,10,VRB02KT,12,08
2012-08-10 11:00:00.000,2012,8,10,11,00000KT,12,08
2012-08-10 12:00:00.000,2012,8,10,12,00000KT,12,09
2012-08-10 13:00:00.000,2012,8,10,13,13006KT,14,08
2012-08-10 14:00:00.000,2012,8,10,14,13010KT,15,08
2012-08-10 15:00:00.000,2012,8,10,15,14008KT,16,08
2012-08-10 16:00:00.000,2012,8,10,16,13015KT,16,08
2012-08-10 17:00:00.000,2012,8,10,17,12010KT,16,09
2012-08-10 18:00:00.000,2012,8,10,18,17012KT,17,08
2012-08-10 19:00:00.000,2012,8,10,19,13011KT,17,08
2012-08-10 20:00:00.000,2012,8,10,20,12010KT,17,08
2012-08-10 21:00:00.000,2012,8,10,21,10007KT,15,10
2012-08-10 22:00:00.000,2012,8,10,22,03008KT,14,10
2012-08-10 23:00:00.000,2012,8,10,23,03003KT,14,11
2012-08-11 00:00:00.000,2012,8,11,0,05004KT,13,11
2012-08-11 01:00:00.000,2012,8,11,1,VRB02KT,12,10
2012-08-11 02:00:00.000,2012,8,11,2,07003KT,12,10
2012-08-11 03:00:00.000,2012,8,11,3,04006KT,12,10
2012-08-11 04:00:00.000,2012,8,11,4,04005KT,12,10
2012-08-11 05:00:00.000,2012,8,11,5,020006KT,12,10
2012-08-11 06:00:00.000,2012,8,11,6,VRB02KT,12,10
2012-08-11 07:00:00.000,2012,8,11,7,07004KT,12,10
2012-08-11 08:00:00.000,2012,8,11,8,03004KT,11,10
2012-08-11 09:00:00.000,2012,8,11,9,04006KT,11,10
2012-08-11 10:00:00.000,2012,8,11,10,05006KT,11,10
2012-08-11 11:00:00.000,2012,8,11,11,06006KT,11,10
2012-08-11 12:00:00.000,2012,8,11,12,05006KT,12,09
2012-08-11 13:00:00.000,2012,8,11,13,05008KT,15,10
2012-08-11 14:00:00.000,2012,8,11,14,09007KT,16,09
2012-08-11 15:00:00.000,2012,8,11,15,16008KT,17,08
2012-08-11 16:00:00.000,2012,8,11,16,13012KT,18,08
2012-08-11 17:00:00.000,2012,8,11,17,16014KT,18,09
2012-08-11 18:00:00.000,2012,8,11,18,18010KT,19,07
2012-08-11 19:00:00.000,2012,8,11,19,32010KT,15,11
2012-08-11 20:00:00.000,2012,8,11,20,27010KT,15,11
2012-08-11 20:12:00.000,2012,8,11,20,27010KT,15,11
2012-08-11 21:00:00.000,2012,8,11,21,26008KT,15,12
2012-08-11 22:00:00.000,2012,8,11,22,26008KT,15,11
2012-08-11 23:00:00.000,2012,8,11,23,32010KT,14,10
2012-08-12 00:00:00.000,2012,8,12,0,VRB02KT,13,11
2012-08-12 01:00:00.000,2012,8,12,1,04004KT,11,10
2012-08-12 02:00:00.000,2012,8,12,2,VRB02KT,11,10
2012-08-12 03:00:00.000,2012,8,12,3,VRB02KT,11,10
2012-08-12 04:00:00.000,2012,8,12,4,04004KT,12,10
2012-08-12 05:00:00.000,2012,8,12,5,06003KT,12,11
2012-08-12 06:00:00.000,2012,8,12,6,04003KT,12,11
2012-08-12 07:00:00.000,2012,8,12,7,00000KT,12,10
2012-08-12 08:00:00.000,2012,8,12,8,VRB02KT,11,10
2012-08-12 09:00:00.000,2012,8,12,9,VRB02KT,10,09
2012-08-12 10:00:00.000,2012,8,12,10,02003KT,09,09
2012-08-12 10:30:00.000,2012,8,12,10,00000KT,09,09
2012-08-12 11:00:00.000,2012,8,12,11,00000KT,09,09
2012-08-12 12:00:00.000,2012,8,12,12,VRB02KT,10,10
2012-08-12 13:00:00.000,2012,8,12,13,03006KT,14,11
2012-08-12 14:00:00.000,2012,8,12,14,32004KT,16,11
2012-08-12 15:00:00.000,2012,8,12,15,VRB02KT,18,10
2012-08-12 16:00:00.000,2012,8,12,16,32006KT,18,11
2012-08-12 17:00:00.000,2012,8,12,17,20012KT,17,12
2012-08-12 18:00:00.000,2012,8,12,18,04008KT,17,11
2012-08-12 18:40:00.000,2012,8,12,18,05004KT,16,10
2012-08-12 19:00:00.000,2012,8,12,19,05003KT,16,11
2012-08-12 20:00:00.000,2012,8,12,20,23010KT,18,11
2012-08-12 21:00:00.000,2012,8,12,21,28010KT,18,12
2012-08-12 22:00:00.000,2012,8,12,22,24010KT,16,12
2012-08-12 23:00:00.000,2012,8,12,23,280005KT,14,12
2012-08-13 00:00:00.000,2012,8,13,0,VRB02KT,13,12
2012-08-13 01:00:00.000,2012,8,13,1,00000KT,14,12
2012-08-13 02:00:00.000,2012,8,13,2,31004KT,13,12
2012-08-13 03:00:00.000,2012,8,13,3,04003KT,12,10
2012-08-13 04:00:00.000,2012,8,13,4,03006KT,13,11
2012-08-13 05:00:00.000,2012,8,13,5,03003KT,13,11
2012-08-13 06:00:00.000,2012,8,13,6,01004KT,12,10
2012-08-13 07:00:00.000,2012,8,13,7,07004KT,12,10
2012-08-13 08:00:00.000,2012,8,13,8,02004KT,11,10
2012-08-13 09:00:00.000,2012,8,13,9,VRB02KT,11,10
2012-08-13 10:00:00.000,2012,8,13,10,03003KT,11,10
2012-08-13 10:30:00.000,2012,8,13,10,03005KT,11,10
2012-08-13 11:00:00.000,2012,8,13,11,02004KT,11,10
2012-08-13 12:00:00.000,2012,8,13,12,04004KT,12,10
2012-08-13 12:20:00.000,2012,8,13,12,06007KT,13,11
2012-08-13 13:00:00.000,2012,8,13,13,03007KT,13,11
2012-08-13 14:00:00.000,2012,8,13,14,20003KT,14,11
2012-08-13 15:00:00.000,2012,8,13,15,VRB02KT,66,11
2012-08-13 16:00:00.000,2012,8,13,16,30003KT,18,11
2012-08-13 17:00:00.000,2012,8,13,17,20008KT,17,11
2012-08-13 17:20:00.000,2012,8,13,17,04003KT,16,11
2012-08-13 17:32:00.000,2012,8,13,17,10005KT,15,11
2012-08-13 18:00:00.000,2012,8,13,18,09005KT,14,11
2012-08-13 19:00:00.000,2012,8,13,19,15011KT,17,10
2012-08-13 20:00:00.000,2012,8,13,20,15010KT,15,10
2012-08-13 21:00:00.000,2012,8,13,21,15016KT,16,09
2012-08-13 22:00:00.000,2012,8,13,22,14015KT,15,08
2012-08-13 23:00:00.000,2012,8,13,23,02003KT,14,11
2012-08-14 00:00:00.000,2012,8,14,0,12006KT,13,08
2012-08-14 01:00:00.000,2012,8,14,1,13008KT,13,08
2012-08-14 02:00:00.000,2012,8,14,2,11009KT,13,08
2012-08-14 03:00:00.000,2012,8,14,3,10006KT,13,08
2012-08-14 04:00:00.000,2012,8,14,4,VRB02KT,13,08
2012-08-14 05:00:00.000,2012,8,14,5,16005KT,13,08
2012-08-14 06:00:00.000,2012,8,14,6,12006KT,13,08
2012-08-14 07:00:00.000,2012,8,14,7,VRB02KT,12,08
2012-08-14 08:00:00.000,2012,8,14,8,VRB02KT,11,08
2012-08-14 09:00:00.000,2012,8,14,9,03003KT,09,08
2012-08-14 10:00:00.000,2012,8,14,10,VRB02KT,09,08
2012-08-14 10:30:00.000,2012,8,14,10,04003KT,10,08
2012-08-14 11:00:00.000,2012,8,14,11,VRB02KT,10,08
2012-08-14 12:00:00.000,2012,8,14,12,05003KT,11,09
2012-08-14 13:00:00.000,2012,8,14,13,31005KT,12,09
2012-08-14 14:00:00.000,2012,8,14,14,04004KT,14,09
2012-08-14 15:00:00.000,2012,8,14,15,33003KT,15,09
2012-08-14 16:00:00.000,2012,8,14,16,14010KT,17,09
2012-08-14 17:00:00.000,2012,8,14,17,15011KT,17,09
2012-08-14 18:00:00.000,2012,8,14,18,13015KT,17,10
2012-08-14 19:00:00.000,2012,8,14,19,13017KT,18,09
2012-08-14 20:00:00.000,2012,8,14,20,16017KT,17,09
2012-08-14 21:00:00.000,2012,8,14,21,18010KT,17,09
2012-08-14 22:00:00.000,2012,8,14,22,16012KT,15,09
2012-08-14 23:00:00.000,2012,8,14,23,14013KT,15,09
2012-08-15 00:00:00.000,2012,8,15,0,15007KT,13,07
2012-08-15 01:00:00.000,2012,8,15,1,11004KT,13,07
2012-08-15 02:00:00.000,2012,8,15,2,06004KT,13,08
2012-08-15 03:00:00.000,2012,8,15,3,VRB02KT,12,08
2012-08-15 04:00:00.000,2012,8,15,4,VRB02KT,11,08
2012-08-15 05:00:00.000,2012,8,15,5,03007KT,10,08
2012-08-15 06:00:00.000,2012,8,15,6,03005KT,11,09
2012-08-15 07:00:00.000,2012,8,15,7,35003KT,10,08
2012-08-15 08:00:00.000,2012,8,15,8,VRB02KT,10,08
2012-08-15 09:00:00.000,2012,8,15,9,VRB02KT,08,07
2012-08-15 10:00:00.000,2012,8,15,10,03004KT,07,07
2012-08-15 10:30:00.000,2012,8,15,10,VRB02KT,08,07
2012-08-15 11:00:00.000,2012,8,15,11,VRB02KT,09,08
2012-08-15 12:00:00.000,2012,8,15,12,06005KT,11,09
2012-08-15 13:00:00.000,2012,8,15,13,05008KT,13,08
2012-08-15 14:00:00.000,2012,8,15,14,04005KT,16,08
2012-08-15 15:00:00.000,2012,8,15,15,12010KT,16,08
2012-08-15 16:00:00.000,2012,8,15,16,10010KT,17,08
2012-08-15 17:00:00.000,2012,8,15,17,14012KT,17,08
2012-08-15 18:00:00.000,2012,8,15,18,10014KT,18,08
2012-08-15 19:00:00.000,2012,8,15,19,12016KT,17,08
2012-08-15 20:00:00.000,2012,8,15,20,13012KT,17,09
2012-08-15 21:00:00.000,2012,8,15,21,13010KT,17,08
2012-08-15 22:00:00.000,2012,8,15,22,12010KT,16,07
2012-08-15 23:00:00.000,2012,8,15,23,14012KT,15,08
2012-08-16 00:00:00.000,2012,8,16,0,12010KT,13,08
2012-08-16 01:00:00.000,2012,8,16,1,33004KT,12,08
2012-08-16 02:00:00.000,2012,8,16,2,34004KT,11,08
2012-08-16 03:00:00.000,2012,8,16,3,VRB02KT,11,08
2012-08-16 04:00:00.000,2012,8,16,4,VRB02KT,10,08
2012-08-16 05:00:00.000,2012,8,16,5,02004KT,10,08
2012-08-16 06:00:00.000,2012,8,16,6,05004KT,10,08
2012-08-16 07:00:00.000,2012,8,16,7,VRB02KT,10,08
2012-08-16 08:00:00.000,2012,8,16,8,VRB02KT,10,08
2012-08-16 09:00:00.000,2012,8,16,9,31004KT,09,08
2012-08-16 10:00:00.000,2012,8,16,10,VRB02KT,08,08
2012-08-16 10:30:00.000,2012,8,16,10,VRB02KT,07,07
2012-08-16 11:00:00.000,2012,8,16,11,VRB02KT,08,07
2012-08-16 12:00:00.000,2012,8,16,12,VRB02KT,10,09
2012-08-16 13:00:00.000,2012,8,16,13,VRB02KT,13,10
2012-08-16 13:26:00.000,2012,8,16,13,04006KT,13,09
2012-08-16 14:00:00.000,2012,8,16,14,09011KT,14,09
2012-08-16 15:00:00.000,2012,8,16,15,05007KT,15,09
2012-08-16 16:00:00.000,2012,8,16,16,04012KT,16,09
2012-08-16 17:00:00.000,2012,8,16,17,10010KT,17,08
2012-08-16 18:00:00.000,2012,8,16,18,12012KT,19,08
2012-08-16 19:00:00.000,2012,8,16,19,12010KT,19,08
2012-08-16 20:00:00.000,2012,8,16,20,06010KT,19,08
2012-08-16 21:00:00.000,2012,8,16,21,10010KT,19,07
2012-08-16 22:00:00.000,2012,8,16,22,12010KT,18,06
2012-08-16 23:00:00.000,2012,8,16,23,09010KT,16,08
2012-08-17 00:00:00.000,2012,8,17,0,05006KT,14,07
2012-08-17 01:00:00.000,2012,8,17,1,11008KT,14,07
2012-08-17 02:00:00.000,2012,8,17,2,04006KT,13,08
2012-08-17 03:00:00.000,2012,8,17,3,VRB02KT,12,08
2012-08-17 04:00:00.000,2012,8,17,4,VRB02KT,12,08
2012-08-17 05:00:00.000,2012,8,17,5,04005KT,11,08
2012-08-17 06:00:00.000,2012,8,17,6,VRB02KT,12,09
2012-08-17 07:00:00.000,2012,8,17,7,32003KT,11,09
2012-08-17 08:00:00.000,2012,8,17,8,VRB02KT,12,10
2012-08-17 09:00:00.000,2012,8,17,9,00000KT,11,10
2012-08-17 10:00:00.000,2012,8,17,10,00000KT,11,09
2012-08-17 10:30:00.000,2012,8,17,10,02007KT,10,09
2012-08-17 11:00:00.000,2012,8,17,11,35005KT,10,10
2012-08-17 12:00:00.000,2012,8,17,12,01004KT,11,10
2012-08-17 13:00:00.000,2012,8,17,13,02010KT,13,10
2012-08-17 14:00:00.000,2012,8,17,14,04008KT,12,11
2012-08-17 15:00:00.000,2012,8,17,15,05006KT,13,11
2012-08-17 16:00:00.000,2012,8,17,16,09004KT,14,11
2012-08-17 17:00:00.000,2012,8,17,17,VRB02KT,16,10
2012-08-17 18:00:00.000,2012,8,17,18,12008KT,15,09
2012-08-17 19:00:00.000,2012,8,17,19,12012KT,16,10
2012-08-17 20:00:00.000,2012,8,17,20,16012KT,16,09
2012-08-17 21:00:00.000,2012,8,17,21,15013KT,16,09
2012-08-17 22:00:00.000,2012,8,17,22,15016KT,14,09
2012-08-17 23:00:00.000,2012,8,17,23,16012KT,13,09
2012-08-18 00:00:00.000,2012,8,18,0,15008KT,14,08
2012-08-18 01:00:00.000,2012,8,18,1,16007KT,14,08
2012-08-18 02:00:00.000,2012,8,18,2,15007KT,14,08
2012-08-18 03:00:00.000,2012,8,18,3,35003KT,13,09
2012-08-18 04:00:00.000,2012,8,18,4,03005KT,12,09
2012-08-18 05:00:00.000,2012,8,18,5,03003KT,12,10
2012-08-18 06:00:00.000,2012,8,18,6,VRB02KT,11,10
2012-08-18 07:00:00.000,2012,8,18,7,00000KT,11,09
2012-08-18 08:00:00.000,2012,8,18,8,00000KT,10,09
2012-08-18 09:00:00.000,2012,8,18,9,00000KT,10,09
2012-08-18 10:00:00.000,2012,8,18,10,VRB02KT,10,09
2012-08-18 10:30:00.000,2012,8,18,10,05004KT,10,09
2012-08-18 11:00:00.000,2012,8,18,11,06004KT,11,09
2012-08-18 12:00:00.000,2012,8,18,12,31003KT,10,09
2012-08-18 13:00:00.000,2012,8,18,13,05005KT,13,10
2012-08-18 14:00:00.000,2012,8,18,14,17007KT,15,10
2012-08-18 15:00:00.000,2012,8,18,15,16006KT,16,09
2012-08-18 16:00:00.000,2012,8,18,16,18016KT,16,09
2012-08-18 17:00:00.000,2012,8,18,17,18017KT,17,09
2012-08-18 18:00:00.000,2012,8,18,18,18010KT,17,08
2012-08-18 19:00:00.000,2012,8,18,19,15013KT,17,09
2012-08-18 20:00:00.000,2012,8,18,20,12015KT,18,09
2012-08-18 21:00:00.000,2012,8,18,21,17012KT,17,09
2012-08-18 22:00:00.000,2012,8,18,22,15006KT,16,09
2012-08-18 23:00:00.000,2012,8,18,23,13005KT,15,07
2012-08-19 00:00:00.000,2012,8,19,0,12006KT,13,08
2012-08-19 01:00:00.000,2012,8,19,1,12008KT,13,08
2012-08-19 02:00:00.000,2012,8,19,2,04005KT,13,08
2012-08-19 03:00:00.000,2012,8,19,3,05004KT,11,07
2012-08-19 04:00:00.000,2012,8,19,4,12004KT,11,07
2012-08-19 05:00:00.000,2012,8,19,5,14008KT,10,06
2012-08-19 06:00:00.000,2012,8,19,6,26007KT,10,06
2012-08-19 07:00:00.000,2012,8,19,7,35004KT,10,07
2012-08-19 08:00:00.000,2012,8,19,8,VRB02KT,10,07
2012-08-19 09:00:00.000,2012,8,19,9,00000KT,10,07
2012-08-19 10:00:00.000,2012,8,19,10,VRB02KT,09,06
2012-08-19 11:00:00.000,2012,8,19,11,00000KT,07,06
2012-08-19 12:00:00.000,2012,8,19,12,09003KT,10,07
2012-08-19 13:00:00.000,2012,8,19,13,10006KT,14,07
2012-08-19 14:00:00.000,2012,8,19,14,14010KT,17,08
2012-08-19 15:00:00.000,2012,8,19,15,16012KT,17,07
2012-08-19 16:00:00.000,2012,8,19,16,15015KT,18,06
2012-08-19 17:00:00.000,2012,8,19,17,16017KT,19,07
2012-08-19 18:00:00.000,2012,8,19,18,13008KT,18,06
2012-08-19 19:00:00.000,2012,8,19,19,09009KT,19,06
2012-08-19 20:00:00.000,2012,8,19,20,13012KT,17,07
2012-08-19 21:00:00.000,2012,8,19,21,12015KT,18,06
2012-08-19 22:00:00.000,2012,8,19,22,17013KT,17,06
2012-08-19 23:00:00.000,2012,8,19,23,16015KT,17,07
2012-08-20 00:00:00.000,2012,8,20,0,14006KT,15,07
2012-08-20 01:00:00.000,2012,8,20,1,12010KT,15,08
2012-08-20 02:00:00.000,2012,8,20,2,03003KT,11,07
2012-08-20 03:00:00.000,2012,8,20,3,34003KT,10,07
2012-08-20 04:00:00.000,2012,8,20,4,VRB02KT,10,07
2012-08-20 05:00:00.000,2012,8,20,5,VRB02KT,09,07
2012-08-20 06:00:00.000,2012,8,20,6,03003KT,09,07
2012-08-20 07:00:00.000,2012,8,20,7,06004KT,11,08
2012-08-20 08:00:00.000,2012,8,20,8,00000KT,11,09
2012-08-20 09:00:00.000,2012,8,20,9,34003KT,10,08
2012-08-20 10:00:00.000,2012,8,20,10,VRB02KT,10,09
2012-08-20 10:30:00.000,2012,8,20,10,03006KT,10,09
2012-08-20 11:00:00.000,2012,8,20,11,03003KT,10,09
2012-08-20 12:00:00.000,2012,8,20,12,30004KT,10,09
2012-08-20 13:00:00.000,2012,8,20,13,VRB02KT,13,09
2012-08-20 14:00:00.000,2012,8,20,14,36003KT,13,09
2012-08-20 15:00:00.000,2012,8,20,15,VRB02KT,15,09
2012-08-20 15:28:00.000,2012,8,20,15,21003KT,14,10
2012-08-20 16:00:00.000,2012,8,20,16,27004KT,15,09
2012-08-20 17:00:00.000,2012,8,20,17,VRB02KT,17,09
2012-08-20 18:00:00.000,2012,8,20,18,35006KT,18,10
2012-08-20 19:00:00.000,2012,8,20,19,VRB02KT,18,09
2012-08-20 19:26:00.000,2012,8,20,19,20018KT,17,11
2012-08-20 20:00:00.000,2012,8,20,20,16010KT,14,11
2012-08-20 21:00:00.000,2012,8,20,21,17010KT,15,11
2012-08-20 22:00:00.000,2012,8,20,22,18006KT,15,11
2012-08-20 23:00:00.000,2012,8,20,23,18012KT,15,09
2012-08-21 00:00:00.000,2012,8,21,0,14012KT,14,08
2012-08-21 01:00:00.000,2012,8,21,1,14010KT,14,08
2012-08-21 02:00:00.000,2012,8,21,2,15007KT,14,08
2012-08-21 03:00:00.000,2012,8,21,3,VRB02KT,12,08
2012-08-21 04:00:00.000,2012,8,21,4,00000KT,12,09
2012-08-21 05:00:00.000,2012,8,21,5,00000KT,12,10
2012-08-21 06:00:00.000,2012,8,21,6,00000KT,10,09
2012-08-21 07:00:00.000,2012,8,21,7,VRB02KT,10,09
2012-08-21 08:00:00.000,2012,8,21,8,VRB02KT,11,09
2012-08-21 09:00:00.000,2012,8,21,9,07004KT,11,09
2012-08-21 10:00:00.000,2012,8,21,10,05003KT,11,09
2012-08-21 11:00:00.000,2012,8,21,11,00000KT,10,09
2012-08-21 12:00:00.000,2012,8,21,12,VRB02KT,12,10
2012-08-21 13:00:00.000,2012,8,21,13,14008KT,13,09
2012-08-21 14:00:00.000,2012,8,21,14,13006KT,15,08
2012-08-21 15:00:00.000,2012,8,21,15,09004KT,17,07
2012-08-21 16:00:00.000,2012,8,21,16,14004KT,18,07
2012-08-21 17:00:00.000,2012,8,21,17,33005KT,18,11
2012-08-21 18:00:00.000,2012,8,21,18,26008KT,17,11
2012-08-21 19:00:00.000,2012,8,21,19,27008KT,16,11
2012-08-21 20:00:00.000,2012,8,21,20,30009KT,15,11
2012-08-21 21:00:00.000,2012,8,21,21,29010KT,17,11
2012-08-21 22:00:00.000,2012,8,21,22,27010KT,17,10
2012-08-21 23:00:00.000,2012,8,21,23,30010KT,16,10
2012-08-22 00:00:00.000,2012,8,22,0,28003KT,14,09
2012-08-22 01:00:00.000,2012,8,22,1,32003KT,13,10
2012-08-22 02:00:00.000,2012,8,22,2,VRB02KT,13,10
2012-08-22 03:00:00.000,2012,8,22,3,26003KT,13,10
2012-08-22 04:00:00.000,2012,8,22,4,VRB02KT,12,10
2012-08-22 05:00:00.000,2012,8,22,5,25004KT,12,10
2012-08-22 06:00:00.000,2012,8,22,6,00000KT,23,22
2012-08-22 07:00:00.000,2012,8,22,7,VRB02KT,12,10
2012-08-22 08:00:00.000,2012,8,22,8,VRB02KT,12,10
2012-08-22 09:00:00.000,2012,8,22,9,VRB02KT,12,10
2012-08-22 10:00:00.000,2012,8,22,10,VRB02KT,12,10
2012-08-22 11:00:00.000,2012,8,22,11,33003KT,11,10
2012-08-22 12:00:00.000,2012,8,22,12,35003KT,12,10
2012-08-22 13:00:00.000,2012,8,22,13,VRB02KT,14,09
2012-08-22 14:00:00.000,2012,8,22,14,14005KT,16,08
2012-08-22 15:00:00.000,2012,8,22,15,12006KT,17,08
2012-08-22 16:00:00.000,2012,8,22,16,25006KT,18,08
2012-08-22 17:00:00.000,2012,8,22,17,22012KT,16,10
2012-08-22 18:00:00.000,2012,8,22,18,27008KT,16,10
2012-08-22 19:00:00.000,2012,8,22,19,23009KT,17,10
2012-08-22 20:00:00.000,2012,8,22,20,23007KT,17,10
2012-08-22 21:00:00.000,2012,8,22,21,30005KT,16,10
2012-08-22 22:00:00.000,2012,8,22,22,26005KT,16,10
2012-08-22 23:00:00.000,2012,8,22,23,23006KT,15,10
2012-08-23 00:00:00.000,2012,8,23,0,27004KT,14,10
2012-08-23 01:00:00.000,2012,8,23,1,25006KT,14,10
2012-08-23 02:00:00.000,2012,8,23,2,22008KT,13,11
2012-08-23 03:00:00.000,2012,8,23,3,18004KT,13,10
2012-08-23 04:00:00.000,2012,8,23,4,18010KT,13,11
2012-08-23 05:00:00.000,2012,8,23,5,23008KT,12,11
2012-08-23 06:00:00.000,2012,8,23,6,05004KT,12,11
2012-08-23 07:00:00.000,2012,8,23,7,VRB02KT,12,11
2012-08-23 08:00:00.000,2012,8,23,8,VRB02KT,12,11
2012-08-23 09:00:00.000,2012,8,23,9,20004KT,12,11
2012-08-23 10:00:00.000,2012,8,23,10,VRB02KT,10,09
2012-08-23 10:30:00.000,2012,8,23,10,VRB02KT,10,10
2012-08-23 11:00:00.000,2012,8,23,11,VRB02KT,10,10
2012-08-23 12:00:00.000,2012,8,23,12,VRB02KT,,
2012-08-23 13:00:00.000,2012,8,23,13,04003KT,14,10
2012-08-23 14:00:00.000,2012,8,23,14,34006KT,14,10
2012-08-23 15:00:00.000,2012,8,23,15,28006KT,16,10
2012-08-23 16:00:00.000,2012,8,23,16,02004KT,18,09
2012-08-23 17:00:00.000,2012,8,23,17,26008KT,18,10
2012-08-23 18:00:00.000,2012,8,23,18,24009KT,17,11
2012-08-23 18:40:00.000,2012,8,23,18,25009KT,18,11
2012-08-23 19:00:00.000,2012,8,23,19,27010KT,18,11
2012-08-23 20:00:00.000,2012,8,23,20,26012KT,18,11
2012-08-23 21:00:00.000,2012,8,23,21,27010KT,17,11
2012-08-23 22:00:00.000,2012,8,23,22,23010KT,15,11
2012-08-23 23:00:00.000,2012,8,23,23,26003KT,15,10
2012-08-24 00:00:00.000,2012,8,24,0,24008KT,14,09
2012-08-24 01:00:00.000,2012,8,24,1,27008KT,14,09
2012-08-24 02:00:00.000,2012,8,24,2,33003KT,13,10
2012-08-24 03:00:00.000,2012,8,24,3,25005KT,13,09
2012-08-24 04:00:00.000,2012,8,24,4,23010KT,13,09
2012-08-24 05:00:00.000,2012,8,24,5,21005KT,13,09
2012-08-24 06:00:00.000,2012,8,24,6,26003KT,13,09
2012-08-24 07:00:00.000,2012,8,24,7,26004KT,13,09
2012-08-24 08:00:00.000,2012,8,24,8,25006KT,12,09
2012-08-24 09:00:00.000,2012,8,24,9,25005KT,12,09
2012-08-24 10:00:00.000,2012,8,24,10,VRB02KT,11,09
2012-08-24 10:30:00.000,2012,8,24,10,24003KT,11,09
2012-08-24 11:00:00.000,2012,8,24,11,21003KT,11,09
2012-08-24 12:00:00.000,2012,8,24,12,25003KT,12,10
2012-08-24 13:00:00.000,2012,8,24,13,26004KT,14,10
2012-08-24 14:00:00.000,2012,8,24,14,29004KT,16,10
2012-08-24 15:00:00.000,2012,8,24,15,26007KT,18,11
2012-08-24 16:00:00.000,2012,8,24,16,20006KT,16,10
2012-08-24 17:00:00.000,2012,8,24,17,24010KT,16,11
2012-08-24 18:00:00.000,2012,8,24,18,28012KT,15,11
2012-08-24 19:00:00.000,2012,8,24,19,27011KT,16,10
2012-08-24 20:00:00.000,2012,8,24,20,32005KT,17,11
2012-08-24 21:00:00.000,2012,8,24,21,23004KT,18,10
2012-08-24 22:00:00.000,2012,8,24,22,29006KT,17,10
2012-08-24 23:00:00.000,2012,8,24,23,24007KT,15,12
2012-08-25 00:00:00.000,2012,8,25,0,28003KT,13,10
2012-08-25 01:00:00.000,2012,8,25,1,02003KT,12,11
2012-08-25 02:00:00.000,2012,8,25,2,VRB02KT,12,11
2012-08-25 03:00:00.000,2012,8,25,3,02003KT,13,11
2012-08-25 04:00:00.000,2012,8,25,4,05006KT,12,11
2012-08-25 05:00:00.000,2012,8,25,5,VRB02KT,12,11
2012-08-25 06:00:00.000,2012,8,25,6,14006KT,12,10
2012-08-25 07:00:00.000,2012,8,25,7,12006KT,11,10
2012-08-25 08:00:00.000,2012,8,25,8,00000KT,11,10
2012-08-25 09:00:00.000,2012,8,25,9,30006KT,11,10
2012-08-25 10:00:00.000,2012,8,25,10,VRB02KT,11,10
2012-08-25 11:00:00.000,2012,8,25,11,23003KT,10,09
2012-08-25 12:00:00.000,2012,8,25,12,05003KT,12,11
2012-08-25 13:00:00.000,2012,8,25,13,05005KT,13,10
2012-08-25 14:00:00.000,2012,8,25,14,18008KT,15,09
2012-08-25 15:00:00.000,2012,8,25,15,14011KT,16,09
2012-08-25 16:00:00.000,2012,8,25,16,17014KT,17,08
2012-08-25 17:00:00.000,2012,8,25,17,17014KT,19,09
2012-08-25 18:00:00.000,2012,8,25,18,13015KT,18,08
2012-08-25 19:00:00.000,2012,8,25,19,15015KT,18,07
2012-08-25 20:00:00.000,2012,8,25,20,06010KT,17,10
2012-08-25 21:00:00.000,2012,8,25,21,15012KT,17,08
2012-08-25 22:00:00.000,2012,8,25,22,13012KT,16,08
2012-08-25 23:00:00.000,2012,8,25,23,15015KT,15,08
2012-08-26 00:00:00.000,2012,8,26,0,12005KT,14,08
2012-08-26 01:00:00.000,2012,8,26,1,12005KT,14,09
2012-08-26 02:00:00.000,2012,8,26,2,34003KT,13,09
2012-08-26 03:00:00.000,2012,8,26,3,04003KT,,
2012-08-26 04:00:00.000,2012,8,26,4,33004KT,12,09
2012-08-26 05:00:00.000,2012,8,26,5,03005KT,12,10
2012-08-26 06:00:00.000,2012,8,26,6,05004KT,12,09
2012-08-26 07:00:00.000,2012,8,26,7,04004KT,11,10
2012-08-26 08:00:00.000,2012,8,26,8,34003KT,11,10
2012-08-26 09:00:00.000,2012,8,26,9,00000KT,11,09
2012-08-26 10:00:00.000,2012,8,26,10,VRB02KT,11,10
2012-08-26 11:00:00.000,2012,8,26,11,21003KT,11,10
2012-08-26 12:00:00.000,2012,8,26,12,VRB02KT,12,10
2012-08-26 13:00:00.000,2012,8,26,13,11010KT,14,08
2012-08-26 14:00:00.000,2012,8,26,14,15012KT,15,08
2012-08-26 15:00:00.000,2012,8,26,15,12008KT,17,08
2012-08-26 16:00:00.000,2012,8,26,16,12008KT,17,08
2012-08-26 17:00:00.000,2012,8,26,17,13014KT,16,08
2012-08-26 18:00:00.000,2012,8,26,18,14012KT,18,10
2012-08-26 19:00:00.000,2012,8,26,19,16010KT,18,08
2012-08-26 20:00:00.000,2012,8,26,20,10008KT,18,08
2012-08-26 21:00:00.000,2012,8,26,21,10006KT,16,08
2012-08-26 22:00:00.000,2012,8,26,22,15010KT,13,11
2012-08-26 23:00:00.000,2012,8,26,23,15008KT,12,09
2012-08-27 00:00:00.000,2012,8,27,0,13004KT,11,09
2012-08-27 01:00:00.000,2012,8,27,1,08006KT,12,09
2012-08-27 02:00:00.000,2012,8,27,2,VRB02KT,11,09
2012-08-27 03:00:00.000,2012,8,27,3,00000KT,12,09
2012-08-27 04:00:00.000,2012,8,27,4,14006KT,12,09
2012-08-27 05:00:00.000,2012,8,27,5,11010KT,12,09
2012-08-27 06:00:00.000,2012,8,27,6,11004KT,12,09
2012-08-27 07:00:00.000,2012,8,27,7,10004KT,12,08
2012-08-27 08:00:00.000,2012,8,27,8,13008KT,12,08
2012-08-27 09:00:00.000,2012,8,27,9,08006KT,11,08
2012-08-27 10:00:00.000,2012,8,27,10,09010KT,12,07
2012-08-27 11:00:00.000,2012,8,27,11,11010KT,12,08
2012-08-27 12:00:00.000,2012,8,27,12,13010KT,12,07
2012-08-27 13:00:00.000,2012,8,27,13,13016KT,12,07
2012-08-27 14:00:00.000,2012,8,27,14,13015KT,13,07
2012-08-27 15:00:00.000,2012,8,27,15,14016KT,15,07
2012-08-27 16:00:00.000,2012,8,27,16,14015KT,16,07
2012-08-27 17:00:00.000,2012,8,27,17,16013KT,15,08
2012-08-27 18:00:00.000,2012,8,27,18,15010KT,13,08
2012-08-27 19:00:00.000,2012,8,27,19,15014KT,14,08
2012-08-27 20:00:00.000,2012,8,27,20,16016KT,15,08
2012-08-27 21:00:00.000,2012,8,27,21,16018KT,15,08
2012-08-27 22:00:00.000,2012,8,27,22,14014KT,15,07
2012-08-27 23:00:00.000,2012,8,27,23,16010KT,13,06
2012-08-28 00:00:00.000,2012,8,28,0,13014KT,12,04
2012-08-28 01:00:00.000,2012,8,28,1,33004KT,12,05
2012-08-28 02:00:00.000,2012,8,28,2,VRB02KT,11,04
2012-08-28 03:00:00.000,2012,8,28,3,VRB02KT,11,05
2012-08-28 04:00:00.000,2012,8,28,4,14010KT,11,05
2012-08-28 05:00:00.000,2012,8,28,5,VRB02KT,11,05
2012-08-28 06:00:00.000,2012,8,28,6,VRB02KT,10,06
2012-08-28 07:00:00.000,2012,8,28,7,VRB02KT,10,07
2012-08-28 08:00:00.000,2012,8,28,8,05008KT,10,07
2012-08-28 10:00:00.000,2012,8,28,10,11006KT,11,08
2012-08-28 11:00:00.000,2012,8,28,11,10010KT,10,07
2012-08-28 12:00:00.000,2012,8,28,12,13020KT,12,06
2012-08-28 13:00:00.000,2012,8,28,13,10010KT,14,06
2012-08-28 14:00:00.000,2012,8,28,14,12010KT,16,07
2012-08-28 15:00:00.000,2012,8,28,15,13020KT,17,07
2012-08-28 16:00:00.000,2012,8,28,16,11010KT,18,06
2012-08-28 17:00:00.000,2012,8,28,17,12017KT,18,06
2012-08-28 18:00:00.000,2012,8,28,18,12018G30KT,18,07
2012-08-28 19:00:00.000,2012,8,28,19,13018KT,18,08
2012-08-28 20:00:00.000,2012,8,28,20,13016KT,16,07
2012-08-28 21:00:00.000,2012,8,28,21,10010KT,16,07
2012-08-28 22:00:00.000,2012,8,28,22,10008KT,15,07
2012-08-28 23:00:00.000,2012,8,28,23,12010KT,15,07
2012-08-29 00:00:00.000,2012,8,29,0,12010KT,14,07
2012-08-29 01:00:00.000,2012,8,29,1,13010KT,14,07
2012-08-29 02:00:00.000,2012,8,29,2,12010KT,13,06
2012-08-29 03:00:00.000,2012,8,29,3,12010KT,13,07
2012-08-29 04:00:00.000,2012,8,29,4,12010KT,13,07
2012-08-29 05:00:00.000,2012,8,29,5,10010KT,12,07
2012-08-29 06:00:00.000,2012,8,29,6,10006KT,12,06
2012-08-29 07:00:00.000,2012,8,29,7,06006KT,11,08
2012-08-29 08:00:00.000,2012,8,29,8,10005KT,12,08
2012-08-29 09:00:00.000,2012,8,29,9,VRB02KT,11,08
2012-08-29 10:00:00.000,2012,8,29,10,25005KT,10,08
2012-08-29 11:00:00.000,2012,8,29,11,28006KT,10,09
2012-08-29 12:00:00.000,2012,8,29,12,17006KT,11,09
2012-08-29 13:00:00.000,2012,8,29,13,13012KT,13,09
2012-08-29 14:00:00.000,2012,8,29,14,15012KT,15,08
2012-08-29 15:00:00.000,2012,8,29,15,15012KT,14,08
2012-08-29 16:00:00.000,2012,8,29,16,15010KT,14,09
2012-08-29 17:00:00.000,2012,8,29,17,15010KT,13,10
2012-08-29 18:00:00.000,2012,8,29,18,14016KT,16,08
2012-08-29 19:00:00.000,2012,8,29,19,12014KT,16,08
2012-08-29 20:00:00.000,2012,8,29,20,12010KT,17,08
2012-08-29 21:00:00.000,2012,8,29,21,05014KT,16,09
2012-08-29 22:00:00.000,2012,8,29,22,12012KT,13,09
2012-08-29 23:00:00.000,2012,8,29,23,16012KT,12,09
2012-08-30 00:00:00.000,2012,8,30,0,12006KT,13,09
2012-08-30 01:00:00.000,2012,8,30,1,11006KT,13,07
2012-08-30 02:00:00.000,2012,8,30,2,VRB02KT,12,07
2012-08-30 03:00:00.000,2012,8,30,3,VRB02KT,11,07
2012-08-30 04:00:00.000,2012,8,30,4,05006KT,12,07
2012-08-30 05:00:00.000,2012,8,30,5,13004KT,12,08
2012-08-30 06:00:00.000,2012,8,30,6,VRB02KT,11,09
2012-08-30 07:00:00.000,2012,8,30,7,15008KT,11,09
2012-08-30 08:00:00.000,2012,8,30,8,05004KT,09,08
2012-08-30 09:00:00.000,2012,8,30,9,05004KT,08,07
2012-08-30 10:00:00.000,2012,8,30,10,VRB02KT,10,08
2012-08-30 11:00:00.000,2012,8,30,11,10004KT,09,08
2012-08-30 12:00:00.000,2012,8,30,12,10006KT,13,09
2012-08-30 13:00:00.000,2012,8,30,13,12012KT,14,06
2012-08-30 14:00:00.000,2012,8,30,14,10013KT,15,05
2012-08-30 15:00:00.000,2012,8,30,15,12014KT,17,05
2012-08-30 16:00:00.000,2012,8,30,16,12020KT,17,05
2012-08-30 17:00:00.000,2012,8,30,17,12013KT,17,05
2012-08-30 18:00:00.000,2012,8,30,18,15014KT,16,08
2012-08-30 19:00:00.000,2012,8,30,19,13018KT,16,07
2012-08-30 20:00:00.000,2012,8,30,20,13016KT,15,07
2012-08-30 21:00:00.000,2012,8,30,21,16014KT,15,07
2012-08-30 22:00:00.000,2012,8,30,22,14012KT,14,07
2012-08-30 23:00:00.000,2012,8,30,23,13007KT,13,07
2012-08-31 00:00:00.000,2012,8,31,0,15009KT,12,07
2012-08-31 01:00:00.000,2012,8,31,1,13008KT,12,07
2012-08-31 02:00:00.000,2012,8,31,2,08004KT,12,07
2012-08-31 03:00:00.000,2012,8,31,3,06004KT,11,07
2012-08-31 04:00:00.000,2012,8,31,4,VRB02KT,10,07
2012-08-31 05:00:00.000,2012,8,31,5,VRB02KT,09,07
2012-08-31 06:00:00.000,2012,8,31,6,VRB02KT,07,06
2012-08-31 07:00:00.000,2012,8,31,7,VRB02KT,07,06
2012-08-31 08:00:00.000,2012,8,31,8,00000KT,07,07
2012-08-31 09:00:00.000,2012,8,31,9,VRB02KT,07,07
2012-08-31 10:00:00.000,2012,8,31,10,00000KT,07,06
2012-08-31 11:00:00.000,2012,8,31,11,00000KT,08,07
2012-08-31 12:00:00.000,2012,8,31,12,05004KT,10,08
2012-08-31 13:00:00.000,2012,8,31,13,03004KT,12,08
2012-08-31 14:00:00.000,2012,8,31,14,35004KT,13,08
2012-08-31 15:00:00.000,2012,8,31,15,03004KT,13,09
2012-08-31 16:00:00.000,2012,8,31,16,16003KT,13,09
2012-08-31 17:00:00.000,2012,8,31,17,VRB02KT,14,09
2012-08-31 18:00:00.000,2012,8,31,18,15012KT,15,09
2012-08-31 19:00:00.000,2012,8,31,19,14012KT,13,09
2012-08-31 20:00:00.000,2012,8,31,20,13012KT,15,09
2012-08-31 21:00:00.000,2012,8,31,21,15014KT,15,08
2012-08-31 22:00:00.000,2012,8,31,22,16010KT,14,08
2012-08-31 23:00:00.000,2012,8,31,23,21007KT,13,08
2012-09-01 00:00:00.000,2012,9,1,0,16008KT,12,07
2012-09-01 01:00:00.000,2012,9,1,1,09007KT,12,07
2012-09-01 02:00:00.000,2012,9,1,2,09006KT,12,06
2012-09-01 03:00:00.000,2012,9,1,3,03004KT,10,06
2012-09-01 04:00:00.000,2012,9,1,4,00000KT,11,06
2012-09-01 05:00:00.000,2012,9,1,5,VRB02KT,10,06
2012-09-01 06:00:00.000,2012,9,1,6,07004KT,11,06
2012-09-01 07:00:00.000,2012,9,1,7,04003KT,09,06
2012-09-01 08:00:00.000,2012,9,1,8,04004KT,08,06
2012-09-01 09:00:00.000,2012,9,1,9,00000KT,08,07
2012-09-01 10:00:00.000,2012,9,1,10,04004KT,06,05
2012-09-01 11:00:00.000,2012,9,1,11,30006KT,06,05
2012-09-01 12:00:00.000,2012,9,1,12,04006KT,10,07
2012-09-01 13:00:00.000,2012,9,1,13,12007KT,14,07
2012-09-01 14:00:00.000,2012,9,1,14,15013KT,14,05
2012-09-01 15:00:00.000,2012,9,1,15,15016KT,17,06
2012-09-01 16:00:00.000,2012,9,1,16,15016KT,15,06
2012-09-01 17:00:00.000,2012,9,1,17,13015KT,16,07
2012-09-01 18:00:00.000,2012,9,1,18,14013KT,16,07
2012-09-01 19:00:00.000,2012,9,1,19,16013KT,15,07
2012-09-01 20:00:00.000,2012,9,1,20,15013KT,16,06
2012-09-01 21:00:00.000,2012,9,1,21,16013KT,16,07
2012-09-01 22:00:00.000,2012,9,1,22,16011KT,16,06
2012-09-01 23:00:00.000,2012,9,1,23,14007KT,15,06
2012-09-02 00:00:00.000,2012,9,2,0,14007KT,13,06
2012-09-02 01:00:00.000,2012,9,2,1,14005KT,11,06
2012-09-02 02:00:00.000,2012,9,2,2,12008KT,11,06
2012-09-02 03:00:00.000,2012,9,2,3,13005KT,12,06
2012-09-02 04:00:00.000,2012,9,2,4,VRB02KT,12,07
2012-09-02 05:00:00.000,2012,9,2,5,VRB02KT,10,08
2012-09-02 06:00:00.000,2012,9,2,6,VRB02KT,10,08
2012-09-02 07:00:00.000,2012,9,2,7,VRB02KT,11,08
2012-09-02 08:00:00.000,2012,9,2,8,32004KT,11,07
2012-09-02 09:00:00.000,2012,9,2,9,VRB02KT,10,07
2012-09-02 10:00:00.000,2012,9,2,10,VRB02KT,11,07
2012-09-02 11:00:00.000,2012,9,2,11,02004KT,10,07
2012-09-02 12:00:00.000,2012,9,2,12,03006KT,11,08
2012-09-02 13:00:00.000,2012,9,2,13,02005KT,12,08
2012-09-02 14:00:00.000,2012,9,2,14,17008KT,15,07
2012-09-02 15:00:00.000,2012,9,2,15,15011KT,16,07
2012-09-02 16:00:00.000,2012,9,2,16,13012KT,16,07
2012-09-02 17:00:00.000,2012,9,2,17,15010KT,17,08
2012-09-02 18:00:00.000,2012,9,2,18,12008KT,17,08
2012-09-02 19:00:00.000,2012,9,2,19,12012KT,17,08
2012-09-02 20:00:00.000,2012,9,2,20,16010KT,17,08
2012-09-02 21:00:00.000,2012,9,2,21,13012KT,16,08
2012-09-02 22:00:00.000,2012,9,2,22,14008KT,16,07
2012-09-02 23:00:00.000,2012,9,2,23,15010KT,16,07
2012-09-03 00:00:00.000,2012,9,3,0,34008KT,26,17
2012-09-03 01:00:00.000,2012,9,3,1,33006KT,25,17
2012-09-03 02:00:00.000,2012,9,3,2,11004KT,13,08
2012-09-03 03:00:00.000,2012,9,3,3,04003KT,11,08
2012-09-03 04:00:00.000,2012,9,3,4,33004KT,11,09
2012-09-03 05:00:00.000,2012,9,3,5,34003KT,12,09
2012-09-03 06:00:00.000,2012,9,3,6,02005KT,12,09
2012-09-03 07:00:00.000,2012,9,3,7,VRB02KT,11,09
2012-09-03 08:00:00.000,2012,9,3,8,00000KT,10,08
2012-09-03 09:00:00.000,2012,9,3,9,05003KT,09,08
2012-09-03 10:00:00.000,2012,9,3,10,VRB02KT,10,08
2012-09-03 11:00:00.000,2012,9,3,11,31004KT,10,08
2012-09-03 12:00:00.000,2012,9,3,12,02004KT,11,09
2012-09-03 13:00:00.000,2012,9,3,13,04006KT,12,10
2012-09-03 14:00:00.000,2012,9,3,14,04004KT,13,10
2012-09-03 15:00:00.000,2012,9,3,15,00000KT,14,11
2012-09-03 16:00:00.000,2012,9,3,16,15006KT,15,11
2012-09-03 17:00:00.000,2012,9,3,17,15020KT,16,08
2012-09-03 18:00:00.000,2012,9,3,18,16018KT,18,09
2012-09-03 19:00:00.000,2012,9,3,19,16016KT,18,09
2012-09-03 20:00:00.000,2012,9,3,20,16016KT,17,08
2012-09-03 21:00:00.000,2012,9,3,21,16016KT,15,08
2012-09-03 22:00:00.000,2012,9,3,22,16016KT,15,08
2012-09-03 23:00:00.000,2012,9,3,23,16012KT,13,07
2012-09-04 00:00:00.000,2012,9,4,0,13012KT,13,07
2012-09-04 01:00:00.000,2012,9,4,1,13010KT,12,07
2012-09-04 02:00:00.000,2012,9,4,2,08008KT,12,07
2012-09-04 03:00:00.000,2012,9,4,3,10006KT,12,08
2012-09-04 04:00:00.000,2012,9,4,4,10008KT,12,08
2012-09-04 05:00:00.000,2012,9,4,5,08005KT,12,08
2012-09-04 06:00:00.000,2012,9,4,6,09004KT,12,08
2012-09-04 07:00:00.000,2012,9,4,7,01003KT,11,08
2012-09-04 08:00:00.000,2012,9,4,8,03003KT,11,08
2012-09-04 09:00:00.000,2012,9,4,9,06003KT,10,08
2012-09-04 10:00:00.000,2012,9,4,10,36003KT,10,08
2012-09-04 10:32:00.000,2012,9,4,10,32004KT,10,08
2012-09-04 11:00:00.000,2012,9,4,11,03003KT,10,08
2012-09-04 12:00:00.000,2012,9,4,12,32004KT,11,09
2012-09-04 13:00:00.000,2012,9,4,13,34005KT,13,09
2012-09-04 14:00:00.000,2012,9,4,14,35004KT,13,09
2012-09-04 15:00:00.000,2012,9,4,15,15010KT,15,08
2012-09-04 16:00:00.000,2012,9,4,16,10005KT,15,09
2012-09-04 17:00:00.000,2012,9,4,17,07006KT,16,10
2012-09-04 18:00:00.000,2012,9,4,18,16013KT,17,09
2012-09-04 18:40:00.000,2012,9,4,18,07007KT,14,10
2012-09-04 19:00:00.000,2012,9,4,19,07004KT,14,10
2012-09-04 20:00:00.000,2012,9,4,20,09003KT,16,09
2012-09-04 21:00:00.000,2012,9,4,21,07004KT,16,08
2012-09-04 22:00:00.000,2012,9,4,22,04008KT,15,08
2012-09-04 23:00:00.000,2012,9,4,23,01003KT,14,08
2012-09-05 00:00:00.000,2012,9,5,0,24005KT,13,10
2012-09-05 01:00:00.000,2012,9,5,1,VRB02KT,12,09
2012-09-05 02:00:00.000,2012,9,5,2,34006KT,11,09
2012-09-05 03:00:00.000,2012,9,5,3,32004KT,12,09
2012-09-05 04:00:00.000,2012,9,5,4,32003KT,12,09
2012-09-05 05:00:00.000,2012,9,5,5,28006KT,11,09
2012-09-05 06:00:00.000,2012,9,5,6,VRB02KT,11,10
2012-09-05 07:00:00.000,2012,9,5,7,VRB02KT,11,09
2012-09-05 08:00:00.000,2012,9,5,8,30004KT,10,09
2012-09-05 09:00:00.000,2012,9,5,9,06003KT,11,10
2012-09-05 10:00:00.000,2012,9,5,10,VRB02KT,09,09
2012-09-05 10:30:00.000,2012,9,5,10,05003KT,10,09
2012-09-05 11:00:00.000,2012,9,5,11,05003KT,09,09
2012-09-05 12:00:00.000,2012,9,5,12,15004KT,12,10
2012-09-05 13:00:00.000,2012,9,5,13,VRB02KT,14,10
2012-09-05 14:00:00.000,2012,9,5,14,15010KT,16,09
2012-09-05 15:00:00.000,2012,9,5,15,14012KT,17,08
2012-09-05 16:00:00.000,2012,9,5,16,14012KT,17,08
2012-09-05 17:00:00.000,2012,9,5,17,16013KT,17,08
2012-09-05 18:00:00.000,2012,9,5,18,16016KT,18,08
2012-09-05 19:00:00.000,2012,9,5,19,13015KT,18,07
2012-09-05 20:00:00.000,2012,9,5,20,15012KT,19,07
2012-09-05 21:00:00.000,2012,9,5,21,15014KT,17,07
2012-09-05 22:00:00.000,2012,9,5,22,13012KT,16,07
2012-09-05 23:00:00.000,2012,9,5,23,17009KT,15,06
2012-09-06 00:00:00.000,2012,9,6,0,13009KT,13,06
2012-09-06 01:00:00.000,2012,9,6,1,12003KT,13,07
2012-09-06 02:00:00.000,2012,9,6,2,04003KT,13,09
2012-09-06 03:00:00.000,2012,9,6,3,36003KT,12,09
2012-09-06 04:00:00.000,2012,9,6,4,33004KT,12,08
2012-09-06 05:00:00.000,2012,9,6,5,VRB02KT,12,09
2012-09-06 06:00:00.000,2012,9,6,6,00000KT,12,09
2012-09-06 07:00:00.000,2012,9,6,7,VRB02KT,11,08
2012-09-06 08:00:00.000,2012,9,6,8,VRB02KT,10,08
2012-09-06 09:00:00.000,2012,9,6,9,VRB02KT,09,08
2012-09-06 10:00:00.000,2012,9,6,10,00000KT,08,07
2012-09-06 10:30:00.000,2012,9,6,10,VRB02KT,09,08
2012-09-06 11:00:00.000,2012,9,6,11,00000KT,08,08
2012-09-06 12:00:00.000,2012,9,6,12,VRB02KT,10,09
2012-09-06 12:25:00.000,2012,9,6,12,04005KT,13,08
2012-09-06 13:00:00.000,2012,9,6,13,09003KT,14,08
2012-09-06 14:00:00.000,2012,9,6,14,05003KT,16,08
2012-09-06 15:00:00.000,2012,9,6,15,16008KT,16,07
2012-09-06 16:00:00.000,2012,9,6,16,13012KT,18,07
2012-09-06 17:00:00.000,2012,9,6,17,11010KT,17,08
2012-09-06 18:00:00.000,2012,9,6,18,11010KT,18,07
2012-09-06 19:00:00.000,2012,9,6,19,11009KT,18,07
2012-09-06 20:00:00.000,2012,9,6,20,12010KT,16,08
2012-09-06 21:00:00.000,2012,9,6,21,11015KT,17,07
2012-09-06 22:00:00.000,2012,9,6,22,17011KT,17,07
2012-09-06 23:00:00.000,2012,9,6,23,15010KT,16,05
2012-09-07 00:00:00.000,2012,9,7,0,13008KT,13,06
2012-09-07 01:00:00.000,2012,9,7,1,13009KT,13,06
2012-09-07 02:00:00.000,2012,9,7,2,14003KT,12,06
2012-09-07 03:00:00.000,2012,9,7,3,11004KT,13,07
2012-09-07 04:00:00.000,2012,9,7,4,02004KT,10,06
2012-09-07 05:00:00.000,2012,9,7,5,VRB02KT,10,07
2012-09-07 06:00:00.000,2012,9,7,6,06003KT,09,07
2012-09-07 07:00:00.000,2012,9,7,7,33004KT,09,07
2012-09-07 08:00:00.000,2012,9,7,8,VRB02KT,07,07
2012-09-07 09:00:00.000,2012,9,7,9,VRB02KT,07,06
2012-09-07 10:00:00.000,2012,9,7,10,VRB02KT,07,07
2012-09-07 10:30:00.000,2012,9,7,10,00000KT,07,06
2012-09-07 11:00:00.000,2012,9,7,11,VRB02KT,05,05
2012-09-07 12:00:00.000,2012,9,7,12,06006KT,09,07
2012-09-07 13:00:00.000,2012,9,7,13,06008KT,13,08
2012-09-07 14:00:00.000,2012,9,7,14,16010KT,16,08
2012-09-07 15:00:00.000,2012,9,7,15,14012KT,18,06
2012-09-07 16:00:00.000,2012,9,7,16,16012KT,18,08
2012-09-07 17:00:00.000,2012,9,7,17,16012KT,18,06
2012-09-07 18:00:00.000,2012,9,7,18,16016KT,18,07
2012-09-07 19:00:00.000,2012,9,7,19,12014KT,19,06
2012-09-07 20:00:00.000,2012,9,7,20,14016KT,19,07
2012-09-07 21:00:00.000,2012,9,7,21,14016KT,18,07
2012-09-07 22:00:00.000,2012,9,7,22,14012KT,18,05
2012-09-07 23:00:00.000,2012,9,7,23,16010KT,16,06
2012-09-08 00:00:00.000,2012,9,8,0,13010KT,14,07
2012-09-08 01:00:00.000,2012,9,8,1,01003KT,13,07
2012-09-08 02:00:00.000,2012,9,8,2,02003KT,12,07
2012-09-08 03:00:00.000,2012,9,8,3,03004KT,12,08
2012-09-08 04:00:00.000,2012,9,8,4,08003KT,10,07
2012-09-08 05:00:00.000,2012,9,8,5,06003KT,10,07
2012-09-08 06:00:00.000,2012,9,8,6,34003KT,08,06
2012-09-08 07:00:00.000,2012,9,8,7,VRB02KT,07,06
2012-09-08 08:00:00.000,2012,9,8,8,VRB02KT,06,06
2012-09-08 09:00:00.000,2012,9,8,9,05004KT,08,07
2012-09-08 10:00:00.000,2012,9,8,10,01003KT,09,07
2012-09-08 10:30:00.000,2012,9,8,10,02003KT,08,07
2012-09-08 11:00:00.000,2012,9,8,11,33003KT,08,07
2012-09-08 12:00:00.000,2012,9,8,12,VRB02KT,09,08
2012-09-08 13:00:00.000,2012,9,8,13,08003KT,13,09
2012-09-08 14:00:00.000,2012,9,8,14,14012KT,16,08
2012-09-08 15:00:00.000,2012,9,8,15,13009KT,17,08
2012-09-08 17:00:00.000,2012,9,8,17,14010KT,18,08
2012-09-08 18:00:00.000,2012,9,8,18,16015KT,19,07
2012-09-08 19:00:00.000,2012,9,8,19,19018KT,19,08
2012-09-08 20:00:00.000,2012,9,8,20,14016KT,16,08
2012-09-08 21:00:00.000,2012,9,8,21,04008KT,14,10
2012-09-08 22:00:00.000,2012,9,8,22,14011KT,15,07
2012-09-08 23:00:00.000,2012,9,8,23,03004KT,14,08
2012-09-09 00:00:00.000,2012,9,9,0,11007KT,14,08
2012-09-09 01:00:00.000,2012,9,9,1,08006KT,13,09
2012-09-09 02:00:00.000,2012,9,9,2,05006KT,12,08
2012-09-09 03:00:00.000,2012,9,9,3,04003KT,11,08
2012-09-09 04:00:00.000,2012,9,9,4,VRB02KT,11,08
2012-09-09 05:00:00.000,2012,9,9,5,04003KT,11,08
2012-09-09 06:00:00.000,2012,9,9,6,VRB02KT,11,08
2012-09-09 07:00:00.000,2012,9,9,7,02003KT,11,08
2012-09-09 08:00:00.000,2012,9,9,8,03004KT,11,08
2012-09-09 09:00:00.000,2012,9,9,9,03004KT,11,08
2012-09-09 10:00:00.000,2012,9,9,10,35003KT,10,08
2012-09-09 10:30:00.000,2012,9,9,10,36004KT,10,08
2012-09-09 11:00:00.000,2012,9,9,11,27004KT,11,08
2012-09-09 12:00:00.000,2012,9,9,12,03005KT,10,08
2012-09-09 13:00:00.000,2012,9,9,13,25013KT,16,09
2012-09-09 14:00:00.000,2012,9,9,14,14014KT,17,07
2012-09-09 15:00:00.000,2012,9,9,15,15018KR,17,05
2012-09-09 16:00:00.000,2012,9,9,16,13020KT,17,05
2012-09-09 17:00:00.000,2012,9,9,17,15022KT,17,06
2012-09-09 18:00:00.000,2012,9,9,18,14020KT,18,05
2012-09-09 19:00:00.000,2012,9,9,19,13017KT,18,05
2012-09-09 20:00:00.000,2012,9,9,20,13007KT,18,04
2012-09-09 21:00:00.000,2012,9,9,21,15014KT,18,02
2012-09-09 22:00:00.000,2012,9,9,22,12010KT,17,03
2012-09-09 23:00:00.000,2012,9,9,23,14008KT,16,04
2012-09-10 00:00:00.000,2012,9,10,0,12013KT,15,05
2012-09-10 01:00:00.000,2012,9,10,1,12008KT,14,07
2012-09-10 01:30:00.000,2012,9,10,1,10007KT,13,08
2012-09-10 02:00:00.000,2012,9,10,2,04008KT,12,09
2012-09-10 03:00:00.000,2012,9,10,3,09004KT,12,08
2012-09-10 04:00:00.000,2012,9,10,4,14007KT,13,08
2012-09-10 05:00:00.000,2012,9,10,5,31006KT,12,08
2012-09-10 06:00:00.000,2012,9,10,6,VRB02KT,11,08
2012-09-10 07:00:00.000,2012,9,10,7,04005KT,10,07
2012-09-10 08:00:00.000,2012,9,10,8,06006KT,10,07
2012-09-10 09:00:00.000,2012,9,10,9,33004KT,09,07
2012-09-10 10:00:00.000,2012,9,10,10,03003KT,08,07
2012-09-10 10:30:00.000,2012,9,10,10,00000KT,08,07
2012-09-10 11:00:00.000,2012,9,10,11,VRB02KT,08,06
2012-09-10 12:00:00.000,2012,9,10,12,33004KT,10,07
2012-09-10 13:00:00.000,2012,9,10,13,03008KT,13,07
2012-09-10 14:00:00.000,2012,9,10,14,08005KT,17,07
2012-09-10 15:00:00.000,2012,9,10,15,13012KT,17,06
2012-09-10 16:00:00.000,2012,9,10,16,10012KT,18,07
2012-09-10 17:00:00.000,2012,9,10,17,08012KT,18,05
2012-09-10 18:00:00.000,2012,9,10,18,12010KT,19,08
2012-09-10 19:00:00.000,2012,9,10,19,08010KT,18,08
2012-09-10 20:00:00.000,2012,9,10,20,09008KT,19,07
2012-09-10 21:00:00.000,2012,9,10,21,07006KT,19,04
2012-09-10 22:00:00.000,2012,9,10,22,06008KT,18,05
2012-09-10 23:00:00.000,2012,9,10,23,03010KT,17,06
2012-09-11 00:00:00.000,2012,9,11,0,09003KT,16,06
2012-09-11 01:00:00.000,2012,9,11,1,32005KT,13,08
2012-09-11 02:00:00.000,2012,9,11,2,35003KT,12,08
2012-09-11 03:00:00.000,2012,9,11,3,04004KT,13,08
2012-09-11 04:00:00.000,2012,9,11,4,03007KT,12,08
2012-09-11 05:00:00.000,2012,9,11,5,06004KT,13,08
2012-09-11 05:30:00.000,2012,9,11,5,05005KT,12,09
2012-09-11 06:00:00.000,2012,9,11,6,04003KT,11,10
2012-09-11 07:00:00.000,2012,9,11,7,04003KT,11,09
2012-09-11 08:00:00.000,2012,9,11,8,VRB02KT,11,09
2012-09-11 09:00:00.000,2012,9,11,9,VRB02KT,11,10
2012-09-11 10:00:00.000,2012,9,11,10,01003KT,10,09
2012-09-11 10:30:00.000,2012,9,11,10,03003KT,10,09
2012-09-11 11:00:00.000,2012,9,11,11,00000KT,10,09
2012-09-11 12:00:00.000,2012,9,11,12,33003KT,10,09
2012-09-11 13:00:00.000,2012,9,11,13,04005KT,13,10
2012-09-11 14:00:00.000,2012,9,11,14,02004KT,14,10
2012-09-11 15:00:00.000,2012,9,11,15,23005KT,16,10
2012-09-11 16:00:00.000,2012,9,11,16,10007KT,17,09
2012-09-11 17:00:00.000,2012,9,11,17,14007KT,17,09
2012-09-11 18:00:00.000,2012,9,11,18,12006KT,17,09
2012-09-11 19:00:00.000,2012,9,11,19,14011KT,16,10
2012-09-11 20:00:00.000,2012,9,11,20,18007KT,16,09
2012-09-11 21:00:00.000,2012,9,11,21,14008KT,16,08
2012-09-11 22:00:00.000,2012,9,11,22,17011KT,15,08
2012-09-11 23:00:00.000,2012,9,11,23,07003KT,15,08
2012-09-12 00:00:00.000,2012,9,12,0,04004KT,12,08
2012-09-12 01:00:00.000,2012,9,12,1,VRB02KT,13,09
2012-09-12 02:00:00.000,2012,9,12,2,02004KT,12,09
2012-09-12 03:00:00.000,2012,9,12,3,06006KT,11,09
2012-09-12 04:00:00.000,2012,9,12,4,VRB02KT,10,09
2012-09-12 05:00:00.000,2012,9,12,5,36004KT,10,08
2012-09-12 06:00:00.000,2012,9,12,6,VRB02KT,08,07
2012-09-12 07:00:00.000,2012,9,12,7,03004KT,09,08
2012-09-12 08:00:00.000,2012,9,12,8,VRB02KT,09,08
2012-09-12 09:00:00.000,2012,9,12,9,VRB02KT,08,07
2012-09-12 10:00:00.000,2012,9,12,10,VRB02KT,08,08
2012-09-12 10:29:00.000,2012,9,12,10,VRB02KT,07,07
2012-09-12 11:00:00.000,2012,9,12,11,VRB02KT,07,07
2012-09-12 12:00:00.000,2012,9,12,12,VRB02KT,09,08
2012-09-12 13:00:00.000,2012,9,12,13,05007KT,12,10
2012-09-12 14:00:00.000,2012,9,12,14,04006KT,14,09
2012-09-12 15:00:00.000,2012,9,12,15,13007KT,17,08
2012-09-12 16:00:00.000,2012,9,12,16,15004KT,16,08
2012-09-12 17:00:00.000,2012,9,12,17,13007KT,17,08
2012-09-12 18:00:00.000,2012,9,12,18,160016KT,18,09
2012-09-12 19:00:00.000,2012,9,12,19,13015KT,17,09
2012-09-12 20:00:00.000,2012,9,12,20,15015KT,17,08
2012-09-12 21:00:00.000,2012,9,12,21,17017KT,16,08
2012-09-12 22:00:00.000,2012,9,12,22,15008KT,16,07
2012-09-12 23:00:00.000,2012,9,12,23,16011KT,15,07
2012-09-13 00:00:00.000,2012,9,13,0,14008KT,14,07
2012-09-13 01:00:00.000,2012,9,13,1,10003KT,13,07
2012-09-13 02:00:00.000,2012,9,13,2,12005KT,12,06
2012-09-13 03:00:00.000,2012,9,13,3,11005KT,13,07
2012-09-13 04:00:00.000,2012,9,13,4,14006KT,12,07
2012-09-13 05:00:00.000,2012,9,13,5,05005KT,10,08
2012-09-13 06:00:00.000,2012,9,13,6,VRB02KT,10,08
2012-09-13 07:00:00.000,2012,9,13,7,05003KT,11,09
2012-09-13 08:00:00.000,2012,9,13,8,03004KT,10,09
2012-09-13 09:00:00.000,2012,9,13,9,05004KT,10,09
2012-09-13 10:00:00.000,2012,9,13,10,VRB02KT,10,09
2012-09-13 10:30:00.000,2012,9,13,10,21003KT,10,09
2012-09-13 11:00:00.000,2012,9,13,11,VRB02KT,10,09
2012-09-13 12:00:00.000,2012,9,13,12,VRB02KT,11,10
2012-09-13 13:00:00.000,2012,9,13,13,14013KT,14,08
2012-09-13 14:00:00.000,2012,9,13,14,13009KT,14,08
2012-09-13 15:00:00.000,2012,9,13,15,15015KT,14,08
2012-09-13 16:00:00.000,2012,9,13,16,15014KT,14,08
2012-09-13 17:00:00.000,2012,9,13,17,13014KT,14,07
2012-09-13 18:00:00.000,2012,9,13,18,14014KT,14,07
2012-09-13 19:00:00.000,2012,9,13,19,12012KT,14,07
2012-09-13 20:00:00.000,2012,9,13,20,13014KT,14,06
2012-09-13 21:00:00.000,2012,9,13,21,13012KT,15,06
2012-09-13 22:00:00.000,2012,9,13,22,13012KT,15,06
2012-09-13 23:00:00.000,2012,9,13,23,12010KT,13,06
2012-09-14 00:00:00.000,2012,9,14,0,15010KT,11,05
2012-09-14 01:00:00.000,2012,9,14,1,15005KT,10,05
2012-09-14 02:00:00.000,2012,9,14,2,18003KT,09,05
2012-09-14 03:00:00.000,2012,9,14,3,VRB02KT,09,05
2012-09-14 04:00:00.000,2012,9,14,4,00000KT,09,05
2012-09-14 05:00:00.000,2012,9,14,5,05005KT,08,05
2012-09-14 06:00:00.000,2012,9,14,6,07005KT,08,06
2012-09-14 07:00:00.000,2012,9,14,7,06005KT,07,06
2012-09-14 08:00:00.000,2012,9,14,8,04006KT,06,05
2012-09-14 09:00:00.000,2012,9,14,9,4006KT,06,05
2012-09-14 10:00:00.000,2012,9,14,10,03005KT,05,04
2012-09-14 11:00:00.000,2012,9,14,11,06004KT,06,06
2012-09-14 12:00:00.000,2012,9,14,12,06004KT,08,07
2012-09-14 13:00:00.000,2012,9,14,13,05004KT,12,08
2012-09-14 14:00:00.000,2012,9,14,14,VRB02KT,15,07
2012-09-14 15:00:00.000,2012,9,14,15,13017KT,18,06
2012-09-14 16:00:00.000,2012,9,14,16,14018KT,17,06
2012-09-14 17:00:00.000,2012,9,14,17,16020KT,17,06
2012-09-14 18:00:00.000,2012,9,14,18,18016KT,18,06
2012-09-14 19:00:00.000,2012,9,14,19,14016KT,18,07
2012-09-14 20:00:00.000,2012,9,14,20,13012KT,18,08
2012-09-14 21:00:00.000,2012,9,14,21,18012KT,18,07
2012-09-14 22:00:00.000,2012,9,14,22,17014KT,17,07
2012-09-14 23:00:00.000,2012,9,14,23,15012KT,16,07
2012-09-15 00:00:00.000,2012,9,15,0,12008KT,13,06
2012-09-15 01:00:00.000,2012,9,15,1,16009KT,11,06
2012-09-15 02:00:00.000,2012,9,15,2,13006KT,11,05
2012-09-15 03:00:00.000,2012,9,15,3,VRB02KT,08,06
2012-09-15 04:00:00.000,2012,9,15,4,10003KT,11,06
2012-09-15 05:00:00.000,2012,9,15,5,VRB02KT,08,07
2012-09-15 06:00:00.000,2012,9,15,6,35003KT,06,05
2012-09-15 07:00:00.000,2012,9,15,7,03003KT,06,06
2012-09-15 08:00:00.000,2012,9,15,8,VRB02KT,06,06
2012-09-15 09:00:00.000,2012,9,15,9,03003KT,08,07
2012-09-15 10:00:00.000,2012,9,15,10,04003KT,06,05
2012-09-15 10:30:00.000,2012,9,15,10,05003KT,07,07
2012-09-15 11:00:00.000,2012,9,15,11,VRB02KT,07,06
2012-09-15 12:00:00.000,2012,9,15,12,35003KT,10,09
2012-09-15 13:00:00.000,2012,9,15,13,05004KT,11,09
2012-09-15 13:25:00.000,2012,9,15,13,04005KT,11,10
2012-09-15 14:00:00.000,2012,9,15,14,02005KT,13,10
2012-09-15 15:00:00.000,2012,9,15,15,VRB02KT,14,09
2012-09-15 16:00:00.000,2012,9,15,16,11012KT,16,07
2012-09-15 17:00:00.000,2012,9,15,17,15015KT,16,08
2012-09-15 18:00:00.000,2012,9,15,18,15012KT,17,09
2012-09-15 19:00:00.000,2012,9,15,19,12014KT,16,08
2012-09-15 20:00:00.000,2012,9,15,20,13013KT,16,07
2012-09-15 21:00:00.000,2012,9,15,21,12010KT,15,07
2012-09-15 22:00:00.000,2012,9,15,22,15008KT,14,09
2012-09-15 23:00:00.000,2012,9,15,23,VRB02KT,14,08
2012-09-16 00:00:00.000,2012,9,16,0,10008KT,14,08
2012-09-16 01:00:00.000,2012,9,16,1,10006KT,13,08
2012-09-16 02:00:00.000,2012,9,16,2,06006KT,11,08
2012-09-16 03:00:00.000,2012,9,16,3,04004KT,12,08
2012-09-16 04:00:00.000,2012,9,16,4,30004KT,11,08
2012-09-16 05:00:00.000,2012,9,16,5,03004KT,10,08
2012-09-16 06:00:00.000,2012,9,16,6,04003KT,09,08
2012-09-16 07:00:00.000,2012,9,16,7,31004KT,07,06
2012-09-16 08:00:00.000,2012,9,16,8,VRB02KT,06,06
2012-09-16 09:00:00.000,2012,9,16,9,VRB02KT,05,05
2012-09-16 10:00:00.000,2012,9,16,10,VRB02KT,05,04
2012-09-16 10:30:00.000,2012,9,16,10,VRB02KT,04,04
2012-09-16 11:00:00.000,2012,9,16,11,VRB02KT,03,03
2012-09-16 11:22:00.000,2012,9,16,11,VRB02KT,13,03
2012-09-16 12:00:00.000,2012,9,16,12,VRB02KT,06,06
2012-09-16 13:00:00.000,2012,9,16,13,VRB02KT,10,10
2012-09-16 14:00:00.000,2012,9,16,14,05006KT,14,08
2012-09-16 15:00:00.000,2012,9,16,15,VRB02KT,16,09
2012-09-16 16:00:00.000,2012,9,16,16,09003KT,17,08
2012-09-16 17:00:00.000,2012,9,16,17,13008KT,18,06
2012-09-16 18:00:00.000,2012,9,16,18,14010KT,18,06
2012-09-16 19:00:00.000,2012,9,16,19,14012KT,18,07
2012-09-16 20:00:00.000,2012,9,16,20,12006KT,17,06
2012-09-16 21:00:00.000,2012,9,16,21,14008KT,17,06
2012-09-16 22:00:00.000,2012,9,16,22,12010KT,17,07
2012-09-16 23:00:00.000,2012,9,16,23,10008KT,15,08
2012-09-17 00:00:00.000,2012,9,17,0,14010KT,13,07
2012-09-17 01:00:00.000,2012,9,17,1,13007KT,13,07
2012-09-17 02:00:00.000,2012,9,17,2,VRB02KT,12,08
2012-09-17 03:00:00.000,2012,9,17,3,05004KT,11,08
2012-09-17 04:00:00.000,2012,9,17,4,04003KT,10,07
2012-09-17 05:00:00.000,2012,9,17,5,VRB02KT,11,08
2012-09-17 06:00:00.000,2012,9,17,6,VRB02KT,11,08
2012-09-17 07:00:00.000,2012,9,17,7,37003KT,10,08
2012-09-17 08:00:00.000,2012,9,17,8,02003KT,10,08
2012-09-17 12:00:00.000,2012,9,17,12,04005KT,11,08
2012-09-17 13:00:00.000,2012,9,17,13,07003KT,13,08
2012-09-17 14:00:00.000,2012,9,17,14,03003KT,15,09
2012-09-17 15:00:00.000,2012,9,17,15,13012KT,17,07
2012-09-17 16:00:00.000,2012,9,17,16,13012KT,17,08
2012-09-17 17:00:00.000,2012,9,17,17,15015KT,17,09
2012-09-17 18:00:00.000,2012,9,17,18,16016KT,17,08
2012-09-17 19:00:00.000,2012,9,17,19,14014KT,17,08
2012-09-17 20:00:00.000,2012,9,17,20,14012KT,17,08
2012-09-17 21:00:00.000,2012,9,17,21,16010KT,16,08
2012-09-17 22:00:00.000,2012,9,17,22,17008KT,16,08
2012-09-17 23:00:00.000,2012,9,17,23,14008KT,15,07
2012-09-18 00:00:00.000,2012,9,18,0,10006KT,14,09
2012-09-18 01:00:00.000,2012,9,18,1,12009KT,14,08
2012-09-18 02:00:00.000,2012,9,18,2,12005KT,14,07
2012-09-18 03:00:00.000,2012,9,18,3,33005KT,12,08
2012-09-18 04:00:00.000,2012,9,18,4,VRB02KT,11,08
2012-09-18 05:00:00.000,2012,9,18,5,04004KT,10,07
2012-09-18 06:00:00.000,2012,9,18,6,01005KT,11,08
2012-09-18 07:00:00.000,2012,9,18,7,VRB02KT,10,08
2012-09-18 08:00:00.000,2012,9,18,8,03004KT,10,08
2012-09-18 09:00:00.000,2012,9,18,9,VRB002KT,09,08
2012-09-18 10:00:00.000,2012,9,18,10,01004KT,07,07
2012-09-18 11:00:00.000,2012,9,18,11,VRB02KT,07,06
2012-09-18 12:00:00.000,2012,9,18,12,VRB02KT,08,08
2012-09-18 13:00:00.000,2012,9,18,13,01004KT,11,09
2012-09-18 14:00:00.000,2012,9,18,14,04005KT,14,09
2012-09-18 15:00:00.000,2012,9,18,15,32005KT,16,08
2012-09-18 16:00:00.000,2012,9,18,16,35007KT,18,09
2012-09-18 17:00:00.000,2012,9,18,17,05012KT,17,09
2012-09-18 18:00:00.000,2012,9,18,18,05009KT,18,07
2012-09-18 19:00:00.000,2012,9,18,19,07005KT,19,06
2012-09-18 20:00:00.000,2012,9,18,20,25013KT,20,11
2012-09-18 21:00:00.000,2012,9,18,21,27009KT,18,10
2012-09-18 22:00:00.000,2012,9,18,22,28010KT,17,08
2012-09-18 23:00:00.000,2012,9,18,23,28009KT,15,08
2012-09-19 00:00:00.000,2012,9,19,0,22004KT,13,08
2012-09-19 01:00:00.000,2012,9,19,1,VRB02KT,14,09
2012-09-19 02:00:00.000,2012,9,19,2,VRB02KT,13,09
2012-09-19 03:00:00.000,2012,9,19,3,VRB02KT,11,09
2012-09-19 04:00:00.000,2012,9,19,4,00000KT,10,09
2012-09-19 05:00:00.000,2012,9,19,5,VRB02KT,09,08
2012-09-19 06:00:00.000,2012,9,19,6,VRB02KT,08,07
2012-09-19 07:00:00.000,2012,9,19,7,00000KT,08,07
2012-09-19 08:00:00.000,2012,9,19,8,05003KT,07,06
2012-09-19 09:00:00.000,2012,9,19,9,06003KT,08,07
2012-09-19 10:00:00.000,2012,9,19,10,VRB02KT,08,07
2012-09-19 10:30:00.000,2012,9,19,10,00000KT,09,08
2012-09-19 11:00:00.000,2012,9,19,11,00000KT,08,07
2012-09-19 12:00:00.000,2012,9,19,12,04004KT,11,10
2012-09-19 13:00:00.000,2012,9,19,13,03008KT,13,09
2012-09-19 14:00:00.000,2012,9,19,14,02008KT,14,08
2012-09-19 15:00:00.000,2012,9,19,15,35006KT,17,08
2012-09-19 16:00:00.000,2012,9,19,16,35005KT,19,09
2012-09-19 17:00:00.000,2012,9,19,17,21011KT,19,11
2012-09-19 17:29:00.000,2012,9,19,17,23013KT,17,11
2012-09-19 18:00:00.000,2012,9,19,18,22012KT,18,12
2012-09-19 19:00:00.000,2012,9,19,19,23011KT,16,11
2012-09-19 20:00:00.000,2012,9,19,20,23011KT,16,11
2012-09-19 21:00:00.000,2012,9,19,21,29004KT,16,10
2012-09-19 22:00:00.000,2012,9,19,22,35004KT,16,11
2012-09-19 23:00:00.000,2012,9,19,23,31004KT,15,11
2012-09-20 00:00:00.000,2012,9,20,0,32004KT,14,11
2012-09-20 01:00:00.000,2012,9,20,1,VRB02KT,11,10
2012-09-20 02:00:00.000,2012,9,20,2,02006KT,10,08
2012-09-20 03:00:00.000,2012,9,20,3,02004KT,10,08
2012-09-20 04:00:00.000,2012,9,20,4,01004KT,09,08
2012-09-20 05:00:00.000,2012,9,20,5,VRB02KT,09,08
2012-09-20 06:00:00.000,2012,9,20,6,VRB02KT,09,08
2012-09-20 07:00:00.000,2012,9,20,7,00000KT,07,06
2012-09-20 08:00:00.000,2012,9,20,8,32003KT,06,06
2012-09-20 09:00:00.000,2012,9,20,9,VRB02KT,07,07
2012-09-20 10:00:00.000,2012,9,20,10,VRB02KT,09,08
2012-09-20 11:00:00.000,2012,9,20,11,06004KT,09,08
2012-09-20 12:00:00.000,2012,9,20,12,03003KT,11,09
2012-09-20 13:00:00.000,2012,9,20,13,04005KT,13,09
2012-09-20 14:00:00.000,2012,9,20,14,03010KT,17,08
2012-09-20 15:00:00.000,2012,9,20,15,03011KT,18,08
2012-09-20 16:00:00.000,2012,9,20,16,12010KT,18,07
2012-09-20 17:00:00.000,2012,9,20,17,12012KT,19,07
2012-09-20 18:00:00.000,2012,9,20,18,06012KT,19,07
2012-09-20 19:00:00.000,2012,9,20,19,09008KT,20,07
2012-09-20 20:00:00.000,2012,9,20,20,15006KT,21,07
2012-09-20 21:00:00.000,2012,9,20,21,22012KT,20,12
2012-09-20 22:00:00.000,2012,9,20,22,24012KT,18,12
2012-09-20 22:25:00.000,2012,9,20,22,24004KT,18,12
2012-09-20 23:00:00.000,2012,9,20,23,34010KT,16,12
2012-09-21 00:00:00.000,2012,9,21,0,12007KT,14,09
2012-09-21 01:00:00.000,2012,9,21,1,33003KT,12,10
2012-09-21 02:00:00.000,2012,9,21,2,34003KT,12,10
2012-09-21 03:00:00.000,2012,9,21,3,03003KT,11,10
2012-09-21 04:00:00.000,2012,9,21,4,VRB02KT,12,10
2012-09-21 05:00:00.000,2012,9,21,5,02005KT,12,10
2012-09-21 06:00:00.000,2012,9,21,6,VRB02KT,12,01
2012-09-21 07:00:00.000,2012,9,21,7,03006KT,11,08
2012-09-21 08:00:00.000,2012,9,21,8,02004KT,10,07
2012-09-21 09:00:00.000,2012,9,21,9,04006KT,10,07
2012-09-21 10:00:00.000,2012,9,21,10,01005KT,09,07
2012-09-21 10:30:00.000,2012,9,21,10,04006KT,09,07
2012-09-21 11:00:00.000,2012,9,21,11,03006KT,09,07
2012-09-21 12:00:00.000,2012,9,21,12,04008KT,12,08
2012-09-21 13:00:00.000,2012,9,21,13,05008KT,14,08
2012-09-21 14:00:00.000,2012,9,21,14,05008KT,16,09
2012-09-21 15:00:00.000,2012,9,21,15,12010KT,18,08
2012-09-21 16:00:00.000,2012,9,21,16,15010KT,20,06
2012-09-21 17:00:00.000,2012,9,21,17,14012KT,19,08
2012-09-21 18:00:00.000,2012,9,21,18,16006KT,20,07
2012-09-21 19:00:00.000,2012,9,21,19,13006KT,21,05
2012-09-21 20:00:00.000,2012,9,21,20,27010KT,21,09
2012-09-21 21:00:00.000,2012,9,21,21,26012KT,20,12
2012-09-21 22:00:00.000,2012,9,21,22,12006KT,16,11
2012-09-21 22:30:00.000,2012,9,21,22,30006KT,16,12
2012-09-21 23:00:00.000,2012,9,21,23,03006KT,14,10
2012-09-22 00:00:00.000,2012,9,22,0,10004KT,14,11
2012-09-22 01:00:00.000,2012,9,22,1,17011KT,15,09
2012-09-22 02:00:00.000,2012,9,22,2,03005KT,13,10
2012-09-22 03:00:00.000,2012,9,22,3,04003KT,13,09
2012-09-22 04:00:00.000,2012,9,22,4,11003KT,14,09
2012-09-22 05:00:00.000,2012,9,22,5,05004KT,12,09
2012-09-22 06:00:00.000,2012,9,22,6,04003KT,12,09
2012-09-22 07:00:00.000,2012,9,22,7,02005KT,11,09
2012-09-22 08:00:00.000,2012,9,22,8,00000KT,11,09
2012-09-22 09:00:00.000,2012,9,22,9,04003KT,11,09
2012-09-22 10:00:00.000,2012,9,22,10,02003KT,11,09
2012-09-22 10:30:00.000,2012,9,22,10,03005KT,12,09
2012-09-22 11:00:00.000,2012,9,22,11,04005KT,12,09
2012-09-22 12:00:00.000,2012,9,22,12,03004KT,12,09
2012-09-22 13:00:00.000,2012,9,22,13,09008KT,15,09
2012-09-22 14:00:00.000,2012,9,22,14,10010KT,18,08
2012-09-22 15:00:00.000,2012,9,22,15,11008KT,17,06
2012-09-22 16:00:00.000,2012,9,22,16,11008KT,17,07
2012-09-22 17:00:00.000,2012,9,22,17,12009KT,17,08
2012-09-22 18:00:00.000,2012,9,22,18,16015KT,16,08
2012-09-22 19:00:00.000,2012,9,22,19,15010KT,17,07
2012-09-22 20:00:00.000,2012,9,22,20,11010KT,17,09
2012-09-22 21:00:00.000,2012,9,22,21,09014KT,16,08
2012-09-22 22:00:00.000,2012,9,22,22,12010KT,15,06
2012-09-22 23:00:00.000,2012,9,22,23,10008KT,14,06
2012-09-23 00:00:00.000,2012,9,23,0,08004KT,14,06
2012-09-23 01:00:00.000,2012,9,23,1,03004KT,13,07
2012-09-23 02:00:00.000,2012,9,23,2,VRB02KT,12,08
2012-09-23 03:00:00.000,2012,9,23,3,VRB02KT,11,07
2012-09-23 04:00:00.000,2012,9,23,4,VRB02KT,10,07
2012-09-23 05:00:00.000,2012,9,23,5,05004KT,10,07
2012-09-23 06:00:00.000,2012,9,23,6,02004KT,10,07
2012-09-23 07:00:00.000,2012,9,23,7,05006KT,10,07
2012-09-23 08:00:00.000,2012,9,23,8,03006KT,10,07
2012-09-23 09:00:00.000,2012,9,23,9,05006KT,10,07
2012-09-23 10:00:00.000,2012,9,23,10,04004KT,10,07
2012-09-23 11:00:00.000,2012,9,23,11,03006KT,10,07
2012-09-23 12:00:00.000,2012,9,23,12,01003KT,10,07
2012-09-23 13:00:00.000,2012,9,23,13,07005KT,13,08
2012-09-23 14:00:00.000,2012,9,23,14,36007KT,14,08
2012-09-23 15:00:00.000,2012,9,23,15,07005KT,16,07
2012-09-23 16:00:00.000,2012,9,23,16,11015KT,17,07
2012-09-23 17:00:00.000,2012,9,23,17,12010KT,18,07
2012-09-23 18:00:00.000,2012,9,23,18,10008KT,19,05
2012-09-23 19:00:00.000,2012,9,23,19,09006KT,18,07
2012-09-23 20:00:00.000,2012,9,23,20,10009KT,18,07
2012-09-23 21:00:00.000,2012,9,23,21,10008KT,18,07
2012-09-23 22:00:00.000,2012,9,23,22,09005KT,18,06
2012-09-23 23:00:00.000,2012,9,23,23,12006KT,16,07
2012-09-24 00:00:00.000,2012,9,24,0,34004KT,13,10
2012-09-24 01:00:00.000,2012,9,24,1,30004KT,12,10
2012-09-24 02:00:00.000,2012,9,24,2,VRB02KT,12,09
2012-09-24 03:00:00.000,2012,9,24,3,VRB02KT,12,09
2012-09-24 04:00:00.000,2012,9,24,4,VRB02KT,11,09
2012-09-24 05:00:00.000,2012,9,24,5,VRB02KT,09,08
2012-09-24 06:00:00.000,2012,9,24,6,VRB02KT,09,08
2012-09-24 07:00:00.000,2012,9,24,7,VRB02KT,09,08
2012-09-24 08:00:00.000,2012,9,24,8,VRB02KT,07,07
2012-09-24 09:00:00.000,2012,9,24,9,VRB02KT,06,06
2012-09-24 10:00:00.000,2012,9,24,10,03003KT,07,06
2012-09-24 11:00:00.000,2012,9,24,11,27006KT,07,06
2012-09-24 12:00:00.000,2012,9,24,12,VRB02KT,08,07
2012-09-24 12:40:00.000,2012,9,24,12,VRB02KT,11,09
2012-09-24 13:00:00.000,2012,9,24,13,04004KT,13,09
2012-09-24 13:40:00.000,2012,9,24,13,33007KT,16,08
2012-09-24 14:00:00.000,2012,9,24,14,VRB02KT,16,08
2012-09-24 15:00:00.000,2012,9,24,15,03006KT,17,08
2012-09-24 16:00:00.000,2012,9,24,16,21005KT,19,08
2012-09-24 17:00:00.000,2012,9,24,17,VRB02KT,19,07
2012-09-24 18:00:00.000,2012,9,24,18,31010KT,17,10
2012-09-24 19:00:00.000,2012,9,24,19,31012KT,18,11
2012-09-24 19:35:00.000,2012,9,24,19,28014KT,17,11
2012-09-24 20:00:00.000,2012,9,24,20,27009KT,15,11
2012-09-24 21:00:00.000,2012,9,24,21,02006KT,13,11
2012-09-24 21:10:00.000,2012,9,24,21,03003KT,13,11
2012-09-24 22:00:00.000,2012,9,24,22,30003KT,13,11
2012-09-24 22:38:00.000,2012,9,24,22,25005KT,13,10
2012-09-24 23:00:00.000,2012,9,24,23,32006KT,13,10
2012-09-25 00:00:00.000,2012,9,25,0,04005KT,12,11
2012-09-25 02:00:00.000,2012,9,25,2,04003KT,13,11
2012-09-25 03:00:00.000,2012,9,25,3,03005KT,12,11
2012-09-25 04:00:00.000,2012,9,25,4,05005KT,12,11
2012-09-25 05:00:00.000,2012,9,25,5,02006KT,12,10
2012-09-25 06:00:00.000,2012,9,25,6,03004KT,11,10
2012-09-25 07:00:00.000,2012,9,25,7,05005KT,11,09
2012-09-25 08:00:00.000,2012,9,25,8,06006KT,11,09
2012-09-25 09:00:00.000,2012,9,25,9,04004KT,11,09
2012-09-25 10:00:00.000,2012,9,25,10,03004KT,11,09
2012-09-25 10:30:00.000,2012,9,25,10,04004KT,11,09
2012-09-25 11:00:00.000,2012,9,25,11,04004KT,11,09
2012-09-25 12:00:00.000,2012,9,25,12,02004KT,12,10
2012-09-25 13:00:00.000,2012,9,25,13,06008KT,13,10
2012-09-25 14:00:00.000,2012,9,25,14,04008KT,14,10
2012-09-25 15:00:00.000,2012,9,25,15,10004KT,16,09
2012-09-25 16:00:00.000,2012,9,25,16,12004KT,17,09
2012-09-25 17:00:00.000,2012,9,25,17,14006KT,17,08
2012-09-25 18:00:00.000,2012,9,25,18,16010KT,18,08
2012-09-25 19:00:00.000,2012,9,25,19,32006KT,17,11
2012-09-25 20:00:00.000,2012,9,25,20,21008KT,18,11
2012-09-25 21:00:00.000,2012,9,25,21,28006KT,17,11
2012-09-25 22:00:00.000,2012,9,25,22,32008KT,16,10
2012-09-25 23:00:00.000,2012,9,25,23,31008KT,15,10
2012-09-26 00:00:00.000,2012,9,26,0,29006KT,14,11
2012-09-26 01:00:00.000,2012,9,26,1,34005KT,13,10
2012-09-26 02:00:00.000,2012,9,26,2,VRB02KT,12,09
2012-09-26 03:00:00.000,2012,9,26,3,03004KT,11,09
2012-09-26 04:00:00.000,2012,9,26,4,05003KT,10,09
2012-09-26 05:00:00.000,2012,9,26,5,36003KT,09,08
2012-09-26 06:00:00.000,2012,9,26,6,06003KT,09,08
2012-09-26 07:00:00.000,2012,9,26,7,03004KT,09,08
2012-09-26 08:00:00.000,2012,9,26,8,04004KT,08,07
2012-09-26 09:00:00.000,2012,9,26,9,06004KT,10,09
2012-09-26 10:00:00.000,2012,9,26,10,04005KT,10,09
2012-09-26 10:30:00.000,2012,9,26,10,04004KT,10,09
2012-09-26 11:00:00.000,2012,9,26,11,04003KT,10,08
2012-09-26 12:00:00.000,2012,9,26,12,04006KT,12,10
2012-09-26 13:00:00.000,2012,9,26,13,08011KT,15,09
2012-09-26 14:00:00.000,2012,9,26,14,12006KT,17,09
2012-09-26 15:00:00.000,2012,9,26,15,09006KT,18,08
2012-09-26 16:00:00.000,2012,9,26,16,10016KT,19,09
2012-09-26 17:00:00.000,2012,9,26,17,10016KT,19,09
2012-09-26 18:00:00.000,2012,9,26,18,05007KT,18,08
2012-09-26 19:00:00.000,2012,9,26,19,11010KT,19,09
2012-09-26 20:00:00.000,2012,9,26,20,10005KT,18,09
2012-09-26 21:00:00.000,2012,9,26,21,13007KT,19,08
2012-09-26 22:00:00.000,2012,9,26,22,07003KT,17,08
2012-09-26 23:00:00.000,2012,9,26,23,09003KT,17,08
2012-09-27 00:00:00.000,2012,9,27,0,15008KT,15,08
2012-09-27 01:00:00.000,2012,9,27,1,15005KT,15,08
2012-09-27 01:10:00.000,2012,9,27,1,00000KT,12,08
2012-09-27 02:00:00.000,2012,9,27,2,32003KT,13,09
2012-09-27 03:00:00.000,2012,9,27,3,15011KT,13,09
2012-09-27 04:00:00.000,2012,9,27,4,VRB02KT,14,09
2012-09-27 05:00:00.000,2012,9,27,5,17008KT,14,07
2012-09-27 06:00:00.000,2012,9,27,6,35003KT,11,08
2012-09-27 07:00:00.000,2012,9,27,7,VRB02KT,10,08
2012-09-27 08:00:00.000,2012,9,27,8,VRB02KT,08,07
2012-09-27 09:00:00.000,2012,9,27,9,01003KT,08,07
2012-09-27 10:00:00.000,2012,9,27,10,05003KT,10,08
2012-09-27 10:30:00.000,2012,9,27,10,00000KT,10,08
2012-09-27 11:00:00.000,2012,9,27,11,VRB02KT,10,08
2012-09-27 12:00:00.000,2012,9,27,12,VRB02KT,11,09
2012-09-27 13:00:00.000,2012,9,27,13,06005KT,13,09
2012-09-27 14:00:00.000,2012,9,27,14,03006KT,14,09
2012-09-27 15:00:00.000,2012,9,27,15,13012KT,17,08
2012-09-27 16:00:00.000,2012,9,27,16,11010KT,19,08
2012-09-27 17:00:00.000,2012,9,27,17,13012KT,19,07
2012-09-27 18:00:00.000,2012,9,27,18,20010KT,19,10
2012-09-27 19:00:00.000,2012,9,27,19,22010KT,17,11
2012-09-27 20:00:00.000,2012,9,27,20,26005KT,18,10
2012-09-27 21:00:00.000,2012,9,27,21,24006KT,18,10
2012-09-27 22:00:00.000,2012,9,27,22,22010KT,16,10
2012-09-27 23:00:00.000,2012,9,27,23,22006KT,15,11
2012-09-28 00:00:00.000,2012,9,28,0,00000KT,13,11
2012-09-28 01:00:00.000,2012,9,28,1,33003KT,13,10
2012-09-28 02:00:00.000,2012,9,28,2,35004KT,12,09
2012-09-28 03:00:00.000,2012,9,28,3,02004KT,11,09
2012-09-28 04:00:00.000,2012,9,28,4,VRB02KT,10,09
2012-09-28 05:00:00.000,2012,9,28,5,27003KT,09,08
2012-09-28 06:00:00.000,2012,9,28,6,00000KT,08,07
2012-09-28 07:00:00.000,2012,9,28,7,00000KT,08,07
2012-09-28 08:00:00.000,2012,9,28,8,05004KT,07,07
2012-09-28 09:00:00.000,2012,9,28,9,03006KT,07,06
2012-09-28 10:00:00.000,2012,9,28,10,03005KT,07,07
2012-09-28 10:30:00.000,2012,9,28,10,05004KT,08,08
2012-09-28 11:00:00.000,2012,9,28,11,05006KT,08,08
2012-09-28 12:00:00.000,2012,9,28,12,04004KT,10,09
2012-09-28 13:00:00.000,2012,9,28,13,01003KT,13,10
2012-09-28 14:00:00.000,2012,9,28,14,09004KT,15,10
2012-09-28 15:00:00.000,2012,9,28,15,15006KT,16,10
2012-09-28 16:00:00.000,2012,9,28,16,15008KT,18,08
2012-09-28 17:00:00.000,2012,9,28,17,14010KT,19,08
2012-09-28 18:00:00.000,2012,9,28,18,12008KT,17,09
2012-09-28 19:00:00.000,2012,9,28,19,13009KT,19,07
2012-09-28 20:00:00.000,2012,9,28,20,14008KT,19,07
2012-09-28 21:00:00.000,2012,9,28,21,35003KT,18,10
2012-09-28 22:00:00.000,2012,9,28,22,30005KT,16,11
2012-09-28 23:00:00.000,2012,9,28,23,25006KT,16,10
2012-09-29 00:00:00.000,2012,9,29,0,19007KT,15,09
2012-09-29 01:00:00.000,2012,9,29,1,15004KT,14,08
2012-09-29 02:00:00.000,2012,9,29,2,270004KT,13,08
2012-09-29 03:00:00.000,2012,9,29,3,35003KT,11,08
2012-09-29 04:00:00.000,2012,9,29,4,01003KT,12,08
2012-09-29 05:00:00.000,2012,9,29,5,VRB02KT,11,08
2012-09-29 06:00:00.000,2012,9,29,6,05003KT,10,08
2012-09-29 07:00:00.000,2012,9,29,7,02003KT,09,08
2012-09-29 08:00:00.000,2012,9,29,8,06004KT,08,07
2012-09-29 09:00:00.000,2012,9,29,9,04003KT,09,08
2012-09-29 10:00:00.000,2012,9,29,10,05003KT,09,07
2012-09-29 11:00:00.000,2012,9,29,11,05003KT,09,08
2012-09-29 12:00:00.000,2012,9,29,12,15005KT,11,08
2012-09-29 13:00:00.000,2012,9,29,13,07006KT,14,09
2012-09-29 14:00:00.000,2012,9,29,14,12005KT,16,07
2012-09-29 15:00:00.000,2012,9,29,15,17010KT,17,07
2012-09-29 16:00:00.000,2012,9,29,16,13009KT,17,08
2012-09-29 17:00:00.000,2012,9,29,17,16006KT,18,08
2012-09-29 18:00:00.000,2012,9,29,18,15014KT,18,09
2012-09-29 19:00:00.000,2012,9,29,19,17008KT,18,08
2012-09-29 20:00:00.000,2012,9,29,20,13013KT,18,08
2012-09-29 21:00:00.000,2012,9,29,21,16012KT,19,09
2012-09-29 22:00:00.000,2012,9,29,22,15015KT,17,08
2012-09-29 23:00:00.000,2012,9,29,23,13014KT,15,09
2012-09-30 00:00:00.000,2012,9,30,0,13010KT,15,08
2012-09-30 01:00:00.000,2012,9,30,1,06004KT,14,09
2012-09-30 02:00:00.000,2012,9,30,2,09005KT,14,09
2012-09-30 03:00:00.000,2012,9,30,3,10006KT,14,08
2012-09-30 04:00:00.000,2012,9,30,4,13007KT,13,08
2012-09-30 05:00:00.000,2012,9,30,5,12007KT,13,07
2012-09-30 06:00:00.000,2012,9,30,6,13005KT,13,08
2012-09-30 07:00:00.000,2012,9,30,7,13005KT,13,08
2012-09-30 08:00:00.000,2012,9,30,8,14006KT,12,08
2012-09-30 09:00:00.000,2012,9,30,9,11004KT,12,08
2012-09-30 10:00:00.000,2012,9,30,10,10006KT,12,08
2012-09-30 10:30:00.000,2012,9,30,10,09004KT,11,07
2012-09-30 11:00:00.000,2012,9,30,11,09005KT,11,06
2012-09-30 12:00:00.000,2012,9,30,12,10005KT,13,07
2012-09-30 13:00:00.000,2012,9,30,13,13005KT,14,06
2012-09-30 14:00:00.000,2012,9,30,14,15010KT,15,07
2012-09-30 15:00:00.000,2012,9,30,15,15009KT,15,08
2012-09-30 16:00:00.000,2012,9,30,16,10010KT,16,08
2012-09-30 17:00:00.000,2012,9,30,17,13015KT,17,08
2012-09-30 18:00:00.000,2012,9,30,18,10011KT,18,08
2012-09-30 19:00:00.000,2012,9,30,19,14009KT,17,08
2012-09-30 20:00:00.000,2012,9,30,20,06008KT,17,10
2012-09-30 21:00:00.000,2012,9,30,21,07007KT,18,08
2012-09-30 22:00:00.000,2012,9,30,22,07007KT,17,08
2012-09-30 23:00:00.000,2012,9,30,23,08007KT,16,08
2012-09-30 23:35:00.000,2012,9,30,23,12010KT,14,10
2012-10-01 00:00:00.000,2012,10,1,0,11006KT,13,10
2012-10-01 01:00:00.000,2012,10,1,1,04004KT,13,11
2012-10-01 02:00:00.000,2012,10,1,2,VRB02KT,12,09
2012-10-01 03:00:00.000,2012,10,1,3,VRB02KT,12,10
2012-10-01 04:00:00.000,2012,10,1,4,VRB02KT,11,09
2012-10-01 05:00:00.000,2012,10,1,5,01004KT,11,09
2012-10-01 06:00:00.000,2012,10,1,6,03004KT,11,08
2012-10-01 07:00:00.000,2012,10,1,7,06004KT,11,08
2012-10-01 08:00:00.000,2012,10,1,8,05004KT,10,08
2012-10-01 09:00:00.000,2012,10,1,9,04004KT,11,09
2012-10-01 10:00:00.000,2012,10,1,10,VRB02KT,10,08
2012-10-01 10:30:00.000,2012,10,1,10,03004KT,10,09
2012-10-01 11:00:00.000,2012,10,1,11,05004KT,11,08
2012-10-01 12:00:00.000,2012,10,1,12,VRB02KT,12,09
2012-10-01 13:00:00.000,2012,10,1,13,03005KT,14,10
2012-10-01 14:00:00.000,2012,10,1,14,VRB02KT,15,09
2012-10-01 15:00:00.000,2012,10,1,15,07005KT,16,09
2012-10-01 16:00:00.000,2012,10,1,16,06008KT,15,10
2012-10-01 17:00:00.000,2012,10,1,17,14007KT,16,09
2012-10-01 18:00:00.000,2012,10,1,18,15012KT,18,09
2012-10-01 19:00:00.000,2012,10,1,19,12012KT,19,09
2012-10-01 20:00:00.000,2012,10,1,20,13014KT,18,08
2012-10-01 21:00:00.000,2012,10,1,21,12007KT,19,08
2012-10-01 22:00:00.000,2012,10,1,22,14007KT,18,07
2012-10-01 23:00:00.000,2012,10,1,23,06010KT,16,07
2012-10-02 00:00:00.000,2012,10,2,0,11008KT,15,08
2012-10-02 01:00:00.000,2012,10,2,1,26006KT,12,10
2012-10-02 02:00:00.000,2012,10,2,2,VRB02KT,11,10
2012-10-02 03:00:00.000,2012,10,2,3,06003KT,11,09
2012-10-02 04:00:00.000,2012,10,2,4,VRB02KT,11,08
2012-10-02 05:00:00.000,2012,10,2,5,VRB02KT,10,08
2012-10-02 06:00:00.000,2012,10,2,6,03003KT,10,08
2012-10-02 07:00:00.000,2012,10,2,7,32004KT,10,08
2012-10-02 08:00:00.000,2012,10,2,8,VRB02KT,09,08
2012-10-02 09:00:00.000,2012,10,2,9,01003KT,09,08
2012-10-02 10:00:00.000,2012,10,2,10,05004KT,11,08
2012-10-02 11:00:00.000,2012,10,2,11,03006KT,11,08
2012-10-02 12:00:00.000,2012,10,2,12,05008KT,12,09
2012-10-02 13:00:00.000,2012,10,2,13,05008KT,14,09
2012-10-02 14:00:00.000,2012,10,2,14,05006KT,16,08
2012-10-02 15:00:00.000,2012,10,2,15,10008KT,18,08
2012-10-02 16:00:00.000,2012,10,2,16,09008KT,18,08
2012-10-02 17:00:00.000,2012,10,2,17,VRB02KT,18,07
2012-10-02 18:00:00.000,2012,10,2,18,13008KT,19,08
2012-10-02 19:00:00.000,2012,10,2,19,08010KT,19,08
2012-10-02 20:00:00.000,2012,10,2,20,09008KT,20,07
2012-10-02 21:00:00.000,2012,10,2,21,04008KT,19,07
2012-10-02 22:00:00.000,2012,10,2,22,27008KT,16,12
2012-10-02 23:00:00.000,2012,10,2,23,24006KT,15,12
2012-10-03 00:00:00.000,2012,10,3,0,28004KT,14,12
2012-10-03 01:00:00.000,2012,10,3,1,VRB02KT,13,11
2012-10-03 02:00:00.000,2012,10,3,2,VRB02KT,12,09
2012-10-03 03:00:00.000,2012,10,3,3,04004KT,12,09
2012-10-03 04:00:00.000,2012,10,3,4,34004KT,11,08
2012-10-03 05:00:00.000,2012,10,3,5,VRB02KT,09,07
2012-10-03 06:00:00.000,2012,10,3,6,33003KT,08,06
2012-10-03 07:00:00.000,2012,10,3,7,VRB02KT,07,06
2012-10-03 08:00:00.000,2012,10,3,8,VRB02KT,06,05
2012-10-03 09:00:00.000,2012,10,3,9,31004KT,05,05
2012-10-03 10:00:00.000,2012,10,3,10,VRB02KT,05,04
2012-10-03 11:00:00.000,2012,10,3,11,VRB02KT,05,04
2012-10-03 11:30:00.000,2012,10,3,11,36004KT,07,06
2012-10-03 12:00:00.000,2012,10,3,12,02005KT,09,07
2012-10-03 12:35:00.000,2012,10,3,12,05004KT,12,08
2012-10-03 13:00:00.000,2012,10,3,13,VRB02KT,14,08
2012-10-03 14:00:00.000,2012,10,3,14,05006KT,16,08
2012-10-03 15:00:00.000,2012,10,3,15,07010KT,19,07
2012-10-03 16:00:00.000,2012,10,3,16,09012KT,19,07
2012-10-03 17:00:00.000,2012,10,3,17,13014KT,22,07
2012-10-03 18:00:00.000,2012,10,3,18,10012KT,21,05
2012-10-03 19:00:00.000,2012,10,3,19,13013KT,21,06
2012-10-03 20:00:00.000,2012,10,3,20,30008KT,18,10
2012-10-03 21:00:00.000,2012,10,3,21,30006KT,17,10
2012-10-03 22:00:00.000,2012,10,3,22,30006KT,17,10
2012-10-03 23:00:00.000,2012,10,3,23,20005KT,16,10
2012-10-04 00:00:00.000,2012,10,4,0,31004KT,15,12
2012-10-04 01:00:00.000,2012,10,4,1,VRB02KT,13,12
2012-10-04 02:00:00.000,2012,10,4,2,29004KT,11,10
2012-10-04 03:00:00.000,2012,10,4,3,35004KT,12,10
2012-10-04 04:00:00.000,2012,10,4,4,03004KT,11,08
2012-10-04 05:00:00.000,2012,10,4,5,01004KT,11,09
2012-10-04 06:00:00.000,2012,10,4,6,VRB02KT,08,07
2012-10-04 07:00:00.000,2012,10,4,7,27004KT,08,07
2012-10-04 08:00:00.000,2012,10,4,8,VRB02KT,10,08
2012-10-04 09:00:00.000,2012,10,4,9,02004KT,11,10
2012-10-04 10:00:00.000,2012,10,4,10,VRB02KT,11,10
2012-10-04 10:30:00.000,2012,10,4,10,03004KT,11,10
2012-10-04 11:00:00.000,2012,10,4,11,VRB02KT,11,10
2012-10-04 12:00:00.000,2012,10,4,12,34003KT,11,09
2012-10-04 13:00:00.000,2012,10,4,13,35003KT,12,10
2012-10-04 14:00:00.000,2012,10,4,14,03005KT,15,09
2012-10-04 15:00:00.000,2012,10,4,15,34005KT,17,09
2012-10-04 16:00:00.000,2012,10,4,16,34003KT,16,10
2012-10-04 17:00:00.000,2012,10,4,17,27006KT,16,10
2012-10-04 18:00:00.000,2012,10,4,18,34005KT,18,09
2012-10-04 19:00:00.000,2012,10,4,19,04007KT,18,08
2012-10-04 20:00:00.000,2012,10,4,20,01004KT,18,09
2012-10-04 21:00:00.000,2012,10,4,21,21006KT,18,12
2012-10-04 22:00:00.000,2012,10,4,22,29006KT,17,12
2012-10-04 23:00:00.000,2012,10,4,23,24005KT,15,12
2012-10-05 00:00:00.000,2012,10,5,0,25004KT,14,12
2012-10-05 01:00:00.000,2012,10,5,1,31004KT,14,11
2012-10-05 02:00:00.000,2012,10,5,2,03004KT,13,11
2012-10-05 03:00:00.000,2012,10,5,3,VRB02KT,13,11
2012-10-05 04:00:00.000,2012,10,5,4,VRB02KT,13,11
2012-10-05 05:00:00.000,2012,10,5,5,VRB02KT,12,11
2012-10-05 06:00:00.000,2012,10,5,6,00000KT,12,11
2012-10-05 07:00:00.000,2012,10,5,7,00000KT,12,10
2012-10-05 08:00:00.000,2012,10,5,8,33003KT,12,11
2012-10-05 09:00:00.000,2012,10,5,9,VRB02KT,12,10
2012-10-05 10:00:00.000,2012,10,5,10,00000KT,11,09
2012-10-05 11:00:00.000,2012,10,5,11,VRB02KT,10,09
2012-10-05 12:00:00.000,2012,10,5,12,VRB02KT,11,10
2012-10-05 13:00:00.000,2012,10,5,13,VRB02KT,13,10
2012-10-05 14:00:00.000,2012,10,5,14,VRB02KT,16,10
2012-10-05 15:00:00.000,2012,10,5,15,02006KT,18,10
2012-10-05 16:00:00.000,2012,10,5,16,19007KT,18,11
2012-10-05 17:00:00.000,2012,10,5,17,21006KT,18,10
2012-10-05 18:00:00.000,2012,10,5,18,25008KT,19,12
2012-10-05 18:30:00.000,2012,10,5,18,28020KT,19,13
2012-10-05 19:00:00.000,2012,10,5,19,29014KT,19,13
2012-10-05 19:27:00.000,2012,10,5,19,28010KT,18,12
2012-10-05 20:00:00.000,2012,10,5,20,28014KT,18,12
2012-10-05 21:00:00.000,2012,10,5,21,VRB02KT,17,12
2012-10-05 22:00:00.000,2012,10,5,22,31006KT,16,12
2012-10-05 23:00:00.000,2012,10,5,23,33006KT,14,11
2012-10-06 00:00:00.000,2012,10,6,0,31004KT,14,11
2012-10-06 01:00:00.000,2012,10,6,1,30006KT,14,12
2012-10-06 02:00:00.000,2012,10,6,2,32004KT,14,12
2012-10-06 03:00:00.000,2012,10,6,3,27004KT,14,12
2012-10-06 04:00:00.000,2012,10,6,4,30008KT,13,12
2012-10-06 05:00:00.000,2012,10,6,5,30006KT,12,11
2012-10-06 06:00:00.000,2012,10,6,6,32004KT,12,11
2012-10-06 07:00:00.000,2012,10,6,7,30004KT,12,11
2012-10-06 08:00:00.000,2012,10,6,8,32004KT,12,11
2012-10-06 09:00:00.000,2012,10,6,9,24004KT,12,10
2012-10-06 10:00:00.000,2012,10,6,10,00000KT,12,10
2012-10-06 10:30:00.000,2012,10,6,10,26004KT,12,10
2012-10-06 11:00:00.000,2012,10,6,11,26004KT,12,10
2012-10-06 12:00:00.000,2012,10,6,12,VRB02KT,13,10
2012-10-06 13:00:00.000,2012,10,6,13,VRB02KT,14,10
2012-10-06 14:00:00.000,2012,10,6,14,05006KT,15,10
2012-10-06 15:00:00.000,2012,10,6,15,08005KT,15,10
2012-10-06 15:30:00.000,2012,10,6,15,05008KT,15,12
2012-10-06 16:00:00.000,2012,10,6,16,06009KT,16,10
2012-10-06 17:00:00.000,2012,10,6,17,04008KT,17,12
2012-10-06 18:00:00.000,2012,10,6,18,10005KT,15,10
2012-10-06 18:06:00.000,2012,10,6,18,10006KT,14,11
2012-10-06 19:00:00.000,2012,10,6,19,03004KT,14,11
2012-10-06 20:00:00.000,2012,10,6,20,35007KT,16,11
2012-10-06 21:00:00.000,2012,10,6,21,04004KT,18,10
2012-10-06 22:00:00.000,2012,10,6,22,32005KT,17,10
2012-10-06 23:00:00.000,2012,10,6,23,28006KT,15,11
2012-10-07 00:00:00.000,2012,10,7,0,VRB02KT,14,12
2012-10-07 01:00:00.000,2012,10,7,1,19004KT,13,11
2012-10-07 02:00:00.000,2012,10,7,2,VRB02KT,13,11
2012-10-07 02:30:00.000,2012,10,7,2,36005KT,13,11
2012-10-07 03:00:00.000,2012,10,7,3,03004KT,12,11
2012-10-07 04:00:00.000,2012,10,7,4,VRB02KT,12,11
2012-10-07 05:00:00.000,2012,10,7,5,04004KT,12,11
2012-10-07 05:30:00.000,2012,10,7,5,03005KT,12,11
2012-10-07 06:00:00.000,2012,10,7,6,04003KT,12,11
2012-10-07 07:00:00.000,2012,10,7,7,05004KT,12,11
2012-10-07 08:00:00.000,2012,10,7,8,05004KT,12,11
2012-10-07 09:00:00.000,2012,10,7,9,00000KT,12,11
2012-10-07 10:00:00.000,2012,10,7,10,03004KT,12,10
2012-10-07 10:31:00.000,2012,10,7,10,04003KT,12,10
2012-10-07 11:00:00.000,2012,10,7,11,05004KT,12,10
2012-10-07 12:00:00.000,2012,10,7,12,06006KT,13,09
2012-10-07 13:00:00.000,2012,10,7,13,VRB02KT,14,10
2012-10-07 14:00:00.000,2012,10,7,14,14004KT,15,10
2012-10-07 14:28:00.000,2012,10,7,14,17012KT,15,11
2012-10-07 15:00:00.000,2012,10,7,15,16012KT,14,11
2012-10-07 16:00:00.000,2012,10,7,16,VRB02KT,15,10
2012-10-07 17:00:00.000,2012,10,7,17,02004KT,15,10
2012-10-07 18:00:00.000,2012,10,7,18,14012KT,17,08
2012-10-07 19:00:00.000,2012,10,7,19,15010KT,17,09
2012-10-07 20:00:00.000,2012,10,7,20,12008KT,18,10
2012-10-07 21:00:00.000,2012,10,7,21,08006KT,18,09
2012-10-07 22:00:00.000,2012,10,7,22,09006KT,17,08
2012-10-07 23:00:00.000,2012,10,7,23,12014KT,15,09
2012-10-08 00:00:00.000,2012,10,8,0,13012KT,14,09
2012-10-08 01:00:00.000,2012,10,8,1,11005KT,14,09
2012-10-08 02:00:00.000,2012,10,8,2,10007KT,14,09
2012-10-08 03:00:00.000,2012,10,8,3,12007KT,14,09
2012-10-08 04:00:00.000,2012,10,8,4,11003KT,13,11
2012-10-08 05:00:00.000,2012,10,8,5,03003KT,13,10
2012-10-08 06:00:00.000,2012,10,8,6,00000KT,13,10
2012-10-08 07:00:00.000,2012,10,8,7,00000KT,13,10
2012-10-08 08:00:00.000,2012,10,8,8,VRB02KT,12,10
2012-10-08 09:00:00.000,2012,10,8,9,10005KT,13,09
2012-10-08 10:00:00.000,2012,10,8,10,10003KT,13,07
2012-10-08 10:30:00.000,2012,10,8,10,03005KT,12,08
2012-10-08 11:00:00.000,2012,10,8,11,04006KT,12,08
2012-10-08 12:00:00.000,2012,10,8,12,03010KT,12,09
2012-10-08 13:00:00.000,2012,10,8,13,03011KT,12,09
2012-10-08 14:00:00.000,2012,10,8,14,13010KT,14,07
2012-10-08 15:00:00.000,2012,10,8,15,11017KT,16,07
2012-10-08 16:00:00.000,2012,10,8,16,13013KT,16,07
2012-10-08 17:00:00.000,2012,10,8,17,06011KT,16,09
2012-10-08 18:00:00.000,2012,10,8,18,08007KT,17,08
2012-10-08 19:00:00.000,2012,10,8,19,09009KT,17,08
2012-10-08 20:00:00.000,2012,10,8,20,09007KT,16,09
2012-10-08 21:00:00.000,2012,10,8,21,09010KT,17,08
2012-10-08 22:00:00.000,2012,10,8,22,06005KT,15,09
2012-10-08 23:00:00.000,2012,10,8,23,07007KT,15,08
2012-10-09 00:00:00.000,2012,10,9,0,04005KT,13,08
2012-10-09 01:00:00.000,2012,10,9,1,03006KT,12,09
2012-10-09 02:00:00.000,2012,10,9,2,03006KT,12,09
2012-10-09 03:00:00.000,2012,10,9,3,03005KT,11,08
2012-10-09 04:00:00.000,2012,10,9,4,05004KT,10,08
2012-10-09 05:00:00.000,2012,10,9,5,02003KT,10,08
2012-10-09 06:00:00.000,2012,10,9,6,VRB02KT,09,08
2012-10-09 07:00:00.000,2012,10,9,7,04003KT,09,07
2012-10-09 08:00:00.000,2012,10,9,8,05003KT,09,07
2012-10-09 09:00:00.000,2012,10,9,9,05003KT,08,07
2012-10-09 10:00:00.000,2012,10,9,10,03005KT,06,06
2012-10-09 11:00:00.000,2012,10,9,11,09003KT,07,07
2012-10-09 12:00:00.000,2012,10,9,12,06004KT,10,08
2012-10-09 12:40:00.000,2012,10,9,12,06004KT,12,08
2012-10-09 13:00:00.000,2012,10,9,13,04004KT,13,08
2012-10-09 14:00:00.000,2012,10,9,14,06008KT,15,07
2012-10-09 15:00:00.000,2012,10,9,15,10006KT,18,08
2012-10-09 16:00:00.000,2012,10,9,16,13010KT,19,06
2012-10-09 17:00:00.000,2012,10,9,17,09012KT,20,06
2012-10-09 18:00:00.000,2012,10,9,18,09009KT,21,05
2012-10-09 19:00:00.000,2012,10,9,19,10007KT,20,05
2012-10-09 20:00:00.000,2012,10,9,20,11010KT,21,06
2012-10-09 21:00:00.000,2012,10,9,21,09006KT,19,04
2012-10-09 22:00:00.000,2012,10,9,22,07003KT,18,04
2012-10-09 23:00:00.000,2012,10,9,23,29007KT,13,11
2012-10-10 00:00:00.000,2012,10,10,0,320003KT,12,10
2012-10-10 01:00:00.000,2012,10,10,1,03003KT,11,09
2012-10-10 02:00:00.000,2012,10,10,2,VRB02KT,11,10
2012-10-10 03:00:00.000,2012,10,10,3,36003KT,09,08
2012-10-10 04:00:00.000,2012,10,10,4,35003KT,08,07
2012-10-10 05:00:00.000,2012,10,10,5,00000KT,08,07
2012-10-10 06:00:00.000,2012,10,10,6,VRB02KT,08,07
2012-10-10 07:00:00.000,2012,10,10,7,VRB02KT,06,05
2012-10-10 08:00:00.000,2012,10,10,8,VRB02KT,06,06
2012-10-10 09:00:00.000,2012,10,10,9,000000KT,06,06
2012-10-10 10:00:00.000,2012,10,10,10,VRB02KT,04,04
2012-10-10 11:00:00.000,2012,10,10,11,VRB02KT,05,05
2012-10-10 11:13:00.000,2012,10,10,11,VRB02KT,07,07
2012-10-10 12:00:00.000,2012,10,10,12,VRB02KT,09,08
2012-10-10 13:00:00.000,2012,10,10,13,03004KT,12,09
2012-10-10 13:17:00.000,2012,10,10,13,02004KT,14,09
2012-10-10 14:00:00.000,2012,10,10,14,VRB02KT,15,09
2012-10-10 15:00:00.000,2012,10,10,15,05004KT,18,08
2012-10-10 15:41:00.000,2012,10,10,15,02006KT,20,08
2012-10-10 16:00:00.000,2012,10,10,16,15003KT,20,08
2012-10-10 17:00:00.000,2012,10,10,17,09004KT,21,07
2012-10-10 18:00:00.000,2012,10,10,18,26013KT,20,12
2012-10-10 18:27:00.000,2012,10,10,18,27017KT,20,12
2012-10-10 19:00:00.000,2012,10,10,19,26014KT,20,12
2012-10-10 19:30:00.000,2012,10,10,19,26012KT,19,12
2012-10-10 20:00:00.000,2012,10,10,20,27012KT,19,11
2012-10-10 21:00:00.000,2012,10,10,21,25005KT,17,11
2012-10-10 22:00:00.000,2012,10,10,22,20004KT,16,12
2012-10-10 23:00:00.000,2012,10,10,23,30004KT,15,12
2012-10-11 00:00:00.000,2012,10,11,0,30006KT,13,12
2012-10-11 01:00:00.000,2012,10,11,1,VRB02KT,13,12
2012-10-11 02:00:00.000,2012,10,11,2,25003KT,13,12
2012-10-11 03:00:00.000,2012,10,11,3,VRB02KT,11,11
2012-10-11 04:00:00.000,2012,10,11,4,31003KT,09,08
2012-10-11 05:00:00.000,2012,10,11,5,31003KT,09,08
2012-10-11 06:00:00.000,2012,10,11,6,VRB02KT,10,10
2012-10-11 07:00:00.000,2012,10,11,7,VRB02KT,11,10
2012-10-11 08:00:00.000,2012,10,11,8,34003KT,10,09
2012-10-11 09:00:00.000,2012,10,11,9,32004KT,11,10
2012-10-11 10:00:00.000,2012,10,11,10,VRB02KT,11,10
2012-10-11 11:00:00.000,2012,10,11,11,29003KT,10,10
2012-10-11 12:00:00.000,2012,10,11,12,33004KT,11,10
2012-10-11 13:00:00.000,2012,10,11,13,36003KT,13,11
2012-10-11 14:00:00.000,2012,10,11,14,12004KT,16,11
2012-10-11 15:00:00.000,2012,10,11,15,25004KT,17,10
2012-10-11 16:00:00.000,2012,10,11,16,25003KT,19,08
2012-10-11 17:00:00.000,2012,10,11,17,01005KT,21,08
2012-10-11 18:00:00.000,2012,10,11,18,27017KT,19,11
2012-10-11 19:00:00.000,2012,10,11,19,19016KT,15,12
2012-10-11 20:00:00.000,2012,10,11,20,27007KT,15,13
2012-10-11 21:00:00.000,2012,10,11,21,28011KT,15,12
2012-10-11 22:00:00.000,2012,10,11,22,VRB02KT,15,12
2012-10-11 23:00:00.000,2012,10,11,23,33004KT,13,10
2012-10-12 00:00:00.000,2012,10,12,0,02003KT,12,09
2012-10-12 01:00:00.000,2012,10,12,1,02004KT,12,10
2012-10-12 02:00:00.000,2012,10,12,2,06004KT,12,10
2012-10-12 03:00:00.000,2012,10,12,3,02004KT,12,10
2012-10-12 04:00:00.000,2012,10,12,4,33003KT,11,09
2012-10-12 05:00:00.000,2012,10,12,5,VRB02KT,11,09
2012-10-12 06:00:00.000,2012,10,12,6,VRB02KT,11,10
2012-10-12 07:00:00.000,2012,10,12,7,VRB02KT,09,09
2012-10-12 08:00:00.000,2012,10,12,8,VRB02KT,09,09
2012-10-12 09:00:00.000,2012,10,12,9,VRB02KT,08,08
2012-10-12 10:00:00.000,2012,10,12,10,31003KT,09,09
2012-10-12 11:00:00.000,2012,10,12,11,VRB02KT,10,09
2012-10-12 12:00:00.000,2012,10,12,12,02004KT,12,11
2012-10-12 13:00:00.000,2012,10,12,13,07003KT,14,11
2012-10-12 14:00:00.000,2012,10,12,14,VRB02KT,15,10
2012-10-12 15:00:00.000,2012,10,12,15,VRB02KT,18,11
2012-10-12 16:00:00.000,2012,10,12,16,VRB02KT,18,10
2012-10-12 17:00:00.000,2012,10,12,17,VRB02KT,19,10
2012-10-12 18:00:00.000,2012,10,12,18,29007KT,18,12
2012-10-12 19:00:00.000,2012,10,12,19,27015KT,16,10
2012-10-12 20:00:00.000,2012,10,12,20,18010KT,17,12
2012-10-12 21:00:00.000,2012,10,12,21,16006KT,17,10
2012-10-12 21:36:00.000,2012,10,12,21,21005KT,16,11
2012-10-12 22:00:00.000,2012,10,12,22,07004KT,15,11
2012-10-12 23:00:00.000,2012,10,12,23,31007KT,13,12
2012-10-13 00:00:00.000,2012,10,13,0,05005KT,,
2012-10-13 01:00:00.000,2012,10,13,1,03004KT,11,10
2012-10-13 02:00:00.000,2012,10,13,2,04003KT,12,11
2012-10-13 03:00:00.000,2012,10,13,3,07004KT,12,11
2012-10-13 04:00:00.000,2012,10,13,4,09003KT,12,10
2012-10-13 06:00:00.000,2012,10,13,6,00000KT,11,10
2012-10-13 07:00:00.000,2012,10,13,7,01003KT,11,10
2012-10-13 10:00:00.000,2012,10,13,10,04004KT,10,10
2012-10-13 11:00:00.000,2012,10,13,11,03004KT,10,10
2012-10-13 12:00:00.000,2012,10,13,12,04004KT,13,10
2012-10-13 13:00:00.000,2012,10,13,13,26004KT,13,10
2012-10-13 14:00:00.000,2012,10,13,14,VRB02KT,15,10
2012-10-13 16:00:00.000,2012,10,13,16,34007KT,18,10
2012-10-13 18:00:00.000,2012,10,13,18,27012KT,18,11
2012-10-13 19:00:00.000,2012,10,13,19,27012KT,18,12
2012-10-13 20:00:00.000,2012,10,13,20,27010KT,18,12
2012-10-13 21:00:00.000,2012,10,13,21,23010KT,17,11
2012-10-13 22:00:00.000,2012,10,13,22,24006KT,16,11
2012-10-13 23:00:00.000,2012,10,13,23,24005KT,15,11
2012-10-14 00:00:00.000,2012,10,14,0,32003KT,14,12
2012-10-14 01:00:00.000,2012,10,14,1,30003KT,13,12
2012-10-14 02:00:00.000,2012,10,14,2,00000KT,13,12
2012-10-14 03:00:00.000,2012,10,14,3,00000KT,13,12
2012-10-14 04:00:00.000,2012,10,14,4,33005KT,13,12
2012-10-14 05:00:00.000,2012,10,14,5,VRB02KT,12,12
2012-10-14 06:00:00.000,2012,10,14,6,34004KT,12,11
2012-10-14 07:00:00.000,2012,10,14,7,27004KT,11,11
2012-10-14 08:00:00.000,2012,10,14,8,VRB02KT,11,11
2012-10-14 09:00:00.000,2012,10,14,9,34003KT,11,10
2012-10-14 10:00:00.000,2012,10,14,10,VRB02KT,11,10
2012-10-14 10:30:00.000,2012,10,14,10,25005KT,11,10
2012-10-14 11:00:00.000,2012,10,14,11,VRB02KT,11,11
2012-10-14 12:00:00.000,2012,10,14,12,05003KT,11,10
2012-10-14 12:30:00.000,2012,10,14,12,05004KT,14,12
2012-10-14 13:00:00.000,2012,10,14,13,VRB02KT,15,12
2012-10-14 14:00:00.000,2012,10,14,14,VRB02KT,18,10
2012-10-14 15:00:00.000,2012,10,14,15,VRB02KT,18,09
2012-10-14 16:00:00.000,2012,10,14,16,24004KT,19,10
2012-10-14 17:00:00.000,2012,10,14,17,24015KT,18,12
2012-10-14 18:00:00.000,2012,10,14,18,21016KT,16,12
2012-10-14 19:00:00.000,2012,10,14,19,25012KT,15,11
2012-10-14 21:00:00.000,2012,10,14,21,33008KT,16,12
2012-10-14 22:00:00.000,2012,10,14,22,34007KT,15,11
2012-10-14 23:00:00.000,2012,10,14,23,VRB02KT,14,11
2012-10-15 00:00:00.000,2012,10,15,0,02005KT,12,11
2012-10-15 01:00:00.000,2012,10,15,1,VRB02KT,12,10
2012-10-15 02:00:00.000,2012,10,15,2,VRB02KT,11,08
2012-10-15 03:00:00.000,2012,10,15,3,VRB02KT,11,10
2012-10-15 04:00:00.000,2012,10,15,4,VRB02KT,10,09
2012-10-15 05:00:00.000,2012,10,15,5,00000KT,09,09
2012-10-15 06:00:00.000,2012,10,15,6,VRB02KT,08,08
2012-10-15 06:40:00.000,2012,10,15,6,VRB02KT,09,08
2012-10-15 07:00:00.000,2012,10,15,7,03003KT,09,08
2012-10-15 07:00:00.000,2012,10,15,7,03003KT,09,08
2012-10-15 07:30:00.000,2012,10,15,7,VRB02KT,09,08
2012-10-15 08:00:00.000,2012,10,15,8,VRB02KT,09,08
2012-10-15 10:00:00.000,2012,10,15,10,VRB02KT,09,09
2012-10-15 11:00:00.000,2012,10,15,11,00000KT,10,09
2012-10-15 12:00:00.000,2012,10,15,12,VRB02KT,10,09
2012-10-15 13:00:00.000,2012,10,15,13,34004KT,13,12
2012-10-15 14:00:00.000,2012,10,15,14,VRB02KT,15,11
2012-10-15 15:00:00.000,2012,10,15,15,VRB02KT,18,11
2012-10-15 16:00:00.000,2012,10,15,16,VRB02KT,19,10
2012-10-15 17:00:00.000,2012,10,15,17,15004KT,20,10
2012-10-15 17:22:00.000,2012,10,15,17,29012KT,19,11
2012-10-15 18:00:00.000,2012,10,15,18,28015KT,19,12
2012-10-15 19:00:00.000,2012,10,15,19,28014KT,17,12
2012-10-15 20:00:00.000,2012,10,15,20,24008KT,16,11
2012-10-15 21:00:00.000,2012,10,15,21,32005KT,16,12
2012-10-15 22:00:00.000,2012,10,15,22,25005KT,16,12
2012-10-15 23:00:00.000,2012,10,15,23,25007KT,15,13
2012-10-16 00:00:00.000,2012,10,16,0,25003KT,15,11
2012-10-16 01:00:00.000,2012,10,16,1,28007KT,14,11
2012-10-16 02:00:00.000,2012,10,16,2,26005KT,14,11
2012-10-16 02:15:00.000,2012,10,16,2,29003KT,14,11
2012-10-16 03:00:00.000,2012,10,16,3,25004KT,14,10
2012-10-16 04:00:00.000,2012,10,16,4,VRB02KT,12,11
2012-10-16 05:00:00.000,2012,10,16,5,VRB02KT,12,10
2012-10-16 06:00:00.000,2012,10,16,6,11004KT,12,10
2012-10-16 07:00:00.000,2012,10,16,7,13004KT,12,10
2012-10-16 08:00:00.000,2012,10,16,8,VRB02KT,12,10
2012-10-16 09:00:00.000,2012,10,16,9,00000KT,11,10
2012-10-16 10:00:00.000,2012,10,16,10,01003KT,11,10
2012-10-16 10:30:00.000,2012,10,16,10,VRB02KT,11,10
2012-10-16 11:00:00.000,2012,10,16,11,VRB02KT,11,10
2012-10-16 12:00:00.000,2012,10,16,12,04004KT,11,11
2012-10-16 13:00:00.000,2012,10,16,13,03004KT,12,11
2012-10-16 14:00:00.000,2012,10,16,14,06006KT,13,11
2012-10-16 15:00:00.000,2012,10,16,15,01008KT,14,11
2012-10-16 16:00:00.000,2012,10,16,16,VRB02KT,15,10
2012-10-16 17:00:00.000,2012,10,16,17,02006KT,16,10
2012-10-16 18:00:00.000,2012,10,16,18,02008KT,17,10
2012-10-16 19:00:00.000,2012,10,16,19,04006KT,17,10
2012-10-16 20:00:00.000,2012,10,16,20,02006KT,17,10
2012-10-16 21:00:00.000,2012,10,16,21,01006KT,16,10
2012-10-16 22:00:00.000,2012,10,16,22,35004KT,15,10
2012-10-16 23:00:00.000,2012,10,16,23,30008KT,14,12
2012-10-17 00:00:00.000,2012,10,17,0,29005KT,14,12
2012-10-17 01:00:00.000,2012,10,17,1,27003KT,13,12
2012-10-17 01:32:00.000,2012,10,17,1,28004KT,13,12
2012-10-17 02:00:00.000,2012,10,17,2,32006KT,13,11
2012-10-17 03:00:00.000,2012,10,17,3,29007KT,13,12
2012-10-17 04:00:00.000,2012,10,17,4,31003KT,13,11
2012-10-17 05:00:00.000,2012,10,17,5,VRB02KT,13,11
2012-10-17 06:00:00.000,2012,10,17,6,290003T,13,11
2012-10-17 07:00:00.000,2012,10,17,7,VRB02KT,12,11
2012-10-17 08:00:00.000,2012,10,17,8,00000KT,12,11
2012-10-17 09:00:00.000,2012,10,17,9,VRB02KT,12,11
2012-10-17 10:00:00.000,2012,10,17,10,VRB02KT,12,11
2012-10-17 10:30:00.000,2012,10,17,10,00000KT,12,11
2012-10-17 11:00:00.000,2012,10,17,11,00000KT,12,12
2012-10-17 12:00:00.000,2012,10,17,12,33004KT,12,11
2012-10-17 13:00:00.000,2012,10,17,13,VRB02KT,14,12
2012-10-17 14:00:00.000,2012,10,17,14,VRB02KT,16,11
2012-10-17 15:00:00.000,2012,10,17,15,31004KT,17,11
2012-10-17 17:10:00.000,2012,10,17,17,08006KT,16,11
2012-10-17 23:00:00.000,2012,10,17,23,28004KT,14,11
2012-10-18 00:00:00.000,2012,10,18,0,28004KT,14,11
2012-10-18 01:00:00.000,2012,10,18,1,27004KT,14,11
2012-10-18 02:00:00.000,2012,10,18,2,VRB02KT,14,11
2012-10-18 03:00:00.000,2012,10,18,3,VRB02KT,13,12
2012-10-18 04:00:00.000,2012,10,18,4,04004KT,13,12
2012-10-18 05:00:00.000,2012,10,18,5,VRB02KT,12,12
2012-10-18 06:00:00.000,2012,10,18,6,VRB02KT,12,11
2012-10-18 07:00:00.000,2012,10,18,7,VRB02KT,12,11
2012-10-18 08:00:00.000,2012,10,18,8,VRB02KT,12,12
2012-10-18 09:00:00.000,2012,10,18,9,00000KT,12,12
2012-10-18 10:00:00.000,2012,10,18,10,00000KT,12,12
2012-10-18 10:30:00.000,2012,10,18,10,02004KT,12,12
2012-10-18 11:00:00.000,2012,10,18,11,VRB02KT,12,12
2012-10-18 12:00:00.000,2012,10,18,12,03004KT,12,12
2012-10-18 13:00:00.000,2012,10,18,13,03006KT,13,12
2012-10-18 14:00:00.000,2012,10,18,14,01003KT,14,11
2012-10-18 15:00:00.000,2012,10,18,15,02004KT,15,12
2012-10-18 16:00:00.000,2012,10,18,16,02007KT,17,11
2012-10-18 17:00:00.000,2012,10,18,17,31005KT,18,12
2012-10-18 18:00:00.000,2012,10,18,18,13005KT,18,09
2012-10-18 18:15:00.000,2012,10,18,18,23011KT,14,13
2012-10-18 18:30:00.000,2012,10,18,18,24010KT,14,13
2012-10-18 18:45:00.000,2012,10,18,18,25006KT,13,13
2012-10-18 19:00:00.000,2012,10,18,19,23007KT,13,13
2012-10-18 19:20:00.000,2012,10,18,19,26011KT,14,13
2012-10-18 20:00:00.000,2012,10,18,20,23008KT,14,13
2012-10-18 21:00:00.000,2012,10,18,21,26006KT,16,11
2012-10-18 22:00:00.000,2012,10,18,22,31005KT,14,11
2012-10-18 23:00:00.000,2012,10,18,23,29006KT,14,12
2012-10-19 00:00:00.000,2012,10,19,0,30005KT,13,12
2012-10-19 01:00:00.000,2012,10,19,1,27004KT,13,11
2012-10-19 02:00:00.000,2012,10,19,2,30005KT,13,11
2012-10-19 03:00:00.000,2012,10,19,3,28004KT,13,12
2012-10-19 04:00:00.000,2012,10,19,4,27007KT,13,11
2012-10-19 04:05:00.000,2012,10,19,4,18003KT,13,11
2012-10-19 05:00:00.000,2012,10,19,5,VRB02KT,13,11
2012-10-19 06:00:00.000,2012,10,19,6,31006KT,12,11
2012-10-19 07:00:00.000,2012,10,19,7,31005KT,11,10
2012-10-19 08:00:00.000,2012,10,19,8,25005KT,12,11
2012-10-19 09:00:00.000,2012,10,19,9,27003KT,12,11
2012-10-19 10:00:00.000,2012,10,19,10,VRB02KT,12,11
2012-10-19 11:00:00.000,2012,10,19,11,VRB02KT,12,11
2012-10-19 11:30:00.000,2012,10,19,11,28003KT,12,11
2012-10-19 12:00:00.000,2012,10,19,12,28003KT,12,11
2012-10-19 13:00:00.000,2012,10,19,13,29004KT,13,11
2012-10-19 14:00:00.000,2012,10,19,14,25006KT,14,11
2012-10-19 15:00:00.000,2012,10,19,15,25005KT,15,10
2012-10-19 16:00:00.000,2012,10,19,16,28006KT,16,11
2012-10-19 17:00:00.000,2012,10,19,17,26006KT,17,11
2012-10-19 18:00:00.000,2012,10,19,18,27007KT,18,11
2012-10-19 19:00:00.000,2012,10,19,19,27011KT,17,10
2012-10-19 20:00:00.000,2012,10,19,20,27008KT,17,10
2012-10-19 21:00:00.000,2012,10,19,21,28008KT,16,11
2012-10-19 22:00:00.000,2012,10,19,22,23008KT,15,11
2012-10-19 23:00:00.000,2012,10,19,23,30006KT,14,11
2012-10-20 00:00:00.000,2012,10,20,0,31003KT,14,11
2012-10-20 01:00:00.000,2012,10,20,1,32003KT,13,11
2012-10-20 02:00:00.000,2012,10,20,2,02005KT,13,11
2012-10-20 03:00:00.000,2012,10,20,3,0000KT,13,11
2012-10-20 04:00:00.000,2012,10,20,4,032005KT,13,11
2012-10-20 05:00:00.000,2012,10,20,5,24005KT,13,12
2012-10-20 06:00:00.000,2012,10,20,6,18004KT,13,11
2012-10-20 07:00:00.000,2012,10,20,7,21003KT,17,11
2012-10-20 08:00:00.000,2012,10,20,8,18003KT,12,11
2012-10-20 09:00:00.000,2012,10,20,9,12003KT,12,10
2012-10-20 10:00:00.000,2012,10,20,10,VRB02KT,14,10
2012-10-20 10:30:00.000,2012,10,20,10,VRB02KT,12,11
2012-10-20 11:00:00.000,2012,10,20,11,VRB02KT,12,11
2012-10-20 12:00:00.000,2012,10,20,12,VRB02KT,12,11
2012-10-20 13:00:00.000,2012,10,20,13,10003KT,14,11
2012-10-20 14:00:00.000,2012,10,20,14,09005KT,17,11
2012-10-20 15:00:00.000,2012,10,20,15,02004KT,18,09
2012-10-20 16:00:00.000,2012,10,20,16,31004KT,19,08
2012-10-20 17:00:00.000,2012,10,20,17,26003KT,20,08
2012-10-20 18:00:00.000,2012,10,20,18,26014KT,20,12
2012-10-20 18:30:00.000,2012,10,20,18,29014KT,18,13
2012-10-20 19:00:00.000,2012,10,20,19,26013KT,17,13
2012-10-20 20:00:00.000,2012,10,20,20,22009KT,15,12
2012-10-20 21:00:00.000,2012,10,20,21,26006KT,14,12
2012-10-20 22:00:00.000,2012,10,20,22,VRB02KT,14,13
2012-10-20 23:00:00.000,2012,10,20,23,VRB02KT,13,11
2012-10-21 00:00:00.000,2012,10,21,0,03004KT,13,11
2012-10-21 01:00:00.000,2012,10,21,1,08004KT,13,12
2012-10-21 02:00:00.000,2012,10,21,2,03004KT,12,10
2012-10-21 03:00:00.000,2012,10,21,3,01003KT,12,11
2012-10-21 04:00:00.000,2012,10,21,4,VRB02KT,12,10
2012-10-21 05:00:00.000,2012,10,21,5,VRB02KT,12,10
2012-10-21 06:00:00.000,2012,10,21,6,02004KT,12,10
2012-10-21 07:00:00.000,2012,10,21,7,VRB02KT,11,10
2012-10-21 08:00:00.000,2012,10,21,8,26004KT,11,10
2012-10-21 09:00:00.000,2012,10,21,9,23004KT,11,10
2012-10-21 10:00:00.000,2012,10,21,10,VRB02KT,11,10
2012-10-21 10:30:00.000,2012,10,21,10,00000KT,11,10
2012-10-21 11:00:00.000,2012,10,21,11,VRB02KT,11,10
2012-10-21 12:00:00.000,2012,10,21,12,VRB02KT,12,10
2012-10-21 13:00:00.000,2012,10,21,13,VRB02KT,13,10
2012-10-21 14:00:00.000,2012,10,21,14,27004KT,16,11
2012-10-21 15:00:00.000,2012,10,21,15,29003KT,17,11
2012-10-21 16:00:00.000,2012,10,21,16,12007KT,18,09
2012-10-21 17:00:00.000,2012,10,21,17,35003KT,20,08
2012-10-21 18:00:00.000,2012,10,21,18,21005KT,21,08
2012-10-21 18:40:00.000,2012,10,21,18,30014KT,19,11
2012-10-21 18:45:00.000,2012,10,21,18,30014KT,17,13
2012-10-21 19:00:00.000,2012,10,21,19,15007KT,13,11
2012-10-21 19:10:00.000,2012,10,21,19,18003KT,14,09
2012-10-21 20:00:00.000,2012,10,21,20,26010KT,17,13
2012-10-21 21:00:00.000,2012,10,21,21,25005KT,18,11
2012-10-21 22:00:00.000,2012,10,21,22,00000KT,18,11
2012-10-21 23:00:00.000,2012,10,21,23,35005KT,15,11
2012-10-22 00:00:00.000,2012,10,22,0,35009KT,15,11
2012-10-22 01:00:00.000,2012,10,22,1,21004KT,14,12
2012-10-22 02:00:00.000,2012,10,22,2,19003KT,14,12
2012-10-22 03:00:00.000,2012,10,22,3,32008KT,13,12
2012-10-22 04:00:00.000,2012,10,22,4,03010KT,14,11
2012-10-22 05:00:00.000,2012,10,22,5,02006KT,14,11
2012-10-22 06:00:00.000,2012,10,22,6,06005KT,13,12
2012-10-22 07:00:00.000,2012,10,22,7,01005KT,12,10
2012-10-22 08:00:00.000,2012,10,22,8,00000KT,10,10
2012-10-22 09:00:00.000,2012,10,22,9,00000KT,10,10
2012-10-22 10:00:00.000,2012,10,22,10,04003KT,10,10
2012-10-22 10:30:00.000,2012,10,22,10,33005KT,09,09
2012-10-22 11:00:00.000,2012,10,22,11,35003KT,10,09
2012-10-22 12:00:00.000,2012,10,22,12,31004KT,12,10
2012-10-22 13:00:00.000,2012,10,22,13,VRB02KT,15,12
2012-10-22 14:00:00.000,2012,10,22,14,26003KT,15,11
2012-10-22 15:00:00.000,2012,10,22,15,28005KT,16,11
2012-10-22 16:00:00.000,2012,10,22,16,28008KT,17,11
2012-10-22 17:00:00.000,2012,10,22,17,26010KT,17,12
2012-10-22 18:00:00.000,2012,10,22,18,26008KT,18,11
2012-10-22 19:00:00.000,2012,10,22,19,26008KT,17,12
2012-10-22 20:00:00.000,2012,10,22,20,20008KT,17,12
2012-10-22 21:00:00.000,2012,10,22,21,25010KT,17,11
2012-10-22 22:00:00.000,2012,10,22,22,25005KT,15,11
2012-10-22 23:00:00.000,2012,10,22,23,27003KT,15,10
2012-10-23 00:00:00.000,2012,10,23,0,36004KT,14,12
2012-10-23 01:00:00.000,2012,10,23,1,VRB02KT,14,11
2012-10-23 02:00:00.000,2012,10,23,2,30004KT,14,12
2012-10-23 03:00:00.000,2012,10,23,3,04004KT,13,11
2012-10-23 04:00:00.000,2012,10,23,4,VRB02KT,13,12
2012-10-23 05:00:00.000,2012,10,23,5,32004KT,13,12
2012-10-23 06:00:00.000,2012,10,23,6,32004KT,12,12
2012-10-23 07:00:00.000,2012,10,23,7,VRB02KT,12,12
2012-10-23 08:00:00.000,2012,10,23,8,02004KT,12,12
2012-10-23 09:00:00.000,2012,10,23,9,06004KT,12,11
2012-10-23 10:00:00.000,2012,10,23,10,06004KT,11,10
2012-10-23 10:30:00.000,2012,10,23,10,VRB02KT,11,10
2012-10-23 11:00:00.000,2012,10,23,11,05004KT,11,10
2012-10-23 12:00:00.000,2012,10,23,12,02005KT,13,10
2012-10-23 13:00:00.000,2012,10,23,13,04004KT,15,10
2012-10-23 14:00:00.000,2012,10,23,14,VRB02KT,16,09
2012-10-23 15:00:00.000,2012,10,23,15,13012KT,18,08
2012-10-23 16:00:00.000,2012,10,23,16,13015KT,19,09
2012-10-23 17:00:00.000,2012,10,23,17,16013KT,18,09
2012-10-23 18:00:00.000,2012,10,23,18,11007KT,19,09
2012-10-23 19:00:00.000,2012,10,23,19,18005KT,20,09
2012-10-23 20:00:00.000,2012,10,23,20,23012KT,18,11
2012-10-23 21:00:00.000,2012,10,23,21,23007KT,17,11
2012-10-23 22:00:00.000,2012,10,23,22,27006KT,16,11
2012-10-23 23:00:00.000,2012,10,23,23,22006KT,15,11
2012-10-24 00:00:00.000,2012,10,24,0,20004KT,16,10
2012-10-24 01:00:00.000,2012,10,24,1,18010KT,16,09
2012-10-24 02:00:00.000,2012,10,24,2,09003KT,15,10
2012-10-24 03:00:00.000,2012,10,24,3,18003KT,16,09
2012-10-24 04:00:00.000,2012,10,24,4,00000KT,14,10
2012-10-24 05:00:00.000,2012,10,24,5,050040KT,13,10
2012-10-24 06:00:00.000,2012,10,24,6,34004KT,12,10
2012-10-24 07:00:00.000,2012,10,24,7,VRB02KT,12,10
2012-10-24 08:00:00.000,2012,10,24,8,01003KT,12,10
2012-10-24 09:00:00.000,2012,10,24,9,VRB02KT,12,10
2012-10-24 10:00:00.000,2012,10,24,10,VRB02KT,11,09
2012-10-24 10:30:00.000,2012,10,24,10,VRB02KT,11,10
2012-10-24 11:00:00.000,2012,10,24,11,VRB02KT,12,10
2012-10-24 12:00:00.000,2012,10,24,12,05006KT,13,11
2012-10-24 13:00:00.000,2012,10,24,13,01003KT,15,11
2012-10-24 14:00:00.000,2012,10,24,14,02004KT,16,11
2012-10-24 15:00:00.000,2012,10,24,15,04006KT,16,09
2012-10-24 16:00:00.000,2012,10,24,16,13004KT,17,09
2012-10-24 17:00:00.000,2012,10,24,17,18005KT,18,06
2012-10-24 18:00:00.000,2012,10,24,18,18010KT,19,08
2012-10-24 19:00:00.000,2012,10,24,19,18010KT,19,10
2012-10-24 20:00:00.000,2012,10,24,20,16006KT,18,10
2012-10-24 21:00:00.000,2012,10,24,21,14006KT,17,10
2012-10-24 22:00:00.000,2012,10,24,22,02008KT,15,10
2012-10-24 23:00:00.000,2012,10,24,23,03004KT,15,10
2012-10-25 00:00:00.000,2012,10,25,0,06003KT,14,10
2012-10-25 01:00:00.000,2012,10,25,1,03004KT,14,10
2012-10-25 02:00:00.000,2012,10,25,2,03005KT,13,09
2012-10-25 03:00:00.000,2012,10,25,3,08003KT,13,09
2012-10-25 04:00:00.000,2012,10,25,4,33003KT,11,09
2012-10-25 05:00:00.000,2012,10,25,5,VRB02KT,10,08
2012-10-25 06:00:00.000,2012,10,25,6,03003KT,12,09
2012-10-25 07:00:00.000,2012,10,25,7,VRB02KT,10,09
2012-10-25 08:00:00.000,2012,10,25,8,25004KT,11,09
2012-10-25 09:00:00.000,2012,10,25,9,VRB02KT,10,08
2012-10-25 10:00:00.000,2012,10,25,10,00000KT,10,09
2012-10-25 11:00:00.000,2012,10,25,11,VRB02KT,09,09
2012-10-25 12:00:00.000,2012,10,25,12,VRB02KT,10,09
2012-10-25 13:00:00.000,2012,10,25,13,03004KT,12,10
2012-10-25 14:00:00.000,2012,10,25,14,02004KT,14,10
2012-10-25 15:00:00.000,2012,10,25,15,02008KT,15,11
2012-10-25 16:00:00.000,2012,10,25,16,33004KT,18,10
2012-10-25 17:00:00.000,2012,10,25,17,12010KT,20,07
2012-10-25 18:00:00.000,2012,10,25,18,16016KT,21,06
2012-10-25 19:00:00.000,2012,10,25,19,18010KT,21,04
2012-10-25 20:00:00.000,2012,10,25,20,20012KT,20,11
2012-10-25 21:00:00.000,2012,10,25,21,19006KT,19,12
2012-10-25 22:00:00.000,2012,10,25,22,26010KT,18,11
2012-10-25 23:00:00.000,2012,10,25,23,32006KT,15,11
2012-10-26 00:00:00.000,2012,10,26,0,30004KT,13,10
2012-10-26 01:00:00.000,2012,10,26,1,VRB02KT,12,09
2012-10-26 02:00:00.000,2012,10,26,2,VRB02KT,11,09
2012-10-26 03:00:00.000,2012,10,26,3,32003KT,10,09
2012-10-26 04:00:00.000,2012,10,26,4,09003KT,09,08
2012-10-26 05:00:00.000,2012,10,26,5,VRB02KT,09,07
2012-10-26 06:00:00.000,2012,10,26,6,VRB02KT,08,07
2012-10-26 07:00:00.000,2012,10,26,7,36003KT,08,07
2012-10-26 08:00:00.000,2012,10,26,8,05003KT,08,07
2012-10-26 09:00:00.000,2012,10,26,9,33003KT,08,07
2012-10-26 10:00:00.000,2012,10,26,10,VRB02KT,07,06
2012-10-26 10:29:00.000,2012,10,26,10,06003KT,07,07
2012-10-26 11:00:00.000,2012,10,26,11,01003KT,07,06
2012-10-26 12:00:00.000,2012,10,26,12,02004KT,09,07
2012-10-26 13:00:00.000,2012,10,26,13,07006KT,12,09
2012-10-26 14:00:00.000,2012,10,26,14,03010KT,14,08
2012-10-26 15:00:00.000,2012,10,26,15,03008KT,17,08
2012-10-26 16:00:00.000,2012,10,26,16,06006KT,19,09
2012-10-26 17:00:00.000,2012,10,26,17,17008KT,19,07
2012-10-26 18:00:00.000,2012,10,26,18,18006KT,20,07
2012-10-26 19:00:00.000,2012,10,26,19,20005KT,20,07
2012-10-26 20:00:00.000,2012,10,26,20,23009KT,18,10
2012-10-26 21:00:00.000,2012,10,26,21,28007KT,17,12
2012-10-26 22:00:00.000,2012,10,26,22,25008KT,16,12
2012-10-26 23:00:00.000,2012,10,26,23,27009KT,14,12
2012-10-27 00:00:00.000,2012,10,27,0,30004KT,13,11
2012-10-27 01:00:00.000,2012,10,27,1,VRB02KT,12,11
2012-10-27 02:00:00.000,2012,10,27,2,VRB02KT,11,10
2012-10-27 03:00:00.000,2012,10,27,3,03003KT,11,10
2012-10-27 04:00:00.000,2012,10,27,4,03004KT,12,07
2012-10-27 05:00:00.000,2012,10,27,5,04004KT,11,07
2012-10-27 06:00:00.000,2012,10,27,6,02004KT,10,07
2012-10-27 07:00:00.000,2012,10,27,7,05004KT,09,07
2012-10-27 08:00:00.000,2012,10,27,8,VRB02KT,08,07
2012-10-27 09:00:00.000,2012,10,27,9,VRB02KT,07,07
2012-10-27 10:00:00.000,2012,10,27,10,VRB02KT,07,06
2012-10-27 10:30:00.000,2012,10,27,10,VRB02KT,06,06
2012-10-27 11:00:00.000,2012,10,27,11,00000KT,06,05
2012-10-27 12:00:00.000,2012,10,27,12,36004KT,09,08
2012-10-27 13:00:00.000,2012,10,27,13,01006KT,13,09
2012-10-27 13:40:00.000,2012,10,27,13,08003KT,15,09
2012-10-27 14:00:00.000,2012,10,27,14,06003KT,16,08
2012-10-27 14:30:00.000,2012,10,27,14,04007KT,18,09
2012-10-27 15:00:00.000,2012,10,27,15,01005KT,18,09
2012-10-27 15:30:00.000,2012,10,27,15,09006KT,20,06
2012-10-27 16:00:00.000,2012,10,27,16,10009KT,20,05
2012-10-27 17:00:00.000,2012,10,27,17,07009KT,19,05
2012-10-27 18:00:00.000,2012,10,27,18,12011KT,20,06
2012-10-27 19:00:00.000,2012,10,27,19,12007KT,20,05
2012-10-27 20:00:00.000,2012,10,27,20,14012KT,19,05
2012-10-27 21:00:00.000,2012,10,27,21,15013KT,19,05
2012-10-27 22:00:00.000,2012,10,27,22,15013KT,19,05
2012-10-27 23:00:00.000,2012,10,27,23,15012KT,16,05
2012-10-28 00:00:00.000,2012,10,28,0,19010KT,15,06
2012-10-28 01:00:00.000,2012,10,28,1,VRB02KT,13,05
2012-10-28 02:00:00.000,2012,10,28,2,05003KT,11,07
2012-10-28 03:00:00.000,2012,10,28,3,02004KT,09,07
2012-10-28 04:00:00.000,2012,10,28,4,02003KT,09,06
2012-10-28 05:00:00.000,2012,10,28,5,03004KT,08,07
2012-10-28 06:00:00.000,2012,10,28,6,04004KT,08,06
2012-10-28 07:00:00.000,2012,10,28,7,04004KT,08,06
2012-10-28 08:00:00.000,2012,10,28,8,04005KT,07,06
2012-10-28 09:00:00.000,2012,10,28,9,05003KT,07,05
2012-10-28 10:00:00.000,2012,10,28,10,VRB02KT,07,06
2012-10-28 11:00:00.000,2012,10,28,11,05008KT,07,06
2012-10-28 11:36:00.000,2012,10,28,11,06007KT,09,06
2012-10-28 12:00:00.000,2012,10,28,12,06005KT,10,06
2012-10-28 12:30:00.000,2012,10,28,12,07006KT,12,07
2012-10-28 13:00:00.000,2012,10,28,13,05008KT,14,07
2012-10-28 14:00:00.000,2012,10,28,14,11007KT,17,07
2012-10-28 15:00:00.000,2012,10,28,15,14010KT,19,05
2012-10-28 16:00:00.000,2012,10,28,16,18016KT,21,06
2012-10-28 17:00:00.000,2012,10,28,17,13010KT,20,05
2012-10-28 18:00:00.000,2012,10,28,18,12010KT,21,05
2012-10-28 19:00:00.000,2012,10,28,19,14012KT,21,06
2012-10-28 20:00:00.000,2012,10,28,20,18008KT,21,05
2012-10-28 21:00:00.000,2012,10,28,21,18012KT,20,09
2012-10-28 22:00:00.000,2012,10,28,22,23008KT,18,08
2012-10-28 23:00:00.000,2012,10,28,23,28008KT,14,09
2012-10-29 00:00:00.000,2012,10,29,0,33003KT,12,09
2012-10-29 01:00:00.000,2012,10,29,1,VRB02KT,10,08
2012-10-29 02:00:00.000,2012,10,29,2,VRB02KT,12,07
2012-10-29 03:00:00.000,2012,10,29,3,29003KT,12,08
2012-10-29 04:00:00.000,2012,10,29,4,VRB02KT,09,08
2012-10-29 05:00:00.000,2012,10,29,5,VRB02KT,09,08
2012-10-29 06:00:00.000,2012,10,29,6,VRB02KT,09,07
2012-10-29 07:00:00.000,2012,10,29,7,04004KT,09,97
2012-10-29 08:00:00.000,2012,10,29,8,36003KT,08,07
2012-10-29 09:00:00.000,2012,10,29,9,03003KT,05,05
2012-10-29 10:00:00.000,2012,10,29,10,14005KT,05,05
2012-10-29 10:30:00.000,2012,10,29,10,28003KT,05,04
2012-10-29 11:00:00.000,2012,10,29,11,33003KT,05,05
2012-10-29 12:00:00.000,2012,10,29,12,06004KT,09,07
2012-10-29 13:00:00.000,2012,10,29,13,02006KT,13,08
2012-10-29 13:38:00.000,2012,10,29,13,02004KT,15,08
2012-10-29 14:00:00.000,2012,10,29,14,02007KT,16,08
2012-10-29 15:00:00.000,2012,10,29,15,04006KT,18,05
2012-10-29 16:00:00.000,2012,10,29,16,04006KT,20,06
2012-10-29 17:00:00.000,2012,10,29,17,14012KT,21,06
2012-10-29 18:00:00.000,2012,10,29,18,14005KT,19,04
2012-10-29 19:00:00.000,2012,10,29,19,31008KT,20,08
2012-10-29 20:00:00.000,2012,10,29,20,27009KT,18,10
2012-10-29 21:00:00.000,2012,10,29,21,25012KT,18,08
2012-10-29 22:00:00.000,2012,10,29,22,28011KT,16,07
2012-10-29 23:00:00.000,2012,10,29,23,24003KT,15,05
2012-10-30 00:00:00.000,2012,10,30,0,02004KT,12,07
2012-10-30 01:00:00.000,2012,10,30,1,35003KT,10,07
2012-10-30 02:00:00.000,2012,10,30,2,VRB02KT,12,07
2012-10-30 03:00:00.000,2012,10,30,3,VRB02KT,12,07
2012-10-30 04:00:00.000,2012,10,30,4,VRB02KT,12,07
2012-10-30 05:00:00.000,2012,10,30,5,00000KT,10,09
2012-10-30 06:00:00.000,2012,10,30,6,01004KT,12,10
2012-10-30 07:00:00.000,2012,10,30,7,01004KT,12,10
2012-10-30 08:00:00.000,2012,10,30,8,31003KT,11,09
2012-10-30 09:00:00.000,2012,10,30,9,02003KT,11,09
2012-10-30 10:00:00.000,2012,10,30,10,360006KT,11,10
2012-10-30 10:30:00.000,2012,10,30,10,04004KT,11,09
2012-10-30 11:00:00.000,2012,10,30,11,04007KT,11,09
2012-10-30 12:00:00.000,2012,10,30,12,04005KT,12,09
2012-10-30 13:00:00.000,2012,10,30,13,04004KT,14,09
2012-10-30 14:00:00.000,2012,10,30,14,02007KT,16,09
2012-10-30 15:00:00.000,2012,10,30,15,36007KT,18,09
2012-10-30 16:00:00.000,2012,10,30,16,29003KT,17,09
2012-10-30 17:00:00.000,2012,10,30,17,07008KT,19,07
2012-10-30 18:00:00.000,2012,10,30,18,23008KT,17,11
2012-10-30 18:03:00.000,2012,10,30,18,25009KT,16,11
2012-10-30 19:00:00.000,2012,10,30,19,23013KT,14,12
2012-10-30 20:00:00.000,2012,10,30,20,24005KT,14,12
2012-10-30 21:00:00.000,2012,10,30,21,30007KT,14,12
2012-10-30 22:00:00.000,2012,10,30,22,34003KT,13,11
2012-10-30 23:00:00.000,2012,10,30,23,00000KT,12,11
2012-10-31 00:00:00.000,2012,10,31,0,VRB02KT,11,10
2012-10-31 01:00:00.000,2012,10,31,1,VRB02KT,10,10
2012-10-31 02:00:00.000,2012,10,31,2,VRB02KT,11,10
2012-10-31 03:00:00.000,2012,10,31,3,VRB02KT,12,11
2012-10-31 04:00:00.000,2012,10,31,4,VRB02KT,11,10
2012-10-31 05:00:00.000,2012,10,31,5,34003KT,11,10
2012-10-31 06:00:00.000,2012,10,31,6,VRB02KT,11,10
2012-10-31 07:00:00.000,2012,10,31,7,VRB02KT,11,10
2012-10-31 08:00:00.000,2012,10,31,8,VRB02KT,10,09
2012-10-31 09:00:00.000,2012,10,31,9,VRB02KT,09,08
2012-10-31 10:00:00.000,2012,10,31,10,03003KT,09,08
2012-10-31 10:30:00.000,2012,10,31,10,VRB02KT,08,08
2012-10-31 11:00:00.000,2012,10,31,11,VRB02KT,08,08
2012-10-31 12:00:00.000,2012,10,31,12,VRB02KT,10,10
2012-10-31 13:00:00.000,2012,10,31,13,03005KT,13,10
2012-10-31 14:00:00.000,2012,10,31,14,21004KT,15,09
2012-10-31 15:00:00.000,2012,10,31,15,36003KT,16,09
2012-10-31 16:00:00.000,2012,10,31,16,33003KT,18,09
2012-10-31 17:00:00.000,2012,10,31,17,12011KT,19,06
2012-10-31 18:00:00.000,2012,10,31,18,05006KT,20,06
2012-10-31 19:00:00.000,2012,10,31,19,09010KT,18,08
2012-10-31 20:00:00.000,2012,10,31,20,17005KT,16,10
2012-10-31 21:00:00.000,2012,10,31,21,33005KT,18,09
2012-10-31 22:00:00.000,2012,10,31,22,34008KT,15,11
2012-10-31 23:00:00.000,2012,10,31,23,02004KT,14,10
2012-11-01 00:00:00.000,2012,11,1,0,23004KT,13,11
2012-11-01 01:00:00.000,2012,11,1,1,31004KT,13,11
2012-11-01 02:00:00.000,2012,11,1,2,33004KT,13,10
2012-11-01 03:00:00.000,2012,11,1,3,04006KT,13,09
2012-11-01 04:00:00.000,2012,11,1,4,02004KT,12,08
2012-11-01 05:00:00.000,2012,11,1,5,36004KT,10,08
2012-11-01 06:00:00.000,2012,11,1,6,03008KT,11,08
2012-11-01 07:00:00.000,2012,11,1,7,04004KT,10,08
2012-11-01 08:00:00.000,2012,11,1,8,04006KT,11,08
2012-11-01 09:00:00.000,2012,11,1,9,03006KT,11,07
2012-11-01 10:00:00.000,2012,11,1,10,09004KT,09,07
2012-11-01 10:30:00.000,2012,11,1,10,34004KT,07,06
2012-11-01 11:00:00.000,2012,11,1,11,VRB02KT,07,06
2012-11-01 12:00:00.000,2012,11,1,12,VRB02KT,11,09
2012-11-01 12:30:00.000,2012,11,1,12,VRB02KT,13,08
2012-11-01 13:00:00.000,2012,11,1,13,VRB02KT,15,09
2012-11-01 14:00:00.000,2012,11,1,14,VRB02KT,16,09
2012-11-01 15:00:00.000,2012,11,1,15,VRB02KT,18,09
2012-11-01 16:00:00.000,2012,11,1,16,14007KT,19,08
2012-11-01 17:00:00.000,2012,11,1,17,12013KT,20,07
2012-11-01 18:00:00.000,2012,11,1,18,16008KT,20,07
2012-11-01 19:00:00.000,2012,11,1,19,13014KT,20,06
2012-11-01 20:00:00.000,2012,11,1,20,14008KT,20,06
2012-11-01 21:00:00.000,2012,11,1,21,30007KT,18,11
2012-11-01 22:00:00.000,2012,11,1,22,33011KT,16,12
2012-11-01 23:00:00.000,2012,11,1,23,31010KT,14,11
2012-11-02 00:00:00.000,2012,11,2,0,33004KT,13,10
2012-11-02 01:00:00.000,2012,11,2,1,32003KT,12,09
2012-11-02 02:00:00.000,2012,11,2,2,VRB02KT,12,09
2012-11-02 03:00:00.000,2012,11,2,3,VRB02KT,10,09
2012-11-02 04:00:00.000,2012,11,2,4,00000KT,10,09
2012-11-02 05:00:00.000,2012,11,2,5,30003KT,07,06
2012-11-02 06:00:00.000,2012,11,2,6,29004KT,07,07
2012-11-02 07:00:00.000,2012,11,2,7,00000KT,07,07
2012-11-02 08:00:00.000,2012,11,2,8,33003KT,07,06
2012-11-02 09:00:00.000,2012,11,2,9,VRB02KT,05,05
2012-11-02 10:00:00.000,2012,11,2,10,33003KT,07,07
2012-11-02 10:28:00.000,2012,11,2,10,00000KT,07,07
2012-11-02 11:00:00.000,2012,11,2,11,33004KT,07,07
2012-11-02 12:00:00.000,2012,11,2,12,02005KT,09,08
2012-11-02 12:32:00.000,2012,11,2,12,02007KT,11,09
2012-11-02 13:00:00.000,2012,11,2,13,05005KT,13,09
2012-11-02 14:00:00.000,2012,11,2,14,03004KT,16,10
2012-11-02 15:00:00.000,2012,11,2,15,VRB02KT,19,10
2012-11-02 16:00:00.000,2012,11,2,16,VRB02KT,20,08
2012-11-02 17:00:00.000,2012,11,2,17,28006KT,19,09
2012-11-02 18:00:00.000,2012,11,2,18,27010KT,18,12
2012-11-02 19:00:00.000,2012,11,2,19,30016KT,19,12
2012-11-02 19:13:00.000,2012,11,2,19,30012KT,18,12
2012-11-02 20:00:00.000,2012,11,2,20,23012KT,17,13
2012-11-02 21:00:00.000,2012,11,2,21,34010KT,17,12
2012-11-02 22:00:00.000,2012,11,2,22,26008KT,14,13
2012-11-02 23:00:00.000,2012,11,2,23,28004KT,14,12
2012-11-03 00:00:00.000,2012,11,3,0,VRB02KT,14,13
2012-11-03 01:00:00.000,2012,11,3,1,30004KT,14,13
2012-11-03 02:00:00.000,2012,11,3,2,01003KT,13,12
2012-11-03 03:00:00.000,2012,11,3,3,VRB02KT,12,11
2012-11-03 04:00:00.000,2012,11,3,4,33004KT,12,11
2012-11-03 05:00:00.000,2012,11,3,5,VRB02KT,11,11
2012-11-03 06:00:00.000,2012,11,3,6,22003KT,11,11
2012-11-03 07:00:00.000,2012,11,3,7,26003KT,11,11
2012-11-03 08:00:00.000,2012,11,3,8,VRB02KT,10,10
2012-11-03 09:00:00.000,2012,11,3,9,VRB02KT,10,10
2012-11-03 10:00:00.000,2012,11,3,10,VRB02KT,09,09
2012-11-03 10:30:00.000,2012,11,3,10,VRB02KT,09,09
2012-11-03 11:00:00.000,2012,11,3,11,VRB02KT,09,08
2012-11-03 12:00:00.000,2012,11,3,12,VRB02KT,11,10
2012-11-03 13:00:00.000,2012,11,3,13,VRB02KT,14,11
2012-11-03 13:40:00.000,2012,11,3,13,VRB02KT,16,11
2012-11-03 14:00:00.000,2012,11,3,14,VRB02KT,17,11
2012-11-03 15:00:00.000,2012,11,3,15,05003KT,19,10
2012-11-03 16:00:00.000,2012,11,3,16,05006KT,19,11
2012-11-03 17:00:00.000,2012,11,3,17,14006KT,21,09
2012-11-03 18:00:00.000,2012,11,3,18,12010KT,21,09
2012-11-03 19:00:00.000,2012,11,3,19,30008KT,20,12
2012-11-03 20:00:00.000,2012,11,3,20,24010KT,20,13
2012-11-03 20:36:00.000,2012,11,3,20,27014KT,17,13
2012-11-03 21:00:00.000,2012,11,3,21,27012KT,15,14
2012-11-03 22:00:00.000,2012,11,3,22,26006KT,15,12
2012-11-03 23:00:00.000,2012,11,3,23,VRB02KT,14,13
2012-11-04 00:00:00.000,2012,11,4,0,28004KT,13,12
2012-11-04 01:00:00.000,2012,11,4,1,00000KT,13,10
2012-11-04 02:00:00.000,2012,11,4,2,00000KT,12,09
2012-11-04 03:00:00.000,2012,11,4,3,VRB02KT,11,09
2012-11-04 04:00:00.000,2012,11,4,4,VRB02KT,10,09
2012-11-04 05:00:00.000,2012,11,4,5,24003KT,11,11
2012-11-04 06:00:00.000,2012,11,4,6,00000KT,09,08
2012-11-04 07:00:00.000,2012,11,4,7,32004KT,07,07
2012-11-04 08:00:00.000,2012,11,4,8,VRB02KT,08,08
2012-11-04 09:00:00.000,2012,11,4,9,00000KT,09,09
2012-11-04 10:00:00.000,2012,11,4,10,00000KT,09,09
2012-11-04 10:30:00.000,2012,11,4,10,02003KT,09,09
2012-11-04 11:00:00.000,2012,11,4,11,02004KT,08,08
2012-11-04 12:00:00.000,2012,11,4,12,VRB02KT,09,08
2012-11-04 13:00:00.000,2012,11,4,13,05008KT,11,1
2012-11-04 14:00:00.000,2012,11,4,14,04004KT,14,10
2012-11-04 15:00:00.000,2012,11,4,15,02003KT,17,10
2012-11-04 16:00:00.000,2012,11,4,16,02005KT,18,09
2012-11-04 17:00:00.000,2012,11,4,17,06010KT,19,10
2012-11-04 18:00:00.000,2012,11,4,18,VRB02KT,19,08
2012-11-04 19:00:00.000,2012,11,4,19,36004KT,19,11
2012-11-04 20:00:00.000,2012,11,4,20,25014KT,17,13
2012-11-04 21:00:00.000,2012,11,4,21,27008KT,17,13
2012-11-04 22:00:00.000,2012,11,4,22,23006KT,15,13
2012-11-04 23:00:00.000,2012,11,4,23,28006KT,15,13
2012-11-05 00:00:00.000,2012,11,5,0,06004KT,14,12
2012-11-05 01:00:00.000,2012,11,5,1,06005KT,15,09
2012-11-05 02:00:00.000,2012,11,5,2,12006KT,15,09
2012-11-05 03:00:00.000,2012,11,5,3,12003KT,14,09
2012-11-05 04:00:00.000,2012,11,5,4,36006KT,12,08
2012-11-05 05:00:00.000,2012,11,5,5,05005KT,13,09
2012-11-05 06:00:00.000,2012,11,5,6,06006KT,12,09
2012-11-05 07:00:00.000,2012,11,5,7,35004KT,12,09
2012-11-05 08:00:00.000,2012,11,5,8,VRB02KT,12,10
2012-11-05 09:00:00.000,2012,11,5,9,VRB02KT,12,10
2012-11-05 10:00:00.000,2012,11,5,10,00000KT,11,09
2012-11-05 10:30:00.000,2012,11,5,10,00000KT,10,09
2012-11-05 11:00:00.000,2012,11,5,11,VRB02KT,10,09
2012-11-05 12:00:00.000,2012,11,5,12,VRB02KT,11,10
2012-11-05 12:27:00.000,2012,11,5,12,VRB02KT,11,10
2012-11-05 13:00:00.000,2012,11,5,13,36003KT,11,10
2012-11-05 14:00:00.000,2012,11,5,14,VRB02KT,12,11
2012-11-05 14:34:00.000,2012,11,5,14,00000KT,13,11
2012-11-05 15:00:00.000,2012,11,5,15,VRB02KT,14,12
2012-11-05 16:00:00.000,2012,11,5,16,05004KT,13,11
2012-11-05 17:00:00.000,2012,11,5,17,05005KT,14,11
2012-11-05 18:00:00.000,2012,11,5,18,12012KT,16,07
2012-11-05 19:00:00.000,2012,11,5,19,12008KT,16,07
2012-11-05 20:00:00.000,2012,11,5,20,10009KT,17,08
2012-11-05 21:00:00.000,2012,11,5,21,11013KT,18,07
2012-11-05 22:00:00.000,2012,11,5,22,07009KT,16,07
2012-11-05 23:00:00.000,2012,11,5,23,04008KT,14,08
2012-11-06 00:00:00.000,2012,11,6,0,03007KT,13,08
2012-11-06 01:00:00.000,2012,11,6,1,02004KT,12,08
2012-11-06 02:00:00.000,2012,11,6,2,05004KT,11,08
2012-11-06 03:00:00.000,2012,11,6,3,04004KT,11,08
2012-11-06 04:00:00.000,2012,11,6,4,01005KT,10,07
2012-11-06 05:00:00.000,2012,11,6,5,VRB02KT,09,08
2012-11-06 06:00:00.000,2012,11,6,6,36005KT,08,06
2012-11-06 07:00:00.000,2012,11,6,7,05005KT,09,07
2012-11-06 08:00:00.000,2012,11,6,8,VRB02KT,08,06
2012-11-06 09:00:00.000,2012,11,6,9,00000KT,06,05
2012-11-06 10:00:00.000,2012,11,6,10,VRB02KT,07,06
2012-11-06 11:00:00.000,2012,11,6,11,VRB02KT,06,05
2012-11-06 12:00:00.000,2012,11,6,12,06005KT,10,07
2012-11-06 13:00:00.000,2012,11,6,13,03004KT,12,08
2012-11-06 14:00:00.000,2012,11,6,14,36004KT,14,09
2012-11-06 15:00:00.000,2012,11,6,15,04007KT,16,08
2012-11-06 16:00:00.000,2012,11,6,16,12010KT,18,08
2012-11-06 17:00:00.000,2012,11,6,17,12010KT,19,08
2012-11-06 18:00:00.000,2012,11,6,18,13014KT,18,09
2012-11-06 19:00:00.000,2012,11,6,19,12016KT,18,08
2012-11-06 20:00:00.000,2012,11,6,20,11012KT,18,08
2012-11-06 21:00:00.000,2012,11,6,21,11012KT,17,08
2012-11-06 22:00:00.000,2012,11,6,22,13010KT,16,08
2012-11-06 23:00:00.000,2012,11,6,23,34004KT,15,07
2012-11-07 00:00:00.000,2012,11,7,0,35003KT,12,07
2012-11-07 01:00:00.000,2012,11,7,1,03004KT,11,06
2012-11-07 02:00:00.000,2012,11,7,2,02004KT,11,07
2012-11-07 03:00:00.000,2012,11,7,3,VRB02KT,10,06
2012-11-07 04:00:00.000,2012,11,7,4,00000KT,08,07
2012-11-07 05:00:00.000,2012,11,7,5,35003KT,07,06
2012-11-07 06:00:00.000,2012,11,7,6,00000KT,06,06
2012-11-07 07:00:00.000,2012,11,7,7,VRB02KT,05,05
2012-11-07 08:00:00.000,2012,11,7,8,00000KT,04,04
2012-11-07 09:00:00.000,2012,11,7,9,VRB02KT,04,04
2012-11-07 10:00:00.000,2012,11,7,10,VRB02KT,03,03
2012-11-07 11:00:00.000,2012,11,7,11,VRB02KT,05,05
2012-11-07 12:00:00.000,2012,11,7,12,03004KT,08,07
2012-11-07 13:00:00.000,2012,11,7,13,05008KT,16,08
2012-11-07 14:00:00.000,2012,11,7,14,05008KT,16,08
2012-11-07 15:00:00.000,2012,11,7,15,11010KT,18,07
2012-11-07 16:00:00.000,2012,11,7,16,06010KT,18,06
2012-11-07 17:00:00.000,2012,11,7,17,08008KT,19,06
2012-11-07 18:00:00.000,2012,11,7,18,05006KT,20,07
2012-11-07 19:00:00.000,2012,11,7,19,03008KT,20,07
2012-11-07 20:00:00.000,2012,11,7,20,04010KT,19,06
2012-11-07 21:00:00.000,2012,11,7,21,08010KT,19,05
2012-11-07 22:00:00.000,2012,11,7,22,22014KT,17,12
2012-11-07 23:00:00.000,2012,11,7,23,27008KT,15,11
2012-11-08 00:00:00.000,2012,11,8,0,28010KT,13,11
2012-11-08 01:00:00.000,2012,11,8,1,29004KT,13,12
2012-11-08 02:00:00.000,2012,11,8,2,VRB02KT,13,11
2012-11-08 03:00:00.000,2012,11,8,3,23004KT,11,10
2012-11-08 04:00:00.000,2012,11,8,4,VRB02KT,12,11
2012-11-08 05:00:00.000,2012,11,8,5,28008KT,12,11
2012-11-08 06:00:00.000,2012,11,8,6,34004KT,11,11
2012-11-08 07:00:00.000,2012,11,8,7,00000KT,11,10
2012-11-08 08:00:00.000,2012,11,8,8,00000KT,11,10
2012-11-08 09:00:00.000,2012,11,8,9,VRB02KT,11,10
2012-11-08 10:00:00.000,2012,11,8,10,VRB02KT,11,10
2012-11-08 11:00:00.000,2012,11,8,11,VRB02KT,10,10
2012-11-08 12:00:00.000,2012,11,8,12,02006KT,12,11
2012-11-08 13:00:00.000,2012,11,8,13,VRB02KT,14,11
2012-11-08 14:00:00.000,2012,11,8,14,10006KT,17,11
2012-11-08 15:00:00.000,2012,11,8,15,13012KT,19,10
2012-11-08 16:00:00.000,2012,11,8,16,12006KT,20,06
2012-11-08 17:00:00.000,2012,11,8,17,06008KT,21,07
2012-11-08 18:00:00.000,2012,11,8,18,16010KT,20,07
2012-11-08 19:00:00.000,2012,11,8,19,22008KT,19,08
2012-11-08 20:00:00.000,2012,11,8,20,13011KT,20,07
2012-11-08 21:00:00.000,2012,11,8,21,30008KT,19,12
2012-11-08 22:00:00.000,2012,11,8,22,07005KT,17,11
2012-11-08 23:00:00.000,2012,11,8,23,33009KT,15,12
2012-11-09 00:00:00.000,2012,11,9,0,36003KT,13,10
2012-11-09 01:00:00.000,2012,11,9,1,02005KT,12,09
2012-11-09 02:00:00.000,2012,11,9,2,VRB02KT,12,09
2012-11-09 03:00:00.000,2012,11,9,3,34004KT,11,09
2012-11-09 04:00:00.000,2012,11,9,4,35004KT,11,09
2012-11-09 05:00:00.000,2012,11,9,5,35003KT,09,08
2012-11-09 06:00:00.000,2012,11,9,6,34004KT,11,09
2012-11-09 07:00:00.000,2012,11,9,7,34003KT,11,09
2012-11-09 08:00:00.000,2012,11,9,8,34003KT,11,09
2012-11-09 09:00:00.000,2012,11,9,9,VRB02KT,09,08
2012-11-09 10:00:00.000,2012,11,9,10,04005KT,09,08
2012-11-09 11:00:00.000,2012,11,9,11,07005KT,09,08
2012-11-09 12:00:00.000,2012,11,9,12,06009KT,12,09
2012-11-09 13:00:00.000,2012,11,9,13,09006KT,13,09
2012-11-09 14:00:00.000,2012,11,9,14,05009KT,15,10
2012-11-09 15:00:00.000,2012,11,9,15,12012KT,17,09
2012-11-09 16:00:00.000,2012,11,9,16,14014KT,18,09
2012-11-09 17:00:00.000,2012,11,9,17,13013KT,20,08
2012-11-09 18:00:00.000,2012,11,9,18,10008KT,20,05
2012-11-09 19:00:00.000,2012,11,9,19,09006KT,21,04
2012-11-09 20:00:00.000,2012,11,9,20,11012KT,21,04
2012-11-09 21:00:00.000,2012,11,9,21,10010KT,20,05
2012-11-09 22:00:00.000,2012,11,9,22,13008KT,18,05
2012-11-09 23:00:00.000,2012,11,9,23,12006KT,15,08
2012-11-10 00:00:00.000,2012,11,10,0,32004KT,13,11
2012-11-10 01:00:00.000,2012,11,10,1,33003KT,13,12
2012-11-10 02:00:00.000,2012,11,10,2,VRB02KT,12,11
2012-11-10 03:00:00.000,2012,11,10,3,VRB02KT,12,11
2012-11-10 04:00:00.000,2012,11,10,4,34005KT,11,08
2012-11-10 05:00:00.000,2012,11,10,5,33005KT,10,08
2012-11-10 06:00:00.000,2012,11,10,6,03003KT,09,07
2012-11-10 07:00:00.000,2012,11,10,7,VRB02KT,09,07
2012-11-10 09:00:00.000,2012,11,10,9,00000KT,07,07
2012-11-10 10:00:00.000,2012,11,10,10,00000KT,06,05
2012-11-10 11:00:00.000,2012,11,10,11,VRB02KT,06,05
2012-11-10 12:00:00.000,2012,11,10,12,03005KT,09,08
2012-11-10 13:00:00.000,2012,11,10,13,01005KT,12,10
2012-11-10 14:00:00.000,2012,11,10,14,06005KT,16,10
2012-11-10 15:00:00.000,2012,11,10,15,02007KT,18,09
2012-11-10 16:00:00.000,2012,11,10,16,05006KT,19,09
2012-11-10 17:00:00.000,2012,11,10,17,15007KT,21,07
2012-11-10 18:00:00.000,2012,11,10,18,08008KT,20,05
2012-11-10 19:00:00.000,2012,11,10,19,28010KT,18,12
2012-11-10 20:00:00.000,2012,11,10,20,28010KT,18,12
2012-11-10 21:00:00.000,2012,11,10,21,28008KT,15,14
2012-11-10 22:00:00.000,2012,11,10,22,28006KT,13,12
2012-11-11 01:00:00.000,2012,11,11,1,VRB02KT,11,10
2012-11-11 02:00:00.000,2012,11,11,2,03003KT,10,09
2012-11-11 03:00:00.000,2012,11,11,3,07003KT,11,10
2012-11-11 04:00:00.000,2012,11,11,4,02003KT,09,09
2012-11-11 05:00:00.000,2012,11,11,5,02004KT,09,08
2012-11-11 06:00:00.000,2012,11,11,6,33004KT,09,08
2012-11-11 07:00:00.000,2012,11,11,7,VRB02KT,09,08
2012-11-11 08:00:00.000,2012,11,11,8,00000KT,08,07
2012-11-11 09:00:00.000,2012,11,11,9,VRB02KT,08,07
2012-11-11 10:00:00.000,2012,11,11,10,06004KT,07,07
2012-11-11 11:00:00.000,2012,11,11,11,04004KT,08,07
2012-11-11 12:00:00.000,2012,11,11,12,04006KT,10,09
2012-11-11 13:00:00.000,2012,11,11,13,04006KT,14,08
2012-11-11 14:00:00.000,2012,11,11,14,04010KT,16,08
2012-11-11 15:00:00.000,2012,11,11,15,14008KT,18,07
2012-11-11 16:00:00.000,2012,11,11,16,12008KT,19,07
2012-11-11 17:00:00.000,2012,11,11,17,12012KT,19,07
2012-11-11 18:00:00.000,2012,11,11,18,13008KT,19,09
2012-11-11 19:00:00.000,2012,11,11,19,14011KT,18,09
2012-11-11 20:00:00.000,2012,11,11,20,14010KT,18,08
2012-11-11 21:00:00.000,2012,11,11,21,14007KT,18,09
2012-11-11 22:00:00.000,2012,11,11,22,08006KT,18,10
2012-11-11 23:00:00.000,2012,11,11,23,06007KT,16,09
2012-11-12 00:00:00.000,2012,11,12,0,VRB02KT,15,10
2012-11-12 01:00:00.000,2012,11,12,1,VRB02KT,13,10
2012-11-12 02:00:00.000,2012,11,12,2,00000KT,11,10
2012-11-12 03:00:00.000,2012,11,12,3,VRB02KT,11,09
2012-11-12 04:00:00.000,2012,11,12,4,00000KT,10,09
2012-11-12 05:00:00.000,2012,11,12,5,VRB02KT,08,08
2012-11-12 06:00:00.000,2012,11,12,6,VRB02KT,08,08
2012-11-12 07:00:00.000,2012,11,12,7,VRB02KT,07,07
2012-11-12 08:00:00.000,2012,11,12,8,31004KT,06,06
2012-11-12 09:00:00.000,2012,11,12,9,VRB02KT,07,06
2012-11-12 10:00:00.000,2012,11,12,10,00000KT,06,06
2012-11-12 11:00:00.000,2012,11,12,11,VRB02KT,07,06
2012-11-12 12:00:00.000,2012,11,12,12,VRB02KT,09,08
2012-11-12 13:00:00.000,2012,11,12,13,02005KT,13,10
2012-11-12 14:00:00.000,2012,11,12,14,01005KT,16,09
2012-11-12 15:00:00.000,2012,11,12,15,00000KT,19,08
2012-11-12 16:00:00.000,2012,11,12,16,VRB02KT,19,08
2012-11-12 17:00:00.000,2012,11,12,17,36003KT,19,08
2012-11-12 18:00:00.000,2012,11,12,18,24010KT,18,11
2012-11-12 19:00:00.000,2012,11,12,19,30014KT,16,12
2012-11-12 20:00:00.000,2012,11,12,20,27010KT,15,12
2012-11-12 21:00:00.000,2012,11,12,21,28003KT,16,12
2012-11-12 22:00:00.000,2012,11,12,22,31008KT,16,12
2012-11-12 23:00:00.000,2012,11,12,23,27008KT,14,12
2012-11-13 00:00:00.000,2012,11,13,0,VRB02KT,13,11
2012-11-13 01:00:00.000,2012,11,13,1,VRB02KT,14,11
2012-11-13 02:00:00.000,2012,11,13,2,31004KT,13,11
2012-11-13 03:00:00.000,2012,11,13,3,27010KT,13,11
2012-11-13 04:00:00.000,2012,11,13,4,VRB02KT,12,11
2012-11-13 05:00:00.000,2012,11,13,5,VRB02KT,12,11
2012-11-13 06:00:00.000,2012,11,13,6,00000KT,12,11
2012-11-13 07:00:00.000,2012,11,13,7,VRB02KT,12,11
2012-11-13 08:00:00.000,2012,11,13,8,VRB02KT,13,12
2012-11-13 09:00:00.000,2012,11,13,9,30006KT,12,11
2012-11-13 10:00:00.000,2012,11,13,10,35004KT,12,12
2012-11-13 11:00:00.000,2012,11,13,11,VRB02KT,11,11
2012-11-13 12:00:00.000,2012,11,13,12,25003KT,12,11
2012-11-13 13:00:00.000,2012,11,13,13,24003KT,14,11
2012-11-13 14:00:00.000,2012,11,13,14,29004KT,16,12
2012-11-13 15:00:00.000,2012,11,13,15,03004KT,18,11
2012-11-13 16:00:00.000,2012,11,13,16,03004KT,19,11
2012-11-13 17:00:00.000,2012,11,13,17,09004KT,20,10
2012-11-13 18:00:00.000,2012,11,13,18,27009KT,19,12
2012-11-13 19:00:00.000,2012,11,13,19,26015KT,18,12
2012-11-13 20:00:00.000,2012,11,13,20,21011KT,18,12
2012-11-13 21:00:00.000,2012,11,13,21,24010KT,16,13
2012-11-13 22:00:00.000,2012,11,13,22,26007KT,15,12
2012-11-13 23:00:00.000,2012,11,13,23,26006KT,14,11
2012-11-14 00:00:00.000,2012,11,14,0,27004KT,14,11
2012-11-14 01:00:00.000,2012,11,14,1,VRB02KT,13,11
2012-11-14 02:00:00.000,2012,11,14,2,00000KT,12,11
2012-11-14 03:00:00.000,2012,11,14,3,01004KT,12,11
2012-11-14 05:00:00.000,2012,11,14,5,00000KT,12,11
2012-11-14 06:00:00.000,2012,11,14,6,26004KT,11,10
2012-11-14 07:00:00.000,2012,11,14,7,00000KT,11,10
2012-11-14 08:00:00.000,2012,11,14,8,36003KT,11,10
2012-11-14 09:00:00.000,2012,11,14,9,03003KT,09,09
2012-11-14 10:00:00.000,2012,11,14,10,VRB02KT,10,09
2012-11-14 11:00:00.000,2012,11,14,11,VRB02KT,09,08
2012-11-14 12:00:00.000,2012,11,14,12,00000KT,10,09
2012-11-14 13:00:00.000,2012,11,14,13,VRB02KT,12,12
2012-11-14 14:00:00.000,2012,11,14,14,04004KT,16,11
2012-11-14 15:00:00.000,2012,11,14,15,01007KT,17,11
2012-11-14 16:00:00.000,2012,11,14,16,07004KT,19,10
2012-11-14 17:00:00.000,2012,11,14,17,32007KT,20,10
2012-11-14 18:00:00.000,2012,11,14,18,23010KT,17,13
2012-11-14 19:00:00.000,2012,11,14,19,30012KT,18,13
2012-11-14 20:00:00.000,2012,11,14,20,29005KT,19,12
2012-11-14 21:00:00.000,2012,11,14,21,25006KT,15,13
2012-11-14 22:00:00.000,2012,11,14,22,03003KT,15,13
2012-11-14 23:00:00.000,2012,11,14,23,23003KT,16,11
2012-11-15 00:00:00.000,2012,11,15,0,23006KT,15,12
2012-11-15 01:00:00.000,2012,11,15,1,27004KT,14,12
2012-11-15 02:00:00.000,2012,11,15,2,31004KT,14,12
2012-11-15 03:00:00.000,2012,11,15,3,VRB02KT,13,12
2012-11-15 04:00:00.000,2012,11,15,4,VRB02KT,13,11
2012-11-15 05:00:00.000,2012,11,15,5,VRB02KT,13,12
2012-11-15 06:00:00.000,2012,11,15,6,34004KT,11,11
2012-11-15 07:00:00.000,2012,11,15,7,00000KT,10,10
2012-11-15 08:00:00.000,2012,11,15,8,VRB02KT,09,09
2012-11-15 09:00:00.000,2012,11,15,9,VRB02KT,10,10
2012-11-15 10:00:00.000,2012,11,15,10,29004KT,10,10
2012-11-15 11:00:00.000,2012,11,15,11,00000KT,11,11
2012-11-15 12:00:00.000,2012,11,15,12,VRB02KT,11,11
2012-11-15 13:00:00.000,2012,11,15,13,VRB02KT,14,13
2012-11-15 14:00:00.000,2012,11,15,14,01003KT,16,11
2012-11-15 15:00:00.000,2012,11,15,15,VRB02KT,18,10
2012-11-15 16:00:00.000,2012,11,15,16,13003KT,18,11
2012-11-15 17:00:00.000,2012,11,15,17,22010KT,17,12
2012-11-15 18:00:00.000,2012,11,15,18,27008KT,16,12
2012-11-15 19:00:00.000,2012,11,15,19,27013KT,16,12
2012-11-15 20:00:00.000,2012,11,15,20,24011KT,15,12
2012-11-15 21:00:00.000,2012,11,15,21,20009KT,16,12
2012-11-15 22:00:00.000,2012,11,15,22,26008KT,15,11
2012-11-15 23:00:00.000,2012,11,15,23,29005KT,15,11
2012-11-16 00:00:00.000,2012,11,16,0,30007KT,13,11
2012-11-16 01:00:00.000,2012,11,16,1,30004KT,14,11
2012-11-16 02:00:00.000,2012,11,16,2,32006KT,13,11
2012-11-16 03:00:00.000,2012,11,16,3,29005KT,14,11
2012-11-16 04:00:00.000,2012,11,16,4,30005KT,13,11
2012-11-16 05:00:00.000,2012,11,16,5,26004KT,13,10
2012-11-16 07:00:00.000,2012,11,16,7,25003KT,12,11
2012-11-16 08:00:00.000,2012,11,16,8,32005KT,12,10
2012-11-16 09:00:00.000,2012,11,16,9,VRB02KT,12,10
2012-11-16 10:00:00.000,2012,11,16,10,VRB02KT,12,11
2012-11-16 11:00:00.000,2012,11,16,11,00000KT,12,11
2012-11-16 12:00:00.000,2012,11,16,12,00000KT,13,11
2012-11-16 13:00:00.000,2012,11,16,13,VRB02KT,14,11
2012-11-16 14:00:00.000,2012,11,16,14,VRB02KT,16,11
2012-11-16 15:00:00.000,2012,11,16,15,07003KT,17,10
2012-11-16 16:00:00.000,2012,11,16,16,32003KT,19,11
2012-11-16 17:00:00.000,2012,11,16,17,28005KT,20,10
2012-11-16 18:00:00.000,2012,11,16,18,29016KT,19,12
2012-11-16 19:00:00.000,2012,11,16,19,28022KT,18,12
2012-11-16 20:00:00.000,2012,11,16,20,27012KT,19,11
2012-11-16 21:00:00.000,2012,11,16,21,26014KT,18,11
2012-11-16 22:00:00.000,2012,11,16,22,28006KT,16,12
2012-11-16 23:00:00.000,2012,11,16,23,29010KT,16,12
2012-11-17 00:00:00.000,2012,11,17,0,31004KT,14,11
2012-11-17 01:00:00.000,2012,11,17,1,30004KT,14,12
2012-11-17 02:00:00.000,2012,11,17,2,27006KT,14,12
2012-11-17 03:00:00.000,2012,11,17,3,26003KT,14,12
2012-11-17 04:00:00.000,2012,11,17,4,30003KT,13,11
2012-11-17 05:00:00.000,2012,11,17,5,30003KT,13,12
2012-11-17 06:00:00.000,2012,11,17,6,34004KT,13,12
2012-11-17 07:00:00.000,2012,11,17,7,32004KT,12,11
2012-11-17 09:00:00.000,2012,11,17,9,28004KT,12,11
2012-11-17 10:00:00.000,2012,11,17,10,VRB02KT,12,11
2012-11-17 11:00:00.000,2012,11,17,11,VRB02KT,11,10
2012-11-17 12:00:00.000,2012,11,17,12,34003KT,13,12
2012-11-17 13:00:00.000,2012,11,17,13,31003KT,14,12
2012-11-17 14:00:00.000,2012,11,17,14,36003KT,16,11
2012-11-17 15:00:00.000,2012,11,17,15,32003KT,18,11
2012-11-17 16:00:00.000,2012,11,17,16,23008KT,19,10
2012-11-17 17:00:00.000,2012,11,17,17,22012KT,16,11
2012-11-17 18:00:00.000,2012,11,17,18,28010KT,15,12
2012-11-17 19:00:00.000,2012,11,17,19,26009KT,16,12
2012-11-17 20:00:00.000,2012,11,17,20,22006KT,16,12
2012-11-17 21:00:00.000,2012,11,17,21,21007KT,16,12
2012-11-17 22:00:00.000,2012,11,17,22,23006KT,16,11
2012-11-17 23:00:00.000,2012,11,17,23,22005KT,15,11
2012-11-18 00:00:00.000,2012,11,18,0,27004KT,15,11
2012-11-18 01:00:00.000,2012,11,18,1,20004KT,14,12
2012-11-18 02:00:00.000,2012,11,18,2,VRB02KT,14,12
2012-11-18 03:00:00.000,2012,11,18,3,16008KT,13,12
2012-11-18 04:00:00.000,2012,11,18,4,VRB02KT,12,11
2012-11-18 05:00:00.000,2012,11,18,5,VRB02KT,12,11
2012-11-18 06:00:00.000,2012,11,18,6,00000KT,12,12
2012-11-18 08:00:00.000,2012,11,18,8,00000KT,11,11
2012-11-18 09:00:00.000,2012,11,18,9,26004KT,11,11
2012-11-18 10:00:00.000,2012,11,18,10,03004KT,11,11
2012-11-18 11:00:00.000,2012,11,18,11,26004KT,11,11
2012-11-18 12:00:00.000,2012,11,18,12,34003KT,11,11
2012-11-18 13:00:00.000,2012,11,18,13,VRB02KT,12,12
2012-11-18 14:00:00.000,2012,11,18,14,02004KT,14,12
2012-11-18 15:00:00.000,2012,11,18,15,02005KT,14,12
2012-11-18 16:00:00.000,2012,11,18,16,08005KT,15,12
2012-11-18 17:00:00.000,2012,11,18,17,16007KT,16,12
2012-11-18 18:00:00.000,2012,11,18,18,18007KT,16,10
2012-11-18 19:00:00.000,2012,11,18,19,00000KT,17,09
2012-11-18 20:00:00.000,2012,11,18,20,20004KT,17,08
2012-11-18 21:00:00.000,2012,11,18,21,32003KT,17,08
2012-11-18 22:00:00.000,2012,11,18,22,31008KT,15,12
2012-11-18 23:00:00.000,2012,11,18,23,27004KT,14,12
2012-11-19 00:00:00.000,2012,11,19,0,22004KT,13,11
2012-11-19 01:00:00.000,2012,11,19,1,23004KT,13,11
2012-11-19 02:00:00.000,2012,11,19,2,21004KT,13,11
2012-11-19 03:00:00.000,2012,11,19,3,24004KT,12,11
2012-11-19 04:00:00.000,2012,11,19,4,22004KT,13,11
2012-11-19 05:00:00.000,2012,11,19,5,20004KT,13,12
2012-11-19 06:00:00.000,2012,11,19,6,VRB02KT,12,11
2012-11-19 07:00:00.000,2012,11,19,7,VRB02KT,12,11
2012-11-19 08:00:00.000,2012,11,19,8,00000KT,11,10
2012-11-19 09:00:00.000,2012,11,19,9,VRB02KT,12,11
2012-11-19 10:00:00.000,2012,11,19,10,00000KT,11,10
2012-11-19 11:00:00.000,2012,11,19,11,VRB02KT,10,09
2012-11-19 12:00:00.000,2012,11,19,12,VRB02KT,13,11
2012-11-19 13:00:00.000,2012,11,19,13,09004KT,16,11
2012-11-19 14:00:00.000,2012,11,19,14,04004KT,17,11
2012-11-19 15:00:00.000,2012,11,19,15,12008KT,19,10
2012-11-19 16:00:00.000,2012,11,19,16,06006KT,20,10
2012-11-19 17:00:00.000,2012,11,19,17,10006KT,21,10
2012-11-19 18:00:00.000,2012,11,19,18,27016KT,17,11
2012-11-19 19:00:00.000,2012,11,19,19,26014KT,17,13
2012-11-19 20:00:00.000,2012,11,19,20,25012KT,16,13
2012-11-19 21:00:00.000,2012,11,19,21,21010KT,15,13
2012-11-19 22:00:00.000,2012,11,19,22,21006KT,15,13
2012-11-19 23:00:00.000,2012,11,19,23,22006KT,15,13
2012-11-20 00:00:00.000,2012,11,20,0,22004KT,14,12
2012-11-20 01:00:00.000,2012,11,20,1,22004KT,14,11
2012-11-20 02:00:00.000,2012,11,20,2,34003KT,14,12
2012-11-20 03:00:00.000,2012,11,20,3,VRB02KT,13,12
2012-11-20 04:00:00.000,2012,11,20,4,28004KT,13,12
2012-11-20 05:00:00.000,2012,11,20,5,00000KT,11,10
2012-11-20 06:00:00.000,2012,11,20,6,00000KT,11,11
2012-11-20 07:00:00.000,2012,11,20,7,30005KT,11,11
2012-11-20 08:00:00.000,2012,11,20,8,VRB02KT,12,11
2012-11-20 09:00:00.000,2012,11,20,9,VRB02KT,11,10
2012-11-20 10:00:00.000,2012,11,20,10,25003KT,10,09
2012-11-20 11:00:00.000,2012,11,20,11,VRB02KT,08,08
2012-11-20 12:00:00.000,2012,11,20,12,VRB02KT,10,10
2012-11-20 13:00:00.000,2012,11,20,13,07006KT,13,11
2012-11-20 14:00:00.000,2012,11,20,14,12004KT,17,08
2012-11-20 15:00:00.000,2012,11,20,15,10004KT,19,07
2012-11-20 16:00:00.000,2012,11,20,16,14010KT,20,07
2012-11-20 17:00:00.000,2012,11,20,17,VRB02KT,21,06
2012-11-20 18:00:00.000,2012,11,20,18,23012KT,20,10
2012-11-20 19:00:00.000,2012,11,20,19,09003KT,30,26
2012-11-20 20:00:00.000,2012,11,20,20,26010KT,19,12
2012-11-20 21:00:00.000,2012,11,20,21,28010KT,17,12
2012-11-20 22:00:00.000,2012,11,20,22,29006KT,16,12
2012-11-20 23:00:00.000,2012,11,20,23,31004KT,15,13
2012-11-21 00:00:00.000,2012,11,21,0,VRB02KT,13,11
2012-11-21 01:00:00.000,2012,11,21,1,32003KT,13,11
2012-11-21 02:00:00.000,2012,11,21,2,34003KT,13,12
2012-11-21 03:00:00.000,2012,11,21,3,27006KT,13,12
2012-11-21 04:00:00.000,2012,11,21,4,32004KT,13,12
2012-11-21 07:00:00.000,2012,11,21,7,34003KT,09,08
2012-11-21 08:00:00.000,2012,11,21,8,00000KT,09,08
2012-11-21 09:00:00.000,2012,11,21,9,36003KT,07,07
2012-11-21 10:00:00.000,2012,11,21,10,VRB02KT,07,06
2012-11-21 11:00:00.000,2012,11,21,11,02004KT,06,06
2012-11-21 12:00:00.000,2012,11,21,12,VRB02KT,09,08
2012-11-21 13:00:00.000,2012,11,21,13,05007KT,14,10
2012-11-21 14:00:00.000,2012,11,21,14,06009KT,17,10
2012-11-21 15:00:00.000,2012,11,21,15,VRB02KT,18,08
2012-11-21 16:00:00.000,2012,11,21,16,VRB02KT,20,08
2012-11-21 17:00:00.000,2012,11,21,17,03004KT,21,07
2012-11-21 18:00:00.000,2012,11,21,18,29012KT,19,12
2012-11-21 19:00:00.000,2012,11,21,19,29012KT,18,13
2012-11-21 20:00:00.000,2012,11,21,20,26009KT,17,12
2012-11-21 21:00:00.000,2012,11,21,21,25008KT,16,13
2012-11-21 22:00:00.000,2012,11,21,22,26008KT,15,12
2012-11-22 00:00:00.000,2012,11,22,0,00000KT,15,12
2012-11-22 01:00:00.000,2012,11,22,1,03004KT,14,11
2012-11-22 02:00:00.000,2012,11,22,2,VRB02KT,12,11
2012-11-22 03:00:00.000,2012,11,22,3,23004KT,11,11
2012-11-22 04:00:00.000,2012,11,22,4,00000KT,11,11
2012-11-22 05:00:00.000,2012,11,22,5,00000KT,11,10
2012-11-22 06:00:00.000,2012,11,22,6,VRB02KT,10,10
2012-11-22 07:00:00.000,2012,11,22,7,18004KT,11,10
2012-11-22 08:00:00.000,2012,11,22,8,00000KT,11,11
2012-11-22 09:00:00.000,2012,11,22,9,25004KT,09,09
2012-11-22 10:00:00.000,2012,11,22,10,VRB02KT,08,08
2012-11-22 11:00:00.000,2012,11,22,11,32004KT,08,08
2012-11-22 12:00:00.000,2012,11,22,12,00000KT,09,09
2012-11-22 13:00:00.000,2012,11,22,13,00000KT,12,11
2012-11-22 14:00:00.000,2012,11,22,14,06003KT,15,11
2012-11-22 15:00:00.000,2012,11,22,15,VRB02KT,17,10
2012-11-22 16:00:00.000,2012,11,22,16,VRB02KT,19,09
2012-11-22 17:00:00.000,2012,11,22,17,30003KT,19,10
2012-11-22 18:00:00.000,2012,11,22,18,29012KT,19,12
2012-11-22 19:00:00.000,2012,11,22,19,28014KT,18,12
2012-11-22 20:00:00.000,2012,11,22,20,29014KT,18,12
2012-11-22 21:00:00.000,2012,11,22,21,26012KT,17,12
2012-11-22 22:00:00.000,2012,11,22,22,26010KT,15,12
2012-11-22 23:00:00.000,2012,11,22,23,03006KT,14,12
2012-11-23 00:00:00.000,2012,11,23,0,27008KT,14,12
2012-11-23 01:00:00.000,2012,11,23,1,34006KT,14,12
2012-11-23 02:00:00.000,2012,11,23,2,VRB02KT,14,12
2012-11-23 03:00:00.000,2012,11,23,3,30003KT,13,12
2012-11-23 04:00:00.000,2012,11,23,4,27003KT,14,12
2012-11-23 05:00:00.000,2012,11,23,5,VRB02KT,14,12
2012-11-23 06:00:00.000,2012,11,23,6,26003KT,14,12
2012-11-23 09:00:00.000,2012,11,23,9,VRB02KT,12,11
2012-11-23 10:00:00.000,2012,11,23,10,VRB02KT,12,11
2012-11-23 11:00:00.000,2012,11,23,11,32003KT,12,11
2012-11-23 12:00:00.000,2012,11,23,12,VRB02KT,13,11
2012-11-23 13:00:00.000,2012,11,23,13,03004KT,14,12
2012-11-23 14:00:00.000,2012,11,23,14,03008KT,16,11
2012-11-23 15:00:00.000,2012,11,23,15,040010KT,18,10
2012-11-23 16:00:00.000,2012,11,23,16,01006KT,17,10
2012-11-23 17:00:00.000,2012,11,23,17,32010KT,21,10
2012-11-23 18:00:00.000,2012,11,23,18,33008KT,21,10
2012-11-23 19:00:00.000,2012,11,23,19,27016KT,17,13
2012-11-23 20:00:00.000,2012,11,23,20,28012KT,18,13
2012-11-23 21:00:00.000,2012,11,23,21,27010KT,18,14
2012-11-23 22:00:00.000,2012,11,23,22,25010KT,17,13
2012-11-23 23:00:00.000,2012,11,23,23,23008KT,16,12
2012-11-24 00:00:00.000,2012,11,24,0,24005KT,15,12
2012-11-24 01:00:00.000,2012,11,24,1,28003KT,14,12
2012-11-24 02:00:00.000,2012,11,24,2,22004KT,14,12
2012-11-24 03:00:00.000,2012,11,24,3,00000KT,13,11
2012-11-24 04:00:00.000,2012,11,24,4,00000KT,12,11
2012-11-24 05:00:00.000,2012,11,24,5,00000KT,10,09
2012-11-24 07:00:00.000,2012,11,24,7,00000KT,11,11
2012-11-24 09:00:00.000,2012,11,24,9,VRB02KT,11,11
2012-11-24 10:00:00.000,2012,11,24,10,29003KT,11,11
2012-11-24 12:00:00.000,2012,11,24,12,0000KT,12,12
2012-11-24 13:00:00.000,2012,11,24,13,07004KT,15,12
2012-11-24 14:00:00.000,2012,11,24,14,02006KT,17,10
2012-11-24 15:00:00.000,2012,11,24,15,06006KT,19,09
2012-11-24 16:00:00.000,2012,11,24,16,05008KT,20,07
2012-11-24 17:00:00.000,2012,11,24,17,10006KT,20,09
2012-11-24 18:00:00.000,2012,11,24,18,05006KT,20,07
2012-11-24 19:00:00.000,2012,11,24,19,02007KT,21,08
2012-11-24 20:00:00.000,2012,11,24,20,29008KT,20,12
2012-11-24 21:00:00.000,2012,11,24,21,28010KT,17,12
2012-11-24 22:00:00.000,2012,11,24,22,26004KT,17,12
2012-11-24 23:00:00.000,2012,11,24,23,28006KT,15,12
2012-11-25 00:00:00.000,2012,11,25,0,25005KT,15,12
2012-11-25 01:00:00.000,2012,11,25,1,VRB02KT,13,12
2012-11-25 02:00:00.000,2012,11,25,2,VRB02KT,12,12
2012-11-25 03:00:00.000,2012,11,25,3,VRB02KT,10,10
2012-11-25 04:00:00.000,2012,11,25,4,33004KT,08,08
2012-11-25 05:00:00.000,2012,11,25,5,VRB02KT,08,07
2012-11-25 06:00:00.000,2012,11,25,6,00000KT,07,07
2012-11-25 07:00:00.000,2012,11,25,7,30004KT,07,06
2012-11-25 08:00:00.000,2012,11,25,8,VRB02KT,06,06
2012-11-25 09:00:00.000,2012,11,25,9,VRB02KT,05,05
2012-11-25 10:00:00.000,2012,11,25,10,00000KT,05,05
2012-11-25 11:00:00.000,2012,11,25,11,00000KT,05,05
2012-11-25 12:00:00.000,2012,11,25,12,VRB02KT,06,06
2012-11-25 13:00:00.000,2012,11,25,13,03006KT,12,08
2012-11-25 14:00:00.000,2012,11,25,14,03007KT,15,08
2012-11-25 15:00:00.000,2012,11,25,15,03006KT,18,05
2012-11-25 16:00:00.000,2012,11,25,16,09009KT,20,00
2012-11-25 17:00:00.000,2012,11,25,17,10007KT,21,03
2012-11-25 18:00:00.000,2012,11,25,18,14005KT,22,02
2012-11-25 19:00:00.000,2012,11,25,19,14007KT,21,02
2012-11-25 20:00:00.000,2012,11,25,20,23010KT,19,10
2012-11-25 21:00:00.000,2012,11,25,21,25008KT,17,11
2012-11-25 22:00:00.000,2012,11,25,22,31006KT,16,11
2012-11-25 23:00:00.000,2012,11,25,23,24006KT,16,11
2012-11-26 00:00:00.000,2012,11,26,0,VRB02KT,14,10
2012-11-26 01:00:00.000,2012,11,26,1,VRB02KT,11,09
2012-11-26 02:00:00.000,2012,11,26,2,VRB02KT,11,09
2012-11-26 03:00:00.000,2012,11,26,3,VRB02KT,10,09
2012-11-26 04:00:00.000,2012,11,26,4,VRB02KT,11,10
2012-11-26 05:00:00.000,2012,11,26,5,VRB02KT,09,08
2012-11-26 06:00:00.000,2012,11,26,6,04005KT,09,08
2012-11-26 07:00:00.000,2012,11,26,7,VRB02KT,10,09
2012-11-26 08:00:00.000,2012,11,26,8,VRB02KT,09,07
2012-11-26 09:00:00.000,2012,11,26,9,04005KT,08,07
2012-11-26 10:00:00.000,2012,11,26,10,02006KT,10,08
2012-11-26 11:00:00.000,2012,11,26,11,05007KT,11,08
2012-11-26 12:00:00.000,2012,11,26,12,03010T,12,10
2012-11-26 13:00:00.000,2012,11,26,13,03010KT,14,09
2012-11-26 14:00:00.000,2012,11,26,14,08008KT,16,09
2012-11-26 15:00:00.000,2012,11,26,15,09010KT,17,08
2012-11-26 16:00:00.000,2012,11,26,16,09010KT,18,09
2012-11-26 17:00:00.000,2012,11,26,17,09012KT,19,08
2012-11-26 19:00:00.000,2012,11,26,19,13016KT,18,09
2012-11-26 21:00:00.000,2012,11,26,21,09010KT,18,09
2012-11-26 23:00:00.000,2012,11,26,23,12010KT,16,09
2012-11-27 00:00:00.000,2012,11,27,0,09008KT,16,08
2012-11-27 01:00:00.000,2012,11,27,1,09003KT,14,09
2012-11-27 02:00:00.000,2012,11,27,2,04005KT,13,08
2012-11-27 03:00:00.000,2012,11,27,3,03005KT,12,07
2012-11-27 04:00:00.000,2012,11,27,4,01003KT,12,07
2012-11-27 05:00:00.000,2012,11,27,5,04004KT,12,08
2012-11-27 06:00:00.000,2012,11,27,6,01005KT,11,08
2012-11-27 07:00:00.000,2012,11,27,7,32003KT,10,08
2012-11-27 08:00:00.000,2012,11,27,8,VRB02KT,10,07
2012-11-27 09:00:00.000,2012,11,27,9,29003KT,09,08
2012-11-27 10:00:00.000,2012,11,27,10,VRB02KT,10,09
2012-11-27 11:00:00.000,2012,11,27,11,27005KT,09,08
2012-11-27 12:00:00.000,2012,11,27,12,34004KT,10,09
2012-11-27 13:00:00.000,2012,11,27,13,VRB02KT,12,09
2012-11-27 14:00:00.000,2012,11,27,14,00000KT,14,10
2012-11-27 15:00:00.000,2012,11,27,15,01004KT,16,09
2012-11-27 16:00:00.000,2012,11,27,16,05006KT,17,08
2012-11-27 17:00:00.000,2012,11,27,17,04004KT,18,08
2012-11-27 18:00:00.000,2012,11,27,18,09006KT,19,08
2012-11-27 19:00:00.000,2012,11,27,19,01006KT,19,08
2012-11-27 20:00:00.000,2012,11,27,20,36004KT,19,08
2012-11-27 21:00:00.000,2012,11,27,21,24010KT,19,10
2012-11-27 22:00:00.000,2012,11,27,22,30008KT,17,12
2012-11-27 23:00:00.000,2012,11,27,23,26008KT,15,12
2012-11-28 00:00:00.000,2012,11,28,0,33004KT,14,12
2012-11-28 01:00:00.000,2012,11,28,1,30006KT,14,13
2012-11-28 02:00:00.000,2012,11,28,2,32004KT,13,12
2012-11-28 03:00:00.000,2012,11,28,3,VRB02KT,13,11
2012-11-28 04:00:00.000,2012,11,28,4,32003KT,12,11
2012-11-28 05:00:00.000,2012,11,28,5,00000KT,11,10
2012-11-28 06:00:00.000,2012,11,28,6,VRB02KT,11,11
2012-11-28 07:00:00.000,2012,11,28,7,00000KT,10,10
2012-11-28 09:00:00.000,2012,11,28,9,VRB02KT,09,09
2012-11-28 10:00:00.000,2012,11,28,10,34004KT,09,09
2012-11-28 11:00:00.000,2012,11,28,11,VRB02KT,09,09
2012-11-28 12:00:00.000,2012,11,28,12,VRB02KT,11,10
2012-11-28 13:00:00.000,2012,11,28,13,VRB02KT,13,11
2012-11-28 14:00:00.000,2012,11,28,14,VRB02KT,17,11
2012-11-28 15:00:00.000,2012,11,28,15,VRB02KT,18,10
2012-11-28 16:00:00.000,2012,11,28,16,32007KT,19,11
2012-11-28 17:00:00.000,2012,11,28,17,29011KT,20,10
2012-11-28 18:00:00.000,2012,11,28,18,31012KT,20,10
2012-11-28 19:00:00.000,2012,11,28,19,15004KT,18,13
2012-11-28 20:00:00.000,2012,11,28,20,25009KT,16,13
2012-11-28 21:00:00.000,2012,11,28,21,27010KT,16,13
2012-11-28 22:00:00.000,2012,11,28,22,28010KT,16,12
2012-11-28 23:00:00.000,2012,11,28,23,26008KT,15,12
2012-11-29 00:00:00.000,2012,11,29,0,32004KT,14,11
2012-11-29 02:00:00.000,2012,11,29,2,30006KT,12,11
2012-11-29 03:00:00.000,2012,11,29,3,VRB02KT,13,11
2012-11-29 04:00:00.000,2012,11,29,4,28006KT,12,11
2012-11-29 05:00:00.000,2012,11,29,5,25004KT,12,11
2012-11-29 09:00:00.000,2012,11,29,9,33006KT,12,12
2012-11-29 10:00:00.000,2012,11,29,10,00000KT,12,12
2012-11-29 12:00:00.000,2012,11,29,12,30005KT,13,11
2012-11-29 13:00:00.000,2012,11,29,13,33006KT,14,11
2012-11-29 14:00:00.000,2012,11,29,14,33003KT,17,12
2012-11-29 15:00:00.000,2012,11,29,15,33006KT,19,12
2012-11-29 16:00:00.000,2012,11,29,16,26006KT,20,11
2012-11-29 17:00:00.000,2012,11,29,17,26014KT,20,12
2012-11-29 18:00:00.000,2012,11,29,18,24009KT,17,11
2012-11-29 19:00:00.000,2012,11,29,19,26008KT,16,12
2012-11-29 20:00:00.000,2012,11,29,20,25008KT,16,13
2012-11-29 21:00:00.000,2012,11,29,21,20009KT,16,13
2012-11-29 22:00:00.000,2012,11,29,22,28006KT,13,11
2012-11-29 23:00:00.000,2012,11,29,23,28005KT,12,10
2012-11-30 00:00:00.000,2012,11,30,0,VRB02KT,12,10
2012-11-30 01:00:00.000,2012,11,30,1,27003KT,12,10
2012-11-30 02:00:00.000,2012,11,30,2,28010KT,12,10
2012-11-30 03:00:00.000,2012,11,30,3,00000KT,11,10
2012-11-30 04:00:00.000,2012,11,30,4,VRB02KT,12,10
2012-11-30 05:00:00.000,2012,11,30,5,VRB02KT,10,09
2012-11-30 06:00:00.000,2012,11,30,6,00000KT,10,10
2012-11-30 07:00:00.000,2012,11,30,7,00000KT,10,10
2012-11-30 08:00:00.000,2012,11,30,8,00000KT,10,09
2012-11-30 09:00:00.000,2012,11,30,9,35005KT,10,09
2012-11-30 10:00:00.000,2012,11,30,10,33003KT,11,10
2012-11-30 11:00:00.000,2012,11,30,11,VRB02KT,10,10
2012-11-30 12:00:00.000,2012,11,30,12,VRB02KT,12,11
2012-11-30 13:00:00.000,2012,11,30,13,32004KT,12,11
2012-11-30 14:00:00.000,2012,11,30,14,34004KT,14,11
2012-11-30 15:00:00.000,2012,11,30,15,27004KT,15,11
2012-11-30 16:00:00.000,2012,11,30,16,34003KT,18,11
2012-11-30 17:00:00.000,2012,11,30,17,35003KT,18,11
2012-11-30 18:00:00.000,2012,11,30,18,33006KT,19,10
2012-11-30 19:00:00.000,2012,11,30,19,31014KT,19,11
2012-11-30 20:00:00.000,2012,11,30,20,31012KT,19,11
2012-11-30 21:00:00.000,2012,11,30,21,33010KT,17,11
2012-11-30 22:00:00.000,2012,11,30,22,32010KT,15,11
2012-11-30 23:00:00.000,2012,11,30,23,31007KT,14,11
2012-12-01 00:00:00.000,2012,12,1,0,30007KT,14,11
2012-12-01 01:00:00.000,2012,12,1,1,29009KT,13,11
2012-12-01 02:00:00.000,2012,12,1,2,30009KT,13,10
2012-12-01 03:00:00.000,2012,12,1,3,31007KT,12,10
2012-12-01 04:00:00.000,2012,12,1,4,31005KT,11,10
2012-12-01 05:00:00.000,2012,12,1,5,28006KT,11,10
2012-12-01 06:00:00.000,2012,12,1,6,00000KT,10,10
2012-12-01 07:00:00.000,2012,12,1,7,00000KT,09,08
2012-12-01 08:00:00.000,2012,12,1,8,31003KT,09,08
2012-12-01 09:00:00.000,2012,12,1,9,VRB02KT,08,07
2012-12-01 10:00:00.000,2012,12,1,10,VRB02KT,08,08
2012-12-01 11:00:00.000,2012,12,1,11,35003KT,09,08
2012-12-01 12:00:00.000,2012,12,1,12,03004KT,09,08
2012-12-01 13:00:00.000,2012,12,1,13,VRB02KT,11,10
2012-12-01 14:00:00.000,2012,12,1,14,34004KT,14,12
2012-12-01 15:00:00.000,2012,12,1,15,30006KT,17,11
2012-12-01 16:00:00.000,2012,12,1,16,30014KT,18,10
2012-12-01 17:00:00.000,2012,12,1,17,32015KT,18,11
2012-12-01 18:00:00.000,2012,12,1,18,33015KT,19,09
2012-12-01 19:00:00.000,2012,12,1,19,32013KT,19,09
2012-12-01 20:00:00.000,2012,12,1,20,33012KT,19,10
2012-12-01 21:00:00.000,2012,12,1,21,32014KT,18,11
2012-12-01 22:00:00.000,2012,12,1,22,32010KT,16,10
2012-12-01 23:00:00.000,2012,12,1,23,33006KT,14,10
2012-12-02 00:00:00.000,2012,12,2,0,27007KT,13,11
2012-12-02 01:00:00.000,2012,12,2,1,28008KT,13,10
2012-12-02 02:00:00.000,2012,12,2,2,30006KT,13,11
2012-12-02 03:00:00.000,2012,12,2,3,28010KT,13,10
2012-12-02 04:00:00.000,2012,12,2,4,26007KT,12,09
2012-12-02 05:00:00.000,2012,12,2,5,33003KT,10,09
2012-12-02 06:00:00.000,2012,12,2,6,18003KT,11,10
2012-12-02 08:00:00.000,2012,12,2,8,33003KT,10,10
2012-12-02 09:00:00.000,2012,12,2,9,VRB02KT,10,09
2012-12-02 10:00:00.000,2012,12,2,10,VRB02KT,08,08
2012-12-02 11:00:00.000,2012,12,2,11,VRB02KT,08,08
2012-12-02 12:00:00.000,2012,12,2,12,00000KT,10,09
2012-12-02 13:00:00.000,2012,12,2,13,VRB02KT,13,10
2012-12-02 14:00:00.000,2012,12,2,14,28003KT,15,10
2012-12-02 15:00:00.000,2012,12,2,15,26005KT,15,10
2012-12-02 16:00:00.000,2012,12,2,16,32010KT,17,10
2012-12-02 17:00:00.000,2012,12,2,17,28010KT,18,10
2012-12-02 18:00:00.000,2012,12,2,18,32012KT,19,09
2012-12-02 19:00:00.000,2012,12,2,19,32016KT,18,11
2012-12-02 20:00:00.000,2012,12,2,20,32014KT,16,10
2012-12-02 21:00:00.000,2012,12,2,21,31012KT,17,10
2012-12-02 22:00:00.000,2012,12,2,22,31012KT,16,10
2012-12-02 23:00:00.000,2012,12,2,23,31007KT,14,10
2012-12-03 00:00:00.000,2012,12,3,0,VRB02KT,13,11
2012-12-03 01:00:00.000,2012,12,3,1,25004KT,13,11
2012-12-03 02:00:00.000,2012,12,3,2,VRB02KT,13,11
2012-12-03 03:00:00.000,2012,12,3,3,22004KT,12,10
2012-12-03 04:00:00.000,2012,12,3,4,VRB02KT,12,10
2012-12-03 05:00:00.000,2012,12,3,5,35004KT,10,10
2012-12-03 06:00:00.000,2012,12,3,6,VRB02KT,11,10
2012-12-03 07:00:00.000,2012,12,3,7,03004KT,11,09
2012-12-03 08:00:00.000,2012,12,3,8,VRB02KT,11,10
2012-12-03 09:00:00.000,2012,12,3,9,34004KT,11,09
2012-12-03 10:00:00.000,2012,12,3,10,04004KT,11,09
2012-12-03 11:00:00.000,2012,12,3,11,03004KT,11,09
2012-12-03 12:00:00.000,2012,12,3,12,08003KT,11,09
2012-12-03 13:00:00.000,2012,12,3,13,08004KT,14,09
2012-12-03 14:00:00.000,2012,12,3,14,34004KT,16,09
2012-12-03 15:00:00.000,2012,12,3,15,32010KT,17,10
2012-12-03 16:00:00.000,2012,12,3,16,31008KT,18,10
2012-12-03 17:00:00.000,2012,12,3,17,34008KT,19,09
2012-12-03 18:00:00.000,2012,12,3,18,31009KT,19,09
2012-12-03 19:00:00.000,2012,12,3,19,30009KT,19,09
2012-12-03 20:00:00.000,2012,12,3,20,28011KT,20,10
2012-12-03 21:00:00.000,2012,12,3,21,28014KT,18,10
2012-12-03 22:00:00.000,2012,12,3,22,24009KT,16,11
2012-12-03 23:00:00.000,2012,12,3,23,24005KT,14,11
2012-12-04 00:00:00.000,2012,12,4,0,22003KT,13,11
2012-12-04 01:00:00.000,2012,12,4,1,21004KT,13,11
2012-12-04 02:00:00.000,2012,12,4,2,26004KT,13,10
2012-12-04 03:00:00.000,2012,12,4,3,22004KT,12,10
2012-12-04 04:00:00.000,2012,12,4,4,21004KT,11,10
2012-12-04 05:00:00.000,2012,12,4,5,32003KT,09,08
2012-12-04 06:00:00.000,2012,12,4,6,32003KT,08,07
2012-12-04 07:00:00.000,2012,12,4,7,23003KT,09,08
2012-12-04 08:00:00.000,2012,12,4,8,VRB02KT,08,07
2012-12-04 09:00:00.000,2012,12,4,9,32003KT,07,07
2012-12-04 10:00:00.000,2012,12,4,10,30004KT,07,07
2012-12-04 11:00:00.000,2012,12,4,11,VRB02KT,06,06
2012-12-04 12:00:00.000,2012,12,4,12,VRB02KT,08,08
2012-12-04 13:00:00.000,2012,12,4,13,06004KT,12,10
2012-12-04 14:00:00.000,2012,12,4,14,10004KT,16,10
2012-12-04 15:00:00.000,2012,12,4,15,08006KT,17,09
2012-12-04 16:00:00.000,2012,12,4,16,12004KT,19,09
2012-12-04 17:00:00.000,2012,12,4,17,31008KT,20,09
2012-12-04 18:00:00.000,2012,12,4,18,31010KT,19,11
2012-12-04 19:00:00.000,2012,12,4,19,31010KT,20,12
2012-12-04 20:00:00.000,2012,12,4,20,30011KT,19,12
2012-12-04 21:00:00.000,2012,12,4,21,24012KT,18,12
2012-12-04 22:00:00.000,2012,12,4,22,240096KT,17,12
2012-12-04 23:00:00.000,2012,12,4,23,30007KT,15,12
2012-12-05 00:00:00.000,2012,12,5,0,30004KT,14,12
2012-12-05 01:00:00.000,2012,12,5,1,03003KT,14,11
2012-12-05 02:00:00.000,2012,12,5,2,27004KT,14,11
2012-12-05 03:00:00.000,2012,12,5,3,30006KT,12,10
2012-12-05 04:00:00.000,2012,12,5,4,34003KT,11,10
2012-12-05 05:00:00.000,2012,12,5,5,VRB02KT,11,09
2012-12-05 06:00:00.000,2012,12,5,6,31003KT,09,08
2012-12-05 07:00:00.000,2012,12,5,7,VRB02KT,10,08
2012-12-05 08:00:00.000,2012,12,5,8,31004KT,09,08
2012-12-05 09:00:00.000,2012,12,5,9,VRB02KT,08,08
2012-12-05 10:00:00.000,2012,12,5,10,VRB02KT,09,09
2012-12-05 11:00:00.000,2012,12,5,11,00000KT,09,09
2012-12-05 12:00:00.000,2012,12,5,12,VRB02KT,08,08
2012-12-05 13:00:00.000,2012,12,5,13,VRB02KT,11,10
2012-12-05 14:00:00.000,2012,12,5,14,04004KT,15,10
2012-12-05 15:00:00.000,2012,12,5,15,02006KT,17,09
2012-12-05 16:00:00.000,2012,12,5,16,06005KT,19,09
2012-12-05 17:00:00.000,2012,12,5,17,32003KT,20,07
2012-12-05 18:00:00.000,2012,12,5,18,28012KT,19,11
2012-12-05 19:00:00.000,2012,12,5,19,29020KT,18,11
2012-12-05 20:00:00.000,2012,12,5,20,10009KT,17,08
2012-12-05 21:00:00.000,2012,12,5,21,28017KT,18,11
2012-12-05 22:00:00.000,2012,12,5,22,28014KT,16,11
2012-12-05 23:00:00.000,2012,12,5,23,32010KT,14,11
2012-12-06 00:00:00.000,2012,12,6,0,31008KT,13,11
2012-12-06 01:00:00.000,2012,12,6,1,24004KT,14,10
2012-12-06 02:00:00.000,2012,12,6,2,28004KT,13,10
2012-12-06 03:00:00.000,2012,12,6,3,VRB02KT,12,10
2012-12-06 04:00:00.000,2012,12,6,4,25004KT,12,10
2012-12-06 05:00:00.000,2012,12,6,5,VRB02KT,10,09
2012-12-06 06:00:00.000,2012,12,6,6,00000KT,09,08
2012-12-06 07:00:00.000,2012,12,6,7,34003KT,08,08
2012-12-06 09:00:00.000,2012,12,6,9,00000KT,07,07
2012-12-06 10:00:00.000,2012,12,6,10,18003KT,07,06
2012-12-06 11:00:00.000,2012,12,6,11,35003KT,06,06
2012-12-06 12:00:00.000,2012,12,6,12,34003KT,06,05
2012-12-06 13:00:00.000,2012,12,6,13,01004KT,12,09
2012-12-06 14:00:00.000,2012,12,6,14,VRB02KT,15,09
2012-12-06 15:00:00.000,2012,12,6,15,VRB02KT,17,08
2012-12-06 16:00:00.000,2012,12,6,16,VRB02KT,18,08
2012-12-06 17:00:00.000,2012,12,6,17,22003KT,21,08
2012-12-06 18:00:00.000,2012,12,6,18,28014KT,19,12
2012-12-06 19:00:00.000,2012,12,6,19,26014KT,18,12
2012-12-06 20:00:00.000,2012,12,6,20,28014KT,18,12
2012-12-06 21:00:00.000,2012,12,6,21,20007KT,17,11
2012-12-06 22:00:00.000,2012,12,6,22,06006KT,13,10
2012-12-06 23:00:00.000,2012,12,6,23,06006KT,12,10
2012-12-07 00:00:00.000,2012,12,7,0,VRB02KT,12,11
2012-12-07 01:00:00.000,2012,12,7,1,32004KT,13,11
2012-12-07 02:00:00.000,2012,12,7,2,VRB02KT,13,11
2012-12-07 03:00:00.000,2012,12,7,3,VRB02KT,13,11
2012-12-07 04:00:00.000,2012,12,7,4,00000KT,12,11
2012-12-13 04:00:00.000,2012,12,13,4,VRB02KT,12,12
2012-12-13 15:00:00.000,2012,12,13,15,32006KT,17,09
2012-12-13 16:00:00.000,2012,12,13,16,33005KT,18,08
2012-12-13 17:00:00.000,2012,12,13,17,28004KT,19,08
2012-12-13 18:00:00.000,2012,12,13,18,23009KT,16,12
2012-12-13 19:00:00.000,2012,12,13,19,29010KT,17,12
2012-12-13 20:00:00.000,2012,12,13,20,24010KT,15,12
2012-12-13 21:00:00.000,2012,12,13,21,17005KT,16,13
2012-12-13 22:00:00.000,2012,12,13,22,24006KT,15,11
2012-12-13 23:00:00.000,2012,12,13,23,24004KT,13,12
2012-12-14 00:00:00.000,2012,12,14,0,VRB02KT,13,13
2012-12-14 01:00:00.000,2012,12,14,1,24006KT,13,12
2012-12-14 02:00:00.000,2012,12,14,2,26008KT,13,12
2012-12-14 03:00:00.000,2012,12,14,3,27004KT,13,12
2012-12-14 04:00:00.000,2012,12,14,4,18006KT,13,12
2012-12-14 05:00:00.000,2012,12,14,5,20004KT,13,12
2012-12-14 06:00:00.000,2012,12,14,6,29004KT,12,11
2012-12-14 07:00:00.000,2012,12,14,7,00000KT,11,11
2012-12-14 08:00:00.000,2012,12,14,8,VRB02KT,10,10
2012-12-14 09:00:00.000,2012,12,14,9,VRB02KT,10,10
2012-12-14 10:00:00.000,2012,12,14,10,VRB02KT,10,10
2012-12-14 11:00:00.000,2012,12,14,11,31004KT,10,10
2012-12-14 12:00:00.000,2012,12,14,12,VRB02KT,10,10
2012-12-14 13:00:00.000,2012,12,14,13,34003KT,11,11
2012-12-14 14:00:00.000,2012,12,14,14,33004KT,13,13
2012-12-14 15:00:00.000,2012,12,14,15,VRB02KT,16,10
2012-12-14 16:00:00.000,2012,12,14,16,VRB02KT,17,09
2012-12-14 17:00:00.000,2012,12,14,17,VRB02KT,18,10
2012-12-14 18:00:00.000,2012,12,14,18,30012KT,19,10
2012-12-14 19:00:00.000,2012,12,14,19,31014KT,18,11
2012-12-14 20:00:00.000,2012,12,14,20,30012KT,18,12
2012-12-14 21:00:00.000,2012,12,14,21,28013KT,16,12
2012-12-14 22:00:00.000,2012,12,14,22,31010KT,15,11
2012-12-14 23:00:00.000,2012,12,14,23,28008KT,14,11
2012-12-15 00:00:00.000,2012,12,15,0,28005KT,14,10
2012-12-15 01:00:00.000,2012,12,15,1,27004KT,13,10
2012-12-15 02:00:00.000,2012,12,15,2,29008KT,13,10
2012-12-15 03:00:00.000,2012,12,15,3,13004KT,12,10
2012-12-15 04:00:00.000,2012,12,15,4,00000KT,11,09
2012-12-15 05:00:00.000,2012,12,15,5,27004KT,12,10
2012-12-15 06:00:00.000,2012,12,15,6,25003KT,10,09
2012-12-15 07:00:00.000,2012,12,15,7,00000KT,09,08
2012-12-15 08:00:00.000,2012,12,15,8,00000KT,08,07
2012-12-15 09:00:00.000,2012,12,15,9,04003KT,07,06
2012-12-15 10:00:00.000,2012,12,15,10,33003KT,06,05
2012-12-15 11:00:00.000,2012,12,15,11,00000KT,07,07
2012-12-15 12:00:00.000,2012,12,15,12,08003KT,09,09
2012-12-15 13:00:00.000,2012,12,15,13,VRB02KT,11,10
2012-12-15 14:00:00.000,2012,12,15,14,28003KT,15,11
2012-12-15 15:00:00.000,2012,12,15,15,VRB02KT,16,09
2012-12-15 16:00:00.000,2012,12,15,16,10004KT,17,09
2012-12-15 17:00:00.000,2012,12,15,17,33005KT,18,10
2012-12-15 18:00:00.000,2012,12,15,18,32014KT,20,10
2012-12-15 19:00:00.000,2012,12,15,19,31014KT,19,10
2012-12-15 20:00:00.000,2012,12,15,20,31012KT,18,10
2012-12-15 21:00:00.000,2012,12,15,21,31010KT,16,11
2012-12-15 22:00:00.000,2012,12,15,22,30008KT,15,10
2012-12-15 23:00:00.000,2012,12,15,23,31005KT,13,10
2012-12-16 00:00:00.000,2012,12,16,0,31005KT,13,10
2012-12-16 01:00:00.000,2012,12,16,1,30005KT,13,10
2012-12-16 02:00:00.000,2012,12,16,2,30005KT,12,11
2012-12-16 03:00:00.000,2012,12,16,3,29004KT,12,11
2012-12-16 04:00:00.000,2012,12,16,4,VRB02KT,12,11
2012-12-16 05:00:00.000,2012,12,16,5,VRB02KT,12,11
2012-12-16 06:00:00.000,2012,12,16,6,VRB02KT,10,09
2012-12-16 07:00:00.000,2012,12,16,7,32003KT,09,09
2012-12-16 08:00:00.000,2012,12,16,8,00000KT,09,09
2012-12-16 09:00:00.000,2012,12,16,9,VRB02KT,08,07
2012-12-16 10:00:00.000,2012,12,16,10,VRB02KT,09,08
2012-12-16 11:00:00.000,2012,12,16,11,VRB02KT,09,09
2012-12-16 12:00:00.000,2012,12,16,12,25003KT,11,10
2012-12-16 13:00:00.000,2012,12,16,13,35006KT,13,11
2012-12-16 14:00:00.000,2012,12,16,14,32004KT,15,11
2012-12-16 15:00:00.000,2012,12,16,15,32004KT,17,10
2012-12-16 16:00:00.000,2012,12,16,16,30006KT,18,09
2012-12-16 17:00:00.000,2012,12,16,17,31012KT,18,11
2012-12-16 18:00:00.000,2012,12,16,18,29012KT,19,11
2012-12-16 19:00:00.000,2012,12,16,19,31008KT,19,12
2012-12-16 20:00:00.000,2012,12,16,20,27014KT,19,11
2012-12-16 21:00:00.000,2012,12,16,21,26014KT,18,11
2012-12-16 22:00:00.000,2012,12,16,22,26010KT,18,12
2012-12-16 23:00:00.000,2012,12,16,23,26008KT,15,11
2012-12-17 00:00:00.000,2012,12,17,0,28005KT,14,11
2012-12-17 01:00:00.000,2012,12,17,1,23004KT,14,11
2012-12-17 02:00:00.000,2012,12,17,2,33003KT,13,10
2012-12-17 03:00:00.000,2012,12,17,3,26004KT,13,11
2012-12-17 04:00:00.000,2012,12,17,4,32005KT,12,10
2012-12-17 05:00:00.000,2012,12,17,5,VRB02KT,11,10
2012-12-17 06:00:00.000,2012,12,17,6,33003KT,12,11
2012-12-17 07:00:00.000,2012,12,17,7,VRB02KT,11,10
2012-12-17 08:00:00.000,2012,12,17,8,33003KT,10,09
2012-12-17 09:00:00.000,2012,12,17,9,VRB02KT,10,09
2012-12-17 10:00:00.000,2012,12,17,10,VRB02KT,10,09
2012-12-17 11:00:00.000,2012,12,17,11,31004KT,09,08
2012-12-17 12:00:00.000,2012,12,17,12,VRB02KT,10,09
2012-12-17 13:00:00.000,2012,12,17,13,02004KT,13,10
2012-12-17 14:00:00.000,2012,12,17,14,02008KT,16,11
2012-12-17 15:00:00.000,2012,12,17,15,02008KT,17,10
2012-12-17 16:00:00.000,2012,12,17,16,06005KT,19,10
2012-12-17 17:00:00.000,2012,12,17,17,06004KT,19,09
2012-12-17 18:00:00.000,2012,12,17,18,20004KT,18,09
2012-12-17 19:00:00.000,2012,12,17,19,26009KT,16,12
2012-12-17 20:00:00.000,2012,12,17,20,25005KT,17,12
2012-12-17 21:00:00.000,2012,12,17,21,02005KT,15,11
2012-12-17 22:00:00.000,2012,12,17,22,02006KT,14,12
2012-12-17 23:00:00.000,2012,12,17,23,34005KT,13,11
2012-12-18 00:00:00.000,2012,12,18,0,34004KT,13,11
2012-12-18 01:00:00.000,2012,12,18,1,23006KT,13,11
2012-12-18 02:00:00.000,2012,12,18,2,20004KT,13,10
2012-12-18 03:00:00.000,2012,12,18,3,35004KT,13,10
2012-12-18 04:00:00.000,2012,12,18,4,01004KT,12,11
2012-12-18 05:00:00.000,2012,12,18,5,VRB02KT,12,10
2012-12-18 06:00:00.000,2012,12,18,6,VRB02KT,12,10
2012-12-18 07:00:00.000,2012,12,18,7,03006KT,12,10
2012-12-18 08:00:00.000,2012,12,18,8,02006KT,12,10
2012-12-18 09:00:00.000,2012,12,18,9,04006KT,12,10
2012-12-18 10:00:00.000,2012,12,18,10,05004KT,12,09
2012-12-18 11:00:00.000,2012,12,18,11,03004KT,12,09
2012-12-18 12:00:00.000,2012,12,18,12,02004KT,12,09
2012-12-18 13:00:00.000,2012,12,18,13,06005KT,14,09
2012-12-18 14:00:00.000,2012,12,18,14,02005KT,15,09
2012-12-18 15:00:00.000,2012,12,18,15,03006KT,16,08
2012-12-18 16:00:00.000,2012,12,18,16,02005KT,17,09
2012-12-18 17:00:00.000,2012,12,18,17,29010KT,17,10
2012-12-18 18:00:00.000,2012,12,18,18,25012KT,18,11
2012-12-18 19:00:00.000,2012,12,18,19,25010KT,18,11
2012-12-18 20:00:00.000,2012,12,18,20,03010KT,12,09
2012-12-18 21:00:00.000,2012,12,18,21,35005KT,11,11
2012-12-18 22:00:00.000,2012,12,18,22,31005KT,12,10
2012-12-18 23:00:00.000,2012,12,18,23,VRB02KT,11,10
2012-12-19 00:00:00.000,2012,12,19,0,VRB02KT,12,11
2012-12-19 01:00:00.000,2012,12,19,1,06003KT,12,11
2012-12-19 02:00:00.000,2012,12,19,2,VRB02KT,11,11
2012-12-19 03:00:00.000,2012,12,19,3,33003KT,11,10
2012-12-19 04:00:00.000,2012,12,19,4,35003KT,11,10
2012-12-19 05:00:00.000,2012,12,19,5,VRB02KT,10,08
2012-12-19 06:00:00.000,2012,12,19,6,33003KT,08,08
2012-12-19 07:00:00.000,2012,12,19,7,00000KT,08,08
2012-12-19 08:00:00.000,2012,12,19,8,00000KT,07,07
2012-12-19 09:00:00.000,2012,12,19,9,07003KT,09,08
2012-12-19 10:00:00.000,2012,12,19,10,VRB02KT,06,05
2012-12-19 11:00:00.000,2012,12,19,11,35003KT,06,06
2012-12-19 12:00:00.000,2012,12,19,12,VRB02KT,06,06
2012-12-19 13:00:00.000,2012,12,19,13,VRB02KT,10,09
2012-12-19 14:00:00.000,2012,12,19,14,VRB02KT,15,10
2012-12-19 15:00:00.000,2012,12,19,15,32005KT,18,09
2012-12-19 16:00:00.000,2012,12,19,16,10012KT,19,07
2012-12-19 17:00:00.000,2012,12,19,17,09011KT,19,06
2012-12-19 18:00:00.000,2012,12,19,18,11010KT,18,08
2012-12-19 19:00:00.000,2012,12,19,19,11008KT,19,08
2012-12-19 20:00:00.000,2012,12,19,20,07006KT,20,08
2012-12-19 21:00:00.000,2012,12,19,21,12013KT,18,07
2012-12-19 22:00:00.000,2012,12,19,22,12014KT,17,07
2012-12-19 23:00:00.000,2012,12,19,23,08008KT,15,08
2012-12-20 00:00:00.000,2012,12,20,0,VRB02KT,15,08
2012-12-20 01:00:00.000,2012,12,20,1,VRB02KT,13,10
2012-12-20 02:00:00.000,2012,12,20,2,03005KT,12,09
2012-12-20 03:00:00.000,2012,12,20,3,05004KT,11,09
2012-12-20 04:00:00.000,2012,12,20,4,VRB02KT,11,09
2012-12-20 05:00:00.000,2012,12,20,5,06004KT,10,08
2012-12-20 06:00:00.000,2012,12,20,6,VRB02KT,08,07
2012-12-20 07:00:00.000,2012,12,20,7,11004KT,09,08
2012-12-20 08:00:00.000,2012,12,20,8,00000KT,07,07
2012-12-20 09:00:00.000,2012,12,20,9,00000KT,07,07
2012-12-20 10:00:00.000,2012,12,20,10,VRB02KT,06,06
2012-12-20 11:00:00.000,2012,12,20,11,33004KT,06,06
2012-12-20 12:00:00.000,2012,12,20,12,21003KT,07,07
2012-12-20 13:00:00.000,2012,12,20,13,04005KT,11,10
2012-12-20 14:00:00.000,2012,12,20,14,04004KT,15,10
2012-12-20 15:00:00.000,2012,12,20,15,06005KT,16,10
2012-12-20 16:00:00.000,2012,12,20,16,03005KT,17,09
2012-12-20 17:00:00.000,2012,12,20,17,05007KT,18,08
2012-12-20 18:00:00.000,2012,12,20,18,00000KT,17,09
2012-12-20 19:00:00.000,2012,12,20,19,05009KT,17,09
2012-12-20 20:00:00.000,2012,12,20,20,05008KT,18,09
2012-12-20 21:00:00.000,2012,12,20,21,04004KT,18,08
2012-12-20 22:00:00.000,2012,12,20,22,13005KT,18,07
2012-12-20 23:00:00.000,2012,12,20,23,06004KT,15,10
2012-12-21 00:00:00.000,2012,12,21,0,05004KT,15,10
2012-12-21 01:00:00.000,2012,12,21,1,01003KT,13,09
2012-12-21 02:00:00.000,2012,12,21,2,04004KT,12,09
2012-12-21 03:00:00.000,2012,12,21,3,VRB02KT,12,09
2012-12-21 04:00:00.000,2012,12,21,4,01004KT,12,09
2012-12-21 05:00:00.000,2012,12,21,5,04004KT,10,09
2012-12-21 06:00:00.000,2012,12,21,6,01004KT,09,09
2012-12-21 07:00:00.000,2012,12,21,7,05006KT,08,08
2012-12-21 08:00:00.000,2012,12,21,8,04004KT,07,07
2012-12-21 09:00:00.000,2012,12,21,9,06004KT,08,08
2012-12-21 10:00:00.000,2012,12,21,10,VRB02KT,09,08
2012-12-21 11:00:00.000,2012,12,21,11,VRB02KT,06,06
2012-12-21 12:00:00.000,2012,12,21,12,03004KT,09,09
2012-12-21 13:00:00.000,2012,12,21,13,07003KT,11,10
2012-12-21 14:00:00.000,2012,12,21,14,36003KT,15,10
2012-12-21 15:00:00.000,2012,12,21,15,35006KT,18,09
2012-12-21 16:00:00.000,2012,12,21,16,33005KT,19,08
2012-12-21 17:00:00.000,2012,12,21,17,27007KT,18,09
2012-12-21 18:00:00.000,2012,12,21,18,26007KT,18,10
2012-12-21 19:00:00.000,2012,12,21,19,29006KT,17,11
2012-12-21 20:00:00.000,2012,12,21,20,27009KT,17,12
2012-12-21 21:00:00.000,2012,12,21,21,29007KT,15,12
2012-12-21 22:00:00.000,2012,12,21,22,28007KT,15,12
2012-12-21 23:00:00.000,2012,12,21,23,29003KT,15,11
2012-12-22 00:00:00.000,2012,12,22,0,32005KT,13,11
2012-12-22 01:00:00.000,2012,12,22,1,28003KT,13,11
2012-12-22 02:00:00.000,2012,12,22,2,02003KT,12,11
2012-12-22 03:00:00.000,2012,12,22,3,34003KT,11,11
2012-12-22 04:00:00.000,2012,12,22,4,06003KT,11,10
2012-12-22 05:00:00.000,2012,12,22,5,05003KT,10,09
2012-12-22 06:00:00.000,2012,12,22,6,05004KT,10,09
2012-12-22 07:00:00.000,2012,12,22,7,02004KT,08,07
2012-12-22 08:00:00.000,2012,12,22,8,04005KT,09,07
2012-12-22 09:00:00.000,2012,12,22,9,05004KT,09,08
2012-12-22 10:00:00.000,2012,12,22,10,07003KT,07,07
2012-12-22 11:00:00.000,2012,12,22,11,04005KT,09,08
2012-12-22 12:00:00.000,2012,12,22,12,03005KT,10,08
2012-12-22 13:00:00.000,2012,12,22,13,03004KT,14,10
2012-12-22 14:00:00.000,2012,12,22,14,02004KT,16,09
2012-12-22 15:00:00.000,2012,12,22,15,02004KT,17,08
2012-12-22 16:00:00.000,2012,12,22,16,08006KT,18,10
2012-12-22 17:00:00.000,2012,12,22,17,18004KT,18,08
2012-12-22 18:00:00.000,2012,12,22,18,08008KT,20,09
2012-12-22 19:00:00.000,2012,12,22,19,14010KT,19,09
2012-12-22 20:00:00.000,2012,12,22,20,31005KT,19,08
2012-12-22 21:00:00.000,2012,12,22,21,30009KT,18,11
2012-12-22 22:00:00.000,2012,12,22,22,29009KT,16,12
2012-12-22 23:00:00.000,2012,12,22,23,28006KT,15,11
2012-12-23 00:00:00.000,2012,12,23,0,16004KT,14,12
2012-12-23 01:00:00.000,2012,12,23,1,26004KT,12,11
2012-12-23 02:00:00.000,2012,12,23,2,35004KT,13,11
2012-12-23 03:00:00.000,2012,12,23,3,VRB02KT,13,11
2012-12-23 04:00:00.000,2012,12,23,4,26004KT,12,11
2012-12-23 05:00:00.000,2012,12,23,5,24008KT,12,11
2012-12-23 06:00:00.000,2012,12,23,6,VRB02KT,12,11
2012-12-23 07:00:00.000,2012,12,23,7,29004KT,12,11
2012-12-23 08:00:00.000,2012,12,23,8,18004KT,12,12
2012-12-23 09:00:00.000,2012,12,23,9,16010KT,12,12
2012-12-23 10:00:00.000,2012,12,23,10,15004KT,12,11
2012-12-23 11:00:00.000,2012,12,23,11,VRB02KT,12,10
2012-12-23 12:00:00.000,2012,12,23,12,04004KT,11,11
2012-12-23 13:00:00.000,2012,12,23,13,03006KT,12,11
2012-12-23 14:00:00.000,2012,12,23,14,16008KT,12,09
2012-12-23 15:00:00.000,2012,12,23,15,12004KT,14,09
2012-12-23 16:00:00.000,2012,12,23,16,08005KT,15,10
2012-12-23 17:00:00.000,2012,12,23,17,10007KT,16,09
2012-12-23 18:00:00.000,2012,12,23,18,13006KT,16,09
2012-12-23 19:00:00.000,2012,12,23,19,13003KT,17,08
2012-12-23 20:00:00.000,2012,12,23,20,10006KT,17,09
2012-12-23 21:00:00.000,2012,12,23,21,10011KT,16,09
2012-12-23 22:00:00.000,2012,12,23,22,09007KT,15,08
2012-12-23 23:00:00.000,2012,12,23,23,03007KT,14,09
2012-12-24 00:00:00.000,2012,12,24,0,03010KT,13,08
2012-12-24 01:00:00.000,2012,12,24,1,08006KT,13,08
2012-12-24 02:00:00.000,2012,12,24,2,03004KT,12,08
2012-12-24 03:00:00.000,2012,12,24,3,03006KT,11,08
2012-12-24 04:00:00.000,2012,12,24,4,03004KT,10,08
2012-12-24 05:00:00.000,2012,12,24,5,VRB02KT,10,08
2012-12-24 06:00:00.000,2012,12,24,6,03005KT,10,08
2012-12-24 07:00:00.000,2012,12,24,7,05003KT,10,08
2012-12-24 08:00:00.000,2012,12,24,8,05005KT,10,08
2012-12-24 09:00:00.000,2012,12,24,9,04007KT,11,08
2012-12-24 10:00:00.000,2012,12,24,10,06005KT,10,08
2012-12-24 11:00:00.000,2012,12,24,11,03003KT,08,08
2012-12-24 12:00:00.000,2012,12,24,12,04006KT,10,08
2012-12-24 13:00:00.000,2012,12,24,13,04008KT,14,09
2012-12-24 14:00:00.000,2012,12,24,14,11006KT,16,09
2012-12-24 15:00:00.000,2012,12,24,15,13010KT,17,09
2012-12-24 16:00:00.000,2012,12,24,16,VRB02KT,17,09
2012-12-24 17:00:00.000,2012,12,24,17,15012KT,18,09
2012-12-24 18:00:00.000,2012,12,24,18,12012KT,17,09
2012-12-24 19:00:00.000,2012,12,24,19,05006KT,17,10
2012-12-24 20:00:00.000,2012,12,24,20,03010KT,17,11
2012-12-24 21:00:00.000,2012,12,24,21,04010KT,16,10
2012-12-24 22:00:00.000,2012,12,24,22,04007KT,16,10
2012-12-24 23:00:00.000,2012,12,24,23,05006KT,15,10
2012-12-25 00:00:00.000,2012,12,25,0,04005KT,15,10
2012-12-25 01:00:00.000,2012,12,25,1,04006KT,15,10
2012-12-25 02:00:00.000,2012,12,25,2,05004KT,12,09
2012-12-25 03:00:00.000,2012,12,25,3,03003KT,11,09
2012-12-25 04:00:00.000,2012,12,25,4,03003KT,10,08
2012-12-25 05:00:00.000,2012,12,25,5,05003KT,09,09
2012-12-25 06:00:00.000,2012,12,25,6,27003KT,09,08
2012-12-25 07:00:00.000,2012,12,25,7,VRB02KT,09,08
2012-12-25 08:00:00.000,2012,12,25,8,VRB02KT,10,09
2012-12-25 09:00:00.000,2012,12,25,9,VRB02KT,09,08
2012-12-25 10:00:00.000,2012,12,25,10,VRB02KT,07,06
2012-12-25 11:00:00.000,2012,12,25,11,03003KT,08,07
2012-12-25 12:00:00.000,2012,12,25,12,VRB02KT,08,08
2012-12-25 13:00:00.000,2012,12,25,13,04004KT,12,10
2012-12-25 14:00:00.000,2012,12,25,14,03006KT,15,11
2012-12-25 15:00:00.000,2012,12,25,15,35004KT,17,10
2012-12-25 16:00:00.000,2012,12,25,16,VRB02KT,17,10
2012-12-25 17:00:00.000,2012,12,25,17,36006KT,14,12
2012-12-25 18:00:00.000,2012,12,25,18,VRB02KT,15,12
2012-12-25 19:00:00.000,2012,12,25,19,09012KT,17,10
2012-12-25 20:00:00.000,2012,12,25,20,21006KT,15,12
2012-12-25 21:00:00.000,2012,12,25,21,VRB02KT,17,11
2012-12-25 22:00:00.000,2012,12,25,22,VRB02KT,17,09
2012-12-25 23:00:00.000,2012,12,25,23,10005KT,16,09
2012-12-26 00:00:00.000,2012,12,26,0,VRB02KT,15,10
2012-12-26 01:00:00.000,2012,12,26,1,VRB02KT,14,09
2012-12-26 02:00:00.000,2012,12,26,2,VRB02KT,13,09
2012-12-26 03:00:00.000,2012,12,26,3,VRB02KT,10,09
2012-12-26 04:00:00.000,2012,12,26,4,34004KT,11,09
2012-12-26 05:00:00.000,2012,12,26,5,00000KT,10,09
2012-12-26 06:00:00.000,2012,12,26,6,VRB02KT,11,10
2012-12-26 07:00:00.000,2012,12,26,7,VRB02KT,11,10
2012-12-26 08:00:00.000,2012,12,26,8,36006KT,12,10
2012-12-26 09:00:00.000,2012,12,26,9,05004KT,09,08
2012-12-26 10:00:00.000,2012,12,26,10,VRB02KT,10,10
2012-12-26 11:00:00.000,2012,12,26,11,05004KT,10,09
2012-12-26 12:00:00.000,2012,12,26,12,04006KT,12,10
2012-12-26 13:00:00.000,2012,12,26,13,01005KT,14,11
2012-12-26 14:00:00.000,2012,12,26,14,05006KT,15,10
2012-12-26 15:00:00.000,2012,12,26,15,06010KT,17,09
2012-12-26 16:00:00.000,2012,12,26,16,07005KT,17,09
2012-12-26 17:00:00.000,2012,12,26,17,06009KT,18,09
2012-12-26 18:00:00.000,2012,12,26,18,03008KT,18,09
2012-12-26 19:00:00.000,2012,12,26,19,12010KT,19,07
2012-12-26 20:00:00.000,2012,12,26,20,14012KT,19,09
2012-12-26 21:00:00.000,2012,12,26,21,07005KT,18,09
2012-12-26 22:00:00.000,2012,12,26,22,06008KT,17,09
2012-12-26 23:00:00.000,2012,12,26,23,07004KT,16,09
2012-12-27 00:00:00.000,2012,12,27,0,09005KT,15,07
2012-12-27 01:00:00.000,2012,12,27,1,10006KT,15,08
2012-12-27 02:00:00.000,2012,12,27,2,06007KT,14,10
2012-12-27 03:00:00.000,2012,12,27,3,06006KT,14,10
2012-12-27 04:00:00.000,2012,12,27,4,06004KT,14,09
2012-12-27 05:00:00.000,2012,12,27,5,06006KT,13,09
2012-12-27 07:00:00.000,2012,12,27,7,04004KT,13,10
2012-12-27 08:00:00.000,2012,12,27,8,06006KT,12,09
2012-12-27 09:00:00.000,2012,12,27,9,06005KT,12,10
2012-12-27 10:00:00.000,2012,12,27,10,10006KT,12,10
2012-12-27 11:00:00.000,2012,12,27,11,06007KT,12,09
2012-12-27 12:00:00.000,2012,12,27,12,08008KT,13,09
2012-12-27 13:00:00.000,2012,12,27,13,07008KT,13,09
2012-12-27 14:00:00.000,2012,12,27,14,06007KT,15,09
2012-12-27 15:00:00.000,2012,12,27,15,13012KT,17,09
2012-12-27 16:00:00.000,2012,12,27,16,12014KT,18,09
2012-12-27 17:00:00.000,2012,12,27,17,13015KT,19,09
2012-12-27 18:00:00.000,2012,12,27,18,13016KT,19,08
2012-12-27 19:00:00.000,2012,12,27,19,15014KT,19,08
2012-12-27 20:00:00.000,2012,12,27,20,12014KT,19,08
2012-12-27 21:00:00.000,2012,12,27,21,15012KT,18,08
2012-12-27 22:00:00.000,2012,12,27,22,06008KT,17,08
2012-12-27 23:00:00.000,2012,12,27,23,06010KT,15,07
2012-12-28 00:00:00.000,2012,12,28,0,05004KT,14,08
2012-12-28 01:00:00.000,2012,12,28,1,10004KT,13,08
2012-12-28 02:00:00.000,2012,12,28,2,02008KT,12,07
2012-12-28 03:00:00.000,2012,12,28,3,05006KT,12,07
2012-12-28 04:00:00.000,2012,12,28,4,04006KT,12,07
2012-12-28 05:00:00.000,2012,12,28,5,03004KT,12,08
2012-12-28 06:00:00.000,2012,12,28,6,05004KT,12,08
2012-12-28 07:00:00.000,2012,12,28,7,04004KT,11,08
2012-12-28 08:00:00.000,2012,12,28,8,04004KT,10,08
2012-12-28 09:00:00.000,2012,12,28,9,05004KT,08,07
2012-12-28 10:00:00.000,2012,12,28,10,00000KT,08,08
2012-12-28 11:00:00.000,2012,12,28,11,33004KT,11,09
2012-12-28 12:00:00.000,2012,12,28,12,34005KT,12,09
2012-12-28 13:00:00.000,2012,12,28,13,10010KT,14,08
2012-12-28 14:00:00.000,2012,12,28,14,12012KT,16,08
2012-12-28 15:00:00.000,2012,12,28,15,12010KT,18,08
2012-12-28 16:00:00.000,2012,12,28,16,12010KT,18,08
2012-12-28 17:00:00.000,2012,12,28,17,12010KT,20,08
2012-12-28 18:00:00.000,2012,12,28,18,12016KT,20,08
2012-12-28 19:00:00.000,2012,12,28,19,13012KT,20,08
2012-12-28 20:00:00.000,2012,12,28,20,06010KT,19,08
2012-12-28 21:00:00.000,2012,12,28,21,06010KT,19,07
2012-12-28 22:00:00.000,2012,12,28,22,06010KT,17,07
2012-12-28 23:00:00.000,2012,12,28,23,12006KT,15,09
2012-12-29 00:00:00.000,2012,12,29,0,09005KT,15,07
2012-12-29 01:00:00.000,2012,12,29,1,33004KT,11,07
2012-12-29 02:00:00.000,2012,12,29,2,08006KT,12,08
2012-12-29 03:00:00.000,2012,12,29,3,36007KT,09,07
2012-12-29 04:00:00.000,2012,12,29,4,36008KT,10,07
2012-12-29 05:00:00.000,2012,12,29,5,03006KT,09,07
2012-12-29 06:00:00.000,2012,12,29,6,03006KT,09,07
2012-12-29 07:00:00.000,2012,12,29,7,03006KT,08,06
2012-12-29 08:00:00.000,2012,12,29,8,VRB02KT,08,07
2012-12-29 09:00:00.000,2012,12,29,9,VRB02KT,07,06
2012-12-29 10:00:00.000,2012,12,29,10,VRB02KT,04,04
2012-12-29 11:00:00.000,2012,12,29,11,VRB02KT,04,04
2012-12-29 12:00:00.000,2012,12,29,12,05003KT,06,06
2012-12-29 13:00:00.000,2012,12,29,13,02006KT,10,07
2012-12-29 14:00:00.000,2012,12,29,14,03005KT,14,05
2012-12-29 15:00:00.000,2012,12,29,15,02006KT,16,06
2012-12-29 16:00:00.000,2012,12,29,16,01005KT,18,06
2012-12-29 17:00:00.000,2012,12,29,17,09008KT,20,06
2012-12-29 18:00:00.000,2012,12,29,18,14010KT,20,06
2012-12-29 19:00:00.000,2012,12,29,19,09005KT,20,05
2012-12-29 20:00:00.000,2012,12,29,20,11010KT,19,07
2012-12-29 21:00:00.000,2012,12,29,21,10008KT,18,06
2012-12-29 22:00:00.000,2012,12,29,22,10012KT,18,06
2012-12-29 23:00:00.000,2012,12,29,23,12004KT,16,07
2012-12-30 00:00:00.000,2012,12,30,0,15007KT,14,07
2012-12-30 01:00:00.000,2012,12,30,1,05006KT,13,08
2012-12-30 02:00:00.000,2012,12,30,2,04006KT,12,08
2012-12-30 03:00:00.000,2012,12,30,3,03006KT,11,08
2012-12-30 04:00:00.000,2012,12,30,4,03006KT,11,09
2012-12-30 05:00:00.000,2012,12,30,5,06006KT,10,08
2012-12-30 06:00:00.000,2012,12,30,6,35003KT,09,07
2012-12-30 07:00:00.000,2012,12,30,7,35003KT,09,07
2012-12-30 08:00:00.000,2012,12,30,8,05006KT,09,07
2012-12-30 09:00:00.000,2012,12,30,9,VRB02KT,08,07
2012-12-30 10:00:00.000,2012,12,30,10,07003KT,08,07
2012-12-30 11:00:00.000,2012,12,30,11,04006KT,07,06
2012-12-30 12:00:00.000,2012,12,30,12,03004KT,08,97
2012-12-30 13:00:00.000,2012,12,30,13,03004KT,12,07
2012-12-30 14:00:00.000,2012,12,30,14,04006KT,15,06
2012-12-30 15:00:00.000,2012,12,30,15,03006KT,16,06
2012-12-30 16:00:00.000,2012,12,30,16,11010KT,17,04
2012-12-30 17:00:00.000,2012,12,30,17,12013KT,19,05
2012-12-30 18:00:00.000,2012,12,30,18,09007KT,18,04
2012-12-30 19:00:00.000,2012,12,30,19,11005KT,19,03
2012-12-30 20:00:00.000,2012,12,30,20,11009KT,19,03
2012-12-30 21:00:00.000,2012,12,30,21,09009KT,18,04
2012-12-30 22:00:00.000,2012,12,30,22,10010KT,19,03
2012-12-30 23:00:00.000,2012,12,30,23,09008KT,16,05
2012-12-31 00:00:00.000,2012,12,31,0,09005KT,15,06
2012-12-31 01:00:00.000,2012,12,31,1,07006KT,14,06
2012-12-31 02:00:00.000,2012,12,31,2,VRB02KT,13,06
2012-12-31 03:00:00.000,2012,12,31,3,07004KT,11,07
2012-12-31 04:00:00.000,2012,12,31,4,05005KT,10,06
2012-12-31 05:00:00.000,2012,12,31,5,06004KT,08,06
2012-12-31 06:00:00.000,2012,12,31,6,VRB02KT,08,06
2012-12-31 07:00:00.000,2012,12,31,7,VRB02KT,06,05
2012-12-31 08:00:00.000,2012,12,31,8,VRB02KT,05,05
2012-12-31 09:00:00.000,2012,12,31,9,VRB02KT,05,04
2012-12-31 10:00:00.000,2012,12,31,10,VRB02KT,05,05
2012-12-31 11:00:00.000,2012,12,31,11,VRB02KT,04,04
2012-12-31 12:00:00.000,2012,12,31,12,VRB02KT,07,06
2012-12-31 13:00:00.000,2012,12,31,13,VRB02KT,11,08
2012-12-31 14:00:00.000,2012,12,31,14,04004KT,15,08
2012-12-31 15:00:00.000,2012,12,31,15,12012KT,17,07
2012-12-31 16:00:00.000,2012,12,31,16,12010KT,18,05
2012-12-31 17:00:00.000,2012,12,31,17,14016KT,20,06
2012-12-31 18:00:00.000,2012,12,31,18,13020KT,20,05
2012-12-31 19:00:00.000,2012,12,31,19,12020KT,20,05
2012-12-31 20:00:00.000,2012,12,31,20,12014KT,20,05
2012-12-31 21:00:00.000,2012,12,31,21,12016KT,20,06
2012-12-31 22:00:00.000,2012,12,31,22,10010KT,18,06
2012-12-31 23:00:00.000,2012,12,31,23,12012KT,15,05
2013-01-01 00:00:00.000,2013,1,1,0,01003KT,14,06
2013-01-01 01:00:00.000,2013,1,1,1,03005KT,13,07
2013-01-01 02:00:00.000,2013,1,1,2,07003KT,13,07
2013-01-01 03:00:00.000,2013,1,1,3,03003KT,10,07
2013-01-01 04:00:00.000,2013,1,1,4,03004KT,09,07
2013-01-01 05:00:00.000,2013,1,1,5,02003KT,09,07
2013-01-01 06:00:00.000,2013,1,1,6,05004KT,10,07
2013-01-01 07:00:00.000,2013,1,1,7,01003KT,07,06
2013-01-01 08:00:00.000,2013,1,1,8,02004KT,06,06
2013-01-01 09:00:00.000,2013,1,1,9,03003KT,07,06
2013-01-01 10:00:00.000,2013,1,1,10,05004KT,07,07
2013-01-01 11:00:00.000,2013,1,1,11,05004KT,08,06
2013-01-01 12:00:00.000,2013,1,1,12,03003KT,08,07
2013-01-01 13:00:00.000,2013,1,1,13,04006KT,13,08
2013-01-01 14:00:00.000,2013,1,1,14,03007KT,15,06
2013-01-01 15:00:00.000,2013,1,1,15,12004KT,16,06
2013-01-01 16:00:00.000,2013,1,1,16,09009KT,19,03
2013-01-01 17:00:00.000,2013,1,1,17,11008KT,20,02
2013-01-01 18:00:00.000,2013,1,1,18,12012KT,20,02
2013-01-01 19:00:00.000,2013,1,1,19,11010KT,20,03
2013-01-01 20:00:00.000,2013,1,1,20,12010KT,19,03
2013-01-01 21:00:00.000,2013,1,1,21,12010KT,19,03
2013-01-01 22:00:00.000,2013,1,1,22,12010KT,18,04
2013-01-01 23:00:00.000,2013,1,1,23,12010KT,15,05
2013-01-02 00:00:00.000,2013,1,2,0,12010KT,14,06
2013-01-02 01:00:00.000,2013,1,2,1,12009KT,13,06
2013-01-02 02:00:00.000,2013,1,2,2,09006KT,11,06
2013-01-02 03:00:00.000,2013,1,2,3,04006KT,10,05
2013-01-02 04:00:00.000,2013,1,2,4,03005KT,09,04
2013-01-02 05:00:00.000,2013,1,2,5,03005KT,09,05
2013-01-02 06:00:00.000,2013,1,2,6,26004KT,09,06
2013-01-02 07:00:00.000,2013,1,2,7,25004KT,07,04
2013-01-02 08:00:00.000,2013,1,2,8,04004KT,07,05
2013-01-02 09:00:00.000,2013,1,2,9,15003KT,07,05
2013-01-02 10:00:00.000,2013,1,2,10,00000KT,05,05
2013-01-02 11:00:00.000,2013,1,2,11,06003KT,05,05
2013-01-02 12:00:00.000,2013,1,2,12,03004KT,07,05
2013-01-02 13:00:00.000,2013,1,2,13,03004KT,12,07
2013-01-02 14:00:00.000,2013,1,2,14,06006KT,15,07
2013-01-02 15:00:00.000,2013,1,2,15,03008KT,16,07
2013-01-02 16:00:00.000,2013,1,2,16,06006KT,18,07
2013-01-02 17:00:00.000,2013,1,2,17,09010KT,19,05
2013-01-02 18:00:00.000,2013,1,2,18,06007KT,19,05
2013-01-02 19:00:00.000,2013,1,2,19,08007KT,19,05
2013-01-02 20:00:00.000,2013,1,2,20,11012KT,21,05
2013-01-02 21:00:00.000,2013,1,2,21,12011KT,20,05
2013-01-02 22:00:00.000,2013,1,2,22,12011KT,19,06
2013-01-02 23:00:00.000,2013,1,2,23,11008KT,17,06
2013-01-03 00:00:00.000,2013,1,3,0,05005KT,14,05
2013-01-03 01:00:00.000,2013,1,3,1,VRB02KT,12,06
2013-01-03 02:00:00.000,2013,1,3,2,30003KT,11,07
2013-01-03 03:00:00.000,2013,1,3,3,VRB02KT,10,07
2013-01-03 04:00:00.000,2013,1,3,4,03004KT,09,06
2013-01-03 05:00:00.000,2013,1,3,5,04004KT,08,06
2013-01-03 06:00:00.000,2013,1,3,6,00000KT,07,06
2013-01-03 07:00:00.000,2013,1,3,7,VRB02KT,07,06
2013-01-03 08:00:00.000,2013,1,3,8,33003KT,05,04
2013-01-03 09:00:00.000,2013,1,3,9,00000KT,04,04
2013-01-03 10:00:00.000,2013,1,3,10,00000KT,04,04
2013-01-03 10:30:00.000,2013,1,3,10,06004KT,04,04
2013-01-03 10:45:00.000,2013,1,3,10,05007KT,05,05
2013-01-03 11:00:00.000,2013,1,3,11,05007KT,05,05
2013-01-03 11:20:00.000,2013,1,3,11,04004KT,06,06
2013-01-03 12:00:00.000,2013,1,3,12,04009KT,09,08
2013-01-03 13:00:00.000,2013,1,3,13,03006KT,11,09
2013-01-03 14:00:00.000,2013,1,3,14,06010KT,15,09
2013-01-03 15:00:00.000,2013,1,3,15,30007KT,17,08
2013-01-03 16:00:00.000,2013,1,3,16,33007KT,18,08
2013-01-03 17:00:00.000,2013,1,3,17,10006KT,20,07
2013-01-03 18:00:00.000,2013,1,3,18,12014KT,21,06
2013-01-03 19:00:00.000,2013,1,3,19,13013KT,20,04
2013-01-03 20:00:00.000,2013,1,3,20,12008KT,20,05
2013-01-03 21:00:00.000,2013,1,3,21,18008KT,19,10
2013-01-03 22:00:00.000,2013,1,3,22,32006KT,18,09
2013-01-03 23:00:00.000,2013,1,3,23,34006KT,15,11
2013-01-04 00:00:00.000,2013,1,4,0,30005KT,12,11
2013-01-04 01:00:00.000,2013,1,4,1,30004KT,12,10
2013-01-04 02:00:00.000,2013,1,4,2,32003KT,12,11
2013-01-04 03:00:00.000,2013,1,4,3,VRB02KT,11,10
2013-01-04 04:00:00.000,2013,1,4,4,01004KT,09,07
2013-01-04 05:00:00.000,2013,1,4,5,01004KT,09,07
2013-01-04 06:00:00.000,2013,1,4,6,01003KT,08,07
2013-01-04 07:00:00.000,2013,1,4,7,VRB02KT,06,05
2013-01-04 08:00:00.000,2013,1,4,8,VRB02KT,07,07
2013-01-04 09:00:00.000,2013,1,4,9,VRB02KT,05,05
2013-01-04 10:00:00.000,2013,1,4,10,04003KT,06,06
2013-01-04 10:30:00.000,2013,1,4,10,04004KT,07,06
2013-01-04 11:00:00.000,2013,1,4,11,VRB02KT,07,06
2013-01-04 11:30:00.000,2013,1,4,11,04005KT,07,06
2013-01-04 12:00:00.000,2013,1,4,12,35003KT,07,07
2013-01-04 12:15:00.000,2013,1,4,12,04005KT,08,08
2013-01-04 13:00:00.000,2013,1,4,13,05006KT,11,09
2013-01-04 14:00:00.000,2013,1,4,14,34003KT,15,08
2013-01-04 15:00:00.000,2013,1,4,15,33004KT,16,09
2013-01-04 16:00:00.000,2013,1,4,16,14008KT,20,07
2013-01-04 17:00:00.000,2013,1,4,17,14008KT,20,07
2013-01-04 18:00:00.000,2013,1,4,18,16008KT,20,07
2013-01-04 19:00:00.000,2013,1,4,19,17012KT,20,05
2013-01-04 20:00:00.000,2013,1,4,20,19010KT,21,05
2013-01-04 21:00:00.000,2013,1,4,21,17006KT,20,05
2013-01-04 22:00:00.000,2013,1,4,22,23010KT,19,12
2013-01-04 23:00:00.000,2013,1,4,23,26007KT,17,11
2013-01-05 00:00:00.000,2013,1,5,0,27008KT,14,11
2013-01-05 01:00:00.000,2013,1,5,1,21004KT,14,11
2013-01-05 02:00:00.000,2013,1,5,2,03003KT,12,10
2013-01-05 03:00:00.000,2013,1,5,3,02004KT,12,10
2013-01-05 04:00:00.000,2013,1,5,4,04004KT,10,08
2013-01-05 05:00:00.000,2013,1,5,5,03004KT,09,07
2013-01-05 06:00:00.000,2013,1,5,6,06004KT,09,08
2013-01-05 07:00:00.000,2013,1,5,7,04003KT,07,06
2013-01-05 08:00:00.000,2013,1,5,8,00000KT,07,06
2013-01-05 09:00:00.000,2013,1,5,9,VRB02KT,05,05
2013-01-05 10:00:00.000,2013,1,5,10,VRB02KT,04,04
2013-01-05 10:30:00.000,2013,1,5,10,29004KT,07,06
2013-01-05 11:00:00.000,2013,1,5,11,34003KT,06,06
2013-01-05 12:00:00.000,2013,1,5,12,04004KT,09,08
2013-01-05 13:00:00.000,2013,1,5,13,06004KT,12,09
2013-01-05 13:19:00.000,2013,1,5,13,06006KT,14,09
2013-01-05 14:00:00.000,2013,1,5,14,VRB02KT,16,08
2013-01-05 15:00:00.000,2013,1,5,15,09012KT,18,06
2013-01-05 16:00:00.000,2013,1,5,16,09006KT,19,06
2013-01-05 17:00:00.000,2013,1,5,17,13012KT,20,06
2013-01-05 18:00:00.000,2013,1,5,18,10009KT,20,06
2013-01-05 19:00:00.000,2013,1,5,19,09008KT,21,06
2013-01-05 20:00:00.000,2013,1,5,20,08008KT,21,03
2013-01-05 21:00:00.000,2013,1,5,21,11010KT,20,03
2013-01-05 22:00:00.000,2013,1,5,22,11012KT,20,05
2013-01-05 23:00:00.000,2013,1,5,23,12010KT,16,06
2013-01-06 00:00:00.000,2013,1,6,0,08003KT,15,07
2013-01-06 01:00:00.000,2013,1,6,1,08006KT,14,07
2013-01-06 02:00:00.000,2013,1,6,2,06005KT,13,07
2013-01-06 03:00:00.000,2013,1,6,3,03005KT,11,07
2013-01-06 04:00:00.000,2013,1,6,4,03005KT,11,07
2013-01-06 05:00:00.000,2013,1,6,5,VRB02KT,10,07
2013-01-06 06:00:00.000,2013,1,6,6,32004KT,07,05
2013-01-06 07:00:00.000,2013,1,6,7,VRB02KT,05,04
2013-01-06 08:00:00.000,2013,1,6,8,02003KT,05,04
2013-01-06 09:00:00.000,2013,1,6,9,02004KT,03,03
2013-01-06 10:00:00.000,2013,1,6,10,05007KT,06,06
2013-01-06 11:00:00.000,2013,1,6,11,05005KT,06,06
2013-01-06 12:00:00.000,2013,1,6,12,05006KT,07,07
2013-01-06 12:45:00.000,2013,1,6,12,06006KT,08,07
2013-01-06 13:00:00.000,2013,1,6,13,04006KT,08,08
2013-01-06 14:00:00.000,2013,1,6,14,07006KT,12,08
2013-01-06 15:00:00.000,2013,1,6,15,04004KT,14,07
2013-01-06 16:00:00.000,2013,1,6,16,16008KT,18,06
2013-01-06 17:00:00.000,2013,1,6,17,15010KT,19,07
2013-01-06 18:00:00.000,2013,1,6,18,09014KT,20,04
2013-01-06 19:00:00.000,2013,1,6,19,04004KT,20,04
2013-01-06 20:00:00.000,2013,1,6,20,11014KT,21,03
2013-01-06 21:00:00.000,2013,1,6,21,12013KT,20,03
2013-01-06 22:00:00.000,2013,1,6,22,11008KT,19,04
2013-01-06 23:00:00.000,2013,1,6,23,09006KT,17,06
2013-01-07 00:00:00.000,2013,1,7,0,08007KT,15,07
2013-01-07 01:00:00.000,2013,1,7,1,VRB02KT,12,06
2013-01-07 02:00:00.000,2013,1,7,2,03004KT,10,07
2013-01-07 03:00:00.000,2013,1,7,3,04003KT,11,06
2013-01-07 04:00:00.000,2013,1,7,4,VRB02KT,08,05
2013-01-07 05:00:00.000,2013,1,7,5,33003KT,68,04
2013-01-07 06:00:00.000,2013,1,7,6,VRB02KT,05,05
2013-01-07 07:00:00.000,2013,1,7,7,36003KT,04,04
2013-01-07 08:00:00.000,2013,1,7,8,26004KT,05,04
2013-01-07 09:00:00.000,2013,1,7,9,00000KT,02,02
2013-01-07 10:00:00.000,2013,1,7,10,00000KT,03,03
2013-01-07 11:00:00.000,2013,1,7,11,36004KT,02,02
2013-01-07 11:30:00.000,2013,1,7,11,00000KT,02,02
2013-01-07 12:00:00.000,2013,1,7,12,03003KT,03,03
2013-01-07 12:17:00.000,2013,1,7,12,06006KT,06,06
2013-01-07 13:00:00.000,2013,1,7,13,06008KT,07,06
2013-01-07 14:00:00.000,2013,1,7,14,05006KT,11,08
2013-01-07 14:25:00.000,2013,1,7,14,03004KT,15,04
2013-01-07 15:00:00.000,2013,1,7,15,33004KT,16,07
2013-01-07 16:00:00.000,2013,1,7,16,15010KT,18,02
2013-01-07 17:00:00.000,2013,1,7,17,11016KT,20,04
2013-01-07 18:00:00.000,2013,1,7,18,12016KT,21,05
2013-01-07 19:00:00.000,2013,1,7,19,10012KT,21,03
2013-01-07 20:00:00.000,2013,1,7,20,13014KT,21,03
2013-01-07 21:00:00.000,2013,1,7,21,12012KT,20,04
2013-01-07 22:00:00.000,2013,1,7,22,12012KT,17,05
2013-01-07 23:00:00.000,2013,1,7,23,12010KT,16,05
2013-01-08 00:00:00.000,2013,1,8,0,10008KT,14,06
2013-01-08 01:00:00.000,2013,1,8,1,05003KT,11,06
2013-01-08 02:00:00.000,2013,1,8,2,00000KT,11,06
2013-01-08 03:00:00.000,2013,1,8,3,05004KT,09,05
2013-01-08 04:00:00.000,2013,1,8,4,03005KT,07,05
2013-01-08 05:00:00.000,2013,1,8,5,VRB02KT,07,04
2013-01-08 06:00:00.000,2013,1,8,6,02003KT,08,05
2013-01-08 07:00:00.000,2013,1,8,7,020003KT,06,04
2013-01-08 08:00:00.000,2013,1,8,8,VRB02KT,07,06
2013-01-08 10:00:00.000,2013,1,8,10,02003KT,05,05
2013-01-08 10:30:00.000,2013,1,8,10,VRB02KT,05,05
2013-01-08 11:00:00.000,2013,1,8,11,01003KT,04,03
2013-01-08 12:00:00.000,2013,1,8,12,11003KT,09,06
2013-01-08 13:00:00.000,2013,1,8,13,06008KT,12,08
2013-01-08 14:00:00.000,2013,1,8,14,14012KT,16,05
2013-01-08 15:00:00.000,2013,1,8,15,12014KT,18,05
2013-01-08 16:00:00.000,2013,1,8,16,12014KT,19,05
2013-01-08 17:00:00.000,2013,1,8,17,12014G22KT,19,05
2013-01-08 18:00:00.000,2013,1,8,18,12012G20KT,19,05
2013-01-08 19:00:00.000,2013,1,8,19,12012G20KT,18,06
2013-01-08 20:00:00.000,2013,1,8,20,12012G20KT,18,06
2013-01-08 21:00:00.000,2013,1,8,21,10015KT,17,05
2013-01-08 22:00:00.000,2013,1,8,22,12012KT,16,06
2013-01-08 23:00:00.000,2013,1,8,23,10012KT,15,06
2013-01-09 00:00:00.000,2013,1,9,0,12008KT,14,06
2013-01-09 01:00:00.000,2013,1,9,1,12010KT,12,06
2013-01-09 02:00:00.000,2013,1,9,2,12006KT,12,06
2013-01-09 03:00:00.000,2013,1,9,3,12006KT,11,06
2013-01-09 04:00:00.000,2013,1,9,4,09004KT,11,06
2013-01-09 05:00:00.000,2013,1,9,5,VRB02KT,10,07
2013-01-09 06:00:00.000,2013,1,9,6,VRB02KT,08,06
2013-01-09 07:00:00.000,2013,1,9,7,33004KT,10,07
2013-01-09 08:00:00.000,2013,1,9,8,01004KT,08,06
2013-01-09 09:00:00.000,2013,1,9,9,00000KT,06,05
2013-01-09 10:00:00.000,2013,1,9,10,04006KT,06,06
2013-01-09 11:00:00.000,2013,1,9,11,VRB02KT,05,05
2013-01-09 11:30:00.000,2013,1,9,11,06005KT,08,06
2013-01-09 12:00:00.000,2013,1,9,12,06004KT,11,08
2013-01-09 13:00:00.000,2013,1,9,13,08007KT,15,07
2013-01-09 14:00:00.000,2013,1,9,14,09009KT,16,07
2013-01-09 15:00:00.000,2013,1,9,15,09008KT,18,07
2013-01-09 16:00:00.000,2013,1,9,16,10013KT,18,08
2013-01-09 17:00:00.000,2013,1,9,17,13014KT,18,08
2013-01-09 18:00:00.000,2013,1,9,18,12016KT,18,07
2013-01-09 19:00:00.000,2013,1,9,19,13014KT,18,09
2013-01-09 20:00:00.000,2013,1,9,20,11012KT,17,09
2013-01-09 21:00:00.000,2013,1,9,21,10010KT,17,09
2013-01-09 22:00:00.000,2013,1,9,22,10018KT,16,07
2013-01-09 23:00:00.000,2013,1,9,23,08004KT,15,07
2013-01-10 00:00:00.000,2013,1,10,0,13010KT,14,08
2013-01-10 01:00:00.000,2013,1,10,1,02006KT,13,08
2013-01-10 02:00:00.000,2013,1,10,2,04006KT,12,09
2013-01-10 03:00:00.000,2013,1,10,3,02006KT,12,09
2013-01-10 04:00:00.000,2013,1,10,4,03008KT,12,09
2013-01-10 05:00:00.000,2013,1,10,5,02008KT,11,09
2013-01-10 06:00:00.000,2013,1,10,6,03004KT,12,09
2013-01-10 07:00:00.000,2013,1,10,7,VRB02KT,11,09
2013-01-10 08:00:00.000,2013,1,10,8,VRB02KT,10,08
2013-01-10 09:00:00.000,2013,1,10,9,03004KT,09,08
2013-01-10 10:00:00.000,2013,1,10,10,03006KT,11,08
2013-01-10 10:30:00.000,2013,1,10,10,03004KT,10,08
2013-01-10 11:00:00.000,2013,1,10,11,VRB02KT,11,08
2013-01-10 12:00:00.000,2013,1,10,12,00000KT,12,08
2013-01-10 13:00:00.000,2013,1,10,13,03010KT,30,08
2013-01-10 14:00:00.000,2013,1,10,14,02010KT,15,08
2013-01-10 15:00:00.000,2013,1,10,15,VRB02KT,17,08
2013-01-10 16:00:00.000,2013,1,10,16,17003KT,18,08
2013-01-10 17:00:00.000,2013,1,10,17,14004KT,21,08
2013-01-10 18:00:00.000,2013,1,10,18,13011KT,21,06
2013-01-10 19:00:00.000,2013,1,10,19,12016KT,22,06
2013-01-10 20:00:00.000,2013,1,10,20,11012KT,22,05
2013-01-10 21:00:00.000,2013,1,10,21,34008KT,19,11
2013-01-10 22:00:00.000,2013,1,10,22,26008KT,18,12
2013-01-10 23:00:00.000,2013,1,10,23,25007KT,16,11
2013-01-11 00:00:00.000,2013,1,11,0,31005KT,14,11
2013-01-11 01:00:00.000,2013,1,11,1,30003KT,12,11
2013-01-11 02:00:00.000,2013,1,11,2,03003KT,11,09
2013-01-11 03:00:00.000,2013,1,11,3,33003KT,10,07
2013-01-11 04:00:00.000,2013,1,11,4,01005KT,08,06
2013-01-11 05:00:00.000,2013,1,11,5,04004KT,08,06
2013-01-11 06:00:00.000,2013,1,11,6,VRB02KT,08,06
2013-01-11 07:00:00.000,2013,1,11,7,29004KT,06,05
2013-01-11 08:00:00.000,2013,1,11,8,00000KT,05,04
2013-01-11 09:00:00.000,2013,1,11,9,00000KT,05,05
2013-01-11 10:00:00.000,2013,1,11,10,00000KT,02,02
2013-01-11 11:00:00.000,2013,1,11,11,01003KT,01,01
2013-01-11 11:20:00.000,2013,1,11,11,32004KT,01,01
2013-01-11 11:35:00.000,2013,1,11,11,VRB02KT,13,04
2013-01-11 12:00:00.000,2013,1,11,12,VRB02KT,02,02
2013-01-11 13:00:00.000,2013,1,11,13,02004KT,04,04
2013-01-11 14:00:00.000,2013,1,11,14,02004KT,07,07
2013-01-11 15:00:00.000,2013,1,11,15,VRB02KT,13,06
2013-01-11 16:00:00.000,2013,1,11,16,06008KT,17,03
2013-01-11 17:00:00.000,2013,1,11,17,04008KT,19,01
2013-01-11 18:00:00.000,2013,1,11,18,02008KT,21,00
2013-01-11 19:00:00.000,2013,1,11,19,02006KT,,
2013-01-11 20:00:00.000,2013,1,11,20,23012KT,21,09
2013-01-11 21:00:00.000,2013,1,11,21,27010KT,19,10
2013-01-11 22:00:00.000,2013,1,11,22,25010KT,18,10
2013-01-11 23:00:00.000,2013,1,11,23,28010KT,17,11
2013-01-12 00:00:00.000,2013,1,12,0,30008KT,15,11
2013-01-12 01:00:00.000,2013,1,12,1,25005KT,14,11
2013-01-12 02:00:00.000,2013,1,12,2,29003KT,13,11
2013-01-12 03:00:00.000,2013,1,12,3,25006KT,13,11
2013-01-12 04:00:00.000,2013,1,12,4,24005KT,13,10
2013-01-12 05:00:00.000,2013,1,12,5,VRB02KT,12,11
2013-01-12 06:00:00.000,2013,1,12,6,01003KT,10,02
2013-01-12 07:00:00.000,2013,1,12,7,32003KT,09,08
2013-01-12 08:00:00.000,2013,1,12,8,00000KT,07,06
2013-01-12 09:00:00.000,2013,1,12,9,VRB02KT,07,06
2013-01-12 10:00:00.000,2013,1,12,10,33003KT,06,05
2013-01-12 11:00:00.000,2013,1,12,11,32003KT,06,05
2013-01-12 12:00:00.000,2013,1,12,12,VRB02KT,06,05
2013-01-12 13:00:00.000,2013,1,12,13,VRB02KT,10,09
2013-01-12 14:00:00.000,2013,1,12,14,VRB02KT,14,09
2013-01-12 15:00:00.000,2013,1,12,15,VRB02KT,17,09
2013-01-12 16:00:00.000,2013,1,12,16,23004KT,18,09
2013-01-12 17:00:00.000,2013,1,12,17,21010KT,19,10
2013-01-12 18:00:00.000,2013,1,12,18,25014KT,19,09
2013-01-12 19:00:00.000,2013,1,12,19,26011KT,19,08
2013-01-12 20:00:00.000,2013,1,12,20,26006KT,19,08
2013-01-12 21:00:00.000,2013,1,12,21,26007KT,18,10
2013-01-12 22:00:00.000,2013,1,12,22,27010KT,17,10
2013-01-12 23:00:00.000,2013,1,12,23,26006KT,16,11
2013-01-13 00:00:00.000,2013,1,13,0,26008KT,14,11
2013-01-13 01:00:00.000,2013,1,13,1,28006KT,12,11
2013-01-13 02:00:00.000,2013,1,13,2,21004KT,12,11
2013-01-13 03:00:00.000,2013,1,13,3,VRB02KT,12,10
2013-01-13 04:00:00.000,2013,1,13,4,26006KT,10,10
2013-01-13 05:00:00.000,2013,1,13,5,VRB02KT,10,10
2013-01-13 06:00:00.000,2013,1,13,6,32004KT,10,10
2013-01-13 07:00:00.000,2013,1,13,7,22004KT,11,10
2013-01-13 08:00:00.000,2013,1,13,8,00000KT,11,11
2013-01-13 09:00:00.000,2013,1,13,9,VRB02KT,11,11
2013-01-13 10:00:00.000,2013,1,13,10,VRB02KT,11,10
2013-01-13 11:00:00.000,2013,1,13,11,21004KT,10,09
2013-01-13 12:00:00.000,2013,1,13,12,32004KT,11,10
2013-01-13 13:00:00.000,2013,1,13,13,VRB02KT,13,12
2013-01-13 14:00:00.000,2013,1,13,14,VRB02KT,16,12
2013-01-13 15:00:00.000,2013,1,13,15,27007KT,17,12
2013-01-13 16:00:00.000,2013,1,13,16,25010KT,19,11
2013-01-13 17:00:00.000,2013,1,13,17,28014KT,19,11
2013-01-13 18:00:00.000,2013,1,13,18,25014KT,20,11
2013-01-13 19:00:00.000,2013,1,13,19,27015KT,20,11
2013-01-13 20:00:00.000,2013,1,13,20,25014KT,19,10
2013-01-13 21:00:00.000,2013,1,13,21,28014KT,19,11
2013-01-13 23:00:00.000,2013,1,13,23,29010KT,16,12
2013-01-14 00:00:00.000,2013,1,14,0,27007KT,15,12
2013-01-14 01:00:00.000,2013,1,14,1,29003KT,13,12
2013-01-14 02:00:00.000,2013,1,14,2,01003KT,13,12
2013-01-14 03:00:00.000,2013,1,14,3,30003KT,13,11
2013-01-14 04:00:00.000,2013,1,14,4,31004KT,13,11
2013-01-14 05:00:00.000,2013,1,14,5,VRB02KT,13,11
2013-01-14 06:00:00.000,2013,1,14,6,27004KT,12,10
2013-01-14 07:00:00.000,2013,1,14,7,28004KT,12,10
2013-01-14 08:00:00.000,2013,1,14,8,30003KT,11,10
2013-01-14 09:00:00.000,2013,1,14,9,27004KT,11,10
2013-01-14 10:00:00.000,2013,1,14,10,00000KT,10,09
2013-01-14 11:00:00.000,2013,1,14,11,30003KT,10,09
2013-01-14 12:00:00.000,2013,1,14,12,04004KT,12,10
2013-01-14 13:00:00.000,2013,1,14,13,04004KT,13,11
2013-01-14 14:00:00.000,2013,1,14,14,06008KT,15,11
2013-01-14 15:00:00.000,2013,1,14,15,06004KT,17,11
2013-01-14 16:00:00.000,2013,1,14,16,08004KT,18,10
2013-01-14 17:00:00.000,2013,1,14,17,29004KT,20,10
2013-01-14 18:00:00.000,2013,1,14,18,28014KT,19,12
2013-01-14 19:00:00.000,2013,1,14,19,28012KT,18,12
2013-01-14 20:00:00.000,2013,1,14,20,26016KT,17,12
2013-01-14 21:00:00.000,2013,1,14,21,29010KT,17,12
2013-01-14 22:00:00.000,2013,1,14,22,28012KT,16,12
2013-01-14 23:00:00.000,2013,1,14,23,22008KT,14,12
2013-01-15 00:00:00.000,2013,1,15,0,26006KT,14,12
2013-01-15 01:00:00.000,2013,1,15,1,27006KT,14,11
2013-01-15 02:00:00.000,2013,1,15,2,27005KT,14,11
2013-01-15 03:00:00.000,2013,1,15,3,26004KT,13,11
2013-01-15 04:00:00.000,2013,1,15,4,VRB02KT,13,11
2013-01-15 05:00:00.000,2013,1,15,5,04003KT,13,11
2013-01-15 06:00:00.000,2013,1,15,6,33003KT,12,11
2013-01-15 07:00:00.000,2013,1,15,7,30003KT,11,10
2013-01-15 08:00:00.000,2013,1,15,8,32003KT,10,09
2013-01-15 09:00:00.000,2013,1,15,9,VRB02KT,08,07
2013-01-15 10:00:00.000,2013,1,15,10,VRB02KT,08,07
2013-01-15 11:00:00.000,2013,1,15,11,VRB02KT,07,07
2013-01-15 12:00:00.000,2013,1,15,12,VRB02KT,08,08
2013-01-15 13:00:00.000,2013,1,15,13,33004KT,11,11
2013-01-15 14:00:00.000,2013,1,15,14,30006KT,14,11
2013-01-15 15:00:00.000,2013,1,15,15,16004KT,17,11
2013-01-15 16:00:00.000,2013,1,15,16,21006KT,17,10
2013-01-15 17:00:00.000,2013,1,15,17,21004KT,19,10
2013-01-15 18:00:00.000,2013,1,15,18,32004KT,20,08
2013-01-15 19:00:00.000,2013,1,15,19,27012KT,19,11
2013-01-15 20:00:00.000,2013,1,15,20,28014KT,18,11
2013-01-15 21:00:00.000,2013,1,15,21,27010KT,17,11
2013-01-15 22:00:00.000,2013,1,15,22,28010KT,16,10
2013-01-15 23:00:00.000,2013,1,15,23,26008KT,15,10
2013-01-16 00:00:00.000,2013,1,16,0,32004KT,13,10
2013-01-16 01:00:00.000,2013,1,16,1,31005KT,13,10
2013-01-16 02:00:00.000,2013,1,16,2,VRB02KT,11,09
2013-01-16 03:00:00.000,2013,1,16,3,26003KT,12,11
2013-01-16 04:00:00.000,2013,1,16,4,VRB02KT,11,09
2013-01-16 05:00:00.000,2013,1,16,5,35004KT,11,10
2013-01-16 06:00:00.000,2013,1,16,6,31004KT,11,10
2013-01-16 07:00:00.000,2013,1,16,7,29004KT,09,08
2013-01-16 08:00:00.000,2013,1,16,8,VRB02KT,09,08
2013-01-16 09:00:00.000,2013,1,16,9,VRB02KT,09,09
2013-01-16 10:00:00.000,2013,1,16,10,00000KT,08,08
2013-01-16 11:00:00.000,2013,1,16,11,33004KT,07,07
2013-01-16 12:00:00.000,2013,1,16,12,VRB02KT,07,07
2013-01-16 13:00:00.000,2013,1,16,13,35004KT,12,10
2013-01-16 14:00:00.000,2013,1,16,14,34004KT,14,10
2013-01-16 15:00:00.000,2013,1,16,15,VRB02KT,18,10
2013-01-16 16:00:00.000,2013,1,16,16,07004KT,20,09
2013-01-16 17:00:00.000,2013,1,16,17,27014KT,20,12
2013-01-16 18:00:00.000,2013,1,16,18,29012KT,20,11
2013-01-16 19:00:00.000,2013,1,16,19,23016KT,20,11
2013-01-16 20:00:00.000,2013,1,16,20,25010KT,19,12
2013-01-16 21:00:00.000,2013,1,16,21,26012KT,18,12
2013-01-16 22:00:00.000,2013,1,16,22,25016KT,16,12
2013-01-16 23:00:00.000,2013,1,16,23,26008KT,15,11
2013-01-17 00:00:00.000,2013,1,17,0,28003KT,13,10
2013-01-17 01:00:00.000,2013,1,17,1,27003KT,13,11
2013-01-17 02:00:00.000,2013,1,17,2,29005KT,13,11
2013-01-17 03:00:00.000,2013,1,17,3,30003KT,13,12
2013-01-17 04:00:00.000,2013,1,17,4,23004KT,13,12
2013-01-17 05:00:00.000,2013,1,17,5,26003KT,12,11
2013-01-17 06:00:00.000,2013,1,17,6,33003KT,12,11
2013-01-17 07:00:00.000,2013,1,17,7,VRB023KT,12,11
2013-01-17 08:00:00.000,2013,1,17,8,33004KT,12,11
2013-01-17 09:00:00.000,2013,1,17,9,00000KT,12,11
2013-01-17 10:00:00.000,2013,1,17,10,27003KT,12,11
2013-01-17 11:00:00.000,2013,1,17,11,00000KT,11,10
2013-01-17 12:00:00.000,2013,1,17,12,28005KT,12,12
2013-01-17 13:00:00.000,2013,1,17,13,35004KT,13,12
2013-01-17 14:00:00.000,2013,1,17,14,01003KT,14,12
2013-01-17 15:00:00.000,2013,1,17,15,03005KT,16,12
2013-01-17 16:00:00.000,2013,1,17,16,05004KT,18,10
2013-01-17 17:00:00.000,2013,1,17,17,23003KT,20,09
2013-01-17 18:00:00.000,2013,1,17,18,27008KT,20,10
2013-01-17 19:00:00.000,2013,1,17,19,25014KT,20,11
2013-01-17 20:00:00.000,2013,1,17,20,28013KT,20,11
2013-01-17 21:00:00.000,2013,1,17,21,27012KT,18,12
2013-01-17 22:00:00.000,2013,1,17,22,29012KT,17,11
2013-01-17 23:00:00.000,2013,1,17,23,27008KT,15,12
2013-01-18 00:00:00.000,2013,1,18,0,23003KT,15,12
2013-01-18 01:00:00.000,2013,1,18,1,VRB03KT,14,12
2013-01-18 02:00:00.000,2013,1,18,2,25004KT,14,12
2013-01-18 03:00:00.000,2013,1,18,3,24004KT,14,12
2013-01-18 04:00:00.000,2013,1,18,4,23003KT,14,12
2013-01-18 05:00:00.000,2013,1,18,5,31003KT,13,12
2013-01-18 06:00:00.000,2013,1,18,6,VRB02KT,13,12
2013-01-18 07:00:00.000,2013,1,18,7,01004KT,13,12
2013-01-18 08:00:00.000,2013,1,18,8,35004KT,12,12
2013-01-18 09:00:00.000,2013,1,18,9,01004KT,12,11
2013-01-18 11:00:00.000,2013,1,18,11,04004KT,12,11
2013-01-18 12:00:00.000,2013,1,18,12,05005KT,12,11
2013-01-18 13:00:00.000,2013,1,18,13,03006KT,13,11
2013-01-18 14:00:00.000,2013,1,18,14,03007KT,14,11
2013-01-18 15:00:00.000,2013,1,18,15,09006KT,16,09
2013-01-18 16:00:00.000,2013,1,18,16,10003KT,17,09
2013-01-18 17:00:00.000,2013,1,18,17,06007KT,18,09
2013-01-18 18:00:00.000,2013,1,18,18,10009KT,19,08
2013-01-18 19:00:00.000,2013,1,18,19,05009KT,19,07
2013-01-18 20:00:00.000,2013,1,18,20,27010KT,18,11
2013-01-18 21:00:00.000,2013,1,18,21,30010KT,18,13
2013-01-18 22:00:00.000,2013,1,18,22,28010KT,16,12
2013-01-18 23:00:00.000,2013,1,18,23,24012KT,14,12
2013-01-19 00:00:00.000,2013,1,19,0,23005KT,14,12
2013-01-19 01:00:00.000,2013,1,19,1,25004KT,14,12
2013-01-19 02:00:00.000,2013,1,19,2,VRB02KT,13,12
2013-01-19 03:00:00.000,2013,1,19,3,VRB02KT,13,12
2013-01-19 04:00:00.000,2013,1,19,4,VRB02KT,12,12
2013-01-19 05:00:00.000,2013,1,19,5,VRB02KT,11,10
2013-01-19 06:00:00.000,2013,1,19,6,VRB02KT,10,09
2013-01-19 07:00:00.000,2013,1,19,7,03003KT,10,09
2013-01-19 08:00:00.000,2013,1,19,8,02004KT,09,08
2013-01-19 09:00:00.000,2013,1,19,9,VRB02KT,07,07
2013-01-19 10:00:00.000,2013,1,19,10,26003KT,07,07
2013-01-19 11:00:00.000,2013,1,19,11,00000KT,05,05
2013-01-19 12:00:00.000,2013,1,19,12,24004KT,05,05
2013-01-19 13:00:00.000,2013,1,19,13,VRB02KT,09,09
2013-01-19 14:00:00.000,2013,1,19,14,36004KT,14,11
2013-01-19 15:00:00.000,2013,1,19,15,VRB02KT,16,08
2013-01-19 16:00:00.000,2013,1,19,16,12009KT,19,07
2013-01-19 17:00:00.000,2013,1,19,17,12011KT,20,08
2013-01-19 18:00:00.000,2013,1,19,18,13009KT,19,08
2013-01-19 19:00:00.000,2013,1,19,19,11010KT,20,07
2013-01-19 20:00:00.000,2013,1,19,20,12013KT,19,07
2013-01-19 21:00:00.000,2013,1,19,21,15010KT,20,10
2013-01-19 22:00:00.000,2013,1,19,22,15012KT,20,07
2013-01-19 23:00:00.000,2013,1,19,23,22005KT,17,10
2013-01-20 00:00:00.000,2013,1,20,0,36004KT,14,10
2013-01-20 01:00:00.000,2013,1,20,1,35005KT,13,09
2013-01-20 02:00:00.000,2013,1,20,2,VRB02KT,12,09
2013-01-20 03:00:00.000,2013,1,20,3,VRB02KT,10,09
2013-01-20 04:00:00.000,2013,1,20,4,VRB02KT,09,08
2013-01-20 05:00:00.000,2013,1,20,5,03005KT,10,09
2013-01-20 06:00:00.000,2013,1,20,6,VRB02KT,08,07
2013-01-20 07:00:00.000,2013,1,20,7,VRB02KT,08,07
2013-01-20 08:00:00.000,2013,1,20,8,03005KT,08,08
2013-01-20 09:00:00.000,2013,1,20,9,31003KT,08,07
2013-01-20 10:00:00.000,2013,1,20,10,31003KT,07,07
2013-01-20 11:00:00.000,2013,1,20,11,00000KT,09,08
2013-01-20 12:00:00.000,2013,1,20,12,VRB02KT,09,08
2013-01-20 13:00:00.000,2013,1,20,13,04004KT,12,09
2013-01-20 14:00:00.000,2013,1,20,14,VRB02KT,15,10
2013-01-20 15:00:00.000,2013,1,20,15,05005KT,17,09
2013-01-20 16:00:00.000,2013,1,20,16,13012KT,18,07
2013-01-20 17:00:00.000,2013,1,20,17,15013KT,18,08
2013-01-20 18:00:00.000,2013,1,20,18,15014KT,19,08
2013-01-20 19:00:00.000,2013,1,20,19,12014KT,20,07
2013-01-20 20:00:00.000,2013,1,20,20,12008KT,19,07
2013-01-20 21:00:00.000,2013,1,20,21,24006KT,18,10
2013-01-20 22:00:00.000,2013,1,20,22,27006KT,18,11
2013-01-20 23:00:00.000,2013,1,20,23,25006KT,16,10
2013-01-21 00:00:00.000,2013,1,21,0,32003KT,15,08
2013-01-21 01:00:00.000,2013,1,21,1,VRB02KT,12,10
2013-01-21 02:00:00.000,2013,1,21,2,VRB02KT,12,09
2013-01-21 03:00:00.000,2013,1,21,3,VRB02KT,11,09
2013-01-21 04:00:00.000,2013,1,21,4,03004KT,11,09
2013-01-21 05:00:00.000,2013,1,21,5,03004KT,11,09
2013-01-21 06:00:00.000,2013,1,21,6,VRB02KT,11,09
2013-01-21 07:00:00.000,2013,1,21,7,36004KT,10,09
2013-01-21 08:00:00.000,2013,1,21,8,VRB02KT,10,09
2013-01-21 09:00:00.000,2013,1,21,9,VRB02KT,10,09
2013-01-21 10:00:00.000,2013,1,21,10,VRB02KT,10,09
2013-01-21 11:00:00.000,2013,1,21,11,02005KT,10,09
2013-01-21 12:00:00.000,2013,1,21,12,02005KT,11,09
2013-01-21 13:00:00.000,2013,1,21,13,05005KT,13,10
2013-01-21 14:00:00.000,2013,1,21,14,VRB02KT,15,09
2013-01-21 15:00:00.000,2013,1,21,15,15006KT,18,09
2013-01-21 16:00:00.000,2013,1,21,16,10008KT,18,10
2013-01-21 17:00:00.000,2013,1,21,17,12011KT,19,09
2013-01-21 18:00:00.000,2013,1,21,18,09008KT,20,09
2013-01-21 19:00:00.000,2013,1,21,19,10010KT,21,07
2013-01-21 20:00:00.000,2013,1,21,20,23010KT,20,11
2013-01-21 21:00:00.000,2013,1,21,21,00000KT,20,11
2013-01-21 22:00:00.000,2013,1,21,22,25010KT,19,10
2013-01-21 23:00:00.000,2013,1,21,23,29010KT,18,12
2013-01-22 00:00:00.000,2013,1,22,0,27006KT,15,12
2013-01-22 01:00:00.000,2013,1,22,1,VRB02KT,15,12
2013-01-22 02:00:00.000,2013,1,22,2,00000KT,16,09
2013-01-22 03:00:00.000,2013,1,22,3,11005KT,15,10
2013-01-22 04:00:00.000,2013,1,22,4,15004KT,14,10
2013-01-22 05:00:00.000,2013,1,22,5,VRB02KT,12,10
2013-01-22 06:00:00.000,2013,1,22,6,VRB02KT,11,09
2013-01-22 07:00:00.000,2013,1,22,7,03003KT,10,09
2013-01-22 08:00:00.000,2013,1,22,8,04003KT,09,08
2013-01-22 09:00:00.000,2013,1,22,9,03003KT,09,08
2013-01-22 10:00:00.000,2013,1,22,10,VRB02KT,07,07
2013-01-22 11:00:00.000,2013,1,22,11,VRB02KT,06,05
2013-01-22 12:00:00.000,2013,1,22,12,35004KT,06,06
2013-01-22 13:00:00.000,2013,1,22,13,VRB02KT,11,10
2013-01-22 14:00:00.000,2013,1,22,14,01004KT,14,10
2013-01-22 15:00:00.000,2013,1,22,15,VRB02KT,17,10
2013-01-22 16:00:00.000,2013,1,22,16,04004KT,19,09
2013-01-22 17:00:00.000,2013,1,22,17,12009KT,22,08
2013-01-22 18:00:00.000,2013,1,22,18,26003KT,20,08
2013-01-22 19:00:00.000,2013,1,22,19,23007KT,20,12
2013-01-22 20:00:00.000,2013,1,22,20,20011KT,19,12
2013-01-22 21:00:00.000,2013,1,22,21,22009KT,18,12
2013-01-22 22:00:00.000,2013,1,22,22,19006KT,17,12
2013-01-22 23:00:00.000,2013,1,22,23,25005KT,16,12
2013-01-23 00:00:00.000,2013,1,23,0,27004KT,16,13
2013-01-23 01:00:00.000,2013,1,23,1,VRB02KT,15,13
2013-01-23 02:00:00.000,2013,1,23,2,VRB02KT,15,12
2013-01-23 03:00:00.000,2013,1,23,3,32003KT,14,12
2013-01-23 04:00:00.000,2013,1,23,4,06003KT,13,11
2013-01-23 05:00:00.000,2013,1,23,5,09003KT,13,09
2013-01-23 06:00:00.000,2013,1,23,6,00000KT,12,09
2013-01-23 07:00:00.000,2013,1,23,7,02004KT,10,09
2013-01-23 08:00:00.000,2013,1,23,8,05003KT,09,09
2013-01-23 09:00:00.000,2013,1,23,9,27003KT,09,09
2013-01-23 10:00:00.000,2013,1,23,10,VRB02KT,08,08
2013-01-23 11:00:00.000,2013,1,23,11,02003KT,09,08
2013-01-23 12:00:00.000,2013,1,23,12,03004KT,09,08
2013-01-23 13:00:00.000,2013,1,23,13,04005KT,13,10
2013-01-23 14:00:00.000,2013,1,23,14,05007KT,16,10
2013-01-23 15:00:00.000,2013,1,23,15,06007KT,18,09
2013-01-23 16:00:00.000,2013,1,23,16,03006KT,19,08
2013-01-23 17:00:00.000,2013,1,23,17,06006KT,21,08
2013-01-23 18:00:00.000,2013,1,23,18,27010KT,19,12
2013-01-23 19:00:00.000,2013,1,23,19,24010KT,19,12
2013-01-23 20:00:00.000,2013,1,23,20,27012KT,17,12
2013-01-23 21:00:00.000,2013,1,23,21,28014KT,18,12
2013-01-23 22:00:00.000,2013,1,23,22,27010KT,17,11
2013-01-23 23:00:00.000,2013,1,23,23,28008KT,16,10
2013-01-24 00:00:00.000,2013,1,24,0,29005KT,14,09
2013-01-24 01:00:00.000,2013,1,24,1,02003KT,13,09
2013-01-24 02:00:00.000,2013,1,24,2,02003KT,13,09
2013-01-24 03:00:00.000,2013,1,24,3,VRB02KT,11,08
2013-01-24 04:00:00.000,2013,1,24,4,00000KT,11,10
2013-01-24 05:00:00.000,2013,1,24,5,VRB02KT,11,08
2013-01-24 06:00:00.000,2013,1,24,6,VRB02KT,11,09
2013-01-24 07:00:00.000,2013,1,24,7,00000KT,11,09
2013-01-24 08:00:00.000,2013,1,24,8,29003KT,11,09
2013-01-24 09:00:00.000,2013,1,24,9,VRB02KT,11,09
2013-01-24 10:00:00.000,2013,1,24,10,00000KT,10,09
2013-01-24 11:00:00.000,2013,1,24,11,VRB02KT,06,06
2013-01-24 12:00:00.000,2013,1,24,12,36003KT,09,08
2013-01-24 13:00:00.000,2013,1,24,13,34003KT,12,10
2013-01-24 14:00:00.000,2013,1,24,14,31004KT,16,11
2013-01-24 15:00:00.000,2013,1,24,15,VRB02KT,18,09
2013-01-24 16:00:00.000,2013,1,24,16,30007KT,19,08
2013-01-24 17:00:00.000,2013,1,24,17,28011KT,20,09
2013-01-24 18:00:00.000,2013,1,24,18,26009KT,21,09
2013-01-24 19:00:00.000,2013,1,24,19,26012KT,21,11
2013-01-24 20:00:00.000,2013,1,24,20,27014KT,20,10
2013-01-24 21:00:00.000,2013,1,24,21,26011KT,19,11
2013-01-24 22:00:00.000,2013,1,24,22,26008KT,17,12
2013-01-24 23:00:00.000,2013,1,24,23,27005KT,16,12
2013-01-25 00:00:00.000,2013,1,25,0,27004KT,15,12
2013-01-25 01:00:00.000,2013,1,25,1,VRB02KT,14,12
2013-01-25 02:00:00.000,2013,1,25,2,VRB02KT,13,11
2013-01-25 03:00:00.000,2013,1,25,3,VRB02KT,14,12
2013-01-25 04:00:00.000,2013,1,25,4,VRB02KT,14,12
2013-01-25 05:00:00.000,2013,1,25,5,36004KT,14,12
2013-01-25 06:00:00.000,2013,1,25,6,02005KT,14,12
2013-01-25 07:00:00.000,2013,1,25,7,02005KT,13,12
2013-01-25 08:00:00.000,2013,1,25,8,34003KT,13,12
2013-01-25 09:00:00.000,2013,1,25,9,33005KT,13,11
2013-01-25 10:00:00.000,2013,1,25,10,VRB02KT,13,11
2013-01-25 10:30:00.000,2013,1,25,10,VRB02KT,13,11
2013-01-25 11:00:00.000,2013,1,25,11,02004KT,13,11
2013-01-25 12:00:00.000,2013,1,25,12,33003KT,13,11
2013-01-25 12:30:00.000,2013,1,25,12,35004KT,19,19
2013-01-25 13:00:00.000,2013,1,25,13,VRB02KT,14,11
2013-01-25 14:00:00.000,2013,1,25,14,VRB02KT,15,11
2013-01-25 15:00:00.000,2013,1,25,15,VRB02KT,17,11
2013-01-25 16:00:00.000,2013,1,25,16,27005KT,20,10
2013-01-25 17:00:00.000,2013,1,25,17,31005KT,21,11
2013-01-25 18:00:00.000,2013,1,25,18,28008KT,20,11
2013-01-25 19:00:00.000,2013,1,25,19,27013KT,18,12
2013-01-25 20:00:00.000,2013,1,25,20,25010KT,18,12
2013-01-25 21:00:00.000,2013,1,25,21,25010KT,18,12
2013-01-25 22:00:00.000,2013,1,25,22,26009KT,17,12
2013-01-25 23:00:00.000,2013,1,25,23,33004KT,15,13
2013-01-25 23:25:00.000,2013,1,25,23,09003KT,15,13
2013-01-26 00:00:00.000,2013,1,26,0,26004KT,14,13
2013-01-26 01:00:00.000,2013,1,26,1,34003KT,14,13
2013-01-26 02:00:00.000,2013,1,26,2,VRB02KT,14,12
2013-01-26 03:00:00.000,2013,1,26,3,33004KT,13,12
2013-01-26 04:00:00.000,2013,1,26,4,VRB02KT,12,11
2013-01-26 05:00:00.000,2013,1,26,5,06003KT,12,10
2013-01-26 06:00:00.000,2013,1,26,6,VRB02KT,11,10
2013-01-26 07:00:00.000,2013,1,26,7,32003KT,11,10
2013-01-26 08:00:00.000,2013,1,26,8,32003KT,11,10
2013-01-26 09:00:00.000,2013,1,26,9,10003KT,10,09
2013-01-26 10:00:00.000,2013,1,26,10,10003KT,10,09
2013-01-26 10:30:00.000,2013,1,26,10,00000KT,10,09
2013-01-26 11:00:00.000,2013,1,26,11,33003KT,10,09
2013-01-26 12:00:00.000,2013,1,26,12,VRB02KT,10,09
2013-01-26 13:00:00.000,2013,1,26,13,VRB02KT,13,10
2013-01-26 14:00:00.000,2013,1,26,14,03006KT,15,10
2013-01-26 15:00:00.000,2013,1,26,15,05008KT,17,09
2013-01-26 16:00:00.000,2013,1,26,16,VRB02KT,20,09
2013-01-26 17:00:00.000,2013,1,26,17,VRB02KT,21,09
2013-01-26 18:00:00.000,2013,1,26,18,23014KT,20,11
2013-01-26 19:00:00.000,2013,1,26,19,27013KT,20,12
2013-01-26 20:00:00.000,2013,1,26,20,27012KT,19,12
2013-01-26 21:00:00.000,2013,1,26,21,25010KT,18,12
2013-01-26 22:00:00.000,2013,1,26,22,26011KT,18,11
2013-01-26 23:00:00.000,2013,1,26,23,25007KT,17,11
2013-01-27 00:00:00.000,2013,1,27,0,25005KT,16,11
2013-01-27 01:00:00.000,2013,1,27,1,00000KT,13,11
2013-01-27 02:00:00.000,2013,1,27,2,VRB02KT,12,11
2013-01-27 03:00:00.000,2013,1,27,3,VRB02KT,12,10
2013-01-27 04:00:00.000,2013,1,27,4,34003KT,10,08
2013-01-27 05:00:00.000,2013,1,27,5,00000KT,09,09
2013-01-27 06:00:00.000,2013,1,27,6,02003KT,08,08
2013-01-27 07:00:00.000,2013,1,27,7,03003KT,08,07
2013-01-27 08:00:00.000,2013,1,27,8,VRB02KT,07,06
2013-01-27 09:00:00.000,2013,1,27,9,00000KT,05,05
2013-01-27 10:00:00.000,2013,1,27,10,VRB02KT,04,04
2013-01-27 10:30:00.000,2013,1,27,10,00000KT,05,05
2013-01-27 11:00:00.000,2013,1,27,11,32003KT,05,05
2013-01-27 11:12:00.000,2013,1,27,11,32003KT,05,05
2013-01-27 12:00:00.000,2013,1,27,12,01004KT,07,07
2013-01-27 12:40:00.000,2013,1,27,12,03005KT,09,09
2013-01-27 13:00:00.000,2013,1,27,13,02004KT,10,09
2013-01-27 13:10:00.000,2013,1,27,13,33004KT,10,10
2013-01-27 14:00:00.000,2013,1,27,14,36004KT,12,11
2013-01-27 14:20:00.000,2013,1,27,14,05006KT,15,10
2013-01-27 15:00:00.000,2013,1,27,15,02007KT,17,10
2013-01-27 16:00:00.000,2013,1,27,16,VRB02KT,19,08
2013-01-27 17:00:00.000,2013,1,27,17,16006KT,20,07
2013-01-27 18:00:00.000,2013,1,27,18,28007KT,21,10
2013-01-27 19:00:00.000,2013,1,27,19,29010KT,20,11
2013-01-27 20:00:00.000,2013,1,27,20,30012KT,19,11
2013-01-27 21:00:00.000,2013,1,27,21,32012KT,18,11
2013-01-27 22:00:00.000,2013,1,27,22,32012KT,16,11
2013-01-27 23:00:00.000,2013,1,27,23,30007KT,15,12
2013-01-28 00:00:00.000,2013,1,28,0,VRB02KT,15,12
2013-01-28 01:00:00.000,2013,1,28,1,06003KT,14,12
2013-01-28 02:00:00.000,2013,1,28,2,33003KT,14,12
2013-01-28 03:00:00.000,2013,1,28,3,VRB02KT,13,09
2013-01-28 04:00:00.000,2013,1,28,4,04004KT,12,09
2013-01-28 05:00:00.000,2013,1,28,5,05005KT,10,08
2013-01-28 06:00:00.000,2013,1,28,6,04003KT,10,08
2013-01-28 07:00:00.000,2013,1,28,7,04006KT,10,08
2013-01-28 08:00:00.000,2013,1,28,8,07005KT,09,07
2013-01-28 09:00:00.000,2013,1,28,9,06005KT,09,07
2013-01-28 10:00:00.000,2013,1,28,10,03006KT,08,06
2013-01-28 10:30:00.000,2013,1,28,10,04005KT,08,06
2013-01-28 11:00:00.000,2013,1,28,11,02004KT,07,06
2013-01-28 12:00:00.000,2013,1,28,12,05006KT,09,07
2013-01-28 13:00:00.000,2013,1,28,13,05006KT,12,07
2013-01-28 14:00:00.000,2013,1,28,14,04007KT,15,06
2013-01-28 15:00:00.000,2013,1,28,15,04007KT,17,04
2013-01-28 16:00:00.000,2013,1,28,16,08006KT,19,03
2013-01-28 17:00:00.000,2013,1,28,17,08009KT,20,04
2013-01-28 18:00:00.000,2013,1,28,18,29013KT,21,03
2013-01-28 19:00:00.000,2013,1,28,19,13010KT,22,04
2013-01-28 20:00:00.000,2013,1,28,20,12008KT,21,04
2013-01-28 21:00:00.000,2013,1,28,21,15011KT,21,06
2013-01-28 21:10:00.000,2013,1,28,21,15010KT,21,06
2013-01-28 22:00:00.000,2013,1,28,22,13010KT,20,05
2013-01-28 23:00:00.000,2013,1,28,23,09007KT,18,05
2013-01-29 00:00:00.000,2013,1,29,0,05005KT,17,07
2013-01-29 01:00:00.000,2013,1,29,1,07003KT,14,07
2013-01-29 02:00:00.000,2013,1,29,2,36004KT,12,04
2013-01-29 03:00:00.000,2013,1,29,3,05003KT,10,04
2013-01-29 04:00:00.000,2013,1,29,4,01004KT,12,04
2013-01-29 05:00:00.000,2013,1,29,5,VRB02KT,09,04
2013-01-29 06:00:00.000,2013,1,29,6,06003KT,09,04
2013-01-29 07:00:00.000,2013,1,29,7,02003KT,08,04
2013-01-29 08:00:00.000,2013,1,29,8,VRB02KT,07,06
2013-01-29 09:00:00.000,2013,1,29,9,34002KT,05,05
2013-01-29 10:00:00.000,2013,1,29,10,00000KT,05,05
2013-01-29 11:00:00.000,2013,1,29,11,00000KT,03,03
2013-01-29 12:00:00.000,2013,1,29,12,00000KT,06,06
2013-01-29 13:00:00.000,2013,1,29,13,02004KT,10,06
2013-01-29 13:20:00.000,2013,1,29,13,08003KT,12,08
2013-01-29 14:00:00.000,2013,1,29,14,VRB02KT,14,07
2013-01-29 15:00:00.000,2013,1,29,15,VRB02KT,19,06
2013-01-29 16:00:00.000,2013,1,29,16,12003KT,20,06
2013-01-29 17:00:00.000,2013,1,29,17,12007KT,21,06
2013-01-29 18:00:00.000,2013,1,29,18,30006KT,22,05
2013-01-29 19:00:00.000,2013,1,29,19,22010KT,19,11
2013-01-29 20:00:00.000,2013,1,29,20,22012KT,20,11
2013-01-29 21:00:00.000,2013,1,29,21,25009KT,19,11
2013-01-29 22:00:00.000,2013,1,29,22,30010KT,17,12
2013-01-29 23:00:00.000,2013,1,29,23,26005KT,16,12
2013-01-30 00:00:00.000,2013,1,30,0,33004KT,13,11
2013-01-30 01:00:00.000,2013,1,30,1,VRB02KT,12,11
2013-01-30 02:00:00.000,2013,1,30,2,02003KT,12,11
2013-01-30 03:00:00.000,2013,1,30,3,03003KT,12,11
2013-01-30 04:00:00.000,2013,1,30,4,VRB02KT,11,09
2013-01-30 05:00:00.000,2013,1,30,5,VRB02KT,10,09
2013-01-30 06:00:00.000,2013,1,30,6,03002KT,09,07
2013-01-30 07:00:00.000,2013,1,30,7,07003KT,09,08
2013-01-30 08:00:00.000,2013,1,30,8,35004KT,07,06
2013-01-30 09:00:00.000,2013,1,30,9,06003KT,07,06
2013-01-30 10:00:00.000,2013,1,30,10,03003KT,07,06
2013-01-30 11:00:00.000,2013,1,30,11,30004KT,05,05
2013-01-30 12:00:00.000,2013,1,30,12,VRB02KT,04,04
2013-01-30 13:00:00.000,2013,1,30,13,01005KT,11,09
2013-01-30 14:00:00.000,2013,1,30,14,04004KT,15,09
2013-01-30 15:00:00.000,2013,1,30,15,05006KT,17,09
2013-01-30 16:00:00.000,2013,1,30,16,11007KT,20,07
2013-01-30 17:00:00.000,2013,1,30,17,18006KT,21,06
2013-01-30 18:00:00.000,2013,1,30,18,12008KT,22,07
2013-01-30 19:00:00.000,2013,1,30,19,30006KT,21,11
2013-01-30 20:00:00.000,2013,1,30,20,24010KT,20,11
2013-01-30 21:00:00.000,2013,1,30,21,25010KT,20,11
2013-01-30 22:00:00.000,2013,1,30,22,33010KT,18,13
2013-01-30 23:00:00.000,2013,1,30,23,29007KT,17,13
2013-01-31 00:00:00.000,2013,1,31,0,23005KT,16,12
2013-01-31 01:00:00.000,2013,1,31,1,35003KT,15,12
2013-01-31 02:00:00.000,2013,1,31,2,02003KT,14,11
2013-01-31 03:00:00.000,2013,1,31,3,34003KT,11,09
2013-01-31 04:00:00.000,2013,1,31,4,01003KT,11,09
2013-01-31 05:00:00.000,2013,1,31,5,01005KT,11,08
2013-01-31 06:00:00.000,2013,1,31,6,02004KT,09,08
2013-01-31 07:00:00.000,2013,1,31,7,VRB02KT,09,08
2013-01-31 08:00:00.000,2013,1,31,8,03003KT,10,09
2013-01-31 09:00:00.000,2013,1,31,9,02003KT,10,09
2013-01-31 10:00:00.000,2013,1,31,10,VRB02KT,10,09
2013-01-31 10:30:00.000,2013,1,31,10,VRB02KT,09,08
2013-01-31 11:00:00.000,2013,1,31,11,VRB02KT,07,06
2013-01-31 12:00:00.000,2013,1,31,12,VRB02KT,09,08
2013-01-31 13:00:00.000,2013,1,31,13,03007KT,13,10
2013-01-31 14:00:00.000,2013,1,31,14,02008KT,16,10
2013-01-31 15:00:00.000,2013,1,31,15,10010KT,18,09
2013-01-31 16:00:00.000,2013,1,31,16,15006KT,20,07
2013-01-31 17:00:00.000,2013,1,31,17,16010KT,21,07
2013-01-31 18:00:00.000,2013,1,31,18,17007KT,22,06
2013-01-31 19:00:00.000,2013,1,31,19,31014KT,19,12
2013-01-31 20:00:00.000,2013,1,31,20,30012KT,20,12
2013-01-31 21:00:00.000,2013,1,31,21,26012KT,20,12
2013-01-31 22:00:00.000,2013,1,31,22,23010KT,17,12
2013-01-31 23:00:00.000,2013,1,31,23,28008KT,16,12
2013-02-01 00:00:00.000,2013,2,1,0,26004KT,14,11
2013-02-01 01:00:00.000,2013,2,1,1,31003KT,13,11
2013-02-01 02:00:00.000,2013,2,1,2,22003KT,13,11
2013-02-01 03:00:00.000,2013,2,1,3,24003KT,12,11
2013-02-01 04:00:00.000,2013,2,1,4,VRB02KT,11,10
2013-02-01 05:00:00.000,2013,2,1,5,00000KT,11,10
2013-02-01 06:00:00.000,2013,2,1,6,05003KT,11,10
2013-02-01 08:00:00.000,2013,2,1,8,02003KT,11,10
2013-02-01 09:00:00.000,2013,2,1,9,02003KT,11,10
2013-02-01 10:00:00.000,2013,2,1,10,03003KT,10,09
2013-02-01 10:30:00.000,2013,2,1,10,02003KT,09,09
2013-02-01 11:00:00.000,2013,2,1,11,22004KT,09,09
2013-02-01 12:00:00.000,2013,2,1,12,VRB02KT,11,09
2013-02-01 13:00:00.000,2013,2,1,13,03003KT,14,10
2013-02-01 14:00:00.000,2013,2,1,14,04006KT,17,11
2013-02-01 15:00:00.000,2013,2,1,15,04006KT,17,11
2013-02-01 16:00:00.000,2013,2,1,16,VRB02KT,18,08
2013-02-01 17:00:00.000,2013,2,1,17,23006KT,20,09
2013-02-01 18:00:00.000,2013,2,1,18,22014KT,18,11
2013-02-01 19:00:00.000,2013,2,1,19,24010KT,18,10
2013-02-01 20:00:00.000,2013,2,1,20,25009KT,17,11
2013-02-01 21:00:00.000,2013,2,1,21,24007KT,16,11
2013-02-01 22:00:00.000,2013,2,1,22,23010KT,14,11
2013-02-01 23:00:00.000,2013,2,1,23,24005KT,14,12
2013-02-02 00:00:00.000,2013,2,2,0,01003KT,14,11
2013-02-02 01:00:00.000,2013,2,2,1,VRB02KT,13,11
2013-02-02 02:00:00.000,2013,2,2,2,VRB02KT,13,11
2013-02-02 03:00:00.000,2013,2,2,3,VRB02KT,12,11
2013-02-02 04:00:00.000,2013,2,2,4,VRB02KT,12,11
2013-02-02 05:00:00.000,2013,2,2,5,31003KT,12,11
2013-02-02 06:00:00.000,2013,2,2,6,00000KT,12,11
2013-02-02 07:00:00.000,2013,2,2,7,VRB02KT,11,10
2013-02-02 08:00:00.000,2013,2,2,8,01003KT,11,10
2013-02-02 09:00:00.000,2013,2,2,9,00000KT,10,09
2013-02-02 10:00:00.000,2013,2,2,10,00000KT,11,10
2013-02-02 10:30:00.000,2013,2,2,10,VRB02KT,12,10
2013-02-02 11:00:00.000,2013,2,2,11,04003KT,12,10
2013-02-02 12:00:00.000,2013,2,2,12,VRB02KT,12,10
2013-02-02 13:00:00.000,2013,2,2,13,03005KT,13,11
2013-02-02 14:00:00.000,2013,2,2,14,VRB02KT,15,11
2013-02-02 15:00:00.000,2013,2,2,15,15008KT,16,08
2013-02-02 16:00:00.000,2013,2,2,16,13008G18KT,17,09
2013-02-02 17:00:00.000,2013,2,2,17,14004KT,18,08
2013-02-02 18:00:00.000,2013,2,2,18,09010KT,18,10
2013-02-02 19:00:00.000,2013,2,2,19,06006KT,19,07
2013-02-02 20:00:00.000,2013,2,2,20,22012KT,20,10
2013-02-02 21:00:00.000,2013,2,2,21,25012KT,18,11
2013-02-02 22:00:00.000,2013,2,2,22,27006KT,16,11
2013-02-02 23:00:00.000,2013,2,2,23,29010KT,15,12
2013-02-03 00:00:00.000,2013,2,3,0,26006KT,15,11
2013-02-03 01:00:00.000,2013,2,3,1,26006KT,13,10
2013-02-03 02:00:00.000,2013,2,3,2,VRB02KT,12,11
2013-02-03 03:00:00.000,2013,2,3,3,VRB02KT,12,10
2013-02-03 04:00:00.000,2013,2,3,4,00000KT,12,10
2013-02-03 05:00:00.000,2013,2,3,5,VRB02KT,12,11
2013-02-03 06:00:00.000,2013,2,3,6,VRB02KT,12,11
2013-02-03 07:00:00.000,2013,2,3,7,VRB02KT,10,09
2013-02-03 08:00:00.000,2013,2,3,8,VRB02KT,10,09
2013-02-03 09:00:00.000,2013,2,3,9,00000KT,07,07
2013-02-03 10:00:00.000,2013,2,3,10,VRB02KT,08,08
2013-02-03 11:00:00.000,2013,2,3,11,31003KT,06,05
2013-02-03 12:00:00.000,2013,2,3,12,VRB02KT,06,06
2013-02-03 12:15:00.000,2013,2,3,12,VRB02KT,07,07
2013-02-03 12:43:00.000,2013,2,3,12,VRB02KT,09,09
2013-02-03 13:00:00.000,2013,2,3,13,VRB02KT,11,10
2013-02-03 13:40:00.000,2013,2,3,13,VRB02KT,13,12
2013-02-03 14:00:00.000,2013,2,3,14,VRB02KT,15,10
2013-02-03 15:00:00.000,2013,2,3,15,25006KT,18,09
2013-02-03 16:00:00.000,2013,2,3,16,07006KT,19,09
2013-02-03 17:00:00.000,2013,2,3,17,25008KT,20,08
2013-02-03 18:00:00.000,2013,2,3,18,24009KT,21,08
2013-02-03 19:00:00.000,2013,2,3,19,22013KT,21,10
2013-02-03 20:00:00.000,2013,2,3,20,28010KT,21,11
2013-02-03 21:00:00.000,2013,2,3,21,27012KT,20,10
2013-02-03 22:00:00.000,2013,2,3,22,21013KT,18,11
2013-02-03 23:00:00.000,2013,2,3,23,24005KT,16,12
2013-02-04 00:00:00.000,2013,2,4,0,30010KT,15,12
2013-02-04 01:00:00.000,2013,2,4,1,34004KT,14,12
2013-02-04 02:00:00.000,2013,2,4,2,30006KT,13,12
2013-02-04 03:00:00.000,2013,2,4,3,VRB02KT,13,11
2013-02-04 04:00:00.000,2013,2,4,4,27006KT,12,11
2013-02-04 05:00:00.000,2013,2,4,5,33004KT,12,11
2013-02-04 06:00:00.000,2013,2,4,6,VRB02KT,12,11
2013-02-04 07:00:00.000,2013,2,4,7,VRB02KT,11,10
2013-02-04 08:00:00.000,2013,2,4,8,00000KT,10,09
2013-02-04 09:00:00.000,2013,2,4,9,VRB02KT,10,09
2013-02-04 10:00:00.000,2013,2,4,10,34004KT,08,08
2013-02-04 11:00:00.000,2013,2,4,11,VRB02KT,10,10
2013-02-04 12:00:00.000,2013,2,4,12,27003KT,11,10
2013-02-04 13:00:00.000,2013,2,4,13,03004KT,13,11
2013-02-04 14:00:00.000,2013,2,4,14,VRB02KT,16,10
2013-02-04 15:00:00.000,2013,2,4,15,08003KT,18,10
2013-02-04 16:00:00.000,2013,2,4,16,07003KT,20,09
2013-02-04 17:00:00.000,2013,2,4,17,30008KT,19,10
2013-02-04 18:00:00.000,2013,2,4,18,25014KT,19,11
2013-02-04 19:00:00.000,2013,2,4,19,26014KT,17,13
2013-02-04 20:00:00.000,2013,2,4,20,28012KT,17,12
2013-02-04 21:00:00.000,2013,2,4,21,26012KT,18,12
2013-02-04 22:00:00.000,2013,2,4,22,23010KT,11,11
2013-02-04 23:00:00.000,2013,2,4,23,04010KT,13,12
2013-02-05 00:00:00.000,2013,2,5,0,07004KT,12,10
2013-02-05 01:00:00.000,2013,2,5,1,34003KT,12,11
2013-02-05 02:00:00.000,2013,2,5,2,VRB02KT,12,11
2013-02-05 03:00:00.000,2013,2,5,3,VRB02KT,12,11
2013-02-05 04:00:00.000,2013,2,5,4,35004KT,12,11
2013-02-05 05:00:00.000,2013,2,5,5,04004KT,12,11
2013-02-05 06:00:00.000,2013,2,5,6,02004KT,12,11
2013-02-05 07:00:00.000,2013,2,5,7,VRB02KT,12,11
2013-02-05 08:00:00.000,2013,2,5,8,02004KT,12,11
2013-02-05 09:00:00.000,2013,2,5,9,03004KT,11,11
2013-02-05 10:00:00.000,2013,2,5,10,03003KT,11,10
2013-02-05 11:00:00.000,2013,2,5,11,07005KT,12,11
2013-02-05 12:00:00.000,2013,2,5,12,VRB02KT,12,11
2013-02-05 13:00:00.000,2013,2,5,13,02006KT,14,12
2013-02-05 14:00:00.000,2013,2,5,14,06008KT,16,10
2013-02-05 15:00:00.000,2013,2,5,15,09004KT,17,10
2013-02-05 16:00:00.000,2013,2,5,16,09005KT,17,09
2013-02-05 17:00:00.000,2013,2,5,17,12005KT,19,09
2013-02-05 18:00:00.000,2013,2,5,18,34004KT,17,12
2013-02-05 19:00:00.000,2013,2,5,19,28010KT,16,12
2013-02-05 20:00:00.000,2013,2,5,20,28014KT,17,12
2013-02-05 21:00:00.000,2013,2,5,21,19008KT,15,13
2013-02-05 22:00:00.000,2013,2,5,22,25006KT,14,13
2013-02-05 23:00:00.000,2013,2,5,23,21010KT,14,12
2013-02-06 00:00:00.000,2013,2,6,0,VRB02KT,13,12
2013-02-06 01:00:00.000,2013,2,6,1,18003KT,12,12
2013-02-06 02:00:00.000,2013,2,6,2,20003KT,13,12
2013-02-06 03:00:00.000,2013,2,6,3,VRB02KT,12,11
2013-02-06 04:00:00.000,2013,2,6,4,VRB02KT,12,12
2013-02-06 05:00:00.000,2013,2,6,5,VRB02KT,12,12
2013-02-06 06:00:00.000,2013,2,6,6,00000KT,12,11
2013-02-06 07:00:00.000,2013,2,6,7,VRB02KT,12,12
2013-02-06 08:00:00.000,2013,2,6,8,VRB02KT,12,12
2013-02-06 09:00:00.000,2013,2,6,9,VRB02KT,12,11
2013-02-06 10:00:00.000,2013,2,6,10,VRB02KT,11,11
2013-02-06 11:00:00.000,2013,2,6,11,36003KT,11,11
2013-02-06 12:00:00.000,2013,2,6,12,VRB02KT,12,11
2013-02-06 13:00:00.000,2013,2,6,13,03004KT,13,12
2013-02-06 14:00:00.000,2013,2,6,14,08004KT,16,11
2013-02-06 15:00:00.000,2013,2,6,15,05005KT,17,11
2013-02-06 16:00:00.000,2013,2,6,16,VRB02KT,18,11
2013-02-06 17:00:00.000,2013,2,6,17,23004KT,20,10
2013-02-06 18:00:00.000,2013,2,6,18,21015KT,18,12
2013-02-06 19:00:00.000,2013,2,6,19,26012KT,18,12
2013-02-06 20:00:00.000,2013,2,6,20,26010KT,18,12
2013-02-06 21:00:00.000,2013,2,6,21,25009KT,17,12
2013-02-06 22:00:00.000,2013,2,6,22,26006KT,16,12
2013-02-06 23:00:00.000,2013,2,6,23,25007KT,15,12
2013-02-07 00:00:00.000,2013,2,7,0,30007KT,14,12
2013-02-07 01:00:00.000,2013,2,7,1,27005KT,13,12
2013-02-07 02:00:00.000,2013,2,7,2,31005KT,13,12
2013-02-07 03:00:00.000,2013,2,7,3,24003KT,13,12
2013-02-07 04:00:00.000,2013,2,7,4,VRB02KT,13,12
2013-02-07 05:00:00.000,2013,2,7,5,33003KT,13,12
2013-02-07 06:00:00.000,2013,2,7,6,VRB02KT,13,12
2013-02-07 07:00:00.000,2013,2,7,7,03003KT,12,11
2013-02-07 08:00:00.000,2013,2,7,8,03005KT,12,10
2013-02-07 09:00:00.000,2013,2,7,9,05003KT,11,09
2013-02-07 10:00:00.000,2013,2,7,10,00000KT,11,10
2013-02-07 11:00:00.000,2013,2,7,11,VRB02KT,11,10
2013-02-07 12:00:00.000,2013,2,7,12,03003KT,11,10
2013-02-07 13:00:00.000,2013,2,7,13,02004KT,14,11
2013-02-07 14:00:00.000,2013,2,7,14,01003KT,15,10
2013-02-07 15:00:00.000,2013,2,7,15,33003KT,18,08
2013-02-07 16:00:00.000,2013,2,7,16,18006KT,20,08
2013-02-07 17:00:00.000,2013,2,7,17,35005KT,20,08
2013-02-07 18:00:00.000,2013,2,7,18,24011KT,20,12
2013-02-07 19:00:00.000,2013,2,7,19,28013KT,19,12
2013-02-07 20:00:00.000,2013,2,7,20,27012KT,17,13
2013-02-07 21:00:00.000,2013,2,7,21,28011KT,16,13
2013-02-07 22:00:00.000,2013,2,7,22,24005KT,16,12
2013-02-07 23:00:00.000,2013,2,7,23,25008KT,16,12
2013-02-08 00:00:00.000,2013,2,8,0,22004KT,15,12
2013-02-08 01:00:00.000,2013,2,8,1,VRB02KT,15,12
2013-02-08 02:00:00.000,2013,2,8,2,32003KT,13,12
2013-02-08 03:00:00.000,2013,2,8,3,17003KT,14,12
2013-02-08 04:00:00.000,2013,2,8,4,31004KT,14,12
2013-02-08 05:00:00.000,2013,2,8,5,36003KT,13,11
2013-02-08 06:00:00.000,2013,2,8,6,OOOOOKT,12,11
2013-02-08 07:00:00.000,2013,2,8,7,28003KT,12,11
2013-02-08 08:00:00.000,2013,2,8,8,15003KT,12,12
2013-02-08 09:00:00.000,2013,2,8,9,VRB02KT,12,11
2013-02-08 10:00:00.000,2013,2,8,10,00000KT,11,11
2013-02-08 10:30:00.000,2013,2,8,10,03004KT,12,11
2013-02-08 11:00:00.000,2013,2,8,11,03003KT,11,11
2013-02-08 12:00:00.000,2013,2,8,12,020003KT,12,11
2013-02-08 13:00:00.000,2013,2,8,13,33003KT,15,11
2013-02-08 14:00:00.000,2013,2,8,14,31005KT,17,10
2013-02-08 15:00:00.000,2013,2,8,15,24005KT,18,10
2013-02-08 16:00:00.000,2013,2,8,16,26007KT,19,09
2013-02-08 17:00:00.000,2013,2,8,17,30008KT,18,11
2013-02-08 18:00:00.000,2013,2,8,18,29009KT,20,12
2013-02-08 19:00:00.000,2013,2,8,19,25007KT,20,11
2013-02-08 19:26:00.000,2013,2,8,19,28010KT,16,13
2013-02-08 20:00:00.000,2013,2,8,20,27009KT,16,13
2013-02-08 21:00:00.000,2013,2,8,21,20008KT,15,13
2013-02-08 22:00:00.000,2013,2,8,22,35006KT,15,13
2013-02-08 23:00:00.000,2013,2,8,23,36007KT,14,13
2013-02-09 00:00:00.000,2013,2,9,0,33004KT,13,11
2013-02-09 01:00:00.000,2013,2,9,1,32005KT,13,11
2013-02-09 02:00:00.000,2013,2,9,2,27004KT,13,12
2013-02-09 03:00:00.000,2013,2,9,3,31005KT,13,12
2013-02-09 04:00:00.000,2013,2,9,4,33004KT,13,12
2013-02-09 05:00:00.000,2013,2,9,5,30003KT,13,12
2013-02-09 06:00:00.000,2013,2,9,6,34003KT,12,11
2013-02-09 07:00:00.000,2013,2,9,7,33003KT,12,11
2013-02-09 08:00:00.000,2013,2,9,8,26003KT,12,11
2013-02-09 09:00:00.000,2013,2,9,9,33004KT,12,11
2013-02-09 10:00:00.000,2013,2,9,10,33004KT,12,11
2013-02-09 11:00:00.000,2013,2,9,11,05004KT,12,11
2013-02-09 11:30:00.000,2013,2,9,11,03003KT,12,11
2013-02-09 12:00:00.000,2013,2,9,12,VRB02KT,12,11
2013-02-09 13:00:00.000,2013,2,9,13,VRB02KT,12,12
2013-02-09 14:00:00.000,2013,2,9,14,35004KT,14,11
2013-02-09 15:00:00.000,2013,2,9,15,34004KT,15,11
2013-02-09 15:30:00.000,2013,2,9,15,01004KT,17,10
2013-02-09 16:00:00.000,2013,2,9,16,34008KT,18,11
2013-02-09 17:00:00.000,2013,2,9,17,35004KT,19,10
2013-02-09 18:00:00.000,2013,2,9,18,28016KT,20,11
2013-02-09 19:00:00.000,2013,2,9,19,29012KT,20,11
2013-02-09 20:00:00.000,2013,2,9,20,32007KT,17,12
2013-02-09 21:00:00.000,2013,2,9,21,31012KT,16,12
2013-02-09 22:00:00.000,2013,2,9,22,35006KT,15,12
2013-02-09 23:00:00.000,2013,2,9,23,33005KT,14,11
2013-02-10 00:00:00.000,2013,2,10,0,32008KT,14,11
2013-02-10 01:00:00.000,2013,2,10,1,29008KT,13,11
2013-02-10 02:00:00.000,2013,2,10,2,VRB02KT,13,11
2013-02-10 03:00:00.000,2013,2,10,3,31003KT,13,11
2013-02-10 04:00:00.000,2013,2,10,4,27005KT,13,11
2013-02-10 05:00:00.000,2013,2,10,5,290006KT,13,11
2013-02-10 06:00:00.000,2013,2,10,6,VRB02KT,12,10
2013-02-10 07:00:00.000,2013,2,10,7,27003KT,11,09
2013-02-10 08:00:00.000,2013,2,10,8,00000KT,11,10
2013-02-10 09:00:00.000,2013,2,10,9,VRB02KT,11,10
2013-02-10 10:00:00.000,2013,2,10,10,270003KT,11,10
2013-02-10 11:00:00.000,2013,2,10,11,31004KT,10,10
2013-02-10 12:00:00.000,2013,2,10,12,VRB02KT,10,09
2013-02-10 13:00:00.000,2013,2,10,13,VRB02KT,12,11
2013-02-10 14:00:00.000,2013,2,10,14,VRB02KT,14,11
2013-02-10 15:00:00.000,2013,2,10,15,VRB02KT,17,11
2013-02-10 16:00:00.000,2013,2,10,16,24003KT,18,08
2013-02-10 17:00:00.000,2013,2,10,17,32012KT,17,11
2013-02-10 18:00:00.000,2013,2,10,18,31010KT,16,11
2013-02-10 18:15:00.000,2013,2,10,18,28010KT,16,12
2013-02-10 19:00:00.000,2013,2,10,19,27010KT,18,12
2013-02-10 20:00:00.000,2013,2,10,20,12010KT,16,12
2013-02-10 21:00:00.000,2013,2,10,21,15010KT,13,12
2013-02-10 22:00:00.000,2013,2,10,22,15007KT,12,11
2013-02-10 23:00:00.000,2013,2,10,23,17003KT,13,11
2013-02-11 00:00:00.000,2013,2,11,0,00000KT,13,10
2013-02-11 01:00:00.000,2013,2,11,1,00000KT,12,11
2013-02-11 02:00:00.000,2013,2,11,2,VRB02KT,12,11
2013-02-11 03:00:00.000,2013,2,11,3,00000KT,11,10
2013-02-11 04:00:00.000,2013,2,11,4,12003KT,12,11
2013-02-11 05:00:00.000,2013,2,11,5,VRB02KT,12,11
2013-02-11 06:00:00.000,2013,2,11,6,31003KT,11,10
2013-02-11 07:00:00.000,2013,2,11,7,32003KT,11,10
2013-02-11 08:00:00.000,2013,2,11,8,35003KT,10,10
2013-02-11 09:00:00.000,2013,2,11,9,30003KT,09,09
2013-02-11 10:00:00.000,2013,2,11,10,30003KT,09,09
2013-02-11 11:00:00.000,2013,2,11,11,00000KT,10,09
2013-02-11 12:00:00.000,2013,2,11,12,VRB02KT,10,09
2013-02-11 13:00:00.000,2013,2,11,13,33005KT,09,09
2013-02-11 14:00:00.000,2013,2,11,14,00000KT,15,12
2013-02-11 15:00:00.000,2013,2,11,15,VRB02KT,16,10
2013-02-11 16:00:00.000,2013,2,11,16,VRB02KT,17,10
2013-02-11 17:00:00.000,2013,2,11,17,36004KT,19,10
2013-02-11 18:00:00.000,2013,2,11,18,22008KT,16,11
2013-02-11 19:00:00.000,2013,2,11,19,20006KT,14,12
2013-02-11 20:00:00.000,2013,2,11,20,19005KT,13,12
2013-02-11 21:00:00.000,2013,2,11,21,22006KT,14,12
2013-02-11 22:00:00.000,2013,2,11,22,31004KT,14,12
2013-02-11 23:00:00.000,2013,2,11,23,30004KT,14,12
2013-02-12 00:00:00.000,2013,2,12,0,05004KT,13,11
2013-02-12 01:00:00.000,2013,2,12,1,01003KT,13,11
2013-02-12 02:00:00.000,2013,2,12,2,01003KT,13,11
2013-02-12 03:00:00.000,2013,2,12,3,VRB02KT,13,11
2013-02-12 04:00:00.000,2013,2,12,4,VRB02KT,13,11
2013-02-12 05:00:00.000,2013,2,12,5,32003KT,12,11
2013-02-12 06:00:00.000,2013,2,12,6,35003KT,12,11
2013-02-12 07:00:00.000,2013,2,12,7,01003KT,12,11
2013-02-12 08:00:00.000,2013,2,12,8,VRB02KT,12,11
2013-02-12 09:00:00.000,2013,2,12,9,03003KT,12,11
2013-02-12 10:00:00.000,2013,2,12,10,03004KT,12,11
2013-02-12 10:30:00.000,2013,2,12,10,05003KT,12,11
2013-02-12 11:00:00.000,2013,2,12,11,06006KT,12,11
2013-02-12 12:00:00.000,2013,2,12,12,02004KT,12,11
2013-02-12 13:00:00.000,2013,2,12,13,02003KT,13,11
2013-02-12 14:00:00.000,2013,2,12,14,VRB02KT,14,11
2013-02-12 15:00:00.000,2013,2,12,15,VRB02KT,15,10
2013-02-12 16:00:00.000,2013,2,12,16,VRB02KT,17,09
2013-02-12 17:00:00.000,2013,2,12,17,27006KT,18,10
2013-02-12 18:00:00.000,2013,2,12,18,14004KT,18,09
2013-02-12 19:00:00.000,2013,2,12,19,29005KT,19,09
2013-02-12 20:00:00.000,2013,2,12,20,28013KT,16,12
2013-02-12 21:00:00.000,2013,2,12,21,26010KT,17,11
2013-02-12 22:00:00.000,2013,2,12,22,26012KT,16,11
2013-02-12 23:00:00.000,2013,2,12,23,25007KT,15,11
2013-02-13 00:00:00.000,2013,2,13,0,32008KT,14,11
2013-02-13 01:00:00.000,2013,2,13,1,31006KT,13,11
2013-02-13 02:00:00.000,2013,2,13,2,30006KT,12,10
2013-02-13 03:00:00.000,2013,2,13,3,28006KT,12,10
2013-02-13 04:00:00.000,2013,2,13,4,28006KT,12,10
2013-02-13 05:00:00.000,2013,2,13,5,30006KT,12,10
2013-02-13 06:00:00.000,2013,2,13,6,28006KT,11,10
2013-02-13 07:00:00.000,2013,2,13,7,32003KT,10,09
2013-02-13 08:00:00.000,2013,2,13,8,02003KT,08,08
2013-02-13 08:30:00.000,2013,2,13,8,000000KT,03,03
2013-02-13 09:00:00.000,2013,2,13,9,29004KT,08,08
2013-02-13 09:25:00.000,2013,2,13,9,34004KT,07,06
2013-02-13 09:30:00.000,2013,2,13,9,000000KT,05,05
2013-02-13 10:00:00.000,2013,2,13,10,02003KT,07,07
2013-02-13 10:30:00.000,2013,2,13,10,34003KT,08,08
2013-02-13 11:00:00.000,2013,2,13,11,32005KT,08,08
2013-02-13 11:25:00.000,2013,2,13,11,VRB02KT,07,07
2013-02-13 12:00:00.000,2013,2,13,12,VRB02KT,07,07
2013-02-13 12:26:00.000,2013,2,13,12,VRB02KT,09,08
2013-02-13 13:00:00.000,2013,2,13,13,02004KT,11,09
2013-02-13 14:00:00.000,2013,2,13,14,04007KT,14,10
2013-02-13 15:00:00.000,2013,2,13,15,02006KT,16,09
2013-02-13 16:00:00.000,2013,2,13,16,33006KT,18,08
2013-02-13 17:00:00.000,2013,2,13,17,25006KT,19,07
2013-02-13 18:00:00.000,2013,2,13,18,29008KT,19,08
2013-02-13 19:00:00.000,2013,2,13,19,29011KT,18,10
2013-02-13 20:00:00.000,2013,2,13,20,26013KT,19,11
2013-02-13 21:00:00.000,2013,2,13,21,26012KT,19,11
2013-02-13 22:00:00.000,2013,2,13,22,25008KT,18,10
2013-02-13 23:00:00.000,2013,2,13,23,20006KT,16,11
2013-02-14 00:00:00.000,2013,2,14,0,03006KT,11,11
2013-02-14 01:00:00.000,2013,2,14,1,09006KT,12,10
2013-02-14 02:00:00.000,2013,2,14,2,02004KT,11,10
2013-02-14 03:00:00.000,2013,2,14,3,32004KT,11,10
2013-02-14 04:00:00.000,2013,2,14,4,VRB02KT,11,10
2013-02-14 05:00:00.000,2013,2,14,5,04003KT,10,09
2013-02-14 06:00:00.000,2013,2,14,6,01003KT,09,09
2013-02-14 07:00:00.000,2013,2,14,7,VRB02KT,09,09
2013-02-14 08:00:00.000,2013,2,14,8,0303KT,08,08
2013-02-14 09:00:00.000,2013,2,14,9,VRB02KT,08,08
2013-02-14 10:00:00.000,2013,2,14,10,03003KT,09,08
2013-02-14 10:30:00.000,2013,2,14,10,35003KT,07,06
2013-02-14 11:00:00.000,2013,2,14,11,02005KT,08,07
2013-02-14 12:00:00.000,2013,2,14,12,03005KT,08,07
2013-02-14 12:30:00.000,2013,2,14,12,05006KT,10,10
2013-02-14 13:00:00.000,2013,2,14,13,04008KT,12,09
2013-02-14 14:00:00.000,2013,2,14,14,04006KT,14,09
2013-02-14 15:00:00.000,2013,2,14,15,06005KT,16,07
2013-02-14 16:00:00.000,2013,2,14,16,VRB02KT,18,08
2013-02-14 17:00:00.000,2013,2,14,17,27003KT,19,07
2013-02-14 18:00:00.000,2013,2,14,18,23012KT,18,11
2013-02-14 19:00:00.000,2013,2,14,19,24011KT,17,11
2013-02-14 20:00:00.000,2013,2,14,20,26010KT,16,11
2013-02-14 21:00:00.000,2013,2,14,21,25010KT,15,12
2013-02-14 22:00:00.000,2013,2,14,22,24008KT,16,12
2013-02-14 23:00:00.000,2013,2,14,23,24006KT,14,12
2013-02-15 00:00:00.000,2013,2,15,0,36003KT,13,11
2013-02-15 01:00:00.000,2013,2,15,1,30004KT,13,11
2013-02-15 02:00:00.000,2013,2,15,2,29003KT,13,11
2013-02-15 03:00:00.000,2013,2,15,3,30004KT,13,11
2013-02-15 04:00:00.000,2013,2,15,4,VRB02KT,13,11
2013-02-15 05:00:00.000,2013,2,15,5,35003KT,13,10
2013-02-15 06:00:00.000,2013,2,15,6,VRB02KT,12,10
2013-02-15 07:00:00.000,2013,2,15,7,VRB02KT,12,09
2013-02-15 08:00:00.000,2013,2,15,8,V35003KT,12,09
2013-02-15 09:00:00.000,2013,2,15,9,VRB020KT,12,09
2013-02-15 10:00:00.000,2013,2,15,10,VRB002KT,11,09
2013-02-15 10:30:00.000,2013,2,15,10,17005KT,12,08
2013-02-15 11:00:00.000,2013,2,15,11,13004KT,12,08
2013-02-15 12:00:00.000,2013,2,15,12,VRB02KT,11,09
2013-02-15 13:00:00.000,2013,2,15,13,06005KT,13,09
2013-02-15 14:00:00.000,2013,2,15,14,03004KT,15,09
2013-02-15 15:00:00.000,2013,2,15,15,33005KT,17,09
2013-02-15 16:00:00.000,2013,2,15,16,05006KT,18,08
2013-02-15 17:00:00.000,2013,2,15,17,09010KT,19,07
2013-02-15 18:00:00.000,2013,2,15,18,29010KT,16,11
2013-02-15 19:00:00.000,2013,2,15,19,19004KT,18,11
2013-02-15 20:00:00.000,2013,2,15,20,14014KT,18,07
2013-02-15 21:00:00.000,2013,2,15,21,14016KT,19,09
2013-02-15 22:00:00.000,2013,2,15,22,11006KT,18,08
2013-02-15 23:00:00.000,2013,2,15,23,25010KT,16,12
2013-02-16 00:00:00.000,2013,2,16,0,21003KT,13,11
2013-02-16 01:00:00.000,2013,2,16,1,33004KT,12,10
2013-02-16 02:00:00.000,2013,2,16,2,VRB02KT,12,10
2013-02-16 03:00:00.000,2013,2,16,3,34003KT,12,10
2013-02-16 04:00:00.000,2013,2,16,4,07003KT,12,10
2013-02-16 05:00:00.000,2013,2,16,5,03004KT,11,08
2013-02-16 06:00:00.000,2013,2,16,6,VRB02KT,10,09
2013-02-16 07:00:00.000,2013,2,16,7,35003KT,08,07
2013-02-16 08:00:00.000,2013,2,16,8,03004KT,08,07
2013-02-16 09:00:00.000,2013,2,16,9,00000KT,08,07
2013-02-16 10:00:00.000,2013,2,16,10,05006KT,08,07
2013-02-16 10:30:00.000,2013,2,16,10,03006KT,08,07
2013-02-16 11:00:00.000,2013,2,16,11,04006KT,07,06
2013-02-16 12:00:00.000,2013,2,16,12,08003KT,09,08
2013-02-16 13:00:00.000,2013,2,16,13,02004KT,11,09
2013-02-16 13:27:00.000,2013,2,16,13,03004KT,13,10
2013-02-16 14:00:00.000,2013,2,16,14,06004KT,15,09
2013-02-16 15:00:00.000,2013,2,16,15,02008KT,15,09
2013-02-16 16:00:00.000,2013,2,16,16,05006KT,16,08
2013-02-16 17:00:00.000,2013,2,16,17,07009KT,18,07
2013-02-16 18:00:00.000,2013,2,16,18,09007KT,19,07
2013-02-16 19:00:00.000,2013,2,16,19,10012KT,19,07
2013-02-16 20:00:00.000,2013,2,16,20,01004KT,19,07
2013-02-16 21:00:00.000,2013,2,16,21,12010KT,19,07
2013-02-16 22:00:00.000,2013,2,16,22,19003KT,20,05
2013-02-16 23:00:00.000,2013,2,16,23,27007KT,16,12
2013-02-17 00:00:00.000,2013,2,17,0,29007KT,14,11
2013-02-17 01:00:00.000,2013,2,17,1,VRB02KT,12,11
2013-02-17 02:00:00.000,2013,2,17,2,33004KT,11,10
2013-02-17 03:00:00.000,2013,2,17,3,34004KT,13,12
2013-02-17 04:00:00.000,2013,2,17,4,VRB02KT,12,11
2013-02-17 05:00:00.000,2013,2,17,5,04004KT,10,09
2013-02-17 06:00:00.000,2013,2,17,6,VRB02KT,11,10
2013-02-17 07:00:00.000,2013,2,17,7,07005KT,10,09
2013-02-17 08:00:00.000,2013,2,17,8,26003KT,11,10
2013-02-17 09:00:00.000,2013,2,17,9,00000KT,11,09
2013-02-17 10:00:00.000,2013,2,17,10,00000KT,09,08
2013-02-17 11:00:00.000,2013,2,17,11,VRB02KT,09,09
2013-02-17 12:00:00.000,2013,2,17,12,35004KT,10,09
2013-02-17 13:00:00.000,2013,2,17,13,06003KT,11,09
2013-02-17 14:00:00.000,2013,2,17,14,VRB02KT,13,10
2013-02-17 15:00:00.000,2013,2,17,15,VRB02KT,15,10
2013-02-17 16:00:00.000,2013,2,17,16,VRB02KT,17,09
2013-02-17 17:00:00.000,2013,2,17,17,12003KT,18,08
2013-02-17 18:00:00.000,2013,2,17,18,10008KT,17,09
2013-02-17 19:00:00.000,2013,2,17,19,27006KT,18,11
2013-02-17 20:00:00.000,2013,2,17,20,30010KT,14,12
2013-02-17 21:00:00.000,2013,2,17,21,30012KT,13,11
2013-02-17 22:00:00.000,2013,2,17,22,29010KT,12,11
2013-02-17 23:00:00.000,2013,2,17,23,29008KT,12,11
2013-02-18 00:00:00.000,2013,2,18,0,30004KT,12,11
2013-02-18 01:00:00.000,2013,2,18,1,27006KT,12,11
2013-02-18 02:00:00.000,2013,2,18,2,26004KT,12,11
2013-02-18 03:00:00.000,2013,2,18,3,28003KT,11,10
2013-02-18 04:00:00.000,2013,2,18,4,26003KT,11,10
2013-02-18 05:00:00.000,2013,2,18,5,00000KT,11,10
2013-02-18 06:00:00.000,2013,2,18,6,00000KT,11,10
2013-02-18 07:00:00.000,2013,2,18,7,32003KT,11,11
2013-02-18 08:00:00.000,2013,2,18,8,VRB02KT,11,10
2013-02-18 09:00:00.000,2013,2,18,9,00000KT,11,10
2013-02-18 10:00:00.000,2013,2,18,10,00000KT,12,11
2013-02-18 11:00:00.000,2013,2,18,11,05004KT,11,10
2013-02-18 12:00:00.000,2013,2,18,12,02005KT,12,11
2013-02-18 13:00:00.000,2013,2,18,13,04004KT,13,11
2013-02-18 14:00:00.000,2013,2,18,14,05005KT,13,10
2013-02-18 15:00:00.000,2013,2,18,15,06006KT,14,10
2013-02-18 16:00:00.000,2013,2,18,16,07005KT,15,10
2013-02-18 17:00:00.000,2013,2,18,17,13010KT,16,09
2013-02-18 18:00:00.000,2013,2,18,18,13010KT,17,09
2013-02-18 19:00:00.000,2013,2,18,19,13008KT,17,10
2013-02-18 20:00:00.000,2013,2,18,20,09008KT,17,10
2013-02-18 21:00:00.000,2013,2,18,21,15010KT,17,10
2013-02-18 22:00:00.000,2013,2,18,22,07007KT,16,10
2013-02-18 23:00:00.000,2013,2,18,23,06006KT,15,10
2013-02-19 00:00:00.000,2013,2,19,0,05004KT,13,08
2013-02-19 01:00:00.000,2013,2,19,1,02005KT,13,08
2013-02-19 02:00:00.000,2013,2,19,2,VRB02KT,11,07
2013-02-19 03:00:00.000,2013,2,19,3,31003KT,10,06
2013-02-19 04:00:00.000,2013,2,19,4,02004KT,08,07
2013-02-19 05:00:00.000,2013,2,19,5,05003KT,08,07
2013-02-19 06:00:00.000,2013,2,19,6,04005KT,09,08
2013-02-19 07:00:00.000,2013,2,19,7,VRB02KT,10,09
2013-02-19 08:00:00.000,2013,2,19,8,03003KT,10,09
2013-02-19 09:00:00.000,2013,2,19,9,04003KT,11,09
2013-02-19 10:00:00.000,2013,2,19,10,VRB02KT,11,08
2013-02-19 10:30:00.000,2013,2,19,10,07003KT,12,08
2013-02-19 11:00:00.000,2013,2,19,11,04003KT,11,08
2013-02-19 12:00:00.000,2013,2,19,12,05005KT,12,09
2013-02-19 13:00:00.000,2013,2,19,13,02006KT,13,10
2013-02-19 14:00:00.000,2013,2,19,14,12010KT,16,09
2013-02-19 15:00:00.000,2013,2,19,15,12011KT,17,09
2013-02-19 16:00:00.000,2013,2,19,16,07006KT,17,09
2013-02-19 17:00:00.000,2013,2,19,17,12012KT,19,08
2013-02-19 18:00:00.000,2013,2,19,18,10010KT,18,08
2013-02-19 19:00:00.000,2013,2,19,19,10010KT,19,08
2013-02-19 20:00:00.000,2013,2,19,20,12008KT,19,07
2013-02-19 21:00:00.000,2013,2,19,21,06010KT,19,08
2013-02-19 22:00:00.000,2013,2,19,22,08010KT,19,08
2013-02-19 23:00:00.000,2013,2,19,23,10006KT,17,07
2013-02-20 00:00:00.000,2013,2,20,0,10006KT,14,09
2013-02-20 01:00:00.000,2013,2,20,1,29005KT,13,11
2013-02-20 02:00:00.000,2013,2,20,2,10003KT,13,11
2013-02-20 03:00:00.000,2013,2,20,3,34004KT,13,11
2013-02-20 04:00:00.000,2013,2,20,4,35003KT,11,09
2013-02-20 05:00:00.000,2013,2,20,5,34004KT,12,09
2013-02-20 06:00:00.000,2013,2,20,6,33003KT,12,09
2013-02-20 07:00:00.000,2013,2,20,7,30006KT,09,07
2013-02-20 08:00:00.000,2013,2,20,8,05003KT,11,09
2013-02-20 09:00:00.000,2013,2,20,9,04006KT,10,08
2013-02-20 10:00:00.000,2013,2,20,10,05006KT,09,08
2013-02-20 11:00:00.000,2013,2,20,11,04005KT,10,08
2013-02-20 12:00:00.000,2013,2,20,12,04006KT,10,08
2013-02-20 12:30:00.000,2013,2,20,12,04006KT,12,09
2013-02-20 13:00:00.000,2013,2,20,13,05006KT,14,09
2013-02-20 14:00:00.000,2013,2,20,14,04010KT,16,09
2013-02-20 14:30:00.000,2013,2,20,14,06008G20KT,18,05
2013-02-20 15:00:00.000,2013,2,20,15,09005KT,18,05
2013-02-20 16:00:00.000,2013,2,20,16,05010KT,19,03
2013-02-20 17:00:00.000,2013,2,20,17,10010KT,20,03
2013-02-20 18:00:00.000,2013,2,20,18,15007KT,20,05
2013-02-20 19:00:00.000,2013,2,20,19,12012KT,20,05
2013-02-20 20:00:00.000,2013,2,20,20,13013KT,19,07
2013-02-20 21:00:00.000,2013,2,20,21,08010KT,19,07
2013-02-20 22:00:00.000,2013,2,20,22,09008KT,19,05
2013-02-20 23:00:00.000,2013,2,20,23,13007KT,17,07
2013-02-21 00:00:00.000,2013,2,21,0,03003KT,15,07
2013-02-21 01:00:00.000,2013,2,21,1,04004KT,14,08
2013-02-21 02:00:00.000,2013,2,21,2,VRB02KT,14,08
2013-02-21 03:00:00.000,2013,2,21,3,01003KT,11,08
2013-02-21 04:00:00.000,2013,2,21,4,02003KT,10,08
2013-02-21 05:00:00.000,2013,2,21,5,02004KT,11,09
2013-02-21 06:00:00.000,2013,2,21,6,03007KT,11,08
2013-02-21 07:00:00.000,2013,2,21,7,02008KT,11,08
2013-02-21 08:00:00.000,2013,2,21,8,03004KT,11,09
2013-02-21 09:00:00.000,2013,2,21,9,03004KT,10,09
2013-02-21 10:00:00.000,2013,2,21,10,04003KT,11,10
2013-02-21 10:30:00.000,2013,2,21,10,02003KT,11,10
2013-02-21 11:00:00.000,2013,2,21,11,VRB02KT,10,10
2013-02-21 12:00:00.000,2013,2,21,12,02004KT,11,10
2013-02-21 13:00:00.000,2013,2,21,13,03005KT,13,10
2013-02-21 14:00:00.000,2013,2,21,14,09005KT,15,10
2013-02-21 15:00:00.000,2013,2,21,15,11010KT,17,10
2013-02-21 16:00:00.000,2013,2,21,16,14010KT,17,10
2013-02-21 17:00:00.000,2013,2,21,17,12010KT,17,09
2013-02-21 18:00:00.000,2013,2,21,18,14010KT,19,10
2013-02-21 19:00:00.000,2013,2,21,19,10010KT,18,10
2013-02-21 20:00:00.000,2013,2,21,20,13010KT,19,10
2013-02-21 21:00:00.000,2013,2,21,21,13009KT,18,10
2013-02-21 22:00:00.000,2013,2,21,22,08006KT,17,10
2013-02-21 23:00:00.000,2013,2,21,23,05008KT,16,10
2013-02-22 00:00:00.000,2013,2,22,0,05007KT,15,10
2013-02-22 01:00:00.000,2013,2,22,1,36004KT,14,10
2013-02-22 02:00:00.000,2013,2,22,2,06003KT,12,09
2013-02-22 03:00:00.000,2013,2,22,3,03006KT,11,09
2013-02-22 04:00:00.000,2013,2,22,4,03004KT,10,08
2013-02-22 05:00:00.000,2013,2,22,5,05004KT,10,08
2013-02-22 06:00:00.000,2013,2,22,6,04005KT,09,08
2013-02-22 07:00:00.000,2013,2,22,7,04004KT,11,09
2013-02-22 08:00:00.000,2013,2,22,8,04004KT,11,09
2013-02-22 09:00:00.000,2013,2,22,9,03005KT,11,09
2013-02-22 10:00:00.000,2013,2,22,10,02004KT,11,09
2013-02-22 11:00:00.000,2013,2,22,11,01004KT,11,10
2013-02-22 12:00:00.000,2013,2,22,12,VRB02KT,12,10
2013-02-22 13:00:00.000,2013,2,22,13,05004KT,14,10
2013-02-22 14:00:00.000,2013,2,22,14,07003KT,16,09
2013-02-22 15:00:00.000,2013,2,22,15,08006KT,17,09
2013-02-22 16:00:00.000,2013,2,22,16,04006KT,18,09
2013-02-22 17:00:00.000,2013,2,22,17,06010KT,18,10
2013-02-22 18:00:00.000,2013,2,22,18,09012KT,18,10
2013-02-22 19:00:00.000,2013,2,22,19,10010KT,19,09
2013-02-22 20:00:00.000,2013,2,22,20,09008KT,18,10
2013-02-22 21:00:00.000,2013,2,22,21,11010KT,17,09
2013-02-22 22:00:00.000,2013,2,22,22,10008KT,18,09
2013-02-22 23:00:00.000,2013,2,22,23,09010KT,17,09
2013-02-23 00:00:00.000,2013,2,23,0,11003KT,15,09
2013-02-23 01:00:00.000,2013,2,23,1,10005KT,15,09
2013-02-23 02:00:00.000,2013,2,23,2,08006KT,15,09
2013-02-23 03:00:00.000,2013,2,23,3,04006KT,12,09
2013-02-23 04:00:00.000,2013,2,23,4,05006KT,12,09
2013-02-23 05:00:00.000,2013,2,23,5,04004KT,11,09
2013-02-23 06:00:00.000,2013,2,23,6,34005KT,12,09
2013-02-23 07:00:00.000,2013,2,23,7,06006KT,10,08
2013-02-23 08:00:00.000,2013,2,23,8,08003KT,10,08
2013-02-23 09:00:00.000,2013,2,23,9,08004KT,10,09
2013-02-23 10:00:00.000,2013,2,23,10,VRB02KT,90,08
2013-02-23 10:30:00.000,2013,2,23,10,00000KT,09,08
2013-02-23 11:00:00.000,2013,2,23,11,VRB02KT,09,08
2013-02-23 12:00:00.000,2013,2,23,12,04004KT,08,08
2013-02-23 13:00:00.000,2013,2,23,13,04006KT,13,10
2013-02-23 14:00:00.000,2013,2,23,14,05006KT,16,09
2013-02-23 15:00:00.000,2013,2,23,15,03004KT,17,09
2013-02-23 16:00:00.000,2013,2,23,16,07007KT,19,08
2013-02-23 17:00:00.000,2013,2,23,17,15012KT,20,08
2013-02-23 18:00:00.000,2013,2,23,18,11006KT,19,08
2013-02-23 19:00:00.000,2013,2,23,19,14008KT,20,10
2013-02-23 20:00:00.000,2013,2,23,20,18010KT,20,09
2013-02-23 21:00:00.000,2013,2,23,21,18008KT,20,08
2013-02-23 22:00:00.000,2013,2,23,22,15008KT,20,08
2013-02-23 23:00:00.000,2013,2,23,23,21007KT,17,10
2013-02-24 00:00:00.000,2013,2,24,0,VRB02KT,16,11
2013-02-24 01:00:00.000,2013,2,24,1,08008KT,16,09
2013-02-24 02:00:00.000,2013,2,24,2,VRB02KT,16,09
2013-02-24 03:00:00.000,2013,2,24,3,03006KT,15,09
2013-02-24 04:00:00.000,2013,2,24,4,04006KT,15,09
2013-02-24 05:00:00.000,2013,2,24,5,36004KT,14,10
2013-02-24 06:00:00.000,2013,2,24,6,03004KT,13,10
2013-02-24 07:00:00.000,2013,2,24,7,VRB02KT,12,11
2013-02-24 07:30:00.000,2013,2,24,7,04004KT,12,11
2013-02-24 08:00:00.000,2013,2,24,8,VRB02KT,12,11
2013-02-24 09:00:00.000,2013,2,24,9,03004KT,12,11
2013-02-24 10:00:00.000,2013,2,24,10,06004KT,12,11
2013-02-24 11:00:00.000,2013,2,24,11,06004KT,11,10
2013-02-24 12:00:00.000,2013,2,24,12,05007KT,12,11
2013-02-24 13:00:00.000,2013,2,24,13,04005KT,13,11
2013-02-24 14:00:00.000,2013,2,24,14,03005KT,15,10
2013-02-24 15:00:00.000,2013,2,24,15,06004KT,15,11
2013-02-24 16:00:00.000,2013,2,24,16,07006KT,16,11
2013-02-24 17:00:00.000,2013,2,24,17,32004KT,19,16
2013-02-24 18:00:00.000,2013,2,24,18,12012KT,19,09
2013-02-24 19:00:00.000,2013,2,24,19,14010KT,18,09
2013-02-24 20:00:00.000,2013,2,24,20,13009KT,18,10
2013-02-24 21:00:00.000,2013,2,24,21,06008KT,17,09
2013-02-24 22:00:00.000,2013,2,24,22,20005KT,16,12
2013-02-24 23:00:00.000,2013,2,24,23,VRB02KT,15,11
2013-02-25 00:00:00.000,2013,2,25,0,28004KT,14,11
2013-02-25 01:00:00.000,2013,2,25,1,33004KT,13,11
2013-02-25 02:00:00.000,2013,2,25,2,03004KT,12,09
2013-02-25 03:00:00.000,2013,2,25,3,04005KT,12,09
2013-02-25 04:00:00.000,2013,2,25,4,03004KT,12,09
2013-02-25 05:00:00.000,2013,2,25,5,07003KT,12,09
2013-02-25 06:00:00.000,2013,2,25,6,00000KT,12,09
2013-02-25 07:00:00.000,2013,2,25,7,00000KT,12,10
2013-02-25 08:00:00.000,2013,2,25,8,04005KT,12,10
2013-02-25 09:00:00.000,2013,2,25,9,04004KT,11,09
2013-02-25 10:00:00.000,2013,2,25,10,00000KT,11,09
2013-02-25 10:30:00.000,2013,2,25,10,00000KT,11,09
2013-02-25 11:00:00.000,2013,2,25,11,04003KT,11,09
2013-02-25 12:00:00.000,2013,2,25,12,02004KT,12,10
2013-02-25 13:00:00.000,2013,2,25,13,05007KT,15,11
2013-02-25 14:00:00.000,2013,2,25,14,12008KT,17,10
2013-02-25 15:00:00.000,2013,2,25,15,11008KT,18,09
2013-02-25 16:00:00.000,2013,2,25,16,10012KT,18,08
2013-02-25 17:00:00.000,2013,2,25,17,11012KT,16,09
2013-02-25 18:00:00.000,2013,2,25,18,10007KT,17,10
2013-02-25 19:00:00.000,2013,2,25,19,11008KT,16,09
2013-02-25 20:00:00.000,2013,2,25,20,11007KT,16,09
2013-02-25 21:00:00.000,2013,2,25,21,09006KT,16,09
2013-02-25 22:00:00.000,2013,2,25,22,10006KT,16,09
2013-02-25 23:00:00.000,2013,2,25,23,12008KT,15,10
2013-02-26 00:00:00.000,2013,2,26,0,10007KT,14,09
2013-02-26 01:00:00.000,2013,2,26,1,04003KT,12,08
2013-02-26 02:00:00.000,2013,2,26,2,06003KT,10,08
2013-02-26 03:00:00.000,2013,2,26,3,VRB02KT,10,07
2013-02-26 04:00:00.000,2013,2,26,4,VRB02KT,11,07
2013-02-26 05:00:00.000,2013,2,26,5,07004KT,10,07
2013-02-26 06:00:00.000,2013,2,26,6,03004KT,09,06
2013-02-26 07:00:00.000,2013,2,26,7,05004KT,09,06
2013-02-26 08:00:00.000,2013,2,26,8,28003KT,08,07
2013-02-26 09:00:00.000,2013,2,26,9,VRB02KT,07,06
2013-02-26 10:00:00.000,2013,2,26,10,02006KT,06,05
2013-02-26 11:00:00.000,2013,2,26,11,04007KT,07,06
2013-02-26 12:00:00.000,2013,2,26,12,06006KT,09,07
2013-02-26 13:00:00.000,2013,2,26,13,05005KT,12,08
2013-02-26 14:00:00.000,2013,2,26,14,05006KT,15,08
2013-02-26 15:00:00.000,2013,2,26,15,VRB02KT,18,08
2013-02-26 16:00:00.000,2013,2,26,16,VRB02KT,20,08
2013-02-26 17:00:00.000,2013,2,26,17,VRB02KT,18,09
2013-02-26 18:00:00.000,2013,2,26,18,29008KT,19,09
2013-02-26 19:00:00.000,2013,2,26,19,26004KT,20,09
2013-02-26 20:00:00.000,2013,2,26,20,02018KT,17,10
2013-02-26 21:00:00.000,2013,2,26,21,36010KT,17,10
2013-02-26 22:00:00.000,2013,2,26,22,03010KT,18,10
2013-02-26 23:00:00.000,2013,2,26,23,08008KT,17,09
2013-02-27 00:00:00.000,2013,2,27,0,09007KT,17,09
2013-02-27 01:00:00.000,2013,2,27,1,06006KT,16,09
2013-02-27 02:00:00.000,2013,2,27,2,05007KT,16,09
2013-02-27 03:00:00.000,2013,2,27,3,08005KT,13,10
2013-02-27 04:00:00.000,2013,2,27,4,04003KT,12,09
2013-02-27 05:00:00.000,2013,2,27,5,03004KT,11,09
2013-02-27 06:00:00.000,2013,2,27,6,03004KT,11,09
2013-02-27 07:00:00.000,2013,2,27,7,VRB02KT,11,09
2013-02-27 08:00:00.000,2013,2,27,8,V31005KT,11,09
2013-02-27 09:00:00.000,2013,2,27,9,04010KT,12,10
2013-02-27 10:00:00.000,2013,2,27,10,06006KT,12,10
2013-02-27 11:00:00.000,2013,2,27,11,03005KT,12,10
2013-02-27 12:00:00.000,2013,2,27,12,09004KT,13,10
2013-02-27 13:00:00.000,2013,2,27,13,05004KT,15,10
2013-02-27 14:00:00.000,2013,2,27,14,07003KT,18,11
2013-02-27 15:00:00.000,2013,2,27,15,11012KT,19,08
2013-02-27 19:00:00.000,2013,2,27,19,06012KT,18,10
2013-02-27 20:00:00.000,2013,2,27,20,06008KT,,
2013-02-27 21:00:00.000,2013,2,27,21,09010KT,18,09
2013-02-27 22:00:00.000,2013,2,27,22,06008KT,17,10
2013-02-27 23:00:00.000,2013,2,27,23,08008KT,15,09
2013-02-28 00:00:00.000,2013,2,28,0,01006KT,16,10
2013-02-28 01:00:00.000,2013,2,28,1,10004KT,15,10
2013-02-28 02:00:00.000,2013,2,28,2,04006KT,15,10
2013-02-28 03:00:00.000,2013,2,28,3,12006KT,15,10
2013-02-28 04:00:00.000,2013,2,28,4,11006KT,15,10
2013-02-28 05:00:00.000,2013,2,28,5,VRB02KT,14,10
2013-02-28 06:00:00.000,2013,2,28,6,09004KT,14,10
2013-02-28 07:00:00.000,2013,2,28,7,00000KT,13,11
2013-02-28 08:00:00.000,2013,2,28,8,00000KT,13,10
2013-02-28 09:00:00.000,2013,2,28,9,13008KT,13,11
2013-02-28 10:00:00.000,2013,2,28,10,12006KT,13,10
2013-02-28 11:00:00.000,2013,2,28,11,VRB02KT,12,08
2013-02-28 12:00:00.000,2013,2,28,12,33004KT,13,09
2013-02-28 13:00:00.000,2013,2,28,13,14004KT,15,10
2013-02-28 14:00:00.000,2013,2,28,14,15006KT,17,07
2013-02-28 15:00:00.000,2013,2,28,15,09010KT,17,08
2013-02-28 16:00:00.000,2013,2,28,16,11008KT,18,09
2013-02-28 17:00:00.000,2013,2,28,17,16004KT,19,08
2013-02-28 18:00:00.000,2013,2,28,18,09007KT,16,10
2013-02-28 20:00:00.000,2013,2,28,20,11005KT,18,10
2013-02-28 21:00:00.000,2013,2,28,21,27006KT,17,11
2013-02-28 22:00:00.000,2013,2,28,22,26005KT,15,12
2013-02-28 23:00:00.000,2013,2,28,23,03005KT,14,12
2013-03-01 00:00:00.000,2013,3,1,0,35003KT,13,12
2013-03-01 01:00:00.000,2013,3,1,1,36004KT,12,11
2013-03-01 02:00:00.000,2013,3,1,2,02005KT,13,11
2013-03-01 03:00:00.000,2013,3,1,3,01003KT,13,10
2013-03-01 04:00:00.000,2013,3,1,4,02004KT,13,10
2013-03-01 05:00:00.000,2013,3,1,5,00000KT,13,10
2013-03-01 06:00:00.000,2013,3,1,6,30004KT,12,10
2013-03-01 07:00:00.000,2013,3,1,7,VRB02KT,12,10
2013-03-01 08:00:00.000,2013,3,1,8,36005KT,12,11
2013-03-01 09:00:00.000,2013,3,1,9,01003KT,12,11
2013-03-01 10:00:00.000,2013,3,1,10,01004KT,12,11
2013-03-01 11:00:00.000,2013,3,1,11,03004KT,12,11
2013-03-01 12:00:00.000,2013,3,1,12,05006KT,12,11
2013-03-01 13:00:00.000,2013,3,1,13,05008KT,13,11
2013-03-01 14:00:00.000,2013,3,1,14,03006KT,15,12
2013-03-01 15:00:00.000,2013,3,1,15,04010KT,15,12
2013-03-01 16:00:00.000,2013,3,1,16,02008KT,16,11
2013-03-01 17:00:00.000,2013,3,1,17,14014KT,18,11
2013-03-01 18:00:00.000,2013,3,1,18,13012KT,19,07
2013-03-01 19:00:00.000,2013,3,1,19,10010KT,17,09
2013-03-01 20:00:00.000,2013,3,1,20,09008KT,18,08
2013-03-01 21:00:00.000,2013,3,1,21,11006KT,18,09
2013-03-01 22:00:00.000,2013,3,1,22,12012KT,17,08
2013-03-01 23:00:00.000,2013,3,1,23,10006KT,17,08
2013-03-02 00:00:00.000,2013,3,2,0,07005KT,16,09
2013-03-02 01:00:00.000,2013,3,2,1,04005KT,12,08
2013-03-02 02:00:00.000,2013,3,2,2,05008KT,11,08
2013-03-02 03:00:00.000,2013,3,2,3,05007KT,11,08
2013-03-02 04:00:00.000,2013,3,2,4,05006KT,11,08
2013-03-02 05:00:00.000,2013,3,2,5,03006KT,11,08
2013-03-02 06:00:00.000,2013,3,2,6,04005KT,12,09
2013-03-02 07:00:00.000,2013,3,2,7,36003KT,11,09
2013-03-02 08:00:00.000,2013,3,2,8,05006KT,10,08
2013-03-02 09:00:00.000,2013,3,2,9,01003KT,10,09
2013-03-02 10:00:00.000,2013,3,2,10,03006KT,10,09
2013-03-02 11:00:00.000,2013,3,2,11,06005KT,10,08
2013-03-02 12:00:00.000,2013,3,2,12,05005KT,11,08
2013-03-02 13:00:00.000,2013,3,2,13,05006KT,13,09
2013-03-02 14:00:00.000,2013,3,2,14,34004KT,15,08
2013-03-02 15:00:00.000,2013,3,2,15,10005KT,17,07
2013-03-02 16:00:00.000,2013,3,2,16,13011KT,18,07
2013-03-02 17:00:00.000,2013,3,2,17,15012KT,18,08
2013-03-02 18:00:00.000,2013,3,2,18,14008KT,18,08
2013-03-02 19:00:00.000,2013,3,2,19,16012KT,20,07
2013-03-02 20:00:00.000,2013,3,2,20,15012KT,21,07
2013-03-02 21:00:00.000,2013,3,2,21,09010KT,19,07
2013-03-02 22:00:00.000,2013,3,2,22,04010KT,18,07
2013-03-02 23:00:00.000,2013,3,2,23,03007KT,17,08
2013-03-03 00:00:00.000,2013,3,3,0,04005KT,15,09
2013-03-03 01:00:00.000,2013,3,3,1,03003KT,14,08
2013-03-03 02:00:00.000,2013,3,3,2,VRB02KT,12,08
2013-03-03 03:00:00.000,2013,3,3,3,VRB02KT,10,08
2013-03-03 04:00:00.000,2013,3,3,4,VRB02KT,11,07
2013-03-03 05:00:00.000,2013,3,3,5,VRB02KT,10,06
2013-03-03 06:00:00.000,2013,3,3,6,30005KT,08,05
2013-03-03 07:00:00.000,2013,3,3,7,04004KT,08,06
2013-03-03 08:00:00.000,2013,3,3,8,02004KT,09,06
2013-03-03 09:00:00.000,2013,3,3,9,04005KT,09,07
2013-03-03 10:00:00.000,2013,3,3,10,04005KT,10,07
2013-03-03 11:00:00.000,2013,3,3,11,05004KT,09,07
2013-03-03 12:00:00.000,2013,3,3,12,04008KT,10,08
2013-03-03 13:00:00.000,2013,3,3,13,04006KT,12,08
2013-03-03 14:00:00.000,2013,3,3,14,03006KT,14,09
2013-03-03 15:00:00.000,2013,3,3,15,03010KT,14,09
2013-03-03 16:00:00.000,2013,3,3,16,02006KT,15,09
2013-03-03 17:00:00.000,2013,3,3,17,01008KT,15,09
2013-03-03 18:00:00.000,2013,3,3,18,32005KT,16,08
2013-03-03 19:00:00.000,2013,3,3,19,33003KT,16,08
2013-03-03 20:00:00.000,2013,3,3,20,02005KT,16,09
2013-03-03 21:00:00.000,2013,3,3,21,05003KT,17,08
2013-03-03 22:00:00.000,2013,3,3,22,36005KT,18,08
2013-03-03 23:00:00.000,2013,3,3,23,36003KT,17,09
2013-03-04 00:00:00.000,2013,3,4,0,24006KT,14,12
2013-03-04 01:00:00.000,2013,3,4,1,VRB02KT,14,11
2013-03-04 02:00:00.000,2013,3,4,2,03003KT,13,11
2013-03-04 03:00:00.000,2013,3,4,3,34004KT,12,10
2013-03-04 04:00:00.000,2013,3,4,4,31003KT,12,11
2013-03-04 05:00:00.000,2013,3,4,5,31004KT,12,11
2013-03-04 06:00:00.000,2013,3,4,6,32003KT,11,10
2013-03-04 07:00:00.000,2013,3,4,7,33003KT,11,10
2013-03-04 08:00:00.000,2013,3,4,8,VRB02KT,11,10
2013-03-04 09:00:00.000,2013,3,4,9,VRB02KT,11,10
2013-03-04 10:00:00.000,2013,3,4,10,02003KT,11,10
2013-03-04 10:30:00.000,2013,3,4,10,VRB02KT,11,10
2013-03-04 11:00:00.000,2013,3,4,11,VRB02KT,11,10
2013-03-04 12:00:00.000,2013,3,4,12,25003KT,11,10
2013-03-04 13:00:00.000,2013,3,4,13,04003KT,14,10
2013-03-04 14:00:00.000,2013,3,4,14,04004KT,14,11
2013-03-04 14:10:00.000,2013,3,4,14,05005KT,13,11
2013-03-04 15:00:00.000,2013,3,4,15,05005KT,,
2013-03-04 16:00:00.000,2013,3,4,16,07005KT,15,11
2013-03-04 17:00:00.000,2013,3,4,17,13005KT,17,11
2013-03-04 18:00:00.000,2013,3,4,18,05009KT,18,11
2013-03-04 19:00:00.000,2013,3,4,19,04008KT,18,11
2013-03-04 20:00:00.000,2013,3,4,20,07009KT,14,11
2013-03-04 21:00:00.000,2013,3,4,21,06005KT,15,10
2013-03-04 22:00:00.000,2013,3,4,22,04006KT,15,10
2013-03-04 23:00:00.000,2013,3,4,23,05005KT,14,10
2013-03-05 00:00:00.000,2013,3,5,0,35003KT,14,09
2013-03-05 01:00:00.000,2013,3,5,1,VRB02KT,14,09
2013-03-05 02:00:00.000,2013,3,5,2,VRB02KT,13,10
2013-03-05 03:00:00.000,2013,3,5,3,03004KT,13,10
2013-03-05 04:00:00.000,2013,3,5,4,05004KT,13,09
2013-03-05 05:00:00.000,2013,3,5,5,04004KT,13,09
2013-03-05 06:00:00.000,2013,3,5,6,VRB02KT,13,09
2013-03-05 07:00:00.000,2013,3,5,7,01003KT,13,10
2013-03-05 08:00:00.000,2013,3,5,8,34004KT,16,10
2013-03-05 09:00:00.000,2013,3,5,9,36004KT,13,10
2013-03-05 10:00:00.000,2013,3,5,10,32003KT,13,09
2013-03-05 10:30:00.000,2013,3,5,10,05004KT,13,09
2013-03-05 11:00:00.000,2013,3,5,11,05004KT,13,09
2013-03-05 12:00:00.000,2013,3,5,12,07005KT,14,09
2013-03-05 13:00:00.000,2013,3,5,13,08005KT,15,10
2013-03-05 14:00:00.000,2013,3,5,14,07008KT,17,10
2013-03-05 15:00:00.000,2013,3,5,15,11010KT,18,09
2013-03-05 16:00:00.000,2013,3,5,16,10012KT,19,09
2013-03-05 17:00:00.000,2013,3,5,17,12013KT,19,08
2013-03-05 18:00:00.000,2013,3,5,18,12010KT,19,08
2013-03-05 19:00:00.000,2013,3,5,19,13010KT,19,08
2013-03-05 20:00:00.000,2013,3,5,20,12007KT,20,08
2013-03-05 21:00:00.000,2013,3,5,21,14008KT,20,08
2013-03-05 22:00:00.000,2013,3,5,22,10010KT,19,08
2013-03-05 23:00:00.000,2013,3,5,23,27007KT,17,12
2013-03-06 00:00:00.000,2013,3,6,0,30010KT,15,11
2013-03-06 01:00:00.000,2013,3,6,1,07005KT,16,09
2013-03-06 02:00:00.000,2013,3,6,2,06006KT,16,09
2013-03-06 03:00:00.000,2013,3,6,3,06007KT,15,09
2013-03-06 04:00:00.000,2013,3,6,4,03006KT,15,10
2013-03-06 05:00:00.000,2013,3,6,5,06008KT,14,09
2013-03-06 06:00:00.000,2013,3,6,6,09006KT,15,09
2013-03-06 07:00:00.000,2013,3,6,7,04005KT,13,10
2013-03-06 08:00:00.000,2013,3,6,8,02006KT,12,09
2013-03-06 09:00:00.000,2013,3,6,9,01004KT,13,10
2013-03-06 10:00:00.000,2013,3,6,10,04006KT,12,10
2013-03-06 11:00:00.000,2013,3,6,11,32004KT,13,09
2013-03-06 12:00:00.000,2013,3,6,12,VRB02KT,13,09
2013-03-06 13:00:00.000,2013,3,6,13,04005KT,15,10
2013-03-06 14:00:00.000,2013,3,6,14,03005KT,16,11
2013-03-06 15:00:00.000,2013,3,6,15,10009KT,19,10
2013-03-06 16:00:00.000,2013,3,6,16,14010KT,19,09
2013-03-06 17:00:00.000,2013,3,6,17,13014KT,19,08
2013-03-06 18:00:00.000,2013,3,6,18,11008KT,19,07
2013-03-06 19:00:00.000,2013,3,6,19,10008KT,19,06
2013-03-06 20:00:00.000,2013,3,6,20,11008KT,19,08
2013-03-06 21:00:00.000,2013,3,6,21,12012KT,20,09
2013-03-06 22:00:00.000,2013,3,6,22,07009KT,20,08
2013-03-06 23:00:00.000,2013,3,6,23,09010KT,18,09
2013-03-07 00:00:00.000,2013,3,7,0,13006KT,16,12
2013-03-07 01:00:00.000,2013,3,7,1,24006KT,14,11
2013-03-07 02:00:00.000,2013,3,7,2,34004KT,13,10
2013-03-07 03:00:00.000,2013,3,7,3,02006KT,14,10
2013-03-07 04:00:00.000,2013,3,7,4,02006KT,13,10
2013-03-07 05:00:00.000,2013,3,7,5,04006KT,12,10
2013-03-07 06:00:00.000,2013,3,7,6,34004KT,12,10
2013-03-07 07:00:00.000,2013,3,7,7,05006KT,13,10
2013-03-07 08:00:00.000,2013,3,7,8,05006KT,13,09
2013-03-07 09:00:00.000,2013,3,7,9,05006KT,13,10
2013-03-07 10:00:00.000,2013,3,7,10,09004KT,13,10
2013-03-07 11:00:00.000,2013,3,7,11,06006KT,12,09
2013-03-07 12:00:00.000,2013,3,7,12,05004KT,13,09
2013-03-07 13:00:00.000,2013,3,7,13,03008KT,14,09
2013-03-07 14:00:00.000,2013,3,7,14,35006KT,17,09
2013-03-07 15:00:00.000,2013,3,7,15,09012KT,19,09
2013-03-07 16:00:00.000,2013,3,7,16,110008KT,21,06
2013-03-07 17:00:00.000,2013,3,7,17,11010KT,21,08
2013-03-07 18:00:00.000,2013,3,7,18,16012KT,20,06
2013-03-07 19:00:00.000,2013,3,7,19,26012KT,19,12
2013-03-07 20:00:00.000,2013,3,7,20,28013KT,18,12
2013-03-07 21:00:00.000,2013,3,7,21,27012KT,18,13
2013-03-07 22:00:00.000,2013,3,7,22,26012KT,16,12
2013-03-07 23:00:00.000,2013,3,7,23,27006KT,14,11
2013-03-08 00:00:00.000,2013,3,8,0,10007KT,17,08
2013-03-08 01:00:00.000,2013,3,8,1,VRB02KT,15,11
2013-03-08 02:00:00.000,2013,3,8,2,VRB02KT,13,11
2013-03-08 03:00:00.000,2013,3,8,3,03007KT,14,11
2013-03-08 04:00:00.000,2013,3,8,4,VRB02KT,13,10
2013-03-08 05:00:00.000,2013,3,8,5,04008KT,13,10
2013-03-08 06:00:00.000,2013,3,8,6,03004KT,13,10
2013-03-08 07:00:00.000,2013,3,8,7,04003KT,11,10
2013-03-08 08:00:00.000,2013,3,8,8,03004KT,10,09
2013-03-08 09:00:00.000,2013,3,8,9,VRB02KT,09,08
2013-03-08 10:00:00.000,2013,3,8,10,02006KT,09,08
2013-03-08 10:30:00.000,2013,3,8,10,06006KT,11,09
2013-03-08 11:00:00.000,2013,3,8,11,00000KT,11,10
2013-03-08 12:00:00.000,2013,3,8,12,03004KT,12,10
2013-03-08 13:00:00.000,2013,3,8,13,06008KT,14,11
2013-03-08 14:00:00.000,2013,3,8,14,02010KT,15,11
2013-03-08 15:00:00.000,2013,3,8,15,11004KT,17,10
2013-03-08 16:00:00.000,2013,3,8,16,11004KT,18,10
2013-03-08 17:00:00.000,2013,3,8,17,13008KT,19,10
2013-03-08 18:00:00.000,2013,3,8,18,11008KT,20,09
2013-03-08 19:00:00.000,2013,3,8,19,13014KT,19,08
2013-03-08 20:00:00.000,2013,3,8,20,15016KT,20,08
2013-03-08 21:00:00.000,2013,3,8,21,13010KT,18,09
2013-03-08 22:00:00.000,2013,3,8,22,15008KT,18,09
2013-03-08 23:00:00.000,2013,3,8,23,08006KT,18,09
2013-03-09 00:00:00.000,2013,3,9,0,10007KT,17,08
2013-03-09 01:00:00.000,2013,3,9,1,06004KT,16,09
2013-03-09 02:00:00.000,2013,3,9,2,05005KT,16,10
2013-03-09 03:00:00.000,2013,3,9,3,01006KT,14,09
2013-03-09 04:00:00.000,2013,3,9,4,02004KT,14,09
2013-03-09 05:00:00.000,2013,3,9,5,VRB02KT,14,09
2013-03-09 06:00:00.000,2013,3,9,6,03006KT,11,09
2013-03-09 07:00:00.000,2013,3,9,7,03003KT,12,09
2013-03-09 08:00:00.000,2013,3,9,8,VRB02KT,12,10
2013-03-09 09:00:00.000,2013,3,9,9,03003KT,12,10
2013-03-09 10:00:00.000,2013,3,9,10,03004KT,13,10
2013-03-09 10:30:00.000,2013,3,9,10,03005KT,13,10
2013-03-09 11:00:00.000,2013,3,9,11,04005KT,13,10
2013-03-09 12:00:00.000,2013,3,9,12,02006KT,14,10
2013-03-09 13:00:00.000,2013,3,9,13,03005KT,14,11
2013-03-09 14:00:00.000,2013,3,9,14,02006KT,15,11
2013-03-09 15:00:00.000,2013,3,9,15,11003KT,16,11
2013-03-09 16:00:00.000,2013,3,9,16,20003KT,17,11
2013-03-09 17:00:00.000,2013,3,9,17,15008KT,18,10
2013-03-09 18:00:00.000,2013,3,9,18,15012KT,18,10
2013-03-09 19:00:00.000,2013,3,9,19,14015KT,17,10
2013-03-09 20:00:00.000,2013,3,9,20,16010KT,18,09
2013-03-09 21:00:00.000,2013,3,9,21,02008KT,17,11
2013-03-09 22:00:00.000,2013,3,9,22,02006KT,16,11
2013-03-09 23:00:00.000,2013,3,9,23,01006KT,16,11
2013-03-10 00:00:00.000,2013,3,10,0,04004KT,14,10
2013-03-10 01:00:00.000,2013,3,10,1,06006KT,14,10
2013-03-10 02:00:00.000,2013,3,10,2,03004KT,14,11
2013-03-10 03:00:00.000,2013,3,10,3,07006KT,14,10
2013-03-10 04:00:00.000,2013,3,10,4,01004KT,12,09
2013-03-10 05:00:00.000,2013,3,10,5,VRB02KT,10,09
2013-03-10 06:00:00.000,2013,3,10,6,01004KT,08,07
2013-03-10 07:00:00.000,2013,3,10,7,34004KT,09,08
2013-03-10 08:00:00.000,2013,3,10,8,00000KT,08,08
2013-03-10 09:00:00.000,2013,3,10,9,01004KT,07,07
2013-03-10 10:00:00.000,2013,3,10,10,31004KT,07,07
2013-03-10 11:00:00.000,2013,3,10,11,VRB02KT,08,08
2013-03-10 12:00:00.000,2013,3,10,12,VRB02KT,10,09
2013-03-10 12:40:00.000,2013,3,10,12,04004KT,12,11
2013-03-10 13:00:00.000,2013,3,10,13,02007KT,12,11
2013-03-10 14:00:00.000,2013,3,10,14,02008KT,14,11
2013-03-10 15:00:00.000,2013,3,10,15,06009KT,17,11
2013-03-10 16:00:00.000,2013,3,10,16,17015KT,18,09
2013-03-10 17:00:00.000,2013,3,10,17,17015KT,19,09
2013-03-10 18:00:00.000,2013,3,10,18,14011KT,20,10
2013-03-10 19:00:00.000,2013,3,10,19,15014KT,19,09
2013-03-10 20:00:00.000,2013,3,10,20,12010KT,18,10
2013-03-10 21:00:00.000,2013,3,10,21,12010KT,17,09
2013-03-10 22:00:00.000,2013,3,10,22,06010KT,16,11
2013-03-10 23:00:00.000,2013,3,10,23,05006KT,15,10
2013-03-11 00:00:00.000,2013,3,11,0,05005KT,13,10
2013-03-11 01:00:00.000,2013,3,11,1,06006KT,12,09
2013-03-11 02:00:00.000,2013,3,11,2,03005KT,10,07
2013-03-11 03:00:00.000,2013,3,11,3,03006KT,09,08
2013-03-11 04:00:00.000,2013,3,11,4,04003KT,10,08
2013-03-11 05:00:00.000,2013,3,11,5,05005KT,10,09
2013-03-11 06:00:00.000,2013,3,11,6,02003KT,10,09
2013-03-11 07:00:00.000,2013,3,11,7,12003KT,08,07
2013-03-11 08:00:00.000,2013,3,11,8,33004KT,07,06
2013-03-11 09:00:00.000,2013,3,11,9,03004KT,08,07
2013-03-11 10:00:00.000,2013,3,11,10,30003KT,06,05
2013-03-11 10:30:00.000,2013,3,11,10,33003KT,05,04
2013-03-11 11:00:00.000,2013,3,11,11,VRB02KT,05,04
2013-03-11 12:00:00.000,2013,3,11,12,VRB02KT,09,09
2013-03-11 13:00:00.000,2013,3,11,13,04004KT,11,10
2013-03-11 13:30:00.000,2013,3,11,13,06006KT,14,11
2013-03-11 14:00:00.000,2013,3,11,14,02008KT,16,11
2013-03-11 15:00:00.000,2013,3,11,15,10006KT,17,11
2013-03-11 16:00:00.000,2013,3,11,16,11016KT,19,07
2013-03-11 17:00:00.000,2013,3,11,17,15010KT,20,08
2013-03-11 18:00:00.000,2013,3,11,18,11007KT,21,08
2013-03-11 19:00:00.000,2013,3,11,19,23010KT,22,05
2013-03-11 20:00:00.000,2013,3,11,20,24013KT,18,12
2013-03-11 21:00:00.000,2013,3,11,21,25010KT,17,12
2013-03-11 22:00:00.000,2013,3,11,22,27010KT,18,11
2013-03-11 23:00:00.000,2013,3,11,23,27006KT,16,11
2013-03-12 00:00:00.000,2013,3,12,0,01003KT,14,09
2013-03-12 01:00:00.000,2013,3,12,1,VRB02KT,13,09
2013-03-12 02:00:00.000,2013,3,12,2,00000KT,12,09
2013-03-12 03:00:00.000,2013,3,12,3,VRB02KT,11,10
2013-03-12 04:00:00.000,2013,3,12,4,04003KT,10,09
2013-03-12 05:00:00.000,2013,3,12,5,35004KT,10,09
2013-03-12 06:00:00.000,2013,3,12,6,00000KT,10,09
2013-03-12 07:00:00.000,2013,3,12,7,36003KT,12,11
2013-03-12 08:00:00.000,2013,3,12,8,36003KT,12,11
2013-03-12 09:00:00.000,2013,3,12,9,06004KT,11,09
2013-03-12 10:00:00.000,2013,3,12,10,04004KT,10,09
2013-03-12 10:30:00.000,2013,3,12,10,04003KT,10,09
2013-03-12 11:00:00.000,2013,3,12,11,35003KT,10,09
2013-03-12 12:00:00.000,2013,3,12,12,03003KT,10,09
2013-03-12 13:00:00.000,2013,3,12,13,07006KT,15,11
2013-03-12 14:00:00.000,2013,3,12,14,05004KT,16,10
2013-03-12 15:00:00.000,2013,3,12,15,06008KT,18,09
2013-03-12 16:00:00.000,2013,3,12,16,05005KT,20,10
2013-03-12 17:00:00.000,2013,3,12,17,36005KT,19,09
2013-03-12 18:00:00.000,2013,3,12,18,VRB02KT,17,11
2013-03-12 19:00:00.000,2013,3,12,19,12003KT,16,12
2013-03-12 20:00:00.000,2013,3,12,20,04006KT,17,11
2013-03-12 21:00:00.000,2013,3,12,21,13004KT,17,11
2013-03-12 22:00:00.000,2013,3,12,22,16006KT,17,10
2013-03-12 23:00:00.000,2013,3,12,23,12004KT,16,11
2013-03-13 00:00:00.000,2013,3,13,0,13008KT,16,09
2013-03-13 01:00:00.000,2013,3,13,1,VRB02KT,14,10
2013-03-13 02:00:00.000,2013,3,13,2,VRB02KT,13,09
2013-03-13 03:00:00.000,2013,3,13,3,02006KT,14,10
2013-03-13 04:00:00.000,2013,3,13,4,34004KT,14,10
2013-03-13 05:00:00.000,2013,3,13,5,VRB02KT,13,10
2013-03-13 06:00:00.000,2013,3,13,6,VRB02KT,13,11
2013-03-13 07:00:00.000,2013,3,13,7,VRB02KT,12,10
2013-03-13 08:00:00.000,2013,3,13,8,VRB02KT,09,09
2013-03-13 09:00:00.000,2013,3,13,9,30004KT,08,08
2013-03-13 10:00:00.000,2013,3,13,10,VRB02KT,09,09
2013-03-13 10:30:00.000,2013,3,13,10,VRB02KT,09,09
2013-03-13 11:00:00.000,2013,3,13,11,04004KT,10,10
2013-03-13 12:00:00.000,2013,3,13,12,04006KT,12,10
2013-03-13 13:00:00.000,2013,3,13,13,06008KT,13,10
2013-03-13 14:00:00.000,2013,3,13,14,06009KT,15,10
2013-03-13 15:00:00.000,2013,3,13,15,04005KT,15,10
2013-03-13 16:00:00.000,2013,3,13,16,18005KT,18,11
2013-03-13 17:00:00.000,2013,3,13,17,11009KT,20,08
2013-03-13 18:00:00.000,2013,3,13,18,10008KT,20,08
2013-03-13 19:00:00.000,2013,3,13,19,09007KT,20,08
2013-03-13 20:00:00.000,2013,3,13,20,06009KT,20,09
2013-03-13 21:00:00.000,2013,3,13,21,10005KT,19,09
2013-03-13 22:00:00.000,2013,3,13,22,10003KT,19,09
2013-03-13 23:00:00.000,2013,3,13,23,11005KT,18,08
2013-03-14 00:00:00.000,2013,3,14,0,22006KT,15,12
2013-03-14 01:00:00.000,2013,3,14,1,00000KT,12,11
2013-03-14 02:00:00.000,2013,3,14,2,00000KT,14,12
2013-03-14 03:00:00.000,2013,3,14,3,00000KT,11,10
2013-03-14 04:00:00.000,2013,3,14,4,VRB02KT,11,10
2013-03-14 05:00:00.000,2013,3,14,5,02004KT,11,10
2013-03-14 06:00:00.000,2013,3,14,6,01003KT,11,10
2013-03-14 07:00:00.000,2013,3,14,7,02005KT,11,10
2013-03-14 08:00:00.000,2013,3,14,8,02003KT,11,09
2013-03-14 09:00:00.000,2013,3,14,9,05004KT,11,10
2013-03-14 10:00:00.000,2013,3,14,10,02004KT,09,08
2013-03-14 10:30:00.000,2013,3,14,10,02003KT,10,09
2013-03-14 11:00:00.000,2013,3,14,11,VRB02KT,10,09
2013-03-14 12:00:00.000,2013,3,14,12,05005KT,10,09
2013-03-14 13:00:00.000,2013,3,14,13,04005KT,15,10
2013-03-14 14:00:00.000,2013,3,14,14,02003KT,17,10
2013-03-14 15:00:00.000,2013,3,14,15,02005KT,19,10
2013-03-14 16:00:00.000,2013,3,14,16,05005KT,18,10
2013-03-14 17:00:00.000,2013,3,14,17,23009KT,16,12
2013-03-14 18:00:00.000,2013,3,14,18,24010KT,18,12
2013-03-14 19:00:00.000,2013,3,14,19,20006KT,19,12
2013-03-14 20:00:00.000,2013,3,14,20,18007KT,19,11
2013-03-14 21:00:00.000,2013,3,14,21,23008KT,18,12
2013-03-14 22:00:00.000,2013,3,14,22,23008KT,18,12
2013-03-14 23:00:00.000,2013,3,14,23,24006KT,16,13
2013-03-15 00:00:00.000,2013,3,15,0,23010KT,16,13
2013-03-15 01:00:00.000,2013,3,15,1,VRB02KT,14,12
2013-03-15 02:00:00.000,2013,3,15,2,VRB02KT,14,12
2013-03-15 03:00:00.000,2013,3,15,3,VRB02KT,14,12
2013-03-15 04:00:00.000,2013,3,15,4,04010KT,13,11
2013-03-15 05:00:00.000,2013,3,15,5,05008KT,13,12
2013-03-15 06:00:00.000,2013,3,15,6,04008KT,13,12
2013-03-15 06:20:00.000,2013,3,15,6,06008KT,13,12
2013-03-15 07:00:00.000,2013,3,15,7,06008KT,13,11
2013-03-15 10:00:00.000,2013,3,15,10,26008KT,13,11
2013-03-15 10:28:00.000,2013,3,15,10,35005KT,13,11
2013-03-15 11:00:00.000,2013,3,15,11,33003KT,12,11
2013-03-15 12:00:00.000,2013,3,15,12,33006KT,12,11
2013-03-15 13:00:00.000,2013,3,15,13,04003KT,13,11
2013-03-15 14:00:00.000,2013,3,15,14,01003KT,13,11
2013-03-15 15:00:00.000,2013,3,15,15,01006KT,13,12
2013-03-15 16:00:00.000,2013,3,15,16,05004KT,14,12
2013-03-15 17:00:00.000,2013,3,15,17,03003KT,14,12
2013-03-15 18:00:00.000,2013,3,15,18,15004KT,15,12
2013-03-15 19:00:00.000,2013,3,15,19,22006KT,15,13
2013-03-15 20:00:00.000,2013,3,15,20,17012KT,15,13
2013-03-15 21:00:00.000,2013,3,15,21,29006KT,15,12
2013-03-15 22:00:00.000,2013,3,15,22,33004KT,15,12
2013-03-15 23:00:00.000,2013,3,15,23,11009KT,16,11
2013-03-16 00:00:00.000,2013,3,16,0,31012KT,13,12
2013-03-16 01:00:00.000,2013,3,16,1,18007KT,13,11
2013-03-16 02:00:00.000,2013,3,16,2,13006KT,13,11
2013-03-16 03:00:00.000,2013,3,16,3,VRB02KT,13,11
2013-03-16 04:00:00.000,2013,3,16,4,333003KT,10,09
2013-03-16 05:00:00.000,2013,3,16,5,VRB02KT,10,09
2013-03-16 06:00:00.000,2013,3,16,6,30004KT,09,08
2013-03-16 07:00:00.000,2013,3,16,7,01005KT,09,08
2013-03-16 08:00:00.000,2013,3,16,8,VRB02KT,09,08
2013-03-16 09:00:00.000,2013,3,16,9,04004KT,10,09
2013-03-16 10:00:00.000,2013,3,16,10,03004KT,11,10
2013-03-16 10:30:00.000,2013,3,16,10,05005KT,11,09
2013-03-16 11:00:00.000,2013,3,16,11,05003KT,11,09
2013-03-16 12:00:00.000,2013,3,16,12,02005KT,12,10
2013-03-16 13:00:00.000,2013,3,16,13,01004KT,13,10
2013-03-16 14:00:00.000,2013,3,16,14,02006KT,15,10
2013-03-16 15:00:00.000,2013,3,16,15,02008KT,16,11
2013-03-16 16:00:00.000,2013,3,16,16,12007KT,18,10
2013-03-16 17:00:00.000,2013,3,16,17,09008KT,18,09
2013-03-16 18:00:00.000,2013,3,16,18,11010KT,20,09
2013-03-16 19:00:00.000,2013,3,16,19,15007KT,20,09
2013-03-16 20:00:00.000,2013,3,16,20,20008KT,20,12
2013-03-16 21:00:00.000,2013,3,16,21,21012KT,18,13
2013-03-16 22:00:00.000,2013,3,16,22,21009KT,16,13
2013-03-16 23:00:00.000,2013,3,16,23,28007KT,16,12
2013-03-17 00:00:00.000,2013,3,17,0,31006KT,13,12
2013-03-17 01:00:00.000,2013,3,17,1,31003KT,13,11
2013-03-17 02:00:00.000,2013,3,17,2,VRB02KT,13,11
2013-03-17 03:00:00.000,2013,3,17,3,02003KT,13,11
2013-03-17 04:00:00.000,2013,3,17,4,VRB02KT,12,11
2013-03-17 05:00:00.000,2013,3,17,5,34003KT,12,11
2013-03-17 06:00:00.000,2013,3,17,6,VRB02KT,12,11
2013-03-17 07:00:00.000,2013,3,17,7,VRB02KT,12,11
2013-03-17 08:00:00.000,2013,3,17,8,VRB02KT,13,11
2013-03-17 09:00:00.000,2013,3,17,9,30004KT,12,11
2013-03-17 09:30:00.000,2013,3,17,9,VRB02KT,12,11
2013-03-17 10:00:00.000,2013,3,17,10,VRB02KT,12,11
2013-03-17 10:30:00.000,2013,3,17,10,VRB02KT,12,11
2013-03-17 11:00:00.000,2013,3,17,11,34004KT,12,11
2013-03-17 12:00:00.000,2013,3,17,12,VRB02KT,12,12
2013-03-17 13:00:00.000,2013,3,17,13,02007KT,14,12
2013-03-17 14:00:00.000,2013,3,17,14,04005KT,15,11
2013-03-17 15:00:00.000,2013,3,17,15,04008KT,16,12
2013-03-17 16:00:00.000,2013,3,17,16,03008KT,18,11
2013-03-17 17:00:00.000,2013,3,17,17,22006KT,18,11
2013-03-17 18:00:00.000,2013,3,17,18,20010KT,17,11
2013-03-17 19:00:00.000,2013,3,17,19,VRB02KT,18,12
2013-03-17 20:00:00.000,2013,3,17,20,VRB02KT,20,10
2013-03-17 21:00:00.000,2013,3,17,21,21007KT,19,10
2013-03-17 22:00:00.000,2013,3,17,22,33004KT,16,13
2013-03-17 23:00:00.000,2013,3,17,23,31009KT,14,13
2013-03-18 00:00:00.000,2013,3,18,0,33009KT,12,10
2013-03-18 01:00:00.000,2013,3,18,1,31010KT,12,09
2013-03-18 02:00:00.000,2013,3,18,2,34003KT,11,10
2013-03-18 03:00:00.000,2013,3,18,3,34003KT,11,10
2013-03-18 04:00:00.000,2013,3,18,4,VRB02KT,11,10
2013-03-18 05:00:00.000,2013,3,18,5,26003KT,11,09
2013-03-18 06:00:00.000,2013,3,18,6,00000KT,11,10
2013-03-18 07:00:00.000,2013,3,18,7,VRB02KT,11,10
2013-03-18 08:00:00.000,2013,3,18,8,000000KT,11,10
2013-03-18 09:00:00.000,2013,3,18,9,34003KT,11,10
2013-03-18 10:00:00.000,2013,3,18,10,VRB02KT,11,10
2013-03-18 10:00:00.000,2013,3,18,10,06004KT,11,10
2013-03-18 10:30:00.000,2013,3,18,10,06004KT,11,10
2013-03-18 11:00:00.000,2013,3,18,11,00000KT,11,11
2013-03-18 12:00:00.000,2013,3,18,12,00000KT,12,11
2013-03-18 13:00:00.000,2013,3,18,13,04005KT,14,12
2013-03-18 14:00:00.000,2013,3,18,14,00000KT,17,11
2013-03-18 15:00:00.000,2013,3,18,15,09004KT,19,11
2013-03-18 16:00:00.000,2013,3,18,16,30006KT,20,11
2013-03-18 17:00:00.000,2013,3,18,17,05011KT,19,09
2013-03-18 18:00:00.000,2013,3,18,18,22014KT,16,12
2013-03-18 19:00:00.000,2013,3,18,19,18007KT,18,10
2013-03-18 20:00:00.000,2013,3,18,20,23003KT,18,12
2013-03-18 21:00:00.000,2013,3,18,21,34004KT,17,11
2013-03-18 22:00:00.000,2013,3,18,22,33007KT,17,12
2013-03-18 23:00:00.000,2013,3,18,23,25005KT,15,13
2013-03-19 00:00:00.000,2013,3,19,0,27004KT,15,12
2013-03-19 01:00:00.000,2013,3,19,1,VRB02KT,14,12
2013-03-19 02:00:00.000,2013,3,19,2,25005KT,14,11
2013-03-19 03:00:00.000,2013,3,19,3,27004KT,14,12
2013-03-19 04:00:00.000,2013,3,19,4,35004KT,13,12
2013-03-19 05:00:00.000,2013,3,19,5,VRB02KT,13,12
2013-03-19 06:00:00.000,2013,3,19,6,34003KT,12,11
2013-03-19 07:00:00.000,2013,3,19,7,28003KT,12,11
2013-03-19 08:00:00.000,2013,3,19,8,27004KT,12,11
2013-03-19 09:00:00.000,2013,3,19,9,03008KT,11,10
2013-03-19 10:00:00.000,2013,3,19,10,07006KT,11,10
2013-03-19 11:00:00.000,2013,3,19,11,03005KT,12,10
2013-03-19 12:00:00.000,2013,3,19,12,02005KT,13,12
2013-03-19 13:00:00.000,2013,3,19,13,05005KT,15,11
2013-03-19 14:00:00.000,2013,3,19,14,VRB02KT,18,10
2013-03-19 15:00:00.000,2013,3,19,15,03004KT,19,09
2013-03-19 16:00:00.000,2013,3,19,16,25010KT,18,12
2013-03-19 17:00:00.000,2013,3,19,17,25010KT,20,12
2013-03-19 18:00:00.000,2013,3,19,18,25012KT,17,13
2013-03-19 19:00:00.000,2013,3,19,19,28010KT,15,13
2013-03-19 20:00:00.000,2013,3,19,20,28006KT,14,13
2013-03-19 21:00:00.000,2013,3,19,21,23005KT,15,13
2013-03-19 22:00:00.000,2013,3,19,22,31004KT,16,13
2013-03-19 23:00:00.000,2013,3,19,23,34005KT,15,12
2013-03-20 00:00:00.000,2013,3,20,0,32003KT,13,12
2013-03-20 01:00:00.000,2013,3,20,1,32003KT,13,10
2013-03-20 02:00:00.000,2013,3,20,2,25010KT,13,11
2013-03-20 03:00:00.000,2013,3,20,3,13007KT,13,12
2013-03-20 04:00:00.000,2013,3,20,4,26007KT,14,11
2013-03-20 05:00:00.000,2013,3,20,5,30005KT,13,11
2013-03-20 06:00:00.000,2013,3,20,6,27003KT,13,11
2013-03-20 07:00:00.000,2013,3,20,7,VRB02KT,12,11
2013-03-20 08:00:00.000,2013,3,20,8,19003KT,12,11
2013-03-20 09:00:00.000,2013,3,20,9,VRB02KT,12,11
2013-03-20 10:00:00.000,2013,3,20,10,VRB02KT,10,09
2013-03-20 11:00:00.000,2013,3,20,11,02003KT,10,09
2013-03-20 12:00:00.000,2013,3,20,12,VRB02KT,11,10
2013-03-20 13:00:00.000,2013,3,20,13,VRB02KT,15,12
2013-03-20 14:00:00.000,2013,3,20,14,01004KT,16,11
2013-03-20 15:00:00.000,2013,3,20,15,27004KT,18,12
2013-03-20 16:00:00.000,2013,3,20,16,29005KT,19,10
2013-03-20 17:00:00.000,2013,3,20,17,28012KT,20,12
2013-03-20 18:00:00.000,2013,3,20,18,27012KT,20,12
2013-03-20 19:00:00.000,2013,3,20,19,23014KT,19,11
2013-03-20 20:00:00.000,2013,3,20,20,26010KT,19,10
2013-03-20 21:00:00.000,2013,3,20,21,26007KT,18,11
2013-03-20 22:00:00.000,2013,3,20,22,30006KT,17,12
2013-03-20 23:00:00.000,2013,3,20,23,24005KT,17,12
2013-03-21 00:00:00.000,2013,3,21,0,24008KT,16,13
2013-03-21 01:00:00.000,2013,3,21,1,23006KT,15,13
2013-03-21 02:00:00.000,2013,3,21,2,29003KT,15,13
2013-03-21 03:00:00.000,2013,3,21,3,30003KT,14,13
2013-03-21 04:00:00.000,2013,3,21,4,VRB02KT,13,11
2013-03-21 05:00:00.000,2013,3,21,5,VRB02KT,12,11
2013-03-21 06:00:00.000,2013,3,21,6,29003KT,12,12
2013-03-21 07:00:00.000,2013,3,21,7,28003KT,12,12
2013-03-21 08:00:00.000,2013,3,21,8,22003KT,12,12
2013-03-21 09:00:00.000,2013,3,21,9,34003KT,11,10
2013-03-21 10:00:00.000,2013,3,21,10,32004KT,11,10
2013-03-21 11:00:00.000,2013,3,21,11,00000KT,11,11
2013-03-21 12:00:00.000,2013,3,21,12,VRB02KT,13,12
2013-03-21 13:00:00.000,2013,3,21,13,VRB02KT,15,12
2013-03-21 14:00:00.000,2013,3,21,14,VRB02KT,18,12
2013-03-21 15:00:00.000,2013,3,21,15,02005KT,19,12
2013-03-21 16:00:00.000,2013,3,21,16,30009KT,20,12
2013-03-21 17:00:00.000,2013,3,21,17,28014KT,20,13
2013-03-21 22:00:00.000,2013,3,21,22,35004KT,15,12
2013-03-21 23:00:00.000,2013,3,21,23,28007KT,14,12
2013-03-22 00:00:00.000,2013,3,22,0,20004KT,14,11
2013-03-22 01:00:00.000,2013,3,22,1,18005KT,14,11
2013-03-22 02:00:00.000,2013,3,22,2,18003KT,14,11
2013-03-22 23:00:00.000,2013,3,22,23,VRB02KT,13,12
2013-03-23 00:00:00.000,2013,3,23,0,18006KT,13,11
2013-03-23 01:00:00.000,2013,3,23,1,20006KT,13,11
2013-03-23 02:00:00.000,2013,3,23,2,35004KT,12,11
2013-03-23 03:00:00.000,2013,3,23,3,30003KT,11,10
2013-03-23 04:00:00.000,2013,3,23,4,28005KT,12,11
2013-03-23 05:00:00.000,2013,3,23,5,VRB02KT,11,10
2013-03-23 06:00:00.000,2013,3,23,6,VRB02KT,10,09
2013-03-23 08:00:00.000,2013,3,23,8,00000KT,10,09
2013-03-23 09:00:00.000,2013,3,23,9,32003KT,08,07
2013-03-23 10:00:00.000,2013,3,23,10,VRB02KT,09,08
2013-03-23 11:00:00.000,2013,3,23,11,31004KT,09,08
2013-03-23 12:00:00.000,2013,3,23,12,VRB02KT,09,09
2013-03-23 13:00:00.000,2013,3,23,13,30003KT,09,09
2013-03-23 14:00:00.000,2013,3,23,14,VRB02KT,10,10
2013-03-23 15:00:00.000,2013,3,23,15,010003KT,12,10
2013-03-23 16:00:00.000,2013,3,23,16,03003KT,15,12
2013-03-23 17:00:00.000,2013,3,23,17,15003KT,17,10
2013-03-23 18:00:00.000,2013,3,23,18,18010KT,18,11
2013-03-23 19:00:00.000,2013,3,23,19,21006KT,17,11
2013-03-23 20:00:00.000,2013,3,23,20,06008KT,17,10
2013-03-23 21:00:00.000,2013,3,23,21,18008KT,18,10
2013-03-23 22:00:00.000,2013,3,23,22,24006KT,17,12
2013-03-23 23:00:00.000,2013,3,23,23,09006KT,16,10
2013-03-24 00:00:00.000,2013,3,24,0,05004KT,15,10
2013-03-24 01:00:00.000,2013,3,24,1,11004KT,15,10
2013-03-24 02:00:00.000,2013,3,24,2,16004KT,14,10
2013-03-24 03:00:00.000,2013,3,24,3,03004KT,13,10
2013-03-24 04:00:00.000,2013,3,24,4,03006KT,13,10
2013-03-24 05:00:00.000,2013,3,24,5,00000KT,12,10
2013-03-24 06:00:00.000,2013,3,24,6,VRB02KT,11,10
2013-03-24 07:00:00.000,2013,3,24,7,VRB02KT,10,09
2013-03-24 08:00:00.000,2013,3,24,8,04004KT,09,08
2013-03-24 09:00:00.000,2013,3,24,9,VRB02KT,09,08
2013-03-24 10:00:00.000,2013,3,24,10,VRB02KT,08,08
2013-03-24 11:00:00.000,2013,3,24,11,00000KT,06,06
2013-03-24 12:00:00.000,2013,3,24,12,02003KT,07,07
2013-03-24 13:00:00.000,2013,3,24,13,04003KT,13,10
2013-03-24 21:00:00.000,2013,3,24,21,08007KT,18,09
2013-03-24 22:00:00.000,2013,3,24,22,06009KT,17,09
2013-03-24 23:00:00.000,2013,3,24,23,07006KT,17,09
2013-03-25 00:00:00.000,2013,3,25,0,08005KT,16,10
2013-03-25 01:00:00.000,2013,3,25,1,12005KT,14,10
2013-03-25 02:00:00.000,2013,3,25,2,VRB02KT,14,11
2013-03-25 03:00:00.000,2013,3,25,3,15005KT,14,09
2013-03-25 04:00:00.000,2013,3,25,4,VRB02KT,12,10
2013-03-25 05:00:00.000,2013,3,25,5,02003KT,10,09
2013-03-25 06:00:00.000,2013,3,25,6,VRB02KT,10,09
2013-03-25 07:00:00.000,2013,3,25,7,VRB02KT,09,08
2013-03-25 08:00:00.000,2013,3,25,8,02003KT,08,07
2013-03-25 09:00:00.000,2013,3,25,9,VRB02KT,08,08
2013-03-25 10:00:00.000,2013,3,25,10,03003KT,06,06
2013-03-25 11:00:00.000,2013,3,25,11,12004KT,09,08
2013-03-25 12:00:00.000,2013,3,25,12,VRB02KT,10,10
2013-03-25 13:00:00.000,2013,3,25,13,34004KT,13,10
2013-03-25 14:00:00.000,2013,3,25,14,06004KT,17,11
2013-03-25 15:00:00.000,2013,3,25,15,07006KT,18,10
2013-03-25 16:00:00.000,2013,3,25,16,VRB02KT,20,09
2013-03-25 17:00:00.000,2013,3,25,17,35004KT,21,09
2013-03-25 18:00:00.000,2013,3,25,18,31012KT,19,12
2013-03-25 19:00:00.000,2013,3,25,19,28014KT,20,13
2013-03-25 20:00:00.000,2013,3,25,20,27012KT,18,13
2013-03-25 21:00:00.000,2013,3,25,21,28008KT,16,13
2013-03-25 22:00:00.000,2013,3,25,22,25006KT,16,12
2013-03-25 23:00:00.000,2013,3,25,23,VRB02KT,16,13
2013-03-26 00:00:00.000,2013,3,26,0,23005KT,16,12
2013-03-26 01:00:00.000,2013,3,26,1,33003KT,13,11
2013-03-26 02:00:00.000,2013,3,26,2,04003KT,13,12
2013-03-26 03:00:00.000,2013,3,26,3,03005KT,13,12
2013-03-26 04:00:00.000,2013,3,26,4,03005KT,13,11
2013-03-26 05:00:00.000,2013,3,26,5,04004KT,11,10
2013-03-26 06:00:00.000,2013,3,26,6,VRB02KT,11,10
2013-03-26 07:00:00.000,2013,3,26,7,05007KT,10,09
2013-03-26 08:00:00.000,2013,3,26,8,04006KT,10,09
2013-03-26 09:00:00.000,2013,3,26,9,09003KT,10,09
2013-03-26 10:00:00.000,2013,3,26,10,05004KT,09,08
2013-03-26 11:00:00.000,2013,3,26,11,04003KT,09,08
2013-03-26 12:00:00.000,2013,3,26,12,05006KT,08,08
2013-03-26 13:00:00.000,2013,3,26,13,07008KT,12,09
2013-03-26 14:00:00.000,2013,3,26,14,07012KT,16,11
2013-03-26 15:00:00.000,2013,3,26,15,36008KT,17,09
2013-03-26 16:00:00.000,2013,3,26,16,17010KT,19,08
2013-03-26 17:00:00.000,2013,3,26,17,20014KT,19,09
2013-03-26 18:00:00.000,2013,3,26,18,24008KT,21,08
2013-03-26 19:00:00.000,2013,3,26,19,22012KT,21,11
2013-03-26 20:00:00.000,2013,3,26,20,25008KT,21,11
2013-03-26 21:00:00.000,2013,3,26,21,28012KT,19,11
2013-03-26 22:00:00.000,2013,3,26,22,28008KT,17,12
2013-03-26 23:00:00.000,2013,3,26,23,26006KT,16,14
2013-03-27 00:00:00.000,2013,3,27,0,29004KT,15,12
2013-03-27 01:00:00.000,2013,3,27,1,30003KT,14,11
2013-03-27 02:00:00.000,2013,3,27,2,VRB02KT,13,12
2013-03-27 03:00:00.000,2013,3,27,3,04004KT,12,08
2013-03-27 04:00:00.000,2013,3,27,4,05005KT,11,06
2013-03-27 05:00:00.000,2013,3,27,5,VRB02KT,10,06
2013-03-27 06:00:00.000,2013,3,27,6,05003KT,09,06
2013-03-27 07:00:00.000,2013,3,27,7,00000KT,09,06
2013-03-27 08:00:00.000,2013,3,27,8,03003KT,06,06
2013-03-27 09:00:00.000,2013,3,27,9,02003KT,06,06
2013-03-27 10:00:00.000,2013,3,27,10,05005KT,05,04
2013-03-27 11:00:00.000,2013,3,27,11,05006KT,07,04
2013-03-27 12:00:00.000,2013,3,27,12,04007KT,09,06
2013-03-27 13:00:00.000,2013,3,27,13,04010KT,12,06
2013-03-27 14:00:00.000,2013,3,27,14,04014KT,16,06
2013-03-27 15:00:00.000,2013,3,27,15,10015KT,19,00
2013-03-27 16:00:00.000,2013,3,27,16,09008G21KT,20,04
2013-03-27 17:00:00.000,2013,3,27,17,07013KT,20,04
2013-03-27 19:00:00.000,2013,3,27,19,28003KT,20,04
2013-03-27 20:00:00.000,2013,3,27,20,29010KT,18,10
2013-03-27 21:00:00.000,2013,3,27,21,27008KT,17,10
2013-03-27 22:00:00.000,2013,3,27,22,24008KT,17,11
2013-03-27 23:00:00.000,2013,3,27,23,21008KT,16,11
2013-03-28 00:00:00.000,2013,3,28,0,21006KT,14,11
2013-03-28 01:00:00.000,2013,3,28,1,30004KT,12,11
2013-03-28 02:00:00.000,2013,3,28,2,VRB02KT,12,11
2013-03-28 03:00:00.000,2013,3,28,3,VRB02KT,12,10
2013-03-28 04:00:00.000,2013,3,28,4,33004KT,11,10
2013-03-28 05:00:00.000,2013,3,28,5,04004KT,11,09
2013-03-28 06:00:00.000,2013,3,28,6,03004KT,11,09
2013-03-28 07:00:00.000,2013,3,28,7,05004KT,11,09
2013-03-28 08:00:00.000,2013,3,28,8,05004KT,10,08
2013-03-28 09:00:00.000,2013,3,28,9,05004KT,11,09
2013-03-28 10:00:00.000,2013,3,28,10,VRB02KT,11,09
2013-03-28 11:00:00.000,2013,3,28,11,03006KT,11,10
2013-03-28 12:00:00.000,2013,3,28,12,05006KT,12,10
2013-03-28 13:00:00.000,2013,3,28,13,02012KT,14,10
2013-03-28 14:00:00.000,2013,3,28,14,03008KT,16,09
2013-03-28 15:00:00.000,2013,3,28,15,08008KT,18,10
2013-03-28 16:00:00.000,2013,3,28,16,03010KT,19,08
2013-03-28 17:00:00.000,2013,3,28,17,06006KT,21,09
2013-03-28 18:00:00.000,2013,3,28,18,28010KT,22,08
2013-03-28 19:00:00.000,2013,3,28,19,21011KT,20,12
2013-03-28 20:00:00.000,2013,3,28,20,27010KT,19,12
2013-03-28 21:00:00.000,2013,3,28,21,22014KT,15,13
2013-03-28 22:00:00.000,2013,3,28,22,26006KT,15,11
2013-03-28 23:00:00.000,2013,3,28,23,32007KT,14,11
2013-03-29 00:00:00.000,2013,3,29,0,VRB02KT,13,10
2013-03-29 01:00:00.000,2013,3,29,1,21003KT,12,08
2013-03-29 02:00:00.000,2013,3,29,2,VRB02KT,12,09
2013-03-29 03:00:00.000,2013,3,29,3,00000KT,11,10
2013-03-29 04:00:00.000,2013,3,29,4,29004KT,11,09
2013-03-29 05:00:00.000,2013,3,29,5,01003KT,10,09
2013-03-29 06:00:00.000,2013,3,29,6,02003KT,10,09
2013-03-29 07:00:00.000,2013,3,29,7,VRB02KT,11,10
2013-03-29 08:00:00.000,2013,3,29,8,00000KT,09,08
2013-03-29 09:00:00.000,2013,3,29,9,VRB02KT,08,08
2013-03-29 10:00:00.000,2013,3,29,10,VRB02KT,08,07
2013-03-29 11:00:00.000,2013,3,29,11,VRB02KT,09,09
2013-03-29 12:00:00.000,2013,3,29,12,VRB02KT,11,10
2013-03-29 13:00:00.000,2013,3,29,13,03006KT,14,10
2013-03-29 14:00:00.000,2013,3,29,14,04006KT,16,10
2013-03-29 15:00:00.000,2013,3,29,15,05010KT,17,10
2013-03-29 16:00:00.000,2013,3,29,16,06009KT,17,10
2013-03-29 17:00:00.000,2013,3,29,17,05012KT,18,10
2013-03-29 18:00:00.000,2013,3,29,18,13012KT,17,09
2013-03-29 19:00:00.000,2013,3,29,19,14010KT,18,10
2013-03-29 20:00:00.000,2013,3,29,20,10006KT,19,10
2013-03-29 21:00:00.000,2013,3,29,21,06006KT,18,10
2013-03-29 22:00:00.000,2013,3,29,22,11004KT,17,12
2013-03-29 23:00:00.000,2013,3,29,23,07014KT,16,10
2013-03-30 00:00:00.000,2013,3,30,0,VRB02KT,15,10
2013-03-30 01:00:00.000,2013,3,30,1,05003KT,14,10
2013-03-30 03:00:00.000,2013,3,30,3,05005KT,13,10
2013-03-30 04:00:00.000,2013,3,30,4,05009KT,13,10
2013-03-30 05:00:00.000,2013,3,30,5,05006KT,12,09
2013-03-30 07:00:00.000,2013,3,30,7,06008KT,12,09
2013-03-30 09:00:00.000,2013,3,30,9,03007KT,11,09
2013-03-30 10:00:00.000,2013,3,30,10,05004KT,11,09
2013-03-30 11:00:00.000,2013,3,30,11,03005KT,11,09
2013-03-30 12:00:00.000,2013,3,30,12,05006KT,12,09
2013-03-30 13:00:00.000,2013,3,30,13,04007KT,13,10
2013-03-30 14:00:00.000,2013,3,30,14,10006KT,16,10
2013-03-30 15:00:00.000,2013,3,30,15,10005KT,18,08
2013-03-30 16:00:00.000,2013,3,30,16,13010KT,19,09
2013-03-30 17:00:00.000,2013,3,30,17,14012KT,19,10
2013-03-30 18:00:00.000,2013,3,30,18,12010KT,17,10
2013-03-30 19:00:00.000,2013,3,30,19,08010KT,17,10
2013-03-30 20:00:00.000,2013,3,30,20,13009KT,17,10
2013-03-30 21:00:00.000,2013,3,30,21,12007KT,18,10
2013-03-30 22:00:00.000,2013,3,30,22,12010KT,18,09
2013-03-30 23:00:00.000,2013,3,30,23,13009KT,16,09
2013-03-31 00:00:00.000,2013,3,31,0,12010KT,15,09
2013-03-31 01:00:00.000,2013,3,31,1,12010KT,15,09
2013-03-31 02:00:00.000,2013,3,31,2,10006KT,14,09
2013-03-31 03:00:00.000,2013,3,31,3,06005KT,14,10
2013-03-31 04:00:00.000,2013,3,31,4,09005KT,14,10
2013-03-31 05:00:00.000,2013,3,31,5,VRB02KT,14,10
2013-03-31 06:00:00.000,2013,3,31,6,VRB02KT,13,11
2013-03-31 07:00:00.000,2013,3,31,7,VRB02KT,13,10
2013-03-31 09:00:00.000,2013,3,31,9,06006KT,12,10
2013-03-31 10:00:00.000,2013,3,31,10,04006KT,12,10
2013-03-31 11:00:00.000,2013,3,31,11,04007KT,12,10
2013-03-31 12:00:00.000,2013,3,31,12,06006KT,13,11
2013-03-31 13:00:00.000,2013,3,31,13,05005KT,16,10
2013-03-31 14:00:00.000,2013,3,31,14,10009KT,15,10
2013-03-31 15:00:00.000,2013,3,31,15,12010KT,17,10
2013-03-31 16:00:00.000,2013,3,31,16,09011KT,17,10
2013-03-31 17:00:00.000,2013,3,31,17,06008KT,17,10
2013-03-31 18:00:00.000,2013,3,31,18,06007KT,18,10
2013-03-31 19:00:00.000,2013,3,31,19,05014KT,16,08
2013-03-31 20:00:00.000,2013,3,31,20,04009KT,17,09
2013-03-31 21:00:00.000,2013,3,31,21,09011KT,17,09
2013-03-31 22:00:00.000,2013,3,31,22,10009KT,18,08
2013-03-31 23:00:00.000,2013,3,31,23,08007KT,17,09
2013-04-01 00:00:00.000,2013,4,1,0,08006KT,14,08
2013-04-01 01:00:00.000,2013,4,1,1,VRB02KT,12,08
2013-04-01 02:00:00.000,2013,4,1,2,03005KT,12,09
2013-04-01 03:00:00.000,2013,4,1,3,02004KT,11,09
2013-04-01 04:00:00.000,2013,4,1,4,03005KT,10,08
2013-04-01 05:00:00.000,2013,4,1,5,05004KT,10,08
2013-04-01 06:00:00.000,2013,4,1,6,VRB02KT,11,09
2013-04-01 07:00:00.000,2013,4,1,7,VRB02KT,11,09
2013-04-01 08:00:00.000,2013,4,1,8,05005KT,10,09
2013-04-01 09:00:00.000,2013,4,1,9,08004KT,10,09
2013-04-01 10:00:00.000,2013,4,1,10,05005KT,10,09
2013-04-01 11:00:00.000,2013,4,1,11,07005KT,13,09
2013-04-01 12:00:00.000,2013,4,1,12,05012KT,12,09
2013-04-01 13:00:00.000,2013,4,1,13,07016KT,14,10
2013-04-01 14:00:00.000,2013,4,1,14,06014KT,15,10
2013-04-01 15:00:00.000,2013,4,1,15,11012KT,17,11
2013-04-01 16:00:00.000,2013,4,1,16,09010KT,17,10
2013-04-01 17:00:00.000,2013,4,1,17,12012KT,18,10
2013-04-01 18:00:00.000,2013,4,1,18,14005KT,19,10
2013-04-01 19:00:00.000,2013,4,1,19,11008KT,20,10
2013-04-01 20:00:00.000,2013,4,1,20,14012KT,19,09
2013-04-01 21:00:00.000,2013,4,1,21,12009KT,19,09
2013-04-01 22:00:00.000,2013,4,1,22,14010KT,19,09
2013-04-01 23:00:00.000,2013,4,1,23,12004KT,18,08
2013-04-02 00:00:00.000,2013,4,2,0,12004KT,16,10
2013-04-02 01:00:00.000,2013,4,2,1,06004KT,16,10
2013-04-02 02:00:00.000,2013,4,2,2,VRB02KT,13,10
2013-04-02 03:00:00.000,2013,4,2,3,VRB02KT,14,10
2013-04-02 04:00:00.000,2013,4,2,4,VRB02KT,12,10
2013-04-02 05:00:00.000,2013,4,2,5,03004KT,11,09
2013-04-02 06:00:00.000,2013,4,2,6,04004KT,09,08
2013-04-02 07:00:00.000,2013,4,2,7,05004KT,09,08
2013-04-02 10:00:00.000,2013,4,2,10,30006KT,12,10
2013-04-02 11:00:00.000,2013,4,2,11,06006KT,12,10
2013-04-02 12:00:00.000,2013,4,2,12,03006KT,13,10
2013-04-02 13:00:00.000,2013,4,2,13,03006KT,14,10
2013-04-02 14:00:00.000,2013,4,2,14,06010KT,14,10
2013-04-02 15:00:00.000,2013,4,2,15,14008KT,15,09
2013-04-02 16:00:00.000,2013,4,2,16,12008KT,16,09
2013-04-02 17:00:00.000,2013,4,2,17,07006KT,17,09
2013-04-02 18:00:00.000,2013,4,2,18,07006KT,19,08
2013-04-02 19:00:00.000,2013,4,2,19,02006KT,19,09
2013-04-02 20:00:00.000,2013,4,2,20,04006KT,19,08
2013-04-02 21:00:00.000,2013,4,2,21,06004KT,19,08
2013-04-02 22:00:00.000,2013,4,2,22,26003KT,19,10
2013-04-02 23:00:00.000,2013,4,2,23,21007KT,16,12
2013-04-03 00:00:00.000,2013,4,3,0,23003KT,14,12
2013-04-03 01:00:00.000,2013,4,3,1,32003KT,13,12
2013-04-03 02:00:00.000,2013,4,3,2,02003KT,13,12
2013-04-03 03:00:00.000,2013,4,3,3,02003KT,12,10
2013-04-03 04:00:00.000,2013,4,3,4,34003KT,12,10
2013-04-03 05:00:00.000,2013,4,3,5,05003KT,11,09
2013-04-03 06:00:00.000,2013,4,3,6,34004KT,10,09
2013-04-03 07:00:00.000,2013,4,3,7,00000KT,09,09
2013-04-03 08:00:00.000,2013,4,3,8,00000KT,09,09
2013-04-03 09:00:00.000,2013,4,3,9,07003T,10,09
2013-04-03 10:00:00.000,2013,4,3,10,03003KT,08,07
2013-04-03 11:00:00.000,2013,4,3,11,30003KT,08,07
2013-04-03 12:00:00.000,2013,4,3,12,VRB02KT,08,07
2013-04-03 13:00:00.000,2013,4,3,13,03006KT,13,10
2013-04-03 14:00:00.000,2013,4,3,14,05008KT,16,09
2013-04-03 15:00:00.000,2013,4,3,15,VRB02KT,17,09
2013-04-03 16:00:00.000,2013,4,3,16,24005KT,19,08
2013-04-03 17:00:00.000,2013,4,3,17,33003KT,21,08
2013-04-03 18:00:00.000,2013,4,3,18,26013KT,19,12
2013-04-03 19:00:00.000,2013,4,3,19,25011KT,20,11
2013-04-03 20:00:00.000,2013,4,3,20,28010KT,16,13
2013-04-03 21:00:00.000,2013,4,3,21,26010KT,16,13
2013-04-03 22:00:00.000,2013,4,3,22,30006KT,16,12
2013-04-03 23:00:00.000,2013,4,3,23,23004KT,15,11
2013-04-04 00:00:00.000,2013,4,4,0,VRB02KT,13,11
2013-04-04 01:00:00.000,2013,4,4,1,VRB02KT,14,12
2013-04-04 02:00:00.000,2013,4,4,2,27004KT,14,12
2013-04-04 03:00:00.000,2013,4,4,3,VRB02KT,14,12
2013-04-04 04:00:00.000,2013,4,4,4,33004KT,13,12
2013-04-04 05:00:00.000,2013,4,4,5,VRB02KT,13,12
2013-04-04 06:00:00.000,2013,4,4,6,03006KT,13,11
2013-04-04 07:00:00.000,2013,4,4,7,03006KT,12,10
2013-04-04 08:00:00.000,2013,4,4,8,04006KT,12,10
2013-04-04 09:00:00.000,2013,4,4,9,05004KT,11,09
2013-04-04 10:00:00.000,2013,4,4,10,02004KT,11,09
2013-04-04 11:00:00.000,2013,4,4,11,03004KT,10,08
2013-04-04 12:00:00.000,2013,4,4,12,05006KT,11,10
2013-04-04 13:00:00.000,2013,4,4,13,03008KT,13,10
2013-04-04 14:00:00.000,2013,4,4,14,04006KT,16,09
2013-04-04 15:00:00.000,2013,4,4,15,04008KT,18,09
2013-04-04 16:00:00.000,2013,4,4,16,18008KT,20,08
2013-04-04 17:00:00.000,2013,4,4,17,05006KT,20,07
2013-04-04 18:00:00.000,2013,4,4,18,22005KT,19,09
2013-04-04 19:00:00.000,2013,4,4,19,27010KT,21,10
2013-04-04 20:00:00.000,2013,4,4,20,26007KT,22,09
2013-04-04 21:00:00.000,2013,4,4,21,33012KT,20,13
2013-04-04 22:00:00.000,2013,4,4,22,29010KT,18,12
2013-04-04 23:00:00.000,2013,4,4,23,28009KT,16,12
2013-04-05 00:00:00.000,2013,4,5,0,23006KT,16,12
2013-04-05 01:00:00.000,2013,4,5,1,22004KT,15,11
2013-04-05 02:00:00.000,2013,4,5,2,33003KT,13,11
2013-04-05 03:00:00.000,2013,4,5,3,35003KT,12,11
2013-04-05 04:00:00.000,2013,4,5,4,02003KT,12,11
2013-04-05 05:00:00.000,2013,4,5,5,02005KT,12,10
2013-04-05 06:00:00.000,2013,4,5,6,05004KT,12,10
2013-04-05 07:00:00.000,2013,4,5,7,04003KT,11,10
2013-04-05 08:00:00.000,2013,4,5,8,03003KT,10,09
2013-04-05 09:00:00.000,2013,4,5,9,07003KT,11,10
2013-04-05 10:00:00.000,2013,4,5,10,14004KT,10,09
2013-04-05 11:00:00.000,2013,4,5,11,VRB02KT,10,09
2013-04-05 12:00:00.000,2013,4,5,12,05005KT,12,10
2013-04-05 13:00:00.000,2013,4,5,13,04005KT,15,10
2013-04-05 14:00:00.000,2013,4,5,14,05006KT,18,10
2013-04-05 15:00:00.000,2013,4,5,15,11008KT,19,09
2013-04-05 16:00:00.000,2013,4,5,16,07004KT,19,08
2013-04-05 17:00:00.000,2013,4,5,17,22008KT,19,12
2013-04-05 18:00:00.000,2013,4,5,18,21012KT,18,11
2013-04-05 19:00:00.000,2013,4,5,19,20006KT,20,12
2013-04-05 20:00:00.000,2013,4,5,20,26009KT,20,12
2013-04-05 21:00:00.000,2013,4,5,21,27009KT,17,12
2013-04-05 22:00:00.000,2013,4,5,22,20009KT,16,13
2013-04-05 23:00:00.000,2013,4,5,23,18005KT,16,12
2013-04-06 00:00:00.000,2013,4,6,0,35003KT,14,11
2013-04-06 01:00:00.000,2013,4,6,1,00000KT,12,11
2013-04-06 02:00:00.000,2013,4,6,2,07003KT,13,11
2013-04-06 03:00:00.000,2013,4,6,3,VRB02KT,13,11
2013-04-06 04:00:00.000,2013,4,6,4,32003KT,12,11
2013-04-06 05:00:00.000,2013,4,6,5,00000KT,12,11
2013-04-06 06:00:00.000,2013,4,6,6,34002KT,12,11
2013-04-06 07:00:00.000,2013,4,6,7,00000KT,10,10
2013-04-06 08:00:00.000,2013,4,6,8,00000KT,09,09
2013-04-06 09:00:00.000,2013,4,6,9,00000KT,09,09
2013-04-06 10:00:00.000,2013,4,6,10,VRB02KT,11,11
2013-04-06 11:00:00.000,2013,4,6,11,00000KT,10,10
2013-04-06 12:00:00.000,2013,4,6,12,03007KT,11,10
2013-04-06 13:00:00.000,2013,4,6,13,04007KT,14,12
2013-04-06 14:00:00.000,2013,4,6,14,03008KT,17,11
2013-04-06 15:00:00.000,2013,4,6,15,07008KT,19,10
2013-04-06 16:00:00.000,2013,4,6,16,VRB02KT,20,08
2013-04-06 17:00:00.000,2013,4,6,17,27003KT,22,10
2013-04-06 18:00:00.000,2013,4,6,18,25006KT,22,11
2013-04-06 19:00:00.000,2013,4,6,19,27009KT,20,12
2013-04-06 20:00:00.000,2013,4,6,20,28010KT,18,13
2013-04-06 21:00:00.000,2013,4,6,21,23008KT,18,13
2013-04-06 22:00:00.000,2013,4,6,22,26005KT,17,12
2013-04-06 23:00:00.000,2013,4,6,23,30005KT,15,13
2013-04-07 00:00:00.000,2013,4,7,0,VRB02KT,15,13
2013-04-07 01:00:00.000,2013,4,7,1,00000KT,14,12
2013-04-07 02:00:00.000,2013,4,7,2,VRB02KT,14,13
2013-04-07 03:00:00.000,2013,4,7,3,VRB02KT,15,12
2013-04-07 04:00:00.000,2013,4,7,4,31004KT,14,11
2013-04-07 05:00:00.000,2013,4,7,5,03003KT,13,10
2013-04-07 06:00:00.000,2013,4,7,6,02005KT,12,10
2013-04-07 07:00:00.000,2013,4,7,7,05006KT,11,10
2013-04-07 08:00:00.000,2013,4,7,8,05004KT,10,09
2013-04-07 09:00:00.000,2013,4,7,9,00000KT,10,09
2013-04-07 10:00:00.000,2013,4,7,10,04003KT,08,08
2013-04-07 11:00:00.000,2013,4,7,11,04004KT,09,09
2013-04-07 12:00:00.000,2013,4,7,12,VRB02KT,11,10
2013-04-07 13:00:00.000,2013,4,7,13,05004KT,14,11
2013-04-07 14:00:00.000,2013,4,7,14,08007KT,17,11
2013-04-07 15:00:00.000,2013,4,7,15,11014KT,19,08
2013-04-07 16:00:00.000,2013,4,7,16,13010KT,20,09
2013-04-07 17:00:00.000,2013,4,7,17,10010KT,20,08
2013-04-07 18:00:00.000,2013,4,7,18,12014KT,22,09
2013-04-07 19:00:00.000,2013,4,7,19,20010KT,21,08
2013-04-07 20:00:00.000,2013,4,7,20,20014KT,22,08
2013-04-07 21:00:00.000,2013,4,7,21,27014KT,20,11
2013-04-07 22:00:00.000,2013,4,7,22,30010KT,19,11
2013-04-07 23:00:00.000,2013,4,7,23,21008KT,17,12
2013-04-08 00:00:00.000,2013,4,8,0,30004KT,14,12
2013-04-08 01:00:00.000,2013,4,8,1,31003KT,13,12
2013-04-08 02:00:00.000,2013,4,8,2,06003KT,13,12
2013-04-08 03:00:00.000,2013,4,8,3,33003KT,11,10
2013-04-08 04:00:00.000,2013,4,8,4,33003KT,11,10
2013-04-08 05:00:00.000,2013,4,8,5,03003KT,10,09
2013-04-08 06:00:00.000,2013,4,8,6,VRB02KT,10,10
2013-04-08 07:00:00.000,2013,4,8,7,3103KT,09,08
2013-04-08 12:00:00.000,2013,4,8,12,05006KT,11,10
2013-04-08 13:00:00.000,2013,4,8,13,05008KT,14,11
2013-04-08 14:00:00.000,2013,4,8,14,05010KT,17,11
2013-04-08 15:00:00.000,2013,4,8,15,04012KT,18,11
2013-04-08 16:00:00.000,2013,4,8,16,15017KT,20,08
2013-04-08 17:00:00.000,2013,4,8,17,15014KT,21,09
2013-04-08 18:00:00.000,2013,4,8,18,07008KT,22,09
2013-04-08 19:00:00.000,2013,4,8,19,29014KT,20,12
2013-04-08 20:00:00.000,2013,4,8,20,13015KT,19,09
2013-04-08 21:00:00.000,2013,4,8,21,13015KT,18,09
2013-04-09 00:00:00.000,2013,4,9,0,10006KT,16,09
2013-04-09 03:00:00.000,2013,4,9,3,03006KT,12,09
2013-04-09 04:00:00.000,2013,4,9,4,04005KT,11,09
2013-04-09 05:00:00.000,2013,4,9,5,03004KT,11,09
2013-04-09 06:00:00.000,2013,4,9,6,03003KT,11,09
2013-04-09 07:00:00.000,2013,4,9,7,04005KT,10,08
2013-04-09 08:00:00.000,2013,4,9,8,05004KT,10,09
2013-04-09 09:00:00.000,2013,4,9,9,03006KT,10,09
2013-04-09 10:00:00.000,2013,4,9,10,04006KT,10,09
2013-04-09 11:00:00.000,2013,4,9,11,07005KT,10,09
2013-04-09 12:00:00.000,2013,4,9,12,04005KT,12,10
2013-04-09 13:00:00.000,2013,4,9,13,05006KT,16,09
2013-04-09 14:00:00.000,2013,4,9,14,05008KT,17,10
2013-04-09 15:00:00.000,2013,4,9,15,10010KT,19,09
2013-04-09 16:00:00.000,2013,4,9,16,10012KT,20,09
2013-04-09 17:00:00.000,2013,4,9,17,09010KT,19,09
2013-04-09 18:00:00.000,2013,4,9,18,18010KT,19,09
2013-04-09 19:00:00.000,2013,4,9,19,13008KT,19,09
2013-04-09 20:00:00.000,2013,4,9,20,17006KT,20,09
2013-04-09 21:00:00.000,2013,4,9,21,12008KT,19,08
2013-04-09 22:00:00.000,2013,4,9,22,12008KT,19,08
2013-04-10 00:00:00.000,2013,4,10,0,13007KT,16,09
2013-04-10 01:00:00.000,2013,4,10,1,17011KT,16,10
2013-04-10 02:00:00.000,2013,4,10,2,25003KT,13,10
2013-04-10 03:00:00.000,2013,4,10,3,00000KT,13,11
2013-04-10 04:00:00.000,2013,4,10,4,36003KT,14,11
2013-04-10 05:00:00.000,2013,4,10,5,04004KT,13,10
2013-04-10 06:00:00.000,2013,4,10,6,VRB02KT,12,10
2013-04-10 07:00:00.000,2013,4,10,7,05005KT,12,10
2013-04-10 08:00:00.000,2013,4,10,8,34003KT,10,09
2013-04-10 09:00:00.000,2013,4,10,9,07004KT,11,10
2013-04-10 10:00:00.000,2013,4,10,10,05003KT,12,10
2013-04-10 11:00:00.000,2013,4,10,11,08003KT,12,09
2013-04-10 12:00:00.000,2013,4,10,12,03003KT,12,10
2013-04-10 13:00:00.000,2013,4,10,13,03006KT,15,11
2013-04-10 14:00:00.000,2013,4,10,14,05007KT,16,10
2013-04-10 15:00:00.000,2013,4,10,15,05007KT,18,09
2013-04-10 16:00:00.000,2013,4,10,16,15006KT,19,08
2013-04-10 17:00:00.000,2013,4,10,17,10009KT,20,09
2013-04-10 18:00:00.000,2013,4,10,18,11013KT,19,08
2013-04-10 19:00:00.000,2013,4,10,19,08008KT,21,08
2013-04-10 20:00:00.000,2013,4,10,20,07010KT,19,09
2013-04-10 21:00:00.000,2013,4,10,21,10008KT,18,08
2013-04-10 22:00:00.000,2013,4,10,22,18010KT,17,11
2013-04-10 23:00:00.000,2013,4,10,23,26007KT,16,12
2013-04-11 00:00:00.000,2013,4,11,0,33006KT,13,11
2013-04-11 01:00:00.000,2013,4,11,1,VRB02KT,12,11
2013-04-11 02:00:00.000,2013,4,11,2,31004KT,11,10
2013-04-11 03:00:00.000,2013,4,11,3,VRB02KT,11,10
2013-04-11 04:00:00.000,2013,4,11,4,01003KT,10,09
2013-04-11 05:00:00.000,2013,4,11,5,02003KT,10,09
2013-04-11 06:00:00.000,2013,4,11,6,00000KT,09,09
2013-04-11 07:00:00.000,2013,4,11,7,VRB02KT,10,09
2013-04-11 08:00:00.000,2013,4,11,8,VRB02KT,10,09
2013-04-11 09:00:00.000,2013,4,11,9,00000KT,10,09
2013-04-11 10:00:00.000,2013,4,11,10,02004KT,09,09
2013-04-11 11:00:00.000,2013,4,11,11,05006KT,09,08
2013-04-11 12:00:00.000,2013,4,11,12,05006KT,10,09
2013-04-11 13:00:00.000,2013,4,11,13,05005KT,13,11
2013-04-11 14:00:00.000,2013,4,11,14,04004KT,16,10
2013-04-11 15:00:00.000,2013,4,11,15,05004KT,17,10
2013-04-11 16:00:00.000,2013,4,11,16,03008KT,19,10
2013-04-11 17:00:00.000,2013,4,11,17,16003KT,21,10
2013-04-11 18:00:00.000,2013,4,11,18,VRB02KT,22,08
2013-04-11 19:00:00.000,2013,4,11,19,10006KT,21,08
2013-04-11 20:00:00.000,2013,4,11,20,29004KT,18,13
2013-04-11 21:00:00.000,2013,4,11,21,27007KT,18,13
2013-04-11 22:00:00.000,2013,4,11,22,27010KT,17,13
2013-04-11 23:00:00.000,2013,4,11,23,32006KT,15,10
2013-04-12 00:00:00.000,2013,4,12,0,09003KT,15,10
2013-04-12 01:00:00.000,2013,4,12,1,04006KT,14,11
2013-04-12 02:00:00.000,2013,4,12,2,34004KT,12,11
2013-04-12 03:00:00.000,2013,4,12,3,31004KT,11,10
2013-04-12 04:00:00.000,2013,4,12,4,00000KT,10,10
2013-04-12 05:00:00.000,2013,4,12,5,VRB02KT,10,09
2013-04-12 06:00:00.000,2013,4,12,6,00000KT,11,10
2013-04-12 07:00:00.000,2013,4,12,7,VRB02KT,12,11
2013-04-12 08:00:00.000,2013,4,12,8,00000KT,12,11
2013-04-12 09:00:00.000,2013,4,12,9,VRB02KT,11,10
2013-04-12 10:00:00.000,2013,4,12,10,00000KT,11,10
2013-04-12 11:00:00.000,2013,4,12,11,VRB02KT,10,09
2013-04-12 12:00:00.000,2013,4,12,12,03004KT,11,10
2013-04-12 13:00:00.000,2013,4,12,13,VRB02KT,12,12
2013-04-12 14:00:00.000,2013,4,12,14,05005KT,15,12
2013-04-12 15:00:00.000,2013,4,12,15,09008KT,19,09
2013-04-12 16:00:00.000,2013,4,12,16,12010KT,18,09
2013-04-12 17:00:00.000,2013,4,12,17,15007KT,19,09
2013-04-12 18:00:00.000,2013,4,12,18,06008KT,19,09
2013-04-12 19:00:00.000,2013,4,12,19,07007KT,21,09
2013-04-12 20:00:00.000,2013,4,12,20,10012KT,20,09
2013-04-12 21:00:00.000,2013,4,12,21,10014KT,20,08
2013-04-12 22:00:00.000,2013,4,12,22,10010KT,19,09
2013-04-12 23:00:00.000,2013,4,12,23,26004KT,18,11
2013-04-13 00:00:00.000,2013,4,13,0,22004KT,16,11
2013-04-13 01:00:00.000,2013,4,13,1,16006KT,16,09
2013-04-13 02:00:00.000,2013,4,13,2,32005KT,13,10
2013-04-13 03:00:00.000,2013,4,13,3,09009KT,14,10
2013-04-13 04:00:00.000,2013,4,13,4,04006KT,13,10
2013-04-13 05:00:00.000,2013,4,13,5,05005KT,13,10
2013-04-13 06:00:00.000,2013,4,13,6,07009KT,13,10
2013-04-13 07:00:00.000,2013,4,13,7,05005KT,12,10
2013-04-13 08:00:00.000,2013,4,13,8,VRB02KT,12,10
2013-04-13 09:00:00.000,2013,4,13,9,05004KT,11,10
2013-04-13 10:00:00.000,2013,4,13,10,06003KT,11,10
2013-04-13 11:00:00.000,2013,4,13,11,33003KT,10,09
2013-04-13 12:00:00.000,2013,4,13,12,02007KT,11,10
2013-04-13 13:00:00.000,2013,4,13,13,01005KT,14,10
2013-04-13 14:00:00.000,2013,4,13,14,09008KT,17,08
2013-04-13 15:00:00.000,2013,4,13,15,10009KT,19,09
2013-04-13 16:00:00.000,2013,4,13,16,11011KT,20,08
2013-04-13 17:00:00.000,2013,4,13,17,11010KT,20,08
2013-04-13 18:00:00.000,2013,4,13,18,15009KT,20,08
2013-04-13 20:00:00.000,2013,4,13,20,16013KT,19,08
2013-04-13 21:00:00.000,2013,4,13,21,15013KT,19,09
2013-04-13 22:00:00.000,2013,4,13,22,11010KT,19,09
2013-04-13 23:00:00.000,2013,4,13,23,10009KT,18,09
2013-04-14 00:00:00.000,2013,4,14,0,13010KT,15,08
2013-04-14 01:00:00.000,2013,4,14,1,12010KT,14,08
2013-04-14 02:00:00.000,2013,4,14,2,09006KT,15,09
2013-04-14 03:00:00.000,2013,4,14,3,03006KT,14,10
2013-04-14 04:00:00.000,2013,4,14,4,04004KT,13,10
2013-04-14 05:00:00.000,2013,4,14,5,03003KT,13,10
2013-04-14 06:00:00.000,2013,4,14,6,03003KT,12,10
2013-04-14 07:00:00.000,2013,4,14,7,06003KT,11,10
2013-04-14 09:00:00.000,2013,4,14,9,04003KT,12,11
2013-04-14 10:00:00.000,2013,4,14,10,03005KT,12,10
2013-04-14 11:00:00.000,2013,4,14,11,05004KT,12,10
2013-04-14 12:00:00.000,2013,4,14,12,35003KT,13,11
2013-04-14 13:00:00.000,2013,4,14,13,06003KT,14,11
2013-04-14 14:00:00.000,2013,4,14,14,10005KT,15,11
2013-04-14 15:00:00.000,2013,4,14,15,05005KT,16,10
2013-04-14 16:00:00.000,2013,4,14,16,05004KT,16,10
2013-04-14 17:00:00.000,2013,4,14,17,08007KT,18,10
2013-04-14 18:00:00.000,2013,4,14,18,10008KT,18,10
2013-04-14 19:00:00.000,2013,4,14,19,11013KT,21,11
2013-04-14 20:00:00.000,2013,4,14,20,04007KT,20,08
2013-04-14 21:00:00.000,2013,4,14,21,10009KT,20,09
2013-04-14 22:00:00.000,2013,4,14,22,11008KT,19,09
2013-04-14 23:00:00.000,2013,4,14,23,09010KT,17,10
2013-04-15 00:00:00.000,2013,4,15,0,08008KT,16,10
2013-04-15 01:00:00.000,2013,4,15,1,09004KT,16,10
2013-04-15 02:00:00.000,2013,4,15,2,08004KT,15,10
2013-04-15 03:00:00.000,2013,4,15,3,06006KT,14,10
2013-04-15 04:00:00.000,2013,4,15,4,05004KT,14,10
2013-04-15 05:00:00.000,2013,4,15,5,VRB02KT,14,11
2013-04-15 06:00:00.000,2013,4,15,6,05004KT,14,11
2013-04-15 07:00:00.000,2013,4,15,7,VRB02KT,13,10
2013-04-15 08:00:00.000,2013,4,15,8,VRB02KT,13,10
2013-04-15 09:00:00.000,2013,4,15,9,03004KT,13,10
2013-04-15 10:00:00.000,2013,4,15,10,06004KT,13,11
2013-04-15 11:00:00.000,2013,4,15,11,02004KT,13,11
2013-04-15 12:00:00.000,2013,4,15,12,04006KT,12,11
2013-04-15 13:00:00.000,2013,4,15,13,00000KT,13,12
2013-04-15 14:00:00.000,2013,4,15,14,02008KT,15,12
2013-04-15 15:00:00.000,2013,4,15,15,06008KT,17,11
2013-04-15 16:00:00.000,2013,4,15,16,10005KT,18,12
2013-04-15 17:00:00.000,2013,4,15,17,12007KT,19,11
2013-04-15 18:00:00.000,2013,4,15,18,05008KT,18,11
2013-04-15 19:00:00.000,2013,4,15,19,08012KT,15,13
2013-04-15 20:00:00.000,2013,4,15,20,12004KT,16,12
2013-04-15 21:00:00.000,2013,4,15,21,VRB02KT,17,10
2013-04-15 22:00:00.000,2013,4,15,22,16010KT,16,10
2013-04-15 23:00:00.000,2013,4,15,23,13009KT,16,10
2013-04-16 00:00:00.000,2013,4,16,0,11008KT,15,10
2013-04-16 01:00:00.000,2013,4,16,1,06006KT,15,10
2013-04-16 02:00:00.000,2013,4,16,2,06004KT,15,11
2013-04-16 03:00:00.000,2013,4,16,3,03004KT,13,11
2013-04-16 04:00:00.000,2013,4,16,4,00000KT,13,11
2013-04-16 05:00:00.000,2013,4,16,5,VRB02KT,13,11
2013-04-16 06:00:00.000,2013,4,16,6,00000KT,13,11
2013-04-16 07:00:00.000,2013,4,16,7,03004KT,12,11
2013-04-16 08:00:00.000,2013,4,16,8,02006KT,12,10
2013-04-16 09:00:00.000,2013,4,16,9,02004KT,12,11
2013-04-16 10:00:00.000,2013,4,16,10,01004KT,12,11
2013-04-16 11:00:00.000,2013,4,16,11,01005KT,12,11
2013-04-16 12:00:00.000,2013,4,16,12,05007KT,14,11
2013-04-16 13:00:00.000,2013,4,16,13,06009KT,16,11
2013-04-16 14:00:00.000,2013,4,16,14,08009KT,17,11
2013-04-16 15:00:00.000,2013,4,16,15,10014KT,20,10
2013-04-16 16:00:00.000,2013,4,16,16,10014KT,20,10
2013-04-16 17:00:00.000,2013,4,16,17,12013KT,20,09
2013-04-16 18:00:00.000,2013,4,16,18,17011KT,20,08
2013-04-16 19:00:00.000,2013,4,16,19,12010KT,21,09
2013-04-16 20:00:00.000,2013,4,16,20,07006KT,20,09
2013-04-16 21:00:00.000,2013,4,16,21,10006KT,20,08
2013-04-16 22:00:00.000,2013,4,16,22,10008KT,19,09
2013-04-16 23:00:00.000,2013,4,16,23,23008KT,16,12
2013-04-17 00:00:00.000,2013,4,17,0,28004KT,15,12
2013-04-17 01:00:00.000,2013,4,17,1,05004KT,13,11
2013-04-17 02:00:00.000,2013,4,17,2,VRB02KT,12,11
2013-04-17 03:00:00.000,2013,4,17,3,32003KT,13,12
2013-04-17 04:00:00.000,2013,4,17,4,01005KT,13,11
2013-04-17 05:00:00.000,2013,4,17,5,06004KT,13,10
2013-04-17 07:00:00.000,2013,4,17,7,06006KT,12,10
2013-04-17 08:00:00.000,2013,4,17,8,04008KT,11,08
2013-04-17 09:00:00.000,2013,4,17,9,05006KT,11,10
2013-04-17 10:00:00.000,2013,4,17,10,32005KT,11,10
2013-04-17 11:00:00.000,2013,4,17,11,35003KT,11,10
2013-04-17 12:00:00.000,2013,4,17,12,03003KT,12,11
2013-04-17 13:00:00.000,2013,4,17,13,02004KT,14,11
2013-04-17 14:00:00.000,2013,4,17,14,15005KT,16,10
2013-04-17 15:00:00.000,2013,4,17,15,11007KT,18,09
2013-04-17 16:00:00.000,2013,4,17,16,15009KT,18,09
2013-04-17 17:00:00.000,2013,4,17,17,08005KT,18,09
2013-04-17 18:00:00.000,2013,4,17,18,07010KT,20,09
2013-04-17 19:00:00.000,2013,4,17,19,11005KT,21,09
2013-04-17 20:00:00.000,2013,4,17,20,10004KT,19,09
2013-04-17 21:00:00.000,2013,4,17,21,34004KT,18,10
2013-04-17 22:00:00.000,2013,4,17,22,11008KT,17,10
2013-04-17 23:00:00.000,2013,4,17,23,09008KT,16,13
2013-04-18 00:00:00.000,2013,4,18,0,26004KT,14,12
2013-04-18 01:00:00.000,2013,4,18,1,34003KT,14,13
2013-04-18 02:00:00.000,2013,4,18,2,34003KT,14,12
2013-04-18 03:00:00.000,2013,4,18,3,15005KT,14,11
2013-04-18 04:00:00.000,2013,4,18,4,03003KT,14,11
2013-04-18 05:00:00.000,2013,4,18,5,02004KT,13,11
2013-04-18 06:00:00.000,2013,4,18,6,05005KT,13,11
2013-04-18 07:00:00.000,2013,4,18,7,05005KT,13,11
2013-04-18 08:00:00.000,2013,4,18,8,VRB02KT,12,11
2013-04-18 09:00:00.000,2013,4,18,9,04005KT,12,10
2013-04-18 10:00:00.000,2013,4,18,10,30004KT,12,10
2013-04-18 11:00:00.000,2013,4,18,11,31003KT,12,10
2013-04-18 12:00:00.000,2013,4,18,12,01003KT,13,10
2013-04-18 13:00:00.000,2013,4,18,13,02005KT,14,10
2013-04-18 14:00:00.000,2013,4,18,14,04004KT,16,11
2013-04-18 15:00:00.000,2013,4,18,15,05005KT,17,10
2013-04-18 16:00:00.000,2013,4,18,16,18004KT,18,10
2013-04-18 17:00:00.000,2013,4,18,17,27003KT,20,08
2013-04-18 18:00:00.000,2013,4,18,18,22010KT,20,11
2013-04-18 19:00:00.000,2013,4,18,19,22008KT,20,11
2013-04-18 20:00:00.000,2013,4,18,20,22015KT,20,11
2013-04-18 21:00:00.000,2013,4,18,21,22013KT,18,12
2013-04-18 22:00:00.000,2013,4,18,22,20010KT,14,11
2013-04-18 23:00:00.000,2013,4,18,23,09005KT,13,11
2013-04-19 00:00:00.000,2013,4,19,0,02004KT,12,11
2013-04-19 01:00:00.000,2013,4,19,1,VRB02KT,12,11
2013-04-19 02:00:00.000,2013,4,19,2,01005KT,12,11
2013-04-19 03:00:00.000,2013,4,19,3,01005KT,12,11
2013-04-19 04:00:00.000,2013,4,19,4,03004KT,12,11
2013-04-19 05:00:00.000,2013,4,19,5,VRB02KT,12,11
2013-04-19 06:00:00.000,2013,4,19,6,01004KT,12,11
2013-04-19 07:00:00.000,2013,4,19,7,35004KT,11,10
2013-04-19 08:00:00.000,2013,4,19,8,23009KT,11,11
2013-04-19 09:00:00.000,2013,4,19,9,00000KT,11,11
2013-04-19 10:00:00.000,2013,4,19,10,00000KT,11,11
2013-04-19 11:00:00.000,2013,4,19,11,00000KT,11,10
2013-04-19 12:00:00.000,2013,4,19,12,36005KT,11,10
2013-04-19 13:00:00.000,2013,4,19,13,02003KT,12,11
2013-04-19 14:00:00.000,2013,4,19,14,04003KT,13,11
2013-04-19 15:00:00.000,2013,4,19,15,VRB02KT,15,12
2013-04-19 16:00:00.000,2013,4,19,16,04004KT,17,11
2013-04-19 17:00:00.000,2013,4,19,17,33005KT,19,11
2013-04-19 18:00:00.000,2013,4,19,18,28004KT,18,10
2013-04-19 19:00:00.000,2013,4,19,19,16010KT,13,12
2013-04-19 20:00:00.000,2013,4,19,20,21006KT,13,12
2013-04-19 21:00:00.000,2013,4,19,21,03003KT,13,12
2013-04-19 22:00:00.000,2013,4,19,22,07003KT,14,11
2013-04-19 23:00:00.000,2013,4,19,23,03006KT,13,12
2013-04-20 00:00:00.000,2013,4,20,0,34003KT,12,11
2013-04-20 01:00:00.000,2013,4,20,1,03004KT,12,11
2013-04-20 02:00:00.000,2013,4,20,2,01003KT,11,11
2013-04-20 03:00:00.000,2013,4,20,3,VRB02KT,12,11
2013-04-20 04:00:00.000,2013,4,20,4,VRB02KT,12,11
2013-04-20 05:00:00.000,2013,4,20,5,03003KT,11,11
2013-04-20 06:00:00.000,2013,4,20,6,04003KT,11,11
2013-04-20 07:00:00.000,2013,4,20,7,VRB02KT,11,11
2013-04-20 08:00:00.000,2013,4,20,8,03004KT,11,10
2013-04-20 09:00:00.000,2013,4,20,9,04003KT,11,10
2013-04-20 10:00:00.000,2013,4,20,10,VRB02KT,11,10
2013-04-20 11:00:00.000,2013,4,20,11,36003KT,11,10
2013-04-20 12:00:00.000,2013,4,20,12,05003KT,12,11
2013-04-20 13:00:00.000,2013,4,20,13,06008KT,14,12
2013-04-20 14:00:00.000,2013,4,20,14,10006KT,17,11
2013-04-20 15:00:00.000,2013,4,20,15,07008KT,18,11
2013-04-20 16:00:00.000,2013,4,20,16,26005KT,18,11
2013-04-20 17:00:00.000,2013,4,20,17,27007KT,16,12
2013-04-20 18:00:00.000,2013,4,20,18,01006KT,17,10
2013-04-20 19:00:00.000,2013,4,20,19,29009KT,15,12
2013-04-20 20:00:00.000,2013,4,20,20,21007KT,13,11
2013-04-20 21:00:00.000,2013,4,20,21,25003KT,13,12
2013-04-20 22:00:00.000,2013,4,20,22,22005KT,14,12
2013-04-20 23:00:00.000,2013,4,20,23,VRB02KT,14,11
2013-04-21 00:00:00.000,2013,4,21,0,03003KT,13,11
2013-04-21 01:00:00.000,2013,4,21,1,33003KT,13,11
2013-04-21 02:00:00.000,2013,4,21,2,VRB02KT,13,11
2013-04-21 03:00:00.000,2013,4,21,3,VRB02KT,13,12
2013-04-21 04:00:00.000,2013,4,21,4,VRB02KT,12,11
2013-04-21 05:00:00.000,2013,4,21,5,VRB02KT,12,11
2013-04-21 06:00:00.000,2013,4,21,6,01003KT,12,11
2013-04-21 08:00:00.000,2013,4,21,8,28004KT,12,11
2013-04-21 09:00:00.000,2013,4,21,9,34003KT,12,11
2013-04-21 10:00:00.000,2013,4,21,10,36003KT,12,11
2013-04-21 11:00:00.000,2013,4,21,11,VRB02KT,12,11
2013-04-21 12:00:00.000,2013,4,21,12,VRB02KT,13,12
2013-04-21 13:00:00.000,2013,4,21,13,VRB02KT,14,12
2013-04-21 14:00:00.000,2013,4,21,14,02004KT,15,11
2013-04-21 15:00:00.000,2013,4,21,15,04004KT,15,11
2013-04-21 16:00:00.000,2013,4,21,16,26007KT,12,11
2013-04-21 17:00:00.000,2013,4,21,17,27008KT,12,11
2013-04-21 18:00:00.000,2013,4,21,18,00000KT,13,11
2013-04-21 19:00:00.000,2013,4,21,19,00000KT,14,12
2013-04-21 20:00:00.000,2013,4,21,20,15003KT,16,11
2013-04-21 21:00:00.000,2013,4,21,21,36004KT,18,10
2013-04-21 22:00:00.000,2013,4,21,22,VRB02KT,17,10
2013-04-21 23:00:00.000,2013,4,21,23,29005KT,15,13
2013-04-22 00:00:00.000,2013,4,22,0,30005KT,13,11
2013-04-22 01:00:00.000,2013,4,22,1,27005KT,13,12
2013-04-22 02:00:00.000,2013,4,22,2,27004KT,13,11
2013-04-22 03:00:00.000,2013,4,22,3,27004KT,13,11
2013-04-22 04:00:00.000,2013,4,22,4,20104KT,13,11
2013-04-22 05:00:00.000,2013,4,22,5,17003KT,12,11
2013-04-22 06:00:00.000,2013,4,22,6,VRB02KT,12,11
2013-04-22 07:00:00.000,2013,4,22,7,30004KT,11,10
2013-04-22 08:00:00.000,2013,4,22,8,VRB02KT,10,10
2013-04-22 09:00:00.000,2013,4,22,9,02003KT,10,09
2013-04-22 10:00:00.000,2013,4,22,10,VRB02KT,09,09
2013-04-22 11:00:00.000,2013,4,22,11,00000KT,10,09
2013-04-22 12:00:00.000,2013,4,22,12,36006KT,12,12
2013-04-22 13:00:00.000,2013,4,22,13,VRB02KT,16,10
2013-04-22 14:00:00.000,2013,4,22,14,VRB02KT,16,10
2013-04-22 15:00:00.000,2013,4,22,15,VRB02KT,17,09
2013-04-22 16:00:00.000,2013,4,22,16,26005G16KT,19,10
2013-04-22 17:00:00.000,2013,4,22,17,27012KT,18,11
2013-04-22 18:00:00.000,2013,4,22,18,27015KT,19,12
2013-04-22 19:00:00.000,2013,4,22,19,28015KT,17,12
2013-04-22 20:00:00.000,2013,4,22,20,32008KT,17,11
2013-04-22 21:00:00.000,2013,4,22,21,29009KT,16,12
2013-04-22 22:00:00.000,2013,4,22,22,26003KT,17,12
2013-04-22 23:00:00.000,2013,4,22,23,32003KT,16,12
2013-04-23 00:00:00.000,2013,4,23,0,33005KT,14,12
2013-04-23 01:00:00.000,2013,4,23,1,31003KT,14,12
2013-04-23 02:00:00.000,2013,4,23,2,27003KT,13,12
2013-04-23 03:00:00.000,2013,4,23,3,VRB02KT,12,11
2013-04-23 04:00:00.000,2013,4,23,4,34003KT,12,11
2013-04-23 05:00:00.000,2013,4,23,5,VRB02KT,11,11
2013-04-23 06:00:00.000,2013,4,23,6,34003KT,11,11
2013-04-23 07:00:00.000,2013,4,23,7,05003KT,12,11
2013-04-23 08:00:00.000,2013,4,23,8,VRB02KT,11,10
2013-04-23 09:00:00.000,2013,4,23,9,VRB02KT,11,10
2013-04-23 10:00:00.000,2013,4,23,10,VRB02KT,11,10
2013-04-23 11:00:00.000,2013,4,23,11,VRB02KT,11,10
2013-04-23 12:00:00.000,2013,4,23,12,06005KT,12,11
2013-04-23 13:00:00.000,2013,4,23,13,05004KT,13,11
2013-04-23 14:00:00.000,2013,4,23,14,25003KT,15,11
2013-04-23 15:00:00.000,2013,4,23,15,17003KT,18,10
2013-04-23 16:00:00.000,2013,4,23,16,27007KT,19,10
2013-04-23 17:00:00.000,2013,4,23,17,26014KT,18,12
2013-04-23 18:00:00.000,2013,4,23,18,27012KT,15,12
2013-04-23 19:00:00.000,2013,4,23,19,27010KT,17,11
2013-04-23 20:00:00.000,2013,4,23,20,25008KT,17,11
2013-04-23 21:00:00.000,2013,4,23,21,24008KT,17,09
2013-04-23 22:00:00.000,2013,4,23,22,30004KT,17,10
2013-04-23 23:00:00.000,2013,4,23,23,32006KT,15,10
2013-04-24 00:00:00.000,2013,4,24,0,01003KT,14,11
2013-04-24 01:00:00.000,2013,4,24,1,04006KT,12,11
2013-04-24 02:00:00.000,2013,4,24,2,02004KT,13,11
2013-04-24 04:00:00.000,2013,4,24,4,VRB02KT,12,11
2013-04-24 05:00:00.000,2013,4,24,5,00000KT,13,11
2013-04-24 06:00:00.000,2013,4,24,6,27003KT,13,11
2013-04-24 09:00:00.000,2013,4,24,9,35003KT,12,11
2013-04-24 10:00:00.000,2013,4,24,10,31004KT,12,11
2013-04-24 11:00:00.000,2013,4,24,11,00000KT,12,11
2013-04-24 12:00:00.000,2013,4,24,12,05005KT,14,11
2013-04-24 13:00:00.000,2013,4,24,13,00000KT,14,10
2013-04-24 14:00:00.000,2013,4,24,14,15005KT,16,10
2013-04-24 15:00:00.000,2013,4,24,15,30005KT,17,11
2013-04-24 16:00:00.000,2013,4,24,16,28006KT,18,11
2013-04-24 17:00:00.000,2013,4,24,17,29010KT,18,11
2013-04-24 18:00:00.000,2013,4,24,18,28008KT,18,10
2013-04-24 19:00:00.000,2013,4,24,19,25008KT,18,10
2013-04-24 20:00:00.000,2013,4,24,20,26008KT,18,10
2013-04-24 21:00:00.000,2013,4,24,21,23012KT,17,11
2013-04-24 22:00:00.000,2013,4,24,22,25009KT,17,11
2013-04-24 23:00:00.000,2013,4,24,23,26006KT,16,11
2013-04-25 00:00:00.000,2013,4,25,0,VRB02KT,15,11
2013-04-25 01:00:00.000,2013,4,25,1,VRB02KT,14,11
2013-04-25 02:00:00.000,2013,4,25,2,28005KT,14,09
2013-04-25 03:00:00.000,2013,4,25,3,32003KT,14,10
2013-04-25 04:00:00.000,2013,4,25,4,36003KT,14,11
2013-04-25 05:00:00.000,2013,4,25,5,32003KT,13,11
2013-04-25 06:00:00.000,2013,4,25,6,26007KT,13,11
2013-04-25 07:00:00.000,2013,4,25,7,25005KT,13,10
2013-04-25 08:00:00.000,2013,4,25,8,VRB02KT,12,10
2013-04-25 09:00:00.000,2013,4,25,9,VRB02KT,12,10
2013-04-25 10:00:00.000,2013,4,25,10,31003KT,12,10
2013-04-25 11:00:00.000,2013,4,25,11,VRB02KT,12,11
2013-04-25 12:00:00.000,2013,4,25,12,VRB02KT,12,11
2013-04-25 13:00:00.000,2013,4,25,13,32005KT,14,12
2013-04-25 14:00:00.000,2013,4,25,14,00000KT,16,10
2013-04-25 15:00:00.000,2013,4,25,15,VRB02KT,17,09
2013-04-25 16:00:00.000,2013,4,25,16,30005KT,19,10
2013-04-25 17:00:00.000,2013,4,25,17,21011KT,18,12
2013-04-25 18:00:00.000,2013,4,25,18,24009KT,16,13
2013-04-25 19:00:00.000,2013,4,25,19,27010KT,16,13
2013-04-25 20:00:00.000,2013,4,25,20,26010KT,17,13
2013-04-25 21:00:00.000,2013,4,25,21,21005KT,15,10
2013-04-25 22:00:00.000,2013,4,25,22,VRB02KT,15,09
2013-04-25 23:00:00.000,2013,4,25,23,01004KT,14,11
2013-04-26 00:00:00.000,2013,4,26,0,04006KT,13,11
2013-04-26 01:00:00.000,2013,4,26,1,12005KT,11,09
2013-04-26 02:00:00.000,2013,4,26,2,05006KT,12,11
2013-04-26 03:00:00.000,2013,4,26,3,02003KT,11,09
2013-04-26 04:00:00.000,2013,4,26,4,33004KT,11,08
2013-04-26 05:00:00.000,2013,4,26,5,33004KT,11,09
2013-04-26 06:00:00.000,2013,4,26,6,27003KT,11,07
2013-04-26 07:00:00.000,2013,4,26,7,03003KT,11,09
2013-04-26 08:00:00.000,2013,4,26,8,34003KT,10,08
2013-04-26 09:00:00.000,2013,4,26,9,VRB02KT,09,08
2013-04-26 10:00:00.000,2013,4,26,10,34003KT,08,07
2013-04-26 11:00:00.000,2013,4,26,11,VRB02KT,09,08
2013-04-26 12:00:00.000,2013,4,26,12,27005KT,10,09
2013-04-26 13:00:00.000,2013,4,26,13,17004KT,14,10
2013-04-26 14:00:00.000,2013,4,26,14,02005KT,16,10
2013-04-26 15:00:00.000,2013,4,26,15,00000KT,17,10
2013-04-26 16:00:00.000,2013,4,26,16,03007KT,19,10
2013-04-26 17:00:00.000,2013,4,26,17,19007KT,20,07
2013-04-26 18:00:00.000,2013,4,26,18,26008KT,21,10
2013-04-26 19:00:00.000,2013,4,26,19,28007KT,19,12
2013-04-26 20:00:00.000,2013,4,26,20,27010KT,19,12
2013-04-26 21:00:00.000,2013,4,26,21,28014KT,18,12
2013-04-26 22:00:00.000,2013,4,26,22,01005KT,16,12
2013-04-26 23:00:00.000,2013,4,26,23,31008KT,17,13
2013-04-27 00:00:00.000,2013,4,27,0,34004KT,15,12
2013-04-27 01:00:00.000,2013,4,27,1,22011KT,14,10
2013-04-27 02:00:00.000,2013,4,27,2,23005KT,12,09
2013-04-27 03:00:00.000,2013,4,27,3,35004KT,12,10
2013-04-27 04:00:00.000,2013,4,27,4,30005KT,12,08
2013-04-27 05:00:00.000,2013,4,27,5,VRB02KT,12,09
2013-04-27 06:00:00.000,2013,4,27,6,24004KT,11,09
2013-04-27 07:00:00.000,2013,4,27,7,00000KT,10,09
2013-04-27 08:00:00.000,2013,4,27,8,VRB02KT,10,10
2013-04-27 09:00:00.000,2013,4,27,9,VRB02KT,08,08
2013-04-27 10:00:00.000,2013,4,27,10,32003KT,06,06
2013-04-27 11:00:00.000,2013,4,27,11,VRB02KT,06,05
2013-04-27 12:00:00.000,2013,4,27,12,VRB02KT,07,07
2013-04-27 13:00:00.000,2013,4,27,13,00000KT,11,10
2013-04-27 14:00:00.000,2013,4,27,14,VRB02KT,15,11
2013-04-27 15:00:00.000,2013,4,27,15,VRB02KT,18,09
2013-04-27 16:00:00.000,2013,4,27,16,34004KT,19,17
2013-04-27 17:00:00.000,2013,4,27,17,29010KT,20,10
2013-04-27 18:00:00.000,2013,4,27,18,28009KT,19,10
2013-04-27 19:00:00.000,2013,4,27,19,27013KT,20,11
2013-04-27 20:00:00.000,2013,4,27,20,27015KT,20,11
2013-04-27 21:00:00.000,2013,4,27,21,25013KT,19,12
2013-04-27 22:00:00.000,2013,4,27,22,26007KT,18,10
2013-04-27 23:00:00.000,2013,4,27,23,22007KT,17,10
2013-04-28 00:00:00.000,2013,4,28,0,33006KT,14,12
2013-04-28 01:00:00.000,2013,4,28,1,33003KT,14,10
2013-04-28 02:00:00.000,2013,4,28,2,34005KT,12,10
2013-04-28 03:00:00.000,2013,4,28,3,32006KT,13,11
2013-04-28 04:00:00.000,2013,4,28,4,32006KT,12,11
2013-04-28 05:00:00.000,2013,4,28,5,VRB02KT,12,11
2013-04-28 06:00:00.000,2013,4,28,6,VRB02KT,12,10
2013-04-28 07:00:00.000,2013,4,28,7,09004KT,12,11
2013-04-28 08:00:00.000,2013,4,28,8,03003KT,11,10
2013-04-28 09:00:00.000,2013,4,28,9,03003KT,11,10
2013-04-28 10:00:00.000,2013,4,28,10,VRB02KT,11,10
2013-04-28 11:00:00.000,2013,4,28,11,33003KT,10,09
2013-04-28 12:00:00.000,2013,4,28,12,35003KT,11,10
2013-04-28 13:00:00.000,2013,4,28,13,05004KT,14,10
2013-04-28 14:00:00.000,2013,4,28,14,32005KT,17,10
2013-04-28 15:00:00.000,2013,4,28,15,35003KT,18,10
2013-04-28 16:00:00.000,2013,4,28,16,28008KT,19,11
2013-04-28 17:00:00.000,2013,4,28,17,24012KT,19,11
2013-04-28 18:00:00.000,2013,4,28,18,25012KT,18,11
2013-04-28 19:00:00.000,2013,4,28,19,16009KT,14,10
2013-04-28 20:00:00.000,2013,4,28,20,15008KT,16,12
2013-04-28 21:00:00.000,2013,4,28,21,34003KT,17,12
2013-04-28 22:00:00.000,2013,4,28,22,30004KT,16,11
2013-04-28 23:00:00.000,2013,4,28,23,26008KT,17,11
2013-04-29 00:00:00.000,2013,4,29,0,27004KT,15,11
2013-04-29 01:00:00.000,2013,4,29,1,31005KT,14,12
2013-04-29 02:00:00.000,2013,4,29,2,VRB02KT,13,12
2013-04-29 03:00:00.000,2013,4,29,3,VRB02KT,12,12
2013-04-29 04:00:00.000,2013,4,29,4,VRB02KT,11,10
2013-04-29 05:00:00.000,2013,4,29,5,27004KT,11,09
2013-04-29 06:00:00.000,2013,4,29,6,30004KT,11,10
2013-04-29 07:00:00.000,2013,4,29,7,12004KT,11,10
2013-04-29 08:00:00.000,2013,4,29,8,13003KT,11,10
2013-04-29 09:00:00.000,2013,4,29,9,31003KT,11,10
2013-04-29 10:00:00.000,2013,4,29,10,VRB02KT,11,10
2013-04-29 11:00:00.000,2013,4,29,11,VRB02KT,10,10
2013-04-29 12:00:00.000,2013,4,29,12,03004KT,12,11
2013-04-29 13:00:00.000,2013,4,29,13,03005KT,13,11
2013-04-29 14:00:00.000,2013,4,29,14,VRB02KT,16,11
2013-04-29 15:00:00.000,2013,4,29,15,VRB02KT,18,10
2013-04-29 16:00:00.000,2013,4,29,16,VRB02KT,17,08
2013-04-29 17:00:00.000,2013,4,29,17,23010KT,17,10
2013-04-29 18:00:00.000,2013,4,29,18,28008KT,17,12
2013-04-29 19:00:00.000,2013,4,29,19,25007KT,17,11
2013-04-29 20:00:00.000,2013,4,29,20,24007KT,16,12
2013-04-29 21:00:00.000,2013,4,29,21,31006KT,15,12
2013-04-29 22:00:00.000,2013,4,29,22,25005KT,15,11
2013-04-29 23:00:00.000,2013,4,29,23,29004KT,14,11
2013-04-30 00:00:00.000,2013,4,30,0,35005KT,13,11
2013-04-30 01:00:00.000,2013,4,30,1,36005KT,12,11
2013-04-30 02:00:00.000,2013,4,30,2,02003KT,13,12
2013-04-30 03:00:00.000,2013,4,30,3,34005KT,12,11
2013-04-30 04:00:00.000,2013,4,30,4,36004KT,12,11
2013-04-30 05:00:00.000,2013,4,30,5,29004KT,12,11
2013-04-30 06:00:00.000,2013,4,30,6,00000KT,12,11
2013-04-30 07:00:00.000,2013,4,30,7,VRB02KT,12,11
2013-04-30 08:00:00.000,2013,4,30,8,05004KT,12,11
2013-04-30 09:00:00.000,2013,4,30,9,05005KT,12,11
2013-04-30 10:00:00.000,2013,4,30,10,03004KT,11,10
2013-04-30 11:00:00.000,2013,4,30,11,06003KT,11,10
2013-04-30 12:00:00.000,2013,4,30,12,03005KT,12,11
2013-04-30 13:00:00.000,2013,4,30,13,06006KT,14,11
2013-04-30 14:00:00.000,2013,4,30,14,VRB02KT,16,10
2013-04-30 15:00:00.000,2013,4,30,15,02003KT,18,11
2013-04-30 16:00:00.000,2013,4,30,16,26007KT,18,11
2013-04-30 17:00:00.000,2013,4,30,17,28008KT,18,11
2013-04-30 18:00:00.000,2013,4,30,18,27010KT,19,12
2013-04-30 19:00:00.000,2013,4,30,19,04006KT,15,13
2013-04-30 20:00:00.000,2013,4,30,20,28008KT,16,13
2013-04-30 21:00:00.000,2013,4,30,21,25004KT,16,13
2013-04-30 22:00:00.000,2013,4,30,22,25004KT,16,11
2013-04-30 23:00:00.000,2013,4,30,23,27004KT,15,11
2013-05-01 00:00:00.000,2013,5,1,0,09004KT,14,12
2013-05-01 01:00:00.000,2013,5,1,1,03003KT,14,12
2013-05-01 02:00:00.000,2013,5,1,2,03004KT,13,11
2013-05-01 03:00:00.000,2013,5,1,3,VRB02KT,13,11
2013-05-01 04:00:00.000,2013,5,1,4,01004KT,12,11
2013-05-01 05:00:00.000,2013,5,1,5,07006KT,12,10
2013-05-01 06:00:00.000,2013,5,1,6,04003KT,13,11
2013-05-01 07:00:00.000,2013,5,1,7,07004KT,13,11
2013-05-01 08:00:00.000,2013,5,1,8,04006KT,13,11
2013-05-01 09:00:00.000,2013,5,1,9,03004KT,13,11
2013-05-01 10:00:00.000,2013,5,1,10,05004KT,12,10
2013-05-01 11:00:00.000,2013,5,1,11,03004KT,12,11
2013-05-01 12:00:00.000,2013,5,1,12,VRB02KT,13,11
2013-05-01 13:00:00.000,2013,5,1,13,28006KT,14,12
2013-05-01 14:00:00.000,2013,5,1,14,29007KT,15,12
2013-05-01 15:00:00.000,2013,5,1,15,VRB02KT,18,11
2013-05-01 16:00:00.000,2013,5,1,16,VRB02KT,18,11
2013-05-01 17:00:00.000,2013,5,1,17,26008KT,16,12
2013-05-01 18:00:00.000,2013,5,1,18,28010KT,15,12
2013-05-01 19:00:00.000,2013,5,1,19,27007KT,14,11
2013-05-01 20:00:00.000,2013,5,1,20,28006KT,14,12
2013-05-01 21:00:00.000,2013,5,1,21,VRB02KT,17,12
2013-05-01 22:00:00.000,2013,5,1,22,26006KT,17,11
2013-05-01 23:00:00.000,2013,5,1,23,32005KT,15,11
2013-05-02 00:00:00.000,2013,5,2,0,32005KT,13,10
2013-05-02 01:00:00.000,2013,5,2,1,VRB02KT,13,10
2013-05-02 02:00:00.000,2013,5,2,2,00000KT,13,10
2013-05-02 03:00:00.000,2013,5,2,3,34005KT,13,10
2013-05-02 04:00:00.000,2013,5,2,4,28003KT,13,10
2013-05-02 05:00:00.000,2013,5,2,5,32004KT,12,11
2013-05-02 06:00:00.000,2013,5,2,6,30003KT,12,10
2013-05-02 07:00:00.000,2013,5,2,7,VRB902KT,12,11
2013-05-02 08:00:00.000,2013,5,2,8,00000KT,12,11
2013-05-02 09:00:00.000,2013,5,2,9,28003KT,12,11
2013-05-02 10:00:00.000,2013,5,2,10,00000KT,12,11
2013-05-02 11:00:00.000,2013,5,2,11,VRB02KT,12,11
2013-05-02 12:00:00.000,2013,5,2,12,VRB02KT,12,11
2013-05-02 13:00:00.000,2013,5,2,13,35003KT,15,12
2013-05-02 14:00:00.000,2013,5,2,14,13003KT,17,12
2013-05-02 15:00:00.000,2013,5,2,15,30007KT,18,11
2013-05-02 16:00:00.000,2013,5,2,16,VRB02KT,19,09
2013-05-02 17:00:00.000,2013,5,2,17,23009KT,16,12
2013-05-02 18:00:00.000,2013,5,2,18,24010KT,16,12
2013-05-02 19:00:00.000,2013,5,2,19,29008KT,17,12
2013-05-02 20:00:00.000,2013,5,2,20,27006KT,18,12
2013-05-02 21:00:00.000,2013,5,2,21,33005KT,18,11
2013-05-02 22:00:00.000,2013,5,2,22,27011KT,17,11
2013-05-02 23:00:00.000,2013,5,2,23,29011KT,15,11
2013-05-03 00:00:00.000,2013,5,3,0,29009KT,14,11
2013-05-03 01:00:00.000,2013,5,3,1,28004KT,13,11
2013-05-03 02:00:00.000,2013,5,3,2,VRB02KT,13,11
2013-05-03 03:00:00.000,2013,5,3,3,VRB02KT,13,11
2013-05-03 04:00:00.000,2013,5,3,4,VRB02KT,13,12
2013-05-03 05:00:00.000,2013,5,3,5,VRB02KT,12,11
2013-05-03 06:00:00.000,2013,5,3,6,VRB02KT,12,11
2013-05-03 07:00:00.000,2013,5,3,7,VRB02KT,12,11
2013-05-03 08:00:00.000,2013,5,3,8,VRB02KT,12,11
2013-05-03 09:00:00.000,2013,5,3,9,02003KT,12,11
2013-05-03 10:00:00.000,2013,5,3,10,VRB02KT,12,11
2013-05-03 11:00:00.000,2013,5,3,11,00000KT,12,11
2013-05-03 12:00:00.000,2013,5,3,12,34004KT,13,11
2013-05-03 13:00:00.000,2013,5,3,13,28005KT,12,11
2013-05-03 14:00:00.000,2013,5,3,14,31007KT,13,11
2013-05-03 15:00:00.000,2013,5,3,15,30005KT,14,11
2013-05-03 16:00:00.000,2013,5,3,16,33006KT,16,11
2013-05-03 17:00:00.000,2013,5,3,17,15004KT,18,10
2013-05-03 18:00:00.000,2013,5,3,18,29009KT,20,10
2013-05-03 19:00:00.000,2013,5,3,19,23006KT,21,09
2013-05-03 20:00:00.000,2013,5,3,20,28010KT,19,12
2013-05-03 21:00:00.000,2013,5,3,21,26009KT,17,11
2013-05-03 22:00:00.000,2013,5,3,22,26003KT,16,12
2013-05-03 23:00:00.000,2013,5,3,23,00000KT,16,12
2013-05-04 00:00:00.000,2013,5,4,0,VRB02KT,14,12
2013-05-04 01:00:00.000,2013,5,4,1,04005KT,13,10
2013-05-04 02:00:00.000,2013,5,4,2,VRB02KT,13,10
2013-05-04 03:00:00.000,2013,5,4,3,VRB02KT,13,11
2013-05-04 04:00:00.000,2013,5,4,4,33003KT,13,11
2013-05-04 05:00:00.000,2013,5,4,5,27005KT,13,11
2013-05-04 06:00:00.000,2013,5,4,6,00000KT,11,10
2013-05-04 07:00:00.000,2013,5,4,7,24003KT,12,10
2013-05-04 08:00:00.000,2013,5,4,8,VRB02KT,11,09
2013-05-04 09:00:00.000,2013,5,4,9,05003KT,10,09
2013-05-04 10:00:00.000,2013,5,4,10,.04003KT,10,09
2013-05-04 11:00:00.000,2013,5,4,11,00000KT,11,10
2013-05-04 12:00:00.000,2013,5,4,12,VRB02KT,11,10
2013-05-04 13:00:00.000,2013,5,4,13,03003KT,13,12
2013-05-04 14:00:00.000,2013,5,4,14,VRB02KT,16,12
2013-05-04 15:00:00.000,2013,5,4,15,29003KT,18,11
2013-05-04 16:00:00.000,2013,5,4,16,26005KT,20,11
2013-05-04 17:00:00.000,2013,5,4,17,23005KT,22,11
2013-05-04 18:00:00.000,2013,5,4,18,28015KT,21,12
2013-05-04 19:00:00.000,2013,5,4,19,28017KT,21,11
2013-05-04 20:00:00.000,2013,5,4,20,28015KT,20,11
2013-05-04 21:00:00.000,2013,5,4,21,30015KT,20,11
2013-05-04 22:00:00.000,2013,5,4,22,29012KT,17,11
2013-05-04 23:00:00.000,2013,5,4,23,27008KT,16,12
2013-05-05 00:00:00.000,2013,5,5,0,29005KT,15,13
2013-05-05 01:00:00.000,2013,5,5,1,30004KT,14,12
2013-05-05 02:00:00.000,2013,5,5,2,VRB02KT,14,12
2013-05-05 03:00:00.000,2013,5,5,3,28004KT,14,12
2013-05-05 04:00:00.000,2013,5,5,4,30010KT,14,12
2013-05-05 05:00:00.000,2013,5,5,5,27007KT,13,11
2013-05-05 06:00:00.000,2013,5,5,6,VRB02KT,12,11
2013-05-05 07:00:00.000,2013,5,5,7,05004KT,12,11
2013-05-05 08:00:00.000,2013,5,5,8,VRB02KT,12,11
2013-05-05 09:00:00.000,2013,5,5,9,VRB02KT,12,11
2013-05-05 10:00:00.000,2013,5,5,10,35004KT,12,11
2013-05-05 11:00:00.000,2013,5,5,11,VRB02KT,11,11
2013-05-05 12:00:00.000,2013,5,5,12,VRB02KT,12,11
2013-05-05 13:00:00.000,2013,5,5,13,VRB02KT,13,11
2013-05-05 14:00:00.000,2013,5,5,14,35003KT,14,10
2013-05-05 15:00:00.000,2013,5,5,15,VRB02KT,16,10
2013-05-05 16:00:00.000,2013,5,5,16,30003KT,17,10
2013-05-05 17:00:00.000,2013,5,5,17,00000KT,18,10
2013-05-05 18:00:00.000,2013,5,5,18,27010KT,19,12
2013-05-05 19:00:00.000,2013,5,5,19,27012KT,18,11
2013-05-05 20:00:00.000,2013,5,5,20,28008KT,16,11
2013-05-05 21:00:00.000,2013,5,5,21,25006KT,15,11
2013-05-05 22:00:00.000,2013,5,5,22,25005KT,15,11
2013-05-05 23:00:00.000,2013,5,5,23,VRB02KT,15,11
2013-05-06 00:00:00.000,2013,5,6,0,27004KT,13,11
2013-05-06 01:00:00.000,2013,5,6,1,00000KT,12,11
2013-05-06 02:00:00.000,2013,5,6,2,32004KT,12,10
2013-05-06 03:00:00.000,2013,5,6,3,VRB02KT,13,11
2013-05-06 04:00:00.000,2013,5,6,4,25003KT,12,11
2013-05-06 05:00:00.000,2013,5,6,5,28003KT,12,11
2013-05-06 06:00:00.000,2013,5,6,6,27004KT,13,11
2013-05-06 07:00:00.000,2013,5,6,7,VRB02KT,12,11
2013-05-06 08:00:00.000,2013,5,6,8,30003KT,12,11
2013-05-06 09:00:00.000,2013,5,6,9,32007KT,11,10
2013-05-06 10:00:00.000,2013,5,6,10,32006KT,11,10
2013-05-06 11:00:00.000,2013,5,6,11,00000KT,11,10
2013-05-06 12:00:00.000,2013,5,6,12,VRB02KT,13,11
2013-05-06 13:00:00.000,2013,5,6,13,20004KT,14,10
2013-05-06 14:00:00.000,2013,5,6,14,15004KT,16,10
2013-05-06 15:00:00.000,2013,5,6,15,33006KT,17,10
2013-05-06 16:00:00.000,2013,5,6,16,22004KT,18,09
2013-05-06 17:00:00.000,2013,5,6,17,32004KT,20,11
2013-05-06 18:00:00.000,2013,5,6,18,27010KT,19,12
2013-05-06 19:00:00.000,2013,5,6,19,27012KT,18,11
2013-05-06 20:00:00.000,2013,5,6,20,26011KT,15,12
2013-05-06 21:00:00.000,2013,5,6,21,02003KT,14,12
2013-05-06 22:00:00.000,2013,5,6,22,00000KT,14,13
2013-05-06 23:00:00.000,2013,5,6,23,29003KT,14,11
2013-05-07 00:00:00.000,2013,5,7,0,00000KT,13,11
2013-05-07 01:00:00.000,2013,5,7,1,02003KT,11,10
2013-05-07 02:00:00.000,2013,5,7,2,32006KT,11,10
2013-05-07 03:00:00.000,2013,5,7,3,36003KT,11,09
2013-05-07 04:00:00.000,2013,5,7,4,VRB02KT,11,10
2013-05-07 05:00:00.000,2013,5,7,5,29004KT,10,09
2013-05-07 06:00:00.000,2013,5,7,6,VRB02KT,10,09
2013-05-07 07:00:00.000,2013,5,7,7,28003KT,10,09
2013-05-07 08:00:00.000,2013,5,7,8,25003KT,10,09
2013-05-07 09:00:00.000,2013,5,7,9,03003KT,10,09
2013-05-07 10:00:00.000,2013,5,7,10,VRB02KT,10,09
2013-05-07 11:00:00.000,2013,5,7,11,27003KT,11,10
2013-05-07 12:00:00.000,2013,5,7,12,00000KT,11,10
2013-05-07 13:00:00.000,2013,5,7,13,16006KT,12,11
2013-05-07 14:00:00.000,2013,5,7,14,19003KT,13,12
2013-05-07 15:00:00.000,2013,5,7,15,15007KT,12,11
2013-05-07 16:00:00.000,2013,5,7,16,00000KT,13,11
2013-05-07 17:00:00.000,2013,5,7,17,13007KT,16,11
2013-05-07 18:00:00.000,2013,5,7,18,13005KT,16,10
2013-05-07 19:00:00.000,2013,5,7,19,09005KT,16,10
2013-05-07 20:00:00.000,2013,5,7,20,13004KT,17,09
2013-05-07 21:00:00.000,2013,5,7,21,08007KT,16,10
2013-05-07 22:00:00.000,2013,5,7,22,03004KT,14,11
2013-05-07 23:00:00.000,2013,5,7,23,05005KT,14,10
2013-05-08 00:00:00.000,2013,5,8,0,06004KT,13,10
2013-05-08 01:00:00.000,2013,5,8,1,05007KT,12,10
2013-05-08 02:00:00.000,2013,5,8,2,04007KT,12,10
2013-05-08 03:00:00.000,2013,5,8,3,04004KT,11,10
2013-05-08 04:00:00.000,2013,5,8,4,VRB02KT,12,11
2013-05-08 05:00:00.000,2013,5,8,5,05003KT,11,10
2013-05-08 06:00:00.000,2013,5,8,6,VRB02KT,12,11
2013-05-08 07:00:00.000,2013,5,8,7,00000KT,11,10
2013-05-08 08:00:00.000,2013,5,8,8,05004KT,11,10
2013-05-08 09:00:00.000,2013,5,8,9,05004KT,11,10
2013-05-08 10:00:00.000,2013,5,8,10,06003KT,10,10
2013-05-08 11:00:00.000,2013,5,8,11,04005KT,10,09
2013-05-08 12:00:00.000,2013,5,8,12,05004KT,13,10
2013-05-08 13:00:00.000,2013,5,8,13,07005KT,15,11
2013-05-08 14:00:00.000,2013,5,8,14,07008KT,17,10
2013-05-08 15:00:00.000,2013,5,8,15,17010KT,17,08
2013-05-08 16:00:00.000,2013,5,8,16,19011KT,18,08
2013-05-08 17:00:00.000,2013,5,8,17,17014KT,19,09
2013-05-08 18:00:00.000,2013,5,8,18,18013KT,20,08
2013-05-08 19:00:00.000,2013,5,8,19,24012KT,18,11
2013-05-08 20:00:00.000,2013,5,8,20,24011KT,18,10
2013-05-08 21:00:00.000,2013,5,8,21,22010KT,17,10
2013-05-08 22:00:00.000,2013,5,8,22,22008KT,17,10
2013-05-08 23:00:00.000,2013,5,8,23,26004KT,16,10
2013-05-09 00:00:00.000,2013,5,9,0,01003KT,14,11
2013-05-09 01:00:00.000,2013,5,9,1,04004KT,14,10
2013-05-09 02:00:00.000,2013,5,9,2,02004KT,14,12
2013-05-09 03:00:00.000,2013,5,9,3,04003KT,14,11
2013-05-09 04:00:00.000,2013,5,9,4,00000KT,14,10
2013-05-09 05:00:00.000,2013,5,9,5,22004KT,14,11
2013-05-09 06:00:00.000,2013,5,9,6,VRB02KT,13,12
2013-05-09 07:00:00.000,2013,5,9,7,VRB02KT,12,11
2013-05-09 09:00:00.000,2013,5,9,9,02005KT,11,10
2013-05-09 10:00:00.000,2013,5,9,10,04004KT,,
2013-05-09 11:00:00.000,2013,5,9,11,04004KT,11,11
2013-05-09 12:00:00.000,2013,5,9,12,03005KT,13,11
2013-05-09 13:00:00.000,2013,5,9,13,VRB02KT,15,11
2013-05-09 14:00:00.000,2013,5,9,14,17003KT,15,10
2013-05-09 15:00:00.000,2013,5,9,15,05003KT,14,11
2013-05-09 16:00:00.000,2013,5,9,16,10004KT,17,11
2013-05-09 17:00:00.000,2013,5,9,17,10010KT,17,11
2013-05-09 18:00:00.000,2013,5,9,18,12010KT,18,09
2013-05-09 19:00:00.000,2013,5,9,19,13009KT,19,09
2013-05-09 20:00:00.000,2013,5,9,20,14010KT,18,09
2013-05-09 21:00:00.000,2013,5,9,21,18009KT,17,10
2013-05-09 22:00:00.000,2013,5,9,22,08004KT,17,10
2013-05-09 23:00:00.000,2013,5,9,23,04003KT,15,10
2013-05-10 00:00:00.000,2013,5,10,0,10005KT,15,09
2013-05-10 01:00:00.000,2013,5,10,1,13005KT,15,10
2013-05-10 02:00:00.000,2013,5,10,2,05008KT,15,10
2013-05-10 03:00:00.000,2013,5,10,3,06010KT,13,11
2013-05-10 04:00:00.000,2013,5,10,4,04010KT,13,12
2013-05-10 05:00:00.000,2013,5,10,5,05005KT,13,11
2013-05-10 06:00:00.000,2013,5,10,6,04005KT,12,11
2013-05-10 07:00:00.000,2013,5,10,7,00000KT,12,10
2013-05-10 08:00:00.000,2013,5,10,8,28004KT,11,11
2013-05-10 09:00:00.000,2013,5,10,9,VRB02KT,11,10
2013-05-10 10:00:00.000,2013,5,10,10,04003KT,10,09
2013-05-10 12:00:00.000,2013,5,10,12,VRB02KT,11,11
2013-05-10 13:00:00.000,2013,5,10,13,03004KT,15,11
2013-05-10 14:00:00.000,2013,5,10,14,VRB02KT,15,10
2013-05-10 15:00:00.000,2013,5,10,15,01004KT,17,10
2013-05-10 16:00:00.000,2013,5,10,16,35004KT,18,10
2013-05-10 17:00:00.000,2013,5,10,17,31004KT,18,10
2013-05-10 18:00:00.000,2013,5,10,18,28012KT,16,12
2013-05-10 19:00:00.000,2013,5,10,19,30006KT,18,13
2013-05-10 20:00:00.000,2013,5,10,20,30010KT,17,12
2013-05-10 21:00:00.000,2013,5,10,21,29010KT,18,13
2013-05-10 22:00:00.000,2013,5,10,22,27012KT,16,12
2013-05-10 23:00:00.000,2013,5,10,23,27012KT,15,12
2013-05-11 00:00:00.000,2013,5,11,0,27005KT,14,13
2013-05-11 01:00:00.000,2013,5,11,1,25003KT,14,13
2013-05-11 02:00:00.000,2013,5,11,2,VRB02KT,14,12
2013-05-11 03:00:00.000,2013,5,11,3,VRB02KT,13,12
2013-05-11 04:00:00.000,2013,5,11,4,VRB02KT,12,11
2013-05-11 05:00:00.000,2013,5,11,5,VRB02KT,10,09
2013-05-11 06:00:00.000,2013,5,11,6,06003KT,12,11
2013-05-11 07:00:00.000,2013,5,11,7,04007KT,11,10
2013-05-11 08:00:00.000,2013,5,11,8,04004KT,12,10
2013-05-11 09:00:00.000,2013,5,11,9,VRB02KT,11,10
2013-05-11 10:00:00.000,2013,5,11,10,08006KT,11,10
2013-05-11 11:00:00.000,2013,5,11,11,02004KT,08,07
2013-05-11 12:00:00.000,2013,5,11,12,03006KT,11,10
2013-05-11 13:00:00.000,2013,5,11,13,32006KT,14,10
2013-05-11 14:00:00.000,2013,5,11,14,06005KT,16,10
2013-05-11 15:00:00.000,2013,5,11,15,09006KT,18,09
2013-05-11 16:00:00.000,2013,5,11,16,04005KT,19,09
2013-05-11 17:00:00.000,2013,5,11,17,02004KT,18,08
2013-05-11 18:00:00.000,2013,5,11,18,33006KT,18,11
2013-05-11 19:00:00.000,2013,5,11,19,29015KT,18,12
2013-05-11 20:00:00.000,2013,5,11,20,24011KT,18,13
2013-05-11 21:00:00.000,2013,5,11,21,23011KT,18,13
2013-05-11 22:00:00.000,2013,5,11,22,26010KT,17,12
2013-05-11 23:00:00.000,2013,5,11,23,25008KT,16,12
2013-05-12 00:00:00.000,2013,5,12,0,28003KT,14,13
2013-05-12 01:00:00.000,2013,5,12,1,24003KT,13,12
2013-05-12 02:00:00.000,2013,5,12,2,00000KT,13,13
2013-05-12 03:00:00.000,2013,5,12,3,00000KT,13,12
2013-05-12 04:00:00.000,2013,5,12,4,36003KT,13,13
2013-05-12 05:00:00.000,2013,5,12,5,01003KT,12,11
2013-05-12 06:00:00.000,2013,5,12,6,VRB02KT,11,10
2013-05-12 07:00:00.000,2013,5,12,7,07004KT,11,10
2013-05-12 08:00:00.000,2013,5,12,8,06005KT,11,10
2013-05-12 09:00:00.000,2013,5,12,9,00000KT,09,08
2013-05-12 10:00:00.000,2013,5,12,10,VRB02KT,08,07
2013-05-12 11:00:00.000,2013,5,12,11,35003KT,08,07
2013-05-12 12:00:00.000,2013,5,12,12,06004KT,11,10
2013-05-12 13:00:00.000,2013,5,12,13,05006KT,14,10
2013-05-12 14:00:00.000,2013,5,12,14,03003KT,17,07
2013-05-12 15:00:00.000,2013,5,12,15,06005KT,19,06
2013-05-12 16:00:00.000,2013,5,12,16,11009KT,21,05
2013-05-12 17:00:00.000,2013,5,12,17,18008KT,20,06
2013-05-12 18:00:00.000,2013,5,12,18,12014KT,20,07
2013-05-12 19:00:00.000,2013,5,12,19,16016KT,19,08
2013-05-12 20:00:00.000,2013,5,12,20,16014KT,19,09
2013-05-12 21:00:00.000,2013,5,12,21,VRB02KT,21,07
2013-05-12 22:00:00.000,2013,5,12,22,32007KT,17,13
2013-05-12 23:00:00.000,2013,5,12,23,27008KT,15,12
2013-05-13 00:00:00.000,2013,5,13,0,34003KT,13,11
2013-05-13 01:00:00.000,2013,5,13,1,VRB02KT,12,11
2013-05-13 02:00:00.000,2013,5,13,2,VRB02KT,11,10
2013-05-13 03:00:00.000,2013,5,13,3,00000KT,12,10
2013-05-13 04:00:00.000,2013,5,13,4,04004KT,11,10
2013-05-13 05:00:00.000,2013,5,13,5,04005KT,12,10
2013-05-13 06:00:00.000,2013,5,13,6,03004KT,12,10
2013-05-13 07:00:00.000,2013,5,13,7,04003KT,12,10
2013-05-13 09:00:00.000,2013,5,13,9,03007KT,11,10
2013-05-13 10:00:00.000,2013,5,13,10,06006KT,11,10
2013-05-13 11:00:00.000,2013,5,13,11,06005KT,11,09
2013-05-13 12:00:00.000,2013,5,13,12,03006KT,12,10
2013-05-13 13:00:00.000,2013,5,13,13,05007KT,14,10
2013-05-13 14:00:00.000,2013,5,13,14,03005KT,17,10
2013-05-13 15:00:00.000,2013,5,13,15,13006KT,18,10
2013-05-13 16:00:00.000,2013,5,13,16,14010KT,19,10
2013-05-13 17:00:00.000,2013,5,13,17,10010KT,20,10
2013-05-13 18:00:00.000,2013,5,13,18,04009KT,19,09
2013-05-13 19:00:00.000,2013,5,13,19,07010KT,19,09
2013-05-13 20:00:00.000,2013,5,13,20,07009KT,19,08
2013-05-13 21:00:00.000,2013,5,13,21,07006KT,18,09
2013-05-13 22:00:00.000,2013,5,13,22,132200Z,17,09
2013-05-13 23:00:00.000,2013,5,13,23,07005KT,16,09
2013-05-14 00:00:00.000,2013,5,14,0,08004KT,16,09
2013-05-14 01:00:00.000,2013,5,14,1,09006KT,16,09
2013-05-14 02:00:00.000,2013,5,14,2,05006KT,15,10
2013-05-14 03:00:00.000,2013,5,14,3,03003KT,14,11
2013-05-14 04:00:00.000,2013,5,14,4,08004KT,14,10
2013-05-14 05:00:00.000,2013,5,14,5,01005KT,13,10
2013-05-14 06:00:00.000,2013,5,14,6,02006KT,13,10
2013-05-14 07:00:00.000,2013,5,14,7,05004KT,13,09
2013-05-14 08:00:00.000,2013,5,14,8,07005KT,13,09
2013-05-14 09:00:00.000,2013,5,14,9,36005KT,12,10
2013-05-14 10:00:00.000,2013,5,14,10,01004KT,12,10
2013-05-14 11:00:00.000,2013,5,14,11,04005KT,13,10
2013-05-14 12:00:00.000,2013,5,14,12,05008KT,13,10
2013-05-14 13:00:00.000,2013,5,14,13,05008KT,14,10
2013-05-14 14:00:00.000,2013,5,14,14,03005KT,14,12
2013-05-14 15:00:00.000,2013,5,14,15,20003KT,16,12
2013-05-14 16:00:00.000,2013,5,14,16,11012KT,17,10
2013-05-14 17:00:00.000,2013,5,14,17,12008KT,18,10
2013-05-14 18:00:00.000,2013,5,14,18,10009KT,18,09
2013-05-14 19:00:00.000,2013,5,14,19,10008KT,17,10
2013-05-14 20:00:00.000,2013,5,14,20,12008KT,19,09
2013-05-14 21:00:00.000,2013,5,14,21,11003KT,19,09
2013-05-14 22:00:00.000,2013,5,14,22,05003KT,18,09
2013-05-14 23:00:00.000,2013,5,14,23,30004KT,16,11
2013-05-15 00:00:00.000,2013,5,15,0,VRB02KT,14,12
2013-05-15 01:00:00.000,2013,5,15,1,32005KT,13,11
2013-05-15 02:00:00.000,2013,5,15,2,33004KT,13,11
2013-05-15 03:00:00.000,2013,5,15,3,VRB02KT,13,11
2013-05-15 04:00:00.000,2013,5,15,4,06006KT,13,11
2013-05-15 05:00:00.000,2013,5,15,5,05005KT,14,10
2013-05-15 06:00:00.000,2013,5,15,6,VRB02KT,13,11
2013-05-15 07:00:00.000,2013,5,15,7,VRB02KT,13,11
2013-05-15 08:00:00.000,2013,5,15,8,04004KT,13,11
2013-05-15 09:00:00.000,2013,5,15,9,03004KT,12,11
2013-05-15 10:00:00.000,2013,5,15,10,04004KT,11,10
2013-05-15 11:00:00.000,2013,5,15,11,01003KT,12,11
2013-05-15 12:00:00.000,2013,5,15,12,11003KT,13,11
2013-05-15 13:00:00.000,2013,5,15,13,06007KT,15,12
2013-05-15 14:00:00.000,2013,5,15,14,07005KT,17,10
2013-05-15 15:00:00.000,2013,5,15,15,16007KT,18,10
2013-05-15 16:00:00.000,2013,5,15,16,15007KT,17,12
2013-05-15 17:00:00.000,2013,5,15,17,05007KT,16,12
2013-05-15 18:00:00.000,2013,5,15,18,27008KT,17,13
2013-05-15 19:00:00.000,2013,5,15,19,31008KT,17,12
2013-05-15 20:00:00.000,2013,5,15,20,28012KT,15,12
2013-05-15 21:00:00.000,2013,5,15,21,28008KT,14,13
2013-05-15 22:00:00.000,2013,5,15,22,32004KT,15,12
2013-05-15 23:00:00.000,2013,5,15,23,33004KT,14,12
2013-05-16 00:00:00.000,2013,5,16,0,28003KT,13,12
2013-05-16 01:00:00.000,2013,5,16,1,VRB02KT,13,12
2013-05-16 02:00:00.000,2013,5,16,2,35003KT,12,11
2013-05-16 03:00:00.000,2013,5,16,3,VRB02KT,12,11
2013-05-16 04:00:00.000,2013,5,16,4,02003KT,12,11
2013-05-16 05:00:00.000,2013,5,16,5,05003KT,13,12
2013-05-16 06:00:00.000,2013,5,16,6,00000KT,13,11
2013-05-16 08:00:00.000,2013,5,16,8,04006KT,12,11
2013-05-16 09:00:00.000,2013,5,16,9,05005KT,12,11
2013-05-16 10:00:00.000,2013,5,16,10,04005KT,12,10
2013-05-16 11:00:00.000,2013,5,16,11,36003KT,12,11
2013-05-16 12:00:00.000,2013,5,16,12,04006KT,13,11
2013-05-16 13:00:00.000,2013,5,16,13,04007KT,15,11
2013-05-16 14:00:00.000,2013,5,16,14,04008KT,16,11
2013-05-16 15:00:00.000,2013,5,16,15,03010KT,16,11
2013-05-16 16:00:00.000,2013,5,16,16,06008KT,16,11
2013-05-16 17:00:00.000,2013,5,16,17,12004KT,15,11
2013-05-16 18:00:00.000,2013,5,16,18,19003KT,17,10
2013-05-16 19:00:00.000,2013,5,16,19,06006KT,17,11
2013-05-16 20:00:00.000,2013,5,16,20,04006KT,19,11
2013-05-16 21:00:00.000,2013,5,16,21,36004KT,18,11
2013-05-16 22:00:00.000,2013,5,16,22,26006KT,16,13
2013-05-16 23:00:00.000,2013,5,16,23,25006KT,16,13
2013-05-17 01:00:00.000,2013,5,17,1,32003KT,14,12
2013-05-17 02:00:00.000,2013,5,17,2,02004KT,14,12
2013-05-17 03:00:00.000,2013,5,17,3,00000KT,13,12
2013-05-17 04:00:00.000,2013,5,17,4,35003KT,13,11
2013-05-17 05:00:00.000,2013,5,17,5,36003KT,12,11
2013-05-17 06:00:00.000,2013,5,17,6,VRB02KT,12,11
2013-05-17 07:00:00.000,2013,5,17,7,05003KT,13,10
2013-05-17 08:00:00.000,2013,5,17,8,06004KT,12,11
2013-05-17 09:00:00.000,2013,5,17,9,04005KT,12,11
2013-05-17 10:00:00.000,2013,5,17,10,34004KT,12,11
2013-05-17 11:00:00.000,2013,5,17,11,00000KT,12,11
2013-05-17 12:00:00.000,2013,5,17,12,00000KT,12,11
2013-05-17 13:00:00.000,2013,5,17,13,06003KT,12,12
2013-05-17 14:00:00.000,2013,5,17,14,13006KT,13,11
2013-05-17 15:00:00.000,2013,5,17,15,07005KT,14,12
2013-05-17 16:00:00.000,2013,5,17,16,03008KT,14,11
2013-05-17 17:00:00.000,2013,5,17,17,35005KT,17,12
2013-05-17 18:00:00.000,2013,5,17,18,06009KT,16,11
2013-05-17 19:00:00.000,2013,5,17,19,34004KT,17,12
2013-05-17 20:00:00.000,2013,5,17,20,27006KT,17,11
2013-05-17 21:00:00.000,2013,5,17,21,33008KT,18,13
2013-05-17 22:00:00.000,2013,5,17,22,30006KT,17,12
2013-05-17 23:00:00.000,2013,5,17,23,33004KT,17,12
2013-05-18 00:00:00.000,2013,5,18,0,23003KT,15,12
2013-05-18 01:00:00.000,2013,5,18,1,25004KT,14,12
2013-05-18 02:00:00.000,2013,5,18,2,24004KT,13,12
2013-05-18 03:00:00.000,2013,5,18,3,00000KT,11,11
2013-05-18 04:00:00.000,2013,5,18,4,03004KT,12,11
2013-05-18 05:00:00.000,2013,5,18,5,03004KT,12,11
2013-05-18 06:00:00.000,2013,5,18,6,31003KT,11,11
2013-05-18 07:00:00.000,2013,5,18,7,00000KT,11,10
2013-05-18 08:00:00.000,2013,5,18,8,36003KT,12,11
2013-05-18 09:00:00.000,2013,5,18,9,06004KT,12,11
2013-05-18 10:00:00.000,2013,5,18,10,04004KT,11,10
2013-05-18 11:00:00.000,2013,5,18,11,00000KT,11,10
2013-05-18 12:00:00.000,2013,5,18,12,05004KT,13,11
2013-05-18 13:00:00.000,2013,5,18,13,VRB02KT,15,11
2013-05-18 14:00:00.000,2013,5,18,14,12007KT,16,09
2013-05-18 15:00:00.000,2013,5,18,15,15009KT,18,09
2013-05-18 16:00:00.000,2013,5,18,16,12009KT,18,10
2013-05-18 17:00:00.000,2013,5,18,17,11009KT,18,09
2013-05-18 18:00:00.000,2013,5,18,18,09008KT,18,10
2013-05-18 19:00:00.000,2013,5,18,19,11006KT,19,09
2013-05-18 20:00:00.000,2013,5,18,20,11007KT,19,09
2013-05-18 21:00:00.000,2013,5,18,21,11008KT,18,09
2013-05-18 22:00:00.000,2013,5,18,22,11010KT,19,09
2013-05-18 23:00:00.000,2013,5,18,23,12008KT,16,09
2013-05-19 00:00:00.000,2013,5,19,0,16006KT,16,10
2013-05-19 01:00:00.000,2013,5,19,1,08006KT,16,11
2013-05-19 02:00:00.000,2013,5,19,2,VRB02KT,14,11
2013-05-19 03:00:00.000,2013,5,19,3,35004KT,14,11
2013-05-19 04:00:00.000,2013,5,19,4,36004KT,14,11
2013-05-19 05:00:00.000,2013,5,19,5,03004KT,14,11
2013-05-19 06:00:00.000,2013,5,19,6,VRB02KT,13,11
2013-05-19 07:00:00.000,2013,5,19,7,VRB02KT,12,11
2013-05-19 08:00:00.000,2013,5,19,8,VRB02KT,12,11
2013-05-19 09:00:00.000,2013,5,19,9,06006KT,12,11
2013-05-19 10:00:00.000,2013,5,19,10,07004KT,12,11
2013-05-19 11:00:00.000,2013,5,19,11,34004KT,13,11
2013-05-19 12:00:00.000,2013,5,19,12,06007KT,14,11
2013-05-19 13:00:00.000,2013,5,19,13,07006KT,15,11
2013-05-19 14:00:00.000,2013,5,19,14,06007KT,16,10
2013-05-19 15:00:00.000,2013,5,19,15,05011KT,18,10
2013-05-19 16:00:00.000,2013,5,19,16,12012KT,19,09
2013-05-19 17:00:00.000,2013,5,19,17,13008KT,19,10
2013-05-19 18:00:00.000,2013,5,19,18,15010KT,20,09
2013-05-19 19:00:00.000,2013,5,19,19,130007KT,20,09
2013-05-19 20:00:00.000,2013,5,19,20,28010KT,18,12
2013-05-19 21:00:00.000,2013,5,19,21,14018KT,19,18
2013-05-19 22:00:00.000,2013,5,19,22,16010KT,18,09
2013-05-19 23:00:00.000,2013,5,19,23,12010KT,17,09
2013-05-20 00:00:00.000,2013,5,20,0,11007KT,16,09
2013-05-20 01:00:00.000,2013,5,20,1,09004KT,15,09
2013-05-20 02:00:00.000,2013,5,20,2,05006KT,15,09
2013-05-20 03:00:00.000,2013,5,20,3,08004KT,14,09
2013-05-20 04:00:00.000,2013,5,20,4,02006KT,11,09
2013-05-20 05:00:00.000,2013,5,20,5,VRB02KT,11,08
2013-05-20 06:00:00.000,2013,5,20,6,VRB02KT,12,09
2013-05-20 07:00:00.000,2013,5,20,7,02005KT,12,09
2013-05-20 08:00:00.000,2013,5,20,8,VRB02KT,12,09
2013-05-20 09:00:00.000,2013,5,20,9,01003KT,12,09
2013-05-20 10:00:00.000,2013,5,20,10,VRB02KT,11,10
2013-05-20 11:00:00.000,2013,5,20,11,20003KT,12,10
2013-05-20 12:00:00.000,2013,5,20,12,24004KT,14,11
2013-05-20 13:00:00.000,2013,5,20,13,10004KT,16,11
2013-05-20 14:00:00.000,2013,5,20,14,16012KT,17,09
2013-05-20 15:00:00.000,2013,5,20,15,14012KT,18,10
2013-05-20 16:00:00.000,2013,5,20,16,02006G15KT,17,10
2013-05-20 17:00:00.000,2013,5,20,17,03010KT,17,12
2013-05-20 18:00:00.000,2013,5,20,18,05006KT,17,12
2013-05-20 19:00:00.000,2013,5,20,19,01006KT,18,12
2013-05-20 20:00:00.000,2013,5,20,20,35004KT,18,11
2013-05-20 21:00:00.000,2013,5,20,21,32004KT,16,13
2013-05-20 22:00:00.000,2013,5,20,22,36004KT,16,13
2013-05-20 23:00:00.000,2013,5,20,23,30006KT,15,12
2013-05-21 00:00:00.000,2013,5,21,0,26003KT,15,09
2013-05-21 01:00:00.000,2013,5,21,1,25004KT,15,09
2013-05-21 02:00:00.000,2013,5,21,2,07008KT,13,10
2013-05-21 03:00:00.000,2013,5,21,3,33004KT,12,11
2013-05-21 04:00:00.000,2013,5,21,4,08003KT,12,11
2013-05-21 05:00:00.000,2013,5,21,5,02003KT,12,11
2013-05-21 06:00:00.000,2013,5,21,6,00000KT,12,11
2013-05-21 07:00:00.000,2013,5,21,7,VRB02KT,12,11
2013-05-21 08:00:00.000,2013,5,21,8,VRB02KT,12,11
2013-05-21 09:00:00.000,2013,5,21,9,VRB02KT,12,11
2013-05-21 10:00:00.000,2013,5,21,10,03004KT,12,11
2013-05-21 11:00:00.000,2013,5,21,11,36003KT,12,11
2013-05-21 12:00:00.000,2013,5,21,12,05004KT,13,11
2013-05-21 13:00:00.000,2013,5,21,13,05006KT,14,11
2013-05-21 14:00:00.000,2013,5,21,14,05008KT,16,11
2013-05-21 15:00:00.000,2013,5,21,15,VRB02KT,16,12
2013-05-21 16:00:00.000,2013,5,21,16,33006KT,15,12
2013-05-21 17:00:00.000,2013,5,21,17,31008KT,16,11
2013-05-21 18:00:00.000,2013,5,21,18,27009KT,15,13
2013-05-21 19:00:00.000,2013,5,21,19,27006KT,16,13
2013-05-21 20:00:00.000,2013,5,21,20,23008KT,15,13
2013-05-21 21:00:00.000,2013,5,21,21,23009KT,16,14
2013-05-21 22:00:00.000,2013,5,21,22,28010KT,14,13
2013-05-21 23:00:00.000,2013,5,21,23,27009KT,13,12
2013-05-22 00:00:00.000,2013,5,22,0,31007KT,12,11
2013-05-22 01:00:00.000,2013,5,22,1,VRB02KT,12,11
2013-05-22 02:00:00.000,2013,5,22,2,04005KT,12,11
2013-05-22 03:00:00.000,2013,5,22,3,VRB02KT,12,11
2013-05-22 04:00:00.000,2013,5,22,4,03003KT,12,11
2013-05-22 05:00:00.000,2013,5,22,5,VRB02KT,12,11
2013-05-22 06:00:00.000,2013,5,22,6,VRB02G12KT,11,10
2013-05-22 07:00:00.000,2013,5,22,7,31003KT,12,11
2013-05-22 08:00:00.000,2013,5,22,8,VRB02KT,12,11
2013-05-22 09:00:00.000,2013,5,22,9,VRB02KT,12,11
2013-05-22 10:00:00.000,2013,5,22,10,VRB02KT,12,11
2013-05-22 11:00:00.000,2013,5,22,11,VRB02KT,12,11
2013-05-22 12:00:00.000,2013,5,22,12,VRB02KT,12,11
2013-05-22 13:00:00.000,2013,5,22,13,02006KT,12,12
2013-05-22 15:00:00.000,2013,5,22,15,34003KT,16,11
2013-05-22 16:00:00.000,2013,5,22,16,26004KT,17,11
2013-05-22 17:00:00.000,2013,5,22,17,25006KT,17,12
2013-05-22 18:00:00.000,2013,5,22,18,33005KT,16,12
2013-05-22 19:00:00.000,2013,5,22,19,25006KT,16,13
2013-05-22 20:00:00.000,2013,5,22,20,26008KT,17,13
2013-05-22 21:00:00.000,2013,5,22,21,31010KT,16,13
2013-05-22 22:00:00.000,2013,5,22,22,29010KT,15,12
2013-05-22 23:00:00.000,2013,5,22,23,02004KT,13,12
2013-05-23 00:00:00.000,2013,5,23,0,00000KT,13,12
2013-05-23 01:00:00.000,2013,5,23,1,03003KT,12,11
2013-05-23 02:00:00.000,2013,5,23,2,36003KT,12,12
2013-05-23 03:00:00.000,2013,5,23,3,32003KT,12,12
2013-05-23 04:00:00.000,2013,5,23,4,00000KT,12,11
2013-05-23 05:00:00.000,2013,5,23,5,32003KT,12,11
2013-05-23 06:00:00.000,2013,5,23,6,00000KT,12,11
2013-05-23 07:00:00.000,2013,5,23,7,34003KT,12,11
2013-05-23 08:00:00.000,2013,5,23,8,03003KT,12,11
2013-05-23 09:00:00.000,2013,5,23,9,03003KT,11,11
2013-05-23 10:00:00.000,2013,5,23,10,05005KT,12,11
2013-05-23 11:00:00.000,2013,5,23,11,03007KT,11,10
2013-05-23 12:00:00.000,2013,5,23,12,05005KT,12,11
2013-05-23 13:00:00.000,2013,5,23,13,06005KT,15,11
2013-05-23 14:00:00.000,2013,5,23,14,06006KT,15,10
2013-05-23 15:00:00.000,2013,5,23,15,05006KT,18,11
2013-05-23 16:00:00.000,2013,5,23,16,13004KT,18,09
2013-05-23 17:00:00.000,2013,5,23,17,14006KT,20,11
2013-05-23 18:00:00.000,2013,5,23,18,02003KT,19,09
2013-05-23 19:00:00.000,2013,5,23,19,27011KT,16,13
2013-05-23 20:00:00.000,2013,5,23,20,24008KT,14,13
2013-05-23 22:00:00.000,2013,5,23,22,26005KT,14,12
2013-05-24 01:00:00.000,2013,5,24,1,33003KT,12,11
2013-05-24 02:00:00.000,2013,5,24,2,VRB02KT,12,11
2013-05-24 03:00:00.000,2013,5,24,3,VRB02KT,12,11
2013-05-24 04:00:00.000,2013,5,24,4,02004KT,12,11
2013-05-24 05:00:00.000,2013,5,24,5,00000KT,12,11
2013-05-24 06:00:00.000,2013,5,24,6,VRB02KT,12,12
2013-05-24 07:00:00.000,2013,5,24,7,VRB02KT,12,12
2013-05-24 08:00:00.000,2013,5,24,8,03004KT,12,12
2013-05-24 09:00:00.000,2013,5,24,9,VRB02KT,12,11
2013-05-24 10:00:00.000,2013,5,24,10,VRB02KT,12,11
2013-05-24 11:00:00.000,2013,5,24,11,VRB02KT,12,11
2013-05-24 13:00:00.000,2013,5,24,13,04003KT,13,12
2013-05-24 14:00:00.000,2013,5,24,14,06003KT,15,12
2013-05-24 15:00:00.000,2013,5,24,15,05006KT,15,12
2013-05-24 16:00:00.000,2013,5,24,16,04006KT,16,12
2013-05-24 17:00:00.000,2013,5,24,17,05006KT,17,12
2013-05-24 18:00:00.000,2013,5,24,18,15014KT,18,10
2013-05-24 19:00:00.000,2013,5,24,19,14010KT,19,08
2013-05-24 20:00:00.000,2013,5,24,20,15012KT,16,11
2013-05-24 21:00:00.000,2013,5,24,21,36008KT,16,11
2013-05-24 22:00:00.000,2013,5,24,22,32007KT,16,11
2013-05-25 00:00:00.000,2013,5,25,0,13006KT,14,11
2013-05-25 01:00:00.000,2013,5,25,1,06006KT,14,10
2013-05-25 02:00:00.000,2013,5,25,2,04006KT,13,10
2013-05-25 03:00:00.000,2013,5,25,3,07004KT,13,10
2013-05-25 04:00:00.000,2013,5,25,4,02004KT,12,10
2013-05-25 05:00:00.000,2013,5,25,5,01004KT,11,10
2013-05-25 06:00:00.000,2013,5,25,6,34004KT,11,10
2013-05-25 07:00:00.000,2013,5,25,7,VRB02KT,11,10
2013-05-25 08:00:00.000,2013,5,25,8,00000KT,11,10
2013-05-25 09:00:00.000,2013,5,25,9,VRB02KT,11,10
2013-05-25 10:00:00.000,2013,5,25,10,29004KT,10,10
2013-05-25 11:00:00.000,2013,5,25,11,VRB02KT,10,09
2013-05-25 12:00:00.000,2013,5,25,12,06004KT,13,10
2013-05-25 13:00:00.000,2013,5,25,13,05006KT,15,10
2013-05-25 14:00:00.000,2013,5,25,14,13003KT,17,09
2013-05-25 15:00:00.000,2013,5,25,15,10010KT,18,09
2013-05-25 16:00:00.000,2013,5,25,16,08004KT,19,09
2013-05-25 17:00:00.000,2013,5,25,17,13010KT,19,07
2013-05-25 18:00:00.000,2013,5,25,18,13012KT,20,06
2013-05-25 19:00:00.000,2013,5,25,19,05004KT,20,07
2013-05-25 20:00:00.000,2013,5,25,20,25012KT,19,11
2013-05-25 21:00:00.000,2013,5,25,21,27008KT,18,11
2013-05-25 22:00:00.000,2013,5,25,22,26013KT,18,12
2013-05-25 23:00:00.000,2013,5,25,23,24008KT,16,12
2013-05-26 00:00:00.000,2013,5,26,0,28004KT,14,11
2013-05-26 01:00:00.000,2013,5,26,1,02003KT,13,11
2013-05-26 02:00:00.000,2013,5,26,2,34004KT,13,11
2013-05-26 03:00:00.000,2013,5,26,3,35004KT,11,10
2013-05-26 04:00:00.000,2013,5,26,4,03003KT,11,10
2013-05-26 05:00:00.000,2013,5,26,5,31003KT,11,10
2013-05-26 06:00:00.000,2013,5,26,6,35003KT,11,10
2013-05-26 07:00:00.000,2013,5,26,7,00000KT,12,11
2013-05-26 08:00:00.000,2013,5,26,8,VRB02KT,11,10
2013-05-26 09:00:00.000,2013,5,26,9,00000KT,11,10
2013-05-26 10:00:00.000,2013,5,26,10,04004KT,11,10
2013-05-26 11:00:00.000,2013,5,26,11,VRB02KT,11,10
2013-05-26 12:00:00.000,2013,5,26,12,00000KT,12,11
2013-05-26 13:00:00.000,2013,5,26,13,05006KT,14,11
2013-05-26 14:00:00.000,2013,5,26,14,07006KT,16,10
2013-05-26 15:00:00.000,2013,5,26,15,04010KT,16,10
2013-05-26 16:00:00.000,2013,5,26,16,05012KT,17,10
2013-05-26 17:00:00.000,2013,5,26,17,08010KT,17,10
2013-05-26 18:00:00.000,2013,5,26,18,06005KT,17,11
2013-05-26 19:00:00.000,2013,5,26,19,15007KT,18,10
2013-05-26 20:00:00.000,2013,5,26,20,14008KT,17,09
2013-05-26 21:00:00.000,2013,5,26,21,06011KT,16,07
2013-05-26 22:00:00.000,2013,5,26,22,05006KT,12,10
2013-05-26 23:00:00.000,2013,5,26,23,03005KT,12,09
2013-05-27 00:00:00.000,2013,5,27,0,VRB02KT,12,09
2013-05-27 01:00:00.000,2013,5,27,1,03006KT,12,09
2013-05-27 02:00:00.000,2013,5,27,2,04005KT,12,09
2013-05-27 03:00:00.000,2013,5,27,3,06006KT,11,09
2013-05-27 04:00:00.000,2013,5,27,4,05006KT,11,09
2013-05-27 05:00:00.000,2013,5,27,5,05005KT,11,09
2013-05-27 06:00:00.000,2013,5,27,6,06003KT,10,08
2013-05-27 07:00:00.000,2013,5,27,7,05003KT,10,08
2013-05-27 08:00:00.000,2013,5,27,8,36003KT,09,08
2013-05-27 09:00:00.000,2013,5,27,9,05004KT,09,08
2013-05-27 10:00:00.000,2013,5,27,10,03003KT,07,07
2013-05-27 11:00:00.000,2013,5,27,11,VRB02KT,09,08
2013-05-27 12:00:00.000,2013,5,27,12,03004KT,11,09
2013-05-27 13:00:00.000,2013,5,27,13,05005KT,13,09
2013-05-27 14:00:00.000,2013,5,27,14,06008KT,14,09
2013-05-27 15:00:00.000,2013,5,27,15,06010KT,15,10
2013-05-27 16:00:00.000,2013,5,27,16,05009KT,15,10
2013-05-27 17:00:00.000,2013,5,27,17,03008KT,16,11
2013-05-27 18:00:00.000,2013,5,27,18,36007KT,17,10
2013-05-27 19:00:00.000,2013,5,27,19,06006KT,18,10
2013-05-27 20:00:00.000,2013,5,27,20,06011KT,18,10
2013-05-27 21:00:00.000,2013,5,27,21,04009KT,18,10
2013-05-27 22:00:00.000,2013,5,27,22,35005KT,15,11
2013-05-27 23:00:00.000,2013,5,27,23,05004KT,15,10
2013-05-28 00:00:00.000,2013,5,28,0,03006KT,13,10
2013-05-28 01:00:00.000,2013,5,28,1,05008KT,12,09
2013-05-28 02:00:00.000,2013,5,28,2,04006KT,12,09
2013-05-28 03:00:00.000,2013,5,28,3,03007KT,12,09
2013-05-28 04:00:00.000,2013,5,28,4,03006KT,12,09
2013-05-28 05:00:00.000,2013,5,28,5,03003KT,11,09
2013-05-28 06:00:00.000,2013,5,28,6,VRB02KT,11,09
2013-05-28 07:00:00.000,2013,5,28,7,00000KT,11,09
2013-05-28 08:00:00.000,2013,5,28,8,05004KT,11,10
2013-05-28 09:00:00.000,2013,5,28,9,03006KT,11,09
2013-05-28 10:00:00.000,2013,5,28,10,05004KT,11,09
2013-05-28 11:00:00.000,2013,5,28,11,04004KT,11,09
2013-05-28 12:00:00.000,2013,5,28,12,05006KT,13,10
2013-05-28 13:00:00.000,2013,5,28,13,04009KT,15,10
2013-05-28 14:00:00.000,2013,5,28,14,06008KT,16,10
2013-05-28 15:00:00.000,2013,5,28,15,06010KT,17,09
2013-05-28 16:00:00.000,2013,5,28,16,16012KT,18,09
2013-05-28 17:00:00.000,2013,5,28,17,08007KT,17,09
2013-05-28 18:00:00.000,2013,5,28,18,16016KT,18,10
2013-05-28 19:00:00.000,2013,5,28,19,15012KT,17,11
2013-05-28 20:00:00.000,2013,5,28,20,23010KT,17,11
2013-05-28 21:00:00.000,2013,5,28,21,34012KT,13,12
2013-05-28 22:00:00.000,2013,5,28,22,32003KT,13,12
2013-05-28 23:00:00.000,2013,5,28,23,02004KT,13,12
2013-05-29 00:00:00.000,2013,5,29,0,VRB02KT,12,11
2013-05-29 01:00:00.000,2013,5,29,1,VRB02KT,12,10
2013-05-29 02:00:00.000,2013,5,29,2,00000KT,12,11
2013-05-29 03:00:00.000,2013,5,29,3,00000KT,11,10
2013-05-29 04:00:00.000,2013,5,29,4,09003KT,12,10
2013-05-29 05:00:00.000,2013,5,29,5,VRB02KT,10,09
2013-05-29 06:00:00.000,2013,5,29,6,VRB02KT,11,10
2013-05-29 07:00:00.000,2013,5,29,7,VRB02KT,09,09
2013-05-29 08:00:00.000,2013,5,29,8,31004KT,09,09
2013-05-29 09:00:00.000,2013,5,29,9,VRB02KT,09,09
2013-05-29 10:00:00.000,2013,5,29,10,00000KT,09,08
2013-05-29 11:00:00.000,2013,5,29,11,VRB02KT,09,08
2013-05-29 12:00:00.000,2013,5,29,12,02004KT,10,09
2013-05-29 13:00:00.000,2013,5,29,13,VRB02KT,13,11
2013-05-29 14:00:00.000,2013,5,29,14,00000KT,14,11
2013-05-29 15:00:00.000,2013,5,29,15,00000KT,16,10
2013-05-29 16:00:00.000,2013,5,29,16,00000KT,17,10
2013-05-29 17:00:00.000,2013,5,29,17,05009KT,17,11
2013-05-29 18:00:00.000,2013,5,29,18,07010KT,19,10
2013-05-29 19:00:00.000,2013,5,29,19,32006KT,16,11
2013-05-29 20:00:00.000,2013,5,29,20,14006KT,16,14
2013-05-29 21:00:00.000,2013,5,29,21,24008KT,16,11
2013-05-29 22:00:00.000,2013,5,29,22,24006KT,17,12
2013-05-29 23:00:00.000,2013,5,29,23,24006KT,16,12
2013-05-30 00:00:00.000,2013,5,30,0,30005KT,14,12
2013-05-30 01:00:00.000,2013,5,30,1,34005KT,12,11
2013-05-30 02:00:00.000,2013,5,30,2,VRB02KT,11,10
2013-05-30 03:00:00.000,2013,5,30,3,VRB02KT,10,09
2013-05-30 04:00:00.000,2013,5,30,4,VRB02KT,10,09
2013-05-30 05:00:00.000,2013,5,30,5,VRB02KT,10,10
2013-05-30 06:00:00.000,2013,5,30,6,00000KT,09,09
2013-05-30 07:00:00.000,2013,5,30,7,VRB02KT,08,08
2013-05-30 08:00:00.000,2013,5,30,8,VRB02KT,09,09
2013-05-30 09:00:00.000,2013,5,30,9,VRB02KT,09,09
2013-05-30 10:00:00.000,2013,5,30,10,00000KT,09,08
2013-05-30 11:00:00.000,2013,5,30,11,VRB02KT,08,08
2013-05-30 12:00:00.000,2013,5,30,12,04006KT,10,10
2013-05-30 13:00:00.000,2013,5,30,13,05006KT,14,11
2013-05-30 14:00:00.000,2013,5,30,14,05006KT,16,10
2013-05-30 15:00:00.000,2013,5,30,15,04006KT,17,09
2013-05-30 16:00:00.000,2013,5,30,16,12008KT,18,09
2013-05-30 17:00:00.000,2013,5,30,17,12008KT,18,09
2013-05-30 18:00:00.000,2013,5,30,18,07004KT,19,10
2013-05-30 19:00:00.000,2013,5,30,19,07009KT,19,10
2013-05-30 20:00:00.000,2013,5,30,20,04006KT,19,10
2013-05-30 21:00:00.000,2013,5,30,21,24009KT,17,12
2013-05-30 22:00:00.000,2013,5,30,22,26010KT,15,12
2013-05-30 23:00:00.000,2013,5,30,23,34003KT,14,13
2013-05-31 00:00:00.000,2013,5,31,0,32004KT,14,13
2013-05-31 01:00:00.000,2013,5,31,1,02003KT,14,12
2013-05-31 02:00:00.000,2013,5,31,2,16006KT,14,11
2013-05-31 03:00:00.000,2013,5,31,3,VRB02KT,14,11
2013-05-31 04:00:00.000,2013,5,31,4,160008KT,13,09
2013-05-31 05:00:00.000,2013,5,31,5,13005KT,12,10
2013-05-31 06:00:00.000,2013,5,31,6,07003KT,13,09
2013-05-31 07:00:00.000,2013,5,31,7,VRB02KT,12,09
2013-05-31 09:00:00.000,2013,5,31,9,06004KT,12,10
2013-05-31 10:00:00.000,2013,5,31,10,05004KT,11,09
2013-05-31 11:00:00.000,2013,5,31,11,VRB02KT,11,09
2013-05-31 12:00:00.000,2013,5,31,12,06003KT,12,10
2013-05-31 13:00:00.000,2013,5,31,13,05006KT,14,10
2013-05-31 14:00:00.000,2013,5,31,14,07009KT,16,09
2013-05-31 15:00:00.000,2013,5,31,15,31004KT,15,09
2013-05-31 16:00:00.000,2013,5,31,16,05006KT,16,10
2013-05-31 17:00:00.000,2013,5,31,17,04007KT,14,11
2013-05-31 18:00:00.000,2013,5,31,18,08004KT,17,10
2013-05-31 19:00:00.000,2013,5,31,19,13010KT,18,09
2013-05-31 20:00:00.000,2013,5,31,20,28005KT,17,12
2013-05-31 21:00:00.000,2013,5,31,21,30009KT,17,14
2013-05-31 22:00:00.000,2013,5,31,22,32010KT,16,12
2013-05-31 23:00:00.000,2013,5,31,23,30005KT,14,11
2013-06-01 00:00:00.000,2013,6,1,0,33006KT,13,11
2013-06-01 01:00:00.000,2013,6,1,1,VRB02KT,12,10
2013-06-01 02:00:00.000,2013,6,1,2,05003KT,13,11
2013-06-01 03:00:00.000,2013,6,1,3,07003KT,13,10
2013-06-01 04:00:00.000,2013,6,1,4,VRB02KT,12,10
2013-06-01 05:00:00.000,2013,6,1,5,VRB02KT,11,10
2013-06-01 06:00:00.000,2013,6,1,6,VRB02KT,10,09
2013-06-01 07:00:00.000,2013,6,1,7,05003KT,09,09
2013-06-01 08:00:00.000,2013,6,1,8,VRB02KT,08,08
2013-06-01 09:00:00.000,2013,6,1,9,VRB02KT,09,09
2013-06-01 10:00:00.000,2013,6,1,10,VRB02KT,08,07
2013-06-01 11:00:00.000,2013,6,1,11,32003KT,07,07
2013-06-01 12:00:00.000,2013,6,1,12,32003KT,08,07
2013-06-01 13:00:00.000,2013,6,1,13,VRB02KT,10,09
2013-06-01 14:00:00.000,2013,6,1,14,16003KT,14,11
2013-06-01 15:00:00.000,2013,6,1,15,06006KT,15,10
2013-06-01 16:00:00.000,2013,6,1,16,04004KT,16,10
2013-06-01 17:00:00.000,2013,6,1,17,05006KT,18,10
2013-06-01 18:00:00.000,2013,6,1,18,18006KT,16,10
2013-06-01 19:00:00.000,2013,6,1,19,31004KT,17,11
2013-06-01 20:00:00.000,2013,6,1,20,31008KT,18,10
2013-06-01 21:00:00.000,2013,6,1,21,31010KT,17,13
2013-06-01 22:00:00.000,2013,6,1,22,30010KT,14,12
2013-06-01 23:00:00.000,2013,6,1,23,30010KT,14,12
2013-06-02 00:00:00.000,2013,6,2,0,22007KT,13,11
2013-06-02 01:00:00.000,2013,6,2,1,00000KT,12,11
2013-06-02 02:00:00.000,2013,6,2,2,36005KT,11,11
2013-06-02 03:00:00.000,2013,6,2,3,VRB02KT,12,11
2013-06-02 04:00:00.000,2013,6,2,4,00000KT,11,10
2013-06-02 05:00:00.000,2013,6,2,5,00000KT,11,11
2013-06-02 06:00:00.000,2013,6,2,6,34004KT,10,09
2013-06-02 07:00:00.000,2013,6,2,7,32003KT,10,10
2013-06-02 08:00:00.000,2013,6,2,8,00000KT,10,10
2013-06-02 09:00:00.000,2013,6,2,9,07003KT,10,09
2013-06-02 10:00:00.000,2013,6,2,10,04003KT,10,10
2013-06-02 11:00:00.000,2013,6,2,11,02004KT,10,09
2013-06-02 12:00:00.000,2013,6,2,12,11004KT,12,10
2013-06-02 13:00:00.000,2013,6,2,13,12005KT,15,09
2013-06-02 14:00:00.000,2013,6,2,14,05010KT,16,09
2013-06-02 15:00:00.000,2013,6,2,15,10004KT,18,09
2013-06-02 16:00:00.000,2013,6,2,16,05008KT,18,10
2013-06-02 17:00:00.000,2013,6,2,17,18014KT,19,09
2013-06-02 18:00:00.000,2013,6,2,18,14014KT,18,09
2013-06-02 19:00:00.000,2013,6,2,19,18008KT,18,09
2013-06-02 20:00:00.000,2013,6,2,20,18008KT,19,08
2013-06-02 21:00:00.000,2013,6,2,21,15010KT,19,10
2013-06-02 22:00:00.000,2013,6,2,22,12008KT,18,08
2013-06-02 23:00:00.000,2013,6,2,23,08012KT,16,09
2013-06-03 00:00:00.000,2013,6,3,0,31005KT,14,11
2013-06-03 01:00:00.000,2013,6,3,1,06006KT,14,10
2013-06-03 02:00:00.000,2013,6,3,2,05004KT,14,10
2013-06-03 03:00:00.000,2013,6,3,3,05006KT,14,10
2013-06-03 04:00:00.000,2013,6,3,4,03003KT,13,09
2013-06-03 05:00:00.000,2013,6,3,5,10005KT,12,09
2013-06-03 06:00:00.000,2013,6,3,6,VRB02KT,12,08
2013-06-03 07:00:00.000,2013,6,3,7,VRB02KT,12,11
2013-06-03 08:00:00.000,2013,6,3,8,27003KT,10,08
2013-06-03 09:00:00.000,2013,6,3,9,30003KT,08,08
2013-06-03 10:00:00.000,2013,6,3,10,28003KT,08,08
2013-06-03 11:00:00.000,2013,6,3,11,33003KT,08,07
2013-06-03 12:00:00.000,2013,6,3,12,22003KT,12,10
2013-06-03 13:00:00.000,2013,6,3,13,VRB02KT,15,10
2013-06-03 14:00:00.000,2013,6,3,14,08003KT,17,10
2013-06-03 15:00:00.000,2013,6,3,15,14015KT,17,09
2013-06-03 16:00:00.000,2013,6,3,16,17014KT,18,08
2013-06-03 17:00:00.000,2013,6,3,17,14012KT,16,10
2013-06-03 18:00:00.000,2013,6,3,18,14008KT,16,10
2013-06-03 19:00:00.000,2013,6,3,19,12010KT,17,10
2013-06-03 20:00:00.000,2013,6,3,20,13008KT,17,09
2013-06-03 21:00:00.000,2013,6,3,21,13007KT,16,09
2013-06-03 22:00:00.000,2013,6,3,22,04005KT,12,10
2013-06-03 23:00:00.000,2013,6,3,23,06005KT,12,10
2013-06-04 00:00:00.000,2013,6,4,0,03005KT,12,09
2013-06-04 01:00:00.000,2013,6,4,1,14010KT,13,07
2013-06-04 02:00:00.000,2013,6,4,2,11011KT,12,07
2013-06-04 03:00:00.000,2013,6,4,3,VRB02KT,13,07
2013-06-04 04:00:00.000,2013,6,4,4,12007KT,12,08
2013-06-04 05:00:00.000,2013,6,4,5,00000KT,10,08
2013-06-04 06:00:00.000,2013,6,4,6,34006KT,10,08
2013-06-04 07:00:00.000,2013,6,4,7,00000KT,10,08
2013-06-04 08:00:00.000,2013,6,4,8,29003KT,10,08
2013-06-04 09:00:00.000,2013,6,4,9,VRB02KT,10,08
2013-06-04 10:00:00.000,2013,6,4,10,32003KT,10,08
2013-06-04 11:00:00.000,2013,6,4,11,04003KT,11,08
2013-06-04 12:00:00.000,2013,6,4,12,08005KT,13,08
2013-06-04 13:00:00.000,2013,6,4,13,16003KT,14,09
2013-06-04 14:00:00.000,2013,6,4,14,15015KT,16,07
2013-06-04 15:00:00.000,2013,6,4,15,15013KT,17,07
2013-06-04 16:00:00.000,2013,6,4,16,16016KT,16,08
2013-06-04 17:00:00.000,2013,6,4,17,15020KT,18,08
2013-06-04 18:00:00.000,2013,6,4,18,18016KT,18,07
2013-06-04 19:00:00.000,2013,6,4,19,17016KT,19,06
2013-06-04 20:00:00.000,2013,6,4,20,12007KT,18,06
2013-06-04 21:00:00.000,2013,6,4,21,13007KT,19,04
2013-06-04 22:00:00.000,2013,6,4,22,12007KT,17,06
2013-06-04 23:00:00.000,2013,6,4,23,15010KT,15,07
2013-06-05 00:00:00.000,2013,6,5,0,14010KT,13,06
2013-06-05 01:00:00.000,2013,6,5,1,14006KT,13,06
2013-06-05 02:00:00.000,2013,6,5,2,12006KT,13,07
2013-06-05 03:00:00.000,2013,6,5,3,07004KT,10,08
2013-06-05 04:00:00.000,2013,6,5,4,VRB02KT,10,07
2013-06-05 05:00:00.000,2013,6,5,5,07004KT,09,07
2013-06-05 06:00:00.000,2013,6,5,6,04003KT,09,08
2013-06-05 07:00:00.000,2013,6,5,7,08006KT,09,08
2013-06-05 08:00:00.000,2013,6,5,8,07004KT,10,08
2013-06-05 09:00:00.000,2013,6,5,9,04008KT,10,08
2013-06-05 10:00:00.000,2013,6,5,10,06008KT,10,08
2013-06-05 11:00:00.000,2013,6,5,11,03004KT,10,08
2013-06-05 12:00:00.000,2013,6,5,12,03005KT,11,08
2013-06-05 13:00:00.000,2013,6,5,13,09007KT,14,08
2013-06-05 14:00:00.000,2013,6,5,14,10008KT,16,08
2013-06-05 15:00:00.000,2013,6,5,15,10006KT,18,06
2013-06-05 16:00:00.000,2013,6,5,16,13009KT,17,06
2013-06-05 17:00:00.000,2013,6,5,17,12010KT,18,08
2013-06-05 18:00:00.000,2013,6,5,18,17007KT,18,07
2013-06-05 19:00:00.000,2013,6,5,19,13008KT,19,06
2013-06-05 20:00:00.000,2013,6,5,20,16008KT,19,06
2013-06-05 21:00:00.000,2013,6,5,21,18010KT,18,06
2013-06-05 22:00:00.000,2013,6,5,22,27003KT,17,09
2013-06-05 23:00:00.000,2013,6,5,23,31007KT,15,08
2013-06-06 00:00:00.000,2013,6,6,0,VRB02KT,12,07
2013-06-06 01:00:00.000,2013,6,6,1,VRB02KT,10,08
2013-06-06 02:00:00.000,2013,6,6,2,02003KT,09,08
2013-06-06 03:00:00.000,2013,6,6,3,VRB02KT,09,08
2013-06-06 04:00:00.000,2013,6,6,4,00000KT,09,08
2013-06-06 05:00:00.000,2013,6,6,5,01003KT,08,07
2013-06-06 06:00:00.000,2013,6,6,6,VRB02KT,09,07
2013-06-06 07:00:00.000,2013,6,6,7,04004KT,08,07
2013-06-06 08:00:00.000,2013,6,6,8,VRB02KT,08,07
2013-06-06 09:00:00.000,2013,6,6,9,04004KT,08,07
2013-06-06 10:00:00.000,2013,6,6,10,02005KT,08,07
2013-06-06 11:00:00.000,2013,6,6,11,02003KT,07,06
2013-06-06 12:00:00.000,2013,6,6,12,05007KT,12,09
2013-06-06 13:00:00.000,2013,6,6,13,04010KT,14,09
2013-06-06 14:00:00.000,2013,6,6,14,07006KT,16,07
2013-06-06 15:00:00.000,2013,6,6,15,04005KT,17,08
2013-06-06 16:00:00.000,2013,6,6,16,03009KT,16,08
2013-06-06 17:00:00.000,2013,6,6,17,07010KT,18,08
2013-06-06 18:00:00.000,2013,6,6,18,06012KT,13,09
2013-06-06 19:00:00.000,2013,6,6,19,05010KT,17,09
2013-06-06 20:00:00.000,2013,6,6,20,12012KT,19,09
2013-06-06 21:00:00.000,2013,6,6,21,06010KT,18,08
2013-06-06 22:00:00.000,2013,6,6,22,13012KT,16,08
2013-06-06 23:00:00.000,2013,6,6,23,10008KT,16,09
2013-06-07 00:00:00.000,2013,6,7,0,09010KT,15,09
2013-06-07 01:00:00.000,2013,6,7,1,09007KT,14,09
2013-06-07 02:00:00.000,2013,6,7,2,05004KT,14,10
2013-06-07 03:00:00.000,2013,6,7,3,09004KT,13,10
2013-06-07 04:00:00.000,2013,6,7,4,VRB02KT,13,10
2013-06-07 05:00:00.000,2013,6,7,5,31004KT,11,10
2013-06-07 06:00:00.000,2013,6,7,6,00000KT,12,10
2013-06-07 07:00:00.000,2013,6,7,7,VRB02KT,11,10
2013-06-07 08:00:00.000,2013,6,7,8,05007KT,12,10
2013-06-07 09:00:00.000,2013,6,7,9,04009KT,11,10
2013-06-07 10:00:00.000,2013,6,7,10,08003KT,11,10
2013-06-07 11:00:00.000,2013,6,7,11,03003KT,11,09
2013-06-07 12:00:00.000,2013,6,7,12,04012KT,12,10
2013-06-07 13:00:00.000,2013,6,7,13,04006KT,12,10
2013-06-07 14:00:00.000,2013,6,7,14,04008KT,13,11
2013-06-07 15:00:00.000,2013,6,7,15,05006KT,15,12
2013-06-07 16:00:00.000,2013,6,7,16,16006KT,16,10
2013-06-07 17:00:00.000,2013,6,7,17,10006KT,18,09
2013-06-07 18:00:00.000,2013,6,7,18,07007KT,17,09
2013-06-07 19:00:00.000,2013,6,7,19,08007KT,18,09
2013-06-07 20:00:00.000,2013,6,7,20,12012KT,18,09
2013-06-07 21:00:00.000,2013,6,7,21,15010KT,17,10
2013-06-07 22:00:00.000,2013,6,7,22,14007KT,17,10
2013-06-07 23:00:00.000,2013,6,7,23,17006KT,15,10
2013-06-08 00:00:00.000,2013,6,8,0,11007KT,15,09
2013-06-08 01:00:00.000,2013,6,8,1,09003KT,14,09
2013-06-08 02:00:00.000,2013,6,8,2,15007KT,14,09
2013-06-08 03:00:00.000,2013,6,8,3,11005KT,14,09
2013-06-08 04:00:00.000,2013,6,8,4,03006KT,11,10
2013-06-08 05:00:00.000,2013,6,8,5,03005KT,11,10
2013-06-08 06:00:00.000,2013,6,8,6,VRB02KT,11,09
2013-06-08 07:00:00.000,2013,6,8,7,04004KT,11,10
2013-06-08 08:00:00.000,2013,6,8,8,03003KT,10,09
2013-06-08 09:00:00.000,2013,6,8,9,03004KT,10,09
2013-06-08 10:00:00.000,2013,6,8,10,VRB02KT,10,08
2013-06-08 11:00:00.000,2013,6,8,11,00000KT,11,09
2013-06-08 12:00:00.000,2013,6,8,12,00000KT,12,10
2013-06-08 13:00:00.000,2013,6,8,13,14014KT,14,09
2013-06-08 14:00:00.000,2013,6,8,14,15014KT,17,09
2013-06-08 16:00:00.000,2013,6,8,16,16014KT,17,08
2013-06-08 17:00:00.000,2013,6,8,17,15015KT,18,07
2013-06-08 18:00:00.000,2013,6,8,18,16012KT,18,09
2013-06-08 19:00:00.000,2013,6,8,19,18015KT,19,08
2013-06-08 20:00:00.000,2013,6,8,20,13018KT,18,06
2013-06-08 21:00:00.000,2013,6,8,21,15016KT,17,06
2013-06-08 22:00:00.000,2013,6,8,22,15012KT,16,06
2013-06-08 23:00:00.000,2013,6,8,23,16012KT,15,07
2013-06-09 00:00:00.000,2013,6,9,0,12006KT,15,08
2013-06-09 01:00:00.000,2013,6,9,1,12006KT,19,08
2013-06-09 02:00:00.000,2013,6,9,2,08004KT,13,10
2013-06-09 03:00:00.000,2013,6,9,3,04004KT,13,09
2013-06-09 04:00:00.000,2013,6,9,4,07004KT,12,09
2013-06-09 05:00:00.000,2013,6,9,5,04006KT,12,09
2013-06-09 06:00:00.000,2013,6,9,6,05004KT,11,09
2013-06-09 07:00:00.000,2013,6,9,7,06006KT,10,08
2013-06-09 08:00:00.000,2013,6,9,8,07004KT,09,07
2013-06-09 09:00:00.000,2013,6,9,9,33004KT,07,07
2013-06-09 10:00:00.000,2013,6,9,10,20004KT,07,07
2013-06-09 11:00:00.000,2013,6,9,11,07006KT,07,07
2013-06-09 12:00:00.000,2013,6,9,12,13006KT,15,07
2013-06-09 13:00:00.000,2013,6,9,13,09008KT,16,08
2013-06-09 14:00:00.000,2013,6,9,14,12014KT,17,06
2013-06-09 15:00:00.000,2013,6,9,15,17018KT,17,07
2013-06-09 16:00:00.000,2013,6,9,16,17010KT,18,06
2013-06-09 17:00:00.000,2013,6,9,17,17010KT,18,06
2013-06-09 18:00:00.000,2013,6,9,18,15012KT,18,06
2013-06-09 19:00:00.000,2013,6,9,19,16010KT,18,07
2013-06-09 20:00:00.000,2013,6,9,20,18016KT,17,07
2013-06-09 21:00:00.000,2013,6,9,21,17016KT,18,07
2013-06-09 22:00:00.000,2013,6,9,22,15010KT,17,07
2013-06-09 23:00:00.000,2013,6,9,23,07007KT,16,08
2013-06-10 00:00:00.000,2013,6,10,0,10005KT,14,08
2013-06-10 01:00:00.000,2013,6,10,1,08006KT,14,08
2013-06-10 02:00:00.000,2013,6,10,2,08006KT,14,08
2013-06-10 03:00:00.000,2013,6,10,3,07006KT,13,08
2013-06-10 04:00:00.000,2013,6,10,4,06008KT,12,09
2013-06-10 05:00:00.000,2013,6,10,5,VRB02KT,14,08
2013-06-10 06:00:00.000,2013,6,10,6,32005KT,11,08
2013-06-10 07:00:00.000,2013,6,10,7,32005KT,10,08
2013-06-10 08:00:00.000,2013,6,10,8,VRB02KT,09,08
2013-06-10 09:00:00.000,2013,6,10,9,30003KT,10,09
2013-06-10 10:00:00.000,2013,6,10,10,00000KT,09,08
2013-06-10 11:00:00.000,2013,6,10,11,06003KT,10,08
2013-06-10 12:00:00.000,2013,6,10,12,06008KT,12,10
2013-06-10 13:00:00.000,2013,6,10,13,06008KT,15,09
2013-06-10 14:00:00.000,2013,6,10,14,08008KT,14,09
2013-06-10 15:00:00.000,2013,6,10,15,06010KT,16,11
2013-06-10 16:00:00.000,2013,6,10,16,14013KT,17,10
2013-06-10 17:00:00.000,2013,6,10,17,14014KT,19,09
2013-06-10 18:00:00.000,2013,6,10,18,12015KT,19,08
2013-06-10 19:00:00.000,2013,6,10,19,12011KT,19,08
2013-06-10 20:00:00.000,2013,6,10,20,12016KT,20,08
2013-06-10 21:00:00.000,2013,6,10,21,12013KT,19,07
2013-06-10 22:00:00.000,2013,6,10,22,14006KT,18,08
2013-06-10 23:00:00.000,2013,6,10,23,10006KT,17,08
2013-06-11 00:00:00.000,2013,6,11,0,09007KT,15,08
2013-06-11 01:00:00.000,2013,6,11,1,06006KT,15,09
2013-06-11 02:00:00.000,2013,6,11,2,05005KT,14,08
2013-06-11 03:00:00.000,2013,6,11,3,05005KT,13,09
2013-06-11 04:00:00.000,2013,6,11,4,00000KT,13,08
2013-06-11 05:00:00.000,2013,6,11,5,01003KT,10,08
2013-06-11 06:00:00.000,2013,6,11,6,35003KT,09,08
2013-06-11 07:00:00.000,2013,6,11,7,30003KT,09,08
2013-06-11 08:00:00.000,2013,6,11,8,00000KT,10,09
2013-06-11 09:00:00.000,2013,6,11,9,31005KT,10,09
2013-06-11 10:00:00.000,2013,6,11,10,33004KT,10,09
2013-06-11 11:00:00.000,2013,6,11,11,00000KT,11,09
2013-06-11 12:00:00.000,2013,6,11,12,32003KT,12,10
2013-06-11 13:00:00.000,2013,6,11,13,03005KT,13,10
2013-06-11 14:00:00.000,2013,6,11,14,04006KT,14,10
2013-06-11 15:00:00.000,2013,6,11,15,16007KT,16,10
2013-06-11 16:00:00.000,2013,6,11,16,16007KT,17,09
2013-06-11 17:00:00.000,2013,6,11,17,16010KT,19,09
2013-06-11 18:00:00.000,2013,6,11,18,14012KT,19,08
2013-06-11 19:00:00.000,2013,6,11,19,15012KT,20,08
2013-06-11 20:00:00.000,2013,6,11,20,13008KT,19,08
2013-06-11 21:00:00.000,2013,6,11,21,16011KT,19,07
2013-06-11 22:00:00.000,2013,6,11,22,17010KT,18,07
2013-06-11 23:00:00.000,2013,6,11,23,22005KT,18,07
2013-06-12 00:00:00.000,2013,6,12,0,15010KT,17,08
2013-06-12 01:00:00.000,2013,6,12,1,15008KT,16,08
2013-06-12 02:00:00.000,2013,6,12,2,16010KT,16,08
2013-06-12 03:00:00.000,2013,6,12,3,04004KT,15,10
2013-06-12 04:00:00.000,2013,6,12,4,06007KT,13,10
2013-06-12 05:00:00.000,2013,6,12,5,05003KT,12,11
2013-06-12 06:00:00.000,2013,6,12,6,02003KT,12,11
2013-06-12 07:00:00.000,2013,6,12,7,03003KT,12,11
2013-06-12 08:00:00.000,2013,6,12,8,06006KT,12,10
2013-06-12 10:00:00.000,2013,6,12,10,00000KT,11,10
2013-06-12 11:00:00.000,2013,6,12,11,06004KT,10,09
2013-06-12 12:00:00.000,2013,6,12,12,03004KT,12,10
2013-06-12 13:00:00.000,2013,6,12,13,05008KT,14,10
2013-06-12 14:00:00.000,2013,6,12,14,02006KT,16,11
2013-06-12 15:00:00.000,2013,6,12,15,VRB02KT,16,09
2013-06-12 16:00:00.000,2013,6,12,16,VRB02KT,17,10
2013-06-12 17:00:00.000,2013,6,12,17,17006KT,18,08
2013-06-12 18:00:00.000,2013,6,12,18,06009KT,18,10
2013-06-12 19:00:00.000,2013,6,12,19,26008KT,19,08
2013-06-12 20:00:00.000,2013,6,12,20,28008KT,17,11
2013-06-12 21:00:00.000,2013,6,12,21,03007KT,17,11
2013-06-12 22:00:00.000,2013,6,12,22,31008KT,16,12
2013-06-12 23:00:00.000,2013,6,12,23,32004KT,16,12
2013-06-13 00:00:00.000,2013,6,13,0,34003KT,15,12
2013-06-13 01:00:00.000,2013,6,13,1,14008KT,15,10
2013-06-13 02:00:00.000,2013,6,13,2,16006KT,14,11
2013-06-13 03:00:00.000,2013,6,13,3,VRB02KT,14,09
2013-06-13 04:00:00.000,2013,6,13,4,33003KT,13,10
2013-06-13 05:00:00.000,2013,6,13,5,VRB02KT,13,10
2013-06-13 06:00:00.000,2013,6,13,6,VRB02KT,11,09
2013-06-13 07:00:00.000,2013,6,13,7,06003KT,11,09
2013-06-13 08:00:00.000,2013,6,13,8,00000KT,10,10
2013-06-13 09:00:00.000,2013,6,13,9,VRB02KT,10,09
2013-06-13 10:00:00.000,2013,6,13,10,35003KT,10,09
2013-06-13 11:00:00.000,2013,6,13,11,34003KT,09,09
2013-06-13 12:00:00.000,2013,6,13,12,33003KT,10,09
2013-06-13 13:00:00.000,2013,6,13,13,VRB02KT,12,11
2013-06-13 14:00:00.000,2013,6,13,14,02005KT,14,08
2013-06-13 15:00:00.000,2013,6,13,15,03005KT,17,10
2013-06-13 16:00:00.000,2013,6,13,16,VRB02KT,17,09
2013-06-13 17:00:00.000,2013,6,13,17,VRB02KT,18,09
2013-06-13 18:00:00.000,2013,6,13,18,25005KT,18,08
2013-06-13 19:00:00.000,2013,6,13,19,02004KT,18,09
2013-06-13 20:00:00.000,2013,6,13,20,VRB02KT,16,12
2013-06-13 21:00:00.000,2013,6,13,21,03006KT,18,11
2013-06-13 22:00:00.000,2013,6,13,22,08005KT,17,11
2013-06-13 23:00:00.000,2013,6,13,23,09005KT,16,10
2013-06-14 00:00:00.000,2013,6,14,0,06003KT,16,10
2013-06-14 01:00:00.000,2013,6,14,1,04003KT,15,10
2013-06-14 02:00:00.000,2013,6,14,2,00000KT,13,10
2013-06-14 03:00:00.000,2013,6,14,3,05003KT,13,10
2013-06-14 04:00:00.000,2013,6,14,4,03003KT,12,09
2013-06-14 05:00:00.000,2013,6,14,5,33005KT,10,09
2013-06-14 06:00:00.000,2013,6,14,6,26004KT,10,09
2013-06-14 07:00:00.000,2013,6,14,7,36004KT,09,08
2013-06-14 08:00:00.000,2013,6,14,8,02003KT,08,07
2013-06-14 09:00:00.000,2013,6,14,9,29003KT,08,07
2013-06-14 10:00:00.000,2013,6,14,10,00000KT,08,07
2013-06-14 11:00:00.000,2013,6,14,11,25004KT,08,07
2013-06-14 12:00:00.000,2013,6,14,12,05003KT,10,09
2013-06-14 13:00:00.000,2013,6,14,13,05007KT,15,10
2013-06-14 14:00:00.000,2013,6,14,14,09010KT,17,09
2013-06-14 15:00:00.000,2013,6,14,15,07013KT,18,08
2013-06-14 16:00:00.000,2013,6,14,16,07010KT,18,09
2013-06-14 17:00:00.000,2013,6,14,17,13013KT,19,08
2013-06-14 18:00:00.000,2013,6,14,18,13012KT,20,09
2013-06-14 19:00:00.000,2013,6,14,19,14010KT,19,09
2013-06-14 20:00:00.000,2013,6,14,20,12010KT,19,09
2013-06-14 21:00:00.000,2013,6,14,21,11008KT,19,10
2013-06-14 22:00:00.000,2013,6,14,22,14008KT,18,10
2013-06-14 23:00:00.000,2013,6,14,23,16006KT,16,09
2013-06-15 00:00:00.000,2013,6,15,0,11004KT,15,09
2013-06-15 01:00:00.000,2013,6,15,1,04005KT,14,09
2013-06-15 02:00:00.000,2013,6,15,2,02004KT,14,09
2013-06-15 03:00:00.000,2013,6,15,3,05003KT,12,10
2013-06-15 04:00:00.000,2013,6,15,4,03003KT,12,10
2013-06-15 05:00:00.000,2013,6,15,5,VRB02KT,11,10
2013-06-15 06:00:00.000,2013,6,15,6,00000KT,10,10
2013-06-15 07:00:00.000,2013,6,15,7,05004KT,10,09
2013-06-15 08:00:00.000,2013,6,15,8,04004KT,11,09
2013-06-15 09:00:00.000,2013,6,15,9,36003KT,11,09
2013-06-15 10:00:00.000,2013,6,15,10,05003KT,09,08
2013-06-15 11:00:00.000,2013,6,15,11,03003KT,10,09
2013-06-15 12:00:00.000,2013,6,15,12,06007KT,12,10
2013-06-15 13:00:00.000,2013,6,15,13,06005KT,14,10
2013-06-15 14:00:00.000,2013,6,15,14,04005KT,15,11
2013-06-15 15:00:00.000,2013,6,15,15,23006KT,17,10
2013-06-15 16:00:00.000,2013,6,15,16,10003KT,17,09
2013-06-15 17:00:00.000,2013,6,15,17,16017KT,18,09
2013-06-15 18:00:00.000,2013,6,15,18,18012KT,20,09
2013-06-15 19:00:00.000,2013,6,15,19,20012KT,20,09
2013-06-15 20:00:00.000,2013,6,15,20,15010KT,20,08
2013-06-15 21:00:00.000,2013,6,15,21,15010KT,19,08
2013-06-15 22:00:00.000,2013,6,15,22,08007KT,17,10
2013-06-15 23:00:00.000,2013,6,15,23,16012KT,17,10
2013-06-16 00:00:00.000,2013,6,16,0,14014KT,15,09
2013-06-16 01:00:00.000,2013,6,16,1,14003KT,14,10
2013-06-16 02:00:00.000,2013,6,16,2,08003KT,13,11
2013-06-16 03:00:00.000,2013,6,16,3,27004KT,13,11
2013-06-16 04:00:00.000,2013,6,16,4,00000KT,13,11
2013-06-16 05:00:00.000,2013,6,16,5,00000KT,12,11
2013-06-16 06:00:00.000,2013,6,16,6,05004KT,11,10
2013-06-16 07:00:00.000,2013,6,16,7,01003KT,11,10
2013-06-16 08:00:00.000,2013,6,16,8,06006KT,10,09
2013-06-16 09:00:00.000,2013,6,16,9,09003KT,10,09
2013-06-16 10:00:00.000,2013,6,16,10,05005KT,09,08
2013-06-16 11:00:00.000,2013,6,16,11,33004KT,09,08
2013-06-16 12:00:00.000,2013,6,16,12,04004KT,13,10
2013-06-16 13:00:00.000,2013,6,16,13,04008KT,15,09
2013-06-16 14:00:00.000,2013,6,16,14,10012KT,17,09
2013-06-16 15:00:00.000,2013,6,16,15,14010KT,18,08
2013-06-16 16:00:00.000,2013,6,16,16,10012KT,20,07
2013-06-16 17:00:00.000,2013,6,16,17,12014KT,20,09
2013-06-16 18:00:00.000,2013,6,16,18,10010KT,19,07
2013-06-16 19:00:00.000,2013,6,16,19,12010KT,20,08
2013-06-16 20:00:00.000,2013,6,16,20,11010KT,21,07
2013-06-16 21:00:00.000,2013,6,16,21,10009KT,20,07
2013-06-16 22:00:00.000,2013,6,16,22,11011KT,19,06
2013-06-16 23:00:00.000,2013,6,16,23,10006KT,18,07
2013-06-17 00:00:00.000,2013,6,17,0,32003KT,15,11
2013-06-17 01:00:00.000,2013,6,17,1,33003KT,14,11
2013-06-17 02:00:00.000,2013,6,17,2,VRB02KT,13,10
2013-06-17 03:00:00.000,2013,6,17,3,34004KT,11,09
2013-06-17 04:00:00.000,2013,6,17,4,03003KT,11,10
2013-06-17 05:00:00.000,2013,6,17,5,VRB02KT,10,09
2013-06-17 06:00:00.000,2013,6,17,6,VRB02KT,09,08
2013-06-17 07:00:00.000,2013,6,17,7,VRB02KT,09,08
2013-06-17 08:00:00.000,2013,6,17,8,35003KT,09,09
2013-06-17 09:00:00.000,2013,6,17,9,VRB02KT,10,09
2013-06-17 10:00:00.000,2013,6,17,10,36003KT,09,08
2013-06-17 11:00:00.000,2013,6,17,11,VRB02KT,09,09
2013-06-17 12:00:00.000,2013,6,17,12,20003KT,11,09
2013-06-17 13:00:00.000,2013,6,17,13,03003KT,15,11
2013-06-17 14:00:00.000,2013,6,17,14,08006KT,16,10
2013-06-17 15:00:00.000,2013,6,17,15,08006KT,18,10
2013-06-17 16:00:00.000,2013,6,17,16,06006KT,19,10
2013-06-17 17:00:00.000,2013,6,17,17,10008KT,20,10
2013-06-17 18:00:00.000,2013,6,17,18,11012KT,21,08
2013-06-17 19:00:00.000,2013,6,17,19,09013KT,22,08
2013-06-17 20:00:00.000,2013,6,17,20,10012KT,21,07
2013-06-17 21:00:00.000,2013,6,17,21,08010KT,20,08
2013-06-17 22:00:00.000,2013,6,17,22,13008KT,20,09
2013-06-17 23:00:00.000,2013,6,17,23,13014KT,18,08
2013-06-18 00:00:00.000,2013,6,18,0,10008KT,17,08
2013-06-18 01:00:00.000,2013,6,18,1,10005KT,17,08
2013-06-18 02:00:00.000,2013,6,18,2,06004KT,14,09
2013-06-18 03:00:00.000,2013,6,18,3,09005KT,15,09
2013-06-18 04:00:00.000,2013,6,18,4,05005KT,14,09
2013-06-18 05:00:00.000,2013,6,18,5,01003KT,12,09
2013-06-18 06:00:00.000,2013,6,18,6,07004KT,12,09
2013-06-18 07:00:00.000,2013,6,18,7,08003KT,11,09
2013-06-18 08:00:00.000,2013,6,18,8,06003KT,10,09
2013-06-18 09:00:00.000,2013,6,18,9,04011KT,11,09
2013-06-18 10:00:00.000,2013,6,18,10,06008KT,10,08
2013-06-18 11:00:00.000,2013,6,18,11,05008KT,10,08
2013-06-18 12:00:00.000,2013,6,18,12,05007KT,12,09
2013-06-18 13:00:00.000,2013,6,18,13,06010KT,15,09
2013-06-18 14:00:00.000,2013,6,18,14,11010KT,16,08
2013-06-18 15:00:00.000,2013,6,18,15,08010KT,18,09
2013-06-18 16:00:00.000,2013,6,18,16,08010KT,20,09
2013-06-18 17:00:00.000,2013,6,18,17,13015KT,20,09
2013-06-18 18:00:00.000,2013,6,18,18,05010KT,19,09
2013-06-18 19:00:00.000,2013,6,18,19,04009KT,19,09
2013-06-18 20:00:00.000,2013,6,18,20,04010KT,18,09
2013-06-18 21:00:00.000,2013,6,18,21,05009KT,18,09
2013-06-18 22:00:00.000,2013,6,18,22,09008KT,18,09
2013-06-18 23:00:00.000,2013,6,18,23,12010KT,15,08
2013-06-19 00:00:00.000,2013,6,19,0,14008KT,14,07
2013-06-19 01:00:00.000,2013,6,19,1,10008KT,14,09
2013-06-19 02:00:00.000,2013,6,19,2,08008KT,14,09
2013-06-19 03:00:00.000,2013,6,19,3,06007KT,12,09
2013-06-19 04:00:00.000,2013,6,19,4,07006KT,12,09
2013-06-19 05:00:00.000,2013,6,19,5,05005KT,11,09
2013-06-19 06:00:00.000,2013,6,19,6,03004KT,12,08
2013-06-19 07:00:00.000,2013,6,19,7,03006KT,12,08
2013-06-19 08:00:00.000,2013,6,19,8,03003KT,11,08
2013-06-19 09:00:00.000,2013,6,19,9,04005KT,11,09
2013-06-19 10:00:00.000,2013,6,19,10,06007KT,12,09
2013-06-19 11:00:00.000,2013,6,19,11,05005KT,12,09
2013-06-19 12:00:00.000,2013,6,19,12,34004KT,12,09
2013-06-19 13:00:00.000,2013,6,19,13,10008KT,15,08
2013-06-19 14:00:00.000,2013,6,19,14,15012KT,16,08
2013-06-19 15:00:00.000,2013,6,19,15,16010KT,17,09
2013-06-19 16:00:00.000,2013,6,19,16,16011KT,17,09
2013-06-19 17:00:00.000,2013,6,19,17,17010KT,18,09
2013-06-19 18:00:00.000,2013,6,19,18,16008KT,17,09
2013-06-19 19:00:00.000,2013,6,19,19,16010KT,17,09
2013-06-19 20:00:00.000,2013,6,19,20,15008KT,17,09
2013-06-19 21:00:00.000,2013,6,19,21,15010KT,18,10
2013-06-19 22:00:00.000,2013,6,19,22,14007KT,17,09
2013-06-19 23:00:00.000,2013,6,19,23,12008KT,16,10
2013-06-20 00:00:00.000,2013,6,20,0,08006KT,15,09
2013-06-20 01:00:00.000,2013,6,20,1,08004KT,14,08
2013-06-20 02:00:00.000,2013,6,20,2,10006KT,14,08
2013-06-20 03:00:00.000,2013,6,20,3,04005KT,12,08
2013-06-20 04:00:00.000,2013,6,20,4,01004KT,12,09
2013-06-20 05:00:00.000,2013,6,20,5,06003KT,11,09
2013-06-20 06:00:00.000,2013,6,20,6,VRB02KT,11,08
2013-06-20 07:00:00.000,2013,6,20,7,00000KT,11,09
2013-06-20 08:00:00.000,2013,6,20,8,VRB02KT,11,08
2013-06-20 09:00:00.000,2013,6,20,9,05003KT,11,08
2013-06-20 10:00:00.000,2013,6,20,10,02003KT,11,09
2013-06-20 11:00:00.000,2013,6,20,11,03006KT,10,09
2013-06-20 12:00:00.000,2013,6,20,12,14007KT,13,07
2013-06-20 13:00:00.000,2013,6,20,13,14015KT,15,07
2013-06-20 14:00:00.000,2013,6,20,14,13010KT,16,07
2013-06-20 15:00:00.000,2013,6,20,15,14012KT,17,07
2013-06-20 16:00:00.000,2013,6,20,16,13012KT,17,07
2013-06-20 17:00:00.000,2013,6,20,17,17010KT,17,07
2013-06-20 18:00:00.000,2013,6,20,18,15013KT,16,08
2013-06-20 19:00:00.000,2013,6,20,19,19014KT,17,08
2013-06-20 20:00:00.000,2013,6,20,20,14014KT,19,09
2013-06-20 21:00:00.000,2013,6,20,21,15012KT,17,08
2013-06-20 22:00:00.000,2013,6,20,22,11006KT,17,08
2013-06-20 23:00:00.000,2013,6,20,23,03007KT,13,10
2013-06-21 00:00:00.000,2013,6,21,0,03005KT,13,10
2013-06-21 01:00:00.000,2013,6,21,1,35004KT,12,10
2013-06-21 02:00:00.000,2013,6,21,2,03008KT,12,09
2013-06-21 03:00:00.000,2013,6,21,3,04005KT,12,09
2013-06-21 04:00:00.000,2013,6,21,4,03004KT,12,08
2013-06-21 05:00:00.000,2013,6,21,5,06005KT,11,08
2013-06-21 06:00:00.000,2013,6,21,6,04004KT,09,07
2013-06-21 07:00:00.000,2013,6,21,7,35003KT,08,07
2013-06-21 08:00:00.000,2013,6,21,8,05003KT,08,07
2013-06-21 09:00:00.000,2013,6,21,9,31003KT,08,07
2013-06-21 10:00:00.000,2013,6,21,10,03006KT,08,07
2013-06-21 11:00:00.000,2013,6,21,11,04007KT,09,08
2013-06-21 12:00:00.000,2013,6,21,12,02006KT,12,09
2013-06-21 13:00:00.000,2013,6,21,13,05006KT,14,09
2013-06-21 14:00:00.000,2013,6,21,14,07006KT,15,09
2013-06-21 15:00:00.000,2013,6,21,15,14006KT,16,08
2013-06-21 16:00:00.000,2013,6,21,16,08006KT,18,09
2013-06-21 17:00:00.000,2013,6,21,17,16012KT,18,10
2013-06-21 18:00:00.000,2013,6,21,18,10005KT,18,08
2013-06-21 19:00:00.000,2013,6,21,19,08007KT,20,09
2013-06-21 20:00:00.000,2013,6,21,20,09011KT,20,08
2013-06-21 21:00:00.000,2013,6,21,21,08007KT,20,06
2013-06-21 22:00:00.000,2013,6,21,22,07005KT,18,07
2013-06-21 23:00:00.000,2013,6,21,23,10005KT,17,08
2013-06-22 00:00:00.000,2013,6,22,0,08005KT,15,09
2013-06-22 01:00:00.000,2013,6,22,1,05004KT,14,09
2013-06-22 02:00:00.000,2013,6,22,2,04007KT,13,09
2013-06-22 03:00:00.000,2013,6,22,3,VRB02KT,11,08
2013-06-22 04:00:00.000,2013,6,22,4,02004KT,10,08
2013-06-22 05:00:00.000,2013,6,22,5,04004KT,10,08
2013-06-22 06:00:00.000,2013,6,22,6,05004KT,10,08
2013-06-22 07:00:00.000,2013,6,22,7,32003KT,10,07
2013-06-22 08:00:00.000,2013,6,22,8,VRB02KT,07,06
2013-06-22 09:00:00.000,2013,6,22,9,00000KT,09,08
2013-06-22 10:00:00.000,2013,6,22,10,020003KT,09,08
2013-06-22 11:00:00.000,2013,6,22,11,04006KT,10,08
2013-06-22 12:00:00.000,2013,6,22,12,07005KT,12,09
2013-06-22 13:00:00.000,2013,6,22,13,07007KT,14,10
2013-06-22 14:00:00.000,2013,6,22,14,04010KT,15,10
2013-06-22 15:00:00.000,2013,6,22,15,10008KT,17,10
2013-06-22 16:00:00.000,2013,6,22,16,05009KT,17,09
2013-06-22 17:00:00.000,2013,6,22,17,13012KT,19,08
2013-06-22 18:00:00.000,2013,6,22,18,12014KT,20,07
2013-06-22 19:00:00.000,2013,6,22,19,14012KT,20,07
2013-06-22 20:00:00.000,2013,6,22,20,10010KT,20,08
2013-06-22 21:00:00.000,2013,6,22,21,30012KT,20,07
2013-06-22 22:00:00.000,2013,6,22,22,12010KT,19,06
2013-06-22 23:00:00.000,2013,6,22,23,12010KT,17,07
2013-06-23 00:00:00.000,2013,6,23,0,12005KT,16,07
2013-06-23 01:00:00.000,2013,6,23,1,08004KT,15,07
2013-06-23 02:00:00.000,2013,6,23,2,04006KT,14,08
2013-06-23 03:00:00.000,2013,6,23,3,07006KT,13,08
2013-06-23 04:00:00.000,2013,6,23,4,35003KT,13,08
2013-06-23 05:00:00.000,2013,6,23,5,05004KT,12,09
2013-06-23 06:00:00.000,2013,6,23,6,09003KT,12,08
2013-06-23 07:00:00.000,2013,6,23,7,VRB02KT,11,08
2013-06-23 08:00:00.000,2013,6,23,8,08003KT,11,08
2013-06-23 09:00:00.000,2013,6,23,9,04005KT,10,08
2013-06-23 10:00:00.000,2013,6,23,10,04003KT,11,09
2013-06-23 11:00:00.000,2013,6,23,11,00000KT,11,08
2013-06-23 12:00:00.000,2013,6,23,12,06003KT,11,09
2013-06-23 13:00:00.000,2013,6,23,13,04004KT,13,09
2013-06-23 14:00:00.000,2013,6,23,14,09006KT,16,09
2013-06-23 15:00:00.000,2013,6,23,15,14015KT,19,09
2013-06-23 16:00:00.000,2013,6,23,16,16010KT,20,08
2013-06-23 17:00:00.000,2013,6,23,17,14010KT,18,08
2013-06-23 18:00:00.000,2013,6,23,18,12010KT,19,09
2013-06-23 19:00:00.000,2013,6,23,19,13014KT,20,08
2013-06-23 20:00:00.000,2013,6,23,20,12014KT,18,08
2013-06-23 21:00:00.000,2013,6,23,21,14014KT,18,09
2013-06-23 22:00:00.000,2013,6,23,22,13010KT,17,08
2013-06-23 23:00:00.000,2013,6,23,23,12010KT,16,09
2013-06-24 00:00:00.000,2013,6,24,0,11011KT,16,09
2013-06-24 01:00:00.000,2013,6,24,1,12006KT,15,10
2013-06-24 02:00:00.000,2013,6,24,2,10007KT,15,09
2013-06-24 03:00:00.000,2013,6,24,3,07005KT,14,09
2013-06-24 04:00:00.000,2013,6,24,4,05006KT,13,09
2013-06-24 05:00:00.000,2013,6,24,5,04006KT,12,10
2013-06-24 06:00:00.000,2013,6,24,6,06005KT,12,09
2013-06-24 07:00:00.000,2013,6,24,7,05007KT,12,09
2013-06-24 08:00:00.000,2013,6,24,8,05004KT,12,09
2013-06-24 09:00:00.000,2013,6,24,9,07003KT,11,10
2013-06-24 10:00:00.000,2013,6,24,10,06006KT,11,10
2013-06-24 11:00:00.000,2013,6,24,11,08010KT,12,09
2013-06-24 12:00:00.000,2013,6,24,12,07006KT,14,09
2013-06-24 13:00:00.000,2013,6,24,13,07008KT,15,09
2013-06-24 14:00:00.000,2013,6,24,14,07008KT,16,09
2013-06-24 15:00:00.000,2013,6,24,15,10008KT,17,09
2013-06-24 16:00:00.000,2013,6,24,16,04012KT,17,09
2013-06-24 17:00:00.000,2013,6,24,17,10006KT,16,09
2013-06-24 18:00:00.000,2013,6,24,18,03010KT,18,10
2013-06-24 20:00:00.000,2013,6,24,20,12008KT,19,10
2013-06-24 21:00:00.000,2013,6,24,21,09008KT,20,08
2013-06-24 22:00:00.000,2013,6,24,22,05004KT,18,09
2013-06-24 23:00:00.000,2013,6,24,23,34003KT,14,10
2013-06-25 00:00:00.000,2013,6,25,0,29005KT,14,10
2013-06-25 01:00:00.000,2013,6,25,1,00000KT,13,10
2013-06-25 02:00:00.000,2013,6,25,2,18007KT,13,10
2013-06-25 03:00:00.000,2013,6,25,3,18003KT,13,10
2013-06-25 04:00:00.000,2013,6,25,4,04003KT,11,10
2013-06-25 05:00:00.000,2013,6,25,5,32003KT,10,09
2013-06-25 06:00:00.000,2013,6,25,6,32004KT,10,09
2013-06-25 07:00:00.000,2013,6,25,7,VRB02KT,10,09
2013-06-25 08:00:00.000,2013,6,25,8,04003KT,10,09
2013-06-25 09:00:00.000,2013,6,25,9,36003KT,10,08
2013-06-25 10:00:00.000,2013,6,25,10,32004KT,10,09
2013-06-25 11:00:00.000,2013,6,25,11,00000KT,10,09
2013-06-25 12:00:00.000,2013,6,25,12,06006KT,12,10
2013-06-25 13:00:00.000,2013,6,25,13,32003KT,13,10
2013-06-25 14:00:00.000,2013,6,25,14,05004KT,15,10
2013-06-25 15:00:00.000,2013,6,25,15,35004KT,16,10
2013-06-25 16:00:00.000,2013,6,25,16,33006KT,19,10
2013-06-25 17:00:00.000,2013,6,25,17,24008KT,18,09
2013-06-25 18:00:00.000,2013,6,25,18,21011KT,19,09
2013-06-25 19:00:00.000,2013,6,25,19,28007KT,20,09
2013-06-25 20:00:00.000,2013,6,25,20,23015KT,17,13
2013-06-25 21:00:00.000,2013,6,25,21,33008KT,13,11
2013-06-25 22:00:00.000,2013,6,25,22,VRB02KT,14,12
2013-06-25 23:00:00.000,2013,6,25,23,33005KT,14,12
2013-06-26 00:00:00.000,2013,6,26,0,03004KT,13,12
2013-06-26 01:00:00.000,2013,6,26,1,03004KT,13,12
2013-06-26 02:00:00.000,2013,6,26,2,00000KT,12,11
2013-06-26 03:00:00.000,2013,6,26,3,02003KT,12,11
2013-06-26 04:00:00.000,2013,6,26,4,03005KT,12,10
2013-06-26 05:00:00.000,2013,6,26,5,07004KT,12,11
2013-06-26 06:00:00.000,2013,6,26,6,06008KT,11,10
2013-06-26 07:00:00.000,2013,6,26,7,VRB02KT,11,10
2013-06-26 08:00:00.000,2013,6,26,8,06003KT,10,09
2013-06-26 09:00:00.000,2013,6,26,9,05003KT,10,09
2013-06-26 10:00:00.000,2013,6,26,10,05004KT,09,09
2013-06-26 11:00:00.000,2013,6,26,11,03003KT,09,08
2013-06-26 12:00:00.000,2013,6,26,12,05006KT,12,10
2013-06-26 13:00:00.000,2013,6,26,13,03007KT,14,10
2013-06-26 14:00:00.000,2013,6,26,14,04007KT,16,10
2013-06-26 15:00:00.000,2013,6,26,15,VRB02KT,18,10
2013-06-26 16:00:00.000,2013,6,26,16,13010KT,19,07
2013-06-26 17:00:00.000,2013,6,26,17,10008KT,21,08
2013-06-26 18:00:00.000,2013,6,26,18,14008KT,21,08
2013-06-26 19:00:00.000,2013,6,26,19,10010KT,20,08
2013-06-26 20:00:00.000,2013,6,26,20,11012KT,21,08
2013-06-26 21:00:00.000,2013,6,26,21,08014KT,20,11
2013-06-26 22:00:00.000,2013,6,26,22,12012KT,18,12
2013-06-26 23:00:00.000,2013,6,26,23,07006KT,17,13
2013-06-27 00:00:00.000,2013,6,27,0,34004KT,14,12
2013-06-27 01:00:00.000,2013,6,27,1,28006KT,13,11
2013-06-27 02:00:00.000,2013,6,27,2,31004KT,11,10
2013-06-27 03:00:00.000,2013,6,27,3,00000KT,10,09
2013-06-27 04:00:00.000,2013,6,27,4,02003KT,10,09
2013-06-27 05:00:00.000,2013,6,27,5,VRB02KT,10,09
2013-06-27 06:00:00.000,2013,6,27,6,31003KT,08,08
2013-06-27 07:00:00.000,2013,6,27,7,VRB02KT,08,07
2013-06-27 08:00:00.000,2013,6,27,8,05004KT,08,07
2013-06-27 09:00:00.000,2013,6,27,9,02005KT,07,07
2013-06-27 10:00:00.000,2013,6,27,10,28003KT,07,07
2013-06-27 11:00:00.000,2013,6,27,11,04003KT,08,08
2013-06-27 12:00:00.000,2013,6,27,12,05006KT,11,09
2013-06-27 13:00:00.000,2013,6,27,13,03006KT,12,10
2013-06-27 14:00:00.000,2013,6,27,14,04008KT,14,11
2013-06-27 15:00:00.000,2013,6,27,15,02012KT,17,10
2013-06-27 16:00:00.000,2013,6,27,16,13016KT,18,07
2013-06-27 17:00:00.000,2013,6,27,17,08009KT,20,07
2013-06-27 18:00:00.000,2013,6,27,18,12012KT,19,07
2013-06-27 19:00:00.000,2013,6,27,19,13003KT,20,06
2013-06-27 20:00:00.000,2013,6,27,20,11009KT,19,07
2013-06-27 21:00:00.000,2013,6,27,21,18013KT,19,08
2013-06-27 22:00:00.000,2013,6,27,22,14010KT,17,08
2013-06-27 23:00:00.000,2013,6,27,23,17008KT,17,08
2013-06-28 00:00:00.000,2013,6,28,0,11003KT,14,08
2013-06-28 01:00:00.000,2013,6,28,1,12006KT,14,09
2013-06-28 02:00:00.000,2013,6,28,2,13012KT,15,09
2013-06-28 03:00:00.000,2013,6,28,3,14006KT,14,09
2013-06-28 04:00:00.000,2013,6,28,4,10006KT,14,08
2013-06-28 05:00:00.000,2013,6,28,5,07005KT,13,08
2013-06-28 06:00:00.000,2013,6,28,6,03005KT,12,09
2013-06-28 07:00:00.000,2013,6,28,7,07004KT,11,09
2013-06-28 08:00:00.000,2013,6,28,8,02005KT,11,09
2013-06-28 09:00:00.000,2013,6,28,9,01003KT,11,09
2013-06-28 10:00:00.000,2013,6,28,10,02004KT,11,09
2013-06-28 11:00:00.000,2013,6,28,11,32004KT,11,09
2013-06-28 12:00:00.000,2013,6,28,12,35004KT,11,10
2013-06-28 13:00:00.000,2013,6,28,13,VRB02KT,12,10
2013-06-28 14:00:00.000,2013,6,28,14,02004KT,15,10
2013-06-28 15:00:00.000,2013,6,28,15,10010KT,17,08
2013-06-28 16:00:00.000,2013,6,28,16,14010KT,18,08
2013-06-28 17:00:00.000,2013,6,28,17,16016K6,19,08
2013-06-28 18:00:00.000,2013,6,28,18,18016KT,19,06
2013-06-28 19:00:00.000,2013,6,28,19,14014KT,19,07
2013-06-28 20:00:00.000,2013,6,28,20,18016KT,19,07
2013-06-28 21:00:00.000,2013,6,28,21,15010KT,18,07
2013-06-28 22:00:00.000,2013,6,28,22,14008KT,17,08
2013-06-28 23:00:00.000,2013,6,28,23,30006KT,16,09
2013-06-29 00:00:00.000,2013,6,29,0,19004KT,14,08
2013-06-29 01:00:00.000,2013,6,29,1,03003KT,13,09
2013-06-29 02:00:00.000,2013,6,29,2,00000KT,13,08
2013-06-29 03:00:00.000,2013,6,29,3,VRB02KT,10,09
2013-06-29 04:00:00.000,2013,6,29,4,00000KT,10,08
2013-06-29 05:00:00.000,2013,6,29,5,00000KT,08,07
2013-06-29 06:00:00.000,2013,6,29,6,34003KT,07,06
2013-06-29 07:00:00.000,2013,6,29,7,00000KT,08,07
2013-06-29 08:00:00.000,2013,6,29,8,35003KT,06,06
2013-06-29 09:00:00.000,2013,6,29,9,32005KT,06,06
2013-06-29 10:00:00.000,2013,6,29,10,VRB02KT,08,07
2013-06-29 11:00:00.000,2013,6,29,11,05005KT,08,08
2013-06-29 12:00:00.000,2013,6,29,12,04005KT,09,08
2013-06-29 13:00:00.000,2013,6,29,13,05004KT,12,10
2013-06-29 14:00:00.000,2013,6,29,14,04004KT,15,10
2013-06-29 15:00:00.000,2013,6,29,15,02008KT,16,10
2013-06-29 16:00:00.000,2013,6,29,16,05012KT,17,10
2013-06-29 17:00:00.000,2013,6,29,17,07010KT,19,08
2013-06-29 18:00:00.000,2013,6,29,18,15007KT,20,07
2013-06-29 19:00:00.000,2013,6,29,19,30013KT,19,11
2013-06-29 20:00:00.000,2013,6,29,20,27010KT,18,10
2013-06-29 21:00:00.000,2013,6,29,21,29015KT,17,11
2013-06-29 22:00:00.000,2013,6,29,22,30009KT,14,12
2013-06-29 23:00:00.000,2013,6,29,23,30007KT,14,12
2013-06-30 00:00:00.000,2013,6,30,0,27008KT,13,11
2013-06-30 01:00:00.000,2013,6,30,1,VRB02KT,13,12
2013-06-30 02:00:00.000,2013,6,30,2,VRB02KT,12,11
2013-06-30 03:00:00.000,2013,6,30,3,VRB02KT,12,11
2013-06-30 04:00:00.000,2013,6,30,4,32004KT,12,11
2013-06-30 05:00:00.000,2013,6,30,5,VRB02KT,11,10
2013-06-30 06:00:00.000,2013,6,30,6,34004KT,11,10
2013-06-30 07:00:00.000,2013,6,30,7,26004KT,11,10
2013-06-30 08:00:00.000,2013,6,30,8,VRB02KT,10,10
2013-06-30 09:00:00.000,2013,6,30,9,04004KT,09,09
2013-06-30 10:00:00.000,2013,6,30,10,32004KT,09,09
2013-06-30 11:00:00.000,2013,6,30,11,31004KT,09,09
2013-06-30 12:00:00.000,2013,6,30,12,08005KT,10,09
2013-06-30 13:00:00.000,2013,6,30,13,04005KT,12,11
2013-06-30 14:00:00.000,2013,6,30,14,010003KT,15,09
2013-06-30 15:00:00.000,2013,6,30,15,VRB02KT,17,09
2013-06-30 16:00:00.000,2013,6,30,16,04006KT,18,08
2013-06-30 17:00:00.000,2013,6,30,17,28010KT,17,11
2013-06-30 18:00:00.000,2013,6,30,18,27010KT,17,11
2013-06-30 19:00:00.000,2013,6,30,19,23008KT,16,12
2013-06-30 20:00:00.000,2013,6,30,20,25008KT,16,12
2013-06-30 21:00:00.000,2013,6,30,21,27012KT,15,11
2013-06-30 22:00:00.000,2013,6,30,22,26007KT,16,11
2013-06-30 23:00:00.000,2013,6,30,23,24006KT,15,10
2013-07-01 00:00:00.000,2013,7,1,0,21006KT,14,11
2013-07-01 01:00:00.000,2013,7,1,1,22004KT,13,11
2013-07-01 02:00:00.000,2013,7,1,2,21005KT,13,11
2013-07-01 03:00:00.000,2013,7,1,3,VRB02KT,13,10
2013-07-01 04:00:00.000,2013,7,1,4,06004KT,12,09
2013-07-01 05:00:00.000,2013,7,1,5,VRB02KT,11,10
2013-07-01 06:00:00.000,2013,7,1,6,VRB02KT,11,09
2013-07-01 07:00:00.000,2013,7,1,7,VRB02KT,11,09
2013-07-01 08:00:00.000,2013,7,1,8,VRB02KT,11,09
2013-07-01 09:00:00.000,2013,7,1,9,VRB02KT,11,10
2013-07-01 10:00:00.000,2013,7,1,10,00000KT,11,10
2013-07-01 11:00:00.000,2013,7,1,11,VRB02KT,11,09
2013-07-01 12:00:00.000,2013,7,1,12,33003KT,10,09
2013-07-01 13:00:00.000,2013,7,1,13,02003KT,13,09
2013-07-01 14:00:00.000,2013,7,1,14,08003KT,14,09
2013-07-01 15:00:00.000,2013,7,1,15,29003KT,15,09
2013-07-01 16:00:00.000,2013,7,1,16,33005KT,16,09
2013-07-01 17:00:00.000,2013,7,1,17,05009KT,15,09
2013-07-01 18:00:00.000,2013,7,1,18,23007KT,14,11
2013-07-01 19:00:00.000,2013,7,1,19,12008KT,13,10
2013-07-01 20:00:00.000,2013,7,1,20,05008KT,13,10
2013-07-01 21:00:00.000,2013,7,1,21,05008KT,13,08
2013-07-01 22:00:00.000,2013,7,1,22,06004KT,14,09
2013-07-01 23:00:00.000,2013,7,1,23,05006KT,13,09
2013-07-02 00:00:00.000,2013,7,2,0,VRB02KT,12,09
2013-07-02 01:00:00.000,2013,7,2,1,07008KT,12,09
2013-07-02 02:00:00.000,2013,7,2,2,05008KT,11,08
2013-07-02 03:00:00.000,2013,7,2,3,05005KT,10,08
2013-07-02 04:00:00.000,2013,7,2,4,05003KT,09,08
2013-07-02 05:00:00.000,2013,7,2,5,35003KT,09,08
2013-07-02 06:00:00.000,2013,7,2,6,05004KT,09,08
2013-07-02 07:00:00.000,2013,7,2,7,VRB02KT,08,07
2013-07-02 08:00:00.000,2013,7,2,8,05005KT,09,08
2013-07-02 09:00:00.000,2013,7,2,9,07004KT,09,08
2013-07-02 10:00:00.000,2013,7,2,10,04004KT,08,07
2013-07-02 11:00:00.000,2013,7,2,11,04006KT,08,07
2013-07-02 12:00:00.000,2013,7,2,12,01004KT,11,09
2013-07-02 13:00:00.000,2013,7,2,13,03007KT,12,09
2013-07-02 14:00:00.000,2013,7,2,14,09005KT,14,09
2013-07-02 15:00:00.000,2013,7,2,15,17008KT,15,08
2013-07-02 16:00:00.000,2013,7,2,16,16010KT,16,08
2013-07-02 17:00:00.000,2013,7,2,17,17003KT,16,08
2013-07-02 18:00:00.000,2013,7,2,18,15012KT,18,09
2013-07-02 19:00:00.000,2013,7,2,19,17011KT,17,07
2013-07-02 20:00:00.000,2013,7,2,20,18014KT,18,08
2013-07-02 21:00:00.000,2013,7,2,21,12010KT,18,07
2013-07-02 22:00:00.000,2013,7,2,22,08007KT,18,06
2013-07-02 23:00:00.000,2013,7,2,23,22005KT,16,10
2013-07-03 00:00:00.000,2013,7,3,0,VRB02KT,13,10
2013-07-03 01:00:00.000,2013,7,3,1,32004KT,11,10
2013-07-03 02:00:00.000,2013,7,3,2,VRB02KT,10,09
2013-07-03 03:00:00.000,2013,7,3,3,03003KT,09,08
2013-07-03 04:00:00.000,2013,7,3,4,05004KT,09,08
2013-07-03 05:00:00.000,2013,7,3,5,VRB02KT,08,08
2013-07-03 06:00:00.000,2013,7,3,6,VRB02KT,07,06
2013-07-03 07:00:00.000,2013,7,3,7,03004KT,07,06
2013-07-03 08:00:00.000,2013,7,3,8,04004KT,07,06
2013-07-03 09:00:00.000,2013,7,3,9,VRB02KT,04,03
2013-07-03 10:00:00.000,2013,7,3,10,35004KT,03,03
2013-07-03 11:00:00.000,2013,7,3,11,04004KT,05,04
2013-07-03 12:00:00.000,2013,7,3,12,04004KT,07,06
2013-07-03 13:00:00.000,2013,7,3,13,06004KT,10,08
2013-07-03 14:00:00.000,2013,7,3,14,08006KT,15,05
2013-07-03 15:00:00.000,2013,7,3,15,16006KT,17,03
2013-07-03 16:00:00.000,2013,7,3,16,14005KT,18,02
2013-07-03 17:00:00.000,2013,7,3,17,35010KT,19,02
2013-07-03 18:00:00.000,2013,7,3,18,07007KT,20,03
2013-07-03 19:00:00.000,2013,7,3,19,05012KT,20,03
2013-07-03 20:00:00.000,2013,7,3,20,33010KT,19,03
2013-07-03 21:00:00.000,2013,7,3,21,28013KT,18,10
2013-07-03 22:00:00.000,2013,7,3,22,28010KT,17,10
2013-07-03 23:00:00.000,2013,7,3,23,24010KT,16,10
2013-07-04 00:00:00.000,2013,7,4,0,25005KT,14,10
2013-07-04 01:00:00.000,2013,7,4,1,34003KT,12,09
2013-07-04 02:00:00.000,2013,7,4,2,33003KT,11,09
2013-07-04 03:00:00.000,2013,7,4,3,00000KT,11,09
2013-07-04 04:00:00.000,2013,7,4,4,00000KT,09,08
2013-07-04 05:00:00.000,2013,7,4,5,35003KT,09,08
2013-07-04 06:00:00.000,2013,7,4,6,31003KT,08,07
2013-07-04 07:00:00.000,2013,7,4,7,00000KT,06,05
2013-07-04 08:00:00.000,2013,7,4,8,00000KT,08,07
2013-07-04 09:00:00.000,2013,7,4,9,VRB02KT,06,05
2013-07-04 10:00:00.000,2013,7,4,10,VRB02KT,07,07
2013-07-04 11:00:00.000,2013,7,4,11,31004KT,07,07
2013-07-04 12:00:00.000,2013,7,4,12,03003KT,09,08
2013-07-04 13:00:00.000,2013,7,4,13,01003KT,12,09
2013-07-04 14:00:00.000,2013,7,4,14,05006KT,15,09
2013-07-04 15:00:00.000,2013,7,4,15,05006KT,17,08
2013-07-04 16:00:00.000,2013,7,4,16,VRB02KT,17,07
2013-07-04 17:00:00.000,2013,7,4,17,VRB02KT,17,05
2013-07-04 18:00:00.000,2013,7,4,18,17004KT,19,06
2013-07-04 19:00:00.000,2013,7,4,19,32004KT,20,05
2013-07-04 20:00:00.000,2013,7,4,20,30007KT,19,07
2013-07-04 21:00:00.000,2013,7,4,21,24011KT,17,11
2013-07-04 22:00:00.000,2013,7,4,22,25011KT,15,11
2013-07-04 23:00:00.000,2013,7,4,23,25009KT,14,11
2013-07-05 00:00:00.000,2013,7,5,0,VRB02KT,13,11
2013-07-05 01:00:00.000,2013,7,5,1,VRB02KT,12,10
2013-07-05 02:00:00.000,2013,7,5,2,00000KT,12,10
2013-07-05 03:00:00.000,2013,7,5,3,29003KT,12,10
2013-07-05 04:00:00.000,2013,7,5,4,02003KT,11,10
2013-07-05 05:00:00.000,2013,7,5,5,34003KT,11,09
2013-07-05 06:00:00.000,2013,7,5,6,35003KT,11,08
2013-07-05 07:00:00.000,2013,7,5,7,04003KT,10,08
2013-07-05 08:00:00.000,2013,7,5,8,32004KT,09,08
2013-07-05 09:00:00.000,2013,7,5,9,04005KT,09,08
2013-07-05 10:00:00.000,2013,7,5,10,05005KT,09,08
2013-07-05 11:00:00.000,2013,7,5,11,VRB02KT,08,07
2013-07-05 12:00:00.000,2013,7,5,12,VRB02KT,09,08
2013-07-05 13:00:00.000,2013,7,5,13,02005KT,12,08
2013-07-05 14:00:00.000,2013,7,5,14,04009KT,14,08
2013-07-05 15:00:00.000,2013,7,5,15,05004KT,14,08
2013-07-05 16:00:00.000,2013,7,5,16,13008KT,14,07
2013-07-05 17:00:00.000,2013,7,5,17,13010KT,16,10
2013-07-05 18:00:00.000,2013,7,5,18,18004KT,18,07
2013-07-05 19:00:00.000,2013,7,5,19,02005KT,18,06
2013-07-05 20:00:00.000,2013,7,5,20,15005KT,17,06
2013-07-05 21:00:00.000,2013,7,5,21,14008KT,17,07
2013-07-05 22:00:00.000,2013,7,5,22,10010KT,15,08
2013-07-05 23:00:00.000,2013,7,5,23,12004KT,15,09
2013-07-06 00:00:00.000,2013,7,6,0,VRB02KT,13,08
2013-07-06 01:00:00.000,2013,7,6,1,02005KT,12,09
2013-07-06 02:00:00.000,2013,7,6,2,05005KT,11,08
2013-07-06 03:00:00.000,2013,7,6,3,36008KT,11,09
2013-07-06 04:00:00.000,2013,7,6,4,04007KT,10,08
2013-07-06 05:00:00.000,2013,7,6,5,06006KT,10,08
2013-07-06 06:00:00.000,2013,7,6,6,04005KT,10,08
2013-07-06 07:00:00.000,2013,7,6,7,04004KT,10,08
2013-07-06 08:00:00.000,2013,7,6,8,06004KT,10,08
2013-07-06 09:00:00.000,2013,7,6,9,05004KT,09,07
2013-07-06 10:00:00.000,2013,7,6,10,VRB02KT,10,07
2013-07-06 11:00:00.000,2013,7,6,11,09004KT,09,07
2013-07-06 12:00:00.000,2013,7,6,12,03005KT,11,08
2013-07-06 13:00:00.000,2013,7,6,13,11006KT,14,07
2013-07-06 14:00:00.000,2013,7,6,14,10004KT,16,08
2013-07-06 15:00:00.000,2013,7,6,15,09006KT,16,07
2013-07-06 16:00:00.000,2013,7,6,16,15016KT,17,07
2013-07-06 17:00:00.000,2013,7,6,17,14016KT,18,06
2013-07-06 18:00:00.000,2013,7,6,18,18011KT,19,06
2013-07-06 20:00:00.000,2013,7,6,20,16005KT,18,06
2013-07-06 21:00:00.000,2013,7,6,21,14013KT,19,06
2013-07-06 22:00:00.000,2013,7,6,22,14010KT,19,06
2013-07-06 23:00:00.000,2013,7,6,23,17011KT,17,05
2013-07-07 00:00:00.000,2013,7,7,0,05004KT,14,07
2013-07-07 01:00:00.000,2013,7,7,1,35003KT,12,07
2013-07-07 02:00:00.000,2013,7,7,2,VRB02KT,09,07
2013-07-07 03:00:00.000,2013,7,7,3,03003KT,09,07
2013-07-07 04:00:00.000,2013,7,7,4,03004KT,09,07
2013-07-07 05:00:00.000,2013,7,7,5,VRB02KT,09,07
2013-07-07 06:00:00.000,2013,7,7,6,00000KT,07,06
2013-07-07 07:00:00.000,2013,7,7,7,03004KT,07,07
2013-07-07 08:00:00.000,2013,7,7,8,32004KT,07,05
2013-07-07 09:00:00.000,2013,7,7,9,01006KT,06,05
2013-07-07 10:00:00.000,2013,7,7,10,00000KT,08,07
2013-07-07 11:00:00.000,2013,7,7,11,04004KT,06,06
2013-07-07 12:00:00.000,2013,7,7,12,VRB02KT,10,07
2013-07-07 13:00:00.000,2013,7,7,13,05004KT,14,09
2013-07-07 14:00:00.000,2013,7,7,14,05012KT,14,08
2013-07-07 15:00:00.000,2013,7,7,15,05010KT,16,08
2013-07-07 16:00:00.000,2013,7,7,16,16016KT,17,07
2013-07-07 17:00:00.000,2013,7,7,17,06010KT,17,07
2013-07-07 18:00:00.000,2013,7,7,18,10011KT,19,07
2013-07-07 19:00:00.000,2013,7,7,19,15013KT,19,07
2013-07-07 20:00:00.000,2013,7,7,20,10009KT,18,06
2013-07-07 21:00:00.000,2013,7,7,21,09010KT,20,05
2013-07-07 22:00:00.000,2013,7,7,22,10008KT,18,06
2013-07-07 23:00:00.000,2013,7,7,23,14010KT,16,07
2013-07-08 00:00:00.000,2013,7,8,0,09008KT,16,07
2013-07-08 01:00:00.000,2013,7,8,1,03006KT,14,08
2013-07-08 02:00:00.000,2013,7,8,2,12003KT,14,08
2013-07-08 03:00:00.000,2013,7,8,3,06006KT,13,08
2013-07-08 04:00:00.000,2013,7,8,4,07004KT,13,08
2013-07-08 05:00:00.000,2013,7,8,5,00000KT,11,08
2013-07-08 06:00:00.000,2013,7,8,6,35004KT,10,08
2013-07-08 07:00:00.000,2013,7,8,7,03003KT,10,08
2013-07-08 08:00:00.000,2013,7,8,8,05005KT,11,08
2013-07-08 09:00:00.000,2013,7,8,9,05003KT,11,08
2013-07-08 10:00:00.000,2013,7,8,10,02003KT,10,07
2013-07-08 11:00:00.000,2013,7,8,11,31003KT,09,08
2013-07-08 12:00:00.000,2013,7,8,12,03003KT,11,08
2013-07-08 13:00:00.000,2013,7,8,13,10010KT,15,08
2013-07-08 14:00:00.000,2013,7,8,14,12006KT,17,06
2013-07-08 15:00:00.000,2013,7,8,15,12016KT,18,07
2013-07-08 16:00:00.000,2013,7,8,16,12016KT,19,06
2013-07-08 17:00:00.000,2013,7,8,17,14014KT,19,04
2013-07-08 18:00:00.000,2013,7,8,18,12020KT,19,05
2013-07-08 19:00:00.000,2013,7,8,19,11015KT,19,04
2013-07-08 20:00:00.000,2013,7,8,20,11014KT,20,05
2013-07-08 21:00:00.000,2013,7,8,21,13015KT,19,04
2013-07-08 22:00:00.000,2013,7,8,22,12013KT,19,04
2013-07-08 23:00:00.000,2013,7,8,23,11013KT,17,04
2013-07-09 00:00:00.000,2013,7,9,0,11011KT,16,05
2013-07-09 01:00:00.000,2013,7,9,1,11012KT,15,07
2013-07-09 02:00:00.000,2013,7,9,2,10008KT,14,06
2013-07-09 03:00:00.000,2013,7,9,3,07005KT,09,06
2013-07-09 04:00:00.000,2013,7,9,4,02005KT,07,05
2013-07-09 05:00:00.000,2013,7,9,5,36003KT,09,06
2013-07-09 06:00:00.000,2013,7,9,6,33004KT,10,07
2013-07-09 07:00:00.000,2013,7,9,7,04003KT,09,07
2013-07-09 08:00:00.000,2013,7,9,8,VRB02KT,09,07
2013-07-09 09:00:00.000,2013,7,9,9,VRB02KT,09,08
2013-07-09 10:00:00.000,2013,7,9,10,05006KT,10,09
2013-07-09 11:00:00.000,2013,7,9,11,05003KT,10,09
2013-07-09 12:00:00.000,2013,7,9,12,VRB02KT,11,09
2013-07-09 13:00:00.000,2013,7,9,13,03004KT,13,09
2013-07-09 14:00:00.000,2013,7,9,14,12004KT,14,09
2013-07-09 15:00:00.000,2013,7,9,15,15009KT,16,08
2013-07-09 16:00:00.000,2013,7,9,16,12013KT,17,07
2013-07-09 17:00:00.000,2013,7,9,17,17012KT,17,07
2013-07-09 18:00:00.000,2013,7,9,18,17010KT,18,07
2013-07-09 19:00:00.000,2013,7,9,19,17016KT,19,08
2013-07-09 20:00:00.000,2013,7,9,20,13015KT,18,07
2013-07-09 21:00:00.000,2013,7,9,21,14012KT,16,08
2013-07-09 22:00:00.000,2013,7,9,22,13010KT,13,10
2013-07-09 23:00:00.000,2013,7,9,23,06007KT,12,10
2013-07-10 00:00:00.000,2013,7,10,0,05004KT,11,09
2013-07-10 01:00:00.000,2013,7,10,1,06008KT,11,09
2013-07-10 02:00:00.000,2013,7,10,2,33003KT,11,08
2013-07-10 03:00:00.000,2013,7,10,3,04008KT,10,08
2013-07-10 04:00:00.000,2013,7,10,4,VRB02KT,09,08
2013-07-10 05:00:00.000,2013,7,10,5,09003KT,11,08
2013-07-10 06:00:00.000,2013,7,10,6,02004KT,10,08
2013-07-10 07:00:00.000,2013,7,10,7,07003KT,10,08
2013-07-10 08:00:00.000,2013,7,10,8,04006KT,10,08
2013-07-10 09:00:00.000,2013,7,10,9,03005KT,10,09
2013-07-10 10:00:00.000,2013,7,10,10,02003KT,10,09
2013-07-10 11:00:00.000,2013,7,10,11,06004KT,10,09
2013-07-10 12:00:00.000,2013,7,10,12,02005KT,11,09
2013-07-10 13:00:00.000,2013,7,10,13,05003KT,13,09
2013-07-10 14:00:00.000,2013,7,10,14,36004KT,14,10
2013-07-10 15:00:00.000,2013,7,10,15,21010KT,17,08
2013-07-10 16:00:00.000,2013,7,10,16,16012KT,16,08
2013-07-10 17:00:00.000,2013,7,10,17,17016KT,17,09
2013-07-10 18:00:00.000,2013,7,10,18,17011KT,18,08
2013-07-10 19:00:00.000,2013,7,10,19,18005KT,18,07
2013-07-10 20:00:00.000,2013,7,10,20,16016KT,16,08
2013-07-10 21:00:00.000,2013,7,10,21,18004KT,17,08
2013-07-10 22:00:00.000,2013,7,10,22,16011KT,16,08
2013-07-10 23:00:00.000,2013,7,10,23,14007KT,14,08
2013-07-11 00:00:00.000,2013,7,11,0,08005KT,13,08
2013-07-11 01:00:00.000,2013,7,11,1,10006KT,14,07
2013-07-11 02:00:00.000,2013,7,11,2,12011KT,13,08
2013-07-11 03:00:00.000,2013,7,11,3,06006KT,13,08
2013-07-11 04:00:00.000,2013,7,11,4,06005KT,11,08
2013-07-11 05:00:00.000,2013,7,11,5,33004KT,11,08
2013-07-11 06:00:00.000,2013,7,11,6,05003KT,11,08
2013-07-11 07:00:00.000,2013,7,11,7,05003KT,11,09
2013-07-11 08:00:00.000,2013,7,11,8,22003KT,11,10
2013-07-11 09:00:00.000,2013,7,11,9,03005KT,10,09
2013-07-11 12:00:00.000,2013,7,11,12,111200Z,11,09
2013-07-11 13:00:00.000,2013,7,11,13,07008KT,13,09
2013-07-11 14:00:00.000,2013,7,11,14,08008KT,14,08
2013-07-11 15:00:00.000,2013,7,11,15,13012KT,15,09
2013-07-11 16:00:00.000,2013,7,11,16,13008KT,16,07
2013-07-11 17:00:00.000,2013,7,11,17,10010KT,17,08
2013-07-11 18:00:00.000,2013,7,11,18,07007KT,18,07
2013-07-11 19:00:00.000,2013,7,11,19,18014KT,16,08
2013-07-11 20:00:00.000,2013,7,11,20,12012KT,18,07
2013-07-11 21:00:00.000,2013,7,11,21,14016KT,17,07
2013-07-11 22:00:00.000,2013,7,11,22,11007KT,17,07
2013-07-11 23:00:00.000,2013,7,11,23,14012KT,15,07
2013-07-12 00:00:00.000,2013,7,12,0,12006KT,15,08
2013-07-12 01:00:00.000,2013,7,12,1,11006KT,14,08
2013-07-12 02:00:00.000,2013,7,12,2,07005KT,13,08
2013-07-12 03:00:00.000,2013,7,12,3,06003KT,12,08
2013-07-12 04:00:00.000,2013,7,12,4,06005KT,12,09
2013-07-12 05:00:00.000,2013,7,12,5,04005KT,12,09
2013-07-12 06:00:00.000,2013,7,12,6,08006KT,11,10
2013-07-12 07:00:00.000,2013,7,12,7,12004KT,10,09
2013-07-12 08:00:00.000,2013,7,12,8,03004KT,10,08
2013-07-12 09:00:00.000,2013,7,12,9,07003KT,09,08
2013-07-12 10:00:00.000,2013,7,12,10,03005KT,09,07
2013-07-12 11:00:00.000,2013,7,12,11,06006KT,08,07
2013-07-12 12:00:00.000,2013,7,12,12,03004KT,10,07
2013-07-12 13:00:00.000,2013,7,12,13,03003KT,13,07
2013-07-12 14:00:00.000,2013,7,12,14,03007KT,14,06
2013-07-12 15:00:00.000,2013,7,12,15,10004KT,15,05
2013-07-12 16:00:00.000,2013,7,12,16,11014KT,17,05
2013-07-12 17:00:00.000,2013,7,12,17,08007KT,16,06
2013-07-12 18:00:00.000,2013,7,12,18,10012KT,17,06
2013-07-12 19:00:00.000,2013,7,12,19,13010KT,18,06
2013-07-12 20:00:00.000,2013,7,12,20,08011KT,17,05
2013-07-12 21:00:00.000,2013,7,12,21,07014KT,18,06
2013-07-12 22:00:00.000,2013,7,12,22,08012KT,17,06
2013-07-12 23:00:00.000,2013,7,12,23,14012KT,15,06
2013-07-13 00:00:00.000,2013,7,13,0,13009KT,14,04
2013-07-13 01:00:00.000,2013,7,13,1,14010KT,11,03
2013-07-13 02:00:00.000,2013,7,13,2,07005KT,13,04
2013-07-13 03:00:00.000,2013,7,13,3,14007KT,12,04
2013-07-13 04:00:00.000,2013,7,13,4,10004KT,12,05
2013-07-13 05:00:00.000,2013,7,13,5,01005KT,09,06
2013-07-13 06:00:00.000,2013,7,13,6,06003KT,08,06
2013-07-13 07:00:00.000,2013,7,13,7,06004KT,09,06
2013-07-13 08:00:00.000,2013,7,13,8,VRB02KT,10,06
2013-07-13 09:00:00.000,2013,7,13,9,02003KT,07,05
2013-07-13 10:00:00.000,2013,7,13,10,34003KT,07,05
2013-07-13 11:00:00.000,2013,7,13,11,00000KT,06,05
2013-07-13 12:00:00.000,2013,7,13,12,04003KT,08,07
2013-07-13 13:00:00.000,2013,7,13,13,05007KT,12,07
2013-07-13 14:00:00.000,2013,7,13,14,00000KT,15,06
2013-07-13 15:00:00.000,2013,7,13,15,10004KT,16,06
2013-07-13 16:00:00.000,2013,7,13,16,32005KT,17,05
2013-07-13 17:00:00.000,2013,7,13,17,04008KT,16,06
2013-07-13 18:00:00.000,2013,7,13,18,13012KT,16,06
2013-07-13 19:00:00.000,2013,7,13,19,18010KT,18,07
2013-07-13 20:00:00.000,2013,7,13,20,10010KT,17,06
2013-07-13 21:00:00.000,2013,7,13,21,09010KT,16,08
2013-07-13 22:00:00.000,2013,7,13,22,10010KT,16,08
2013-07-13 23:00:00.000,2013,7,13,23,11008KT,16,07
2013-07-14 00:00:00.000,2013,7,14,0,11005KT,15,06
2013-07-14 01:00:00.000,2013,7,14,1,17007KT,14,07
2013-07-14 02:00:00.000,2013,7,14,2,VRB02KT,12,07
2013-07-14 03:00:00.000,2013,7,14,3,VRB02KT,09,06
2013-07-14 04:00:00.000,2013,7,14,4,34004KT,09,06
2013-07-14 05:00:00.000,2013,7,14,5,01003KT,09,06
2013-07-14 06:00:00.000,2013,7,14,6,VRB02KT,08,07
2013-07-14 07:00:00.000,2013,7,14,7,VRB02KT,08,07
2013-07-14 08:00:00.000,2013,7,14,8,VRB02KT,08,07
2013-07-14 09:00:00.000,2013,7,14,9,26004KT,08,07
2013-07-14 10:00:00.000,2013,7,14,10,00000KT,07,06
2013-07-14 11:00:00.000,2013,7,14,11,VRB02KT,07,06
2013-07-14 12:00:00.000,2013,7,14,12,06003KT,11,09
2013-07-14 13:00:00.000,2013,7,14,13,06006KT,13,09
2013-07-14 14:00:00.000,2013,7,14,14,16006KT,16,09
2013-07-14 15:00:00.000,2013,7,14,15,16008KT,18,09
2013-07-14 16:00:00.000,2013,7,14,16,12012KT,19,08
2013-07-14 17:00:00.000,2013,7,14,17,12012KT,19,09
2013-07-14 18:00:00.000,2013,7,14,18,16010KT,19,08
2013-07-14 19:00:00.000,2013,7,14,19,18005KT,20,08
2013-07-14 20:00:00.000,2013,7,14,20,17005KT,19,08
2013-07-14 21:00:00.000,2013,7,14,21,23009KT,19,05
2013-07-14 22:00:00.000,2013,7,14,22,01006KT,18,09
2013-07-14 23:00:00.000,2013,7,14,23,32004KT,16,10
2013-07-15 00:00:00.000,2013,7,15,0,34006KT,15,12
2013-07-15 01:00:00.000,2013,7,15,1,33004KT,14,11
2013-07-15 02:00:00.000,2013,7,15,2,VRB02KT,13,10
2013-07-15 03:00:00.000,2013,7,15,3,VRB02KT,14,09
2013-07-15 04:00:00.000,2013,7,15,4,36004KT,13,09
2013-07-15 05:00:00.000,2013,7,15,5,05004KT,12,09
2013-07-15 06:00:00.000,2013,7,15,6,05004KT,12,09
2013-07-15 07:00:00.000,2013,7,15,7,08004KT,11,09
2013-07-15 08:00:00.000,2013,7,15,8,VRB02KT,11,10
2013-07-15 09:00:00.000,2013,7,15,9,05004KT,11,10
2013-07-15 10:00:00.000,2013,7,15,10,VRB02KT,11,10
2013-07-15 11:00:00.000,2013,7,15,11,VRB02KT,11,10
2013-07-15 12:00:00.000,2013,7,15,12,04004KT,11,10
2013-07-15 13:00:00.000,2013,7,15,13,10003KT,12,10
2013-07-15 14:00:00.000,2013,7,15,14,13004KT,15,10
2013-07-15 15:00:00.000,2013,7,15,15,10004KT,15,09
2013-07-15 16:00:00.000,2013,7,15,16,07005KT,14,11
2013-07-15 17:00:00.000,2013,7,15,17,14011KT,17,09
2013-07-15 18:00:00.000,2013,7,15,18,14008KT,17,09
2013-07-15 19:00:00.000,2013,7,15,19,18015KT,17,10
2013-07-15 20:00:00.000,2013,7,15,20,14014KT,18,09
2013-07-15 21:00:00.000,2013,7,15,21,13008KT,18,08
2013-07-15 22:00:00.000,2013,7,15,22,17014KT,17,08
2013-07-15 23:00:00.000,2013,7,15,23,16012KT,15,07
2013-07-16 00:00:00.000,2013,7,16,0,19007KT,14,07
2013-07-16 01:00:00.000,2013,7,16,1,12008KT,14,07
2013-07-16 02:00:00.000,2013,7,16,2,10005KT,13,08
2013-07-16 03:00:00.000,2013,7,16,3,VRB02KT,14,08
2013-07-16 04:00:00.000,2013,7,16,4,VRB02KT,13,09
2013-07-16 05:00:00.000,2013,7,16,5,00000KT,12,10
2013-07-16 06:00:00.000,2013,7,16,6,VRB02KT,12,10
2013-07-16 07:00:00.000,2013,7,16,7,VRB02KT,11,10
2013-07-16 08:00:00.000,2013,7,16,8,00000KT,10,10
2013-07-16 09:00:00.000,2013,7,16,9,00000KT,10,09
2013-07-16 10:00:00.000,2013,7,16,10,00000KT,09,09
2013-07-16 11:00:00.000,2013,7,16,11,08003KT,10,10
2013-07-16 12:00:00.000,2013,7,16,12,06006KT,12,10
2013-07-16 13:00:00.000,2013,7,16,13,11008KT,13,09
2013-07-16 14:00:00.000,2013,7,16,14,14014KT,16,09
2013-07-16 15:00:00.000,2013,7,16,15,12012KT,17,09
2013-07-16 16:00:00.000,2013,7,16,16,13015KT,18,08
2013-07-16 17:00:00.000,2013,7,16,17,13013KT,19,09
2013-07-16 18:00:00.000,2013,7,16,18,16013KT,18,08
2013-07-16 19:00:00.000,2013,7,16,19,14014KT,18,09
2013-07-16 20:00:00.000,2013,7,16,20,14010KT,15,11
2013-07-16 21:00:00.000,2013,7,16,21,14010KT,16,10
2013-07-16 22:00:00.000,2013,7,16,22,13010KT,16,10
2013-07-16 23:00:00.000,2013,7,16,23,14010KT,15,09
2013-07-17 00:00:00.000,2013,7,17,0,13007KT,14,09
2013-07-17 01:00:00.000,2013,7,17,1,17012KT,13,09
2013-07-17 02:00:00.000,2013,7,17,2,07008KT,13,08
2013-07-17 03:00:00.000,2013,7,17,3,06008KT,12,08
2013-07-17 04:00:00.000,2013,7,17,4,07005KT,12,08
2013-07-17 05:00:00.000,2013,7,17,5,VRB02KT,12,08
2013-07-17 06:00:00.000,2013,7,17,6,05005KT,10,08
2013-07-17 07:00:00.000,2013,7,17,7,10010KT,13,08
2013-07-17 08:00:00.000,2013,7,17,8,13006KT,12,08
2013-07-17 09:00:00.000,2013,7,17,9,12005KT,13,08
2013-07-17 10:00:00.000,2013,7,17,10,06007KT,11,09
2013-07-17 11:00:00.000,2013,7,17,11,04004KT,11,09
2013-07-17 12:00:00.000,2013,7,17,12,02004KT,12,09
2013-07-17 13:00:00.000,2013,7,17,13,12012KT,15,09
2013-07-17 14:00:00.000,2013,7,17,14,11005KT,15,10
2013-07-17 15:00:00.000,2013,7,17,15,13014KT,16,09
2013-07-17 16:00:00.000,2013,7,17,16,15016KT,17,09
2013-07-17 17:00:00.000,2013,7,17,17,15014KT,16,08
2013-07-17 18:00:00.000,2013,7,17,18,09006KT,16,10
2013-07-17 19:00:00.000,2013,7,17,19,11013KT,17,08
2013-07-17 20:00:00.000,2013,7,17,20,10009KT,17,08
2013-07-17 21:00:00.000,2013,7,17,21,09008KT,18,08
2013-07-17 22:00:00.000,2013,7,17,22,10008KT,16,09
2013-07-17 23:00:00.000,2013,7,17,23,12009KT,15,09
2013-07-18 00:00:00.000,2013,7,18,0,11007KT,15,08
2013-07-18 01:00:00.000,2013,7,18,1,04007KT,13,08
2013-07-18 02:00:00.000,2013,7,18,2,04008KT,12,08
2013-07-18 03:00:00.000,2013,7,18,3,04006KT,12,08
2013-07-18 04:00:00.000,2013,7,18,4,VRB002KT,12,08
2013-07-18 05:00:00.000,2013,7,18,5,05007KT,10,07
2013-07-18 06:00:00.000,2013,7,18,6,05007KT,10,08
2013-07-18 07:00:00.000,2013,7,18,7,00000KT,10,08
2013-07-18 08:00:00.000,2013,7,18,8,06004KT,11,08
2013-07-18 09:00:00.000,2013,7,18,9,VRB02KT,09,08
2013-07-18 10:00:00.000,2013,7,18,10,04003KT,08,07
2013-07-18 11:00:00.000,2013,7,18,11,35003KT,08,07
2013-07-18 12:00:00.000,2013,7,18,12,03004KT,10,08
2013-07-18 13:00:00.000,2013,7,18,13,28004KT,13,09
2013-07-18 14:00:00.000,2013,7,18,14,32004KT,14,09
2013-07-18 15:00:00.000,2013,7,18,15,14011KT,17,08
2013-07-18 16:00:00.000,2013,7,18,16,14011KT,16,08
2013-07-18 17:00:00.000,2013,7,18,17,12008KT,17,08
2013-07-18 18:00:00.000,2013,7,18,18,13010KT,18,08
2013-07-18 19:00:00.000,2013,7,18,19,10007KT,18,06
2013-07-18 20:00:00.000,2013,7,18,20,02005KT,18,07
2013-07-18 21:00:00.000,2013,7,18,21,09007KT,19,06
2013-07-18 22:00:00.000,2013,7,18,22,11010KT,18,06
2013-07-18 23:00:00.000,2013,7,18,23,08004KT,16,07
2013-07-19 00:00:00.000,2013,7,19,0,14008KT,16,07
2013-07-19 01:00:00.000,2013,7,19,1,07004KT,14,07
2013-07-19 02:00:00.000,2013,7,19,2,05006KT,14,08
2013-07-19 03:00:00.000,2013,7,19,3,04004KT,12,08
2013-07-19 04:00:00.000,2013,7,19,4,02003KT,12,08
2013-07-19 05:00:00.000,2013,7,19,5,07004KT,12,08
2013-07-19 06:00:00.000,2013,7,19,6,05003KT,11,09
2013-07-19 07:00:00.000,2013,7,19,7,02004KT,10,09
2013-07-19 08:00:00.000,2013,7,19,8,03003KT,11,08
2013-07-19 09:00:00.000,2013,7,19,9,05005KT,11,08
2013-07-19 10:00:00.000,2013,7,19,10,07003KT,10,08
2013-07-19 11:00:00.000,2013,7,19,11,05007KT,11,07
2013-07-19 12:00:00.000,2013,7,19,12,02005KT,10,07
2013-07-19 13:00:00.000,2013,7,19,13,02003KT,12,08
2013-07-19 14:00:00.000,2013,7,19,14,05006KT,13,07
2013-07-19 15:00:00.000,2013,7,19,15,05006KT,14,07
2013-07-19 16:00:00.000,2013,7,19,16,12010KT,17,07
2013-07-19 17:00:00.000,2013,7,19,17,10008KT,16,07
2013-07-19 18:00:00.000,2013,7,19,18,12012KT,15,06
2013-07-19 19:00:00.000,2013,7,19,19,12008KT,15,07
2013-07-19 20:00:00.000,2013,7,19,20,11007KT,16,07
2013-07-19 21:00:00.000,2013,7,19,21,09006KT,16,07
2013-07-19 22:00:00.000,2013,7,19,22,06008KT,14,08
2013-07-19 23:00:00.000,2013,7,19,23,04004KT,14,09
2013-07-20 00:00:00.000,2013,7,20,0,04005KT,13,07
2013-07-20 01:00:00.000,2013,7,20,1,05003KT,13,07
2013-07-20 02:00:00.000,2013,7,20,2,02003KT,11,08
2013-07-20 03:00:00.000,2013,7,20,3,VRB02KT,11,07
2013-07-20 04:00:00.000,2013,7,20,4,03003KT,10,07
2013-07-20 05:00:00.000,2013,7,20,5,32003KT,09,07
2013-07-20 06:00:00.000,2013,7,20,6,03005KT,09,07
2013-07-20 07:00:00.000,2013,7,20,7,03003KT,09,07
2013-07-20 08:00:00.000,2013,7,20,8,04006KT,08,07
2013-07-20 09:00:00.000,2013,7,20,9,31003KT,08,07
2013-07-20 10:00:00.000,2013,7,20,10,04004KT,10,08
2013-07-20 11:00:00.000,2013,7,20,11,05004KT,10,08
2013-07-20 12:00:00.000,2013,7,20,12,VRB02KT,11,08
2013-07-20 13:00:00.000,2013,7,20,13,VRB02KT,13,09
2013-07-20 14:00:00.000,2013,7,20,14,07006KT,14,09
2013-07-20 15:00:00.000,2013,7,20,15,16007KT,15,08
2013-07-20 16:00:00.000,2013,7,20,16,14012KT,17,07
2013-07-20 17:00:00.000,2013,7,20,17,14010KT,15,08
2013-07-20 18:00:00.000,2013,7,20,18,16014KT,17,08
2013-07-20 19:00:00.000,2013,7,20,19,14010KT,18,08
2013-07-20 20:00:00.000,2013,7,20,20,16016KT,17,08
2013-07-20 21:00:00.000,2013,7,20,21,17018KT,17,09
2013-07-20 22:00:00.000,2013,7,20,22,15010KT,17,09
2013-07-20 23:00:00.000,2013,7,20,23,16012KT,16,08
2013-07-21 00:00:00.000,2013,7,21,0,14010KT,14,08
2013-07-21 01:00:00.000,2013,7,21,1,13007KT,12,07
2013-07-21 02:00:00.000,2013,7,21,2,12005KT,14,07
2013-07-21 03:00:00.000,2013,7,21,3,12006KT,13,07
2013-07-21 04:00:00.000,2013,7,21,4,30003KT,11,08
2013-07-21 05:00:00.000,2013,7,21,5,VRB02KT,11,09
2013-07-21 06:00:00.000,2013,7,21,6,00000KT,11,09
2013-07-21 07:00:00.000,2013,7,21,7,03003KT,11,10
2013-07-21 08:00:00.000,2013,7,21,8,14003KT,11,10
2013-07-21 09:00:00.000,2013,7,21,9,14007KT,10,08
2013-07-21 10:00:00.000,2013,7,21,10,09003KT,10,09
2013-07-21 11:00:00.000,2013,7,21,11,03007KT,09,08
2013-07-21 12:00:00.000,2013,7,21,12,01005KT,10,08
2013-07-21 13:00:00.000,2013,7,21,13,04006KT,12,09
2013-07-21 14:00:00.000,2013,7,21,14,10007KT,15,09
2013-07-21 15:00:00.000,2013,7,21,15,10007KT,15,09
2013-07-21 16:00:00.000,2013,7,21,16,10008KT,16,08
2013-07-21 17:00:00.000,2013,7,21,17,12011KT,17,08
2013-07-21 18:00:00.000,2013,7,21,18,09011KT,17,11
2013-07-21 19:00:00.000,2013,7,21,19,12010KT,17,08
2013-07-21 20:00:00.000,2013,7,21,20,11016KT,19,08
2013-07-21 21:00:00.000,2013,7,21,21,12010KT,18,08
2013-07-21 22:00:00.000,2013,7,21,22,11012KT,17,08
2013-07-21 23:00:00.000,2013,7,21,23,11012KT,16,08
2013-07-22 00:00:00.000,2013,7,22,0,11007KT,16,08
2013-07-22 01:00:00.000,2013,7,22,1,12006KT,15,08
2013-07-22 02:00:00.000,2013,7,22,2,32003KT,13,08
2013-07-22 03:00:00.000,2013,7,22,3,01004KT,13,09
2013-07-22 04:00:00.000,2013,7,22,4,05005KT,13,09
2013-07-22 05:00:00.000,2013,7,22,5,11003KT,13,10
2013-07-22 06:00:00.000,2013,7,22,6,18003KT,12,10
2013-07-22 07:00:00.000,2013,7,22,7,VRB02KT,11,10
2013-07-22 08:00:00.000,2013,7,22,8,18004KT,11,10
2013-07-22 09:00:00.000,2013,7,22,9,35004KT,08,07
2013-07-22 10:00:00.000,2013,7,22,10,08003KT,08,07
2013-07-22 11:00:00.000,2013,7,22,11,13004KT,11,09
2013-07-22 12:00:00.000,2013,7,22,12,09003KT,13,08
2013-07-22 13:00:00.000,2013,7,22,13,08006KT,15,09
2013-07-22 14:00:00.000,2013,7,22,14,12010KT,17,08
2013-07-22 15:00:00.000,2013,7,22,15,12010KT,17,08
2013-07-22 16:00:00.000,2013,7,22,16,12010KT,18,07
2013-07-22 17:00:00.000,2013,7,22,17,13010KT,18,07
2013-07-22 18:00:00.000,2013,7,22,18,09005KT,19,08
2013-07-22 19:00:00.000,2013,7,22,19,11010KT,18,08
2013-07-22 20:00:00.000,2013,7,22,20,17010KT,19,08
2013-07-22 21:00:00.000,2013,7,22,21,06006KT,19,07
2013-07-22 22:00:00.000,2013,7,22,22,06005KT,18,08
2013-07-22 23:00:00.000,2013,7,22,23,28007KT,14,11
2013-07-23 00:00:00.000,2013,7,23,0,VRB02KT,14,11
2013-07-23 01:00:00.000,2013,7,23,1,00000KT,13,11
2013-07-23 02:00:00.000,2013,7,23,2,VRB02KT,10,09
2013-07-23 03:00:00.000,2013,7,23,3,32004KT,10,09
2013-07-23 04:00:00.000,2013,7,23,4,VRB02KT,10,09
2013-07-23 05:00:00.000,2013,7,23,5,02004KT,10,09
2013-07-23 06:00:00.000,2013,7,23,6,02005KT,10,09
2013-07-23 07:00:00.000,2013,7,23,7,04005KT,10,09
2013-07-23 09:00:00.000,2013,7,23,9,00000KT,10,09
2013-07-23 10:00:00.000,2013,7,23,10,04003KT,10,09
2013-07-23 11:00:00.000,2013,7,23,11,04006KT,10,10
2013-07-23 12:00:00.000,2013,7,23,12,08004KT,13,10
2013-07-23 14:00:00.000,2013,7,23,14,01003KT,14,09
2013-07-23 15:00:00.000,2013,7,23,15,08008KT,16,08
2013-07-23 16:00:00.000,2013,7,23,16,04008KT,18,07
2013-07-23 17:00:00.000,2013,7,23,17,16016KT,18,07
2013-07-23 18:00:00.000,2013,7,23,18,13014KT,18,06
2013-07-23 19:00:00.000,2013,7,23,19,13015KT,17,06
2013-07-23 20:00:00.000,2013,7,23,20,14015KT,16,06
2013-07-23 21:00:00.000,2013,7,23,21,12012KT,15,08
2013-07-23 22:00:00.000,2013,7,23,22,15017KT,15,07
2013-07-23 23:00:00.000,2013,7,23,23,11012KT,15,06
2013-07-24 00:00:00.000,2013,7,24,0,13009KT,14,07
2013-07-24 01:00:00.000,2013,7,24,1,04010KT,12,07
2013-07-24 02:00:00.000,2013,7,24,2,06007KT,11,07
2013-07-24 03:00:00.000,2013,7,24,3,VRB02KT,10,08
2013-07-24 05:00:00.000,2013,7,24,5,36004KT,07,06
2013-07-24 06:00:00.000,2013,7,24,6,08006KT,10,07
2013-07-24 07:00:00.000,2013,7,24,7,07005KT,11,06
2013-07-24 08:00:00.000,2013,7,24,8,07003KT,10,06
2013-07-24 09:00:00.000,2013,7,24,9,10005KT,10,06
2013-07-24 10:00:00.000,2013,7,24,10,10005KT,11,06
2013-07-24 11:00:00.000,2013,7,24,11,10009KT,11,06
2013-07-24 12:00:00.000,2013,7,24,12,07007KT,12,06
2013-07-24 13:00:00.000,2013,7,24,13,11010KT,14,06
2013-07-24 14:00:00.000,2013,7,24,14,12010KT,16,08
2013-07-24 15:00:00.000,2013,7,24,15,11011KT,17,06
2013-07-24 16:00:00.000,2013,7,24,16,13015KT,17,06
2013-07-24 17:00:00.000,2013,7,24,17,09012KT,19,06
2013-07-24 18:00:00.000,2013,7,24,18,12013KT,18,07
2013-07-24 19:00:00.000,2013,7,24,19,12014KT,19,06
2013-07-24 20:00:00.000,2013,7,24,20,12013KT,19,07
2013-07-24 21:00:00.000,2013,7,24,21,11010KT,19,06
2013-07-24 22:00:00.000,2013,7,24,22,14010KT,17,07
2013-07-24 23:00:00.000,2013,7,24,23,16009KT,16,07
2013-07-25 00:00:00.000,2013,7,25,0,14009KT,14,07
2013-07-25 01:00:00.000,2013,7,25,1,09004KT,14,07
2013-07-25 02:00:00.000,2013,7,25,2,13008KT,13,07
2013-07-25 03:00:00.000,2013,7,25,3,14007KT,12,07
2013-07-25 04:00:00.000,2013,7,25,4,11008KT,12,07
2013-07-25 05:00:00.000,2013,7,25,5,10010KT,13,08
2013-07-25 06:00:00.000,2013,7,25,6,11006KT,12,07
2013-07-25 07:00:00.000,2013,7,25,7,10008KT,12,08
2013-07-25 09:00:00.000,2013,7,25,9,06005KT,11,08
2013-07-25 10:00:00.000,2013,7,25,10,08006KT,11,08
2013-07-25 11:00:00.000,2013,7,25,11,11009KT,10,08
2013-07-25 12:00:00.000,2013,7,25,12,06008KT,12,08
2013-07-25 13:00:00.000,2013,7,25,13,14010KT,14,07
2013-07-25 14:00:00.000,2013,7,25,14,13012KT,16,07
2013-07-25 15:00:00.000,2013,7,25,15,12012KT,17,08
2013-07-25 16:00:00.000,2013,7,25,16,12010KT,18,07
2013-07-25 17:00:00.000,2013,7,25,17,14012KT,18,08
2013-07-25 18:00:00.000,2013,7,25,18,09009KT,19,08
2013-07-25 19:00:00.000,2013,7,25,19,16007KT,16,09
2013-07-25 20:00:00.000,2013,7,25,20,13007KT,14,11
2013-07-25 21:00:00.000,2013,7,25,21,19003KT,16,09
2013-07-25 22:00:00.000,2013,7,25,22,09004KT,16,08
2013-07-26 00:00:00.000,2013,7,26,0,14006KT,14,08
2013-07-26 01:00:00.000,2013,7,26,1,08005KT,14,08
2013-07-26 02:00:00.000,2013,7,26,2,11007KT,14,08
2013-07-26 03:00:00.000,2013,7,26,3,09005KT,13,08
2013-07-26 04:00:00.000,2013,7,26,4,08008KT,13,08
2013-07-26 05:00:00.000,2013,7,26,5,11005KT,13,08
2013-07-26 08:00:00.000,2013,7,26,8,05006KT,10,08
2013-07-26 09:00:00.000,2013,7,26,9,04003KT,11,10
2013-07-26 10:00:00.000,2013,7,26,10,05005KT,11,09
2013-07-26 11:00:00.000,2013,7,26,11,06005KT,11,10
2013-07-26 12:00:00.000,2013,7,26,12,04004KT,11,10
2013-07-26 13:00:00.000,2013,7,26,13,00000KT,13,11
2013-07-26 14:00:00.000,2013,7,26,14,14012KT,15,08
2013-07-26 15:00:00.000,2013,7,26,15,13015KT,15,08
2013-07-26 16:00:00.000,2013,7,26,16,14017KT,15,07
2013-07-26 17:00:00.000,2013,7,26,17,16015KT,17,07
2013-07-26 18:00:00.000,2013,7,26,18,14018KT,16,08
2013-07-26 19:00:00.000,2013,7,26,19,14020KT,16,08
2013-07-26 20:00:00.000,2013,7,26,20,15018KT,16,07
2013-07-26 21:00:00.000,2013,7,26,21,15018KT,16,06
2013-07-26 22:00:00.000,2013,7,26,22,15016KT,15,06
2013-07-26 23:00:00.000,2013,7,26,23,16014KT,14,06
2013-07-27 00:00:00.000,2013,7,27,0,15008KT,13,06
2013-07-27 01:00:00.000,2013,7,27,1,18007KT,13,07
2013-07-27 02:00:00.000,2013,7,27,2,18008KT,13,08
2013-07-27 03:00:00.000,2013,7,27,3,16004KT,12,08
2013-07-27 04:00:00.000,2013,7,27,4,18008KT,12,08
2013-07-27 05:00:00.000,2013,7,27,5,17006KT,12,07
2013-07-27 06:00:00.000,2013,7,27,6,04009KT,11,07
2013-07-27 07:00:00.000,2013,7,27,7,01004KT,10,08
2013-07-27 08:00:00.000,2013,7,27,8,09004KT,10,08
2013-07-27 09:00:00.000,2013,7,27,9,33003KT,11,08
2013-07-27 10:00:00.000,2013,7,27,10,VRB02KT,10,08
2013-07-27 11:00:00.000,2013,7,27,11,31003KT,10,09
2013-07-27 12:00:00.000,2013,7,27,12,VRB02KT,10,08
2013-07-27 13:00:00.000,2013,7,27,13,18004KT,14,07
2013-07-27 14:00:00.000,2013,7,27,14,15016KT,15,07
2013-07-27 15:00:00.000,2013,7,27,15,16016KT,16,07
2013-07-27 16:00:00.000,2013,7,27,16,18017KT,16,08
2013-07-27 17:00:00.000,2013,7,27,17,17019KT,17,07
2013-07-27 18:00:00.000,2013,7,27,18,14019KT,17,08
2013-07-27 19:00:00.000,2013,7,27,19,15020KT,18,07
2013-07-27 20:00:00.000,2013,7,27,20,14015KT,18,06
2013-07-27 21:00:00.000,2013,7,27,21,14022KT,17,06
2013-07-27 22:00:00.000,2013,7,27,22,17015KT,15,05
2013-07-27 23:00:00.000,2013,7,27,23,18010KT,15,05
2013-07-28 00:00:00.000,2013,7,28,0,18011KT,14,05
2013-07-28 01:00:00.000,2013,7,28,1,19012KT,14,06
2013-07-28 02:00:00.000,2013,7,28,2,13008KT,13,07
2013-07-28 03:00:00.000,2013,7,28,3,19010KT,13,05
2013-07-28 04:00:00.000,2013,7,28,4,15010KT,11,08
2013-07-28 05:00:00.000,2013,7,28,5,11005KT,11,08
2013-07-28 06:00:00.000,2013,7,28,6,17010KT,11,08
2013-07-28 07:00:00.000,2013,7,28,7,VRB02KT,12,07
2013-07-28 08:00:00.000,2013,7,28,8,18003KT,12,07
2013-07-28 09:00:00.000,2013,7,28,9,15005KT,12,07
2013-07-28 10:00:00.000,2013,7,28,10,00000KT,12,07
2013-07-28 11:00:00.000,2013,7,28,11,VRB02KT,12,07
2013-07-28 12:00:00.000,2013,7,28,12,14007KT,13,07
2013-07-28 13:00:00.000,2013,7,28,13,16014KT,16,08
2013-07-28 14:00:00.000,2013,7,28,14,14016KT,16,08
2013-07-28 15:00:00.000,2013,7,28,15,16015KT,16,07
2013-07-28 16:00:00.000,2013,7,28,16,15020KT,16,07
2013-07-28 17:00:00.000,2013,7,28,17,13017KT,16,07
2013-07-28 18:00:00.000,2013,7,28,18,17012KT,16,08
2013-07-28 19:00:00.000,2013,7,28,19,16018KT,17,08
2013-07-28 20:00:00.000,2013,7,28,20,17022KT,17,07
2013-07-28 21:00:00.000,2013,7,28,21,15020KT,16,07
2013-07-28 22:00:00.000,2013,7,28,22,15014KT,15,07
2013-07-28 23:00:00.000,2013,7,28,23,17015KT,14,08
2013-07-29 00:00:00.000,2013,7,29,0,17008KT,13,08
2013-07-29 01:00:00.000,2013,7,29,1,16008KT,13,08
2013-07-29 02:00:00.000,2013,7,29,2,17009KT,13,08
2013-07-29 03:00:00.000,2013,7,29,3,14010KT,12,08
2013-07-29 04:00:00.000,2013,7,29,4,15012KT,12,09
2013-07-29 05:00:00.000,2013,7,29,5,12007KT,11,08
2013-07-29 06:00:00.000,2013,7,29,6,16006KT,11,09
2013-07-29 07:00:00.000,2013,7,29,7,00000KT,10,09
2013-07-29 08:00:00.000,2013,7,29,8,07005KT,10,09
2013-07-29 09:00:00.000,2013,7,29,9,29003KT,10,08
2013-07-29 10:00:00.000,2013,7,29,10,07005KT,08,08
2013-07-29 11:00:00.000,2013,7,29,11,07003KT,09,08
2013-07-29 12:00:00.000,2013,7,29,12,06004KT,10,10
2013-07-29 13:00:00.000,2013,7,29,13,20005KT,13,09
2013-07-29 14:00:00.000,2013,7,29,14,14007KT,15,08
2013-07-29 15:00:00.000,2013,7,29,15,15014KT,15,09
2013-07-29 16:00:00.000,2013,7,29,16,16012KT,16,08
2013-07-29 17:00:00.000,2013,7,29,17,17015KT,15,07
2013-07-29 18:00:00.000,2013,7,29,18,15017KT,15,07
2013-07-29 19:00:00.000,2013,7,29,19,18015KT,15,07
2013-07-29 20:00:00.000,2013,7,29,20,15014KT,15,07
2013-07-29 21:00:00.000,2013,7,29,21,16016KT,14,07
2013-07-29 22:00:00.000,2013,7,29,22,15012KT,15,07
2013-07-29 23:00:00.000,2013,7,29,23,17015KT,14,06
2013-07-30 00:00:00.000,2013,7,30,0,17005KT,13,05
2013-07-30 01:00:00.000,2013,7,30,1,08009KT,13,06
2013-07-30 02:00:00.000,2013,7,30,2,12007KT,12,06
2013-07-30 03:00:00.000,2013,7,30,3,36004KT,10,06
2013-07-30 04:00:00.000,2013,7,30,4,06006KT,11,06
2013-07-30 05:00:00.000,2013,7,30,5,36005KT,10,06
2013-07-30 06:00:00.000,2013,7,30,6,VRB02KT,09,06
2013-07-30 07:00:00.000,2013,7,30,7,08005KT,09,07
2013-07-30 08:00:00.000,2013,7,30,8,07003KT,88,08
2013-07-30 09:00:00.000,2013,7,30,9,05005KT,08,07
2013-07-30 10:00:00.000,2013,7,30,10,30003KT,08,07
2013-07-30 11:00:00.000,2013,7,30,11,00000KT,08,06
2013-07-30 12:00:00.000,2013,7,30,12,05003KT,09,08
2013-07-30 13:00:00.000,2013,7,30,13,03003KT,12,09
2013-07-30 14:00:00.000,2013,7,30,14,07007KT,14,08
2013-07-30 15:00:00.000,2013,7,30,15,16008KT,15,08
2013-07-30 16:00:00.000,2013,7,30,16,20010KT,16,08
2013-07-30 17:00:00.000,2013,7,30,17,15012KT,18,09
2013-07-30 18:00:00.000,2013,7,30,18,11008KT,18,08
2013-07-30 19:00:00.000,2013,7,30,19,10010KT,17,08
2013-07-30 20:00:00.000,2013,7,30,20,16011KT,17,07
2013-07-30 21:00:00.000,2013,7,30,21,32008KT,14,10
2013-07-30 22:00:00.000,2013,7,30,22,30007KT,14,10
2013-07-30 23:00:00.000,2013,7,30,23,36004KT,13,10
2013-07-31 00:00:00.000,2013,7,31,0,00000KT,12,10
2013-07-31 01:00:00.000,2013,7,31,1,VRB02KT,12,10
2013-07-31 02:00:00.000,2013,7,31,2,00000KT,12,10
2013-07-31 03:00:00.000,2013,7,31,3,01003KT,13,09
2013-07-31 05:00:00.000,2013,7,31,5,VRB02KT,12,10
2013-07-31 06:00:00.000,2013,7,31,6,03003KT,11,10
2013-07-31 07:00:00.000,2013,7,31,7,01003KT,11,10
2013-07-31 08:00:00.000,2013,7,31,8,00000KT,10,10
2013-07-31 09:00:00.000,2013,7,31,9,06004KT,10,10
2013-07-31 10:00:00.000,2013,7,31,10,31003KT,10,09
2013-07-31 11:00:00.000,2013,7,31,11,VRB02KT,09,09
2013-07-31 12:00:00.000,2013,7,31,12,34004KT,10,09
2013-07-31 13:00:00.000,2013,7,31,13,VRB02KT,12,11
2013-07-31 14:00:00.000,2013,7,31,14,14009KT,15,09
2013-07-31 15:00:00.000,2013,7,31,15,15010KT,17,08
2013-07-31 16:00:00.000,2013,7,31,16,15011KT,18,08
2013-07-31 17:00:00.000,2013,7,31,17,17008KT,18,09
2013-07-31 19:00:00.000,2013,7,31,19,15008KT,18,09
2013-07-31 20:00:00.000,2013,7,31,20,15010KT,18,08
2013-07-31 21:00:00.000,2013,7,31,21,15006KT,17,08
2013-07-31 22:00:00.000,2013,7,31,22,15009KT,17,08
2013-07-31 23:00:00.000,2013,7,31,23,17008KT,16,09
2013-08-01 00:00:00.000,2013,8,1,0,10004KT,14,10
2013-08-01 01:00:00.000,2013,8,1,1,19004KT,13,10
2013-08-01 02:00:00.000,2013,8,1,2,05005KT,12,09
2013-08-01 03:00:00.000,2013,8,1,3,04004KT,12,09
2013-08-01 04:00:00.000,2013,8,1,4,04006KT,11,09
2013-08-01 05:00:00.000,2013,8,1,5,34003KT,11,09
2013-08-01 06:00:00.000,2013,8,1,6,07006KT,11,09
2013-08-01 07:00:00.000,2013,8,1,7,05004KT,11,09
2013-08-01 08:00:00.000,2013,8,1,8,03004KT,10,09
2013-08-01 09:00:00.000,2013,8,1,9,VRB02KT,10,09
2013-08-01 10:00:00.000,2013,8,1,10,VRB02KT,10,08
2013-08-01 11:00:00.000,2013,8,1,11,00000KT,09,08
2013-08-01 12:00:00.000,2013,8,1,12,VRB02KT,08,07
2013-08-01 13:00:00.000,2013,8,1,13,03005KT,13,09
2013-08-01 14:00:00.000,2013,8,1,14,VRB02KT,15,08
2013-08-01 15:00:00.000,2013,8,1,15,VRB02KT,16,08
2013-08-01 16:00:00.000,2013,8,1,16,34005KT,17,08
2013-08-01 17:00:00.000,2013,8,1,17,15011KT,17,07
2013-08-01 18:00:00.000,2013,8,1,18,14011KT,18,08
2013-08-01 19:00:00.000,2013,8,1,19,07007KT,16,09
2013-08-01 20:00:00.000,2013,8,1,20,36005KT,17,10
2013-08-01 21:00:00.000,2013,8,1,21,03007KT,18,10
2013-08-01 22:00:00.000,2013,8,1,22,06011KT,17,07
2013-08-01 23:00:00.000,2013,8,1,23,15010KT,16,08
2013-08-02 00:00:00.000,2013,8,2,0,06006KT,15,09
2013-08-02 01:00:00.000,2013,8,2,1,09006KT,14,09
2013-08-02 02:00:00.000,2013,8,2,2,06003KT,13,08
2013-08-02 03:00:00.000,2013,8,2,3,06004KT,13,09
2013-08-02 04:00:00.000,2013,8,2,4,12003KT,12,09
2013-08-02 05:00:00.000,2013,8,2,5,01004KT,11,09
2013-08-02 06:00:00.000,2013,8,2,6,36004KT,11,09
2013-08-02 07:00:00.000,2013,8,2,7,04004KT,11,09
2013-08-02 08:00:00.000,2013,8,2,8,07004KT,11,09
2013-08-02 09:00:00.000,2013,8,2,9,34004KT,10,09
2013-08-02 10:00:00.000,2013,8,2,10,00000KT,11,10
2013-08-02 11:00:00.000,2013,8,2,11,04004KT,11,10
2013-08-02 12:00:00.000,2013,8,2,12,04005KT,12,10
2013-08-02 13:00:00.000,2013,8,2,13,04005KT,14,11
2013-08-02 14:00:00.000,2013,8,2,14,05009KT,16,10
2013-08-02 15:00:00.000,2013,8,2,15,12008KT,17,09
2013-08-02 16:00:00.000,2013,8,2,16,14012KT,18,09
2013-08-02 17:00:00.000,2013,8,2,17,13012KT,19,08
2013-08-02 18:00:00.000,2013,8,2,18,19015KT,19,08
2013-08-02 19:00:00.000,2013,8,2,19,15011KT,19,08
2013-08-02 20:00:00.000,2013,8,2,20,12011KT,18,09
2013-08-02 21:00:00.000,2013,8,2,21,14014KT,17,09
2013-08-02 22:00:00.000,2013,8,2,22,10012KT,16,08
2013-08-02 23:00:00.000,2013,8,2,23,14010KT,15,10
2013-08-03 00:00:00.000,2013,8,3,0,11011KT,15,08
2013-08-03 01:00:00.000,2013,8,3,1,06005KT,14,08
2013-08-03 02:00:00.000,2013,8,3,2,13004KT,14,07
2013-08-03 03:00:00.000,2013,8,3,3,03004KT,12,08
2013-08-03 04:00:00.000,2013,8,3,4,05005KT,12,08
2013-08-03 05:00:00.000,2013,8,3,5,13008KT,13,07
2013-08-03 06:00:00.000,2013,8,3,6,07005KT,11,09
2013-08-03 07:00:00.000,2013,8,3,7,05005KT,12,08
2013-08-03 08:00:00.000,2013,8,3,8,06003KT,12,09
2013-08-03 09:00:00.000,2013,8,3,9,09007KT,12,08
2013-08-03 10:00:00.000,2013,8,3,10,06007KT,11,08
2013-08-03 11:00:00.000,2013,8,3,11,09005KT,12,08
2013-08-03 12:00:00.000,2013,8,3,12,04006KT,12,09
2013-08-03 13:00:00.000,2013,8,3,13,07006KT,13,08
2013-08-03 14:00:00.000,2013,8,3,14,12009KT,16,08
2013-08-03 15:00:00.000,2013,8,3,15,14011KT,17,07
2013-08-03 16:00:00.000,2013,8,3,16,13010KT,19,08
2013-08-03 17:00:00.000,2013,8,3,17,18008KT,17,08
2013-08-03 18:00:00.000,2013,8,3,18,10010KT,17,07
2013-08-03 19:00:00.000,2013,8,3,19,10010KT,17,09
2013-08-03 20:00:00.000,2013,8,3,20,11009KT,17,08
2013-08-03 21:00:00.000,2013,8,3,21,13010KT,15,09
2013-08-03 22:00:00.000,2013,8,3,22,13011KT,16,08
2013-08-03 23:00:00.000,2013,8,3,23,08005KT,15,08
2013-08-04 00:00:00.000,2013,8,4,0,12004KT,14,08
2013-08-04 01:00:00.000,2013,8,4,1,12006KT,13,07
2013-08-04 02:00:00.000,2013,8,4,2,08006KT,13,07
2013-08-04 03:00:00.000,2013,8,4,3,08005KT,,
2013-08-04 04:00:00.000,2013,8,4,4,12006KT,11,06
2013-08-04 05:00:00.000,2013,8,4,5,06003KT,10,07
2013-08-04 06:00:00.000,2013,8,4,6,31004KT,10,08
2013-08-04 07:00:00.000,2013,8,4,7,VRB02KT,11,07
2013-08-04 08:00:00.000,2013,8,4,8,VRB02KT,11,08
2013-08-04 09:00:00.000,2013,8,4,9,03003KT,10,08
2013-08-04 10:00:00.000,2013,8,4,10,01003KT,09,07
2013-08-04 11:00:00.000,2013,8,4,11,02004KT,09,08
2013-08-04 12:00:00.000,2013,8,4,12,06010KT,11,09
2013-08-04 13:00:00.000,2013,8,4,13,05010KT,13,09
2013-08-04 14:00:00.000,2013,8,4,14,07014KT,13,09
2013-08-04 15:00:00.000,2013,8,4,15,09012KT,14,09
2013-08-04 16:00:00.000,2013,8,4,16,09010KT,17,08
2013-08-04 17:00:00.000,2013,8,4,17,14015KT,17,07
2013-08-04 18:00:00.000,2013,8,4,18,12015KT,19,08
2013-08-04 19:00:00.000,2013,8,4,19,12020KT,19,07
2013-08-04 20:00:00.000,2013,8,4,20,14020KT,19,06
2013-08-04 21:00:00.000,2013,8,4,21,14025KT,15,11
2013-08-04 22:00:00.000,2013,8,4,22,18015KT,15,10
2013-08-04 23:00:00.000,2013,8,4,23,16012KT,14,08
2013-08-05 00:00:00.000,2013,8,5,0,VRB02KT,12,07
2013-08-05 01:00:00.000,2013,8,5,1,08004KT,12,08
2013-08-05 02:00:00.000,2013,8,5,2,VRB02KT,12,08
2013-08-05 03:00:00.000,2013,8,5,3,16009KT,13,07
2013-08-05 04:00:00.000,2013,8,5,4,04004KT,12,08
2013-08-05 05:00:00.000,2013,8,5,5,07005KT,11,08
2013-08-05 06:00:00.000,2013,8,5,6,VRB02KT,10,08
2013-08-05 07:00:00.000,2013,8,5,7,VRB02KT,10,08
2013-08-05 08:00:00.000,2013,8,5,8,04006KT,10,08
2013-08-05 09:00:00.000,2013,8,5,9,04005KT,09,07
2013-08-05 10:00:00.000,2013,8,5,10,13004KT,10,08
2013-08-05 11:00:00.000,2013,8,5,11,VRB02KT,09,07
2013-08-05 12:00:00.000,2013,8,5,12,03004KT,11,08
2013-08-05 13:00:00.000,2013,8,5,13,06005KT,14,09
2013-08-05 14:00:00.000,2013,8,5,14,08006KT,16,08
2013-08-05 15:00:00.000,2013,8,5,15,10010KT,17,08
2013-08-05 16:00:00.000,2013,8,5,16,12014KT,17,07
2013-08-05 17:00:00.000,2013,8,5,17,10014KT,19,06
2013-08-05 18:00:00.000,2013,8,5,18,10014KT,19,05
2013-08-05 19:00:00.000,2013,8,5,19,11015KT,17,07
2013-08-05 20:00:00.000,2013,8,5,20,13015KT,19,07
2013-08-05 21:00:00.000,2013,8,5,21,09014KT,19,07
2013-08-05 22:00:00.000,2013,8,5,22,09005G16KT,17,05
2013-08-05 23:00:00.000,2013,8,5,23,07010KT,16,05
2013-08-06 00:00:00.000,2013,8,6,0,04005KT,12,07
2013-08-06 01:00:00.000,2013,8,6,1,08003KT,13,06
2013-08-06 02:00:00.000,2013,8,6,2,03003KT,11,05
2013-08-06 03:00:00.000,2013,8,6,3,07006KT,12,06
2013-08-06 04:00:00.000,2013,8,6,4,03005KT,12,06
2013-08-06 05:00:00.000,2013,8,6,5,05004KT,11,07
2013-08-06 06:00:00.000,2013,8,6,6,33003KT,11,08
2013-08-06 07:00:00.000,2013,8,6,7,03004KT,10,08
2013-08-06 08:00:00.000,2013,8,6,8,02003KT,10,08
2013-08-06 09:00:00.000,2013,8,6,9,31004KT,09,08
2013-08-06 10:00:00.000,2013,8,6,10,VRB02KT,07,06
2013-08-06 11:00:00.000,2013,8,6,11,VRB02KT,08,07
2013-08-06 12:00:00.000,2013,8,6,12,04004KT,10,08
2013-08-06 13:00:00.000,2013,8,6,13,05008KT,14,07
2013-08-06 14:00:00.000,2013,8,6,14,04006KT,16,05
2013-08-06 15:00:00.000,2013,8,6,15,06010KT,18,05
2013-08-06 16:00:00.000,2013,8,6,16,06012KT,19,05
2013-08-06 17:00:00.000,2013,8,6,17,09008KT,20,04
2013-08-06 18:00:00.000,2013,8,6,18,15011KT,20,04
2013-08-06 19:00:00.000,2013,8,6,19,13010KT,20,07
2013-08-06 20:00:00.000,2013,8,6,20,12012KT,20,06
2013-08-06 21:00:00.000,2013,8,6,21,10006KT,19,07
2013-08-06 22:00:00.000,2013,8,6,22,08007KT,19,06
2013-08-06 23:00:00.000,2013,8,6,23,15005KT,17,09
2013-08-07 01:00:00.000,2013,8,7,1,VRB02KT,14,11
2013-08-07 02:00:00.000,2013,8,7,2,VRB02KT,13,10
2013-08-07 03:00:00.000,2013,8,7,3,VRB02KT,11,10
2013-08-07 05:00:00.000,2013,8,7,5,03004KT,10,08
2013-08-07 06:00:00.000,2013,8,7,6,02004KT,09,08
2013-08-07 07:00:00.000,2013,8,7,7,34003KT,09,07
2013-08-07 08:00:00.000,2013,8,7,8,04004KT,08,07
2013-08-07 09:00:00.000,2013,8,7,9,VRB02KT,07,07
2013-08-07 10:00:00.000,2013,8,7,10,28004KT,08,07
2013-08-07 11:00:00.000,2013,8,7,11,VRB02KT,07,07
2013-08-07 12:00:00.000,2013,8,7,12,32004KT,08,08
2013-08-07 13:00:00.000,2013,8,7,13,00000KT,10,09
2013-08-07 14:00:00.000,2013,8,7,14,15003KT,14,09
2013-08-07 15:00:00.000,2013,8,7,15,04004KT,16,10
2013-08-07 16:00:00.000,2013,8,7,16,10008KT,17,08
2013-08-07 17:00:00.000,2013,8,7,17,09010KT,18,08
2013-08-07 18:00:00.000,2013,8,7,18,16011KT,18,08
2013-08-07 19:00:00.000,2013,8,7,19,13015KT,18,08
2013-08-07 20:00:00.000,2013,8,7,20,14009KT,18,08
2013-08-07 21:00:00.000,2013,8,7,21,14012KT,18,08
2013-08-07 22:00:00.000,2013,8,7,22,17009KT,17,08
2013-08-07 23:00:00.000,2013,8,7,23,15008KT,16,09
2013-08-08 00:00:00.000,2013,8,8,0,03003KT,15,10
2013-08-08 01:00:00.000,2013,8,8,1,14007KT,14,10
2013-08-08 02:00:00.000,2013,8,8,2,12004KT,14,10
2013-08-08 03:00:00.000,2013,8,8,3,05006KT,12,10
2013-08-08 04:00:00.000,2013,8,8,4,34003KT,10,09
2013-08-08 05:00:00.000,2013,8,8,5,30004KT,09,08
2013-08-08 06:00:00.000,2013,8,8,6,VRB02KT,09,08
2013-08-08 07:00:00.000,2013,8,8,7,00000KT,08,08
2013-08-08 08:00:00.000,2013,8,8,8,VRB02KT,07,06
2013-08-08 09:00:00.000,2013,8,8,9,35003KT,08,08
2013-08-08 10:00:00.000,2013,8,8,10,09003KT,09,08
2013-08-08 11:00:00.000,2013,8,8,11,06007KT,10,09
2013-08-08 12:00:00.000,2013,8,8,12,03005KT,11,09
2013-08-08 13:00:00.000,2013,8,8,13,01004KT,12,09
2013-08-08 14:00:00.000,2013,8,8,14,00000KT,14,09
2013-08-08 15:00:00.000,2013,8,8,15,10003KT,17,08
2013-08-08 16:00:00.000,2013,8,8,16,08004KT,20,08
2013-08-08 17:00:00.000,2013,8,8,17,18010KT,19,08
2013-08-08 18:00:00.000,2013,8,8,18,10006KT,20,06
2013-08-08 19:00:00.000,2013,8,8,19,33008KT,16,12
2013-08-08 20:00:00.000,2013,8,8,20,26010KT,15,13
2013-08-08 21:00:00.000,2013,8,8,21,27008KT,15,13
2013-08-08 22:00:00.000,2013,8,8,22,27008KT,14,12
2013-08-08 23:00:00.000,2013,8,8,23,32005KT,13,12
2013-08-09 00:00:00.000,2013,8,9,0,35003KT,13,12
2013-08-09 01:00:00.000,2013,8,9,1,36004KT,12,11
2013-08-09 02:00:00.000,2013,8,9,2,31005KT,12,12
2013-08-09 03:00:00.000,2013,8,9,3,01003KT,12,11
2013-08-09 04:00:00.000,2013,8,9,4,27004KT,12,11
2013-08-09 05:00:00.000,2013,8,9,5,00000KT,12,11
2013-08-09 06:00:00.000,2013,8,9,6,VRB02KT,12,11
2013-08-09 07:00:00.000,2013,8,9,7,00000KT,11,10
2013-08-09 08:00:00.000,2013,8,9,8,32003KT,10,09
2013-08-09 11:00:00.000,2013,8,9,11,00000KT,09,09
2013-08-09 12:00:00.000,2013,8,9,12,VRB02KT,10,09
2013-08-09 13:00:00.000,2013,8,9,13,VRB02KT,13,11
2013-08-09 14:00:00.000,2013,8,9,14,32004KT,16,11
2013-08-09 15:00:00.000,2013,8,9,15,28003KT,18,10
2013-08-09 16:00:00.000,2013,8,9,16,27008KT,18,11
2013-08-09 17:00:00.000,2013,8,9,17,27008KT,17,11
2013-08-09 18:00:00.000,2013,8,9,18,25010KT,18,12
2013-08-09 19:00:00.000,2013,8,9,19,27010KT,16,12
2013-08-09 20:00:00.000,2013,8,9,20,27005KT,15,12
2013-08-09 21:00:00.000,2013,8,9,21,28006KT,13,12
2013-08-09 22:00:00.000,2013,8,9,22,28004KT,14,12
2013-08-09 23:00:00.000,2013,8,9,23,VRB02KT,14,12
2013-08-10 00:00:00.000,2013,8,10,0,00000KT,13,12
2013-08-10 01:00:00.000,2013,8,10,1,VRB02KT,13,12
2013-08-10 02:00:00.000,2013,8,10,2,VRB02KT,12,11
2013-08-10 03:00:00.000,2013,8,10,3,05004KT,12,11
2013-08-10 04:00:00.000,2013,8,10,4,35004KT,12,11
2013-08-10 05:00:00.000,2013,8,10,5,07003KT,12,11
2013-08-10 06:00:00.000,2013,8,10,6,04004KT,12,10
2013-08-10 07:00:00.000,2013,8,10,7,36003KT,12,10
2013-08-10 08:00:00.000,2013,8,10,8,04006KT,10,09
2013-08-10 09:00:00.000,2013,8,10,9,04006KT,10,09
2013-08-10 10:00:00.000,2013,8,10,10,00000KT,10,09
2013-08-10 11:00:00.000,2013,8,10,11,33003KT,11,09
2013-08-10 12:00:00.000,2013,8,10,12,VRB02KT,11,10
2013-08-10 13:00:00.000,2013,8,10,13,04004KT,13,11
2013-08-10 14:00:00.000,2013,8,10,14,06005KT,15,11
2013-08-10 15:00:00.000,2013,8,10,15,07008KT,16,09
2013-08-10 16:00:00.000,2013,8,10,16,08005KT,17,10
2013-08-10 17:00:00.000,2013,8,10,17,13010KT,18,08
2013-08-10 18:00:00.000,2013,8,10,18,07012KT,18,08
2013-08-10 19:00:00.000,2013,8,10,19,06012KT,20,08
2013-08-10 20:00:00.000,2013,8,10,20,06007KT,20,07
2013-08-10 21:00:00.000,2013,8,10,21,VRB02KT,21,07
2013-08-10 22:00:00.000,2013,8,10,22,23012KT,17,07
2013-08-10 23:00:00.000,2013,8,10,23,26010KT,14,12
2013-08-11 00:00:00.000,2013,8,11,0,27006KT,14,13
2013-08-11 01:00:00.000,2013,8,11,1,25006KT,14,12
2013-08-11 02:00:00.000,2013,8,11,2,VRB02KT,13,10
2013-08-11 03:00:00.000,2013,8,11,3,30004KT,13,11
2013-08-11 04:00:00.000,2013,8,11,4,33004KT,13,11
2013-08-11 05:00:00.000,2013,8,11,5,33004KT,12,10
2013-08-11 06:00:00.000,2013,8,11,6,05004KT,11,10
2013-08-11 07:00:00.000,2013,8,11,7,VRB02KT,10,10
2013-08-11 08:00:00.000,2013,8,11,8,VRB02KT,10,09
2013-08-11 09:00:00.000,2013,8,11,9,01004KT,09,09
2013-08-11 10:00:00.000,2013,8,11,10,VRB02KT,09,09
2013-08-11 11:00:00.000,2013,8,11,11,VRB02KT,10,09
2013-08-11 12:00:00.000,2013,8,11,12,33004KT,10,10
2013-08-11 13:00:00.000,2013,8,11,13,35003KT,12,11
2013-08-11 14:00:00.000,2013,8,11,14,04004KT,15,10
2013-08-11 15:00:00.000,2013,8,11,15,11005KT,17,10
2013-08-11 16:00:00.000,2013,8,11,16,29010KT,16,10
2013-08-11 17:00:00.000,2013,8,11,17,25010KT,18,11
2013-08-11 18:00:00.000,2013,8,11,18,27010KT,18,11
2013-08-11 19:00:00.000,2013,8,11,19,27012KT,16,11
2013-08-11 20:00:00.000,2013,8,11,20,27012KT,16,11
2013-08-11 21:00:00.000,2013,8,11,21,26007KT,14,12
2013-08-11 22:00:00.000,2013,8,11,22,04005KT,13,12
2013-08-11 23:00:00.000,2013,8,11,23,06005KT,12,11
2013-08-12 00:00:00.000,2013,8,12,0,02003KT,11,10
2013-08-12 01:00:00.000,2013,8,12,1,32004KT,11,10
2013-08-12 02:00:00.000,2013,8,12,2,VRB02KT,11,10
2013-08-12 03:00:00.000,2013,8,12,3,04003KT,11,10
2013-08-12 04:00:00.000,2013,8,12,4,04004KT,11,10
2013-08-12 05:00:00.000,2013,8,12,5,VRB02KT,11,10
2013-08-12 06:00:00.000,2013,8,12,6,VRB02KT,11,11
2013-08-12 07:00:00.000,2013,8,12,7,00000KT,11,10
2013-08-12 08:00:00.000,2013,8,12,8,VRB02KT,11,10
2013-08-12 09:00:00.000,2013,8,12,9,VRB02KT,10,10
2013-08-12 10:00:00.000,2013,8,12,10,33003KT,11,10
2013-08-12 11:00:00.000,2013,8,12,11,VRB02KT,10,10
2013-08-12 12:00:00.000,2013,8,12,12,VRB02KT,11,10
2013-08-12 13:00:00.000,2013,8,12,13,02005KT,12,11
2013-08-12 14:00:00.000,2013,8,12,14,06005KT,14,11
2013-08-12 15:00:00.000,2013,8,12,15,09005KT,16,10
2013-08-12 16:00:00.000,2013,8,12,16,VRB02KT,18,09
2013-08-12 17:00:00.000,2013,8,12,17,VRB02KT,18,11
2013-08-12 18:00:00.000,2013,8,12,18,28007KT,19,10
2013-08-12 19:00:00.000,2013,8,12,19,24012KT,18,12
2013-08-12 20:00:00.000,2013,8,12,20,26010KT,20,11
2013-08-12 21:00:00.000,2013,8,12,21,30014KT,16,12
2013-08-12 22:00:00.000,2013,8,12,22,33008KT,15,10
2013-08-12 23:00:00.000,2013,8,12,23,32006KT,14,10
2013-08-13 00:00:00.000,2013,8,13,0,VRB02KT,14,12
2013-08-13 01:00:00.000,2013,8,13,1,VRB02KT,13,11
2013-08-13 02:00:00.000,2013,8,13,2,31003KT,12,11
2013-08-13 03:00:00.000,2013,8,13,3,00000KT,12,11
2013-08-13 04:00:00.000,2013,8,13,4,02008KT,12,11
2013-08-13 05:00:00.000,2013,8,13,5,04007KT,12,11
2013-08-13 06:00:00.000,2013,8,13,6,03005KT,10,09
2013-08-13 07:00:00.000,2013,8,13,7,04005KT,10,09
2013-08-13 08:00:00.000,2013,8,13,8,01004KT,10,09
2013-08-13 09:00:00.000,2013,8,13,9,VRB02KT,11,09
2013-08-13 10:00:00.000,2013,8,13,10,32003KT,10,09
2013-08-13 11:00:00.000,2013,8,13,11,02003KT,10,09
2013-08-13 12:00:00.000,2013,8,13,12,04004KT,12,11
2013-08-13 13:00:00.000,2013,8,13,13,05005KT,13,11
2013-08-13 14:00:00.000,2013,8,13,14,07005KT,15,10
2013-08-13 15:00:00.000,2013,8,13,15,36005KT,18,09
2013-08-13 16:00:00.000,2013,8,13,16,VRB02KT,19,09
2013-08-13 17:00:00.000,2013,8,13,17,02004KT,19,09
2013-08-13 18:00:00.000,2013,8,13,18,25004KT,19,10
2013-08-13 19:00:00.000,2013,8,13,19,030010KT,16,12
2013-08-13 20:00:00.000,2013,8,13,20,26008KT,15,14
2013-08-13 21:00:00.000,2013,8,13,21,20008KT,14,13
2013-08-13 22:00:00.000,2013,8,13,22,31006KT,15,13
2013-08-13 23:00:00.000,2013,8,13,23,02006KT,14,13
2013-08-14 00:00:00.000,2013,8,14,0,07008KT,14,13
2013-08-14 01:00:00.000,2013,8,14,1,15006KT,12,11
2013-08-14 02:00:00.000,2013,8,14,2,12005KT,12,11
2013-08-14 03:00:00.000,2013,8,14,3,07006KT,12,11
2013-08-14 04:00:00.000,2013,8,14,4,06006KT,12,11
2013-08-14 05:00:00.000,2013,8,14,5,05006KT,12,11
2013-08-14 06:00:00.000,2013,8,14,6,05003KT,11,11
2013-08-14 07:00:00.000,2013,8,14,7,07005KT,12,10
2013-08-14 08:00:00.000,2013,8,14,8,35003KT,11,10
2013-08-14 09:00:00.000,2013,8,14,9,06003KT,11,10
2013-08-14 10:00:00.000,2013,8,14,10,05005KT,10,10
2013-08-14 11:00:00.000,2013,8,14,11,06006KT,10,09
2013-08-14 12:00:00.000,2013,8,14,12,05010KT,11,10
2013-08-14 13:00:00.000,2013,8,14,13,06006KT,14,10
2013-08-14 14:00:00.000,2013,8,14,14,06012KT,16,11
2013-08-14 15:00:00.000,2013,8,14,15,12014KT,18,09
2013-08-14 16:00:00.000,2013,8,14,16,15015KT,19,09
2013-08-14 17:00:00.000,2013,8,14,17,10015KT,20,09
2013-08-14 18:00:00.000,2013,8,14,18,12010KT,20,06
2013-08-14 19:00:00.000,2013,8,14,19,10012KT,20,07
2013-08-14 20:00:00.000,2013,8,14,20,12012KT,20,06
2013-08-14 21:00:00.000,2013,8,14,21,05010KT,19,10
2013-08-14 22:00:00.000,2013,8,14,22,12009KT,18,07
2013-08-14 23:00:00.000,2013,8,14,23,14004KT,17,09
2013-08-15 00:00:00.000,2013,8,15,0,09006KT,16,07
2013-08-15 01:00:00.000,2013,8,15,1,11010KT,15,07
2013-08-15 02:00:00.000,2013,8,15,2,VRB02KT,14,08
2013-08-15 03:00:00.000,2013,8,15,3,12006KT,15,09
2013-08-15 04:00:00.000,2013,8,15,4,08003KT,14,09
2013-08-15 05:00:00.000,2013,8,15,5,09004KT,13,09
2013-08-15 06:00:00.000,2013,8,15,6,08007KT,12,08
2013-08-15 07:00:00.000,2013,8,15,7,06008KT,13,08
2013-08-15 08:00:00.000,2013,8,15,8,08003KT,12,08
2013-08-15 09:00:00.000,2013,8,15,9,08008KT,12,09
2013-08-15 10:00:00.000,2013,8,15,10,05007KT,12,10
2013-08-15 11:00:00.000,2013,8,15,11,07009KT,12,09
2013-08-15 12:00:00.000,2013,8,15,12,10007KT,14,08
2013-08-15 13:00:00.000,2013,8,15,13,09008KT,15,08
2013-08-15 14:00:00.000,2013,8,15,14,10010KT,16,08
2013-08-15 15:00:00.000,2013,8,15,15,14010KT,17,08
2013-08-15 16:00:00.000,2013,8,15,16,18010G20KT,17,08
2013-08-15 17:00:00.000,2013,8,15,17,18010G20KT,18,08
2013-08-15 18:00:00.000,2013,8,15,18,15016KT,18,10
2013-08-15 19:00:00.000,2013,8,15,19,15008KT,19,08
2013-08-15 20:00:00.000,2013,8,15,20,15012KT,19,09
2013-08-15 21:00:00.000,2013,8,15,21,13012KT,18,07
2013-08-15 22:00:00.000,2013,8,15,22,17009KT,17,07
2013-08-15 23:00:00.000,2013,8,15,23,22007KT,15,10
2013-08-16 00:00:00.000,2013,8,16,0,15007KT,15,08
2013-08-16 01:00:00.000,2013,8,16,1,VRB02KT,14,09
2013-08-16 02:00:00.000,2013,8,16,2,18012KT,15,08
2013-08-16 03:00:00.000,2013,8,16,3,13010KT,14,08
2013-08-16 04:00:00.000,2013,8,16,4,11010KT,14,08
2013-08-16 05:00:00.000,2013,8,16,5,08008KT,13,09
2013-08-16 06:00:00.000,2013,8,16,6,11005KT,12,10
2013-08-16 07:00:00.000,2013,8,16,7,06005KT,11,10
2013-08-16 08:00:00.000,2013,8,16,8,08004KT,11,10
2013-08-16 09:00:00.000,2013,8,16,9,05004KT,11,10
2013-08-16 10:00:00.000,2013,8,16,10,06007KT,10,09
2013-08-16 11:00:00.000,2013,8,16,11,03003KT,10,09
2013-08-16 12:00:00.000,2013,8,16,12,VRB02KT,11,10
2013-08-16 13:00:00.000,2013,8,16,13,06006KT,14,11
2013-08-16 14:00:00.000,2013,8,16,14,12007KT,17,07
2013-08-16 15:00:00.000,2013,8,16,15,13011KT,18,07
2013-08-16 16:00:00.000,2013,8,16,16,15016KT,19,07
2013-08-16 17:00:00.000,2013,8,16,17,15017KT,20,08
2013-08-16 18:00:00.000,2013,8,16,18,15014KT,20,06
2013-08-16 19:00:00.000,2013,8,16,19,18018KT,20,07
2013-08-16 20:00:00.000,2013,8,16,20,15015KT,21,07
2013-08-16 21:00:00.000,2013,8,16,21,17012KT,20,06
2013-08-16 22:00:00.000,2013,8,16,22,10005KT,18,07
2013-08-16 23:00:00.000,2013,8,16,23,03006KT,15,09
2013-08-17 00:00:00.000,2013,8,17,0,03004KT,14,09
2013-08-17 01:00:00.000,2013,8,17,1,27003KT,14,10
2013-08-17 02:00:00.000,2013,8,17,2,04006KT,13,09
2013-08-17 03:00:00.000,2013,8,17,3,01003KT,12,09
2013-08-17 04:00:00.000,2013,8,17,4,35003KT,12,10
2013-08-17 05:00:00.000,2013,8,17,5,36003KT,12,10
2013-08-17 06:00:00.000,2013,8,17,6,VRB02KT,11,10
2013-08-17 07:00:00.000,2013,8,17,7,00000KT,10,09
2013-08-17 08:00:00.000,2013,8,17,8,06005KT,09,09
2013-08-17 09:00:00.000,2013,8,17,9,05005KT,11,10
2013-08-17 10:00:00.000,2013,8,17,10,VRB02KT,11,10
2013-08-17 11:00:00.000,2013,8,17,11,35003KT,11,09
2013-08-17 12:00:00.000,2013,8,17,12,04006KT,12,09
2013-08-17 13:00:00.000,2013,8,17,13,36004KT,14,10
2013-08-17 14:00:00.000,2013,8,17,14,13004KT,16,09
2013-08-17 15:00:00.000,2013,8,17,15,04006KT,17,08
2013-08-17 16:00:00.000,2013,8,17,16,16012KT,18,09
2013-08-17 17:00:00.000,2013,8,17,17,15007KT,18,08
2013-08-17 18:00:00.000,2013,8,17,18,14010KT,19,07
2013-08-17 19:00:00.000,2013,8,17,19,20010KT,19,08
2013-08-17 20:00:00.000,2013,8,17,20,14020KT,19,08
2013-08-17 22:00:00.000,2013,8,17,22,16008KT,16,09
2013-08-17 23:00:00.000,2013,8,17,23,16010KT,16,08
2013-08-18 00:00:00.000,2013,8,18,0,15008KT,15,10
2013-08-18 01:00:00.000,2013,8,18,1,32005KT,14,11
2013-08-18 02:00:00.000,2013,8,18,2,35005KT,12,10
2013-08-18 03:00:00.000,2013,8,18,3,33003KT,13,10
2013-08-18 04:00:00.000,2013,8,18,4,31004KT,12,10
2013-08-18 05:00:00.000,2013,8,18,5,00000KT,11,09
2013-08-18 06:00:00.000,2013,8,18,6,35004KT,11,10
2013-08-18 07:00:00.000,2013,8,18,7,27003KT,11,10
2013-08-18 08:00:00.000,2013,8,18,8,27003KT,11,10
2013-08-18 09:00:00.000,2013,8,18,9,25005KT,11,10
2013-08-18 10:00:00.000,2013,8,18,10,VRB02KT,11,10
2013-08-18 11:00:00.000,2013,8,18,11,00000KT,11,10
2013-08-18 12:00:00.000,2013,8,18,12,VRB02KT,12,11
2013-08-18 13:00:00.000,2013,8,18,13,VRB02KT,14,11
2013-08-18 14:00:00.000,2013,8,18,14,28003KT,16,11
2013-08-18 15:00:00.000,2013,8,18,15,35005KT,16,10
2013-08-18 16:00:00.000,2013,8,18,16,25004KT,18,10
2013-08-18 17:00:00.000,2013,8,18,17,23010KT,14,12
2013-08-18 18:00:00.000,2013,8,18,18,28007KT,14,10
2013-08-18 19:00:00.000,2013,8,18,19,28010KT,14,12
2013-08-18 20:00:00.000,2013,8,18,20,27006KT,14,11
2013-08-18 21:00:00.000,2013,8,18,21,21008KT,14,12
2013-08-18 22:00:00.000,2013,8,18,22,24005KT,14,11
2013-08-18 23:00:00.000,2013,8,18,23,21005KT,13,11
2013-08-19 00:00:00.000,2013,8,19,0,27004KT,12,11
2013-08-19 01:00:00.000,2013,8,19,1,VRB02KT,12,11
2013-08-19 02:00:00.000,2013,8,19,2,VRB02KT,12,11
2013-08-19 03:00:00.000,2013,8,19,3,VRB02KT,11,10
2013-08-19 04:00:00.000,2013,8,19,4,VRB02KT,11,10
2013-08-19 05:00:00.000,2013,8,19,5,VRB02KT,11,10
2013-08-19 06:00:00.000,2013,8,19,6,VRB02KT,11,10
2013-08-19 07:00:00.000,2013,8,19,7,VRB02KT,11,10
2013-08-19 08:00:00.000,2013,8,19,8,00000KT,11,10
2013-08-19 09:00:00.000,2013,8,19,9,VRB02KT,11,10
2013-08-19 10:00:00.000,2013,8,19,10,VRB02KT,11,10
2013-08-19 11:00:00.000,2013,8,19,11,VRB02KT,11,11
2013-08-19 12:00:00.000,2013,8,19,12,VRB02KT,13,12
2013-08-19 13:00:00.000,2013,8,19,13,08004KT,14,11
2013-08-19 14:00:00.000,2013,8,19,14,13008KT,16,09
2013-08-19 15:00:00.000,2013,8,19,15,06005KT,18,11
2013-08-19 16:00:00.000,2013,8,19,16,30005KT,17,10
2013-08-19 17:00:00.000,2013,8,19,17,25005KT,18,10
2013-08-19 18:00:00.000,2013,8,19,18,27012KT,15,12
2013-08-19 19:00:00.000,2013,8,19,19,27005KT,16,11
2013-08-19 20:00:00.000,2013,8,19,20,35010KT,16,12
2013-08-19 21:00:00.000,2013,8,19,21,27010KT,15,12
2013-08-19 22:00:00.000,2013,8,19,22,27010KT,15,11
2013-08-19 23:00:00.000,2013,8,19,23,24010KT,15,11
2013-08-20 00:00:00.000,2013,8,20,0,25004KT,14,11
2013-08-20 01:00:00.000,2013,8,20,1,21003KT,13,11
2013-08-20 02:00:00.000,2013,8,20,2,00000KT,13,11
2013-08-20 03:00:00.000,2013,8,20,3,00000KT,13,11
2013-08-20 04:00:00.000,2013,8,20,4,VRB02KT,13,11
2013-08-20 05:00:00.000,2013,8,20,5,18005KT,13,10
2013-08-20 06:00:00.000,2013,8,20,6,04003KT,12,10
2013-08-20 07:00:00.000,2013,8,20,7,25004KT,13,10
2013-08-20 08:00:00.000,2013,8,20,8,26003KT,12,11
2013-08-20 09:00:00.000,2013,8,20,9,26003KT,12,11
2013-08-20 10:00:00.000,2013,8,20,10,25005KT,11,11
2013-08-20 11:00:00.000,2013,8,20,11,29005KT,12,11
2013-08-20 12:00:00.000,2013,8,20,12,VRB02KT,12,10
2013-08-20 13:00:00.000,2013,8,20,13,04004KT,13,10
2013-08-20 14:00:00.000,2013,8,20,14,13004KT,16,09
2013-08-20 15:00:00.000,2013,8,20,15,14010KT,17,09
2013-08-20 16:00:00.000,2013,8,20,16,15014KT,19,10
2013-08-20 17:00:00.000,2013,8,20,17,17013KT,18,08
2013-08-20 18:00:00.000,2013,8,20,18,15014G24KT,19,08
2013-08-20 19:00:00.000,2013,8,20,19,18018KT,18,08
2013-08-20 20:00:00.000,2013,8,20,20,26005KT,18,10
2013-08-20 21:00:00.000,2013,8,20,21,25010KT,16,10
2013-08-20 22:00:00.000,2013,8,20,22,16012KT,19,07
2013-08-20 23:00:00.000,2013,8,20,23,14008KT,17,07
2013-08-21 00:00:00.000,2013,8,21,0,32004KT,13,11
2013-08-21 01:00:00.000,2013,8,21,1,02003KT,12,10
2013-08-21 02:00:00.000,2013,8,21,2,35004KT,12,11
2013-08-21 03:00:00.000,2013,8,21,3,04005KT,13,10
2013-08-21 04:00:00.000,2013,8,21,4,36003KT,13,10
2013-08-21 05:00:00.000,2013,8,21,5,22004KT,13,09
2013-08-21 06:00:00.000,2013,8,21,6,VRB02KT,13,10
2013-08-21 07:00:00.000,2013,8,21,7,00000KT,12,10
2013-08-21 08:00:00.000,2013,8,21,8,30003KT,12,10
2013-08-21 09:00:00.000,2013,8,21,9,VRB02KT,10,10
2013-08-21 10:00:00.000,2013,8,21,10,05003KT,10,09
2013-08-21 11:00:00.000,2013,8,21,11,16006KT,11,10
2013-08-21 12:00:00.000,2013,8,21,12,13006KT,12,10
2013-08-21 13:00:00.000,2013,8,21,13,15006KT,14,10
2013-08-21 14:00:00.000,2013,8,21,14,12004KT,15,10
2013-08-21 15:00:00.000,2013,8,21,15,18006KT,14,10
2013-08-21 16:00:00.000,2013,8,21,16,18010KT,15,10
2013-08-21 17:00:00.000,2013,8,21,17,15006KT,17,09
2013-08-21 18:00:00.000,2013,8,21,18,15011KT,19,09
2013-08-21 19:00:00.000,2013,8,21,19,17012KT,17,08
2013-08-21 20:00:00.000,2013,8,21,20,14012KT,18,09
2013-08-21 21:00:00.000,2013,8,21,21,16009KT,17,08
2013-08-21 22:00:00.000,2013,8,21,22,17012KT,17,09
2013-08-21 23:00:00.000,2013,8,21,23,16015KT,15,09
2013-08-22 00:00:00.000,2013,8,22,0,14012KT,15,09
2013-08-22 01:00:00.000,2013,8,22,1,13010KT,14,09
2013-08-22 02:00:00.000,2013,8,22,2,VRB02KT,13,10
2013-08-22 03:00:00.000,2013,8,22,3,05006KT,13,10
2013-08-22 04:00:00.000,2013,8,22,4,05004KT,13,10
2013-08-22 05:00:00.000,2013,8,22,5,VRB02KT,12,10
2013-08-22 06:00:00.000,2013,8,22,6,04006KT,12,10
2013-08-22 07:00:00.000,2013,8,22,7,07004KT,12,10
2013-08-22 08:00:00.000,2013,8,22,8,04008KT,11,09
2013-08-22 09:00:00.000,2013,8,22,9,04006KT,10,09
2013-08-22 10:00:00.000,2013,8,22,10,VRB02KT,10,09
2013-08-22 11:00:00.000,2013,8,22,11,VRB02KT,10,09
2013-08-22 12:00:00.000,2013,8,22,12,30003KT,13,09
2013-08-22 13:00:00.000,2013,8,22,13,03003KT,14,10
2013-08-22 14:00:00.000,2013,8,22,14,35005KT,14,09
2013-08-22 15:00:00.000,2013,8,22,15,36004KT,16,10
2013-08-22 16:00:00.000,2013,8,22,16,12010KT,17,10
2013-08-22 17:00:00.000,2013,8,22,17,12010KT,18,09
2013-08-22 18:00:00.000,2013,8,22,18,07010KT,19,08
2013-08-22 19:00:00.000,2013,8,22,19,08010KT,19,06
2013-08-22 20:00:00.000,2013,8,22,20,09012KT,18,07
2013-08-22 21:00:00.000,2013,8,22,21,10015KT,19,05
2013-08-22 22:00:00.000,2013,8,22,22,06010KT,18,06
2013-08-22 23:00:00.000,2013,8,22,23,12008KT,16,05
2013-08-23 00:00:00.000,2013,8,23,0,13010KT,13,05
2013-08-23 01:00:00.000,2013,8,23,1,00000KT,14,06
2013-08-23 02:00:00.000,2013,8,23,2,04004KT,10,05
2013-08-23 03:00:00.000,2013,8,23,3,VRB02KT,09,05
2013-08-23 04:00:00.000,2013,8,23,4,05005KT,08,05
2013-08-23 05:00:00.000,2013,8,23,5,08005KT,10,07
2013-08-23 06:00:00.000,2013,8,23,6,VRB02KT,08,07
2013-08-23 07:00:00.000,2013,8,23,7,VRB02KT,08,07
2013-08-23 08:00:00.000,2013,8,23,8,02005KT,08,07
2013-08-23 09:00:00.000,2013,8,23,9,VRB02KT,09,07
2013-08-23 10:00:00.000,2013,8,23,10,VRB02KT,08,07
2013-08-23 11:00:00.000,2013,8,23,11,01004KT,06,06
2013-08-23 12:00:00.000,2013,8,23,12,03003KT,09,08
2013-08-23 13:00:00.000,2013,8,23,13,05004KT,13,08
2013-08-23 14:00:00.000,2013,8,23,14,07008KT,15,09
2013-08-23 15:00:00.000,2013,8,23,15,14012KT,17,07
2013-08-23 16:00:00.000,2013,8,23,16,14014KT,18,07
2013-08-23 17:00:00.000,2013,8,23,17,12014KT,18,07
2013-08-23 18:00:00.000,2013,8,23,18,10015KT,19,07
2013-08-23 19:00:00.000,2013,8,23,19,09008KT,18,06
2013-08-23 20:00:00.000,2013,8,23,20,17005KT,19,07
2013-08-23 21:00:00.000,2013,8,23,21,13006KT,17,07
2013-08-23 22:00:00.000,2013,8,23,22,11010KT,17,06
2013-08-23 23:00:00.000,2013,8,23,23,14007KT,16,07
2013-08-24 00:00:00.000,2013,8,24,0,15011KT,14,08
2013-08-24 01:00:00.000,2013,8,24,1,10007KT,13,09
2013-08-24 02:00:00.000,2013,8,24,2,15008KT,14,08
2013-08-24 03:00:00.000,2013,8,24,3,31004KT,13,10
2013-08-24 04:00:00.000,2013,8,24,4,00000KT,12,09
2013-08-24 05:00:00.000,2013,8,24,5,35005KT,11,09
2013-08-24 06:00:00.000,2013,8,24,6,04003KT,11,08
2013-08-24 07:00:00.000,2013,8,24,7,03004KT,10,08
2013-08-24 08:00:00.000,2013,8,24,8,VRB02KT,10,08
2013-08-24 09:00:00.000,2013,8,24,9,00000KT,10,09
2013-08-24 10:00:00.000,2013,8,24,10,VRB02KT,10,09
2013-08-24 11:00:00.000,2013,8,24,11,33003KT,10,09
2013-08-24 12:00:00.000,2013,8,24,12,03003KT,12,09
2013-08-24 13:00:00.000,2013,8,24,13,01004KT,12,09
2013-08-24 14:00:00.000,2013,8,24,14,02006KT,14,07
2013-08-24 15:00:00.000,2013,8,24,15,36005KT,16,07
2013-08-24 16:00:00.000,2013,8,24,16,02005KT,15,09
2013-08-24 17:00:00.000,2013,8,24,17,06004KT,17,08
2013-08-24 18:00:00.000,2013,8,24,18,25005KT,18,09
2013-08-24 19:00:00.000,2013,8,24,19,00000KT,16,10
2013-08-24 20:00:00.000,2013,8,24,20,05004KT,18,08
2013-08-24 21:00:00.000,2013,8,24,21,28013KT,16,11
2013-08-24 22:00:00.000,2013,8,24,22,26010KT,15,11
2013-08-24 23:00:00.000,2013,8,24,23,25007KT,14,11
2013-08-25 00:00:00.000,2013,8,25,0,26008KT,14,11
2013-08-25 01:00:00.000,2013,8,25,1,23010KT,13,10
2013-08-25 02:00:00.000,2013,8,25,2,27005KT,13,10
2013-08-25 03:00:00.000,2013,8,25,3,36007KT,12,10
2013-08-25 04:00:00.000,2013,8,25,4,28005KT,13,11
2013-08-25 05:00:00.000,2013,8,25,5,00000KT,13,10
2013-08-25 06:00:00.000,2013,8,25,6,VRB02KT,12,10
2013-08-25 07:00:00.000,2013,8,25,7,VRB02KT,11,10
2013-08-25 08:00:00.000,2013,8,25,8,VRB02KT,12,11
2013-08-25 09:00:00.000,2013,8,25,9,VRB02KT,12,11
2013-08-25 10:00:00.000,2013,8,25,10,VRB02KT,12,11
2013-08-25 11:00:00.000,2013,8,25,11,03003KT,10,09
2013-08-25 12:00:00.000,2013,8,25,12,03003KT,11,11
2013-08-25 13:00:00.000,2013,8,25,13,05003KT,15,11
2013-08-25 17:00:00.000,2013,8,25,17,15012KT,19,08
2013-08-25 18:00:00.000,2013,8,25,18,15010KT,19,07
2013-08-25 19:00:00.000,2013,8,25,19,15012KT,17,08
2013-08-25 20:00:00.000,2013,8,25,20,10006KT,18,09
2013-08-25 21:00:00.000,2013,8,25,21,12010KT,17,10
2013-08-25 22:00:00.000,2013,8,25,22,15012KT,17,09
2013-08-25 23:00:00.000,2013,8,25,23,14008KT,15,10
2013-08-26 00:00:00.000,2013,8,26,0,04008KT,13,09
2013-08-26 01:00:00.000,2013,8,26,1,06005KT,12,10
2013-08-26 02:00:00.000,2013,8,26,2,07005KT,11,10
2013-08-26 03:00:00.000,2013,8,26,3,05005KT,11,09
2013-08-26 04:00:00.000,2013,8,26,4,02007KT,11,09
2013-08-26 05:00:00.000,2013,8,26,5,33004KT,11,09
2013-08-26 06:00:00.000,2013,8,26,6,06004KT,11,09
2013-08-26 07:00:00.000,2013,8,26,7,06005KT,10,09
2013-08-26 08:00:00.000,2013,8,26,8,04005KT,10,09
2013-08-26 09:00:00.000,2013,8,26,9,05004KT,09,08
2013-08-26 10:00:00.000,2013,8,26,10,04005KT,08,07
2013-08-26 11:00:00.000,2013,8,26,11,06005KT,09,08
2013-08-26 12:00:00.000,2013,8,26,12,03006KT,11,08
2013-08-26 13:00:00.000,2013,8,26,13,05008KT,12,08
2013-08-26 14:00:00.000,2013,8,26,14,05010KT,13,09
2013-08-26 15:00:00.000,2013,8,26,15,07010KT,15,08
2013-08-26 16:00:00.000,2013,8,26,16,13015KT,17,07
2013-08-26 17:00:00.000,2013,8,26,17,13011KT,18,07
2013-08-26 18:00:00.000,2013,8,26,18,11012KT,17,07
2013-08-26 19:00:00.000,2013,8,26,19,18012KT,18,08
2013-08-26 20:00:00.000,2013,8,26,20,16012KT,17,08
2013-08-26 21:00:00.000,2013,8,26,21,16012KT,17,08
2013-08-26 22:00:00.000,2013,8,26,22,13010KT,16,09
2013-08-26 23:00:00.000,2013,8,26,23,12008KT,15,08
2013-08-27 00:00:00.000,2013,8,27,0,12008KT,14,08
2013-08-27 01:00:00.000,2013,8,27,1,13010KT,13,08
2013-08-27 02:00:00.000,2013,8,27,2,18008KT,13,08
2013-08-27 03:00:00.000,2013,8,27,3,19003KT,13,08
2013-08-27 04:00:00.000,2013,8,27,4,14007KT,13,08
2013-08-27 05:00:00.000,2013,8,27,5,11006KT,13,06
2013-08-27 06:00:00.000,2013,8,27,6,12007KT,12,04
2013-08-27 07:00:00.000,2013,8,27,7,06003KT,11,05
2013-08-27 08:00:00.000,2013,8,27,8,36003KT,10,05
2013-08-27 09:00:00.000,2013,8,27,9,36006KT,07,05
2013-08-27 10:00:00.000,2013,8,27,10,VRB02KT,09,05
2013-08-27 11:00:00.000,2013,8,27,11,36003KT,07,04
2013-08-27 12:00:00.000,2013,8,27,12,03006KT,10,07
2013-08-27 13:00:00.000,2013,8,27,13,04008KT,13,07
2013-08-27 14:00:00.000,2013,8,27,14,13006KT,15,05
2013-08-27 15:00:00.000,2013,8,27,15,14012KT,17,06
2013-08-27 16:00:00.000,2013,8,27,16,18014KT,17,05
2013-08-27 17:00:00.000,2013,8,27,17,16010KT,17,07
2013-08-27 18:00:00.000,2013,8,27,18,15013KT,18,07
2013-08-27 19:00:00.000,2013,8,27,19,14014KT,17,07
2013-08-27 20:00:00.000,2013,8,27,20,13017KT,16,07
2013-08-27 21:00:00.000,2013,8,27,21,14014KT,16,07
2013-08-27 22:00:00.000,2013,8,27,22,12011KT,15,07
2013-08-27 23:00:00.000,2013,8,27,23,18007KT,15,08
2013-08-28 00:00:00.000,2013,8,28,0,16015KT,14,06
2013-08-28 01:00:00.000,2013,8,28,1,10010KT,14,07
2013-08-28 02:00:00.000,2013,8,28,2,13010KT,13,06
2013-08-28 03:00:00.000,2013,8,28,3,VRB02KT,12,06
2013-08-28 04:00:00.000,2013,8,28,4,VRB02KT,10,07
2013-08-28 05:00:00.000,2013,8,28,5,07005KT,11,07
2013-08-28 06:00:00.000,2013,8,28,6,30010KT,12,07
2013-08-28 07:00:00.000,2013,8,28,7,VRB02KT,11,08
2013-08-28 08:00:00.000,2013,8,28,8,VRB02KT,11,08
2013-08-28 09:00:00.000,2013,8,28,9,VRB02KT,11,08
2013-08-28 10:00:00.000,2013,8,28,10,12003KT,11,08
2013-08-28 11:00:00.000,2013,8,28,11,05003KT,10,09
2013-08-28 12:00:00.000,2013,8,28,12,VRB02KT,11,10
2013-08-28 13:00:00.000,2013,8,28,13,13010KT,14,08
2013-08-28 14:00:00.000,2013,8,28,14,16009KT,15,10
2013-08-28 15:00:00.000,2013,8,28,15,16012KT,16,09
2013-08-28 16:00:00.000,2013,8,28,16,15012G23KT,17,09
2013-08-28 18:00:00.000,2013,8,28,18,15021KT,19,08
2013-08-28 19:00:00.000,2013,8,28,19,15017KT,18,07
2013-08-28 20:00:00.000,2013,8,28,20,14016KT,18,06
2013-08-28 21:00:00.000,2013,8,28,21,16013KT,19,05
2013-08-28 22:00:00.000,2013,8,28,22,15011KT,17,06
2013-08-28 23:00:00.000,2013,8,28,23,15010KT,15,06
2013-08-29 00:00:00.000,2013,8,29,0,18008KT,15,08
2013-08-29 01:00:00.000,2013,8,29,1,17008KT,15,09
2013-08-29 02:00:00.000,2013,8,29,2,14005KT,14,09
2013-08-29 03:00:00.000,2013,8,29,3,13004KT,14,09
2013-08-29 04:00:00.000,2013,8,29,4,15005KT,13,09
2013-08-29 05:00:00.000,2013,8,29,5,14007KT,12,08
2013-08-29 06:00:00.000,2013,8,29,6,16007KT,13,08
2013-08-29 07:00:00.000,2013,8,29,7,17006KT,13,08
2013-08-29 08:00:00.000,2013,8,29,8,32004KT,12,10
2013-08-29 09:00:00.000,2013,8,29,9,03003KT,11,10
2013-08-29 10:00:00.000,2013,8,29,10,04003KT,10,09
2013-08-29 11:00:00.000,2013,8,29,11,33003KT,09,09
2013-08-29 12:00:00.000,2013,8,29,12,VRB02KT,11,10
2013-08-29 13:00:00.000,2013,8,29,13,15014KT,14,09
2013-08-29 14:00:00.000,2013,8,29,14,15016KT,16,08
2013-08-29 15:00:00.000,2013,8,29,15,15021KT,17,08
2013-08-29 16:00:00.000,2013,8,29,16,16017KT,16,08
2013-08-29 17:00:00.000,2013,8,29,17,15021KT,17,08
2013-08-29 18:00:00.000,2013,8,29,18,14014KT,18,09
2013-08-29 19:00:00.000,2013,8,29,19,15016KT,18,07
2013-08-29 20:00:00.000,2013,8,29,20,15015KT,17,08
2013-08-29 21:00:00.000,2013,8,29,21,23013KT,13,10
2013-08-29 22:00:00.000,2013,8,29,22,23013KT,12,08
2013-08-29 23:00:00.000,2013,8,29,23,22011KT,11,08
2013-08-30 00:00:00.000,2013,8,30,0,26010KT,11,08
2013-08-30 01:00:00.000,2013,8,30,1,24010KT,11,08
2013-08-30 02:00:00.000,2013,8,30,2,25010KT,11,08
2013-08-30 03:00:00.000,2013,8,30,3,25010KT,11,08
2013-08-30 04:00:00.000,2013,8,30,4,VRB02KT,11,08
2013-08-30 05:00:00.000,2013,8,30,5,VRB02KT,11,08
2013-08-30 06:00:00.000,2013,8,30,6,VRB02KT,10,07
2013-08-30 07:00:00.000,2013,8,30,7,VRB02KT,08,07
2013-08-30 08:00:00.000,2013,8,30,8,VRB02KT,10,08
2013-08-30 09:00:00.000,2013,8,30,9,25004KT,10,07
2013-08-30 10:00:00.000,2013,8,30,10,VRB02KT,10,07
2013-08-30 11:00:00.000,2013,8,30,11,VRB02KT,09,06
2013-08-30 12:00:00.000,2013,8,30,12,VRB02KT,11,08
2013-08-30 13:00:00.000,2013,8,30,13,33004KT,13,08
2013-08-30 14:00:00.000,2013,8,30,14,30005KT,14,09
2013-08-30 15:00:00.000,2013,8,30,15,VRB02KT,16,08
2013-08-30 16:00:00.000,2013,8,30,16,16014KT,17,07
2013-08-30 17:00:00.000,2013,8,30,17,17015KT,16,08
2013-08-30 18:00:00.000,2013,8,30,18,17017KT,17,08
2013-08-30 19:00:00.000,2013,8,30,19,15015KT,17,08
2013-08-30 20:00:00.000,2013,8,30,20,16014KT,15,08
2013-08-30 21:00:00.000,2013,8,30,21,15011KT,16,07
2013-08-30 22:00:00.000,2013,8,30,22,17013KT,15,07
2013-08-30 23:00:00.000,2013,8,30,23,16009KT,15,07
2013-08-31 00:00:00.000,2013,8,31,0,16005KT,14,08
2013-08-31 01:00:00.000,2013,8,31,1,24006KT,12,10
2013-08-31 02:00:00.000,2013,8,31,2,26004KT,12,10
2013-08-31 03:00:00.000,2013,8,31,3,00000KT,12,09
2013-08-31 04:00:00.000,2013,8,31,4,VRB02KT,11,10
2013-08-31 05:00:00.000,2013,8,31,5,00000KT,11,10
2013-08-31 06:00:00.000,2013,8,31,6,00000KT,11,08
2013-08-31 07:00:00.000,2013,8,31,7,00000KT,11,08
2013-08-31 08:00:00.000,2013,8,31,8,06003KT,11,08
2013-08-31 09:00:00.000,2013,8,31,9,08003KT,11,08
2013-08-31 10:00:00.000,2013,8,31,10,06004KT,11,08
2013-08-31 11:00:00.000,2013,8,31,11,02003KT,11,08
2013-08-31 12:00:00.000,2013,8,31,12,VRB02KT,13,08
2013-08-31 13:00:00.000,2013,8,31,13,13013KT,15,09
2013-08-31 14:00:00.000,2013,8,31,14,17008KT,15,09
2013-08-31 15:00:00.000,2013,8,31,15,14015KT,16,09
2013-08-31 16:00:00.000,2013,8,31,16,14013KT,17,08
2013-08-31 17:00:00.000,2013,8,31,17,14012KT,17,07
2013-08-31 18:00:00.000,2013,8,31,18,15015KT,19,08
2013-08-31 19:00:00.000,2013,8,31,19,17017KT,18,06
2013-08-31 20:00:00.000,2013,8,31,20,16013KT,17,06
2013-08-31 21:00:00.000,2013,8,31,21,15015KT,17,07
2013-08-31 22:00:00.000,2013,8,31,22,16018KT,15,07
2013-08-31 23:00:00.000,2013,8,31,23,16011KT,14,06
2013-09-01 00:00:00.000,2013,9,1,0,18008KT,14,07
2013-09-01 01:00:00.000,2013,9,1,1,11005KT,14,07
2013-09-01 02:00:00.000,2013,9,1,2,07004KT,13,07
2013-09-01 03:00:00.000,2013,9,1,3,22005KT,13,07
2013-09-01 04:00:00.000,2013,9,1,4,16009KT,13,08
2013-09-01 05:00:00.000,2013,9,1,5,VRB02KT,12,08
2013-09-01 06:00:00.000,2013,9,1,6,12003KT,12,07
2013-09-01 07:00:00.000,2013,9,1,7,00000KT,12,07
2013-09-01 08:00:00.000,2013,9,1,8,11005KT,12,07
2013-09-01 09:00:00.000,2013,9,1,9,08004KT,12,06
2013-09-01 10:00:00.000,2013,9,1,10,11005KT,11,06
2013-09-01 11:00:00.000,2013,9,1,11,VRB02KT,09,05
2013-09-01 12:00:00.000,2013,9,1,12,04005KT,11,07
2013-09-01 13:00:00.000,2013,9,1,13,06004KT,14,07
2013-09-01 14:00:00.000,2013,9,1,14,11007KT,16,06
2013-09-01 15:00:00.000,2013,9,1,15,18005KT,16,05
2013-09-01 16:00:00.000,2013,9,1,16,17011KT,17,06
2013-09-01 17:00:00.000,2013,9,1,17,16011KT,17,06
2013-09-01 18:00:00.000,2013,9,1,18,10014KT,18,06
2013-09-01 19:00:00.000,2013,9,1,19,13010KT,18,07
2013-09-01 20:00:00.000,2013,9,1,20,20006KT,17,07
2013-09-01 21:00:00.000,2013,9,1,21,15014KT,16,07
2013-09-01 22:00:00.000,2013,9,1,22,15010KT,17,07
2013-09-01 23:00:00.000,2013,9,1,23,15012KT,15,06
2013-09-02 00:00:00.000,2013,9,2,0,19006KT,14,06
2013-09-02 01:00:00.000,2013,9,2,1,VRB02KT,13,07
2013-09-02 02:00:00.000,2013,9,2,2,36003KT,12,08
2013-09-02 03:00:00.000,2013,9,2,3,04004KT,11,07
2013-09-02 04:00:00.000,2013,9,2,4,04003KT,09,07
2013-09-02 05:00:00.000,2013,9,2,5,06003KT,08,07
2013-09-02 06:00:00.000,2013,9,2,6,VRB02KT,06,06
2013-09-02 07:00:00.000,2013,9,2,7,29005KT,05,05
2013-09-02 08:00:00.000,2013,9,2,8,00000KT,05,05
2013-09-02 09:00:00.000,2013,9,2,9,VRB02KT,04,04
2013-09-02 10:00:00.000,2013,9,2,10,VRB02KT,04,04
2013-09-02 11:00:00.000,2013,9,2,11,33003KT,03,03
2013-09-02 12:00:00.000,2013,9,2,12,05005KT,05,05
2013-09-02 13:00:00.000,2013,9,2,13,VRB02KT,08,08
2013-09-02 14:00:00.000,2013,9,2,14,VRB02KT,14,08
2013-09-02 15:00:00.000,2013,9,2,15,VRB02KT,17,07
2013-09-02 16:00:00.000,2013,9,2,16,22003KT,19,06
2013-09-02 17:00:00.000,2013,9,2,17,06008KT,20,06
2013-09-02 18:00:00.000,2013,9,2,18,24014KT,18,09
2013-09-02 19:00:00.000,2013,9,2,19,31015KT,17,10
2013-09-02 20:00:00.000,2013,9,2,20,27015KT,19,11
2013-09-02 21:00:00.000,2013,9,2,21,25015KT,17,10
2013-09-02 22:00:00.000,2013,9,2,22,25010KT,15,11
2013-09-02 23:00:00.000,2013,9,2,23,25007KT,15,11
2013-09-03 00:00:00.000,2013,9,3,0,VRB02KT,14,11
2013-09-03 01:00:00.000,2013,9,3,1,VRB02KT,13,11
2013-09-03 02:00:00.000,2013,9,3,2,VRB02KT,12,11
2013-09-03 03:00:00.000,2013,9,3,3,35003KT,12,11
2013-09-03 04:00:00.000,2013,9,3,4,VRB02KT,11,10
2013-09-03 05:00:00.000,2013,9,3,5,33004KT,10,09
2013-09-03 06:00:00.000,2013,9,3,6,VRB02KT,10,09
2013-09-03 08:00:00.000,2013,9,3,8,13004KT,08,07
2013-09-03 09:00:00.000,2013,9,3,9,VRB02KT,06,05
2013-09-03 10:00:00.000,2013,9,3,10,30003KT,06,06
2013-09-03 11:00:00.000,2013,9,3,11,VRB02KT,06,05
2013-09-03 12:00:00.000,2013,9,3,12,34005KT,07,07
2013-09-03 13:00:00.000,2013,9,3,13,01005KT,10,09
2013-09-03 14:00:00.000,2013,9,3,14,28005KT,13,12
2013-09-03 15:00:00.000,2013,9,3,15,22005KT,16,07
2013-09-03 16:00:00.000,2013,9,3,16,16003KT,18,07
2013-09-03 17:00:00.000,2013,9,3,17,25008KT,18,09
2013-09-03 19:00:00.000,2013,9,3,19,28014KT,17,12
2013-09-03 20:00:00.000,2013,9,3,20,24010KT,16,10
2013-09-03 21:00:00.000,2013,9,3,21,27010KT,13,12
2013-09-03 22:00:00.000,2013,9,3,22,22008KT,14,12
2013-09-03 23:00:00.000,2013,9,3,23,30004KT,13,11
2013-09-04 00:00:00.000,2013,9,4,0,VRB02KT,11,10
2013-09-04 01:00:00.000,2013,9,4,1,03004KT,10,09
2013-09-04 02:00:00.000,2013,9,4,2,VRB02KT,10,10
2013-09-04 03:00:00.000,2013,9,4,3,VRB02KT,10,10
2013-09-04 05:00:00.000,2013,9,4,5,VRB02KT,09,09
2013-09-04 06:00:00.000,2013,9,4,6,VRB02KT,09,09
2013-09-04 07:00:00.000,2013,9,4,7,31003KT,08,07
2013-09-04 08:00:00.000,2013,9,4,8,VRB02KT,08,07
2013-09-04 09:00:00.000,2013,9,4,9,VRB02KT,13,03
2013-09-04 10:00:00.000,2013,9,4,10,VRB02KT,07,07
2013-09-04 11:00:00.000,2013,9,4,11,VRB02KT,08,08
2013-09-04 12:00:00.000,2013,9,4,12,00000KT,09,09
2013-09-04 13:00:00.000,2013,9,4,13,04005KT,11,10
2013-09-04 14:00:00.000,2013,9,4,14,36004KT,15,09
2013-09-04 15:00:00.000,2013,9,4,15,33005KT,17,10
2013-09-04 16:00:00.000,2013,9,4,16,32006KT,19,09
2013-09-04 17:00:00.000,2013,9,4,17,24012KT,17,10
2013-09-04 18:00:00.000,2013,9,4,18,25006KT,16,11
2013-09-04 19:00:00.000,2013,9,4,19,26009KT,16,11
2013-09-04 20:00:00.000,2013,9,4,20,21004KT,14,12
2013-09-04 21:00:00.000,2013,9,4,21,24006KT,14,12
2013-09-04 22:00:00.000,2013,9,4,22,31005KT,14,11
2013-09-04 23:00:00.000,2013,9,4,23,VRB02KT,13,12
2013-09-05 00:00:00.000,2013,9,5,0,35003KT,13,12
2013-09-05 01:00:00.000,2013,9,5,1,02003KT,12,11
2013-09-05 02:00:00.000,2013,9,5,2,VRB02KT,12,10
2013-09-05 03:00:00.000,2013,9,5,3,03005KT,11,10
2013-09-05 04:00:00.000,2013,9,5,4,36003KT,11,10
2013-09-05 05:00:00.000,2013,9,5,5,06004KT,11,10
2013-09-05 06:00:00.000,2013,9,5,6,23010KT,12,10
2013-09-05 07:00:00.000,2013,9,5,7,VRB02KT,11,10
2013-09-05 08:00:00.000,2013,9,5,8,00000KT,10,09
2013-09-05 09:00:00.000,2013,9,5,9,VRB02KT,10,09
2013-09-05 10:00:00.000,2013,9,5,10,VRB02KT,10,09
2013-09-05 11:00:00.000,2013,9,5,11,00000KT,11,10
2013-09-05 12:00:00.000,2013,9,5,12,VRB02KT,12,11
2013-09-05 13:00:00.000,2013,9,5,13,07006KT,15,09
2013-09-05 14:00:00.000,2013,9,5,14,08007KT,15,09
2013-09-05 15:00:00.000,2013,9,5,15,06005KT,17,08
2013-09-05 16:00:00.000,2013,9,5,16,08005KT,18,08
2013-09-05 17:00:00.000,2013,9,5,17,18006KT,18,08
2013-09-05 18:00:00.000,2013,9,5,18,16004KT,19,06
2013-09-05 19:00:00.000,2013,9,5,19,30004KT,18,09
2013-09-05 20:00:00.000,2013,9,5,20,32007KT,18,10
2013-09-05 21:00:00.000,2013,9,5,21,27010KT,17,10
2013-09-05 22:00:00.000,2013,9,5,22,23009KT,16,11
2013-09-05 23:00:00.000,2013,9,5,23,24007KT,14,12
2013-09-06 00:00:00.000,2013,9,6,0,VRB02KT,13,12
2013-09-06 01:00:00.000,2013,9,6,1,25003KT,13,13
2013-09-06 02:00:00.000,2013,9,6,2,24005KT,12,11
2013-09-06 03:00:00.000,2013,9,6,3,28004KT,12,11
2013-09-06 04:00:00.000,2013,9,6,4,03003KT,11,11
2013-09-06 05:00:00.000,2013,9,6,5,VRB02KT,12,11
2013-09-06 06:00:00.000,2013,9,6,6,VRB02KT,12,11
2013-09-06 07:00:00.000,2013,9,6,7,VRB02KT,11,10
2013-09-06 08:00:00.000,2013,9,6,8,10004KT,11,11
2013-09-06 09:00:00.000,2013,9,6,9,VRB02KT,11,10
2013-09-06 10:00:00.000,2013,9,6,10,VRB02KT,11,10
2013-09-06 11:00:00.000,2013,9,6,11,27003KT,11,10
2013-09-06 12:00:00.000,2013,9,6,12,30003KT,12,11
2013-09-06 13:00:00.000,2013,9,6,13,34003KT,13,11
2013-09-06 14:00:00.000,2013,9,6,14,15006KT,15,10
2013-09-06 15:00:00.000,2013,9,6,15,13010KT,17,09
2013-09-06 16:00:00.000,2013,9,6,16,14008KT,18,10
2013-09-06 17:00:00.000,2013,9,6,17,16010KT,18,10
2013-09-06 18:00:00.000,2013,9,6,18,16018KT,18,10
2013-09-06 19:00:00.000,2013,9,6,19,19016KT,19,09
2013-09-06 20:00:00.000,2013,9,6,20,23010KT,18,10
2013-09-06 21:00:00.000,2013,9,6,21,22009KT,17,09
2013-09-06 22:00:00.000,2013,9,6,22,24012KT,16,09
2013-09-06 23:00:00.000,2013,9,6,23,24010KT,15,09
2013-09-07 00:00:00.000,2013,9,7,0,21005KT,13,09
2013-09-07 01:00:00.000,2013,9,7,1,17007KT,14,08
2013-09-07 02:00:00.000,2013,9,7,2,30005KT,12,10
2013-09-07 03:00:00.000,2013,9,7,3,20005KT,14,09
2013-09-07 04:00:00.000,2013,9,7,4,02005KT,12,10
2013-09-07 05:00:00.000,2013,9,7,5,VRB02KT,12,09
2013-09-07 06:00:00.000,2013,9,7,6,VRB02KT,12,09
2013-09-07 07:00:00.000,2013,9,7,7,26003KT,13,09
2013-09-07 08:00:00.000,2013,9,7,8,30004KT,10,08
2013-09-07 09:00:00.000,2013,9,7,9,VRB02KT,10,09
2013-09-07 10:00:00.000,2013,9,7,10,VRB02KT,10,09
2013-09-07 11:00:00.000,2013,9,7,11,VRB02KT,09,08
2013-09-07 12:00:00.000,2013,9,7,12,VRB02KT,10,09
2013-09-07 13:00:00.000,2013,9,7,13,02004KT,12,10
2013-09-07 14:00:00.000,2013,9,7,14,02004KT,14,09
2013-09-07 15:00:00.000,2013,9,7,15,18006KT,16,08
2013-09-07 16:00:00.000,2013,9,7,16,15015KT,17,08
2013-09-07 17:00:00.000,2013,9,7,17,16016KT,18,08
2013-09-07 18:00:00.000,2013,9,7,18,18010KT,19,06
2013-09-07 19:00:00.000,2013,9,7,19,17010KT,19,06
2013-09-07 20:00:00.000,2013,9,7,20,12010KT,19,10
2013-09-07 21:00:00.000,2013,9,7,21,28007KT,17,10
2013-09-07 22:00:00.000,2013,9,7,22,30010KT,16,11
2013-09-07 23:00:00.000,2013,9,7,23,30006KT,15,11
2013-09-08 00:00:00.000,2013,9,8,0,25006KT,14,11
2013-09-08 01:00:00.000,2013,9,8,1,32003KT,12,10
2013-09-08 02:00:00.000,2013,9,8,2,06003KT,12,11
2013-09-08 03:00:00.000,2013,9,8,3,12007KT,14,10
2013-09-08 04:00:00.000,2013,9,8,4,12007KT,14,10
2013-09-08 05:00:00.000,2013,9,8,5,17007KT,14,10
2013-09-08 06:00:00.000,2013,9,8,6,VRB02KT,12,11
2013-09-08 07:00:00.000,2013,9,8,7,VRB02KT,11,10
2013-09-08 08:00:00.000,2013,9,8,8,VRB02KT,11,10
2013-09-08 09:00:00.000,2013,9,8,9,05005KT,10,09
2013-09-08 10:00:00.000,2013,9,8,10,04004KT,10,09
2013-09-08 11:00:00.000,2013,9,8,11,04004KT,10,09
2013-09-08 12:00:00.000,2013,9,8,12,06010KT,13,10
2013-09-08 13:00:00.000,2013,9,8,13,10010KT,15,09
2013-09-08 14:00:00.000,2013,9,8,14,15015KT,17,07
2013-09-08 15:00:00.000,2013,9,8,15,18010KT,16,07
2013-09-08 16:00:00.000,2013,9,8,16,04008KT,16,08
2013-09-08 17:00:00.000,2013,9,8,17,VRB02KT,18,08
2013-09-08 18:00:00.000,2013,9,8,18,04005KT,17,08
2013-09-08 19:00:00.000,2013,9,8,19,23006KT,18,08
2013-09-08 20:00:00.000,2013,9,8,20,26006KT,18,09
2013-09-08 21:00:00.000,2013,9,8,21,04004KT,17,11
2013-09-08 22:00:00.000,2013,9,8,22,01005KT,17,11
2013-09-08 23:00:00.000,2013,9,8,23,05008KT,15,10
2013-09-09 00:00:00.000,2013,9,9,0,03005KT,15,10
2013-09-09 01:00:00.000,2013,9,9,1,03004KT,14,11
2013-09-09 02:00:00.000,2013,9,9,2,30003KT,14,10
2013-09-09 03:00:00.000,2013,9,9,3,04006KT,13,10
2013-09-09 04:00:00.000,2013,9,9,4,02003KT,12,09
2013-09-09 05:00:00.000,2013,9,9,5,04006KT,12,09
2013-09-09 06:00:00.000,2013,9,9,6,09004KT,12,09
2013-09-09 07:00:00.000,2013,9,9,7,05004KT,12,10
2013-09-09 08:00:00.000,2013,9,9,8,07003KT,12,09
2013-09-09 09:00:00.000,2013,9,9,9,00000KT,12,09
2013-09-09 10:00:00.000,2013,9,9,10,00000KT,11,09
2013-09-09 11:00:00.000,2013,9,9,11,00000KT,11,09
2013-09-09 12:00:00.000,2013,9,9,12,31004KT,13,09
2013-09-09 13:00:00.000,2013,9,9,13,VRB02KT,14,10
2013-09-09 14:00:00.000,2013,9,9,14,35003KT,16,10
2013-09-09 15:00:00.000,2013,9,9,15,VRB02KT,17,09
2013-09-09 16:00:00.000,2013,9,9,16,06010KT,15,10
2013-09-09 17:00:00.000,2013,9,9,17,09005KT,16,08
2013-09-09 18:00:00.000,2013,9,9,18,10010KT,18,08
2013-09-09 19:00:00.000,2013,9,9,19,06009KT,19,08
2013-09-09 20:00:00.000,2013,9,9,20,04009KT,18,08
2013-09-09 21:00:00.000,2013,9,9,21,03006KT,17,08
2013-09-09 22:00:00.000,2013,9,9,22,05005KT,17,07
2013-09-09 23:00:00.000,2013,9,9,23,18009KT,16,07
2013-09-10 00:00:00.000,2013,9,10,0,04004KT,13,08
2013-09-10 01:00:00.000,2013,9,10,1,VRB02KT,13,08
2013-09-10 02:00:00.000,2013,9,10,2,VRB02KT,12,08
2013-09-10 03:00:00.000,2013,9,10,3,VRB02KT,13,08
2013-09-10 04:00:00.000,2013,9,10,4,04007KT,12,09
2013-09-10 05:00:00.000,2013,9,10,5,VRB02KT,12,08
2013-09-10 06:00:00.000,2013,9,10,6,07004KT,11,08
2013-09-10 07:00:00.000,2013,9,10,7,VRB02KT,10,08
2013-09-10 08:00:00.000,2013,9,10,8,00000KT,10,08
2013-09-10 09:00:00.000,2013,9,10,9,00000KT,09,08
2013-09-10 10:00:00.000,2013,9,10,10,VRB02KT,07,07
2013-09-10 11:00:00.000,2013,9,10,11,00000KT,08,08
2013-09-10 12:00:00.000,2013,9,10,12,06004KT,11,09
2013-09-10 13:00:00.000,2013,9,10,13,12004KT,15,10
2013-09-10 14:00:00.000,2013,9,10,14,12010KT,16,09
2013-09-10 15:00:00.000,2013,9,10,15,14010KT,17,08
2013-09-10 16:00:00.000,2013,9,10,16,13014KT,18,09
2013-09-10 17:00:00.000,2013,9,10,17,15010KT,17,08
2013-09-10 18:00:00.000,2013,9,10,18,12011KT,18,06
2013-09-10 19:00:00.000,2013,9,10,19,16005KT,19,05
2013-09-10 20:00:00.000,2013,9,10,20,24008KT,19,09
2013-09-10 21:00:00.000,2013,9,10,21,27007KT,18,10
2013-09-10 22:00:00.000,2013,9,10,22,25010KT,17,10
2013-09-10 23:00:00.000,2013,9,10,23,27008KT,15,10
2013-09-11 00:00:00.000,2013,9,11,0,27005KT,14,10
2013-09-11 01:00:00.000,2013,9,11,1,32003KT,12,10
2013-09-11 02:00:00.000,2013,9,11,2,24004KT,13,11
2013-09-11 03:00:00.000,2013,9,11,3,26006KT,13,10
2013-09-11 04:00:00.000,2013,9,11,4,VRB02KT,12,10
2013-09-11 05:00:00.000,2013,9,11,5,26003KT,13,10
2013-09-11 06:00:00.000,2013,9,11,6,00000KT,12,10
2013-09-11 07:00:00.000,2013,9,11,7,VRB02KT,12,10
2013-09-11 08:00:00.000,2013,9,11,8,VRB02KT,11,10
2013-09-11 09:00:00.000,2013,9,11,9,VRB02KT,10,09
2013-09-11 10:00:00.000,2013,9,11,10,33003KT,10,09
2013-09-11 11:00:00.000,2013,9,11,11,25004KT,11,09
2013-09-11 12:00:00.000,2013,9,11,12,03004KT,12,09
2013-09-11 13:00:00.000,2013,9,11,13,14003KT,14,08
2013-09-11 14:00:00.000,2013,9,11,14,05004KT,15,09
2013-09-11 15:00:00.000,2013,9,11,15,06004KT,17,08
2013-09-11 16:00:00.000,2013,9,11,16,19007KT,18,09
2013-09-11 17:00:00.000,2013,9,11,17,27011KT,17,10
2013-09-11 18:00:00.000,2013,9,11,18,24011KT,18,10
2013-09-11 19:00:00.000,2013,9,11,19,31010KT,16,10
2013-09-11 20:00:00.000,2013,9,11,20,31010KT,14,10
2013-09-11 21:00:00.000,2013,9,11,21,30007KT,14,11
2013-09-11 22:00:00.000,2013,9,11,22,30004KT,14,10
2013-09-11 23:00:00.000,2013,9,11,23,VRB02KT,13,10
2013-09-12 00:00:00.000,2013,9,12,0,VRB02KT,12,10
2013-09-12 01:00:00.000,2013,9,12,1,33004KT,10,09
2013-09-12 02:00:00.000,2013,9,12,2,VRB02KT,11,09
2013-09-12 03:00:00.000,2013,9,12,3,VRB02KT,11,09
2013-09-12 04:00:00.000,2013,9,12,4,VRB02KT,11,10
2013-09-12 05:00:00.000,2013,9,12,5,04004KT,10,09
2013-09-12 06:00:00.000,2013,9,12,6,VRB02KT,10,09
2013-09-12 07:00:00.000,2013,9,12,7,00000KT,10,09
2013-09-12 08:00:00.000,2013,9,12,8,VRB02KT,09,08
2013-09-12 09:00:00.000,2013,9,12,9,VRB02KT,08,08
2013-09-12 10:00:00.000,2013,9,12,10,04005KT,09,08
2013-09-12 11:00:00.000,2013,9,12,11,VRB02KT,09,09
2013-09-12 12:00:00.000,2013,9,12,12,06004KT,09,09
2013-09-12 13:00:00.000,2013,9,12,13,02003KT,10,09
2013-09-12 14:00:00.000,2013,9,12,14,03003KT,14,11
2013-09-12 15:00:00.000,2013,9,12,15,34004KT,17,09
2013-09-12 16:00:00.000,2013,9,12,16,06006KT,19,09
2013-09-12 17:00:00.000,2013,9,12,17,VRB02KT,19,09
2013-09-12 18:00:00.000,2013,9,12,18,23012KT,19,10
2013-09-12 19:00:00.000,2013,9,12,19,32010KT,16,12
2013-09-12 20:00:00.000,2013,9,12,20,28009KT,15,13
2013-09-12 21:00:00.000,2013,9,12,21,30008KT,14,12
2013-09-12 22:00:00.000,2013,9,12,22,26006KT,14,12
2013-09-12 23:00:00.000,2013,9,12,23,VRB02KT,13,11
2013-09-13 00:00:00.000,2013,9,13,0,27003KT,13,12
2013-09-13 01:00:00.000,2013,9,13,1,27004KT,12,11
2013-09-13 02:00:00.000,2013,9,13,2,01003KT,11,10
2013-09-13 03:00:00.000,2013,9,13,3,26003KT,11,11
2013-09-13 04:00:00.000,2013,9,13,4,30004KT,11,10
2013-09-13 05:00:00.000,2013,9,13,5,00000KT,11,10
2013-09-13 06:00:00.000,2013,9,13,6,26004KT,11,11
2013-09-13 07:00:00.000,2013,9,13,7,VRB02KT,10,10
2013-09-13 08:00:00.000,2013,9,13,8,00000KT,11,10
2013-09-13 09:00:00.000,2013,9,13,9,VRB02KT,11,10
2013-09-13 10:00:00.000,2013,9,13,10,00000KT,11,10
2013-09-13 11:00:00.000,2013,9,13,11,00000KT,10,10
2013-09-13 12:00:00.000,2013,9,13,12,VRB02KT,12,11
2013-09-13 13:00:00.000,2013,9,13,13,VRB02KT,13,12
2013-09-13 14:00:00.000,2013,9,13,14,06004KT,15,11
2013-09-13 15:00:00.000,2013,9,13,15,02005KT,17,10
2013-09-13 16:00:00.000,2013,9,13,16,11004KT,19,10
2013-09-13 17:00:00.000,2013,9,13,17,07006KT,19,09
2013-09-13 18:00:00.000,2013,9,13,18,26014KT,20,12
2013-09-13 19:00:00.000,2013,9,13,19,30013KT,19,11
2013-09-13 20:00:00.000,2013,9,13,20,08008KT,12,09
2013-09-13 21:00:00.000,2013,9,13,21,VRB02KT,14,11
2013-09-13 22:00:00.000,2013,9,13,22,VRB02KT,15,11
2013-09-13 23:00:00.000,2013,9,13,23,VRB02KT,15,11
2013-09-14 00:00:00.000,2013,9,14,0,VRB02KT,14,11
2013-09-14 01:00:00.000,2013,9,14,1,03003KT,13,12
2013-09-14 02:00:00.000,2013,9,14,2,VRB02KT,12,12
2013-09-14 03:00:00.000,2013,9,14,3,00000KT,12,11
2013-09-14 04:00:00.000,2013,9,14,4,VRB02KT,10,09
2013-09-14 05:00:00.000,2013,9,14,5,VRB02KT,11,10
2013-09-14 07:00:00.000,2013,9,14,7,05005KT,11,09
2013-09-14 08:00:00.000,2013,9,14,8,00000KT,10,10
2013-09-14 09:00:00.000,2013,9,14,9,02003KT,11,10
2013-09-14 10:00:00.000,2013,9,14,10,VRB02KT,10,10
2013-09-14 12:00:00.000,2013,9,14,12,05004KT,12,10
2013-09-14 13:00:00.000,2013,9,14,13,05005KT,14,11
2013-09-14 14:00:00.000,2013,9,14,14,08008KT,16,10
2013-09-14 15:00:00.000,2013,9,14,15,07012KT,16,09
2013-09-14 16:00:00.000,2013,9,14,16,12012KT,19,08
2013-09-14 17:00:00.000,2013,9,14,17,15020KT,20,07
2013-09-14 18:00:00.000,2013,9,14,18,13010KT,20,07
2013-09-14 19:00:00.000,2013,9,14,19,11010KT,20,06
2013-09-14 20:00:00.000,2013,9,14,20,13012KT,20,07
2013-09-14 21:00:00.000,2013,9,14,21,17012KT,16,12
2013-09-14 22:00:00.000,2013,9,14,22,18010KT,19,07
2013-09-14 23:00:00.000,2013,9,14,23,09005KT,18,08
2013-09-15 00:00:00.000,2013,9,15,0,14010KT,16,08
2013-09-15 01:00:00.000,2013,9,15,1,08005KT,16,08
2013-09-15 02:00:00.000,2013,9,15,2,05008KT,13,08
2013-09-15 03:00:00.000,2013,9,15,3,08005KT,14,08
2013-09-15 04:00:00.000,2013,9,15,4,06008KT,12,09
2013-09-15 05:00:00.000,2013,9,15,5,04005KT,11,09
2013-09-15 06:00:00.000,2013,9,15,6,05008KT,11,09
2013-09-15 07:00:00.000,2013,9,15,7,06005KT,11,08
2013-09-15 08:00:00.000,2013,9,15,8,07006KT,12,09
2013-09-15 09:00:00.000,2013,9,15,9,07006KT,11,10
2013-09-15 10:00:00.000,2013,9,15,10,06006KT,12,09
2013-09-15 11:00:00.000,2013,9,15,11,30003KT,12,09
2013-09-15 12:00:00.000,2013,9,15,12,VRB02KT,13,10
2013-09-15 13:00:00.000,2013,9,15,13,12007KT,16,09
2013-09-15 14:00:00.000,2013,9,15,14,13008KT,17,10
2013-09-15 15:00:00.000,2013,9,15,15,08008KT,17,10
2013-09-15 16:00:00.000,2013,9,15,16,10010KT,19,10
2013-09-15 17:00:00.000,2013,9,15,17,11008KT,19,09
2013-09-15 18:00:00.000,2013,9,15,18,13012KT,19,10
2013-09-15 19:00:00.000,2013,9,15,19,14014KT,18,10
2013-09-15 20:00:00.000,2013,9,15,20,17014KT,18,11
2013-09-15 21:00:00.000,2013,9,15,21,17012KT,16,12
2013-09-15 22:00:00.000,2013,9,15,22,16014KT,15,09
2013-09-15 23:00:00.000,2013,9,15,23,16015KT,14,09
2013-09-16 00:00:00.000,2013,9,16,0,13010KT,14,08
2013-09-16 01:00:00.000,2013,9,16,1,10013KT,14,07
2013-09-16 02:00:00.000,2013,9,16,2,04005KT,12,08
2013-09-16 03:00:00.000,2013,9,16,3,05007KT,12,08
2013-09-16 04:00:00.000,2013,9,16,4,06010KT,12,08
2013-09-16 05:00:00.000,2013,9,16,5,10006KT,13,07
2013-09-16 06:00:00.000,2013,9,16,6,06005KT,12,07
2013-09-16 07:00:00.000,2013,9,16,7,06005KT,12,07
2013-09-16 08:00:00.000,2013,9,16,8,VRB02KT,12,07
2013-09-16 09:00:00.000,2013,9,16,9,04004KT,11,08
2013-09-16 10:00:00.000,2013,9,16,10,07004KT,10,08
2013-09-16 11:00:00.000,2013,9,16,11,03006KT,09,08
2013-09-16 12:00:00.000,2013,9,16,12,02005KT,12,09
2013-09-16 13:00:00.000,2013,9,16,13,13010KT,17,09
2013-09-16 14:00:00.000,2013,9,16,14,11008KT,17,08
2013-09-16 15:00:00.000,2013,9,16,15,13015KT,18,07
2013-09-16 16:00:00.000,2013,9,16,16,14015KT,19,07
2013-09-16 17:00:00.000,2013,9,16,17,13020KT,17,06
2013-09-16 18:00:00.000,2013,9,16,18,13012KT,18,07
2013-09-16 19:00:00.000,2013,9,16,19,14015KT,18,07
2013-09-16 20:00:00.000,2013,9,16,20,15015KT,18,07
2013-09-16 21:00:00.000,2013,9,16,21,15010KT,18,08
2013-09-16 22:00:00.000,2013,9,16,22,10005KT,18,06
2013-09-16 23:00:00.000,2013,9,16,23,11010KT,17,06
2013-09-17 00:00:00.000,2013,9,17,0,12005KT,15,08
2013-09-17 01:00:00.000,2013,9,17,1,01003KT,13,09
2013-09-17 02:00:00.000,2013,9,17,2,00000KT,13,08
2013-09-17 03:00:00.000,2013,9,17,3,03003KT,13,08
2013-09-17 04:00:00.000,2013,9,17,4,VRB02KT,13,08
2013-09-17 05:00:00.000,2013,9,17,5,03004KT,13,10
2013-09-17 06:00:00.000,2013,9,17,6,02003KT,12,08
2013-09-17 07:00:00.000,2013,9,17,7,31003KT,11,09
2013-09-17 08:00:00.000,2013,9,17,8,33003KT,11,09
2013-09-17 09:00:00.000,2013,9,17,9,00000KT,11,10
2013-09-17 10:00:00.000,2013,9,17,10,VRB02KT,09,08
2013-09-17 11:00:00.000,2013,9,17,11,03003KT,09,08
2013-09-17 12:00:00.000,2013,9,17,12,35004KT,11,09
2013-09-17 13:00:00.000,2013,9,17,13,07008KT,14,10
2013-09-17 14:00:00.000,2013,9,17,14,08008KT,15,10
2013-09-17 15:00:00.000,2013,9,17,15,10006KT,18,10
2013-09-17 16:00:00.000,2013,9,17,16,07005KT,18,08
2013-09-17 17:00:00.000,2013,9,17,17,07009KT,17,10
2013-09-17 18:00:00.000,2013,9,17,18,07010KT,16,11
2013-09-17 19:00:00.000,2013,9,17,19,07008KT,16,10
2013-09-17 20:00:00.000,2013,9,17,20,15012KT,17,08
2013-09-17 21:00:00.000,2013,9,17,21,12008KT,17,09
2013-09-17 22:00:00.000,2013,9,17,22,06006KT,15,09
2013-09-17 23:00:00.000,2013,9,17,23,05004KT,14,09
2013-09-18 00:00:00.000,2013,9,18,0,11004KT,14,09
2013-09-18 01:00:00.000,2013,9,18,1,VRB02KT,13,09
2013-09-18 02:00:00.000,2013,9,18,2,08003KT,14,08
2013-09-18 03:00:00.000,2013,9,18,3,07005KT,14,08
2013-09-18 04:00:00.000,2013,9,18,4,07004KT,13,08
2013-09-18 05:00:00.000,2013,9,18,5,05005KT,12,09
2013-09-18 06:00:00.000,2013,9,18,6,01003KT,11,10
2013-09-18 07:00:00.000,2013,9,18,7,VRB02KT,11,10
2013-09-18 08:00:00.000,2013,9,18,8,VRB02KT,10,09
2013-09-18 09:00:00.000,2013,9,18,9,04006KT,10,09
2013-09-18 10:00:00.000,2013,9,18,10,04003KT,11,10
2013-09-18 11:00:00.000,2013,9,18,11,26004KT,11,10
2013-09-18 12:00:00.000,2013,9,18,12,VRB02KT,11,10
2013-09-18 13:00:00.000,2013,9,18,13,03005KT,13,11
2013-09-18 14:00:00.000,2013,9,18,14,07005KT,14,12
2013-09-18 15:00:00.000,2013,9,18,15,VRB02KT,16,11
2013-09-18 16:00:00.000,2013,9,18,16,17010KT,19,08
2013-09-18 17:00:00.000,2013,9,18,17,16012KT,18,08
2013-09-18 18:00:00.000,2013,9,18,18,18008KT,18,08
2013-09-18 19:00:00.000,2013,9,18,19,14014KT,19,08
2013-09-18 20:00:00.000,2013,9,18,20,15013KT,18,09
2013-09-18 21:00:00.000,2013,9,18,21,13008KT,17,09
2013-09-18 22:00:00.000,2013,9,18,22,13012KT,15,08
2013-09-18 23:00:00.000,2013,9,18,23,12010KT,15,08
2013-09-19 00:00:00.000,2013,9,19,0,09004KT,14,09
2013-09-19 01:00:00.000,2013,9,19,1,06005KT,13,08
2013-09-19 02:00:00.000,2013,9,19,2,07005KT,13,09
2013-09-19 03:00:00.000,2013,9,19,3,07003KT,13,11
2013-09-19 04:00:00.000,2013,9,19,4,01006KT,13,09
2013-09-19 05:00:00.000,2013,9,19,5,13010KT,13,10
2013-09-19 06:00:00.000,2013,9,19,6,VRB02KT,12,09
2013-09-19 07:00:00.000,2013,9,19,7,34003KT,11,09
2013-09-19 08:00:00.000,2013,9,19,8,180033KT,11,09
2013-09-19 09:00:00.000,2013,9,19,9,VRB02KT,10,09
2013-09-19 10:00:00.000,2013,9,19,10,VRB02KT,10,09
2013-09-19 11:00:00.000,2013,9,19,11,03003KT,10,08
2013-09-19 12:00:00.000,2013,9,19,12,09004KT,12,10
2013-09-19 13:00:00.000,2013,9,19,13,12012KT,15,07
2013-09-19 14:00:00.000,2013,9,19,14,15012KT,16,07
2013-09-19 15:00:00.000,2013,9,19,15,12010KT,16,07
2013-09-19 16:00:00.000,2013,9,19,16,14011KT,17,07
2013-09-19 17:00:00.000,2013,9,19,17,11010KT,16,08
2013-09-19 18:00:00.000,2013,9,19,18,17016KT,17,08
2013-09-19 19:00:00.000,2013,9,19,19,17016KT,17,08
2013-09-19 20:00:00.000,2013,9,19,20,16016KT,18,08
2013-09-19 21:00:00.000,2013,9,19,21,15012KT,16,07
2013-09-19 22:00:00.000,2013,9,19,22,16008KT,16,06
2013-09-19 23:00:00.000,2013,9,19,23,08008KT,15,06
2013-09-20 00:00:00.000,2013,9,20,0,00000KT,13,05
2013-09-20 01:00:00.000,2013,9,20,1,10005KT,14,06
2013-09-20 02:00:00.000,2013,9,20,2,13010KT,13,06
2013-09-20 03:00:00.000,2013,9,20,3,03004KT,12,07
2013-09-20 10:00:00.000,2013,9,20,10,05004KT,10,06
2013-09-20 11:00:00.000,2013,9,20,11,05004KT,09,05
2013-09-20 12:00:00.000,2013,9,20,12,09006KT,12,07
2013-09-20 13:00:00.000,2013,9,20,13,27004KT,13,07
2013-09-20 14:00:00.000,2013,9,20,14,15012KT,16,05
2013-09-20 15:00:00.000,2013,9,20,15,15016KT,17,05
2013-09-20 16:00:00.000,2013,9,20,16,13008KT,18,05
2013-09-20 17:00:00.000,2013,9,20,17,18015KT,18,04
2013-09-20 18:00:00.000,2013,9,20,18,12009KT,19,04
2013-09-20 19:00:00.000,2013,9,20,19,17012KT,19,03
2013-09-20 20:00:00.000,2013,9,20,20,11010KT,20,04
2013-09-20 21:00:00.000,2013,9,20,21,16004KT,20,04
2013-09-20 22:00:00.000,2013,9,20,22,34003KT,17,09
2013-09-20 23:00:00.000,2013,9,20,23,23008KT,16,09
2013-09-21 00:00:00.000,2013,9,21,0,27003KT,14,10
2013-09-21 01:00:00.000,2013,9,21,1,00000KT,12,11
2013-09-21 02:00:00.000,2013,9,21,2,30003KT,11,10
2013-09-21 03:00:00.000,2013,9,21,3,00000KT,10,09
2013-09-21 04:00:00.000,2013,9,21,4,03003KT,09,09
2013-09-21 05:00:00.000,2013,9,21,5,33003KT,08,07
2013-09-21 06:00:00.000,2013,9,21,6,00000KT,07,07
2013-09-21 07:00:00.000,2013,9,21,7,27003KT,08,07
2013-09-21 08:00:00.000,2013,9,21,8,00000KT,07,06
2013-09-21 09:00:00.000,2013,9,21,9,VRB02KT,05,05
2013-09-21 10:00:00.000,2013,9,21,10,36003KT,05,05
2013-09-21 11:00:00.000,2013,9,21,11,03004KT,04,04
2013-09-21 12:00:00.000,2013,9,21,12,VRB02KT,06,06
2013-09-21 13:00:00.000,2013,9,21,13,VRB02KT,11,10
2013-09-21 14:00:00.000,2013,9,21,14,VRB02KT,15,09
2013-09-21 15:00:00.000,2013,9,21,15,02003KT,17,09
2013-09-21 16:00:00.000,2013,9,21,16,10008KT,20,11
2013-09-21 17:00:00.000,2013,9,21,17,11010KT,21,08
2013-09-21 18:00:00.000,2013,9,21,18,16003KT,21,07
2013-09-21 19:00:00.000,2013,9,21,19,14010KT,22,06
2013-09-21 20:00:00.000,2013,9,21,20,13006KT,23,04
2013-09-21 21:00:00.000,2013,9,21,21,10007KT,21,05
2013-09-21 22:00:00.000,2013,9,21,22,11009KT,20,07
2013-09-21 23:00:00.000,2013,9,21,23,07007KT,17,08
2013-09-22 00:00:00.000,2013,9,22,0,12008KT,17,09
2013-09-22 01:00:00.000,2013,9,22,1,06007KT,16,09
2013-09-22 02:00:00.000,2013,9,22,2,08008KT,15,08
2013-09-22 03:00:00.000,2013,9,22,3,09008KT,15,09
2013-09-22 04:00:00.000,2013,9,22,4,10005KT,14,08
2013-09-22 05:00:00.000,2013,9,22,5,VRB02KT,10,08
2013-09-22 06:00:00.000,2013,9,22,6,04004KT,10,09
2013-09-22 07:00:00.000,2013,9,22,7,VRB02KT,09,08
2013-09-22 08:00:00.000,2013,9,22,8,05003KT,07,06
2013-09-22 09:00:00.000,2013,9,22,9,04003KT,08,07
2013-09-22 10:00:00.000,2013,9,22,10,04003KT,05,04
2013-09-22 11:00:00.000,2013,9,22,11,VRB02KT,06,05
2013-09-22 12:00:00.000,2013,9,22,12,VRB02KT,10,09
2013-09-22 13:00:00.000,2013,9,22,13,07004KT,15,10
2013-09-22 14:00:00.000,2013,9,22,14,03006KT,17,09
2013-09-22 15:00:00.000,2013,9,22,15,12012KT,19,07
2013-09-22 16:00:00.000,2013,9,22,16,14014KT,20,07
2013-09-22 17:00:00.000,2013,9,22,17,14012KT,19,08
2013-09-22 18:00:00.000,2013,9,22,18,13015KT,20,06
2013-09-22 19:00:00.000,2013,9,22,19,20015KT,21,08
2013-09-22 20:00:00.000,2013,9,22,20,18015KT,19,08
2013-09-22 21:00:00.000,2013,9,22,21,13015KT,20,08
2013-09-22 22:00:00.000,2013,9,22,22,14020KT,17,09
2013-09-22 23:00:00.000,2013,9,22,23,13010KT,16,08
2013-09-23 00:00:00.000,2013,9,23,0,13012KT,15,08
2013-09-23 01:00:00.000,2013,9,23,1,08010KT,15,09
2013-09-23 02:00:00.000,2013,9,23,2,12008KT,14,08
2013-09-23 03:00:00.000,2013,9,23,3,09008KT,15,09
2013-09-23 04:00:00.000,2013,9,23,4,10005KT,14,08
2013-09-23 05:00:00.000,2013,9,23,5,10007KT,14,08
2013-09-23 06:00:00.000,2013,9,23,6,06006KT,13,09
2013-09-23 07:00:00.000,2013,9,23,7,10080KT,14,08
2013-09-23 08:00:00.000,2013,9,23,8,10008KT,14,08
2013-09-23 09:00:00.000,2013,9,23,9,14006KT,13,07
2013-09-23 10:00:00.000,2013,9,23,10,09004KT,13,07
2013-09-23 11:00:00.000,2013,9,23,11,06005KT,11,07
2013-09-23 12:00:00.000,2013,9,23,12,08005KT,13,09
2013-09-23 13:00:00.000,2013,9,23,13,10010KT,15,09
2013-09-23 14:00:00.000,2013,9,23,14,13012KT,17,09
2013-09-23 15:00:00.000,2013,9,23,15,13018KT,18,09
2013-09-23 16:00:00.000,2013,9,23,16,10015KT,17,09
2013-09-23 17:00:00.000,2013,9,23,17,13015KT,19,09
2013-09-23 18:00:00.000,2013,9,23,18,12010KT,18,08
2013-09-23 19:00:00.000,2013,9,23,19,12014KT,19,09
2013-09-23 20:00:00.000,2013,9,23,20,14016KT,18,09
2013-09-23 21:00:00.000,2013,9,23,21,11007KT,19,08
2013-09-23 22:00:00.000,2013,9,23,22,14012KT,19,07
2013-09-23 23:00:00.000,2013,9,23,23,12012KT,17,09
2013-09-24 00:00:00.000,2013,9,24,0,14008KT,15,08
2013-09-24 01:00:00.000,2013,9,24,1,13005KT,14,07
2013-09-24 02:00:00.000,2013,9,24,2,08003KT,15,08
2013-09-24 03:00:00.000,2013,9,24,3,07003KT,14,08
2013-09-24 04:00:00.000,2013,9,24,4,VRB02KT,15,08
2013-09-24 05:00:00.000,2013,9,24,5,05008KT,12,09
2013-09-24 06:00:00.000,2013,9,24,6,03007KT,11,09
2013-09-24 07:00:00.000,2013,9,24,7,03006KT,10,09
2013-09-24 08:00:00.000,2013,9,24,8,06008KT,11,09
2013-09-24 09:00:00.000,2013,9,24,9,03004KT,10,08
2013-09-24 10:00:00.000,2013,9,24,10,VRB02KT,11,08
2013-09-24 11:00:00.000,2013,9,24,11,05005KT,09,07
2013-09-24 12:00:00.000,2013,9,24,12,09008KT,14,08
2013-09-24 13:00:00.000,2013,9,24,13,10009KT,16,07
2013-09-24 14:00:00.000,2013,9,24,14,13015KT,16,07
2013-09-24 15:00:00.000,2013,9,24,15,11010KT,17,08
2013-09-24 16:00:00.000,2013,9,24,16,13015KT,18,07
2013-09-24 17:00:00.000,2013,9,24,17,12012KT,18,07
2013-09-24 18:00:00.000,2013,9,24,18,13018KT,17,08
2013-09-24 19:00:00.000,2013,9,24,19,16018KT,18,08
2013-09-24 20:00:00.000,2013,9,24,20,15008KT,19,07
2013-09-24 21:00:00.000,2013,9,24,21,17015KT,19,06
2013-09-24 22:00:00.000,2013,9,24,22,16016KT,17,06
2013-09-24 23:00:00.000,2013,9,24,23,15008KT,15,07
2013-09-25 00:00:00.000,2013,9,25,0,14007KT,12,06
2013-09-25 01:00:00.000,2013,9,25,1,13010KT,13,06
2013-09-25 02:00:00.000,2013,9,25,2,14010KT,14,06
2013-09-25 03:00:00.000,2013,9,25,3,14010KT,14,08
2013-09-25 04:00:00.000,2013,9,25,4,13010KT,14,08
2013-09-25 05:00:00.000,2013,9,25,5,14005KT,14,08
2013-09-25 06:00:00.000,2013,9,25,6,12008KT,13,07
2013-09-25 07:00:00.000,2013,9,25,7,17005KT,14,08
2013-09-25 08:00:00.000,2013,9,25,8,15005KT,12,08
2013-09-25 09:00:00.000,2013,9,25,9,VRB02KT,10,08
2013-09-25 10:00:00.000,2013,9,25,10,13005KT,12,07
2013-09-25 11:00:00.000,2013,9,25,11,05005KT,12,09
2013-09-25 12:00:00.000,2013,9,25,12,08008KT,14,09
2013-09-25 13:00:00.000,2013,9,25,13,16010KT,15,09
2013-09-25 14:00:00.000,2013,9,25,14,14010KT,17,09
2013-09-25 15:00:00.000,2013,9,25,15,12016KT,18,09
2013-09-25 16:00:00.000,2013,9,25,16,13016KT,19,08
2013-09-25 17:00:00.000,2013,9,25,17,18016KT,19,08
2013-09-25 18:00:00.000,2013,9,25,18,15013KT,19,07
2013-09-25 19:00:00.000,2013,9,25,19,14012KT,19,08
2013-09-25 20:00:00.000,2013,9,25,20,13012KT,19,08
2013-09-25 21:00:00.000,2013,9,25,21,12012KT,19,07
2013-09-25 22:00:00.000,2013,9,25,22,08004KT,18,09
2013-09-25 23:00:00.000,2013,9,25,23,13009KT,16,08
2013-09-26 00:00:00.000,2013,9,26,0,26004KT,15,08
2013-09-26 01:00:00.000,2013,9,26,1,33004KT,14,09
2013-09-26 02:00:00.000,2013,9,26,2,09005KT,15,09
2013-09-26 03:00:00.000,2013,9,26,3,09005KT,14,10
2013-09-26 04:00:00.000,2013,9,26,4,03004KT,14,10
2013-09-26 05:00:00.000,2013,9,26,5,08004KT,14,10
2013-09-26 06:00:00.000,2013,9,26,6,30005KT,12,09
2013-09-26 07:00:00.000,2013,9,26,7,30004KT,11,09
2013-09-26 09:00:00.000,2013,9,26,9,31004KT,11,08
2013-09-26 10:00:00.000,2013,9,26,10,31005KT,11,09
2013-09-26 11:00:00.000,2013,9,26,11,30004KT,11,09
2013-09-26 12:00:00.000,2013,9,26,12,06007KT,12,09
2013-09-26 13:00:00.000,2013,9,26,13,03005KT,14,09
2013-09-26 14:00:00.000,2013,9,26,14,12007KT,17,08
2013-09-26 15:00:00.000,2013,9,26,15,13009KT,18,07
2013-09-26 16:00:00.000,2013,9,26,16,15010KT,19,07
2013-09-26 17:00:00.000,2013,9,26,17,18011KT,20,07
2013-09-26 18:00:00.000,2013,9,26,18,09006KT,21,07
2013-09-26 19:00:00.000,2013,9,26,19,20010KT,18,10
2013-09-26 20:00:00.000,2013,9,26,20,12011KT,16,11
2013-09-26 21:00:00.000,2013,9,26,21,28008KT,16,11
2013-09-26 22:00:00.000,2013,9,26,22,35005KT,14,12
2013-09-26 23:00:00.000,2013,9,26,23,03006KT,13,12
2013-09-27 00:00:00.000,2013,9,27,0,36006KT,13,11
2013-09-27 01:00:00.000,2013,9,27,1,04005KT,13,11
2013-09-27 02:00:00.000,2013,9,27,2,03003KT,13,12
2013-09-27 03:00:00.000,2013,9,27,3,03003KT,13,12
2013-09-27 04:00:00.000,2013,9,27,4,02003KT,12,11
2013-09-27 05:00:00.000,2013,9,27,5,03003KT,12,11
2013-09-27 06:00:00.000,2013,9,27,6,VRB02KT,12,10
2013-09-27 07:00:00.000,2013,9,27,7,05005KT,11,10
2013-09-27 08:00:00.000,2013,9,27,8,04003KT,10,10
2013-09-27 09:00:00.000,2013,9,27,9,04006KT,10,09
2013-09-27 10:00:00.000,2013,9,27,10,06004KT,10,09
2013-09-27 11:00:00.000,2013,9,27,11,07004KT,11,09
2013-09-27 12:00:00.000,2013,9,27,12,05005KT,11,10
2013-09-27 13:00:00.000,2013,9,27,13,08011KT,15,09
2013-09-27 14:00:00.000,2013,9,27,14,08008KT,17,10
2013-09-27 15:00:00.000,2013,9,27,15,14006KT,19,09
2013-09-27 16:00:00.000,2013,9,27,16,11015KT,19,09
2013-09-27 17:00:00.000,2013,9,27,17,17013KT,19,08
2013-09-27 18:00:00.000,2013,9,27,18,15010KT,18,08
2013-09-27 19:00:00.000,2013,9,27,19,12010KT,19,08
2013-09-27 20:00:00.000,2013,9,27,20,11008KT,18,09
2013-09-27 21:00:00.000,2013,9,27,21,08011KT,17,09
2013-09-27 22:00:00.000,2013,9,27,22,14003KT,17,09
2013-09-27 23:00:00.000,2013,9,27,23,07003KT,16,09
2013-09-28 00:00:00.000,2013,9,28,0,06006KT,15,09
2013-09-28 01:00:00.000,2013,9,28,1,06004KT,13,09
2013-09-28 02:00:00.000,2013,9,28,2,10005KT,14,08
2013-09-28 03:00:00.000,2013,9,28,3,12005KT,14,08
2013-09-28 04:00:00.000,2013,9,28,4,06008KT,12,08
2013-09-28 05:00:00.000,2013,9,28,5,02007KT,12,08
2013-09-28 06:00:00.000,2013,9,28,6,06006KT,12,08
2013-09-28 07:00:00.000,2013,9,28,7,03007KT,11,08
2013-09-28 08:00:00.000,2013,9,28,8,05005KT,11,08
2013-09-28 09:00:00.000,2013,9,28,9,03003KT,11,08
2013-09-28 10:00:00.000,2013,9,28,10,04004KT,10,08
2013-09-28 11:00:00.000,2013,9,28,11,04004KT,11,08
2013-09-28 12:00:00.000,2013,9,28,12,05006KT,13,09
2013-09-28 13:00:00.000,2013,9,28,13,05005KT,14,09
2013-09-28 14:00:00.000,2013,9,28,14,04006KT,17,09
2013-09-28 15:00:00.000,2013,9,28,15,04004KT,19,09
2013-09-28 16:00:00.000,2013,9,28,16,08010KT,21,06
2013-09-28 17:00:00.000,2013,9,28,17,11008KT,21,07
2013-09-28 18:00:00.000,2013,9,28,18,10008KT,20,06
2013-09-28 19:00:00.000,2013,9,28,19,18010KT,19,07
2013-09-28 21:00:00.000,2013,9,28,21,08005KT,18,09
2013-09-28 22:00:00.000,2013,9,28,22,07003KT,17,11
2013-09-28 23:00:00.000,2013,9,28,23,28007KT,16,11
2013-09-29 00:00:00.000,2013,9,29,0,32003KT,15,11
2013-09-29 01:00:00.000,2013,9,29,1,26004KT,13,11
2013-09-29 02:00:00.000,2013,9,29,2,VRB02KT,13,11
2013-09-29 03:00:00.000,2013,9,29,3,VRB02KT,12,12
2013-09-29 04:00:00.000,2013,9,29,4,04007KT,13,10
2013-09-29 05:00:00.000,2013,9,29,5,03004KT,12,10
2013-09-29 06:00:00.000,2013,9,29,6,05007KT,11,09
2013-09-29 07:00:00.000,2013,9,29,7,05007KT,11,09
2013-09-29 08:00:00.000,2013,9,29,8,05008KT,11,09
2013-09-29 09:00:00.000,2013,9,29,9,05005KT,11,01
2013-09-29 10:00:00.000,2013,9,29,10,05004KT,11,09
2013-09-29 11:00:00.000,2013,9,29,11,03005KT,12,09
2013-09-29 12:00:00.000,2013,9,29,12,05010KT,12,09
2013-09-29 13:00:00.000,2013,9,29,13,05010KT,14,09
2013-09-29 14:00:00.000,2013,9,29,14,05010KT,16,08
2013-09-29 15:00:00.000,2013,9,29,15,12010KT,18,07
2013-09-29 16:00:00.000,2013,9,29,16,12015KT,18,07
2013-09-29 17:00:00.000,2013,9,29,17,15015KT,18,07
2013-09-29 18:00:00.000,2013,9,29,18,12012KT,18,07
2013-09-29 19:00:00.000,2013,9,29,19,13008KT,18,07
2013-09-29 20:00:00.000,2013,9,29,20,15006KT,20,08
2013-09-29 21:00:00.000,2013,9,29,21,18005KT,19,08
2013-09-29 22:00:00.000,2013,9,29,22,11005KT,17,08
2013-09-29 23:00:00.000,2013,9,29,23,09005KT,16,07
2013-09-30 00:00:00.000,2013,9,30,0,08008KT,16,08
2013-09-30 01:00:00.000,2013,9,30,1,13007KT,15,09
2013-09-30 02:00:00.000,2013,9,30,2,09007KT,14,08
2013-09-30 03:00:00.000,2013,9,30,3,VRB02KT,13,08
2013-09-30 04:00:00.000,2013,9,30,4,VRB02KT,13,08
2013-09-30 05:00:00.000,2013,9,30,5,03004KT,11,09
2013-09-30 06:00:00.000,2013,9,30,6,05006KT,12,10
2013-09-30 07:00:00.000,2013,9,30,7,09004KT,12,09
2013-09-30 08:00:00.000,2013,9,30,8,VRB02KT,12,09
2013-09-30 09:00:00.000,2013,9,30,9,05007KT,12,09
2013-09-30 10:00:00.000,2013,9,30,10,05009KT,11,09
2013-09-30 11:00:00.000,2013,9,30,11,05006KT,11,08
2013-09-30 12:00:00.000,2013,9,30,12,05004KT,13,09
2013-09-30 13:00:00.000,2013,9,30,13,06006KT,13,09
2013-09-30 14:00:00.000,2013,9,30,14,06007KT,16,09
2013-09-30 15:00:00.000,2013,9,30,15,09010KT,18,08
2013-09-30 16:00:00.000,2013,9,30,16,15010KT,19,08
2013-09-30 17:00:00.000,2013,9,30,17,09010KT,20,07
2013-09-30 18:00:00.000,2013,9,30,18,09010KT,20,04
2013-09-30 19:00:00.000,2013,9,30,19,13008KT,20,05
2013-09-30 20:00:00.000,2013,9,30,20,15010KT,20,06
2013-09-30 21:00:00.000,2013,9,30,21,13010KT,20,06
2013-09-30 22:00:00.000,2013,9,30,22,16005KT,19,05
2013-09-30 23:00:00.000,2013,9,30,23,VRB02KT,15,09
2013-10-01 00:00:00.000,2013,10,1,0,32003KT,14,11
2013-10-01 01:00:00.000,2013,10,1,1,35003KT,13,11
2013-10-01 02:00:00.000,2013,10,1,2,00000KT,12,11
2013-10-01 03:00:00.000,2013,10,1,3,00000KT,11,10
2013-10-01 04:00:00.000,2013,10,1,4,30004KT,09,08
2013-10-01 05:00:00.000,2013,10,1,5,VRB02KT,08,08
2013-10-01 06:00:00.000,2013,10,1,6,33004KT,07,06
2013-10-01 07:00:00.000,2013,10,1,7,VRB02KT,07,06
2013-10-01 08:00:00.000,2013,10,1,8,31003KT,08,07
2013-10-01 09:00:00.000,2013,10,1,9,03004KT,07,07
2013-10-01 10:00:00.000,2013,10,1,10,00000KT,07,06
2013-10-01 11:00:00.000,2013,10,1,11,35004KT,06,06
2013-10-01 12:00:00.000,2013,10,1,12,02003KT,09,08
2013-10-01 13:00:00.000,2013,10,1,13,31003KT,14,09
2013-10-01 14:00:00.000,2013,10,1,14,VRB02KT,17,10
2013-10-01 15:00:00.000,2013,10,1,15,VRB02KT,18,09
2013-10-01 16:00:00.000,2013,10,1,16,VRB02KT,18,08
2013-10-01 17:00:00.000,2013,10,1,17,27010KT,19,12
2013-10-01 18:00:00.000,2013,10,1,18,29006KT,20,09
2013-10-01 19:00:00.000,2013,10,1,19,28016KT,18,11
2013-10-01 20:00:00.000,2013,10,1,20,25012KT,18,11
2013-10-01 21:00:00.000,2013,10,1,21,22014KT,17,11
2013-10-01 21:40:00.000,2013,10,1,21,22010KT,15,12
2013-10-01 22:00:00.000,2013,10,1,22,24008KT,15,12
2013-10-01 22:18:00.000,2013,10,1,22,VRB02KT,14,12
2013-10-01 23:00:00.000,2013,10,1,23,09005KT,13,12
2013-10-01 23:30:00.000,2013,10,1,23,02005KT,13,12
2013-10-02 00:00:00.000,2013,10,2,0,04006KT,12,11
2013-10-02 01:00:00.000,2013,10,2,1,07004KT,12,10
2013-10-02 02:00:00.000,2013,10,2,2,04003KT,11,10
2013-10-02 03:00:00.000,2013,10,2,3,06006KT,11,11
2013-10-02 04:00:00.000,2013,10,2,4,07003KT,11,10
2013-10-02 05:00:00.000,2013,10,2,5,06006KT,10,10
2013-10-02 06:00:00.000,2013,10,2,6,34003KT,09,09
2013-10-02 07:00:00.000,2013,10,2,7,03005KT,09,09
2013-10-02 08:00:00.000,2013,10,2,8,VRB02KT,10,10
2013-10-02 09:00:00.000,2013,10,2,9,06004KT,10,10
2013-10-02 10:00:00.000,2013,10,2,10,07004KT,10,10
2013-10-02 10:30:00.000,2013,10,2,10,06004KT,11,10
2013-10-02 11:00:00.000,2013,10,2,11,05005KT,10,10
2013-10-02 12:00:00.000,2013,10,2,12,05005KT,12,10
2013-10-02 13:00:00.000,2013,10,2,13,05009KT,15,11
2013-10-02 14:00:00.000,2013,10,2,14,08006KT,17,11
2013-10-02 15:00:00.000,2013,10,2,15,12012KT,18,10
2013-10-02 16:00:00.000,2013,10,2,16,11010KT,19,08
2013-10-02 17:00:00.000,2013,10,2,17,10012KT,18,07
2013-10-02 18:00:00.000,2013,10,2,18,10010KT,18,08
2013-10-02 19:00:00.000,2013,10,2,19,10012KT,19,09
2013-10-02 20:00:00.000,2013,10,2,20,14016KT,18,09
2013-10-02 21:00:00.000,2013,10,2,21,17009KT,18,09
2013-10-02 22:00:00.000,2013,10,2,22,15006KT,16,08
2013-10-02 23:00:00.000,2013,10,2,23,08003KT,14,10
2013-10-03 00:00:00.000,2013,10,3,0,05004KT,14,08
2013-10-03 01:00:00.000,2013,10,3,1,VRB02KT,13,09
2013-10-03 02:00:00.000,2013,10,3,2,05005KT,12,09
2013-10-03 03:00:00.000,2013,10,3,3,06005KT,10,08
2013-10-03 04:00:00.000,2013,10,3,4,07004KT,10,09
2013-10-03 05:00:00.000,2013,10,3,5,06005KT,10,08
2013-10-03 06:00:00.000,2013,10,3,6,06003KT,09,08
2013-10-03 07:00:00.000,2013,10,3,7,03005KT,08,07
2013-10-03 08:00:00.000,2013,10,3,8,06009KT,09,08
2013-10-03 09:00:00.000,2013,10,3,9,08003KT,08,07
2013-10-03 10:00:00.000,2013,10,3,10,31003KT,09,08
2013-10-03 10:30:00.000,2013,10,3,10,31003KT,09,07
2013-10-03 11:00:00.000,2013,10,3,11,04004KT,08,07
2013-10-03 12:00:00.000,2013,10,3,12,06004KT,11,09
2013-10-03 12:45:00.000,2013,10,3,12,10004KT,14,10
2013-10-03 13:00:00.000,2013,10,3,13,10006KT,14,09
2013-10-03 14:00:00.000,2013,10,3,14,17008KT,16,11
2013-10-03 15:00:00.000,2013,10,3,15,14010KT,17,08
2013-10-03 16:00:00.000,2013,10,3,16,09008KT,18,09
2013-10-03 17:00:00.000,2013,10,3,17,14010KT,19,07
2013-10-03 18:00:00.000,2013,10,3,18,11008KT,16,10
2013-10-03 19:00:00.000,2013,10,3,19,07008KT,17,10
2013-10-03 20:00:00.000,2013,10,3,20,10008KT,18,10
2013-10-03 21:00:00.000,2013,10,3,21,12007KT,18,09
2013-10-03 22:00:00.000,2013,10,3,22,13012KT,18,09
2013-10-03 23:00:00.000,2013,10,3,23,12008KT,17,08
2013-10-04 00:00:00.000,2013,10,4,0,10005KT,14,09
2013-10-04 01:00:00.000,2013,10,4,1,05004KT,14,09
2013-10-04 02:00:00.000,2013,10,4,2,17010KT,15,10
2013-10-04 03:00:00.000,2013,10,4,3,17015KT,13,08
2013-10-04 04:00:00.000,2013,10,4,4,VRB02KT,12,10
2013-10-04 05:00:00.000,2013,10,4,5,VRB02KT,12,10
2013-10-04 06:00:00.000,2013,10,4,6,VRB02KT,11,10
2013-10-04 07:00:00.000,2013,10,4,7,VRB02KT,11,10
2013-10-04 11:00:00.000,2013,10,4,11,00000KT,10,09
2013-10-04 12:00:00.000,2013,10,4,12,05005KT,11,10
2013-10-04 13:00:00.000,2013,10,4,13,07004KT,13,10
2013-10-04 14:00:00.000,2013,10,4,14,VRB02KT,15,11
2013-10-04 15:00:00.000,2013,10,4,15,10008KT,17,09
2013-10-04 16:00:00.000,2013,10,4,16,14012KT,17,09
2013-10-04 17:00:00.000,2013,10,4,17,14012KT,18,09
2013-10-04 18:00:00.000,2013,10,4,18,16016KT,17,08
2013-10-04 19:00:00.000,2013,10,4,19,14012KT,17,09
2013-10-04 20:00:00.000,2013,10,4,20,11010KT,16,08
2013-10-04 20:25:00.000,2013,10,4,20,12012KT,15,08
2013-10-04 21:00:00.000,2013,10,4,21,12012KT,15,08
2013-10-04 22:00:00.000,2013,10,4,22,09009KT,14,08
2013-10-04 23:00:00.000,2013,10,4,23,10008KT,14,09
2013-10-05 00:00:00.000,2013,10,5,0,06003KT,13,10
2013-10-05 01:00:00.000,2013,10,5,1,06006KT,12,10
2013-10-05 02:00:00.000,2013,10,5,2,VRB02KT,12,10
2013-10-05 03:00:00.000,2013,10,5,3,04006KT,12,09
2013-10-05 04:00:00.000,2013,10,5,4,03005KT,11,09
2013-10-05 05:00:00.000,2013,10,5,5,04005KT,10,08
2013-10-05 06:00:00.000,2013,10,5,6,00000KT,10,09
2013-10-05 07:00:00.000,2013,10,5,7,07004KT,10,08
2013-10-05 08:00:00.000,2013,10,5,8,04003KT,09,08
2013-10-05 09:00:00.000,2013,10,5,9,02003KT,09,07
2013-10-05 10:00:00.000,2013,10,5,10,09003KT,08,07
2013-10-05 10:30:00.000,2013,10,5,10,03003KT,07,06
2013-10-05 11:00:00.000,2013,10,5,11,05005KT,07,06
2013-10-05 11:30:00.000,2013,10,5,11,06010KT,10,08
2013-10-05 12:00:00.000,2013,10,5,12,05008KT,11,09
2013-10-05 12:35:00.000,2013,10,5,12,06010KT,13,09
2013-10-05 13:00:00.000,2013,10,5,13,05010KT,14,09
2013-10-05 14:00:00.000,2013,10,5,14,07008KT,16,08
2013-10-05 15:00:00.000,2013,10,5,15,12016KT,18,07
2013-10-05 17:00:00.000,2013,10,5,17,16014KT,19,08
2013-10-05 18:00:00.000,2013,10,5,18,14016KT,19,06
2013-10-05 19:00:00.000,2013,10,5,19,13009KT,19,06
2013-10-05 20:00:00.000,2013,10,5,20,15016KT,19,06
2013-10-05 21:00:00.000,2013,10,5,21,14014KT,18,07
2013-10-05 22:00:00.000,2013,10,5,22,13008KT,17,06
2013-10-05 23:00:00.000,2013,10,5,23,09003KT,16,05
2013-10-06 00:00:00.000,2013,10,6,0,11008KT,15,07
2013-10-06 01:00:00.000,2013,10,6,1,13004KT,14,07
2013-10-06 02:00:00.000,2013,10,6,2,06003KT,11,07
2013-10-06 03:00:00.000,2013,10,6,3,03006KT,10,07
2013-10-06 04:00:00.000,2013,10,6,4,05003KT,09,07
2013-10-06 05:00:00.000,2013,10,6,5,06005KT,08,06
2013-10-06 06:00:00.000,2013,10,6,6,07006KT,10,07
2013-10-06 07:00:00.000,2013,10,6,7,05003KT,07,05
2013-10-06 08:00:00.000,2013,10,6,8,VRB02KT,06,05
2013-10-06 09:00:00.000,2013,10,6,9,05004KT,06,05
2013-10-06 10:00:00.000,2013,10,6,10,05007KT,06,05
2013-10-06 10:31:00.000,2013,10,6,10,06006KT,07,05
2013-10-06 11:00:00.000,2013,10,6,11,05007KT,07,05
2013-10-06 12:00:00.000,2013,10,6,12,04005KT,10,07
2013-10-06 13:00:00.000,2013,10,6,13,07008KT,13,06
2013-10-06 14:00:00.000,2013,10,6,14,1610KT,18,04
2013-10-06 15:00:00.000,2013,10,6,15,12015KT,19,05
2013-10-06 16:00:00.000,2013,10,6,16,13016KT,20,04
2013-10-06 17:00:00.000,2013,10,6,17,13012KT,18,06
2013-10-06 18:00:00.000,2013,10,6,18,12013KT,19,05
2013-10-06 19:00:00.000,2013,10,6,19,11011KT,19,05
2013-10-06 20:00:00.000,2013,10,6,20,11013KT,20,05
2013-10-06 21:00:00.000,2013,10,6,21,14011KT,20,05
2013-10-06 22:00:00.000,2013,10,6,22,12010KT,18,05
2013-10-06 23:00:00.000,2013,10,6,23,14008KT,16,06
2013-10-07 00:00:00.000,2013,10,7,0,15007KT,15,07
2013-10-07 01:00:00.000,2013,10,7,1,10003KT,14,06
2013-10-07 02:00:00.000,2013,10,7,2,VRB02KT,13,06
2013-10-07 03:00:00.000,2013,10,7,3,35003KT,09,05
2013-10-07 04:00:00.000,2013,10,7,4,09003KT,09,07
2013-10-07 05:00:00.000,2013,10,7,5,05003KT,09,07
2013-10-07 06:00:00.000,2013,10,7,6,33003KT,09,06
2013-10-07 07:00:00.000,2013,10,7,7,35003KT,09,07
2013-10-07 08:00:00.000,2013,10,7,8,34003KT,08,07
2013-10-07 09:00:00.000,2013,10,7,9,VRB02KT,07,06
2013-10-07 10:00:00.000,2013,10,7,10,35003KT,07,06
2013-10-07 10:30:00.000,2013,10,7,10,VRB02KT,06,05
2013-10-07 11:00:00.000,2013,10,7,11,VRB02KT,08,07
2013-10-07 12:00:00.000,2013,10,7,12,04003KT,09,07
2013-10-07 13:00:00.000,2013,10,7,13,06005KT,12,08
2013-10-07 13:10:00.000,2013,10,7,13,31004KT,14,11
2013-10-07 14:00:00.000,2013,10,7,14,32006KT,16,09
2013-10-07 15:00:00.000,2013,10,7,15,04006KT,17,08
2013-10-07 16:00:00.000,2013,10,7,16,09010KT,18,08
2013-10-07 17:00:00.000,2013,10,7,17,12012KT,18,09
2013-10-07 17:10:00.000,2013,10,7,17,14012KT,16,08
2013-10-07 18:00:00.000,2013,10,7,18,18003KT,16,10
2013-10-07 19:00:00.000,2013,10,7,19,17010KT,18,07
2013-10-07 20:00:00.000,2013,10,7,20,03011KT,16,09
2013-10-07 21:00:00.000,2013,10,7,21,01007KT,17,09
2013-10-07 22:00:00.000,2013,10,7,22,36003KT,17,08
2013-10-07 23:00:00.000,2013,10,7,23,19005KT,15,09
2013-10-08 00:00:00.000,2013,10,8,0,13008KT,14,07
2013-10-08 01:00:00.000,2013,10,8,1,16010KT,14,07
2013-10-08 02:00:00.000,2013,10,8,2,17003KT,13,08
2013-10-08 03:00:00.000,2013,10,8,3,03004KT,13,08
2013-10-08 04:00:00.000,2013,10,8,4,02006KT,12,09
2013-10-08 05:00:00.000,2013,10,8,5,02007KT,12,08
2013-10-08 06:00:00.000,2013,10,8,6,03005KT,12,08
2013-10-08 08:00:00.000,2013,10,8,8,VRB02KT,11,08
2013-10-08 09:00:00.000,2013,10,8,9,04003KT,10,08
2013-10-08 10:00:00.000,2013,10,8,10,04005KT,10,08
2013-10-08 10:30:00.000,2013,10,8,10,05006KT,09,08
2013-10-08 11:00:00.000,2013,10,8,11,VRB02KT,09,08
2013-10-08 12:00:00.000,2013,10,8,12,36003KT,11,09
2013-10-08 13:00:00.000,2013,10,8,13,07004KT,13,09
2013-10-08 14:00:00.000,2013,10,8,14,06006KT,15,11
2013-10-08 15:00:00.000,2013,10,8,15,15012KT,17,07
2013-10-08 16:00:00.000,2013,10,8,16,14014KT,18,10
2013-10-08 17:00:00.000,2013,10,8,17,14012KT,17,07
2013-10-08 18:00:00.000,2013,10,8,18,15012KT,17,07
2013-10-08 19:00:00.000,2013,10,8,19,15011KT,18,08
2013-10-08 20:00:00.000,2013,10,8,20,14013KT,18,07
2013-10-08 21:00:00.000,2013,10,8,21,12008KT,18,07
2013-10-08 22:00:00.000,2013,10,8,22,07012KT,17,09
2013-10-08 23:00:00.000,2013,10,8,23,13010KT,16,08
2013-10-09 00:00:00.000,2013,10,9,0,09007KT,15,08
2013-10-09 01:00:00.000,2013,10,9,1,11004KT,14,07
2013-10-09 02:00:00.000,2013,10,9,2,31004KT,12,09
2013-10-09 03:00:00.000,2013,10,9,3,33004KT,12,08
2013-10-09 04:00:00.000,2013,10,9,4,05005KT,11,08
2013-10-09 05:00:00.000,2013,10,9,5,07004KT,10,08
2013-10-09 06:00:00.000,2013,10,9,6,03003KT,09,08
2013-10-09 07:00:00.000,2013,10,9,7,00000KT,07,07
2013-10-09 08:00:00.000,2013,10,9,8,00000KT,06,05
2013-10-09 09:00:00.000,2013,10,9,9,00000KT,05,05
2013-10-09 10:00:00.000,2013,10,9,10,32003KT,04,04
2013-10-09 10:30:00.000,2013,10,9,10,00000KT,04,04
2013-10-09 11:00:00.000,2013,10,9,11,00000KT,04,04
2013-10-09 12:00:00.000,2013,10,9,12,07005KT,10,09
2013-10-09 13:00:00.000,2013,10,9,13,05005KT,13,08
2013-10-09 14:00:00.000,2013,10,9,14,07007KT,16,08
2013-10-09 15:00:00.000,2013,10,9,15,14007KT,18,06
2013-10-09 16:00:00.000,2013,10,9,16,10015KT,18,07
2013-10-09 17:00:00.000,2013,10,9,17,10016KT,17,07
2013-10-09 18:00:00.000,2013,10,9,18,12012KT,18,08
2013-10-09 19:00:00.000,2013,10,9,19,13008KT,17,07
2013-10-09 20:00:00.000,2013,10,9,20,14004KT,18,07
2013-10-09 21:00:00.000,2013,10,9,21,10011KT,18,07
2013-10-09 22:00:00.000,2013,10,9,22,13005KT,18,06
2013-10-09 23:00:00.000,2013,10,9,23,10004KT,16,07
2013-10-10 00:00:00.000,2013,10,10,0,12004KT,13,07
2013-10-10 01:00:00.000,2013,10,10,1,08003KT,14,07
2013-10-10 02:00:00.000,2013,10,10,2,25003KT,11,08
2013-10-10 03:00:00.000,2013,10,10,3,36003KT,12,08
2013-10-10 04:00:00.000,2013,10,10,4,00000KT,12,08
2013-10-10 05:00:00.000,2013,10,10,5,07003KT,12,08
2013-10-10 06:00:00.000,2013,10,10,6,VRB02KT,10,08
2013-10-10 07:00:00.000,2013,10,10,7,27004KT,09,08
2013-10-10 08:00:00.000,2013,10,10,8,06003KT,09,08
2013-10-10 09:00:00.000,2013,10,10,9,35003KT,09,07
2013-10-10 10:00:00.000,2013,10,10,10,00000KT,09,07
2013-10-10 10:30:00.000,2013,10,10,10,VRB02KT,09,08
2013-10-10 11:00:00.000,2013,10,10,11,VRB02KT,09,07
2013-10-10 12:00:00.000,2013,10,10,12,05004KT,11,09
2013-10-10 13:00:00.000,2013,10,10,13,07008KT,14,09
2013-10-10 14:00:00.000,2013,10,10,14,05008KT,16,08
2013-10-10 15:00:00.000,2013,10,10,15,06006KT,17,09
2013-10-10 16:00:00.000,2013,10,10,16,08006KT,18,07
2013-10-10 17:00:00.000,2013,10,10,17,03010KT,19,08
2013-10-10 18:00:00.000,2013,10,10,18,09006KT,20,08
2013-10-10 19:00:00.000,2013,10,10,19,04006KT,19,08
2013-10-10 20:00:00.000,2013,10,10,20,26006KT,19,10
2013-10-10 21:00:00.000,2013,10,10,21,22014KT,17,12
2013-10-10 22:00:00.000,2013,10,10,22,25006KT,17,12
2013-10-10 23:00:00.000,2013,10,10,23,26008KT,15,12
2013-10-11 00:00:00.000,2013,10,11,0,27005KT,14,11
2013-10-11 01:00:00.000,2013,10,11,1,23004KT,14,11
2013-10-11 01:15:00.000,2013,10,11,1,27004KT,14,11
2013-10-11 02:00:00.000,2013,10,11,2,31003KT,13,12
2013-10-11 03:00:00.000,2013,10,11,3,35005KT,12,11
2013-10-11 04:00:00.000,2013,10,11,4,VRB02KT,13,12
2013-10-11 05:00:00.000,2013,10,11,5,26005KT,12,11
2013-10-11 06:00:00.000,2013,10,11,6,31005KT,13,11
2013-10-11 07:00:00.000,2013,10,11,7,35004KT,12,11
2013-10-11 08:00:00.000,2013,10,11,8,00000KT,11,10
2013-10-11 09:00:00.000,2013,10,11,9,VRB02KT,10,09
2013-10-11 10:00:00.000,2013,10,11,10,34004KT,10,09
2013-10-11 11:00:00.000,2013,10,11,11,VRB02KT,09,08
2013-10-11 12:00:00.000,2013,10,11,12,00000KT,10,10
2013-10-11 13:00:00.000,2013,10,11,13,00000KT,12,10
2013-10-11 14:00:00.000,2013,10,11,14,05004KT,17,11
2013-10-11 15:00:00.000,2013,10,11,15,03004KT,17,11
2013-10-11 16:00:00.000,2013,10,11,16,VRB02KT,18,09
2013-10-11 17:00:00.000,2013,10,11,17,05006KT,19,10
2013-10-11 18:00:00.000,2013,10,11,18,31004KT,19,13
2013-10-11 19:00:00.000,2013,10,11,19,23010KT,18,13
2013-10-11 20:00:00.000,2013,10,11,20,27012KT,17,13
2013-10-11 21:00:00.000,2013,10,11,21,26010KT,18,12
2013-10-11 22:00:00.000,2013,10,11,22,24012KT,16,12
2013-10-11 23:00:00.000,2013,10,11,23,27012KT,15,12
2013-10-12 00:00:00.000,2013,10,12,0,26004KT,14,11
2013-10-12 01:00:00.000,2013,10,12,1,00000KT,13,11
2013-10-12 02:00:00.000,2013,10,12,2,32005KT,13,11
2013-10-12 03:00:00.000,2013,10,12,3,02003KT,13,11
2013-10-12 04:00:00.000,2013,10,12,4,31004KT,13,11
2013-10-12 05:00:00.000,2013,10,12,5,VRB02KT,12,11
2013-10-12 06:00:00.000,2013,10,12,6,VRB02KT,12,10
2013-10-12 07:00:00.000,2013,10,12,7,00000KT,12,11
2013-10-12 08:00:00.000,2013,10,12,8,06006KT,12,10
2013-10-12 09:00:00.000,2013,10,12,9,03003KT,12,10
2013-10-12 10:00:00.000,2013,10,12,10,00000KT,11,10
2013-10-12 10:30:00.000,2013,10,12,10,VRB02KT,11,10
2013-10-12 11:00:00.000,2013,10,12,11,00000KT,10,09
2013-10-12 12:00:00.000,2013,10,12,12,03003KT,13,10
2013-10-12 14:00:00.000,2013,10,12,14,34003KT,17,10
2013-10-12 15:00:00.000,2013,10,12,15,18006KT,18,09
2013-10-12 16:00:00.000,2013,10,12,16,12008KT,19,08
2013-10-12 17:00:00.000,2013,10,12,17,09007KT,19,07
2013-10-12 18:00:00.000,2013,10,12,18,22009KT,18,12
2013-10-12 19:00:00.000,2013,10,12,19,24007KT,18,11
2013-10-12 20:00:00.000,2013,10,12,20,27011KT,17,11
2013-10-12 21:00:00.000,2013,10,12,21,28009KT,17,12
2013-10-12 22:00:00.000,2013,10,12,22,26009KT,16,12
2013-10-12 23:00:00.000,2013,10,12,23,26008KT,15,11
2013-10-13 00:00:00.000,2013,10,13,0,28006KT,15,12
2013-10-13 01:00:00.000,2013,10,13,1,36003KT,14,11
2013-10-13 02:00:00.000,2013,10,13,2,36004KT,13,10
2013-10-13 03:00:00.000,2013,10,13,3,00000KT,12,10
2013-10-13 04:00:00.000,2013,10,13,4,00000KT,12,11
2013-10-13 05:00:00.000,2013,10,13,5,32004KT,12,11
2013-10-13 06:00:00.000,2013,10,13,6,36004KT,12,11
2013-10-13 07:00:00.000,2013,10,13,7,03003KT,12,11
2013-10-13 08:00:00.000,2013,10,13,8,04006KT,12,11
2013-10-13 09:00:00.000,2013,10,13,9,04006KT,12,10
2013-10-13 10:00:00.000,2013,10,13,10,06006KT,12,10
2013-10-13 10:30:00.000,2013,10,13,10,VRB02KT,11,10
2013-10-13 11:00:00.000,2013,10,13,11,VRB02KT,11,10
2013-10-13 12:00:00.000,2013,10,13,12,06008KT,12,10
2013-10-13 13:00:00.000,2013,10,13,13,VRB02KT,14,10
2013-10-13 14:00:00.000,2013,10,13,14,05008KT,15,10
2013-10-13 15:00:00.000,2013,10,13,15,06010KT,17,10
2013-10-13 16:00:00.000,2013,10,13,16,05010KT,19,10
2013-10-13 17:00:00.000,2013,10,13,17,13010KT,19,09
2013-10-13 18:00:00.000,2013,10,13,18,06010KT,17,09
2013-10-13 19:00:00.000,2013,10,13,19,13006KT,19,08
2013-10-13 20:00:00.000,2013,10,13,20,07006KT,19,09
2013-10-13 20:29:00.000,2013,10,13,20,25006G20KT,19,10
2013-10-13 21:00:00.000,2013,10,13,21,28010KT,18,11
2013-10-13 21:38:00.000,2013,10,13,21,32010G20KT,18,12
2013-10-13 22:00:00.000,2013,10,13,22,31010G20KT,17,12
2013-10-13 23:00:00.000,2013,10,13,23,22004KT,15,12
2013-10-14 00:00:00.000,2013,10,14,0,26004KT,14,13
2013-10-14 01:00:00.000,2013,10,14,1,28003KT,14,12
2013-10-14 02:00:00.000,2013,10,14,2,33003KT,13,11
2013-10-14 03:00:00.000,2013,10,14,3,VRB02KT,13,12
2013-10-14 04:00:00.000,2013,10,14,4,24006KT,13,12
2013-10-14 05:00:00.000,2013,10,14,5,35003KT,12,11
2013-10-14 06:00:00.000,2013,10,14,6,00000KT,12,11
2013-10-14 07:00:00.000,2013,10,14,7,VRB02KT,12,11
2013-10-14 08:00:00.000,2013,10,14,8,33003KT,11,10
2013-10-14 09:00:00.000,2013,10,14,9,33004KT,10,09
2013-10-14 10:00:00.000,2013,10,14,10,33003KT,10,10
2013-10-14 10:30:00.000,2013,10,14,10,35004KT,09,08
2013-10-14 11:00:00.000,2013,10,14,11,19003KT,09,09
2013-10-14 12:00:00.000,2013,10,14,12,05004KT,11,10
2013-10-14 13:00:00.000,2013,10,14,13,04007KT,13,11
2013-10-14 14:00:00.000,2013,10,14,14,05009KT,16,11
2013-10-14 15:00:00.000,2013,10,14,15,11007KT,17,10
2013-10-14 16:00:00.000,2013,10,14,16,10008KT,18,10
2013-10-14 17:00:00.000,2013,10,14,17,10010KT,16,09
2013-10-14 18:00:00.000,2013,10,14,18,09005KT,18,08
2013-10-14 19:00:00.000,2013,10,14,19,09007KT,18,07
2013-10-14 20:00:00.000,2013,10,14,20,25007KT,18,08
2013-10-14 21:00:00.000,2013,10,14,21,11004KT,16,09
2013-10-14 22:00:00.000,2013,10,14,22,23004KT,14,11
2013-10-14 23:00:00.000,2013,10,14,23,23003KT,14,11
2013-10-15 00:00:00.000,2013,10,15,0,35004KT,13,12
2013-10-15 01:00:00.000,2013,10,15,1,VRB02KT,12,11
2013-10-15 02:00:00.000,2013,10,15,2,VRB02KT,12,10
2013-10-15 03:00:00.000,2013,10,15,3,VRB02KT,12,08
2013-10-15 04:00:00.000,2013,10,15,4,VRB02KT,12,09
2013-10-15 05:00:00.000,2013,10,15,5,35004KT,10,08
2013-10-15 06:00:00.000,2013,10,15,6,05004KT,11,08
2013-10-15 07:00:00.000,2013,10,15,7,07004KT,10,08
2013-10-15 08:00:00.000,2013,10,15,8,05004KT,09,09
2013-10-15 08:00:00.000,2013,10,15,8,05004KT,09,09
2013-10-15 09:00:00.000,2013,10,15,9,VRB02KT,07,07
2013-10-15 10:00:00.000,2013,10,15,10,06004KT,07,07
2013-10-15 10:30:00.000,2013,10,15,10,VRB02KT,08,08
2013-10-15 11:00:00.000,2013,10,15,11,VRB02KT,09,09
2013-10-15 12:00:00.000,2013,10,15,12,04005KT,12,09
2013-10-15 13:00:00.000,2013,10,15,13,03006KT,13,10
2013-10-15 14:00:00.000,2013,10,15,14,09006KT,14,07
2013-10-15 15:00:00.000,2013,10,15,15,08009KT,14,09
2013-10-15 16:00:00.000,2013,10,15,16,06008KT,16,09
2013-10-15 17:00:00.000,2013,10,15,17,06010KT,16,09
2013-10-15 18:00:00.000,2013,10,15,18,16010KT,18,06
2013-10-15 19:00:00.000,2013,10,15,19,12006KT,19,07
2013-10-15 20:00:00.000,2013,10,15,20,14007KT,18,06
2013-10-15 21:00:00.000,2013,10,15,21,10005KT,18,06
2013-10-15 22:00:00.000,2013,10,15,22,13004KT,18,07
2013-10-15 23:00:00.000,2013,10,15,23,23006KT,16,10
2013-10-16 00:00:00.000,2013,10,16,0,36003KT,14,10
2013-10-16 01:00:00.000,2013,10,16,1,32005KT,12,09
2013-10-16 02:00:00.000,2013,10,16,2,VRB02KT,11,08
2013-10-16 03:00:00.000,2013,10,16,3,VRB02KT,10,07
2013-10-16 04:00:00.000,2013,10,16,4,04004KT,09,08
2013-10-16 05:00:00.000,2013,10,16,5,04004KT,10,09
2013-10-16 06:00:00.000,2013,10,16,6,33004KT,10,08
2013-10-16 07:00:00.000,2013,10,16,7,33004KT,09,08
2013-10-16 08:00:00.000,2013,10,16,8,VRB02KT,08,07
2013-10-16 09:00:00.000,2013,10,16,9,VRB02KT,09,08
2013-10-16 10:00:00.000,2013,10,16,10,VRB02KT,08,06
2013-10-16 10:30:00.000,2013,10,16,10,03004KT,07,06
2013-10-16 11:00:00.000,2013,10,16,11,VRB02KT,08,07
2013-10-16 12:00:00.000,2013,10,16,12,34004KT,10,08
2013-10-16 13:00:00.000,2013,10,16,13,05004KT,14,10
2013-10-16 14:00:00.000,2013,10,16,14,36005KT,17,08
2013-10-16 15:00:00.000,2013,10,16,15,30004KT,17,09
2013-10-16 16:00:00.000,2013,10,16,16,09003KT,18,09
2013-10-16 17:00:00.000,2013,10,16,17,23009KT,16,11
2013-10-16 18:00:00.000,2013,10,16,18,30012KT,15,12
2013-10-16 19:00:00.000,2013,10,16,19,28010KT,14,12
2013-10-16 20:00:00.000,2013,10,16,20,26009KT,14,12
2013-10-16 21:00:00.000,2013,10,16,21,29008KT,13,12
2013-10-16 22:00:00.000,2013,10,16,22,28005KT,12,11
2013-10-17 00:00:00.000,2013,10,17,0,VRB02KT,12,11
2013-10-17 01:00:00.000,2013,10,17,1,VRB02KT,12,11
2013-10-17 02:00:00.000,2013,10,17,2,VRB02KT,11,11
2013-10-17 03:00:00.000,2013,10,17,3,VRB02KT,11,11
2013-10-17 04:00:00.000,2013,10,17,4,22003KT,12,11
2013-10-17 05:00:00.000,2013,10,17,5,17006KT,12,11
2013-10-17 06:00:00.000,2013,10,17,6,17005KT,11,09
2013-10-17 07:00:00.000,2013,10,17,7,03004KT,11,09
2013-10-17 08:00:00.000,2013,10,17,8,VRB02KT,11,10
2013-10-17 09:00:00.000,2013,10,17,9,VRB02KT,10,10
2013-10-17 10:00:00.000,2013,10,17,10,VRB02KT,10,10
2013-10-17 10:30:00.000,2013,10,17,10,VRB02KT,10,10
2013-10-17 11:00:00.000,2013,10,17,11,VRB02KT,10,10
2013-10-17 12:00:00.000,2013,10,17,12,05006KT,11,10
2013-10-17 13:00:00.000,2013,10,17,13,04004KT,13,10
2013-10-17 14:00:00.000,2013,10,17,14,26004KT,15,09
2013-10-17 15:00:00.000,2013,10,17,15,04004KT,17,09
2013-10-17 16:00:00.000,2013,10,17,16,08004KT,17,10
2013-10-17 17:00:00.000,2013,10,17,17,13012KT,18,07
2013-10-17 18:00:00.000,2013,10,17,18,15014KT,18,07
2013-10-17 19:00:00.000,2013,10,17,19,16015KT,19,07
2013-10-17 20:00:00.000,2013,10,17,20,15014T,18,06
2013-10-17 21:00:00.000,2013,10,17,21,16016KT,18,06
2013-10-17 22:00:00.000,2013,10,17,22,17015KT,18,05
2013-10-17 23:00:00.000,2013,10,17,23,16010KT,16,06
2013-10-18 00:00:00.000,2013,10,18,0,17010KT,15,06
2013-10-18 01:00:00.000,2013,10,18,1,16008KT,14,06
2013-10-18 02:00:00.000,2013,10,18,2,09006KT,10,06
2013-10-18 03:00:00.000,2013,10,18,3,06005KT,10,08
2013-10-18 04:00:00.000,2013,10,18,4,05004KT,10,08
2013-10-18 05:00:00.000,2013,10,18,5,VRB02KT,10,08
2013-10-18 06:00:00.000,2013,10,18,6,VRB02KT,10,08
2013-10-18 07:00:00.000,2013,10,18,7,VRB02KT,09,08
2013-10-18 08:00:00.000,2013,10,18,8,VRB02KT,09,08
2013-10-18 09:00:00.000,2013,10,18,9,VRB02KT,07,06
2013-10-18 10:00:00.000,2013,10,18,10,VRB02KT,06,05
2013-10-18 10:30:00.000,2013,10,18,10,00000KT,07,07
2013-10-18 11:00:00.000,2013,10,18,11,00000KT,06,05
2013-10-18 12:00:00.000,2013,10,18,12,VRB02KT,09,08
2013-10-18 13:00:00.000,2013,10,18,13,03004KT,12,09
2013-10-18 14:00:00.000,2013,10,18,14,VRB02KT,16,08
2013-10-18 15:00:00.000,2013,10,18,15,01004KT,17,06
2013-10-18 16:00:00.000,2013,10,18,16,33005KT,19,07
2013-10-18 17:00:00.000,2013,10,18,17,32003KT,20,06
2013-10-18 18:00:00.000,2013,10,18,18,26012KT,20,11
2013-10-18 19:00:00.000,2013,10,18,19,25014KT,19,11
2013-10-18 19:10:00.000,2013,10,18,19,24012KT,19,11
2013-10-18 20:00:00.000,2013,10,18,20,30010KT,17,09
2013-10-18 21:00:00.000,2013,10,18,21,28010KT,17,10
2013-10-18 22:00:00.000,2013,10,18,22,30004KT,16,10
2013-10-18 23:00:00.000,2013,10,18,23,36004KT,15,10
2013-10-19 00:00:00.000,2013,10,19,0,32004KT,14,10
2013-10-19 01:00:00.000,2013,10,19,1,36004KT,14,10
2013-10-19 02:00:00.000,2013,10,19,2,VRB02KT,11,09
2013-10-19 03:00:00.000,2013,10,19,3,04007KT,10,08
2013-10-19 04:00:00.000,2013,10,19,4,06006KT,11,08
2013-10-19 05:00:00.000,2013,10,19,5,03006KT,11,08
2013-10-19 06:00:00.000,2013,10,19,6,03004KT,09,07
2013-10-19 07:00:00.000,2013,10,19,7,VRB02KT,08,07
2013-10-19 08:00:00.000,2013,10,19,8,VRB02KT,05,05
2013-10-19 09:00:00.000,2013,10,19,9,VRB02KT,05,05
2013-10-19 10:00:00.000,2013,10,19,10,00000KT,05,05
2013-10-19 10:30:00.000,2013,10,19,10,00000KT,05,04
2013-10-19 11:00:00.000,2013,10,19,11,05004KT,05,04
2013-10-19 11:25:00.000,2013,10,19,11,03005KT,06,06
2013-10-19 12:00:00.000,2013,10,19,12,03004KT,07,07
2013-10-19 12:21:00.000,2013,10,19,12,06004KT,09,08
2013-10-19 13:00:00.000,2013,10,19,13,03005KT,10,09
2013-10-19 13:25:00.000,2013,10,19,13,03004KT,12,09
2013-10-19 14:00:00.000,2013,10,19,14,05004KT,14,09
2013-10-19 14:10:00.000,2013,10,19,14,06006KT,16,09
2013-10-19 15:00:00.000,2013,10,19,15,16006KT,19,08
2013-10-19 16:00:00.000,2013,10,19,16,12010KT,20,08
2013-10-19 17:00:00.000,2013,10,19,17,11011KT,21,03
2013-10-19 18:00:00.000,2013,10,19,18,12011KT,22,05
2013-10-19 19:00:00.000,2013,10,19,19,05006KT,20,02
2013-10-19 20:00:00.000,2013,10,19,20,29005KT,20,07
2013-10-19 21:00:00.000,2013,10,19,21,24009KT,17,09
2013-10-19 22:00:00.000,2013,10,19,22,23009KT,16,11
2013-10-19 23:00:00.000,2013,10,19,23,25006KT,15,11
2013-10-20 00:00:00.000,2013,10,20,0,VRB02KT,12,12
2013-10-20 01:00:00.000,2013,10,20,1,VRB02KT,13,12
2013-10-20 02:00:00.000,2013,10,20,2,VRB02KT,13,10
2013-10-20 03:00:00.000,2013,10,20,3,34004KT,10,10
2013-10-20 04:00:00.000,2013,10,20,4,VRB02KT,10,09
2013-10-20 05:00:00.000,2013,10,20,5,VRB02KT,08,08
2013-10-20 06:00:00.000,2013,10,20,6,VRB02KT,07,07
2013-10-20 07:00:00.000,2013,10,20,7,300004KT,06,06
2013-10-20 08:00:00.000,2013,10,20,8,VRB02KT,06,06
2013-10-20 08:40:00.000,2013,10,20,8,31004KT,04,04
2013-10-20 10:00:00.000,2013,10,20,10,VRB02KT,05,05
2013-10-20 10:30:00.000,2013,10,20,10,35004KT,05,05
2013-10-20 11:00:00.000,2013,10,20,11,VRB02KT,05,05
2013-10-20 12:00:00.000,2013,10,20,12,VRB02KT,07,07
2013-10-20 12:30:00.000,2013,10,20,12,VRB02KT,08,08
2013-10-20 13:00:00.000,2013,10,20,13,00000KT,11,10
2013-10-20 13:00:00.000,2013,10,20,13,00000KT,11,10
2013-10-20 13:27:00.000,2013,10,20,13,VRB02KT,12,11
2013-10-20 14:00:00.000,2013,10,20,14,VRB02KT,15,11
2013-10-20 15:00:00.000,2013,10,20,15,00000KT,17,09
2013-10-20 16:00:00.000,2013,10,20,16,36004KT,19,08
2013-10-20 17:00:00.000,2013,10,20,17,10005KT,19,07
2013-10-20 18:00:00.000,2013,10,20,18,25009KT,20,10
2013-10-20 19:00:00.000,2013,10,20,19,24004KT,19,08
2013-10-20 20:00:00.000,2013,10,20,20,25010KT,17,11
2013-10-20 21:00:00.000,2013,10,20,21,27006KT,17,11
2013-10-20 22:00:00.000,2013,10,20,22,27005KT,16,11
2013-10-20 23:00:00.000,2013,10,20,23,23005KT,15,10
2013-10-21 00:00:00.000,2013,10,21,0,VRB02KT,14,11
2013-10-21 01:00:00.000,2013,10,21,1,35005KT,14,12
2013-10-21 02:00:00.000,2013,10,21,2,VRB02KT,14,12
2013-10-21 03:00:00.000,2013,10,21,3,02003KT,12,11
2013-10-21 04:00:00.000,2013,10,21,4,03004KT,11,10
2013-10-21 05:00:00.000,2013,10,21,5,00000KT,11,10
2013-10-21 06:00:00.000,2013,10,21,6,04003KT,10,09
2013-10-21 07:00:00.000,2013,10,21,7,00000KT,09,08
2013-10-21 08:00:00.000,2013,10,21,8,VRB02KT,09,08
2013-10-21 09:00:00.000,2013,10,21,9,00000KT,09,08
2013-10-21 10:00:00.000,2013,10,21,10,36004KT,08,08
2013-10-21 10:31:00.000,2013,10,21,10,04003KT,08,07
2013-10-21 11:00:00.000,2013,10,21,11,02003KT,08,08
2013-10-21 12:00:00.000,2013,10,21,12,03008KT,12,10
2013-10-21 13:00:00.000,2013,10,21,13,06010KT,15,11
2013-10-21 14:00:00.000,2013,10,21,14,04010KT,16,10
2013-10-21 15:00:00.000,2013,10,21,15,12010KT,18,09
2013-10-21 16:00:00.000,2013,10,21,16,13010KT,20,07
2013-10-21 17:00:00.000,2013,10,21,17,18012KT,19,06
2013-10-21 18:00:00.000,2013,10,21,18,07010KT,19,08
2013-10-21 19:00:00.000,2013,10,21,19,07010KT,19,08
2013-10-21 20:00:00.000,2013,10,21,20,VRB02KT,19,07
2013-10-21 21:00:00.000,2013,10,21,21,VRB02KT,19,08
2013-10-21 22:00:00.000,2013,10,21,22,14008KT,18,06
2013-10-21 23:00:00.000,2013,10,21,23,13012KT,17,09
2013-10-22 00:00:00.000,2013,10,22,0,VRB02KT,14,10
2013-10-22 01:00:00.000,2013,10,22,1,VRB02KT,14,10
2013-10-22 02:00:00.000,2013,10,22,2,07005KT,14,10
2013-10-22 03:00:00.000,2013,10,22,3,06003KT,13,11
2013-10-22 04:00:00.000,2013,10,22,4,05005KT,12,11
2013-10-22 05:00:00.000,2013,10,22,5,06005KT,12,11
2013-10-22 06:00:00.000,2013,10,22,6,05005KT,12,10
2013-10-22 07:00:00.000,2013,10,22,7,03004KT,12,10
2013-10-22 08:00:00.000,2013,10,22,8,05005KT,11,10
2013-10-22 09:00:00.000,2013,10,22,9,03004KT,12,10
2013-10-22 10:00:00.000,2013,10,22,10,05005KT,12,10
2013-10-22 10:30:00.000,2013,10,22,10,05006KT,12,10
2013-10-22 11:00:00.000,2013,10,22,11,05005KT,12,10
2013-10-22 12:00:00.000,2013,10,22,12,05005KT,13,10
2013-10-22 13:00:00.000,2013,10,22,13,04008KT,15,10
2013-10-22 14:00:00.000,2013,10,22,14,08008KT,17,10
2013-10-22 15:00:00.000,2013,10,22,15,04008KT,17,09
2013-10-22 16:00:00.000,2013,10,22,16,10008KT,18,08
2013-10-22 17:00:00.000,2013,10,22,17,18008KT,18,11
2013-10-22 17:24:00.000,2013,10,22,17,08009KT,18,09
2013-10-22 18:00:00.000,2013,10,22,18,03004KT,19,09
2013-10-22 18:05:00.000,2013,10,22,18,35004KT,19,09
2013-10-22 18:26:00.000,2013,10,22,18,31003KT,15,11
2013-10-22 19:00:00.000,2013,10,22,19,27010KT,15,13
2013-10-22 20:00:00.000,2013,10,22,20,28014KT,17,12
2013-10-22 21:00:00.000,2013,10,22,21,26011KT,15,11
2013-10-22 22:00:00.000,2013,10,22,22,27007KT,15,11
2013-10-22 23:00:00.000,2013,10,22,23,29004KT,14,11
2013-10-23 00:00:00.000,2013,10,23,0,25004KT,13,12
2013-10-23 01:00:00.000,2013,10,23,1,VRB02KT,13,12
2013-10-23 02:00:00.000,2013,10,23,2,VRB02KT,13,12
2013-10-23 02:20:00.000,2013,10,23,2,VRB02KT,12,11
2013-10-23 03:00:00.000,2013,10,23,3,34004KT,12,11
2013-10-23 04:00:00.000,2013,10,23,4,VRB02KT,12,11
2013-10-23 05:00:00.000,2013,10,23,5,VRB02KT,10,10
2013-10-23 06:00:00.000,2013,10,23,6,08004KT,10,10
2013-10-23 07:00:00.000,2013,10,23,7,04006KT,11,11
2013-10-23 08:00:00.000,2013,10,23,8,31004KT,10,10
2013-10-23 09:00:00.000,2013,10,23,9,VRB02KT,10,10
2013-10-23 10:00:00.000,2013,10,23,10,VRB02KT,07,07
2013-10-23 10:30:00.000,2013,10,23,10,VRB02KT,07,07
2013-10-23 11:00:00.000,2013,10,23,11,VRB02KT,07,07
2013-10-23 12:00:00.000,2013,10,23,12,VRB02KT,07,07
2013-10-23 13:00:00.000,2013,10,23,13,06004KT,14,11
2013-10-23 14:00:00.000,2013,10,23,14,07005KT,17,09
2013-10-23 15:00:00.000,2013,10,23,15,15003KT,18,09
2013-10-23 16:00:00.000,2013,10,23,16,33003KT,18,08
2013-10-23 17:00:00.000,2013,10,23,17,27010KT,19,11
2013-10-23 18:00:00.000,2013,10,23,18,25010KT,17,12
2013-10-23 18:33:00.000,2013,10,23,18,24010KT,17,12
2013-10-23 19:00:00.000,2013,10,23,19,24010KT,18,12
2013-10-23 20:00:00.000,2013,10,23,20,20008KT,16,12
2013-10-23 21:00:00.000,2013,10,23,21,22003KT,15,13
2013-10-23 21:30:00.000,2013,10,23,21,VRB02KT,15,13
2013-10-23 22:00:00.000,2013,10,23,22,04004KT,14,12
2013-10-23 23:00:00.000,2013,10,23,23,VRB02KT,13,12
2013-10-24 00:00:00.000,2013,10,24,0,02004KT,13,12
2013-10-24 00:00:00.000,2013,10,24,0,02004KT,13,12
2013-10-24 01:00:00.000,2013,10,24,1,04007KT,13,11
2013-10-24 02:00:00.000,2013,10,24,2,05007KT,13,11
2013-10-24 03:00:00.000,2013,10,24,3,04004KT,12,10
2013-10-24 04:00:00.000,2013,10,24,4,05005KT,11,10
2013-10-24 05:00:00.000,2013,10,24,5,04003KT,10,09
2013-10-24 06:00:00.000,2013,10,24,6,06007KT,10,09
2013-10-24 07:00:00.000,2013,10,24,7,03005KT,10,09
2013-10-24 08:00:00.000,2013,10,24,8,07003KT,11,09
2013-10-24 09:00:00.000,2013,10,24,9,28003KT,09,08
2013-10-24 10:00:00.000,2013,10,24,10,07003KT,10,09
2013-10-24 10:30:00.000,2013,10,24,10,VRB02KT,11,09
2013-10-24 11:00:00.000,2013,10,24,11,05004KT,10,09
2013-10-24 12:00:00.000,2013,10,24,12,06004KT,12,10
2013-10-24 13:00:00.000,2013,10,24,13,05006KT,14,10
2013-10-24 14:00:00.000,2013,10,24,14,12004KT,18,09
2013-10-24 15:00:00.000,2013,10,24,15,12013KT,17,09
2013-10-24 16:00:00.000,2013,10,24,16,10012KT,18,09
2013-10-24 17:00:00.000,2013,10,24,17,13012KT,18,10
2013-10-24 18:00:00.000,2013,10,24,18,12010KT,18,09
2013-10-24 19:00:00.000,2013,10,24,19,19010KT,19,10
2013-10-24 20:00:00.000,2013,10,24,20,14018KT,19,11
2013-10-24 21:00:00.000,2013,10,24,21,15014KT,17,10
2013-10-24 22:00:00.000,2013,10,24,22,15010KT,17,10
2013-10-24 23:00:00.000,2013,10,24,23,15012KT,15,10
2013-10-25 00:00:00.000,2013,10,25,0,08006KT,15,10
2013-10-25 02:00:00.000,2013,10,25,2,07008KT,14,09
2013-10-25 03:00:00.000,2013,10,25,3,08005KT,12,09
2013-10-25 04:00:00.000,2013,10,25,4,35004KT,12,09
2013-10-25 05:00:00.000,2013,10,25,5,03003KT,11,08
2013-10-25 06:00:00.000,2013,10,25,6,03005KT,10,08
2013-10-25 07:00:00.000,2013,10,25,7,07004KT,10,08
2013-10-25 08:00:00.000,2013,10,25,8,06006KT,09,07
2013-10-25 09:00:00.000,2013,10,25,9,06007KT,09,07
2013-10-25 10:00:00.000,2013,10,25,10,05004KT,08,07
2013-10-25 10:30:00.000,2013,10,25,10,05007KT,09,07
2013-10-25 11:00:00.000,2013,10,25,11,06007KT,08,07
2013-10-25 12:00:00.000,2013,10,25,12,08005KT,11,08
2013-10-25 13:00:00.000,2013,10,25,13,15005KT,15,07
2013-10-25 14:00:00.000,2013,10,25,14,11008KT,17,05
2013-10-25 15:00:00.000,2013,10,25,15,12010KT,18,06
2013-10-25 16:00:00.000,2013,10,25,16,10010KT,18,07
2013-10-25 17:00:00.000,2013,10,25,17,13012KT,19,08
2013-10-25 18:00:00.000,2013,10,25,18,14010KT,18,08
2013-10-25 19:00:00.000,2013,10,25,19,15010KT,18,08
2013-10-25 20:00:00.000,2013,10,25,20,19010KT,19,08
2013-10-25 21:00:00.000,2013,10,25,21,15010KT,19,08
2013-10-25 22:00:00.000,2013,10,25,22,14015KT,18,08
2013-10-25 23:00:00.000,2013,10,25,23,13015KT,16,08
2013-10-26 00:00:00.000,2013,10,26,0,12008KT,14,07
2013-10-26 01:00:00.000,2013,10,26,1,09006KT,14,08
2013-10-26 02:00:00.000,2013,10,26,2,05004KT,12,06
2013-10-26 03:00:00.000,2013,10,26,3,VRB02KT,11,07
2013-10-26 04:00:00.000,2013,10,26,4,VRB02KT,10,06
2013-10-26 05:00:00.000,2013,10,26,5,02004KT,07,05
2013-10-26 06:00:00.000,2013,10,26,6,31003KT,07,05
2013-10-26 07:00:00.000,2013,10,26,7,VRB02KT,07,06
2013-10-26 08:00:00.000,2013,10,26,8,01003KT,05,04
2013-10-26 09:00:00.000,2013,10,26,9,32003KT,04,04
2013-10-26 10:00:00.000,2013,10,26,10,03004KT,04,03
2013-10-26 10:27:00.000,2013,10,26,10,03003KT,05,04
2013-10-26 11:00:00.000,2013,10,26,11,35003KT,05,04
2013-10-26 12:00:00.000,2013,10,26,12,VRB02KT,08,07
2013-10-26 13:00:00.000,2013,10,26,13,02006KT,12,08
2013-10-26 14:00:00.000,2013,10,26,14,35003KT,15,08
2013-10-26 15:00:00.000,2013,10,26,15,34006KT,17,07
2013-10-26 16:00:00.000,2013,10,26,16,19006KT,17,08
2013-10-26 17:00:00.000,2013,10,26,17,12008KT,18,08
2013-10-26 18:00:00.000,2013,10,26,18,06005KT,18,07
2013-10-26 19:00:00.000,2013,10,26,19,18005KT,19,06
2013-10-26 20:00:00.000,2013,10,26,20,15010KT,19,07
2013-10-26 21:00:00.000,2013,10,26,21,09008KT,19,07
2013-10-26 23:00:00.000,2013,10,26,23,24009KT,15,11
2013-10-27 00:00:00.000,2013,10,27,0,22004KT,14,11
2013-10-27 01:00:00.000,2013,10,27,1,VRB02KT,12,11
2013-10-27 02:00:00.000,2013,10,27,2,36003KT,11,09
2013-10-27 03:00:00.000,2013,10,27,3,05003KT,11,10
2013-10-27 04:00:00.000,2013,10,27,4,04005KT,10,09
2013-10-27 05:00:00.000,2013,10,27,5,04004KT,09,08
2013-10-27 06:00:00.000,2013,10,27,6,VRB02KT,08,07
2013-10-27 08:00:00.000,2013,10,27,8,00000KT,06,05
2013-10-27 09:00:00.000,2013,10,27,9,VRB02KT,05,04
2013-10-27 10:00:00.000,2013,10,27,10,03003KT,05,04
2013-10-27 10:30:00.000,2013,10,27,10,03006KT,05,04
2013-10-27 11:00:00.000,2013,10,27,11,31004KT,06,05
2013-10-27 11:30:00.000,2013,10,27,11,31004KT,04,04
2013-10-27 12:00:00.000,2013,10,27,12,36003KT,07,06
2013-10-27 12:30:00.000,2013,10,27,12,03006KT,08,07
2013-10-27 13:00:00.000,2013,10,27,13,06007KT,10,09
2013-10-27 14:00:00.000,2013,10,27,14,06007KT,16,08
2013-10-27 15:00:00.000,2013,10,27,15,05004KT,17,07
2013-10-27 16:00:00.000,2013,10,27,16,34003KT,18,07
2013-10-27 17:00:00.000,2013,10,27,17,35004KT,19,07
2013-10-27 18:00:00.000,2013,10,27,18,35005KT,19,06
2013-10-27 19:00:00.000,2013,10,27,19,33003KT,19,07
2013-10-27 20:00:00.000,2013,10,27,20,28010KT,19,10
2013-10-27 21:00:00.000,2013,10,27,21,27010KT,19,11
2013-10-27 22:00:00.000,2013,10,27,22,28010KT,17,11
2013-10-27 23:00:00.000,2013,10,27,23,25005KT,14,11
2013-10-28 00:00:00.000,2013,10,28,0,26004KT,14,10
2013-10-28 01:00:00.000,2013,10,28,1,32003KT,12,10
2013-10-28 02:00:00.000,2013,10,28,2,20003KT,12,10
2013-10-28 03:00:00.000,2013,10,28,3,27003KT,12,11
2013-10-28 04:00:00.000,2013,10,28,4,VRB02KT,10,09
2013-10-28 05:00:00.000,2013,10,28,5,VRB02KT,11,10
2013-10-28 06:00:00.000,2013,10,28,6,27003KT,12,11
2013-10-28 07:00:00.000,2013,10,28,7,27003KT,12,11
2013-10-28 08:00:00.000,2013,10,28,8,VRB02KT,12,11
2013-10-28 09:00:00.000,2013,10,28,9,00000KT,11,10
2013-10-28 10:00:00.000,2013,10,28,10,VRB02KT,11,10
2013-10-28 10:30:00.000,2013,10,28,10,31003KT,10,10
2013-10-28 11:00:00.000,2013,10,28,11,00000KT,10,09
2013-10-28 11:40:00.000,2013,10,28,11,VRB02KT,11,10
2013-10-28 12:00:00.000,2013,10,28,12,34003KT,11,10
2013-10-28 13:00:00.000,2013,10,28,13,00000KT,14,11
2013-10-28 13:38:00.000,2013,10,28,13,29003KT,17,10
2013-10-28 14:00:00.000,2013,10,28,14,00000KT,17,10
2013-10-28 15:00:00.000,2013,10,28,15,13004KT,18,09
2013-10-28 16:00:00.000,2013,10,28,16,12006KT,19,07
2013-10-28 17:00:00.000,2013,10,28,17,09005KT,20,08
2013-10-28 18:00:00.000,2013,10,28,18,32011KT,19,11
2013-10-28 19:00:00.000,2013,10,28,19,29011KT,20,11
2013-10-28 20:00:00.000,2013,10,28,20,28013KT,19,11
2013-10-28 20:10:00.000,2013,10,28,20,27015KT,18,12
2013-10-28 20:30:00.000,2013,10,28,20,29010KT,17,12
2013-10-28 21:00:00.000,2013,10,28,21,15008KT,15,13
2013-10-28 22:00:00.000,2013,10,28,22,25005KT,15,12
2013-10-28 23:00:00.000,2013,10,28,23,VRB02KT,14,13
2013-10-29 00:00:00.000,2013,10,29,0,VRB02KT,13,12
2013-10-29 01:00:00.000,2013,10,29,1,25004KT,15,13
2013-10-29 02:00:00.000,2013,10,29,2,06004KT,13,12
2013-10-29 03:00:00.000,2013,10,29,3,08008KT,14,10
2013-10-29 04:00:00.000,2013,10,29,4,09004KT,13,10
2013-10-29 05:00:00.000,2013,10,29,5,05003KT,11,09
2013-10-29 06:00:00.000,2013,10,29,6,05003KT,11,09
2013-10-29 07:00:00.000,2013,10,29,7,04003KT,10,09
2013-10-29 08:00:00.000,2013,10,29,8,07006KT,11,10
2013-10-29 09:00:00.000,2013,10,29,9,05003KT,10,09
2013-10-29 10:00:00.000,2013,10,29,10,04003KT,10,09
2013-10-29 11:00:00.000,2013,10,29,11,02003KT,09,08
2013-10-29 12:00:00.000,2013,10,29,12,00000KT,11,09
2013-10-29 12:25:00.000,2013,10,29,12,03003KT,14,10
2013-10-29 13:00:00.000,2013,10,29,13,05003KT,16,11
2013-10-29 14:00:00.000,2013,10,29,14,05006KT,17,09
2013-10-29 15:00:00.000,2013,10,29,15,04008KT,19,09
2013-10-29 16:00:00.000,2013,10,29,16,05008KT,20,10
2013-10-29 17:00:00.000,2013,10,29,17,26012KT,20,12
2013-10-29 18:00:00.000,2013,10,29,18,24010KT,18,11
2013-10-29 19:00:00.000,2013,10,29,19,32014KT,18,12
2013-10-29 20:00:00.000,2013,10,29,20,28010KT,18,11
2013-10-29 21:00:00.000,2013,10,29,21,22010KT,18,12
2013-10-29 21:20:00.000,2013,10,29,21,23010KT,18,11
2013-10-29 22:00:00.000,2013,10,29,22,23010KT,17,12
2013-10-29 22:30:00.000,2013,10,29,22,25008KT,16,13
2013-10-29 23:00:00.000,2013,10,29,23,25010KT,15,13
2013-10-30 00:00:00.000,2013,10,30,0,33005KT,15,12
2013-10-30 01:00:00.000,2013,10,30,1,33007KT,13,11
2013-10-30 02:00:00.000,2013,10,30,2,35003KT,13,11
2013-10-30 03:00:00.000,2013,10,30,3,32004KT,13,10
2013-10-30 04:00:00.000,2013,10,30,4,33004KT,11,10
2013-10-30 05:00:00.000,2013,10,30,5,00000KT,10,09
2013-10-30 06:00:00.000,2013,10,30,6,VRB02KT,11,10
2013-10-30 07:00:00.000,2013,10,30,7,27003KT,10,10
2013-10-30 08:00:00.000,2013,10,30,8,32004KT,09,08
2013-10-30 09:00:00.000,2013,10,30,9,VRB02KT,10,09
2013-10-30 09:30:00.000,2013,10,30,9,VRB02KT,08,08
2013-10-30 10:30:00.000,2013,10,30,10,00000KT,09,09
2013-10-30 12:00:00.000,2013,10,30,12,VRB02KT,11,10
2013-10-30 13:00:00.000,2013,10,30,13,33003KT,15,11
2013-10-30 14:00:00.000,2013,10,30,14,32003KT,17,12
2013-10-30 15:00:00.000,2013,10,30,15,33005KT,18,10
2013-10-30 16:00:00.000,2013,10,30,16,VRB02KT,20,10
2013-10-30 17:00:00.000,2013,10,30,17,33010KT,20,11
2013-10-30 18:00:00.000,2013,10,30,18,34017KT,20,11
2013-10-30 18:15:00.000,2013,10,30,18,34019KT,20,12
2013-10-30 19:00:00.000,2013,10,30,19,32016KT,20,11
2013-10-30 20:00:00.000,2013,10,30,20,33010KT,19,11
2013-10-30 21:00:00.000,2013,10,30,21,32010KT,17,10
2013-10-30 22:00:00.000,2013,10,30,22,30007KT,16,11
2013-10-30 23:00:00.000,2013,10,30,23,15005KT,15,09
2013-10-31 00:00:00.000,2013,10,31,0,30005KT,14,10
2013-10-31 01:00:00.000,2013,10,31,1,26004KT,14,10
2013-10-31 02:00:00.000,2013,10,31,2,32004KT,14,11
2013-10-31 03:00:00.000,2013,10,31,3,29006KT,14,10
2013-10-31 04:00:00.000,2013,10,31,4,31006KT,13,10
2013-10-31 05:00:00.000,2013,10,31,5,26004KT,13,10
2013-10-31 06:00:00.000,2013,10,31,6,24004KT,13,10
2013-10-31 07:00:00.000,2013,10,31,7,27006KT,12,10
2013-10-31 08:00:00.000,2013,10,31,8,28007KT,12,10
2013-10-31 09:00:00.000,2013,10,31,9,27004KT,12,10
2013-10-31 10:00:00.000,2013,10,31,10,21003KT,12,09
2013-10-31 10:30:00.000,2013,10,31,10,33003KT,11,10
2013-10-31 11:00:00.000,2013,10,31,11,34003KT,11,09
2013-10-31 12:00:00.000,2013,10,31,12,32005KT,13,10
2013-10-31 13:00:00.000,2013,10,31,13,32008KT,14,10
2013-10-31 14:00:00.000,2013,10,31,14,33010KT,15,10
2013-10-31 15:00:00.000,2013,10,31,15,32015KT,15,11
2013-10-31 16:00:00.000,2013,10,31,16,30012KT,17,10
2013-10-31 17:00:00.000,2013,10,31,17,32016KT,18,10
2013-10-31 18:00:00.000,2013,10,31,18,31020KT,19,10
2013-10-31 20:00:00.000,2013,10,31,20,30010KT,16,09
2013-10-31 21:00:00.000,2013,10,31,21,33012KT,18,08
2013-10-31 22:00:00.000,2013,10,31,22,32014KT,15,09
2013-10-31 23:00:00.000,2013,10,31,23,30010KT,13,11
2013-11-01 00:00:00.000,2013,11,1,0,28007KT,12,09
2013-11-01 01:00:00.000,2013,11,1,1,29007KT,12,10
2013-11-01 02:00:00.000,2013,11,1,2,27007KT,12,09
2013-11-01 03:00:00.000,2013,11,1,3,31005KT,11,08
2013-11-01 04:00:00.000,2013,11,1,4,31003KT,11,07
2013-11-01 05:00:00.000,2013,11,1,5,VRB02KT,10,08
2013-11-01 06:00:00.000,2013,11,1,6,VRB02KT,11,08
2013-11-01 07:00:00.000,2013,11,1,7,VRB02KT,09,07
2013-11-01 08:00:00.000,2013,11,1,8,00000KT,09,08
2013-11-01 09:00:00.000,2013,11,1,9,31003KT,10,08
2013-11-01 10:00:00.000,2013,11,1,10,00000KT,10,08
2013-11-01 10:30:00.000,2013,11,1,10,04003KT,09,07
2013-11-01 12:00:00.000,2013,11,1,12,VRB02KT,11,09
2013-11-01 13:00:00.000,2013,11,1,13,05004KT,15,08
2013-11-01 14:00:00.000,2013,11,1,14,33006KT,16,07
2013-11-01 15:00:00.000,2013,11,1,15,31010KT,16,07
2013-11-01 16:00:00.000,2013,11,1,16,30010KT,17,06
2013-11-01 17:00:00.000,2013,11,1,17,30010KT,18,07
2013-11-01 18:00:00.000,2013,11,1,18,36012KT,19,11
2013-11-01 19:00:00.000,2013,11,1,19,33010KT,19,08
2013-11-01 20:00:00.000,2013,11,1,20,32015KT,18,10
2013-11-01 21:00:00.000,2013,11,1,21,31012KT,16,08
2013-11-01 22:00:00.000,2013,11,1,22,30008KT,15,10
2013-11-01 23:00:00.000,2013,11,1,23,31008KT,13,09
2013-11-02 00:00:00.000,2013,11,2,0,00000KT,14,09
2013-11-02 01:00:00.000,2013,11,2,1,23007KT,14,08
2013-11-02 02:00:00.000,2013,11,2,2,30004KT,13,08
2013-11-02 03:00:00.000,2013,11,2,3,27006KT,12,08
2013-11-02 04:00:00.000,2013,11,2,4,31004KT,12,09
2013-11-02 05:00:00.000,2013,11,2,5,32003KT,12,09
2013-11-02 06:00:00.000,2013,11,2,6,VRB02KT,10,08
2013-11-02 07:00:00.000,2013,11,2,7,00000KT,10,09
2013-11-02 08:00:00.000,2013,11,2,8,00000KT,10,08
2013-11-02 09:00:00.000,2013,11,2,9,32004KT,10,09
2013-11-02 10:00:00.000,2013,11,2,10,VRB02KT,10,09
2013-11-02 10:30:00.000,2013,11,2,10,04003KT,09,08
2013-11-02 11:00:00.000,2013,11,2,11,04003KT,09,08
2013-11-02 12:00:00.000,2013,11,2,12,07003KT,11,09
2013-11-02 13:00:00.000,2013,11,2,13,04005KT,13,09
2013-11-02 14:00:00.000,2013,11,2,14,04008KT,14,09
2013-11-02 15:00:00.000,2013,11,2,15,10003KT,17,09
2013-11-02 16:00:00.000,2013,11,2,16,31006KT,18,09
2013-11-02 17:00:00.000,2013,11,2,17,VRB02KT,19,07
2013-11-02 18:00:00.000,2013,11,2,18,32007KT,19,08
2013-11-02 19:00:00.000,2013,11,2,19,27015KT,19,10
2013-11-02 20:00:00.000,2013,11,2,20,26015KT,19,10
2013-11-02 21:00:00.000,2013,11,2,21,25012KT,16,10
2013-11-02 22:00:00.000,2013,11,2,22,22010KT,15,10
2013-11-02 23:00:00.000,2013,11,2,23,23005KT,14,11
2013-11-03 00:00:00.000,2013,11,3,0,25006KT,13,11
2013-11-03 01:00:00.000,2013,11,3,1,23003KT,13,11
2013-11-03 02:00:00.000,2013,11,3,2,VRB02KT,13,11
2013-11-03 03:00:00.000,2013,11,3,3,29004KT,12,11
2013-11-03 04:00:00.000,2013,11,3,4,27003KT,12,11
2013-11-03 05:00:00.000,2013,11,3,5,32003KT,12,11
2013-11-03 06:00:00.000,2013,11,3,6,30004KT,12,11
2013-11-03 07:00:00.000,2013,11,3,7,30003KT,12,11
2013-11-03 08:00:00.000,2013,11,3,8,33003KT,11,10
2013-11-03 09:00:00.000,2013,11,3,9,VRB02KT,10,10
2013-11-03 10:00:00.000,2013,11,3,10,VRB02KT,09,09
2013-11-03 10:30:00.000,2013,11,3,10,VRB02KT,10,09
2013-11-03 11:00:00.000,2013,11,3,11,36003KT,10,09
2013-11-03 12:00:00.000,2013,11,3,12,VRB02KT,11,10
2013-11-03 13:00:00.000,2013,11,3,13,32005KT,13,10
2013-11-03 14:00:00.000,2013,11,3,14,00000KT,15,10
2013-11-03 15:00:00.000,2013,11,3,15,32010KT,17,10
2013-11-03 16:00:00.000,2013,11,3,16,35010KT,17,10
2013-11-03 17:00:00.000,2013,11,3,17,33009KT,18,09
2013-11-03 18:00:00.000,2013,11,3,18,36012KT,17,10
2013-11-03 19:00:00.000,2013,11,3,19,35012KT,17,11
2013-11-03 20:00:00.000,2013,11,3,20,34010KT,17,11
2013-11-03 21:00:00.000,2013,11,3,21,36008KT,17,12
2013-11-03 22:00:00.000,2013,11,3,22,32010KT,15,11
2013-11-03 23:00:00.000,2013,11,3,23,30012KT,14,11
2013-11-04 00:00:00.000,2013,11,4,0,29009KT,13,11
2013-11-04 00:05:00.000,2013,11,4,0,29009KT,13,11
2013-11-04 01:00:00.000,2013,11,4,1,30005KT,13,11
2013-11-04 02:00:00.000,2013,11,4,2,28006KT,13,11
2013-11-04 03:00:00.000,2013,11,4,3,30006KT,13,11
2013-11-04 04:00:00.000,2013,11,4,4,32005KT,13,11
2013-11-04 05:00:00.000,2013,11,4,5,33005KT,13,11
2013-11-04 06:00:00.000,2013,11,4,6,30005KT,12,11
2013-11-04 07:00:00.000,2013,11,4,7,35005KT,12,11
2013-11-04 08:00:00.000,2013,11,4,8,31004KT,12,11
2013-11-04 09:00:00.000,2013,11,4,9,34003KT,12,11
2013-11-04 10:00:00.000,2013,11,4,10,VRB02KT,12,11
2013-11-04 10:30:00.000,2013,11,4,10,VRB02KT,12,11
2013-11-04 11:00:00.000,2013,11,4,11,VRB02KT,12,11
2013-11-04 12:00:00.000,2013,11,4,12,34003KT,12,11
2013-11-04 13:00:00.000,2013,11,4,13,08003KT,12,11
2013-11-04 14:00:00.000,2013,11,4,14,VRB02KT,14,11
2013-11-04 15:00:00.000,2013,11,4,15,03004KT,15,12
2013-11-04 16:00:00.000,2013,11,4,16,29006KT,17,11
2013-11-04 17:00:00.000,2013,11,4,17,VRB02KT,17,10
2013-11-04 17:40:00.000,2013,11,4,17,23015KT,15,12
2013-11-04 18:00:00.000,2013,11,4,18,24016KT,14,12
2013-11-04 18:20:00.000,2013,11,4,18,27012KT,13,13
2013-11-04 18:40:00.000,2013,11,4,18,29012KT,13,13
2013-11-04 19:00:00.000,2013,11,4,19,25008KT,13,12
2013-11-04 19:41:00.000,2013,11,4,19,27007KT,14,12
2013-11-04 20:00:00.000,2013,11,4,20,26008KT,13,13
2013-11-04 21:00:00.000,2013,11,4,21,21008KT,13,13
2013-11-04 21:30:00.000,2013,11,4,21,20006KT,13,13
2013-11-04 21:40:00.000,2013,11,4,21,24004KT,13,13
2013-11-04 22:00:00.000,2013,11,4,22,22006KT,12,12
2013-11-04 22:05:00.000,2013,11,4,22,23006KT,12,12
2013-11-04 23:00:00.000,2013,11,4,23,27008KT,12,12
2013-11-05 00:00:00.000,2013,11,5,0,00000KT,12,12
2013-11-05 01:00:00.000,2013,11,5,1,00000KT,12,12
2013-11-05 02:00:00.000,2013,11,5,2,VRB02KT,12,11
2013-11-05 03:00:00.000,2013,11,5,3,VRB02KT,12,11
2013-11-05 04:00:00.000,2013,11,5,4,35003KT,12,11
2013-11-05 05:00:00.000,2013,11,5,5,VRB02KT,12,11
2013-11-05 06:00:00.000,2013,11,5,6,VRB02KT,11,11
2013-11-05 08:00:00.000,2013,11,5,8,31004KT,11,11
2013-11-05 09:00:00.000,2013,11,5,9,000000KT,11,10
2013-11-05 10:00:00.000,2013,11,5,10,00000KT,10,10
2013-11-05 10:00:00.000,2013,11,5,10,00000KT,10,10
2013-11-05 11:00:00.000,2013,11,5,11,05003KT,10,09
2013-11-05 11:30:00.000,2013,11,5,11,VRB02KT,10,10
2013-11-05 12:00:00.000,2013,11,5,12,01004KT,11,10
2013-11-05 13:00:00.000,2013,11,5,13,02003KT,12,11
2013-11-05 14:00:00.000,2013,11,5,14,02003KT,14,11
2013-11-05 15:00:00.000,2013,11,5,15,01004KT,16,10
2013-11-05 16:00:00.000,2013,11,5,16,35004KT,18,11
2013-11-05 17:00:00.000,2013,11,5,17,26012KT,17,12
2013-11-05 18:00:00.000,2013,11,5,18,25009KT,16,13
2013-11-05 19:00:00.000,2013,11,5,19,23011KT,16,12
2013-11-05 20:00:00.000,2013,11,5,20,25010KT,16,11
2013-11-05 21:00:00.000,2013,11,5,21,31007KT,16,11
2013-11-05 22:00:00.000,2013,11,5,22,36006KT,15,11
2013-11-05 23:00:00.000,2013,11,5,23,VRB02KT,14,11
2013-11-06 00:00:00.000,2013,11,6,0,24003KT,13,12
2013-11-06 01:00:00.000,2013,11,6,1,15006KT,13,10
2013-11-06 02:00:00.000,2013,11,6,2,VRB02KT,13,11
2013-11-06 03:00:00.000,2013,11,6,3,24003KT,13,11
2013-11-06 04:00:00.000,2013,11,6,4,VRB02KT,13,10
2013-11-06 05:00:00.000,2013,11,6,5,00000KT,12,11
2013-11-06 06:00:00.000,2013,11,6,6,VRB02KT,13,11
2013-11-06 07:00:00.000,2013,11,6,7,33005KT,12,11
2013-11-06 08:00:00.000,2013,11,6,8,33003KT,11,10
2013-11-06 09:00:00.000,2013,11,6,9,VRB02KT,11,10
2013-11-06 10:00:00.000,2013,11,6,10,VRB02KT,11,11
2013-11-06 10:30:00.000,2013,11,6,10,VRB02KT,11,11
2013-11-06 11:00:00.000,2013,11,6,11,13004KT,12,11
2013-11-06 12:00:00.000,2013,11,6,12,VRB02KT,12,11
2013-11-06 13:00:00.000,2013,11,6,13,06004KT,14,12
2013-11-06 14:00:00.000,2013,11,6,14,06008KT,16,10
2013-11-06 15:00:00.000,2013,11,6,15,11004KT,18,10
2013-11-06 16:00:00.000,2013,11,6,16,04004KT,18,09
2013-11-06 17:00:00.000,2013,11,6,17,26010KT,15,13
2013-11-06 17:36:00.000,2013,11,6,17,24008KT,17,11
2013-11-06 18:00:00.000,2013,11,6,18,20003KT,17,12
2013-11-06 19:00:00.000,2013,11,6,19,29006KT,16,12
2013-11-06 20:00:00.000,2013,11,6,20,28006KT,16,12
2013-11-06 21:00:00.000,2013,11,6,21,31007KT,16,12
2013-11-06 22:00:00.000,2013,11,6,22,26006KT,16,12
2013-11-06 23:00:00.000,2013,11,6,23,31003KT,15,12
2013-11-07 00:00:00.000,2013,11,7,0,28003KT,14,13
2013-11-07 01:00:00.000,2013,11,7,1,27004KT,13,12
2013-11-07 02:00:00.000,2013,11,7,2,28006KT,13,12
2013-11-07 03:00:00.000,2013,11,7,3,28007KT,13,12
2013-11-07 03:33:00.000,2013,11,7,3,30003KT,13,12
2013-11-07 04:00:00.000,2013,11,7,4,33003KT,12,11
2013-11-07 05:00:00.000,2013,11,7,5,VRB02KT,12,12
2013-11-07 06:00:00.000,2013,11,7,6,VRB02KT,12,11
2013-11-07 07:00:00.000,2013,11,7,7,21003KT,12,11
2013-11-07 08:00:00.000,2013,11,7,8,30003KT,11,11
2013-11-07 09:00:00.000,2013,11,7,9,00000KT,11,11
2013-11-07 10:00:00.000,2013,11,7,10,00000KT,11,11
2013-11-07 10:30:00.000,2013,11,7,10,01003KT,11,11
2013-11-07 11:00:00.000,2013,11,7,11,VRB02KT,11,11
2013-11-07 12:00:00.000,2013,11,7,12,00000KT,12,11
2013-11-07 13:00:00.000,2013,11,7,13,04004KT,13,11
2013-11-07 14:00:00.000,2013,11,7,14,VRB02KT,15,10
2013-11-07 15:00:00.000,2013,11,7,15,28004KT,16,10
2013-11-07 16:00:00.000,2013,11,7,16,23009KT,17,11
2013-11-07 17:00:00.000,2013,11,7,17,28011KT,17,11
2013-11-07 18:00:00.000,2013,11,7,18,27009KT,19,11
2013-11-07 19:00:00.000,2013,11,7,19,26006KT,19,09
2013-11-07 20:00:00.000,2013,11,7,20,26014KT,18,11
2013-11-07 22:00:00.000,2013,11,7,22,28009KT,15,11
2013-11-07 23:00:00.000,2013,11,7,23,33005KT,14,11
2013-11-08 00:00:00.000,2013,11,8,0,33004KT,12,11
2013-11-08 01:00:00.000,2013,11,8,1,VRB02KT,13,11
2013-11-08 01:33:00.000,2013,11,8,1,VRB02KT,13,11
2013-11-08 02:00:00.000,2013,11,8,2,29003KT,13,12
2013-11-08 03:00:00.000,2013,11,8,3,29006KT,13,11
2013-11-08 04:00:00.000,2013,11,8,4,26008KT,13,11
2013-11-08 04:30:00.000,2013,11,8,4,25006KT,13,12
2013-11-08 05:00:00.000,2013,11,8,5,20004KT,13,12
2013-11-08 05:19:00.000,2013,11,8,5,26004KT,12,11
2013-11-08 06:00:00.000,2013,11,8,6,30005KT,12,11
2013-11-08 08:00:00.000,2013,11,8,8,32003KT,11,10
2013-11-08 09:00:00.000,2013,11,8,9,VRB02KT,11,10
2013-11-08 10:00:00.000,2013,11,8,10,23003KT,11,10
2013-11-08 10:30:00.000,2013,11,8,10,00000KT,11,10
2013-11-08 11:00:00.000,2013,11,8,11,VRB02KT,11,10
2013-11-08 12:00:00.000,2013,11,8,12,36003KT,12,11
2013-11-08 13:00:00.000,2013,11,8,13,00000KT,15,10
2013-11-08 14:00:00.000,2013,11,8,14,06005KT,17,11
2013-11-08 15:00:00.000,2013,11,8,15,VRB02KT,18,11
2013-11-08 16:00:00.000,2013,11,8,16,33003KT,18,10
2013-11-08 17:00:00.000,2013,11,8,17,31004KT,19,12
2013-11-08 18:00:00.000,2013,11,8,18,29009KT,16,11
2013-11-08 19:00:00.000,2013,11,8,19,23009KT,16,11
2013-11-08 20:00:00.000,2013,11,8,20,22006KT,18,11
2013-11-08 21:00:00.000,2013,11,8,21,21004KT,17,10
2013-11-08 22:00:00.000,2013,11,8,22,31006KT,16,11
2013-11-08 23:00:00.000,2013,11,8,23,29007KT,14,11
2013-11-09 00:00:00.000,2013,11,9,0,28004KT,13,09
2013-11-09 01:00:00.000,2013,11,9,1,20003KT,13,10
2013-11-09 02:00:00.000,2013,11,9,2,VRB02KT,11,11
2013-11-09 03:00:00.000,2013,11,9,3,VRB02KT,11,11
2013-11-09 04:00:00.000,2013,11,9,4,33003KT,11,10
2013-11-09 05:00:00.000,2013,11,9,5,34003KT,11,10
2013-11-09 05:30:00.000,2013,11,9,5,04003KT,11,10
2013-11-09 10:00:00.000,2013,11,9,10,35003KT,08,07
2013-11-09 10:30:00.000,2013,11,9,10,00000KT,08,08
2013-11-09 11:00:00.000,2013,11,9,11,VRB02KT,10,09
2013-11-09 12:00:00.000,2013,11,9,12,04003KT,11,10
2013-11-09 13:00:00.000,2013,11,9,13,VRB02KT,14,10
2013-11-09 14:00:00.000,2013,11,9,14,06009KT,16,10
2013-11-09 15:00:00.000,2013,11,9,15,05004KT,18,09
2013-11-09 16:00:00.000,2013,11,9,16,VRB02KT,19,08
2013-11-09 17:00:00.000,2013,11,9,17,04007KT,18,09
2013-11-09 18:00:00.000,2013,11,9,18,26018KT,18,12
2013-11-09 18:05:00.000,2013,11,9,18,26018KT,18,12
2013-11-09 19:00:00.000,2013,11,9,19,27013KT,17,11
2013-11-09 20:00:00.000,2013,11,9,20,28010KT,16,12
2013-11-09 21:00:00.000,2013,11,9,21,29009KT,15,12
2013-11-09 22:00:00.000,2013,11,9,22,29006KT,15,12
2013-11-09 22:09:00.000,2013,11,9,22,29006KT,15,12
2013-11-09 23:00:00.000,2013,11,9,23,27004KT,15,11
2013-11-10 00:00:00.000,2013,11,10,0,VRB02KT,13,11
2013-11-10 01:00:00.000,2013,11,10,1,34004KT,13,12
2013-11-10 01:15:00.000,2013,11,10,1,04004KT,13,12
2013-11-10 01:30:00.000,2013,11,10,1,06015KT,13,12
2013-11-10 02:00:00.000,2013,11,10,2,06010KT,12,11
2013-11-10 02:30:00.000,2013,11,10,2,14004KT,11,10
2013-11-10 03:00:00.000,2013,11,10,3,02003T,11,10
2013-11-10 04:00:00.000,2013,11,10,4,VRB02KT,11,10
2013-11-10 05:00:00.000,2013,11,10,5,33003KT,11,10
2013-11-10 06:00:00.000,2013,11,10,6,00000KT,11,11
2013-11-10 07:00:00.000,2013,11,10,7,35003KT,11,10
2013-11-10 08:00:00.000,2013,11,10,8,VRB02KT,11,10
2013-11-10 09:00:00.000,2013,11,10,9,33003KT,11,10
2013-11-10 10:00:00.000,2013,11,10,10,00000KT,11,10
2013-11-10 10:30:00.000,2013,11,10,10,33004KT,11,10
2013-11-10 11:00:00.000,2013,11,10,11,VRB02KT,10,10
2013-11-10 12:00:00.000,2013,11,10,12,07003KT,13,11
2013-11-10 13:00:00.000,2013,11,10,13,VRB02KT,15,12
2013-11-10 14:00:00.000,2013,11,10,14,06004KT,16,12
2013-11-10 15:00:00.000,2013,11,10,15,VRB02KT,17,11
2013-11-10 16:00:00.000,2013,11,10,16,15008KT,18,10
2013-11-10 17:00:00.000,2013,11,10,17,17003KT,19,09
2013-11-10 18:00:00.000,2013,11,10,18,27010KT,18,12
2013-11-10 19:00:00.000,2013,11,10,19,26010KT,17,12
2013-11-10 19:37:00.000,2013,11,10,19,25012KT,14,13
2013-11-10 20:00:00.000,2013,11,10,20,23012KT,15,13
2013-11-10 20:07:00.000,2013,11,10,20,22008KT,15,13
2013-11-10 21:00:00.000,2013,11,10,21,33006KT,13,12
2013-11-10 22:00:00.000,2013,11,10,22,34005KT,13,11
2013-11-10 23:00:00.000,2013,11,10,23,33003KT,12,11
2013-11-11 00:00:00.000,2013,11,11,0,36003KT,13,12
2013-11-11 01:00:00.000,2013,11,11,1,VRB02KT,12,11
2013-11-11 02:00:00.000,2013,11,11,2,VRB02KT,11,11
2013-11-11 03:00:00.000,2013,11,11,3,03003KT,13,11
2013-11-11 04:00:00.000,2013,11,11,4,06003KT,12,10
2013-11-11 05:00:00.000,2013,11,11,5,05003KT,11,10
2013-11-11 06:00:00.000,2013,11,11,6,05004KT,11,10
2013-11-11 07:00:00.000,2013,11,11,7,05004KT,10,10
2013-11-11 08:00:00.000,2013,11,11,8,00000KT,10,10
2013-11-11 09:00:00.000,2013,11,11,9,00000KT,10,10
2013-11-11 10:00:00.000,2013,11,11,10,04005KT,10,10
2013-11-11 10:30:00.000,2013,11,11,10,06006KT,10,10
2013-11-11 11:00:00.000,2013,11,11,11,06004KT,10,09
2013-11-11 12:00:00.000,2013,11,11,12,07004KT,12,10
2013-11-11 13:00:00.000,2013,11,11,13,05008KT,13,11
2013-11-11 14:00:00.000,2013,11,11,14,05008KT,14,11
2013-11-11 15:00:00.000,2013,11,11,15,08010KT,16,11
2013-11-11 16:00:00.000,2013,11,11,16,15012KT,18,09
2013-11-11 18:00:00.000,2013,11,11,18,13007KT,18,09
2013-11-11 19:00:00.000,2013,11,11,19,11007KT,19,09
2013-11-11 20:00:00.000,2013,11,11,20,13008KT,20,09
2013-11-11 21:00:00.000,2013,11,11,21,17009KT,19,08
2013-11-11 22:00:00.000,2013,11,11,22,11008KT,17,09
2013-11-11 23:00:00.000,2013,11,11,23,14009KT,16,08
2013-11-12 00:00:00.000,2013,11,12,0,08004KT,14,09
2013-11-12 01:00:00.000,2013,11,12,1,07004KT,12,09
2013-11-12 02:00:00.000,2013,11,12,2,120200Z,11,09
2013-11-12 03:00:00.000,2013,11,12,3,06004KT,11,09
2013-11-12 04:00:00.000,2013,11,12,4,05005KT,11,09
2013-11-12 05:00:00.000,2013,11,12,5,32003KT,11,09
2013-11-12 06:00:00.000,2013,11,12,6,02003KT,10,09
2013-11-12 07:00:00.000,2013,11,12,7,06007KT,11,10
2013-11-12 08:00:00.000,2013,11,12,8,05005KT,09,08
2013-11-12 09:00:00.000,2013,11,12,9,VRB02KT,10,09
2013-11-12 10:00:00.000,2013,11,12,10,03004KT,11,10
2013-11-12 10:30:00.000,2013,11,12,10,05006KT,11,10
2013-11-12 11:00:00.000,2013,11,12,11,34004KT,11,10
2013-11-12 12:00:00.000,2013,11,12,12,06007KT,12,11
2013-11-12 13:00:00.000,2013,11,12,13,02007KT,14,11
2013-11-12 14:00:00.000,2013,11,12,14,06009KT,15,11
2013-11-12 15:00:00.000,2013,11,12,15,03008KT,16,10
2013-11-12 16:00:00.000,2013,11,12,16,03008KT,18,11
2013-11-12 17:00:00.000,2013,11,12,17,09010KT,19,07
2013-11-12 18:00:00.000,2013,11,12,18,14008KT,19,08
2013-11-12 19:00:00.000,2013,11,12,19,08010KT,18,10
2013-11-12 19:30:00.000,2013,11,12,19,15020KT,17,11
2013-11-12 20:00:00.000,2013,11,12,20,12008KT,14,12
2013-11-12 20:10:00.000,2013,11,12,20,14004KT,15,12
2013-11-12 21:00:00.000,2013,11,12,21,16010KT,17,11
2013-11-12 22:00:00.000,2013,11,12,22,03004KT,16,10
2013-11-12 23:00:00.000,2013,11,12,23,12008KT,15,11
2013-11-13 00:00:00.000,2013,11,13,0,09006KT,15,08
2013-11-13 01:00:00.000,2013,11,13,1,06004KT,13,09
2013-11-13 02:00:00.000,2013,11,13,2,03004KT,10,09
2013-11-13 03:00:00.000,2013,11,13,3,04004KT,10,08
2013-11-13 04:00:00.000,2013,11,13,4,05004KT,09,08
2013-11-13 05:00:00.000,2013,11,13,5,01003KT,09,08
2013-11-13 06:00:00.000,2013,11,13,6,03003KT,08,08
2013-11-13 07:00:00.000,2013,11,13,7,VRB02KT,09,09
2013-11-13 08:00:00.000,2013,11,13,8,00000KT,08,08
2013-11-13 09:00:00.000,2013,11,13,9,00000KT,06,6
2013-11-13 10:00:00.000,2013,11,13,10,VRB02KT,08,07
2013-11-13 10:30:00.000,2013,11,13,10,VRB02KT,06,06
2013-11-13 11:00:00.000,2013,11,13,11,00000KT,06,05
2013-11-13 12:00:00.000,2013,11,13,12,05004KT,09,08
2013-11-13 13:00:00.000,2013,11,13,13,07004KT,12,09
2013-11-13 14:00:00.000,2013,11,13,14,16005KT,16,09
2013-11-13 15:00:00.000,2013,11,13,15,05008KT,16,09
2013-11-13 16:00:00.000,2013,11,13,16,11012KT,18,07
2013-11-13 17:00:00.000,2013,11,13,17,04012KT,18,08
2013-11-13 18:00:00.000,2013,11,13,18,07010KT,19,07
2013-11-13 19:00:00.000,2013,11,13,19,05007KT,19,06
2013-11-13 20:00:00.000,2013,11,13,20,07007KT,19,06
2013-11-13 21:00:00.000,2013,11,13,21,03009KT,18,07
2013-11-13 22:00:00.000,2013,11,13,22,10006KT,18,06
2013-11-13 23:00:00.000,2013,11,13,23,12006KT,17,08
2013-11-14 00:00:00.000,2013,11,14,0,07004KT,15,10
2013-11-14 01:00:00.000,2013,11,14,1,13010KT,12,09
2013-11-14 02:00:00.000,2013,11,14,2,05004KT,13,09
2013-11-14 03:00:00.000,2013,11,14,3,VRB02KT,14,09
2013-11-14 04:00:00.000,2013,11,14,4,VRB02KT,13,10
2013-11-14 05:00:00.000,2013,11,14,5,00000KT,10,09
2013-11-14 07:00:00.000,2013,11,14,7,VRB02KT,08,08
2013-11-14 09:00:00.000,2013,11,14,9,VRB02KT,07,07
2013-11-14 10:00:00.000,2013,11,14,10,VRB02KT,06,06
2013-11-14 10:30:00.000,2013,11,14,10,VRB02KT,06,06
2013-11-14 11:00:00.000,2013,11,14,11,VRB02KT,06,06
2013-11-14 12:00:00.000,2013,11,14,12,VRB02KT,08,08
2013-11-14 13:00:00.000,2013,11,14,13,02003KT,12,08
2013-11-14 14:00:00.000,2013,11,14,14,01004KT,15,09
2013-11-14 15:00:00.000,2013,11,14,15,12004KT,17,07
2013-11-14 16:00:00.000,2013,11,14,16,12010KT,19,09
2013-11-14 17:00:00.000,2013,11,14,17,14012KT,20,08
2013-11-14 18:00:00.000,2013,11,14,18,14012KT,19,08
2013-11-14 19:00:00.000,2013,11,14,19,09008KT,19,07
2013-11-14 20:00:00.000,2013,11,14,20,10008KT,19,08
2013-11-14 21:00:00.000,2013,11,14,21,08006KT,19,08
2013-11-14 22:00:00.000,2013,11,14,22,07008KT,17,09
2013-11-14 23:00:00.000,2013,11,14,23,12007KT,16,10
2013-11-15 00:00:00.000,2013,11,15,0,07004KT,15,10
2013-11-15 01:00:00.000,2013,11,15,1,06006KT,14,09
2013-11-15 01:00:00.000,2013,11,15,1,06006KT,14,09
2013-11-15 02:00:00.000,2013,11,15,2,04004KT,14,10
2013-11-15 03:00:00.000,2013,11,15,3,VRB02KT,14,09
2013-11-15 04:00:00.000,2013,11,15,4,VRB02KT,13,10
2013-11-15 05:00:00.000,2013,11,15,5,01003KT,13,10
2013-11-15 06:00:00.000,2013,11,15,6,01003KT,12,10
2013-11-15 07:00:00.000,2013,11,15,7,04004KT,12,11
2013-11-15 08:00:00.000,2013,11,15,8,05004KT,12,11
2013-11-15 09:00:00.000,2013,11,15,9,03003KT,12,11
2013-11-15 10:00:00.000,2013,11,15,10,07003KT,12,11
2013-11-15 10:30:00.000,2013,11,15,10,VRB02KT,12,11
2013-11-15 11:00:00.000,2013,11,15,11,VRB02KT,12,11
2013-11-15 12:00:00.000,2013,11,15,12,05006KT,13,12
2013-11-15 13:00:00.000,2013,11,15,13,02006KT,15,12
2013-11-15 14:00:00.000,2013,11,15,14,06004KT,15,11
2013-11-15 15:00:00.000,2013,11,15,15,07005KT,17,11
2013-11-15 16:00:00.000,2013,11,15,16,05006KT,18,10
2013-11-15 17:00:00.000,2013,11,15,17,09003KT,19,11
2013-11-15 18:00:00.000,2013,11,15,18,05012KT,19,09
2013-11-15 19:00:00.000,2013,11,15,19,06008KT,19,10
2013-11-15 20:00:00.000,2013,11,15,20,18008KT,19,11
2013-11-15 21:00:00.000,2013,11,15,21,10010KT,17,13
2013-11-15 22:00:00.000,2013,11,15,22,10010KT,17,13
2013-11-15 23:00:00.000,2013,11,15,23,12006KT,15,12
2013-11-16 00:00:00.000,2013,11,16,0,33004KT,16,09
2013-11-16 01:00:00.000,2013,11,16,1,VRB02KT,13,09
2013-11-16 02:00:00.000,2013,11,16,2,07003KT,13,09
2013-11-16 03:00:00.000,2013,11,16,3,07008KT,14,10
2013-11-16 04:00:00.000,2013,11,16,4,08007KT,14,09
2013-11-16 05:00:00.000,2013,11,16,5,05006KT,11,09
2013-11-16 06:00:00.000,2013,11,16,6,05006KT,09,08
2013-11-16 07:00:00.000,2013,11,16,7,02004KT,10,08
2013-11-16 09:00:00.000,2013,11,16,9,06005KT,09,08
2013-11-16 10:00:00.000,2013,11,16,10,00000KT,09,08
2013-11-16 10:30:00.000,2013,11,16,10,VRB02KT,10,08
2013-11-16 11:00:00.000,2013,11,16,11,00000KT,09,08
2013-11-16 12:00:00.000,2013,11,16,12,07005KT,12,09
2013-11-16 13:00:00.000,2013,11,16,13,07004KT,14,09
2013-11-16 14:00:00.000,2013,11,16,14,05007KT,16,10
2013-11-16 15:00:00.000,2013,11,16,15,VRB02KT,18,10
2013-11-16 16:00:00.000,2013,11,16,16,14010KT,18,10
2013-11-16 17:00:00.000,2013,11,16,17,06003KT,19,09
2013-11-16 18:00:00.000,2013,11,16,18,09007KT,19,10
2013-11-16 19:00:00.000,2013,11,16,19,10005KT,20,10
2013-11-16 20:00:00.000,2013,11,16,20,11006KT,19,10
2013-11-16 21:00:00.000,2013,11,16,21,05011KT,18,11
2013-11-16 22:00:00.000,2013,11,16,22,12007KT,18,11
2013-11-16 23:00:00.000,2013,11,16,23,29003KT,16,11
2013-11-17 00:00:00.000,2013,11,17,0,19003KT,16,11
2013-11-17 01:00:00.000,2013,11,17,1,29004KT,13,12
2013-11-17 02:00:00.000,2013,11,17,2,06004KT,13,10
2013-11-17 03:00:00.000,2013,11,17,3,35004KT,12,10
2013-11-17 04:00:00.000,2013,11,17,4,34004KT,11,10
2013-11-17 05:00:00.000,2013,11,17,5,VRB02KT,09,08
2013-11-17 06:00:00.000,2013,11,17,6,VRB02KT,09,08
2013-11-17 07:00:00.000,2013,11,17,7,05004KT,07,07
2013-11-17 08:00:00.000,2013,11,17,8,05004KT,06,06
2013-11-17 09:00:00.000,2013,11,17,9,VRB02KT,06,06
2013-11-17 10:00:00.000,2013,11,17,10,VRB02KT,08,08
2013-11-17 10:30:00.000,2013,11,17,10,VRB02KT,08,08
2013-11-17 11:00:00.000,2013,11,17,11,05004KT,09,09
2013-11-17 11:19:00.000,2013,11,17,11,01003KT,09,09
2013-11-17 12:17:00.000,2013,11,17,12,06004KT,10,10
2013-11-17 12:33:00.000,2013,11,17,12,04006KT,10,10
2013-11-17 13:00:00.000,2013,11,17,13,08004KT,11,10
2013-11-17 13:31:00.000,2013,11,17,13,03006KT,11,11
2013-11-17 14:00:00.000,2013,11,17,14,04005KT,14,12
2013-11-17 15:00:00.000,2013,11,17,15,05006KT,18,12
2013-11-17 16:00:00.000,2013,11,17,16,02010KT,19,10
2013-11-17 17:00:00.000,2013,11,17,17,30010KT,21,10
2013-11-17 18:00:00.000,2013,11,17,18,29011KT,20,12
2013-11-17 19:00:00.000,2013,11,17,19,25010KT,21,12
2013-11-17 20:00:00.000,2013,11,17,20,26018KT,20,12
2013-11-17 21:00:00.000,2013,11,17,21,28015KT,19,11
2013-11-17 22:00:00.000,2013,11,17,22,27015KT,17,11
2013-11-17 23:00:00.000,2013,11,17,23,27010KT,16,12
2013-11-18 00:00:00.000,2013,11,18,0,VRB02KT,14,12
2013-11-18 01:00:00.000,2013,11,18,1,24005KT,14,12
2013-11-18 02:00:00.000,2013,11,18,2,25006KT,14,12
2013-11-18 03:00:00.000,2013,11,18,3,24004KT,14,12
2013-11-18 04:00:00.000,2013,11,18,4,25004KT,13,11
2013-11-18 05:00:00.000,2013,11,18,5,24004KT,13,12
2013-11-18 06:00:00.000,2013,11,18,6,VRB02KT,12,11
2013-11-18 08:00:00.000,2013,11,18,8,36003KT,09,09
2013-11-18 09:00:00.000,2013,11,18,9,03003KT,09,08
2013-11-18 09:30:00.000,2013,11,18,9,36003KT,08,08
2013-11-18 10:00:00.000,2013,11,18,10,27004KT,09,08
2013-11-18 10:30:00.000,2013,11,18,10,VRB02KT,10,10
2013-11-18 11:15:00.000,2013,11,18,11,12003KT,10,10
2013-11-18 11:30:00.000,2013,11,18,11,33006KT,10,10
2013-11-18 13:00:00.000,2013,11,18,13,02004KT,13,13
2013-11-18 13:20:00.000,2013,11,18,13,01004KT,15,13
2013-11-18 14:00:00.000,2013,11,18,14,32004KT,17,11
2013-11-18 15:00:00.000,2013,11,18,15,33006KT,18,11
2013-11-18 16:00:00.000,2013,11,18,16,05004KT,19,10
2013-11-18 17:00:00.000,2013,11,18,17,03006KT,20,09
2013-11-18 18:00:00.000,2013,11,18,18,31009KT,20,11
2013-11-18 19:00:00.000,2013,11,18,19,30014KT,19,10
2013-11-18 20:00:00.000,2013,11,18,20,27015KT,20,10
2013-11-18 21:00:00.000,2013,11,18,21,31013KT,18,11
2013-11-18 22:00:00.000,2013,11,18,22,29011KT,16,11
2013-11-18 23:00:00.000,2013,11,18,23,26008KT,15,11
2013-11-19 00:00:00.000,2013,11,19,0,26010KT,13,11
2013-11-19 01:00:00.000,2013,11,19,1,25006KT,13,12
2013-11-19 02:00:00.000,2013,11,19,2,21004KT,13,12
2013-11-19 03:00:00.000,2013,11,19,3,27006KT,13,11
2013-11-19 04:00:00.000,2013,11,19,4,29004KT,11,11
2013-11-19 05:00:00.000,2013,11,19,5,VRB02KT,11,10
2013-11-19 06:00:00.000,2013,11,19,6,VRB02KT,09,09
2013-11-19 07:00:00.000,2013,11,19,7,VRB02KT,09,09
2013-11-19 08:00:00.000,2013,11,19,8,35004KT,08,08
2013-11-19 09:00:00.000,2013,11,19,9,00000KT,08,08
2013-11-19 10:00:00.000,2013,11,19,10,VRB02KT,09,09
2013-11-19 10:30:00.000,2013,11,19,10,VRB02KT,09,09
2013-11-19 11:00:00.000,2013,11,19,11,VRB02KT,09,09
2013-11-19 11:30:00.000,2013,11,19,11,VRB02KT,10,09
2013-11-19 12:00:00.000,2013,11,19,12,VRB02KT,11,10
2013-11-19 13:00:00.000,2013,11,19,13,30003KT,13,11
2013-11-19 14:00:00.000,2013,11,19,14,VRB02KT,14,11
2013-11-19 15:00:00.000,2013,11,19,15,VRB02KT,15,11
2013-11-19 16:00:00.000,2013,11,19,16,26003KT,18,10
2013-11-19 17:00:00.000,2013,11,19,17,30009KT,18,11
2013-11-19 18:00:00.000,2013,11,19,18,32009KT,19,10
2013-11-19 19:00:00.000,2013,11,19,19,30014KT,19,10
2013-11-19 20:00:00.000,2013,11,19,20,32010KT,17,10
2013-11-19 21:00:00.000,2013,11,19,21,33011KT,18,11
2013-11-19 22:00:00.000,2013,11,19,22,33009KT,15,10
2013-11-19 23:00:00.000,2013,11,19,23,32005KT,14,11
2013-11-20 00:00:00.000,2013,11,20,0,23003KT,14,11
2013-11-20 01:00:00.000,2013,11,20,1,33005KT,12,10
2013-11-20 02:00:00.000,2013,11,20,2,VRB02KT,11,10
2013-11-20 03:00:00.000,2013,11,20,3,01004KT,10,09
2013-11-20 04:00:00.000,2013,11,20,4,34003KT,11,10
2013-11-20 05:00:00.000,2013,11,20,5,05003KT,11,10
2013-11-20 06:00:00.000,2013,11,20,6,32006KT,12,10
2013-11-20 09:00:00.000,2013,11,20,9,VRB02KT,11,10
2013-11-20 10:00:00.000,2013,11,20,10,09007KT,11,10
2013-11-20 10:30:00.000,2013,11,20,10,VRB02KT,11,10
2013-11-20 11:00:00.000,2013,11,20,11,34003KT,12,10
2013-11-20 12:00:00.000,2013,11,20,12,02004KT,11,10
2013-11-20 13:00:00.000,2013,11,20,13,01004KT,13,11
2013-11-20 14:00:00.000,2013,11,20,14,02006KT,15,09
2013-11-20 15:00:00.000,2013,11,20,15,03004KT,17,10
2013-11-20 16:00:00.000,2013,11,20,16,36004KT,19,09
2013-11-20 17:00:00.000,2013,11,20,17,29009KT,19,10
2013-11-20 18:00:00.000,2013,11,20,18,31009KT,18,09
2013-11-20 19:00:00.000,2013,11,20,19,25010KT,18,11
2013-11-20 19:05:00.000,2013,11,20,19,25010KT,18,11
2013-11-20 19:15:00.000,2013,11,20,19,14016KT,15,10
2013-11-20 20:00:00.000,2013,11,20,20,14011KT,13,11
2013-11-20 21:00:00.000,2013,11,20,21,VRB02KT,13,12
2013-11-20 22:00:00.000,2013,11,20,22,VRB02KT,12,11
2013-11-20 23:00:00.000,2013,11,20,23,02003KT,12,11
2013-11-21 00:00:00.000,2013,11,21,0,VRB02KT,12,11
2013-11-21 01:00:00.000,2013,11,21,1,33004KT,12,11
2013-11-21 02:00:00.000,2013,11,21,2,VRB02KT,12,11
2013-11-21 03:00:00.000,2013,11,21,3,33004KT,13,11
2013-11-21 04:00:00.000,2013,11,21,4,VRB02KT,12,11
2013-11-21 05:00:00.000,2013,11,21,5,00000KT,12,11
2013-11-21 06:00:00.000,2013,11,21,6,03004KT,11,11
2013-11-21 07:00:00.000,2013,11,21,7,VRB02KT,11,10
2013-11-21 08:00:00.000,2013,11,21,8,34004KT,10,10
2013-11-21 09:00:00.000,2013,11,21,9,VRB02KT,10,10
2013-11-21 10:00:00.000,2013,11,21,10,VRB02KT,10,09
2013-11-21 10:30:00.000,2013,11,21,10,03004KT,11,10
2013-11-21 11:00:00.000,2013,11,21,11,03004KT,10,10
2013-11-21 12:00:00.000,2013,11,21,12,VRB02KT,11,10
2013-11-21 13:00:00.000,2013,11,21,13,04006KT,13,10
2013-11-21 14:00:00.000,2013,11,21,14,03006KT,15,09
2013-11-21 15:00:00.000,2013,11,21,15,03006KT,17,08
2013-11-21 16:00:00.000,2013,11,21,16,06007KT,19,08
2013-11-21 17:00:00.000,2013,11,21,17,02006KT,18,07
2013-11-21 18:00:00.000,2013,11,21,18,28007KT,20,06
2013-11-21 19:00:00.000,2013,11,21,19,26008KT,18,10
2013-11-21 20:00:00.000,2013,11,21,20,27012KT,18,11
2013-11-21 22:00:00.000,2013,11,21,22,28010KT,16,11
2013-11-21 23:00:00.000,2013,11,21,23,27005KT,14,11
2013-11-22 01:00:00.000,2013,11,22,1,33003KT,13,12
2013-11-22 02:00:00.000,2013,11,22,2,30003KT,13,12
2013-11-22 03:00:00.000,2013,11,22,3,VRB02KT,13,12
2013-11-22 04:00:00.000,2013,11,22,4,05003KT,12,11
2013-11-22 05:00:00.000,2013,11,22,5,28003KT,12,12
2013-11-22 13:00:00.000,2013,11,22,13,03004KT,14,08
2013-11-22 14:00:00.000,2013,11,22,14,04006KT,15,06
2013-11-22 15:00:00.000,2013,11,22,15,02006KT,17,06
2013-11-22 16:00:00.000,2013,11,22,16,04006KT,18,04
2013-11-22 17:00:00.000,2013,11,22,17,04006KT,20,05
2013-11-22 18:00:00.000,2013,11,22,18,24010KT,19,10
2013-11-22 19:00:00.000,2013,11,22,19,26011KT,18,10
2013-11-22 20:00:00.000,2013,11,22,20,28008KT,17,10
2013-11-22 21:00:00.000,2013,11,22,21,27010KT,17,09
2013-11-22 22:00:00.000,2013,11,22,22,27010KT,16,10
2013-11-22 23:00:00.000,2013,11,22,23,20003KT,15,11
2013-11-23 00:00:00.000,2013,11,23,0,35004KT,13,11
2013-11-23 01:00:00.000,2013,11,23,1,29003KT,14,12
2013-11-23 02:00:00.000,2013,11,23,2,VRB02KT,13,12
2013-11-23 03:00:00.000,2013,11,23,3,VRB02KT,12,11
2013-11-23 04:00:00.000,2013,11,23,4,06004KT,11,10
2013-11-23 05:00:00.000,2013,11,23,5,03003KT,11,10
2013-11-23 06:00:00.000,2013,11,23,6,VRB02KT,10,09
2013-11-23 07:00:00.000,2013,11,23,7,01004KT,09,08
2013-11-23 08:00:00.000,2013,11,23,8,28003KT,09,08
2013-11-23 09:00:00.000,2013,11,23,9,VRB02KT,06,05
2013-11-23 10:00:00.000,2013,11,23,10,VRB02KT,06,05
2013-11-23 10:30:00.000,2013,11,23,10,VRB02KT,06,05
2013-11-23 11:00:00.000,2013,11,23,11,VRB02KT,07,07
2013-11-23 12:00:00.000,2013,11,23,12,03004KT,10,09
2013-11-23 13:00:00.000,2013,11,23,13,VRB02KT,13,10
2013-11-23 14:00:00.000,2013,11,23,14,VRB02KT,16,10
2013-11-23 15:00:00.000,2013,11,23,15,VRB02KT,17,09
2013-11-23 16:00:00.000,2013,11,23,16,03004KT,18,09
2013-11-23 17:00:00.000,2013,11,23,17,VRB02KT,19,08
2013-11-23 18:00:00.000,2013,11,23,18,23008KT,19,11
2013-11-23 19:00:00.000,2013,11,23,19,28012KT,18,12
2013-11-23 20:00:00.000,2013,11,23,20,28010KT,18,12
2013-11-23 20:27:00.000,2013,11,23,20,16008KT,17,11
2013-11-23 21:00:00.000,2013,11,23,21,04004KT,15,10
2013-11-23 21:30:00.000,2013,11,23,21,27004KT,14,10
2013-11-23 22:00:00.000,2013,11,23,22,28007KT,16,10
2013-11-23 23:00:00.000,2013,11,23,23,27004KT,15,13
2013-11-24 00:00:00.000,2013,11,24,0,VRB02KT,14,10
2013-11-24 01:00:00.000,2013,11,24,1,04004KT,14,12
2013-11-24 01:15:00.000,2013,11,24,1,05008KT,14,12
2013-11-24 02:00:00.000,2013,11,24,2,34008KT,12,10
2013-11-24 03:00:00.000,2013,11,24,3,06004KT,12,10
2013-11-24 04:00:00.000,2013,11,24,4,VRB02KT,12,11
2013-11-24 05:00:00.000,2013,11,24,5,36004KT,11,11
2013-11-24 06:00:00.000,2013,11,24,6,00000KT,11,10
2013-11-24 07:00:00.000,2013,11,24,7,00000KT,11,10
2013-11-24 08:00:00.000,2013,11,24,8,00000KT,10,10
2013-11-24 09:00:00.000,2013,11,24,9,VRB02KT,09,09
2013-11-24 10:00:00.000,2013,11,24,10,VRB02KT,09,09
2013-11-24 10:17:00.000,2013,11,24,10,VRB02KT,08,08
2013-11-24 10:30:00.000,2013,11,24,10,34003KT,08,08
2013-11-24 11:00:00.000,2013,11,24,11,VRB02KT,08,08
2013-11-24 11:35:00.000,2013,11,24,11,VRB02KT,10,09
2013-11-24 12:00:00.000,2013,11,24,12,31003KT,10,10
2013-11-24 12:05:00.000,2013,11,24,12,34004KT,11,10
2013-11-24 12:32:00.000,2013,11,24,12,35003KT,11,10
2013-11-24 13:00:00.000,2013,11,24,13,01004KT,11,11
2013-11-24 14:00:00.000,2013,11,24,14,02003KT,15,11
2013-11-24 15:00:00.000,2013,11,24,15,35003KT,17,10
2013-11-24 16:00:00.000,2013,11,24,16,02003KT,19,09
2013-11-24 17:00:00.000,2013,11,24,17,08003KT,19,08
2013-11-24 18:00:00.000,2013,11,24,18,26011KT,18,12
2013-11-24 18:30:00.000,2013,11,24,18,32011KT,15,12
2013-11-24 19:00:00.000,2013,11,24,19,30010KT,15,12
2013-11-24 20:00:00.000,2013,11,24,20,VRB02KT,14,12
2013-11-24 21:00:00.000,2013,11,24,21,25010KT,15,12
2013-11-24 22:00:00.000,2013,11,24,22,VRB02KT,15,11
2013-11-24 23:00:00.000,2013,11,24,23,VRB02KT,14,11
2013-11-25 00:00:00.000,2013,11,25,0,VRB02KT,14,10
2013-11-25 01:00:00.000,2013,11,25,1,VRB02KT,13,12
2013-11-25 02:00:00.000,2013,11,25,2,VRB02KT,13,12
2013-11-25 03:00:00.000,2013,11,25,3,23003KT,13,12
2013-11-25 04:00:00.000,2013,11,25,4,VRB02KT,13,12
2013-11-25 05:00:00.000,2013,11,25,5,21004KT,12,11
2013-11-25 06:00:00.000,2013,11,25,6,VRB02KT,12,11
2013-11-25 07:00:00.000,2013,11,25,7,00000KT,12,11
2013-11-25 08:00:00.000,2013,11,25,8,00000KT,12,11
2013-11-25 09:00:00.000,2013,11,25,9,VRB02KT,12,11
2013-11-25 10:00:00.000,2013,11,25,10,VRB02KT,12,11
2013-11-25 10:30:00.000,2013,11,25,10,30003KT,12,11
2013-11-25 11:00:00.000,2013,11,25,11,00000KT,12,11
2013-11-25 12:00:00.000,2013,11,25,12,VRB02KT,13,10
2013-11-25 13:00:00.000,2013,11,25,13,VRB02KT,14,11
2013-11-25 14:00:00.000,2013,11,25,14,VRB02KT,16,11
2013-11-25 15:00:00.000,2013,11,25,15,33003KT,17,11
2013-11-25 16:00:00.000,2013,11,25,16,30004KT,17,10
2013-11-25 16:00:00.000,2013,11,25,16,30004KT,17,10
2013-11-25 17:00:00.000,2013,11,25,17,30005KT,18,11
2013-11-25 18:00:00.000,2013,11,25,18,30007KT,14,12
2013-11-25 18:15:00.000,2013,11,25,18,05005KT,11,10
2013-11-25 19:00:00.000,2013,11,25,19,34005KT,12,11
2013-11-25 19:20:00.000,2013,11,25,19,31010KT,12,11
2013-11-25 20:00:00.000,2013,11,25,20,28007KT,13,11
2013-11-25 20:35:00.000,2013,11,25,20,23007KT,13,12
2013-11-25 21:00:00.000,2013,11,25,21,20005KT,13,11
2013-11-25 22:00:00.000,2013,11,25,22,00000KT,14,11
2013-11-25 23:00:00.000,2013,11,25,23,VRB02KT,13,11
2013-11-26 00:00:00.000,2013,11,26,0,00000KT,12,11
2013-11-26 01:00:00.000,2013,11,26,1,33003KT,11,11
2013-11-26 02:00:00.000,2013,11,26,2,13004KT,10,09
2013-11-26 03:00:00.000,2013,11,26,3,32004KT,08,08
2013-11-26 04:00:00.000,2013,11,26,4,VRB02KT,09,09
2013-11-26 05:00:00.000,2013,11,26,5,35005KT,07,09
2013-11-26 06:00:00.000,2013,11,26,6,25004KT,09,09
2013-11-26 07:00:00.000,2013,11,26,7,00000KT,09,09
2013-11-26 08:00:00.000,2013,11,26,8,VRB02KT,10,10
2013-11-26 09:00:00.000,2013,11,26,9,31003KT,10,10
2013-11-26 10:00:00.000,2013,11,26,10,VRB02KT,10,09
2013-11-26 10:30:00.000,2013,11,26,10,VRB02KT,10,10
2013-11-26 11:00:00.000,2013,11,26,11,VRB02KT,10,10
2013-11-26 12:00:00.000,2013,11,26,12,VRB02KT,11,10
2013-11-26 13:00:00.000,2013,11,26,13,VRB02KT,12,11
2013-11-26 14:00:00.000,2013,11,26,14,VRB02KT,13,10
2013-11-26 15:00:00.000,2013,11,26,15,35003KT,14,10
2013-11-26 16:00:00.000,2013,11,26,16,33006KT,16,10
2013-11-26 17:00:00.000,2013,11,26,17,VRB02KT,17,10
2013-11-26 18:00:00.000,2013,11,26,18,VRB02KT,19,09
2013-11-26 19:00:00.000,2013,11,26,19,28010KT,18,11
2013-11-26 20:00:00.000,2013,11,26,20,25014KT,19,12
2013-11-26 21:00:00.000,2013,11,26,21,26012KT,18,12
2013-11-26 22:00:00.000,2013,11,26,22,13006KT,16,08
2013-11-26 23:00:00.000,2013,11,26,23,23011KT,15,11
2013-11-27 00:00:00.000,2013,11,27,0,32006KT,15,12
2013-11-27 01:00:00.000,2013,11,27,1,03008KT,13,11
2013-11-27 02:00:00.000,2013,11,27,2,08006KT,13,11
2013-11-27 03:00:00.000,2013,11,27,3,04004KT,13,11
2013-11-27 04:00:00.000,2013,11,27,4,05004KT,13,11
2013-11-27 05:00:00.000,2013,11,27,5,270004KT,11,11
2013-11-27 06:00:00.000,2013,11,27,6,19004KT,11,10
2013-11-27 07:00:00.000,2013,11,27,7,05004KT,12,11
2013-11-27 08:00:00.000,2013,11,27,8,01004KT,11,11
2013-11-27 09:00:00.000,2013,11,27,9,33004KT,09,09
2013-11-27 09:30:00.000,2013,11,27,9,VR02KT,10,10
2013-11-27 10:00:00.000,2013,11,27,10,VRB02KT,10,10
2013-11-27 10:30:00.000,2013,11,27,10,VRB02KT,09,09
2013-11-27 11:00:00.000,2013,11,27,11,03004KT,10,10
2013-11-27 11:25:00.000,2013,11,27,11,35003KT,10,10
2013-11-27 12:00:00.000,2013,11,27,12,VRB02KT,10,10
2013-11-27 13:00:00.000,2013,11,27,13,02003KT,11,11
2013-11-27 13:20:00.000,2013,11,27,13,36003KT,12,11
2013-11-27 14:00:00.000,2013,11,27,14,29003KT,13,12
2013-11-27 15:00:00.000,2013,11,27,15,32003KT,17,10
2013-11-27 16:00:00.000,2013,11,27,16,36008KT,18,10
2013-11-27 17:00:00.000,2013,11,27,17,34005KT,18,09
2013-11-27 18:00:00.000,2013,11,27,18,24008KT,20,10
2013-11-27 19:00:00.000,2013,11,27,19,29012KT,18,11
2013-11-27 20:00:00.000,2013,11,27,20,27016KT,18,11
2013-11-27 21:00:00.000,2013,11,27,21,27012KT,16,11
2013-11-27 22:00:00.000,2013,11,27,22,26007KT,15,11
2013-11-27 23:00:00.000,2013,11,27,23,27004KT,15,12
2013-11-28 00:00:00.000,2013,11,28,0,36007KT,13,11
2013-11-28 01:00:00.000,2013,11,28,1,01003KT,12,11
2013-11-28 02:00:00.000,2013,11,28,2,VRB02KT,12,11
2013-11-28 03:00:00.000,2013,11,28,3,00000KT,11,10
2013-11-28 04:00:00.000,2013,11,28,4,31003KT,10,10
2013-11-28 05:00:00.000,2013,11,28,5,27004KT,11,11
2013-11-28 06:00:00.000,2013,11,28,6,00000KT,10,09
2013-11-28 07:00:00.000,2013,11,28,7,00000KT,10,10
2013-11-28 08:00:00.000,2013,11,28,8,VRB02KT,09,09
2013-11-28 09:00:00.000,2013,11,28,9,VRB02KT,10,09
2013-11-28 09:40:00.000,2013,11,28,9,36004KT,09,09
2013-11-28 10:00:00.000,2013,11,28,10,01003KT,09,09
2013-11-28 10:30:00.000,2013,11,28,10,03005KT,09,09
2013-11-28 11:00:00.000,2013,11,28,11,32003KT,09,09
2013-11-28 11:15:00.000,2013,11,28,11,01003KT,08,08
2013-11-28 11:25:00.000,2013,11,28,11,02003KT,08,08
2013-11-28 11:40:00.000,2013,11,28,11,06003KT,09,09
2013-11-28 12:00:00.000,2013,11,28,12,07004KT,10,10
2013-11-28 12:15:00.000,2013,11,28,12,06004KT,11,11
2013-11-28 12:25:00.000,2013,11,28,12,04004KT,11,11
2013-11-28 13:00:00.000,2013,11,28,13,03006KT,11,11
2013-11-28 13:20:00.000,2013,11,28,13,03004KT,13,12
2013-11-28 14:00:00.000,2013,11,28,14,34004KT,15,12
2013-11-28 15:00:00.000,2013,11,28,15,34004KT,16,09
2013-11-28 16:00:00.000,2013,11,28,16,30008KT,16,11
2013-11-28 17:00:00.000,2013,11,28,17,30010KT,17,11
2013-11-28 18:00:00.000,2013,11,28,18,33005KT,17,12
2013-11-28 19:00:00.000,2013,11,28,19,34004KT,17,12
2013-11-28 20:00:00.000,2013,11,28,20,32007KT,16,13
2013-11-28 21:00:00.000,2013,11,28,21,25010KT,15,12
2013-11-28 22:00:00.000,2013,11,28,22,24003KT,15,12
2013-11-28 23:00:00.000,2013,11,28,23,24004KT,14,11
2013-11-29 00:00:00.000,2013,11,29,0,VRB02KT,13,11
2013-11-29 01:00:00.000,2013,11,29,1,30005KT,13,11
2013-11-29 02:00:00.000,2013,11,29,2,33003KT,13,11
2013-11-29 03:00:00.000,2013,11,29,3,26003KT,12,11
2013-11-29 05:00:00.000,2013,11,29,5,29004KT,13,12
2013-11-29 06:00:00.000,2013,11,29,6,29004KT,12,11
2013-11-29 07:00:00.000,2013,11,29,7,29003KT,12,11
2013-11-29 08:00:00.000,2013,11,29,8,29005KT,11,10
2013-11-29 10:00:00.000,2013,11,29,10,31004KT,11,10
2013-11-29 10:30:00.000,2013,11,29,10,00000KT,11,10
2013-11-29 11:00:00.000,2013,11,29,11,VRB02KT,11,10
2013-11-29 11:30:00.000,2013,11,29,11,34003KT,11,11
2013-11-29 12:00:00.000,2013,11,29,12,VRB02KT,12,11
2013-11-29 13:00:00.000,2013,11,29,13,30004KT,13,11
2013-11-29 14:00:00.000,2013,11,29,14,33004KT,17,11
2013-11-29 15:00:00.000,2013,11,29,15,10003KT,17,10
2013-11-29 16:00:00.000,2013,11,29,16,30008KT,18,10
2013-11-29 17:00:00.000,2013,11,29,17,30006KT,17,11
2013-11-29 17:08:00.000,2013,11,29,17,30010KT,15,11
2013-11-29 17:26:00.000,2013,11,29,17,28010KT,14,12
2013-11-29 17:30:00.000,2013,11,29,17,29007KT,18,16
2013-11-29 18:00:00.000,2013,11,29,18,28008KT,17,12
2013-11-29 18:15:00.000,2013,11,29,18,23010KT,17,12
2013-11-29 19:00:00.000,2013,11,29,19,15008KT,16,11
2013-11-29 20:00:00.000,2013,11,29,20,10010KT,13,10
2013-11-29 20:20:00.000,2013,11,29,20,18006KT,13,11
2013-11-29 21:00:00.000,2013,11,29,21,35004KT,13,11
2013-11-29 22:00:00.000,2013,11,29,22,32003KT,12,11
2013-11-29 23:00:00.000,2013,11,29,23,36004KT,12,10
2013-11-30 00:00:00.000,2013,11,30,0,30004KT,12,10
2013-11-30 01:00:00.000,2013,11,30,1,27003KT,12,10
2013-11-30 02:00:00.000,2013,11,30,2,00000KT,10,09
2013-11-30 03:00:00.000,2013,11,30,3,03003KT,09,09
2013-11-30 04:00:00.000,2013,11,30,4,34004KT,09,08
2013-11-30 05:00:00.000,2013,11,30,5,33004KT,08,08
2013-11-30 06:00:00.000,2013,11,30,6,13003KT,09,08
2013-11-30 07:00:00.000,2013,11,30,7,25003KT,10,08
2013-11-30 08:00:00.000,2013,11,30,8,21003KT,10,10
2013-11-30 09:00:00.000,2013,11,30,9,VRB02KT,10,10
2013-11-30 09:30:00.000,2013,11,30,9,33005KT,09,09
2013-11-30 10:00:00.000,2013,11,30,10,34005KT,09,09
2013-11-30 10:30:00.000,2013,11,30,10,00000KT,10,10
2013-11-30 11:00:00.000,2013,11,30,11,VRB02KT,09,90
2013-11-30 12:00:00.000,2013,11,30,12,VRB02KT,10,10
2013-11-30 13:00:00.000,2013,11,30,13,VRB02KT,12,12
2013-11-30 14:00:00.000,2013,11,30,14,27004KT,16,11
2013-11-30 15:00:00.000,2013,11,30,15,VRB02KT,16,11
2013-11-30 16:00:00.000,2013,11,30,16,33005KT,17,11
2013-11-30 17:00:00.000,2013,11,30,17,28010KT,17,12
2013-11-30 18:00:00.000,2013,11,30,18,29008KT,18,10
2013-11-30 19:00:00.000,2013,11,30,19,29007KT,19,11
2013-11-30 20:00:00.000,2013,11,30,20,28013KT,17,12
2013-11-30 21:00:00.000,2013,11,30,21,27010KT,16,12
2013-11-30 22:00:00.000,2013,11,30,22,15003KT,15,11
2013-11-30 22:25:00.000,2013,11,30,22,VRB02KT,14,11
2013-11-30 22:45:00.000,2013,11,30,22,07003KT,13,12
2013-11-30 23:00:00.000,2013,11,30,23,17007KT,13,12
2013-11-30 23:35:00.000,2013,11,30,23,VRB02KT,13,12
2013-12-01 00:00:00.000,2013,12,1,0,VRB02KT,13,12
2013-12-01 01:00:00.000,2013,12,1,1,VRB02KT,13,12
2013-12-01 02:00:00.000,2013,12,1,2,VRB02KT,13,12
2013-12-01 03:00:00.000,2013,12,1,3,VRB02KT,13,12
2013-12-01 04:00:00.000,2013,12,1,4,VRB02KT,13,12
2013-12-01 05:00:00.000,2013,12,1,5,VRB02KT,13,12
2013-12-01 06:00:00.000,2013,12,1,6,VRB02KT,12,12
2013-12-01 07:00:00.000,2013,12,1,7,VRB02KT,12,12
2013-12-01 08:00:00.000,2013,12,1,8,VRB02KT,12,12
2013-12-01 09:00:00.000,2013,12,1,9,VRB02KT,12,12
2013-12-01 10:00:00.000,2013,12,1,10,31006KT,12,12
2013-12-01 10:30:00.000,2013,12,1,10,30005KT,12,12
2013-12-01 11:00:00.000,2013,12,1,11,30003KT,12,12
2013-12-01 12:00:00.000,2013,12,1,12,VRB02KT,12,12
2013-12-01 13:00:00.000,2013,12,1,13,VRB02KT,13,12
2013-12-01 14:00:00.000,2013,12,1,14,00000KT,14,12
2013-12-01 15:00:00.000,2013,12,1,15,VRB02KT,16,11
2013-12-01 16:00:00.000,2013,12,1,16,VRB02KT,17,11
2013-12-01 17:00:00.000,2013,12,1,17,15005KT,18,11
2013-12-01 18:00:00.000,2013,12,1,18,25008KT,18,11
2013-12-01 19:00:00.000,2013,12,1,19,27011KT,18,12
2013-12-01 19:15:00.000,2013,12,1,19,29009KT,18,11
2013-12-01 20:00:00.000,2013,12,1,20,26013KT,18,10
2013-12-01 21:00:00.000,2013,12,1,21,28010KT,16,12
2013-12-01 22:00:00.000,2013,12,1,22,29007KT,15,12
2013-12-01 23:00:00.000,2013,12,1,23,28004KT,14,12
2013-12-02 00:00:00.000,2013,12,2,0,31004KT,14,13
2013-12-02 01:00:00.000,2013,12,2,1,VRB02KT,13,12
2013-12-02 01:30:00.000,2013,12,2,1,00000KT,13,12
2013-12-02 02:00:00.000,2013,12,2,2,17003KT,13,12
2013-12-02 03:00:00.000,2013,12,2,3,04004KT,12,12
2013-12-02 04:00:00.000,2013,12,2,4,00000KT,12,12
2013-12-02 05:00:00.000,2013,12,2,5,00000KT,12,11
2013-12-02 06:00:00.000,2013,12,2,6,34003KT,12,12
2013-12-02 08:00:00.000,2013,12,2,8,00000KT,12,11
2013-12-02 09:00:00.000,2013,12,2,9,VRB02KT,11,10
2013-12-02 10:00:00.000,2013,12,2,10,00000KT,12,11
2013-12-02 10:30:00.000,2013,12,2,10,00000KT,12,11
2013-12-02 11:00:00.000,2013,12,2,11,18003KT,12,11
2013-12-02 12:00:00.000,2013,12,2,12,VRB02KT,12,11
2013-12-02 12:30:00.000,2013,12,2,12,VRB02KT,12,11
2013-12-02 13:00:00.000,2013,12,2,13,VRB02KT,13,09
2013-12-02 14:00:00.000,2013,12,2,14,VRB02KT,13,11
2013-12-02 15:00:00.000,2013,12,2,15,05004KT,15,10
2013-12-02 16:00:00.000,2013,12,2,16,VRB02KT,16,09
2013-12-02 17:00:00.000,2013,12,2,17,09008KT,18,10
2013-12-02 18:00:00.000,2013,12,2,18,14010KT,17,09
2013-12-02 19:00:00.000,2013,12,2,19,12010KT,17,09
2013-12-02 20:00:00.000,2013,12,2,20,23010KT,15,12
2013-12-02 21:00:00.000,2013,12,2,21,23008KT,15,11
2013-12-02 22:00:00.000,2013,12,2,22,24004KT,14,11
2013-12-02 23:00:00.000,2013,12,2,23,VRB02KT,13,12
2013-12-03 00:00:00.000,2013,12,3,0,VRB02KT,12,11
2013-12-03 01:00:00.000,2013,12,3,1,13010KT,14,09
2013-12-03 02:00:00.000,2013,12,3,2,32004KT,13,10
2013-12-03 03:00:00.000,2013,12,3,3,36003KT,12,10
2013-12-03 04:00:00.000,2013,12,3,4,05004KT,12,10
2013-12-03 05:00:00.000,2013,12,3,5,04004KT,11,10
2013-12-03 06:00:00.000,2013,12,3,6,VRB02KT,12,10
2013-12-03 07:00:00.000,2013,12,3,7,VRB02KT,11,10
2013-12-03 08:00:00.000,2013,12,3,8,VRB02KT,10,09
2013-12-03 09:00:00.000,2013,12,3,9,06003KT,09,08
2013-12-03 10:00:00.000,2013,12,3,10,04003KT,08,08
2013-12-03 10:30:00.000,2013,12,3,10,04003KT,09,08
2013-12-03 11:00:00.000,2013,12,3,11,03003KT,09,08
2013-12-03 12:00:00.000,2013,12,3,12,04004KT,12,10
2013-12-03 13:00:00.000,2013,12,3,13,03003KT,14,10
2013-12-03 14:00:00.000,2013,12,3,14,04003KT,15,10
2013-12-03 15:00:00.000,2013,12,3,15,34003KT,16,10
2013-12-03 16:00:00.000,2013,12,3,16,VRB02KT,16,09
2013-12-03 17:00:00.000,2013,12,3,17,08003KT,16,10
2013-12-03 18:00:00.000,2013,12,3,18,03004KT,16,10
2013-12-03 19:00:00.000,2013,12,3,19,05005KT,16,11
2013-12-03 20:00:00.000,2013,12,3,20,04010KT,16,11
2013-12-03 21:00:00.000,2013,12,3,21,06010KT,16,11
2013-12-03 22:00:00.000,2013,12,3,22,VRB02KT,15,10
2013-12-03 23:00:00.000,2013,12,3,23,24003KT,14,11
2013-12-04 00:00:00.000,2013,12,4,0,VRB02KT,13,11
2013-12-04 01:00:00.000,2013,12,4,1,VRB02KT,13,12
2013-12-04 02:00:00.000,2013,12,4,2,VRB02KT,13,12
2013-12-04 03:00:00.000,2013,12,4,3,01005KT,12,10
2013-12-04 04:00:00.000,2013,12,4,4,VRB02KT,11,10
2013-12-04 05:00:00.000,2013,12,4,5,00000KT,11,09
2013-12-04 06:00:00.000,2013,12,4,6,03006KT,10,09
2013-12-04 07:00:00.000,2013,12,4,7,00000KT,10,09
2013-12-04 08:00:00.000,2013,12,4,8,00000KT,09,08
2013-12-04 09:00:00.000,2013,12,4,9,05004KT,08,08
2013-12-04 10:00:00.000,2013,12,4,10,04006KT,09,08
2013-12-04 10:30:00.000,2013,12,4,10,07004KT,11,10
2013-12-04 11:00:00.000,2013,12,4,11,05004KT,11,10
2013-12-04 12:00:00.000,2013,12,4,12,10004KT,12,10
2013-12-04 13:00:00.000,2013,12,4,13,08004KT,14,11
2013-12-04 14:00:00.000,2013,12,4,14,04006KT,15,11
2013-12-04 15:00:00.000,2013,12,4,15,03004KT,16,10
2013-12-04 16:00:00.000,2013,12,4,16,09006KT,16,10
2013-12-04 17:00:00.000,2013,12,4,17,09012KT,17,10
2013-12-04 18:00:00.000,2013,12,4,18,10006KT,18,09
2013-12-04 19:00:00.000,2013,12,4,19,07010KT,18,10
2013-12-04 20:00:00.000,2013,12,4,20,08009KT,18,09
2013-12-04 21:00:00.000,2013,12,4,21,11005KT,17,09
2013-12-04 22:00:00.000,2013,12,4,22,12007KT,18,08
2013-12-04 23:00:00.000,2013,12,4,23,14006KT,16,09
2013-12-05 00:00:00.000,2013,12,5,0,11009KT,15,09
2013-12-05 01:00:00.000,2013,12,5,1,10006KT,14,09
2013-12-05 02:00:00.000,2013,12,5,2,10003KT,14,09
2013-12-05 03:00:00.000,2013,12,5,3,05004KT,11,09
2013-12-05 04:00:00.000,2013,12,5,4,06004KT,12,09
2013-12-05 05:00:00.000,2013,12,5,5,VRB02KT,13,10
2013-12-05 06:00:00.000,2013,12,5,6,05005KT,12,10
2013-12-05 07:00:00.000,2013,12,5,7,11006KT,12,10
2013-12-05 08:00:00.000,2013,12,5,8,04004KT,11,07
2013-12-05 09:00:00.000,2013,12,5,9,06005KT,10,07
2013-12-05 10:00:00.000,2013,12,5,10,07004KT,10,07
2013-12-05 11:00:00.000,2013,12,5,11,06005KT,10,07
2013-12-05 12:00:00.000,2013,12,5,12,06006KT,11,08
2013-12-05 13:00:00.000,2013,12,5,13,07005KT,15,11
2013-12-05 14:00:00.000,2013,12,5,14,05010KT,17,07
2013-12-05 15:00:00.000,2013,12,5,15,11010KT,18,06
2013-12-05 16:00:00.000,2013,12,5,16,15012KT,19,08
2013-12-05 17:00:00.000,2013,12,5,17,14012KT,20,09
2013-12-05 18:00:00.000,2013,12,5,18,1007KT,20,07
2013-12-05 20:00:00.000,2013,12,5,20,30008KT,17,12
2013-12-05 21:00:00.000,2013,12,5,21,25008KT,16,11
2013-12-05 22:00:00.000,2013,12,5,22,26005KT,15,12
2013-12-05 23:00:00.000,2013,12,5,23,24005KT,14,11
2013-12-06 00:00:00.000,2013,12,6,0,VRB02KT,14,11
2013-12-06 01:00:00.000,2013,12,6,1,VRB02KT,13,11
2013-12-06 02:00:00.000,2013,12,6,2,00000KT,11,10
2013-12-06 03:00:00.000,2013,12,6,3,00000KT,12,11
2013-12-06 04:00:00.000,2013,12,6,4,07003KT,12,11
2013-12-06 05:00:00.000,2013,12,6,5,08006KT,13,07
2013-12-06 06:00:00.000,2013,12,6,6,06003KT,11,08
2013-12-06 07:00:00.000,2013,12,6,7,02005KT,09,08
2013-12-06 08:00:00.000,2013,12,6,8,03005KT,09,09
2013-12-06 09:00:00.000,2013,12,6,9,03003KT,10,09
2013-12-06 10:00:00.000,2013,12,6,10,02007KT,08,07
2013-12-06 10:30:00.000,2013,12,6,10,03005KT,09,08
2013-12-06 11:00:00.000,2013,12,6,11,01005KT,09,07
2013-12-06 12:00:00.000,2013,12,6,12,05005KT,10,08
2013-12-06 13:00:00.000,2013,12,6,13,06007KT,14,08
2013-12-06 14:00:00.000,2013,12,6,14,05009KT,16,08
2013-12-06 15:00:00.000,2013,12,6,15,11011KT,18,09
2013-12-06 16:00:00.000,2013,12,6,16,15011KT,18,11
2013-12-06 17:00:00.000,2013,12,6,17,11013KT,19,11
2013-12-06 18:00:00.000,2013,12,6,18,13006KT,19,07
2013-12-06 19:00:00.000,2013,12,6,19,14008KT,19,07
2013-12-06 20:00:00.000,2013,12,6,20,16008KT,19,07
2013-12-06 21:00:00.000,2013,12,6,21,34008KT,17,09
2013-12-06 22:00:00.000,2013,12,6,22,29008KT,16,11
2013-12-06 23:00:00.000,2013,12,6,23,31004KT,14,10
2013-12-07 00:00:00.000,2013,12,7,0,28005KT,13,11
2013-12-07 01:00:00.000,2013,12,7,1,28003KT,13,12
2013-12-07 02:00:00.000,2013,12,7,2,26005KT,13,12
2013-12-07 03:00:00.000,2013,12,7,3,36004KT,13,11
2013-12-07 04:00:00.000,2013,12,7,4,35003KT,13,11
2013-12-07 05:00:00.000,2013,12,7,5,06003KT,12,10
2013-12-07 07:00:00.000,2013,12,7,7,00000KT,10,09
2013-12-07 08:00:00.000,2013,12,7,8,VRB02KT,09,09
2013-12-07 09:00:00.000,2013,12,7,9,03003KT,10,09
2013-12-07 10:00:00.000,2013,12,7,10,04005KT,09,08
2013-12-07 10:30:00.000,2013,12,7,10,VRB02KT,08,08
2013-12-07 11:00:00.000,2013,12,7,11,31004KT,08,08
2013-12-07 12:00:00.000,2013,12,7,12,06004KT,11,10
2013-12-07 13:00:00.000,2013,12,7,13,07008KT,14,09
2013-12-07 14:00:00.000,2013,12,7,14,01008KT,16,09
2013-12-07 15:00:00.000,2013,12,7,15,15010KT,18,07
2013-12-07 16:00:00.000,2013,12,7,16,VRB02KT,18,08
2013-12-07 17:00:00.000,2013,12,7,17,04005KT,18,07
2013-12-07 18:00:00.000,2013,12,7,18,06003KT,18,08
2013-12-07 19:00:00.000,2013,12,7,19,19006KT,19,09
2013-12-07 20:00:00.000,2013,12,7,20,30012KT,17,13
2013-12-07 21:00:00.000,2013,12,7,21,29012KT,15,12
2013-12-07 22:00:00.000,2013,12,7,22,31008KT,15,12
2013-12-07 23:00:00.000,2013,12,7,23,23004KT,14,12
2013-12-08 00:00:00.000,2013,12,8,0,28006KT,13,11
2013-12-08 00:22:00.000,2013,12,8,0,28007KT,13,11
2013-12-08 01:00:00.000,2013,12,8,1,26003KT,13,11
2013-12-08 02:00:00.000,2013,12,8,2,30003KT,13,11
2013-12-08 03:00:00.000,2013,12,8,3,VRB02KT,12,10
2013-12-08 04:00:00.000,2013,12,8,4,VRB02KT,12,10
2013-12-08 05:00:00.000,2013,12,8,5,VRB02KT,12,10
2013-12-08 06:00:00.000,2013,12,8,6,VRB02KT,12,10
2013-12-08 07:00:00.000,2013,12,8,7,00000KT,12,10
2013-12-08 09:00:00.000,2013,12,8,9,00000KT,11,10
2013-12-08 10:00:00.000,2013,12,8,10,00000KT,11,10
2013-12-08 10:30:00.000,2013,12,8,10,00000KT,11,10
2013-12-08 11:00:00.000,2013,12,8,11,00000KT,11,10
2013-12-08 12:00:00.000,2013,12,8,12,03003KT,12,11
2013-12-08 13:00:00.000,2013,12,8,13,03005KT,13,10
2013-12-08 14:00:00.000,2013,12,8,14,VRB02KT,16,11
2013-12-08 15:00:00.000,2013,12,8,15,22003KT,16,10
2013-12-08 16:00:00.000,2013,12,8,16,23006KT,17,12
2013-12-08 17:00:00.000,2013,12,8,17,26009KT,16,12
2013-12-08 18:00:00.000,2013,12,8,18,34005KT,17,22
2013-12-08 18:40:00.000,2013,12,8,18,31006KT,14,12
2013-12-08 19:00:00.000,2013,12,8,19,28009KT,15,12
2013-12-08 20:00:00.000,2013,12,8,20,02010KT,14,11
2013-12-08 21:00:00.000,2013,12,8,21,32004KT,14,12
2013-12-08 22:00:00.000,2013,12,8,22,33004KT,14,12
2013-12-08 23:00:00.000,2013,12,8,23,34003KT,13,12
2013-12-09 00:00:00.000,2013,12,9,0,28004KT,13,12
2013-12-09 01:00:00.000,2013,12,9,1,VRB02KT,13,11
2013-12-09 02:00:00.000,2013,12,9,2,VRB02KT,13,10
2013-12-09 03:00:00.000,2013,12,9,3,00000KT,12,11
2013-12-09 04:00:00.000,2013,12,9,4,04003KT,12,11
2013-12-09 05:00:00.000,2013,12,9,5,14004KT,12,11
2013-12-09 05:40:00.000,2013,12,9,5,33004KT,12,10
2013-12-09 06:00:00.000,2013,12,9,6,34004KT,12,11
2013-12-09 07:00:00.000,2013,12,9,7,03003KT,10,10
2013-12-09 08:00:00.000,2013,12,9,8,03006KT,11,10
2013-12-09 09:00:00.000,2013,12,9,9,05004KT,11,10
2013-12-09 10:00:00.000,2013,12,9,10,05006KT,11,10
2013-12-09 10:30:00.000,2013,12,9,10,04006KT,11,10
2013-12-09 11:00:00.000,2013,12,9,11,06006KT,11,10
2013-12-09 12:00:00.000,2013,12,9,12,05006KT,12,10
2013-12-09 13:00:00.000,2013,12,9,13,06006KT,14,10
2013-12-09 15:00:00.000,2013,12,9,15,10012KT,16,09
2013-12-09 16:00:00.000,2013,12,9,16,15014KT,17,10
2013-12-09 17:00:00.000,2013,12,9,17,13006KT,17,09
2013-12-09 18:00:00.000,2013,12,9,18,13006KT,17,09
2013-12-09 19:00:00.000,2013,12,9,19,13008KT,17,08
2013-12-09 20:00:00.000,2013,12,9,20,17006KT,17,08
2013-12-09 21:00:00.000,2013,12,9,21,13006KT,16,09
2013-12-09 22:00:00.000,2013,12,9,22,06005KT,16,08
2013-12-09 23:00:00.000,2013,12,9,23,06007KT,14,09
2013-12-10 00:00:00.000,2013,12,10,0,05004KT,14,08
2013-12-10 01:00:00.000,2013,12,10,1,06004KT,12,08
2013-12-10 02:00:00.000,2013,12,10,2,04003KT,12,08
2013-12-10 03:00:00.000,2013,12,10,3,06003KT,11,08
2013-12-10 04:00:00.000,2013,12,10,4,05006KT,10,08
2013-12-10 05:00:00.000,2013,12,10,5,06005KT,10,08
2013-12-10 06:00:00.000,2013,12,10,6,05004KT,10,08
2013-12-10 07:00:00.000,2013,12,10,7,05005KT,11,09
2013-12-10 08:00:00.000,2013,12,10,8,04005KT,12,09
2013-12-10 09:00:00.000,2013,12,10,9,05007KT,11,09
2013-12-10 10:00:00.000,2013,12,10,10,03004KT,11,09
2013-12-10 10:30:00.000,2013,12,10,10,05005KT,11,10
2013-12-10 11:00:00.000,2013,12,10,11,06005KT,11,09
2013-12-10 12:00:00.000,2013,12,10,12,04006KT,12,10
2013-12-10 13:00:00.000,2013,12,10,13,06006KT,14,09
2013-12-10 14:00:00.000,2013,12,10,14,10005KT,15,09
2013-12-10 15:00:00.000,2013,12,10,15,13015KT,16,08
2013-12-10 16:00:00.000,2013,12,10,16,15018KT,17,09
2013-12-10 17:00:00.000,2013,12,10,17,10010KT,17,08
2013-12-10 18:00:00.000,2013,12,10,18,08010KT,18,09
2013-12-10 19:00:00.000,2013,12,10,19,09012KT,18,08
2013-12-10 20:00:00.000,2013,12,10,20,12008KT,19,06
2013-12-10 21:00:00.000,2013,12,10,21,09012KT,18,07
2013-12-10 22:00:00.000,2013,12,10,22,14012KT,16,07
2013-12-10 23:00:00.000,2013,12,10,23,06006KT,14,07
2013-12-11 00:00:00.000,2013,12,11,0,03003KT,13,08
2013-12-11 01:00:00.000,2013,12,11,1,02004KT,12,07
2013-12-11 02:00:00.000,2013,12,11,2,07004KT,11,07
2013-12-11 03:00:00.000,2013,12,11,3,05005KT,11,08
2013-12-11 04:00:00.000,2013,12,11,4,01003KT,10,08
2013-12-11 05:00:00.000,2013,12,11,5,05005KT,10,08
2013-12-11 06:00:00.000,2013,12,11,6,08003KT,09,08
2013-12-11 07:00:00.000,2013,12,11,7,VRB02KT,07,06
2013-12-11 08:00:00.000,2013,12,11,8,VRB02KT,09,08
2013-12-11 09:00:00.000,2013,12,11,9,VRB02KT,08,07
2013-12-11 10:00:00.000,2013,12,11,10,VRB02KT,08,07
2013-12-11 10:30:00.000,2013,12,11,10,VRB02KT,08,07
2013-12-11 11:00:00.000,2013,12,11,11,VRB02KT,06,05
2013-12-11 11:00:00.000,2013,12,11,11,VRB02KT,06,05
2013-12-11 11:38:00.000,2013,12,11,11,06003KT,09,08
2013-12-11 12:00:00.000,2013,12,11,12,04003KT,10,09
2013-12-11 13:00:00.000,2013,12,11,13,06006KT,13,11
2013-12-11 14:00:00.000,2013,12,11,14,01006KT,16,10
2013-12-11 15:00:00.000,2013,12,11,15,06005KT,17,09
2013-12-11 16:00:00.000,2013,12,11,16,13012KT,18,09
2013-12-11 17:00:00.000,2013,12,11,17,07012KT,18,09
2013-12-11 18:00:00.000,2013,12,11,18,15004KT,18,08
2013-12-11 19:00:00.000,2013,12,11,19,06003KT,18,08
2013-12-11 20:00:00.000,2013,12,11,20,09003KT,19,07
2013-12-11 21:00:00.000,2013,12,11,21,08003KT,18,08
2013-12-11 22:00:00.000,2013,12,11,22,11008KT,17,07
2013-12-11 23:00:00.000,2013,12,11,23,12008KT,16,07
2013-12-12 00:00:00.000,2013,12,12,0,10004KT,14,08
2013-12-12 01:00:00.000,2013,12,12,1,02004KT,13,08
2013-12-12 02:00:00.000,2013,12,12,2,VRB02KT,12,09
2013-12-12 03:00:00.000,2013,12,12,3,04004KT,12,09
2013-12-12 04:00:00.000,2013,12,12,4,03005KT,12,09
2013-12-12 05:00:00.000,2013,12,12,5,04003KT,12,10
2013-12-12 06:00:00.000,2013,12,12,6,05004KT,11,09
2013-12-12 07:00:00.000,2013,12,12,7,08004KT,10,09
2013-12-12 08:00:00.000,2013,12,12,8,00000KT,09,08
2013-12-12 09:00:00.000,2013,12,12,9,VRB02KT,09,08
2013-12-12 10:00:00.000,2013,12,12,10,03005KT,10,09
2013-12-12 10:30:00.000,2013,12,12,10,00000KT,10,10
2013-12-12 11:00:00.000,2013,12,12,11,VRB02KT,11,10
2013-12-12 12:00:00.000,2013,12,12,12,04003KT,12,10
2013-12-12 13:00:00.000,2013,12,12,13,03003KT,13,10
2013-12-12 14:00:00.000,2013,12,12,14,01004KT,17,11
2013-12-12 15:00:00.000,2013,12,12,15,10005KT,16,09
2013-12-12 16:00:00.000,2013,12,12,16,07007KT,17,10
2013-12-12 17:00:00.000,2013,12,12,17,04005KT,17,09
2013-12-12 18:00:00.000,2013,12,12,18,10008KT,18,10
2013-12-12 19:00:00.000,2013,12,12,19,06010KT,19,09
2013-12-12 19:00:00.000,2013,12,12,19,06010KT,19,09
2013-12-12 20:00:00.000,2013,12,12,20,06008KT,18,08
2013-12-12 21:00:00.000,2013,12,12,21,26008KT,18,10
2013-12-12 22:00:00.000,2013,12,12,22,24006KT,17,09
2013-12-12 23:00:00.000,2013,12,12,23,12006KT,16,09
2013-12-13 00:00:00.000,2013,12,13,0,06004KT,13,09
2013-12-13 01:00:00.000,2013,12,13,1,12006KT,15,09
2013-12-13 02:00:00.000,2013,12,13,2,25003KT,13,09
2013-12-13 03:00:00.000,2013,12,13,3,03004KT,12,10
2013-12-13 04:00:00.000,2013,12,13,4,33004KT,12,09
2013-12-13 05:00:00.000,2013,12,13,5,00000KT,10,09
2013-12-13 06:00:00.000,2013,12,13,6,020003KT,10,09
2013-12-13 07:00:00.000,2013,12,13,7,00000KT,11,10
2013-12-13 08:00:00.000,2013,12,13,8,VRB02KT,11,10
2013-12-13 09:00:00.000,2013,12,13,9,36003KT,11,10
2013-12-13 10:00:00.000,2013,12,13,10,VRB02KT,10,09
2013-12-13 10:30:00.000,2013,12,13,10,33005KT,10,09
2013-12-13 11:00:00.000,2013,12,13,11,05005KT,10,09
2013-12-13 12:00:00.000,2013,12,13,12,05005KT,12,10
2013-12-13 13:00:00.000,2013,12,13,13,07004KT,14,10
2013-12-13 14:00:00.000,2013,12,13,14,06007KT,15,11
2013-12-13 15:00:00.000,2013,12,13,15,17007KT,15,10
2013-12-13 16:00:00.000,2013,12,13,16,14008KT,16,09
2013-12-13 17:00:00.000,2013,12,13,17,08006KT,17,09
2013-12-13 18:00:00.000,2013,12,13,18,15014KT,18,08
2013-12-13 19:00:00.000,2013,12,13,19,07012KT,18,08
2013-12-13 20:00:00.000,2013,12,13,20,10010KT,17,08
2013-12-13 21:00:00.000,2013,12,13,21,03012KT,16,08
2013-12-13 21:15:00.000,2013,12,13,21,07012KT,16,09
2013-12-13 21:30:00.000,2013,12,13,21,03008KT,16,09
2013-12-13 22:00:00.000,2013,12,13,22,07009KT,15,09
2013-12-13 23:00:00.000,2013,12,13,23,06007KT,14,08
2013-12-14 00:00:00.000,2013,12,14,0,07009KT,14,07
2013-12-14 01:00:00.000,2013,12,14,1,04006KT,12,09
2013-12-14 02:00:00.000,2013,12,14,2,03005KT,12,09
2013-12-14 03:00:00.000,2013,12,14,3,03004KT,11,09
2013-12-14 04:00:00.000,2013,12,14,4,04005KT,10,09
2013-12-14 05:00:00.000,2013,12,14,5,07007KT,09,08
2013-12-14 06:00:00.000,2013,12,14,6,07006KT,10,08
2013-12-14 07:00:00.000,2013,12,14,7,VRB02KT,08,07
2013-12-14 08:00:00.000,2013,12,14,8,05006KT,08,07
2013-12-14 09:00:00.000,2013,12,14,9,VRB02KT,08,07
2013-12-14 10:00:00.000,2013,12,14,10,06003KT,08,07
2013-12-14 10:30:00.000,2013,12,14,10,07003KT,08,07
2013-12-14 11:00:00.000,2013,12,14,11,06004KT,08,07
2013-12-14 12:00:00.000,2013,12,14,12,04004KT,10,08
2013-12-14 12:30:00.000,2013,12,14,12,08004KT,12,09
2013-12-14 13:00:00.000,2013,12,14,13,04006KT,14,09
2013-12-14 14:00:00.000,2013,12,14,14,11012KT,16,08
2013-12-14 15:00:00.000,2013,12,14,15,09010KT,18,07
2013-12-14 16:00:00.000,2013,12,14,16,09011KT,18,08
2013-12-14 17:00:00.000,2013,12,14,17,11012KT,18,07
2013-12-14 18:00:00.000,2013,12,14,18,11007G20KT,19,06
2013-12-14 19:00:00.000,2013,12,14,19,11014KT,18,07
2013-12-14 20:00:00.000,2013,12,14,20,10012KT,18,06
2013-12-14 21:00:00.000,2013,12,14,21,11009KT,17,06
2013-12-14 22:00:00.000,2013,12,14,22,07005KT,17,07
2013-12-14 23:00:00.000,2013,12,14,23,09003KT,15,07
2013-12-15 00:00:00.000,2013,12,15,0,04003KT,13,09
2013-12-15 01:00:00.000,2013,12,15,1,06004KT,13,08
2013-12-15 02:00:00.000,2013,12,15,2,05004KT,13,08
2013-12-15 03:00:00.000,2013,12,15,3,VRB02KT,10,08
2013-12-15 04:00:00.000,2013,12,15,4,03004KT,09,07
2013-12-15 05:00:00.000,2013,12,15,5,34004KT,08,08
2013-12-15 06:00:00.000,2013,12,15,6,06004KT,08,08
2013-12-15 07:00:00.000,2013,12,15,7,33003KT,06,06
2013-12-15 09:00:00.000,2013,12,15,9,31003KT,06,05
2013-12-15 10:00:00.000,2013,12,15,10,24003KT,06,05
2013-12-15 10:30:00.000,2013,12,15,10,00000KT,06,06
2013-12-15 11:00:00.000,2013,12,15,11,00000KT,04,04
2013-12-15 12:00:00.000,2013,12,15,12,VRB02KT,05,04
2013-12-15 12:15:00.000,2013,12,15,12,VRB02KT,08,07
2013-12-15 13:00:00.000,2013,12,15,13,06005KT,11,10
2013-12-15 14:00:00.000,2013,12,15,14,02008KT,15,11
2013-12-15 15:00:00.000,2013,12,15,15,07008KT,18,09
2013-12-15 16:00:00.000,2013,12,15,16,11010KT,18,07
2013-12-15 17:00:00.000,2013,12,15,17,09008KT,17,07
2013-12-15 18:00:00.000,2013,12,15,18,12018KT,19,07
2013-12-15 19:00:00.000,2013,12,15,19,10005KT,18,07
2013-12-15 20:00:00.000,2013,12,15,20,03008KT,18,08
2013-12-15 21:00:00.000,2013,12,15,21,05009KT,17,09
2013-12-15 22:00:00.000,2013,12,15,22,09004KT,17,09
2013-12-15 23:00:00.000,2013,12,15,23,09007KT,15,08
2013-12-16 00:00:00.000,2013,12,16,0,07008KT,14,09
2013-12-16 01:00:00.000,2013,12,16,1,09004KT,13,09
2013-12-16 02:00:00.000,2013,12,16,2,01004KT,13,09
2013-12-16 03:00:00.000,2013,12,16,3,36004KT,12,09
2013-12-16 04:00:00.000,2013,12,16,4,07004KT,11,09
2013-12-16 05:00:00.000,2013,12,16,5,06006KT,10,09
2013-12-16 06:00:00.000,2013,12,16,6,04006KT,10,09
2013-12-16 07:00:00.000,2013,12,16,7,06004KT,10,09
2013-12-16 08:00:00.000,2013,12,16,8,05006KT,10,09
2013-12-16 09:00:00.000,2013,12,16,9,02004KT,11,09
2013-12-16 10:00:00.000,2013,12,16,10,05004KT,10,09
2013-12-16 10:30:00.000,2013,12,16,10,VRB02KT,09,08
2013-12-16 11:00:00.000,2013,12,16,11,VRB02KT,09,09
2013-12-16 12:00:00.000,2013,12,16,12,VRB02KT,12,10
2013-12-16 13:00:00.000,2013,12,16,13,09005KT,14,11
2013-12-16 14:00:00.000,2013,12,16,14,03010KT,16,11
2013-12-16 15:00:00.000,2013,12,16,15,04008KT,18,09
2013-12-16 16:00:00.000,2013,12,16,16,04008KT,19,08
2013-12-16 17:00:00.000,2013,12,16,17,06010KT,19,08
2013-12-16 18:00:00.000,2013,12,16,18,07009KT,20,08
2013-12-16 19:00:00.000,2013,12,16,19,05010KT,20,08
2013-12-16 20:00:00.000,2013,12,16,20,05007KT,19,09
2013-12-16 21:00:00.000,2013,12,16,21,25008KT,18,11
2013-12-16 22:00:00.000,2013,12,16,22,24008KT,16,12
2013-12-16 23:00:00.000,2013,12,16,23,21003KT,15,12
2013-12-17 00:00:00.000,2013,12,17,0,29004KT,14,12
2013-12-17 01:00:00.000,2013,12,17,1,VRB02KT,13,11
2013-12-17 02:00:00.000,2013,12,17,2,33003KT,13,11
2013-12-17 03:00:00.000,2013,12,17,3,02006KT,12,10
2013-12-17 04:00:00.000,2013,12,17,4,33004KT,11,10
2013-12-17 05:00:00.000,2013,12,17,5,31003KT,11,09
2013-12-17 06:00:00.000,2013,12,17,6,VRB02KT,10,09
2013-12-17 07:00:00.000,2013,12,17,7,02004KT,10,09
2013-12-17 08:00:00.000,2013,12,17,8,VRB02KT,10,09
2013-12-17 09:00:00.000,2013,12,17,9,VRB02KT,08,07
2013-12-17 10:00:00.000,2013,12,17,10,VRB02KT,07,06
2013-12-17 10:30:00.000,2013,12,17,10,VRB02KT,07,07
2013-12-17 11:00:00.000,2013,12,17,11,00000KT,07,07
2013-12-17 12:00:00.000,2013,12,17,12,07006KT,10,09
2013-12-17 13:00:00.000,2013,12,17,13,05009KT,13,11
2013-12-17 13:38:00.000,2013,12,17,13,06007KT,16,10
2013-12-17 14:00:00.000,2013,12,17,14,05008KT,17,09
2013-12-17 15:00:00.000,2013,12,17,15,03010KT,18,11
2013-12-17 16:00:00.000,2013,12,17,16,06009KT,19,11
2013-12-17 17:00:00.000,2013,12,17,17,06009KT,20,11
2013-12-17 18:00:00.000,2013,12,17,18,31007KT,19,14
2013-12-17 19:00:00.000,2013,12,17,19,27010KT,17,13
2013-12-17 20:00:00.000,2013,12,17,20,27007KT,17,13
2013-12-17 21:00:00.000,2013,12,17,21,25010KT,17,13
2013-12-17 21:18:00.000,2013,12,17,21,28005KT,17,13
2013-12-17 22:00:00.000,2013,12,17,22,VRB02KT,15,13
2013-12-17 22:17:00.000,2013,12,17,22,31006KT,15,13
2013-12-17 23:00:00.000,2013,12,17,23,33003KT,14,12
2013-12-18 00:00:00.000,2013,12,18,0,02004KT,14,13
2013-12-18 01:00:00.000,2013,12,18,1,28004KT,13,11
2013-12-18 02:00:00.000,2013,12,18,2,32004KT,13,11
2013-12-18 03:00:00.000,2013,12,18,3,VRB02KT,13,11
2013-12-18 06:00:00.000,2013,12,18,6,VRB02KT,10,09
2013-12-18 07:00:00.000,2013,12,18,7,00000KT,10,10
2013-12-18 08:00:00.000,2013,12,18,8,VRB02KT,11,10
2013-12-18 09:00:00.000,2013,12,18,9,34003KT,09,09
2013-12-18 10:00:00.000,2013,12,18,10,35003KT,09,09
2013-12-18 10:30:00.000,2013,12,18,10,VRB02KT,09,09
2013-12-18 11:00:00.000,2013,12,18,11,06003KT,10,09
2013-12-18 12:00:00.000,2013,12,18,12,07004KT,11,11
2013-12-18 12:45:00.000,2013,12,18,12,05004KT,14,11
2013-12-18 13:00:00.000,2013,12,18,13,10003KT,14,11
2013-12-18 14:00:00.000,2013,12,18,14,35004KT,16,11
2013-12-18 15:00:00.000,2013,12,18,15,35003KT,18,08
2013-12-18 16:00:00.000,2013,12,18,16,34006KT,19,09
2013-12-18 17:00:00.000,2013,12,18,17,30010KT,17,11
2013-12-18 18:00:00.000,2013,12,18,18,29010KT,16,13
2013-12-18 19:00:00.000,2013,12,18,19,27008KT,17,13
2013-12-18 20:00:00.000,2013,12,18,20,30010KT,18,12
2013-12-18 20:40:00.000,2013,12,18,20,26008KT,17,12
2013-12-18 21:00:00.000,2013,12,18,21,11006KT,16,11
2013-12-18 21:10:00.000,2013,12,18,21,11008KT,13,11
2013-12-18 22:00:00.000,2013,12,18,22,VRB02KT,12,12
2013-12-18 23:00:00.000,2013,12,18,23,VRB02KT,12,12
2013-12-19 00:00:00.000,2013,12,19,0,VRB02KT,13,12
2013-12-19 01:00:00.000,2013,12,19,1,00000KT,12,11
2013-12-19 02:00:00.000,2013,12,19,2,03005KT,12,12
2013-12-19 03:00:00.000,2013,12,19,3,36003KT,12,12
2013-12-19 04:00:00.000,2013,12,19,4,00000KT,12,12
2013-12-19 05:00:00.000,2013,12,19,5,00000KT,12,12
2013-12-19 06:00:00.000,2013,12,19,6,34003KT,12,12
2013-12-19 07:00:00.000,2013,12,19,7,29006KT,12,11
2013-12-19 08:00:00.000,2013,12,19,8,34003KT,12,11
2013-12-19 09:00:00.000,2013,12,19,9,30004KT,11,11
2013-12-19 10:00:00.000,2013,12,19,10,33003KT,12,11
2013-12-19 10:30:00.000,2013,12,19,10,00000KT,12,11
2013-12-19 11:00:00.000,2013,12,19,11,00000KT,12,11
2013-12-19 12:00:00.000,2013,12,19,12,VRB02KT,12,11
2013-12-19 12:17:00.000,2013,12,19,12,34004KT,12,11
2013-12-19 12:35:00.000,2013,12,19,12,34004KT,13,12
2013-12-19 13:00:00.000,2013,12,19,13,35006KT,14,12
2013-12-19 14:00:00.000,2013,12,19,14,04004KT,16,12
2013-12-19 15:00:00.000,2013,12,19,15,07005KT,18,12
2013-12-19 16:00:00.000,2013,12,19,16,VRB02KT,19,11
2013-12-19 17:00:00.000,2013,12,19,17,32007KT,20,11
2013-12-19 18:00:00.000,2013,12,19,18,32012KT,20,12
2013-12-19 19:00:00.000,2013,12,19,19,27012KT,19,12
2013-12-19 20:00:00.000,2013,12,19,20,27014KT,18,13
2013-12-19 21:00:00.000,2013,12,19,21,32010KT,15,12
2013-12-19 22:00:00.000,2013,12,19,22,35008KT,15,12
2013-12-19 23:00:00.000,2013,12,19,23,33004KT,14,11
2013-12-20 00:00:00.000,2013,12,20,0,11010KT,14,12
2013-12-20 01:00:00.000,2013,12,20,1,30008KT,14,12
2013-12-20 02:00:00.000,2013,12,20,2,33005KT,13,12
2013-12-20 03:00:00.000,2013,12,20,3,04004KT,13,12
2013-12-20 04:00:00.000,2013,12,20,4,VRB02KT,13,12
2013-12-20 05:00:00.000,2013,12,20,5,05003KT,13,12
2013-12-20 06:00:00.000,2013,12,20,6,35004KT,13,12
2013-12-20 07:00:00.000,2013,12,20,7,36003KT,12,11
2013-12-20 08:00:00.000,2013,12,20,8,VRB02KT,11,10
2013-12-20 08:36:00.000,2013,12,20,8,320005KT,10,09
2013-12-20 09:00:00.000,2013,12,20,9,31004KT,10,10
2013-12-20 09:30:00.000,2013,12,20,9,33004KT,10,09
2013-12-20 10:00:00.000,2013,12,20,10,VRB02KT,09,09
2013-12-20 10:30:00.000,2013,12,20,10,00000KT,10,10
2013-12-20 11:00:00.000,2013,12,20,11,31004KT,10,10
2013-12-20 11:16:00.000,2013,12,20,11,31004KT,10,10
2013-12-20 11:30:00.000,2013,12,20,11,33003KT,10,10
2013-12-20 12:00:00.000,2013,12,20,12,VRB02KT,10,10
2013-12-20 12:30:00.000,2013,12,20,12,VRB02KT,12,11
2013-12-20 13:00:00.000,2013,12,20,13,05005KT,12,12
2013-12-20 13:00:00.000,2013,12,20,13,05005KT,12,12
2013-12-20 14:00:00.000,2013,12,20,14,05006KT,15,12
2013-12-20 14:00:00.000,2013,12,20,14,05006KT,15,12
2013-12-20 15:00:00.000,2013,12,20,15,02005KT,17,11
2013-12-20 16:00:00.000,2013,12,20,16,31005KT,18,11
2013-12-20 17:00:00.000,2013,12,20,17,01004KT,20,10
2013-12-20 18:00:00.000,2013,12,20,18,27010KT,20,12
2013-12-20 18:30:00.000,2013,12,20,18,31013KT,19,13
2013-12-20 19:00:00.000,2013,12,20,19,27015KT,19,13
2013-12-20 20:00:00.000,2013,12,20,20,27015KT,17,12
2013-12-20 21:00:00.000,2013,12,20,21,27015KT,17,12
2013-12-20 22:00:00.000,2013,12,20,22,27015KT,16,11
2013-12-20 23:00:00.000,2013,12,20,23,26007KT,14,11
2013-12-21 00:00:00.000,2013,12,21,0,26008KT,14,12
2013-12-21 01:00:00.000,2013,12,21,1,28007KT,14,12
2013-12-21 02:00:00.000,2013,12,21,2,02006KT,14,11
2013-12-21 03:00:00.000,2013,12,21,3,03006KT,14,11
2013-12-21 04:00:00.000,2013,12,21,4,03004KT,13,11
2013-12-21 05:00:00.000,2013,12,21,5,04004KT,13,11
2013-12-21 06:00:00.000,2013,12,21,6,210600Z,13,11
2013-12-21 07:00:00.000,2013,12,21,7,VRB02KT,12,11
2013-12-21 08:00:00.000,2013,12,21,8,32004KT,12,11
2013-12-21 09:00:00.000,2013,12,21,9,03003KT,11,10
2013-12-21 10:00:00.000,2013,12,21,10,33003KT,12,11
2013-12-21 10:30:00.000,2013,12,21,10,05005KT,12,11
2013-12-21 11:00:00.000,2013,12,21,11,05004KT,12,11
2013-12-21 12:00:00.000,2013,12,21,12,01003KT,12,11
2013-12-21 13:00:00.000,2013,12,21,13,VRB02KT,14,10
2013-12-21 14:00:00.000,2013,12,21,14,VRB02KT,17,10
2013-12-21 15:00:00.000,2013,12,21,15,32005KT,19,09
2013-12-21 16:00:00.000,2013,12,21,16,29005KT,20,10
2013-12-21 17:00:00.000,2013,12,21,17,25012KT,18,12
2013-12-21 18:00:00.000,2013,12,21,18,27012KT,20,11
2013-12-21 19:00:00.000,2013,12,21,19,26016KT,19,13
2013-12-21 20:00:00.000,2013,12,21,20,26014KT,18,13
2013-12-21 21:00:00.000,2013,12,21,21,26010KT,16,12
2013-12-21 22:00:00.000,2013,12,21,22,28007KT,16,12
2013-12-21 23:00:00.000,2013,12,21,23,23010KT,15,13
2013-12-22 00:00:00.000,2013,12,22,0,27004KT,15,11
2013-12-22 01:00:00.000,2013,12,22,1,03007KT,14,11
2013-12-22 02:00:00.000,2013,12,22,2,02006KT,12,10
2013-12-22 03:00:00.000,2013,12,22,3,02006KT,12,10
2013-12-22 04:00:00.000,2013,12,22,4,01005KT,12,10
2013-12-22 05:00:00.000,2013,12,22,5,01003KT,12,10
2013-12-22 06:00:00.000,2013,12,22,6,35003KT,12,10
2013-12-22 07:00:00.000,2013,12,22,7,VRB02KT,12,10
2013-12-22 08:00:00.000,2013,12,22,8,03005KT,11,09
2013-12-22 09:00:00.000,2013,12,22,9,05006KT,11,09
2013-12-22 10:00:00.000,2013,12,22,10,36003KT,11,09
2013-12-22 10:30:00.000,2013,12,22,10,06007KT,10,09
2013-12-22 11:00:00.000,2013,12,22,11,04006KT,10,09
2013-12-22 12:00:00.000,2013,12,22,12,06005KT,11,09
2013-12-22 13:00:00.000,2013,12,22,13,07008KT,14,09
2013-12-22 14:00:00.000,2013,12,22,14,10005KT,16,09
2013-12-22 15:00:00.000,2013,12,22,15,07005KT,17,09
2013-12-22 16:00:00.000,2013,12,22,16,35004KT,19,10
2013-12-22 17:00:00.000,2013,12,22,17,28007KT,19,11
2013-12-22 18:00:00.000,2013,12,22,18,29009KT,20,11
2013-12-22 19:00:00.000,2013,12,22,19,28012KT,20,11
2013-12-22 20:00:00.000,2013,12,22,20,25008KT,18,12
2013-12-22 21:00:00.000,2013,12,22,21,26010KT,19,11
2013-12-22 22:00:00.000,2013,12,22,22,VRB02KT,16,09
2013-12-22 23:00:00.000,2013,12,22,23,34004KT,15,10
2013-12-23 00:00:00.000,2013,12,23,0,33004KT,14,11
2013-12-23 01:00:00.000,2013,12,23,1,02006KT,13,11
2013-12-23 02:00:00.000,2013,12,23,2,VRB02KT,13,11
2013-12-23 03:00:00.000,2013,12,23,3,33003KT,13,12
2013-12-23 04:00:00.000,2013,12,23,4,VRB02KT,12,11
2013-12-23 05:00:00.000,2013,12,23,5,03004KT,12,11
2013-12-23 06:00:00.000,2013,12,23,6,04004KT,12,11
2013-12-23 07:00:00.000,2013,12,23,7,VRB02KT,12,11
2013-12-23 09:00:00.000,2013,12,23,9,02003KT,12,11
2013-12-23 10:00:00.000,2013,12,23,10,VRB02KT,11,11
2013-12-23 11:00:00.000,2013,12,23,11,VRB02KT,12,11
2013-12-23 12:00:00.000,2013,12,23,12,02006KT,11,11
2013-12-23 12:30:00.000,2013,12,23,12,02006KT,11,11
2013-12-23 13:00:00.000,2013,12,23,13,36003KT,11,10
2013-12-23 14:00:00.000,2013,12,23,14,01003KT,11,10
2013-12-23 15:00:00.000,2013,12,23,15,00000KT,11,10
2013-12-23 16:00:00.000,2013,12,23,16,13003KT,13,11
2013-12-23 17:00:00.000,2013,12,23,17,18004KT,13,11
2013-12-23 18:00:00.000,2013,12,23,18,24006KT,15,11
2013-12-23 19:00:00.000,2013,12,23,19,24010KT,14,10
2013-12-23 20:00:00.000,2013,12,23,20,24008KT,15,10
2013-12-23 21:00:00.000,2013,12,23,21,25010KT,14,10
2013-12-23 22:00:00.000,2013,12,23,22,25008KT,14,10
2013-12-23 23:00:00.000,2013,12,23,23,25004KT,13,11
2013-12-24 00:00:00.000,2013,12,24,0,30003KT,13,09
2013-12-24 01:00:00.000,2013,12,24,1,34003KT,12,10
2013-12-24 02:00:00.000,2013,12,24,2,35003KT,12,10
2013-12-24 03:00:00.000,2013,12,24,3,36003KT,11,09
2013-12-24 04:00:00.000,2013,12,24,4,31003KT,10,10
2013-12-24 05:00:00.000,2013,12,24,5,00000KT,10,09
2013-12-24 06:00:00.000,2013,12,24,6,VRB02KT,10,09
2013-12-24 07:00:00.000,2013,12,24,7,00000KT,10,10
2013-12-24 08:00:00.000,2013,12,24,8,00000KT,10,09
2013-12-24 09:00:00.000,2013,12,24,9,28003KT,09,09
2013-12-24 10:00:00.000,2013,12,24,10,05003KT,09,09
2013-12-24 10:30:00.000,2013,12,24,10,18004KT,10,10
2013-12-24 11:00:00.000,2013,12,24,11,00000KT,11,10
2013-12-24 12:00:00.000,2013,12,24,12,34004KT,11,10
2013-12-24 13:00:00.000,2013,12,24,13,VRB02KT,11,10
2013-12-24 14:00:00.000,2013,12,24,14,VRB02KT,12,10
2013-12-24 15:00:00.000,2013,12,24,15,07003KT,14,10
2013-12-24 16:00:00.000,2013,12,24,16,VRB02KT,17,09
2013-12-24 17:00:00.000,2013,12,24,17,26006KT,16,09
2013-12-24 18:00:00.000,2013,12,24,18,28007KT,16,10
2013-12-24 19:00:00.000,2013,12,24,19,26011KT,17,11
2013-12-24 20:00:00.000,2013,12,24,20,25011KT,16,11
2013-12-24 21:00:00.000,2013,12,24,21,31007KT,15,10
2013-12-24 22:00:00.000,2013,12,24,22,30006KT,15,10
2013-12-24 23:00:00.000,2013,12,24,23,26009KT,14,10
2013-12-25 00:00:00.000,2013,12,25,0,27005KT,13,11
2013-12-25 01:00:00.000,2013,12,25,1,00000KT,12,11
2013-12-25 02:00:00.000,2013,12,25,2,30005KT,12,10
2013-12-25 03:00:00.000,2013,12,25,3,VRB02KT,11,11
2013-12-25 04:00:00.000,2013,12,25,4,VRB02KT,10,10
2013-12-25 05:00:00.000,2013,12,25,5,VRB02KT,10,10
2013-12-25 06:00:00.000,2013,12,25,6,24003KT,11,10
2013-12-25 07:00:00.000,2013,12,25,7,VRB02KT,11,10
2013-12-25 08:00:00.000,2013,12,25,8,VRB02KT,11,10
2013-12-25 09:00:00.000,2013,12,25,9,VRB02KT,11,10
2013-12-25 10:00:00.000,2013,12,25,10,00000KT,11,10
2013-12-25 12:00:00.000,2013,12,25,12,VRB02KT,11,10
2013-12-25 13:00:00.000,2013,12,25,13,24004KT,13,11
2013-12-25 14:00:00.000,2013,12,25,14,VRB02KT,15,12
2013-12-25 15:00:00.000,2013,12,25,15,04004KT,16,10
2013-12-25 16:00:00.000,2013,12,25,16,26004KT,17,10
2013-12-25 17:00:00.000,2013,12,25,17,29006KT,18,12
2013-12-25 18:00:00.000,2013,12,25,18,30014KT,18,12
2013-12-25 19:00:00.000,2013,12,25,19,29012KT,18,12
2013-12-25 20:00:00.000,2013,12,25,20,27016KT,17,11
2013-12-25 21:00:00.000,2013,12,25,21,27008KT,17,11
2013-12-25 22:00:00.000,2013,12,25,22,27012KT,16,11
2013-12-25 23:00:00.000,2013,12,25,23,28006KT,14,10
2013-12-26 01:00:00.000,2013,12,26,1,VRB02KT,12,11
2013-12-26 02:00:00.000,2013,12,26,2,28003KT,12,11
2013-12-26 03:00:00.000,2013,12,26,3,30004KT,13,11
2013-12-26 04:00:00.000,2013,12,26,4,30005KT,12,11
2013-12-26 05:00:00.000,2013,12,26,5,32004KT,12,11
2013-12-26 06:00:00.000,2013,12,26,6,VRB02KT,12,11
2013-12-26 07:00:00.000,2013,12,26,7,VRB02KT,12,10
2013-12-26 08:00:00.000,2013,12,26,8,VRB02KT,11,10
2013-12-26 09:00:00.000,2013,12,26,9,00000KT,12,10
2013-12-26 10:00:00.000,2013,12,26,10,01004KT,11,10
2013-12-26 10:30:00.000,2013,12,26,10,VRB02KT,10,10
2013-12-26 11:00:00.000,2013,12,26,11,VRB02KT,10,09
2013-12-26 12:00:00.000,2013,12,26,12,04005KT,12,10
2013-12-26 13:00:00.000,2013,12,26,13,07004KT,13,10
2013-12-26 14:00:00.000,2013,12,26,14,13003KT,14,10
2013-12-26 15:00:00.000,2013,12,26,15,05004KT,16,10
2013-12-26 16:00:00.000,2013,12,26,16,08003KT,17,09
2013-12-26 17:00:00.000,2013,12,26,17,26010KT,17,10
2013-12-26 18:00:00.000,2013,12,26,18,27008KT,18,12
2013-12-26 19:00:00.000,2013,12,26,19,25010KT,18,12
2013-12-26 20:00:00.000,2013,12,26,20,26008KT,17,12
2013-12-26 21:00:00.000,2013,12,26,21,30008KT,17,12
2013-12-26 21:35:00.000,2013,12,26,21,35005KT,16,12
2013-12-26 22:00:00.000,2013,12,26,22,35003KT,14,12
2013-12-26 23:00:00.000,2013,12,26,23,VRB02KT,14,11
2013-12-27 00:00:00.000,2013,12,27,0,25005KT,13,11
2013-12-27 01:00:00.000,2013,12,27,1,VRB02KT,12,11
2013-12-27 02:00:00.000,2013,12,27,2,VRB02KT,12,11
2013-12-27 03:00:00.000,2013,12,27,3,VRB02KT,12,11
2013-12-27 04:00:00.000,2013,12,27,4,00000KT,11,10
2013-12-27 05:00:00.000,2013,12,27,5,08003KT,10,09
2013-12-27 06:00:00.000,2013,12,27,6,06004KT,11,10
2013-12-27 07:00:00.000,2013,12,27,7,VRB02KT,09,09
2013-12-27 08:00:00.000,2013,12,27,8,03003KT,09,09
2013-12-27 09:00:00.000,2013,12,27,9,VRB02KT,08,08
2013-12-27 10:00:00.000,2013,12,27,10,VRB02KT,08,07
2013-12-27 10:30:00.000,2013,12,27,10,03003KT,08,08
2013-12-27 11:00:00.000,2013,12,27,11,04004KT,07,07
2013-12-27 11:30:00.000,2013,12,27,11,05006KT,08,08
2013-12-27 12:00:00.000,2013,12,27,12,05008KT,08,08
2013-12-27 12:30:00.000,2013,12,27,12,04006KT,09,09
2013-12-27 13:00:00.000,2013,12,27,13,05006KT,11,10
2013-12-27 14:00:00.000,2013,12,27,14,06006KT,14,11
2013-12-27 15:00:00.000,2013,12,27,15,10006KT,15,09
2013-12-27 16:00:00.000,2013,12,27,16,09012KT,17,09
2013-12-27 17:00:00.000,2013,12,27,17,13014KT,17,09
2013-12-27 18:00:00.000,2013,12,27,18,14010KT,18,07
2013-12-27 19:00:00.000,2013,12,27,19,12012KT,17,07
2013-12-27 20:00:00.000,2013,12,27,20,12010KT,17,06
2013-12-27 21:00:00.000,2013,12,27,21,11010KT,17,06
2013-12-27 22:00:00.000,2013,12,27,22,15014KT,16,08
2013-12-27 23:00:00.000,2013,12,27,23,13009KT,15,08
2013-12-28 00:00:00.000,2013,12,28,0,09008KT,15,09
2013-12-28 01:00:00.000,2013,12,28,1,13009KT,14,08
2013-12-28 02:00:00.000,2013,12,28,2,04004KT,12,08
2013-12-28 03:00:00.000,2013,12,28,3,10004KT,12,08
2013-12-28 04:00:00.000,2013,12,28,4,11003KT,12,08
2013-12-28 05:00:00.000,2013,12,28,5,11005KT,12,08
2013-12-28 06:00:00.000,2013,12,28,6,07004KT,10,08
2013-12-28 07:00:00.000,2013,12,28,7,03004KT,09,08
2013-12-28 08:00:00.000,2013,12,28,8,04003KT,09,08
2013-12-28 09:00:00.000,2013,12,28,9,06006KT,08,07
2013-12-28 10:00:00.000,2013,12,28,10,07008KT,08,07
2013-12-28 10:30:00.000,2013,12,28,10,05008KT,07,06
2013-12-28 11:00:00.000,2013,12,28,11,06005KT,07,06
2013-12-28 12:00:00.000,2013,12,28,12,05006KT,09,07
2013-12-28 13:00:00.000,2013,12,28,13,05008KT,12,08
2013-12-28 14:00:00.000,2013,12,28,14,07010KT,14,09
2013-12-28 15:00:00.000,2013,12,28,15,05006KT,17,08
2013-12-28 16:00:00.000,2013,12,28,16,13012KT,19,08
2013-12-28 17:00:00.000,2013,12,28,17,16010KT,20,07
2013-12-28 18:00:00.000,2013,12,28,18,03007KT,20,07
2013-12-28 19:00:00.000,2013,12,28,19,08008KT,21,04
2013-12-28 20:00:00.000,2013,12,28,20,11012KT,21,04
2013-12-28 21:00:00.000,2013,12,28,21,13013KT,20,06
2013-12-28 22:00:00.000,2013,12,28,22,13014KT,19,07
2013-12-28 23:00:00.000,2013,12,28,23,11010KT,17,06
2013-12-29 00:00:00.000,2013,12,29,0,06006KT,15,06
2013-12-29 01:00:00.000,2013,12,29,1,05004KT,13,07
2013-12-29 02:00:00.000,2013,12,29,2,05005KT,12,07
2013-12-29 03:00:00.000,2013,12,29,3,05004KT,11,08
2013-12-29 04:00:00.000,2013,12,29,4,02004KT,09,07
2013-12-29 05:00:00.000,2013,12,29,5,01004KT,10,09
2013-12-29 06:00:00.000,2013,12,29,6,02005KT,08,07
2013-12-29 07:00:00.000,2013,12,29,7,02003KT,09,08
2013-12-29 08:00:00.000,2013,12,29,8,00000KT,09,08
2013-12-29 09:00:00.000,2013,12,29,9,VRB02KT,09,08
2013-12-29 10:00:00.000,2013,12,29,10,04004KT,09,07
2013-12-29 10:30:00.000,2013,12,29,10,06006KT,10,08
2013-12-29 11:00:00.000,2013,12,29,11,04005KT,10,08
2013-12-29 12:00:00.000,2013,12,29,12,05007KT,11,08
2013-12-29 13:00:00.000,2013,12,29,13,07005KT,13,09
2013-12-29 14:00:00.000,2013,12,29,14,06010KT,14,09
2013-12-29 15:00:00.000,2013,12,29,15,12012KT,18,08
2013-12-29 16:00:00.000,2013,12,29,16,13010KT,20,08
2013-12-29 17:00:00.000,2013,12,29,17,14013KT,21,08
2013-12-29 18:00:00.000,2013,12,29,18,16020KT,20,08
2013-12-29 19:00:00.000,2013,12,29,19,12012KT,20,08
2013-12-29 20:00:00.000,2013,12,29,20,16014KT,20,08
2013-12-29 21:00:00.000,2013,12,29,21,13010KT,19,10
2013-12-29 22:00:00.000,2013,12,29,22,13012KT,19,08
2013-12-29 23:00:00.000,2013,12,29,23,12008KT,17,09
2013-12-30 00:00:00.000,2013,12,30,0,05007KT,15,08
2013-12-30 01:00:00.000,2013,12,30,1,06004KT,15,08
2013-12-30 02:00:00.000,2013,12,30,2,VRB02KT,13,08
2013-12-30 03:00:00.000,2013,12,30,3,01003KT,10,08
2013-12-30 04:00:00.000,2013,12,30,4,36003KT,10,07
2013-12-30 05:00:00.000,2013,12,30,5,04003KT,09,07
2013-12-30 06:00:00.000,2013,12,30,6,31004KT,08,07
2013-12-30 07:00:00.000,2013,12,30,7,VRB02KT,07,06
2013-12-30 08:00:00.000,2013,12,30,8,VRB02KT,06,05
2013-12-30 09:00:00.000,2013,12,30,9,27003KT,06,06
2013-12-30 10:00:00.000,2013,12,30,10,00000KT,05,05
2013-12-30 10:43:00.000,2013,12,30,10,03004KT,05,05
2013-12-30 11:00:00.000,2013,12,30,11,04004KT,06,06
2013-12-30 11:30:00.000,2013,12,30,11,05004KT,08,08
2013-12-30 12:00:00.000,2013,12,30,12,04006KT,08,08
2013-12-30 12:20:00.000,2013,12,30,12,05004KT,09,09
2013-12-30 13:00:00.000,2013,12,30,13,03006KT,10,10
2013-12-30 14:00:00.000,2013,12,30,14,04010KT,14,08
2013-12-30 15:00:00.000,2013,12,30,15,04008KT,17,07
2013-12-30 16:00:00.000,2013,12,30,16,02006KT,19,07
2013-12-30 17:00:00.000,2013,12,30,17,13012KT,20,04
2013-12-30 18:00:00.000,2013,12,30,18,12011KT,21,03
2013-12-30 19:00:00.000,2013,12,30,19,13011KT,22,03
2013-12-30 20:00:00.000,2013,12,30,20,14013KT,22,03
2013-12-30 21:00:00.000,2013,12,30,21,14012KT,21,03
2013-12-30 22:00:00.000,2013,12,30,22,11012KT,19,03
2013-12-30 23:00:00.000,2013,12,30,23,12010KT,18,03
2013-12-31 00:00:00.000,2013,12,31,0,09005KT,16,05
2013-12-31 01:00:00.000,2013,12,31,1,VRB02KT,11,06
2013-12-31 02:00:00.000,2013,12,31,2,02010KT,11,07
2013-12-31 03:00:00.000,2013,12,31,3,VRB02KT,09,07
2013-12-31 04:00:00.000,2013,12,31,4,03006KT,09,08
2013-12-31 05:00:00.000,2013,12,31,5,02005KT,09,07
2013-12-31 06:00:00.000,2013,12,31,6,VRB02KT,08,08
2013-12-31 07:00:00.000,2013,12,31,7,VRB02KT,08,08
2013-12-31 08:00:00.000,2013,12,31,8,VRB02KT,05,05
2013-12-31 09:00:00.000,2013,12,31,9,VRB02KT,08,07
2013-12-31 10:00:00.000,2013,12,31,10,VRB02KT,07,07
2013-12-31 10:30:00.000,2013,12,31,10,03005KT,07,07
2013-12-31 11:00:00.000,2013,12,31,11,VRB02KT,06,06
2013-12-31 12:00:00.000,2013,12,31,12,06004KT,08,08
2013-12-31 13:00:00.000,2013,12,31,13,06008KT,13,08
2013-12-31 14:00:00.000,2013,12,31,14,05006KT,15,08
2013-12-31 15:00:00.000,2013,12,31,15,03008KT,18,08
2013-12-31 16:00:00.000,2013,12,31,16,11006KT,18,07
2013-12-31 17:00:00.000,2013,12,31,17,13004KT,20,08
2013-12-31 18:00:00.000,2013,12,31,18,11006KT,20,08
2013-12-31 19:00:00.000,2013,12,31,19,14016KT,20,07
2013-12-31 20:00:00.000,2013,12,31,20,16018KT,20,08
2013-12-31 21:00:00.000,2013,12,31,21,12014KT,20,08
2013-12-31 22:00:00.000,2013,12,31,22,15012KT,18,06
2013-12-31 23:00:00.000,2013,12,31,23,10006KT,17,07
2014-01-01 00:00:00.000,2014,1,1,0,13007KT,14,06
2014-01-01 01:00:00.000,2014,1,1,1,28006KT,12,07
2014-01-01 02:00:00.000,2014,1,1,2,36004KT,10,07
2014-01-01 03:00:00.000,2014,1,1,3,03004KT,10,08
2014-01-01 04:00:00.000,2014,1,1,4,04004KT,10,08
2014-01-01 05:00:00.000,2014,1,1,5,VRB02KT,11,09
2014-01-01 06:00:00.000,2014,1,1,6,05005KT,10,08
2014-01-01 07:00:00.000,2014,1,1,7,05005KT,09,07
2014-01-01 08:00:00.000,2014,1,1,8,06006KT,09,07
2014-01-01 09:00:00.000,2014,1,1,9,04004KT,08,07
2014-01-01 10:00:00.000,2014,1,1,10,06005KT,08,07
2014-01-01 10:30:00.000,2014,1,1,10,05008KT,08,07
2014-01-01 11:00:00.000,2014,1,1,11,04006KT,08,07
2014-01-01 12:00:00.000,2014,1,1,12,05008KT,10,08
2014-01-01 13:00:00.000,2014,1,1,13,03007KT,13,08
2014-01-01 14:00:00.000,2014,1,1,14,07003KT,15,08
2014-01-01 15:00:00.000,2014,1,1,15,10010KT,18,06
2014-01-01 16:00:00.000,2014,1,1,16,06012KT,19,04
2014-01-01 17:00:00.000,2014,1,1,17,17010KT,20,04
2014-01-01 18:00:00.000,2014,1,1,18,15012KT,21,03
2014-01-01 19:00:00.000,2014,1,1,19,12012KT,21,06
2014-01-01 20:00:00.000,2014,1,1,20,11005KT,21,04
2014-01-01 21:00:00.000,2014,1,1,21,12006KT,19,04
2014-01-01 22:00:00.000,2014,1,1,22,22006KT,19,08
2014-01-01 23:00:00.000,2014,1,1,23,25007KT,16,11
2014-01-02 00:00:00.000,2014,1,2,0,33003KT,14,11
2014-01-02 01:00:00.000,2014,1,2,1,34004KT,12,11
2014-01-02 02:00:00.000,2014,1,2,2,03003KT,12,11
2014-01-02 03:00:00.000,2014,1,2,3,04006KT,12,07
2014-01-02 04:00:00.000,2014,1,2,4,03005KT,11,08
2014-01-02 05:00:00.000,2014,1,2,5,06005KT,08,07
2014-01-02 06:00:00.000,2014,1,2,6,03004KT,08,07
2014-01-02 07:00:00.000,2014,1,2,7,VRB02KT,07,07
2014-01-02 08:00:00.000,2014,1,2,8,04004KT,07,06
2014-01-02 09:00:00.000,2014,1,2,9,VRB02KT,06,05
2014-01-02 10:00:00.000,2014,1,2,10,36003KT,05,04
2014-01-02 10:30:00.000,2014,1,2,10,02003KT,05,04
2014-01-02 11:00:00.000,2014,1,2,11,03004KT,05,05
2014-01-02 12:00:00.000,2014,1,2,12,00000KT,07,07
2014-01-02 13:00:00.000,2014,1,2,13,08004KT,12,08
2014-01-02 14:00:00.000,2014,1,2,14,02006KT,14,08
2014-01-02 15:00:00.000,2014,1,2,15,02006KT,17,08
2014-01-02 16:00:00.000,2014,1,2,16,17008KT,18,08
2014-01-02 17:00:00.000,2014,1,2,17,20010KT,21,04
2014-01-02 18:00:00.000,2014,1,2,18,23015KT,21,09
2014-01-02 19:00:00.000,2014,1,2,19,22013KT,20,09
2014-01-02 20:00:00.000,2014,1,2,20,28014KT,18,10
2014-01-02 21:00:00.000,2014,1,2,21,29011KT,19,10
2014-01-02 22:00:00.000,2014,1,2,22,25009KT,18,10
2014-01-02 23:00:00.000,2014,1,2,23,24007KT,16,10
2014-01-03 00:00:00.000,2014,1,3,0,30003KT,14,09
2014-01-03 01:00:00.000,2014,1,3,1,27003KT,14,10
2014-01-03 02:00:00.000,2014,1,3,2,VRB02KT,14,11
2014-01-03 03:00:00.000,2014,1,3,3,04003KT,13,11
2014-01-03 04:00:00.000,2014,1,3,4,00000KT,13,10
2014-01-03 05:00:00.000,2014,1,3,5,36003KT,11,10
2014-01-03 06:00:00.000,2014,1,3,6,00000KT,11,10
2014-01-03 07:00:00.000,2014,1,3,7,05004KT,10,09
2014-01-03 08:00:00.000,2014,1,3,8,03004KT,09,08
2014-01-03 09:00:00.000,2014,1,3,9,05004KT,07,07
2014-01-03 10:00:00.000,2014,1,3,10,03004KT,08,07
2014-01-03 10:30:00.000,2014,1,3,10,33003KT,07,07
2014-01-03 11:00:00.000,2014,1,3,11,01003KT,06,06
2014-01-03 12:00:00.000,2014,1,3,12,01005KT,10,09
2014-01-03 13:00:00.000,2014,1,3,13,05010KT,14,10
2014-01-03 14:00:00.000,2014,1,3,14,05010KT,16,09
2014-01-03 15:00:00.000,2014,1,3,15,10010KT,16,08
2014-01-03 15:40:00.000,2014,1,3,15,12010KT,19,08
2014-01-03 16:00:00.000,2014,1,3,16,13008G15KT,19,08
2014-01-03 17:00:00.000,2014,1,3,17,11010KT,18,06
2014-01-03 18:00:00.000,2014,1,3,18,15008KT,19,08
2014-01-03 19:00:00.000,2014,1,3,19,16012KT,20,07
2014-01-03 20:00:00.000,2014,1,3,20,16012KT,20,07
2014-01-03 21:00:00.000,2014,1,3,21,17014KT,19,08
2014-01-03 22:00:00.000,2014,1,3,22,09010KT,18,08
2014-01-03 23:00:00.000,2014,1,3,23,10005KT,17,08
2014-01-04 00:00:00.000,2014,1,4,0,13006KT,18,10
2014-01-04 01:00:00.000,2014,1,4,1,VRB02KT,14,10
2014-01-04 02:00:00.000,2014,1,4,2,07004KT,14,10
2014-01-04 03:00:00.000,2014,1,4,3,02004KT,13,10
2014-01-04 04:00:00.000,2014,1,4,4,03006KT,12,09
2014-01-04 05:00:00.000,2014,1,4,5,06006KT,10,08
2014-01-04 06:00:00.000,2014,1,4,6,05006KT,11,09
2014-01-04 07:00:00.000,2014,1,4,7,32004KT,08,08
2014-01-04 08:00:00.000,2014,1,4,8,02004KT,09,09
2014-01-04 09:00:00.000,2014,1,4,9,05006KT,10,09
2014-01-04 10:00:00.000,2014,1,4,10,06006KT,07,07
2014-01-04 10:30:00.000,2014,1,4,10,06006KT,08,08
2014-01-04 11:00:00.000,2014,1,4,11,04006KT,07,07
2014-01-04 12:00:00.000,2014,1,4,12,05005KT,10,09
2014-01-04 13:00:00.000,2014,1,4,13,06005KT,13,10
2014-01-04 14:00:00.000,2014,1,4,14,06005KT,15,10
2014-01-04 15:00:00.000,2014,1,4,15,15010KT,17,08
2014-01-04 16:00:00.000,2014,1,4,16,13010KT,17,08
2014-01-04 17:00:00.000,2014,1,4,17,13012KT,17,09
2014-01-04 18:00:00.000,2014,1,4,18,12012KT,17,08
2014-01-04 19:00:00.000,2014,1,4,19,15012KT,18,08
2014-01-04 20:00:00.000,2014,1,4,20,15014KT,18,08
2014-01-04 21:00:00.000,2014,1,4,21,17010KT,17,08
2014-01-04 22:00:00.000,2014,1,4,22,14010KT,18,08
2014-01-04 23:00:00.000,2014,1,4,23,10003KT,16,08
2014-01-05 00:00:00.000,2014,1,5,0,13010KT,15,09
2014-01-05 01:00:00.000,2014,1,5,1,08005KT,13,09
2014-01-05 02:00:00.000,2014,1,5,2,06006KT,12,09
2014-01-05 03:00:00.000,2014,1,5,3,06003KT,10,09
2014-01-05 05:00:00.000,2014,1,5,5,07005KT,10,08
2014-01-05 06:00:00.000,2014,1,5,6,03004KT,09,08
2014-01-05 07:00:00.000,2014,1,5,7,03004KT,09,08
2014-01-05 08:00:00.000,2014,1,5,8,05006KT,09,08
2014-01-05 09:00:00.000,2014,1,5,9,05004KT,08,07
2014-01-05 10:00:00.000,2014,1,5,10,06004KT,08,07
2014-01-05 10:30:00.000,2014,1,5,10,06006KT,08,07
2014-01-05 11:00:00.000,2014,1,5,11,06003KT,08,07
2014-01-05 12:00:00.000,2014,1,5,12,04003KT,08,08
2014-01-05 13:00:00.000,2014,1,5,13,03006KT,12,09
2014-01-05 14:00:00.000,2014,1,5,14,04012KT,15,09
2014-01-05 15:00:00.000,2014,1,5,15,06010KT,17,09
2014-01-05 16:00:00.000,2014,1,5,16,06007KT,20,09
2014-01-05 17:00:00.000,2014,1,5,17,06012KT,21,08
2014-01-05 18:00:00.000,2014,1,5,18,27004KT,22,08
2014-01-05 19:00:00.000,2014,1,5,19,26012KT,20,12
2014-01-05 20:00:00.000,2014,1,5,20,27015KT,19,11
2014-01-05 21:00:00.000,2014,1,5,21,20010KT,17,12
2014-01-05 21:15:00.000,2014,1,5,21,28008KT,14,12
2014-01-05 21:30:00.000,2014,1,5,21,19003KT,15,11
2014-01-05 22:00:00.000,2014,1,5,22,04004KT,16,12
2014-01-05 23:00:00.000,2014,1,5,23,10004KT,14,10
2014-01-06 00:00:00.000,2014,1,6,0,VRB02KT,13,11
2014-01-06 01:00:00.000,2014,1,6,1,03004KT,13,12
2014-01-06 02:00:00.000,2014,1,6,2,06005KT,13,11
2014-01-06 03:00:00.000,2014,1,6,3,05006KT,13,11
2014-01-06 04:00:00.000,2014,1,6,4,06005KT,13,11
2014-01-06 05:00:00.000,2014,1,6,5,33004KT,13,11
2014-01-06 06:00:00.000,2014,1,6,6,VRB02KT,13,11
2014-01-06 07:00:00.000,2014,1,6,7,18003KT,12,11
2014-01-06 08:00:00.000,2014,1,6,8,01004KT,12,11
2014-01-06 09:00:00.000,2014,1,6,9,06004KT,12,11
2014-01-06 10:00:00.000,2014,1,6,10,34004KT,12,11
2014-01-06 10:30:00.000,2014,1,6,10,VRB02KT,12,11
2014-01-06 11:00:00.000,2014,1,6,11,00000KT,12,11
2014-01-06 12:00:00.000,2014,1,6,12,03005KT,12,10
2014-01-06 13:00:00.000,2014,1,6,13,36003KT,13,11
2014-01-06 14:00:00.000,2014,1,6,14,04004KT,14,11
2014-01-06 15:00:00.000,2014,1,6,15,03006KT,15,11
2014-01-06 16:00:00.000,2014,1,6,16,10006KT,16,10
2014-01-06 17:00:00.000,2014,1,6,17,36007KT,18,11
2014-01-06 18:00:00.000,2014,1,6,18,28012KT,16,11
2014-01-06 19:00:00.000,2014,1,6,19,23010KT,15,11
2014-01-06 20:00:00.000,2014,1,6,20,23010KT,15,11
2014-01-06 20:10:00.000,2014,1,6,20,30008KT,14,12
2014-01-06 21:35:00.000,2014,1,6,21,30009KT,12,11
2014-01-06 22:00:00.000,2014,1,6,22,30008KT,12,11
2014-01-06 23:00:00.000,2014,1,6,23,VRB02KT,13,11
2014-01-07 00:00:00.000,2014,1,7,0,VRB02KT,13,11
2014-01-07 01:00:00.000,2014,1,7,1,04003KT,13,11
2014-01-07 02:00:00.000,2014,1,7,2,05004KT,13,11
2014-01-07 03:00:00.000,2014,1,7,3,03003KT,12,11
2014-01-07 04:00:00.000,2014,1,7,4,00000KT,12,11
2014-01-07 05:00:00.000,2014,1,7,5,VRB02KT,12,11
2014-01-07 06:00:00.000,2014,1,7,6,VRB02KT,11,10
2014-01-07 07:00:00.000,2014,1,7,7,00000KT,10,10
2014-01-07 08:00:00.000,2014,1,7,8,VRB02KT,11,11
2014-01-07 09:00:00.000,2014,1,7,9,00000KT,11,11
2014-01-07 10:00:00.000,2014,1,7,10,VRB02KT,11,11
2014-01-07 10:30:00.000,2014,1,7,10,VRB02KT,11,10
2014-01-07 11:00:00.000,2014,1,7,11,00000KT,11,11
2014-01-07 12:00:00.000,2014,1,7,12,06003KT,12,11
2014-01-07 13:00:00.000,2014,1,7,13,35003KT,13,11
2014-01-07 13:35:00.000,2014,1,7,13,01004KT,14,11
2014-01-07 15:00:00.000,2014,1,7,15,34004KT,16,11
2014-01-07 16:00:00.000,2014,1,7,16,03007KT,18,10
2014-01-07 18:00:00.000,2014,1,7,18,22007KT,16,12
2014-01-07 20:00:00.000,2014,1,7,20,23008KT,17,11
2014-01-07 21:00:00.000,2014,1,7,21,26009KT,17,11
2014-01-07 23:00:00.000,2014,1,7,23,28008KT,14,11
2014-01-08 00:00:00.000,2014,1,8,0,VRB02KT,14,12
2014-01-08 00:10:00.000,2014,1,8,0,35010KT,11,11
2014-01-08 01:00:00.000,2014,1,8,1,34005KT,12,11
2014-01-08 02:00:00.000,2014,1,8,2,VRB02KT,12,11
2014-01-08 02:28:00.000,2014,1,8,2,VRB02KT,12,11
2014-01-08 03:00:00.000,2014,1,8,3,26003KT,12,11
2014-01-08 04:00:00.000,2014,1,8,4,24003KT,12,12
2014-01-08 05:00:00.000,2014,1,8,5,35003KT,12,12
2014-01-08 06:00:00.000,2014,1,8,6,34003KT,12,12
2014-01-08 07:00:00.000,2014,1,8,7,VRB02KT,12,11
2014-01-08 08:00:00.000,2014,1,8,8,03004KT,12,11
2014-01-08 09:00:00.000,2014,1,8,9,03003KT,12,11
2014-01-08 09:30:00.000,2014,1,8,9,36003KT,12,11
2014-01-08 10:00:00.000,2014,1,8,10,00000KT,12,11
2014-01-08 10:30:00.000,2014,1,8,10,VRB02KT,12,12
2014-01-08 11:00:00.000,2014,1,8,11,33003KT,12,12
2014-01-08 12:00:00.000,2014,1,8,12,00000KT,12,12
2014-01-08 13:00:00.000,2014,1,8,13,02004KT,13,12
2014-01-08 14:00:00.000,2014,1,8,14,11003KT,16,11
2014-01-08 15:00:00.000,2014,1,8,15,VRB02KT,17,10
2014-01-08 16:00:00.000,2014,1,8,16,19004KT,18,09
2014-01-08 17:00:00.000,2014,1,8,17,31008KT,17,11
2014-01-08 18:00:00.000,2014,1,8,18,27009KT,17,12
2014-01-08 19:00:00.000,2014,1,8,19,23006KT,16,17
2014-01-08 19:30:00.000,2014,1,8,19,22012KT,14,12
2014-01-08 20:00:00.000,2014,1,8,20,20012KT,13,13
2014-01-08 21:00:00.000,2014,1,8,21,17006KT,14,12
2014-01-08 22:00:00.000,2014,1,8,22,22005KT,14,13
2014-01-08 23:00:00.000,2014,1,8,23,VRB02KT,14,12
2014-01-09 03:00:00.000,2014,1,9,3,VRB02KT,13,12
2014-01-09 04:00:00.000,2014,1,9,4,VRB02KT,12,12
2014-01-09 06:00:00.000,2014,1,9,6,03004KT,12,11
2014-01-09 10:30:00.000,2014,1,9,10,02003KT,09,08
2014-01-09 11:00:00.000,2014,1,9,11,VRB02KT,09,08
2014-01-09 12:00:00.000,2014,1,9,12,06004KT,10,09
2014-01-09 13:00:00.000,2014,1,9,13,06010KT,13,09
2014-01-09 14:00:00.000,2014,1,9,14,07007KT,15,09
2014-01-09 15:00:00.000,2014,1,9,15,03006KT,16,08
2014-01-09 16:00:00.000,2014,1,9,16,07008KT,17,11
2014-01-09 17:00:00.000,2014,1,9,17,06008KT,18,07
2014-01-09 18:00:00.000,2014,1,9,18,04005KT,18,08
2014-01-09 19:00:00.000,2014,1,9,19,07008KT,19,07
2014-01-09 20:00:00.000,2014,1,9,20,12006KT,18,11
2014-01-09 21:00:00.000,2014,1,9,21,21008KT,18,11
2014-01-09 22:00:00.000,2014,1,9,22,28010KT,15,12
2014-01-09 23:00:00.000,2014,1,9,23,27003KT,14,12
2014-01-10 00:00:00.000,2014,1,10,0,23005KT,15,12
2014-01-10 01:00:00.000,2014,1,10,1,VRB02KT,13,11
2014-01-10 02:00:00.000,2014,1,10,2,00000KT,12,11
2014-01-10 03:00:00.000,2014,1,10,3,VRB02KT,12,11
2014-01-10 04:00:00.000,2014,1,10,4,01004KT,10,08
2014-01-10 05:00:00.000,2014,1,10,5,VRB02KT,10,08
2014-01-10 06:00:00.000,2014,1,10,6,34003KT,08,08
2014-01-10 07:00:00.000,2014,1,10,7,VRB02KT,08,08
2014-01-10 08:00:00.000,2014,1,10,8,VRB02KT,08,08
2014-01-10 09:00:00.000,2014,1,10,9,VRB02KT,06,06
2014-01-10 10:00:00.000,2014,1,10,10,VRB02KT,06,06
2014-01-10 10:30:00.000,2014,1,10,10,00000KT,08,07
2014-01-10 11:00:00.000,2014,1,10,11,00000KT,07,07
2014-01-10 12:00:00.000,2014,1,10,12,VRB02KT,08,06
2014-01-10 13:00:00.000,2014,1,10,13,06005KT,11,08
2014-01-10 14:00:00.000,2014,1,10,14,03004KT,14,07
2014-01-10 16:00:00.000,2014,1,10,16,03003KT,18,03
2014-01-10 17:00:00.000,2014,1,10,17,36006KT,19,06
2014-01-10 18:00:00.000,2014,1,10,18,01005KT,20,05
2014-01-10 19:00:00.000,2014,1,10,19,25011KT,18,08
2014-01-10 20:00:00.000,2014,1,10,20,28010KT,17,09
2014-01-10 21:00:00.000,2014,1,10,21,28008KT,17,10
2014-01-10 22:00:00.000,2014,1,10,22,27010KT,16,10
2014-01-10 23:00:00.000,2014,1,10,23,28005KT,15,10
2014-01-11 00:00:00.000,2014,1,11,0,29005KT,13,10
2014-01-11 01:00:00.000,2014,1,11,1,24004KT,13,10
2014-01-11 02:00:00.000,2014,1,11,2,00000KT,12,11
2014-01-11 03:00:00.000,2014,1,11,3,VRB02KT,12,11
2014-01-11 04:00:00.000,2014,1,11,4,00000KT,13,11
2014-01-11 05:00:00.000,2014,1,11,5,04006KT,12,10
2014-01-11 06:00:00.000,2014,1,11,6,VRB02KT,12,09
2014-01-11 07:00:00.000,2014,1,11,7,07004KT,11,09
2014-01-11 08:00:00.000,2014,1,11,8,05004KT,10,09
2014-01-11 09:00:00.000,2014,1,11,9,VRB02KT,10,09
2014-01-11 10:00:00.000,2014,1,11,10,03003KT,10,09
2014-01-11 11:00:00.000,2014,1,11,11,05003KT,10,09
2014-01-11 12:00:00.000,2014,1,11,12,03003KT,10,08
2014-01-11 13:00:00.000,2014,1,11,13,03006KT,13,09
2014-01-11 14:00:00.000,2014,1,11,14,VRB02KT,14,09
2014-01-11 15:00:00.000,2014,1,11,15,34005KT,17,08
2014-01-11 16:00:00.000,2014,1,11,16,VRB02KT,18,05
2014-01-11 17:00:00.000,2014,1,11,17,26003KT,20,04
2014-01-11 18:00:00.000,2014,1,11,18,12005KT,20,04
2014-01-11 19:00:00.000,2014,1,11,19,31010KT,21,09
2014-01-11 20:00:00.000,2014,1,11,20,27012KT,18,10
2014-01-11 20:30:00.000,2014,1,11,20,27012KT,18,10
2014-01-11 21:00:00.000,2014,1,11,21,14015KT,17,08
2014-01-11 21:30:00.000,2014,1,11,21,13015KT,16,08
2014-01-11 22:00:00.000,2014,1,11,22,14005KT,17,08
2014-01-11 23:00:00.000,2014,1,11,23,30010KT,15,11
2014-01-12 00:00:00.000,2014,1,12,0,24004KT,14,11
2014-01-12 01:00:00.000,2014,1,12,1,21004KT,14,11
2014-01-12 02:00:00.000,2014,1,12,2,VRB02KT,13,12
2014-01-12 03:00:00.000,2014,1,12,3,27003KT,13,11
2014-01-12 04:00:00.000,2014,1,12,4,00000KT,12,12
2014-01-12 05:00:00.000,2014,1,12,5,00000KT,12,11
2014-01-12 06:00:00.000,2014,1,12,6,VRB02KT,11,10
2014-01-12 07:00:00.000,2014,1,12,7,02003KT,11,10
2014-01-12 08:00:00.000,2014,1,12,8,VRB02KT,11,10
2014-01-12 09:00:00.000,2014,1,12,9,VRB02KT,11,11
2014-01-12 10:00:00.000,2014,1,12,10,02004KT,11,09
2014-01-12 11:00:00.000,2014,1,12,11,02005KT,11,09
2014-01-12 12:00:00.000,2014,1,12,12,07004KT,11,09
2014-01-12 13:00:00.000,2014,1,12,13,03006KT,12,10
2014-01-12 14:00:00.000,2014,1,12,14,04006KT,13,10
2014-01-12 15:00:00.000,2014,1,12,15,03006KT,15,09
2014-01-12 16:00:00.000,2014,1,12,16,02004KT,17,06
2014-01-12 17:00:00.000,2014,1,12,17,03006KT,19,07
2014-01-12 18:00:00.000,2014,1,12,18,24012KT,20,11
2014-01-12 19:00:00.000,2014,1,12,19,26016KT,18,12
2014-01-12 20:00:00.000,2014,1,12,20,26014KT,17,12
2014-01-12 21:00:00.000,2014,1,12,21,25010KT,17,12
2014-01-12 22:00:00.000,2014,1,12,22,24008KT,16,12
2014-01-12 23:00:00.000,2014,1,12,23,27008KT,15,12
2014-01-13 00:00:00.000,2014,1,13,0,30004KT,14,12
2014-01-13 01:00:00.000,2014,1,13,1,25004KT,14,12
2014-01-13 02:00:00.000,2014,1,13,2,VRB02KT,14,12
2014-01-13 03:00:00.000,2014,1,13,3,04004KT,12,10
2014-01-13 04:00:00.000,2014,1,13,4,05003KT,11,09
2014-01-13 05:00:00.000,2014,1,13,5,05005KT,11,09
2014-01-13 06:00:00.000,2014,1,13,6,04005KT,10,08
2014-01-13 07:00:00.000,2014,1,13,7,05003KT,10,09
2014-01-13 08:00:00.000,2014,1,13,8,05005KT,10,08
2014-01-13 09:00:00.000,2014,1,13,9,VRB02KT,08,07
2014-01-13 10:00:00.000,2014,1,13,10,06004KT,08,07
2014-01-13 10:30:00.000,2014,1,13,10,06006KT,07,06
2014-01-13 11:00:00.000,2014,1,13,11,06004KT,07,06
2014-01-13 11:10:00.000,2014,1,13,11,05005KT,07,07
2014-01-13 12:00:00.000,2014,1,13,12,04004KT,09,08
2014-01-13 13:00:00.000,2014,1,13,13,07004KT,10,09
2014-01-13 14:00:00.000,2014,1,13,14,05006KT,12,09
2014-01-13 15:00:00.000,2014,1,13,15,06005KT,15,07
2014-01-13 15:25:00.000,2014,1,13,15,06004KT,16,07
2014-01-13 16:00:00.000,2014,1,13,16,03004KT,17,07
2014-01-13 17:00:00.000,2014,1,13,17,06004KT,18,09
2014-01-13 18:00:00.000,2014,1,13,18,VRB02KT,19,09
2014-01-13 19:00:00.000,2014,1,13,19,27014KT,19,12
2014-01-13 20:00:00.000,2014,1,13,20,24012KT,18,12
2014-01-13 21:00:00.000,2014,1,13,21,26012KT,18,11
2014-01-13 22:00:00.000,2014,1,13,22,24010KT,17,11
2014-01-13 23:00:00.000,2014,1,13,23,25008KT,14,10
2014-01-14 00:00:00.000,2014,1,14,0,32003KT,12,09
2014-01-14 01:00:00.000,2014,1,14,1,VRB02KT,12,09
2014-01-14 02:00:00.000,2014,1,14,2,VRB02KT,12,09
2014-01-14 03:00:00.000,2014,1,14,3,32003KT,13,10
2014-01-14 04:00:00.000,2014,1,14,4,VRB02KT,13,09
2014-01-14 05:00:00.000,2014,1,14,5,VRB02KT,13,10
2014-01-14 06:00:00.000,2014,1,14,6,36003KT,12,08
2014-01-14 07:00:00.000,2014,1,14,7,VRB02KT,11,09
2014-01-14 08:00:00.000,2014,1,14,8,06003KT,11,09
2014-01-14 09:00:00.000,2014,1,14,9,03004KT,10,08
2014-01-14 10:00:00.000,2014,1,14,10,04004KT,08,07
2014-01-14 10:30:00.000,2014,1,14,10,03003KT,08,06
2014-01-14 11:00:00.000,2014,1,14,11,03004KT,07,06
2014-01-14 12:00:00.000,2014,1,14,12,05007KT,08,07
2014-01-14 13:00:00.000,2014,1,14,13,05010KT,10,08
2014-01-14 14:00:00.000,2014,1,14,14,06010KT,14,08
2014-01-14 15:00:00.000,2014,1,14,15,04008KT,15,08
2014-01-14 16:00:00.000,2014,1,14,16,30008KT,18,07
2014-01-14 17:00:00.000,2014,1,14,17,11009KT,19,07
2014-01-14 18:00:00.000,2014,1,14,18,13006KT,19,06
2014-01-14 19:00:00.000,2014,1,14,19,16005KT,19,06
2014-01-14 20:00:00.000,2014,1,14,20,33004KT,18,08
2014-01-14 21:00:00.000,2014,1,14,21,31005KT,17,10
2014-01-14 22:00:00.000,2014,1,14,22,24010KT,17,09
2014-01-14 23:00:00.000,2014,1,14,23,25005KT,16,08
2014-01-15 00:00:00.000,2014,1,15,0,VRB02KT,14,09
2014-01-15 01:00:00.000,2014,1,15,1,30003KT,13,08
2014-01-15 02:00:00.000,2014,1,15,2,02003KT,13,08
2014-01-15 03:00:00.000,2014,1,15,3,05003KT,12,08
2014-01-15 04:00:00.000,2014,1,15,4,VRB02KT,11,08
2014-01-15 05:00:00.000,2014,1,15,5,02005KT,09,07
2014-01-15 06:00:00.000,2014,1,15,6,04004KT,08,07
2014-01-15 07:00:00.000,2014,1,15,7,04005KT,08,07
2014-01-15 08:00:00.000,2014,1,15,8,03003KT,08,08
2014-01-15 09:00:00.000,2014,1,15,9,VRB02KT,08,07
2014-01-15 10:00:00.000,2014,1,15,10,05003KT,08,07
2014-01-15 10:30:00.000,2014,1,15,10,4004KT,07,06
2014-01-15 11:00:00.000,2014,1,15,11,VRB02KT,07,06
2014-01-15 12:00:00.000,2014,1,15,12,03007KT,06,05
2014-01-15 13:00:00.000,2014,1,15,13,04005KT,10,08
2014-01-15 14:00:00.000,2014,1,15,14,03004KT,13,09
2014-01-15 15:00:00.000,2014,1,15,15,04005KT,16,07
2014-01-15 16:00:00.000,2014,1,15,16,14004KT,18,08
2014-01-15 17:00:00.000,2014,1,15,17,08003KT,19,07
2014-01-15 18:00:00.000,2014,1,15,18,VRB02G14KT,19,06
2014-01-15 19:00:00.000,2014,1,15,19,VRB02KT,20,07
2014-01-15 20:00:00.000,2014,1,15,20,23010G25KT,19,10
2014-01-15 20:40:00.000,2014,1,15,20,23010KT,19,10
2014-01-15 21:00:00.000,2014,1,15,21,23010KT,19,10
2014-01-15 22:00:00.000,2014,1,15,22,22010KT,19,10
2014-01-15 23:00:00.000,2014,1,15,23,24005KT,17,10
2014-01-16 00:00:00.000,2014,1,16,0,VRB02KT,15,10
2014-01-16 01:00:00.000,2014,1,16,1,19005KT,14,11
2014-01-16 02:00:00.000,2014,1,16,2,VRB02KT,13,11
2014-01-16 03:00:00.000,2014,1,16,3,VRB02KT,11,10
2014-01-16 04:00:00.000,2014,1,16,4,VRB02KT,11,09
2014-01-16 05:00:00.000,2014,1,16,5,00000KT,09,08
2014-01-16 06:00:00.000,2014,1,16,6,VRB02KT,08,07
2014-01-16 07:00:00.000,2014,1,16,7,00000KT,08,08
2014-01-16 08:00:00.000,2014,1,16,8,00000KT,09,09
2014-01-16 09:00:00.000,2014,1,16,9,00000KT,08,08
2014-01-16 10:00:00.000,2014,1,16,10,03007KT,07,07
2014-01-16 10:30:00.000,2014,1,16,10,VRB02KT,07,07
2014-01-16 11:00:00.000,2014,1,16,11,02010KT,07,07
2014-01-16 12:00:00.000,2014,1,16,12,05007KT,09,08
2014-01-16 13:00:00.000,2014,1,16,13,04007KT,12,09
2014-01-16 14:00:00.000,2014,1,16,14,03009KT,14,09
2014-01-16 15:00:00.000,2014,1,16,15,08005KT,17,07
2014-01-16 16:00:00.000,2014,1,16,16,04009KT,18,07
2014-01-16 17:00:00.000,2014,1,16,17,03006KT,19,07
2014-01-16 18:00:00.000,2014,1,16,18,35004KT,20,07
2014-01-16 19:00:00.000,2014,1,16,19,VRB02KT,21,08
2014-01-16 19:30:00.000,2014,1,16,19,02003KT,20,10
2014-01-16 20:00:00.000,2014,1,16,20,24012KT,19,12
2014-01-16 21:00:00.000,2014,1,16,21,30012KT,18,11
2014-01-16 22:00:00.000,2014,1,16,22,28010KT,18,11
2014-01-16 23:00:00.000,2014,1,16,23,25006KT,16,12
2014-01-17 00:00:00.000,2014,1,17,0,26006KT,15,12
2014-01-17 01:00:00.000,2014,1,17,1,VRB02KT,13,12
2014-01-17 02:00:00.000,2014,1,17,2,VRB02KT,13,12
2014-01-17 03:00:00.000,2014,1,17,3,VRB02KT,12,11
2014-01-17 04:00:00.000,2014,1,17,4,VRB02KT,09,08
2014-01-17 05:00:00.000,2014,1,17,5,04003KT,12,10
2014-01-17 06:00:00.000,2014,1,17,6,13008KT,12,09
2014-01-17 07:00:00.000,2014,1,17,7,VRB02KT,11,10
2014-01-17 08:00:00.000,2014,1,17,8,VRB02KT,12,10
2014-01-17 09:00:00.000,2014,1,17,9,VRB02KT,11,09
2014-01-17 10:00:00.000,2014,1,17,10,05003KT,09,08
2014-01-17 10:30:00.000,2014,1,17,10,VRB02KT,09,08
2014-01-17 11:00:00.000,2014,1,17,11,VRB02KT,10,09
2014-01-17 12:00:00.000,2014,1,17,12,02010KT,09,08
2014-01-17 13:00:00.000,2014,1,17,13,09005KT,15,08
2014-01-17 14:00:00.000,2014,1,17,14,16010KT,16,07
2014-01-17 15:00:00.000,2014,1,17,15,18010KT,18,06
2014-01-17 16:00:00.000,2014,1,17,16,11005KT,18,06
2014-01-17 18:00:00.000,2014,1,17,18,13013KT,18,06
2014-01-17 19:00:00.000,2014,1,17,19,12013KT,19,07
2014-01-17 20:00:00.000,2014,1,17,20,12015KT,19,08
2014-01-17 21:00:00.000,2014,1,17,21,12015KT,18,08
2014-01-17 22:00:00.000,2014,1,17,22,12010KT,18,07
2014-01-17 23:00:00.000,2014,1,17,23,12010KT,17,08
2014-01-18 00:00:00.000,2014,1,18,0,VRB02KT,15,07
2014-01-18 01:00:00.000,2014,1,18,1,05003KT,13,09
2014-01-18 02:00:00.000,2014,1,18,2,VRB02KT,11,08
2014-01-18 03:00:00.000,2014,1,18,3,VRB02KT,12,09
2014-01-18 04:00:00.000,2014,1,18,4,03003KT,13,08
2014-01-18 05:00:00.000,2014,1,18,5,15004KT,14,08
2014-01-18 06:00:00.000,2014,1,18,6,03005KT,13,09
2014-01-18 07:00:00.000,2014,1,18,7,36003KT,12,08
2014-01-18 08:00:00.000,2014,1,18,8,04003KT,12,09
2014-01-18 09:00:00.000,2014,1,18,9,VRB02KT,12,08
2014-01-18 10:00:00.000,2014,1,18,10,04005KT,12,08
2014-01-18 10:30:00.000,2014,1,18,10,03006KT,12,09
2014-01-18 11:00:00.000,2014,1,18,11,03004KT,12,08
2014-01-18 12:00:00.000,2014,1,18,12,01005KT,11,08
2014-01-18 13:00:00.000,2014,1,18,13,03008KT,14,09
2014-01-18 14:00:00.000,2014,1,18,14,06010KT,16,09
2014-01-18 15:00:00.000,2014,1,18,15,07008KT,16,09
2014-01-18 16:00:00.000,2014,1,18,16,04010KT,16,09
2014-01-18 17:00:00.000,2014,1,18,17,14010KT,17,08
2014-01-18 18:00:00.000,2014,1,18,18,08010KT,18,08
2014-01-18 19:00:00.000,2014,1,18,19,10006KT,17,09
2014-01-18 20:00:00.000,2014,1,18,20,09006KT,18,08
2014-01-18 21:00:00.000,2014,1,18,21,10007KT,17,08
2014-01-18 22:00:00.000,2014,1,18,22,10003KT,17,08
2014-01-18 23:00:00.000,2014,1,18,23,14010KT,16,08
2014-01-19 00:00:00.000,2014,1,19,0,13004KT,16,09
2014-01-19 01:00:00.000,2014,1,19,1,08005KT,15,09
2014-01-19 02:00:00.000,2014,1,19,2,07005KT,15,10
2014-01-19 03:00:00.000,2014,1,19,3,05004KT,14,10
2014-01-19 04:00:00.000,2014,1,19,4,07008KT,13,09
2014-01-19 05:00:00.000,2014,1,19,5,05004KT,12,10
2014-01-19 06:00:00.000,2014,1,19,6,05004KT,13,09
2014-01-19 07:00:00.000,2014,1,19,7,07003KT,13,10
2014-01-19 08:00:00.000,2014,1,19,8,06004KT,12,10
2014-01-19 09:00:00.000,2014,1,19,9,VRB02KT,12,10
2014-01-19 10:00:00.000,2014,1,19,10,VRB02KT,12,11
2014-01-19 10:30:00.000,2014,1,19,10,05003KT,11,10
2014-01-19 11:00:00.000,2014,1,19,11,VRB02KT,11,10
2014-01-19 12:00:00.000,2014,1,19,12,07004KT,12,10
2014-01-19 13:00:00.000,2014,1,19,13,08008KT,14,09
2014-01-19 14:00:00.000,2014,1,19,14,07005KT,15,09
2014-01-19 15:00:00.000,2014,1,19,15,11008KT,15,09
2014-01-19 16:00:00.000,2014,1,19,16,12007KT,18,09
2014-01-19 17:00:00.000,2014,1,19,17,08011KT,19,08
2014-01-19 18:00:00.000,2014,1,19,18,08006G18KT,19,08
2014-01-19 19:00:00.000,2014,1,19,19,05010KT,19,08
2014-01-19 20:00:00.000,2014,1,19,20,08006KT,19,07
2014-01-19 21:00:00.000,2014,1,19,21,09010KT,20,06
2014-01-19 22:00:00.000,2014,1,19,22,08008KT,18,08
2014-01-19 23:00:00.000,2014,1,19,23,09006KT,17,08
2014-01-20 00:00:00.000,2014,1,20,0,03010KT,13,08
2014-01-20 01:00:00.000,2014,1,20,1,02005KT,11,08
2014-01-20 02:00:00.000,2014,1,20,2,02005KT,11,08
2014-01-20 03:00:00.000,2014,1,20,3,02007KT,10,09
2014-01-20 04:00:00.000,2014,1,20,4,04006KT,10,08
2014-01-20 05:00:00.000,2014,1,20,5,06008KT,11,08
2014-01-20 06:00:00.000,2014,1,20,6,02004KT,10,07
2014-01-20 07:00:00.000,2014,1,20,7,02004KT,08,07
2014-01-20 09:00:00.000,2014,1,20,9,04005KT,07,06
2014-01-20 10:00:00.000,2014,1,20,10,05003KT,07,06
2014-01-20 10:30:00.000,2014,1,20,10,05005KT,07,06
2014-01-20 11:00:00.000,2014,1,20,11,05005KT,07,06
2014-01-20 12:00:00.000,2014,1,20,12,02003KT,09,06
2014-01-20 13:00:00.000,2014,1,20,13,05009KT,12,07
2014-01-20 14:00:00.000,2014,1,20,14,05009KT,14,07
2014-01-20 15:00:00.000,2014,1,20,15,08009KT,16,06
2014-01-20 16:00:00.000,2014,1,20,16,08008KT,19,06
2014-01-20 17:00:00.000,2014,1,20,17,06008KT,20,06
2014-01-20 18:00:00.000,2014,1,20,18,VRB02KT,21,06
2014-01-20 19:00:00.000,2014,1,20,19,VRB02KT,22,05
2014-01-20 20:00:00.000,2014,1,20,20,24008KT,20,11
2014-01-20 21:00:00.000,2014,1,20,21,25012KT,19,10
2014-01-20 22:00:00.000,2014,1,20,22,28005KT,18,11
2014-01-20 23:00:00.000,2014,1,20,23,28006KT,16,11
2014-01-21 00:00:00.000,2014,1,21,0,27004KT,15,11
2014-01-21 01:00:00.000,2014,1,21,1,VRB02KT,14,09
2014-01-21 02:00:00.000,2014,1,21,2,27003KT,14,10
2014-01-21 03:00:00.000,2014,1,21,3,22005KT,14,09
2014-01-21 04:00:00.000,2014,1,21,4,VRB02KT,14,09
2014-01-21 05:00:00.000,2014,1,21,5,VRB02KT,12,09
2014-01-21 06:00:00.000,2014,1,21,6,VRB02KT,11,09
2014-01-21 07:00:00.000,2014,1,21,7,00000KT,08,07
2014-01-21 08:00:00.000,2014,1,21,8,05005KT,09,08
2014-01-21 09:00:00.000,2014,1,21,9,04003KT,08,07
2014-01-21 10:00:00.000,2014,1,21,10,03003KT,08,07
2014-01-21 10:30:00.000,2014,1,21,10,03004KT,07,06
2014-01-21 11:00:00.000,2014,1,21,11,03004KT,07,06
2014-01-21 11:16:00.000,2014,1,21,11,VRB02KT,06,06
2014-01-21 12:00:00.000,2014,1,21,12,VRB02KT,07,07
2014-01-21 12:31:00.000,2014,1,21,12,04003KT,10,10
2014-01-21 13:00:00.000,2014,1,21,13,04003KT,13,10
2014-01-21 14:00:00.000,2014,1,21,14,08003KT,15,09
2014-01-21 15:00:00.000,2014,1,21,15,10008KT,17,10
2014-01-21 16:00:00.000,2014,1,21,16,07008KT,18,09
2014-01-21 17:00:00.000,2014,1,21,17,08006KT,19,08
2014-01-21 18:00:00.000,2014,1,21,18,28010KT,21,08
2014-01-21 19:00:00.000,2014,1,21,19,24010KT,21,08
2014-01-21 19:30:00.000,2014,1,21,19,26010KT,19,11
2014-01-21 20:00:00.000,2014,1,21,20,23012KT,19,11
2014-01-21 22:00:00.000,2014,1,21,22,22010KT,18,12
2014-01-21 23:00:00.000,2014,1,21,23,27010KT,16,12
2014-01-22 00:00:00.000,2014,1,22,0,30005KT,14,12
2014-01-22 01:00:00.000,2014,1,22,1,35005KT,13,11
2014-01-22 02:00:00.000,2014,1,22,2,VRB02KT,12,10
2014-01-22 03:00:00.000,2014,1,22,3,VRB02KT,12,10
2014-01-22 04:00:00.000,2014,1,22,4,31005KT,12,20
2014-01-22 05:00:00.000,2014,1,22,5,VRB02KT,12,10
2014-01-22 06:00:00.000,2014,1,22,6,VRB02KT,13,10
2014-01-22 07:00:00.000,2014,1,22,7,20005KT,13,09
2014-01-22 08:00:00.000,2014,1,22,8,VRB02KT,12,09
2014-01-22 09:00:00.000,2014,1,22,9,31003KT,12,10
2014-01-22 10:00:00.000,2014,1,22,10,18005KT,13,10
2014-01-22 10:30:00.000,2014,1,22,10,03003KT,11,08
2014-01-22 11:00:00.000,2014,1,22,11,34003KT,10,09
2014-01-22 12:00:00.000,2014,1,22,12,VRB02KT,11,10
2014-01-22 13:00:00.000,2014,1,22,13,VRB02KT,14,10
2014-01-22 14:00:00.000,2014,1,22,14,05004KT,17,10
2014-01-22 14:26:00.000,2014,1,22,14,33003KT,17,09
2014-01-22 15:00:00.000,2014,1,22,15,VRB02KT,18,10
2014-01-22 15:00:00.000,2014,1,22,15,VRB02KT,18,10
2014-01-22 16:00:00.000,2014,1,22,16,VRB02KT,19,08
2014-01-22 17:00:00.000,2014,1,22,17,23014KT,19,11
2014-01-22 18:00:00.000,2014,1,22,18,24011KT,17,11
2014-01-22 20:00:00.000,2014,1,22,20,26010KT,17,12
2014-01-22 21:00:00.000,2014,1,22,21,28009KT,16,11
2014-01-22 22:00:00.000,2014,1,22,22,30007KT,16,11
2014-01-22 22:30:00.000,2014,1,22,22,30005KT,15,12
2014-01-22 22:38:00.000,2014,1,22,22,24007KT,15,13
2014-01-22 23:00:00.000,2014,1,22,23,23006KT,14,13
2014-01-23 00:00:00.000,2014,1,23,0,04003KT,13,12
2014-01-23 01:00:00.000,2014,1,23,1,34004KT,14,12
2014-01-23 02:00:00.000,2014,1,23,2,33003KT,14,12
2014-01-23 03:00:00.000,2014,1,23,3,36004KT,13,10
2014-01-23 04:00:00.000,2014,1,23,4,33004KT,13,10
2014-01-23 05:00:00.000,2014,1,23,5,03006KT,12,10
2014-01-23 06:00:00.000,2014,1,23,6,05005KT,11,10
2014-01-23 07:00:00.000,2014,1,23,7,04003KT,10,09
2014-01-23 08:00:00.000,2014,1,23,8,34003KT,09,09
2014-01-23 09:00:00.000,2014,1,23,9,04004KT,09,08
2014-01-23 10:00:00.000,2014,1,23,10,VRB02KT,08,08
2014-01-23 10:30:00.000,2014,1,23,10,VRB02KT,08,08
2014-01-23 11:00:00.000,2014,1,23,11,03003KT,08,08
2014-01-23 11:22:00.000,2014,1,23,11,03005KT,08,08
2014-01-23 12:00:00.000,2014,1,23,12,05005KT,08,08
2014-01-23 12:10:00.000,2014,1,23,12,07006KT,10,09
2014-01-23 12:30:00.000,2014,1,23,12,06005KT,10,09
2014-01-23 13:00:00.000,2014,1,23,13,05005KT,11,10
2014-01-23 14:00:00.000,2014,1,23,14,VRB02KT,15,10
2014-01-23 15:00:00.000,2014,1,23,15,13008KT,17,07
2014-01-23 16:00:00.000,2014,1,23,16,16012KT,18,08
2014-01-23 17:00:00.000,2014,1,23,17,13016KT,20,06
2014-01-23 18:00:00.000,2014,1,23,18,18013KT,19,05
2014-01-23 19:00:00.000,2014,1,23,19,20010KT,20,04
2014-01-23 20:00:00.000,2014,1,23,20,24013KT,19,10
2014-01-23 21:00:00.000,2014,1,23,21,26010KT,18,11
2014-01-23 22:00:00.000,2014,1,23,22,23010KT,18,11
2014-01-23 23:00:00.000,2014,1,23,23,31010KT,16,09
2014-01-24 00:00:00.000,2014,1,24,0,31005KT,13,09
2014-01-24 01:00:00.000,2014,1,24,1,33004KT,13,08
2014-01-24 02:00:00.000,2014,1,24,2,VRB02KT,12,08
2014-01-24 03:00:00.000,2014,1,24,3,35005KT,09,08
2014-01-24 04:00:00.000,2014,1,24,4,VRB02KT,10,09
2014-01-24 05:00:00.000,2014,1,24,5,03004KT,08,07
2014-01-24 06:00:00.000,2014,1,24,6,VRB02KT,08,08
2014-01-24 07:00:00.000,2014,1,24,7,00000KT,06,05
2014-01-24 09:00:00.000,2014,1,24,9,00000KT,06,06
2014-01-24 10:00:00.000,2014,1,24,10,VRB02KT,06,06
2014-01-24 10:30:00.000,2014,1,24,10,VRB02KT,04,04
2014-01-24 11:00:00.000,2014,1,24,11,VRB02KT,03,03
2014-01-24 11:18:00.000,2014,1,24,11,VRB02KT,04,04
2014-01-24 12:00:00.000,2014,1,24,12,VRB02KT,05,04
2014-01-24 12:20:00.000,2014,1,24,12,03004KT,07,07
2014-01-24 13:00:00.000,2014,1,24,13,03004KT,09,07
2014-01-24 13:40:00.000,2014,1,24,13,VRB02KT,11,09
2014-01-24 14:00:00.000,2014,1,24,14,01004KT,12,09
2014-01-24 14:25:00.000,2014,1,24,14,01006KT,14,08
2014-01-24 15:00:00.000,2014,1,24,15,01004KT,12,09
2014-01-24 16:00:00.000,2014,1,24,16,32004KT,19,08
2014-01-24 17:00:00.000,2014,1,24,17,26004KT,20,03
2014-01-24 17:00:00.000,2014,1,24,17,26004KT,20,03
2014-01-24 18:00:00.000,2014,1,24,18,25014KT,21,09
2014-01-24 19:00:00.000,2014,1,24,19,30012KT,20,09
2014-01-24 20:00:00.000,2014,1,24,20,28010KT,18,09
2014-01-24 21:00:00.000,2014,1,24,21,27009KT,18,09
2014-01-24 22:00:00.000,2014,1,24,22,28009KT,17,11
2014-01-24 23:00:00.000,2014,1,24,23,22006KT,16,11
2014-01-25 00:00:00.000,2014,1,25,0,24004KT,15,11
2014-01-25 01:00:00.000,2014,1,25,1,29003KT,14,11
2014-01-25 02:00:00.000,2014,1,25,2,VRB02KT,14,11
2014-01-25 03:00:00.000,2014,1,25,3,03004KT,13,11
2014-01-25 03:03:00.000,2014,1,25,3,03004KT,13,11
2014-01-25 04:00:00.000,2014,1,25,4,VRB02KT,12,11
2014-01-25 05:00:00.000,2014,1,25,5,33003KT,13,11
2014-01-25 06:00:00.000,2014,1,25,6,VRB02KT,12,10
2014-01-25 07:00:00.000,2014,1,25,7,VRB02KT,12,09
2014-01-25 08:00:00.000,2014,1,25,8,VRB02KT,12,10
2014-01-25 09:00:00.000,2014,1,25,9,33003KT,12,10
2014-01-25 10:00:00.000,2014,1,25,10,00000KT,11,10
2014-01-25 10:30:00.000,2014,1,25,10,00000KT,11,10
2014-01-25 11:00:00.000,2014,1,25,11,VRB02KT,10,09
2014-01-25 12:00:00.000,2014,1,25,12,VRB02KT,09,08
2014-01-25 13:00:00.000,2014,1,25,13,VRB02KT,12,11
2014-01-25 14:00:00.000,2014,1,25,14,VRB02KT,14,10
2014-01-25 15:00:00.000,2014,1,25,15,30004KT,16,09
2014-01-25 16:00:00.000,2014,1,25,16,00000KT,18,09
2014-01-25 17:00:00.000,2014,1,25,17,31010KT,19,09
2014-01-25 18:00:00.000,2014,1,25,18,25012KT,20,09
2014-01-25 19:00:00.000,2014,1,25,19,25012KT,20,09
2014-01-25 20:00:00.000,2014,1,25,20,25012KT,19,10
2014-01-25 21:00:00.000,2014,1,25,21,27013KT,18,10
2014-01-25 22:00:00.000,2014,1,25,22,26010KT,17,11
2014-01-25 23:00:00.000,2014,1,25,23,26010KT,16,11
2014-01-26 00:00:00.000,2014,1,26,0,30005KT,14,11
2014-01-26 01:00:00.000,2014,1,26,1,VRB02KT,14,12
2014-01-26 02:00:00.000,2014,1,26,2,29010KT,14,11
2014-01-26 03:00:00.000,2014,1,26,3,31004KT,13,11
2014-01-26 04:00:00.000,2014,1,26,4,31004KT,13,11
2014-01-26 05:00:00.000,2014,1,26,5,22003KT,13,11
2014-01-26 06:00:00.000,2014,1,26,6,28005KT,12,10
2014-01-26 07:00:00.000,2014,1,26,7,26005KT,11,10
2014-01-26 08:00:00.000,2014,1,26,8,VRB02KT,10,09
2014-01-26 09:00:00.000,2014,1,26,9,VRB02KT,09,09
2014-01-26 09:25:00.000,2014,1,26,9,27005KT,09,09
2014-01-26 09:45:00.000,2014,1,26,9,27005KT,08,08
2014-01-26 10:00:00.000,2014,1,26,10,30004KT,09,09
2014-01-26 10:20:00.000,2014,1,26,10,VRB02KT,09,09
2014-01-26 10:30:00.000,2014,1,26,10,VRB02KT,09,09
2014-01-26 11:00:00.000,2014,1,26,11,VRB02KT,10,10
2014-01-26 12:00:00.000,2014,1,26,12,07003KT,10,09
2014-01-26 13:00:00.000,2014,1,26,13,34004KT,12,11
2014-01-26 14:00:00.000,2014,1,26,14,03003KT,14,11
2014-01-26 15:00:00.000,2014,1,26,15,VRB02KT,17,10
2014-01-26 16:00:00.000,2014,1,26,16,29005KT,17,09
2014-01-26 17:00:00.000,2014,1,26,17,26006KT,16,11
2014-01-26 18:00:00.000,2014,1,26,18,33010KT,16,11
2014-01-26 19:00:00.000,2014,1,26,19,27005KT,17,12
2014-01-26 20:00:00.000,2014,1,26,20,26005KT,18,12
2014-01-26 21:00:00.000,2014,1,26,21,33010KT,18,12
2014-01-26 22:00:00.000,2014,1,26,22,31010KT,16,12
2014-01-26 23:00:00.000,2014,1,26,23,32008KT,14,12
2014-01-27 00:00:00.000,2014,1,27,0,32004KT,13,11
2014-01-27 01:00:00.000,2014,1,27,1,VRB02KT,12,11
2014-01-27 02:00:00.000,2014,1,27,2,27003KT,12,11
2014-01-27 03:00:00.000,2014,1,27,3,27003KT,12,11
2014-01-27 04:00:00.000,2014,1,27,4,33004KT,11,10
2014-01-27 05:00:00.000,2014,1,27,5,34003KT,11,10
2014-01-27 06:00:00.000,2014,1,27,6,31004KT,12,10
2014-01-27 07:00:00.000,2014,1,27,7,VRB02KT,11,10
2014-01-27 08:00:00.000,2014,1,27,8,00000KT,10,10
2014-01-27 09:00:00.000,2014,1,27,9,VRB02KT,10,09
2014-01-27 10:00:00.000,2014,1,27,10,VRB02KT,10,10
2014-01-27 10:30:00.000,2014,1,27,10,32004KT,08,08
2014-01-27 11:00:00.000,2014,1,27,11,34003KT,07,07
2014-01-27 12:00:00.000,2014,1,27,12,VRB02KT,08,08
2014-01-27 13:00:00.000,2014,1,27,13,32004KT,13,11
2014-01-27 14:00:00.000,2014,1,27,14,07006KT,16,09
2014-01-27 15:00:00.000,2014,1,27,15,12004KT,17,07
2014-01-27 16:00:00.000,2014,1,27,16,36004KT,18,08
2014-01-27 18:00:00.000,2014,1,27,18,24012KT,20,12
2014-01-27 19:00:00.000,2014,1,27,19,27015KT,17,14
2014-01-27 19:30:00.000,2014,1,27,19,25013KT,17,11
2014-01-27 20:00:00.000,2014,1,27,20,26015KT,17,11
2014-01-27 21:00:00.000,2014,1,27,21,28015KT,18,11
2014-01-27 22:00:00.000,2014,1,27,22,26010KT,17,11
2014-01-27 23:00:00.000,2014,1,27,23,25010KT,15,11
2014-01-28 00:00:00.000,2014,1,28,0,19003KT,15,10
2014-01-28 01:00:00.000,2014,1,28,1,VRB02KT,13,09
2014-01-28 02:00:00.000,2014,1,28,2,05003KT,11,08
2014-01-28 03:00:00.000,2014,1,28,3,01003KT,11,08
2014-01-28 04:00:00.000,2014,1,28,4,02004KT,10,07
2014-01-28 05:00:00.000,2014,1,28,5,02004KT,09,07
2014-01-28 06:00:00.000,2014,1,28,6,02003KT,10,08
2014-01-28 07:00:00.000,2014,1,28,7,01003KT,10,08
2014-01-28 08:00:00.000,2014,1,28,8,03004KT,11,09
2014-01-28 09:00:00.000,2014,1,28,9,05004KT,11,09
2014-01-28 10:00:00.000,2014,1,28,10,VRB02KT,10,08
2014-01-28 10:30:00.000,2014,1,28,10,08003KT,10,08
2014-01-28 11:00:00.000,2014,1,28,11,04003KT,09,08
2014-01-28 12:00:00.000,2014,1,28,12,06006KT,10,08
2014-01-28 13:00:00.000,2014,1,28,13,08007KT,13,09
2014-01-28 14:00:00.000,2014,1,28,14,07005KT,15,10
2014-01-28 15:00:00.000,2014,1,28,15,07008KT,17,08
2014-01-28 16:00:00.000,2014,1,28,16,04003KT,19,08
2014-01-28 17:00:00.000,2014,1,28,17,29006KT,20,07
2014-01-28 18:00:00.000,2014,1,28,18,26012KT,18,10
2014-01-28 19:00:00.000,2014,1,28,19,27010KT,19,11
2014-01-28 20:00:00.000,2014,1,28,20,27010KT,17,11
2014-01-28 20:08:00.000,2014,1,28,20,27010KT,17,11
2014-01-28 22:00:00.000,2014,1,28,22,27007KT,17,11
2014-01-28 23:00:00.000,2014,1,28,23,21008KT,16,10
2014-01-29 00:00:00.000,2014,1,29,0,11003KT,15,11
2014-01-29 01:00:00.000,2014,1,29,1,34003KT,13,11
2014-01-29 02:00:00.000,2014,1,29,2,04003KT,13,11
2014-01-29 03:00:00.000,2014,1,29,3,VRB02KT,12,11
2014-01-29 04:00:00.000,2014,1,29,4,VRB02KT,11,10
2014-01-29 05:00:00.000,2014,1,29,5,02003KT,11,09
2014-01-29 09:00:00.000,2014,1,29,9,VRB02KT,10,09
2014-01-29 10:00:00.000,2014,1,29,10,08005KT,10,09
2014-01-29 10:30:00.000,2014,1,29,10,04005KT,10,09
2014-01-29 12:00:00.000,2014,1,29,12,08006KT,10,09
2014-01-29 12:35:00.000,2014,1,29,12,05004KT,12,10
2014-01-29 13:00:00.000,2014,1,29,13,02006KT,13,10
2014-01-29 13:30:00.000,2014,1,29,13,05007KT,15,09
2014-01-29 14:00:00.000,2014,1,29,14,02007KT,15,09
2014-01-29 15:00:00.000,2014,1,29,15,04008KT,17,08
2014-01-29 16:00:00.000,2014,1,29,16,VRB02KT,19,08
2014-01-29 17:00:00.000,2014,1,29,17,32006KT,20,08
2014-01-29 18:00:00.000,2014,1,29,18,33009KT,20,09
2014-01-29 20:00:00.000,2014,1,29,20,28012KT,19,12
2014-01-29 21:00:00.000,2014,1,29,21,28010KT,17,10
2014-01-29 22:00:00.000,2014,1,29,22,27012KT,17,12
2014-01-29 23:00:00.000,2014,1,29,23,26008KT,16,11
2014-01-30 00:00:00.000,2014,1,30,0,28003KT,15,11
2014-01-30 01:00:00.000,2014,1,30,1,09005KT,13,11
2014-01-30 02:00:00.000,2014,1,30,2,00000KT,13,10
2014-01-30 03:00:00.000,2014,1,30,3,VRB02KT,13,10
2014-01-30 04:00:00.000,2014,1,30,4,16008KT,13,10
2014-01-30 05:00:00.000,2014,1,30,5,07003KT,12,11
2014-01-30 06:00:00.000,2014,1,30,6,00000KT,12,10
2014-01-30 07:00:00.000,2014,1,30,7,VRB02KT,12,09
2014-01-30 08:00:00.000,2014,1,30,8,VRB02KT,12,10
2014-01-30 09:00:00.000,2014,1,30,9,27004KT,11,10
2014-01-30 10:00:00.000,2014,1,30,10,00000KT,11,10
2014-01-30 10:30:00.000,2014,1,30,10,VRB02KT,10,09
2014-01-30 11:00:00.000,2014,1,30,11,00000KT,10,10
2014-01-30 12:00:00.000,2014,1,30,12,34003KT,11,09
2014-01-30 13:00:00.000,2014,1,30,13,VRB02KT,13,10
2014-01-30 14:00:00.000,2014,1,30,14,VRB02KT,16,10
2014-01-30 15:00:00.000,2014,1,30,15,34005KT,17,09
2014-01-30 16:00:00.000,2014,1,30,16,28004KT,19,08
2014-01-30 17:00:00.000,2014,1,30,17,27003KT,20,07
2014-01-30 18:00:00.000,2014,1,30,18,24010KT,18,11
2014-01-30 19:00:00.000,2014,1,30,19,28014KT,16,11
2014-01-30 20:00:00.000,2014,1,30,20,27010KT,16,11
2014-01-30 21:00:00.000,2014,1,30,21,25008KT,16,11
2014-01-30 22:00:00.000,2014,1,30,22,25008KT,16,10
2014-01-30 23:00:00.000,2014,1,30,23,29005KT,15,10
2014-01-31 00:00:00.000,2014,1,31,0,35005KT,14,11
2014-01-31 02:00:00.000,2014,1,31,2,VRB02KT,13,09
2014-01-31 05:00:00.000,2014,1,31,5,VRB02KT,12,10
2014-01-31 07:00:00.000,2014,1,31,7,VRB02KT,12,09
2014-01-31 08:00:00.000,2014,1,31,8,31003KT,12,09
2014-01-31 10:00:00.000,2014,1,31,10,00000KT,11,09
2014-01-31 11:00:00.000,2014,1,31,11,VRB02KT,11,09
2014-01-31 12:00:00.000,2014,1,31,12,VRB02KT,10,09
2014-01-31 13:00:00.000,2014,1,31,13,35005KT,14,11
2014-01-31 14:00:00.000,2014,1,31,14,03004KT,16,10
2014-01-31 15:00:00.000,2014,1,31,15,VRB02KT,17,09
2014-01-31 16:00:00.000,2014,1,31,16,23003KT,19,08
2014-01-31 17:00:00.000,2014,1,31,17,25006KT,19,09
2014-01-31 18:00:00.000,2014,1,31,18,18010KT,20,09
2014-01-31 19:00:00.000,2014,1,31,19,25012KT,20,11
2014-01-31 20:00:00.000,2014,1,31,20,21012KT,19,11
2014-01-31 21:00:00.000,2014,1,31,21,23014KT,19,11
2014-01-31 22:00:00.000,2014,1,31,22,16008KT,17,11
2014-01-31 23:00:00.000,2014,1,31,23,16014KT,16,09
2014-02-01 00:00:00.000,2014,2,1,0,20006KT,14,08
2014-02-01 01:00:00.000,2014,2,1,1,20005KT,13,08
2014-02-01 02:00:00.000,2014,2,1,2,33003KT,12,08
2014-02-01 03:00:00.000,2014,2,1,3,04004KT,11,09
2014-02-01 04:00:00.000,2014,2,1,4,05005KT,11,08
2014-02-01 05:00:00.000,2014,2,1,5,VRB02KT,09,07
2014-02-01 06:00:00.000,2014,2,1,6,VRB02KT,08,08
2014-02-01 07:00:00.000,2014,2,1,7,32004KT,06,06
2014-02-01 08:00:00.000,2014,2,1,8,VRB02KT,06,05
2014-02-01 09:00:00.000,2014,2,1,9,VRB02KT,05,05
2014-02-01 10:00:00.000,2014,2,1,10,VRB02KT,04,04
2014-02-01 10:30:00.000,2014,2,1,10,34003KT,04,04
2014-02-01 11:00:00.000,2014,2,1,11,VRB02KT,05,05
2014-02-01 11:25:00.000,2014,2,1,11,01003KT,06,06
2014-02-01 12:00:00.000,2014,2,1,12,03005KT,08,08
2014-02-01 12:34:00.000,2014,2,1,12,03005KT,09,09
2014-02-01 13:00:00.000,2014,2,1,13,36005KT,09,09
2014-02-01 14:00:00.000,2014,2,1,14,05006KT,13,10
2014-02-01 15:00:00.000,2014,2,1,15,03008KT,16,09
2014-02-01 16:00:00.000,2014,2,1,16,09010KT,19,09
2014-02-01 16:37:00.000,2014,2,1,16,14016KT,20,09
2014-02-01 17:00:00.000,2014,2,1,17,21010KT,20,08
2014-02-01 18:00:00.000,2014,2,1,18,23012KT,20,11
2014-02-01 19:00:00.000,2014,2,1,19,23012KT,19,12
2014-02-01 20:00:00.000,2014,2,1,20,25010KT,19,12
2014-02-01 21:00:00.000,2014,2,1,21,25007KT,18,11
2014-02-01 22:00:00.000,2014,2,1,22,27008KT,17,11
2014-02-01 23:00:00.000,2014,2,1,23,28006KT,16,11
2014-02-02 00:00:00.000,2014,2,2,0,31007KT,15,11
2014-02-02 01:00:00.000,2014,2,2,1,VRB02KT,14,11
2014-02-02 02:00:00.000,2014,2,2,2,VRB02KT,13,10
2014-02-02 03:00:00.000,2014,2,2,3,VRB02KT,13,09
2014-02-02 04:00:00.000,2014,2,2,4,00000KT,12,09
2014-02-02 05:00:00.000,2014,2,2,5,03004KT,10,09
2014-02-02 06:00:00.000,2014,2,2,6,05003KT,10,09
2014-02-02 07:00:00.000,2014,2,2,7,VRB02KT,09,08
2014-02-02 08:00:00.000,2014,2,2,8,VRB02KT,08,07
2014-02-02 09:00:00.000,2014,2,2,9,04005KT,07,07
2014-02-02 10:00:00.000,2014,2,2,10,02005KT,07,07
2014-02-02 10:30:00.000,2014,2,2,10,03007KT,07,07
2014-02-02 11:00:00.000,2014,2,2,11,06004KT,08,08
2014-02-02 12:00:00.000,2014,2,2,12,07003KT,09,08
2014-02-02 13:00:00.000,2014,2,2,13,06006KT,09,09
2014-02-02 13:30:00.000,2014,2,2,13,06005KT,10,10
2014-02-02 14:00:00.000,2014,2,2,14,04004KT,12,11
2014-02-02 14:40:00.000,2014,2,2,14,03005KT,15,09
2014-02-02 15:00:00.000,2014,2,2,15,36007KT,17,09
2014-02-02 16:00:00.000,2014,2,2,16,19005KT,19,08
2014-02-02 17:00:00.000,2014,2,2,17,29010KT,20,09
2014-02-02 18:00:00.000,2014,2,2,18,24010KT,18,09
2014-02-02 19:00:00.000,2014,2,2,19,28010KT,17,10
2014-02-02 20:00:00.000,2014,2,2,20,27014KT,17,10
2014-02-02 21:00:00.000,2014,2,2,21,29007KT,17,10
2014-02-02 22:00:00.000,2014,2,2,22,31007KT,17,11
2014-02-02 23:00:00.000,2014,2,2,23,26006KT,16,12
2014-02-03 00:00:00.000,2014,2,3,0,28006KT,15,10
2014-02-03 01:00:00.000,2014,2,3,1,VRB02KT,14,10
2014-02-03 02:00:00.000,2014,2,3,2,00000KT,13,10
2014-02-03 03:00:00.000,2014,2,3,3,32003KT,11,10
2014-02-03 04:00:00.000,2014,2,3,4,03003KT,10,10
2014-02-03 05:00:00.000,2014,2,3,5,VRB02KT,11,10
2014-02-03 06:00:00.000,2014,2,3,6,VRB02KT,11,09
2014-02-03 07:00:00.000,2014,2,3,7,35003KT,11,09
2014-02-03 08:00:00.000,2014,2,3,8,06004KT,09,08
2014-02-03 09:00:00.000,2014,2,3,9,02005KT,09,07
2014-02-03 10:00:00.000,2014,2,3,10,02004KT,09,08
2014-02-03 10:30:00.000,2014,2,3,10,06004KT,08,08
2014-02-03 11:00:00.000,2014,2,3,11,04006KT,08,08
2014-02-03 12:00:00.000,2014,2,3,12,02005KT,09,08
2014-02-03 12:35:00.000,2014,2,3,12,04005KT,12,09
2014-02-03 13:00:00.000,2014,2,3,13,05005KT,14,09
2014-02-03 14:00:00.000,2014,2,3,14,VRB02KT,16,07
2014-02-03 15:00:00.000,2014,2,3,15,VRB02KT,17,07
2014-02-03 16:00:00.000,2014,2,3,16,30007KT,20,07
2014-02-03 17:00:00.000,2014,2,3,17,26008KT,18,09
2014-02-03 18:00:00.000,2014,2,3,18,32012KT,18,09
2014-02-03 20:00:00.000,2014,2,3,20,26012KT,19,10
2014-02-03 21:00:00.000,2014,2,3,21,26010KT,18,10
2014-02-03 22:00:00.000,2014,2,3,22,27008KT,17,11
2014-02-04 00:00:00.000,2014,2,4,0,31003KT,13,10
2014-02-04 01:00:00.000,2014,2,4,1,35004KT,13,10
2014-02-04 02:00:00.000,2014,2,4,2,27003KT,13,10
2014-02-04 04:00:00.000,2014,2,4,4,32004KT,12,10
2014-02-04 06:00:00.000,2014,2,4,6,3003KT,10,09
2014-02-04 07:00:00.000,2014,2,4,7,VRB02KT,10,10
2014-02-04 08:00:00.000,2014,2,4,8,VRB02KT,09,09
2014-02-04 09:00:00.000,2014,2,4,9,00000KT,09,09
2014-02-04 10:00:00.000,2014,2,4,10,VRB02KT,09,09
2014-02-04 10:30:00.000,2014,2,4,10,03003KT,09,09
2014-02-04 11:00:00.000,2014,2,4,11,34003KT,08,08
2014-02-04 11:19:00.000,2014,2,4,11,VRB02KT,08,07
2014-02-04 12:00:00.000,2014,2,4,12,34003KT,10,09
2014-02-04 13:00:00.000,2014,2,4,13,03004KT,11,10
2014-02-04 14:00:00.000,2014,2,4,14,03003KT,16,10
2014-02-04 15:00:00.000,2014,2,4,15,29004KT,18,09
2014-02-04 16:00:00.000,2014,2,4,16,28006KT,19,09
2014-02-04 17:00:00.000,2014,2,4,17,27003KT,21,09
2014-02-04 17:34:00.000,2014,2,4,17,24004KT,20,06
2014-02-04 18:00:00.000,2014,2,4,18,26008KT,21,07
2014-02-04 18:40:00.000,2014,2,4,18,27012KT,20,10
2014-02-04 19:00:00.000,2014,2,4,19,26014KT,20,10
2014-02-04 20:00:00.000,2014,2,4,20,25015KT,19,10
2014-02-04 20:16:00.000,2014,2,4,20,29014KT,19,11
2014-02-04 21:00:00.000,2014,2,4,21,26010KT,18,10
2014-02-04 22:00:00.000,2014,2,4,22,25010KT,18,09
2014-02-04 23:00:00.000,2014,2,4,23,25008KT,17,10
2014-02-05 00:00:00.000,2014,2,5,0,32004KT,15,11
2014-02-05 01:00:00.000,2014,2,5,1,29007KT,13,11
2014-02-05 02:00:00.000,2014,2,5,2,29005KT,14,11
2014-02-05 03:00:00.000,2014,2,5,3,VRB02KT,13,11
2014-02-05 04:00:00.000,2014,2,5,4,VRB02KT,13,11
2014-02-05 05:00:00.000,2014,2,5,5,VRB02KT,13,11
2014-02-05 06:00:00.000,2014,2,5,6,00000KT,10,09
2014-02-05 07:00:00.000,2014,2,5,7,34003KT,09,08
2014-02-05 08:00:00.000,2014,2,5,8,34003KT,08,07
2014-02-05 09:00:00.000,2014,2,5,9,VRB02KT,08,08
2014-02-05 10:00:00.000,2014,2,5,10,27004KT,09,09
2014-02-05 10:30:00.000,2014,2,5,10,VRB02KT,09,09
2014-02-05 11:00:00.000,2014,2,5,11,35003KT,07,07
2014-02-05 12:00:00.000,2014,2,5,12,06003KT,09,08
2014-02-05 13:00:00.000,2014,2,5,13,04003KT,13,10
2014-02-05 14:00:00.000,2014,2,5,14,04005KT,15,10
2014-02-05 15:00:00.000,2014,2,5,15,05006KT,17,09
2014-02-05 16:00:00.000,2014,2,5,16,01004KT,19,09
2014-02-05 17:00:00.000,2014,2,5,17,35006KT,20,09
2014-02-05 18:00:00.000,2014,2,5,18,34010KT,20,09
2014-02-05 19:00:00.000,2014,2,5,19,31013KT,20,08
2014-02-05 20:00:00.000,2014,2,5,20,33015KT,20,06
2014-02-05 21:00:00.000,2014,2,5,21,32015KT,16,10
2014-02-05 22:00:00.000,2014,2,5,22,30010KT,16,10
2014-02-05 23:00:00.000,2014,2,5,23,30010KT,15,10
2014-02-06 00:00:00.000,2014,2,6,0,29008KT,14,10
2014-02-06 01:00:00.000,2014,2,6,1,21006KT,13,10
2014-02-06 02:00:00.000,2014,2,6,2,23005KT,13,10
2014-02-06 03:00:00.000,2014,2,6,3,26005KT,13,10
2014-02-06 04:00:00.000,2014,2,6,4,24003KT,12,10
2014-02-06 05:00:00.000,2014,2,6,5,VRB02KT,10,10
2014-02-06 06:00:00.000,2014,2,6,6,00000KT,10,09
2014-02-06 07:00:00.000,2014,2,6,7,VRB02KT,07,07
2014-02-06 07:00:00.000,2014,2,6,7,VRB02KT,07,07
2014-02-06 08:00:00.000,2014,2,6,8,VRB02KT,07,07
2014-02-06 09:00:00.000,2014,2,6,9,VRB02KT,09,07
2014-02-06 10:00:00.000,2014,2,6,10,36003KT,09,07
2014-02-06 10:30:00.000,2014,2,6,10,VRB02KT,09,08
2014-02-06 11:00:00.000,2014,2,6,11,00000KT,23,23
2014-02-06 12:00:00.000,2014,2,6,12,05006KT,10,07
2014-02-06 13:00:00.000,2014,2,6,13,03004KT,12,08
2014-02-06 14:00:00.000,2014,2,6,14,VRB02KT,15,09
2014-02-06 15:00:00.000,2014,2,6,15,30004KT,17,08
2014-02-06 16:00:00.000,2014,2,6,16,VRB02KT,18,08
2014-02-06 17:00:00.000,2014,2,6,17,24004KT,18,08
2014-02-06 18:00:00.000,2014,2,6,18,25011KT,20,06
2014-02-06 19:00:00.000,2014,2,6,19,27007KT,20,08
2014-02-06 20:00:00.000,2014,2,6,20,30010KT,19,08
2014-02-06 21:00:00.000,2014,2,6,21,31012KT,19,08
2014-02-06 22:00:00.000,2014,2,6,22,27014KT,18,10
2014-02-06 23:00:00.000,2014,2,6,23,28005KT,16,10
2014-02-07 00:00:00.000,2014,2,7,0,34003KT,13,10
2014-02-07 01:00:00.000,2014,2,7,1,VRB02KT,12,11
2014-02-07 02:00:00.000,2014,2,7,2,35004KT,12,10
2014-02-07 03:00:00.000,2014,2,7,3,VRB02KT,10,10
2014-02-07 04:00:00.000,2014,2,7,4,34004KT,09,09
2014-02-07 05:00:00.000,2014,2,7,5,36003KT,10,09
2014-02-07 06:00:00.000,2014,2,7,6,34004KT,09,08
2014-02-07 07:00:00.000,2014,2,7,7,00000KT,09,09
2014-02-07 08:00:00.000,2014,2,7,8,02003KT,10,09
2014-02-07 09:00:00.000,2014,2,7,9,02003KT,08,08
2014-02-07 10:00:00.000,2014,2,7,10,03005KT,08,08
2014-02-07 10:27:00.000,2014,2,7,10,06005KT,08,08
2014-02-07 11:00:00.000,2014,2,7,11,06005KT,09,08
2014-02-07 12:00:00.000,2014,2,7,12,03004KT,10,09
2014-02-07 13:00:00.000,2014,2,7,13,03006KT,13,09
2014-02-07 14:00:00.000,2014,2,7,14,09006KT,15,09
2014-02-07 15:00:00.000,2014,2,7,15,02006KT,16,08
2014-02-07 16:00:00.000,2014,2,7,16,03008KT,17,08
2014-02-07 17:00:00.000,2014,2,7,17,27006KT,19,09
2014-02-07 18:00:00.000,2014,2,7,18,29004KT,20,08
2014-02-07 19:00:00.000,2014,2,7,19,22004KT,20,10
2014-02-07 19:28:00.000,2014,2,7,19,23009KT,20,10
2014-02-07 20:00:00.000,2014,2,7,20,22011KT,19,10
2014-02-07 20:05:00.000,2014,2,7,20,15011KT,19,10
2014-02-07 21:00:00.000,2014,2,7,21,11007KT,14,10
2014-02-07 21:37:00.000,2014,2,7,21,03004KT,13,10
2014-02-07 22:00:00.000,2014,2,7,22,01004KT,12,11
2014-02-07 23:00:00.000,2014,2,7,23,36003KT,12,11
2014-02-08 00:00:00.000,2014,2,8,0,04004KT,12,11
2014-02-08 01:00:00.000,2014,2,8,1,31004KT,12,11
2014-02-08 02:00:00.000,2014,2,8,2,VRB02KT,12,11
2014-02-08 03:00:00.000,2014,2,8,3,03003KT,12,11
2014-02-08 04:00:00.000,2014,2,8,4,VRB02KT,13,11
2014-02-08 05:00:00.000,2014,2,8,5,VRB02KT,13,11
2014-02-08 06:00:00.000,2014,2,8,6,04005KT,12,10
2014-02-08 07:00:00.000,2014,2,8,7,VRB02KT,12,10
2014-02-08 08:00:00.000,2014,2,8,8,15006KT,12,10
2014-02-08 09:00:00.000,2014,2,8,9,11003KT,12,10
2014-02-08 10:00:00.000,2014,2,8,10,10005KT,13,08
2014-02-08 10:30:00.000,2014,2,8,10,VRB02KT,13,08
2014-02-08 11:00:00.000,2014,2,8,11,07005KT,12,08
2014-02-08 12:00:00.000,2014,2,8,12,09004KT,12,08
2014-02-08 13:00:00.000,2014,2,8,13,10008KT,14,09
2014-02-08 14:00:00.000,2014,2,8,14,09010KT,16,09
2014-02-08 15:00:00.000,2014,2,8,15,10010KT,17,09
2014-02-08 16:00:00.000,2014,2,8,16,15015KT,18,09
2014-02-08 17:00:00.000,2014,2,8,17,13012KT,19,09
2014-02-08 18:00:00.000,2014,2,8,18,13012KT,18,06
2014-02-08 19:00:00.000,2014,2,8,19,16008KT,20,07
2014-02-08 21:00:00.000,2014,2,8,21,11008KT,19,06
2014-02-08 22:00:00.000,2014,2,8,22,10010KT,19,05
2014-02-08 23:00:00.000,2014,2,8,23,30008KT,16,10
2014-02-09 00:00:00.000,2014,2,9,0,VRB02KT,14,10
2014-02-09 01:00:00.000,2014,2,9,1,VRB02KT,13,09
2014-02-09 02:00:00.000,2014,2,9,2,02005KT,11,09
2014-02-09 03:00:00.000,2014,2,9,3,03005KT,09,08
2014-02-09 04:00:00.000,2014,2,9,4,04005KT,09,08
2014-02-09 05:00:00.000,2014,2,9,5,VRB02KT,09,08
2014-02-09 06:00:00.000,2014,2,9,6,VRB02KT,08,07
2014-02-09 07:00:00.000,2014,2,9,7,VRB02KT,08,07
2014-02-09 08:00:00.000,2014,2,9,8,VRB02KT,09,08
2014-02-09 09:00:00.000,2014,2,9,9,VRB02KT,08,08
2014-02-09 10:00:00.000,2014,2,9,10,VRB02KT,07,06
2014-02-09 10:30:00.000,2014,2,9,10,VRB02KT,08,06
2014-02-09 11:00:00.000,2014,2,9,11,VRB02KT,08,07
2014-02-09 12:00:00.000,2014,2,9,12,04004KT,07,07
2014-02-09 13:00:00.000,2014,2,9,13,VRB02KT,12,09
2014-02-09 14:00:00.000,2014,2,9,14,03004KT,14,08
2014-02-09 15:00:00.000,2014,2,9,15,05005KT,17,08
2014-02-09 16:00:00.000,2014,2,9,16,36005KT,19,06
2014-02-09 17:00:00.000,2014,2,9,17,VRB02KT,19,06
2014-02-09 18:00:00.000,2014,2,9,18,03003KT,20,06
2014-02-09 19:00:00.000,2014,2,9,19,26009KT,18,11
2014-02-09 20:00:00.000,2014,2,9,20,30004KT,19,10
2014-02-09 21:00:00.000,2014,2,9,21,28009KT,15,16
2014-02-09 21:06:00.000,2014,2,9,21,30012KT,14,12
2014-02-09 21:13:00.000,2014,2,9,21,30004KT,12,10
2014-02-09 22:00:00.000,2014,2,9,22,27011KT,13,12
2014-02-10 00:00:00.000,2014,2,10,0,VRB02KT,12,11
2014-02-10 01:00:00.000,2014,2,10,1,VRB02KT,10,09
2014-02-10 02:00:00.000,2014,2,10,2,00000KT,11,10
2014-02-10 03:00:00.000,2014,2,10,3,02003KT,11,10
2014-02-10 04:00:00.000,2014,2,10,4,VRB02KT,11,10
2014-02-10 05:00:00.000,2014,2,10,5,05004KT,11,09
2014-02-10 06:00:00.000,2014,2,10,6,10003KT,13,09
2014-02-10 09:00:00.000,2014,2,10,9,35004KT,08,08
2014-02-10 10:00:00.000,2014,2,10,10,32004KT,08,08
2014-02-10 10:30:00.000,2014,2,10,10,VRB02KT,08,08
2014-02-10 11:00:00.000,2014,2,10,11,VRB02KT,09,08
2014-02-10 12:00:00.000,2014,2,10,12,05004KT,09,09
2014-02-10 13:00:00.000,2014,2,10,13,02004KT,12,10
2014-02-10 14:00:00.000,2014,2,10,14,12010KT,16,08
2014-02-10 15:00:00.000,2014,2,10,15,10010KT,18,07
2014-02-10 16:00:00.000,2014,2,10,16,11010KT,19,08
2014-02-10 17:00:00.000,2014,2,10,17,15007KT,20,06
2014-02-10 18:00:00.000,2014,2,10,18,17014KT,21,09
2014-02-10 19:00:00.000,2014,2,10,19,12005KT,20,07
2014-02-10 20:00:00.000,2014,2,10,20,12011KT,19,08
2014-02-10 21:00:00.000,2014,2,10,21,14010KT,20,06
2014-02-10 22:00:00.000,2014,2,10,22,14014KT,19,08
2014-02-10 23:00:00.000,2014,2,10,23,13014KT,17,09
2014-02-11 00:00:00.000,2014,2,11,0,13009KT,16,08
2014-02-11 01:00:00.000,2014,2,11,1,09008KT,15,08
2014-02-11 02:00:00.000,2014,2,11,2,VRB02KT,14,09
2014-02-11 03:00:00.000,2014,2,11,3,04005KT,12,08
2014-02-11 04:00:00.000,2014,2,11,4,05006KT,13,09
2014-02-11 05:00:00.000,2014,2,11,5,05003KT,13,09
2014-02-11 06:00:00.000,2014,2,11,6,06006KT,14,09
2014-02-11 07:00:00.000,2014,2,11,7,14010KT,13,08
2014-02-11 08:00:00.000,2014,2,11,8,06003KT,12,09
2014-02-11 09:00:00.000,2014,2,11,9,04006KT,11,08
2014-02-11 10:00:00.000,2014,2,11,10,04003KT,11,08
2014-02-11 10:30:00.000,2014,2,11,10,05005KT,11,08
2014-02-11 11:00:00.000,2014,2,11,11,VRB02KT,11,08
2014-02-11 12:00:00.000,2014,2,11,12,10003KT,12,08
2014-02-11 13:00:00.000,2014,2,11,13,06008KT,14,09
2014-02-11 14:00:00.000,2014,2,11,14,10011KT,17,08
2014-02-11 15:00:00.000,2014,2,11,15,16007KT,18,07
2014-02-11 16:00:00.000,2014,2,11,16,11006KT,20,07
2014-02-11 17:00:00.000,2014,2,11,17,06010KT,21,07
2014-02-11 18:00:00.000,2014,2,11,18,24004KT,20,06
2014-02-11 19:00:00.000,2014,2,11,19,05008KT,20,05
2014-02-11 20:00:00.000,2014,2,11,20,23005KT,19,10
2014-02-11 21:00:00.000,2014,2,11,21,27005KT,18,11
2014-02-11 22:00:00.000,2014,2,11,22,24004KT,17,11
2014-02-11 23:00:00.000,2014,2,11,23,VRB02KT,16,12
2014-02-12 00:00:00.000,2014,2,12,0,10004KT,16,09
2014-02-12 01:00:00.000,2014,2,12,1,00000KT,15,10
2014-02-12 02:00:00.000,2014,2,12,2,32004KT,13,09
2014-02-12 03:00:00.000,2014,2,12,3,VRB02KT,13,07
2014-02-12 04:00:00.000,2014,2,12,4,04005KT,10,08
2014-02-12 05:00:00.000,2014,2,12,5,03005KT,09,07
2014-02-12 06:00:00.000,2014,2,12,6,03004KT,10,07
2014-02-12 07:00:00.000,2014,2,12,7,03006KT,08,06
2014-02-12 08:00:00.000,2014,2,12,8,04003KT,28,07
2014-02-12 09:00:00.000,2014,2,12,9,00000KT,08,07
2014-02-12 10:00:00.000,2014,2,12,10,01004KT,07,06
2014-02-12 10:30:00.000,2014,2,12,10,05003KT,07,06
2014-02-12 11:00:00.000,2014,2,12,11,VRB02KT,07,07
2014-02-12 11:20:00.000,2014,2,12,11,VRB02KT,07,07
2014-02-12 12:00:00.000,2014,2,12,12,05006KT,09,07
2014-02-12 13:00:00.000,2014,2,12,13,06004KT,11,08
2014-02-12 14:00:00.000,2014,2,12,14,05004KT,14,09
2014-02-12 14:20:00.000,2014,2,12,14,VRB02KT,16,09
2014-02-12 15:00:00.000,2014,2,12,15,VRB02KT,17,09
2014-02-12 16:00:00.000,2014,2,12,16,VRB02KT,19,08
2014-02-12 17:00:00.000,2014,2,12,17,VRB02KT,20,07
2014-02-12 18:00:00.000,2014,2,12,18,05008KT,20,07
2014-02-12 19:00:00.000,2014,2,12,19,04010KT,21,07
2014-02-12 20:00:00.000,2014,2,12,20,24010KT,18,12
2014-02-12 21:00:00.000,2014,2,12,21,27008KT,17,12
2014-02-12 22:00:00.000,2014,2,12,22,27012KT,16,13
2014-02-12 22:30:00.000,2014,2,12,22,22004KT,15,13
2014-02-12 23:00:00.000,2014,2,12,23,25005KT,15,13
2014-02-13 00:00:00.000,2014,2,13,0,25004KT,14,12
2014-02-13 01:00:00.000,2014,2,13,1,VRB02KT,11,10
2014-02-13 02:00:00.000,2014,2,13,2,31003KT,11,10
2014-02-13 03:00:00.000,2014,2,13,3,03003KT,11,10
2014-02-13 04:00:00.000,2014,2,13,4,VRB02KT,08,07
2014-02-13 05:00:00.000,2014,2,13,5,05004KT,09,08
2014-02-13 06:00:00.000,2014,2,13,6,31004KT,08,07
2014-02-13 07:00:00.000,2014,2,13,7,04003KT,09,08
2014-02-13 08:00:00.000,2014,2,13,8,00000KT,09,08
2014-02-13 09:00:00.000,2014,2,13,9,04005KT,09,07
2014-02-13 10:00:00.000,2014,2,13,10,03006KT,08,07
2014-02-13 11:00:00.000,2014,2,13,11,07003KT,09,07
2014-02-13 12:00:00.000,2014,2,13,12,03007KT,08,07
2014-02-13 13:00:00.000,2014,2,13,13,02006KT,12,09
2014-02-13 14:00:00.000,2014,2,13,14,01006KT,14,09
2014-02-13 15:00:00.000,2014,2,13,15,03006KT,15,09
2014-02-13 16:00:00.000,2014,2,13,16,32003KT,17,09
2014-02-13 17:00:00.000,2014,2,13,17,03005KT,19,08
2014-02-13 18:00:00.000,2014,2,13,18,24010KT,18,12
2014-02-13 19:00:00.000,2014,2,13,19,24011KT,18,12
2014-02-13 20:00:00.000,2014,2,13,20,25008KT,19,13
2014-02-13 21:00:00.000,2014,2,13,21,VRB02KT,16,13
2014-02-13 22:00:00.000,2014,2,13,22,02003KT,15,12
2014-02-13 23:00:00.000,2014,2,13,23,03005KT,14,12
2014-02-14 00:00:00.000,2014,2,14,0,VRB02KT,13,12
2014-02-14 01:00:00.000,2014,2,14,1,VRB02KT,13,12
2014-02-14 02:00:00.000,2014,2,14,2,VRB02KT,12,11
2014-02-14 03:00:00.000,2014,2,14,3,05008KT,12,11
2014-02-14 04:00:00.000,2014,2,14,4,04008KT,11,09
2014-02-14 05:00:00.000,2014,2,14,5,02008KT,11,09
2014-02-14 06:00:00.000,2014,2,14,6,05005KT,10,08
2014-02-14 07:00:00.000,2014,2,14,7,05005KT,09,08
2014-02-14 08:00:00.000,2014,2,14,8,VRB02KT,09,08
2014-02-14 09:00:00.000,2014,2,14,9,04005KT,07,07
2014-02-14 10:00:00.000,2014,2,14,10,04005KT,07,07
2014-02-14 11:00:00.000,2014,2,14,11,03004KT,07,07
2014-02-14 12:00:00.000,2014,2,14,12,04005KT,10,07
2014-02-14 13:00:00.000,2014,2,14,13,06007KT,12,08
2014-02-14 14:00:00.000,2014,2,14,14,08005KT,14,08
2014-02-14 15:00:00.000,2014,2,14,15,09006KT,16,08
2014-02-14 16:00:00.000,2014,2,14,16,34010KT,18,08
2014-02-14 17:00:00.000,2014,2,14,17,34006KT,20,06
2014-02-14 18:00:00.000,2014,2,14,18,25011KT,20,11
2014-02-14 19:00:00.000,2014,2,14,19,25008KT,20,11
2014-02-14 20:00:00.000,2014,2,14,20,27012KT,19,11
2014-02-14 21:00:00.000,2014,2,14,21,26010KT,18,11
2014-02-14 22:00:00.000,2014,2,14,22,31010KT,14,12
2014-02-14 23:00:00.000,2014,2,14,23,VRB02KT,15,11
2014-02-15 00:00:00.000,2014,2,15,0,33003KT,13,11
2014-02-15 01:00:00.000,2014,2,15,1,VRB02KT,11,10
2014-02-15 02:00:00.000,2014,2,15,2,VRB02KT,10,09
2014-02-15 03:00:00.000,2014,2,15,3,02003KT,10,09
2014-02-15 04:00:00.000,2014,2,15,4,05004KT,10,09
2014-02-15 05:00:00.000,2014,2,15,5,04005KT,11,09
2014-02-15 06:00:00.000,2014,2,15,6,04005KT,11,09
2014-02-15 08:00:00.000,2014,2,15,8,05008KT,10,09
2014-02-15 09:00:00.000,2014,2,15,9,06007KT,10,09
2014-02-15 10:00:00.000,2014,2,15,10,05006KT,09,07
2014-02-15 10:30:00.000,2014,2,15,10,05006KT,09,07
2014-02-15 11:00:00.000,2014,2,15,11,07004KT,09,07
2014-02-15 12:00:00.000,2014,2,15,12,06007KT,10,08
2014-02-15 13:00:00.000,2014,2,15,13,06006KT,12,09
2014-02-15 14:00:00.000,2014,2,15,14,06007KT,15,07
2014-02-15 15:00:00.000,2014,2,15,15,07004KT,17,06
2014-02-15 16:00:00.000,2014,2,15,16,05008KT,19,05
2014-02-15 17:00:00.000,2014,2,15,17,28007KT,20,05
2014-02-15 18:00:00.000,2014,2,15,18,02010KT,20,05
2014-02-15 19:00:00.000,2014,2,15,19,23013KT,21,10
2014-02-15 20:00:00.000,2014,2,15,20,29015KT,20,11
2014-02-15 21:00:00.000,2014,2,15,21,27010KT,18,10
2014-02-15 21:25:00.000,2014,2,15,21,31008KT,17,10
2014-02-15 22:00:00.000,2014,2,15,22,04008KT,15,11
2014-02-15 23:00:00.000,2014,2,15,23,VRB02KT,14,11
2014-02-16 00:00:00.000,2014,2,16,0,34005KT,13,11
2014-02-16 01:00:00.000,2014,2,16,1,33004KT,13,11
2014-02-16 02:00:00.000,2014,2,16,2,04004KT,13,11
2014-02-16 03:00:00.000,2014,2,16,3,02003KT,13,11
2014-02-16 04:00:00.000,2014,2,16,4,03003KT,11,09
2014-02-16 05:00:00.000,2014,2,16,5,VRB02KT,09,08
2014-02-16 06:00:00.000,2014,2,16,6,35004KT,09,08
2014-02-16 07:00:00.000,2014,2,16,7,36003KT,08,08
2014-02-16 08:00:00.000,2014,2,16,8,03003KT,08,08
2014-02-16 09:00:00.000,2014,2,16,9,31005KT,07,07
2014-02-16 10:00:00.000,2014,2,16,10,05003KT,06,06
2014-02-16 10:30:00.000,2014,2,16,10,35003KT,07,06
2014-02-16 11:00:00.000,2014,2,16,11,32003KT,07,06
2014-02-16 12:00:00.000,2014,2,16,12,06004KT,09,08
2014-02-16 13:00:00.000,2014,2,16,13,04004KT,11,09
2014-02-16 14:00:00.000,2014,2,16,14,30004KT,15,10
2014-02-16 15:00:00.000,2014,2,16,15,04004KT,,
2014-02-16 16:00:00.000,2014,2,16,16,03007KT,,
2014-02-16 17:00:00.000,2014,2,16,17,34010KT,21,08
2014-02-16 18:00:00.000,2014,2,16,18,22004KT,20,12
2014-02-16 19:00:00.000,2014,2,16,19,29018KT,20,13
2014-02-16 20:00:00.000,2014,2,16,20,31012KT,18,12
2014-02-16 20:25:00.000,2014,2,16,20,29010KT,17,12
2014-02-16 21:00:00.000,2014,2,16,21,11010KT,15,12
2014-02-16 22:00:00.000,2014,2,16,22,25010KT,13,11
2014-02-16 23:00:00.000,2014,2,16,23,25008KT,13,10
2014-02-17 00:00:00.000,2014,2,17,0,VRB02KT,12,10
2014-02-17 02:00:00.000,2014,2,17,2,VRB02KT,10,09
2014-02-17 03:00:00.000,2014,2,17,3,VRB02KT,11,10
2014-02-17 04:00:00.000,2014,2,17,4,VRB02KT,11,09
2014-02-17 05:00:00.000,2014,2,17,5,VRB02KT,10,09
2014-02-17 06:00:00.000,2014,2,17,6,VRB02KT,10,09
2014-02-17 07:00:00.000,2014,2,17,7,VRB02KT,10,09
2014-02-17 08:00:00.000,2014,2,17,8,VRB02KT,08,07
2014-02-17 09:00:00.000,2014,2,17,9,VRB02KT,07,07
2014-02-17 10:00:00.000,2014,2,17,10,VRB02KT,09,09
2014-02-17 10:30:00.000,2014,2,17,10,VRB02KT,08,07
2014-02-17 11:00:00.000,2014,2,17,11,05004KT,08,08
2014-02-17 12:00:00.000,2014,2,17,12,03003KT,10,09
2014-02-17 13:00:00.000,2014,2,17,13,03004KT,12,09
2014-02-17 14:00:00.000,2014,2,17,14,03007KT,15,11
2014-02-17 15:00:00.000,2014,2,17,15,33003KT,17,11
2014-02-17 16:00:00.000,2014,2,17,16,35008KT,18,11
2014-02-17 17:00:00.000,2014,2,17,17,32011KT,18,12
2014-02-17 18:00:00.000,2014,2,17,18,28012KT,19,10
2014-02-17 19:00:00.000,2014,2,17,19,24012KT,17,11
2014-02-17 20:00:00.000,2014,2,17,20,14010KT,16,09
2014-02-17 21:00:00.000,2014,2,17,21,14008KT,18,11
2014-02-17 22:00:00.000,2014,2,17,22,06006KT,17,11
2014-02-17 23:00:00.000,2014,2,17,23,28006KT,16,10
2014-02-18 00:00:00.000,2014,2,18,0,28005KT,15,11
2014-02-18 01:00:00.000,2014,2,18,1,VRB02KT,15,12
2014-02-18 02:00:00.000,2014,2,18,2,VRB02KT,14,12
2014-02-18 03:00:00.000,2014,2,18,3,33003KT,13,11
2014-02-18 04:00:00.000,2014,2,18,4,VRB02KT,12,11
2014-02-18 05:00:00.000,2014,2,18,5,VRB02KT,12,11
2014-02-18 06:00:00.000,2014,2,18,6,33003KT,11,10
2014-02-18 07:00:00.000,2014,2,18,7,VRB02KT,11,10
2014-02-18 08:00:00.000,2014,2,18,8,VRB02KT,10,09
2014-02-18 09:00:00.000,2014,2,18,9,VRB02KT,11,13
2014-02-18 10:00:00.000,2014,2,18,10,06005KT,12,10
2014-02-18 10:30:00.000,2014,2,18,10,05004KT,12,10
2014-02-18 11:00:00.000,2014,2,18,11,04005KT,12,10
2014-02-18 12:00:00.000,2014,2,18,12,04006KT,12,10
2014-02-18 13:00:00.000,2014,2,18,13,07008KT,14,11
2014-02-18 14:00:00.000,2014,2,18,14,05006KT,14,11
2014-02-18 15:00:00.000,2014,2,18,15,03006KT,16,10
2014-02-18 16:00:00.000,2014,2,18,16,09004KT,17,10
2014-02-18 17:00:00.000,2014,2,18,17,13004KT,20,10
2014-02-18 18:00:00.000,2014,2,18,18,32008KT,20,10
2014-02-18 19:00:00.000,2014,2,18,19,24012KT,19,10
2014-02-18 19:20:00.000,2014,2,18,19,23012KT,19,11
2014-02-18 20:00:00.000,2014,2,18,20,26014KT,18,12
2014-02-18 21:00:00.000,2014,2,18,21,29008KT,19,12
2014-02-18 21:16:00.000,2014,2,18,21,12006KT,19,12
2014-02-18 22:00:00.000,2014,2,18,22,25008KT,18,12
2014-02-18 22:10:00.000,2014,2,18,22,26006KT,17,12
2014-02-18 23:00:00.000,2014,2,18,23,28003KT,16,12
2014-02-19 00:00:00.000,2014,2,19,0,30004KT,15,12
2014-02-19 01:00:00.000,2014,2,19,1,28006KT,15,12
2014-02-19 02:00:00.000,2014,2,19,2,VRB02KT,14,12
2014-02-19 03:00:00.000,2014,2,19,3,31006KT,13,12
2014-02-19 04:00:00.000,2014,2,19,4,30004KT,13,12
2014-02-19 05:00:00.000,2014,2,19,5,VRB02KT,13,12
2014-02-19 06:00:00.000,2014,2,19,6,VRB02KT,13,12
2014-02-19 07:00:00.000,2014,2,19,7,VRB02KT,13,12
2014-02-19 08:00:00.000,2014,2,19,8,VRB02KT,13,12
2014-02-19 09:00:00.000,2014,2,19,9,VRB02KT,13,12
2014-02-19 10:00:00.000,2014,2,19,10,08004KT,13,11
2014-02-19 10:30:00.000,2014,2,19,10,VRB02KT,13,12
2014-02-19 11:00:00.000,2014,2,19,11,33004KT,12,11
2014-02-19 12:00:00.000,2014,2,19,12,VRB02KT,13,12
2014-02-19 17:00:00.000,2014,2,19,17,VRB02KT,18,11
2014-02-19 17:25:00.000,2014,2,19,17,24003KT,19,10
2014-02-19 18:05:00.000,2014,2,19,18,24007KT,18,09
2014-02-19 20:00:00.000,2014,2,19,20,07004KT,15,11
2014-02-19 21:00:00.000,2014,2,19,21,04005KT,15,11
2014-02-19 22:00:00.000,2014,2,19,22,33004KT,15,11
2014-02-19 23:00:00.000,2014,2,19,23,34003KT,15,11
2014-02-20 00:00:00.000,2014,2,20,0,06003KT,13,11
2014-02-20 02:00:00.000,2014,2,20,2,05003KT,13,11
2014-02-20 04:00:00.000,2014,2,20,4,30004KT,13,10
2014-02-20 05:00:00.000,2014,2,20,5,32004KT,12,10
2014-02-20 06:00:00.000,2014,2,20,6,34003KT,12,10
2014-02-20 07:00:00.000,2014,2,20,7,VRB02KT,11,10
2014-02-20 08:00:00.000,2014,2,20,8,VRB02KT,11,10
2014-02-20 09:00:00.000,2014,2,20,9,VRB02KT,11,10
2014-02-20 10:00:00.000,2014,2,20,10,36003KT,11,10
2014-02-20 10:30:00.000,2014,2,20,10,VRB02KT,11,10
2014-02-20 12:00:00.000,2014,2,20,12,34003KT,11,10
2014-02-20 13:00:00.000,2014,2,20,13,04004KT,13,11
2014-02-20 14:00:00.000,2014,2,20,14,34004KT,16,10
2014-02-20 15:00:00.000,2014,2,20,15,31005KT,18,10
2014-02-20 16:00:00.000,2014,2,20,16,25003KT,19,10
2014-02-20 17:00:00.000,2014,2,20,17,28004KT,18,09
2014-02-20 18:00:00.000,2014,2,20,18,18005KT,18,10
2014-02-20 18:30:00.000,2014,2,20,18,25009KT,18,11
2014-02-20 18:40:00.000,2014,2,20,18,30008KT,16,12
2014-02-20 19:00:00.000,2014,2,20,19,31013KT,15,12
2014-02-20 20:00:00.000,2014,2,20,20,21004KT,16,12
2014-02-20 21:00:00.000,2014,2,20,21,21006KT,16,13
2014-02-20 22:00:00.000,2014,2,20,22,21007KT,16,12
2014-02-20 23:00:00.000,2014,2,20,23,21003KT,16,12
2014-02-21 00:00:00.000,2014,2,21,0,VRB02KT,14,12
2014-02-21 01:00:00.000,2014,2,21,1,VRB02KT,14,12
2014-02-21 02:00:00.000,2014,2,21,2,VRB02KT,14,12
2014-02-21 02:13:00.000,2014,2,21,2,VRB02KT,14,13
2014-02-21 03:00:00.000,2014,2,21,3,14004KT,13,12
2014-02-21 03:30:00.000,2014,2,21,3,36003KT,13,12
2014-02-21 04:00:00.000,2014,2,21,4,00000KT,13,12
2014-02-21 09:00:00.000,2014,2,21,9,00000KT,11,11
2014-02-21 10:00:00.000,2014,2,21,10,00000KT,11,11
2014-02-21 11:00:00.000,2014,2,21,11,VRB02KT,12,11
2014-02-21 12:00:00.000,2014,2,21,12,VRB02KT,12,11
2014-02-21 14:00:00.000,2014,2,21,14,05003KT,15,13
2014-02-21 15:00:00.000,2014,2,21,15,33004KT,15,12
2014-02-21 16:00:00.000,2014,2,21,16,VRB02KT,15,10
2014-02-21 17:00:00.000,2014,2,21,17,17006KT,18,09
2014-02-21 18:00:00.000,2014,2,21,18,35004KT,19,11
2014-02-21 19:00:00.000,2014,2,21,19,15014KT,18,10
2014-02-21 19:35:00.000,2014,2,21,19,25007KT,16,12
2014-02-21 20:00:00.000,2014,2,21,20,31005KT,14,13
2014-02-21 21:00:00.000,2014,2,21,21,27006KT,14,13
2014-02-21 22:00:00.000,2014,2,21,22,01005KT,14,13
2014-02-21 22:05:00.000,2014,2,21,22,03003KT,14,13
2014-02-22 00:00:00.000,2014,2,22,0,04004KT,13,12
2014-02-22 01:00:00.000,2014,2,22,1,03004KT,13,11
2014-02-22 02:00:00.000,2014,2,22,2,02004KT,13,11
2014-02-22 03:00:00.000,2014,2,22,3,02003KT,12,10
2014-02-22 04:00:00.000,2014,2,22,4,36003KT,12,11
2014-02-22 05:00:00.000,2014,2,22,5,VRB02KT,12,11
2014-02-22 06:00:00.000,2014,2,22,6,35003KT,12,11
2014-02-22 07:00:00.000,2014,2,22,7,01003KT,11,10
2014-02-22 08:00:00.000,2014,2,22,8,00000KT,11,11
2014-02-22 09:00:00.000,2014,2,22,9,00000KT,12,11
2014-02-22 10:00:00.000,2014,2,22,10,00000KT,12,11
2014-02-22 10:30:00.000,2014,2,22,10,00000KT,12,11
2014-02-22 11:00:00.000,2014,2,22,11,32003KT,12,11
2014-02-22 12:00:00.000,2014,2,22,12,VRB02KT,12,11
2014-02-22 13:00:00.000,2014,2,22,13,05005KT,13,12
2014-02-22 14:00:00.000,2014,2,22,14,VRB02KT,15,11
2014-02-22 15:00:00.000,2014,2,22,15,VRB02KT,15,11
2014-02-22 15:00:00.000,2014,2,22,15,VRB02KT,15,11
2014-02-22 16:00:00.000,2014,2,22,16,VRB02KT,17,09
2014-02-22 17:00:00.000,2014,2,22,17,04012KT,20,11
2014-02-22 18:00:00.000,2014,2,22,18,25010KT,18,11
2014-02-22 19:00:00.000,2014,2,22,19,29012KT,17,13
2014-02-22 20:00:00.000,2014,2,22,20,32010KT,17,12
2014-02-22 20:25:00.000,2014,2,22,20,34010KT,17,13
2014-02-22 20:30:00.000,2014,2,22,20,34010KT,16,13
2014-02-22 21:00:00.000,2014,2,22,21,33010KT,17,13
2014-02-22 22:00:00.000,2014,2,22,22,16010KT,16,13
2014-02-22 23:00:00.000,2014,2,22,23,VRB02KT,15,12
2014-02-23 00:00:00.000,2014,2,23,0,25006KT,14,11
2014-02-23 01:00:00.000,2014,2,23,1,27003KT,14,12
2014-02-23 02:00:00.000,2014,2,23,2,04003KT,13,11
2014-02-23 03:00:00.000,2014,2,23,3,33003KT,13,11
2014-02-23 04:00:00.000,2014,2,23,4,VRB02KT,12,10
2014-02-23 06:00:00.000,2014,2,23,6,05003KT,11,10
2014-02-23 07:00:00.000,2014,2,23,7,VRB02KT,11,10
2014-02-23 08:00:00.000,2014,2,23,8,00000KT,11,10
2014-02-23 09:00:00.000,2014,2,23,9,00000KT,10,09
2014-02-23 10:00:00.000,2014,2,23,10,05004KT,10,09
2014-02-23 10:30:00.000,2014,2,23,10,VBR02KT,10,09
2014-02-23 11:00:00.000,2014,2,23,11,32003KT,10,09
2014-02-23 12:00:00.000,2014,2,23,12,VRB02KT,10,10
2014-02-23 13:00:00.000,2014,2,23,13,VRB02KT,13,12
2014-02-23 13:30:00.000,2014,2,23,13,06004KT,15,11
2014-02-23 14:00:00.000,2014,2,23,14,VRB02KT,16,10
2014-02-23 15:00:00.000,2014,2,23,15,VRB02KT,18,09
2014-02-23 16:00:00.000,2014,2,23,16,28006KT,19,08
2014-02-23 17:00:00.000,2014,2,23,17,VRB02KT,19,08
2014-02-23 18:00:00.000,2014,2,23,18,08005KT,20,07
2014-02-23 19:00:00.000,2014,2,23,19,30013KT,18,13
2014-02-23 19:30:00.000,2014,2,23,19,28014KT,17,12
2014-02-23 20:00:00.000,2014,2,23,20,28010KT,17,12
2014-02-23 20:20:00.000,2014,2,23,20,31013KT,17,12
2014-02-23 21:00:00.000,2014,2,23,21,29010KT,17,12
2014-02-23 21:35:00.000,2014,2,23,21,VRB02KT,17,11
2014-02-23 22:00:00.000,2014,2,23,22,14012KT,14,10
2014-02-23 22:07:00.000,2014,2,23,22,15005KT,14,10
2014-02-23 23:00:00.000,2014,2,23,23,31004KT,14,11
2014-02-23 23:10:00.000,2014,2,23,23,00000KT,14,12
2014-02-24 00:00:00.000,2014,2,24,0,VRB02KT,13,11
2014-02-24 01:00:00.000,2014,2,24,1,36006KT,12,11
2014-02-24 02:00:00.000,2014,2,24,2,28003KT,12,11
2014-02-24 03:00:00.000,2014,2,24,3,VRB02KT,12,11
2014-02-24 04:00:00.000,2014,2,24,4,00000KT,12,11
2014-02-24 05:00:00.000,2014,2,24,5,VRB02KT,11,10
2014-02-24 06:00:00.000,2014,2,24,6,00000KT,11,11
2014-02-24 07:00:00.000,2014,2,24,7,VRB02KT,12,11
2014-02-24 08:00:00.000,2014,2,24,8,00000KT,12,11
2014-02-24 09:00:00.000,2014,2,24,9,VRB02KT,11,10
2014-02-24 10:00:00.000,2014,2,24,10,06005KT,12,10
2014-02-24 10:30:00.000,2014,2,24,10,02003KT,12,11
2014-02-24 11:00:00.000,2014,2,24,11,03005KT,12,10
2014-02-24 12:00:00.000,2014,2,24,12,VRB02KT,12,10
2014-02-24 13:00:00.000,2014,2,24,13,05004KT,13,11
2014-02-24 13:26:00.000,2014,2,24,13,VRB02KT,16,11
2014-02-24 14:00:00.000,2014,2,24,14,05006KT,17,11
2014-02-24 15:00:00.000,2014,2,24,15,08008KT,17,11
2014-02-24 16:00:00.000,2014,2,24,16,VRB02KT,18,10
2014-02-24 17:00:00.000,2014,2,24,17,18010KT,19,10
2014-02-24 18:00:00.000,2014,2,24,18,02007KT,19,10
2014-02-24 19:00:00.000,2014,2,24,19,27008KT,19,10
2014-02-24 20:00:00.000,2014,2,24,20,22009KT,18,12
2014-02-24 21:00:00.000,2014,2,24,21,36008KT,18,11
2014-02-24 21:15:00.000,2014,2,24,21,32007KT,17,19
2014-02-24 22:00:00.000,2014,2,24,22,28010KT,16,11
2014-02-24 22:35:00.000,2014,2,24,22,25010KT,15,13
2014-02-24 23:00:00.000,2014,2,24,23,28005KT,15,13
2014-02-25 00:00:00.000,2014,2,25,0,VRB02KT,15,13
2014-02-25 01:00:00.000,2014,2,25,1,33003KT,15,13
2014-02-25 02:00:00.000,2014,2,25,2,11005KT,15,10
2014-02-25 03:00:00.000,2014,2,25,3,33005KT,13,12
2014-02-25 04:00:00.000,2014,2,25,4,VRB02KT,14,11
2014-02-25 05:00:00.000,2014,2,25,5,VRB02KT,13,12
2014-02-25 06:00:00.000,2014,2,25,6,04005KT,12,10
2014-02-25 07:00:00.000,2014,2,25,7,VRB02KT,12,10
2014-02-25 08:00:00.000,2014,2,25,8,VRB02KT,11,10
2014-02-25 09:00:00.000,2014,2,25,9,VRB02KT,11,10
2014-02-25 10:00:00.000,2014,2,25,10,VRB02KT,10,10
2014-02-25 10:30:00.000,2014,2,25,10,VRB02KT,09,09
2014-02-25 11:00:00.000,2014,2,25,11,VRB02KT,10,10
2014-02-25 12:00:00.000,2014,2,25,12,33005KT,11,10
2014-02-25 13:00:00.000,2014,2,25,13,VRB02KT,12,11
2014-02-25 14:00:00.000,2014,2,25,14,02003KT,16,11
2014-02-25 14:30:00.000,2014,2,25,14,06007KT,16,12
2014-02-25 15:00:00.000,2014,2,25,15,01004KT,17,11
2014-02-25 16:00:00.000,2014,2,25,16,02010KT,18,11
2014-02-25 17:00:00.000,2014,2,25,17,20010KT,16,10
2014-02-25 18:00:00.000,2014,2,25,18,19004KT,16,11
2014-02-25 18:30:00.000,2014,2,25,18,21008KT,16,12
2014-02-25 19:00:00.000,2014,2,25,19,25007KT,16,13
2014-02-25 20:00:00.000,2014,2,25,20,27005KT,16,12
2014-02-25 21:00:00.000,2014,2,25,21,31006KT,15,13
2014-02-25 22:00:00.000,2014,2,25,22,31005KT,15,12
2014-02-25 23:00:00.000,2014,2,25,23,26006KT,15,13
2014-02-26 00:00:00.000,2014,2,26,0,24003KT,15,12
2014-02-26 01:00:00.000,2014,2,26,1,00000KT,14,12
2014-02-26 02:00:00.000,2014,2,26,2,30005KT,13,12
2014-02-26 03:00:00.000,2014,2,26,3,01003KT,12,11
2014-02-26 04:00:00.000,2014,2,26,4,VRB02KT,12,11
2014-02-26 05:00:00.000,2014,2,26,5,31003KT,13,11
2014-02-26 06:00:00.000,2014,2,26,6,VRB02KT,12,11
2014-02-26 07:00:00.000,2014,2,26,7,00000KT,12,11
2014-02-26 08:00:00.000,2014,2,26,8,31003KT,12,11
2014-02-26 09:00:00.000,2014,2,26,9,VRB02KT,12,11
2014-02-26 10:00:00.000,2014,2,26,10,VRB02KT,12,11
2014-02-26 10:30:00.000,2014,2,26,10,VRB02KT,11,10
2014-02-26 11:00:00.000,2014,2,26,11,00000KT,12,11
2014-02-26 11:10:00.000,2014,2,26,11,00000KT,12,11
2014-02-26 12:00:00.000,2014,2,26,12,02003KT,12,11
2014-02-26 13:00:00.000,2014,2,26,13,01005KT,13,11
2014-02-26 14:00:00.000,2014,2,26,14,04003KT,15,11
2014-02-26 14:30:00.000,2014,2,26,14,07003KT,15,11
2014-02-26 15:00:00.000,2014,2,26,15,08005KT,17,11
2014-02-26 16:00:00.000,2014,2,26,16,14005KT,17,10
2014-02-26 17:00:00.000,2014,2,26,17,04008KT,17,12
2014-02-26 18:00:00.000,2014,2,26,18,06010KT,17,13
2014-02-26 19:00:00.000,2014,2,26,19,06014KT,17,12
2014-02-26 20:00:00.000,2014,2,26,20,03010KT,19,12
2014-02-26 20:36:00.000,2014,2,26,20,26012KT,16,13
2014-02-26 21:00:00.000,2014,2,26,21,27010KT,16,13
2014-02-26 22:00:00.000,2014,2,26,22,27006KT,18,13
2014-02-26 23:00:00.000,2014,2,26,23,30006KT,16,12
2014-02-27 00:00:00.000,2014,2,27,0,23004KT,14,12
2014-02-27 01:00:00.000,2014,2,27,1,VRB02KT,14,11
2014-02-27 02:00:00.000,2014,2,27,2,36004KT,13,11
2014-02-27 03:00:00.000,2014,2,27,3,31004KT,13,11
2014-02-27 04:00:00.000,2014,2,27,4,VRB02KT,12,11
2014-02-27 05:00:00.000,2014,2,27,5,VRB02KT,12,11
2014-02-27 06:00:00.000,2014,2,27,6,05004KT,12,10
2014-02-27 07:00:00.000,2014,2,27,7,05004KT,12,10
2014-02-27 08:00:00.000,2014,2,27,8,36004KT,10,10
2014-02-27 09:00:00.000,2014,2,27,9,07004KT,12,11
2014-02-27 10:00:00.000,2014,2,27,10,04004KT,12,10
2014-02-27 10:30:00.000,2014,2,27,10,VRB02KT,11,10
2014-02-27 11:00:00.000,2014,2,27,11,VRB02KT,11,10
2014-02-27 12:00:00.000,2014,2,27,12,08005KT,13,11
2014-02-27 13:00:00.000,2014,2,27,13,07006KT,14,12
2014-02-27 14:00:00.000,2014,2,27,14,05006KT,16,11
2014-02-27 15:00:00.000,2014,2,27,15,04004KT,17,11
2014-02-27 16:00:00.000,2014,2,27,16,35005KT,18,12
2014-02-27 17:00:00.000,2014,2,27,17,30008KT,17,13
2014-02-27 18:00:00.000,2014,2,27,18,32006KT,16,13
2014-02-27 18:30:00.000,2014,2,27,18,32006KT,16,12
2014-02-27 19:00:00.000,2014,2,27,19,27006KT,16,12
2014-02-27 20:00:00.000,2014,2,27,20,23008KT,17,13
2014-02-27 20:03:00.000,2014,2,27,20,21006KT,17,13
2014-02-27 20:37:00.000,2014,2,27,20,19011KT,17,12
2014-02-27 21:00:00.000,2014,2,27,21,18011KT,16,11
2014-02-27 22:00:00.000,2014,2,27,22,16011KT,17,09
2014-02-27 23:00:00.000,2014,2,27,23,21004KT,16,09
2014-02-28 00:00:00.000,2014,2,28,0,25010KT,13,12
2014-02-28 01:00:00.000,2014,2,28,1,VRB02KT,13,11
2014-02-28 02:00:00.000,2014,2,28,2,VRB02KT,12,11
2014-02-28 03:00:00.000,2014,2,28,3,VRB02KT,12,11
2014-02-28 04:00:00.000,2014,2,28,4,VRB02KT,11,11
2014-02-28 05:00:00.000,2014,2,28,5,VRB02KT,12,12
2014-02-28 06:00:00.000,2014,2,28,6,VRB02KT,12,11
2014-02-28 07:00:00.000,2014,2,28,7,VRB02KT,12,11
2014-02-28 08:00:00.000,2014,2,28,8,VRB02KT,12,11
2014-02-28 09:00:00.000,2014,2,28,9,VRB02KT,12,11
2014-02-28 10:00:00.000,2014,2,28,10,VRB02KT,11,11
2014-02-28 10:30:00.000,2014,2,28,10,VRB02KT,11,11
2014-02-28 11:00:00.000,2014,2,28,11,VRB02KT,11,11
2014-02-28 12:00:00.000,2014,2,28,12,VRB02KT,12,11
2014-02-28 13:00:00.000,2014,2,28,13,04004KT,13,11
2014-02-28 14:00:00.000,2014,2,28,14,05004KT,14,12
2014-02-28 16:00:00.000,2014,2,28,16,03006KT,16,11
2014-02-28 17:00:00.000,2014,2,28,17,VRB02KT,17,12
2014-02-28 18:00:00.000,2014,2,28,18,23006KT,18,11
2014-02-28 19:00:00.000,2014,2,28,19,23018KT,17,13
2014-02-28 20:00:00.000,2014,2,28,20,23008KT,14,12
2014-02-28 20:22:00.000,2014,2,28,20,32006KT,13,13
2014-02-28 21:00:00.000,2014,2,28,21,29006KT,13,13
2014-02-28 22:00:00.000,2014,2,28,22,29006KT,14,12
2014-02-28 23:00:00.000,2014,2,28,23,VRB02KT,14,12
2014-03-01 00:00:00.000,2014,3,1,0,29005KT,14,12
2014-03-01 01:00:00.000,2014,3,1,1,29006KT,14,12
2014-03-01 02:00:00.000,2014,3,1,2,32003KT,14,11
2014-03-01 03:00:00.000,2014,3,1,3,30005KT,13,12
2014-03-01 04:00:00.000,2014,3,1,4,4006KT,13,12
2014-03-01 05:00:00.000,2014,3,1,5,04004KT,12,11
2014-03-01 06:00:00.000,2014,3,1,6,11006KT,12,11
2014-03-01 07:00:00.000,2014,3,1,7,VRB02KT,12,11
2014-03-01 12:00:00.000,2014,3,1,12,VRB02KT,11,11
2014-03-01 13:00:00.000,2014,3,1,13,VRB02KT,12,12
2014-03-01 14:00:00.000,2014,3,1,14,VRB02KT,14,12
2014-03-01 15:00:00.000,2014,3,1,15,VRB02KT,15,11
2014-03-01 16:00:00.000,2014,3,1,16,28004KT,16,10
2014-03-01 17:00:00.000,2014,3,1,17,31008KT,17,11
2014-03-01 18:00:00.000,2014,3,1,18,30010KT,17,13
2014-03-01 19:00:00.000,2014,3,1,19,30012KT,17,12
2014-03-01 20:00:00.000,2014,3,1,20,28010KT,16,12
2014-03-01 20:18:00.000,2014,3,1,20,27014KT,15,13
2014-03-01 21:00:00.000,2014,3,1,21,28010KT,15,12
2014-03-01 22:00:00.000,2014,3,1,22,32004KT,15,11
2014-03-01 23:00:00.000,2014,3,1,23,30006KT,14,11
2014-03-02 00:00:00.000,2014,3,2,0,28008KT,14,12
2014-03-02 01:00:00.000,2014,3,2,1,30009KT,13,11
2014-03-02 02:00:00.000,2014,3,2,2,29011KT,13,11
2014-03-02 03:00:00.000,2014,3,2,3,33003KT,12,11
2014-03-02 04:00:00.000,2014,3,2,4,32004KT,12,11
2014-03-02 05:00:00.000,2014,3,2,5,30005KT,12,11
2014-03-02 06:00:00.000,2014,3,2,6,27004KT,12,11
2014-03-02 07:00:00.000,2014,3,2,7,VRB02KT,12,10
2014-03-02 08:00:00.000,2014,3,2,8,29003KT,12,10
2014-03-02 09:00:00.000,2014,3,2,9,VRB02KT,11,10
2014-03-02 10:00:00.000,2014,3,2,10,00000KT,09,08
2014-03-02 10:30:00.000,2014,3,2,10,VRB02KT,10,09
2014-03-02 11:00:00.000,2014,3,2,11,00000KT,10,09
2014-03-02 12:00:00.000,2014,3,2,12,VRB02KT,11,10
2014-03-02 13:00:00.000,2014,3,2,13,VRB02KT,12,10
2014-03-02 14:00:00.000,2014,3,2,14,VRB02KT,15,11
2014-03-02 15:00:00.000,2014,3,2,15,VRB02KT,17,11
2014-03-02 16:00:00.000,2014,3,2,16,VRB02KT,18,10
2014-03-02 17:00:00.000,2014,3,2,17,30010KT,17,12
2014-03-02 18:00:00.000,2014,3,2,18,31011KT,17,11
2014-03-02 19:00:00.000,2014,3,2,19,30010KT,17,12
2014-03-02 20:00:00.000,2014,3,2,20,28009KT,17,10
2014-03-02 21:00:00.000,2014,3,2,21,25010KT,16,11
2014-03-02 22:00:00.000,2014,3,2,22,26008KT,16,11
2014-03-02 23:00:00.000,2014,3,2,23,33008KT,15,12
2014-03-03 00:00:00.000,2014,3,3,0,29010KT,13,11
2014-03-03 01:00:00.000,2014,3,3,1,31010KT,13,11
2014-03-03 02:00:00.000,2014,3,3,2,29008KT,13,11
2014-03-03 02:15:00.000,2014,3,3,2,31004KT,13,11
2014-03-03 03:00:00.000,2014,3,3,3,VRB02KT,12,10
2014-03-03 04:00:00.000,2014,3,3,4,VRB02KT,11,11
2014-03-03 05:00:00.000,2014,3,3,5,31005KT,11,10
2014-03-03 06:00:00.000,2014,3,3,6,VRB02KT,11,10
2014-03-03 07:00:00.000,2014,3,3,7,VRB02KT,11,10
2014-03-03 08:00:00.000,2014,3,3,8,24004KT,11,10
2014-03-03 09:00:00.000,2014,3,3,9,VRB02KT,10,09
2014-03-03 10:00:00.000,2014,3,3,10,33003KT,08,08
2014-03-03 10:05:00.000,2014,3,3,10,30005KT,08,08
2014-03-03 10:10:00.000,2014,3,3,10,31004KT,08,08
2014-03-03 10:15:00.000,2014,3,3,10,3003KT,09,08
2014-03-03 10:30:00.000,2014,3,3,10,28003KT,09,09
2014-03-03 11:00:00.000,2014,3,3,11,VRB02KT,08,08
2014-03-03 12:00:00.000,2014,3,3,12,VRB02KT,09,09
2014-03-03 12:30:00.000,2014,3,3,12,VRB02KT,10,09
2014-03-03 13:00:00.000,2014,3,3,13,VRB02KT,12,11
2014-03-03 14:00:00.000,2014,3,3,14,33003KT,15,11
2014-03-03 15:00:00.000,2014,3,3,15,VRB02KT,16,10
2014-03-03 16:00:00.000,2014,3,3,16,VRB02KT,17,08
2014-03-03 17:00:00.000,2014,3,3,17,26004KT,17,09
2014-03-03 18:00:00.000,2014,3,3,18,33007KT,16,12
2014-03-03 19:00:00.000,2014,3,3,19,28012KT,18,11
2014-03-03 20:00:00.000,2014,3,3,20,29014KT,17,11
2014-03-03 21:00:00.000,2014,3,3,21,27008KT,16,12
2014-03-03 22:00:00.000,2014,3,3,22,23009KT,16,11
2014-03-03 23:00:00.000,2014,3,3,23,35004KT,14,10
2014-03-04 00:00:00.000,2014,3,4,0,30003KT,13,10
2014-03-04 01:00:00.000,2014,3,4,1,00000KT,13,10
2014-03-04 02:00:00.000,2014,3,4,2,26004KT,12,11
2014-03-04 03:00:00.000,2014,3,4,3,00000KT,12,10
2014-03-04 04:00:00.000,2014,3,4,4,00000KT,12,10
2014-03-04 05:00:00.000,2014,3,4,5,03003KT,11,10
2014-03-04 06:00:00.000,2014,3,4,6,VRB02KT,11,10
2014-03-04 07:00:00.000,2014,3,4,7,01003KT,11,10
2014-03-04 08:00:00.000,2014,3,4,8,03004KT,11,10
2014-03-04 09:00:00.000,2014,3,4,9,00000KT,11,11
2014-03-04 10:00:00.000,2014,3,4,10,00000KT,11,11
2014-03-04 10:30:00.000,2014,3,4,10,00000KT,11,11
2014-03-04 11:00:00.000,2014,3,4,11,VRB02KT,11,11
2014-03-04 11:10:00.000,2014,3,4,11,06003KT,11,11
2014-03-04 12:00:00.000,2014,3,4,12,VRB02KT,12,11
2014-03-04 13:00:00.000,2014,3,4,13,34003KT,13,11
2014-03-04 14:00:00.000,2014,3,4,14,07004KT,14,11
2014-03-04 15:00:00.000,2014,3,4,15,36004KT,15,11
2014-03-04 16:00:00.000,2014,3,4,16,32004KT,17,10
2014-03-04 17:00:00.000,2014,3,4,17,28006KT,18,08
2014-03-04 18:00:00.000,2014,3,4,18,31008KT,17,12
2014-03-04 19:00:00.000,2014,3,4,19,30012KT,17,12
2014-03-04 20:00:00.000,2014,3,4,20,27010KT,17,12
2014-03-04 21:00:00.000,2014,3,4,21,28006KT,17,13
2014-03-04 22:00:00.000,2014,3,4,22,27010KT,17,12
2014-03-04 23:00:00.000,2014,3,4,23,30006KT,15,12
2014-03-05 00:00:00.000,2014,3,5,0,03003KT,14,11
2014-03-05 01:00:00.000,2014,3,5,1,00000KT,13,10
2014-03-05 02:00:00.000,2014,3,5,2,VRB02KT,14,11
2014-03-05 03:00:00.000,2014,3,5,3,29005KT,13,11
2014-03-05 04:00:00.000,2014,3,5,4,VRB02KT,12,11
2014-03-05 05:00:00.000,2014,3,5,5,04003KT,12,11
2014-03-05 06:00:00.000,2014,3,5,6,VRB02KT,11,10
2014-03-05 07:00:00.000,2014,3,5,7,01003KT,11,10
2014-03-05 08:00:00.000,2014,3,5,8,VRB02KT,12,11
2014-03-05 09:00:00.000,2014,3,5,9,03005KT,12,11
2014-03-05 10:00:00.000,2014,3,5,10,15006KT,12,11
2014-03-05 10:30:00.000,2014,3,5,10,04007KT,12,11
2014-03-05 11:00:00.000,2014,3,5,11,04008KT,12,11
2014-03-05 12:00:00.000,2014,3,5,12,03008KT,13,11
2014-03-05 13:00:00.000,2014,3,5,13,04005KT,13,11
2014-03-05 14:00:00.000,2014,3,5,14,04003KT,14,11
2014-03-05 15:00:00.000,2014,3,5,15,11005KT,17,11
2014-03-05 16:00:00.000,2014,3,5,16,VRB02KT,18,10
2014-03-05 17:00:00.000,2014,3,5,17,20004KT,18,10
2014-03-05 18:00:00.000,2014,3,5,18,04003KT,19,10
2014-03-05 19:00:00.000,2014,3,5,19,25005KT,19,10
2014-03-05 19:24:00.000,2014,3,5,19,25009KT,18,13
2014-03-05 20:00:00.000,2014,3,5,20,30012KT,17,13
2014-03-05 20:25:00.000,2014,3,5,20,30010KT,17,13
2014-03-05 20:30:00.000,2014,3,5,20,28010KT,17,13
2014-03-05 21:00:00.000,2014,3,5,21,30009KT,16,12
2014-03-05 22:00:00.000,2014,3,5,22,27008KT,16,12
2014-03-05 23:00:00.000,2014,3,5,23,31009KT,15,13
2014-03-06 00:00:00.000,2014,3,6,0,VRB02KT,14,12
2014-03-06 01:00:00.000,2014,3,6,1,30005KT,13,11
2014-03-06 02:00:00.000,2014,3,6,2,00000KT,13,11
2014-03-06 03:00:00.000,2014,3,6,3,29007KT,13,11
2014-03-06 04:00:00.000,2014,3,6,4,27005KT,13,11
2014-03-06 05:00:00.000,2014,3,6,5,27004KT,13,12
2014-03-06 06:00:00.000,2014,3,6,6,VRB02KT,13,12
2014-03-06 07:00:00.000,2014,3,6,7,30003KT,13,12
2014-03-06 08:00:00.000,2014,3,6,8,04003KT,12,11
2014-03-06 09:00:00.000,2014,3,6,9,36003KT,11,11
2014-03-06 10:00:00.000,2014,3,6,10,00000KT,11,11
2014-03-06 10:30:00.000,2014,3,6,10,00000KT,12,10
2014-03-06 11:00:00.000,2014,3,6,11,VRB02KT,12,11
2014-03-06 12:00:00.000,2014,3,6,12,VRB02KT,12,11
2014-03-06 13:00:00.000,2014,3,6,13,04003KT,13,11
2014-03-06 14:00:00.000,2014,3,6,14,06007KT,14,11
2014-03-06 15:00:00.000,2014,3,6,15,15005KT,16,09
2014-03-06 16:00:00.000,2014,3,6,16,VRB02KT,19,09
2014-03-06 18:00:00.000,2014,3,6,18,28009KT,17,12
2014-03-06 19:00:00.000,2014,3,6,19,28005KT,17,12
2014-03-06 20:00:00.000,2014,3,6,20,30009KT,17,12
2014-03-06 21:00:00.000,2014,3,6,21,27008KT,17,12
2014-03-06 22:00:00.000,2014,3,6,22,28007KT,16,12
2014-03-06 23:00:00.000,2014,3,6,23,22005KT,16,11
2014-03-07 00:00:00.000,2014,3,7,0,VBR02KT,13,11
2014-03-07 01:00:00.000,2014,3,7,1,VBR02KT,13,10
2014-03-07 02:00:00.000,2014,3,7,2,VRB02KT,14,10
2014-03-07 03:00:00.000,2014,3,7,3,VRB02KT,13,11
2014-03-07 04:00:00.000,2014,3,7,4,VRB02KT,12,10
2014-03-07 05:00:00.000,2014,3,7,5,VRB02KT,12,11
2014-03-07 06:00:00.000,2014,3,7,6,VRB02KT,11,10
2014-03-07 07:00:00.000,2014,3,7,7,VRB02KT,10,09
2014-03-07 08:00:00.000,2014,3,7,8,VRB02KT,10,10
2014-03-07 09:00:00.000,2014,3,7,9,VRB02KT,11,10
2014-03-07 10:00:00.000,2014,3,7,10,VRB02KT,11,10
2014-03-07 10:30:00.000,2014,3,7,10,VRB02KT,08,08
2014-03-07 11:00:00.000,2014,3,7,11,VRB02KT,09,09
2014-03-07 12:00:00.000,2014,3,7,12,VRB02KT,11,10
2014-03-07 13:00:00.000,2014,3,7,13,32003KT,14,11
2014-03-07 14:00:00.000,2014,3,7,14,04005KT,16,10
2014-03-07 15:00:00.000,2014,3,7,15,25003KT,18,11
2014-03-07 16:00:00.000,2014,3,7,16,30009KT,19,09
2014-03-07 17:00:00.000,2014,3,7,17,34003KT,19,10
2014-03-07 18:00:00.000,2014,3,7,18,24010KT,18,11
2014-03-07 19:00:00.000,2014,3,7,19,35006KT,12,10
2014-03-07 20:00:00.000,2014,3,7,20,24005KT,15,10
2014-03-07 21:00:00.000,2014,3,7,21,23003KT,16,10
2014-03-07 22:00:00.000,2014,3,7,22,24008KT,16,12
2014-03-07 23:00:00.000,2014,3,7,23,35003KT,15,13
2014-03-08 00:00:00.000,2014,3,8,0,08010KT,14,11
2014-03-08 01:00:00.000,2014,3,8,1,VRB02KT,12,11
2014-03-08 02:00:00.000,2014,3,8,2,07003KT,12,11
2014-03-08 03:00:00.000,2014,3,8,3,03003KT,12,11
2014-03-08 04:00:00.000,2014,3,8,4,06003KT,12,11
2014-03-08 05:00:00.000,2014,3,8,5,33004KT,12,11
2014-03-08 06:00:00.000,2014,3,8,6,VRB02KT,12,11
2014-03-08 07:00:00.000,2014,3,8,7,VRB02KT,12,11
2014-03-08 08:00:00.000,2014,3,8,8,VRB02KT,12,11
2014-03-08 09:00:00.000,2014,3,8,9,VRB02KT,12,10
2014-03-08 10:00:00.000,2014,3,8,10,23004KT,12,10
2014-03-08 10:30:00.000,2014,3,8,10,27003KT,12,10
2014-03-08 11:00:00.000,2014,3,8,11,VRB02KT,11,10
2014-03-08 12:00:00.000,2014,3,8,12,32003KT,12,11
2014-03-08 13:00:00.000,2014,3,8,13,36003KT,13,11
2014-03-08 14:00:00.000,2014,3,8,14,03004KT,14,11
2014-03-08 15:00:00.000,2014,3,8,15,06004KT,17,10
2014-03-08 16:00:00.000,2014,3,8,16,26004KT,18,10
2014-03-08 17:00:00.000,2014,3,8,17,24006KT,20,10
2014-03-08 18:00:00.000,2014,3,8,18,27011KT,19,11
2014-03-08 19:00:00.000,2014,3,8,19,29016KT,19,13
2014-03-08 20:00:00.000,2014,3,8,20,29010KT,17,12
2014-03-08 21:00:00.000,2014,3,8,21,28011KT,15,12
2014-03-08 22:00:00.000,2014,3,8,22,34008KT,15,12
2014-03-08 23:00:00.000,2014,3,8,23,30004KT,14,11
2014-03-09 00:00:00.000,2014,3,9,0,28005KT,13,11
2014-03-09 01:00:00.000,2014,3,9,1,31006KT,13,11
2014-03-09 02:00:00.000,2014,3,9,2,VRB02KT,13,11
2014-03-09 03:00:00.000,2014,3,9,3,00000KT,13,11
2014-03-09 04:00:00.000,2014,3,9,4,27003KT,13,11
2014-03-09 05:00:00.000,2014,3,9,5,VRB02KT,13,11
2014-03-09 06:00:00.000,2014,3,9,6,VRB02KT,13,11
2014-03-09 07:00:00.000,2014,3,9,7,00000KT,11,11
2014-03-09 08:00:00.000,2014,3,9,8,VRB02KT,11,10
2014-03-09 09:00:00.000,2014,3,9,9,33003KT,09,08
2014-03-09 09:28:00.000,2014,3,9,9,VRB02KT,08,08
2014-03-09 10:00:00.000,2014,3,9,10,00000KT,09,08
2014-03-09 10:30:00.000,2014,3,9,10,00000KT,08,07
2014-03-09 11:00:00.000,2014,3,9,11,VRB02KT,08,07
2014-03-09 12:00:00.000,2014,3,9,12,05003KT,09,09
2014-03-09 13:00:00.000,2014,3,9,13,05005KT,12,12
2014-03-09 14:00:00.000,2014,3,9,14,31003KT,15,11
2014-03-09 15:00:00.000,2014,3,9,15,31005KT,17,10
2014-03-09 16:00:00.000,2014,3,9,16,33004KT,18,09
2014-03-09 17:00:00.000,2014,3,9,17,34009KT,19,10
2014-03-09 18:00:00.000,2014,3,9,18,32008KT,18,11
2014-03-09 19:00:00.000,2014,3,9,19,27011KT,18,12
2014-03-09 19:15:00.000,2014,3,9,19,27007KT,17,11
2014-03-09 20:00:00.000,2014,3,9,20,29011KT,18,11
2014-03-09 22:00:00.000,2014,3,9,22,30014KT,16,11
2014-03-10 00:00:00.000,2014,3,10,0,30006KT,14,10
2014-03-10 01:00:00.000,2014,3,10,1,31007KT,13,10
2014-03-10 02:00:00.000,2014,3,10,2,31007KT,13,11
2014-03-10 03:00:00.000,2014,3,10,3,32004KT,12,10
2014-03-10 04:00:00.000,2014,3,10,4,VRB02KT,12,10
2014-03-10 05:00:00.000,2014,3,10,5,34004KT,12,10
2014-03-10 06:00:00.000,2014,3,10,6,03003KT,12,10
2014-03-10 07:00:00.000,2014,3,10,7,00000KT,11,10
2014-03-10 08:00:00.000,2014,3,10,8,VRB02KT,09,09
2014-03-10 09:00:00.000,2014,3,10,9,VRB02KT,08,07
2014-03-10 10:00:00.000,2014,3,10,10,09003KT,08,08
2014-03-10 10:30:00.000,2014,3,10,10,34004KT,07,06
2014-03-10 11:00:00.000,2014,3,10,11,01003KT,07,06
2014-03-10 12:00:00.000,2014,3,10,12,01003KT,08,08
2014-03-10 13:00:00.000,2014,3,10,13,06005KT,12,09
2014-03-10 14:00:00.000,2014,3,10,14,08003KT,15,11
2014-03-10 15:00:00.000,2014,3,10,15,35003KT,17,08
2014-03-10 16:00:00.000,2014,3,10,16,34005KT,18,09
2014-03-10 17:00:00.000,2014,3,10,17,20006KT,19,08
2014-03-10 18:00:00.000,2014,3,10,18,30013KT,18,11
2014-03-10 19:00:00.000,2014,3,10,19,28007KT,19,11
2014-03-10 20:00:00.000,2014,3,10,20,28010KT,18,11
2014-03-10 21:00:00.000,2014,3,10,21,28015KT,19,11
2014-03-10 22:00:00.000,2014,3,10,22,28009KT,17,11
2014-03-10 23:00:00.000,2014,3,10,23,25008KT,16,11
2014-03-11 00:00:00.000,2014,3,11,0,24004KT,14,11
2014-03-11 01:00:00.000,2014,3,11,1,VRB02KT,13,11
2014-03-11 01:20:00.000,2014,3,11,1,VRB02KT,14,11
2014-03-11 02:00:00.000,2014,3,11,2,VRB02KT,12,11
2014-03-11 03:00:00.000,2014,3,11,3,VRB02KT,09,08
2014-03-11 04:00:00.000,2014,3,11,4,VRB02KT,10,10
2014-03-11 05:00:00.000,2014,3,11,5,VRB02KT,10,10
2014-03-11 06:00:00.000,2014,3,11,6,05003KT,09,09
2014-03-11 07:00:00.000,2014,3,11,7,VRB02KT,10,10
2014-03-11 07:20:00.000,2014,3,11,7,22003KT,10,10
2014-03-11 08:00:00.000,2014,3,11,8,VRB02KT,10,09
2014-03-11 09:00:00.000,2014,3,11,9,VRB02KT,10,10
2014-03-11 10:00:00.000,2014,3,11,10,VRB02KT,10,10
2014-03-11 10:30:00.000,2014,3,11,10,VRB02KT,10,10
2014-03-11 11:00:00.000,2014,3,11,11,VRB02KT,11,10
2014-03-11 12:00:00.000,2014,3,11,12,VRB02KT,10,09
2014-03-11 13:00:00.000,2014,3,11,13,04003KT,13,12
2014-03-11 14:00:00.000,2014,3,11,14,36004KT,16,11
2014-03-11 15:00:00.000,2014,3,11,15,03007KT,18,11
2014-03-11 16:00:00.000,2014,3,11,16,05004KT,19,10
2014-03-11 17:00:00.000,2014,3,11,17,28011KT,19,11
2014-03-11 17:42:00.000,2014,3,11,17,25013KT,19,13
2014-03-11 18:00:00.000,2014,3,11,18,26010KT,19,12
2014-03-11 19:00:00.000,2014,3,11,19,25011KT,19,12
2014-03-11 19:22:00.000,2014,3,11,19,29013KT,18,13
2014-03-11 20:00:00.000,2014,3,11,20,29014KT,17,12
2014-03-11 21:00:00.000,2014,3,11,21,30010KT,17,12
2014-03-11 22:00:00.000,2014,3,11,22,27008KT,17,12
2014-03-11 23:00:00.000,2014,3,11,23,26008KT,16,12
2014-03-12 00:00:00.000,2014,3,12,0,27004KT,15,13
2014-03-12 01:00:00.000,2014,3,12,1,24005KT,14,12
2014-03-12 02:00:00.000,2014,3,12,2,29004KT,14,12
2014-03-12 03:00:00.000,2014,3,12,3,27004KT,14,12
2014-03-12 04:00:00.000,2014,3,12,4,34003KT,14,11
2014-03-12 06:00:00.000,2014,3,12,6,26004KT,13,12
2014-03-12 07:00:00.000,2014,3,12,7,35003KT,13,11
2014-03-12 09:00:00.000,2014,3,12,9,0000KT,12,11
2014-03-12 10:00:00.000,2014,3,12,10,VRB02KT,13,12
2014-03-12 10:30:00.000,2014,3,12,10,VRB02KT,13,12
2014-03-12 11:00:00.000,2014,3,12,11,00000KT,13,12
2014-03-12 11:37:00.000,2014,3,12,11,28004KT,13,12
2014-03-12 12:00:00.000,2014,3,12,12,VRB02KT,13,12
2014-03-12 13:00:00.000,2014,3,12,13,03003KT,14,12
2014-03-12 14:00:00.000,2014,3,12,14,VRB02KT,17,11
2014-03-12 15:00:00.000,2014,3,12,15,20005KT,17,10
2014-03-12 15:35:00.000,2014,3,12,15,21005KT,19,09
2014-03-12 16:00:00.000,2014,3,12,16,24004KT,20,07
2014-03-12 17:00:00.000,2014,3,12,17,28014KT,19,11
2014-03-12 17:34:00.000,2014,3,12,17,28004KT,20,13
2014-03-12 18:00:00.000,2014,3,12,18,27010KT,19,13
2014-03-12 19:00:00.000,2014,3,12,19,28008KT,18,11
2014-03-12 19:07:00.000,2014,3,12,19,28008KT,18,11
2014-03-12 20:00:00.000,2014,3,12,20,28010KT,17,12
2014-03-12 20:41:00.000,2014,3,12,20,20004KT,15,13
2014-03-12 21:00:00.000,2014,3,12,21,21004KT,14,13
2014-03-12 21:23:00.000,2014,3,12,21,04004KT,14,13
2014-03-12 22:00:00.000,2014,3,12,22,27006KT,14,13
2014-03-12 23:00:00.000,2014,3,12,23,28003KT,14,13
2014-03-13 00:00:00.000,2014,3,13,0,VRB02KT,14,12
2014-03-13 01:00:00.000,2014,3,13,1,24004KT,14,12
2014-03-13 01:00:00.000,2014,3,13,1,24004KT,14,12
2014-03-13 02:00:00.000,2014,3,13,2,VRB02KT,13,11
2014-03-13 04:00:00.000,2014,3,13,4,32004KT,13,12
2014-03-13 05:00:00.000,2014,3,13,5,VRB02KT,13,12
2014-03-13 11:00:00.000,2014,3,13,11,VRB02KT,10,10
2014-03-13 11:30:00.000,2014,3,13,11,15004KT,10,10
2014-03-13 12:00:00.000,2014,3,13,12,VRB02KT,12,11
2014-03-13 12:30:00.000,2014,3,13,12,34004KT,12,12
2014-03-13 12:40:00.000,2014,3,13,12,33004KT,12,11
2014-03-13 13:00:00.000,2014,3,13,13,34003KT,12,12
2014-03-13 14:00:00.000,2014,3,13,14,04004KT,14,14
2014-03-13 14:27:00.000,2014,3,13,14,34007KT,17,12
2014-03-13 15:00:00.000,2014,3,13,15,06006KT,17,11
2014-03-13 16:00:00.000,2014,3,13,16,05005KT,18,10
2014-03-13 17:21:00.000,2014,3,13,17,28006KT,18,11
2014-03-13 18:00:00.000,2014,3,13,18,29010KT,19,12
2014-03-13 19:00:00.000,2014,3,13,19,24013KT,17,12
2014-03-13 19:30:00.000,2014,3,13,19,28012KT,15,13
2014-03-13 20:00:00.000,2014,3,13,20,28009KT,17,13
2014-03-13 21:00:00.000,2014,3,13,21,28012KT,15,13
2014-03-13 22:00:00.000,2014,3,13,22,25010KT,17,11
2014-03-13 23:30:00.000,2014,3,13,23,25010KT,15,11
2014-03-14 00:00:00.000,2014,3,14,0,26006KT,15,11
2014-03-14 00:24:00.000,2014,3,14,0,06010KT,14,11
2014-03-14 00:35:00.000,2014,3,14,0,VRB02KT,13,12
2014-03-14 01:10:00.000,2014,3,14,1,VRB02KT,12,11
2014-03-14 02:00:00.000,2014,3,14,2,18005KT,13,11
2014-03-14 03:00:00.000,2014,3,14,3,VRB02KT,14,12
2014-03-14 04:00:00.000,2014,3,14,4,VRB02KT,13,12
2014-03-14 05:00:00.000,2014,3,14,5,VRB02KT,12,11
2014-03-14 06:00:00.000,2014,3,14,6,04006KT,12,10
2014-03-14 07:00:00.000,2014,3,14,7,08005KT,12,10
2014-03-14 08:00:00.000,2014,3,14,8,VRB02KT,11,10
2014-03-14 09:00:00.000,2014,3,14,9,VRB02KT,10,09
2014-03-14 10:00:00.000,2014,3,14,10,VRB02KT,10,09
2014-03-14 11:00:00.000,2014,3,14,11,VRB02KT,09,09
2014-03-14 12:00:00.000,2014,3,14,12,07003KT,11,10
2014-03-14 13:00:00.000,2014,3,14,13,04006KT,13,11
2014-03-14 14:00:00.000,2014,3,14,14,04003KT,15,11
2014-03-14 15:00:00.000,2014,3,14,15,31004KT,17,10
2014-03-14 16:00:00.000,2014,3,14,16,VRB02KT,19,11
2014-03-14 17:00:00.000,2014,3,14,17,17009KT,20,08
2014-03-14 18:00:00.000,2014,3,14,18,28011KT,18,13
2014-03-14 18:35:00.000,2014,3,14,18,29013KT,19,13
2014-03-14 19:00:00.000,2014,3,14,19,36016KT,18,14
2014-03-14 19:18:00.000,2014,3,14,19,310115KT,18,13
2014-03-14 19:20:00.000,2014,3,14,19,31015KT,18,13
2014-03-14 20:00:00.000,2014,3,14,20,30014KT,17,12
2014-03-14 21:00:00.000,2014,3,14,21,26008KT,17,12
2014-03-14 22:00:00.000,2014,3,14,22,23003KT,16,12
2014-03-14 22:28:00.000,2014,3,14,22,31006KT,15,12
2014-03-14 23:00:00.000,2014,3,14,23,28005KT,15,12
2014-03-15 02:00:00.000,2014,3,15,2,VRB02KT,13,12
2014-03-15 03:00:00.000,2014,3,15,3,31006KT,13,12
2014-03-15 04:00:00.000,2014,3,15,4,32004KT,13,12
2014-03-15 05:00:00.000,2014,3,15,5,31006KT,13,12
2014-03-15 08:00:00.000,2014,3,15,8,29004KT,13,12
2014-03-15 09:00:00.000,2014,3,15,9,00000KT,12,11
2014-03-15 10:00:00.000,2014,3,15,10,VRB02KT,12,11
2014-03-15 10:30:00.000,2014,3,15,10,29003KT,12,11
2014-03-15 11:00:00.000,2014,3,15,11,34003KT,13,12
2014-03-15 12:00:00.000,2014,3,15,12,VRB02KT,13,12
2014-03-15 17:00:00.000,2014,3,15,17,03005KT,18,10
2014-03-15 17:20:00.000,2014,3,15,17,36004KT,16,13
2014-03-15 17:40:00.000,2014,3,15,17,27012KT,13,12
2014-03-15 18:00:00.000,2014,3,15,18,30010KT,13,12
2014-03-15 18:30:00.000,2014,3,15,18,28008KT,14,13
2014-03-15 19:00:00.000,2014,3,15,19,28008KT,15,13
2014-03-15 20:00:00.000,2014,3,15,20,25010KT,16,12
2014-03-15 21:00:00.000,2014,3,15,21,22010KT,14,13
2014-03-15 22:00:00.000,2014,3,15,22,27006KT,14,12
2014-03-16 00:00:00.000,2014,3,16,0,32005KT,14,12
2014-03-16 01:00:00.000,2014,3,16,1,28004KT,13,12
2014-03-16 02:00:00.000,2014,3,16,2,25004KT,12,12
2014-03-16 03:00:00.000,2014,3,16,3,34003KT,12,12
2014-03-16 04:00:00.000,2014,3,16,4,03003KT,12,11
2014-03-16 05:00:00.000,2014,3,16,5,VRB02KT,12,11
2014-03-16 06:00:00.000,2014,3,16,6,36004KT,12,11
2014-03-16 07:00:00.000,2014,3,16,7,00000KT,12,11
2014-03-16 08:00:00.000,2014,3,16,8,03003KT,12,11
2014-03-16 09:00:00.000,2014,3,16,9,00000KT,12,11
2014-03-16 10:00:00.000,2014,3,16,10,VRB02KT,11,11
2014-03-16 11:00:00.000,2014,3,16,11,02004KT,11,11
2014-03-16 12:00:00.000,2014,3,16,12,VRB02KT,12,11
2014-03-16 13:00:00.000,2014,3,16,13,VRB02KT,15,11
2014-03-16 14:00:00.000,2014,3,16,14,VRB02KT,16,10
2014-03-16 15:00:00.000,2014,3,16,15,04005KT,17,11
2014-03-16 16:00:00.000,2014,3,16,16,11008KT,19,09
2014-03-16 17:00:00.000,2014,3,16,17,23012KT,18,14
2014-03-16 17:00:00.000,2014,3,16,17,21006G17KT,18,12
2014-03-16 18:00:00.000,2014,3,16,18,26010KT,19,14
2014-03-16 18:15:00.000,2014,3,16,18,24010KT,19,14
2014-03-16 19:12:00.000,2014,3,16,19,28010KT,15,13
2014-03-16 19:30:00.000,2014,3,16,19,28010KT,15,13
2014-03-16 20:00:00.000,2014,3,16,20,28010KT,16,13
2014-03-16 21:00:00.000,2014,3,16,21,23010KT,16,13
2014-03-16 22:00:00.000,2014,3,16,22,26008KT,16,13
2014-03-16 23:00:00.000,2014,3,16,23,32008KT,14,12
2014-03-17 00:00:00.000,2014,3,17,0,17003KT,13,11
2014-03-17 01:00:00.000,2014,3,17,1,36004KT,13,12
2014-03-17 02:00:00.000,2014,3,17,2,05003KT,13,12
2014-03-17 03:00:00.000,2014,3,17,3,VRB02KT,13,12
2014-03-17 04:00:00.000,2014,3,17,4,05005KT,13,12
2014-03-17 05:00:00.000,2014,3,17,5,VRB02KT,12,11
2014-03-17 07:00:00.000,2014,3,17,7,VRB02KT,11,10
2014-03-17 08:00:00.000,2014,3,17,8,VRB02KT,11,10
2014-03-17 09:00:00.000,2014,3,17,9,VRB02KT,11,10
2014-03-17 10:00:00.000,2014,3,17,10,11004KT,11,10
2014-03-17 10:30:00.000,2014,3,17,10,05005KT,10,09
2014-03-17 11:00:00.000,2014,3,17,11,VRB02KT,11,10
2014-03-17 11:04:00.000,2014,3,17,11,VRB02KT,11,10
2014-03-17 12:00:00.000,2014,3,17,12,06003KT,12,10
2014-03-17 12:40:00.000,2014,3,17,12,04006KT,14,11
2014-03-17 13:00:00.000,2014,3,17,13,06006KT,14,11
2014-03-17 18:00:00.000,2014,3,17,18,16010KT,19,07
2014-03-17 19:00:00.000,2014,3,17,19,15012KT,19,08
2014-03-17 20:00:00.000,2014,3,17,20,12010KT,20,07
2014-03-17 21:00:00.000,2014,3,17,21,07010KT,20,08
2014-03-17 22:00:00.000,2014,3,17,22,12008KT,18,08
2014-03-17 23:00:00.000,2014,3,17,23,22005KT,16,09
2014-03-18 00:00:00.000,2014,3,18,0,24003KT,16,12
2014-03-18 01:00:00.000,2014,3,18,1,29003KT,15,11
2014-03-18 02:00:00.000,2014,3,18,2,05006KT,14,10
2014-03-18 03:00:00.000,2014,3,18,3,04005KT,13,10
2014-03-18 04:00:00.000,2014,3,18,4,03006KT,12,10
2014-03-18 05:00:00.000,2014,3,18,5,04005KT,12,10
2014-03-18 06:00:00.000,2014,3,18,6,04008KT,12,10
2014-03-18 08:00:00.000,2014,3,18,8,07003KT,11,09
2014-03-18 09:00:00.000,2014,3,18,9,07008KT,11,09
2014-03-18 10:00:00.000,2014,3,18,10,06008KT,10,09
2014-03-18 10:30:00.000,2014,3,18,10,36003KT,10,08
2014-03-18 11:00:00.000,2014,3,18,11,06008KT,10,08
2014-03-18 12:00:00.000,2014,3,18,12,05010KT,12,09
2014-03-18 13:00:00.000,2014,3,18,13,05008KT,14,10
2014-03-18 14:00:00.000,2014,3,18,14,10006KT,16,10
2014-03-18 14:30:00.000,2014,3,18,14,10012KT,18,08
2014-03-18 15:00:00.000,2014,3,18,15,10007KT,18,09
2014-03-18 16:00:00.000,2014,3,18,16,15008KT,19,08
2014-03-18 17:00:00.000,2014,3,18,17,14010KT,20,08
2014-03-18 18:00:00.000,2014,3,18,18,10006KT,20,07
2014-03-18 19:00:00.000,2014,3,18,19,06005KT,21,07
2014-03-18 20:00:00.000,2014,3,18,20,27010KT,18,11
2014-03-18 21:00:00.000,2014,3,18,21,26008KT,19,11
2014-03-18 22:00:00.000,2014,3,18,22,25009KT,17,12
2014-03-18 23:00:00.000,2014,3,18,23,31003KT,16,12
2014-03-19 00:00:00.000,2014,3,19,0,33003KT,13,12
2014-03-19 01:00:00.000,2014,3,19,1,09003KT,14,11
2014-03-19 02:00:00.000,2014,3,19,2,31004KT,12,11
2014-03-19 03:00:00.000,2014,3,19,3,05005KT,11,10
2014-03-19 04:00:00.000,2014,3,19,4,04005KT,12,10
2014-03-19 05:00:00.000,2014,3,19,5,04003KT,12,10
2014-03-19 09:00:00.000,2014,3,19,9,VRB02KT,11,09
2014-03-19 10:00:00.000,2014,3,19,10,VRB02KT,09,09
2014-03-19 10:30:00.000,2014,3,19,10,09004KT,11,09
2014-03-19 11:00:00.000,2014,3,19,11,14003KT,11,08
2014-03-19 12:00:00.000,2014,3,19,12,06005KT,10,08
2014-03-19 13:00:00.000,2014,3,19,13,05007KT,13,10
2014-03-19 14:00:00.000,2014,3,19,14,03007KT,16,10
2014-03-19 14:20:00.000,2014,3,19,14,03007KT,16,10
2014-03-19 15:00:00.000,2014,3,19,15,09003KT,16,10
2014-03-19 16:00:00.000,2014,3,19,16,06008KT,15,12
2014-03-19 17:00:00.000,2014,3,19,17,11011KT,18,09
2014-03-19 18:00:00.000,2014,3,19,18,12012KT,18,08
2014-03-19 23:00:00.000,2014,3,19,23,09007KT,16,07
2014-03-20 00:00:00.000,2014,3,20,0,12006KT,16,08
2014-03-20 01:00:00.000,2014,3,20,1,10008KT,16,10
2014-03-20 02:00:00.000,2014,3,20,2,10008KT,15,08
2014-03-20 03:00:00.000,2014,3,20,3,06005KT,13,08
2014-03-20 04:00:00.000,2014,3,20,4,05005KT,12,08
2014-03-20 05:00:00.000,2014,3,20,5,06003KT,11,08
2014-03-20 06:00:00.000,2014,3,20,6,VRB02KT,17,08
2014-03-20 09:00:00.000,2014,3,20,9,06003KT,11,09
2014-03-20 10:00:00.000,2014,3,20,10,07004KT,12,09
2014-03-20 10:30:00.000,2014,3,20,10,04005KT,12,09
2014-03-20 11:00:00.000,2014,3,20,11,08003KT,13,09
2014-03-20 12:00:00.000,2014,3,20,12,08004KT,13,09
2014-03-20 13:00:00.000,2014,3,20,13,07006KT,15,10
2014-03-20 14:00:00.000,2014,3,20,14,06008KT,15,10
2014-03-20 15:00:00.000,2014,3,20,15,07012KT,15,10
2014-03-20 16:00:00.000,2014,3,20,16,04006KT,17,10
2014-03-20 17:00:00.000,2014,3,20,17,14008KT,18,10
2014-03-20 18:00:00.000,2014,3,20,18,10010KT,18,08
2014-03-20 19:00:00.000,2014,3,20,19,13010KT,18,10
2014-03-20 20:00:00.000,2014,3,20,20,12012KT,19,09
2014-03-20 21:00:00.000,2014,3,20,21,12010KT,19,08
2014-03-20 22:00:00.000,2014,3,20,22,10006KT,18,07
2014-03-20 23:00:00.000,2014,3,20,23,10006KT,17,07
2014-03-21 00:00:00.000,2014,3,21,0,VRB02KT,15,12
2014-03-21 01:00:00.000,2014,3,21,1,VRB02KT,14,09
2014-03-21 02:00:00.000,2014,3,21,2,09004KT,14,09
2014-03-21 03:00:00.000,2014,3,21,3,04006KT,13,09
2014-03-21 04:00:00.000,2014,3,21,4,01004KT,12,08
2014-03-21 05:00:00.000,2014,3,21,5,04004KT,09,08
2014-03-21 10:00:00.000,2014,3,21,10,00000KT,10,08
2014-03-21 10:30:00.000,2014,3,21,10,05006KT,10,09
2014-03-21 11:00:00.000,2014,3,21,11,VRB02KT,10,08
2014-03-21 13:00:00.000,2014,3,21,13,05005KT,13,10
2014-03-21 20:00:00.000,2014,3,21,20,06009KT,21,06
2014-03-22 01:00:00.000,2014,3,22,1,31003KT,14,12
2014-03-22 02:00:00.000,2014,3,22,2,01004KT,12,11
2014-03-22 03:00:00.000,2014,3,22,3,VRB02KT,14,09
2014-03-22 04:00:00.000,2014,3,22,4,09003KT,13,08
2014-03-22 05:00:00.000,2014,3,22,5,05006KT,12,09
2014-03-22 09:00:00.000,2014,3,22,9,04006KT,10,07
2014-03-22 10:00:00.000,2014,3,22,10,07004KT,09,08
2014-03-22 10:30:00.000,2014,3,22,10,03006KT,09,07
2014-03-22 11:00:00.000,2014,3,22,11,03006KT,09,07
2014-03-22 12:00:00.000,2014,3,22,12,14010KT,09,08
2014-03-22 13:00:00.000,2014,3,22,13,06010KT,13,08
2014-03-22 14:00:00.000,2014,3,22,14,VRB02KT,16,11
2014-03-22 15:00:00.000,2014,3,22,15,VRB02KT,18,06
2014-03-22 16:00:00.000,2014,3,22,16,14005G15KT,20,07
2014-03-22 17:00:00.000,2014,3,22,17,14006GT17,20,08
2014-03-22 18:00:00.000,2014,3,22,18,12006KT,20,06
2014-03-22 22:00:00.000,2014,3,22,22,13010KT,20,09
2014-03-22 23:00:00.000,2014,3,22,23,11010KT,18,08
2014-03-23 00:00:00.000,2014,3,23,0,16006KT,16,08
2014-03-23 01:00:00.000,2014,3,23,1,02003KT,15,11
2014-03-23 03:00:00.000,2014,3,23,3,36004KT,14,09
2014-03-23 04:00:00.000,2014,3,23,4,04005KT,13,09
2014-03-23 06:00:00.000,2014,3,23,6,05005KT,11,09
2014-03-23 09:00:00.000,2014,3,23,9,30005KT,11,09
2014-03-23 10:00:00.000,2014,3,23,10,04004KT,11,09
2014-03-23 10:30:00.000,2014,3,23,10,03006KT,10,08
2014-03-23 11:00:00.000,2014,3,23,11,09006KT,10,08
2014-03-23 12:00:00.000,2014,3,23,12,03007KT,10,09
2014-03-23 12:39:00.000,2014,3,23,12,06005KT,13,10
2014-03-23 13:00:00.000,2014,3,23,13,04007KT,14,10
2014-03-23 14:00:00.000,2014,3,23,14,11008KT,16,08
2014-03-23 15:00:00.000,2014,3,23,15,11009KT,19,07
2014-03-23 16:00:00.000,2014,3,23,16,14008KT,20,08
2014-03-23 17:00:00.000,2014,3,23,17,10007KT,20,07
2014-03-23 18:00:00.000,2014,3,23,18,13009KT,20,08
2014-03-23 19:00:00.000,2014,3,23,19,14006KT,19,09
2014-03-23 20:00:00.000,2014,3,23,20,09006KT,18,09
2014-03-23 21:00:00.000,2014,3,23,21,10007KT,18,10
2014-03-23 22:00:00.000,2014,3,23,22,09005KT,18,08
2014-03-23 23:00:00.000,2014,3,23,23,19009KT,17,10
2014-03-24 00:00:00.000,2014,3,24,0,VRB02KT,15,10
2014-03-24 01:00:00.000,2014,3,24,1,33004KT,14,11
2014-03-24 02:00:00.000,2014,3,24,2,VRB02KT,12,09
2014-03-24 03:00:00.000,2014,3,24,3,00000KT,10,09
2014-03-24 04:00:00.000,2014,3,24,4,00000KT,11,10
2014-03-24 05:00:00.000,2014,3,24,5,03004KT,09,09
2014-03-24 06:00:00.000,2014,3,24,6,VRB02KT,09,09
2014-03-24 08:00:00.000,2014,3,24,8,VRB02KT,09,08
2014-03-24 09:00:00.000,2014,3,24,9,VRB02KT,09,08
2014-03-24 10:00:00.000,2014,3,24,10,34003KT,08,08
2014-03-24 10:30:00.000,2014,3,24,10,22003KT,09,08
2014-03-24 11:00:00.000,2014,3,24,11,06005KT,09,08
2014-03-24 12:00:00.000,2014,3,24,12,VRB02KT,11,10
2014-03-24 13:00:00.000,2014,3,24,13,07010KT,14,10
2014-03-24 14:00:00.000,2014,3,24,14,09010KT,17,09
2014-03-24 15:00:00.000,2014,3,24,15,VRB02KT,18,06
2014-03-24 16:00:00.000,2014,3,24,16,00000KT,19,05
2014-03-24 17:00:00.000,2014,3,24,17,24005KT,18,09
2014-03-24 18:00:00.000,2014,3,24,18,29005KT,17,10
2014-03-24 19:00:00.000,2014,3,24,19,29003KT,18,11
2014-03-24 20:00:00.000,2014,3,24,20,24003KT,18,09
2014-03-24 21:00:00.000,2014,3,24,21,25014KT,17,11
2014-03-24 21:20:00.000,2014,3,24,21,21010KT,16,11
2014-03-24 21:37:00.000,2014,3,24,21,23008KT,15,12
2014-03-24 22:00:00.000,2014,3,24,22,25007KT,15,12
2014-03-24 22:35:00.000,2014,3,24,22,22004KT,14,12
2014-03-24 23:00:00.000,2014,3,24,23,21004KT,14,12
2014-03-25 00:00:00.000,2014,3,25,0,27006KT,14,12
2014-03-25 01:00:00.000,2014,3,25,1,30004KT,13,12
2014-03-25 02:00:00.000,2014,3,25,2,34003KT,13,12
2014-03-25 03:00:00.000,2014,3,25,3,VRB02KT,13,12
2014-03-25 04:00:00.000,2014,3,25,4,VRB02KT,13,12
2014-03-25 05:00:00.000,2014,3,25,5,01003KT,13,12
2014-03-25 10:00:00.000,2014,3,25,10,VRB02KT,12,11
2014-03-25 10:30:00.000,2014,3,25,10,05006KT,12,09
2014-03-25 12:00:00.000,2014,3,25,12,06006KT,12,09
2014-03-25 13:00:00.000,2014,3,25,13,05008KT,15,10
2014-03-25 14:00:00.000,2014,3,25,14,09004KT,16,09
2014-03-25 15:00:00.000,2014,3,25,15,05008KT,17,09
2014-03-25 16:00:00.000,2014,3,25,16,06008KT,18,09
2014-03-25 17:00:00.000,2014,3,25,17,05008KT,18,09
2014-03-25 18:00:00.000,2014,3,25,18,28006KT,17,09
2014-03-25 18:35:00.000,2014,3,25,18,28008KT,16,10
2014-03-25 19:00:00.000,2014,3,25,19,28007KT,17,09
2014-03-25 20:00:00.000,2014,3,25,20,30006KT,17,10
2014-03-25 21:00:00.000,2014,3,25,21,24006KT,18,11
2014-03-25 22:00:00.000,2014,3,25,22,24006KT,17,11
2014-03-25 23:00:00.000,2014,3,25,23,24007KT,15,12
2014-03-26 00:00:00.000,2014,3,26,0,VRB02KT,14,12
2014-03-26 01:00:00.000,2014,3,26,1,27003KT,13,12
2014-03-26 02:00:00.000,2014,3,26,2,00000KT,13,11
2014-03-26 03:00:00.000,2014,3,26,3,02003KT,11,10
2014-03-26 08:00:00.000,2014,3,26,8,05003KT,10,09
2014-03-26 09:00:00.000,2014,3,26,9,06004KT,09,08
2014-03-26 10:00:00.000,2014,3,26,10,04006KT,10,08
2014-03-26 10:30:00.000,2014,3,26,10,06006KT,11,08
2014-03-26 11:00:00.000,2014,3,26,11,04006KT,11,09
2014-03-26 12:00:00.000,2014,3,26,12,05006KT,11,09
2014-03-26 13:00:00.000,2014,3,26,13,04007KT,14,10
2014-03-26 14:00:00.000,2014,3,26,14,05007KT,15,09
2014-03-26 15:00:00.000,2014,3,26,15,14010KT,17,09
2014-03-26 16:00:00.000,2014,3,26,16,06005KT,18,09
2014-03-26 17:00:00.000,2014,3,26,17,09007KT,18,08
2014-03-26 18:00:00.000,2014,3,26,18,05008KT,19,08
2014-03-26 19:00:00.000,2014,3,26,19,09005KT,18,08
2014-03-26 20:00:00.000,2014,3,26,20,05005KT,18,09
2014-03-26 21:00:00.000,2014,3,26,21,08006KT,18,09
2014-03-26 22:00:00.000,2014,3,26,22,28009KT,16,12
2014-03-26 23:00:00.000,2014,3,26,23,26005KT,15,12
2014-03-27 00:00:00.000,2014,3,27,0,25006KT,14,12
2014-03-27 00:20:00.000,2014,3,27,0,21005KT,14,13
2014-03-27 01:00:00.000,2014,3,27,1,28005KT,14,12
2014-03-27 02:00:00.000,2014,3,27,2,29008KT,13,10
2014-03-27 03:00:00.000,2014,3,27,3,26003KT,13,11
2014-03-27 04:00:00.000,2014,3,27,4,VRB02KT,13,11
2014-03-27 05:00:00.000,2014,3,27,5,VRB02KT,13,10
2014-03-27 06:00:00.000,2014,3,27,6,VRB02KT,12,10
2014-03-27 07:00:00.000,2014,3,27,7,VRB02KT,12,09
2014-03-27 08:00:00.000,2014,3,27,8,VRB02KT,13,06
2014-03-27 09:00:00.000,2014,3,27,9,06005KT,10,07
2014-03-27 10:00:00.000,2014,3,27,10,05005KT,09,07
2014-03-27 11:00:00.000,2014,3,27,11,06005KT,10,08
2014-03-27 12:00:00.000,2014,3,27,12,06004KT,12,08
2014-03-27 13:00:00.000,2014,3,27,13,11007KT,14,08
2014-03-27 14:00:00.000,2014,3,27,14,14015KT,16,07
2014-03-27 15:00:00.000,2014,3,27,15,13012KT,18,07
2014-03-27 16:00:00.000,2014,3,27,16,12017KT,19,07
2014-03-27 17:00:00.000,2014,3,27,17,13012KT,19,08
2014-03-27 18:00:00.000,2014,3,27,18,14012KT,17,08
2014-03-27 19:00:00.000,2014,3,27,19,11012KT,19,08
2014-03-27 20:00:00.000,2014,3,27,20,15008KT,19,08
2014-03-27 21:00:00.000,2014,3,27,21,12004KT,19,07
2014-03-27 22:00:00.000,2014,3,27,22,04007KT,18,09
2014-03-27 23:00:00.000,2014,3,27,23,03004KT,16,09
2014-03-28 00:00:00.000,2014,3,28,0,21006KT,14,11
2014-03-28 01:00:00.000,2014,3,28,1,VRB02KT,14,11
2014-03-28 02:00:00.000,2014,3,28,2,05004KT,10,09
2014-03-28 03:00:00.000,2014,3,28,3,04008KT,12,08
2014-03-28 04:00:00.000,2014,3,28,4,VRB02KT,10,08
2014-03-28 05:00:00.000,2014,3,28,5,VRB02KT,10,08
2014-03-28 06:00:00.000,2014,3,28,6,03008KT,09,08
2014-03-28 07:00:00.000,2014,3,28,7,VRB02KT,09,08
2014-03-28 08:00:00.000,2014,3,28,8,05006KT,09,08
2014-03-28 09:00:00.000,2014,3,28,9,VRB02KT,09,08
2014-03-28 10:00:00.000,2014,3,28,10,VRB02KT,08,07
2014-03-28 10:30:00.000,2014,3,28,10,VRB02KT,09,08
2014-03-28 11:00:00.000,2014,3,28,11,VRB02KT,08,07
2014-03-28 12:00:00.000,2014,3,28,12,02005KT,10,09
2014-03-28 13:00:00.000,2014,3,28,13,04008KT,13,09
2014-03-28 14:00:00.000,2014,3,28,14,07005KT,16,09
2014-03-28 15:00:00.000,2014,3,28,15,09007KT,18,07
2014-03-28 16:00:00.000,2014,3,28,16,14005KT,19,06
2014-03-28 17:00:00.000,2014,3,28,17,13010KT,21,05
2014-03-28 18:00:00.000,2014,3,28,18,09009KT,20,05
2014-03-28 19:00:00.000,2014,3,28,19,VRB02KT,21,05
2014-03-28 20:00:00.000,2014,3,28,20,VRB02KT,22,04
2014-03-28 21:00:00.000,2014,3,28,21,08006KT,22,04
2014-03-28 22:00:00.000,2014,3,28,22,06006KT,20,06
2014-03-28 23:00:00.000,2014,3,28,23,27007KT,17,11
2014-03-29 00:00:00.000,2014,3,29,0,24005KT,14,11
2014-03-29 01:00:00.000,2014,3,29,1,28003KT,13,11
2014-03-29 02:00:00.000,2014,3,29,2,36003KT,13,11
2014-03-29 03:00:00.000,2014,3,29,3,01003KT,13,11
2014-03-29 04:00:00.000,2014,3,29,4,04004KT,11,08
2014-03-29 05:00:00.000,2014,3,29,5,34003KT,10,08
2014-03-29 06:00:00.000,2014,3,29,6,VRB02KT,08,07
2014-03-29 07:00:00.000,2014,3,29,7,VRB02KT,07,06
2014-03-29 08:00:00.000,2014,3,29,8,00000KT,06,05
2014-03-29 09:00:00.000,2014,3,29,9,32003KT,05,04
2014-03-29 09:10:00.000,2014,3,29,9,36004KT,04,04
2014-03-29 09:35:00.000,2014,3,29,9,01003KT,04,04
2014-03-29 10:00:00.000,2014,3,29,10,04003KT,05,05
2014-03-29 10:30:00.000,2014,3,29,10,09003KT,06,06
2014-03-29 11:00:00.000,2014,3,29,11,06003KT,07,07
2014-03-29 11:30:00.000,2014,3,29,11,04005KT,07,07
2014-03-29 12:00:00.000,2014,3,29,12,03006KT,07,07
2014-03-29 12:30:00.000,2014,3,29,12,00000KT,07,07
2014-03-29 13:00:00.000,2014,3,29,13,04005KT,08,08
2014-03-29 13:15:00.000,2014,3,29,13,06005KT,09,08
2014-03-29 13:30:00.000,2014,3,29,13,05005KT,10,09
2014-03-29 14:00:00.000,2014,3,29,14,05006KT,11,10
2014-03-29 15:00:00.000,2014,3,29,15,02005KT,17,08
2014-03-29 16:00:00.000,2014,3,29,16,09004KT,19,05
2014-03-29 17:00:00.000,2014,3,29,17,27008KT,21,06
2014-03-29 18:00:00.000,2014,3,29,18,23012KT,22,09
2014-03-29 19:00:00.000,2014,3,29,19,26010KT,21,11
2014-03-29 20:00:00.000,2014,3,29,20,31010KT,21,11
2014-03-29 21:00:00.000,2014,3,29,21,28014KT,21,12
2014-03-29 22:00:00.000,2014,3,29,22,27010KT,19,12
2014-03-29 23:00:00.000,2014,3,29,23,29010KT,17,12
2014-03-30 00:00:00.000,2014,3,30,0,30005KT,15,12
2014-03-30 01:00:00.000,2014,3,30,1,27004KT,15,12
2014-03-30 02:00:00.000,2014,3,30,2,VRB02KT,15,13
2014-03-30 03:00:00.000,2014,3,30,3,27006KT,15,12
2014-03-30 04:00:00.000,2014,3,30,4,VRB02KT,12,10
2014-03-30 05:00:00.000,2014,3,30,5,34003KT,12,11
2014-03-30 06:00:00.000,2014,3,30,6,03003KT,12,09
2014-03-30 07:00:00.000,2014,3,30,7,34004KT,09,08
2014-03-30 08:00:00.000,2014,3,30,8,04003KT,09,08
2014-03-30 09:00:00.000,2014,3,30,9,02005KT,08,08
2014-03-30 10:00:00.000,2014,3,30,10,00000KT,07,07
2014-03-30 10:30:00.000,2014,3,30,10,VRB02KT,07,07
2014-03-30 11:00:00.000,2014,3,30,11,00000KT,06,06
2014-03-30 11:16:00.000,2014,3,30,11,VRB02KT,06,06
2014-03-30 12:00:00.000,2014,3,30,12,VRB02KT,07,07
2014-03-30 12:15:00.000,2014,3,30,12,VRB02KT,09,08
2014-03-30 13:00:00.000,2014,3,30,13,04007KT,12,11
2014-03-30 13:00:00.000,2014,3,30,13,04007KT,12,11
2014-03-30 14:00:00.000,2014,3,30,14,06005KT,16,09
2014-03-30 15:00:00.000,2014,3,30,15,07008KT,18,09
2014-03-30 16:00:00.000,2014,3,30,16,24010KT,19,08
2014-03-30 17:00:00.000,2014,3,30,17,28005KT,20,06
2014-03-30 18:00:00.000,2014,3,30,18,30008KT,20,10
2014-03-30 19:00:00.000,2014,3,30,19,30017KT,21,10
2014-03-30 20:00:00.000,2014,3,30,20,34017KT,20,10
2014-03-30 21:00:00.000,2014,3,30,21,32010KT,19,11
2014-03-30 22:00:00.000,2014,3,30,22,31010KT,17,11
2014-03-30 23:00:00.000,2014,3,30,23,30008KT,16,11
2014-03-31 00:00:00.000,2014,3,31,0,03005KT,13,10
2014-03-31 01:00:00.000,2014,3,31,1,33003KT,13,10
2014-03-31 02:00:00.000,2014,3,31,2,VRB02KT,13,10
2014-03-31 03:00:00.000,2014,3,31,3,VRB02KT,12,10
2014-03-31 04:00:00.000,2014,3,31,4,VRB02KT,11,09
2014-03-31 05:00:00.000,2014,3,31,5,VRB02KT,10,08
2014-03-31 06:00:00.000,2014,3,31,6,VRB02KT,09,07
2014-03-31 07:00:00.000,2014,3,31,7,VRB02KT,08,07
2014-03-31 08:00:00.000,2014,3,31,8,03003KT,06,06
2014-03-31 09:00:00.000,2014,3,31,9,VRB02KT,07,07
2014-03-31 10:00:00.000,2014,3,31,10,06003KT,08,07
2014-03-31 10:30:00.000,2014,3,31,10,VRB02KT,05,05
2014-03-31 11:00:00.000,2014,3,31,11,VRB02KT,05,05
2014-03-31 11:30:00.000,2014,3,31,11,33003KT,06,06
2014-03-31 12:00:00.000,2014,3,31,12,VRB02KT,07,07
2014-03-31 12:30:00.000,2014,3,31,12,06003KT,11,09
2014-03-31 13:00:00.000,2014,3,31,13,03005KT,13,09
2014-03-31 14:00:00.000,2014,3,31,14,03008KT,15,09
2014-03-31 14:30:00.000,2014,3,31,14,01006KT,17,08
2014-03-31 15:00:00.000,2014,3,31,15,05005KT,18,08
2014-03-31 16:00:00.000,2014,3,31,16,28003KT,19,06
2014-03-31 17:00:00.000,2014,3,31,17,34005KT,20,06
2014-03-31 18:00:00.000,2014,3,31,18,27010KT,19,10
2014-03-31 19:00:00.000,2014,3,31,19,28012KT,20,10
2014-03-31 20:00:00.000,2014,3,31,20,26013KT,19,10
2014-03-31 21:00:00.000,2014,3,31,21,27011KT,19,11
2014-03-31 22:00:00.000,2014,3,31,22,27012KT,18,11
2014-03-31 22:43:00.000,2014,3,31,22,31008KT,16,11
2014-03-31 23:00:00.000,2014,3,31,23,28006KT,16,11
2014-04-01 00:00:00.000,2014,4,1,0,VRB02KT,15,11
2014-04-01 01:00:00.000,2014,4,1,1,25002KT,15,12
2014-04-01 02:00:00.000,2014,4,1,2,26003KT,15,11
2014-04-01 03:00:00.000,2014,4,1,3,00000KT,14,10
2014-04-01 04:00:00.000,2014,4,1,4,36003KT,11,08
2014-04-01 05:00:00.000,2014,4,1,5,05005KT,10,07
2014-04-01 06:00:00.000,2014,4,1,6,05003KT,09,07
2014-04-01 07:00:00.000,2014,4,1,7,31003KT,08,07
2014-04-01 08:00:00.000,2014,4,1,8,06004KT,09,07
2014-04-01 09:00:00.000,2014,4,1,9,07004KT,07,06
2014-04-01 10:00:00.000,2014,4,1,10,03004KT,07,06
2014-04-01 10:30:00.000,2014,4,1,10,06006KT,08,06
2014-04-01 11:00:00.000,2014,4,1,11,04004KT,07,06
2014-04-01 12:00:00.000,2014,4,1,12,03005KT,08,07
2014-04-01 12:25:00.000,2014,4,1,12,05004KT,11,07
2014-04-01 13:00:00.000,2014,4,1,13,03005KT,12,08
2014-04-01 13:36:00.000,2014,4,1,13,05007KT,14,08
2014-04-01 14:00:00.000,2014,4,1,14,04006KT,15,08
2014-04-01 15:00:00.000,2014,4,1,15,14009KT,17,08
2014-04-01 15:15:00.000,2014,4,1,15,17014KT,18,06
2014-04-01 16:00:00.000,2014,4,1,16,14007KT,17,05
2014-04-01 17:00:00.000,2014,4,1,17,14008KT,18,05
2014-04-01 18:00:00.000,2014,4,1,18,21010KT,18,05
2014-04-01 19:00:00.000,2014,4,1,19,18010KT,18,07
2014-04-01 20:00:00.000,2014,4,1,20,18014KT,19,06
2014-04-01 21:00:00.000,2014,4,1,21,15012KT,19,07
2014-04-01 22:00:00.000,2014,4,1,22,12005KT,18,08
2014-04-01 23:00:00.000,2014,4,1,23,16012KT,17,08
2014-04-02 00:00:00.000,2014,4,2,0,15012KT,15,07
2014-04-02 01:00:00.000,2014,4,2,1,14010KT,15,07
2014-04-02 02:00:00.000,2014,4,2,2,17008KT,14,06
2014-04-02 03:00:00.000,2014,4,2,3,05004KT,13,10
2014-04-02 04:00:00.000,2014,4,2,4,10005KT,14,06
2014-04-02 05:00:00.000,2014,4,2,5,VRB02KT,13,08
2014-04-02 06:00:00.000,2014,4,2,6,VRB02KT,13,09
2014-04-02 07:00:00.000,2014,4,2,7,VRB02KT,11,10
2014-04-02 08:00:00.000,2014,4,2,8,01003KT,11,10
2014-04-02 09:00:00.000,2014,4,2,9,04004KT,11,10
2014-04-02 10:00:00.000,2014,4,2,10,05006KT,12,10
2014-04-02 10:30:00.000,2014,4,2,10,07004KT,12,10
2014-04-02 11:00:00.000,2014,4,2,11,04005KT,12,10
2014-04-02 12:00:00.000,2014,4,2,12,06003KT,12,10
2014-04-02 13:00:00.000,2014,4,2,13,03003KT,13,11
2014-04-02 14:00:00.000,2014,4,2,14,VRB02KT,15,10
2014-04-02 15:00:00.000,2014,4,2,15,VRB02KT,16,10
2014-04-02 16:00:00.000,2014,4,2,16,16014KT,17,08
2014-04-02 17:00:00.000,2014,4,2,17,16015KT,18,09
2014-04-02 18:00:00.000,2014,4,2,18,16014KT,18,07
2014-04-02 19:00:00.000,2014,4,2,19,16015KT,19,08
2014-04-02 20:00:00.000,2014,4,2,20,14012KT,20,10
2014-04-02 21:00:00.000,2014,4,2,21,23010KT,19,07
2014-04-02 22:00:00.000,2014,4,2,22,24013KT,17,08
2014-04-02 23:00:00.000,2014,4,2,23,27005KT,16,09
2014-04-03 00:00:00.000,2014,4,3,0,04007KT,15,10
2014-04-03 01:00:00.000,2014,4,3,1,02007KT,15,10
2014-04-03 02:00:00.000,2014,4,3,2,04006KT,13,10
2014-04-03 04:00:00.000,2014,4,3,4,03006KT,13,09
2014-04-03 05:00:00.000,2014,4,3,5,04003KT,13,09
2014-04-03 06:00:00.000,2014,4,3,6,02004KT,13,10
2014-04-03 07:00:00.000,2014,4,3,7,02003KT,13,10
2014-04-03 08:00:00.000,2014,4,3,8,04004KT,12,10
2014-04-03 09:00:00.000,2014,4,3,9,04003KT,12,10
2014-04-03 10:00:00.000,2014,4,3,10,02005KT,12,10
2014-04-03 10:30:00.000,2014,4,3,10,05007KT,12,10
2014-04-03 11:00:00.000,2014,4,3,11,05005KT,11,09
2014-04-03 12:00:00.000,2014,4,3,12,05006KT,13,10
2014-04-03 13:00:00.000,2014,4,3,13,03004KT,14,10
2014-04-03 14:00:00.000,2014,4,3,14,04007KT,15,10
2014-04-03 15:00:00.000,2014,4,3,15,08004KT,17,10
2014-04-03 16:00:00.000,2014,4,3,16,18006KT,19,09
2014-04-03 17:00:00.000,2014,4,3,17,22004KT,20,10
2014-04-03 18:00:00.000,2014,4,3,18,27012KT,18,11
2014-04-03 19:00:00.000,2014,4,3,19,22010KT,19,13
2014-04-03 20:00:00.000,2014,4,3,20,28012KT,16,12
2014-04-03 21:00:00.000,2014,4,3,21,26014KT,16,13
2014-04-03 22:00:00.000,2014,4,3,22,25011KT,16,13
2014-04-03 23:00:00.000,2014,4,3,23,32006KT,15,12
2014-04-04 00:00:00.000,2014,4,4,0,VRB02KT,13,12
2014-04-04 01:00:00.000,2014,4,4,1,VRB02KT,14,12
2014-04-04 02:00:00.000,2014,4,4,2,VRB02KT,13,12
2014-04-04 03:00:00.000,2014,4,4,3,VRB02KT,13,12
2014-04-04 04:00:00.000,2014,4,4,4,05005KT,11,10
2014-04-04 05:00:00.000,2014,4,4,5,VRB02KT,11,11
2014-04-04 06:00:00.000,2014,4,4,6,VRB02KT,11,11
2014-04-04 07:00:00.000,2014,4,4,7,VRB02KT,11,10
2014-04-04 08:00:00.000,2014,4,4,8,VRB02KT,11,11
2014-04-04 09:00:00.000,2014,4,4,9,VRB02KT,11,11
2014-04-04 10:00:00.000,2014,4,4,10,02003KT,11,10
2014-04-04 10:30:00.000,2014,4,4,10,03004KT,11,10
2014-04-04 11:00:00.000,2014,4,4,11,03003KT,12,11
2014-04-04 12:00:00.000,2014,4,4,12,VRB02KT,12,11
2014-04-04 13:00:00.000,2014,4,4,13,07003KT,14,11
2014-04-04 14:00:00.000,2014,4,4,14,VRB02KT,18,09
2014-04-04 15:00:00.000,2014,4,4,15,13009KT,18,08
2014-04-04 16:00:00.000,2014,4,4,16,15005KT,18,08
2014-04-04 17:00:00.000,2014,4,4,17,VRB02KT,20,08
2014-04-04 18:00:00.000,2014,4,4,18,34004KT,20,08
2014-04-04 19:00:00.000,2014,4,4,19,05007KT,21,09
2014-04-04 20:00:00.000,2014,4,4,20,22010KT,18,11
2014-04-04 20:35:00.000,2014,4,4,20,27004KT,16,11
2014-04-04 20:41:00.000,2014,4,4,20,26007KT,16,11
2014-04-04 21:00:00.000,2014,4,4,21,22005KT,15,13
2014-04-04 21:05:00.000,2014,4,4,21,27008KT,15,12
2014-04-04 22:00:00.000,2014,4,4,22,25008KT,16,12
2014-04-04 22:35:00.000,2014,4,4,22,30003KT,16,11
2014-04-04 23:00:00.000,2014,4,4,23,26004KT,16,11
2014-04-05 00:00:00.000,2014,4,5,0,VRB02KT,15,13
2014-04-05 01:00:00.000,2014,4,5,1,36003KT,14,12
2014-04-05 02:00:00.000,2014,4,5,2,VRB02KT,14,12
2014-04-05 03:00:00.000,2014,4,5,3,03005KT,14,11
2014-04-05 04:00:00.000,2014,4,5,4,04007KT,13,11
2014-04-05 05:00:00.000,2014,4,5,5,05003KT,13,10
2014-04-05 06:00:00.000,2014,4,5,6,03003KT,12,11
2014-04-05 07:00:00.000,2014,4,5,7,34003KT,11,10
2014-04-05 08:00:00.000,2014,4,5,8,04004KT,11,10
2014-04-05 09:00:00.000,2014,4,5,9,36003KT,11,10
2014-04-05 10:00:00.000,2014,4,5,10,06003KT,11,10
2014-04-05 10:30:00.000,2014,4,5,10,06003KT,11,10
2014-04-05 11:00:00.000,2014,4,5,11,01005KT,11,10
2014-04-05 12:00:00.000,2014,4,5,12,02005KT,11,10
2014-04-05 13:00:00.000,2014,4,5,13,05004KT,13,11
2014-04-05 14:00:00.000,2014,4,5,14,VRB02KT,15,12
2014-04-05 15:00:00.000,2014,4,5,15,16006KT,17,09
2014-04-05 16:00:00.000,2014,4,5,16,12010KT,18,09
2014-04-05 17:00:00.000,2014,4,5,17,10007KT,18,10
2014-04-05 18:00:00.000,2014,4,5,18,17010KT,18,10
2014-04-05 20:00:00.000,2014,4,5,20,13009KT,19,09
2014-04-05 21:00:00.000,2014,4,5,21,11012KT,18,10
2014-04-05 22:00:00.000,2014,4,5,22,11010KT,17,10
2014-04-05 23:00:00.000,2014,4,5,23,10005KT,16,09
2014-04-06 00:00:00.000,2014,4,6,0,16006KT,15,07
2014-04-06 01:00:00.000,2014,4,6,1,12008KT,15,08
2014-04-06 02:00:00.000,2014,4,6,2,16010KT,15,08
2014-04-06 03:00:00.000,2014,4,6,3,14010KT,14,09
2014-04-06 04:00:00.000,2014,4,6,4,06004KT,14,09
2014-04-06 05:00:00.000,2014,4,6,5,06003KT,12,09
2014-04-06 06:00:00.000,2014,4,6,6,04004KT,10,08
2014-04-06 07:00:00.000,2014,4,6,7,06004KT,11,08
2014-04-06 08:00:00.000,2014,4,6,8,04003KT,10,08
2014-04-06 09:00:00.000,2014,4,6,9,04004KT,10,09
2014-04-06 10:00:00.000,2014,4,6,10,03006KT,09,07
2014-04-06 10:30:00.000,2014,4,6,10,03004KT,10,08
2014-04-06 11:00:00.000,2014,4,6,11,09004KT,10,08
2014-04-06 12:00:00.000,2014,4,6,12,VRB02KT,13,09
2014-04-06 13:00:00.000,2014,4,6,13,00000KT,16,10
2014-04-06 14:00:00.000,2014,4,6,14,12010KT,16,09
2014-04-06 15:00:00.000,2014,4,6,15,17005KT,18,09
2014-04-06 16:00:00.000,2014,4,6,16,13015KT,18,08
2014-04-06 17:00:00.000,2014,4,6,17,15015KT,18,08
2014-04-06 18:00:00.000,2014,4,6,18,16014KT,18,09
2014-04-06 19:00:00.000,2014,4,6,19,15012KT,18,10
2014-04-06 20:00:00.000,2014,4,6,20,14010KT,18,09
2014-04-06 21:00:00.000,2014,4,6,21,16010KT,19,08
2014-04-06 22:00:00.000,2014,4,6,22,10006KT,18,09
2014-04-06 23:00:00.000,2014,4,6,23,13006KT,17,10
2014-04-07 00:00:00.000,2014,4,7,0,09005KT,17,09
2014-04-07 01:00:00.000,2014,4,7,1,13007KT,16,09
2014-04-07 02:00:00.000,2014,4,7,2,02005KT,14,10
2014-04-07 03:00:00.000,2014,4,7,3,03006KT,13,09
2014-04-07 04:00:00.000,2014,4,7,4,VRB02KT,13,09
2014-04-07 05:00:00.000,2014,4,7,5,03004KT,13,09
2014-04-07 06:00:00.000,2014,4,7,6,04004KT,13,10
2014-04-07 07:00:00.000,2014,4,7,7,05003KT,12,10
2014-04-07 08:00:00.000,2014,4,7,8,VRB02KT,12,11
2014-04-07 09:00:00.000,2014,4,7,9,03003KT,12,11
2014-04-07 10:00:00.000,2014,4,7,10,05008KT,12,11
2014-04-07 10:30:00.000,2014,4,7,10,06005KT,12,11
2014-04-07 11:00:00.000,2014,4,7,11,02004KT,12,11
2014-04-07 12:00:00.000,2014,4,7,12,06004KT,12,11
2014-04-07 13:00:00.000,2014,4,7,13,03006KT,14,11
2014-04-07 14:00:00.000,2014,4,7,14,06008KT,16,10
2014-04-07 15:00:00.000,2014,4,7,15,07010KT,17,10
2014-04-07 16:00:00.000,2014,4,7,16,12010KT,17,09
2014-04-07 17:00:00.000,2014,4,7,17,09005G15KT,19,09
2014-04-07 18:00:00.000,2014,4,7,18,12014KT,19,10
2014-04-07 19:00:00.000,2014,4,7,19,14014KT,20,09
2014-04-07 20:00:00.000,2014,4,7,20,14016KT,20,09
2014-04-07 21:00:00.000,2014,4,7,21,08006KT,19,08
2014-04-07 22:00:00.000,2014,4,7,22,04004KT,19,09
2014-04-07 23:00:00.000,2014,4,7,23,10003KT,18,09
2014-04-08 00:00:00.000,2014,4,8,0,11005KT,16,09
2014-04-08 01:00:00.000,2014,4,8,1,11007KT,16,09
2014-04-08 02:00:00.000,2014,4,8,2,12003KT,15,10
2014-04-08 03:00:00.000,2014,4,8,3,07005KT,15,10
2014-04-08 04:00:00.000,2014,4,8,4,VRB02KT,14,10
2014-04-08 05:00:00.000,2014,4,8,5,02003KT,14,09
2014-04-08 06:00:00.000,2014,4,8,6,03004KT,13,10
2014-04-08 07:00:00.000,2014,4,8,7,02004KT,12,10
2014-04-08 08:00:00.000,2014,4,8,8,03005KT,12,10
2014-04-08 09:00:00.000,2014,4,8,9,02004KT,12,10
2014-04-08 10:00:00.000,2014,4,8,10,05003KT,12,10
2014-04-08 10:30:00.000,2014,4,8,10,04004KT,12,10
2014-04-08 11:00:00.000,2014,4,8,11,04006KT,13,10
2014-04-08 12:00:00.000,2014,4,8,12,06008KT,13,10
2014-04-08 13:00:00.000,2014,4,8,13,04008KT,15,10
2014-04-08 14:00:00.000,2014,4,8,14,03008KT,15,13
2014-04-08 14:16:00.000,2014,4,8,14,14010KT,15,10
2014-04-08 15:00:00.000,2014,4,8,15,13008KT,15,12
2014-04-08 16:00:00.000,2014,4,8,16,06008KT,16,11
2014-04-08 17:00:00.000,2014,4,8,17,06008KT,15,10
2014-04-08 18:00:00.000,2014,4,8,18,08008KT,17,11
2014-04-08 19:00:00.000,2014,4,8,19,11012KT,18,10
2014-04-08 20:00:00.000,2014,4,8,20,12010KT,18,10
2014-04-08 21:00:00.000,2014,4,8,21,36004KT,18,09
2014-04-08 22:00:00.000,2014,4,8,22,05004KT,19,09
2014-04-08 23:00:00.000,2014,4,8,23,06008KT,17,08
2014-04-09 00:00:00.000,2014,4,9,0,11010KT,16,07
2014-04-09 01:00:00.000,2014,4,9,1,07006KT,14,07
2014-04-09 02:00:00.000,2014,4,9,2,09008KT,15,07
2014-04-09 03:00:00.000,2014,4,9,3,VRB02KT,14,09
2014-04-09 04:00:00.000,2014,4,9,4,10005KT,15,08
2014-04-09 05:00:00.000,2014,4,9,5,10005KT,15,08
2014-04-09 06:00:00.000,2014,4,9,6,VRB02KT,12,07
2014-04-09 07:00:00.000,2014,4,9,7,VRB02KT,11,08
2014-04-09 08:00:00.000,2014,4,9,8,05004KT,10,07
2014-04-09 09:00:00.000,2014,4,9,9,VRB02KT,10,07
2014-04-09 10:00:00.000,2014,4,9,10,03005KT,09,07
2014-04-09 10:30:00.000,2014,4,9,10,00000KT,10,08
2014-04-09 11:00:00.000,2014,4,9,11,06003KT,10,08
2014-04-09 12:00:00.000,2014,4,9,12,03005KT,10,07
2014-04-09 13:00:00.000,2014,4,9,13,05008KT,12,09
2014-04-09 14:00:00.000,2014,4,9,14,06010KT,14,10
2014-04-09 14:15:00.000,2014,4,9,14,05010KT,16,10
2014-04-09 15:00:00.000,2014,4,9,15,04010KT,15,10
2014-04-09 16:00:00.000,2014,4,9,16,VRB02KT,17,06
2014-04-09 17:00:00.000,2014,4,9,17,09005KT,19,05
2014-04-09 18:00:00.000,2014,4,9,18,05007KT,20,07
2014-04-09 19:00:00.000,2014,4,9,19,11003KT,20,04
2014-04-09 20:00:00.000,2014,4,9,20,04015KT,20,05
2014-04-09 21:00:00.000,2014,4,9,21,15010KT,20,06
2014-04-09 22:00:00.000,2014,4,9,22,13006KT,19,04
2014-04-09 23:00:00.000,2014,4,9,23,13007KT,17,06
2014-04-10 00:00:00.000,2014,4,10,0,10008KT,16,08
2014-04-10 00:30:00.000,2014,4,10,0,34006KT,13,08
2014-04-10 01:00:00.000,2014,4,10,1,01004KT,14,10
2014-04-10 02:00:00.000,2014,4,10,2,06006KT,14,09
2014-04-10 03:00:00.000,2014,4,10,3,05006KT,12,09
2014-04-10 04:00:00.000,2014,4,10,4,03004KT,12,08
2014-04-10 05:00:00.000,2014,4,10,5,06006KT,10,07
2014-04-10 06:00:00.000,2014,4,10,6,03006KT,11,08
2014-04-10 07:00:00.000,2014,4,10,7,06006KT,11,07
2014-04-10 08:00:00.000,2014,4,10,8,06006KT,09,07
2014-04-10 09:00:00.000,2014,4,10,9,04008KT,09,07
2014-04-10 10:00:00.000,2014,4,10,10,05008KT,09,07
2014-04-10 10:30:00.000,2014,4,10,10,05006KT,09,07
2014-04-10 11:00:00.000,2014,4,10,11,04008KT,09,07
2014-04-10 12:00:00.000,2014,4,10,12,04008KT,11,08
2014-04-10 13:00:00.000,2014,4,10,13,06005KT,14,08
2014-04-10 14:00:00.000,2014,4,10,14,06011KT,16,09
2014-04-10 15:00:00.000,2014,4,10,15,08008KT,18,08
2014-04-10 16:00:00.000,2014,4,10,16,14013KT,18,09
2014-04-10 17:00:00.000,2014,4,10,17,12010KT,17,09
2014-04-10 18:00:00.000,2014,4,10,18,09007KT,19,08
2014-04-10 19:00:00.000,2014,4,10,19,13006KT,18,08
2014-04-10 20:00:00.000,2014,4,10,20,11008KT,20,07
2014-04-10 21:00:00.000,2014,4,10,21,09006KT,20,08
2014-04-10 22:00:00.000,2014,4,10,22,13007KT,18,08
2014-04-10 23:00:00.000,2014,4,10,23,11010KT,18,07
2014-04-11 00:00:00.000,2014,4,11,0,12009KT,15,09
2014-04-11 03:00:00.000,2014,4,11,3,07006KT,12,09
2014-04-11 04:00:00.000,2014,4,11,4,05005KT,12,09
2014-04-11 05:00:00.000,2014,4,11,5,04005KT,12,09
2014-04-11 06:00:00.000,2014,4,11,6,05005KT,12,09
2014-04-11 07:00:00.000,2014,4,11,7,06007KT,11,09
2014-04-11 08:00:00.000,2014,4,11,8,05004KT,11,08
2014-04-11 09:00:00.000,2014,4,11,9,05008KT,11,08
2014-04-11 10:00:00.000,2014,4,11,10,04008KT,10,07
2014-04-11 11:00:00.000,2014,4,11,11,06007KT,09,06
2014-04-11 12:00:00.000,2014,4,11,12,03005KT,11,07
2014-04-11 12:30:00.000,2014,4,11,12,05004KT,14,07
2014-04-11 13:00:00.000,2014,4,11,13,07005KT,15,06
2014-04-11 13:38:00.000,2014,4,11,13,12004KT,17,06
2014-04-11 14:00:00.000,2014,4,11,14,10007KT,17,06
2014-04-11 15:00:00.000,2014,4,11,15,11010KT,17,06
2014-04-11 16:00:00.000,2014,4,11,16,11010KT,16,07
2014-04-11 17:00:00.000,2014,4,11,17,10010KT,16,08
2014-04-11 18:00:00.000,2014,4,11,18,13010KT,17,09
2014-04-11 19:00:00.000,2014,4,11,19,10014KT,18,09
2014-04-11 20:00:00.000,2014,4,11,20,10010KT,17,09
2014-04-11 21:00:00.000,2014,4,11,21,13012KT,17,09
2014-04-11 22:00:00.000,2014,4,11,22,11012KT,17,09
2014-04-11 23:00:00.000,2014,4,11,23,13010KT,16,09
2014-04-12 00:00:00.000,2014,4,12,0,05007KT,14,09
2014-04-12 01:00:00.000,2014,4,12,1,01004KT,13,09
2014-04-12 02:00:00.000,2014,4,12,2,05007KT,12,09
2014-04-12 03:00:00.000,2014,4,12,3,03004KT,12,08
2014-04-12 04:00:00.000,2014,4,12,4,03006KT,11,08
2014-04-12 05:00:00.000,2014,4,12,5,03007KT,10,08
2014-04-12 06:00:00.000,2014,4,12,6,05005KT,10,08
2014-04-12 07:00:00.000,2014,4,12,7,07005KT,10,08
2014-04-12 08:00:00.000,2014,4,12,8,07006KT,10,08
2014-04-12 09:00:00.000,2014,4,12,9,05007KT,10,07
2014-04-12 10:00:00.000,2014,4,12,10,05007KT,10,08
2014-04-12 10:30:00.000,2014,4,12,10,06007KT,10,08
2014-04-12 11:00:00.000,2014,4,12,11,04006KT,10,08
2014-04-12 12:00:00.000,2014,4,12,12,06010KT,12,09
2014-04-12 13:00:00.000,2014,4,12,13,04009KT,14,09
2014-04-12 14:00:00.000,2014,4,12,14,07012KT,16,09
2014-04-12 15:00:00.000,2014,4,12,15,07009KT,16,08
2014-04-12 16:00:00.000,2014,4,12,16,10010KT,17,09
2014-04-12 17:00:00.000,2014,4,12,17,10008KT,18,08
2014-04-12 18:00:00.000,2014,4,12,18,09006KT,18,07
2014-04-12 19:00:00.000,2014,4,12,19,10006KT,18,08
2014-04-12 20:00:00.000,2014,4,12,20,04010KT,18,08
2014-04-12 21:00:00.000,2014,4,12,21,06005KT,19,06
2014-04-12 22:00:00.000,2014,4,12,22,11007KT,18,07
2014-04-12 23:00:00.000,2014,4,12,23,12007KT,17,07
2014-04-13 00:00:00.000,2014,4,13,0,14010KT,15,08
2014-04-13 01:00:00.000,2014,4,13,1,12006KT,14,08
2014-04-13 02:00:00.000,2014,4,13,2,07005KT,13,08
2014-04-13 03:00:00.000,2014,4,13,3,05003KT,10,07
2014-04-13 04:00:00.000,2014,4,13,4,03003KT,10,07
2014-04-13 05:00:00.000,2014,4,13,5,34003KT,07,06
2014-04-13 06:00:00.000,2014,4,13,6,05003KT,09,07
2014-04-13 07:00:00.000,2014,4,13,7,24003KT,07,06
2014-04-13 08:00:00.000,2014,4,13,8,34003KT,07,06
2014-04-13 09:00:00.000,2014,4,13,9,03004KT,06,06
2014-04-13 10:00:00.000,2014,4,13,10,05005KT,06,06
2014-04-13 11:00:00.000,2014,4,13,11,05005KT,08,06
2014-04-13 12:00:00.000,2014,4,13,12,05005KT,08,07
2014-04-13 12:17:00.000,2014,4,13,12,06005KT,10,08
2014-04-13 13:00:00.000,2014,4,13,13,03005KT,12,09
2014-04-13 13:15:00.000,2014,4,13,13,03010KT,14,09
2014-04-13 13:35:00.000,2014,4,13,13,11005KT,16,08
2014-04-13 14:00:00.000,2014,4,13,14,08008KT,17,08
2014-04-13 15:00:00.000,2014,4,13,15,11010KT,19,07
2014-04-13 16:00:00.000,2014,4,13,16,13013KT,19,08
2014-04-13 17:00:00.000,2014,4,13,17,11010KT,19,08
2014-04-13 18:00:00.000,2014,4,13,18,18010KT,20,08
2014-04-13 19:00:00.000,2014,4,13,19,18014KT,19,07
2014-04-13 20:00:00.000,2014,4,13,20,18010KT,19,07
2014-04-13 21:00:00.000,2014,4,13,21,15008KT,19,08
2014-04-13 22:00:00.000,2014,4,13,22,12010KT,18,08
2014-04-13 23:00:00.000,2014,4,13,23,16010KT,17,09
2014-04-14 00:00:00.000,2014,4,14,0,12005KT,15,08
2014-04-14 01:00:00.000,2014,4,14,1,VRB02KT,13,08
2014-04-14 02:00:00.000,2014,4,14,2,04003KT,11,08
2014-04-14 03:00:00.000,2014,4,14,3,35003KT,10,08
2014-04-14 04:00:00.000,2014,4,14,4,00000KT,10,09
2014-04-14 05:00:00.000,2014,4,14,5,00000KT,10,08
2014-04-14 06:00:00.000,2014,4,14,6,04005KT,08,08
2014-04-14 07:00:00.000,2014,4,14,7,36003KT,08,07
2014-04-14 08:00:00.000,2014,4,14,8,00000KT,07,07
2014-04-14 09:00:00.000,2014,4,14,9,04004KT,07,07
2014-04-14 10:00:00.000,2014,4,14,10,05005KT,09,09
2014-04-14 10:30:00.000,2014,4,14,10,33003KT,10,09
2014-04-14 11:00:00.000,2014,4,14,11,26003KT,09,08
2014-04-14 12:00:00.000,2014,4,14,12,VRB02KT,10,09
2014-04-14 12:30:00.000,2014,4,14,12,VRB02KT,12,10
2014-04-14 13:00:00.000,2014,4,14,13,04004KT,15,10
2014-04-14 13:40:00.000,2014,4,14,13,06004KT,17,09
2014-04-14 14:00:00.000,2014,4,14,14,VRB02KT,18,09
2014-04-14 15:00:00.000,2014,4,14,15,14010KT,20,09
2014-04-14 16:00:00.000,2014,4,14,16,16015KT,20,08
2014-04-14 17:00:00.000,2014,4,14,17,13010KT,22,07
2014-04-14 18:00:00.000,2014,4,14,18,16010KT,22,08
2014-04-14 19:00:00.000,2014,4,14,19,06010KT,21,07
2014-04-14 20:00:00.000,2014,4,14,20,24008KT,20,08
2014-04-14 21:00:00.000,2014,4,14,21,26015KT,18,13
2014-04-14 21:20:00.000,2014,4,14,21,06005KT,15,12
2014-04-14 22:00:00.000,2014,4,14,22,26010KT,16,13
2014-04-14 23:00:00.000,2014,4,14,23,30008KT,15,10
2014-04-15 00:00:00.000,2014,4,15,0,31003KT,13,09
2014-04-15 01:00:00.000,2014,4,15,1,00000KT,13,09
2014-04-15 02:00:00.000,2014,4,15,2,00000KT,13,09
2014-04-15 03:00:00.000,2014,4,15,3,VRB02KT,13,09
2014-04-15 04:00:00.000,2014,4,15,4,03003KT,12,10
2014-04-15 05:00:00.000,2014,4,15,5,00000KT,12,10
2014-04-15 06:00:00.000,2014,4,15,6,02003KT,13,10
2014-04-15 09:00:00.000,2014,4,15,9,05005KT,13,11
2014-04-15 10:00:00.000,2014,4,15,10,12003KT,13,11
2014-04-15 10:30:00.000,2014,4,15,10,33004KT,13,10
2014-04-15 11:00:00.000,2014,4,15,11,05003KT,13,11
2014-04-15 12:00:00.000,2014,4,15,12,31003KT,13,10
2014-04-15 13:00:00.000,2014,4,15,13,36004KT,14,11
2014-04-15 14:00:00.000,2014,4,15,14,VRB02KT,16,11
2014-04-15 15:00:00.000,2014,4,15,15,07004KT,17,11
2014-04-15 16:00:00.000,2014,4,15,16,22007KT,16,10
2014-04-15 17:00:00.000,2014,4,15,17,24007KT,16,11
2014-04-15 18:00:00.000,2014,4,15,18,25004KT,15,11
2014-04-15 19:00:00.000,2014,4,15,19,29006KT,14,12
2014-04-15 20:00:00.000,2014,4,15,20,30007KT,14,12
2014-04-15 20:40:00.000,2014,4,15,20,29008KT,14,12
2014-04-15 21:00:00.000,2014,4,15,21,24004KT,14,12
2014-04-15 22:00:00.000,2014,4,15,22,33003KT,13,12
2014-04-15 23:00:00.000,2014,4,15,23,VRB02KT,13,12
2014-04-16 00:00:00.000,2014,4,16,0,34003KT,13,12
2014-04-16 01:00:00.000,2014,4,16,1,35003KT,13,12
2014-04-16 02:00:00.000,2014,4,16,2,VRB02KT,12,11
2014-04-16 03:00:00.000,2014,4,16,3,VRB02KT,12,11
2014-04-16 04:00:00.000,2014,4,16,4,03003KT,12,12
2014-04-16 05:00:00.000,2014,4,16,5,20004KT,12,11
2014-04-16 06:00:00.000,2014,4,16,6,VRB02KT,12,11
2014-04-16 07:00:00.000,2014,4,16,7,VRB02KT,12,11
2014-04-16 09:00:00.000,2014,4,16,9,VRB02KT,12,11
2014-04-16 10:00:00.000,2014,4,16,10,VRB02KT,11,10
2014-04-16 10:30:00.000,2014,4,16,10,00000KT,11,10
2014-04-16 11:00:00.000,2014,4,16,11,03003KT,10,10
2014-04-16 12:00:00.000,2014,4,16,12,VRB02KT,11,10
2014-04-16 13:00:00.000,2014,4,16,13,04004KT,13,11
2014-04-16 14:00:00.000,2014,4,16,14,04006KT,15,11
2014-04-16 15:00:00.000,2014,4,16,15,VRB02KT,17,11
2014-04-16 16:00:00.000,2014,4,16,16,01004KT,18,10
2014-04-16 17:00:00.000,2014,4,16,17,32004KT,18,11
2014-04-16 18:00:00.000,2014,4,16,18,VRB02KT,18,09
2014-04-16 19:00:00.000,2014,4,16,19,24006KT,18,12
2014-04-16 20:00:00.000,2014,4,16,20,30012KT,18,13
2014-04-16 21:00:00.000,2014,4,16,21,23006KT,18,12
2014-04-16 22:00:00.000,2014,4,16,22,26012KT,17,11
2014-04-16 23:00:00.000,2014,4,16,23,28007KT,15,10
2014-04-17 00:00:00.000,2014,4,17,0,25005KT,15,09
2014-04-17 01:00:00.000,2014,4,17,1,00000KT,15,10
2014-04-17 02:00:00.000,2014,4,17,2,36005KT,12,10
2014-04-17 03:00:00.000,2014,4,17,3,32006KT,11,11
2014-04-17 04:00:00.000,2014,4,17,4,34005KT,11,10
2014-04-17 05:00:00.000,2014,4,17,5,03004KT,11,10
2014-04-17 06:00:00.000,2014,4,17,6,00000KT,11,10
2014-04-17 07:00:00.000,2014,4,17,7,00000KT,11,10
2014-04-17 08:00:00.000,2014,4,17,8,00000KT,11,10
2014-04-17 09:00:00.000,2014,4,17,9,05003KT,11,11
2014-04-17 10:00:00.000,2014,4,17,10,09003KT,11,11
2014-04-17 10:30:00.000,2014,4,17,10,04004KT,11,11
2014-04-17 11:00:00.000,2014,4,17,11,05007KT,11,11
2014-04-17 12:00:00.000,2014,4,17,12,04005KT,11,11
2014-04-17 13:00:00.000,2014,4,17,13,06005KT,12,12
2014-04-17 14:00:00.000,2014,4,17,14,07008KT,14,12
2014-04-17 15:00:00.000,2014,4,17,15,03008KT,15,11
2014-04-17 16:00:00.000,2014,4,17,16,08008KT,17,11
2014-04-17 17:00:00.000,2014,4,17,17,23008KT,17,10
2014-04-17 17:25:00.000,2014,4,17,17,36005KT,13,11
2014-04-17 18:00:00.000,2014,4,17,18,33004KT,13,11
2014-04-17 18:27:00.000,2014,4,17,18,VRB02KIT,15,12
2014-04-17 19:00:00.000,2014,4,17,19,32004KT,16,13
2014-04-17 19:28:00.000,2014,4,17,19,27011KT,19,11
2014-04-17 20:00:00.000,2014,4,17,20,26006KT,19,09
2014-04-17 21:00:00.000,2014,4,17,21,04004KT,19,10
2014-04-17 22:00:00.000,2014,4,17,22,05010KT,19,10
2014-04-17 23:00:00.000,2014,4,17,23,03004KT,18,10
2014-04-18 00:00:00.000,2014,4,18,0,04005KT,15,10
2014-04-18 01:00:00.000,2014,4,18,1,32005KT,14,11
2014-04-18 02:00:00.000,2014,4,18,2,33003KT,13,11
2014-04-18 03:00:00.000,2014,4,18,3,33003KT,12,09
2014-04-18 04:00:00.000,2014,4,18,4,VRB02KT,12,10
2014-04-18 05:00:00.000,2014,4,18,5,03003KT,12,10
2014-04-18 06:00:00.000,2014,4,18,6,04004KT,10,08
2014-04-18 07:00:00.000,2014,4,18,7,04004KT,10,08
2014-04-18 08:00:00.000,2014,4,18,8,060004KT,10,08
2014-04-18 09:00:00.000,2014,4,18,9,05007KT,10,09
2014-04-18 10:00:00.000,2014,4,18,10,12003KT,10,89
2014-04-18 10:30:00.000,2014,4,18,10,03003KT,10,09
2014-04-18 11:00:00.000,2014,4,18,11,VRB02KT,10,08
2014-04-18 12:00:00.000,2014,4,18,12,00000KT,12,09
2014-04-18 13:00:00.000,2014,4,18,13,04006KT,13,10
2014-04-18 14:00:00.000,2014,4,18,14,04005KT,15,10
2014-04-18 15:00:00.000,2014,4,18,15,07006KT,15,13
2014-04-18 16:00:00.000,2014,4,18,16,06009KT,17,11
2014-04-18 17:00:00.000,2014,4,18,17,05009KT,18,09
2014-04-18 18:00:00.000,2014,4,18,18,10006KT,19,08
2014-04-18 19:00:00.000,2014,4,18,19,14006KT,20,07
2014-04-18 20:00:00.000,2014,4,18,20,03004KT,20,07
2014-04-18 21:00:00.000,2014,4,18,21,07008KT,19,09
2014-04-18 22:00:00.000,2014,4,18,22,24010KT,17,10
2014-04-18 23:00:00.000,2014,4,18,23,26010KT,15,11
2014-04-19 00:00:00.000,2014,4,19,0,22003KT,14,12
2014-04-19 01:00:00.000,2014,4,19,1,04003KT,14,11
2014-04-19 02:00:00.000,2014,4,19,2,27003KT,13,12
2014-04-19 03:00:00.000,2014,4,19,3,00000KT,14,12
2014-04-19 04:00:00.000,2014,4,19,4,03006KT,14,12
2014-04-19 05:00:00.000,2014,4,19,5,VRB02KT,13,12
2014-04-19 06:00:00.000,2014,4,19,6,VRB02KT,12,11
2014-04-19 07:00:00.000,2014,4,19,7,03005KT,12,11
2014-04-19 08:00:00.000,2014,4,19,8,05003KT,12,11
2014-04-19 09:00:00.000,2014,4,19,9,03005KT,11,10
2014-04-19 10:00:00.000,2014,4,19,10,06005KT,11,09
2014-04-19 10:30:00.000,2014,4,19,10,06008KT,11,09
2014-04-19 11:00:00.000,2014,4,19,11,06007KT,11,09
2014-04-19 12:00:00.000,2014,4,19,12,30004KT,12,10
2014-04-19 13:00:00.000,2014,4,19,13,02006KT,13,10
2014-04-19 14:00:00.000,2014,4,19,14,03004KT,16,10
2014-04-19 15:00:00.000,2014,4,19,15,13006KT,17,11
2014-04-19 16:00:00.000,2014,4,19,16,03006KT,16,12
2014-04-19 17:00:00.000,2014,4,19,17,25006KT,17,10
2014-04-19 18:00:00.000,2014,4,19,18,20005KT,18,10
2014-04-19 19:00:00.000,2014,4,19,19,26007KT,18,12
2014-04-19 20:00:00.000,2014,4,19,20,34008KT,16,11
2014-04-19 21:00:00.000,2014,4,19,21,30007KT,15,12
2014-04-19 21:33:00.000,2014,4,19,21,34003KT,15,12
2014-04-19 22:00:00.000,2014,4,19,22,28005KT,14,13
2014-04-19 23:00:00.000,2014,4,19,23,32003KT,14,13
2014-04-20 00:00:00.000,2014,4,20,0,30005KT,14,12
2014-04-20 00:10:00.000,2014,4,20,0,29003KT,14,13
2014-04-20 00:17:00.000,2014,4,20,0,29003KT,14,13
2014-04-20 01:00:00.000,2014,4,20,1,32003KT,14,12
2014-04-20 02:00:00.000,2014,4,20,2,07006KT,13,11
2014-04-20 03:00:00.000,2014,4,20,3,03005KT,13,11
2014-04-20 04:00:00.000,2014,4,20,4,03006KT,13,11
2014-04-20 05:00:00.000,2014,4,20,5,04006KT,12,11
2014-04-20 06:00:00.000,2014,4,20,6,04005KT,12,11
2014-04-20 07:00:00.000,2014,4,20,7,03004KT,12,11
2014-04-20 08:00:00.000,2014,4,20,8,07005KT,11,10
2014-04-20 09:00:00.000,2014,4,20,9,02006KT,11,09
2014-04-20 10:00:00.000,2014,4,20,10,03005KT,11,10
2014-04-20 10:30:00.000,2014,4,20,10,02003KT,11,10
2014-04-20 11:00:00.000,2014,4,20,11,04006KT,10,09
2014-04-20 12:00:00.000,2014,4,20,12,VRB02KT,12,11
2014-04-20 12:28:00.000,2014,4,20,12,05005KT,15,11
2014-04-20 13:00:00.000,2014,4,20,13,05006KT,15,11
2014-04-20 14:00:00.000,2014,4,20,14,36005KT,15,11
2014-04-20 15:00:00.000,2014,4,20,15,VRB02KT,17,11
2014-04-20 16:00:00.000,2014,4,20,16,16010KT,18,09
2014-04-20 17:00:00.000,2014,4,20,17,14010KT,17,09
2014-04-20 18:00:00.000,2014,4,20,18,08008KT,18,09
2014-04-20 19:00:00.000,2014,4,20,19,11008KT,18,09
2014-04-20 20:00:00.000,2014,4,20,20,12007KT,18,08
2014-04-20 21:00:00.000,2014,4,20,21,05006KT,18,09
2014-04-20 22:00:00.000,2014,4,20,22,15006KT,19,07
2014-04-20 23:00:00.000,2014,4,20,23,09007KT,17,08
2014-04-21 00:00:00.000,2014,4,21,0,14006KT,16,08
2014-04-21 01:00:00.000,2014,4,21,1,35004KT,13,09
2014-04-21 02:00:00.000,2014,4,21,2,VRB02KT,12,10
2014-04-21 03:00:00.000,2014,4,21,3,03004KT,11,09
2014-04-21 04:00:00.000,2014,4,21,4,00000KT,11,09
2014-04-21 05:00:00.000,2014,4,21,5,33003KT,11,09
2014-04-21 06:00:00.000,2014,4,21,6,VRB02KT,11,09
2014-04-21 07:00:00.000,2014,4,21,7,VRB02KT,11,09
2014-04-21 08:00:00.000,2014,4,21,8,06005KT,10,09
2014-04-21 09:00:00.000,2014,4,21,9,04004KT,10,09
2014-04-21 10:00:00.000,2014,4,21,10,VRB02KT,10,09
2014-04-21 10:30:00.000,2014,4,21,10,VRB02KT,10,09
2014-04-21 11:00:00.000,2014,4,21,11,VRB02KT,09,08
2014-04-21 12:00:00.000,2014,4,21,12,06005KT,11,10
2014-04-21 13:00:00.000,2014,4,21,13,04006KT,13,11
2014-04-21 14:00:00.000,2014,4,21,14,06010KT,16,11
2014-04-21 15:00:00.000,2014,4,21,15,07008KT,18,09
2014-04-21 16:00:00.000,2014,4,21,16,07010KT,17,10
2014-04-21 17:00:00.000,2014,4,21,17,06008KT,17,10
2014-04-21 18:00:00.000,2014,4,21,18,06008KT,18,10
2014-04-21 19:00:00.000,2014,4,21,19,36004KT,17,10
2014-04-21 20:00:00.000,2014,4,21,20,18010KT,17,13
2014-04-21 21:00:00.000,2014,4,21,21,26006KT,15,13
2014-04-21 22:00:00.000,2014,4,21,22,10004KT,15,14
2014-04-21 23:00:00.000,2014,4,21,23,32006KT,15,13
2014-04-22 00:00:00.000,2014,4,22,0,05004KT,15,10
2014-04-22 01:00:00.000,2014,4,22,1,04003KT,15,11
2014-04-22 02:00:00.000,2014,4,22,2,04003KT,14,11
2014-04-22 03:00:00.000,2014,4,22,3,06007KT,14,11
2014-04-22 04:00:00.000,2014,4,22,4,03005KT,14,11
2014-04-22 05:00:00.000,2014,4,22,5,04005KT,13,11
2014-04-22 06:00:00.000,2014,4,22,6,23003KT,13,11
2014-04-22 07:00:00.000,2014,4,22,7,34003KT,12,11
2014-04-22 08:00:00.000,2014,4,22,8,00000KT,13,11
2014-04-22 09:00:00.000,2014,4,22,9,03005KT,12,10
2014-04-22 10:00:00.000,2014,4,22,10,07006KT,12,10
2014-04-22 10:30:00.000,2014,4,22,10,06004KT,12,10
2014-04-22 11:00:00.000,2014,4,22,11,06004KT,12,10
2014-04-22 12:00:00.000,2014,4,22,12,04006KT,13,11
2014-04-22 13:00:00.000,2014,4,22,13,03005KT,14,11
2014-04-22 14:00:00.000,2014,4,22,14,01003KT,16,10
2014-04-22 15:00:00.000,2014,4,22,15,VRB02KT,16,10
2014-04-22 16:00:00.000,2014,4,22,16,31006KT,17,10
2014-04-22 17:00:00.000,2014,4,22,17,28004KT,17,11
2014-04-22 17:20:00.000,2014,4,22,17,32003KT,17,13
2014-04-22 18:00:00.000,2014,4,22,18,VRB02KT,16,12
2014-04-22 18:35:00.000,2014,4,22,18,26008KT,16,13
2014-04-22 19:00:00.000,2014,4,22,19,26010KT,16,13
2014-04-22 19:15:00.000,2014,4,22,19,20016KT,14,13
2014-04-22 20:00:00.000,2014,4,22,20,VRB02KT,12,11
2014-04-22 21:00:00.000,2014,4,22,21,VRB02KT,12,11
2014-04-22 22:00:00.000,2014,4,22,22,VRB02KT,13,12
2014-04-22 23:00:00.000,2014,4,22,23,VRB02KT,13,12
2014-04-23 00:00:00.000,2014,4,23,0,03004KT,12,12
2014-04-23 01:00:00.000,2014,4,23,1,36004KT,12,12
2014-04-23 02:00:00.000,2014,4,23,2,VRB02KT,12,12
2014-04-23 03:00:00.000,2014,4,23,3,36003KT,12,11
2014-04-23 04:00:00.000,2014,4,23,4,03007KT,12,11
2014-04-23 05:00:00.000,2014,4,23,5,02008KT,12,10
2014-04-23 06:00:00.000,2014,4,23,6,04009KT,12,10
2014-04-23 07:00:00.000,2014,4,23,7,02008KT,11,09
2014-04-23 08:00:00.000,2014,4,23,8,VRB02KT,11,09
2014-04-23 09:00:00.000,2014,4,23,9,05005KT,19,08
2014-04-23 10:00:00.000,2014,4,23,10,10003KT,10,09
2014-04-23 10:30:00.000,2014,4,23,10,36003KT,09,08
2014-04-23 11:00:00.000,2014,4,23,11,00000KT,08,08
2014-04-23 12:00:00.000,2014,4,23,12,VRB02KT,12,10
2014-04-23 13:00:00.000,2014,4,23,13,03005KT,14,10
2014-04-23 14:00:00.000,2014,4,23,14,01003KT,17,10
2014-04-23 15:00:00.000,2014,4,23,15,01004KT,19,10
2014-04-23 16:00:00.000,2014,4,23,16,16003KT,20,09
2014-04-23 17:00:00.000,2014,4,23,17,VRB02KT,19,09
2014-04-23 18:00:00.000,2014,4,23,18,28008KT,18,12
2014-04-23 19:00:00.000,2014,4,23,19,30012KT,17,13
2014-04-23 19:25:00.000,2014,4,23,19,29012KT,16,12
2014-04-23 20:00:00.000,2014,4,23,20,27013KT,15,12
2014-04-23 21:00:00.000,2014,4,23,21,27008KT,16,13
2014-04-23 22:00:00.000,2014,4,23,22,30004KT,16,12
2014-04-23 23:00:00.000,2014,4,23,23,VRB02KT,15,11
2014-04-24 00:00:00.000,2014,4,24,0,VRB02KT,14,11
2014-04-24 01:00:00.000,2014,4,24,1,VRB02KT,14,12
2014-04-24 02:00:00.000,2014,4,24,2,VRB02KT,14,12
2014-04-24 03:00:00.000,2014,4,24,3,05004KT,14,12
2014-04-24 04:00:00.000,2014,4,24,4,VRB02KT,13,12
2014-04-24 05:00:00.000,2014,4,24,5,VRB02KT,12,12
2014-04-24 06:00:00.000,2014,4,24,6,VRB02KT,13,12
2014-04-24 07:00:00.000,2014,4,24,7,VRB02KT,13,12
2014-04-24 08:00:00.000,2014,4,24,8,03004KT,12,12
2014-04-24 09:00:00.000,2014,4,24,9,04004KT,13,12
2014-04-24 10:00:00.000,2014,4,24,10,VRB02KT,13,12
2014-04-24 10:30:00.000,2014,4,24,10,VRB02KT,12,12
2014-04-24 11:00:00.000,2014,4,24,11,VRB02KT,12,11
2014-04-24 12:00:00.000,2014,4,24,12,04005KT,12,11
2014-04-24 13:00:00.000,2014,4,24,13,03005KT,12,11
2014-04-24 14:00:00.000,2014,4,24,14,36003KT,13,11
2014-04-24 15:00:00.000,2014,4,24,15,VRB02KT,13,11
2014-04-24 16:00:00.000,2014,4,24,16,31003KT,14,12
2014-04-24 16:25:00.000,2014,4,24,16,25004KT,16,12
2014-04-24 17:00:00.000,2014,4,24,17,24003KT,15,11
2014-04-24 18:00:00.000,2014,4,24,18,08003KT,16,11
2014-04-24 19:00:00.000,2014,4,24,19,21005KT,18,10
2014-04-24 20:00:00.000,2014,4,24,20,16007KT,18,09
2014-04-24 21:00:00.000,2014,4,24,21,14008KT,17,08
2014-04-24 22:00:00.000,2014,4,24,22,15008KT,18,08
2014-04-24 23:00:00.000,2014,4,24,23,10004KT,16,10
2014-04-25 00:00:00.000,2014,4,25,0,11005KT,14,09
2014-04-25 01:00:00.000,2014,4,25,1,VRB02KT,13,09
2014-04-25 02:00:00.000,2014,4,25,2,VRB02KT,12,09
2014-04-25 03:00:00.000,2014,4,25,3,VRB02KT,10,09
2014-04-25 04:00:00.000,2014,4,25,4,03005KT,11,09
2014-04-25 05:00:00.000,2014,4,25,5,06005KT,12,10
2014-04-25 06:00:00.000,2014,4,25,6,04004KT,10,09
2014-04-25 07:00:00.000,2014,4,25,7,VRB02KT,11,10
2014-04-25 08:00:00.000,2014,4,25,8,06006KT,11,09
2014-04-25 09:00:00.000,2014,4,25,9,VRB02KT,10,09
2014-04-25 10:00:00.000,2014,4,25,10,VRB02KT,11,09
2014-04-25 10:30:00.000,2014,4,25,10,08004KT,11,09
2014-04-25 11:00:00.000,2014,4,25,11,VRB02KT,11,09
2014-04-25 12:00:00.000,2014,4,25,12,00000KT,11,10
2014-04-25 13:00:00.000,2014,4,25,13,03003KT,14,10
2014-04-25 14:00:00.000,2014,4,25,14,36004KT,16,11
2014-04-25 15:00:00.000,2014,4,25,15,08005KT,18,10
2014-04-25 16:00:00.000,2014,4,25,16,13008KT,18,10
2014-04-25 17:00:00.000,2014,4,25,17,12008KT,18,10
2014-04-25 18:00:00.000,2014,4,25,18,09010KT,19,09
2014-04-25 19:00:00.000,2014,4,25,19,15012KT,19,10
2014-04-25 20:00:00.000,2014,4,25,20,06010KT,18,10
2014-04-25 21:00:00.000,2014,4,25,21,10010KT,18,10
2014-04-25 22:00:00.000,2014,4,25,22,12010KT,17,10
2014-04-25 23:00:00.000,2014,4,25,23,07006KT,16,11
2014-04-26 00:00:00.000,2014,4,26,0,VRB02KT,15,10
2014-04-26 01:00:00.000,2014,4,26,1,12005KT,13,10
2014-04-26 02:00:00.000,2014,4,26,2,VRB02KT,14,10
2014-04-26 03:00:00.000,2014,4,26,3,04005KT,13,10
2014-04-26 04:00:00.000,2014,4,26,4,VRB02KT,12,10
2014-04-26 05:00:00.000,2014,4,26,5,07003KT,11,10
2014-04-26 06:00:00.000,2014,4,26,6,05006KT,12,10
2014-04-26 07:00:00.000,2014,4,26,7,05003KT,12,11
2014-04-26 08:00:00.000,2014,4,26,8,04005KT,11,11
2014-04-26 09:00:00.000,2014,4,26,9,VRB02KT,11,10
2014-04-26 10:00:00.000,2014,4,26,10,15004KT,11,10
2014-04-26 10:30:00.000,2014,4,26,10,04005KT,11,10
2014-04-26 11:00:00.000,2014,4,26,11,VRB02KT,11,10
2014-04-26 12:00:00.000,2014,4,26,12,02007KT,12,11
2014-04-26 13:00:00.000,2014,4,26,13,02005KT,14,12
2014-04-26 14:00:00.000,2014,4,26,14,16006KT,16,09
2014-04-26 15:00:00.000,2014,4,26,15,15007KT,18,09
2014-04-26 16:00:00.000,2014,4,26,16,17008KT,19,09
2014-04-26 17:00:00.000,2014,4,26,17,27006KT,17,07
2014-04-26 18:00:00.000,2014,4,26,18,VRB02KT,18,09
2014-04-26 19:00:00.000,2014,4,26,19,12011KT,17,10
2014-04-26 20:00:00.000,2014,4,26,20,12010KT,18,10
2014-04-26 21:00:00.000,2014,4,26,21,10005KT,17,10
2014-04-26 22:00:00.000,2014,4,26,22,10006KT,17,09
2014-04-26 23:00:00.000,2014,4,26,23,09006KT,16,10
2014-04-27 00:00:00.000,2014,4,27,0,07006KT,14,09
2014-04-27 01:00:00.000,2014,4,27,1,06003KT,13,09
2014-04-27 02:00:00.000,2014,4,27,2,35003KT,12,09
2014-04-27 03:00:00.000,2014,4,27,3,36004KT,11,09
2014-04-27 04:00:00.000,2014,4,27,4,VRB02KT,11,09
2014-04-27 05:00:00.000,2014,4,27,5,00000KT,11,09
2014-04-27 06:00:00.000,2014,4,27,6,00000KT,11,10
2014-04-27 07:00:00.000,2014,4,27,7,03003KT,11,10
2014-04-27 08:00:00.000,2014,4,27,8,01004KT,10,09
2014-04-27 09:00:00.000,2014,4,27,9,00000KT,10,10
2014-04-27 10:00:00.000,2014,4,27,10,03003KT,10,10
2014-04-27 10:30:00.000,2014,4,27,10,05005KT,11,10
2014-04-27 11:00:00.000,2014,4,27,11,03005KT,11,10
2014-04-27 12:00:00.000,2014,4,27,12,04005KT,12,10
2014-04-27 13:00:00.000,2014,4,27,13,06006KT,13,11
2014-04-27 14:00:00.000,2014,4,27,14,08006KT,15,10
2014-04-27 15:00:00.000,2014,4,27,15,04010KT,16,10
2014-04-27 16:00:00.000,2014,4,27,16,06008KT,16,10
2014-04-27 17:00:00.000,2014,4,27,17,13005KT,18,10
2014-04-27 18:00:00.000,2014,4,27,18,06003KT,18,09
2014-04-27 19:00:00.000,2014,4,27,19,11010KT,20,10
2014-04-27 20:00:00.000,2014,4,27,20,06008KT,19,10
2014-04-27 21:00:00.000,2014,4,27,21,36005KT,20,09
2014-04-27 22:00:00.000,2014,4,27,22,01004KT,20,09
2014-04-27 23:00:00.000,2014,4,27,23,24010KT,17,12
2014-04-28 00:00:00.000,2014,4,28,0,30005KT,15,12
2014-04-28 01:00:00.000,2014,4,28,1,25005KT,14,10
2014-04-28 02:00:00.000,2014,4,28,2,00000KT,14,10
2014-04-28 03:00:00.000,2014,4,28,3,03003KT,14,11
2014-04-28 03:30:00.000,2014,4,28,3,16004KT,14,11
2014-04-28 04:00:00.000,2014,4,28,4,19003KT,13,11
2014-04-28 05:00:00.000,2014,4,28,5,VRB02KT,13,12
2014-04-28 06:00:00.000,2014,4,28,6,00000KT,13,11
2014-04-28 07:00:00.000,2014,4,28,7,00000KT,13,11
2014-04-28 08:00:00.000,2014,4,28,8,05006KT,13,11
2014-04-28 09:00:00.000,2014,4,28,9,06003KT,12,11
2014-04-28 10:00:00.000,2014,4,28,10,05004KT,12,11
2014-04-28 10:30:00.000,2014,4,28,10,00000KT,12,11
2014-04-28 11:00:00.000,2014,4,28,11,05005KT,12,10
2014-04-28 12:00:00.000,2014,4,28,12,07006KT,13,10
2014-04-28 13:00:00.000,2014,4,28,13,06006KT,14,11
2014-04-28 14:00:00.000,2014,4,28,14,08003KT,16,10
2014-04-28 15:00:00.000,2014,4,28,15,09005KT,18,10
2014-04-28 16:00:00.000,2014,4,28,16,10005KT,18,10
2014-04-28 17:00:00.000,2014,4,28,17,10005KT,18,09
2014-04-28 18:00:00.000,2014,4,28,18,13008KT,19,09
2014-04-28 19:00:00.000,2014,4,28,19,03007KT,19,10
2014-04-28 20:00:00.000,2014,4,28,20,06010KT,21,09
2014-04-28 21:00:00.000,2014,4,28,21,11006KT,21,08
2014-04-28 22:00:00.000,2014,4,28,22,06007KT,21,07
2014-04-28 23:00:00.000,2014,4,28,23,25006KT,18,12
2014-04-29 00:00:00.000,2014,4,29,0,30003KT,14,12
2014-04-29 01:00:00.000,2014,4,29,1,VRB02KT,13,12
2014-04-29 02:00:00.000,2014,4,29,2,02004KT,13,12
2014-04-29 03:00:00.000,2014,4,29,3,35003KT,14,11
2014-04-29 04:00:00.000,2014,4,29,4,05005KT,14,11
2014-04-29 05:00:00.000,2014,4,29,5,10005KT,14,12
2014-04-29 06:00:00.000,2014,4,29,6,09005KT,13,11
2014-04-29 07:00:00.000,2014,4,29,7,07004KT,12,10
2014-04-29 08:00:00.000,2014,4,29,8,06005KT,12,10
2014-04-29 09:00:00.000,2014,4,29,9,05007KT,12,10
2014-04-29 10:00:00.000,2014,4,29,10,03006KT,11,10
2014-04-29 10:30:00.000,2014,4,29,10,07005KT,12,10
2014-04-29 11:00:00.000,2014,4,29,11,05005KT,12,09
2014-04-29 11:20:00.000,2014,4,29,11,VRB02KT,12,09
2014-04-29 12:00:00.000,2014,4,29,12,04007KT,12,09
2014-04-29 13:00:00.000,2014,4,29,13,VRB02KT,14,09
2014-04-29 14:00:00.000,2014,4,29,14,09006KT,17,09
2014-04-29 15:00:00.000,2014,4,29,15,13010KT,18,10
2014-04-29 16:00:00.000,2014,4,29,16,11008KT,19,09
2014-04-29 17:00:00.000,2014,4,29,17,09008KT,20,09
2014-04-29 18:00:00.000,2014,4,29,18,10004KT,18,09
2014-04-29 19:00:00.000,2014,4,29,19,10003KT,16,11
2014-04-29 20:00:00.000,2014,4,29,20,06010KT,16,10
2014-04-29 20:00:00.000,2014,4,29,20,06010KT,16,10
2014-04-29 20:35:00.000,2014,4,29,20,11007KT,16,09
2014-04-29 21:00:00.000,2014,4,29,21,07006KT,16,10
2014-04-29 22:00:00.000,2014,4,29,22,08006KT,17,09
2014-04-29 23:00:00.000,2014,4,29,23,VRB02KT,16,10
2014-04-30 00:00:00.000,2014,4,30,0,08003KT,16,09
2014-04-30 01:00:00.000,2014,4,30,1,03003KT,13,09
2014-04-30 02:00:00.000,2014,4,30,2,02005KT,12,10
2014-04-30 03:00:00.000,2014,4,30,3,01003KT,12,10
2014-04-30 04:00:00.000,2014,4,30,4,03004KT,12,10
2014-04-30 05:00:00.000,2014,4,30,5,00000KT,12,10
2014-04-30 06:00:00.000,2014,4,30,6,00000KT,11,10
2014-04-30 07:00:00.000,2014,4,30,7,00000KT,11,10
2014-04-30 08:00:00.000,2014,4,30,8,04003KT,11,09
2014-04-30 09:00:00.000,2014,4,30,9,03006KT,11,10
2014-04-30 10:00:00.000,2014,4,30,10,04007KT,11,10
2014-04-30 10:30:00.000,2014,4,30,10,06006KT,10,09
2014-04-30 11:00:00.000,2014,4,30,11,04005KT,10,09
2014-04-30 12:00:00.000,2014,4,30,12,07003KT,13,10
2014-04-30 13:00:00.000,2014,4,30,13,05004KT,15,10
2014-04-30 14:00:00.000,2014,4,30,14,04003KT,17,10
2014-04-30 15:00:00.000,2014,4,30,15,12009KT,18,08
2014-04-30 16:00:00.000,2014,4,30,16,09008KT,20,09
2014-04-30 17:00:00.000,2014,4,30,17,10007KT,21,08
2014-04-30 18:00:00.000,2014,4,30,18,12011KT,20,09
2014-04-30 19:00:00.000,2014,4,30,19,07008KT,19,08
2014-04-30 20:00:00.000,2014,4,30,20,04008KT,19,09
2014-04-30 21:00:00.000,2014,4,30,21,21005KT,18,11
2014-04-30 22:00:00.000,2014,4,30,22,09005KT,18,09
2014-04-30 23:00:00.000,2014,4,30,23,26004KT,17,12
2014-05-01 00:00:00.000,2014,5,1,0,25005KT,15,13
2014-05-01 01:00:00.000,2014,5,1,1,VRB02KT,13,12
2014-05-01 02:00:00.000,2014,5,1,2,VRB02KT,12,11
2014-05-01 03:00:00.000,2014,5,1,3,30006KT,13,12
2014-05-01 04:00:00.000,2014,5,1,4,VRB02KT,13,12
2014-05-01 05:00:00.000,2014,5,1,5,VRB02KT,13,12
2014-05-01 06:00:00.000,2014,5,1,6,VRB02KT,12,10
2014-05-01 07:00:00.000,2014,5,1,7,01003KT,13,11
2014-05-01 08:00:00.000,2014,5,1,8,VRB02KT,12,10
2014-05-01 09:00:00.000,2014,5,1,9,VRB02KT,13,10
2014-05-01 10:00:00.000,2014,5,1,10,VRB02KT,11,10
2014-05-01 10:30:00.000,2014,5,1,10,VRB02KT,10,10
2014-05-01 11:00:00.000,2014,5,1,11,06003KT,10,09
2014-05-01 12:00:00.000,2014,5,1,12,01003KT,12,10
2014-05-01 13:00:00.000,2014,5,1,13,02003KT,14,09
2014-05-01 14:00:00.000,2014,5,1,14,04006KT,16,09
2014-05-01 15:00:00.000,2014,5,1,15,24003KT,17,09
2014-05-01 15:35:00.000,2014,5,1,15,00000KT,19,08
2014-05-01 16:00:00.000,2014,5,1,16,11004KT,20,07
2014-05-01 17:00:00.000,2014,5,1,17,36007KT,18,10
2014-05-01 18:00:00.000,2014,5,1,18,34003KT,18,10
2014-05-01 19:00:00.000,2014,5,1,19,31007KT,18,12
2014-05-01 20:00:00.000,2014,5,1,20,33007KT,16,12
2014-05-01 20:08:00.000,2014,5,1,20,03004KT,16,13
2014-05-01 21:00:00.000,2014,5,1,21,31003KT,15,13
2014-05-01 22:00:00.000,2014,5,1,22,19005KT,15,12
2014-05-01 22:00:00.000,2014,5,1,22,19005KT,15,12
2014-05-01 23:00:00.000,2014,5,1,23,23007KT,15,12
2014-05-02 00:00:00.000,2014,5,2,0,25003KT,15,12
2014-05-02 01:00:00.000,2014,5,2,1,VRB02KT,14,12
2014-05-02 01:38:00.000,2014,5,2,1,VRB02KT,14,12
2014-05-02 02:00:00.000,2014,5,2,2,VRB02KT,14,12
2014-05-02 03:00:00.000,2014,5,2,3,28004KT,13,12
2014-05-02 04:00:00.000,2014,5,2,4,VRB02KT,13,11
2014-05-02 05:00:00.000,2014,5,2,5,VRB02KT,12,11
2014-05-02 06:00:00.000,2014,5,2,6,VRB02KT,12,11
2014-05-02 07:00:00.000,2014,5,2,7,VRB02KT,12,11
2014-05-02 08:00:00.000,2014,5,2,8,05005KT,12,11
2014-05-02 09:00:00.000,2014,5,2,9,06004KT,12,11
2014-05-02 10:00:00.000,2014,5,2,10,VRB02KT,12,11
2014-05-02 10:30:00.000,2014,5,2,10,VRB02KT,12,11
2014-05-02 11:00:00.000,2014,5,2,11,VRB02KT,12,11
2014-05-02 12:00:00.000,2014,5,2,12,00000KT,14,11
2014-05-02 13:00:00.000,2014,5,2,13,05003KT,15,11
2014-05-02 14:00:00.000,2014,5,2,14,08005KT,18,10
2014-05-02 15:00:00.000,2014,5,2,15,03004KT,18,11
2014-05-02 16:00:00.000,2014,5,2,16,14009KT,18,10
2014-05-02 17:00:00.000,2014,5,2,17,20004KT,19,08
2014-05-02 18:00:00.000,2014,5,2,18,09007KT,19,10
2014-05-02 19:00:00.000,2014,5,2,19,13013KT,18,09
2014-05-02 20:00:00.000,2014,5,2,20,11006KT,19,09
2014-05-02 21:00:00.000,2014,5,2,21,10005KT,19,09
2014-05-02 22:00:00.000,2014,5,2,22,05003KT,18,08
2014-05-02 23:00:00.000,2014,5,2,23,21003KT,17,11
2014-05-03 00:00:00.000,2014,5,3,0,14003KT,16,10
2014-05-03 01:00:00.000,2014,5,3,1,04007KT,16,11
2014-05-03 02:00:00.000,2014,5,3,2,03006KT,14,10
2014-05-03 03:00:00.000,2014,5,3,3,03006KT,13,09
2014-05-03 04:00:00.000,2014,5,3,4,05004KT,11,08
2014-05-03 05:00:00.000,2014,5,3,5,03005KT,11,08
2014-05-03 07:00:00.000,2014,5,3,7,06006KT,10,07
2014-05-03 09:00:00.000,2014,5,3,9,04005KT,10,07
2014-05-03 10:00:00.000,2014,5,3,10,05004KT,10,07
2014-05-03 10:30:00.000,2014,5,3,10,04003KT,10,07
2014-05-03 11:00:00.000,2014,5,3,11,00000KT,09,07
2014-05-03 12:00:00.000,2014,5,3,12,06004KT,11,08
2014-05-03 13:00:00.000,2014,5,3,13,03006KT,13,07
2014-05-03 14:00:00.000,2014,5,3,14,03004KT,15,07
2014-05-03 15:00:00.000,2014,5,3,15,36006KT,17,04
2014-05-03 16:00:00.000,2014,5,3,16,07006KT,18,06
2014-05-03 17:00:00.000,2014,5,3,17,09010KT,19,05
2014-05-03 18:00:00.000,2014,5,3,18,12010KT,21,03
2014-05-03 19:00:00.000,2014,5,3,19,13012KT,22,03
2014-05-03 20:00:00.000,2014,5,3,20,09006KT,21,05
2014-05-03 21:00:00.000,2014,5,3,21,VRB02KT,19,05
2014-05-03 22:00:00.000,2014,5,3,22,30008KT,17,12
2014-05-03 23:00:00.000,2014,5,3,23,24005KT,16,11
2014-05-04 00:00:00.000,2014,5,4,0,18003KT,16,09
2014-05-04 01:00:00.000,2014,5,4,1,36003KT,13,10
2014-05-04 02:00:00.000,2014,5,4,2,30003KT,12,08
2014-05-04 03:00:00.000,2014,5,4,3,34003KT,10,07
2014-05-04 04:00:00.000,2014,5,4,4,02003KT,10,06
2014-05-04 05:00:00.000,2014,5,4,5,04004KT,09,06
2014-05-04 06:00:00.000,2014,5,4,6,03004KT,09,06
2014-05-04 07:00:00.000,2014,5,4,7,34003KT,07,06
2014-05-04 08:00:00.000,2014,5,4,8,35003KT,07,05
2014-05-04 09:00:00.000,2014,5,4,9,VRB02KT,06,05
2014-05-04 10:00:00.000,2014,5,4,10,04005KT,06,05
2014-05-04 10:30:00.000,2014,5,4,10,35003KT,06,06
2014-05-04 11:00:00.000,2014,5,4,11,36004KT,05,05
2014-05-04 12:00:00.000,2014,5,4,12,06006KT,08,06
2014-05-04 13:00:00.000,2014,5,4,13,05007KT,11,07
2014-05-04 14:00:00.000,2014,5,4,14,05006KT,15,09
2014-05-04 15:00:00.000,2014,5,4,15,VRB02KT,18,07
2014-05-04 16:00:00.000,2014,5,4,16,06005KT,19,08
2014-05-04 17:00:00.000,2014,5,4,17,15010KT,20,07
2014-05-04 18:00:00.000,2014,5,4,18,16012KT,20,08
2014-05-04 19:00:00.000,2014,5,4,19,10006KT,19,08
2014-05-04 20:00:00.000,2014,5,4,20,20006KT,18,10
2014-05-04 21:00:00.000,2014,5,4,21,18008KT,20,10
2014-05-04 22:00:00.000,2014,5,4,22,24010KT,16,11
2014-05-04 23:00:00.000,2014,5,4,23,24008KT,15,12
2014-05-05 00:00:00.000,2014,5,5,0,VRB02KT,14,11
2014-05-05 01:00:00.000,2014,5,5,1,00000KT,12,11
2014-05-05 02:00:00.000,2014,5,5,2,VRB02KT,11,10
2014-05-05 03:00:00.000,2014,5,5,3,VRB02KT,11,10
2014-05-05 04:00:00.000,2014,5,5,4,00000KT,12,11
2014-05-05 05:00:00.000,2014,5,5,5,VRB02KT,12,11
2014-05-05 06:00:00.000,2014,5,5,6,30003KT,12,11
2014-05-05 07:00:00.000,2014,5,5,7,03003KT,12,11
2014-05-05 08:00:00.000,2014,5,5,8,00000KT,12,11
2014-05-05 09:00:00.000,2014,5,5,9,31003KT,11,11
2014-05-05 10:00:00.000,2014,5,5,10,VRB02KT,11,11
2014-05-05 10:30:00.000,2014,5,5,10,VRB02KT,12,11
2014-05-05 11:00:00.000,2014,5,5,11,VRB02KT,12,11
2014-05-05 12:00:00.000,2014,5,5,12,07005KT,14,11
2014-05-05 13:00:00.000,2014,5,5,13,VRB02KT,16,09
2014-05-05 13:30:00.000,2014,5,5,13,00000KT,29,25
2014-05-05 14:00:00.000,2014,5,5,14,07005KT,17,10
2014-05-05 15:00:00.000,2014,5,5,15,34004KT,19,09
2014-05-05 16:00:00.000,2014,5,5,16,09008KT,21,09
2014-05-05 17:00:00.000,2014,5,5,17,12012KT,20,09
2014-05-05 18:00:00.000,2014,5,5,18,23010KT,19,11
2014-05-05 19:00:00.000,2014,5,5,19,22007KT,20,11
2014-05-05 20:00:00.000,2014,5,5,20,22013KT,19,12
2014-05-05 20:04:00.000,2014,5,5,20,22010KT,19,12
2014-05-05 20:13:00.000,2014,5,5,20,25010KT,19,13
2014-05-05 21:00:00.000,2014,5,5,21,27007KT,17,13
2014-05-05 21:08:00.000,2014,5,5,21,28006KT,16,13
2014-05-05 21:30:00.000,2014,5,5,21,33004KT,16,13
2014-05-05 22:00:00.000,2014,5,5,22,29004KT,15,13
2014-05-05 23:00:00.000,2014,5,5,23,VRB02KT,14,12
2014-05-06 00:00:00.000,2014,5,6,0,33003KT,14,12
2014-05-06 01:00:00.000,2014,5,6,1,VRB02KT,14,11
2014-05-06 02:00:00.000,2014,5,6,2,06003KT,13,11
2014-05-06 03:00:00.000,2014,5,6,3,00000KT,13,12
2014-05-06 04:00:00.000,2014,5,6,4,00000KT,13,11
2014-05-06 05:00:00.000,2014,5,6,5,05004KT,12,10
2014-05-06 06:00:00.000,2014,5,6,6,05004KT,13,10
2014-05-06 07:00:00.000,2014,5,6,7,31003KT,12,10
2014-05-06 08:00:00.000,2014,5,6,8,VRB02KT,11,10
2014-05-06 09:00:00.000,2014,5,6,9,24004KT,10,10
2014-05-06 10:00:00.000,2014,5,6,10,00000KT,09,09
2014-05-06 10:30:00.000,2014,5,6,10,01003KT,09,09
2014-05-06 11:00:00.000,2014,5,6,11,03003KT,08,08
2014-05-06 12:00:00.000,2014,5,6,12,06003KT,12,11
2014-05-06 13:00:00.000,2014,5,6,13,02004KT,14,12
2014-05-06 14:00:00.000,2014,5,6,14,06006KT,17,11
2014-05-06 15:00:00.000,2014,5,6,15,VRB02KT,18,10
2014-05-06 16:00:00.000,2014,5,6,16,VRB02KT,18,10
2014-05-06 17:00:00.000,2014,5,6,17,VRB02KT,18,10
2014-05-06 18:00:00.000,2014,5,6,18,30008KT,19,13
2014-05-06 19:00:00.000,2014,5,6,19,27012KT,18,13
2014-05-06 19:30:00.000,2014,5,6,19,29008KT,19,13
2014-05-06 20:00:00.000,2014,5,6,20,25006KT,19,12
2014-05-06 21:00:00.000,2014,5,6,21,22008KT,18,12
2014-05-06 22:00:00.000,2014,5,6,22,27007KT,18,11
2014-05-06 23:00:00.000,2014,5,6,23,30006KT,16,11
2014-05-07 00:00:00.000,2014,5,7,0,28005KT,16,11
2014-05-07 01:00:00.000,2014,5,7,1,26004KT,15,11
2014-05-07 01:25:00.000,2014,5,7,1,30005KT,15,12
2014-05-07 02:00:00.000,2014,5,7,2,27004KT,14,12
2014-05-07 03:00:00.000,2014,5,7,3,23004KT,13,12
2014-05-07 04:00:00.000,2014,5,7,4,05003KT,13,11
2014-05-07 05:00:00.000,2014,5,7,5,03003KT,12,12
2014-05-07 06:00:00.000,2014,5,7,6,VRB02KT,13,12
2014-05-07 07:00:00.000,2014,5,7,7,00000KT,13,12
2014-05-07 08:00:00.000,2014,5,7,8,VRB02KT,13,12
2014-05-07 09:00:00.000,2014,5,7,9,VRB02KT,13,12
2014-05-07 10:00:00.000,2014,5,7,10,VRB02KT,13,12
2014-05-07 10:30:00.000,2014,5,7,10,VRB02KT,12,12
2014-05-07 11:00:00.000,2014,5,7,11,01003KT,12,11
2014-05-07 12:00:00.000,2014,5,7,12,05005KT,13,12
2014-05-07 13:00:00.000,2014,5,7,13,VRB02KT,15,12
2014-05-07 14:00:00.000,2014,5,7,14,33003KT,15,12
2014-05-07 15:00:00.000,2014,5,7,15,03009KT,17,11
2014-05-07 16:00:00.000,2014,5,7,16,04004KT,17,10
2014-05-07 17:00:00.000,2014,5,7,17,VRB02KT,18,10
2014-05-07 18:00:00.000,2014,5,7,18,VRB02KT,15,12
2014-05-07 19:00:00.000,2014,5,7,19,VRB02KT,17,11
2014-05-07 20:00:00.000,2014,5,7,20,VRB02KT,18,11
2014-05-07 21:00:00.000,2014,5,7,21,26007KT,19,11
2014-05-07 21:00:00.000,2014,5,7,21,26007KT,19,11
2014-05-07 22:00:00.000,2014,5,7,22,23007KT,18,12
2014-05-07 23:00:00.000,2014,5,7,23,25005KT,16,12
2014-05-08 00:00:00.000,2014,5,8,0,26004KT,15,12
2014-05-08 00:40:00.000,2014,5,8,0,26009KT,15,12
2014-05-08 01:00:00.000,2014,5,8,1,26005KT,15,12
2014-05-08 01:00:00.000,2014,5,8,1,26005KT,15,12
2014-05-08 01:30:00.000,2014,5,8,1,11008KT,14,12
2014-05-08 02:00:00.000,2014,5,8,2,01003KT,13,10
2014-05-08 03:00:00.000,2014,5,8,3,VRB02KT,12,10
2014-05-08 04:00:00.000,2014,5,8,4,35004KT,12,11
2014-05-08 05:00:00.000,2014,5,8,5,VRB02KT,12,11
2014-05-08 06:00:00.000,2014,5,8,6,VRB02KT,13,11
2014-05-08 07:00:00.000,2014,5,8,7,VRB02KT,13,11
2014-05-08 08:00:00.000,2014,5,8,8,VRB02KT,12,12
2014-05-08 09:00:00.000,2014,5,8,9,VRB02KT,13,12
2014-05-08 10:00:00.000,2014,5,8,10,VRB02KT,13,12
2014-05-08 11:00:00.000,2014,5,8,11,VRB02KT,13,12
2014-05-08 12:00:00.000,2014,5,8,12,27004KT,13,12
2014-05-08 13:00:00.000,2014,5,8,13,35003KT,15,12
2014-05-08 14:00:00.000,2014,5,8,14,35003KT,16,12
2014-05-08 15:00:00.000,2014,5,8,15,00000KT,17,11
2014-05-08 16:00:00.000,2014,5,8,16,08003KT,19,10
2014-05-08 17:00:00.000,2014,5,8,17,21010KT,16,12
2014-05-08 17:26:00.000,2014,5,8,17,25012KT,15,12
2014-05-08 17:37:00.000,2014,5,8,17,29010KT,15,13
2014-05-08 18:00:00.000,2014,5,8,18,25010KT,15,13
2014-05-08 18:15:00.000,2014,5,8,18,26010KT,14,13
2014-05-08 19:00:00.000,2014,5,8,19,20008KT,16,13
2014-05-08 19:28:00.000,2014,5,8,19,25006KT,13,12
2014-05-08 20:00:00.000,2014,5,8,20,25008KT,14,13
2014-05-08 20:25:00.000,2014,5,8,20,27005KT,15,12
2014-05-08 21:00:00.000,2014,5,8,21,15004KT,15,12
2014-05-08 21:30:00.000,2014,5,8,21,VRB02KT,15,13
2014-05-08 22:00:00.000,2014,5,8,22,28006KT,14,13
2014-05-08 23:00:00.000,2014,5,8,23,21008KT,13,12
2014-05-09 00:00:00.000,2014,5,9,0,VRB02KT,13,12
2014-05-09 01:00:00.000,2014,5,9,1,00000KT,13,12
2014-05-09 02:00:00.000,2014,5,9,2,32005KT,14,12
2014-05-09 03:00:00.000,2014,5,9,3,31005KT,13,11
2014-05-09 04:00:00.000,2014,5,9,4,33003KT,13,11
2014-05-09 05:00:00.000,2014,5,9,5,28004KT,12,11
2014-05-09 06:00:00.000,2014,5,9,6,VRB02KT,12,11
2014-05-09 07:00:00.000,2014,5,9,7,27003KT,12,11
2014-05-09 08:00:00.000,2014,5,9,8,00000KT,12,11
2014-05-09 09:00:00.000,2014,5,9,9,00000KT,12,12
2014-05-09 10:00:00.000,2014,5,9,10,32003KT,12,12
2014-05-09 10:30:00.000,2014,5,9,10,32004KT,12,12
2014-05-09 11:00:00.000,2014,5,9,11,33003KT,12,11
2014-05-09 12:00:00.000,2014,5,9,12,25004KT,12,11
2014-05-09 13:00:00.000,2014,5,9,13,21004KT,12,11
2014-05-09 14:00:00.000,2014,5,9,14,19006KT,13,10
2014-05-09 15:00:00.000,2014,5,9,15,21004KT,15,10
2014-05-09 16:00:00.000,2014,5,9,16,20004KT,16,09
2014-05-09 17:00:00.000,2014,5,9,17,34005KT,17,11
2014-05-09 18:00:00.000,2014,5,9,18,30005KT,18,10
2014-05-09 19:00:00.000,2014,5,9,19,27007KT,18,11
2014-05-09 20:00:00.000,2014,5,9,20,32011KT,17,14
2014-05-09 21:00:00.000,2014,5,9,21,31009KT,16,10
2014-05-09 21:35:00.000,2014,5,9,21,31009KT,14,10
2014-05-09 22:00:00.000,2014,5,9,22,30010KT,14,11
2014-05-09 23:00:00.000,2014,5,9,23,31005KT,13,11
2014-05-10 00:00:00.000,2014,5,10,0,30006KT,13,11
2014-05-10 01:00:00.000,2014,5,10,1,30004KT,13,11
2014-05-10 02:00:00.000,2014,5,10,2,29004KT,13,11
2014-05-10 03:00:00.000,2014,5,10,3,VRB02KT,13,11
2014-05-10 04:00:00.000,2014,5,10,4,VRB02KT,13,11
2014-05-10 05:00:00.000,2014,5,10,5,VRB02KT,12,11
2014-05-10 10:00:00.000,2014,5,10,10,00000KT,12,11
2014-05-10 10:30:00.000,2014,5,10,10,VRB02KT,12,11
2014-05-10 11:00:00.000,2014,5,10,11,VRB02KT,12,11
2014-05-10 12:00:00.000,2014,5,10,12,VRB02KT,13,11
2014-05-10 13:00:00.000,2014,5,10,13,03005KT,13,11
2014-05-10 14:00:00.000,2014,5,10,14,35005KT,16,12
2014-05-10 15:00:00.000,2014,5,10,15,VRB02KT,18,12
2014-05-10 16:00:00.000,2014,5,10,16,32005KT,18,11
2014-05-10 17:00:00.000,2014,5,10,17,28010KT,18,12
2014-05-10 17:30:00.000,2014,5,10,17,22010KT,17,11
2014-05-10 18:00:00.000,2014,5,10,18,24015KT,18,12
2014-05-10 19:00:00.000,2014,5,10,19,24010KT,18,12
2014-05-10 20:00:00.000,2014,5,10,20,26015KT,18,12
2014-05-10 21:00:00.000,2014,5,10,21,26015KT,16,12
2014-05-10 22:00:00.000,2014,5,10,22,25010KT,16,11
2014-05-10 23:00:00.000,2014,5,10,23,30005KT,15,11
2014-05-11 00:00:00.000,2014,5,11,0,25006KT,14,12
2014-05-11 01:00:00.000,2014,5,11,1,24006KT,14,12
2014-05-11 02:00:00.000,2014,5,11,2,32006KT,14,12
2014-05-11 03:00:00.000,2014,5,11,3,32006KT,14,12
2014-05-11 04:00:00.000,2014,5,11,4,28004KT,13,12
2014-05-11 05:00:00.000,2014,5,11,5,28003KT,13,12
2014-05-11 06:00:00.000,2014,5,11,6,VRB02KT,13,12
2014-05-11 07:00:00.000,2014,5,11,7,280006KT,13,12
2014-05-11 08:00:00.000,2014,5,11,8,32006KT,13,12
2014-05-11 09:00:00.000,2014,5,11,9,34006KT,11,11
2014-05-11 10:00:00.000,2014,5,11,10,VRB02KT,11,11
2014-05-11 10:30:00.000,2014,5,11,10,07003KT,12,11
2014-05-11 11:00:00.000,2014,5,11,11,00000KT,12,11
2014-05-11 12:00:00.000,2014,5,11,12,VRB02KT,14,12
2014-05-11 13:00:00.000,2014,5,11,13,VRB02KT,14,12
2014-05-11 13:10:00.000,2014,5,11,13,VRB02KT,13,12
2014-05-11 14:00:00.000,2014,5,11,14,15005KT,16,12
2014-05-11 15:00:00.000,2014,5,11,15,VRB02KT,17,11
2014-05-11 15:35:00.000,2014,5,11,15,33015KT,15,13
2014-05-11 16:00:00.000,2014,5,11,16,30015KT,14,13
2014-05-11 16:30:00.000,2014,5,11,16,30008KT,14,13
2014-05-11 17:00:00.000,2014,5,11,17,28010KT,16,14
2014-05-11 18:00:00.000,2014,5,11,18,27005KT,17,12
2014-05-11 18:40:00.000,2014,5,11,18,28006KT,16,12
2014-05-11 19:00:00.000,2014,5,11,19,16015KT,14,12
2014-05-11 19:10:00.000,2014,5,11,19,13006KT,13,12
2014-05-11 20:00:00.000,2014,5,11,20,29009KT,15,12
2014-05-11 21:00:00.000,2014,5,11,21,26007KT,15,11
2014-05-11 22:00:00.000,2014,5,11,22,25005KT,15,11
2014-05-11 23:00:00.000,2014,5,11,23,18004KT,14,12
2014-05-12 00:00:00.000,2014,5,12,0,24005KT,14,11
2014-05-12 01:00:00.000,2014,5,12,1,VRB02KT,13,11
2014-05-12 02:00:00.000,2014,5,12,2,00000KT,13,12
2014-05-12 03:00:00.000,2014,5,12,3,00000KT,13,12
2014-05-12 04:00:00.000,2014,5,12,4,34003KT,12,12
2014-05-12 05:00:00.000,2014,5,12,5,VRB02KT,12,12
2014-05-12 06:00:00.000,2014,5,12,6,00000KT,11,11
2014-05-12 07:00:00.000,2014,5,12,7,00000KT,11,11
2014-05-12 08:00:00.000,2014,5,12,8,00000KT,12,11
2014-05-12 09:00:00.000,2014,5,12,9,20003KT,12,11
2014-05-12 10:00:00.000,2014,5,12,10,33003KT,12,11
2014-05-12 10:30:00.000,2014,5,12,10,VRB02KT,12,11
2014-05-12 11:00:00.000,2014,5,12,11,VRB02KT,11,11
2014-05-12 12:00:00.000,2014,5,12,12,VRB02KT,13,12
2014-05-12 13:00:00.000,2014,5,12,13,36003KT,15,12
2014-05-12 14:00:00.000,2014,5,12,14,VRB02KT,17,11
2014-05-12 15:00:00.000,2014,5,12,15,VRB02KT,16,11
2014-05-12 16:00:00.000,2014,5,12,16,04003KT,17,10
2014-05-12 17:00:00.000,2014,5,12,17,29010KT,17,12
2014-05-12 18:00:00.000,2014,5,12,18,31006KT,17,12
2014-05-12 19:00:00.000,2014,5,12,19,25006KT,17,12
2014-05-12 19:20:00.000,2014,5,12,19,15004KT,18,12
2014-05-12 19:35:00.000,2014,5,12,19,14014KT,17,12
2014-05-12 20:00:00.000,2014,5,12,20,14010KT,13,11
2014-05-12 20:25:00.000,2014,5,12,20,05006KT,15,12
2014-05-12 21:00:00.000,2014,5,12,21,05004KT,15,11
2014-05-12 22:00:00.000,2014,5,12,22,33006KT,15,11
2014-05-12 23:00:00.000,2014,5,12,23,36004KT,16,13
2014-05-13 00:00:00.000,2014,5,13,0,29004KT,15,12
2014-05-13 01:00:00.000,2014,5,13,1,VRB02KT,14,12
2014-05-13 02:00:00.000,2014,5,13,2,07003KT,13,12
2014-05-13 03:00:00.000,2014,5,13,3,33003KT,13,12
2014-05-13 04:00:00.000,2014,5,13,4,03003KT,12,11
2014-05-13 05:00:00.000,2014,5,13,5,33004KT,11,10
2014-05-13 06:00:00.000,2014,5,13,6,05003KT,10,10
2014-05-13 07:00:00.000,2014,5,13,7,30003KT,11,10
2014-05-13 08:00:00.000,2014,5,13,8,28003KT,11,11
2014-05-13 09:00:00.000,2014,5,13,9,VRB02KT,11,10
2014-05-13 10:00:00.000,2014,5,13,10,20003KT,10,10
2014-05-13 11:00:00.000,2014,5,13,11,VRB02KT,09,08
2014-05-13 12:00:00.000,2014,5,13,12,VRB02KT,11,10
2014-05-13 12:16:00.000,2014,5,13,12,04004KT,14,11
2014-05-13 13:00:00.000,2014,5,13,13,05004KT,14,11
2014-05-13 14:00:00.000,2014,5,13,14,15004KT,16,11
2014-05-13 15:00:00.000,2014,5,13,15,15010KT,18,10
2014-05-13 16:00:00.000,2014,5,13,16,13012KT,19,10
2014-05-13 17:00:00.000,2014,5,13,17,13008KT,19,10
2014-05-13 18:00:00.000,2014,5,13,18,12009KT,19,09
2014-05-13 19:00:00.000,2014,5,13,19,09005KT,19,09
2014-05-13 19:30:00.000,2014,5,13,19,08009KT,20,09
2014-05-13 20:00:00.000,2014,5,13,20,11006KT,19,10
2014-05-13 21:00:00.000,2014,5,13,21,03005KT,19,10
2014-05-13 22:00:00.000,2014,5,13,22,05007KT,19,10
2014-05-13 23:00:00.000,2014,5,13,23,04006KT,18,10
2014-05-14 00:00:00.000,2014,5,14,0,29004KT,17,11
2014-05-14 01:00:00.000,2014,5,14,1,VRB02KT,17,12
2014-05-14 02:00:00.000,2014,5,14,2,09006KT,16,11
2014-05-14 03:00:00.000,2014,5,14,3,12006KT,16,10
2014-05-14 04:00:00.000,2014,5,14,4,08004KT,15,11
2014-05-14 05:00:00.000,2014,5,14,5,09006KT,15,11
2014-05-14 06:00:00.000,2014,5,14,6,04005KT,12,11
2014-05-14 07:00:00.000,2014,5,14,7,00000KT,13,11
2014-05-14 08:00:00.000,2014,5,14,8,04003KT,12,10
2014-05-14 09:00:00.000,2014,5,14,9,26005KT,12,10
2014-05-14 10:00:00.000,2014,5,14,10,04006KT,12,10
2014-05-14 11:00:00.000,2014,5,14,11,05006KT,13,11
2014-05-14 12:00:00.000,2014,5,14,12,03005KT,14,11
2014-05-14 13:00:00.000,2014,5,14,13,04006KT,14,11
2014-05-14 14:00:00.000,2014,5,14,14,05008KT,16,10
2014-05-14 15:00:00.000,2014,5,14,15,05009KT,16,09
2014-05-14 16:00:00.000,2014,5,14,16,04009KT,16,09
2014-05-14 16:00:00.000,2014,5,14,16,04009KT,16,09
2014-05-14 17:00:00.000,2014,5,14,17,06007KT,18,09
2014-05-14 18:00:00.000,2014,5,14,18,08004KT,19,08
2014-05-14 19:00:00.000,2014,5,14,19,11010KT,20,09
2014-05-14 20:00:00.000,2014,5,14,20,07008KT,19,08
2014-05-14 21:00:00.000,2014,5,14,21,07008KT,19,08
2014-05-14 22:00:00.000,2014,5,14,22,05007KT,18,08
2014-05-14 23:00:00.000,2014,5,14,23,10007KT,17,09
2014-05-15 00:00:00.000,2014,5,15,0,13008KT,15,10
2014-05-15 01:00:00.000,2014,5,15,1,04005KT,14,09
2014-05-15 02:00:00.000,2014,5,15,2,15007KT,13,10
2014-05-15 03:00:00.000,2014,5,15,3,05003KT,13,09
2014-05-15 04:00:00.000,2014,5,15,4,03003KT,12,10
2014-05-15 05:00:00.000,2014,5,15,5,02004KT,12,10
2014-05-15 09:00:00.000,2014,5,15,9,VRB02KT,10,10
2014-05-15 10:00:00.000,2014,5,15,10,VRB02KT,10,09
2014-05-15 11:00:00.000,2014,5,15,11,00000KT,09,08
2014-05-15 12:00:00.000,2014,5,15,12,04003KT,11,10
2014-05-15 13:00:00.000,2014,5,15,13,01005KT,14,10
2014-05-15 14:00:00.000,2014,5,15,14,03008KT,17,10
2014-05-15 15:00:00.000,2014,5,15,15,36005KT,17,12
2014-05-15 16:00:00.000,2014,5,15,16,36004KT,19,09
2014-05-15 17:00:00.000,2014,5,15,17,24007KT,20,09
2014-05-15 18:00:00.000,2014,5,15,18,26009KT,19,11
2014-05-15 19:00:00.000,2014,5,15,19,32008KT,19,11
2014-05-15 20:00:00.000,2014,5,15,20,25014KT,17,13
2014-05-15 20:19:00.000,2014,5,15,20,24010KT,15,13
2014-05-15 21:00:00.000,2014,5,15,21,VRB02KT,15,14
2014-05-15 22:00:00.000,2014,5,15,22,28008KT,15,13
2014-05-15 23:00:00.000,2014,5,15,23,VRB02KT,15,13
2014-05-16 00:00:00.000,2014,5,16,0,14006KT,14,12
2014-05-16 01:00:00.000,2014,5,16,1,30003KT,13,12
2014-05-16 02:00:00.000,2014,5,16,2,VRB02KT,13,11
2014-05-16 03:00:00.000,2014,5,16,3,VRB02KT,13,11
2014-05-16 04:00:00.000,2014,5,16,4,05006KT,12,10
2014-05-16 05:00:00.000,2014,5,16,5,04006KT,11,10
2014-05-16 06:00:00.000,2014,5,16,6,03006KT,11,10
2014-05-16 07:00:00.000,2014,5,16,7,04003KT,11,10
2014-05-16 08:00:00.000,2014,5,16,8,VRB02KT,10,09
2014-05-16 09:00:00.000,2014,5,16,9,VRB02KT,09,09
2014-05-16 10:00:00.000,2014,5,16,10,00000KT,09,09
2014-05-16 10:30:00.000,2014,5,16,10,00000KT,09,09
2014-05-16 11:00:00.000,2014,5,16,11,VRB02KT,09,08
2014-05-16 12:00:00.000,2014,5,16,12,05004KT,10,09
2014-05-16 13:00:00.000,2014,5,16,13,06003KT,14,11
2014-05-16 14:00:00.000,2014,5,16,14,05005KT,15,11
2014-05-16 15:00:00.000,2014,5,16,15,VRB02KT,16,10
2014-05-16 16:00:00.000,2014,5,16,16,32005KT,17,10
2014-05-16 18:00:00.000,2014,5,16,18,30004KT,18,10
2014-05-16 19:00:00.000,2014,5,16,19,29008KT,16,12
2014-05-16 19:25:00.000,2014,5,16,19,30006KT,16,12
2014-05-16 20:00:00.000,2014,5,16,20,28007KT,15,13
2014-05-16 21:00:00.000,2014,5,16,21,30004KT,16,13
2014-05-16 22:00:00.000,2014,5,16,22,23010KT,16,13
2014-05-16 23:00:00.000,2014,5,16,23,24004KT,16,12
2014-05-17 00:00:00.000,2014,5,17,0,VRB02KT,13,12
2014-05-17 01:00:00.000,2014,5,17,1,34004KT,13,12
2014-05-17 02:00:00.000,2014,5,17,2,VRB02KT,14,11
2014-05-17 03:00:00.000,2014,5,17,3,03003KT,13,11
2014-05-17 04:00:00.000,2014,5,17,4,VRB02KT,11,10
2014-05-17 05:00:00.000,2014,5,17,5,VRB02KT,12,11
2014-05-17 06:00:00.000,2014,5,17,6,27003KT,12,11
2014-05-17 07:00:00.000,2014,5,17,7,03003KT,12,11
2014-05-17 08:00:00.000,2014,5,17,8,VRB02KT,12,11
2014-05-17 09:00:00.000,2014,5,17,9,VRB02KT,12,11
2014-05-17 10:00:00.000,2014,5,17,10,VRB02KT,12,11
2014-05-17 10:30:00.000,2014,5,17,10,00000KT,12,11
2014-05-17 11:00:00.000,2014,5,17,11,VRB02KT,12,11
2014-05-17 12:00:00.000,2014,5,17,12,04005KT,12,11
2014-05-17 13:00:00.000,2014,5,17,13,05004KT,13,11
2014-05-17 14:00:00.000,2014,5,17,14,VRB02KT,15,11
2014-05-17 15:00:00.000,2014,5,17,15,07003KT,17,10
2014-05-17 16:00:00.000,2014,5,17,16,35004KT,18,10
2014-05-17 16:15:00.000,2014,5,17,16,VRB02KT,18,10
2014-05-17 17:00:00.000,2014,5,17,17,18007KT,18,10
2014-05-17 18:00:00.000,2014,5,17,18,24008KT,17,11
2014-05-17 19:00:00.000,2014,5,17,19,24011KT,15,12
2014-05-17 19:30:00.000,2014,5,17,19,33012KT,14,12
2014-05-17 20:00:00.000,2014,5,17,20,33010KT,14,12
2014-05-17 21:00:00.000,2014,5,17,21,31005KT,15,13
2014-05-17 22:00:00.000,2014,5,17,22,33003KT,15,12
2014-05-17 23:00:00.000,2014,5,17,23,VRB02KT,14,12
2014-05-18 00:00:00.000,2014,5,18,0,VRB02KT,13,12
2014-05-18 01:00:00.000,2014,5,18,1,34004KT,13,12
2014-05-18 02:00:00.000,2014,5,18,2,33004KT,12,11
2014-05-18 03:00:00.000,2014,5,18,3,34003KT,12,11
2014-05-18 04:00:00.000,2014,5,18,4,00000KT,12,11
2014-05-18 06:00:00.000,2014,5,18,6,00000KT,12,11
2014-05-18 07:00:00.000,2014,5,18,7,VRB02KT,12,11
2014-05-18 08:00:00.000,2014,5,18,8,VRB02KT,12,11
2014-05-18 09:00:00.000,2014,5,18,9,32003KT,12,11
2014-05-18 10:00:00.000,2014,5,18,10,00000KT,12,11
2014-05-18 10:30:00.000,2014,5,18,10,VRB02KT,12,11
2014-05-18 11:00:00.000,2014,5,18,11,00000KT,11,11
2014-05-18 11:15:00.000,2014,5,18,11,VRB02KT,12,12
2014-05-18 12:00:00.000,2014,5,18,12,03006KT,13,12
2014-05-18 13:00:00.000,2014,5,18,13,06010KT,13,12
2014-05-18 14:00:00.000,2014,5,18,14,07010KT,14,11
2014-05-18 15:00:00.000,2014,5,18,15,09006KT,15,11
2014-05-18 16:00:00.000,2014,5,18,16,08008KT,17,11
2014-05-18 17:00:00.000,2014,5,18,17,04010KT,18,11
2014-05-18 18:00:00.000,2014,5,18,18,07010KT,18,10
2014-05-18 19:00:00.000,2014,5,18,19,15012KT,17,10
2014-05-18 20:00:00.000,2014,5,18,20,18008KT,18,10
2014-05-18 21:00:00.000,2014,5,18,21,05004KT,19,09
2014-05-18 22:00:00.000,2014,5,18,22,10006KT,17,11
2014-05-18 23:00:00.000,2014,5,18,23,07004KT,16,10
2014-05-19 00:00:00.000,2014,5,19,0,03004KT,14,10
2014-05-19 01:00:00.000,2014,5,19,1,03005KT,13,10
2014-05-19 02:00:00.000,2014,5,19,2,VRB02KT,12,10
2014-05-19 03:00:00.000,2014,5,19,3,VRB02KT,12,10
2014-05-19 04:00:00.000,2014,5,19,4,VRB02KT,12,09
2014-05-19 05:00:00.000,2014,5,19,5,VRB02KT,11,10
2014-05-19 06:00:00.000,2014,5,19,6,03004KT,11,09
2014-05-19 07:00:00.000,2014,5,19,7,VRB02KT,09,08
2014-05-19 08:00:00.000,2014,5,19,8,05004KT,09,08
2014-05-19 09:00:00.000,2014,5,19,9,04004KT,09,08
2014-05-19 10:00:00.000,2014,5,19,10,VRB02KT,10,08
2014-05-19 10:30:00.000,2014,5,19,10,05005KT,10,08
2014-05-19 11:00:00.000,2014,5,19,11,05005KT,10,08
2014-05-19 12:00:00.000,2014,5,19,12,05006KT,11,09
2014-05-19 13:00:00.000,2014,5,19,13,06008KT,13,10
2014-05-19 14:00:00.000,2014,5,19,14,05010KT,15,11
2014-05-19 15:00:00.000,2014,5,19,15,15006KT,16,11
2014-05-19 16:00:00.000,2014,5,19,16,14010KT,17,09
2014-05-19 17:00:00.000,2014,5,19,17,14008KT,17,08
2014-05-19 18:00:00.000,2014,5,19,18,15006KT,16,10
2014-05-19 19:00:00.000,2014,5,19,19,15012KT,17,10
2014-05-19 20:00:00.000,2014,5,19,20,16006KT,17,10
2014-05-19 21:00:00.000,2014,5,19,21,08004KT,17,09
2014-05-19 22:00:00.000,2014,5,19,22,13014KT,17,10
2014-05-19 23:00:00.000,2014,5,19,23,15010KT,16,10
2014-05-20 00:00:00.000,2014,5,20,0,13006KT,14,09
2014-05-20 01:00:00.000,2014,5,20,1,03004KT,14,10
2014-05-20 02:00:00.000,2014,5,20,2,06005KT,12,09
2014-05-20 03:00:00.000,2014,5,20,3,09003KT,12,09
2014-05-20 04:00:00.000,2014,5,20,4,VRB02KT,12,10
2014-05-20 05:00:00.000,2014,5,20,5,07003KT,12,09
2014-05-20 06:00:00.000,2014,5,20,6,06005KT,12,09
2014-05-20 07:00:00.000,2014,5,20,7,04005KT,12,10
2014-05-20 08:00:00.000,2014,5,20,8,02005KT,12,10
2014-05-20 09:00:00.000,2014,5,20,9,05004KT,12,10
2014-05-20 10:00:00.000,2014,5,20,10,05004KT,12,10
2014-05-20 10:30:00.000,2014,5,20,10,05005KT,12,10
2014-05-20 11:00:00.000,2014,5,20,11,03006KT,12,10
2014-05-20 12:00:00.000,2014,5,20,12,03006KT,13,10
2014-05-20 13:00:00.000,2014,5,20,13,06008KT,14,09
2014-05-20 14:00:00.000,2014,5,20,14,04010KT,15,09
2014-05-20 15:00:00.000,2014,5,20,15,06007KT,17,08
2014-05-20 16:00:00.000,2014,5,20,16,05009KT,17,08
2014-05-20 17:00:00.000,2014,5,20,17,07007KT,18,06
2014-05-20 18:00:00.000,2014,5,20,18,08005KT,18,08
2014-05-20 19:00:00.000,2014,5,20,19,12007KT,19,06
2014-05-20 20:00:00.000,2014,5,20,20,10007KT,18,04
2014-05-20 21:00:00.000,2014,5,20,21,04010KT,19,06
2014-05-20 22:00:00.000,2014,5,20,22,03011KT,18,05
2014-05-20 23:00:00.000,2014,5,20,23,05007KT,15,04
2014-05-21 00:00:00.000,2014,5,21,0,06006KT,15,06
2014-05-21 01:00:00.000,2014,5,21,1,29004KT,12,09
2014-05-21 02:00:00.000,2014,5,21,2,29003KT,11,09
2014-05-21 03:00:00.000,2014,5,21,3,35004KT,11,09
2014-05-21 04:00:00.000,2014,5,21,4,VRB02KT,09,08
2014-05-21 05:00:00.000,2014,5,21,5,32003KT,08,08
2014-05-21 06:00:00.000,2014,5,21,6,32003KT,07,07
2014-05-21 07:00:00.000,2014,5,21,7,33003KT,07,07
2014-05-21 09:00:00.000,2014,5,21,9,31003KT,05,04
2014-05-21 10:00:00.000,2014,5,21,10,VRB02KT,05,04
2014-05-21 10:40:00.000,2014,5,21,10,02003KT,04,04
2014-05-21 11:30:00.000,2014,5,21,11,VRB02KT,06,06
2014-05-21 12:00:00.000,2014,5,21,12,VRB02KT,07,07
2014-05-21 13:00:00.000,2014,5,21,13,03004KT,12,08
2014-05-21 14:00:00.000,2014,5,21,14,VRB02KT,15,08
2014-05-21 15:00:00.000,2014,5,21,15,05003KT,17,08
2014-05-21 16:00:00.000,2014,5,21,16,36005KT,19,08
2014-05-21 17:00:00.000,2014,5,21,17,VRB02KT,20,08
2014-05-21 18:00:00.000,2014,5,21,18,25010KT,18,11
2014-05-21 19:00:00.000,2014,5,21,19,26010KT,17,12
2014-05-21 20:00:00.000,2014,5,21,20,26013KT,18,12
2014-05-21 21:00:00.000,2014,5,21,21,30012KT,18,12
2014-05-21 22:00:00.000,2014,5,21,22,32010KT,16,12
2014-05-21 23:00:00.000,2014,5,21,23,31012KT,16,12
2014-05-22 00:00:00.000,2014,5,22,0,VRB02KT,15,12
2014-05-22 00:12:00.000,2014,5,22,0,34004KT,14,12
2014-05-22 01:00:00.000,2014,5,22,1,05005KT,13,11
2014-05-22 02:00:00.000,2014,5,22,2,03003KT,12,11
2014-05-22 03:00:00.000,2014,5,22,3,VRB02KT,12,11
2014-05-22 04:00:00.000,2014,5,22,4,VRB02KT,12,11
2014-05-22 05:00:00.000,2014,5,22,5,VRB02KT,12,12
2014-05-22 06:00:00.000,2014,5,22,6,VRB02KT,12,11
2014-05-22 09:00:00.000,2014,5,22,9,VRB02KT,12,12
2014-05-22 10:00:00.000,2014,5,22,10,00000KT,12,11
2014-05-22 10:30:00.000,2014,5,22,10,VRB02KT,11,11
2014-05-22 11:00:00.000,2014,5,22,11,VRB02KT,11,11
2014-05-22 12:00:00.000,2014,5,22,12,26006KT,12,12
2014-05-22 13:00:00.000,2014,5,22,13,00000KT,13,12
2014-05-22 14:00:00.000,2014,5,22,14,08005KT,15,13
2014-05-22 15:00:00.000,2014,5,22,15,08005KT,18,11
2014-05-22 16:00:00.000,2014,5,22,16,09007KT,20,10
2014-05-22 17:00:00.000,2014,5,22,17,10010KT,20,11
2014-05-22 18:00:00.000,2014,5,22,18,07016KT,21,11
2014-05-22 19:00:00.000,2014,5,22,19,08008KT,22,09
2014-05-22 20:00:00.000,2014,5,22,20,13008KT,23,08
2014-05-22 21:00:00.000,2014,5,22,21,VRB02KT,21,11
2014-05-22 22:00:00.000,2014,5,22,22,VRB02KT,20,10
2014-05-22 23:00:00.000,2014,5,22,23,09006KT,19,11
2014-05-23 00:00:00.000,2014,5,23,0,00000KT,17,12
2014-05-23 01:00:00.000,2014,5,23,1,24003KT,16,13
2014-05-23 02:00:00.000,2014,5,23,2,29005KT,15,12
2014-05-23 03:00:00.000,2014,5,23,3,27012KT,14,09
2014-05-23 04:00:00.000,2014,5,23,4,23005KT,13,10
2014-05-23 04:10:00.000,2014,5,23,4,17008KT,14,10
2014-05-23 05:00:00.000,2014,5,23,5,18008KT,12,11
2014-05-23 06:00:00.000,2014,5,23,6,18004KT,13,11
2014-05-23 07:00:00.000,2014,5,23,7,VRB02KT,12,10
2014-05-23 08:00:00.000,2014,5,23,8,VRB02KT,10,10
2014-05-23 09:00:00.000,2014,5,23,9,00000KT,10,10
2014-05-23 10:00:00.000,2014,5,23,10,00000KT,09,09
2014-05-23 10:30:00.000,2014,5,23,10,00000KT,10,09
2014-05-23 11:00:00.000,2014,5,23,11,05004KT,10,10
2014-05-23 12:00:00.000,2014,5,23,12,06004KT,12,11
2014-05-23 13:00:00.000,2014,5,23,13,06010KT,16,12
2014-05-23 14:00:00.000,2014,5,23,14,05006KT,17,12
2014-05-23 15:00:00.000,2014,5,23,15,26006KT,18,10
2014-05-23 16:00:00.000,2014,5,23,16,28006KT,19,10
2014-05-23 17:00:00.000,2014,5,23,17,30003KT,19,11
2014-05-23 18:00:00.000,2014,5,23,18,25009KT,17,11
2014-05-23 19:00:00.000,2014,5,23,19,27005KT,18,13
2014-05-23 20:00:00.000,2014,5,23,20,28009KT,19,13
2014-05-23 20:12:00.000,2014,5,23,20,24013KT,18,12
2014-05-23 20:18:00.000,2014,5,23,20,23016KT,17,13
2014-05-23 20:23:00.000,2014,5,23,20,23012KT,16,13
2014-05-23 20:30:00.000,2014,5,23,20,23008KT,15,12
2014-05-23 21:00:00.000,2014,5,23,21,26008KT,15,13
2014-05-23 21:30:00.000,2014,5,23,21,05003KT,14,13
2014-05-23 22:00:00.000,2014,5,23,22,00000KT,14,13
2014-05-23 23:00:00.000,2014,5,23,23,31003KT,14,13
2014-05-24 00:00:00.000,2014,5,24,0,VRB02KT,13,12
2014-05-24 01:00:00.000,2014,5,24,1,VRB02KT,13,12
2014-05-24 02:00:00.000,2014,5,24,2,VRB02KT,13,12
2014-05-24 03:00:00.000,2014,5,24,3,VRB02KT,12,11
2014-05-24 04:00:00.000,2014,5,24,4,03003KT,12,10
2014-05-24 05:00:00.000,2014,5,24,5,VRB02KT,12,10
2014-05-24 06:00:00.000,2014,5,24,6,35004KT,11,10
2014-05-24 07:00:00.000,2014,5,24,7,VRB02KT,11,10
2014-05-24 08:00:00.000,2014,5,24,8,VRB02KT,10,09
2014-05-24 09:00:00.000,2014,5,24,9,VRB02KT,10,09
2014-05-24 10:00:00.000,2014,5,24,10,VRB02KT,10,09
2014-05-24 10:30:00.000,2014,5,24,10,VRB02KT,08,07
2014-05-24 11:00:00.000,2014,5,24,11,05004KT,09,08
2014-05-24 11:45:00.000,2014,5,24,11,05006KT,12,10
2014-05-24 12:00:00.000,2014,5,24,12,04005KT,12,10
2014-05-24 13:00:00.000,2014,5,24,13,05006KT,14,09
2014-05-24 14:00:00.000,2014,5,24,14,09006KT,16,07
2014-05-24 15:00:00.000,2014,5,24,15,07006KT,18,05
2014-05-24 16:00:00.000,2014,5,24,16,12008KT,20,05
2014-05-24 17:00:00.000,2014,5,24,17,12012KT,21,07
2014-05-24 18:00:00.000,2014,5,24,18,12008KT,21,07
2014-05-24 19:00:00.000,2014,5,24,19,08010KT,21,05
2014-05-24 20:00:00.000,2014,5,24,20,12009KT,22,06
2014-05-24 21:00:00.000,2014,5,24,21,09007KT,21,04
2014-05-24 22:00:00.000,2014,5,24,22,09006KT,21,03
2014-05-24 22:20:00.000,2014,5,24,22,30012KT,17,11
2014-05-24 23:00:00.000,2014,5,24,23,28008KT,16,10
2014-05-25 00:00:00.000,2014,5,25,0,30005KT,13,10
2014-05-25 01:00:00.000,2014,5,25,1,VRB02KT,12,09
2014-05-25 02:00:00.000,2014,5,25,2,VRB02KT,12,09
2014-05-25 03:00:00.000,2014,5,25,3,02005KT,12,09
2014-05-25 04:00:00.000,2014,5,25,4,03005KT,11,08
2014-05-25 05:00:00.000,2014,5,25,5,03004KT,09,07
2014-05-25 06:00:00.000,2014,5,25,6,00000KT,08,06
2014-05-25 07:00:00.000,2014,5,25,7,28003KT,07,06
2014-05-25 08:00:00.000,2014,5,25,8,VRB02KT,06,05
2014-05-25 09:00:00.000,2014,5,25,9,29003KT,05,05
2014-05-25 10:00:00.000,2014,5,25,10,04004KT,06,05
2014-05-25 10:30:00.000,2014,5,25,10,VRB02KT,05,05
2014-05-25 11:00:00.000,2014,5,25,11,33003KT,05,05
2014-05-25 11:30:00.000,2014,5,25,11,06008KT,08,07
2014-05-25 12:00:00.000,2014,5,25,12,04007KT,09,08
2014-05-25 12:35:00.000,2014,5,25,12,05007KT,12,08
2014-05-25 13:00:00.000,2014,5,25,13,01005KT,13,08
2014-05-25 14:00:00.000,2014,5,25,14,36007KT,15,08
2014-05-25 14:30:00.000,2014,5,25,14,VRB02KT,17,06
2014-05-25 15:00:00.000,2014,5,25,15,08008KT,18,06
2014-05-25 16:00:00.000,2014,5,25,16,13010KT,18,06
2014-05-25 17:00:00.000,2014,5,25,17,11011KT,19,07
2014-05-25 18:00:00.000,2014,5,25,18,14008KT,19,06
2014-05-25 19:00:00.000,2014,5,25,19,14012KT,20,06
2014-05-25 20:00:00.000,2014,5,25,20,14012KT,20,07
2014-05-25 21:00:00.000,2014,5,25,21,12006KT,21,05
2014-05-25 22:00:00.000,2014,5,25,22,32005KT,18,10
2014-05-25 23:00:00.000,2014,5,25,23,31003KT,15,11
2014-05-26 00:00:00.000,2014,5,26,0,VRB02KT,13,10
2014-05-26 01:00:00.000,2014,5,26,1,33003KT,12,09
2014-05-26 02:00:00.000,2014,5,26,2,02003KT,12,09
2014-05-26 03:00:00.000,2014,5,26,3,31004KT,11,08
2014-05-26 04:00:00.000,2014,5,26,4,05005KT,12,09
2014-05-26 05:00:00.000,2014,5,26,5,05005KT,11,08
2014-05-26 06:00:00.000,2014,5,26,6,34003KT,09,07
2014-05-26 07:00:00.000,2014,5,26,7,06004KT,10,08
2014-05-26 08:00:00.000,2014,5,26,8,06005KT,08,07
2014-05-26 09:00:00.000,2014,5,26,9,06004KT,08,07
2014-05-26 10:00:00.000,2014,5,26,10,05005KT,08,06
2014-05-26 10:30:00.000,2014,5,26,10,28006KT,07,06
2014-05-26 11:00:00.000,2014,5,26,11,06003KT,08,07
2014-05-26 12:00:00.000,2014,5,26,12,VRB02KT,10,08
2014-05-26 13:00:00.000,2014,5,26,13,07007KT,13,10
2014-05-26 14:00:00.000,2014,5,26,14,08005KT,15,10
2014-05-26 15:00:00.000,2014,5,26,15,05006KT,17,09
2014-05-26 16:00:00.000,2014,5,26,16,05012KT,17,09
2014-05-26 17:00:00.000,2014,5,26,17,09007KT,17,08
2014-05-26 18:00:00.000,2014,5,26,18,09008KT,17,08
2014-05-26 19:00:00.000,2014,5,26,19,12014KT,18,08
2014-05-26 20:00:00.000,2014,5,26,20,13006KT,19,08
2014-05-26 21:00:00.000,2014,5,26,21,05005KT,19,08
2014-05-26 22:00:00.000,2014,5,26,22,01005KT,19,07
2014-05-26 23:00:00.000,2014,5,26,23,23008KT,15,12
2014-05-27 00:00:00.000,2014,5,27,0,VRB02KT,15,12
2014-05-27 01:00:00.000,2014,5,27,1,10003KT,17,09
2014-05-27 02:00:00.000,2014,5,27,2,03006KT,14,08
2014-05-27 03:00:00.000,2014,5,27,3,35004KT,13,09
2014-05-27 04:00:00.000,2014,5,27,4,03005KT,12,08
2014-05-27 05:00:00.000,2014,5,27,5,VRB02KT,11,08
2014-05-27 06:00:00.000,2014,5,27,6,03003KT,11,08
2014-05-27 07:00:00.000,2014,5,27,7,13004KT,12,10
2014-05-27 08:00:00.000,2014,5,27,8,00000KT,11,10
2014-05-27 09:00:00.000,2014,5,27,9,00000KT,10,09
2014-05-27 10:00:00.000,2014,5,27,10,04003KT,10,09
2014-05-27 10:30:00.000,2014,5,27,10,04004KT,10,09
2014-05-27 11:00:00.000,2014,5,27,11,03003KT,11,10
2014-05-27 12:00:00.000,2014,5,27,12,04006KT,12,11
2014-05-27 13:00:00.000,2014,5,27,13,05006KT,14,11
2014-05-27 14:00:00.000,2014,5,27,14,09004KT,16,11
2014-05-27 15:00:00.000,2014,5,27,15,05010KT,15,11
2014-05-27 15:05:00.000,2014,5,27,15,06008KT,15,11
2014-05-27 15:20:00.000,2014,5,27,15,04008KT,15,11
2014-05-27 16:00:00.000,2014,5,27,16,13010KT,17,10
2014-05-27 17:00:00.000,2014,5,27,17,14010KT,16,09
2014-05-27 18:00:00.000,2014,5,27,18,13005KT,14,09
2014-05-27 19:00:00.000,2014,5,27,19,11010KT,20,10
2014-05-27 20:00:00.000,2014,5,27,20,VRB02KT,14,11
2014-05-27 21:00:00.000,2014,5,27,21,13004KT,15,10
2014-05-27 22:00:00.000,2014,5,27,22,07009KT,15,12
2014-05-27 23:00:00.000,2014,5,27,23,05006KT,14,11
2014-05-28 00:00:00.000,2014,5,28,0,06004KT,14,10
2014-05-28 01:00:00.000,2014,5,28,1,VRB02KT,13,10
2014-05-28 02:00:00.000,2014,5,28,2,VRB02KT,12,10
2014-05-28 03:00:00.000,2014,5,28,3,VRB02KT,11,10
2014-05-28 04:00:00.000,2014,5,28,4,03004KT,10,10
2014-05-28 05:00:00.000,2014,5,28,5,04004KT,10,09
2014-05-28 06:00:00.000,2014,5,28,6,VRB02KT,10,09
2014-05-28 07:00:00.000,2014,5,28,7,VRB02KT,09,08
2014-05-28 08:00:00.000,2014,5,28,8,04005KT,10,08
2014-05-28 09:00:00.000,2014,5,28,9,03004KT,10,09
2014-05-28 10:00:00.000,2014,5,28,10,06005KT,10,09
2014-05-28 11:00:00.000,2014,5,28,11,04006KT,10,09
2014-05-28 12:00:00.000,2014,5,28,12,02006KT,11,09
2014-05-28 13:00:00.000,2014,5,28,13,05004KT,14,10
2014-05-28 14:00:00.000,2014,5,28,14,04005KT,15,10
2014-05-28 15:00:00.000,2014,5,28,15,36003KT,16,10
2014-05-28 16:00:00.000,2014,5,28,16,21003KT,17,10
2014-05-28 17:00:00.000,2014,5,28,17,11007KT,19,10
2014-05-28 18:00:00.000,2014,5,28,18,09008KT,20,10
2014-05-28 19:00:00.000,2014,5,28,19,05010KT,18,11
2014-05-28 20:00:00.000,2014,5,28,20,03008KT,17,11
2014-05-28 21:00:00.000,2014,5,28,21,30008KT,17,13
2014-05-28 22:00:00.000,2014,5,28,22,28006KT,16,12
2014-05-28 23:00:00.000,2014,5,28,23,22006KT,15,13
2014-05-29 00:00:00.000,2014,5,29,0,VRB02KT,14,12
2014-05-29 01:00:00.000,2014,5,29,1,10004KT,14,11
2014-05-29 02:00:00.000,2014,5,29,2,11004KT,14,11
2014-05-29 03:00:00.000,2014,5,29,3,VRB02KT,14,10
2014-05-29 04:00:00.000,2014,5,29,4,03005KT,14,10
2014-05-29 05:00:00.000,2014,5,29,5,05005KT,13,10
2014-05-29 06:00:00.000,2014,5,29,6,03006KT,13,10
2014-05-29 07:00:00.000,2014,5,29,7,03003KT,12,10
2014-05-29 08:00:00.000,2014,5,29,8,08003KT,12,10
2014-05-29 09:00:00.000,2014,5,29,9,VRB02KT,10,10
2014-05-29 10:00:00.000,2014,5,29,10,VRB02KT,11,10
2014-05-29 10:30:00.000,2014,5,29,10,02003KT,11,10
2014-05-29 11:00:00.000,2014,5,29,11,05003KT,11,10
2014-05-29 12:00:00.000,2014,5,29,12,00000KT,14,10
2014-05-29 13:00:00.000,2014,5,29,13,30005KT,15,10
2014-05-29 14:00:00.000,2014,5,29,14,02006KT,15,08
2014-05-29 15:00:00.000,2014,5,29,15,33003KT,15,10
2014-05-29 16:00:00.000,2014,5,29,16,14003KT,17,09
2014-05-29 17:00:00.000,2014,5,29,17,05007KT,18,10
2014-05-29 17:30:00.000,2014,5,29,17,VRB02KT,18,09
2014-05-29 18:00:00.000,2014,5,29,18,VRB02KT,17,09
2014-05-29 19:00:00.000,2014,5,29,19,VRB02KT,18,08
2014-05-29 20:00:00.000,2014,5,29,20,04008KT,18,09
2014-05-29 21:00:00.000,2014,5,29,21,29009KT,17,12
2014-05-29 22:00:00.000,2014,5,29,22,25005KT,15,12
2014-05-29 23:00:00.000,2014,5,29,23,26005KT,15,12
2014-05-30 00:00:00.000,2014,5,30,0,VRB02KT,14,12
2014-05-30 01:00:00.000,2014,5,30,1,VRB02KT,13,12
2014-05-30 02:00:00.000,2014,5,30,2,VRB02KT,13,11
2014-05-30 03:00:00.000,2014,5,30,3,VRB02KT,13,11
2014-05-30 04:00:00.000,2014,5,30,4,05003KT,12,11
2014-05-30 05:00:00.000,2014,5,30,5,33005KT,11,10
2014-05-30 06:00:00.000,2014,5,30,6,06003KT,11,10
2014-05-30 07:00:00.000,2014,5,30,7,35005KT,11,10
2014-05-30 08:00:00.000,2014,5,30,8,VRB02KT,11,10
2014-05-30 09:00:00.000,2014,5,30,9,28003KT,11,10
2014-05-30 10:00:00.000,2014,5,30,10,06003KT,09,09
2014-05-30 10:30:00.000,2014,5,30,10,00000KT,09,09
2014-05-30 11:00:00.000,2014,5,30,11,VRB02KT,09,08
2014-05-30 12:00:00.000,2014,5,30,12,VRB02KT,11,09
2014-05-30 13:00:00.000,2014,5,30,13,VRB02KT,12,10
2014-05-30 14:00:00.000,2014,5,30,14,06006KT,16,10
2014-05-30 15:00:00.000,2014,5,30,15,VRB02KT,18,11
2014-05-30 16:00:00.000,2014,5,30,16,07008KT,19,10
2014-05-30 17:00:00.000,2014,5,30,17,11006KT,20,08
2014-05-30 18:00:00.000,2014,5,30,18,13006KT,20,08
2014-05-30 19:00:00.000,2014,5,30,19,25007KT,18,12
2014-05-30 20:00:00.000,2014,5,30,20,09007KT,17,12
2014-05-30 21:00:00.000,2014,5,30,21,03005KT,18,10
2014-05-30 22:00:00.000,2014,5,30,22,21008KT,16,13
2014-05-30 23:00:00.000,2014,5,30,23,05007KT,15,13
2014-05-31 00:00:00.000,2014,5,31,0,13005KT,14,11
2014-05-31 01:00:00.000,2014,5,31,1,13004KT,13,11
2014-05-31 02:00:00.000,2014,5,31,2,03003KT,13,11
2014-05-31 03:00:00.000,2014,5,31,3,06003KT,13,12
2014-05-31 04:00:00.000,2014,5,31,4,04006KT,13,11
2014-05-31 05:00:00.000,2014,5,31,5,04005KT,13,11
2014-05-31 06:00:00.000,2014,5,31,6,VRB02KT,13,11
2014-05-31 07:00:00.000,2014,5,31,7,VRB02KT,12,11
2014-05-31 08:00:00.000,2014,5,31,8,VRB02KT,12,11
2014-05-31 09:00:00.000,2014,5,31,9,VRB02KT,12,11
2014-05-31 10:00:00.000,2014,5,31,10,04004KT,12,11
2014-05-31 10:30:00.000,2014,5,31,10,06005KT,12,10
2014-05-31 11:00:00.000,2014,5,31,11,06003KT,12,10
2014-05-31 12:00:00.000,2014,5,31,12,03006KT,13,11
2014-05-31 13:00:00.000,2014,5,31,13,03006KT,14,11
2014-05-31 14:00:00.000,2014,5,31,14,06005KT,15,10
2014-05-31 15:00:00.000,2014,5,31,15,09005KT,17,09
2014-05-31 16:00:00.000,2014,5,31,16,11010KT,17,08
2014-05-31 16:30:00.000,2014,5,31,16,13009KT,19,09
2014-05-31 17:00:00.000,2014,5,31,17,12009KT,18,19
2014-05-31 18:00:00.000,2014,5,31,18,14013KT,19,09
2014-05-31 19:00:00.000,2014,5,31,19,07006KT,18,09
2014-05-31 20:00:00.000,2014,5,31,20,16003KT,18,10
2014-05-31 21:00:00.000,2014,5,31,21,15009KT,18,09
2014-05-31 22:00:00.000,2014,5,31,22,14009KT,18,08
2014-05-31 23:00:00.000,2014,5,31,23,10004KT,17,07
2014-06-01 00:00:00.000,2014,6,1,0,14007KT,16,09
2014-06-01 01:00:00.000,2014,6,1,1,VRB02KT,14,09
2014-06-01 02:00:00.000,2014,6,1,2,VRB02KT,13,09
2014-06-01 03:00:00.000,2014,6,1,3,04006KT,12,09
2014-06-01 04:00:00.000,2014,6,1,4,06004KT,12,10
2014-06-01 05:00:00.000,2014,6,1,5,VRB02KT,12,09
2014-06-01 06:00:00.000,2014,6,1,6,VRB02KT,13,10
2014-06-01 07:00:00.000,2014,6,1,7,04003KT,11,09
2014-06-01 08:00:00.000,2014,6,1,8,04004KT,12,10
2014-06-01 09:00:00.000,2014,6,1,9,05005KT,12,10
2014-06-01 10:00:00.000,2014,6,1,10,04005KT,12,11
2014-06-01 10:30:00.000,2014,6,1,10,06006KT,12,11
2014-06-01 11:00:00.000,2014,6,1,11,07005KT,12,11
2014-06-01 11:30:00.000,2014,6,1,11,07006KT,14,11
2014-06-01 12:00:00.000,2014,6,1,12,07008KT,15,10
2014-06-01 13:00:00.000,2014,6,1,13,09010KT,16,08
2014-06-01 14:00:00.000,2014,6,1,14,14010KT,18,08
2014-06-01 15:00:00.000,2014,6,1,15,15012KT,17,09
2014-06-01 16:00:00.000,2014,6,1,16,19012KT,17,09
2014-06-01 17:00:00.000,2014,6,1,17,15012KT,17,09
2014-06-01 18:00:00.000,2014,6,1,18,10009KT,19,09
2014-06-01 19:00:00.000,2014,6,1,19,09008KT,18,10
2014-06-01 20:00:00.000,2014,6,1,20,04008KT,18,09
2014-06-01 21:00:00.000,2014,6,1,21,04010KT,17,09
2014-06-01 22:00:00.000,2014,6,1,22,04009KT,17,09
2014-06-01 23:00:00.000,2014,6,1,23,09006KT,17,08
2014-06-02 00:00:00.000,2014,6,2,0,04006KT,15,10
2014-06-02 01:00:00.000,2014,6,2,1,05005KT,15,10
2014-06-02 02:00:00.000,2014,6,2,2,04006KT,15,10
2014-06-02 03:00:00.000,2014,6,2,3,07003KT,15,10
2014-06-02 04:00:00.000,2014,6,2,4,10003KT,14,10
2014-06-02 05:00:00.000,2014,6,2,5,05003KT,14,10
2014-06-02 06:00:00.000,2014,6,2,6,28005KT,13,10
2014-06-02 07:00:00.000,2014,6,2,7,VRB02KT,12,11
2014-06-02 08:00:00.000,2014,6,2,8,00000KT,12,11
2014-06-02 09:00:00.000,2014,6,2,9,02003KT,12,11
2014-06-02 10:00:00.000,2014,6,2,10,03006KT,12,11
2014-06-02 10:30:00.000,2014,6,2,10,03004KT,12,11
2014-06-02 11:00:00.000,2014,6,2,11,36003KT,12,11
2014-06-02 12:00:00.000,2014,6,2,12,VRB02KT,12,11
2014-06-02 13:00:00.000,2014,6,2,13,VRB02KT,15,11
2014-06-02 14:00:00.000,2014,6,2,14,10007KT,17,10
2014-06-02 15:00:00.000,2014,6,2,15,10008KT,18,10
2014-06-02 16:00:00.000,2014,6,2,16,06008KT,17,11
2014-06-02 17:00:00.000,2014,6,2,17,04012KT,17,12
2014-06-02 18:00:00.000,2014,6,2,18,05006KT,17,11
2014-06-02 19:00:00.000,2014,6,2,19,02005KT,18,12
2014-06-02 20:00:00.000,2014,6,2,20,03008KT,19,12
2014-06-02 21:00:00.000,2014,6,2,21,07008KT,20,11
2014-06-02 22:00:00.000,2014,6,2,22,13010KT,17,10
2014-06-02 23:00:00.000,2014,6,2,23,08008KT,16,10
2014-06-03 00:00:00.000,2014,6,3,0,VRB02KT,14,10
2014-06-03 01:00:00.000,2014,6,3,1,02003KT,13,10
2014-06-03 02:00:00.000,2014,6,3,2,03004KT,12,09
2014-06-03 03:00:00.000,2014,6,3,3,VRB02KT,11,09
2014-06-03 04:00:00.000,2014,6,3,4,04005KT,11,09
2014-06-03 05:00:00.000,2014,6,3,5,02004KT,12,10
2014-06-03 06:00:00.000,2014,6,3,6,VRB02KT,11,09
2014-06-03 07:00:00.000,2014,6,3,7,VRB02KT,10,08
2014-06-03 08:00:00.000,2014,6,3,8,VRB02KT,10,09
2014-06-03 09:00:00.000,2014,6,3,9,34003KT,09,08
2014-06-03 10:00:00.000,2014,6,3,10,02004KT,07,06
2014-06-03 10:30:00.000,2014,6,3,10,VRB02KT,08,07
2014-06-03 11:00:00.000,2014,6,3,11,VRB02KT,08,07
2014-06-03 12:00:00.000,2014,6,3,12,02004KT,12,10
2014-06-03 13:00:00.000,2014,6,3,13,09006KT,15,11
2014-06-03 14:00:00.000,2014,6,3,14,18004KT,17,10
2014-06-03 15:00:00.000,2014,6,3,15,20010KT,18,10
2014-06-03 16:00:00.000,2014,6,3,16,12006KT,19,09
2014-06-03 17:00:00.000,2014,6,3,17,16006KT,19,08
2014-06-03 18:00:00.000,2014,6,3,18,10005KT,19,08
2014-06-03 19:00:00.000,2014,6,3,19,09004KT,19,09
2014-06-03 20:00:00.000,2014,6,3,20,22005KT,19,12
2014-06-03 21:00:00.000,2014,6,3,21,24006KT,19,10
2014-06-03 22:00:00.000,2014,6,3,22,25007KT,18,11
2014-06-03 23:00:00.000,2014,6,3,23,30008KT,16,13
2014-06-04 00:00:00.000,2014,6,4,0,30003KT,15,13
2014-06-04 01:00:00.000,2014,6,4,1,27003KT,15,13
2014-06-04 02:00:00.000,2014,6,4,2,32003KT,14,11
2014-06-04 03:00:00.000,2014,6,4,3,VRB02KT,14,12
2014-06-04 04:00:00.000,2014,6,4,4,32003KT,14,11
2014-06-04 05:00:00.000,2014,6,4,5,30005KT,13,11
2014-06-04 06:00:00.000,2014,6,4,6,31003KT,12,10
2014-06-04 07:00:00.000,2014,6,4,7,VRB02KT,12,10
2014-06-04 08:00:00.000,2014,6,4,8,05004KT,13,11
2014-06-04 09:00:00.000,2014,6,4,9,03005KT,12,10
2014-06-04 10:00:00.000,2014,6,4,10,09003KT,12,10
2014-06-04 11:00:00.000,2014,6,4,11,01005KT,11,10
2014-06-04 12:00:00.000,2014,6,4,12,01006KT,12,11
2014-06-04 13:00:00.000,2014,6,4,13,02003KT,14,11
2014-06-04 14:00:00.000,2014,6,4,14,03004KT,16,11
2014-06-04 15:00:00.000,2014,6,4,15,12010KT,19,09
2014-06-04 16:00:00.000,2014,6,4,16,09012KT,18,09
2014-06-04 17:00:00.000,2014,6,4,17,09006KT,18,09
2014-06-04 18:00:00.000,2014,6,4,18,14008KT,18,08
2014-06-04 19:00:00.000,2014,6,4,19,13010KT,19,09
2014-06-04 20:00:00.000,2014,6,4,20,12007KT,19,09
2014-06-04 21:00:00.000,2014,6,4,21,16012KT,18,08
2014-06-04 22:00:00.000,2014,6,4,22,16012KT,18,08
2014-06-04 23:00:00.000,2014,6,4,23,09006KT,17,09
2014-06-05 00:00:00.000,2014,6,5,0,06010KT,15,10
2014-06-05 01:00:00.000,2014,6,5,1,05004KT,13,10
2014-06-05 02:00:00.000,2014,6,5,2,06006KT,13,10
2014-06-05 03:00:00.000,2014,6,5,3,05005KT,14,10
2014-06-05 04:00:00.000,2014,6,5,4,04006KT,14,10
2014-06-05 05:00:00.000,2014,6,5,5,02006KT,13,10
2014-06-05 06:00:00.000,2014,6,5,6,05004KT,13,10
2014-06-05 07:00:00.000,2014,6,5,7,01004KT,12,10
2014-06-05 08:00:00.000,2014,6,5,8,03004KT,11,10
2014-06-05 09:00:00.000,2014,6,5,9,06003KT,12,10
2014-06-05 10:00:00.000,2014,6,5,10,VRB02KT,10,09
2014-06-05 10:30:00.000,2014,6,5,10,03004KT,12,09
2014-06-05 11:00:00.000,2014,6,5,11,03005KT,11,09
2014-06-05 12:00:00.000,2014,6,5,12,04005KT,13,10
2014-06-05 13:00:00.000,2014,6,5,13,07007KT,15,10
2014-06-05 14:00:00.000,2014,6,5,14,08006KT,16,10
2014-06-05 15:00:00.000,2014,6,5,15,VRB02KT,17,09
2014-06-05 16:00:00.000,2014,6,5,16,24004KT,18,10
2014-06-05 17:00:00.000,2014,6,5,17,17012KT,18,08
2014-06-05 18:00:00.000,2014,6,5,18,14012KT,19,09
2014-06-05 19:00:00.000,2014,6,5,19,14010KT,20,09
2014-06-05 20:00:00.000,2014,6,5,20,16016KT,19,10
2014-06-05 21:00:00.000,2014,6,5,21,11006KT,18,10
2014-06-05 22:00:00.000,2014,6,5,22,29004KT,17,12
2014-06-05 23:00:00.000,2014,6,5,23,07006KT,16,11
2014-06-06 00:00:00.000,2014,6,6,0,05004KT,15,11
2014-06-06 01:00:00.000,2014,6,6,1,03006KT,14,11
2014-06-06 02:00:00.000,2014,6,6,2,04005KT,14,10
2014-06-06 03:00:00.000,2014,6,6,3,05005KT,13,10
2014-06-06 04:00:00.000,2014,6,6,4,05005KT,12,10
2014-06-06 05:00:00.000,2014,6,6,5,02004KT,12,10
2014-06-06 06:00:00.000,2014,6,6,6,04003KT,12,10
2014-06-06 07:00:00.000,2014,6,6,7,05005KT,11,09
2014-06-06 08:00:00.000,2014,6,6,8,06006KT,11,09
2014-06-06 09:00:00.000,2014,6,6,9,VRB02KT,11,10
2014-06-06 10:00:00.000,2014,6,6,10,VRB02KT,11,10
2014-06-06 10:30:00.000,2014,6,6,10,01003KT,11,10
2014-06-06 11:00:00.000,2014,6,6,11,VRB02KT,12,10
2014-06-06 12:00:00.000,2014,6,6,12,04005KT,13,11
2014-06-06 13:00:00.000,2014,6,6,13,04006KT,14,10
2014-06-06 14:00:00.000,2014,6,6,14,02005KT,15,11
2014-06-06 14:20:00.000,2014,6,6,14,08005KT,15,10
2014-06-06 15:00:00.000,2014,6,6,15,04006KT,15,11
2014-06-06 16:00:00.000,2014,6,6,16,05010KT,15,11
2014-06-06 17:00:00.000,2014,6,6,17,07004KT,17,11
2014-06-06 18:00:00.000,2014,6,6,18,13007KT,18,09
2014-06-06 19:00:00.000,2014,6,6,19,10008KT,18,09
2014-06-06 20:00:00.000,2014,6,6,20,07004KT,17,10
2014-06-06 21:00:00.000,2014,6,6,21,20004KT,17,10
2014-06-06 22:00:00.000,2014,6,6,22,04004KT,15,11
2014-06-07 16:00:00.000,2014,6,7,16,07008KT,16,11
2014-06-07 17:00:00.000,2014,6,7,17,03010KT,15,11
2014-06-07 17:20:00.000,2014,6,7,17,06006KT,15,12
2014-06-07 18:00:00.000,2014,6,7,18,12005KT,15,12
2014-06-07 19:00:00.000,2014,6,7,19,05006KT,17,13
2014-06-07 20:00:00.000,2014,6,7,20,06008KT,14,12
2014-06-07 20:25:00.000,2014,6,7,20,05008KT,15,12
2014-06-07 21:00:00.000,2014,6,7,21,06008KT,15,12
2014-06-07 22:00:00.000,2014,6,7,22,04006KT,15,12
2014-06-07 23:00:00.000,2014,6,7,23,06006KT,14,12
2014-06-08 00:35:00.000,2014,6,8,0,09007KT,14,11
2014-06-08 01:00:00.000,2014,6,8,1,09006KT,14,11
2014-06-08 02:00:00.000,2014,6,8,2,04008KT,13,10
2014-06-08 03:00:00.000,2014,6,8,3,07005KT,13,10
2014-06-08 04:00:00.000,2014,6,8,4,08005KT,13,09
2014-06-08 05:00:00.000,2014,6,8,5,VRB02KT,13,09
2014-06-08 06:00:00.000,2014,6,8,6,VRB02KT,11,09
2014-06-08 07:00:00.000,2014,6,8,7,04006KT,12,09
2014-06-08 08:00:00.000,2014,6,8,8,03008KT,11,09
2014-06-08 09:00:00.000,2014,6,8,9,03005KT,11,09
2014-06-08 10:00:00.000,2014,6,8,10,00000KT,12,10
2014-06-08 10:30:00.000,2014,6,8,10,03004KT,12,10
2014-06-08 11:00:00.000,2014,6,8,11,04004KT,12,10
2014-06-08 12:00:00.000,2014,6,8,12,05006KT,12,10
2014-06-08 13:00:00.000,2014,6,8,13,05006KT,14,10
2014-06-08 14:00:00.000,2014,6,8,14,07004KT,16,11
2014-06-08 15:00:00.000,2014,6,8,15,09006KT,18,10
2014-06-08 16:00:00.000,2014,6,8,16,07006KT,17,11
2014-06-08 17:00:00.000,2014,6,8,17,07008KT,18,10
2014-06-08 17:32:00.000,2014,6,8,17,01006KT,16,12
2014-06-08 18:00:00.000,2014,6,8,18,03006KT,15,12
2014-06-08 19:00:00.000,2014,6,8,19,17008KT,17,11
2014-06-08 20:00:00.000,2014,6,8,20,12006KT,17,12
2014-06-08 20:22:00.000,2014,6,8,20,18006KT,16,12
2014-06-08 21:00:00.000,2014,6,8,21,18006KT,15,12
2014-06-08 22:00:00.000,2014,6,8,22,15006KT,15,12
2014-06-08 23:00:00.000,2014,6,8,23,VRB02KT,15,10
2014-06-09 00:00:00.000,2014,6,9,0,VRB02KT,13,11
2014-06-09 01:00:00.000,2014,6,9,1,03003KT,12,10
2014-06-09 02:00:00.000,2014,6,9,2,05005KT,11,09
2014-06-09 03:00:00.000,2014,6,9,3,04003KT,12,10
2014-06-09 04:00:00.000,2014,6,9,4,VRB02KT,10,09
2014-06-09 05:00:00.000,2014,6,9,5,VRB02KT,11,09
2014-06-09 06:00:00.000,2014,6,9,6,VRB02KT,10,09
2014-06-09 07:00:00.000,2014,6,9,7,06003KT,11,09
2014-06-09 08:00:00.000,2014,6,9,8,06004KT,11,09
2014-06-09 09:00:00.000,2014,6,9,9,04005KT,10,09
2014-06-09 10:00:00.000,2014,6,9,10,03004KT,10,09
2014-06-09 10:30:00.000,2014,6,9,10,VRB02KT,10,09
2014-06-09 11:00:00.000,2014,6,9,11,VRB02KT,10,09
2014-06-09 12:00:00.000,2014,6,9,12,VRB02KT,12,10
2014-06-09 13:00:00.000,2014,6,9,13,04006KT,13,10
2014-06-09 14:00:00.000,2014,6,9,14,05010KT,15,11
2014-06-09 15:00:00.000,2014,6,9,15,12008KT,17,10
2014-06-09 16:00:00.000,2014,6,9,16,14008KT,17,10
2014-06-09 17:00:00.000,2014,6,9,17,10012KT,17,10
2014-06-09 18:00:00.000,2014,6,9,18,13008KT,20,11
2014-06-09 19:00:00.000,2014,6,9,19,09008KT,19,09
2014-06-09 20:00:00.000,2014,6,9,20,12008KT,19,09
2014-06-09 21:00:00.000,2014,6,9,21,15010KT,19,09
2014-06-09 22:00:00.000,2014,6,9,22,12010KT,17,07
2014-06-09 23:00:00.000,2014,6,9,23,10010KT,17,08
2014-06-10 00:00:00.000,2014,6,10,0,13005KT,14,07
2014-06-10 01:00:00.000,2014,6,10,1,04005KT,13,08
2014-06-10 02:00:00.000,2014,6,10,2,05006KT,13,09
2014-06-10 03:00:00.000,2014,6,10,3,08004KT,13,10
2014-06-10 04:00:00.000,2014,6,10,4,35004KT,12,09
2014-06-10 05:00:00.000,2014,6,10,5,03005KT,12,10
2014-06-10 06:00:00.000,2014,6,10,6,03004KT,11,09
2014-06-10 07:00:00.000,2014,6,10,7,03003KT,11,10
2014-06-10 08:00:00.000,2014,6,10,8,30003KT,11,10
2014-06-10 09:00:00.000,2014,6,10,9,05003KT,11,10
2014-06-10 10:00:00.000,2014,6,10,10,05004KT,12,10
2014-06-10 10:30:00.000,2014,6,10,10,05005KT,12,10
2014-06-10 11:00:00.000,2014,6,10,11,06006KT,11,10
2014-06-10 12:00:00.000,2014,6,10,12,31005KT,12,10
2014-06-10 13:00:00.000,2014,6,10,13,04008KT,14,11
2014-06-10 14:00:00.000,2014,6,10,14,06010KT,14,11
2014-06-10 14:40:00.000,2014,6,10,14,08010KT,17,19
2014-06-10 15:00:00.000,2014,6,10,15,06008KT,18,10
2014-06-10 16:00:00.000,2014,6,10,16,16012KT,18,09
2014-06-10 17:00:00.000,2014,6,10,17,13012KT,18,09
2014-06-10 18:00:00.000,2014,6,10,18,05015KT,19,10
2014-06-10 19:00:00.000,2014,6,10,19,17012KT,18,09
2014-06-10 20:00:00.000,2014,6,10,20,15010KT,19,09
2014-06-10 21:00:00.000,2014,6,10,21,17016KT,17,10
2014-06-10 22:00:00.000,2014,6,10,22,17014KT,16,09
2014-06-10 23:00:00.000,2014,6,10,23,17013KT,15,09
2014-06-11 00:00:00.000,2014,6,11,0,18009KT,14,09
2014-06-11 01:00:00.000,2014,6,11,1,VRB02KT,13,10
2014-06-11 02:00:00.000,2014,6,11,2,06005KT,12,10
2014-06-11 03:00:00.000,2014,6,11,3,03005KT,11,10
2014-06-11 04:00:00.000,2014,6,11,4,VRB02KT,11,10
2014-06-11 05:00:00.000,2014,6,11,5,VRB02KT,11,09
2014-06-11 06:00:00.000,2014,6,11,6,05004KT,11,09
2014-06-11 07:00:00.000,2014,6,11,7,VRB02KT,10,09
2014-06-11 08:00:00.000,2014,6,11,8,VRB02KT,10,08
2014-06-11 09:00:00.000,2014,6,11,9,05004KT,08,07
2014-06-11 10:00:00.000,2014,6,11,10,04004KT,08,07
2014-06-11 10:30:00.000,2014,6,11,10,05005KT,08,07
2014-06-11 11:00:00.000,2014,6,11,11,06005KT,08,07
2014-06-11 11:30:00.000,2014,6,11,11,06007KT,11,08
2014-06-11 12:00:00.000,2014,6,11,12,10005KT,12,09
2014-06-11 12:30:00.000,2014,6,11,12,13005KT,15,09
2014-06-11 13:00:00.000,2014,6,11,13,09005KT,15,09
2014-06-11 14:00:00.000,2014,6,11,14,12012KT,16,09
2014-06-11 15:00:00.000,2014,6,11,15,10007KT,18,10
2014-06-11 16:00:00.000,2014,6,11,16,13007KT,19,08
2014-06-11 17:00:00.000,2014,6,11,17,15012KT,20,08
2014-06-11 18:00:00.000,2014,6,11,18,10010KT,19,10
2014-06-11 19:00:00.000,2014,6,11,19,10012KT,19,10
2014-06-11 20:00:00.000,2014,6,11,20,12012KT,20,09
2014-06-11 21:00:00.000,2014,6,11,21,14008KT,18,10
2014-06-11 22:00:00.000,2014,6,11,22,12010KT,19,09
2014-06-11 23:00:00.000,2014,6,11,23,10008KT,17,09
2014-06-12 00:00:00.000,2014,6,12,0,11008KT,16,10
2014-06-12 01:00:00.000,2014,6,12,1,15008KT,15,10
2014-06-12 02:00:00.000,2014,6,12,2,04004KT,14,10
2014-06-12 03:00:00.000,2014,6,12,3,04004KT,13,10
2014-06-12 04:00:00.000,2014,6,12,4,04006KT,13,10
2014-06-12 05:00:00.000,2014,6,12,5,05004KT,12,10
2014-06-12 06:00:00.000,2014,6,12,6,07004KT,11,10
2014-06-12 07:00:00.000,2014,6,12,7,05004KT,10,09
2014-06-12 08:00:00.000,2014,6,12,8,04004KT,09,08
2014-06-12 09:00:00.000,2014,6,12,9,00000KT,10,09
2014-06-12 10:00:00.000,2014,6,12,10,09004KT,10,08
2014-06-12 11:00:00.000,2014,6,12,11,07008KT,11,08
2014-06-12 12:00:00.000,2014,6,12,12,09007KT,13,09
2014-06-12 13:00:00.000,2014,6,12,13,10008KT,14,08
2014-06-12 14:00:00.000,2014,6,12,14,13004KT,16,08
2014-06-12 15:00:00.000,2014,6,12,15,14007KT,18,08
2014-06-12 16:00:00.000,2014,6,12,16,12005KT,19,09
2014-06-12 17:00:00.000,2014,6,12,17,11012KT,19,09
2014-06-12 18:00:00.000,2014,6,12,18,12009KT,19,09
2014-06-12 19:00:00.000,2014,6,12,19,12012KT,19,08
2014-06-12 20:00:00.000,2014,6,12,20,13010KT,19,09
2014-06-12 21:00:00.000,2014,6,12,21,13012KT,18,09
2014-06-12 22:00:00.000,2014,6,12,22,15012KT,17,09
2014-06-12 23:00:00.000,2014,6,12,23,12008KT,16,08
2014-06-13 00:00:00.000,2014,6,13,0,08005KT,15,10
2014-06-13 01:00:00.000,2014,6,13,1,07005KT,13,09
2014-06-13 02:00:00.000,2014,6,13,2,05004KT,13,09
2014-06-13 03:00:00.000,2014,6,13,3,03004KT,11,09
2014-06-13 06:00:00.000,2014,6,13,6,27005KT,10,08
2014-06-13 07:00:00.000,2014,6,13,7,VRB02KT,09,09
2014-06-13 08:00:00.000,2014,6,13,8,00000KT,10,09
2014-06-13 09:00:00.000,2014,6,13,9,05003KT,10,10
2014-06-13 10:00:00.000,2014,6,13,10,07008KT,11,10
2014-06-13 10:30:00.000,2014,6,13,10,04005KT,11,10
2014-06-13 11:00:00.000,2014,6,13,11,04005KT,11,10
2014-06-13 12:00:00.000,2014,6,13,12,04003KT,13,11
2014-06-13 13:00:00.000,2014,6,13,13,02003KT,15,11
2014-06-13 14:00:00.000,2014,6,13,14,12009KT,17,09
2014-06-13 15:00:00.000,2014,6,13,15,10007KT,17,09
2014-06-13 16:00:00.000,2014,6,13,16,13015KT,18,10
2014-06-13 17:00:00.000,2014,6,13,17,12010KT,18,10
2014-06-13 18:00:00.000,2014,6,13,18,08006KT,18,11
2014-06-13 19:00:00.000,2014,6,13,19,11009KT,20,10
2014-06-13 20:00:00.000,2014,6,13,20,07008KT,20,08
2014-06-13 21:00:00.000,2014,6,13,21,13010KT,18,09
2014-06-13 22:00:00.000,2014,6,13,22,13014KT,18,09
2014-06-13 23:00:00.000,2014,6,13,23,10008KT,17,08
2014-06-14 00:00:00.000,2014,6,14,0,11007KT,16,09
2014-06-14 01:00:00.000,2014,6,14,1,12004KT,15,09
2014-06-14 02:00:00.000,2014,6,14,2,11005KT,16,09
2014-06-14 03:00:00.000,2014,6,14,3,VRB02KT,15,10
2014-06-14 04:00:00.000,2014,6,14,4,11008KT,13,10
2014-06-14 05:00:00.000,2014,6,14,5,05007KT,12,10
2014-06-14 06:00:00.000,2014,6,14,6,VRB02KT,11,10
2014-06-14 07:00:00.000,2014,6,14,7,06007KT,11,09
2014-06-14 08:00:00.000,2014,6,14,8,VRB02KT,11,09
2014-06-14 09:00:00.000,2014,6,14,9,VRB02KT,10,09
2014-06-14 10:00:00.000,2014,6,14,10,30004KT,10,09
2014-06-14 10:30:00.000,2014,6,14,10,VRB02KT,10,09
2014-06-14 11:00:00.000,2014,6,14,11,VRB02KT,10,09
2014-06-14 12:00:00.000,2014,6,14,12,05004KT,12,11
2014-06-14 13:00:00.000,2014,6,14,13,07008KT,14,12
2014-06-14 14:00:00.000,2014,6,14,14,01006KT,15,11
2014-06-14 15:00:00.000,2014,6,14,15,03004KT,17,11
2014-06-14 16:00:00.000,2014,6,14,16,18012KT,17,09
2014-06-14 16:15:00.000,2014,6,14,16,15012KT,19,10
2014-06-14 17:00:00.000,2014,6,14,17,16010KT,20,09
2014-06-14 18:00:00.000,2014,6,14,18,06010KT,15,12
2014-06-14 19:00:00.000,2014,6,14,19,14005KT,18,11
2014-06-14 20:00:00.000,2014,6,14,20,05007KT,18,11
2014-06-14 21:00:00.000,2014,6,14,21,19012KT,16,11
2014-06-14 22:00:00.000,2014,6,14,22,13008KT,14,11
2014-06-14 23:00:00.000,2014,6,14,23,10007KT,14,11
2014-06-15 00:00:00.000,2014,6,15,0,04005KT,13,09
2014-06-15 01:00:00.000,2014,6,15,1,07004KT,13,08
2014-06-15 02:00:00.000,2014,6,15,2,04004KT,10,08
2014-06-15 03:00:00.000,2014,6,15,3,04007KT,11,09
2014-06-15 04:00:00.000,2014,6,15,4,VRB02KT,11,09
2014-06-15 05:00:00.000,2014,6,15,5,VRB02KT,11,09
2014-06-15 06:00:00.000,2014,6,15,6,00000KT,10,08
2014-06-15 07:00:00.000,2014,6,15,7,VRB02KT,10,09
2014-06-15 08:00:00.000,2014,6,15,8,06005KT,11,09
2014-06-15 09:00:00.000,2014,6,15,9,04004KT,11,09
2014-06-15 10:00:00.000,2014,6,15,10,33003KT,10,09
2014-06-15 10:30:00.000,2014,6,15,10,31003KT,09,08
2014-06-15 11:00:00.000,2014,6,15,11,36003KT,10,09
2014-06-15 12:00:00.000,2014,6,15,12,VRB02KT,11,09
2014-06-15 13:00:00.000,2014,6,15,13,13006KT,14,10
2014-06-15 14:00:00.000,2014,6,15,14,14008KT,16,09
2014-06-15 15:00:00.000,2014,6,15,15,13010KT,17,10
2014-06-15 15:28:00.000,2014,6,15,15,14014KT,17,10
2014-06-15 16:00:00.000,2014,6,15,16,16012KT,17,10
2014-06-15 17:00:00.000,2014,6,15,17,16015KT,18,10
2014-06-15 18:00:00.000,2014,6,15,18,16017KT,19,10
2014-06-15 19:00:00.000,2014,6,15,19,15017KT,19,09
2014-06-15 20:00:00.000,2014,6,15,20,14018KT,18,09
2014-06-15 21:00:00.000,2014,6,15,21,15015KT,17,10
2014-06-15 22:00:00.000,2014,6,15,22,14016KT,16,09
2014-06-15 23:00:00.000,2014,6,15,23,13010KT,15,08
2014-06-16 00:00:00.000,2014,6,16,0,14012KT,15,08
2014-06-16 01:00:00.000,2014,6,16,1,14007KT,13,08
2014-06-16 02:00:00.000,2014,6,16,2,16011KT,13,06
2014-06-16 03:00:00.000,2014,6,16,3,14008KT,13,06
2014-06-16 04:00:00.000,2014,6,16,4,VRB02KT,13,06
2014-06-16 05:00:00.000,2014,6,16,5,03004KT,12,07
2014-06-16 06:00:00.000,2014,6,16,6,VRB02KT,12,07
2014-06-16 07:00:00.000,2014,6,16,7,32003KT,11,08
2014-06-16 08:00:00.000,2014,6,16,8,VRB02KT,10,08
2014-06-16 09:00:00.000,2014,6,16,9,15004KT,10,08
2014-06-16 10:00:00.000,2014,6,16,10,11005KT,13,07
2014-06-16 10:30:00.000,2014,6,16,10,09004KT,12,07
2014-06-16 11:00:00.000,2014,6,16,11,VRB02KT,11,08
2014-06-16 12:00:00.000,2014,6,16,12,VRB02KT,11,09
2014-06-16 12:30:00.000,2014,6,16,12,07010KT,14,10
2014-06-16 13:00:00.000,2014,6,16,13,13006KT,17,09
2014-06-16 14:00:00.000,2014,6,16,14,12010KT,16,08
2014-06-16 15:00:00.000,2014,6,16,15,11015KT,17,07
2014-06-16 16:00:00.000,2014,6,16,16,15015KT,18,08
2014-06-16 17:00:00.000,2014,6,16,17,14010KT,17,09
2014-06-16 18:00:00.000,2014,6,16,18,12010KT,19,08
2014-06-16 19:00:00.000,2014,6,16,19,12010KT,17,09
2014-06-16 20:00:00.000,2014,6,16,20,16015KT,18,08
2014-06-16 21:00:00.000,2014,6,16,21,16015KT,18,07
2014-06-16 22:00:00.000,2014,6,16,22,14015KT,17,07
2014-06-16 23:00:00.000,2014,6,16,23,14010KT,16,07
2014-06-17 00:00:00.000,2014,6,17,0,08008KT,15,08
2014-06-17 01:00:00.000,2014,6,17,1,06006KT,14,10
2014-06-17 02:00:00.000,2014,6,17,2,02004KT,13,09
2014-06-17 03:00:00.000,2014,6,17,3,04008KT,13,09
2014-06-17 04:00:00.000,2014,6,17,4,06006KT,12,09
2014-06-17 05:00:00.000,2014,6,17,5,04006KT,12,08
2014-06-17 06:00:00.000,2014,6,17,6,05006KT,12,08
2014-06-17 06:15:00.000,2014,6,17,6,05008KT,12,08
2014-06-17 07:00:00.000,2014,6,17,7,07008KT,11,09
2014-06-17 08:00:00.000,2014,6,17,8,06006KT,11,08
2014-06-17 09:00:00.000,2014,6,17,9,06006KT,10,08
2014-06-17 10:00:00.000,2014,6,17,10,08006KT,10,09
2014-06-17 10:30:00.000,2014,6,17,10,06008KT,11,09
2014-06-17 11:00:00.000,2014,6,17,11,06004KT,11,09
2014-06-17 12:00:00.000,2014,6,17,12,VRB02KT,12,08
2014-06-17 13:00:00.000,2014,6,17,13,07008KT,13,07
2014-06-17 14:00:00.000,2014,6,17,14,12008KT,15,06
2014-06-17 15:00:00.000,2014,6,17,15,16010KT,15,06
2014-06-17 16:00:00.000,2014,6,17,16,14007KT,16,07
2014-06-17 17:00:00.000,2014,6,17,17,14015KT,17,07
2014-06-17 18:00:00.000,2014,6,17,18,15016KT,17,08
2014-06-17 19:00:00.000,2014,6,17,19,15013KT,17,08
2014-06-17 20:00:00.000,2014,6,17,20,16011KT,15,10
2014-06-17 20:30:00.000,2014,6,17,20,18006KT,16,11
2014-06-17 21:00:00.000,2014,6,17,21,22004KT,16,10
2014-06-17 22:00:00.000,2014,6,17,22,VRB02KT,15,10
2014-06-17 23:00:00.000,2014,6,17,23,14012KT,15,08
2014-06-18 00:00:00.000,2014,6,18,0,10006KT,15,08
2014-06-18 01:00:00.000,2014,6,18,1,06006KT,14,08
2014-06-18 02:00:00.000,2014,6,18,2,04008KT,12,08
2014-06-18 03:00:00.000,2014,6,18,3,04007KT,12,08
2014-06-18 04:00:00.000,2014,6,18,4,07005KT,13,06
2014-06-18 05:00:00.000,2014,6,18,5,110011KT,13,06
2014-06-18 06:00:00.000,2014,6,18,6,06004KT,12,06
2014-06-18 08:00:00.000,2014,6,18,8,09004KT,11,06
2014-06-18 09:00:00.000,2014,6,18,9,02003KT,09,07
2014-06-18 10:00:00.000,2014,6,18,10,34004KT,10,07
2014-06-18 10:30:00.000,2014,6,18,10,04005KT,10,07
2014-06-18 11:00:00.000,2014,6,18,11,03005KT,10,07
2014-06-18 12:00:00.000,2014,6,18,12,06007KT,11,08
2014-06-18 13:00:00.000,2014,6,18,13,04008KT,13,08
2014-06-18 14:00:00.000,2014,6,18,14,04006KT,14,09
2014-06-18 15:00:00.000,2014,6,18,15,10006KT,17,10
2014-06-18 16:00:00.000,2014,6,18,16,22007KT,16,09
2014-06-18 17:00:00.000,2014,6,18,17,14011KT,17,09
2014-06-18 18:00:00.000,2014,6,18,18,15012KT,18,09
2014-06-18 19:00:00.000,2014,6,18,19,14012KT,18,09
2014-06-18 20:00:00.000,2014,6,18,20,14007KT,18,09
2014-06-18 21:00:00.000,2014,6,18,21,11012KT,17,08
2014-06-18 22:00:00.000,2014,6,18,22,12009KT,17,09
2014-06-18 23:00:00.000,2014,6,18,23,10004KT,16,08
2014-06-19 00:00:00.000,2014,6,19,0,09006KT,14,11
2014-06-19 01:00:00.000,2014,6,19,1,04005KT,13,10
2014-06-19 02:00:00.000,2014,6,19,2,04006KT,13,10
2014-06-19 03:00:00.000,2014,6,19,3,07007KT,12,10
2014-06-19 04:00:00.000,2014,6,19,4,05006KT,12,10
2014-06-19 05:00:00.000,2014,6,19,5,03004KT,12,10
2014-06-19 06:00:00.000,2014,6,19,6,07003KT,12,10
2014-06-19 07:00:00.000,2014,6,19,7,05004KT,12,10
2014-06-19 08:00:00.000,2014,6,19,8,VRB02KT,10,09
2014-06-19 09:00:00.000,2014,6,19,9,05003KT,10,09
2014-06-19 10:00:00.000,2014,6,19,10,07003KT,10,09
2014-06-19 10:30:00.000,2014,6,19,10,07003KT,10,09
2014-06-19 11:00:00.000,2014,6,19,11,VRB02KT,10,09
2014-06-19 12:00:00.000,2014,6,19,12,05003KT,12,11
2014-06-19 13:00:00.000,2014,6,19,13,19004KT,15,10
2014-06-19 14:00:00.000,2014,6,19,14,18006KT,15,11
2014-06-19 15:00:00.000,2014,6,19,15,14013KT,17,10
2014-06-19 16:00:00.000,2014,6,19,16,15014KT,18,09
2014-06-19 17:00:00.000,2014,6,19,17,13013KT,18,08
2014-06-19 18:00:00.000,2014,6,19,18,12014KT,18,09
2014-06-19 19:00:00.000,2014,6,19,19,17015KT,19,10
2014-06-19 20:00:00.000,2014,6,19,20,15014KT,17,09
2014-06-19 21:00:00.000,2014,6,19,21,14015KT,17,08
2014-06-19 22:00:00.000,2014,6,19,22,16014KT,16,08
2014-06-19 23:00:00.000,2014,6,19,23,15012KT,15,08
2014-06-20 00:00:00.000,2014,6,20,0,16012KT,15,07
2014-06-20 01:00:00.000,2014,6,20,1,16010KT,14,08
2014-06-20 02:00:00.000,2014,6,20,2,15010KT,14,08
2014-06-20 03:00:00.000,2014,6,20,3,01003KT,12,09
2014-06-20 04:00:00.000,2014,6,20,4,VRB02KT,12,08
2014-06-20 05:00:00.000,2014,6,20,5,05003KT,11,09
2014-06-20 06:00:00.000,2014,6,20,6,VRB02KT,12,09
2014-06-20 07:00:00.000,2014,6,20,7,VRB02KT,11,10
2014-06-20 08:00:00.000,2014,6,20,8,VRB02KT,11,10
2014-06-20 09:00:00.000,2014,6,20,9,VRB02KT,09,08
2014-06-20 10:00:00.000,2014,6,20,10,VRB02KT,08,07
2014-06-20 10:30:00.000,2014,6,20,10,05005KT,08,08
2014-06-20 11:00:00.000,2014,6,20,11,28005KT,09,08
2014-06-20 12:00:00.000,2014,6,20,12,00000KT,13,09
2014-06-20 13:00:00.000,2014,6,20,13,VRB02KT,14,10
2014-06-20 13:30:00.000,2014,6,20,13,VRB02KT,17,10
2014-06-20 14:00:00.000,2014,6,20,14,VRB02KT,17,09
2014-06-20 15:00:00.000,2014,6,20,15,18009KT,17,09
2014-06-20 16:00:00.000,2014,6,20,16,13013KT,18,08
2014-06-20 17:00:00.000,2014,6,20,17,16013KT,17,09
2014-06-20 18:00:00.000,2014,6,20,18,16017KT,17,10
2014-06-20 19:00:00.000,2014,6,20,19,15015KT,18,09
2014-06-20 20:00:00.000,2014,6,20,20,12010KT,18,09
2014-06-20 21:00:00.000,2014,6,20,21,15015KT,17,08
2014-06-20 22:00:00.000,2014,6,20,22,15013KT,16,08
2014-06-20 23:00:00.000,2014,6,20,23,16008KT,15,09
2014-06-21 00:00:00.000,2014,6,21,0,18006KT,14,10
2014-06-21 01:00:00.000,2014,6,21,1,VRB02KT,14,09
2014-06-21 02:00:00.000,2014,6,21,2,04005KT,13,10
2014-06-21 03:00:00.000,2014,6,21,3,03004KT,11,09
2014-06-21 04:00:00.000,2014,6,21,4,03006KT,12,10
2014-06-21 05:00:00.000,2014,6,21,5,VRB02KT,12,10
2014-06-21 06:00:00.000,2014,6,21,6,05003KT,12,10
2014-06-21 07:00:00.000,2014,6,21,7,04003KT,11,09
2014-06-21 08:00:00.000,2014,6,21,8,VRB02KT,11,09
2014-06-21 09:00:00.000,2014,6,21,9,VRB02KT,10,09
2014-06-21 10:00:00.000,2014,6,21,10,VRB02KT,10,09
2014-06-21 10:30:00.000,2014,6,21,10,VRB02KT,10,08
2014-06-21 11:00:00.000,2014,6,21,11,VRB02KT,10,09
2014-06-21 12:00:00.000,2014,6,21,12,VRB02KT,12,10
2014-06-21 13:00:00.000,2014,6,21,13,VRB02KT,15,10
2014-06-21 14:00:00.000,2014,6,21,14,24005KT,15,10
2014-06-21 14:40:00.000,2014,6,21,14,19010KT,14,10
2014-06-21 15:00:00.000,2014,6,21,15,33005KT,14,11
2014-06-21 16:00:00.000,2014,6,21,16,36003KT,15,11
2014-06-21 16:06:00.000,2014,6,21,16,24005KT,15,11
2014-06-21 17:00:00.000,2014,6,21,17,VRB02KT,15,12
2014-06-21 18:00:00.000,2014,6,21,18,14012KT,16,11
2014-06-21 19:00:00.000,2014,6,21,19,12010KT,17,10
2014-06-21 20:00:00.000,2014,6,21,20,10008KT,18,09
2014-06-21 21:00:00.000,2014,6,21,21,10009KT,17,09
2014-06-21 22:00:00.000,2014,6,21,22,12008KT,17,09
2014-06-21 23:00:00.000,2014,6,21,23,12006KT,15,10
2014-06-22 00:00:00.000,2014,6,22,0,13008KT,15,10
2014-06-22 01:00:00.000,2014,6,22,1,01003KT,14,11
2014-06-22 02:00:00.000,2014,6,22,2,10006KT,14,09
2014-06-22 03:00:00.000,2014,6,22,3,09003KT,14,09
2014-06-22 04:00:00.000,2014,6,22,4,VRB02KT,14,09
2014-06-22 05:00:00.000,2014,6,22,5,VRB02KT,12,10
2014-06-22 06:00:00.000,2014,6,22,6,VRB02KT,12,10
2014-06-22 06:00:00.000,2014,6,22,6,VRB02KT,12,10
2014-06-22 07:00:00.000,2014,6,22,7,04004KT,12,10
2014-06-22 08:00:00.000,2014,6,22,8,05003KT,12,10
2014-06-22 09:00:00.000,2014,6,22,9,05003KT,11,10
2014-06-22 10:00:00.000,2014,6,22,10,06003KT,11,10
2014-06-22 10:30:00.000,2014,6,22,10,03004KT,11,10
2014-06-22 11:00:00.000,2014,6,22,11,04003KT,11,10
2014-06-22 12:00:00.000,2014,6,22,12,34005KT,12,10
2014-06-22 13:00:00.000,2014,6,22,13,19003KT,14,11
2014-06-22 13:20:00.000,2014,6,22,13,08003KT,14,11
2014-06-22 14:00:00.000,2014,6,22,14,VRB02KT,14,11
2014-06-22 14:30:00.000,2014,6,22,14,06006KT,15,12
2014-06-22 15:00:00.000,2014,6,22,15,05006KT,15,12
2014-06-22 15:05:00.000,2014,6,22,15,07005KT,14,12
2014-06-22 15:20:00.000,2014,6,22,15,05003KT,15,12
2014-06-22 16:00:00.000,2014,6,22,16,04005KT,16,12
2014-06-22 17:00:00.000,2014,6,22,17,08007KT,15,12
2014-06-22 18:00:00.000,2014,6,22,18,08005KT,15,12
2014-06-22 19:00:00.000,2014,6,22,19,11005KT,16,13
2014-06-22 20:00:00.000,2014,6,22,20,07010KT,16,13
2014-06-22 20:20:00.000,2014,6,22,20,09009KT,16,12
2014-06-22 21:00:00.000,2014,6,22,21,08010KT,16,12
2014-06-22 22:00:00.000,2014,6,22,22,10006KT,15,11
2014-06-22 23:00:00.000,2014,6,22,23,13004KT,14,11
2014-06-23 00:00:00.000,2014,6,23,0,VRB02KT,15,10
2014-06-23 01:00:00.000,2014,6,23,1,04005KT,11,10
2014-06-23 02:00:00.000,2014,6,23,2,VRB02KT,13,10
2014-06-23 03:00:00.000,2014,6,23,3,VRB02KT,11,10
2014-06-23 03:35:00.000,2014,6,23,3,03003KT,11,10
2014-06-23 04:00:00.000,2014,6,23,4,VRB02KT,11,10
2014-06-23 05:00:00.000,2014,6,23,5,VRB02KT,11,10
2014-06-23 06:00:00.000,2014,6,23,6,VRB02K,12,10
2014-06-23 07:00:00.000,2014,6,23,7,VRB02KT,11,10
2014-06-23 08:00:00.000,2014,6,23,8,VRB02KT,10,09
2014-06-23 09:00:00.000,2014,6,23,9,VRB02KT,11,10
2014-06-23 10:00:00.000,2014,6,23,10,VRB02KT,11,10
2014-06-23 10:30:00.000,2014,6,23,10,VRB02KT,11,10
2014-06-23 11:00:00.000,2014,6,23,11,VRB02KT,11,10
2014-06-23 12:00:00.000,2014,6,23,12,00000KT,11,10
2014-06-23 12:18:00.000,2014,6,23,12,33003KT,11,11
2014-06-23 13:00:00.000,2014,6,23,13,04003KT,12,11
2014-06-23 13:05:00.000,2014,6,23,13,10003KT,12,12
2014-06-23 13:30:00.000,2014,6,23,13,09003KT,14,12
2014-06-23 14:00:00.000,2014,6,23,14,09006KT,15,11
2014-06-23 15:00:00.000,2014,6,23,15,08011KT,16,10
2014-06-23 16:00:00.000,2014,6,23,16,15012KT,17,08
2014-06-23 17:00:00.000,2014,6,23,17,15010KT,17,08
2014-06-23 18:00:00.000,2014,6,23,18,18015KT,18,09
2014-06-23 19:00:00.000,2014,6,23,19,14015KT,17,08
2014-06-23 20:00:00.000,2014,6,23,20,15008KT,18,08
2014-06-23 21:00:00.000,2014,6,23,21,12010KT,16,09
2014-06-23 22:00:00.000,2014,6,23,22,10006KT,16,09
2014-06-23 23:00:00.000,2014,6,23,23,07005KT,16,09
2014-06-24 00:00:00.000,2014,6,24,0,09005KT,15,09
2014-06-24 01:00:00.000,2014,6,24,1,17003KT,15,09
2014-06-24 02:00:00.000,2014,6,24,2,VRB02KT,13,11
2014-06-24 03:00:00.000,2014,6,24,3,VRB02KT,13,11
2014-06-24 04:00:00.000,2014,6,24,4,06005KT,13,11
2014-06-24 04:10:00.000,2014,6,24,4,04006KT,12,11
2014-06-24 05:00:00.000,2014,6,24,5,05005KT,12,11
2014-06-24 06:00:00.000,2014,6,24,6,05005KT,12,11
2014-06-24 07:00:00.000,2014,6,24,7,07004KT,12,11
2014-06-24 08:00:00.000,2014,6,24,8,VRB02KT,11,11
2014-06-24 08:00:00.000,2014,6,24,8,VRB02KT,11,11
2014-06-24 09:00:00.000,2014,6,24,9,VRB02KT,11,10
2014-06-24 10:00:00.000,2014,6,24,10,03004KT,11,10
2014-06-24 10:30:00.000,2014,6,24,10,05005KT,11,10
2014-06-24 11:00:00.000,2014,6,24,11,05010KT,12,10
2014-06-24 12:00:00.000,2014,6,24,12,05007KT,12,11
2014-06-24 13:00:00.000,2014,6,24,13,02005KT,12,11
2014-06-24 14:00:00.000,2014,6,24,14,05006KT,13,12
2014-06-24 15:00:00.000,2014,6,24,15,05007KT,14,12
2014-06-24 15:20:00.000,2014,6,24,15,03008KT,15,12
2014-06-24 16:00:00.000,2014,6,24,16,04010KT,16,13
2014-06-24 17:00:00.000,2014,6,24,17,07009KT,16,11
2014-06-24 18:00:00.000,2014,6,24,18,03008KT,18,11
2014-06-24 19:00:00.000,2014,6,24,19,04011KT,18,10
2014-06-24 20:00:00.000,2014,6,24,20,04012KT,17,09
2014-06-24 21:00:00.000,2014,6,24,21,06006KT,16,10
2014-06-24 22:00:00.000,2014,6,24,22,04009KT,15,10
2014-06-24 23:00:00.000,2014,6,24,23,04004KT,14,11
2014-06-25 00:00:00.000,2014,6,25,0,06004KT,14,10
2014-06-25 01:00:00.000,2014,6,25,1,VRB02KT,13,10
2014-06-25 02:00:00.000,2014,6,25,2,04005KT,13,09
2014-06-25 03:00:00.000,2014,6,25,3,12004KT,14,09
2014-06-25 04:00:00.000,2014,6,25,4,08004KT,15,09
2014-06-25 05:00:00.000,2014,6,25,5,VRB02KT,13,10
2014-06-25 06:00:00.000,2014,6,25,6,VRB02KT,12,10
2014-06-25 07:00:00.000,2014,6,25,7,VRB02KT,11,10
2014-06-25 08:00:00.000,2014,6,25,8,VRB02KT,12,10
2014-06-25 09:00:00.000,2014,6,25,9,VRB02KT,12,10
2014-06-25 10:00:00.000,2014,6,25,10,VRB02KT,12,10
2014-06-25 10:30:00.000,2014,6,25,10,VRB02KT,12,10
2014-06-25 11:00:00.000,2014,6,25,11,VRB02KT,12,11
2014-06-25 12:00:00.000,2014,6,25,12,VRB02KT,13,11
2014-06-25 12:30:00.000,2014,6,25,12,VRB02KT,15,10
2014-06-25 13:00:00.000,2014,6,25,13,04006KT,14,10
2014-06-25 14:00:00.000,2014,6,25,14,05005KT,16,10
2014-06-25 15:00:00.000,2014,6,25,15,VRB02KT,16,10
2014-06-25 16:00:00.000,2014,6,25,16,33004KT,17,10
2014-06-25 17:00:00.000,2014,6,25,17,06010KT,13,12
2014-06-25 17:37:00.000,2014,6,25,17,VRB02KT,14,12
2014-06-25 18:00:00.000,2014,6,25,18,12004KT,14,12
2014-06-25 19:00:00.000,2014,6,25,19,14010KT,16,10
2014-06-25 20:00:00.000,2014,6,25,20,14010KT,16,10
2014-06-25 20:27:00.000,2014,6,25,20,08010KT,15,10
2014-06-25 21:00:00.000,2014,6,25,21,04012KT,15,10
2014-06-25 21:35:00.000,2014,6,25,21,00000KT,,
2014-06-25 22:00:00.000,2014,6,25,22,09006KT,15,10
2014-06-25 23:00:00.000,2014,6,25,23,10008KT,14,09
2014-06-26 00:00:00.000,2014,6,26,0,10003KT,13,07
2014-06-26 01:00:00.000,2014,6,26,1,02003KT,12,08
2014-06-26 02:00:00.000,2014,6,26,2,36003KT,11,08
2014-06-26 03:00:00.000,2014,6,26,3,04008KT,11,08
2014-06-26 04:00:00.000,2014,6,26,4,06006KT,11,08
2014-06-26 05:00:00.000,2014,6,26,5,03003KT,10,07
2014-06-26 06:00:00.000,2014,6,26,6,03003KT,10,08
2014-06-26 07:00:00.000,2014,6,26,7,04005KT,10,08
2014-06-26 08:00:00.000,2014,6,26,8,VRB02KT,09,07
2014-06-26 09:00:00.000,2014,6,26,9,05004KT,10,08
2014-06-26 10:00:00.000,2014,6,26,10,12003KT,11,08
2014-06-26 10:30:00.000,2014,6,26,10,08006KT,11,08
2014-06-26 11:00:00.000,2014,6,26,11,09003KT,12,08
2014-06-26 12:00:00.000,2014,6,26,12,07005KT,13,08
2014-06-26 13:00:00.000,2014,6,26,13,05009KT,14,09
2014-06-26 14:00:00.000,2014,6,26,14,07007KT,16,09
2014-06-26 15:00:00.000,2014,6,26,15,06008KT,14,09
2014-06-26 16:00:00.000,2014,6,26,16,06010KT,15,10
2014-06-26 16:15:00.000,2014,6,26,16,06012KT,15,11
2014-06-26 17:00:00.000,2014,6,26,17,07010KT,17,09
2014-06-26 18:00:00.000,2014,6,26,18,12011KT,18,07
2014-06-26 19:00:00.000,2014,6,26,19,09006KT,18,07
2014-06-26 20:00:00.000,2014,6,26,20,09012KT,17,07
2014-06-26 21:00:00.000,2014,6,26,21,13013KT,18,05
2014-06-26 22:00:00.000,2014,6,26,22,13007KT,17,05
2014-06-26 23:00:00.000,2014,6,26,23,12010KT,16,06
2014-06-27 00:00:00.000,2014,6,27,0,03008KT,12,09
2014-06-27 01:00:00.000,2014,6,27,1,36003KT,12,09
2014-06-27 02:00:00.000,2014,6,27,2,05005KT,12,07
2014-06-27 03:00:00.000,2014,6,27,3,06004KT,11,07
2014-06-27 04:00:00.000,2014,6,27,4,35004KT,10,07
2014-06-27 05:00:00.000,2014,6,27,5,VRB02KT,11,06
2014-06-27 06:00:00.000,2014,6,27,6,03004KT,09,06
2014-06-27 07:00:00.000,2014,6,27,7,07003KT,09,04
2014-06-27 08:00:00.000,2014,6,27,8,VRB02KT,09,04
2014-06-27 09:00:00.000,2014,6,27,9,VRB02KT,27,04
2014-06-27 10:00:00.000,2014,6,27,10,05003KT,07,03
2014-06-27 11:00:00.000,2014,6,27,11,07003KT,09,02
2014-06-27 12:00:00.000,2014,6,27,12,08008KT,12,03
2014-06-27 13:00:00.000,2014,6,27,13,03005KT,15,05
2014-06-27 14:00:00.000,2014,6,27,14,07010KT,16,04
2014-06-27 15:00:00.000,2014,6,27,15,14010KT,18,05
2014-06-27 16:00:00.000,2014,6,27,16,12015KT,18,05
2014-06-27 17:00:00.000,2014,6,27,17,14010KT,18,04
2014-06-27 18:00:00.000,2014,6,27,18,14012KT,19,04
2014-06-27 19:00:00.000,2014,6,27,19,11010KT,18,05
2014-06-27 20:00:00.000,2014,6,27,20,14015KT,18,04
2014-06-27 21:00:00.000,2014,6,27,21,15007KT,18,02
2014-06-27 22:00:00.000,2014,6,27,22,03010KT,17,04
2014-06-27 23:00:00.000,2014,6,27,23,05008KT,15,04
2014-06-28 00:00:00.000,2014,6,28,0,02004KT,13,05
2014-06-28 01:00:00.000,2014,6,28,1,13004KT,13,06
2014-06-28 02:00:00.000,2014,6,28,2,VRB02KT,11,06
2014-06-28 03:00:00.000,2014,6,28,3,01003KT,10,06
2014-06-28 04:00:00.000,2014,6,28,4,09003KT,11,07
2014-06-28 05:00:00.000,2014,6,28,5,03006KT,10,06
2014-06-28 06:00:00.000,2014,6,28,6,05006KT,10,08
2014-06-28 07:00:00.000,2014,6,28,7,05004KT,10,08
2014-06-28 08:00:00.000,2014,6,28,8,02004KT,10,08
2014-06-28 09:00:00.000,2014,6,28,9,36003KT,10,08
2014-06-28 10:00:00.000,2014,6,28,10,VRB02KT,10,08
2014-06-28 10:30:00.000,2014,6,28,10,00000KT,10,08
2014-06-28 11:00:00.000,2014,6,28,11,VRB02KT,10,08
2014-06-28 12:00:00.000,2014,6,28,12,VRB02KT,11,08
2014-06-28 13:00:00.000,2014,6,28,13,05005KT,14,08
2014-06-28 14:00:00.000,2014,6,28,14,05009KT,15,08
2014-06-28 15:00:00.000,2014,6,28,15,VRB02KT,16,08
2014-06-28 16:00:00.000,2014,6,28,16,04008KT,16,09
2014-06-28 17:00:00.000,2014,6,28,17,04004KT,15,10
2014-06-28 18:00:00.000,2014,6,28,18,18005KT,17,10
2014-06-28 19:00:00.000,2014,6,28,19,28004KT,17,09
2014-06-28 20:00:00.000,2014,6,28,20,28010KT,16,11
2014-06-28 21:00:00.000,2014,6,28,21,29008KT,16,11
2014-06-28 22:00:00.000,2014,6,28,22,30007KT,15,11
2014-06-28 22:15:00.000,2014,6,28,22,28008KT,15,11
2014-06-28 23:00:00.000,2014,6,28,23,03006KT,13,11
2014-06-29 00:00:00.000,2014,6,29,0,35004KT,12,11
2014-06-29 00:30:00.000,2014,6,29,0,31004KT,12,11
2014-06-29 01:00:00.000,2014,6,29,1,32005KT,12,11
2014-06-29 02:00:00.000,2014,6,29,2,01005KT,12,11
2014-06-29 03:00:00.000,2014,6,29,3,05005KT,12,11
2014-06-29 03:30:00.000,2014,6,29,3,04004KT,12,11
2014-06-29 04:00:00.000,2014,6,29,4,04004KT,12,11
2014-06-29 05:00:00.000,2014,6,29,5,05004KT,11,10
2014-06-29 06:00:00.000,2014,6,29,6,04003KT,11,10
2014-06-29 07:00:00.000,2014,6,29,7,02004KT,11,09
2014-06-29 08:00:00.000,2014,6,29,8,04004KT,11,09
2014-06-29 09:00:00.000,2014,6,29,9,06006KT,11,10
2014-06-29 10:00:00.000,2014,6,29,10,05009KT,11,09
2014-06-29 10:30:00.000,2014,6,29,10,04005KT,10,09
2014-06-29 11:00:00.000,2014,6,29,11,05004KT,10,08
2014-06-29 12:00:00.000,2014,6,29,12,VRB02KT,12,09
2014-06-29 13:00:00.000,2014,6,29,13,09008KT,14,09
2014-06-29 14:00:00.000,2014,6,29,14,09008KT,16,09
2014-06-29 15:00:00.000,2014,6,29,15,10007KT,17,08
2014-06-29 16:00:00.000,2014,6,29,16,12012KT,19,07
2014-06-29 17:00:00.000,2014,6,29,17,13009KT,18,07
2014-06-29 18:00:00.000,2014,6,29,18,11014KT,18,09
2014-06-29 19:00:00.000,2014,6,29,19,11010KT,17,08
2014-06-29 20:00:00.000,2014,6,29,20,13008KT,18,09
2014-06-29 21:00:00.000,2014,6,29,21,17005KT,18,09
2014-06-29 22:00:00.000,2014,6,29,22,11008KT,16,09
2014-06-29 23:00:00.000,2014,6,29,23,08004KT,15,09
2014-06-30 00:00:00.000,2014,6,30,0,09005KT,14,09
2014-06-30 01:00:00.000,2014,6,30,1,03004KT,12,08
2014-06-30 02:00:00.000,2014,6,30,2,03003KT,11,08
2014-06-30 03:00:00.000,2014,6,30,3,09003KT,11,09
2014-06-30 04:00:00.000,2014,6,30,4,34004KT,10,09
2014-06-30 05:00:00.000,2014,6,30,5,01004KT,09,08
2014-06-30 06:00:00.000,2014,6,30,6,VRB02KT,09,08
2014-06-30 07:00:00.000,2014,6,30,7,VRB02KT,08,07
2014-06-30 08:00:00.000,2014,6,30,8,31004KT,09,09
2014-06-30 09:00:00.000,2014,6,30,9,06003KT,10,08
2014-06-30 10:00:00.000,2014,6,30,10,32003KT,09,08
2014-06-30 10:30:00.000,2014,6,30,10,000000KT,09,08
2014-06-30 11:00:00.000,2014,6,30,11,03003KT,09,08
2014-06-30 12:00:00.000,2014,6,30,12,14003KT,12,10
2014-06-30 13:00:00.000,2014,6,30,13,33006KT,13,10
2014-06-30 14:00:00.000,2014,6,30,14,36005KT,13,10
2014-06-30 15:00:00.000,2014,6,30,15,04004KT,14,10
2014-06-30 16:00:00.000,2014,6,30,16,04005KT,15,10
2014-06-30 16:30:00.000,2014,6,30,16,02004KT,15,10
2014-06-30 17:00:00.000,2014,6,30,17,07005KT,14,11
2014-06-30 18:00:00.000,2014,6,30,18,VRB02KT,15,11
2014-06-30 19:00:00.000,2014,6,30,19,12010KT,19,11
2014-06-30 20:00:00.000,2014,6,30,20,14010KT,18,09
2014-06-30 21:00:00.000,2014,6,30,21,12008KT,18,08
2014-06-30 22:00:00.000,2014,6,30,22,13010KT,17,09
2014-06-30 23:00:00.000,2014,6,30,23,13008KT,16,09
2014-07-01 00:00:00.000,2014,7,1,0,13005KT,15,09
2014-07-01 01:00:00.000,2014,7,1,1,04006KT,15,10
2014-07-01 02:00:00.000,2014,7,1,2,05005KT,13,10
2014-07-01 03:00:00.000,2014,7,1,3,32004KT,13,09
2014-07-01 04:00:00.000,2014,7,1,4,04006KT,12,10
2014-07-01 05:00:00.000,2014,7,1,5,03003KT,12,10
2014-07-01 06:00:00.000,2014,7,1,6,05005KT,12,10
2014-07-01 07:00:00.000,2014,7,1,7,06006KT,12,09
2014-07-01 08:00:00.000,2014,7,1,8,08005KT,12,09
2014-07-01 09:00:00.000,2014,7,1,9,VRB02KT,10,09
2014-07-01 10:00:00.000,2014,7,1,10,VRB02KT,10,09
2014-07-01 10:30:00.000,2014,7,1,10,VRB02KT,09,08
2014-07-01 11:00:00.000,2014,7,1,11,VRB02KT,09,08
2014-07-01 12:00:00.000,2014,7,1,12,30004KT,10,10
2014-07-01 13:00:00.000,2014,7,1,13,32003KT,13,11
2014-07-01 14:00:00.000,2014,7,1,14,00000KT,15,10
2014-07-01 15:00:00.000,2014,7,1,15,00000KT,18,10
2014-07-01 16:00:00.000,2014,7,1,16,08007KT,18,09
2014-07-01 17:00:00.000,2014,7,1,17,16006KT,19,09
2014-07-01 18:00:00.000,2014,7,1,18,12011KT,17,12
2014-07-01 19:00:00.000,2014,7,1,19,32008KT,15,12
2014-07-01 20:00:00.000,2014,7,1,20,30009KT,16,12
2014-07-01 21:00:00.000,2014,7,1,21,26006KT,15,12
2014-07-01 22:00:00.000,2014,7,1,22,27004KT,15,11
2014-07-01 23:00:00.000,2014,7,1,23,30005KT,15,12
2014-07-01 23:30:00.000,2014,7,1,23,VRB02KT,14,12
2014-07-02 00:00:00.000,2014,7,2,0,08005KT,14,12
2014-07-02 01:00:00.000,2014,7,2,1,VRB02KT,13,11
2014-07-02 02:00:00.000,2014,7,2,2,VRB02KT,13,11
2014-07-02 03:00:00.000,2014,7,2,3,04003KT,13,12
2014-07-02 04:00:00.000,2014,7,2,4,04006KT,13,11
2014-07-02 05:00:00.000,2014,7,2,5,04005KT,12,11
2014-07-02 06:00:00.000,2014,7,2,6,04006KT,12,11
2014-07-02 07:00:00.000,2014,7,2,7,07007KT,12,10
2014-07-02 08:00:00.000,2014,7,2,8,05008KT,12,10
2014-07-02 09:00:00.000,2014,7,2,9,05007KT,11,10
2014-07-02 10:00:00.000,2014,7,2,10,05004KT,11,10
2014-07-02 10:30:00.000,2014,7,2,10,VRB02KT,11,09
2014-07-02 11:00:00.000,2014,7,2,11,VRB02KT,11,10
2014-07-02 11:20:00.000,2014,7,2,11,09005KT,12,10
2014-07-02 12:00:00.000,2014,7,2,12,05004KT,12,10
2014-07-02 13:00:00.000,2014,7,2,13,06006KT,14,10
2014-07-02 14:00:00.000,2014,7,2,14,08008KT,15,10
2014-07-02 15:00:00.000,2014,7,2,15,10012KT,17,09
2014-07-02 16:00:00.000,2014,7,2,16,12012KT,18,10
2014-07-02 17:00:00.000,2014,7,2,17,10010KT,19,10
2014-07-02 18:00:00.000,2014,7,2,18,13015KT,19,08
2014-07-02 19:00:00.000,2014,7,2,19,12008KT,20,08
2014-07-02 20:00:00.000,2014,7,2,20,14016KT,20,08
2014-07-02 21:00:00.000,2014,7,2,21,13010KT,20,09
2014-07-02 22:00:00.000,2014,7,2,22,11010KT,18,09
2014-07-02 23:00:00.000,2014,7,2,23,09008KT,17,07
2014-07-03 00:00:00.000,2014,7,3,0,VRB02KT,16,07
2014-07-03 01:00:00.000,2014,7,3,1,VRB02KT,15,08
2014-07-03 02:00:00.000,2014,7,3,2,05006KT,12,09
2014-07-03 03:00:00.000,2014,7,3,3,06004KT,13,09
2014-07-03 04:00:00.000,2014,7,3,4,030400Z,11,09
2014-07-03 05:00:00.000,2014,7,3,5,06004KT,12,09
2014-07-03 06:00:00.000,2014,7,3,6,VRB02KT,11,09
2014-07-03 07:00:00.000,2014,7,3,7,30005KT,11,09
2014-07-03 08:00:00.000,2014,7,3,8,VRB02KT,10,09
2014-07-03 09:00:00.000,2014,7,3,9,VRB02KT,11,09
2014-07-03 10:00:00.000,2014,7,3,10,05003KT,10,08
2014-07-03 10:30:00.000,2014,7,3,10,03003KT,10,09
2014-07-03 11:00:00.000,2014,7,3,11,03003KT,09,08
2014-07-03 11:32:00.000,2014,7,3,11,06003KT,11,09
2014-07-03 12:00:00.000,2014,7,3,12,05004KT,12,10
2014-07-03 13:00:00.000,2014,7,3,13,05005KT,14,08
2014-07-03 14:00:00.000,2014,7,3,14,00000KT,17,04
2014-07-03 15:00:00.000,2014,7,3,15,13009KT,17,04
2014-07-03 16:00:00.000,2014,7,3,16,12014KT,18,06
2014-07-03 17:00:00.000,2014,7,3,17,11011KT,19,07
2014-07-03 18:00:00.000,2014,7,3,18,13008KT,19,07
2014-07-03 19:00:00.000,2014,7,3,19,10013KT,20,08
2014-07-03 20:00:00.000,2014,7,3,20,13008KT,19,08
2014-07-03 21:00:00.000,2014,7,3,21,15010KT,19,07
2014-07-03 22:00:00.000,2014,7,3,22,11006KT,18,07
2014-07-03 23:00:00.000,2014,7,3,23,11008KT,17,07
2014-07-04 00:00:00.000,2014,7,4,0,13006KT,16,09
2014-07-04 01:00:00.000,2014,7,4,1,07004KT,14,09
2014-07-04 02:00:00.000,2014,7,4,2,04005KT,13,08
2014-07-04 03:00:00.000,2014,7,4,3,05004KT,12,08
2014-07-04 04:00:00.000,2014,7,4,4,04005KT,11,08
2014-07-04 05:00:00.000,2014,7,4,5,06003KT,11,08
2014-07-04 06:00:00.000,2014,7,4,6,06004KT,10,08
2014-07-04 07:00:00.000,2014,7,4,7,05003KT,09,07
2014-07-04 08:00:00.000,2014,7,4,8,00000KT,09,07
2014-07-04 09:00:00.000,2014,7,4,9,36003KT,08,07
2014-07-04 10:00:00.000,2014,7,4,10,06005KT,10,08
2014-07-04 10:30:00.000,2014,7,4,10,04004KT,10,08
2014-07-04 11:00:00.000,2014,7,4,11,03004KT,10,08
2014-07-04 12:00:00.000,2014,7,4,12,04006KT,11,08
2014-07-04 13:00:00.000,2014,7,4,13,03009KT,14,10
2014-07-04 14:00:00.000,2014,7,4,14,04012KT,15,08
2014-07-04 15:00:00.000,2014,7,4,15,36008KT,17,09
2014-07-04 16:00:00.000,2014,7,4,16,05008KT,17,08
2014-07-04 17:00:00.000,2014,7,4,17,06006KT,18,08
2014-07-04 18:00:00.000,2014,7,4,18,04008KT,19,09
2014-07-04 19:00:00.000,2014,7,4,19,06010KT,20,08
2014-07-04 20:00:00.000,2014,7,4,20,22008KT,18,09
2014-07-04 21:00:00.000,2014,7,4,21,24007KT,16,12
2014-07-04 21:35:00.000,2014,7,4,21,17014KT,16,12
2014-07-04 22:00:00.000,2014,7,4,22,18012KT,15,11
2014-07-04 22:15:00.000,2014,7,4,22,17010KT,14,11
2014-07-04 22:35:00.000,2014,7,4,22,17009KT,14,11
2014-07-04 23:00:00.000,2014,7,4,23,18007KT,13,10
2014-07-05 00:00:00.000,2014,7,5,0,16004KT,13,09
2014-07-05 01:00:00.000,2014,7,5,1,04005KT,12,10
2014-07-05 02:00:00.000,2014,7,5,2,05004KT,12,10
2014-07-05 03:00:00.000,2014,7,5,3,35004KT,12,10
2014-07-05 04:00:00.000,2014,7,5,4,03004KT,12,10
2014-07-05 05:00:00.000,2014,7,5,5,06004KT,12,10
2014-07-05 06:00:00.000,2014,7,5,6,09004KT,12,10
2014-07-05 07:00:00.000,2014,7,5,7,05004KT,11,09
2014-07-05 08:00:00.000,2014,7,5,8,10003KT,12,09
2014-07-05 09:00:00.000,2014,7,5,9,06004KT,11,09
2014-07-05 10:00:00.000,2014,7,5,10,03004KT,11,09
2014-07-05 10:30:00.000,2014,7,5,10,05003KT,11,09
2014-07-05 11:00:00.000,2014,7,5,11,07005KT,10,09
2014-07-05 12:00:00.000,2014,7,5,12,04004KT,12,09
2014-07-05 13:00:00.000,2014,7,5,13,03009KT,14,10
2014-07-05 14:00:00.000,2014,7,5,14,21003KT,15,10
2014-07-05 15:00:00.000,2014,7,5,15,05008KT,16,10
2014-07-05 16:00:00.000,2014,7,5,16,14008KT,18,10
2014-07-05 17:00:00.000,2014,7,5,17,11010KT,18,09
2014-07-05 18:00:00.000,2014,7,5,18,11010KT,18,08
2014-07-05 19:00:00.000,2014,7,5,19,14012KT,19,09
2014-07-05 20:00:00.000,2014,7,5,20,14010KT,19,08
2014-07-05 21:00:00.000,2014,7,5,21,VRB02KT,18,08
2014-07-05 22:00:00.000,2014,7,5,22,11005KT,17,09
2014-07-05 23:00:00.000,2014,7,5,23,10008KT,17,09
2014-07-06 00:00:00.000,2014,7,6,0,07010KT,15,09
2014-07-06 01:00:00.000,2014,7,6,1,07008KT,14,10
2014-07-06 02:00:00.000,2014,7,6,2,06004KT,14,10
2014-07-06 03:00:00.000,2014,7,6,3,04005KT,12,09
2014-07-06 04:00:00.000,2014,7,6,4,05004KT,11,09
2014-07-06 05:00:00.000,2014,7,6,5,34004KT,11,09
2014-07-06 06:00:00.000,2014,7,6,6,VRB02KT,12,09
2014-07-06 07:00:00.000,2014,7,6,7,VRB02KT,12,09
2014-07-06 08:00:00.000,2014,7,6,8,VRB02KT,10,09
2014-07-06 09:00:00.000,2014,7,6,9,VRB02KT,11,08
2014-07-06 10:00:00.000,2014,7,6,10,05004KT,11,09
2014-07-06 10:30:00.000,2014,7,6,10,04004KT,11,09
2014-07-06 11:00:00.000,2014,7,6,11,05005KT,11,09
2014-07-06 12:00:00.000,2014,7,6,12,07006KT,12,10
2014-07-06 13:00:00.000,2014,7,6,13,07004KT,14,09
2014-07-06 14:00:00.000,2014,7,6,14,15014KT,16,08
2014-07-06 15:00:00.000,2014,7,6,15,12010KT,15,08
2014-07-06 16:00:00.000,2014,7,6,16,12010KT,17,08
2014-07-06 17:00:00.000,2014,7,6,17,13014KT,16,10
2014-07-06 18:00:00.000,2014,7,6,18,15012KT,17,09
2014-07-06 19:00:00.000,2014,7,6,19,15015KT,17,09
2014-07-06 20:00:00.000,2014,7,6,20,12010KT,18,09
2014-07-06 21:00:00.000,2014,7,6,21,17010KT,17,09
2014-07-06 22:00:00.000,2014,7,6,22,15010KT,16,09
2014-07-06 23:00:00.000,2014,7,6,23,08003KT,15,09
2014-07-07 00:00:00.000,2014,7,7,0,06005KT,13,09
2014-07-07 01:00:00.000,2014,7,7,1,11005KT,13,08
2014-07-07 02:00:00.000,2014,7,7,2,08007KT,11,08
2014-07-07 03:00:00.000,2014,7,7,3,05006KT,12,08
2014-07-07 04:00:00.000,2014,7,7,4,05006KT,11,08
2014-07-07 05:00:00.000,2014,7,7,5,VRB02KT,11,09
2014-07-07 06:00:00.000,2014,7,7,6,35003KT,11,09
2014-07-07 07:00:00.000,2014,7,7,7,VRB02KT,11,10
2014-07-07 08:00:00.000,2014,7,7,8,VRB02KT,11,10
2014-07-07 09:00:00.000,2014,7,7,9,VRB02KT,10,09
2014-07-07 10:00:00.000,2014,7,7,10,35004KT,09,09
2014-07-07 11:00:00.000,2014,7,7,11,VRB02KT,10,09
2014-07-07 12:00:00.000,2014,7,7,12,VRB02KT,12,10
2014-07-07 13:00:00.000,2014,7,7,13,VRB02KT,13,10
2014-07-07 14:00:00.000,2014,7,7,14,VRB02KT,15,10
2014-07-07 15:00:00.000,2014,7,7,15,VRB02KT,15,10
2014-07-07 15:30:00.000,2014,7,7,15,15005KT,14,10
2014-07-07 16:00:00.000,2014,7,7,16,13009KT,15,11
2014-07-07 17:00:00.000,2014,7,7,17,04006KT,14,12
2014-07-07 17:28:00.000,2014,7,7,17,VRB02KT,15,12
2014-07-07 18:00:00.000,2014,7,7,18,02005KT,16,12
2014-07-07 19:25:00.000,2014,7,7,19,15010KT,17,11
2014-07-07 20:00:00.000,2014,7,7,20,12006KT,16,12
2014-07-07 20:23:00.000,2014,7,7,20,07006KT,15,12
2014-07-07 21:00:00.000,2014,7,7,21,16012KT,14,12
2014-07-07 21:00:00.000,2014,7,7,21,16012KT,14,12
2014-07-07 21:18:00.000,2014,7,7,21,18008KT,14,12
2014-07-07 22:00:00.000,2014,7,7,22,13010KT,15,10
2014-07-07 23:00:00.000,2014,7,7,23,09006KT,15,08
2014-07-07 23:35:00.000,2014,7,7,23,09006KT,14,10
2014-07-08 00:00:00.000,2014,7,8,0,06008KT,13,10
2014-07-08 00:35:00.000,2014,7,8,0,06006KT,13,10
2014-07-08 01:00:00.000,2014,7,8,1,06006KT,12,09
2014-07-08 02:00:00.000,2014,7,8,2,07006KT,12,09
2014-07-08 03:00:00.000,2014,7,8,3,07006KT,12,10
2014-07-08 04:00:00.000,2014,7,8,4,09006KT,12,09
2014-07-08 05:00:00.000,2014,7,8,5,09006KT,12,09
2014-07-08 05:00:00.000,2014,7,8,5,09006KT,12,09
2014-07-08 06:00:00.000,2014,7,8,6,10006KT,12,09
2014-07-08 07:00:00.000,2014,7,8,7,08006KT,12,09
2014-07-08 07:00:00.000,2014,7,8,7,08006KT,12,09
2014-07-08 08:00:00.000,2014,7,8,8,10004KT,12,08
2014-07-08 09:00:00.000,2014,7,8,9,04004KT,11,09
2014-07-08 10:00:00.000,2014,7,8,10,05006KT,10,09
2014-07-08 10:30:00.000,2014,7,8,10,05006KT,10,08
2014-07-08 11:00:00.000,2014,7,8,11,04006KT,11,09
2014-07-08 12:00:00.000,2014,7,8,12,05005KT,12,09
2014-07-08 13:00:00.000,2014,7,8,13,27003KT,13,10
2014-07-08 14:00:00.000,2014,7,8,14,04007KT,14,09
2014-07-08 15:00:00.000,2014,7,8,15,05007KT,14,09
2014-07-08 16:00:00.000,2014,7,8,16,11010KT,16,08
2014-07-08 17:00:00.000,2014,7,8,17,09008KT,17,09
2014-07-08 18:00:00.000,2014,7,8,18,11012KT,17,10
2014-07-08 19:00:00.000,2014,7,8,19,06005KT,17,11
2014-07-08 20:00:00.000,2014,7,8,20,11014KT,18,07
2014-07-08 21:00:00.000,2014,7,8,21,11012KT,18,09
2014-07-08 22:00:00.000,2014,7,8,22,14006KT,16,10
2014-07-08 23:00:00.000,2014,7,8,23,27004KT,14,11
2014-07-09 00:00:00.000,2014,7,9,0,20003KT,13,10
2014-07-09 01:00:00.000,2014,7,9,1,00000KT,13,10
2014-07-09 02:00:00.000,2014,7,9,2,05003KT,13,09
2014-07-09 03:00:00.000,2014,7,9,3,23003KT,13,09
2014-07-09 04:00:00.000,2014,7,9,4,35004KT,12,09
2014-07-09 05:00:00.000,2014,7,9,5,05004KT,11,09
2014-07-09 06:00:00.000,2014,7,9,6,00000KT,11,08
2014-07-09 07:00:00.000,2014,7,9,7,VRB02KT,09,08
2014-07-09 09:00:00.000,2014,7,9,9,VRB02KT,10,08
2014-07-09 10:00:00.000,2014,7,9,10,VRB02KT,10,09
2014-07-09 10:30:00.000,2014,7,9,10,00000KT,10,09
2014-07-09 11:00:00.000,2014,7,9,11,05003KT,10,09
2014-07-09 12:00:00.000,2014,7,9,12,VRB02KT,11,10
2014-07-09 13:00:00.000,2014,7,9,13,31003KT,13,09
2014-07-09 14:00:00.000,2014,7,9,14,14010KT,15,07
2014-07-09 15:00:00.000,2014,7,9,15,14009KT,16,08
2014-07-09 16:00:00.000,2014,7,9,16,15011KT,17,09
2014-07-09 17:00:00.000,2014,7,9,17,13011KT,17,08
2014-07-09 18:00:00.000,2014,7,9,18,15006KT,16,09
2014-07-09 19:00:00.000,2014,7,9,19,17011KT,17,10
2014-07-09 20:00:00.000,2014,7,9,20,13007KT,16,11
2014-07-09 21:00:00.000,2014,7,9,21,17007KT,16,09
2014-07-09 21:20:00.000,2014,7,9,21,15009KT,15,09
2014-07-09 22:00:00.000,2014,7,9,22,11005KT,14,10
2014-07-09 22:30:00.000,2014,7,9,22,09006KT,13,10
2014-07-09 23:00:00.000,2014,7,9,23,VRB02KT,13,11
2014-07-10 00:00:00.000,2014,7,10,0,VRB02KT,12,11
2014-07-10 01:00:00.000,2014,7,10,1,05005KT,11,10
2014-07-10 02:00:00.000,2014,7,10,2,VRB02KT,11,10
2014-07-10 03:00:00.000,2014,7,10,3,VRB02KT,10,09
2014-07-10 04:00:00.000,2014,7,10,4,VRB02KT,10,09
2014-07-10 05:00:00.000,2014,7,10,5,06003KT,11,10
2014-07-10 06:00:00.000,2014,7,10,6,04005KT,10,09
2014-07-10 07:00:00.000,2014,7,10,7,01003KT,10,07
2014-07-10 08:00:00.000,2014,7,10,8,05006KT,10,09
2014-07-10 09:00:00.000,2014,7,10,9,05007KT,09,08
2014-07-10 10:00:00.000,2014,7,10,10,02003KT,10,09
2014-07-10 10:30:00.000,2014,7,10,10,00000KT,10,09
2014-07-10 11:00:00.000,2014,7,10,11,VRB02KT,10,09
2014-07-10 12:00:00.000,2014,7,10,12,05006KT,11,09
2014-07-10 13:00:00.000,2014,7,10,13,05007KT,13,09
2014-07-10 14:00:00.000,2014,7,10,14,05009KT,15,09
2014-07-10 15:00:00.000,2014,7,10,15,08008KT,16,09
2014-07-10 16:00:00.000,2014,7,10,16,12010KT,17,08
2014-07-10 17:00:00.000,2014,7,10,17,11012KT,19,08
2014-07-10 18:00:00.000,2014,7,10,18,13008KT,18,09
2014-07-10 19:00:00.000,2014,7,10,19,13014KT,18,08
2014-07-10 20:00:00.000,2014,7,10,20,11011KT,18,09
2014-07-10 21:00:00.000,2014,7,10,21,11010KT,18,08
2014-07-10 22:00:00.000,2014,7,10,22,12010KT,17,09
2014-07-10 23:00:00.000,2014,7,10,23,13012KT,16,09
2014-07-11 00:00:00.000,2014,7,11,0,15012KT,15,09
2014-07-11 01:00:00.000,2014,7,11,1,08006KT,14,09
2014-07-11 02:00:00.000,2014,7,11,2,04008KT,13,10
2014-07-11 03:00:00.000,2014,7,11,3,05006KT,13,10
2014-07-11 04:00:00.000,2014,7,11,4,06004KT,12,09
2014-07-11 09:00:00.000,2014,7,11,9,06008KT,10,09
2014-07-11 10:00:00.000,2014,7,11,10,06005KT,09,08
2014-07-11 10:30:00.000,2014,7,11,10,06004KT,10,09
2014-07-11 11:00:00.000,2014,7,11,11,06005KT,11,09
2014-07-11 12:00:00.000,2014,7,11,12,05004KT,12,09
2014-07-11 13:00:00.000,2014,7,11,13,05005KT,14,10
2014-07-11 14:00:00.000,2014,7,11,14,12013KT,17,08
2014-07-11 15:00:00.000,2014,7,11,15,12008KT,18,08
2014-07-11 16:00:00.000,2014,7,11,16,14010KT,18,08
2014-07-11 17:00:00.000,2014,7,11,17,12011KT,19,09
2014-07-11 18:00:00.000,2014,7,11,18,15010KT,17,10
2014-07-11 19:00:00.000,2014,7,11,19,14016KT,19,08
2014-07-11 20:00:00.000,2014,7,11,20,10006KT,17,09
2014-07-11 21:00:00.000,2014,7,11,21,16012KT,17,08
2014-07-11 22:00:00.000,2014,7,11,22,15006KT,16,09
2014-07-11 23:00:00.000,2014,7,11,23,14010KT,15,08
2014-07-12 00:00:00.000,2014,7,12,0,12006KT,14,08
2014-07-12 01:00:00.000,2014,7,12,1,13011KT,14,08
2014-07-12 02:00:00.000,2014,7,12,2,VRB02KT,14,09
2014-07-12 03:00:00.000,2014,7,12,3,19008KT,13,08
2014-07-12 04:00:00.000,2014,7,12,4,VRB02KT,13,09
2014-07-12 05:00:00.000,2014,7,12,5,06003KT,12,10
2014-07-12 06:00:00.000,2014,7,12,6,12003KT,13,09
2014-07-12 07:00:00.000,2014,7,12,7,13004KT,12,09
2014-07-12 08:00:00.000,2014,7,12,8,11004KT,12,08
2014-07-12 09:00:00.000,2014,7,12,9,00000KT,11,09
2014-07-12 10:00:00.000,2014,7,12,10,00000KT,11,09
2014-07-12 10:30:00.000,2014,7,12,10,06003KT,12,09
2014-07-12 11:00:00.000,2014,7,12,11,05004KT,11,08
2014-07-12 12:00:00.000,2014,7,12,12,05003KT,13,09
2014-07-12 13:00:00.000,2014,7,12,13,06008KT,15,10
2014-07-12 13:05:00.000,2014,7,12,13,06006KT,14,10
2014-07-12 14:00:00.000,2014,7,12,14,12004KT,14,10
2014-07-12 15:00:00.000,2014,7,12,15,14015KT,16,10
2014-07-12 16:00:00.000,2014,7,12,16,15011KT,17,10
2014-07-12 17:00:00.000,2014,7,12,17,16010KT,18,09
2014-07-12 18:00:00.000,2014,7,12,18,16014KT,18,10
2014-07-12 19:00:00.000,2014,7,12,19,16010KT,18,09
2014-07-12 20:00:00.000,2014,7,12,20,17015KT,19,09
2014-07-12 21:00:00.000,2014,7,12,21,18014KT,18,08
2014-07-12 22:00:00.000,2014,7,12,22,14008KT,17,09
2014-07-12 22:15:00.000,2014,7,12,22,17011KT,16,10
2014-07-12 23:00:00.000,2014,7,12,23,17006KT,14,11
2014-07-13 00:00:00.000,2014,7,13,0,02006KT,13,10
2014-07-13 01:00:00.000,2014,7,13,1,10006KT,14,09
2014-07-13 02:00:00.000,2014,7,13,2,08006KT,13,09
2014-07-13 03:00:00.000,2014,7,13,3,07006KT,13,09
2014-07-13 04:00:00.000,2014,7,13,4,06005KT,12,09
2014-07-13 05:00:00.000,2014,7,13,5,04004KT,12,09
2014-07-13 06:00:00.000,2014,7,13,6,VRB02KT,11,09
2014-07-13 07:00:00.000,2014,7,13,7,01005KT,10,09
2014-07-13 08:00:00.000,2014,7,13,8,34004KT,10,09
2014-07-13 09:00:00.000,2014,7,13,9,33003KT,10,09
2014-07-13 10:00:00.000,2014,7,13,10,01005KT,10,08
2014-07-13 10:30:00.000,2014,7,13,10,03003KT,10,09
2014-07-13 11:00:00.000,2014,7,13,11,05004KT,09,08
2014-07-13 12:00:00.000,2014,7,13,12,VRB02KT,11,10
2014-07-13 13:00:00.000,2014,7,13,13,06005KT,13,11
2014-07-13 13:35:00.000,2014,7,13,13,VRB02KT,15,11
2014-07-13 14:00:00.000,2014,7,13,14,15008KT,16,10
2014-07-13 15:00:00.000,2014,7,13,15,16015KT,17,10
2014-07-13 16:00:00.000,2014,7,13,16,17005G20KT,17,10
2014-07-13 17:00:00.000,2014,7,13,17,14015KT,16,11
2014-07-13 18:00:00.000,2014,7,13,18,11008KT,15,12
2014-07-13 19:00:00.000,2014,7,13,19,12018KT,16,10
2014-07-13 20:00:00.000,2014,7,13,20,10008KT,15,10
2014-07-13 21:00:00.000,2014,7,13,21,14010KT,14,11
2014-07-13 22:00:00.000,2014,7,13,22,15007KT,15,11
2014-07-13 23:00:00.000,2014,7,13,23,12010KT,15,10
2014-07-14 00:00:00.000,2014,7,14,0,09006KT,14,09
2014-07-14 01:00:00.000,2014,7,14,1,05006KT,13,08
2014-07-14 02:00:00.000,2014,7,14,2,05004KT,12,08
2014-07-14 03:00:00.000,2014,7,14,3,04005KT,11,09
2014-07-14 04:00:00.000,2014,7,14,4,08004KT,11,10
2014-07-14 05:00:00.000,2014,7,14,5,07003KT,11,10
2014-07-14 06:00:00.000,2014,7,14,6,06005KT,11,10
2014-07-14 07:00:00.000,2014,7,14,7,05006KT,11,10
2014-07-14 08:00:00.000,2014,7,14,8,07005KT,11,10
2014-07-14 09:00:00.000,2014,7,14,9,06004KT,10,10
2014-07-14 10:00:00.000,2014,7,14,10,06005KT,10,09
2014-07-14 10:30:00.000,2014,7,14,10,06003KT,10,09
2014-07-14 11:00:00.000,2014,7,14,11,07004KT,10,09
2014-07-14 12:00:00.000,2014,7,14,12,VRB02KT,10,10
2014-07-14 13:00:00.000,2014,7,14,13,09004KT,13,08
2014-07-14 14:00:00.000,2014,7,14,14,11006KT,15,08
2014-07-14 15:00:00.000,2014,7,14,15,13010KT,15,08
2014-07-14 16:00:00.000,2014,7,14,16,12013KT,15,08
2014-07-14 17:00:00.000,2014,7,14,17,13015KT,16,07
2014-07-14 18:00:00.000,2014,7,14,18,14018KT,16,08
2014-07-14 19:00:00.000,2014,7,14,19,15013KT,16,08
2014-07-14 19:20:00.000,2014,7,14,19,18007KT,14,09
2014-07-14 20:00:00.000,2014,7,14,20,14008KT,14,10
2014-07-14 21:00:00.000,2014,7,14,21,10007KT,14,09
2014-07-14 22:00:00.000,2014,7,14,22,10007KT,15,09
2014-07-14 23:00:00.000,2014,7,14,23,11006KT,15,08
2014-07-15 00:00:00.000,2014,7,15,0,12007KT,14,08
2014-07-15 01:00:00.000,2014,7,15,1,36003KT,14,09
2014-07-15 02:00:00.000,2014,7,15,2,VRB02KT,13,10
2014-07-15 03:00:00.000,2014,7,15,3,18003KT,12,10
2014-07-15 04:00:00.000,2014,7,15,4,VRB02KT,11,10
2014-07-15 05:00:00.000,2014,7,15,5,VRB02KT,10,10
2014-07-15 06:00:00.000,2014,7,15,6,VRB02KT,09,09
2014-07-15 07:00:00.000,2014,7,15,7,VRB02KT,09,09
2014-07-15 08:00:00.000,2014,7,15,8,12006KT,10,09
2014-07-15 09:00:00.000,2014,7,15,9,27003KT,09,07
2014-07-15 10:00:00.000,2014,7,15,10,29003KT,09,08
2014-07-15 10:30:00.000,2014,7,15,10,00000KT,09,08
2014-07-15 11:00:00.000,2014,7,15,11,VRB02KT,09,08
2014-07-15 12:00:00.000,2014,7,15,12,03004KT,10,09
2014-07-15 13:00:00.000,2014,7,15,13,12005KT,15,09
2014-07-15 14:00:00.000,2014,7,15,14,11008KT,15,09
2014-07-15 15:00:00.000,2014,7,15,15,13012KT,15,10
2014-07-15 15:25:00.000,2014,7,15,15,14011KT,15,10
2014-07-15 15:45:00.000,2014,7,15,15,16007KT,16,10
2014-07-15 16:00:00.000,2014,7,15,16,15006KT,16,10
2014-07-15 17:00:00.000,2014,7,15,17,15010KT,15,11
2014-07-15 18:00:00.000,2014,7,15,18,15012KT,17,11
2014-07-15 18:20:00.000,2014,7,15,18,15012KT,17,10
2014-07-15 19:00:00.000,2014,7,15,19,15010KT,15,12
2014-07-15 20:00:00.000,2014,7,15,20,15012KT,16,11
2014-07-15 21:00:00.000,2014,7,15,21,15010KT,15,11
2014-07-15 22:00:00.000,2014,7,15,22,14009KT,15,11
2014-07-15 23:00:00.000,2014,7,15,23,15007KT,15,09
2014-07-16 00:00:00.000,2014,7,16,0,11005KT,15,09
2014-07-16 01:00:00.000,2014,7,16,1,11006KT,14,08
2014-07-16 02:00:00.000,2014,7,16,2,12003KT,13,08
2014-07-16 03:00:00.000,2014,7,16,3,04004KT,10,07
2014-07-16 04:00:00.000,2014,7,16,4,VRB02KT,11,08
2014-07-16 04:00:00.000,2014,7,16,4,VRB02KT,11,08
2014-07-16 05:00:00.000,2014,7,16,5,VRB02KT,11,09
2014-07-16 06:00:00.000,2014,7,16,6,VRB02KT,11,09
2014-07-16 07:00:00.000,2014,7,16,7,VRB02KT,11,09
2014-07-16 08:00:00.000,2014,7,16,8,VRB02KT,11,09
2014-07-16 09:00:00.000,2014,7,16,9,06004KT,11,09
2014-07-16 10:00:00.000,2014,7,16,10,00000KT,11,09
2014-07-16 10:30:00.000,2014,7,16,10,VRB02KT,11,09
2014-07-16 11:00:00.000,2014,7,16,11,VRB02KT,11,09
2014-07-16 12:00:00.000,2014,7,16,12,12007KT,12,09
2014-07-16 13:00:00.000,2014,7,16,13,12010KT,15,08
2014-07-16 14:00:00.000,2014,7,16,14,15015KT,15,09
2014-07-16 15:00:00.000,2014,7,16,15,16010KT,16,08
2014-07-16 16:00:00.000,2014,7,16,16,14006KT,16,09
2014-07-16 17:00:00.000,2014,7,16,17,15012KT,16,10
2014-07-16 18:00:00.000,2014,7,16,18,15015KT,17,08
2014-07-16 19:00:00.000,2014,7,16,19,09009KT,17,08
2014-07-16 20:00:00.000,2014,7,16,20,13012KT,16,09
2014-07-16 20:30:00.000,2014,7,16,20,14014KT,15,11
2014-07-16 21:00:00.000,2014,7,16,21,16012KT,15,11
2014-07-16 22:00:00.000,2014,7,16,22,14010KT,16,09
2014-07-16 23:00:00.000,2014,7,16,23,12010KT,15,07
2014-07-17 00:00:00.000,2014,7,17,0,14012KT,14,08
2014-07-17 01:00:00.000,2014,7,17,1,12007KT,14,08
2014-07-17 02:00:00.000,2014,7,17,2,13008KT,14,07
2014-07-17 03:00:00.000,2014,7,17,3,35004KT,12,08
2014-07-17 04:00:00.000,2014,7,17,4,VRB02KT,12,08
2014-07-17 05:00:00.000,2014,7,17,5,13008KT,12,08
2014-07-17 06:00:00.000,2014,7,17,6,14006KT,12,08
2014-07-17 07:00:00.000,2014,7,17,7,04008KT,11,08
2014-07-17 08:00:00.000,2014,7,17,8,04008KT,10,08
2014-07-17 09:00:00.000,2014,7,17,9,04008KT,10,08
2014-07-17 10:00:00.000,2014,7,17,10,04006KT,10,08
2014-07-17 10:30:00.000,2014,7,17,10,05008KT,10,08
2014-07-17 11:00:00.000,2014,7,17,11,06008KT,10,08
2014-07-17 12:00:00.000,2014,7,17,12,07007KT,12,09
2014-07-17 13:00:00.000,2014,7,17,13,07006KT,13,09
2014-07-17 14:00:00.000,2014,7,17,14,12007KT,16,08
2014-07-17 15:00:00.000,2014,7,17,15,15010KT,16,08
2014-07-17 16:00:00.000,2014,7,17,16,15015KT,17,08
2014-07-17 17:00:00.000,2014,7,17,17,17012KT,17,08
2014-07-17 18:00:00.000,2014,7,17,18,14014KT,18,09
2014-07-17 19:00:00.000,2014,7,17,19,15014KT,19,09
2014-07-17 20:00:00.000,2014,7,17,20,16012KT,18,08
2014-07-17 21:00:00.000,2014,7,17,21,15014KT,17,09
2014-07-17 22:00:00.000,2014,7,17,22,15015KT,16,08
2014-07-17 23:00:00.000,2014,7,17,23,13014KT,15,08
2014-07-18 00:00:00.000,2014,7,18,0,14012KT,14,08
2014-07-18 01:00:00.000,2014,7,18,1,13008KT,14,09
2014-07-18 02:00:00.000,2014,7,18,2,VRB02KT,13,10
2014-07-18 03:00:00.000,2014,7,18,3,09004KT,12,10
2014-07-18 04:00:00.000,2014,7,18,4,11003KT,12,10
2014-07-18 05:00:00.000,2014,7,18,5,07004KT,12,10
2014-07-18 06:00:00.000,2014,7,18,6,12004KT,13,09
2014-07-18 07:00:00.000,2014,7,18,7,14006KT,12,08
2014-07-18 08:00:00.000,2014,7,18,8,15010KT,12,08
2014-07-18 09:00:00.000,2014,7,18,9,05003KT,11,08
2014-07-18 10:00:00.000,2014,7,18,10,11005KT,11,08
2014-07-18 10:30:00.000,2014,7,18,10,05006KT,11,09
2014-07-18 11:00:00.000,2014,7,18,11,05005KT,11,09
2014-07-18 12:00:00.000,2014,7,18,12,11004KT,13,08
2014-07-18 13:00:00.000,2014,7,18,13,13012KT,14,07
2014-07-18 14:00:00.000,2014,7,18,14,14014KT,15,07
2014-07-18 15:00:00.000,2014,7,18,15,15016KT,15,07
2014-07-18 16:00:00.000,2014,7,18,16,17017KT,17,06
2014-07-18 17:00:00.000,2014,7,18,17,15016KT,17,06
2014-07-18 18:00:00.000,2014,7,18,18,15018KT,17,07
2014-07-18 19:00:00.000,2014,7,18,19,14012KT,17,06
2014-07-18 20:00:00.000,2014,7,18,20,14010KT,17,06
2014-07-18 21:00:00.000,2014,7,18,21,14012KT,17,06
2014-07-18 22:00:00.000,2014,7,18,22,16010KT,17,07
2014-07-18 23:00:00.000,2014,7,18,23,14010KT,16,08
2014-07-19 00:00:00.000,2014,7,19,0,12009KT,13,07
2014-07-19 01:00:00.000,2014,7,19,1,14011KT,14,06
2014-07-19 02:00:00.000,2014,7,19,2,11006KT,14,06
2014-07-19 03:00:00.000,2014,7,19,3,11007KT,14,07
2014-07-19 04:00:00.000,2014,7,19,4,09003KT,13,08
2014-07-19 05:00:00.000,2014,7,19,5,04004KT,11,08
2014-07-19 06:00:00.000,2014,7,19,6,03005KT,09,08
2014-07-19 07:00:00.000,2014,7,19,7,08003KT,12,07
2014-07-19 08:00:00.000,2014,7,19,8,11008KT,13,06
2014-07-19 09:00:00.000,2014,7,19,9,09005KT,13,07
2014-07-19 10:00:00.000,2014,7,19,10,21005KT,11,09
2014-07-19 10:30:00.000,2014,7,19,10,VRB02KT,11,09
2014-07-19 11:00:00.000,2014,7,19,11,04004KT,11,09
2014-07-19 12:00:00.000,2014,7,19,12,15005KT,14,09
2014-07-19 13:00:00.000,2014,7,19,13,17008KT,14,08
2014-07-19 14:00:00.000,2014,7,19,14,15015KT,15,07
2014-07-19 15:00:00.000,2014,7,19,15,15008G22KT,16,07
2014-07-19 16:00:00.000,2014,7,19,16,16008G24KT,17,08
2014-07-19 17:00:00.000,2014,7,19,17,15015KT,17,08
2014-07-19 18:00:00.000,2014,7,19,18,13015KT,18,09
2014-07-19 19:00:00.000,2014,7,19,19,17010G22KT,17,08
2014-07-19 20:00:00.000,2014,7,19,20,14015KT,17,07
2014-07-19 21:00:00.000,2014,7,19,21,19015KT,17,07
2014-07-19 22:00:00.000,2014,7,19,22,18010KT,17,07
2014-07-19 23:00:00.000,2014,7,19,23,13010KT,15,08
2014-07-20 00:00:00.000,2014,7,20,0,12005KT,14,09
2014-07-20 00:30:00.000,2014,7,20,0,08005KT,13,09
2014-07-20 01:00:00.000,2014,7,20,1,09006KT,13,09
2014-07-20 02:00:00.000,2014,7,20,2,09005KT,13,08
2014-07-20 03:00:00.000,2014,7,20,3,13006KT,13,08
2014-07-20 04:00:00.000,2014,7,20,4,09004KT,10,08
2014-07-20 05:00:00.000,2014,7,20,5,09004KT,13,08
2014-07-20 06:00:00.000,2014,7,20,6,VRB02KT,12,09
2014-07-20 07:00:00.000,2014,7,20,7,VRB02KT,11,09
2014-07-20 08:00:00.000,2014,7,20,8,00000KT,11,09
2014-07-20 09:00:00.000,2014,7,20,9,VRB02KT,11,09
2014-07-20 10:00:00.000,2014,7,20,10,VRB02KT,10,08
2014-07-20 10:30:00.000,2014,7,20,10,03004KT,10,08
2014-07-20 11:00:00.000,2014,7,20,11,05005KT,10,08
2014-07-20 12:00:00.000,2014,7,20,12,06005KT,11,10
2014-07-20 13:00:00.000,2014,7,20,13,VRB02KT,13,10
2014-07-20 13:30:00.000,2014,7,20,13,12005KT,16,10
2014-07-20 14:00:00.000,2014,7,20,14,08010KT,16,10
2014-07-20 14:15:00.000,2014,7,20,14,15010KT,15,09
2014-07-20 15:00:00.000,2014,7,20,15,13010KT,15,10
2014-07-20 16:00:00.000,2014,7,20,16,18010KT,17,10
2014-07-20 18:00:00.000,2014,7,20,18,14011KT,17,08
2014-07-20 19:00:00.000,2014,7,20,19,15011KT,17,09
2014-07-20 20:00:00.000,2014,7,20,20,15012KT,17,09
2014-07-20 21:00:00.000,2014,7,20,21,16011KT,17,08
2014-07-20 22:00:00.000,2014,7,20,22,17013KT,16,08
2014-07-20 23:00:00.000,2014,7,20,23,13009KT,15,07
2014-07-21 00:00:00.000,2014,7,21,0,15009KT,13,07
2014-07-21 01:00:00.000,2014,7,21,1,06003KT,14,07
2014-07-21 02:00:00.000,2014,7,21,2,11007KT,13,07
2014-07-21 03:00:00.000,2014,7,21,3,05006KT,12,08
2014-07-21 04:00:00.000,2014,7,21,4,12004KT,12,08
2014-07-21 05:00:00.000,2014,7,21,5,04006KT,12,08
2014-07-21 06:00:00.000,2014,7,21,6,VRB02KT,11,08
2014-07-21 07:00:00.000,2014,7,21,7,08005KT,11,07
2014-07-21 08:00:00.000,2014,7,21,8,04006KT,10,08
2014-07-21 09:00:00.000,2014,7,21,9,07008KT,10,08
2014-07-21 10:00:00.000,2014,7,21,10,03006KT,10,08
2014-07-21 10:30:00.000,2014,7,21,10,03005KT,10,08
2014-07-21 11:00:00.000,2014,7,21,11,05005KT,10,08
2014-07-21 12:00:00.000,2014,7,21,12,06008KT,12,09
2014-07-21 13:00:00.000,2014,7,21,13,07005KT,14,08
2014-07-21 14:00:00.000,2014,7,21,14,08005KT,15,08
2014-07-21 15:00:00.000,2014,7,21,15,16015KT,18,08
2014-07-21 16:00:00.000,2014,7,21,16,11010KT,17,07
2014-07-21 17:00:00.000,2014,7,21,17,16015KT,17,07
2014-07-21 18:00:00.000,2014,7,21,18,15010KT,17,09
2014-07-21 19:00:00.000,2014,7,21,19,14010KT,16,08
2014-07-21 20:00:00.000,2014,7,21,20,16010KT,17,08
2014-07-21 21:00:00.000,2014,7,21,21,VRB02KT,17,07
2014-07-21 22:00:00.000,2014,7,21,22,14005KT,17,07
2014-07-21 23:00:00.000,2014,7,21,23,10010KT,16,07
2014-07-22 00:00:00.000,2014,7,22,0,13008KT,15,07
2014-07-22 01:00:00.000,2014,7,22,1,VRB02KT,15,07
2014-07-22 02:00:00.000,2014,7,22,2,05004KT,13,09
2014-07-22 03:00:00.000,2014,7,22,3,03005KT,12,10
2014-07-22 03:30:00.000,2014,7,22,3,06004KT,12,10
2014-07-22 04:00:00.000,2014,7,22,4,VRB02KT,12,10
2014-07-22 05:00:00.000,2014,7,22,5,VRB02KT,11,10
2014-07-22 06:00:00.000,2014,7,22,6,03003KT,11,10
2014-07-22 07:00:00.000,2014,7,22,7,05008KT,11,10
2014-07-22 08:00:00.000,2014,7,22,8,05007KT,11,10
2014-07-22 09:00:00.000,2014,7,22,9,07005KT,11,10
2014-07-22 10:00:00.000,2014,7,22,10,06007KT,11,10
2014-07-22 10:30:00.000,2014,7,22,10,06008KT,11,09
2014-07-22 11:00:00.000,2014,7,22,11,06007KT,11,09
2014-07-22 12:00:00.000,2014,7,22,12,08007KT,13,10
2014-07-22 13:00:00.000,2014,7,22,13,09010KT,15,10
2014-07-22 14:00:00.000,2014,7,22,14,12015KT,16,09
2014-07-22 15:00:00.000,2014,7,22,15,13012KT,17,09
2014-07-22 16:00:00.000,2014,7,22,16,13012KT,17,09
2014-07-22 17:00:00.000,2014,7,22,17,08010KT,17,10
2014-07-22 18:00:00.000,2014,7,22,18,13012KT,18,09
2014-07-22 19:00:00.000,2014,7,22,19,11012KT,19,08
2014-07-22 20:00:00.000,2014,7,22,20,12013KT,19,08
2014-07-22 21:00:00.000,2014,7,22,21,12008KT,18,08
2014-07-22 22:00:00.000,2014,7,22,22,05008KT,17,08
2014-07-22 23:00:00.000,2014,7,22,23,12008KT,16,06
2014-07-23 00:00:00.000,2014,7,23,0,11008KT,15,06
2014-07-23 01:00:00.000,2014,7,23,1,VRB02KT,13,07
2014-07-23 02:00:00.000,2014,7,23,2,06004KT,11,07
2014-07-23 03:00:00.000,2014,7,23,3,07004KT,11,08
2014-07-23 04:00:00.000,2014,7,23,4,VRB02KT,10,08
2014-07-23 05:00:00.000,2014,7,23,5,VRB02KT,11,08
2014-07-23 06:00:00.000,2014,7,23,6,05004KT,11,09
2014-07-23 07:00:00.000,2014,7,23,7,05003KT,11,09
2014-07-23 08:00:00.000,2014,7,23,8,05003KT,11,09
2014-07-23 09:00:00.000,2014,7,23,9,05005KT,11,10
2014-07-23 09:10:00.000,2014,7,23,9,05005KT,11,10
2014-07-23 10:00:00.000,2014,7,23,10,VRB02KT,11,10
2014-07-23 10:30:00.000,2014,7,23,10,VRB02KT,11,10
2014-07-23 11:00:00.000,2014,7,23,11,VRB02KT,10,09
2014-07-23 12:00:00.000,2014,7,23,12,03004KT,11,10
2014-07-23 13:00:00.000,2014,7,23,13,06007KT,13,11
2014-07-23 14:00:00.000,2014,7,23,14,14012KT,15,10
2014-07-23 15:00:00.000,2014,7,23,15,16018KT,16,10
2014-07-23 16:00:00.000,2014,7,23,16,17014KT,17,09
2014-07-23 17:00:00.000,2014,7,23,17,16015KT,17,08
2014-07-23 18:00:00.000,2014,7,23,18,13010KT,18,09
2014-07-23 19:00:00.000,2014,7,23,19,12009KT,19,07
2014-07-23 20:00:00.000,2014,7,23,20,14010KT,19,08
2014-07-23 21:00:00.000,2014,7,23,21,13011KT,18,08
2014-07-23 22:00:00.000,2014,7,23,22,16014KT,17,07
2014-07-23 23:00:00.000,2014,7,23,23,13013KT,16,07
2014-07-24 00:00:00.000,2014,7,24,0,01008KT,13,10
2014-07-24 01:00:00.000,2014,7,24,1,09005KT,14,09
2014-07-24 02:00:00.000,2014,7,24,2,08004KT,14,09
2014-07-24 03:00:00.000,2014,7,24,3,10005KT,14,08
2014-07-24 04:00:00.000,2014,7,24,4,36003KT,11,08
2014-07-24 05:00:00.000,2014,7,24,5,32003KT,10,08
2014-07-24 06:00:00.000,2014,7,24,6,01003KT,11,09
2014-07-24 07:00:00.000,2014,7,24,7,VRB02KT,11,09
2014-07-24 08:00:00.000,2014,7,24,8,00000KT,11,09
2014-07-24 09:00:00.000,2014,7,24,9,VRB02KT,10,09
2014-07-24 10:00:00.000,2014,7,24,10,03005KT,10,09
2014-07-24 10:30:00.000,2014,7,24,10,00000KT,11,10
2014-07-24 11:00:00.000,2014,7,24,11,01004KT,11,10
2014-07-24 12:00:00.000,2014,7,24,12,03004KT,12,10
2014-07-24 13:00:00.000,2014,7,24,13,02004KT,13,11
2014-07-24 14:00:00.000,2014,7,24,14,22004KT,14,13
2014-07-24 15:00:00.000,2014,7,24,15,13006KT,16,10
2014-07-24 16:00:00.000,2014,7,24,16,14016KT,16,11
2014-07-24 17:00:00.000,2014,7,24,17,17014KT,17,10
2014-07-24 18:00:00.000,2014,7,24,18,18016KT,17,10
2014-07-24 19:00:00.000,2014,7,24,19,16018KT,17,10
2014-07-24 20:00:00.000,2014,7,24,20,14014KT,16,09
2014-07-24 21:00:00.000,2014,7,24,21,14010KT,17,08
2014-07-24 22:00:00.000,2014,7,24,22,14014KT,17,07
2014-07-24 23:00:00.000,2014,7,24,23,14010KT,15,07
2014-07-25 00:00:00.000,2014,7,25,0,11007KT,15,07
2014-07-25 01:00:00.000,2014,7,25,1,12004KT,14,07
2014-07-25 02:00:00.000,2014,7,25,2,13008KT,13,08
2014-07-25 03:00:00.000,2014,7,25,3,VRB02KT,14,08
2014-07-25 04:00:00.000,2014,7,25,4,VRB02KT,12,08
2014-07-25 05:00:00.000,2014,7,25,5,VRB02KT,12,09
2014-07-25 06:00:00.000,2014,7,25,6,VRB02KT,11,09
2014-07-25 07:00:00.000,2014,7,25,7,05003KT,11,10
2014-07-25 08:00:00.000,2014,7,25,8,04007KT,11,09
2014-07-25 09:00:00.000,2014,7,25,9,05007KT,11,10
2014-07-25 10:00:00.000,2014,7,25,10,08004KT,10,09
2014-07-25 10:30:00.000,2014,7,25,10,08004KT,09,08
2014-07-25 11:00:00.000,2014,7,25,11,05004KT,09,08
2014-07-25 12:00:00.000,2014,7,25,12,06004KT,11,09
2014-07-25 12:35:00.000,2014,7,25,12,09006KT,14,10
2014-07-25 13:00:00.000,2014,7,25,13,14008KT,15,10
2014-07-25 14:00:00.000,2014,7,25,14,12008KT,15,07
2014-07-25 15:00:00.000,2014,7,25,15,13014KT,17,08
2014-07-25 16:00:00.000,2014,7,25,16,16014KT,17,09
2014-07-25 17:00:00.000,2014,7,25,17,14018KT,19,08
2014-07-25 18:00:00.000,2014,7,25,18,10012KT,19,06
2014-07-25 19:00:00.000,2014,7,25,19,12012KT,20,06
2014-07-25 20:00:00.000,2014,7,25,20,10014KT,20,04
2014-07-25 21:00:00.000,2014,7,25,21,07010KT,19,06
2014-07-25 22:00:00.000,2014,7,25,22,06010KT,19,05
2014-07-25 23:00:00.000,2014,7,25,23,10010KT,18,05
2014-07-26 00:00:00.000,2014,7,26,0,10006KT,16,05
2014-07-26 01:00:00.000,2014,7,26,1,05005KT,14,06
2014-07-26 02:00:00.000,2014,7,26,2,04004KT,12,07
2014-07-26 03:00:00.000,2014,7,26,3,02004KT,11,07
2014-07-26 04:00:00.000,2014,7,26,4,09005KT,14,06
2014-07-26 05:00:00.000,2014,7,26,5,10005KT,13,08
2014-07-26 06:00:00.000,2014,7,26,6,01004KT,11,08
2014-07-26 07:00:00.000,2014,7,26,7,04003KT,10,08
2014-07-26 08:00:00.000,2014,7,26,8,03008KT,11,08
2014-07-26 09:00:00.000,2014,7,26,9,03006KT,09,08
2014-07-26 10:00:00.000,2014,7,26,10,02006KT,09,08
2014-07-26 10:30:00.000,2014,7,26,10,05009KT,10,08
2014-07-26 11:00:00.000,2014,7,26,11,36004KT,09,08
2014-07-26 12:00:00.000,2014,7,26,12,04006KT,11,09
2014-07-26 13:00:00.000,2014,7,26,13,08006KT,13,09
2014-07-26 14:00:00.000,2014,7,26,14,18006KT,16,08
2014-07-26 15:00:00.000,2014,7,26,15,12010KT,18,07
2014-07-26 16:00:00.000,2014,7,26,16,16012KT,19,08
2014-07-26 17:00:00.000,2014,7,26,17,12012KT,20,07
2014-07-26 18:00:00.000,2014,7,26,18,15007KT,21,06
2014-07-26 19:00:00.000,2014,7,26,19,11012KT,18,06
2014-07-26 19:15:00.000,2014,7,26,19,08008KT,17,08
2014-07-26 20:00:00.000,2014,7,26,20,08008KT,17,08
2014-07-26 21:00:00.000,2014,7,26,21,11010KT,15,09
2014-07-26 22:00:00.000,2014,7,26,22,10006KT,15,07
2014-07-26 23:00:00.000,2014,7,26,23,12006KT,15,07
2014-07-27 00:00:00.000,2014,7,27,0,02005KT,14,07
2014-07-27 01:00:00.000,2014,7,27,1,00000KT,13,08
2014-07-27 02:00:00.000,2014,7,27,2,VRB02KT,12,09
2014-07-27 03:00:00.000,2014,7,27,3,06003KT,12,08
2014-07-27 04:00:00.000,2014,7,27,4,17007KT,14,08
2014-07-27 05:00:00.000,2014,7,27,5,16004KT,13,08
2014-07-27 06:00:00.000,2014,7,27,6,06005KT,12,09
2014-07-27 07:00:00.000,2014,7,27,7,07008KT,12,08
2014-07-27 08:00:00.000,2014,7,27,8,VRB02KT,11,08
2014-07-27 09:00:00.000,2014,7,27,9,04005KT,10,08
2014-07-27 10:00:00.000,2014,7,27,10,VRB02KT,10,08
2014-07-27 10:30:00.000,2014,7,27,10,VRB02KT,10,08
2014-07-27 11:00:00.000,2014,7,27,11,00000KT,10,08
2014-07-27 12:00:00.000,2014,7,27,12,VRB02KT,11,09
2014-07-27 13:00:00.000,2014,7,27,13,01005KT,12,09
2014-07-27 14:00:00.000,2014,7,27,14,16004KT,14,08
2014-07-27 15:00:00.000,2014,7,27,15,14005KT,15,08
2014-07-27 16:00:00.000,2014,7,27,16,12009KT,16,07
2014-07-27 17:00:00.000,2014,7,27,17,13012KT,17,07
2014-07-27 18:00:00.000,2014,7,27,18,17010KT,18,06
2014-07-27 19:00:00.000,2014,7,27,19,09009KT,19,06
2014-07-27 20:00:00.000,2014,7,27,20,12010KT,19,05
2014-07-27 21:00:00.000,2014,7,27,21,15019KT,17,06
2014-07-27 22:00:00.000,2014,7,27,22,11010KT,16,06
2014-07-27 23:00:00.000,2014,7,27,23,05005KT,14,07
2014-07-28 00:00:00.000,2014,7,28,0,05008KT,14,08
2014-07-28 01:00:00.000,2014,7,28,1,08005KT,14,08
2014-07-28 02:00:00.000,2014,7,28,2,07004KT,12,08
2014-07-28 03:00:00.000,2014,7,28,3,07004KT,14,08
2014-07-28 04:00:00.000,2014,7,28,4,09006KT,13,08
2014-07-28 05:00:00.000,2014,7,28,5,VRB02KT,12,08
2014-07-28 06:00:00.000,2014,7,28,6,VRB02KT,11,08
2014-07-28 07:00:00.000,2014,7,28,7,00000KT,11,08
2014-07-28 08:00:00.000,2014,7,28,8,VRB02KT,11,09
2014-07-28 09:00:00.000,2014,7,28,9,01003KT,11,09
2014-07-28 10:00:00.000,2014,7,28,10,03008KT,10,09
2014-07-28 10:30:00.000,2014,7,28,10,07009KT,10,09
2014-07-28 11:00:00.000,2014,7,28,11,08007KT,10,09
2014-07-28 12:00:00.000,2014,7,28,12,10006KT,11,09
2014-07-28 13:00:00.000,2014,7,28,13,15010KT,14,08
2014-07-28 13:30:00.000,2014,7,28,13,10012KT,17,07
2014-07-28 14:00:00.000,2014,7,28,14,10016KT,17,07
2014-07-28 15:00:00.000,2014,7,28,15,13020KT,18,08
2014-07-28 16:00:00.000,2014,7,28,16,14016KT,18,07
2014-07-28 17:00:00.000,2014,7,28,17,14016KT,19,07
2014-07-28 18:00:00.000,2014,7,28,18,14015KT,20,06
2014-07-28 19:00:00.000,2014,7,28,19,14014KT,20,06
2014-07-28 20:00:00.000,2014,7,28,20,12014KT,19,05
2014-07-28 21:00:00.000,2014,7,28,21,12015KT,19,06
2014-07-28 22:00:00.000,2014,7,28,22,14012KT,18,05
2014-07-28 23:00:00.000,2014,7,28,23,13013KT,17,06
2014-07-29 00:00:00.000,2014,7,29,0,14010KT,14,07
2014-07-29 01:00:00.000,2014,7,29,1,13009KT,15,06
2014-07-29 02:00:00.000,2014,7,29,2,09007KT,14,06
2014-07-29 03:00:00.000,2014,7,29,3,09006KT,13,06
2014-07-29 04:00:00.000,2014,7,29,4,08005KT,13,02
2014-07-29 05:00:00.000,2014,7,29,5,03006KT,10,05
2014-07-29 06:00:00.000,2014,7,29,6,05004KT,09,06
2014-07-29 07:00:00.000,2014,7,29,7,VRB02KT,10,06
2014-07-29 08:00:00.000,2014,7,29,8,04005KT,08,06
2014-07-29 09:00:00.000,2014,7,29,9,05006KT,10,07
2014-07-29 10:00:00.000,2014,7,29,10,08005KT,10,7
2014-07-29 10:30:00.000,2014,7,29,10,04005KT,09,06
2014-07-29 11:00:00.000,2014,7,29,11,VRB02KT,08,06
2014-07-29 12:00:00.000,2014,7,29,12,08006KT,11,07
2014-07-29 13:00:00.000,2014,7,29,13,12012KT,14,06
2014-07-29 14:00:00.000,2014,7,29,14,16008KT,16,06
2014-07-29 15:00:00.000,2014,7,29,15,14018KT,17,07
2014-07-29 16:00:00.000,2014,7,29,16,16014KT,17,07
2014-07-29 17:00:00.000,2014,7,29,17,15018KT,17,07
2014-07-29 18:00:00.000,2014,7,29,18,14013KT,17,06
2014-07-29 19:00:00.000,2014,7,29,19,14015KT,16,06
2014-07-29 20:00:00.000,2014,7,29,20,14018KT,17,07
2014-07-29 21:00:00.000,2014,7,29,21,15010KT,16,07
2014-07-29 22:00:00.000,2014,7,29,22,18009KT,16,07
2014-07-29 23:00:00.000,2014,7,29,23,14010KT,15,07
2014-07-30 00:00:00.000,2014,7,30,0,17007KT,14,07
2014-07-30 01:00:00.000,2014,7,30,1,15008KT,14,07
2014-07-30 02:00:00.000,2014,7,30,2,10007KT,14,07
2014-07-30 03:00:00.000,2014,7,30,3,06003KT,12,07
2014-07-30 04:00:00.000,2014,7,30,4,04006KT,12,08
2014-07-30 05:00:00.000,2014,7,30,5,12006KT,12,08
2014-07-30 06:00:00.000,2014,7,30,6,36003KT,11,09
2014-07-30 07:00:00.000,2014,7,30,7,04008KT,10,09
2014-07-30 08:00:00.000,2014,7,30,8,02003KT,10,08
2014-07-30 09:00:00.000,2014,7,30,9,03005KT,10,09
2014-07-30 10:00:00.000,2014,7,30,10,VRB02KT,09,08
2014-07-30 10:30:00.000,2014,7,30,10,36003KT,09,08
2014-07-30 11:00:00.000,2014,7,30,11,04004KT,09,08
2014-07-30 12:00:00.000,2014,7,30,12,04005KT,11,09
2014-07-30 13:00:00.000,2014,7,30,13,VRB02KT,13,09
2014-07-30 14:00:00.000,2014,7,30,14,16008KT,15,09
2014-07-30 15:00:00.000,2014,7,30,15,15011KT,16,08
2014-07-30 16:00:00.000,2014,7,30,16,18013KT,17,08
2014-07-30 17:00:00.000,2014,7,30,17,14012KT,18,09
2014-07-30 18:00:00.000,2014,7,30,18,15014KT,18,08
2014-07-30 19:00:00.000,2014,7,30,19,16015KT,19,09
2014-07-30 20:00:00.000,2014,7,30,20,17013KT,18,09
2014-07-30 21:00:00.000,2014,7,30,21,18012KT,18,08
2014-07-30 22:00:00.000,2014,7,30,22,18012KT,17,07
2014-07-30 23:00:00.000,2014,7,30,23,16013KT,16,07
2014-07-31 00:00:00.000,2014,7,31,0,16006KT,15,07
2014-07-31 01:00:00.000,2014,7,31,1,14003KT,13,07
2014-07-31 02:00:00.000,2014,7,31,2,VRB02KT,13,08
2014-07-31 03:00:00.000,2014,7,31,3,05006KT,12,09
2014-07-31 04:00:00.000,2014,7,31,4,10010KT,13,08
2014-07-31 05:00:00.000,2014,7,31,5,05008KT,13,08
2014-07-31 06:00:00.000,2014,7,31,6,VRB02KT,10,08
2014-07-31 07:00:00.000,2014,7,31,7,VRB02KT,09,07
2014-07-31 08:00:00.000,2014,7,31,8,06005KT,11,08
2014-07-31 09:00:00.000,2014,7,31,9,VRB02KT,11,08
2014-07-31 10:00:00.000,2014,7,31,10,07004KT,11,09
2014-07-31 10:30:00.000,2014,7,31,10,06006KT,10,08
2014-07-31 11:00:00.000,2014,7,31,11,05004KT,11,09
2014-07-31 12:00:00.000,2014,7,31,12,03007KT,11,09
2014-07-31 13:00:00.000,2014,7,31,13,10010KT,14,10
2014-07-31 14:00:00.000,2014,7,31,14,14009KT,16,08
2014-07-31 15:00:00.000,2014,7,31,15,15016KT,17,07
2014-07-31 16:00:00.000,2014,7,31,16,14014KT,17,07
2014-07-31 17:00:00.000,2014,7,31,17,15016KT,19,08
2014-07-31 18:00:00.000,2014,7,31,18,15010KT,19,06
2014-07-31 19:00:00.000,2014,7,31,19,14009KT,19,08
2014-07-31 20:00:00.000,2014,7,31,20,19007KT,19,06
2014-07-31 21:00:00.000,2014,7,31,21,07007KT,18,07
2014-07-31 22:00:00.000,2014,7,31,22,09009KT,17,07
2014-07-31 23:00:00.000,2014,7,31,23,36003KT,16,08
2014-08-01 00:00:00.000,2014,8,1,0,33004KT,15,10
2014-08-01 01:00:00.000,2014,8,1,1,17006KT,14,09
2014-08-01 03:00:00.000,2014,8,1,3,00000KT,12,07
2014-08-01 04:00:00.000,2014,8,1,4,03003KT,12,09
2014-08-01 05:00:00.000,2014,8,1,5,05006KT,11,09
2014-08-01 06:00:00.000,2014,8,1,6,00000KT,11,09
2014-08-01 07:00:00.000,2014,8,1,7,05004KT,11,09
2014-08-01 08:00:00.000,2014,8,1,8,07003KT,10,08
2014-08-01 09:00:00.000,2014,8,1,9,02003KT,09,08
2014-08-01 10:00:00.000,2014,8,1,10,02003KT,09,08
2014-08-01 10:30:00.000,2014,8,1,10,05005KT,09,07
2014-08-01 11:00:00.000,2014,8,1,11,05005KT,08,07
2014-08-01 12:00:00.000,2014,8,1,12,06004KT,10,08
2014-08-01 13:00:00.000,2014,8,1,13,08004KT,15,08
2014-08-01 14:00:00.000,2014,8,1,14,20006KT,15,08
2014-08-01 15:00:00.000,2014,8,1,15,18014KT,16,07
2014-08-01 17:00:00.000,2014,8,1,17,15012KT,16,08
2014-08-01 18:00:00.000,2014,8,1,18,12008KT,17,08
2014-08-01 19:00:00.000,2014,8,1,19,12006KT,18,07
2014-08-01 20:00:00.000,2014,8,1,20,15007KT,18,07
2014-08-01 21:00:00.000,2014,8,1,21,15007KT,18,07
2014-08-01 22:00:00.000,2014,8,1,22,12008KT,17,07
2014-08-01 23:00:00.000,2014,8,1,23,18007KT,17,07
2014-08-02 00:00:00.000,2014,8,2,0,13006KT,16,08
2014-08-02 05:00:00.000,2014,8,2,5,VRB02KT,12,09
2014-08-02 10:30:00.000,2014,8,2,10,03004KT,11,10
2014-08-03 01:00:00.000,2014,8,3,1,18008KT,12,07
2014-08-03 08:00:00.000,2014,8,3,8,02003KT,09,07
2014-08-03 10:30:00.000,2014,8,3,10,VRB02KT,09,07
2014-08-03 18:00:00.000,2014,8,3,18,14014KT,18,09
2014-08-04 01:00:00.000,2014,8,4,1,VRB02KT,13,07
2014-08-04 05:00:00.000,2014,8,4,5,VRB02KT,08,06
2014-08-04 10:30:00.000,2014,8,4,10,VRB02KT,05,04
2014-08-04 13:00:00.000,2014,8,4,13,36006KT,14,09
2014-08-05 01:40:00.000,2014,8,5,1,VRB02KT,11,06
2014-08-05 09:00:00.000,2014,8,5,9,VRB02KT,07,06
2014-08-05 10:30:00.000,2014,8,5,10,VRB02KT,08,07
2014-08-05 16:00:00.000,2014,8,5,16,12006KT,17,07
2014-08-05 17:00:00.000,2014,8,5,17,14010KT,17,09
2014-08-05 18:00:00.000,2014,8,5,18,12005KT,17,06
2014-08-05 19:00:00.000,2014,8,5,19,06012KT,18,07
2014-08-05 20:00:00.000,2014,8,5,20,05010KT,16,08
2014-08-05 21:00:00.000,2014,8,5,21,06015KT,15,08
2014-08-05 22:00:00.000,2014,8,5,22,07010KT,15,08
2014-08-05 23:00:00.000,2014,8,5,23,08004KT,15,08
2014-08-05 23:30:00.000,2014,8,5,23,10006KT,15,07
2014-08-06 00:00:00.000,2014,8,6,0,12004KT,14,08
2014-08-06 01:00:00.000,2014,8,6,1,06008KT,12,08
2014-08-06 02:00:00.000,2014,8,6,2,VRB02KT,11,07
2014-08-06 03:00:00.000,2014,8,6,3,01003KT,11,07
2014-08-06 04:00:00.000,2014,8,6,4,06003KT,12,08
2014-08-06 05:00:00.000,2014,8,6,5,15003KT,13,08
2014-08-06 07:00:00.000,2014,8,6,7,12004LT,12,08
2014-08-06 08:00:00.000,2014,8,6,8,VRB02KT,11,08
2014-08-06 09:00:00.000,2014,8,6,9,03005KT,10,08
2014-08-06 10:00:00.000,2014,8,6,10,05004KT,10,08
2014-08-06 10:30:00.000,2014,8,6,10,VRB02KT,10,09
2014-08-06 11:00:00.000,2014,8,6,11,VRB02KT,10,09
2014-08-06 12:00:00.000,2014,8,6,12,06006KT,12,10
2014-08-06 12:20:00.000,2014,8,6,12,05006KT,12,10
2014-08-06 12:30:00.000,2014,8,6,12,03006KT,12,10
2014-08-06 13:00:00.000,2014,8,6,13,02004KT,12,10
2014-08-06 14:00:00.000,2014,8,6,14,14004KT,14,11
2014-08-06 15:00:00.000,2014,8,6,15,200004KT,14,10
2014-08-06 15:25:00.000,2014,8,6,15,14016KT,16,10
2014-08-06 16:00:00.000,2014,8,6,16,16016KT,16,10
2014-08-06 17:00:00.000,2014,8,6,17,16014KT,17,08
2014-08-06 18:00:00.000,2014,8,6,18,15014KT,17,10
2014-08-06 19:00:00.000,2014,8,6,19,16013KT,17,07
2014-08-06 20:00:00.000,2014,8,6,20,18014KT,17,07
2014-08-06 21:00:00.000,2014,8,6,21,15015KT,17,07
2014-08-06 22:00:00.000,2014,8,6,22,14010KT,16,07
2014-08-06 23:00:00.000,2014,8,6,23,14014KT,15,06
2014-08-07 00:00:00.000,2014,8,7,0,13010KT,13,07
2014-08-07 01:00:00.000,2014,8,7,1,12010KT,14,07
2014-08-07 02:00:00.000,2014,8,7,2,05004KT,12,09
2014-08-07 03:00:00.000,2014,8,7,3,13003KT,12,09
2014-08-07 04:00:00.000,2014,8,7,4,03003KT,12,10
2014-08-07 05:00:00.000,2014,8,7,5,02005KT,12,09
2014-08-07 06:00:00.000,2014,8,7,6,05005KT,10,09
2014-08-07 07:00:00.000,2014,8,7,7,04004KT,11,09
2014-08-07 08:00:00.000,2014,8,7,8,32003KT,10,09
2014-08-07 09:00:00.000,2014,8,7,9,VRB02KT,09,09
2014-08-07 10:00:00.000,2014,8,7,10,07004KT,09,08
2014-08-07 10:30:00.000,2014,8,7,10,06003KT,09,08
2014-08-07 11:00:00.000,2014,8,7,11,VRB02KT,09,09
2014-08-07 12:00:00.000,2014,8,7,12,VRB02KT,10,09
2014-08-07 13:00:00.000,2014,8,7,13,03006KT,12,09
2014-08-07 14:00:00.000,2014,8,7,14,VERB02KT,13,09
2014-08-07 15:00:00.000,2014,8,7,15,VRB02KT,14,09
2014-08-07 16:00:00.000,2014,8,7,16,19008KT,16,09
2014-08-07 17:00:00.000,2014,8,7,17,18010KT,16,08
2014-08-07 18:00:00.000,2014,8,7,18,14015KT,17,08
2014-08-07 19:00:00.000,2014,8,7,19,11015KT,17,07
2014-08-07 20:00:00.000,2014,8,7,20,16010KT,17,07
2014-08-07 21:00:00.000,2014,8,7,21,15010KT,18,06
2014-08-07 22:00:00.000,2014,8,7,22,17015KT,17,06
2014-08-07 23:00:00.000,2014,8,7,23,15010KT,15,06
2014-08-08 00:00:00.000,2014,8,8,0,12003KT,13,07
2014-08-08 01:00:00.000,2014,8,8,1,09005KT,13,07
2014-08-08 02:00:00.000,2014,8,8,2,35003KT,12,08
2014-08-08 03:00:00.000,2014,8,8,3,08003KT,12,08
2014-08-08 04:00:00.000,2014,8,8,4,03004KT,10,08
2014-08-08 05:00:00.000,2014,8,8,5,07004KT,10,08
2014-08-08 06:00:00.000,2014,8,8,6,03003KT,10,08
2014-08-08 07:00:00.000,2014,8,8,7,36003KT,10,08
2014-08-08 09:00:00.000,2014,8,8,9,04003KT,10,08
2014-08-08 10:00:00.000,2014,8,8,10,06003KT,10,08
2014-08-08 11:00:00.000,2014,8,8,11,36003KT,10,08
2014-08-08 12:00:00.000,2014,8,8,12,03003KT,11,08
2014-08-08 13:00:00.000,2014,8,8,13,05008KT,13,09
2014-08-08 14:00:00.000,2014,8,8,14,06005KT,14,09
2014-08-08 15:00:00.000,2014,8,8,15,VRB02KT,15,09
2014-08-08 16:00:00.000,2014,8,8,16,07006KT,16,09
2014-08-08 17:00:00.000,2014,8,8,17,11010KT,17,08
2014-08-08 18:00:00.000,2014,8,8,18,15010KT,17,07
2014-08-08 19:00:00.000,2014,8,8,19,13008KT,18,07
2014-08-08 20:00:00.000,2014,8,8,20,06008KT,19,09
2014-08-08 21:00:00.000,2014,8,8,21,20008KT,18,07
2014-08-08 21:40:00.000,2014,8,8,21,02014KT,15,12
2014-08-08 22:00:00.000,2014,8,8,22,20006KT,13,11
2014-08-08 23:00:00.000,2014,8,8,23,18010KT,13,10
2014-08-09 00:00:00.000,2014,8,9,0,05003KT,12,11
2014-08-09 01:00:00.000,2014,8,9,1,09005KT,13,09
2014-08-09 01:00:00.000,2014,8,9,1,12008KT,13,10
2014-08-09 02:00:00.000,2014,8,9,2,08003KT,13,10
2014-08-09 03:00:00.000,2014,8,9,3,07005KT,11,10
2014-08-09 04:00:00.000,2014,8,9,4,07004KT,11,10
2014-08-09 05:00:00.000,2014,8,9,5,08005KT,11,10
2014-08-09 06:00:00.000,2014,8,9,6,05003KT,11,09
2014-08-09 07:00:00.000,2014,8,9,7,VRB02KT,11,10
2014-08-09 08:00:00.000,2014,8,9,8,36003KT,11,10
2014-08-09 09:00:00.000,2014,8,9,9,05006KT,11,10
2014-08-09 10:00:00.000,2014,8,9,10,05005KT,10,09
2014-08-09 10:15:00.000,2014,8,9,10,07006KT,10,09
2014-08-09 10:30:00.000,2014,8,9,10,04005KT,10,09
2014-08-09 11:00:00.000,2014,8,9,11,35003KT,11,10
2014-08-09 12:00:00.000,2014,8,9,12,VRB02KT,10,09
2014-08-09 13:00:00.000,2014,8,9,13,VRB02KT,12,10
2014-08-09 14:00:00.000,2014,8,9,14,04005KT,14,10
2014-08-09 15:00:00.000,2014,8,9,15,15010KT,13,10
2014-08-09 15:05:00.000,2014,8,9,15,15010KT,13,10
2014-08-09 16:00:00.000,2014,8,9,16,17010KT,14,11
2014-08-09 16:10:00.000,2014,8,9,16,17010KT,14,11
2014-08-09 16:40:00.000,2014,8,9,16,15008T,15,11
2014-08-09 17:00:00.000,2014,8,9,17,13010KT,16,11
2014-08-09 18:00:00.000,2014,8,9,18,17015KT,16,10
2014-08-09 18:15:00.000,2014,8,9,18,17015KT,16,10
2014-08-09 19:00:00.000,2014,8,9,19,17010KT,13,10
2014-08-09 19:10:00.000,2014,8,9,19,17010KT,13,10
2014-08-09 20:00:00.000,2014,8,9,20,16008KT,16,10
2014-08-09 21:00:00.000,2014,8,9,21,15015KT,17,08
2014-08-09 22:00:00.000,2014,8,9,22,14010KT,17,07
2014-08-09 23:00:00.000,2014,8,9,23,11008KT,16,07
2014-08-10 00:00:00.000,2014,8,10,0,07008KT,14,08
2014-08-10 01:00:00.000,2014,8,10,1,9006KT,14,09
2014-08-10 02:00:00.000,2014,8,10,2,04006KT,13,09
2014-08-10 03:00:00.000,2014,8,10,3,08004KT,12,09
2014-08-10 04:00:00.000,2014,8,10,4,03003KT,12,09
2014-08-10 05:00:00.000,2014,8,10,5,VRB02KT,12,09
2014-08-10 06:00:00.000,2014,8,10,6,003003KT,12,09
2014-08-10 07:00:00.000,2014,8,10,7,VRB02KT,11,09
2014-08-10 08:00:00.000,2014,8,10,8,VRB02KT,11,09
2014-08-10 09:00:00.000,2014,8,10,9,VRB02KT,10,09
2014-08-10 10:00:00.000,2014,8,10,10,05003KT,09,08
2014-08-10 10:30:00.000,2014,8,10,10,07003KT,09,08
2014-08-10 11:00:00.000,2014,8,10,11,06004KT,10,09
2014-08-10 12:00:00.000,2014,8,10,12,33005KT,10,09
2014-08-10 13:00:00.000,2014,8,10,13,36006KT,12,10
2014-08-10 14:00:00.000,2014,8,10,14,07003KT,13,09
2014-08-10 15:00:00.000,2014,8,10,15,09004KT,15,09
2014-08-10 16:00:00.000,2014,8,10,16,09006KT,17,09
2014-08-10 17:00:00.000,2014,8,10,17,15004KT,18,07
2014-08-10 18:00:00.000,2014,8,10,18,03008KT,17,08
2014-08-10 19:00:00.000,2014,8,10,19,13010KT,18,08
2014-08-10 20:00:00.000,2014,8,10,20,14008KT,18,08
2014-08-10 21:00:00.000,2014,8,10,21,32008KT,18,10
2014-08-10 21:30:00.000,2014,8,10,21,32010KT,17,11
2014-08-10 22:00:00.000,2014,8,10,22,08006KT,15,13
2014-08-10 23:00:00.000,2014,8,10,23,28008KT,14,12
2014-08-11 00:00:00.000,2014,8,11,0,VRB02KT,14,12
2014-08-11 01:00:00.000,2014,8,11,1,31004KT,13,11
2014-08-11 02:00:00.000,2014,8,11,2,10009KT,14,10
2014-08-11 03:00:00.000,2014,8,11,3,03005KT,13,09
2014-08-11 04:00:00.000,2014,8,11,4,03004KT,11,09
2014-08-11 05:00:00.000,2014,8,11,5,04006KT,11,09
2014-08-11 06:00:00.000,2014,8,11,6,VRB02KT,11,09
2014-08-11 07:00:00.000,2014,8,11,7,03003KT,10,08
2014-08-11 08:00:00.000,2014,8,11,8,VRB02KT,10,08
2014-08-11 09:00:00.000,2014,8,11,9,VRB02KT,10,08
2014-08-11 10:00:00.000,2014,8,11,10,09003KT,09,08
2014-08-11 10:30:00.000,2014,8,11,10,04006KT,09,08
2014-08-11 11:00:00.000,2014,8,11,11,04006KT,09,08
2014-08-11 12:00:00.000,2014,8,11,12,14008KT,11,08
2014-08-11 13:00:00.000,2014,8,11,13,06005KT,13,09
2014-08-11 14:00:00.000,2014,8,11,14,VRB02KT,17,08
2014-08-11 15:00:00.000,2014,8,11,15,15012KT,18,08
2014-08-11 16:00:00.000,2014,8,11,16,14015KT,19,07
2014-08-11 17:00:00.000,2014,8,11,17,11015KT,18,08
2014-08-11 18:00:00.000,2014,8,11,18,11015KT,18,08
2014-08-11 19:00:00.000,2014,8,11,19,13010KT,18,08
2014-08-11 20:00:00.000,2014,8,11,20,13015KT,18,08
2014-08-11 21:00:00.000,2014,8,11,21,18015KT,19,07
2014-08-11 22:00:00.000,2014,8,11,22,09010KT,19,07
2014-08-11 23:00:00.000,2014,8,11,23,15010KT,17,07
2014-08-12 00:00:00.000,2014,8,12,0,03006KT,14,08
2014-08-12 01:00:00.000,2014,8,12,1,04004KT,13,09
2014-08-12 02:00:00.000,2014,8,12,2,03003KT,11,08
2014-08-12 03:00:00.000,2014,8,12,3,02003KT,11,09
2014-08-12 04:00:00.000,2014,8,12,4,03004KT,11,08
2014-08-12 05:00:00.000,2014,8,12,5,05007KT,09,08
2014-08-12 06:00:00.000,2014,8,12,6,04005KT,10,08
2014-08-12 07:00:00.000,2014,8,12,7,08003KT,11,09
2014-08-12 08:00:00.000,2014,8,12,8,02003KT,10,09
2014-08-12 09:00:00.000,2014,8,12,9,05004KT,11,08
2014-08-12 10:00:00.000,2014,8,12,10,VRB02KT,11,09
2014-08-12 10:30:00.000,2014,8,12,10,03005KT,10,08
2014-08-12 11:00:00.000,2014,8,12,11,05006KT,10,08
2014-08-12 12:00:00.000,2014,8,12,12,03005KT,12,09
2014-08-12 13:00:00.000,2014,8,12,13,05006KT,14,10
2014-08-12 14:00:00.000,2014,8,12,14,09004KT,16,10
2014-08-12 15:00:00.000,2014,8,12,15,06007KT,17,09
2014-08-12 16:00:00.000,2014,8,12,16,15013KT,18,10
2014-08-12 17:00:00.000,2014,8,12,17,09009KT,16,10
2014-08-12 18:00:00.000,2014,8,12,18,17013KT,17,09
2014-08-12 18:10:00.000,2014,8,12,18,16015KT,16,11
2014-08-12 19:00:00.000,2014,8,12,19,15016KT,18,10
2014-08-12 20:00:00.000,2014,8,12,20,11010KT,18,07
2014-08-12 20:10:00.000,2014,8,12,20,09014KT,24,24
2014-08-12 20:30:00.000,2014,8,12,20,13008KT,17,07
2014-08-12 21:00:00.000,2014,8,12,21,14013KT,17,06
2014-08-12 22:00:00.000,2014,8,12,22,15010KT,17,07
2014-08-12 23:00:00.000,2014,8,12,23,14012KT,15,06
2014-08-13 00:00:00.000,2014,8,13,0,13010KT,14,06
2014-08-13 01:00:00.000,2014,8,13,1,09005KT,14,07
2014-08-13 02:00:00.000,2014,8,13,2,11009KT,14,07
2014-08-13 03:00:00.000,2014,8,13,3,06006KT,12,08
2014-08-13 04:00:00.000,2014,8,13,4,12005KT,11,07
2014-08-13 05:00:00.000,2014,8,13,5,15004KT,11,08
2014-08-13 06:00:00.000,2014,8,13,6,VRB02KT,11,10
2014-08-13 07:00:00.000,2014,8,13,7,06004KT,11,08
2014-08-13 08:00:00.000,2014,8,13,8,05005KT,10,07
2014-08-13 09:00:00.000,2014,8,13,9,VRB02KT,10,08
2014-08-13 10:00:00.000,2014,8,13,10,05006KT,10,08
2014-08-13 10:30:00.000,2014,8,13,10,VRB02KT,10,08
2014-08-13 11:00:00.000,2014,8,13,11,VRB02KT,10,09
2014-08-13 11:35:00.000,2014,8,13,11,VRB02KT,11,09
2014-08-13 12:00:00.000,2014,8,13,12,05006KT,11,09
2014-08-13 12:05:00.000,2014,8,13,12,05006KT,11,09
2014-08-13 12:15:00.000,2014,8,13,12,04006KT,12,10
2014-08-13 13:00:00.000,2014,8,13,13,04006KT,14,10
2014-08-13 14:00:00.000,2014,8,13,14,08008KT,15,09
2014-08-13 15:00:00.000,2014,8,13,15,12010KT,18,08
2014-08-13 16:00:00.000,2014,8,13,16,12014KT,18,06
2014-08-13 17:00:00.000,2014,8,13,17,14014KT,17,08
2014-08-13 18:00:00.000,2014,8,13,18,16012KT,18,08
2014-08-13 19:00:00.000,2014,8,13,19,12010KT,19,06
2014-08-13 20:00:00.000,2014,8,13,20,10012KT,19,08
2014-08-13 21:00:00.000,2014,8,13,21,14012KT,18,08
2014-08-13 22:00:00.000,2014,8,13,22,08010KT,17,08
2014-08-13 23:00:00.000,2014,8,13,23,08012KT,16,09
2014-08-14 00:00:00.000,2014,8,14,0,06006KT,15,08
2014-08-14 01:00:00.000,2014,8,14,1,05007KT,14,08
2014-08-14 02:00:00.000,2014,8,14,2,08006KT,13,08
2014-08-14 03:00:00.000,2014,8,14,3,14007KT,13,08
2014-08-14 04:00:00.000,2014,8,14,4,14005KT,12,07
2014-08-14 05:00:00.000,2014,8,14,5,08006KT,12,09
2014-08-14 06:00:00.000,2014,8,14,6,10003KT,11,07
2014-08-14 07:00:00.000,2014,8,14,7,04009KT,11,07
2014-08-14 08:00:00.000,2014,8,14,8,08003KT,10,07
2014-08-14 09:00:00.000,2014,8,14,9,02004KT,10,07
2014-08-14 10:00:00.000,2014,8,14,10,05005KT,10,07
2014-08-14 10:30:00.000,2014,8,14,10,10003KT,10,07
2014-08-14 11:00:00.000,2014,8,14,11,06003KT,11,08
2014-08-14 12:00:00.000,2014,8,14,12,VRB02KT,10,07
2014-08-14 13:00:00.000,2014,8,14,13,14005KT,14,07
2014-08-14 14:00:00.000,2014,8,14,14,15008KT,14,08
2014-08-14 15:00:00.000,2014,8,14,15,15012KT,15,07
2014-08-14 16:00:00.000,2014,8,14,16,15010KT,16,07
2014-08-14 17:00:00.000,2014,8,14,17,15008KT,17,06
2014-08-14 18:00:00.000,2014,8,14,18,14015KT,17,07
2014-08-14 19:00:00.000,2014,8,14,19,15015KT,18,06
2014-08-14 20:00:00.000,2014,8,14,20,15017KT,17,07
2014-08-14 21:00:00.000,2014,8,14,21,15012KT,18,07
2014-08-14 22:00:00.000,2014,8,14,22,13008KT,16,06
2014-08-14 23:00:00.000,2014,8,14,23,13008KT,16,06
2014-08-15 00:00:00.000,2014,8,15,0,14010KT,14,07
2014-08-15 01:00:00.000,2014,8,15,1,14008KT,13,07
2014-08-15 02:00:00.000,2014,8,15,2,15008KT,12,07
2014-08-15 03:00:00.000,2014,8,15,3,18010KT,14,06
2014-08-15 04:00:00.000,2014,8,15,4,12010KT,13,07
2014-08-15 05:00:00.000,2014,8,15,5,15005KT,13,07
2014-08-15 06:00:00.000,2014,8,15,6,14010KT,13,07
2014-08-15 07:00:00.000,2014,8,15,7,17004KT,13,08
2014-08-15 08:00:00.000,2014,8,15,8,17005KT,13,08
2014-08-15 09:00:00.000,2014,8,15,9,14008KT,,
2014-08-15 10:00:00.000,2014,8,15,10,13005KT,12,07
2014-08-15 10:30:00.000,2014,8,15,10,12006KT,13,07
2014-08-15 11:00:00.000,2014,8,15,11,15003KT,13,07
2014-08-15 12:00:00.000,2014,8,15,12,14012KT,13,07
2014-08-15 13:00:00.000,2014,8,15,13,17012KT,15,07
2014-08-15 14:00:00.000,2014,8,15,14,12008KT,15,07
2014-08-15 15:00:00.000,2014,8,15,15,14015KT,17,07
2014-08-15 16:00:00.000,2014,8,15,16,14014KT,17,07
2014-08-15 17:00:00.000,2014,8,15,17,16017KT,17,06
2014-08-15 18:00:00.000,2014,8,15,18,18017KT,18,06
2014-08-15 19:00:00.000,2014,8,15,19,17016KT,18,06
2014-08-15 20:00:00.000,2014,8,15,20,15013KT,17,06
2014-08-15 21:00:00.000,2014,8,15,21,15013KT,18,06
2014-08-15 22:00:00.000,2014,8,15,22,17017KT,17,06
2014-08-15 23:00:00.000,2014,8,15,23,15014KT,16,06
2014-08-16 00:00:00.000,2014,8,16,0,14008KT,14,06
2014-08-16 01:00:00.000,2014,8,16,1,12008KT,13,06
2014-08-16 02:00:00.000,2014,8,16,2,11008KT,13,06
2014-08-16 03:00:00.000,2014,8,16,3,09005KT,13,07
2014-08-16 04:00:00.000,2014,8,16,4,32006KT,13,07
2014-08-16 05:00:00.000,2014,8,16,5,04004KT,11,09
2014-08-16 07:00:00.000,2014,8,16,7,06005KT,11,09
2014-08-16 08:00:00.000,2014,8,16,8,03006KT,10,08
2014-08-16 09:00:00.000,2014,8,16,9,05006KT,10,08
2014-08-16 10:00:00.000,2014,8,16,10,28005KT,10,08
2014-08-16 10:30:00.000,2014,8,16,10,VRB02KT,10,08
2014-08-16 11:00:00.000,2014,8,16,11,02006KT,10,08
2014-08-16 12:00:00.000,2014,8,16,12,VRB02KT,10,08
2014-08-16 12:30:00.000,2014,8,16,12,VRB02KT,13,10
2014-08-16 13:00:00.000,2014,8,16,13,05008KT,13,10
2014-08-16 14:00:00.000,2014,8,16,14,24010KT,17,10
2014-08-16 14:10:00.000,2014,8,16,14,200008T,15,10
2014-08-16 15:00:00.000,2014,8,16,15,21010KT,15,10
2014-08-16 16:00:00.000,2014,8,16,16,17010KT,17,09
2014-08-16 17:00:00.000,2014,8,16,17,15015KT,17,09
2014-08-16 18:00:00.000,2014,8,16,18,14016KT,18,08
2014-08-16 19:00:00.000,2014,8,16,19,14015KT,19,08
2014-08-16 20:00:00.000,2014,8,16,20,13011KT,19,08
2014-08-16 21:00:00.000,2014,8,16,21,12010KT,18,07
2014-08-16 22:00:00.000,2014,8,16,22,12011KT,17,07
2014-08-16 23:00:00.000,2014,8,16,23,17010KT,16,07
2014-08-17 00:00:00.000,2014,8,17,0,14008KT,15,08
2014-08-17 01:00:00.000,2014,8,17,1,14007KT,15,08
2014-08-17 02:00:00.000,2014,8,17,2,10005KT,14,09
2014-08-17 03:00:00.000,2014,8,17,3,13003KT,13,09
2014-08-17 04:00:00.000,2014,8,17,4,VRB02KT,13,09
2014-08-17 05:00:00.000,2014,8,17,5,04005KT,12,10
2014-08-17 06:00:00.000,2014,8,17,6,06004KT,12,10
2014-08-17 07:00:00.000,2014,8,17,7,00000KT,12,09
2014-08-17 08:00:00.000,2014,8,17,8,05003KT,12,10
2014-08-17 09:00:00.000,2014,8,17,9,05005KT,10,10
2014-08-17 10:00:00.000,2014,8,17,10,05004KT,10,09
2014-08-17 10:30:00.000,2014,8,17,10,06005KT,09,08
2014-08-17 11:00:00.000,2014,8,17,11,02003KT,10,09
2014-08-17 12:00:00.000,2014,8,17,12,03003KT,12,10
2014-08-17 13:00:00.000,2014,8,17,13,23003KT,14,10
2014-08-17 14:00:00.000,2014,8,17,14,16012KT,16,10
2014-08-17 15:00:00.000,2014,8,17,15,14014KT,17,09
2014-08-17 16:00:00.000,2014,8,17,16,16012KT,17,09
2014-08-17 17:00:00.000,2014,8,17,17,15015KT,18,09
2014-08-17 18:00:00.000,2014,8,17,18,15010G25KT,19,09
2014-08-17 18:30:00.000,2014,8,17,18,15010G25KT,17,09
2014-08-17 19:00:00.000,2014,8,17,19,16015KT,18,09
2014-08-17 19:30:00.000,2014,8,17,19,16008G22KT,19,08
2014-08-17 20:00:00.000,2014,8,17,20,17015KT,18,07
2014-08-17 21:00:00.000,2014,8,17,21,15012KT,18,07
2014-08-17 22:00:00.000,2014,8,17,22,15015KT,17,08
2014-08-17 23:00:00.000,2014,8,17,23,14012KT,15,08
2014-08-18 00:00:00.000,2014,8,18,0,05006KT,14,09
2014-08-18 01:00:00.000,2014,8,18,1,14010KT,14,07
2014-08-18 02:00:00.000,2014,8,18,2,16012KT,14,07
2014-08-18 03:00:00.000,2014,8,18,3,16012KT,14,07
2014-08-18 04:00:00.000,2014,8,18,4,15006KT,13,07
2014-08-18 05:00:00.000,2014,8,18,5,04006KT,12,09
2014-08-18 06:00:00.000,2014,8,18,6,03004KT,10,08
2014-08-18 07:00:00.000,2014,8,18,7,06005KT,12,09
2014-08-18 08:00:00.000,2014,8,18,8,VRB02KT,11,09
2014-08-18 09:00:00.000,2014,8,18,9,VRB02KT,11,09
2014-08-18 10:00:00.000,2014,8,18,10,06010KT,10,09
2014-08-18 10:30:00.000,2014,8,18,10,06005KT,10,09
2014-08-18 11:00:00.000,2014,8,18,11,05005KT,10,09
2014-08-18 12:00:00.000,2014,8,18,12,06005KT,11,10
2014-08-18 13:00:00.000,2014,8,18,13,07008KT,14,10
2014-08-18 14:00:00.000,2014,8,18,14,18008KT,16,09
2014-08-18 15:00:00.000,2014,8,18,15,15015KT,17,08
2014-08-18 16:00:00.000,2014,8,18,16,16008G22KT,19,08
2014-08-18 17:00:00.000,2014,8,18,17,16015KT,18,08
2014-08-18 18:00:00.000,2014,8,18,18,16015KT,19,08
2014-08-18 19:00:00.000,2014,8,18,19,17012KT,18,09
2014-08-18 20:00:00.000,2014,8,18,20,17008KT,17,09
2014-08-18 21:00:00.000,2014,8,18,21,16010KT,17,09
2014-08-18 22:00:00.000,2014,8,18,22,18013KT,15,09
2014-08-18 23:00:00.000,2014,8,18,23,17012KT,14,09
2014-08-19 00:00:00.000,2014,8,19,0,13012KT,14,08
2014-08-19 01:00:00.000,2014,8,19,1,12009KT,13,08
2014-08-19 02:00:00.000,2014,8,19,2,18004KT,14,08
2014-08-19 03:00:00.000,2014,8,19,3,09006KT,14,08
2014-08-19 04:00:00.000,2014,8,19,4,09004KT,13,08
2014-08-19 05:00:00.000,2014,8,19,5,35004KT,12,09
2014-08-19 06:00:00.000,2014,8,19,6,28005KT,11,09
2014-08-19 07:00:00.000,2014,8,19,7,01004KT,11,09
2014-08-19 08:00:00.000,2014,8,19,8,VRB02KT,11,09
2014-08-19 09:00:00.000,2014,8,19,9,10003KT,12,09
2014-08-19 10:00:00.000,2014,8,19,10,VRB02KT,12,09
2014-08-19 10:30:00.000,2014,8,19,10,18011KT,13,08
2014-08-19 11:00:00.000,2014,8,19,11,15011KT,12,08
2014-08-19 12:00:00.000,2014,8,19,12,15009KT,13,08
2014-08-19 13:00:00.000,2014,8,19,13,16010KT,13,08
2014-08-19 14:00:00.000,2014,8,19,14,16018KT,15,06
2014-08-19 15:00:00.000,2014,8,19,15,16018KT,15,06
2014-08-19 16:00:00.000,2014,8,19,16,18015KT,17,08
2014-08-19 17:00:00.000,2014,8,19,17,17014KT,16,06
2014-08-19 18:00:00.000,2014,8,19,18,20010KT,15,06
2014-08-19 19:00:00.000,2014,8,19,19,24011KT,14,09
2014-08-19 20:00:00.000,2014,8,19,20,17014KT,15,06
2014-08-19 21:00:00.000,2014,8,19,21,24011KT,15,08
2014-08-19 22:00:00.000,2014,8,19,22,24013KT,13,07
2014-08-19 23:00:00.000,2014,8,19,23,22005KT,13,07
2014-08-20 00:00:00.000,2014,8,20,0,25010KT,12,08
2014-08-20 01:00:00.000,2014,8,20,1,24010KT,11,08
2014-08-20 02:00:00.000,2014,8,20,2,VRB02KT,10,08
2014-08-20 03:00:00.000,2014,8,20,3,VRB02KT,11,08
2014-08-20 04:00:00.000,2014,8,20,4,VRB02KT,09,07
2014-08-20 05:00:00.000,2014,8,20,5,VRB02KT,07,06
2014-08-20 06:00:00.000,2014,8,20,6,VRB02KT,08,06
2014-08-20 07:00:00.000,2014,8,20,7,VRB02KT,08,07
2014-08-20 08:00:00.000,2014,8,20,8,VRB02KT,09,07
2014-08-20 09:00:00.000,2014,8,20,9,VRB02KT,09,08
2014-08-20 10:00:00.000,2014,8,20,10,25008KT,10,08
2014-08-20 10:30:00.000,2014,8,20,10,VRB02KT,09,08
2014-08-20 11:00:00.000,2014,8,20,11,32003KT,09,08
2014-08-20 12:00:00.000,2014,8,20,12,05005KT,11,08
2014-08-20 13:00:00.000,2014,8,20,13,07003KT,13,09
2014-08-20 14:00:00.000,2014,8,20,14,18012KT,15,06
2014-08-20 15:00:00.000,2014,8,20,15,18013KT,17,07
2014-08-20 16:00:00.000,2014,8,20,16,16018KT,18,08
2014-08-20 17:00:00.000,2014,8,20,17,16018KT,18,08
2014-08-20 18:00:00.000,2014,8,20,18,15017KT,18,07
2014-08-20 19:00:00.000,2014,8,20,19,15016KT,17,08
2014-08-20 20:00:00.000,2014,8,20,20,15016KT,17,07
2014-08-20 21:00:00.000,2014,8,20,21,16014KT,17,07
2014-08-20 22:00:00.000,2014,8,20,22,16011KT,16,07
2014-08-20 23:00:00.000,2014,8,20,23,18009KT,15,08
2014-08-21 00:00:00.000,2014,8,21,0,21005KT,14,07
2014-08-21 01:00:00.000,2014,8,21,1,24005KT,14,09
2014-08-21 02:00:00.000,2014,8,21,2,34004KT,13,10
2014-08-21 03:00:00.000,2014,8,21,3,VRB02KT,12,10
2014-08-21 04:00:00.000,2014,8,21,4,36003KT,12,10
2014-08-21 05:00:00.000,2014,8,21,5,VRB02KT,12,10
2014-08-21 06:00:00.000,2014,8,21,6,00000KT,12,10
2014-08-21 07:00:00.000,2014,8,21,7,00000KT,10,09
2014-08-21 08:00:00.000,2014,8,21,8,VRB02KT,10,09
2014-08-21 09:00:00.000,2014,8,21,9,29003KT,09,09
2014-08-21 10:00:00.000,2014,8,21,10,VRB02KT,09,08
2014-08-21 10:30:00.000,2014,8,21,10,03003KT,09,08
2014-08-21 11:00:00.000,2014,8,21,11,05004KT,08,07
2014-08-21 12:00:00.000,2014,8,21,12,VRB02KT,08,07
2014-08-21 13:00:00.000,2014,8,21,13,07006KT,13,09
2014-08-21 14:00:00.000,2014,8,21,14,09005KT,15,07
2014-08-21 15:00:00.000,2014,8,21,15,VRB02KT,17,07
2014-08-21 16:00:00.000,2014,8,21,16,VRB02KT,17,06
2014-08-21 17:00:00.000,2014,8,21,17,09003KT,19,07
2014-08-21 18:00:00.000,2014,8,21,18,18008KT,19,07
2014-08-21 19:00:00.000,2014,8,21,19,15010KT,18,09
2014-08-21 19:33:00.000,2014,8,21,19,33012KT,15,10
2014-08-21 20:00:00.000,2014,8,21,20,31010KT,15,10
2014-08-21 21:00:00.000,2014,8,21,21,32008KT,14,11
2014-08-21 22:00:00.000,2014,8,21,22,30006KT,14,11
2014-08-21 23:00:00.000,2014,8,21,23,01004KT,14,11
2014-08-22 00:00:00.000,2014,8,22,0,VRB02KT,14,10
2014-08-22 01:00:00.000,2014,8,22,1,VRB02KT,13,09
2014-08-22 02:00:00.000,2014,8,22,2,VRB02KT,10,09
2014-08-22 03:00:00.000,2014,8,22,3,VRB02KT,11,08
2014-08-22 04:00:00.000,2014,8,22,4,VRB02KT,08,07
2014-08-22 05:00:00.000,2014,8,22,5,VRB02KT,10,09
2014-08-22 06:00:00.000,2014,8,22,6,VRB02KT,11,10
2014-08-22 07:00:00.000,2014,8,22,7,VRB02KT,10,09
2014-08-22 08:00:00.000,2014,8,22,8,05004KT,09,08
2014-08-22 09:00:00.000,2014,8,22,9,05005KT,07,06
2014-08-22 10:00:00.000,2014,8,22,10,06005KT,08,07
2014-08-22 10:30:00.000,2014,8,22,10,05007KT,07,07
2014-08-22 11:00:00.000,2014,8,22,11,07005KT,08,07
2014-08-22 12:00:00.000,2014,8,22,12,06005KT,10,09
2014-08-22 13:00:00.000,2014,8,22,13,04007KT,13,08
2014-08-22 14:00:00.000,2014,8,22,14,04008KT,15,09
2014-08-22 15:00:00.000,2014,8,22,15,15006KT,18,07
2014-08-22 16:00:00.000,2014,8,22,16,16012KT,20,07
2014-08-22 17:00:00.000,2014,8,22,17,14008KT,19,09
2014-08-22 18:00:00.000,2014,8,22,18,32007KT,16,09
2014-08-22 19:00:00.000,2014,8,22,19,26008KT,15,10
2014-08-22 20:00:00.000,2014,8,22,20,2708KT,30,20
2014-08-22 21:00:00.000,2014,8,22,21,28008KT,17,09
2014-08-22 22:00:00.000,2014,8,22,22,03003KT,18,08
2014-08-22 23:00:00.000,2014,8,22,23,23008KT,16,09
2014-08-23 00:00:00.000,2014,8,23,0,24006KT,14,09
2014-08-23 01:00:00.000,2014,8,23,1,24006KT,14,10
2014-08-23 02:00:00.000,2014,8,23,2,32004KT,12,09
2014-08-23 03:00:00.000,2014,8,23,3,26003KT,13,10
2014-08-23 04:00:00.000,2014,8,23,4,17007KT,13,10
2014-08-23 05:00:00.000,2014,8,23,5,14004KT,13,10
2014-08-23 06:00:00.000,2014,8,23,6,04004KT,13,09
2014-08-23 07:00:00.000,2014,8,23,7,VRB02KT,12,10
2014-08-23 08:00:00.000,2014,8,23,8,03003KT,12,10
2014-08-23 09:00:00.000,2014,8,23,9,03003KT,11,10
2014-08-23 10:00:00.000,2014,8,23,10,36003KT,11,09
2014-08-23 10:30:00.000,2014,8,23,10,36006KT,11,09
2014-08-23 11:00:00.000,2014,8,23,11,32006KT,11,09
2014-08-23 12:00:00.000,2014,8,23,12,05004KT,12,10
2014-08-23 13:00:00.000,2014,8,23,13,06005KT,14,09
2014-08-23 14:00:00.000,2014,8,23,14,18005KT,16,08
2014-08-23 15:00:00.000,2014,8,23,15,15008KT,17,08
2014-08-23 16:00:00.000,2014,8,23,16,15010KT,20,06
2014-08-23 17:00:00.000,2014,8,23,17,19009KT,19,07
2014-08-23 18:00:00.000,2014,8,23,18,29011KT,17,10
2014-08-23 19:00:00.000,2014,8,23,19,25010KT,17,10
2014-08-23 19:40:00.000,2014,8,23,19,23009KT,16,11
2014-08-23 20:00:00.000,2014,8,23,20,26006KT,15,11
2014-08-23 20:20:00.000,2014,8,23,20,30009KT,14,12
2014-08-23 21:00:00.000,2014,8,23,21,29011KT,13,11
2014-08-23 22:00:00.000,2014,8,23,22,26008KT,14,10
2014-08-23 23:00:00.000,2014,8,23,23,32003KT,14,10
2014-08-24 00:00:00.000,2014,8,24,0,00000KT,12,10
2014-08-24 01:00:00.000,2014,8,24,1,02003KT,12,10
2014-08-24 02:00:00.000,2014,8,24,2,VRB02KT,12,10
2014-08-24 03:00:00.000,2014,8,24,3,03003KT,12,10
2014-08-24 04:00:00.000,2014,8,24,4,30005KT,11,10
2014-08-24 05:00:00.000,2014,8,24,5,35003KT,11,10
2014-08-24 06:00:00.000,2014,8,24,6,VRB02KT,11,10
2014-08-24 07:00:00.000,2014,8,24,7,30003KT,11,10
2014-08-24 08:00:00.000,2014,8,24,8,VRB02KT,11,10
2014-08-24 09:00:00.000,2014,8,24,9,VRB02KT,11,10
2014-08-24 10:00:00.000,2014,8,24,10,VRB02KT,10,09
2014-08-24 10:30:00.000,2014,8,24,10,VRB02KT,10,09
2014-08-24 11:00:00.000,2014,8,24,11,36003KT,09,08
2014-08-24 12:00:00.000,2014,8,24,12,VRB02KT,12,10
2014-08-24 13:00:00.000,2014,8,24,13,VRB02KT,15,09
2014-08-24 14:00:00.000,2014,8,24,14,35005KT,17,08
2014-08-24 15:00:00.000,2014,8,24,15,08005KT,18,08
2014-08-24 15:30:00.000,2014,8,24,15,05006G16KT,20,07
2014-08-24 16:00:00.000,2014,8,24,16,12008G18KT,20,06
2014-08-24 17:00:00.000,2014,8,24,17,13010KT,20,07
2014-08-24 18:00:00.000,2014,8,24,18,13006KT,19,07
2014-08-24 19:00:00.000,2014,8,24,19,17008KT,19,07
2014-08-24 20:00:00.000,2014,8,24,20,08004KT,18,07
2014-08-24 21:00:00.000,2014,8,24,21,14010KT,17,08
2014-08-24 22:00:00.000,2014,8,24,22,12005KT,17,09
2014-08-24 23:00:00.000,2014,8,24,23,10006KT,17,09
2014-08-25 00:00:00.000,2014,8,25,0,12011KT,16,08
2014-08-25 01:00:00.000,2014,8,25,1,12005KT,14,08
2014-08-25 02:00:00.000,2014,8,25,2,11008KT,14,08
2014-08-25 03:00:00.000,2014,8,25,3,VRB02KT,13,10
2014-08-25 04:00:00.000,2014,8,25,4,VRB02KT,13,10
2014-08-25 05:00:00.000,2014,8,25,5,07004KT,13,10
2014-08-25 06:00:00.000,2014,8,25,6,VRB02KT,10,09
2014-08-25 07:00:00.000,2014,8,25,7,VRB02KT,09,08
2014-08-25 08:00:00.000,2014,8,25,8,VRB02KT,10,09
2014-08-25 09:00:00.000,2014,8,25,9,VRB02KT,09,08
2014-08-25 10:00:00.000,2014,8,25,10,VRB02KT,10,09
2014-08-25 10:30:00.000,2014,8,25,10,VRB02KT,10,09
2014-08-25 11:00:00.000,2014,8,25,11,VRB02KT,10,09
2014-08-25 12:00:00.000,2014,8,25,12,06008KT,12,10
2014-08-25 13:00:00.000,2014,8,25,13,14006KT,13,10
2014-08-25 14:00:00.000,2014,8,25,14,VRB02KT,14,11
2014-08-25 15:00:00.000,2014,8,25,15,08008KT,17,11
2014-08-25 16:00:00.000,2014,8,25,16,09010KT,18,09
2014-08-25 17:00:00.000,2014,8,25,17,10010KT,19,08
2014-08-25 18:00:00.000,2014,8,25,18,VRB02KT,19,07
2014-08-25 18:15:00.000,2014,8,25,18,21008KT,18,08
2014-08-25 18:35:00.000,2014,8,25,18,23010KT,16,11
2014-08-25 19:00:00.000,2014,8,25,19,28010KT,15,12
2014-08-25 20:00:00.000,2014,8,25,20,23008KT,15,13
2014-08-25 21:00:00.000,2014,8,25,21,14010KT,16,09
2014-08-25 22:00:00.000,2014,8,25,22,14010KT,16,08
2014-08-25 23:00:00.000,2014,8,25,23,VRB02KT,15,08
2014-08-26 00:00:00.000,2014,8,26,0,06008KT,14,08
2014-08-26 01:00:00.000,2014,8,26,1,05008KT,13,09
2014-08-26 02:00:00.000,2014,8,26,2,03009KT,12,09
2014-08-26 03:00:00.000,2014,8,26,3,04005KRT,12,09
2014-08-26 04:00:00.000,2014,8,26,4,04005KT,12,09
2014-08-26 05:00:00.000,2014,8,26,5,00000KT,11,09
2014-08-26 06:00:00.000,2014,8,26,6,06005KT,11,09
2014-08-26 07:00:00.000,2014,8,26,7,04004KT,11,09
2014-08-26 08:00:00.000,2014,8,26,8,VRB02KT,10,08
2014-08-26 09:00:00.000,2014,8,26,9,VRB02KT,09,09
2014-08-26 10:00:00.000,2014,8,26,10,06004KT,10,09
2014-08-26 10:30:00.000,2014,8,26,10,VRB02KT,10,09
2014-08-26 11:00:00.000,2014,8,26,11,05007KT,10,08
2014-08-26 12:00:00.000,2014,8,26,12,03009KT,11,09
2014-08-26 13:00:00.000,2014,8,26,13,VRB02KT,13,10
2014-08-26 14:00:00.000,2014,8,26,14,17010KT,15,08
2014-08-26 15:00:00.000,2014,8,26,15,15009KT,16,08
2014-08-26 16:00:00.000,2014,8,26,16,14010KT,17,07
2014-08-26 17:00:00.000,2014,8,26,17,18006KT,17,08
2014-08-26 18:00:00.000,2014,8,26,18,16010KT,17,08
2014-08-26 19:00:00.000,2014,8,26,19,05009KT,13,12
2014-08-26 19:20:00.000,2014,8,26,19,05009KT,13,12
2014-08-26 20:00:00.000,2014,8,26,20,04007KT,16,11
2014-08-26 21:00:00.000,2014,8,26,21,07012KT,15,09
2014-08-26 22:00:00.000,2014,8,26,22,10012KT,14,09
2014-08-26 23:00:00.000,2014,8,26,23,10007KT,13,08
2014-08-27 00:00:00.000,2014,8,27,0,10007KT,13,07
2014-08-27 01:00:00.000,2014,8,27,1,09005KT,13,08
2014-08-27 02:00:00.000,2014,8,27,2,06006KT,12,08
2014-08-27 03:00:00.000,2014,8,27,3,VRB02KT,12,08
2014-08-27 04:00:00.000,2014,8,27,4,VRB02KT,11,09
2014-08-27 05:00:00.000,2014,8,27,5,29005KT,11,09
2014-08-27 06:00:00.000,2014,8,27,6,04004KT,10,08
2014-08-27 07:00:00.000,2014,8,27,7,03005KT,10,08
2014-08-27 08:00:00.000,2014,8,27,8,VRB02KT,10,08
2014-08-27 09:00:00.000,2014,8,27,9,04003KT,10,08
2014-08-27 10:00:00.000,2014,8,27,10,04003KT,10,08
2014-08-27 10:30:00.000,2014,8,27,10,35003KT,10,08
2014-08-27 11:00:00.000,2014,8,27,11,VRB02KT,10,08
2014-08-27 12:00:00.000,2014,8,27,12,32004KT,11,08
2014-08-27 13:00:00.000,2014,8,27,13,29003KT,12,09
2014-08-27 14:00:00.000,2014,8,27,14,34005KT,13,09
2014-08-27 14:30:00.000,2014,8,27,14,00000KT,13,09
2014-08-27 14:45:00.000,2014,8,27,14,VRB02KT,13,09
2014-08-27 15:00:00.000,2014,8,27,15,35003KT,12,09
2014-08-27 16:00:00.000,2014,8,27,16,06005KT,13,10
2014-08-27 16:10:00.000,2014,8,27,16,06005KT,13,10
2014-08-27 17:00:00.000,2014,8,27,17,36005KT,15,11
2014-08-27 18:00:00.000,2014,8,27,18,VRB02KT,16,10
2014-08-27 18:10:00.000,2014,8,27,18,11004KT,15,10
2014-08-27 19:00:00.000,2014,8,27,19,06003KT,16,10
2014-08-27 20:00:00.000,2014,8,27,20,16009KT,16,09
2014-08-27 21:00:00.000,2014,8,27,21,16010KT,16,08
2014-08-27 22:00:00.000,2014,8,27,22,04006KT,14,11
2014-08-27 23:00:00.000,2014,8,27,23,32003KT,13,11
2014-08-28 00:00:00.000,2014,8,28,0,30006KT,13,11
2014-08-28 01:00:00.000,2014,8,28,1,VRB02KT,12,10
2014-08-28 02:00:00.000,2014,8,28,2,33003KT,12,10
2014-08-28 03:00:00.000,2014,8,28,3,04003KT,12,10
2014-08-28 04:00:00.000,2014,8,28,4,03004KT,11,10
2014-08-28 05:00:00.000,2014,8,28,5,VRB02KT,11,09
2014-08-28 06:00:00.000,2014,8,28,6,VRB02KT,10,09
2014-08-28 07:00:00.000,2014,8,28,7,00000KT,09,08
2014-08-28 08:00:00.000,2014,8,28,8,VRB02KT,09,08
2014-08-28 09:00:00.000,2014,8,28,9,VRB02KT,07,06
2014-08-28 10:00:00.000,2014,8,28,10,VRB02KT,09,08
2014-08-28 10:30:00.000,2014,8,28,10,34003KT,09,08
2014-08-28 11:00:00.000,2014,8,28,11,VRB02KT,08,08
2014-08-28 12:00:00.000,2014,8,28,12,32004KT,10,09
2014-08-28 13:00:00.000,2014,8,28,13,29005KT,13,10
2014-08-28 14:00:00.000,2014,8,28,14,00000KT,15,09
2014-08-28 15:00:00.000,2014,8,28,15,29003KT,15,09
2014-08-28 16:00:00.000,2014,8,28,16,22005KT,15,10
2014-08-28 17:00:00.000,2014,8,28,17,18010KT,17,11
2014-08-28 18:00:00.000,2014,8,28,18,17016KT,18,08
2014-08-28 19:00:00.000,2014,8,28,19,16014KT,18,07
2014-08-28 20:00:00.000,2014,8,28,20,15017KT,17,07
2014-08-28 21:00:00.000,2014,8,28,21,15012KT,17,07
2014-08-28 22:00:00.000,2014,8,28,22,12014KT,17,08
2014-08-28 23:00:00.000,2014,8,28,23,13010KT,15,07
2014-08-29 00:00:00.000,2014,8,29,0,08004KT,14,08
2014-08-29 01:00:00.000,2014,8,29,1,03008KT,12,10
2014-08-29 02:00:00.000,2014,8,29,2,04007KT,12,10
2014-08-29 03:00:00.000,2014,8,29,3,04005KT,11,09
2014-08-29 04:00:00.000,2014,8,29,4,05003KT,12,09
2014-08-29 05:00:00.000,2014,8,29,5,08005KT,12,09
2014-08-29 06:00:00.000,2014,8,29,6,02005KT,12,09
2014-08-29 07:00:00.000,2014,8,29,7,04006KT,11,09
2014-08-29 08:00:00.000,2014,8,29,8,06006KT,10,09
2014-08-29 09:00:00.000,2014,8,29,9,06005KT,10,08
2014-08-29 10:00:00.000,2014,8,29,10,03006KT,09,08
2014-08-29 10:30:00.000,2014,8,29,10,05005KT,08,08
2014-08-29 11:00:00.000,2014,8,29,11,10005KT,11,07
2014-08-29 11:18:00.000,2014,8,29,11,10005KT,11,07
2014-08-29 12:00:00.000,2014,8,29,12,08005KT,12,07
2014-08-29 13:00:00.000,2014,8,29,13,08007KT,14,06
2014-08-29 14:00:00.000,2014,8,29,14,13015KT,15,05
2014-08-29 15:00:00.000,2014,8,29,15,12013KT,15,05
2014-08-29 16:00:00.000,2014,8,29,16,13016KT,17,06
2014-08-29 17:00:00.000,2014,8,29,17,13017KT,18,05
2014-08-29 18:00:00.000,2014,8,29,18,18017KT,18,05
2014-08-29 19:00:00.000,2014,8,29,19,14020KT,19,06
2014-08-29 20:00:00.000,2014,8,29,20,17015KT,17,06
2014-08-29 21:00:00.000,2014,8,29,21,13013KT,17,06
2014-08-29 22:00:00.000,2014,8,29,22,12010KT,17,05
2014-08-29 23:00:00.000,2014,8,29,23,14014KT,15,04
2014-08-30 00:00:00.000,2014,8,30,0,13014KT,12,05
2014-08-30 01:00:00.000,2014,8,30,1,12012KT,13,04
2014-08-30 02:00:00.000,2014,8,30,2,11012KT,13,05
2014-08-30 03:00:00.000,2014,8,30,3,34006KT,11,06
2014-08-30 04:00:00.000,2014,8,30,4,35005KT,10,06
2014-08-30 05:00:00.000,2014,8,30,5,04005KT,08,05
2014-08-30 06:00:00.000,2014,8,30,6,04004KT,07,05
2014-08-30 07:00:00.000,2014,8,30,7,36003KT,05,03
2014-08-30 08:00:00.000,2014,8,30,8,04004KT,05,04
2014-08-30 09:00:00.000,2014,8,30,9,05005KT,05,05
2014-08-30 10:00:00.000,2014,8,30,10,35003KT,04,04
2014-08-30 11:00:00.000,2014,8,30,11,04004KT,02,02
2014-08-30 12:00:00.000,2014,8,30,12,05006KT,07,05
2014-08-30 13:00:00.000,2014,8,30,13,05005KT,13,06
2014-08-30 14:00:00.000,2014,8,30,14,04006KT,16,05
2014-08-30 15:00:00.000,2014,8,30,15,10012KT,19,01
2014-08-30 16:00:00.000,2014,8,30,16,11012KT,19,02
2014-08-30 17:00:00.000,2014,8,30,17,19015KT,19,03
2014-08-30 18:00:00.000,2014,8,30,18,09007KT,20,04
2014-08-30 19:00:00.000,2014,8,30,19,12008KT,19,03
2014-08-30 20:00:00.000,2014,8,30,20,15010KT,19,03
2014-08-30 21:00:00.000,2014,8,30,21,13012KT,19,04
2014-08-30 22:00:00.000,2014,8,30,22,16012KT,18,03
2014-08-30 23:00:00.000,2014,8,30,23,16013KT,16,03
2014-08-31 00:00:00.000,2014,8,31,0,13010KT,13,03
2014-08-31 01:00:00.000,2014,8,31,1,10008KT,14,03
2014-08-31 02:00:00.000,2014,8,31,2,10004KT,13,05
2014-08-31 03:00:00.000,2014,8,31,3,10007KT,12,04
2014-08-31 04:00:00.000,2014,8,31,4,13005KT,12,04
2014-08-31 05:00:00.000,2014,8,31,5,VRB02KT,09,05
2014-08-31 06:00:00.000,2014,8,31,6,VRB02KT,10,05
2014-08-31 07:00:00.000,2014,8,31,7,VRB02KT,09,05
2014-08-31 08:00:00.000,2014,8,31,8,03005KT,09,06
2014-08-31 09:00:00.000,2014,8,31,9,36005KT,08,05
2014-08-31 10:00:00.000,2014,8,31,10,36010KT,08,06
2014-08-31 10:30:00.000,2014,8,31,10,03004KT,07,06
2014-08-31 11:00:00.000,2014,8,31,11,03006KT,07,06
2014-08-31 12:00:00.000,2014,8,31,12,03005KT,11,07
2014-08-31 13:00:00.000,2014,8,31,13,04010KT,14,08
2014-08-31 14:00:00.000,2014,8,31,14,00000KT,29,24
2014-08-31 15:00:00.000,2014,8,31,15,12012KT,17,07
2014-08-31 16:00:00.000,2014,8,31,16,13019KT,18,07
2014-08-31 17:00:00.000,2014,8,31,17,09011KT,19,07
2014-08-31 18:00:00.000,2014,8,31,18,10012KT,18,06
2014-08-31 19:00:00.000,2014,8,31,19,11012KT,19,04
2014-08-31 20:00:00.000,2014,8,31,20,12013KT,19,05
2014-08-31 21:00:00.000,2014,8,31,21,08009KT,19,04
2014-08-31 22:00:00.000,2014,8,31,22,11012KT,17,05
2014-08-31 23:00:00.000,2014,8,31,23,08007KT,17,05
2014-09-01 00:00:00.000,2014,9,1,0,10008KT,16,06
2014-09-01 01:00:00.000,2014,9,1,1,11008KT,14,06
2014-09-01 02:00:00.000,2014,9,1,2,11009KT,13,06
2014-09-01 03:00:00.000,2014,9,1,3,11005KT,13,06
2014-09-01 04:00:00.000,2014,9,1,4,34003KT,10,06
2014-09-01 05:00:00.000,2014,9,1,5,01003KT,10,06
2014-09-01 06:00:00.000,2014,9,1,6,35004KT,09,07
2014-09-01 07:00:00.000,2014,9,1,7,04005KT,10,07
2014-09-01 08:00:00.000,2014,9,1,8,34004KT,10,08
2014-09-01 09:00:00.000,2014,9,1,9,05003KT,09,07
2014-09-01 10:00:00.000,2014,9,1,10,03005KT,10,08
2014-09-01 10:30:00.000,2014,9,1,10,04004KT,10,07
2014-09-01 11:00:00.000,2014,9,1,11,04008KT,10,07
2014-09-01 12:00:00.000,2014,9,1,12,04007KT,11,08
2014-09-01 13:00:00.000,2014,9,1,13,27004KT,13,08
2014-09-01 14:00:00.000,2014,9,1,14,10014KT,16,09
2014-09-01 15:00:00.000,2014,9,1,15,15008KT,19,05
2014-09-01 16:00:00.000,2014,9,1,16,12020KT,20,06
2014-09-01 17:00:00.000,2014,9,1,17,10012KT,20,07
2014-09-01 18:00:00.000,2014,9,1,18,12014KT,19,06
2014-09-01 19:00:00.000,2014,9,1,19,11012KT,19,05
2014-09-01 20:00:00.000,2014,9,1,20,14012KT,21,05
2014-09-01 21:00:00.000,2014,9,1,21,13011KT,20,07
2014-09-01 22:00:00.000,2014,9,1,22,04012KT,18,08
2014-09-01 23:00:00.000,2014,9,1,23,10008KT,17,09
2014-09-02 00:00:00.000,2014,9,2,0,VRB02KT,16,07
2014-09-02 01:00:00.000,2014,9,2,1,05004KT,14,08
2014-09-02 02:00:00.000,2014,9,2,2,04004KT,14,08
2014-09-02 03:00:00.000,2014,9,2,3,04004KT,13,08
2014-09-02 04:00:00.000,2014,9,2,4,04004KT,10,08
2014-09-02 05:00:00.000,2014,9,2,5,VRB02KT,10,08
2014-09-02 06:00:00.000,2014,9,2,6,VRB02KT,09,07
2014-09-02 07:00:00.000,2014,9,2,7,05006KT,09,08
2014-09-02 08:00:00.000,2014,9,2,8,04004KT,08,08
2014-09-02 09:00:00.000,2014,9,2,9,28004KT,07,07
2014-09-02 10:00:00.000,2014,9,2,10,03004KT,07,07
2014-09-02 10:30:00.000,2014,9,2,10,VRB02KT,08,07
2014-09-02 11:00:00.000,2014,9,2,11,29004KT,08,07
2014-09-02 12:00:00.000,2014,9,2,12,27003KT,10,08
2014-09-02 13:00:00.000,2014,9,2,13,36004KT,13,09
2014-09-02 14:00:00.000,2014,9,2,14,03008KT,14,10
2014-09-02 14:40:00.000,2014,9,2,14,04007KT,13,10
2014-09-02 15:00:00.000,2014,9,2,15,05005KT,13,10
2014-09-02 16:00:00.000,2014,9,2,16,06006KT,13,12
2014-09-02 17:00:00.000,2014,9,2,17,08010KT,15,11
2014-09-02 18:00:00.000,2014,9,2,18,20005KT,17,10
2014-09-02 19:00:00.000,2014,9,2,19,05007KT,18,08
2014-09-02 20:00:00.000,2014,9,2,20,07012KT,17,09
2014-09-02 21:00:00.000,2014,9,2,21,12005KT,18,08
2014-09-02 22:00:00.000,2014,9,2,22,10006KT,17,09
2014-09-02 23:00:00.000,2014,9,2,23,09006KT,17,08
2014-09-03 00:00:00.000,2014,9,3,0,08005KT,15,07
2014-09-03 01:00:00.000,2014,9,3,1,07004KT,14,08
2014-09-03 02:00:00.000,2014,9,3,2,33003KT,11,08
2014-09-03 02:00:00.000,2014,9,3,2,33003KT,11,08
2014-09-03 03:00:00.000,2014,9,3,3,09003KT,12,08
2014-09-03 04:00:00.000,2014,9,3,4,36004KT,10,07
2014-09-03 05:00:00.000,2014,9,3,5,03005KT,11,07
2014-09-03 06:00:00.000,2014,9,3,6,04005KT,11,09
2014-09-03 07:00:00.000,2014,9,3,7,VRB02KT,10,08
2014-09-03 08:00:00.000,2014,9,3,8,36003KT,08,07
2014-09-03 09:00:00.000,2014,9,3,9,32003KT,07,07
2014-09-03 10:00:00.000,2014,9,3,10,26003KT,09,08
2014-09-03 10:30:00.000,2014,9,3,10,00000KT,10,08
2014-09-03 11:00:00.000,2014,9,3,11,17003KT,10,08
2014-09-03 12:00:00.000,2014,9,3,12,VRB02KT,09,08
2014-09-03 13:00:00.000,2014,9,3,13,VRB02KT,13,09
2014-09-03 13:10:00.000,2014,9,3,13,VRB02KT,15,09
2014-09-03 14:00:00.000,2014,9,3,14,16008KT,16,07
2014-09-03 15:00:00.000,2014,9,3,15,10012KT,17,07
2014-09-03 16:00:00.000,2014,9,3,16,09009KT,18,07
2014-09-03 17:00:00.000,2014,9,3,17,10010KT,17,07
2014-09-03 18:00:00.000,2014,9,3,18,16006KT,18,08
2014-09-03 19:00:00.000,2014,9,3,19,05004KT,18,08
2014-09-03 20:00:00.000,2014,9,3,20,VRB02KT,18,07
2014-09-03 21:00:00.000,2014,9,3,21,29008KT,17,11
2014-09-03 22:00:00.000,2014,9,3,22,29004KT,16,11
2014-09-03 23:00:00.000,2014,9,3,23,VRB02KT,15,11
2014-09-03 23:07:00.000,2014,9,3,23,14004KT,14,11
2014-09-04 00:00:00.000,2014,9,4,0,13008KT,13,10
2014-09-04 01:00:00.000,2014,9,4,1,07006KT,13,10
2014-09-04 02:00:00.000,2014,9,4,2,07006KT,12,10
2014-09-04 03:00:00.000,2014,9,4,3,06005KT,12,10
2014-09-04 04:00:00.000,2014,9,4,4,VRB02KT,11,10
2014-09-04 05:00:00.000,2014,9,4,5,06003KT,11,09
2014-09-04 06:00:00.000,2014,9,4,6,08005KT,11,09
2014-09-04 07:00:00.000,2014,9,4,7,35003KT,11,10
2014-09-04 08:00:00.000,2014,9,4,8,29003KT,10,09
2014-09-04 09:00:00.000,2014,9,4,9,02003KT,10,09
2014-09-04 10:00:00.000,2014,9,4,10,26003KT,10,08
2014-09-04 10:30:00.000,2014,9,4,10,000000KT,09,08
2014-09-04 11:00:00.000,2014,9,4,11,05005KT,09,08
2014-09-04 12:00:00.000,2014,9,4,12,08003KT,13,09
2014-09-04 13:00:00.000,2014,9,4,13,06004KT,14,09
2014-09-04 14:00:00.000,2014,9,4,14,10008KT,16,08
2014-09-04 15:00:00.000,2014,9,4,15,05012KT,17,08
2014-09-04 16:00:00.000,2014,9,4,16,12015KT,17,07
2014-09-04 17:00:00.000,2014,9,4,17,14012KT,17,06
2014-09-04 18:00:00.000,2014,9,4,18,12015KT,17,06
2014-09-04 19:00:00.000,2014,9,4,19,13012KT,18,06
2014-09-04 20:00:00.000,2014,9,4,20,12010KT,18,05
2014-09-04 21:00:00.000,2014,9,4,21,14010KT,17,06
2014-09-04 22:00:00.000,2014,9,4,22,15012KT,17,07
2014-09-04 23:00:00.000,2014,9,4,23,14007KT,15,07
2014-09-05 00:00:00.000,2014,9,5,0,VRB02KT,12,07
2014-09-05 01:00:00.000,2014,9,5,1,VRB02KT,11,08
2014-09-05 02:00:00.000,2014,9,5,2,VRB02KT,10,07
2014-09-05 03:00:00.000,2014,9,5,3,VRB02KT,10,08
2014-09-05 04:00:00.000,2014,9,5,4,04004KT,09,07
2014-09-05 05:00:00.000,2014,9,5,5,03003KT,08,07
2014-09-05 06:00:00.000,2014,9,5,6,26004KT,07,06
2014-09-05 07:00:00.000,2014,9,5,7,03003KT,05,04
2014-09-05 08:00:00.000,2014,9,5,8,03003KT,07,06
2014-09-05 09:00:00.000,2014,9,5,9,28003KT,09,08
2014-09-05 10:00:00.000,2014,9,5,10,28003KT,08,08
2014-09-05 10:30:00.000,2014,9,5,10,VRB02KT,09,08
2014-09-05 11:00:00.000,2014,9,5,11,28003KT,10,09
2014-09-05 12:00:00.000,2014,9,5,12,00000KT,09,08
2014-09-05 13:00:00.000,2014,9,5,13,02005KT,11,10
2014-09-05 14:00:00.000,2014,9,5,14,04004KT,15,08
2014-09-05 15:00:00.000,2014,9,5,15,12005KT,16,09
2014-09-05 16:00:00.000,2014,9,5,16,10010KT,17,05
2014-09-05 17:00:00.000,2014,9,5,17,15011KT,18,06
2014-09-05 18:00:00.000,2014,9,5,18,13004KT,15,09
2014-09-05 19:00:00.000,2014,9,5,19,12008KT,16,10
2014-09-05 20:00:00.000,2014,9,5,20,01005KT,16,10
2014-09-05 21:00:00.000,2014,9,5,21,10007KT,18,08
2014-09-05 22:00:00.000,2014,9,5,22,08008KT,17,07
2014-09-05 23:00:00.000,2014,9,5,23,09007KT,16,07
2014-09-06 00:00:00.000,2014,9,6,0,11013KT,15,07
2014-09-06 01:00:00.000,2014,9,6,1,13010KT,13,07
2014-09-06 02:00:00.000,2014,9,6,2,13008KT,12,06
2014-09-06 03:00:00.000,2014,9,6,3,06008KT,12,07
2014-09-06 04:00:00.000,2014,9,6,4,34004KT,11,07
2014-09-06 05:00:00.000,2014,9,6,5,VRB02KT,12,07
2014-09-06 06:00:00.000,2014,9,6,6,VRB02KT,11,07
2014-09-06 07:00:00.000,2014,9,6,7,VRB02KT,11,08
2014-09-06 08:00:00.000,2014,9,6,8,VRB02KT,11,08
2014-09-06 09:00:00.000,2014,9,6,9,VRB02KT,09,07
2014-09-06 10:00:00.000,2014,9,6,10,VRB02KT,10,08
2014-09-06 11:00:00.000,2014,9,6,11,05004KT,10,08
2014-09-06 12:00:00.000,2014,9,6,12,02005KT,11,09
2014-09-06 13:00:00.000,2014,9,6,13,04005KT,12,09
2014-09-06 14:00:00.000,2014,9,6,14,06005KT,14,09
2014-09-06 15:00:00.000,2014,9,6,15,25004KT,16,08
2014-09-06 16:00:00.000,2014,9,6,16,23006KT,16,08
2014-09-06 17:00:00.000,2014,9,6,17,14008KT,18,08
2014-09-06 18:00:00.000,2014,9,6,18,15010KT,17,09
2014-09-06 19:00:00.000,2014,9,6,19,13004KT,15,11
2014-09-06 20:00:00.000,2014,9,6,20,12008KT,15,11
2014-09-06 21:00:00.000,2014,9,6,21,12008KT,16,11
2014-09-06 22:00:00.000,2014,9,6,22,15010KT,16,10
2014-09-06 23:00:00.000,2014,9,6,23,14012KT,15,10
2014-09-07 00:00:00.000,2014,9,7,0,11007KT,14,08
2014-09-07 01:00:00.000,2014,9,7,1,07003KT,14,08
2014-09-07 02:00:00.000,2014,9,7,2,10004KT,13,08
2014-09-07 03:00:00.000,2014,9,7,3,11006KT,13,09
2014-09-07 04:00:00.000,2014,9,7,4,VRB02KT,10,07
2014-09-07 05:00:00.000,2014,9,7,5,33004KT,08,07
2014-09-07 06:00:00.000,2014,9,7,6,VRB02KT,10,08
2014-09-07 07:00:00.000,2014,9,7,7,VRB02KT,10,08
2014-09-07 08:00:00.000,2014,9,7,8,04003KT,10,08
2014-09-07 09:00:00.000,2014,9,7,9,03004KT,11,08
2014-09-07 10:00:00.000,2014,9,7,10,35003KT,11,08
2014-09-07 11:00:00.000,2014,9,7,11,VRB02KT,10,09
2014-09-07 12:00:00.000,2014,9,7,12,03003KT,11,09
2014-09-07 13:00:00.000,2014,9,7,13,04008KT,12,10
2014-09-07 14:00:00.000,2014,9,7,14,05008KT,14,10
2014-09-07 15:00:00.000,2014,9,7,15,12015KT,17,08
2014-09-07 16:00:00.000,2014,9,7,16,13010G22KT,18,09
2014-09-07 17:00:00.000,2014,9,7,17,11006G18KT,16,08
2014-09-07 18:00:00.000,2014,9,7,18,09008KT,16,10
2014-09-07 19:00:00.000,2014,9,7,19,12011KT,17,08
2014-09-07 20:00:00.000,2014,9,7,20,17012KT,17,08
2014-09-07 21:00:00.000,2014,9,7,21,15014KT,16,09
2014-09-07 22:00:00.000,2014,9,7,22,14014KT,15,08
2014-09-07 23:00:00.000,2014,9,7,23,13014KT,14,07
2014-09-08 00:00:00.000,2014,9,8,0,14012KT,14,08
2014-09-08 01:00:00.000,2014,9,8,1,13011KT,12,05
2014-09-08 02:00:00.000,2014,9,8,2,13010KT,13,05
2014-09-08 03:00:00.000,2014,9,8,3,10006KT,13,05
2014-09-08 04:00:00.000,2014,9,8,4,08004KT,13,06
2014-09-08 05:00:00.000,2014,9,8,5,VRB02KT,11,06
2014-09-08 06:00:00.000,2014,9,8,6,07007KT,09,06
2014-09-08 07:00:00.000,2014,9,8,7,06006KT,09,07
2014-09-08 08:00:00.000,2014,9,8,8,06006KT,09,07
2014-09-08 09:00:00.000,2014,9,8,9,VRB02KT,11,07
2014-09-08 10:00:00.000,2014,9,8,10,06006KT,10,08
2014-09-08 11:00:00.000,2014,9,8,11,VRB02KT,10,07
2014-09-08 12:00:00.000,2014,9,8,12,11007KT,14,07
2014-09-08 13:00:00.000,2014,9,8,13,12011KT,14,08
2014-09-08 14:00:00.000,2014,9,8,14,12014KT,15,06
2014-09-08 15:00:00.000,2014,9,8,15,12013KT,16,07
2014-09-08 16:00:00.000,2014,9,8,16,13015KT,16,06
2014-09-08 17:00:00.000,2014,9,8,17,12014KT,,
2014-09-08 18:00:00.000,2014,9,8,18,13016KT,17,09
2014-09-08 19:00:00.000,2014,9,8,19,18016KT,16,09
2014-09-08 20:00:00.000,2014,9,8,20,14012KT,15,10
2014-09-08 21:00:00.000,2014,9,8,21,13012KT,15,08
2014-09-08 22:00:00.000,2014,9,8,22,14012KT,16,07
2014-09-08 23:00:00.000,2014,9,8,23,12008KT,14,06
2014-09-09 00:00:00.000,2014,9,9,0,13010KT,13,06
2014-09-09 01:00:00.000,2014,9,9,1,08003KT,12,06
2014-09-09 02:00:00.000,2014,9,9,2,VRB02KT,09,06
2014-09-09 03:00:00.000,2014,9,9,3,11006KT,11,07
2014-09-09 04:00:00.000,2014,9,9,4,12004KT,12,07
2014-09-09 05:00:00.000,2014,9,9,5,12004KT,11,06
2014-09-09 06:00:00.000,2014,9,9,6,VRB02KT,11,06
2014-09-09 07:00:00.000,2014,9,9,7,VRB02KT,08,07
2014-09-09 08:00:00.000,2014,9,9,8,02003KT,08,06
2014-09-09 09:00:00.000,2014,9,9,9,03003KT,07,05
2014-09-09 10:00:00.000,2014,9,9,10,VRB02KT,06,05
2014-09-09 11:00:00.000,2014,9,9,11,VRB02KT,07,06
2014-09-09 12:00:00.000,2014,9,9,12,36004KT,09,07
2014-09-09 13:00:00.000,2014,9,9,13,03006KT,13,07
2014-09-09 14:00:00.000,2014,9,9,14,08006KT,15,06
2014-09-09 15:00:00.000,2014,9,9,15,10012KT,17,06
2014-09-09 16:00:00.000,2014,9,9,16,07006KT,18,05
2014-09-09 17:00:00.000,2014,9,9,17,12010KT,18,07
2014-09-09 18:00:00.000,2014,9,9,18,14008KT,18,06
2014-09-09 19:00:00.000,2014,9,9,19,13009KT,18,05
2014-09-09 20:00:00.000,2014,9,9,20,13012KT,20,10
2014-09-09 21:00:00.000,2014,9,9,21,10008KT,19,06
2014-09-09 22:00:00.000,2014,9,9,22,12011KT,17,06
2014-09-09 23:00:00.000,2014,9,9,23,14008KT,16,03
2014-09-10 00:00:00.000,2014,9,10,0,13008KT,13,03
2014-09-10 01:00:00.000,2014,9,10,1,15008KT,14,04
2014-09-10 02:00:00.000,2014,9,10,2,17007KT,14,04
2014-09-10 03:00:00.000,2014,9,10,3,VRB02KT,10,08
2014-09-10 04:00:00.000,2014,9,10,4,01003KT,11,07
2014-09-10 05:00:00.000,2014,9,10,5,01003KT,11,07
2014-09-10 06:00:00.000,2014,9,10,6,04003KT,09,07
2014-09-10 07:00:00.000,2014,9,10,7,04004KT,09,07
2014-09-10 08:00:00.000,2014,9,10,8,VRB02KT,09,08
2014-09-10 09:00:00.000,2014,9,10,9,VRB02KT,08,07
2014-09-10 10:00:00.000,2014,9,10,10,01003KT,08,07
2014-09-10 11:00:00.000,2014,9,10,11,02004KT,05,04
2014-09-10 12:00:00.000,2014,9,10,12,VRB02KT,08,07
2014-09-10 13:00:00.000,2014,9,10,13,35003KT,12,08
2014-09-10 14:00:00.000,2014,9,10,14,02003KT,15,07
2014-09-10 15:00:00.000,2014,9,10,15,21006KT,16,08
2014-09-10 16:00:00.000,2014,9,10,16,19005KT,17,07
2014-09-10 17:00:00.000,2014,9,10,17,07004KT,18,08
2014-09-10 18:00:00.000,2014,9,10,18,10008KT,19,08
2014-09-10 19:00:00.000,2014,9,10,19,25006KT,19,07
2014-09-10 20:00:00.000,2014,9,10,20,28008KT,17,10
2014-09-10 21:00:00.000,2014,9,10,21,27006KT,17,10
2014-09-10 22:00:00.000,2014,9,10,22,32006KT,16,11
2014-09-10 23:00:00.000,2014,9,10,23,30006KT,14,12
2014-09-11 00:00:00.000,2014,9,11,0,03004KT,14,12
2014-09-11 01:00:00.000,2014,9,11,1,VRB02KT,13,11
2014-09-11 02:00:00.000,2014,9,11,2,VRB02KT,13,11
2014-09-11 03:00:00.000,2014,9,11,3,VRB02KT,12,10
2014-09-11 04:00:00.000,2014,9,11,4,VRB02KT,10,09
2014-09-11 05:00:00.000,2014,9,11,5,VRB02KT,10,09
2014-09-11 06:00:00.000,2014,9,11,6,VRB02KT,12,11
2014-09-11 07:00:00.000,2014,9,11,7,03004KT,12,10
2014-09-11 08:00:00.000,2014,9,11,8,VRB02KT,12,10
2014-09-11 09:00:00.000,2014,9,11,9,12004KT,10,09
2014-09-11 10:00:00.000,2014,9,11,10,VRB02KT,11,10
2014-09-11 11:00:00.000,2014,9,11,11,05004KT,10,09
2014-09-11 12:00:00.000,2014,9,11,12,36003KT,11,10
2014-09-11 13:00:00.000,2014,9,11,13,04004KT,14,10
2014-09-11 14:00:00.000,2014,9,11,14,02005KT,16,08
2014-09-11 15:00:00.000,2014,9,11,15,VRB02KT,16,08
2014-09-11 16:00:00.000,2014,9,11,16,14008KT,18,08
2014-09-11 17:00:00.000,2014,9,11,17,15012KT,17,08
2014-09-11 18:00:00.000,2014,9,11,18,12012KT,18,09
2014-09-11 19:00:00.000,2014,9,11,19,15012KT,19,09
2014-09-11 20:00:00.000,2014,9,11,20,08007KT,18,09
2014-09-11 21:00:00.000,2014,9,11,21,11004KT,15,10
2014-09-11 22:00:00.000,2014,9,11,22,06006KT,16,10
2014-09-11 23:00:00.000,2014,9,11,23,05010KT,15,10
2014-09-12 00:00:00.000,2014,9,12,0,05010KT,14,09
2014-09-12 01:00:00.000,2014,9,12,1,07015KT,14,09
2014-09-12 02:00:00.000,2014,9,12,2,06008KT,14,09
2014-09-12 03:00:00.000,2014,9,12,3,06008KT,14,09
2014-09-12 04:00:00.000,2014,9,12,4,06010KT,13,09
2014-09-12 05:00:00.000,2014,9,12,5,08008KT,13,09
2014-09-12 06:00:00.000,2014,9,12,6,10010KT,13,08
2014-09-12 07:00:00.000,2014,9,12,7,06008KT,12,08
2014-09-12 08:00:00.000,2014,9,12,8,02006KT,12,08
2014-09-12 09:00:00.000,2014,9,12,9,02006KT,11,09
2014-09-12 10:00:00.000,2014,9,12,10,05004KT,12,07
2014-09-12 11:00:00.000,2014,9,12,11,VRB02KT,10,07
2014-09-12 12:00:00.000,2014,9,12,12,05008KT,12,08
2014-09-12 13:00:00.000,2014,9,12,13,03009KT,14,08
2014-09-12 14:00:00.000,2014,9,12,14,04010KT,16,07
2014-09-12 15:00:00.000,2014,9,12,15,12008KT,16,07
2014-09-12 16:00:00.000,2014,9,12,16,13009KT,16,07
2014-09-12 17:00:00.000,2014,9,12,17,13013KT,16,07
2014-09-12 18:00:00.000,2014,9,12,18,09010KT,18,07
2014-09-12 19:00:00.000,2014,9,12,19,34005KT,17,07
2014-09-12 20:00:00.000,2014,9,12,20,VRB02KT,18,08
2014-09-12 21:00:00.000,2014,9,12,21,29008KT,17,10
2014-09-12 22:00:00.000,2014,9,12,22,29005KT,16,10
2014-09-12 23:00:00.000,2014,9,12,23,VRB02KT,15,10
2014-09-13 00:00:00.000,2014,9,13,0,35003KT,13,11
2014-09-13 01:00:00.000,2014,9,13,1,28003KT,13,10
2014-09-13 02:00:00.000,2014,9,13,2,03003KT,13,11
2014-09-13 03:00:00.000,2014,9,13,3,03004KT,12,10
2014-09-13 04:00:00.000,2014,9,13,4,34003KT,12,10
2014-09-13 05:00:00.000,2014,9,13,5,34003KT,12,10
2014-09-13 06:00:00.000,2014,9,13,6,VRB02KT,12,10
2014-09-13 07:00:00.000,2014,9,13,7,03005KT,12,10
2014-09-13 08:00:00.000,2014,9,13,8,06003KT,12,10
2014-09-13 09:00:00.000,2014,9,13,9,04005KT,12,10
2014-09-13 10:00:00.000,2014,9,13,10,05008KT,12,10
2014-09-13 11:00:00.000,2014,9,13,11,06005KT,11,10
2014-09-13 12:00:00.000,2014,9,13,12,06008KT,12,10
2014-09-13 13:00:00.000,2014,9,13,13,06008KT,13,10
2014-09-13 14:00:00.000,2014,9,13,14,07010KT,16,08
2014-09-13 15:00:00.000,2014,9,13,15,13015KT,18,08
2014-09-13 16:00:00.000,2014,9,13,16,11005KT,18,08
2014-09-13 17:00:00.000,2014,9,13,17,14015KT,17,08
2014-09-13 18:00:00.000,2014,9,13,18,15011KT,17,08
2014-09-13 19:00:00.000,2014,9,13,19,15013KT,18,08
2014-09-13 20:00:00.000,2014,9,13,20,VRB02KT,17,08
2014-09-13 21:00:00.000,2014,9,13,21,11008KT,18,07
2014-09-13 22:00:00.000,2014,9,13,22,14009KT,18,07
2014-09-13 23:00:00.000,2014,9,13,23,09007KT,17,07
2014-09-14 00:00:00.000,2014,9,14,0,13008KT,16,07
2014-09-14 01:00:00.000,2014,9,14,1,12006KT,15,08
2014-09-14 02:00:00.000,2014,9,14,2,VRB02KT,13,08
2014-09-14 03:00:00.000,2014,9,14,3,VRB02KT,12,08
2014-09-14 04:00:00.000,2014,9,14,4,VRB02KT,12,09
2014-09-14 05:00:00.000,2014,9,14,5,VRB02KT,11,08
2014-09-14 06:00:00.000,2014,9,14,6,07004KT,11,10
2014-09-14 07:00:00.000,2014,9,14,7,VRB02KT,11,10
2014-09-14 08:00:00.000,2014,9,14,8,VRB02KT,11,10
2014-09-14 09:00:00.000,2014,9,14,9,VRB02KT,11,10
2014-09-14 10:00:00.000,2014,9,14,10,VRB02KT,11,10
2014-09-14 11:00:00.000,2014,9,14,11,VRB02KT,11,10
2014-09-14 12:00:00.000,2014,9,14,12,13005KT,12,09
2014-09-14 13:00:00.000,2014,9,14,13,15006KT,14,08
2014-09-14 14:00:00.000,2014,9,14,14,13006KT,16,07
2014-09-14 15:00:00.000,2014,9,14,15,15010KT,19,07
2014-09-14 16:00:00.000,2014,9,14,16,15015KT,19,07
2014-09-14 17:00:00.000,2014,9,14,17,13015KT,17,07
2014-09-14 18:00:00.000,2014,9,14,18,15012KT,17,08
2014-09-14 19:00:00.000,2014,9,14,19,13009KT,17,08
2014-09-14 20:00:00.000,2014,9,14,20,15014KT,19,08
2014-09-14 21:00:00.000,2014,9,14,21,14010KT,18,07
2014-09-14 22:00:00.000,2014,9,14,22,14010KT,17,07
2014-09-14 23:00:00.000,2014,9,14,23,12008KT,15,07
2014-09-15 00:00:00.000,2014,9,15,0,VRB02KT,14,08
2014-09-15 01:00:00.000,2014,9,15,1,VRB02KT,13,09
2014-09-15 02:00:00.000,2014,9,15,2,VRB02KT,12,09
2014-09-15 03:00:00.000,2014,9,15,3,05005KT,12,09
2014-09-15 04:00:00.000,2014,9,15,4,04005KT,12,09
2014-09-15 05:00:00.000,2014,9,15,5,07003KT,12,09
2014-09-15 06:00:00.000,2014,9,15,6,VRB02KT,12,09
2014-09-15 07:00:00.000,2014,9,15,7,07003KT,12,09
2014-09-15 08:00:00.000,2014,9,15,8,04004KT,12,09
2014-09-15 09:00:00.000,2014,9,15,9,07004KT,12,09
2014-09-15 10:00:00.000,2014,9,15,10,03003KT,11,09
2014-09-15 11:00:00.000,2014,9,15,11,04003KT,10,08
2014-09-15 12:00:00.000,2014,9,15,12,04006KT,13,09
2014-09-15 13:00:00.000,2014,9,15,13,06005KT,15,09
2014-09-15 14:00:00.000,2014,9,15,14,07007KT,16,07
2014-09-15 15:00:00.000,2014,9,15,15,12005KT,17,09
2014-09-15 16:00:00.000,2014,9,15,16,13010KT,17,09
2014-09-15 18:00:00.000,2014,9,15,18,12012KT,19,07
2014-09-15 19:00:00.000,2014,9,15,19,15008KT,17,07
2014-09-15 20:00:00.000,2014,9,15,20,17012KT,19,07
2014-09-15 21:00:00.000,2014,9,15,21,14014KT,19,07
2014-09-15 22:00:00.000,2014,9,15,22,11005KT,17,05
2014-09-15 23:00:00.000,2014,9,15,23,12008KT,17,06
2014-09-16 00:00:00.000,2014,9,16,0,12008KT,14,06
2014-09-16 01:00:00.000,2014,9,16,1,10008KT,14,08
2014-09-16 02:00:00.000,2014,9,16,2,08006KT,14,06
2014-09-16 03:00:00.000,2014,9,16,3,06006KT,12,07
2014-09-16 04:00:00.000,2014,9,16,4,06006KT,11,08
2014-09-16 05:00:00.000,2014,9,16,5,05005KT,10,07
2014-09-16 06:00:00.000,2014,9,16,6,33005KT,10,06
2014-09-16 07:00:00.000,2014,9,16,7,06006KT,09,06
2014-09-16 08:00:00.000,2014,9,16,8,04006KT,09,07
2014-09-16 09:00:00.000,2014,9,16,9,04004KT,08,06
2014-09-16 10:00:00.000,2014,9,16,10,29003KT,06,05
2014-09-16 11:00:00.000,2014,9,16,11,03004KT,08,07
2014-09-16 12:00:00.000,2014,9,16,12,VRB02KT,10,08
2014-09-16 13:00:00.000,2014,9,16,13,VRB02KT,13,08
2014-09-16 14:00:00.000,2014,9,16,14,05003KT,15,08
2014-09-16 15:00:00.000,2014,9,16,15,03004KT,17,07
2014-09-16 16:00:00.000,2014,9,16,16,05010KT,18,07
2014-09-16 17:00:00.000,2014,9,16,17,15010KT,16,08
2014-09-16 18:00:00.000,2014,9,16,18,04009KT,16,10
2014-09-16 19:00:00.000,2014,9,16,19,03008KT,16,09
2014-09-16 20:00:00.000,2014,9,16,20,06008KT,17,08
2014-09-16 21:00:00.000,2014,9,16,21,13008KT,18,07
2014-09-16 22:00:00.000,2014,9,16,22,VRB02KT,17,06
2014-09-16 23:00:00.000,2014,9,16,23,10006KT,16,05
2014-09-17 00:00:00.000,2014,9,17,0,07006KT,14,08
2014-09-17 01:00:00.000,2014,9,17,1,36003KT,14,08
2014-09-17 02:00:00.000,2014,9,17,2,16006KT,13,09
2014-09-17 03:00:00.000,2014,9,17,3,05006KT,13,09
2014-09-17 04:00:00.000,2014,9,17,4,05005KT,12,08
2014-09-17 05:00:00.000,2014,9,17,5,05005KT,10,08
2014-09-17 06:00:00.000,2014,9,17,6,08004KT,10,08
2014-09-17 07:00:00.000,2014,9,17,7,VRB02KT,09,08
2014-09-17 08:00:00.000,2014,9,17,8,VRB02KT,08,07
2014-09-17 09:00:00.000,2014,9,17,9,27003KT,07,07
2014-09-17 10:00:00.000,2014,9,17,10,VRB02KT,08,07
2014-09-17 11:00:00.000,2014,9,17,11,VRB02KT,07,07
2014-09-17 12:00:00.000,2014,9,17,12,29003KT,09,08
2014-09-17 13:00:00.000,2014,9,17,13,31003KT,11,08
2014-09-17 14:00:00.000,2014,9,17,14,11003KT,14,12
2014-09-17 15:00:00.000,2014,9,17,15,24003KT,16,07
2014-09-17 16:00:00.000,2014,9,17,16,26004KT,17,07
2014-09-17 17:00:00.000,2014,9,17,17,14005KT,20,07
2014-09-17 18:00:00.000,2014,9,17,18,15004KT,18,07
2014-09-17 19:00:00.000,2014,9,17,19,24010KT,17,09
2014-09-17 20:00:00.000,2014,9,17,20,26011KT,19,10
2014-09-17 21:00:00.000,2014,9,17,21,23010KT,17,10
2014-09-17 22:00:00.000,2014,9,17,22,25009KT,16,10
2014-09-17 23:00:00.000,2014,9,17,23,32006KT,15,11
2014-09-18 00:00:00.000,2014,9,18,0,VRB02KT,14,11
2014-09-18 01:00:00.000,2014,9,18,1,VRB02KT,14,11
2014-09-18 02:00:00.000,2014,9,18,2,VRB02KT,13,10
2014-09-18 03:00:00.000,2014,9,18,3,05003KT,12,10
2014-09-18 04:00:00.000,2014,9,18,4,09005KT,13,10
2014-09-18 05:00:00.000,2014,9,18,5,35004KT,12,11
2014-09-18 06:00:00.000,2014,9,18,6,VRB02KT,11,10
2014-09-18 07:00:00.000,2014,9,18,7,00000KT,12,11
2014-09-18 08:00:00.000,2014,9,18,8,34003KT,11,10
2014-09-18 09:00:00.000,2014,9,18,9,31003KT,11,10
2014-09-18 10:00:00.000,2014,9,18,10,00000KT,11,10
2014-09-18 11:00:00.000,2014,9,18,11,04004KT,11,10
2014-09-18 12:00:00.000,2014,9,18,12,26004KT,13,10
2014-09-18 13:00:00.000,2014,9,18,13,35003KT,14,11
2014-09-18 14:00:00.000,2014,9,18,14,34003KT,14,10
2014-09-18 15:00:00.000,2014,9,18,15,25006KT,15,11
2014-09-18 16:00:00.000,2014,9,18,16,24009KT,15,11
2014-09-18 17:00:00.000,2014,9,18,17,24010KT,15,11
2014-09-18 18:00:00.000,2014,9,18,18,24008KT,16,11
2014-09-18 19:00:00.000,2014,9,18,19,23007KT,17,10
2014-09-18 20:00:00.000,2014,9,18,20,28007KT,17,11
2014-09-18 21:00:00.000,2014,9,18,21,26008KT,17,10
2014-09-18 22:00:00.000,2014,9,18,22,23006KT,16,11
2014-09-18 23:00:00.000,2014,9,18,23,25005KT,15,11
2014-09-19 01:00:00.000,2014,9,19,1,00000KT,13,11
2014-09-19 02:00:00.000,2014,9,19,2,VRB02KT,13,10
2014-09-19 03:00:00.000,2014,9,19,3,VRB02KT,12,10
2014-09-19 04:00:00.000,2014,9,19,4,30004KT,12,11
2014-09-19 05:00:00.000,2014,9,19,5,28003KT,12,10
2014-09-19 06:00:00.000,2014,9,19,6,00000KT,11,10
2014-09-19 07:00:00.000,2014,9,19,7,03003KT,12,10
2014-09-19 08:00:00.000,2014,9,19,8,VRB02KT,11,09
2014-09-19 09:00:00.000,2014,9,19,9,04004KT,10,09
2014-09-19 10:00:00.000,2014,9,19,10,VRB02KT,09,08
2014-09-19 11:00:00.000,2014,9,19,11,VRB02KT,09,08
2014-09-19 12:00:00.000,2014,9,19,12,03007KT,10,09
2014-09-19 13:00:00.000,2014,9,19,13,35004KT,12,10
2014-09-19 14:00:00.000,2014,9,19,14,08004KT,17,10
2014-09-19 15:00:00.000,2014,9,19,15,14003KT,18,11
2014-09-19 16:00:00.000,2014,9,19,16,08003KT,18,08
2014-09-19 17:00:00.000,2014,9,19,17,30004KT,18,08
2014-09-19 18:00:00.000,2014,9,19,18,23010KT,15,11
2014-09-19 19:00:00.000,2014,9,19,19,29007KT,16,11
2014-09-19 20:00:00.000,2014,9,19,20,23010KT,19,10
2014-09-19 21:00:00.000,2014,9,19,21,27011KT,18,11
2014-09-19 22:00:00.000,2014,9,19,22,33003KT,14,13
2014-09-19 23:00:00.000,2014,9,19,23,VRB02KT,13,12
2014-09-20 00:00:00.000,2014,9,20,0,18003KT,13,12
2014-09-20 01:00:00.000,2014,9,20,1,36003KT,13,12
2014-09-20 02:00:00.000,2014,9,20,2,36003KT,13,12
2014-09-20 03:00:00.000,2014,9,20,3,04005KT,12,11
2014-09-20 04:00:00.000,2014,9,20,4,VRB02KT,12,11
2014-09-20 05:00:00.000,2014,9,20,5,04003KT,12,11
2014-09-20 06:00:00.000,2014,9,20,6,02003KT,12,10
2014-09-20 07:00:00.000,2014,9,20,7,33003KT,12,10
2014-09-20 08:00:00.000,2014,9,20,8,VRB02KT,12,10
2014-09-20 09:00:00.000,2014,9,20,9,VRB02KT,12,10
2014-09-20 10:00:00.000,2014,9,20,10,25004KT,12,10
2014-09-20 11:00:00.000,2014,9,20,11,26008KT,11,10
2014-09-20 12:00:00.000,2014,9,20,12,25004KT,11,10
2014-09-20 13:00:00.000,2014,9,20,13,VRB02KT,11,10
2014-09-20 14:00:00.000,2014,9,20,14,06003KT,12,11
2014-09-20 15:00:00.000,2014,9,20,15,10006KT,13,10
2014-09-20 16:00:00.000,2014,9,20,16,14004KT,16,11
2014-09-20 17:00:00.000,2014,9,20,17,21004KT,18,10
2014-09-20 18:00:00.000,2014,9,20,18,13006KT,18,07
2014-09-20 19:00:00.000,2014,9,20,19,24009KT,19,12
2014-09-20 20:00:00.000,2014,9,20,20,24012KT,18,11
2014-09-20 21:00:00.000,2014,9,20,21,25008KT,17,12
2014-09-20 22:00:00.000,2014,9,20,22,27007KT,16,11
2014-09-20 23:00:00.000,2014,9,20,23,33003KT,15,12
2014-09-21 00:00:00.000,2014,9,21,0,32003KT,13,12
2014-09-21 01:00:00.000,2014,9,21,1,VRB02KT,13,11
2014-09-21 02:00:00.000,2014,9,21,2,34003KT,13,11
2014-09-21 03:00:00.000,2014,9,21,3,VRB02KT,13,11
2014-09-21 04:00:00.000,2014,9,21,4,VRB02KT,12,11
2014-09-21 05:00:00.000,2014,9,21,5,VRB02KT,12,11
2014-09-21 06:00:00.000,2014,9,21,6,VRB02KT,12,11
2014-09-21 07:00:00.000,2014,9,21,7,VRB02KT,12,11
2014-09-21 08:00:00.000,2014,9,21,8,VRB02KT,11,10
2014-09-21 09:00:00.000,2014,9,21,9,VRB02KT,11,10
2014-09-21 10:00:00.000,2014,9,21,10,27003KT,11,11
2014-09-21 11:00:00.000,2014,9,21,11,VRB02KT,11,11
2014-09-21 12:00:00.000,2014,9,21,12,VRB02KT,12,11
2014-09-21 13:00:00.000,2014,9,21,13,24003KT,14,12
2014-09-21 14:00:00.000,2014,9,21,14,33003KT,14,11
2014-09-21 15:00:00.000,2014,9,21,15,VRB02KT,16,10
2014-09-21 16:00:00.000,2014,9,21,16,28004KT,16,10
2014-09-21 17:00:00.000,2014,9,21,17,02008KT,17,11
2014-09-21 18:00:00.000,2014,9,21,18,34010KT,17,12
2014-09-21 19:00:00.000,2014,9,21,19,35008KT,17,12
2014-09-21 20:00:00.000,2014,9,21,20,32008KT,18,13
2014-09-21 21:00:00.000,2014,9,21,21,30006KT,17,12
2014-09-21 22:00:00.000,2014,9,21,22,33006KT,15,12
2014-09-21 23:00:00.000,2014,9,21,23,35004KT,14,11
2014-09-22 00:00:00.000,2014,9,22,0,31006KT,13,11
2014-09-22 01:00:00.000,2014,9,22,1,28003KT,13,10
2014-09-22 02:00:00.000,2014,9,22,2,03003KT,13,10
2014-09-22 03:00:00.000,2014,9,22,3,VRB02KT,13,11
2014-09-22 04:00:00.000,2014,9,22,4,36003KT,13,11
2014-09-22 05:00:00.000,2014,9,22,5,VRB02KT,13,10
2014-09-22 06:00:00.000,2014,9,22,6,04005KT,12,10
2014-09-22 07:00:00.000,2014,9,22,7,VRB02KT,12,09
2014-09-22 08:00:00.000,2014,9,22,8,07003KT,11,09
2014-09-22 09:00:00.000,2014,9,22,9,00000KT,10,09
2014-09-22 10:00:00.000,2014,9,22,10,00000KT,10,09
2014-09-22 11:00:00.000,2014,9,22,11,VRB02KT,09,08
2014-09-22 12:00:00.000,2014,9,22,12,VRB02KT,10,09
2014-09-22 13:00:00.000,2014,9,22,13,08004KT,14,10
2014-09-22 14:00:00.000,2014,9,22,14,03005KT,15,09
2014-09-22 15:00:00.000,2014,9,22,15,11004KT,16,09
2014-09-22 16:00:00.000,2014,9,22,16,17004KT,18,09
2014-09-22 17:00:00.000,2014,9,22,17,04005KT,18,09
2014-09-22 18:00:00.000,2014,9,22,18,VRB02KT,19,08
2014-09-22 19:00:00.000,2014,9,22,19,32003KT,20,08
2014-09-22 20:00:00.000,2014,9,22,20,09005KT,18,08
2014-09-22 21:00:00.000,2014,9,22,21,20010KT,17,11
2014-09-22 22:00:00.000,2014,9,22,22,17012KT,17,10
2014-09-22 23:00:00.000,2014,9,22,23,19010KT,16,08
2014-09-23 00:00:00.000,2014,9,23,0,VRB02KT,15,09
2014-09-23 01:00:00.000,2014,9,23,1,VRB02KT,15,08
2014-09-23 02:00:00.000,2014,9,23,2,VRB02KT,14,08
2014-09-23 03:00:00.000,2014,9,23,3,04004KT,11,09
2014-09-23 04:00:00.000,2014,9,23,4,04005KT,10,08
2014-09-23 06:00:00.000,2014,9,23,6,VRB02KT,10,09
2014-09-23 08:00:00.000,2014,9,23,8,VRB02KT,10,09
2014-09-23 09:00:00.000,2014,9,23,9,VRB02KT,09,08
2014-09-23 10:00:00.000,2014,9,23,10,VRB02KT,09,08
2014-09-23 11:00:00.000,2014,9,23,11,VRB02KT,09,09
2014-09-23 12:00:00.000,2014,9,23,12,VRB02KT,11,10
2014-09-23 13:00:00.000,2014,9,23,13,06003KT,14,09
2014-09-23 14:00:00.000,2014,9,23,14,VRB02KT,16,09
2014-09-23 15:00:00.000,2014,9,23,15,14008KT,18,08
2014-09-23 16:00:00.000,2014,9,23,16,15008KT,19,06
2014-09-23 17:00:00.000,2014,9,23,17,14008KT,21,04
2014-09-23 18:00:00.000,2014,9,23,18,17006KT,20,05
2014-09-23 19:00:00.000,2014,9,23,19,10006KT,20,05
2014-09-23 20:00:00.000,2014,9,23,20,13008KT,20,05
2014-09-23 21:00:00.000,2014,9,23,21,07004KT,20,05
2014-09-23 22:00:00.000,2014,9,23,22,14005KT,20,05
2014-09-23 23:00:00.000,2014,9,23,23,31006KT,17,11
2014-09-24 00:00:00.000,2014,9,24,0,34005KT,13,10
2014-09-24 01:00:00.000,2014,9,24,1,VRB02KT,13,09
2014-09-24 02:00:00.000,2014,9,24,2,VRB02KT,12,09
2014-09-24 03:00:00.000,2014,9,24,3,VRB02KT,10,08
2014-09-24 04:00:00.000,2014,9,24,4,VRB02KT,10,08
2014-09-24 05:00:00.000,2014,9,24,5,03003KT,10,08
2014-09-24 06:00:00.000,2014,9,24,6,06005KT,10,09
2014-09-24 07:00:00.000,2014,9,24,7,07005KT,09,09
2014-09-24 08:00:00.000,2014,9,24,8,VRB02KT,08,07
2014-09-24 09:00:00.000,2014,9,24,9,33004KT,05,05
2014-09-24 10:00:00.000,2014,9,24,10,VRB02KT,06,06
2014-09-24 11:00:00.000,2014,9,24,11,VRB02KT,07,06
2014-09-24 12:00:00.000,2014,9,24,12,03003KT,08,08
2014-09-24 13:00:00.000,2014,9,24,13,06004KT,10,09
2014-09-24 14:00:00.000,2014,9,24,14,36004KT,14,10
2014-09-24 15:00:00.000,2014,9,24,15,36004KT,17,07
2014-09-24 16:00:00.000,2014,9,24,16,06005KT,18,07
2014-09-24 17:00:00.000,2014,9,24,17,14010KT,18,09
2014-09-24 18:00:00.000,2014,9,24,18,13008KT,20,10
2014-09-24 19:00:00.000,2014,9,24,19,11009KT,20,08
2014-09-24 20:00:00.000,2014,9,24,20,13006KT,18,08
2014-09-24 21:00:00.000,2014,9,24,21,08006KT,19,08
2014-09-24 22:00:00.000,2014,9,24,22,04004KT,19,07
2014-09-24 23:00:00.000,2014,9,24,23,10004KT,17,07
2014-09-25 00:00:00.000,2014,9,25,0,09006KT,15,08
2014-09-25 01:00:00.000,2014,9,25,1,10006KT,15,08
2014-09-25 02:00:00.000,2014,9,25,2,09005KT,14,09
2014-09-25 03:00:00.000,2014,9,25,3,07007KT,13,09
2014-09-25 04:00:00.000,2014,9,25,4,08009KT,12,09
2014-09-25 05:00:00.000,2014,9,25,5,04008KT,11,09
2014-09-25 06:00:00.000,2014,9,25,6,06003KT,11,08
2014-09-25 07:00:00.000,2014,9,25,7,VRB02KT,10,08
2014-09-25 08:00:00.000,2014,9,25,8,06006KT,10,08
2014-09-25 09:00:00.000,2014,9,25,9,04004KT,09,07
2014-09-25 11:00:00.000,2014,9,25,11,02003KT,08,07
2014-09-25 12:00:00.000,2014,9,25,12,VRB02KT,09,08
2014-09-25 13:00:00.000,2014,9,25,13,03005KT,13,09
2014-09-25 14:00:00.000,2014,9,25,14,34005KT,16,08
2014-09-25 15:00:00.000,2014,9,25,15,28005KT,17,07
2014-09-25 16:00:00.000,2014,9,25,16,08008KT,20,08
2014-09-25 17:00:00.000,2014,9,25,17,02005KT,21,06
2014-09-25 18:00:00.000,2014,9,25,18,02010KT,21,05
2014-09-25 19:00:00.000,2014,9,25,19,29009KT,20,11
2014-09-25 20:00:00.000,2014,9,25,20,27008KT,19,10
2014-09-25 21:00:00.000,2014,9,25,21,28010KT,18,11
2014-09-25 22:00:00.000,2014,9,25,22,33003KT,16,13
2014-09-25 23:00:00.000,2014,9,25,23,32004KT,15,13
2014-09-26 00:00:00.000,2014,9,26,0,33006KT,12,10
2014-09-26 01:00:00.000,2014,9,26,1,VRB02KT,13,11
2014-09-26 02:00:00.000,2014,9,26,2,03003KT,12,10
2014-09-26 03:00:00.000,2014,9,26,3,36003KT,11,10
2014-09-26 04:00:00.000,2014,9,26,4,06006KT,11,11
2014-09-26 05:00:00.000,2014,9,26,5,06006KT,11,09
2014-09-26 06:00:00.000,2014,9,26,6,03004KT,11,08
2014-09-26 07:00:00.000,2014,9,26,7,03003KT,10,08
2014-09-26 08:00:00.000,2014,9,26,8,VRB02KT,09,08
2014-09-26 09:00:00.000,2014,9,26,9,VRB02KT,08,08
2014-09-26 10:00:00.000,2014,9,26,10,VRB02KT,07,06
2014-09-26 11:00:00.000,2014,9,26,11,VRB02KT,07,06
2014-09-26 12:00:00.000,2014,9,26,12,06003KT,09,08
2014-09-26 13:00:00.000,2014,9,26,13,VRB02KT,13,08
2014-09-26 14:00:00.000,2014,9,26,14,35003KT,16,07
2014-09-26 15:00:00.000,2014,9,26,15,04003KT,18,08
2014-09-26 16:00:00.000,2014,9,26,16,04004KT,19,06
2014-09-26 17:00:00.000,2014,9,26,17,30004KT,20,03
2014-09-26 18:00:00.000,2014,9,26,18,30008KT,20,10
2014-09-26 19:00:00.000,2014,9,26,19,25010KT,19,09
2014-09-26 20:00:00.000,2014,9,26,20,27012KT,18,10
2014-09-26 21:00:00.000,2014,9,26,21,28010KT,16,11
2014-09-26 22:00:00.000,2014,9,26,22,28010KT,16,11
2014-09-26 23:00:00.000,2014,9,26,23,30008KT,14,10
2014-09-27 00:00:00.000,2014,9,27,0,VRB02KT,14,10
2014-09-27 01:00:00.000,2014,9,27,1,06003KT,14,10
2014-09-27 02:00:00.000,2014,9,27,2,10003KT,12,10
2014-09-27 03:00:00.000,2014,9,27,3,VRB02KT,12,10
2014-09-27 04:00:00.000,2014,9,27,4,36004KT,11,09
2014-09-27 05:00:00.000,2014,9,27,5,04003KT,11,09
2014-09-27 06:00:00.000,2014,9,27,6,04004KT,11,09
2014-09-27 07:00:00.000,2014,9,27,7,04007KT,09,07
2014-09-27 08:00:00.000,2014,9,27,8,03005KT,10,08
2014-09-27 09:00:00.000,2014,9,27,9,VRB02KT,10,08
2014-09-27 10:00:00.000,2014,9,27,10,VRB02KT,08,07
2014-09-27 11:00:00.000,2014,9,27,11,01003KT,08,07
2014-09-27 12:00:00.000,2014,9,27,12,35003KT,10,09
2014-09-27 13:00:00.000,2014,9,27,13,04004KT,13,09
2014-09-27 14:00:00.000,2014,9,27,14,32003KT,17,09
2014-09-27 15:00:00.000,2014,9,27,15,17011KT,18,07
2014-09-27 16:00:00.000,2014,9,27,16,14011KT,18,07
2014-09-27 17:00:00.000,2014,9,27,17,14011KT,18,07
2014-09-27 18:00:00.000,2014,9,27,18,13016KT,16,08
2014-09-27 19:00:00.000,2014,9,27,19,16012KT,17,09
2014-09-27 20:00:00.000,2014,9,27,20,10010KT,17,09
2014-09-27 21:00:00.000,2014,9,27,21,09010KT,17,08
2014-09-27 22:00:00.000,2014,9,27,22,09008KT,17,07
2014-09-27 23:00:00.000,2014,9,27,23,14005KT,14,08
2014-09-28 00:00:00.000,2014,9,28,0,VRB02KT,14,08
2014-09-28 01:00:00.000,2014,9,28,1,06006KT,13,08
2014-09-28 02:00:00.000,2014,9,28,2,08006KT,13,08
2014-09-28 03:00:00.000,2014,9,28,3,09005KT,13,08
2014-09-28 04:00:00.000,2014,9,28,4,VRB02KT,11,09
2014-09-28 05:00:00.000,2014,9,28,5,03004KT,11,09
2014-09-28 06:00:00.000,2014,9,28,6,04004KT,10,08
2014-09-28 07:00:00.000,2014,9,28,7,05006KT,09,07
2014-09-28 08:00:00.000,2014,9,28,8,04005KT,08,07
2014-09-28 09:00:00.000,2014,9,28,9,06005KT,09,07
2014-09-28 10:00:00.000,2014,9,28,10,05005KT,09,07
2014-09-28 11:00:00.000,2014,9,28,11,36003KT,08,06
2014-09-28 12:00:00.000,2014,9,28,12,06007KT,10,08
2014-09-28 13:00:00.000,2014,9,28,13,06004KT,12,08
2014-09-28 14:00:00.000,2014,9,28,14,09010KT,15,08
2014-09-28 15:00:00.000,2014,9,28,15,14007KT,16,07
2014-09-28 16:00:00.000,2014,9,28,16,07012KT,17,08
2014-09-28 17:00:00.000,2014,9,28,17,11009KT,18,07
2014-09-28 18:00:00.000,2014,9,28,18,13006KT,18,07
2014-09-28 19:00:00.000,2014,9,28,19,12008KT,18,07
2014-09-28 20:00:00.000,2014,9,28,20,13006KT,18,07
2014-09-28 21:00:00.000,2014,9,28,21,10006KT,18,07
2014-09-28 22:00:00.000,2014,9,28,22,18010KT,19,06
2014-09-28 23:00:00.000,2014,9,28,23,12014KT,16,09
2014-09-29 00:00:00.000,2014,9,29,0,15006KT,15,08
2014-09-29 01:00:00.000,2014,9,29,1,16003KT,13,07
2014-09-29 02:00:00.000,2014,9,29,2,00000KT,13,07
2014-09-29 03:00:00.000,2014,9,29,3,06004KT,13,08
2014-09-29 04:00:00.000,2014,9,29,4,08003KT,12,08
2014-09-29 05:00:00.000,2014,9,29,5,07004KT,11,08
2014-09-29 06:00:00.000,2014,9,29,6,05005KT,10,07
2014-09-29 07:00:00.000,2014,9,29,7,07005KT,10,08
2014-09-29 08:00:00.000,2014,9,29,8,07007KT,10,07
2014-09-29 09:00:00.000,2014,9,29,9,05008KT,09,07
2014-09-29 10:00:00.000,2014,9,29,10,07006KT,09,07
2014-09-29 11:00:00.000,2014,9,29,11,07005KT,11,07
2014-09-29 12:00:00.000,2014,9,29,12,05007KT,11,08
2014-09-29 13:00:00.000,2014,9,29,13,291300Z,14,08
2014-09-29 14:00:00.000,2014,9,29,14,12007KT,16,07
2014-09-29 15:00:00.000,2014,9,29,15,12010KT,17,06
2014-09-29 16:00:00.000,2014,9,29,16,12012KT,18,05
2014-09-29 17:00:00.000,2014,9,29,17,13014KT,18,05
2014-09-29 18:00:00.000,2014,9,29,18,11010KT,19,05
2014-09-29 19:00:00.000,2014,9,29,19,10008KT,18,04
2014-09-29 20:00:00.000,2014,9,29,20,10006KT,18,04
2014-09-29 21:00:00.000,2014,9,29,21,12008KT,18,05
2014-09-29 22:00:00.000,2014,9,29,22,12011KT,17,03
2014-09-29 23:00:00.000,2014,9,29,23,12008KT,16,04
2014-09-30 00:00:00.000,2014,9,30,0,13007KT,15,05
2014-09-30 01:00:00.000,2014,9,30,1,14007KT,13,05
2014-09-30 02:00:00.000,2014,9,30,2,VRB02KT,13,06
2014-09-30 03:00:00.000,2014,9,30,3,11006KT,12,06
2014-09-30 04:00:00.000,2014,9,30,4,35004KT,11,06
2014-09-30 05:00:00.000,2014,9,30,5,05005KT,09,05
2014-09-30 06:00:00.000,2014,9,30,6,05004KT,09,05
2014-09-30 09:00:00.000,2014,9,30,9,05004KT,07,05
2014-09-30 10:00:00.000,2014,9,30,10,04006KT,05,04
2014-09-30 11:00:00.000,2014,9,30,11,04009KT,06,05
2014-09-30 12:00:00.000,2014,9,30,12,04006KT,10,07
2014-09-30 13:00:00.000,2014,9,30,13,06008KT,15,07
2014-09-30 14:00:00.000,2014,9,30,14,12012KT,17,07
2014-09-30 15:00:00.000,2014,9,30,15,13014KT,18,04
2014-09-30 16:00:00.000,2014,9,30,16,12012KT,19,04
2014-09-30 17:00:00.000,2014,9,30,17,17014KT,19,04
2014-09-30 18:00:00.000,2014,9,30,18,12010KT,18,04
2014-09-30 19:00:00.000,2014,9,30,19,14010KT,19,03
2014-09-30 20:00:00.000,2014,9,30,20,12010KT,19,03
2014-09-30 21:00:00.000,2014,9,30,21,16014KT,19,03
2014-09-30 22:00:00.000,2014,9,30,22,13013KT,18,04
2014-09-30 23:00:00.000,2014,9,30,23,15013KT,15,04
2014-10-01 00:00:00.000,2014,10,1,0,15012KT,15,04
2014-10-01 01:00:00.000,2014,10,1,1,12010KT,14,05
2014-10-01 02:00:00.000,2014,10,1,2,12010KT,14,05
2014-10-01 03:00:00.000,2014,10,1,3,10008KT,14,05
2014-10-01 04:00:00.000,2014,10,1,4,03004KT,12,07
2014-10-01 05:00:00.000,2014,10,1,5,03004KT,10,07
2014-10-01 06:00:00.000,2014,10,1,6,04006KT,09,07
2014-10-01 07:00:00.000,2014,10,1,7,VRB02KT,09,06
2014-10-01 08:00:00.000,2014,10,1,8,VRB02KT,09,07
2014-10-01 09:00:00.000,2014,10,1,9,VRB02KT,10,08
2014-10-01 10:00:00.000,2014,10,1,10,VRB02KT,10,08
2014-10-01 11:00:00.000,2014,10,1,11,05004KT,08,07
2014-10-01 12:00:00.000,2014,10,1,12,32004KT,11,08
2014-10-01 13:00:00.000,2014,10,1,13,25008KT,14,09
2014-10-01 14:00:00.000,2014,10,1,14,15006KT,14,08
2014-10-01 15:00:00.000,2014,10,1,15,113012KT,17,07
2014-10-01 16:00:00.000,2014,10,1,16,13008KT,15,09
2014-10-01 17:00:00.000,2014,10,1,17,16016KT,16,08
2014-10-01 18:00:00.000,2014,10,1,18,17015KT,18,08
2014-10-01 19:00:00.000,2014,10,1,19,14014KT,18,08
2014-10-01 20:00:00.000,2014,10,1,20,15014KT,18,07
2014-10-01 21:00:00.000,2014,10,1,21,16015KT,18,05
2014-10-01 22:00:00.000,2014,10,1,22,14010KT,17,06
2014-10-01 23:00:00.000,2014,10,1,23,15011KT,16,07
2014-10-02 00:00:00.000,2014,10,2,0,13008KT,15,07
2014-10-02 01:00:00.000,2014,10,2,1,11005KT,15,08
2014-10-02 02:00:00.000,2014,10,2,2,07005KT,14,08
2014-10-02 03:00:00.000,2014,10,2,3,07004KT,13,08
2014-10-02 04:00:00.000,2014,10,2,4,08004KT,14,08
2014-10-02 05:00:00.000,2014,10,2,5,09004KT,14,08
2014-10-02 06:00:00.000,2014,10,2,6,06004KT,13,09
2014-10-02 07:00:00.000,2014,10,2,7,05003KT,11,10
2014-10-02 08:00:00.000,2014,10,2,8,03003KT,10,09
2014-10-02 09:00:00.000,2014,10,2,9,05004KT,10,09
2014-10-02 10:00:00.000,2014,10,2,10,05005KT,10,09
2014-10-02 11:00:00.000,2014,10,2,11,05003KT,10,09
2014-10-02 12:00:00.000,2014,10,2,12,13010KT,13,07
2014-10-02 13:00:00.000,2014,10,2,13,14012KT,14,07
2014-10-02 14:00:00.000,2014,10,2,14,15012KT,15,08
2014-10-02 15:00:00.000,2014,10,2,15,13012KT,17,07
2014-10-02 16:00:00.000,2014,10,2,16,10010KT,17,08
2014-10-02 17:00:00.000,2014,10,2,17,12018KT,17,08
2014-10-02 19:00:00.000,2014,10,2,19,15010KT,16,07
2014-10-02 20:00:00.000,2014,10,2,20,14010KT,15,07
2014-10-02 21:00:00.000,2014,10,2,21,19006KT,16,07
2014-10-02 22:00:00.000,2014,10,2,22,12008KT,15,07
2014-10-02 23:00:00.000,2014,10,2,23,08008KT,15,08
2014-10-03 00:00:00.000,2014,10,3,0,08006KT,14,08
2014-10-03 01:00:00.000,2014,10,3,1,07003KT,14,08
2014-10-03 02:00:00.000,2014,10,3,2,12004KT,14,07
2014-10-03 03:00:00.000,2014,10,3,3,01003KT,13,08
2014-10-03 04:00:00.000,2014,10,3,4,03006KT,12,09
2014-10-03 05:00:00.000,2014,10,3,5,05006KT,11,08
2014-10-03 06:00:00.000,2014,10,3,6,04004KT,09,08
2014-10-03 07:00:00.000,2014,10,3,7,08004KT,10,09
2014-10-03 08:00:00.000,2014,10,3,8,08003KT,11,08
2014-10-03 09:00:00.000,2014,10,3,9,13004KT,11,09
2014-10-03 10:00:00.000,2014,10,3,10,12004KT,11,09
2014-10-03 11:00:00.000,2014,10,3,11,01004KT,10,09
2014-10-03 12:00:00.000,2014,10,3,12,05006KT,12,09
2014-10-03 13:00:00.000,2014,10,3,13,12004KT,14,09
2014-10-03 14:00:00.000,2014,10,3,14,17012KT,15,09
2014-10-03 15:00:00.000,2014,10,3,15,17010KT,16,08
2014-10-03 16:00:00.000,2014,10,3,16,13010KT,17,08
2014-10-03 17:00:00.000,2014,10,3,17,18012KT,17,07
2014-10-03 18:00:00.000,2014,10,3,18,17012KT,18,09
2014-10-03 19:00:00.000,2014,10,3,19,14010KT,18,07
2014-10-03 20:00:00.000,2014,10,3,20,14011KT,18,08
2014-10-03 21:00:00.000,2014,10,3,21,21005KT,18,06
2014-10-03 22:00:00.000,2014,10,3,22,29005KT,16,11
2014-10-03 23:00:00.000,2014,10,3,23,31005KT,15,10
2014-10-04 00:00:00.000,2014,10,4,0,04004KT,14,10
2014-10-04 01:00:00.000,2014,10,4,1,VRB02KT,14,10
2014-10-04 02:00:00.000,2014,10,4,2,05004KT,13,10
2014-10-04 03:00:00.000,2014,10,4,3,05007KT,13,10
2014-10-04 04:00:00.000,2014,10,4,4,03004KT,12,09
2014-10-04 05:00:00.000,2014,10,4,5,VRB02KT,11,09
2014-10-04 06:00:00.000,2014,10,4,6,04003KT,11,09
2014-10-04 07:00:00.000,2014,10,4,7,02004KT,10,09
2014-10-04 08:00:00.000,2014,10,4,8,34004KT,09,08
2014-10-04 09:00:00.000,2014,10,4,9,35003KT,08,07
2014-10-04 10:00:00.000,2014,10,4,10,03003KT,09,08
2014-10-04 11:00:00.000,2014,10,4,11,26004KT,10,08
2014-10-04 12:00:00.000,2014,10,4,12,VRB02KT,10,09
2014-10-04 13:00:00.000,2014,10,4,13,06005KT,13,09
2014-10-04 14:00:00.000,2014,10,4,14,06005KT,13,09
2014-10-04 15:00:00.000,2014,10,4,15,VRB02KT,17,09
2014-10-04 16:00:00.000,2014,10,4,16,VRB02KT,19,08
2014-10-04 17:00:00.000,2014,10,4,17,28006KT,19,08
2014-10-04 18:00:00.000,2014,10,4,18,31003KT,20,07
2014-10-04 19:00:00.000,2014,10,4,19,36004KT,18,08
2014-10-04 20:00:00.000,2014,10,4,20,27012KT,18,11
2014-10-04 21:00:00.000,2014,10,4,21,24007KT,16,12
2014-10-04 23:00:00.000,2014,10,4,23,30006KT,14,12
2014-10-05 00:00:00.000,2014,10,5,0,34004KT,12,11
2014-10-05 01:00:00.000,2014,10,5,1,04004KT,12,10
2014-10-05 02:00:00.000,2014,10,5,2,VRB02KT,12,11
2014-10-05 03:00:00.000,2014,10,5,3,03004KT,12,11
2014-10-05 04:00:00.000,2014,10,5,4,03003KT,12,11
2014-10-05 05:00:00.000,2014,10,5,5,34004KT,12,11
2014-10-05 06:00:00.000,2014,10,5,6,VRB02KT,12,11
2014-10-05 07:00:00.000,2014,10,5,7,VRB02KT,12,11
2014-10-05 08:00:00.000,2014,10,5,8,VRB02KT,10,09
2014-10-05 09:00:00.000,2014,10,5,9,05004KT,09,08
2014-10-05 10:00:00.000,2014,10,5,10,03004KT,09,08
2014-10-05 11:00:00.000,2014,10,5,11,35004KT,08,08
2014-10-05 12:00:00.000,2014,10,5,12,06005KT,11,10
2014-10-05 13:00:00.000,2014,10,5,13,VRB02KT,14,11
2014-10-05 14:00:00.000,2014,10,5,14,VRB02KT,17,10
2014-10-05 15:00:00.000,2014,10,5,15,VRB02KT,19,08
2014-10-05 16:00:00.000,2014,10,5,16,15007KT,19,07
2014-10-05 17:00:00.000,2014,10,5,17,14005KT,20,07
2014-10-05 18:00:00.000,2014,10,5,18,24009KT,18,13
2014-10-05 19:00:00.000,2014,10,5,19,23010KT,18,13
2014-10-05 20:00:00.000,2014,10,5,20,25012KT,18,13
2014-10-05 21:00:00.000,2014,10,5,21,24014KT,18,13
2014-10-05 22:00:00.000,2014,10,5,22,33006KT,17,12
2014-10-05 23:00:00.000,2014,10,5,23,35005KT,15,12
2014-10-06 00:00:00.000,2014,10,6,0,32005KT,14,12
2014-10-06 01:00:00.000,2014,10,6,1,VRB02KT,15,11
2014-10-06 02:00:00.000,2014,10,6,2,30004KT,13,11
2014-10-06 03:00:00.000,2014,10,6,3,04004KT,13,11
2014-10-06 04:00:00.000,2014,10,6,4,VRB02KT,12,10
2014-10-06 05:00:00.000,2014,10,6,5,02004KT,12,09
2014-10-06 06:00:00.000,2014,10,6,6,03003KT,12,10
2014-10-06 07:00:00.000,2014,10,6,7,VRB02KT,12,11
2014-10-06 08:00:00.000,2014,10,6,8,VRB02KT,12,09
2014-10-06 09:00:00.000,2014,10,6,9,VRB02KT,11,09
2014-10-06 10:00:00.000,2014,10,6,10,36003KT,10,08
2014-10-06 11:00:00.000,2014,10,6,11,VRB02KT,10,09
2014-10-06 12:00:00.000,2014,10,6,12,06004KT,13,10
2014-10-06 13:00:00.000,2014,10,6,13,03004KT,15,09
2014-10-06 14:00:00.000,2014,10,6,14,06005KT,16,09
2014-10-06 15:00:00.000,2014,10,6,15,06005KT,16,09
2014-10-06 16:00:00.000,2014,10,6,16,15012KT,19,07
2014-10-06 17:00:00.000,2014,10,6,17,06007KT,19,08
2014-10-06 18:00:00.000,2014,10,6,18,30003KT,20,07
2014-10-06 19:00:00.000,2014,10,6,19,23012KT,19,11
2014-10-06 20:00:00.000,2014,10,6,20,28008KT,19,11
2014-10-06 21:00:00.000,2014,10,6,21,30008KT,15,11
2014-10-06 22:00:00.000,2014,10,6,22,33004KT,15,11
2014-10-06 23:00:00.000,2014,10,6,23,01003KT,14,11
2014-10-07 00:00:00.000,2014,10,7,0,30004KT,14,11
2014-10-07 01:00:00.000,2014,10,7,1,36003KT,14,11
2014-10-07 02:00:00.000,2014,10,7,2,34005KT,14,11
2014-10-07 03:00:00.000,2014,10,7,3,27003KT,14,11
2014-10-07 04:00:00.000,2014,10,7,4,02005KT,13,10
2014-10-07 05:00:00.000,2014,10,7,5,01003KT,13,11
2014-10-07 06:00:00.000,2014,10,7,6,26003KT,13,11
2014-10-07 07:00:00.000,2014,10,7,7,34003KT,12,11
2014-10-07 08:00:00.000,2014,10,7,8,00000KT,11,10
2014-10-07 09:00:00.000,2014,10,7,9,00000KT,11,11
2014-10-07 11:00:00.000,2014,10,7,11,04003KT,12,11
2014-10-07 12:00:00.000,2014,10,7,12,04003KT,13,12
2014-10-07 13:00:00.000,2014,10,7,13,06003KT,15,11
2014-10-07 14:00:00.000,2014,10,7,14,VRB02KT,15,11
2014-10-07 15:00:00.000,2014,10,7,15,13004KT,32,25
2014-10-07 16:00:00.000,2014,10,7,16,03005KT,17,10
2014-10-07 17:00:00.000,2014,10,7,17,02008KT,18,11
2014-10-07 18:00:00.000,2014,10,7,18,06010KT,18,11
2014-10-07 19:00:00.000,2014,10,7,19,03010KT,17,11
2014-10-07 20:00:00.000,2014,10,7,20,04010KT,18,10
2014-10-07 21:00:00.000,2014,10,7,21,03008KT,18,10
2014-10-07 22:00:00.000,2014,10,7,22,02008KT,17,10
2014-10-07 23:00:00.000,2014,10,7,23,25007KT,15,12
2014-10-08 00:00:00.000,2014,10,8,0,26004KT,15,11
2014-10-08 01:00:00.000,2014,10,8,1,28004KT,15,10
2014-10-08 02:00:00.000,2014,10,8,2,05005KT,13,10
2014-10-08 03:00:00.000,2014,10,8,3,36003KT,13,10
2014-10-08 04:00:00.000,2014,10,8,4,03003KT,12,11
2014-10-08 05:00:00.000,2014,10,8,5,04004KT,12,11
2014-10-08 06:00:00.000,2014,10,8,6,02004KT,12,11
2014-10-08 07:00:00.000,2014,10,8,7,02003KT,12,10
2014-10-08 08:00:00.000,2014,10,8,8,32003KT,11,10
2014-10-08 09:00:00.000,2014,10,8,9,00000KT,10,09
2014-10-08 10:00:00.000,2014,10,8,10,30003KT,09,09
2014-10-08 11:00:00.000,2014,10,8,11,27004KT,10,10
2014-10-08 12:00:00.000,2014,10,8,12,30004KT,12,11
2014-10-08 13:00:00.000,2014,10,8,13,00000KT,15,12
2014-10-08 14:00:00.000,2014,10,8,14,33004KT,15,11
2014-10-08 15:00:00.000,2014,10,8,15,03004KT,16,11
2014-10-08 16:00:00.000,2014,10,8,16,27003KT,18,10
2014-10-08 17:00:00.000,2014,10,8,17,24007KT,17,11
2014-10-08 18:00:00.000,2014,10,8,18,32009KT,17,11
2014-10-08 19:00:00.000,2014,10,8,19,23009KT,16,12
2014-10-08 20:00:00.000,2014,10,8,20,27009KT,16,11
2014-10-08 21:00:00.000,2014,10,8,21,27008KT,16,11
2014-10-08 22:00:00.000,2014,10,8,22,23007KT,15,11
2014-10-08 23:00:00.000,2014,10,8,23,25006KT,15,11
2014-10-09 00:00:00.000,2014,10,9,0,22004KT,14,12
2014-10-09 01:00:00.000,2014,10,9,1,26005KT,13,12
2014-10-09 02:00:00.000,2014,10,9,2,25006KT,13,12
2014-10-09 03:00:00.000,2014,10,9,3,30004KT,12,11
2014-10-09 04:00:00.000,2014,10,9,4,31005KT,12,11
2014-10-09 05:00:00.000,2014,10,9,5,VRB02KT,12,11
2014-10-09 06:00:00.000,2014,10,9,6,VRB02KT,12,11
2014-10-09 07:00:00.000,2014,10,9,7,VRB02KT,11,11
2014-10-09 08:00:00.000,2014,10,9,8,VRB02KT,11,11
2014-10-09 09:00:00.000,2014,10,9,9,VRB02KT,11,11
2014-10-09 10:00:00.000,2014,10,9,10,VRB02KT,11,10
2014-10-09 11:00:00.000,2014,10,9,11,VRB02KT,11,10
2014-10-09 12:00:00.000,2014,10,9,12,31004KT,12,11
2014-10-09 13:00:00.000,2014,10,9,13,VRB02KT,12,11
2014-10-09 14:00:00.000,2014,10,9,14,VRB02KT,13,11
2014-10-09 15:00:00.000,2014,10,9,15,VRB02KT,14,11
2014-10-09 16:00:00.000,2014,10,9,16,VRB02KT,14,10
2014-10-09 17:00:00.000,2014,10,9,17,05003KT,15,11
2014-10-09 18:00:00.000,2014,10,9,18,31005KT,15,09
2014-10-09 19:00:00.000,2014,10,9,19,31010KT,14,09
2014-10-09 20:00:00.000,2014,10,9,20,28006KT,14,10
2014-10-09 21:00:00.000,2014,10,9,21,36003KT,15,09
2014-10-09 22:00:00.000,2014,10,9,22,33003KT,15,10
2014-10-09 23:00:00.000,2014,10,9,23,33004KT,14,10
2014-10-10 00:00:00.000,2014,10,10,0,32003KT,12,09
2014-10-10 01:00:00.000,2014,10,10,1,28005KT,12,09
2014-10-10 02:00:00.000,2014,10,10,2,34003KT,10,09
2014-10-10 03:00:00.000,2014,10,10,3,00000KT,11,09
2014-10-10 04:00:00.000,2014,10,10,4,36003KT,11,09
2014-10-10 05:00:00.000,2014,10,10,5,00000KT,10,09
2014-10-10 06:00:00.000,2014,10,10,6,00000KT,10,09
2014-10-10 07:00:00.000,2014,10,10,7,00000KT,10,10
2014-10-10 08:00:00.000,2014,10,10,8,06003KT,10,10
2014-10-10 09:00:00.000,2014,10,10,9,31003KT,10,10
2014-10-10 10:00:00.000,2014,10,10,10,00000KT,11,10
2014-10-10 11:00:00.000,2014,10,10,11,24003KT,11,10
2014-10-10 12:00:00.000,2014,10,10,12,VRB02KT,11,10
2014-10-10 13:00:00.000,2014,10,10,13,VRB02KT,12,11
2014-10-10 14:00:00.000,2014,10,10,14,VRB02KT,15,10
2014-10-10 15:00:00.000,2014,10,10,15,VRB02KT,15,10
2014-10-10 16:00:00.000,2014,10,10,16,VRB02KT,17,10
2014-10-10 17:00:00.000,2014,10,10,17,VRB02KT,17,10
2014-10-10 18:00:00.000,2014,10,10,18,04006KT,16,10
2014-10-10 19:00:00.000,2014,10,10,19,30006KT,16,10
2014-10-10 20:00:00.000,2014,10,10,20,33005KT,17,10
2014-10-10 21:00:00.000,2014,10,10,21,31010KT,17,10
2014-10-10 22:00:00.000,2014,10,10,22,30007KT,16,10
2014-10-10 23:00:00.000,2014,10,10,23,VRB02KT,14,11
2014-10-11 00:00:00.000,2014,10,11,0,18003KT,13,11
2014-10-11 01:00:00.000,2014,10,11,1,03003KT,13,11
2014-10-11 02:00:00.000,2014,10,11,2,04003KT,13,11
2014-10-11 03:00:00.000,2014,10,11,3,04003KT,13,11
2014-10-11 04:00:00.000,2014,10,11,4,VRB02KT,12,11
2014-10-11 05:00:00.000,2014,10,11,5,VRB02KT,12,11
2014-10-11 06:00:00.000,2014,10,11,6,05004KT,12,11
2014-10-11 07:00:00.000,2014,10,11,7,05004KT,12,11
2014-10-11 08:00:00.000,2014,10,11,8,00000KT,12,11
2014-10-11 09:00:00.000,2014,10,11,9,00000KT,12,11
2014-10-11 10:00:00.000,2014,10,11,10,03003KT,12,11
2014-10-11 11:00:00.000,2014,10,11,11,05004KT,12,11
2014-10-11 12:00:00.000,2014,10,11,12,VRB02KT,13,11
2014-10-11 13:00:00.000,2014,10,11,13,VRB02KT,13,11
2014-10-11 14:00:00.000,2014,10,11,14,05008KT,14,12
2014-10-11 15:00:00.000,2014,10,11,15,VRB02KT,17,11
2014-10-11 16:00:00.000,2014,10,11,16,06006KT,16,09
2014-10-11 17:00:00.000,2014,10,11,17,VRB02KT,18,08
2014-10-11 18:00:00.000,2014,10,11,18,12006KT,18,09
2014-10-11 19:00:00.000,2014,10,11,19,09006KT,18,09
2014-10-11 20:00:00.000,2014,10,11,20,29006KT,16,12
2014-10-11 21:00:00.000,2014,10,11,21,36004KT,15,12
2014-10-11 22:00:00.000,2014,10,11,22,30003KT,15,13
2014-10-11 23:00:00.000,2014,10,11,23,14010KT,15,09
2014-10-12 00:00:00.000,2014,10,12,0,VRB02KT,14,09
2014-10-12 01:00:00.000,2014,10,12,1,30004KT,14,10
2014-10-12 02:00:00.000,2014,10,12,2,33003KT,13,10
2014-10-12 03:00:00.000,2014,10,12,3,10003KT,12,11
2014-10-12 04:00:00.000,2014,10,12,4,15004KT,13,09
2014-10-12 05:00:00.000,2014,10,12,5,VRB02KT,13,09
2014-10-12 06:00:00.000,2014,10,12,6,24003KT,13,09
2014-10-12 07:00:00.000,2014,10,12,7,VRB02KT,13,09
2014-10-12 08:00:00.000,2014,10,12,8,00000KT,12,09
2014-10-12 09:00:00.000,2014,10,12,9,00000KT,11,09
2014-10-12 10:00:00.000,2014,10,12,10,04003KT,11,09
2014-10-12 11:00:00.000,2014,10,12,11,06003KT,11,09
2014-10-12 12:00:00.000,2014,10,12,12,01003KT,12,10
2014-10-12 13:00:00.000,2014,10,12,13,10003KT,14,10
2014-10-12 14:00:00.000,2014,10,12,14,14010KT,14,10
2014-10-12 15:00:00.000,2014,10,12,15,16006KT,17,09
2014-10-12 16:00:00.000,2014,10,12,16,15008KT,19,09
2014-10-12 17:00:00.000,2014,10,12,17,12008KT,20,09
2014-10-12 18:00:00.000,2014,10,12,18,17009KT,20,08
2014-10-12 19:00:00.000,2014,10,12,19,14007KT,19,08
2014-10-12 20:00:00.000,2014,10,12,20,25015KT,20,08
2014-10-12 21:00:00.000,2014,10,12,21,26010KT,18,11
2014-10-12 22:00:00.000,2014,10,12,22,27010KT,17,11
2014-10-12 23:00:00.000,2014,10,12,23,33005KT,17,11
2014-10-13 00:00:00.000,2014,10,13,0,32004KT,14,12
2014-10-13 01:00:00.000,2014,10,13,1,VRB02KT,13,12
2014-10-13 02:00:00.000,2014,10,13,2,VRB02KT,13,12
2014-10-13 03:00:00.000,2014,10,13,3,VRB02KT,13,12
2014-10-13 04:00:00.000,2014,10,13,4,VRB02KT,12,11
2014-10-13 05:00:00.000,2014,10,13,5,VRB02KT,12,11
2014-10-13 06:00:00.000,2014,10,13,6,VRB02KT,12,11
2014-10-13 07:00:00.000,2014,10,13,7,VRB02KT,12,11
2014-10-13 08:00:00.000,2014,10,13,8,VRB02KT,12,11
2014-10-13 09:00:00.000,2014,10,13,9,VRB02KT,11,10
2014-10-13 10:00:00.000,2014,10,13,10,33003KT,11,10
2014-10-13 11:00:00.000,2014,10,13,11,VRB02KT,11,10
2014-10-13 12:00:00.000,2014,10,13,12,VRB02KT,12,10
2014-10-13 13:00:00.000,2014,10,13,13,VRB02KT,13,11
2014-10-13 14:00:00.000,2014,10,13,14,VRB02KT,16,10
2014-10-13 15:00:00.000,2014,10,13,15,18010KT,17,09
2014-10-13 16:00:00.000,2014,10,13,16,17008KT,17,08
2014-10-13 17:00:00.000,2014,10,13,17,13010KT,18,08
2014-10-13 19:00:00.000,2014,10,13,19,20007KT,19,07
2014-10-13 20:00:00.000,2014,10,13,20,18014KT,19,08
2014-10-13 21:00:00.000,2014,10,13,21,14013KT,18,08
2014-10-13 22:00:00.000,2014,10,13,22,17012KT,17,08
2014-10-13 23:00:00.000,2014,10,13,23,18009KT,16,07
2014-10-14 00:00:00.000,2014,10,14,0,18006KT,15,09
2014-10-14 01:00:00.000,2014,10,14,1,18010KT,15,09
2014-10-14 02:00:00.000,2014,10,14,2,18005KT,13,09
2014-10-14 03:00:00.000,2014,10,14,3,16005KT,13,09
2014-10-14 04:00:00.000,2014,10,14,4,VRB02KT,12,09
2014-10-14 05:00:00.000,2014,10,14,5,04003KT,12,09
2014-10-14 06:00:00.000,2014,10,14,6,VRB02KT,12,09
2014-10-14 07:00:00.000,2014,10,14,7,00000KT,11,10
2014-10-14 08:00:00.000,2014,10,14,8,32003KT,11,10
2014-10-14 09:00:00.000,2014,10,14,9,00000KT,10,09
2014-10-14 10:00:00.000,2014,10,14,10,VRB02KT,10,09
2014-10-14 11:00:00.000,2014,10,14,11,00000KT,09,09
2014-10-14 12:00:00.000,2014,10,14,12,32003KT,11,10
2014-10-14 13:00:00.000,2014,10,14,13,VRB02KT,14,10
2014-10-14 14:00:00.000,2014,10,14,14,15012KT,17,08
2014-10-14 15:00:00.000,2014,10,14,15,16017KT,18,08
2014-10-14 16:00:00.000,2014,10,14,16,14014KT,18,07
2014-10-14 17:00:00.000,2014,10,14,17,12012KT,20,07
2014-10-14 18:00:00.000,2014,10,14,18,16012KT,20,07
2014-10-14 19:00:00.000,2014,10,14,19,15016KT,20,07
2014-10-14 20:00:00.000,2014,10,14,20,17014KT,20,06
2014-10-14 21:00:00.000,2014,10,14,21,18016KT,20,07
2014-10-14 22:00:00.000,2014,10,14,22,18016KT,17,07
2014-10-14 23:00:00.000,2014,10,14,23,21006KT,15,07
2014-10-15 00:00:00.000,2014,10,15,0,20008KT,15,07
2014-10-15 01:00:00.000,2014,10,15,1,34001KT,14,08
2014-10-15 02:00:00.000,2014,10,15,2,16008KT,14,08
2014-10-15 03:00:00.000,2014,10,15,3,02004KT,12,08
2014-10-15 04:00:00.000,2014,10,15,4,02004KT,10,08
2014-10-15 05:00:00.000,2014,10,15,5,04003KT,11,09
2014-10-15 06:00:00.000,2014,10,15,6,06003KT,12,10
2014-10-15 07:00:00.000,2014,10,15,7,02003KT,11,09
2014-10-15 08:00:00.000,2014,10,15,8,02003KT,10,09
2014-10-15 09:00:00.000,2014,10,15,9,00000KT,09,08
2014-10-15 10:00:00.000,2014,10,15,10,12004KT,11,09
2014-10-15 11:00:00.000,2014,10,15,11,04006KT,10,08
2014-10-15 12:00:00.000,2014,10,15,12,VRB02KT,11,09
2014-10-15 13:00:00.000,2014,10,15,13,03004KT,14,09
2014-10-15 14:00:00.000,2014,10,15,14,13006KT,15,07
2014-10-15 15:00:00.000,2014,10,15,15,15010KT,16,07
2014-10-15 16:00:00.000,2014,10,15,16,15012KT,18,08
2014-10-15 17:00:00.000,2014,10,15,17,14013KT,17,07
2014-10-15 18:00:00.000,2014,10,15,18,16014KT,19,09
2014-10-15 19:00:00.000,2014,10,15,19,16015KT,18,09
2014-10-15 20:00:00.000,2014,10,15,20,15008KT,19,08
2014-10-15 21:00:00.000,2014,10,15,21,16008KT,18,08
2014-10-15 22:00:00.000,2014,10,15,22,27007KT,17,09
2014-10-15 23:00:00.000,2014,10,15,23,27004KT,15,11
2014-10-16 00:00:00.000,2014,10,16,0,25003KT,14,11
2014-10-16 01:00:00.000,2014,10,16,1,VRB02KT,13,11
2014-10-16 02:00:00.000,2014,10,16,2,35003KT,13,11
2014-10-16 03:00:00.000,2014,10,16,3,03004KT,12,11
2014-10-16 04:00:00.000,2014,10,16,4,34004KT,12,11
2014-10-16 05:00:00.000,2014,10,16,5,34003KT,12,11
2014-10-16 06:00:00.000,2014,10,16,6,34004KT,12,11
2014-10-16 07:00:00.000,2014,10,16,7,32004KT,12,11
2014-10-16 08:00:00.000,2014,10,16,8,VRB02KT,12,10
2014-10-16 09:00:00.000,2014,10,16,9,05003KT,11,10
2014-10-16 10:00:00.000,2014,10,16,10,06004KT,11,09
2014-10-16 11:00:00.000,2014,10,16,11,33003KT,11,09
2014-10-16 12:00:00.000,2014,10,16,12,06004KT,13,10
2014-10-16 13:00:00.000,2014,10,16,13,10006KT,15,09
2014-10-16 14:00:00.000,2014,10,16,14,23010KT,17,08
2014-10-16 15:00:00.000,2014,10,16,15,14012KT,19,07
2014-10-16 16:00:00.000,2014,10,16,16,24012KT,20,07
2014-10-16 17:00:00.000,2014,10,16,17,16014KT,19,08
2014-10-16 18:00:00.000,2014,10,16,18,10008KT,19,09
2014-10-16 19:00:00.000,2014,10,16,19,17012KT,19,09
2014-10-16 20:00:00.000,2014,10,16,20,08002KT,16,10
2014-10-16 21:00:00.000,2014,10,16,21,31006KT,16,10
2014-10-16 22:00:00.000,2014,10,16,22,30006KT,16,11
2014-10-16 23:00:00.000,2014,10,16,23,28006KT,14,12
2014-10-17 00:00:00.000,2014,10,17,0,28003KT,13,10
2014-10-17 01:00:00.000,2014,10,17,1,34003KT,13,10
2014-10-17 02:00:00.000,2014,10,17,2,31003KT,12,10
2014-10-17 03:00:00.000,2014,10,17,3,00000KT,12,10
2014-10-17 04:00:00.000,2014,10,17,4,VRB02KT,12,10
2014-10-17 05:00:00.000,2014,10,17,5,00000KT,12,10
2014-10-17 06:00:00.000,2014,10,17,6,21004KT,12,11
2014-10-17 07:00:00.000,2014,10,17,7,35003KT,12,11
2014-10-17 08:00:00.000,2014,10,17,8,36003KT,11,11
2014-10-17 09:00:00.000,2014,10,17,9,00000KT,11,11
2014-10-17 10:00:00.000,2014,10,17,10,03003KT,10,10
2014-10-17 11:00:00.000,2014,10,17,11,VRB02KT,09,09
2014-10-17 12:00:00.000,2014,10,17,12,01003KT,11,10
2014-10-17 13:00:00.000,2014,10,17,13,06003KT,13,10
2014-10-17 14:00:00.000,2014,10,17,14,14008KT,16,08
2014-10-17 15:00:00.000,2014,10,17,15,15008KT,17,07
2014-10-17 16:00:00.000,2014,10,17,16,10006KT,17,08
2014-10-17 17:00:00.000,2014,10,17,17,14008KT,18,08
2014-10-17 18:00:00.000,2014,10,17,18,11004KT,18,08
2014-10-17 19:00:00.000,2014,10,17,19,15012KT,18,08
2014-10-17 20:00:00.000,2014,10,17,20,11007KT,19,08
2014-10-17 21:00:00.000,2014,10,17,21,14005KT,18,07
2014-10-17 22:00:00.000,2014,10,17,22,25006KT,17,10
2014-10-17 23:00:00.000,2014,10,17,23,28007KT,16,11
2014-10-18 00:00:00.000,2014,10,18,0,25004KT,15,11
2014-10-18 01:00:00.000,2014,10,18,1,34003KT,14,11
2014-10-18 02:00:00.000,2014,10,18,2,05003KT,13,10
2014-10-18 03:00:00.000,2014,10,18,3,07004KT,13,11
2014-10-18 04:00:00.000,2014,10,18,4,05003KT,13,11
2014-10-18 05:00:00.000,2014,10,18,5,VRB02KT,13,10
2014-10-18 06:00:00.000,2014,10,18,6,VRB02KT,12,10
2014-10-18 07:00:00.000,2014,10,18,7,04003KT,12,09
2014-10-18 08:00:00.000,2014,10,18,8,VRB02KT,12,10
2014-10-18 09:00:00.000,2014,10,18,9,31003KT,11,10
2014-10-18 10:00:00.000,2014,10,18,10,03003KT,11,10
2014-10-18 11:00:00.000,2014,10,18,11,VRB02KT,11,10
2014-10-18 12:00:00.000,2014,10,18,12,06007KT,13,11
2014-10-18 13:00:00.000,2014,10,18,13,03004KT,14,09
2014-10-18 14:00:00.000,2014,10,18,14,01007KT,15,09
2014-10-18 15:00:00.000,2014,10,18,15,01004KT,17,10
2014-10-18 16:00:00.000,2014,10,18,16,04006KT,17,09
2014-10-18 17:00:00.000,2014,10,18,17,28007KT,17,10
2014-10-18 18:00:00.000,2014,10,18,18,25010KT,14,12
2014-10-18 19:00:00.000,2014,10,18,19,24008KT,16,10
2014-10-18 20:00:00.000,2014,10,18,20,33003KT,17,09
2014-10-18 21:00:00.000,2014,10,18,21,12010KT,16,10
2014-10-18 22:00:00.000,2014,10,18,22,33008KT,13,10
2014-10-18 23:00:00.000,2014,10,18,23,35007KT,13,12
2014-10-19 00:00:00.000,2014,10,19,0,VRB02KT,13,11
2014-10-19 01:00:00.000,2014,10,19,1,02005KT,13,11
2014-10-19 02:00:00.000,2014,10,19,2,04004KT,13,11
2014-10-19 03:00:00.000,2014,10,19,3,VRB02KT,13,11
2014-10-19 04:00:00.000,2014,10,19,4,VRB02KT,12,11
2014-10-19 05:00:00.000,2014,10,19,5,VRB02KT,12,11
2014-10-19 06:00:00.000,2014,10,19,6,03004KT,12,11
2014-10-19 07:00:00.000,2014,10,19,7,03004KT,12,11
2014-10-19 08:00:00.000,2014,10,19,8,04004KT,12,11
2014-10-19 09:00:00.000,2014,10,19,9,VRB02KT,11,11
2014-10-19 10:00:00.000,2014,10,19,10,03003KT,11,10
2014-10-19 11:00:00.000,2014,10,19,11,VRB02KT,11,10
2014-10-19 12:00:00.000,2014,10,19,12,30006KT,12,11
2014-10-19 13:00:00.000,2014,10,19,13,24006KT,11,10
2014-10-19 14:00:00.000,2014,10,19,14,VRB02KT,12,10
2014-10-19 15:00:00.000,2014,10,19,15,02006KT,15,10
2014-10-19 16:00:00.000,2014,10,19,16,05005KT,16,10
2014-10-19 17:00:00.000,2014,10,19,17,03004KT,17,10
2014-10-19 18:00:00.000,2014,10,19,18,27007KT,16,11
2014-10-19 19:00:00.000,2014,10,19,19,30006KT,16,11
2014-10-19 20:00:00.000,2014,10,19,20,30004KT,16,11
2014-10-19 21:00:00.000,2014,10,19,21,2408KT,16,11
2014-10-19 22:00:00.000,2014,10,19,22,27005KT,16,11
2014-10-19 23:00:00.000,2014,10,19,23,03003KT,14,12
2014-10-20 00:00:00.000,2014,10,20,0,34003KT,13,11
2014-10-20 01:00:00.000,2014,10,20,1,00000KT,12,11
2014-10-20 02:00:00.000,2014,10,20,2,VRB02KT,12,11
2014-10-20 03:00:00.000,2014,10,20,3,06003KT,12,11
2014-10-20 04:00:00.000,2014,10,20,4,21003KT,12,11
2014-10-20 06:00:00.000,2014,10,20,6,33003KT,12,11
2014-10-20 07:00:00.000,2014,10,20,7,00000KT,11,11
2014-10-20 08:00:00.000,2014,10,20,8,30003KT,11,10
2014-10-20 09:00:00.000,2014,10,20,9,00000KT,10,10
2014-10-20 10:00:00.000,2014,10,20,10,06004KT,10,09
2014-10-20 11:00:00.000,2014,10,20,11,00000KT,09,09
2014-10-20 12:00:00.000,2014,10,20,12,06006KT,11,10
2014-10-20 13:00:00.000,2014,10,20,13,09003KT,15,08
2014-10-20 14:00:00.000,2014,10,20,14,05007KT,16,09
2014-10-20 15:00:00.000,2014,10,20,15,07007KT,18,08
2014-10-20 16:00:00.000,2014,10,20,16,08006KT,16,08
2014-10-20 17:00:00.000,2014,10,20,17,20007KT,16,10
2014-10-20 18:00:00.000,2014,10,20,18,25007KT,14,11
2014-10-20 19:00:00.000,2014,10,20,19,30004KT,17,10
2014-10-20 20:00:00.000,2014,10,20,20,33004KT,17,08
2014-10-20 21:00:00.000,2014,10,20,21,VRB02KT,18,07
2014-10-20 22:00:00.000,2014,10,20,22,VRB02KT,18,08
2014-10-20 23:00:00.000,2014,10,20,23,25006KT,14,11
2014-10-21 00:00:00.000,2014,10,21,0,VRB02KT,11,10
2014-10-21 01:00:00.000,2014,10,21,1,VRB02KT,11,10
2014-10-21 02:00:00.000,2014,10,21,2,VRB02KT,13,10
2014-10-21 03:00:00.000,2014,10,21,3,04006KT,12,10
2014-10-21 04:00:00.000,2014,10,21,4,04004KT,12,09
2014-10-21 05:00:00.000,2014,10,21,5,05007KT,12,09
2014-10-21 06:00:00.000,2014,10,21,6,02005KT,11,09
2014-10-21 07:00:00.000,2014,10,21,7,26006KT,11,09
2014-10-21 08:00:00.000,2014,10,21,8,05004KT,11,09
2014-10-21 09:00:00.000,2014,10,21,9,04007KT,10,08
2014-10-21 10:00:00.000,2014,10,21,10,03005KT,10,08
2014-10-21 11:00:00.000,2014,10,21,11,VRB02KT,10,08
2014-10-21 12:00:00.000,2014,10,21,12,05004KT,13,10
2014-10-21 13:00:00.000,2014,10,21,13,09006KT,15,08
2014-10-21 14:00:00.000,2014,10,21,14,04006KT,15,09
2014-10-21 15:00:00.000,2014,10,21,15,28006KT,15,08
2014-10-21 16:00:00.000,2014,10,21,16,20004KT,17,09
2014-10-21 17:00:00.000,2014,10,21,17,16010KT,19,09
2014-10-21 18:00:00.000,2014,10,21,18,14010KT,17,08
2014-10-21 19:00:00.000,2014,10,21,19,07006KT,19,07
2014-10-21 20:00:00.000,2014,10,21,20,12006KT,19,07
2014-10-21 21:00:00.000,2014,10,21,21,07004KT,19,07
2014-10-21 22:00:00.000,2014,10,21,22,07008KT,18,08
2014-10-21 23:00:00.000,2014,10,21,23,14004KT,17,07
2014-10-22 00:00:00.000,2014,10,22,0,16005KT,15,09
2014-10-22 01:00:00.000,2014,10,22,1,VRB02KT,14,09
2014-10-22 02:00:00.000,2014,10,22,2,34004KT,12,09
2014-10-22 03:00:00.000,2014,10,22,3,35003KT,12,09
2014-10-22 04:00:00.000,2014,10,22,4,VRB02KT,13,10
2014-10-22 05:00:00.000,2014,10,22,5,03004KT,12,10
2014-10-22 06:00:00.000,2014,10,22,6,05005KT,12,10
2014-10-22 07:00:00.000,2014,10,22,7,VRB02KT,12,10
2014-10-22 08:00:00.000,2014,10,22,8,VRB02KT,11,10
2014-10-22 09:00:00.000,2014,10,22,9,00000KT,11,10
2014-10-22 10:00:00.000,2014,10,22,10,05003KT,11,10
2014-10-22 11:00:00.000,2014,10,22,11,05004KT,11,10
2014-10-22 12:00:00.000,2014,10,22,12,07006KT,12,10
2014-10-22 13:00:00.000,2014,10,22,13,06009KT,15,07
2014-10-22 14:00:00.000,2014,10,22,14,12003KT,17,09
2014-10-22 15:00:00.000,2014,10,22,15,02004KT,17,08
2014-10-22 16:00:00.000,2014,10,22,16,16004KT,19,08
2014-10-22 17:00:00.000,2014,10,22,17,05006KT,18,09
2014-10-22 18:00:00.000,2014,10,22,18,23005KT,15,12
2014-10-22 19:00:00.000,2014,10,22,19,32010KT,15,12
2014-10-22 20:00:00.000,2014,10,22,20,26010KT,13,12
2014-10-22 21:00:00.000,2014,10,22,21,VRB02KT,13,12
2014-10-22 22:00:00.000,2014,10,22,22,03004KT,13,12
2014-10-22 23:00:00.000,2014,10,22,23,VRB02KT,13,12
2014-10-23 00:00:00.000,2014,10,23,0,08005KT,14,12
2014-10-23 01:00:00.000,2014,10,23,1,05005KT,13,10
2014-10-23 02:00:00.000,2014,10,23,2,06006KT,13,10
2014-10-23 03:00:00.000,2014,10,23,3,03005KT,12,09
2014-10-23 04:00:00.000,2014,10,23,4,05006KT,12,09
2014-10-23 05:00:00.000,2014,10,23,5,06005KT,12,09
2014-10-23 06:00:00.000,2014,10,23,6,VRB02KT,11,09
2014-10-23 07:00:00.000,2014,10,23,7,VRB02KT,11,08
2014-10-23 08:00:00.000,2014,10,23,8,VRB02KT,11,08
2014-10-23 09:00:00.000,2014,10,23,9,VRB02KT,10,08
2014-10-23 10:00:00.000,2014,10,23,10,VRB02KT,10,08
2014-10-23 11:00:00.000,2014,10,23,11,06003KT,10,09
2014-10-23 12:00:00.000,2014,10,23,12,03003KT,12,09
2014-10-23 13:00:00.000,2014,10,23,13,04006KT,13,09
2014-10-23 14:00:00.000,2014,10,23,14,03004KT,16,09
2014-10-23 15:00:00.000,2014,10,23,15,07004KT,18,09
2014-10-23 16:00:00.000,2014,10,23,16,13005KT,18,09
2014-10-23 17:00:00.000,2014,10,23,17,14009KT,19,09
2014-10-23 18:00:00.000,2014,10,23,18,14009KT,20,10
2014-10-23 19:00:00.000,2014,10,23,19,13005KT,20,09
2014-10-23 20:00:00.000,2014,10,23,20,08004KT,20,09
2014-10-23 21:00:00.000,2014,10,23,21,10006KT,19,09
2014-10-23 22:00:00.000,2014,10,23,22,21007KT,15,10
2014-10-23 23:00:00.000,2014,10,23,23,28003KT,14,10
2014-10-24 00:00:00.000,2014,10,24,0,24004KT,13,09
2014-10-24 01:00:00.000,2014,10,24,1,25004KT,13,09
2014-10-24 02:00:00.000,2014,10,24,2,00000KT,12,10
2014-10-24 03:00:00.000,2014,10,24,3,VRB02KT,11,09
2014-10-24 04:00:00.000,2014,10,24,4,07003KT,11,10
2014-10-24 05:00:00.000,2014,10,24,5,33003KT,10,09
2014-10-24 06:00:00.000,2014,10,24,6,36003KT,09,09
2014-10-24 07:00:00.000,2014,10,24,7,VRB02KT,10,08
2014-10-24 08:00:00.000,2014,10,24,8,00000KT,09,09
2014-10-24 09:00:00.000,2014,10,24,9,03004KT,08,08
2014-10-24 10:00:00.000,2014,10,24,10,31004KT,08,08
2014-10-24 11:00:00.000,2014,10,24,11,27003KT,07,07
2014-10-24 12:00:00.000,2014,10,24,12,05003KT,11,09
2014-10-24 13:00:00.000,2014,10,24,13,04003KT,14,10
2014-10-24 14:00:00.000,2014,10,24,14,06006KT,16,10
2014-10-24 15:00:00.000,2014,10,24,15,12006KT,18,10
2014-10-24 16:00:00.000,2014,10,24,16,20006KT,20,10
2014-10-24 17:00:00.000,2014,10,24,17,22006KT,20,09
2014-10-24 18:00:00.000,2014,10,24,18,24009KT,17,13
2014-10-24 19:00:00.000,2014,10,24,19,36004KT,15,13
2014-10-24 20:00:00.000,2014,10,24,20,24004KT,15,12
2014-10-24 21:00:00.000,2014,10,24,21,23005KT,16,13
2014-10-24 22:00:00.000,2014,10,24,22,27004KT,15,11
2014-10-24 23:00:00.000,2014,10,24,23,VRB02KT,15,11
2014-10-25 00:00:00.000,2014,10,25,0,VRB02KT,14,12
2014-10-25 01:00:00.000,2014,10,25,1,VRB02KT,12,11
2014-10-25 02:00:00.000,2014,10,25,2,VRB02KT,12,11
2014-10-25 03:00:00.000,2014,10,25,3,VRB02KT,12,11
2014-10-25 04:00:00.000,2014,10,25,4,VRB02KT,12,11
2014-10-25 05:00:00.000,2014,10,25,5,VRB02KT,12,11
2014-10-25 06:00:00.000,2014,10,25,6,VRB02KT,12,11
2014-10-25 07:00:00.000,2014,10,25,7,VRB02KT,12,11
2014-10-25 08:00:00.000,2014,10,25,8,VRB02KT,12,11
2014-10-25 09:00:00.000,2014,10,25,9,VRB02KT,10,10
2014-10-25 10:00:00.000,2014,10,25,10,31005KT,11,10
2014-10-25 11:00:00.000,2014,10,25,11,VRB02KT,12,11
2014-10-25 12:00:00.000,2014,10,25,12,26003KT,13,11
2014-10-25 13:00:00.000,2014,10,25,13,26003KT,15,11
2014-10-25 14:00:00.000,2014,10,25,14,33007KT,16,11
2014-10-25 15:00:00.000,2014,10,25,15,34004KT,17,12
2014-10-25 16:00:00.000,2014,10,25,16,31009KT,18,12
2014-10-25 17:00:00.000,2014,10,25,17,29011KT,18,11
2014-10-25 18:00:00.000,2014,10,25,18,32010KT,18,12
2014-10-25 19:00:00.000,2014,10,25,19,31009KT,18,11
2014-10-25 20:00:00.000,2014,10,25,20,31011KT,18,11
2014-10-25 21:00:00.000,2014,10,25,21,31010KT,16,11
2014-10-25 22:00:00.000,2014,10,25,22,31006KT,15,11
2014-10-25 23:00:00.000,2014,10,25,23,24004KT,13,10
2014-10-26 00:00:00.000,2014,10,26,0,26005KT,12,10
2014-10-26 01:00:00.000,2014,10,26,1,29004KT,13,11
2014-10-26 02:00:00.000,2014,10,26,2,VRB02KT,13,12
2014-10-26 03:00:00.000,2014,10,26,3,VRB02KT,14,12
2014-10-26 04:00:00.000,2014,10,26,4,32004KT,13,11
2014-10-26 05:00:00.000,2014,10,26,5,31004KT,12,11
2014-10-26 06:00:00.000,2014,10,26,6,00000KT,12,12
2014-10-26 07:00:00.000,2014,10,26,7,00000KT,12,12
2014-10-26 08:00:00.000,2014,10,26,8,00000KT,12,11
2014-10-26 09:00:00.000,2014,10,26,9,VRB02KT,11,11
2014-10-26 10:00:00.000,2014,10,26,10,10003KT,11,11
2014-10-26 11:00:00.000,2014,10,26,11,36003KT,11,11
2014-10-26 12:00:00.000,2014,10,26,12,22003KT,12,11
2014-10-26 13:00:00.000,2014,10,26,13,33003KT,13,10
2014-10-26 14:00:00.000,2014,10,26,14,22003KT,15,11
2014-10-26 15:00:00.000,2014,10,26,15,36004KT,15,11
2014-10-26 16:00:00.000,2014,10,26,16,22003KT,17,10
2014-10-26 17:00:00.000,2014,10,26,17,25003KT,18,08
2014-10-26 18:00:00.000,2014,10,26,18,29013KT,16,11
2014-10-26 19:00:00.000,2014,10,26,19,26007KT,16,11
2014-10-26 20:00:00.000,2014,10,26,20,28010KT,17,11
2014-10-26 21:00:00.000,2014,10,26,21,28012KT,15,12
2014-10-26 22:00:00.000,2014,10,26,22,26009KT,13,12
2014-10-26 23:00:00.000,2014,10,26,23,26004KT,12,11
2014-10-27 00:00:00.000,2014,10,27,0,23004KT,12,11
2014-10-27 01:00:00.000,2014,10,27,1,00000KT,12,12
2014-10-27 02:00:00.000,2014,10,27,2,00000KT,13,12
2014-10-27 03:00:00.000,2014,10,27,3,00000KT,12,11
2014-10-27 04:00:00.000,2014,10,27,4,00000KT,13,12
2014-10-27 05:00:00.000,2014,10,27,5,00000KT,12,12
2014-10-27 06:00:00.000,2014,10,27,6,00000KT,12,11
2014-10-27 07:00:00.000,2014,10,27,7,00000KT,12,11
2014-10-27 08:00:00.000,2014,10,27,8,00000KT,12,11
2014-10-27 09:00:00.000,2014,10,27,9,33003KT,11,10
2014-10-27 10:00:00.000,2014,10,27,10,0000KT,11,10
2014-10-27 11:00:00.000,2014,10,27,11,00000KT,10,10
2014-10-27 12:00:00.000,2014,10,27,12,VRB02KT,12,11
2014-10-27 13:00:00.000,2014,10,27,13,VRB02KT,14,10
2014-10-27 14:00:00.000,2014,10,27,14,VRB02KT,14,10
2014-10-27 15:00:00.000,2014,10,27,15,33005KT,17,09
2014-10-27 16:00:00.000,2014,10,27,16,34006KT,18,10
2014-10-27 17:00:00.000,2014,10,27,17,31004KT,19,09
2014-10-27 18:00:00.000,2014,10,27,18,29010KT,17,10
2014-10-27 19:00:00.000,2014,10,27,19,26010KT,15,11
2014-10-27 20:00:00.000,2014,10,27,20,27010KT,16,09
2014-10-27 21:00:00.000,2014,10,27,21,32005KT,18,09
2014-10-27 22:00:00.000,2014,10,27,22,29006KT,16,10
2014-10-27 23:00:00.000,2014,10,27,23,34005KT,15,08
2014-10-28 00:00:00.000,2014,10,28,0,32005KT,13,09
2014-10-28 01:00:00.000,2014,10,28,1,31004KT,11,09
2014-10-28 02:00:00.000,2014,10,28,2,VRB02KT,12,11
2014-10-28 03:00:00.000,2014,10,28,3,VRB02KT,12,10
2014-10-28 04:00:00.000,2014,10,28,4,VRB02KT,12,10
2014-10-28 05:00:00.000,2014,10,28,5,VRB02KT,11,09
2014-10-28 06:00:00.000,2014,10,28,6,VRB02KT,20,09
2014-10-28 07:00:00.000,2014,10,28,7,VRB02KT,09,08
2014-10-28 08:00:00.000,2014,10,28,8,VRB02KT,08,07
2014-10-28 09:00:00.000,2014,10,28,9,VRB02KT,06,05
2014-10-28 09:30:00.000,2014,10,28,9,36004KT,06,06
2014-10-28 10:00:00.000,2014,10,28,10,VRB02KT,05,05
2014-10-28 10:30:00.000,2014,10,28,10,VRB02KT,06,05
2014-10-28 11:00:00.000,2014,10,28,11,VRB02KT,04,04
2014-10-28 11:30:00.000,2014,10,28,11,00000KT,07,07
2014-10-28 12:00:00.000,2014,10,28,12,04003KT,08,08
2014-10-28 13:00:00.000,2014,10,28,13,01003KT,12,11
2014-10-28 14:00:00.000,2014,10,28,14,04003KT,15,09
2014-10-28 14:38:00.000,2014,10,28,14,01004KT,18,09
2014-10-28 15:00:00.000,2014,10,28,15,26003KT,19,09
2014-10-28 16:00:00.000,2014,10,28,16,VRB02KT,20,09
2014-10-28 17:00:00.000,2014,10,28,17,25009KT,18,11
2014-10-28 17:26:00.000,2014,10,28,17,22012KT,16,12
2014-10-28 17:30:00.000,2014,10,28,17,24010KT,15,12
2014-10-28 18:00:00.000,2014,10,28,18,22010KT,15,12
2014-10-28 18:08:00.000,2014,10,28,18,22008KT,15,12
2014-10-28 19:00:00.000,2014,10,28,19,21007KT,15,13
2014-10-28 19:34:00.000,2014,10,28,19,21005KT,16,12
2014-10-28 19:40:00.000,2014,10,28,19,23005KT,16,11
2014-10-28 20:00:00.000,2014,10,28,20,23006KT,16,11
2014-10-28 20:02:00.000,2014,10,28,20,33004KT,15,12
2014-10-28 20:19:00.000,2014,10,28,20,01011KT,12,10
2014-10-28 21:00:00.000,2014,10,28,21,07007KT,12,11
2014-10-28 21:19:00.000,2014,10,28,21,05005KT,13,11
2014-10-28 22:00:00.000,2014,10,28,22,06005KT,13,11
2014-10-28 23:00:00.000,2014,10,28,23,06004KT,12,11
2014-10-29 00:00:00.000,2014,10,29,0,08005KT,12,10
2014-10-29 01:00:00.000,2014,10,29,1,04004KT,11,10
2014-10-29 01:30:00.000,2014,10,29,1,04003KT,11,10
2014-10-29 02:00:00.000,2014,10,29,2,06004KT,11,10
2014-10-29 03:00:00.000,2014,10,29,3,05004KT,10,09
2014-10-29 04:00:00.000,2014,10,29,4,03003KT,10,09
2014-10-29 04:30:00.000,2014,10,29,4,33004KT,09,08
2014-10-29 05:00:00.000,2014,10,29,5,33003KT,09,08
2014-10-29 05:25:00.000,2014,10,29,5,09003KT,09,08
2014-10-29 06:00:00.000,2014,10,29,6,VRB02KT,08,07
2014-10-29 06:25:00.000,2014,10,29,6,32004KT,08,07
2014-10-29 07:00:00.000,2014,10,29,7,VRB02KT,08,07
2014-10-29 07:30:00.000,2014,10,29,7,11002KT,08,01
2014-10-29 08:00:00.000,2014,10,29,8,00000KT,08,08
2014-10-29 09:00:00.000,2014,10,29,9,00000KT,08,08
2014-10-29 09:15:00.000,2014,10,29,9,VRB02KT,08,08
2014-10-29 10:00:00.000,2014,10,29,10,VRB02KT,09,08
2014-10-29 10:30:00.000,2014,10,29,10,VRB02KT,09,09
2014-10-29 11:00:00.000,2014,10,29,11,33003KT,09,08
2014-10-29 11:40:00.000,2014,10,29,11,VRB02KT,10,09
2014-10-29 12:00:00.000,2014,10,29,12,VRB02KT,11,10
2014-10-29 12:00:00.000,2014,10,29,12,VRB02KT,11,10
2014-10-29 13:00:00.000,2014,10,29,13,VRB02KT,13,12
2014-10-29 14:00:00.000,2014,10,29,14,04005KT,15,11
2014-10-29 15:00:00.000,2014,10,29,15,05006KT,16,11
2014-10-29 16:00:00.000,2014,10,29,16,03004KT,17,10
2014-10-29 17:00:00.000,2014,10,29,17,05010KT,19,11
2014-10-29 18:00:00.000,2014,10,29,18,04010KT,19,10
2014-10-29 19:00:00.000,2014,10,29,19,03008KT,20,09
2014-10-29 20:00:00.000,2014,10,29,20,27014KT,19,12
2014-10-29 21:00:00.000,2014,10,29,21,27016KT,16,12
2014-10-29 22:00:00.000,2014,10,29,22,27008KT,14,10
2014-10-29 23:00:00.000,2014,10,29,23,VRB02KT,14,09
2014-10-30 00:00:00.000,2014,10,30,0,34003KT,13,09
2014-10-30 01:00:00.000,2014,10,30,1,06003KT,12,10
2014-10-30 02:00:00.000,2014,10,30,2,01004KT,12,10
2014-10-30 03:00:00.000,2014,10,30,3,30003KT,11,10
2014-10-30 04:00:00.000,2014,10,30,4,33004KT,09,08
2014-10-30 05:00:00.000,2014,10,30,5,VRB02KT,10,09
2014-10-30 06:00:00.000,2014,10,30,6,23003KT,10,09
2014-10-30 07:00:00.000,2014,10,30,7,24003KT,11,10
2014-10-30 08:00:00.000,2014,10,30,8,02003KT,10,09
2014-10-30 09:00:00.000,2014,10,30,9,35003KT,08,08
2014-10-30 10:00:00.000,2014,10,30,10,VRB02KT,07,07
2014-10-30 10:07:00.000,2014,10,30,10,01004KT,08,08
2014-10-30 10:30:00.000,2014,10,30,10,31005KT,08,08
2014-10-30 11:00:00.000,2014,10,30,11,00000KT,08,08
2014-10-30 12:00:00.000,2014,10,30,12,02004KT,10,10
2014-10-30 12:30:00.000,2014,10,30,12,VRB02KT,11,10
2014-10-30 13:00:00.000,2014,10,30,13,02006KT,11,10
2014-10-30 13:25:00.000,2014,10,30,13,05007KT,12,12
2014-10-30 14:00:00.000,2014,10,30,14,04005KT,14,13
2014-10-30 15:00:00.000,2014,10,30,15,12005KT,17,09
2014-10-30 16:00:00.000,2014,10,30,16,04006KT,18,10
2014-10-30 16:00:00.000,2014,10,30,16,04006KT,18,10
2014-10-30 17:00:00.000,2014,10,30,17,09007KT,19,09
2014-10-30 18:00:00.000,2014,10,30,18,07008KT,19,09
2014-10-30 19:00:00.000,2014,10,30,19,04008KT,19,09
2014-10-30 20:00:00.000,2014,10,30,20,26010KT,17,12
2014-10-30 21:00:00.000,2014,10,30,21,26006KT,17,12
2014-10-30 22:00:00.000,2014,10,30,22,32004KT,17,13
2014-10-30 23:00:00.000,2014,10,30,23,28004KT,15,12
2014-10-31 00:00:00.000,2014,10,31,0,23004KT,14,12
2014-10-31 01:00:00.000,2014,10,31,1,VRB02KT,14,12
2014-10-31 02:00:00.000,2014,10,31,2,VRB02KT,13,11
2014-10-31 03:00:00.000,2014,10,31,3,VRB02KT,13,11
2014-10-31 04:00:00.000,2014,10,31,4,VRB02KT,12,11
2014-10-31 05:00:00.000,2014,10,31,5,VRB02KT,12,11
2014-10-31 06:00:00.000,2014,10,31,6,VRB02KT,12,11
2014-10-31 07:00:00.000,2014,10,31,7,VRB02KT,12,11
2014-10-31 08:00:00.000,2014,10,31,8,VRB02KT,12,11
2014-10-31 09:00:00.000,2014,10,31,9,00000KT,12,11
2014-10-31 10:00:00.000,2014,10,31,10,VRB02KT,11,10
2014-10-31 10:30:00.000,2014,10,31,10,VRB02KT,09,09
2014-10-31 11:00:00.000,2014,10,31,11,VRB02KT,10,10
2014-10-31 11:30:00.000,2014,10,31,11,05003KT,11,11
2014-10-31 12:00:00.000,2014,10,31,12,05005KT,12,12
2014-10-31 13:00:00.000,2014,10,31,13,04005KT,14,12
2014-10-31 14:00:00.000,2014,10,31,14,03006KT,15,11
2014-10-31 15:00:00.000,2014,10,31,15,14003KT,18,08
2014-10-31 16:00:00.000,2014,10,31,16,12005KT,18,07
2014-10-31 17:00:00.000,2014,10,31,17,15012KT,19,07
2014-10-31 18:00:00.000,2014,10,31,18,13007KT,19,08
2014-10-31 19:00:00.000,2014,10,31,19,15008KT,19,08
2014-10-31 20:00:00.000,2014,10,31,20,13005KT,19,07
2014-10-31 21:00:00.000,2014,10,31,21,36005KT,18,09
2014-10-31 22:00:00.000,2014,10,31,22,30010KT,17,12
2014-10-31 23:00:00.000,2014,10,31,23,28008KT,15,12
2014-11-01 00:00:00.000,2014,11,1,0,28004KT,14,12
2014-11-01 01:00:00.000,2014,11,1,1,33003KT,13,12
2014-11-01 02:00:00.000,2014,11,1,2,01004KT,13,12
2014-11-01 03:00:00.000,2014,11,1,3,VRB02KT,13,12
2014-11-01 04:00:00.000,2014,11,1,4,34003KT,12,11
2014-11-01 05:00:00.000,2014,11,1,5,VRB02KT,12,11
2014-11-01 06:00:00.000,2014,11,1,6,03003KT,12,11
2014-11-01 07:00:00.000,2014,11,1,7,32004KT,11,10
2014-11-01 08:00:00.000,2014,11,1,8,27004KT,11,10
2014-11-01 09:00:00.000,2014,11,1,9,VRB02KT,11,10
2014-11-01 10:00:00.000,2014,11,1,10,VRB02KT,09,08
2014-11-01 10:30:00.000,2014,11,1,10,VRB02KT,09,09
2014-11-01 11:00:00.000,2014,11,1,11,36003KT,09,08
2014-11-01 12:00:00.000,2014,11,1,12,VRB02KT,11,11
2014-11-01 12:19:00.000,2014,11,1,12,VRB02KT,13,12
2014-11-01 13:00:00.000,2014,11,1,13,03004KT,14,11
2014-11-01 14:00:00.000,2014,11,1,14,04003KT,16,11
2014-11-01 15:00:00.000,2014,11,1,15,04006KT,17,09
2014-11-01 16:00:00.000,2014,11,1,16,34004KT,19,10
2014-11-01 17:00:00.000,2014,11,1,17,05008KT,19,08
2014-11-01 18:00:00.000,2014,11,1,18,10006KT,20,10
2014-11-01 19:00:00.000,2014,11,1,19,30012KT,19,13
2014-11-01 20:00:00.000,2014,11,1,20,30010KT,18,11
2014-11-01 21:00:00.000,2014,11,1,21,28010KT,16,12
2014-11-01 22:00:00.000,2014,11,1,22,25008KT,15,12
2014-11-01 23:00:00.000,2014,11,1,23,24005KT,14,12
2014-11-02 00:00:00.000,2014,11,2,0,28003KT,14,11
2014-11-02 01:00:00.000,2014,11,2,1,VRB02KT,14,11
2014-11-02 02:00:00.000,2014,11,2,2,30004KT,13,11
2014-11-02 03:00:00.000,2014,11,2,3,31004KT,13,11
2014-11-02 04:00:00.000,2014,11,2,4,VRB02KT,12,11
2014-11-02 05:00:00.000,2014,11,2,5,VRB02KT,12,11
2014-11-02 06:00:00.000,2014,11,2,6,02003KT,10,09
2014-11-02 07:00:00.000,2014,11,2,7,05004KT,10,10
2014-11-02 08:00:00.000,2014,11,2,8,VRB02KT,09,08
2014-11-02 09:00:00.000,2014,11,2,9,05004KT,09,08
2014-11-02 10:00:00.000,2014,11,2,10,26003KT,09,09
2014-11-02 10:30:00.000,2014,11,2,10,00000KT,08,08
2014-11-02 11:00:00.000,2014,11,2,11,29003KT,08,07
2014-11-02 12:00:00.000,2014,11,2,12,07003KT,08,07
2014-11-02 12:10:00.000,2014,11,2,12,04006KT,11,11
2014-11-02 13:00:00.000,2014,11,2,13,05008KT,14,11
2014-11-02 14:00:00.000,2014,11,2,14,06004KT,16,09
2014-11-02 15:00:00.000,2014,11,2,15,06003KT,17,09
2014-11-02 16:00:00.000,2014,11,2,16,05004KT,19,07
2014-11-02 17:00:00.000,2014,11,2,17,08005KT,20,06
2014-11-02 18:00:00.000,2014,11,2,18,06010KT,20,07
2014-11-02 19:00:00.000,2014,11,2,19,02008KT,20,07
2014-11-02 20:00:00.000,2014,11,2,20,22006KT,21,10
2014-11-02 21:00:00.000,2014,11,2,21,26010KT,17,11
2014-11-02 22:00:00.000,2014,11,2,22,32004KT,15,13
2014-11-02 23:00:00.000,2014,11,2,23,27004KT,14,13
2014-11-03 00:00:00.000,2014,11,3,0,VRB02KT,13,12
2014-11-03 01:00:00.000,2014,11,3,1,05005KT,13,11
2014-11-03 02:00:00.000,2014,11,3,2,36003KT,13,10
2014-11-03 03:00:00.000,2014,11,3,3,VRB02KT,13,09
2014-11-03 04:00:00.000,2014,11,3,4,04005KT,12,09
2014-11-03 05:00:00.000,2014,11,3,5,04004KT,12,09
2014-11-03 06:00:00.000,2014,11,3,6,04003KT,10,08
2014-11-03 07:00:00.000,2014,11,3,7,04004KT,09,08
2014-11-03 08:00:00.000,2014,11,3,8,VRB02KT,09,08
2014-11-03 09:00:00.000,2014,11,3,9,02003KT,09,08
2014-11-03 10:00:00.000,2014,11,3,10,28003KT,09,08
2014-11-03 10:30:00.000,2014,11,3,10,35003KT,10,09
2014-11-03 11:00:00.000,2014,11,3,11,00000KT,10,09
2014-11-03 12:00:00.000,2014,11,3,12,05004KT,10,09
2014-11-03 12:30:00.000,2014,11,3,12,06006KT,12,10
2014-11-03 13:00:00.000,2014,11,3,13,04006KT,13,10
2014-11-03 14:00:00.000,2014,11,3,14,05007KT,13,10
2014-11-03 15:00:00.000,2014,11,3,15,05008KT,14,11
2014-11-03 16:00:00.000,2014,11,3,16,07008KT,17,09
2014-11-03 17:00:00.000,2014,11,3,17,05007KT,17,09
2014-11-03 18:00:00.000,2014,11,3,18,05006KT,17,09
2014-11-03 19:00:00.000,2014,11,3,19,14004KT,18,08
2014-11-03 20:00:00.000,2014,11,3,20,09008KT,19,07
2014-11-03 21:00:00.000,2014,11,3,21,11006KT,18,08
2014-11-03 22:00:00.000,2014,11,3,22,14004KT,19,06
2014-11-03 23:00:00.000,2014,11,3,23,03006KT,14,08
2014-11-04 00:00:00.000,2014,11,4,0,04004KT,13,08
2014-11-04 01:00:00.000,2014,11,4,1,VRB02KT,13,08
2014-11-04 02:00:00.000,2014,11,4,2,VRB02KT,12,08
2014-11-04 03:00:00.000,2014,11,4,3,05004KT,10,08
2014-11-04 04:00:00.000,2014,11,4,4,09004KT,10,08
2014-11-04 05:00:00.000,2014,11,4,5,VRB02KT,09,08
2014-11-04 06:00:00.000,2014,11,4,6,VRB02KT,09,08
2014-11-04 07:00:00.000,2014,11,4,7,VRB02KT,08,07
2014-11-04 08:00:00.000,2014,11,4,8,VRB02KT,09,08
2014-11-04 09:00:00.000,2014,11,4,9,VRB02KT,08,07
2014-11-04 10:00:00.000,2014,11,4,10,VRB02KT,06,05
2014-11-04 10:30:00.000,2014,11,4,10,VRB02KT,07,06
2014-11-04 11:00:00.000,2014,11,4,11,VRB02KT,07,06
2014-11-04 12:00:00.000,2014,11,4,12,VRB02KT,09,08
2014-11-04 13:00:00.000,2014,11,4,13,34004KT,13,10
2014-11-04 14:00:00.000,2014,11,4,14,06004KT,16,10
2014-11-04 15:00:00.000,2014,11,4,15,03003KT,19,09
2014-11-04 16:00:00.000,2014,11,4,16,03004KT,20,09
2014-11-04 17:00:00.000,2014,11,4,17,20004KT,21,09
2014-11-04 18:00:00.000,2014,11,4,18,10006KT,21,07
2014-11-04 19:00:00.000,2014,11,4,19,24012KT,20,12
2014-11-04 19:15:00.000,2014,11,4,19,24012KT,20,12
2014-11-04 20:00:00.000,2014,11,4,20,29014KT,17,12
2014-11-04 21:00:00.000,2014,11,4,21,26009KT,18,12
2014-11-04 22:00:00.000,2014,11,4,22,26005KT,17,11
2014-11-04 23:00:00.000,2014,11,4,23,27006KT,15,13
2014-11-05 00:00:00.000,2014,11,5,0,31004KT,15,12
2014-11-05 01:00:00.000,2014,11,5,1,VRB02KT,14,12
2014-11-05 02:00:00.000,2014,11,5,2,30005KT,15,11
2014-11-05 03:00:00.000,2014,11,5,3,31007KT,14,11
2014-11-05 04:00:00.000,2014,11,5,4,VRB02KT,14,12
2014-11-05 05:00:00.000,2014,11,5,5,29005KT,14,12
2014-11-05 06:00:00.000,2014,11,5,6,VRB02KT,14,11
2014-11-05 07:00:00.000,2014,11,5,7,VRB02KT,13,11
2014-11-05 08:00:00.000,2014,11,5,8,VRB02KT,13,11
2014-11-05 09:00:00.000,2014,11,5,9,VRB02KT,12,11
2014-11-05 10:00:00.000,2014,11,5,10,VRB02KT,13,12
2014-11-05 10:30:00.000,2014,11,5,10,33003KT,13,11
2014-11-05 11:00:00.000,2014,11,5,11,VRB02KT,12,11
2014-11-05 12:00:00.000,2014,11,5,12,35003KT,14,12
2014-11-05 13:00:00.000,2014,11,5,13,01003KT,15,12
2014-11-05 14:00:00.000,2014,11,5,14,06004KT,16,10
2014-11-05 15:00:00.000,2014,11,5,15,03005KT,16,10
2014-11-05 16:00:00.000,2014,11,5,16,07010KT,18,10
2014-11-05 17:00:00.000,2014,11,5,17,27009KT,16,12
2014-11-05 18:00:00.000,2014,11,5,18,28009KT,16,12
2014-11-05 19:00:00.000,2014,11,5,19,32006KT,17,11
2014-11-05 20:00:00.000,2014,11,5,20,30003KT,18,10
2014-11-05 21:00:00.000,2014,11,5,21,25008KT,17,12
2014-11-05 22:00:00.000,2014,11,5,22,24008KT,16,12
2014-11-05 23:00:00.000,2014,11,5,23,28006KT,15,12
2014-11-06 00:00:00.000,2014,11,6,0,31005KT,14,11
2014-11-06 01:00:00.000,2014,11,6,1,01003KT,13,11
2014-11-06 02:00:00.000,2014,11,6,2,33003KT,12,10
2014-11-06 03:00:00.000,2014,11,6,3,24003KT,12,11
2014-11-06 04:00:00.000,2014,11,6,4,VRB02KT,12,10
2014-11-06 05:00:00.000,2014,11,6,5,VRB02KT,12,11
2014-11-06 06:00:00.000,2014,11,6,6,00000KT,11,10
2014-11-06 07:00:00.000,2014,11,6,7,00000KT,11,10
2014-11-06 08:00:00.000,2014,11,6,8,VRB02KT,11,10
2014-11-06 09:00:00.000,2014,11,6,9,00000KT,11,11
2014-11-06 10:00:00.000,2014,11,6,10,25004KT,11,10
2014-11-06 10:47:00.000,2014,11,6,10,34002KT,11,10
2014-11-06 11:00:00.000,2014,11,6,11,VRB02KT,11,10
2014-11-06 11:35:00.000,2014,11,6,11,VRB02KT,12,11
2014-11-06 12:00:00.000,2014,11,6,12,VRB02KT,12,11
2014-11-06 13:00:00.000,2014,11,6,13,VRB02KT,13,12
2014-11-06 14:00:00.000,2014,11,6,14,31003KT,14,12
2014-11-06 15:00:00.000,2014,11,6,15,32003KT,14,12
2014-11-06 16:00:00.000,2014,11,6,16,04006KT,17,11
2014-11-06 17:00:00.000,2014,11,6,17,03004KT,18,11
2014-11-06 18:00:00.000,2014,11,6,18,28007KT,19,13
2014-11-06 19:00:00.000,2014,11,6,19,23010KT,19,12
2014-11-06 20:00:00.000,2014,11,6,20,27009KT,19,12
2014-11-06 21:00:00.000,2014,11,6,21,29010KT,18,12
2014-11-06 22:00:00.000,2014,11,6,22,25008KT,17,11
2014-11-06 23:00:00.000,2014,11,6,23,28005KT,15,11
2014-11-07 00:00:00.000,2014,11,7,0,00000KT,13,12
2014-11-07 01:00:00.000,2014,11,7,1,32003KT,13,12
2014-11-07 02:00:00.000,2014,11,7,2,00000KT,13,12
2014-11-07 03:00:00.000,2014,11,7,3,06003KT,13,12
2014-11-07 04:00:00.000,2014,11,7,4,36003KT,13,12
2014-11-07 05:00:00.000,2014,11,7,5,VRB02KT,12,11
2014-11-07 06:00:00.000,2014,11,7,6,28004KT,13,12
2014-11-07 07:00:00.000,2014,11,7,7,34004KT,13,12
2014-11-07 08:00:00.000,2014,11,7,8,05006KT,12,11
2014-11-07 09:00:00.000,2014,11,7,9,00000KT,12,10
2014-11-07 10:00:00.000,2014,11,7,10,03005KT,12,11
2014-11-07 10:30:00.000,2014,11,7,10,07004KT,12,10
2014-11-07 11:00:00.000,2014,11,7,11,04003KT,12,10
2014-11-07 11:10:00.000,2014,11,7,11,01003KT,11,10
2014-11-07 12:00:00.000,2014,11,7,12,04006KT,12,10
2014-11-07 12:30:00.000,2014,11,7,12,04007KT,14,11
2014-11-07 13:00:00.000,2014,11,7,13,05006KT,15,11
2014-11-07 14:00:00.000,2014,11,7,14,06008KT,17,10
2014-11-07 15:00:00.000,2014,11,7,15,15008KT,19,10
2014-11-07 16:00:00.000,2014,11,7,16,15006KT,21,10
2014-11-07 17:00:00.000,2014,11,7,17,05006KT,21,09
2014-11-07 18:00:00.000,2014,11,7,18,18004KT,20,11
2014-11-07 18:35:00.000,2014,11,7,18,27004KT,19,12
2014-11-07 18:40:00.000,2014,11,7,18,27006KT,19,11
2014-11-07 19:00:00.000,2014,11,7,19,29009KT,17,11
2014-11-07 20:00:00.000,2014,11,7,20,09005KT,12,09
2014-11-07 20:30:00.000,2014,11,7,20,36003KT,15,11
2014-11-07 21:00:00.000,2014,11,7,21,36004KT,16,11
2014-11-07 22:00:00.000,2014,11,7,22,05005KT,17,12
2014-11-07 23:00:00.000,2014,11,7,23,33003KT,15,12
2014-11-08 00:00:00.000,2014,11,8,0,01003KT,14,11
2014-11-08 01:00:00.000,2014,11,8,1,33004KT,14,12
2014-11-08 02:00:00.000,2014,11,8,2,30003KT,14,11
2014-11-08 03:00:00.000,2014,11,8,3,02003KT,11,10
2014-11-08 04:00:00.000,2014,11,8,4,04004KT,12,11
2014-11-08 05:00:00.000,2014,11,8,5,VRB02KT,12,11
2014-11-08 06:00:00.000,2014,11,8,6,36003KT,11,10
2014-11-08 07:00:00.000,2014,11,8,7,VRB02KT,11,10
2014-11-08 08:00:00.000,2014,11,8,8,00000KT,11,09
2014-11-08 09:00:00.000,2014,11,8,9,00000KT,10,10
2014-11-08 10:00:00.000,2014,11,8,10,04004KT,11,10
2014-11-08 10:30:00.000,2014,11,8,10,07005KT,11,11
2014-11-08 11:00:00.000,2014,11,8,11,06005KT,11,11
2014-11-08 12:00:00.000,2014,11,8,12,06003KT,12,11
2014-11-08 13:00:00.000,2014,11,8,13,05005KT,13,11
2014-11-08 14:00:00.000,2014,11,8,14,03005KT,15,12
2014-11-08 15:00:00.000,2014,11,8,15,36003KT,19,10
2014-11-08 16:00:00.000,2014,11,8,16,28003KT,18,09
2014-11-08 17:00:00.000,2014,11,8,17,26012KT,16,12
2014-11-08 18:00:00.000,2014,11,8,18,31009KT,15,14
2014-11-08 19:00:00.000,2014,11,8,19,20003KT,17,12
2014-11-08 20:00:00.000,2014,11,8,20,21006KT,17,12
2014-11-08 21:00:00.000,2014,11,8,21,21003KT,16,12
2014-11-08 22:00:00.000,2014,11,8,22,19004KT,16,11
2014-11-08 23:00:00.000,2014,11,8,23,25003KT,15,12
2014-11-09 00:00:00.000,2014,11,9,0,VRB02KT,15,12
2014-11-09 01:00:00.000,2014,11,9,1,VRB02KT,14,12
2014-11-09 02:00:00.000,2014,11,9,2,VRB02KT,14,12
2014-11-09 02:35:00.000,2014,11,9,2,VRB02KT,14,11
2014-11-09 03:00:00.000,2014,11,9,3,20004KT,13,12
2014-11-09 03:35:00.000,2014,11,9,3,VRB02KT,13,12
2014-11-09 04:00:00.000,2014,11,9,4,33004KT,13,12
2014-11-09 05:00:00.000,2014,11,9,5,01007KT,12,11
2014-11-09 06:00:00.000,2014,11,9,6,VRB02KT,12,10
2014-11-09 07:00:00.000,2014,11,9,7,VRB02KT,12,10
2014-11-09 08:00:00.000,2014,11,9,8,VRB02KT,11,10
2014-11-09 09:00:00.000,2014,11,9,9,VRB02KT,11,10
2014-11-09 10:00:00.000,2014,11,9,10,VRB02KT,11,10
2014-11-09 10:30:00.000,2014,11,9,10,24004KT,11,11
2014-11-09 11:00:00.000,2014,11,9,11,VRB02KT,11,11
2014-11-09 12:00:00.000,2014,11,9,12,VRB02KT,12,11
2014-11-09 13:00:00.000,2014,11,9,13,02003KT,15,12
2014-11-09 14:00:00.000,2014,11,9,14,09004KT,16,11
2014-11-09 15:00:00.000,2014,11,9,15,05004KT,18,10
2014-11-09 16:00:00.000,2014,11,9,16,30004KT,19,09
2014-11-09 17:00:00.000,2014,11,9,17,15006KT,19,09
2014-11-09 18:00:00.000,2014,11,9,18,21005KT,18,13
2014-11-09 19:00:00.000,2014,11,9,19,22010KT,16,13
2014-11-09 19:30:00.000,2014,11,9,19,26008KT,17,12
2014-11-09 20:00:00.000,2014,11,9,20,24007KT,17,11
2014-11-09 21:00:00.000,2014,11,9,21,30007KT,16,13
2014-11-09 22:00:00.000,2014,11,9,22,26012KT,16,12
2014-11-09 23:00:00.000,2014,11,9,23,29006KT,16,12
2014-11-10 00:00:00.000,2014,11,10,0,27005KT,15,11
2014-11-10 01:00:00.000,2014,11,10,1,02004KT,13,11
2014-11-10 02:00:00.000,2014,11,10,2,01003KT,13,11
2014-11-10 03:00:00.000,2014,11,10,3,35003KT,13,11
2014-11-10 04:00:00.000,2014,11,10,4,VRB02KT,13,11
2014-11-10 05:00:00.000,2014,11,10,5,04003KT,12,10
2014-11-10 06:00:00.000,2014,11,10,6,VRB02KT,12,11
2014-11-10 07:00:00.000,2014,11,10,7,VRB02KT,11,10
2014-11-10 08:00:00.000,2014,11,10,8,VRB02KT,11,10
2014-11-10 10:00:00.000,2014,11,10,10,00000KT,10,10
2014-11-10 10:20:00.000,2014,11,10,10,VRB02KT,10,10
2014-11-10 10:30:00.000,2014,11,10,10,VRB02KT,10,10
2014-11-10 11:00:00.000,2014,11,10,11,06003KT,11,10
2014-11-10 12:00:00.000,2014,11,10,12,32003KT,12,11
2014-11-10 13:00:00.000,2014,11,10,13,19004KT,13,13
2014-11-10 13:30:00.000,2014,11,10,13,36003KT,16,11
2014-11-10 14:00:00.000,2014,11,10,14,22003KT,17,10
2014-11-10 15:00:00.000,2014,11,10,15,30003KT,17,10
2014-11-10 16:00:00.000,2014,11,10,16,32006KT,19,11
2014-11-10 17:00:00.000,2014,11,10,17,32009KT,19,10
2014-11-10 17:05:00.000,2014,11,10,17,34005KT,20,10
2014-11-10 17:18:00.000,2014,11,10,17,29010KT,19,12
2014-11-10 17:35:00.000,2014,11,10,17,29012KT,19,12
2014-11-10 17:40:00.000,2014,11,10,17,14010KT,18,11
2014-11-10 17:42:00.000,2014,11,10,17,14012KT,15,10
2014-11-10 18:00:00.000,2014,11,10,18,16016KT,12,11
2014-11-10 18:30:00.000,2014,11,10,18,20005KT,11,11
2014-11-10 19:00:00.000,2014,11,10,19,32004KT,12,11
2014-11-10 20:00:00.000,2014,11,10,20,10003KT,13,11
2014-11-10 21:00:00.000,2014,11,10,21,34004KT,14,12
2014-11-10 22:00:00.000,2014,11,10,22,27005KT,15,12
2014-11-10 23:00:00.000,2014,11,10,23,23004KT,14,12
2014-11-11 00:00:00.000,2014,11,11,0,VRB02KT,13,12
2014-11-11 01:00:00.000,2014,11,11,1,33004KT,13,11
2014-11-11 02:00:00.000,2014,11,11,2,VRB02KT,13,11
2014-11-11 03:00:00.000,2014,11,11,3,VRB02KT,13,12
2014-11-11 04:00:00.000,2014,11,11,4,VRB02KT,12,12
2014-11-11 05:00:00.000,2014,11,11,5,VRB02KT,12,12
2014-11-11 06:00:00.000,2014,11,11,6,VRB02KT,12,11
2014-11-11 07:00:00.000,2014,11,11,7,VRB02KT,12,11
2014-11-11 08:00:00.000,2014,11,11,8,VRB02KT,12,11
2014-11-11 09:00:00.000,2014,11,11,9,VRB02KT,11,11
2014-11-11 10:00:00.000,2014,11,11,10,34005KT,11,10
2014-11-11 11:00:00.000,2014,11,11,11,VRB02KT,11,10
2014-11-11 12:00:00.000,2014,11,11,12,VRB02KT,12,11
2014-11-11 13:00:00.000,2014,11,11,13,26004KT,13,10
2014-11-11 14:00:00.000,2014,11,11,14,VRB02KT,14,10
2014-11-11 15:00:00.000,2014,11,11,15,VRB02KT,17,10
2014-11-11 16:00:00.000,2014,11,11,16,VRB02KT,18,10
2014-11-11 17:00:00.000,2014,11,11,17,35009KT,19,10
2014-11-11 18:00:00.000,2014,11,11,18,29009KT,19,10
2014-11-11 19:00:00.000,2014,11,11,19,29010KT,20,11
2014-11-11 20:00:00.000,2014,11,11,20,27014KT,18,12
2014-11-11 21:00:00.000,2014,11,11,21,26009KT,17,11
2014-11-11 22:00:00.000,2014,11,11,22,29009KT,16,11
2014-11-11 23:00:00.000,2014,11,11,23,29008KT,15,12
2014-11-11 23:00:00.000,2014,11,11,23,29008KT,15,12
2014-11-12 00:00:00.000,2014,11,12,0,31003KT,14,12
2014-11-12 01:00:00.000,2014,11,12,1,33008KT,13,11
2014-11-12 02:00:00.000,2014,11,12,2,31005KT,13,10
2014-11-12 03:00:00.000,2014,11,12,3,29004KT,14,10
2014-11-12 04:00:00.000,2014,11,12,4,28004KT,13,10
2014-11-12 05:00:00.000,2014,11,12,5,VRB02KT,13,10
2014-11-12 06:00:00.000,2014,11,12,6,VRB02KT,12,10
2014-11-12 07:00:00.000,2014,11,12,7,31007KT,12,10
2014-11-12 08:00:00.000,2014,11,12,8,VRB02KT,12,10
2014-11-12 09:00:00.000,2014,11,12,9,24004KT,12,10
2014-11-12 10:00:00.000,2014,11,12,10,VRB02KT,12,09
2014-11-12 10:30:00.000,2014,11,12,10,VRB02KT,11,09
2014-11-12 11:00:00.000,2014,11,12,11,VRB02KT,12,10
2014-11-12 12:00:00.000,2014,11,12,12,03003KT,12,10
2014-11-12 13:00:00.000,2014,11,12,13,27003KT,15,10
2014-11-12 14:00:00.000,2014,11,12,14,34003KT,16,11
2014-11-12 15:00:00.000,2014,11,12,15,00000KT,17,11
2014-11-12 16:00:00.000,2014,11,12,16,28005KT,18,10
2014-11-12 17:00:00.000,2014,11,12,17,34003KT,18,10
2014-11-12 18:00:00.000,2014,11,12,18,31008KT,18,10
2014-11-12 19:00:00.000,2014,11,12,19,35008KT,18,10
2014-11-12 20:00:00.000,2014,11,12,20,29010KT,17,11
2014-11-12 21:00:00.000,2014,11,12,21,28014KT,15,11
2014-11-12 22:00:00.000,2014,11,12,22,24012KT,15,10
2014-11-12 23:00:00.000,2014,11,12,23,29007KT,14,11
2014-11-13 00:00:00.000,2014,11,13,0,22003KT,13,11
2014-11-13 01:00:00.000,2014,11,13,1,VRB02KT,13,11
2014-11-13 02:00:00.000,2014,11,13,2,31006KT,13,11
2014-11-13 03:00:00.000,2014,11,13,3,27005KT,12,10
2014-11-13 04:00:00.000,2014,11,13,4,00000KT,11,10
2014-11-13 05:00:00.000,2014,11,13,5,32004KT,12,11
2014-11-13 06:00:00.000,2014,11,13,6,00000KT,12,11
2014-11-13 07:00:00.000,2014,11,13,7,00000KT,12,11
2014-11-13 08:00:00.000,2014,11,13,8,36004KT,11,10
2014-11-13 09:00:00.000,2014,11,13,9,VRB02KT,11,10
2014-11-13 10:00:00.000,2014,11,13,10,VRB02KT,11,10
2014-11-13 10:30:00.000,2014,11,13,10,VRB02KT,11,10
2014-11-13 11:00:00.000,2014,11,13,11,VRB02KT,11,10
2014-11-13 12:00:00.000,2014,11,13,12,VRB02KT,12,11
2014-11-13 13:00:00.000,2014,11,13,13,VRB02KT,15,11
2014-11-13 14:00:00.000,2014,11,13,14,VRB02KT,17,08
2014-11-13 15:00:00.000,2014,11,13,15,30008KT,18,09
2014-11-13 16:00:00.000,2014,11,13,16,29012KT,18,11
2014-11-13 17:00:00.000,2014,11,13,17,32013KT,19,10
2014-11-13 18:00:00.000,2014,11,13,18,31015KT,18,11
2014-11-13 19:00:00.000,2014,11,13,19,32016KT,18,11
2014-11-13 20:00:00.000,2014,11,13,20,31013KT,18,11
2014-11-13 21:00:00.000,2014,11,13,21,32012KT,16,10
2014-11-13 22:00:00.000,2014,11,13,22,31014KT,16,10
2014-11-13 23:00:00.000,2014,11,13,23,31007KT,13,11
2014-11-14 00:00:00.000,2014,11,14,0,33003KT,13,11
2014-11-14 01:00:00.000,2014,11,14,1,00000KT,13,10
2014-11-14 03:00:00.000,2014,11,14,3,28004KT,13,10
2014-11-14 08:00:00.000,2014,11,14,8,00000KT,11,09
2014-11-14 09:00:00.000,2014,11,14,9,00000KT,10,09
2014-11-14 10:00:00.000,2014,11,14,10,VRB02KT,10,08
2014-11-14 10:30:00.000,2014,11,14,10,VRB02KT,10,09
2014-11-14 11:00:00.000,2014,11,14,11,33003KT,10,09
2014-11-14 12:00:00.000,2014,11,14,12,VRB02KT,12,10
2014-11-14 13:00:00.000,2014,11,14,13,32006KT,14,10
2014-11-14 14:00:00.000,2014,11,14,14,05004KT,16,09
2014-11-14 15:00:00.000,2014,11,14,15,08006KT,17,09
2014-11-14 16:00:00.000,2014,11,14,16,29012KT,18,10
2014-11-14 17:00:00.000,2014,11,14,17,32014KT,19,10
2014-11-14 17:11:00.000,2014,11,14,17,30012KT,18,10
2014-11-14 18:00:00.000,2014,11,14,18,31015KT,18,10
2014-11-14 19:00:00.000,2014,11,14,19,31014KT,18,10
2014-11-14 20:00:00.000,2014,11,14,20,32012KT,17,10
2014-11-14 21:00:00.000,2014,11,14,21,31013KT,16,10
2014-11-14 22:00:00.000,2014,11,14,22,31010KT,15,10
2014-11-14 23:00:00.000,2014,11,14,23,33004KT,14,10
2014-11-14 23:30:00.000,2014,11,14,23,30007KT,14,10
2014-11-15 00:00:00.000,2014,11,15,0,28005KT,13,10
2014-11-15 01:00:00.000,2014,11,15,1,28005KT,13,10
2014-11-15 02:00:00.000,2014,11,15,2,28004KT,13,09
2014-11-15 03:00:00.000,2014,11,15,3,29006KT,13,09
2014-11-15 04:00:00.000,2014,11,15,4,VRB02KT,12,09
2014-11-15 05:00:00.000,2014,11,15,5,VRB02KT,12,09
2014-11-15 06:00:00.000,2014,11,15,6,VRB02KT,10,08
2014-11-15 07:00:00.000,2014,11,15,7,29004KT,09,08
2014-11-15 08:00:00.000,2014,11,15,8,VRB02KT,07,07
2014-11-15 09:00:00.000,2014,11,15,9,VRB02KT,07,07
2014-11-15 10:00:00.000,2014,11,15,10,VRB02KT,06,06
2014-11-15 10:30:00.000,2014,11,15,10,VRB02KT,07,07
2014-11-15 11:00:00.000,2014,11,15,11,VRB02KT,05,05
2014-11-15 12:00:00.000,2014,11,15,12,31003KT,09,09
2014-11-15 12:35:00.000,2014,11,15,12,03003KT,12,11
2014-11-15 13:00:00.000,2014,11,15,13,03007KT,13,11
2014-11-15 14:00:00.000,2014,11,15,14,00000KT,16,09
2014-11-15 15:00:00.000,2014,11,15,15,08004KT,18,09
2014-11-15 16:00:00.000,2014,11,15,16,VRB02KT,18,08
2014-11-15 17:00:00.000,2014,11,15,17,VRB02KT,19,08
2014-11-15 18:00:00.000,2014,11,15,18,29012KT,17,10
2014-11-15 18:05:00.000,2014,11,15,18,27012KT,17,11
2014-11-15 18:35:00.000,2014,11,15,18,25011KT,16,12
2014-11-15 19:00:00.000,2014,11,15,19,20006KT,16,12
2014-11-15 20:00:00.000,2014,11,15,20,20004KT,13,10
2014-11-15 21:00:00.000,2014,11,15,21,27006KT,13,10
2014-11-15 22:00:00.000,2014,11,15,22,03004KT,13,11
2014-11-15 23:00:00.000,2014,11,15,23,01003KT,12,10
2014-11-16 00:00:00.000,2014,11,16,0,00000KT,11,10
2014-11-16 01:00:00.000,2014,11,16,1,00000KT,11,11
2014-11-16 02:00:00.000,2014,11,16,2,00000KT,11,10
2014-11-16 03:00:00.000,2014,11,16,3,27003KT,11,10
2014-11-16 04:00:00.000,2014,11,16,4,00000KT,10,09
2014-11-16 05:00:00.000,2014,11,16,5,00000KT,10,09
2014-11-16 06:00:00.000,2014,11,16,6,35003KT,10,10
2014-11-16 07:00:00.000,2014,11,16,7,VRB02KT,10,10
2014-11-16 08:00:00.000,2014,11,16,8,25004KT,11,10
2014-11-16 09:00:00.000,2014,11,16,9,01003KT,11,10
2014-11-16 10:00:00.000,2014,11,16,10,02003KT,10,10
2014-11-16 10:03:00.000,2014,11,16,10,05005KT,11,10
2014-11-16 11:00:00.000,2014,11,16,11,04003KT,11,11
2014-11-16 12:00:00.000,2014,11,16,12,04007KT,12,10
2014-11-16 13:00:00.000,2014,11,16,13,05004KT,13,11
2014-11-16 14:00:00.000,2014,11,16,14,03005KT,13,11
2014-11-16 15:00:00.000,2014,11,16,15,06007KT,13,11
2014-11-16 16:00:00.000,2014,11,16,16,VRB02KT,15,11
2014-11-16 17:00:00.000,2014,11,16,17,15008KT,17,08
2014-11-16 18:00:00.000,2014,11,16,18,06010KT,17,10
2014-11-16 19:00:00.000,2014,11,16,19,07010KT,17,10
2014-11-16 20:00:00.000,2014,11,16,20,04011KT,16,09
2014-11-16 21:00:00.000,2014,11,16,21,11006KT,18,08
2014-11-16 22:00:00.000,2014,11,16,22,15011KT,16,09
2014-11-16 23:00:00.000,2014,11,16,23,13010KT,15,09
2014-11-17 00:00:00.000,2014,11,17,0,06008KT,14,09
2014-11-17 01:00:00.000,2014,11,17,1,07005KT,14,09
2014-11-17 02:00:00.000,2014,11,17,2,VRB02KT,14,09
2014-11-17 03:00:00.000,2014,11,17,3,05006KT,13,09
2014-11-17 04:00:00.000,2014,11,17,4,07004KT,13,09
2014-11-17 05:00:00.000,2014,11,17,5,VRB02KT,12,09
2014-11-17 06:00:00.000,2014,11,17,6,06004KT,12,08
2014-11-17 07:00:00.000,2014,11,17,7,08004KT,12,09
2014-11-17 08:00:00.000,2014,11,17,8,04004KT,11,09
2014-11-17 09:00:00.000,2014,11,17,9,03006KT,11,10
2014-11-17 10:00:00.000,2014,11,17,10,04005KT,11,09
2014-11-17 10:30:00.000,2014,11,17,10,05005KT,11,09
2014-11-17 11:00:00.000,2014,11,17,11,06005KT,11,09
2014-11-17 12:00:00.000,2014,11,17,12,07005KT,13,10
2014-11-17 13:00:00.000,2014,11,17,13,08006KT,16,09
2014-11-17 14:00:00.000,2014,11,17,14,14008KT,16,07
2014-11-17 15:00:00.000,2014,11,17,15,12010KT,18,06
2014-11-17 16:00:00.000,2014,11,17,16,12012KT,18,08
2014-11-17 17:00:00.000,2014,11,17,17,15008KT,17,06
2014-11-17 18:00:00.000,2014,11,17,18,15011KT,18,07
2014-11-17 19:00:00.000,2014,11,17,19,15012KT,17,07
2014-11-17 20:00:00.000,2014,11,17,20,14010KT,17,08
2014-11-17 21:00:00.000,2014,11,17,21,18010KT,16,08
2014-11-17 22:00:00.000,2014,11,17,22,14008KT,15,08
2014-11-17 23:00:00.000,2014,11,17,23,16006KT,15,08
2014-11-18 00:00:00.000,2014,11,18,0,01003KT,14,09
2014-11-18 01:00:00.000,2014,11,18,1,06008KT,14,09
2014-11-18 02:00:00.000,2014,11,18,2,04003KT,13,09
2014-11-18 03:00:00.000,2014,11,18,3,34003KT,11,08
2014-11-18 04:00:00.000,2014,11,18,4,06003KT,11,09
2014-11-18 05:00:00.000,2014,11,18,5,VRB02KT,10,09
2014-11-18 06:00:00.000,2014,11,18,6,34003KT,09,08
2014-11-18 07:00:00.000,2014,11,18,7,06003KT,09,08
2014-11-18 08:00:00.000,2014,11,18,8,VRB02KT,10,09
2014-11-18 09:00:00.000,2014,11,18,9,04005KT,09,08
2014-11-18 10:00:00.000,2014,11,18,10,05004KT,10,09
2014-11-18 10:30:00.000,2014,11,18,10,03004KT,10,09
2014-11-18 11:00:00.000,2014,11,18,11,31004KT,09,08
2014-11-18 12:00:00.000,2014,11,18,12,02006KT,10,08
2014-11-18 13:00:00.000,2014,11,18,13,04006KT,12,09
2014-11-18 14:00:00.000,2014,11,18,14,07004KT,15,09
2014-11-18 15:00:00.000,2014,11,18,15,25006KT,19,06
2014-11-18 16:00:00.000,2014,11,18,16,06004KT,20,07
2014-11-18 17:00:00.000,2014,11,18,17,32004KT,20,07
2014-11-18 18:00:00.000,2014,11,18,18,23007KT,19,10
2014-11-18 19:00:00.000,2014,11,18,19,VRB02KT,18,11
2014-11-18 19:30:00.000,2014,11,18,19,27014KT,18,12
2014-11-18 20:00:00.000,2014,11,18,20,25008KT,18,12
2014-11-18 20:30:00.000,2014,11,18,20,35018KT,15,12
2014-11-18 21:00:00.000,2014,11,18,21,32008KT,14,13
2014-11-18 21:20:00.000,2014,11,18,21,31004KT,13,11
2014-11-18 22:00:00.000,2014,11,18,22,31004KT,14,12
2014-11-18 23:00:00.000,2014,11,18,23,32005KT,14,12
2014-11-19 00:00:00.000,2014,11,19,0,35005KT,14,11
2014-11-19 01:00:00.000,2014,11,19,1,14006KT,14,11
2014-11-19 02:00:00.000,2014,11,19,2,VRB02KT,13,11
2014-11-19 03:00:00.000,2014,11,19,3,VRB02KT,13,11
2014-11-19 04:00:00.000,2014,11,19,4,18006KT,13,10
2014-11-19 05:00:00.000,2014,11,19,5,05003KT,12,11
2014-11-19 06:00:00.000,2014,11,19,6,VRB02KT,12,11
2014-11-19 07:00:00.000,2014,11,19,7,00000KT,11,10
2014-11-19 08:00:00.000,2014,11,19,8,06003KT,12,10
2014-11-19 09:00:00.000,2014,11,19,9,04005KT,11,10
2014-11-19 10:00:00.000,2014,11,19,10,03005KT,12,10
2014-11-19 10:30:00.000,2014,11,19,10,02003KT,12,10
2014-11-19 11:00:00.000,2014,11,19,11,07003KT,12,10
2014-11-19 12:00:00.000,2014,11,19,12,VRB02KT,11,10
2014-11-19 13:00:00.000,2014,11,19,13,VRB02KT,14,10
2014-11-19 14:00:00.000,2014,11,19,14,VRB02KT,15,10
2014-11-19 15:00:00.000,2014,11,19,15,31006KT,17,11
2014-11-19 16:00:00.000,2014,11,19,16,24005KT,18,10
2014-11-19 17:00:00.000,2014,11,19,17,29008KT,18,11
2014-11-19 18:00:00.000,2014,11,19,18,28006KT,18,10
2014-11-19 18:45:00.000,2014,11,19,18,28012KT,17,11
2014-11-19 19:00:00.000,2014,11,19,19,28010KT,16,11
2014-11-19 19:15:00.000,2014,11,19,19,28012KT,15,12
2014-11-19 20:20:00.000,2014,11,19,20,25006KT,15,13
2014-11-19 21:00:00.000,2014,11,19,21,22004KT,15,12
2014-11-19 22:00:00.000,2014,11,19,22,24004KT,14,11
2014-11-19 23:00:00.000,2014,11,19,23,VRB02KT,14,11
2014-11-20 00:00:00.000,2014,11,20,0,VRB02KT,14,12
2014-11-20 01:00:00.000,2014,11,20,1,VRB02KT,12,11
2014-11-20 02:00:00.000,2014,11,20,2,32003KT,12,10
2014-11-20 03:00:00.000,2014,11,20,3,01003KT,12,10
2014-11-20 04:00:00.000,2014,11,20,4,01003KT,11,10
2014-11-20 05:00:00.000,2014,11,20,5,VRB02KT,11,10
2014-11-20 06:00:00.000,2014,11,20,6,36003KT,11,10
2014-11-20 07:00:00.000,2014,11,20,7,VRB02KT,10,09
2014-11-20 08:00:00.000,2014,11,20,8,VRB02KT,10,09
2014-11-20 09:00:00.000,2014,11,20,9,00000KT,09,08
2014-11-20 10:00:00.000,2014,11,20,10,VRB02KT,07,06
2014-11-20 10:30:00.000,2014,11,20,10,VRB02KT,06,06
2014-11-20 11:00:00.000,2014,11,20,11,35003KT,06,06
2014-11-20 11:30:00.000,2014,11,20,11,VRB02KT,07,07
2014-11-20 12:00:00.000,2014,11,20,12,VRB02KT,10,09
2014-11-20 13:00:00.000,2014,11,20,13,VRB02KT,12,11
2014-11-20 14:00:00.000,2014,11,20,14,29003KT,15,10
2014-11-20 15:00:00.000,2014,11,20,15,32004KT,17,10
2014-11-20 16:00:00.000,2014,11,20,16,34003KT,18,09
2014-11-20 21:00:00.000,2014,11,20,21,14010KT,14,10
2014-11-20 21:40:00.000,2014,11,20,21,15006KT,14,11
2014-11-20 22:00:00.000,2014,11,20,22,13003KT,14,11
2014-11-20 23:00:00.000,2014,11,20,23,VRB02KT,13,10
2014-11-21 00:00:00.000,2014,11,21,0,VRB02KT,13,11
2014-11-21 01:00:00.000,2014,11,21,1,VRB02KT,13,11
2014-11-21 02:00:00.000,2014,11,21,2,VRB02KT,12,11
2014-11-21 03:00:00.000,2014,11,21,3,VRB02KT,12,11
2014-11-21 04:00:00.000,2014,11,21,4,VRB02KT,12,11
2014-11-21 05:00:00.000,2014,11,21,5,VRB02KT,12,11
2014-11-21 06:00:00.000,2014,11,21,6,32004KT,12,11
2014-11-21 07:00:00.000,2014,11,21,7,VRB02KT,12,11
2014-11-21 08:00:00.000,2014,11,21,8,VRB02KT,12,11
2014-11-21 09:00:00.000,2014,11,21,9,VRB02KT,13,11
2014-11-21 10:00:00.000,2014,11,21,10,VRB02KT,12,11
2014-11-21 10:30:00.000,2014,11,21,10,VRB02KT,12,11
2014-11-21 11:00:00.000,2014,11,21,11,VRB02KT,12,11
2014-11-21 12:00:00.000,2014,11,21,12,VRB02KT,13,11
2014-11-21 13:00:00.000,2014,11,21,13,02004KT,14,12
2014-11-21 14:00:00.000,2014,11,21,14,03003KT,16,10
2014-11-21 15:00:00.000,2014,11,21,15,34003KT,18,10
2014-11-21 16:00:00.000,2014,11,21,16,02006KT,19,09
2014-11-21 17:00:00.000,2014,11,21,17,26010KT,18,12
2014-11-21 17:27:00.000,2014,11,21,17,23010KT,16,13
2014-11-21 17:41:00.000,2014,11,21,17,28010KT,16,13
2014-11-21 18:00:00.000,2014,11,21,18,28012KT,16,13
2014-11-21 19:00:00.000,2014,11,21,19,32012KT,16,13
2014-11-21 20:00:00.000,2014,11,21,20,02006KT,15,12
2014-11-21 21:00:00.000,2014,11,21,21,13004KT,15,12
2014-11-21 22:00:00.000,2014,11,21,22,02003KT,14,10
2014-11-21 23:00:00.000,2014,11,21,23,VRB02KT,14,10
2014-11-22 00:00:00.000,2014,11,22,0,23007KT,14,11
2014-11-22 01:00:00.000,2014,11,22,1,35003KT,12,11
2014-11-22 02:00:00.000,2014,11,22,2,03004KT,11,09
2014-11-22 03:00:00.000,2014,11,22,3,VRB02KT,11,11
2014-11-22 04:00:00.000,2014,11,22,4,10003KT,12,11
2014-11-22 05:00:00.000,2014,11,22,5,01003KT,11,10
2014-11-22 06:00:00.000,2014,11,22,6,VRB02KT,11,10
2014-11-22 07:00:00.000,2014,11,22,7,04003KT,10,09
2014-11-22 08:00:00.000,2014,11,22,8,05003KT,09,09
2014-11-22 09:00:00.000,2014,11,22,9,04003KT,08,07
2014-11-22 09:30:00.000,2014,11,22,9,00000KT,08,08
2014-11-22 10:00:00.000,2014,11,22,10,VRB02KT,09,08
2014-11-22 10:30:00.000,2014,11,22,10,28003KT,09,08
2014-11-22 11:00:00.000,2014,11,22,11,VRB02KT,09,09
2014-11-22 11:15:00.000,2014,11,22,11,VRB02KT,09,09
2014-11-22 11:24:00.000,2014,11,22,11,VRB02KT,09,09
2014-11-22 12:00:00.000,2014,11,22,12,36003KT,10,09
2014-11-22 12:05:00.000,2014,11,22,12,35003KT,10,09
2014-11-22 12:15:00.000,2014,11,22,12,04003KT,10,09
2014-11-22 12:22:00.000,2014,11,22,12,04003KT,10,09
2014-11-22 12:32:00.000,2014,11,22,12,VRB02KT,10,10
2014-11-22 13:00:00.000,2014,11,22,13,02003KT,12,11
2014-11-22 13:23:00.000,2014,11,22,13,VRB02KT,12,11
2014-11-22 14:00:00.000,2014,11,22,14,30004KT,14,11
2014-11-22 15:00:00.000,2014,11,22,15,35003KT,17,12
2014-11-22 16:00:00.000,2014,11,22,16,25005KT,18,09
2014-11-22 17:00:00.000,2014,11,22,17,26004KT,20,09
2014-11-22 18:00:00.000,2014,11,22,18,32008KT,19,09
2014-11-22 18:14:00.000,2014,11,22,18,25012KT,19,11
2014-11-22 19:00:00.000,2014,11,22,19,28016KT,18,10
2014-11-22 19:25:00.000,2014,11,22,19,27008KT,17,11
2014-11-22 19:36:00.000,2014,11,22,19,12006KT,15,11
2014-11-22 20:00:00.000,2014,11,22,20,13008KT,15,11
2014-11-22 20:45:00.000,2014,11,22,20,36003KT,13,11
2014-11-22 21:00:00.000,2014,11,22,21,33004KT,13,12
2014-11-22 21:15:00.000,2014,11,22,21,04003KT,14,12
2014-11-22 22:00:00.000,2014,11,22,22,04003KT,14,12
2014-11-22 23:00:00.000,2014,11,22,23,02003KT,12,11
2014-11-23 00:00:00.000,2014,11,23,0,VRB02KT,12,11
2014-11-23 01:00:00.000,2014,11,23,1,03005KT,12,10
2014-11-23 02:00:00.000,2014,11,23,2,01005KT,13,11
2014-11-23 03:00:00.000,2014,11,23,3,04005KT,13,11
2014-11-23 04:00:00.000,2014,11,23,4,06005KT,13,11
2014-11-23 05:00:00.000,2014,11,23,5,04004KT,13,11
2014-11-23 06:00:00.000,2014,11,23,6,04004KT,13,11
2014-11-23 07:00:00.000,2014,11,23,7,03006KT,12,10
2014-11-23 08:00:00.000,2014,11,23,8,04006KT,11,09
2014-11-23 09:00:00.000,2014,11,23,9,05004KT,10,09
2014-11-23 10:00:00.000,2014,11,23,10,05004KT,09,08
2014-11-23 10:30:00.000,2014,11,23,10,08004KT,10,09
2014-11-23 11:00:00.000,2014,11,23,11,08004KT,10,09
2014-11-23 12:00:00.000,2014,11,23,12,05006KT,12,10
2014-11-23 13:00:00.000,2014,11,23,13,04006KT,14,09
2014-11-23 14:00:00.000,2014,11,23,14,06006KT,17,10
2014-11-23 15:00:00.000,2014,11,23,15,09006KT,19,08
2014-11-23 16:00:00.000,2014,11,23,16,10008KT,20,08
2014-11-23 16:18:00.000,2014,11,23,16,11010KT,20,08
2014-11-23 17:00:00.000,2014,11,23,17,14008KT,20,09
2014-11-23 18:00:00.000,2014,11,23,18,14015KT,21,10
2014-11-23 19:00:00.000,2014,11,23,19,15013KT,21,08
2014-11-23 20:00:00.000,2014,11,23,20,14012KT,20,09
2014-11-23 21:00:00.000,2014,11,23,21,13009KT,20,09
2014-11-23 22:00:00.000,2014,11,23,22,10006KT,19,09
2014-11-23 23:00:00.000,2014,11,23,23,09006KT,17,09
2014-11-24 00:00:00.000,2014,11,24,0,09004KT,16,08
2014-11-24 01:00:00.000,2014,11,24,1,06005KT,13,08
2014-11-24 02:00:00.000,2014,11,24,2,02003KT,12,08
2014-11-24 03:00:00.000,2014,11,24,3,03006KT,11,08
2014-11-24 04:00:00.000,2014,11,24,4,04003KT,11,08
2014-11-24 05:00:00.000,2014,11,24,5,VRB02KT,12,09
2014-11-24 06:00:00.000,2014,11,24,6,VRB02KT,13,09
2014-11-24 07:00:00.000,2014,11,24,7,04005KT,12,10
2014-11-24 08:00:00.000,2014,11,24,8,05004KT,11,09
2014-11-24 09:00:00.000,2014,11,24,9,03004KT,11,10
2014-11-24 10:00:00.000,2014,11,24,10,04005KT,12,10
2014-11-24 10:30:00.000,2014,11,24,10,06004KT,12,10
2014-11-24 11:00:00.000,2014,11,24,11,04006KT,12,10
2014-11-24 12:00:00.000,2014,11,24,12,06005KT,13,10
2014-11-24 13:00:00.000,2014,11,24,13,06008KT,15,10
2014-11-24 14:00:00.000,2014,11,24,14,06010KT,16,09
2014-11-24 15:00:00.000,2014,11,24,15,06008KT,18,09
2014-11-24 16:00:00.000,2014,11,24,16,10005KT,18,07
2014-11-24 17:00:00.000,2014,11,24,17,06005KT,18,09
2014-11-24 18:00:00.000,2014,11,24,18,07006KT,19,08
2014-11-24 19:00:00.000,2014,11,24,19,05010KT,18,09
2014-11-24 20:00:00.000,2014,11,24,20,09005KT,19,08
2014-11-24 21:00:00.000,2014,11,24,21,03006KT,19,09
2014-11-24 22:00:00.000,2014,11,24,22,08004KT,18,08
2014-11-24 23:00:00.000,2014,11,24,23,04005KT,16,09
2014-11-25 00:00:00.000,2014,11,25,0,03006KT,15,10
2014-11-25 01:00:00.000,2014,11,25,1,05004KT,14,09
2014-11-25 02:00:00.000,2014,11,25,2,05004KT,12,09
2014-11-25 03:00:00.000,2014,11,25,3,VRB02KT,11,09
2014-11-25 04:00:00.000,2014,11,25,4,VRB02KT,10,09
2014-11-25 05:00:00.000,2014,11,25,5,05006KT,10,08
2014-11-25 06:00:00.000,2014,11,25,6,05006KT,10,09
2014-11-25 07:00:00.000,2014,11,25,7,05005KT,10,08
2014-11-25 08:00:00.000,2014,11,25,8,03006KT,09,08
2014-11-25 09:00:00.000,2014,11,25,9,05004KT,10,09
2014-11-25 10:00:00.000,2014,11,25,10,05006KT,10,09
2014-11-25 10:30:00.000,2014,11,25,10,07005KT,09,08
2014-11-25 11:00:00.000,2014,11,25,11,08004KT,10,09
2014-11-25 12:00:00.000,2014,11,25,12,04003KT,12,10
2014-11-25 13:00:00.000,2014,11,25,13,02005KT,14,10
2014-11-25 14:00:00.000,2014,11,25,14,04006KT,15,09
2014-11-25 15:00:00.000,2014,11,25,15,06008KT,16,09
2014-11-25 16:00:00.000,2014,11,25,16,09007KT,17,08
2014-11-25 17:00:00.000,2014,11,25,17,09007KT,18,08
2014-11-25 18:00:00.000,2014,11,25,18,09008KT,18,07
2014-11-25 19:00:00.000,2014,11,25,19,06006KT,18,08
2014-11-25 20:00:00.000,2014,11,25,20,07008KT,17,07
2014-11-25 21:00:00.000,2014,11,25,21,08007KT,18,08
2014-11-25 22:00:00.000,2014,11,25,22,09005KT,17,07
2014-11-25 23:00:00.000,2014,11,25,23,04004KT,14,08
2014-11-26 00:00:00.000,2014,11,26,0,VRB02KT,14,08
2014-11-26 01:00:00.000,2014,11,26,1,VRB02KT,13,08
2014-11-26 02:00:00.000,2014,11,26,2,VRB02KT,12,09
2014-11-26 03:00:00.000,2014,11,26,3,02004KT,11,08
2014-11-26 04:00:00.000,2014,11,26,4,36004KT,09,07
2014-11-26 05:00:00.000,2014,11,26,5,VRB02KT,09,08
2014-11-26 06:00:00.000,2014,11,26,6,VRB02KT,07,06
2014-11-26 07:00:00.000,2014,11,26,7,VRB02KT,09,08
2014-11-26 08:00:00.000,2014,11,26,8,34003KT,07,06
2014-11-26 09:00:00.000,2014,11,26,9,03003KT,08,07
2014-11-26 10:00:00.000,2014,11,26,10,03003KT,08,08
2014-11-26 11:00:00.000,2014,11,26,11,31003KT,08,07
2014-11-26 12:00:00.000,2014,11,26,12,35004KT,08,08
2014-11-26 13:00:00.000,2014,11,26,13,02003KT,12,11
2014-11-26 14:00:00.000,2014,11,26,14,04005KT,15,09
2014-11-26 15:00:00.000,2014,11,26,15,09004KT,18,09
2014-11-26 16:00:00.000,2014,11,26,16,09004KT,18,09
2014-11-26 17:00:00.000,2014,11,26,17,31005KT,19,09
2014-11-26 17:40:00.000,2014,11,26,17,34012KT,18,11
2014-11-26 18:00:00.000,2014,11,26,18,36012KT,17,12
2014-11-26 19:00:00.000,2014,11,26,19,22008KT,15,12
2014-11-26 20:00:00.000,2014,11,26,20,25008KT,18,12
2014-11-26 20:15:00.000,2014,11,26,20,32010KT,17,12
2014-11-26 21:00:00.000,2014,11,26,21,29012KT,16,12
2014-11-26 21:40:00.000,2014,11,26,21,31008KT,15,12
2014-11-26 22:00:00.000,2014,11,26,22,31010KT,14,12
2014-11-26 23:00:00.000,2014,11,26,23,31008KT,14,12
2014-11-27 00:00:00.000,2014,11,27,0,30009KT,13,11
2014-11-27 01:00:00.000,2014,11,27,1,30004KT,13,10
2014-11-27 02:00:00.000,2014,11,27,2,24006KT,14,10
2014-11-27 03:00:00.000,2014,11,27,3,VRB02KT,13,11
2014-11-27 04:00:00.000,2014,11,27,4,VRB02KT,12,11
2014-11-27 05:00:00.000,2014,11,27,5,VRB02KT,11,10
2014-11-27 06:00:00.000,2014,11,27,6,00000KT,12,10
2014-11-27 07:00:00.000,2014,11,27,7,00000KT,11,10
2014-11-27 08:00:00.000,2014,11,27,8,VRB02KT,10,09
2014-11-27 09:00:00.000,2014,11,27,9,VRB02KT,09,08
2014-11-27 10:00:00.000,2014,11,27,10,03003KT,07,07
2014-11-27 10:30:00.000,2014,11,27,10,00000KT,09,08
2014-11-27 11:00:00.000,2014,11,27,11,VRB02KT,09,08
2014-11-27 11:35:00.000,2014,11,27,11,00000KT,08,07
2014-11-27 12:00:00.000,2014,11,27,12,VRB02KT,10,09
2014-11-27 12:00:00.000,2014,11,27,12,VRB02KT,13,12
2014-11-27 13:00:00.000,2014,11,27,13,VRB02KT,14,13
2014-11-27 14:00:00.000,2014,11,27,14,04004KT,15,10
2014-11-27 15:00:00.000,2014,11,27,15,VRB02KT,18,09
2014-11-27 16:00:00.000,2014,11,27,16,36004KT,18,09
2014-11-27 17:00:00.000,2014,11,27,17,23011KT,16,12
2014-11-27 18:00:00.000,2014,11,27,18,29010KT,18,12
2014-11-27 19:00:00.000,2014,11,27,19,31010KT,17,12
2014-11-27 20:00:00.000,2014,11,27,20,11008KT,16,12
2014-11-27 20:20:00.000,2014,11,27,20,32008KT,13,10
2014-11-27 21:00:00.000,2014,11,27,21,VRB02KT,14,11
2014-11-27 22:00:00.000,2014,11,27,22,VRB02KT,16,12
2014-11-27 23:00:00.000,2014,11,27,23,31004KT,14,12
2014-11-28 00:00:00.000,2014,11,28,0,VRB02KT,14,12
2014-11-28 01:00:00.000,2014,11,28,1,VRB02KT,11,10
2014-11-28 02:00:00.000,2014,11,28,2,VRB02KT,11,10
2014-11-28 03:00:00.000,2014,11,28,3,03003KT,09,09
2014-11-28 04:00:00.000,2014,11,28,4,05005KT,09,08
2014-11-28 05:00:00.000,2014,11,28,5,VRB02KT,09,09
2014-11-28 06:00:00.000,2014,11,28,6,05004KT,10,09
2014-11-28 07:00:00.000,2014,11,28,7,08003KT,09,08
2014-11-28 08:00:00.000,2014,11,28,8,04005KT,08,08
2014-11-28 09:00:00.000,2014,11,28,9,VRB02KT,08,08
2014-11-28 10:00:00.000,2014,11,28,10,05004KT,07,06
2014-11-28 10:30:00.000,2014,11,28,10,VRB02KT,09,08
2014-11-28 11:00:00.000,2014,11,28,11,VRB02KT,09,08
2014-11-28 12:00:00.000,2014,11,28,12,03003KT,10,08
2014-11-28 12:35:00.000,2014,11,28,12,05004KT,13,09
2014-11-28 13:00:00.000,2014,11,28,13,06008KT,14,10
2014-11-28 14:00:00.000,2014,11,28,14,06008KT,15,08
2014-11-28 15:00:00.000,2014,11,28,15,03009KT,17,09
2014-11-28 16:00:00.000,2014,11,28,16,07010KT,20,08
2014-11-28 17:00:00.000,2014,11,28,17,11010KT,20,07
2014-11-28 18:00:00.000,2014,11,28,18,14012KT,21,07
2014-11-28 19:00:00.000,2014,11,28,19,15012KT,20,07
2014-11-28 20:00:00.000,2014,11,28,20,16004KT,19,07
2014-11-28 21:00:00.000,2014,11,28,21,VRB02KT,18,09
2014-11-28 22:00:00.000,2014,11,28,22,33005KT,17,11
2014-11-28 23:00:00.000,2014,11,28,23,28003KT,15,11
2014-11-29 00:00:00.000,2014,11,29,0,25003KT,14,11
2014-11-29 01:00:00.000,2014,11,29,1,00000KT,11,10
2014-11-29 02:00:00.000,2014,11,29,2,VRB02KT,11,10
2014-11-29 03:00:00.000,2014,11,29,3,36003KT,10,10
2014-11-29 04:00:00.000,2014,11,29,4,VRB02KT,09,09
2014-11-29 05:00:00.000,2014,11,29,5,03004KT,09,08
2014-11-29 06:00:00.000,2014,11,29,6,03005KT,09,08
2014-11-29 07:00:00.000,2014,11,29,7,06006KT,09,08
2014-11-29 08:00:00.000,2014,11,29,8,05004KT,09,08
2014-11-29 09:00:00.000,2014,11,29,9,07005KT,09,09
2014-11-29 10:00:00.000,2014,11,29,10,04005KT,08,07
2014-11-29 10:30:00.000,2014,11,29,10,07003KT,09,08
2014-11-29 11:00:00.000,2014,11,29,11,VRB02KT,10,09
2014-11-29 12:00:00.000,2014,11,29,12,06004KT,11,10
2014-11-29 13:00:00.000,2014,11,29,13,07006KT,15,09
2014-11-29 14:00:00.000,2014,11,29,14,12008KT,17,08
2014-11-29 15:00:00.000,2014,11,29,15,12010KT,19,07
2014-11-29 16:00:00.000,2014,11,29,16,10010KT,19,07
2014-11-29 17:00:00.000,2014,11,29,17,11012KT,19,08
2014-11-29 18:00:00.000,2014,11,29,18,10008KT,19,07
2014-11-29 19:00:00.000,2014,11,29,19,08005KT,19,08
2014-11-29 20:00:00.000,2014,11,29,20,13006KT,19,09
2014-11-29 21:00:00.000,2014,11,29,21,VRB02KT,18,08
2014-11-29 22:00:00.000,2014,11,29,22,VRB02KT,17,10
2014-11-29 23:00:00.000,2014,11,29,23,VRB02KT,17,10
2014-11-30 00:00:00.000,2014,11,30,0,07004KT,15,10
2014-11-30 01:00:00.000,2014,11,30,1,04006KT,12,09
2014-11-30 02:00:00.000,2014,11,30,2,09005KT,14,09
2014-11-30 03:00:00.000,2014,11,30,3,07004KT,13,09
2014-11-30 04:00:00.000,2014,11,30,4,VRB02KT,12,10
2014-11-30 05:00:00.000,2014,11,30,5,300500Z,13,10
2014-11-30 06:00:00.000,2014,11,30,6,04004KT,12,10
2014-11-30 08:00:00.000,2014,11,30,8,04009KT,12,10
2014-11-30 09:00:00.000,2014,11,30,9,04006KT,12,10
2014-11-30 10:00:00.000,2014,11,30,10,06007KT,12,11
2014-11-30 10:30:00.000,2014,11,30,10,06009KT,13,10
2014-11-30 11:00:00.000,2014,11,30,11,06009KT,12,10
2014-11-30 12:00:00.000,2014,11,30,12,06010KT,13,10
2014-11-30 13:00:00.000,2014,11,30,13,06010KT,14,10
2014-11-30 14:00:00.000,2014,11,30,14,06010KT,17,11
2014-11-30 15:00:00.000,2014,11,30,15,14014KT,18,09
2014-11-30 16:00:00.000,2014,11,30,16,12010KT,18,08
2014-11-30 17:00:00.000,2014,11,30,17,11008KT,18,09
2014-11-30 18:00:00.000,2014,11,30,18,15012KT,19,09
2014-11-30 19:00:00.000,2014,11,30,19,18006KT,19,09
2014-11-30 20:00:00.000,2014,11,30,20,08006KT,18,08
2014-11-30 21:00:00.000,2014,11,30,21,12005KT,18,08
2014-11-30 22:00:00.000,2014,11,30,22,09008KT,17,09
2014-11-30 23:00:00.000,2014,11,30,23,09006KT,16,08
2014-12-01 00:00:00.000,2014,12,1,0,07006KT,15,10
2014-12-01 01:00:00.000,2014,12,1,1,07003KT,14,09
2014-12-01 02:00:00.000,2014,12,1,2,03005KT,13,09
2014-12-01 03:00:00.000,2014,12,1,3,05007KT,12,09
2014-12-01 04:00:00.000,2014,12,1,4,04007KT,11,09
2014-12-01 05:00:00.000,2014,12,1,5,05004KT,11,09
2014-12-01 06:00:00.000,2014,12,1,6,06003KT,11,09
2014-12-01 07:00:00.000,2014,12,1,7,VRB02KT,11,09
2014-12-01 08:00:00.000,2014,12,1,8,04005KT,11,10
2014-12-01 09:00:00.000,2014,12,1,9,04006KT,11,10
2014-12-01 10:00:00.000,2014,12,1,10,04004KT,11,10
2014-12-01 10:30:00.000,2014,12,1,10,00000KT,10,09
2014-12-01 11:00:00.000,2014,12,1,11,VRB02KT,11,10
2014-12-01 12:00:00.000,2014,12,1,12,04005KT,13,10
2014-12-01 13:00:00.000,2014,12,1,13,05006KT,15,10
2014-12-01 14:00:00.000,2014,12,1,14,06010KT,18,09
2014-12-01 15:00:00.000,2014,12,1,15,04012KT,16,09
2014-12-01 16:00:00.000,2014,12,1,16,06010KT,16,10
2014-12-01 16:16:00.000,2014,12,1,16,06007KT,16,10
2014-12-01 17:00:00.000,2014,12,1,17,14010KT,17,10
2014-12-01 18:00:00.000,2014,12,1,18,07011KT,19,06
2014-12-01 19:00:00.000,2014,12,1,19,08012KT,18,07
2014-12-01 20:00:00.000,2014,12,1,20,04012KT,19,08
2014-12-01 21:00:00.000,2014,12,1,21,06013KT,18,07
2014-12-01 22:00:00.000,2014,12,1,22,10007KT,18,07
2014-12-01 23:00:00.000,2014,12,1,23,09008KT,16,08
2014-12-02 00:00:00.000,2014,12,2,0,07005KT,18,08
2014-12-02 01:00:00.000,2014,12,2,1,06005KT,14,09
2014-12-02 02:00:00.000,2014,12,2,2,07004KT,14,09
2014-12-02 03:00:00.000,2014,12,2,3,05007KT,11,08
2014-12-02 04:00:00.000,2014,12,2,4,07006KT,11,08
2014-12-02 05:00:00.000,2014,12,2,5,06007KT,11,07
2014-12-02 06:00:00.000,2014,12,2,6,04007KT,10,07
2014-12-02 07:00:00.000,2014,12,2,7,03009KT,10,08
2014-12-02 08:00:00.000,2014,12,2,8,03006KT,09,07
2014-12-02 09:00:00.000,2014,12,2,9,05006KT,09,07
2014-12-02 10:00:00.000,2014,12,2,10,07005KT,09,07
2014-12-02 10:30:00.000,2014,12,2,10,06004KT,09,07
2014-12-02 11:00:00.000,2014,12,2,11,06005KT,10,07
2014-12-02 12:00:00.000,2014,12,2,12,11004KT,12,08
2014-12-02 13:00:00.000,2014,12,2,13,06006KT,14,10
2014-12-02 14:00:00.000,2014,12,2,14,09006KT,16,08
2014-12-02 15:00:00.000,2014,12,2,15,14012KT,16,08
2014-12-02 16:00:00.000,2014,12,2,16,12010KT,17,08
2014-12-02 17:00:00.000,2014,12,2,17,14012KT,18,08
2014-12-02 18:00:00.000,2014,12,2,18,13009KT,18,07
2014-12-02 19:00:00.000,2014,12,2,19,09010KT,18,07
2014-12-02 20:00:00.000,2014,12,2,20,13013KT,19,07
2014-12-02 21:00:00.000,2014,12,2,21,14016KT,17,07
2014-12-02 22:00:00.000,2014,12,2,22,13008KT,17,07
2014-12-02 23:00:00.000,2014,12,2,23,10007KT,16,08
2014-12-03 00:00:00.000,2014,12,3,0,12006KT,15,08
2014-12-03 01:00:00.000,2014,12,3,1,VRB02KT,15,09
2014-12-03 02:00:00.000,2014,12,3,2,08004KT,14,09
2014-12-03 03:00:00.000,2014,12,3,3,VRB02KT,15,09
2014-12-03 04:00:00.000,2014,12,3,4,05006KT,12,09
2014-12-03 05:00:00.000,2014,12,3,5,06004KT,11,09
2014-12-03 06:00:00.000,2014,12,3,6,VRB02KT,10,09
2014-12-03 07:00:00.000,2014,12,3,7,VRB02KT,10,09
2014-12-03 08:00:00.000,2014,12,3,8,VRB02KT,10,08
2014-12-03 09:00:00.000,2014,12,3,9,04005KT,09,07
2014-12-03 10:00:00.000,2014,12,3,10,06004KT,09,07
2014-12-03 10:30:00.000,2014,12,3,10,06004KT,09,07
2014-12-03 11:00:00.000,2014,12,3,11,VRB02KT,08,07
2014-12-03 12:00:00.000,2014,12,3,12,06004KT,12,07
2014-12-03 12:35:00.000,2014,12,3,12,12006KT,15,06
2014-12-03 13:00:00.000,2014,12,3,13,13010KT,15,06
2014-12-03 14:00:00.000,2014,12,3,14,07004KT,16,06
2014-12-03 15:00:00.000,2014,12,3,15,13005KT,16,06
2014-12-03 16:00:00.000,2014,12,3,16,13004KT,17,06
2014-12-03 17:00:00.000,2014,12,3,17,13006KT,18,06
2014-12-03 18:00:00.000,2014,12,3,18,14012KT,19,06
2014-12-03 19:00:00.000,2014,12,3,19,13008KT,18,06
2014-12-03 20:00:00.000,2014,12,3,20,13009KT,18,06
2014-12-03 21:00:00.000,2014,12,3,21,18008KT,19,06
2014-12-03 22:00:00.000,2014,12,3,22,08008KT,17,07
2014-12-03 23:00:00.000,2014,12,3,23,20006KT,16,07
2014-12-04 00:00:00.000,2014,12,4,0,31005KT,13,08
2014-12-04 01:00:00.000,2014,12,4,1,VRB02KT,12,08
2014-12-04 02:00:00.000,2014,12,4,2,03005KT,12,08
2014-12-04 03:00:00.000,2014,12,4,3,02004KT,11,08
2014-12-04 04:00:00.000,2014,12,4,4,VRB02KT,09,07
2014-12-04 05:00:00.000,2014,12,4,5,34003KT,07,06
2014-12-04 06:00:00.000,2014,12,4,6,08003KT,07,06
2014-12-04 08:00:00.000,2014,12,4,8,VRB02KT,04,04
2014-12-04 09:00:00.000,2014,12,4,9,VRB02KT,04,04
2014-12-04 10:00:00.000,2014,12,4,10,34003KT,05,05
2014-12-04 10:30:00.000,2014,12,4,10,03003KT,03,03
2014-12-04 11:00:00.000,2014,12,4,11,02004KT,03,03
2014-12-04 12:00:00.000,2014,12,4,12,VRB02KT,06,06
2014-12-04 13:00:00.000,2014,12,4,13,05005KT,11,09
2014-12-04 14:00:00.000,2014,12,4,14,05004KT,14,08
2014-12-04 15:00:00.000,2014,12,4,15,06004KT,17,07
2014-12-04 16:00:00.000,2014,12,4,16,20004KT,19,07
2014-12-04 17:00:00.000,2014,12,4,17,VRB02KT,19,06
2014-12-04 18:00:00.000,2014,12,4,18,VRB02KT,20,07
2014-12-04 19:00:00.000,2014,12,4,19,05004KT,20,07
2014-12-04 20:00:00.000,2014,12,4,20,02006KT,21,06
2014-12-04 21:00:00.000,2014,12,4,21,27007KT,18,12
2014-12-04 22:00:00.000,2014,12,4,22,28009KT,18,11
2014-12-04 22:30:00.000,2014,12,4,22,14005KT,16,11
2014-12-04 23:00:00.000,2014,12,4,23,19010KT,15,12
2014-12-05 00:00:00.000,2014,12,5,0,25004KT,15,13
2014-12-05 01:00:00.000,2014,12,5,1,VRB02KT,13,11
2014-12-05 02:00:00.000,2014,12,5,2,VRB02KT,12,11
2014-12-05 03:00:00.000,2014,12,5,3,03005KT,13,10
2014-12-05 05:00:00.000,2014,12,5,5,VRB02KT,11,09
2014-12-05 06:00:00.000,2014,12,5,6,VRB02KT,11,09
2014-12-05 07:00:00.000,2014,12,5,7,VRB02KT,10,08
2014-12-05 08:00:00.000,2014,12,5,8,VRB02KT,09,07
2014-12-05 09:00:00.000,2014,12,5,9,VRB02KT,11,10
2014-12-05 10:00:00.000,2014,12,5,10,04003KT,10,09
2014-12-05 11:00:00.000,2014,12,5,11,32004KT,11,09
2014-12-05 12:00:00.000,2014,12,5,12,03004KT,10,09
2014-12-05 13:00:00.000,2014,12,5,13,05005KT,13,10
2014-12-05 14:00:00.000,2014,12,5,14,04004KT,15,09
2014-12-05 15:00:00.000,2014,12,5,15,07004KT,17,08
2014-12-05 16:00:00.000,2014,12,5,16,33004KT,18,07
2014-12-05 17:00:00.000,2014,12,5,17,VRB02KT,19,08
2014-12-05 18:00:00.000,2014,12,5,18,31010KT,19,08
2014-12-05 19:00:00.000,2014,12,5,19,26012KT,16,11
2014-12-05 19:00:00.000,2014,12,5,19,26012KT,16,11
2014-12-05 20:00:00.000,2014,12,5,20,26006KT,16,11
2014-12-05 20:00:00.000,2014,12,5,20,26006KT,16,11
2014-12-05 21:00:00.000,2014,12,5,21,23004KT,17,11
2014-12-05 21:00:00.000,2014,12,5,21,23004KT,17,11
2014-12-05 22:00:00.000,2014,12,5,22,26004KT,18,10
2014-12-05 22:00:00.000,2014,12,5,22,26004KT,18,10
2014-12-05 23:00:00.000,2014,12,5,23,23004KT,16,11
2014-12-05 23:00:00.000,2014,12,5,23,23004KT,16,11
2014-12-06 00:00:00.000,2014,12,6,0,25004KT,14,12
2014-12-06 01:00:00.000,2014,12,6,1,26004KT,14,11
2014-12-06 02:00:00.000,2014,12,6,2,VRB02KT,13,11
2014-12-06 03:00:00.000,2014,12,6,3,23004KT,14,11
2014-12-06 04:00:00.000,2014,12,6,4,33004KT,13,11
2014-12-06 05:00:00.000,2014,12,6,5,28004KT,13,11
2014-12-06 06:00:00.000,2014,12,6,6,33003KT,13,11
2014-12-06 07:00:00.000,2014,12,6,7,VRB02KT,12,11
2014-12-06 08:00:00.000,2014,12,6,8,VRB02KT,12,11
2014-12-06 09:00:00.000,2014,12,6,9,VRB02KT,12,10
2014-12-06 10:00:00.000,2014,12,6,10,VRB02KT,11,09
2014-12-06 10:30:00.000,2014,12,6,10,VRB02KT,11,10
2014-12-06 11:00:00.000,2014,12,6,11,VRB02KT,12,10
2014-12-06 12:00:00.000,2014,12,6,12,VRB02KT,10,09
2014-12-06 13:00:00.000,2014,12,6,13,33003KT,12,11
2014-12-06 14:00:00.000,2014,12,6,14,35003KT,15,11
2014-12-06 15:00:00.000,2014,12,6,15,31003KT,17,10
2014-12-06 16:00:00.000,2014,12,6,16,15003KT,17,09
2014-12-06 17:00:00.000,2014,12,6,17,25008KT,17,10
2014-12-06 17:27:00.000,2014,12,6,17,27010KT,17,11
2014-12-06 18:00:00.000,2014,12,6,18,27010KT,16,11
2014-12-06 19:00:00.000,2014,12,6,19,30008KT,16,11
2014-12-06 19:40:00.000,2014,12,6,19,24006KT,16,12
2014-12-06 20:00:00.000,2014,12,6,20,16008KT,15,12
2014-12-06 21:00:00.000,2014,12,6,21,24006KT,14,11
2014-12-06 21:30:00.000,2014,12,6,21,35004KT,14,12
2014-12-06 22:00:00.000,2014,12,6,22,32004KT,13,12
2014-12-06 23:00:00.000,2014,12,6,23,01004KT,13,12
2014-12-07 00:00:00.000,2014,12,7,0,VRB02KT,13,12
2014-12-07 01:00:00.000,2014,12,7,1,VRB02KT,13,12
2014-12-07 02:00:00.000,2014,12,7,2,VRB02KT,13,12
2014-12-07 03:00:00.000,2014,12,7,3,VRB02KT,12,11
2014-12-07 04:00:00.000,2014,12,7,4,VRB02KT,11,10
2014-12-07 05:00:00.000,2014,12,7,5,VRB02KT,11,10
2014-12-07 06:00:00.000,2014,12,7,6,VRB02KT,10,09
2014-12-07 06:10:00.000,2014,12,7,6,VRB02KT,10,10
2014-12-07 06:15:00.000,2014,12,7,6,VRB02KT,10,10
2014-12-07 06:30:00.000,2014,12,7,6,VRB02KT,09,09
2014-12-07 07:00:00.000,2014,12,7,7,VRB02KT,09,09
2014-12-07 07:30:00.000,2014,12,7,7,VRB02KT,09,09
2014-12-07 08:00:00.000,2014,12,7,8,VRB02KT,09,09
2014-12-07 08:30:00.000,2014,12,7,8,VRB02KT,09,09
2014-12-07 09:00:00.000,2014,12,7,9,VRB02KT,09,09
2014-12-07 09:15:00.000,2014,12,7,9,VRB02KT,10,09
2014-12-07 10:00:00.000,2014,12,7,10,29003KT,10,10
2014-12-07 10:30:00.000,2014,12,7,10,VRB02KT,10,10
2014-12-07 11:00:00.000,2014,12,7,11,25003KT,10,10
2014-12-07 11:30:00.000,2014,12,7,11,00000KT,10,10
2014-12-07 12:00:00.000,2014,12,7,12,00000KT,10,10
2014-12-07 12:30:00.000,2014,12,7,12,VRB02KT,11,10
2014-12-07 13:00:00.000,2014,12,7,13,01004KT,12,12
2014-12-07 14:00:00.000,2014,12,7,14,02005KT,14,13
2014-12-07 14:00:00.000,2014,12,7,14,02005KT,14,13
2014-12-07 15:00:00.000,2014,12,7,15,VRB02KT,18,11
2014-12-07 16:00:00.000,2014,12,7,16,29007KT,16,11
2014-12-07 16:40:00.000,2014,12,7,16,26005KT,16,11
2014-12-07 17:00:00.000,2014,12,7,17,22008KT,16,11
2014-12-07 18:00:00.000,2014,12,7,18,05006KT,15,12
2014-12-07 19:00:00.000,2014,12,7,19,02005KT,13,11
2014-12-07 20:00:00.000,2014,12,7,20,36003KT,13,10
2014-12-07 21:00:00.000,2014,12,7,21,03003KT,13,11
2014-12-07 22:00:00.000,2014,12,7,22,08003KT,13,12
2014-12-07 23:00:00.000,2014,12,7,23,VRB02KT,13,11
2014-12-08 00:00:00.000,2014,12,8,0,32003KT,12,10
2014-12-08 01:00:00.000,2014,12,8,1,VRB02KT,12,10
2014-12-08 02:00:00.000,2014,12,8,2,VRB02KT,12,10
2014-12-08 03:00:00.000,2014,12,8,3,05005KT,10,09
2014-12-08 04:00:00.000,2014,12,8,4,04004KT,11,10
2014-12-08 05:00:00.000,2014,12,8,5,03004KT,11,11
2014-12-08 06:00:00.000,2014,12,8,6,VRB02KT,11,10
2014-12-08 07:00:00.000,2014,12,8,7,VRB02KT,11,10
2014-12-08 08:00:00.000,2014,12,8,8,VRB02KT,10,09
2014-12-08 09:00:00.000,2014,12,8,9,VRB02KT,09,09
2014-12-08 10:00:00.000,2014,12,8,10,06004KT,10,10
2014-12-08 10:30:00.000,2014,12,8,10,06004KT,10,10
2014-12-08 11:00:00.000,2014,12,8,11,VRB02KT,11,10
2014-12-08 12:00:00.000,2014,12,8,12,03005KT,11,10
2014-12-08 12:25:00.000,2014,12,8,12,06006KT,14,11
2014-12-08 13:00:00.000,2014,12,8,13,07007KT,15,11
2014-12-08 14:00:00.000,2014,12,8,14,14005KT,16,10
2014-12-08 15:00:00.000,2014,12,8,15,14006KT,18,11
2014-12-08 16:00:00.000,2014,12,8,16,06010KT,19,11
2014-12-08 17:00:00.000,2014,12,8,17,03010KT,18,11
2014-12-08 18:00:00.000,2014,12,8,18,06005KT,18,10
2014-12-08 19:00:00.000,2014,12,8,19,19008KT,17,10
2014-12-08 20:00:00.000,2014,12,8,20,11004KT,18,10
2014-12-08 21:00:00.000,2014,12,8,21,01003KT,17,10
2014-12-08 22:00:00.000,2014,12,8,22,10006KT,16,10
2014-12-08 23:00:00.000,2014,12,8,23,VRB02KT,15,10
2014-12-09 00:00:00.000,2014,12,9,0,VRB02KT,15,11
2014-12-09 01:00:00.000,2014,12,9,1,VRB02KT,14,11
2014-12-09 02:00:00.000,2014,12,9,2,25004KT,14,11
2014-12-09 03:00:00.000,2014,12,9,3,VRB02KT,13,11
2014-12-09 04:00:00.000,2014,12,9,4,36003KT,13,11
2014-12-09 05:00:00.000,2014,12,9,5,VRB02KT,12,11
2014-12-09 06:00:00.000,2014,12,9,6,VRB02KT,11,10
2014-12-09 07:00:00.000,2014,12,9,7,05005KT,12,10
2014-12-09 08:00:00.000,2014,12,9,8,06006KT,11,10
2014-12-09 09:00:00.000,2014,12,9,9,05004KT,11,09
2014-12-09 10:00:00.000,2014,12,9,10,07005KT,12,10
2014-12-09 10:30:00.000,2014,12,9,10,05006KT,12,10
2014-12-09 11:00:00.000,2014,12,9,11,05007KT,11,10
2014-12-09 12:00:00.000,2014,12,9,12,04005KT,12,10
2014-12-09 13:00:00.000,2014,12,9,13,VRB02KT,12,11
2014-12-09 14:00:00.000,2014,12,9,14,05003KT,13,11
2014-12-09 15:00:00.000,2014,12,9,15,03003KT,15,10
2014-12-09 16:00:00.000,2014,12,9,16,01003KT,16,10
2014-12-09 17:00:00.000,2014,12,9,17,28004KT,17,11
2014-12-09 17:35:00.000,2014,12,9,17,200012KT,15,12
2014-12-09 18:00:00.000,2014,12,9,18,23006KT,15,12
2014-12-09 18:20:00.000,2014,12,9,18,20006KT,13,12
2014-12-09 19:00:00.000,2014,12,9,19,23006KT,13,11
2014-12-09 19:00:00.000,2014,12,9,19,23006KT,13,11
2014-12-09 19:40:00.000,2014,12,9,19,25004KT,14,12
2014-12-09 20:00:00.000,2014,12,9,20,18006KT,14,11
2014-12-09 20:00:00.000,2014,12,9,20,18006KT,14,11
2014-12-09 21:00:00.000,2014,12,9,21,04006KT,17,12
2014-12-09 22:00:00.000,2014,12,9,22,05006KT,16,11
2014-12-09 23:00:00.000,2014,12,9,23,03005KT,14,11
2014-12-10 00:00:00.000,2014,12,10,0,04003KT,14,11
2014-12-10 01:00:00.000,2014,12,10,1,06005KT,13,11
2014-12-10 02:00:00.000,2014,12,10,2,36003KT,13,11
2014-12-10 03:00:00.000,2014,12,10,3,32004KT,11,10
2014-12-10 04:00:00.000,2014,12,10,4,34003KT,12,11
2014-12-10 04:38:00.000,2014,12,10,4,30004KT,12,11
2014-12-10 05:00:00.000,2014,12,10,5,32005KT,12,11
2014-12-10 06:00:00.000,2014,12,10,6,VRB02KT,12,11
2014-12-10 07:00:00.000,2014,12,10,7,VRB02KT,12,11
2014-12-10 08:00:00.000,2014,12,10,8,02004KT,12,11
2014-12-10 09:00:00.000,2014,12,10,9,VRB02KT,11,11
2014-12-10 10:00:00.000,2014,12,10,10,03003KT,11,10
2014-12-10 10:30:00.000,2014,12,10,10,VRB02KT,10,10
2014-12-10 11:00:00.000,2014,12,10,11,00000KT,10,10
2014-12-10 12:00:00.000,2014,12,10,12,35003KT,11,11
2014-12-10 13:00:00.000,2014,12,10,13,00000KT,13,12
2014-12-10 14:00:00.000,2014,12,10,14,05003KT,14,10
2014-12-10 15:00:00.000,2014,12,10,15,00000KT,15,10
2014-12-10 16:00:00.000,2014,12,10,16,02004KT,15,10
2014-12-10 17:00:00.000,2014,12,10,17,04007KT,16,11
2014-12-10 18:00:00.000,2014,12,10,18,19008KT,15,12
2014-12-10 19:00:00.000,2014,12,10,19,20008KT,17,10
2014-12-10 20:00:00.000,2014,12,10,20,19006KT,18,11
2014-12-10 21:00:00.000,2014,12,10,21,24010KT,16,12
2014-12-10 22:05:00.000,2014,12,10,22,02007KT,13,12
2014-12-10 22:35:00.000,2014,12,10,22,01004KT,12,11
2014-12-10 23:00:00.000,2014,12,10,23,07005KT,12,11
2014-12-11 00:00:00.000,2014,12,11,0,05004KT,12,11
2014-12-11 01:00:00.000,2014,12,11,1,VRB02KT,12,11
2014-12-11 02:00:00.000,2014,12,11,2,04005KT,12,11
2014-12-11 03:00:00.000,2014,12,11,3,14003KT,12,11
2014-12-11 04:00:00.000,2014,12,11,4,06004KT,12,11
2014-12-11 05:00:00.000,2014,12,11,5,00000KT,12,11
2014-12-11 06:00:00.000,2014,12,11,6,33003KT,11,11
2014-12-11 07:00:00.000,2014,12,11,7,VRB02KT,11,11
2014-12-11 08:00:00.000,2014,12,11,8,VRB02KT,11,11
2014-12-11 09:00:00.000,2014,12,11,9,VRB02KT,11,11
2014-12-11 09:30:00.000,2014,12,11,9,VRB02KT,11,11
2014-12-11 10:00:00.000,2014,12,11,10,VRB02KT,11,11
2014-12-11 10:30:00.000,2014,12,11,10,00000KT,11,11
2014-12-11 11:00:00.000,2014,12,11,11,00000KT,11,11
2014-12-11 11:25:00.000,2014,12,11,11,00000KT,11,11
2014-12-11 12:00:00.000,2014,12,11,12,VRB02KT,12,11
2014-12-11 13:00:00.000,2014,12,11,13,00000KT,12,11
2014-12-11 14:00:00.000,2014,12,11,14,VRB02KT,13,11
2014-12-11 15:00:00.000,2014,12,11,15,VRB02KT,15,10
2014-12-11 16:00:00.000,2014,12,11,16,23004KT,15,10
2014-12-11 17:00:00.000,2014,12,11,17,22004KT,15,09
2014-12-11 17:22:00.000,2014,12,11,17,04006KT,13,11
2014-12-11 18:00:00.000,2014,12,11,18,34006KT,13,11
2014-12-11 19:00:00.000,2014,12,11,19,25006KT,15,10
2014-12-11 20:00:00.000,2014,12,11,20,30005KT,16,10
2014-12-11 21:00:00.000,2014,12,11,21,25004KT,16,10
2014-12-11 22:00:00.000,2014,12,11,22,35004KT,16,11
2014-12-11 23:00:00.000,2014,12,11,23,01003KT,14,11
2014-12-12 00:00:00.000,2014,12,12,0,04004KT,14,10
2014-12-12 01:00:00.000,2014,12,12,1,07004KT,14,10
2014-12-12 02:00:00.000,2014,12,12,2,05005KT,14,10
2014-12-12 03:00:00.000,2014,12,12,3,03005KT,12,10
2014-12-12 04:00:00.000,2014,12,12,4,05004KT,12,10
2014-12-12 05:00:00.000,2014,12,12,5,04005KT,12,10
2014-12-12 06:00:00.000,2014,12,12,6,05006KT,12,10
2014-12-12 07:00:00.000,2014,12,12,7,02003KT,11,10
2014-12-12 08:00:00.000,2014,12,12,8,06004KT,11,10
2014-12-12 09:00:00.000,2014,12,12,9,06004KT,11,10
2014-12-12 09:20:00.000,2014,12,12,9,05004KT,11,10
2014-12-12 10:30:00.000,2014,12,12,10,03004KT,11,10
2014-12-12 11:00:00.000,2014,12,12,11,03004KT,11,10
2014-12-12 12:00:00.000,2014,12,12,12,05005KT,11,10
2014-12-12 13:00:00.000,2014,12,12,13,06006KT,13,10
2014-12-12 14:00:00.000,2014,12,12,14,05005KT,14,10
2014-12-12 15:00:00.000,2014,12,12,15,06004KT,15,10
2014-12-12 16:00:00.000,2014,12,12,16,13008KT,18,09
2014-12-12 17:00:00.000,2014,12,12,17,12007KT,18,08
2014-12-12 18:00:00.000,2014,12,12,18,12012KT,18,08
2014-12-12 19:00:00.000,2014,12,12,19,06007KT,18,09
2014-12-12 20:00:00.000,2014,12,12,20,04006KT,18,09
2014-12-12 21:00:00.000,2014,12,12,21,08005KT,18,08
2014-12-12 22:00:00.000,2014,12,12,22,08007KT,18,09
2014-12-12 23:00:00.000,2014,12,12,23,24006KT,16,12
2014-12-13 00:00:00.000,2014,12,13,0,28004KT,14,11
2014-12-13 01:00:00.000,2014,12,13,1,27004KT,14,10
2014-12-13 02:00:00.000,2014,12,13,2,VRB02KT,14,10
2014-12-13 03:00:00.000,2014,12,13,3,VRB02KT,14,10
2014-12-13 04:00:00.000,2014,12,13,4,VRB02KT,13,11
2014-12-13 05:00:00.000,2014,12,13,5,VRB02KT,12,10
2014-12-13 06:00:00.000,2014,12,13,6,03004KT,11,10
2014-12-13 07:00:00.000,2014,12,13,7,VRB02KT,11,09
2014-12-13 08:00:00.000,2014,12,13,8,04003KT,11,09
2014-12-13 09:00:00.000,2014,12,13,9,VRB02KT,10,09
2014-12-13 10:00:00.000,2014,12,13,10,34003KT,08,07
2014-12-13 11:00:00.000,2014,12,13,11,VRB02KT,08,08
2014-12-13 12:00:00.000,2014,12,13,12,VRB02KT,10,10
2014-12-13 13:00:00.000,2014,12,13,13,VRB02KT,15,11
2014-12-13 14:00:00.000,2014,12,13,14,32003KT,16,11
2014-12-13 15:00:00.000,2014,12,13,15,30008KT,16,12
2014-12-13 16:00:00.000,2014,12,13,16,31010KT,18,12
2014-12-13 16:38:00.000,2014,12,13,16,2010KT,16,12
2014-12-13 17:00:00.000,2014,12,13,17,23010KT,16,12
2014-12-13 18:00:00.000,2014,12,13,18,24012KT,17,13
2014-12-13 19:00:00.000,2014,12,13,19,32012KT,16,11
2014-12-13 20:00:00.000,2014,12,13,20,34008KT,15,11
2014-12-13 21:00:00.000,2014,12,13,21,35008KT,14,12
2014-12-13 22:00:00.000,2014,12,13,22,29004KT,14,12
2014-12-13 23:00:00.000,2014,12,13,23,20008KT,13,12
2014-12-14 00:00:00.000,2014,12,14,0,20007KT,13,11
2014-12-14 01:00:00.000,2014,12,14,1,19004KT,12,11
2014-12-14 02:00:00.000,2014,12,14,2,VRB02KT,12,11
2014-12-14 03:00:00.000,2014,12,14,3,VRB02KT,12,11
2014-12-14 04:00:00.000,2014,12,14,4,VRB02KT,12,11
2014-12-14 05:00:00.000,2014,12,14,5,06003KT,11,11
2014-12-14 06:00:00.000,2014,12,14,6,VRB02KT,11,11
2014-12-14 07:00:00.000,2014,12,14,7,VRB02KT,11,11
2014-12-14 08:00:00.000,2014,12,14,8,00000KT,11,11
2014-12-14 09:00:00.000,2014,12,14,9,00000KT,11,10
2014-12-14 10:00:00.000,2014,12,14,10,VRB02KT,11,10
2014-12-14 10:30:00.000,2014,12,14,10,VRB02KT,11,10
2014-12-14 11:00:00.000,2014,12,14,11,VRB02KT,11,10
2014-12-14 12:00:00.000,2014,12,14,12,VRB02KT,12,11
2014-12-14 13:00:00.000,2014,12,14,13,08004KT,15,11
2014-12-14 13:35:00.000,2014,12,14,13,31008KT,16,11
2014-12-14 14:00:00.000,2014,12,14,14,31004KT,17,10
2014-12-14 15:00:00.000,2014,12,14,15,32005KT,17,10
2014-12-14 16:00:00.000,2014,12,14,16,32010KT,18,12
2014-12-14 17:00:00.000,2014,12,14,17,32014KT,18,12
2014-12-14 18:00:00.000,2014,12,14,18,31008KT,18,11
2014-12-14 19:00:00.000,2014,12,14,19,11005KT,16,11
2014-12-14 20:00:00.000,2014,12,14,20,01003KT,13,10
2014-12-14 21:00:00.000,2014,12,14,21,06005KT,13,10
2014-12-14 22:00:00.000,2014,12,14,22,04003KT,13,11
2014-12-14 23:00:00.000,2014,12,14,23,VRB02KT,12,11
2014-12-15 00:00:00.000,2014,12,15,0,VRB02KT,12,11
2014-12-15 01:00:00.000,2014,12,15,1,VRB02KT,10,09
2014-12-15 02:00:00.000,2014,12,15,2,VRB02KT,09,08
2014-12-15 03:00:00.000,2014,12,15,3,VRB02KT,08,08
2014-12-15 04:00:00.000,2014,12,15,4,VRB02KT,07,06
2014-12-15 04:20:00.000,2014,12,15,4,VRB02KT,07,07
2014-12-15 05:00:00.000,2014,12,15,5,VRB02KT,08,08
2014-12-15 06:00:00.000,2014,12,15,6,VRB02KT,7,07
2014-12-15 06:30:00.000,2014,12,15,6,VRB02KT,08,08
2014-12-15 07:00:00.000,2014,12,15,7,VRB02KT,09,08
2014-12-15 07:15:00.000,2014,12,15,7,VRB02KT,09,08
2014-12-15 08:00:00.000,2014,12,15,8,VRB02KT,09,08
2014-12-15 09:00:00.000,2014,12,15,9,35004KT,08,07
2014-12-15 09:29:00.000,2014,12,15,9,VRB02KT,08,08
2014-12-15 10:00:00.000,2014,12,15,10,04004KT,09,08
2014-12-15 10:30:00.000,2014,12,15,10,02004KT,09,09
2014-12-15 11:00:00.000,2014,12,15,11,04004KT,09,09
2014-12-15 12:00:00.000,2014,12,15,12,06003KT,10,10
2014-12-15 12:15:00.000,2014,12,15,12,06005KT,10,10
2014-12-15 13:00:00.000,2014,12,15,13,06006KT,12,10
2014-12-15 14:00:00.000,2014,12,15,14,02004KT,14,10
2014-12-15 16:00:00.000,2014,12,15,16,33006KT,18,10
2014-12-15 17:00:00.000,2014,12,15,17,32003KT,20,08
2014-12-15 18:00:00.000,2014,12,15,18,30016KT,19,12
2014-12-15 19:00:00.000,2014,12,15,19,27014KT,19,12
2014-12-15 19:10:00.000,2014,12,15,19,26012KT,18,12
2014-12-15 20:00:00.000,2014,12,15,20,28012KT,17,11
2014-12-15 21:00:00.000,2014,12,15,21,28010KT,16,11
2014-12-15 22:00:00.000,2014,12,15,22,27008KT,16,11
2014-12-15 23:00:00.000,2014,12,15,23,27008KT,15,11
2014-12-16 00:00:00.000,2014,12,16,0,21006KT,15,10
2014-12-16 01:00:00.000,2014,12,16,1,VRB02KT,14,11
2014-12-16 02:00:00.000,2014,12,16,2,32003KT,14,12
2014-12-16 03:00:00.000,2014,12,16,3,VRB02KT,14,11
2014-12-16 04:00:00.000,2014,12,16,4,28004KT,13,11
2014-12-16 05:00:00.000,2014,12,16,5,32003KT,12,10
2014-12-16 06:00:00.000,2014,12,16,6,31003KT,12,11
2014-12-16 07:00:00.000,2014,12,16,7,VRB02KT,12,11
2014-12-16 09:00:00.000,2014,12,16,9,24004KT,12,11
2014-12-16 10:00:00.000,2014,12,16,10,VRB02KT,12,11
2014-12-16 10:30:00.000,2014,12,16,10,00000KT,12,11
2014-12-16 11:00:00.000,2014,12,16,11,VRB02KT,12,11
2014-12-16 11:09:00.000,2014,12,16,11,VRB02KT,11,10
2014-12-16 11:27:00.000,2014,12,16,11,03004KT,12,11
2014-12-16 12:00:00.000,2014,12,16,12,02003KT,12,11
2014-12-16 13:00:00.000,2014,12,16,13,03006KT,14,12
2014-12-16 14:00:00.000,2014,12,16,14,04006KT,16,11
2014-12-16 15:00:00.000,2014,12,16,15,09006KT,18,09
2014-12-16 16:00:00.000,2014,12,16,16,16006KT,18,08
2014-12-16 17:00:00.000,2014,12,16,17,07004KT,19,08
2014-12-16 18:00:00.000,2014,12,16,18,20007KT,18,11
2014-12-16 19:00:00.000,2014,12,16,19,28012KT,18,12
2014-12-16 20:00:00.000,2014,12,16,20,29011KT,18,12
2014-12-16 22:00:00.000,2014,12,16,22,23008KT,17,11
2014-12-17 00:00:00.000,2014,12,17,0,28004KT,15,11
2014-12-17 03:00:00.000,2014,12,17,3,VRB02KT,13,11
2014-12-17 05:00:00.000,2014,12,17,5,04003KT,11,10
2014-12-17 06:00:00.000,2014,12,17,6,VRB02KT,11,09
2014-12-17 07:00:00.000,2014,12,17,7,28005KT,11,09
2014-12-17 07:30:00.000,2014,12,17,7,27004KT,12,11
2014-12-17 08:00:00.000,2014,12,17,8,23004KT,11,10
2014-12-17 09:00:00.000,2014,12,17,9,00000KT,10,10
2014-12-17 10:00:00.000,2014,12,17,10,04005KT,09,09
2014-12-17 10:30:00.000,2014,12,17,10,03003KT,08,08
2014-12-17 11:00:00.000,2014,12,17,11,VRB02KT,09,08
2014-12-17 11:26:00.000,2014,12,17,11,VRB02KT,09,08
2014-12-17 12:00:00.000,2014,12,17,12,34004KT,09,09
2014-12-17 12:10:00.000,2014,12,17,12,VRB02KT,09,09
2014-12-17 12:26:00.000,2014,12,17,12,VRB02KT,10,09
2014-12-17 13:00:00.000,2014,12,17,13,09003KT,10,10
2014-12-17 13:20:00.000,2014,12,17,13,05004KT,11,10
2014-12-17 14:00:00.000,2014,12,17,14,01004KT,12,11
2014-12-17 15:00:00.000,2014,12,17,15,04004KT,16,10
2014-12-17 16:00:00.000,2014,12,17,16,01005KT,18,09
2014-12-17 17:00:00.000,2014,12,17,17,01004KT,19,08
2014-12-17 18:00:00.000,2014,12,17,18,26008KT,20,10
2014-12-17 19:00:00.000,2014,12,17,19,25005KT,18,10
2014-12-17 20:00:00.000,2014,12,17,20,30010KT,17,11
2014-12-17 21:00:00.000,2014,12,17,21,28009KT,18,11
2014-12-17 22:00:00.000,2014,12,17,22,26007KT,17,11
2014-12-17 23:00:00.000,2014,12,17,23,28007KT,15,11
2014-12-18 00:00:00.000,2014,12,18,0,26004KT,14,11
2014-12-18 01:00:00.000,2014,12,18,1,25003KT,14,11
2014-12-18 02:00:00.000,2014,12,18,2,VRB02KT,13,11
2014-12-18 03:00:00.000,2014,12,18,3,VRB02KT,13,11
2014-12-18 04:00:00.000,2014,12,18,4,VRB02KT,12,11
2014-12-18 05:00:00.000,2014,12,18,5,VRB02KT,12,11
2014-12-18 06:00:00.000,2014,12,18,6,VRB02KT,10,09
2014-12-18 07:00:00.000,2014,12,18,7,VRB02KT,10,09
2014-12-18 08:00:00.000,2014,12,18,8,31003KT,09,08
2014-12-18 09:00:00.000,2014,12,18,9,VRB02KT,08,08
2014-12-18 10:00:00.000,2014,12,18,10,VRB02KT,07,07
2014-12-18 10:30:00.000,2014,12,18,10,05004KT,07,07
2014-12-18 11:00:00.000,2014,12,18,11,02003KT,07,07
2014-12-18 12:00:00.000,2014,12,18,12,34004KT,07,07
2014-12-18 12:20:00.000,2014,12,18,12,03005KT,08,08
2014-12-18 13:00:00.000,2014,12,18,13,02003KT,09,09
2014-12-18 14:00:00.000,2014,12,18,14,VRB02KT,12,12
2014-12-18 15:00:00.000,2014,12,18,15,VRB02KT,15,10
2014-12-18 16:00:00.000,2014,12,18,16,09003KT,18,08
2014-12-18 17:00:00.000,2014,12,18,17,00000KT,20,08
2014-12-18 18:00:00.000,2014,12,18,18,04004KT,21,07
2014-12-18 19:00:00.000,2014,12,18,19,28012KT,18,11
2014-12-18 20:00:00.000,2014,12,18,20,29009KT,18,11
2014-12-18 21:00:00.000,2014,12,18,21,27010KT,17,11
2014-12-18 22:00:00.000,2014,12,18,22,23012KT,17,11
2014-12-18 23:00:00.000,2014,12,18,23,VRB02KT,15,11
2014-12-18 23:20:00.000,2014,12,18,23,16007KT,14,12
2014-12-18 23:38:00.000,2014,12,18,23,24008KT,14,12
2014-12-19 00:00:00.000,2014,12,19,0,27005KT,14,12
2014-12-19 01:00:00.000,2014,12,19,1,VRB02KT,12,11
2014-12-19 02:00:00.000,2014,12,19,2,00000KT,13,11
2014-12-19 02:30:00.000,2014,12,19,2,00000KT,12,11
2014-12-19 03:00:00.000,2014,12,19,3,VRB02KT,12,11
2014-12-19 04:00:00.000,2014,12,19,4,VRB02KT,11,11
2014-12-19 05:00:00.000,2014,12,19,5,35005KT,11,10
2014-12-19 06:00:00.000,2014,12,19,6,04004KT,09,09
2014-12-19 07:00:00.000,2014,12,19,7,02003KT,09,08
2014-12-19 09:00:00.000,2014,12,19,9,00000KT,07,06
2014-12-19 10:00:00.000,2014,12,19,10,VRB02KT,05,05
2014-12-19 10:29:00.000,2014,12,19,10,30003KT,06,06
2014-12-19 11:00:00.000,2014,12,19,11,34003KT,06,05
2014-12-19 12:00:00.000,2014,12,19,12,07004KT,06,06
2014-12-19 13:00:00.000,2014,12,19,13,03004KT,11,10
2014-12-19 14:00:00.000,2014,12,19,14,05006KT,15,10
2014-12-19 14:25:00.000,2014,12,19,14,07006KT,16,09
2014-12-19 15:00:00.000,2014,12,19,15,33006KT,17,10
2014-12-19 16:00:00.000,2014,12,19,16,35004KT,18,09
2014-12-19 17:00:00.000,2014,12,19,17,31003KT,19,08
2014-12-19 18:00:00.000,2014,12,19,18,27004KT,19,08
2014-12-19 19:00:00.000,2014,12,19,19,27009KT,20,10
2014-12-19 20:00:00.000,2014,12,19,20,27010KT,19,11
2014-12-19 21:00:00.000,2014,12,19,21,28009KT,18,11
2014-12-19 22:00:00.000,2014,12,19,22,28008KT,17,11
2014-12-19 23:00:00.000,2014,12,19,23,30006KT,16,12
2014-12-19 23:05:00.000,2014,12,19,23,04004KT,15,12
2014-12-20 00:00:00.000,2014,12,20,0,VRB02KT,14,12
2014-12-20 01:00:00.000,2014,12,20,1,VRB02KT,14,12
2014-12-20 02:00:00.000,2014,12,20,2,VRB02KT,14,12
2014-12-20 03:00:00.000,2014,12,20,3,VRB02KT,14,12
2014-12-20 04:00:00.000,2014,12,20,4,26005KT,14,12
2014-12-20 05:00:00.000,2014,12,20,5,VRB02KT,13,12
2014-12-20 06:00:00.000,2014,12,20,6,VRB02KT,12,10
2014-12-20 07:00:00.000,2014,12,20,7,VRB02KT,12,10
2014-12-20 08:00:00.000,2014,12,20,8,VRB02KT,10,09
2014-12-20 09:00:00.000,2014,12,20,9,04004KT,10,09
2014-12-20 10:00:00.000,2014,12,20,10,VRB02KT,10,09
2014-12-20 10:30:00.000,2014,12,20,10,VRB02KT,11,10
2014-12-20 11:00:00.000,2014,12,20,11,VRB02KT,11,09
2014-12-20 12:00:00.000,2014,12,20,12,04003KT,11,10
2014-12-20 13:00:00.000,2014,12,20,13,05005KT,13,10
2014-12-20 14:00:00.000,2014,12,20,14,06004KT,15,10
2014-12-20 15:00:00.000,2014,12,20,15,09004KT,17,08
2014-12-20 16:00:00.000,2014,12,20,16,02003KT,18,08
2014-12-20 17:00:00.000,2014,12,20,17,05005KT,19,07
2014-12-20 18:00:00.000,2014,12,20,18,30004KT,20,07
2014-12-20 19:00:00.000,2014,12,20,19,24009KT,21,12
2014-12-20 19:21:00.000,2014,12,20,19,26011KT,19,12
2014-12-20 20:00:00.000,2014,12,20,20,16008KT,16,12
2014-12-20 20:30:00.000,2014,12,20,20,22005KT,17,12
2014-12-20 21:00:00.000,2014,12,20,21,32006KT,17,13
2014-12-20 21:30:00.000,2014,12,20,21,30004KT,16,13
2014-12-20 22:00:00.000,2014,12,20,22,35005KT,16,13
2014-12-20 23:00:00.000,2014,12,20,23,35003KT,14,12
2014-12-21 00:00:00.000,2014,12,21,0,31005KT,14,12
2014-12-21 01:00:00.000,2014,12,21,1,26005KT,14,12
2014-12-21 02:00:00.000,2014,12,21,2,29005KT,14,11
2014-12-21 03:00:00.000,2014,12,21,3,00000KT,13,11
2014-12-21 04:00:00.000,2014,12,21,4,VRB02KT,13,11
2014-12-21 05:00:00.000,2014,12,21,5,02004KT,13,11
2014-12-21 07:00:00.000,2014,12,21,7,VRB02KT,12,10
2014-12-21 08:00:00.000,2014,12,21,8,VRB02KT,12,10
2014-12-21 09:00:00.000,2014,12,21,9,06005KT,11,10
2014-12-21 10:00:00.000,2014,12,21,10,10004KT,11,09
2014-12-21 11:00:00.000,2014,12,21,11,03003KT,11,09
2014-12-21 12:00:00.000,2014,12,21,12,05004KT,12,10
2014-12-21 13:00:00.000,2014,12,21,13,05005KT,14,10
2014-12-21 14:00:00.000,2014,12,21,14,05004KT,16,10
2014-12-21 15:00:00.000,2014,12,21,15,VRB02KT,18,09
2014-12-21 16:00:00.000,2014,12,21,16,27004KT,19,10
2014-12-21 17:00:00.000,2014,12,21,17,VRB02KT,20,09
2014-12-21 18:00:00.000,2014,12,21,18,23010KT,19,12
2014-12-21 19:00:00.000,2014,12,21,19,23010KT,20,12
2014-12-21 20:00:00.000,2014,12,21,20,29012KT,20,12
2014-12-21 20:20:00.000,2014,12,21,20,27012KT,18,12
2014-12-21 21:00:00.000,2014,12,21,21,28010KT,17,11
2014-12-21 22:00:00.000,2014,12,21,22,29010KT,16,12
2014-12-21 23:00:00.000,2014,12,21,23,30003KT,15,12
2014-12-22 00:00:00.000,2014,12,22,0,30004KT,15,12
2014-12-22 01:00:00.000,2014,12,22,1,VRB02KT,14,12
2014-12-22 02:00:00.000,2014,12,22,2,VRB02KT,15,12
2014-12-22 03:00:00.000,2014,12,22,3,05005KT,13,10
2014-12-22 04:00:00.000,2014,12,22,4,02005KT,12,09
2014-12-22 05:00:00.000,2014,12,22,5,08004KT,11,09
2014-12-22 06:00:00.000,2014,12,22,6,04003KT,10,09
2014-12-22 07:00:00.000,2014,12,22,7,05005KT,09,08
2014-12-22 08:00:00.000,2014,12,22,8,06005KT,09,08
2014-12-22 09:00:00.000,2014,12,22,9,06004KT,08,07
2014-12-22 10:00:00.000,2014,12,22,10,VRB02KT,08,07
2014-12-22 11:00:00.000,2014,12,22,11,06008KT,08,07
2014-12-22 11:30:00.000,2014,12,22,11,05007KT,08,08
2014-12-22 12:00:00.000,2014,12,22,12,02005KT,09,08
2014-12-22 13:00:00.000,2014,12,22,13,06006KT,11,08
2014-12-22 13:30:00.000,2014,12,22,13,06004KT,13,09
2014-12-22 14:00:00.000,2014,12,22,14,05008KT,14,08
2014-12-22 15:00:00.000,2014,12,22,15,15006KT,17,05
2014-12-22 16:00:00.000,2014,12,22,16,12008KT,19,02
2014-12-22 17:00:00.000,2014,12,22,17,16015KT,20,06
2014-12-22 18:00:00.000,2014,12,22,18,15012KT,21,07
2014-12-22 19:00:00.000,2014,12,22,19,14012KT,20,05
2014-12-22 20:00:00.000,2014,12,22,20,14011KT,20,05
2014-12-22 21:00:00.000,2014,12,22,21,12008KT,19,03
2014-12-22 22:00:00.000,2014,12,22,22,13012KT,18,05
2014-12-22 23:00:00.000,2014,12,22,23,13013KT,15,06
2014-12-23 00:00:00.000,2014,12,23,0,13010KT,14,06
2014-12-23 01:00:00.000,2014,12,23,1,11004KT,13,06
2014-12-23 02:00:00.000,2014,12,23,2,10008KT,12,05
2014-12-23 03:00:00.000,2014,12,23,3,07008KT,11,05
2014-12-23 04:00:00.000,2014,12,23,4,06006KT,09,04
2014-12-23 05:00:00.000,2014,12,23,5,03008KT,09,06
2014-12-23 06:00:00.000,2014,12,23,6,04004KT,09,06
2014-12-23 07:00:00.000,2014,12,23,7,06003KT,08,05
2014-12-23 08:00:00.000,2014,12,23,8,06007KT,08,05
2014-12-23 09:00:00.000,2014,12,23,9,08003KT,07,04
2014-12-23 10:00:00.000,2014,12,23,10,06003KT,07,04
2014-12-23 10:25:00.000,2014,12,23,10,05004KT,07,05
2014-12-23 11:00:00.000,2014,12,23,11,31003KT,06,05
2014-12-23 12:00:00.000,2014,12,23,12,10003KT,09,06
2014-12-23 13:00:00.000,2014,12,23,13,06004KT,14,06
2014-12-23 14:00:00.000,2014,12,23,14,14015KT,17,06
2014-12-23 15:00:00.000,2014,12,23,15,15014KT,18,06
2014-12-23 16:00:00.000,2014,12,23,16,14020KT,19,06
2014-12-23 17:00:00.000,2014,12,23,17,15014KT,20,05
2014-12-23 18:00:00.000,2014,12,23,18,13010G20KT,21,05
2014-12-23 19:00:00.000,2014,12,23,19,13010G20KT,19,05
2014-12-23 20:00:00.000,2014,12,23,20,11008G18KT,18,08
2014-12-23 21:00:00.000,2014,12,23,21,12013KT,17,07
2014-12-23 22:00:00.000,2014,12,23,22,10014KT,17,07
2014-12-23 23:00:00.000,2014,12,23,23,12012KT,16,06
2014-12-24 00:00:00.000,2014,12,24,0,11010KT,14,06
2014-12-24 01:00:00.000,2014,12,24,1,09010KT,13,06
2014-12-24 02:00:00.000,2014,12,24,2,12006KT,13,06
2014-12-24 03:00:00.000,2014,12,24,3,08004KT,12,05
2014-12-24 04:00:00.000,2014,12,24,4,08004KT,10,06
2014-12-24 05:00:00.000,2014,12,24,5,34004KT,09,07
2014-12-24 06:00:00.000,2014,12,24,6,36004KT,08,06
2014-12-24 07:00:00.000,2014,12,24,7,VRB02KT,08,06
2014-12-24 08:00:00.000,2014,12,24,8,VRB02KT,08,06
2014-12-24 09:00:00.000,2014,12,24,9,32004KT,08,07
2014-12-24 10:00:00.000,2014,12,24,10,VRB02KT,07,06
2014-12-24 10:30:00.000,2014,12,24,10,VRB02KT,09,07
2014-12-24 11:00:00.000,2014,12,24,11,VRB02KT,09,07
2014-12-24 12:00:00.000,2014,12,24,12,VRB02KT,09,07
2014-12-24 13:00:00.000,2014,12,24,13,00000KT,13,08
2014-12-24 14:00:00.000,2014,12,24,14,04004KT,16,08
2014-12-24 15:00:00.000,2014,12,24,15,03006KT,15,09
2014-12-24 16:00:00.000,2014,12,24,16,04006KT,15,10
2014-12-24 17:00:00.000,2014,12,24,17,12003KT,16,11
2014-12-24 18:00:00.000,2014,12,24,18,15007KT,19,08
2014-12-24 19:00:00.000,2014,12,24,19,09010KT,20,05
2014-12-24 20:00:00.000,2014,12,24,20,11005KT,19,05
2014-12-24 21:00:00.000,2014,12,24,21,12011KT,18,06
2014-12-24 22:00:00.000,2014,12,24,22,13008KT,18,08
2014-12-24 23:00:00.000,2014,12,24,23,13008KT,16,06
2014-12-25 00:00:00.000,2014,12,25,0,14013KT,15,08
2014-12-25 01:00:00.000,2014,12,25,1,03004KT,14,08
2014-12-25 02:00:00.000,2014,12,25,2,04003KT,13,09
2014-12-25 03:00:00.000,2014,12,25,3,03003KT,13,09
2014-12-25 04:00:00.000,2014,12,25,4,03003KT,10,08
2014-12-25 05:00:00.000,2014,12,25,5,VRB02KT,09,08
2014-12-25 06:00:00.000,2014,12,25,6,25004KT,10,09
2014-12-25 07:00:00.000,2014,12,25,7,VRB02KT,11,09
2014-12-25 08:00:00.000,2014,12,25,8,01003KT,11,09
2014-12-25 09:00:00.000,2014,12,25,9,08003KT,11,09
2014-12-25 10:00:00.000,2014,12,25,10,02003KT,10,08
2014-12-25 10:35:00.000,2014,12,25,10,36005KT,08,08
2014-12-25 11:00:00.000,2014,12,25,11,VRB02KT,08,07
2014-12-25 11:28:00.000,2014,12,25,11,00000KT,,
2014-12-25 12:00:00.000,2014,12,25,12,VRB02KT,09,08
2014-12-25 13:00:00.000,2014,12,25,13,05006KT,12,10
2014-12-25 14:00:00.000,2014,12,25,14,06006KT,14,10
2014-12-25 15:00:00.000,2014,12,25,15,06006KT,16,10
2014-12-25 16:00:00.000,2014,12,25,16,30004KT,17,10
2014-12-25 17:00:00.000,2014,12,25,17,14004KT,18,09
2014-12-25 18:00:00.000,2014,12,25,18,05006KT,19,09
2014-12-25 19:00:00.000,2014,12,25,19,14007KT,19,09
2014-12-25 20:00:00.000,2014,12,25,20,02005KT,18,10
2014-12-25 21:00:00.000,2014,12,25,21,31003KT,18,10
2014-12-25 22:00:00.000,2014,12,25,22,29010KT,17,13
2014-12-25 23:00:00.000,2014,12,25,23,32005KT,15,12
2014-12-26 00:00:00.000,2014,12,26,0,24007KT,14,12
2014-12-26 01:00:00.000,2014,12,26,1,24004KT,13,11
2014-12-26 02:00:00.000,2014,12,26,2,VRB02KT,12,11
2014-12-26 03:00:00.000,2014,12,26,3,VRB02KT,11,11
2014-12-26 04:00:00.000,2014,12,26,4,VRB02KT,09,09
2014-12-26 04:36:00.000,2014,12,26,4,05006KT,09,08
2014-12-26 05:00:00.000,2014,12,26,5,07004KT,09,09
2014-12-26 06:00:00.000,2014,12,26,6,32004KT,08,08
2014-12-26 07:00:00.000,2014,12,26,7,VRB02KT,08,08
2014-12-26 08:00:00.000,2014,12,26,8,35004KT,08,07
2014-12-26 09:00:00.000,2014,12,26,9,VRB02KT,06,06
2014-12-26 10:00:00.000,2014,12,26,10,VRB02KT,07,05
2014-12-26 10:30:00.000,2014,12,26,10,VRB02KT,05,04
2014-12-26 11:00:00.000,2014,12,26,11,VRB02KT,06,05
2014-12-26 11:15:00.000,2014,12,26,11,VRB02KT,05,04
2014-12-26 12:00:00.000,2014,12,26,12,08003KT,08,06
2014-12-26 13:00:00.000,2014,12,26,13,05004KT,11,07
2014-12-26 14:00:00.000,2014,12,26,14,05006KT,15,03
2014-12-26 15:00:00.000,2014,12,26,15,09006KT,,
2014-12-26 15:20:00.000,2014,12,26,15,12012KT,18,02
2014-12-26 16:00:00.000,2014,12,26,16,13012KT,18,02
2014-12-26 17:00:00.000,2014,12,26,17,13010KT,19,02
2014-12-26 18:00:00.000,2014,12,26,18,12010KT,20,04
2014-12-26 19:00:00.000,2014,12,26,19,10008KT,21,04
2014-12-26 20:00:00.000,2014,12,26,20,09014KT,21,05
2014-12-26 21:00:00.000,2014,12,26,21,17012KT,19,07
2014-12-26 22:00:00.000,2014,12,26,22,13010KT,17,07
2014-12-26 23:00:00.000,2014,12,26,23,14012KT,15,08
2014-12-27 00:00:00.000,2014,12,27,0,09004KT,15,08
2014-12-27 01:00:00.000,2014,12,27,1,08003KT,15,08
2014-12-27 02:00:00.000,2014,12,27,2,09005KT,14,09
2014-12-27 03:00:00.000,2014,12,27,3,08003KT,13,08
2014-12-27 04:00:00.000,2014,12,27,4,05006KT,12,08
2014-12-27 05:00:00.000,2014,12,27,5,04003KT,11,08
2014-12-27 06:00:00.000,2014,12,27,6,08004KT,11,07
2014-12-27 07:00:00.000,2014,12,27,7,00000KT,10,07
2014-12-27 08:00:00.000,2014,12,27,8,00000KT,08,07
2014-12-27 09:00:00.000,2014,12,27,9,VRB02KT,08,06
2014-12-27 10:00:00.000,2014,12,27,10,00000KT,08,07
2014-12-27 10:30:00.000,2014,12,27,10,VRB02KT,07,06
2014-12-27 11:00:00.000,2014,12,27,11,05005KT,08,07
2014-12-27 12:00:00.000,2014,12,27,12,04004KT,11,08
2014-12-27 12:20:00.000,2014,12,27,12,04004KT,11,08
2014-12-27 13:00:00.000,2014,12,27,13,06004KT,13,08
2014-12-27 14:00:00.000,2014,12,27,14,03008KT,15,08
2014-12-27 15:00:00.000,2014,12,27,15,05010KT,17,07
2014-12-27 15:30:00.000,2014,12,27,15,12007KT,20,03
2014-12-27 16:00:00.000,2014,12,27,16,07006KT,20,03
2014-12-27 17:00:00.000,2014,12,27,17,13012KT,20,04
2014-12-27 18:00:00.000,2014,12,27,18,14013KT,21,05
2014-12-27 19:00:00.000,2014,12,27,19,12012KT,22,05
2014-12-27 20:00:00.000,2014,12,27,20,13012KT,22,05
2014-12-27 21:00:00.000,2014,12,27,21,11010KT,21,04
2014-12-27 22:00:00.000,2014,12,27,22,11012KT,19,05
2014-12-27 23:00:00.000,2014,12,27,23,10008KT,17,07
2014-12-28 00:00:00.000,2014,12,28,0,34005KT,14,11
2014-12-28 01:00:00.000,2014,12,28,1,34003KT,12,11
2014-12-28 02:00:00.000,2014,12,28,2,VRB02KT,13,10
2014-12-28 03:00:00.000,2014,12,28,3,03003KT,10,08
2014-12-28 04:00:00.000,2014,12,28,4,04003KT,10,08
2014-12-28 05:00:00.000,2014,12,28,5,06004KT,08,07
2014-12-28 06:00:00.000,2014,12,28,6,07006KT,08,07
2014-12-28 07:00:00.000,2014,12,28,7,01004KT,08,07
2014-12-28 08:00:00.000,2014,12,28,8,06006KT,09,08
2014-12-28 09:00:00.000,2014,12,28,9,04005KT,07,06
2014-12-28 10:00:00.000,2014,12,28,10,04006KT,07,06
2014-12-28 10:30:00.000,2014,12,28,10,04004KT,07,06
2014-12-28 11:00:00.000,2014,12,28,11,03004KT,06,05
2014-12-28 12:00:00.000,2014,12,28,12,04004KT,08,07
2014-12-28 13:00:00.000,2014,12,28,13,07006KT,13,09
2014-12-28 14:00:00.000,2014,12,28,14,04006KT,15,08
2014-12-28 15:00:00.000,2014,12,28,15,12010KT,18,08
2014-12-28 16:00:00.000,2014,12,28,16,14012G22KT,19,05
2014-12-28 17:00:00.000,2014,12,28,17,12010G20KT,20,06
2014-12-28 18:00:00.000,2014,12,28,18,10008KT,19,07
2014-12-28 19:00:00.000,2014,12,28,19,04010KT,19,06
2014-12-28 20:00:00.000,2014,12,28,20,06010KT,19,06
2014-12-28 21:00:00.000,2014,12,28,21,15010KT,18,06
2014-12-28 22:00:00.000,2014,12,28,22,13012KT,18,05
2014-12-28 23:00:00.000,2014,12,28,23,13008KT,16,06
2014-12-29 00:00:00.000,2014,12,29,0,13013KT,15,06
2014-12-29 01:00:00.000,2014,12,29,1,06006KT,13,06
2014-12-29 02:00:00.000,2014,12,29,2,VRB02KT,11,06
2014-12-29 03:00:00.000,2014,12,29,3,03006KT,08,06
2014-12-29 04:00:00.000,2014,12,29,4,05004KT,11,07
2014-12-29 05:00:00.000,2014,12,29,5,VRB02KT,09,07
2014-12-29 06:00:00.000,2014,12,29,6,VRB02KT,07,06
2014-12-29 07:00:00.000,2014,12,29,7,04005KT,05,05
2014-12-29 08:00:00.000,2014,12,29,8,VRB02KT,07,06
2014-12-29 09:00:00.000,2014,12,29,9,06006KT,05,04
2014-12-29 10:00:00.000,2014,12,29,10,VRB02KT,05,04
2014-12-29 10:30:00.000,2014,12,29,10,05007KT,06,06
2014-12-29 11:00:00.000,2014,12,29,11,04011KT,07,06
2014-12-29 12:00:00.000,2014,12,29,12,04007KT,07,06
2014-12-29 12:30:00.000,2014,12,29,12,04006KT,08,07
2014-12-29 13:00:00.000,2014,12,29,13,03005KT,10,07
2014-12-29 13:22:00.000,2014,12,29,13,05086KT,12,07
2014-12-29 14:00:00.000,2014,12,29,14,05009KT,13,07
2014-12-29 15:00:00.000,2014,12,29,15,03008KT,16,07
2014-12-29 16:00:00.000,2014,12,29,16,03009KT,18,05
2014-12-29 17:00:00.000,2014,12,29,17,10009KT,19,04
2014-12-29 18:00:00.000,2014,12,29,18,12012KT,20,04
2014-12-29 19:00:00.000,2014,12,29,19,13010KT,19,04
2014-12-29 20:00:00.000,2014,12,29,20,12010KT,20,04
2014-12-29 21:00:00.000,2014,12,29,21,11008KT,20,03
2014-12-29 22:00:00.000,2014,12,29,22,11007KT,18,02
2014-12-29 23:00:00.000,2014,12,29,23,12007KT,17,03
2014-12-30 00:00:00.000,2014,12,30,0,13005KT,16,06
2014-12-30 01:00:00.000,2014,12,30,1,03004KT,14,07
2014-12-30 02:00:00.000,2014,12,30,2,10005KT,15,08
2014-12-30 03:00:00.000,2014,12,30,3,13005KT,14,07
2014-12-30 04:00:00.000,2014,12,30,4,03004KT,12,07
2014-12-30 05:00:00.000,2014,12,30,5,04005KT,10,07
2014-12-30 06:00:00.000,2014,12,30,6,04005KT,09,07
2014-12-30 07:00:00.000,2014,12,30,7,06006KT,09,07
2014-12-30 08:00:00.000,2014,12,30,8,03004KT,08,06
2014-12-30 09:00:00.000,2014,12,30,9,04005KT,07,06
2014-12-30 10:00:00.000,2014,12,30,10,06004KT,06,05
2014-12-30 10:30:00.000,2014,12,30,10,06003KT,06,05
2014-12-30 11:00:00.000,2014,12,30,11,340003KT,04,04
2014-12-30 11:10:00.000,2014,12,30,11,340003KT,04,04
2014-12-30 12:00:00.000,2014,12,30,12,VRB02KT,06,05
2014-12-30 12:15:00.000,2014,12,30,12,06006KT,10,09
2014-12-30 13:00:00.000,2014,12,30,13,03006KT,12,08
2014-12-30 14:00:00.000,2014,12,30,14,02008KT,15,07
2014-12-30 15:00:00.000,2014,12,30,15,03012KT,17,08
2014-12-30 16:00:00.000,2014,12,30,16,14010KT,20,07
2014-12-30 17:00:00.000,2014,12,30,17,13010KT,19,08
2014-12-30 18:00:00.000,2014,12,30,18,13014KT,18,08
2014-12-30 19:00:00.000,2014,12,30,19,11008KT,18,08
2014-12-30 20:00:00.000,2014,12,30,20,11005G15KT,18,07
2014-12-30 21:00:00.000,2014,12,30,21,05010KT,17,08
2014-12-30 22:00:00.000,2014,12,30,22,07012KT,17,07
2014-12-30 23:00:00.000,2014,12,30,23,09010KT,17,08
2014-12-31 00:00:00.000,2014,12,31,0,11004KT,15,07
2014-12-31 01:00:00.000,2014,12,31,1,03007KT,11,08
2014-12-31 02:00:00.000,2014,12,31,2,03004KT,10,07
2014-12-31 03:00:00.000,2014,12,31,3,07004KT,10,08
2014-12-31 04:00:00.000,2014,12,31,4,04006KT,09,07
2014-12-31 05:00:00.000,2014,12,31,5,03005KT,09,06
2014-12-31 06:00:00.000,2014,12,31,6,06005KT,09,07
2014-12-31 07:00:00.000,2014,12,31,7,04004KT,09,07
2014-12-31 08:00:00.000,2014,12,31,8,06006KT,08,07
2014-12-31 08:00:00.000,2014,12,31,8,06006KT,08,07
2014-12-31 09:00:00.000,2014,12,31,9,05005KT,10,08
2014-12-31 10:00:00.000,2014,12,31,10,04005KT,10,08
2014-12-31 11:00:00.000,2014,12,31,11,04007KT,10,08
2014-12-31 12:00:00.000,2014,12,31,12,04006KT,11,08
2014-12-31 13:00:00.000,2014,12,31,13,05010KT,14,09
2014-12-31 14:00:00.000,2014,12,31,14,12010KT,15,08
2014-12-31 15:00:00.000,2014,12,31,15,08005KT,17,06
2014-12-31 16:00:00.000,2014,12,31,16,05010KT,18,05
2014-12-31 17:00:00.000,2014,12,31,17,10008KT,19,06
2014-12-31 18:00:00.000,2014,12,31,18,12006G16KT,19,06
2014-12-31 19:00:00.000,2014,12,31,19,12005G18KT,20,06
2014-12-31 20:00:00.000,2014,12,31,20,11007G21KT,21,07
2014-12-31 21:00:00.000,2014,12,31,21,11007G16KT,18,07
2014-12-31 22:00:00.000,2014,12,31,22,10008G19KT,18,05
2014-12-31 23:00:00.000,2014,12,31,23,07010KT,17,05
2015-01-01 01:00:00.000,2015,1,1,1,11010KT,12,06
2015-01-01 02:00:00.000,2015,1,1,2,08004KT,11,06
2015-01-01 03:00:00.000,2015,1,1,3,VRB02KT,11,07
2015-01-01 04:00:00.000,2015,1,1,4,04005KT,09,07
2015-01-01 05:00:00.000,2015,1,1,5,VRB02KT,10,08
2015-01-01 06:00:00.000,2015,1,1,6,05005KT,10,08
2015-01-01 07:00:00.000,2015,1,1,7,03004KT,09,08
2015-01-01 08:00:00.000,2015,1,1,8,03005KT,08,07
2015-01-01 09:00:00.000,2015,1,1,9,VRB02KT,06,06
2015-01-01 10:00:00.000,2015,1,1,10,02005KT,06,06
2015-01-01 10:30:00.000,2015,1,1,10,03003KT,,
2015-01-01 11:00:00.000,2015,1,1,11,06004KT,04,04
2015-01-01 12:00:00.000,2015,1,1,12,06007KT,06,06
2015-01-01 12:02:00.000,2015,1,1,12,0607KT,07,06
2015-01-01 12:30:00.000,2015,1,1,12,00000KT,,
2015-01-01 12:40:00.000,2015,1,1,12,05007KT,08,08
2015-01-01 13:00:00.000,2015,1,1,13,05007KT,09,08
2015-01-01 13:00:00.000,2015,1,1,13,05007KT,09,08
2015-01-01 14:00:00.000,2015,1,1,14,06004KT,13,07
2015-01-01 15:00:00.000,2015,1,1,15,33004KT,16,05
2015-01-01 16:00:00.000,2015,1,1,16,09006KT,18,03
2015-01-01 17:00:00.000,2015,1,1,17,15012KT,19,01
2015-01-01 18:00:00.000,2015,1,1,18,15009KT,20,01
2015-01-01 19:00:00.000,2015,1,1,19,14015KT,20,03
2015-01-01 20:00:00.000,2015,1,1,20,11014KT,20,03
2015-01-01 21:00:00.000,2015,1,1,21,13010KT,20,03
2015-01-01 22:00:00.000,2015,1,1,22,12012KT,19,05
2015-01-01 23:00:00.000,2015,1,1,23,14012KT,16,05
2015-01-02 00:00:00.000,2015,1,2,0,12008KT,15,06
2015-01-02 01:00:00.000,2015,1,2,1,09008KT,13,06
2015-01-02 02:00:00.000,2015,1,2,2,01003KT,12,06
2015-01-02 03:00:00.000,2015,1,2,3,08004KT,11,05
2015-01-02 04:00:00.000,2015,1,2,4,VRB02KT,09,05
2015-01-02 05:00:00.000,2015,1,2,5,07004KT,09,05
2015-01-02 06:00:00.000,2015,1,2,6,07005KT,09,05
2015-01-02 07:00:00.000,2015,1,2,7,04004KT,06,04
2015-01-02 08:00:00.000,2015,1,2,8,36004KT,05,04
2015-01-02 09:00:00.000,2015,1,2,9,03004KT,05,04
2015-01-02 10:00:00.000,2015,1,2,10,32004KT,05,04
2015-01-02 10:30:00.000,2015,1,2,10,01009KT,05,04
2015-01-02 11:00:00.000,2015,1,2,11,05007KT,05,04
2015-01-02 12:00:00.000,2015,1,2,12,04012KT,07,05
2015-01-02 12:30:00.000,2015,1,2,12,05010KT,09,05
2015-01-02 13:00:00.000,2015,1,2,13,03010KT,11,05
2015-01-02 13:30:00.000,2015,1,2,13,03010KT,13,05
2015-01-02 14:00:00.000,2015,1,2,14,03014KT,15,05
2015-01-02 15:00:00.000,2015,1,2,15,10008G17KT,18,03
2015-01-02 15:30:00.000,2015,1,2,15,11007G18KT,18,02
2015-01-02 16:00:00.000,2015,1,2,16,11008G17KT,19,02
2015-01-02 17:00:00.000,2015,1,2,17,12007G22KT,19,04
2015-01-02 18:00:00.000,2015,1,2,18,11011KT,18,03
2015-01-02 19:00:00.000,2015,1,2,19,13011KT,18,04
2015-01-02 20:00:00.000,2015,1,2,20,15013KT,18,04
2015-01-02 21:00:00.000,2015,1,2,21,15014KT,18,05
2015-01-02 22:00:00.000,2015,1,2,22,16013KT,17,05
2015-01-02 23:00:00.000,2015,1,2,23,14008KT,16,05
2015-01-03 00:00:00.000,2015,1,3,0,10007KT,15,07
2015-01-03 01:00:00.000,2015,1,3,1,10005KT,14,07
2015-01-03 02:00:00.000,2015,1,3,2,08006KT,13,06
2015-01-03 03:00:00.000,2015,1,3,3,12008KT,13,06
2015-01-03 04:00:00.000,2015,1,3,4,13009KT,12,06
2015-01-03 05:00:00.000,2015,1,3,5,35004KT,10,06
2015-01-03 06:00:00.000,2015,1,3,6,35004KT,07,06
2015-01-03 07:00:00.000,2015,1,3,7,34004KT,07,06
2015-01-03 08:00:00.000,2015,1,3,8,02004KT,05,04
2015-01-03 09:00:00.000,2015,1,3,9,04004KT,05,04
2015-01-03 10:00:00.000,2015,1,3,10,02004KT,05,04
2015-01-03 10:30:00.000,2015,1,3,10,02004KT,05,04
2015-01-03 11:00:00.000,2015,1,3,11,01004KT,04,04
2015-01-03 11:00:00.000,2015,1,3,11,01004KT,04,04
2015-01-03 12:00:00.000,2015,1,3,12,07006KT,07,05
2015-01-03 13:00:00.000,2015,1,3,13,03006KT,11,06
2015-01-03 14:00:00.000,2015,1,3,14,03005KT,14,05
2015-01-03 15:00:00.000,2015,1,3,15,10005KT,16,04
2015-01-03 16:00:00.000,2015,1,3,16,11010KT,19,04
2015-01-03 17:00:00.000,2015,1,3,17,10015KT,20,04
2015-01-03 18:00:00.000,2015,1,3,18,13015KT,21,04
2015-01-03 19:00:00.000,2015,1,3,19,15012KT,21,04
2015-01-03 20:00:00.000,2015,1,3,20,15006KT,20,06
2015-01-03 21:00:00.000,2015,1,3,21,14012KT,19,07
2015-01-03 22:00:00.000,2015,1,3,22,12008KT,18,06
2015-01-03 23:00:00.000,2015,1,3,23,14015KT,15,07
2015-01-04 00:00:00.000,2015,1,4,0,11010KT,15,06
2015-01-04 01:00:00.000,2015,1,4,1,07011KT,13,08
2015-01-04 02:00:00.000,2015,1,4,2,11011KT,12,06
2015-01-04 03:00:00.000,2015,1,4,3,12006KT,12,06
2015-01-04 04:00:00.000,2015,1,4,4,11006KT,10,06
2015-01-04 05:00:00.000,2015,1,4,5,09004KT,09,06
2015-01-04 06:00:00.000,2015,1,4,6,VRB02KT,07,06
2015-01-04 07:00:00.000,2015,1,4,7,VRB02KT,07,05
2015-01-04 08:00:00.000,2015,1,4,8,14006KT,06,04
2015-01-04 09:00:00.000,2015,1,4,9,10008KT,05,04
2015-01-04 10:00:00.000,2015,1,4,10,06008KT,05,04
2015-01-04 11:00:00.000,2015,1,4,11,11010KT,06,04
2015-01-04 12:00:00.000,2015,1,4,12,07006KT,07,05
2015-01-04 12:35:00.000,2015,1,4,12,14008KT,13,05
2015-01-04 13:00:00.000,2015,1,4,13,13006KT,14,04
2015-01-04 14:00:00.000,2015,1,4,14,14010KT,15,03
2015-01-04 15:00:00.000,2015,1,4,15,14008KT,17,04
2015-01-04 16:00:00.000,2015,1,4,16,12012KT,18,02
2015-01-04 17:00:00.000,2015,1,4,17,13015KT,19,02
2015-01-04 18:00:00.000,2015,1,4,18,14012KT,20,03
2015-01-04 19:00:00.000,2015,1,4,19,12010KT,20,01
2015-01-04 20:00:00.000,2015,1,4,20,13013KT,20,01
2015-01-04 21:00:00.000,2015,1,4,21,14014KT,20,02
2015-01-04 22:00:00.000,2015,1,4,22,14014KT,18,02
2015-01-04 23:00:00.000,2015,1,4,23,13010KT,17,01
2015-01-05 00:00:00.000,2015,1,5,0,11006KT,15,05
2015-01-05 01:00:00.000,2015,1,5,1,08005KT,13,06
2015-01-05 02:00:00.000,2015,1,5,2,07004KT,12,06
2015-01-05 03:00:00.000,2015,1,5,3,VRB02KT,11,05
2015-01-05 04:00:00.000,2015,1,5,4,VRB02KT,09,05
2015-01-05 05:00:00.000,2015,1,5,5,03005KT,09,05
2015-01-05 06:00:00.000,2015,1,5,6,03005KT,08,06
2015-01-05 07:00:00.000,2015,1,5,7,07005KT,10,08
2015-01-05 08:00:00.000,2015,1,5,8,32003KT,09,06
2015-01-05 10:00:00.000,2015,1,5,10,08003KT,07,06
2015-01-05 10:30:00.000,2015,1,5,10,11004KT,09,06
2015-01-05 11:00:00.000,2015,1,5,11,12005KT,11,05
2015-01-05 11:20:00.000,2015,1,5,11,VRB02KT,06,05
2015-01-05 12:00:00.000,2015,1,5,12,09006KT,12,05
2015-01-05 13:00:00.000,2015,1,5,13,11006KT,14,04
2015-01-05 14:00:00.000,2015,1,5,14,16010KT,15,03
2015-01-05 15:00:00.000,2015,1,5,15,12010KT,17,03
2015-01-05 16:00:00.000,2015,1,5,16,08012KT,18,04
2015-01-05 17:00:00.000,2015,1,5,17,15010KT,20,03
2015-01-05 18:00:00.000,2015,1,5,18,15012KT,20,03
2015-01-05 19:00:00.000,2015,1,5,19,12012KT,20,05
2015-01-05 20:00:00.000,2015,1,5,20,14012KT,20,03
2015-01-05 21:00:00.000,2015,1,5,21,16014KT,19,01
2015-01-05 22:00:00.000,2015,1,5,22,13010KT,19,01
2015-01-05 23:00:00.000,2015,1,5,23,07006KT,,
2015-01-06 00:00:00.000,2015,1,6,0,12005KT,15,01
2015-01-06 01:00:00.000,2015,1,6,1,04006KT,12,03
2015-01-06 02:00:00.000,2015,1,6,2,02006KT,11,05
2015-01-06 03:00:00.000,2015,1,6,3,05009KT,11,05
2015-01-06 04:00:00.000,2015,1,6,4,06004KT,09,05
2015-01-06 05:00:00.000,2015,1,6,5,02003KT,08,05
2015-01-06 06:00:00.000,2015,1,6,6,VRB02KT,06,04
2015-01-06 07:00:00.000,2015,1,6,7,31004KT,03,02
2015-01-06 08:00:00.000,2015,1,6,8,31003KT,04,03
2015-01-06 09:00:00.000,2015,1,6,9,04003KT,04,03
2015-01-06 10:00:00.000,2015,1,6,10,05004KT,03,02
2015-01-06 10:30:00.000,2015,1,6,10,05007KT,04,03
2015-01-06 11:00:00.000,2015,1,6,11,05006KT,04,03
2015-01-06 11:05:00.000,2015,1,6,11,05007KT,03,02
2015-01-06 12:00:00.000,2015,1,6,12,05006KT,04,03
2015-01-06 13:00:00.000,2015,1,6,13,04006KT,07,05
2015-01-06 13:35:00.000,2015,1,6,13,04006KT,11,04
2015-01-06 14:00:00.000,2015,1,6,14,04010KT,13,04
2015-01-06 15:00:00.000,2015,1,6,15,08008KT,,
2015-01-06 16:00:00.000,2015,1,6,16,14014KT,,
2015-01-06 17:00:00.000,2015,1,6,17,14010KT,,
2015-01-06 18:00:00.000,2015,1,6,18,12010G25KT,20,02
2015-01-06 19:00:00.000,2015,1,6,19,11005G24KT,,
2015-01-06 20:00:00.000,2015,1,6,20,11010G22KT,20,01
2015-01-06 21:00:00.000,2015,1,6,21,11007G22KT,19,02
2015-01-06 22:00:00.000,2015,1,6,22,12009G18KT,17,01
2015-01-06 23:00:00.000,2015,1,6,23,11006G18KT,,
2015-01-07 00:00:00.000,2015,1,7,0,11010G26KT,13,03
2015-01-07 01:00:00.000,2015,1,7,1,08012KT,11,04
2015-01-07 02:00:00.000,2015,1,7,2,06008KT,10,03
2015-01-07 03:00:00.000,2015,1,7,3,08005KT,09,03
2015-01-07 04:00:00.000,2015,1,7,4,12005KT,07,04
2015-01-07 05:00:00.000,2015,1,7,5,06005KT,06,04
2015-01-07 06:00:00.000,2015,1,7,6,10004KT,07,04
2015-01-07 07:00:00.000,2015,1,7,7,06004KT,06,04
2015-01-07 08:00:00.000,2015,1,7,8,05004KT,05,03
2015-01-07 09:00:00.000,2015,1,7,9,05005KT,04,03
2015-01-07 10:00:00.000,2015,1,7,10,06005KT,05,03
2015-01-07 10:30:00.000,2015,1,7,10,06005KT,05,03
2015-01-07 11:00:00.000,2015,1,7,11,08004KT,04,03
2015-01-07 12:00:00.000,2015,1,7,12,06006KT,06,04
2015-01-07 13:00:00.000,2015,1,7,13,08004KT,12,03
2015-01-07 14:00:00.000,2015,1,7,14,12008KT,14,02
2015-01-07 15:00:00.000,2015,1,7,15,10009KT,16,02
2015-01-07 16:00:00.000,2015,1,7,16,11011KT,17,01
2015-01-07 17:00:00.000,2015,1,7,17,12010KT,19,02
2015-01-07 18:00:00.000,2015,1,7,18,12012KT,20,02
2015-01-07 19:00:00.000,2015,1,7,19,13014KT,20,04
2015-01-07 20:00:00.000,2015,1,7,20,12010KT,19,04
2015-01-07 21:00:00.000,2015,1,7,21,06006KT,18,05
2015-01-07 22:00:00.000,2015,1,7,22,11008KT,17,05
2015-01-07 23:00:00.000,2015,1,7,23,14012KT,14,06
2015-01-08 00:00:00.000,2015,1,8,0,16007KT,14,06
2015-01-08 01:00:00.000,2015,1,8,1,13004KT,13,06
2015-01-08 02:00:00.000,2015,1,8,2,06003KT,12,07
2015-01-08 03:00:00.000,2015,1,8,3,33004KT,12,07
2015-01-08 04:00:00.000,2015,1,8,4,VRB02KT,11,06
2015-01-08 05:00:00.000,2015,1,8,5,34004KT,09,06
2015-01-08 06:00:00.000,2015,1,8,6,VRB02KT,08,04
2015-01-08 07:00:00.000,2015,1,8,7,06006KT,08,05
2015-01-08 08:00:00.000,2015,1,8,8,34003KT,07,04
2015-01-08 09:00:00.000,2015,1,8,9,VRB02KT,06,04
2015-01-08 11:00:00.000,2015,1,8,11,02003KT,08,05
2015-01-08 12:00:00.000,2015,1,8,12,03003KT,09,06
2015-01-08 13:00:00.000,2015,1,8,13,05006KT,11,06
2015-01-08 14:00:00.000,2015,1,8,14,06008KT,12,06
2015-01-08 15:00:00.000,2015,1,8,15,05006KT,14,06
2015-01-08 16:00:00.000,2015,1,8,16,14006KT,16,07
2015-01-08 17:00:00.000,2015,1,8,17,12008KT,18,07
2015-01-08 18:00:00.000,2015,1,8,18,12008KT,19,07
2015-01-08 19:00:00.000,2015,1,8,19,14009KT,18,07
2015-01-08 20:00:00.000,2015,1,8,20,17010KT,19,07
2015-01-08 21:00:00.000,2015,1,8,21,10007KT,18,07
2015-01-08 22:00:00.000,2015,1,8,22,11009KT,17,07
2015-01-08 23:00:00.000,2015,1,8,23,09006KT,16,07
2015-01-09 00:00:00.000,2015,1,9,0,04005KT,13,08
2015-01-09 01:00:00.000,2015,1,9,1,06006KT,13,08
2015-01-09 02:00:00.000,2015,1,9,2,06007KT,14,07
2015-01-09 03:00:00.000,2015,1,9,3,07007KT,14,07
2015-01-09 04:00:00.000,2015,1,9,4,07005KT,14,07
2015-01-09 05:00:00.000,2015,1,9,5,01003KT,12,08
2015-01-09 06:00:00.000,2015,1,9,6,02004KT,12,08
2015-01-09 07:00:00.000,2015,1,9,7,10005KT,13,08
2015-01-09 08:00:00.000,2015,1,9,8,10005KT,13,07
2015-01-09 09:00:00.000,2015,1,9,9,10006KT,13,07
2015-01-09 10:00:00.000,2015,1,9,10,12006KT,13,07
2015-01-09 10:30:00.000,2015,1,9,10,14005KT,13,07
2015-01-09 11:00:00.000,2015,1,9,11,14005KT,13,07
2015-01-09 12:00:00.000,2015,1,9,12,12008KT,13,07
2015-01-09 13:00:00.000,2015,1,9,13,08008KT,13,08
2015-01-09 14:00:00.000,2015,1,9,14,12006KT,14,08
2015-01-09 15:00:00.000,2015,1,9,15,10006KT,15,08
2015-01-09 16:00:00.000,2015,1,9,16,10008KT,15,08
2015-01-09 17:00:00.000,2015,1,9,17,10010KT,16,08
2015-01-09 18:00:00.000,2015,1,9,18,13008KT,15,08
2015-01-09 19:00:00.000,2015,1,9,19,12008KT,16,08
2015-01-09 20:00:00.000,2015,1,9,20,12012KT,17,08
2015-01-09 21:00:00.000,2015,1,9,21,13010KT,14,08
2015-01-09 22:00:00.000,2015,1,9,22,13010KT,14,07
2015-01-09 23:00:00.000,2015,1,9,23,12008KT,14,07
2015-01-10 00:00:00.000,2015,1,10,0,05005KT,13,07
2015-01-10 01:00:00.000,2015,1,10,1,05005KT,12,07
2015-01-10 02:00:00.000,2015,1,10,2,04006KT,12,08
2015-01-10 03:00:00.000,2015,1,10,3,VRB02KT,12,08
2015-01-10 04:00:00.000,2015,1,10,4,11003KT,12,08
2015-01-10 05:00:00.000,2015,1,10,5,06003KT,10,07
2015-01-10 06:00:00.000,2015,1,10,6,VRB02KT,09,07
2015-01-10 07:00:00.000,2015,1,10,7,04005KT,08,06
2015-01-10 08:00:00.000,2015,1,10,8,04005KT,08,06
2015-01-10 09:00:00.000,2015,1,10,9,07007KT,08,06
2015-01-10 10:00:00.000,2015,1,10,10,05007KT,07,06
2015-01-10 10:28:00.000,2015,1,10,10,06007KT,07,06
2015-01-10 11:00:00.000,2015,1,10,11,VRB02KT,08,06
2015-01-10 12:00:00.000,2015,1,10,12,07004KT,09,07
2015-01-10 13:00:00.000,2015,1,10,13,07010KT,12,08
2015-01-10 14:00:00.000,2015,1,10,14,11010KT,15,17
2015-01-10 15:00:00.000,2015,1,10,15,10008KT,17,08
2015-01-10 16:00:00.000,2015,1,10,16,06008KT,17,07
2015-01-10 17:00:00.000,2015,1,10,17,15014KT,19,06
2015-01-10 18:00:00.000,2015,1,10,18,09015KT,18,06
2015-01-10 19:00:00.000,2015,1,10,19,05015KT,18,06
2015-01-10 20:00:00.000,2015,1,10,20,10006G17KT,19,04
2015-01-10 21:00:00.000,2015,1,10,21,07015KT,18,05
2015-01-10 22:00:00.000,2015,1,10,22,08013KT,18,05
2015-01-10 23:00:00.000,2015,1,10,23,11009G18KT,16,05
2015-01-11 01:00:00.000,2015,1,11,1,07004KT,12,06
2015-01-11 03:00:00.000,2015,1,11,3,02004KT,10,06
2015-01-11 04:00:00.000,2015,1,11,4,32004KT,11,07
2015-01-11 05:00:00.000,2015,1,11,5,06002KT,08,07
2015-01-11 06:00:00.000,2015,1,11,6,VRB02KT,07,06
2015-01-11 07:00:00.000,2015,1,11,7,VRB02KT,08,07
2015-01-11 08:00:00.000,2015,1,11,8,VRB02KT,09,08
2015-01-11 10:00:00.000,2015,1,11,10,03005KT,11,09
2015-01-11 10:30:00.000,2015,1,11,10,04004KT,11,08
2015-01-11 11:00:00.000,2015,1,11,11,04006KT,11,08
2015-01-11 12:00:00.000,2015,1,11,12,05008KT,12,09
2015-01-11 13:00:00.000,2015,1,11,13,04012KT,14,09
2015-01-11 15:00:00.000,2015,1,11,15,05015KT,16,09
2015-01-11 16:00:00.000,2015,1,11,16,07022KT,17,08
2015-01-11 17:00:00.000,2015,1,11,17,11006G22KT,17,08
2015-01-11 18:00:00.000,2015,1,11,18,13018KT,19,06
2015-01-11 19:00:00.000,2015,1,11,19,13016KT,20,04
2015-01-11 20:00:00.000,2015,1,11,20,09010KT,19,05
2015-01-11 21:00:00.000,2015,1,11,21,13010KT,18,06
2015-01-11 22:00:00.000,2015,1,11,22,06012KT,15,08
2015-01-11 23:00:00.000,2015,1,11,23,13006KT,14,08
2015-01-12 00:00:00.000,2015,1,12,0,08005KT,14,07
2015-01-12 01:00:00.000,2015,1,12,1,04005KT,10,06
2015-01-12 03:00:00.000,2015,1,12,3,05008KT,10,07
2015-01-12 04:00:00.000,2015,1,12,4,07005KT,10,07
2015-01-12 05:00:00.000,2015,1,12,5,VRB02KT,10,07
2015-01-12 06:00:00.000,2015,1,12,6,06008KT,11,08
2015-01-12 07:00:00.000,2015,1,12,7,05006KT,11,08
2015-01-12 08:00:00.000,2015,1,12,8,06005KT,10,08
2015-01-12 09:00:00.000,2015,1,12,9,04008KT,10,08
2015-01-12 10:00:00.000,2015,1,12,10,05006KT,09,07
2015-01-12 10:30:00.000,2015,1,12,10,05005KT,09,07
2015-01-12 11:00:00.000,2015,1,12,11,VRB02KT,10,08
2015-01-12 12:00:00.000,2015,1,12,12,05010KT,13,09
2015-01-12 13:00:00.000,2015,1,12,13,09013KT,14,09
2015-01-12 14:00:00.000,2015,1,12,14,07013KT,15,09
2015-01-12 15:00:00.000,2015,1,12,15,07015KT,17,09
2015-01-12 17:00:00.000,2015,1,12,17,11008G18KT,19,06
2015-01-12 18:00:00.000,2015,1,12,18,15014KT,20,05
2015-01-12 19:00:00.000,2015,1,12,19,12010KT,20,04
2015-01-12 20:00:00.000,2015,1,12,20,11010KT,19,04
2015-01-12 21:00:00.000,2015,1,12,21,11008KT,18,04
2015-01-12 22:00:00.000,2015,1,12,22,11006KT,18,04
2015-01-12 23:00:00.000,2015,1,12,23,12010KT,17,05
2015-01-13 00:00:00.000,2015,1,13,0,14008KT,14,05
2015-01-13 01:00:00.000,2015,1,13,1,07004KT,14,07
2015-01-13 03:00:00.000,2015,1,13,3,02006KT,12,08
2015-01-13 04:00:00.000,2015,1,13,4,04004KT,10,07
2015-01-13 05:00:00.000,2015,1,13,5,03004KT,10,08
2015-01-13 06:00:00.000,2015,1,13,6,04006KT,10,08
2015-01-13 07:00:00.000,2015,1,13,7,06005KT,09,07
2015-01-13 08:00:00.000,2015,1,13,8,05006KT,09,07
2015-01-13 09:00:00.000,2015,1,13,9,06005KT,08,07
2015-01-13 10:00:00.000,2015,1,13,10,03005KT,07,05
2015-01-13 10:30:00.000,2015,1,13,10,04005KT,07,05
2015-01-13 11:00:00.000,2015,1,13,11,06009KT,07,05
2015-01-13 12:00:00.000,2015,1,13,12,04012KT,08,06
2015-01-13 13:00:00.000,2015,1,13,13,03010KT,13,07
2015-01-13 14:00:00.000,2015,1,13,14,VRB02KT,16,07
2015-01-13 14:35:00.000,2015,1,13,14,05006KT,18,05
2015-01-13 15:48:00.000,2015,1,13,15,10013KT,21,03
2015-01-13 16:00:00.000,2015,1,13,16,10013KT,21,03
2015-01-13 17:00:00.000,2015,1,13,17,06010KT,22,03
2015-01-13 18:00:00.000,2015,1,13,18,27008KT,20,08
2015-01-13 19:00:00.000,2015,1,13,19,23007KT,20,08
2015-01-13 20:00:00.000,2015,1,13,20,28007KT,20,09
2015-01-13 21:00:00.000,2015,1,13,21,25008KT,19,10
2015-01-13 22:00:00.000,2015,1,13,22,29010KT,19,10
2015-01-13 23:00:00.000,2015,1,13,23,29007KT,17,11
2015-01-14 00:00:00.000,2015,1,14,0,26004KT,16,11
2015-01-14 01:00:00.000,2015,1,14,1,VRB02KT,15,11
2015-01-14 02:00:00.000,2015,1,14,2,VRB02KT,13,11
2015-01-14 03:00:00.000,2015,1,14,3,VRB02KT,13,11
2015-01-14 04:00:00.000,2015,1,14,4,35003KT,11,10
2015-01-14 05:00:00.000,2015,1,14,5,01004KT,13,10
2015-01-14 06:00:00.000,2015,1,14,6,VRB02KT,12,09
2015-01-14 07:00:00.000,2015,1,14,7,04004KT,11,09
2015-01-14 08:00:00.000,2015,1,14,8,04004KT,11,09
2015-01-14 09:00:00.000,2015,1,14,9,03003KT,11,09
2015-01-14 10:00:00.000,2015,1,14,10,03003KT,11,09
2015-01-14 10:30:00.000,2015,1,14,10,VRB02KT,11,09
2015-01-14 11:00:00.000,2015,1,14,11,02004KT,11,09
2015-01-14 12:00:00.000,2015,1,14,12,34004KT,11,09
2015-01-14 13:00:00.000,2015,1,14,13,02004KT,13,11
2015-01-14 14:00:00.000,2015,1,14,14,01005KT,15,10
2015-01-14 15:00:00.000,2015,1,14,15,21005KT,15,09
2015-01-14 16:00:00.000,2015,1,14,16,03006KT,17,09
2015-01-14 17:00:00.000,2015,1,14,17,05010KT,19,09
2015-01-14 18:00:00.000,2015,1,14,18,07008KT,21,07
2015-01-14 19:00:00.000,2015,1,14,19,06010KT,20,06
2015-01-14 20:00:00.000,2015,1,14,20,20008KT,20,06
2015-01-14 21:00:00.000,2015,1,14,21,22008KT,19,10
2015-01-14 22:00:00.000,2015,1,14,22,22010KT,19,09
2015-01-14 23:00:00.000,2015,1,14,23,23008KT,17,12
2015-01-15 00:00:00.000,2015,1,15,0,23005KT,15,12
2015-01-15 01:00:00.000,2015,1,15,1,VRB02KT,14,11
2015-01-15 02:00:00.000,2015,1,15,2,33004KT,13,11
2015-01-15 03:00:00.000,2015,1,15,3,VRB02KT,13,10
2015-01-15 04:00:00.000,2015,1,15,4,VRB02KT,12,09
2015-01-15 05:00:00.000,2015,1,15,5,03006KT,12,09
2015-01-15 06:00:00.000,2015,1,15,6,05006KT,12,10
2015-01-15 07:00:00.000,2015,1,15,7,36004KT,11,09
2015-01-15 08:00:00.000,2015,1,15,8,07003KT,12,07
2015-01-15 09:00:00.000,2015,1,15,9,06003KT,11,09
2015-01-15 10:00:00.000,2015,1,15,10,05006KT,12,09
2015-01-15 10:27:00.000,2015,1,15,10,02006KT,12,09
2015-01-15 11:00:00.000,2015,1,15,11,05007KT,12,09
2015-01-15 12:00:00.000,2015,1,15,12,02006KT,13,10
2015-01-15 13:00:00.000,2015,1,15,13,05006KT,13,09
2015-01-15 14:00:00.000,2015,1,15,14,02010KT,14,10
2015-01-15 15:00:00.000,2015,1,15,15,30003KT,15,09
2015-01-15 16:00:00.000,2015,1,15,16,07006KT,18,09
2015-01-15 17:00:00.000,2015,1,15,17,14008KT,20,08
2015-01-15 18:00:00.000,2015,1,15,18,23011KT,18,12
2015-01-15 19:00:00.000,2015,1,15,19,24010KT,19,12
2015-01-15 20:00:00.000,2015,1,15,20,27013KT,19,12
2015-01-15 21:00:00.000,2015,1,15,21,24013KT,19,11
2015-01-15 22:00:00.000,2015,1,15,22,30010KT,18,10
2015-01-15 23:00:00.000,2015,1,15,23,26010KT,16,10
2015-01-16 00:00:00.000,2015,1,16,0,23004KT,15,11
2015-01-16 01:00:00.000,2015,1,16,1,VRB02KT,13,11
2015-01-16 02:00:00.000,2015,1,16,2,VRB02KT,14,11
2015-01-16 03:00:00.000,2015,1,16,3,VRB02KT,11,10
2015-01-16 04:00:00.000,2015,1,16,4,VRB02KT,11,09
2015-01-16 05:00:00.000,2015,1,16,5,04004KT,10,08
2015-01-16 06:00:00.000,2015,1,16,6,03006KT,10,08
2015-01-16 07:00:00.000,2015,1,16,7,05004KT,09,08
2015-01-16 08:00:00.000,2015,1,16,8,04003KT,10,08
2015-01-16 09:00:00.000,2015,1,16,9,VRB02KT,08,07
2015-01-16 10:00:00.000,2015,1,16,10,VRB02KT,08,07
2015-01-16 10:30:00.000,2015,1,16,10,VRB02KT,07,06
2015-01-16 11:00:00.000,2015,1,16,11,06004KT,08,07
2015-01-16 12:00:00.000,2015,1,16,12,06006KT,10,09
2015-01-16 13:00:00.000,2015,1,16,13,06008KT,13,10
2015-01-16 14:00:00.000,2015,1,16,14,03005KT,15,11
2015-01-16 15:00:00.000,2015,1,16,15,12004KT,17,09
2015-01-16 16:00:00.000,2015,1,16,16,35004KT,20,08
2015-01-16 17:00:00.000,2015,1,16,17,15006KT,20,07
2015-01-16 18:00:00.000,2015,1,16,18,28010KT,20,10
2015-01-16 19:00:00.000,2015,1,16,19,25010KT,21,11
2015-01-16 20:00:00.000,2015,1,16,20,31014KT,19,11
2015-01-16 21:00:00.000,2015,1,16,21,29006KT,16,12
2015-01-16 22:00:00.000,2015,1,16,22,21006KT,15,12
2015-01-16 23:00:00.000,2015,1,16,23,22004KT,15,10
2015-01-17 00:00:00.000,2015,1,17,0,24004KT,14,11
2015-01-17 01:00:00.000,2015,1,17,1,VRB02KT,12,11
2015-01-17 02:00:00.000,2015,1,17,2,33003KT,11,10
2015-01-17 03:00:00.000,2015,1,17,3,36003KT,11,10
2015-01-17 04:00:00.000,2015,1,17,4,36003KT,11,11
2015-01-17 05:00:00.000,2015,1,17,5,VRB02KT,11,10
2015-01-17 06:00:00.000,2015,1,17,6,35003KT,08,07
2015-01-17 06:34:00.000,2015,1,17,6,34003KT,09,08
2015-01-17 07:00:00.000,2015,1,17,7,30003KT,09,09
2015-01-17 07:33:00.000,2015,1,17,7,VRB02KT,10,09
2015-01-17 08:00:00.000,2015,1,17,8,VRB02KT,10,10
2015-01-17 09:00:00.000,2015,1,17,9,VRB02KT,10,10
2015-01-17 09:33:00.000,2015,1,17,9,08003KT,10,09
2015-01-17 10:00:00.000,2015,1,17,10,VRB02KT,10,09
2015-01-17 10:39:00.000,2015,1,17,10,36003KT,10,09
2015-01-17 11:00:00.000,2015,1,17,11,VRB02KT,09,09
2015-01-17 11:30:00.000,2015,1,17,11,VRB02KT,10,10
2015-01-17 12:00:00.000,2015,1,17,12,VRB02KT,11,10
2015-01-17 13:00:00.000,2015,1,17,13,02003KT,12,12
2015-01-17 14:00:00.000,2015,1,17,14,03005KT,15,11
2015-01-17 15:00:00.000,2015,1,17,15,06005KT,17,10
2015-01-17 16:00:00.000,2015,1,17,16,33005KT,18,10
2015-01-17 17:00:00.000,2015,1,17,17,19003KT,20,08
2015-01-17 18:00:00.000,2015,1,17,18,27012KT,19,10
2015-01-17 18:40:00.000,2015,1,17,18,29015KT,20,10
2015-01-17 19:00:00.000,2015,1,17,19,27014KT,18,10
2015-01-17 20:00:00.000,2015,1,17,20,26015KT,17,10
2015-01-17 21:00:00.000,2015,1,17,21,25010KT,16,11
2015-01-17 22:00:00.000,2015,1,17,22,19008KT,15,12
2015-01-17 22:15:00.000,2015,1,17,22,24005KT,15,12
2015-01-17 23:00:00.000,2015,1,17,23,17006KT,14,12
2015-01-18 00:00:00.000,2015,1,18,0,09006KT,13,11
2015-01-18 00:30:00.000,2015,1,18,0,11005KT,12,11
2015-01-18 01:00:00.000,2015,1,18,1,VRB02KT,12,10
2015-01-18 02:00:00.000,2015,1,18,2,VRB02KT,12,10
2015-01-18 02:10:00.000,2015,1,18,2,05005KT,11,10
2015-01-18 03:00:00.000,2015,1,18,3,VRB02KT,12,11
2015-01-18 04:00:00.000,2015,1,18,4,30005KT,12,11
2015-01-18 05:00:00.000,2015,1,18,5,VRB02KT,12,10
2015-01-18 06:00:00.000,2015,1,18,6,VRB02KT,11,10
2015-01-18 07:00:00.000,2015,1,18,7,VRB02KT,11,11
2015-01-18 08:00:00.000,2015,1,18,8,27004KT,11,11
2015-01-18 09:00:00.000,2015,1,18,9,32004KT,11,11
2015-01-18 10:00:00.000,2015,1,18,10,VRB02KT,11,11
2015-01-18 10:30:00.000,2015,1,18,10,VRB02KT,11,09
2015-01-18 11:00:00.000,2015,1,18,11,VRB02KT,11,10
2015-01-18 12:00:00.000,2015,1,18,12,28003KT,11,11
2015-01-18 13:00:00.000,2015,1,18,13,01003KT,12,11
2015-01-18 14:00:00.000,2015,1,18,14,VRB02KT,14,11
2015-01-18 15:00:00.000,2015,1,18,15,03004KT,17,10
2015-01-18 16:00:00.000,2015,1,18,16,28003KT,18,09
2015-01-18 17:00:00.000,2015,1,18,17,05004KT,19,08
2015-01-18 18:00:00.000,2015,1,18,18,02004KT,20,08
2015-01-18 19:00:00.000,2015,1,18,19,27014KT,19,11
2015-01-18 19:18:00.000,2015,1,18,19,27012KT,18,11
2015-01-18 20:00:00.000,2015,1,18,20,25011KT,18,11
2015-01-18 20:25:00.000,2015,1,18,20,23009KT,17,11
2015-01-18 21:00:00.000,2015,1,18,21,25007KT,15,12
2015-01-18 21:10:00.000,2015,1,18,21,23008KT,18,12
2015-01-18 21:29:00.000,2015,1,18,21,23009KT,15,12
2015-01-18 22:00:00.000,2015,1,18,22,24007KT,16,11
2015-01-18 23:00:00.000,2015,1,18,23,23007KT,15,11
2015-01-19 00:00:00.000,2015,1,19,0,28005KT,14,11
2015-01-19 01:00:00.000,2015,1,19,1,33004KT,14,12
2015-01-19 02:00:00.000,2015,1,19,2,00000KT,13,11
2015-01-19 03:00:00.000,2015,1,19,3,33004KT,13,11
2015-01-19 04:00:00.000,2015,1,19,4,32010KT,13,11
2015-01-19 05:00:00.000,2015,1,19,5,34003KT,12,10
2015-01-19 06:00:00.000,2015,1,19,6,00000KT,12,10
2015-01-19 07:00:00.000,2015,1,19,7,00000KT,12,10
2015-01-19 08:00:00.000,2015,1,19,8,34003KT,11,10
2015-01-19 09:00:00.000,2015,1,19,9,34003KT,11,10
2015-01-19 10:00:00.000,2015,1,19,10,00000KT,11,10
2015-01-19 10:30:00.000,2015,1,19,10,05004KT,11,10
2015-01-19 11:00:00.000,2015,1,19,11,04005KT,12,11
2015-01-19 12:00:00.000,2015,1,19,12,VRB02KT,12,10
2015-01-19 13:00:00.000,2015,1,19,13,05010KT,15,11
2015-01-19 14:00:00.000,2015,1,19,14,06006KT,17,10
2015-01-19 15:00:00.000,2015,1,19,15,10010KT,18,09
2015-01-19 16:00:00.000,2015,1,19,16,13011KT,18,08
2015-01-19 17:00:00.000,2015,1,19,17,17002KT,20,07
2015-01-19 18:00:00.000,2015,1,19,18,30010KT,20,10
2015-01-19 20:00:00.000,2015,1,19,20,28012KT,15,12
2015-01-19 21:00:00.000,2015,1,19,21,27010KT,17,11
2015-01-19 22:00:00.000,2015,1,19,22,18005KT,16,11
2015-01-19 23:00:00.000,2015,1,19,23,18006KT,15,12
2015-01-20 00:00:00.000,2015,1,20,0,27007KT,14,11
2015-01-20 01:00:00.000,2015,1,20,1,22004KT,14,11
2015-01-20 02:00:00.000,2015,1,20,2,VRB02KT,12,11
2015-01-20 03:00:00.000,2015,1,20,3,05004KT,11,10
2015-01-20 04:00:00.000,2015,1,20,4,08004KT,11,10
2015-01-20 05:00:00.000,2015,1,20,5,05005KT,10,08
2015-01-20 06:00:00.000,2015,1,20,6,06004KT,10,08
2015-01-20 07:00:00.000,2015,1,20,7,05003KT,10,08
2015-01-20 08:00:00.000,2015,1,20,8,07008KT,09,06
2015-01-20 09:00:00.000,2015,1,20,9,06008KT,10,06
2015-01-20 10:00:00.000,2015,1,20,10,VRB02KT,09,06
2015-01-20 10:30:00.000,2015,1,20,10,VRB02KT,08,06
2015-01-20 11:00:00.000,2015,1,20,11,05006KT,08,06
2015-01-20 12:00:00.000,2015,1,20,12,04006KT,10,07
2015-01-20 13:00:00.000,2015,1,20,13,07010KT,12,07
2015-01-20 14:00:00.000,2015,1,20,14,06008KT,14,08
2015-01-20 15:00:00.000,2015,1,20,15,07012KT,15,08
2015-01-20 15:00:00.000,2015,1,20,15,07012KT,15,08
2015-01-20 16:00:00.000,2015,1,20,16,11006KT,17,07
2015-01-20 17:00:00.000,2015,1,20,17,10012KT,18,08
2015-01-20 18:00:00.000,2015,1,20,18,14005KT,17,08
2015-01-20 19:00:00.000,2015,1,20,19,14010KT,17,07
2015-01-20 20:00:00.000,2015,1,20,20,10013KT,18,08
2015-01-20 21:00:00.000,2015,1,20,21,09010KT,17,08
2015-01-20 22:00:00.000,2015,1,20,22,09010KT,16,08
2015-01-20 23:00:00.000,2015,1,20,23,06010KT,16,09
2015-01-21 00:00:00.000,2015,1,21,0,07005KT,15,09
2015-01-21 01:00:00.000,2015,1,21,1,06006KT,15,10
2015-01-21 02:00:00.000,2015,1,21,2,05007KT,14,09
2015-01-21 03:00:00.000,2015,1,21,3,05008KT,13,09
2015-01-21 04:00:00.000,2015,1,21,4,05006KT,12,09
2015-01-21 05:00:00.000,2015,1,21,5,06008KT,12,09
2015-01-21 06:00:00.000,2015,1,21,6,05008KT,12,09
2015-01-21 07:00:00.000,2015,1,21,7,04008KT,12,09
2015-01-21 08:00:00.000,2015,1,21,8,00000KT,12,09
2015-01-21 09:00:00.000,2015,1,21,9,03002KT,12,09
2015-01-21 10:00:00.000,2015,1,21,10,05004KT,12,10
2015-01-21 10:30:00.000,2015,1,21,10,03004KT,12,10
2015-01-21 11:00:00.000,2015,1,21,11,03003KT,11,10
2015-01-21 12:00:00.000,2015,1,21,12,VRB02KT,11,10
2015-01-21 13:00:00.000,2015,1,21,13,06007KT,12,10
2015-01-21 14:00:00.000,2015,1,21,14,05010KT,14,10
2015-01-21 15:00:00.000,2015,1,21,15,03008KT,15,10
2015-01-21 16:00:00.000,2015,1,21,16,06010KT,16,10
2015-01-21 18:00:00.000,2015,1,21,18,07004KT,17,10
2015-01-21 19:00:00.000,2015,1,21,19,12004KT,17,09
2015-01-21 20:00:00.000,2015,1,21,20,07004KT,17,09
2015-01-21 21:00:00.000,2015,1,21,21,08005KT,18,08
2015-01-21 22:00:00.000,2015,1,21,22,09006KT,18,07
2015-01-21 23:00:00.000,2015,1,21,23,24005KT,16,11
2015-01-22 00:00:00.000,2015,1,22,0,03003KT,15,12
2015-01-22 01:00:00.000,2015,1,22,1,VRB02KT,13,10
2015-01-22 02:00:00.000,2015,1,22,2,VRB02KT,11,09
2015-01-22 03:00:00.000,2015,1,22,3,32003KT,10,09
2015-01-22 04:00:00.000,2015,1,22,4,35003KT,09,09
2015-01-22 05:00:00.000,2015,1,22,5,00000KT,10,09
2015-01-22 06:00:00.000,2015,1,22,6,27004KT,11,09
2015-01-22 07:00:00.000,2015,1,22,7,00000KT,11,09
2015-01-22 08:00:00.000,2015,1,22,8,VRB02KT,11,09
2015-01-22 09:00:00.000,2015,1,22,9,03004KT,10,08
2015-01-22 10:00:00.000,2015,1,22,10,07003KT,10,09
2015-01-22 10:30:00.000,2015,1,22,10,06004KT,11,09
2015-01-22 11:00:00.000,2015,1,22,11,05004KT,10,09
2015-01-22 12:00:00.000,2015,1,22,12,VRB02KT,10,09
2015-01-22 13:00:00.000,2015,1,22,13,03003KT,12,10
2015-01-22 14:00:00.000,2015,1,22,14,03003KT,14,10
2015-01-22 15:00:00.000,2015,1,22,15,VRB02KT,16,09
2015-01-22 16:00:00.000,2015,1,22,16,04004KT,16,10
2015-01-22 17:00:00.000,2015,1,22,17,06004KT,17,09
2015-01-22 18:00:00.000,2015,1,22,18,10004KT,15,10
2015-01-22 18:11:00.000,2015,1,22,18,10004KT,15,10
2015-01-22 19:00:00.000,2015,1,22,19,28003KT,15,12
2015-01-22 19:10:00.000,2015,1,22,19,VRB02KT,15,11
2015-01-22 20:00:00.000,2015,1,22,20,30008G17KT,13,12
2015-01-22 20:10:00.000,2015,1,22,20,30008G17KT,13,12
2015-01-22 21:00:00.000,2015,1,22,21,30012KT,14,12
2015-01-22 22:00:00.000,2015,1,22,22,30012KT,13,11
2015-01-22 23:00:00.000,2015,1,22,23,36004KT,13,11
2015-01-23 00:00:00.000,2015,1,23,0,02002KT,12,11
2015-01-23 01:00:00.000,2015,1,23,1,01003KT,12,11
2015-01-23 02:00:00.000,2015,1,23,2,05003KT,12,11
2015-01-23 03:00:00.000,2015,1,23,3,02003KT,11,09
2015-01-23 04:00:00.000,2015,1,23,4,35003KT,09,08
2015-01-23 05:00:00.000,2015,1,23,5,32003KT,09,09
2015-01-23 06:00:00.000,2015,1,23,6,22003KT,07,07
2015-01-23 07:00:00.000,2015,1,23,7,35003KT,08,07
2015-01-23 08:00:00.000,2015,1,23,8,00000KT,09,08
2015-01-23 09:00:00.000,2015,1,23,9,VRB02KT,09,08
2015-01-23 10:00:00.000,2015,1,23,10,VRB02KT,09,08
2015-01-23 10:30:00.000,2015,1,23,10,32003KT,09,09
2015-01-23 11:00:00.000,2015,1,23,11,36003KT,09,08
2015-01-23 12:00:00.000,2015,1,23,12,33003KT,09,08
2015-01-23 13:00:00.000,2015,1,23,13,31003KT,10,09
2015-01-23 14:00:00.000,2015,1,23,14,VRB02KT,14,10
2015-01-23 15:00:00.000,2015,1,23,15,VRB02KT,17,09
2015-01-23 16:00:00.000,2015,1,23,16,27004KT,17,09
2015-01-23 17:00:00.000,2015,1,23,17,VRB02KT,19,09
2015-01-23 18:00:00.000,2015,1,23,18,30018KT,16,11
2015-01-23 19:00:00.000,2015,1,23,19,24010KT,17,11
2015-01-23 21:00:00.000,2015,1,23,21,29010KT,18,11
2015-01-23 22:00:00.000,2015,1,23,22,26011KT,17,10
2015-01-23 23:00:00.000,2015,1,23,23,32004KT,16,12
2015-01-24 00:00:00.000,2015,1,24,0,28005KT,15,12
2015-01-24 01:00:00.000,2015,1,24,1,24010KT,14,12
2015-01-24 02:00:00.000,2015,1,24,2,22003KT,14,12
2015-01-24 03:00:00.000,2015,1,24,3,20003KT,14,11
2015-01-24 03:05:00.000,2015,1,24,3,34003KT,13,11
2015-01-24 03:30:00.000,2015,1,24,3,17005KT,13,11
2015-01-24 05:00:00.000,2015,1,24,5,03003KT,12,11
2015-01-24 06:00:00.000,2015,1,24,6,VRB02KT,11,10
2015-01-24 07:00:00.000,2015,1,24,7,06004KT,11,10
2015-01-24 08:00:00.000,2015,1,24,8,VRB02KT,11,10
2015-01-24 09:00:00.000,2015,1,24,9,32002KT,11,10
2015-01-24 10:00:00.000,2015,1,24,10,VRB02KT,10,09
2015-01-24 10:30:00.000,2015,1,24,10,00000KT,09,08
2015-01-24 11:00:00.000,2015,1,24,11,36003KT,09,08
2015-01-24 11:25:00.000,2015,1,24,11,06002KT,09,09
2015-01-24 11:47:00.000,2015,1,24,11,VRB02KT,09,08
2015-01-24 12:00:00.000,2015,1,24,12,VRB02KT,10,09
2015-01-24 12:30:00.000,2015,1,24,12,27002KT,11,10
2015-01-24 12:44:00.000,2015,1,24,12,VRB02KT,11,10
2015-01-24 13:00:00.000,2015,1,24,13,VRB02KT,12,11
2015-01-24 13:22:00.000,2015,1,24,13,VRB02KT,13,12
2015-01-24 14:00:00.000,2015,1,24,14,32004KT,14,13
2015-01-24 15:00:00.000,2015,1,24,15,07004KT,17,10
2015-01-24 16:00:00.000,2015,1,24,16,28010KT,17,10
2015-01-24 17:00:00.000,2015,1,24,17,26010KT,18,12
2015-01-24 18:00:00.000,2015,1,24,18,22008KT,17,10
2015-01-24 19:00:00.000,2015,1,24,19,28011KT,17,10
2015-01-24 20:00:00.000,2015,1,24,20,30012KT,18,11
2015-01-24 22:00:00.000,2015,1,24,22,24010KT,17,11
2015-01-25 00:00:00.000,2015,1,25,0,29006KT,14,11
2015-01-25 03:00:00.000,2015,1,25,3,VRB02KT,12,11
2015-01-25 04:00:00.000,2015,1,25,4,31003KT,12,11
2015-01-25 05:00:00.000,2015,1,25,5,32004KT,11,10
2015-01-25 07:00:00.000,2015,1,25,7,VRB02KT,10,10
2015-01-25 08:00:00.000,2015,1,25,8,27004KT,11,11
2015-01-25 09:00:00.000,2015,1,25,9,VRB02KT,11,10
2015-01-25 10:00:00.000,2015,1,25,10,32003KT,09,09
2015-01-25 10:30:00.000,2015,1,25,10,VRB02KT,10,10
2015-01-25 11:00:00.000,2015,1,25,11,09003KT,11,10
2015-01-25 12:00:00.000,2015,1,25,12,12003KT,12,11
2015-01-25 13:00:00.000,2015,1,25,13,04003KT,14,10
2015-01-25 14:00:00.000,2015,1,25,14,18003KT,15,09
2015-01-25 14:40:00.000,2015,1,25,14,03007KT,17,08
2015-01-25 15:00:00.000,2015,1,25,15,16006KT,18,07
2015-01-25 16:00:00.000,2015,1,25,16,04009KT,19,08
2015-01-25 17:00:00.000,2015,1,25,17,14006KT,20,05
2015-01-25 18:00:00.000,2015,1,25,18,04003KT,21,06
2015-01-25 19:00:00.000,2015,1,25,19,35004KT,20,06
2015-01-25 20:00:00.000,2015,1,25,20,25010KT,20,10
2015-01-25 21:00:00.000,2015,1,25,21,24015KT,19,10
2015-01-25 22:00:00.000,2015,1,25,22,28012KT,18,11
2015-01-25 23:00:00.000,2015,1,25,23,27010KT,16,11
2015-01-26 00:00:00.000,2015,1,26,0,28005KT,15,11
2015-01-26 01:00:00.000,2015,1,26,1,00000KT,13,10
2015-01-26 02:00:00.000,2015,1,26,2,27003KT,13,10
2015-01-26 03:00:00.000,2015,1,26,3,VRB02KT,13,11
2015-01-26 04:00:00.000,2015,1,26,4,04003KT,13,09
2015-01-26 05:00:00.000,2015,1,26,5,03004KT,11,08
2015-01-26 06:00:00.000,2015,1,26,6,05004KT,09,08
2015-01-26 07:00:00.000,2015,1,26,7,04003KT,09,08
2015-01-26 08:00:00.000,2015,1,26,8,04004KT,09,08
2015-01-26 09:00:00.000,2015,1,26,9,030003KT,09,08
2015-01-26 10:00:00.000,2015,1,26,10,04003KT,08,07
2015-01-26 10:30:00.000,2015,1,26,10,VRB02KT,06,05
2015-01-26 11:00:00.000,2015,1,26,11,30003KT,06,05
2015-01-26 12:00:00.000,2015,1,26,12,VRB02KT,06,05
2015-01-26 12:37:00.000,2015,1,26,12,VRB02KT,11,09
2015-01-26 13:00:00.000,2015,1,26,13,VRB02KT,12,09
2015-01-26 14:00:00.000,2015,1,26,14,VRB02KT,15,08
2015-01-26 14:23:00.000,2015,1,26,14,05008KT,17,08
2015-01-26 15:00:00.000,2015,1,26,15,07010KT,18,08
2015-01-26 16:00:00.000,2015,1,26,16,12012KT,19,07
2015-01-26 17:00:00.000,2015,1,26,17,15010KT,19,07
2015-01-26 18:00:00.000,2015,1,26,18,14008KT,20,06
2015-01-26 19:00:00.000,2015,1,26,19,21003KT,20,09
2015-01-26 20:00:00.000,2015,1,26,20,25012KT,21,11
2015-01-26 21:00:00.000,2015,1,26,21,26008G18KT,20,10
2015-01-26 22:00:00.000,2015,1,26,22,26010KT,19,10
2015-01-26 23:00:00.000,2015,1,26,23,26012KT,17,11
2015-01-27 00:00:00.000,2015,1,27,0,30004KT,16,10
2015-01-27 01:00:00.000,2015,1,27,1,VRBO2KT,15,11
2015-01-27 02:00:00.000,2015,1,27,2,VRB02KT,14,11
2015-01-27 03:00:00.000,2015,1,27,3,VRB02KT,12,10
2015-01-27 05:00:00.000,2015,1,27,5,VRB02KT,12,11
2015-01-27 06:00:00.000,2015,1,27,6,VRB02KT,13,11
2015-01-27 10:00:00.000,2015,1,27,10,VRB02KT,11,10
2015-01-27 10:30:00.000,2015,1,27,10,VRB02KT,11,10
2015-01-27 11:00:00.000,2015,1,27,11,VRB02KT,11,10
2015-01-27 12:00:00.000,2015,1,27,12,02003KT,11,10
2015-01-27 13:00:00.000,2015,1,27,13,04004KT,12,10
2015-01-27 14:00:00.000,2015,1,27,14,06008KT,16,10
2015-01-27 15:00:00.000,2015,1,27,15,12010KT,19,06
2015-01-27 15:10:00.000,2015,1,27,15,12010KT,19,06
2015-01-27 17:00:00.000,2015,1,27,17,36010KT,21,08
2015-01-27 18:00:00.000,2015,1,27,18,26006KT,19,10
2015-01-27 19:00:00.000,2015,1,27,19,29014KT,19,10
2015-01-27 19:35:00.000,2015,1,27,19,27015KT,18,10
2015-01-27 19:45:00.000,2015,1,27,19,22012KT,18,10
2015-01-27 20:00:00.000,2015,1,27,20,23011KT,16,11
2015-01-27 20:30:00.000,2015,1,27,20,18004KT,15,12
2015-01-27 21:00:00.000,2015,1,27,21,24006KT,15,12
2015-01-27 21:33:00.000,2015,1,27,21,31006KT,14,12
2015-01-27 22:00:00.000,2015,1,27,22,VRB02KT,14,12
2015-01-27 23:00:00.000,2015,1,27,23,VRB02KT,14,12
2015-01-28 00:00:00.000,2015,1,28,0,32005KT,12,10
2015-01-28 01:00:00.000,2015,1,28,1,07003KT,13,10
2015-01-28 02:00:00.000,2015,1,28,2,01005KT,12,11
2015-01-28 03:00:00.000,2015,1,28,3,34003KT,12,10
2015-01-28 05:00:00.000,2015,1,28,5,VRB02KT,11,10
2015-01-28 07:00:00.000,2015,1,28,7,35003KT,07,07
2015-01-28 07:30:00.000,2015,1,28,7,VRB02KT,09,09
2015-01-28 08:00:00.000,2015,1,28,8,VRB02KT,09,09
2015-01-28 08:30:00.000,2015,1,28,8,VRB02KT,08,08
2015-01-28 09:00:00.000,2015,1,28,9,VRB02KT,08,08
2015-01-28 10:00:00.000,2015,1,28,10,VRB02KT,08,07
2015-01-28 10:30:00.000,2015,1,28,10,VRB02KT,08,08
2015-01-28 11:00:00.000,2015,1,28,11,35003KT,08,08
2015-01-28 11:30:00.000,2015,1,28,11,VRB02KT,08,08
2015-01-28 12:00:00.000,2015,1,28,12,VRB02KT,08,07
2015-01-28 14:00:00.000,2015,1,28,14,VRB02KT,15,09
2015-01-28 15:00:00.000,2015,1,28,15,11006KT,17,07
2015-01-28 16:00:00.000,2015,1,28,16,14006KT,18,06
2015-01-28 17:00:00.000,2015,1,28,17,14006KT,19,05
2015-01-28 18:00:00.000,2015,1,28,18,16008KT,19,07
2015-01-28 19:00:00.000,2015,1,28,19,24007KT,19,10
2015-01-28 20:00:00.000,2015,1,28,20,26014KT,20,10
2015-01-28 21:00:00.000,2015,1,28,21,32010KT,18,10
2015-01-28 22:00:00.000,2015,1,28,22,26012KT,17,10
2015-01-28 23:00:00.000,2015,1,28,23,29007KT,16,11
2015-01-29 00:00:00.000,2015,1,29,0,29007KT,16,11
2015-01-29 01:00:00.000,2015,1,29,1,VRB02KT,13,11
2015-01-29 02:00:00.000,2015,1,29,2,29004KT,13,11
2015-01-29 03:00:00.000,2015,1,29,3,02003KT,13,11
2015-01-29 04:00:00.000,2015,1,29,4,00000KT,12,10
2015-01-29 05:00:00.000,2015,1,29,5,02004KT,11,10
2015-01-29 06:00:00.000,2015,1,29,6,VRB02KT,11,09
2015-01-29 07:00:00.000,2015,1,29,7,02004KT,10,08
2015-01-29 08:00:00.000,2015,1,29,8,06006KT,09,08
2015-01-29 09:00:00.000,2015,1,29,9,VRB02KT,08,07
2015-01-29 10:00:00.000,2015,1,29,10,VRB02KT,07,06
2015-01-29 10:30:00.000,2015,1,29,10,03004KT,08,07
2015-01-29 11:00:00.000,2015,1,29,11,04005KT,07,06
2015-01-29 11:30:00.000,2015,1,29,11,04005KT,07,06
2015-01-29 12:00:00.000,2015,1,29,12,04003KT,08,07
2015-01-29 13:00:00.000,2015,1,29,13,05004KT,12,09
2015-01-29 14:00:00.000,2015,1,29,14,10008KT,16,08
2015-01-29 14:20:00.000,2015,1,29,14,10008KT,16,08
2015-01-29 15:00:00.000,2015,1,29,15,16005KT,16,07
2015-01-29 16:00:00.000,2015,1,29,16,14006KT,16,07
2015-01-29 18:00:00.000,2015,1,29,18,08006KT,19,07
2015-01-29 19:00:00.000,2015,1,29,19,15012KT,19,07
2015-01-29 20:00:00.000,2015,1,29,20,18012KT,20,06
2015-01-29 21:00:00.000,2015,1,29,21,16012KT,20,06
2015-01-29 22:00:00.000,2015,1,29,22,16013KT,18,06
2015-01-29 23:00:00.000,2015,1,29,23,16010KT,16,07
2015-01-30 00:00:00.000,2015,1,30,0,14008KT,14,06
2015-01-30 01:00:00.000,2015,1,30,1,VRB02KT,13,07
2015-01-30 02:00:00.000,2015,1,30,2,04004KT,10,07
2015-01-30 04:00:00.000,2015,1,30,4,VRB02KT,10,06
2015-01-30 05:00:00.000,2015,1,30,5,VRB02KT,09,06
2015-01-30 06:00:00.000,2015,1,30,6,VRB02KT,09,07
2015-01-30 07:00:00.000,2015,1,30,7,34003KT,06,05
2015-01-30 08:00:00.000,2015,1,30,8,VRB02KT,06,06
2015-01-30 09:00:00.000,2015,1,30,9,VRB02KT,05,05
2015-01-30 10:00:00.000,2015,1,30,10,VRB02KT,03,03
2015-01-30 10:30:00.000,2015,1,30,10,VRB02KT,05,05
2015-01-30 11:00:00.000,2015,1,30,11,VRB02KT,05,05
2015-01-30 12:00:00.000,2015,1,30,12,VRB02KT,07,06
2015-01-30 13:00:00.000,2015,1,30,13,04010KT,11,09
2015-01-30 13:25:00.000,2015,1,30,13,06007KT,14,08
2015-01-30 14:00:00.000,2015,1,30,14,VRB02KT,15,08
2015-01-30 15:00:00.000,2015,1,30,15,VRB02KT,16,08
2015-01-30 16:00:00.000,2015,1,30,16,11008KT,18,08
2015-01-30 17:00:00.000,2015,1,30,17,17015KT,20,09
2015-01-30 17:18:00.000,2015,1,30,17,15014KT,20,08
2015-01-30 18:00:00.000,2015,1,30,18,16015KT,21,08
2015-01-30 19:00:00.000,2015,1,30,19,16013KT,21,08
2015-01-30 20:00:00.000,2015,1,30,20,16010KT,20,07
2015-01-30 21:00:00.000,2015,1,30,21,23012KT,18,11
2015-01-30 22:00:00.000,2015,1,30,22,21005KT,18,12
2015-01-30 22:15:00.000,2015,1,30,22,21005KT,18,12
2015-01-30 23:00:00.000,2015,1,30,23,27010KT,17,12
2015-01-31 00:00:00.000,2015,1,31,0,27008KT,15,12
2015-01-31 01:00:00.000,2015,1,31,1,35004KT,14,12
2015-01-31 01:05:00.000,2015,1,31,1,04003KT,14,12
2015-01-31 02:00:00.000,2015,1,31,2,35004KT,13,12
2015-01-31 03:00:00.000,2015,1,31,3,03003KT,12,11
2015-01-31 04:00:00.000,2015,1,31,4,01003KT,12,11
2015-01-31 05:00:00.000,2015,1,31,5,06007KT,12,10
2015-01-31 06:00:00.000,2015,1,31,6,04006KT,12,10
2015-01-31 07:00:00.000,2015,1,31,7,01003KT,13,10
2015-01-31 08:00:00.000,2015,1,31,8,04004KT,11,10
2015-01-31 09:00:00.000,2015,1,31,9,05005KT,10,06
2015-01-31 10:00:00.000,2015,1,31,10,04004KT,12,10
2015-01-31 10:30:00.000,2015,1,31,10,05005KT,12,10
2015-01-31 11:00:00.000,2015,1,31,11,08004KT,12,09
2015-01-31 12:00:00.000,2015,1,31,12,06004KT,12,10
2015-01-31 13:00:00.000,2015,1,31,13,07009KT,15,10
2015-01-31 14:00:00.000,2015,1,31,14,05008KT,15,10
2015-01-31 15:00:00.000,2015,1,31,15,07006KT,15,10
2015-01-31 16:00:00.000,2015,1,31,16,07009KT,16,11
2015-01-31 17:00:00.000,2015,1,31,17,11010KT,17,10
2015-01-31 18:00:00.000,2015,1,31,18,05009KT,17,09
2015-01-31 19:00:00.000,2015,1,31,19,10008KT,18,09
2015-01-31 20:00:00.000,2015,1,31,20,08010KT,17,09
2015-01-31 21:00:00.000,2015,1,31,21,06004KT,18,09
2015-01-31 22:00:00.000,2015,1,31,22,05008KT,17,08
2015-01-31 23:00:00.000,2015,1,31,23,VRB02KT,16,08
2015-02-01 00:00:00.000,2015,2,1,0,VRB02KT,14,08
2015-02-01 01:00:00.000,2015,2,1,1,05004KT,13,09
2015-02-01 02:00:00.000,2015,2,1,2,36003KT,13,09
2015-02-01 03:00:00.000,2015,2,1,3,04008KT,14,09
2015-02-01 04:00:00.000,2015,2,1,4,VRB02KT,12,10
2015-02-01 05:00:00.000,2015,2,1,5,06005KT,12,10
2015-02-01 06:00:00.000,2015,2,1,6,04004KT,12,10
2015-02-01 07:00:00.000,2015,2,1,7,26005KT,12,10
2015-02-01 08:00:00.000,2015,2,1,8,05005KT,12,10
2015-02-01 09:00:00.000,2015,2,1,9,03006KT,,
2015-02-01 10:00:00.000,2015,2,1,10,06004KT,12,10
2015-02-01 10:30:00.000,2015,2,1,10,05005KT,13,09
2015-02-01 11:00:00.000,2015,2,1,11,05004KT,12,10
2015-02-01 12:00:00.000,2015,2,1,12,06005KT,13,10
2015-02-01 13:00:00.000,2015,2,1,13,08006KT,14,09
2015-02-01 14:00:00.000,2015,2,1,14,12008KT,15,08
2015-02-01 15:00:00.000,2015,2,1,15,12008KT,16,08
2015-02-01 16:00:00.000,2015,2,1,16,11009KT,18,08
2015-02-01 17:00:00.000,2015,2,1,17,08007KT,17,08
2015-02-01 18:00:00.000,2015,2,1,18,12007KT,17,09
2015-02-01 19:00:00.000,2015,2,1,19,10004KT,,
2015-02-01 20:00:00.000,2015,2,1,20,17011KT,17,09
2015-02-01 21:00:00.000,2015,2,1,21,12006KT,17,09
2015-02-01 22:00:00.000,2015,2,1,22,14007KT,16,10
2015-02-01 23:00:00.000,2015,2,1,23,11006KT,16,10
2015-02-02 00:00:00.000,2015,2,2,0,14010KT,14,10
2015-02-02 01:00:00.000,2015,2,2,1,07010KT,13,09
2015-02-02 02:00:00.000,2015,2,2,2,10014KT,14,10
2015-02-02 03:00:00.000,2015,2,2,3,11013KT,14,10
2015-02-02 04:00:00.000,2015,2,2,4,10010KT,13,09
2015-02-02 05:00:00.000,2015,2,2,5,04007KT,12,10
2015-02-02 06:00:00.000,2015,2,2,6,05005KT,12,10
2015-02-02 07:00:00.000,2015,2,2,7,05004KT,11,10
2015-02-02 08:00:00.000,2015,2,2,8,01004KT,11,11
2015-02-02 09:00:00.000,2015,2,2,9,05005KT,11,10
2015-02-02 10:00:00.000,2015,2,2,10,05010KT,11,10
2015-02-02 10:30:00.000,2015,2,2,10,05010KT,11,10
2015-02-02 11:00:00.000,2015,2,2,11,03005KT,11,10
2015-02-02 12:00:00.000,2015,2,2,12,05008KT,12,09
2015-02-02 13:00:00.000,2015,2,2,13,07008KT,13,10
2015-02-02 14:00:00.000,2015,2,2,14,07008KT,15,09
2015-02-02 15:00:00.000,2015,2,2,15,05010KT,15,10
2015-02-02 16:00:00.000,2015,2,2,16,14014KT,18,08
2015-02-02 17:00:00.000,2015,2,2,17,12012KT,18,07
2015-02-02 18:00:00.000,2015,2,2,18,13014KT,18,08
2015-02-02 19:00:00.000,2015,2,2,19,09008KT,19,08
2015-02-02 20:00:00.000,2015,2,2,20,12010KT,19,08
2015-02-02 21:00:00.000,2015,2,2,21,17008KT,19,07
2015-02-02 21:32:00.000,2015,2,2,21,14009KT,18,10
2015-02-02 22:00:00.000,2015,2,2,22,14007KT,18,08
2015-02-02 23:00:00.000,2015,2,2,23,11006KT,15,09
2015-02-03 00:00:00.000,2015,2,3,0,VRB02KT,15,09
2015-02-03 01:00:00.000,2015,2,3,1,09004KT,15,09
2015-02-03 02:00:00.000,2015,2,3,2,11006KT,15,09
2015-02-03 03:00:00.000,2015,2,3,3,06007KT,13,09
2015-02-03 04:00:00.000,2015,2,3,4,13006KT,13,09
2015-02-03 05:00:00.000,2015,2,3,5,06007KT,13,08
2015-02-03 06:00:00.000,2015,2,3,6,VRB02KT,13,07
2015-02-03 07:00:00.000,2015,2,3,7,05004KT,11,08
2015-02-03 08:00:00.000,2015,2,3,8,05006KT,12,08
2015-02-03 09:00:00.000,2015,2,3,9,06006KT,12,08
2015-02-03 10:00:00.000,2015,2,3,10,07010KT,12,08
2015-02-03 10:30:00.000,2015,2,3,10,07008KT,12,07
2015-02-03 11:00:00.000,2015,2,3,11,06007KT,12,07
2015-02-03 12:00:00.000,2015,2,3,12,07007KT,12,08
2015-02-03 12:40:00.000,2015,2,3,12,08014KT,14,08
2015-02-03 13:00:00.000,2015,2,3,13,11010KT,15,08
2015-02-03 14:00:00.000,2015,2,3,14,12014KT,16,08
2015-02-03 15:00:00.000,2015,2,3,15,13014KT,16,08
2015-02-03 16:00:00.000,2015,2,3,16,10006G18KT,17,08
2015-02-03 17:00:00.000,2015,2,3,17,11008G20KT,17,09
2015-02-03 18:00:00.000,2015,2,3,18,10008G20KT,16,08
2015-02-03 19:00:00.000,2015,2,3,19,12014KT,17,08
2015-02-03 20:00:00.000,2015,2,3,20,11006G18KT,17,08
2015-02-03 21:00:00.000,2015,2,3,21,13017KT,18,08
2015-02-03 22:00:00.000,2015,2,3,22,07014KT,16,09
2015-02-03 23:00:00.000,2015,2,3,23,12013KT,15,09
2015-02-04 00:00:00.000,2015,2,4,0,13010KT,15,09
2015-02-04 01:00:00.000,2015,2,4,1,05008KT,14,09
2015-02-04 02:00:00.000,2015,2,4,2,11006KT,13,09
2015-02-04 03:00:00.000,2015,2,4,3,06006KT,13,09
2015-02-04 04:00:00.000,2015,2,4,4,VRB02KT,13,09
2015-02-04 05:00:00.000,2015,2,4,5,04006KT,12,09
2015-02-04 08:00:00.000,2015,2,4,8,04006KT,12,09
2015-02-04 09:00:00.000,2015,2,4,9,02004KT,12,09
2015-02-04 10:00:00.000,2015,2,4,10,03003KT,12,09
2015-02-04 10:30:00.000,2015,2,4,10,VRB02KT,12,09
2015-02-04 11:00:00.000,2015,2,4,11,01003KT,12,09
2015-02-04 12:00:00.000,2015,2,4,12,05007KT,12,09
2015-02-04 13:00:00.000,2015,2,4,13,06008KT,14,09
2015-02-04 14:00:00.000,2015,2,4,14,08010KT,15,08
2015-02-04 15:00:00.000,2015,2,4,15,09008KT,16,06
2015-02-04 16:00:00.000,2015,2,4,16,15018KT,18,10
2015-02-04 17:00:00.000,2015,2,4,17,10016KT,18,08
2015-02-04 18:00:00.000,2015,2,4,18,15008KT,18,08
2015-02-04 19:00:00.000,2015,2,4,19,12012KT,19,06
2015-02-04 20:00:00.000,2015,2,4,20,13012KT,17,07
2015-02-04 21:00:00.000,2015,2,4,21,12010KT,17,09
2015-02-04 22:00:00.000,2015,2,4,22,14010KT,17,08
2015-02-04 23:00:00.000,2015,2,4,23,11008KT,16,09
2015-02-05 00:00:00.000,2015,2,5,0,08006KT,16,09
2015-02-05 01:00:00.000,2015,2,5,1,11006KT,15,08
2015-02-05 02:00:00.000,2015,2,5,2,13006KT,14,08
2015-02-05 03:00:00.000,2015,2,5,3,11005KT,14,08
2015-02-05 05:00:00.000,2015,2,5,5,07005KT,12,08
2015-02-05 06:00:00.000,2015,2,5,6,11003KT,12,08
2015-02-05 07:00:00.000,2015,2,5,7,04007KT,11,08
2015-02-05 08:00:00.000,2015,2,5,8,05006KT,10,07
2015-02-05 09:00:00.000,2015,2,5,9,10006KT,10,08
2015-02-05 10:30:00.000,2015,2,5,10,06004KT,10,07
2015-02-05 11:00:00.000,2015,2,5,11,02004KT,09,06
2015-02-05 12:00:00.000,2015,2,5,12,01004KT,10,07
2015-02-05 13:00:00.000,2015,2,5,13,10006KT,14,09
2015-02-05 14:00:00.000,2015,2,5,14,10010KT,16,08
2015-02-05 15:00:00.000,2015,2,5,15,08012KT,17,08
2015-02-05 16:00:00.000,2015,2,5,16,10008KT,18,07
2015-02-05 17:00:00.000,2015,2,5,17,14010KT,19,08
2015-02-05 18:00:00.000,2015,2,5,18,13010KT,19,07
2015-02-05 19:00:00.000,2015,2,5,19,11008KT,19,07
2015-02-05 20:00:00.000,2015,2,5,20,16014KT,20,07
2015-02-05 21:00:00.000,2015,2,5,21,16015KT,19,07
2015-02-05 22:00:00.000,2015,2,5,22,15010KT,18,07
2015-02-05 23:00:00.000,2015,2,5,23,12006KT,17,08
2015-02-06 00:00:00.000,2015,2,6,0,02006KT,15,09
2015-02-06 01:00:00.000,2015,2,6,1,34005KT,15,09
2015-02-06 02:00:00.000,2015,2,6,2,04005KT,13,09
2015-02-06 03:00:00.000,2015,2,6,3,02004KT,12,09
2015-02-06 04:00:00.000,2015,2,6,4,VRB02KT,12,09
2015-02-06 05:00:00.000,2015,2,6,5,VRB02KT,12,09
2015-02-06 06:00:00.000,2015,2,6,6,VRB02KT,11,09
2015-02-06 07:00:00.000,2015,2,6,7,VRB02KT,11,08
2015-02-06 08:00:00.000,2015,2,6,8,04004KT,10,08
2015-02-06 09:00:00.000,2015,2,6,9,VRB02KT,09,08
2015-02-06 10:00:00.000,2015,2,6,10,VRB02KT,07,07
2015-02-06 10:30:00.000,2015,2,6,10,VRB02KT,07,07
2015-02-06 11:00:00.000,2015,2,6,11,04006KT,07,07
2015-02-06 12:00:00.000,2015,2,6,12,05003KT,10,09
2015-02-06 13:00:00.000,2015,2,6,13,04005KT,13,10
2015-02-06 14:00:00.000,2015,2,6,14,VRB02KT,14,09
2015-02-06 15:00:00.000,2015,2,6,15,01006KT,15,09
2015-02-06 16:00:00.000,2015,2,6,16,35006KT,16,09
2015-02-06 17:00:00.000,2015,2,6,17,29005KT,18,08
2015-02-06 18:00:00.000,2015,2,6,18,27012KT,18,10
2015-02-06 19:00:00.000,2015,2,6,19,27011KT,17,10
2015-02-06 19:10:00.000,2015,2,6,19,22009KT,16,10
2015-02-06 19:35:00.000,2015,2,6,19,23008KT,15,11
2015-02-06 20:00:00.000,2015,2,6,20,21007KT,15,11
2015-02-06 21:00:00.000,2015,2,6,21,VRB02KT,14,12
2015-02-06 21:35:00.000,2015,2,6,21,03006KT,13,12
2015-02-06 22:00:00.000,2015,2,6,22,VRB02KT,13,12
2015-02-06 23:00:00.000,2015,2,6,23,VRB02KT,12,11
2015-02-07 00:00:00.000,2015,2,7,0,02005KT,12,11
2015-02-07 01:00:00.000,2015,2,7,1,35004KT,11,10
2015-02-07 02:00:00.000,2015,2,7,2,33004KT,11,10
2015-02-07 03:00:00.000,2015,2,7,3,03004KT,10,09
2015-02-07 04:00:00.000,2015,2,7,4,36004KT,11,10
2015-02-07 05:00:00.000,2015,2,7,5,VRB02KT,10,09
2015-02-07 06:00:00.000,2015,2,7,6,32004KT,09,08
2015-02-07 07:00:00.000,2015,2,7,7,VRB02KT,08,08
2015-02-07 08:00:00.000,2015,2,7,8,VRB02KT,09,08
2015-02-07 09:00:00.000,2015,2,7,9,VRB02KT,19,08
2015-02-07 10:00:00.000,2015,2,7,10,02004KT,09,08
2015-02-07 10:30:00.000,2015,2,7,10,03004KT,09,08
2015-02-07 11:00:00.000,2015,2,7,11,03004KT,09,09
2015-02-07 12:00:00.000,2015,2,7,12,35004KT,09,09
2015-02-07 13:00:00.000,2015,2,7,13,05004KT,10,09
2015-02-07 14:00:00.000,2015,2,7,14,VRB02KT,14,11
2015-02-07 15:00:00.000,2015,2,7,15,33004KT,16,10
2015-02-07 16:00:00.000,2015,2,7,16,07004KT,16,10
2015-02-07 17:00:00.000,2015,2,7,17,VRB05KT,18,08
2015-02-07 17:28:00.000,2015,2,7,17,27008KT,17,11
2015-02-07 18:00:00.000,2015,2,7,18,29012KT,17,10
2015-02-07 18:30:00.000,2015,2,7,18,28012KT,16,11
2015-02-07 19:00:00.000,2015,2,7,19,28013KT,17,11
2015-02-07 19:34:00.000,2015,2,7,19,28014KT,17,12
2015-02-07 20:00:00.000,2015,2,7,20,28015KT,17,12
2015-02-07 21:00:00.000,2015,2,7,21,27011KT,17,11
2015-02-07 22:00:00.000,2015,2,7,22,22008KT,16,11
2015-02-07 22:20:00.000,2015,2,7,22,23010KT,15,12
2015-02-07 23:00:00.000,2015,2,7,23,21005KT,15,12
2015-02-08 00:00:00.000,2015,2,8,0,VRB02KT,14,11
2015-02-08 01:00:00.000,2015,2,8,1,24004KT,15,10
2015-02-08 01:43:00.000,2015,2,8,1,24004KT,14,13
2015-02-08 02:00:00.000,2015,2,8,2,VRB02KT,13,11
2015-02-08 02:20:00.000,2015,2,8,2,VRB02KT,13,11
2015-02-08 03:00:00.000,2015,2,8,3,00000KT,13,11
2015-02-08 04:00:00.000,2015,2,8,4,OOOOKT,13,11
2015-02-08 05:00:00.000,2015,2,8,5,04003KT,13,11
2015-02-08 06:00:00.000,2015,2,8,6,02003KT,13,12
2015-02-08 07:00:00.000,2015,2,8,7,32003KT,12,12
2015-02-08 08:00:00.000,2015,2,8,8,03003KT,12,12
2015-02-08 09:00:00.000,2015,2,8,9,04003KT,12,12
2015-02-08 10:00:00.000,2015,2,8,10,VRB02KT,12,12
2015-02-08 10:30:00.000,2015,2,8,10,VRB02KT,12,11
2015-02-08 11:00:00.000,2015,2,8,11,34003KT,12,11
2015-02-08 12:00:00.000,2015,2,8,12,04003KT,12,11
2015-02-08 13:00:00.000,2015,2,8,13,02003KT,12,12
2015-02-08 13:33:00.000,2015,2,8,13,03004KT,13,12
2015-02-08 14:00:00.000,2015,2,8,14,04006KT,14,12
2015-02-08 15:00:00.000,2015,2,8,15,33004KT,15,10
2015-02-08 15:15:00.000,2015,2,8,15,33004KT,15,10
2015-02-08 16:00:00.000,2015,2,8,16,36004KT,16,11
2015-02-08 16:14:00.000,2015,2,8,16,33004KT,16,11
2015-02-08 17:00:00.000,2015,2,8,17,05004KT,17,10
2015-02-08 18:00:00.000,2015,2,8,18,08008KT,16,12
2015-02-08 18:22:00.000,2015,2,8,18,32015KT,15,12
2015-02-08 19:00:00.000,2015,2,8,19,32011KT,13,12
2015-02-08 19:33:00.000,2015,2,8,19,31008KT,13,12
2015-02-08 20:00:00.000,2015,2,8,20,VRB02KT,13,12
2015-02-08 20:27:00.000,2015,2,8,20,VRB02KT,13,12
2015-02-08 21:00:00.000,2015,2,8,21,34006KT,14,11
2015-02-08 22:00:00.000,2015,2,8,22,35006KT,13,11
2015-02-08 23:00:00.000,2015,2,8,23,32007KT,13,12
2015-02-09 00:00:00.000,2015,2,9,0,30004KT,13,11
2015-02-09 01:00:00.000,2015,2,9,1,29003KT,13,12
2015-02-09 03:00:00.000,2015,2,9,3,VRB02KT,12,11
2015-02-09 04:00:00.000,2015,2,9,4,VRB02KT,12,11
2015-02-09 05:00:00.000,2015,2,9,5,VRB02KT,12,11
2015-02-09 06:00:00.000,2015,2,9,6,VRB02KT,12,11
2015-02-09 07:00:00.000,2015,2,9,7,VRB02KT,12,12
2015-02-09 08:00:00.000,2015,2,9,8,28003KT,12,11
2015-02-09 09:00:00.000,2015,2,9,9,VRB02KT,11,10
2015-02-09 10:00:00.000,2015,2,9,10,00000KT,11,10
2015-02-09 10:30:00.000,2015,2,9,10,VRB02KT,11,10
2015-02-09 11:00:00.000,2015,2,9,11,VRB02KT,11,10
2015-02-09 12:00:00.000,2015,2,9,12,36003KT,11,10
2015-02-09 13:00:00.000,2015,2,9,13,VRB02KT,12,11
2015-02-09 14:00:00.000,2015,2,9,14,33003KT,13,11
2015-02-09 14:33:00.000,2015,2,9,14,35004KT,14,12
2015-02-09 15:00:00.000,2015,2,9,15,VRB02KT,15,11
2015-02-09 16:00:00.000,2015,2,9,16,VRB02KT,17,12
2015-02-09 17:00:00.000,2015,2,9,17,24004KT,18,10
2015-02-09 18:00:00.000,2015,2,9,18,30010KT,17,12
2015-02-09 19:00:00.000,2015,2,9,19,29010KT,18,11
2015-02-09 22:00:00.000,2015,2,9,22,30006KT,16,10
2015-02-09 23:00:00.000,2015,2,9,23,33006KT,15,11
2015-02-10 00:00:00.000,2015,2,10,0,32010KT,14,11
2015-02-10 01:00:00.000,2015,2,10,1,31009KT,13,11
2015-02-10 02:00:00.000,2015,2,10,2,29004KT,12,10
2015-02-10 03:00:00.000,2015,2,10,3,29005KT,11,10
2015-02-10 04:00:00.000,2015,2,10,4,29005KT,12,11
2015-02-10 05:00:00.000,2015,2,10,5,VRB02KT,12,11
2015-02-10 06:00:00.000,2015,2,10,6,26003KT,11,10
2015-02-10 07:00:00.000,2015,2,10,7,28005KT,11,10
2015-02-10 08:00:00.000,2015,2,10,8,00000KT,11,10
2015-02-10 09:00:00.000,2015,2,10,9,00000KT,10,09
2015-02-10 10:30:00.000,2015,2,10,10,27003KT,10,09
2015-02-10 11:00:00.000,2015,2,10,11,VRB02KT,10,09
2015-02-10 12:00:00.000,2015,2,10,12,VRB02KT,10,10
2015-02-10 12:20:00.000,2015,2,10,12,33004KT,12,12
2015-02-10 13:00:00.000,2015,2,10,13,30004KT,13,12
2015-02-10 14:00:00.000,2015,2,10,14,35003KT,14,11
2015-02-10 15:00:00.000,2015,2,10,15,32003KT,17,11
2015-02-10 16:00:00.000,2015,2,10,16,07004KT,18,09
2015-02-10 17:00:00.000,2015,2,10,17,12004KT,20,10
2015-02-10 17:00:00.000,2015,2,10,17,12004KT,20,10
2015-02-10 17:30:00.000,2015,2,10,17,23010KT,16,13
2015-02-10 18:00:00.000,2015,2,10,18,25012KT,17,13
2015-02-10 19:00:00.000,2015,2,10,19,31012KT,18,12
2015-02-10 20:00:00.000,2015,2,10,20,31010KT,18,11
2015-02-10 21:00:00.000,2015,2,10,21,29012KT,17,11
2015-02-10 22:00:00.000,2015,2,10,22,26008KT,16,11
2015-02-10 23:00:00.000,2015,2,10,23,26006KT,15,12
2015-02-11 00:00:00.000,2015,2,11,0,24006KT,14,12
2015-02-11 01:00:00.000,2015,2,11,1,27005KT,14,12
2015-02-11 02:00:00.000,2015,2,11,2,VRB02KT,14,12
2015-02-11 03:00:00.000,2015,2,11,3,07007KT,13,11
2015-02-11 03:05:00.000,2015,2,11,3,07007KT,13,11
2015-02-11 04:00:00.000,2015,2,11,4,35003KT,13,11
2015-02-11 05:00:00.000,2015,2,11,5,04003KT,13,11
2015-02-11 06:00:00.000,2015,2,11,6,04003KT,12,11
2015-02-11 07:00:00.000,2015,2,11,7,03005KT,12,10
2015-02-11 08:00:00.000,2015,2,11,8,VRB02KT,11,09
2015-02-11 09:00:00.000,2015,2,11,9,05003KT,11,09
2015-02-11 10:00:00.000,2015,2,11,10,07003KT,11,09
2015-02-11 10:30:00.000,2015,2,11,10,32003KT,11,09
2015-02-11 11:00:00.000,2015,2,11,11,VRB02KT,10,09
2015-02-11 12:00:00.000,2015,2,11,12,03004KT,12,10
2015-02-11 13:00:00.000,2015,2,11,13,05004KT,13,10
2015-02-11 14:00:00.000,2015,2,11,14,VRB02KT,15,10
2015-02-11 15:00:00.000,2015,2,11,15,13004KT,17,10
2015-02-11 16:00:00.000,2015,2,11,16,18013KT,17,10
2015-02-11 17:00:00.000,2015,2,11,17,16009KT,18,09
2015-02-11 18:00:00.000,2015,2,11,18,16008KT,19,08
2015-02-11 19:00:00.000,2015,2,11,19,15010KT,19,07
2015-02-11 20:00:00.000,2015,2,11,20,17011KT,19,07
2015-02-11 21:00:00.000,2015,2,11,21,25006KT,18,10
2015-02-11 22:00:00.000,2015,2,11,22,25007KT,16,11
2015-02-11 23:00:00.000,2015,2,11,23,23006KT,15,11
2015-02-12 00:00:00.000,2015,2,12,0,VRB02KT,13,12
2015-02-12 01:00:00.000,2015,2,12,1,VRB02KT,12,11
2015-02-12 02:00:00.000,2015,2,12,2,35003KT,10,09
2015-02-12 03:00:00.000,2015,2,12,3,03004KT,09,08
2015-02-12 04:00:00.000,2015,2,12,4,02003KT,10,10
2015-02-12 05:00:00.000,2015,2,12,5,06003KT,11,10
2015-02-12 06:00:00.000,2015,2,12,6,04004KT,10,10
2015-02-12 07:00:00.000,2015,2,12,7,05004KT,11,10
2015-02-12 08:00:00.000,2015,2,12,8,29004KT,11,10
2015-02-12 09:00:00.000,2015,2,12,9,VRB02KT,12,10
2015-02-12 10:30:00.000,2015,2,12,10,06005KT,11,10
2015-02-12 11:00:00.000,2015,2,12,11,06005KT,11,10
2015-02-12 12:00:00.000,2015,2,12,12,05005KT,11,10
2015-02-12 13:00:00.000,2015,2,12,13,07006KT,14,11
2015-02-12 14:00:00.000,2015,2,12,14,13011KT,17,10
2015-02-12 15:00:00.000,2015,2,12,15,07008KT,18,09
2015-02-12 16:00:00.000,2015,2,12,16,11006KT,18,09
2015-02-12 17:00:00.000,2015,2,12,17,19008KT,18,09
2015-02-12 18:00:00.000,2015,2,12,18,21003KT,17,12
2015-02-12 19:00:00.000,2015,2,12,19,03005KT,19,10
2015-02-12 20:00:00.000,2015,2,12,20,33007KT,17,12
2015-02-12 21:00:00.000,2015,2,12,21,25008KT,17,13
2015-02-12 22:00:00.000,2015,2,12,22,28006KT,16,12
2015-02-12 23:00:00.000,2015,2,12,23,30003KT,16,12
2015-02-13 00:00:00.000,2015,2,13,0,VRB02KT,15,12
2015-02-13 01:00:00.000,2015,2,13,1,07004KT,15,10
2015-02-13 02:00:00.000,2015,2,13,2,VRB02KT,15,09
2015-02-13 03:00:00.000,2015,2,13,3,03004KT,13,10
2015-02-13 04:00:00.000,2015,2,13,4,04005KT,12,10
2015-02-13 05:00:00.000,2015,2,13,5,03004KT,11,09
2015-02-13 06:00:00.000,2015,2,13,6,06005KT,12,10
2015-02-13 07:00:00.000,2015,2,13,7,05006KY,12,10
2015-02-13 08:00:00.000,2015,2,13,8,03007KT,11,09
2015-02-13 09:00:00.000,2015,2,13,9,05008KT,22,09
2015-02-13 10:26:00.000,2015,2,13,10,VRB02KT,11,09
2015-02-13 11:00:00.000,2015,2,13,11,07004KT,11,09
2015-02-13 12:00:00.000,2015,2,13,12,07003KT,13,09
2015-02-13 13:00:00.000,2015,2,13,13,09004KT,14,09
2015-02-13 14:00:00.000,2015,2,13,14,12008KT,17,09
2015-02-13 14:00:00.000,2015,2,13,14,12008KT,17,09
2015-02-13 15:00:00.000,2015,2,13,15,13006KT,18,08
2015-02-13 16:00:00.000,2015,2,13,16,14012KT,19,08
2015-02-13 17:00:00.000,2015,2,13,17,10008KT,19,07
2015-02-13 18:00:00.000,2015,2,13,18,13010KT,20,08
2015-02-13 19:00:00.000,2015,2,13,19,12008KT,20,08
2015-02-13 20:00:00.000,2015,2,13,20,13006KT,19,08
2015-02-13 21:00:00.000,2015,2,13,21,25012KT,18,11
2015-02-13 22:00:00.000,2015,2,13,22,25006KT,18,12
2015-02-13 23:00:00.000,2015,2,13,23,30006KT,16,11
2015-02-14 00:00:00.000,2015,2,14,0,32005KT,14,12
2015-02-14 01:00:00.000,2015,2,14,1,35003KT,14,12
2015-02-14 02:00:00.000,2015,2,14,2,02014KT,27,25
2015-02-14 03:00:00.000,2015,2,14,3,02003KT,14,10
2015-02-14 04:00:00.000,2015,2,14,4,06006KT,13,09
2015-02-14 05:00:00.000,2015,2,14,5,05004KT,12,09
2015-02-14 06:00:00.000,2015,2,14,6,06003KT,11,09
2015-02-14 07:00:00.000,2015,2,14,7,02005KT,09,08
2015-02-14 08:00:00.000,2015,2,14,8,04008KT,10,09
2015-02-14 09:00:00.000,2015,2,14,9,05006KT,10,08
2015-02-14 10:00:00.000,2015,2,14,10,00000KT,11,09
2015-02-14 10:30:00.000,2015,2,14,10,06006KT,11,09
2015-02-14 11:00:00.000,2015,2,14,11,05007KT,11,09
2015-02-14 12:00:00.000,2015,2,14,12,05005KT,12,09
2015-02-14 13:00:00.000,2015,2,14,13,05007KT,14,09
2015-02-14 14:00:00.000,2015,2,14,14,15010KT,17,08
2015-02-14 15:00:00.000,2015,2,14,15,12012KT,19,08
2015-02-14 16:00:00.000,2015,2,14,16,13010KT,19,08
2015-02-14 17:00:00.000,2015,2,14,17,13015KT,19,08
2015-02-14 18:00:00.000,2015,2,14,18,09008KT,20,07
2015-02-14 18:45:00.000,2015,2,14,18,09012KT,20,07
2015-02-14 19:00:00.000,2015,2,14,19,12012KT,20,07
2015-02-14 20:00:00.000,2015,2,14,20,09008KT,19,08
2015-02-14 21:00:00.000,2015,2,14,21,04008KT,19,08
2015-02-14 22:00:00.000,2015,2,14,22,04006KT,19,10
2015-02-14 23:00:00.000,2015,2,14,23,12008KT,18,10
2015-02-15 00:00:00.000,2015,2,15,0,09004KT,17,09
2015-02-15 01:00:00.000,2015,2,15,1,VRB02KT,15,11
2015-02-15 02:00:00.000,2015,2,15,2,30004KT,12,11
2015-02-15 03:00:00.000,2015,2,15,3,05005KT,13,09
2015-02-15 04:00:00.000,2015,2,15,4,VRB02KT,12,09
2015-02-15 05:00:00.000,2015,2,15,5,02005KT,12,09
2015-02-15 06:00:00.000,2015,2,15,6,05007KT,11,09
2015-02-15 07:00:00.000,2015,2,15,7,04004KT,12,09
2015-02-15 08:00:00.000,2015,2,15,8,VRB02KT,12,08
2015-02-15 09:00:00.000,2015,2,15,9,07006KT,12,08
2015-02-15 10:00:00.000,2015,2,15,10,02006KT,11,07
2015-02-15 10:30:00.000,2015,2,15,10,33003KT,10,07
2015-02-15 11:00:00.000,2015,2,15,11,VRB02KT,11,07
2015-02-15 12:00:00.000,2015,2,15,12,07005KT,11,07
2015-02-15 13:00:00.000,2015,2,15,13,03007KT,12,07
2015-02-15 14:00:00.000,2015,2,15,14,04007KT,15,08
2015-02-15 15:00:00.000,2015,2,15,15,09008KT,18,08
2015-02-15 16:00:00.000,2015,2,15,16,12010KT,18,08
2015-02-15 17:00:00.000,2015,2,15,17,13007KT,18,07
2015-02-15 18:00:00.000,2015,2,15,18,17012KT,20,07
2015-02-15 19:00:00.000,2015,2,15,19,15004KT,19,07
2015-02-15 20:00:00.000,2015,2,15,20,12004KT,19,07
2015-02-15 21:00:00.000,2015,2,15,21,03004KT,19,07
2015-02-15 22:00:00.000,2015,2,15,22,18004KT,19,07
2015-02-15 23:00:00.000,2015,2,15,23,08005KT,18,07
2015-02-16 00:00:00.000,2015,2,16,0,13006KT,17,08
2015-02-16 01:00:00.000,2015,2,16,1,33003KT,13,10
2015-02-16 02:00:00.000,2015,2,16,2,04004KT,13,08
2015-02-16 03:00:00.000,2015,2,16,3,06004KT,12,08
2015-02-16 04:00:00.000,2015,2,16,4,06003KT,11,07
2015-02-16 05:00:00.000,2015,2,16,5,04004KT,10,07
2015-02-16 06:00:00.000,2015,2,16,6,05005KT,09,07
2015-02-16 07:00:00.000,2015,2,16,7,03004KT,09,07
2015-02-16 08:00:00.000,2015,2,16,8,02003KT,08,07
2015-02-16 09:00:00.000,2015,2,16,9,06004KT,08,07
2015-02-16 10:00:00.000,2015,2,16,10,03003KT,08,07
2015-02-16 10:30:00.000,2015,2,16,10,04003KT,07,06
2015-02-16 11:00:00.000,2015,2,16,11,01002KT,05,05
2015-02-16 11:30:00.000,2015,2,16,11,05003KT,08,06
2015-02-16 12:00:00.000,2015,2,16,12,VRB02KT,10,07
2015-02-16 12:30:00.000,2015,2,16,12,06005KT,18,08
2015-02-16 13:00:00.000,2015,2,16,13,05008KT,11,09
2015-02-16 13:15:00.000,2015,2,16,13,05010KT,13,09
2015-02-16 14:00:00.000,2015,2,16,14,05010KT,14,09
2015-02-16 14:30:00.000,2015,2,16,14,05010KT,16,08
2015-02-16 15:00:00.000,2015,2,16,15,06012KT,18,08
2015-02-16 16:00:00.000,2015,2,16,16,05010KT,20,07
2015-02-16 17:00:00.000,2015,2,16,17,VRB02KT,21,08
2015-02-16 18:00:00.000,2015,2,16,18,15007KT,22,05
2015-02-16 19:00:00.000,2015,2,16,19,26009KT,21,09
2015-02-16 20:00:00.000,2015,2,16,20,23014KT,20,10
2015-02-16 21:00:00.000,2015,2,16,21,26011KT,19,12
2015-02-16 22:00:00.000,2015,2,16,22,29010KT,18,11
2015-02-16 23:00:00.000,2015,2,16,23,25009KT,17,12
2015-02-17 00:00:00.000,2015,2,17,0,26004KT,16,12
2015-02-17 01:00:00.000,2015,2,17,1,VRB02KT,14,12
2015-02-17 02:00:00.000,2015,2,17,2,VRB02KT,12,11
2015-02-17 03:00:00.000,2015,2,17,3,VRB02KT,11,07
2015-02-17 04:00:00.000,2015,2,17,4,03006KT,11,07
2015-02-17 05:00:00.000,2015,2,17,5,VRB02KT,10,07
2015-02-17 06:00:00.000,2015,2,17,6,03003KT,08,07
2015-02-17 07:00:00.000,2015,2,17,7,VRB02KT,07,06
2015-02-17 08:00:00.000,2015,2,17,8,32003KT,07,06
2015-02-17 09:00:00.000,2015,2,17,9,VRB02KT,04,03
2015-02-17 10:00:00.000,2015,2,17,10,VRB02KT,03,03
2015-02-17 10:10:00.000,2015,2,17,10,VRB02KT,03,03
2015-02-17 10:30:00.000,2015,2,17,10,VRB02KT,05,05
2015-02-17 11:00:00.000,2015,2,17,11,03004KT,06,06
2015-02-17 11:30:00.000,2015,2,17,11,07003KT,07,06
2015-02-17 12:00:00.000,2015,2,17,12,01004KT,07,06
2015-02-17 12:30:00.000,2015,2,17,12,04005KT,08,07
2015-02-17 13:00:00.000,2015,2,17,13,03005KT,09,08
2015-02-17 14:00:00.000,2015,2,17,14,02006KT,13,10
2015-02-17 14:40:00.000,2015,2,17,14,12004KT,16,07
2015-02-17 15:00:00.000,2015,2,17,15,03004KT,16,08
2015-02-17 16:00:00.000,2015,2,17,16,09003KT,18,05
2015-02-17 17:00:00.000,2015,2,17,17,03006KT,20,07
2015-02-17 18:00:00.000,2015,2,17,18,10008KT,22,05
2015-02-17 19:00:00.000,2015,2,17,19,29008KT,22,09
2015-02-17 20:00:00.000,2015,2,17,20,28008KT,22,10
2015-02-17 21:00:00.000,2015,2,17,21,28014KT,20,11
2015-02-17 22:00:00.000,2015,2,17,22,29010KT,18,11
2015-02-17 23:35:00.000,2015,2,17,23,28005KT,16,12
2015-02-18 00:00:00.000,2015,2,18,0,29007KT,16,12
2015-02-18 01:00:00.000,2015,2,18,1,27004KT,15,12
2015-02-18 02:00:00.000,2015,2,18,2,00000KT,14,12
2015-02-18 03:00:00.000,2015,2,18,3,20004KT,14,10
2015-02-18 04:00:00.000,2015,2,18,4,VRB02KT,13,09
2015-02-18 05:00:00.000,2015,2,18,5,VRB02KT,12,09
2015-02-18 06:00:00.000,2015,2,18,6,VRB02KT,11,09
2015-02-18 08:00:00.000,2015,2,18,8,00000KT,10,09
2015-02-18 10:00:00.000,2015,2,18,10,26003KT,08,08
2015-02-18 10:30:00.000,2015,2,18,10,00000KT,09,08
2015-02-18 11:00:00.000,2015,2,18,11,32004KT,08,07
2015-02-18 11:15:00.000,2015,2,18,11,32004KT,08,07
2015-02-18 12:00:00.000,2015,2,18,12,33003KT,07,06
2015-02-18 12:35:00.000,2015,2,18,12,VRB02KT,10,09
2015-02-18 13:00:00.000,2015,2,18,13,00000KT,11,0
2015-02-18 13:36:00.000,2015,2,18,13,03003KT,14,09
2015-02-18 14:00:00.000,2015,2,18,14,04003KT,15,08
2015-02-18 15:00:00.000,2015,2,18,15,05003KT,17,09
2015-02-18 15:44:00.000,2015,2,18,15,29005KT,20,05
2015-02-18 16:00:00.000,2015,2,18,16,28004KT,20,05
2015-02-18 17:00:00.000,2015,2,18,17,25003KT,21,06
2015-02-18 18:00:00.000,2015,2,18,18,32010KT,21,10
2015-02-18 18:44:00.000,2015,2,18,18,27010KT,22,11
2015-02-18 19:00:00.000,2015,2,18,19,28015KT,20,10
2015-02-18 20:00:00.000,2015,2,18,20,27012KT,20,11
2015-02-18 21:00:00.000,2015,2,18,21,26015KT,19,11
2015-02-18 22:00:00.000,2015,2,18,22,28010KT,18,11
2015-02-18 23:00:00.000,2015,2,18,23,27009KT,17,12
2015-02-19 00:00:00.000,2015,2,19,0,29006KT,16,11
2015-02-19 01:00:00.000,2015,2,19,1,31004KT,14,11
2015-02-19 02:00:00.000,2015,2,19,2,30008KT,14,11
2015-02-19 04:00:00.000,2015,2,19,4,32003KT,12,10
2015-02-19 05:00:00.000,2015,2,19,5,VRB02KT,12,10
2015-02-19 06:00:00.000,2015,2,19,6,28004KT,12,10
2015-02-19 08:00:00.000,2015,2,19,8,00000KT,09,08
2015-02-19 09:00:00.000,2015,2,19,9,00000KT,07,07
2015-02-19 10:00:00.000,2015,2,19,10,34003KT,06,06
2015-02-19 10:30:00.000,2015,2,19,10,00000KT,06,06
2015-02-19 11:00:00.000,2015,2,19,11,30002KT,07,07
2015-02-19 11:48:00.000,2015,2,19,11,VRB02KT,06,06
2015-02-19 12:00:00.000,2015,2,19,12,09003KT,10,10
2015-02-19 12:18:00.000,2015,2,19,12,09003KT,10,10
2015-02-19 13:25:00.000,2015,2,19,13,05004KT,14,11
2015-02-19 14:35:00.000,2015,2,19,14,VRB02KT,18,10
2015-02-19 15:00:00.000,2015,2,19,15,30003KT,18,10
2015-02-19 16:00:00.000,2015,2,19,16,34004KT,19,11
2015-02-19 17:00:00.000,2015,2,19,17,33010KT,20,10
2015-02-19 18:00:00.000,2015,2,19,18,32011KT,20,10
2015-02-19 19:00:00.000,2015,2,19,19,30013KT,19,10
2015-02-19 20:00:00.000,2015,2,19,20,32013KT,20,10
2015-02-19 21:00:00.000,2015,2,19,21,32012KT,19,11
2015-02-19 22:00:00.000,2015,2,19,22,32011KT,17,11
2015-02-19 23:00:00.000,2015,2,19,23,32010KT,16,11
2015-02-20 00:00:00.000,2015,2,20,0,31005KT,14,11
2015-02-20 01:00:00.000,2015,2,20,1,30005KT,14,11
2015-02-20 02:00:00.000,2015,2,20,2,29004KT,14,11
2015-02-20 03:00:00.000,2015,2,20,3,30005KT,13,10
2015-02-20 04:00:00.000,2015,2,20,4,32005KT,12,10
2015-02-20 05:00:00.000,2015,2,20,5,30004KT,11,09
2015-02-20 06:00:00.000,2015,2,20,6,35005KT,11,09
2015-02-20 07:00:00.000,2015,2,20,7,VRB02KT,09,08
2015-02-20 08:00:00.000,2015,2,20,8,30003KT,09,08
2015-02-20 09:00:00.000,2015,2,20,9,VRB02KT,08,07
2015-02-20 10:00:00.000,2015,2,20,10,36003KT,06,05
2015-02-20 10:30:00.000,2015,2,20,10,VRB02KT,07,06
2015-02-20 11:00:00.000,2015,2,20,11,32004KT,05,05
2015-02-20 11:11:00.000,2015,2,20,11,32004KT,05,05
2015-02-20 11:35:00.000,2015,2,20,11,VRB02KT,06,05
2015-02-20 12:00:00.000,2015,2,20,12,VRB02KT,05,04
2015-02-20 12:35:00.000,2015,2,20,12,VRB02KT,09,08
2015-02-20 13:00:00.000,2015,2,20,13,VRB02KT,12,10
2015-02-20 13:30:00.000,2015,2,20,13,VRB02KT,14,12
2015-02-20 14:00:00.000,2015,2,20,14,VRB02KT,16,10
2015-02-20 15:00:00.000,2015,2,20,15,33005KT,18,09
2015-02-20 15:00:00.000,2015,2,20,15,33005KT,18,09
2015-02-20 16:00:00.000,2015,2,20,16,VRB02KT,19,09
2015-02-20 17:00:00.000,2015,2,20,17,32009KT,20,08
2015-02-20 18:00:00.000,2015,2,20,18,32012KT,20,07
2015-02-20 19:00:00.000,2015,2,20,19,31013KT,21,09
2015-02-20 20:00:00.000,2015,2,20,20,31012KT,20,08
2015-02-20 21:00:00.000,2015,2,20,21,32012KT,20,07
2015-02-20 22:00:00.000,2015,2,20,22,33012KT,18,07
2015-02-20 23:00:00.000,2015,2,20,23,32008KT,16,09
2015-02-21 00:00:00.000,2015,2,21,0,32007KT,14,10
2015-02-21 01:00:00.000,2015,2,21,1,33005KT,13,10
2015-02-21 02:00:00.000,2015,2,21,2,31006KT,13,10
2015-02-21 03:00:00.000,2015,2,21,3,31004KT,12,10
2015-02-21 04:00:00.000,2015,2,21,4,34003KT,12,10
2015-02-21 05:00:00.000,2015,2,21,5,34003KT,11,09
2015-02-21 06:00:00.000,2015,2,21,6,32004KT,10,08
2015-02-21 07:00:00.000,2015,2,21,7,VRB02KT,08,07
2015-02-21 08:00:00.000,2015,2,21,8,01002KT,07,06
2015-02-21 09:00:00.000,2015,2,21,9,00000KT,07,06
2015-02-21 10:00:00.000,2015,2,21,10,VRB02KT,06,06
2015-02-21 10:30:00.000,2015,2,21,10,34003KT,05,05
2015-02-21 11:00:00.000,2015,2,21,11,35003KT,05,05
2015-02-21 12:00:00.000,2015,2,21,12,00000KT,09,08
2015-02-21 12:15:00.000,2015,2,21,12,00000KT,09,08
2015-02-21 13:00:00.000,2015,2,21,13,04005KT,14,10
2015-02-21 13:23:00.000,2015,2,21,13,04005KT,14,10
2015-02-21 14:00:00.000,2015,2,21,14,05004KT,15,09
2015-02-21 14:30:00.000,2015,2,21,14,08003KT,17,06
2015-02-21 15:00:00.000,2015,2,21,15,03004KT,18,06
2015-02-21 16:00:00.000,2015,2,21,16,03007KT,20,05
2015-02-21 18:00:00.000,2015,2,21,18,35009KT,23,04
2015-02-21 19:00:00.000,2015,2,21,19,27016KT,21,09
2015-02-21 20:00:00.000,2015,2,21,20,28014KT,20,12
2015-02-21 21:00:00.000,2015,2,21,21,30007KT,19,11
2015-02-21 22:00:00.000,2015,2,21,22,26010KT,19,10
2015-02-21 23:00:00.000,2015,2,21,23,26008KT,17,10
2015-02-22 00:00:00.000,2015,2,22,0,27005KT,15,11
2015-02-22 01:00:00.000,2015,2,22,1,22004KT,14,11
2015-02-22 02:00:00.000,2015,2,22,2,25003KT,14,11
2015-02-22 03:00:00.000,2015,2,22,3,24004KT,14,11
2015-02-22 04:00:00.000,2015,2,22,4,24004KT,14,11
2015-02-22 04:18:00.000,2015,2,22,4,24004KT,14,11
2015-02-22 05:00:00.000,2015,2,22,5,VRB02KT,14,11
2015-02-22 06:00:00.000,2015,2,22,6,24003KT,13,11
2015-02-22 07:00:00.000,2015,2,22,7,17007KT,12,10
2015-02-22 08:00:00.000,2015,2,22,8,VRB02KT,12,08
2015-02-22 09:00:00.000,2015,2,22,9,07006KT,11,08
2015-02-22 10:00:00.000,2015,2,22,10,00000KT,09,06
2015-02-22 10:30:00.000,2015,2,22,10,00000KT,09,06
2015-02-22 11:00:00.000,2015,2,22,11,VRB02KT,08,05
2015-02-22 11:25:00.000,2015,2,22,11,36003KT,06,05
2015-02-22 13:00:00.000,2015,2,22,13,03006KT,13,08
2015-02-22 14:00:00.000,2015,2,22,14,02006KT,15,05
2015-02-22 16:00:00.000,2015,2,22,16,12008KT,19,03
2015-02-22 17:00:00.000,2015,2,22,17,06006KT,20,03
2015-02-22 18:00:00.000,2015,2,22,18,33007KT,21,04
2015-02-22 19:00:00.000,2015,2,22,19,26010KT,21,07
2015-02-22 20:00:00.000,2015,2,22,20,27014KT,21,11
2015-02-22 21:00:00.000,2015,2,22,21,28011KT,20,11
2015-02-22 22:00:00.000,2015,2,22,22,26015KT,18,11
2015-02-22 23:00:00.000,2015,2,22,23,26010KT,16,11
2015-02-23 00:00:00.000,2015,2,23,0,23004KT,16,10
2015-02-23 02:00:00.000,2015,2,23,2,VRB02KT,13,10
2015-02-23 03:00:00.000,2015,2,23,3,VRB02KT,14,09
2015-02-23 05:00:00.000,2015,2,23,5,05004KT,12,08
2015-02-23 06:00:00.000,2015,2,23,6,03003KT,10,08
2015-02-23 07:00:00.000,2015,2,23,7,04004KT,09,08
2015-02-23 08:00:00.000,2015,2,23,8,05004KT,09,07
2015-02-23 09:00:00.000,2015,2,23,9,07006KT,10,08
2015-02-23 10:00:00.000,2015,2,23,10,VRB02KT,08,07
2015-02-23 11:00:00.000,2015,2,23,11,03003KT,08,06
2015-02-23 12:00:00.000,2015,2,23,12,05006KT,09,08
2015-02-23 12:34:00.000,2015,2,23,12,06008KT,12,09
2015-02-23 13:00:00.000,2015,2,23,13,04004KT,15,05
2015-02-23 13:22:00.000,2015,2,23,13,04004KT,15,05
2015-02-23 14:00:00.000,2015,2,23,14,VRB02KT,15,05
2015-02-23 15:00:00.000,2015,2,23,15,09007KT,17,03
2015-02-23 16:00:00.000,2015,2,23,16,10006KT,18,02
2015-02-23 17:00:00.000,2015,2,23,17,11011KT,20,04
2015-02-23 18:00:00.000,2015,2,23,18,07006KT,20,02
2015-02-23 19:00:00.000,2015,2,23,19,14008KT,22,02
2015-02-23 20:00:00.000,2015,2,23,20,26010KT,19,10
2015-02-23 21:00:00.000,2015,2,23,21,21010KT,19,09
2015-02-23 22:00:00.000,2015,2,23,22,23008KT,18,09
2015-02-23 23:00:00.000,2015,2,23,23,27008KT,17,09
2015-02-24 00:00:00.000,2015,2,24,0,25005KT,16,09
2015-02-24 01:00:00.000,2015,2,24,1,35004KT,13,09
2015-02-24 02:00:00.000,2015,2,24,2,32004KT,13,09
2015-02-24 03:00:00.000,2015,2,24,3,330004KT,11,08
2015-02-24 04:00:00.000,2015,2,24,4,05004KT,10,07
2015-02-24 07:00:00.000,2015,2,24,7,35003KT,06,06
2015-02-24 08:00:00.000,2015,2,24,8,00000KT,08,07
2015-02-24 09:00:00.000,2015,2,24,9,35004KT,07,06
2015-02-24 10:00:00.000,2015,2,24,10,VRB02KT,08,06
2015-02-24 10:30:00.000,2015,2,24,10,35003KT,06,05
2015-02-24 11:00:00.000,2015,2,24,11,02003KT,06,06
2015-02-24 12:00:00.000,2015,2,24,12,04003KT,07,06
2015-02-24 13:00:00.000,2015,2,24,13,02006KT,10,07
2015-02-24 13:30:00.000,2015,2,24,13,03005KT,13,08
2015-02-24 14:00:00.000,2015,2,24,14,05005KT,15,07
2015-02-24 15:00:00.000,2015,2,24,15,25003KT,18,07
2015-02-24 16:00:00.000,2015,2,24,16,09003KT,19,02
2015-02-24 17:00:00.000,2015,2,24,17,34004KT,20,04
2015-02-24 17:30:00.000,2015,2,24,17,VRB02KT,20,05
2015-02-24 18:00:00.000,2015,2,24,18,28008KT,19,08
2015-02-24 19:00:00.000,2015,2,24,19,20006KT,20,06
2015-02-24 20:00:00.000,2015,2,24,20,30014KT,18,10
2015-02-24 21:00:00.000,2015,2,24,21,28012KT,18,10
2015-02-24 23:00:00.000,2015,2,24,23,14006KT,16,08
2015-02-25 00:00:00.000,2015,2,25,0,VRB02KT,15,10
2015-02-25 01:00:00.000,2015,2,25,1,00000KT,14,10
2015-02-25 02:00:00.000,2015,2,25,2,00000KT,14,10
2015-02-25 03:00:00.000,2015,2,25,3,31003KT,13,10
2015-02-25 04:00:00.000,2015,2,25,4,VRB02KT,13,11
2015-02-25 05:00:00.000,2015,2,25,5,03004KT,13,09
2015-02-25 06:00:00.000,2015,2,25,6,03004KT,13,09
2015-02-25 07:00:00.000,2015,2,25,7,30004KT,12,11
2015-02-25 08:00:00.000,2015,2,25,8,32008KT,11,10
2015-02-25 09:00:00.000,2015,2,25,9,26004KT,12,11
2015-02-25 10:00:00.000,2015,2,25,10,VRB02KT,12,11
2015-02-25 10:30:00.000,2015,2,25,10,35003KT,12,11
2015-02-25 11:00:00.000,2015,2,25,11,02002KT,12,11
2015-02-25 12:00:00.000,2015,2,25,12,04003KT,12,11
2015-02-25 13:00:00.000,2015,2,25,13,03006KT,13,10
2015-02-25 14:00:00.000,2015,2,25,14,01004KT,15,09
2015-02-25 15:00:00.000,2015,2,25,15,VRB02KT,16,09
2015-02-25 16:00:00.000,2015,2,25,16,04005KT,18,09
2015-02-25 17:30:00.000,2015,2,25,17,09008KT,19,09
2015-02-25 18:00:00.000,2015,2,25,18,09012KT,18,08
2015-02-25 19:00:00.000,2015,2,25,19,22008KT,16,11
2015-02-25 20:00:00.000,2015,2,25,20,25010KT,16,11
2015-02-25 21:00:00.000,2015,2,25,21,24008KT,16,11
2015-02-25 22:00:00.000,2015,2,25,22,23006KT,17,11
2015-02-25 23:00:00.000,2015,2,25,23,25008KT,15,10
2015-02-26 00:00:00.000,2015,2,26,0,26006KT,15,10
2015-02-26 01:00:00.000,2015,2,26,1,VRB02KT,12,09
2015-02-26 02:00:00.000,2015,2,26,2,32003KT,13,10
2015-02-26 03:00:00.000,2015,2,26,3,VRB02KT,12,08
2015-02-26 04:00:00.000,2015,2,26,4,VRB02KT,11,08
2015-02-26 05:00:00.000,2015,2,26,5,04004KT,09,08
2015-02-26 06:00:00.000,2015,2,26,6,07003KT,11,07
2015-02-26 07:00:00.000,2015,2,26,7,34003KT,09,07
2015-02-26 08:00:00.000,2015,2,26,8,04008KT,10,08
2015-02-26 09:00:00.000,2015,2,26,9,04004KT,10,08
2015-02-26 10:00:00.000,2015,2,26,10,04004KT,08,07
2015-02-26 10:30:00.000,2015,2,26,10,VRB02KT,09,07
2015-02-26 11:00:00.000,2015,2,26,11,04004KT,09,07
2015-02-26 12:00:00.000,2015,2,26,12,04004KT,09,07
2015-02-26 13:00:00.000,2015,2,26,13,06005KT,13,09
2015-02-26 14:00:00.000,2015,2,26,14,14008KT,16,07
2015-02-26 15:00:00.000,2015,2,26,15,10008KT,18,06
2015-02-26 16:00:00.000,2015,2,26,16,VRB02KT,19,04
2015-02-26 17:00:00.000,2015,2,26,17,13008KT,21,04
2015-02-26 18:00:00.000,2015,2,26,18,20007KT,20,04
2015-02-26 19:00:00.000,2015,2,26,19,23009KT,19,10
2015-02-26 20:00:00.000,2015,2,26,20,25011KT,19,10
2015-02-26 21:00:00.000,2015,2,26,21,24011KT,19,09
2015-02-26 22:00:00.000,2015,2,26,22,25011KT,18,09
2015-02-26 23:00:00.000,2015,2,26,23,31008KT,16,08
2015-02-27 00:00:00.000,2015,2,27,0,02004KT,13,08
2015-02-27 01:00:00.000,2015,2,27,1,VRB02KT,13,08
2015-02-27 02:00:00.000,2015,2,27,2,VRB02KT,12,08
2015-02-27 03:00:00.000,2015,2,27,3,VRB02KT,12,08
2015-02-27 04:00:00.000,2015,2,27,4,05007KT,10,08
2015-02-27 05:00:00.000,2015,2,27,5,02003KT,11,08
2015-02-27 06:00:00.000,2015,2,27,6,VRB02KT,09,08
2015-02-27 07:00:00.000,2015,2,27,7,03005KT,09,07
2015-02-27 08:00:00.000,2015,2,27,8,06004KT,08,07
2015-02-27 09:00:00.000,2015,2,27,9,04007KT,07,06
2015-02-27 10:00:00.000,2015,2,27,10,06008KT,08,07
2015-02-27 10:30:00.000,2015,2,27,10,07008KT,09,08
2015-02-27 11:00:00.000,2015,2,27,11,06006KT,09,08
2015-02-27 12:00:00.000,2015,2,27,12,03007KT,09,08
2015-02-27 12:25:00.000,2015,2,27,12,04007KT,12,09
2015-02-27 13:00:00.000,2015,2,27,13,06007KT,14,08
2015-02-27 14:00:00.000,2015,2,27,14,11006KT,16,07
2015-02-27 15:00:00.000,2015,2,27,15,03009KT,09,06
2015-02-27 16:00:00.000,2015,2,27,16,16006KT,09,06
2015-02-27 17:00:00.000,2015,2,27,17,13010KT,19,05
2015-02-27 18:00:00.000,2015,2,27,18,14016KT,20,07
2015-02-27 19:00:00.000,2015,2,27,19,12016KT,19,08
2015-02-27 20:00:00.000,2015,2,27,20,14014KT,19,07
2015-02-27 20:30:00.000,2015,2,27,20,12012KT,19,06
2015-02-27 21:00:00.000,2015,2,27,21,19012KT,20,06
2015-02-27 22:00:00.000,2015,2,27,22,08014KT,18,08
2015-02-27 23:00:00.000,2015,2,27,23,06007G20KT,16,09
2015-02-28 00:00:00.000,2015,2,28,0,04010KT,14,09
2015-02-28 01:00:00.000,2015,2,28,1,07006KT,13,08
2015-02-28 02:00:00.000,2015,2,28,2,07007KT,13,08
2015-02-28 03:00:00.000,2015,2,28,3,07008KT,13,08
2015-02-28 04:00:00.000,2015,2,28,4,06006KT,13,08
2015-02-28 05:00:00.000,2015,2,28,5,36004KT,12,08
2015-02-28 06:00:00.000,2015,2,28,6,05004KT,12,08
2015-02-28 07:00:00.000,2015,2,28,7,08005KT,11,08
2015-02-28 08:00:00.000,2015,2,28,8,02003KT,10,08
2015-02-28 09:00:00.000,2015,2,28,9,07005KT,11,08
2015-02-28 10:00:00.000,2015,2,28,10,VRB02KT,11,08
2015-02-28 10:28:00.000,2015,2,28,10,VRB02KT,10,08
2015-02-28 11:00:00.000,2015,2,28,11,36003KT,11,08
2015-02-28 12:00:00.000,2015,2,28,12,06008KT,13,08
2015-02-28 13:00:00.000,2015,2,28,13,09010KT,16,09
2015-02-28 14:00:00.000,2015,2,28,14,09010KT,18,09
2015-02-28 15:00:00.000,2015,2,28,15,06012KT,17,08
2015-02-28 16:00:00.000,2015,2,28,16,12006G18KT,20,09
2015-02-28 17:00:00.000,2015,2,28,17,06010KT,18,07
2015-02-28 18:00:00.000,2015,2,28,18,09013KT,19,06
2015-02-28 19:00:00.000,2015,2,28,19,10012KT,20,07
2015-02-28 20:00:00.000,2015,2,28,20,15009KT,20,07
2015-02-28 21:00:00.000,2015,2,28,21,17008KT,18,07
2015-02-28 22:00:00.000,2015,2,28,22,35004KT,18,09
2015-02-28 23:00:00.000,2015,2,28,23,24003KT,17,08
2015-03-01 00:00:00.000,2015,3,1,0,31005KT,15,11
2015-03-01 01:00:00.000,2015,3,1,1,03004KT,13,08
2015-03-01 02:00:00.000,2015,3,1,2,07005KT,12,08
2015-03-01 03:00:00.000,2015,3,1,3,14007KT,13,07
2015-03-01 04:00:00.000,2015,3,1,4,05005KT,11,08
2015-03-01 05:00:00.000,2015,3,1,5,05007KT,10,08
2015-03-01 06:00:00.000,2015,3,1,6,34004KT,10,07
2015-03-01 07:00:00.000,2015,3,1,7,VRB02KT,10,08
2015-03-01 08:00:00.000,2015,3,1,8,VRB02KT,10,08
2015-03-01 09:00:00.000,2015,3,1,9,03004KT,09,08
2015-03-01 10:00:00.000,2015,3,1,10,07006KT,09,08
2015-03-01 10:30:00.000,2015,3,1,10,04007KT,09,07
2015-03-01 11:00:00.000,2015,3,1,11,05006KT,09,08
2015-03-01 12:00:00.000,2015,3,1,12,35003KT,09,08
2015-03-01 12:41:00.000,2015,3,1,12,VRB02KT,12,09
2015-03-01 13:00:00.000,2015,3,1,13,06003KT,12,09
2015-03-01 14:00:00.000,2015,3,1,14,06005KT,15,10
2015-03-01 15:00:00.000,2015,3,1,15,05005KT,17,09
2015-03-01 16:00:00.000,2015,3,1,16,10004KT,19,09
2015-03-01 17:00:00.000,2015,3,1,17,10006KT,20,07
2015-03-01 18:00:00.000,2015,3,1,18,050G18KT,20,08
2015-03-01 19:00:00.000,2015,3,1,19,06010KT,21,09
2015-03-01 19:25:00.000,2015,3,1,19,26015KT,21,10
2015-03-01 20:00:00.000,2015,3,1,20,27015KT,19,12
2015-03-01 21:00:00.000,2015,3,1,21,25014KT,17,13
2015-03-01 21:30:00.000,2015,3,1,21,25013KT,17,13
2015-03-01 22:00:00.000,2015,3,1,22,26012KT,16,13
2015-03-01 23:00:00.000,2015,3,1,23,29010KT,16,13
2015-03-01 23:45:00.000,2015,3,1,23,31005KT,15,11
2015-03-02 00:00:00.000,2015,3,2,0,30007KT,14,11
2015-03-02 00:21:00.000,2015,3,2,0,30007KT,14,11
2015-03-02 01:00:00.000,2015,3,2,1,25003KT,12,10
2015-03-02 01:21:00.000,2015,3,2,1,25003KT,12,10
2015-03-02 02:00:00.000,2015,3,2,2,21003KT,13,10
2015-03-02 03:00:00.000,2015,3,2,3,25003KT,14,11
2015-03-02 04:00:00.000,2015,3,2,4,03003KT,12,11
2015-03-02 05:00:00.000,2015,3,2,5,33004KT,12,11
2015-03-02 06:00:00.000,2015,3,2,6,02006KT,12,11
2015-03-02 07:00:00.000,2015,3,2,7,VRB02KT,11,10
2015-03-02 08:00:00.000,2015,3,2,8,31003KT,10,09
2015-03-02 09:00:00.000,2015,3,2,9,00000KT,17,10
2015-03-02 10:00:00.000,2015,3,2,10,29003KT,11,10
2015-03-02 10:32:00.000,2015,3,2,10,28003KT,10,10
2015-03-02 11:00:00.000,2015,3,2,11,28003KT,10,09
2015-03-02 12:00:00.000,2015,3,2,12,VRBO2KT,11,10
2015-03-02 13:00:00.000,2015,3,2,13,30003KT,14,11
2015-03-02 14:00:00.000,2015,3,2,14,25003KT,17,11
2015-03-02 15:00:00.000,2015,3,2,15,25004KT,18,10
2015-03-02 16:00:00.000,2015,3,2,16,11003KT,19,09
2015-03-02 17:00:00.000,2015,3,2,17,32006KT,21,08
2015-03-02 18:00:00.000,2015,3,2,18,30012KT,20,12
2015-03-02 20:00:00.000,2015,3,2,20,26015KT,18,12
2015-03-02 21:00:00.000,2015,3,2,21,29012KT,17,11
2015-03-02 22:00:00.000,2015,3,2,22,33012KT,17,12
2015-03-02 23:00:00.000,2015,3,2,23,27006KT,16,11
2015-03-03 00:00:00.000,2015,3,3,0,27005KT,15,11
2015-03-03 01:00:00.000,2015,3,3,1,30004KT,15,12
2015-03-03 02:00:00.000,2015,3,3,2,27004KT,15,12
2015-03-03 03:00:00.000,2015,3,3,3,29006KT,15,12
2015-03-03 04:00:00.000,2015,3,3,4,30004KT,14,12
2015-03-03 05:00:00.000,2015,3,3,5,29005KT,13,11
2015-03-03 06:00:00.000,2015,3,3,6,VRB02KT,13,11
2015-03-03 06:00:00.000,2015,3,3,6,VRB02KT,13,11
2015-03-03 07:00:00.000,2015,3,3,7,02004KT,12,11
2015-03-03 08:00:00.000,2015,3,3,8,35004KT,13,11
2015-03-03 09:00:00.000,2015,3,3,9,VRB02KT,13,11
2015-03-03 10:00:00.000,2015,3,3,10,03006KT,13,11
2015-03-03 10:30:00.000,2015,3,3,10,01003KT,13,11
2015-03-03 11:00:00.000,2015,3,3,11,04004KT,13,11
2015-03-03 12:00:00.000,2015,3,3,12,05010KT,13,11
2015-03-03 13:00:00.000,2015,3,3,13,05015KT,15,10
2015-03-03 14:00:00.000,2015,3,3,14,05010KT,16,11
2015-03-03 15:00:00.000,2015,3,3,15,10010KT,18,10
2015-03-03 16:00:00.000,2015,3,3,16,09008KT,18,10
2015-03-03 17:00:00.000,2015,3,3,17,05007KT,20,10
2015-03-03 18:00:00.000,2015,3,3,18,27011KT,20,11
2015-03-03 18:20:00.000,2015,3,3,18,28012KT,20,12
2015-03-03 19:00:00.000,2015,3,3,19,29012KT,21,11
2015-03-03 19:48:00.000,2015,3,3,19,26012KT,20,10
2015-03-03 20:00:00.000,2015,3,3,20,26012KT,20,10
2015-03-03 21:00:00.000,2015,3,3,21,27011KT,17,10
2015-03-03 22:00:00.000,2015,3,3,22,22006KT,16,11
2015-03-03 23:00:00.000,2015,3,3,23,18009KT,17,07
2015-03-04 00:00:00.000,2015,3,4,0,36003KT,14,10
2015-03-04 01:00:00.000,2015,3,4,1,03004KT,14,11
2015-03-04 03:00:00.000,2015,3,4,3,03005KT,13,11
2015-03-04 04:00:00.000,2015,3,4,4,03005KT,13,11
2015-03-04 05:00:00.000,2015,3,4,5,03003KT,13,11
2015-03-04 06:00:00.000,2015,3,4,6,02004KT,13,11
2015-03-04 07:00:00.000,2015,3,4,7,06004KT,13,10
2015-03-04 08:00:00.000,2015,3,4,8,26004KT,13,10
2015-03-04 10:00:00.000,2015,3,4,10,VRB02KT,12,10
2015-03-04 10:27:00.000,2015,3,4,10,VRB02KT,12,10
2015-03-04 10:34:00.000,2015,3,4,10,VRB02KT,12,10
2015-03-04 11:00:00.000,2015,3,4,11,36003KT,12,10
2015-03-04 12:00:00.000,2015,3,4,12,01004KT,12,10
2015-03-04 13:00:00.000,2015,3,4,13,VRB02KT,13,10
2015-03-04 14:00:00.000,2015,3,4,14,17004KT,15,08
2015-03-04 15:00:00.000,2015,3,4,15,17006KT,17,07
2015-03-04 16:00:00.000,2015,3,4,16,14009KT,17,07
2015-03-04 17:00:00.000,2015,3,4,17,11006KT,19,07
2015-03-04 18:00:00.000,2015,3,4,18,09008KT,19,07
2015-03-04 19:00:00.000,2015,3,4,19,VRB02KT,19,07
2015-03-04 20:00:00.000,2015,3,4,20,22006KT,18,09
2015-03-04 21:00:00.000,2015,3,4,21,23006KT,18,10
2015-03-04 22:00:00.000,2015,3,4,22,VRB02KT,18,11
2015-03-04 23:00:00.000,2015,3,4,23,23005KT,17,11
2015-03-05 00:00:00.000,2015,3,5,0,25004KT,15,11
2015-03-05 01:00:00.000,2015,3,5,1,32004KT,13,11
2015-03-05 02:00:00.000,2015,3,5,2,VRB02KT,13,11
2015-03-05 03:00:00.000,2015,3,5,3,04004KT,13,09
2015-03-05 03:15:00.000,2015,3,5,3,04004KT,13,09
2015-03-05 04:00:00.000,2015,3,5,4,06004KT,12,08
2015-03-05 05:00:00.000,2015,3,5,5,07006KT,12,09
2015-03-05 06:00:00.000,2015,3,5,6,04006KT,10,08
2015-03-05 07:00:00.000,2015,3,5,7,07004KT,11,09
2015-03-05 08:00:00.000,2015,3,5,8,VRB02KT,09,07
2015-03-05 09:00:00.000,2015,3,5,9,06004KT,09,08
2015-03-05 10:00:00.000,2015,3,5,10,05004KT,10,08
2015-03-05 10:30:00.000,2015,3,5,10,05006KT,10,08
2015-03-05 11:00:00.000,2015,3,5,11,05004KT,09,07
2015-03-05 12:00:00.000,2015,3,5,12,04004KT,11,09
2015-03-05 13:00:00.000,2015,3,5,13,16005KT,15,09
2015-03-05 14:00:00.000,2015,3,5,14,VRB02KT,15,06
2015-03-05 15:00:00.000,2015,3,5,15,07008KT,17,07
2015-03-05 16:00:00.000,2015,3,5,16,VRB02KT,19,06
2015-03-05 17:00:00.000,2015,3,5,17,VRB02KT,19,06
2015-03-05 18:00:00.000,2015,3,5,18,29008KT,18,09
2015-03-05 19:00:00.000,2015,3,5,19,31004KT,18,10
2015-03-05 20:00:00.000,2015,3,5,20,28011KT,18,11
2015-03-05 21:00:00.000,2015,3,5,21,27010KT,19,11
2015-03-05 22:00:00.000,2015,3,5,22,21006KT,18,10
2015-03-05 23:00:00.000,2015,3,5,23,25008KT,16,11
2015-03-06 00:00:00.000,2015,3,6,0,26005KT,16,10
2015-03-06 01:00:00.000,2015,3,6,1,34003KT,14,10
2015-03-06 02:00:00.000,2015,3,6,2,VRB02KT,14,09
2015-03-06 03:00:00.000,2015,3,6,3,02004KT,13,09
2015-03-06 04:00:00.000,2015,3,6,4,04003KT,13,09
2015-03-06 05:00:00.000,2015,3,6,5,18006KT,14,07
2015-03-06 06:00:00.000,2015,3,6,6,VRB02KT,13,09
2015-03-06 07:00:00.000,2015,3,6,7,01003KT,11,09
2015-03-06 08:00:00.000,2015,3,6,8,03004KT,11,09
2015-03-06 09:00:00.000,2015,3,6,9,02003KT,11,09
2015-03-06 10:30:00.000,2015,3,6,10,05004KT,12,08
2015-03-06 11:00:00.000,2015,3,6,11,03003KT,11,09
2015-03-06 12:00:00.000,2015,3,6,12,02006KT,13,10
2015-03-06 13:00:00.000,2015,3,6,13,05006KT,14,10
2015-03-06 13:40:00.000,2015,3,6,13,11003KT,16,08
2015-03-06 14:00:00.000,2015,3,6,14,08006KT,16,07
2015-03-06 15:00:00.000,2015,3,6,15,04009KT,18,07
2015-03-06 16:00:00.000,2015,3,6,16,06003KT,17,06
2015-03-06 17:00:00.000,2015,3,6,17,VRB02KT,19,08
2015-03-06 17:22:00.000,2015,3,6,17,VRB02KT,19,08
2015-03-06 18:00:00.000,2015,3,6,18,VRB02KT,19,08
2015-03-06 19:00:00.000,2015,3,6,19,23008KT,17,11
2015-03-06 20:00:00.000,2015,3,6,20,28005KT,17,10
2015-03-06 21:00:00.000,2015,3,6,21,18007KT,19,07
2015-03-06 22:00:00.000,2015,3,6,22,VRB02KT,19,07
2015-03-06 22:35:00.000,2015,3,6,22,26006KT,16,11
2015-03-06 23:00:00.000,2015,3,6,23,25008KT,15,11
2015-03-07 00:00:00.000,2015,3,7,0,VRB02KT,13,10
2015-03-07 01:00:00.000,2015,3,7,1,VRB02KT,12,10
2015-03-07 02:00:00.000,2015,3,7,2,VRB02KT,11,09
2015-03-07 03:00:00.000,2015,3,7,3,VRB02KT,12,11
2015-03-07 04:00:00.000,2015,3,7,4,VRB02KT,12,11
2015-03-07 05:00:00.000,2015,3,7,5,VRB02KT,11,10
2015-03-07 06:00:00.000,2015,3,7,6,VRB02KT,12,10
2015-03-07 07:00:00.000,2015,3,7,7,VRB02KT,12,10
2015-03-07 08:00:00.000,2015,3,7,8,VRB02KT,12,10
2015-03-07 09:00:00.000,2015,3,7,9,03005KT,12,10
2015-03-07 10:00:00.000,2015,3,7,10,04004KT,11,09
2015-03-07 10:30:00.000,2015,3,7,10,04006KT,11,09
2015-03-07 11:00:00.000,2015,3,7,11,04006KT,11,09
2015-03-07 12:00:00.000,2015,3,7,12,04006KT,11,09
2015-03-07 13:00:00.000,2015,3,7,13,05007KT,15,08
2015-03-07 14:00:00.000,2015,3,7,14,06007KT,17,10
2015-03-07 15:00:00.000,2015,3,7,15,05006KT,16,09
2015-03-07 16:00:00.000,2015,3,7,16,07005KT,18,08
2015-03-07 17:00:00.000,2015,3,7,17,10007KT,19,07
2015-03-07 18:00:00.000,2015,3,7,18,16013KT,20,07
2015-03-07 19:00:00.000,2015,3,7,19,16012KT,19,08
2015-03-07 20:00:00.000,2015,3,7,20,11007KT,18,08
2015-03-07 21:00:00.000,2015,3,7,21,08006KT,19,08
2015-03-07 22:00:00.000,2015,3,7,22,08005KT,18,08
2015-03-07 23:00:00.000,2015,3,7,23,06007KT,16,08
2015-03-08 00:00:00.000,2015,3,8,0,12003KT,15,08
2015-03-08 01:00:00.000,2015,3,8,1,08003KT,15,08
2015-03-08 02:00:00.000,2015,3,8,2,02006KT,12,08
2015-03-08 03:00:00.000,2015,3,8,3,05006KT,11,08
2015-03-08 04:00:00.000,2015,3,8,4,03006KT,11,09
2015-03-08 05:00:00.000,2015,3,8,5,06005KT,13,08
2015-03-08 06:00:00.000,2015,3,8,6,06005KT,13,08
2015-03-08 07:00:00.000,2015,3,8,7,08009KT,12,07
2015-03-08 08:00:00.000,2015,3,8,8,07007KT,10,07
2015-03-08 09:00:00.000,2015,3,8,9,06004KT,11,07
2015-03-08 10:00:00.000,2015,3,8,10,11005KT,12,07
2015-03-08 11:00:00.000,2015,3,8,11,05006KT,12,06
2015-03-08 12:00:00.000,2015,3,8,12,08004KT,12,07
2015-03-08 13:00:00.000,2015,3,8,13,09005KT,13,08
2015-03-08 13:38:00.000,2015,3,8,13,13009KT,16,07
2015-03-08 14:00:00.000,2015,3,8,14,13010KT,17,07
2015-03-08 15:00:00.000,2015,3,8,15,10009KT,18,07
2015-03-08 16:00:00.000,2015,3,8,16,11012KT,19,06
2015-03-08 17:00:00.000,2015,3,8,17,09012KT,20,07
2015-03-08 18:00:00.000,2015,3,8,18,10010KT,20,07
2015-03-08 19:00:00.000,2015,3,8,19,11007KT,21,07
2015-03-08 20:00:00.000,2015,3,8,20,14012KT,21,07
2015-03-08 21:00:00.000,2015,3,8,21,14014KT,19,07
2015-03-08 22:00:00.000,2015,3,8,22,19012KT,18,08
2015-03-08 23:00:00.000,2015,3,8,23,13013KT,17,07
2015-03-09 00:00:00.000,2015,3,9,0,09007KT,15,08
2015-03-09 01:00:00.000,2015,3,9,1,06004KT,14,09
2015-03-09 02:00:00.000,2015,3,9,2,06004KT,13,09
2015-03-09 03:00:00.000,2015,3,9,3,06006KT,13,09
2015-03-09 04:00:00.000,2015,3,9,4,12005KT,14,08
2015-03-09 05:00:00.000,2015,3,9,5,08005KT,14,08
2015-03-09 06:00:00.000,2015,3,9,6,06007KT,13,08
2015-03-09 07:00:00.000,2015,3,9,7,29004KT,11,08
2015-03-09 08:00:00.000,2015,3,9,8,03004KT,11,08
2015-03-09 09:00:00.000,2015,3,9,9,04005KT,11,08
2015-03-09 10:00:00.000,2015,3,9,10,04005KT,11,08
2015-03-09 10:30:00.000,2015,3,9,10,03007KT,11,09
2015-03-09 11:00:00.000,2015,3,9,11,05008KT,12,09
2015-03-09 12:00:00.000,2015,3,9,12,08005KT,13,09
2015-03-09 13:00:00.000,2015,3,9,13,10006KT,14,09
2015-03-09 14:00:00.000,2015,3,9,14,13006KT,14,09
2015-03-09 15:00:00.000,2015,3,9,15,11006KT,15,09
2015-03-09 16:00:00.000,2015,3,9,16,13005KT,16,09
2015-03-09 17:00:00.000,2015,3,9,17,14006KT,16,09
2015-03-09 18:00:00.000,2015,3,9,18,12012KT,17,09
2015-03-09 19:00:00.000,2015,3,9,19,13007KT,18,09
2015-03-09 20:00:00.000,2015,3,9,20,12006KT,18,09
2015-03-09 21:00:00.000,2015,3,9,21,17010KT,17,09
2015-03-09 22:00:00.000,2015,3,9,22,18010KT,18,08
2015-03-09 23:00:00.000,2015,3,9,23,13008KT,16,08
2015-03-10 00:00:00.000,2015,3,10,0,08004KT,15,09
2015-03-10 01:00:00.000,2015,3,10,1,04010KT,13,09
2015-03-10 02:00:00.000,2015,3,10,2,04007KT,11,09
2015-03-10 03:00:00.000,2015,3,10,3,05009KT,12,09
2015-03-10 04:00:00.000,2015,3,10,4,34003KT,10,09
2015-03-10 05:00:00.000,2015,3,10,5,02006KT,11,09
2015-03-10 06:00:00.000,2015,3,10,6,03003KT,11,09
2015-03-10 07:00:00.000,2015,3,10,7,06007KT,12,09
2015-03-10 08:00:00.000,2015,3,10,8,04006KT,11,09
2015-03-10 09:00:00.000,2015,3,10,9,06005KT,12,09
2015-03-10 10:00:00.000,2015,3,10,10,04007KT,12,09
2015-03-10 10:30:00.000,2015,3,10,10,06006KT,12,09
2015-03-10 11:00:00.000,2015,3,10,11,05006KT,12,09
2015-03-10 13:00:00.000,2015,3,10,13,09004KT,14,10
2015-03-10 14:00:00.000,2015,3,10,14,09007KT,15,09
2015-03-10 14:40:00.000,2015,3,10,14,11008KT,17,09
2015-03-10 15:00:00.000,2015,3,10,15,11009KT,17,09
2015-03-10 16:00:00.000,2015,3,10,16,14012KT,19,09
2015-03-10 17:00:00.000,2015,3,10,17,14013KT,18,09
2015-03-10 18:00:00.000,2015,3,10,18,13012KT,18,09
2015-03-10 19:00:00.000,2015,3,10,19,12014KT,19,09
2015-03-10 20:00:00.000,2015,3,10,20,13011KT,18,09
2015-03-10 21:00:00.000,2015,3,10,21,15010KT,18,09
2015-03-10 22:00:00.000,2015,3,10,22,06006KT,17,09
2015-03-10 23:00:00.000,2015,3,10,23,11004KT,16,09
2015-03-11 00:00:00.000,2015,3,11,0,13006KT,16,09
2015-03-11 01:00:00.000,2015,3,11,1,05004KT,14,10
2015-03-11 02:00:00.000,2015,3,11,2,03005KT,14,10
2015-03-11 03:00:00.000,2015,3,11,3,07006KT,14,10
2015-03-11 04:00:00.000,2015,3,11,4,04007KT,13,10
2015-03-11 05:00:00.000,2015,3,11,5,03005KT,14,10
2015-03-11 06:00:00.000,2015,3,11,6,04007KT,13,10
2015-03-11 07:00:00.000,2015,3,11,7,03007KT,13,10
2015-03-11 08:00:00.000,2015,3,11,8,03004KT,12,11
2015-03-11 09:00:00.000,2015,3,11,9,00000KT,13,11
2015-03-11 10:00:00.000,2015,3,11,10,02005KT,12,10
2015-03-11 10:30:00.000,2015,3,11,10,02004KT,12,10
2015-03-11 11:00:00.000,2015,3,11,11,04006KT,13,11
2015-03-11 11:23:00.000,2015,3,11,11,04006KT,13,11
2015-03-11 12:00:00.000,2015,3,11,12,04004KT,13,11
2015-03-11 13:00:00.000,2015,3,11,13,04008KT,14,11
2015-03-11 14:00:00.000,2015,3,11,14,05008KT,16,11
2015-03-11 15:00:00.000,2015,3,11,15,09010KT,18,10
2015-03-11 16:00:00.000,2015,3,11,16,12008KT,19,08
2015-03-11 17:00:00.000,2015,3,11,17,14010KT,19,09
2015-03-11 18:00:00.000,2015,3,11,18,13008KT,19,08
2015-03-11 19:00:00.000,2015,3,11,19,13009KT,19,08
2015-03-11 20:00:00.000,2015,3,11,20,09006KT,19,09
2015-03-11 21:00:00.000,2015,3,11,21,08006KT,18,09
2015-03-11 22:00:00.000,2015,3,11,22,14008KT,19,09
2015-03-11 23:00:00.000,2015,3,11,23,12007KT,18,08
2015-03-12 00:00:00.000,2015,3,12,0,13010KT,16,09
2015-03-12 01:00:00.000,2015,3,12,1,12010KT,15,08
2015-03-12 02:00:00.000,2015,3,12,2,05004KT,14,08
2015-03-12 03:00:00.000,2015,3,12,3,01004KT,14,09
2015-03-12 04:00:00.000,2015,3,12,4,05008KT,13,09
2015-03-12 05:00:00.000,2015,3,12,5,07004KT,12,09
2015-03-12 07:00:00.000,2015,3,12,7,03005KT,11,09
2015-03-12 08:00:00.000,2015,3,12,8,05005KT,11,09
2015-03-12 09:00:00.000,2015,3,12,9,06004KT,12,09
2015-03-12 10:00:00.000,2015,3,12,10,06005KT,11,09
2015-03-12 10:30:00.000,2015,3,12,10,04003KT,10,08
2015-03-12 11:00:00.000,2015,3,12,11,26005KT,10,09
2015-03-12 11:30:00.000,2015,3,12,11,VRB02KT,07,06
2015-03-12 12:00:00.000,2015,3,12,12,35003KT,12,10
2015-03-12 12:12:00.000,2015,3,12,12,35003KT,12,10
2015-03-12 13:00:00.000,2015,3,12,13,36005KT,14,10
2015-03-12 14:00:00.000,2015,3,12,14,05007KT,16,08
2015-03-12 15:00:00.000,2015,3,12,15,10009KT,19,07
2015-03-12 16:00:00.000,2015,3,12,16,14009KT,20,06
2015-03-12 17:00:00.000,2015,3,12,17,13008KT,21,06
2015-03-12 18:00:00.000,2015,3,12,18,15009KT,22,06
2015-03-12 19:00:00.000,2015,3,12,19,VRB02KT,22,06
2015-03-12 19:40:00.000,2015,3,12,19,30006KT,19,12
2015-03-12 20:00:00.000,2015,3,12,20,33010KT,16,14
2015-03-12 20:40:00.000,2015,3,12,20,28011KT,16,12
2015-03-12 21:00:00.000,2015,3,12,21,25009KT,15,10
2015-03-12 21:00:00.000,2015,3,12,21,25009KT,15,10
2015-03-12 21:35:00.000,2015,3,12,21,VRB02KT,16,11
2015-03-12 22:00:00.000,2015,3,12,22,18007KT,16,10
2015-03-12 23:00:00.000,2015,3,12,23,23004KT,17,10
2015-03-13 00:00:00.000,2015,3,13,0,30003KT,15,12
2015-03-13 01:00:00.000,2015,3,13,1,VRB02KT,13,11
2015-03-13 02:00:00.000,2015,3,13,2,VRB02KT,14,12
2015-03-13 03:00:00.000,2015,3,13,3,VRB02KT,13,12
2015-03-13 04:00:00.000,2015,3,13,4,36003KT,14,12
2015-03-13 05:00:00.000,2015,3,13,5,03005KT,13,11
2015-03-13 06:00:00.000,2015,3,13,6,VRB02KT,12,10
2015-03-13 07:00:00.000,2015,3,13,7,05004KT,10,09
2015-03-13 08:00:00.000,2015,3,13,8,06005KT,10,09
2015-03-13 09:00:00.000,2015,3,13,9,06005KT,11,09
2015-03-13 10:00:00.000,2015,3,13,10,VRB02KT,11,09
2015-03-13 10:30:00.000,2015,3,13,10,03006KT,09,07
2015-03-13 11:00:00.000,2015,3,13,11,05007KT,09,08
2015-03-13 12:00:00.000,2015,3,13,12,05005KT,11,09
2015-03-13 13:00:00.000,2015,3,13,13,05005KT,14,10
2015-03-13 14:00:00.000,2015,3,13,14,03004KT,16,10
2015-03-13 15:00:00.000,2015,3,13,15,VRB02KT,19,08
2015-03-13 16:00:00.000,2015,3,13,16,VRB02KT,20,06
2015-03-13 18:00:00.000,2015,3,13,18,13004KT,20,05
2015-03-13 19:00:00.000,2015,3,13,19,05005KT,21,07
2015-03-13 20:00:00.000,2015,3,13,20,28011KT,19,11
2015-03-13 21:00:00.000,2015,3,13,21,26009KT,19,12
2015-03-13 22:00:00.000,2015,3,13,22,31008KT,18,11
2015-03-13 23:00:00.000,2015,3,13,23,33005KT,16,12
2015-03-14 00:00:00.000,2015,3,14,0,29004KT,16,12
2015-03-14 01:00:00.000,2015,3,14,1,VRB02KT,15,12
2015-03-14 02:00:00.000,2015,3,14,2,VRB02KT,13,12
2015-03-14 03:00:00.000,2015,3,14,3,33003KT,14,11
2015-03-14 04:00:00.000,2015,3,14,4,03003KT,13,10
2015-03-14 05:00:00.000,2015,3,14,5,03003KT,13,10
2015-03-14 07:00:00.000,2015,3,14,7,04003KT,13,10
2015-03-14 08:00:00.000,2015,3,14,8,03003KT,12,10
2015-03-14 09:00:00.000,2015,3,14,9,VRB02KR,12,10
2015-03-14 10:00:00.000,2015,3,14,10,35003KT,11,09
2015-03-14 10:30:00.000,2015,3,14,10,20003KT,12,10
2015-03-14 11:00:00.000,2015,3,14,11,VRB02KT,13,10
2015-03-14 13:00:00.000,2015,3,14,13,VRB02KT,14,10
2015-03-14 14:00:00.000,2015,3,14,14,14008KT,15,09
2015-03-14 15:00:00.000,2015,3,14,15,14004KT,18,08
2015-03-14 16:00:00.000,2015,3,14,16,10003KT,20,06
2015-03-14 17:00:00.000,2015,3,14,17,10005KT,21,07
2015-03-14 18:00:00.000,2015,3,14,18,30010KT,21,10
2015-03-14 19:00:00.000,2015,3,14,19,31010KT,18,11
2015-03-14 20:00:00.000,2015,3,14,20,08004KT,15,13
2015-03-14 22:00:00.000,2015,3,14,22,28006KT,15,13
2015-03-14 23:00:00.000,2015,3,14,23,VRB02KT,16,12
2015-03-15 00:00:00.000,2015,3,15,0,VRB02KT,14,12
2015-03-15 01:00:00.000,2015,3,15,1,32004KT,23,12
2015-03-15 02:00:00.000,2015,3,15,2,VRB02KT,13,11
2015-03-15 03:00:00.000,2015,3,15,3,03004KT,13,11
2015-03-15 04:00:00.000,2015,3,15,4,03004KT,12,11
2015-03-15 05:00:00.000,2015,3,15,5,03004KT,11,10
2015-03-15 06:00:00.000,2015,3,15,6,04006KT,11,10
2015-03-15 07:00:00.000,2015,3,15,7,04004KT,10,09
2015-03-15 08:00:00.000,2015,3,15,8,VRB02KT,10,09
2015-03-15 09:00:00.000,2015,3,15,9,05004KT,09,08
2015-03-15 10:00:00.000,2015,3,15,10,04004KT,09,08
2015-03-15 10:30:00.000,2015,3,15,10,03004KT,07,07
2015-03-15 11:00:00.000,2015,3,15,11,04004KT,08,07
2015-03-15 12:00:00.000,2015,3,15,12,VRB02KT,10,08
2015-03-15 13:00:00.000,2015,3,15,13,06006KT,13,09
2015-03-15 13:30:00.000,2015,3,15,13,05005KT,15,09
2015-03-15 14:00:00.000,2015,3,15,14,03006KT,17,09
2015-03-15 15:00:00.000,2015,3,15,15,12006KT,18,08
2015-03-15 16:00:00.000,2015,3,15,16,33007KT,20,07
2015-03-15 17:00:00.000,2015,3,15,17,14008KT,22,06
2015-03-15 18:00:00.000,2015,3,15,18,20007KT,22,06
2015-03-15 19:00:00.000,2015,3,15,19,28012KT,22,10
2015-03-15 19:30:00.000,2015,3,15,19,27009KT,21,11
2015-03-15 19:40:00.000,2015,3,15,19,29007KT,20,12
2015-03-15 20:00:00.000,2015,3,15,20,03005KT,19,12
2015-03-15 20:10:00.000,2015,3,15,20,06010G20KT,14,12
2015-03-15 20:25:00.000,2015,3,15,20,09013KT,12,10
2015-03-15 21:00:00.000,2015,3,15,21,27005KT,15,11
2015-03-15 21:30:00.000,2015,3,15,21,23004KT,17,11
2015-03-15 22:00:00.000,2015,3,15,22,23005KT,17,11
2015-03-15 23:00:00.000,2015,3,15,23,24003KT,16,11
2015-03-16 00:00:00.000,2015,3,16,0,27005KT,15,12
2015-03-16 01:00:00.000,2015,3,16,1,29005KT,15,11
2015-03-16 02:00:00.000,2015,3,16,2,23004KT,15,10
2015-03-16 03:00:00.000,2015,3,16,3,VRB02KT,13,11
2015-03-16 04:00:00.000,2015,3,16,4,VRB02KT,13,11
2015-03-16 05:00:00.000,2015,3,16,5,VRB02KT,12,11
2015-03-16 06:00:00.000,2015,3,16,6,VRB02KT,13,10
2015-03-16 07:00:00.000,2015,3,16,7,08003KT,12,10
2015-03-16 08:00:00.000,2015,3,16,8,07005KT,12,10
2015-03-16 09:00:00.000,2015,3,16,9,06004KT,08,07
2015-03-16 10:00:00.000,2015,3,16,10,VRB02KT,12,09
2015-03-16 10:30:00.000,2015,3,16,10,06005KT,11,09
2015-03-16 11:00:00.000,2015,3,16,11,02005KT,11,09
2015-03-16 12:00:00.000,2015,3,16,12,03003KT,12,09
2015-03-16 13:00:00.000,2015,3,16,13,02004KT,14,10
2015-03-16 15:00:00.000,2015,3,16,15,16004KT,18,07
2015-03-16 16:00:00.000,2015,3,16,16,14009KT,19,06
2015-03-16 17:00:00.000,2015,3,16,17,14007KT,20,07
2015-03-16 18:00:00.000,2015,3,16,18,01005KT,22,07
2015-03-16 19:00:00.000,2015,3,16,19,24014KT,18,12
2015-03-16 19:17:00.000,2015,3,16,19,24014KT,18,12
2015-03-16 20:00:00.000,2015,3,16,20,29010KT,17,12
2015-03-16 20:20:00.000,2015,3,16,20,29010KT,17,12
2015-03-16 20:44:00.000,2015,3,16,20,27011KT,16,13
2015-03-16 21:00:00.000,2015,3,16,21,29010KT,15,13
2015-03-16 22:00:00.000,2015,3,16,22,20010KT,16,13
2015-03-16 23:00:00.000,2015,3,16,23,VRB02KT,16,12
2015-03-17 00:00:00.000,2015,3,17,0,25005KT,16,12
2015-03-17 01:00:00.000,2015,3,17,1,26005KT,15,11
2015-03-17 02:00:00.000,2015,3,17,2,28004KT,15,11
2015-03-17 02:36:00.000,2015,3,17,2,34003KT,15,12
2015-03-17 03:00:00.000,2015,3,17,3,03003KT,14,12
2015-03-17 04:00:00.000,2015,3,17,4,02006KT,14,12
2015-03-17 05:00:00.000,2015,3,17,5,03003KT,13,12
2015-03-17 07:00:00.000,2015,3,17,7,29003KT,13,11
2015-03-17 08:00:00.000,2015,3,17,8,32003KT,12,11
2015-03-17 09:00:00.000,2015,3,17,9,VRB02KT,04,03
2015-03-17 10:00:00.000,2015,3,17,10,VRB02KT,12,11
2015-03-17 10:30:00.000,2015,3,17,10,VRB02KT,12,11
2015-03-17 11:00:00.000,2015,3,17,11,32003KT,12,11
2015-03-17 12:00:00.000,2015,3,17,12,34003KT,13,11
2015-03-17 13:00:00.000,2015,3,17,13,31005KT,14,11
2015-03-17 14:00:00.000,2015,3,17,14,35003KT,15,11
2015-03-17 16:00:00.000,2015,3,17,16,27003KT,18,10
2015-03-17 17:00:00.000,2015,3,17,17,30009KT,18,11
2015-03-17 18:00:00.000,2015,3,17,18,25010KT,18,10
2015-03-17 19:00:00.000,2015,3,17,19,24012KT,18,11
2015-03-17 20:00:00.000,2015,3,17,20,28013KT,12,11
2015-03-17 21:00:00.000,2015,3,17,21,24008KT,19,10
2015-03-17 22:00:00.000,2015,3,17,22,28010KT,18,10
2015-03-17 23:00:00.000,2015,3,17,23,29006KT,16,10
2015-03-18 00:00:00.000,2015,3,18,0,28003KT,16,11
2015-03-18 01:00:00.000,2015,3,18,1,VRB02KT,15,12
2015-03-18 02:00:00.000,2015,3,18,2,VRB02KT,13,11
2015-03-18 03:00:00.000,2015,3,18,3,33004KT,14,12
2015-03-18 03:30:00.000,2015,3,18,3,02007KT,13,12
2015-03-18 04:00:00.000,2015,3,18,4,33003KT,13,12
2015-03-18 04:07:00.000,2015,3,18,4,VRB02KT,13,12
2015-03-18 05:00:00.000,2015,3,18,5,VRB02KT,13,12
2015-03-18 06:00:00.000,2015,3,18,6,36003KT,13,12
2015-03-18 06:21:00.000,2015,3,18,6,36003KT,13,12
2015-03-18 06:32:00.000,2015,3,18,6,04004KT,13,12
2015-03-18 07:13:00.000,2015,3,18,7,12006KT,12,12
2015-03-18 09:00:00.000,2015,3,18,9,30003KT,12,12
2015-03-18 09:22:00.000,2015,3,18,9,30003KT,12,12
2015-03-18 10:00:00.000,2015,3,18,10,09003KT,12,12
2015-03-18 10:00:00.000,2015,3,18,10,09003KT,12,12
2015-03-18 11:00:00.000,2015,3,18,11,06008KT,13,12
2015-03-18 12:00:00.000,2015,3,18,12,07009KT,12,11
2015-03-18 13:00:00.000,2015,3,18,13,36006KT,13,11
2015-03-18 14:00:00.000,2015,3,18,14,02005KT,13,12
2015-03-18 15:00:00.000,2015,3,18,15,04005KT,15,10
2015-03-18 16:00:00.000,2015,3,18,16,05004KT,17,09
2015-03-18 17:00:00.000,2015,3,18,17,35003KT,18,11
2015-03-18 18:00:00.000,2015,3,18,18,23014KT,17,13
2015-03-18 19:00:00.000,2015,3,18,19,27009KT,16,11
2015-03-18 20:00:00.000,2015,3,18,20,28008KT,17,12
2015-03-18 21:00:00.000,2015,3,18,21,28008KT,16,11
2015-03-18 22:00:00.000,2015,3,18,22,25006KT,16,12
2015-03-18 22:10:00.000,2015,3,18,22,25006KT,16,12
2015-03-18 23:00:00.000,2015,3,18,23,23007KT,15,11
2015-03-18 23:30:00.000,2015,3,18,23,25012KT,14,12
2015-03-19 00:00:00.000,2015,3,19,0,29014KT,14,12
2015-03-19 01:00:00.000,2015,3,19,1,33006KT,13,11
2015-03-19 02:00:00.000,2015,3,19,2,33005KT,11,10
2015-03-19 03:00:00.000,2015,3,19,3,30004KT,12,11
2015-03-19 04:00:00.000,2015,3,19,4,31008KT,11,10
2015-03-19 05:00:00.000,2015,3,19,5,VRB02KT,11,11
2015-03-19 06:00:00.000,2015,3,19,6,VRB02KT,11,11
2015-03-19 07:00:00.000,2015,3,19,7,VRB02KT,12,11
2015-03-19 08:00:00.000,2015,3,19,8,VB02KT,11,11
2015-03-19 09:00:00.000,2015,3,19,9,VRB02KT,12,11
2015-03-19 10:00:00.000,2015,3,19,10,VRB02KT,12,11
2015-03-19 10:27:00.000,2015,3,19,10,VRB02KT,12,11
2015-03-19 11:00:00.000,2015,3,19,11,VRB02KT,11,11
2015-03-19 12:00:00.000,2015,3,19,12,VRB02KT,12,11
2015-03-19 13:00:00.000,2015,3,19,13,07004KT,14,11
2015-03-19 14:00:00.000,2015,3,19,14,VRB02KT,16,10
2015-03-19 15:00:00.000,2015,3,19,15,VRB02KT,17,10
2015-03-19 16:00:00.000,2015,3,19,16,30010KT,17,12
2015-03-19 16:05:00.000,2015,3,19,16,33010KT,16,11
2015-03-19 16:30:00.000,2015,3,19,16,32009KT,14,12
2015-03-19 16:42:00.000,2015,3,19,16,30006KT,14,12
2015-03-19 17:00:00.000,2015,3,19,17,30010KT,14,12
2015-03-19 18:00:00.000,2015,3,19,18,32003KT,15,12
2015-03-19 19:00:00.000,2015,3,19,19,17006KT,14,11
2015-03-19 20:00:00.000,2015,3,19,20,VRB02KT,14,12
2015-03-19 21:00:00.000,2015,3,19,21,15005KT,14,12
2015-03-19 21:20:00.000,2015,3,19,21,VRB02KT,14,12
2015-03-19 22:00:00.000,2015,3,19,22,26005KT,14,12
2015-03-19 22:24:00.000,2015,3,19,22,30004KT,13,12
2015-03-19 23:00:00.000,2015,3,19,23,VRB02KT,13,11
2015-03-20 00:00:00.000,2015,3,20,0,32005KT,13,11
2015-03-20 01:00:00.000,2015,3,20,1,34004KT,13,11
2015-03-20 02:00:00.000,2015,3,20,2,07004KT,12,11
2015-03-20 03:00:00.000,2015,3,20,3,35004KT,12,11
2015-03-20 04:00:00.000,2015,3,20,4,32004KT,12,11
2015-03-20 05:00:00.000,2015,3,20,5,31004KT,12,11
2015-03-20 06:00:00.000,2015,3,20,6,33004KT,12,11
2015-03-20 07:00:00.000,2015,3,20,7,31006KT,12,11
2015-03-20 08:00:00.000,2015,3,20,8,29004KT,12,11
2015-03-20 09:00:00.000,2015,3,20,9,32003KT,11,10
2015-03-20 10:30:00.000,2015,3,20,10,VRB02KT,11,10
2015-03-20 11:00:00.000,2015,3,20,11,VRB02KT,11,10
2015-03-20 12:00:00.000,2015,3,20,12,VRB02KT,11,11
2015-03-20 13:00:00.000,2015,3,20,13,VRB02KT,14,11
2015-03-20 14:00:00.000,2015,3,20,14,VRB02KT,15,10
2015-03-20 15:00:00.000,2015,3,20,15,VRB02KT,16,10
2015-03-20 16:00:00.000,2015,3,20,16,VRB02KT,18,10
2015-03-20 17:00:00.000,2015,3,20,17,03010KT,18,11
2015-03-20 18:00:00.000,2015,3,20,18,30006KT,17,10
2015-03-20 19:00:00.000,2015,3,20,19,31004KT,17,10
2015-03-20 20:00:00.000,2015,3,20,20,20005KT,15,12
2015-03-20 21:00:00.000,2015,3,20,21,20008KT,15,13
2015-03-20 22:00:00.000,2015,3,20,22,VRB02KT,15,13
2015-03-20 23:00:00.000,2015,3,20,23,31009KT,14,10
2015-03-21 00:00:00.000,2015,3,21,0,30007KT,13,10
2015-03-21 01:00:00.000,2015,3,21,1,30006KT,13,11
2015-03-21 02:00:00.000,2015,3,21,2,2203KT,13,10
2015-03-21 03:00:00.000,2015,3,21,3,30003KT,13,11
2015-03-21 04:00:00.000,2015,3,21,4,28005KT,13,11
2015-03-21 06:00:00.000,2015,3,21,6,33004KT,12,10
2015-03-21 07:00:00.000,2015,3,21,7,33004KT,12,11
2015-03-21 07:40:00.000,2015,3,21,7,33005KT,12,11
2015-03-21 08:00:00.000,2015,3,21,8,32005KT,12,11
2015-03-21 08:10:00.000,2015,3,21,8,32005KT,12,11
2015-03-21 09:00:00.000,2015,3,21,9,32005KT,12,11
2015-03-21 10:00:00.000,2015,3,21,10,VRB02KT,12,11
2015-03-21 10:30:00.000,2015,3,21,10,32004KT,12,11
2015-03-21 11:00:00.000,2015,3,21,11,VRB02KT,11,10
2015-03-21 12:00:00.000,2015,3,21,12,VRB02KT,12,11
2015-03-21 13:00:00.000,2015,3,21,13,30005KT,13,11
2015-03-21 14:00:00.000,2015,3,21,14,32006KT,15,11
2015-03-21 16:00:00.000,2015,3,21,16,32007KT,17,10
2015-03-21 17:00:00.000,2015,3,21,17,32010KT,18,09
2015-03-21 18:00:00.000,2015,3,21,18,36012KT,17,11
2015-03-21 19:00:00.000,2015,3,21,19,31014KT,17,11
2015-03-21 20:00:00.000,2015,3,21,20,23012KT,17,11
2015-03-21 21:00:00.000,2015,3,21,21,27013KT,17,11
2015-03-21 22:00:00.000,2015,3,21,22,31010KT,16,11
2015-03-21 23:00:00.000,2015,3,21,23,31009KT,15,11
2015-03-22 00:00:00.000,2015,3,22,0,30010KT,13,11
2015-03-22 01:00:00.000,2015,3,22,1,30009KT,13,10
2015-03-22 02:00:00.000,2015,3,22,2,32009KT,12,10
2015-03-22 03:00:00.000,2015,3,22,3,28005KT,13,10
2015-03-22 04:00:00.000,2015,3,22,4,VRB02KT,12,10
2015-03-22 05:00:00.000,2015,3,22,5,24004KT,12,10
2015-03-22 06:00:00.000,2015,3,22,6,VRB02KT,10,08
2015-03-22 07:00:00.000,2015,3,22,7,VRB02KT,08,07
2015-03-22 08:00:00.000,2015,3,22,8,30003KT,13,10
2015-03-22 08:12:00.000,2015,3,22,8,30003KT,07,07
2015-03-22 08:21:00.000,2015,3,22,8,VRB02KT,07,07
2015-03-22 10:00:00.000,2015,3,22,10,VRB02KT,05,05
2015-03-22 10:30:00.000,2015,3,22,10,320004KT,07,07
2015-03-22 11:00:00.000,2015,3,22,11,VRB02KT,07,07
2015-03-22 12:00:00.000,2015,3,22,12,VRB02KT,07,07
2015-03-22 12:30:00.000,2015,3,22,12,VRB02KT,11,10
2015-03-22 13:00:00.000,2015,3,22,13,VRB02KT,12,12
2015-03-22 14:00:00.000,2015,3,22,14,02004KT,15,10
2015-03-22 16:00:00.000,2015,3,22,16,07004KT,19,08
2015-03-22 17:00:00.000,2015,3,22,17,28006KT,18,09
2015-03-22 18:00:00.000,2015,3,22,18,29009KT,19,10
2015-03-22 19:00:00.000,2015,3,22,19,29014KT,20,10
2015-03-22 20:00:00.000,2015,3,22,20,31015KT,20,09
2015-03-22 20:25:00.000,2015,3,22,20,32014KT,19,10
2015-03-22 21:00:00.000,2015,3,22,21,33014KT,19,11
2015-03-22 22:00:00.000,2015,3,22,22,30011KT,18,11
2015-03-22 23:00:00.000,2015,3,22,23,32009KT,16,09
2015-03-23 02:00:00.000,2015,3,23,2,27007KT,14,10
2015-03-23 03:00:00.000,2015,3,23,3,30006KT,13,10
2015-03-23 04:00:00.000,2015,3,23,4,28005KT,12,10
2015-03-23 05:00:00.000,2015,3,23,5,24004KT,10,09
2015-03-23 06:00:00.000,2015,3,23,6,31006KT,10,09
2015-03-23 07:00:00.000,2015,3,23,7,VRB02KT,10,09
2015-03-23 08:00:00.000,2015,3,23,8,30004KT,08,08
2015-03-23 09:00:00.000,2015,3,23,9,33004KT,09,08
2015-03-23 10:00:00.000,2015,3,23,10,VRB02KT,08,07
2015-03-23 10:30:00.000,2015,3,23,10,30004KT,07,07
2015-03-23 11:00:00.000,2015,3,23,11,32004KT,07,07
2015-03-23 11:30:00.000,2015,3,23,11,VRB02KT,09,08
2015-03-23 12:00:00.000,2015,3,23,12,VRB02KT,11,10
2015-03-23 13:00:00.000,2015,3,23,13,VRB02KT,12,10
2015-03-23 14:00:00.000,2015,3,23,14,VRB02KT,16,10
2015-03-23 15:00:00.000,2015,3,23,15,34005KT,18,08
2015-03-23 16:00:00.000,2015,3,23,16,02005KT,20,08
2015-03-23 17:00:00.000,2015,3,23,17,28007KT,20,08
2015-03-23 18:00:00.000,2015,3,23,18,29014KT,20,11
2015-03-23 19:00:00.000,2015,3,23,19,27014KT,20,11
2015-03-23 20:00:00.000,2015,3,23,20,26012KT,20,11
2015-03-23 21:00:00.000,2015,3,23,21,23013KT,19,10
2015-03-23 22:00:00.000,2015,3,23,22,24009KT,16,10
2015-03-23 23:00:00.000,2015,3,23,23,27005KT,15,11
2015-03-24 00:00:00.000,2015,3,24,0,VRB02KT,14,11
2015-03-24 01:00:00.000,2015,3,24,1,31008KT,14,11
2015-03-24 02:00:00.000,2015,3,24,2,34003KT,14,11
2015-03-24 03:00:00.000,2015,3,24,3,32005KT,14,11
2015-03-24 04:00:00.000,2015,3,24,4,33005KT,13,11
2015-03-24 05:00:00.000,2015,3,24,5,35004KT,13,11
2015-03-24 06:00:00.000,2015,3,24,6,26004KT,13,11
2015-03-24 09:00:00.000,2015,3,24,9,VRB02KT,12,10
2015-03-24 10:00:00.000,2015,3,24,10,VRB02KT,10,09
2015-03-24 10:30:00.000,2015,3,24,10,35003KT,11,10
2015-03-24 11:00:00.000,2015,3,24,11,VRB02KT,11,10
2015-03-24 11:00:00.000,2015,3,24,11,VRB02KT,11,10
2015-03-24 12:00:00.000,2015,3,24,12,VRB02KT,12,11
2015-03-24 13:00:00.000,2015,3,24,13,29003KT,13,11
2015-03-24 14:00:00.000,2015,3,24,14,VRB02KT,16,10
2015-03-24 15:00:00.000,2015,3,24,15,VRB02KT,17,09
2015-03-24 16:00:00.000,2015,3,24,16,29005KT,18,09
2015-03-24 17:00:00.000,2015,3,24,17,34004KT,19,09
2015-03-24 18:00:00.000,2015,3,24,18,26012KT,18,10
2015-03-24 18:17:00.000,2015,3,24,18,24010KT,18,10
2015-03-24 19:00:00.000,2015,3,24,19,24012KT,18,10
2015-03-24 20:00:00.000,2015,3,24,20,25010KT,19,09
2015-03-24 21:00:00.000,2015,3,24,21,27008KT,18,10
2015-03-24 22:00:00.000,2015,3,24,22,24008KT,17,11
2015-03-24 23:00:00.000,2015,3,24,23,25010KT,16,11
2015-03-25 00:00:00.000,2015,3,25,0,27006KT,15,10
2015-03-25 01:00:00.000,2015,3,25,1,26003KT,14,10
2015-03-25 02:00:00.000,2015,3,25,2,27002KT,14,11
2015-03-25 03:00:00.000,2015,3,25,3,34003KT,12,10
2015-03-25 04:00:00.000,2015,3,25,4,32004KT,11,10
2015-03-25 05:00:00.000,2015,3,25,5,32005KT,09,09
2015-03-25 06:00:00.000,2015,3,25,6,34003KT,11,11
2015-03-25 07:00:00.000,2015,3,25,7,25003KT,10,10
2015-03-25 08:00:00.000,2015,3,25,8,00000KT,10,10
2015-03-25 09:00:00.000,2015,3,25,9,00000KT,11,11
2015-03-25 10:00:00.000,2015,3,25,10,18003KT,12,07
2015-03-25 10:30:00.000,2015,3,25,10,02004KT,10,09
2015-03-25 11:00:00.000,2015,3,25,11,04003KT,10,09
2015-03-25 12:00:00.000,2015,3,25,12,07002KT,11,10
2015-03-25 13:00:00.000,2015,3,25,13,03007KT,14,10
2015-03-25 14:00:00.000,2015,3,25,14,07005KT,17,09
2015-03-25 15:00:00.000,2015,3,25,15,08010KT,18,09
2015-03-25 16:00:00.000,2015,3,25,16,14004KT,20,08
2015-03-25 17:00:00.000,2015,3,25,17,22010KT,20,09
2015-03-25 18:00:00.000,2015,3,25,18,26005KT,20,08
2015-03-25 19:00:00.000,2015,3,25,19,26011KT,19,11
2015-03-25 20:00:00.000,2015,3,25,20,26009KT,16,12
2015-03-25 21:00:00.000,2015,3,25,21,26007KT,17,12
2015-03-25 22:00:00.000,2015,3,25,22,26005KT,17,12
2015-03-25 23:00:00.000,2015,3,25,23,25006KT,15,12
2015-03-26 00:00:00.000,2015,3,26,0,VRB02KT,14,12
2015-03-26 01:00:00.000,2015,3,26,1,25005KT,14,11
2015-03-26 02:00:00.000,2015,3,26,2,VRB02KT,13,12
2015-03-26 03:00:00.000,2015,3,26,3,VRB02KT,13,11
2015-03-26 04:00:00.000,2015,3,26,4,VRB02KT,12,11
2015-03-26 05:00:00.000,2015,3,26,5,01004KT,11,10
2015-03-26 06:00:00.000,2015,3,26,6,VRB02KT,12,11
2015-03-26 07:00:00.000,2015,3,26,7,VRB02KT,12,10
2015-03-26 08:00:00.000,2015,3,26,8,VRB02KT,11,10
2015-03-26 09:00:00.000,2015,3,26,9,06004KT,12,10
2015-03-26 10:00:00.000,2015,3,26,10,VRB02KT,10,09
2015-03-26 10:30:00.000,2015,3,26,10,VRB02KT,10,09
2015-03-26 11:00:00.000,2015,3,26,11,VRB02KT,10,09
2015-03-26 12:00:00.000,2015,3,26,12,03004KT,10,10
2015-03-26 12:30:00.000,2015,3,26,12,VRB02KT,12,10
2015-03-26 13:00:00.000,2015,3,26,13,05008KT,13,11
2015-03-26 14:00:00.000,2015,3,26,14,VRB02KT,16,09
2015-03-26 15:00:00.000,2015,3,26,15,12006KT,17,07
2015-03-26 16:00:00.000,2015,3,26,16,11008KT,17,08
2015-03-26 17:00:00.000,2015,3,26,17,10007KT,19,08
2015-03-26 18:00:00.000,2015,3,26,18,10007KT,19,04
2015-03-26 19:00:00.000,2015,3,26,19,13006KT,21,06
2015-03-26 20:00:00.000,2015,3,26,20,25007KT,20,10
2015-03-26 21:00:00.000,2015,3,26,21,26007KT,18,11
2015-03-26 22:00:00.000,2015,3,26,22,27011KT,18,12
2015-03-26 23:00:00.000,2015,3,26,23,25008KT,16,12
2015-03-27 00:00:00.000,2015,3,27,0,28006KT,15,12
2015-03-27 00:17:00.000,2015,3,27,0,VRB02KT,14,12
2015-03-27 01:00:00.000,2015,3,27,1,VRB02KT,13,12
2015-03-27 02:00:00.000,2015,3,27,2,VRB02KT,13,12
2015-03-27 03:00:00.000,2015,3,27,3,VRB02KT,11,10
2015-03-27 04:00:00.000,2015,3,27,4,05006KT,11,10
2015-03-27 05:00:00.000,2015,3,27,5,04004KT,11,09
2015-03-27 06:00:00.000,2015,3,27,6,03005KT,09,08
2015-03-27 07:00:00.000,2015,3,27,7,VRB02KT,10,09
2015-03-27 08:00:00.000,2015,3,27,8,29003KT,09,08
2015-03-27 09:00:00.000,2015,3,27,9,VRB02KT,10,09
2015-03-27 10:00:00.000,2015,3,27,10,05003KT,09,08
2015-03-27 10:30:00.000,2015,3,27,10,08003KT,09,09
2015-03-27 11:00:00.000,2015,3,27,11,00000KT,23,23
2015-03-27 12:00:00.000,2015,3,27,12,07004KT,11,10
2015-03-27 12:45:00.000,2015,3,27,12,VRB02KT,13,10
2015-03-27 13:00:00.000,2015,3,27,13,05004KT,14,10
2015-03-27 13:35:00.000,2015,3,27,13,10007KT,16,09
2015-03-27 14:00:00.000,2015,3,27,14,VRB02KT,16,08
2015-03-27 15:00:00.000,2015,3,27,15,17003KT,17,07
2015-03-27 16:00:00.000,2015,3,27,16,13009KT,17,08
2015-03-27 17:00:00.000,2015,3,27,17,06007KT,18,08
2015-03-27 18:00:00.000,2015,3,27,18,06010KT,17,08
2015-03-27 19:00:00.000,2015,3,27,19,07009KT,18,07
2015-03-27 20:00:00.000,2015,3,27,20,08006KT,19,07
2015-03-27 21:00:00.000,2015,3,27,21,10008KT,20,08
2015-03-27 22:00:00.000,2015,3,27,22,03007KT,19,08
2015-03-27 23:00:00.000,2015,3,27,23,04006KT,18,08
2015-03-28 00:00:00.000,2015,3,28,0,08007KT,16,08
2015-03-28 01:00:00.000,2015,3,28,1,09004KT,16,08
2015-03-28 02:00:00.000,2015,3,28,2,09006KT,15,09
2015-03-28 03:00:00.000,2015,3,28,3,05006KT,13,09
2015-03-28 04:00:00.000,2015,3,28,4,07006KT,12,09
2015-03-28 05:00:00.000,2015,3,28,5,05006KT,12,08
2015-03-28 06:00:00.000,2015,3,28,6,05003KT,11,08
2015-03-28 07:00:00.000,2015,3,28,7,09003KT,10,08
2015-03-28 08:00:00.000,2015,3,28,8,VRB02KT,09,08
2015-03-28 09:00:00.000,2015,3,28,9,28004KT,07,06
2015-03-28 10:00:00.000,2015,3,28,10,02005KT,08,07
2015-03-28 10:30:00.000,2015,3,28,10,03003KT,09,08
2015-03-28 11:00:00.000,2015,3,28,11,34003KT,09,08
2015-03-28 12:00:00.000,2015,3,28,12,36003KT,11,09
2015-03-28 13:00:00.000,2015,3,28,13,02006KT,13,10
2015-03-28 14:00:00.000,2015,3,28,14,05004KT,13,11
2015-03-28 15:00:00.000,2015,3,28,15,04005KT,16,10
2015-03-28 16:00:00.000,2015,3,28,16,03004KT,18,10
2015-03-28 17:00:00.000,2015,3,28,17,04006KT,17,10
2015-03-28 18:00:00.000,2015,3,28,18,04003KT,19,10
2015-03-28 18:25:00.000,2015,3,28,18,15005KT,21,10
2015-03-28 19:00:00.000,2015,3,28,19,24003KT,21,08
2015-03-28 19:25:00.000,2015,3,28,19,06003KT,19,09
2015-03-28 19:45:00.000,2015,3,28,19,19007KT,19,10
2015-03-28 20:00:00.000,2015,3,28,20,29008KT,18,11
2015-03-28 20:03:00.000,2015,3,28,20,24010KT,17,12
2015-03-28 20:12:00.000,2015,3,28,20,25009KT,15,12
2015-03-28 21:00:00.000,2015,3,28,21,28010KT,16,13
2015-03-28 22:00:00.000,2015,3,28,22,22004KT,16,12
2015-03-28 22:40:00.000,2015,3,28,22,20004KT,15,12
2015-03-28 23:00:00.000,2015,3,28,23,22005KT,15,12
2015-03-28 23:30:00.000,2015,3,28,23,30004KT,14,12
2015-03-29 00:00:00.000,2015,3,29,0,35003KT,13,12
2015-03-29 01:00:00.000,2015,3,29,1,01003KT,12,11
2015-03-29 02:00:00.000,2015,3,29,2,02003KT,12,11
2015-03-29 03:00:00.000,2015,3,29,3,VRB02KT,13,12
2015-03-29 04:00:00.000,2015,3,29,4,04003KT,12,11
2015-03-29 05:00:00.000,2015,3,29,5,04005KT,11,10
2015-03-29 06:00:00.000,2015,3,29,6,04004KT,12,10
2015-03-29 07:00:00.000,2015,3,29,7,04005KT,12,10
2015-03-29 08:00:00.000,2015,3,29,8,06003KT,12,10
2015-03-29 09:00:00.000,2015,3,29,9,05006KT,12,10
2015-03-29 10:00:00.000,2015,3,29,10,02004KT,12,10
2015-03-29 10:30:00.000,2015,3,29,10,04005KT,12,10
2015-03-29 11:00:00.000,2015,3,29,11,04006KT,12,10
2015-03-29 12:00:00.000,2015,3,29,12,04003KT,12,11
2015-03-29 13:00:00.000,2015,3,29,13,34003KT,13,11
2015-03-29 14:00:00.000,2015,3,29,14,VRB02KT,15,11
2015-03-29 15:00:00.000,2015,3,29,15,04003KT,16,10
2015-03-29 16:00:00.000,2015,3,29,16,33003KT,16,10
2015-03-29 17:00:00.000,2015,3,29,17,12004KT,16,10
2015-03-29 18:00:00.000,2015,3,29,18,21006KT,15,11
2015-03-29 18:15:00.000,2015,3,29,18,21006KT,15,11
2015-03-29 19:00:00.000,2015,3,29,19,21007KT,15,12
2015-03-29 19:30:00.000,2015,3,29,19,20007KT,15,12
2015-03-29 20:00:00.000,2015,3,29,20,22007KT,15,13
2015-03-29 21:00:00.000,2015,3,29,21,26010KT,15,12
2015-03-29 21:40:00.000,2015,3,29,21,23006KT,14,12
2015-03-29 22:00:00.000,2015,3,29,22,24006KT,14,12
2015-03-29 23:00:00.000,2015,3,29,23,24004KT,13,11
2015-03-30 00:00:00.000,2015,3,30,0,33004KT,13,11
2015-03-30 01:00:00.000,2015,3,30,1,29004KT,12,11
2015-03-30 01:10:00.000,2015,3,30,1,29004KT,12,11
2015-03-30 01:40:00.000,2015,3,30,1,VRB02KT,12,11
2015-03-30 02:00:00.000,2015,3,30,2,24003KT,12,11
2015-03-30 03:00:00.000,2015,3,30,3,VRB02KT,11,10
2015-03-30 04:00:00.000,2015,3,30,4,33003KT,11,10
2015-03-30 05:00:00.000,2015,3,30,5,34004KT,10,10
2015-03-30 06:00:00.000,2015,3,30,6,VRB02KT,10,10
2015-03-30 07:00:00.000,2015,3,30,7,VRB02KT,11,10
2015-03-30 08:00:00.000,2015,3,30,8,VRB02KT,10,10
2015-03-30 09:00:00.000,2015,3,30,9,VRB02KT,10,09
2015-03-30 10:00:00.000,2015,3,30,10,VRB02KT,10,09
2015-03-30 10:30:00.000,2015,3,30,10,VRB02KT,09,09
2015-03-30 11:00:00.000,2015,3,30,11,35003KT,10,09
2015-03-30 12:00:00.000,2015,3,30,12,01003KT,11,10
2015-03-30 12:25:00.000,2015,3,30,12,03003KT,11,11
2015-03-30 13:00:00.000,2015,3,30,13,04003KT,13,12
2015-03-30 14:00:00.000,2015,3,30,14,VRB02KT,16,11
2015-03-30 15:00:00.000,2015,3,30,15,VRB02KT,17,10
2015-03-30 16:00:00.000,2015,3,30,16,29006KT,18,09
2015-03-30 17:00:00.000,2015,3,30,17,31006KT,20,10
2015-03-30 18:00:00.000,2015,3,30,18,27014KT,18,12
2015-03-30 19:00:00.000,2015,3,30,19,26011KT,17,12
2015-03-30 19:10:00.000,2015,3,30,19,26011KT,17,12
2015-03-30 20:00:00.000,2015,3,30,20,VRB08KT,15,12
2015-03-30 20:35:00.000,2015,3,30,20,24007KT,13,10
2015-03-30 21:00:00.000,2015,3,30,21,20005KT,14,10
2015-03-30 21:15:00.000,2015,3,30,21,20005KT,14,10
2015-03-30 22:00:00.000,2015,3,30,22,VRB02KT,15,12
2015-03-30 23:00:00.000,2015,3,30,23,02004KT,14,12
2015-03-31 00:00:00.000,2015,3,31,0,31006KT,14,12
2015-03-31 01:00:00.000,2015,3,31,1,35005KT,13,12
2015-03-31 01:30:00.000,2015,3,31,1,09003KT,13,12
2015-03-31 02:00:00.000,2015,3,31,2,VRB02KT,13,12
2015-03-31 03:00:00.000,2015,3,31,3,32003KT,12,11
2015-03-31 04:00:00.000,2015,3,31,4,VRB02KT,10,10
2015-03-31 05:00:00.000,2015,3,31,5,VRB02KT,10,09
2015-03-31 06:00:00.000,2015,3,31,6,VRB02KT,11,11
2015-03-31 07:00:00.000,2015,3,31,7,32003KT,10,10
2015-03-31 08:00:00.000,2015,3,31,8,VRB02KT,10,10
2015-03-31 09:00:00.000,2015,3,31,9,VRB02KT,10,10
2015-03-31 10:00:00.000,2015,3,31,10,VRB02KT,09,08
2015-03-31 10:30:00.000,2015,3,31,10,VRB02KT,10,09
2015-03-31 11:00:00.000,2015,3,31,11,VRB02KT,10,09
2015-03-31 12:00:00.000,2015,3,31,12,VRB02KT,10,10
2015-03-31 13:00:00.000,2015,3,31,13,VRB02KT,13,10
2015-03-31 14:00:00.000,2015,3,31,14,VRB02KT,16,11
2015-03-31 15:00:00.000,2015,3,31,15,VRB02KT,18,11
2015-03-31 16:00:00.000,2015,3,31,16,25005KT,20,11
2015-03-31 17:00:00.000,2015,3,31,17,21008KT,21,11
2015-03-31 18:00:00.000,2015,3,31,18,24008KT,20,11
2015-03-31 19:00:00.000,2015,3,31,19,27012KT,17,12
2015-03-31 20:00:00.000,2015,3,31,20,260006KT,16,11
2015-03-31 21:00:00.000,2015,3,31,21,VRB02KT,16,11
2015-03-31 22:00:00.000,2015,3,31,22,VRB02KT,17,12
2015-03-31 23:00:00.000,2015,3,31,23,06005KT,16,11
2015-04-01 00:00:00.000,2015,4,1,0,08003KT,16,10
2015-04-01 01:00:00.000,2015,4,1,1,VRB02KT,14,10
2015-04-01 02:00:00.000,2015,4,1,2,04004KT,14,11
2015-04-01 03:00:00.000,2015,4,1,3,05005KT,14,11
2015-04-01 04:00:00.000,2015,4,1,4,VRB02KT,14,11
2015-04-01 05:00:00.000,2015,4,1,5,00000KT,13,11
2015-04-01 06:00:00.000,2015,4,1,6,VRB02KT,13,11
2015-04-01 07:00:00.000,2015,4,1,7,03004KT,13,11
2015-04-01 08:00:00.000,2015,4,1,8,05004KT,13,11
2015-04-01 09:00:00.000,2015,4,1,9,11003KT,13,11
2015-04-01 10:00:00.000,2015,4,1,10,05005KT,11,10
2015-04-01 10:30:00.000,2015,4,1,10,VRB02KT,11,10
2015-04-01 11:00:00.000,2015,4,1,11,03004KT,11,10
2015-04-01 12:00:00.000,2015,4,1,12,03006KT,13,09
2015-04-01 13:00:00.000,2015,4,1,13,06008KT,15,09
2015-04-01 14:00:00.000,2015,4,1,14,12004KT,16,09
2015-04-01 15:00:00.000,2015,4,1,15,14009KT,17,08
2015-04-01 16:00:00.000,2015,4,1,16,VRB02KT,18,08
2015-04-01 17:00:00.000,2015,4,1,17,11006KT,18,07
2015-04-01 18:00:00.000,2015,4,1,18,06007KT,19,07
2015-04-01 19:00:00.000,2015,4,1,19,08003KT,20,07
2015-04-01 20:00:00.000,2015,4,1,20,04006KT,18,09
2015-04-01 21:00:00.000,2015,4,1,21,07005KT,18,09
2015-04-01 22:00:00.000,2015,4,1,22,10005KT,18,08
2015-04-01 23:00:00.000,2015,4,1,23,12007KT,17,08
2015-04-02 00:00:00.000,2015,4,2,0,12004KT,16,08
2015-04-02 01:00:00.000,2015,4,2,1,04004KT,14,08
2015-04-02 02:00:00.000,2015,4,2,2,12005KT,15,09
2015-04-02 03:00:00.000,2015,4,2,3,03005KT,12,08
2015-04-02 04:00:00.000,2015,4,2,4,05005KT,11,10
2015-04-02 05:00:00.000,2015,4,2,5,03004KT,10,07
2015-04-02 06:00:00.000,2015,4,2,6,04006KT,11,08
2015-04-02 07:00:00.000,2015,4,2,7,VRB02KT,10,08
2015-04-02 08:00:00.000,2015,4,2,8,VRB02KT,10,07
2015-04-02 09:00:00.000,2015,4,2,9,VRB02KT,10,08
2015-04-02 10:00:00.000,2015,4,2,10,VRB02KT,11,09
2015-04-02 10:30:00.000,2015,4,2,10,VRB02KT,11,09
2015-04-02 11:00:00.000,2015,4,2,11,VRB02KT,11,09
2015-04-02 12:00:00.000,2015,4,2,12,VRB02KT,11,09
2015-04-02 13:00:00.000,2015,4,2,13,05006KT,12,09
2015-04-02 14:00:00.000,2015,4,2,14,05004KT,14,10
2015-04-02 15:00:00.000,2015,4,2,15,08003KT,15,09
2015-04-02 16:00:00.000,2015,4,2,16,12004KT,18,10
2015-04-02 17:00:00.000,2015,4,2,17,14006KT,18,09
2015-04-02 18:00:00.000,2015,4,2,18,21008KT,18,09
2015-04-02 19:00:00.000,2015,4,2,19,15006KT,18,09
2015-04-02 20:00:00.000,2015,4,2,20,16004KT,19,08
2015-04-02 21:00:00.000,2015,4,2,21,05004KT,18,09
2015-04-02 22:00:00.000,2015,4,2,22,25006KT,17,11
2015-04-02 23:00:00.000,2015,4,2,23,25004KT,16,11
2015-04-03 00:00:00.000,2015,4,3,0,23004KT,15,11
2015-04-03 01:00:00.000,2015,4,3,1,15006KT,15,11
2015-04-03 02:00:00.000,2015,4,3,2,10008KT,15,10
2015-04-03 03:00:00.000,2015,4,3,3,06003KT,15,10
2015-04-03 04:00:00.000,2015,4,3,4,06005KT,13,11
2015-04-03 05:00:00.000,2015,4,3,5,30004KT,13,11
2015-04-03 06:00:00.000,2015,4,3,6,03005KT,13,11
2015-04-03 07:00:00.000,2015,4,3,7,VRB02KT,12,12
2015-04-03 08:00:00.000,2015,4,3,8,VRB02KT,12,11
2015-04-03 09:00:00.000,2015,4,3,9,03005KT,12,11
2015-04-03 10:00:00.000,2015,4,3,10,VRB02KT,12,11
2015-04-03 10:30:00.000,2015,4,3,10,VRB02KT,12,11
2015-04-03 11:00:00.000,2015,4,3,11,06004KT,11,10
2015-04-03 12:00:00.000,2015,4,3,12,05003KT,13,11
2015-04-03 13:00:00.000,2015,4,3,13,29003KT,13,11
2015-04-03 14:00:00.000,2015,4,3,14,VRB02KT,14,11
2015-04-03 15:00:00.000,2015,4,3,15,VRB02KT,16,12
2015-04-03 16:00:00.000,2015,4,3,16,VRB02KT,16,12
2015-04-03 16:20:00.000,2015,4,3,16,04005KT,14,12
2015-04-03 17:00:00.000,2015,4,3,17,13006KT,14,12
2015-04-03 18:00:00.000,2015,4,3,18,14008KT,16,10
2015-04-03 19:00:00.000,2015,4,3,19,16006KT,18,10
2015-04-03 19:25:00.000,2015,4,3,19,13004KT,,
2015-04-03 20:00:00.000,2015,4,3,20,19008KT,19,09
2015-04-03 21:00:00.000,2015,4,3,21,25012KT,16,12
2015-04-03 22:00:00.000,2015,4,3,22,26006KT,15,12
2015-04-03 23:00:00.000,2015,4,3,23,23005KT,13,10
2015-04-03 23:15:00.000,2015,4,3,23,23005KT,13,10
2015-04-04 00:00:00.000,2015,4,4,0,25003KT,12,10
2015-04-04 00:20:00.000,2015,4,4,0,31005KT,12,10
2015-04-04 01:00:00.000,2015,4,4,1,VRB02KT,11,10
2015-04-04 02:00:00.000,2015,4,4,2,05003KT,12,10
2015-04-04 03:00:00.000,2015,4,4,3,VRB02KT,12,11
2015-04-04 04:00:00.000,2015,4,4,4,VRB02KT,12,11
2015-04-04 05:00:00.000,2015,4,4,5,31004KT,12,11
2015-04-04 06:00:00.000,2015,4,4,6,VRB02KT,11,10
2015-04-04 07:00:00.000,2015,4,4,7,VRB02KT,11,10
2015-04-04 08:00:00.000,2015,4,4,8,VRB02KT,11,10
2015-04-04 09:00:00.000,2015,4,4,9,VRB02KT,12,11
2015-04-04 10:00:00.000,2015,4,4,10,VRB02KT,12,11
2015-04-04 10:30:00.000,2015,4,4,10,VRB02KT,12,11
2015-04-04 11:00:00.000,2015,4,4,11,15004KT,12,10
2015-04-04 12:00:00.000,2015,4,4,12,VRB02KT,13,11
2015-04-04 13:00:00.000,2015,4,4,13,VRB02KT,14,11
2015-04-04 14:00:00.000,2015,4,4,14,05008KT,14,11
2015-04-04 15:00:00.000,2015,4,4,15,05003KT,15,11
2015-04-04 16:00:00.000,2015,4,4,16,07005KT,17,11
2015-04-04 17:00:00.000,2015,4,4,17,06004KT,18,11
2015-04-04 18:00:00.000,2015,4,4,18,06005KT,19,12
2015-04-04 18:15:00.000,2015,4,4,18,06005KT,19,12
2015-04-04 19:00:00.000,2015,4,4,19,25006KT,19,11
2015-04-04 19:25:00.000,2015,4,4,19,30006KT,18,12
2015-04-04 19:40:00.000,2015,4,4,19,31006KT,17,12
2015-04-04 20:00:00.000,2015,4,4,20,30006KT,15,12
2015-04-04 20:20:00.000,2015,4,4,20,30006KT,15,12
2015-04-04 20:30:00.000,2015,4,4,20,32007KT,14,13
2015-04-04 21:00:00.000,2015,4,4,21,34008KT,14,13
2015-04-04 22:00:00.000,2015,4,4,22,04008KT,16,13
2015-04-04 23:00:00.000,2015,4,4,23,04008KT,15,12
2015-04-05 00:00:00.000,2015,4,5,0,35004KT,15,12
2015-04-05 01:00:00.000,2015,4,5,1,07005KT,14,12
2015-04-05 02:00:00.000,2015,4,5,2,VRB02KT,14,12
2015-04-05 03:00:00.000,2015,4,5,3,36003KT,14,12
2015-04-05 04:00:00.000,2015,4,5,4,33004KT,14,12
2015-04-05 04:26:00.000,2015,4,5,4,VRB02KT,13,12
2015-04-05 05:00:00.000,2015,4,5,5,34003KT,13,11
2015-04-05 06:00:00.000,2015,4,5,6,03004KT,12,11
2015-04-05 07:00:00.000,2015,4,5,7,03003KT,12,11
2015-04-05 08:00:00.000,2015,4,5,8,000000KT,12,11
2015-04-05 09:00:00.000,2015,4,5,9,VRB02KT,12,11
2015-04-05 10:00:00.000,2015,4,5,10,340004KT,11,10
2015-04-05 10:30:00.000,2015,4,5,10,00000KT,10,09
2015-04-05 11:00:00.000,2015,4,5,11,VRB02KT,11,10
2015-04-05 12:00:00.000,2015,4,5,12,05003KT,11,10
2015-04-05 13:00:00.000,2015,4,5,13,05007KT,14,10
2015-04-05 14:00:00.000,2015,4,5,14,03008KT,16,10
2015-04-05 15:00:00.000,2015,4,5,15,07006KT,18,09
2015-04-05 16:00:00.000,2015,4,5,16,08007KT,18,10
2015-04-05 17:00:00.000,2015,4,5,17,09005KT,19,09
2015-04-05 18:00:00.000,2015,4,5,18,08008KT,19,08
2015-04-05 19:00:00.000,2015,4,5,19,32010KT,19,12
2015-04-05 20:00:00.000,2015,4,5,20,30003KT,17,12
2015-04-05 21:00:00.000,2015,4,5,21,27008KT,16,11
2015-04-05 21:30:00.000,2015,4,5,21,23006KT,17,11
2015-04-05 22:00:00.000,2015,4,5,22,23004KT,16,11
2015-04-05 23:00:00.000,2015,4,5,23,22004KT,15,12
2015-04-06 00:00:00.000,2015,4,6,0,260004KT,15,12
2015-04-06 01:00:00.000,2015,4,6,1,VRB02KT,14,12
2015-04-06 02:00:00.000,2015,4,6,2,VRB02KT,13,12
2015-04-06 03:00:00.000,2015,4,6,3,VRB02KT,13,12
2015-04-06 04:00:00.000,2015,4,6,4,05003KT,12,11
2015-04-06 05:00:00.000,2015,4,6,5,VRB02KT,12,11
2015-04-06 06:00:00.000,2015,4,6,6,03004KT,12,10
2015-04-06 07:00:00.000,2015,4,6,7,03003KT,12,10
2015-04-06 08:00:00.000,2015,4,6,8,06005KT,12,10
2015-04-06 09:00:00.000,2015,4,6,9,03003KT,12,10
2015-04-06 10:00:00.000,2015,4,6,10,02004KT,12,10
2015-04-06 10:30:00.000,2015,4,6,10,04006KT,12,10
2015-04-06 11:00:00.000,2015,4,6,11,04005KT,12,10
2015-04-06 12:00:00.000,2015,4,6,12,05008KT,13,10
2015-04-06 13:00:00.000,2015,4,6,13,04007KT,13,10
2015-04-06 14:00:00.000,2015,4,6,14,05008KT,15,10
2015-04-06 15:00:00.000,2015,4,6,15,05008KT,16,10
2015-04-06 16:00:00.000,2015,4,6,16,19006KT,18,08
2015-04-06 17:00:00.000,2015,4,6,17,16010KT,19,08
2015-04-06 18:00:00.000,2015,4,6,18,11006KT,19,07
2015-04-06 19:00:00.000,2015,4,6,19,09009KT,18,08
2015-04-06 20:00:00.000,2015,4,6,20,07010KT,19,07
2015-04-06 21:00:00.000,2015,4,6,21,11010KT,19,08
2015-04-06 22:00:00.000,2015,4,6,22,16010KT,18,09
2015-04-06 23:00:00.000,2015,4,6,23,09004KT,16,08
2015-04-07 00:00:00.000,2015,4,7,0,11004KT,15,08
2015-04-07 01:00:00.000,2015,4,7,1,10004KT,15,09
2015-04-07 02:00:00.000,2015,4,7,2,07005KT,13,08
2015-04-07 03:00:00.000,2015,4,7,3,VRB02KT,14,09
2015-04-07 04:00:00.000,2015,4,7,4,05006KT,11,09
2015-04-07 05:00:00.000,2015,4,7,5,02003KT,11,09
2015-04-07 06:00:00.000,2015,4,7,6,05005KT,12,09
2015-04-07 07:00:00.000,2015,4,7,7,09003KT,12,10
2015-04-07 08:00:00.000,2015,4,7,8,05006KT,12,10
2015-04-07 09:00:00.000,2015,4,7,9,04005KT,11,09
2015-04-07 10:00:00.000,2015,4,7,10,06006KT,11,09
2015-04-07 10:30:00.000,2015,4,7,10,03007KT,11,10
2015-04-07 11:00:00.000,2015,4,7,11,06006KT,12,10
2015-04-07 12:00:00.000,2015,4,7,12,07004KT,13,10
2015-04-07 13:00:00.000,2015,4,7,13,12008KT,16,10
2015-04-07 14:00:00.000,2015,4,7,14,13008KT,17,09
2015-04-07 15:00:00.000,2015,4,7,15,09013KT,18,09
2015-04-07 16:00:00.000,2015,4,7,16,19009KT,18,09
2015-04-07 17:00:00.000,2015,4,7,17,18012KT,19,09
2015-04-07 18:00:00.000,2015,4,7,18,13011KT,19,08
2015-04-07 19:00:00.000,2015,4,7,19,17011KT,19,07
2015-04-07 20:00:00.000,2015,4,7,20,15007KT,20,06
2015-04-07 21:00:00.000,2015,4,7,21,10006KT,19,08
2015-04-07 22:00:00.000,2015,4,7,22,10009KT,18,08
2015-04-07 23:00:00.000,2015,4,7,23,10006KT,17,09
2015-04-08 00:00:00.000,2015,4,8,0,03006KT,15,10
2015-04-08 01:00:00.000,2015,4,8,1,27004KT,15,10
2015-04-08 02:00:00.000,2015,4,8,2,16010KT,15,09
2015-04-08 03:00:00.000,2015,4,8,3,VRB02KT,15,09
2015-04-08 04:00:00.000,2015,4,8,4,10006KT,14,09
2015-04-08 05:00:00.000,2015,4,8,5,09008KT,14,09
2015-04-08 06:00:00.000,2015,4,8,6,VRB02KT,14,09
2015-04-08 08:00:00.000,2015,4,8,8,09004KT,13,09
2015-04-08 09:00:00.000,2015,4,8,9,04005KT,12,09
2015-04-08 10:00:00.000,2015,4,8,10,05005KT,12,09
2015-04-08 10:30:00.000,2015,4,8,10,03005KT,12,09
2015-04-08 11:00:00.000,2015,4,8,11,04005KT,12,09
2015-04-08 12:00:00.000,2015,4,8,12,04008KT,13,10
2015-04-08 13:00:00.000,2015,4,8,13,04010KT,14,10
2015-04-08 14:00:00.000,2015,4,8,14,05008KT,16,10
2015-04-08 15:00:00.000,2015,4,8,15,04008KT,16,10
2015-04-08 16:00:00.000,2015,4,8,16,14010KT,18,08
2015-04-08 17:00:00.000,2015,4,8,17,10006KT,18,08
2015-04-08 18:00:00.000,2015,4,8,18,04011KT,16,09
2015-04-08 19:00:00.000,2015,4,8,19,06007KT,18,09
2015-04-08 20:00:00.000,2015,4,8,20,12006KT,19,09
2015-04-08 21:00:00.000,2015,4,8,21,08004KT,18,08
2015-04-08 22:00:00.000,2015,4,8,22,23007KT,17,11
2015-04-08 23:00:00.000,2015,4,8,23,21003KT,16,11
2015-04-09 00:00:00.000,2015,4,9,0,24008KT,15,10
2015-04-09 01:00:00.000,2015,4,9,1,03005KT,14,11
2015-04-09 02:00:00.000,2015,4,9,2,03003KT,12,10
2015-04-09 03:00:00.000,2015,4,9,3,05005KT,12,10
2015-04-09 04:00:00.000,2015,4,9,4,VRB02KT,12,10
2015-04-09 05:00:00.000,2015,4,9,5,05006KT,12,10
2015-04-09 06:00:00.000,2015,4,9,6,04006KT,12,10
2015-04-09 07:00:00.000,2015,4,9,7,VRB02KT,12,10
2015-04-09 08:00:00.000,2015,4,9,8,VRB02KT,12,10
2015-04-09 09:00:00.000,2015,4,9,9,04006KT,12,11
2015-04-09 10:00:00.000,2015,4,9,10,04004KT,13,11
2015-04-09 10:30:00.000,2015,4,9,10,VRB02KT,13,11
2015-04-09 11:00:00.000,2015,4,9,11,VRB02KT,13,11
2015-04-09 12:00:00.000,2015,4,9,12,34003KT,13,10
2015-04-09 13:00:00.000,2015,4,9,13,30003KT,15,10
2015-04-09 14:00:00.000,2015,4,9,14,15006KT,16,09
2015-04-09 15:00:00.000,2015,4,9,15,13008KT,16,09
2015-04-09 16:00:00.000,2015,4,9,16,15006KT,16,08
2015-04-09 17:00:00.000,2015,4,9,17,11009KT,17,08
2015-04-09 18:00:00.000,2015,4,9,18,13014KT,18,08
2015-04-09 19:00:00.000,2015,4,9,19,12010KT,18,09
2015-04-09 20:00:00.000,2015,4,9,20,07012KT,18,09
2015-04-09 21:00:00.000,2015,4,9,21,07008KT,17,09
2015-04-09 22:00:00.000,2015,4,9,22,09008KT,17,10
2015-04-09 23:00:00.000,2015,4,9,23,06010KT,19,09
2015-04-10 00:00:00.000,2015,4,10,0,08008KT,15,09
2015-04-10 01:00:00.000,2015,4,10,1,08008KT,15,09
2015-04-10 02:00:00.000,2015,4,10,2,03006KT,11,09
2015-04-10 03:00:00.000,2015,4,10,3,03004KT,10,09
2015-04-10 04:00:00.000,2015,4,10,4,03005KT,10,08
2015-04-10 05:00:00.000,2015,4,10,5,04006KT,10,09
2015-04-10 06:00:00.000,2015,4,10,6,VRB02KT,11,10
2015-04-10 07:00:00.000,2015,4,10,7,04005KT,11,09
2015-04-10 08:00:00.000,2015,4,10,8,07006KT,12,10
2015-04-10 09:00:00.000,2015,4,10,9,05003KT,11,09
2015-04-10 10:30:00.000,2015,4,10,10,04005KT,10,09
2015-04-10 11:00:00.000,2015,4,10,11,05005KT,10,09
2015-04-10 12:00:00.000,2015,4,10,12,04008KT,13,10
2015-04-10 12:37:00.000,2015,4,10,12,05006KT,15,11
2015-04-10 13:00:00.000,2015,4,10,13,07010KT,16,11
2015-04-10 14:00:00.000,2015,4,10,14,10010KT,16,10
2015-04-10 15:00:00.000,2015,4,10,15,17010KT,18,10
2015-04-10 16:00:00.000,2015,4,10,16,13015KT,21,09
2015-04-10 17:00:00.000,2015,4,10,17,12014KT,20,10
2015-04-10 18:00:00.000,2015,4,10,18,14012KT,20,09
2015-04-10 19:00:00.000,2015,4,10,19,16006KT,19,09
2015-04-10 20:00:00.000,2015,4,10,20,09010KT,19,09
2015-04-10 21:00:00.000,2015,4,10,21,09010KT,19,09
2015-04-10 22:00:00.000,2015,4,10,22,13010KT,18,09
2015-04-10 23:00:00.000,2015,4,10,23,14011KT,16,08
2015-04-11 00:00:00.000,2015,4,11,0,16009KT,16,07
2015-04-11 01:00:00.000,2015,4,11,1,06003KT,15,07
2015-04-11 02:00:00.000,2015,4,11,2,07005KT,14,08
2015-04-11 03:00:00.000,2015,4,11,3,08004KT,15,08
2015-04-11 04:00:00.000,2015,4,11,4,04004KT,12,08
2015-04-11 05:00:00.000,2015,4,11,5,04006KT,12,09
2015-04-11 06:00:00.000,2015,4,11,6,06003KT,12,09
2015-04-11 07:00:00.000,2015,4,11,7,01003KT,11,09
2015-04-11 08:00:00.000,2015,4,11,8,36003KT,10,09
2015-04-11 09:00:00.000,2015,4,11,9,VRB02KT,11,09
2015-04-11 10:00:00.000,2015,4,11,10,02005KT,11,09
2015-04-11 10:30:00.000,2015,4,11,10,02003KT,11,09
2015-04-11 11:00:00.000,2015,4,11,11,04005KT,11,09
2015-04-11 12:00:00.000,2015,4,11,12,04006KT,12,10
2015-04-11 13:00:00.000,2015,4,11,13,06006KT,14,10
2015-04-11 14:00:00.000,2015,4,11,14,07010KT,15,10
2015-04-11 15:00:00.000,2015,4,11,15,VRB02KT,16,09
2015-04-11 16:00:00.000,2015,4,11,16,10008KT,17,09
2015-04-11 17:00:00.000,2015,4,11,17,13005KT,18,10
2015-04-11 18:00:00.000,2015,4,11,18,12007KT,17,08
2015-04-11 19:00:00.000,2015,4,11,19,06007KT,17,10
2015-04-11 20:00:00.000,2015,4,11,20,10004KT,19,09
2015-04-11 21:00:00.000,2015,4,11,21,07006KT,18,09
2015-04-11 22:00:00.000,2015,4,11,22,13005KT,18,08
2015-04-11 23:00:00.000,2015,4,11,23,12008KT,17,08
2015-04-12 00:00:00.000,2015,4,12,0,10007KT,16,08
2015-04-12 01:00:00.000,2015,4,12,1,11004KT,16,09
2015-04-12 02:00:00.000,2015,4,12,2,11009KT,16,08
2015-04-12 03:00:00.000,2015,4,12,3,08004KT,15,09
2015-04-12 04:00:00.000,2015,4,12,4,35004KT,14,09
2015-04-12 05:00:00.000,2015,4,12,5,07003KT,13,10
2015-04-12 06:00:00.000,2015,4,12,6,04004KT,13,10
2015-04-12 07:00:00.000,2015,4,12,7,11003KT,14,10
2015-04-12 08:00:00.000,2015,4,12,8,09003KT,13,10
2015-04-12 09:00:00.000,2015,4,12,9,07006KT,13,10
2015-04-12 10:00:00.000,2015,4,12,10,10007KT,13,09
2015-04-12 10:30:00.000,2015,4,12,10,14005KT,13,08
2015-04-12 11:00:00.000,2015,4,12,11,07004KT,13,08
2015-04-12 12:00:00.000,2015,4,12,12,04005KT,12,09
2015-04-12 13:00:00.000,2015,4,12,13,21004KT,14,08
2015-04-12 14:00:00.000,2015,4,12,14,04004KT,16,07
2015-04-12 15:00:00.000,2015,4,12,15,07010KT,18,10
2015-04-12 16:00:00.000,2015,4,12,16,22008KT,19,08
2015-04-12 17:00:00.000,2015,4,12,17,10006KT,19,08
2015-04-12 18:00:00.000,2015,4,12,18,09010KT,19,09
2015-04-12 19:00:00.000,2015,4,12,19,07010KT,19,09
2015-04-12 20:00:00.000,2015,4,12,20,VRB02KT,19,08
2015-04-12 21:00:00.000,2015,4,12,21,10007KT,19,08
2015-04-12 22:00:00.000,2015,4,12,22,14010KT,19,08
2015-04-12 23:00:00.000,2015,4,12,23,14008KT,17,09
2015-04-13 00:00:00.000,2015,4,13,0,14009KT,14,09
2015-04-13 01:00:00.000,2015,4,13,1,VRB02KT,14,08
2015-04-13 02:00:00.000,2015,4,13,2,14003KT,14,09
2015-04-13 03:00:00.000,2015,4,13,3,05003KT,13,09
2015-04-13 04:00:00.000,2015,4,13,4,04003KT,12,09
2015-04-13 05:00:00.000,2015,4,13,5,02003KT,12,10
2015-04-13 06:00:00.000,2015,4,13,6,00000KT,12,10
2015-04-13 07:00:00.000,2015,4,13,7,VRB02KT,12,10
2015-04-13 08:00:00.000,2015,4,13,8,35003KT,12,10
2015-04-13 09:00:00.000,2015,4,13,9,04005KT,12,10
2015-04-13 10:00:00.000,2015,4,13,10,05004KT,12,11
2015-04-13 10:30:00.000,2015,4,13,10,05004KT,12,11
2015-04-13 13:00:00.000,2015,4,13,13,03003KT,14,11
2015-04-13 14:00:00.000,2015,4,13,14,VRB02KT,16,10
2015-04-13 14:30:00.000,2015,4,13,14,20003KT,15,10
2015-04-13 15:00:00.000,2015,4,13,15,16006KT,13,11
2015-04-13 16:00:00.000,2015,4,13,16,04007KT,16,12
2015-04-13 17:00:00.000,2015,4,13,17,02010KT,16,12
2015-04-13 17:09:00.000,2015,4,13,17,02010KT,16,12
2015-04-13 17:30:00.000,2015,4,13,17,17012KT,18,12
2015-04-13 18:00:00.000,2015,4,13,18,18013KT,18,12
2015-04-13 19:00:00.000,2015,4,13,19,15015KT,19,11
2015-04-13 20:00:00.000,2015,4,13,20,14012KT,18,10
2015-04-13 21:00:00.000,2015,4,13,21,15012KT,18,09
2015-04-13 22:00:00.000,2015,4,13,22,14010KT,18,10
2015-04-13 23:00:00.000,2015,4,13,23,15008KT,17,09
2015-04-14 00:00:00.000,2015,4,14,0,19007KT,16,07
2015-04-14 01:00:00.000,2015,4,14,1,VRB02KT,14,08
2015-04-14 02:00:00.000,2015,4,14,2,VRB02KT,14,09
2015-04-14 03:00:00.000,2015,4,14,3,02004KT,13,09
2015-04-14 04:00:00.000,2015,4,14,4,35004KT,13,09
2015-04-14 05:00:00.000,2015,4,14,5,VRB02KT,13,10
2015-04-14 06:00:00.000,2015,4,14,6,04006KT,12,09
2015-04-14 07:00:00.000,2015,4,14,7,06005KT,12,09
2015-04-14 08:00:00.000,2015,4,14,8,05007KT,12,10
2015-04-14 09:00:00.000,2015,4,14,9,05007KT,12,10
2015-04-14 10:00:00.000,2015,4,14,10,07005KT,12,10
2015-04-14 10:30:00.000,2015,4,14,10,05004KT,11,10
2015-04-14 11:00:00.000,2015,4,14,11,VRB02KT,11,10
2015-04-14 12:00:00.000,2015,4,14,12,05007KT,12,10
2015-04-14 13:00:00.000,2015,4,14,13,04005KT,13,11
2015-04-14 14:00:00.000,2015,4,14,14,04008KT,16,10
2015-04-14 15:00:00.000,2015,4,14,15,35003KT,17,10
2015-04-14 16:00:00.000,2015,4,14,16,07003KT,17,10
2015-04-14 16:30:00.000,2015,4,14,16,36009KT,22,22
2015-04-14 17:00:00.000,2015,4,14,17,05007KT,17,11
2015-04-14 18:00:00.000,2015,4,14,18,10006KT,19,09
2015-04-14 18:40:00.000,2015,4,14,18,13007KT,20,09
2015-04-14 19:00:00.000,2015,4,14,19,12007KT,20,08
2015-04-14 20:00:00.000,2015,4,14,20,24005KT,19,11
2015-04-14 21:00:00.000,2015,4,14,21,24008KT,17,12
2015-04-14 21:20:00.000,2015,4,14,21,25008KT,17,12
2015-04-14 22:00:00.000,2015,4,14,22,25008KT,16,12
2015-04-14 22:02:00.000,2015,4,14,22,25006KT,16,12
2015-04-14 22:26:00.000,2015,4,14,22,31006KT,15,13
2015-04-14 23:00:00.000,2015,4,14,23,28005KR,14,13
2015-04-14 23:21:00.000,2015,4,14,23,28005KR,14,13
2015-04-15 00:00:00.000,2015,4,15,0,27006KT,14,13
2015-04-15 01:00:00.000,2015,4,15,1,02003KT,13,12
2015-04-15 02:00:00.000,2015,4,15,2,36003KT,14,12
2015-04-15 03:00:00.000,2015,4,15,3,34003KT,13,10
2015-04-15 04:00:00.000,2015,4,15,4,04005KT,13,11
2015-04-15 05:00:00.000,2015,4,15,5,30003KT,14,11
2015-04-15 06:00:00.000,2015,4,15,6,05006KT,13,10
2015-04-15 07:00:00.000,2015,4,15,7,04005KT,12,10
2015-04-15 08:00:00.000,2015,4,15,8,05006KT,12,10
2015-04-15 10:00:00.000,2015,4,15,10,01003KT,12,10
2015-04-15 10:30:00.000,2015,4,15,10,VRB02KT,12,10
2015-04-15 11:00:00.000,2015,4,15,11,VRB02KT,12,10
2015-04-15 12:00:00.000,2015,4,15,12,06008KT,13,11
2015-04-15 13:00:00.000,2015,4,15,13,05008KT,15,10
2015-04-15 14:00:00.000,2015,4,15,14,06006KT,15,10
2015-04-15 15:00:00.000,2015,4,15,15,12006KT,16,10
2015-04-15 16:00:00.000,2015,4,15,16,08008KT,16,10
2015-04-15 17:00:00.000,2015,4,15,17,15012KT,17,10
2015-04-15 18:00:00.000,2015,4,15,18,15013KT,18,10
2015-04-15 19:00:00.000,2015,4,15,19,13006KT,19,08
2015-04-15 20:00:00.000,2015,4,15,20,35006KT,18,09
2015-04-15 21:00:00.000,2015,4,15,21,03008KT,18,08
2015-04-15 22:00:00.000,2015,4,15,22,03004KT,17,09
2015-04-15 23:00:00.000,2015,4,15,23,24008KT,16,11
2015-04-16 00:00:00.000,2015,4,16,0,30005KT,15,11
2015-04-16 01:00:00.000,2015,4,16,1,27004KT,15,10
2015-04-16 02:00:00.000,2015,4,16,2,31006KT,14,10
2015-04-16 03:00:00.000,2015,4,16,3,02003KT,13,11
2015-04-16 04:00:00.000,2015,4,16,4,28006KT,12,11
2015-04-16 05:00:00.000,2015,4,16,5,29003KT,12,10
2015-04-16 06:00:00.000,2015,4,16,6,VRB02KT,11,10
2015-04-16 07:00:00.000,2015,4,16,7,32003KT,12,11
2015-04-16 08:00:00.000,2015,4,16,8,VRB02KT,12,11
2015-04-16 09:00:00.000,2015,4,16,9,32003KT,12,11
2015-04-16 10:00:00.000,2015,4,16,10,VRB02KT,12,11
2015-04-16 10:30:00.000,2015,4,16,10,VRB02KT,12,11
2015-04-16 11:00:00.000,2015,4,16,11,VRB02KT,12,11
2015-04-16 12:00:00.000,2015,4,16,12,04006KT,12,11
2015-04-16 13:00:00.000,2015,4,16,13,03008KT,14,11
2015-04-16 14:00:00.000,2015,4,16,14,12004KT,17,09
2015-04-16 15:00:00.000,2015,4,16,15,15008KT,19,09
2015-04-16 16:00:00.000,2015,4,16,16,21004KT,18,07
2015-04-16 17:00:00.000,2015,4,16,17,10008KT,18,08
2015-04-16 18:00:00.000,2015,4,16,18,26011KT,17,11
2015-04-16 19:00:00.000,2015,4,16,19,26005KT,16,11
2015-04-16 20:00:00.000,2015,4,16,20,30005KT,18,11
2015-04-16 21:00:00.000,2015,4,16,21,28005KT,19,11
2015-04-16 22:00:00.000,2015,4,16,22,25004K,16,11
2015-04-16 22:20:00.000,2015,4,16,22,25004K,16,11
2015-04-16 22:25:00.000,2015,4,16,22,25005KT,16,11
2015-04-16 23:00:00.000,2015,4,16,23,16005KT,16,11
2015-04-16 23:30:00.000,2015,4,16,23,35004KT,14,12
2015-04-17 00:00:00.000,2015,4,17,0,VRB02KT,13,12
2015-04-17 01:00:00.000,2015,4,17,1,VRB02KT,13,11
2015-04-17 01:30:00.000,2015,4,17,1,04004KT,12,11
2015-04-17 02:00:00.000,2015,4,17,2,VRB02KT,12,11
2015-04-17 03:00:00.000,2015,4,17,3,VRB02KT,12,11
2015-04-17 04:00:00.000,2015,4,17,4,VRB02KT,12,11
2015-04-17 05:00:00.000,2015,4,17,5,VRB02KT,13,12
2015-04-17 06:00:00.000,2015,4,17,6,33004KT,12,11
2015-04-17 07:00:00.000,2015,4,17,7,VRB02KT,12,11
2015-04-17 08:00:00.000,2015,4,17,8,03003KT,12,11
2015-04-17 09:00:00.000,2015,4,17,9,02004KT,12,11
2015-04-17 10:00:00.000,2015,4,17,10,02005KT,12,11
2015-04-17 10:30:00.000,2015,4,17,10,VRB02KT,12,11
2015-04-17 11:00:00.000,2015,4,17,11,VRB02KT,12,11
2015-04-17 12:00:00.000,2015,4,17,12,34003KT,12,11
2015-04-17 13:00:00.000,2015,4,17,13,32003KT,13,11
2015-04-17 14:00:00.000,2015,4,17,14,30005KT,15,12
2015-04-17 14:10:00.000,2015,4,17,14,28007KT,14,11
2015-04-17 14:30:00.000,2015,4,17,14,27007KT,14,12
2015-04-17 15:00:00.000,2015,4,17,15,29005KT,14,12
2015-04-17 16:00:00.000,2015,4,17,16,29007KT,16,11
2015-04-17 17:00:00.000,2015,4,17,17,25010KT,15,12
2015-04-17 18:00:00.000,2015,4,17,18,28010KT,14,12
2015-04-17 19:00:00.000,2015,4,17,19,25012KT,13,12
2015-04-17 19:20:00.000,2015,4,17,19,25012KT,13,12
2015-04-17 20:00:00.000,2015,4,17,20,26012KT,14,12
2015-04-17 20:30:00.000,2015,4,17,20,25012KT,15,13
2015-04-17 21:00:00.000,2015,4,17,21,30010KT,16,12
2015-04-17 22:00:00.000,2015,4,17,22,01008KT,16,13
2015-04-17 23:00:00.000,2015,4,17,23,03007KT,14,13
2015-04-18 00:00:00.000,2015,4,18,0,03003KT,13,12
2015-04-18 01:00:00.000,2015,4,18,1,VRB02KT,13,12
2015-04-18 02:00:00.000,2015,4,18,2,33003KT,13,12
2015-04-18 03:00:00.000,2015,4,18,3,26003KT,14,09
2015-04-18 03:18:00.000,2015,4,18,3,23006KT,13,11
2015-04-18 04:00:00.000,2015,4,18,4,23003KT,12,11
2015-04-18 05:00:00.000,2015,4,18,5,VRB02KT,12,11
2015-04-18 06:00:00.000,2015,4,18,6,35004KT,11,10
2015-04-18 07:00:00.000,2015,4,18,7,VRB02KT,11,10
2015-04-18 08:00:00.000,2015,4,18,8,03003KT,12,11
2015-04-18 09:00:00.000,2015,4,18,9,VRB02KT,11,11
2015-04-18 10:00:00.000,2015,4,18,10,35003KT,11,11
2015-04-18 10:30:00.000,2015,4,18,10,VRB02KT,12,11
2015-04-18 11:00:00.000,2015,4,18,11,VRB02KT,12,11
2015-04-18 12:00:00.000,2015,4,18,12,04004KT,12,11
2015-04-18 13:00:00.000,2015,4,18,13,05009KT,14,12
2015-04-18 14:00:00.000,2015,4,18,14,04007KT,16,11
2015-04-18 15:00:00.000,2015,4,18,15,12005KT,18,11
2015-04-18 16:00:00.000,2015,4,18,16,12005KT,19,10
2015-04-18 17:00:00.000,2015,4,18,17,14006KT,19,09
2015-04-18 18:00:00.000,2015,4,18,18,02006KT,17,12
2015-04-18 18:30:00.000,2015,4,18,18,34004KT,16,10
2015-04-18 18:38:00.000,2015,4,18,18,24006KT,15,11
2015-04-18 19:00:00.000,2015,4,18,19,31006KT,15,10
2015-04-18 19:03:00.000,2015,4,18,19,01004KT,15,12
2015-04-18 19:40:00.000,2015,4,18,19,34010KT,16,13
2015-04-18 20:00:00.000,2015,4,18,20,33009KT,17,14
2015-04-18 21:00:00.000,2015,4,18,21,30009KT,17,11
2015-04-18 22:00:00.000,2015,4,18,22,19008KT,17,10
2015-04-18 22:21:00.000,2015,4,18,22,19008KT,17,10
2015-04-18 22:38:00.000,2015,4,18,22,17008KT,13,11
2015-04-18 23:00:00.000,2015,4,18,23,16013KT,12,11
2015-04-19 00:00:00.000,2015,4,19,0,VRB02KT,12,11
2015-04-19 01:00:00.000,2015,4,19,1,10005KT,13,13
2015-04-19 01:15:00.000,2015,4,19,1,10005KT,13,13
2015-04-19 02:00:00.000,2015,4,19,2,35006KT,13,12
2015-04-19 03:00:00.000,2015,4,19,3,35008KT,12,11
2015-04-19 04:00:00.000,2015,4,19,4,04005KT,12,12
2015-04-19 05:00:00.000,2015,4,19,5,03008KT,12,12
2015-04-19 06:00:00.000,2015,4,19,6,07005KT,12,12
2015-04-19 07:00:00.000,2015,4,19,7,04004KT,12,12
2015-04-19 08:00:00.000,2015,4,19,8,06006KT,12,12
2015-04-19 09:00:00.000,2015,4,19,9,04005KT,12,11
2015-04-19 10:00:00.000,2015,4,19,10,04008KT,12,11
2015-04-19 10:10:00.000,2015,4,19,10,04008KT,12,11
2015-04-19 10:30:00.000,2015,4,19,10,05008KT,12,11
2015-04-19 11:00:00.000,2015,4,19,11,05005KT,12,11
2015-04-19 12:00:00.000,2015,4,19,12,05007KT,12,11
2015-04-19 13:00:00.000,2015,4,19,13,06005KT,14,11
2015-04-19 14:00:00.000,2015,4,19,14,05007KT,15,11
2015-04-19 15:00:00.000,2015,4,19,15,05007KT,16,11
2015-04-19 16:00:00.000,2015,4,19,16,10006KT,16,10
2015-04-19 17:00:00.000,2015,4,19,17,VRB02KT,13,12
2015-04-19 17:15:00.000,2015,4,19,17,VRB02KT,13,12
2015-04-19 17:33:00.000,2015,4,19,17,06003KT,14,12
2015-04-19 18:00:00.000,2015,4,19,18,29004KT,15,12
2015-04-19 18:24:00.000,2015,4,19,18,VRB02KT,15,12
2015-04-19 19:00:00.000,2015,4,19,19,VRB02KT,15,12
2015-04-19 20:00:00.000,2015,4,19,20,06008KT,17,12
2015-04-19 21:00:00.000,2015,4,19,21,07006KT,17,11
2015-04-19 22:00:00.000,2015,4,19,22,01004KT,17,11
2015-04-19 23:00:00.000,2015,4,19,23,31005KT,16,12
2015-04-20 00:00:00.000,2015,4,20,0,31003KT,14,12
2015-04-20 01:00:00.000,2015,4,20,1,VRB02KT,14,12
2015-04-20 02:00:00.000,2015,4,20,2,34003KT,13,11
2015-04-20 03:00:00.000,2015,4,20,3,33003KT,13,11
2015-04-20 03:40:00.000,2015,4,20,3,VRB02KT,13,11
2015-04-20 04:00:00.000,2015,4,20,4,02003KT,,
2015-04-20 05:00:00.000,2015,4,20,5,04005KT,12,11
2015-04-20 06:00:00.000,2015,4,20,6,00000KT,12,11
2015-04-20 07:00:00.000,2015,4,20,7,04003KT,12,10
2015-04-20 08:00:00.000,2015,4,20,8,35003KT,12,11
2015-04-20 09:00:00.000,2015,4,20,9,04003KT,12,11
2015-04-20 10:00:00.000,2015,4,20,10,04004KT,12,10
2015-04-20 10:30:00.000,2015,4,20,10,06003KT,11,10
2015-04-20 11:00:00.000,2015,4,20,11,04003KT,12,10
2015-04-20 12:00:00.000,2015,4,20,12,07003KT,12,11
2015-04-20 13:00:00.000,2015,4,20,13,06005KT,14,11
2015-04-20 14:00:00.000,2015,4,20,14,29004KT,,
2015-04-20 15:00:00.000,2015,4,20,15,07009KT,17,10
2015-04-20 16:00:00.000,2015,4,20,16,VRB02KT,17,09
2015-04-20 17:00:00.000,2015,4,20,17,06006KT,18,09
2015-04-20 18:00:00.000,2015,4,20,18,VRB02KT,19,09
2015-04-20 19:00:00.000,2015,4,20,19,04004KT,20,09
2015-04-20 19:45:00.000,2015,4,20,19,24007KT,17,12
2015-04-20 20:00:00.000,2015,4,20,20,24012KT,15,13
2015-04-20 20:15:00.000,2015,4,20,20,24008KT,14,13
2015-04-20 20:30:00.000,2015,4,20,20,27009KT,15,13
2015-04-20 21:00:00.000,2015,4,20,21,25005KT,15,13
2015-04-20 22:00:00.000,2015,4,20,22,34007KT,15,13
2015-04-20 23:00:00.000,2015,4,20,23,VRB02KT,14,12
2015-04-21 00:00:00.000,2015,4,21,0,27005KT,14,12
2015-04-21 01:00:00.000,2015,4,21,1,31003KT,14,12
2015-04-21 02:00:00.000,2015,4,21,2,07005KT,14,09
2015-04-21 03:00:00.000,2015,4,21,3,05007KT,13,10
2015-04-21 04:00:00.000,2015,4,21,4,06005KT,12,10
2015-04-21 05:00:00.000,2015,4,21,5,07007KT,12,09
2015-04-21 06:00:00.000,2015,4,21,6,07006KT,12,10
2015-04-21 07:00:00.000,2015,4,21,7,06005KT,12,09
2015-04-21 08:00:00.000,2015,4,21,8,05006KT,12,09
2015-04-21 09:00:00.000,2015,4,21,9,03005KT,11,09
2015-04-21 10:00:00.000,2015,4,21,10,04007KT,11,09
2015-04-21 10:30:00.000,2015,4,21,10,05007KT,12,09
2015-04-21 11:00:00.000,2015,4,21,11,05007KT,12,09
2015-04-21 12:00:00.000,2015,4,21,12,04008KT,12,09
2015-04-21 13:00:00.000,2015,4,21,13,06003KT,14,09
2015-04-21 14:00:00.000,2015,4,21,14,05006KT,15,09
2015-04-21 15:00:00.000,2015,4,21,15,23003KT,16,08
2015-04-21 16:00:00.000,2015,4,21,16,03004KT,17,08
2015-04-21 17:00:00.000,2015,4,21,17,16008KT,18,09
2015-04-21 18:00:00.000,2015,4,21,18,16009KT,18,08
2015-04-21 19:00:00.000,2015,4,21,19,15009KT,18,09
2015-04-21 20:00:00.000,2015,4,21,20,06009KT,16,10
2015-04-21 21:00:00.000,2015,4,21,21,06005KT,16,10
2015-04-21 22:00:00.000,2015,4,21,22,14009KT,17,08
2015-04-21 23:00:00.000,2015,4,21,23,15007KT,16,09
2015-04-22 00:00:00.000,2015,4,22,0,10009KT,16,08
2015-04-22 01:00:00.000,2015,4,22,1,10003KT,15,09
2015-04-22 02:00:00.000,2015,4,22,2,13003KT,14,09
2015-04-22 03:00:00.000,2015,4,22,3,08005KT,14,09
2015-04-22 04:00:00.000,2015,4,22,4,32003KT,11,09
2015-04-22 05:00:00.000,2015,4,22,5,06004KT,12,09
2015-04-22 06:00:00.000,2015,4,22,6,VRB02KT,12,09
2015-04-22 07:00:00.000,2015,4,22,7,06004KT,11,09
2015-04-22 08:00:00.000,2015,4,22,8,02006KT,10,08
2015-04-22 09:00:00.000,2015,4,22,9,06006KT,11,09
2015-04-22 10:00:00.000,2015,4,22,10,0000KT,09,06
2015-04-22 10:30:00.000,2015,4,22,10,05006KT,09,08
2015-04-22 11:00:00.000,2015,4,22,11,08005KT,09,07
2015-04-22 12:00:00.000,2015,4,22,12,03005KT,11,09
2015-04-22 12:30:00.000,2015,4,22,12,19004KT,15,07
2015-04-22 13:00:00.000,2015,4,22,13,13007KT,16,06
2015-04-22 13:00:00.000,2015,4,22,13,13007KT,16,06
2015-04-22 14:00:00.000,2015,4,22,14,11010KT,17,07
2015-04-22 14:00:00.000,2015,4,22,14,11010KT,17,07
2015-04-22 15:00:00.000,2015,4,22,15,10009KT,16,07
2015-04-22 16:00:00.000,2015,4,22,16,11014KT,17,08
2015-04-22 17:00:00.000,2015,4,22,17,10009KT,17,09
2015-04-22 18:00:00.000,2015,4,22,18,04012KT,16,08
2015-04-22 19:00:00.000,2015,4,22,19,04008KT,16,08
2015-04-22 20:00:00.000,2015,4,22,20,18008KT,18,07
2015-04-22 21:00:00.000,2015,4,22,21,VRB02KT,17,07
2015-04-22 22:00:00.000,2015,4,22,22,17006KT,17,08
2015-04-22 23:00:00.000,2015,4,22,23,07007KT,15,09
2015-04-23 00:00:00.000,2015,4,23,0,09004KT,16,08
2015-04-23 01:00:00.000,2015,4,23,1,VRB02KT,15,09
2015-04-23 03:00:00.000,2015,4,23,3,36003KT,14,10
2015-04-23 04:00:00.000,2015,4,23,4,09004KT,14,09
2015-04-23 05:00:00.000,2015,4,23,5,05006KT,11,09
2015-04-23 06:00:00.000,2015,4,23,6,02003KT,12,09
2015-04-23 07:00:00.000,2015,4,23,7,07004KT,11,09
2015-04-23 08:00:00.000,2015,4,23,8,06006KT,10,09
2015-04-23 09:00:00.000,2015,4,23,9,05006KT,11,09
2015-04-23 10:00:00.000,2015,4,23,10,VRB02KT,08,07
2015-04-23 10:30:00.000,2015,4,23,10,05006KT,12,09
2015-04-23 11:00:00.000,2015,4,23,11,05006KT,12,09
2015-04-23 12:00:00.000,2015,4,23,12,05006KT,12,09
2015-04-23 13:00:00.000,2015,4,23,13,05008KT,14,10
2015-04-23 14:00:00.000,2015,4,23,14,13010KT,17,08
2015-04-23 15:00:00.000,2015,4,23,15,13009KT,18,07
2015-04-23 16:00:00.000,2015,4,23,16,13009KT,18,08
2015-04-23 17:00:00.000,2015,4,23,17,08007KT,17,08
2015-04-23 18:00:00.000,2015,4,23,18,10010KT,18,08
2015-04-23 19:00:00.000,2015,4,23,19,08009KT,18,09
2015-04-23 20:00:00.000,2015,4,23,20,19004KT,18,08
2015-04-23 21:00:00.000,2015,4,23,21,06006KT,18,08
2015-04-23 22:00:00.000,2015,4,23,22,04003KT,18,08
2015-04-23 23:00:00.000,2015,4,23,23,06004KT,15,09
2015-04-24 00:00:00.000,2015,4,24,0,09006KT,17,08
2015-04-24 01:00:00.000,2015,4,24,1,20004KT,15,11
2015-04-24 02:00:00.000,2015,4,24,2,02004KT,12,10
2015-04-24 03:00:00.000,2015,4,24,3,02004KT,12,10
2015-04-24 04:00:00.000,2015,4,24,4,35005KT,11,09
2015-04-24 05:00:00.000,2015,4,24,5,04003KT,11,09
2015-04-24 06:00:00.000,2015,4,24,6,VRB02KT,10,08
2015-04-24 07:00:00.000,2015,4,24,7,06003KT,11,09
2015-04-24 08:00:00.000,2015,4,24,8,05005KT,11,09
2015-04-24 09:00:00.000,2015,4,24,9,06005KT,10,09
2015-04-24 10:00:00.000,2015,4,24,10,04003KT,11,09
2015-04-24 10:30:00.000,2015,4,24,10,03005KT,09,08
2015-04-24 11:00:00.000,2015,4,24,11,03003KT,09,08
2015-04-24 12:00:00.000,2015,4,24,12,04004KT,11,09
2015-04-24 12:38:00.000,2015,4,24,12,03004KT,15,10
2015-04-24 13:00:00.000,2015,4,24,13,03006KT,15,10
2015-04-24 13:30:00.000,2015,4,24,13,03006KT,17,09
2015-04-24 14:00:00.000,2015,4,24,14,13003KT,17,09
2015-04-24 15:00:00.000,2015,4,24,15,13006KT,19,10
2015-04-24 16:00:00.000,2015,4,24,16,11010KT,19,10
2015-04-24 17:00:00.000,2015,4,24,17,13010KT,18,09
2015-04-24 18:00:00.000,2015,4,24,18,16009KT,18,09
2015-04-24 19:00:00.000,2015,4,24,19,13008KT,20,09
2015-04-24 20:00:00.000,2015,4,24,20,08008KT,19,08
2015-04-24 21:00:00.000,2015,4,24,21,15007KT,19,07
2015-04-24 22:00:00.000,2015,4,24,22,12006KT,18,09
2015-04-24 23:00:00.000,2015,4,24,23,06005KT,16,10
2015-04-25 00:00:00.000,2015,4,25,0,12006KT,17,08
2015-04-25 01:00:00.000,2015,4,25,1,13007KT,15,09
2015-04-25 02:00:00.000,2015,4,25,2,07005KT,14,10
2015-04-25 03:00:00.000,2015,4,25,3,04007KT,13,10
2015-04-25 04:00:00.000,2015,4,25,4,06007KT,13,10
2015-04-25 05:00:00.000,2015,4,25,5,02005KT,13,10
2015-04-25 06:00:00.000,2015,4,25,6,VRB02KT,13,10
2015-04-25 07:00:00.000,2015,4,25,7,020003KT,11,09
2015-04-25 08:00:00.000,2015,4,25,8,VRB02KT,09,08
2015-04-25 09:00:00.000,2015,4,25,9,VRB02KT,10,09
2015-04-25 10:00:00.000,2015,4,25,10,VRB02KT,10,09
2015-04-25 10:30:00.000,2015,4,25,10,VRB02KT,09,08
2015-04-25 11:00:00.000,2015,4,25,11,03004KT,09,08
2015-04-25 12:00:00.000,2015,4,25,12,04003KT,10,10
2015-04-25 12:25:00.000,2015,4,25,12,05007KT,12,10
2015-04-25 13:00:00.000,2015,4,25,13,03005KT,12,10
2015-04-25 14:00:00.000,2015,4,25,14,07004KT,14,11
2015-04-25 15:00:00.000,2015,4,25,15,12006KT,15,08
2015-04-25 16:00:00.000,2015,4,25,16,06008KT,13,10
2015-04-25 17:00:00.000,2015,4,25,17,02007KT,15,10
2015-04-25 18:00:00.000,2015,4,25,18,27005KT,16,10
2015-04-25 19:00:00.000,2015,4,25,19,13004KT,17,09
2015-04-25 20:00:00.000,2015,4,25,20,09009KT,18,10
2015-04-25 20:30:00.000,2015,4,25,20,11007KT,16,10
2015-04-25 21:00:00.000,2015,4,25,21,13012KT,17,09
2015-04-25 22:00:00.000,2015,4,25,22,19010KT,16,09
2015-04-25 23:00:00.000,2015,4,25,23,03003KT,14,11
2015-04-26 00:00:00.000,2015,4,26,0,04006KT,14,11
2015-04-26 01:00:00.000,2015,4,26,1,06006KT,14,11
2015-04-26 02:00:00.000,2015,4,26,2,08006KT,14,10
2015-04-26 03:00:00.000,2015,4,26,3,09004KT,14,10
2015-04-26 04:00:00.000,2015,4,26,4,07006KT,13,10
2015-04-26 05:00:00.000,2015,4,26,5,03004KT,12,09
2015-04-26 06:00:00.000,2015,4,26,6,04004KT,23,09
2015-04-26 07:00:00.000,2015,4,26,7,VRB02KT,12,10
2015-04-26 08:00:00.000,2015,4,26,8,05006KT,11,10
2015-04-26 09:00:00.000,2015,4,26,9,VRB02KT,11,10
2015-04-26 10:00:00.000,2015,4,26,10,02006KT,12,10
2015-04-26 10:30:00.000,2015,4,26,10,03004KT,12,10
2015-04-26 11:00:00.000,2015,4,26,11,04004KT,12,10
2015-04-26 12:00:00.000,2015,4,26,12,05004KT,12,10
2015-04-26 13:00:00.000,2015,4,26,13,05005KT,13,11
2015-04-26 14:00:00.000,2015,4,26,14,03003KT,15,11
2015-04-26 15:00:00.000,2015,4,26,15,14006KT,16,10
2015-04-26 16:00:00.000,2015,4,26,16,13004KT,18,10
2015-04-26 17:00:00.000,2015,4,26,17,15009KT,18,09
2015-04-26 18:00:00.000,2015,4,26,18,14015KT,18,10
2015-04-26 19:00:00.000,2015,4,26,19,10015KT,18,12
2015-04-26 20:00:00.000,2015,4,26,20,13012KT,18,10
2015-04-26 21:00:00.000,2015,4,26,21,13012KT,19,10
2015-04-26 22:00:00.000,2015,4,26,22,14012KT,17,10
2015-04-26 23:00:00.000,2015,4,26,23,11008KT,17,10
2015-04-27 00:00:00.000,2015,4,27,0,12006KT,15,10
2015-04-27 01:00:00.000,2015,4,27,1,19009KT,14,09
2015-04-27 02:00:00.000,2015,4,27,2,14011KT,15,09
2015-04-27 03:00:00.000,2015,4,27,3,13006KT,14,08
2015-04-27 04:00:00.000,2015,4,27,4,VRB02KT,13,09
2015-04-27 05:00:00.000,2015,4,27,5,03004KT,12,09
2015-04-27 06:00:00.000,2015,4,27,6,00000KT,12,09
2015-04-27 07:00:00.000,2015,4,27,7,05003KT,10,09
2015-04-27 08:00:00.000,2015,4,27,8,VBR02KT,10,08
2015-04-27 09:00:00.000,2015,4,27,9,04006KT,10,08
2015-04-27 10:00:00.000,2015,4,27,10,VRB02KT,13,08
2015-04-27 10:30:00.000,2015,4,27,10,06005KT,12,08
2015-04-27 11:00:00.000,2015,4,27,11,06005KT,12,09
2015-04-27 12:00:00.000,2015,4,27,12,05008KT,13,09
2015-04-27 12:12:00.000,2015,4,27,12,06008KT,16,10
2015-04-27 13:00:00.000,2015,4,27,13,00000KT,25,23
2015-04-27 13:15:00.000,2015,4,27,13,00000KT,25,23
2015-04-27 14:00:00.000,2015,4,27,14,10007G21KT,18,07
2015-04-27 14:35:00.000,2015,4,27,14,12012G30KT,19,08
2015-04-27 15:00:00.000,2015,4,27,15,10009G23KT,20,09
2015-04-27 16:00:00.000,2015,4,27,16,09008G22KT,20,09
2015-04-27 17:00:00.000,2015,4,27,17,11010KT,20,08
2015-04-27 18:00:00.000,2015,4,27,18,13012KT,21,08
2015-04-27 19:00:00.000,2015,4,27,19,10010KT,21,08
2015-04-27 20:00:00.000,2015,4,27,20,14010KT,20,08
2015-04-27 21:00:00.000,2015,4,27,21,08007KT,21,07
2015-04-27 22:00:00.000,2015,4,27,22,14010KT,21,07
2015-04-27 23:00:00.000,2015,4,27,23,11007KT,19,07
2015-04-28 00:00:00.000,2015,4,28,0,13005KT,17,08
2015-04-28 01:00:00.000,2015,4,28,1,08007KT,16,08
2015-04-28 02:00:00.000,2015,4,28,2,30006KT,14,09
2015-04-28 03:00:00.000,2015,4,28,3,07004KT,13,09
2015-04-28 04:00:00.000,2015,4,28,4,10005KT,15,09
2015-04-28 05:00:00.000,2015,4,28,5,20006KT,14,10
2015-04-28 06:00:00.000,2015,4,28,6,03005KT,12,10
2015-04-28 07:00:00.000,2015,4,28,7,07006KT,12,10
2015-04-28 08:00:00.000,2015,4,28,8,05006KT,12,10
2015-04-28 09:00:00.000,2015,4,28,9,04006KT,12,10
2015-04-28 10:00:00.000,2015,4,28,10,VRB02KT,12,10
2015-04-28 10:30:00.000,2015,4,28,10,10004KT,12,10
2015-04-28 11:00:00.000,2015,4,28,11,VRB02KT,13,09
2015-04-28 12:00:00.000,2015,4,28,12,08008KT,14,09
2015-04-28 13:00:00.000,2015,4,28,13,06012KT,16,09
2015-04-28 14:00:00.000,2015,4,28,14,08008KT,17,08
2015-04-28 15:00:00.000,2015,4,28,15,07011KT,18,07
2015-04-28 16:00:00.000,2015,4,28,16,09006KT,18,05
2015-04-28 17:00:00.000,2015,4,28,17,11009KT,18,05
2015-04-28 18:00:00.000,2015,4,28,18,13014KT,19,05
2015-04-28 19:00:00.000,2015,4,28,19,13011KT,18,05
2015-04-28 20:00:00.000,2015,4,28,20,14015KT,18,05
2015-04-28 21:00:00.000,2015,4,28,21,12009KT,19,03
2015-04-28 22:00:00.000,2015,4,28,22,13008KT,18,03
2015-04-28 23:00:00.000,2015,4,28,23,12005KT,16,04
2015-04-29 00:00:00.000,2015,4,29,0,07005KT,15,06
2015-04-29 01:00:00.000,2015,4,29,1,11007KT,15,07
2015-04-29 02:00:00.000,2015,4,29,2,07007KT,15,07
2015-04-29 03:00:00.000,2015,4,29,3,03006KT,13,09
2015-04-29 04:00:00.000,2015,4,29,4,08006KT,13,07
2015-04-29 05:00:00.000,2015,4,29,5,36004KT,10,07
2015-04-29 06:00:00.000,2015,4,29,6,06007KT,10,07
2015-04-29 07:00:00.000,2015,4,29,7,27003KT,09,07
2015-04-29 08:00:00.000,2015,4,29,8,35003KT,09,07
2015-04-29 09:00:00.000,2015,4,29,9,31004KT,08,07
2015-04-29 10:00:00.000,2015,4,29,10,04004KT,09,07
2015-04-29 10:30:00.000,2015,4,29,10,05004KT,08,07
2015-04-29 11:00:00.000,2015,4,29,11,29004KT,08,07
2015-04-29 12:00:00.000,2015,4,29,12,06010KT,13,08
2015-04-29 12:25:00.000,2015,4,29,12,03008KT,15,09
2015-04-29 13:00:00.000,2015,4,29,13,01008KT,16,09
2015-04-29 14:00:00.000,2015,4,29,14,10008KT,19,06
2015-04-29 15:00:00.000,2015,4,29,15,05012KT,19,08
2015-04-29 16:00:00.000,2015,4,29,16,13015KT,20,08
2015-04-29 17:00:00.000,2015,4,29,17,09012KT,17,07
2015-04-29 18:00:00.000,2015,4,29,18,16010KT,16,08
2015-04-29 19:00:00.000,2015,4,29,19,15006KT,17,08
2015-04-29 20:00:00.000,2015,4,29,20,09009KT,17,08
2015-04-29 21:00:00.000,2015,4,29,21,10010KT,18,07
2015-04-29 22:00:00.000,2015,4,29,22,16013KT,18,06
2015-04-29 23:00:00.000,2015,4,29,23,15009KT,16,07
2015-04-30 00:00:00.000,2015,4,30,0,16010KT,16,05
2015-04-30 01:00:00.000,2015,4,30,1,11003KT,14,05
2015-04-30 02:00:00.000,2015,4,30,2,VRB02KT,12,08
2015-04-30 03:00:00.000,2015,4,30,3,04005KT,11,07
2015-04-30 04:00:00.000,2015,4,30,4,05003KT,11,06
2015-04-30 05:00:00.000,2015,4,30,5,04004KT,09,06
2015-04-30 06:00:00.000,2015,4,30,6,VRB02KT,11,07
2015-04-30 07:00:00.000,2015,4,30,7,01005KT,09,07
2015-04-30 08:00:00.000,2015,4,30,8,07004KT,08,07
2015-04-30 09:00:00.000,2015,4,30,9,0VRB02KT,10,08
2015-04-30 10:00:00.000,2015,4,30,10,07004KT,10,08
2015-04-30 10:30:00.000,2015,4,30,10,05005KT,10,08
2015-04-30 11:00:00.000,2015,4,30,11,06006KT,10,08
2015-04-30 12:00:00.000,2015,4,30,12,05007KT,11,09
2015-04-30 13:00:00.000,2015,4,30,13,06006KT,13,10
2015-04-30 14:00:00.000,2015,4,30,14,04008KT,16,09
2015-04-30 15:00:00.000,2015,4,30,15,10007KT,17,07
2015-04-30 16:00:00.000,2015,4,30,16,12006KT,18,05
2015-04-30 17:00:00.000,2015,4,30,17,10008KT,18,05
2015-04-30 18:00:00.000,2015,4,30,18,09005KT,19,08
2015-04-30 19:00:00.000,2015,4,30,19,14006KT,19,07
2015-04-30 20:00:00.000,2015,4,30,20,01004KT,19,06
2015-04-30 21:00:00.000,2015,4,30,21,01004KT,19,07
2015-04-30 22:00:00.000,2015,4,30,22,24003KT,19,08
2015-04-30 23:00:00.000,2015,4,30,23,23008KT,15,11
2015-05-01 00:00:00.000,2015,5,1,0,24008KT,14,11
2015-05-01 01:00:00.000,2015,5,1,1,VRB02KT,13,10
2015-05-01 02:00:00.000,2015,5,1,2,VRB02KT,12,10
2015-05-01 03:00:00.000,2015,5,1,3,35004KT,12,10
2015-05-01 04:00:00.000,2015,5,1,4,33005KT,12,10
2015-05-01 05:00:00.000,2015,5,1,5,03004KT,11,09
2015-05-01 06:00:00.000,2015,5,1,6,VRB02KT,11,10
2015-05-01 07:00:00.000,2015,5,1,7,VRB02KT,12,10
2015-05-01 08:00:00.000,2015,5,1,8,330004KT,12,10
2015-05-01 09:00:00.000,2015,5,1,9,VRB02KT,11,10
2015-05-01 10:00:00.000,2015,5,1,10,VRB02KT,12,10
2015-05-01 10:30:00.000,2015,5,1,10,VRB02KT,11,10
2015-05-01 11:00:00.000,2015,5,1,11,VRB02KT,12,10
2015-05-01 12:00:00.000,2015,5,1,12,33004KT,11,10
2015-05-01 13:00:00.000,2015,5,1,13,27003KT,15,11
2015-05-01 14:00:00.000,2015,5,1,14,32003KT,17,09
2015-05-01 15:00:00.000,2015,5,1,15,22003KT,19,09
2015-05-01 16:00:00.000,2015,5,1,16,14004KT,19,08
2015-05-01 17:00:00.000,2015,5,1,17,26006KT,19,09
2015-05-01 18:00:00.000,2015,5,1,18,28010KT,17,11
2015-05-01 19:00:00.000,2015,5,1,19,26010KT,17,11
2015-05-01 20:00:00.000,2015,5,1,20,27011KT,16,11
2015-05-01 21:00:00.000,2015,5,1,21,28007KT,15,12
2015-05-01 22:00:00.000,2015,5,1,22,28004KT,15,11
2015-05-01 23:00:00.000,2015,5,1,23,28004KT,14,11
2015-05-02 00:00:00.000,2015,5,2,0,VRB02KT,12,11
2015-05-02 01:00:00.000,2015,5,2,1,28003KT,12,11
2015-05-02 02:00:00.000,2015,5,2,2,VRB05KT,09,09
2015-05-02 03:00:00.000,2015,5,2,3,VRB02KT,09,09
2015-05-02 04:00:00.000,2015,5,2,4,35003KT,08,07
2015-05-02 05:00:00.000,2015,5,2,5,VRB02KT,07,07
2015-05-02 05:45:00.000,2015,5,2,5,04003KT,07,06
2015-05-02 06:00:00.000,2015,5,2,6,03003KT,07,06
2015-05-02 07:00:00.000,2015,5,2,7,27003KT,07,07
2015-05-02 08:00:00.000,2015,5,2,8,VRB02KT,07,07
2015-05-02 09:00:00.000,2015,5,2,9,VRB02KT,08,08
2015-05-02 10:00:00.000,2015,5,2,10,VRB02KT,08,07
2015-05-02 10:30:00.000,2015,5,2,10,VRB02KT,08,08
2015-05-02 11:00:00.000,2015,5,2,11,VRB02KT,07,07
2015-05-02 12:00:00.000,2015,5,2,12,VRB02KT,09,08
2015-05-02 12:33:00.000,2015,5,2,12,VRB02KT,12,10
2015-05-02 13:00:00.000,2015,5,2,13,VRB02KT,13,11
2015-05-02 13:34:00.000,2015,5,2,13,04005KT,16,10
2015-05-02 14:00:00.000,2015,5,2,14,06004KT,18,10
2015-05-02 15:00:00.000,2015,5,2,15,VRB02KT,20,10
2015-05-02 16:00:00.000,2015,5,2,16,33008KT,21,09
2015-05-02 17:00:00.000,2015,5,2,17,VRB02KT,23,08
2015-05-02 18:00:00.000,2015,5,2,18,30005KT,24,09
2015-05-02 19:00:00.000,2015,5,2,19,28005KT,22,12
2015-05-02 20:00:00.000,2015,5,2,20,28015KT,,
2015-05-02 20:30:00.000,2015,5,2,20,27016KT,19,13
2015-05-02 21:00:00.000,2015,5,2,21,19013KT,19,13
2015-05-02 22:00:00.000,2015,5,2,22,27010KT,18,12
2015-05-02 22:15:00.000,2015,5,2,22,27010KT,18,12
2015-05-02 23:00:00.000,2015,5,2,23,25010KT,17,12
2015-05-03 00:00:00.000,2015,5,3,0,34004KT,15,11
2015-05-03 01:00:00.000,2015,5,3,1,24004KT,16,11
2015-05-03 02:00:00.000,2015,5,3,2,22004KT,16,11
2015-05-03 03:00:00.000,2015,5,3,3,VRB02KT,13,10
2015-05-03 04:00:00.000,2015,5,3,4,VRB02KT,13,11
2015-05-03 06:00:00.000,2015,5,3,6,36004KT,13,10
2015-05-03 07:00:00.000,2015,5,3,7,04006KT,13,10
2015-05-03 08:00:00.000,2015,5,3,8,34004KT,13,10
2015-05-03 09:00:00.000,2015,5,3,9,31004KT,12,09
2015-05-03 10:00:00.000,2015,5,3,10,VRB02KT,11,10
2015-05-03 11:00:00.000,2015,5,3,11,03004KT,11,10
2015-05-03 12:00:00.000,2015,5,3,12,06005KT,13,08
2015-05-03 13:00:00.000,2015,5,3,13,05004KT,15,07
2015-05-03 14:00:00.000,2015,5,3,14,16005KT,18,03
2015-05-03 15:00:00.000,2015,5,3,15,10007KT,20,01
2015-05-03 16:00:00.000,2015,5,3,16,04006KT,21,00
2015-05-03 17:00:00.000,2015,5,3,17,13008KT,22,03
2015-05-03 18:00:00.000,2015,5,3,18,24008KT,23,07
2015-05-03 19:00:00.000,2015,5,3,19,28012KT,21,10
2015-05-03 20:00:00.000,2015,5,3,20,29013KT,19,11
2015-05-03 21:00:00.000,2015,5,3,21,26012KT,19,12
2015-05-03 22:00:00.000,2015,5,3,22,24008KT,18,12
2015-05-03 23:00:00.000,2015,5,3,23,03005KT,16,12
2015-05-03 23:16:00.000,2015,5,3,23,03005KT,16,12
2015-05-04 00:00:00.000,2015,5,4,0,29003KT,15,10
2015-05-04 01:00:00.000,2015,5,4,1,35003KT,14,11
2015-05-04 02:00:00.000,2015,5,4,2,VRB02KT,13,10
2015-05-04 03:00:00.000,2015,5,4,3,04003KT,13,10
2015-05-04 04:00:00.000,2015,5,4,4,VRB02KT,14,11
2015-05-04 05:00:00.000,2015,5,4,5,03003KT,13,10
2015-05-04 06:00:00.000,2015,5,4,6,03003KT,13,09
2015-05-04 07:00:00.000,2015,5,4,7,03003KT,13,10
2015-05-04 08:00:00.000,2015,5,4,8,VRB02KT,12,09
2015-05-04 09:00:00.000,2015,5,4,9,VRB02KT,12,09
2015-05-04 10:00:00.000,2015,5,4,10,06003KT,11,09
2015-05-04 10:30:00.000,2015,5,4,10,VRB02KT,11,09
2015-05-04 11:00:00.000,2015,5,4,11,03004KT,11,09
2015-05-04 12:00:00.000,2015,5,4,12,03004KT,12,10
2015-05-04 13:00:00.000,2015,5,4,13,03005KT,13,10
2015-05-04 13:36:00.000,2015,5,4,13,06005KT,16,09
2015-05-04 14:00:00.000,2015,5,4,14,36005KT,16,09
2015-05-04 15:00:00.000,2015,5,4,15,VRB02KT,17,08
2015-05-04 16:00:00.000,2015,5,4,16,10004KT,20,07
2015-05-04 17:00:00.000,2015,5,4,17,09004KT,20,06
2015-05-04 18:00:00.000,2015,5,4,18,27012KT,18,11
2015-05-04 19:00:00.000,2015,5,4,19,36006KT,21,07
2015-05-04 20:00:00.000,2015,5,4,20,29012KT,20,11
2015-05-04 21:00:00.000,2015,5,4,21,30013KT,19,11
2015-05-04 22:00:00.000,2015,5,4,22,29008KT,18,11
2015-05-04 23:00:00.000,2015,5,4,23,25006KT,15,12
2015-05-04 23:15:00.000,2015,5,4,23,25006KT,15,12
2015-05-04 23:32:00.000,2015,5,4,23,06008KT,13,11
2015-05-05 00:00:00.000,2015,5,5,0,21003KT,13,12
2015-05-05 00:40:00.000,2015,5,5,0,VRB02KT,13,11
2015-05-05 01:00:00.000,2015,5,5,1,VRB02KT,12,11
2015-05-05 02:00:00.000,2015,5,5,2,VRB02KT,11,10
2015-05-05 03:00:00.000,2015,5,5,3,VRB02KT,10,09
2015-05-05 04:00:00.000,2015,5,5,4,03005KT,10,09
2015-05-05 05:00:00.000,2015,5,5,5,06007KT,11,09
2015-05-05 06:00:00.000,2015,5,5,6,VRB02KT,10,09
2015-05-05 07:00:00.000,2015,5,5,7,05004KT,10,08
2015-05-05 08:00:00.000,2015,5,5,8,VRB02KT,09,08
2015-05-05 09:00:00.000,2015,5,5,9,VRB02KT,07,06
2015-05-05 10:00:00.000,2015,5,5,10,07004KT,09,08
2015-05-05 10:30:00.000,2015,5,5,10,02003KT,08,07
2015-05-05 11:00:00.000,2015,5,5,11,04004KT,08,07
2015-05-05 12:00:00.000,2015,5,5,12,02003KT,09,08
2015-05-05 13:00:00.000,2015,5,5,13,05005KT,12,09
2015-05-05 14:00:00.000,2015,5,5,14,12008KT,15,10
2015-05-05 15:00:00.000,2015,5,5,15,15007KT,17,09
2015-05-05 16:00:00.000,2015,5,5,16,15006KT,18,07
2015-05-05 17:00:00.000,2015,5,5,17,14012KT,18,07
2015-05-05 18:00:00.000,2015,5,5,18,15006KT,19,07
2015-05-05 19:00:00.000,2015,5,5,19,17010KT,20,07
2015-05-05 20:00:00.000,2015,5,5,20,02005KT,19,08
2015-05-05 21:00:00.000,2015,5,5,21,05010KT,18,08
2015-05-05 21:15:00.000,2015,5,5,21,05010KT,18,08
2015-05-05 22:00:00.000,2015,5,5,22,11009KT,18,08
2015-05-05 23:00:00.000,2015,5,5,23,11006KT,17,08
2015-05-05 23:15:00.000,2015,5,5,23,VRB02KT,16,11
2015-05-06 00:00:00.000,2015,5,6,0,29003KT,16,11
2015-05-06 01:00:00.000,2015,5,6,1,VRB02KT,15,09
2015-05-06 02:00:00.000,2015,5,6,2,00000KT,14,09
2015-05-06 03:00:00.000,2015,5,6,3,VRB02KT,13,09
2015-05-06 04:00:00.000,2015,5,6,4,05004KT,12,09
2015-05-06 05:00:00.000,2015,5,6,5,06005KT,12,09
2015-05-06 06:00:00.000,2015,5,6,6,05004KT,11,09
2015-05-06 07:00:00.000,2015,5,6,7,05003KT,10,08
2015-05-06 08:00:00.000,2015,5,6,8,04003KT,09,08
2015-05-06 09:00:00.000,2015,5,6,9,VRB02KT,10,08
2015-05-06 10:00:00.000,2015,5,6,10,01004KT,10,08
2015-05-06 10:30:00.000,2015,5,6,10,00000KT,09,08
2015-05-06 11:00:00.000,2015,5,6,11,VRB02KT,10,08
2015-05-06 12:00:00.000,2015,5,6,12,VRB02KT,11,09
2015-05-06 13:00:00.000,2015,5,6,13,33003KT,12,10
2015-05-06 14:00:00.000,2015,5,6,14,VRB02KT,14,10
2015-05-06 15:00:00.000,2015,5,6,15,10008KT,16,07
2015-05-06 16:00:00.000,2015,5,6,16,15011KT,17,07
2015-05-06 17:00:00.000,2015,5,6,17,14012KT,15,06
2015-05-06 18:00:00.000,2015,5,6,18,12010KT,19,06
2015-05-06 19:00:00.000,2015,5,6,19,16008KT,20,06
2015-05-06 20:00:00.000,2015,5,6,20,15009KT,19,07
2015-05-06 21:00:00.000,2015,5,6,21,17008KT,19,07
2015-05-06 22:00:00.000,2015,5,6,22,12005KT,20,07
2015-05-06 23:00:00.000,2015,5,6,23,10006KT,18,07
2015-05-07 00:00:00.000,2015,5,7,0,02005KT,16,10
2015-05-07 01:00:00.000,2015,5,7,1,33003KT,12,11
2015-05-07 02:00:00.000,2015,5,7,2,VRB02KT,13,09
2015-05-07 03:00:00.000,2015,5,7,3,VRB02KT,12,09
2015-05-07 04:00:00.000,2015,5,7,4,04004KT,12,09
2015-05-07 05:00:00.000,2015,5,7,5,04006KT,11,08
2015-05-07 06:00:00.000,2015,5,7,6,25005KT,12,09
2015-05-07 07:00:00.000,2015,5,7,7,VRB02KT,11,09
2015-05-07 08:00:00.000,2015,5,7,8,VRB02KT,11,09
2015-05-07 09:00:00.000,2015,5,7,9,00000KT,11,09
2015-05-07 10:00:00.000,2015,5,7,10,06005KT,11,08
2015-05-07 10:30:00.000,2015,5,7,10,05008KT,10,09
2015-05-07 11:00:00.000,2015,5,7,11,05006KT,09,08
2015-05-07 12:00:00.000,2015,5,7,12,06011KT,12,09
2015-05-07 13:00:00.000,2015,5,7,13,06008KT,16,10
2015-05-07 14:00:00.000,2015,5,7,14,08005KT,18,08
2015-05-07 15:00:00.000,2015,5,7,15,14016KT,18,07
2015-05-07 16:00:00.000,2015,5,7,16,09007KT,20,06
2015-05-07 17:00:00.000,2015,5,7,17,12013KT,20,06
2015-05-07 18:00:00.000,2015,5,7,18,10005KT,19,09
2015-05-07 19:00:00.000,2015,5,7,19,18012KT,20,09
2015-05-07 20:00:00.000,2015,5,7,20,14011KT,19,09
2015-05-07 21:00:00.000,2015,5,7,21,13013KT,18,10
2015-05-07 22:00:00.000,2015,5,7,22,10012KT,18,10
2015-05-07 23:00:00.000,2015,5,7,23,06007KT,16,10
2015-05-08 00:00:00.000,2015,5,8,0,11008KR,16,09
2015-05-08 01:00:00.000,2015,5,8,1,10006KT,15,09
2015-05-08 02:00:00.000,2015,5,8,2,14004KT,15,08
2015-05-08 03:00:00.000,2015,5,8,3,02003KT,14,09
2015-05-08 04:00:00.000,2015,5,8,4,VRB02KT,13,09
2015-05-08 05:00:00.000,2015,5,8,5,06003KT,13,10
2015-05-08 06:00:00.000,2015,5,8,6,04006KT,12,09
2015-05-08 07:00:00.000,2015,5,8,7,28004KT,13,10
2015-05-08 08:00:00.000,2015,5,8,8,VRB02KT,12,10
2015-05-08 09:00:00.000,2015,5,8,9,03004KT,11,10
2015-05-08 10:00:00.000,2015,5,8,10,04005KT,12,10
2015-05-08 10:30:00.000,2015,5,8,10,06007KT,13,10
2015-05-08 11:00:00.000,2015,5,8,11,04007KT,12,10
2015-05-08 12:00:00.000,2015,5,8,12,05006KT,14,10
2015-05-08 13:00:00.000,2015,5,8,13,05005KT,16,10
2015-05-08 14:00:00.000,2015,5,8,14,14009KT,18,09
2015-05-08 15:00:00.000,2015,5,8,15,VRB02KT,17,09
2015-05-08 16:00:00.000,2015,5,8,16,13007KT,18,08
2015-05-08 17:00:00.000,2015,5,8,17,14009KT,19,08
2015-05-08 18:00:00.000,2015,5,8,18,11008KT,19,09
2015-05-08 19:00:00.000,2015,5,8,19,07008KT,18,09
2015-05-08 20:00:00.000,2015,5,8,20,07010KT,19,09
2015-05-08 21:00:00.000,2015,5,8,21,11007KT,18,09
2015-05-08 22:00:00.000,2015,5,8,22,10007KT,18,09
2015-05-08 23:00:00.000,2015,5,8,23,14012KT,16,10
2015-05-09 00:00:00.000,2015,5,9,0,10006KT,16,09
2015-05-09 01:00:00.000,2015,5,9,1,10005KT,15,09
2015-05-09 02:00:00.000,2015,5,9,2,11006KT,15,08
2015-05-09 03:00:00.000,2015,5,9,3,09005KT,15,09
2015-05-09 04:00:00.000,2015,5,9,4,09005KT,15,09
2015-05-09 05:00:00.000,2015,5,9,5,08003KT,14,08
2015-05-09 06:00:00.000,2015,5,9,6,05004KT,11,08
2015-05-09 07:00:00.000,2015,5,9,7,06003KT,11,09
2015-05-09 08:00:00.000,2015,5,9,8,09007KT,13,08
2015-05-09 09:00:00.000,2015,5,9,9,10006KT,14,08
2015-05-09 10:00:00.000,2015,5,9,10,10004KT,14,08
2015-05-09 10:26:00.000,2015,5,9,10,10007KT,14,07
2015-05-09 11:00:00.000,2015,5,9,11,11007KT,14,08
2015-05-09 12:00:00.000,2015,5,9,12,12007KT,14,08
2015-05-09 13:00:00.000,2015,5,9,13,09005KT,15,08
2015-05-09 14:00:00.000,2015,5,9,14,13009KT,18,08
2015-05-09 15:00:00.000,2015,5,9,15,10009KT,17,08
2015-05-09 16:00:00.000,2015,5,9,16,15009KT,17,09
2015-05-09 17:00:00.000,2015,5,9,17,14011KT,18,09
2015-05-09 18:00:00.000,2015,5,9,18,15013KT,18,09
2015-05-09 18:32:00.000,2015,5,9,18,15008KT,17,09
2015-05-09 19:00:00.000,2015,5,9,19,15012KT,17,09
2015-05-09 20:00:00.000,2015,5,9,20,10006KT,18,09
2015-05-09 21:00:00.000,2015,5,9,21,11007KT,18,09
2015-05-09 22:00:00.000,2015,5,9,22,10009KT,18,08
2015-05-09 23:00:00.000,2015,5,9,23,10005KT,17,08
2015-05-10 00:00:00.000,2015,5,10,0,11008KT,16,08
2015-05-10 01:00:00.000,2015,5,10,1,11007KT,15,08
2015-05-10 02:00:00.000,2015,5,10,2,12008KT,14,08
2015-05-10 03:00:00.000,2015,5,10,3,13005KT,14,08
2015-05-10 04:00:00.000,2015,5,10,4,34003KT,11,09
2015-05-10 05:00:00.000,2015,5,10,5,35003KT,12,10
2015-05-10 06:00:00.000,2015,5,10,6,02003KT,12,09
2015-05-10 07:00:00.000,2015,5,10,7,34003KT,12,09
2015-05-10 08:00:00.000,2015,5,10,8,03004KT,12,11
2015-05-10 09:00:00.000,2015,5,10,9,01003KT,12,11
2015-05-10 10:00:00.000,2015,5,10,10,02003KT,12,11
2015-05-10 10:30:00.000,2015,5,10,10,VRB02KT,12,11
2015-05-10 11:00:00.000,2015,5,10,11,05003KT,12,11
2015-05-10 12:00:00.000,2015,5,10,12,06003KT,13,11
2015-05-10 13:00:00.000,2015,5,10,13,07005KT,14,11
2015-05-10 14:00:00.000,2015,5,10,14,11008KT,15,09
2015-05-10 15:00:00.000,2015,5,10,15,10009KT,17,09
2015-05-10 16:00:00.000,2015,5,10,16,09007KT,17,09
2015-05-10 17:00:00.000,2015,5,10,17,12007KT,17,08
2015-05-10 18:00:00.000,2015,5,10,18,11010KT,18,08
2015-05-10 19:00:00.000,2015,5,10,19,13010KT,17,08
2015-05-10 20:00:00.000,2015,5,10,20,11010KT,18,08
2015-05-10 21:00:00.000,2015,5,10,21,13012KT,18,07
2015-05-10 22:00:00.000,2015,5,10,22,08007KT,17,08
2015-05-10 23:00:00.000,2015,5,10,23,09005KT,17,08
2015-05-11 00:00:00.000,2015,5,11,0,06005KT,15,08
2015-05-11 01:00:00.000,2015,5,11,1,06006KT,14,08
2015-05-11 02:00:00.000,2015,5,11,2,006005KT,14,08
2015-05-11 03:00:00.000,2015,5,11,3,06004KT,14,09
2015-05-11 04:00:00.000,2015,5,11,4,04003KT,13,09
2015-05-11 05:00:00.000,2015,5,11,5,04005KT,13,09
2015-05-11 06:00:00.000,2015,5,11,6,10004KT,12,05
2015-05-11 07:00:00.000,2015,5,11,7,09004KT,13,04
2015-05-11 08:00:00.000,2015,5,11,8,04005KT,10,05
2015-05-11 09:00:00.000,2015,5,11,9,VRB02KT,10,05
2015-05-11 10:00:00.000,2015,5,11,10,12005KT,14,08
2015-05-11 10:30:00.000,2015,5,11,10,14010KT,14,08
2015-05-11 11:00:00.000,2015,5,11,11,11004KT,14,09
2015-05-11 12:00:00.000,2015,5,11,12,11008KT,14,08
2015-05-11 13:00:00.000,2015,5,11,13,08007KT,15,09
2015-05-11 13:30:00.000,2015,5,11,13,12011KT,17,07
2015-05-11 14:00:00.000,2015,5,11,14,11010KT,17,07
2015-05-11 14:34:00.000,2015,5,11,14,13013KT,19,08
2015-05-11 15:00:00.000,2015,5,11,15,13011KT,18,08
2015-05-11 16:00:00.000,2015,5,11,16,13013KT,17,07
2015-05-11 17:00:00.000,2015,5,11,17,12012KT,18,07
2015-05-11 18:00:00.000,2015,5,11,18,13012KT,20,07
2015-05-11 19:00:00.000,2015,5,11,19,10012KT,20,06
2015-05-11 20:00:00.000,2015,5,11,20,12013KT,20,06
2015-05-11 21:00:00.000,2015,5,11,21,14008KT,19,03
2015-05-11 22:00:00.000,2015,5,11,22,09007KT,18,03
2015-05-11 23:00:00.000,2015,5,11,23,07007KT,16,03
2015-05-12 00:00:00.000,2015,5,12,0,11003KT,14,05
2015-05-12 01:00:00.000,2015,5,12,1,02004KT,11,05
2015-05-12 02:00:00.000,2015,5,12,2,05004KT,11,06
2015-05-12 03:00:00.000,2015,5,12,3,07006KT,12,06
2015-05-12 04:00:00.000,2015,5,12,4,08004KT,13,05
2015-05-12 05:00:00.000,2015,5,12,5,11003KT,12,05
2015-05-12 06:00:00.000,2015,5,12,6,10004KT,12,05
2015-05-12 08:00:00.000,2015,5,12,8,04005KT,10,05
2015-05-12 09:00:00.000,2015,5,12,9,VRB02KT,10,05
2015-05-12 10:00:00.000,2015,5,12,10,VRB02KT,09,06
2015-05-12 10:30:00.000,2015,5,12,10,VRB02KT,08,06
2015-05-12 11:00:00.000,2015,5,12,11,VRB02KT,09,07
2015-05-12 12:00:00.000,2015,5,12,12,04003KT,12,07
2015-05-12 13:00:00.000,2015,5,12,13,VRB02KT,14,08
2015-05-12 14:00:00.000,2015,5,12,14,07006KT,14,08
2015-05-12 15:00:00.000,2015,5,12,15,12006KT,15,09
2015-05-12 16:00:00.000,2015,5,12,16,08009KT,15,09
2015-05-12 17:00:00.000,2015,5,12,17,09005KT,17,08
2015-05-12 18:00:00.000,2015,5,12,18,10014KT,20,07
2015-05-12 19:00:00.000,2015,5,12,19,10015KT,20,06
2015-05-12 20:00:00.000,2015,5,12,20,14014KT,19,05
2015-05-12 21:00:00.000,2015,5,12,21,12012KT,19,04
2015-05-12 22:00:00.000,2015,5,12,22,09015KT,18,05
2015-05-12 23:00:00.000,2015,5,12,23,07010KT,17,05
2015-05-13 00:00:00.000,2015,5,13,0,06010KT,15,05
2015-05-13 01:00:00.000,2015,5,13,1,06007KT,15,07
2015-05-13 02:00:00.000,2015,5,13,2,04006KT,15,07
2015-05-13 03:00:00.000,2015,5,13,3,08007KT,15,06
2015-05-13 04:00:00.000,2015,5,13,4,VRB02KT,14,09
2015-05-13 05:00:00.000,2015,5,13,5,05005KT,12,11
2015-05-13 06:00:00.000,2015,5,13,6,05005KT,12,09
2015-05-13 07:00:00.000,2015,5,13,7,06004KT,12,09
2015-05-13 08:00:00.000,2015,5,13,8,04004KT,12,09
2015-05-13 09:00:00.000,2015,5,13,9,06004KT,12,09
2015-05-13 10:00:00.000,2015,5,13,10,04005KT,12,09
2015-05-13 10:30:00.000,2015,5,13,10,06008KT,13,10
2015-05-13 11:00:00.000,2015,5,13,11,09005KT,13,09
2015-05-13 12:00:00.000,2015,5,13,12,06008KT,15,09
2015-05-13 13:00:00.000,2015,5,13,13,14015KT,16,07
2015-05-13 14:00:00.000,2015,5,13,14,09015KT,18,07
2015-05-13 15:00:00.000,2015,5,13,15,13010G22KT,18,08
2015-05-13 16:00:00.000,2015,5,13,16,10010G21KT,18,08
2015-05-13 17:00:00.000,2015,5,13,17,08006G21KT,18,08
2015-05-13 18:00:00.000,2015,5,13,18,13008KT,17,08
2015-05-13 19:00:00.000,2015,5,13,19,09007KT,18,08
2015-05-13 20:00:00.000,2015,5,13,20,05013KT,17,08
2015-05-13 21:00:00.000,2015,5,13,21,10003KT,18,08
2015-05-13 22:00:00.000,2015,5,13,22,02009KT,17,08
2015-05-13 23:00:00.000,2015,5,13,23,07004KT,17,08
2015-05-14 00:00:00.000,2015,5,14,0,05006KT,16,08
2015-05-14 01:00:00.000,2015,5,14,1,06005KT,15,08
2015-05-14 02:00:00.000,2015,5,14,2,09007KT,15,09
2015-05-14 03:00:00.000,2015,5,14,3,35003KT,14,09
2015-05-14 04:00:00.000,2015,5,14,4,05003KT,13,08
2015-05-14 05:00:00.000,2015,5,14,5,10005KT,14,08
2015-05-14 06:00:00.000,2015,5,14,6,05003KT,14,08
2015-05-14 07:00:00.000,2015,5,14,7,10005KT,13,08
2015-05-14 08:00:00.000,2015,5,14,8,10004KT,13,08
2015-05-14 09:00:00.000,2015,5,14,9,05004KT,12,08
2015-05-14 10:00:00.000,2015,5,14,10,04004KT,12,08
2015-05-14 10:30:00.000,2015,5,14,10,05005KT,12,08
2015-05-14 11:00:00.000,2015,5,14,11,04005KT,11,08
2015-05-14 12:00:00.000,2015,5,14,12,12005KT,14,07
2015-05-14 13:00:00.000,2015,5,14,13,04007KT,14,08
2015-05-14 14:00:00.000,2015,5,14,14,08006KT,16,09
2015-05-14 15:00:00.000,2015,5,14,15,11013KT,18,08
2015-05-14 16:00:00.000,2015,5,14,16,12010KT,18,09
2015-05-14 17:00:00.000,2015,5,14,17,11010KT,19,09
2015-05-14 18:00:00.000,2015,5,14,18,14009KT,18,09
2015-05-14 19:00:00.000,2015,5,14,19,05006KT,17,09
2015-05-14 20:00:00.000,2015,5,14,20,11003KT,18,09
2015-05-14 21:00:00.000,2015,5,14,21,11011KT,17,10
2015-05-14 22:00:00.000,2015,5,14,22,15011KT,16,10
2015-05-14 23:00:00.000,2015,5,14,23,05011KT,15,10
2015-05-15 01:00:00.000,2015,5,15,1,08004KT,14,10
2015-05-15 02:00:00.000,2015,5,15,2,07006KT,14,10
2015-05-15 03:00:00.000,2015,5,15,3,13006KT,14,10
2015-05-15 04:00:00.000,2015,5,15,4,11005KT,14,10
2015-05-15 05:00:00.000,2015,5,15,5,VRB02KT,13,09
2015-05-15 06:00:00.000,2015,5,15,6,VRB02KT,13,09
2015-05-15 07:00:00.000,2015,5,15,7,VRB02KT,12,09
2015-05-15 09:00:00.000,2015,5,15,9,34003KT,11,09
2015-05-15 10:00:00.000,2015,5,15,10,00000KT,24,23
2015-05-15 10:30:00.000,2015,5,15,10,VRB02KT,11,09
2015-05-15 11:00:00.000,2015,5,15,11,05004KT,10,09
2015-05-15 12:00:00.000,2015,5,15,12,01004KT,12,10
2015-05-15 13:00:00.000,2015,5,15,13,03007KT,13,11
2015-05-15 14:00:00.000,2015,5,15,14,VRB02KT,15,10
2015-05-15 15:00:00.000,2015,5,15,15,17004KT,16,09
2015-05-15 16:00:00.000,2015,5,15,16,05008KT,15,12
2015-05-15 17:00:00.000,2015,5,15,17,15003KT,16,11
2015-05-15 17:25:00.000,2015,5,15,17,02006KT,14,12
2015-05-15 17:40:00.000,2015,5,15,17,13003KT,14,12
2015-05-15 18:00:00.000,2015,5,15,18,26008KT,15,13
2015-05-15 19:00:00.000,2015,5,15,19,16004KT,16,13
2015-05-15 20:00:00.000,2015,5,15,20,16008KT,18,10
2015-05-15 21:00:00.000,2015,5,15,21,12008KT,19,09
2015-05-15 22:00:00.000,2015,5,15,22,15010KT,18,09
2015-05-15 23:00:00.000,2015,5,15,23,13010KMT,17,09
2015-05-16 00:00:00.000,2015,5,16,0,16008KT,15,10
2015-05-16 01:00:00.000,2015,5,16,1,VRB02KT,15,09
2015-05-16 02:00:00.000,2015,5,16,2,10004KT,15,10
2015-05-16 03:00:00.000,2015,5,16,3,02004KT,14,10
2015-05-16 04:00:00.000,2015,5,16,4,04003KT,13,10
2015-05-16 05:00:00.000,2015,5,16,5,04005KT,12,09
2015-05-16 06:00:00.000,2015,5,16,6,VRB02KT,12,09
2015-05-16 07:00:00.000,2015,5,16,7,VRB02KT,10,08
2015-05-16 08:00:00.000,2015,5,16,8,00000KT,10,08
2015-05-16 09:00:00.000,2015,5,16,9,00000KT,11,09
2015-05-16 10:00:00.000,2015,5,16,10,VRB02KT,12,10
2015-05-16 11:00:00.000,2015,5,16,11,03005KT,12,10
2015-05-16 12:00:00.000,2015,5,16,12,07006KT,13,11
2015-05-16 13:00:00.000,2015,5,16,13,03005KT,15,11
2015-05-16 14:00:00.000,2015,5,16,14,06008KT,15,11
2015-05-16 15:00:00.000,2015,5,16,15,10012KT,17,10
2015-05-16 16:00:00.000,2015,5,16,16,11015KT,18,10
2015-05-16 17:00:00.000,2015,5,16,17,16015KT,18,11
2015-05-16 18:00:00.000,2015,5,16,18,17009KT,18,10
2015-05-16 19:00:00.000,2015,5,16,19,15010KT,19,10
2015-05-16 20:00:00.000,2015,5,16,20,15010KT,19,09
2015-05-16 21:00:00.000,2015,5,16,21,08005KT,18,10
2015-05-16 22:00:00.000,2015,5,16,22,17010KT,17,10
2015-05-16 23:00:00.000,2015,5,16,23,16009KT,17,08
2015-05-17 00:00:00.000,2015,5,17,0,13006KT,16,09
2015-05-17 01:00:00.000,2015,5,17,1,04008KT,15,10
2015-05-17 01:35:00.000,2015,5,17,1,04008KT,14,10
2015-05-17 03:00:00.000,2015,5,17,3,02004KT,13,11
2015-05-17 04:00:00.000,2015,5,17,4,18006KT,13,12
2015-05-17 05:00:00.000,2015,5,17,5,04003KT,12,10
2015-05-17 06:00:00.000,2015,5,17,6,VRB02KT,12,11
2015-05-17 07:00:00.000,2015,5,17,7,VRB02KT,12,11
2015-05-17 08:00:00.000,2015,5,17,8,02003KT,12,10
2015-05-17 09:00:00.000,2015,5,17,9,00000KT,11,10
2015-05-17 10:00:00.000,2015,5,17,10,06006KT,11,10
2015-05-17 10:30:00.000,2015,5,17,10,06006KT,12,10
2015-05-17 11:00:00.000,2015,5,17,11,04007KT,12,10
2015-05-17 12:00:00.000,2015,5,17,12,04004KT,12,10
2015-05-17 13:00:00.000,2015,5,17,13,04006KT,13,11
2015-05-17 13:33:00.000,2015,5,17,13,04008KT,14,11
2015-05-17 14:00:00.000,2015,5,17,14,04006KT,14,12
2015-05-17 15:00:00.000,2015,5,17,15,22004KT,15,11
2015-05-17 16:00:00.000,2015,5,17,16,02004KT,16,12
2015-05-17 17:00:00.000,2015,5,17,17,04008KT,17,11
2015-05-17 18:00:00.000,2015,5,17,18,03007KT,17,12
2015-05-17 19:00:00.000,2015,5,17,19,05007KT,16,12
2015-05-17 20:00:00.000,2015,5,17,20,21004KT,18,10
2015-05-17 21:00:00.000,2015,5,17,21,30005KT,17,13
2015-05-17 22:00:00.000,2015,5,17,22,31009KT,17,12
2015-05-17 22:32:00.000,2015,5,17,22,01005KT,14,12
2015-05-17 23:00:00.000,2015,5,17,23,13003KT,13,12
2015-05-17 23:25:00.000,2015,5,17,23,VRB02KT,13,12
2015-05-18 00:00:00.000,2015,5,18,0,VRB02KT,13,12
2015-05-18 00:28:00.000,2015,5,18,0,VRB02KT,13,12
2015-05-18 01:00:00.000,2015,5,18,1,05003KT,13,12
2015-05-18 02:00:00.000,2015,5,18,2,06007KT,13,10
2015-05-18 03:00:00.000,2015,5,18,3,04005KT,12,10
2015-05-18 04:00:00.000,2015,5,18,4,VRB02KT,13,11
2015-05-18 05:00:00.000,2015,5,18,5,04005KT,12,10
2015-05-18 06:00:00.000,2015,5,18,6,VRB02KT,12,10
2015-05-18 07:00:00.000,2015,5,18,7,02003KT,12,10
2015-05-18 08:00:00.000,2015,5,18,8,VRB02KT,12,10
2015-05-18 09:00:00.000,2015,5,18,9,06004KT,11,10
2015-05-18 10:00:00.000,2015,5,18,10,07006KT,11,10
2015-05-18 10:30:00.000,2015,5,18,10,06005KT,11,10
2015-05-18 11:00:00.000,2015,5,18,11,05006KT,11,10
2015-05-18 12:00:00.000,2015,5,18,12,04005KT,12,10
2015-05-18 13:00:00.000,2015,5,18,13,05006KT,14,10
2015-05-18 14:00:00.000,2015,5,18,14,08007KT,16,10
2015-05-18 15:00:00.000,2015,5,18,15,12007KT,17,10
2015-05-18 16:00:00.000,2015,5,18,16,14011KT,18,10
2015-05-18 17:00:00.000,2015,5,18,17,14012KT,18,10
2015-05-18 18:00:00.000,2015,5,18,18,14009KT,18,09
2015-05-18 19:00:00.000,2015,5,18,19,15014KT,18,09
2015-05-18 20:00:00.000,2015,5,18,20,18009KT,18,08
2015-05-18 21:00:00.000,2015,5,18,21,15012KT,19,08
2015-05-18 22:00:00.000,2015,5,18,22,13004KT,19,09
2015-05-18 23:00:00.000,2015,5,18,23,08006KT,17,08
2015-05-19 01:00:00.000,2015,5,19,1,08006KT,15,09
2015-05-19 02:00:00.000,2015,5,19,2,11006KT,14,09
2015-05-19 03:00:00.000,2015,5,19,3,VRB02KT,14,09
2015-05-19 04:00:00.000,2015,5,19,4,VRB02KT,12,09
2015-05-19 05:00:00.000,2015,5,19,5,33004KT,12,10
2015-05-19 06:00:00.000,2015,5,19,6,00000KT,13,10
2015-05-19 07:00:00.000,2015,5,19,7,VRB02KT,12,10
2015-05-19 08:00:00.000,2015,5,19,8,03004KT,12,10
2015-05-19 09:00:00.000,2015,5,19,9,05004LT,12,10
2015-05-19 10:00:00.000,2015,5,19,10,VRB02KT,12,10
2015-05-19 10:30:00.000,2015,5,19,10,VRB02KT,12,10
2015-05-19 11:00:00.000,2015,5,19,11,VRB02KT,12,10
2015-05-19 12:00:00.000,2015,5,19,12,02004KT,13,11
2015-05-19 13:00:00.000,2015,5,19,13,33003KT,14,10
2015-05-19 14:00:00.000,2015,5,19,14,VRB02KT,65,10
2015-05-19 15:00:00.000,2015,5,19,15,04005KT,16,10
2015-05-19 16:00:00.000,2015,5,19,16,34003KT,17,10
2015-05-19 17:00:00.000,2015,5,19,17,16004KT,17,11
2015-05-19 18:00:00.000,2015,5,19,18,11003KT,19,09
2015-05-19 19:00:00.000,2015,5,19,19,02009KT,18,11
2015-05-19 20:00:00.000,2015,5,19,20,10009KT,19,11
2015-05-19 21:00:00.000,2015,5,19,21,13004KT,19,09
2015-05-19 22:00:00.000,2015,5,19,22,16003KT,17,09
2015-05-19 23:00:00.000,2015,5,19,23,VRB02KT,16,11
2015-05-20 00:00:00.000,2015,5,20,0,03004KT,14,11
2015-05-20 01:00:00.000,2015,5,20,1,01003KT,13,11
2015-05-20 02:00:00.000,2015,5,20,2,02005KT,12,10
2015-05-20 03:00:00.000,2015,5,20,3,05006KT,12,09
2015-05-20 04:00:00.000,2015,5,20,4,14005KT,11,09
2015-05-20 05:00:00.000,2015,5,20,5,05006KT,11,09
2015-05-20 06:00:00.000,2015,5,20,6,05005KT,12,10
2015-05-20 07:00:00.000,2015,5,20,7,VRB02KT,12,10
2015-05-20 08:00:00.000,2015,5,20,8,VRB02KT,12,10
2015-05-20 09:00:00.000,2015,5,20,9,05005KT,11,09
2015-05-20 10:00:00.000,2015,5,20,10,VRB02KT,11,10
2015-05-20 10:30:00.000,2015,5,20,10,VRB02KT,12,10
2015-05-20 11:00:00.000,2015,5,20,11,VRB02KT,12,10
2015-05-20 12:00:00.000,2015,5,20,12,02003KT,13,11
2015-05-20 13:00:00.000,2015,5,20,13,03003KT,14,11
2015-05-20 14:00:00.000,2015,5,20,14,20005KT,16,11
2015-05-20 15:00:00.000,2015,5,20,15,15014KT,16,10
2015-05-20 16:00:00.000,2015,5,20,16,10014KT,17,09
2015-05-20 17:00:00.000,2015,5,20,17,09004KT,18,10
2015-05-20 18:00:00.000,2015,5,20,18,06011KT,20,09
2015-05-20 19:00:00.000,2015,5,20,19,10010KT,18,10
2015-05-20 20:00:00.000,2015,5,20,20,14008KT,19,09
2015-05-20 21:00:00.000,2015,5,20,21,16012KT,19,08
2015-05-20 22:00:00.000,2015,5,20,22,19010KT,18,09
2015-05-20 23:00:00.000,2015,5,20,23,09010KT,17,09
2015-05-21 00:00:00.000,2015,5,21,0,16009KT,15,10
2015-05-21 01:00:00.000,2015,5,21,1,210100Z,15,11
2015-05-21 02:00:00.000,2015,5,21,2,VRB02KT,14,11
2015-05-21 03:00:00.000,2015,5,21,3,VRB02KT,13,11
2015-05-21 04:00:00.000,2015,5,21,4,02003KT,13,11
2015-05-21 05:00:00.000,2015,5,21,5,VRB02KT,13,11
2015-05-21 06:00:00.000,2015,5,21,6,03003KT,13,11
2015-05-21 07:00:00.000,2015,5,21,7,05005KT,12,10
2015-05-21 08:00:00.000,2015,5,21,8,04003KT,12,10
2015-05-21 09:00:00.000,2015,5,21,9,02005KT,12,10
2015-05-21 10:00:00.000,2015,5,21,10,02005KT,11,10
2015-05-21 12:00:00.000,2015,5,21,12,06003KT,12,10
2015-05-21 13:00:00.000,2015,5,21,13,06006KT,15,10
2015-05-21 14:00:00.000,2015,5,21,14,12005KT,16,10
2015-05-21 15:00:00.000,2015,5,21,15,16010KT,17,10
2015-05-21 16:00:00.000,2015,5,21,16,13005KT,17,09
2015-05-21 17:00:00.000,2015,5,21,17,16012KT,18,09
2015-05-21 18:00:00.000,2015,5,21,18,10004KT,18,10
2015-05-21 19:00:00.000,2015,5,21,19,12008KT,19,09
2015-05-21 20:00:00.000,2015,5,21,20,15009KT,18,09
2015-05-21 21:00:00.000,2015,5,21,21,13010KT,19,08
2015-05-21 22:00:00.000,2015,5,21,22,07003KT,18,09
2015-05-21 23:00:00.000,2015,5,21,23,28003KT,16,10
2015-05-22 00:00:00.000,2015,5,22,0,27005KT,15,11
2015-05-22 01:00:00.000,2015,5,22,1,29004KT,14,11
2015-05-22 02:00:00.000,2015,5,22,2,VRB02KT,13,10
2015-05-22 03:00:00.000,2015,5,22,3,03004KT,13,11
2015-05-22 04:00:00.000,2015,5,22,4,03005KT,12,10
2015-05-22 05:00:00.000,2015,5,22,5,VRB02KT,13,11
2015-05-22 06:00:00.000,2015,5,22,6,01003KT,12,10
2015-05-22 07:00:00.000,2015,5,22,7,02004KT,12,10
2015-05-22 08:00:00.000,2015,5,22,8,01003KT,12,10
2015-05-22 09:00:00.000,2015,5,22,9,04004KT,12,10
2015-05-22 10:00:00.000,2015,5,22,10,04005KT,12,10
2015-05-22 10:30:00.000,2015,5,22,10,05003KT,11,10
2015-05-22 11:00:00.000,2015,5,22,11,04004KT,12,10
2015-05-22 12:00:00.000,2015,5,22,12,04004KT,13,11
2015-05-22 13:00:00.000,2015,5,22,13,04004KT,15,10
2015-05-22 14:00:00.000,2015,5,22,14,06006KT,16,10
2015-05-22 15:00:00.000,2015,5,22,15,07007KT,17,10
2015-05-22 16:00:00.000,2015,5,22,16,14007KT,17,10
2015-05-22 17:00:00.000,2015,5,22,17,07008KT,18,10
2015-05-22 18:00:00.000,2015,5,22,18,13008KT,19,09
2015-05-22 19:00:00.000,2015,5,22,19,08007KT,18,10
2015-05-22 20:00:00.000,2015,5,22,20,13015KT,20,08
2015-05-22 21:00:00.000,2015,5,22,21,13008KT,19,06
2015-05-22 22:00:00.000,2015,5,22,22,13008KT,19,06
2015-05-22 23:00:00.000,2015,5,22,23,12005KT,18,06
2015-05-23 00:00:00.000,2015,5,23,0,09006KT,16,09
2015-05-23 01:00:00.000,2015,5,23,1,34004KT,14,09
2015-05-23 02:00:00.000,2015,5,23,2,02005KT,14,09
2015-05-23 03:00:00.000,2015,5,23,3,VRB02KT,13,09
2015-05-23 04:00:00.000,2015,5,23,4,05006KT,12,09
2015-05-23 05:00:00.000,2015,5,23,5,02003KT,13,09
2015-05-23 06:00:00.000,2015,5,23,6,29003KT,11,09
2015-05-23 07:00:00.000,2015,5,23,7,VRB02KT,11,09
2015-05-23 08:00:00.000,2015,5,23,8,03004KT,11,09
2015-05-23 09:00:00.000,2015,5,23,9,VRB02KT,12,10
2015-05-23 10:00:00.000,2015,5,23,10,00000KT,11,10
2015-05-23 10:30:00.000,2015,5,23,10,06009KT,12,10
2015-05-23 11:00:00.000,2015,5,23,11,05006KT,12,10
2015-05-23 12:00:00.000,2015,5,23,12,05007KT,13,10
2015-05-23 13:00:00.000,2015,5,23,13,05008KT,13,10
2015-05-23 14:00:00.000,2015,5,23,14,09007KT,15,08
2015-05-23 14:43:00.000,2015,5,23,14,10009KT,17,08
2015-05-23 15:00:00.000,2015,5,23,15,11011KT,17,07
2015-05-23 16:00:00.000,2015,5,23,16,10009KT,17,08
2015-05-23 17:00:00.000,2015,5,23,17,11009KT,18,08
2015-05-23 18:00:00.000,2015,5,23,18,11008KT,19,09
2015-05-23 19:00:00.000,2015,5,23,19,08010KT,19,09
2015-05-23 20:00:00.000,2015,5,23,20,15012KT,19,09
2015-05-23 21:00:00.000,2015,5,23,21,11010KT,17,09
2015-05-23 22:00:00.000,2015,5,23,22,14015KT,17,09
2015-05-23 23:00:00.000,2015,5,23,23,08010KT,17,08
2015-05-24 00:00:00.000,2015,5,24,0,11008KT,16,07
2015-05-24 01:00:00.000,2015,5,24,1,06007KT,14,08
2015-05-24 02:00:00.000,2015,5,24,2,32004KT,13,09
2015-05-24 03:00:00.000,2015,5,24,3,04008KT,15,10
2015-05-24 04:00:00.000,2015,5,24,4,05006KT,14,10
2015-05-24 05:00:00.000,2015,5,24,5,06006KT,13,10
2015-05-24 06:00:00.000,2015,5,24,6,00000KT,13,10
2015-05-24 07:00:00.000,2015,5,24,7,06006KT,11,08
2015-05-24 08:00:00.000,2015,5,24,8,32004KT,10,08
2015-05-24 09:00:00.000,2015,5,24,9,06006KT,09,08
2015-05-24 10:00:00.000,2015,5,24,10,03004KT,08,07
2015-05-24 10:30:00.000,2015,5,24,10,02003KT,08,07
2015-05-24 11:00:00.000,2015,5,24,11,VRB02KT,08,07
2015-05-24 12:00:00.000,2015,5,24,12,05004KT,13,09
2015-05-24 13:00:00.000,2015,5,24,13,04004KT,14,09
2015-05-24 14:00:00.000,2015,5,24,14,VRB02KT,16,08
2015-05-24 15:00:00.000,2015,5,24,15,12008KT,18,08
2015-05-24 16:00:00.000,2015,5,24,16,14009KT,19,08
2015-05-24 17:00:00.000,2015,5,24,17,13011KT,19,07
2015-05-24 18:00:00.000,2015,5,24,18,13012KT,19,07
2015-05-24 19:00:00.000,2015,5,24,19,09008KT,19,06
2015-05-24 20:00:00.000,2015,5,24,20,13007KT,20,06
2015-05-24 21:00:00.000,2015,5,24,21,12003KT,19,07
2015-05-24 22:00:00.000,2015,5,24,22,10004KT,19,07
2015-05-24 23:00:00.000,2015,5,24,23,09003KT,17,08
2015-05-25 00:00:00.000,2015,5,25,0,05004KT,16,09
2015-05-25 01:00:00.000,2015,5,25,1,VRB02KT,15,10
2015-05-25 02:00:00.000,2015,5,25,2,03006KT,15,10
2015-05-25 06:00:00.000,2015,5,25,6,06005KT,13,10
2015-05-25 07:00:00.000,2015,5,25,7,06005KT,13,10
2015-05-25 07:30:00.000,2015,5,25,7,04004KT,13,10
2015-05-25 08:00:00.000,2015,5,25,8,05006KT,13,10
2015-05-25 09:00:00.000,2015,5,25,9,01003KT,12,10
2015-05-25 10:00:00.000,2015,5,25,10,06003KT,12,11
2015-05-25 10:30:00.000,2015,5,25,10,VRB02KT,12,11
2015-05-25 11:00:00.000,2015,5,25,11,VRB02KT,12,11
2015-05-25 13:00:00.000,2015,5,25,13,03004KT,14,11
2015-05-25 14:00:00.000,2015,5,25,14,08006KT,14,10
2015-05-25 15:00:00.000,2015,5,25,15,14004KT,15,10
2015-05-25 16:00:00.000,2015,5,25,16,13008KT,16,08
2015-05-25 17:00:00.000,2015,5,25,17,20006KT,16,08
2015-05-25 18:00:00.000,2015,5,25,18,14003KT,18,08
2015-05-25 19:00:00.000,2015,5,25,19,21004KT,18,08
2015-05-25 20:00:00.000,2015,5,25,20,05004KT,18,08
2015-05-25 21:00:00.000,2015,5,25,21,20008KT,19,06
2015-05-25 22:00:00.000,2015,5,25,22,14006KT,18,08
2015-05-26 00:00:00.000,2015,5,26,0,14005KT,16,09
2015-05-26 01:00:00.000,2015,5,26,1,05005KT,15,09
2015-05-26 02:00:00.000,2015,5,26,2,04006KT,14,09
2015-05-26 03:00:00.000,2015,5,26,3,04009KT,13,10
2015-05-26 04:00:00.000,2015,5,26,4,05007KT,13,10
2015-05-26 05:00:00.000,2015,5,26,5,04005KT,13,10
2015-05-26 06:00:00.000,2015,5,26,6,04004KT,11,10
2015-05-26 07:00:00.000,2015,5,26,7,05006KT,12,11
2015-05-26 08:00:00.000,2015,5,26,8,07005KT,12,11
2015-05-26 09:00:00.000,2015,5,26,9,02004KT,11,10
2015-05-26 10:00:00.000,2015,5,26,10,05004KT,11,10
2015-05-26 10:00:00.000,2015,5,26,10,04004KT,11,10
2015-05-26 11:00:00.000,2015,5,26,11,06006KT,12,10
2015-05-26 12:00:00.000,2015,5,26,12,04005KT,12,11
2015-05-26 13:00:00.000,2015,5,26,13,05007KT,14,10
2015-05-26 14:00:00.000,2015,5,26,14,06008KT,15,09
2015-05-26 15:00:00.000,2015,5,26,15,06008KT,16,09
2015-05-26 16:00:00.000,2015,5,26,16,13009KT,17,08
2015-05-26 17:00:00.000,2015,5,26,17,13010KT,19,08
2015-05-26 18:00:00.000,2015,5,26,18,13013KT,20,09
2015-05-26 19:00:00.000,2015,5,26,19,15010KT,21,08
2015-05-26 20:00:00.000,2015,5,26,20,11010KT,20,08
2015-05-26 21:00:00.000,2015,5,26,21,11010KT,20,08
2015-05-26 22:00:00.000,2015,5,26,22,20012KT,19,09
2015-05-26 23:00:00.000,2015,5,26,23,10008KT,16,08
2015-05-27 00:00:00.000,2015,5,27,0,29007KT,15,10
2015-05-27 01:00:00.000,2015,5,27,1,VRB02KT,14,10
2015-05-27 02:00:00.000,2015,5,27,2,27004KT,13,10
2015-05-27 03:00:00.000,2015,5,27,3,VRB02KT,13,09
2015-05-27 04:00:00.000,2015,5,27,4,VRB02KT,13,10
2015-05-27 05:00:00.000,2015,5,27,5,VRB02KT,13,10
2015-05-27 07:00:00.000,2015,5,27,7,03003KT,12,10
2015-05-27 08:00:00.000,2015,5,27,8,04005KT,12,10
2015-05-27 09:00:00.000,2015,5,27,9,05005KT,12,10
2015-05-27 10:00:00.000,2015,5,27,10,01004KT,12,10
2015-05-27 10:30:00.000,2015,5,27,10,02003KT,12,09
2015-05-27 11:00:00.000,2015,5,27,11,02003KT,11,09
2015-05-27 12:00:00.000,2015,5,27,12,04004KT,13,10
2015-05-27 13:00:00.000,2015,5,27,13,07007KT,15,11
2015-05-27 14:00:00.000,2015,5,27,14,03005KT,17,10
2015-05-27 15:00:00.000,2015,5,27,15,18009KT,17,09
2015-05-27 16:00:00.000,2015,5,27,16,14010KT,18,09
2015-05-27 17:00:00.000,2015,5,27,17,07010KT,18,09
2015-05-27 18:00:00.000,2015,5,27,18,14006KT,19,09
2015-05-27 19:00:00.000,2015,5,27,19,09008KT,18,09
2015-05-27 20:00:00.000,2015,5,27,20,02006KT,18,09
2015-05-27 21:00:00.000,2015,5,27,21,11010KT,18,09
2015-05-27 22:00:00.000,2015,5,27,22,11008KT,18,09
2015-05-27 23:00:00.000,2015,5,27,23,11006KT,17,09
2015-05-28 00:00:00.000,2015,5,28,0,10003KT,16,09
2015-05-28 01:00:00.000,2015,5,28,1,10004KT,16,09
2015-05-28 02:00:00.000,2015,5,28,2,13005KT,15,08
2015-05-28 03:00:00.000,2015,5,28,3,35005KT,13,10
2015-05-28 04:00:00.000,2015,5,28,4,05004KT,13,09
2015-05-28 05:00:00.000,2015,5,28,5,04003KT,12,10
2015-05-28 06:00:00.000,2015,5,28,6,VRB02KT,11,09
2015-05-28 07:00:00.000,2015,5,28,7,03004KT,11,09
2015-05-28 08:00:00.000,2015,5,28,8,05006KT,11,09
2015-05-28 09:00:00.000,2015,5,28,9,03004KT,10,09
2015-05-28 10:00:00.000,2015,5,28,10,33003KT,09,08
2015-05-28 10:30:00.000,2015,5,28,10,31003KT,10,09
2015-05-28 11:00:00.000,2015,5,28,11,VRB02KT,11,09
2015-05-28 11:10:00.000,2015,5,28,11,VRB02KT,11,09
2015-05-28 12:00:00.000,2015,5,28,12,VRB02KT,12,10
2015-05-28 12:35:00.000,2015,5,28,12,18008KT,15,11
2015-05-28 13:00:00.000,2015,5,28,13,20008KT,15,11
2015-05-28 14:00:00.000,2015,5,28,14,18007KT,16,10
2015-05-28 15:00:00.000,2015,5,28,15,17010KT,17,09
2015-05-28 16:00:00.000,2015,5,28,16,14012KT,18,09
2015-05-28 17:00:00.000,2015,5,28,17,17008KT,18,09
2015-05-28 18:00:00.000,2015,5,28,18,16014KT,18,08
2015-05-28 19:00:00.000,2015,5,28,19,16014KT,18,08
2015-05-28 20:00:00.000,2015,5,28,20,18010KT,18,09
2015-05-28 21:00:00.000,2015,5,28,21,20005KT,18,08
2015-05-28 22:00:00.000,2015,5,28,22,31006KT,15,11
2015-05-28 23:00:00.000,2015,5,28,23,30004KT,14,11
2015-05-29 00:00:00.000,2015,5,29,0,25006KT,14,10
2015-05-29 01:00:00.000,2015,5,29,1,04006KT,13,11
2015-05-29 01:15:00.000,2015,5,29,1,04006KT,13,11
2015-05-29 02:00:00.000,2015,5,29,2,04005KT,12,11
2015-05-29 02:15:00.000,2015,5,29,2,04005KT,12,11
2015-05-29 03:00:00.000,2015,5,29,3,06005KT,12,11
2015-05-29 03:30:00.000,2015,5,29,3,VRB02KT,12,11
2015-05-29 04:00:00.000,2015,5,29,4,VRB02KT,12,11
2015-05-29 05:00:00.000,2015,5,29,5,01003KT,12,11
2015-05-29 06:00:00.000,2015,5,29,6,36004KT,11,10
2015-05-29 07:00:00.000,2015,5,29,7,07007KT,12,11
2015-05-29 08:00:00.000,2015,5,29,8,03006KT,12,11
2015-05-29 09:00:00.000,2015,5,29,9,03004KT,12,10
2015-05-29 10:00:00.000,2015,5,29,10,VRB02KT,12,10
2015-05-29 10:30:00.000,2015,5,29,10,VRB02KT,12,10
2015-05-29 11:00:00.000,2015,5,29,11,06004KT,12,10
2015-05-29 12:00:00.000,2015,5,29,12,04005KT,12,11
2015-05-29 13:00:00.000,2015,5,29,13,05004KT,13,11
2015-05-29 14:00:00.000,2015,5,29,14,03004KT,15,11
2015-05-29 15:00:00.000,2015,5,29,15,03006KT,16,11
2015-05-29 16:00:00.000,2015,5,29,16,VRB02KT,16,11
2015-05-29 17:00:00.000,2015,5,29,17,05008KT,15,11
2015-05-29 18:00:00.000,2015,5,29,18,36004KT,15,12
2015-05-29 19:00:00.000,2015,5,29,19,01004KT,16,11
2015-05-29 20:00:00.000,2015,5,29,20,04005KT,17,12
2015-05-29 21:00:00.000,2015,5,29,21,03007KT,16,12
2015-05-29 22:00:00.000,2015,5,29,22,29006KT,15,13
2015-05-29 23:00:00.000,2015,5,29,23,30005KT,13,11
2015-05-30 00:00:00.000,2015,5,30,0,29003KT,12,11
2015-05-30 01:00:00.000,2015,5,30,1,VRB02KT,12,11
2015-05-30 02:00:00.000,2015,5,30,2,33004KT,11,10
2015-05-30 03:00:00.000,2015,5,30,3,35003KT,11,10
2015-05-30 04:00:00.000,2015,5,30,4,00000KT,10,10
2015-05-30 05:00:00.000,2015,5,30,5,00000KT,09,09
2015-05-30 06:00:00.000,2015,5,30,6,VRB02KT,08,08
2015-05-30 07:00:00.000,2015,5,30,7,34003KT,09,09
2015-05-30 08:00:00.000,2015,5,30,8,26003KT,09,09
2015-05-30 09:00:00.000,2015,5,30,9,VRB02KT,09,09
2015-05-30 10:00:00.000,2015,5,30,10,32003KT,09,09
2015-05-30 10:27:00.000,2015,5,30,10,35003KT,09,08
2015-05-30 11:00:00.000,2015,5,30,11,00000KT,09,09
2015-05-30 12:00:00.000,2015,5,30,12,VRB02KT,11,10
2015-05-30 13:00:00.000,2015,5,30,13,04004KT,13,11
2015-05-30 14:00:00.000,2015,5,30,14,VRB02KT,15,10
2015-05-30 15:00:00.000,2015,5,30,15,04004KT,16,10
2015-05-30 16:00:00.000,2015,5,30,16,02006KT,17,10
2015-05-30 17:00:00.000,2015,5,30,17,VRB02KT,17,10
2015-05-30 18:00:00.000,2015,5,30,18,03006KT,20,10
2015-05-30 18:20:00.000,2015,5,30,18,04012KT,19,10
2015-05-30 19:00:00.000,2015,5,30,19,05010KT,19,10
2015-05-30 20:00:00.000,2015,5,30,20,28008KT,17,12
2015-05-30 21:00:00.000,2015,5,30,21,26008KT,17,12
2015-05-30 21:30:00.000,2015,5,30,21,03010KT,17,12
2015-05-30 22:00:00.000,2015,5,30,22,07007KT,15,11
2015-05-30 23:00:00.000,2015,5,30,23,12010KT,15,10
2015-05-31 00:00:00.000,2015,5,31,0,03007KT,13,09
2015-05-31 01:00:00.000,2015,5,31,1,03006KT,13,09
2015-05-31 02:00:00.000,2015,5,31,2,03009KT,12,09
2015-05-31 03:00:00.000,2015,5,31,3,05006KT,11,09
2015-05-31 04:00:00.000,2015,5,31,4,01003KT,11,09
2015-05-31 05:00:00.000,2015,5,31,5,04003KT,10,09
2015-05-31 06:00:00.000,2015,5,31,6,31003KT,11,09
2015-05-31 07:00:00.000,2015,5,31,7,04003KT,10,09
2015-05-31 08:00:00.000,2015,5,31,8,00000KT,10,09
2015-05-31 09:00:00.000,2015,5,31,9,31005KT,09,08
2015-05-31 10:00:00.000,2015,5,31,10,05003KT,09,08
2015-05-31 10:30:00.000,2015,5,31,10,05008KT,10,09
2015-05-31 11:00:00.000,2015,5,31,11,05006KT,10,08
2015-05-31 12:00:00.000,2015,5,31,12,04007KT,10,09
2015-05-31 13:00:00.000,2015,5,31,13,05008KT,13,10
2015-05-31 14:00:00.000,2015,5,31,14,05008KT,15,10
2015-05-31 15:00:00.000,2015,5,31,15,06010KT,17,10
2015-05-31 16:00:00.000,2015,5,31,16,06010KT,16,11
2015-05-31 17:00:00.000,2015,5,31,17,07011KT,17,10
2015-05-31 18:00:00.000,2015,5,31,18,07010KT,18,08
2015-05-31 19:00:00.000,2015,5,31,19,07008KT,17,08
2015-05-31 19:29:00.000,2015,5,31,19,18010KT,17,10
2015-05-31 20:00:00.000,2015,5,31,20,14010KT,15,11
2015-05-31 20:26:00.000,2015,5,31,20,06004KT,15,12
2015-05-31 21:00:00.000,2015,5,31,21,08003KT,17,12
2015-05-31 22:00:00.000,2015,5,31,22,09009KT,18,09
2015-05-31 23:00:00.000,2015,5,31,23,13010KT,16,08
2015-06-01 00:00:00.000,2015,6,1,0,13004KT,15,09
2015-06-01 01:00:00.000,2015,6,1,1,02003KT,14,10
2015-06-01 02:00:00.000,2015,6,1,2,06006KT,14,10
2015-06-01 03:00:00.000,2015,6,1,3,06004KT,13,10
2015-06-01 04:00:00.000,2015,6,1,4,04003KT,12,10
2015-06-01 05:00:00.000,2015,6,1,5,36003KT,10,09
2015-06-01 06:00:00.000,2015,6,1,6,VRB02KT,11,10
2015-06-01 07:00:00.000,2015,6,1,7,VRB02KT,11,10
2015-06-01 08:00:00.000,2015,6,1,8,VRB02KT,11,10
2015-06-01 09:00:00.000,2015,6,1,9,05005KT,11,11
2015-06-01 10:00:00.000,2015,6,1,10,VRB02KT,11,10
2015-06-01 10:30:00.000,2015,6,1,10,00000KT,11,10
2015-06-01 11:00:00.000,2015,6,1,11,VRB02KT,11,11
2015-06-01 12:00:00.000,2015,6,1,12,35003KT,13,12
2015-06-01 13:00:00.000,2015,6,1,13,04004KT,14,12
2015-06-01 14:00:00.000,2015,6,1,14,04010KT,15,11
2015-06-01 15:00:00.000,2015,6,1,15,05010KT,15,11
2015-06-01 16:00:00.000,2015,6,1,16,13006KT,17,10
2015-06-01 17:00:00.000,2015,6,1,17,14005KT,16,11
2015-06-01 18:00:00.000,2015,6,1,18,10003KT,18,10
2015-06-01 19:00:00.000,2015,6,1,19,19010KT,19,10
2015-06-01 20:00:00.000,2015,6,1,20,16010KT,19,08
2015-06-01 21:00:00.000,2015,6,1,21,16010KT,19,08
2015-06-01 22:00:00.000,2015,6,1,22,10012KT,18,08
2015-06-01 23:00:00.000,2015,6,1,23,10007KT,17,09
2015-06-02 00:00:00.000,2015,6,2,0,12006KT,15,09
2015-06-02 01:00:00.000,2015,6,2,1,12006KT,15,09
2015-06-02 02:00:00.000,2015,6,2,2,11006KT,15,08
2015-06-02 03:00:00.000,2015,6,2,3,05005KT,14,10
2015-06-02 04:00:00.000,2015,6,2,4,07005KT,12,09
2015-06-02 05:00:00.000,2015,6,2,5,08004KT,13,09
2015-06-02 06:00:00.000,2015,6,2,6,07003KT,12,09
2015-06-02 07:00:00.000,2015,6,2,7,06005KT,12,09
2015-06-02 08:00:00.000,2015,6,2,8,06006KT,11,09
2015-06-02 09:00:00.000,2015,6,2,9,05007KT,12,10
2015-06-02 10:00:00.000,2015,6,2,10,06003KT,11,09
2015-06-02 10:30:00.000,2015,6,2,10,07004KT,11,09
2015-06-02 11:00:00.000,2015,6,2,11,00000KT,11,09
2015-06-02 12:00:00.000,2015,6,2,12,04005KT,13,10
2015-06-02 13:00:00.000,2015,6,2,13,12012KT,16,10
2015-06-02 14:00:00.000,2015,6,2,14,13012KT,18,10
2015-06-02 15:00:00.000,2015,6,2,15,15012KT,18,09
2015-06-02 16:00:00.000,2015,6,2,16,17010KT,18,09
2015-06-02 17:00:00.000,2015,6,2,17,20007KT,18,09
2015-06-02 18:00:00.000,2015,6,2,18,13016KT,18,09
2015-06-02 19:00:00.000,2015,6,2,19,14010KT,18,11
2015-06-02 20:00:00.000,2015,6,2,20,13013KT,18,10
2015-06-02 21:00:00.000,2015,6,2,21,14012KT,18,09
2015-06-02 22:00:00.000,2015,6,2,22,13010KT,17,09
2015-06-02 23:00:00.000,2015,6,2,23,14011KT,16,09
2015-06-03 00:00:00.000,2015,6,3,0,15011KT,15,09
2015-06-03 01:00:00.000,2015,6,3,1,12006KT,14,09
2015-06-03 02:00:00.000,2015,6,3,2,00000KT,14,10
2015-06-03 03:00:00.000,2015,6,3,3,VRB02KT,13,10
2015-06-03 04:00:00.000,2015,6,3,4,14007KT,13,09
2015-06-03 05:00:00.000,2015,6,3,5,08003KT,13,09
2015-06-03 06:00:00.000,2015,6,3,6,34003KT,11,09
2015-06-03 07:00:00.000,2015,6,3,7,02003KT,12,10
2015-06-03 08:00:00.000,2015,6,3,8,03007KT,11,10
2015-06-03 09:00:00.000,2015,6,3,9,02003KT,11,10
2015-06-03 10:00:00.000,2015,6,3,10,VRB02KT,11,10
2015-06-03 10:30:00.000,2015,6,3,10,VRB02KT,10,09
2015-06-03 11:00:00.000,2015,6,3,11,VRB02KT,09,08
2015-06-03 12:00:00.000,2015,6,3,12,10005KT,13,11
2015-06-03 13:00:00.000,2015,6,3,13,04007KT,14,09
2015-06-03 14:00:00.000,2015,6,3,14,14008KT,16,09
2015-06-03 15:00:00.000,2015,6,3,15,13009KT,17,08
2015-06-03 16:00:00.000,2015,6,3,16,13016KT,18,10
2015-06-03 17:00:00.000,2015,6,3,17,12010KT,18,09
2015-06-03 18:00:00.000,2015,6,3,18,18014KT,18,08
2015-06-03 19:00:00.000,2015,6,3,19,16011KT,19,09
2015-06-03 20:00:00.000,2015,6,3,20,15013KT,19,08
2015-06-03 21:00:00.000,2015,6,3,21,15007KT,18,07
2015-06-03 22:00:00.000,2015,6,3,22,09005KT,18,08
2015-06-03 23:00:00.000,2015,6,3,23,10006KT,17,08
2015-06-04 00:00:00.000,2015,6,4,0,13006KT,16,08
2015-06-04 01:00:00.000,2015,6,4,1,09006KT,15,09
2015-06-04 02:00:00.000,2015,6,4,2,11005KT,15,09
2015-06-04 03:00:00.000,2015,6,4,3,12007KT,15,08
2015-06-04 04:00:00.000,2015,6,4,4,10004KT,15,09
2015-06-04 05:00:00.000,2015,6,4,5,05005KT,14,10
2015-06-04 06:00:00.000,2015,6,4,6,05004KT,12,10
2015-06-04 07:00:00.000,2015,6,4,7,07004KT,11,10
2015-06-04 08:00:00.000,2015,6,4,8,36003KT,11,10
2015-06-04 09:00:00.000,2015,6,4,9,VRB02KT,12,10
2015-06-04 10:00:00.000,2015,6,4,10,36003KT,11,09
2015-06-04 10:30:00.000,2015,6,4,10,35003KT,11,10
2015-06-04 11:00:00.000,2015,6,4,11,03003KT,11,10
2015-06-04 11:09:00.000,2015,6,4,11,02004KT,12,10
2015-06-04 12:00:00.000,2015,6,4,12,06003KT,12,11
2015-06-04 12:10:00.000,2015,6,4,12,06003KT,12,11
2015-06-04 13:00:00.000,2015,6,4,13,03003KT,13,11
2015-06-04 14:00:00.000,2015,6,4,14,07003KT,15,11
2015-06-04 15:00:00.000,2015,6,4,15,28004KT,16,11
2015-06-04 16:00:00.000,2015,6,4,16,19006KT,17,10
2015-06-04 17:00:00.000,2015,6,4,17,18012KT,18,09
2015-06-04 18:00:00.000,2015,6,4,18,15006KT,17,10
2015-06-04 19:00:00.000,2015,6,4,19,14012KT,18,09
2015-06-04 20:00:00.000,2015,6,4,20,12006KT,19,09
2015-06-04 21:00:00.000,2015,6,4,21,12008KT,18,09
2015-06-04 22:00:00.000,2015,6,4,22,16011KT,17,08
2015-06-04 23:00:00.000,2015,6,4,23,14010KT,16,08
2015-06-05 00:00:00.000,2015,6,5,0,07006KT,15,08
2015-06-05 01:00:00.000,2015,6,5,1,10005KT,14,09
2015-06-05 02:00:00.000,2015,6,5,2,09004KT,13,08
2015-06-05 03:00:00.000,2015,6,5,3,VRB02KT,14,08
2015-06-05 04:00:00.000,2015,6,5,4,05006KT,13,10
2015-06-05 05:00:00.000,2015,6,5,5,04004KT,13,10
2015-06-05 06:00:00.000,2015,6,5,6,05004KT,12,09
2015-06-05 07:00:00.000,2015,6,5,7,VRB02KT,11,10
2015-06-05 08:00:00.000,2015,6,5,8,VRB02KT,12,10
2015-06-05 09:00:00.000,2015,6,5,9,VRB02KT,11,10
2015-06-05 10:00:00.000,2015,6,5,10,33003KT,10,09
2015-06-05 10:30:00.000,2015,6,5,10,VRB2KT,09,08
2015-06-05 11:00:00.000,2015,6,5,11,30003KT,10,09
2015-06-05 12:00:00.000,2015,6,5,12,33003KT,11,10
2015-06-05 13:00:00.000,2015,6,5,13,05005KT,13,11
2015-06-05 14:00:00.000,2015,6,5,14,08006KT,15,10
2015-06-05 15:00:00.000,2015,6,5,15,16011KT,16,09
2015-06-05 16:00:00.000,2015,6,5,16,19009KT,16,10
2015-06-05 17:00:00.000,2015,6,5,17,03008KT,13,12
2015-06-05 18:00:00.000,2015,6,5,18,04005KT,14,12
2015-06-05 18:28:00.000,2015,6,5,18,09003KT,15,11
2015-06-05 19:00:00.000,2015,6,5,19,VRB02KT,17,13
2015-06-05 20:00:00.000,2015,6,5,20,10003KT,17,09
2015-06-05 21:00:00.000,2015,6,5,21,15009KT,18,08
2015-06-05 22:00:00.000,2015,6,5,22,12009KT,17,08
2015-06-05 23:00:00.000,2015,6,5,23,14009KT,15,08
2015-06-06 00:00:00.000,2015,6,6,0,11004KT,15,09
2015-06-06 01:00:00.000,2015,6,6,1,10005KT,14,09
2015-06-06 02:00:00.000,2015,6,6,2,13003KT,13,09
2015-06-06 03:00:00.000,2015,6,6,3,03004KT,13,09
2015-06-06 04:00:00.000,2015,6,6,4,00000KT,12,10
2015-06-06 05:00:00.000,2015,6,6,5,35003KT,12,10
2015-06-06 06:00:00.000,2015,6,6,6,36003KT,12,10
2015-06-06 07:00:00.000,2015,6,6,7,VRB02KT,12,10
2015-06-06 08:00:00.000,2015,6,6,8,00000KT,11,10
2015-06-06 09:00:00.000,2015,6,6,9,33003KT,11,09
2015-06-06 10:00:00.000,2015,6,6,10,VRB02KT,11,09
2015-06-06 10:30:00.000,2015,6,6,10,VRB02KT,10,09
2015-06-06 11:00:00.000,2015,6,6,11,VRB02KT,10,09
2015-06-06 11:32:00.000,2015,6,6,11,VRB02KT,11,10
2015-06-06 11:42:00.000,2015,6,6,11,VRB02KT,11,11
2015-06-06 12:00:00.000,2015,6,6,12,03005KT,13,12
2015-06-06 13:00:00.000,2015,6,6,13,03006KT,14,11
2015-06-06 13:20:00.000,2015,6,6,13,03006KT,14,11
2015-06-06 14:00:00.000,2015,6,6,14,15005KT,13,12
2015-06-06 14:12:00.000,2015,6,6,14,15008KT,14,12
2015-06-06 14:32:00.000,2015,6,6,14,13005KT,14,11
2015-06-06 15:00:00.000,2015,6,6,15,13005KT,15,11
2015-06-06 16:00:00.000,2015,6,6,16,10010KT,17,12
2015-06-06 17:00:00.000,2015,6,6,17,12008KT,18,11
2015-06-06 18:00:00.000,2015,6,6,18,10009KT,18,09
2015-06-06 19:00:00.000,2015,6,6,19,06008KT,16,10
2015-06-06 20:00:00.000,2015,6,6,20,13009KT,19,08
2015-06-06 21:00:00.000,2015,6,6,21,09007KT,19,08
2015-06-06 22:00:00.000,2015,6,6,22,10003KT,18,07
2015-06-06 23:00:00.000,2015,6,6,23,05003KT,17,08
2015-06-07 00:00:00.000,2015,6,7,0,VRB02KT,15,12
2015-06-07 01:00:00.000,2015,6,7,1,VRB02KT,12,11
2015-06-07 02:00:00.000,2015,6,7,2,VRB02KT,12,11
2015-06-07 03:00:00.000,2015,6,7,3,04003KT,10,09
2015-06-07 04:00:00.000,2015,6,7,4,06003KT,10,09
2015-06-07 05:00:00.000,2015,6,7,5,08003KT,10,08
2015-06-07 06:00:00.000,2015,6,7,6,04007KT,12,10
2015-06-07 07:00:00.000,2015,6,7,7,VRB02KT,09,08
2015-06-07 08:00:00.000,2015,6,7,8,03005KT,08,07
2015-06-07 09:00:00.000,2015,6,7,9,VRB02KT,09,08
2015-06-07 10:00:00.000,2015,6,7,10,VRB02KT,08,07
2015-06-07 10:30:00.000,2015,6,7,10,VRB02KT,08,07
2015-06-07 11:00:00.000,2015,6,7,11,VRB02KT,08,07
2015-06-07 12:00:00.000,2015,6,7,12,34003KT,09,08
2015-06-07 13:00:00.000,2015,6,7,13,32003KT,11,09
2015-06-07 14:00:00.000,2015,6,7,14,03004KT,14,10
2015-06-07 15:00:00.000,2015,6,7,15,20004KT,18,08
2015-06-07 16:00:00.000,2015,6,7,16,20010KT,19,09
2015-06-07 17:00:00.000,2015,6,7,17,13010KT,18,09
2015-06-07 18:00:00.000,2015,6,7,18,11007KT,19,08
2015-06-07 19:00:00.000,2015,6,7,19,36004KT,17,11
2015-06-07 20:00:00.000,2015,6,7,20,01005KT,17,10
2015-06-07 21:00:00.000,2015,6,7,21,08003KT,17,09
2015-06-07 22:00:00.000,2015,6,7,22,21005KT,16,10
2015-06-07 23:00:00.000,2015,6,7,23,11004KT,15,10
2015-06-08 00:00:00.000,2015,6,8,0,11006KT,16,09
2015-06-08 01:00:00.000,2015,6,8,1,08003KT,,
2015-06-08 02:00:00.000,2015,6,8,2,06005KT,14,09
2015-06-08 03:00:00.000,2015,6,8,3,00000KT,14,10
2015-06-08 04:00:00.000,2015,6,8,4,04006KT,13,10
2015-06-08 05:00:00.000,2015,6,8,5,01005KT,13,10
2015-06-08 06:00:00.000,2015,6,8,6,04007KT,12,10
2015-06-08 07:00:00.000,2015,6,8,7,04003KT,11,09
2015-06-08 08:00:00.000,2015,6,8,8,07003KT,11,09
2015-06-08 09:00:00.000,2015,6,8,9,04007KT,12,09
2015-06-08 10:00:00.000,2015,6,8,10,06005KT,11,09
2015-06-08 10:30:00.000,2015,6,8,10,05005KT,11,09
2015-06-08 11:00:00.000,2015,6,8,11,06003KT,11,09
2015-06-08 12:00:00.000,2015,6,8,12,05005KT,12,09
2015-06-08 13:00:00.000,2015,6,8,13,04004KT,13,09
2015-06-08 14:00:00.000,2015,6,8,14,05006KT,14,08
2015-06-08 15:00:00.000,2015,6,8,15,10007KT,15,08
2015-06-08 16:00:00.000,2015,6,8,16,10008KT,16,08
2015-06-08 17:00:00.000,2015,6,8,17,11005KT,17,08
2015-06-08 18:00:00.000,2015,6,8,18,14012KT,17,08
2015-06-08 19:00:00.000,2015,6,8,19,17010KT,18,09
2015-06-08 20:00:00.000,2015,6,8,20,13008KT,17,08
2015-06-08 21:00:00.000,2015,6,8,21,10006KT,17,09
2015-06-08 22:00:00.000,2015,6,8,22,06004KT,17,09
2015-06-08 23:00:00.000,2015,6,8,23,04005KT,14,09
2015-06-09 00:00:00.000,2015,6,9,0,25005KT,13,10
2015-06-09 01:00:00.000,2015,6,9,1,VRB02KT,14,10
2015-06-09 02:00:00.000,2015,6,9,2,VRB02KT,14,09
2015-06-09 03:00:00.000,2015,6,9,3,VRB02KT,14,10
2015-06-09 04:00:00.000,2015,6,9,4,VRB02KT,13,10
2015-06-09 05:00:00.000,2015,6,9,5,VRB02KT,12,10
2015-06-09 06:00:00.000,2015,6,9,6,00000KT,26,34
2015-06-09 07:00:00.000,2015,6,9,7,VRB03KT,12,09
2015-06-09 08:00:00.000,2015,6,9,8,VRB02KT,11,09
2015-06-09 09:00:00.000,2015,6,9,9,VRB02KT,12,09
2015-06-09 09:12:00.000,2015,6,9,9,VRB02KT,12,09
2015-06-09 10:00:00.000,2015,6,9,10,VRB02KT,11,10
2015-06-09 10:00:00.000,2015,6,9,10,VRB02KT,11,10
2015-06-09 11:00:00.000,2015,6,9,11,05005KT,12,10
2015-06-09 12:00:00.000,2015,6,9,12,05005KT,12,10
2015-06-09 13:00:00.000,2015,6,9,13,04006KT,13,10
2015-06-09 14:00:00.000,2015,6,9,14,08005KT,15,10
2015-06-09 15:00:00.000,2015,6,9,15,08005KT,17,10
2015-06-09 16:00:00.000,2015,6,9,16,14011KT,18,07
2015-06-09 17:00:00.000,2015,6,9,17,14008KT,18,08
2015-06-09 18:00:00.000,2015,6,9,18,15009KT,18,08
2015-06-09 19:00:00.000,2015,6,9,19,17008KT,20,08
2015-06-09 20:00:00.000,2015,6,9,20,17005KT,19,07
2015-06-09 21:00:00.000,2015,6,9,21,31008KT,17,12
2015-06-09 22:00:00.000,2015,6,9,22,28007KT,16,12
2015-06-09 23:00:00.000,2015,6,9,23,23006KT,15,12
2015-06-09 23:16:00.000,2015,6,9,23,26009KT,14,12
2015-06-10 00:00:00.000,2015,6,10,0,VRB02KT,14,12
2015-06-10 00:05:00.000,2015,6,10,0,VRB02KT,14,12
2015-06-10 01:00:00.000,2015,6,10,1,25003KT,14,12
2015-06-10 02:00:00.000,2015,6,10,2,17004KT,14,12
2015-06-10 03:00:00.000,2015,6,10,3,VRB02KT,13,12
2015-06-10 04:00:00.000,2015,6,10,4,03005KT,13,11
2015-06-10 05:00:00.000,2015,6,10,5,04007KT,12,09
2015-06-10 06:00:00.000,2015,6,10,6,07006KT,11,06
2015-06-10 07:00:00.000,2015,6,10,7,04008KT,10,06
2015-06-10 08:00:00.000,2015,6,10,8,04006KT,11,06
2015-06-10 09:00:00.000,2015,6,10,9,03007KT,11,07
2015-06-10 10:00:00.000,2015,6,10,10,04005KT,11,06
2015-06-10 10:30:00.000,2015,6,10,10,05008KT,11,06
2015-06-10 11:00:00.000,2015,6,10,11,05008KT,11,07
2015-06-10 12:00:00.000,2015,6,10,12,07004KT,12,07
2015-06-10 13:00:00.000,2015,6,10,13,06005KT,13,07
2015-06-10 14:00:00.000,2015,6,10,14,02004KT,14,06
2015-06-10 15:00:00.000,2015,6,10,15,08008KT,17,06
2015-06-10 16:00:00.000,2015,6,10,16,13010KT,18,06
2015-06-10 17:00:00.000,2015,6,10,17,14011KT,17,06
2015-06-10 18:00:00.000,2015,6,10,18,11010KT,19,07
2015-06-10 19:00:00.000,2015,6,10,19,14012KT,19,08
2015-06-10 20:00:00.000,2015,6,10,20,11009KT,19,07
2015-06-10 21:00:00.000,2015,6,10,21,14009KT,18,07
2015-06-10 22:00:00.000,2015,6,10,22,18013KT,18,07
2015-06-10 23:00:00.000,2015,6,10,23,16011KT,17,07
2015-06-11 00:00:00.000,2015,6,11,0,16009KT,16,08
2015-06-11 01:00:00.000,2015,6,11,1,14006KT,15,08
2015-06-11 02:00:00.000,2015,6,11,2,VRB02KT,15,10
2015-06-11 03:00:00.000,2015,6,11,3,VRB02KT,14,09
2015-06-11 04:00:00.000,2015,6,11,4,04006KT,12,09
2015-06-11 05:00:00.000,2015,6,11,5,01003KT,12,09
2015-06-11 06:00:00.000,2015,6,11,6,04006KT,11,09
2015-06-11 07:00:00.000,2015,6,11,7,VRB02KT,11,09
2015-06-11 08:00:00.000,2015,6,11,8,25004KT,11,09
2015-06-11 09:00:00.000,2015,6,11,9,VRB02KT,10,09
2015-06-11 10:00:00.000,2015,6,11,10,VRB02KT,10,09
2015-06-11 10:30:00.000,2015,6,11,10,04003KT,11,10
2015-06-11 11:00:00.000,2015,6,11,11,03003KT,11,10
2015-06-11 12:00:00.000,2015,6,11,12,04007KT,12,09
2015-06-11 12:10:00.000,2015,6,11,12,05006KT,12,10
2015-06-11 13:00:00.000,2015,6,11,13,05004KT,12,11
2015-06-11 14:00:00.000,2015,6,11,14,VRB02KT,13,11
2015-06-11 15:00:00.000,2015,6,11,15,17008KT,15,11
2015-06-11 16:00:00.000,2015,6,11,16,15006KT,16,10
2015-06-11 17:00:00.000,2015,6,11,17,17014KT,16,09
2015-06-11 18:00:00.000,2015,6,11,18,17012KT,15,08
2015-06-11 19:00:00.000,2015,6,11,19,17008KT,15,10
2015-06-11 20:00:00.000,2015,6,11,20,13011KT,16,09
2015-06-11 21:00:00.000,2015,6,11,21,12011KT,16,08
2015-06-11 22:00:00.000,2015,6,11,22,04005KT,15,07
2015-06-11 23:00:00.000,2015,6,11,23,03008KT,13,09
2015-06-12 00:00:00.000,2015,6,12,0,04008KT,12,08
2015-06-12 01:00:00.000,2015,6,12,1,05007KT,12,08
2015-06-12 02:00:00.000,2015,6,12,2,07004KT,13,08
2015-06-12 03:00:00.000,2015,6,12,3,32003KT,12,08
2015-06-12 04:00:00.000,2015,6,12,4,08005KT,11,08
2015-06-12 05:00:00.000,2015,6,12,5,04005KT,10,08
2015-06-12 06:00:00.000,2015,6,12,6,28003KT,10,08
2015-06-12 07:00:00.000,2015,6,12,7,VRB02KT,10,08
2015-06-12 08:00:00.000,2015,6,12,8,03007KT,10,08
2015-06-12 09:00:00.000,2015,6,12,9,07004KT,12,08
2015-06-12 10:00:00.000,2015,6,12,10,08003KT,13,09
2015-06-12 11:00:00.000,2015,6,12,11,04006KT,11,09
2015-06-12 13:00:00.000,2015,6,12,13,07008KT,14,10
2015-06-12 14:00:00.000,2015,6,12,14,09008KT,17,09
2015-06-12 15:00:00.000,2015,6,12,15,09007KT,17,08
2015-06-12 16:00:00.000,2015,6,12,16,14011KT,17,08
2015-06-12 17:00:00.000,2015,6,12,17,15013KT,18,08
2015-06-12 18:00:00.000,2015,6,12,18,13015KT,18,08
2015-06-12 19:00:00.000,2015,6,12,19,16013KT,18,08
2015-06-12 20:00:00.000,2015,6,12,20,14011KT,15,10
2015-06-12 21:00:00.000,2015,6,12,21,14011KT,16,10
2015-06-12 22:00:00.000,2015,6,12,22,03005KT,17,10
2015-06-12 23:00:00.000,2015,6,12,23,05007KT,16,09
2015-06-13 00:00:00.000,2015,6,13,0,05004KT,14,08
2015-06-13 01:00:00.000,2015,6,13,1,08005KT,13,08
2015-06-13 02:00:00.000,2015,6,13,2,35004KT,11,08
2015-06-13 03:00:00.000,2015,6,13,3,VRB02KT,11,08
2015-06-13 04:00:00.000,2015,6,13,4,04006KT,10,08
2015-06-13 05:00:00.000,2015,6,13,5,05005KT,10,07
2015-06-13 06:00:00.000,2015,6,13,6,03005KT,09,08
2015-06-13 07:00:00.000,2015,6,13,7,35004KT,10,08
2015-06-13 08:00:00.000,2015,6,13,8,17004KT,10,09
2015-06-13 09:00:00.000,2015,6,13,9,VRB02T,10,09
2015-06-13 10:00:00.000,2015,6,13,10,04004KT,10,01
2015-06-13 10:30:00.000,2015,6,13,10,VRB02KT,11,10
2015-06-13 11:00:00.000,2015,6,13,11,05004KT,11,10
2015-06-13 12:00:00.000,2015,6,13,12,05004KT,11,10
2015-06-13 13:00:00.000,2015,6,13,13,06006KT,12,11
2015-06-13 14:00:00.000,2015,6,13,14,05006KT,13,09
2015-06-13 15:00:00.000,2015,6,13,15,06007KT,14,10
2015-06-13 16:00:00.000,2015,6,13,16,11010KT,16,10
2015-06-13 17:00:00.000,2015,6,13,17,12008KT,17,09
2015-06-13 18:00:00.000,2015,6,13,18,13012KT,18,08
2015-06-13 19:00:00.000,2015,6,13,19,12005KT,18,07
2015-06-13 20:00:00.000,2015,6,13,20,08005KT,19,08
2015-06-13 21:00:00.000,2015,6,13,21,11007KT,18,07
2015-06-13 22:00:00.000,2015,6,13,22,14003KT,17,08
2015-06-13 23:00:00.000,2015,6,13,23,05008KT,15,09
2015-06-14 00:00:00.000,2015,6,14,0,13007KT,14,09
2015-06-14 01:00:00.000,2015,6,14,1,07006KT,13,09
2015-06-14 02:00:00.000,2015,6,14,2,07006KT,14,09
2015-06-14 03:00:00.000,2015,6,14,3,05006KT,13,08
2015-06-14 04:00:00.000,2015,6,14,4,36003KT,12,09
2015-06-14 05:00:00.000,2015,6,14,5,05003KT,10,08
2015-06-14 06:00:00.000,2015,6,14,6,36004KT,12,09
2015-06-14 07:00:00.000,2015,6,14,7,18002KT,11,09
2015-06-14 08:00:00.000,2015,6,14,8,06003KT,10,08
2015-06-14 09:00:00.000,2015,6,14,9,070005KT,12,10
2015-06-14 10:00:00.000,2015,6,14,10,04003KT,10,09
2015-06-14 10:26:00.000,2015,6,14,10,04004KT,11,09
2015-06-14 11:00:00.000,2015,6,14,11,05006KT,11,09
2015-06-14 12:00:00.000,2015,6,14,12,04006KT,11,09
2015-06-14 12:41:00.000,2015,6,14,12,06006KT,13,10
2015-06-14 13:00:00.000,2015,6,14,13,06006KT,14,10
2015-06-14 14:00:00.000,2015,6,14,14,04004KT,16,09
2015-06-14 15:00:00.000,2015,6,14,15,10007KT,17,08
2015-06-14 16:00:00.000,2015,6,14,16,12007KT,18,09
2015-06-14 16:33:00.000,2015,6,14,16,07007KT,16,11
2015-06-14 17:00:00.000,2015,6,14,17,09007KT,17,10
2015-06-14 18:00:00.000,2015,6,14,18,17004KT,19,10
2015-06-14 19:00:00.000,2015,6,14,19,15012KT,19,10
2015-06-14 20:00:00.000,2015,6,14,20,06010KT,18,10
2015-06-14 21:00:00.000,2015,6,14,21,10008KT,18,11
2015-06-14 21:30:00.000,2015,6,14,21,10006G17KT,15,11
2015-06-14 22:00:00.000,2015,6,14,22,12010KT,15,11
2015-06-14 23:00:00.000,2015,6,14,23,06010KT,15,10
2015-06-15 00:00:00.000,2015,6,15,0,04006KT,14,09
2015-06-15 01:00:00.000,2015,6,15,1,VRB02KT,14,10
2015-06-15 02:00:00.000,2015,6,15,2,07004KT,15,09
2015-06-15 03:00:00.000,2015,6,15,3,06004KT,13,10
2015-06-15 04:00:00.000,2015,6,15,4,10003KT,14,09
2015-06-15 05:00:00.000,2015,6,15,5,10003KT,13,09
2015-06-15 06:00:00.000,2015,6,15,6,34004KT,10,08
2015-06-15 07:00:00.000,2015,6,15,7,VRB02KT,10,09
2015-06-15 08:00:00.000,2015,6,15,8,VRB02KT,10,09
2015-06-15 09:00:00.000,2015,6,15,9,VRB02KT,11,09
2015-06-15 10:00:00.000,2015,6,15,10,VRB02KT,11,10
2015-06-15 10:30:00.000,2015,6,15,10,VRB02KT,11,10
2015-06-15 11:00:00.000,2015,6,15,11,VRB02KT,11,09
2015-06-15 12:00:00.000,2015,6,15,12,04004KT,13,11
2015-06-15 13:00:00.000,2015,6,15,13,06004KT,14,11
2015-06-15 14:00:00.000,2015,6,15,14,VRB02KT,15,10
2015-06-15 15:00:00.000,2015,6,15,15,05006KT,16,10
2015-06-15 16:00:00.000,2015,6,15,16,03008KT,16,12
2015-06-15 17:00:00.000,2015,6,15,17,10010KT,19,08
2015-06-15 18:00:00.000,2015,6,15,18,10012KT,18,10
2015-06-15 19:00:00.000,2015,6,15,19,10008KT,18,08
2015-06-15 20:00:00.000,2015,6,15,20,12012KT,18,10
2015-06-15 21:00:00.000,2015,6,15,21,06008KT,18,09
2015-06-15 22:00:00.000,2015,6,15,22,12006KT,17,08
2015-06-15 22:25:00.000,2015,6,15,22,10008KT,15,10
2015-06-15 23:00:00.000,2015,6,15,23,13006KT,14,10
2015-06-16 00:00:00.000,2015,6,16,0,13006KT,13,10
2015-06-16 01:00:00.000,2015,6,16,1,06007KT,14,09
2015-06-16 02:00:00.000,2015,6,16,2,07005KT,13,10
2015-06-16 03:00:00.000,2015,6,16,3,03004KT,12,10
2015-06-16 04:00:00.000,2015,6,16,4,04006KT,12,10
2015-06-16 05:00:00.000,2015,6,16,5,04004KT,12,10
2015-06-16 06:00:00.000,2015,6,16,6,05003KT,12,10
2015-06-16 07:00:00.000,2015,6,16,7,VRB02KT,12,10
2015-06-16 08:00:00.000,2015,6,16,8,VRB02KT,11,10
2015-06-16 09:00:00.000,2015,6,16,9,35003KT,11,09
2015-06-16 10:00:00.000,2015,6,16,10,VRB02KT,10,08
2015-06-16 11:00:00.000,2015,6,16,11,07008KT,11,09
2015-06-16 12:00:00.000,2015,6,16,12,03006KT,14,10
2015-06-16 13:00:00.000,2015,6,16,13,11010KT,16,10
2015-06-16 14:00:00.000,2015,6,16,14,13010KT,17,09
2015-06-16 15:00:00.000,2015,6,16,15,13010G25KT,17,09
2015-06-16 16:00:00.000,2015,6,16,16,15015KT,18,09
2015-06-16 17:00:00.000,2015,6,16,17,15020KT,18,09
2015-06-16 18:00:00.000,2015,6,16,18,16016KT,19,08
2015-06-16 19:00:00.000,2015,6,16,19,15014KT,18,08
2015-06-16 20:00:00.000,2015,6,16,20,18016KT,19,08
2015-06-16 21:00:00.000,2015,6,16,21,15012KT,18,08
2015-06-16 22:00:00.000,2015,6,16,22,10008KT,18,08
2015-06-16 23:00:00.000,2015,6,16,23,11008KT,16,09
2015-06-17 00:00:00.000,2015,6,17,0,12009KT,16,09
2015-06-17 01:00:00.000,2015,6,17,1,13006KT,14,07
2015-06-17 02:00:00.000,2015,6,17,2,11006KT,15,08
2015-06-17 03:00:00.000,2015,6,17,3,08005KT,14,09
2015-06-17 04:00:00.000,2015,6,17,4,09003KT,14,08
2015-06-17 05:00:00.000,2015,6,17,5,03003KT,12,09
2015-06-17 06:00:00.000,2015,6,17,6,VRB02KT,12,08
2015-06-17 07:00:00.000,2015,6,17,7,VRB02KT,11,09
2015-06-17 08:00:00.000,2015,6,17,8,07005KT,12,08
2015-06-17 09:00:00.000,2015,6,17,9,06005KT,11,08
2015-06-17 10:00:00.000,2015,6,17,10,07004KT,11,08
2015-06-17 10:30:00.000,2015,6,17,10,11005KT,13,07
2015-06-17 11:00:00.000,2015,6,17,11,06005KT,11,07
2015-06-17 12:00:00.000,2015,6,17,12,08003KT,12,08
2015-06-17 13:00:00.000,2015,6,17,13,11011KT,16,07
2015-06-17 14:00:00.000,2015,6,17,14,10012KT,16,07
2015-06-17 15:00:00.000,2015,6,17,15,14012KT,16,06
2015-06-17 16:00:00.000,2015,6,17,16,12012KT,17,07
2015-06-17 17:00:00.000,2015,6,17,17,15010KT,17,07
2015-06-17 18:00:00.000,2015,6,17,18,11010KT,16,08
2015-06-17 19:00:00.000,2015,6,17,19,13009KT,17,08
2015-06-17 20:00:00.000,2015,6,17,20,13008KT,17,07
2015-06-17 21:00:00.000,2015,6,17,21,13013KT,17,07
2015-06-17 22:00:00.000,2015,6,17,22,12010KT,16,07
2015-06-17 23:00:00.000,2015,6,17,23,11006KT,15,08
2015-06-18 00:00:00.000,2015,6,18,0,08004KT,15,07
2015-06-18 01:00:00.000,2015,6,18,1,13006KT,14,07
2015-06-18 02:00:00.000,2015,6,18,2,02004KT,13,08
2015-06-18 03:00:00.000,2015,6,18,3,VRB02KT,15,08
2015-06-18 04:00:00.000,2015,6,18,4,07006KT,14,08
2015-06-18 05:00:00.000,2015,6,18,5,08006KT,12,10
2015-06-18 06:00:00.000,2015,6,18,6,170006KT,13,10
2015-06-18 07:00:00.000,2015,6,18,7,27004KT,12,10
2015-06-18 08:00:00.000,2015,6,18,8,28004KT,12,10
2015-06-18 09:00:00.000,2015,6,18,9,VRB02KT,12,10
2015-06-18 10:00:00.000,2015,6,18,10,04004KT,11,10
2015-06-18 11:00:00.000,2015,6,18,11,08004KT,12,10
2015-06-18 12:00:00.000,2015,6,18,12,06006KT,14,10
2015-06-18 13:00:00.000,2015,6,18,13,20006KT,15,10
2015-06-18 14:00:00.000,2015,6,18,14,16008KT,15,09
2015-06-18 15:00:00.000,2015,6,18,15,10006KT,16,09
2015-06-18 15:20:00.000,2015,6,18,15,16010KT,14,11
2015-06-18 16:00:00.000,2015,6,18,16,14008KT,15,12
2015-06-18 17:00:00.000,2015,6,18,17,15010KT,18,10
2015-06-18 18:00:00.000,2015,6,18,18,12010KT,17,08
2015-06-18 19:00:00.000,2015,6,18,19,14011KT,17,09
2015-06-18 20:00:00.000,2015,6,18,20,14009KT,17,08
2015-06-18 21:00:00.000,2015,6,18,21,12007KT,17,08
2015-06-18 22:00:00.000,2015,6,18,22,12008KT,16,07
2015-06-18 23:00:00.000,2015,6,18,23,10006KT,15,08
2015-06-19 00:00:00.000,2015,6,19,0,14012KT,14,10
2015-06-19 01:00:00.000,2015,6,19,1,14011KT,14,07
2015-06-19 02:00:00.000,2015,6,19,2,16009KT,14,07
2015-06-19 03:00:00.000,2015,6,19,3,VRB02KT,12,08
2015-06-19 04:00:00.000,2015,6,19,4,03004KT,12,09
2015-06-19 04:38:00.000,2015,6,19,4,04006KT,12,10
2015-06-19 05:00:00.000,2015,6,19,5,05008KT,12,10
2015-06-19 06:00:00.000,2015,6,19,6,04007KT,10,09
2015-06-19 07:00:00.000,2015,6,19,7,10003KT,11,10
2015-06-19 08:00:00.000,2015,6,19,8,13004KT,11,10
2015-06-19 09:00:00.000,2015,6,19,9,17012KT,12,07
2015-06-19 10:00:00.000,2015,6,19,10,10004KT,11,07
2015-06-19 10:30:00.000,2015,6,19,10,10005KT,11,07
2015-06-19 11:00:00.000,2015,6,19,11,10004KT,12,07
2015-06-19 12:00:00.000,2015,6,19,12,11006KT,13,07
2015-06-19 13:00:00.000,2015,6,19,13,13012KT,14,06
2015-06-19 14:00:00.000,2015,6,19,14,13016KT,16,06
2015-06-19 15:00:00.000,2015,6,19,15,12013KT,16,06
2015-06-19 16:00:00.000,2015,6,19,16,13013KT,16,06
2015-06-19 17:00:00.000,2015,6,19,17,14014KT,17,08
2015-06-19 18:00:00.000,2015,6,19,18,17012KT,16,08
2015-06-19 19:00:00.000,2015,6,19,19,17014KT,17,08
2015-06-19 20:00:00.000,2015,6,19,20,15012KT,18,08
2015-06-19 21:00:00.000,2015,6,19,21,13010KT,17,07
2015-06-19 22:00:00.000,2015,6,19,22,09008KT,17,08
2015-06-19 23:00:00.000,2015,6,19,23,10008KT,15,09
2015-06-20 00:00:00.000,2015,6,20,0,13009KT,15,09
2015-06-20 01:00:00.000,2015,6,20,1,13005KT,14,09
2015-06-20 02:00:00.000,2015,6,20,2,04008KT,13,09
2015-06-20 03:00:00.000,2015,6,20,3,08008KT,13,09
2015-06-20 04:00:00.000,2015,6,20,4,14005KT,13,09
2015-06-20 05:00:00.000,2015,6,20,5,12006KT,13,09
2015-06-20 06:00:00.000,2015,6,20,6,08004KT,13,09
2015-06-20 07:00:00.000,2015,6,20,7,07004KT,12,09
2015-06-20 08:00:00.000,2015,6,20,8,07005KT,12,09
2015-06-20 09:00:00.000,2015,6,20,9,12005KT,13,09
2015-06-20 10:00:00.000,2015,6,20,10,100005KT,13,08
2015-06-20 10:28:00.000,2015,6,20,10,13007KT,13,08
2015-06-20 11:00:00.000,2015,6,20,11,12008KT,13,07
2015-06-20 12:00:00.000,2015,6,20,12,08007KT,14,08
2015-06-20 13:00:00.000,2015,6,20,13,10008KT,16,07
2015-06-20 14:00:00.000,2015,6,20,14,15015KT,17,07
2015-06-20 15:00:00.000,2015,6,20,15,15013KT,08,07
2015-06-20 16:00:00.000,2015,6,20,16,15015KT,18,06
2015-06-20 17:00:00.000,2015,6,20,17,15015KT,18,06
2015-06-20 18:00:00.000,2015,6,20,18,16012KT,17,06
2015-06-20 19:00:00.000,2015,6,20,19,15013KT,18,07
2015-06-20 20:00:00.000,2015,6,20,20,16013KT,17,05
2015-06-20 21:00:00.000,2015,6,20,21,13009KT,18,06
2015-06-20 22:00:00.000,2015,6,20,22,15009KT,17,06
2015-06-20 23:00:00.000,2015,6,20,23,10007KT,16,17
2015-06-21 00:00:00.000,2015,6,21,0,16010KT,15,06
2015-06-21 01:00:00.000,2015,6,21,1,14006KT,13,06
2015-06-21 02:00:00.000,2015,6,21,2,03004KT,13,08
2015-06-21 03:00:00.000,2015,6,21,3,04004KT,12,08
2015-06-21 04:00:00.000,2015,6,21,4,04006KT,12,09
2015-06-21 05:00:00.000,2015,6,21,5,03008KT,12,09
2015-06-21 06:00:00.000,2015,6,21,6,VRB02KT,12,11
2015-06-21 07:00:00.000,2015,6,21,7,03006KT,12,09
2015-06-21 08:00:00.000,2015,6,21,8,04008KT,12,09
2015-06-21 09:00:00.000,2015,6,21,9,04008KT,10,08
2015-06-21 10:00:00.000,2015,6,21,10,VRB02KT,10,09
2015-06-21 10:30:00.000,2015,6,21,10,01004KT,10,09
2015-06-21 11:00:00.000,2015,6,21,11,05004KT,10,09
2015-06-21 12:00:00.000,2015,6,21,12,VRB02KT,14,10
2015-06-21 13:00:00.000,2015,6,21,13,VRB02KT,15,09
2015-06-21 14:00:00.000,2015,6,21,14,20005KT,16,09
2015-06-21 15:00:00.000,2015,6,21,15,11012KT,18,09
2015-06-21 16:00:00.000,2015,6,21,16,16009KT,19,09
2015-06-21 19:00:00.000,2015,6,21,19,15006KT,17,12
2015-06-21 20:00:00.000,2015,6,21,20,16008KT,19,10
2015-06-21 21:00:00.000,2015,6,21,21,16013KT,17,10
2015-06-21 22:00:00.000,2015,6,21,22,02008KT,15,12
2015-06-21 23:00:00.000,2015,6,21,23,12006KT,15,11
2015-06-22 00:00:00.000,2015,6,22,0,VRB02KT,13,11
2015-06-22 01:00:00.000,2015,6,22,1,VRB02KT,13,11
2015-06-22 02:00:00.000,2015,6,22,2,32005KT,13,11
2015-06-22 03:00:00.000,2015,6,22,3,24003KT,12,11
2015-06-22 04:00:00.000,2015,6,22,4,VRB02KT,12,11
2015-06-22 05:00:00.000,2015,6,22,5,06004KT,13,12
2015-06-22 06:00:00.000,2015,6,22,6,VRB02KT,12,11
2015-06-22 09:00:00.000,2015,6,22,9,34003KT,12,11
2015-06-22 10:00:00.000,2015,6,22,10,00000KT,12,11
2015-06-22 11:00:00.000,2015,6,22,11,VRB02KT,11,11
2015-06-22 12:00:00.000,2015,6,22,12,03003KT,12,11
2015-06-22 13:00:00.000,2015,6,22,13,36003KT,13,12
2015-06-22 14:00:00.000,2015,6,22,14,130004KT,14,11
2015-06-22 14:20:00.000,2015,6,22,14,130004KT,14,11
2015-06-22 15:00:00.000,2015,6,22,15,17010KT,16,11
2015-06-22 16:00:00.000,2015,6,22,16,16014KT,18,09
2015-06-22 17:00:00.000,2015,6,22,17,16010KT,17,09
2015-06-22 18:00:00.000,2015,6,22,18,15017KT,19,09
2015-06-22 19:00:00.000,2015,6,22,19,15010KT,18,10
2015-06-22 20:00:00.000,2015,6,22,20,13015KT,18,08
2015-06-22 21:00:00.000,2015,6,22,21,18014KT,18,08
2015-06-22 22:00:00.000,2015,6,22,22,16014KT,17,07
2015-06-22 23:00:00.000,2015,6,22,23,16010KT,16,07
2015-06-23 00:00:00.000,2015,6,23,0,15009KT,14,08
2015-06-23 01:00:00.000,2015,6,23,1,13008KT,15,08
2015-06-23 02:00:00.000,2015,6,23,2,06004KT,15,09
2015-06-23 03:00:00.000,2015,6,23,3,03005KT,13,10
2015-06-23 04:00:00.000,2015,6,23,4,09003KT,13,10
2015-06-23 05:00:00.000,2015,6,23,5,03004KT,12,11
2015-06-23 06:00:00.000,2015,6,23,6,VRB02KT,12,11
2015-06-23 07:00:00.000,2015,6,23,7,VRB02KT,12,11
2015-06-23 08:00:00.000,2015,6,23,8,16012KT,13,08
2015-06-23 09:00:00.000,2015,6,23,9,17009KT,13,08
2015-06-23 10:00:00.000,2015,6,23,10,14006KT,12,08
2015-06-23 11:00:00.000,2015,6,23,11,VRB02KT,12,09
2015-06-23 12:00:00.000,2015,6,23,12,14006KT,13,09
2015-06-23 13:00:00.000,2015,6,23,13,16008KT,15,10
2015-06-23 14:00:00.000,2015,6,23,14,18012KT,16,10
2015-06-23 15:00:00.000,2015,6,23,15,15012KT,16,09
2015-06-23 16:00:00.000,2015,6,23,16,15014KT,17,09
2015-06-23 17:00:00.000,2015,6,23,17,14016KT,17,09
2015-06-23 18:00:00.000,2015,6,23,18,15017KT,17,08
2015-06-23 19:00:00.000,2015,6,23,19,14013KT,18,08
2015-06-23 20:00:00.000,2015,6,23,20,15015KT,19,08
2015-06-23 21:00:00.000,2015,6,23,21,15019KT,18,08
2015-06-23 22:00:00.000,2015,6,23,22,17013KT,16,09
2015-06-23 23:00:00.000,2015,6,23,23,17012KT,16,09
2015-06-24 00:00:00.000,2015,6,24,0,16015KT,15,09
2015-06-24 01:00:00.000,2015,6,24,1,14012KT,14,09
2015-06-24 02:00:00.000,2015,6,24,2,14006KT,13,07
2015-06-24 03:00:00.000,2015,6,24,3,13010KT,13,08
2015-06-24 04:00:00.000,2015,6,24,4,13006KT,14,08
2015-06-24 05:00:00.000,2015,6,24,5,19010KT,13,08
2015-06-24 06:00:00.000,2015,6,24,6,VRB02KT,12,09
2015-06-24 07:00:00.000,2015,6,24,7,VRB02KT,12,10
2015-06-24 08:00:00.000,2015,6,24,8,28004KT,12,10
2015-06-24 09:00:00.000,2015,6,24,9,04004KT,12,10
2015-06-24 10:00:00.000,2015,6,24,10,04004KT,11,10
2015-06-24 11:00:00.000,2015,6,24,11,10003KT,12,10
2015-06-24 11:15:00.000,2015,6,24,11,10003KT,12,10
2015-06-24 12:00:00.000,2015,6,24,12,13004KT,13,10
2015-06-24 13:00:00.000,2015,6,24,13,08006KT,13,10
2015-06-24 13:30:00.000,2015,6,24,13,1006KT,16,08
2015-06-24 14:00:00.000,2015,6,24,14,11008KT,16,09
2015-06-24 15:00:00.000,2015,6,24,15,13016KT,17,07
2015-06-24 16:00:00.000,2015,6,24,16,13015KT,17,07
2015-06-24 17:00:00.000,2015,6,24,17,13013KT,18,08
2015-06-24 18:00:00.000,2015,6,24,18,15018KT,17,07
2015-06-24 19:00:00.000,2015,6,24,19,16018KT,18,08
2015-06-24 21:00:00.000,2015,6,24,21,14016KT,18,06
2015-06-24 22:00:00.000,2015,6,24,22,13014KT,16,07
2015-06-24 23:00:00.000,2015,6,24,23,15015KT,15,07
2015-06-25 00:00:00.000,2015,6,25,0,17012KT,14,06
2015-06-25 01:00:00.000,2015,6,25,1,13010KT,13,06
2015-06-25 02:00:00.000,2015,6,25,2,14008KT,13,07
2015-06-25 03:00:00.000,2015,6,25,3,16005KT,14,07
2015-06-25 04:00:00.000,2015,6,25,4,17007KT,14,07
2015-06-25 05:00:00.000,2015,6,25,5,20008KT,14,07
2015-06-25 06:00:00.000,2015,6,25,6,14004KT,13,08
2015-06-25 07:00:00.000,2015,6,25,7,22003KT,13,09
2015-06-25 08:00:00.000,2015,6,25,8,13004KT,12,10
2015-06-25 09:00:00.000,2015,6,25,9,VRB02KT,12,10
2015-06-25 10:00:00.000,2015,6,25,10,VRB02KT,11,10
2015-06-25 10:30:00.000,2015,6,25,10,15010KT,12,09
2015-06-25 11:00:00.000,2015,6,25,11,16006KT,12,08
2015-06-25 12:00:00.000,2015,6,25,12,11006KT,13,09
2015-06-25 13:00:00.000,2015,6,25,13,19008KT,14,09
2015-06-25 14:00:00.000,2015,6,25,14,16016KT,16,10
2015-06-25 15:00:00.000,2015,6,25,15,14010KT,18,09
2015-06-25 16:00:00.000,2015,6,25,16,14011KT,17,09
2015-06-25 17:00:00.000,2015,6,25,17,16014KT,17,10
2015-06-25 18:00:00.000,2015,6,25,18,16015KT,17,10
2015-06-25 19:00:00.000,2015,6,25,19,13010KT,17,10
2015-06-25 20:00:00.000,2015,6,25,20,15014KT,17,10
2015-06-25 21:00:00.000,2015,6,25,21,14018KT,17,09
2015-06-25 22:00:00.000,2015,6,25,22,17012KT,16,08
2015-06-25 23:00:00.000,2015,6,25,23,18015KT,14,09
2015-06-26 00:00:00.000,2015,6,26,0,13006KT,13,08
2015-06-26 01:00:00.000,2015,6,26,1,13006KT,14,09
2015-06-26 02:00:00.000,2015,6,26,2,09003KT,12,10
2015-06-26 03:00:00.000,2015,6,26,3,15003KT,12,10
2015-06-26 04:00:00.000,2015,6,26,4,33004KT,12,10
2015-06-26 05:00:00.000,2015,6,26,5,VRB02KT,11,10
2015-06-26 06:00:00.000,2015,6,26,6,16008KT,13,09
2015-06-26 07:00:00.000,2015,6,26,7,11004KT,12,09
2015-06-26 08:00:00.000,2015,6,26,8,20006KT,12,09
2015-06-26 09:00:00.000,2015,6,26,9,16005KT,12,09
2015-06-26 10:00:00.000,2015,6,26,10,27003KT,12,09
2015-06-26 10:30:00.000,2015,6,26,10,21003KT,12,09
2015-06-26 11:00:00.000,2015,6,26,11,19003KT,13,09
2015-06-26 12:00:00.000,2015,6,26,12,19006KT,13,09
2015-06-26 13:00:00.000,2015,6,26,13,18009KT,13,09
2015-06-26 14:00:00.000,2015,6,26,14,19007KT,15,09
2015-06-26 15:00:00.000,2015,6,26,15,20009KT,15,10
2015-06-26 16:00:00.000,2015,6,26,16,17012KT,15,11
2015-06-26 17:00:00.000,2015,6,26,17,16016KT,17,10
2015-06-26 18:00:00.000,2015,6,26,18,15016KT,16,10
2015-06-26 19:00:00.000,2015,6,26,19,19013KT,16,11
2015-06-26 20:00:00.000,2015,6,26,20,17013KT,16,08
2015-06-26 21:00:00.000,2015,6,26,21,17010KT,16,09
2015-06-26 21:30:00.000,2015,6,26,21,14013KT,15,09
2015-06-26 22:00:00.000,2015,6,26,22,14016KT,15,09
2015-06-26 23:00:00.000,2015,6,26,23,15012KT,14,09
2015-06-27 00:00:00.000,2015,6,27,0,15013KT,13,09
2015-06-27 01:00:00.000,2015,6,27,1,17005KT,13,09
2015-06-27 02:00:00.000,2015,6,27,2,13004KT,13,10
2015-06-27 03:00:00.000,2015,6,27,3,VRB02KT,13,10
2015-06-27 04:00:00.000,2015,6,27,4,10004KT,14,09
2015-06-27 05:00:00.000,2015,6,27,5,14005KT,13,09
2015-06-27 06:00:00.000,2015,6,27,6,13010KT,13,09
2015-06-27 07:00:00.000,2015,6,27,7,10005KT,13,08
2015-06-27 08:00:00.000,2015,6,27,8,24004KT,13,09
2015-06-27 09:00:00.000,2015,6,27,9,VRB02KT,11,08
2015-06-27 10:00:00.000,2015,6,27,10,15009KT,13,08
2015-06-27 10:30:00.000,2015,6,27,10,16009KT,13,08
2015-06-27 11:00:00.000,2015,6,27,11,13006KT,12,08
2015-06-27 12:00:00.000,2015,6,27,12,14008KT,14,08
2015-06-27 13:00:00.000,2015,6,27,13,17006KT,15,08
2015-06-27 14:00:00.000,2015,6,27,14,16010KT,15,09
2015-06-27 14:20:00.000,2015,6,27,14,16008KT,14,10
2015-06-27 15:00:00.000,2015,6,27,15,16008KT,15,11
2015-06-27 16:00:00.000,2015,6,27,16,17010KT,16,09
2015-06-27 17:00:00.000,2015,6,27,17,17013KT,16,09
2015-06-27 18:00:00.000,2015,6,27,18,15020KT,18,10
2015-06-27 19:00:00.000,2015,6,27,19,17015KT,17,09
2015-06-27 20:00:00.000,2015,6,27,20,18012KT,16,08
2015-06-27 21:00:00.000,2015,6,27,21,14017KT,16,08
2015-06-27 22:00:00.000,2015,6,27,22,15015KT,16,07
2015-06-27 23:00:00.000,2015,6,27,23,17010KT,14,09
2015-06-28 00:00:00.000,2015,6,28,0,17005KT,14,09
2015-06-28 01:00:00.000,2015,6,28,1,15012KT,14,08
2015-06-28 02:00:00.000,2015,6,28,2,12007KT,14,08
2015-06-28 03:00:00.000,2015,6,28,3,VRB02KT,12,10
2015-06-28 04:00:00.000,2015,6,28,4,13005KT,13,08
2015-06-28 05:00:00.000,2015,6,28,5,14007KT,13,07
2015-06-28 06:00:00.000,2015,6,28,6,10003KT,13,08
2015-06-28 07:00:00.000,2015,6,28,7,25003KT,12,09
2015-06-28 08:00:00.000,2015,6,28,8,VRB02KT,10,08
2015-06-28 09:00:00.000,2015,6,28,9,VRB02KT,10,09
2015-06-28 10:00:00.000,2015,6,28,10,02003KT,11,09
2015-06-28 10:28:00.000,2015,6,28,10,03006KT,11,09
2015-06-28 11:00:00.000,2015,6,28,11,03004KT,11,09
2015-06-28 11:05:00.000,2015,6,28,11,02004KT,11,09
2015-06-28 12:00:00.000,2015,6,28,12,04004KT,12,11
2015-06-28 13:00:00.000,2015,6,28,13,14004KT,15,11
2015-06-28 14:00:00.000,2015,6,28,14,18010KT,15,10
2015-06-28 15:00:00.000,2015,6,28,15,18010KT,16,10
2015-06-28 16:00:00.000,2015,6,28,16,10005KT,16,10
2015-06-28 17:00:00.000,2015,6,28,17,18012KT,17,10
2015-06-28 18:00:00.000,2015,6,28,18,08004KT,27,24
2015-06-28 19:00:00.000,2015,6,28,19,16012KT,18,08
2015-06-28 20:00:00.000,2015,6,28,20,15014KT,18,08
2015-06-28 21:00:00.000,2015,6,28,21,16016KT,18,07
2015-06-28 22:00:00.000,2015,6,28,22,15016KT,17,07
2015-06-28 23:00:00.000,2015,6,28,23,15014KT,16,07
2015-06-29 00:00:00.000,2015,6,29,0,18007KT,15,09
2015-06-29 01:00:00.000,2015,6,29,1,13008KT,14,08
2015-06-29 02:00:00.000,2015,6,29,2,VRB02KT,13,10
2015-06-29 03:00:00.000,2015,6,29,3,VRB02KT,12,10
2015-06-29 04:00:00.000,2015,6,29,4,06006KT,12,10
2015-06-29 05:00:00.000,2015,6,29,5,04005KT,11,10
2015-06-29 06:00:00.000,2015,6,29,6,VRB02KT,11,09
2015-06-29 07:00:00.000,2015,6,29,7,04003KT,11,09
2015-06-29 08:00:00.000,2015,6,29,8,06007KT,11,09
2015-06-29 09:00:00.000,2015,6,29,9,06010KT,11,10
2015-06-29 10:00:00.000,2015,6,29,10,16009KT,11,10
2015-06-29 10:30:00.000,2015,6,29,10,09003KT,12,10
2015-06-29 11:00:00.000,2015,6,29,11,06004KT,11,10
2015-06-29 12:00:00.000,2015,6,29,12,06004KT,13,09
2015-06-29 13:00:00.000,2015,6,29,13,07008KT,14,08
2015-06-29 14:00:00.000,2015,6,29,14,05010KT,13,09
2015-06-29 14:30:00.000,2015,6,29,14,05011KT,13,11
2015-06-29 15:00:00.000,2015,6,29,15,04011KT,14,10
2015-06-29 16:00:00.000,2015,6,29,16,04011KT,16,09
2015-06-29 17:00:00.000,2015,6,29,17,04014KT,15,09
2015-06-29 18:00:00.000,2015,6,29,18,07012KT,17,08
2015-06-29 19:00:00.000,2015,6,29,19,10010KT,18,07
2015-06-29 20:00:00.000,2015,6,29,20,09008KT,16,06
2015-06-29 21:00:00.000,2015,6,29,21,11010KT,16,06
2015-06-29 22:00:00.000,2015,6,29,22,06010KT,14,08
2015-06-29 23:00:00.000,2015,6,29,23,14010KT,14,06
2015-06-30 00:00:00.000,2015,6,30,0,10005KT,14,02
2015-06-30 01:00:00.000,2015,6,30,1,VRB02KT,11,04
2015-06-30 02:00:00.000,2015,6,30,2,02003KT,10,05
2015-06-30 03:00:00.000,2015,6,30,3,03003KT,09,06
2015-06-30 04:00:00.000,2015,6,30,4,30004KT,09,05
2015-06-30 05:00:00.000,2015,6,30,5,07005KT,11,05
2015-06-30 06:00:00.000,2015,6,30,6,06003KT,10,05
2015-06-30 07:00:00.000,2015,6,30,7,06005KT,09,06
2015-06-30 08:00:00.000,2015,6,30,8,07004KT,09,06
2015-06-30 09:00:00.000,2015,6,30,9,04006KT,07,05
2015-06-30 10:00:00.000,2015,6,30,10,04003KT,07,06
2015-06-30 10:30:00.000,2015,6,30,10,05005KT,08,06
2015-06-30 11:00:00.000,2015,6,30,11,02004KT,08,07
2015-06-30 12:00:00.000,2015,6,30,12,06005KT,10,06
2015-06-30 13:00:00.000,2015,6,30,13,06005KT,11,06
2015-06-30 14:00:00.000,2015,6,30,14,03006KT,13,06
2015-06-30 15:00:00.000,2015,6,30,15,14010KT,16,05
2015-06-30 16:00:00.000,2015,6,30,16,15012KT,17,06
2015-06-30 17:00:00.000,2015,6,30,17,06008KT,16,07
2015-06-30 18:00:00.000,2015,6,30,18,13009KT,16,07
2015-06-30 19:00:00.000,2015,6,30,19,08008KT,15,07
2015-06-30 20:00:00.000,2015,6,30,20,10007KT,16,07
2015-06-30 21:00:00.000,2015,6,30,21,13006KT,16,07
2015-06-30 22:00:00.000,2015,6,30,22,15009KT,16,07
2015-06-30 23:00:00.000,2015,6,30,23,08005KT,15,08
2015-07-01 00:00:00.000,2015,7,1,0,01004KT,12,08
2015-07-01 01:00:00.000,2015,7,1,1,03003KT,10,08
2015-07-01 02:00:00.000,2015,7,1,2,02003KT,11,08
2015-07-01 03:00:00.000,2015,7,1,3,VRB02KT,10,08
2015-07-01 04:00:00.000,2015,7,1,4,01003KT,10,08
2015-07-01 05:00:00.000,2015,7,1,5,01004KT,10,09
2015-07-01 06:00:00.000,2015,7,1,6,04004KT,11,09
2015-07-01 07:00:00.000,2015,7,1,7,06004KT,11,09
2015-07-01 08:00:00.000,2015,7,1,8,07004KT,11,09
2015-07-01 09:00:00.000,2015,7,1,9,08006KT,12,09
2015-07-01 10:00:00.000,2015,7,1,10,05003KT,11,08
2015-07-01 10:30:00.000,2015,7,1,10,VRB02KT,10,08
2015-07-01 11:00:00.000,2015,7,1,11,04003KT,10,08
2015-07-01 12:00:00.000,2015,7,1,12,04005KT,11,09
2015-07-01 13:00:00.000,2015,7,1,13,07006KT,15,10
2015-07-01 13:10:00.000,2015,7,1,13,07006KT,15,10
2015-07-01 14:00:00.000,2015,7,1,14,09005KT,15,09
2015-07-01 14:30:00.000,2015,7,1,14,08006KT,14,09
2015-07-01 15:00:00.000,2015,7,1,15,06008KT,14,12
2015-07-01 16:00:00.000,2015,7,1,16,10007KT,17,11
2015-07-01 17:00:00.000,2015,7,1,17,12012KT,17,10
2015-07-01 18:00:00.000,2015,7,1,18,13010KT,19,10
2015-07-01 19:00:00.000,2015,7,1,19,13011KT,18,08
2015-07-01 20:00:00.000,2015,7,1,20,11009KT,18,08
2015-07-01 21:00:00.000,2015,7,1,21,12009KT,17,08
2015-07-01 22:00:00.000,2015,7,1,22,14009KT,17,07
2015-07-01 23:00:00.000,2015,7,1,23,06006KT,16,08
2015-07-02 00:00:00.000,2015,7,2,0,06006KT,13,08
2015-07-02 01:00:00.000,2015,7,2,1,09004KT,14,08
2015-07-02 02:00:00.000,2015,7,2,2,06006KT,12,08
2015-07-02 03:00:00.000,2015,7,2,3,34004KT,11,08
2015-07-02 04:00:00.000,2015,7,2,4,01004KT,12,08
2015-07-02 05:00:00.000,2015,7,2,5,33004KT,11,08
2015-07-02 06:00:00.000,2015,7,2,6,02004KT,10,08
2015-07-02 07:00:00.000,2015,7,2,7,06006KT,10,08
2015-07-02 08:00:00.000,2015,7,2,8,02008KT,10,08
2015-07-02 09:00:00.000,2015,7,2,9,04006KT,11,08
2015-07-02 10:00:00.000,2015,7,2,10,05003KT,09,07
2015-07-02 10:30:00.000,2015,7,2,10,03006KT,10,08
2015-07-02 11:00:00.000,2015,7,2,11,04006KT,10,08
2015-07-02 12:00:00.000,2015,7,2,12,04003KT,12,08
2015-07-02 13:00:00.000,2015,7,2,13,05007KT,15,09
2015-07-02 14:00:00.000,2015,7,2,14,13010KT,17,07
2015-07-02 15:00:00.000,2015,7,2,15,13013KT,18,06
2015-07-02 16:00:00.000,2015,7,2,16,13016KT,18,06
2015-07-02 17:00:00.000,2015,7,2,17,12010KT,19,04
2015-07-02 18:00:00.000,2015,7,2,18,14012KT,20,06
2015-07-02 19:00:00.000,2015,7,2,19,15010KT,20,07
2015-07-02 20:00:00.000,2015,7,2,20,15008KT,18,08
2015-07-02 21:00:00.000,2015,7,2,21,15010KT,17,08
2015-07-02 22:00:00.000,2015,7,2,22,14008KT,16,08
2015-07-02 23:00:00.000,2015,7,2,23,12010KT,16,08
2015-07-03 00:00:00.000,2015,7,3,0,12005KT,15,08
2015-07-03 01:00:00.000,2015,7,3,1,06003KT,13,08
2015-07-03 02:00:00.000,2015,7,3,2,34004KT,11,08
2015-07-03 03:00:00.000,2015,7,3,3,09005KT,15,09
2015-07-03 04:00:00.000,2015,7,3,4,03004KT,09,07
2015-07-03 05:00:00.000,2015,7,3,5,VRB02KT,09,08
2015-07-03 06:00:00.000,2015,7,3,6,07006KT,11,09
2015-07-03 07:00:00.000,2015,7,3,7,VRB02KT,10,08
2015-07-03 08:00:00.000,2015,7,3,8,04006KT,10,09
2015-07-03 09:00:00.000,2015,7,3,9,VRB02KT,10,08
2015-07-03 10:00:00.000,2015,7,3,10,05003KT,09,07
2015-07-03 11:00:00.000,2015,7,3,11,VRB02KT,09,08
2015-07-03 12:00:00.000,2015,7,3,12,06006KT,13,09
2015-07-03 13:00:00.000,2015,7,3,13,04008KT,15,09
2015-07-03 14:00:00.000,2015,7,3,14,13008KT,17,08
2015-07-03 15:00:00.000,2015,7,3,15,09012KT,17,08
2015-07-03 16:00:00.000,2015,7,3,16,12014KT,18,07
2015-07-03 17:00:00.000,2015,7,3,17,12012KT,18,07
2015-07-03 18:00:00.000,2015,7,3,18,12010KT,19,09
2015-07-03 19:00:00.000,2015,7,3,19,12012KT,19,09
2015-07-03 20:00:00.000,2015,7,3,20,09012KT,19,08
2015-07-03 21:00:00.000,2015,7,3,21,12010KT,19,09
2015-07-03 22:00:00.000,2015,7,3,22,12010KT,18,08
2015-07-03 23:00:00.000,2015,7,3,23,13010KT,15,10
2015-07-03 23:23:00.000,2015,7,3,23,13010KT,15,10
2015-07-04 00:00:00.000,2015,7,4,0,01204KT,14,11
2015-07-04 01:00:00.000,2015,7,4,1,07006KT,14,11
2015-07-04 02:00:00.000,2015,7,4,2,03005KT,13,10
2015-07-04 03:00:00.000,2015,7,4,3,09005KT,15,09
2015-07-04 04:00:00.000,2015,7,4,4,11006KT,15,09
2015-07-04 05:00:00.000,2015,7,4,5,07005KT,14,09
2015-07-04 06:00:00.000,2015,7,4,6,04007KT,12,10
2015-07-04 07:00:00.000,2015,7,4,7,04003KT,12,10
2015-07-04 08:00:00.000,2015,7,4,8,04005KT,12,10
2015-07-04 09:00:00.000,2015,7,4,9,07006KT,12,10
2015-07-04 10:00:00.000,2015,7,4,10,06007KT,12,10
2015-07-04 10:30:00.000,2015,7,4,10,05009KT,13,10
2015-07-04 11:00:00.000,2015,7,4,11,05008KT,12,10
2015-07-04 12:00:00.000,2015,7,4,12,14009KT,15,09
2015-07-04 13:00:00.000,2015,7,4,13,13010KT,15,08
2015-07-04 14:00:00.000,2015,7,4,14,11007KT,15,09
2015-07-04 15:00:00.000,2015,7,4,15,10008KT,16,08
2015-07-04 16:00:00.000,2015,7,4,16,13011KT,17,07
2015-07-04 17:00:00.000,2015,7,4,17,13011KT,17,07
2015-07-04 18:00:00.000,2015,7,4,18,10010KT,19,07
2015-07-04 19:00:00.000,2015,7,4,19,06010KT,19,07
2015-07-04 20:00:00.000,2015,7,4,20,04011KT,18,07
2015-07-04 21:00:00.000,2015,7,4,21,10010KT,19,08
2015-07-04 22:00:00.000,2015,7,4,22,07007KT,18,07
2015-07-04 23:00:00.000,2015,7,4,23,10007KT,17,08
2015-07-05 00:00:00.000,2015,7,5,0,13008KT,16,08
2015-07-05 01:00:00.000,2015,7,5,1,06006KT,15,09
2015-07-05 02:00:00.000,2015,7,5,2,05006KT,14,08
2015-07-05 03:00:00.000,2015,7,5,3,07004KT,13,09
2015-07-05 04:00:00.000,2015,7,5,4,36004KT,13,09
2015-07-05 05:00:00.000,2015,7,5,5,03006KT,13,09
2015-07-05 06:00:00.000,2015,7,5,6,05006KT,12,10
2015-07-05 07:00:00.000,2015,7,5,7,VRB02KT,12,00
2015-07-05 08:00:00.000,2015,7,5,8,VRB02KT,12,11
2015-07-05 09:00:00.000,2015,7,5,9,04006KT,12,10
2015-07-05 10:00:00.000,2015,7,5,10,08006KT,13,09
2015-07-05 10:30:00.000,2015,7,5,10,10004KT,12,07
2015-07-05 11:00:00.000,2015,7,5,11,11006KT,13,07
2015-07-05 12:00:00.000,2015,7,5,12,10006KT,14,06
2015-07-05 13:00:00.000,2015,7,5,13,12008KT,15,06
2015-07-05 14:00:00.000,2015,7,5,14,11010KT,16,06
2015-07-05 15:00:00.000,2015,7,5,15,12016KT,18,06
2015-07-05 16:00:00.000,2015,7,5,16,14012KT,18,06
2015-07-05 17:00:00.000,2015,7,5,17,10009KT,19,06
2015-07-05 18:00:00.000,2015,7,5,18,13010KT,20,05
2015-07-05 19:00:00.000,2015,7,5,19,06008KT,19,07
2015-07-05 20:00:00.000,2015,7,5,20,06008KT,19,06
2015-07-05 21:00:00.000,2015,7,5,21,05011KT,19,03
2015-07-05 22:00:00.000,2015,7,5,22,07009KT,18,04
2015-07-05 23:00:00.000,2015,7,5,23,06007KT,17,05
2015-07-06 00:00:00.000,2015,7,6,0,10006KT,16,06
2015-07-06 01:00:00.000,2015,7,6,1,11006KT,15,06
2015-07-06 02:00:00.000,2015,7,6,2,09006KT,14,07
2015-07-06 03:00:00.000,2015,7,6,3,10006KT,13,08
2015-07-06 04:00:00.000,2015,7,6,4,04003KT,12,08
2015-07-06 05:00:00.000,2015,7,6,5,06004KT,12,09
2015-07-06 06:00:00.000,2015,7,6,6,15003KT,13,09
2015-07-06 07:00:00.000,2015,7,6,7,12002KT,12,09
2015-07-06 08:00:00.000,2015,7,6,8,03002KT,11,09
2015-07-06 09:00:00.000,2015,7,6,9,03003KT,10,08
2015-07-06 10:00:00.000,2015,7,6,10,03003KT,10,08
2015-07-06 10:30:00.000,2015,7,6,10,04003KT,09,07
2015-07-06 11:00:00.000,2015,7,6,11,04006KT,09,07
2015-07-06 12:00:00.000,2015,7,6,12,05005KT,11,09
2015-07-06 13:00:00.000,2015,7,6,13,07006KT,15,10
2015-07-06 14:00:00.000,2015,7,6,14,07003KT,15,08
2015-07-06 15:00:00.000,2015,7,6,15,17008KT,17,09
2015-07-06 16:00:00.000,2015,7,6,16,11007KT,17,07
2015-07-06 17:00:00.000,2015,7,6,17,10004KT,18,09
2015-07-06 18:00:00.000,2015,7,6,18,019010KT,18,09
2015-07-06 19:00:00.000,2015,7,6,19,35004KT,17,10
2015-07-06 19:05:00.000,2015,7,6,19,05004KT,17,10
2015-07-06 20:00:00.000,2015,7,6,20,19009KT,17,09
2015-07-06 21:00:00.000,2015,7,6,21,12008KT,18,09
2015-07-06 22:00:00.000,2015,7,6,22,013006KT,17,08
2015-07-06 23:00:00.000,2015,7,6,23,09008KT,16,08
2015-07-07 00:00:00.000,2015,7,7,0,04004KT,15,08
2015-07-07 01:00:00.000,2015,7,7,1,10007KT,15,08
2015-07-07 02:00:00.000,2015,7,7,2,06005KT,13,08
2015-07-07 03:00:00.000,2015,7,7,3,05008KT,13,08
2015-07-07 04:00:00.000,2015,7,7,4,04005KT,12,09
2015-07-07 05:00:00.000,2015,7,7,5,05005KT,10,08
2015-07-07 06:00:00.000,2015,7,7,6,35004KT,09,08
2015-07-07 07:00:00.000,2015,7,7,7,32003KT,10,07
2015-07-07 08:00:00.000,2015,7,7,8,VRB02KT,08,07
2015-07-07 09:00:00.000,2015,7,7,9,05004KT,08,07
2015-07-07 10:00:00.000,2015,7,7,10,04004KT,08,07
2015-07-07 10:30:00.000,2015,7,7,10,00000KT,08,07
2015-07-07 11:00:00.000,2015,7,7,11,00000KT,08,07
2015-07-07 12:00:00.000,2015,7,7,12,05005KT,08,06
2015-07-07 13:00:00.000,2015,7,7,13,VRB02KT,13,09
2015-07-07 14:00:00.000,2015,7,7,14,03005KT,15,08
2015-07-07 15:00:00.000,2015,7,7,15,05005KT,16,09
2015-07-07 16:00:00.000,2015,7,7,16,VRB02KT,16,08
2015-07-07 17:00:00.000,2015,7,7,17,VRB02KT,15,09
2015-07-07 18:00:00.000,2015,7,7,18,10006KT,17,08
2015-07-07 19:00:00.000,2015,7,7,19,07004KT,18,08
2015-07-07 20:00:00.000,2015,7,7,20,06007KT,18,10
2015-07-07 21:00:00.000,2015,7,7,21,03006KT,18,09
2015-07-07 22:00:00.000,2015,7,7,22,09006KT,17,08
2015-07-07 23:00:00.000,2015,7,7,23,19008KT,17,07
2015-07-08 00:00:00.000,2015,7,8,0,24003KT,15,07
2015-07-08 01:00:00.000,2015,7,8,1,34004KT,13,09
2015-07-08 02:00:00.000,2015,7,8,2,36003KT,13,09
2015-07-08 03:00:00.000,2015,7,8,3,04007KT,14,10
2015-07-08 04:00:00.000,2015,7,8,4,06006KT,13,09
2015-07-08 05:00:00.000,2015,7,8,5,07006KT,12,08
2015-07-08 06:00:00.000,2015,7,8,6,07004KT,10,08
2015-07-08 07:00:00.000,2015,7,8,7,03003KT,09,07
2015-07-08 08:00:00.000,2015,7,8,8,040003KT,09,08
2015-07-08 09:00:00.000,2015,7,8,9,06003KT,09,07
2015-07-08 10:00:00.000,2015,7,8,10,VRB02KT,09,07
2015-07-08 10:30:00.000,2015,7,8,10,05005KT,08,07
2015-07-08 11:00:00.000,2015,7,8,11,03005KT,09,07
2015-07-08 12:00:00.000,2015,7,8,12,07007KT,11,08
2015-07-08 13:00:00.000,2015,7,8,13,07006KT,14,08
2015-07-08 14:00:00.000,2015,7,8,14,09004KT,17,04
2015-07-08 15:00:00.000,2015,7,8,15,12008KT,19,05
2015-07-08 16:00:00.000,2015,7,8,16,13010KT,19,06
2015-07-08 17:00:00.000,2015,7,8,17,06010KT,18,06
2015-07-08 18:00:00.000,2015,7,8,18,18011KT,18,07
2015-07-08 19:00:00.000,2015,7,8,19,14014KT,18,07
2015-07-08 20:00:00.000,2015,7,8,20,16009KT,18,07
2015-07-08 21:00:00.000,2015,7,8,21,08006KT,18,07
2015-07-08 22:00:00.000,2015,7,8,22,14008KT,15,09
2015-07-08 23:00:00.000,2015,7,8,23,15007KT,14,07
2015-07-09 00:00:00.000,2015,7,9,0,VRB02KT,14,07
2015-07-09 01:00:00.000,2015,7,9,1,13006KT,13,07
2015-07-09 02:00:00.000,2015,7,9,2,09004KT,13,08
2015-07-09 03:00:00.000,2015,7,9,3,VRB02KT,11,08
2015-07-09 04:00:00.000,2015,7,9,4,04003KT,10,08
2015-07-09 05:00:00.000,2015,7,9,5,VRB02KT,09,08
2015-07-09 06:00:00.000,2015,7,9,6,02003KT,10,07
2015-07-09 07:00:00.000,2015,7,9,7,35004KT,10,08
2015-07-09 08:00:00.000,2015,7,9,8,31003KT,09,07
2015-07-09 09:00:00.000,2015,7,9,9,VRB02KT,09,08
2015-07-09 10:00:00.000,2015,7,9,10,VRB02KT,09,08
2015-07-09 11:00:00.000,2015,7,9,11,02003KT,07,06
2015-07-09 12:00:00.000,2015,7,9,12,05003KT,09,08
2015-07-09 13:00:00.000,2015,7,9,13,05006KT,12,09
2015-07-09 14:00:00.000,2015,7,9,14,07005KT,14,10
2015-07-09 15:00:00.000,2015,7,9,15,13008KT,17,07
2015-07-09 16:00:00.000,2015,7,9,16,14010KT,18,07
2015-07-09 17:00:00.000,2015,7,9,17,14010KT,18,07
2015-07-09 18:00:00.000,2015,7,9,18,17012KT,18,07
2015-07-09 19:00:00.000,2015,7,9,19,16013KT,18,07
2015-07-09 20:00:00.000,2015,7,9,20,10004KT,18,07
2015-07-09 21:00:00.000,2015,7,9,21,09010KT,19,06
2015-07-10 00:00:00.000,2015,7,10,0,13010KT,15,07
2015-07-10 01:00:00.000,2015,7,10,1,14005KT,14,07
2015-07-10 02:00:00.000,2015,7,10,2,12003KT,15,08
2015-07-10 03:00:00.000,2015,7,10,3,03003KT,13,09
2015-07-10 04:00:00.000,2015,7,10,4,20005KT,14,09
2015-07-10 05:00:00.000,2015,7,10,5,VRB02KT,12,09
2015-07-10 06:00:00.000,2015,7,10,6,01003KT,11,09
2015-07-10 07:00:00.000,2015,7,10,7,03003KT,11,09
2015-07-10 08:00:00.000,2015,7,10,8,VRB02KT,12,09
2015-07-10 09:00:00.000,2015,7,10,9,03004KT,12,10
2015-07-10 10:00:00.000,2015,7,10,10,VRB02KT,11,10
2015-07-10 11:00:00.000,2015,7,10,11,VRB02KT,10,10
2015-07-10 12:00:00.000,2015,7,10,12,VRB02KT,11,10
2015-07-10 13:00:00.000,2015,7,10,13,VRB02KT,13,10
2015-07-10 14:00:00.000,2015,7,10,14,19005KT,15,10
2015-07-10 15:00:00.000,2015,7,10,15,13008KT,16,08
2015-07-10 16:00:00.000,2015,7,10,16,17012KT,18,08
2015-07-10 17:00:00.000,2015,7,10,17,15013KT,17,09
2015-07-10 18:00:00.000,2015,7,10,18,14013KT,18,09
2015-07-10 19:00:00.000,2015,7,10,19,12008KT,18,08
2015-07-10 20:00:00.000,2015,7,10,20,10006KT,16,11
2015-07-10 21:00:00.000,2015,7,10,21,12003KT,14,11
2015-07-10 22:00:00.000,2015,7,10,22,12008KT,15,10
2015-07-10 23:00:00.000,2015,7,10,23,12009KT,15,09
2015-07-11 00:00:00.000,2015,7,11,0,10006KT,15,09
2015-07-11 01:00:00.000,2015,7,11,1,06007KT,13,09
2015-07-11 02:00:00.000,2015,7,11,2,08006KT,14,09
2015-07-11 03:00:00.000,2015,7,11,3,06006KT,12,09
2015-07-11 04:00:00.000,2015,7,11,4,11005KT,13,09
2015-07-11 05:00:00.000,2015,7,11,5,10006KT,13,08
2015-07-11 06:00:00.000,2015,7,11,6,04006KT,12,09
2015-07-11 07:00:00.000,2015,7,11,7,10005KT,13,08
2015-07-11 08:00:00.000,2015,7,11,8,10010KT,12,08
2015-07-11 09:00:00.000,2015,7,11,9,06006KT,12,08
2015-07-11 10:00:00.000,2015,7,11,10,11003KT,13,08
2015-07-11 11:00:00.000,2015,7,11,11,11007KT,13,08
2015-07-11 12:00:00.000,2015,7,11,12,11004KT,13,08
2015-07-11 13:00:00.000,2015,7,11,13,07004KT,15,08
2015-07-11 14:00:00.000,2015,7,11,14,10010KT,15,06
2015-07-11 15:00:00.000,2015,7,11,15,10007KT,16,06
2015-07-11 16:00:00.000,2015,7,11,16,09010KT,18,07
2015-07-11 17:00:00.000,2015,7,11,17,12010KT,17,07
2015-07-11 18:00:00.000,2015,7,11,18,13010KT,17,08
2015-07-11 19:00:00.000,2015,7,11,19,11010KT,17,07
2015-07-11 20:00:00.000,2015,7,11,20,11010KT,17,08
2015-07-11 21:00:00.000,2015,7,11,21,08010KT,16,08
2015-07-11 22:00:00.000,2015,7,11,22,06010KT,16,08
2015-07-11 23:00:00.000,2015,7,11,23,006008KT,16,08
2015-07-12 00:00:00.000,2015,7,12,0,10006KT,15,07
2015-07-12 01:00:00.000,2015,7,12,1,VRB02KT,13,08
2015-07-12 02:00:00.000,2015,7,12,2,05005KT,11,08
2015-07-12 03:00:00.000,2015,7,12,3,04006KT,11,08
2015-07-12 04:00:00.000,2015,7,12,4,04004KT,11,08
2015-07-12 05:00:00.000,2015,7,12,5,04006KT,11,09
2015-07-12 06:00:00.000,2015,7,12,6,VRB02KT,12,08
2015-07-12 07:00:00.000,2015,7,12,7,VRB02KT,11,08
2015-07-12 08:00:00.000,2015,7,12,8,VRB02KT,11,09
2015-07-12 09:00:00.000,2015,7,12,9,06007KT,12,08
2015-07-12 10:00:00.000,2015,7,12,10,04005KT,12,08
2015-07-12 11:00:00.000,2015,7,12,11,05007KT,11,09
2015-07-12 12:00:00.000,2015,7,12,12,04004KT,11,10
2015-07-12 13:00:00.000,2015,7,12,13,07004KT,13,09
2015-07-12 14:00:00.000,2015,7,12,14,20004KT,15,09
2015-07-12 15:00:00.000,2015,7,12,15,18006KT,16,09
2015-07-12 16:00:00.000,2015,7,12,16,12010KT,16,07
2015-07-12 17:00:00.000,2015,7,12,17,12006KT,16,08
2015-07-12 18:00:00.000,2015,7,12,18,17008KT,16,09
2015-07-12 19:00:00.000,2015,7,12,19,16008KT,17,09
2015-07-12 20:00:00.000,2015,7,12,20,13007KT,15,10
2015-07-12 21:00:00.000,2015,7,12,21,15005KT,15,11
2015-07-12 22:00:00.000,2015,7,12,22,02004KT,14,11
2015-07-12 23:00:00.000,2015,7,12,23,18006KT,15,10
2015-07-13 00:00:00.000,2015,7,13,0,13007KT,14,08
2015-07-13 01:00:00.000,2015,7,13,1,04010KT,12,09
2015-07-13 02:00:00.000,2015,7,13,2,06005KT,12,08
2015-07-13 03:00:00.000,2015,7,13,3,05007KT,12,08
2015-07-13 04:00:00.000,2015,7,13,4,05006KT,11,08
2015-07-13 05:00:00.000,2015,7,13,5,06008KT,11,08
2015-07-13 06:00:00.000,2015,7,13,6,04004KT,10,08
2015-07-13 07:00:00.000,2015,7,13,7,06007KT,10,07
2015-07-13 08:00:00.000,2015,7,13,8,VRB02KT,10,07
2015-07-13 09:00:00.000,2015,7,13,9,00000KT,10,07
2015-07-13 10:00:00.000,2015,7,13,10,05004KT,08,07
2015-07-13 11:00:00.000,2015,7,13,11,02004KT,07,06
2015-07-13 12:00:00.000,2015,7,13,12,04004KT,08,07
2015-07-13 13:00:00.000,2015,7,13,13,03004KT,11,09
2015-07-13 14:00:00.000,2015,7,13,14,14006KT,15,07
2015-07-13 15:00:00.000,2015,7,13,15,03006KT,18,07
2015-07-13 16:00:00.000,2015,7,13,16,03004KT,19,06
2015-07-13 17:00:00.000,2015,7,13,17,12008KT,19,07
2015-07-13 18:00:00.000,2015,7,13,18,23007KT,20,08
2015-07-13 19:00:00.000,2015,7,13,19,24007KT,18,09
2015-07-13 20:00:00.000,2015,7,13,20,24010KT,19,09
2015-07-13 21:00:00.000,2015,7,13,21,25009KT,18,10
2015-07-13 22:00:00.000,2015,7,13,22,30007KT,16,10
2015-07-13 23:00:00.000,2015,7,13,23,28006KT,16,11
2015-07-14 00:00:00.000,2015,7,14,0,24005KT,15,11
2015-07-14 01:00:00.000,2015,7,14,1,VRB02KT,14,11
2015-07-14 02:00:00.000,2015,7,14,2,VRB02KT,13,11
2015-07-14 03:00:00.000,2015,7,14,3,34004KT,13,10
2015-07-14 04:00:00.000,2015,7,14,4,01004KT,11,09
2015-07-14 05:00:00.000,2015,7,14,5,03005KT,12,10
2015-07-14 06:00:00.000,2015,7,14,6,VTB02KT,12,09
2015-07-14 07:00:00.000,2015,7,14,7,VRB02KT,12,09
2015-07-14 08:00:00.000,2015,7,14,8,VRB02KT,11,09
2015-07-14 09:00:00.000,2015,7,14,9,04005KT,11,09
2015-07-14 10:00:00.000,2015,7,14,10,13004KT,11,09
2015-07-14 11:00:00.000,2015,7,14,11,01003KT,11,09
2015-07-14 12:00:00.000,2015,7,14,12,32003KT,11,09
2015-07-14 13:00:00.000,2015,7,14,13,VRB02KT,13,09
2015-07-14 14:00:00.000,2015,7,14,14,05004KT,17,09
2015-07-14 15:00:00.000,2015,7,14,15,04004KT,17,08
2015-07-14 16:00:00.000,2015,7,14,16,10006KT,19,08
2015-07-14 17:00:00.000,2015,7,14,17,11009KT,19,08
2015-07-14 18:00:00.000,2015,7,14,18,05011KT,19,09
2015-07-14 19:00:00.000,2015,7,14,19,08008KT,21,09
2015-07-14 20:00:00.000,2015,7,14,20,09008KT,21,07
2015-07-14 21:00:00.000,2015,7,14,21,12005KT,20,08
2015-07-14 22:00:00.000,2015,7,14,22,11009KT,18,08
2015-07-14 23:00:00.000,2015,7,14,23,24005KT,16,11
2015-07-15 00:00:00.000,2015,7,15,0,32005KT,15,12
2015-07-15 01:00:00.000,2015,7,15,1,01003KT,14,10
2015-07-15 02:00:00.000,2015,7,15,2,11008KT,16,09
2015-07-15 03:00:00.000,2015,7,15,3,10005KT,15,09
2015-07-15 04:00:00.000,2015,7,15,4,15005KT,15,10
2015-07-15 05:00:00.000,2015,7,15,5,15005KT,15,10
2015-07-15 06:00:00.000,2015,7,15,6,35003KT,13,11
2015-07-15 07:00:00.000,2015,7,15,7,VRB02KT,12,11
2015-07-15 08:00:00.000,2015,7,15,8,00000KT,12,11
2015-07-15 09:00:00.000,2015,7,15,9,010003KT,12,11
2015-07-15 10:00:00.000,2015,7,15,10,014004KT,12,11
2015-07-15 11:00:00.000,2015,7,15,11,VRB02KT,11,11
2015-07-15 12:00:00.000,2015,7,15,12,36003KT,32,11
2015-07-15 13:00:00.000,2015,7,15,13,03005KT,13,11
2015-07-15 14:00:00.000,2015,7,15,14,VRB02KT,15,12
2015-07-15 15:00:00.000,2015,7,15,15,15010KT,17,09
2015-07-15 16:00:00.000,2015,7,15,16,15006KT,17,09
2015-07-15 17:00:00.000,2015,7,15,17,12008KT,18,09
2015-07-15 18:00:00.000,2015,7,15,18,17012KT,18,09
2015-07-15 19:00:00.000,2015,7,15,19,16014KT,18,10
2015-07-15 20:00:00.000,2015,7,15,20,16016KT,16,11
2015-07-15 21:00:00.000,2015,7,15,21,15012KT,18,09
2015-07-15 22:00:00.000,2015,7,15,22,15010KT,17,09
2015-07-15 23:00:00.000,2015,7,15,23,16013KT,16,08
2015-07-16 00:00:00.000,2015,7,16,0,13009KT,14,09
2015-07-16 01:00:00.000,2015,7,16,1,15008KT,14,07
2015-07-16 02:00:00.000,2015,7,16,2,03003KT,13,08
2015-07-16 03:00:00.000,2015,7,16,3,14009KT,13,08
2015-07-16 04:00:00.000,2015,7,16,4,VRB02KT,13,09
2015-07-16 05:00:00.000,2015,7,16,5,02003KT,13,09
2015-07-16 06:00:00.000,2015,7,16,6,VRB02KT,12,09
2015-07-16 07:00:00.000,2015,7,16,7,03004KT,12,09
2015-07-16 08:00:00.000,2015,7,16,8,07003KT,12,10
2015-07-16 09:00:00.000,2015,7,16,9,VRB02KT,12,10
2015-07-16 10:00:00.000,2015,7,16,10,VRB02KT,11,09
2015-07-16 11:00:00.000,2015,7,16,11,02004KT,11,09
2015-07-16 12:00:00.000,2015,7,16,12,03005KT,13,10
2015-07-16 13:00:00.000,2015,7,16,13,VRB02KT,14,10
2015-07-16 14:00:00.000,2015,7,16,14,VRB02KT,15,10
2015-07-16 15:00:00.000,2015,7,16,15,17007KT,17,09
2015-07-16 16:00:00.000,2015,7,16,16,18004KT,18,08
2015-07-16 17:00:00.000,2015,7,16,17,08008KT,19,07
2015-07-16 18:00:00.000,2015,7,16,18,10010KT,20,07
2015-07-16 19:00:00.000,2015,7,16,19,11012KT,20,07
2015-07-16 20:00:00.000,2015,7,16,20,11010KT,20,06
2015-07-16 21:00:00.000,2015,7,16,21,17013KT,19,06
2015-07-16 22:00:00.000,2015,7,16,22,15010KT,18,06
2015-07-16 23:00:00.000,2015,7,16,23,14010KT,16,06
2015-07-17 00:00:00.000,2015,7,17,0,15012KT,13,06
2015-07-17 01:00:00.000,2015,7,17,1,16014KT,14,05
2015-07-17 02:00:00.000,2015,7,17,2,VBR02KT,14,05
2015-07-17 03:00:00.000,2015,7,17,3,29004KT,13,06
2015-07-17 05:00:00.000,2015,7,17,5,VRB02KT,11,08
2015-07-17 06:00:00.000,2015,7,17,6,02004KT,10,09
2015-07-17 07:00:00.000,2015,7,17,7,05005KT,10,09
2015-07-17 08:00:00.000,2015,7,17,8,04004KT,10,09
2015-07-17 09:00:00.000,2015,7,17,9,VRB02KT,10,09
2015-07-17 10:00:00.000,2015,7,17,10,01004KT,09,09
2015-07-17 11:00:00.000,2015,7,17,11,03004KT,09,08
2015-07-17 12:00:00.000,2015,7,17,12,06004KT,10,09
2015-07-17 13:00:00.000,2015,7,17,13,07004KT,14,10
2015-07-17 14:00:00.000,2015,7,17,14,15008KT,16,07
2015-07-17 15:00:00.000,2015,7,17,15,18012KT,17,05
2015-07-17 16:00:00.000,2015,7,17,16,18012KT,17,05
2015-07-17 17:00:00.000,2015,7,17,17,14010KT,18,05
2015-07-17 18:00:00.000,2015,7,17,18,16012KT,18,07
2015-07-17 19:00:00.000,2015,7,17,19,15014KT,19,16
2015-07-17 20:00:00.000,2015,7,17,20,14008KT,19,05
2015-07-17 21:00:00.000,2015,7,17,21,16013KT,19,05
2015-07-17 22:00:00.000,2015,7,17,22,13010KT,18,05
2015-07-17 23:00:00.000,2015,7,17,23,13008KT,16,05
2015-07-18 00:00:00.000,2015,7,18,0,09005KT,15,05
2015-07-18 01:00:00.000,2015,7,18,1,03003KT,13,06
2015-07-18 02:00:00.000,2015,7,18,2,02003KT,12,08
2015-07-18 03:00:00.000,2015,7,18,3,34003KT,11,09
2015-07-18 04:00:00.000,2015,7,18,4,05004KT,10,08
2015-07-18 05:00:00.000,2015,7,18,5,03004KT,11,08
2015-07-18 06:00:00.000,2015,7,18,6,03003KT,11,08
2015-07-18 07:00:00.000,2015,7,18,7,31004KT,11,09
2015-07-18 08:00:00.000,2015,7,18,8,VRB02KT,11,09
2015-07-18 09:00:00.000,2015,7,18,9,04005KT,11,09
2015-07-18 10:00:00.000,2015,7,18,10,02003KT,11,09
2015-07-18 11:00:00.000,2015,7,18,11,05004KT,10,09
2015-07-18 12:00:00.000,2015,7,18,12,06006KT,12,09
2015-07-18 13:00:00.000,2015,7,18,13,05006KT,14,10
2015-07-18 14:00:00.000,2015,7,18,14,05008KT,15,10
2015-07-18 15:00:00.000,2015,7,18,15,04006KT,15,10
2015-07-18 16:00:00.000,2015,7,18,16,15007KT,16,10
2015-07-18 17:00:00.000,2015,7,18,17,10008KT,15,10
2015-07-18 18:00:00.000,2015,7,18,18,01005KT,18,10
2015-07-18 19:00:00.000,2015,7,18,19,09006KT,19,09
2015-07-18 20:00:00.000,2015,7,18,20,12010KT,19,09
2015-07-18 21:00:00.000,2015,7,18,21,31005KT,17,12
2015-07-18 22:00:00.000,2015,7,18,22,33006KT,17,11
2015-07-18 23:00:00.000,2015,7,18,23,15006KT,16,08
2015-07-19 00:00:00.000,2015,7,19,0,31005KT,14,11
2015-07-19 01:00:00.000,2015,7,19,1,23005KT,14,09
2015-07-19 02:00:00.000,2015,7,19,2,25004KT,13,09
2015-07-19 03:00:00.000,2015,7,19,3,VRB02KT,12,11
2015-07-19 04:00:00.000,2015,7,19,4,VRB02KT,11,10
2015-07-19 05:00:00.000,2015,7,19,5,02003KT,10,09
2015-07-19 06:00:00.000,2015,7,19,6,VRB02KT,11,10
2015-07-19 07:00:00.000,2015,7,19,7,VRB02KT,11,10
2015-07-19 08:00:00.000,2015,7,19,8,VRB02KT,11,10
2015-07-19 09:00:00.000,2015,7,19,9,VRB02KT,10,10
2015-07-19 10:00:00.000,2015,7,19,10,VRB02KT,10,09
2015-07-19 11:00:00.000,2015,7,19,11,VRB02KT,10,10
2015-07-19 12:00:00.000,2015,7,19,12,30003KT,11,10
2015-07-19 13:00:00.000,2015,7,19,13,30004KT,14,11
2015-07-19 14:00:00.000,2015,7,19,14,32004KT,15,11
2015-07-19 15:00:00.000,2015,7,19,15,VRB02KT,16,09
2015-07-19 16:00:00.000,2015,7,19,16,17006KT,15,10
2015-07-19 17:00:00.000,2015,7,19,17,04004KT,16,11
2015-07-19 18:00:00.000,2015,7,19,18,35003KT,18,11
2015-07-19 19:00:00.000,2015,7,19,19,29008KT,16,12
2015-07-19 20:00:00.000,2015,7,19,20,27007KT,14,12
2015-07-19 21:00:00.000,2015,7,19,21,31006KT,14,12
2015-07-19 22:00:00.000,2015,7,19,22,28005KT,15,12
2015-07-19 23:00:00.000,2015,7,19,23,32003KT,14,11
2015-07-20 00:00:00.000,2015,7,20,0,VRB02KT,13,11
2015-07-20 01:00:00.000,2015,7,20,1,VRB02KT,13,10
2015-07-20 02:00:00.000,2015,7,20,2,VRB02KT,13,11
2015-07-20 03:00:00.000,2015,7,20,3,VRB02KT,13,10
2015-07-20 04:00:00.000,2015,7,20,4,VRB02KT,13,11
2015-07-20 05:00:00.000,2015,7,20,5,22004KT,13,11
2015-07-20 06:00:00.000,2015,7,20,6,VRB02KT,12,11
2015-07-20 07:00:00.000,2015,7,20,7,24005KT,12,11
2015-07-20 08:00:00.000,2015,7,20,8,28004KT,12,11
2015-07-20 09:00:00.000,2015,7,20,9,VRB02KT,12,10
2015-07-20 10:00:00.000,2015,7,20,10,03003KT,11,10
2015-07-20 11:00:00.000,2015,7,20,11,VRB02KT,12,11
2015-07-20 12:00:00.000,2015,7,20,12,VRB02KT,12,10
2015-07-20 13:00:00.000,2015,7,20,13,36003KT,13,11
2015-07-20 14:00:00.000,2015,7,20,14,36003KT,14,11
2015-07-20 15:00:00.000,2015,7,20,15,02005KT,15,11
2015-07-20 16:00:00.000,2015,7,20,16,15008KT,18,10
2015-07-20 17:00:00.000,2015,7,20,17,09006KT,18,08
2015-07-20 18:00:00.000,2015,7,20,18,18004KT,19,08
2015-07-20 19:00:00.000,2015,7,20,19,27010KT,17,11
2015-07-20 20:00:00.000,2015,7,20,20,35008KT,16,12
2015-07-20 21:00:00.000,2015,7,20,21,35006KT,16,13
2015-07-20 22:00:00.000,2015,7,20,22,07008KT,15,13
2015-07-20 23:00:00.000,2015,7,20,23,04004KT,15,12
2015-07-21 00:00:00.000,2015,7,21,0,00000KT,14,11
2015-07-21 01:00:00.000,2015,7,21,1,21004KT,14,12
2015-07-21 02:00:00.000,2015,7,21,2,23008KT,13,11
2015-07-21 03:00:00.000,2015,7,21,3,22004KT,13,11
2015-07-21 04:00:00.000,2015,7,21,4,VRB02KT,13,11
2015-07-21 05:00:00.000,2015,7,21,5,00000KT,12,11
2015-07-21 06:00:00.000,2015,7,21,6,03003KT,12,10
2015-07-21 07:00:00.000,2015,7,21,7,06005KT,11,10
2015-07-21 08:00:00.000,2015,7,21,8,35003KT,11,10
2015-07-21 09:00:00.000,2015,7,21,9,03004KT,12,11
2015-07-21 10:00:00.000,2015,7,21,10,02003KT,11,10
2015-07-21 11:00:00.000,2015,7,21,11,VRB02KT,11,10
2015-07-21 12:00:00.000,2015,7,21,12,02003KT,12,10
2015-07-21 13:00:00.000,2015,7,21,13,05003KT,13,10
2015-07-21 14:00:00.000,2015,7,21,14,32003KT,17,10
2015-07-21 15:00:00.000,2015,7,21,15,10003KT,17,09
2015-07-21 16:00:00.000,2015,7,21,16,16003KT,17,08
2015-07-21 17:00:00.000,2015,7,21,17,27007KT,16,11
2015-07-21 18:00:00.000,2015,7,21,18,31009KT,14,12
2015-07-21 19:00:00.000,2015,7,21,19,30007KT,16,12
2015-07-21 20:00:00.000,2015,7,21,20,28006KT,16,12
2015-07-21 21:00:00.000,2015,7,21,21,22006KT,15,12
2015-07-21 22:00:00.000,2015,7,21,22,26006KT,15,12
2015-07-21 23:00:00.000,2015,7,21,23,30005KT,15,12
2015-07-22 00:00:00.000,2015,7,22,0,28006KT,14,12
2015-07-22 01:00:00.000,2015,7,22,1,25004KT,14,11
2015-07-22 02:00:00.000,2015,7,22,2,VRB02KT,13,11
2015-07-22 03:00:00.000,2015,7,22,3,27004KT,13,11
2015-07-22 04:00:00.000,2015,7,22,4,06004KT,12,11
2015-07-22 05:00:00.000,2015,7,22,5,05004KT,12,10
2015-07-22 06:00:00.000,2015,7,22,6,05004KT,12,10
2015-07-22 07:00:00.000,2015,7,22,7,04008KT,12,10
2015-07-22 08:00:00.000,2015,7,22,8,05008KT,11,10
2015-07-22 09:00:00.000,2015,7,22,9,05006KT,12,10
2015-07-22 10:00:00.000,2015,7,22,10,05006KT,11,10
2015-07-22 11:00:00.000,2015,7,22,11,05004KT,10,09
2015-07-22 12:00:00.000,2015,7,22,12,VRB02KT,14,10
2015-07-22 13:00:00.000,2015,7,22,13,10006KT,14,09
2015-07-22 14:00:00.000,2015,7,22,14,19006KT,16,09
2015-07-22 15:00:00.000,2015,7,22,15,19007KT,17,09
2015-07-22 16:00:00.000,2015,7,22,16,20015KT,16,10
2015-07-22 17:00:00.000,2015,7,22,17,18012KT,17,10
2015-07-22 18:00:00.000,2015,7,22,18,14012KT,17,09
2015-07-22 19:00:00.000,2015,7,22,19,14014KT,19,09
2015-07-22 20:00:00.000,2015,7,22,20,13012KT,18,09
2015-07-22 21:00:00.000,2015,7,22,21,13010KT,15,12
2015-07-22 22:00:00.000,2015,7,22,22,12010KT,16,08
2015-07-22 23:00:00.000,2015,7,22,23,15008KT,16,08
2015-07-23 00:00:00.000,2015,7,23,0,09005KT,14,08
2015-07-23 01:00:00.000,2015,7,23,1,05003KT,12,08
2015-07-23 02:00:00.000,2015,7,23,2,07004KT,13,08
2015-07-23 03:00:00.000,2015,7,23,3,09005KT,13,08
2015-07-23 04:00:00.000,2015,7,23,4,09005KT,13,08
2015-07-23 05:00:00.000,2015,7,23,5,04005KT,12,09
2015-07-23 06:00:00.000,2015,7,23,6,01004KT,13,11
2015-07-23 07:00:00.000,2015,7,23,7,VRB02KT,12,09
2015-07-23 08:00:00.000,2015,7,23,8,VRB02KT,11,09
2015-07-23 09:00:00.000,2015,7,23,9,03003KT,11,09
2015-07-23 10:00:00.000,2015,7,23,10,02004KT,11,09
2015-07-23 11:00:00.000,2015,7,23,11,VRB02KT,11,09
2015-07-23 12:00:00.000,2015,7,23,12,10004KT,12,09
2015-07-23 13:00:00.000,2015,7,23,13,10005KT,15,08
2015-07-23 14:00:00.000,2015,7,23,14,12009KT,15,07
2015-07-23 15:00:00.000,2015,7,23,15,12008KT,15,06
2015-07-23 16:00:00.000,2015,7,23,16,14010KT,17,07
2015-07-23 17:00:00.000,2015,7,23,17,12010KT,16,07
2015-07-23 18:00:00.000,2015,7,23,18,09005KT,16,08
2015-07-23 19:00:00.000,2015,7,23,19,08011KT,15,09
2015-07-23 20:00:00.000,2015,7,23,20,10010KT,17,08
2015-07-23 21:00:00.000,2015,7,23,21,05008KT,17,07
2015-07-23 22:00:00.000,2015,7,23,22,10012KT,16,07
2015-07-23 23:00:00.000,2015,7,23,23,13009KT,14,06
2015-07-24 00:00:00.000,2015,7,24,0,09006KT,13,06
2015-07-24 01:00:00.000,2015,7,24,1,06007KT,11,06
2015-07-24 02:00:00.000,2015,7,24,2,06008KT,10,06
2015-07-24 03:00:00.000,2015,7,24,3,07008KT,10,06
2015-07-24 04:00:00.000,2015,7,24,4,05010KT,10,07
2015-07-24 05:00:00.000,2015,7,24,5,06007KT,10,07
2015-07-24 06:00:00.000,2015,7,24,6,05003KT,10,07
2015-07-24 07:00:00.000,2015,7,24,7,32003KT,10,07
2015-07-24 08:00:00.000,2015,7,24,8,VRB02KT,10,07
2015-07-24 09:00:00.000,2015,7,24,9,VRB02KT,08,07
2015-07-24 10:00:00.000,2015,7,24,10,04004KT,07,06
2015-07-24 11:00:00.000,2015,7,24,11,VRB02KT,08,07
2015-07-24 12:00:00.000,2015,7,24,12,06005KT,11,08
2015-07-24 13:00:00.000,2015,7,24,13,06005KT,13,08
2015-07-24 14:00:00.000,2015,7,24,14,07005KT,14,08
2015-07-24 15:00:00.000,2015,7,24,15,03003KT,17,08
2015-07-24 16:00:00.000,2015,7,24,16,17009KT,17,06
2015-07-24 17:00:00.000,2015,7,24,17,18011KT,18,06
2015-07-24 18:00:00.000,2015,7,24,18,15011KT,18,06
2015-07-24 19:00:00.000,2015,7,24,19,17016KT,19,06
2015-07-24 20:00:00.000,2015,7,24,20,18014KT,18,07
2015-07-24 21:00:00.000,2015,7,24,21,15010KT,14,09
2015-07-24 22:00:00.000,2015,7,24,22,VRB02KT,14,08
2015-07-24 23:00:00.000,2015,7,24,23,VRB02KT,15,09
2015-07-25 00:00:00.000,2015,7,25,0,17005KT,14,08
2015-07-25 01:00:00.000,2015,7,25,1,14004KT,13,08
2015-07-25 02:00:00.000,2015,7,25,2,VRB02KT,13,07
2015-07-25 03:00:00.000,2015,7,25,3,12004KT,12,07
2015-07-25 04:00:00.000,2015,7,25,4,11005KT,12,07
2015-07-25 06:00:00.000,2015,7,25,6,VRB02KT,09,07
2015-07-25 07:00:00.000,2015,7,25,7,VRB02KT,11,08
2015-07-25 08:00:00.000,2015,7,25,8,06006KT,10,08
2015-07-25 09:00:00.000,2015,7,25,9,07007KT,10,07
2015-07-25 10:00:00.000,2015,7,25,10,09003KT,11,07
2015-07-25 11:00:00.000,2015,7,25,11,VRB02KT,11,07
2015-07-25 12:00:00.000,2015,7,25,12,09006KT,12,08
2015-07-25 13:00:00.000,2015,7,25,13,05010KT,13,08
2015-07-25 14:00:00.000,2015,7,25,14,06004KT,14,08
2015-07-25 15:00:00.000,2015,7,25,15,10007KT,16,08
2015-07-25 16:00:00.000,2015,7,25,16,12010KT,17,07
2015-07-25 17:00:00.000,2015,7,25,17,16013KT,18,08
2015-07-25 18:00:00.000,2015,7,25,18,12008KT,17,08
2015-07-25 19:00:00.000,2015,7,25,19,13010KT,18,08
2015-07-25 20:00:00.000,2015,7,25,20,13010KT,18,07
2015-07-25 21:00:00.000,2015,7,25,21,13008KT,18,07
2015-07-25 22:00:00.000,2015,7,25,22,12010KT,17,07
2015-07-25 23:00:00.000,2015,7,25,23,17010KT,16,07
2015-07-26 00:00:00.000,2015,7,26,0,14010KT,15,07
2015-07-26 01:00:00.000,2015,7,26,1,13010KT,13,08
2015-07-26 02:00:00.000,2015,7,26,2,12006KT,14,08
2015-07-26 03:00:00.000,2015,7,26,3,10006KT,13,08
2015-07-26 04:00:00.000,2015,7,26,4,08004KT,13,08
2015-07-26 05:00:00.000,2015,7,26,5,04006KT,11,08
2015-07-26 06:00:00.000,2015,7,26,6,05006KT,11,08
2015-07-26 07:00:00.000,2015,7,26,7,06004KT,11,08
2015-07-26 08:00:00.000,2015,7,26,8,VRB02KT,09,07
2015-07-26 09:00:00.000,2015,7,26,9,36004KT,09,07
2015-07-26 10:00:00.000,2015,7,26,10,03006KT,09,08
2015-07-26 11:00:00.000,2015,7,26,11,06008KT,10,07
2015-07-26 12:00:00.000,2015,7,26,12,03006KT,11,08
2015-07-26 13:00:00.000,2015,7,26,13,09010KT,15,08
2015-07-26 14:00:00.000,2015,7,26,14,13006KT,16,07
2015-07-26 15:00:00.000,2015,7,26,15,18010KT,16,07
2015-07-26 16:00:00.000,2015,7,26,16,12010KT,17,09
2015-07-26 17:00:00.000,2015,7,26,17,15010KT,18,07
2015-07-26 18:00:00.000,2015,7,26,18,08010KT,19,08
2015-07-26 19:00:00.000,2015,7,26,19,15011KT,20,08
2015-07-26 20:00:00.000,2015,7,26,20,09005KT,19,07
2015-07-26 21:00:00.000,2015,7,26,21,14006KT,19,07
2015-07-26 22:00:00.000,2015,7,26,22,VRB02KT,18,07
2015-07-26 23:00:00.000,2015,7,26,23,08005KT,16,08
2015-07-27 00:00:00.000,2015,7,27,0,16011KT,15,11
2015-07-27 01:00:00.000,2015,7,27,1,13004KT,14,11
2015-07-27 02:00:00.000,2015,7,27,2,12004KT,15,10
2015-07-27 03:00:00.000,2015,7,27,3,09003KT,14,09
2015-07-27 04:00:00.000,2015,7,27,4,06004KT,13,09
2015-07-27 05:00:00.000,2015,7,27,5,13004KT,14,09
2015-07-27 06:00:00.000,2015,7,27,6,13004KT,13,09
2015-07-27 07:00:00.000,2015,7,27,7,35003KT,11,09
2015-07-27 08:00:00.000,2015,7,27,8,02003KT,12,10
2015-07-27 09:00:00.000,2015,7,27,9,02003KT,12,10
2015-07-27 10:00:00.000,2015,7,27,10,04005KT,11,10
2015-07-27 11:00:00.000,2015,7,27,11,05004KT,11,09
2015-07-27 12:00:00.000,2015,7,27,12,04005KT,12,10
2015-07-27 13:00:00.000,2015,7,27,13,08005KT,13,11
2015-07-27 14:00:00.000,2015,7,27,14,13006KT,15,10
2015-07-27 15:00:00.000,2015,7,27,15,12009KT,17,08
2015-07-27 16:00:00.000,2015,7,27,16,14014KT,18,07
2015-07-27 17:00:00.000,2015,7,27,17,15009KT,19,09
2015-07-27 18:00:00.000,2015,7,27,18,14012KT,17,09
2015-07-27 19:00:00.000,2015,7,27,19,10012KT,19,09
2015-07-27 20:00:00.000,2015,7,27,20,15015G25KT,16,10
2015-07-27 21:00:00.000,2015,7,27,21,16010KT,18,10
2015-07-27 22:00:00.000,2015,7,27,22,14010KT,17,08
2015-07-27 23:00:00.000,2015,7,27,23,17010KT,16,09
2015-07-28 00:00:00.000,2015,7,28,0,15008KT,15,09
2015-07-28 01:00:00.000,2015,7,28,1,15006KT,15,09
2015-07-28 02:00:00.000,2015,7,28,2,111003KT,14,09
2015-07-28 03:00:00.000,2015,7,28,3,VBR02KT,13,09
2015-07-28 04:00:00.000,2015,7,28,4,VBR02KT,12,09
2015-07-28 05:00:00.000,2015,7,28,5,34003KT,11,08
2015-07-28 06:00:00.000,2015,7,28,6,34004KT,11,09
2015-07-28 07:00:00.000,2015,7,28,7,29004KT,11,08
2015-07-28 08:00:00.000,2015,7,28,8,36003KT,10,09
2015-07-28 09:00:00.000,2015,7,28,9,02003KT,09,08
2015-07-28 10:00:00.000,2015,7,28,10,VRB02KT,09,08
2015-07-28 11:00:00.000,2015,7,28,11,09003KT,09,08
2015-07-28 12:00:00.000,2015,7,28,12,04004KT,11,09
2015-07-28 13:00:00.000,2015,7,28,13,03006KT,14,09
2015-07-28 14:00:00.000,2015,7,28,14,04008KT,15,08
2015-07-28 15:00:00.000,2015,7,28,15,08008KT,16,08
2015-07-28 16:00:00.000,2015,7,28,16,14008KT,17,08
2015-07-28 17:00:00.000,2015,7,28,17,05010KT,18,09
2015-07-28 18:00:00.000,2015,7,28,18,10007KT,19,07
2015-07-28 19:00:00.000,2015,7,28,19,12010KT,18,09
2015-07-28 20:00:00.000,2015,7,28,20,00000KT,19,15
2015-07-28 21:00:00.000,2015,7,28,21,15012KT,19,08
2015-07-28 22:00:00.000,2015,7,28,22,16009KT,18,07
2015-07-28 22:40:00.000,2015,7,28,22,17012KT,17,08
2015-07-28 23:00:00.000,2015,7,28,23,12010KT,14,09
2015-07-29 00:00:00.000,2015,7,29,0,13008KT,14,09
2015-07-29 00:22:00.000,2015,7,29,0,13008KT,14,09
2015-07-29 01:00:00.000,2015,7,29,1,06007KT,13,10
2015-07-29 02:00:00.000,2015,7,29,2,04005KT,12,10
2015-07-29 03:00:00.000,2015,7,29,3,03004KT,11,10
2015-07-29 04:00:00.000,2015,7,29,4,04007KT,11,09
2015-07-29 05:00:00.000,2015,7,29,5,02010KT,10,08
2015-07-29 06:00:00.000,2015,7,29,6,03006KT,11,08
2015-07-29 07:00:00.000,2015,7,29,7,04004KT,11,09
2015-07-29 08:00:00.000,2015,7,29,8,07007KT,11,08
2015-07-29 09:00:00.000,2015,7,29,9,05009KT,10,09
2015-07-29 10:00:00.000,2015,7,29,10,05007KT,11,09
2015-07-29 11:00:00.000,2015,7,29,11,VRB02KT,11,09
2015-07-29 12:00:00.000,2015,7,29,12,05006KT,11,09
2015-07-29 13:00:00.000,2015,7,29,13,05004KT,14,10
2015-07-29 14:00:00.000,2015,7,29,14,12008KT,15,08
2015-07-29 15:00:00.000,2015,7,29,15,15012KT,16,08
2015-07-29 16:00:00.000,2015,7,29,16,12006KT,17,07
2015-07-29 17:00:00.000,2015,7,29,17,15014KT,19,09
2015-07-29 18:00:00.000,2015,7,29,18,12014KT,19,09
2015-07-29 19:00:00.000,2015,7,29,19,15014KT,19,09
2015-07-29 20:00:00.000,2015,7,29,20,15010KT,19,08
2015-07-29 21:00:00.000,2015,7,29,21,14012KT,19,07
2015-07-29 22:00:00.000,2015,7,29,22,12008KT,18,08
2015-07-29 23:00:00.000,2015,7,29,23,14010KT,16,09
2015-07-30 00:00:00.000,2015,7,30,0,10004KT,16,07
2015-07-30 01:00:00.000,2015,7,30,1,03004KT,12,08
2015-07-30 02:00:00.000,2015,7,30,2,11010KT,15,08
2015-07-30 03:00:00.000,2015,7,30,3,04005KT,12,10
2015-07-30 04:00:00.000,2015,7,30,4,06006KT,12,09
2015-07-30 05:00:00.000,2015,7,30,5,02004KT,11,10
2015-07-30 06:00:00.000,2015,7,30,6,05008KT,12,10
2015-07-30 07:00:00.000,2015,7,30,7,03004KT,12,09
2015-07-30 08:00:00.000,2015,7,30,8,05006KT,11,09
2015-07-30 09:00:00.000,2015,7,30,9,05005KT,11,09
2015-07-30 10:00:00.000,2015,7,30,10,03003KT,11,09
2015-07-30 10:30:00.000,2015,7,30,10,04004KT,11,09
2015-07-30 11:00:00.000,2015,7,30,11,05005KT,10,09
2015-07-30 12:00:00.000,2015,7,30,12,VRB02KT,11,10
2015-07-30 13:00:00.000,2015,7,30,13,VRB02KT,12,10
2015-07-30 14:00:00.000,2015,7,30,14,20006KT,14,09
2015-07-30 15:00:00.000,2015,7,30,15,15008KT,16,08
2015-07-30 16:00:00.000,2015,7,30,16,17014KT,17,08
2015-07-30 17:00:00.000,2015,7,30,17,16009KT,15,09
2015-07-30 18:00:00.000,2015,7,30,18,18008KT,15,11
2015-07-30 18:35:00.000,2015,7,30,18,16009KT,18,10
2015-07-30 19:00:00.000,2015,7,30,19,17014KT,16,11
2015-07-30 20:00:00.000,2015,7,30,20,16012KT,17,08
2015-07-30 21:00:00.000,2015,7,30,21,15010KT,17,08
2015-07-30 22:00:00.000,2015,7,30,22,13010KT,16,08
2015-07-30 23:00:00.000,2015,7,30,23,17009KT,16,08
2015-07-31 00:00:00.000,2015,7,31,0,02008KT,13,10
2015-07-31 01:00:00.000,2015,7,31,1,14007KT,14,08
2015-07-31 02:00:00.000,2015,7,31,2,14004KT,14,08
2015-07-31 03:00:00.000,2015,7,31,3,13008KT,14,08
2015-07-31 04:00:00.000,2015,7,31,4,14006KT,13,08
2015-07-31 05:00:00.000,2015,7,31,5,VRB02KT,13,09
2015-07-31 06:00:00.000,2015,7,31,6,33004KT,11,09
2015-07-31 07:00:00.000,2015,7,31,7,VRB02KT,10,09
2015-07-31 08:00:00.000,2015,7,31,8,00000KT,09,08
2015-07-31 09:00:00.000,2015,7,31,9,03003KT,09,08
2015-07-31 10:00:00.000,2015,7,31,10,VRB02KT,09,08
2015-07-31 10:30:00.000,2015,7,31,10,VRB02KT,10,08
2015-07-31 11:00:00.000,2015,7,31,11,10004KT,11,09
2015-07-31 12:00:00.000,2015,7,31,12,34004KT,12,10
2015-07-31 12:12:00.000,2015,7,31,12,34004KT,12,10
2015-07-31 13:00:00.000,2015,7,31,13,10004KT,15,08
2015-07-31 14:00:00.000,2015,7,31,14,18014KT,16,07
2015-07-31 15:00:00.000,2015,7,31,15,16011KT,17,07
2015-07-31 16:00:00.000,2015,7,31,16,13010KT,16,07
2015-07-31 17:00:00.000,2015,7,31,17,13011KT,18,07
2015-07-31 18:00:00.000,2015,7,31,18,16015KT,18,08
2015-07-31 19:00:00.000,2015,7,31,19,15012KT,18,07
2015-07-31 20:00:00.000,2015,7,31,20,16013KT,17,07
2015-07-31 21:00:00.000,2015,7,31,21,15010KT,17,07
2015-07-31 22:00:00.000,2015,7,31,22,16010KT,16,07
2015-07-31 23:00:00.000,2015,7,31,23,14008KT,16,07
2015-08-01 00:00:00.000,2015,8,1,0,10003KT,14,08
2015-08-01 01:00:00.000,2015,8,1,1,05004KT,12,08
2015-08-01 02:00:00.000,2015,8,1,2,05005KT,11,08
2015-08-01 03:00:00.000,2015,8,1,3,04003KT,10,08
2015-08-01 04:00:00.000,2015,8,1,4,05005KT,10,08
2015-08-01 05:00:00.000,2015,8,1,5,05007KT,11,08
2015-08-01 06:00:00.000,2015,8,1,6,01003KT,11,08
2015-08-01 07:00:00.000,2015,8,1,7,09003KT,11,08
2015-08-01 08:00:00.000,2015,8,1,8,04003KT,09,08
2015-08-01 09:00:00.000,2015,8,1,9,04004KT,08,07
2015-08-01 10:00:00.000,2015,8,1,10,28003KT,08,07
2015-08-01 10:30:00.000,2015,8,1,10,00000KT,09,08
2015-08-01 11:00:00.000,2015,8,1,11,00000KT,09,08
2015-08-01 12:00:00.000,2015,8,1,12,VRB02KT,10,09
2015-08-01 13:00:00.000,2015,8,1,13,02005KT,13,09
2015-08-01 14:00:00.000,2015,8,1,14,09005KT,14,09
2015-08-01 15:00:00.000,2015,8,1,15,17006KT,16,09
2015-08-01 16:00:00.000,2015,8,1,16,09006KT,16,09
2015-08-01 17:00:00.000,2015,8,1,17,14017KT,19,10
2015-08-01 18:00:00.000,2015,8,1,18,11009KT,18,08
2015-08-01 19:00:00.000,2015,8,1,19,11005KT,17,07
2015-08-01 20:00:00.000,2015,8,1,20,14011KT,18,07
2015-08-01 21:00:00.000,2015,8,1,21,15012KT,18,07
2015-08-01 22:00:00.000,2015,8,1,22,08009KT,16,08
2015-08-01 23:00:00.000,2015,8,1,23,11007KT,15,08
2015-08-02 00:00:00.000,2015,8,2,0,13005KT,14,08
2015-08-02 01:00:00.000,2015,8,2,1,14006KT,13,08
2015-08-02 02:00:00.000,2015,8,2,2,34003KT,12,08
2015-08-02 03:00:00.000,2015,8,2,3,34003KT,12,09
2015-08-02 04:00:00.000,2015,8,2,4,01003KT,12,09
2015-08-02 05:00:00.000,2015,8,2,5,04003KT,12,10
2015-08-02 06:00:00.000,2015,8,2,6,VRB02KT,11,10
2015-08-02 07:00:00.000,2015,8,2,7,VRB02KT,11,10
2015-08-02 08:00:00.000,2015,8,2,8,VRB02KT,11,10
2015-08-02 09:00:00.000,2015,8,2,9,VRB02KT,11,10
2015-08-02 10:00:00.000,2015,8,2,10,VRB02KT,11,10
2015-08-02 10:30:00.000,2015,8,2,10,31003KT,11,10
2015-08-02 11:00:00.000,2015,8,2,11,VRBO2KT,11,10
2015-08-02 12:00:00.000,2015,8,2,12,VRB02KT,13,10
2015-08-02 13:00:00.000,2015,8,2,13,18010KT,14,09
2015-08-02 14:00:00.000,2015,8,2,14,17010KT,15,09
2015-08-02 15:00:00.000,2015,8,2,15,18012KT,16,09
2015-08-02 16:00:00.000,2015,8,2,16,15012KT,17,09
2015-08-02 16:30:00.000,2015,8,2,16,15012KT,18,09
2015-08-02 17:00:00.000,2015,8,2,17,17015KT,18,10
2015-08-02 18:00:00.000,2015,8,2,18,16011KT,19,08
2015-08-02 19:00:00.000,2015,8,2,19,170009KT,19,08
2015-08-02 20:00:00.000,2015,8,2,20,16010KT,19,07
2015-08-02 21:00:00.000,2015,8,2,21,14008KT,20,07
2015-08-02 21:25:00.000,2015,8,2,21,14007KT,18,07
2015-08-02 22:00:00.000,2015,8,2,22,08009KT,17,08
2015-08-02 23:00:00.000,2015,8,2,23,06008KT,16,09
2015-08-03 00:00:00.000,2015,8,3,0,10006KT,16,08
2015-08-03 01:00:00.000,2015,8,3,1,06008KT,14,09
2015-08-03 02:00:00.000,2015,8,3,2,08006KT,14,09
2015-08-03 03:00:00.000,2015,8,3,3,12006KT,14,09
2015-08-03 04:00:00.000,2015,8,3,4,09004KT,13,08
2015-08-03 05:00:00.000,2015,8,3,5,05004KT,10,08
2015-08-03 06:00:00.000,2015,8,3,6,03006KT,10,08
2015-08-03 07:00:00.000,2015,8,3,7,VRB02KT,10,09
2015-08-03 08:00:00.000,2015,8,3,8,35004KT,08,07
2015-08-03 09:00:00.000,2015,8,3,9,04006KT,09,08
2015-08-03 10:00:00.000,2015,8,3,10,04004KT,08,07
2015-08-03 10:30:00.000,2015,8,3,10,01004KT,08,07
2015-08-03 11:00:00.000,2015,8,3,11,03004KT,09,07
2015-08-03 12:00:00.000,2015,8,3,12,07003KT,12,10
2015-08-03 12:09:00.000,2015,8,3,12,11005KT,14,07
2015-08-03 13:00:00.000,2015,8,3,13,11009KT,14,07
2015-08-03 14:00:00.000,2015,8,3,14,11007KT,16,08
2015-08-03 15:00:00.000,2015,8,3,15,13009KT,17,08
2015-08-03 16:00:00.000,2015,8,3,16,11008KT,19,09
2015-08-03 16:20:00.000,2015,8,3,16,11008KT,19,09
2015-08-03 17:00:00.000,2015,8,3,17,13011KT,20,09
2015-08-03 18:00:00.000,2015,8,3,18,10012KT,18,09
2015-08-03 19:00:00.000,2015,8,3,19,13008KT,16,11
2015-08-03 20:00:00.000,2015,8,3,20,16005KT,18,09
2015-08-03 21:00:00.000,2015,8,3,21,10006KT,18,11
2015-08-03 22:00:00.000,2015,8,3,22,10010KT,17,09
2015-08-03 23:00:00.000,2015,8,3,23,09010KT,16,09
2015-08-04 00:00:00.000,2015,8,4,0,00000KT,25,23
2015-08-04 01:00:00.000,2015,8,4,1,06004KT,13,09
2015-08-04 02:00:00.000,2015,8,4,2,10006KT,14,07
2015-08-04 03:00:00.000,2015,8,4,3,13004KT,13,09
2015-08-04 04:00:00.000,2015,8,4,4,00000KT,12,09
2015-08-04 05:00:00.000,2015,8,4,5,VRB02KT,12,09
2015-08-04 06:00:00.000,2015,8,4,6,16004KT,13,09
2015-08-04 07:00:00.000,2015,8,4,7,14004KT,12,09
2015-08-04 08:00:00.000,2015,8,4,8,14007KT,12,07
2015-08-04 09:00:00.000,2015,8,4,9,13008KT,13,08
2015-08-04 10:00:00.000,2015,8,4,10,16005KT,13,07
2015-08-04 10:30:00.000,2015,8,4,10,VRB02KT,13,07
2015-08-04 11:00:00.000,2015,8,4,11,16003KT,13,08
2015-08-04 12:00:00.000,2015,8,4,12,12004KT,14,08
2015-08-04 13:00:00.000,2015,8,4,13,09006KT,15,08
2015-08-04 14:00:00.000,2015,8,4,14,15008KT,16,08
2015-08-04 15:00:00.000,2015,8,4,15,16012KT,16,08
2015-08-04 16:00:00.000,2015,8,4,16,17012KT,16,10
2015-08-04 17:00:00.000,2015,8,4,17,16014KT,18,09
2015-08-04 18:00:00.000,2015,8,4,18,14011KT,18,08
2015-08-04 19:00:00.000,2015,8,4,19,14012KT,17,08
2015-08-04 20:00:00.000,2015,8,4,20,15012KT,18,08
2015-08-04 21:00:00.000,2015,8,4,21,15012KT,18,08
2015-08-04 22:00:00.000,2015,8,4,22,11007KT,17,07
2015-08-04 23:00:00.000,2015,8,4,23,14011KT,16,09
2015-08-05 00:00:00.000,2015,8,5,0,10006KT,15,09
2015-08-05 01:00:00.000,2015,8,5,1,10005KT,15,09
2015-08-05 02:00:00.000,2015,8,5,2,15009KT,14,09
2015-08-05 03:00:00.000,2015,8,5,3,14010KT,14,09
2015-08-05 04:00:00.000,2015,8,5,4,15009KT,14,08
2015-08-05 05:00:00.000,2015,8,5,5,14007KT,14,08
2015-08-05 06:00:00.000,2015,8,5,6,03005KT,13,08
2015-08-05 07:00:00.000,2015,8,5,7,10004KT,13,08
2015-08-05 08:00:00.000,2015,8,5,8,12006KT,14,08
2015-08-05 09:00:00.000,2015,8,5,9,07004KT,13,08
2015-08-05 10:00:00.000,2015,8,5,10,06003KT,12,08
2015-08-05 11:00:00.000,2015,8,5,11,06005KT,13,09
2015-08-05 12:00:00.000,2015,8,5,12,08003KT,14,09
2015-08-05 13:00:00.000,2015,8,5,13,09006KT,15,08
2015-08-05 14:00:00.000,2015,8,5,14,10006KT,16,08
2015-08-05 15:00:00.000,2015,8,5,15,14015KT,17,07
2015-08-05 16:00:00.000,2015,8,5,16,16004KT,18,08
2015-08-05 18:00:00.000,2015,8,5,18,16017KT,20,07
2015-08-05 19:00:00.000,2015,8,5,19,16013KT,20,06
2015-08-05 20:00:00.000,2015,8,5,20,15013KT,19,07
2015-08-05 21:00:00.000,2015,8,5,21,11008KT,19,05
2015-08-05 22:00:00.000,2015,8,5,22,18008KT,18,06
2015-08-05 23:00:00.000,2015,8,5,23,17011KT,17,06
2015-08-06 00:00:00.000,2015,8,6,0,17009KT,16,06
2015-08-06 01:00:00.000,2015,8,6,1,13007KT,15,08
2015-08-06 02:00:00.000,2015,8,6,2,13007KT,15,07
2015-08-06 03:00:00.000,2015,8,6,3,08005KT,14,07
2015-08-06 04:00:00.000,2015,8,6,4,05005KT,14,07
2015-08-06 05:00:00.000,2015,8,6,5,09004KT,12,08
2015-08-06 06:00:00.000,2015,8,6,6,02003KT,11,08
2015-08-06 08:00:00.000,2015,8,6,8,04007KT,11,08
2015-08-06 09:00:00.000,2015,8,6,9,09005KT,12,09
2015-08-06 10:00:00.000,2015,8,6,10,04003KT,11,08
2015-08-06 11:00:00.000,2015,8,6,11,08004KT,12,09
2015-08-06 12:00:00.000,2015,8,6,12,33003KT,13,09
2015-08-06 13:00:00.000,2015,8,6,13,09005KT,17,09
2015-08-06 14:00:00.000,2015,8,6,14,12009KT,17,07
2015-08-06 15:00:00.000,2015,8,6,15,13013KT,18,06
2015-08-06 17:00:00.000,2015,8,6,17,13012KT,19,08
2015-08-06 18:00:00.000,2015,8,6,18,13010KT,20,07
2015-08-06 19:00:00.000,2015,8,6,19,09010KT,20,07
2015-08-06 20:00:00.000,2015,8,6,20,14010KT,19,07
2015-08-06 21:00:00.000,2015,8,6,21,16015KT,19,07
2015-08-06 22:00:00.000,2015,8,6,22,17015KT,18,07
2015-08-06 23:00:00.000,2015,8,6,23,16010KT,16,07
2015-08-07 00:00:00.000,2015,8,7,0,08005KT,14,09
2015-08-07 01:00:00.000,2015,8,7,1,04006KT,12,10
2015-08-07 02:00:00.000,2015,8,7,2,04006KT,12,10
2015-08-07 03:00:00.000,2015,8,7,3,04005KT,11,09
2015-08-07 04:00:00.000,2015,8,7,4,06007KT,11,09
2015-08-07 05:00:00.000,2015,8,7,5,05005KT,11,09
2015-08-07 06:00:00.000,2015,8,7,6,04008KT,11,09
2015-08-07 07:00:00.000,2015,8,7,7,05006KT,11,09
2015-08-07 08:00:00.000,2015,8,7,8,05006KT,11,09
2015-08-07 09:00:00.000,2015,8,7,9,06008KT,11,09
2015-08-07 10:00:00.000,2015,8,7,10,VRB02KT,12,09
2015-08-07 11:00:00.000,2015,8,7,11,05007KT,11,09
2015-08-07 12:00:00.000,2015,8,7,12,05008KT,12,10
2015-08-07 13:00:00.000,2015,8,7,13,07004KT,13,10
2015-08-07 14:00:00.000,2015,8,7,14,10008KT,15,07
2015-08-07 15:00:00.000,2015,8,7,15,08008KT,17,07
2015-08-07 16:00:00.000,2015,8,7,16,13010KT,18,07
2015-08-07 17:00:00.000,2015,8,7,17,12010KT,18,08
2015-08-07 18:00:00.000,2015,8,7,18,11010KT,15,09
2015-08-07 19:00:00.000,2015,8,7,19,18009KT,18,10
2015-08-07 20:00:00.000,2015,8,7,20,14010KT,20,09
2015-08-07 21:00:00.000,2015,8,7,21,13009KT,19,08
2015-08-07 22:00:00.000,2015,8,7,22,VRB02KT,19,08
2015-08-07 23:00:00.000,2015,8,7,23,VRB02KT,17,10
2015-08-08 00:00:00.000,2015,8,8,0,34003KT,15,10
2015-08-08 01:00:00.000,2015,8,8,1,04004KT,14,10
2015-08-08 02:00:00.000,2015,8,8,2,07005KT,14,09
2015-08-08 03:00:00.000,2015,8,8,3,05006KT,14,09
2015-08-08 04:00:00.000,2015,8,8,4,05006KT,14,09
2015-08-08 05:00:00.000,2015,8,8,5,04006KT,13,09
2015-08-08 06:00:00.000,2015,8,8,6,02004KT,12,09
2015-08-08 09:00:00.000,2015,8,8,9,06003KT,11,09
2015-08-08 10:00:00.000,2015,8,8,10,VRB02KT,11,09
2015-08-08 11:00:00.000,2015,8,8,11,350903KT,11,10
2015-08-08 12:00:00.000,2015,8,8,12,VRB02KT,12,11
2015-08-08 13:00:00.000,2015,8,8,13,VRB02KT,13,11
2015-08-08 14:00:00.000,2015,8,8,14,VRB02KT,16,11
2015-08-08 15:00:00.000,2015,8,8,15,VRB02KT,16,11
2015-08-08 16:00:00.000,2015,8,8,16,16011KT,18,08
2015-08-08 17:00:00.000,2015,8,8,17,18012KT,18,08
2015-08-08 18:00:00.000,2015,8,8,18,16008KT,19,09
2015-08-08 19:00:00.000,2015,8,8,19,08012KT,19,09
2015-08-08 20:00:00.000,2015,8,8,20,32007KT,17,10
2015-08-08 21:00:00.000,2015,8,8,21,26008KT,16,10
2015-08-08 22:00:00.000,2015,8,8,22,34007KT,16,11
2015-08-08 23:00:00.000,2015,8,8,23,25007KT,15,11
2015-08-09 00:00:00.000,2015,8,9,0,28005KT,14,11
2015-08-09 01:00:00.000,2015,8,9,1,17010KT,15,06
2015-08-09 02:00:00.000,2015,8,9,2,18007KT,15,06
2015-08-09 03:00:00.000,2015,8,9,3,16010KT,15,05
2015-08-09 04:00:00.000,2015,8,9,4,04005KT,11,08
2015-08-09 05:00:00.000,2015,8,9,5,02003KT,10,08
2015-08-09 06:00:00.000,2015,8,9,6,08003KT,13,07
2015-08-09 07:00:00.000,2015,8,9,7,03004KT,11,07
2015-08-09 08:00:00.000,2015,8,9,8,03005KT,11,08
2015-08-09 09:00:00.000,2015,8,9,9,06007KT,11,09
2015-08-09 10:00:00.000,2015,8,9,10,05005KT,11,08
2015-08-09 10:30:00.000,2015,8,9,10,04003KT,10,08
2015-08-09 11:00:00.000,2015,8,9,11,36003KT,10,08
2015-08-09 12:00:00.000,2015,8,9,12,04004KT,11,09
2015-08-09 13:00:00.000,2015,8,9,13,03004KT,13,09
2015-08-09 14:00:00.000,2015,8,9,14,VRB02KT,15,08
2015-08-09 15:00:00.000,2015,8,9,15,15010KT,16,08
2015-08-09 16:00:00.000,2015,8,9,16,15010KT,17,08
2015-08-09 17:00:00.000,2015,8,9,17,17010KT,17,08
2015-08-09 18:00:00.000,2015,8,9,18,15011KT,17,08
2015-08-09 19:00:00.000,2015,8,9,19,16009KT,17,08
2015-08-09 20:00:00.000,2015,8,9,20,18010KT,17,07
2015-08-09 21:00:00.000,2015,8,9,21,17010KT,16,08
2015-08-09 22:00:00.000,2015,8,9,22,12005KT,16,08
2015-08-09 23:00:00.000,2015,8,9,23,05005KT,15,08
2015-08-10 00:00:00.000,2015,8,10,0,08005KT,14,08
2015-08-10 01:00:00.000,2015,8,10,1,35003KT,13,08
2015-08-10 02:00:00.000,2015,8,10,2,04003KT,12,08
2015-08-10 03:00:00.000,2015,8,10,3,04005KT,11,08
2015-08-10 04:00:00.000,2015,8,10,4,04005KT,11,08
2015-08-10 05:00:00.000,2015,8,10,5,02003KT,10,08
2015-08-10 06:00:00.000,2015,8,10,6,02003KT,09,08
2015-08-10 07:00:00.000,2015,8,10,7,02004KT,09,08
2015-08-10 08:00:00.000,2015,8,10,8,26003KT,09,08
2015-08-10 09:00:00.000,2015,8,10,9,00000KT,08,07
2015-08-10 10:00:00.000,2015,8,10,10,00000KT,07,06
2015-08-10 10:30:00.000,2015,8,10,10,00000KT,06,06
2015-08-10 11:00:00.000,2015,8,10,11,VRB02KT,05,05
2015-08-10 12:00:00.000,2015,8,10,12,VRB02KT,07,06
2015-08-10 12:15:00.000,2015,8,10,12,03003KT,10,09
2015-08-10 13:00:00.000,2015,8,10,13,04003KT,13,09
2015-08-10 13:30:00.000,2015,8,10,13,05005KT,15,09
2015-08-10 14:00:00.000,2015,8,10,14,05005KT,16,08
2015-08-10 15:00:00.000,2015,8,10,15,11008KT,17,05
2015-08-10 16:00:00.000,2015,8,10,16,10008KT,18,06
2015-08-10 17:00:00.000,2015,8,10,17,13007KT,19,06
2015-08-10 18:00:00.000,2015,8,10,18,07010KT,18,07
2015-08-10 19:00:00.000,2015,8,10,19,06009KT,15,09
2015-08-10 20:00:00.000,2015,8,10,20,10005KT,15,09
2015-08-10 21:00:00.000,2015,8,10,21,05005KT,15,10
2015-08-10 22:00:00.000,2015,8,10,22,17007KT,15,09
2015-08-10 23:00:00.000,2015,8,10,23,18008KT,16,08
2015-08-11 00:00:00.000,2015,8,11,0,17008KT,14,09
2015-08-11 01:00:00.000,2015,8,11,1,12005KT,13,10
2015-08-11 02:00:00.000,2015,8,11,2,06007KT,12,10
2015-08-11 03:00:00.000,2015,8,11,3,09003KT,13,09
2015-08-11 04:00:00.000,2015,8,11,4,09008KT,13,09
2015-08-11 05:00:00.000,2015,8,11,5,11003KT,12,09
2015-08-11 06:00:00.000,2015,8,11,6,26003KT,12,08
2015-08-11 07:00:00.000,2015,8,11,7,16005KT,12,08
2015-08-11 08:00:00.000,2015,8,11,8,13006KT,12,08
2015-08-11 09:00:00.000,2015,8,11,9,07003KT,12,08
2015-08-11 10:00:00.000,2015,8,11,10,05006KT,11,08
2015-08-11 10:30:00.000,2015,8,11,10,07009KT,11,08
2015-08-11 11:00:00.000,2015,8,11,11,07006KT,11,08
2015-08-11 12:00:00.000,2015,8,11,12,05007KT,12,09
2015-08-11 13:00:00.000,2015,8,11,13,10007KT,14,09
2015-08-11 14:00:00.000,2015,8,11,14,13014KT,15,09
2015-08-11 15:00:00.000,2015,8,11,15,15015KT,16,09
2015-08-11 16:00:00.000,2015,8,11,16,14012KT,17,09
2015-08-11 17:00:00.000,2015,8,11,17,11014KT,18,09
2015-08-11 18:00:00.000,2015,8,11,18,09014KT,18,09
2015-08-11 19:00:00.000,2015,8,11,19,09013KT,17,09
2015-08-11 19:30:00.000,2015,8,11,19,12015KT,16,10
2015-08-11 20:00:00.000,2015,8,11,20,13010KT,18,10
2015-08-11 21:00:00.000,2015,8,11,21,12011KT,18,08
2015-08-11 22:00:00.000,2015,8,11,22,11010KT,18,08
2015-08-11 23:00:00.000,2015,8,11,23,14011KT,16,07
2015-08-12 00:00:00.000,2015,8,12,0,11004KT,15,07
2015-08-12 01:00:00.000,2015,8,12,1,11008KT,14,08
2015-08-12 02:00:00.000,2015,8,12,2,07005KT,13,08
2015-08-12 03:00:00.000,2015,8,12,3,VRB02KT,11,08
2015-08-12 04:00:00.000,2015,8,12,4,02004KT,09,07
2015-08-12 05:00:00.000,2015,8,12,5,VRB02KT,10,08
2015-08-12 06:00:00.000,2015,8,12,6,VRB02KT,09,07
2015-08-12 07:00:00.000,2015,8,12,7,VRB02KT,10,08
2015-08-12 08:00:00.000,2015,8,12,8,VRB02KT,09,08
2015-08-12 09:00:00.000,2015,8,12,9,06003KT,09,08
2015-08-12 10:00:00.000,2015,8,12,10,VRB02KT,09,08
2015-08-12 10:30:00.000,2015,8,12,10,00000KT,10,08
2015-08-12 11:00:00.000,2015,8,12,11,06005KT,09,07
2015-08-12 12:00:00.000,2015,8,12,12,04003KT,11,09
2015-08-12 13:00:00.000,2015,8,12,13,06006KT,12,10
2015-08-12 14:00:00.000,2015,8,12,14,07006KT,14,10
2015-08-12 15:00:00.000,2015,8,12,15,08012KT,17,07
2015-08-12 16:00:00.000,2015,8,12,16,15012KT,18,08
2015-08-12 17:00:00.000,2015,8,12,17,15012KT,18,08
2015-08-12 18:00:00.000,2015,8,12,18,14013KT,18,07
2015-08-12 19:00:00.000,2015,8,12,19,10011KT,18,07
2015-08-12 20:00:00.000,2015,8,12,20,16008KT,18,08
2015-08-12 21:00:00.000,2015,8,12,21,12007KT,19,07
2015-08-12 22:00:00.000,2015,8,12,22,13011KT,18,07
2015-08-12 23:00:00.000,2015,8,12,23,09004KT,17,05
2015-08-13 00:00:00.000,2015,8,13,0,07009KT,14,06
2015-08-13 01:00:00.000,2015,8,13,1,08005KT,15,06
2015-08-13 02:00:00.000,2015,8,13,2,03006KT,11,06
2015-08-13 03:00:00.000,2015,8,13,3,03007KT,12,07
2015-08-13 04:00:00.000,2015,8,13,4,01003KT,10,06
2015-08-13 05:00:00.000,2015,8,13,5,VRB02KT,10,06
2015-08-13 06:00:00.000,2015,8,13,6,12004KT,11,07
2015-08-13 07:00:00.000,2015,8,13,7,VRB02KT,10,07
2015-08-13 08:00:00.000,2015,8,13,8,04009KT,11,09
2015-08-13 09:00:00.000,2015,8,13,9,03005KT,10,08
2015-08-13 10:00:00.000,2015,8,13,10,VRB02KT,09,08
2015-08-13 10:30:00.000,2015,8,13,10,05003KT,09,08
2015-08-13 11:00:00.000,2015,8,13,11,VRB02KT,10,09
2015-08-13 12:00:00.000,2015,8,13,12,03004KT,11,09
2015-08-13 13:00:00.000,2015,8,13,13,05007KT,13,10
2015-08-13 14:00:00.000,2015,8,13,14,06006KT,15,08
2015-08-13 15:00:00.000,2015,8,13,15,08008KT,17,08
2015-08-13 16:00:00.000,2015,8,13,16,06005KT,16,09
2015-08-13 17:00:00.000,2015,8,13,17,03012KT,15,10
2015-08-13 17:15:00.000,2015,8,13,17,03012KT,15,10
2015-08-13 17:40:00.000,2015,8,13,17,06012KT,16,10
2015-08-13 18:00:00.000,2015,8,13,18,06011KT,16,09
2015-08-13 18:00:00.000,2015,8,13,18,06011KT,16,09
2015-08-13 19:00:00.000,2015,8,13,19,06005KT,17,10
2015-08-13 19:00:00.000,2015,8,13,19,06005KT,17,10
2015-08-13 20:00:00.000,2015,8,13,20,20010KT,17,10
2015-08-13 21:00:00.000,2015,8,13,21,05009KT,17,10
2015-08-13 22:00:00.000,2015,8,13,22,06007KT,15,11
2015-08-13 23:00:00.000,2015,8,13,23,12010KT,15,10
2015-08-14 00:00:00.000,2015,8,14,0,08010KT,14,09
2015-08-14 01:00:00.000,2015,8,14,1,07003KT,13,09
2015-08-14 02:00:00.000,2015,8,14,2,VRB02KT,12,09
2015-08-14 03:00:00.000,2015,8,14,3,VRB02KT,12,10
2015-08-14 04:00:00.000,2015,8,14,4,VRB02KT,12,10
2015-08-14 05:00:00.000,2015,8,14,5,VRB02KT,13,09
2015-08-14 06:00:00.000,2015,8,14,6,03004KT,,
2015-08-14 08:00:00.000,2015,8,14,8,07003KT,12,10
2015-08-14 09:00:00.000,2015,8,14,9,VRB02KT,12,10
2015-08-14 10:00:00.000,2015,8,14,10,VRBV02KT,10,09
2015-08-14 10:30:00.000,2015,8,14,10,31004KT,10,09
2015-08-14 11:00:00.000,2015,8,14,11,04004KT,10,09
2015-08-14 12:00:00.000,2015,8,14,12,02004KT,11,11
2015-08-14 13:00:00.000,2015,8,14,13,05004KT,14,12
2015-08-14 14:00:00.000,2015,8,14,14,VRB02KT,14,10
2015-08-14 14:23:00.000,2015,8,14,14,VRB02KT,16,10
2015-08-14 15:00:00.000,2015,8,14,15,06003KT,17,10
2015-08-14 15:23:00.000,2015,8,14,15,05009KT,15,11
2015-08-14 16:00:00.000,2015,8,14,16,17005KT,16,10
2015-08-14 16:35:00.000,2015,8,14,16,13010KT,18,10
2015-08-14 17:00:00.000,2015,8,14,17,14010KT,19,10
2015-08-14 18:00:00.000,2015,8,14,18,04010KT,18,10
2015-08-14 19:00:00.000,2015,8,14,19,14016KT,18,09
2015-08-14 20:00:00.000,2015,8,14,20,18012KT,17,10
2015-08-14 21:00:00.000,2015,8,14,21,13010KT,18,09
2015-08-14 22:00:00.000,2015,8,14,22,12010KT,16,10
2015-08-14 22:30:00.000,2015,8,14,22,25010KT,15,10
2015-08-14 23:00:00.000,2015,8,14,23,09008KT,14,11
2015-08-15 00:00:00.000,2015,8,15,0,15007KT,14,10
2015-08-15 01:00:00.000,2015,8,15,1,08004KT,14,10
2015-08-15 02:00:00.000,2015,8,15,2,VRB02KT,13,11
2015-08-15 03:00:00.000,2015,8,15,3,VRB02KT,12,10
2015-08-15 04:00:00.000,2015,8,15,4,04005KT,12,10
2015-08-15 05:00:00.000,2015,8,15,5,05006KT,12,11
2015-08-15 06:00:00.000,2015,8,15,6,02003KT,12,11
2015-08-15 07:00:00.000,2015,8,15,7,VRB02KT,12,11
2015-08-15 08:00:00.000,2015,8,15,8,VRB02KT,11,11
2015-08-15 09:00:00.000,2015,8,15,9,VRB02KT,10,10
2015-08-15 10:00:00.000,2015,8,15,10,01003KT,10,10
2015-08-15 10:30:00.000,2015,8,15,10,VRB02KT,09,08
2015-08-15 11:00:00.000,2015,8,15,11,31004KT,09,09
2015-08-15 12:00:00.000,2015,8,15,12,VRB02KT,11,10
2015-08-15 12:30:00.000,2015,8,15,12,VRB02KT,12,11
2015-08-15 13:00:00.000,2015,8,15,13,04004KT,13,13
2015-08-15 13:12:00.000,2015,8,15,13,04004KT,13,13
2015-08-15 14:00:00.000,2015,8,15,14,VRB02KT,15,11
2015-08-15 15:00:00.000,2015,8,15,15,17012KT,17,12
2015-08-15 16:00:00.000,2015,8,15,16,15010KT,18,09
2015-08-15 16:30:00.000,2015,8,15,16,12010KT,16,10
2015-08-15 17:00:00.000,2015,8,15,17,20015KT,17,11
2015-08-15 18:00:00.000,2015,8,15,18,16015KT,16,11
2015-08-15 18:05:00.000,2015,8,15,18,16015KT,16,11
2015-08-15 19:00:00.000,2015,8,15,19,15012KT,17,09
2015-08-15 20:00:00.000,2015,8,15,20,16016KT,18,09
2015-08-15 21:00:00.000,2015,8,15,21,15015KT,17,09
2015-08-15 22:00:00.000,2015,8,15,22,15012KT,17,08
2015-08-15 23:00:00.000,2015,8,15,23,15014KT,16,07
2015-08-16 00:00:00.000,2015,8,16,0,10004KT,15,09
2015-08-16 00:24:00.000,2015,8,16,0,10004KT,13,10
2015-08-16 01:00:00.000,2015,8,16,1,04005KT,12,10
2015-08-16 01:21:00.000,2015,8,16,1,04006KT,12,11
2015-08-16 02:00:00.000,2015,8,16,2,03005KT,12,11
2015-08-16 03:00:00.000,2015,8,16,3,03004KT,12,11
2015-08-16 04:00:00.000,2015,8,16,4,VRB02KT,12,11
2015-08-16 05:00:00.000,2015,8,16,5,VRB02KT,12,11
2015-08-16 05:05:00.000,2015,8,16,5,VRB02KT,12,11
2015-08-16 06:00:00.000,2015,8,16,6,VBR02KT,12,11
2015-08-16 07:00:00.000,2015,8,16,7,VBR02KT,12,11
2015-08-16 08:00:00.000,2015,8,16,8,04003KT,12,11
2015-08-16 09:00:00.000,2015,8,16,9,VRB02KT,12,11
2015-08-16 10:00:00.000,2015,8,16,10,00000KT,12,11
2015-08-16 10:30:00.000,2015,8,16,10,VRB02KT,11,11
2015-08-16 11:00:00.000,2015,8,16,11,VRB02KT,11,11
2015-08-16 12:00:00.000,2015,8,16,12,35003KT,12,11
2015-08-16 13:00:00.000,2015,8,16,13,36004KT,13,12
2015-08-16 13:30:00.000,2015,8,16,13,01005KT,14,12
2015-08-16 14:00:00.000,2015,8,16,14,01004KT,14,12
2015-08-16 14:07:00.000,2015,8,16,14,02004KT,14,11
2015-08-16 15:00:00.000,2015,8,16,15,23005KT,15,12
2015-08-16 15:15:00.000,2015,8,16,15,24006KT,16,12
2015-08-16 15:37:00.000,2015,8,16,15,20005KT,16,12
2015-08-16 16:00:00.000,2015,8,16,16,VRB02KT,15,11
2015-08-16 17:00:00.000,2015,8,16,17,34006KT,16,12
2015-08-16 18:00:00.000,2015,8,16,18,16015KT,16,11
2015-08-16 18:16:00.000,2015,8,16,18,16015KT,16,11
2015-08-16 19:00:00.000,2015,8,16,19,17016KT,16,11
2015-08-16 20:00:00.000,2015,8,16,20,17011KT,17,11
2015-08-16 21:00:00.000,2015,8,16,21,15015KT,18,10
2015-08-16 22:00:00.000,2015,8,16,22,16016KT,16,09
2015-08-16 22:30:00.000,2015,8,16,22,15011KT,15,09
2015-08-16 23:00:00.000,2015,8,16,23,14013KT,14,10
2015-08-17 00:00:00.000,2015,8,17,0,06005KT,14,10
2015-08-17 01:00:00.000,2015,8,17,1,10006KT,14,09
2015-08-17 02:00:00.000,2015,8,17,2,VRB02KT,11,09
2015-08-17 03:00:00.000,2015,8,17,3,VRB02KT,10,08
2015-08-17 04:00:00.000,2015,8,17,4,VRB02KT,11,08
2015-08-17 05:00:00.000,2015,8,17,5,VRB02KT,12,09
2015-08-17 06:00:00.000,2015,8,17,6,05004KT,12,08
2015-08-17 07:00:00.000,2015,8,17,7,VRB02KT,11,08
2015-08-17 08:00:00.000,2015,8,17,8,09005KT,17,07
2015-08-17 09:00:00.000,2015,8,17,9,07007KT,11,07
2015-08-17 10:00:00.000,2015,8,17,10,VRB02KT,12,07
2015-08-17 10:30:00.000,2015,8,17,10,12006KT,12,07
2015-08-17 11:00:00.000,2015,8,17,11,11007KT,12,06
2015-08-17 12:00:00.000,2015,8,17,12,00000KT,14,08
2015-08-17 12:20:00.000,2015,8,17,12,00000KT,14,08
2015-08-17 13:00:00.000,2015,8,17,13,VRB02KT,15,08
2015-08-17 14:00:00.000,2015,8,17,14,14015KT,15,07
2015-08-17 15:00:00.000,2015,8,17,15,14008KT,16,07
2015-08-17 16:00:00.000,2015,8,17,16,15012KT,17,06
2015-08-17 17:00:00.000,2015,8,17,17,15009KT,17,06
2015-08-17 18:00:00.000,2015,8,17,18,17015KT,17,06
2015-08-17 18:35:00.000,2015,8,17,18,16012KT,19,08
2015-08-17 19:00:00.000,2015,8,17,19,15010KT,18,07
2015-08-17 20:00:00.000,2015,8,17,20,14011KT,18,06
2015-08-17 21:00:00.000,2015,8,17,21,19012KT,19,05
2015-08-17 22:00:00.000,2015,8,17,22,19008KT,19,05
2015-08-17 22:30:00.000,2015,8,17,22,13007KT,17,05
2015-08-17 23:00:00.000,2015,8,17,23,11006KT,16,07
2015-08-18 00:00:00.000,2015,8,18,0,11006KT,15,07
2015-08-18 01:00:00.000,2015,8,18,1,07004KT,15,08
2015-08-18 01:26:00.000,2015,8,18,1,14008KT,14,08
2015-08-18 02:00:00.000,2015,8,18,2,VRB02KT,14,08
2015-08-18 03:00:00.000,2015,8,18,3,VRB02KT,13,09
2015-08-18 03:05:00.000,2015,8,18,3,28004KT,13,09
2015-08-18 04:00:00.000,2015,8,18,4,34003KT,12,10
2015-08-18 05:00:00.000,2015,8,18,5,04004KT,12,10
2015-08-18 06:00:00.000,2015,8,18,6,04003KT,11,10
2015-08-18 07:00:00.000,2015,8,18,7,07004KT,11,10
2015-08-18 08:00:00.000,2015,8,18,8,06004KT,10,09
2015-08-18 09:00:00.000,2015,8,18,9,00000KT,10,09
2015-08-18 10:00:00.000,2015,8,18,10,02003KT,10,09
2015-08-18 10:30:00.000,2015,8,18,10,03004KT,10,09
2015-08-18 11:00:00.000,2015,8,18,11,33004KT,09,09
2015-08-18 12:00:00.000,2015,8,18,12,VRB02KT,11,09
2015-08-18 12:35:00.000,2015,8,18,12,02005KT,13,10
2015-08-18 13:00:00.000,2015,8,18,13,03005KT,14,10
2015-08-18 14:00:00.000,2015,8,18,14,09003KT,15,09
2015-08-18 14:20:00.000,2015,8,18,14,15007KT,17,07
2015-08-18 15:00:00.000,2015,8,18,15,17008KT,17,07
2015-08-18 16:00:00.000,2015,8,18,16,16005KT,18,07
2015-08-18 17:00:00.000,2015,8,18,17,14008KT,19,07
2015-08-18 18:00:00.000,2015,8,18,18,11010KT,20,09
2015-08-18 19:00:00.000,2015,8,18,19,15013KT,19,09
2015-08-18 20:00:00.000,2015,8,18,20,12015KT,21,08
2015-08-18 21:00:00.000,2015,8,18,21,15010KT,20,08
2015-08-18 22:00:00.000,2015,8,18,22,12012KT,18,07
2015-08-18 23:00:00.000,2015,8,18,23,10010KT,17,07
2015-08-19 00:00:00.000,2015,8,19,0,17010KT,17,07
2015-08-19 01:00:00.000,2015,8,19,1,01004KT,14,09
2015-08-19 02:00:00.000,2015,8,19,2,19012KT,14,09
2015-08-19 03:00:00.000,2015,8,19,3,21005KT,14,10
2015-08-19 04:00:00.000,2015,8,19,4,VRB02KT,12,10
2015-08-19 05:00:00.000,2015,8,19,5,VRB02KT,11,10
2015-08-19 06:00:00.000,2015,8,19,6,VRB02KT,11,10
2015-08-19 07:00:00.000,2015,8,19,7,VRB02KT,10,10
2015-08-19 08:00:00.000,2015,8,19,8,VRB02KT,11,10
2015-08-19 09:00:00.000,2015,8,19,9,VRB02KT,10,09
2015-08-19 10:00:00.000,2015,8,19,10,06005KT,10,08
2015-08-19 10:30:00.000,2015,8,19,10,VRB02KT,11,09
2015-08-19 11:00:00.000,2015,8,19,11,06004KT,10,09
2015-08-19 11:38:00.000,2015,8,19,11,04006KT,12,10
2015-08-19 12:00:00.000,2015,8,19,12,030006KT,12,10
2015-08-19 13:00:00.000,2015,8,19,13,07005KT,13,09
2015-08-19 13:30:00.000,2015,8,19,13,13009KT,15,08
2015-08-19 14:00:00.000,2015,8,19,14,12009KT,16,08
2015-08-19 15:00:00.000,2015,8,19,15,12008KT,17,08
2015-08-19 16:00:00.000,2015,8,19,16,08008KT,18,09
2015-08-19 17:00:00.000,2015,8,19,17,09008KT,17,08
2015-08-19 17:37:00.000,2015,8,19,17,12003KT,19,09
2015-08-19 18:00:00.000,2015,8,19,18,13007KT,19,08
2015-08-19 19:00:00.000,2015,8,19,19,04010KT,20,08
2015-08-19 20:00:00.000,2015,8,19,20,06007KT,18,10
2015-08-19 21:00:00.000,2015,8,19,21,15017KT,20,09
2015-08-19 21:25:00.000,2015,8,19,21,15014KT,18,09
2015-08-19 22:00:00.000,2015,8,19,22,13010KT,18,07
2015-08-19 23:00:00.000,2015,8,19,23,13007KT,16,08
2015-08-20 00:00:00.000,2015,8,20,0,VRB02KT,16,08
2015-08-20 01:00:00.000,2015,8,20,1,VRB02KT,15,09
2015-08-20 02:00:00.000,2015,8,20,2,04005KT,14,09
2015-08-20 03:00:00.000,2015,8,20,3,09007KT,14,09
2015-08-20 04:00:00.000,2015,8,20,4,03004KT,13,09
2015-08-20 05:00:00.000,2015,8,20,5,03006KT,13,10
2015-08-20 06:00:00.000,2015,8,20,6,05004KT,13,10
2015-08-20 07:00:00.000,2015,8,20,7,VRB02KT,13,11
2015-08-20 08:00:00.000,2015,8,20,8,05004KT,11,10
2015-08-20 09:00:00.000,2015,8,20,9,VRB02KT,11,10
2015-08-20 10:00:00.000,2015,8,20,10,VRB02KT,11,10
2015-08-20 10:30:00.000,2015,8,20,10,04004KT,11,09
2015-08-20 11:00:00.000,2015,8,20,11,04003KT,11,10
2015-08-20 12:00:00.000,2015,8,20,12,VRB02KT,13,10
2015-08-20 13:00:00.000,2015,8,20,13,17010KT,16,09
2015-08-20 14:00:00.000,2015,8,20,14,16012KT,17,09
2015-08-20 15:00:00.000,2015,8,20,15,16015KT,16,09
2015-08-20 16:00:00.000,2015,8,20,16,16012KT,18,09
2015-08-20 17:00:00.000,2015,8,20,17,15013KT,18,09
2015-08-20 18:00:00.000,2015,8,20,18,16013KT,19,08
2015-08-20 19:00:00.000,2015,8,20,19,17017KT,19,08
2015-08-20 20:00:00.000,2015,8,20,20,18015KT,20,07
2015-08-20 21:00:00.000,2015,8,20,21,18007KT,19,07
2015-08-20 22:00:00.000,2015,8,20,22,18013KT,18,06
2015-08-20 23:00:00.000,2015,8,20,23,17015KT,17,06
2015-08-21 00:00:00.000,2015,8,21,0,16011KT,15,07
2015-08-21 01:00:00.000,2015,8,21,1,15004KT,14,07
2015-08-21 02:00:00.000,2015,8,21,2,15004KT,14,08
2015-08-21 03:00:00.000,2015,8,21,3,VRB02KT,14,08
2015-08-21 04:00:00.000,2015,8,21,4,13008KT,13,08
2015-08-21 05:00:00.000,2015,8,21,5,14007KT,13,08
2015-08-21 06:00:00.000,2015,8,21,6,17010KT,13,07
2015-08-21 07:00:00.000,2015,8,21,7,16011KT,13,07
2015-08-21 08:00:00.000,2015,8,21,8,14004KT,12,07
2015-08-21 09:00:00.000,2015,8,21,9,14005KT,11,08
2015-08-21 10:00:00.000,2015,8,21,10,VRB02KT,11,07
2015-08-21 10:30:00.000,2015,8,21,10,16004KT,11,07
2015-08-21 11:00:00.000,2015,8,21,11,14004KT,12,07
2015-08-21 12:00:00.000,2015,8,21,12,14006KT,12,07
2015-08-21 13:00:00.000,2015,8,21,13,08007KT,14,07
2015-08-21 13:34:00.000,2015,8,21,13,11009KT,16,07
2015-08-21 14:00:00.000,2015,8,21,14,13010KT,16,07
2015-08-21 15:00:00.000,2015,8,21,15,09007KT,17,07
2015-08-21 16:00:00.000,2015,8,21,16,17011KT,19,08
2015-08-21 17:00:00.000,2015,8,21,17,13017KT,20,07
2015-08-21 18:00:00.000,2015,8,21,18,17014KT,19,07
2015-08-21 19:00:00.000,2015,8,21,19,13014KT,18,07
2015-08-21 20:00:00.000,2015,8,21,20,15015KT,19,07
2015-08-21 21:00:00.000,2015,8,21,21,16011KT,15,07
2015-08-21 22:00:00.000,2015,8,21,22,20008KT,17,09
2015-08-21 23:00:00.000,2015,8,21,23,23007KT,16,09
2015-08-22 00:00:00.000,2015,8,22,0,24005KT,15,09
2015-08-22 01:00:00.000,2015,8,22,1,VRB02KT,13,09
2015-08-22 02:00:00.000,2015,8,22,2,VRB02KT,12,09
2015-08-22 03:00:00.000,2015,8,22,3,VRB02KT,12,09
2015-08-22 04:00:00.000,2015,8,22,4,20004KT,14,07
2015-08-22 05:00:00.000,2015,8,22,5,VRB02KT,13,10
2015-08-22 06:00:00.000,2015,8,22,6,VRB02KT,11,10
2015-08-22 07:00:00.000,2015,8,22,7,25003KT,12,10
2015-08-22 08:00:00.000,2015,8,22,8,VRB02KT,12,10
2015-08-22 09:00:00.000,2015,8,22,9,VRB02KT,12,10
2015-08-22 10:00:00.000,2015,8,22,10,VRB02KT,11,10
2015-08-22 10:30:00.000,2015,8,22,10,VRB02KT,11,10
2015-08-22 11:00:00.000,2015,8,22,11,VRB02KT,12,10
2015-08-22 11:10:00.000,2015,8,22,11,VRB02KT,12,10
2015-08-22 12:00:00.000,2015,8,22,12,VRB02KT,12,10
2015-08-22 13:00:00.000,2015,8,22,13,35005KT,14,10
2015-08-22 14:00:00.000,2015,8,22,14,VRB02KT,17,10
2015-08-22 15:00:00.000,2015,8,22,15,VRB02KT,18,10
2015-08-22 16:00:00.000,2015,8,22,16,12008KT,18,09
2015-08-22 17:00:00.000,2015,8,22,17,20012KT,19,09
2015-08-22 18:00:00.000,2015,8,22,18,08010KT,19,08
2015-08-22 19:00:00.000,2015,8,22,19,08007KT,19,08
2015-08-22 20:00:00.000,2015,8,22,20,25010KT,16,10
2015-08-22 20:25:00.000,2015,8,22,20,24007KT,15,11
2015-08-22 21:00:00.000,2015,8,22,21,23004KT,15,12
2015-08-22 22:00:00.000,2015,8,22,22,21005KT,17,11
2015-08-22 23:00:00.000,2015,8,22,23,28005KT,16,11
2015-08-23 00:00:00.000,2015,8,23,0,26005KT,15,11
2015-08-23 01:00:00.000,2015,8,23,1,29004KT,13,10
2015-08-23 02:00:00.000,2015,8,23,2,VRB02KT,12,10
2015-08-23 03:00:00.000,2015,8,23,3,VRB02KT,12,10
2015-08-23 04:00:00.000,2015,8,23,4,VRB02KT,13,10
2015-08-23 05:00:00.000,2015,8,23,5,27006KT,13,10
2015-08-23 06:00:00.000,2015,8,23,6,VRB02KT,12,10
2015-08-23 07:00:00.000,2015,8,23,7,VRB02KT,11,10
2015-08-23 08:00:00.000,2015,8,23,8,67223KT,09,08
2015-08-23 09:00:00.000,2015,8,23,9,VRB02KT,09,08
2015-08-23 10:00:00.000,2015,8,23,10,33003KT,08,07
2015-08-23 10:30:00.000,2015,8,23,10,32003KT,09,08
2015-08-23 11:00:00.000,2015,8,23,11,VRB02KT,09,09
2015-08-23 12:00:00.000,2015,8,23,12,VRB02KT,12,11
2015-08-23 13:00:00.000,2015,8,23,13,VRB02KT,16,10
2015-08-23 14:00:00.000,2015,8,23,14,VRB02KT,18,09
2015-08-23 15:00:00.000,2015,8,23,15,19006KT,18,09
2015-08-23 16:00:00.000,2015,8,23,16,06004KT,18,09
2015-08-23 17:00:00.000,2015,8,23,17,24004KT,19,09
2015-08-23 18:00:00.000,2015,8,23,18,19009KT,15,11
2015-08-23 18:13:00.000,2015,8,23,18,24008KT,17,11
2015-08-23 18:22:00.000,2015,8,23,18,19009KT,15,11
2015-08-23 18:26:00.000,2015,8,23,18,16011KT,14,11
2015-08-23 18:40:00.000,2015,8,23,18,24004KT,14,11
2015-08-23 19:00:00.000,2015,8,23,19,25006KT,16,13
2015-08-23 19:30:00.000,2015,8,23,19,28008KT,16,12
2015-08-23 20:00:00.000,2015,8,23,20,35004KT,14,12
2015-08-23 20:11:00.000,2015,8,23,20,35004KT,14,12
2015-08-23 21:00:00.000,2015,8,23,21,29003KT,17,12
2015-08-23 22:00:00.000,2015,8,23,22,VRB02KT,17,11
2015-08-23 23:00:00.000,2015,8,23,23,03003KT,17,11
2015-08-24 00:00:00.000,2015,8,24,0,VRB02KT,16,11
2015-08-24 01:00:00.000,2015,8,24,1,VRB02KT,14,11
2015-08-24 02:00:00.000,2015,8,24,2,28004KT,14,11
2015-08-24 03:00:00.000,2015,8,24,3,05003KT,13,11
2015-08-24 04:00:00.000,2015,8,24,4,VRB02KT,14,11
2015-08-24 05:00:00.000,2015,8,24,5,VRB02KT,14,11
2015-08-24 06:00:00.000,2015,8,24,6,VRB02KT,13,11
2015-08-24 07:00:00.000,2015,8,24,7,VRB02KT,12,11
2015-08-24 08:00:00.000,2015,8,24,8,VRB02KT,12,11
2015-08-24 09:00:00.000,2015,8,24,9,VRB02KT,12,11
2015-08-24 10:00:00.000,2015,8,24,10,VRB02KT,12,10
2015-08-24 10:30:00.000,2015,8,24,10,VRB02KT,11,10
2015-08-24 11:00:00.000,2015,8,24,11,VRB02KT,12,10
2015-08-24 12:00:00.000,2015,8,24,12,28005KT,13,11
2015-08-24 12:07:00.000,2015,8,24,12,28005KT,13,11
2015-08-24 13:00:00.000,2015,8,24,13,VRB02KT,14,11
2015-08-24 13:20:00.000,2015,8,24,13,06003KT,13,11
2015-08-24 14:00:00.000,2015,8,24,14,21003KT,14,12
2015-08-24 14:35:00.000,2015,8,24,14,19005KT,15,12
2015-08-24 15:00:00.000,2015,8,24,15,17010KT,16,11
2015-08-24 16:00:00.000,2015,8,24,16,14013KT,19,10
2015-08-24 17:00:00.000,2015,8,24,17,13013KT,18,10
2015-08-24 17:25:00.000,2015,8,24,17,15012KT,17,11
2015-08-24 18:00:00.000,2015,8,24,18,16014KT,18,09
2015-08-24 19:00:00.000,2015,8,24,19,15015KT,18,09
2015-08-24 20:00:00.000,2015,8,24,20,17015KT,19,09
2015-08-24 21:00:00.000,2015,8,24,21,15012KT,18,08
2015-08-24 22:00:00.000,2015,8,24,22,15008KT,18,08
2015-08-24 22:28:00.000,2015,8,24,22,15012KT,16,08
2015-08-24 23:00:00.000,2015,8,24,23,17011KT,16,09
2015-08-25 00:00:00.000,2015,8,25,0,VRB02KT,15,09
2015-08-25 01:00:00.000,2015,8,25,1,01004KT,13,09
2015-08-25 02:00:00.000,2015,8,25,2,08005KT,14,09
2015-08-25 03:00:00.000,2015,8,25,3,36003KT,12,09
2015-08-25 04:00:00.000,2015,8,25,4,36003KT,13,09
2015-08-25 05:00:00.000,2015,8,25,5,03004KT,12,09
2015-08-25 06:00:00.000,2015,8,25,6,05003KT,10,09
2015-08-25 07:00:00.000,2015,8,25,7,VRB02KT,10,09
2015-08-25 08:00:00.000,2015,8,25,8,31003KT,10,08
2015-08-25 09:00:00.000,2015,8,25,9,VRB02KT,10,10
2015-08-25 10:00:00.000,2015,8,25,10,VRB02KT,09,08
2015-08-25 10:30:00.000,2015,8,25,10,04004KT,09,08
2015-08-25 11:00:00.000,2015,8,25,11,35004KT,09,08
2015-08-25 11:35:00.000,2015,8,25,11,28004KT,11,10
2015-08-25 12:00:00.000,2015,8,25,12,01003KT,10,09
2015-08-25 13:00:00.000,2015,8,25,13,VRB02KT,14,11
2015-08-25 14:00:00.000,2015,8,25,14,11003KT,16,10
2015-08-25 15:00:00.000,2015,8,25,15,12008KT,17,08
2015-08-25 16:00:00.000,2015,8,25,16,12007KT,18,08
2015-08-25 17:00:00.000,2015,8,25,17,16012KT,19,09
2015-08-25 17:25:00.000,2015,8,25,17,12010KT,17,08
2015-08-25 18:00:00.000,2015,8,25,18,13007KT,19,09
2015-08-25 19:00:00.000,2015,8,25,19,15013KT,18,08
2015-08-25 20:00:00.000,2015,8,25,20,12010KT,19,07
2015-08-25 21:00:00.000,2015,8,25,21,14007KT,19,07
2015-08-25 22:00:00.000,2015,8,25,22,14009KT,18,06
2015-08-25 23:00:00.000,2015,8,25,23,18006KT,16,07
2015-08-26 00:00:00.000,2015,8,26,0,25004KT,15,10
2015-08-26 01:00:00.000,2015,8,26,1,22004KT,14,11
2015-08-26 02:00:00.000,2015,8,26,2,26004KT,14,11
2015-08-26 03:00:00.000,2015,8,26,3,20006KT,14,09
2015-08-26 04:00:00.000,2015,8,26,4,00000KT,13,10
2015-08-26 05:00:00.000,2015,8,26,5,34004KT,12,10
2015-08-26 06:00:00.000,2015,8,26,6,VRB02KT,12,10
2015-08-26 07:00:00.000,2015,8,26,7,VRB02KT,11,09
2015-08-26 08:00:00.000,2015,8,26,8,03005KT,10,08
2015-08-26 09:00:00.000,2015,8,26,9,04004KT,10,08
2015-08-26 10:00:00.000,2015,8,26,10,35003KT,10,08
2015-08-26 10:30:00.000,2015,8,26,10,32003KT,09,08
2015-08-26 11:00:00.000,2015,8,26,11,00000KT,09,08
2015-08-26 12:00:00.000,2015,8,26,12,VRB02KT,11,09
2015-08-26 13:00:00.000,2015,8,26,13,28003KT,13,09
2015-08-26 14:00:00.000,2015,8,26,14,VRB02KT,15,10
2015-08-26 14:20:00.000,2015,8,26,14,VRB02KT,15,08
2015-08-26 15:00:00.000,2015,8,26,15,VRB02KT,16,09
2015-08-26 16:00:00.000,2015,8,26,16,13005KT,18,08
2015-08-26 17:00:00.000,2015,8,26,17,13007KT,18,07
2015-08-26 18:00:00.000,2015,8,26,18,15014KT,18,08
2015-08-26 19:00:00.000,2015,8,26,19,18012KT,17,07
2015-08-26 19:10:00.000,2015,8,26,19,18012KT,17,07
2015-08-26 20:00:00.000,2015,8,26,20,19008KT,17,07
2015-08-26 20:05:00.000,2015,8,26,20,20013KT,16,08
2015-08-26 21:00:00.000,2015,8,26,21,16007KT,16,08
2015-08-26 22:00:00.000,2015,8,26,22,16008KT,16,08
2015-08-26 23:00:00.000,2015,8,26,23,VRB02KT,15,08
2015-08-27 00:00:00.000,2015,8,27,0,34003KT,13,09
2015-08-27 01:00:00.000,2015,8,27,1,VRB02KT,13,09
2015-08-27 02:00:00.000,2015,8,27,2,VRB02KT,13,09
2015-08-27 03:00:00.000,2015,8,27,3,34004KT,12,09
2015-08-27 04:00:00.000,2015,8,27,4,03003KT,12,09
2015-08-27 05:00:00.000,2015,8,27,5,04004KT,12,09
2015-08-27 06:00:00.000,2015,8,27,6,VRB02KT,11,08
2015-08-27 07:00:00.000,2015,8,27,7,02004KT,09,08
2015-08-27 08:00:00.000,2015,8,27,8,VRB02KT,10,08
2015-08-27 09:00:00.000,2015,8,27,9,VRB02KT,10,08
2015-08-27 10:00:00.000,2015,8,27,10,VRBO2KT,08,07
2015-08-27 10:30:00.000,2015,8,27,10,VRB02KT,09,08
2015-08-27 11:00:00.000,2015,8,27,11,VRB02KT,08,07
2015-08-27 12:00:00.000,2015,8,27,12,VRB02KT,11,10
2015-08-27 13:00:00.000,2015,8,27,13,03003KT,13,10
2015-08-27 13:25:00.000,2015,8,27,13,36003KT,16,10
2015-08-27 14:00:00.000,2015,8,27,14,26004KT,17,09
2015-08-27 15:00:00.000,2015,8,27,15,14004KT,19,09
2015-08-27 16:00:00.000,2015,8,27,16,VRB02KT,18,08
2015-08-27 16:30:00.000,2015,8,27,16,23009KT,17,10
2015-08-27 17:00:00.000,2015,8,27,17,21004KT,16,11
2015-08-27 18:00:00.000,2015,8,27,18,35004KT,15,13
2015-08-27 18:32:00.000,2015,8,27,18,07008KT,16,09
2015-08-27 19:00:00.000,2015,8,27,19,07008KT,16,08
2015-08-27 20:00:00.000,2015,8,27,20,23004KT,16,09
2015-08-27 21:00:00.000,2015,8,27,21,17007KT,15,09
2015-08-27 22:00:00.000,2015,8,27,22,14009KT,15,09
2015-08-27 23:00:00.000,2015,8,27,23,13003KT,15,07
2015-08-28 00:00:00.000,2015,8,28,0,09005KT,14,08
2015-08-28 01:00:00.000,2015,8,28,1,08003KT,13,08
2015-08-28 02:00:00.000,2015,8,28,2,07003KT,12,09
2015-08-28 03:00:00.000,2015,8,28,3,04003KT,11,06
2015-08-28 04:00:00.000,2015,8,28,4,08003KT,11,08
2015-08-28 05:00:00.000,2015,8,28,5,06003KT,11,08
2015-08-28 06:00:00.000,2015,8,28,6,08005KT,12,07
2015-08-28 07:00:00.000,2015,8,28,7,09004KT,11,07
2015-08-28 08:00:00.000,2015,8,28,8,VRB02KT,11,07
2015-08-28 09:00:00.000,2015,8,28,9,VRB02KT,11,07
2015-08-28 10:00:00.000,2015,8,28,10,32003KT,10,08
2015-08-28 10:30:00.000,2015,8,28,10,04003KT,10,08
2015-08-28 11:00:00.000,2015,8,28,11,00000KT,10,08
2015-08-28 12:00:00.000,2015,8,28,12,13003KT,13,08
2015-08-28 13:00:00.000,2015,8,28,13,10006KT,14,09
2015-08-28 13:25:00.000,2015,8,28,13,10005KT,16,08
2015-08-28 14:00:00.000,2015,8,28,14,17007KT,17,09
2015-08-28 15:00:00.000,2015,8,28,15,13012KT,18,08
2015-08-28 16:00:00.000,2015,8,28,16,13010KT,19,08
2015-08-28 16:05:00.000,2015,8,28,16,15010KT,20,08
2015-08-28 17:00:00.000,2015,8,28,17,15010KT,18,08
2015-08-28 18:00:00.000,2015,8,28,18,16016KT,17,08
2015-08-28 19:00:00.000,2015,8,28,19,15015KT,16,09
2015-08-28 20:00:00.000,2015,8,28,20,17014KT,16,07
2015-08-28 21:00:00.000,2015,8,28,21,17014KT,16,07
2015-08-28 22:00:00.000,2015,8,28,22,12012KT,16,07
2015-08-28 23:00:00.000,2015,8,28,23,08010KT,15,07
2015-08-29 00:00:00.000,2015,8,29,0,04006KT,13,09
2015-08-29 01:00:00.000,2015,8,29,1,09006KT,14,08
2015-08-29 02:00:00.000,2015,8,29,2,10004KT,14,08
2015-08-29 03:00:00.000,2015,8,29,3,VRB02KT,12,09
2015-08-29 04:00:00.000,2015,8,29,4,02006KT,12,09
2015-08-29 05:00:00.000,2015,8,29,5,05007KT,12,09
2015-08-29 06:00:00.000,2015,8,29,6,05005KT,11,09
2015-08-29 07:00:00.000,2015,8,29,7,VRB02KT,11,09
2015-08-29 08:00:00.000,2015,8,29,8,10004KT,12,07
2015-08-29 09:00:00.000,2015,8,29,9,08004KT,12,06
2015-08-29 10:00:00.000,2015,8,29,10,VRB02KT,10,06
2015-08-29 10:30:00.000,2015,8,29,10,09005KT,11,06
2015-08-29 11:00:00.000,2015,8,29,11,06005KT,10,05
2015-08-29 12:00:00.000,2015,8,29,12,09007KT,14,07
2015-08-29 13:00:00.000,2015,8,29,13,13010G20KT,16,05
2015-08-29 14:00:00.000,2015,8,29,14,16014G26KT,15,06
2015-08-29 15:00:00.000,2015,8,29,15,14015G28KT,17,06
2015-08-29 16:00:00.000,2015,8,29,16,15012G22KT,17,05
2015-08-29 17:00:00.000,2015,8,29,17,16015KT,18,05
2015-08-29 18:00:00.000,2015,8,29,18,12009KT,19,06
2015-08-29 19:00:00.000,2015,8,29,19,17018KT,19,05
2015-08-29 20:00:00.000,2015,8,29,20,20019KT,20,05
2015-08-29 21:00:00.000,2015,8,29,21,18012G22KT,19,04
2015-08-29 22:00:00.000,2015,8,29,22,18015KT,17,05
2015-08-29 23:00:00.000,2015,8,29,23,17015KT,16,05
2015-08-30 00:00:00.000,2015,8,30,0,17014KT,15,05
2015-08-30 01:00:00.000,2015,8,30,1,13005KT,14,06
2015-08-30 01:30:00.000,2015,8,30,1,13007KT,14,07
2015-08-30 02:00:00.000,2015,8,30,2,14006KT,13,08
2015-08-30 03:00:00.000,2015,8,30,3,16006KT,13,08
2015-08-30 04:00:00.000,2015,8,30,4,04006KT,12,08
2015-08-30 05:00:00.000,2015,8,30,5,36002KT,11,08
2015-08-30 06:00:00.000,2015,8,30,6,VRB02KT,10,08
2015-08-30 07:00:00.000,2015,8,30,7,02006KT,10,09
2015-08-30 08:00:00.000,2015,8,30,8,35003KT,10,07
2015-08-30 09:00:00.000,2015,8,30,9,VRB02KT,08,06
2015-08-30 10:00:00.000,2015,8,30,10,03007KT,07,05
2015-08-30 10:30:00.000,2015,8,30,10,VRB02KT,10,09
2015-08-30 11:00:00.000,2015,8,30,11,32003KT,10,08
2015-08-30 12:00:00.000,2015,8,30,12,04010KT,12,09
2015-08-30 13:00:00.000,2015,8,30,13,09010KT,14,09
2015-08-30 14:00:00.000,2015,8,30,14,14012KT,16,08
2015-08-30 15:00:00.000,2015,8,30,15,15013KT,16,08
2015-08-30 16:00:00.000,2015,8,30,16,15010KT,17,07
2015-08-30 17:00:00.000,2015,8,30,17,13012KT,17,08
2015-08-30 18:00:00.000,2015,8,30,18,11010KT,19,06
2015-08-30 19:00:00.000,2015,8,30,19,13006KT,18,06
2015-08-30 20:00:00.000,2015,8,30,20,13015KT,19,06
2015-08-30 21:00:00.000,2015,8,30,21,16008KT,18,06
2015-08-30 22:00:00.000,2015,8,30,22,16012KT,17,07
2015-08-30 23:00:00.000,2015,8,30,23,17012KT,16,07
2015-08-31 00:00:00.000,2015,8,31,0,15010KT,15,07
2015-08-31 01:00:00.000,2015,8,31,1,13008KT,15,07
2015-08-31 02:00:00.000,2015,8,31,2,07005KT,14,07
2015-08-31 03:00:00.000,2015,8,31,3,08006KT,13,07
2015-08-31 04:00:00.000,2015,8,31,4,VRB02KT,13,08
2015-08-31 05:00:00.000,2015,8,31,5,14006KT,14,08
2015-08-31 06:00:00.000,2015,8,31,6,13007KT,14,08
2015-08-31 07:00:00.000,2015,8,31,7,VEB02KT,13,08
2015-08-31 08:00:00.000,2015,8,31,8,32003KT,12,08
2015-08-31 09:00:00.000,2015,8,31,9,00000KT,11,08
2015-08-31 10:00:00.000,2015,8,31,10,03003KT,11,08
2015-08-31 10:30:00.000,2015,8,31,10,00000KT,11,08
2015-08-31 11:00:00.000,2015,8,31,11,02002KT,11,08
2015-08-31 12:00:00.000,2015,8,31,12,29004KT,14,07
2015-08-31 13:00:00.000,2015,8,31,13,15009KT,15,07
2015-08-31 14:00:00.000,2015,8,31,14,17009KT,16,08
2015-08-31 15:00:00.000,2015,8,31,15,19009KT,17,07
2015-08-31 16:00:00.000,2015,8,31,16,16013KT,17,08
2015-08-31 17:00:00.000,2015,8,31,17,13014KT,17,07
2015-08-31 18:00:00.000,2015,8,31,18,15008KT,18,07
2015-08-31 19:00:00.000,2015,8,31,19,13007KT,18,07
2015-08-31 19:19:00.000,2015,8,31,19,11014KT,18,08
2015-08-31 20:00:00.000,2015,8,31,20,12010KT,18,08
2015-08-31 21:00:00.000,2015,8,31,21,12007KT,18,08
2015-08-31 22:00:00.000,2015,8,31,22,11006KT,17,08
2015-08-31 23:00:00.000,2015,8,31,23,16012KT,16,08
2015-09-01 00:00:00.000,2015,9,1,0,15011KT,15,08
2015-09-01 01:00:00.000,2015,9,1,1,17008KT,14,08
2015-09-01 02:00:00.000,2015,9,1,2,03004KT,14,07
2015-09-01 03:00:00.000,2015,9,1,3,VRB02KT,14,07
2015-09-01 04:00:00.000,2015,9,1,4,12003KT,14,08
2015-09-01 05:00:00.000,2015,9,1,5,07006KT,13,08
2015-09-01 06:00:00.000,2015,9,1,6,VRB02KT,11,08
2015-09-01 07:00:00.000,2015,9,1,7,35003KT,11,08
2015-09-01 08:00:00.000,2015,9,1,8,06003KT,11,09
2015-09-01 09:00:00.000,2015,9,1,9,03006KT,11,09
2015-09-01 10:00:00.000,2015,9,1,10,03005KT,11,09
2015-09-01 10:30:00.000,2015,9,1,10,15003KT,12,09
2015-09-01 11:00:00.000,2015,9,1,11,11009KT,13,08
2015-09-01 12:00:00.000,2015,9,1,12,12008KT,14,08
2015-09-01 13:00:00.000,2015,9,1,13,11006KT,15,08
2015-09-01 14:00:00.000,2015,9,1,14,13010KT,16,08
2015-09-01 15:00:00.000,2015,9,1,15,14011KT,17,07
2015-09-01 16:00:00.000,2015,9,1,16,14012KT,16,07
2015-09-01 17:00:00.000,2015,9,1,17,13010KT,17,07
2015-09-01 18:00:00.000,2015,9,1,18,10011KT,18,07
2015-09-01 19:00:00.000,2015,9,1,19,11008KT,17,07
2015-09-01 20:00:00.000,2015,9,1,20,12006KT,17,06
2015-09-01 21:00:00.000,2015,9,1,21,13015KT,17,06
2015-09-01 22:00:00.000,2015,9,1,22,13012KT,16,07
2015-09-01 23:00:00.000,2015,9,1,23,14006KT,16,06
2015-09-02 00:00:00.000,2015,9,2,0,14007KT,13,05
2015-09-02 01:00:00.000,2015,9,2,1,VRB02KT,12,06
2015-09-02 01:40:00.000,2015,9,2,1,01003KT,10,07
2015-09-02 02:00:00.000,2015,9,2,2,36003KT,09,06
2015-09-02 03:00:00.000,2015,9,2,3,VRB02KT,11,07
2015-09-02 04:00:00.000,2015,9,2,4,00000KT,11,07
2015-09-02 05:00:00.000,2015,9,2,5,34004KT,10,07
2015-09-02 06:00:00.000,2015,9,2,6,32003KT,09,07
2015-09-02 07:00:00.000,2015,9,2,7,27003KT,09,06
2015-09-02 08:00:00.000,2015,9,2,8,VRB02KT,06,05
2015-09-02 09:00:00.000,2015,9,2,9,00000KT,06,06
2015-09-02 10:00:00.000,2015,9,2,10,VRB02KT,05,04
2015-09-02 10:30:00.000,2015,9,2,10,VRB02KT,06,05
2015-09-02 11:00:00.000,2015,9,2,11,31003KT,06,05
2015-09-02 12:00:00.000,2015,9,2,12,VRB02KT,07,07
2015-09-02 13:00:00.000,2015,9,2,13,VRB02KT,09,08
2015-09-02 14:00:00.000,2015,9,2,14,10005KT,12,09
2015-09-02 15:00:00.000,2015,9,2,15,13014KT,14,06
2015-09-02 16:00:00.000,2015,9,2,16,13011KT,14,06
2015-09-02 16:10:00.000,2015,9,2,16,16008KT,13,06
2015-09-02 17:00:00.000,2015,9,2,17,20007KT,13,08
2015-09-02 17:13:00.000,2015,9,2,17,20007KT,13,08
2015-09-02 18:00:00.000,2015,9,2,18,18007KT,14,07
2015-09-02 19:00:00.000,2015,9,2,19,10004KT,16,08
2015-09-02 20:00:00.000,2015,9,2,20,15005KT,18,06
2015-09-02 21:00:00.000,2015,9,2,21,16012KT,17,06
2015-09-02 22:00:00.000,2015,9,2,22,17011KT,16,06
2015-09-02 23:00:00.000,2015,9,2,23,16010KT,15,06
2015-09-03 00:00:00.000,2015,9,3,0,14009KT,12,07
2015-09-03 01:00:00.000,2015,9,3,1,11007KT,13,07
2015-09-03 02:00:00.000,2015,9,3,2,12004KT,12,07
2015-09-03 03:00:00.000,2015,9,3,3,VRB02KT,12,08
2015-09-03 04:00:00.000,2015,9,3,4,05003KT,12,08
2015-09-03 05:00:00.000,2015,9,3,5,VRB02KT,11,08
2015-09-03 06:00:00.000,2015,9,3,6,00000KT,10,08
2015-09-03 07:00:00.000,2015,9,3,7,05004KT,09,07
2015-09-03 08:00:00.000,2015,9,3,8,33004KT,07,06
2015-09-03 09:00:00.000,2015,9,3,9,VRB02KT,06,05
2015-09-03 10:00:00.000,2015,9,3,10,15003KT,07,06
2015-09-03 10:30:00.000,2015,9,3,10,VRB02KT,07,06
2015-09-03 11:00:00.000,2015,9,3,11,00000KT,07,06
2015-09-03 12:00:00.000,2015,9,3,12,36003KT,09,09
2015-09-03 13:00:00.000,2015,9,3,13,08008KT,14,08
2015-09-03 14:00:00.000,2015,9,3,14,06008KKT,15,07
2015-09-03 15:00:00.000,2015,9,3,15,14008KT,16,06
2015-09-03 16:00:00.000,2015,9,3,16,18012KT,17,06
2015-09-03 17:00:00.000,2015,9,3,17,16012KT,18,06
2015-09-03 18:00:00.000,2015,9,3,18,17010KT,18,06
2015-09-03 19:00:00.000,2015,9,3,19,13011KT,19,05
2015-09-03 20:00:00.000,2015,9,3,20,14011KT,19,05
2015-09-03 21:00:00.000,2015,9,3,21,16008KT,19,05
2015-09-03 22:00:00.000,2015,9,3,22,18011KT,19,05
2015-09-03 23:00:00.000,2015,9,3,23,16008KT,17,05
2015-09-04 00:00:00.000,2015,9,4,0,30006KT,15,07
2015-09-04 01:00:00.000,2015,9,4,1,30003KT,13,07
2015-09-04 02:00:00.000,2015,9,4,2,05005KT,12,08
2015-09-04 03:00:00.000,2015,9,4,3,07004KT,12,08
2015-09-04 04:00:00.000,2015,9,4,4,05004KT,10,08
2015-09-04 05:00:00.000,2015,9,4,5,VRB02KT,09,08
2015-09-04 06:00:00.000,2015,9,4,6,VRB02KT,10,08
2015-09-04 07:00:00.000,2015,9,4,7,VRB02KT,09,08
2015-09-04 08:00:00.000,2015,9,4,8,VRB02KT,09,09
2015-09-04 09:00:00.000,2015,9,4,9,06003KT,08,07
2015-09-04 10:00:00.000,2015,9,4,10,VRB02KT,09,08
2015-09-04 10:30:00.000,2015,9,4,10,VRB02KT,07,07
2015-09-04 11:00:00.000,2015,9,4,11,VRB02KT,08,08
2015-09-04 12:00:00.000,2015,9,4,12,02004KT,09,08
2015-09-04 13:00:00.000,2015,9,4,13,07004KT,12,09
2015-09-04 14:00:00.000,2015,9,4,14,07004KT,16,08
2015-09-04 15:00:00.000,2015,9,4,15,13006KT,18,07
2015-09-04 16:00:00.000,2015,9,4,16,11007KT,19,07
2015-09-04 17:00:00.000,2015,9,4,17,13013KT,19,07
2015-09-04 18:00:00.000,2015,9,4,18,12010KT,18,07
2015-09-04 19:00:00.000,2015,9,4,19,13010KT,18,09
2015-09-04 20:00:00.000,2015,9,4,20,13010KT,19,08
2015-09-04 21:00:00.000,2015,9,4,21,08008KT,18,08
2015-09-04 22:00:00.000,2015,9,4,22,15012KT,17,08
2015-09-04 23:00:00.000,2015,9,4,23,16008KT,15,09
2015-09-05 00:00:00.000,2015,9,5,0,08005KT,15,08
2015-09-05 01:00:00.000,2015,9,5,1,09003KT,13,08
2015-09-05 02:00:00.000,2015,9,5,2,33003KT,11,08
2015-09-05 03:00:00.000,2015,9,5,3,08004KT,10,07
2015-09-05 04:00:00.000,2015,9,5,4,05003KT,11,08
2015-09-05 05:00:00.000,2015,9,5,5,11004KT,11,07
2015-09-05 06:00:00.000,2015,9,5,6,02004KT,08,06
2015-09-05 07:00:00.000,2015,9,5,7,03005KT,07,06
2015-09-05 08:00:00.000,2015,9,5,8,04004KT,08,07
2015-09-05 09:00:00.000,2015,9,5,9,04003KT,09,08
2015-09-05 10:00:00.000,2015,9,5,10,34003KT,08,06
2015-09-05 10:30:00.000,2015,9,5,10,VRB02KT,08,07
2015-09-05 11:00:00.000,2015,9,5,11,VRB02KT,08,07
2015-09-05 12:00:00.000,2015,9,5,12,07005KT,12,09
2015-09-05 13:00:00.000,2015,9,5,13,06007KT,14,10
2015-09-05 14:00:00.000,2015,9,5,14,16006KT,17,09
2015-09-05 15:00:00.000,2015,9,5,15,05006KT,18,09
2015-09-05 16:00:00.000,2015,9,5,16,11010KT,19,08
2015-09-05 17:00:00.000,2015,9,5,17,15010KT,18,07
2015-09-05 18:00:00.000,2015,9,5,18,15012KT,19,09
2015-09-05 19:00:00.000,2015,9,5,19,07006KT,20,09
2015-09-05 20:00:00.000,2015,9,5,20,13008KT,21,08
2015-09-05 21:00:00.000,2015,9,5,21,12010KT,21,07
2015-09-05 22:00:00.000,2015,9,5,22,06010KT,20,08
2015-09-05 22:20:00.000,2015,9,5,22,17008KT,18,11
2015-09-05 23:00:00.000,2015,9,5,23,13010KT,17,10
2015-09-06 00:00:00.000,2015,9,6,0,VRB02KT,17,09
2015-09-06 01:00:00.000,2015,9,6,1,28005KT,15,11
2015-09-06 02:00:00.000,2015,9,6,2,28005KT,15,11
2015-09-06 03:00:00.000,2015,9,6,3,17006KT,14,09
2015-09-06 04:00:00.000,2015,9,6,4,35005KT,12,09
2015-09-06 05:00:00.000,2015,9,6,5,32003KT,11,09
2015-09-06 06:00:00.000,2015,9,6,6,03003KT,11,09
2015-09-06 07:00:00.000,2015,9,6,7,27006KT,11,09
2015-09-06 08:00:00.000,2015,9,6,8,VRB02KT,11,09
2015-09-06 09:00:00.000,2015,9,6,9,03004KT,11,09
2015-09-06 10:00:00.000,2015,9,6,10,VRB02KT,11,11
2015-09-06 10:30:00.000,2015,9,6,10,13004KT,11,10
2015-09-06 11:00:00.000,2015,9,6,11,19005KT,12,10
2015-09-06 12:00:00.000,2015,9,6,12,VEB02KT,11,10
2015-09-06 13:00:00.000,2015,9,6,13,14006KT,12,10
2015-09-06 14:00:00.000,2015,9,6,14,14004KT,13,11
2015-09-06 14:00:00.000,2015,9,6,14,14004KT,13,11
2015-09-06 15:00:00.000,2015,9,6,15,16010KT,14,10
2015-09-06 16:00:00.000,2015,9,6,16,19010KT,16,10
2015-09-06 17:00:00.000,2015,9,6,17,07004G17KT,18,10
2015-09-06 18:00:00.000,2015,9,6,18,07014KT,16,09
2015-09-06 19:00:00.000,2015,9,6,19,16008KT,17,10
2015-09-06 20:00:00.000,2015,9,6,20,10008KT,17,09
2015-09-06 21:00:00.000,2015,9,6,21,10010KT,18,11
2015-09-06 22:00:00.000,2015,9,6,22,12006KT,17,10
2015-09-06 23:00:00.000,2015,9,6,23,VRB02KT,15,11
2015-09-07 00:00:00.000,2015,9,7,0,VRB02KT,15,11
2015-09-07 01:00:00.000,2015,9,7,1,15006KT,14,10
2015-09-07 02:00:00.000,2015,9,7,2,14006KT,14,09
2015-09-07 03:00:00.000,2015,9,7,3,09004KT,13,10
2015-09-07 04:00:00.000,2015,9,7,4,09006KT,13,09
2015-09-07 05:00:00.000,2015,9,7,5,11004KT,14,09
2015-09-07 06:00:00.000,2015,9,7,6,36004KT,12,09
2015-09-07 07:00:00.000,2015,9,7,7,VRB02KT,12,10
2015-09-07 08:00:00.000,2015,9,7,8,VRB02KT,11,09
2015-09-07 09:00:00.000,2015,9,7,9,VRB02KT,12,10
2015-09-07 10:00:00.000,2015,9,7,10,05006KT,12,10
2015-09-07 10:30:00.000,2015,9,7,10,07006KT,12,10
2015-09-07 11:00:00.000,2015,9,7,11,07005KT,12,10
2015-09-07 12:00:00.000,2015,9,7,12,05006KT,13,11
2015-09-07 13:00:00.000,2015,9,7,13,06010KT,14,10
2015-09-07 14:00:00.000,2015,9,7,14,07008KT,15,10
2015-09-07 15:00:00.000,2015,9,7,15,015008KT,17,09
2015-09-07 16:00:00.000,2015,9,7,16,14010KT,18,09
2015-09-07 17:00:00.000,2015,9,7,17,17008KT,18,09
2015-09-07 17:25:00.000,2015,9,7,17,16008KT,17,09
2015-09-07 17:40:00.000,2015,9,7,17,14010KT,19,09
2015-09-07 18:00:00.000,2015,9,7,18,13008KT,18,09
2015-09-07 19:00:00.000,2015,9,7,19,14009KT,18,09
2015-09-07 20:00:00.000,2015,9,7,20,11010KT,17,09
2015-09-07 21:00:00.000,2015,9,7,21,12008KT,17,09
2015-09-07 22:00:00.000,2015,9,7,22,14006KT,16,08
2015-09-07 23:00:00.000,2015,9,7,23,08007KT,15,09
2015-09-08 00:00:00.000,2015,9,8,0,12008KT,14,09
2015-09-08 01:00:00.000,2015,9,8,1,05006KT,13,08
2015-09-08 02:00:00.000,2015,9,8,2,10004KT,12,08
2015-09-08 03:00:00.000,2015,9,8,3,VRB02KT,10,09
2015-09-08 04:00:00.000,2015,9,8,4,04004KT,11,08
2015-09-08 05:00:00.000,2015,9,8,5,VRB02KT,10,08
2015-09-08 06:00:00.000,2015,9,8,6,30004KT,11,08
2015-09-08 07:00:00.000,2015,9,8,7,34004KT,10,08
2015-09-08 08:00:00.000,2015,9,8,8,VRB02KT,10,09
2015-09-08 09:00:00.000,2015,9,8,9,35004KT,08,07
2015-09-08 10:00:00.000,2015,9,8,10,VRB02KT,09,08
2015-09-08 10:30:00.000,2015,9,8,10,01004KT,08,07
2015-09-08 11:00:00.000,2015,9,8,11,05006KT,09,08
2015-09-08 12:00:00.000,2015,9,8,12,34005KT,11,09
2015-09-08 13:00:00.000,2015,9,8,13,05004KT,13,09
2015-09-08 14:00:00.000,2015,9,8,14,03007KT,15,09
2015-09-08 15:00:00.000,2015,9,8,15,03006KT,18,10
2015-09-08 16:00:00.000,2015,9,8,16,12011KT,19,07
2015-09-08 17:00:00.000,2015,9,8,17,13011KT,19,06
2015-09-08 18:00:00.000,2015,9,8,18,14010KT,19,07
2015-09-08 19:00:00.000,2015,9,8,19,09007KT,20,06
2015-09-08 20:00:00.000,2015,9,8,20,15009KT,20,07
2015-09-08 21:00:00.000,2015,9,8,21,12010KT,20,07
2015-09-08 22:00:00.000,2015,9,8,22,11008KT,18,06
2015-09-08 23:00:00.000,2015,9,8,23,12008KT,17,07
2015-09-09 00:00:00.000,2015,9,9,0,11005KT,16,08
2015-09-09 01:00:00.000,2015,9,9,1,05004KT,13,08
2015-09-09 02:00:00.000,2015,9,9,2,05004KT,11,09
2015-09-09 03:00:00.000,2015,9,9,3,02004KT,13,09
2015-09-09 04:00:00.000,2015,9,9,4,05005KT,12,09
2015-09-09 05:00:00.000,2015,9,9,5,03004KT,13,10
2015-09-09 06:00:00.000,2015,9,9,6,03005KT,12,09
2015-09-09 06:07:00.000,2015,9,9,6,VRB02KT,12,10
2015-09-09 07:00:00.000,2015,9,9,7,VRB02KT,12,10
2015-09-09 08:00:00.000,2015,9,9,8,VRB02KT,11,09
2015-09-09 09:00:00.000,2015,9,9,9,03004KT,10,09
2015-09-09 10:00:00.000,2015,9,9,10,07005KT,12,09
2015-09-09 10:30:00.000,2015,9,9,10,03004KT,11,09
2015-09-09 11:00:00.000,2015,9,9,11,02004KT,10,08
2015-09-09 12:00:00.000,2015,9,9,12,03004KT,13,10
2015-09-09 13:00:00.000,2015,9,9,13,06004KT,14,10
2015-09-09 14:00:00.000,2015,9,9,14,07010KT,16,10
2015-09-09 15:00:00.000,2015,9,9,15,05010KT,17,09
2015-09-09 16:00:00.000,2015,9,9,16,07008KT,17,09
2015-09-09 17:00:00.000,2015,9,9,17,09004KT,18,09
2015-09-09 17:25:00.000,2015,9,9,17,04009KT,17,10
2015-09-09 17:30:00.000,2015,9,9,17,06011KT,18,10
2015-09-09 18:00:00.000,2015,9,9,18,07008KT,18,10
2015-09-09 19:00:00.000,2015,9,9,19,12007KT,19,09
2015-09-09 20:00:00.000,2015,9,9,20,13009KT,20,08
2015-09-09 21:00:00.000,2015,9,9,21,12003KT,20,07
2015-09-09 22:00:00.000,2015,9,9,22,13015KT,19,07
2015-09-09 23:00:00.000,2015,9,9,23,11006KT,18,07
2015-09-10 00:00:00.000,2015,9,10,0,04008KT,14,08
2015-09-10 01:00:00.000,2015,9,10,1,03006KT,13,08
2015-09-10 02:00:00.000,2015,9,10,2,11004KT,14,08
2015-09-10 03:00:00.000,2015,9,10,3,06004KT,11,08
2015-09-10 04:00:00.000,2015,9,10,4,10005KT,12,07
2015-09-10 05:00:00.000,2015,9,10,5,10004KT,12,07
2015-09-10 06:00:00.000,2015,9,10,6,05006KT,12,09
2015-09-10 07:00:00.000,2015,9,10,7,02003KT,11,09
2015-09-10 08:00:00.000,2015,9,10,8,VRB02KT,11,09
2015-09-10 09:00:00.000,2015,9,10,9,12003KT,11,09
2015-09-10 10:00:00.000,2015,9,10,10,03006KT,11,09
2015-09-10 10:30:00.000,2015,9,10,10,VRB02KT,11,10
2015-09-10 11:00:00.000,2015,9,10,11,28005KT,12,10
2015-09-10 12:00:00.000,2015,9,10,12,06006KT,12,10
2015-09-10 13:00:00.000,2015,9,10,13,02006KT,14,11
2015-09-10 14:00:00.000,2015,9,10,14,02005KT,15,09
2015-09-10 14:25:00.000,2015,9,10,14,05010KT,14,10
2015-09-10 15:00:00.000,2015,9,10,15,03008KT,14,11
2015-09-10 15:35:00.000,2015,9,10,15,05006KT,16,11
2015-09-10 16:00:00.000,2015,9,10,16,06005KT,14,13
2015-09-10 16:05:00.000,2015,9,10,16,05006KT,16,11
2015-09-10 16:15:00.000,2015,9,10,16,06005KT,14,13
2015-09-10 16:30:00.000,2015,9,10,16,04008KT,14,12
2015-09-10 17:00:00.000,2015,9,10,17,VRB02KT,14,12
2015-09-10 17:15:00.000,2015,9,10,17,VRB02KT,14,12
2015-09-10 17:37:00.000,2015,9,10,17,VRB02KT,15,12
2015-09-10 19:00:00.000,2015,9,10,19,16010KT,19,10
2015-09-10 20:00:00.000,2015,9,10,20,12009KT,18,08
2015-09-10 21:00:00.000,2015,9,10,21,12004KT,19,08
2015-09-10 22:00:00.000,2015,9,10,22,22008KT,16,11
2015-09-10 23:00:00.000,2015,9,10,23,24006KT,15,10
2015-09-11 00:00:00.000,2015,9,11,0,26008KT,15,10
2015-09-11 01:00:00.000,2015,9,11,1,20006KT,15,09
2015-09-11 02:00:00.000,2015,9,11,2,13006KT,14,09
2015-09-11 03:00:00.000,2015,9,11,3,15005KT,14,08
2015-09-11 04:00:00.000,2015,9,11,4,11005KT,14,08
2015-09-11 06:00:00.000,2015,9,11,6,05005KT,12,08
2015-09-11 07:00:00.000,2015,9,11,7,01004KT,12,08
2015-09-11 08:00:00.000,2015,9,11,8,VRB02KT,12,08
2015-09-11 09:00:00.000,2015,9,11,9,02004KT,11,08
2015-09-11 10:00:00.000,2015,9,11,10,06005KT,10,08
2015-09-11 10:30:00.000,2015,9,11,10,04005KT,10,08
2015-09-11 11:00:00.000,2015,9,11,11,06007KT,10,08
2015-09-11 12:00:00.000,2015,9,11,12,06008KT,12,08
2015-09-11 13:00:00.000,2015,9,11,13,06006KT,13,09
2015-09-11 14:00:00.000,2015,9,11,14,12006KT,16,09
2015-09-11 15:00:00.000,2015,9,11,15,12008KT,16,08
2015-09-11 16:00:00.000,2015,9,11,16,09012KT,17,08
2015-09-11 17:00:00.000,2015,9,11,17,13012KT,17,06
2015-09-11 18:00:00.000,2015,9,11,18,15008KT,18,06
2015-09-11 19:00:00.000,2015,9,11,19,15015KT,16,08
2015-09-11 20:00:00.000,2015,9,11,20,13012KT,16,08
2015-09-11 21:00:00.000,2015,9,11,21,06010KT,17,06
2015-09-11 22:00:00.000,2015,9,11,22,06010KT,17,06
2015-09-11 23:00:00.000,2015,9,11,23,07010KT,16,05
2015-09-12 00:00:00.000,2015,9,12,0,06010KT,15,06
2015-09-12 01:00:00.000,2015,9,12,1,06008KT,13,06
2015-09-12 02:00:00.000,2015,9,12,2,02008KT,12,05
2015-09-12 03:00:00.000,2015,9,12,3,04005KT,12,05
2015-09-12 04:00:00.000,2015,9,12,4,03006KT,11,05
2015-09-12 05:00:00.000,2015,9,12,5,36004KT,10,06
2015-09-12 06:00:00.000,2015,9,12,6,06007KT,09,06
2015-09-12 07:00:00.000,2015,9,12,7,060009KT,09,06
2015-09-12 08:00:00.000,2015,9,12,8,04005KT,08,05
2015-09-12 09:00:00.000,2015,9,12,9,04004KT,08,05
2015-09-12 10:00:00.000,2015,9,12,10,04005KT,08,05
2015-09-12 10:30:00.000,2015,9,12,10,05005KT,08,05
2015-09-12 11:00:00.000,2015,9,12,11,05005KT,07,05
2015-09-12 12:00:00.000,2015,9,12,12,05006KT,10,07
2015-09-12 13:00:00.000,2015,9,12,13,04006KT,13,08
2015-09-12 14:00:00.000,2015,9,12,14,04007KT,16,06
2015-09-12 15:00:00.000,2015,9,12,15,10014KT,19,05
2015-09-12 16:00:00.000,2015,9,12,16,12010KT,21,04
2015-09-12 17:00:00.000,2015,9,12,17,12010KT,19,04
2015-09-12 18:00:00.000,2015,9,12,18,12009KT,19,04
2015-09-12 19:00:00.000,2015,9,12,19,13010KT,19,03
2015-09-12 20:00:00.000,2015,9,12,20,17015KT,19,03
2015-09-12 21:00:00.000,2015,9,12,21,14014KT,19,03
2015-09-12 22:00:00.000,2015,9,12,22,18014KT,18,03
2015-09-12 23:00:00.000,2015,9,12,23,16012KT,17,03
2015-09-13 00:00:00.000,2015,9,13,0,16012KT,15,04
2015-09-13 00:31:00.000,2015,9,13,0,14010KT,12,04
2015-09-13 01:00:00.000,2015,9,13,1,16010KT,14,03
2015-09-13 01:32:00.000,2015,9,13,1,14010KT,10,03
2015-09-13 02:00:00.000,2015,9,13,2,14008KT,10,03
2015-09-13 03:00:00.000,2015,9,13,3,14007KT,11,03
2015-09-13 04:00:00.000,2015,9,13,4,05004KT,10,05
2015-09-13 05:00:00.000,2015,9,13,5,09003KT,11,05
2015-09-13 05:25:00.000,2015,9,13,5,VRB02KT,08,04
2015-09-13 06:00:00.000,2015,9,13,6,VRB02KT,07,04
2015-09-13 07:00:00.000,2015,9,13,7,VRB02KT,06,05
2015-09-13 08:00:00.000,2015,9,13,8,06004KT,06,05
2015-09-13 09:00:00.000,2015,9,13,9,05005KT,05,03
2015-09-13 10:00:00.000,2015,9,13,10,05008KT,06,04
2015-09-13 10:30:00.000,2015,9,13,10,07007KT,07,04
2015-09-13 11:00:00.000,2015,9,13,11,05005KT,05,03
2015-09-13 11:35:00.000,2015,9,13,11,06008KT,08,05
2015-09-13 12:00:00.000,2015,9,13,12,06008KT,10,05
2015-09-13 13:00:00.000,2015,9,13,13,06006KT,13,05
2015-09-13 13:30:00.000,2015,9,13,13,01007KT,16,02
2015-09-13 14:00:00.000,2015,9,13,14,14007KT,17,00
2015-09-13 14:35:00.000,2015,9,13,14,15010G20KT,,
2015-09-13 15:00:00.000,2015,9,13,15,12011G22KT,19,00
2015-09-13 16:00:00.000,2015,9,13,16,14013KT,,
2015-09-13 17:00:00.000,2015,9,13,17,16020KT,20,01
2015-09-13 18:00:00.000,2015,9,13,18,17015KT,18,03
2015-09-13 19:00:00.000,2015,9,13,19,16016KT,,
2015-09-13 20:00:00.000,2015,9,13,20,15013KT,19,04
2015-09-13 21:00:00.000,2015,9,13,21,14008KT,19,03
2015-09-13 22:00:00.000,2015,9,13,22,12007KT,18,03
2015-09-13 23:00:00.000,2015,9,13,23,16008KT,16,04
2015-09-14 00:00:00.000,2015,9,14,0,13010KT,14,05
2015-09-14 01:00:00.000,2015,9,14,1,14007KT,13,05
2015-09-14 02:00:00.000,2015,9,14,2,12004KT,14,06
2015-09-14 03:00:00.000,2015,9,14,3,10003KT,12,06
2015-09-14 04:00:00.000,2015,9,14,4,060004KT,12,07
2015-09-14 05:00:00.000,2015,9,14,5,VRB02KT,11,07
2015-09-14 06:00:00.000,2015,9,14,6,05004KT,11,07
2015-09-14 07:00:00.000,2015,9,14,7,VRB02KT,11,06
2015-09-14 08:00:00.000,2015,9,14,8,VRB02KT,10,06
2015-09-14 09:00:00.000,2015,9,14,9,VRB02KT,10,06
2015-09-14 10:00:00.000,2015,9,14,10,07004KT,11,07
2015-09-14 10:30:00.000,2015,9,14,10,VRB02KT,11,07
2015-09-14 11:00:00.000,2015,9,14,11,32004KT,11,08
2015-09-14 12:00:00.000,2015,9,14,12,33003KT,11,08
2015-09-14 13:00:00.000,2015,9,14,13,VRB02KT,14,09
2015-09-14 14:00:00.000,2015,9,14,14,14006KT,16,07
2015-09-14 15:00:00.000,2015,9,14,15,15012G22KT,17,05
2015-09-14 15:37:00.000,2015,9,14,15,14016KT,19,06
2015-09-14 16:00:00.000,2015,9,14,16,14012KT,18,05
2015-09-14 17:00:00.000,2015,9,14,17,14012KT,18,05
2015-09-14 18:00:00.000,2015,9,14,18,14016KT,18,06
2015-09-14 19:00:00.000,2015,9,14,19,14014KT,20,06
2015-09-14 20:00:00.000,2015,9,14,20,16012KT,20,05
2015-09-14 21:00:00.000,2015,9,14,21,16012KT,19,04
2015-09-14 22:00:00.000,2015,9,14,22,15012KT,19,04
2015-09-14 23:00:00.000,2015,9,14,23,16012KT,17,05
2015-09-15 00:00:00.000,2015,9,15,0,15011KT,14,07
2015-09-15 01:00:00.000,2015,9,15,1,14009KT,13,06
2015-09-15 02:00:00.000,2015,9,15,2,13008KT,14,08
2015-09-15 03:00:00.000,2015,9,15,3,VRB02KT,11,07
2015-09-15 04:00:00.000,2015,9,15,4,32003KT,09,07
2015-09-15 05:00:00.000,2015,9,15,5,03003KT,07,06
2015-09-15 06:00:00.000,2015,9,15,6,36003KT,06,05
2015-09-15 07:00:00.000,2015,9,15,7,06003KT,08,07
2015-09-15 08:00:00.000,2015,9,15,8,02004KT,09,07
2015-09-15 09:00:00.000,2015,9,15,9,03005KT,09,07
2015-09-15 10:00:00.000,2015,9,15,10,VRB02KT,10,08
2015-09-15 10:30:00.000,2015,9,15,10,30004KT,09,07
2015-09-15 11:00:00.000,2015,9,15,11,VRB02KT,08,07
2015-09-15 12:00:00.000,2015,9,15,12,06004KT,10,08
2015-09-15 13:00:00.000,2015,9,15,13,03006KT,12,08
2015-09-15 13:40:00.000,2015,9,15,13,08006KT,15,09
2015-09-15 14:00:00.000,2015,9,15,14,04008KT,16,08
2015-09-15 15:00:00.000,2015,9,15,15,10008KT,18,07
2015-09-15 16:00:00.000,2015,9,15,16,16012KT,19,07
2015-09-15 17:00:00.000,2015,9,15,17,13010KT,20,06
2015-09-15 18:00:00.000,2015,9,15,18,15016KT,19,07
2015-09-15 19:00:00.000,2015,9,15,19,11008KT,18,08
2015-09-15 20:00:00.000,2015,9,15,20,14012KT,17,08
2015-09-15 21:00:00.000,2015,9,15,21,14009KT,17,06
2015-09-15 22:00:00.000,2015,9,15,22,13007KT,17,05
2015-09-15 23:00:00.000,2015,9,15,23,13005KT,15,06
2015-09-16 00:00:00.000,2015,9,16,0,VRB02KT,13,07
2015-09-16 01:00:00.000,2015,9,16,1,VRB02KT,12,07
2015-09-16 02:00:00.000,2015,9,16,2,07005KT,12,07
2015-09-16 03:00:00.000,2015,9,16,3,06003KT,11,07
2015-09-16 04:00:00.000,2015,9,16,4,VRB02KT,10,08
2015-09-16 05:00:00.000,2015,9,16,5,VRB02KT,09,07
2015-09-16 06:00:00.000,2015,9,16,6,05005KT,08,07
2015-09-16 07:00:00.000,2015,9,16,7,04007KT,08,06
2015-09-16 08:00:00.000,2015,9,16,8,VRB02KT,08,06
2015-09-16 09:00:00.000,2015,9,16,9,VRB02KT,08,06
2015-09-16 10:00:00.000,2015,9,16,10,VRB02KT,07,05
2015-09-16 10:30:00.000,2015,9,16,10,VRB02KT,07,05
2015-09-16 11:00:00.000,2015,9,16,11,05003KT,07,06
2015-09-16 12:00:00.000,2015,9,16,12,02006KT,11,09
2015-09-16 13:00:00.000,2015,9,16,13,06004KT,14,09
2015-09-16 14:00:00.000,2015,9,16,14,06008KT,17,08
2015-09-16 15:00:00.000,2015,9,16,15,15013KT,20,06
2015-09-16 16:00:00.000,2015,9,16,16,10012KT,20,07
2015-09-16 17:00:00.000,2015,9,16,17,14012KT,21,06
2015-09-16 18:00:00.000,2015,9,16,18,13010KT,22,07
2015-09-16 19:00:00.000,2015,9,16,19,14010KT,20,06
2015-09-16 20:00:00.000,2015,9,16,20,05006KT,20,07
2015-09-16 21:00:00.000,2015,9,16,21,26009KT,20,10
2015-09-16 22:00:00.000,2015,9,16,22,28006KT,19,10
2015-09-16 23:00:00.000,2015,9,16,23,24006KT,17,10
2015-09-17 00:00:00.000,2015,9,17,0,26005KT,16,11
2015-09-17 01:00:00.000,2015,9,17,1,32004KT,13,11
2015-09-17 02:00:00.000,2015,9,17,2,28003KT,14,11
2015-09-17 03:00:00.000,2015,9,17,3,19005KT,15,11
2015-09-17 04:00:00.000,2015,9,17,4,VRB02KT,14,11
2015-09-17 05:00:00.000,2015,9,17,5,34003KT,14,11
2015-09-17 06:00:00.000,2015,9,17,6,06004KT,13,10
2015-09-17 07:00:00.000,2015,9,17,7,VRB02KT,13,10
2015-09-17 08:00:00.000,2015,9,17,8,35003KT,12,10
2015-09-17 09:00:00.000,2015,9,17,9,VRB02KT,12,10
2015-09-17 10:00:00.000,2015,9,17,10,VRB02KT,12,10
2015-09-17 10:30:00.000,2015,9,17,10,01003KT,11,09
2015-09-17 11:00:00.000,2015,9,17,11,VRB02KT,11,10
2015-09-17 12:00:00.000,2015,9,17,12,VRB02KT,13,11
2015-09-17 13:00:00.000,2015,9,17,13,02003KT,14,11
2015-09-17 13:30:00.000,2015,9,17,13,30004KT,16,10
2015-09-17 14:00:00.000,2015,9,17,14,28004KT,17,10
2015-09-17 15:00:00.000,2015,9,17,15,VRB02KT,19,10
2015-09-17 16:00:00.000,2015,9,17,16,02004KT,19,10
2015-09-17 17:00:00.000,2015,9,17,17,35004KT,21,09
2015-09-17 18:00:00.000,2015,9,17,18,24012KT,20,11
2015-09-17 18:25:00.000,2015,9,17,18,22012KT,20,12
2015-09-17 19:00:00.000,2015,9,17,19,27015KT,18,12
2015-09-17 19:40:00.000,2015,9,17,19,27015KT,16,12
2015-09-17 20:00:00.000,2015,9,17,20,28014KT,16,12
2015-09-17 21:00:00.000,2015,9,17,21,27003KT,16,12
2015-09-17 21:10:00.000,2015,9,17,21,27003KT,16,12
2015-09-17 21:35:00.000,2015,9,17,21,32003KT,16,12
2015-09-17 22:00:00.000,2015,9,17,22,31005KT,16,12
2015-09-17 23:00:00.000,2015,9,17,23,VRB02KT,15,12
2015-09-18 00:00:00.000,2015,9,18,0,VRB02KT,14,12
2015-09-18 01:00:00.000,2015,9,18,1,VRB02KT,14,12
2015-09-18 02:00:00.000,2015,9,18,2,VRB02KT,13,11
2015-09-18 03:00:00.000,2015,9,18,3,VRB02KT,15,11
2015-09-18 04:00:00.000,2015,9,18,4,12004KT,15,10
2015-09-18 05:00:00.000,2015,9,18,5,09005KT,15,10
2015-09-18 06:00:00.000,2015,9,18,6,36003KT,12,09
2015-09-18 07:00:00.000,2015,9,18,7,VRB02KT,11,09
2015-09-18 08:00:00.000,2015,9,18,8,VRB02KT,11,10
2015-09-18 09:00:00.000,2015,9,18,9,VRB02KT,12,10
2015-09-18 10:00:00.000,2015,9,18,10,07005KT,12,10
2015-09-18 10:30:00.000,2015,9,18,10,VRB02KT,12,10
2015-09-18 11:00:00.000,2015,9,18,11,VRB02KT,12,10
2015-09-18 11:29:00.000,2015,9,18,11,00000KT,,
2015-09-18 12:00:00.000,2015,9,18,12,03004KT,12,11
2015-09-18 12:30:00.000,2015,9,18,12,03005KT,14,10
2015-09-18 13:00:00.000,2015,9,18,13,05003KT,16,10
2015-09-18 14:00:00.000,2015,9,18,14,04005KT,17,09
2015-09-18 15:00:00.000,2015,9,18,15,13006KT,19,11
2015-09-18 16:00:00.000,2015,9,18,16,16012KT,19,07
2015-09-18 17:00:00.000,2015,9,18,17,17007KT,20,08
2015-09-18 18:00:00.000,2015,9,18,18,14012KT,16,10
2015-09-18 18:18:00.000,2015,9,18,18,14012KT,16,10
2015-09-18 19:00:00.000,2015,9,18,19,15014KT,17,09
2015-09-18 20:00:00.000,2015,9,18,20,20005KT,19,09
2015-09-18 21:00:00.000,2015,9,18,21,36003KT,19,07
2015-09-18 22:00:00.000,2015,9,18,22,29007KT,17,11
2015-09-18 23:00:00.000,2015,9,18,23,35005KT,14,11
2015-09-19 00:00:00.000,2015,9,19,0,36004KT,14,11
2015-09-19 01:00:00.000,2015,9,19,1,03008KT,13,11
2015-09-19 02:00:00.000,2015,9,19,2,02004KT,13,10
2015-09-19 03:00:00.000,2015,9,19,3,03006KT,13,10
2015-09-19 04:00:00.000,2015,9,19,4,02004KT,13,10
2015-09-19 05:00:00.000,2015,9,19,5,VRB02KT,12,10
2015-09-19 06:00:00.000,2015,9,19,6,04004KT,12,10
2015-09-19 07:00:00.000,2015,9,19,7,34003KT,11,10
2015-09-19 08:00:00.000,2015,9,19,8,06004KT,13,10
2015-09-19 09:00:00.000,2015,9,19,9,0504KT,13,11
2015-09-19 10:00:00.000,2015,9,19,10,04006KT,12,10
2015-09-19 10:30:00.000,2015,9,19,10,06003KT,10,09
2015-09-19 11:00:00.000,2015,9,19,11,VRB02KT,10,09
2015-09-19 12:00:00.000,2015,9,19,12,VRB02KT,12,10
2015-09-19 12:35:00.000,2015,9,19,12,04004KT,14,10
2015-09-19 13:00:00.000,2015,9,19,13,06005KT,16,10
2015-09-19 14:00:00.000,2015,9,19,14,08008KT,19,04
2015-09-19 14:35:00.000,2015,9,19,14,14010KT,21,08
2015-09-19 15:00:00.000,2015,9,19,15,13011G21KT,22,08
2015-09-19 16:00:00.000,2015,9,19,16,14012G24KT,22,09
2015-09-19 17:00:00.000,2015,9,19,17,15010G20KT,21,08
2015-09-19 18:00:00.000,2015,9,19,18,13007KT,22,07
2015-09-19 19:00:00.000,2015,9,19,19,16011KT,20,08
2015-09-19 20:00:00.000,2015,9,19,20,15009KT,20,07
2015-09-19 21:00:00.000,2015,9,19,21,09008KT,19,08
2015-09-19 21:40:00.000,2015,9,19,21,07009KT,19,08
2015-09-19 22:00:00.000,2015,9,19,22,07005KT,19,08
2015-09-19 23:00:00.000,2015,9,19,23,30009KT,16,13
2015-09-19 23:20:00.000,2015,9,19,23,30009KT,16,13
2015-09-19 23:30:00.000,2015,9,19,23,29008KT,16,13
2015-09-20 00:00:00.000,2015,9,20,0,VRB02KT,15,13
2015-09-20 00:20:00.000,2015,9,20,0,VRB02KT,15,13
2015-09-20 01:00:00.000,2015,9,20,1,12003KT,15,12
2015-09-20 02:00:00.000,2015,9,20,2,VRB02KT,14,12
2015-09-20 03:00:00.000,2015,9,20,3,24003KT,15,12
2015-09-20 04:00:00.000,2015,9,20,4,VRB02KT,13,09
2015-09-20 05:00:00.000,2015,9,20,5,VRB02KT,12,09
2015-09-20 06:00:00.000,2015,9,20,6,25004KT,15,11
2015-09-20 07:00:00.000,2015,9,20,7,VRB02KT,13,11
2015-09-20 08:00:00.000,2015,9,20,8,06004KT,13,10
2015-09-20 09:00:00.000,2015,9,20,9,08004KT,13,10
2015-09-20 10:00:00.000,2015,9,20,10,04006KT,12,10
2015-09-20 10:30:00.000,2015,9,20,10,03004KT,12,10
2015-09-20 11:00:00.000,2015,9,20,11,05006KT,12,10
2015-09-20 12:00:00.000,2015,9,20,12,04005KT,13,10
2015-09-20 13:00:00.000,2015,9,20,13,VRB02KT,15,10
2015-09-20 14:00:00.000,2015,9,20,14,VRB02KT,16,09
2015-09-20 15:00:00.000,2015,9,20,15,00000KT,28,26
2015-09-20 16:00:00.000,2015,9,20,16,15012KT,18,08
2015-09-20 17:00:00.000,2015,9,20,17,14014KT,19,08
2015-09-20 18:00:00.000,2015,9,20,18,13016KT,19,08
2015-09-20 19:00:00.000,2015,9,20,19,12011KT,18,08
2015-09-20 20:00:00.000,2015,9,20,20,13010KT,18,08
2015-09-20 21:00:00.000,2015,9,20,21,06003KT,18,08
2015-09-20 22:00:00.000,2015,9,20,22,10006KT,18,08
2015-09-20 22:45:00.000,2015,9,20,22,08006KT,16,08
2015-09-20 23:00:00.000,2015,9,20,23,09009KT,16,08
2015-09-21 00:00:00.000,2015,9,21,0,10006KT,15,08
2015-09-21 01:00:00.000,2015,9,21,1,10005KT,15,08
2015-09-21 02:00:00.000,2015,9,21,2,VRB02KT,14,08
2015-09-21 03:00:00.000,2015,9,21,3,08004KT,14,08
2015-09-21 04:00:00.000,2015,9,21,4,VRB02KT,13,09
2015-09-21 05:00:00.000,2015,9,21,5,VRB02KT,12,09
2015-09-21 06:00:00.000,2015,9,21,6,03006KT,12,09
2015-09-21 07:00:00.000,2015,9,21,7,04004KT,12,10
2015-09-21 08:00:00.000,2015,9,21,8,06003KT,11,09
2015-09-21 09:00:00.000,2015,9,21,9,05005KT,10,09
2015-09-21 10:00:00.000,2015,9,21,10,06006KT,10,09
2015-09-21 10:30:00.000,2015,9,21,10,VRB02KT,10,08
2015-09-21 11:00:00.000,2015,9,21,11,VRB02KT,10,08
2015-09-21 11:24:00.000,2015,9,21,11,08003KT,12,09
2015-09-21 12:00:00.000,2015,9,21,12,05007KT,12,09
2015-09-21 12:29:00.000,2015,9,21,12,06006KT,14,09
2015-09-21 13:00:00.000,2015,9,21,13,06006KT,16,08
2015-09-21 14:00:00.000,2015,9,21,14,09004KT,18,08
2015-09-21 15:00:00.000,2015,9,21,15,14009KT,19,07
2015-09-21 16:00:00.000,2015,9,21,16,14013KT,21,06
2015-09-21 16:30:00.000,2015,9,21,16,10009KT,19,07
2015-09-21 17:00:00.000,2015,9,21,17,09008KT,20,07
2015-09-21 18:00:00.000,2015,9,21,18,09008KT,19,08
2015-09-21 19:00:00.000,2015,9,21,19,07010KT,19,08
2015-09-21 20:00:00.000,2015,9,21,20,07010KT,19,07
2015-09-21 21:00:00.000,2015,9,21,21,09012KT,17,09
2015-09-21 22:00:00.000,2015,9,21,22,12008KT,18,07
2015-09-21 23:00:00.000,2015,9,21,23,12010KT,16,08
2015-09-22 00:00:00.000,2015,9,22,0,07003KT,15,08
2015-09-22 01:00:00.000,2015,9,22,1,03005KT,14,08
2015-09-22 02:00:00.000,2015,9,22,2,VRB02KT,13,08
2015-09-22 03:00:00.000,2015,9,22,3,04004KT,12,08
2015-09-22 04:00:00.000,2015,9,22,4,00000KT,11,08
2015-09-22 05:00:00.000,2015,9,22,5,00000KT,12,07
2015-09-22 06:00:00.000,2015,9,22,6,01003KT,12,08
2015-09-22 07:00:00.000,2015,9,22,7,07006KT,11,08
2015-09-22 08:00:00.000,2015,9,22,8,VRB02KT,10,07
2015-09-22 09:00:00.000,2015,9,22,9,04004KT,10,07
2015-09-22 10:00:00.000,2015,9,22,10,06007KT,09,07
2015-09-22 10:30:00.000,2015,9,22,10,06006KT,08,06
2015-09-22 11:00:00.000,2015,9,22,11,04005KT,08,06
2015-09-22 12:00:00.000,2015,9,22,12,05006KT,11,08
2015-09-22 13:00:00.000,2015,9,22,13,35005KT,14,08
2015-09-22 14:00:00.000,2015,9,22,14,06008KT,17,07
2015-09-22 15:00:00.000,2015,9,22,15,14010KT,19,05
2015-09-22 16:00:00.000,2015,9,22,16,16010KT,19,03
2015-09-22 17:00:00.000,2015,9,22,17,16012KT,20,04
2015-09-22 18:00:00.000,2015,9,22,18,16012KT,21,04
2015-09-22 19:00:00.000,2015,9,22,19,16014KT,22,04
2015-09-22 20:00:00.000,2015,9,22,20,14015KT,20,05
2015-09-22 21:00:00.000,2015,9,22,21,17014KT,20,04
2015-09-22 22:00:00.000,2015,9,22,22,16015KT,20,03
2015-09-22 23:00:00.000,2015,9,22,23,15011KT,17,04
2015-09-23 00:00:00.000,2015,9,23,0,14010KT,15,06
2015-09-23 01:00:00.000,2015,9,23,1,16009KT,15,06
2015-09-23 02:00:00.000,2015,9,23,2,13006KT,14,07
2015-09-23 03:00:00.000,2015,9,23,3,02004KT,12,07
2015-09-23 04:00:00.000,2015,9,23,4,06006KT,11,07
2015-09-23 05:00:00.000,2015,9,23,5,07006KT,13,07
2015-09-23 06:00:00.000,2015,9,23,6,04006KT,12,07
2015-09-23 07:00:00.000,2015,9,23,7,02003KT,10,07
2015-09-23 08:00:00.000,2015,9,23,8,04005KT,11,08
2015-09-23 09:00:00.000,2015,9,23,9,36003KT,11,07
2015-09-23 10:00:00.000,2015,9,23,10,04005KT,11,07
2015-09-23 10:30:00.000,2015,9,23,10,07004KT,11,07
2015-09-23 11:00:00.000,2015,9,23,11,04003KT,09,07
2015-09-23 12:00:00.000,2015,9,23,12,02003KT,12,08
2015-09-23 13:00:00.000,2015,9,23,13,07005KT,15,08
2015-09-23 14:00:00.000,2015,9,23,14,14015KT,17,08
2015-09-23 15:00:00.000,2015,9,23,15,15012KT,18,08
2015-09-23 16:00:00.000,2015,9,23,16,15012KT,17,08
2015-09-23 17:00:00.000,2015,9,23,17,17010KT,17,08
2015-09-23 18:00:00.000,2015,9,23,18,08010KT,18,08
2015-09-23 19:00:00.000,2015,9,23,19,10007KT,17,08
2015-09-23 19:20:00.000,2015,9,23,19,10005KT,17,09
2015-09-23 20:00:00.000,2015,9,23,20,14012KT,14,10
2015-09-23 20:25:00.000,2015,9,23,20,10004KT,14,11
2015-09-23 21:00:00.000,2015,9,23,21,10007KT,15,11
2015-09-23 22:00:00.000,2015,9,23,22,12006KT,16,10
2015-09-23 23:00:00.000,2015,9,23,23,09004KT,15,09
2015-09-24 00:00:00.000,2015,9,24,0,07005KT,14,09
2015-09-24 01:00:00.000,2015,9,24,1,10007KT,14,07
2015-09-24 02:00:00.000,2015,9,24,2,03006KT,11,07
2015-09-24 03:00:00.000,2015,9,24,3,08005KT,12,07
2015-09-24 04:00:00.000,2015,9,24,4,VRB02KT,12,07
2015-09-24 05:00:00.000,2015,9,24,5,VRB02KT,11,07
2015-09-24 06:00:00.000,2015,9,24,6,VRB02KT,11,07
2015-09-24 07:00:00.000,2015,9,24,7,VRB02KT,10,07
2015-09-24 08:00:00.000,2015,9,24,8,VRB02KT,10,08
2015-09-24 09:00:00.000,2015,9,24,9,VRB02KT,09,07
2015-09-24 10:00:00.000,2015,9,24,10,VRB02KT,09,08
2015-09-24 10:30:00.000,2015,9,24,10,VRB02KT,09,07
2015-09-24 11:00:00.000,2015,9,24,11,VRB02KT,08,07
2015-09-24 12:00:00.000,2015,9,24,12,04005KT,10,07
2015-09-24 13:00:00.000,2015,9,24,13,03006KT,12,08
2015-09-24 13:33:00.000,2015,9,24,13,09006KT,15,08
2015-09-24 14:00:00.000,2015,9,24,14,13008KT,17,07
2015-09-24 15:00:00.000,2015,9,24,15,11012KT,18,05
2015-09-24 16:00:00.000,2015,9,24,16,10010KT,18,06
2015-09-24 17:00:00.000,2015,9,24,17,10010KT,19,06
2015-09-24 18:00:00.000,2015,9,24,18,12013KT,19,06
2015-09-24 19:00:00.000,2015,9,24,19,14012KT,19,06
2015-09-24 20:00:00.000,2015,9,24,20,12012KT,20,07
2015-09-24 21:00:00.000,2015,9,24,21,14013KT,19,05
2015-09-24 22:00:00.000,2015,9,24,22,13010KT,19,03
2015-09-24 23:00:00.000,2015,9,24,23,13012KT,16,06
2015-09-25 00:00:00.000,2015,9,25,0,13010KT,14,06
2015-09-25 01:00:00.000,2015,9,25,1,11005KT,14,07
2015-09-25 02:00:00.000,2015,9,25,2,10008KT,13,07
2015-09-25 03:00:00.000,2015,9,25,3,07005KT,13,06
2015-09-25 04:00:00.000,2015,9,25,4,11005KT,13,06
2015-09-25 05:00:00.000,2015,9,25,5,13004KT,12,06
2015-09-25 06:00:00.000,2015,9,25,6,04004KT,09,06
2015-09-25 07:00:00.000,2015,9,25,7,04003KT,08,05
2015-09-25 08:00:00.000,2015,9,25,8,05004KT,08,05
2015-09-25 09:00:00.000,2015,9,25,9,06004KT,08,06
2015-09-25 10:00:00.000,2015,9,25,10,04006KT,07,06
2015-09-25 10:30:00.000,2015,9,25,10,VRB02KT,07,06
2015-09-25 11:00:00.000,2015,9,25,11,03004KT,08,06
2015-09-25 11:30:00.000,2015,9,25,11,05007KT,10,07
2015-09-25 12:00:00.000,2015,9,25,12,05006KT,11,07
2015-09-25 12:30:00.000,2015,9,25,12,06005KT,13,07
2015-09-25 13:00:00.000,2015,9,25,13,05008KT,15,06
2015-09-25 13:25:00.000,2015,9,25,13,14006KT,17,04
2015-09-25 14:00:00.000,2015,9,25,14,14008KT,19,04
2015-09-25 15:00:00.000,2015,9,25,15,15011KT,18,04
2015-09-25 16:00:00.000,2015,9,25,16,10010KT,18,04
2015-09-25 17:00:00.000,2015,9,25,17,15011KT,18,05
2015-09-25 18:00:00.000,2015,9,25,18,15009KT,17,05
2015-09-25 19:00:00.000,2015,9,25,19,15010KT,18,06
2015-09-25 20:00:00.000,2015,9,25,20,15012KT,19,06
2015-09-25 21:00:00.000,2015,9,25,21,13005KT,18,05
2015-09-25 22:00:00.000,2015,9,25,22,15016KT,17,05
2015-09-25 23:00:00.000,2015,9,25,23,17013KT,16,06
2015-09-26 00:00:00.000,2015,9,26,0,14011KT,13,06
2015-09-26 01:00:00.000,2015,9,26,1,14005KT,13,06
2015-09-26 02:00:00.000,2015,9,26,2,VRB02KT,13,07
2015-09-26 03:00:00.000,2015,9,26,3,VRB02KT,11,07
2015-09-26 04:00:00.000,2015,9,26,4,VRB02KT,08,06
2015-09-26 05:00:00.000,2015,9,26,5,VRB02KT,09,08
2015-09-26 06:00:00.000,2015,9,26,6,VRB02KT,06,05
2015-09-26 07:00:00.000,2015,9,26,7,VRB02KT,07,06
2015-09-26 08:00:00.000,2015,9,26,8,05003KT,07,06
2015-09-26 09:00:00.000,2015,9,26,9,06005KT,08,06
2015-09-26 10:00:00.000,2015,9,26,10,VRB02KT,07,05
2015-09-26 10:30:00.000,2015,9,26,10,VRB02KT,06,05
2015-09-26 11:00:00.000,2015,9,26,11,VRB02KT,08,07
2015-09-26 11:10:00.000,2015,9,26,11,VRB02KT,06,06
2015-09-26 11:22:00.000,2015,9,26,11,VRB02KT,08,07
2015-09-26 12:00:00.000,2015,9,26,12,07004KT,11,09
2015-09-26 12:12:00.000,2015,9,26,12,12006KT,14,07
2015-09-26 13:00:00.000,2015,9,26,13,12014KT,16,06
2015-09-26 14:00:00.000,2015,9,26,14,12014KT,18,05
2015-09-26 15:00:00.000,2015,9,26,15,16012KT,19,04
2015-09-26 16:00:00.000,2015,9,26,16,12012KT,20,04
2015-09-26 17:00:00.000,2015,9,26,17,15013KT,18,05
2015-09-26 18:00:00.000,2015,9,26,18,15011KT,18,04
2015-09-26 19:00:00.000,2015,9,26,19,17014KT,19,04
2015-09-26 20:00:00.000,2015,9,26,20,10006KT,19,05
2015-09-26 21:00:00.000,2015,9,26,21,12006KT,19,05
2015-09-26 22:00:00.000,2015,9,26,22,16009KT,19,03
2015-09-26 23:00:00.000,2015,9,26,23,13007KT,17,04
2015-09-27 00:00:00.000,2015,9,27,0,15011KT,15,05
2015-09-27 01:00:00.000,2015,9,27,1,12005KT,15,06
2015-09-27 02:00:00.000,2015,9,27,2,06005KT,13,07
2015-09-27 03:00:00.000,2015,9,27,3,36004KT,10,06
2015-09-27 04:00:00.000,2015,9,27,4,02004KT,09,04
2015-09-27 05:00:00.000,2015,9,27,5,35003KT,09,06
2015-09-27 06:00:00.000,2015,9,27,6,06008KT,09,05
2015-09-27 07:00:00.000,2015,9,27,7,05005KT,07,04
2015-09-27 08:00:00.000,2015,9,27,8,05006KT,08,05
2015-09-27 09:00:00.000,2015,9,27,9,05003KT,06,05
2015-09-27 10:00:00.000,2015,9,27,10,06005KT,07,04
2015-09-27 10:30:00.000,2015,9,27,10,05004KT,07,05
2015-09-27 11:00:00.000,2015,9,27,11,05005KT,06,04
2015-09-27 11:25:00.000,2015,9,27,11,07004KT,08,05
2015-09-27 12:00:00.000,2015,9,27,12,02004KT,10,06
2015-09-27 12:30:00.000,2015,9,27,12,30003KT,12,06
2015-09-27 13:00:00.000,2015,9,27,13,32003KT,12,06
2015-09-27 13:34:00.000,2015,9,27,13,25003KT,15,06
2015-09-27 14:00:00.000,2015,9,27,14,VRB02KT,15,05
2015-09-27 15:00:00.000,2015,9,27,15,11010KT,17,04
2015-09-27 16:00:00.000,2015,9,27,16,14012KT,19,05
2015-09-27 17:00:00.000,2015,9,27,17,15010KT,19,04
2015-09-27 18:00:00.000,2015,9,27,18,11008KT,19,04
2015-09-27 19:00:00.000,2015,9,27,19,11008KT,20,04
2015-09-27 20:00:00.000,2015,9,27,20,15013KT,20,03
2015-09-27 21:00:00.000,2015,9,27,21,15010KT,20,03
2015-09-27 22:00:00.000,2015,9,27,22,14012KT,19,03
2015-09-27 23:00:00.000,2015,9,27,23,14013KT,16,04
2015-09-28 00:00:00.000,2015,9,28,0,13012KT,15,05
2015-09-28 01:00:00.000,2015,9,28,1,14005KT,12,06
2015-09-28 02:00:00.000,2015,9,28,2,VRB02KT,12,07
2015-09-28 03:00:00.000,2015,9,28,3,VRB02KT,10,06
2015-09-28 04:00:00.000,2015,9,28,4,VRB02KT,10,06
2015-09-28 05:00:00.000,2015,9,28,5,VRB02KT,05,03
2015-09-28 06:00:00.000,2015,9,28,6,VRB02KT,07,05
2015-09-28 07:00:00.000,2015,9,28,7,VRB02KT,06,04
2015-09-28 08:00:00.000,2015,9,28,8,VRB02KT,06,05
2015-09-28 09:00:00.000,2015,9,28,9,VRB02KT,07,04
2015-09-28 10:00:00.000,2015,9,28,10,03003KT,08,05
2015-09-28 10:30:00.000,2015,9,28,10,05005KT,06,04
2015-09-28 11:00:00.000,2015,9,28,11,06005KT,06,04
2015-09-28 12:00:00.000,2015,9,28,12,00000KT,09,05
2015-09-28 13:00:00.000,2015,9,28,13,05003KT,14,03
2015-09-28 13:15:00.000,2015,9,28,13,05003KT,14,03
2015-09-28 14:00:00.000,2015,9,28,14,12006G18KT,17,01
2015-09-28 15:00:00.000,2015,9,28,15,14011KT,19,01
2015-09-28 16:00:00.000,2015,9,28,16,12010KT,20,02
2015-09-28 17:00:00.000,2015,9,28,17,09011KT,20,02
2015-09-28 18:00:00.000,2015,9,28,18,13008KT,20,03
2015-09-28 19:00:00.000,2015,9,28,19,15007KT,21,03
2015-09-28 20:00:00.000,2015,9,28,20,16008KT,20,03
2015-09-28 21:00:00.000,2015,9,28,21,21008KT,21,03
2015-09-28 22:00:00.000,2015,9,28,22,03008KT,20,03
2015-09-28 23:00:00.000,2015,9,28,23,14011KT,18,05
2015-09-29 00:00:00.000,2015,9,29,0,15008KT,16,06
2015-09-29 01:00:00.000,2015,9,29,1,15006KT,14,06
2015-09-29 02:00:00.000,2015,9,29,2,02004KT,13,06
2015-09-29 03:00:00.000,2015,9,29,3,VRB02KT,12,07
2015-09-29 04:00:00.000,2015,9,29,4,09004KT,12,08
2015-09-29 05:00:00.000,2015,9,29,5,02003KT,12,08
2015-09-29 06:00:00.000,2015,9,29,6,04003KT,11,07
2015-09-29 07:00:00.000,2015,9,29,7,03003KT,10,07
2015-09-29 08:00:00.000,2015,9,29,8,03003KT,09,07
2015-09-29 09:00:00.000,2015,9,29,9,04005KT,09,07
2015-09-29 10:00:00.000,2015,9,29,10,04005KT,08,07
2015-09-29 10:30:00.000,2015,9,29,10,36003KT,09,08
2015-09-29 11:00:00.000,2015,9,29,11,27005KT,09,07
2015-09-29 12:00:00.000,2015,9,29,12,04005KT,12,10
2015-09-29 12:12:00.000,2015,9,29,12,04005KT,12,10
2015-09-29 12:35:00.000,2015,9,29,12,04006KT,14,10
2015-09-29 13:00:00.000,2015,9,29,13,02007KT,15,09
2015-09-29 14:00:00.000,2015,9,29,14,05006KT,16,08
2015-09-29 15:00:00.000,2015,9,29,15,18004KT,17,07
2015-09-29 16:00:00.000,2015,9,29,16,04006KT,18,07
2015-09-29 17:00:00.000,2015,9,29,17,08008KT,19,07
2015-09-29 18:00:00.000,2015,9,29,18,16010KT,20,06
2015-09-29 19:00:00.000,2015,9,29,19,27005KT,19,06
2015-09-29 20:00:00.000,2015,9,29,20,08007KT,19,07
2015-09-29 21:00:00.000,2015,9,29,21,11007KT,18,07
2015-09-29 22:00:00.000,2015,9,29,22,06004KT,18,08
2015-09-29 23:00:00.000,2015,9,29,23,02003KT,16,07
2015-09-30 00:00:00.000,2015,9,30,0,29004KT,15,11
2015-09-30 00:38:00.000,2015,9,30,0,VRB02KT,15,09
2015-09-30 01:00:00.000,2015,9,30,1,26005KT,15,09
2015-09-30 02:00:00.000,2015,9,30,2,VRB02KT,14,10
2015-09-30 03:00:00.000,2015,9,30,3,06004KT,13,08
2015-09-30 04:00:00.000,2015,9,30,4,04005KT,12,08
2015-09-30 05:00:00.000,2015,9,30,5,VRB02KT,12,09
2015-09-30 06:00:00.000,2015,9,30,6,VRB02KT,12,09
2015-09-30 07:00:00.000,2015,9,30,7,VRB02KT,11,09
2015-09-30 08:00:00.000,2015,9,30,8,06006KT,12,09
2015-09-30 09:00:00.000,2015,9,30,9,04005KT,11,08
2015-09-30 10:00:00.000,2015,9,30,10,03008KT,11,09
2015-09-30 10:30:00.000,2015,9,30,10,VRB02KT,12,08
2015-09-30 11:00:00.000,2015,9,30,11,03005KT,11,09
2015-09-30 12:00:00.000,2015,9,30,12,04005KT,13,09
2015-09-30 13:00:00.000,2015,9,30,13,05006KT,15,09
2015-09-30 14:00:00.000,2015,9,30,14,VRB02KT,17,09
2015-09-30 15:00:00.000,2015,9,30,15,VRB02KT,17,08
2015-09-30 16:00:00.000,2015,9,30,16,10006KT,18,08
2015-09-30 17:00:00.000,2015,9,30,17,05005KT,18,08
2015-09-30 18:00:00.000,2015,9,30,18,08006KT,20,07
2015-09-30 19:00:00.000,2015,9,30,19,06006KT,19,07
2015-09-30 20:00:00.000,2015,9,30,20,23009KT,19,10
2015-09-30 21:00:00.000,2015,9,30,21,09004KT,19,09
2015-09-30 22:00:00.000,2015,9,30,22,31005KT,16,12
2015-09-30 23:00:00.000,2015,9,30,23,31005KT,16,12
2015-10-01 00:00:00.000,2015,10,1,0,VRB02KT,13,10
2015-10-01 00:11:00.000,2015,10,1,0,27004KT,15,11
2015-10-01 01:00:00.000,2015,10,1,1,VRB02KT,11,09
2015-10-01 02:00:00.000,2015,10,1,2,34003KT,10,08
2015-10-01 02:12:00.000,2015,10,1,2,VRB02KT,14,11
2015-10-01 03:00:00.000,2015,10,1,3,34004KT,09,08
2015-10-01 03:30:00.000,2015,10,1,3,VRB02KT,13,12
2015-10-01 04:00:00.000,2015,10,1,4,36003KT,10,09
2015-10-01 05:00:00.000,2015,10,1,5,32003KT,10,09
2015-10-01 06:00:00.000,2015,10,1,6,32003KT,11,09
2015-10-01 07:00:00.000,2015,10,1,7,02004KT,11,10
2015-10-01 08:00:00.000,2015,10,1,8,27003KT,11,10
2015-10-01 09:00:00.000,2015,10,1,9,06007KT,11,10
2015-10-01 10:00:00.000,2015,10,1,10,02005KT,11,10
2015-10-01 10:30:00.000,2015,10,1,10,05003KT,11,10
2015-10-01 11:00:00.000,2015,10,1,11,07004KT,12,10
2015-10-01 12:00:00.000,2015,10,1,12,03006KT,13,10
2015-10-01 12:40:00.000,2015,10,1,12,VRB02KT,13,10
2015-10-01 13:00:00.000,2015,10,1,13,01004KT,13,09
2015-10-01 13:22:00.000,2015,10,1,13,01004KT,13,10
2015-10-01 14:00:00.000,2015,10,1,14,01004KT,12,10
2015-10-01 14:30:00.000,2015,10,1,14,VRB02KT,13,11
2015-10-01 15:00:00.000,2015,10,1,15,15004KT,14,11
2015-10-01 16:00:00.000,2015,10,1,16,23006KT,15,09
2015-10-01 17:00:00.000,2015,10,1,17,18006KT,16,10
2015-10-01 18:00:00.000,2015,10,1,18,VRB02KT,16,10
2015-10-01 19:00:00.000,2015,10,1,19,VRB02KT,18,09
2015-10-01 20:00:00.000,2015,10,1,20,VRB02KT,19,09
2015-10-01 21:00:00.000,2015,10,1,21,23008KT,17,11
2015-10-01 22:00:00.000,2015,10,1,22,24009KT,15,11
2015-10-01 23:00:00.000,2015,10,1,23,25008KT,14,11
2015-10-02 00:00:00.000,2015,10,2,0,31006KT,13,11
2015-10-02 01:00:00.000,2015,10,2,1,28004KT,13,10
2015-10-02 02:00:00.000,2015,10,2,2,VRB02KT,12,10
2015-10-02 03:00:00.000,2015,10,2,3,VRB02KT,13,10
2015-10-02 04:00:00.000,2015,10,2,4,VRB02KT,12,10
2015-10-02 05:00:00.000,2015,10,2,5,VRB02KT,12,10
2015-10-02 06:00:00.000,2015,10,2,6,VRB02KT,10,10
2015-10-02 07:00:00.000,2015,10,2,7,VRB02KT,11,10
2015-10-02 08:00:00.000,2015,10,2,8,28004KT,12,11
2015-10-02 09:00:00.000,2015,10,2,9,VRB02KT,12,10
2015-10-02 10:00:00.000,2015,10,2,10,VRB02KT,12,10
2015-10-02 10:30:00.000,2015,10,2,10,VRB02KT,12,10
2015-10-02 11:00:00.000,2015,10,2,11,VRB02KT,11,10
2015-10-02 12:00:00.000,2015,10,2,12,02004KT,10,09
2015-10-02 13:00:00.000,2015,10,2,13,VRB02KT,15,11
2015-10-02 14:00:00.000,2015,10,2,14,02004KT,17,09
2015-10-02 15:00:00.000,2015,10,2,15,17004KT,19,08
2015-10-02 16:00:00.000,2015,10,2,16,14006KT,20,08
2015-10-02 17:00:00.000,2015,10,2,17,26014KT,18,11
2015-10-02 18:00:00.000,2015,10,2,18,24012KT,17,11
2015-10-02 19:00:00.000,2015,10,2,19,24008KT,19,11
2015-10-02 20:00:00.000,2015,10,2,20,27012KT,20,10
2015-10-02 21:00:00.000,2015,10,2,21,27012KT,18,11
2015-10-02 22:00:00.000,2015,10,2,22,20008KT,15,12
2015-10-02 23:00:00.000,2015,10,2,23,19004KT,15,10
2015-10-03 00:00:00.000,2015,10,3,0,VRB02KT,15,10
2015-10-03 01:00:00.000,2015,10,3,1,34003KT,13,11
2015-10-03 02:00:00.000,2015,10,3,2,VRB02KT,13,11
2015-10-03 03:00:00.000,2015,10,3,3,02003KT,13,12
2015-10-03 04:00:00.000,2015,10,3,4,02003KT,13,12
2015-10-03 05:00:00.000,2015,10,3,5,02003KT,13,12
2015-10-03 06:00:00.000,2015,10,3,6,03005KT,11,10
2015-10-03 07:00:00.000,2015,10,3,7,04005KT,12,11
2015-10-03 08:00:00.000,2015,10,3,8,07005KT,12,11
2015-10-03 09:00:00.000,2015,10,3,9,05006KT,11,10
2015-10-03 10:00:00.000,2015,10,3,10,05006KT,12,10
2015-10-03 10:30:00.000,2015,10,3,10,06007KT,12,10
2015-10-03 11:00:00.000,2015,10,3,11,08004KT,12,10
2015-10-03 12:00:00.000,2015,10,3,12,36005KT,14,11
2015-10-03 12:30:00.000,2015,10,3,12,VRB02KT,13,11
2015-10-03 13:00:00.000,2015,10,3,13,VRB02KT,13,11
2015-10-03 14:00:00.000,2015,10,3,14,02005KT,15,12
2015-10-03 15:00:00.000,2015,10,3,15,06004KT,16,10
2015-10-03 16:00:00.000,2015,10,3,16,VRB02KT,18,11
2015-10-03 17:00:00.000,2015,10,3,17,16005KT,19,09
2015-10-03 18:00:00.000,2015,10,3,18,VRB02KT,20,08
2015-10-03 19:00:00.000,2015,10,3,19,13010KT,20,06
2015-10-03 20:00:00.000,2015,10,3,20,14007KT,21,08
2015-10-03 21:00:00.000,2015,10,3,21,09006KT,20,08
2015-10-03 22:00:00.000,2015,10,3,22,04008KT,16,11
2015-10-03 23:00:00.000,2015,10,3,23,06009KT,16,10
2015-10-04 00:00:00.000,2015,10,4,0,07009KT,16,09
2015-10-04 01:00:00.000,2015,10,4,1,06007KT,14,09
2015-10-04 02:00:00.000,2015,10,4,2,04006KT,13,08
2015-10-04 03:00:00.000,2015,10,4,3,01005KT,11,08
2015-10-04 04:00:00.000,2015,10,4,4,03005KT,12,09
2015-10-04 05:00:00.000,2015,10,4,5,02004KT,10,08
2015-10-04 06:00:00.000,2015,10,4,6,03004KT,11,09
2015-10-04 07:00:00.000,2015,10,4,7,32003KT,10,09
2015-10-04 08:00:00.000,2015,10,4,8,VRB02KT,09,08
2015-10-04 09:00:00.000,2015,10,4,9,03005KT,11,08
2015-10-04 10:00:00.000,2015,10,4,10,01004KT,08,07
2015-10-04 10:32:00.000,2015,10,4,10,30003KT,10,08
2015-10-04 11:00:00.000,2015,10,4,11,VRB02KT,09,07
2015-10-04 12:00:00.000,2015,10,4,12,06004KT,13,09
2015-10-04 13:00:00.000,2015,10,4,13,05010KT,15,08
2015-10-04 14:00:00.000,2015,10,4,14,06010KT,17,06
2015-10-04 15:00:00.000,2015,10,4,15,12016KT,20,06
2015-10-04 16:00:00.000,2015,10,4,16,12012KT,19,06
2015-10-04 17:00:00.000,2015,10,4,17,14015KT,19,07
2015-10-04 18:00:00.000,2015,10,4,18,12010KT,19,07
2015-10-04 19:00:00.000,2015,10,4,19,10010KT,20,06
2015-10-04 20:00:00.000,2015,10,4,20,06008KT,19,05
2015-10-04 21:00:00.000,2015,10,4,21,08008KT,19,07
2015-10-04 22:00:00.000,2015,10,4,22,06010KT,18,06
2015-10-04 23:00:00.000,2015,10,4,23,14012KT,17,05
2015-10-05 00:00:00.000,2015,10,5,0,13010KT,16,04
2015-10-05 01:00:00.000,2015,10,5,1,09010KT,15,05
2015-10-05 02:00:00.000,2015,10,5,2,10005KT,13,05
2015-10-05 03:00:00.000,2015,10,5,3,12008KT,14,06
2015-10-05 04:00:00.000,2015,10,5,4,26005KT,14,07
2015-10-05 05:00:00.000,2015,10,5,5,02005KT,13,07
2015-10-05 06:00:00.000,2015,10,5,6,VRB02KT,12,07
2015-10-05 07:00:00.000,2015,10,5,7,05004KT,11,08
2015-10-05 08:00:00.000,2015,10,5,8,00000KT,11,08
2015-10-05 09:00:00.000,2015,10,5,9,36003KT,09,07
2015-10-05 10:00:00.000,2015,10,5,10,33005KT,09,07
2015-10-05 10:30:00.000,2015,10,5,10,VRB02KT,08,06
2015-10-05 11:00:00.000,2015,10,5,11,36004KT,08,06
2015-10-05 11:38:00.000,2015,10,5,11,05004KT,11,01
2015-10-05 12:00:00.000,2015,10,5,12,10008KT,15,09
2015-10-05 12:20:00.000,2015,10,5,12,10008KT,15,09
2015-10-05 13:00:00.000,2015,10,5,13,10010KT,15,08
2015-10-05 14:00:00.000,2015,10,5,14,12010KT,18,08
2015-10-05 15:00:00.000,2015,10,5,15,12013KT,18,06
2015-10-05 16:00:00.000,2015,10,5,16,15014KT,18,06
2015-10-05 17:00:00.000,2015,10,5,17,14014KT,18,06
2015-10-05 18:00:00.000,2015,10,5,18,11013KT,19,08
2015-10-05 19:00:00.000,2015,10,5,19,12011G22KT,19,07
2015-10-05 20:00:00.000,2015,10,5,20,14013KT,21,08
2015-10-05 21:00:00.000,2015,10,5,21,17012KT,20,06
2015-10-05 22:00:00.000,2015,10,5,22,13012KT,19,05
2015-10-05 23:00:00.000,2015,10,5,23,16014KT,17,04
2015-10-06 00:00:00.000,2015,10,6,0,12010KT,15,06
2015-10-06 01:00:00.000,2015,10,6,1,10005KT,15,07
2015-10-06 02:00:00.000,2015,10,6,2,VRB02KT,13,06
2015-10-06 03:00:00.000,2015,10,6,3,VRB02KT,11,06
2015-10-06 04:00:00.000,2015,10,6,4,07004KT,11,07
2015-10-06 05:00:00.000,2015,10,6,5,10002KT,11,07
2015-10-06 06:00:00.000,2015,10,6,6,02004KT,10,07
2015-10-06 07:00:00.000,2015,10,6,7,06007KT,11,08
2015-10-06 08:00:00.000,2015,10,6,8,07006KT,11,08
2015-10-06 09:00:00.000,2015,10,6,9,07005KT,10,08
2015-10-06 10:00:00.000,2015,10,6,10,04005KT,09,08
2015-10-06 10:30:00.000,2015,10,6,10,VRB02KT,09,07
2015-10-06 11:00:00.000,2015,10,6,11,05003KT,08,07
2015-10-06 12:00:00.000,2015,10,6,12,05005KT,12,09
2015-10-06 13:00:00.000,2015,10,6,13,06008KT,15,08
2015-10-06 14:00:00.000,2015,10,6,14,12007KT,19,06
2015-10-06 15:00:00.000,2015,10,6,15,12012KT,20,06
2015-10-06 16:00:00.000,2015,10,6,16,12014KT,19,06
2015-10-06 17:00:00.000,2015,10,6,17,12012KT,18,06
2015-10-06 18:00:00.000,2015,10,6,18,15013KT,19,05
2015-10-06 19:00:00.000,2015,10,6,19,13012KT,19,05
2015-10-06 20:00:00.000,2015,10,6,20,17012KT,19,05
2015-10-06 21:00:00.000,2015,10,6,21,10007KT,18,05
2015-10-06 22:00:00.000,2015,10,6,22,10007KT,18,05
2015-10-06 23:00:00.000,2015,10,6,23,10004KT,17,05
2015-10-07 00:00:00.000,2015,10,7,0,03006KT,13,06
2015-10-07 01:00:00.000,2015,10,7,1,02003KT,11,06
2015-10-07 02:00:00.000,2015,10,7,2,04004KT,10,06
2015-10-07 03:00:00.000,2015,10,7,3,06003KT,12,06
2015-10-07 04:00:00.000,2015,10,7,4,04005KT,09,06
2015-10-07 05:00:00.000,2015,10,7,5,03005KT,08,06
2015-10-07 06:00:00.000,2015,10,7,6,08003KT,10,07
2015-10-07 08:00:00.000,2015,10,7,8,05004KT,07,05
2015-10-07 09:00:00.000,2015,10,7,9,05006KT,07,05
2015-10-07 10:00:00.000,2015,10,7,10,06003KT,07,06
2015-10-07 10:30:00.000,2015,10,7,10,05003KT,07,06
2015-10-07 11:00:00.000,2015,10,7,11,08003KT,08,06
2015-10-07 12:00:00.000,2015,10,7,12,VRB02KT,10,07
2015-10-07 13:00:00.000,2015,10,7,13,03006KT,13,08
2015-10-07 14:00:00.000,2015,10,7,14,VRB02KT,17,08
2015-10-07 15:00:00.000,2015,10,7,15,14006KT,19,06
2015-10-07 16:00:00.000,2015,10,7,16,13010KT,20,06
2015-10-07 17:00:00.000,2015,10,7,17,10014KT,21,05
2015-10-07 18:00:00.000,2015,10,7,18,15010KT,21,04
2015-10-07 19:00:00.000,2015,10,7,19,17010KT,20,06
2015-10-07 20:00:00.000,2015,10,7,20,15012KT,20,07
2015-10-07 21:00:00.000,2015,10,7,21,14008KT,20,07
2015-10-07 22:00:00.000,2015,10,7,22,07007KT,19,07
2015-10-07 23:00:00.000,2015,10,7,23,21004KT,16,10
2015-10-08 00:00:00.000,2015,10,8,0,30004KT,15,10
2015-10-08 01:00:00.000,2015,10,8,1,36003KT,13,10
2015-10-08 03:00:00.000,2015,10,8,3,04003KT,12,09
2015-10-08 04:00:00.000,2015,10,8,4,04005KT,12,09
2015-10-08 05:00:00.000,2015,10,8,5,03005KT,12,09
2015-10-08 06:00:00.000,2015,10,8,6,02003KT,12,09
2015-10-08 07:00:00.000,2015,10,8,7,04004KT,12,09
2015-10-08 08:00:00.000,2015,10,8,8,34003KT,11,09
2015-10-08 09:00:00.000,2015,10,8,9,04006KT,12,09
2015-10-08 10:00:00.000,2015,10,8,10,06009KT,12,10
2015-10-08 10:30:00.000,2015,10,8,10,06007KT,12,10
2015-10-08 11:00:00.000,2015,10,8,11,06006KT,12,10
2015-10-08 11:40:00.000,2015,10,8,11,05008KT,12,10
2015-10-08 12:00:00.000,2015,10,8,12,05008KT,12,10
2015-10-08 12:40:00.000,2015,10,8,12,04006KT,12,11
2015-10-08 13:00:00.000,2015,10,8,13,05005KT,13,11
2015-10-08 13:15:00.000,2015,10,8,13,05005KT,13,11
2015-10-08 14:00:00.000,2015,10,8,14,03006KT,14,11
2015-10-08 15:00:00.000,2015,10,8,15,14011KT,17,08
2015-10-08 16:00:00.000,2015,10,8,16,13009KT,18,06
2015-10-08 17:00:00.000,2015,10,8,17,15010KT,20,06
2015-10-08 18:00:00.000,2015,10,8,18,05011KT,18,07
2015-10-08 19:00:00.000,2015,10,8,19,14012KT,19,07
2015-10-08 20:00:00.000,2015,10,8,20,11008KT,19,07
2015-10-08 21:00:00.000,2015,10,8,21,09006KT,19,07
2015-10-08 22:00:00.000,2015,10,8,22,09004KT,18,07
2015-10-08 23:00:00.000,2015,10,8,23,11005KT,17,08
2015-10-09 00:00:00.000,2015,10,9,0,01004KT,15,08
2015-10-09 01:00:00.000,2015,10,9,1,04004KT,14,09
2015-10-09 02:00:00.000,2015,10,9,2,34003KT,12,08
2015-10-09 03:00:00.000,2015,10,9,3,08004KT,11,09
2015-10-09 04:00:00.000,2015,10,9,4,05004KT,11,08
2015-10-09 05:00:00.000,2015,10,9,5,05004KT,10,08
2015-10-09 06:00:00.000,2015,10,9,6,04004KT,10,08
2015-10-09 07:00:00.000,2015,10,9,7,04005KT,,
2015-10-09 08:00:00.000,2015,10,9,8,04003KT,08,07
2015-10-09 09:00:00.000,2015,10,9,9,VRB02KT,07,07
2015-10-09 10:00:00.000,2015,10,9,10,VRB02KT,09,08
2015-10-09 10:30:00.000,2015,10,9,10,06004KT,08,08
2015-10-09 11:00:00.000,2015,10,9,11,05004KT,10,09
2015-10-09 12:00:00.000,2015,10,9,12,01004KT,12,09
2015-10-09 13:00:00.000,2015,10,9,13,05008KT,13,09
2015-10-09 14:00:00.000,2015,10,9,14,06008KT,16,06
2015-10-09 15:00:00.000,2015,10,9,15,07007KT,17,07
2015-10-09 16:00:00.000,2015,10,9,16,10005KT,19,07
2015-10-09 17:00:00.000,2015,10,9,17,08008KT,19,07
2015-10-09 18:00:00.000,2015,10,9,18,10008KT,20,08
2015-10-09 19:00:00.000,2015,10,9,19,12010KT,19,07
2015-10-09 20:00:00.000,2015,10,9,20,10008KT,20,07
2015-10-09 21:00:00.000,2015,10,9,21,10008KT,19,07
2015-10-09 22:00:00.000,2015,10,9,22,09006KT,19,06
2015-10-09 23:00:00.000,2015,10,9,23,13006KT,18,07
2015-10-10 00:00:00.000,2015,10,10,0,13006KT,18,07
2015-10-10 01:00:00.000,2015,10,10,1,32003KT,13,08
2015-10-10 02:00:00.000,2015,10,10,2,VRB02KT,11,07
2015-10-10 03:00:00.000,2015,10,10,3,06003KT,12,07
2015-10-10 04:00:00.000,2015,10,10,4,VRB02KT,09,07
2015-10-10 05:00:00.000,2015,10,10,5,VRB02KT,10,09
2015-10-10 06:00:00.000,2015,10,10,6,VRB02KT,10,08
2015-10-10 07:00:00.000,2015,10,10,7,VRB02KT,08,07
2015-10-10 08:00:00.000,2015,10,10,8,VRB02KT,08,07
2015-10-10 09:00:00.000,2015,10,10,9,VRB02KT,08,06
2015-10-10 10:00:00.000,2015,10,10,10,02003KT,06,05
2015-10-10 10:30:00.000,2015,10,10,10,VRB02KT,07,07
2015-10-10 11:00:00.000,2015,10,10,11,VRB02KT,07,06
2015-10-10 12:00:00.000,2015,10,10,12,VRB02KT,08,07
2015-10-10 12:20:00.000,2015,10,10,12,04003KT,11,10
2015-10-10 12:40:00.000,2015,10,10,12,06004KT,13,09
2015-10-10 13:00:00.000,2015,10,10,13,08004KT,15,09
2015-10-10 13:17:00.000,2015,10,10,13,08004KT,15,09
2015-10-10 14:00:00.000,2015,10,10,14,14003KT,17,08
2015-10-10 15:00:00.000,2015,10,10,15,16003KT,18,08
2015-10-10 16:00:00.000,2015,10,10,16,15005KT,17,08
2015-10-10 17:00:00.000,2015,10,10,17,14005KT,19,08
2015-10-10 18:00:00.000,2015,10,10,18,22006KT,18,09
2015-10-10 19:00:00.000,2015,10,10,19,34004KT,16,10
2015-10-10 20:00:00.000,2015,10,10,20,03004KT,18,09
2015-10-10 21:00:00.000,2015,10,10,21,03007KT,18,08
2015-10-10 22:00:00.000,2015,10,10,22,12007KT,18,08
2015-10-10 23:00:00.000,2015,10,10,23,12004KT,17,08
2015-10-11 00:00:00.000,2015,10,11,0,13005KT,16,08
2015-10-11 01:00:00.000,2015,10,11,1,04004KT,15,09
2015-10-11 02:00:00.000,2015,10,11,2,VRB02KT,15,09
2015-10-11 03:00:00.000,2015,10,11,3,01003KT,13,09
2015-10-11 04:00:00.000,2015,10,11,4,35003KT,13,09
2015-10-11 05:00:00.000,2015,10,11,5,04004KT,11,08
2015-10-11 06:00:00.000,2015,10,11,6,05006KT,11,09
2015-10-11 07:00:00.000,2015,10,11,7,05008KT,12,10
2015-10-11 08:00:00.000,2015,10,11,8,05007KT,12,09
2015-10-11 09:00:00.000,2015,10,11,9,03005KT,10,09
2015-10-11 10:00:00.000,2015,10,11,10,05006KT,11,09
2015-10-11 10:30:00.000,2015,10,11,10,06003KT,11,09
2015-10-11 11:00:00.000,2015,10,11,11,04004KT,11,09
2015-10-11 12:00:00.000,2015,10,11,12,05008KT,13,10
2015-10-11 13:00:00.000,2015,10,11,13,05007KT,15,10
2015-10-11 14:00:00.000,2015,10,11,14,03007KT,16,10
2015-10-11 15:00:00.000,2015,10,11,15,05007KT,16,09
2015-10-11 16:00:00.000,2015,10,11,16,01003KT,19,08
2015-10-11 17:00:00.000,2015,10,11,17,09007KT,18,09
2015-10-11 18:00:00.000,2015,10,11,18,04006KT,18,09
2015-10-11 19:00:00.000,2015,10,11,19,21008KT,20,10
2015-10-11 19:20:00.000,2015,10,11,19,21008KT,20,10
2015-10-11 20:00:00.000,2015,10,11,20,24007KT,20,10
2015-10-11 21:00:00.000,2015,10,11,21,22010KT,18,11
2015-10-11 22:00:00.000,2015,10,11,22,25008KT,18,11
2015-10-11 22:30:00.000,2015,10,11,22,23007KT,16,11
2015-10-11 23:00:00.000,2015,10,11,23,26007KT,15,11
2015-10-12 00:00:00.000,2015,10,12,0,28004KT,15,11
2015-10-12 01:00:00.000,2015,10,12,1,VRB02KT,13,11
2015-10-12 02:00:00.000,2015,10,12,2,33004KT,13,11
2015-10-12 03:00:00.000,2015,10,12,3,VRB02KT,13,11
2015-10-12 04:00:00.000,2015,10,12,4,VRB02KT,13,10
2015-10-12 05:00:00.000,2015,10,12,5,VRB02KT,11,10
2015-10-12 06:00:00.000,2015,10,12,6,VRB02KT,13,11
2015-10-12 07:00:00.000,2015,10,12,7,VRB02KT,12,11
2015-10-12 08:00:00.000,2015,10,12,8,VRB02KT,11,10
2015-10-12 09:00:00.000,2015,10,12,9,03004KT,12,10
2015-10-12 10:00:00.000,2015,10,12,10,05005KT,12,10
2015-10-12 10:30:00.000,2015,10,12,10,VRB02KT,12,10
2015-10-12 11:00:00.000,2015,10,12,11,VRB02KT,12,10
2015-10-12 12:00:00.000,2015,10,12,12,VRB02KT,13,11
2015-10-12 13:00:00.000,2015,10,12,13,03005KT,14,10
2015-10-12 14:00:00.000,2015,10,12,14,03004KT,16,10
2015-10-12 15:00:00.000,2015,10,12,15,18010KT,16,08
2015-10-12 16:00:00.000,2015,10,12,16,14006KT,18,08
2015-10-12 17:00:00.000,2015,10,12,17,15005KT,19,08
2015-10-12 18:00:00.000,2015,10,12,18,10005KT,19,07
2015-10-12 19:00:00.000,2015,10,12,19,16003KT,20,07
2015-10-12 20:00:00.000,2015,10,12,20,03004KT,20,08
2015-10-12 21:00:00.000,2015,10,12,21,23009KT,17,11
2015-10-12 22:00:00.000,2015,10,12,22,23006KT,16,12
2015-10-12 23:00:00.000,2015,10,12,23,25005KT,15,11
2015-10-13 00:00:00.000,2015,10,13,0,24005KT,14,11
2015-10-13 01:00:00.000,2015,10,13,1,21004KT,13,11
2015-10-13 02:00:00.000,2015,10,13,2,25004KT,13,11
2015-10-13 03:00:00.000,2015,10,13,3,VRB02KT,12,10
2015-10-13 04:00:00.000,2015,10,13,4,VRB02KT,11,10
2015-10-13 05:00:00.000,2015,10,13,5,VRB02KT,11,10
2015-10-13 06:00:00.000,2015,10,13,6,00000KT,10,09
2015-10-13 07:00:00.000,2015,10,13,7,VRB02KT,11,10
2015-10-13 08:00:00.000,2015,10,13,8,00000KT,11,10
2015-10-13 09:00:00.000,2015,10,13,9,05005KT,11,10
2015-10-13 10:00:00.000,2015,10,13,10,03006KT,11,10
2015-10-13 10:30:00.000,2015,10,13,10,04006KT,12,10
2015-10-13 11:00:00.000,2015,10,13,11,06007KT,12,09
2015-10-13 12:00:00.000,2015,10,13,12,VRB02KT,15,10
2015-10-13 13:00:00.000,2015,10,13,13,VRB02KT,17,09
2015-10-13 14:00:00.000,2015,10,13,14,05004KT,19,09
2015-10-13 15:00:00.000,2015,10,13,15,11007KT,20,08
2015-10-13 16:00:00.000,2015,10,13,16,24012KT,20,13
2015-10-13 16:30:00.000,2015,10,13,16,23013KT,18,11
2015-10-13 17:00:00.000,2015,10,13,17,24012KT,18,12
2015-10-13 17:39:00.000,2015,10,13,17,32010KT,18,12
2015-10-13 18:00:00.000,2015,10,13,18,29010KT,17,12
2015-10-13 18:15:00.000,2015,10,13,18,29010KT,17,12
2015-10-13 19:00:00.000,2015,10,13,19,24009KT,17,12
2015-10-13 19:28:00.000,2015,10,13,19,35007KT,16,13
2015-10-13 20:00:00.000,2015,10,13,20,23007KT,15,13
2015-10-13 20:40:00.000,2015,10,13,20,24008KT,15,14
2015-10-13 21:00:00.000,2015,10,13,21,24009KT,15,13
2015-10-13 22:00:00.000,2015,10,13,22,26006KT,15,13
2015-10-13 22:08:00.000,2015,10,13,22,26006KT,15,13
2015-10-13 23:00:00.000,2015,10,13,23,VRB02KT,15,13
2015-10-14 00:00:00.000,2015,10,14,0,18006KT,15,12
2015-10-14 01:00:00.000,2015,10,14,1,VRB02KT,15,11
2015-10-14 02:00:00.000,2015,10,14,2,VRB02KT,13,11
2015-10-14 03:00:00.000,2015,10,14,3,04008KT,13,11
2015-10-14 04:00:00.000,2015,10,14,4,05006KT,13,11
2015-10-14 05:00:00.000,2015,10,14,5,04006KT,12,10
2015-10-14 06:00:00.000,2015,10,14,6,04007KT,12,10
2015-10-14 07:00:00.000,2015,10,14,7,05005KT,12,10
2015-10-14 08:00:00.000,2015,10,14,8,04005KT,12,10
2015-10-14 09:00:00.000,2015,10,14,9,05005KT,12,10
2015-10-14 10:00:00.000,2015,10,14,10,05005KT,12,10
2015-10-14 10:30:00.000,2015,10,14,10,04005KT,12,10
2015-10-14 11:00:00.000,2015,10,14,11,VRB02KT,12,10
2015-10-14 12:00:00.000,2015,10,14,12,VRB02KT,13,11
2015-10-14 13:00:00.000,2015,10,14,13,VRB02KT,14,10
2015-10-14 14:00:00.000,2015,10,14,14,VRB02KT,15,10
2015-10-14 15:00:00.000,2015,10,14,15,31003KT,16,10
2015-10-14 16:00:00.000,2015,10,14,16,25003KT,17,11
2015-10-14 16:36:00.000,2015,10,14,16,06008KT,15,11
2015-10-14 17:00:00.000,2015,10,14,17,08003KT,14,12
2015-10-14 17:12:00.000,2015,10,14,17,31003KT,15,12
2015-10-14 18:00:00.000,2015,10,14,18,31003KT,18,12
2015-10-14 19:00:00.000,2015,10,14,19,06006KT,19,10
2015-10-14 20:00:00.000,2015,10,14,20,36005KT,18,10
2015-10-14 21:00:00.000,2015,10,14,21,26006KT,16,13
2015-10-14 22:00:00.000,2015,10,14,22,35003KT,16,13
2015-10-14 23:00:00.000,2015,10,14,23,30006KT,16,12
2015-10-15 00:00:00.000,2015,10,15,0,VRB02KT,14,11
2015-10-15 01:00:00.000,2015,10,15,1,20004KT,14,12
2015-10-15 02:00:00.000,2015,10,15,2,VRB02KT,13,10
2015-10-15 02:18:00.000,2015,10,15,2,VRB02KT,13,10
2015-10-15 03:00:00.000,2015,10,15,3,16005KT,14,10
2015-10-15 03:18:00.000,2015,10,15,3,16005KT,14,10
2015-10-15 04:00:00.000,2015,10,15,4,VRB02KT,13,13
2015-10-15 05:00:00.000,2015,10,15,5,04004KT,13,11
2015-10-15 06:00:00.000,2015,10,15,6,04004KT,13,11
2015-10-15 07:00:00.000,2015,10,15,7,01003KT,12,11
2015-10-15 08:00:00.000,2015,10,15,8,06003KT,12,10
2015-10-15 09:00:00.000,2015,10,15,9,04005KT,12,10
2015-10-15 10:00:00.000,2015,10,15,10,05005KT,12,11
2015-10-15 10:30:00.000,2015,10,15,10,05005KT,12,11
2015-10-15 11:00:00.000,2015,10,15,11,05005KT,12,10
2015-10-15 12:00:00.000,2015,10,15,12,04004KT,14,11
2015-10-15 13:00:00.000,2015,10,15,13,05006KT,16,10
2015-10-15 14:00:00.000,2015,10,15,14,04007KT,16,10
2015-10-15 15:00:00.000,2015,10,15,15,06008KT,17,09
2015-10-15 16:00:00.000,2015,10,15,16,04006KT,18,09
2015-10-15 16:30:00.000,2015,10,15,16,05007KT,18,09
2015-10-15 17:00:00.000,2015,10,15,17,09005KT,15,12
2015-10-15 18:00:00.000,2015,10,15,18,20004KT,16,12
2015-10-15 19:00:00.000,2015,10,15,19,19010KT,18,11
2015-10-15 20:00:00.000,2015,10,15,20,19008KT,18,10
2015-10-15 21:00:00.000,2015,10,15,21,15008KT,18,09
2015-10-15 22:00:00.000,2015,10,15,22,16010KT,17,09
2015-10-15 23:00:00.000,2015,10,15,23,16008KT,15,09
2015-10-16 00:00:00.000,2015,10,16,0,10006KT,16,10
2015-10-16 01:00:00.000,2015,10,16,1,09004KT,15,10
2015-10-16 02:00:00.000,2015,10,16,2,VRB02KT,15,09
2015-10-16 03:00:00.000,2015,10,16,3,VRB02KT,15,08
2015-10-16 04:00:00.000,2015,10,16,4,VRB02KT,13,10
2015-10-16 05:00:00.000,2015,10,16,5,VRB02KT,13,10
2015-10-16 06:00:00.000,2015,10,16,6,03005KT,13,11
2015-10-16 07:00:00.000,2015,10,16,7,04004KT,12,11
2015-10-16 08:00:00.000,2015,10,16,8,03004KT,12,11
2015-10-16 09:00:00.000,2015,10,16,9,04005KT,11,10
2015-10-16 10:00:00.000,2015,10,16,10,03004KT,12,10
2015-10-16 10:30:00.000,2015,10,16,10,06005KT,12,08
2015-10-16 11:00:00.000,2015,10,16,11,06005KT,12,08
2015-10-16 12:00:00.000,2015,10,16,12,05005KT,13,08
2015-10-16 13:00:00.000,2015,10,16,13,05008KT,14,09
2015-10-16 14:00:00.000,2015,10,16,14,09007KT,15,09
2015-10-16 15:00:00.000,2015,10,16,15,14012KT,16,10
2015-10-16 16:00:00.000,2015,10,16,16,14012KT,18,09
2015-10-16 17:00:00.000,2015,10,16,17,12010KT,19,08
2015-10-16 18:00:00.000,2015,10,16,18,16011KT,18,07
2015-10-16 19:00:00.000,2015,10,16,19,19009KT,18,07
2015-10-16 20:00:00.000,2015,10,16,20,04003KT,18,08
2015-10-16 21:00:00.000,2015,10,16,21,06005KT,18,08
2015-10-16 22:00:00.000,2015,10,16,22,36003KT,17,08
2015-10-16 23:00:00.000,2015,10,16,23,11010KT,16,09
2015-10-17 00:00:00.000,2015,10,17,0,14008KT,15,08
2015-10-17 01:00:00.000,2015,10,17,1,14010KT,15,08
2015-10-17 02:00:00.000,2015,10,17,2,12010KT,14,05
2015-10-17 03:00:00.000,2015,10,17,3,10004KT,14,05
2015-10-17 04:00:00.000,2015,10,17,4,04005KT,12,06
2015-10-17 05:00:00.000,2015,10,17,5,02003KT,10,06
2015-10-17 06:00:00.000,2015,10,17,6,04004KT,10,06
2015-10-17 07:00:00.000,2015,10,17,7,01003KT,10,07
2015-10-17 08:00:00.000,2015,10,17,8,VRB02KT,10,08
2015-10-17 09:00:00.000,2015,10,17,9,04004KT,10,08
2015-10-17 10:00:00.000,2015,10,17,10,03004KT,10,08
2015-10-17 10:30:00.000,2015,10,17,10,06006KT,10,08
2015-10-17 11:00:00.000,2015,10,17,11,06005KT,11,08
2015-10-17 12:00:00.000,2015,10,17,12,05005KT,12,09
2015-10-17 13:00:00.000,2015,10,17,13,05008KT,13,09
2015-10-17 14:00:00.000,2015,10,17,14,06007KT,15,09
2015-10-17 15:00:00.000,2015,10,17,15,14010KT,17,10
2015-10-17 16:00:00.000,2015,10,17,16,19007KT,18,10
2015-10-17 17:00:00.000,2015,10,17,17,15012KT,20,10
2015-10-17 18:00:00.000,2015,10,17,18,14012KT,19,08
2015-10-17 19:00:00.000,2015,10,17,19,15013KT,18,08
2015-10-17 20:00:00.000,2015,10,17,20,17010KT,18,07
2015-10-17 21:00:00.000,2015,10,17,21,09006KT,17,08
2015-10-17 22:00:00.000,2015,10,17,22,08008KT,16,07
2015-10-17 23:00:00.000,2015,10,17,23,08007KT,15,07
2015-10-18 00:00:00.000,2015,10,18,0,02003KT,12,08
2015-10-18 01:00:00.000,2015,10,18,1,09005KT,14,08
2015-10-18 02:00:00.000,2015,10,18,2,10004KT,14,08
2015-10-18 03:00:00.000,2015,10,18,3,32004KT,12,08
2015-10-18 04:00:00.000,2015,10,18,4,06006KT,12,09
2015-10-18 05:00:00.000,2015,10,18,5,00000KT,12,09
2015-10-18 06:00:00.000,2015,10,18,6,05005KT,12,09
2015-10-18 07:00:00.000,2015,10,18,7,04004KT,11,09
2015-10-18 08:00:00.000,2015,10,18,8,04004KT,11,09
2015-10-18 09:00:00.000,2015,10,18,9,VRB02KT,12,09
2015-10-18 10:00:00.000,2015,10,18,10,06005KT,12,09
2015-10-18 10:30:00.000,2015,10,18,10,06007KT,12,09
2015-10-18 11:00:00.000,2015,10,18,11,04007KT,11,10
2015-10-18 12:00:00.000,2015,10,18,12,04010KT,13,10
2015-10-18 13:00:00.000,2015,10,18,13,06010KT,14,10
2015-10-18 14:00:00.000,2015,10,18,14,07010KT,16,10
2015-10-18 15:00:00.000,2015,10,18,15,07010KT,18,09
2015-10-18 16:00:00.000,2015,10,18,16,10010KT,17,08
2015-10-18 17:00:00.000,2015,10,18,17,11010KT,19,08
2015-10-18 18:00:00.000,2015,10,18,18,13005KT,20,07
2015-10-18 19:00:00.000,2015,10,18,19,08006KT,18,07
2015-10-18 20:00:00.000,2015,10,18,20,15014KT,16,08
2015-10-18 21:00:00.000,2015,10,18,21,13007KT,16,07
2015-10-18 22:00:00.000,2015,10,18,22,15008KT,16,07
2015-10-18 23:00:00.000,2015,10,18,23,08004KT,15,08
2015-10-19 00:00:00.000,2015,10,19,0,05004KT,12,07
2015-10-19 01:00:00.000,2015,10,19,1,05003KT,12,07
2015-10-19 02:00:00.000,2015,10,19,2,05004KT,10,07
2015-10-19 03:00:00.000,2015,10,19,3,04004KT,10,07
2015-10-19 04:00:00.000,2015,10,19,4,VRB02KT,09,07
2015-10-19 05:00:00.000,2015,10,19,5,05005KT,09,07
2015-10-19 06:00:00.000,2015,10,19,6,04004KT,10,08
2015-10-19 07:00:00.000,2015,10,19,7,VRB02KT,11,08
2015-10-19 08:00:00.000,2015,10,19,8,VRB02KT,10,07
2015-10-19 09:00:00.000,2015,10,19,9,VRB02KT,09,07
2015-10-19 10:00:00.000,2015,10,19,10,VRB02KT,09,08
2015-10-19 10:30:00.000,2015,10,19,10,VRB02KT,10,08
2015-10-19 11:00:00.000,2015,10,19,11,VRB02KT,09,08
2015-10-19 12:00:00.000,2015,10,19,12,VRB02KT,11,09
2015-10-19 13:00:00.000,2015,10,19,13,02004KT,13,09
2015-10-19 13:30:00.000,2015,10,19,13,03004KT,15,09
2015-10-19 14:00:00.000,2015,10,19,14,05005KT,15,08
2015-10-19 15:00:00.000,2015,10,19,15,07004KT,18,07
2015-10-19 16:00:00.000,2015,10,19,16,07005KT,19,08
2015-10-19 17:00:00.000,2015,10,19,17,07008KT,19,09
2015-10-19 18:00:00.000,2015,10,19,18,09003KT,17,09
2015-10-19 19:00:00.000,2015,10,19,19,09010KT,17,09
2015-10-19 20:00:00.000,2015,10,19,20,11008KT,20,08
2015-10-19 21:00:00.000,2015,10,19,21,14005KT,20,08
2015-10-19 22:00:00.000,2015,10,19,22,19012KT,19,06
2015-10-19 23:00:00.000,2015,10,19,23,19009KT,16,07
2015-10-20 00:00:00.000,2015,10,20,0,18005KT,15,08
2015-10-20 01:00:00.000,2015,10,20,1,16008KT,14,08
2015-10-20 02:00:00.000,2015,10,20,2,36003KT,13,08
2015-10-20 03:00:00.000,2015,10,20,3,05003KT,12,08
2015-10-20 04:00:00.000,2015,10,20,4,VRB02KT,11,08
2015-10-20 05:00:00.000,2015,10,20,5,03003KT,10,08
2015-10-20 06:00:00.000,2015,10,20,6,05004KT,09,07
2015-10-20 07:00:00.000,2015,10,20,7,04004KT,08,07
2015-10-20 08:00:00.000,2015,10,20,8,04006KT,08,07
2015-10-20 09:00:00.000,2015,10,20,9,03003KT,08,07
2015-10-20 10:00:00.000,2015,10,20,10,VRB02KT,08,06
2015-10-20 10:30:00.000,2015,10,20,10,03005KT,07,06
2015-10-20 11:00:00.000,2015,10,20,11,VRB02KT,07,06
2015-10-20 12:00:00.000,2015,10,20,12,04004KT,10,08
2015-10-20 12:17:00.000,2015,10,20,12,05005KT,12,08
2015-10-20 13:00:00.000,2015,10,20,13,06005KT,14,07
2015-10-20 13:22:00.000,2015,10,20,13,10005KT,16,06
2015-10-20 14:00:00.000,2015,10,20,14,10007KT,17,06
2015-10-20 15:00:00.000,2015,10,20,15,11008KT,18,06
2015-10-20 16:00:00.000,2015,10,20,16,13009KT,19,06
2015-10-20 17:00:00.000,2015,10,20,17,11011KT,19,05
2015-10-20 18:00:00.000,2015,10,20,18,09008KT,20,05
2015-10-20 18:01:00.000,2015,10,20,18,10005KT,20,05
2015-10-20 19:00:00.000,2015,10,20,19,12009KT,20,05
2015-10-20 20:00:00.000,2015,10,20,20,09008KT,20,06
2015-10-20 21:00:00.000,2015,10,20,21,12010KT,20,06
2015-10-20 22:00:00.000,2015,10,20,22,12010KT,19,06
2015-10-20 23:00:00.000,2015,10,20,23,15009KT,17,04
2015-10-21 00:00:00.000,2015,10,21,0,15008KT,15,05
2015-10-21 01:00:00.000,2015,10,21,1,VRB02KT,12,06
2015-10-21 02:00:00.000,2015,10,21,2,04004KT,10,06
2015-10-21 03:00:00.000,2015,10,21,3,04003KT,08,06
2015-10-21 04:00:00.000,2015,10,21,4,05004KT,09,06
2015-10-21 05:00:00.000,2015,10,21,5,05005KT,09,06
2015-10-21 06:00:00.000,2015,10,21,6,VRB02KT,08,06
2015-10-21 07:00:00.000,2015,10,21,7,VRB02KT,10,07
2015-10-21 08:00:00.000,2015,10,21,8,VRB02KT,10,06
2015-10-21 09:00:00.000,2015,10,21,9,05005KT,09,06
2015-10-21 10:00:00.000,2015,10,21,10,03005KT,09,06
2015-10-21 10:30:00.000,2015,10,21,10,02004KT,09,06
2015-10-21 11:00:00.000,2015,10,21,11,04003KT,09,06
2015-10-21 12:00:00.000,2015,10,21,12,05006KT,11,07
2015-10-21 13:00:00.000,2015,10,21,13,02004KT,13,06
2015-10-21 13:30:00.000,2015,10,21,13,05006KT,15,05
2015-10-21 14:00:00.000,2015,10,21,14,04007KT,16,05
2015-10-21 15:00:00.000,2015,10,21,15,03006KT,17,06
2015-10-21 16:00:00.000,2015,10,21,16,17005KT,20,04
2015-10-21 17:00:00.000,2015,10,21,17,11007KT,21,04
2015-10-21 18:00:00.000,2015,10,21,18,15011KT,22,05
2015-10-21 19:00:00.000,2015,10,21,19,15013KT,21,05
2015-10-21 20:00:00.000,2015,10,21,20,140111KT,21,05
2015-10-21 21:00:00.000,2015,10,21,21,17013KT,20,04
2015-10-21 22:00:00.000,2015,10,21,22,20012KT,20,04
2015-10-21 23:00:00.000,2015,10,21,23,14011KT,16,04
2015-10-21 23:35:00.000,2015,10,21,23,31006KT,14,09
2015-10-22 00:00:00.000,2015,10,22,0,30004KT,14,09
2015-10-22 00:30:00.000,2015,10,22,0,02003KT,12,08
2015-10-22 01:00:00.000,2015,10,22,1,36004KT,11,08
2015-10-22 02:00:00.000,2015,10,22,2,02006KT,12,05
2015-10-22 03:00:00.000,2015,10,22,3,05005KT,10,04
2015-10-22 04:00:00.000,2015,10,22,4,04007KT,10,04
2015-10-22 05:00:00.000,2015,10,22,5,01003KT,10,04
2015-10-22 06:00:00.000,2015,10,22,6,VRB02KT,08,04
2015-10-22 07:00:00.000,2015,10,22,7,36005KT,09,04
2015-10-22 08:00:00.000,2015,10,22,8,22003KT,07,04
2015-10-22 09:00:00.000,2015,10,22,9,VRB02KT,05,04
2015-10-22 10:00:00.000,2015,10,22,10,VRB02KT,05,03
2015-10-22 10:30:00.000,2015,10,22,10,VRB02KT,06,03
2015-10-22 11:00:00.000,2015,10,22,11,33003KT,03,01
2015-10-22 11:30:00.000,2015,10,22,11,VRB02KT,06,03
2015-10-22 12:00:00.000,2015,10,22,12,32003KT,12,06
2015-10-22 12:18:00.000,2015,10,22,12,32003KT,12,06
2015-10-22 13:00:00.000,2015,10,22,13,04004KT,14,06
2015-10-22 14:00:00.000,2015,10,22,14,05006KT,17,07
2015-10-22 15:00:00.000,2015,10,22,15,07006KT,19,07
2015-10-22 16:00:00.000,2015,10,22,16,09008KT,20,05
2015-10-22 17:00:00.000,2015,10,22,17,13008KT,22,05
2015-10-22 18:00:00.000,2015,10,22,18,25007KT,20,09
2015-10-22 19:00:00.000,2015,10,22,19,25007KT,20,09
2015-10-22 20:00:00.000,2015,10,22,20,22008KT,20,10
2015-10-22 21:00:00.000,2015,10,22,21,25007KT,19,10
2015-10-22 22:00:00.000,2015,10,22,22,31009KT,17,11
2015-10-22 23:00:00.000,2015,10,22,23,31004KT,16,10
2015-10-23 00:00:00.000,2015,10,23,0,35003KT,12,10
2015-10-23 01:00:00.000,2015,10,23,1,29003KT,14,12
2015-10-23 02:00:00.000,2015,10,23,2,VRB02KT,13,11
2015-10-23 03:00:00.000,2015,10,23,3,31003KT,14,12
2015-10-23 04:00:00.000,2015,10,23,4,31003KT,13,12
2015-10-23 05:00:00.000,2015,10,23,5,36003KT,13,10
2015-10-23 06:00:00.000,2015,10,23,6,04003KT,13,11
2015-10-23 07:00:00.000,2015,10,23,7,04003KT,13,10
2015-10-23 08:00:00.000,2015,10,23,8,VRB02KT,12,09
2015-10-23 09:00:00.000,2015,10,23,9,02002KT,11,09
2015-10-23 10:00:00.000,2015,10,23,10,03004KT,11,09
2015-10-23 10:30:00.000,2015,10,23,10,06004KT,12,09
2015-10-23 11:00:00.000,2015,10,23,11,04005KT,12,09
2015-10-23 12:00:00.000,2015,10,23,12,34003KT,13,10
2015-10-23 13:00:00.000,2015,10,23,13,05006KT,14,09
2015-10-23 13:20:00.000,2015,10,23,13,05006KT,16,09
2015-10-23 14:00:00.000,2015,10,23,14,09006KT,17,08
2015-10-23 15:00:00.000,2015,10,23,15,06008KT,18,08
2015-10-23 16:00:00.000,2015,10,23,16,11007KT,20,07
2015-10-23 17:00:00.000,2015,10,23,17,23007KT,18,08
2015-10-23 17:10:00.000,2015,10,23,17,25010KT,16,11
2015-10-23 18:28:00.000,2015,10,23,18,30006KT,16,12
2015-10-23 19:00:00.000,2015,10,23,19,23008KT,18,11
2015-10-23 19:40:00.000,2015,10,23,19,18008KT,20,09
2015-10-23 20:00:00.000,2015,10,23,20,25009KT,20,10
2015-10-23 21:00:00.000,2015,10,23,21,24009KT,17,11
2015-10-23 22:00:00.000,2015,10,23,22,27009KT,17,10
2015-10-23 23:00:00.000,2015,10,23,23,26007KT,15,11
2015-10-24 00:00:00.000,2015,10,24,0,VRB02KT,14,11
2015-10-24 01:00:00.000,2015,10,24,1,VRB02KT,13,11
2015-10-24 02:00:00.000,2015,10,24,2,240200Z,13,10
2015-10-24 03:00:00.000,2015,10,24,3,VRB02KT,12,10
2015-10-24 04:00:00.000,2015,10,24,4,VRB02KT,12,10
2015-10-24 05:00:00.000,2015,10,24,5,VRB02KT,10,09
2015-10-24 06:00:00.000,2015,10,24,6,03004KT,10,08
2015-10-24 09:00:00.000,2015,10,24,9,04003KT,10,09
2015-10-24 10:00:00.000,2015,10,24,10,25004KT,09,08
2015-10-24 10:30:00.000,2015,10,24,10,VRB02KT,08,07
2015-10-24 11:00:00.000,2015,10,24,11,VRB02KT,07,06
2015-10-24 12:00:00.000,2015,10,24,12,36003KT,08,07
2015-10-24 12:12:00.000,2015,10,24,12,05003KT,10,09
2015-10-24 12:34:00.000,2015,10,24,12,04003KT,12,11
2015-10-24 13:00:00.000,2015,10,24,13,03003KT,13,12
2015-10-24 13:30:00.000,2015,10,24,13,VRB02KT,17,10
2015-10-24 14:00:00.000,2015,10,24,14,13006KT,16,09
2015-10-24 14:30:00.000,2015,10,24,14,16006KT,18,09
2015-10-24 15:00:00.000,2015,10,24,15,16006KT,19,09
2015-10-24 16:00:00.000,2015,10,24,16,16012KT,19,07
2015-10-24 17:00:00.000,2015,10,24,17,21007KT,20,07
2015-10-24 18:00:00.000,2015,10,24,18,17006KT,20,07
2015-10-24 19:00:00.000,2015,10,24,19,20010KT,20,08
2015-10-24 20:00:00.000,2015,10,24,20,22010KT,19,10
2015-10-24 21:00:00.000,2015,10,24,21,27009KT,19,10
2015-10-24 22:00:00.000,2015,10,24,22,30009KT,16,11
2015-10-24 22:25:00.000,2015,10,24,22,23009KT,25,23
2015-10-24 23:00:00.000,2015,10,24,23,27006KT,15,09
2015-10-25 00:00:00.000,2015,10,25,0,25006KT,14,10
2015-10-25 01:00:00.000,2015,10,25,1,VRB02KT,14,10
2015-10-25 02:00:00.000,2015,10,25,2,VRB02KT,14,10
2015-10-25 03:00:00.000,2015,10,25,3,VRB02KT,13,10
2015-10-25 04:00:00.000,2015,10,25,4,VRB02KT,13,10
2015-10-25 05:00:00.000,2015,10,25,5,05004KT,12,10
2015-10-25 06:00:00.000,2015,10,25,6,04005KT,12,10
2015-10-25 09:00:00.000,2015,10,25,9,VRB02KT,12,10
2015-10-25 09:42:00.000,2015,10,25,9,31003KT,12,10
2015-10-25 10:00:00.000,2015,10,25,10,VRB02KT,12,11
2015-10-25 10:30:00.000,2015,10,25,10,25004KT,12,11
2015-10-25 11:00:00.000,2015,10,25,11,VRB02KT,12,12
2015-10-25 12:00:00.000,2015,10,25,12,VRB02KT,12,11
2015-10-25 13:00:00.000,2015,10,25,13,VRB02KT,13,12
2015-10-25 13:35:00.000,2015,10,25,13,VRB02KT,14,12
2015-10-25 14:00:00.000,2015,10,25,14,15006KT,15,11
2015-10-25 15:00:00.000,2015,10,25,15,14007KT,18,08
2015-10-25 16:00:00.000,2015,10,25,16,14007KT,18,08
2015-10-25 17:00:00.000,2015,10,25,17,17012KT,19,08
2015-10-25 18:00:00.000,2015,10,25,18,17011KT,20,07
2015-10-25 18:10:00.000,2015,10,25,18,17010KT,21,08
2015-10-25 19:00:00.000,2015,10,25,19,17011KT,19,07
2015-10-25 20:00:00.000,2015,10,25,20,17011KT,20,06
2015-10-25 21:00:00.000,2015,10,25,21,19010KT,20,06
2015-10-25 21:22:00.000,2015,10,25,21,17011KT,18,07
2015-10-25 22:00:00.000,2015,10,25,22,20008KT,18,07
2015-10-25 22:33:00.000,2015,10,25,22,20008KT,16,09
2015-10-25 23:00:00.000,2015,10,25,23,16009KT,17,07
2015-10-26 00:00:00.000,2015,10,26,0,18010KT,16,08
2015-10-26 01:00:00.000,2015,10,26,1,35003KT,14,09
2015-10-26 02:00:00.000,2015,10,26,2,20007KT,15,08
2015-10-26 03:00:00.000,2015,10,26,3,05003KT,14,08
2015-10-26 04:00:00.000,2015,10,26,4,03003KT,12,09
2015-10-26 05:00:00.000,2015,10,26,5,VRB02KT,12,08
2015-10-26 06:00:00.000,2015,10,26,6,05005KT,12,09
2015-10-26 08:00:00.000,2015,10,26,8,00000KT,12,09
2015-10-26 09:00:00.000,2015,10,26,9,04003KT,11,09
2015-10-26 10:00:00.000,2015,10,26,10,03003KT,12,09
2015-10-26 10:30:00.000,2015,10,26,10,05003KT,12,09
2015-10-26 11:00:00.000,2015,10,26,11,05003KT,12,09
2015-10-26 12:00:00.000,2015,10,26,12,03004KT,13,09
2015-10-26 13:00:00.000,2015,10,26,13,09004KT,15,08
2015-10-26 14:00:00.000,2015,10,26,14,07004KT,15,08
2015-10-26 15:00:00.000,2015,10,26,15,VRB02KT,17,07
2015-10-26 16:00:00.000,2015,10,26,16,16012KT,18,07
2015-10-26 17:00:00.000,2015,10,26,17,16011KT,19,06
2015-10-26 18:00:00.000,2015,10,26,18,19015KT,19,05
2015-10-26 19:00:00.000,2015,10,26,19,12011KT,20,05
2015-10-26 20:00:00.000,2015,10,26,20,18005KT,20,04
2015-10-26 21:00:00.000,2015,10,26,21,17008KT,20,04
2015-10-26 22:00:00.000,2015,10,26,22,22008KT,16,08
2015-10-26 22:20:00.000,2015,10,26,22,22008KT,16,08
2015-10-26 23:00:00.000,2015,10,26,23,24005KT,15,08
2015-10-26 23:35:00.000,2015,10,26,23,31004KT,13,08
2015-10-27 00:00:00.000,2015,10,27,0,36003KT,12,07
2015-10-27 01:00:00.000,2015,10,27,1,04003KT,11,09
2015-10-27 02:00:00.000,2015,10,27,2,35003KT,11,09
2015-10-27 03:00:00.000,2015,10,27,3,VRB02KT,11,09
2015-10-27 04:00:00.000,2015,10,27,4,04004KT,10,08
2015-10-27 05:00:00.000,2015,10,27,5,VRB02KT,10,08
2015-10-27 06:00:00.000,2015,10,27,6,05005KT,10,08
2015-10-27 07:00:00.000,2015,10,27,7,05005KT,10,08
2015-10-27 08:00:00.000,2015,10,27,8,01003KT,11,09
2015-10-27 09:00:00.000,2015,10,27,9,VRB02KT,11,09
2015-10-27 10:00:00.000,2015,10,27,10,03003KT,11,09
2015-10-27 10:30:00.000,2015,10,27,10,03003KT,11,09
2015-10-27 11:00:00.000,2015,10,27,11,35003KT,11,09
2015-10-27 12:00:00.000,2015,10,27,12,02003KT,14,10
2015-10-27 13:00:00.000,2015,10,27,13,05007KT,15,09
2015-10-27 13:24:00.000,2015,10,27,13,14003KT,17,08
2015-10-27 14:00:00.000,2015,10,27,14,12003KT,17,08
2015-10-27 15:00:00.000,2015,10,27,15,15011KT,19,06
2015-10-27 16:00:00.000,2015,10,27,16,16009KT,19,05
2015-10-27 17:00:00.000,2015,10,27,17,11007KT,18,07
2015-10-27 18:00:00.000,2015,10,27,18,15007KT,18,07
2015-10-27 19:00:00.000,2015,10,27,19,19005KT,19,07
2015-10-27 20:00:00.000,2015,10,27,20,02005KT,18,07
2015-10-27 22:00:00.000,2015,10,27,22,31005KT,,
2015-10-27 23:00:00.000,2015,10,27,23,24006KT,14,11
2015-10-27 23:16:00.000,2015,10,27,23,27004KT,14,12
2015-10-28 00:00:00.000,2015,10,28,0,01003KT,13,11
2015-10-28 01:00:00.000,2015,10,28,1,33004KT,13,11
2015-10-28 02:00:00.000,2015,10,28,2,VRB02KT,13,11
2015-10-28 03:00:00.000,2015,10,28,3,VRB02KT,13,10
2015-10-28 05:00:00.000,2015,10,28,5,04004KT,12,09
2015-10-28 06:00:00.000,2015,10,28,6,32003KT,11,09
2015-10-28 07:00:00.000,2015,10,28,7,30003KT,11,09
2015-10-28 08:00:00.000,2015,10,28,8,VRB02KT,10,09
2015-10-28 09:00:00.000,2015,10,28,9,VRB02KT,10,09
2015-10-28 10:00:00.000,2015,10,28,10,VRB02KT,10,09
2015-10-28 10:30:00.000,2015,10,28,10,27004KT,14,12
2015-10-28 11:00:00.000,2015,10,28,11,05004KT,10,08
2015-10-28 12:00:00.000,2015,10,28,12,03004KT,12,10
2015-10-28 13:00:00.000,2015,10,28,13,02004KT,14,09
2015-10-28 14:00:00.000,2015,10,28,14,04007KT,17,10
2015-10-28 15:00:00.000,2015,10,28,15,14008KT,20,07
2015-10-28 16:00:00.000,2015,10,28,16,05009KT,17,08
2015-10-28 17:00:00.000,2015,10,28,17,10006KT,18,07
2015-10-28 18:00:00.000,2015,10,28,18,08007KT,19,07
2015-10-28 19:00:00.000,2015,10,28,19,16009KT,19,06
2015-10-28 20:00:00.000,2015,10,28,20,36004KT,19,06
2015-10-28 21:00:00.000,2015,10,28,21,05003KT,19,07
2015-10-28 22:00:00.000,2015,10,28,22,26006KT,17,10
2015-10-28 23:00:00.000,2015,10,28,23,VRB02KT,16,10
2015-10-29 00:00:00.000,2015,10,29,0,VRB02KT,13,10
2015-10-29 01:00:00.000,2015,10,29,1,32004KT,12,09
2015-10-29 02:00:00.000,2015,10,29,2,VRB02KT,12,09
2015-10-29 03:00:00.000,2015,10,29,3,VRB02KT,10,08
2015-10-29 04:00:00.000,2015,10,29,4,VRB02KT,10,08
2015-10-29 05:00:00.000,2015,10,29,5,VRB02KT,10,08
2015-10-29 06:00:00.000,2015,10,29,6,VRB02KT,08,07
2015-10-29 07:00:00.000,2015,10,29,7,VRB02KT,06,05
2015-10-29 08:00:00.000,2015,10,29,8,VRB02KT,07,06
2015-10-29 09:00:00.000,2015,10,29,9,VRB02KT,07,06
2015-10-29 10:00:00.000,2015,10,29,10,VRB02KT,06,05
2015-10-29 10:30:00.000,2015,10,29,10,VRB02KT,07,06
2015-10-29 11:00:00.000,2015,10,29,11,VRB02KT,07,06
2015-10-29 12:00:00.000,2015,10,29,12,VRB02KT,11,08
2015-10-29 13:00:00.000,2015,10,29,13,05003KT,14,09
2015-10-29 14:00:00.000,2015,10,29,14,07004KT,17,09
2015-10-29 15:00:00.000,2015,10,29,15,03003KT,19,07
2015-10-29 16:00:00.000,2015,10,29,16,08005KT,21,07
2015-10-29 17:00:00.000,2015,10,29,17,25010KT,21,06
2015-10-29 18:00:00.000,2015,10,29,18,30006KT,18,11
2015-10-29 19:00:00.000,2015,10,29,19,27011KT,17,11
2015-10-29 20:00:00.000,2015,10,29,20,27006KT,17,11
2015-10-29 21:00:00.000,2015,10,29,21,24008KT,17,11
2015-10-29 22:00:00.000,2015,10,29,22,22005KT,18,10
2015-10-29 23:00:00.000,2015,10,29,23,25004KT,15,11
2015-10-30 00:00:00.000,2015,10,30,0,25004KT,14,10
2015-10-30 01:00:00.000,2015,10,30,1,17005KT,14,10
2015-10-30 02:00:00.000,2015,10,30,2,05003KT,13,10
2015-10-30 03:00:00.000,2015,10,30,3,03003KT,12,09
2015-10-30 04:00:00.000,2015,10,30,4,36003KT,12,08
2015-10-30 05:00:00.000,2015,10,30,5,04003KT,11,08
2015-10-30 06:00:00.000,2015,10,30,6,04003KT,10,08
2015-10-30 07:00:00.000,2015,10,30,7,VRB02KT,09,08
2015-10-30 08:00:00.000,2015,10,30,8,24003KT,09,08
2015-10-30 09:00:00.000,2015,10,30,9,VRB02KT,08,06
2015-10-30 10:00:00.000,2015,10,30,10,04003KT,06,05
2015-10-30 10:30:00.000,2015,10,30,10,VRB02KT,06,05
2015-10-30 11:00:00.000,2015,10,30,11,00000KT,07,06
2015-10-30 12:00:00.000,2015,10,30,12,VRB02KT,10,08
2015-10-30 13:00:00.000,2015,10,30,13,04003KT,13,09
2015-10-30 14:00:00.000,2015,10,30,14,VRB03KT,15,08
2015-10-30 15:00:00.000,2015,10,30,15,21005KT,19,04
2015-10-30 16:00:00.000,2015,10,30,16,VRB02KT,21,02
2015-10-30 17:00:00.000,2015,10,30,17,10005KT,23,02
2015-10-30 18:00:00.000,2015,10,30,18,23006KT,23,02
2015-10-30 19:00:00.000,2015,10,30,19,23012KT,20,08
2015-10-30 20:00:00.000,2015,10,30,20,29012KT,19,11
2015-10-30 21:00:00.000,2015,10,30,21,27008KT,19,11
2015-10-30 22:00:00.000,2015,10,30,22,29008KT,18,10
2015-10-30 23:00:00.000,2015,10,30,23,28004KT,16,11
2015-10-31 00:00:00.000,2015,10,31,0,VRB02KT,16,11
2015-10-31 01:00:00.000,2015,10,31,1,VRB02KT,15,11
2015-10-31 02:00:00.000,2015,10,31,2,32004KT,12,10
2015-10-31 03:00:00.000,2015,10,31,3,VRB02KT,10,09
2015-10-31 04:00:00.000,2015,10,31,4,VRB02KT,11,10
2015-10-31 05:00:00.000,2015,10,31,5,VRB02KT,10,09
2015-10-31 06:00:00.000,2015,10,31,6,VRB02KT,09,08
2015-10-31 07:00:00.000,2015,10,31,7,VRB02KT,08,07
2015-10-31 08:00:00.000,2015,10,31,8,VRB02KT,07,06
2015-10-31 09:00:00.000,2015,10,31,9,VRB02KT,06,05
2015-10-31 10:00:00.000,2015,10,31,10,VRB02KT,05,05
2015-10-31 10:30:00.000,2015,10,31,10,VRB02KT,06,06
2015-10-31 11:00:00.000,2015,10,31,11,VRB02KT,06,06
2015-10-31 12:00:00.000,2015,10,31,12,05003KT,10,00
2015-10-31 12:35:00.000,2015,10,31,12,03004KT,12,09
2015-10-31 13:00:00.000,2015,10,31,13,01004KT,13,09
2015-10-31 13:30:00.000,2015,10,31,13,02004KT,16,08
2015-10-31 14:00:00.000,2015,10,31,14,06004KT,17,08
2015-10-31 15:00:00.000,2015,10,31,15,18006KT,19,06
2015-10-31 16:00:00.000,2015,10,31,16,07006KT,21,05
2015-10-31 17:00:00.000,2015,10,31,17,02004KT,16,09
2015-10-31 17:02:00.000,2015,10,31,17,12006KT,23,04
2015-10-31 18:00:00.000,2015,10,31,18,23012KT,21,10
2015-10-31 19:00:00.000,2015,10,31,19,29011KT,18,12
2015-10-31 19:02:00.000,2015,10,31,19,28010KT,17,12
2015-10-31 20:00:00.000,2015,10,31,20,30010KT,17,11
2015-10-31 20:08:00.000,2015,10,31,20,30010KT,17,11
2015-10-31 21:00:00.000,2015,10,31,21,28007KT,17,12
2015-10-31 22:00:00.000,2015,10,31,22,26005KT,17,11
2015-10-31 23:00:00.000,2015,10,31,23,24007KT,15,12
2015-11-01 00:00:00.000,2015,11,1,0,26004KT,14,12
2015-11-01 01:00:00.000,2015,11,1,1,28004KT,15,11
2015-11-01 02:00:00.000,2015,11,1,2,VRB02KT,14,11
2015-11-01 03:00:00.000,2015,11,1,3,15004KT,14,12
2015-11-01 04:00:00.000,2015,11,1,4,VRB02KT,13,12
2015-11-01 05:00:00.000,2015,11,1,5,25003KT,13,12
2015-11-01 06:00:00.000,2015,11,1,6,33003KT,13,12
2015-11-01 07:00:00.000,2015,11,1,7,32003KT,12,12
2015-11-01 08:00:00.000,2015,11,1,8,32004KT,12,11
2015-11-01 09:00:00.000,2015,11,1,9,VRB02KT,12,11
2015-11-01 10:00:00.000,2015,11,1,10,26004KT,12,11
2015-11-01 10:30:00.000,2015,11,1,10,27003KT,12,11
2015-11-01 11:00:00.000,2015,11,1,11,VRB02KT,12,11
2015-11-01 12:00:00.000,2015,11,1,12,25005KT,12,11
2015-11-01 12:20:00.000,2015,11,1,12,23003KT,12,11
2015-11-01 13:00:00.000,2015,11,1,13,VRB02KT,13,12
2015-11-01 14:00:00.000,2015,11,1,14,08004KT,14,12
2015-11-01 15:00:00.000,2015,11,1,15,VRB02KT,17,12
2015-11-01 16:00:00.000,2015,11,1,16,VRB02KT,17,11
2015-11-01 17:00:00.000,2015,11,1,17,26004KT,20,10
2015-11-01 17:35:00.000,2015,11,1,17,34007KT,18,10
2015-11-01 18:00:00.000,2015,11,1,18,34006KT,19,10
2015-11-01 19:00:00.000,2015,11,1,19,31007KT,17,12
2015-11-01 20:00:00.000,2015,11,1,20,28009KT,16,12
2015-11-01 21:00:00.000,2015,11,1,21,30007KT,15,09
2015-11-01 22:00:00.000,2015,11,1,22,32006KT,13,11
2015-11-01 23:00:00.000,2015,11,1,23,27003KT,13,12
2015-11-02 00:00:00.000,2015,11,2,0,26004KT,14,12
2015-11-02 01:00:00.000,2015,11,2,1,29004KT,14,12
2015-11-02 02:00:00.000,2015,11,2,2,VRB02KT,12,11
2015-11-02 03:00:00.000,2015,11,2,3,29004KT,13,11
2015-11-02 04:00:00.000,2015,11,2,4,26004KT,13,11
2015-11-02 05:00:00.000,2015,11,2,5,25004KT,12,10
2015-11-02 06:00:00.000,2015,11,2,6,25006KT,12,10
2015-11-02 07:00:00.000,2015,11,2,7,21004KT,12,11
2015-11-02 08:00:00.000,2015,11,2,8,VRB02KT,12,10
2015-11-02 09:00:00.000,2015,11,2,9,VRB02KT,11,10
2015-11-02 10:00:00.000,2015,11,2,10,VRB02KT,10,09
2015-11-02 10:30:00.000,2015,11,2,10,VRB02KT,10,09
2015-11-02 11:00:00.000,2015,11,2,11,31003KT,10,10
2015-11-02 12:00:00.000,2015,11,2,12,VRB02KT,11,10
2015-11-02 13:00:00.000,2015,11,2,13,27004KT,13,11
2015-11-02 14:00:00.000,2015,11,2,14,VRB02KT,16,11
2015-11-02 15:00:00.000,2015,11,2,15,15003KT,16,11
2015-11-02 16:00:00.000,2015,11,2,16,VRB02KT,17,10
2015-11-02 17:00:00.000,2015,11,2,17,30010KT,16,10
2015-11-02 18:00:00.000,2015,11,2,18,31008KT,17,10
2015-11-02 18:30:00.000,2015,11,2,18,28006KT,19,09
2015-11-02 19:00:00.000,2015,11,2,19,32008KT,19,09
2015-11-02 20:00:00.000,2015,11,2,20,26012KT,19,11
2015-11-02 21:00:00.000,2015,11,2,21,31009KT,18,09
2015-11-02 22:00:00.000,2015,11,2,22,32008KT,16,10
2015-11-02 23:00:00.000,2015,11,2,23,32008KT,16,10
2015-11-03 00:00:00.000,2015,11,3,0,27006KT,14,10
2015-11-03 01:00:00.000,2015,11,3,1,27004KT,14,10
2015-11-03 02:00:00.000,2015,11,3,2,23004KT,13,10
2015-11-03 03:00:00.000,2015,11,3,3,22003KT,13,11
2015-11-03 05:00:00.000,2015,11,3,5,26003KT,13,10
2015-11-03 06:00:00.000,2015,11,3,6,VRB02KT,12,10
2015-11-03 07:00:00.000,2015,11,3,7,31003KT,11,09
2015-11-03 08:00:00.000,2015,11,3,8,27004KT,12,09
2015-11-03 09:00:00.000,2015,11,3,9,VRB02KT,10,09
2015-11-03 10:00:00.000,2015,11,3,10,VRB02KT,11,09
2015-11-03 10:30:00.000,2015,11,3,10,VRB02KT,10,09
2015-11-03 11:00:00.000,2015,11,3,11,VRB02KT,11,10
2015-11-03 12:00:00.000,2015,11,3,12,05004KT,12,10
2015-11-03 12:45:00.000,2015,11,3,12,02006KT,14,10
2015-11-03 13:00:00.000,2015,11,3,13,05005KT,14,10
2015-11-03 13:35:00.000,2015,11,3,13,04005KT,15,10
2015-11-03 14:00:00.000,2015,11,3,14,02005KT,15,09
2015-11-03 15:00:00.000,2015,11,3,15,35004KT,18,08
2015-11-03 16:00:00.000,2015,11,3,16,VRB02KT,19,09
2015-11-03 17:00:00.000,2015,11,3,17,26004KT,19,08
2015-11-03 18:00:00.000,2015,11,3,18,29008KT,19,10
2015-11-03 19:00:00.000,2015,11,3,19,27012KT,19,11
2015-11-03 20:00:00.000,2015,11,3,20,28013KT,19,11
2015-11-03 20:45:00.000,2015,11,3,20,27010KT,18,11
2015-11-03 21:00:00.000,2015,11,3,21,27009KT,18,10
2015-11-03 22:00:00.000,2015,11,3,22,26008KT,16,11
2015-11-03 23:00:00.000,2015,11,3,23,27005KT,15,11
2015-11-04 00:00:00.000,2015,11,4,0,23004KT,15,11
2015-11-04 01:00:00.000,2015,11,4,1,VRB02KT,14,11
2015-11-04 02:00:00.000,2015,11,4,2,VRB02KT,13,10
2015-11-04 03:00:00.000,2015,11,4,3,VRB02KT,12,11
2015-11-04 04:00:00.000,2015,11,4,4,VRB02KT,12,11
2015-11-04 05:00:00.000,2015,11,4,5,VRB02KT,11,10
2015-11-04 06:00:00.000,2015,11,4,6,VRB02KT,13,11
2015-11-04 07:00:00.000,2015,11,4,7,VRB02KT,13,11
2015-11-04 08:00:00.000,2015,11,4,8,VRB02KT,12,11
2015-11-04 09:00:00.000,2015,11,4,9,VRB02KT,12,11
2015-11-04 10:00:00.000,2015,11,4,10,28004KT,12,11
2015-11-04 10:30:00.000,2015,11,4,10,VRB02KT,12,11
2015-11-04 11:00:00.000,2015,11,4,11,VRB02KT,12,11
2015-11-04 11:30:00.000,2015,11,4,11,VRB02KT,12,12
2015-11-04 12:00:00.000,2015,11,4,12,VRB02KT,12,12
2015-11-04 12:30:00.000,2015,11,4,12,03005KT,13,12
2015-11-04 13:00:00.000,2015,11,4,13,04003KT,13,12
2015-11-04 14:00:00.000,2015,11,4,14,01004KT,14,12
2015-11-04 15:00:00.000,2015,11,4,15,04009KT,15,12
2015-11-04 16:00:00.000,2015,11,4,16,08007KT,16,12
2015-11-04 17:00:00.000,2015,11,4,17,03004KT,17,10
2015-11-04 18:00:00.000,2015,11,4,18,06007KT,18,10
2015-11-04 19:00:00.000,2015,11,4,19,11005KT,19,07
2015-11-04 20:00:00.000,2015,11,4,20,07004KT,18,09
2015-11-04 21:00:00.000,2015,11,4,21,07004KT,18,09
2015-11-04 22:00:00.000,2015,11,4,22,25007KT,16,12
2015-11-04 23:00:00.000,2015,11,4,23,26006KT,14,12
2015-11-05 00:00:00.000,2015,11,5,0,VRB02KT,13,11
2015-11-05 01:00:00.000,2015,11,5,1,28004KT,14,12
2015-11-05 02:00:00.000,2015,11,5,2,22004KT,14,12
2015-11-05 03:00:00.000,2015,11,5,3,VRB02KT,12,11
2015-11-05 04:00:00.000,2015,11,5,4,VRB02KT,12,11
2015-11-05 05:00:00.000,2015,11,5,5,24005KT,13,11
2015-11-05 06:00:00.000,2015,11,5,6,VRB02KT,13,11
2015-11-05 07:00:00.000,2015,11,5,7,VRB02KT,13,11
2015-11-05 08:00:00.000,2015,11,5,8,VRB02KT,,
2015-11-05 09:00:00.000,2015,11,5,9,33005KT,12,11
2015-11-05 10:00:00.000,2015,11,5,10,34003KT,12,10
2015-11-05 10:30:00.000,2015,11,5,10,VRB02KT,12,11
2015-11-05 11:00:00.000,2015,11,5,11,VRB02KT,12,11
2015-11-05 12:00:00.000,2015,11,5,12,23004KT,13,11
2015-11-05 13:00:00.000,2015,11,5,13,14004KT,14,12
2015-11-05 14:00:00.000,2015,11,5,14,33003KT,15,12
2015-11-05 15:00:00.000,2015,11,5,15,28005KT,16,09
2015-11-05 16:00:00.000,2015,11,5,16,30003KT,17,09
2015-11-05 17:00:00.000,2015,11,5,17,19009KT,17,11
2015-11-05 18:00:00.000,2015,11,5,18,25009KT,17,11
2015-11-05 19:00:00.000,2015,11,5,19,24010KT,16,11
2015-11-05 19:30:00.000,2015,11,5,19,25010KT,16,11
2015-11-05 20:00:00.000,2015,11,5,20,30008KT,17,11
2015-11-05 21:00:00.000,2015,11,5,21,34004KT,16,10
2015-11-05 21:10:00.000,2015,11,5,21,VRB02KT,15,10
2015-11-05 22:00:00.000,2015,11,5,22,21005KT,15,10
2015-11-05 23:00:00.000,2015,11,5,23,VRB02KT,15,11
2015-11-06 00:00:00.000,2015,11,6,0,33003KT,14,11
2015-11-06 01:00:00.000,2015,11,6,1,27005KT,14,11
2015-11-06 02:00:00.000,2015,11,6,2,29006KT,14,11
2015-11-06 02:22:00.000,2015,11,6,2,26003KT,14,11
2015-11-06 03:00:00.000,2015,11,6,3,26003KT,13,11
2015-11-06 04:00:00.000,2015,11,6,4,29004KT,13,11
2015-11-06 05:00:00.000,2015,11,6,5,33003KT,13,11
2015-11-06 06:00:00.000,2015,11,6,6,25003KT,13,12
2015-11-06 07:00:00.000,2015,11,6,7,VRB02KT,13,12
2015-11-06 08:00:00.000,2015,11,6,8,00000KT,13,12
2015-11-06 09:00:00.000,2015,11,6,9,00000KT,11,10
2015-11-06 10:00:00.000,2015,11,6,10,VRB02KT,11,10
2015-11-06 10:30:00.000,2015,11,6,10,00000KT,11,10
2015-11-06 11:00:00.000,2015,11,6,11,00000KT,11,10
2015-11-06 12:00:00.000,2015,11,6,12,VRB02KT,12,11
2015-11-06 13:00:00.000,2015,11,6,13,13003KT,15,12
2015-11-06 14:00:00.000,2015,11,6,14,VRB02KT,16,11
2015-11-06 14:40:00.000,2015,11,6,14,35003KT,19,10
2015-11-06 15:00:00.000,2015,11,6,15,36005KT,19,10
2015-11-06 16:00:00.000,2015,11,6,16,28004KT,18,09
2015-11-06 17:00:00.000,2015,11,6,17,22011KT,16,12
2015-11-06 17:20:00.000,2015,11,6,17,24012KT,16,12
2015-11-06 18:00:00.000,2015,11,6,18,29014KT,14,13
2015-11-06 18:38:00.000,2015,11,6,18,28010KT,15,13
2015-11-06 19:00:00.000,2015,11,6,19,29010KT,15,13
2015-11-06 19:35:00.000,2015,11,6,19,27010KT,15,12
2015-11-06 20:00:00.000,2015,11,6,20,27008KT,16,13
2015-11-06 21:00:00.000,2015,11,6,21,23008KT,16,13
2015-11-06 21:20:00.000,2015,11,6,21,30003KT,16,12
2015-11-06 22:00:00.000,2015,11,6,22,30006KT,16,12
2015-11-06 23:00:00.000,2015,11,6,23,32006KT,14,13
2015-11-06 23:35:00.000,2015,11,6,23,31004KT,14,12
2015-11-07 00:00:00.000,2015,11,7,0,VRB02KT,14,12
2015-11-07 00:35:00.000,2015,11,7,0,VRB02KT,13,12
2015-11-07 01:00:00.000,2015,11,7,1,26004KT,14,12
2015-11-07 02:00:00.000,2015,11,7,2,31006KT,13,12
2015-11-07 03:00:00.000,2015,11,7,3,VRB02KT,13,12
2015-11-07 04:00:00.000,2015,11,7,4,00000KT,13,12
2015-11-07 04:25:00.000,2015,11,7,4,VRB02KT,13,12
2015-11-07 05:00:00.000,2015,11,7,5,27003KT,13,12
2015-11-07 05:20:00.000,2015,11,7,5,24003KT,13,12
2015-11-07 06:00:00.000,2015,11,7,6,25003KT,13,12
2015-11-07 07:00:00.000,2015,11,7,7,VRB02KT,13,12
2015-11-07 08:00:00.000,2015,11,7,8,VRB02KT,13,12
2015-11-07 09:00:00.000,2015,11,7,9,VRB02KT,12,12
2015-11-07 10:00:00.000,2015,11,7,10,VRB02KT,12,12
2015-11-07 10:30:00.000,2015,11,7,10,04003KT,12,12
2015-11-07 11:00:00.000,2015,11,7,11,VRB02KT,13,12
2015-11-07 11:20:00.000,2015,11,7,11,VRB02KT,13,12
2015-11-07 12:00:00.000,2015,11,7,12,04004KT,13,12
2015-11-07 13:00:00.000,2015,11,7,13,02003KT,14,12
2015-11-07 13:20:00.000,2015,11,7,13,02003KT,14,12
2015-11-07 14:00:00.000,2015,11,7,14,04005KT,14,12
2015-11-07 15:00:00.000,2015,11,7,15,36005KT,16,12
2015-11-07 15:30:00.000,2015,11,7,15,22007KT,14,12
2015-11-07 16:00:00.000,2015,11,7,16,28007KT,12,12
2015-11-07 17:00:00.000,2015,11,7,17,30006KT,14,13
2015-11-07 18:00:00.000,2015,11,7,18,25007KT,16,13
2015-11-07 19:00:00.000,2015,11,7,19,22007KT,17,12
2015-11-07 20:00:00.000,2015,11,7,20,25010KT,17,13
2015-11-07 21:00:00.000,2015,11,7,21,24009KT,15,13
2015-11-07 21:07:00.000,2015,11,7,21,27008KT,14,13
2015-11-07 22:00:00.000,2015,11,7,22,24007KT,14,13
2015-11-07 22:40:00.000,2015,11,7,22,26008KT,13,12
2015-11-07 23:00:00.000,2015,11,7,23,25008KT,13,12
2015-11-08 00:00:00.000,2015,11,8,0,VRB02KT,13,11
2015-11-08 00:12:00.000,2015,11,8,0,VRB02KT,13,11
2015-11-08 01:00:00.000,2015,11,8,1,04003KT,12,11
2015-11-08 02:00:00.000,2015,11,8,2,VRB02KT,12,11
2015-11-08 03:00:00.000,2015,11,8,3,04003KT,12,10
2015-11-08 04:00:00.000,2015,11,8,4,05005KT,12,11
2015-11-08 05:00:00.000,2015,11,8,5,05006KT,12,11
2015-11-08 06:00:00.000,2015,11,8,6,05004KT,11,10
2015-11-08 07:00:00.000,2015,11,8,7,05005KT,11,10
2015-11-08 08:00:00.000,2015,11,8,8,VRB02KT,10,10
2015-11-08 09:00:00.000,2015,11,8,9,VRB02KT,10,09
2015-11-08 10:00:00.000,2015,11,8,10,VRB02KT,11,10
2015-11-08 10:30:00.000,2015,11,8,10,04003KT,11,09
2015-11-08 11:00:00.000,2015,11,8,11,03004KT,10,09
2015-11-08 12:00:00.000,2015,11,8,12,11004KT,12,10
2015-11-08 13:00:00.000,2015,11,8,13,10004KT,15,10
2015-11-08 14:00:00.000,2015,11,8,14,07006KT,17,10
2015-11-08 15:00:00.000,2015,11,8,15,08008KT,19,09
2015-11-08 16:00:00.000,2015,11,8,16,10008KT,19,09
2015-11-08 17:00:00.000,2015,11,8,17,14012KT,20,10
2015-11-08 18:00:00.000,2015,11,8,18,17013KT,21,10
2015-11-08 19:00:00.000,2015,11,8,19,14012KT,20,10
2015-11-08 20:00:00.000,2015,11,8,20,17010KT,20,10
2015-11-08 21:00:00.000,2015,11,8,21,15010KT,19,09
2015-11-08 22:00:00.000,2015,11,8,22,09006KT,17,10
2015-11-08 23:00:00.000,2015,11,8,23,05003KT,16,10
2015-11-09 00:00:00.000,2015,11,9,0,24005KT,15,11
2015-11-09 01:00:00.000,2015,11,9,1,VRB02KT,14,11
2015-11-09 02:00:00.000,2015,11,9,2,04004KT,13,12
2015-11-09 03:00:00.000,2015,11,9,3,06003KT,13,11
2015-11-09 04:00:00.000,2015,11,9,4,36003KT,13,10
2015-11-09 05:00:00.000,2015,11,9,5,06005KT,13,11
2015-11-09 06:00:00.000,2015,11,9,6,03005KT,13,10
2015-11-09 07:00:00.000,2015,11,9,7,06008KT,11,10
2015-11-09 08:00:00.000,2015,11,9,8,06006KT,11,10
2015-11-09 09:00:00.000,2015,11,9,9,03004KT,11,09
2015-11-09 10:00:00.000,2015,11,9,10,06006KT,11,09
2015-11-09 10:30:00.000,2015,11,9,10,06003KT,10,09
2015-11-09 11:00:00.000,2015,11,9,11,05006KT,10,09
2015-11-09 12:00:00.000,2015,11,9,12,07005KT,13,10
2015-11-09 12:30:00.000,2015,11,9,12,05006KT,15,09
2015-11-09 13:00:00.000,2015,11,9,13,12005KT,16,09
2015-11-09 14:00:00.000,2015,11,9,14,09008KT,17,09
2015-11-09 15:00:00.000,2015,11,9,15,06009KT,16,09
2015-11-09 16:00:00.000,2015,11,9,16,11009KT,18,08
2015-11-09 17:00:00.000,2015,11,9,17,10008KT,17,09
2015-11-09 18:00:00.000,2015,11,9,18,12008KT,18,09
2015-11-09 19:00:00.000,2015,11,9,19,21007KT,18,10
2015-11-09 20:00:00.000,2015,11,9,20,05010KT,17,09
2015-11-09 21:00:00.000,2015,11,9,21,VRB02KT,17,09
2015-11-09 22:00:00.000,2015,11,9,22,13009KT,17,07
2015-11-09 23:00:00.000,2015,11,9,23,12005KT,16,06
2015-11-10 00:00:00.000,2015,11,10,0,15003KT,23,20
2015-11-10 01:00:00.000,2015,11,10,1,11008KT,15,09
2015-11-10 02:00:00.000,2015,11,10,2,11008KT,15,09
2015-11-10 03:00:00.000,2015,11,10,3,07004KT,12,08
2015-11-10 04:00:00.000,2015,11,10,4,05004KT,11,09
2015-11-10 05:00:00.000,2015,11,10,5,05005KT,11,09
2015-11-10 06:00:00.000,2015,11,10,6,04006KT,11,09
2015-11-10 07:00:00.000,2015,11,10,7,VRB02KT,11,09
2015-11-10 08:00:00.000,2015,11,10,8,05005KT,10,08
2015-11-10 09:00:00.000,2015,11,10,9,05004KT,10,08
2015-11-10 10:00:00.000,2015,11,10,10,12004KT,10,08
2015-11-10 10:30:00.000,2015,11,10,10,VRB02KT,09,08
2015-11-10 11:00:00.000,2015,11,10,11,05004KT,08,07
2015-11-10 11:25:00.000,2015,11,10,11,05003KT,10,09
2015-11-10 12:00:00.000,2015,11,10,12,VRB02KT,12,10
2015-11-10 13:00:00.000,2015,11,10,13,07007KT,14,09
2015-11-10 13:34:00.000,2015,11,10,13,07006KT,16,08
2015-11-10 14:00:00.000,2015,11,10,14,05008KT,16,08
2015-11-10 15:00:00.000,2015,11,10,15,11006KT,18,07
2015-11-10 16:00:00.000,2015,11,10,16,12009KT,19,06
2015-11-10 17:00:00.000,2015,11,10,17,11008KT,19,07
2015-11-10 18:00:00.000,2015,11,10,18,12010KT,19,07
2015-11-10 19:00:00.000,2015,11,10,19,07010KT,18,08
2015-11-10 20:00:00.000,2015,11,10,20,12006KT,17,09
2015-11-10 20:20:00.000,2015,11,10,20,12006KT,17,09
2015-11-10 21:00:00.000,2015,11,10,21,12010KT,16,10
2015-11-10 22:00:00.000,2015,11,10,22,12006KT,16,10
2015-11-10 23:00:00.000,2015,11,10,23,12008KT,15,10
2015-11-11 00:00:00.000,2015,11,11,0,08006KT,15,09
2015-11-11 01:00:00.000,2015,11,11,1,03004KT,13,09
2015-11-11 02:00:00.000,2015,11,11,2,02005KT,13,09
2015-11-11 03:00:00.000,2015,11,11,3,04004KT,12,09
2015-11-11 04:00:00.000,2015,11,11,4,35004KT,12,09
2015-11-11 05:00:00.000,2015,11,11,5,06004KT,13,09
2015-11-11 06:00:00.000,2015,11,11,6,05003KT,12,09
2015-11-11 07:00:00.000,2015,11,11,7,03004KT,12,09
2015-11-11 08:00:00.000,2015,11,11,8,VRB02KT,12,09
2015-11-11 09:00:00.000,2015,11,11,9,03004KT,10,08
2015-11-11 10:00:00.000,2015,11,11,10,VRB02KT,10,08
2015-11-11 10:30:00.000,2015,11,11,10,VRB02KT,09,07
2015-11-11 11:00:00.000,2015,11,11,11,VRB02KT,10,08
2015-11-11 12:00:00.000,2015,11,11,12,04007KT,12,09
2015-11-11 13:00:00.000,2015,11,11,13,05006KT,15,09
2015-11-11 14:00:00.000,2015,11,11,14,19010KT,16,09
2015-11-11 15:00:00.000,2015,11,11,15,16014KT,19,09
2015-11-11 16:00:00.000,2015,11,11,16,17019KT,20,08
2015-11-11 17:00:00.000,2015,11,11,17,16017KT,21,06
2015-11-11 18:00:00.000,2015,11,11,18,16017KT,20,03
2015-11-11 19:00:00.000,2015,11,11,19,16015KT,19,04
2015-11-11 20:00:00.000,2015,11,11,20,16016KT,19,05
2015-11-11 21:00:00.000,2015,11,11,21,17013KT,18,05
2015-11-11 22:00:00.000,2015,11,11,22,17008KT,18,06
2015-11-11 23:00:00.000,2015,11,11,23,14009KT,16,06
2015-11-12 00:00:00.000,2015,11,12,0,24006KT,16,07
2015-11-12 01:00:00.000,2015,11,12,1,24004KT,14,08
2015-11-12 02:00:00.000,2015,11,12,2,24003KT,12,09
2015-11-12 03:00:00.000,2015,11,12,3,06005KT,13,09
2015-11-12 04:00:00.000,2015,11,12,4,01003KT,13,09
2015-11-12 05:00:00.000,2015,11,12,5,04005KT,12,09
2015-11-12 06:00:00.000,2015,11,12,6,02003KT,12,08
2015-11-12 07:00:00.000,2015,11,12,7,03005KT,11,08
2015-11-12 08:00:00.000,2015,11,12,8,30004KT,10,08
2015-11-12 09:00:00.000,2015,11,12,9,04003KT,09,08
2015-11-12 10:00:00.000,2015,11,12,10,03004KT,10,08
2015-11-12 10:30:00.000,2015,11,12,10,VRB02KT,09,07
2015-11-12 11:00:00.000,2015,11,12,11,01003KT,09,07
2015-11-12 12:00:00.000,2015,11,12,12,04006KT,11,09
2015-11-12 12:20:00.000,2015,11,12,12,06006KT,13,09
2015-11-12 13:00:00.000,2015,11,12,13,05008KT,15,09
2015-11-12 13:34:00.000,2015,11,12,13,05006KT,17,09
2015-11-12 14:00:00.000,2015,11,12,14,08006KT,17,09
2015-11-12 15:00:00.000,2015,11,12,15,14007KT,18,07
2015-11-12 16:00:00.000,2015,11,12,16,14009KT,19,07
2015-11-12 17:00:00.000,2015,11,12,17,12007KT,19,08
2015-11-12 18:00:00.000,2015,11,12,18,07010KT,18,07
2015-11-12 19:00:00.000,2015,11,12,19,10006KT,19,08
2015-11-12 20:00:00.000,2015,11,12,20,11015KT,19,09
2015-11-12 21:00:00.000,2015,11,12,21,13007KT,18,18
2015-11-12 22:00:00.000,2015,11,12,22,21007KT,17,11
2015-11-12 23:00:00.000,2015,11,12,23,23008KT,15,12
2015-11-13 00:00:00.000,2015,11,13,0,23004KT,14,11
2015-11-13 01:00:00.000,2015,11,13,1,VRB02KT,11,10
2015-11-13 02:00:00.000,2015,11,13,2,VRB02KT,11,10
2015-11-13 03:00:00.000,2015,11,13,3,VRB02KT,11,10
2015-11-13 04:00:00.000,2015,11,13,4,VRB02KT,12,09
2015-11-13 05:00:00.000,2015,11,13,5,03003KT,11,09
2015-11-13 06:00:00.000,2015,11,13,6,VRB02KT,10,09
2015-11-13 07:00:00.000,2015,11,13,7,VRB02KT,09,08
2015-11-13 08:00:00.000,2015,11,13,8,VRB02KT,10,09
2015-11-13 09:00:00.000,2015,11,13,9,VRB02KT,08,08
2015-11-13 10:00:00.000,2015,11,13,10,VRB02KT,08,08
2015-11-13 10:30:00.000,2015,11,13,10,VRB02KT,08,07
2015-11-13 11:00:00.000,2015,11,13,11,VRB02KT,09,08
2015-11-13 12:00:00.000,2015,11,13,12,VRB02KT,10,09
2015-11-13 13:00:00.000,2015,11,13,13,VRB02KT,14,11
2015-11-13 14:00:00.000,2015,11,13,14,04005KT,16,11
2015-11-13 15:00:00.000,2015,11,13,15,18006KT,19,10
2015-11-13 16:00:00.000,2015,11,13,16,12006KT,20,08
2015-11-13 17:00:00.000,2015,11,13,17,15014KT,21,07
2015-11-13 18:00:00.000,2015,11,13,18,18014KT,22,11
2015-11-13 19:00:00.000,2015,11,13,19,10010KT,21,09
2015-11-13 20:00:00.000,2015,11,13,20,31008KT,19,12
2015-11-13 21:00:00.000,2015,11,13,21,27006KT,18,12
2015-11-13 21:40:00.000,2015,11,13,21,32006KT,18,13
2015-11-13 22:00:00.000,2015,11,13,22,28006KT,17,12
2015-11-13 23:00:00.000,2015,11,13,23,33004KT,15,12
2015-11-14 00:00:00.000,2015,11,14,0,27004KT,16,11
2015-11-14 01:00:00.000,2015,11,14,1,24004KT,15,11
2015-11-14 02:00:00.000,2015,11,14,2,VRB02KT,14,11
2015-11-14 03:00:00.000,2015,11,14,3,12007KT,14,10
2015-11-14 04:00:00.000,2015,11,14,4,12004KT,15,10
2015-11-14 05:00:00.000,2015,11,14,5,36003KT,14,10
2015-11-14 06:00:00.000,2015,11,14,6,06007KT,13,09
2015-11-14 07:00:00.000,2015,11,14,7,30003KT,11,09
2015-11-14 08:00:00.000,2015,11,14,8,000000KT,11,09
2015-11-14 09:00:00.000,2015,11,14,9,02005KT,11,09
2015-11-14 10:00:00.000,2015,11,14,10,00000KT,11,10
2015-11-14 11:00:00.000,2015,11,14,11,VRB02KT,12,10
2015-11-14 12:00:00.000,2015,11,14,12,32003KT,13,11
2015-11-14 13:00:00.000,2015,11,14,13,13004KT,14,10
2015-11-14 14:00:00.000,2015,11,14,14,05012KT,15,11
2015-11-14 15:00:00.000,2015,11,14,15,09007KT,18,11
2015-11-14 16:00:00.000,2015,11,14,16,13011KT,17,08
2015-11-14 17:00:00.000,2015,11,14,17,13007KT,18,09
2015-11-14 18:00:00.000,2015,11,14,18,12008KT,19,09
2015-11-14 19:00:00.000,2015,11,14,19,16012KT,20,09
2015-11-14 20:00:00.000,2015,11,14,20,14010KT,18,08
2015-11-14 21:00:00.000,2015,11,14,21,15009KT,18,09
2015-11-14 22:00:00.000,2015,11,14,22,17011KT,18,07
2015-11-14 23:00:00.000,2015,11,14,23,15009KT,16,08
2015-11-15 00:00:00.000,2015,11,15,0,16012KT,16,08
2015-11-15 01:00:00.000,2015,11,15,1,16006KT,15,09
2015-11-15 02:00:00.000,2015,11,15,2,VRB02KT,14,10
2015-11-15 03:00:00.000,2015,11,15,3,02006KT,13,11
2015-11-15 04:00:00.000,2015,11,15,4,01004KT,13,11
2015-11-15 05:00:00.000,2015,11,15,5,01004KT,13,11
2015-11-15 06:00:00.000,2015,11,15,6,04003KT,13,11
2015-11-15 07:00:00.000,2015,11,15,7,06007KT,13,11
2015-11-15 08:00:00.000,2015,11,15,8,03005KT,13,11
2015-11-15 09:00:00.000,2015,11,15,9,04004KT,13,11
2015-11-15 10:00:00.000,2015,11,15,10,09003KT,12,11
2015-11-15 10:30:00.000,2015,11,15,10,05003KT,12,10
2015-11-15 11:00:00.000,2015,11,15,11,05004KT,12,10
2015-11-15 12:00:00.000,2015,11,15,12,06005KT,13,11
2015-11-15 12:30:00.000,2015,11,15,12,07004KT,15,11
2015-11-15 13:00:00.000,2015,11,15,13,VRB02KT,16,10
2015-11-15 14:00:00.000,2015,11,15,14,11003KT,16,09
2015-11-15 15:00:00.000,2015,11,15,15,16009KT,18,09
2015-11-15 16:00:00.000,2015,11,15,16,10012KT,18,08
2015-11-15 17:00:00.000,2015,11,15,17,15006KT,19,09
2015-11-15 18:00:00.000,2015,11,15,18,14015KT,18,09
2015-11-15 19:00:00.000,2015,11,15,19,19014KT,18,08
2015-11-15 20:00:00.000,2015,11,15,20,160012KT,19,08
2015-11-15 21:00:00.000,2015,11,15,21,16014KT,18,08
2015-11-15 22:00:00.000,2015,11,15,22,17009KT,17,08
2015-11-15 23:00:00.000,2015,11,15,23,14007KT,15,08
2015-11-16 00:00:00.000,2015,11,16,0,VRB02KT,14,09
2015-11-16 01:00:00.000,2015,11,16,1,05004KT,13,09
2015-11-16 02:00:00.000,2015,11,16,2,VRB02KT,13,10
2015-11-16 03:00:00.000,2015,11,16,3,12004KT,13,09
2015-11-16 04:00:00.000,2015,11,16,4,VRB02KT,12,09
2015-11-16 05:00:00.000,2015,11,16,5,03004KT,11,09
2015-11-16 06:00:00.000,2015,11,16,6,04004KT,12,09
2015-11-16 07:00:00.000,2015,11,16,7,05005KT,11,09
2015-11-16 08:00:00.000,2015,11,16,8,04003KT,12,10
2015-11-16 09:00:00.000,2015,11,16,9,04003KT,12,09
2015-11-16 10:00:00.000,2015,11,16,10,07003KT,11,09
2015-11-16 10:30:00.000,2015,11,16,10,04005KT,10,08
2015-11-16 11:00:00.000,2015,11,16,11,05005KT,10,08
2015-11-16 12:00:00.000,2015,11,16,12,06004KT,12,09
2015-11-16 13:00:00.000,2015,11,16,13,02006KT,14,10
2015-11-16 14:00:00.000,2015,11,16,14,VRB02KT,16,10
2015-11-16 14:30:00.000,2015,11,16,14,16011KT,18,08
2015-11-16 15:00:00.000,2015,11,16,15,12008KT,18,08
2015-11-16 16:00:00.000,2015,11,16,16,15006KT,18,08
2015-11-16 17:00:00.000,2015,11,16,17,14004KT,19,08
2015-11-16 18:00:00.000,2015,11,16,18,16009KT,20,07
2015-11-16 19:00:00.000,2015,11,16,19,17008KT,19,07
2015-11-16 20:00:00.000,2015,11,16,20,18006KT,20,07
2015-11-16 21:00:00.000,2015,11,16,21,25010KT,17,10
2015-11-16 22:00:00.000,2015,11,16,22,23007KT,17,09
2015-11-16 23:00:00.000,2015,11,16,23,29003KT,16,09
2015-11-17 00:00:00.000,2015,11,17,0,34005KT,14,09
2015-11-17 01:00:00.000,2015,11,17,1,35006KT,14,09
2015-11-17 02:00:00.000,2015,11,17,2,02004KT,15,10
2015-11-17 03:00:00.000,2015,11,17,3,02006KT,14,11
2015-11-17 04:00:00.000,2015,11,17,4,05006KT,13,11
2015-11-17 05:00:00.000,2015,11,17,5,05005KT,13,11
2015-11-17 06:00:00.000,2015,11,17,6,05006KT,13,10
2015-11-17 07:00:00.000,2015,11,17,7,04008KT,13,10
2015-11-17 08:00:00.000,2015,11,17,8,04005KT,12,10
2015-11-17 09:00:00.000,2015,11,17,9,04006KT,12,10
2015-11-17 10:00:00.000,2015,11,17,10,06006KT,13,10
2015-11-17 11:00:00.000,2015,11,17,11,05007KT,13,10
2015-11-17 12:00:00.000,2015,11,17,12,06008KT,14,10
2015-11-17 13:00:00.000,2015,11,17,13,08008KT,15,10
2015-11-17 14:00:00.000,2015,11,17,14,13012KT,17,09
2015-11-17 15:00:00.000,2015,11,17,15,12008KT,18,09
2015-11-17 16:00:00.000,2015,11,17,16,09004KT,17,09
2015-11-17 17:00:00.000,2015,11,17,17,12008KT,17,08
2015-11-17 18:00:00.000,2015,11,17,18,17014KT,17,09
2015-11-17 19:00:00.000,2015,11,17,19,14011KT,18,09
2015-11-17 20:00:00.000,2015,11,17,20,10010KT,17,09
2015-11-17 21:00:00.000,2015,11,17,21,10008KT,17,09
2015-11-17 22:00:00.000,2015,11,17,22,10010KT,17,08
2015-11-17 23:00:00.000,2015,11,17,23,09007KT,14,09
2015-11-18 00:00:00.000,2015,11,18,0,VRB02KT,14,09
2015-11-18 01:00:00.000,2015,11,18,1,30003KT,14,09
2015-11-18 02:00:00.000,2015,11,18,2,VRB02KT,13,10
2015-11-18 03:00:00.000,2015,11,18,3,08004KT,12,09
2015-11-18 04:00:00.000,2015,11,18,4,04005KT,12,10
2015-11-18 05:00:00.000,2015,11,18,5,04005KT,13,10
2015-11-18 06:00:00.000,2015,11,18,6,03004KT,12,10
2015-11-18 07:00:00.000,2015,11,18,7,06004KT,20,10
2015-11-18 08:00:00.000,2015,11,18,8,05003KT,12,09
2015-11-18 09:00:00.000,2015,11,18,9,03004KT,12,09
2015-11-18 10:00:00.000,2015,11,18,10,04005KT,12,09
2015-11-18 10:30:00.000,2015,11,18,10,05005KT,12,09
2015-11-18 11:00:00.000,2015,11,18,11,05005KT,12,09
2015-11-18 12:00:00.000,2015,11,18,12,04007KT,12,09
2015-11-18 13:00:00.000,2015,11,18,13,07007KT,14,08
2015-11-18 14:00:00.000,2015,11,18,14,08004KT,16,08
2015-11-18 15:00:00.000,2015,11,18,15,07005KT,17,09
2015-11-18 15:25:00.000,2015,11,18,15,13005KT,19,07
2015-11-18 16:00:00.000,2015,11,18,16,14006KT,19,07
2015-11-18 17:00:00.000,2015,11,18,17,18006KT,18,07
2015-11-18 18:00:00.000,2015,11,18,18,15009KT,19,09
2015-11-18 19:00:00.000,2015,11,18,19,17010KT,20,08
2015-11-18 20:00:00.000,2015,11,18,20,19007KT,19,08
2015-11-18 21:00:00.000,2015,11,18,21,24008KT,18,10
2015-11-18 22:00:00.000,2015,11,18,22,31009KT,15,12
2015-11-18 23:00:00.000,2015,11,18,23,27009KT,14,11
2015-11-19 00:00:00.000,2015,11,19,0,29004KT,12,11
2015-11-19 02:00:00.000,2015,11,19,2,VRB02KT,13,11
2015-11-19 03:00:00.000,2015,11,19,3,VRB02KT,12,11
2015-11-19 04:00:00.000,2015,11,19,4,34004KT,12,11
2015-11-19 05:00:00.000,2015,11,19,5,33003KT,12,11
2015-11-19 06:00:00.000,2015,11,19,6,VRB02KT,12,11
2015-11-19 07:00:00.000,2015,11,19,7,32004KT,12,11
2015-11-19 08:00:00.000,2015,11,19,8,VRB02KT,12,11
2015-11-19 09:00:00.000,2015,11,19,9,29003KT,13,11
2015-11-19 10:00:00.000,2015,11,19,10,VRB02KT,12,11
2015-11-19 10:30:00.000,2015,11,19,10,VRB02KT,12,11
2015-11-19 11:00:00.000,2015,11,19,11,VRB02KT,12,11
2015-11-19 12:00:00.000,2015,11,19,12,35003KT,14,11
2015-11-19 13:00:00.000,2015,11,19,13,VRB02KT,16,12
2015-11-19 13:20:00.000,2015,11,19,13,VRB02KT,16,10
2015-11-19 14:00:00.000,2015,11,19,14,31006KT,16,11
2015-11-19 14:32:00.000,2015,11,19,14,23004KT,18,11
2015-11-19 15:00:00.000,2015,11,19,15,32004KT,18,10
2015-11-19 16:00:00.000,2015,11,19,16,30008KT,19,11
2015-11-19 17:00:00.000,2015,11,19,17,29009KT,20,11
2015-11-19 18:00:00.000,2015,11,19,18,32012KT,18,11
2015-11-19 19:00:00.000,2015,11,19,19,02010KT,15,12
2015-11-19 19:16:00.000,2015,11,19,19,02010KT,15,12
2015-11-19 19:30:00.000,2015,11,19,19,36005KT,15,12
2015-11-19 19:35:00.000,2015,11,19,19,03005KT,14,11
2015-11-19 20:00:00.000,2015,11,19,20,10010KT,13,11
2015-11-19 21:00:00.000,2015,11,19,21,08004KT,14,12
2015-11-19 22:00:00.000,2015,11,19,22,07005KT,16,10
2015-11-19 23:00:00.000,2015,11,19,23,03005KT,15,11
2015-11-20 00:00:00.000,2015,11,20,0,VRB02KT,13,11
2015-11-20 01:00:00.000,2015,11,20,1,06003KT,12,11
2015-11-20 02:00:00.000,2015,11,20,2,VRB02KT,12,11
2015-11-20 03:00:00.000,2015,11,20,3,VRB02KT,12,11
2015-11-20 04:00:00.000,2015,11,20,4,VRB02KT,11,10
2015-11-20 05:00:00.000,2015,11,20,5,VRB02KT,12,11
2015-11-20 06:00:00.000,2015,11,20,6,VRB02KT,11,10
2015-11-20 07:00:00.000,2015,11,20,7,VRB02KT,11,10
2015-11-20 08:00:00.000,2015,11,20,8,VRB02KT,11,10
2015-11-20 09:00:00.000,2015,11,20,9,VRB02KT,11,10
2015-11-20 10:00:00.000,2015,11,20,10,VRB02KT,11,10
2015-11-20 10:30:00.000,2015,11,20,10,VRB02KT,11,10
2015-11-20 11:00:00.000,2015,11,20,11,VRB02KT,11,11
2015-11-20 12:00:00.000,2015,11,20,12,03006KT,13,12
2015-11-20 13:00:00.000,2015,11,20,13,05003KT,16,12
2015-11-20 14:00:00.000,2015,11,20,14,36003KT,17,11
2015-11-20 15:00:00.000,2015,11,20,15,10004KT,19,10
2015-11-20 16:00:00.000,2015,11,20,16,22003KT,20,09
2015-11-20 17:00:00.000,2015,11,20,17,21010KT,20,12
2015-11-20 18:00:00.000,2015,11,20,18,32015KT,19,12
2015-11-20 19:00:00.000,2015,11,20,19,30013KT,19,12
2015-11-20 19:40:00.000,2015,11,20,19,34006KT,18,12
2015-11-20 20:00:00.000,2015,11,20,20,18010KT,13,10
2015-11-20 20:15:00.000,2015,11,20,20,18010KT,13,10
2015-11-20 20:35:00.000,2015,11,20,20,19006KT,14,10
2015-11-20 21:00:00.000,2015,11,20,21,20004KT,14,10
2015-11-20 22:00:00.000,2015,11,20,22,03003KT,14,11
2015-11-20 23:00:00.000,2015,11,20,23,36003KT,14,12
2015-11-21 00:00:00.000,2015,11,21,0,32003KT,14,12
2015-11-21 01:00:00.000,2015,11,21,1,VRB02KT,13,11
2015-11-21 02:00:00.000,2015,11,21,2,VRB02KT,13,11
2015-11-21 03:00:00.000,2015,11,21,3,02003KT,13,11
2015-11-21 04:00:00.000,2015,11,21,4,VRB02KT,13,11
2015-11-21 05:00:00.000,2015,11,21,5,VRB02KT,13,11
2015-11-21 06:00:00.000,2015,11,21,6,VRB02KT,13,11
2015-11-21 07:00:00.000,2015,11,21,7,VRB02KT,13,11
2015-11-21 08:00:00.000,2015,11,21,8,03003KT,13,12
2015-11-21 09:00:00.000,2015,11,21,9,04005KT,12,11
2015-11-21 10:00:00.000,2015,11,21,10,05006KT,12,10
2015-11-21 10:30:00.000,2015,11,21,10,04005KT,12,11
2015-11-21 11:00:00.000,2015,11,21,11,04004KT,12,10
2015-11-21 12:00:00.000,2015,11,21,12,04004KT,13,11
2015-11-21 13:00:00.000,2015,11,21,13,04006KT,15,10
2015-11-21 14:00:00.000,2015,11,21,14,04004KT,17,10
2015-11-21 15:00:00.000,2015,11,21,15,13006KT,20,10
2015-11-21 16:00:00.000,2015,11,21,16,04004KT,20,09
2015-11-21 17:00:00.000,2015,11,21,17,35005KT,20,08
2015-11-21 18:00:00.000,2015,11,21,18,26010KT,17,12
2015-11-21 18:15:00.000,2015,11,21,18,26010KT,17,12
2015-11-21 19:00:00.000,2015,11,21,19,31007KT,16,13
2015-11-21 20:00:00.000,2015,11,21,20,34005KT,15,13
2015-11-21 20:25:00.000,2015,11,21,20,30006KT,14,13
2015-11-21 21:00:00.000,2015,11,21,21,27005KT,15,12
2015-11-21 22:00:00.000,2015,11,21,22,22003KT,15,12
2015-11-21 23:00:00.000,2015,11,21,23,23004KT,16,12
2015-11-22 00:00:00.000,2015,11,22,0,25005KT,15,12
2015-11-22 01:00:00.000,2015,11,22,1,29004KT,15,12
2015-11-22 02:00:00.000,2015,11,22,2,05004KT,14,12
2015-11-22 02:30:00.000,2015,11,22,2,VRB02KT,13,12
2015-11-22 03:00:00.000,2015,11,22,3,VRB02KT,13,12
2015-11-22 04:00:00.000,2015,11,22,4,VRB02KT,13,12
2015-11-22 05:00:00.000,2015,11,22,5,31004KT,13,12
2015-11-22 06:00:00.000,2015,11,22,6,03004KT,13,11
2015-11-22 07:00:00.000,2015,11,22,7,05007KT,12,10
2015-11-22 08:00:00.000,2015,11,22,8,09005KT,12,08
2015-11-22 09:00:00.000,2015,11,22,9,05006KT,12,09
2015-11-22 10:00:00.000,2015,11,22,10,04007KT,12,08
2015-11-22 10:30:00.000,2015,11,22,10,03004KT,11,08
2015-11-22 11:00:00.000,2015,11,22,11,03006KT,11,08
2015-11-22 12:00:00.000,2015,11,22,12,04008KT,12,08
2015-11-22 13:00:00.000,2015,11,22,13,05008KT,15,09
2015-11-22 14:00:00.000,2015,11,22,14,05006KT,18,08
2015-11-22 15:00:00.000,2015,11,22,15,13008KT,20,06
2015-11-22 16:00:00.000,2015,11,22,16,13013KT,20,09
2015-11-22 17:00:00.000,2015,11,22,17,14008KT,20,08
2015-11-22 18:00:00.000,2015,11,22,18,09007KT,20,07
2015-11-22 19:00:00.000,2015,11,22,19,27010KT,20,12
2015-11-22 20:00:00.000,2015,11,22,20,25008KT,20,12
2015-11-22 21:00:00.000,2015,11,22,21,32012KT,20,12
2015-11-22 22:00:00.000,2015,11,22,22,28008KT,18,11
2015-11-22 23:00:00.000,2015,11,22,23,30005KT,15,12
2015-11-23 00:00:00.000,2015,11,23,0,23003KT,15,11
2015-11-23 01:00:00.000,2015,11,23,1,29003KT,14,11
2015-11-23 02:00:00.000,2015,11,23,2,VRB02KT,12,10
2015-11-23 03:00:00.000,2015,11,23,3,00000KT,12,11
2015-11-23 04:00:00.000,2015,11,23,4,34003KT,12,10
2015-11-23 05:00:00.000,2015,11,23,5,01003KT,11,10
2015-11-23 06:00:00.000,2015,11,23,6,03004KT,11,10
2015-11-23 07:00:00.000,2015,11,23,7,05005KT,11,09
2015-11-23 08:00:00.000,2015,11,23,8,06006KT,11,08
2015-11-23 09:00:00.000,2015,11,23,9,05005KT,10,08
2015-11-23 10:00:00.000,2015,11,23,10,04007KT,10,08
2015-11-23 10:30:00.000,2015,11,23,10,06005KT,11,09
2015-11-23 11:00:00.000,2015,11,23,11,04004KT,11,09
2015-11-23 12:00:00.000,2015,11,23,12,04005KT,12,10
2015-11-23 13:00:00.000,2015,11,23,13,06006KT,14,10
2015-11-23 14:00:00.000,2015,11,23,14,05010KT,16,09
2015-11-23 15:00:00.000,2015,11,23,15,01008KT,17,09
2015-11-23 16:00:00.000,2015,11,23,16,01005KT,19,10
2015-11-23 17:00:00.000,2015,11,23,17,31006KT,19,10
2015-11-23 18:00:00.000,2015,11,23,18,VRB02KT,20,09
2015-11-23 18:20:00.000,2015,11,23,18,VRB02KT,20,09
2015-11-23 19:00:00.000,2015,11,23,19,29008KT,18,11
2015-11-23 19:18:00.000,2015,11,23,19,29008KT,18,11
2015-11-23 20:00:00.000,2015,11,23,20,29010KT,18,12
2015-11-23 21:00:00.000,2015,11,23,21,28005KT,19,11
2015-11-23 22:00:00.000,2015,11,23,22,30007KT,17,12
2015-11-23 23:00:00.000,2015,11,23,23,25009KT,15,12
2015-11-24 00:00:00.000,2015,11,24,0,30004KT,15,12
2015-11-24 01:00:00.000,2015,11,24,1,28003KT,15,11
2015-11-24 02:00:00.000,2015,11,24,2,VRB02KT,13,12
2015-11-24 03:00:00.000,2015,11,24,3,VRB02KT,13,11
2015-11-24 04:00:00.000,2015,11,24,4,01004KT,11,09
2015-11-24 05:00:00.000,2015,11,24,5,VRB02KT,12,11
2015-11-24 06:00:00.000,2015,11,24,6,VBR02KT,13,11
2015-11-24 07:00:00.000,2015,11,24,7,00000KT,11,10
2015-11-24 08:00:00.000,2015,11,24,8,VRB03KT,12,11
2015-11-24 09:00:00.000,2015,11,24,9,00000KT,11,10
2015-11-24 10:00:00.000,2015,11,24,10,VRB02KT,11,11
2015-11-24 10:30:00.000,2015,11,24,10,VRB02KT,11,10
2015-11-24 11:00:00.000,2015,11,24,11,VRB02KT,11,10
2015-11-24 12:00:00.000,2015,11,24,12,03004KT,13,11
2015-11-24 12:34:00.000,2015,11,24,12,VRB02KT,15,12
2015-11-24 13:00:00.000,2015,11,24,13,VRB02KT,16,12
2015-11-24 14:00:00.000,2015,11,24,14,09005KT,18,09
2015-11-24 15:00:00.000,2015,11,24,15,07007KT,20,08
2015-11-24 16:00:00.000,2015,11,24,16,11006KT,21,08
2015-11-24 17:00:00.000,2015,11,24,17,22007KT,18,10
2015-11-24 18:00:00.000,2015,11,24,18,28006KT,19,11
2015-11-24 19:00:00.000,2015,11,24,19,24010KT,19,11
2015-11-24 20:00:00.000,2015,11,24,20,22010KT,20,12
2015-11-24 20:36:00.000,2015,11,24,20,28012KT,19,12
2015-11-24 21:00:00.000,2015,11,24,21,24010KT,18,12
2015-11-24 21:05:00.000,2015,11,24,21,04006KT,15,13
2015-11-24 21:13:00.000,2015,11,24,21,05010KT,15,13
2015-11-24 21:30:00.000,2015,11,24,21,31008KT,14,12
2015-11-24 22:00:00.000,2015,11,24,22,01006KT,14,11
2015-11-24 23:00:00.000,2015,11,24,23,22004KT,15,13
2015-11-25 00:00:00.000,2015,11,25,0,33003KT,13,12
2015-11-25 01:00:00.000,2015,11,25,1,01003KT,12,11
2015-11-25 02:00:00.000,2015,11,25,2,VRB02KT,12,11
2015-11-25 03:00:00.000,2015,11,25,3,03005KT,12,11
2015-11-25 04:00:00.000,2015,11,25,4,02004KT,11,11
2015-11-25 05:00:00.000,2015,11,25,5,04004KT,11,10
2015-11-25 06:00:00.000,2015,11,25,6,05003KT,12,10
2015-11-25 07:00:00.000,2015,11,25,7,04006KT,11,10
2015-11-25 08:00:00.000,2015,11,25,8,34003KT,10,09
2015-11-25 09:00:00.000,2015,11,25,9,VRB02KT,11,10
2015-11-25 10:00:00.000,2015,11,25,10,VRB02KT,10,09
2015-11-25 10:30:00.000,2015,11,25,10,VRB02KT,10,09
2015-11-25 11:00:00.000,2015,11,25,11,VRB02KT,09,08
2015-11-25 12:00:00.000,2015,11,25,12,VRB02KT,11,10
2015-11-25 13:00:00.000,2015,11,25,13,08004KT,15,09
2015-11-25 14:00:00.000,2015,11,25,14,09004KT,17,08
2015-11-25 15:00:00.000,2015,11,25,15,35004KT,18,08
2015-11-25 16:00:00.000,2015,11,25,16,13016KT,21,07
2015-11-25 17:00:00.000,2015,11,25,17,13015KT,20,07
2015-11-25 18:00:00.000,2015,11,25,18,14010KT,20,07
2015-11-25 19:00:00.000,2015,11,25,19,12012KT,20,07
2015-11-25 20:00:00.000,2015,11,25,20,13008KT,20,07
2015-11-25 21:00:00.000,2015,11,25,21,22005KT,19,10
2015-11-25 22:00:00.000,2015,11,25,22,24005KT,18,11
2015-11-25 23:00:00.000,2015,11,25,23,25006KT,16,12
2015-11-26 00:00:00.000,2015,11,26,0,VRB02KT,15,11
2015-11-26 01:00:00.000,2015,11,26,1,VRB02KT,12,11
2015-11-26 02:00:00.000,2015,11,26,2,VRB02KT,11,10
2015-11-26 03:00:00.000,2015,11,26,3,08004KT,13,08
2015-11-26 04:00:00.000,2015,11,26,4,05005KT,11,08
2015-11-26 05:00:00.000,2015,11,26,5,06006KT,10,08
2015-11-26 06:00:00.000,2015,11,26,6,05006KT,10,08
2015-11-26 07:00:00.000,2015,11,26,7,06004KT,09,07
2015-11-26 08:00:00.000,2015,11,26,8,04006KT,09,07
2015-11-26 09:00:00.000,2015,11,26,9,02004KT,09,08
2015-11-26 10:00:00.000,2015,11,26,10,05007KT,09,08
2015-11-26 10:27:00.000,2015,11,26,10,05007KT,09,08
2015-11-26 11:00:00.000,2015,11,26,11,04008KT,09,07
2015-11-26 12:00:00.000,2015,11,26,12,06007KT,12,09
2015-11-26 12:35:00.000,2015,11,26,12,05008KT,14,09
2015-11-26 13:00:00.000,2015,11,26,13,06009KT,15,10
2015-11-26 14:00:00.000,2015,11,26,14,06007KT,17,09
2015-11-26 15:00:00.000,2015,11,26,15,10008KT,19,08
2015-11-26 16:00:00.000,2015,11,26,16,14008KT,19,07
2015-11-26 17:00:00.000,2015,11,26,17,18006KT,20,06
2015-11-26 18:00:00.000,2015,11,26,18,17010KT,21,09
2015-11-26 19:00:00.000,2015,11,26,19,33008KT,19,12
2015-11-26 21:00:00.000,2015,11,26,21,32005KT,17,12
2015-11-26 22:00:00.000,2015,11,26,22,24012KT,17,12
2015-11-26 23:00:00.000,2015,11,26,23,30006KT,15,12
2015-11-27 00:00:00.000,2015,11,27,0,00000KT,13,11
2015-11-27 01:00:00.000,2015,11,27,1,VRB02KT,12,10
2015-11-27 02:00:00.000,2015,11,27,2,34003KT,11,10
2015-11-27 03:00:00.000,2015,11,27,3,03003KT,11,10
2015-11-27 04:00:00.000,2015,11,27,4,VRB02KT,10,09
2015-11-27 05:00:00.000,2015,11,27,5,VRB02KT,11,10
2015-11-27 06:00:00.000,2015,11,27,6,VRB02KT,10,10
2015-11-27 07:00:00.000,2015,11,27,7,00000KT,09,09
2015-11-27 08:00:00.000,2015,11,27,8,35004KT,09,09
2015-11-27 09:00:00.000,2015,11,27,9,03004KT,09,09
2015-11-27 10:00:00.000,2015,11,27,10,06004KT,10,09
2015-11-27 10:30:00.000,2015,11,27,10,VRB02KT,09,09
2015-11-27 11:00:00.000,2015,11,27,11,06004KT,10,10
2015-11-27 12:00:00.000,2015,11,27,12,05007KT,12,10
2015-11-27 13:00:00.000,2015,11,27,13,30008KT,14,10
2015-11-27 14:00:00.000,2015,11,27,14,24004KT,16,11
2015-11-27 15:00:00.000,2015,11,27,15,09011KT,18,10
2015-11-27 16:00:00.000,2015,11,27,16,08010KT,18,09
2015-11-27 17:00:00.000,2015,11,27,17,VRB02KT,19,09
2015-11-27 18:00:00.000,2015,11,27,18,13006KT,20,08
2015-11-27 19:00:00.000,2015,11,27,19,28005KT,21,08
2015-11-27 20:00:00.000,2015,11,27,20,02005KT,21,08
2015-11-27 21:00:00.000,2015,11,27,21,25012KT,19,12
2015-11-27 22:00:00.000,2015,11,27,22,27010KT,18,11
2015-11-27 23:00:00.000,2015,11,27,23,25008KT,16,11
2015-11-28 00:00:00.000,2015,11,28,0,26003KT,15,10
2015-11-28 01:00:00.000,2015,11,28,1,VRB02KT,13,11
2015-11-28 02:00:00.000,2015,11,28,2,VRB02KT,12,11
2015-11-28 03:00:00.000,2015,11,28,3,VRB02KT,13,10
2015-11-28 04:00:00.000,2015,11,28,4,VRB02KT,13,11
2015-11-28 05:00:00.000,2015,11,28,5,VRB02KT,12,10
2015-11-28 06:00:00.000,2015,11,28,6,VRB02KT,11,09
2015-11-28 07:00:00.000,2015,11,28,7,VRB02KT,080,0
2015-11-28 08:00:00.000,2015,11,28,8,VRB02KT,12,10
2015-11-28 09:00:00.000,2015,11,28,9,04004KT,10,09
2015-11-28 10:00:00.000,2015,11,28,10,VRB02KT,11,10
2015-11-28 11:00:00.000,2015,11,28,11,VRB02KT,11,10
2015-11-28 12:00:00.000,2015,11,28,12,01004KT,13,11
2015-11-28 13:00:00.000,2015,11,28,13,30004KT,15,11
2015-11-28 13:40:00.000,2015,11,28,13,28004KT,17,11
2015-11-28 14:00:00.000,2015,11,28,14,36003KT,17,11
2015-11-28 14:06:00.000,2015,11,28,14,34003KT,18,10
2015-11-28 15:00:00.000,2015,11,28,15,00000KT,19,09
2015-11-28 16:00:00.000,2015,11,28,16,22005KT,20,09
2015-11-28 17:00:00.000,2015,11,28,17,24007KT,20,11
2015-11-28 17:22:00.000,2015,11,28,17,24008KT,20,10
2015-11-28 18:00:00.000,2015,11,28,18,23004KT,20,12
2015-11-28 18:35:00.000,2015,11,28,18,30015KT,18,12
2015-11-28 19:00:00.000,2015,11,28,19,30009KT,19,12
2015-11-28 20:00:00.000,2015,11,28,20,24010KT,19,11
2015-11-28 21:00:00.000,2015,11,28,21,28010KT,18,12
2015-11-28 22:00:00.000,2015,11,28,22,24009KT,17,12
2015-11-28 23:00:00.000,2015,11,28,23,24006KT,16,11
2015-11-29 00:00:00.000,2015,11,29,0,28003KT,15,12
2015-11-29 01:00:00.000,2015,11,29,1,26003KT,14,12
2015-11-29 02:00:00.000,2015,11,29,2,VRB02KT,15,10
2015-11-29 03:00:00.000,2015,11,29,3,24003KT,15,10
2015-11-29 04:00:00.000,2015,11,29,4,VRB02KT,13,11
2015-11-29 05:00:00.000,2015,11,29,5,VRB02KT,13,12
2015-11-29 06:00:00.000,2015,11,29,6,VRB02KT,13,12
2015-11-29 07:00:00.000,2015,11,29,7,05005KT,12,11
2015-11-29 08:00:00.000,2015,11,29,8,05005KT,12,11
2015-11-29 09:00:00.000,2015,11,29,9,05004KT,12,11
2015-11-29 10:00:00.000,2015,11,29,10,VRB02KT,10,10
2015-11-29 10:29:00.000,2015,11,29,10,VRB02KT,11,10
2015-11-29 11:00:00.000,2015,11,29,11,35003KT,10,09
2015-11-29 12:00:00.000,2015,11,29,12,VRB02KT,12,11
2015-11-29 13:00:00.000,2015,11,29,13,04007KT,15,12
2015-11-29 13:20:00.000,2015,11,29,13,03004KT,17,11
2015-11-29 14:00:00.000,2015,11,29,14,05006KT,18,12
2015-11-29 15:00:00.000,2015,11,29,15,13008KT,19,10
2015-11-29 16:00:00.000,2015,11,29,16,04005KT,21,09
2015-11-29 17:00:00.000,2015,11,29,17,10008KT,19,10
2015-11-29 18:00:00.000,2015,11,29,18,21003KT,20,09
2015-11-29 19:00:00.000,2015,11,29,19,21006KT,20,11
2015-11-29 20:00:00.000,2015,11,29,20,27009KT,19,12
2015-11-29 21:00:00.000,2015,11,29,21,27005KT,18,12
2015-11-29 22:00:00.000,2015,11,29,22,25007KT,18,13
2015-11-29 23:00:00.000,2015,11,29,23,31006KT,16,13
2015-11-30 00:00:00.000,2015,11,30,0,35003KT,14,12
2015-11-30 01:00:00.000,2015,11,30,1,VRB02KT,13,12
2015-11-30 02:00:00.000,2015,11,30,2,33003KT,13,12
2015-11-30 03:00:00.000,2015,11,30,3,VRB02KT,13,12
2015-11-30 04:00:00.000,2015,11,30,4,05006KT,13,11
2015-11-30 05:00:00.000,2015,11,30,5,04004KT,12,10
2015-11-30 06:00:00.000,2015,11,30,6,05003KT,12,10
2015-11-30 07:00:00.000,2015,11,30,7,VRB02KT,12,10
2015-11-30 08:00:00.000,2015,11,30,8,05003KT,11,10
2015-11-30 09:00:00.000,2015,11,30,9,04004KT,12,11
2015-11-30 10:00:00.000,2015,11,30,10,00000KT,12,11
2015-11-30 10:30:00.000,2015,11,30,10,35003KT,13,11
2015-11-30 11:00:00.000,2015,11,30,11,34003KT,13,11
2015-11-30 12:00:00.000,2015,11,30,12,02003KT,13,11
2015-11-30 13:00:00.000,2015,11,30,13,05007KT,15,12
2015-11-30 14:00:00.000,2015,11,30,14,05008KT,16,12
2015-11-30 14:35:00.000,2015,11,30,14,16005KT,18,11
2015-11-30 15:00:00.000,2015,11,30,15,17013KT,17,09
2015-11-30 16:00:00.000,2015,11,30,16,16014KT,17,09
2015-11-30 17:00:00.000,2015,11,30,17,14009KT,17,09
2015-11-30 18:00:00.000,2015,11,30,18,13010KT,18,10
2015-11-30 19:00:00.000,2015,11,30,19,13010KT,18,10
2015-11-30 20:00:00.000,2015,11,30,20,10010KT,18,09
2015-11-30 21:00:00.000,2015,11,30,21,08012KT,18,09
2015-11-30 22:00:00.000,2015,11,30,22,09012KT,17,09
2015-11-30 23:00:00.000,2015,11,30,23,07010KT,16,09
2015-12-01 00:00:00.000,2015,12,1,0,07004KT,14,09
2015-12-01 01:00:00.000,2015,12,1,1,06006KT,14,09
2015-12-01 02:00:00.000,2015,12,1,2,06003KT,12,09
2015-12-01 03:00:00.000,2015,12,1,3,07007KT,13,10
2015-12-01 04:00:00.000,2015,12,1,4,VRB02KT,12,09
2015-12-01 05:00:00.000,2015,12,1,5,03008KT,12,09
2015-12-01 06:00:00.000,2015,12,1,6,03005KT,11,08
2015-12-01 07:00:00.000,2015,12,1,7,04005KT,11,09
2015-12-01 08:00:00.000,2015,12,1,8,06007KT,12,09
2015-12-01 09:00:00.000,2015,12,1,9,04008KT,12,09
2015-12-01 10:00:00.000,2015,12,1,10,03005KT,12,09
2015-12-01 10:30:00.000,2015,12,1,10,05007KT,12,09
2015-12-01 11:00:00.000,2015,12,1,11,VRB02KT,13,09
2015-12-01 12:00:00.000,2015,12,1,12,VRB02KT,15,10
2015-12-01 12:20:00.000,2015,12,1,12,VRB02KT,15,10
2015-12-01 13:00:00.000,2015,12,1,13,VRB02KT,15,10
2015-12-01 14:00:00.000,2015,12,1,14,10009KT,16,09
2015-12-01 15:00:00.000,2015,12,1,15,14007KT,18,10
2015-12-01 16:00:00.000,2015,12,1,16,14010KT,18,09
2015-12-01 17:00:00.000,2015,12,1,17,16014KT,18,10
2015-12-01 18:00:00.000,2015,12,1,18,12012KT,18,09
2015-12-01 19:00:00.000,2015,12,1,19,15009KT,17,09
2015-12-01 20:00:00.000,2015,12,1,20,14008KT,17,09
2015-12-01 21:00:00.000,2015,12,1,21,13008KT,18,07
2015-12-01 22:00:00.000,2015,12,1,22,08009KT,17,08
2015-12-01 23:00:00.000,2015,12,1,23,11005KT,15,07
2015-12-02 00:00:00.000,2015,12,2,0,11004KT,15,08
2015-12-02 01:00:00.000,2015,12,2,1,12008KT,15,08
2015-12-02 02:00:00.000,2015,12,2,2,07008KT,14,09
2015-12-02 03:00:00.000,2015,12,2,3,11008KT,14,09
2015-12-02 04:00:00.000,2015,12,2,4,10008KT,14,09
2015-12-02 05:00:00.000,2015,12,2,5,11007KT,14,09
2015-12-02 06:00:00.000,2015,12,2,6,12010KT,14,09
2015-12-02 07:00:00.000,2015,12,2,7,09006KT,13,08
2015-12-02 08:00:00.000,2015,12,2,8,11005KT,13,08
2015-12-02 09:00:00.000,2015,12,2,9,09008KT,13,08
2015-12-02 10:00:00.000,2015,12,2,10,05006KT,11,07
2015-12-02 10:30:00.000,2015,12,2,10,06006KT,11,07
2015-12-02 11:00:00.000,2015,12,2,11,04006KT,11,07
2015-12-02 12:00:00.000,2015,12,2,12,10008KT,14,09
2015-12-02 13:00:00.000,2015,12,2,13,11007KT,15,09
2015-12-02 14:00:00.000,2015,12,2,14,12015KT,16,09
2015-12-02 15:00:00.000,2015,12,2,15,13013KT,16,07
2015-12-02 16:00:00.000,2015,12,2,16,13016KT,17,07
2015-12-02 17:00:00.000,2015,12,2,17,15014KT,18,06
2015-12-02 18:00:00.000,2015,12,2,18,16014KT,17,06
2015-12-02 19:00:00.000,2015,12,2,19,17010KT,18,07
2015-12-02 20:00:00.000,2015,12,2,20,15008KT,18,06
2015-12-02 21:00:00.000,2015,12,2,21,15009KT,19,06
2015-12-02 22:00:00.000,2015,12,2,22,16012KT,17,05
2015-12-02 23:00:00.000,2015,12,2,23,12007KT,16,06
2015-12-03 00:00:00.000,2015,12,3,0,07004KT,15,01
2015-12-03 01:00:00.000,2015,12,3,1,14004KT,13,07
2015-12-03 02:00:00.000,2015,12,3,2,VRB02KT,13,08
2015-12-03 03:00:00.000,2015,12,3,3,VRB02KT,13,08
2015-12-03 04:00:00.000,2015,12,3,4,04004KT,10,07
2015-12-03 05:00:00.000,2015,12,3,5,VRB02KT,11,07
2015-12-03 06:00:00.000,2015,12,3,6,04004KT,11,08
2015-12-03 07:00:00.000,2015,12,3,7,VRB02KT,11,09
2015-12-03 08:00:00.000,2015,12,3,8,VRB02KT,11,09
2015-12-03 09:00:00.000,2015,12,3,9,VRB02KT,10,09
2015-12-03 10:00:00.000,2015,12,3,10,VRB02KT,10,09
2015-12-03 10:27:00.000,2015,12,3,10,VRB02KT,10,09
2015-12-03 11:00:00.000,2015,12,3,11,VRB02KT,10,09
2015-12-03 12:00:00.000,2015,12,3,12,33003KT,11,10
2015-12-03 13:00:00.000,2015,12,3,13,03003KT,13,10
2015-12-03 14:00:00.000,2015,12,3,14,03003KT,14,10
2015-12-03 15:00:00.000,2015,12,3,15,VRB02KT,16,10
2015-12-03 16:00:00.000,2015,12,3,16,04006KT,17,10
2015-12-03 17:00:00.000,2015,12,3,17,05009KT,19,10
2015-12-03 18:00:00.000,2015,12,3,18,26013KT,17,10
2015-12-03 18:13:00.000,2015,12,3,18,26013KT,17,10
2015-12-03 19:00:00.000,2015,12,3,19,28008KT,17,10
2015-12-03 20:00:00.000,2015,12,3,20,23008KT,17,10
2015-12-03 21:00:00.000,2015,12,3,21,24008KT,17,10
2015-12-03 22:00:00.000,2015,12,3,22,VRB02KT,16,11
2015-12-03 23:00:00.000,2015,12,3,23,VRB02KT,15,11
2015-12-04 00:00:00.000,2015,12,4,0,03003KT,15,10
2015-12-04 01:00:00.000,2015,12,4,1,07004KT,15,10
2015-12-04 02:00:00.000,2015,12,4,2,18004KT,15,09
2015-12-04 03:00:00.000,2015,12,4,3,03005KT,14,11
2015-12-04 04:00:00.000,2015,12,4,4,03003KT,13,11
2015-12-04 05:00:00.000,2015,12,4,5,36003KT,13,11
2015-12-04 06:00:00.000,2015,12,4,6,05006KT,13,11
2015-12-04 07:00:00.000,2015,12,4,7,01003KT,12,11
2015-12-04 08:00:00.000,2015,12,4,8,VRB02KT,12,11
2015-12-04 09:00:00.000,2015,12,4,9,33003KT,12,11
2015-12-04 10:00:00.000,2015,12,4,10,03004KT,12,11
2015-12-04 10:30:00.000,2015,12,4,10,VRB02KT,12,11
2015-12-04 11:00:00.000,2015,12,4,11,VRB02KT,12,11
2015-12-04 12:00:00.000,2015,12,4,12,03005KT,13,11
2015-12-04 12:30:00.000,2015,12,4,12,02004KT,13,11
2015-12-04 13:00:00.000,2015,12,4,13,02005KT,13,11
2015-12-04 14:00:00.000,2015,12,4,14,11006KT,15,11
2015-12-04 15:00:00.000,2015,12,4,15,16011KT,16,10
2015-12-04 16:00:00.000,2015,12,4,16,15011KT,17,10
2015-12-04 17:00:00.000,2015,12,4,17,15015KT,18,10
2015-12-04 18:00:00.000,2015,12,4,18,14014KT,17,08
2015-12-04 19:00:00.000,2015,12,4,19,11007KT,18,08
2015-12-04 20:00:00.000,2015,12,4,20,17007KT,17,07
2015-12-04 21:00:00.000,2015,12,4,21,11007KT,17,07
2015-12-04 22:00:00.000,2015,12,4,22,VRB02KT,17,08
2015-12-04 23:00:00.000,2015,12,4,23,14008KT,16,08
2015-12-05 00:00:00.000,2015,12,5,0,VRB02KT,14,08
2015-12-05 01:00:00.000,2015,12,5,1,VRB02KT,14,09
2015-12-05 02:00:00.000,2015,12,5,2,25004KT,12,09
2015-12-05 03:00:00.000,2015,12,5,3,VRB02KT,11,09
2015-12-05 04:00:00.000,2015,12,5,4,VRB02KT,11,07
2015-12-05 05:00:00.000,2015,12,5,5,VRB02KT,09,08
2015-12-05 06:00:00.000,2015,12,5,6,05007KT,09,08
2015-12-05 07:00:00.000,2015,12,5,7,VRB02KT,10,09
2015-12-05 08:00:00.000,2015,12,5,8,VRB02KT,09,08
2015-12-05 09:00:00.000,2015,12,5,9,VRB02KT,08,07
2015-12-05 10:00:00.000,2015,12,5,10,VRB02KT,06,05
2015-12-05 10:30:00.000,2015,12,5,10,VRB02KT,06,06
2015-12-05 11:00:00.000,2015,12,5,11,VRB02KT,07,06
2015-12-05 11:25:00.000,2015,12,5,11,VRB02KT,09,08
2015-12-05 12:00:00.000,2015,12,5,12,VRB02KT,10,09
2015-12-05 12:25:00.000,2015,12,5,12,04005KT,12,10
2015-12-05 13:00:00.000,2015,12,5,13,04005KT,13,09
2015-12-05 13:16:00.000,2015,12,5,13,04007KT,15,09
2015-12-05 14:00:00.000,2015,12,5,14,05007KT,16,09
2015-12-05 15:00:00.000,2015,12,5,15,05012KT,17,09
2015-12-05 16:00:00.000,2015,12,5,16,04008KT,17,09
2015-12-05 17:00:00.000,2015,12,5,17,05005KT,18,08
2015-12-05 18:00:00.000,2015,12,5,18,12005KT,18,09
2015-12-05 18:37:00.000,2015,12,5,18,14010KT,20,08
2015-12-05 19:00:00.000,2015,12,5,19,13005KT,19,08
2015-12-05 20:00:00.000,2015,12,5,20,13006KT,19,08
2015-12-05 21:00:00.000,2015,12,5,21,14010KT,19,07
2015-12-05 22:00:00.000,2015,12,5,22,14012KT,19,07
2015-12-05 23:00:00.000,2015,12,5,23,13011KT,16,07
2015-12-06 00:00:00.000,2015,12,6,0,08004KT,15,08
2015-12-06 01:00:00.000,2015,12,6,1,36003KT,12,09
2015-12-06 02:00:00.000,2015,12,6,2,05006KT,11,08
2015-12-06 03:00:00.000,2015,12,6,3,VRB02KT,11,09
2015-12-06 04:00:00.000,2015,12,6,4,VRB02KT,10,07
2015-12-06 05:00:00.000,2015,12,6,5,03003KT,09,07
2015-12-06 06:00:00.000,2015,12,6,6,VRB02KT,09,08
2015-12-06 07:00:00.000,2015,12,6,7,35003KT,09,08
2015-12-06 09:00:00.000,2015,12,6,9,04003KT,07,06
2015-12-06 10:00:00.000,2015,12,6,10,000000KT,07,07
2015-12-06 10:30:00.000,2015,12,6,10,00000KT,04,04
2015-12-06 11:00:00.000,2015,12,6,11,00000KT,06,05
2015-12-06 11:25:00.000,2015,12,6,11,07004KT,05,05
2015-12-06 12:00:00.000,2015,12,6,12,02004KT,10,09
2015-12-06 12:44:00.000,2015,12,6,12,06004KT,11,10
2015-12-06 13:00:00.000,2015,12,6,13,08006KT,14,09
2015-12-06 14:00:00.000,2015,12,6,14,05006KT,16,08
2015-12-06 15:00:00.000,2015,12,6,15,100008KT,17,05
2015-12-06 16:00:00.000,2015,12,6,16,10012KT,18,07
2015-12-06 17:00:00.000,2015,12,6,17,12012KT,20,06
2015-12-06 18:00:00.000,2015,12,6,18,12012KT,19,06
2015-12-06 19:00:00.000,2015,12,6,19,11005KT,19,06
2015-12-06 20:00:00.000,2015,12,6,20,19012KT,19,07
2015-12-06 21:00:00.000,2015,12,6,21,16012KT,19,06
2015-12-06 22:00:00.000,2015,12,6,22,16006KT,18,06
2015-12-06 23:00:00.000,2015,12,6,23,08005KT,16,08
2015-12-07 00:00:00.000,2015,12,7,0,VRB02KT,14,08
2015-12-07 01:00:00.000,2015,12,7,1,03004KT,12,08
2015-12-07 02:00:00.000,2015,12,7,2,06004KT,11,08
2015-12-07 03:00:00.000,2015,12,7,3,VRB02KT,11,08
2015-12-07 04:00:00.000,2015,12,7,4,VRB02KT,11,08
2015-12-07 05:00:00.000,2015,12,7,5,06004KT,09,07
2015-12-07 06:00:00.000,2015,12,7,6,VRB02KT,09,07
2015-12-07 07:00:00.000,2015,12,7,7,VRB02KT,08,07
2015-12-07 08:00:00.000,2015,12,7,8,VRB02KT,08,07
2015-12-07 09:00:00.000,2015,12,7,9,VRB02KT,06,05
2015-12-07 10:00:00.000,2015,12,7,10,VRB02KT,07,07
2015-12-07 10:30:00.000,2015,12,7,10,VRB02KT,04,04
2015-12-07 11:00:00.000,2015,12,7,11,VRB02KT,06,05
2015-12-07 12:00:00.000,2015,12,7,12,06009KT,10,09
2015-12-07 12:18:00.000,2015,12,7,12,06009KT,10,09
2015-12-07 13:00:00.000,2015,12,7,13,05009KT,14,08
2015-12-07 13:20:00.000,2015,12,7,13,05009KT,14,08
2015-12-07 14:00:00.000,2015,12,7,14,06007KT,16,08
2015-12-07 15:00:00.000,2015,12,7,15,04006KT,17,07
2015-12-07 15:30:00.000,2015,12,7,15,13006KT,19,05
2015-12-07 16:00:00.000,2015,12,7,16,15007KT,20,05
2015-12-07 17:00:00.000,2015,12,7,17,16010KT,21,06
2015-12-07 18:00:00.000,2015,12,7,18,16010KT,21,06
2015-12-07 19:00:00.000,2015,12,7,19,15012KT,19,06
2015-12-07 20:00:00.000,2015,12,7,20,16014KT,20,06
2015-12-07 21:00:00.000,2015,12,7,21,14010KT,19,07
2015-12-07 22:00:00.000,2015,12,7,22,14006KT,18,07
2015-12-07 23:00:00.000,2015,12,7,23,VRB02KT,16,08
2015-12-08 00:00:00.000,2015,12,8,0,01003KT,14,08
2015-12-08 01:00:00.000,2015,12,8,1,02004KT,14,08
2015-12-08 02:00:00.000,2015,12,8,2,04006KT,12,08
2015-12-08 03:00:00.000,2015,12,8,3,05004KT,11,08
2015-12-08 04:00:00.000,2015,12,8,4,VRB02KT,12,08
2015-12-08 05:00:00.000,2015,12,8,5,VRB02KT,09,07
2015-12-08 06:00:00.000,2015,12,8,6,VRB02KT,09,08
2015-12-08 07:00:00.000,2015,12,8,7,VRB02KT,06,05
2015-12-08 08:00:00.000,2015,12,8,8,04004KT,08,07
2015-12-08 09:00:00.000,2015,12,8,9,03004KT,08,07
2015-12-08 10:00:00.000,2015,12,8,10,06005KT,08,07
2015-12-08 10:26:00.000,2015,12,8,10,06005KT,08,07
2015-12-08 11:00:00.000,2015,12,8,11,VRB02KT,06,06
2015-12-08 12:00:00.000,2015,12,8,12,05006KT,10,08
2015-12-08 12:25:00.000,2015,12,8,12,05010KT,12,09
2015-12-08 13:00:00.000,2015,12,8,13,06010KT,13,08
2015-12-08 13:38:00.000,2015,12,8,13,07008KT,15,08
2015-12-08 14:00:00.000,2015,12,8,14,08006KT,18,08
2015-12-08 15:00:00.000,2015,12,8,15,07005KT,18,08
2015-12-08 16:00:00.000,2015,12,8,16,11012KT,17,07
2015-12-08 17:00:00.000,2015,12,8,17,14007KT,19,07
2015-12-08 18:00:00.000,2015,12,8,18,15006KT,17,07
2015-12-08 19:00:00.000,2015,12,8,19,08007KT,18,07
2015-12-08 20:00:00.000,2015,12,8,20,15010KT,17,08
2015-12-08 21:00:00.000,2015,12,8,21,14003KT,18,06
2015-12-08 22:00:00.000,2015,12,8,22,09008KT,18,07
2015-12-08 23:00:00.000,2015,12,8,23,10004KT,16,07
2015-12-09 00:00:00.000,2015,12,9,0,VRB02KT,12,08
2015-12-09 01:00:00.000,2015,12,9,1,VRB02KT,12,08
2015-12-09 02:00:00.000,2015,12,9,2,17008KT,14,08
2015-12-09 03:00:00.000,2015,12,9,3,02004KT,10,08
2015-12-09 04:00:00.000,2015,12,9,4,05004KT,09,07
2015-12-09 05:00:00.000,2015,12,9,5,VRB02KT,09,07
2015-12-09 06:00:00.000,2015,12,9,6,VRB02KT,09,07
2015-12-09 07:00:00.000,2015,12,9,7,VRB02KT,07,06
2015-12-09 08:00:00.000,2015,12,9,8,VRB02KT,05,04
2015-12-09 09:00:00.000,2015,12,9,9,VRB02KT,07,06
2015-12-09 10:00:00.000,2015,12,9,10,03004KT,03,02
2015-12-09 10:30:00.000,2015,12,9,10,04003KT,06,06
2015-12-09 11:00:00.000,2015,12,9,11,VRB02KT,06,06
2015-12-09 12:00:00.000,2015,12,9,12,VRB02KT,07,06
2015-12-09 12:30:00.000,2015,12,9,12,VRB02KT,10,08
2015-12-09 13:00:00.000,2015,12,9,13,05006KT,13,08
2015-12-09 13:31:00.000,2015,12,9,13,09006KT,15,09
2015-12-09 14:00:00.000,2015,12,9,14,14006KT,16,08
2015-12-09 15:00:00.000,2015,12,9,15,14010KT,18,07
2015-12-09 16:00:00.000,2015,12,9,16,13010KT,18,07
2015-12-09 17:00:00.000,2015,12,9,17,15008KT,19,08
2015-12-09 18:00:00.000,2015,12,9,18,14010KT,19,07
2015-12-09 19:00:00.000,2015,12,9,19,11008KT,20,07
2015-12-09 20:00:00.000,2015,12,9,20,14012KT,19,06
2015-12-09 21:00:00.000,2015,12,9,21,11006KT,19,07
2015-12-09 22:00:00.000,2015,12,9,22,07008KT,17,08
2015-12-09 23:00:00.000,2015,12,9,23,05006KT,14,08
2015-12-10 00:00:00.000,2015,12,10,0,05006KT,14,07
2015-12-10 01:00:00.000,2015,12,10,1,04006KT,13,08
2015-12-10 02:00:00.000,2015,12,10,2,VRB02KT,12,08
2015-12-10 03:00:00.000,2015,12,10,3,VRB02KT,13,07
2015-12-10 04:00:00.000,2015,12,10,4,05007KT,11,08
2015-12-10 05:00:00.000,2015,12,10,5,06006KT,10,08
2015-12-10 06:00:00.000,2015,12,10,6,VRB02KT,10,08
2015-12-10 07:00:00.000,2015,12,10,7,04005KT,08,06
2015-12-10 08:00:00.000,2015,12,10,8,05004KT,09,07
2015-12-10 09:00:00.000,2015,12,10,9,VRB02KT,10,08
2015-12-10 10:00:00.000,2015,12,10,10,VRB02KT,10,08
2015-12-10 10:30:00.000,2015,12,10,10,VRB02KT,10,08
2015-12-10 11:00:00.000,2015,12,10,11,03004KT,09,08
2015-12-10 12:00:00.000,2015,12,10,12,06008KT,12,10
2015-12-10 13:00:00.000,2015,12,10,13,06006KT,14,10
2015-12-10 13:30:00.000,2015,12,10,13,14008KT,16,07
2015-12-10 14:00:00.000,2015,12,10,14,13008KT,16,08
2015-12-10 15:00:00.000,2015,12,10,15,12008KT,18,07
2015-12-10 16:00:00.000,2015,12,10,16,12010KT,18,07
2015-12-10 17:00:00.000,2015,12,10,17,15008KT,19,07
2015-12-10 18:00:00.000,2015,12,10,18,17004KT,19,08
2015-12-10 18:30:00.000,2015,12,10,18,17007KT,21,07
2015-12-10 19:00:00.000,2015,12,10,19,11009KT,19,07
2015-12-10 20:00:00.000,2015,12,10,20,16010KT,19,07
2015-12-10 21:00:00.000,2015,12,10,21,15012KT,19,08
2015-12-10 22:00:00.000,2015,12,10,22,14014KT,18,07
2015-12-10 23:00:00.000,2015,12,10,23,14012KT,16,08
2015-12-11 00:00:00.000,2015,12,11,0,13011KT,14,08
2015-12-11 01:00:00.000,2015,12,11,1,13007KT,14,07
2015-12-11 02:00:00.000,2015,12,11,2,12006KT,14,07
2015-12-11 03:00:00.000,2015,12,11,3,13005KT,13,07
2015-12-11 04:00:00.000,2015,12,11,4,36003KT,11,07
2015-12-11 05:00:00.000,2015,12,11,5,VRB02KT,11,08
2015-12-11 06:00:00.000,2015,12,11,6,04003KT,09,08
2015-12-11 07:00:00.000,2015,12,11,7,05004KT,08,07
2015-12-11 08:00:00.000,2015,12,11,8,VRB02KT,09,09
2015-12-11 09:00:00.000,2015,12,11,9,VRB02KT,07,06
2015-12-11 10:00:00.000,2015,12,11,10,03004KT,06,06
2015-12-11 10:30:00.000,2015,12,11,10,02003KT,07,06
2015-12-11 11:00:00.000,2015,12,11,11,VRB02KT,06,06
2015-12-11 12:00:00.000,2015,12,11,12,VRB02KT,09,08
2015-12-11 12:26:00.000,2015,12,11,12,14007KT,13,09
2015-12-11 13:00:00.000,2015,12,11,13,11010KT,15,08
2015-12-11 14:00:00.000,2015,12,11,14,12010KT,16,07
2015-12-11 15:00:00.000,2015,12,11,15,14010KT,18,06
2015-12-11 16:00:00.000,2015,12,11,16,12010KT,18,06
2015-12-11 17:00:00.000,2015,12,11,17,15012KT,20,06
2015-12-11 18:00:00.000,2015,12,11,18,19009KT,19,05
2015-12-11 19:00:00.000,2015,12,11,19,17017KT,20,03
2015-12-11 20:00:00.000,2015,12,11,20,19013KT,20,03
2015-12-11 21:00:00.000,2015,12,11,21,19008KT,19,03
2015-12-11 22:00:00.000,2015,12,11,22,16009KT,18,03
2015-12-11 23:00:00.000,2015,12,11,23,15008KT,15,03
2015-12-12 00:00:00.000,2015,12,12,0,14010KT,14,05
2015-12-12 01:00:00.000,2015,12,12,1,13009KT,13,05
2015-12-12 02:00:00.000,2015,12,12,2,02005KT,12,06
2015-12-12 03:00:00.000,2015,12,12,3,31003KT,11,07
2015-12-12 04:00:00.000,2015,12,12,4,04004KT,11,06
2015-12-12 05:00:00.000,2015,12,12,5,06004KT,10,06
2015-12-12 06:00:00.000,2015,12,12,6,VRB02KT,07,05
2015-12-12 07:00:00.000,2015,12,12,7,03003KT,07,05
2015-12-12 08:00:00.000,2015,12,12,8,05004KT,07,06
2015-12-12 09:00:00.000,2015,12,12,9,060004KT,06,04
2015-12-12 10:00:00.000,2015,12,12,10,05003KT,05,04
2015-12-12 11:00:00.000,2015,12,12,11,08004KT,06,05
2015-12-12 11:30:00.000,2015,12,12,11,VRB02KT,08,06
2015-12-12 12:00:00.000,2015,12,12,12,04005KT,09,06
2015-12-12 12:30:00.000,2015,12,12,12,04007KT,11,07
2015-12-12 13:00:00.000,2015,12,12,13,05009KT,13,06
2015-12-12 13:29:00.000,2015,12,12,13,05010KT,15,06
2015-12-12 14:00:00.000,2015,12,12,14,05009KT,16,06
2015-12-12 14:30:00.000,2015,12,12,14,07009KT,18,05
2015-12-12 15:00:00.000,2015,12,12,15,08009KT,19,06
2015-12-12 16:00:00.000,2015,12,12,16,10010KT,20,06
2015-12-12 17:00:00.000,2015,12,12,17,11009KT,20,06
2015-12-12 18:00:00.000,2015,12,12,18,12012KT,20,07
2015-12-12 19:00:00.000,2015,12,12,19,15009KT,21,07
2015-12-12 20:00:00.000,2015,12,12,20,16007KT,21,06
2015-12-12 21:00:00.000,2015,12,12,21,15010KT,21,05
2015-12-12 22:00:00.000,2015,12,12,22,17008KT,20,05
2015-12-12 23:00:00.000,2015,12,12,23,13006KT,17,05
2015-12-13 00:00:00.000,2015,12,13,0,28004KT,14,10
2015-12-13 01:00:00.000,2015,12,13,1,VRB02KT,12,10
2015-12-13 02:00:00.000,2015,12,13,2,VRB02KT,12,10
2015-12-13 03:00:00.000,2015,12,13,3,06003KT,12,07
2015-12-13 04:00:00.000,2015,12,13,4,02004KT,12,07
2015-12-13 05:00:00.000,2015,12,13,5,VRB02KT,09,07
2015-12-13 06:00:00.000,2015,12,13,6,VRB02KT,09,07
2015-12-13 07:00:00.000,2015,12,13,7,02003KT,07,05
2015-12-13 08:00:00.000,2015,12,13,8,VRB02KT,08,07
2015-12-13 09:00:00.000,2015,12,13,9,05005KT,08,07
2015-12-13 10:00:00.000,2015,12,13,10,03006KT,09,08
2015-12-13 10:30:00.000,2015,12,13,10,06010KT,09,07
2015-12-13 11:00:00.000,2015,12,13,11,07010G20KT,09,07
2015-12-13 12:00:00.000,2015,12,13,12,04006KT,11,08
2015-12-13 12:15:00.000,2015,12,13,12,04006KT,11,08
2015-12-13 13:00:00.000,2015,12,13,13,03006KT,13,09
2015-12-13 13:30:00.000,2015,12,13,13,05006KT,16,09
2015-12-13 14:00:00.000,2015,12,13,14,07006KT,17,08
2015-12-13 15:00:00.000,2015,12,13,15,11006KT,17,07
2015-12-13 16:00:00.000,2015,12,13,16,15012KT,19,07
2015-12-13 17:00:00.000,2015,12,13,17,14010KT,20,09
2015-12-13 18:00:00.000,2015,12,13,18,16012KT,21,06
2015-12-13 19:00:00.000,2015,12,13,19,16014KT,20,07
2015-12-13 20:00:00.000,2015,12,13,20,18011KT,19,06
2015-12-13 21:00:00.000,2015,12,13,21,25005KT,18,09
2015-12-13 22:00:00.000,2015,12,13,22,27009KT,17,08
2015-12-13 23:00:00.000,2015,12,13,23,22003KT,16,06
2015-12-14 00:00:00.000,2015,12,14,0,VRB02KT,16,07
2015-12-14 01:00:00.000,2015,12,14,1,VRB02KT,13,09
2015-12-14 02:00:00.000,2015,12,14,2,03006KT,13,08
2015-12-14 03:00:00.000,2015,12,14,3,VRB02KT,12,08
2015-12-14 04:00:00.000,2015,12,14,4,VRB02KT,10,07
2015-12-14 05:00:00.000,2015,12,14,5,VRB02KT,09,07
2015-12-14 06:00:00.000,2015,12,14,6,VRB02KT,08,07
2015-12-14 07:00:00.000,2015,12,14,7,VRB02KT,10,08
2015-12-14 08:00:00.000,2015,12,14,8,VRB02KT,09,08
2015-12-14 09:00:00.000,2015,12,14,9,VRB02KT,08,07
2015-12-14 10:00:00.000,2015,12,14,10,VRB02KT,09,08
2015-12-14 10:28:00.000,2015,12,14,10,VRB02KT,10,08
2015-12-14 11:00:00.000,2015,12,14,11,05006KT,10,08
2015-12-14 12:00:00.000,2015,12,14,12,03004KT,11,09
2015-12-14 13:00:00.000,2015,12,14,13,06007KT,13,10
2015-12-14 13:27:00.000,2015,12,14,13,05011KT,15,10
2015-12-14 14:00:00.000,2015,12,14,14,07006KT,18,09
2015-12-14 15:00:00.000,2015,12,14,15,13008KT,17,08
2015-12-14 16:00:00.000,2015,12,14,16,13006KT,18,07
2015-12-14 17:00:00.000,2015,12,14,17,10004KT,18,08
2015-12-14 18:00:00.000,2015,12,14,18,10004KT,18,08
2015-12-14 19:00:00.000,2015,12,14,19,07010KT,18,08
2015-12-14 20:00:00.000,2015,12,14,20,07006KT,19,07
2015-12-14 21:00:00.000,2015,12,14,21,12010KT,18,08
2015-12-14 22:00:00.000,2015,12,14,22,10010KT,18,09
2015-12-14 23:00:00.000,2015,12,14,23,12006KT,17,09
2015-12-15 00:00:00.000,2015,12,15,0,25005KT,14,11
2015-12-15 01:00:00.000,2015,12,15,1,VRB02KT,12,10
2015-12-15 02:00:00.000,2015,12,15,2,VRB02KT,12,10
2015-12-15 03:00:00.000,2015,12,15,3,04003KT,12,11
2015-12-15 04:00:00.000,2015,12,15,4,04006KT,11,09
2015-12-15 05:00:00.000,2015,12,15,5,VRB02KT,11,09
2015-12-15 06:00:00.000,2015,12,15,6,33004KT,10,08
2015-12-15 07:00:00.000,2015,12,15,7,VRB02KT,11,09
2015-12-15 08:00:00.000,2015,12,15,8,08003KT,10,09
2015-12-15 09:00:00.000,2015,12,15,9,35005KT,09,08
2015-12-15 10:00:00.000,2015,12,15,10,25003KT,10,09
2015-12-15 10:30:00.000,2015,12,15,10,VRB02KT,09,08
2015-12-15 11:00:00.000,2015,12,15,11,VRB02KT,10,08
2015-12-15 12:00:00.000,2015,12,15,12,08004KT,10,09
2015-12-15 13:00:00.000,2015,12,15,13,04008KT,13,10
2015-12-15 14:00:00.000,2015,12,15,14,05005KT,15,09
2015-12-15 15:00:00.000,2015,12,15,15,02004KT,17,09
2015-12-15 16:00:00.000,2015,12,15,16,06004KT,18,09
2015-12-15 17:00:00.000,2015,12,15,17,10010KT,20,07
2015-12-15 18:00:00.000,2015,12,15,18,13008KT,20,07
2015-12-15 19:00:00.000,2015,12,15,19,18009KT,20,07
2015-12-15 20:00:00.000,2015,12,15,20,14005KT,19,07
2015-12-15 21:00:00.000,2015,12,15,21,26008KT,17,11
2015-12-15 22:00:00.000,2015,12,15,22,25006KT,17,11
2015-12-15 23:00:00.000,2015,12,15,23,25003KT,16,11
2015-12-16 00:00:00.000,2015,12,16,0,23004KT,15,11
2015-12-16 01:00:00.000,2015,12,16,1,VRB02KT,13,11
2015-12-16 02:00:00.000,2015,12,16,2,VRB02KT,14,11
2015-12-16 03:00:00.000,2015,12,16,3,13006KT,15,09
2015-12-16 04:00:00.000,2015,12,16,4,16004KT,15,08
2015-12-16 05:00:00.000,2015,12,16,5,VRB02KT,13,09
2015-12-16 06:00:00.000,2015,12,16,6,03005KT,11,09
2015-12-16 07:00:00.000,2015,12,16,7,04004KT,10,08
2015-12-16 08:00:00.000,2015,12,16,8,VRB02KT,09,07
2015-12-16 09:00:00.000,2015,12,16,9,VRB02KT,09,08
2015-12-16 10:00:00.000,2015,12,16,10,VRB02KT,10,08
2015-12-16 10:30:00.000,2015,12,16,10,VRB02KT,09,08
2015-12-16 11:00:00.000,2015,12,16,11,04004KT,10,09
2015-12-16 12:00:00.000,2015,12,16,12,04005KT,12,09
2015-12-16 13:00:00.000,2015,12,16,13,05006KT,14,10
2015-12-16 14:00:00.000,2015,12,16,14,07007KT,16,09
2015-12-16 15:00:00.000,2015,12,16,15,08006KT,16,09
2015-12-16 16:00:00.000,2015,12,16,16,15012KT,19,08
2015-12-16 17:00:00.000,2015,12,16,17,13011KT,18,07
2015-12-16 18:00:00.000,2015,12,16,18,13010KT,19,08
2015-12-16 19:00:00.000,2015,12,16,19,13009KT,18,08
2015-12-16 20:00:00.000,2015,12,16,20,13006KT,18,08
2015-12-16 21:00:00.000,2015,12,16,21,07004KT,18,08
2015-12-16 22:00:00.000,2015,12,16,22,12005KT,18,08
2015-12-16 23:00:00.000,2015,12,16,23,08006KT,17,08
2015-12-17 00:00:00.000,2015,12,17,0,04005KT,15,09
2015-12-17 01:00:00.000,2015,12,17,1,15004KT,15,09
2015-12-17 02:00:00.000,2015,12,17,2,02003KT,13,09
2015-12-17 03:00:00.000,2015,12,17,3,04005KT,11,08
2015-12-17 04:00:00.000,2015,12,17,4,VRB02KT,11,09
2015-12-17 05:00:00.000,2015,12,17,5,02004KT,09,07
2015-12-17 06:00:00.000,2015,12,17,6,05004KT,10,08
2015-12-17 07:00:00.000,2015,12,17,7,06003KT,10,08
2015-12-17 08:00:00.000,2015,12,17,8,00000KT,10,08
2015-12-17 09:00:00.000,2015,12,17,9,02003KT,10,08
2015-12-17 10:00:00.000,2015,12,17,10,03004KT,09,08
2015-12-17 10:30:00.000,2015,12,17,10,06006KT,10,09
2015-12-17 11:00:00.000,2015,12,17,11,04004KT,10,08
2015-12-17 11:35:00.000,2015,12,17,11,05007KT,12,09
2015-12-17 12:00:00.000,2015,12,17,12,04007KT,12,09
2015-12-17 12:30:00.000,2015,12,17,12,09006KT,14,09
2015-12-17 13:00:00.000,2015,12,17,13,10006KT,15,09
2015-12-17 14:00:00.000,2015,12,17,14,12007KT,17,08
2015-12-17 15:00:00.000,2015,12,17,15,12008KT,18,09
2015-12-17 16:00:00.000,2015,12,17,16,12007KT,17,08
2015-12-17 17:00:00.000,2015,12,17,17,12006KT,18,08
2015-12-17 18:00:00.000,2015,12,17,18,12007KT,18,08
2015-12-17 19:00:00.000,2015,12,17,19,09008KT,18,08
2015-12-17 20:00:00.000,2015,12,17,20,09007KT,18,09
2015-12-17 21:00:00.000,2015,12,17,21,10006KT,17,09
2015-12-17 22:00:00.000,2015,12,17,22,13005KT,17,09
2015-12-17 23:00:00.000,2015,12,17,23,09006KT,15,08
2015-12-18 00:00:00.000,2015,12,18,0,07006KT,15,08
2015-12-18 01:00:00.000,2015,12,18,1,12004KT,14,07
2015-12-18 02:00:00.000,2015,12,18,2,04004KT,13,09
2015-12-18 03:00:00.000,2015,12,18,3,05005KT,11,09
2015-12-18 04:00:00.000,2015,12,18,4,04006KT,11,09
2015-12-18 05:00:00.000,2015,12,18,5,04004KT,10,09
2015-12-18 06:00:00.000,2015,12,18,6,06006KT,90,08
2015-12-18 07:00:00.000,2015,12,18,7,VRB02KT,10,09
2015-12-18 08:00:00.000,2015,12,18,8,VRB02KT,08,07
2015-12-18 09:00:00.000,2015,12,18,9,VRB02KT,07,07
2015-12-18 10:00:00.000,2015,12,18,10,VRB02KT,08,07
2015-12-18 10:28:00.000,2015,12,18,10,VRB02KT,09,08
2015-12-18 11:00:00.000,2015,12,18,11,VRB02KT,09,08
2015-12-18 12:00:00.000,2015,12,18,12,06005KT,11,10
2015-12-18 12:30:00.000,2015,12,18,12,06004KT,13,10
2015-12-18 13:00:00.000,2015,12,18,13,06005KT,14,10
2015-12-18 13:35:00.000,2015,12,18,13,08004KT,16,09
2015-12-18 14:00:00.000,2015,12,18,14,05004KT,17,09
2015-12-18 15:00:00.000,2015,12,18,15,06008KT,14,10
2015-12-18 15:10:00.000,2015,12,18,15,05005KT,14,11
2015-12-18 15:40:00.000,2015,12,18,15,VRB02KT,14,10
2015-12-18 16:00:00.000,2015,12,18,16,VRB02KT,14,11
2015-12-18 16:30:00.000,2015,12,18,16,VRB02KT,16,12
2015-12-18 17:00:00.000,2015,12,18,17,05008KT,17,10
2015-12-18 17:30:00.000,2015,12,18,17,05007KT,15,11
2015-12-18 18:00:00.000,2015,12,18,18,09003KT,15,11
2015-12-18 19:00:00.000,2015,12,18,19,10005KT,17,10
2015-12-18 20:00:00.000,2015,12,18,20,08005KT,19,10
2015-12-18 21:00:00.000,2015,12,18,21,10005KT,17,09
2015-12-18 22:00:00.000,2015,12,18,22,12010KT,16,08
2015-12-18 23:00:00.000,2015,12,18,23,13008KT,16,08
2015-12-19 00:00:00.000,2015,12,19,0,12006KT,16,08
2015-12-19 01:00:00.000,2015,12,19,1,07005KT,15,08
2015-12-19 02:00:00.000,2015,12,19,2,04004KT,13,09
2015-12-19 03:00:00.000,2015,12,19,3,07004KT,14,09
2015-12-19 04:00:00.000,2015,12,19,4,05005KT,12,09
2015-12-19 05:00:00.000,2015,12,19,5,11006KT,14,09
2015-12-19 06:00:00.000,2015,12,19,6,02005KT,12,09
2015-12-19 07:00:00.000,2015,12,19,7,04006KT,12,09
2015-12-19 08:00:00.000,2015,12,19,8,06004KT,12,09
2015-12-19 09:00:00.000,2015,12,19,9,03005KT,12,09
2015-12-19 10:00:00.000,2015,12,19,10,05005KT,13,10
2015-12-19 10:30:00.000,2015,12,19,10,06007KT,13,09
2015-12-19 11:00:00.000,2015,12,19,11,05007KT,13,09
2015-12-19 12:00:00.000,2015,12,19,12,05006KT,13,10
2015-12-19 13:00:00.000,2015,12,19,13,02004KT,15,10
2015-12-19 14:00:00.000,2015,12,19,14,11009KT,18,08
2015-12-19 15:00:00.000,2015,12,19,15,14012KT,19,08
2015-12-19 16:00:00.000,2015,12,19,16,13010KT,18,08
2015-12-19 17:00:00.000,2015,12,19,17,13009KT,19,08
2015-12-19 18:00:00.000,2015,12,19,18,14013KT,19,07
2015-12-19 19:00:00.000,2015,12,19,19,13008KT,19,07
2015-12-19 20:00:00.000,2015,12,19,20,17004KT,19,07
2015-12-19 21:00:00.000,2015,12,19,21,12010KT,18,07
2015-12-19 22:00:00.000,2015,12,19,22,08006KT,16,09
2015-12-19 23:00:00.000,2015,12,19,23,10009KT,16,08
2015-12-20 00:00:00.000,2015,12,20,0,07007KT,15,09
2015-12-20 01:00:00.000,2015,12,20,1,11007KT,15,09
2015-12-20 02:00:00.000,2015,12,20,2,05004KT,13,09
2015-12-20 03:00:00.000,2015,12,20,3,09005KT,15,08
2015-12-20 04:00:00.000,2015,12,20,4,08005KT,14,08
2015-12-20 05:00:00.000,2015,12,20,5,05005KT,13,08
2015-12-20 06:00:00.000,2015,12,20,6,11003KT,14,08
2015-12-20 07:00:00.000,2015,12,20,7,10005KT,14,07
2015-12-20 08:00:00.000,2015,12,20,8,05004KT,13,08
2015-12-20 09:00:00.000,2015,12,20,9,06005KT,13,08
2015-12-20 10:00:00.000,2015,12,20,10,09003KT,13,08
2015-12-20 10:30:00.000,2015,12,20,10,05006KT,13,08
2015-12-20 11:00:00.000,2015,12,20,11,04005KT,12,08
2015-12-20 12:00:00.000,2015,12,20,12,13005KT,14,07
2015-12-20 13:00:00.000,2015,12,20,13,13010KT,16,07
2015-12-20 14:00:00.000,2015,12,20,14,12006KT,16,08
2015-12-20 15:00:00.000,2015,12,20,15,14012KT,17,07
2015-12-20 16:00:00.000,2015,12,20,16,14012KT,18,06
2015-12-20 17:00:00.000,2015,12,20,17,14014KT,18,07
2015-12-20 18:00:00.000,2015,12,20,18,13013KT,20,07
2015-12-20 19:00:00.000,2015,12,20,19,13014KT,19,07
2015-12-20 20:00:00.000,2015,12,20,20,14016KT,18,08
2015-12-20 21:00:00.000,2015,12,20,21,15015KT,17,07
2015-12-20 22:00:00.000,2015,12,20,22,13012KT,16,07
2015-12-20 23:00:00.000,2015,12,20,23,14014KT,13,07
2015-12-21 00:00:00.000,2015,12,21,0,14009KT,13,06
2015-12-21 01:00:00.000,2015,12,21,1,05004KT,12,06
2015-12-21 02:00:00.000,2015,12,21,2,08005KT,13,06
2015-12-21 03:00:00.000,2015,12,21,3,04004KT,10,07
2015-12-21 04:00:00.000,2015,12,21,4,05004KT,09,07
2015-12-21 05:00:00.000,2015,12,21,5,03005KT,08,06
2015-12-21 06:00:00.000,2015,12,21,6,03006KT,07,09
2015-12-21 07:00:00.000,2015,12,21,7,VRB02KT,09,08
2015-12-21 08:00:00.000,2015,12,21,8,06005KT,08,06
2015-12-21 09:00:00.000,2015,12,21,9,07007KT,08,07
2015-12-21 10:00:00.000,2015,12,21,10,VRB02KT,08,06
2015-12-21 10:30:00.000,2015,12,21,10,05004KT,08,06
2015-12-21 11:00:00.000,2015,12,21,11,VRB02KT,06,04
2015-12-21 12:00:00.000,2015,12,21,12,04004KT,08,07
2015-12-21 13:00:00.000,2015,12,21,13,05007KT,12,08
2015-12-21 14:00:00.000,2015,12,21,14,11007KT,16,06
2015-12-21 15:00:00.000,2015,12,21,15,11010KT,18,04
2015-12-21 16:00:00.000,2015,12,21,16,10011KT,19,05
2015-12-21 17:00:00.000,2015,12,21,17,11011KT,20,05
2015-12-21 18:00:00.000,2015,12,21,18,12005KT,21,05
2015-12-21 19:00:00.000,2015,12,21,19,13011KT,20,04
2015-12-21 20:00:00.000,2015,12,21,20,12012KT,21,05
2015-12-21 21:00:00.000,2015,12,21,21,14013KT,20,05
2015-12-21 22:00:00.000,2015,12,21,22,12011KT,18,06
2015-12-21 23:00:00.000,2015,12,21,23,09008KT,16,07
2015-12-22 00:00:00.000,2015,12,22,0,12006KT,15,06
2015-12-22 01:00:00.000,2015,12,22,1,07005KT,14,05
2015-12-22 02:00:00.000,2015,12,22,2,08005KT,13,06
2015-12-22 03:00:00.000,2015,12,22,3,09005KT,13,06
2015-12-22 04:00:00.000,2015,12,22,4,04006KT,09,06
2015-12-22 05:00:00.000,2015,12,22,5,05005KT,10,07
2015-12-22 06:00:00.000,2015,12,22,6,04005KT,09,06
2015-12-22 07:00:00.000,2015,12,22,7,04004KT,08,06
2015-12-22 08:00:00.000,2015,12,22,8,06005KT,08,06
2015-12-22 09:00:00.000,2015,12,22,9,05004KT,07,05
2015-12-22 10:00:00.000,2015,12,22,10,05004KT,08,06
2015-12-22 10:30:00.000,2015,12,22,10,05005KT,08,06
2015-12-22 11:00:00.000,2015,12,22,11,03006KT,08,06
2015-12-22 11:35:00.000,2015,12,22,11,05004KT,10,08
2015-12-22 12:00:00.000,2015,12,22,12,09003KT,14,07
2015-12-22 12:15:00.000,2015,12,22,12,09003KT,14,07
2015-12-22 12:40:00.000,2015,12,22,12,13009KT,16,06
2015-12-22 13:00:00.000,2015,12,22,13,12010KT,16,06
2015-12-22 14:00:00.000,2015,12,22,14,08007KT,17,05
2015-12-22 15:00:00.000,2015,12,22,15,14014KT,19,05
2015-12-22 16:00:00.000,2015,12,22,16,15014KT,20,05
2015-12-22 17:00:00.000,2015,12,22,17,11008KT,20,06
2015-12-22 18:00:00.000,2015,12,22,18,12006KT,20,06
2015-12-22 19:00:00.000,2015,12,22,19,11008KT,20,07
2015-12-22 20:00:00.000,2015,12,22,20,12015KT,20,07
2015-12-22 21:00:00.000,2015,12,22,21,14013KT,19,06
2015-12-22 22:00:00.000,2015,12,22,22,09008KT,18,07
2015-12-22 23:00:00.000,2015,12,22,23,12008KT,17,08
2015-12-23 00:00:00.000,2015,12,23,0,08010KT,14,09
2015-12-23 01:00:00.000,2015,12,23,1,10005KT,14,09
2015-12-23 02:00:00.000,2015,12,23,2,09004KT,14,09
2015-12-23 03:00:00.000,2015,12,23,3,06003KT,11,09
2015-12-23 04:00:00.000,2015,12,23,4,03004KT,09,08
2015-12-23 05:00:00.000,2015,12,23,5,03004KT,09,08
2015-12-23 06:00:00.000,2015,12,23,6,03005KT,09,08
2015-12-23 07:00:00.000,2015,12,23,7,05004KT,08,07
2015-12-23 08:00:00.000,2015,12,23,8,05007KT,09,08
2015-12-23 09:00:00.000,2015,12,23,9,04010KT,09,08
2015-12-23 10:00:00.000,2015,12,23,10,05010KT,10,09
2015-12-23 10:30:00.000,2015,12,23,10,06008KT,09,08
2015-12-23 11:00:00.000,2015,12,23,11,04010KT,09,07
2015-12-23 12:00:00.000,2015,12,23,12,06006KT,10,08
2015-12-23 12:25:00.000,2015,12,23,12,05007KT,12,08
2015-12-23 13:00:00.000,2015,12,23,13,06006KT,16,08
2015-12-23 13:17:00.000,2015,12,23,13,06006KT,16,08
2015-12-23 14:00:00.000,2015,12,23,14,04007KT,17,07
2015-12-23 14:36:00.000,2015,12,23,14,14015KT,19,05
2015-12-23 15:00:00.000,2015,12,23,15,15015KT,19,03
2015-12-23 16:00:00.000,2015,12,23,16,15015KT,21,05
2015-12-23 17:00:00.000,2015,12,23,17,16020KT,21,04
2015-12-23 18:00:00.000,2015,12,23,18,11009KT,22,04
2015-12-23 19:00:00.000,2015,12,23,19,14018KT,22,04
2015-12-23 20:00:00.000,2015,12,23,20,15015KT,21,03
2015-12-23 21:00:00.000,2015,12,23,21,12013KT,21,04
2015-12-23 22:00:00.000,2015,12,23,22,13010KT,19,06
2015-12-23 23:00:00.000,2015,12,23,23,13013KT,16,06
2015-12-24 00:00:00.000,2015,12,24,0,13009KT,15,06
2015-12-24 01:00:00.000,2015,12,24,1,08004KT,14,06
2015-12-24 02:00:00.000,2015,12,24,2,33003KT,12,06
2015-12-24 03:00:00.000,2015,12,24,3,05004KT,10,07
2015-12-24 04:00:00.000,2015,12,24,4,03004KT,09,06
2015-12-24 05:00:00.000,2015,12,24,5,05006KT,08,06
2015-12-24 06:00:00.000,2015,12,24,6,03005KT,08,06
2015-12-24 07:00:00.000,2015,12,24,7,05007KT,07,06
2015-12-24 08:00:00.000,2015,12,24,8,05005KT,07,06
2015-12-24 09:00:00.000,2015,12,24,9,05007KT,06,05
2015-12-24 10:00:00.000,2015,12,24,10,05006KT,07,05
2015-12-24 10:30:00.000,2015,12,24,10,05006KT,07,05
2015-12-24 11:00:00.000,2015,12,24,11,06009KT,07,05
2015-12-24 12:00:00.000,2015,12,24,12,04004KT,09,06
2015-12-24 12:24:00.000,2015,12,24,12,05006KT,11,07
2015-12-24 13:00:00.000,2015,12,24,13,06007KT,12,06
2015-12-24 13:31:00.000,2015,12,24,13,06009KT,14,06
2015-12-24 14:00:00.000,2015,12,24,14,05010KT,15,06
2015-12-24 14:33:00.000,2015,12,24,14,11007KT,17,05
2015-12-24 15:00:00.000,2015,12,24,15,12011KT,18,03
2015-12-24 16:00:00.000,2015,12,24,16,13012KT,19,03
2015-12-24 17:00:00.000,2015,12,24,17,10010KT,19,04
2015-12-24 18:00:00.000,2015,12,24,18,15012KT,20,04
2015-12-24 19:00:00.000,2015,12,24,19,09009KT,19,04
2015-12-24 20:00:00.000,2015,12,24,20,13014KT,18,05
2015-12-24 21:00:00.000,2015,12,24,21,13013KT,17,06
2015-12-24 22:00:00.000,2015,12,24,22,15010KT,18,06
2015-12-24 23:00:00.000,2015,12,24,23,12008KT,16,06
2015-12-25 00:00:00.000,2015,12,25,0,09006KT,15,06
2015-12-25 01:00:00.000,2015,12,25,1,05004KT,12,06
2015-12-25 02:00:00.000,2015,12,25,2,VRB02KT,14,06
2015-12-25 03:00:00.000,2015,12,25,3,06006KT,10,06
2015-12-25 04:00:00.000,2015,12,25,4,05005KT,09,06
2015-12-25 05:00:00.000,2015,12,25,5,05006KT,09,06
2015-12-25 06:00:00.000,2015,12,25,6,04008KT,08,06
2015-12-25 07:00:00.000,2015,12,25,7,07004KT,08,06
2015-12-25 08:00:00.000,2015,12,25,8,VRB02KT,09,06
2015-12-25 09:00:00.000,2015,12,25,9,06006KT,07,06
2015-12-25 10:00:00.000,2015,12,25,10,05005KT,08,06
2015-12-25 10:28:00.000,2015,12,25,10,08006KT,07,05
2015-12-25 11:00:00.000,2015,12,25,11,09006KT,06,05
2015-12-25 12:00:00.000,2015,12,25,12,VRB02KT,10,07
2015-12-25 13:00:00.000,2015,12,25,13,06006KT,13,07
2015-12-25 14:00:00.000,2015,12,25,14,09004KT,17,06
2015-12-25 15:00:00.000,2015,12,25,15,12016KT,18,05
2015-12-25 16:00:00.000,2015,12,25,16,11010KT,19,05
2015-12-25 17:00:00.000,2015,12,25,17,12016KT,20,04
2015-12-25 18:00:00.000,2015,12,25,18,13015KT,21,06
2015-12-25 19:00:00.000,2015,12,25,19,12014KT,21,06
2015-12-25 20:00:00.000,2015,12,25,20,12015KT,20,07
2015-12-25 21:00:00.000,2015,12,25,21,14016KT,19,06
2015-12-25 22:00:00.000,2015,12,25,22,13015KT,18,06
2015-12-25 23:00:00.000,2015,12,25,23,12010KT,17,08
2015-12-26 00:00:00.000,2015,12,26,0,14010KT,15,07
2015-12-26 01:00:00.000,2015,12,26,1,12008KT,16,08
2015-12-26 02:00:00.000,2015,12,26,2,10008KT,15,08
2015-12-26 03:00:00.000,2015,12,26,3,04007KT,12,07
2015-12-26 04:00:00.000,2015,12,26,4,05008KT,10,07
2015-12-26 05:00:00.000,2015,12,26,5,05005KT,09,07
2015-12-26 06:00:00.000,2015,12,26,6,06005KT,09,06
2015-12-26 07:00:00.000,2015,12,26,7,08006KT,08,06
2015-12-26 08:00:00.000,2015,12,26,8,07005KT,07,06
2015-12-26 09:00:00.000,2015,12,26,9,06006KT,08,06
2015-12-26 10:00:00.000,2015,12,26,10,08005KT,10,06
2015-12-26 11:00:00.000,2015,12,26,11,09006KT,06,05
2015-12-26 11:45:00.000,2015,12,26,11,08006KT,08,06
2015-12-26 12:00:00.000,2015,12,26,12,07007KT,09,06
2015-12-26 12:25:00.000,2015,12,26,12,06007KT,11,05
2015-12-26 12:40:00.000,2015,12,26,12,08006KT,14,03
2015-12-26 13:00:00.000,2015,12,26,13,08008KT,14,03
2015-12-26 13:20:00.000,2015,12,26,13,09008KT,16,02
2015-12-26 14:00:00.000,2015,12,26,14,12014KT,,
2015-12-26 15:00:00.000,2015,12,26,15,11014KT,,
2015-12-26 16:00:00.000,2015,12,26,16,10010KT,,
2015-12-26 17:00:00.000,2015,12,26,17,10011KT,21,01
2015-12-26 18:00:00.000,2015,12,26,18,15008KT,21,01
2015-12-26 19:00:00.000,2015,12,26,19,14012KT,22,03
2015-12-26 20:00:00.000,2015,12,26,20,15007KT,20,03
2015-12-26 21:00:00.000,2015,12,26,21,14012KT,20,03
2015-12-26 22:00:00.000,2015,12,26,22,17005KT,18,07
2015-12-26 23:00:00.000,2015,12,26,23,09005KT,17,03
2015-12-27 00:00:00.000,2015,12,27,0,09006KT,16,03
2015-12-27 01:00:00.000,2015,12,27,1,VRB02KT,12,04
2015-12-27 02:00:00.000,2015,12,27,2,04007KT,12,02
2015-12-27 03:00:00.000,2015,12,27,3,04006KT,11,03
2015-12-27 04:00:00.000,2015,12,27,4,03005KT,10,04
2015-12-27 05:00:00.000,2015,12,27,5,VRB02KT,09,04
2015-12-27 06:00:00.000,2015,12,27,6,06004KT,08,04
2015-12-27 07:00:00.000,2015,12,27,7,VRB02KT,07,04
2015-12-27 08:00:00.000,2015,12,27,8,VRB02KT,07,04
2015-12-27 09:00:00.000,2015,12,27,9,VRB02KT,04,02
2015-12-27 10:00:00.000,2015,12,27,10,VRB02KT,05,03
2015-12-27 10:30:00.000,2015,12,27,10,VRB02KT,04,02
2015-12-27 11:00:00.000,2015,12,27,11,VRB02KT,03,01
2015-12-27 11:14:00.000,2015,12,27,11,VRB02KT,03,01
2015-12-27 11:30:00.000,2015,12,27,11,06007KT,07,05
2015-12-27 12:00:00.000,2015,12,27,12,05005KT,09,04
2015-12-27 12:24:00.000,2015,12,27,12,06008KT,11,04
2015-12-27 13:00:00.000,2015,12,27,13,06006KT,13,03
2015-12-27 13:24:00.000,2015,12,27,13,05005KT,15,01
2015-12-27 14:00:00.000,2015,12,27,14,06005KT,,
2015-12-27 14:40:00.000,2015,12,27,14,14005KT,,
2015-12-27 15:00:00.000,2015,12,27,15,11007KT,,
2015-12-27 16:00:00.000,2015,12,27,16,11010KT,,
2015-12-27 17:00:00.000,2015,12,27,17,15005KT,21,00
2015-12-27 17:35:00.000,2015,12,27,17,10010KT,23,01
2015-12-27 18:00:00.000,2015,12,27,18,10008KT,23,01
2015-12-27 19:00:00.000,2015,12,27,19,12010KT,22,02
2015-12-27 20:00:00.000,2015,12,27,20,09010KT,22,03
2015-12-27 21:00:00.000,2015,12,27,21,15010KT,21,04
2015-12-27 22:00:00.000,2015,12,27,22,15010KT,20,04
2015-12-27 23:00:00.000,2015,12,27,23,017010KT,17,07
2015-12-28 00:00:00.000,2015,12,28,0,20007KT,16,07
2015-12-28 01:00:00.000,2015,12,28,1,17006KT,15,07
2015-12-28 02:00:00.000,2015,12,28,2,04004KT,12,06
2015-12-28 03:00:00.000,2015,12,28,3,03004KT,10,06
2015-12-28 04:00:00.000,2015,12,28,4,05005KT,10,06
2015-12-28 05:00:00.000,2015,12,28,5,05006KT,08,06
2015-12-28 06:00:00.000,2015,12,28,6,03005KT,08,05
2015-12-28 07:00:00.000,2015,12,28,7,04006KT,08,05
2015-12-28 08:00:00.000,2015,12,28,8,06007KT,19,05
2015-12-28 09:00:00.000,2015,12,28,9,02003KT,09,05
2015-12-28 10:00:00.000,2015,12,28,10,05007KT,09,06
2015-12-28 10:30:00.000,2015,12,28,10,04005KT,09,05
2015-12-28 11:00:00.000,2015,12,28,11,05004KT,09,05
2015-12-28 12:00:00.000,2015,12,28,12,04004KT,10,05
2015-12-28 13:00:00.000,2015,12,28,13,05006KT,12,05
2015-12-28 14:00:00.000,2015,12,28,14,12006KT,14,05
2015-12-28 15:00:00.000,2015,12,28,15,08006KT,19,01
2015-12-28 15:15:00.000,2015,12,28,15,08006KT,19,01
2015-12-28 16:00:00.000,2015,12,28,16,16008KT,,
2015-12-28 17:00:00.000,2015,12,28,17,08010KT,21,02
2015-12-28 18:00:00.000,2015,12,28,18,09007KT,20,04
2015-12-28 19:00:00.000,2015,12,28,19,17009KT,20,05
2015-12-28 20:00:00.000,2015,12,28,20,15012KT,20,04
2015-12-28 21:00:00.000,2015,12,28,21,16010KT,21,04
2015-12-28 22:00:00.000,2015,12,28,22,16011KT,20,05
2015-12-28 23:00:00.000,2015,12,28,23,15007KT,18,06
2015-12-29 00:00:00.000,2015,12,29,0,07006KT,16,07
2015-12-29 01:00:00.000,2015,12,29,1,VRB02KT,14,08
2015-12-29 02:00:00.000,2015,12,29,2,02003KT,13,08
2015-12-29 03:00:00.000,2015,12,29,3,04005KT,12,08
2015-12-29 04:00:00.000,2015,12,29,4,03005KT,12,08
2015-12-29 05:00:00.000,2015,12,29,5,04005KT,11,08
2015-12-29 06:00:00.000,2015,12,29,6,06005KT,10,07
2015-12-29 07:00:00.000,2015,12,29,7,VRB02KT,10,07
2015-12-29 08:00:00.000,2015,12,29,8,VRB02KT,09,06
2015-12-29 09:00:00.000,2015,12,29,9,02003KT,10,08
2015-12-29 10:00:00.000,2015,12,29,10,05006KT,10,08
2015-12-29 10:30:00.000,2015,12,29,10,05006KT,11,08
2015-12-29 11:00:00.000,2015,12,29,11,05007KT,11,08
2015-12-29 12:00:00.000,2015,12,29,12,04005KT,12,08
2015-12-29 13:00:00.000,2015,12,29,13,06008KT,14,08
2015-12-29 14:00:00.000,2015,12,29,14,08008KT,17,09
2015-12-29 15:00:00.000,2015,12,29,15,07007KT,18,07
2015-12-29 16:00:00.000,2015,12,29,16,12012KT,21,06
2015-12-29 17:00:00.000,2015,12,29,17,12014KT,21,06
2015-12-29 18:00:00.000,2015,12,29,18,12011KT,20,06
2015-12-29 19:00:00.000,2015,12,29,19,12012KT,21,07
2015-12-29 20:00:00.000,2015,12,29,20,12015KT,20,06
2015-12-29 21:00:00.000,2015,12,29,21,13012KT,20,06
2015-12-29 22:00:00.000,2015,12,29,22,10010KT,19,05
2015-12-29 23:00:00.000,2015,12,29,23,07009KT,17,07
2015-12-30 00:00:00.000,2015,12,30,0,07007KT,17,08
2015-12-30 01:00:00.000,2015,12,30,1,008005KT,16,08
2015-12-30 02:00:00.000,2015,12,30,2,04007KT,14,08
2015-12-30 03:00:00.000,2015,12,30,3,05004KT,13,08
2015-12-30 04:00:00.000,2015,12,30,4,04006KT,10,07
2015-12-30 05:00:00.000,2015,12,30,5,05006KT,10,08
2015-12-30 06:00:00.000,2015,12,30,6,04004KT,10,08
2015-12-30 07:00:00.000,2015,12,30,7,05005KT,11,09
2015-12-30 08:00:00.000,2015,12,30,8,03005KT,12,09
2015-12-30 09:00:00.000,2015,12,30,9,05004KT,12,09
2015-12-30 10:00:00.000,2015,12,30,10,04006KT,11,08
2015-12-30 10:30:00.000,2015,12,30,10,10004KT,11,09
2015-12-30 11:00:00.000,2015,12,30,11,06005KT,11,09
2015-12-30 12:00:00.000,2015,12,30,12,07006KT,13,09
2015-12-30 13:00:00.000,2015,12,30,13,VRB02KT,15,09
2015-12-30 14:00:00.000,2015,12,30,14,10008KT,17,08
2015-12-30 15:00:00.000,2015,12,30,15,11007KT,18,08
2015-12-30 16:00:00.000,2015,12,30,16,11009KT,18,09
2015-12-30 17:00:00.000,2015,12,30,17,11010KT,18,09
2015-12-30 18:00:00.000,2015,12,30,18,11010KT,18,09
2015-12-30 19:00:00.000,2015,12,30,19,14007KT,21,01
2015-12-30 20:00:00.000,2015,12,30,20,15015KT,21,08
2015-12-30 21:00:00.000,2015,12,30,21,12009KT,20,08
2015-12-30 22:00:00.000,2015,12,30,22,14014KT,19,03
2015-12-30 23:00:00.000,2015,12,30,23,12005KT,17,09
2015-12-31 00:00:00.000,2015,12,31,0,13012KT,17,09
2015-12-31 01:00:00.000,2015,12,31,1,11011KT,16,10
2015-12-31 02:00:00.000,2015,12,31,2,12010KT,16,09
2015-12-31 03:00:00.000,2015,12,31,3,10007KT,16,09
2015-12-31 04:00:00.000,2015,12,31,4,10006KT,15,09
2015-12-31 05:00:00.000,2015,12,31,5,VRB02KT,15,09
2015-12-31 06:00:00.000,2015,12,31,6,11008KT,14,09
2015-12-31 07:00:00.000,2015,12,31,7,10008KT,14,09
2015-12-31 08:00:00.000,2015,12,31,8,10005KT,14,09
2015-12-31 09:00:00.000,2015,12,31,9,12004KT,14,09
2015-12-31 10:00:00.000,2015,12,31,10,11004KT,14,09
2015-12-31 10:30:00.000,2015,12,31,10,10004KT,13,09
2015-12-31 11:00:00.000,2015,12,31,11,10004KT,13,09
2015-12-31 12:00:00.000,2015,12,31,12,04005KT,13,10
2015-12-31 13:00:00.000,2015,12,31,13,04007KT,15,10
2015-12-31 14:00:00.000,2015,12,31,14,07009KT,16,09
2015-12-31 15:00:00.000,2015,12,31,15,07009KT,17,09
2015-12-31 15:20:00.000,2015,12,31,15,13013KT,19,08
2015-12-31 16:00:00.000,2015,12,31,16,15016KT,20,08
2015-12-31 17:00:00.000,2015,12,31,17,13014KT,20,08
2015-12-31 18:00:00.000,2015,12,31,18,12012KT,19,08
2015-12-31 19:00:00.000,2015,12,31,19,16010KT,18,09
2015-12-31 20:00:00.000,2015,12,31,20,17011KT,18,08
2015-12-31 21:00:00.000,2015,12,31,21,10007KT,18,09
2015-12-31 22:00:00.000,2015,12,31,22,11008KT,18,09
2015-12-31 23:00:00.000,2015,12,31,23,08007KT,15,09
2016-01-01 00:00:00.000,2016,1,1,0,VRB02KT,14,09
2016-01-01 01:00:00.000,2016,1,1,1,08006KT,14,08
2016-01-01 02:00:00.000,2016,1,1,2,13006KT,15,08
2016-01-01 03:00:00.000,2016,1,1,3,10006KT,13,08
2016-01-01 04:00:00.000,2016,1,1,4,04003KT,12,08
2016-01-01 05:00:00.000,2016,1,1,5,10009KT,13,08
2016-01-01 06:00:00.000,2016,1,1,6,06005KT,12,08
2016-01-01 07:00:00.000,2016,1,1,7,07003KT,12,08
2016-01-01 08:00:00.000,2016,1,1,8,06003KT,12,08
2016-01-01 09:00:00.000,2016,1,1,9,05005KT,09,06
2016-01-01 10:00:00.000,2016,1,1,10,VRB02KT,10,07
2016-01-01 10:30:00.000,2016,1,1,10,05004KT,09,07
2016-01-01 11:00:00.000,2016,1,1,11,06005KT,08,06
2016-01-01 12:00:00.000,2016,1,1,12,06006KT,12,08
2016-01-01 12:40:00.000,2016,1,1,12,05007KT,14,08
2016-01-01 13:00:00.000,2016,1,1,13,07010KT,16,08
2016-01-01 14:00:00.000,2016,1,1,14,11010KT,17,07
2016-01-01 15:00:00.000,2016,1,1,15,09010KT,19,08
2016-01-01 16:00:00.000,2016,1,1,16,11010KT,19,07
2016-01-01 17:00:00.000,2016,1,1,17,16013KT,20,06
2016-01-01 18:00:00.000,2016,1,1,18,18009KT,21,06
2016-01-01 19:00:00.000,2016,1,1,19,15010KT,22,06
2016-01-01 20:00:00.000,2016,1,1,20,12015KT,22,06
2016-01-01 21:00:00.000,2016,1,1,21,15015KT,21,06
2016-01-01 22:00:00.000,2016,1,1,22,15013KT,19,06
2016-01-01 23:00:00.000,2016,1,1,23,17010KT,18,06
2016-01-02 00:00:00.000,2016,1,2,0,21008KT,16,08
2016-01-02 01:00:00.000,2016,1,2,1,20008KT,15,08
2016-01-02 02:00:00.000,2016,1,2,2,17004KT,15,08
2016-01-02 03:00:00.000,2016,1,2,3,08004KT,12,08
2016-01-02 03:20:00.000,2016,1,2,3,08004KT,12,08
2016-01-02 04:00:00.000,2016,1,2,4,03003KT,12,08
2016-01-02 05:00:00.000,2016,1,2,5,04004KT,12,09
2016-01-02 06:00:00.000,2016,1,2,6,VRB02KT,11,08
2016-01-02 07:00:00.000,2016,1,2,7,01003KT,11,09
2016-01-02 08:00:00.000,2016,1,2,8,0305KT,09,05
2016-01-02 09:00:00.000,2016,1,2,9,04005KT,09,06
2016-01-02 10:00:00.000,2016,1,2,10,04003KT,11,09
2016-01-02 10:30:00.000,2016,1,2,10,06004KT,10,08
2016-01-02 11:00:00.000,2016,1,2,11,06006KT,10,08
2016-01-02 12:00:00.000,2016,1,2,12,06003KT,11,09
2016-01-02 12:30:00.000,2016,1,2,12,04006KT,13,09
2016-01-02 13:00:00.000,2016,1,2,13,06003KT,14,09
2016-01-02 14:00:00.000,2016,1,2,14,16008KT,16,07
2016-01-02 15:00:00.000,2016,1,2,15,19009KT,17,07
2016-01-02 16:00:00.000,2016,1,2,16,15009KT,18,07
2016-01-02 17:00:00.000,2016,1,2,17,16012KT,19,08
2016-01-02 18:00:00.000,2016,1,2,18,16012KT,17,11
2016-01-02 18:30:00.000,2016,1,2,18,12008KT,19,08
2016-01-02 18:40:00.000,2016,1,2,18,12008KT,19,08
2016-01-02 19:00:00.000,2016,1,2,19,06012KT,18,11
2016-01-02 19:30:00.000,2016,1,2,19,13008KT,17,11
2016-01-02 20:00:00.000,2016,1,2,20,12006KT,17,11
2016-01-02 21:00:00.000,2016,1,2,21,35006KT,15,13
2016-01-02 22:00:00.000,2016,1,2,22,34006KT,14,12
2016-01-02 22:10:00.000,2016,1,2,22,35006KT,14,12
2016-01-02 23:00:00.000,2016,1,2,23,02004KT,13,11
2016-01-03 00:00:00.000,2016,1,3,0,VRB02KT,13,10
2016-01-03 01:00:00.000,2016,1,3,1,24003KT,14,10
2016-01-03 02:00:00.000,2016,1,3,2,34003KT,11,09
2016-01-03 03:00:00.000,2016,1,3,3,05004KT,11,09
2016-01-03 04:00:00.000,2016,1,3,4,04004KT,10,08
2016-01-03 05:00:00.000,2016,1,3,5,03004KT,09,08
2016-01-03 07:00:00.000,2016,1,3,7,04003KT,09,07
2016-01-03 08:00:00.000,2016,1,3,8,04004KT,08,07
2016-01-03 09:00:00.000,2016,1,3,9,04004KT,08,07
2016-01-03 10:00:00.000,2016,1,3,10,VRB02KT,07,07
2016-01-03 10:30:00.000,2016,1,3,10,05004KT,06,06
2016-01-03 11:00:00.000,2016,1,3,11,06006KT,07,07
2016-01-03 12:00:00.000,2016,1,3,12,06006KT,10,08
2016-01-03 12:30:00.000,2016,1,3,12,06007KT,12,09
2016-01-03 13:00:00.000,2016,1,3,13,05008KT,13,09
2016-01-03 14:00:00.000,2016,1,3,14,03004KT,17,10
2016-01-03 15:00:00.000,2016,1,3,15,06010KT,18,09
2016-01-03 16:00:00.000,2016,1,3,16,13004KT,21,06
2016-01-03 17:00:00.000,2016,1,3,17,24011KT,20,11
2016-01-03 18:00:00.000,2016,1,3,18,24012KT,20,11
2016-01-03 19:00:00.000,2016,1,3,19,24015KT,22,10
2016-01-03 20:00:00.000,2016,1,3,20,24010G22KT,22,07
2016-01-03 21:00:00.000,2016,1,3,21,19016KT,21,07
2016-01-03 22:00:00.000,2016,1,3,22,20011KT,19,08
2016-01-03 23:00:00.000,2016,1,3,23,20012KT,17,09
2016-01-04 00:00:00.000,2016,1,4,0,22007KT,16,09
2016-01-04 01:00:00.000,2016,1,4,1,16009KT,16,09
2016-01-04 02:00:00.000,2016,1,4,2,16009KT,16,09
2016-01-04 03:00:00.000,2016,1,4,3,VRB02KT,13,09
2016-01-04 04:00:00.000,2016,1,4,4,03003KT,12,09
2016-01-04 05:00:00.000,2016,1,4,5,08004KT,13,10
2016-01-04 06:00:00.000,2016,1,4,6,05005KT,11,01
2016-01-04 07:00:00.000,2016,1,4,7,05003KT,12,10
2016-01-04 08:00:00.000,2016,1,4,8,04005KT,12,10
2016-01-04 09:00:00.000,2016,1,4,9,06004KT,11,09
2016-01-04 10:00:00.000,2016,1,4,10,VRB02KT,12,10
2016-01-04 10:30:00.000,2016,1,4,10,06003KT,13,10
2016-01-04 11:00:00.000,2016,1,4,11,VRB02KT,13,09
2016-01-04 12:00:00.000,2016,1,4,12,04003KT,13,10
2016-01-04 13:00:00.000,2016,1,4,13,03004KT,15,10
2016-01-04 14:00:00.000,2016,1,4,14,02004KT,17,08
2016-01-04 15:00:00.000,2016,1,4,15,18002KT,20,08
2016-01-04 16:00:00.000,2016,1,4,16,02006KT,20,08
2016-01-04 17:00:00.000,2016,1,4,17,28006KT,19,08
2016-01-04 18:00:00.000,2016,1,4,18,27011KT,18,11
2016-01-04 19:00:00.000,2016,1,4,19,26006KT,20,11
2016-01-04 20:00:00.000,2016,1,4,20,25009KT,20,11
2016-01-04 21:00:00.000,2016,1,4,21,23008KT,19,11
2016-01-04 22:00:00.000,2016,1,4,22,24008KT,17,11
2016-01-04 23:00:00.000,2016,1,4,23,29003KT,16,11
2016-01-05 00:00:00.000,2016,1,5,0,33004KT,14,11
2016-01-05 01:00:00.000,2016,1,5,1,06002KT,14,12
2016-01-05 02:00:00.000,2016,1,5,2,33004KT,13,11
2016-01-05 03:00:00.000,2016,1,5,3,VRB02KT,13,11
2016-01-05 04:00:00.000,2016,1,5,4,28004KT,13,11
2016-01-05 05:00:00.000,2016,1,5,5,04002KT,12,10
2016-01-05 06:00:00.000,2016,1,5,6,05003KT,11,10
2016-01-05 07:00:00.000,2016,1,5,7,VRB02KT,12,11
2016-01-05 08:00:00.000,2016,1,5,8,VRB02KT,11,10
2016-01-05 09:00:00.000,2016,1,5,9,31003KT,10,09
2016-01-05 10:00:00.000,2016,1,5,10,29003KT,10,09
2016-01-05 10:30:00.000,2016,1,5,10,26003KT,11,10
2016-01-05 11:00:00.000,2016,1,5,11,VRB02KT,09,08
2016-01-05 11:09:00.000,2016,1,5,11,VRB02KT,09,08
2016-01-05 12:00:00.000,2016,1,5,12,32006KT,10,09
2016-01-05 12:35:00.000,2016,1,5,12,34004KT,12,10
2016-01-05 13:00:00.000,2016,1,5,13,02004KT,14,11
2016-01-05 13:40:00.000,2016,1,5,13,03004KT,16,11
2016-01-05 14:00:00.000,2016,1,5,14,06006KT,17,11
2016-01-05 15:00:00.000,2016,1,5,15,21008KT,20,10
2016-01-05 16:00:00.000,2016,1,5,16,02004KT,21,09
2016-01-05 17:00:00.000,2016,1,5,17,26010KT,22,08
2016-01-05 18:00:00.000,2016,1,5,18,27015KT,20,10
2016-01-05 19:00:00.000,2016,1,5,19,30012KT,20,11
2016-01-05 20:00:00.000,2016,1,5,20,24009KT,20,10
2016-01-05 21:00:00.000,2016,1,5,21,32009KT,19,12
2016-01-05 22:00:00.000,2016,1,5,22,29006KT,18,11
2016-01-05 23:00:00.000,2016,1,5,23,VRB02KT,18,12
2016-01-06 00:00:00.000,2016,1,6,0,04008KT,15,11
2016-01-06 01:00:00.000,2016,1,6,1,02006KT,15,11
2016-01-06 02:00:00.000,2016,1,6,2,04006KT,14,11
2016-01-06 03:00:00.000,2016,1,6,3,04006KT,14,11
2016-01-06 04:00:00.000,2016,1,6,4,03006KT,14,11
2016-01-06 04:24:00.000,2016,1,6,4,03005KT,13,11
2016-01-06 05:00:00.000,2016,1,6,5,05006KT,13,11
2016-01-06 06:00:00.000,2016,1,6,6,04004KT,12,10
2016-01-06 07:00:00.000,2016,1,6,7,04004KT,13,11
2016-01-06 08:00:00.000,2016,1,6,8,VRB02KT,13,11
2016-01-06 09:00:00.000,2016,1,6,9,VRB02KT,13,10
2016-01-06 10:00:00.000,2016,1,6,10,04004KT,12,11
2016-01-06 10:30:00.000,2016,1,6,10,03004KT,11,10
2016-01-06 11:00:00.000,2016,1,6,11,02008KT,11,10
2016-01-06 11:30:00.000,2016,1,6,11,06004KT,11,10
2016-01-06 12:00:00.000,2016,1,6,12,09006KT,12,10
2016-01-06 13:00:00.000,2016,1,6,13,32006KT,14,12
2016-01-06 14:00:00.000,2016,1,6,14,09006KT,15,10
2016-01-06 15:00:00.000,2016,1,6,15,02006KT,17,10
2016-01-06 16:00:00.000,2016,1,6,16,07008KT,18,10
2016-01-06 17:00:00.000,2016,1,6,17,07008KT,19,11
2016-01-06 18:00:00.000,2016,1,6,18,14008KT,18,10
2016-01-06 18:20:00.000,2016,1,6,18,20006KT,17,11
2016-01-06 18:30:00.000,2016,1,6,18,21006KT,18,12
2016-01-06 19:00:00.000,2016,1,6,19,20003KT,18,10
2016-01-06 20:00:00.000,2016,1,6,20,27003KT,19,10
2016-01-06 21:00:00.000,2016,1,6,21,20009KT,19,12
2016-01-06 22:00:00.000,2016,1,6,22,19009KT,18,10
2016-01-06 23:00:00.000,2016,1,6,23,22006KT,17,10
2016-01-07 00:00:00.000,2016,1,7,0,28003KT,16,12
2016-01-07 01:00:00.000,2016,1,7,1,19004KT,15,13
2016-01-07 02:00:00.000,2016,1,7,2,24003KT,14,12
2016-01-07 02:28:00.000,2016,1,7,2,VRB02KT,14,13
2016-01-07 03:00:00.000,2016,1,7,3,VRB02KT,13,12
2016-01-07 04:00:00.000,2016,1,7,4,03005KT,14,13
2016-01-07 05:00:00.000,2016,1,7,5,04006KT,13,11
2016-01-07 06:00:00.000,2016,1,7,6,02005KT,13,11
2016-01-07 07:00:00.000,2016,1,7,7,06003KT,13,11
2016-01-07 08:00:00.000,2016,1,7,8,00000KT,12,10
2016-01-07 09:00:00.000,2016,1,7,9,VRB02KT,11,10
2016-01-07 10:00:00.000,2016,1,7,10,35004KT,10,09
2016-01-07 10:30:00.000,2016,1,7,10,00000KT,10,09
2016-01-07 11:00:00.000,2016,1,7,11,05003KT,11,10
2016-01-07 12:00:00.000,2016,1,7,12,05006KT,13,11
2016-01-07 13:00:00.000,2016,1,7,13,05008KT,15,11
2016-01-07 13:20:00.000,2016,1,7,13,05008KT,15,11
2016-01-07 14:00:00.000,2016,1,7,14,06006KT,16,11
2016-01-07 15:00:00.000,2016,1,7,15,06006KT,18,10
2016-01-07 16:00:00.000,2016,1,7,16,06006KT,18,10
2016-01-07 16:30:00.000,2016,1,7,16,35004KT,21,09
2016-01-07 17:00:00.000,2016,1,7,17,16005KT,21,09
2016-01-07 18:00:00.000,2016,1,7,18,23004KT,22,07
2016-01-07 19:00:00.000,2016,1,7,19,27012KT,22,12
2016-01-07 20:00:00.000,2016,1,7,20,27018KT,21,12
2016-01-07 21:00:00.000,2016,1,7,21,27018KT,20,12
2016-01-07 22:00:00.000,2016,1,7,22,28012KT,19,12
2016-01-07 23:00:00.000,2016,1,7,23,28010KT,17,12
2016-01-08 00:00:00.000,2016,1,8,0,26007KT,16,13
2016-01-08 01:00:00.000,2016,1,8,1,32003KT,15,13
2016-01-08 02:00:00.000,2016,1,8,2,VRB02KT,14,12
2016-01-08 03:00:00.000,2016,1,8,3,VRB03KT,15,13
2016-01-08 04:00:00.000,2016,1,8,4,19003KT,15,13
2016-01-08 05:00:00.000,2016,1,8,5,VRB02KT,14,12
2016-01-08 06:00:00.000,2016,1,8,6,01003KT,14,13
2016-01-08 07:00:00.000,2016,1,8,7,VRB02KT,13,12
2016-01-08 08:00:00.000,2016,1,8,8,01003KT,13,12
2016-01-08 09:00:00.000,2016,1,8,9,34003KT,13,12
2016-01-08 10:00:00.000,2016,1,8,10,VRB02KT,12,11
2016-01-08 10:30:00.000,2016,1,8,10,35003KT,12,11
2016-01-08 11:00:00.000,2016,1,8,11,VRB02KT,12,11
2016-01-08 11:10:00.000,2016,1,8,11,VRB02KT,12,11
2016-01-08 12:00:00.000,2016,1,8,12,VRB02KT,12,11
2016-01-08 12:45:00.000,2016,1,8,12,02006KT,14,11
2016-01-08 13:00:00.000,2016,1,8,13,05006KT,15,11
2016-01-08 14:00:00.000,2016,1,8,14,13004KT,17,11
2016-01-08 14:10:00.000,2016,1,8,14,06003KT,18,12
2016-01-08 15:00:00.000,2016,1,8,15,30004KT,19,10
2016-01-08 16:00:00.000,2016,1,8,16,27006KT,21,10
2016-01-08 17:00:00.000,2016,1,8,17,27010KT,21,10
2016-01-08 18:00:00.000,2016,1,8,18,30015KT,21,11
2016-01-08 19:00:00.000,2016,1,8,19,27017KT,20,12
2016-01-08 20:00:00.000,2016,1,8,20,27010KT,19,12
2016-01-08 21:00:00.000,2016,1,8,21,25008KT,20,12
2016-01-08 22:00:00.000,2016,1,8,22,32012KT,18,11
2016-01-08 23:00:00.000,2016,1,8,23,17012KT,17,13
2016-01-09 00:00:00.000,2016,1,9,0,29007KT,16,13
2016-01-09 01:00:00.000,2016,1,9,1,23006KT,16,13
2016-01-09 02:00:00.000,2016,1,9,2,28005KT,16,13
2016-01-09 03:00:00.000,2016,1,9,3,VRBN02KT,15,13
2016-01-09 04:00:00.000,2016,1,9,4,23003KT,15,12
2016-01-09 05:00:00.000,2016,1,9,5,26004KT,15,12
2016-01-09 06:00:00.000,2016,1,9,6,32004KT,12,11
2016-01-09 07:00:00.000,2016,1,9,7,VRB02KT,11,10
2016-01-09 08:00:00.000,2016,1,9,8,33003KT,09,08
2016-01-09 09:00:00.000,2016,1,9,9,01004KT,08,08
2016-01-09 10:00:00.000,2016,1,9,10,32007KT,09,08
2016-01-09 10:30:00.000,2016,1,9,10,VRB02KT,08,07
2016-01-09 11:00:00.000,2016,1,9,11,34003KT,08,08
2016-01-09 12:00:00.000,2016,1,9,12,VRB02KT,10,09
2016-01-09 12:30:00.000,2016,1,9,12,01003KT,12,10
2016-01-09 13:00:00.000,2016,1,9,13,02003KT,13,10
2016-01-09 13:30:00.000,2016,1,9,13,03005KT,15,10
2016-01-09 14:00:00.000,2016,1,9,14,VRB02KT,16,10
2016-01-09 15:00:00.000,2016,1,9,15,02005KT,18,09
2016-01-09 15:40:00.000,2016,1,9,15,01006KT,20,10
2016-01-09 16:00:00.000,2016,1,9,16,07004KT,20,10
2016-01-09 17:00:00.000,2016,1,9,17,32011KT,22,07
2016-01-09 18:00:00.000,2016,1,9,18,30012KT,21,11
2016-01-09 19:00:00.000,2016,1,9,19,27015KT,21,11
2016-01-09 20:00:00.000,2016,1,9,20,27014KT,20,10
2016-01-09 21:00:00.000,2016,1,9,21,26012KT,20,11
2016-01-09 22:00:00.000,2016,1,9,22,27010KT,19,11
2016-01-09 23:00:00.000,2016,1,9,23,28008KT,17,11
2016-01-10 00:00:00.000,2016,1,10,0,28003KT,16,12
2016-01-10 01:00:00.000,2016,1,10,1,30007KT,15,12
2016-01-10 02:00:00.000,2016,1,10,2,VRB02KT,15,13
2016-01-10 03:00:00.000,2016,1,10,3,30004KT,15,12
2016-01-10 04:00:00.000,2016,1,10,4,26004KT,14,11
2016-01-10 05:00:00.000,2016,1,10,5,27005KT,14,11
2016-01-10 06:00:00.000,2016,1,10,6,28004KT,13,11
2016-01-10 08:00:00.000,2016,1,10,8,00000KT,09,08
2016-01-10 09:00:00.000,2016,1,10,9,VRB02KT,07,06
2016-01-10 10:00:00.000,2016,1,10,10,35003KT,06,04
2016-01-10 10:30:00.000,2016,1,10,10,26004KT,07,06
2016-01-10 11:00:00.000,2016,1,10,11,VRB02KT,07,06
2016-01-10 12:00:00.000,2016,1,10,12,VRB02KT,08,07
2016-01-10 12:40:00.000,2016,1,10,12,03004KT,10,09
2016-01-10 13:00:00.000,2016,1,10,13,30004KT,14,10
2016-01-10 13:20:00.000,2016,1,10,13,30004KT,14,10
2016-01-10 14:00:00.000,2016,1,10,14,14003KT,16,11
2016-01-10 14:25:00.000,2016,1,10,14,12003KT,18,09
2016-01-10 15:00:00.000,2016,1,10,15,VRB02KT,19,08
2016-01-10 16:00:00.000,2016,1,10,16,24006KT,20,07
2016-01-10 17:00:00.000,2016,1,10,17,26008KT,22,07
2016-01-10 18:00:00.000,2016,1,10,18,33012KT,19,11
2016-01-10 19:00:00.000,2016,1,10,19,29012KT,21,11
2016-01-10 20:00:00.000,2016,1,10,20,26012KT,20,12
2016-01-10 21:00:00.000,2016,1,10,21,26014KT,19,12
2016-01-10 22:00:00.000,2016,1,10,22,34011KT,18,09
2016-01-10 23:00:00.000,2016,1,10,23,32005KT,16,11
2016-01-11 00:00:00.000,2016,1,11,0,31007KT,14,10
2016-01-11 01:00:00.000,2016,1,11,1,28007KT,14,09
2016-01-11 02:00:00.000,2016,1,11,2,28007KT,14,09
2016-01-11 03:00:00.000,2016,1,11,3,25003KT,13,10
2016-01-11 04:00:00.000,2016,1,11,4,30004KT,09,08
2016-01-11 05:00:00.000,2016,1,11,5,25004KT,09,07
2016-01-11 06:00:00.000,2016,1,11,6,VRB02KT,08,07
2016-01-11 07:00:00.000,2016,1,11,7,VRB02KT,07,07
2016-01-11 08:00:00.000,2016,1,11,8,VRB02KT,06,06
2016-01-11 09:00:00.000,2016,1,11,9,310003KT,06,05
2016-01-11 10:00:00.000,2016,1,11,10,VRB02KT,07,05
2016-01-11 10:30:00.000,2016,1,11,10,01003KT,07,05
2016-01-11 11:00:00.000,2016,1,11,11,VRB02KT,06,04
2016-01-11 12:00:00.000,2016,1,11,12,05003KT,08,05
2016-01-11 13:00:00.000,2016,1,11,13,VRB02KT,13,07
2016-01-11 13:18:00.000,2016,1,11,13,VRB02KT,13,07
2016-01-11 13:35:00.000,2016,1,11,13,VRB02KT,15,07
2016-01-11 14:00:00.000,2016,1,11,14,33004KT,17,08
2016-01-11 15:00:00.000,2016,1,11,15,VRB02KT,18,06
2016-01-11 16:00:00.000,2016,1,11,16,24008KT,20,07
2016-01-11 17:00:00.000,2016,1,11,17,28013KT,21,08
2016-01-11 18:00:00.000,2016,1,11,18,32013KT,19,11
2016-01-11 19:00:00.000,2016,1,11,19,32012KT,19,11
2016-01-11 20:00:00.000,2016,1,11,20,27015KT,20,11
2016-01-11 21:00:00.000,2016,1,11,21,29014KT,19,11
2016-01-11 22:00:00.000,2016,1,11,22,29012KT,18,11
2016-01-11 23:00:00.000,2016,1,11,23,28010KT,16,11
2016-01-12 00:00:00.000,2016,1,12,0,28004KT,15,11
2016-01-12 01:00:00.000,2016,1,12,1,32004KT,14,12
2016-01-12 02:00:00.000,2016,1,12,2,30004KT,14,11
2016-01-12 03:00:00.000,2016,1,12,3,29004KT,14,12
2016-01-12 04:00:00.000,2016,1,12,4,31003KT,14,12
2016-01-12 05:00:00.000,2016,1,12,5,26004KT,14,12
2016-01-12 06:00:00.000,2016,1,12,6,VRB02KT,12,11
2016-01-12 07:00:00.000,2016,1,12,7,25004KT,13,12
2016-01-12 08:00:00.000,2016,1,12,8,00000KT,12,11
2016-01-12 09:00:00.000,2016,1,12,9,VRB02KT,10,09
2016-01-12 10:00:00.000,2016,1,12,10,00000KT,11,11
2016-01-12 10:30:00.000,2016,1,12,10,00000KT,12,11
2016-01-12 11:00:00.000,2016,1,12,11,VRB02KT,11,10
2016-01-12 12:00:00.000,2016,1,12,12,06003KT,12,11
2016-01-12 13:00:00.000,2016,1,12,13,04006KT,15,12
2016-01-12 14:00:00.000,2016,1,12,14,VRB02KT,18,12
2016-01-12 15:00:00.000,2016,1,12,15,VRB02KT,20,10
2016-01-12 16:00:00.000,2016,1,12,16,06004KT,22,08
2016-01-12 17:00:00.000,2016,1,12,17,33006KT,23,08
2016-01-12 18:00:00.000,2016,1,12,18,27012KT,22,10
2016-01-12 19:00:00.000,2016,1,12,19,26014KT,22,10
2016-01-12 20:00:00.000,2016,1,12,20,28014KT,21,11
2016-01-12 21:00:00.000,2016,1,12,21,28013KT,20,12
2016-01-12 22:00:00.000,2016,1,12,22,25009KT,19,11
2016-01-12 23:00:00.000,2016,1,12,23,28010KT,17,11
2016-01-13 00:00:00.000,2016,1,13,0,25006KT,15,11
2016-01-13 01:00:00.000,2016,1,13,1,23005KT,15,11
2016-01-13 02:00:00.000,2016,1,13,2,23005KT,15,11
2016-01-13 03:00:00.000,2016,1,13,3,25004KT,14,11
2016-01-13 04:00:00.000,2016,1,13,4,24003KT,14,11
2016-01-13 05:00:00.000,2016,1,13,5,33004KT,11,10
2016-01-13 06:00:00.000,2016,1,13,6,VRB02KT,11,10
2016-01-13 07:00:00.000,2016,1,13,7,32004KT,08,07
2016-01-13 08:00:00.000,2016,1,13,8,VRB02KT,08,07
2016-01-13 09:00:00.000,2016,1,13,9,32004KT,07,07
2016-01-13 10:00:00.000,2016,1,13,10,29003KT,07,07
2016-01-13 10:30:00.000,2016,1,13,10,34003KT,04,04
2016-01-13 11:00:00.000,2016,1,13,11,34003KT,04,04
2016-01-13 12:00:00.000,2016,1,13,12,VRB02KT,05,04
2016-01-13 13:00:00.000,2016,1,13,13,02004KT,10,09
2016-01-13 13:30:00.000,2016,1,13,13,03003KT,14,10
2016-01-13 14:00:00.000,2016,1,13,14,03004KT,16,09
2016-01-13 15:00:00.000,2016,1,13,15,VRB02KT,19,07
2016-01-13 16:00:00.000,2016,1,13,16,23004KT,20,06
2016-01-13 17:00:00.000,2016,1,13,17,35003KT,21,04
2016-01-13 18:00:00.000,2016,1,13,18,30012KT,21,08
2016-01-13 19:00:00.000,2016,1,13,19,22012KT,21,07
2016-01-13 20:00:00.000,2016,1,13,20,28010KT,19,10
2016-01-13 21:00:00.000,2016,1,13,21,28010KT,18,10
2016-01-13 22:00:00.000,2016,1,13,22,23010KT,17,10
2016-01-13 23:00:00.000,2016,1,13,23,25006KT,16,11
2016-01-14 00:00:00.000,2016,1,14,0,31006KT,15,11
2016-01-14 01:00:00.000,2016,1,14,1,VRB02KT,15,11
2016-01-14 02:00:00.000,2016,1,14,2,29003KT,14,11
2016-01-14 03:00:00.000,2016,1,14,3,35003KT,11,09
2016-01-14 04:00:00.000,2016,1,14,4,33005KT,10,09
2016-01-14 05:00:00.000,2016,1,14,5,VRB02KT,10,09
2016-01-14 06:00:00.000,2016,1,14,6,00000KT,09,09
2016-01-14 07:00:00.000,2016,1,14,7,27003KT,13,04
2016-01-14 08:00:00.000,2016,1,14,8,27003KT,13,01
2016-01-14 09:00:00.000,2016,1,14,9,VRB02KT,10,09
2016-01-14 10:00:00.000,2016,1,14,10,0603KT,10,10
2016-01-14 10:30:00.000,2016,1,14,10,0603KT,10,10
2016-01-14 11:00:00.000,2016,1,14,11,VRB02KT,11,10
2016-01-14 12:00:00.000,2016,1,14,12,33003KT,09,09
2016-01-14 13:00:00.000,2016,1,14,13,VRB02KT,11,10
2016-01-14 13:30:00.000,2016,1,14,13,VRB02KT,12,11
2016-01-14 14:00:00.000,2016,1,14,14,VRB02KT,13,12
2016-01-14 15:00:00.000,2016,1,14,15,VRB02KT,17,10
2016-01-14 16:00:00.000,2016,1,14,16,23004KT,18,08
2016-01-14 17:00:00.000,2016,1,14,17,25007KT,19,07
2016-01-14 18:00:00.000,2016,1,14,18,30009KT,20,09
2016-01-14 19:00:00.000,2016,1,14,19,27011KT,19,08
2016-01-14 20:00:00.000,2016,1,14,20,28011KT,19,09
2016-01-14 21:00:00.000,2016,1,14,21,25011KT,19,08
2016-01-14 22:00:00.000,2016,1,14,22,25008KT,18,10
2016-01-14 23:00:00.000,2016,1,14,23,27006KT,16,11
2016-01-15 00:00:00.000,2016,1,15,0,27006KT,16,11
2016-01-15 01:00:00.000,2016,1,15,1,01003KT,10,08
2016-01-15 02:00:00.000,2016,1,15,2,VRB02KT,11,08
2016-01-15 03:00:00.000,2016,1,15,3,33003KT,08,07
2016-01-15 04:00:00.000,2016,1,15,4,34003KT,08,07
2016-01-15 05:00:00.000,2016,1,15,5,32004KT,08,07
2016-01-15 06:00:00.000,2016,1,15,6,29004KT,06,06
2016-01-15 07:00:00.000,2016,1,15,7,VRB02KT,06,06
2016-01-15 08:00:00.000,2016,1,15,8,VRB02KT,06,06
2016-01-15 09:00:00.000,2016,1,15,9,00000KT,04,03
2016-01-15 10:00:00.000,2016,1,15,10,31003KT,04,03
2016-01-15 10:30:00.000,2016,1,15,10,VRB02KT,03,03
2016-01-15 11:00:00.000,2016,1,15,11,03003KT,03,02
2016-01-15 11:10:00.000,2016,1,15,11,03003KT,03,02
2016-01-15 11:33:00.000,2016,1,15,11,32003KT,04,04
2016-01-15 12:00:00.000,2016,1,15,12,VRB02KT,05,05
2016-01-15 12:12:00.000,2016,1,15,12,VRB02KT,05,05
2016-01-15 12:30:00.000,2016,1,15,12,VRB02KT,07,06
2016-01-15 13:00:00.000,2016,1,15,13,34004KT,09,07
2016-01-15 14:00:00.000,2016,1,15,14,08006KT,15,09
2016-01-15 14:40:00.000,2016,1,15,14,09006KT,17,09
2016-01-15 15:00:00.000,2016,1,15,15,09006KT,18,09
2016-01-15 15:30:00.000,2016,1,15,15,VRB02KT,20,06
2016-01-15 16:00:00.000,2016,1,15,16,03008KT,21,06
2016-01-15 17:00:00.000,2016,1,15,17,04008KT,22,05
2016-01-15 18:00:00.000,2016,1,15,18,21011KT,22,08
2016-01-15 19:00:00.000,2016,1,15,19,21008KT,22,08
2016-01-15 20:00:00.000,2016,1,15,20,26011KT,21,10
2016-01-15 21:00:00.000,2016,1,15,21,28010KT,21,11
2016-01-15 22:00:00.000,2016,1,15,22,28011KT,19,11
2016-01-15 23:00:00.000,2016,1,15,23,28006KT,17,11
2016-01-16 00:00:00.000,2016,1,16,0,30006KT,16,12
2016-01-16 01:00:00.000,2016,1,16,1,VRB02KT,14,11
2016-01-16 02:00:00.000,2016,1,16,2,VRB02KT,13,11
2016-01-16 03:00:00.000,2016,1,16,3,00000KT,12,11
2016-01-16 04:00:00.000,2016,1,16,4,VRB02KT,11,10
2016-01-16 05:00:00.000,2016,1,16,5,34003KT,09,08
2016-01-16 06:00:00.000,2016,1,16,6,VRB02KT,09,08
2016-01-16 07:00:00.000,2016,1,16,7,3003KT,07,07
2016-01-16 08:00:00.000,2016,1,16,8,33003KT,05,05
2016-01-16 09:00:00.000,2016,1,16,9,VRB02KT,05,05
2016-01-16 10:00:00.000,2016,1,16,10,VRB02KT,05,04
2016-01-16 10:30:00.000,2016,1,16,10,31003KT,04,04
2016-01-16 11:00:00.000,2016,1,16,11,00000KT,04,04
2016-01-16 11:15:00.000,2016,1,16,11,00000KT,04,04
2016-01-16 12:00:00.000,2016,1,16,12,VRB02KT,05,05
2016-01-16 12:20:00.000,2016,1,16,12,VRB02KT,05,05
2016-01-16 12:40:00.000,2016,1,16,12,VRB02KT,07,07
2016-01-16 13:00:00.000,2016,1,16,13,VRB02KT,09,08
2016-01-16 13:25:00.000,2016,1,16,13,04003KT,12,09
2016-01-16 14:00:00.000,2016,1,16,14,VRB02KT,15,08
2016-01-16 14:20:00.000,2016,1,16,14,06003KT,16,08
2016-01-16 15:00:00.000,2016,1,16,15,01003KT,18,08
2016-01-16 16:00:00.000,2016,1,16,16,17003KT,20,05
2016-01-16 16:40:00.000,2016,1,16,16,VRB02KT,22,05
2016-01-16 17:00:00.000,2016,1,16,17,30003KT,22,05
2016-01-16 18:00:00.000,2016,1,16,18,27010KT,23,05
2016-01-16 19:00:00.000,2016,1,16,19,28012KT,22,09
2016-01-16 20:00:00.000,2016,1,16,20,27012KT,21,09
2016-01-16 21:00:00.000,2016,1,16,21,28012KT,21,10
2016-01-16 22:00:00.000,2016,1,16,22,29010KT,19,11
2016-01-16 23:00:00.000,2016,1,16,23,30008KT,17,11
2016-01-17 00:00:00.000,2016,1,17,0,29007KT,16,12
2016-01-17 01:00:00.000,2016,1,17,1,27005KT,15,12
2016-01-17 02:00:00.000,2016,1,17,2,03003KT,13,11
2016-01-17 03:00:00.000,2016,1,17,3,VRB02KT,12,11
2016-01-17 04:00:00.000,2016,1,17,4,VRB02KT,12,11
2016-01-17 05:00:00.000,2016,1,17,5,VRB02KT,08,08
2016-01-17 06:00:00.000,2016,1,17,6,VRB02KT,08,07
2016-01-17 07:00:00.000,2016,1,17,7,VRB02KT,07,06
2016-01-17 08:00:00.000,2016,1,17,8,VRB02KT,06,05
2016-01-17 09:00:00.000,2016,1,17,9,320003KT,05,04
2016-01-17 10:00:00.000,2016,1,17,10,VRB02KT,04,03
2016-01-17 10:30:00.000,2016,1,17,10,VRB02KT,04,03
2016-01-17 11:00:00.000,2016,1,17,11,31003KT,04,04
2016-01-17 12:00:00.000,2016,1,17,12,VRB02KT,04,04
2016-01-17 12:25:00.000,2016,1,17,12,VRB02KT,06,05
2016-01-17 12:45:00.000,2016,1,17,12,35003KT,08,06
2016-01-17 13:00:00.000,2016,1,17,13,03004KT,11,07
2016-01-17 13:10:00.000,2016,1,17,13,03004KT,11,07
2016-01-17 13:30:00.000,2016,1,17,13,03003KT,13,07
2016-01-17 14:00:00.000,2016,1,17,14,08006KT,16,07
2016-01-17 14:20:00.000,2016,1,17,14,08006KT,16,07
2016-01-17 14:45:00.000,2016,1,17,14,09005KT,18,06
2016-01-17 15:00:00.000,2016,1,17,15,09005KT,18,06
2016-01-17 15:30:00.000,2016,1,17,15,06005KT,20,03
2016-01-17 16:00:00.000,2016,1,17,16,06003KT,21,03
2016-01-17 17:00:00.000,2016,1,17,17,04007KT,22,02
2016-01-17 18:00:00.000,2016,1,17,18,008005KT,23,02
2016-01-17 18:30:00.000,2016,1,17,18,26010KT,23,06
2016-01-17 19:00:00.000,2016,1,17,19,30013KT,23,08
2016-01-17 20:00:00.000,2016,1,17,20,27013KT,21,10
2016-01-17 21:00:00.000,2016,1,17,21,28012KT,21,11
2016-01-17 22:00:00.000,2016,1,17,22,29011KT,19,11
2016-01-17 23:00:00.000,2016,1,17,23,29008KT,18,12
2016-01-18 00:00:00.000,2016,1,18,0,30006KT,16,12
2016-01-18 01:00:00.000,2016,1,18,1,30005KT,15,13
2016-01-18 02:00:00.000,2016,1,18,2,28003KT,15,12
2016-01-18 03:00:00.000,2016,1,18,3,28004KT,14,12
2016-01-18 04:00:00.000,2016,1,18,4,32005KT,13,10
2016-01-18 05:00:00.000,2016,1,18,5,VRB02KT,12,10
2016-01-18 06:00:00.000,2016,1,18,6,VRB02KT,11,10
2016-01-18 07:00:00.000,2016,1,18,7,32005KT,09,08
2016-01-18 08:00:00.000,2016,1,18,8,03003KT,06,06
2016-01-18 09:00:00.000,2016,1,18,9,334004KT,07,06
2016-01-18 10:00:00.000,2016,1,18,10,VRB02KT,05,05
2016-01-18 10:30:00.000,2016,1,18,10,31003KT,05,05
2016-01-18 11:00:00.000,2016,1,18,11,32003KT,05,04
2016-01-18 12:00:00.000,2016,1,18,12,33004KT,06,05
2016-01-18 12:30:00.000,2016,1,18,12,33003KT,08,07
2016-01-18 13:00:00.000,2016,1,18,13,34003KT,10,08
2016-01-18 14:00:00.000,2016,1,18,14,VRB02KT,17,08
2016-01-18 14:17:00.000,2016,1,18,14,VRB02KT,17,08
2016-01-18 15:00:00.000,2016,1,18,15,04005KT,19,07
2016-01-18 16:00:00.000,2016,1,18,16,14004KT,21,04
2016-01-18 17:00:00.000,2016,1,18,17,15004KT,23,04
2016-01-18 18:00:00.000,2016,1,18,18,26010KT,21,09
2016-01-18 19:00:00.000,2016,1,18,19,29012KT,20,11
2016-01-18 20:00:00.000,2016,1,18,20,27013KT,20,10
2016-01-18 21:00:00.000,2016,1,18,21,29012KT,20,11
2016-01-18 22:00:00.000,2016,1,18,22,29009KT,18,11
2016-01-18 23:00:00.000,2016,1,18,23,30008KT,17,11
2016-01-19 00:00:00.000,2016,1,19,0,31005KT,15,12
2016-01-19 01:00:00.000,2016,1,19,1,VRB02KT,14,11
2016-01-19 02:00:00.000,2016,1,19,2,04004KT,13,10
2016-01-19 03:00:00.000,2016,1,19,3,VRB02KT,12,11
2016-01-19 04:00:00.000,2016,1,19,4,35003KT,09,08
2016-01-19 05:00:00.000,2016,1,19,5,VRB02KT,09,08
2016-01-19 06:00:00.000,2016,1,19,6,35003KT,06,06
2016-01-19 07:00:00.000,2016,1,19,7,VRB02KT,06,05
2016-01-19 08:00:00.000,2016,1,19,8,04003KT,04,04
2016-01-19 09:00:00.000,2016,1,19,9,VRB02KT,03,03
2016-01-19 10:00:00.000,2016,1,19,10,35003KT,02,01
2016-01-19 10:30:00.000,2016,1,19,10,00000KT,03,03
2016-01-19 11:00:00.000,2016,1,19,11,VRB02KT,02,01
2016-01-19 12:00:00.000,2016,1,19,12,VRB02KT,02,01
2016-01-19 12:35:00.000,2016,1,19,12,35003KT,05,04
2016-01-19 13:00:00.000,2016,1,19,13,32003KT,07,06
2016-01-19 13:30:00.000,2016,1,19,13,35004KT,11,05
2016-01-19 14:00:00.000,2016,1,19,14,03004KT,13,05
2016-01-19 14:30:00.000,2016,1,19,14,31003KT,17,06
2016-01-19 15:00:00.000,2016,1,19,15,29006KT,17,06
2016-01-19 16:00:00.000,2016,1,19,16,27005KT,19,01
2016-01-19 17:00:00.000,2016,1,19,17,02003KT,,
2016-01-19 18:00:00.000,2016,1,19,18,27013KT,21,07
2016-01-19 19:00:00.000,2016,1,19,19,23012KT,22,06
2016-01-19 20:00:00.000,2016,1,19,20,25016KT,20,09
2016-01-19 21:00:00.000,2016,1,19,21,29010KT,19,09
2016-01-19 22:00:00.000,2016,1,19,22,29010KT,19,09
2016-01-19 23:00:00.000,2016,1,19,23,29008KT,16,11
2016-01-20 00:00:00.000,2016,1,20,0,30006KT,15,12
2016-01-20 01:00:00.000,2016,1,20,1,VRB02KT,14,12
2016-01-20 02:00:00.000,2016,1,20,2,27003KT,13,11
2016-01-20 03:00:00.000,2016,1,20,3,31006KT,14,12
2016-01-20 04:00:00.000,2016,1,20,4,25004KT,14,12
2016-01-20 05:00:00.000,2016,1,20,5,26003KT,14,11
2016-01-20 06:00:00.000,2016,1,20,6,27004KT,12,10
2016-01-20 07:00:00.000,2016,1,20,7,VRB02KT,11,09
2016-01-20 08:00:00.000,2016,1,20,8,VRB02KT,08,07
2016-01-20 09:00:00.000,2016,1,20,9,VRB02KT,08,07
2016-01-20 10:00:00.000,2016,1,20,10,VRB02KT,07,06
2016-01-20 10:30:00.000,2016,1,20,10,VRB02KT,07,06
2016-01-20 11:00:00.000,2016,1,20,11,32003KT,06,06
2016-01-20 11:10:00.000,2016,1,20,11,VRB02KT,06,06
2016-01-20 12:00:00.000,2016,1,20,12,VRB02KT,08,07
2016-01-20 12:45:00.000,2016,1,20,12,02004KT,10,07
2016-01-20 13:00:00.000,2016,1,20,13,01004KT,11,07
2016-01-20 13:30:00.000,2016,1,20,13,03004KT,13,07
2016-01-20 14:00:00.000,2016,1,20,14,01003KT,16,08
2016-01-20 15:00:00.000,2016,1,20,15,27006KT,18,08
2016-01-20 16:00:00.000,2016,1,20,16,01006KT,20,06
2016-01-20 17:00:00.000,2016,1,20,17,22004KT,22,05
2016-01-20 18:00:00.000,2016,1,20,18,23012KT,21,11
2016-01-20 19:00:00.000,2016,1,20,19,24012KT,21,11
2016-01-20 20:00:00.000,2016,1,20,20,25012KT,21,11
2016-01-20 21:00:00.000,2016,1,20,21,25010KT,19,11
2016-01-20 22:00:00.000,2016,1,20,22,26010KT,18,11
2016-01-20 23:00:00.000,2016,1,20,23,27009KT,16,11
2016-01-21 00:00:00.000,2016,1,21,0,27007KT,16,13
2016-01-21 01:00:00.000,2016,1,21,1,28003KT,16,13
2016-01-21 02:00:00.000,2016,1,21,2,26005KT,15,13
2016-01-21 03:00:00.000,2016,1,21,3,36003KT,12,11
2016-01-21 04:00:00.000,2016,1,21,4,VRB02KT,12,11
2016-01-21 05:00:00.000,2016,1,21,5,VRB02KT,13,12
2016-01-21 06:00:00.000,2016,1,21,6,VRB02KT,11,10
2016-01-21 07:00:00.000,2016,1,21,7,VRB02KT,08,07
2016-01-21 08:00:00.000,2016,1,21,8,VRB02KT,07,07
2016-01-21 09:00:00.000,2016,1,21,9,VRB02KT,07,07
2016-01-21 10:00:00.000,2016,1,21,10,VRB02KT,07,06
2016-01-21 10:30:00.000,2016,1,21,10,34003KT,07,07
2016-01-21 11:00:00.000,2016,1,21,11,34003KT,06,06
2016-01-21 11:35:00.000,2016,1,21,11,32003KT,08,07
2016-01-21 11:45:00.000,2016,1,21,11,34003KT,07,06
2016-01-21 12:00:00.000,2016,1,21,12,VRB02KT,08,07
2016-01-21 12:30:00.000,2016,1,21,12,VRB02KT,09,08
2016-01-21 13:00:00.000,2016,1,21,13,32003KT,10,09
2016-01-21 13:30:00.000,2016,1,21,13,30003KT,11,10
2016-01-21 14:00:00.000,2016,1,21,14,34004KT,13,12
2016-01-21 15:00:00.000,2016,1,21,15,00000KT,17,10
2016-01-21 16:00:00.000,2016,1,21,16,VRB02KT,20,09
2016-01-21 17:00:00.000,2016,1,21,17,32004KT,21,08
2016-01-21 18:00:00.000,2016,1,21,18,28013KT,21,11
2016-01-21 19:00:00.000,2016,1,21,19,24012KT,20,11
2016-01-21 20:00:00.000,2016,1,21,20,28011KT,20,11
2016-01-21 21:00:00.000,2016,1,21,21,28013KT,19,12
2016-01-21 22:00:00.000,2016,1,21,22,27008KT,18,12
2016-01-21 23:00:00.000,2016,1,21,23,29006KT,17,12
2016-01-22 00:00:00.000,2016,1,22,0,27007KT,16,13
2016-01-22 01:00:00.000,2016,1,22,1,28003KT,16,13
2016-01-22 02:00:00.000,2016,1,22,2,27005KT,15,13
2016-01-22 03:00:00.000,2016,1,22,3,VRB02KT,15,13
2016-01-22 04:00:00.000,2016,1,22,4,VRB02KT,12,11
2016-01-22 05:00:00.000,2016,1,22,5,VRB02KT,11,10
2016-01-22 06:00:00.000,2016,1,22,6,VRB02KT,12,12
2016-01-22 07:00:00.000,2016,1,22,7,VRB02KT,11,10
2016-01-22 07:20:00.000,2016,1,22,7,VRB02KT,11,11
2016-01-22 07:43:00.000,2016,1,22,7,35004KT,11,11
2016-01-22 08:00:00.000,2016,1,22,8,VRB02KT,12,12
2016-01-22 08:15:00.000,2016,1,22,8,VRB02KT,12,12
2016-01-22 08:45:00.000,2016,1,22,8,VRB02KT,12,12
2016-01-22 09:00:00.000,2016,1,22,9,VRB02KT,13,12
2016-01-22 10:00:00.000,2016,1,22,10,VRB02KT,12,12
2016-01-22 10:30:00.000,2016,1,22,10,00000KT,11,11
2016-01-22 10:45:00.000,2016,1,22,10,VRB02KT,12,11
2016-01-22 11:00:00.000,2016,1,22,11,VRB02KT,12,11
2016-01-22 11:15:00.000,2016,1,22,11,25005KT,12,12
2016-01-22 11:30:00.000,2016,1,22,11,26003KT,12,12
2016-01-22 11:45:00.000,2016,1,22,11,26003KT,12,12
2016-01-22 12:00:00.000,2016,1,22,12,26003KT,12,12
2016-01-22 12:30:00.000,2016,1,22,12,VRB02KT,13,12
2016-01-22 13:00:00.000,2016,1,22,13,VRB02KT,13,12
2016-01-22 13:30:00.000,2016,1,22,13,16003KT,15,13
2016-01-22 13:40:00.000,2016,1,22,13,26004KT,15,12
2016-01-22 14:00:00.000,2016,1,22,14,VRB02KT,16,11
2016-01-22 15:00:00.000,2016,1,22,15,29005KT,20,09
2016-01-22 15:20:00.000,2016,1,22,15,29005KT,20,09
2016-01-22 16:00:00.000,2016,1,22,16,23005KT,21,08
2016-01-22 17:00:00.000,2016,1,22,17,31005KT,22,07
2016-01-22 18:00:00.000,2016,1,22,18,26015KT,22,10
2016-01-22 18:10:00.000,2016,1,22,18,26010KT,21,11
2016-01-22 19:00:00.000,2016,1,22,19,26012KT,21,11
2016-01-22 20:00:00.000,2016,1,22,20,25008KT,20,11
2016-01-22 21:00:00.000,2016,1,22,21,27010KT,20,11
2016-01-22 22:00:00.000,2016,1,22,22,28012KT,19,12
2016-01-22 23:00:00.000,2016,1,22,23,27006KT,18,12
2016-01-23 00:00:00.000,2016,1,23,0,29004KT,16,12
2016-01-23 01:00:00.000,2016,1,23,1,VRB02KT,15,12
2016-01-23 02:00:00.000,2016,1,23,2,VRB02KT,14,12
2016-01-23 03:00:00.000,2016,1,23,3,34004KT,14,12
2016-01-23 04:00:00.000,2016,1,23,4,02004KT,14,10
2016-01-23 05:00:00.000,2016,1,23,5,VRB02KT,12,10
2016-01-23 06:00:00.000,2016,1,23,6,05003KT,12,10
2016-01-23 07:00:00.000,2016,1,23,7,02003KT,11,10
2016-01-23 08:00:00.000,2016,1,23,8,02003KT,12,10
2016-01-23 09:00:00.000,2016,1,23,9,VRB02KT,12,09
2016-01-23 10:00:00.000,2016,1,23,10,00000KT,10,09
2016-01-23 10:30:00.000,2016,1,23,10,00000KT,11,09
2016-01-23 11:00:00.000,2016,1,23,11,VRB02KT,11,09
2016-01-23 12:00:00.000,2016,1,23,12,07004KT,11,09
2016-01-23 13:00:00.000,2016,1,23,13,04003KT,13,10
2016-01-23 13:07:00.000,2016,1,23,13,VRB02KT,15,10
2016-01-23 14:00:00.000,2016,1,23,14,30003KT,17,10
2016-01-23 15:00:00.000,2016,1,23,15,23003KT,19,10
2016-01-23 16:00:00.000,2016,1,23,16,28006KT,21,07
2016-01-23 17:00:00.000,2016,1,23,17,27010KT,20,10
2016-01-23 18:00:00.000,2016,1,23,18,26015KT,22,10
2016-01-23 19:00:00.000,2016,1,23,19,12012KT,22,10
2016-01-23 20:00:00.000,2016,1,23,20,25012KT,21,11
2016-01-23 21:00:00.000,2016,1,23,21,25013KT,20,12
2016-01-23 22:00:00.000,2016,1,23,22,28012KT,19,12
2016-01-23 23:00:00.000,2016,1,23,23,29008KT,18,12
2016-01-24 00:00:00.000,2016,1,24,0,30006KT,16,13
2016-01-24 01:00:00.000,2016,1,24,1,VRB02KT,15,12
2016-01-24 02:00:00.000,2016,1,24,2,VRB02KT,17,12
2016-01-24 03:00:00.000,2016,1,24,3,16003KT,16,09
2016-01-24 04:00:00.000,2016,1,24,4,03004KT,13,10
2016-01-24 05:00:00.000,2016,1,24,5,21003KT,15,09
2016-01-24 06:00:00.000,2016,1,24,6,00000KT,13,09
2016-01-24 07:00:00.000,2016,1,24,7,VRB02KT,11,09
2016-01-24 08:00:00.000,2016,1,24,8,00000KT,10,09
2016-01-24 09:00:00.000,2016,1,24,9,VRB02KT,09,08
2016-01-24 10:00:00.000,2016,1,24,10,VRB02KT,08,08
2016-01-24 10:30:00.000,2016,1,24,10,VRB02KT,08,08
2016-01-24 11:00:00.000,2016,1,24,11,VRB02KT,08,07
2016-01-24 12:00:00.000,2016,1,24,12,34003KT,09,09
2016-01-24 13:00:00.000,2016,1,24,13,04004KT,13,10
2016-01-24 13:18:00.000,2016,1,24,13,04004KT,13,10
2016-01-24 14:00:00.000,2016,1,24,14,VRB02KT,17,10
2016-01-24 15:00:00.000,2016,1,24,15,26003KT,19,10
2016-01-24 16:00:00.000,2016,1,24,16,18004KT,20,06
2016-01-24 17:00:00.000,2016,1,24,17,30007KT,20,09
2016-01-24 18:00:00.000,2016,1,24,18,28010KT,20,09
2016-01-24 19:00:00.000,2016,1,24,19,24014KT,21,10
2016-01-24 20:00:00.000,2016,1,24,20,24012KT,20,10
2016-01-24 21:00:00.000,2016,1,24,21,25010KT,20,10
2016-01-24 22:00:00.000,2016,1,24,22,24011KT,18,12
2016-01-24 23:00:00.000,2016,1,24,23,25010KT,17,12
2016-01-25 00:00:00.000,2016,1,25,0,01004KT,13,10
2016-01-25 01:00:00.000,2016,1,25,1,26005KT,15,12
2016-01-25 02:00:00.000,2016,1,25,2,28005KT,15,10
2016-01-25 03:00:00.000,2016,1,25,3,32004KT,12,10
2016-01-25 04:00:00.000,2016,1,25,4,33003KT,12,11
2016-01-25 05:00:00.000,2016,1,25,5,33004KT,13,11
2016-01-25 06:00:00.000,2016,1,25,6,31005KT,12,10
2016-01-25 07:00:00.000,2016,1,25,7,33004KT,10,09
2016-01-25 08:00:00.000,2016,1,25,8,VRB02KT,10,09
2016-01-25 09:00:00.000,2016,1,25,9,30003KT,09,09
2016-01-25 10:00:00.000,2016,1,25,10,30003KT,06,06
2016-01-25 10:30:00.000,2016,1,25,10,34003KT,08,08
2016-01-25 11:00:00.000,2016,1,25,11,VRB02KT,07,06
2016-01-25 11:25:00.000,2016,1,25,11,02004KT,05,04
2016-01-25 11:35:00.000,2016,1,25,11,03003KT,07,07
2016-01-25 12:00:00.000,2016,1,25,12,VRB02KT,10,09
2016-01-25 12:35:00.000,2016,1,25,12,06004KT,12,11
2016-01-25 13:00:00.000,2016,1,25,13,06006KT,13,11
2016-01-25 14:00:00.000,2016,1,25,14,10004KT,18,10
2016-01-25 15:00:00.000,2016,1,25,15,07004KT,19,08
2016-01-25 16:00:00.000,2016,1,25,16,12010KT,21,07
2016-01-25 17:00:00.000,2016,1,25,17,22008KT,23,05
2016-01-25 18:00:00.000,2016,1,25,18,29015KT,22,10
2016-01-25 19:00:00.000,2016,1,25,19,27014G25KT,19,11
2016-01-25 19:18:00.000,2016,1,25,19,27014G25KT,19,11
2016-01-25 20:00:00.000,2016,1,25,20,27016KT,19,11
2016-01-25 21:00:00.000,2016,1,25,21,26012KT,18,12
2016-01-25 22:00:00.000,2016,1,25,22,26010KT,18,11
2016-01-25 22:30:00.000,2016,1,25,22,27005KT,18,11
2016-01-25 23:00:00.000,2016,1,25,23,14012KT,14,10
2016-01-25 23:45:00.000,2016,1,25,23,01004KT,13,10
2016-01-26 00:00:00.000,2016,1,26,0,03003KT,13,10
2016-01-26 01:00:00.000,2016,1,26,1,03004KT,13,11
2016-01-26 02:00:00.000,2016,1,26,2,03004KT,13,10
2016-01-26 03:00:00.000,2016,1,26,3,04004KT,12,10
2016-01-26 04:00:00.000,2016,1,26,4,36003KT,12,10
2016-01-26 05:00:00.000,2016,1,26,5,VRB02KT,11,10
2016-01-26 06:00:00.000,2016,1,26,6,01005KT,10,09
2016-01-26 07:00:00.000,2016,1,26,7,09004KT,11,11
2016-01-26 08:00:00.000,2016,1,26,8,30003KT,08,06
2016-01-26 08:15:00.000,2016,1,26,8,30003KT,08,06
2016-01-26 09:00:00.000,2016,1,26,9,VRB02KT,08,07
2016-01-26 09:30:00.000,2016,1,26,9,34003KT,07,07
2016-01-26 10:00:00.000,2016,1,26,10,36003KT,08,08
2016-01-26 10:30:00.000,2016,1,26,10,28003KT,06,06
2016-01-26 11:00:00.000,2016,1,26,11,VRB02KT,04,04
2016-01-26 11:15:00.000,2016,1,26,11,VRB02KT,04,04
2016-01-26 11:30:00.000,2016,1,26,11,VRB02KT,05,05
2016-01-26 11:37:00.000,2016,1,26,11,33003KT,05,05
2016-01-26 11:47:00.000,2016,1,26,11,01003KT,06,05
2016-01-26 12:00:00.000,2016,1,26,12,03006KT,08,07
2016-01-26 12:30:00.000,2016,1,26,12,VRB02KT,09,08
2016-01-26 13:00:00.000,2016,1,26,13,35004KT,11,10
2016-01-26 13:20:00.000,2016,1,26,13,35004KT,11,10
2016-01-26 13:30:00.000,2016,1,26,13,36004KT,12,11
2016-01-26 14:00:00.000,2016,1,26,14,35005KT,13,11
2016-01-26 14:23:00.000,2016,1,26,14,02005KT,14,12
2016-01-26 14:40:00.000,2016,1,26,14,07004KT,15,12
2016-01-26 15:00:00.000,2016,1,26,15,32006KT,16,11
2016-01-26 15:35:00.000,2016,1,26,15,13005KT,19,10
2016-01-26 16:00:00.000,2016,1,26,16,04005KT,19,10
2016-01-26 17:00:00.000,2016,1,26,17,12006KT,21,08
2016-01-26 18:00:00.000,2016,1,26,18,25004KT,23,06
2016-01-26 19:00:00.000,2016,1,26,19,23012KT,22,11
2016-01-26 20:00:00.000,2016,1,26,20,24010KT,21,11
2016-01-26 21:00:00.000,2016,1,26,21,25010KT,20,11
2016-01-26 22:00:00.000,2016,1,26,22,28010KT,18,13
2016-01-26 23:00:00.000,2016,1,26,23,28008KT,17,13
2016-01-27 00:00:00.000,2016,1,27,0,26006KT,16,13
2016-01-27 01:00:00.000,2016,1,27,1,VRB02KT,15,12
2016-01-27 02:00:00.000,2016,1,27,2,VRB02KT,13,11
2016-01-27 03:00:00.000,2016,1,27,3,00000KT,13,13
2016-01-27 04:00:00.000,2016,1,27,4,12004KT,13,08
2016-01-27 05:00:00.000,2016,1,27,5,05003KT,12,08
2016-01-27 06:00:00.000,2016,1,27,6,04003KT,10,08
2016-01-27 07:00:00.000,2016,1,27,7,03005KT,09,08
2016-01-27 08:00:00.000,2016,1,27,8,04005KT,08,07
2016-01-27 09:00:00.000,2016,1,27,9,03003KT,09,07
2016-01-27 10:00:00.000,2016,1,27,10,05006KT,08,06
2016-01-27 10:30:00.000,2016,1,27,10,05005KT,07,06
2016-01-27 11:00:00.000,2016,1,27,11,06005KT,07,06
2016-01-27 12:00:00.000,2016,1,27,12,06006KT,10,07
2016-01-27 13:00:00.000,2016,1,27,13,06006KT,12,08
2016-01-27 13:45:00.000,2016,1,27,13,06008KT,17,07
2016-01-27 14:00:00.000,2016,1,27,14,05008KT,15,08
2016-01-27 15:00:00.000,2016,1,27,15,07008KT,17,07
2016-01-27 15:35:00.000,2016,1,27,15,10006KT,19,05
2016-01-27 16:00:00.000,2016,1,27,16,03006KT,20,03
2016-01-27 17:00:00.000,2016,1,27,17,15008KT,,
2016-01-27 18:00:00.000,2016,1,27,18,19008KT,,
2016-01-27 19:00:00.000,2016,1,27,19,11007KT,,
2016-01-27 20:00:00.000,2016,1,27,20,26011KT,21,07
2016-01-27 21:00:00.000,2016,1,27,21,25011KT,21,09
2016-01-27 22:00:00.000,2016,1,27,22,28011KT,19,11
2016-01-27 23:00:00.000,2016,1,27,23,28009KT,17,11
2016-01-28 00:00:00.000,2016,1,28,0,29004KT,15,11
2016-01-28 01:00:00.000,2016,1,28,1,VRB02KT,13,11
2016-01-28 02:00:00.000,2016,1,28,2,35003KT,11,10
2016-01-28 03:00:00.000,2016,1,28,3,VRB02KT,11,10
2016-01-28 04:00:00.000,2016,1,28,4,05003KT,10,06
2016-01-28 05:00:00.000,2016,1,28,5,02003KT,11,06
2016-01-28 06:00:00.000,2016,1,28,6,VRB02KT,08,05
2016-01-28 07:00:00.000,2016,1,28,7,35003KT,07,05
2016-01-28 08:00:00.000,2016,1,28,8,00000KT,06,06
2016-01-28 09:00:00.000,2016,1,28,9,VRB02KT,05,04
2016-01-28 10:00:00.000,2016,1,28,10,VRB02KT,05,04
2016-01-28 10:30:00.000,2016,1,28,10,34004KT,03,03
2016-01-28 11:00:00.000,2016,1,28,11,VRB02KT,03,03
2016-01-28 11:34:00.000,2016,1,28,11,05003KT,05,05
2016-01-28 12:00:00.000,2016,1,28,12,04003KT,05,05
2016-01-28 12:30:00.000,2016,1,28,12,07003KT,07,07
2016-01-28 13:00:00.000,2016,1,28,13,06005KT,11,07
2016-01-28 13:07:00.000,2016,1,28,13,06005KT,11,07
2016-01-28 13:30:00.000,2016,1,28,13,05004KT,13,06
2016-01-28 14:00:00.000,2016,1,28,14,03003KT,15,06
2016-01-28 14:30:00.000,2016,1,28,14,VRB02KT,17,07
2016-01-28 15:00:00.000,2016,1,28,15,VRB02KT,19,06
2016-01-28 16:00:00.000,2016,1,28,16,31004KT,21,05
2016-01-28 17:00:00.000,2016,1,28,17,23010KT,21,10
2016-01-28 17:20:00.000,2016,1,28,17,23010KT,21,10
2016-01-28 18:00:00.000,2016,1,28,18,24016KT,22,08
2016-01-28 18:30:00.000,2016,1,28,18,23011KT,21,09
2016-01-28 19:00:00.000,2016,1,28,19,22010KT,21,09
2016-01-28 20:00:00.000,2016,1,28,20,25010KT,21,10
2016-01-28 21:00:00.000,2016,1,28,21,28010KT,20,10
2016-01-28 22:00:00.000,2016,1,28,22,28010KT,20,10
2016-01-28 23:00:00.000,2016,1,28,23,27009KT,18,10
2016-01-29 00:00:00.000,2016,1,29,0,27005KT,17,09
2016-01-29 01:00:00.000,2016,1,29,1,30004KT,16,10
2016-01-29 02:00:00.000,2016,1,29,2,VRB02KT,14,11
2016-01-29 03:00:00.000,2016,1,29,3,VRB02KT,12,07
2016-01-29 04:00:00.000,2016,1,29,4,VRB02KT,13,10
2016-01-29 05:00:00.000,2016,1,29,5,VRB02KT,09,08
2016-01-29 06:00:00.000,2016,1,29,6,02004KT,10,09
2016-01-29 07:00:00.000,2016,1,29,7,0VRB02KT,09,09
2016-01-29 08:00:00.000,2016,1,29,8,VRB02KT,09,09
2016-01-29 09:00:00.000,2016,1,29,9,VRB02KT,08,08
2016-01-29 10:00:00.000,2016,1,29,10,VRB02KT,07,06
2016-01-29 10:31:00.000,2016,1,29,10,34003KT,06,05
2016-01-29 11:00:00.000,2016,1,29,11,VRB02KT,06,05
2016-01-29 12:00:00.000,2016,1,29,12,VRB02KT,06,05
2016-01-29 13:00:00.000,2016,1,29,13,02003KT,14,10
2016-01-29 13:22:00.000,2016,1,29,13,02003KT,14,10
2016-01-29 14:00:00.000,2016,1,29,14,VRB02KT,15,09
2016-01-29 15:00:00.000,2016,1,29,15,35003KT,18,08
2016-01-29 16:00:00.000,2016,1,29,16,VRB02KT,21,05
2016-01-29 17:00:00.000,2016,1,29,17,33010KT,23,04
2016-01-29 17:40:00.000,2016,1,29,17,21009KT,22,08
2016-01-29 18:00:00.000,2016,1,29,18,28010KT,22,08
2016-01-29 19:00:00.000,2016,1,29,19,30012KT,21,10
2016-01-29 20:00:00.000,2016,1,29,20,26016KT,19,11
2016-01-29 20:10:00.000,2016,1,29,20,26015KT,19,11
2016-01-29 21:00:00.000,2016,1,29,21,25009KT,19,12
2016-01-29 22:00:00.000,2016,1,29,22,26012KT,19,10
2016-01-29 23:00:00.000,2016,1,29,23,31008KT,17,10
2016-01-30 00:00:00.000,2016,1,30,0,34008KT,15,10
2016-01-30 01:00:00.000,2016,1,30,1,33004KT,13,09
2016-01-30 02:00:00.000,2016,1,30,2,VRB02KT,13,08
2016-01-30 03:00:00.000,2016,1,30,3,VRB02KT,12,07
2016-01-30 04:00:00.000,2016,1,30,4,VRB02KT,12,08
2016-01-30 05:00:00.000,2016,1,30,5,VRB02KT,09,07
2016-01-30 06:00:00.000,2016,1,30,6,29004KT,10,08
2016-01-30 07:00:00.000,2016,1,30,7,VRB02KT,10,07
2016-01-30 08:00:00.000,2016,1,30,8,VRB02KT,09,08
2016-01-30 09:00:00.000,2016,1,30,9,VRB02KT,09,07
2016-01-30 10:00:00.000,2016,1,30,10,VRB02KT,07,06
2016-01-30 10:30:00.000,2016,1,30,10,VRB02KT,05,04
2016-01-30 11:00:00.000,2016,1,30,11,VRB02KT,06,06
2016-01-30 11:30:00.000,2016,1,30,11,04003KT,05,04
2016-01-30 12:00:00.000,2016,1,30,12,02003KT,07,06
2016-01-30 12:25:00.000,2016,1,30,12,02003KT,09,08
2016-01-30 13:00:00.000,2016,1,30,13,04006KT,11,08
2016-01-30 13:05:00.000,2016,1,30,13,05005KT,13,08
2016-01-30 13:36:00.000,2016,1,30,13,03005KT,15,09
2016-01-30 14:00:00.000,2016,1,30,14,VRB02KT,16,09
2016-01-30 14:33:00.000,2016,1,30,14,31004KT,18,09
2016-01-30 15:00:00.000,2016,1,30,15,24003KT,19,09
2016-01-30 16:00:00.000,2016,1,30,16,11005KT,21,09
2016-01-30 17:00:00.000,2016,1,30,17,VRB06KT,22,06
2016-01-30 18:00:00.000,2016,1,30,18,25008KT,23,05
2016-01-30 19:00:00.000,2016,1,30,19,28012KT,21,09
2016-01-30 19:30:00.000,2016,1,30,19,28016KT,19,10
2016-01-30 20:00:00.000,2016,1,30,20,28014KT,19,11
2016-01-30 21:00:00.000,2016,1,30,21,31007KT,18,11
2016-01-30 22:00:00.000,2016,1,30,22,26007KT,18,11
2016-01-30 23:00:00.000,2016,1,30,23,28006KT,17,12
2016-01-31 00:00:00.000,2016,1,31,0,27008KT,15,12
2016-01-31 01:00:00.000,2016,1,31,1,30004KT,14,12
2016-01-31 02:00:00.000,2016,1,31,2,VRB02KT,13,11
2016-01-31 03:00:00.000,2016,1,31,3,VRB02KT,12,11
2016-01-31 04:00:00.000,2016,1,31,4,VRB02KT,13,11
2016-01-31 05:00:00.000,2016,1,31,5,VRB02KT,14,11
2016-01-31 06:00:00.000,2016,1,31,6,VRB02KT,13,11
2016-01-31 07:00:00.000,2016,1,31,7,28004KT,12,11
2016-01-31 08:00:00.000,2016,1,31,8,VRB02KT,11,09
2016-01-31 09:00:00.000,2016,1,31,9,VRB02KT,09,08
2016-01-31 10:00:00.000,2016,1,31,10,VRB02KT,09,08
2016-01-31 10:30:00.000,2016,1,31,10,VRB02KT,09,09
2016-01-31 11:00:00.000,2016,1,31,11,VRB02KT,10,09
2016-01-31 12:00:00.000,2016,1,31,12,VRB02KT,11,10
2016-01-31 13:00:00.000,2016,1,31,13,VRB02KT,13,10
2016-01-31 14:00:00.000,2016,1,31,14,29006KT,15,10
2016-01-31 14:26:00.000,2016,1,31,14,28007KT,17,08
2016-01-31 15:00:00.000,2016,1,31,15,27005KT,18,08
2016-01-31 16:00:00.000,2016,1,31,16,35004KT,19,07
2016-01-31 17:00:00.000,2016,1,31,17,VRB02KT,21,06
2016-01-31 18:00:00.000,2016,1,31,18,24006KT,22,05
2016-01-31 19:00:00.000,2016,1,31,19,28013KT,21,10
2016-01-31 19:40:00.000,2016,1,31,19,26014KT,20,10
2016-01-31 20:00:00.000,2016,1,31,20,28016KT,21,11
2016-01-31 21:00:00.000,2016,1,31,21,27010KT,19,11
2016-01-31 22:00:00.000,2016,1,31,22,28012KT,18,10
2016-01-31 23:00:00.000,2016,1,31,23,27008KT,17,11
2016-02-01 00:00:00.000,2016,2,1,0,27006KT,16,12
2016-02-01 01:00:00.000,2016,2,1,1,30003KT,15,13
2016-02-01 02:00:00.000,2016,2,1,2,33003KT,13,12
2016-02-01 03:00:00.000,2016,2,1,3,VRB02KT,12,11
2016-02-01 04:00:00.000,2016,2,1,4,VRB02KT,12,11
2016-02-01 05:00:00.000,2016,2,1,5,00000KT,10,09
2016-02-01 06:00:00.000,2016,2,1,6,00000KT,10,08
2016-02-01 07:00:00.000,2016,2,1,7,02003KT,08,07
2016-02-01 08:00:00.000,2016,2,1,8,VRB02KT,08,08
2016-02-01 09:00:00.000,2016,2,1,9,36003KT,06,05
2016-02-01 10:00:00.000,2016,2,1,10,00000KT,06,05
2016-02-01 10:30:00.000,2016,2,1,10,00000KT,06,05
2016-02-01 11:00:00.000,2016,2,1,11,35003KT,04,04
2016-02-01 11:40:00.000,2016,2,1,11,34003KT,04,04
2016-02-01 12:00:00.000,2016,2,1,12,01004KT,04,04
2016-02-01 12:30:00.000,2016,2,1,12,03006KT,09,08
2016-02-01 13:00:00.000,2016,2,1,13,02004KT,10,09
2016-02-01 14:00:00.000,2016,2,1,14,27004KT,15,08
2016-02-01 15:00:00.000,2016,2,1,15,04004KT,18,04
2016-02-01 16:00:00.000,2016,2,1,16,18008KT,,
2016-02-01 17:00:00.000,2016,2,1,17,14004KT,,
2016-02-01 18:00:00.000,2016,2,1,18,16005KT,,
2016-02-01 18:13:00.000,2016,2,1,18,23015KT,22,03
2016-02-01 19:00:00.000,2016,2,1,19,25015KT,22,08
2016-02-01 20:00:00.000,2016,2,1,20,26012KT,21,09
2016-02-01 21:00:00.000,2016,2,1,21,26014KT,20,09
2016-02-01 22:00:00.000,2016,2,1,22,27010KT,19,09
2016-02-01 23:00:00.000,2016,2,1,23,24012KT,18,09
2016-02-02 00:00:00.000,2016,2,2,0,26006KT,16,08
2016-02-02 01:00:00.000,2016,2,2,1,VRB02KT,12,08
2016-02-02 02:00:00.000,2016,2,2,2,VRB02KT,11,09
2016-02-02 03:00:00.000,2016,2,2,3,VRB02KT,11,09
2016-02-02 04:00:00.000,2016,2,2,4,14005KT,12,09
2016-02-02 05:00:00.000,2016,2,2,5,34004KT,10,05
2016-02-02 06:00:00.000,2016,2,2,6,VRB02KT,08,06
2016-02-02 07:00:00.000,2016,2,2,7,VRB02KT,06,05
2016-02-02 08:00:00.000,2016,2,2,8,VRB02KT,06,05
2016-02-02 09:00:00.000,2016,2,2,9,VRB02KT,06,05
2016-02-02 10:00:00.000,2016,2,2,10,00000KT,04,04
2016-02-02 10:30:00.000,2016,2,2,10,VRB02KT,04,04
2016-02-02 11:00:00.000,2016,2,2,11,01003KT,04,04
2016-02-02 12:00:00.000,2016,2,2,12,05003KT,06,05
2016-02-02 12:33:00.000,2016,2,2,12,04004KT,10,09
2016-02-02 13:00:00.000,2016,2,2,13,06007KT,11,08
2016-02-02 14:00:00.000,2016,2,2,14,VRB02KT,15,08
2016-02-02 15:00:00.000,2016,2,2,15,VRB02KT,17,07
2016-02-02 16:00:00.000,2016,2,2,16,23008KT,21,04
2016-02-02 16:15:00.000,2016,2,2,16,23008KT,21,04
2016-02-02 17:00:00.000,2016,2,2,17,18007KT,22,02
2016-02-02 17:40:00.000,2016,2,2,17,23010KT,22,04
2016-02-02 18:00:00.000,2016,2,2,18,20007KT,22,08
2016-02-02 19:00:00.000,2016,2,2,19,25010KT,22,08
2016-02-02 20:00:00.000,2016,2,2,20,24010KT,21,09
2016-02-02 21:00:00.000,2016,2,2,21,25013KT,21,09
2016-02-02 22:00:00.000,2016,2,2,22,26012KT,19,10
2016-02-02 23:00:00.000,2016,2,2,23,28008KT,17,10
2016-02-03 00:00:00.000,2016,2,3,0,00000KT,15,09
2016-02-03 01:00:00.000,2016,2,3,1,28004KT,15,09
2016-02-03 02:00:00.000,2016,2,3,2,VRB02KT,15,09
2016-02-03 04:00:00.000,2016,2,3,4,04006KT,13,09
2016-02-03 05:00:00.000,2016,2,3,5,05006KT,11,08
2016-02-03 06:00:00.000,2016,2,3,6,03004KT,11,08
2016-02-03 07:00:00.000,2016,2,3,7,04006KT,10,08
2016-02-03 08:00:00.000,2016,2,3,8,VRB02KT,09,08
2016-02-03 09:00:00.000,2016,2,3,9,VRB02KT,07,06
2016-02-03 10:00:00.000,2016,2,3,10,VRB02KT,09,08
2016-02-03 10:30:00.000,2016,2,3,10,VRB02KT,06,06
2016-02-03 11:00:00.000,2016,2,3,11,03003KT,07,07
2016-02-03 12:00:00.000,2016,2,3,12,04004KT,09,08
2016-02-03 12:11:00.000,2016,2,3,12,02005KT,09,08
2016-02-03 12:40:00.000,2016,2,3,12,05006KT,10,09
2016-02-03 13:00:00.000,2016,2,3,13,06004KT,11,10
2016-02-03 13:28:00.000,2016,2,3,13,05006KT,13,09
2016-02-03 14:00:00.000,2016,2,3,14,07006KT,17,09
2016-02-03 14:20:00.000,2016,2,3,14,07006KT,17,09
2016-02-03 15:00:00.000,2016,2,3,15,15006KT,19,08
2016-02-03 16:00:00.000,2016,2,3,16,32006KT,21,05
2016-02-03 17:00:00.000,2016,2,3,17,05005KT,22,06
2016-02-03 18:00:00.000,2016,2,3,18,22010KT,20,09
2016-02-03 18:10:00.000,2016,2,3,18,24010KT,22,09
2016-02-03 19:00:00.000,2016,2,3,19,27011KT,22,09
2016-02-03 20:00:00.000,2016,2,3,20,29015KT,21,11
2016-02-03 21:00:00.000,2016,2,3,21,27015KT,20,11
2016-02-03 22:00:00.000,2016,2,3,22,26011KT,19,11
2016-02-03 23:00:00.000,2016,2,3,23,19008KT,18,12
2016-02-04 00:00:00.000,2016,2,4,0,24004KT,16,13
2016-02-04 01:00:00.000,2016,2,4,1,24005KT,16,13
2016-02-04 02:00:00.000,2016,2,4,2,15006KT,16,10
2016-02-04 02:25:00.000,2016,2,4,2,VRB02KT,15,12
2016-02-04 03:00:00.000,2016,2,4,3,33004KT,14,12
2016-02-04 04:00:00.000,2016,2,4,4,VRB02KT,14,12
2016-02-04 05:00:00.000,2016,2,4,5,VRB02KT,14,12
2016-02-04 06:00:00.000,2016,2,4,6,VRB02KT,13,12
2016-02-04 07:00:00.000,2016,2,4,7,VRB02KT,13,12
2016-02-04 08:00:00.000,2016,2,4,8,VRB02KT,13,11
2016-02-04 09:00:00.000,2016,2,4,9,VRB02KT,12,11
2016-02-04 10:00:00.000,2016,2,4,10,36003KT,12,11
2016-02-04 10:28:00.000,2016,2,4,10,VRB02KT,12,10
2016-02-04 11:00:00.000,2016,2,4,11,VRB02KT,13,11
2016-02-04 12:00:00.000,2016,2,4,12,VRB02KT,12,10
2016-02-04 13:00:00.000,2016,2,4,13,30004KT,14,11
2016-02-04 14:00:00.000,2016,2,4,14,29004KT,17,10
2016-02-04 15:00:00.000,2016,2,4,15,VRB02KT,19,09
2016-02-04 16:00:00.000,2016,2,4,16,19006KT,20,09
2016-02-04 17:00:00.000,2016,2,4,17,VRB02KT,22,07
2016-02-04 18:00:00.000,2016,2,4,18,28014KT,19,11
2016-02-04 19:00:00.000,2016,2,4,19,28016KT,20,10
2016-02-04 20:00:00.000,2016,2,4,20,27013KT,19,11
2016-02-04 21:00:00.000,2016,2,4,21,28009KT,18,11
2016-02-04 21:15:00.000,2016,2,4,21,27006KT,18,10
2016-02-04 22:00:00.000,2016,2,4,22,24004KT,16,12
2016-02-04 23:00:00.000,2016,2,4,23,24004KT,15,12
2016-02-05 00:00:00.000,2016,2,5,0,02004KT,13,10
2016-02-05 01:00:00.000,2016,2,5,1,VRB02KT,11,10
2016-02-05 02:00:00.000,2016,2,5,2,VRB02KT,11,10
2016-02-05 03:00:00.000,2016,2,5,3,VRB02KT,10,09
2016-02-05 04:00:00.000,2016,2,5,4,34003KT,10,09
2016-02-05 05:00:00.000,2016,2,5,5,33004KT,11,10
2016-02-05 06:00:00.000,2016,2,5,6,00000KT,11,10
2016-02-05 07:00:00.000,2016,2,5,7,VRB02KT,11,10
2016-02-05 08:00:00.000,2016,2,5,8,32003KT,11,09
2016-02-05 09:00:00.000,2016,2,5,9,VRB02KT,11,10
2016-02-05 10:00:00.000,2016,2,5,10,VRB02KT,11,10
2016-02-05 10:30:00.000,2016,2,5,10,00000KT,10,09
2016-02-05 11:00:00.000,2016,2,5,11,VRB02KT,10,10
2016-02-05 12:00:00.000,2016,2,5,12,VRB02KT,11,11
2016-02-05 12:33:00.000,2016,2,5,12,VRB02KT,13,12
2016-02-05 13:00:00.000,2016,2,5,13,35003KT,14,12
2016-02-05 14:00:00.000,2016,2,5,14,07005KT,16,12
2016-02-05 15:00:00.000,2016,2,5,15,19003KT,17,11
2016-02-05 15:35:00.000,2016,2,5,15,10004KT,19,10
2016-02-05 16:00:00.000,2016,2,5,16,16006KT,19,07
2016-02-05 17:00:00.000,2016,2,5,17,20007KT,20,08
2016-02-05 18:00:00.000,2016,2,5,18,17011KT,21,09
2016-02-05 19:00:00.000,2016,2,5,19,09008KT,19,08
2016-02-05 19:45:00.000,2016,2,5,19,29008KT,18,11
2016-02-05 20:00:00.000,2016,2,5,20,26010KT,16,12
2016-02-05 20:40:00.000,2016,2,5,20,26007KT,17,11
2016-02-05 21:00:00.000,2016,2,5,21,25008KT,16,12
2016-02-05 22:00:00.000,2016,2,5,22,24006KT,16,12
2016-02-05 23:00:00.000,2016,2,5,23,30008KT,15,12
2016-02-06 00:00:00.000,2016,2,6,0,27008KT,14,12
2016-02-06 01:00:00.000,2016,2,6,1,25006KT,14,12
2016-02-06 02:00:00.000,2016,2,6,2,31004KT,14,12
2016-02-06 03:00:00.000,2016,2,6,3,VRB02KT,13,12
2016-02-06 04:00:00.000,2016,2,6,4,32004KT,12,11
2016-02-06 05:00:00.000,2016,2,6,5,VRB02KT,12,11
2016-02-06 06:00:00.000,2016,2,6,6,VRB02KT,11,10
2016-02-06 07:00:00.000,2016,2,6,7,VRB02KT,11,11
2016-02-06 08:00:00.000,2016,2,6,8,VRB02KT,10,08
2016-02-06 09:00:00.000,2016,2,6,9,VRB02KT,06,06
2016-02-06 09:30:00.000,2016,2,6,9,VRB02KT,07,07
2016-02-06 10:00:00.000,2016,2,6,10,VRB02KT,08,08
2016-02-06 10:30:00.000,2016,2,6,10,VRB02KT,08,08
2016-02-06 11:00:00.000,2016,2,6,11,VRB02KT,08,07
2016-02-06 12:00:00.000,2016,2,6,12,VRB02KT,09,09
2016-02-06 12:20:00.000,2016,2,6,12,VRB02KT,09,09
2016-02-06 13:00:00.000,2016,2,6,13,VRB02KT,11,10
2016-02-06 14:00:00.000,2016,2,6,14,17004KT,15,10
2016-02-06 15:00:00.000,2016,2,6,15,15007KT,17,06
2016-02-06 16:00:00.000,2016,2,6,16,VRB02KT,18,06
2016-02-06 17:00:00.000,2016,2,6,17,13006KT,19,06
2016-02-06 17:34:00.000,2016,2,6,17,14014KT,21,05
2016-02-06 18:00:00.000,2016,2,6,18,11015KT,21,06
2016-02-06 19:00:00.000,2016,2,6,19,16017KT,23,06
2016-02-06 20:00:00.000,2016,2,6,20,16016KT,21,06
2016-02-06 21:00:00.000,2016,2,6,21,14015KT,19,07
2016-02-06 22:00:00.000,2016,2,6,22,13007KT,19,07
2016-02-06 23:00:00.000,2016,2,6,23,11010KT,18,07
2016-02-07 00:00:00.000,2016,2,7,0,15013KT,17,08
2016-02-07 01:00:00.000,2016,2,7,1,16012KT,16,08
2016-02-07 02:00:00.000,2016,2,7,2,08003KT,15,08
2016-02-07 03:00:00.000,2016,2,7,3,03004KT,13,08
2016-02-07 04:00:00.000,2016,2,7,4,05005KT,12,08
2016-02-07 05:00:00.000,2016,2,7,5,36005KT,11,09
2016-02-07 06:00:00.000,2016,2,7,6,06003KT,11,09
2016-02-07 07:00:00.000,2016,2,7,7,06004KT,10,09
2016-02-07 08:00:00.000,2016,2,7,8,05004KT,11,09
2016-02-07 09:00:00.000,2016,2,7,9,05003KT,09,08
2016-02-07 10:00:00.000,2016,2,7,10,10003KT,11,09
2016-02-07 10:30:00.000,2016,2,7,10,02003KT,10,08
2016-02-07 11:00:00.000,2016,2,7,11,03005KT,10,08
2016-02-07 12:00:00.000,2016,2,7,12,04006KT,11,09
2016-02-07 13:00:00.000,2016,2,7,13,03006KT,14,10
2016-02-07 13:42:00.000,2016,2,7,13,09004KT,16,10
2016-02-07 14:00:00.000,2016,2,7,14,10003KT,16,10
2016-02-07 15:00:00.000,2016,2,7,15,18006KT,18,08
2016-02-07 16:00:00.000,2016,2,7,16,11005KT,18,09
2016-02-07 17:00:00.000,2016,2,7,17,15010KT,19,08
2016-02-07 18:00:00.000,2016,2,7,18,14010KT,20,08
2016-02-07 19:00:00.000,2016,2,7,19,12008KT,20,08
2016-02-07 20:00:00.000,2016,2,7,20,16012KT,18,09
2016-02-07 21:00:00.000,2016,2,7,21,13004KT,19,09
2016-02-07 22:00:00.000,2016,2,7,22,11009KT,18,09
2016-02-07 23:00:00.000,2016,2,7,23,08008KT,18,09
2016-02-08 00:00:00.000,2016,2,8,0,12007KT,17,09
2016-02-08 01:00:00.000,2016,2,8,1,13006KT,16,08
2016-02-08 02:00:00.000,2016,2,8,2,10005KT,16,09
2016-02-08 03:00:00.000,2016,2,8,3,08003KT,16,09
2016-02-08 04:00:00.000,2016,2,8,4,07004KT,15,09
2016-02-08 05:00:00.000,2016,2,8,5,VRB02KT,14,09
2016-02-08 06:00:00.000,2016,2,8,6,VRB02KT,13,09
2016-02-08 07:00:00.000,2016,2,8,7,03005KT,13,10
2016-02-08 08:00:00.000,2016,2,8,8,VRB02KT,13,10
2016-02-08 09:00:00.000,2016,2,8,9,07004KT,13,10
2016-02-08 10:00:00.000,2016,2,8,10,06006KT,13,10
2016-02-08 10:29:00.000,2016,2,8,10,06004KT,13,10
2016-02-08 11:00:00.000,2016,2,8,11,04006KT,12,10
2016-02-08 12:00:00.000,2016,2,8,12,05006KT,13,11
2016-02-08 12:16:00.000,2016,2,8,12,05006KT,13,11
2016-02-08 12:38:00.000,2016,2,8,12,07005KT,13,11
2016-02-08 13:00:00.000,2016,2,8,13,05005KT,14,11
2016-02-08 14:00:00.000,2016,2,8,14,08006KT,16,10
2016-02-08 15:00:00.000,2016,2,8,15,17009KT,16,10
2016-02-08 16:00:00.000,2016,2,8,16,13013KT,17,08
2016-02-08 17:00:00.000,2016,2,8,17,12008KT,18,08
2016-02-08 18:00:00.000,2016,2,8,18,10010KT,19,07
2016-02-08 19:00:00.000,2016,2,8,19,10012KT,18,08
2016-02-08 20:00:00.000,2016,2,8,20,13010KT,18,08
2016-02-08 21:00:00.000,2016,2,8,21,12010KT,18,08
2016-02-08 22:00:00.000,2016,2,8,22,11010KT,17,08
2016-02-08 23:00:00.000,2016,2,8,23,13012KT,16,08
2016-02-09 00:00:00.000,2016,2,9,0,06003KT,14,08
2016-02-09 01:00:00.000,2016,2,9,1,11003KT,13,08
2016-02-09 02:00:00.000,2016,2,9,2,08004KT,14,08
2016-02-09 03:00:00.000,2016,2,9,3,13004KT,14,08
2016-02-09 04:00:00.000,2016,2,9,4,09006KT,14,08
2016-02-09 05:00:00.000,2016,2,9,5,08005KT,13,08
2016-02-09 06:00:00.000,2016,2,9,6,05004KT,11,08
2016-02-09 07:00:00.000,2016,2,9,7,06005KT,11,09
2016-02-09 08:00:00.000,2016,2,9,8,05006KT,09,07
2016-02-09 09:00:00.000,2016,2,9,9,07006KT,08,07
2016-02-09 10:00:00.000,2016,2,9,10,05004KT,10,08
2016-02-09 10:30:00.000,2016,2,9,10,03007KT,10,08
2016-02-09 11:00:00.000,2016,2,9,11,04008KT,10,08
2016-02-09 12:00:00.000,2016,2,9,12,06007KT,12,08
2016-02-09 13:00:00.000,2016,2,9,13,02008KT,14,08
2016-02-09 14:00:00.000,2016,2,9,14,09005KT,18,07
2016-02-09 15:00:00.000,2016,2,9,15,10011KT,18,06
2016-02-09 16:00:00.000,2016,2,9,16,11010KT,20,06
2016-02-09 17:00:00.000,2016,2,9,17,14012KT,21,06
2016-02-09 18:00:00.000,2016,2,9,18,16010KT,20,06
2016-02-09 19:00:00.000,2016,2,9,19,13007KT,20,06
2016-02-09 20:00:00.000,2016,2,9,20,16010KT,19,07
2016-02-09 21:00:00.000,2016,2,9,21,14014KT,19,08
2016-02-09 22:00:00.000,2016,2,9,22,14012KT,19,07
2016-02-09 23:00:00.000,2016,2,9,23,10006KT,18,07
2016-02-10 00:00:00.000,2016,2,10,0,09005KT,17,07
2016-02-10 01:00:00.000,2016,2,10,1,10009KT,16,08
2016-02-10 02:00:00.000,2016,2,10,2,04006KT,15,08
2016-02-10 03:00:00.000,2016,2,10,3,10003KT,15,10
2016-02-10 04:00:00.000,2016,2,10,4,07003KT,15,10
2016-02-10 05:00:00.000,2016,2,10,5,04008KT,14,10
2016-02-10 06:00:00.000,2016,2,10,6,06009KT,12,09
2016-02-10 07:00:00.000,2016,2,10,7,05006KT,13,10
2016-02-10 08:00:00.000,2016,2,10,8,05005KT,13,09
2016-02-10 09:00:00.000,2016,2,10,9,02006KT,12,09
2016-02-10 10:00:00.000,2016,2,10,10,07008KT,12,09
2016-02-10 10:30:00.000,2016,2,10,10,36006KT,12,09
2016-02-10 11:00:00.000,2016,2,10,11,05004KT,12,09
2016-02-10 12:00:00.000,2016,2,10,12,06006KT,13,10
2016-02-10 13:00:00.000,2016,2,10,13,06010KT,14,10
2016-02-10 14:00:00.000,2016,2,10,14,07010KT,16,09
2016-02-10 15:00:00.000,2016,2,10,15,05004KT,18,09
2016-02-10 16:00:00.000,2016,2,10,16,13008KT,20,08
2016-02-10 17:00:00.000,2016,2,10,17,05010KT,19,09
2016-02-10 18:00:00.000,2016,2,10,18,06010KT,19,09
2016-02-10 19:00:00.000,2016,2,10,19,11012KT,19,09
2016-02-10 20:00:00.000,2016,2,10,20,08007KT,20,09
2016-02-10 21:00:00.000,2016,2,10,21,12012KT,19,09
2016-02-10 22:00:00.000,2016,2,10,22,10012KT,19,09
2016-02-10 23:00:00.000,2016,2,10,23,09010KT,18,08
2016-02-11 00:00:00.000,2016,2,11,0,13007KT,16,08
2016-02-11 01:00:00.000,2016,2,11,1,08005KT,15,08
2016-02-11 02:00:00.000,2016,2,11,2,08006KT,15,08
2016-02-11 03:00:00.000,2016,2,11,3,07005KT,14,08
2016-02-11 04:00:00.000,2016,2,11,4,05007KT,13,08
2016-02-11 05:00:00.000,2016,2,11,5,05005KT,11,08
2016-02-11 06:00:00.000,2016,2,11,6,05007KT,18,08
2016-02-11 07:00:00.000,2016,2,11,7,04005KT,09,06
2016-02-11 08:00:00.000,2016,2,11,8,VRB02KT,09,07
2016-02-11 09:00:00.000,2016,2,11,9,05006KT,08,06
2016-02-11 10:00:00.000,2016,2,11,10,07008KT,09,06
2016-02-11 10:30:00.000,2016,2,11,10,05007KT,08,06
2016-02-11 11:00:00.000,2016,2,11,11,06008KT,08,06
2016-02-11 12:00:00.000,2016,2,11,12,05006KT,11,07
2016-02-11 12:15:00.000,2016,2,11,12,05006KT,11,07
2016-02-11 13:00:00.000,2016,2,11,13,07008KT,15,06
2016-02-11 13:22:00.000,2016,2,11,13,07008KT,15,06
2016-02-11 14:00:00.000,2016,2,11,14,08009KT,13,07
2016-02-11 15:00:00.000,2016,2,11,15,15010KT,18,04
2016-02-11 16:00:00.000,2016,2,11,16,14010KT,20,04
2016-02-11 17:00:00.000,2016,2,11,17,11009KT,21,04
2016-02-11 18:00:00.000,2016,2,11,18,12009KT,20,03
2016-02-11 19:00:00.000,2016,2,11,19,09004KT,23,04
2016-02-11 20:00:00.000,2016,2,11,20,13008KT,21,03
2016-02-11 21:00:00.000,2016,2,11,21,06007KT,21,04
2016-02-11 22:00:00.000,2016,2,11,22,10010KT,19,05
2016-02-11 23:00:00.000,2016,2,11,23,19008KT,19,06
2016-02-12 00:00:00.000,2016,2,12,0,19008KT,16,08
2016-02-12 01:00:00.000,2016,2,12,1,18005KT,16,06
2016-02-12 02:00:00.000,2016,2,12,2,08005KT,13,08
2016-02-12 03:00:00.000,2016,2,12,3,VRB02KT,14,09
2016-02-12 04:00:00.000,2016,2,12,4,03005KT,12,08
2016-02-12 05:00:00.000,2016,2,12,5,VRB02KT,12,09
2016-02-12 06:00:00.000,2016,2,12,6,04005KT,12,08
2016-02-12 07:00:00.000,2016,2,12,7,04004KT,13,08
2016-02-12 08:00:00.000,2016,2,12,8,05006KT,13,08
2016-02-12 09:00:00.000,2016,2,12,9,07006KT,13,07
2016-02-12 10:00:00.000,2016,2,12,10,VRB02KT,11,07
2016-02-12 11:00:00.000,2016,2,12,11,VRB02KT,10,06
2016-02-12 12:00:00.000,2016,2,12,12,07005KT,12,08
2016-02-12 13:00:00.000,2016,2,12,13,05007KT,14,08
2016-02-12 14:00:00.000,2016,2,12,14,04006KT,16,08
2016-02-12 15:00:00.000,2016,2,12,15,11008KT,18,07
2016-02-12 16:00:00.000,2016,2,12,16,07004KT,19,05
2016-02-12 17:00:00.000,2016,2,12,17,20004KT,20,06
2016-02-12 18:00:00.000,2016,2,12,18,17008KT,21,07
2016-02-12 19:00:00.000,2016,2,12,19,25005KT,21,07
2016-02-12 20:00:00.000,2016,2,12,20,18012KT,20,07
2016-02-12 21:00:00.000,2016,2,12,21,25012KT,19,10
2016-02-12 22:00:00.000,2016,2,12,22,17010KT,19,08
2016-02-12 23:00:00.000,2016,2,12,23,22009KT,18,08
2016-02-13 00:00:00.000,2016,2,13,0,21004KT,17,09
2016-02-13 01:00:00.000,2016,2,13,1,27004KT,15,10
2016-02-13 02:00:00.000,2016,2,13,2,18008KT,16,08
2016-02-13 03:00:00.000,2016,2,13,3,VRB02KT,14,09
2016-02-13 04:00:00.000,2016,2,13,4,03005KT,12,08
2016-02-13 05:00:00.000,2016,2,13,5,VRB02KT,12,09
2016-02-13 06:00:00.000,2016,2,13,6,06004KT,12,09
2016-02-13 07:00:00.000,2016,2,13,7,04006KT,12,09
2016-02-13 08:00:00.000,2016,2,13,8,04004KT,11,09
2016-02-13 09:00:00.000,2016,2,13,9,06005KT,12,11
2016-02-13 10:00:00.000,2016,2,13,10,07004KT,12,09
2016-02-13 10:30:00.000,2016,2,13,10,05004KT,12,09
2016-02-13 11:00:00.000,2016,2,13,11,03004KT,12,09
2016-02-13 12:00:00.000,2016,2,13,12,05007KT,12,09
2016-02-13 13:00:00.000,2016,2,13,13,VRB02KT,15,09
2016-02-13 14:00:00.000,2016,2,13,14,VRB02KT,17,08
2016-02-13 15:00:00.000,2016,2,13,15,VRB02KT,18,08
2016-02-13 16:00:00.000,2016,2,13,16,20006KT,19,07
2016-02-13 17:00:00.000,2016,2,13,17,VRB20KT,20,07
2016-02-13 18:00:00.000,2016,2,13,18,01008KT,20,08
2016-02-13 19:00:00.000,2016,2,13,19,26009KT,21,09
2016-02-13 20:00:00.000,2016,2,13,20,24010KT,21,10
2016-02-13 21:00:00.000,2016,2,13,21,24008KT,20,10
2016-02-13 21:08:00.000,2016,2,13,21,24008KT,20,10
2016-02-13 22:00:00.000,2016,2,13,22,26009KT,19,11
2016-02-13 23:00:00.000,2016,2,13,23,28008KT,17,12
2016-02-14 00:00:00.000,2016,2,14,0,25005KT,16,12
2016-02-14 01:00:00.000,2016,2,14,1,VRB02KT,14,12
2016-02-14 02:00:00.000,2016,2,14,2,03003KT,13,11
2016-02-14 03:00:00.000,2016,2,14,3,35004KT,13,12
2016-02-14 04:00:00.000,2016,2,14,4,25004KT,16,11
2016-02-14 05:00:00.000,2016,2,14,5,16006KT,15,09
2016-02-14 06:00:00.000,2016,2,14,6,00000KT,13,10
2016-02-14 07:00:00.000,2016,2,14,7,VRB02KT,13,09
2016-02-14 08:00:00.000,2016,2,14,8,VRB02KT,13,09
2016-02-14 09:00:00.000,2016,2,14,9,VRB02KT,11,09
2016-02-14 10:00:00.000,2016,2,14,10,VRB02KT,12,09
2016-02-14 10:30:00.000,2016,2,14,10,VRB02KT,12,10
2016-02-14 11:00:00.000,2016,2,14,11,VRB02KT,12,10
2016-02-14 12:00:00.000,2016,2,14,12,05003KT,13,10
2016-02-14 13:00:00.000,2016,2,14,13,04006KT,15,10
2016-02-14 14:00:00.000,2016,2,14,14,13008KT,17,09
2016-02-14 15:00:00.000,2016,2,14,15,14008KT,19,09
2016-02-14 16:00:00.000,2016,2,14,16,18010KT,20,09
2016-02-14 17:00:00.000,2016,2,14,17,15014KT,21,08
2016-02-14 18:00:00.000,2016,2,14,18,17012KT,22,07
2016-02-14 19:00:00.000,2016,2,14,19,18014KT,22,06
2016-02-14 20:00:00.000,2016,2,14,20,20012KT,22,05
2016-02-14 21:00:00.000,2016,2,14,21,19016KT,21,07
2016-02-14 22:00:00.000,2016,2,14,22,20006KT,21,06
2016-02-14 23:00:00.000,2016,2,14,23,18013KT,19,07
2016-02-15 00:00:00.000,2016,2,15,0,22003KT,17,08
2016-02-15 01:00:00.000,2016,2,15,1,VRB02KT,13,08
2016-02-15 02:00:00.000,2016,2,15,2,04004KT,12,08
2016-02-15 03:00:00.000,2016,2,15,3,02003KT,12,09
2016-02-15 04:00:00.000,2016,2,15,4,03005KT,11,08
2016-02-15 05:00:00.000,2016,2,15,5,04004KT,11,09
2016-02-15 06:00:00.000,2016,2,15,6,05005KT,08,09
2016-02-15 07:00:00.000,2016,2,15,7,04003KT,11,08
2016-02-15 08:00:00.000,2016,2,15,8,01008KT,10,08
2016-02-15 09:00:00.000,2016,2,15,9,36003KT,08,07
2016-02-15 10:00:00.000,2016,2,15,10,VRB02KT,09,08
2016-02-15 10:30:00.000,2016,2,15,10,06003KT,09,08
2016-02-15 11:00:00.000,2016,2,15,11,04006KT,11,09
2016-02-15 12:00:00.000,2016,2,15,12,03004KT,12,09
2016-02-15 13:00:00.000,2016,2,15,13,06006KT,13,10
2016-02-15 14:00:00.000,2016,2,15,14,04004KT,14,10
2016-02-15 15:00:00.000,2016,2,15,15,14004KT,16,10
2016-02-15 16:00:00.000,2016,2,15,16,13008KT,18,09
2016-02-15 17:00:00.000,2016,2,15,17,28005KT,26,25
2016-02-15 18:00:00.000,2016,2,15,18,15010KT,18,09
2016-02-15 19:00:00.000,2016,2,15,19,15010KT,19,09
2016-02-15 20:00:00.000,2016,2,15,20,10008KT,20,08
2016-02-15 21:00:00.000,2016,2,15,21,09010KT,19,09
2016-02-15 22:00:00.000,2016,2,15,22,10010KT,18,10
2016-02-15 23:00:00.000,2016,2,15,23,08010KT,17,10
2016-02-16 00:00:00.000,2016,2,16,0,06009KT,16,10
2016-02-16 01:00:00.000,2016,2,16,1,07006KT,15,09
2016-02-16 02:00:00.000,2016,2,16,2,08006KT,15,09
2016-02-16 03:00:00.000,2016,2,16,3,05004KT,14,09
2016-02-16 04:00:00.000,2016,2,16,4,05006KT,12,09
2016-02-16 05:00:00.000,2016,2,16,5,04006KT,12,09
2016-02-16 06:00:00.000,2016,2,16,6,05009KT,13,09
2016-02-16 07:00:00.000,2016,2,16,7,05009KT,13,09
2016-02-16 08:00:00.000,2016,2,16,8,04006KT,13,09
2016-02-16 09:00:00.000,2016,2,16,9,05006KT,13,09
2016-02-16 10:00:00.000,2016,2,16,10,06004KT,13,09
2016-02-16 10:30:00.000,2016,2,16,10,04007KT,12,09
2016-02-16 11:00:00.000,2016,2,16,11,04007KT,12,09
2016-02-16 12:00:00.000,2016,2,16,12,06005KT,13,09
2016-02-16 13:00:00.000,2016,2,16,13,09004KT,15,10
2016-02-16 14:00:00.000,2016,2,16,14,09003KT,16,09
2016-02-16 15:00:00.000,2016,2,16,15,06006KT,17,09
2016-02-16 16:00:00.000,2016,2,16,16,14013KT,19,09
2016-02-16 17:00:00.000,2016,2,16,17,13013KT,20,08
2016-02-16 18:00:00.000,2016,2,16,18,12010KT,22,08
2016-02-16 19:00:00.000,2016,2,16,19,12009KT,22,08
2016-02-16 20:00:00.000,2016,2,16,20,12008KT,21,07
2016-02-16 21:00:00.000,2016,2,16,21,07014KT,18,10
2016-02-16 22:00:00.000,2016,2,16,22,11008KT,19,08
2016-02-16 23:00:00.000,2016,2,16,23,11008KT,19,08
2016-02-17 00:00:00.000,2016,2,17,0,03005KT,16,08
2016-02-17 01:00:00.000,2016,2,17,1,04006KT,14,08
2016-02-17 02:00:00.000,2016,2,17,2,01004KT,13,09
2016-02-17 03:00:00.000,2016,2,17,3,03004KT,13,09
2016-02-17 04:00:00.000,2016,2,17,4,05004KT,12,09
2016-02-17 05:00:00.000,2016,2,17,5,32003KT,13,10
2016-02-17 06:00:00.000,2016,2,17,6,VRB02KT,14,10
2016-02-17 07:00:00.000,2016,2,17,7,01004KT,13,10
2016-02-17 08:00:00.000,2016,2,17,8,03005KT,12,10
2016-02-17 09:00:00.000,2016,2,17,9,05004KT,12,10
2016-02-17 10:00:00.000,2016,2,17,10,05007KT,12,10
2016-02-17 10:31:00.000,2016,2,17,10,VRB02KT,12,10
2016-02-17 11:00:00.000,2016,2,17,11,03005KT,12,10
2016-02-17 12:00:00.000,2016,2,17,12,07007KT,12,10
2016-02-17 13:00:00.000,2016,2,17,13,03007KT,15,11
2016-02-17 14:00:00.000,2016,2,17,14,06006KT,18,10
2016-02-17 15:00:00.000,2016,2,17,15,07010KT,20,08
2016-02-17 16:00:00.000,2016,2,17,16,VRB04KT,21,06
2016-02-17 17:00:00.000,2016,2,17,17,070004KT,21,06
2016-02-17 18:00:00.000,2016,2,17,18,17004KT,23,06
2016-02-17 19:00:00.000,2016,2,17,19,30010KT,21,11
2016-02-17 20:00:00.000,2016,2,17,20,29008KT,19,11
2016-02-17 21:00:00.000,2016,2,17,21,29007KT,21,11
2016-02-17 22:00:00.000,2016,2,17,22,28007KT,18,12
2016-02-17 23:00:00.000,2016,2,17,23,28005KT,17,13
2016-02-18 00:00:00.000,2016,2,18,0,28005KT,16,13
2016-02-18 01:00:00.000,2016,2,18,1,VRB02KT,16,13
2016-02-18 02:00:00.000,2016,2,18,2,VRB02KT,16,12
2016-02-18 03:00:00.000,2016,2,18,3,VRB02KT,14,10
2016-02-18 04:00:00.000,2016,2,18,4,36003KT,12,10
2016-02-18 05:00:00.000,2016,2,18,5,05005KT,12,09
2016-02-18 06:00:00.000,2016,2,18,6,06004KT,11,09
2016-02-18 08:00:00.000,2016,2,18,8,31003KT,11,09
2016-02-18 09:00:00.000,2016,2,18,9,36004KT,10,09
2016-02-18 10:00:00.000,2016,2,18,10,03007KT,09,09
2016-02-18 10:30:00.000,2016,2,18,10,06003KT,10,09
2016-02-18 11:00:00.000,2016,2,18,11,VRB02KT,10,09
2016-02-18 12:00:00.000,2016,2,18,12,04003KT,11,09
2016-02-18 12:30:00.000,2016,2,18,12,06007KT,13,10
2016-02-18 13:00:00.000,2016,2,18,13,04010KT,15,11
2016-02-18 13:33:00.000,2016,2,18,13,07005KT,17,10
2016-02-18 14:00:00.000,2016,2,18,14,05007KT,18,10
2016-02-18 14:21:00.000,2016,2,18,14,15006KT,20,08
2016-02-18 15:00:00.000,2016,2,18,15,14003KT,21,08
2016-02-18 16:00:00.000,2016,2,18,16,07006KT,22,07
2016-02-18 17:00:00.000,2016,2,18,17,14007KT,23,07
2016-02-18 18:00:00.000,2016,2,18,18,24011KT,21,11
2016-02-18 18:35:00.000,2016,2,18,18,24012KT,22,11
2016-02-18 19:00:00.000,2016,2,18,19,29015KT,22,12
2016-02-18 19:40:00.000,2016,2,18,19,30009KT,18,13
2016-02-18 20:00:00.000,2016,2,18,20,29012KT,17,14
2016-02-18 20:05:00.000,2016,2,18,20,34006KT,17,14
2016-02-18 21:00:00.000,2016,2,18,21,27008KT,18,14
2016-02-18 22:00:00.000,2016,2,18,22,28009KT,18,13
2016-02-18 23:00:00.000,2016,2,18,23,26006KT,18,13
2016-02-19 00:00:00.000,2016,2,19,0,VRB02KT,16,13
2016-02-19 01:00:00.000,2016,2,19,1,VRB02KT,15,13
2016-02-19 02:00:00.000,2016,2,19,2,VRB02KT,14,13
2016-02-19 02:14:00.000,2016,2,19,2,VRB02KT,14,13
2016-02-19 03:00:00.000,2016,2,19,3,VRB02KT,12,11
2016-02-19 04:00:00.000,2016,2,19,4,VRB02KT,13,13
2016-02-19 05:00:00.000,2016,2,19,5,VRB02KT,14,13
2016-02-19 06:00:00.000,2016,2,19,6,VRB02KT,13,11
2016-02-19 07:00:00.000,2016,2,19,7,03004KT,12,11
2016-02-19 08:00:00.000,2016,2,19,8,VRB02KT,10,09
2016-02-19 09:00:00.000,2016,2,19,9,VRB02KT,09,08
2016-02-19 10:00:00.000,2016,2,19,10,VRB02KT,12,11
2016-02-19 10:30:00.000,2016,2,19,10,13003KT,13,10
2016-02-19 11:00:00.000,2016,2,19,11,VRB02KT,11,09
2016-02-19 12:00:00.000,2016,2,19,12,00000KT,11,10
2016-02-19 12:40:00.000,2016,2,19,12,VRB02KT,13,11
2016-02-19 13:00:00.000,2016,2,19,13,14009KT,17,08
2016-02-19 13:12:00.000,2016,2,19,13,14009KT,17,08
2016-02-19 14:00:00.000,2016,2,19,14,09006KT,18,07
2016-02-19 15:00:00.000,2016,2,19,15,10005KT,20,07
2016-02-19 16:00:00.000,2016,2,19,16,15005KT,21,06
2016-02-19 17:00:00.000,2016,2,19,17,16009KT,21,06
2016-02-19 18:00:00.000,2016,2,19,18,17012KT,23,04
2016-02-19 19:00:00.000,2016,2,19,19,19012KT,24,04
2016-02-19 20:00:00.000,2016,2,19,20,18012KT,24,03
2016-02-19 21:00:00.000,2016,2,19,21,24014KT,20,12
2016-02-19 22:00:00.000,2016,2,19,22,24012KT,19,12
2016-02-19 23:00:00.000,2016,2,19,23,27009KT,18,12
2016-02-20 00:00:00.000,2016,2,20,0,27006KT,16,12
2016-02-20 01:00:00.000,2016,2,20,1,25003KT,15,11
2016-02-20 02:00:00.000,2016,2,20,2,VRB02KT,13,11
2016-02-20 03:00:00.000,2016,2,20,3,03003KT,13,10
2016-02-20 04:00:00.000,2016,2,20,4,06004KT,13,10
2016-02-20 05:00:00.000,2016,2,20,5,04005KT,13,10
2016-02-20 06:00:00.000,2016,2,20,6,01003KT,14,10
2016-02-20 07:00:00.000,2016,2,20,7,VRB02KT,13,10
2016-02-20 08:00:00.000,2016,2,20,8,05005KT,13,10
2016-02-20 09:00:00.000,2016,2,20,9,00000KT,14,10
2016-02-20 10:00:00.000,2016,2,20,10,VRB02KT,13,10
2016-02-20 10:30:00.000,2016,2,20,10,VRB02KT,13,10
2016-02-20 11:00:00.000,2016,2,20,11,05003KT,13,10
2016-02-20 12:00:00.000,2016,2,20,12,06004KT,13,10
2016-02-20 13:00:00.000,2016,2,20,13,04007KT,14,11
2016-02-20 14:00:00.000,2016,2,20,14,VRB02KT,18,10
2016-02-20 15:00:00.000,2016,2,20,15,14006KT,19,10
2016-02-20 16:00:00.000,2016,2,20,16,06010KT,20,10
2016-02-20 17:00:00.000,2016,2,20,17,12008KT,21,08
2016-02-20 18:00:00.000,2016,2,20,18,17005KT,21,08
2016-02-20 19:00:00.000,2016,2,20,19,24008KT,20,10
2016-02-20 20:00:00.000,2016,2,20,20,24010KT,21,10
2016-02-20 21:00:00.000,2016,2,20,21,25012KT,19,12
2016-02-20 22:00:00.000,2016,2,20,22,27014KT,18,12
2016-02-20 23:00:00.000,2016,2,20,23,28010KT,18,11
2016-02-21 00:00:00.000,2016,2,21,0,33005KT,16,12
2016-02-21 01:00:00.000,2016,2,21,1,34005KT,15,12
2016-02-21 02:00:00.000,2016,2,21,2,32003KT,15,11
2016-02-21 03:00:00.000,2016,2,21,3,02004KT,14,10
2016-02-21 04:00:00.000,2016,2,21,4,VRB02KT,14,10
2016-02-21 05:00:00.000,2016,2,21,5,21008KT,15,10
2016-02-21 06:00:00.000,2016,2,21,6,12004KT,15,09
2016-02-21 07:00:00.000,2016,2,21,7,08003KT,14,10
2016-02-21 08:00:00.000,2016,2,21,8,VRB02KT,15,10
2016-02-21 09:00:00.000,2016,2,21,9,VRB02KT,14,11
2016-02-21 10:00:00.000,2016,2,21,10,35004KT,14,14
2016-02-21 10:30:00.000,2016,2,21,10,35004KT,14,11
2016-02-21 11:00:00.000,2016,2,21,11,35003KT,14,11
2016-02-21 12:00:00.000,2016,2,21,12,VRB02KT,14,11
2016-02-21 12:20:00.000,2016,2,21,12,VRB02KT,14,11
2016-02-21 13:00:00.000,2016,2,21,13,02005KT,14,11
2016-02-21 14:00:00.000,2016,2,21,14,03004KT,16,11
2016-02-21 15:00:00.000,2016,2,21,15,22005KT,16,11
2016-02-21 16:00:00.000,2016,2,21,16,27005KT,17,11
2016-02-21 17:00:00.000,2016,2,21,17,02006KT,18,11
2016-02-21 18:00:00.000,2016,2,21,18,35003KT,17,10
2016-02-21 19:00:00.000,2016,2,21,19,23003KT,17,11
2016-02-21 20:00:00.000,2016,2,21,20,23004KT,19,10
2016-02-21 21:00:00.000,2016,2,21,21,24007KT,17,12
2016-02-21 22:00:00.000,2016,2,21,22,34009KT,16,12
2016-02-21 22:20:00.000,2016,2,21,22,34005KT,15,13
2016-02-21 23:00:00.000,2016,2,21,23,02007KT,15,13
2016-02-22 00:00:00.000,2016,2,22,0,03005KT,14,12
2016-02-22 01:00:00.000,2016,2,22,1,01003KT,14,12
2016-02-22 02:00:00.000,2016,2,22,2,05006KT,14,12
2016-02-22 03:00:00.000,2016,2,22,3,04003KT,14,12
2016-02-22 04:00:00.000,2016,2,22,4,VRB02KT,13,12
2016-02-22 05:00:00.000,2016,2,22,5,34003KT,13,12
2016-02-22 06:00:00.000,2016,2,22,6,VRB02KT,13,12
2016-02-22 07:00:00.000,2016,2,22,7,VRB02KT,14,12
2016-02-22 08:00:00.000,2016,2,22,8,00000KT,13,11
2016-02-22 09:00:00.000,2016,2,22,9,VRB02KT,13,11
2016-02-22 10:00:00.000,2016,2,22,10,00000KT,13,11
2016-02-22 10:30:00.000,2016,2,22,10,36004KT,12,11
2016-02-22 11:00:00.000,2016,2,22,11,VRB02KT,13,11
2016-02-22 12:00:00.000,2016,2,22,12,05005KT,13,12
2016-02-22 13:00:00.000,2016,2,22,13,36003KT,15,12
2016-02-22 14:00:00.000,2016,2,22,14,04004KT,16,12
2016-02-22 15:00:00.000,2016,2,22,15,06004KT,17,11
2016-02-22 16:00:00.000,2016,2,22,16,04005KT,17,11
2016-02-22 17:00:00.000,2016,2,22,17,06005KT,17,10
2016-02-22 18:00:00.000,2016,2,22,18,10010KT,18,10
2016-02-22 19:00:00.000,2016,2,22,19,10007KT,19,09
2016-02-22 20:00:00.000,2016,2,22,20,07008KT,19,10
2016-02-22 21:00:00.000,2016,2,22,21,VRB02KT,18,10
2016-02-22 22:00:00.000,2016,2,22,22,28004KT,18,09
2016-02-22 23:00:00.000,2016,2,22,23,25003KT,18,09
2016-02-23 00:00:00.000,2016,2,23,0,VRB02KT,17,09
2016-02-23 01:00:00.000,2016,2,23,1,11006KT,17,09
2016-02-23 02:00:00.000,2016,2,23,2,04005KT,15,09
2016-02-23 03:00:00.000,2016,2,23,3,05004KT,14,10
2016-02-23 04:00:00.000,2016,2,23,4,VRB02KT,14,10
2016-02-23 05:00:00.000,2016,2,23,5,05004KT,13,10
2016-02-23 06:00:00.000,2016,2,23,6,VRB02KT,12,10
2016-02-23 07:00:00.000,2016,2,23,7,VRB02KT,11,09
2016-02-23 08:00:00.000,2016,2,23,8,VRB02KT,12,10
2016-02-23 09:00:00.000,2016,2,23,9,VRB02KT,12,09
2016-02-23 10:00:00.000,2016,2,23,10,VRB02KT,11,10
2016-02-23 10:30:00.000,2016,2,23,10,VRB02KT,11,09
2016-02-23 11:00:00.000,2016,2,23,11,06004KT,12,10
2016-02-23 12:00:00.000,2016,2,23,12,02004KT,13,10
2016-02-23 13:00:00.000,2016,2,23,13,10006KT,15,11
2016-02-23 13:35:00.000,2016,2,23,13,07006KT,17,09
2016-02-23 14:00:00.000,2016,2,23,14,12006KT,19,10
2016-02-23 15:00:00.000,2016,2,23,15,06012KT,21,09
2016-02-23 16:00:00.000,2016,2,23,16,12008KT,21,09
2016-02-23 17:00:00.000,2016,2,23,17,07012KT,21,09
2016-02-23 18:00:00.000,2016,2,23,18,11008KT,22,08
2016-02-23 19:00:00.000,2016,2,23,19,13008KT,23,07
2016-02-23 20:00:00.000,2016,2,23,20,08008KT,22,08
2016-02-23 21:00:00.000,2016,2,23,21,21006KT,21,10
2016-02-23 22:00:00.000,2016,2,23,22,24008KT,16,12
2016-02-23 23:00:00.000,2016,2,23,23,18005KT,16,12
2016-02-24 00:00:00.000,2016,2,24,0,VRB02KT,15,12
2016-02-24 01:00:00.000,2016,2,24,1,01004KT,14,12
2016-02-24 02:00:00.000,2016,2,24,2,05004KT,12,10
2016-02-24 03:00:00.000,2016,2,24,3,06003KT,13,10
2016-02-24 04:00:00.000,2016,2,24,4,VRB02KT,12,10
2016-02-24 06:00:00.000,2016,2,24,6,02003KT,10,09
2016-02-24 07:00:00.000,2016,2,24,7,07004KT,13,10
2016-02-24 08:00:00.000,2016,2,24,8,05005KT,13,10
2016-02-24 09:00:00.000,2016,2,24,9,03005KT,13,10
2016-02-24 10:00:00.000,2016,2,24,10,04010KT,13,11
2016-02-24 10:30:00.000,2016,2,24,10,05010KT,13,11
2016-02-24 11:00:00.000,2016,2,24,11,06006KT,13,10
2016-02-24 12:00:00.000,2016,2,24,12,04007KT,13,10
2016-02-24 13:00:00.000,2016,2,24,13,07010KT,15,10
2016-02-24 14:00:00.000,2016,2,24,14,08009KT,18,08
2016-02-24 15:00:00.000,2016,2,24,15,27003KT,18,08
2016-02-24 16:00:00.000,2016,2,24,16,19007KT,19,08
2016-02-24 17:00:00.000,2016,2,24,17,12005KT,21,07
2016-02-24 18:00:00.000,2016,2,24,18,05005KT,21,07
2016-02-24 19:00:00.000,2016,2,24,19,12010KT,22,06
2016-02-24 20:00:00.000,2016,2,24,20,06008KT,22,06
2016-02-24 21:00:00.000,2016,2,24,21,28009KT,19,12
2016-02-24 21:35:00.000,2016,2,24,21,23010KT,19,13
2016-02-24 22:00:00.000,2016,2,24,22,22007KT,18,14
2016-02-24 22:20:00.000,2016,2,24,22,24004KT,17,14
2016-02-24 23:00:00.000,2016,2,24,23,24005KT,16,13
2016-02-25 00:00:00.000,2016,2,25,0,VRB02KT,16,13
2016-02-25 01:00:00.000,2016,2,25,1,VRB02KT,14,12
2016-02-25 02:00:00.000,2016,2,25,2,32004KT,12,11
2016-02-25 03:00:00.000,2016,2,25,3,VRB02KT,13,12
2016-02-25 04:00:00.000,2016,2,25,4,05003KT,13,11
2016-02-25 05:00:00.000,2016,2,25,5,05004KT,12,10
2016-02-25 06:00:00.000,2016,2,25,6,05004KT,10,09
2016-02-25 07:00:00.000,2016,2,25,7,03004KT,10,09
2016-02-25 08:00:00.000,2016,2,25,8,VRB02KT,11,09
2016-02-25 09:00:00.000,2016,2,25,9,VRB02KT,11,09
2016-02-25 10:00:00.000,2016,2,25,10,06003KT,09,09
2016-02-25 10:30:00.000,2016,2,25,10,06003KT,09,09
2016-02-25 11:00:00.000,2016,2,25,11,VRB02KT,10,10
2016-02-25 12:00:00.000,2016,2,25,12,27006KT,10,09
2016-02-25 13:00:00.000,2016,2,25,13,33003KT,13,11
2016-02-25 14:00:00.000,2016,2,25,14,04003KT,16,11
2016-02-25 15:00:00.000,2016,2,25,15,14004KT,19,10
2016-02-25 16:00:00.000,2016,2,25,16,28004KT,21,10
2016-02-25 17:00:00.000,2016,2,25,17,29016KT,20,12
2016-02-25 18:00:00.000,2016,2,25,18,28014KT,18,11
2016-02-25 19:00:00.000,2016,2,25,19,33010KT,16,12
2016-02-25 20:00:00.000,2016,2,25,20,33007KT,16,12
2016-02-25 21:00:00.000,2016,2,25,21,30004KT,17,11
2016-02-25 22:00:00.000,2016,2,25,22,20005KT,17,12
2016-02-25 23:00:00.000,2016,2,25,23,21007KT,16,11
2016-02-25 23:15:00.000,2016,2,25,23,20006KT,16,11
2016-02-26 00:00:00.000,2016,2,26,0,VRB02KT,16,10
2016-02-26 01:00:00.000,2016,2,26,1,28004KT,14,11
2016-02-26 02:00:00.000,2016,2,26,2,29006KT,15,11
2016-02-26 03:00:00.000,2016,2,26,3,33003KT,14,11
2016-02-26 04:00:00.000,2016,2,26,4,02003KT,13,11
2016-02-26 05:00:00.000,2016,2,26,5,04005KT,13,11
2016-02-26 06:00:00.000,2016,2,26,6,27003KT,13,11
2016-02-26 07:00:00.000,2016,2,26,7,03003KT,12,11
2016-02-26 08:00:00.000,2016,2,26,8,VRB02KT,11,10
2016-02-26 09:00:00.000,2016,2,26,9,VRB02KT,11,10
2016-02-26 09:25:00.000,2016,2,26,9,33003KT,12,11
2016-02-26 10:00:00.000,2016,2,26,10,33003KT,12,11
2016-02-26 10:30:00.000,2016,2,26,10,29003KT,12,11
2016-02-26 11:00:00.000,2016,2,26,11,31003KT,11,11
2016-02-26 12:00:00.000,2016,2,26,12,VRB02KT,11,10
2016-02-26 13:00:00.000,2016,2,26,13,VRB02KT,14,12
2016-02-26 14:00:00.000,2016,2,26,14,35003KT,17,11
2016-02-26 15:00:00.000,2016,2,26,15,23005KT,18,09
2016-02-26 16:00:00.000,2016,2,26,16,31006KT,20,09
2016-02-26 17:00:00.000,2016,2,26,17,24005KT,20,09
2016-02-26 18:00:00.000,2016,2,26,18,28010KT,21,11
2016-02-26 19:00:00.000,2016,2,26,19,28014KT,20,11
2016-02-26 20:00:00.000,2016,2,26,20,24009KT,20,11
2016-02-26 21:00:00.000,2016,2,26,21,26014KT,20,11
2016-02-26 22:00:00.000,2016,2,26,22,28014KT,18,12
2016-02-26 23:00:00.000,2016,2,26,23,25007KT,17,12
2016-02-27 00:00:00.000,2016,2,27,0,24005KT,16,12
2016-02-27 01:00:00.000,2016,2,27,1,29004KT,16,13
2016-02-27 02:00:00.000,2016,2,27,2,27004KT,16,12
2016-02-27 03:00:00.000,2016,2,27,3,VRB02KT,15,13
2016-02-27 04:00:00.000,2016,2,27,4,VRB02KT,15,13
2016-02-27 05:00:00.000,2016,2,27,5,30006KT,15,13
2016-02-27 06:00:00.000,2016,2,27,6,29006KT,14,12
2016-02-27 07:00:00.000,2016,2,27,7,32004KT,13,12
2016-02-27 08:00:00.000,2016,2,27,8,31003KT,14,12
2016-02-27 09:00:00.000,2016,2,27,9,28004KT,14,12
2016-02-27 10:00:00.000,2016,2,27,10,VRB02KT,13,12
2016-02-27 10:30:00.000,2016,2,27,10,VRB02KT,12,10
2016-02-27 11:00:00.000,2016,2,27,11,VRB02KT,12,11
2016-02-27 12:00:00.000,2016,2,27,12,VRB02KT,13,12
2016-02-27 13:00:00.000,2016,2,27,13,VRB02KT,16,12
2016-02-27 14:00:00.000,2016,2,27,14,11006KT,18,10
2016-02-27 15:00:00.000,2016,2,27,15,10007KT,20,11
2016-02-27 16:00:00.000,2016,2,27,16,13007KT,20,09
2016-02-27 17:00:00.000,2016,2,27,17,09009KT,23,08
2016-02-27 18:00:00.000,2016,2,27,18,16006KT,24,09
2016-02-27 18:25:00.000,2016,2,27,18,24013KT,22,13
2016-02-27 19:00:00.000,2016,2,27,19,23013KT,22,13
2016-02-27 20:00:00.000,2016,2,27,20,24013KT,21,13
2016-02-27 21:00:00.000,2016,2,27,21,28012KT,20,13
2016-02-27 22:00:00.000,2016,2,27,22,27010KT,19,13
2016-02-27 23:00:00.000,2016,2,27,23,27008KT,18,13
2016-02-28 00:00:00.000,2016,2,28,0,33004KT,16,12
2016-02-28 01:00:00.000,2016,2,28,1,VRB02KT,14,11
2016-02-28 02:00:00.000,2016,2,28,2,VRB02KT,14,12
2016-02-28 03:00:00.000,2016,2,28,3,31004KT,15,11
2016-02-28 04:00:00.000,2016,2,28,4,VRB02KT,16,12
2016-02-28 05:00:00.000,2016,2,28,5,35004KT,13,11
2016-02-28 06:00:00.000,2016,2,28,6,22004KT,13,12
2016-02-28 07:00:00.000,2016,2,28,7,VRB02KT,13,12
2016-02-28 08:00:00.000,2016,2,28,8,VRB02KT,13,11
2016-02-28 09:00:00.000,2016,2,28,9,VRB02KT,13,12
2016-02-28 10:00:00.000,2016,2,28,10,VRB02KT,12,11
2016-02-28 10:30:00.000,2016,2,28,10,VRB02KT,11,10
2016-02-28 11:00:00.000,2016,2,28,11,VRB02KT,11,10
2016-02-28 12:00:00.000,2016,2,28,12,VRB02KT,10,10
2016-02-28 12:22:00.000,2016,2,28,12,03004KT,13,12
2016-02-28 13:00:00.000,2016,2,28,13,05005KT,15,11
2016-02-28 13:35:00.000,2016,2,28,13,12004KT,17,10
2016-02-28 14:00:00.000,2016,2,28,14,07004KT,19,10
2016-02-28 15:00:00.000,2016,2,28,15,16003KT,20,09
2016-02-28 16:00:00.000,2016,2,28,16,05005KT,21,08
2016-02-28 17:00:00.000,2016,2,28,17,VRB03KT,22,06
2016-02-28 18:00:00.000,2016,2,28,18,22008KT,21,10
2016-02-28 19:00:00.000,2016,2,28,19,25010KT,21,10
2016-02-28 20:00:00.000,2016,2,28,20,32010KT,20,12
2016-02-28 21:00:00.000,2016,2,28,21,25010KT,20,12
2016-02-28 22:00:00.000,2016,2,28,22,29009KT,19,12
2016-02-28 23:00:00.000,2016,2,28,23,25006KT,17,12
2016-02-29 00:00:00.000,2016,2,29,0,29003KT,16,12
2016-02-29 01:00:00.000,2016,2,29,1,VRB02KT,14,12
2016-02-29 02:00:00.000,2016,2,29,2,10005KT,13,11
2016-02-29 03:00:00.000,2016,2,29,3,VRB02KT,15,10
2016-02-29 04:00:00.000,2016,2,29,4,36004KT,13,10
2016-02-29 05:00:00.000,2016,2,29,5,04005KT,12,09
2016-02-29 06:00:00.000,2016,2,29,6,02003KT,11,09
2016-02-29 07:00:00.000,2016,2,29,7,05004KT,11,09
2016-02-29 08:00:00.000,2016,2,29,8,03004KT,10,09
2016-02-29 09:00:00.000,2016,2,29,9,07005KT,10,09
2016-02-29 10:00:00.000,2016,2,29,10,05004KT,09,08
2016-02-29 10:30:00.000,2016,2,29,10,05007KT,10,09
2016-02-29 11:00:00.000,2016,2,29,11,05006KT,10,09
2016-02-29 12:00:00.000,2016,2,29,12,05007KT,11,09
2016-02-29 13:00:00.000,2016,2,29,13,06007KT,13,10
2016-02-29 14:00:00.000,2016,2,29,14,07005KT,16,10
2016-02-29 15:00:00.000,2016,2,29,15,VRB02KT,20,07
2016-02-29 16:00:00.000,2016,2,29,16,VRB02KT,21,05
2016-02-29 17:00:00.000,2016,2,29,17,VRB02KT,21,05
2016-02-29 18:00:00.000,2016,2,29,18,24010KT,22,09
2016-02-29 19:00:00.000,2016,2,29,19,25010KT,21,11
2016-02-29 20:00:00.000,2016,2,29,20,28012KT,21,12
2016-02-29 21:00:00.000,2016,2,29,21,28013KT,20,12
2016-02-29 22:00:00.000,2016,2,29,22,27010KT,18,13
2016-02-29 23:00:00.000,2016,2,29,23,25004KT,17,12
2016-03-01 00:00:00.000,2016,3,1,0,24003KT,17,12
2016-03-01 01:00:00.000,2016,3,1,1,00000KT,15,13
2016-03-01 02:00:00.000,2016,3,1,2,03003KT,14,13
2016-03-01 03:00:00.000,2016,3,1,3,03006KT,13,12
2016-03-01 04:00:00.000,2016,3,1,4,05006KT,13,11
2016-03-01 05:00:00.000,2016,3,1,5,05005KT,14,11
2016-03-01 06:00:00.000,2016,3,1,6,05006KT,13,11
2016-03-01 07:00:00.000,2016,3,1,7,02003KT,12,10
2016-03-01 08:00:00.000,2016,3,1,8,04003KT,12,10
2016-03-01 09:00:00.000,2016,3,1,9,06007KT,11,10
2016-03-01 10:00:00.000,2016,3,1,10,05006KT,11,10
2016-03-01 10:30:00.000,2016,3,1,10,05006KT,11,09
2016-03-01 11:00:00.000,2016,3,1,11,VRB02KT,11,10
2016-03-01 12:00:00.000,2016,3,1,12,05004KT,12,10
2016-03-01 13:00:00.000,2016,3,1,13,05005KT,14,11
2016-03-01 14:00:00.000,2016,3,1,14,04005KT,16,11
2016-03-01 15:00:00.000,2016,3,1,15,03006KT,18,10
2016-03-01 16:00:00.000,2016,3,1,16,30009KT,19,10
2016-03-01 17:00:00.000,2016,3,1,17,24004KT,20,09
2016-03-01 18:00:00.000,2016,3,1,18,10004KT,22,09
2016-03-01 19:00:00.000,2016,3,1,19,23007KT,22,10
2016-03-01 20:00:00.000,2016,3,1,20,29013KT,20,12
2016-03-01 21:00:00.000,2016,3,1,21,28012KT,20,12
2016-03-01 22:00:00.000,2016,3,1,22,27010KT,20,12
2016-03-01 23:00:00.000,2016,3,1,23,25008KT,18,13
2016-03-02 00:00:00.000,2016,3,2,0,21005KT,17,13
2016-03-02 01:00:00.000,2016,3,2,1,VRB02KT,16,12
2016-03-02 02:00:00.000,2016,3,2,2,34004KT,15,12
2016-03-02 03:00:00.000,2016,3,2,3,30004KT,14,12
2016-03-02 04:00:00.000,2016,3,2,4,35004KT,13,12
2016-03-02 05:00:00.000,2016,3,2,5,04004KT,12,11
2016-03-02 06:00:00.000,2016,3,2,6,03005KT,11,10
2016-03-02 07:00:00.000,2016,3,2,7,04006KT,12,10
2016-03-02 08:00:00.000,2016,3,2,8,04006KT,12,10
2016-03-02 09:00:00.000,2016,3,2,9,03007KT,11,10
2016-03-02 10:00:00.000,2016,3,2,10,32004KT,10,09
2016-03-02 10:30:00.000,2016,3,2,10,04006KT,11,10
2016-03-02 11:00:00.000,2016,3,2,11,05009KT,12,10
2016-03-02 12:00:00.000,2016,3,2,12,VRB02KT,12,11
2016-03-02 13:00:00.000,2016,3,2,13,04007KT,14,11
2016-03-02 14:00:00.000,2016,3,2,14,06006KT,17,10
2016-03-02 15:00:00.000,2016,3,2,15,10005KT,19,09
2016-03-02 16:00:00.000,2016,3,2,16,15005KT,21,09
2016-03-02 17:00:00.000,2016,3,2,17,16005KT,22,09
2016-03-02 18:00:00.000,2016,3,2,18,25012KT,22,09
2016-03-02 19:00:00.000,2016,3,2,19,25010KT,22,09
2016-03-02 20:00:00.000,2016,3,2,20,26010KT,21,10
2016-03-02 21:00:00.000,2016,3,2,21,28013KT,21,11
2016-03-02 21:26:00.000,2016,3,2,21,30016KT,16,12
2016-03-02 22:00:00.000,2016,3,2,22,26012KT,17,12
2016-03-02 23:00:00.000,2016,3,2,23,27010KT,17,12
2016-03-03 00:00:00.000,2016,3,3,0,27005KT,16,13
2016-03-03 01:00:00.000,2016,3,3,1,28003KT,16,13
2016-03-03 02:00:00.000,2016,3,3,2,VRB02KT,16,13
2016-03-03 03:00:00.000,2016,3,3,3,29003KT,15,13
2016-03-03 04:00:00.000,2016,3,3,4,32005KT,14,13
2016-03-03 05:00:00.000,2016,3,3,5,VRB02KT,14,13
2016-03-03 06:00:00.000,2016,3,3,6,00000KT,13,12
2016-03-03 06:08:00.000,2016,3,3,6,VRB02KT,13,12
2016-03-03 07:00:00.000,2016,3,3,7,VRB02KT,11,10
2016-03-03 08:00:00.000,2016,3,3,8,00000KT,12,11
2016-03-03 09:00:00.000,2016,3,3,9,VRB02KT,09,08
2016-03-03 10:00:00.000,2016,3,3,10,03003KT,09,09
2016-03-03 10:30:00.000,2016,3,3,10,VRB02KT,10,09
2016-03-03 11:00:00.000,2016,3,3,11,VRB02KT,10,09
2016-03-03 11:17:00.000,2016,3,3,11,VRB02KT,10,10
2016-03-03 11:30:00.000,2016,3,3,11,VRB02KT,11,10
2016-03-03 12:00:00.000,2016,3,3,12,VRB02KT,11,11
2016-03-03 12:30:00.000,2016,3,3,12,VRB02KT,12,11
2016-03-03 13:00:00.000,2016,3,3,13,VRB02KT,13,11
2016-03-03 13:15:00.000,2016,3,3,13,05006KT,15,12
2016-03-03 13:40:00.000,2016,3,3,13,05008KT,17,13
2016-03-03 14:00:00.000,2016,3,3,14,12006KT,19,11
2016-03-03 15:00:00.000,2016,3,3,15,09008KT,19,10
2016-03-03 16:00:00.000,2016,3,3,16,30008KT,20,09
2016-03-03 17:00:00.000,2016,3,3,17,14008KT,21,09
2016-03-03 18:00:00.000,2016,3,3,18,19005KT,21,08
2016-03-03 18:40:00.000,2016,3,3,18,18013KT,23,06
2016-03-03 19:00:00.000,2016,3,3,19,19010KT,23,07
2016-03-03 20:00:00.000,2016,3,3,20,21010KT,22,10
2016-03-03 21:00:00.000,2016,3,3,21,24015KT,21,12
2016-03-03 22:00:00.000,2016,3,3,22,27015KT,20,13
2016-03-03 23:00:00.000,2016,3,3,23,31010KT,17,13
2016-03-04 00:00:00.000,2016,3,4,0,32005KT,15,13
2016-03-04 01:00:00.000,2016,3,4,1,31003KT,14,12
2016-03-04 02:00:00.000,2016,3,4,2,33003KT,14,12
2016-03-04 03:00:00.000,2016,3,4,3,03003KT,14,13
2016-03-04 04:00:00.000,2016,3,4,4,04004KT,13,12
2016-03-04 05:00:00.000,2016,3,4,5,33004KT,12,11
2016-03-04 06:00:00.000,2016,3,4,6,34003KT,11,11
2016-03-04 07:00:00.000,2016,3,4,7,34003KT,10,09
2016-03-04 08:00:00.000,2016,3,4,8,26003KT,08,08
2016-03-04 09:00:00.000,2016,3,4,9,30004KT,09,09
2016-03-04 10:00:00.000,2016,3,4,10,30003KT,07,07
2016-03-04 11:00:00.000,2016,3,4,11,28003KT,08,08
2016-03-04 12:00:00.000,2016,3,4,12,VRB02KT,10,09
2016-03-04 13:00:00.000,2016,3,4,13,07005KT,12,11
2016-03-04 14:00:00.000,2016,3,4,14,06004KT,15,12
2016-03-04 15:00:00.000,2016,3,4,15,06006KT,17,09
2016-03-04 16:00:00.000,2016,3,4,16,VRB02KT,20,10
2016-03-04 17:00:00.000,2016,3,4,17,VRB02KT,21,08
2016-03-04 18:00:00.000,2016,3,4,18,33004KT,23,07
2016-03-04 19:00:00.000,2016,3,4,19,27014KT,22,12
2016-03-04 20:00:00.000,2016,3,4,20,27017KT,21,12
2016-03-04 21:00:00.000,2016,3,4,21,27013KT,20,13
2016-03-04 22:00:00.000,2016,3,4,22,25010KT,18,12
2016-03-04 23:00:00.000,2016,3,4,23,31009KT,17,13
2016-03-05 00:00:00.000,2016,3,5,0,31005KT,16,13
2016-03-05 01:00:00.000,2016,3,5,1,33005KT,15,13
2016-03-05 02:00:00.000,2016,3,5,2,VRB02KT,15,13
2016-03-05 03:00:00.000,2016,3,5,3,00000KT,15,13
2016-03-05 04:00:00.000,2016,3,5,4,32004KT,14,12
2016-03-05 05:00:00.000,2016,3,5,5,02003KT,14,11
2016-03-05 06:00:00.000,2016,3,5,6,04006KT,12,10
2016-03-05 07:00:00.000,2016,3,5,7,05005KT,12,10
2016-03-05 08:00:00.000,2016,3,5,8,32003KT,11,10
2016-03-05 09:00:00.000,2016,3,5,9,VRB02KT,10,08
2016-03-05 10:00:00.000,2016,3,5,10,00000KT,10,09
2016-03-05 11:00:00.000,2016,3,5,11,05003KT,09,08
2016-03-05 11:30:00.000,2016,3,5,11,33003KT,08,08
2016-03-05 12:00:00.000,2016,3,5,12,32004KT,08,07
2016-03-05 12:09:00.000,2016,3,5,12,34003KT,08,08
2016-03-05 13:00:00.000,2016,3,5,13,04004KT,12,11
2016-03-05 13:30:00.000,2016,3,5,13,35005KT,14,12
2016-03-05 14:00:00.000,2016,3,5,14,VRB02KT,16,11
2016-03-05 14:20:00.000,2016,3,5,14,VRB02KT,18,11
2016-03-05 15:00:00.000,2016,3,5,15,32004KT,19,10
2016-03-05 16:00:00.000,2016,3,5,16,03004KT,22,09
2016-03-05 17:00:00.000,2016,3,5,17,27010KT,21,10
2016-03-05 17:08:00.000,2016,3,5,17,27007KT,21,11
2016-03-05 18:00:00.000,2016,3,5,18,25010KT,21,11
2016-03-05 19:00:00.000,2016,3,5,19,25010KT,22,13
2016-03-05 20:00:00.000,2016,3,5,20,29010KT,18,14
2016-03-05 21:00:00.000,2016,3,5,21,29011KT,19,12
2016-03-05 22:00:00.000,2016,3,5,22,31006KT,17,14
2016-03-05 23:00:00.000,2016,3,5,23,26004KT,17,14
2016-03-06 00:00:00.000,2016,3,6,0,30004KT,16,14
2016-03-06 01:00:00.000,2016,3,6,1,31004KT,14,13
2016-03-06 02:00:00.000,2016,3,6,2,VRB02KT,14,13
2016-03-06 03:00:00.000,2016,3,6,3,VRB02KT,14,12
2016-03-06 04:00:00.000,2016,3,6,4,32006KT,14,12
2016-03-06 05:00:00.000,2016,3,6,5,VRB02KT,13,11
2016-03-06 06:00:00.000,2016,3,6,6,VRB02KT,13,12
2016-03-06 07:00:00.000,2016,3,6,7,VRB02KT,11,10
2016-03-06 08:00:00.000,2016,3,6,8,VRB02KT,10,10
2016-03-06 09:00:00.000,2016,3,6,9,33004KT,08,08
2016-03-06 10:00:00.000,2016,3,6,10,36003KT,10,09
2016-03-06 11:00:00.000,2016,3,6,11,VRB02KT,10,10
2016-03-06 12:00:00.000,2016,3,6,12,10004KT,11,10
2016-03-06 13:00:00.000,2016,3,6,13,05006KT,13,12
2016-03-06 14:00:00.000,2016,3,6,14,07003KT,16,12
2016-03-06 15:00:00.000,2016,3,6,15,14005KT,19,10
2016-03-06 16:00:00.000,2016,3,6,16,VRB02KT,21,10
2016-03-06 17:00:00.000,2016,3,6,17,34006KT,22,08
2016-03-06 18:00:00.000,2016,3,6,18,27016KT,21,12
2016-03-06 19:00:00.000,2016,3,6,19,28015KT,21,11
2016-03-06 20:00:00.000,2016,3,6,20,27016KT,21,11
2016-03-06 21:00:00.000,2016,3,6,21,27012KT,19,11
2016-03-06 22:00:00.000,2016,3,6,22,25010KT,16,12
2016-03-06 23:00:00.000,2016,3,6,23,13008KT,16,12
2016-03-07 00:00:00.000,2016,3,7,0,26004KT,16,12
2016-03-07 01:00:00.000,2016,3,7,1,27003KT,16,13
2016-03-07 02:00:00.000,2016,3,7,2,31004KT,14,12
2016-03-07 03:00:00.000,2016,3,7,3,VRB02KT,13,11
2016-03-07 04:00:00.000,2016,3,7,4,00000KT,12,10
2016-03-07 05:00:00.000,2016,3,7,5,VRB02KT,12,10
2016-03-07 06:00:00.000,2016,3,7,6,VRB02KT,12,10
2016-03-07 08:00:00.000,2016,3,7,8,VRB02KT,11,10
2016-03-07 09:00:00.000,2016,3,7,9,36003KT,11,09
2016-03-07 10:00:00.000,2016,3,7,10,24004KT,12,11
2016-03-07 11:00:00.000,2016,3,7,11,VRB02KT,12,10
2016-03-07 12:00:00.000,2016,3,7,12,VRB02KT,12,11
2016-03-07 13:00:00.000,2016,3,7,13,VRB02KT,14,12
2016-03-07 14:00:00.000,2016,3,7,14,04004KT,16,12
2016-03-07 15:00:00.000,2016,3,7,15,VRB02KT,19,10
2016-03-07 16:00:00.000,2016,3,7,16,33004KT,20,09
2016-03-07 17:00:00.000,2016,3,7,17,30003KT,22,08
2016-03-07 18:00:00.000,2016,3,7,18,26015KT,20,11
2016-03-07 19:00:00.000,2016,3,7,19,26012KT,18,13
2016-03-07 20:00:00.000,2016,3,7,20,26010KT,19,11
2016-03-07 21:00:00.000,2016,3,7,21,28010KT,18,12
2016-03-07 22:00:00.000,2016,3,7,22,26008KT,18,12
2016-03-07 23:00:00.000,2016,3,7,23,28008KT,17,12
2016-03-08 00:00:00.000,2016,3,8,0,30008KT,15,12
2016-03-08 01:00:00.000,2016,3,8,1,32003KT,13,09
2016-03-08 02:00:00.000,2016,3,8,2,32004KT,12,09
2016-03-08 03:00:00.000,2016,3,8,3,31003KT,13,09
2016-03-08 04:00:00.000,2016,3,8,4,VRB02KT,13,09
2016-03-08 05:00:00.000,2016,3,8,5,VRB02KT,11,09
2016-03-08 06:00:00.000,2016,3,8,6,00000KT,12,10
2016-03-08 07:00:00.000,2016,3,8,7,26005KT,13,10
2016-03-08 08:00:00.000,2016,3,8,8,00000KT,12,10
2016-03-08 09:00:00.000,2016,3,8,9,VRB02KT,11,10
2016-03-08 10:00:00.000,2016,3,8,10,33003KT,10,09
2016-03-08 10:30:00.000,2016,3,8,10,02003KT,09,08
2016-03-08 11:00:00.000,2016,3,8,11,10004KT,10,10
2016-03-08 12:00:00.000,2016,3,8,12,VRB02KT,12,11
2016-03-08 13:00:00.000,2016,3,8,13,VRB02KT,14,10
2016-03-08 13:43:00.000,2016,3,8,13,04006KT,16,10
2016-03-08 14:00:00.000,2016,3,8,14,03004KT,16,09
2016-03-08 15:00:00.000,2016,3,8,15,34003KT,18,08
2016-03-08 16:00:00.000,2016,3,8,16,12006KT,20,06
2016-03-08 17:00:00.000,2016,3,8,17,15006KT,21,05
2016-03-08 18:00:00.000,2016,3,8,18,13005KT,22,05
2016-03-08 19:00:00.000,2016,3,8,19,25012KT,21,09
2016-03-08 20:00:00.000,2016,3,8,20,27010KT,19,11
2016-03-08 21:00:00.000,2016,3,8,21,26014KT,19,11
2016-03-08 22:00:00.000,2016,3,8,22,28009KT,18,11
2016-03-08 23:00:00.000,2016,3,8,23,26006KT,17,11
2016-03-09 00:00:00.000,2016,3,9,0,29004KT,16,11
2016-03-09 01:00:00.000,2016,3,9,1,25006KT,16,11
2016-03-09 02:00:00.000,2016,3,9,2,01003KT,14,11
2016-03-09 03:00:00.000,2016,3,9,3,30003KT,14,12
2016-03-09 04:00:00.000,2016,3,9,4,34003KT,13,12
2016-03-09 05:00:00.000,2016,3,9,5,03005KT,14,12
2016-03-09 10:00:00.000,2016,3,9,10,04004KT,13,12
2016-03-09 10:22:00.000,2016,3,9,10,06003KT,13,12
2016-03-09 11:00:00.000,2016,3,9,11,03006KT,13,11
2016-03-09 11:15:00.000,2016,3,9,11,04006KT,14,12
2016-03-09 12:00:00.000,2016,3,9,12,04006KT,14,12
2016-03-09 12:30:00.000,2016,3,9,12,06006KT,15,11
2016-03-09 13:00:00.000,2016,3,9,13,06003KT,15,10
2016-03-09 14:00:00.000,2016,3,9,14,04008KT,18,11
2016-03-09 15:00:00.000,2016,3,9,15,10008KT,20,09
2016-03-09 16:00:00.000,2016,3,9,16,18006KT,21,08
2016-03-09 17:00:00.000,2016,3,9,17,08010KT,23,08
2016-03-09 18:00:00.000,2016,3,9,18,24010KT,21,12
2016-03-09 18:45:00.000,2016,3,9,18,26013KT,22,12
2016-03-09 19:00:00.000,2016,3,9,19,27014KT,21,12
2016-03-09 19:45:00.000,2016,3,9,19,26013KT,22,12
2016-03-09 20:00:00.000,2016,3,9,20,29010KT,19,12
2016-03-09 21:00:00.000,2016,3,9,21,28010KT,19,12
2016-03-09 22:00:00.000,2016,3,9,22,30008KT,19,12
2016-03-09 22:40:00.000,2016,3,9,22,32005KT,18,12
2016-03-09 23:00:00.000,2016,3,9,23,29003KT,17,12
2016-03-09 23:25:00.000,2016,3,9,23,18011KT,15,12
2016-03-10 00:00:00.000,2016,3,10,0,20004KT,16,13
2016-03-10 01:00:00.000,2016,3,10,1,14004KT,15,13
2016-03-10 02:00:00.000,2016,3,10,2,13005KT,16,11
2016-03-10 03:00:00.000,2016,3,10,3,VRB02KT,14,10
2016-03-10 04:00:00.000,2016,3,10,4,14004KT,16,09
2016-03-10 05:00:00.000,2016,3,10,5,VRB02KT,12,10
2016-03-10 06:00:00.000,2016,3,10,6,35004KT,12,09
2016-03-10 07:00:00.000,2016,3,10,7,VRB02KT,10,09
2016-03-10 08:00:00.000,2016,3,10,8,VRB02KT,10,09
2016-03-10 09:00:00.000,2016,3,10,9,05004KT,10,08
2016-03-10 10:00:00.000,2016,3,10,10,VRB02KT,09,08
2016-03-10 10:30:00.000,2016,3,10,10,VRB02KT,09,08
2016-03-10 11:00:00.000,2016,3,10,11,VRB02KT,07,06
2016-03-10 12:00:00.000,2016,3,10,12,07003KT,11,10
2016-03-10 13:00:00.000,2016,3,10,13,34003KT,13,10
2016-03-10 14:00:00.000,2016,3,10,14,VRB02KT,17,09
2016-03-10 15:00:00.000,2016,3,10,15,25003KT,19,09
2016-03-10 16:00:00.000,2016,3,10,16,27005KT,21,10
2016-03-10 17:00:00.000,2016,3,10,17,23004KT,22,06
2016-03-10 18:00:00.000,2016,3,10,18,30013KT,22,11
2016-03-10 19:00:00.000,2016,3,10,19,27013KT,22,11
2016-03-10 20:00:00.000,2016,3,10,20,24008KT,21,10
2016-03-10 21:00:00.000,2016,3,10,21,26013KT,20,10
2016-03-10 21:36:00.000,2016,3,10,21,13015KT,19,10
2016-03-10 22:00:00.000,2016,3,10,22,12013KT,14,10
2016-03-10 22:30:00.000,2016,3,10,22,VRB02KT,13,11
2016-03-10 23:00:00.000,2016,3,10,23,VRB02KT,14,12
2016-03-11 00:00:00.000,2016,3,11,0,VRB02KT,13,12
2016-03-11 01:00:00.000,2016,3,11,1,02004KT,14,12
2016-03-11 01:15:00.000,2016,3,11,1,03005KT,14,12
2016-03-11 02:00:00.000,2016,3,11,2,06006KT,14,12
2016-03-11 03:00:00.000,2016,3,11,3,04003KT,13,12
2016-03-11 04:00:00.000,2016,3,11,4,07003KT,14,12
2016-03-11 05:00:00.000,2016,3,11,5,33004KT,13,12
2016-03-11 06:00:00.000,2016,3,11,6,05005KT,13,12
2016-03-11 07:00:00.000,2016,3,11,7,35003KT,12,11
2016-03-11 08:00:00.000,2016,3,11,8,04004KT,11,10
2016-03-11 09:00:00.000,2016,3,11,9,05005KT,11,10
2016-03-11 10:00:00.000,2016,3,11,10,05006KT,12,11
2016-03-11 10:30:00.000,2016,3,11,10,04008KT,12,10
2016-03-11 11:00:00.000,2016,3,11,11,05008KT,12,10
2016-03-11 12:00:00.000,2016,3,11,12,02004KT,12,10
2016-03-11 12:25:00.000,2016,3,11,12,04003KT,14,11
2016-03-11 13:00:00.000,2016,3,11,13,03007KT,15,11
2016-03-11 14:00:00.000,2016,3,11,14,12007KT,17,09
2016-03-11 15:00:00.000,2016,3,11,15,11005KT,19,09
2016-03-11 16:00:00.000,2016,3,11,16,03007KT,19,08
2016-03-11 17:00:00.000,2016,3,11,17,14003KT,21,09
2016-03-11 18:00:00.000,2016,3,11,18,28008KT,22,08
2016-03-11 19:00:00.000,2016,3,11,19,27011KT,21,10
2016-03-11 20:00:00.000,2016,3,11,20,28015KT,21,12
2016-03-11 20:25:00.000,2016,3,11,20,27013KT,20,11
2016-03-11 21:00:00.000,2016,3,11,21,27014KT,20,12
2016-03-11 22:00:00.000,2016,3,11,22,25007KT,19,12
2016-03-11 22:15:00.000,2016,3,11,22,12011KT,15,12
2016-03-11 22:40:00.000,2016,3,11,22,18012KT,13,12
2016-03-11 23:00:00.000,2016,3,11,23,16006KT,13,12
2016-03-11 23:22:00.000,2016,3,11,23,21003KT,15,12
2016-03-12 00:00:00.000,2016,3,12,0,09003KT,15,11
2016-03-12 01:00:00.000,2016,3,12,1,05003KT,14,12
2016-03-12 02:00:00.000,2016,3,12,2,05004KT,13,12
2016-03-12 03:00:00.000,2016,3,12,3,04003KT,13,12
2016-03-12 03:25:00.000,2016,3,12,3,VRB02KT,13,12
2016-03-12 04:00:00.000,2016,3,12,4,VRB02KT,14,13
2016-03-12 05:00:00.000,2016,3,12,5,01003KT,13,12
2016-03-12 06:00:00.000,2016,3,12,6,03004KT,13,12
2016-03-12 07:00:00.000,2016,3,12,7,05004KT,12,11
2016-03-12 08:00:00.000,2016,3,12,8,VRB02KT,12,11
2016-03-12 09:00:00.000,2016,3,12,9,27005KT,13,11
2016-03-12 10:00:00.000,2016,3,12,10,VRB02KT,12,11
2016-03-12 10:30:00.000,2016,3,12,10,VRB02KT,13,11
2016-03-12 11:00:00.000,2016,3,12,11,04003KT,12,11
2016-03-12 12:00:00.000,2016,3,12,12,02003KT,13,12
2016-03-12 13:00:00.000,2016,3,12,13,VRB02KT,15,12
2016-03-12 14:00:00.000,2016,3,12,14,VRB02KT,17,11
2016-03-12 15:00:00.000,2016,3,12,15,VRB02KT,19,10
2016-03-12 16:00:00.000,2016,3,12,16,VRB02KT,20,09
2016-03-12 17:00:00.000,2016,3,12,17,26006KT,21,09
2016-03-12 18:00:00.000,2016,3,12,18,27010KT,21,11
2016-03-12 19:00:00.000,2016,3,12,19,26008KT,22,11
2016-03-12 20:00:00.000,2016,3,12,20,27015KT,21,12
2016-03-12 20:20:00.000,2016,3,12,20,29015KT,21,11
2016-03-12 21:00:00.000,2016,3,12,21,28015KT,20,11
2016-03-12 22:00:00.000,2016,3,12,22,27008KT,19,11
2016-03-12 22:30:00.000,2016,3,12,22,36007KT,19,11
2016-03-12 23:00:00.000,2016,3,12,23,35005KT,17,11
2016-03-13 00:00:00.000,2016,3,13,0,04003KT,15,11
2016-03-13 01:00:00.000,2016,3,13,1,05003KT,14,11
2016-03-13 02:00:00.000,2016,3,13,2,00000KT,14,10
2016-03-13 03:00:00.000,2016,3,13,3,02005KT,13,11
2016-03-13 04:00:00.000,2016,3,13,4,04004KT,14,11
2016-03-13 05:00:00.000,2016,3,13,5,03003KT,14,11
2016-03-13 06:00:00.000,2016,3,13,6,VRB02KT,14,12
2016-03-13 07:00:00.000,2016,3,13,7,VRB02KT,13,11
2016-03-13 08:00:00.000,2016,3,13,8,29004KT,13,11
2016-03-13 09:00:00.000,2016,3,13,9,00000KT,13,11
2016-03-13 10:00:00.000,2016,3,13,10,33004KT,13,11
2016-03-13 10:30:00.000,2016,3,13,10,00000KT,12,11
2016-03-13 11:00:00.000,2016,3,13,11,34003KT,12,10
2016-03-13 12:00:00.000,2016,3,13,12,VRB02KT,12,11
2016-03-13 12:15:00.000,2016,3,13,12,VRB02KT,14,12
2016-03-13 13:00:00.000,2016,3,13,13,04006KT,16,11
2016-03-13 14:00:00.000,2016,3,13,14,06004KT,17,11
2016-03-13 15:00:00.000,2016,3,13,15,06008KT,18,10
2016-03-13 16:00:00.000,2016,3,13,16,08005KT,20,10
2016-03-13 17:00:00.000,2016,3,13,17,09005KT,20,09
2016-03-13 18:00:00.000,2016,3,13,18,13006KT,21,08
2016-03-13 19:00:00.000,2016,3,13,19,26012KT,21,12
2016-03-13 20:00:00.000,2016,3,13,20,29012KT,20,12
2016-03-13 21:00:00.000,2016,3,13,21,28013KT,17,13
2016-03-13 21:40:00.000,2016,3,13,21,29010KT,17,12
2016-03-13 22:00:00.000,2016,3,13,22,29005KT,16,11
2016-03-13 23:00:00.000,2016,3,13,23,26005KT,16,12
2016-03-14 00:00:00.000,2016,3,14,0,27004KT,15,12
2016-03-14 01:00:00.000,2016,3,14,1,31003KT,15,12
2016-03-14 02:00:00.000,2016,3,14,2,30004KT,15,13
2016-03-14 03:00:00.000,2016,3,14,3,35003KT,14,12
2016-03-14 04:00:00.000,2016,3,14,4,33003KT,14,13
2016-03-14 05:00:00.000,2016,3,14,5,34003KT,14,13
2016-03-14 06:00:00.000,2016,3,14,6,33003KT,14,12
2016-03-14 07:00:00.000,2016,3,14,7,03004KT,13,12
2016-03-14 08:00:00.000,2016,3,14,8,VRB02KT,13,12
2016-03-14 09:00:00.000,2016,3,14,9,VRB02KT,13,12
2016-03-14 10:00:00.000,2016,3,14,10,03004KT,13,11
2016-03-14 11:00:00.000,2016,3,14,11,03004KT,13,11
2016-03-14 12:00:00.000,2016,3,14,12,04003KT,13,11
2016-03-14 13:00:00.000,2016,3,14,13,03004KT,15,12
2016-03-14 13:24:00.000,2016,3,14,13,VRB02KT,17,11
2016-03-14 14:00:00.000,2016,3,14,14,09004KT,18,10
2016-03-14 15:00:00.000,2016,3,14,15,30004KT,18,10
2016-03-14 16:00:00.000,2016,3,14,16,27010KT,19,11
2016-03-14 16:10:00.000,2016,3,14,16,26007KT,20,10
2016-03-14 17:00:00.000,2016,3,14,17,23010KT,19,11
2016-03-14 18:00:00.000,2016,3,14,18,23015KT,17,11
2016-03-14 19:00:00.000,2016,3,14,19,18012KT,17,11
2016-03-14 20:00:00.000,2016,3,14,20,28010KT,17,11
2016-03-14 21:00:00.000,2016,3,14,21,29010KT,18,11
2016-03-14 22:00:00.000,2016,3,14,22,28006KT,18,11
2016-03-14 23:00:00.000,2016,3,14,23,24006KT,17,12
2016-03-15 00:00:00.000,2016,3,15,0,31008KT,16,12
2016-03-15 00:34:00.000,2016,3,15,0,31005KT,16,11
2016-03-15 01:00:00.000,2016,3,15,1,28005KT,16,11
2016-03-15 02:00:00.000,2016,3,15,2,VRB02KT,15,11
2016-03-15 03:00:00.000,2016,3,15,3,VRB02KT,15,11
2016-03-15 04:00:00.000,2016,3,15,4,28004KT,15,12
2016-03-15 05:00:00.000,2016,3,15,5,33003KT,14,11
2016-03-15 06:00:00.000,2016,3,15,6,VRB02KT,14,11
2016-03-15 07:00:00.000,2016,3,15,7,23004KT,14,12
2016-03-15 08:00:00.000,2016,3,15,8,VRB02KT,13,12
2016-03-15 09:00:00.000,2016,3,15,9,VRB02KT,13,12
2016-03-15 10:00:00.000,2016,3,15,10,VRB02KT,13,11
2016-03-15 10:30:00.000,2016,3,15,10,VRB02KT,13,12
2016-03-15 11:00:00.000,2016,3,15,11,VRB02KT,13,12
2016-03-15 11:13:00.000,2016,3,15,11,VRB02KT,13,12
2016-03-15 12:00:00.000,2016,3,15,12,33004KT,14,13
2016-03-15 13:00:00.000,2016,3,15,13,VRB02KT,15,12
2016-03-15 14:00:00.000,2016,3,15,14,VRB02KT,17,12
2016-03-15 15:00:00.000,2016,3,15,15,18004KT,18,11
2016-03-15 15:20:00.000,2016,3,15,15,12004KT,19,10
2016-03-15 16:00:00.000,2016,3,15,16,17010KT,19,08
2016-03-15 17:00:00.000,2016,3,15,17,18010KT,19,09
2016-03-15 18:00:00.000,2016,3,15,18,16009KT,20,09
2016-03-15 19:00:00.000,2016,3,15,19,20010KT,20,09
2016-03-15 20:00:00.000,2016,3,15,20,20007KT,20,09
2016-03-15 21:00:00.000,2016,3,15,21,06004KT,19,10
2016-03-15 22:00:00.000,2016,3,15,22,07007KT,19,09
2016-03-15 23:00:00.000,2016,3,15,23,08006KT,19,09
2016-03-16 00:00:00.000,2016,3,16,0,VRB02KT,16,12
2016-03-16 01:00:00.000,2016,3,16,1,26003KT,15,12
2016-03-16 02:00:00.000,2016,3,16,2,VRB02KT,15,12
2016-03-16 03:00:00.000,2016,3,16,3,04003KT,13,12
2016-03-16 04:00:00.000,2016,3,16,4,VRB02KT,12,11
2016-03-16 05:00:00.000,2016,3,16,5,02004KT,11,09
2016-03-16 06:00:00.000,2016,3,16,6,02004KT,13,10
2016-03-16 07:00:00.000,2016,3,16,7,VRB02KT,11,10
2016-03-16 08:00:00.000,2016,3,16,8,VRB02KT,11,10
2016-03-16 09:00:00.000,2016,3,16,9,30003KT,12,10
2016-03-16 10:00:00.000,2016,3,16,10,06003KT,11,09
2016-03-16 10:30:00.000,2016,3,16,10,05004KT,10,09
2016-03-16 11:00:00.000,2016,3,16,11,05004KT,10,09
2016-03-16 12:00:00.000,2016,3,16,12,05003KT,12,11
2016-03-16 12:25:00.000,2016,3,16,12,04005KT,14,11
2016-03-16 13:00:00.000,2016,3,16,13,03007KT,15,11
2016-03-16 14:00:00.000,2016,3,16,14,35004KT,19,11
2016-03-16 15:00:00.000,2016,3,16,15,08007KT,21,10
2016-03-16 16:00:00.000,2016,3,16,16,11007KT,20,08
2016-03-16 17:00:00.000,2016,3,16,17,08008KT,21,09
2016-03-16 18:00:00.000,2016,3,16,18,VRB02KT,21,07
2016-03-16 19:00:00.000,2016,3,16,19,28011KT,22,09
2016-03-16 20:00:00.000,2016,3,16,20,24010KT,20,13
2016-03-16 21:00:00.000,2016,3,16,21,27010KT,20,13
2016-03-16 21:30:00.000,2016,3,16,21,26005KT,19,13
2016-03-16 22:00:00.000,2016,3,16,22,01007KT,17,13
2016-03-16 23:00:00.000,2016,3,16,23,28007KT,16,14
2016-03-17 00:00:00.000,2016,3,17,0,VRB02KT,15,13
2016-03-17 01:00:00.000,2016,3,17,1,VRB02KT,15,12
2016-03-17 02:00:00.000,2016,3,17,2,VRB02KT,14,12
2016-03-17 03:00:00.000,2016,3,17,3,VRB02KT,15,12
2016-03-17 04:00:00.000,2016,3,17,4,VRB02KT,15,12
2016-03-17 05:00:00.000,2016,3,17,5,03003KT,15,12
2016-03-17 06:00:00.000,2016,3,17,6,07005KT,14,12
2016-03-17 07:00:00.000,2016,3,17,7,VRB02KT,14,12
2016-03-17 08:00:00.000,2016,3,17,8,VRB02KT,13,12
2016-03-17 09:00:00.000,2016,3,17,9,VRB02KT,12,10
2016-03-17 10:00:00.000,2016,3,17,10,VRB02KT,12,11
2016-03-17 10:30:00.000,2016,3,17,10,VRB02KT,12,11
2016-03-17 11:00:00.000,2016,3,17,11,32005KT,12,12
2016-03-17 12:00:00.000,2016,3,17,12,VRB02KT,12,11
2016-03-17 12:09:00.000,2016,3,17,12,VRB02KT,12,12
2016-03-17 13:00:00.000,2016,3,17,13,VRB02KT,13,12
2016-03-17 13:13:00.000,2016,3,17,13,VRB02KT,14,13
2016-03-17 13:35:00.000,2016,3,17,13,04003KT,14,13
2016-03-17 14:00:00.000,2016,3,17,14,05004KT,15,11
2016-03-17 15:00:00.000,2016,3,17,15,03003KT,16,13
2016-03-17 16:00:00.000,2016,3,17,16,03003KT,17,12
2016-03-17 16:03:00.000,2016,3,17,16,06004KT,17,12
2016-03-17 17:00:00.000,2016,3,17,17,05003KT,16,13
2016-03-17 17:30:00.000,2016,3,17,17,06006KT,17,13
2016-03-17 18:00:00.000,2016,3,17,18,03005KT,17,13
2016-03-17 19:00:00.000,2016,3,17,19,27003KT,19,13
2016-03-17 20:00:00.000,2016,3,17,20,17006KT,20,12
2016-03-17 21:00:00.000,2016,3,17,21,11010KT,18,12
2016-03-17 21:00:00.000,2016,3,17,21,14010G20KT,20,11
2016-03-17 21:08:00.000,2016,3,17,21,09008KT,18,12
2016-03-17 21:36:00.000,2016,3,17,21,06005KT,16,12
2016-03-17 22:00:00.000,2016,3,17,22,03007KT,15,13
2016-03-17 22:30:00.000,2016,3,17,22,VRB02KT,15,13
2016-03-17 23:00:00.000,2016,3,17,23,03005KT,15,13
2016-03-18 00:00:00.000,2016,3,18,0,07008KT,15,12
2016-03-18 01:00:00.000,2016,3,18,1,06008KT,14,12
2016-03-18 02:00:00.000,2016,3,18,2,02005KT,14,12
2016-03-18 03:00:00.000,2016,3,18,3,04006KT,13,11
2016-03-18 04:00:00.000,2016,3,18,4,07008KT,14,11
2016-03-18 05:00:00.000,2016,3,18,5,04004KT,13,11
2016-03-18 06:00:00.000,2016,3,18,6,04007KT,13,11
2016-03-18 08:00:00.000,2016,3,18,8,04006KT,13,11
2016-03-18 09:00:00.000,2016,3,18,9,VRB02KT,12,10
2016-03-18 10:00:00.000,2016,3,18,10,VRB02KT,12,10
2016-03-18 10:30:00.000,2016,3,18,10,05004KT,12,10
2016-03-18 11:00:00.000,2016,3,18,11,03005KT,12,10
2016-03-18 12:00:00.000,2016,3,18,12,04005KT,13,11
2016-03-18 13:00:00.000,2016,3,18,13,08005KT,15,11
2016-03-18 14:00:00.000,2016,3,18,14,05006KT,16,11
2016-03-18 14:29:00.000,2016,3,18,14,03012KT,15,12
2016-03-18 15:00:00.000,2016,3,18,15,05007KT,15,13
2016-03-18 16:00:00.000,2016,3,18,16,14008KT,17,11
2016-03-18 17:00:00.000,2016,3,18,17,15008KT,20,09
2016-03-18 18:00:00.000,2016,3,18,18,13007KT,19,09
2016-03-18 19:00:00.000,2016,3,18,19,10008KT,19,09
2016-03-18 20:00:00.000,2016,3,18,20,13011KT,19,10
2016-03-18 21:00:00.000,2016,3,18,21,12007KT,19,10
2016-03-18 22:00:00.000,2016,3,18,22,11004KT,19,09
2016-03-18 23:00:00.000,2016,3,18,23,08006KT,19,09
2016-03-19 00:00:00.000,2016,3,19,0,VRB02KT,18,10
2016-03-19 01:00:00.000,2016,3,19,1,33003KT,16,12
2016-03-19 02:00:00.000,2016,3,19,2,05006KT,15,11
2016-03-19 03:00:00.000,2016,3,19,3,VRB02KT,14,11
2016-03-19 04:00:00.000,2016,3,19,4,05006KT,14,11
2016-03-19 05:00:00.000,2016,3,19,5,04006KT,14,11
2016-03-19 06:00:00.000,2016,3,19,6,05008KT,14,11
2016-03-19 07:00:00.000,2016,3,19,7,06006KT,14,10
2016-03-19 09:00:00.000,2016,3,19,9,04005KT,12,10
2016-03-19 10:00:00.000,2016,3,19,10,04005KT,12,10
2016-03-19 10:30:00.000,2016,3,19,10,05006KT,13,10
2016-03-19 11:00:00.000,2016,3,19,11,05006KT,13,11
2016-03-19 12:00:00.000,2016,3,19,12,05005KT,14,11
2016-03-19 13:00:00.000,2016,3,19,13,03008KT,15,11
2016-03-19 14:00:00.000,2016,3,19,14,05010KT,17,11
2016-03-19 15:00:00.000,2016,3,19,15,06012KT,17,11
2016-03-19 16:00:00.000,2016,3,19,16,07007KT,18,11
2016-03-19 17:00:00.000,2016,3,19,17,13015KT,20,10
2016-03-19 18:00:00.000,2016,3,19,18,16012KT,21,10
2016-03-19 19:00:00.000,2016,3,19,19,09012KT,19,09
2016-03-19 20:00:00.000,2016,3,19,20,05006KT,17,12
2016-03-19 21:00:00.000,2016,3,19,21,11007KT,19,07
2016-03-19 22:00:00.000,2016,3,19,22,14010KT,20,09
2016-03-19 23:00:00.000,2016,3,19,23,08008KT,20,08
2016-03-20 00:00:00.000,2016,3,20,0,11005KT,18,09
2016-03-20 01:00:00.000,2016,3,20,1,08005KT,17,09
2016-03-20 02:00:00.000,2016,3,20,2,06006KT,16,10
2016-03-20 03:00:00.000,2016,3,20,3,05006KT,16,10
2016-03-20 04:00:00.000,2016,3,20,4,08004KT,15,10
2016-03-20 05:00:00.000,2016,3,20,5,04004KT,14,11
2016-03-20 06:00:00.000,2016,3,20,6,05006KT,14,10
2016-03-20 07:00:00.000,2016,3,20,7,04008KT,14,11
2016-03-20 08:00:00.000,2016,3,20,8,06004KT,13,11
2016-03-20 09:00:00.000,2016,3,20,9,06006KT,13,11
2016-03-20 10:00:00.000,2016,3,20,10,05004KT,13,10
2016-03-20 11:00:00.000,2016,3,20,11,07007KT,13,10
2016-03-20 12:00:00.000,2016,3,20,12,07008KT,14,10
2016-03-20 12:30:00.000,2016,3,20,12,09005KT,16,10
2016-03-20 13:00:00.000,2016,3,20,13,09004KT,17,10
2016-03-20 14:00:00.000,2016,3,20,14,14010KT,19,08
2016-03-20 15:00:00.000,2016,3,20,15,11008KT,20,08
2016-03-20 16:00:00.000,2016,3,20,16,12008KT,20,08
2016-03-20 17:00:00.000,2016,3,20,17,13013KT,21,08
2016-03-20 18:00:00.000,2016,3,20,18,11009KT,22,07
2016-03-20 19:00:00.000,2016,3,20,19,14009KT,21,07
2016-03-20 20:00:00.000,2016,3,20,20,12011KT,22,08
2016-03-20 21:00:00.000,2016,3,20,21,08009KT,21,06
2016-03-20 22:00:00.000,2016,3,20,22,08009KT,21,06
2016-03-20 23:00:00.000,2016,3,20,23,12008KT,20,07
2016-03-21 00:00:00.000,2016,3,21,0,14010KT,18,09
2016-03-21 01:00:00.000,2016,3,21,1,15006KT,17,09
2016-03-21 02:00:00.000,2016,3,21,2,06004KT,15,09
2016-03-21 03:00:00.000,2016,3,21,3,13006KT,16,09
2016-03-21 03:05:00.000,2016,3,21,3,13005KT,16,09
2016-03-21 04:00:00.000,2016,3,21,4,15005KT,14,11
2016-03-21 05:00:00.000,2016,3,21,5,06004KT,13,11
2016-03-21 06:00:00.000,2016,3,21,6,VRB02KT,13,11
2016-03-21 07:00:00.000,2016,3,21,7,03005KT,13,11
2016-03-21 08:00:00.000,2016,3,21,8,04004KT,13,11
2016-03-21 09:00:00.000,2016,3,21,9,06004KT,13,11
2016-03-21 10:00:00.000,2016,3,21,10,05004KT,12,10
2016-03-21 10:30:00.000,2016,3,21,10,05004KT,11,10
2016-03-21 11:00:00.000,2016,3,21,11,06005KT,11,10
2016-03-21 12:00:00.000,2016,3,21,12,09005KT,14,11
2016-03-21 13:00:00.000,2016,3,21,13,09011KT,16,09
2016-03-21 14:00:00.000,2016,3,21,14,07008KT,18,08
2016-03-21 15:00:00.000,2016,3,21,15,09007KT,18,08
2016-03-21 16:00:00.000,2016,3,21,16,09006KT,18,08
2016-03-21 17:00:00.000,2016,3,21,17,09012KT,20,09
2016-03-21 18:00:00.000,2016,3,21,18,06006KT,20,09
2016-03-21 19:00:00.000,2016,3,21,19,11010KT,21,07
2016-03-21 20:00:00.000,2016,3,21,20,06008KT,21,06
2016-03-21 21:00:00.000,2016,3,21,21,07011KT,20,08
2016-03-21 22:00:00.000,2016,3,21,22,14011KT,19,10
2016-03-21 23:00:00.000,2016,3,21,23,16010KT,18,10
2016-03-22 00:00:00.000,2016,3,22,0,11006KT,17,09
2016-03-22 01:00:00.000,2016,3,22,1,13008KT,16,09
2016-03-22 02:00:00.000,2016,3,22,2,12005KT,16,08
2016-03-22 03:00:00.000,2016,3,22,3,10003KT,15,09
2016-03-22 04:00:00.000,2016,3,22,4,06003KT,12,09
2016-03-22 05:00:00.000,2016,3,22,5,00000KT,12,09
2016-03-22 06:00:00.000,2016,3,22,6,34004KT,11,09
2016-03-22 07:00:00.000,2016,3,22,7,01003KT,09,08
2016-03-22 08:00:00.000,2016,3,22,8,01004KT,10,09
2016-03-22 09:00:00.000,2016,3,22,9,32003KT,11,09
2016-03-22 10:00:00.000,2016,3,22,10,00000KT,11,10
2016-03-22 10:30:00.000,2016,3,22,10,VRB02KT,09,08
2016-03-22 11:00:00.000,2016,3,22,11,29003KT,09,08
2016-03-22 12:00:00.000,2016,3,22,12,06006KT,12,10
2016-03-22 12:30:00.000,2016,3,22,12,04006KT,15,11
2016-03-22 13:00:00.000,2016,3,22,13,06006KT,15,11
2016-03-22 14:00:00.000,2016,3,22,14,04006KT,17,10
2016-03-22 15:00:00.000,2016,3,22,15,06006KT,19,10
2016-03-22 16:00:00.000,2016,3,22,16,04010KT,20,08
2016-03-22 17:00:00.000,2016,3,22,17,08013KT,21,07
2016-03-22 18:00:00.000,2016,3,22,18,21005KT,21,11
2016-03-22 18:35:00.000,2016,3,22,18,03007KT,19,12
2016-03-22 19:00:00.000,2016,3,22,19,05008KT,18,12
2016-03-22 19:19:00.000,2016,3,22,19,08008KT,19,11
2016-03-22 20:00:00.000,2016,3,22,20,09009KT,18,11
2016-03-22 21:00:00.000,2016,3,22,21,05006KT,18,11
2016-03-22 22:00:00.000,2016,3,22,22,12008KT,18,10
2016-03-22 23:00:00.000,2016,3,22,23,09010KT,18,09
2016-03-23 00:00:00.000,2016,3,23,0,09005KT,17,08
2016-03-23 01:00:00.000,2016,3,23,1,06006KT,15,09
2016-03-23 02:00:00.000,2016,3,23,2,07005KT,15,09
2016-03-23 03:00:00.000,2016,3,23,3,07005KT,14,08
2016-03-23 04:00:00.000,2016,3,23,4,07005KT,15,09
2016-03-23 05:00:00.000,2016,3,23,5,35003KT,12,09
2016-03-23 06:00:00.000,2016,3,23,6,VRB02KT,13,10
2016-03-23 07:00:00.000,2016,3,23,7,06004KT,13,09
2016-03-23 08:00:00.000,2016,3,23,8,02004KT,12,09
2016-03-23 09:00:00.000,2016,3,23,9,03003KT,13,09
2016-03-23 10:00:00.000,2016,3,23,10,03004KT,13,09
2016-03-23 10:30:00.000,2016,3,23,10,02003KT,13,10
2016-03-23 11:00:00.000,2016,3,23,11,03005KT,12,10
2016-03-23 11:12:00.000,2016,3,23,11,05004KT,13,10
2016-03-23 12:00:00.000,2016,3,23,12,32003KT,12,10
2016-03-23 13:00:00.000,2016,3,23,13,VRB02KT,12,11
2016-03-23 13:05:00.000,2016,3,23,13,02003KT,12,11
2016-03-23 14:00:00.000,2016,3,23,14,VRB02KT,13,11
2016-03-23 14:30:00.000,2016,3,23,14,07003KT,13,11
2016-03-23 15:00:00.000,2016,3,23,15,07003KT,13,12
2016-03-23 15:05:00.000,2016,3,23,15,10003KT,13,12
2016-03-23 15:15:00.000,2016,3,23,15,VRB02KT,14,12
2016-03-23 16:00:00.000,2016,3,23,16,VRB02KT,16,11
2016-03-23 16:26:00.000,2016,3,23,16,08004KT,18,11
2016-03-23 17:00:00.000,2016,3,23,17,07010KT,19,11
2016-03-23 18:00:00.000,2016,3,23,18,13009KT,19,09
2016-03-23 19:00:00.000,2016,3,23,19,19004KT,19,09
2016-03-23 20:00:00.000,2016,3,23,20,14008KT,21,08
2016-03-23 21:00:00.000,2016,3,23,21,16007KT,21,08
2016-03-23 22:00:00.000,2016,3,23,22,12007KT,20,08
2016-03-23 23:00:00.000,2016,3,23,23,14014KT,17,10
2016-03-24 00:00:00.000,2016,3,24,0,14008KT,15,09
2016-03-24 01:00:00.000,2016,3,24,1,00000KT,14,09
2016-03-24 02:00:00.000,2016,3,24,2,05005KT,12,08
2016-03-24 02:30:00.000,2016,3,24,2,04004KT,11,08
2016-03-24 03:00:00.000,2016,3,24,3,008004T,12,09
2016-03-24 04:00:00.000,2016,3,24,4,07003KT,11,08
2016-03-24 05:00:00.000,2016,3,24,5,VRB02KT,10,08
2016-03-24 06:00:00.000,2016,3,24,6,00000KT,09,07
2016-03-24 07:00:00.000,2016,3,24,7,00000KT,08,06
2016-03-24 08:00:00.000,2016,3,24,8,VRB02KT,05,04
2016-03-24 09:00:00.000,2016,3,24,9,34003KT,07,06
2016-03-24 10:00:00.000,2016,3,24,10,05006KT,06,05
2016-03-24 10:30:00.000,2016,3,24,10,02004KT,07,05
2016-03-24 11:00:00.000,2016,3,24,11,07004KT,07,05
2016-03-24 12:00:00.000,2016,3,24,12,05007KT,09,06
2016-03-24 12:20:00.000,2016,3,24,12,05006KT,11,07
2016-03-24 12:45:00.000,2016,3,24,12,04006KT,13,08
2016-03-24 13:00:00.000,2016,3,24,13,06005KT,13,07
2016-03-24 13:15:00.000,2016,3,24,13,15006KT,15,06
2016-03-24 14:00:00.000,2016,3,24,14,18006KT,16,06
2016-03-24 14:35:00.000,2016,3,24,14,17007KT,18,05
2016-03-24 15:00:00.000,2016,3,24,15,16006KT,18,05
2016-03-24 16:00:00.000,2016,3,24,16,22005KT,20,03
2016-03-24 17:00:00.000,2016,3,24,17,29005KT,21,05
2016-03-24 18:00:00.000,2016,3,24,18,17003KT,23,04
2016-03-24 19:00:00.000,2016,3,24,19,07004KT,24,04
2016-03-24 20:00:00.000,2016,3,24,20,25010KT,23,10
2016-03-24 21:00:00.000,2016,3,24,21,25012KT,21,11
2016-03-24 22:00:00.000,2016,3,24,22,26011KT,20,12
2016-03-24 23:00:00.000,2016,3,24,23,28008KT,18,12
2016-03-25 00:00:00.000,2016,3,25,0,30006KT,16,12
2016-03-25 01:00:00.000,2016,3,25,1,25006KT,16,11
2016-03-25 02:00:00.000,2016,3,25,2,03003KT,13,10
2016-03-25 03:00:00.000,2016,3,25,3,05007KT,12,07
2016-03-25 04:00:00.000,2016,3,25,4,05007KT,11,08
2016-03-25 05:00:00.000,2016,3,25,5,05008KT,11,08
2016-03-25 06:00:00.000,2016,3,25,6,04003KT,10,08
2016-03-25 07:00:00.000,2016,3,25,7,VRB02KT,09,07
2016-03-25 08:00:00.000,2016,3,25,8,02003KT,08,07
2016-03-25 09:00:00.000,2016,3,25,9,VRB02KT,08,07
2016-03-25 10:00:00.000,2016,3,25,10,VRB02KT,06,05
2016-03-25 10:30:00.000,2016,3,25,10,VRB02KT,07,06
2016-03-25 11:00:00.000,2016,3,25,11,02004KT,07,06
2016-03-25 12:00:00.000,2016,3,25,12,06006KT,08,07
2016-03-25 13:00:00.000,2016,3,25,13,06007KT,12,07
2016-03-25 13:33:00.000,2016,3,25,13,09004KT,15,07
2016-03-25 14:00:00.000,2016,3,25,14,05006KT,16,07
2016-03-25 15:00:00.000,2016,3,25,15,35005KT,19,07
2016-03-25 16:00:00.000,2016,3,25,16,32005KT,20,07
2016-03-25 17:00:00.000,2016,3,25,17,16004KT,21,06
2016-03-25 18:00:00.000,2016,3,25,18,14006KT,23,06
2016-03-25 19:00:00.000,2016,3,25,19,12010KT,24,05
2016-03-25 20:00:00.000,2016,3,25,20,11012KT,24,06
2016-03-25 21:00:00.000,2016,3,25,21,16012KT,23,06
2016-03-25 22:00:00.000,2016,3,25,22,16006KT,22,08
2016-03-25 23:00:00.000,2016,3,25,23,30006KT,18,09
2016-03-26 00:00:00.000,2016,3,26,0,33004KT,15,07
2016-03-26 01:00:00.000,2016,3,26,1,VRB02KT,13,06
2016-03-26 02:00:00.000,2016,3,26,2,VRB02KT,12,07
2016-03-26 03:00:00.000,2016,3,26,3,VRB02KT,11,07
2016-03-26 04:00:00.000,2016,3,26,4,03004KT,12,07
2016-03-26 05:00:00.000,2016,3,26,5,00000KT,12,08
2016-03-26 06:00:00.000,2016,3,26,6,05004KT,10,08
2016-03-26 07:00:00.000,2016,3,26,7,04004KT,10,08
2016-03-26 08:00:00.000,2016,3,26,8,VRB02KT,09,07
2016-03-26 09:00:00.000,2016,3,26,9,02004KT,05,04
2016-03-26 10:00:00.000,2016,3,26,10,02005KT,08,07
2016-03-26 10:30:00.000,2016,3,26,10,04003KT,08,07
2016-03-26 11:00:00.000,2016,3,26,11,06003KT,08,08
2016-03-26 12:00:00.000,2016,3,26,12,04008KT,10,08
2016-03-26 12:17:00.000,2016,3,26,12,VRB02KT,12,10
2016-03-26 13:00:00.000,2016,3,26,13,33004KT,15,09
2016-03-26 14:00:00.000,2016,3,26,14,05008KT,17,10
2016-03-26 15:00:00.000,2016,3,26,15,08013KT,20,09
2016-03-26 16:00:00.000,2016,3,26,16,10012KT,21,08
2016-03-26 17:00:00.000,2016,3,26,17,09015KT,21,09
2016-03-26 18:00:00.000,2016,3,26,18,12012KT,23,09
2016-03-26 19:00:00.000,2016,3,26,19,12014KT,23,08
2016-03-26 20:00:00.000,2016,3,26,20,13010KT,22,07
2016-03-26 21:00:00.000,2016,3,26,21,15013KT,22,09
2016-03-26 22:00:00.000,2016,3,26,22,17010KT,20,09
2016-03-26 23:00:00.000,2016,3,26,23,12006KT,20,08
2016-03-27 00:00:00.000,2016,3,27,0,12006KT,18,09
2016-03-27 01:00:00.000,2016,3,27,1,17009KT,18,09
2016-03-27 02:00:00.000,2016,3,27,2,14008KT,15,09
2016-03-27 03:00:00.000,2016,3,27,3,VRB02KT,15,10
2016-03-27 04:00:00.000,2016,3,27,4,35004KT,13,10
2016-03-27 05:00:00.000,2016,3,27,5,03004KT,11,08
2016-03-27 06:00:00.000,2016,3,27,6,VRB02KT,12,09
2016-03-27 07:00:00.000,2016,3,27,7,05006KT,10,08
2016-03-27 08:00:00.000,2016,3,27,8,VRB02KT,11,09
2016-03-27 09:00:00.000,2016,3,27,9,05005KT,09,07
2016-03-27 10:00:00.000,2016,3,27,10,03006KT,10,09
2016-03-27 10:30:00.000,2016,3,27,10,04007KT,11,09
2016-03-27 11:00:00.000,2016,3,27,11,05005KT,11,09
2016-03-27 12:00:00.000,2016,3,27,12,VRB02KT,12,10
2016-03-27 13:00:00.000,2016,3,27,13,06007KT,15,10
2016-03-27 14:00:00.000,2016,3,27,14,04004KT,16,09
2016-03-27 15:00:00.000,2016,3,27,15,16004KT,19,08
2016-03-27 16:00:00.000,2016,3,27,16,10005KT,20,07
2016-03-27 17:00:00.000,2016,3,27,17,VRB02KT,21,07
2016-03-27 18:00:00.000,2016,3,27,18,16008KT,23,06
2016-03-27 19:00:00.000,2016,3,27,19,21008KT,22,08
2016-03-27 20:00:00.000,2016,3,27,20,25008KT,22,10
2016-03-27 21:00:00.000,2016,3,27,21,27010KT,21,11
2016-03-27 22:00:00.000,2016,3,27,22,26009KT,19,12
2016-03-27 23:00:00.000,2016,3,27,23,24010KT,18,12
2016-03-28 00:00:00.000,2016,3,28,0,24005KT,17,13
2016-03-28 01:00:00.000,2016,3,28,1,VRB02KT,16,13
2016-03-28 02:00:00.000,2016,3,28,2,34003KT,15,12
2016-03-28 03:00:00.000,2016,3,28,3,VRB02KT,15,10
2016-03-28 04:00:00.000,2016,3,28,4,35004KT,13,10
2016-03-28 05:00:00.000,2016,3,28,5,34004KT,13,10
2016-03-28 06:00:00.000,2016,3,28,6,00000KT,12,10
2016-03-28 07:00:00.000,2016,3,28,7,35003KT,12,10
2016-03-28 09:00:00.000,2016,3,28,9,VRB02KT,12,11
2016-03-28 10:00:00.000,2016,3,28,10,04004KT,12,11
2016-03-28 11:00:00.000,2016,3,28,11,VRB02KT,12,10
2016-03-28 12:00:00.000,2016,3,28,12,VRB02KT,13,11
2016-03-28 13:00:00.000,2016,3,28,13,07005KT,15,12
2016-03-28 14:00:00.000,2016,3,28,14,27003KT,17,10
2016-03-28 15:00:00.000,2016,3,28,15,VRB02KT,19,09
2016-03-28 16:00:00.000,2016,3,28,16,06004KT,20,09
2016-03-28 17:00:00.000,2016,3,28,17,26007KT,22,08
2016-03-28 18:00:00.000,2016,3,28,18,29006KT,22,11
2016-03-28 19:00:00.000,2016,3,28,19,28014KT,20,12
2016-03-28 20:00:00.000,2016,3,28,20,25011KT,21,11
2016-03-28 21:00:00.000,2016,3,28,21,28011KT,20,11
2016-03-28 22:00:00.000,2016,3,28,22,28010KT,20,11
2016-03-28 23:00:00.000,2016,3,28,23,24007KT,18,12
2016-03-29 00:00:00.000,2016,3,29,0,28006KT,17,12
2016-03-29 01:00:00.000,2016,3,29,1,VRB02KT,16,13
2016-03-29 02:00:00.000,2016,3,29,2,31006KT,16,13
2016-03-29 03:00:00.000,2016,3,29,3,VRB02KT,15,12
2016-03-29 04:00:00.000,2016,3,29,4,29008KT,15,11
2016-03-29 05:00:00.000,2016,3,29,5,31006KT,14,12
2016-03-29 06:00:00.000,2016,3,29,6,VRB02KT,14,12
2016-03-29 07:00:00.000,2016,3,29,7,VRB2KT,14,12
2016-03-29 08:00:00.000,2016,3,29,8,VRB02KT,14,12
2016-03-29 09:00:00.000,2016,3,29,9,VRB02KT,13,12
2016-03-29 10:00:00.000,2016,3,29,10,VRB02KT,12,11
2016-03-29 10:30:00.000,2016,3,29,10,VRB02KT,12,11
2016-03-29 11:00:00.000,2016,3,29,11,VRB02KT,12,11
2016-03-29 12:00:00.000,2016,3,29,12,VRB02KT,12,11
2016-03-29 13:00:00.000,2016,3,29,13,04005KT,16,13
2016-03-29 14:00:00.000,2016,3,29,14,12003KT,18,11
2016-03-29 15:00:00.000,2016,3,29,15,05003KT,20,09
2016-03-29 16:00:00.000,2016,3,29,16,VRB02KT,20,09
2016-03-29 17:00:00.000,2016,3,29,17,22007KT,19,10
2016-03-29 18:00:00.000,2016,3,29,18,27007KT,20,12
2016-03-29 19:00:00.000,2016,3,29,19,27010KT,20,12
2016-03-29 20:00:00.000,2016,3,29,20,25010KT,21,12
2016-03-29 21:00:00.000,2016,3,29,21,25011KT,21,12
2016-03-29 22:00:00.000,2016,3,29,22,25010KT,19,12
2016-03-29 23:00:00.000,2016,3,29,23,26006KT,18,12
2016-03-30 00:00:00.000,2016,3,30,0,VRB02KT,15,12
2016-03-30 01:00:00.000,2016,3,30,1,35003KT,14,12
2016-03-30 02:00:00.000,2016,3,30,2,VRB02KT,15,13
2016-03-30 03:00:00.000,2016,3,30,3,36003KT,15,12
2016-03-30 04:00:00.000,2016,3,30,4,35003KT,14,11
2016-03-30 05:00:00.000,2016,3,30,5,VRB02KT,13,12
2016-03-30 06:00:00.000,2016,3,30,6,02003KT,12,11
2016-03-30 07:00:00.000,2016,3,30,7,21005KT,14,12
2016-03-30 08:00:00.000,2016,3,30,8,00000KT,12,11
2016-03-30 09:00:00.000,2016,3,30,9,00000KT,13,12
2016-03-30 10:00:00.000,2016,3,30,10,00000KT,13,12
2016-03-30 10:30:00.000,2016,3,30,10,00000KT,11,10
2016-03-30 11:00:00.000,2016,3,30,11,33004KT,10,09
2016-03-30 12:00:00.000,2016,3,30,12,VRB02KT,12,11
2016-03-30 13:00:00.000,2016,3,30,13,08004KT,14,12
2016-03-30 14:00:00.000,2016,3,30,14,05006KT,15,12
2016-03-30 15:00:00.000,2016,3,30,15,07006KT,17,12
2016-03-30 16:00:00.000,2016,3,30,16,15010KT,20,10
2016-03-30 17:00:00.000,2016,3,30,17,25008KT,19,10
2016-03-30 18:00:00.000,2016,3,30,18,30008KT,19,12
2016-03-30 19:00:00.000,2016,3,30,19,18008KT,19,12
2016-03-30 20:00:00.000,2016,3,30,20,01004KT,18,12
2016-03-30 21:00:00.000,2016,3,30,21,35005KT,17,12
2016-03-30 22:00:00.000,2016,3,30,22,35005KT,17,12
2016-03-30 23:00:00.000,2016,3,30,23,19005KT,16,12
2016-03-31 00:00:00.000,2016,3,31,0,VRB02KT,14,13
2016-03-31 01:00:00.000,2016,3,31,1,35004KT,14,12
2016-03-31 02:00:00.000,2016,3,31,2,VRB02KT,14,12
2016-03-31 03:00:00.000,2016,3,31,3,VRB02KT,13,12
2016-03-31 04:00:00.000,2016,3,31,4,36004KT,13,12
2016-03-31 05:00:00.000,2016,3,31,5,VRB02KT,14,12
2016-03-31 06:00:00.000,2016,3,31,6,VRB02KT,13,12
2016-03-31 07:00:00.000,2016,3,31,7,03006KT,13,12
2016-03-31 08:00:00.000,2016,3,31,8,VRB02KT,13,12
2016-03-31 09:00:00.000,2016,3,31,9,VRB02KT,12,11
2016-03-31 10:00:00.000,2016,3,31,10,06006KT,13,12
2016-03-31 10:30:00.000,2016,3,31,10,VRB02KT,13,12
2016-03-31 11:00:00.000,2016,3,31,11,VRB02KT,13,12
2016-03-31 12:00:00.000,2016,3,31,12,VRB02KT,14,12
2016-03-31 13:00:00.000,2016,3,31,13,03007KT,15,13
2016-03-31 14:00:00.000,2016,3,31,14,04003KT,17,12
2016-03-31 15:00:00.000,2016,3,31,15,02008KT,18,11
2016-03-31 16:00:00.000,2016,3,31,16,06004KT,18,10
2016-03-31 17:00:00.000,2016,3,31,17,27012KT,18,13
2016-03-31 18:00:00.000,2016,3,31,18,30006KT,18,12
2016-03-31 19:00:00.000,2016,3,31,19,24009KT,18,13
2016-03-31 20:00:00.000,2016,3,31,20,29010KT,17,12
2016-03-31 21:00:00.000,2016,3,31,21,32007KT,16,12
2016-03-31 22:00:00.000,2016,3,31,22,32005KT,16,12
2016-03-31 23:00:00.000,2016,3,31,23,25005KT,16,12
2016-04-01 00:00:00.000,2016,4,1,0,VRB02KT,,
2016-04-01 01:00:00.000,2016,4,1,1,VRB02KT,15,12
2016-04-01 02:00:00.000,2016,4,1,2,VRB02KT,14,13
2016-04-01 03:00:00.000,2016,4,1,3,VRB02KT,14,13
2016-04-01 04:00:00.000,2016,4,1,4,34003KT,14,12
2016-04-01 05:00:00.000,2016,4,1,5,VRB02KT,13,12
2016-04-01 06:00:00.000,2016,4,1,6,VRB02KT,12,11
2016-04-01 07:00:00.000,2016,4,1,7,25004KT,12,11
2016-04-01 08:00:00.000,2016,4,1,8,01003KT,10,10
2016-04-01 09:00:00.000,2016,4,1,9,33003KT,10,10
2016-04-01 10:00:00.000,2016,4,1,10,VRB02KT,11,10
2016-04-01 11:00:00.000,2016,4,1,11,36003KT,09,09
2016-04-01 12:00:00.000,2016,4,1,12,VRB02KT,10,10
2016-04-01 13:00:00.000,2016,4,1,13,02004KT,15,13
2016-04-01 14:00:00.000,2016,4,1,14,02010KT,17,12
2016-04-01 15:00:00.000,2016,4,1,15,08008KT,19,11
2016-04-01 16:00:00.000,2016,4,1,16,12008KT,20,12
2016-04-01 17:00:00.000,2016,4,1,17,32006KT,21,10
2016-04-01 18:00:00.000,2016,4,1,18,23009KT,21,12
2016-04-01 19:00:00.000,2016,4,1,19,24012KT,19,12
2016-04-01 20:00:00.000,2016,4,1,20,30008KT,18,14
2016-04-01 21:00:00.000,2016,4,1,21,32004KT,16,12
2016-04-01 22:00:00.000,2016,4,1,22,33007KT,17,14
2016-04-01 23:00:00.000,2016,4,1,23,31004KT,17,14
2016-04-02 00:00:00.000,2016,4,2,0,VRB02KT,16,14
2016-04-02 01:00:00.000,2016,4,2,1,32003KT,15,13
2016-04-02 02:00:00.000,2016,4,2,2,27006KT,15,13
2016-04-02 03:00:00.000,2016,4,2,3,25005KT,15,13
2016-04-02 04:00:00.000,2016,4,2,4,28005KT,15,12
2016-04-02 05:00:00.000,2016,4,2,5,05005KT,14,12
2016-04-02 06:00:00.000,2016,4,2,6,33004KT,14,12
2016-04-02 07:00:00.000,2016,4,2,7,17003KT,14,12
2016-04-02 08:00:00.000,2016,4,2,8,34003KT,13,12
2016-04-02 09:00:00.000,2016,4,2,9,33006KT,13,12
2016-04-02 10:00:00.000,2016,4,2,10,26004KT,13,12
2016-04-02 11:00:00.000,2016,4,2,11,32003KT,13,12
2016-04-02 12:00:00.000,2016,4,2,12,04004KT,12,11
2016-04-02 13:00:00.000,2016,4,2,13,20006KT,13,11
2016-04-02 14:00:00.000,2016,4,2,14,VRB02KT,15,11
2016-04-02 14:00:00.000,2016,4,2,14,VRB02KT,15,11
2016-04-02 15:00:00.000,2016,4,2,15,30003KT,18,13
2016-04-02 16:00:00.000,2016,4,2,16,31003KT,18,11
2016-04-02 17:00:00.000,2016,4,2,17,31010KT,16,11
2016-04-02 18:00:00.000,2016,4,2,18,28010KT,16,12
2016-04-02 19:00:00.000,2016,4,2,19,23008KT,16,12
2016-04-02 20:00:00.000,2016,4,2,20,22008KT,15,12
2016-04-02 21:00:00.000,2016,4,2,21,22010KT,15,12
2016-04-02 22:00:00.000,2016,4,2,22,24008KT,15,12
2016-04-02 23:00:00.000,2016,4,2,23,22005KT,14,12
2016-04-03 00:00:00.000,2016,4,3,0,22004KT,14,12
2016-04-03 01:00:00.000,2016,4,3,1,VRB02KT,14,12
2016-04-03 02:00:00.000,2016,4,3,2,28003KT,14,11
2016-04-03 03:00:00.000,2016,4,3,3,VRB02KT,12,10
2016-04-03 04:00:00.000,2016,4,3,4,33003KT,11,10
2016-04-03 04:34:00.000,2016,4,3,4,34003KT,11,10
2016-04-03 05:00:00.000,2016,4,3,5,30003KT,11,11
2016-04-03 06:00:00.000,2016,4,3,6,VRB02KT,12,12
2016-04-03 07:00:00.000,2016,4,3,7,32003KT,12,11
2016-04-03 08:00:00.000,2016,4,3,8,25003KT,13,12
2016-04-03 09:00:00.000,2016,4,3,9,VRB02KT,12,11
2016-04-03 10:00:00.000,2016,4,3,10,VRB02KT,12,11
2016-04-03 10:30:00.000,2016,4,3,10,VRB02KT,12,11
2016-04-03 11:00:00.000,2016,4,3,11,VRB02KT,12,11
2016-04-03 12:00:00.000,2016,4,3,12,VRB02KT,13,12
2016-04-03 13:00:00.000,2016,4,3,13,VRB02KT,15,12
2016-04-03 14:00:00.000,2016,4,3,14,VRB02KT,17,11
2016-04-03 15:00:00.000,2016,4,3,15,31003KT,18,10
2016-04-03 16:00:00.000,2016,4,3,16,VRB02KT,20,09
2016-04-03 17:00:00.000,2016,4,3,17,31007KT,20,10
2016-04-03 18:00:00.000,2016,4,3,18,23012KT,18,12
2016-04-03 19:00:00.000,2016,4,3,19,28014KT,17,12
2016-04-03 19:27:00.000,2016,4,3,19,27014KT,19,13
2016-04-03 20:00:00.000,2016,4,3,20,30008KT,20,11
2016-04-03 21:00:00.000,2016,4,3,21,27012KT,19,11
2016-04-03 22:00:00.000,2016,4,3,22,08007KT,18,12
2016-04-03 23:00:00.000,2016,4,3,23,29007KT,16,11
2016-04-04 00:00:00.000,2016,4,4,0,21006KT,16,12
2016-04-04 01:00:00.000,2016,4,4,1,25004KT,15,12
2016-04-04 02:00:00.000,2016,4,4,2,VRB02KT,15,12
2016-04-04 03:00:00.000,2016,4,4,3,27004KT,15,12
2016-04-04 04:00:00.000,2016,4,4,4,33004KT,14,12
2016-04-04 05:00:00.000,2016,4,4,5,29004KT,14,12
2016-04-04 06:00:00.000,2016,4,4,6,31006KT,14,12
2016-04-04 07:00:00.000,2016,4,4,7,30005KT,13,12
2016-04-04 08:00:00.000,2016,4,4,8,VRB02KT,13,11
2016-04-04 09:00:00.000,2016,4,4,9,VRB02KT,12,11
2016-04-04 10:00:00.000,2016,4,4,10,VRB02KT,12,11
2016-04-04 11:00:00.000,2016,4,4,11,VRB02KT,12,11
2016-04-04 12:00:00.000,2016,4,4,12,VRB02KT,12,12
2016-04-04 13:00:00.000,2016,4,4,13,VRB02KT,13,12
2016-04-04 13:34:00.000,2016,4,4,13,03004KT,13,12
2016-04-04 14:00:00.000,2016,4,4,14,02004KT,13,12
2016-04-04 15:00:00.000,2016,4,4,15,02004KT,14,13
2016-04-04 16:00:00.000,2016,4,4,16,05003KT,14,13
2016-04-04 17:00:00.000,2016,4,4,17,VRB02KT,15,13
2016-04-04 18:00:00.000,2016,4,4,18,20007KT,14,12
2016-04-04 19:00:00.000,2016,4,4,19,23004KT,14,12
2016-04-04 20:00:00.000,2016,4,4,20,28003KT,14,12
2016-04-04 21:00:00.000,2016,4,4,21,VRB02KT,14,13
2016-04-04 22:00:00.000,2016,4,4,22,02004KT,15,13
2016-04-04 23:00:00.000,2016,4,4,23,VRB02KT,14,12
2016-04-05 00:00:00.000,2016,4,5,0,VRB02KT,14,12
2016-04-05 01:00:00.000,2016,4,5,1,00000KT,13,12
2016-04-05 02:00:00.000,2016,4,5,2,VRB02KT,13,12
2016-04-05 03:00:00.000,2016,4,5,3,VRB02KT,13,12
2016-04-05 04:00:00.000,2016,4,5,4,33003KT,14,12
2016-04-05 05:00:00.000,2016,4,5,5,00000KT,12,11
2016-04-05 06:00:00.000,2016,4,5,6,29003KT,13,12
2016-04-05 07:00:00.000,2016,4,5,7,00000KT,13,12
2016-04-05 08:00:00.000,2016,4,5,8,VRB02KT,13,12
2016-04-05 09:00:00.000,2016,4,5,9,VRB02KT,12,11
2016-04-05 10:00:00.000,2016,4,5,10,35003KT,12,11
2016-04-05 10:30:00.000,2016,4,5,10,VRB02KT,12,11
2016-04-05 11:00:00.000,2016,4,5,11,VRB02KT,12,11
2016-04-05 12:00:00.000,2016,4,5,12,34003KT,12,11
2016-04-05 13:00:00.000,2016,4,5,13,VRB02KT,14,12
2016-04-05 14:00:00.000,2016,4,5,14,VRB02KT,15,13
2016-04-05 15:00:00.000,2016,4,5,15,VRB02KT,17,11
2016-04-05 16:00:00.000,2016,4,5,16,VRB02KT,18,11
2016-04-05 17:00:00.000,2016,4,5,17,VRB02KT,17,12
2016-04-05 18:00:00.000,2016,4,5,18,VRB02KT,19,11
2016-04-05 18:23:00.000,2016,4,5,18,VRB02KT,19,10
2016-04-05 18:40:00.000,2016,4,5,18,21008KT,16,12
2016-04-05 19:00:00.000,2016,4,5,19,21007KT,16,12
2016-04-05 20:00:00.000,2016,4,5,20,33006KT,14,12
2016-04-05 21:00:00.000,2016,4,5,21,29006KT,15,12
2016-04-05 22:00:00.000,2016,4,5,22,29003KT,15,12
2016-04-05 23:00:00.000,2016,4,5,23,VRB02KT,15,12
2016-04-06 00:00:00.000,2016,4,6,0,VRB02KT,15,12
2016-04-06 01:00:00.000,2016,4,6,1,27003KT,15,13
2016-04-06 02:00:00.000,2016,4,6,2,VRB02KT,14,12
2016-04-06 03:00:00.000,2016,4,6,3,33003KT,14,13
2016-04-06 04:00:00.000,2016,4,6,4,07004KT,14,13
2016-04-06 05:00:00.000,2016,4,6,5,VRB02KT,14,13
2016-04-06 06:00:00.000,2016,4,6,6,32003KT,13,13
2016-04-06 07:00:00.000,2016,4,6,7,30004KT,13,12
2016-04-06 08:00:00.000,2016,4,6,8,VRB03KT,13,12
2016-04-06 09:00:00.000,2016,4,6,9,00000KT,13,12
2016-04-06 10:00:00.000,2016,4,6,10,35003KT,13,12
2016-04-06 10:30:00.000,2016,4,6,10,VRB02KT,13,12
2016-04-06 10:33:00.000,2016,4,6,10,34004KT,14,13
2016-04-06 11:00:00.000,2016,4,6,11,28003KT,13,12
2016-04-06 12:00:00.000,2016,4,6,12,VRB02KT,13,12
2016-04-06 13:00:00.000,2016,4,6,13,VRB02KT,16,12
2016-04-06 14:00:00.000,2016,4,6,14,VRB02KT,18,10
2016-04-06 15:00:00.000,2016,4,6,15,19004KT,18,10
2016-04-06 16:00:00.000,2016,4,6,16,09008KT,19,09
2016-04-06 17:00:00.000,2016,4,6,17,15008KT,20,09
2016-04-06 18:00:00.000,2016,4,6,18,18006KT,20,10
2016-04-06 19:00:00.000,2016,4,6,19,32008KT,18,13
2016-04-06 19:33:00.000,2016,4,6,19,30008KT,16,14
2016-04-06 20:00:00.000,2016,4,6,20,32010KT,15,14
2016-04-06 20:15:00.000,2016,4,6,20,33008KT,15,14
2016-04-06 21:00:00.000,2016,4,6,21,30008KT,15,14
2016-04-06 22:00:00.000,2016,4,6,22,31008KT,16,14
2016-04-06 23:00:00.000,2016,4,6,23,30004KT,16,14
2016-04-07 00:00:00.000,2016,4,7,0,33004KT,15,10
2016-04-07 01:00:00.000,2016,4,7,1,VRB02KT,15,12
2016-04-07 02:00:00.000,2016,4,7,2,00000KT,15,13
2016-04-07 03:00:00.000,2016,4,7,3,VRB02KT,15,13
2016-04-07 04:00:00.000,2016,4,7,4,35003KT,14,12
2016-04-07 05:00:00.000,2016,4,7,5,06003KT,14,12
2016-04-07 06:00:00.000,2016,4,7,6,05003KT,14,12
2016-04-07 07:00:00.000,2016,4,7,7,00000KT,14,12
2016-04-07 08:00:00.000,2016,4,7,8,04005KT,13,11
2016-04-07 09:00:00.000,2016,4,7,9,04004KT,13,12
2016-04-07 10:00:00.000,2016,4,7,10,VRB02KT,13,11
2016-04-07 10:30:00.000,2016,4,7,10,03005KT,11,10
2016-04-07 11:00:00.000,2016,4,7,11,03004KT,12,10
2016-04-07 12:00:00.000,2016,4,7,12,VRB02KT,13,12
2016-04-07 13:00:00.000,2016,4,7,13,VRB02KT,16,11
2016-04-07 14:00:00.000,2016,4,7,14,16004KT,17,10
2016-04-07 15:00:00.000,2016,4,7,15,14010KT,17,09
2016-04-07 16:00:00.000,2016,4,7,16,12008KT,18,10
2016-04-07 17:00:00.000,2016,4,7,17,15008KT,19,09
2016-04-07 18:00:00.000,2016,4,7,18,16009KT,20,09
2016-04-07 19:00:00.000,2016,4,7,19,12005KT,20,10
2016-04-07 20:00:00.000,2016,4,7,20,09007KT,19,10
2016-04-07 21:00:00.000,2016,4,7,21,11005KT,20,10
2016-04-07 22:00:00.000,2016,4,7,22,25004KT,19,11
2016-04-07 23:00:00.000,2016,4,7,23,05007KT,17,10
2016-04-08 00:00:00.000,2016,4,8,0,33004KT,15,10
2016-04-08 01:00:00.000,2016,4,8,1,VRB02KT,14,11
2016-04-08 02:00:00.000,2016,4,8,2,VRB02KT,13,10
2016-04-08 03:00:00.000,2016,4,8,3,VRB02KT,11,10
2016-04-08 04:00:00.000,2016,4,8,4,VRB02KT,13,10
2016-04-08 06:00:00.000,2016,4,8,6,06006KT,11,10
2016-04-08 10:00:00.000,2016,4,8,10,VRB02KT,10,09
2016-04-08 10:30:00.000,2016,4,8,10,05003KT,10,10
2016-04-08 11:00:00.000,2016,4,8,11,VRB02KT,11,10
2016-04-08 12:00:00.000,2016,4,8,12,VRB02KT,13,10
2016-04-08 13:00:00.000,2016,4,8,13,03004KT,14,12
2016-04-08 13:40:00.000,2016,4,8,13,07004KT,17,12
2016-04-08 17:00:00.000,2016,4,8,17,16014KT,20,10
2016-04-08 18:00:00.000,2016,4,8,18,13006KT,20,10
2016-04-08 19:00:00.000,2016,4,8,19,14004KT,21,09
2016-04-08 20:00:00.000,2016,4,8,20,04012KT,19,11
2016-04-08 20:30:00.000,2016,4,8,20,09010KT,18,11
2016-04-08 21:00:00.000,2016,4,8,21,09012KT,18,11
2016-04-08 22:00:00.000,2016,4,8,22,07004KT,19,11
2016-04-08 23:00:00.000,2016,4,8,23,10007KT,19,10
2016-04-09 00:00:00.000,2016,4,9,0,VRB02KT,18,10
2016-04-09 01:00:00.000,2016,4,9,1,07004KT,17,10
2016-04-09 02:00:00.000,2016,4,9,2,07006KT,16,11
2016-04-09 03:00:00.000,2016,4,9,3,02005KT,14,12
2016-04-09 04:00:00.000,2016,4,9,4,04005KT,14,12
2016-04-09 05:00:00.000,2016,4,9,5,04004KT,14,12
2016-04-09 06:00:00.000,2016,4,9,6,00000KT,13,12
2016-04-09 07:00:00.000,2016,4,9,7,VRB02KT,12,11
2016-04-09 08:00:00.000,2016,4,9,8,02004KT,13,12
2016-04-09 09:00:00.000,2016,4,9,9,VRB02KT,13,11
2016-04-09 10:00:00.000,2016,4,9,10,05005KT,13,12
2016-04-09 10:30:00.000,2016,4,9,10,VRB02KT,13,11
2016-04-09 11:00:00.000,2016,4,9,11,24003KT,13,12
2016-04-09 12:00:00.000,2016,4,9,12,06004KT,14,12
2016-04-09 13:00:00.000,2016,4,9,13,05008KT,16,13
2016-04-09 14:00:00.000,2016,4,9,14,06008KT,17,12
2016-04-09 15:00:00.000,2016,4,9,15,04008KT,17,12
2016-04-09 16:00:00.000,2016,4,9,16,06005KT,20,12
2016-04-09 17:00:00.000,2016,4,9,17,06012KT,18,12
2016-04-09 18:00:00.000,2016,4,9,18,15010KT,19,11
2016-04-09 18:30:00.000,2016,4,9,18,08010KT,18,12
2016-04-09 19:00:00.000,2016,4,9,19,06007KT,18,12
2016-04-09 19:25:00.000,2016,4,9,19,09006KT,18,12
2016-04-09 20:00:00.000,2016,4,9,20,16006KT,18,12
2016-04-09 21:00:00.000,2016,4,9,21,19007KT,19,11
2016-04-09 22:00:00.000,2016,4,9,22,12013KT,18,11
2016-04-10 00:00:00.000,2016,4,10,0,06008KT,17,10
2016-04-10 01:00:00.000,2016,4,10,1,08003KT,16,11
2016-04-10 02:00:00.000,2016,4,10,2,06004KT,15,10
2016-04-10 03:00:00.000,2016,4,10,3,06004KT,15,10
2016-04-10 04:00:00.000,2016,4,10,4,00000KT,14,11
2016-04-10 05:00:00.000,2016,4,10,5,02003KT,11,10
2016-04-10 06:00:00.000,2016,4,10,6,00000KT,12,10
2016-04-10 07:00:00.000,2016,4,10,7,02004KT,13,11
2016-04-10 08:00:00.000,2016,4,10,8,06003KT,12,10
2016-04-10 09:00:00.000,2016,4,10,9,05004KT,12,11
2016-04-10 10:00:00.000,2016,4,10,10,04008KT,13,11
2016-04-10 10:30:00.000,2016,4,10,10,04008KT,12,11
2016-04-10 11:00:00.000,2016,4,10,11,05004KT,12,11
2016-04-10 12:00:00.000,2016,4,10,12,06003KT,12,11
2016-04-10 12:30:00.000,2016,4,10,12,03004KT,14,13
2016-04-10 13:00:00.000,2016,4,10,13,03004KT,14,12
2016-04-10 14:00:00.000,2016,4,10,14,04005KT,17,12
2016-04-10 15:00:00.000,2016,4,10,15,05006KT,17,11
2016-04-10 15:20:00.000,2016,4,10,15,09010KT,17,12
2016-04-10 16:00:00.000,2016,4,10,16,08005KT,16,12
2016-04-10 16:15:00.000,2016,4,10,16,10008KT,18,13
2016-04-10 17:00:00.000,2016,4,10,17,11010KT,19,10
2016-04-10 18:00:00.000,2016,4,10,18,12008KT,22,11
2016-04-10 19:00:00.000,2016,4,10,19,13010KT,21,09
2016-04-10 20:00:00.000,2016,4,10,20,12006KT,21,09
2016-04-10 21:00:00.000,2016,4,10,21,26010KT,19,13
2016-04-10 22:00:00.000,2016,4,10,22,28013KT,17,12
2016-04-10 22:04:00.000,2016,4,10,22,28012KT,16,12
2016-04-10 22:15:00.000,2016,4,10,22,28010KT,15,13
2016-04-10 22:41:00.000,2016,4,10,22,28010KT,15,13
2016-04-10 23:00:00.000,2016,4,10,23,30006KT,14,12
2016-04-11 00:00:00.000,2016,4,11,0,33003KT,14,12
2016-04-11 01:00:00.000,2016,4,11,1,25005KT,14,13
2016-04-11 02:00:00.000,2016,4,11,2,22003KT,14,13
2016-04-11 03:00:00.000,2016,4,11,3,VRB02KT,13,12
2016-04-11 04:00:00.000,2016,4,11,4,VRB02KT,12,11
2016-04-11 05:00:00.000,2016,4,11,5,32006KT,13,12
2016-04-11 06:00:00.000,2016,4,11,6,VRB02KT,13,12
2016-04-11 07:00:00.000,2016,4,11,7,VRB02KT,13,12
2016-04-11 08:00:00.000,2016,4,11,8,VRB02KT,11,10
2016-04-11 09:00:00.000,2016,4,11,9,VRB02KT,12,12
2016-04-11 10:00:00.000,2016,4,11,10,27004KT,12,12
2016-04-11 10:30:00.000,2016,4,11,10,VRB02KT,12,11
2016-04-11 11:00:00.000,2016,4,11,11,VRB02KT,12,11
2016-04-11 12:00:00.000,2016,4,11,12,34004KT,13,12
2016-04-11 13:00:00.000,2016,4,11,13,33005KT,14,12
2016-04-11 14:00:00.000,2016,4,11,14,33007KT,15,12
2016-04-11 14:15:00.000,2016,4,11,14,30005KT,16,11
2016-04-11 15:00:00.000,2016,4,11,15,VRB02KT,18,11
2016-04-11 16:00:00.000,2016,4,11,16,33004KT,19,10
2016-04-11 16:32:00.000,2016,4,11,16,26003KT,20,11
2016-04-11 17:00:00.000,2016,4,11,17,30004KT,20,11
2016-04-11 18:00:00.000,2016,4,11,18,28012KT,19,12
2016-04-11 18:22:00.000,2016,4,11,18,26012KT,20,12
2016-04-11 18:40:00.000,2016,4,11,18,26012KT,20,13
2016-04-11 19:00:00.000,2016,4,11,19,33007KT,15,12
2016-04-11 19:35:00.000,2016,4,11,19,23014KT,17,11
2016-04-11 20:00:00.000,2016,4,11,20,20010KT,17,12
2016-04-11 21:00:00.000,2016,4,11,21,27003KT,17,13
2016-04-11 22:00:00.000,2016,4,11,22,32003KT,16,13
2016-04-11 23:00:00.000,2016,4,11,23,27003KT,16,13
2016-04-12 00:00:00.000,2016,4,12,0,26004KT,15,12
2016-04-12 01:00:00.000,2016,4,12,1,30003KT,15,13
2016-04-12 02:00:00.000,2016,4,12,2,31004KT,15,12
2016-04-12 03:00:00.000,2016,4,12,3,28003KT,15,11
2016-04-12 04:00:00.000,2016,4,12,4,22003KT,15,11
2016-04-12 05:00:00.000,2016,4,12,5,24004KT,15,11
2016-04-12 06:00:00.000,2016,4,12,6,00000KT,14,12
2016-04-12 07:00:00.000,2016,4,12,7,18004KT,14,12
2016-04-12 08:00:00.000,2016,4,12,8,VRB02KT,14,12
2016-04-12 08:09:00.000,2016,4,12,8,VRB02KT,14,12
2016-04-12 08:30:00.000,2016,4,12,8,VRB02KT,13,12
2016-04-12 09:00:00.000,2016,4,12,9,VRB02KT,14,12
2016-04-12 10:00:00.000,2016,4,12,10,00000KT,14,12
2016-04-12 10:30:00.000,2016,4,12,10,13003KT,14,12
2016-04-12 11:00:00.000,2016,4,12,11,VRB02KT,13,12
2016-04-12 12:00:00.000,2016,4,12,12,VRB02KT,14,13
2016-04-12 13:00:00.000,2016,4,12,13,03005KT,16,13
2016-04-12 14:00:00.000,2016,4,12,14,VRB02KT,16,12
2016-04-12 15:00:00.000,2016,4,12,15,VRB02KT,17,12
2016-04-12 16:00:00.000,2016,4,12,16,26004KT,18,10
2016-04-12 18:00:00.000,2016,4,12,18,24012KT,13,12
2016-04-12 19:00:00.000,2016,4,12,19,26006KT,13,12
2016-04-12 20:00:00.000,2016,4,12,20,28006KT,14,12
2016-04-12 21:00:00.000,2016,4,12,21,VRB02KT,14,12
2016-04-12 22:00:00.000,2016,4,12,22,VRB02KT,15,12
2016-04-12 23:00:00.000,2016,4,12,23,03004KT,14,12
2016-04-13 00:00:00.000,2016,4,13,0,VRB02KT,14,12
2016-04-13 01:00:00.000,2016,4,13,1,29003KT,13,11
2016-04-13 02:00:00.000,2016,4,13,2,VRB02KT,13,11
2016-04-13 03:00:00.000,2016,4,13,3,VRB02KT,13,11
2016-04-13 04:00:00.000,2016,4,13,4,33003KT,13,12
2016-04-13 05:00:00.000,2016,4,13,5,28003KT,13,11
2016-04-13 06:00:00.000,2016,4,13,6,28003KT,12,11
2016-04-13 07:00:00.000,2016,4,13,7,31003KT,12,11
2016-04-13 08:00:00.000,2016,4,13,8,VRB02KT,12,11
2016-04-13 09:00:00.000,2016,4,13,9,39003KT,12,11
2016-04-13 10:00:00.000,2016,4,13,10,VRB02KT,12,11
2016-04-13 10:30:00.000,2016,4,13,10,VRB02KT,12,11
2016-04-13 11:00:00.000,2016,4,13,11,VRB02KT,12,11
2016-04-13 12:00:00.000,2016,4,13,12,VRB02KT,13,11
2016-04-13 13:00:00.000,2016,4,13,13,VRB02KT,14,12
2016-04-13 13:24:00.000,2016,4,13,13,32004KT,56,10
2016-04-13 14:00:00.000,2016,4,13,14,30004KT,16,12
2016-04-13 15:00:00.000,2016,4,13,15,28006KT,17,11
2016-04-13 16:00:00.000,2016,4,13,16,280010KT,18,12
2016-04-13 17:00:00.000,2016,4,13,17,26012KT,18,11
2016-04-13 18:00:00.000,2016,4,13,18,30012KT,18,12
2016-04-13 19:00:00.000,2016,4,13,19,28012KT,18,12
2016-04-13 20:00:00.000,2016,4,13,20,24010KT,19,21
2016-04-13 21:00:00.000,2016,4,13,21,26014KT,18,11
2016-04-13 22:00:00.000,2016,4,13,22,29010KT,16,11
2016-04-13 23:00:00.000,2016,4,13,23,30008KT,15,12
2016-04-13 23:05:00.000,2016,4,13,23,30008KT,15,12
2016-04-14 00:00:00.000,2016,4,14,0,30006KT,14,10
2016-04-14 01:00:00.000,2016,4,14,1,VRB02KT,14,12
2016-04-14 02:00:00.000,2016,4,14,2,30003KT,13,12
2016-04-14 03:00:00.000,2016,4,14,3,VRB02KT,12,11
2016-04-14 04:00:00.000,2016,4,14,4,VRB02KT,12,11
2016-04-14 06:00:00.000,2016,4,14,6,00000KT,13,12
2016-04-14 07:00:00.000,2016,4,14,7,33004KT,13,12
2016-04-14 08:00:00.000,2016,4,14,8,VRB02KT,10,10
2016-04-14 08:30:00.000,2016,4,14,8,VRB02KT,11,11
2016-04-14 09:00:00.000,2016,4,14,9,VRB02KT,11,10
2016-04-14 09:10:00.000,2016,4,14,9,VRR02KT,11,10
2016-04-14 10:00:00.000,2016,4,14,10,VRB02KT,11,10
2016-04-14 10:30:00.000,2016,4,14,10,0000KT,11,10
2016-04-14 11:00:00.000,2016,4,14,11,VRB02KT,11,10
2016-04-14 11:30:00.000,2016,4,14,11,VRB02KT,12,11
2016-04-14 11:45:00.000,2016,4,14,11,VRB02KT,11,11
2016-04-14 12:00:00.000,2016,4,14,12,VRB02KT,12,11
2016-04-14 12:15:00.000,2016,4,14,12,32004KT,12,12
2016-04-14 13:00:00.000,2016,4,14,13,VRB02KT,14,12
2016-04-14 13:30:00.000,2016,4,14,13,28003KT,15,12
2016-04-14 14:00:00.000,2016,4,14,14,32003KT,17,12
2016-04-14 15:00:00.000,2016,4,14,15,32003KT,18,11
2016-04-14 16:00:00.000,2016,4,14,16,13005KT,19,10
2016-04-14 17:00:00.000,2016,4,14,17,26004KT,20,11
2016-04-14 22:00:00.000,2016,4,14,22,27008KT,18,12
2016-04-15 00:00:00.000,2016,4,15,0,24012KT,15,12
2016-04-15 01:00:00.000,2016,4,15,1,VRB02KT,14,11
2016-04-15 02:00:00.000,2016,4,15,2,01003KT,12,11
2016-04-15 04:00:00.000,2016,4,15,4,34003KT,14,11
2016-04-15 05:00:00.000,2016,4,15,5,34003KT,12,11
2016-04-15 06:00:00.000,2016,4,15,6,VBR02KT,12,11
2016-04-15 07:00:00.000,2016,4,15,7,34003KT,11,10
2016-04-15 08:00:00.000,2016,4,15,8,VBR02KT,12,11
2016-04-15 09:00:00.000,2016,4,15,9,04006KT,12,11
2016-04-15 10:00:00.000,2016,4,15,10,36004KT,11,10
2016-04-15 10:35:00.000,2016,4,15,10,36006KT,11,10
2016-04-15 11:00:00.000,2016,4,15,11,04005KT,10,09
2016-04-15 11:28:00.000,2016,4,15,11,04007KT,12,11
2016-04-15 12:00:00.000,2016,4,15,12,03006KT,13,11
2016-04-15 12:42:00.000,2016,4,15,12,06006KT,15,12
2016-04-15 13:00:00.000,2016,4,15,13,05005KT,15,11
2016-04-15 13:28:00.000,2016,4,15,13,VRB02KT,17,11
2016-04-15 14:00:00.000,2016,4,15,14,12003KT,18,11
2016-04-15 15:00:00.000,2016,4,15,15,10008KT,20,09
2016-04-15 16:00:00.000,2016,4,15,16,14008KT,19,10
2016-04-15 17:00:00.000,2016,4,15,17,14010KT,20,10
2016-04-15 18:00:00.000,2016,4,15,18,17007KT,21,10
2016-04-15 19:00:00.000,2016,4,15,19,17005KT,22,10
2016-04-15 20:00:00.000,2016,4,15,20,14006KT,21,11
2016-04-15 21:00:00.000,2016,4,15,21,12007KT,20,09
2016-04-15 22:00:00.000,2016,4,15,22,13004KT,19,09
2016-04-15 23:00:00.000,2016,4,15,23,13008KT,19,09
2016-04-16 00:00:00.000,2016,4,16,0,29004KT,17,12
2016-04-16 01:00:00.000,2016,4,16,1,09003KT,15,12
2016-04-16 02:00:00.000,2016,4,16,2,VRB02KT,14,12
2016-04-16 03:00:00.000,2016,4,16,3,VRB02KT,13,12
2016-04-16 04:00:00.000,2016,4,16,4,01003KT,13,10
2016-04-16 05:00:00.000,2016,4,16,5,05003KT,13,10
2016-04-16 06:00:00.000,2016,4,16,6,04004KT,12,10
2016-04-16 07:00:00.000,2016,4,16,7,01003KT,11,10
2016-04-16 08:00:00.000,2016,4,16,8,05007KT,,
2016-04-16 09:00:00.000,2016,4,16,9,00000KT,12,11
2016-04-16 10:00:00.000,2016,4,16,10,03004KT,12,10
2016-04-16 11:00:00.000,2016,4,16,11,07003KT,11,10
2016-04-16 12:00:00.000,2016,4,16,12,05006KT,13,11
2016-04-16 13:00:00.000,2016,4,16,13,05005KT,14,11
2016-04-16 14:00:00.000,2016,4,16,14,06007KT,17,11
2016-04-16 15:00:00.000,2016,4,16,15,04012KT,19,11
2016-04-16 16:00:00.000,2016,4,16,16,10006KT,19,09
2016-04-16 17:00:00.000,2016,4,16,17,16004KT,21,08
2016-04-16 18:00:00.000,2016,4,16,18,05009KT,20,10
2016-04-16 19:00:00.000,2016,4,16,19,11005KT,19,08
2016-04-16 20:00:00.000,2016,4,16,20,35004KT,21,09
2016-04-16 21:00:00.000,2016,4,16,21,02006KT,20,10
2016-04-16 22:00:00.000,2016,4,16,22,26006KT,19,10
2016-04-16 23:00:00.000,2016,4,16,23,24006KT,17,12
2016-04-17 00:00:00.000,2016,4,17,0,26004KT,16,12
2016-04-17 01:00:00.000,2016,4,17,1,VRB02KT,15,12
2016-04-17 02:00:00.000,2016,4,17,2,VRB02KT,15,12
2016-04-17 03:00:00.000,2016,4,17,3,34004KT,15,11
2016-04-17 04:00:00.000,2016,4,17,4,01003KT,15,11
2016-04-17 05:00:00.000,2016,4,17,5,07004KT,13,10
2016-04-17 06:00:00.000,2016,4,17,6,10006KT,15,10
2016-04-17 07:00:00.000,2016,4,17,7,03006KT,14,10
2016-04-17 08:00:00.000,2016,4,17,8,05006KT,12,10
2016-04-17 09:00:00.000,2016,4,17,9,04005KT,13,11
2016-04-17 10:00:00.000,2016,4,17,10,05006KT,13,11
2016-04-17 10:21:00.000,2016,4,17,10,VRB02KT,13,11
2016-04-17 11:00:00.000,2016,4,17,11,27004KT,13,11
2016-04-17 13:00:00.000,2016,4,17,13,05006KT,15,10
2016-04-17 14:00:00.000,2016,4,17,14,10008KT,15,09
2016-04-17 15:00:00.000,2016,4,17,15,13006KT,15,10
2016-04-17 16:00:00.000,2016,4,17,16,04006KT,15,11
2016-04-17 17:00:00.000,2016,4,17,17,06008KT,16,12
2016-04-17 18:00:00.000,2016,4,17,18,06006KT,19,11
2016-04-17 19:00:00.000,2016,4,17,19,07008KT,20,10
2016-04-17 20:00:00.000,2016,4,17,20,05006KT,20,10
2016-04-17 21:00:00.000,2016,4,17,21,08009KT,20,10
2016-04-17 22:00:00.000,2016,4,17,22,06007KT,21,08
2016-04-17 23:00:00.000,2016,4,17,23,10007KT,19,09
2016-04-18 00:00:00.000,2016,4,18,0,12004KT,17,10
2016-04-18 01:00:00.000,2016,4,18,1,12004KT,16,10
2016-04-18 02:00:00.000,2016,4,18,2,12008KT,15,10
2016-04-18 03:00:00.000,2016,4,18,3,07003KT,16,10
2016-04-18 04:00:00.000,2016,4,18,4,03004KT,14,11
2016-04-18 05:00:00.000,2016,4,18,5,VRB02KT,14,10
2016-04-18 06:00:00.000,2016,4,18,6,01003KT,13,11
2016-04-18 07:00:00.000,2016,4,18,7,34003KT,13,11
2016-04-18 08:00:00.000,2016,4,18,8,28004KT,13,11
2016-04-18 09:00:00.000,2016,4,18,9,02004KT,13,11
2016-04-18 10:00:00.000,2016,4,18,10,29005KT,13,10
2016-04-18 10:30:00.000,2016,4,18,10,06008KT,12,10
2016-04-18 11:00:00.000,2016,4,18,11,06009KT,12,10
2016-04-18 12:00:00.000,2016,4,18,12,06005KT,14,11
2016-04-18 13:00:00.000,2016,4,18,13,05008KT,17,10
2016-04-18 14:00:00.000,2016,4,18,14,03012KT,17,10
2016-04-18 15:00:00.000,2016,4,18,15,12012KT,18,08
2016-04-18 16:00:00.000,2016,4,18,16,14011KT,20,09
2016-04-18 17:00:00.000,2016,4,18,17,12015KT,20,08
2016-04-18 18:00:00.000,2016,4,18,18,12008KT,20,07
2016-04-18 19:00:00.000,2016,4,18,19,16010KT,20,07
2016-04-18 20:00:00.000,2016,4,18,20,14006KT,20,07
2016-04-18 21:00:00.000,2016,4,18,21,10009KT,19,09
2016-04-18 22:00:00.000,2016,4,18,22,14007KT,19,08
2016-04-18 23:00:00.000,2016,4,18,23,27007KT,18,11
2016-04-19 00:00:00.000,2016,4,19,0,31003KT,15,11
2016-04-19 01:00:00.000,2016,4,19,1,04003KT,13,11
2016-04-19 02:00:00.000,2016,4,19,2,VRB02KT,12,10
2016-04-19 03:00:00.000,2016,4,19,3,06003KT,12,10
2016-04-19 04:00:00.000,2016,4,19,4,05003KT,12,09
2016-04-19 05:00:00.000,2016,4,19,5,VRB02KT,10,09
2016-04-19 06:00:00.000,2016,4,19,6,VRB02KT,10,09
2016-04-19 07:00:00.000,2016,4,19,7,27003KT,10,09
2016-04-19 08:00:00.000,2016,4,19,8,04004KT,08,07
2016-04-19 09:00:00.000,2016,4,19,9,VRB02KT,08,08
2016-04-19 10:00:00.000,2016,4,19,10,VRB02KT,07,07
2016-04-19 10:30:00.000,2016,4,19,10,VRB02KT,09,08
2016-04-19 11:00:00.000,2016,4,19,11,24003KT,10,09
2016-04-19 11:35:00.000,2016,4,19,11,VRB02KT,10,09
2016-04-19 12:00:00.000,2016,4,19,12,35003KT,11,10
2016-04-19 13:00:00.000,2016,4,19,13,03004KT,15,11
2016-04-19 14:00:00.000,2016,4,19,14,VRB02KT,17,10
2016-04-19 15:00:00.000,2016,4,19,15,18010KT,18,10
2016-04-19 16:00:00.000,2016,4,19,16,12012KT,19,10
2016-04-19 17:00:00.000,2016,4,19,17,13008KT,20,09
2016-04-19 18:00:00.000,2016,4,19,18,VRB02KT,20,08
2016-04-19 19:00:00.000,2016,4,19,19,14005KT,22,08
2016-04-19 20:00:00.000,2016,4,19,20,15005KT,22,07
2016-04-19 21:00:00.000,2016,4,19,21,23006KT,20,11
2016-04-19 22:00:00.000,2016,4,19,22,07005KT,21,08
2016-04-19 23:00:00.000,2016,4,19,23,15006KT,19,08
2016-04-20 00:00:00.000,2016,4,20,0,31004KT,15,11
2016-04-20 01:00:00.000,2016,4,20,1,VRB02KT,13,10
2016-04-20 02:00:00.000,2016,4,20,2,33003KT,13,10
2016-04-20 05:00:00.000,2016,4,20,5,VRB02KT,10,09
2016-04-20 06:00:00.000,2016,4,20,6,VRB02KT,08,07
2016-04-20 08:00:00.000,2016,4,20,8,32003KT,10,09
2016-04-20 09:00:00.000,2016,4,20,9,04004KT,10,09
2016-04-20 10:00:00.000,2016,4,20,10,02003KT,11,10
2016-04-20 10:30:00.000,2016,4,20,10,VRB02KT,10,09
2016-04-20 11:00:00.000,2016,4,20,11,04004KT,11,10
2016-04-20 12:00:00.000,2016,4,20,12,10004KT,13,10
2016-04-20 13:00:00.000,2016,4,20,13,06010KT,15,11
2016-04-20 14:00:00.000,2016,4,20,14,08010KT,17,10
2016-04-20 15:00:00.000,2016,4,20,15,14010KT,18,10
2016-04-20 16:00:00.000,2016,4,20,16,09006KT,18,09
2016-04-20 17:00:00.000,2016,4,20,17,13006KT,18,09
2016-04-20 18:00:00.000,2016,4,20,18,16012KT,18,09
2016-04-20 19:00:00.000,2016,4,20,19,14010KT,19,09
2016-04-20 20:00:00.000,2016,4,20,20,15014KT,19,07
2016-04-20 21:00:00.000,2016,4,20,21,10008KT,19,08
2016-04-20 22:00:00.000,2016,4,20,22,09007KT,17,08
2016-04-20 23:00:00.000,2016,4,20,23,04006KT,15,09
2016-04-21 00:00:00.000,2016,4,21,0,12003KT,15,09
2016-04-21 01:00:00.000,2016,4,21,1,03006KT,13,09
2016-04-21 02:00:00.000,2016,4,21,2,04006KT,12,09
2016-04-21 03:00:00.000,2016,4,21,3,05004KT,12,09
2016-04-21 04:00:00.000,2016,4,21,4,06007KT,12,09
2016-04-21 05:00:00.000,2016,4,21,5,06007KT,11,09
2016-04-21 06:00:00.000,2016,4,21,6,VRB02KT,14,10
2016-04-21 07:00:00.000,2016,4,21,7,VEB02KT,10,09
2016-04-21 08:00:00.000,2016,4,21,8,29004KT,13,10
2016-04-21 09:00:00.000,2016,4,21,9,03003KT,11,09
2016-04-21 10:00:00.000,2016,4,21,10,09003KT,12,09
2016-04-21 11:00:00.000,2016,4,21,11,04007KT,11,08
2016-04-21 12:00:00.000,2016,4,21,12,06004KT,13,09
2016-04-21 13:00:00.000,2016,4,21,13,03004KT,14,10
2016-04-21 13:30:00.000,2016,4,21,13,03004KT,16,10
2016-04-21 14:00:00.000,2016,4,21,14,08004KT,17,10
2016-04-21 15:00:00.000,2016,4,21,15,10010KT,18,09
2016-04-21 15:40:00.000,2016,4,21,15,20008KT,20,07
2016-04-21 16:00:00.000,2016,4,21,16,14008KT,20,06
2016-04-21 17:00:00.000,2016,4,21,17,14012KT,22,07
2016-04-21 18:00:00.000,2016,4,21,18,13012KT,21,08
2016-04-21 19:00:00.000,2016,4,21,19,15012KT,21,07
2016-04-21 20:00:00.000,2016,4,21,20,14004KT,21,07
2016-04-21 21:00:00.000,2016,4,21,21,10006KT,21,07
2016-04-21 22:00:00.000,2016,4,21,22,10007KT,21,08
2016-04-21 23:00:00.000,2016,4,21,23,09004KT,19,08
2016-04-22 00:00:00.000,2016,4,22,0,22004KT,18,09
2016-04-22 01:00:00.000,2016,4,22,1,VRB02KT,15,12
2016-04-22 02:00:00.000,2016,4,22,2,26004KT,15,11
2016-04-22 03:00:00.000,2016,4,22,3,16006KT,17,09
2016-04-22 04:00:00.000,2016,4,22,4,05004KT,14,10
2016-04-22 05:00:00.000,2016,4,22,5,VRB02KT,,
2016-04-22 06:00:00.000,2016,4,22,6,VRB02KT,14,10
2016-04-22 07:00:00.000,2016,4,22,7,VRB02KT,11,09
2016-04-22 08:00:00.000,2016,4,22,8,29004KT,13,10
2016-04-22 09:00:00.000,2016,4,22,9,04003KT,12,10
2016-04-22 10:00:00.000,2016,4,22,10,04003KT,13,10
2016-04-22 10:30:00.000,2016,4,22,10,VRB02KT,12,11
2016-04-22 11:00:00.000,2016,4,22,11,VRB02KT,12,11
2016-04-22 12:00:00.000,2016,4,22,12,34003KT,13,11
2016-04-22 13:00:00.000,2016,4,22,13,01003KT,13,11
2016-04-22 14:00:00.000,2016,4,22,14,20007KT,15,10
2016-04-22 15:00:00.000,2016,4,22,15,17007KT,16,08
2016-04-22 16:00:00.000,2016,4,22,16,18006KT,,
2016-04-22 17:00:00.000,2016,4,22,17,14006KT,18,09
2016-04-22 18:00:00.000,2016,4,22,18,14008KT,19,09
2016-04-22 19:00:00.000,2016,4,22,19,15012KT,19,09
2016-04-22 20:00:00.000,2016,4,22,20,12010KT,20,10
2016-04-22 21:00:00.000,2016,4,22,21,11010KT,19,09
2016-04-22 22:00:00.000,2016,4,22,22,12008KT,18,10
2016-04-22 22:30:00.000,2016,4,22,22,09006KT,17,10
2016-04-22 22:35:00.000,2016,4,22,22,10009KT,17,10
2016-04-22 23:00:00.000,2016,4,22,23,12006KT,15,11
2016-04-23 00:00:00.000,2016,4,23,0,11005KT,15,10
2016-04-23 01:00:00.000,2016,4,23,1,06005KT,15,10
2016-04-23 02:00:00.000,2016,4,23,2,08004KT,14,10
2016-04-23 03:00:00.000,2016,4,23,3,04006KT,13,10
2016-04-23 04:00:00.000,2016,4,23,4,06004KT,13,10
2016-04-23 05:00:00.000,2016,4,23,5,04008KT,13,10
2016-04-23 06:00:00.000,2016,4,23,6,04007KT,13,10
2016-04-23 07:00:00.000,2016,4,23,7,05007KT,12,10
2016-04-23 08:00:00.000,2016,4,23,8,07004KT,12,09
2016-04-23 09:00:00.000,2016,4,23,9,07003KT,11,09
2016-04-23 10:00:00.000,2016,4,23,10,05003KT,10,09
2016-04-23 10:30:00.000,2016,4,23,10,05004KT,11,09
2016-04-23 11:00:00.000,2016,4,23,11,05004KT,11,09
2016-04-23 12:00:00.000,2016,4,23,12,06006KT,13,10
2016-04-23 13:00:00.000,2016,4,23,13,18004KT,15,10
2016-04-23 14:00:00.000,2016,4,23,14,18003KT,16,09
2016-04-23 15:00:00.000,2016,4,23,15,18003KT,17,09
2016-04-23 16:00:00.000,2016,4,23,16,16006KT,17,09
2016-04-23 17:00:00.000,2016,4,23,17,34006KT,18,09
2016-04-23 18:00:00.000,2016,4,23,18,20007KT,16,12
2016-04-23 19:00:00.000,2016,4,23,19,29006KT,18,11
2016-04-23 20:00:00.000,2016,4,23,20,26006KT,19,11
2016-04-23 21:00:00.000,2016,4,23,21,27008KT,19,11
2016-04-23 22:00:00.000,2016,4,23,22,24009KT,18,11
2016-04-23 23:00:00.000,2016,4,23,23,33004KT,15,10
2016-04-24 00:00:00.000,2016,4,24,0,31004KT,13,10
2016-04-24 01:00:00.000,2016,4,24,1,VRB02KT,13,10
2016-04-24 02:00:00.000,2016,4,24,2,VRB02KT,14,10
2016-04-24 03:00:00.000,2016,4,24,3,VRB02KT,13,10
2016-04-24 04:00:00.000,2016,4,24,4,33004KT,13,10
2016-04-24 05:00:00.000,2016,4,24,5,33004KT,14,10
2016-04-24 06:00:00.000,2016,4,24,6,30006KT,13,11
2016-04-24 07:00:00.000,2016,4,24,7,00000KT,14,11
2016-04-24 08:00:00.000,2016,4,24,8,13003KT,13,11
2016-04-24 10:00:00.000,2016,4,24,10,35004KT,13,11
2016-04-24 10:30:00.000,2016,4,24,10,34006KT,13,11
2016-04-24 11:00:00.000,2016,4,24,11,33004KT,13,11
2016-04-24 11:15:00.000,2016,4,24,11,VRB02KT,13,11
2016-04-24 11:27:00.000,2016,4,24,11,33003KT,13,11
2016-04-24 12:00:00.000,2016,4,24,12,VRB02KT,13,12
2016-04-24 13:00:00.000,2016,4,24,13,VRB02KT,14,12
2016-04-24 13:35:00.000,2016,4,24,13,VRB02KT,15,12
2016-04-24 14:00:00.000,2016,4,24,14,VRB02KT,14,12
2016-04-24 15:00:00.000,2016,4,24,15,22003KT,15,13
2016-04-24 15:28:00.000,2016,4,24,15,25003KT,16,13
2016-04-24 16:00:00.000,2016,4,24,16,VRB02KT,16,12
2016-04-24 17:00:00.000,2016,4,24,17,20005KT,16,12
2016-04-24 18:00:00.000,2016,4,24,18,VRB02KT,15,13
2016-04-24 19:00:00.000,2016,4,24,19,VRB02KT,14,13
2016-04-24 20:00:00.000,2016,4,24,20,VRB02KT,15,13
2016-04-24 21:00:00.000,2016,4,24,21,VRB02KT,15,13
2016-04-24 22:00:00.000,2016,4,24,22,VRB02KT,16,11
2016-04-24 23:00:00.000,2016,4,24,23,16005KT,16,09
2016-04-25 00:00:00.000,2016,4,25,0,03005KT,14,11
2016-04-25 01:00:00.000,2016,4,25,1,VRB02KT,13,11
2016-04-25 02:00:00.000,2016,4,25,2,VRB02KT,13,11
2016-04-25 03:00:00.000,2016,4,25,3,VRB02KT,13,11
2016-04-25 04:00:00.000,2016,4,25,4,VRB02KT,14,11
2016-04-25 05:00:00.000,2016,4,25,5,21004KT,13,11
2016-04-25 06:00:00.000,2016,4,25,6,VRB02KT,13,11
2016-04-25 09:00:00.000,2016,4,25,9,05005KT,12,10
2016-04-25 10:00:00.000,2016,4,25,10,05004KT,12,10
2016-04-25 10:30:00.000,2016,4,25,10,04005KT,12,10
2016-04-25 11:00:00.000,2016,4,25,11,VRB02KT,12,10
2016-04-25 12:00:00.000,2016,4,25,12,06006KT,13,10
2016-04-25 13:00:00.000,2016,4,25,13,04005KT,14,11
2016-04-25 14:00:00.000,2016,4,25,14,06003KT,17,11
2016-04-25 14:33:00.000,2016,4,25,14,VRB002KT,,
2016-04-25 15:00:00.000,2016,4,25,15,04004KT,19,10
2016-04-25 16:00:00.000,2016,4,25,16,33004KT,20,10
2016-04-25 17:00:00.000,2016,4,25,17,05006KT,21,10
2016-04-25 18:00:00.000,2016,4,25,18,30008KT,20,11
2016-04-25 18:30:00.000,2016,4,25,18,29010KT,19,13
2016-04-25 19:00:00.000,2016,4,25,19,27015KT,18,14
2016-04-25 19:30:00.000,2016,4,25,19,26012KT,17,13
2016-04-25 20:00:00.000,2016,4,25,20,25010KT,17,13
2016-04-25 20:05:00.000,2016,4,25,20,28008KT,16,13
2016-04-25 21:00:00.000,2016,4,25,21,25006KT,16,14
2016-04-25 22:00:00.000,2016,4,25,22,24006KT,17,13
2016-04-25 23:00:00.000,2016,4,25,23,23004KT,16,13
2016-04-26 00:00:00.000,2016,4,26,0,VRB02KT,15,13
2016-04-26 01:00:00.000,2016,4,26,1,33004KT,13,12
2016-04-26 02:00:00.000,2016,4,26,2,31004KT,13,12
2016-04-26 03:00:00.000,2016,4,26,3,VRB02KT,14,13
2016-04-26 04:00:00.000,2016,4,26,4,33004KT,13,12
2016-04-26 05:00:00.000,2016,4,26,5,30003KT,13,12
2016-04-26 06:00:00.000,2016,4,26,6,VRB02KT,14,13
2016-04-26 07:00:00.000,2016,4,26,7,VRB02KT,13,12
2016-04-26 08:00:00.000,2016,4,26,8,VRB02KT,12,11
2016-04-26 08:35:00.000,2016,4,26,8,32004KT,12,11
2016-04-26 09:00:00.000,2016,4,26,9,VRB02KT,12,11
2016-04-26 09:17:00.000,2016,4,26,9,31004KT,12,11
2016-04-26 10:00:00.000,2016,4,26,10,29004KT,12,12
2016-04-26 10:30:00.000,2016,4,26,10,22004KT,12,12
2016-04-26 11:00:00.000,2016,4,26,11,18004KT,13,12
2016-04-26 12:00:00.000,2016,4,26,12,VRB02KT,14,14
2016-04-26 12:25:00.000,2016,4,26,12,VRB02KT,14,14
2016-04-26 13:00:00.000,2016,4,26,13,VRB02KT,15,14
2016-04-26 14:00:00.000,2016,4,26,14,VRB02KT,15,12
2016-04-26 14:05:00.000,2016,4,26,14,VRB02KT,17,12
2016-04-26 15:00:00.000,2016,4,26,15,05006KT,18,12
2016-04-26 15:30:00.000,2016,4,26,15,15008KT,21,11
2016-04-26 16:00:00.000,2016,4,26,16,18008KT,20,09
2016-04-26 17:00:00.000,2016,4,26,17,25006KT,21,09
2016-04-26 18:00:00.000,2016,4,26,18,21004KT,21,10
2016-04-26 19:00:00.000,2016,4,26,19,27008KT,19,13
2016-04-26 19:30:00.000,2016,4,26,19,VRB02KT,16,12
2016-04-26 20:00:00.000,2016,4,26,20,31012KT,17,13
2016-04-26 20:10:00.000,2016,4,26,20,32012KT,16,14
2016-04-26 20:15:00.000,2016,4,26,20,32012KT,16,14
2016-04-26 21:00:00.000,2016,4,26,21,25010KT,15,14
2016-04-26 21:27:00.000,2016,4,26,21,27009KT,15,13
2016-04-26 22:00:00.000,2016,4,26,22,27006KT,14,13
2016-04-26 22:38:00.000,2016,4,26,22,30003KT,14,12
2016-04-26 23:00:00.000,2016,4,26,23,VRB02KT,14,12
2016-04-27 00:00:00.000,2016,4,27,0,VRB02KT,15,12
2016-04-27 01:00:00.000,2016,4,27,1,33004KT,14,13
2016-04-27 02:00:00.000,2016,4,27,2,VRB02KT,13,12
2016-04-27 03:00:00.000,2016,4,27,3,VRB02KT,13,12
2016-04-27 04:00:00.000,2016,4,27,4,31005KT,14,12
2016-04-27 05:00:00.000,2016,4,27,5,20004KT,14,12
2016-04-27 06:00:00.000,2016,4,27,6,VRB02KT,14,12
2016-04-27 07:00:00.000,2016,4,27,7,04003KT,13,12
2016-04-27 08:00:00.000,2016,4,27,8,VRB02KT,13,12
2016-04-27 09:00:00.000,2016,4,27,9,05005KT,13,12
2016-04-27 10:00:00.000,2016,4,27,10,VRB02KT,12,11
2016-04-27 11:00:00.000,2016,4,27,11,VRB02KT,12,11
2016-04-27 12:00:00.000,2016,4,27,12,02004KT,13,12
2016-04-27 13:00:00.000,2016,4,27,13,01004KT,15,12
2016-04-27 14:00:00.000,2016,4,27,14,02006KT,17,12
2016-04-27 15:00:00.000,2016,4,27,15,05006KT,19,11
2016-04-27 16:00:00.000,2016,4,27,16,13006KT,21,09
2016-04-27 17:00:00.000,2016,4,27,17,05003KT,21,09
2016-04-27 18:00:00.000,2016,4,27,18,27014KT,30,13
2016-04-27 18:37:00.000,2016,4,27,18,32011KT,19,14
2016-04-27 19:00:00.000,2016,4,27,19,29014KT,19,13
2016-04-27 19:18:00.000,2016,4,27,19,32007KT,18,13
2016-04-27 19:34:00.000,2016,4,27,19,31010KT,17,13
2016-04-27 20:00:00.000,2016,4,27,20,29006KT,17,13
2016-04-27 21:00:00.000,2016,4,27,21,25006KT,17,13
2016-04-27 22:00:00.000,2016,4,27,22,23008KT,16,13
2016-04-27 23:00:00.000,2016,4,27,23,24006KT,15,13
2016-04-28 00:00:00.000,2016,4,28,0,25003KT,15,13
2016-04-28 00:35:00.000,2016,4,28,0,VRB02KT,15,12
2016-04-28 01:00:00.000,2016,4,28,1,31004KT,14,12
2016-04-28 01:30:00.000,2016,4,28,1,29006KT,13,12
2016-04-28 02:00:00.000,2016,4,28,2,01004KT,13,12
2016-04-28 02:30:00.000,2016,4,28,2,25006KT,13,12
2016-04-28 03:00:00.000,2016,4,28,3,24004KT,13,12
2016-04-28 04:00:00.000,2016,4,28,4,VRB02KT,14,11
2016-04-28 05:00:00.000,2016,4,28,5,VRB02KT,13,12
2016-04-28 06:00:00.000,2016,4,28,6,00000KT,12,10
2016-04-28 07:00:00.000,2016,4,28,7,02003KT,11,10
2016-04-28 08:00:00.000,2016,4,28,8,VRB02KT,11,09
2016-04-28 09:00:00.000,2016,4,28,9,00000KT,10,09
2016-04-28 10:00:00.000,2016,4,28,10,VRB02KT,11,10
2016-04-28 10:30:00.000,2016,4,28,10,28003KT,11,10
2016-04-28 11:00:00.000,2016,4,28,11,VRB02KT,11,10
2016-04-28 12:00:00.000,2016,4,28,12,02004KT,13,11
2016-04-28 13:00:00.000,2016,4,28,13,05004KT,14,11
2016-04-28 14:00:00.000,2016,4,28,14,07004KT,15,11
2016-04-28 15:00:00.000,2016,4,28,15,01004KT,18,12
2016-04-28 16:00:00.000,2016,4,28,16,05008KT,16,10
2016-04-28 17:00:00.000,2016,4,28,17,07006KT,18,11
2016-04-28 18:00:00.000,2016,4,28,18,25005KT,16,12
2016-04-28 18:09:00.000,2016,4,28,18,28006KT,16,12
2016-04-28 18:34:00.000,2016,4,28,18,31006KT,16,13
2016-04-28 19:00:00.000,2016,4,28,19,35006KT,17,12
2016-04-28 20:00:00.000,2016,4,28,20,32005KT,19,11
2016-04-28 21:00:00.000,2016,4,28,21,23012KT,16,12
2016-04-28 22:00:00.000,2016,4,28,22,22008KT,17,12
2016-04-28 23:00:00.000,2016,4,28,23,26006KT,15,12
2016-04-28 23:25:00.000,2016,4,28,23,27006KT,15,12
2016-04-29 00:00:00.000,2016,4,29,0,30007KT,14,12
2016-04-29 01:00:00.000,2016,4,29,1,VRB02KT,14,11
2016-04-29 02:00:00.000,2016,4,29,2,30004KT,14,12
2016-04-29 03:00:00.000,2016,4,29,3,34003KT,13,12
2016-04-29 04:00:00.000,2016,4,29,4,34003KT,13,12
2016-04-29 05:00:00.000,2016,4,29,5,VRB02KT,13,12
2016-04-29 06:00:00.000,2016,4,29,6,02004KT,12,12
2016-04-29 07:00:00.000,2016,4,29,7,VRB02KT,12,12
2016-04-29 08:00:00.000,2016,4,29,8,04003KT,12,12
2016-04-29 09:00:00.000,2016,4,29,9,06005KT,12,11
2016-04-29 10:00:00.000,2016,4,29,10,VRB02KT,12,11
2016-04-29 10:00:00.000,2016,4,29,10,VRB02KT,12,11
2016-04-29 11:00:00.000,2016,4,29,11,VRB02KT,12,11
2016-04-29 12:00:00.000,2016,4,29,12,VRB02KT,12,11
2016-04-29 13:00:00.000,2016,4,29,13,03003KT,14,12
2016-04-29 14:00:00.000,2016,4,29,14,02006KT,16,12
2016-04-29 15:00:00.000,2016,4,29,15,04007KT,17,12
2016-04-29 16:00:00.000,2016,4,29,16,02004KT,19,12
2016-04-29 17:00:00.000,2016,4,29,17,08010KT,21,11
2016-04-29 18:00:00.000,2016,4,29,18,18010KT,21,10
2016-04-29 18:30:00.000,2016,4,29,18,21012KT,18,11
2016-04-29 19:00:00.000,2016,4,29,19,24012KT,18,11
2016-04-29 20:00:00.000,2016,4,29,20,25010KT,17,11
2016-04-29 20:30:00.000,2016,4,29,20,31008KT,17,12
2016-04-29 21:00:00.000,2016,4,29,21,31008KT,16,13
2016-04-29 22:00:00.000,2016,4,29,22,32006KT,15,13
2016-04-29 23:00:00.000,2016,4,29,23,32006KT,15,13
2016-04-30 00:00:00.000,2016,4,30,0,33003KT,15,12
2016-04-30 01:00:00.000,2016,4,30,1,VRB02KT,14,12
2016-04-30 02:00:00.000,2016,4,30,2,01003KT,14,12
2016-04-30 03:00:00.000,2016,4,30,3,32003KT,13,12
2016-04-30 04:00:00.000,2016,4,30,4,33003KT,14,12
2016-04-30 05:00:00.000,2016,4,30,5,19005KT,14,12
2016-04-30 06:00:00.000,2016,4,30,6,VRB02KT,14,12
2016-04-30 07:00:00.000,2016,4,30,7,VRB02KT,14,12
2016-04-30 08:00:00.000,2016,4,30,8,05003KT,13,12
2016-04-30 09:00:00.000,2016,4,30,9,VRB02KT,13,12
2016-04-30 10:00:00.000,2016,4,30,10,04005KT,12,11
2016-04-30 10:30:00.000,2016,4,30,10,VRB02KT,12,11
2016-04-30 11:00:00.000,2016,4,30,11,06003KT,12,11
2016-04-30 12:00:00.000,2016,4,30,12,04008KT,14,13
2016-04-30 13:00:00.000,2016,4,30,13,04004KT,14,12
2016-04-30 14:00:00.000,2016,4,30,14,15004KT,17,11
2016-04-30 15:00:00.000,2016,4,30,15,08008KT,18,10
2016-04-30 16:00:00.000,2016,4,30,16,16006KT,19,10
2016-04-30 17:00:00.000,2016,4,30,17,14010KT,19,09
2016-04-30 18:00:00.000,2016,4,30,18,20008KT,20,08
2016-04-30 19:00:00.000,2016,4,30,19,17008KT,20,09
2016-04-30 20:00:00.000,2016,4,30,20,16010KT,20,09
2016-04-30 21:00:00.000,2016,4,30,21,18008KT,19,08
2016-04-30 22:00:00.000,2016,4,30,22,19009KT,18,09
2016-04-30 23:00:00.000,2016,4,30,23,17007KT,17,09
2016-05-01 00:00:00.000,2016,5,1,0,VRB02KT,16,10
2016-05-01 01:00:00.000,2016,5,1,1,VRB02KT,15,10
2016-05-01 02:00:00.000,2016,5,1,2,VRB02KT,14,11
2016-05-01 03:00:00.000,2016,5,1,3,VRB02KT,14,11
2016-05-01 04:00:00.000,2016,5,1,4,VRB02KT,14,11
2016-05-01 05:00:00.000,2016,5,1,5,33004KT,14,11
2016-05-01 06:00:00.000,2016,5,1,6,VRB02KT,13,11
2016-05-01 07:00:00.000,2016,5,1,7,VRB02KT,13,11
2016-05-01 08:00:00.000,2016,5,1,8,VRB02KT,13,11
2016-05-01 09:00:00.000,2016,5,1,9,VRB02KT,12,11
2016-05-01 10:00:00.000,2016,5,1,10,VRB02KT,13,11
2016-05-01 10:30:00.000,2016,5,1,10,VRB02KT,13,11
2016-05-01 11:00:00.000,2016,5,1,11,VRB02KT,13,10
2016-05-01 12:00:00.000,2016,5,1,12,01003KT,13,10
2016-05-01 13:00:00.000,2016,5,1,13,03003KT,14,11
2016-05-01 14:00:00.000,2016,5,1,14,VRB02KT,15,10
2016-05-01 15:00:00.000,2016,5,1,15,01004KT,15,11
2016-05-01 16:00:00.000,2016,5,1,16,30005KT,16,11
2016-05-01 16:18:00.000,2016,5,1,16,27008KT,15,11
2016-05-01 17:00:00.000,2016,5,1,17,26007KT,15,12
2016-05-01 18:00:00.000,2016,5,1,18,25008KT,16,12
2016-05-01 19:00:00.000,2016,5,1,19,17005KT,18,11
2016-05-01 20:00:00.000,2016,5,1,20,24005KT,18,10
2016-05-01 21:00:00.000,2016,5,1,21,28005KT,18,11
2016-05-01 22:00:00.000,2016,5,1,22,33005KT,16,12
2016-05-01 23:00:00.000,2016,5,1,23,27005KT,16,12
2016-05-02 00:00:00.000,2016,5,2,0,VRB02KT,15,13
2016-05-02 01:00:00.000,2016,5,2,1,36003KT,14,12
2016-05-02 02:00:00.000,2016,5,2,2,04004KT,14,11
2016-05-02 03:00:00.000,2016,5,2,3,VRB02KT,13,11
2016-05-02 04:00:00.000,2016,5,2,4,35003KT,13,11
2016-05-02 05:00:00.000,2016,5,2,5,VRB02KT,13,10
2016-05-02 06:00:00.000,2016,5,2,6,VRB02KT,14,11
2016-05-02 07:00:00.000,2016,5,2,7,VRB02KT,13,11
2016-05-02 08:00:00.000,2016,5,2,8,04003KT,12,11
2016-05-02 09:00:00.000,2016,5,2,9,VRB02KT,12,11
2016-05-02 10:00:00.000,2016,5,2,10,00000KT,12,11
2016-05-02 10:30:00.000,2016,5,2,10,33003KT,11,10
2016-05-02 11:00:00.000,2016,5,2,11,VRB02KT,10,09
2016-05-02 12:00:00.000,2016,5,2,12,VRB02KT,12,11
2016-05-02 13:00:00.000,2016,5,2,13,03004KT,14,11
2016-05-02 14:00:00.000,2016,5,2,14,02004KT,17,10
2016-05-02 15:00:00.000,2016,5,2,15,15008KT,18,07
2016-05-02 16:00:00.000,2016,5,2,16,16008KT,19,07
2016-05-02 17:00:00.000,2016,5,2,17,27006KT,19,08
2016-05-02 18:00:00.000,2016,5,2,18,24006KT,19,10
2016-05-02 19:00:00.000,2016,5,2,19,23012KT,19,11
2016-05-02 20:00:00.000,2016,5,2,20,23014KT,18,12
2016-05-02 21:00:00.000,2016,5,2,21,25013KT,16,11
2016-05-02 22:00:00.000,2016,5,2,22,26007KT,15,12
2016-05-02 23:00:00.000,2016,5,2,23,28005KT,14,11
2016-05-03 00:00:00.000,2016,5,3,0,27003KT,14,12
2016-05-03 01:00:00.000,2016,5,3,1,04003KT,14,11
2016-05-03 02:00:00.000,2016,5,3,2,VRB02KT,13,10
2016-05-03 03:00:00.000,2016,5,3,3,VRB02KT,12,11
2016-05-03 05:00:00.000,2016,5,3,5,04005KT,13,11
2016-05-03 06:00:00.000,2016,5,3,6,VRB02KT,12,11
2016-05-03 09:00:00.000,2016,5,3,9,VRB02KT,10,09
2016-05-03 10:00:00.000,2016,5,3,10,05004KT,10,09
2016-05-03 10:30:00.000,2016,5,3,10,VRB02KT,10,10
2016-05-03 11:00:00.000,2016,5,3,11,VRB02KT,11,10
2016-05-03 12:00:00.000,2016,5,3,12,VRB02KT,11,10
2016-05-03 12:25:00.000,2016,5,3,12,04006KT,13,12
2016-05-03 13:00:00.000,2016,5,3,13,02005KT,15,11
2016-05-03 14:00:00.000,2016,5,3,14,36006KT,16,11
2016-05-03 14:21:00.000,2016,5,3,14,05009KT,18,12
2016-05-03 15:00:00.000,2016,5,3,15,03008KT,18,11
2016-05-03 16:00:00.000,2016,5,3,16,03005KT,18,10
2016-05-03 16:30:00.000,2016,5,3,16,22010KT,16,12
2016-05-03 17:00:00.000,2016,5,3,17,26010KT,16,12
2016-05-03 18:00:00.000,2016,5,3,18,31010KT,17,11
2016-05-03 18:20:00.000,2016,5,3,18,36007KT,16,12
2016-05-03 19:00:00.000,2016,5,3,19,VRB02KT,15,13
2016-05-03 19:30:00.000,2016,5,3,19,26004KT,15,13
2016-05-03 20:00:00.000,2016,5,3,20,27007KT,14,12
2016-05-03 21:00:00.000,2016,5,3,21,27006KT,15,12
2016-05-03 22:00:00.000,2016,5,3,22,26003KT,15,12
2016-05-03 23:00:00.000,2016,5,3,23,04003KT,14,12
2016-05-04 00:00:00.000,2016,5,4,0,VRB02KT,13,12
2016-05-04 01:00:00.000,2016,5,4,1,02003KT,13,12
2016-05-04 02:00:00.000,2016,5,4,2,VRB02KT,12,12
2016-05-04 03:00:00.000,2016,5,4,3,31003KT,12,11
2016-05-04 04:00:00.000,2016,5,4,4,VRB02KT,12,11
2016-05-04 05:00:00.000,2016,5,4,5,VRB02KT,11,10
2016-05-04 06:00:00.000,2016,5,4,6,VRB02KT,11,10
2016-05-04 09:00:00.000,2016,5,4,9,VRB02KT,09,09
2016-05-04 10:00:00.000,2016,5,4,10,VRB02KT,09,09
2016-05-04 10:30:00.000,2016,5,4,10,32003KT,09,08
2016-05-04 11:00:00.000,2016,5,4,11,32004KT,09,08
2016-05-04 11:10:00.000,2016,5,4,11,33003KT,08,08
2016-05-04 11:34:00.000,2016,5,4,11,00000KT,09,08
2016-05-04 12:00:00.000,2016,5,4,12,05003KT,10,09
2016-05-04 13:00:00.000,2016,5,4,13,06004KT,12,11
2016-05-04 14:00:00.000,2016,5,4,14,34003KT,16,11
2016-05-04 15:00:00.000,2016,5,4,15,30003KT,17,10
2016-05-04 16:00:00.000,2016,5,4,16,33004KT,18,10
2016-05-04 17:00:00.000,2016,5,4,17,06003KT,19,10
2016-05-04 18:00:00.000,2016,5,4,18,26008KT,19,12
2016-05-04 19:00:00.000,2016,5,4,19,28008KT,18,12
2016-05-04 20:00:00.000,2016,5,4,20,28009KT,18,12
2016-05-04 21:00:00.000,2016,5,4,21,25005KT,18,11
2016-05-04 22:00:00.000,2016,5,4,22,30007KT,16,11
2016-05-04 23:00:00.000,2016,5,4,23,VRB02KT,15,10
2016-05-05 00:00:00.000,2016,5,5,0,VRB02KT,13,10
2016-05-05 01:00:00.000,2016,5,5,1,VRB02KT,12,10
2016-05-05 02:00:00.000,2016,5,5,2,VRB02KT,12,10
2016-05-05 03:00:00.000,2016,5,5,3,VRB02KT,14,10
2016-05-05 04:00:00.000,2016,5,5,4,VRB02KT,13,11
2016-05-05 05:00:00.000,2016,5,5,5,02003KT,14,11
2016-05-05 06:00:00.000,2016,5,5,6,VRB02KT,12,11
2016-05-05 07:00:00.000,2016,5,5,7,VRB02KT,12,10
2016-05-05 08:00:00.000,2016,5,5,8,03003KT,12,11
2016-05-05 09:00:00.000,2016,5,5,9,05006KT,12,10
2016-05-05 10:00:00.000,2016,5,5,10,04005KT,12,10
2016-05-05 10:30:00.000,2016,5,5,10,06005KT,11,10
2016-05-05 11:00:00.000,2016,5,5,11,05005KT,12,10
2016-05-05 12:00:00.000,2016,5,5,12,04007KT,13,10
2016-05-05 13:00:00.000,2016,5,5,13,05008KT,16,10
2016-05-05 15:00:00.000,2016,5,5,15,16003KT,19,10
2016-05-05 16:00:00.000,2016,5,5,16,12011KT,21,08
2016-05-05 17:00:00.000,2016,5,5,17,10007KT,21,09
2016-05-05 18:00:00.000,2016,5,5,18,24010KT,20,11
2016-05-05 19:00:00.000,2016,5,5,19,31007KT,19,13
2016-05-05 20:00:00.000,2016,5,5,20,25009KT,18,12
2016-05-05 21:00:00.000,2016,5,5,21,05005KT,19,13
2016-05-05 21:35:00.000,2016,5,5,21,05013KT,15,12
2016-05-05 22:30:00.000,2016,5,5,22,VRB02KT,15,13
2016-05-05 23:00:00.000,2016,5,5,23,33003KT,15,13
2016-05-06 00:00:00.000,2016,5,6,0,28004KT,14,12
2016-05-06 01:00:00.000,2016,5,6,1,27003KT,14,12
2016-05-06 02:00:00.000,2016,5,6,2,VRB02KT,14,12
2016-05-06 03:00:00.000,2016,5,6,3,VRB02KT,14,12
2016-05-06 04:00:00.000,2016,5,6,4,VRB02KT,15,12
2016-05-06 05:00:00.000,2016,5,6,5,VRB02KT,14,12
2016-05-06 06:00:00.000,2016,5,6,6,VRB02KT,13,11
2016-05-06 08:00:00.000,2016,5,6,8,05004KT,12,11
2016-05-06 09:00:00.000,2016,5,6,9,01005KT,11,11
2016-05-06 10:00:00.000,2016,5,6,10,36003KT,11,09
2016-05-06 10:30:00.000,2016,5,6,10,25003KT,10,09
2016-05-06 11:00:00.000,2016,5,6,11,07003KT,11,10
2016-05-06 12:00:00.000,2016,5,6,12,05003KT,12,11
2016-05-06 13:00:00.000,2016,5,6,13,04006KT,14,11
2016-05-06 15:00:00.000,2016,5,6,15,27003KT,17,10
2016-05-06 16:00:00.000,2016,5,6,16,21007KT,19,09
2016-05-06 17:00:00.000,2016,5,6,17,13008KT,20,08
2016-05-06 18:00:00.000,2016,5,6,18,15008KT,21,08
2016-05-06 19:00:00.000,2016,5,6,19,31008KT,19,13
2016-05-06 20:00:00.000,2016,5,6,20,28009KT,19,13
2016-05-06 20:06:00.000,2016,5,6,20,24010KT,19,12
2016-05-06 20:14:00.000,2016,5,6,20,24011KT,19,13
2016-05-06 20:30:00.000,2016,5,6,20,17012KT,17,13
2016-05-06 20:37:00.000,2016,5,6,20,17008KT,14,12
2016-05-06 21:00:00.000,2016,5,6,21,31006KT,13,10
2016-05-06 21:11:00.000,2016,5,6,21,01003KT,13,11
2016-05-06 22:00:00.000,2016,5,6,22,32005KT,14,12
2016-05-06 22:17:00.000,2016,5,6,22,04005KT,14,12
2016-05-06 22:30:00.000,2016,5,6,22,06007KT,14,12
2016-05-06 23:00:00.000,2016,5,6,23,04006KT,14,12
2016-05-07 00:00:00.000,2016,5,7,0,04004KT,13,12
2016-05-07 00:23:00.000,2016,5,7,0,VRB02KT,13,12
2016-05-07 01:00:00.000,2016,5,7,1,04004KT,13,12
2016-05-07 02:00:00.000,2016,5,7,2,04006KT,12,11
2016-05-07 03:00:00.000,2016,5,7,3,05006KT,13,11
2016-05-07 04:00:00.000,2016,5,7,4,05006KT,12,11
2016-05-07 05:00:00.000,2016,5,7,5,03004KT,12,11
2016-05-07 06:00:00.000,2016,5,7,6,25004KT,12,10
2016-05-07 07:00:00.000,2016,5,7,7,VRB02KT,12,11
2016-05-07 08:00:00.000,2016,5,7,8,VRB02KT,12,10
2016-05-07 09:00:00.000,2016,5,7,9,01004KT,12,11
2016-05-07 10:00:00.000,2016,5,7,10,VRB02KT,12,11
2016-05-07 10:30:00.000,2016,5,7,10,02004KT,12,11
2016-05-07 11:00:00.000,2016,5,7,11,02004KT,11,10
2016-05-07 11:10:00.000,2016,5,7,11,VRB02KT,11,10
2016-05-07 12:00:00.000,2016,5,7,12,05004KT,12,10
2016-05-07 13:00:00.000,2016,5,7,13,03003KT,14,12
2016-05-07 14:00:00.000,2016,5,7,14,05004KT,15,12
2016-05-07 15:00:00.000,2016,5,7,15,35004KT,16,11
2016-05-07 16:00:00.000,2016,5,7,16,04006KT,18,11
2016-05-07 17:00:00.000,2016,5,7,17,04008KT,19,11
2016-05-07 18:00:00.000,2016,5,7,18,17005KT,20,09
2016-05-07 19:00:00.000,2016,5,7,19,26009KT,19,12
2016-05-07 20:00:00.000,2016,5,7,20,24008KT,19,12
2016-05-07 21:00:00.000,2016,5,7,21,30013KT,18,12
2016-05-07 22:00:00.000,2016,5,7,22,30007KT,16,10
2016-05-07 23:00:00.000,2016,5,7,23,33005KT,14,10
2016-05-08 00:00:00.000,2016,5,8,0,08003KT,12,11
2016-05-08 01:00:00.000,2016,5,8,1,VRB02KT,12,11
2016-05-08 02:00:00.000,2016,5,8,2,35004KT,11,10
2016-05-08 03:00:00.000,2016,5,8,3,VRB02KT,12,11
2016-05-08 04:00:00.000,2016,5,8,4,VRB02KT,12,11
2016-05-08 05:00:00.000,2016,5,8,5,VRB02KT,13,11
2016-05-08 06:00:00.000,2016,5,8,6,VRB02KT,12,11
2016-05-08 07:00:00.000,2016,5,8,7,27003KT,12,11
2016-05-08 08:00:00.000,2016,5,8,8,VRB02KT,09,08
2016-05-08 09:00:00.000,2016,5,8,9,VRB02KT,10,09
2016-05-08 10:00:00.000,2016,5,8,10,VRB02KT,10,09
2016-05-08 10:30:00.000,2016,5,8,10,VRB02KT,10,10
2016-05-08 11:00:00.000,2016,5,8,11,VRB02KT,11,10
2016-05-08 12:00:00.000,2016,5,8,12,01003KT,11,11
2016-05-08 13:00:00.000,2016,5,8,13,01004KT,13,12
2016-05-08 14:00:00.000,2016,5,8,14,03003KT,16,12
2016-05-08 15:00:00.000,2016,5,8,15,03005KT,17,11
2016-05-08 16:00:00.000,2016,5,8,16,32003KT,18,10
2016-05-08 17:00:00.000,2016,5,8,17,26005KT,19,09
2016-05-08 18:00:00.000,2016,5,8,18,25010KT,20,13
2016-05-08 19:00:00.000,2016,5,8,19,24010KT,16,13
2016-05-08 20:00:00.000,2016,5,8,20,28008KT,18,13
2016-05-08 21:00:00.000,2016,5,8,21,32010KT,16,12
2016-05-08 22:00:00.000,2016,5,8,22,26006KT,16,12
2016-05-08 23:00:00.000,2016,5,8,23,26003KT,16,12
2016-05-09 00:00:00.000,2016,5,9,0,28004KT,16,11
2016-05-09 01:00:00.000,2016,5,9,1,24005KT,15,10
2016-05-09 01:15:00.000,2016,5,9,1,19004KT,15,11
2016-05-09 01:35:00.000,2016,5,9,1,20005KT,13,11
2016-05-09 01:40:00.000,2016,5,9,1,20004KT,13,11
2016-05-09 02:00:00.000,2016,5,9,2,30003KT,12,11
2016-05-09 03:00:00.000,2016,5,9,3,30004KT,13,12
2016-05-09 04:00:00.000,2016,5,9,4,VRB02KT,12,11
2016-05-09 05:00:00.000,2016,5,9,5,05003KT,12,11
2016-05-09 06:00:00.000,2016,5,9,6,36003KT,12,12
2016-05-09 07:00:00.000,2016,5,9,7,05005KT,12,12
2016-05-09 08:00:00.000,2016,5,9,8,04004KT,13,12
2016-05-09 09:00:00.000,2016,5,9,9,05005KT,12,11
2016-05-09 10:00:00.000,2016,5,9,10,06005KT,12,11
2016-05-09 10:30:00.000,2016,5,9,10,05007KT,12,11
2016-05-09 11:00:00.000,2016,5,9,11,06006KT,12,11
2016-05-09 12:00:00.000,2016,5,9,12,04004KT,13,11
2016-05-09 13:00:00.000,2016,5,9,13,04004KT,14,11
2016-05-09 14:00:00.000,2016,5,9,14,06006KT,17,12
2016-05-09 15:00:00.000,2016,5,9,15,04008KT,18,10
2016-05-09 16:00:00.000,2016,5,9,16,06006KT,18,10
2016-05-09 17:00:00.000,2016,5,9,17,07010KT,19,10
2016-05-09 18:00:00.000,2016,5,9,18,05006KT,19,09
2016-05-09 19:00:00.000,2016,5,9,19,04009KT,20,10
2016-05-09 20:00:00.000,2016,5,9,20,06008KT,19,10
2016-05-09 20:41:00.000,2016,5,9,20,25009KT,18,11
2016-05-09 21:00:00.000,2016,5,9,21,25011KT,17,13
2016-05-09 21:16:00.000,2016,5,9,21,03008KT,17,13
2016-05-09 21:24:00.000,2016,5,9,21,07007KT,15,11
2016-05-09 22:00:00.000,2016,5,9,22,29006KT,14,12
2016-05-09 23:00:00.000,2016,5,9,23,30006KT,14,12
2016-05-10 00:00:00.000,2016,5,10,0,VRB02KT,14,12
2016-05-10 01:00:00.000,2016,5,10,1,VRB02KT,14,12
2016-05-10 02:00:00.000,2016,5,10,2,32004KT,14,12
2016-05-10 03:00:00.000,2016,5,10,3,05007KT,14,11
2016-05-10 04:00:00.000,2016,5,10,4,04005KT,13,10
2016-05-10 05:00:00.000,2016,5,10,5,VRB02KT,12,10
2016-05-10 06:00:00.000,2016,5,10,6,05006KT,12,10
2016-05-10 07:00:00.000,2016,5,10,7,03006KT,12,10
2016-05-10 08:00:00.000,2016,5,10,8,02004KT,11,10
2016-05-10 09:00:00.000,2016,5,10,9,VRB02KT,12,09
2016-05-10 10:00:00.000,2016,5,10,10,07003KT,12,10
2016-05-10 10:30:00.000,2016,5,10,10,VRB02KT,12,10
2016-05-10 11:00:00.000,2016,5,10,11,04003KT,12,10
2016-05-10 12:00:00.000,2016,5,10,12,35003KT,13,10
2016-05-10 13:00:00.000,2016,5,10,13,03005KT,14,11
2016-05-10 14:00:00.000,2016,5,10,14,02004KT,14,11
2016-05-10 15:00:00.000,2016,5,10,15,05005KT,15,11
2016-05-10 16:00:00.000,2016,5,10,16,13007KT,17,09
2016-05-10 17:00:00.000,2016,5,10,17,VRB02KT,17,08
2016-05-10 18:00:00.000,2016,5,10,18,05006KT,17,09
2016-05-10 19:00:00.000,2016,5,10,19,04008KT,18,09
2016-05-10 20:00:00.000,2016,5,10,20,04006KT,17,10
2016-05-10 20:30:00.000,2016,5,10,20,28010KT,15,12
2016-05-10 21:00:00.000,2016,5,10,21,28010KT,15,12
2016-05-10 22:00:00.000,2016,5,10,22,24010KT,15,12
2016-05-10 23:00:00.000,2016,5,10,23,26008KT,14,11
2016-05-11 00:00:00.000,2016,5,11,0,23005KT,13,11
2016-05-11 01:00:00.000,2016,5,11,1,VRB02KT,14,10
2016-05-11 02:00:00.000,2016,5,11,2,VRB02KT,13,11
2016-05-11 03:00:00.000,2016,5,11,3,34003KT,12,11
2016-05-11 04:00:00.000,2016,5,11,4,VRB02KT,12,10
2016-05-11 05:00:00.000,2016,5,11,5,05004KT,12,11
2016-05-11 06:00:00.000,2016,5,11,6,04005KT,12,10
2016-05-11 07:00:00.000,2016,5,11,7,VRB02KT,11,10
2016-05-11 08:00:00.000,2016,5,11,8,VRB02KT,11,10
2016-05-11 09:00:00.000,2016,5,11,9,03003KT,11,10
2016-05-11 10:00:00.000,2016,5,11,10,27003KT,12,10
2016-05-11 10:30:00.000,2016,5,11,10,24003KT,12,10
2016-05-11 11:00:00.000,2016,5,11,11,00000KT,11,10
2016-05-11 11:50:00.000,2016,5,11,11,00000KT,13,11
2016-05-11 12:00:00.000,2016,5,11,12,00000KT,14,11
2016-05-11 13:00:00.000,2016,5,11,13,00000KT,15,11
2016-05-11 13:30:00.000,2016,5,11,13,VRB02KT,17,10
2016-05-11 14:00:00.000,2016,5,11,14,00000KT,17,10
2016-05-11 15:00:00.000,2016,5,11,15,21004KT,17,10
2016-05-11 15:35:00.000,2016,5,11,15,15010KT,19,09
2016-05-11 16:00:00.000,2016,5,11,16,19006KT,18,08
2016-05-11 17:00:00.000,2016,5,11,17,15008KT,19,09
2016-05-11 18:00:00.000,2016,5,11,18,13008KT,19,09
2016-05-11 19:00:00.000,2016,5,11,19,13010KT,19,10
2016-05-11 20:00:00.000,2016,5,11,20,12009KT,19,10
2016-05-11 21:00:00.000,2016,5,11,21,15007KT,19,09
2016-05-11 22:00:00.000,2016,5,11,22,07006KT,18,09
2016-05-11 23:00:00.000,2016,5,11,23,05007KT,16,10
2016-05-12 00:00:00.000,2016,5,12,0,04004KT,15,10
2016-05-12 01:00:00.000,2016,5,12,1,05004KT,14,10
2016-05-12 02:00:00.000,2016,5,12,2,05006KT,12,10
2016-05-12 03:00:00.000,2016,5,12,3,04003KT,11,09
2016-05-12 04:00:00.000,2016,5,12,4,VRB02KT,11,09
2016-05-12 05:00:00.000,2016,5,12,5,VRB02KT,10,09
2016-05-12 06:00:00.000,2016,5,12,6,03003KT,10,09
2016-05-12 07:00:00.000,2016,5,12,7,03004KT,09,08
2016-05-12 08:00:00.000,2016,5,12,8,05005KT,09,08
2016-05-12 09:00:00.000,2016,5,12,9,04004KT,09,08
2016-05-12 10:00:00.000,2016,5,12,10,05005KT,08,07
2016-05-12 10:30:00.000,2016,5,12,10,03003KT,10,09
2016-05-12 11:00:00.000,2016,5,12,11,VRB02KT,10,09
2016-05-12 12:00:00.000,2016,5,12,12,06007KT,11,10
2016-05-12 13:00:00.000,2016,5,12,13,02005KT,14,11
2016-05-12 14:00:00.000,2016,5,12,14,04010KT,17,11
2016-05-12 15:00:00.000,2016,5,12,15,09006KT,17,10
2016-05-12 16:00:00.000,2016,5,12,16,05008KT,17,10
2016-05-12 17:00:00.000,2016,5,12,17,12006KT,19,09
2016-05-12 18:00:00.000,2016,5,12,18,12012KT,19,08
2016-05-12 19:00:00.000,2016,5,12,19,12008KT,19,09
2016-05-12 20:00:00.000,2016,5,12,20,15012KT,20,09
2016-05-12 21:00:00.000,2016,5,12,21,09007KT,19,08
2016-05-12 22:00:00.000,2016,5,12,22,14008KT,19,08
2016-05-12 23:00:00.000,2016,5,12,23,12008KT,18,09
2016-05-13 00:00:00.000,2016,5,13,0,08005KT,17,09
2016-05-13 01:00:00.000,2016,5,13,1,07003KT,16,09
2016-05-13 02:00:00.000,2016,5,13,2,VRB02KT,13,09
2016-05-13 03:00:00.000,2016,5,13,3,VRB02KT,12,09
2016-05-13 04:00:00.000,2016,5,13,4,VRB02KT,12,09
2016-05-13 05:00:00.000,2016,5,13,5,VRB02KT,12,10
2016-05-13 06:00:00.000,2016,5,13,6,VRB02KT,11,09
2016-05-13 07:00:00.000,2016,5,13,7,VRB02KT,10,08
2016-05-13 08:00:00.000,2016,5,13,8,36004KT,09,08
2016-05-13 09:00:00.000,2016,5,13,9,33003KT,11,10
2016-05-13 10:00:00.000,2016,5,13,10,00000KT,11,09
2016-05-13 10:30:00.000,2016,5,13,10,00000KT,11,10
2016-05-13 11:00:00.000,2016,5,13,11,00000KT,12,10
2016-05-13 12:00:00.000,2016,5,13,12,33004KT,12,11
2016-05-13 13:00:00.000,2016,5,13,13,04006KT,13,11
2016-05-13 14:00:00.000,2016,5,13,14,05006KT,14,12
2016-05-13 14:21:00.000,2016,5,13,14,VRB02KT,14,12
2016-05-13 15:00:00.000,2016,5,13,15,03003KT,14,12
2016-05-13 15:38:00.000,2016,5,13,15,15010KT,14,10
2016-05-13 16:00:00.000,2016,5,13,16,16008KT,14,10
2016-05-13 17:00:00.000,2016,5,13,17,16014KT,13,10
2016-05-13 18:00:00.000,2016,5,13,18,17014KT,13,09
2016-05-13 18:20:00.000,2016,5,13,18,17020KT,13,09
2016-05-13 19:00:00.000,2016,5,13,19,06005KT,13,09
2016-05-13 20:00:00.000,2016,5,13,20,04004KT,15,08
2016-05-13 21:00:00.000,2016,5,13,21,04004KT,15,09
2016-05-13 22:00:00.000,2016,5,13,22,09008KT,15,08
2016-05-13 23:00:00.000,2016,5,13,23,08005KT,15,09
2016-05-14 00:00:00.000,2016,5,14,0,05009KT,14,09
2016-05-14 01:00:00.000,2016,5,14,1,06006KT,13,09
2016-05-14 02:00:00.000,2016,5,14,2,01005KT,12,09
2016-05-14 03:00:00.000,2016,5,14,3,06005KT,11,08
2016-05-14 04:00:00.000,2016,5,14,4,04009KT,12,08
2016-05-14 05:00:00.000,2016,5,14,5,04003KT,11,08
2016-05-14 06:00:00.000,2016,5,14,6,07007KT,12,09
2016-05-14 07:00:00.000,2016,5,14,7,06005KT,10,08
2016-05-14 08:00:00.000,2016,5,14,8,07005KT,11,08
2016-05-14 09:00:00.000,2016,5,14,9,00000KT,11,08
2016-05-14 10:00:00.000,2016,5,14,10,05006KT,11,08
2016-05-14 10:30:00.000,2016,5,14,10,07006KT,11,08
2016-05-14 11:00:00.000,2016,5,14,11,07005KT,11,08
2016-05-14 12:00:00.000,2016,5,14,12,06009KT,12,09
2016-05-14 13:00:00.000,2016,5,14,13,06008KT,14,10
2016-05-14 14:00:00.000,2016,5,14,14,14011KT,17,09
2016-05-14 15:00:00.000,2016,5,14,15,18010KT,17,10
2016-05-14 16:00:00.000,2016,5,14,16,19010KT,16,10
2016-05-14 17:00:00.000,2016,5,14,17,14012KT,17,10
2016-05-14 18:00:00.000,2016,5,14,18,16010KT,18,11
2016-05-14 19:00:00.000,2016,5,14,19,15010KT,19,10
2016-05-14 20:00:00.000,2016,5,14,20,14011KT,19,10
2016-05-14 21:00:00.000,2016,5,14,21,15007KT,19,10
2016-05-14 21:30:00.000,2016,5,14,21,13006KT,18,10
2016-05-14 22:00:00.000,2016,5,14,22,20007KT,17,11
2016-05-14 23:00:00.000,2016,5,14,23,04006KT,15,11
2016-05-15 00:00:00.000,2016,5,15,0,05006KT,14,12
2016-05-15 01:00:00.000,2016,5,15,1,06005KT,14,11
2016-05-15 02:00:00.000,2016,5,15,2,05006KT,13,11
2016-05-15 03:00:00.000,2016,5,15,3,03004KT,12,11
2016-05-15 04:00:00.000,2016,5,15,4,VRB02KT,12,11
2016-05-15 05:00:00.000,2016,5,15,5,04004KT,12,10
2016-05-15 06:00:00.000,2016,5,15,6,VRB02KT,12,10
2016-05-15 07:00:00.000,2016,5,15,7,01003KT,12,10
2016-05-15 08:00:00.000,2016,5,15,8,VRB02KT,12,10
2016-05-15 09:00:00.000,2016,5,15,9,VRB02KT,12,10
2016-05-15 10:00:00.000,2016,5,15,10,VRB02KT,12,11
2016-05-15 10:30:00.000,2016,5,15,10,VRB02KT,11,10
2016-05-15 11:00:00.000,2016,5,15,11,VRB02KT,11,10
2016-05-15 12:00:00.000,2016,5,15,12,VRB02KT,12,11
2016-05-15 13:00:00.000,2016,5,15,13,12003KT,15,10
2016-05-15 14:00:00.000,2016,5,15,14,14010KT,17,09
2016-05-15 15:00:00.000,2016,5,15,15,12010KT,17,09
2016-05-15 16:00:00.000,2016,5,15,16,16013KT,18,09
2016-05-15 16:30:00.000,2016,5,15,16,16015KT,18,09
2016-05-15 17:00:00.000,2016,5,15,17,16012KT,18,10
2016-05-15 18:00:00.000,2016,5,15,18,14012KT,20,10
2016-05-15 19:00:00.000,2016,5,15,19,12010KT,19,10
2016-05-15 20:00:00.000,2016,5,15,20,14014KT,19,09
2016-05-15 21:00:00.000,2016,5,15,21,08008KT,19,08
2016-05-15 22:00:00.000,2016,5,15,22,11007KT,19,09
2016-05-15 23:00:00.000,2016,5,15,23,11007KT,17,09
2016-05-16 00:00:00.000,2016,5,16,0,12006KT,16,09
2016-05-16 01:00:00.000,2016,5,16,1,08004KT,15,10
2016-05-16 02:00:00.000,2016,5,16,2,06005KT,14,10
2016-05-16 03:00:00.000,2016,5,16,3,05006KT,14,10
2016-05-16 04:00:00.000,2016,5,16,4,04007KT,14,10
2016-05-16 05:00:00.000,2016,5,16,5,05004KT,13,10
2016-05-16 06:00:00.000,2016,5,16,6,VRB02KT,12,10
2016-05-16 07:00:00.000,2016,5,16,7,VRB02KT,11,10
2016-05-16 08:00:00.000,2016,5,16,8,VRB02KT,11,10
2016-05-16 09:00:00.000,2016,5,16,9,35003KT,11,10
2016-05-16 10:00:00.000,2016,5,16,10,02003KT,11,10
2016-05-16 10:30:00.000,2016,5,16,10,05005KT,11,10
2016-05-16 11:00:00.000,2016,5,16,11,05007KT,12,11
2016-05-16 12:00:00.000,2016,5,16,12,06004KT,13,11
2016-05-16 13:00:00.000,2016,5,16,13,08006KT,16,10
2016-05-16 14:00:00.000,2016,5,16,14,10010KT,16,09
2016-05-16 15:00:00.000,2016,5,16,15,13012KT,17,09
2016-05-16 16:00:00.000,2016,5,16,16,13011KT,19,10
2016-05-16 17:00:00.000,2016,5,16,17,13013KT,19,09
2016-05-16 18:00:00.000,2016,5,16,18,07008KT,19,09
2016-05-16 19:00:00.000,2016,5,16,19,15016KT,20,09
2016-05-16 20:00:00.000,2016,5,16,20,13015KT,19,11
2016-05-16 21:00:00.000,2016,5,16,21,16012KT,20,09
2016-05-16 22:00:00.000,2016,5,16,22,15007KT,19,09
2016-05-16 23:00:00.000,2016,5,16,23,13010KT,18,09
2016-05-17 00:00:00.000,2016,5,17,0,10006KT,17,09
2016-05-17 01:00:00.000,2016,5,17,1,06005KT,15,11
2016-05-17 02:00:00.000,2016,5,17,2,11010KT,16,08
2016-05-17 03:00:00.000,2016,5,17,3,07004KT,16,08
2016-05-17 04:00:00.000,2016,5,17,4,04005KT,14,09
2016-05-17 05:00:00.000,2016,5,17,5,06005KT,15,09
2016-05-17 06:00:00.000,2016,5,17,6,VRB02KT,13,10
2016-05-17 07:00:00.000,2016,5,17,7,VRB02KT,13,10
2016-05-17 08:00:00.000,2016,5,17,8,VRB02KT,13,10
2016-05-17 09:00:00.000,2016,5,17,9,02005KT,13,10
2016-05-17 09:30:00.000,2016,5,17,9,04007KT,12,10
2016-05-17 10:00:00.000,2016,5,17,10,03005KT,12,11
2016-05-17 10:05:00.000,2016,5,17,10,04005KT,12,11
2016-05-17 10:10:00.000,2016,5,17,10,05005KT,12,11
2016-05-17 10:30:00.000,2016,5,17,10,03005KT,11,10
2016-05-17 11:00:00.000,2016,5,17,11,VRB02KT,11,10
2016-05-17 12:00:00.000,2016,5,17,12,06006KT,12,11
2016-05-17 13:00:00.000,2016,5,17,13,04006KT,13,12
2016-05-17 14:00:00.000,2016,5,17,14,09004KT,16,11
2016-05-17 15:00:00.000,2016,5,17,15,14012KT,19,09
2016-05-17 16:00:00.000,2016,5,17,16,12013KT,18,08
2016-05-17 17:00:00.000,2016,5,17,17,15012KT,19,08
2016-05-17 18:00:00.000,2016,5,17,18,13007KT,19,08
2016-05-17 18:14:00.000,2016,5,17,18,14012KT,21,08
2016-05-17 19:00:00.000,2016,5,17,19,15005KT,21,07
2016-05-17 20:00:00.000,2016,5,17,20,06008KT,21,09
2016-05-17 21:00:00.000,2016,5,17,21,06010KT,19,09
2016-05-17 21:06:00.000,2016,5,17,21,06017KT,18,10
2016-05-17 21:36:00.000,2016,5,17,21,04007KT,16,12
2016-05-17 22:00:00.000,2016,5,17,22,06012KT,16,10
2016-05-17 23:00:00.000,2016,5,17,23,05009KT,16,10
2016-05-18 00:00:00.000,2016,5,18,0,05006KT,15,10
2016-05-18 01:00:00.000,2016,5,18,1,07005KT,15,09
2016-05-18 02:00:00.000,2016,5,18,2,03007KT,15,10
2016-05-18 03:00:00.000,2016,5,18,3,06005KT,15,10
2016-05-18 04:00:00.000,2016,5,18,4,07006KT,14,10
2016-05-18 05:00:00.000,2016,5,18,5,09003KT,14,10
2016-05-18 06:00:00.000,2016,5,18,6,34003KT,13,11
2016-05-18 07:00:00.000,2016,5,18,7,VRB02KT,12,10
2016-05-18 08:00:00.000,2016,5,18,8,VRB02KT,12,09
2016-05-18 09:00:00.000,2016,5,18,9,VRB02KT,12,10
2016-05-18 10:00:00.000,2016,5,18,10,VRB02KT,11,09
2016-05-18 10:30:00.000,2016,5,18,10,VRB02KT,12,09
2016-05-18 11:00:00.000,2016,5,18,11,VRB02KT,13,10
2016-05-18 12:00:00.000,2016,5,18,12,34003KT,13,11
2016-05-18 13:32:00.000,2016,5,18,13,05008KT,13,11
2016-05-18 14:00:00.000,2016,5,18,14,04006KT,14,11
2016-05-18 14:40:00.000,2016,5,18,14,06003KT,15,11
2016-05-18 15:00:00.000,2016,5,18,15,06003KT,15,11
2016-05-18 15:15:00.000,2016,5,18,15,VRB02KT,15,10
2016-05-18 16:00:00.000,2016,5,18,16,VRB02KT,15,12
2016-05-18 17:00:00.000,2016,5,18,17,04009KT,16,11
2016-05-18 18:00:00.000,2016,5,18,18,07004KT,19,11
2016-05-18 19:00:00.000,2016,5,18,19,16010KT,19,10
2016-05-18 20:00:00.000,2016,5,18,20,15005KT,20,09
2016-05-18 21:00:00.000,2016,5,18,21,14005KT,20,08
2016-05-18 21:45:00.000,2016,5,18,21,32008KT,15,13
2016-05-18 22:00:00.000,2016,5,18,22,31007KT,15,13
2016-05-18 22:15:00.000,2016,5,18,22,27007KT,15,13
2016-05-18 23:00:00.000,2016,5,18,23,24007KT,14,12
2016-05-18 23:30:00.000,2016,5,18,23,29003KT,14,12
2016-05-19 00:00:00.000,2016,5,19,0,32003KT,14,12
2016-05-19 00:36:00.000,2016,5,19,0,34004KT,13,12
2016-05-19 01:00:00.000,2016,5,19,1,31003KT,13,12
2016-05-19 02:00:00.000,2016,5,19,2,VRB02KT,13,12
2016-05-19 03:00:00.000,2016,5,19,3,VRB02KT,13,12
2016-05-19 04:00:00.000,2016,5,19,4,VRB02KT,13,12
2016-05-19 05:00:00.000,2016,5,19,5,20003KT,13,12
2016-05-19 06:00:00.000,2016,5,19,6,VRB02KT,13,12
2016-05-19 07:00:00.000,2016,5,19,7,VRB02KT,13,11
2016-05-19 08:00:00.000,2016,5,19,8,03005KT,13,11
2016-05-19 08:30:00.000,2016,5,19,8,03003KT,12,11
2016-05-19 09:00:00.000,2016,5,19,9,VRB02KT,12,11
2016-05-19 10:00:00.000,2016,5,19,10,03003KT,12,11
2016-05-19 10:30:00.000,2016,5,19,10,07003KT,12,12
2016-05-19 11:00:00.000,2016,5,19,11,05004KT,13,12
2016-05-19 12:00:00.000,2016,5,19,12,04008KT,13,12
2016-05-19 13:00:00.000,2016,5,19,13,07005KT,14,12
2016-05-19 14:00:00.000,2016,5,19,14,05009KT,15,11
2016-05-19 15:00:00.000,2016,5,19,15,07009KT,16,11
2016-05-19 16:00:00.000,2016,5,19,16,07007KT,17,11
2016-05-19 17:00:00.000,2016,5,19,17,12010KT,18,09
2016-05-19 18:00:00.000,2016,5,19,18,16010KT,18,09
2016-05-19 19:00:00.000,2016,5,19,19,13008KT,18,09
2016-05-19 19:30:00.000,2016,5,19,19,15009KT,17,10
2016-05-19 20:00:00.000,2016,5,19,20,16007KT,18,10
2016-05-19 21:00:00.000,2016,5,19,21,07012KT,18,10
2016-05-19 22:00:00.000,2016,5,19,22,VRB02KT,18,10
2016-05-19 23:00:00.000,2016,5,19,23,11005KT,17,10
2016-05-20 00:00:00.000,2016,5,20,0,07005KT,15,11
2016-05-20 01:00:00.000,2016,5,20,1,05006KT,13,09
2016-05-20 02:00:00.000,2016,5,20,2,05006KT,14,06
2016-05-20 03:00:00.000,2016,5,20,3,05005KT,13,09
2016-05-20 04:00:00.000,2016,5,20,4,06005KT,11,09
2016-05-20 05:00:00.000,2016,5,20,5,06006KT,11,09
2016-05-20 06:00:00.000,2016,5,20,6,06006KT,11,09
2016-05-20 07:00:00.000,2016,5,20,7,VRB02KT,10,09
2016-05-20 08:00:00.000,2016,5,20,8,VRB02KT,12,09
2016-05-20 09:00:00.000,2016,5,20,9,04006KT,11,10
2016-05-20 10:00:00.000,2016,5,20,10,05006KT,11,10
2016-05-20 10:30:00.000,2016,5,20,10,04007KT,12,10
2016-05-20 11:00:00.000,2016,5,20,11,04007KT,12,10
2016-05-20 12:00:00.000,2016,5,20,12,05007KT,13,10
2016-05-20 13:00:00.000,2016,5,20,13,05009KT,15,11
2016-05-20 14:00:00.000,2016,5,20,14,08007KT,17,10
2016-05-20 15:00:00.000,2016,5,20,15,08006KT,17,11
2016-05-20 16:00:00.000,2016,5,20,16,08012KT,18,09
2016-05-20 17:00:00.000,2016,5,20,17,14010KT,17,11
2016-05-20 18:00:00.000,2016,5,20,18,14013KT,18,10
2016-05-20 19:00:00.000,2016,5,20,19,12012KT,19,10
2016-05-20 20:00:00.000,2016,5,20,20,13012KT,19,09
2016-05-20 21:00:00.000,2016,5,20,21,12008KT,19,09
2016-05-20 22:00:00.000,2016,5,20,22,13006KT,19,09
2016-05-20 23:00:00.000,2016,5,20,23,06006KT,18,13
2016-05-21 00:00:00.000,2016,5,21,0,07006KT,17,10
2016-05-21 01:00:00.000,2016,5,21,1,VRB02KT,14,10
2016-05-21 02:00:00.000,2016,5,21,2,05005KT,14,11
2016-05-21 03:00:00.000,2016,5,21,3,02004KT,13,10
2016-05-21 04:00:00.000,2016,5,21,4,03003KT,12,10
2016-05-21 05:00:00.000,2016,5,21,5,34003KT,13,10
2016-05-21 06:00:00.000,2016,5,21,6,VRB02KT,13,11
2016-05-21 07:00:00.000,2016,5,21,7,01003KT,13,10
2016-05-21 08:00:00.000,2016,5,21,8,06005KT,13,11
2016-05-21 09:00:00.000,2016,5,21,9,05006KT,13,11
2016-05-21 10:00:00.000,2016,5,21,10,06008KT,13,11
2016-05-21 10:30:00.000,2016,5,21,10,VRB02KT,12,10
2016-05-21 11:00:00.000,2016,5,21,11,VRB02KT,12,10
2016-05-21 12:00:00.000,2016,5,21,12,05005KT,13,11
2016-05-21 13:00:00.000,2016,5,21,13,04008KT,16,11
2016-05-21 14:00:00.000,2016,5,21,14,13014KT,18,09
2016-05-21 15:00:00.000,2016,5,21,15,11012KT,19,08
2016-05-21 16:00:00.000,2016,5,21,16,13012KT,19,09
2016-05-21 17:00:00.000,2016,5,21,17,15016KT,19,08
2016-05-21 18:00:00.000,2016,5,21,18,12014KT,21,09
2016-05-21 19:00:00.000,2016,5,21,19,12010KT,20,09
2016-05-21 20:00:00.000,2016,5,21,20,15010KT,20,09
2016-05-21 22:00:00.000,2016,5,21,22,13006KT,20,09
2016-05-21 23:00:00.000,2016,5,21,23,13006KT,18,10
2016-05-22 00:00:00.000,2016,5,22,0,14010KT,17,11
2016-05-22 01:00:00.000,2016,5,22,1,13008KT,16,10
2016-05-22 02:00:00.000,2016,5,22,2,05006KT,15,10
2016-05-22 03:00:00.000,2016,5,22,3,04007KT,13,10
2016-05-22 04:00:00.000,2016,5,22,4,04005KT,12,10
2016-05-22 05:00:00.000,2016,5,22,5,05005KT,12,10
2016-05-22 06:00:00.000,2016,5,22,6,05005KT,12,10
2016-05-22 07:00:00.000,2016,5,22,7,06008KT,12,10
2016-05-22 08:00:00.000,2016,5,22,8,04005KT,12,10
2016-05-22 09:00:00.000,2016,5,22,9,06004KT,13,10
2016-05-22 10:00:00.000,2016,5,22,10,01006KT,12,10
2016-05-22 10:30:00.000,2016,5,22,10,07009KT,13,10
2016-05-22 11:00:00.000,2016,5,22,11,07010KT,13,10
2016-05-22 12:00:00.000,2016,5,22,12,07005KT,15,09
2016-05-22 13:00:00.000,2016,5,22,13,08007KT,17,08
2016-05-22 14:00:00.000,2016,5,22,14,12012KT,19,08
2016-05-22 15:00:00.000,2016,5,22,15,09007KT,18,08
2016-05-22 16:00:00.000,2016,5,22,16,15010KT,19,08
2016-05-22 17:00:00.000,2016,5,22,17,13008KT,20,08
2016-05-22 18:00:00.000,2016,5,22,18,16012KT,20,08
2016-05-22 19:00:00.000,2016,5,22,19,13006KT,20,10
2016-05-22 20:00:00.000,2016,5,22,20,16012KT,20,08
2016-05-22 21:00:00.000,2016,5,22,21,16009KT,21,09
2016-05-22 22:00:00.000,2016,5,22,22,15012KT,19,08
2016-05-22 23:00:00.000,2016,5,22,23,14010KT,18,08
2016-05-23 00:00:00.000,2016,5,23,0,14011KT,16,09
2016-05-23 01:00:00.000,2016,5,23,1,10006KT,16,10
2016-05-23 02:00:00.000,2016,5,23,2,VRB02KT,16,10
2016-05-23 03:00:00.000,2016,5,23,3,14004KT,16,09
2016-05-23 04:00:00.000,2016,5,23,4,06006KT,15,09
2016-05-23 05:00:00.000,2016,5,23,5,03006KT,14,10
2016-05-23 06:00:00.000,2016,5,23,6,VRB02KT,12,10
2016-05-23 07:00:00.000,2016,5,23,7,06006KT,13,10
2016-05-23 08:00:00.000,2016,5,23,8,02003KT,12,10
2016-05-23 09:00:00.000,2016,5,23,9,VRB02KT,12,10
2016-05-23 10:00:00.000,2016,5,23,10,00000KT,11,09
2016-05-23 10:30:00.000,2016,5,23,10,VRB02KT,12,10
2016-05-23 11:00:00.000,2016,5,23,11,34003KT,12,11
2016-05-23 12:00:00.000,2016,5,23,12,02004KT,12,11
2016-05-23 13:00:00.000,2016,5,23,13,12010KT,17,11
2016-05-23 14:00:00.000,2016,5,23,14,11006KT,16,10
2016-05-23 15:00:00.000,2016,5,23,15,15008KT,18,11
2016-05-23 16:00:00.000,2016,5,23,16,12012KT,19,09
2016-05-23 17:00:00.000,2016,5,23,17,18016KT,18,10
2016-05-23 18:00:00.000,2016,5,23,18,16313KT,18,09
2016-05-23 19:00:00.000,2016,5,23,19,13008KT,19,10
2016-05-23 20:00:00.000,2016,5,23,20,14007KT,19,09
2016-05-23 21:00:00.000,2016,5,23,21,11008KT,21,09
2016-05-23 22:00:00.000,2016,5,23,22,10008KT,20,08
2016-05-23 23:00:00.000,2016,5,23,23,08006KT,18,09
2016-05-24 00:00:00.000,2016,5,24,0,14009KT,17,09
2016-05-24 01:00:00.000,2016,5,24,1,14006KT,15,08
2016-05-24 02:00:00.000,2016,5,24,2,33003KT,15,09
2016-05-24 03:00:00.000,2016,5,24,3,35004KT,14,10
2016-05-24 03:30:00.000,2016,5,24,3,VRB02KT,14,10
2016-05-24 04:00:00.000,2016,5,24,4,18005KT,14,11
2016-05-24 05:00:00.000,2016,5,24,5,06004KT,13,11
2016-05-24 06:00:00.000,2016,5,24,6,05007KT,12,11
2016-05-24 07:00:00.000,2016,5,24,7,06005KT,12,11
2016-05-24 08:00:00.000,2016,5,24,8,07004KT,12,11
2016-05-24 09:00:00.000,2016,5,24,9,08004KT,12,10
2016-05-24 10:00:00.000,2016,5,24,10,08004KT,12,10
2016-05-24 10:30:00.000,2016,5,24,10,07005KT,12,10
2016-05-24 11:00:00.000,2016,5,24,11,06008KT,12,10
2016-05-24 12:00:00.000,2016,5,24,12,35004KT,13,10
2016-05-24 13:00:00.000,2016,5,24,13,04006KT,15,11
2016-05-24 14:00:00.000,2016,5,24,14,08006KT,17,11
2016-05-24 15:00:00.000,2016,5,24,15,11008KT,18,10
2016-05-24 16:00:00.000,2016,5,24,16,12010KT,19,09
2016-05-24 17:00:00.000,2016,5,24,17,12009KT,20,10
2016-05-24 18:00:00.000,2016,5,24,18,11008KT,19,09
2016-05-24 19:00:00.000,2016,5,24,19,13010KT,20,10
2016-05-24 20:00:00.000,2016,5,24,20,12012KT,19,10
2016-05-24 21:00:00.000,2016,5,24,21,14010KT,19,10
2016-05-24 22:00:00.000,2016,5,24,22,19014KT,17,11
2016-05-24 22:17:00.000,2016,5,24,22,16006KT,16,12
2016-05-24 23:00:00.000,2016,5,24,23,16006KT,16,11
2016-05-25 00:00:00.000,2016,5,25,0,02005KT,15,12
2016-05-25 01:00:00.000,2016,5,25,1,07005KT,16,11
2016-05-25 02:00:00.000,2016,5,25,2,35004KT,14,10
2016-05-25 03:00:00.000,2016,5,25,3,VRB02KT,13,11
2016-05-25 04:00:00.000,2016,5,25,4,VRB02KT,11,10
2016-05-25 05:00:00.000,2016,5,25,5,VRB02KT,11,10
2016-05-25 06:00:00.000,2016,5,25,6,VRB02KT,09,08
2016-05-25 07:00:00.000,2016,5,25,7,34003KT,11,11
2016-05-25 08:00:00.000,2016,5,25,8,VRB02KT,11,10
2016-05-25 09:00:00.000,2016,5,25,9,05006KT,10,09
2016-05-25 10:00:00.000,2016,5,25,10,VRB02KT,10,09
2016-05-25 10:30:00.000,2016,5,25,10,VRB02KT,10,09
2016-05-25 11:00:00.000,2016,5,25,11,VRB02KT,10,10
2016-05-25 11:00:00.000,2016,5,25,11,VRB02KT,10,09
2016-05-25 12:00:00.000,2016,5,25,12,VRB02KT,12,10
2016-05-25 13:00:00.000,2016,5,25,13,01006KT,14,12
2016-05-25 14:00:00.000,2016,5,25,14,06006KT,17,11
2016-05-25 15:00:00.000,2016,5,25,15,08008KT,18,10
2016-05-25 16:00:00.000,2016,5,25,16,17012KT,19,10
2016-05-25 17:00:00.000,2016,5,25,17,16008KT,19,10
2016-05-25 18:00:00.000,2016,5,25,18,21005KT,19,09
2016-05-25 19:00:00.000,2016,5,25,19,32008KT,18,12
2016-05-25 20:00:00.000,2016,5,25,20,36004KT,16,13
2016-05-25 20:06:00.000,2016,5,25,20,34004KT,16,13
2016-05-25 20:12:00.000,2016,5,25,20,27005KT,16,13
2016-05-25 21:00:00.000,2016,5,25,21,27003KT,16,13
2016-05-25 22:00:00.000,2016,5,25,22,04005KT,16,14
2016-05-25 23:00:00.000,2016,5,25,23,36003KT,16,13
2016-05-26 00:00:00.000,2016,5,26,0,32003KT,15,13
2016-05-26 01:00:00.000,2016,5,26,1,06004KT,14,12
2016-05-26 02:00:00.000,2016,5,26,2,05005KT,13,11
2016-05-26 03:00:00.000,2016,5,26,3,34003KT,14,11
2016-05-26 04:00:00.000,2016,5,26,4,32003KT,14,12
2016-05-26 05:00:00.000,2016,5,26,5,VRB02KT,14,12
2016-05-26 06:00:00.000,2016,5,26,6,VRB02KT,13,12
2016-05-26 07:00:00.000,2016,5,26,7,09003KT,13,12
2016-05-26 08:00:00.000,2016,5,26,8,15003KT,12,11
2016-05-26 09:00:00.000,2016,5,26,9,06003KT,12,11
2016-05-26 10:00:00.000,2016,5,26,10,03004KT,12,11
2016-05-26 10:30:00.000,2016,5,26,10,04006KT,12,11
2016-05-26 11:00:00.000,2016,5,26,11,03005KT,12,11
2016-05-26 12:00:00.000,2016,5,26,12,04004KT,12,11
2016-05-26 13:00:00.000,2016,5,26,13,04006KT,13,12
2016-05-26 14:00:00.000,2016,5,26,14,05004KT,13,12
2016-05-26 15:00:00.000,2016,5,26,15,05004KT,13,12
2016-05-26 16:00:00.000,2016,5,26,16,02005KT,13,12
2016-05-26 17:00:00.000,2016,5,26,17,VRB02KT,13,11
2016-05-26 18:00:00.000,2016,5,26,18,VRB02KT,14,12
2016-05-26 19:00:00.000,2016,5,26,19,05004KT,15,11
2016-05-26 20:00:00.000,2016,5,26,20,05006KT,16,12
2016-05-26 21:00:00.000,2016,5,26,21,31004KT,17,11
2016-05-26 22:00:00.000,2016,5,26,22,03005KT,17,10
2016-05-26 23:00:00.000,2016,5,26,23,VRB02KT,16,11
2016-05-27 00:00:00.000,2016,5,27,0,06003KT,15,11
2016-05-27 01:00:00.000,2016,5,27,1,06006KT,14,11
2016-05-27 02:00:00.000,2016,5,27,2,04005KT,13,11
2016-05-27 03:00:00.000,2016,5,27,3,04004KT,13,11
2016-05-27 04:00:00.000,2016,5,27,4,08004KT,13,11
2016-05-27 05:00:00.000,2016,5,27,5,29003KT,12,11
2016-05-27 06:00:00.000,2016,5,27,6,VRB02KT,12,11
2016-05-27 07:00:00.000,2016,5,27,7,33004KT,12,11
2016-05-27 08:00:00.000,2016,5,27,8,26003KT,11,10
2016-05-27 09:00:00.000,2016,5,27,9,VRB02KT,12,11
2016-05-27 10:00:00.000,2016,5,27,10,VRB02KT,10,10
2016-05-27 10:30:00.000,2016,5,27,10,VRB02KT,10,09
2016-05-27 11:00:00.000,2016,5,27,11,30003KT,10,09
2016-05-27 11:16:00.000,2016,5,27,11,02003KT,09,08
2016-05-27 11:30:00.000,2016,5,27,11,06003KT,10,09
2016-05-27 12:00:00.000,2016,5,27,12,06005KT,12,11
2016-05-27 13:00:00.000,2016,5,27,13,06003KT,15,12
2016-05-27 14:00:00.000,2016,5,27,14,15005KT,18,10
2016-05-27 15:00:00.000,2016,5,27,15,18006KT,18,09
2016-05-27 16:00:00.000,2016,5,27,16,11007KT,21,10
2016-05-27 17:00:00.000,2016,5,27,17,16007KT,20,09
2016-05-27 18:00:00.000,2016,5,27,18,18012KT,21,08
2016-05-27 19:00:00.000,2016,5,27,19,23012KT,20,13
2016-05-27 20:00:00.000,2016,5,27,20,30005KT,21,12
2016-05-27 21:00:00.000,2016,5,27,21,27008KT,18,11
2016-05-27 22:00:00.000,2016,5,27,22,26007KT,18,12
2016-05-27 23:00:00.000,2016,5,27,23,27008KT,17,11
2016-05-28 00:00:00.000,2016,5,28,0,03003KT,14,11
2016-05-28 01:00:00.000,2016,5,28,1,05006KT,14,12
2016-05-28 02:00:00.000,2016,5,28,2,01003KT,14,12
2016-05-28 03:00:00.000,2016,5,28,3,03005KT,13,11
2016-05-28 04:00:00.000,2016,5,28,4,03004KT,13,11
2016-05-28 05:00:00.000,2016,5,28,5,05005KT,13,11
2016-05-28 06:00:00.000,2016,5,28,6,03005KT,13,11
2016-05-28 07:00:00.000,2016,5,28,7,04004KT,13,11
2016-05-28 08:00:00.000,2016,5,28,8,06006KT,12,11
2016-05-28 09:00:00.000,2016,5,28,9,06005KT,13,12
2016-05-28 10:00:00.000,2016,5,28,10,VRB02KT,13,12
2016-05-28 10:30:00.000,2016,5,28,10,VRB02KT,13,12
2016-05-28 11:00:00.000,2016,5,28,11,VRB02KT,13,12
2016-05-28 12:00:00.000,2016,5,28,12,02006KT,13,12
2016-05-28 13:00:00.000,2016,5,28,13,03004KT,14,12
2016-05-28 14:00:00.000,2016,5,28,14,08007KT,16,09
2016-05-28 15:00:00.000,2016,5,28,15,16008KT,16,09
2016-05-28 16:00:00.000,2016,5,28,16,03006KT,17,09
2016-05-28 17:00:00.000,2016,5,28,17,36005KT,17,09
2016-05-28 18:00:00.000,2016,5,28,18,19004KT,18,10
2016-05-28 19:00:00.000,2016,5,28,19,13007KT,18,09
2016-05-28 20:00:00.000,2016,5,28,20,12008KT,18,10
2016-05-28 21:00:00.000,2016,5,28,21,06005KT,18,10
2016-05-28 22:00:00.000,2016,5,28,22,06010KT,17,11
2016-05-28 23:00:00.000,2016,5,28,23,09008KT,17,09
2016-05-29 00:00:00.000,2016,5,29,0,15003KT,15,10
2016-05-29 01:00:00.000,2016,5,29,1,08005KT,15,10
2016-05-29 01:15:00.000,2016,5,29,1,10006KT,15,10
2016-05-29 02:00:00.000,2016,5,29,2,10004KT,14,11
2016-05-29 03:00:00.000,2016,5,29,3,05005KT,13,12
2016-05-29 03:30:00.000,2016,5,29,3,05006KT,13,12
2016-05-29 04:00:00.000,2016,5,29,4,04005KT,13,12
2016-05-29 05:00:00.000,2016,5,29,5,06008KT,12,11
2016-05-29 06:00:00.000,2016,5,29,6,03006KT,12,10
2016-05-29 07:00:00.000,2016,5,29,7,06006KT,12,10
2016-05-29 08:00:00.000,2016,5,29,8,02005KT,12,10
2016-05-29 09:00:00.000,2016,5,29,9,04006KT,12,10
2016-05-29 10:00:00.000,2016,5,29,10,03004KT,11,10
2016-05-29 10:30:00.000,2016,5,29,10,03004KT,12,10
2016-05-29 11:00:00.000,2016,5,29,11,03005KT,11,10
2016-05-29 12:00:00.000,2016,5,29,12,VRB02KT,12,10
2016-05-29 13:00:00.000,2016,5,29,13,04003KT,13,11
2016-05-29 14:00:00.000,2016,5,29,14,VRB02KT,15,12
2016-05-29 15:00:00.000,2016,5,29,15,26003KT,15,10
2016-05-29 16:00:00.000,2016,5,29,16,17007KT,17,10
2016-05-29 17:00:00.000,2016,5,29,17,18003KT,17,09
2016-05-29 18:00:00.000,2016,5,29,18,12005KT,18,09
2016-05-29 19:00:00.000,2016,5,29,19,VRB02KT,18,10
2016-05-29 20:00:00.000,2016,5,29,20,VRB02KT,17,11
2016-05-29 21:00:00.000,2016,5,29,21,28007KT,17,12
2016-05-29 22:00:00.000,2016,5,29,22,29005KT,17,11
2016-05-29 23:00:00.000,2016,5,29,23,29006KT,16,10
2016-05-30 00:00:00.000,2016,5,30,0,29004KT,15,09
2016-05-30 01:00:00.000,2016,5,30,1,35004KT,14,10
2016-05-30 02:00:00.000,2016,5,30,2,35004KT,14,11
2016-05-30 03:00:00.000,2016,5,30,3,VRB02KT,13,10
2016-05-30 04:00:00.000,2016,5,30,4,36004KT,12,11
2016-05-30 05:00:00.000,2016,5,30,5,35004KT,12,10
2016-05-30 06:00:00.000,2016,5,30,6,06006KT,13,11
2016-05-30 07:00:00.000,2016,5,30,7,VRB02KT,13,11
2016-05-30 08:00:00.000,2016,5,30,8,VRB02KT,11,10
2016-05-30 09:00:00.000,2016,5,30,9,VRB02KT,11,10
2016-05-30 10:00:00.000,2016,5,30,10,VRB02KT,10,09
2016-05-30 10:30:00.000,2016,5,30,10,VRB02KT,10,09
2016-05-30 11:00:00.000,2016,5,30,11,01004KT,10,10
2016-05-30 11:40:00.000,2016,5,30,11,VRB02KT,12,11
2016-05-30 12:00:00.000,2016,5,30,12,VRB02KT,14,11
2016-05-30 13:00:00.000,2016,5,30,13,06003KT,16,11
2016-05-30 14:00:00.000,2016,5,30,14,05004KT,19,10
2016-05-30 15:00:00.000,2016,5,30,15,VRB02KT,19,10
2016-05-30 16:00:00.000,2016,5,30,16,BRV02KT,20,10
2016-05-30 17:00:00.000,2016,5,30,17,VRB02KT,21,11
2016-05-30 18:00:00.000,2016,5,30,18,19005KT,22,10
2016-05-30 19:00:00.000,2016,5,30,19,24012KT,20,13
2016-05-30 19:10:00.000,2016,5,30,19,23012KT,19,13
2016-05-30 19:35:00.000,2016,5,30,19,28012KT,18,13
2016-05-30 20:00:00.000,2016,5,30,20,28010KT,16,13
2016-05-30 21:00:00.000,2016,5,30,21,26010KT,16,14
2016-05-30 22:00:00.000,2016,5,30,22,28006KT,15,13
2016-05-30 23:00:00.000,2016,5,30,23,33005KT,15,13
2016-05-31 00:00:00.000,2016,5,31,0,02007KT,12,10
2016-05-31 01:00:00.000,2016,5,31,1,33004KT,12,10
2016-05-31 02:00:00.000,2016,5,31,2,06005KT,12,11
2016-05-31 03:00:00.000,2016,5,31,3,03005KT,12,11
2016-05-31 04:00:00.000,2016,5,31,4,VRB02KT,12,11
2016-05-31 05:00:00.000,2016,5,31,5,VRB02KT,12,11
2016-05-31 06:00:00.000,2016,5,31,6,VRB02KT,11,10
2016-05-31 07:00:00.000,2016,5,31,7,VRB02KT,10,09
2016-05-31 08:00:00.000,2016,5,31,8,06004KT,10,10
2016-05-31 09:00:00.000,2016,5,31,9,05003KT,10,10
2016-05-31 10:00:00.000,2016,5,31,10,03003KT,11,10
2016-05-31 10:30:00.000,2016,5,31,10,VRB02KT,11,10
2016-05-31 11:00:00.000,2016,5,31,11,VRB02KT,11,10
2016-05-31 11:00:00.000,2016,5,31,11,VRB02KT,11,10
2016-05-31 12:00:00.000,2016,5,31,12,04003KT,11,11
2016-05-31 13:00:00.000,2016,5,31,13,04004KT,13,11
2016-05-31 14:00:00.000,2016,5,31,14,04007KT,14,11
2016-05-31 15:00:00.000,2016,5,31,15,04010KT,16,11
2016-05-31 16:00:00.000,2016,5,31,16,06007KT,17,10
2016-05-31 17:00:00.000,2016,5,31,17,09008KT,19,11
2016-05-31 18:00:00.000,2016,5,31,18,05010KT,19,10
2016-05-31 19:00:00.000,2016,5,31,19,05004KT,18,09
2016-05-31 19:01:00.000,2016,5,31,19,08003KT,18,09
2016-05-31 20:00:00.000,2016,5,31,20,28003KT,18,11
2016-05-31 21:00:00.000,2016,5,31,21,03007KT,18,10
2016-05-31 22:00:00.000,2016,5,31,22,36003KT,17,10
2016-05-31 23:00:00.000,2016,5,31,23,09007KT,17,10
2016-06-01 00:00:00.000,2016,6,1,0,VRB02KT,15,11
2016-06-01 01:00:00.000,2016,6,1,1,06004KT,14,12
2016-06-01 02:00:00.000,2016,6,1,2,03005KT,13,11
2016-06-01 03:00:00.000,2016,6,1,3,VRB02KT,13,11
2016-06-01 04:00:00.000,2016,6,1,4,02004KT,12,10
2016-06-01 05:00:00.000,2016,6,1,5,04003KT,12,10
2016-06-01 06:00:00.000,2016,6,1,6,32003KT,12,10
2016-06-01 07:00:00.000,2016,6,1,7,VRB02KT,10,09
2016-06-01 08:00:00.000,2016,6,1,8,03004KT,09,08
2016-06-01 09:00:00.000,2016,6,1,9,05003KT,10,10
2016-06-01 10:00:00.000,2016,6,1,10,05004KT,10,10
2016-06-01 10:30:00.000,2016,6,1,10,05004KT,10,10
2016-06-01 11:00:00.000,2016,6,1,11,VRB02KT,10,10
2016-06-01 12:00:00.000,2016,6,1,12,36003KT,12,10
2016-06-01 13:00:00.000,2016,6,1,13,03005KT,15,10
2016-06-01 13:39:00.000,2016,6,1,13,10010KT,18,10
2016-06-01 14:00:00.000,2016,6,1,14,10009KT,18,10
2016-06-01 15:00:00.000,2016,6,1,15,10010KT,19,10
2016-06-01 16:00:00.000,2016,6,1,16,13010KT,18,10
2016-06-01 17:00:00.000,2016,6,1,17,13008KT,18,09
2016-06-01 18:00:00.000,2016,6,1,18,18014KT,18,08
2016-06-01 19:00:00.000,2016,6,1,19,16012KT,19,08
2016-06-01 20:00:00.000,2016,6,1,20,15012KT,19,08
2016-06-01 21:00:00.000,2016,6,1,21,18014KT,18,08
2016-06-01 22:00:00.000,2016,6,1,22,15006KT,17,08
2016-06-01 23:00:00.000,2016,6,1,23,12006KT,16,09
2016-06-02 00:00:00.000,2016,6,2,0,09004KT,15,09
2016-06-02 01:00:00.000,2016,6,2,1,12004KT,15,09
2016-06-02 02:00:00.000,2016,6,2,2,32003KT,12,09
2016-06-02 03:00:00.000,2016,6,2,3,04004KT,12,09
2016-06-02 04:00:00.000,2016,6,2,4,04004KT,11,09
2016-06-02 05:00:00.000,2016,6,2,5,05004KT,11,10
2016-06-02 06:00:00.000,2016,6,2,6,VRB02KT,12,10
2016-06-02 07:00:00.000,2016,6,2,7,06003KT,12,10
2016-06-02 08:00:00.000,2016,6,2,8,03004KT,12,10
2016-06-02 09:00:00.000,2016,6,2,9,04005KT,12,10
2016-06-02 10:00:00.000,2016,6,2,10,36003KT,12,10
2016-06-02 10:30:00.000,2016,6,2,10,04005KT,12,10
2016-06-02 11:00:00.000,2016,6,2,11,03004KT,12,10
2016-06-02 12:00:00.000,2016,6,2,12,05006KT,13,11
2016-06-02 13:00:00.000,2016,6,2,13,05004KT,14,10
2016-06-02 14:00:00.000,2016,6,2,14,VRB02KT,14,10
2016-06-02 15:00:00.000,2016,6,2,15,23003KT,16,09
2016-06-02 16:00:00.000,2016,6,2,16,32004KT,15,10
2016-06-02 16:15:00.000,2016,6,2,16,11005KT,16,10
2016-06-02 16:20:00.000,2016,6,2,16,09003KT,16,10
2016-06-02 17:00:00.000,2016,6,2,17,14011KT,18,08
2016-06-02 18:00:00.000,2016,6,2,18,11006KT,17,08
2016-06-02 18:33:00.000,2016,6,2,18,10008KT,18,09
2016-06-02 19:00:00.000,2016,6,2,19,13008KT,17,09
2016-06-02 20:00:00.000,2016,6,2,20,13006KT,16,10
2016-06-02 21:00:00.000,2016,6,2,21,15012KT,17,10
2016-06-02 22:00:00.000,2016,6,2,22,12008KT,17,09
2016-06-02 23:00:00.000,2016,6,2,23,13008KT,16,08
2016-06-03 00:00:00.000,2016,6,3,0,06005KT,14,09
2016-06-03 01:00:00.000,2016,6,3,1,06007KT,12,09
2016-06-03 02:00:00.000,2016,6,3,2,06003KT,12,08
2016-06-03 03:00:00.000,2016,6,3,3,05005KT,11,08
2016-06-03 04:00:00.000,2016,6,3,4,05005KT,11,08
2016-06-03 05:00:00.000,2016,6,3,5,06004KT,12,08
2016-06-03 06:00:00.000,2016,6,3,6,VRB02KT,10,08
2016-06-03 07:00:00.000,2016,6,3,7,06004KT,11,09
2016-06-03 08:00:00.000,2016,6,3,8,07005KT,11,09
2016-06-03 09:00:00.000,2016,6,3,9,VRB02KT,11,09
2016-06-03 10:00:00.000,2016,6,3,10,VRB02KT,10,08
2016-06-03 10:30:00.000,2016,6,3,10,VRB02KT,11,09
2016-06-03 11:00:00.000,2016,6,3,11,06003KT,11,09
2016-06-03 12:00:00.000,2016,6,3,12,06006KT,12,09
2016-06-03 13:00:00.000,2016,6,3,13,06005KT,13,09
2016-06-03 14:00:00.000,2016,6,3,14,03008KT,14,09
2016-06-03 15:00:00.000,2016,6,3,15,05010KT,15,09
2016-06-03 16:00:00.000,2016,6,3,16,05008KT,16,09
2016-06-03 17:00:00.000,2016,6,3,17,VRB02KT,18,09
2016-06-03 18:00:00.000,2016,6,3,18,22004KT,18,08
2016-06-03 19:00:00.000,2016,6,3,19,19005KT,18,07
2016-06-03 20:00:00.000,2016,6,3,20,27010KT,17,11
2016-06-03 21:00:00.000,2016,6,3,21,27008KT,16,11
2016-06-03 21:10:00.000,2016,6,3,21,27007KT,16,11
2016-06-03 21:23:00.000,2016,6,3,21,05004KT,14,12
2016-06-03 22:00:00.000,2016,6,3,22,VRB02KT,14,12
2016-06-03 23:00:00.000,2016,6,3,23,36004KT,14,12
2016-06-04 00:00:00.000,2016,6,4,0,03004KT,12,10
2016-06-04 01:00:00.000,2016,6,4,1,03007KT,13,10
2016-06-04 02:00:00.000,2016,6,4,2,06003KT,13,10
2016-06-04 03:00:00.000,2016,6,4,3,06005KT,13,10
2016-06-04 04:00:00.000,2016,6,4,4,VRB02KT,12,10
2016-06-04 05:00:00.000,2016,6,4,5,06003KT,11,09
2016-06-04 06:00:00.000,2016,6,4,6,06004KT,11,10
2016-06-04 07:00:00.000,2016,6,4,7,09003KT,12,10
2016-06-04 08:00:00.000,2016,6,4,8,01004KT,10,09
2016-06-04 09:00:00.000,2016,6,4,9,VRB02KT,10,09
2016-06-04 10:00:00.000,2016,6,4,10,VRB02KT,09,08
2016-06-04 10:30:00.000,2016,6,4,10,VRB02KT,10,09
2016-06-04 11:00:00.000,2016,6,4,11,01004KT,08,08
2016-06-04 12:00:00.000,2016,6,4,12,36004KT,11,10
2016-06-04 13:00:00.000,2016,6,4,13,05006KT,14,10
2016-06-04 13:28:00.000,2016,6,4,13,04006KT,19,09
2016-06-04 14:00:00.000,2016,6,4,14,07006KT,17,05
2016-06-04 15:00:00.000,2016,6,4,15,07006KT,18,04
2016-06-04 16:00:00.000,2016,6,4,16,08006KT,19,06
2016-06-04 17:00:00.000,2016,6,4,17,06010KT,20,06
2016-06-04 18:00:00.000,2016,6,4,18,07007KT,20,06
2016-06-04 19:00:00.000,2016,6,4,19,13008KT,21,05
2016-06-04 20:00:00.000,2016,6,4,20,12008KT,20,06
2016-06-04 21:00:00.000,2016,6,4,21,11009KT,20,06
2016-06-04 22:00:00.000,2016,6,4,22,07011KT,20,05
2016-06-04 23:00:00.000,2016,6,4,23,11010KT,18,04
2016-06-05 00:00:00.000,2016,6,5,0,10005KT,17,05
2016-06-05 01:00:00.000,2016,6,5,1,VRB02KT,13,07
2016-06-05 02:00:00.000,2016,6,5,2,05005TK,14,07
2016-06-05 03:00:00.000,2016,6,5,3,00000KT,14,08
2016-06-05 04:00:00.000,2016,6,5,4,VRB02KT,13,08
2016-06-05 05:00:00.000,2016,6,5,5,06004KT,12,08
2016-06-05 06:00:00.000,2016,6,5,6,01004KT,11,09
2016-06-05 07:00:00.000,2016,6,5,7,33004KT,11,09
2016-06-05 08:00:00.000,2016,6,5,8,00000KT,10,09
2016-06-05 09:00:00.000,2016,6,5,9,VRB02KT,09,09
2016-06-05 10:00:00.000,2016,6,5,10,VRB02KT,08,08
2016-06-05 10:30:00.000,2016,6,5,10,08003KT,08,08
2016-06-05 11:00:00.000,2016,6,5,11,34003KT,06,06
2016-06-05 11:36:00.000,2016,6,5,11,09004KT,08,07
2016-06-05 12:00:00.000,2016,6,5,12,00000KT,24,24
2016-06-05 12:30:00.000,2016,6,5,12,06008KT,13,10
2016-06-05 13:00:00.000,2016,6,5,13,06006KT,14,10
2016-06-05 13:30:00.000,2016,6,5,13,08004KT,16,08
2016-06-05 14:00:00.000,2016,6,5,14,06004KT,17,09
2016-06-05 15:00:00.000,2016,6,5,15,06014KT,18,07
2016-06-05 16:00:00.000,2016,6,5,16,09010KT,19,08
2016-06-05 17:00:00.000,2016,6,5,17,07010KT,21,04
2016-06-05 18:00:00.000,2016,6,5,18,09011KT,22,05
2016-06-05 19:00:00.000,2016,6,5,19,13008KT,22,06
2016-06-05 20:00:00.000,2016,6,5,20,18008KT,21,06
2016-06-05 21:00:00.000,2016,6,5,21,15010KT,20,07
2016-06-05 22:00:00.000,2016,6,5,22,06005KT,19,08
2016-06-05 23:00:00.000,2016,6,5,23,11006KT,17,08
2016-06-06 00:00:00.000,2016,6,6,0,33004KT,15,08
2016-06-06 01:00:00.000,2016,6,6,1,07004KT,14,08
2016-06-06 02:00:00.000,2016,6,6,2,04006KT,13,08
2016-06-06 03:00:00.000,2016,6,6,3,03006KT,11,07
2016-06-06 04:00:00.000,2016,6,6,4,06007KT,10,07
2016-06-06 05:00:00.000,2016,6,6,5,04005KT,11,08
2016-06-06 06:00:00.000,2016,6,6,6,VRB02KT,10,08
2016-06-06 07:00:00.000,2016,6,6,7,VRB02KT,08,07
2016-06-06 08:00:00.000,2016,6,6,8,01004KT,08,07
2016-06-06 09:00:00.000,2016,6,6,9,30004KT,08,07
2016-06-06 10:00:00.000,2016,6,6,10,VRB02KT,06,05
2016-06-06 10:30:00.000,2016,6,6,10,VRB02KT,06,06
2016-06-06 11:00:00.000,2016,6,6,11,VRB02KT,07,06
2016-06-06 12:00:00.000,2016,6,6,12,VRB02KT,09,08
2016-06-06 13:00:00.000,2016,6,6,13,05005KT,13,09
2016-06-06 14:00:00.000,2016,6,6,14,35005KT,16,09
2016-06-06 15:00:00.000,2016,6,6,15,02005KT,17,09
2016-06-06 16:00:00.000,2016,6,6,16,VRB02KT,18,08
2016-06-06 17:00:00.000,2016,6,6,17,03010KT,19,09
2016-06-06 18:00:00.000,2016,6,6,18,17008KT,18,08
2016-06-06 19:00:00.000,2016,6,6,19,18012KT,17,09
2016-06-06 19:15:00.000,2016,6,6,19,18010KT,15,11
2016-06-06 20:00:00.000,2016,6,6,20,23004KT,17,11
2016-06-06 21:00:00.000,2016,6,6,21,33004KT,18,10
2016-06-06 22:00:00.000,2016,6,6,22,25006KT,17,10
2016-06-06 23:00:00.000,2016,6,6,23,31006KT,15,11
2016-06-07 00:00:00.000,2016,6,7,0,31004KT,14,12
2016-06-07 01:00:00.000,2016,6,7,1,VRB02KT,13,11
2016-06-07 02:00:00.000,2016,6,7,2,VRB02KT,12,10
2016-06-07 03:00:00.000,2016,6,7,3,31004KT,12,11
2016-06-07 04:00:00.000,2016,6,7,4,03004KT,11,10
2016-06-07 05:00:00.000,2016,6,7,5,VRB02KT,10,09
2016-06-07 06:00:00.000,2016,6,7,6,VRB02KT,11,09
2016-06-07 07:00:00.000,2016,6,7,7,VRB02KT,09,07
2016-06-07 08:00:00.000,2016,6,7,8,VRB02KT,09,08
2016-06-07 09:00:00.000,2016,6,7,9,07004KT,08,08
2016-06-07 10:00:00.000,2016,6,7,10,35004KT,07,06
2016-06-07 10:30:00.000,2016,6,7,10,34004KT,08,07
2016-06-07 11:00:00.000,2016,6,7,11,VRB02KT,06,05
2016-06-07 12:00:00.000,2016,6,7,12,VRB02KT,08,08
2016-06-07 13:00:00.000,2016,6,7,13,04004KT,11,10
2016-06-07 14:00:00.000,2016,6,7,14,03004KT,14,10
2016-06-07 14:30:00.000,2016,6,7,14,01004KT,16,10
2016-06-07 15:00:00.000,2016,6,7,15,34004KT,16,09
2016-06-07 16:00:00.000,2016,6,7,16,02006KT,17,09
2016-06-07 17:00:00.000,2016,6,7,17,VRB02KT,18,08
2016-06-07 18:00:00.000,2016,6,7,18,26004KT,18,08
2016-06-07 19:00:00.000,2016,6,7,19,24007KT,17,11
2016-06-07 20:00:00.000,2016,6,7,20,28009KT,18,11
2016-06-07 20:21:00.000,2016,6,7,20,29008KT,17,11
2016-06-07 20:33:00.000,2016,6,7,20,31007KT,16,11
2016-06-07 20:45:00.000,2016,6,7,20,02007KT,15,12
2016-06-07 21:00:00.000,2016,6,7,21,15007KT,11,09
2016-06-07 21:10:00.000,2016,6,7,21,34005KT,11,10
2016-06-07 22:00:00.000,2016,6,7,22,01003KT,11,10
2016-06-07 23:00:00.000,2016,6,7,23,VRB02KT,12,12
2016-06-08 00:00:00.000,2016,6,8,0,05006KT,13,11
2016-06-08 01:00:00.000,2016,6,8,1,04005KT,12,11
2016-06-08 02:00:00.000,2016,6,8,2,03006KT,12,11
2016-06-08 03:00:00.000,2016,6,8,3,06009KT,12,10
2016-06-08 04:00:00.000,2016,6,8,4,04008KT,12,10
2016-06-08 05:00:00.000,2016,6,8,5,06007KT,12,10
2016-06-08 06:00:00.000,2016,6,8,6,06007KT,11,09
2016-06-08 07:00:00.000,2016,6,8,7,03006KT,11,09
2016-06-08 08:00:00.000,2016,6,8,8,04006KT,11,09
2016-06-08 09:00:00.000,2016,6,8,9,03007KT,11,09
2016-06-08 10:00:00.000,2016,6,8,10,35003KT,11,09
2016-06-08 10:31:00.000,2016,6,8,10,05004KT,11,09
2016-06-08 11:00:00.000,2016,6,8,11,07004KT,11,09
2016-06-08 12:00:00.000,2016,6,8,12,06004KT,12,10
2016-06-08 13:00:00.000,2016,6,8,13,04004KT,13,10
2016-06-08 14:00:00.000,2016,6,8,14,05005KT,15,10
2016-06-08 15:00:00.000,2016,6,8,15,28003KT,17,07
2016-06-08 16:00:00.000,2016,6,8,16,17010KT,17,07
2016-06-08 17:00:00.000,2016,6,8,17,13008KT,18,09
2016-06-08 18:00:00.000,2016,6,8,18,12007KT,18,08
2016-06-08 19:00:00.000,2016,6,8,19,16010KT,19,08
2016-06-08 20:00:00.000,2016,6,8,20,11009KT,18,08
2016-06-08 21:00:00.000,2016,6,8,21,15012KT,18,09
2016-06-08 22:00:00.000,2016,6,8,22,13011KT,18,08
2016-06-08 23:00:00.000,2016,6,8,23,16010KT,16,09
2016-06-09 00:00:00.000,2016,6,9,0,13007KT,15,08
2016-06-09 01:00:00.000,2016,6,9,1,13005KT,15,08
2016-06-09 02:00:00.000,2016,6,9,2,00000KT,15,09
2016-06-09 03:00:00.000,2016,6,9,3,07005KT,13,10
2016-06-09 03:18:00.000,2016,6,9,3,15004KT,13,10
2016-06-09 04:00:00.000,2016,6,9,4,20003KT,12,10
2016-06-09 05:00:00.000,2016,6,9,5,24003KT,11,10
2016-06-09 06:00:00.000,2016,6,9,6,VRB02KT,11,10
2016-06-09 07:00:00.000,2016,6,9,7,00000KT,11,11
2016-06-09 08:00:00.000,2016,6,9,8,VRB02KT,11,11
2016-06-09 09:00:00.000,2016,6,9,9,03003KT,11,10
2016-06-09 10:00:00.000,2016,6,9,10,04005KT,10,09
2016-06-09 10:30:00.000,2016,6,9,10,04005KT,10,09
2016-06-09 11:00:00.000,2016,6,9,11,05007KT,11,10
2016-06-09 12:00:00.000,2016,6,9,12,06006KT,11,10
2016-06-09 13:00:00.000,2016,6,9,13,06007KT,12,11
2016-06-09 14:00:00.000,2016,6,9,14,02004KT,14,10
2016-06-09 14:20:00.000,2016,6,9,14,07006KT,16,10
2016-06-09 15:00:00.000,2016,6,9,15,02008KT,16,11
2016-06-09 16:00:00.000,2016,6,9,16,18012KT,16,09
2016-06-09 17:00:00.000,2016,6,9,17,14008KT,16,08
2016-06-09 18:00:00.000,2016,6,9,18,13005KT,17,08
2016-06-09 18:40:00.000,2016,6,9,18,05003KT,14,11
2016-06-09 19:00:00.000,2016,6,9,19,01003KT,13,11
2016-06-09 19:10:00.000,2016,6,9,19,VRB02KT,14,12
2016-06-09 19:22:00.000,2016,6,9,19,VRB02KT,14,11
2016-06-09 20:00:00.000,2016,6,9,20,33003KT,14,12
2016-06-09 21:00:00.000,2016,6,9,21,21005KT,16,11
2016-06-09 22:00:00.000,2016,6,9,22,34005KT,16,11
2016-06-09 23:00:00.000,2016,6,9,23,VRB02KT,17,09
2016-06-10 00:00:00.000,2016,6,10,0,14008KT,16,09
2016-06-10 00:35:00.000,2016,6,10,0,14007KT,15,09
2016-06-10 01:00:00.000,2016,6,10,1,14006KT,14,09
2016-06-10 02:00:00.000,2016,6,10,2,15003KT,13,11
2016-06-10 03:00:00.000,2016,6,10,3,36003KT,12,11
2016-06-10 04:00:00.000,2016,6,10,4,00000KT,12,11
2016-06-10 05:00:00.000,2016,6,10,5,00000KT,12,11
2016-06-10 06:00:00.000,2016,6,10,6,00000KT,12,11
2016-06-10 07:00:00.000,2016,6,10,7,05003KT,12,11
2016-06-10 08:00:00.000,2016,6,10,8,36003KT,11,10
2016-06-10 09:00:00.000,2016,6,10,9,VRB02KT,12,11
2016-06-10 10:00:00.000,2016,6,10,10,VRB02KT,11,10
2016-06-10 10:30:00.000,2016,6,10,10,04004KT,10,09
2016-06-10 11:00:00.000,2016,6,10,11,03006KT,11,10
2016-06-10 12:00:00.000,2016,6,10,12,05004KT,12,10
2016-06-10 13:00:00.000,2016,6,10,13,10004KT,14,10
2016-06-10 14:00:00.000,2016,6,10,14,09006KT,15,09
2016-06-10 15:00:00.000,2016,6,10,15,06008KT,15,10
2016-06-10 16:00:00.000,2016,6,10,16,11009KT,18,07
2016-06-10 16:37:00.000,2016,6,10,16,09008KT,17,09
2016-06-10 17:00:00.000,2016,6,10,17,07011KT,17,08
2016-06-10 17:30:00.000,2016,6,10,17,13008KT,15,10
2016-06-10 18:00:00.000,2016,6,10,18,12008KT,16,10
2016-06-10 19:00:00.000,2016,6,10,19,16012KT,17,09
2016-06-10 20:00:00.000,2016,6,10,20,16008KT,17,08
2016-06-10 21:00:00.000,2016,6,10,21,12008KT,17,07
2016-06-10 22:00:00.000,2016,6,10,22,15014KT,16,07
2016-06-10 23:00:00.000,2016,6,10,23,18008KT,15,07
2016-06-11 00:00:00.000,2016,6,11,0,10008KT,14,08
2016-06-11 01:00:00.000,2016,6,11,1,10004KT,14,08
2016-06-11 02:00:00.000,2016,6,11,2,08006KT,13,08
2016-06-11 03:00:00.000,2016,6,11,3,12004KT,13,07
2016-06-11 04:00:00.000,2016,6,11,4,04004KT,12,08
2016-06-11 05:00:00.000,2016,6,11,5,06005KT,12,08
2016-06-11 06:00:00.000,2016,6,11,6,VRB02KT,11,08
2016-06-11 07:00:00.000,2016,6,11,7,04004KT,11,08
2016-06-11 08:00:00.000,2016,6,11,8,06006KT,10,08
2016-06-11 09:00:00.000,2016,6,11,9,01004KT,10,08
2016-06-11 10:00:00.000,2016,6,11,10,01006KT,10,08
2016-06-11 10:30:00.000,2016,6,11,10,35006KT,10,08
2016-06-11 11:00:00.000,2016,6,11,11,03006KT,09,08
2016-06-11 12:00:00.000,2016,6,11,12,04004KT,13,08
2016-06-11 13:00:00.000,2016,6,11,13,06008KT,14,08
2016-06-11 14:00:00.000,2016,6,11,14,14005KT,16,09
2016-06-11 15:00:00.000,2016,6,11,15,14008KT,17,07
2016-06-11 16:00:00.000,2016,6,11,16,13012KT,18,07
2016-06-11 17:00:00.000,2016,6,11,17,15013KT,18,06
2016-06-11 18:00:00.000,2016,6,11,18,16011G23KT,18,06
2016-06-11 19:00:00.000,2016,6,11,19,14013KT,18,07
2016-06-11 20:00:00.000,2016,6,11,20,16013KT,18,09
2016-06-11 21:00:00.000,2016,6,11,21,11005KT,18,07
2016-06-11 22:00:00.000,2016,6,11,22,VRB02KT,17,08
2016-06-11 23:00:00.000,2016,6,11,23,03004KT,14,09
2016-06-12 00:00:00.000,2016,6,12,0,VRB02KT,15,09
2016-06-12 01:00:00.000,2016,6,12,1,13004KT,14,07
2016-06-12 02:00:00.000,2016,6,12,2,VRB02KT,12,08
2016-06-12 03:00:00.000,2016,6,12,3,11004KT,12,09
2016-06-12 04:00:00.000,2016,6,12,4,VRB02KT,09,07
2016-06-12 05:00:00.000,2016,6,12,5,02003KT,10,08
2016-06-12 06:00:00.000,2016,6,12,6,VRB02KT,09,07
2016-06-12 07:00:00.000,2016,6,12,7,VRB02KT,09,08
2016-06-12 08:00:00.000,2016,6,12,8,VRB02KT,10,09
2016-06-12 09:00:00.000,2016,6,12,9,VRB02KT,08,09
2016-06-12 10:00:00.000,2016,6,12,10,33004KT,07,06
2016-06-12 10:30:00.000,2016,6,12,10,33004KT,07,06
2016-06-12 11:00:00.000,2016,6,12,11,VRB02KT,07,06
2016-06-12 11:36:00.000,2016,6,12,11,35005KT,09,09
2016-06-12 12:00:00.000,2016,6,12,12,03007KT,12,09
2016-06-12 13:00:00.000,2016,6,12,13,05004KT,14,09
2016-06-12 14:00:00.000,2016,6,12,14,08006KT,17,07
2016-06-12 15:00:00.000,2016,6,12,15,08008KT,18,08
2016-06-12 16:00:00.000,2016,6,12,16,11012KT,19,08
2016-06-12 17:00:00.000,2016,6,12,17,12016KT,18,06
2016-06-12 18:00:00.000,2016,6,12,18,08010KT,20,08
2016-06-12 19:00:00.000,2016,6,12,19,13010KT,19,06
2016-06-12 20:00:00.000,2016,6,12,20,16010G23KT,16,07
2016-06-12 21:00:00.000,2016,6,12,21,11008KT,17,07
2016-06-12 22:00:00.000,2016,6,12,22,06008KT,17,08
2016-06-12 23:00:00.000,2016,6,12,23,12008KT,17,07
2016-06-13 00:00:00.000,2016,6,13,0,12007KT,15,07
2016-06-13 01:00:00.000,2016,6,13,1,13007KT,14,07
2016-06-13 02:00:00.000,2016,6,13,2,13005KT,13,07
2016-06-13 03:00:00.000,2016,6,13,3,12004KT,13,08
2016-06-13 04:00:00.000,2016,6,13,4,30005KT,12,08
2016-06-13 05:00:00.000,2016,6,13,5,29003KT,12,08
2016-06-13 06:00:00.000,2016,6,13,6,VRB02KT,10,08
2016-06-13 07:00:00.000,2016,6,13,7,VRB02KT,11,08
2016-06-13 08:00:00.000,2016,6,13,8,02006KT,11,08
2016-06-13 09:00:00.000,2016,6,13,9,10004KT,11,08
2016-06-13 10:00:00.000,2016,6,13,10,VRB02KT,10,09
2016-06-13 10:30:00.000,2016,6,13,10,14004KT,12,08
2016-06-13 11:00:00.000,2016,6,13,11,VRB02KT,12,08
2016-06-13 12:00:00.000,2016,6,13,12,03006KT,12,09
2016-06-13 13:00:00.000,2016,6,13,13,05006KT,14,09
2016-06-13 14:00:00.000,2016,6,13,14,09007KT,17,08
2016-06-13 15:00:00.000,2016,6,13,15,15007KT,18,08
2016-06-13 16:00:00.000,2016,6,13,16,10008KT,18,07
2016-06-13 17:00:00.000,2016,6,13,17,13012KT,17,08
2016-06-13 18:00:00.000,2016,6,13,18,08012KT,17,08
2016-06-13 19:00:00.000,2016,6,13,19,12010KT,17,08
2016-06-13 20:00:00.000,2016,6,13,20,08006KT,17,08
2016-06-13 21:00:00.000,2016,6,13,21,12009KT,17,09
2016-06-13 22:00:00.000,2016,6,13,22,12006KT,17,07
2016-06-13 23:00:00.000,2016,6,13,23,12006KT,16,08
2016-06-14 00:00:00.000,2016,6,14,0,09005KT,15,08
2016-06-14 01:00:00.000,2016,6,14,1,11005KT,15,08
2016-06-14 02:00:00.000,2016,6,14,2,10005KT,15,09
2016-06-14 03:00:00.000,2016,6,14,3,08008KT,14,09
2016-06-14 04:00:00.000,2016,6,14,4,05008KT,13,10
2016-06-14 05:00:00.000,2016,6,14,5,05005KT,12,10
2016-06-14 06:00:00.000,2016,6,14,6,03005KT,,
2016-06-14 08:00:00.000,2016,6,14,8,02004KT,11,09
2016-06-14 09:00:00.000,2016,6,14,9,36004KT,12,09
2016-06-14 10:00:00.000,2016,6,14,10,03004KT,10,08
2016-06-14 10:30:00.000,2016,6,14,10,02004KT,10,09
2016-06-14 11:00:00.000,2016,6,14,11,03003KT,10,08
2016-06-14 12:00:00.000,2016,6,14,12,08007KT,12,10
2016-06-14 13:00:00.000,2016,6,14,13,13003KT,14,08
2016-06-14 14:00:00.000,2016,6,14,14,35004KT,14,09
2016-06-14 14:16:00.000,2016,6,14,14,31003KT,14,09
2016-06-14 14:35:00.000,2016,6,14,14,VRB02KT,14,09
2016-06-14 15:00:00.000,2016,6,14,15,VRB02KT,14,10
2016-06-14 16:00:00.000,2016,6,14,16,VRB02KT,16,10
2016-06-14 16:10:00.000,2016,6,14,16,07003KT,15,10
2016-06-14 17:00:00.000,2016,6,14,17,25006KT,14,11
2016-06-14 17:20:00.000,2016,6,14,17,30005KT,14,12
2016-06-14 18:00:00.000,2016,6,14,18,20006KT,14,12
2016-06-14 19:00:00.000,2016,6,14,19,18005KT,17,09
2016-06-14 20:00:00.000,2016,6,14,20,15014KT,17,08
2016-06-14 21:00:00.000,2016,6,14,21,14009KT,17,07
2016-06-14 22:00:00.000,2016,6,14,22,16008KT,16,07
2016-06-14 23:00:00.000,2016,6,14,23,14010KT,15,08
2016-06-15 00:00:00.000,2016,6,15,0,17012KT,15,08
2016-06-15 01:00:00.000,2016,6,15,1,17010KT,15,08
2016-06-15 02:00:00.000,2016,6,15,2,20008KT,14,08
2016-06-15 03:00:00.000,2016,6,15,3,VRB02KT,13,09
2016-06-15 04:00:00.000,2016,6,15,4,04004KT,12,09
2016-06-15 05:00:00.000,2016,6,15,5,01004KT,12,09
2016-06-15 06:00:00.000,2016,6,15,6,29004KT,12,10
2016-06-15 07:00:00.000,2016,6,15,7,02004KT,10,09
2016-06-15 08:00:00.000,2016,6,15,8,VRB02KT,10,09
2016-06-15 09:00:00.000,2016,6,15,9,34004KT,10,09
2016-06-15 10:00:00.000,2016,6,15,10,VRB02KT,10,09
2016-06-15 10:30:00.000,2016,6,15,10,33004KT,10,09
2016-06-15 11:00:00.000,2016,6,15,11,05004KT,09,08
2016-06-15 12:00:00.000,2016,6,15,12,03003KT,12,09
2016-06-15 13:00:00.000,2016,6,15,13,05007KT,14,09
2016-06-15 14:00:00.000,2016,6,15,14,01005KT,14,09
2016-06-15 15:00:00.000,2016,6,15,15,11004KT,16,09
2016-06-15 16:00:00.000,2016,6,15,16,18014KT,16,08
2016-06-15 17:00:00.000,2016,6,15,17,17017KT,18,08
2016-06-15 18:00:00.000,2016,6,15,18,19014KT,18,08
2016-06-15 19:00:00.000,2016,6,15,19,14019KT,18,08
2016-06-15 20:00:00.000,2016,6,15,20,18020KT,18,08
2016-06-15 21:00:00.000,2016,6,15,21,15013KT,18,08
2016-06-15 22:00:00.000,2016,6,15,22,16011KT,16,18
2016-06-15 22:20:00.000,2016,6,15,22,16010KT,16,08
2016-06-15 23:00:00.000,2016,6,15,23,17007KT,16,08
2016-06-16 00:00:00.000,2016,6,16,0,03006KT,13,10
2016-06-16 01:00:00.000,2016,6,16,1,11006KT,14,09
2016-06-16 02:00:00.000,2016,6,16,2,10008KT,13,08
2016-06-16 03:00:00.000,2016,6,16,3,VRB02KT,13,09
2016-06-16 04:00:00.000,2016,6,16,4,11004KT,12,09
2016-06-16 05:00:00.000,2016,6,16,5,06003KT,12,09
2016-06-16 06:00:00.000,2016,6,16,6,08003KT,11,09
2016-06-16 07:00:00.000,2016,6,16,7,03004KT,11,08
2016-06-16 08:00:00.000,2016,6,16,8,02003KT,10,08
2016-06-16 09:00:00.000,2016,6,16,9,06006KT,10,08
2016-06-16 10:00:00.000,2016,6,16,10,08004KT,11,08
2016-06-16 11:00:00.000,2016,6,16,11,10009KT,11,08
2016-06-16 12:00:00.000,2016,6,16,12,10008KT,12,07
2016-06-16 13:00:00.000,2016,6,16,13,12006KT,14,07
2016-06-16 14:00:00.000,2016,6,16,14,VRB02KT,15,08
2016-06-16 15:00:00.000,2016,6,16,15,14012KT,16,07
2016-06-16 16:00:00.000,2016,6,16,16,17014KT,17,07
2016-06-16 17:00:00.000,2016,6,16,17,17014KT,16,07
2016-06-16 18:00:00.000,2016,6,16,18,15018KT,18,07
2016-06-16 19:00:00.000,2016,6,16,19,15014G25KT,18,07
2016-06-16 20:00:00.000,2016,6,16,20,19014KT,18,06
2016-06-16 21:00:00.000,2016,6,16,21,18010KT,18,06
2016-06-16 22:00:00.000,2016,6,16,22,08006KT,17,07
2016-06-16 23:00:00.000,2016,6,16,23,09008KT,16,07
2016-06-17 00:00:00.000,2016,6,17,0,09005KT,15,07
2016-06-17 01:00:00.000,2016,6,17,1,08004KT,14,08
2016-06-17 02:00:00.000,2016,6,17,2,05006KT,13,08
2016-06-17 03:00:00.000,2016,6,17,3,05006KT,11,07
2016-06-17 04:00:00.000,2016,6,17,4,03006KT,12,08
2016-06-17 05:00:00.000,2016,6,17,5,06007KT,12,08
2016-06-17 06:00:00.000,2016,6,17,6,05005KT,11,08
2016-06-17 07:00:00.000,2016,6,17,7,06004KT,11,08
2016-06-17 08:00:00.000,2016,6,17,8,VRB02KT,10,08
2016-06-17 09:00:00.000,2016,6,17,9,05006KT,10,08
2016-06-17 10:00:00.000,2016,6,17,10,03006KT,10,08
2016-06-17 11:00:00.000,2016,6,17,11,34005KT,10,08
2016-06-17 12:00:00.000,2016,6,17,12,05004KT,11,09
2016-06-17 13:00:00.000,2016,6,17,13,VRB02KT,13,09
2016-06-17 14:00:00.000,2016,6,17,14,VRB02KT,15,08
2016-06-17 15:00:00.000,2016,6,17,15,26004KT,16,09
2016-06-17 16:00:00.000,2016,6,17,16,17010KT,17,07
2016-06-17 17:00:00.000,2016,6,17,17,15010KT,17,07
2016-06-17 18:00:00.000,2016,6,17,18,13010KT,18,08
2016-06-17 19:00:00.000,2016,6,17,19,15010KT,19,07
2016-06-17 20:00:00.000,2016,6,17,20,18012KT,19,06
2016-06-17 21:00:00.000,2016,6,17,21,18008KT,19,06
2016-06-17 22:00:00.000,2016,6,17,22,07010KT,18,08
2016-06-17 23:00:00.000,2016,6,17,23,08008KT,17,09
2016-06-18 00:00:00.000,2016,6,18,0,10005KT,15,08
2016-06-18 01:00:00.000,2016,6,18,1,09008KT,15,08
2016-06-18 02:00:00.000,2016,6,18,2,05008KT,14,09
2016-06-18 03:00:00.000,2016,6,18,3,05009KT,14,09
2016-06-18 04:00:00.000,2016,6,18,4,08009KT,13,09
2016-06-18 05:00:00.000,2016,6,18,5,04005KT,12,09
2016-06-18 06:00:00.000,2016,6,18,6,06004KT,11,09
2016-06-18 07:00:00.000,2016,6,18,7,35004KT,11,09
2016-06-18 08:00:00.000,2016,6,18,8,02003KT,11,09
2016-06-18 09:00:00.000,2016,6,18,9,VRB02KT,11,09
2016-06-18 10:00:00.000,2016,6,18,10,03003KT,11,09
2016-06-18 10:30:00.000,2016,6,18,10,35003KT,11,09
2016-06-18 11:00:00.000,2016,6,18,11,VRB02KT,11,09
2016-06-18 12:00:00.000,2016,6,18,12,VRB02KT,12,10
2016-06-18 13:00:00.000,2016,6,18,13,05004KT,14,10
2016-06-18 14:00:00.000,2016,6,18,14,05006KT,16,09
2016-06-18 15:00:00.000,2016,6,18,15,05011KT,16,10
2016-06-18 16:00:00.000,2016,6,18,16,09010KT,18,07
2016-06-18 17:00:00.000,2016,6,18,17,09011KT,19,08
2016-06-18 17:14:00.000,2016,6,18,17,14007KT,18,07
2016-06-18 18:00:00.000,2016,6,18,18,02004KT,18,07
2016-06-18 19:00:00.000,2016,6,18,19,13010KT,18,09
2016-06-18 20:00:00.000,2016,6,18,20,01008KT,15,11
2016-06-18 20:10:00.000,2016,6,18,20,34004KT,16,11
2016-06-18 21:00:00.000,2016,6,18,21,24005KT,17,10
2016-06-18 22:00:00.000,2016,6,18,22,12008KT,18,08
2016-06-18 23:00:00.000,2016,6,18,23,13008KT,17,07
2016-06-19 00:00:00.000,2016,6,19,0,14010KT,14,08
2016-06-19 01:00:00.000,2016,6,19,1,11010KT,15,07
2016-06-19 02:00:00.000,2016,6,19,2,07011KT,15,09
2016-06-19 02:00:00.000,2016,6,19,2,09011KT,15,09
2016-06-19 03:00:00.000,2016,6,19,3,09005KT,13,10
2016-06-19 03:18:00.000,2016,6,19,3,10008KT,13,10
2016-06-19 04:00:00.000,2016,6,19,4,06007KT,13,10
2016-06-19 05:00:00.000,2016,6,19,5,09005KT,13,09
2016-06-19 06:00:00.000,2016,6,19,6,36003KT,11,09
2016-06-19 07:00:00.000,2016,6,19,7,32005KT,12,09
2016-06-19 08:00:00.000,2016,6,19,8,35003KT,11,09
2016-06-19 09:00:00.000,2016,6,19,9,VRB02KT,12,09
2016-06-19 10:00:00.000,2016,6,19,10,03004KT,11,09
2016-06-19 10:00:00.000,2016,6,19,10,VRB02KT,12,09
2016-06-19 10:30:00.000,2016,6,19,10,VRB02KT,12,09
2016-06-19 11:00:00.000,2016,6,19,11,35003KT,11,09
2016-06-19 12:00:00.000,2016,6,19,12,01004KT,12,10
2016-06-19 13:00:00.000,2016,6,19,13,04006KT,13,10
2016-06-19 14:00:00.000,2016,6,19,14,05006KT,15,10
2016-06-19 15:00:00.000,2016,6,19,15,VRB02KT,16,11
2016-06-19 16:00:00.000,2016,6,19,16,16014KT,18,08
2016-06-19 17:00:00.000,2016,6,19,17,13016KT,18,08
2016-06-19 18:00:00.000,2016,6,19,18,12008KT,19,08
2016-06-19 19:00:00.000,2016,6,19,19,07007KT,18,10
2016-06-19 20:00:00.000,2016,6,19,20,28006KT,17,10
2016-06-19 21:00:00.000,2016,6,19,21,26010KT,16,12
2016-06-19 22:00:00.000,2016,6,19,22,33006KT,15,12
2016-06-19 23:00:00.000,2016,6,19,23,30006KT,14,12
2016-06-20 00:00:00.000,2016,6,20,0,35005KT,15,09
2016-06-20 01:00:00.000,2016,6,20,1,35003KT,14,10
2016-06-20 02:00:00.000,2016,6,20,2,01005KT,13,10
2016-06-20 03:00:00.000,2016,6,20,3,01004KT,13,10
2016-06-20 04:00:00.000,2016,6,20,4,09003KT,13,09
2016-06-20 05:00:00.000,2016,6,20,5,04004KT,13,09
2016-06-20 06:00:00.000,2016,6,20,6,05004KT,13,09
2016-06-20 07:00:00.000,2016,6,20,7,05005KT,12,09
2016-06-20 08:00:00.000,2016,6,20,8,VRB02KT,11,09
2016-06-20 09:00:00.000,2016,6,20,9,06004KT,11,09
2016-06-20 09:35:00.000,2016,6,20,9,VRB02KT,11,10
2016-06-20 10:00:00.000,2016,6,20,10,00000KT,11,10
2016-06-20 10:26:00.000,2016,6,20,10,VRB02KT,11,10
2016-06-20 11:00:00.000,2016,6,20,11,VRB02KT,11,10
2016-06-20 12:00:00.000,2016,6,20,12,VRB02KT,11,10
2016-06-20 13:00:00.000,2016,6,20,13,04004KT,13,10
2016-06-20 14:00:00.000,2016,6,20,14,14004KT,15,09
2016-06-20 15:00:00.000,2016,6,20,15,14010KT,16,08
2016-06-20 16:00:00.000,2016,6,20,16,17014KT,17,08
2016-06-20 18:00:00.000,2016,6,20,18,15016KT,19,08
2016-06-20 19:00:00.000,2016,6,20,19,16014KT,19,08
2016-06-20 20:00:00.000,2016,6,20,20,17015KT,18,08
2016-06-20 21:00:00.000,2016,6,20,21,18012KT,17,08
2016-06-20 22:00:00.000,2016,6,20,22,18013KT,16,07
2016-06-20 23:00:00.000,2016,6,20,23,14012KT,15,07
2016-06-21 00:00:00.000,2016,6,21,0,13006KT,15,08
2016-06-21 01:00:00.000,2016,6,21,1,05005KT,14,09
2016-06-21 02:00:00.000,2016,6,21,2,12007KT,14,08
2016-06-21 03:00:00.000,2016,6,21,3,07004KT,13,08
2016-06-21 04:00:00.000,2016,6,21,4,07005KT,13,08
2016-06-21 05:00:00.000,2016,6,21,5,12005KT,13,07
2016-06-21 06:00:00.000,2016,6,21,6,08004KT,13,08
2016-06-21 08:00:00.000,2016,6,21,8,32004KT,12,09
2016-06-21 09:00:00.000,2016,6,21,9,VRB02KT,10,08
2016-06-21 10:00:00.000,2016,6,21,10,36003KT,10,09
2016-06-21 10:28:00.000,2016,6,21,10,01003KT,10,08
2016-06-21 11:00:00.000,2016,6,21,11,04005KT,10,09
2016-06-21 12:00:00.000,2016,6,21,12,07003KT,13,09
2016-06-21 13:00:00.000,2016,6,21,13,16003KT,13,09
2016-06-21 14:00:00.000,2016,6,21,14,03006KT,13,09
2016-06-21 15:00:00.000,2016,6,21,15,19009KT,14,08
2016-06-21 16:00:00.000,2016,6,21,16,15012KT,16,08
2016-06-21 17:00:00.000,2016,6,21,17,15011KT,16,08
2016-06-21 18:00:00.000,2016,6,21,18,13010KT,17,09
2016-06-21 19:00:00.000,2016,6,21,19,12009KT,17,09
2016-06-21 20:00:00.000,2016,6,21,20,17012KT,17,09
2016-06-21 21:00:00.000,2016,6,21,21,17007KT,17,09
2016-06-21 22:00:00.000,2016,6,21,22,14008KT,15,10
2016-06-21 23:00:00.000,2016,6,21,23,14009KT,15,09
2016-06-22 00:00:00.000,2016,6,22,0,18012KT,15,08
2016-06-22 01:00:00.000,2016,6,22,1,13004KT,14,08
2016-06-22 02:00:00.000,2016,6,22,2,12008KT,14,08
2016-06-22 03:00:00.000,2016,6,22,3,08004KT,13,08
2016-06-22 04:00:00.000,2016,6,22,4,08005KT,13,08
2016-06-22 05:00:00.000,2016,6,22,5,12003KT,13,09
2016-06-22 06:00:00.000,2016,6,22,6,VRB02KT,11,09
2016-06-22 07:00:00.000,2016,6,22,7,VRB02KT,09,08
2016-06-22 08:00:00.000,2016,6,22,8,05004KT,09,08
2016-06-22 09:00:00.000,2016,6,22,9,09006KT,11,07
2016-06-22 10:00:00.000,2016,6,22,10,VRB02KT,11,07
2016-06-22 10:30:00.000,2016,6,22,10,VRB02KT,08,06
2016-06-22 11:00:00.000,2016,6,22,11,VRB02KT,08,06
2016-06-22 12:00:00.000,2016,6,22,12,07006KT,10,07
2016-06-22 13:00:00.000,2016,6,22,13,VRB02KT,14,09
2016-06-22 14:00:00.000,2016,6,22,14,13010KT,16,08
2016-06-22 15:00:00.000,2016,6,22,15,16010KT,16,07
2016-06-22 16:00:00.000,2016,6,22,16,15012KT,17,06
2016-06-22 17:00:00.000,2016,6,22,17,15012KT,17,07
2016-06-22 18:00:00.000,2016,6,22,18,15009KT,18,07
2016-06-22 19:00:00.000,2016,6,22,19,09008KT,19,08
2016-06-22 19:29:00.000,2016,6,22,19,VRB02KT,13,09
2016-06-22 20:00:00.000,2016,6,22,20,12007KT,19,07
2016-06-22 21:00:00.000,2016,6,22,21,13010KT,18,07
2016-06-22 22:00:00.000,2016,6,22,22,14011KT,17,08
2016-06-22 23:00:00.000,2016,6,22,23,14004KT,16,08
2016-06-23 00:00:00.000,2016,6,23,0,08006KT,16,09
2016-06-23 01:00:00.000,2016,6,23,1,09004KT,14,11
2016-06-23 02:00:00.000,2016,6,23,2,33004KT,13,11
2016-06-23 03:00:00.000,2016,6,23,3,03004KT,12,11
2016-06-23 04:00:00.000,2016,6,23,4,32003KT,12,10
2016-06-23 05:00:00.000,2016,6,23,5,36003KT,12,10
2016-06-23 06:00:00.000,2016,6,23,6,04004KT,12,10
2016-06-23 07:00:00.000,2016,6,23,7,35003KT,12,10
2016-06-23 08:00:00.000,2016,6,23,8,03004KT,12,10
2016-06-23 09:00:00.000,2016,6,23,9,06004KT,12,10
2016-06-23 10:00:00.000,2016,6,23,10,04004KT,11,09
2016-06-23 11:00:00.000,2016,6,23,11,03005KT,10,09
2016-06-23 12:00:00.000,2016,6,23,12,03003KT,12,11
2016-06-23 13:00:00.000,2016,6,23,13,06008KT,14,08
2016-06-23 14:00:00.000,2016,6,23,14,06010KT,15,10
2016-06-23 14:35:00.000,2016,6,23,14,07008KT,13,10
2016-06-23 15:00:00.000,2016,6,23,15,13006KT,13,10
2016-06-23 16:00:00.000,2016,6,23,16,14012KT,17,09
2016-06-23 17:00:00.000,2016,6,23,17,15014KT,18,08
2016-06-23 18:00:00.000,2016,6,23,18,11008KT,19,08
2016-06-23 19:00:00.000,2016,6,23,19,12015KT,20,07
2016-06-23 20:00:00.000,2016,6,23,20,10007KT,19,08
2016-06-23 21:00:00.000,2016,6,23,21,08008KT,19,08
2016-06-23 22:00:00.000,2016,6,23,22,13011KT,18,07
2016-06-23 23:00:00.000,2016,6,23,23,13010KT,17,07
2016-06-24 00:00:00.000,2016,6,24,0,12011KT,16,07
2016-06-24 01:00:00.000,2016,6,24,1,04008KT,15,08
2016-06-24 02:00:00.000,2016,6,24,2,06004KT,15,08
2016-06-24 03:00:00.000,2016,6,24,3,06006KT,13,08
2016-06-24 04:00:00.000,2016,6,24,4,07003KT,12,08
2016-06-24 05:00:00.000,2016,6,24,5,06003KT,12,09
2016-06-24 06:00:00.000,2016,6,24,6,06003KT,11,08
2016-06-24 07:00:00.000,2016,6,24,7,VRB02KT,12,08
2016-06-24 08:00:00.000,2016,6,24,8,02003KT,10,07
2016-06-24 09:00:00.000,2016,6,24,9,VRB02KT,12,08
2016-06-24 10:00:00.000,2016,6,24,10,04004KT,10,07
2016-06-24 10:30:00.000,2016,6,24,10,VRB02KT,11,08
2016-06-24 11:00:00.000,2016,6,24,11,36004KT,09,07
2016-06-24 12:00:00.000,2016,6,24,12,02004KT,12,10
2016-06-24 13:00:00.000,2016,6,24,13,05008KT,14,10
2016-06-24 14:00:00.000,2016,6,24,14,36005KT,15,08
2016-06-24 15:00:00.000,2016,6,24,15,25005KT,15,08
2016-06-24 16:00:00.000,2016,6,24,16,22005KT,16,08
2016-06-24 17:00:00.000,2016,6,24,17,17009KT,17,08
2016-06-24 17:32:00.000,2016,6,24,17,17006KT,17,09
2016-06-24 18:00:00.000,2016,6,24,18,VRB02KT,15,09
2016-06-24 18:14:00.000,2016,6,24,18,15010KT,15,12
2016-06-24 19:00:00.000,2016,6,24,19,13005KT,16,12
2016-06-24 20:00:00.000,2016,6,24,20,10006KT,17,09
2016-06-24 21:00:00.000,2016,6,24,21,11010KT,15,09
2016-06-24 22:00:00.000,2016,6,24,22,13007KT,14,09
2016-06-24 23:00:00.000,2016,6,24,23,05003KT,13,10
2016-06-25 00:00:00.000,2016,6,25,0,05007KT,12,10
2016-06-25 01:00:00.000,2016,6,25,1,05007KT,12,09
2016-06-25 02:00:00.000,2016,6,25,2,04007KT,13,09
2016-06-25 03:00:00.000,2016,6,25,3,02007KT,13,08
2016-06-25 04:00:00.000,2016,6,25,4,06003KT,12,09
2016-06-25 05:00:00.000,2016,6,25,5,05003KT,12,09
2016-06-25 06:00:00.000,2016,6,25,6,01003KT,11,09
2016-06-25 07:00:00.000,2016,6,25,7,02003KT,11,09
2016-06-25 08:00:00.000,2016,6,25,8,05003KT,11,09
2016-06-25 09:00:00.000,2016,6,25,9,VRB02KT,10,08
2016-06-25 10:00:00.000,2016,6,25,10,VRB02KT,09,08
2016-06-25 10:30:00.000,2016,6,25,10,35003KT,08,07
2016-06-25 11:00:00.000,2016,6,25,11,VRB02KT,09,08
2016-06-25 12:00:00.000,2016,6,25,12,03005KT,09,08
2016-06-25 13:00:00.000,2016,6,25,13,04004KT,12,11
2016-06-25 13:30:00.000,2016,6,25,13,33003KT,14,09
2016-06-25 14:00:00.000,2016,6,25,14,36005KT,15,10
2016-06-25 15:00:00.000,2016,6,25,15,04003KT,16,09
2016-06-25 16:00:00.000,2016,6,25,16,06003KT,16,10
2016-06-25 17:00:00.000,2016,6,25,17,05004KT,16,10
2016-06-25 18:00:00.000,2016,6,25,18,32004KT,17,10
2016-06-25 19:00:00.000,2016,6,25,19,16011KT,19,06
2016-06-25 20:00:00.000,2016,6,25,20,22010KT,,
2016-06-25 21:00:00.000,2016,6,25,21,24005KT,16,10
2016-06-25 22:00:00.000,2016,6,25,22,31004KT,16,11
2016-06-25 23:00:00.000,2016,6,25,23,34005KT,15,10
2016-06-26 00:00:00.000,2016,6,26,0,03006KT,14,10
2016-06-26 01:00:00.000,2016,6,26,1,05007KT,13,11
2016-06-26 02:00:00.000,2016,6,26,2,06008KT,13,11
2016-06-26 03:00:00.000,2016,6,26,3,05007KT,13,11
2016-06-26 04:00:00.000,2016,6,26,4,01007KT,13,11
2016-06-26 05:00:00.000,2016,6,26,5,06006KT,12,10
2016-06-26 06:00:00.000,2016,6,26,6,04007KT,12,10
2016-06-26 07:00:00.000,2016,6,26,7,05006KT,12,10
2016-06-26 08:00:00.000,2016,6,26,8,07003KT,12,10
2016-06-26 09:00:00.000,2016,6,26,9,05004KT,12,10
2016-06-26 10:00:00.000,2016,6,26,10,06003KT,12,11
2016-06-26 10:30:00.000,2016,6,26,10,29004KT,11,10
2016-06-26 11:00:00.000,2016,6,26,11,01004KT,12,10
2016-06-26 12:00:00.000,2016,6,26,12,05004KT,12,10
2016-06-26 13:00:00.000,2016,6,26,13,05010KT,13,10
2016-06-26 14:00:00.000,2016,6,26,14,07008KT,14,10
2016-06-26 15:00:00.000,2016,6,26,15,VRB02KT,14,10
2016-06-26 16:00:00.000,2016,6,26,16,17010KT,16,08
2016-06-26 17:00:00.000,2016,6,26,17,15012KT,17,09
2016-06-26 18:00:00.000,2016,6,26,18,18008KT,17,07
2016-06-26 19:00:00.000,2016,6,26,19,10010KT,17,08
2016-06-26 20:00:00.000,2016,6,26,20,10010KT,17,09
2016-06-26 21:00:00.000,2016,6,26,21,12006KT,16,09
2016-06-26 22:00:00.000,2016,6,26,22,15010KT,16,09
2016-06-26 23:00:00.000,2016,6,26,23,12010KT,15,09
2016-06-27 00:00:00.000,2016,6,27,0,VRB02KT,14,09
2016-06-27 01:00:00.000,2016,6,27,1,09003KT,14,09
2016-06-27 02:00:00.000,2016,6,27,2,07004KT,12,09
2016-06-27 03:00:00.000,2016,6,27,3,VRB02KT,11,08
2016-06-27 04:00:00.000,2016,6,27,4,08003KT,10,08
2016-06-27 05:00:00.000,2016,6,27,5,VRB02KT,09,07
2016-06-27 06:00:00.000,2016,6,27,6,VRB02KT,10,08
2016-06-27 07:00:00.000,2016,6,27,7,VRB02KT,10,08
2016-06-27 08:00:00.000,2016,6,27,8,VRB02KT,10,08
2016-06-27 09:00:00.000,2016,6,27,9,VRB02KT,09,08
2016-06-27 10:00:00.000,2016,6,27,10,02005KT,10,08
2016-06-27 10:30:00.000,2016,6,27,10,06007KT,10,09
2016-06-27 11:00:00.000,2016,6,27,11,07008KT,11,09
2016-06-27 12:00:00.000,2016,6,27,12,10007KT,13,08
2016-06-27 13:00:00.000,2016,6,27,13,11008KT,14,07
2016-06-27 14:00:00.000,2016,6,27,14,12009KT,15,07
2016-06-27 15:00:00.000,2016,6,27,15,13011KT,16,07
2016-06-27 16:00:00.000,2016,6,27,16,15011KT,17,08
2016-06-27 17:00:00.000,2016,6,27,17,10011KT,17,07
2016-06-27 18:00:00.000,2016,6,27,18,12012KT,17,08
2016-06-27 19:00:00.000,2016,6,27,19,11010KT,17,09
2016-06-27 20:00:00.000,2016,6,27,20,10012KT,17,08
2016-06-27 21:00:00.000,2016,6,27,21,15012KT,17,07
2016-06-27 22:00:00.000,2016,6,27,22,12010KT,17,07
2016-06-27 23:00:00.000,2016,6,27,23,12010KT,16,07
2016-06-28 00:00:00.000,2016,6,28,0,13006KT,15,07
2016-06-28 01:00:00.000,2016,6,28,1,07005KT,15,08
2016-06-28 02:00:00.000,2016,6,28,2,11008KT,14,07
2016-06-28 03:00:00.000,2016,6,28,3,08004KT,13,07
2016-06-28 04:00:00.000,2016,6,28,4,10005KT,13,07
2016-06-28 05:00:00.000,2016,6,28,5,11005KT,13,07
2016-06-28 06:00:00.000,2016,6,28,6,VRB02KT,12,08
2016-06-28 07:00:00.000,2016,6,28,7,02005KT,12,08
2016-06-28 08:00:00.000,2016,6,28,8,02004KT,11,08
2016-06-28 09:00:00.000,2016,6,28,9,01004KT,10,08
2016-06-28 10:00:00.000,2016,6,28,10,06007KT,11,08
2016-06-28 10:30:00.000,2016,6,28,10,05003KT,12,09
2016-06-28 11:00:00.000,2016,6,28,11,13003KT,12,08
2016-06-28 12:00:00.000,2016,6,28,12,12010KT,13,08
2016-06-28 13:00:00.000,2016,6,28,13,12009KT,14,08
2016-06-28 14:00:00.000,2016,6,28,14,13016KT,16,08
2016-06-28 15:00:00.000,2016,6,28,15,15014KT,16,07
2016-06-28 16:00:00.000,2016,6,28,16,13012KT,17,07
2016-06-28 17:00:00.000,2016,6,28,17,15016KT,17,07
2016-06-28 18:00:00.000,2016,6,28,18,17016KT,18,06
2016-06-28 19:00:00.000,2016,6,28,19,11012KT,18,07
2016-06-28 20:00:00.000,2016,6,28,20,14012KT,19,07
2016-06-28 21:00:00.000,2016,6,28,21,11011KT,19,06
2016-06-28 22:00:00.000,2016,6,28,22,13006KT,18,06
2016-06-28 23:00:00.000,2016,6,28,23,14010KT,17,07
2016-06-29 00:00:00.000,2016,6,29,0,14011KT,15,07
2016-06-29 01:00:00.000,2016,6,29,1,13007KT,14,07
2016-06-29 02:00:00.000,2016,6,29,2,13007KT,14,07
2016-06-29 03:00:00.000,2016,6,29,3,02005KT,11,08
2016-06-29 04:00:00.000,2016,6,29,4,05003KT,12,09
2016-06-29 05:00:00.000,2016,6,29,5,01003KT,11,09
2016-06-29 06:00:00.000,2016,6,29,6,VRB02KT,12,09
2016-06-29 07:00:00.000,2016,6,29,7,VRB02KT,13,09
2016-06-29 08:00:00.000,2016,6,29,8,28003KT,11,10
2016-06-29 09:00:00.000,2016,6,29,9,03003KT,11,09
2016-06-29 10:00:00.000,2016,6,29,10,25005KT,12,10
2016-06-29 10:29:00.000,2016,6,29,10,29004KT,11,10
2016-06-29 11:00:00.000,2016,6,29,11,27004KT,11,10
2016-06-29 11:22:00.000,2016,6,29,11,VRB02KT,11,10
2016-06-29 12:00:00.000,2016,6,29,12,01003KT,12,11
2016-06-29 13:00:00.000,2016,6,29,13,15003KT,14,11
2016-06-29 14:00:00.000,2016,6,29,14,16014KT,14,09
2016-06-29 15:00:00.000,2016,6,29,15,18015KT,16,09
2016-06-29 16:00:00.000,2016,6,29,16,15015KT,16,08
2016-06-29 16:30:00.000,2016,6,29,16,15016KT,18,07
2016-06-29 17:00:00.000,2016,6,29,17,15015KT,18,07
2016-06-29 18:00:00.000,2016,6,29,18,14011KT,17,07
2016-06-29 19:00:00.000,2016,6,29,19,14010KT,17,07
2016-06-29 20:00:00.000,2016,6,29,20,08007KT,18,08
2016-06-29 21:00:00.000,2016,6,29,21,14007KT,18,08
2016-06-29 22:00:00.000,2016,6,29,22,11007KT,18,07
2016-06-29 23:00:00.000,2016,6,29,23,09006KT,17,07
2016-06-30 00:00:00.000,2016,6,30,0,12007KT,16,08
2016-06-30 01:00:00.000,2016,6,30,1,07004KT,15,08
2016-06-30 02:00:00.000,2016,6,30,2,VRB02KT,14,09
2016-06-30 02:03:00.000,2016,6,30,2,16008KT,14,09
2016-06-30 03:00:00.000,2016,6,30,3,14005KT,14,10
2016-06-30 04:00:00.000,2016,6,30,4,02005KT,13,11
2016-06-30 05:00:00.000,2016,6,30,5,35004KT,12,11
2016-06-30 06:00:00.000,2016,6,30,6,VRB02KT,12,11
2016-06-30 07:00:00.000,2016,6,30,7,03003KT,12,11
2016-06-30 08:00:00.000,2016,6,30,8,03003KT,11,10
2016-06-30 09:00:00.000,2016,6,30,9,02003KT,10,09
2016-06-30 10:00:00.000,2016,6,30,10,02003KT,10,09
2016-06-30 10:30:00.000,2016,6,30,10,VRB02KT,10,10
2016-06-30 11:00:00.000,2016,6,30,11,02003KT,10,09
2016-06-30 12:00:00.000,2016,6,30,12,02006KT,12,11
2016-06-30 13:00:00.000,2016,6,30,13,08005KT,15,10
2016-06-30 14:00:00.000,2016,6,30,14,13012KT,17,10
2016-06-30 15:00:00.000,2016,6,30,15,12012KT,18,10
2016-06-30 16:00:00.000,2016,6,30,16,08008KT,17,10
2016-06-30 16:20:00.000,2016,6,30,16,07005KT,16,10
2016-06-30 17:00:00.000,2016,6,30,17,10006KT,16,10
2016-06-30 18:00:00.000,2016,6,30,18,15010KT,17,10
2016-06-30 19:00:00.000,2016,6,30,19,16013KT,18,10
2016-06-30 20:00:00.000,2016,6,30,20,17012KT,18,09
2016-06-30 21:00:00.000,2016,6,30,21,15012KT,17,09
2016-06-30 22:00:00.000,2016,6,30,22,15013KT,17,09
2016-06-30 23:00:00.000,2016,6,30,23,16008KT,15,09
2016-07-01 00:00:00.000,2016,7,1,0,14004KT,15,09
2016-07-01 01:00:00.000,2016,7,1,1,07004KT,14,09
2016-07-01 02:00:00.000,2016,7,1,2,11003KT,14,09
2016-07-01 03:00:00.000,2016,7,1,3,06006KT,14,09
2016-07-01 04:00:00.000,2016,7,1,4,05006KT,13,09
2016-07-01 05:00:00.000,2016,7,1,5,04003KT,12,09
2016-07-01 06:00:00.000,2016,7,1,6,03004KT,12,09
2016-07-01 07:00:00.000,2016,7,1,7,05006KT,12,09
2016-07-01 08:00:00.000,2016,7,1,8,12006KT,13,09
2016-07-01 09:00:00.000,2016,7,1,9,12005KT,13,09
2016-07-01 10:00:00.000,2016,7,1,10,14003KT,13,08
2016-07-01 10:30:00.000,2016,7,1,10,VRB02KT,11,09
2016-07-01 11:00:00.000,2016,7,1,11,VRB02KT,10,08
2016-07-01 12:00:00.000,2016,7,1,12,VRB02KT,11,09
2016-07-01 13:00:00.000,2016,7,1,13,05006KT,15,10
2016-07-01 14:00:00.000,2016,7,1,14,16010KT,17,07
2016-07-01 15:00:00.000,2016,7,1,15,15014KT,17,09
2016-07-01 16:00:00.000,2016,7,1,16,16010KT,17,08
2016-07-01 16:16:00.000,2016,7,1,16,19008KT,17,08
2016-07-01 17:00:00.000,2016,7,1,17,14012KT,17,10
2016-07-01 18:00:00.000,2016,7,1,18,13006KT,17,10
2016-07-01 19:00:00.000,2016,7,1,19,14005KT,18,10
2016-07-01 20:00:00.000,2016,7,1,20,14010KT,18,09
2016-07-01 21:00:00.000,2016,7,1,21,04007KT,16,10
2016-07-01 22:00:00.000,2016,7,1,22,15003KT,16,11
2016-07-01 23:00:00.000,2016,7,1,23,08004KT,16,09
2016-07-02 00:00:00.000,2016,7,2,0,08005KT,15,09
2016-07-02 01:00:00.000,2016,7,2,1,09005KT,15,09
2016-07-02 02:00:00.000,2016,7,2,2,09005KT,15,09
2016-07-02 03:00:00.000,2016,7,2,3,05007KT,13,10
2016-07-02 04:00:00.000,2016,7,2,4,05005KT,13,10
2016-07-02 05:00:00.000,2016,7,2,5,07006KT,13,10
2016-07-02 06:00:00.000,2016,7,2,6,02004KT,13,10
2016-07-02 07:00:00.000,2016,7,2,7,33003KT,12,09
2016-07-02 08:00:00.000,2016,7,2,8,04003KT,11,09
2016-07-02 09:00:00.000,2016,7,2,9,06003KT,12,10
2016-07-02 10:00:00.000,2016,7,2,10,33003KT,11,09
2016-07-02 10:30:00.000,2016,7,2,10,VRB02KT,10,09
2016-07-02 11:00:00.000,2016,7,2,11,01003KT,10,09
2016-07-02 12:00:00.000,2016,7,2,12,04006KT,13,10
2016-07-02 13:00:00.000,2016,7,2,13,08006KT,13,10
2016-07-02 14:00:00.000,2016,7,2,14,05006KT,15,09
2016-07-02 15:00:00.000,2016,7,2,15,13008KT,15,09
2016-07-02 16:00:00.000,2016,7,2,16,15008KT,17,09
2016-07-02 17:00:00.000,2016,7,2,17,18014KT,17,09
2016-07-02 17:12:00.000,2016,7,2,17,18014KT,16,10
2016-07-02 18:00:00.000,2016,7,2,18,14014KT,18,09
2016-07-02 19:00:00.000,2016,7,2,19,18012KT,19,08
2016-07-02 20:00:00.000,2016,7,2,20,18012KT,18,08
2016-07-02 21:00:00.000,2016,7,2,21,14008KT,18,08
2016-07-02 22:00:00.000,2016,7,2,22,12006KT,17,08
2016-07-02 23:00:00.000,2016,7,2,23,12008KT,17,08
2016-07-03 00:00:00.000,2016,7,3,0,14007KT,14,08
2016-07-03 01:00:00.000,2016,7,3,1,05004KT,13,09
2016-07-03 02:00:00.000,2016,7,3,2,02004KT,13,10
2016-07-03 03:00:00.000,2016,7,3,3,06005KT,13,09
2016-07-03 04:00:00.000,2016,7,3,4,36004KT,13,09
2016-07-03 05:00:00.000,2016,7,3,5,00000KT,12,09
2016-07-03 06:00:00.000,2016,7,3,6,03003KT,12,09
2016-07-03 07:00:00.000,2016,7,3,7,VRB02KT,12,10
2016-07-03 08:00:00.000,2016,7,3,8,05005KT,12,10
2016-07-03 09:00:00.000,2016,7,3,9,02006KT,12,10
2016-07-03 10:00:00.000,2016,7,3,10,04004KT,11,10
2016-07-03 10:30:00.000,2016,7,3,10,05005KT,12,10
2016-07-03 11:00:00.000,2016,7,3,11,03005KT,12,10
2016-07-03 12:00:00.000,2016,7,3,12,03004KT,12,10
2016-07-03 13:00:00.000,2016,7,3,13,05007KT,14,10
2016-07-03 14:00:00.000,2016,7,3,14,03009KT,16,10
2016-07-03 15:00:00.000,2016,7,3,15,05009KT,17,10
2016-07-03 15:10:00.000,2016,7,3,15,05009KT,16,10
2016-07-03 15:35:00.000,2016,7,3,15,06008KT,16,12
2016-07-03 16:00:00.000,2016,7,3,16,06008KT,16,11
2016-07-03 16:05:00.000,2016,7,3,16,09006KT,15,11
2016-07-03 17:00:00.000,2016,7,3,17,21005G16KT,17,11
2016-07-03 18:00:00.000,2016,7,3,18,36011KT,16,10
2016-07-03 19:00:00.000,2016,7,3,19,13007KT,18,08
2016-07-03 20:00:00.000,2016,7,3,20,08012KT,19,06
2016-07-03 21:00:00.000,2016,7,3,21,13010KT,19,06
2016-07-03 22:00:00.000,2016,7,3,22,14010KT,18,06
2016-07-03 23:00:00.000,2016,7,3,23,13010KT,17,06
2016-07-04 00:00:00.000,2016,7,4,0,07012KT,14,09
2016-07-04 00:17:00.000,2016,7,4,0,02005KT,13,09
2016-07-04 01:00:00.000,2016,7,4,1,01004KT,13,09
2016-07-04 02:00:00.000,2016,7,4,2,04005KT,13,06
2016-07-04 03:00:00.000,2016,7,4,3,07005KT,13,06
2016-07-04 04:00:00.000,2016,7,4,4,07008KT,12,06
2016-07-04 05:00:00.000,2016,7,4,5,VRB02KT,12,07
2016-07-04 06:00:00.000,2016,7,4,6,06008KT,12,06
2016-07-04 07:00:00.000,2016,7,4,7,04005KT,12,05
2016-07-04 08:00:00.000,2016,7,4,8,09005KT,12,04
2016-07-04 09:00:00.000,2016,7,4,9,14004KT,12,04
2016-07-04 10:00:00.000,2016,7,4,10,VRB02KT,12,05
2016-07-04 10:30:00.000,2016,7,4,10,31004KT,11,05
2016-07-04 11:00:00.000,2016,7,4,11,VRB02KT,11,05
2016-07-04 12:00:00.000,2016,7,4,12,VRB02KT,12,05
2016-07-04 13:00:00.000,2016,7,4,13,VRB02KT,15,03
2016-07-04 14:00:00.000,2016,7,4,14,09004KT,16,04
2016-07-04 15:00:00.000,2016,7,4,15,36012KT,17,06
2016-07-04 16:00:00.000,2016,7,4,16,06006KT,17,08
2016-07-04 17:00:00.000,2016,7,4,17,14010KT,18,07
2016-07-04 18:00:00.000,2016,7,4,18,11009KT,19,07
2016-07-04 19:00:00.000,2016,7,4,19,12003KT,18,08
2016-07-04 20:00:00.000,2016,7,4,20,13012KT,18,07
2016-07-04 21:00:00.000,2016,7,4,21,13014KT,18,08
2016-07-04 22:00:00.000,2016,7,4,22,16009KT,17,08
2016-07-04 23:00:00.000,2016,7,4,23,05004KT,14,10
2016-07-05 00:00:00.000,2016,7,5,0,05005KT,13,10
2016-07-05 01:00:00.000,2016,7,5,1,04005KT,14,10
2016-07-05 02:00:00.000,2016,7,5,2,08004KT,14,09
2016-07-05 03:00:00.000,2016,7,5,3,04003KT,14,09
2016-07-05 04:00:00.000,2016,7,5,4,05008KT,13,09
2016-07-05 05:00:00.000,2016,7,5,5,03007KT,13,09
2016-07-05 06:00:00.000,2016,7,5,6,04006KT,12,09
2016-07-05 07:00:00.000,2016,7,5,7,32003KT,13,09
2016-07-05 08:00:00.000,2016,7,5,8,06008KT,12,09
2016-07-05 09:00:00.000,2016,7,5,9,03003KT,11,09
2016-07-05 10:00:00.000,2016,7,5,10,11004KT,12,09
2016-07-05 10:30:00.000,2016,7,5,10,07004KT,12,09
2016-07-05 11:00:00.000,2016,7,5,11,07003KT,12,09
2016-07-05 12:00:00.000,2016,7,5,12,05005KT,13,10
2016-07-05 13:00:00.000,2016,7,5,13,06005KT,15,10
2016-07-05 14:00:00.000,2016,7,5,14,12008KT,16,10
2016-07-05 15:00:00.000,2016,7,5,15,14008KT,17,09
2016-07-05 16:00:00.000,2016,7,5,16,18006KT,18,10
2016-07-05 17:00:00.000,2016,7,5,17,14012KT,18,10
2016-07-05 18:00:00.000,2016,7,5,18,17008KT,17,10
2016-07-05 19:00:00.000,2016,7,5,19,23008KT,18,10
2016-07-05 20:00:00.000,2016,7,5,20,24003KT,18,10
2016-07-05 21:00:00.000,2016,7,5,21,30010KT,17,12
2016-07-05 22:00:00.000,2016,7,5,22,31007KT,17,12
2016-07-05 23:00:00.000,2016,7,5,23,32008KT,15,12
2016-07-06 00:00:00.000,2016,7,6,0,VRB02KT,14,11
2016-07-06 01:00:00.000,2016,7,6,1,33004KT,11,09
2016-07-06 02:00:00.000,2016,7,6,2,30004KT,12,10
2016-07-06 03:00:00.000,2016,7,6,3,01005KT,12,10
2016-07-06 03:26:00.000,2016,7,6,3,04007KT,12,11
2016-07-06 04:00:00.000,2016,7,6,4,05006KT,12,11
2016-07-06 05:00:00.000,2016,7,6,5,11003KT,12,10
2016-07-06 06:00:00.000,2016,7,6,6,10003KT,12,10
2016-07-06 07:00:00.000,2016,7,6,7,04005KT,11,10
2016-07-06 08:00:00.000,2016,7,6,8,35005KT,11,10
2016-07-06 09:00:00.000,2016,7,6,9,VRB02KT,11,10
2016-07-06 10:00:00.000,2016,7,6,10,00000KT,12,10
2016-07-06 10:30:00.000,2016,7,6,10,00000KT,11,10
2016-07-06 11:00:00.000,2016,7,6,11,00000KT,11,10
2016-07-06 11:23:00.000,2016,7,6,11,VRB02KT,12,11
2016-07-06 12:00:00.000,2016,7,6,12,VRB02KT,12,11
2016-07-06 12:21:00.000,2016,7,6,12,35004KT,12,11
2016-07-06 13:00:00.000,2016,7,6,13,03004KT,13,11
2016-07-06 14:00:00.000,2016,7,6,14,02006KT,14,12
2016-07-06 15:00:00.000,2016,7,6,15,08004KT,15,10
2016-07-06 16:00:00.000,2016,7,6,16,26008KT,16,11
2016-07-06 17:00:00.000,2016,7,6,17,26010KT,15,12
2016-07-06 18:00:00.000,2016,7,6,18,26008KT,13,11
2016-07-06 19:00:00.000,2016,7,6,19,25010KT,16,12
2016-07-06 20:00:00.000,2016,7,6,20,25010KT,16,12
2016-07-06 20:21:00.000,2016,7,6,20,25011KT,15,12
2016-07-06 21:00:00.000,2016,7,6,21,32006KT,15,12
2016-07-06 22:00:00.000,2016,7,6,22,26004KT,14,11
2016-07-06 23:00:00.000,2016,7,6,23,VRB02KT,14,12
2016-07-07 00:00:00.000,2016,7,7,0,07004KT,14,11
2016-07-07 01:00:00.000,2016,7,7,1,05003KT,13,11
2016-07-07 02:00:00.000,2016,7,7,2,VRB02KT,12,11
2016-07-07 03:00:00.000,2016,7,7,3,03004KT,12,11
2016-07-07 04:00:00.000,2016,7,7,4,08006KT,12,11
2016-07-07 05:00:00.000,2016,7,7,5,04006KT,12,10
2016-07-07 06:00:00.000,2016,7,7,6,04006KT,12,10
2016-07-07 07:00:00.000,2016,7,7,7,03007KT,11,10
2016-07-07 08:00:00.000,2016,7,7,8,05007KT,12,10
2016-07-07 09:00:00.000,2016,7,7,9,06007KT,12,10
2016-07-07 10:00:00.000,2016,7,7,10,06006KT,11,09
2016-07-07 10:30:00.000,2016,7,7,10,04005KT,11,09
2016-07-07 11:00:00.000,2016,7,7,11,04006KT,10,09
2016-07-07 12:00:00.000,2016,7,7,12,05005KT,12,10
2016-07-07 13:00:00.000,2016,7,7,13,06007KT,14,09
2016-07-07 14:00:00.000,2016,7,7,14,13006KT,16,09
2016-07-07 15:00:00.000,2016,7,7,15,14011KT,17,08
2016-07-07 16:00:00.000,2016,7,7,16,14015KT,18,09
2016-07-07 17:00:00.000,2016,7,7,17,17010KT,18,09
2016-07-07 18:00:00.000,2016,7,7,18,11012KT,18,09
2016-07-07 19:00:00.000,2016,7,7,19,16016KT,18,09
2016-07-07 20:00:00.000,2016,7,7,20,15020KT,19,09
2016-07-08 00:00:00.000,2016,7,8,0,17008KT,15,08
2016-07-08 01:00:00.000,2016,7,8,1,18007KT,15,08
2016-07-08 02:00:00.000,2016,7,8,2,12005KT,14,09
2016-07-08 03:00:00.000,2016,7,8,3,12006KT,14,08
2016-07-08 04:00:00.000,2016,7,8,4,12003KT,13,08
2016-07-08 05:00:00.000,2016,7,8,5,12005KT,13,09
2016-07-08 06:00:00.000,2016,7,8,6,VRB02KT,12,09
2016-07-08 07:00:00.000,2016,7,8,7,12004KT,11,09
2016-07-08 08:00:00.000,2016,7,8,8,11005KT,13,08
2016-07-08 09:00:00.000,2016,7,8,9,08007KT,13,08
2016-07-08 10:00:00.000,2016,7,8,10,10006KT,14,08
2016-07-08 10:29:00.000,2016,7,8,10,12006KT,14,08
2016-07-08 11:00:00.000,2016,7,8,11,11008KT,14,07
2016-07-08 12:00:00.000,2016,7,8,12,12009KT,14,07
2016-07-08 13:00:00.000,2016,7,8,13,11006KT,15,07
2016-07-08 14:00:00.000,2016,7,8,14,12011KT,17,07
2016-07-08 15:00:00.000,2016,7,8,15,14012KT,16,07
2016-07-08 16:00:00.000,2016,7,8,16,12013KT,18,06
2016-07-08 17:00:00.000,2016,7,8,17,13014KT,18,06
2016-07-08 18:00:00.000,2016,7,8,18,15013KT,19,07
2016-07-08 19:00:00.000,2016,7,8,19,14008KT,18,06
2016-07-08 20:00:00.000,2016,7,8,20,14014KT,18,06
2016-07-08 21:00:00.000,2016,7,8,21,11009KT,18,06
2016-07-08 22:00:00.000,2016,7,8,22,09007KT,17,06
2016-07-08 23:00:00.000,2016,7,8,23,13007KT,16,07
2016-07-09 00:00:00.000,2016,7,9,0,12008KT,16,07
2016-07-09 01:00:00.000,2016,7,9,1,14006KT,15,07
2016-07-09 02:00:00.000,2016,7,9,2,10005KT,15,08
2016-07-09 03:00:00.000,2016,7,9,3,VRB02KT,14,07
2016-07-09 04:00:00.000,2016,7,9,4,05004KT,14,08
2016-07-09 05:00:00.000,2016,7,9,5,12003KT,14,07
2016-07-09 06:00:00.000,2016,7,9,6,VRB02KT,12,08
2016-07-09 07:00:00.000,2016,7,9,7,VRB02KT,12,07
2016-07-09 08:00:00.000,2016,7,9,8,VRB02KT,12,07
2016-07-09 09:00:00.000,2016,7,9,9,07005KT,10,07
2016-07-09 10:00:00.000,2016,7,9,10,10006KT,12,06
2016-07-09 10:30:00.000,2016,7,9,10,13006KT,11,06
2016-07-09 11:00:00.000,2016,7,9,11,10007KT,12,06
2016-07-09 12:00:00.000,2016,7,9,12,10014KT,14,06
2016-07-09 13:00:00.000,2016,7,9,13,08012KT,16,06
2016-07-09 13:35:00.000,2016,7,9,13,10014G24KT,17,06
2016-07-09 14:00:00.000,2016,7,9,14,09010G22KT,17,06
2016-07-09 15:00:00.000,2016,7,9,15,11008G23KT,18,06
2016-07-09 16:00:00.000,2016,7,9,16,11010G23KT,19,06
2016-07-09 17:00:00.000,2016,7,9,17,11015KT,20,06
2016-07-09 18:00:00.000,2016,7,9,18,11013KT,20,06
2016-07-09 19:00:00.000,2016,7,9,19,11010G23KT,20,07
2016-07-09 20:00:00.000,2016,7,9,20,10015KT,20,06
2016-07-09 21:00:00.000,2016,7,9,21,11014KT,19,06
2016-07-09 22:00:00.000,2016,7,9,22,11015KT,19,05
2016-07-09 23:00:00.000,2016,7,9,23,12015KT,17,07
2016-07-10 00:00:00.000,2016,7,10,0,14011KT,15,08
2016-07-10 01:00:00.000,2016,7,10,1,09005KT,15,08
2016-07-10 02:00:00.000,2016,7,10,2,08005KT,15,08
2016-07-10 03:00:00.000,2016,7,10,3,12006KT,14,08
2016-07-10 04:00:00.000,2016,7,10,4,13007KT,13,07
2016-07-10 05:00:00.000,2016,7,10,5,10005KT,14,07
2016-07-10 06:00:00.000,2016,7,10,6,05003KT,11,09
2016-07-10 07:00:00.000,2016,7,10,7,13005KT,13,07
2016-07-10 08:00:00.000,2016,7,10,8,12006KT,13,07
2016-07-10 09:00:00.000,2016,7,10,9,12005KT,13,07
2016-07-10 10:00:00.000,2016,7,10,10,VRB02KT,12,08
2016-07-10 10:30:00.000,2016,7,10,10,VRB02KT,12,08
2016-07-10 11:00:00.000,2016,7,10,11,04004KT,12,09
2016-07-10 12:00:00.000,2016,7,10,12,02004KT,13,09
2016-07-10 13:00:00.000,2016,7,10,13,06010KT,15,08
2016-07-10 14:00:00.000,2016,7,10,14,12012KT,18,07
2016-07-10 15:00:00.000,2016,7,10,15,10012KT,17,07
2016-07-10 16:00:00.000,2016,7,10,16,09010KT,18,06
2016-07-10 17:00:00.000,2016,7,10,17,15012KT,18,07
2016-07-10 18:00:00.000,2016,7,10,18,15015KT,18,07
2016-07-10 19:00:00.000,2016,7,10,19,15011KT,19,07
2016-07-10 20:00:00.000,2016,7,10,20,12003KT,18,06
2016-07-10 21:00:00.000,2016,7,10,21,13008KT,18,07
2016-07-10 22:00:00.000,2016,7,10,22,12005KT,18,07
2016-07-10 23:00:00.000,2016,7,10,23,11004KT,17,07
2016-07-11 00:00:00.000,2016,7,11,0,12004KT,16,07
2016-07-11 01:00:00.000,2016,7,11,1,VRB02KT,14,07
2016-07-11 02:00:00.000,2016,7,11,2,05004KT,13,08
2016-07-11 03:00:00.000,2016,7,11,3,VRB02KT,15,07
2016-07-11 04:00:00.000,2016,7,11,4,14008KT,14,08
2016-07-11 05:00:00.000,2016,7,11,5,VRB02KT,12,09
2016-07-11 06:00:00.000,2016,7,11,6,VRB02KT,11,08
2016-07-11 07:00:00.000,2016,7,11,7,36003KT,11,07
2016-07-11 08:00:00.000,2016,7,11,8,VRB02KT,11,08
2016-07-11 09:00:00.000,2016,7,11,9,11004KT,11,07
2016-07-11 10:00:00.000,2016,7,11,10,06003KT,09,08
2016-07-11 10:30:00.000,2016,7,11,10,07004KT,09,07
2016-07-11 11:00:00.000,2016,7,11,11,07005KT,11,09
2016-07-11 12:00:00.000,2016,7,11,12,35003KT,12,09
2016-07-11 13:00:00.000,2016,7,11,13,VRB02KT,14,10
2016-07-11 14:00:00.000,2016,7,11,14,14008KT,16,08
2016-07-11 15:00:00.000,2016,7,11,15,16015KT,17,07
2016-07-11 16:00:00.000,2016,7,11,16,08006KT,19,08
2016-07-11 17:00:00.000,2016,7,11,17,10006KT,19,08
2016-07-11 18:00:00.000,2016,7,11,18,15014KT,18,07
2016-07-11 19:00:00.000,2016,7,11,19,17012KT,19,07
2016-07-11 20:00:00.000,2016,7,11,20,12013KT,19,06
2016-07-11 21:00:00.000,2016,7,11,21,05008KT,17,08
2016-07-11 22:00:00.000,2016,7,11,22,10010KT,17,08
2016-07-11 23:00:00.000,2016,7,11,23,07012KT,15,10
2016-07-12 00:00:00.000,2016,7,12,0,17008KT,14,09
2016-07-12 01:00:00.000,2016,7,12,1,16004KT,13,08
2016-07-12 02:00:00.000,2016,7,12,2,32004KT,12,08
2016-07-12 03:00:00.000,2016,7,12,3,05007KT,12,09
2016-07-12 04:00:00.000,2016,7,12,4,01005KT,12,09
2016-07-12 05:00:00.000,2016,7,12,5,06004KT,12,08
2016-07-12 06:00:00.000,2016,7,12,6,02006KT,11,08
2016-07-12 07:00:00.000,2016,7,12,7,VRB02KT,10,08
2016-07-12 08:00:00.000,2016,7,12,8,29003KT,10,08
2016-07-12 09:00:00.000,2016,7,12,9,05004KT,09,07
2016-07-12 10:00:00.000,2016,7,12,10,VRB02KT,09,07
2016-07-12 10:30:00.000,2016,7,12,10,34003KT,08,07
2016-07-12 11:00:00.000,2016,7,12,11,VRB02KT,08,07
2016-07-12 12:00:00.000,2016,7,12,12,03004KT,09,08
2016-07-12 13:00:00.000,2016,7,12,13,01003KT,12,08
2016-07-12 14:00:00.000,2016,7,12,14,13007KT,14,07
2016-07-12 15:00:00.000,2016,7,12,15,25008KT,15,07
2016-07-12 16:00:00.000,2016,7,12,16,10006KT,18,06
2016-07-12 17:00:00.000,2016,7,12,17,18012KT,17,07
2016-07-12 18:00:00.000,2016,7,12,18,12016KT,18,07
2016-07-12 19:00:00.000,2016,7,12,19,15014KT,20,07
2016-07-12 20:00:00.000,2016,7,12,20,15012KT,17,06
2016-07-12 20:35:00.000,2016,7,12,20,14006KT,17,08
2016-07-12 21:00:00.000,2016,7,12,21,14009KT,16,08
2016-07-12 22:00:00.000,2016,7,12,22,34007KT,14,10
2016-07-12 23:00:00.000,2016,7,12,23,31005KT,13,09
2016-07-13 00:00:00.000,2016,7,13,0,31003KT,12,09
2016-07-13 01:00:00.000,2016,7,13,1,VRB02KT,12,09
2016-07-13 02:00:00.000,2016,7,13,2,14003KT,11,09
2016-07-13 03:00:00.000,2016,7,13,3,35003KT,11,09
2016-07-13 04:00:00.000,2016,7,13,4,05006KT,12,09
2016-07-13 05:00:00.000,2016,7,13,5,05006KT,13,08
2016-07-13 06:00:00.000,2016,7,13,6,07006KT,13,08
2016-07-13 07:00:00.000,2016,7,13,7,13004KT,14,07
2016-07-13 08:00:00.000,2016,7,13,8,06004KT,12,08
2016-07-13 09:00:00.000,2016,7,13,9,VRB02KT,11,08
2016-07-13 10:00:00.000,2016,7,13,10,VRB02KT,11,08
2016-07-13 10:30:00.000,2016,7,13,10,33003KT,12,08
2016-07-13 11:00:00.000,2016,7,13,11,30003KT,11,08
2016-07-13 12:00:00.000,2016,7,13,12,03003KT,12,09
2016-07-13 13:00:00.000,2016,7,13,13,02005KT,14,10
2016-07-13 14:00:00.000,2016,7,13,14,15004KT,15,07
2016-07-13 15:00:00.000,2016,7,13,15,14006KT,16,07
2016-07-13 16:00:00.000,2016,7,13,16,08008KT,16,08
2016-07-13 17:00:00.000,2016,7,13,17,14012KT,18,07
2016-07-13 18:00:00.000,2016,7,13,18,09010KT,18,07
2016-07-13 19:00:00.000,2016,7,13,19,13012KT,18,06
2016-07-13 20:00:00.000,2016,7,13,20,11010KT,19,07
2016-07-13 21:00:00.000,2016,7,13,21,09014KT,16,07
2016-07-13 22:00:00.000,2016,7,13,22,04008KT,16,07
2016-07-13 23:00:00.000,2016,7,13,23,05007KT,14,08
2016-07-14 00:00:00.000,2016,7,14,0,04007KT,13,07
2016-07-14 01:00:00.000,2016,7,14,1,06006KT,13,06
2016-07-14 02:00:00.000,2016,7,14,2,36005KT,12,06
2016-07-14 03:00:00.000,2016,7,14,3,04005KT,11,06
2016-07-14 04:00:00.000,2016,7,14,4,02005KT,11,07
2016-07-14 05:00:00.000,2016,7,14,5,31003KT,11,07
2016-07-14 06:00:00.000,2016,7,14,6,05006KT,10,07
2016-07-14 07:00:00.000,2016,7,14,7,02003KT,10,07
2016-07-14 08:00:00.000,2016,7,14,8,35003KT,09,06
2016-07-14 09:00:00.000,2016,7,14,9,03005KT,10,07
2016-07-14 10:00:00.000,2016,7,14,10,02004KT,09,06
2016-07-14 10:28:00.000,2016,7,14,10,07004KT,08,07
2016-07-14 11:00:00.000,2016,7,14,11,05004KT,09,07
2016-07-14 12:00:00.000,2016,7,14,12,04008KT,10,07
2016-07-14 13:00:00.000,2016,7,14,13,05006KT,12,08
2016-07-14 14:00:00.000,2016,7,14,14,05006KT,14,08
2016-07-14 15:00:00.000,2016,7,14,15,13006KT,17,07
2016-07-14 16:00:00.000,2016,7,14,16,12010KT,18,06
2016-07-14 17:00:00.000,2016,7,14,17,12010KT,19,06
2016-07-14 18:00:00.000,2016,7,14,18,13011KT,20,06
2016-07-14 19:00:00.000,2016,7,14,19,13005KT,19,05
2016-07-14 20:00:00.000,2016,7,14,20,08009KT,20,07
2016-07-14 21:00:00.000,2016,7,14,21,14012KT,20,05
2016-07-14 22:00:00.000,2016,7,14,22,14009KT,19,05
2016-07-14 23:00:00.000,2016,7,14,23,28008KT,16,10
2016-07-15 00:00:00.000,2016,7,15,0,31008KT,14,11
2016-07-15 01:00:00.000,2016,7,15,1,34004KT,14,11
2016-07-15 01:25:00.000,2016,7,15,1,VRB02KT,13,12
2016-07-15 02:00:00.000,2016,7,15,2,22006KT,14,12
2016-07-15 03:00:00.000,2016,7,15,3,VRB02KT,13,11
2016-07-15 04:00:00.000,2016,7,15,4,24004KT,13,10
2016-07-15 05:00:00.000,2016,7,15,5,VRB02KT,12,10
2016-07-15 06:00:00.000,2016,7,15,6,VRB02KT,12,10
2016-07-15 07:00:00.000,2016,7,15,7,VRB02KT,12,10
2016-07-15 09:00:00.000,2016,7,15,9,04005KT,11,10
2016-07-15 10:00:00.000,2016,7,15,10,04006KT,11,09
2016-07-15 10:30:00.000,2016,7,15,10,06005KT,11,09
2016-07-15 11:00:00.000,2016,7,15,11,04005KT,11,09
2016-07-15 12:00:00.000,2016,7,15,12,02006KT,12,09
2016-07-15 12:18:00.000,2016,7,15,12,04007KT,14,10
2016-07-15 13:00:00.000,2016,7,15,13,36004KT,15,09
2016-07-15 14:00:00.000,2016,7,15,14,05009KT,15,09
2016-07-15 15:00:00.000,2016,7,15,15,03008KT,16,09
2016-07-15 16:00:00.000,2016,7,15,16,07009KT,16,09
2016-07-15 17:00:00.000,2016,7,15,17,27004KT,16,09
2016-07-15 17:30:00.000,2016,7,15,17,06005KT,19,09
2016-07-15 18:00:00.000,2016,7,15,18,18005KT,20,08
2016-07-15 19:00:00.000,2016,7,15,19,23007KT,18,11
2016-07-15 20:00:00.000,2016,7,15,20,01003KT,17,10
2016-07-15 21:00:00.000,2016,7,15,21,02005KT,16,11
2016-07-15 22:00:00.000,2016,7,15,22,29009KT,15,12
2016-07-15 22:15:00.000,2016,7,15,22,29009KT,14,12
2016-07-15 23:00:00.000,2016,7,15,23,27007KT,14,12
2016-07-16 01:00:00.000,2016,7,16,1,160100Z,13,11
2016-07-16 02:00:00.000,2016,7,16,2,34003KT,13,11
2016-07-16 03:00:00.000,2016,7,16,3,VRB02KT,12,11
2016-07-16 04:00:00.000,2016,7,16,4,34003KT,12,11
2016-07-16 05:00:00.000,2016,7,16,5,03003KT,11,10
2016-07-16 06:00:00.000,2016,7,16,6,30004KT,11,10
2016-07-16 07:00:00.000,2016,7,16,7,VRB02KT,11,10
2016-07-16 08:00:00.000,2016,7,16,8,VRB02KT,11,09
2016-07-16 09:00:00.000,2016,7,16,9,34004KT,10,09
2016-07-16 10:00:00.000,2016,7,16,10,VRB02KT,10,09
2016-07-16 10:30:00.000,2016,7,16,10,03004KT,11,09
2016-07-16 11:00:00.000,2016,7,16,11,02004KT,11,09
2016-07-16 12:00:00.000,2016,7,16,12,VRB02KT,11,10
2016-07-16 13:00:00.000,2016,7,16,13,34003KT,13,10
2016-07-16 13:35:00.000,2016,7,16,13,34004KT,15,10
2016-07-16 14:00:00.000,2016,7,16,14,VRB02KT,16,10
2016-07-16 15:00:00.000,2016,7,16,15,30004KT,16,11
2016-07-16 16:00:00.000,2016,7,16,16,01005KT,16,09
2016-07-16 16:18:00.000,2016,7,16,16,VRB02KT,17,09
2016-07-16 17:00:00.000,2016,7,16,17,07003KT,07,09
2016-07-16 18:00:00.000,2016,7,16,18,15004KT,18,08
2016-07-16 19:00:00.000,2016,7,16,19,13006KT,18,09
2016-07-16 20:00:00.000,2016,7,16,20,04012KT,16,10
2016-07-16 21:00:00.000,2016,7,16,21,04010KT,16,09
2016-07-16 22:00:00.000,2016,7,16,22,04005KT,16,09
2016-07-16 22:06:00.000,2016,7,16,22,02008KT,15,09
2016-07-16 23:00:00.000,2016,7,16,23,25005KT,14,11
2016-07-17 00:00:00.000,2016,7,17,0,23005KT,13,12
2016-07-17 01:00:00.000,2016,7,17,1,29004KT,13,12
2016-07-17 02:00:00.000,2016,7,17,2,VRB02KT,13,11
2016-07-17 03:00:00.000,2016,7,17,3,20003KT,13,10
2016-07-17 04:00:00.000,2016,7,17,4,00000KT,12,10
2016-07-17 05:00:00.000,2016,7,17,5,00000KT,12,10
2016-07-17 06:00:00.000,2016,7,17,6,VRB02KT,11,10
2016-07-17 08:00:00.000,2016,7,17,8,05008KT,11,09
2016-07-17 09:00:00.000,2016,7,17,9,05004KT,11,09
2016-07-17 10:00:00.000,2016,7,17,10,06004KT,11,09
2016-07-17 10:30:00.000,2016,7,17,10,04005KT,09,08
2016-07-17 11:00:00.000,2016,7,17,11,05007KT,09,08
2016-07-17 12:00:00.000,2016,7,17,12,06006KT,13,10
2016-07-17 13:00:00.000,2016,7,17,13,05008KT,15,10
2016-07-17 14:00:00.000,2016,7,17,14,08012KT,17,09
2016-07-17 15:00:00.000,2016,7,17,15,13014KT,17,08
2016-07-17 16:00:00.000,2016,7,17,16,15012KT,18,09
2016-07-17 17:00:00.000,2016,7,17,17,14014KT,17,07
2016-07-17 18:00:00.000,2016,7,17,18,14015KT,18,08
2016-07-17 19:00:00.000,2016,7,17,19,15012KT,18,08
2016-07-17 20:00:00.000,2016,7,17,20,16007KT,19,08
2016-07-17 21:00:00.000,2016,7,17,21,16010KT,19,08
2016-07-17 22:00:00.000,2016,7,17,22,16010KT,18,08
2016-07-17 23:00:00.000,2016,7,17,23,06006KT,16,08
2016-07-18 00:00:00.000,2016,7,18,0,VRB02KT,15,08
2016-07-18 01:00:00.000,2016,7,18,1,05005KT,14,09
2016-07-18 02:00:00.000,2016,7,18,2,02006KT,13,09
2016-07-18 03:00:00.000,2016,7,18,3,07005KT,12,09
2016-07-18 04:00:00.000,2016,7,18,4,02005KT,12,09
2016-07-18 05:00:00.000,2016,7,18,5,06005KT,11,09
2016-07-18 06:00:00.000,2016,7,18,6,04007KT,11,09
2016-07-18 07:00:00.000,2016,7,18,7,05005KT,12,09
2016-07-18 08:00:00.000,2016,7,18,8,05008KT,11,09
2016-07-18 09:00:00.000,2016,7,18,9,05004KT,11,09
2016-07-18 10:00:00.000,2016,7,18,10,06004KT,11,09
2016-07-18 10:30:00.000,2016,7,18,10,04004KT,11,09
2016-07-18 11:00:00.000,2016,7,18,11,05004KT,11,09
2016-07-18 12:00:00.000,2016,7,18,12,04004KT,11,10
2016-07-18 12:30:00.000,2016,7,18,12,06004KT,13,10
2016-07-18 13:00:00.000,2016,7,18,13,05005KT,14,10
2016-07-18 14:00:00.000,2016,7,18,14,05006KT,16,10
2016-07-18 15:00:00.000,2016,7,18,15,VRB02KT,17,08
2016-07-18 16:00:00.000,2016,7,18,16,11006KT,17,07
2016-07-18 17:00:00.000,2016,7,18,17,05009KT,17,10
2016-07-18 18:00:00.000,2016,7,18,18,24005KT,15,10
2016-07-18 18:05:00.000,2016,7,18,18,VRB02KT,15,10
2016-07-18 19:00:00.000,2016,7,18,19,18007KT,16,11
2016-07-18 20:00:00.000,2016,7,18,20,18007KT,16,11
2016-07-18 21:00:00.000,2016,7,18,21,14006KT,13,08
2016-07-18 21:13:00.000,2016,7,18,21,06004KT,14,07
2016-07-18 22:00:00.000,2016,7,18,22,VRB02KT,14,07
2016-07-18 23:00:00.000,2016,7,18,23,VRB02KT,14,07
2016-07-19 00:00:00.000,2016,7,19,0,33004KT,12,09
2016-07-19 01:00:00.000,2016,7,19,1,11004KT,13,07
2016-07-19 02:00:00.000,2016,7,19,2,05005KT,11,08
2016-07-19 03:00:00.000,2016,7,19,3,06006KT,11,08
2016-07-19 04:00:00.000,2016,7,19,4,05005KT,10,08
2016-07-19 05:00:00.000,2016,7,19,5,05004KT,10,08
2016-07-19 06:00:00.000,2016,7,19,6,32004KT,10,08
2016-07-19 07:00:00.000,2016,7,19,7,03004KT,09,07
2016-07-19 08:00:00.000,2016,7,19,8,05003KT,09,08
2016-07-19 09:00:00.000,2016,7,19,9,04004KT,10,08
2016-07-19 10:00:00.000,2016,7,19,10,04003KT,10,08
2016-07-19 10:30:00.000,2016,7,19,10,06007KT,11,08
2016-07-19 11:00:00.000,2016,7,19,11,05007KT,10,08
2016-07-19 12:00:00.000,2016,7,19,12,05004KT,11,08
2016-07-19 13:00:00.000,2016,7,19,13,04007KT,13,09
2016-07-19 14:00:00.000,2016,7,19,14,04004KT,14,08
2016-07-19 15:00:00.000,2016,7,19,15,16004KT,15,08
2016-07-19 16:00:00.000,2016,7,19,16,VRB02KT,16,08
2016-07-19 17:00:00.000,2016,7,19,17,15008KT,17,08
2016-07-19 18:00:00.000,2016,7,19,18,13008KT,17,08
2016-07-19 19:00:00.000,2016,7,19,19,08004KT,18,10
2016-07-19 20:00:00.000,2016,7,19,20,30006KT,16,11
2016-07-19 20:05:00.000,2016,7,19,20,30007KT,15,11
2016-07-19 21:00:00.000,2016,7,19,21,28005KT,14,11
2016-07-19 22:00:00.000,2016,7,19,22,28007KT,16,11
2016-07-19 23:00:00.000,2016,7,19,23,29004KT,15,11
2016-07-20 00:00:00.000,2016,7,20,0,VRB02KT,13,10
2016-07-20 01:00:00.000,2016,7,20,1,03003KT,12,10
2016-07-20 02:00:00.000,2016,7,20,2,VRB02KT,13,10
2016-07-20 03:00:00.000,2016,7,20,3,VRB02KT,13,10
2016-07-20 04:00:00.000,2016,7,20,4,VRB02KT,13,10
2016-07-20 05:00:00.000,2016,7,20,5,05006KT,13,09
2016-07-20 05:02:00.000,2016,7,20,5,05006KT,12,09
2016-07-20 06:00:00.000,2016,7,20,6,04003KT,11,10
2016-07-20 07:00:00.000,2016,7,20,7,05004KT,11,10
2016-07-20 08:00:00.000,2016,7,20,8,VRB02KT,10,09
2016-07-20 09:00:00.000,2016,7,20,9,06004KT,11,09
2016-07-20 10:00:00.000,2016,7,20,10,VRB02KT,10,09
2016-07-20 10:30:00.000,2016,7,20,10,05005KT,10,09
2016-07-20 11:00:00.000,2016,7,20,11,06005KT,10,09
2016-07-20 12:00:00.000,2016,7,20,12,05008KT,11,09
2016-07-20 13:00:00.000,2016,7,20,13,04010KT,13,10
2016-07-20 14:00:00.000,2016,7,20,14,07003KT,14,10
2016-07-20 15:00:00.000,2016,7,20,15,04008KT,15,10
2016-07-20 16:00:00.000,2016,7,20,16,06011KT,16,09
2016-07-20 17:00:00.000,2016,7,20,17,12012KT,17,07
2016-07-20 18:00:00.000,2016,7,20,18,12005KT,17,07
2016-07-20 19:00:00.000,2016,7,20,19,11006KT,17,07
2016-07-20 20:00:00.000,2016,7,20,20,17012KT,17,09
2016-07-20 20:30:00.000,2016,7,20,20,18015KT,16,09
2016-07-20 21:00:00.000,2016,7,20,21,17011KT,16,09
2016-07-20 22:00:00.000,2016,7,20,22,16012KT,16,08
2016-07-20 23:00:00.000,2016,7,20,23,21004KT,15,09
2016-07-21 00:00:00.000,2016,7,21,0,10004KT,15,08
2016-07-21 01:00:00.000,2016,7,21,1,07005KT,14,08
2016-07-21 02:00:00.000,2016,7,21,2,04006KT,13,09
2016-07-21 03:00:00.000,2016,7,21,3,06006KT,13,09
2016-07-21 04:00:00.000,2016,7,21,4,04006KT,11,08
2016-07-21 06:00:00.000,2016,7,21,6,04006KT,11,09
2016-07-21 07:00:00.000,2016,7,21,7,VRB02KT,11,09
2016-07-21 08:00:00.000,2016,7,21,8,08003KT,10,08
2016-07-21 09:00:00.000,2016,7,21,9,03005KT,09,07
2016-07-21 10:00:00.000,2016,7,21,10,VRB02KT,10,09
2016-07-21 10:30:00.000,2016,7,21,10,VRB02KT,10,08
2016-07-21 11:00:00.000,2016,7,21,11,36004KT,10,08
2016-07-21 12:00:00.000,2016,7,21,12,VRB02KT,12,09
2016-07-21 13:00:00.000,2016,7,21,13,04005KT,15,09
2016-07-21 14:00:00.000,2016,7,21,14,14004KT,15,08
2016-07-21 15:00:00.000,2016,7,21,15,26003KT,17,08
2016-07-21 16:00:00.000,2016,7,21,16,14010KT,15,10
2016-07-21 16:03:00.000,2016,7,21,16,14012KT,16,10
2016-07-21 17:00:00.000,2016,7,21,17,19009KT,16,10
2016-07-21 17:10:00.000,2016,7,21,17,17013KT,16,10
2016-07-21 17:28:00.000,2016,7,21,17,17013KT,15,11
2016-07-21 18:00:00.000,2016,7,21,18,18009KT,16,09
2016-07-21 19:00:00.000,2016,7,21,19,32003KT,16,10
2016-07-21 19:30:00.000,2016,7,21,19,08005KT,15,10
2016-07-21 19:40:00.000,2016,7,21,19,VRB02KT,14,11
2016-07-21 20:00:00.000,2016,7,21,20,13013KT,15,11
2016-07-21 20:40:00.000,2016,7,21,20,19010KT,16,08
2016-07-21 21:00:00.000,2016,7,21,21,15004KT,14,09
2016-07-21 22:00:00.000,2016,7,21,22,34005KT,15,12
2016-07-21 22:03:00.000,2016,7,21,22,35003KT,15,12
2016-07-21 23:00:00.000,2016,7,21,23,VRB02KT,15,10
2016-07-22 00:00:00.000,2016,7,22,0,14004KT,14,08
2016-07-22 01:00:00.000,2016,7,22,1,12003KT,14,09
2016-07-22 02:00:00.000,2016,7,22,2,10006KT,14,08
2016-07-22 03:00:00.000,2016,7,22,3,04009KT,12,09
2016-07-22 04:00:00.000,2016,7,22,4,04006KT,11,09
2016-07-22 05:00:00.000,2016,7,22,5,03006KT,10,08
2016-07-22 06:00:00.000,2016,7,22,6,05004KT,10,08
2016-07-22 07:00:00.000,2016,7,22,7,05005KT,10,09
2016-07-22 08:00:00.000,2016,7,22,8,33004KT,11,09
2016-07-22 09:00:00.000,2016,7,22,9,VRB02KT,10,09
2016-07-22 10:00:00.000,2016,7,22,10,VRB02KT,10,08
2016-07-22 10:30:00.000,2016,7,22,10,VRB02KT,10,09
2016-07-22 11:00:00.000,2016,7,22,11,VRB02KT,11,09
2016-07-22 12:00:00.000,2016,7,22,12,02003KT,11,10
2016-07-22 13:00:00.000,2016,7,22,13,05005KT,13,10
2016-07-22 14:00:00.000,2016,7,22,14,04006KT,15,09
2016-07-22 15:00:00.000,2016,7,22,15,VRB02KT,16,09
2016-07-22 16:00:00.000,2016,7,22,16,14008KT,16,08
2016-07-22 17:00:00.000,2016,7,22,17,15005KT,16,08
2016-07-22 18:00:00.000,2016,7,22,18,13010KT,17,08
2016-07-22 19:00:00.000,2016,7,22,19,15004KT,17,08
2016-07-22 19:15:00.000,2016,7,22,19,17010KT,16,09
2016-07-22 19:30:00.000,2016,7,22,19,16004KT,16,09
2016-07-22 20:00:00.000,2016,7,22,20,08006KT,17,11
2016-07-22 21:00:00.000,2016,7,22,21,13008KT,18,08
2016-07-22 22:00:00.000,2016,7,22,22,VRB02KT,17,08
2016-07-22 23:00:00.000,2016,7,22,23,30005KT,14,11
2016-07-23 00:00:00.000,2016,7,23,0,34005KT,13,11
2016-07-23 01:00:00.000,2016,7,23,1,32005KT,13,11
2016-07-23 02:00:00.000,2016,7,23,2,33004KT,11,10
2016-07-23 03:00:00.000,2016,7,23,3,02004KT,11,09
2016-07-23 04:00:00.000,2016,7,23,4,28004KT,10,09
2016-07-23 05:00:00.000,2016,7,23,5,VRB02KT,11,09
2016-07-23 06:00:00.000,2016,7,23,6,VRB02KT,10,08
2016-07-23 07:00:00.000,2016,7,23,7,VRB02KT,09,08
2016-07-23 08:00:00.000,2016,7,23,8,VRB02KT,10,09
2016-07-23 09:00:00.000,2016,7,23,9,03004KT,10,09
2016-07-23 10:00:00.000,2016,7,23,10,05003KT,11,09
2016-07-23 10:30:00.000,2016,7,23,10,VRB02KT,10,09
2016-07-23 11:00:00.000,2016,7,23,11,03003KT,10,09
2016-07-23 12:00:00.000,2016,7,23,12,04004KT,11,10
2016-07-23 13:00:00.000,2016,7,23,13,02004KT,12,09
2016-07-23 14:00:00.000,2016,7,23,14,05006KT,14,09
2016-07-23 15:00:00.000,2016,7,23,15,12005KT,16,08
2016-07-23 16:00:00.000,2016,7,23,16,08004KT,16,09
2016-07-23 16:11:00.000,2016,7,23,16,10007KT,16,09
2016-07-23 17:00:00.000,2016,7,23,17,18014KT,17,09
2016-07-23 18:00:00.000,2016,7,23,18,15012KT,18,08
2016-07-23 19:00:00.000,2016,7,23,19,16010KT,18,08
2016-07-23 20:00:00.000,2016,7,23,20,16008KT,18,08
2016-07-23 21:00:00.000,2016,7,23,21,17007KT,18,07
2016-07-23 22:00:00.000,2016,7,23,22,28006KT,16,11
2016-07-23 23:00:00.000,2016,7,23,23,32006KT,15,11
2016-07-24 00:00:00.000,2016,7,24,0,03003KT,14,11
2016-07-24 01:00:00.000,2016,7,24,1,34003KT,13,11
2016-07-24 02:00:00.000,2016,7,24,2,VRB02KT,13,11
2016-07-24 03:00:00.000,2016,7,24,3,VRB02KT,12,10
2016-07-24 04:00:00.000,2016,7,24,4,VRB02KT,12,10
2016-07-24 05:00:00.000,2016,7,24,5,VRB02KT,11,10
2016-07-24 06:00:00.000,2016,7,24,6,35003KT,10,09
2016-07-24 07:00:00.000,2016,7,24,7,VRB02KT,10,09
2016-07-24 08:00:00.000,2016,7,24,8,28003KT,11,10
2016-07-24 09:00:00.000,2016,7,24,9,VRB02KT,12,10
2016-07-24 10:00:00.000,2016,7,24,10,06003KT,09,08
2016-07-24 10:30:00.000,2016,7,24,10,VRB02KT,10,09
2016-07-24 11:00:00.000,2016,7,24,11,03004KT,10,09
2016-07-24 12:00:00.000,2016,7,24,12,03003KT,10,09
2016-07-24 13:00:00.000,2016,7,24,13,VRB02KT,12,10
2016-07-24 13:35:00.000,2016,7,24,13,VRB02KT,15,10
2016-07-24 14:00:00.000,2016,7,24,14,VRB02KT,15,09
2016-07-24 15:00:00.000,2016,7,24,15,25005KT,16,08
2016-07-24 16:00:00.000,2016,7,24,16,34003KT,16,08
2016-07-24 16:11:00.000,2016,7,24,16,29008KT,16,09
2016-07-24 16:38:00.000,2016,7,24,16,229006KT,15,11
2016-07-24 17:00:00.000,2016,7,24,17,24008KT,13,11
2016-07-24 18:00:00.000,2016,7,24,18,29005KT,14,12
2016-07-24 19:00:00.000,2016,7,24,19,VRB02KT,17,10
2016-07-24 20:00:00.000,2016,7,24,20,02007KT,15,10
2016-07-24 21:00:00.000,2016,7,24,21,28006KT,16,10
2016-07-24 22:00:00.000,2016,7,24,22,29010KT,16,11
2016-07-24 23:00:00.000,2016,7,24,23,28003KT,16,10
2016-07-25 00:00:00.000,2016,7,25,0,VRB02KT,14,10
2016-07-25 01:00:00.000,2016,7,25,1,VRB02KT,12,10
2016-07-25 02:00:00.000,2016,7,25,2,05005KT,13,09
2016-07-25 03:00:00.000,2016,7,25,3,07005KT,13,10
2016-07-25 04:00:00.000,2016,7,25,4,04004KT,12,10
2016-07-25 05:00:00.000,2016,7,25,5,05009KT,12,09
2016-07-25 06:00:00.000,2016,7,25,6,05009KT,11,08
2016-07-25 07:00:00.000,2016,7,25,7,05005KT,10,08
2016-07-25 08:00:00.000,2016,7,25,8,04005KT,10,08
2016-07-25 09:00:00.000,2016,7,25,9,04003KT,09,07
2016-07-25 10:00:00.000,2016,7,25,10,02003KT,10,08
2016-07-25 10:30:00.000,2016,7,25,10,06009KT,10,08
2016-07-25 11:00:00.000,2016,7,25,11,VRB02KT,10,08
2016-07-25 12:00:00.000,2016,7,25,12,05005KT,11,09
2016-07-25 13:00:00.000,2016,7,25,13,06006KT,13,08
2016-07-25 14:00:00.000,2016,7,25,14,12006KT,15,08
2016-07-25 15:00:00.000,2016,7,25,15,VRB02KT,16,08
2016-07-25 16:00:00.000,2016,7,25,16,08008KT,16,08
2016-07-25 17:00:00.000,2016,7,25,17,31006KT,15,10
2016-07-25 18:00:00.000,2016,7,25,18,02005KT,16,09
2016-07-25 19:00:00.000,2016,7,25,19,06010KT,18,10
2016-07-25 20:00:00.000,2016,7,25,20,14012KT,18,08
2016-07-25 21:00:00.000,2016,7,25,21,13012KT,19,08
2016-07-25 22:00:00.000,2016,7,25,22,07005KT,17,08
2016-07-25 23:00:00.000,2016,7,25,23,10008KT,16,08
2016-07-26 00:00:00.000,2016,7,26,0,09004KT,16,08
2016-07-26 01:00:00.000,2016,7,26,1,14009KT,15,09
2016-07-26 02:00:00.000,2016,7,26,2,05005KT,14,10
2016-07-26 03:00:00.000,2016,7,26,3,02007KT,13,09
2016-07-26 04:00:00.000,2016,7,26,4,03004KT,13,10
2016-07-26 05:00:00.000,2016,7,26,5,08003KT,12,09
2016-07-26 06:00:00.000,2016,7,26,6,03005KT,10,08
2016-07-26 07:00:00.000,2016,7,26,7,VRB02KT,11,08
2016-07-26 08:00:00.000,2016,7,26,8,VRB02KT,10,08
2016-07-26 09:00:00.000,2016,7,26,9,06004KT,09,07
2016-07-26 10:00:00.000,2016,7,26,10,31004KT,08,07
2016-07-26 11:00:00.000,2016,7,26,11,34003KT,07,06
2016-07-26 12:00:00.000,2016,7,26,12,03006KT,09,08
2016-07-26 13:00:00.000,2016,7,26,13,05006KT,13,10
2016-07-26 14:00:00.000,2016,7,26,14,05008KT,15,10
2016-07-26 15:00:00.000,2016,7,26,15,14008KT,17,08
2016-07-26 16:00:00.000,2016,7,26,16,15008KT,18,07
2016-07-26 17:00:00.000,2016,7,26,17,10013KT,19,07
2016-07-26 18:00:00.000,2016,7,26,18,11004KT,20,07
2016-07-26 19:00:00.000,2016,7,26,19,08013KT,20,08
2016-07-26 20:00:00.000,2016,7,26,20,11006KT,20,08
2016-07-26 21:00:00.000,2016,7,26,21,10006KT,19,08
2016-07-26 22:00:00.000,2016,7,26,22,15012KT,18,09
2016-07-26 23:00:00.000,2016,7,26,23,14006KT,17,08
2016-07-27 00:00:00.000,2016,7,27,0,12004KT,16,08
2016-07-27 01:00:00.000,2016,7,27,1,VRB02KT,15,08
2016-07-27 02:00:00.000,2016,7,27,2,30004KT,12,09
2016-07-27 03:00:00.000,2016,7,27,3,VRB02KT,12,08
2016-07-27 04:00:00.000,2016,7,27,4,04003KT,11,08
2016-07-27 05:00:00.000,2016,7,27,5,34005KT,11,09
2016-07-27 06:00:00.000,2016,7,27,6,04005KT,10,08
2016-07-27 07:00:00.000,2016,7,27,7,05006KT,10,08
2016-07-27 08:00:00.000,2016,7,27,8,33004KT,09,08
2016-07-27 09:00:00.000,2016,7,27,9,VRB02KT,07,06
2016-07-27 10:00:00.000,2016,7,27,10,05010KT,10,08
2016-07-27 10:30:00.000,2016,7,27,10,05005KT,09,07
2016-07-27 11:00:00.000,2016,7,27,11,07008KT,10,08
2016-07-27 12:00:00.000,2016,7,27,12,09006KT,11,08
2016-07-27 13:00:00.000,2016,7,27,13,06006KT,13,09
2016-07-27 14:00:00.000,2016,7,27,14,04006KT,13,09
2016-07-27 14:35:00.000,2016,7,27,14,18006KT,15,07
2016-07-27 15:00:00.000,2016,7,27,15,14006KT,15,08
2016-07-27 16:00:00.000,2016,7,27,16,07006KT,17,08
2016-07-27 17:00:00.000,2016,7,27,17,15012KT,17,07
2016-07-27 18:00:00.000,2016,7,27,18,19007KT,17,08
2016-07-27 19:00:00.000,2016,7,27,19,09007KT,16,09
2016-07-27 20:00:00.000,2016,7,27,20,15015KT,16,08
2016-07-27 20:32:00.000,2016,7,27,20,16015KT,14,09
2016-07-27 21:00:00.000,2016,7,27,21,15014KT,14,08
2016-07-27 22:00:00.000,2016,7,27,22,17012KT,15,08
2016-07-27 23:00:00.000,2016,7,27,23,17009KT,14,08
2016-07-28 00:00:00.000,2016,7,28,0,15006KT,13,07
2016-07-28 01:00:00.000,2016,7,28,1,09006KT,13,08
2016-07-28 02:00:00.000,2016,7,28,2,09006KT,12,08
2016-07-28 03:00:00.000,2016,7,28,3,14011KT,13,08
2016-07-28 04:00:00.000,2016,7,28,4,14009KT,13,08
2016-07-28 05:00:00.000,2016,7,28,5,06003KT,12,07
2016-07-28 06:00:00.000,2016,7,28,6,VRB02KT,10,08
2016-07-28 07:00:00.000,2016,7,28,7,33004KT,11,08
2016-07-28 08:00:00.000,2016,7,28,8,VRB02KT,11,09
2016-07-28 09:00:00.000,2016,7,28,9,VRB02KT,11,08
2016-07-28 10:00:00.000,2016,7,28,10,17003KT,11,08
2016-07-28 10:30:00.000,2016,7,28,10,09003KT,11,08
2016-07-28 11:00:00.000,2016,7,28,11,03004KT,11,08
2016-07-28 12:00:00.000,2016,7,28,12,31003KT,11,09
2016-07-28 13:00:00.000,2016,7,28,13,03004KT,13,09
2016-07-28 14:00:00.000,2016,7,28,14,VRB02KT,14,09
2016-07-28 15:00:00.000,2016,7,28,15,14015KT,16,08
2016-07-28 16:00:00.000,2016,7,28,16,17010KT,16,07
2016-07-28 17:00:00.000,2016,7,28,17,16012KT,17,08
2016-07-28 18:00:00.000,2016,7,28,18,15016KT,17,08
2016-07-28 19:00:00.000,2016,7,28,19,18016KT,17,07
2016-07-28 20:00:00.000,2016,7,28,20,14010KT,17,06
2016-07-28 21:00:00.000,2016,7,28,21,18010KT,18,05
2016-07-28 22:00:00.000,2016,7,28,22,16010KT,17,06
2016-07-28 23:00:00.000,2016,7,28,23,15009KT,16,06
2016-07-29 00:00:00.000,2016,7,29,0,17009KT,15,07
2016-07-29 01:00:00.000,2016,7,29,1,13006KT,14,08
2016-07-29 02:00:00.000,2016,7,29,2,11006KT,14,08
2016-07-29 03:00:00.000,2016,7,29,3,10006KT,14,08
2016-07-29 04:00:00.000,2016,7,29,4,11007KT,14,07
2016-07-29 05:00:00.000,2016,7,29,5,10003KT,13,08
2016-07-29 06:00:00.000,2016,7,29,6,VRB02KT,12,08
2016-07-29 07:00:00.000,2016,7,29,7,05007KT,12,09
2016-07-29 08:00:00.000,2016,7,29,8,VRB02KT,12,09
2016-07-29 09:00:00.000,2016,7,29,9,04004KT,11,09
2016-07-29 10:00:00.000,2016,7,29,10,06006KT,10,08
2016-07-29 11:00:00.000,2016,7,29,11,06004KT,10,08
2016-07-29 12:00:00.000,2016,7,29,12,05003KT,11,08
2016-07-29 13:00:00.000,2016,7,29,13,05006KT,14,08
2016-07-29 14:00:00.000,2016,7,29,14,09006KT,15,08
2016-07-29 15:00:00.000,2016,7,29,15,14013KT,16,07
2016-07-29 16:00:00.000,2016,7,29,16,09009KT,16,07
2016-07-29 17:00:00.000,2016,7,29,17,13010KT,17,07
2016-07-29 18:00:00.000,2016,7,29,18,16012KT,17,07
2016-07-29 19:00:00.000,2016,7,29,19,15008KT,17,07
2016-07-29 20:00:00.000,2016,7,29,20,10012KT,18,07
2016-07-29 21:00:00.000,2016,7,29,21,12006KT,17,07
2016-07-29 22:00:00.000,2016,7,29,22,09008KT,17,08
2016-07-29 23:00:00.000,2016,7,29,23,09006KT,16,08
2016-07-30 00:00:00.000,2016,7,30,0,08003KT,15,07
2016-07-30 01:00:00.000,2016,7,30,1,10005KT,14,08
2016-07-30 02:00:00.000,2016,7,30,2,04005KT,12,09
2016-07-30 03:00:00.000,2016,7,30,3,02004KT,12,08
2016-07-30 04:00:00.000,2016,7,30,4,35004KT,11,09
2016-07-30 05:00:00.000,2016,7,30,5,06004KT,11,09
2016-07-30 06:00:00.000,2016,7,30,6,01003KT,10,08
2016-07-30 07:00:00.000,2016,7,30,7,02003KT,10,08
2016-07-30 08:00:00.000,2016,7,30,8,07004KT,10,08
2016-07-30 09:00:00.000,2016,7,30,9,VRB02KT,09,07
2016-07-30 10:00:00.000,2016,7,30,10,VRB02KT,09,08
2016-07-30 11:00:00.000,2016,7,30,11,VRB02KT,10,08
2016-07-30 12:00:00.000,2016,7,30,12,05004KT,11,09
2016-07-30 13:00:00.000,2016,7,30,13,VRB02KT,13,09
2016-07-30 14:00:00.000,2016,7,30,14,09008KT,15,08
2016-07-30 15:00:00.000,2016,7,30,15,19006KT,31,19
2016-07-30 16:00:00.000,2016,7,30,16,03004KT,17,08
2016-07-30 17:00:00.000,2016,7,30,17,24007KT,19,07
2016-07-30 18:00:00.000,2016,7,30,18,17010KT,19,06
2016-07-30 19:00:00.000,2016,7,30,19,13010KT,19,07
2016-07-30 20:00:00.000,2016,7,30,20,10010KT,18,09
2016-07-30 21:00:00.000,2016,7,30,21,08009KT,15,10
2016-07-30 22:00:00.000,2016,7,30,22,08008KT,15,10
2016-07-30 23:00:00.000,2016,7,30,23,08006KT,14,09
2016-07-31 00:00:00.000,2016,7,31,0,03003KT,13,09
2016-07-31 01:00:00.000,2016,7,31,1,02004KT,12,09
2016-07-31 02:00:00.000,2016,7,31,2,05005KT,12,09
2016-07-31 03:00:00.000,2016,7,31,3,03007KT,12,09
2016-07-31 04:00:00.000,2016,7,31,4,03003KT,11,08
2016-07-31 05:00:00.000,2016,7,31,5,36003KT,11,09
2016-07-31 06:00:00.000,2016,7,31,6,36005KT,27,25
2016-07-31 07:00:00.000,2016,7,31,7,03005KT,10,08
2016-07-31 08:00:00.000,2016,7,31,8,VRB02KT,11,08
2016-07-31 09:00:00.000,2016,7,31,9,02003KT,09,07
2016-07-31 10:00:00.000,2016,7,31,10,04003KT,10,08
2016-07-31 11:00:00.000,2016,7,31,11,03004KT,10,08
2016-07-31 12:00:00.000,2016,7,31,12,04008KT,11,09
2016-07-31 13:00:00.000,2016,7,31,13,06006KT,15,09
2016-07-31 14:00:00.000,2016,7,31,14,VRB02KT,15,09
2016-07-31 15:00:00.000,2016,7,31,15,15006KT,16,08
2016-07-31 16:00:00.000,2016,7,31,16,15007KT,17,08
2016-07-31 17:00:00.000,2016,7,31,17,12011KT,19,08
2016-07-31 18:00:00.000,2016,7,31,18,13010KT,18,08
2016-07-31 19:00:00.000,2016,7,31,19,17012KT,18,08
2016-07-31 20:00:00.000,2016,7,31,20,15008KT,19,08
2016-07-31 21:00:00.000,2016,7,31,21,16012KT,18,07
2016-07-31 22:00:00.000,2016,7,31,22,16013KT,17,07
2016-07-31 23:00:00.000,2016,7,31,23,14008KT,16,08
2016-08-01 00:00:00.000,2016,8,1,0,10003KT,15,08
2016-08-01 01:00:00.000,2016,8,1,1,04006KT,12,09
2016-08-01 02:00:00.000,2016,8,1,2,05005KT,11,08
2016-08-01 03:00:00.000,2016,8,1,3,10003KT,12,08
2016-08-01 04:00:00.000,2016,8,1,4,02004KT,10,08
2016-08-01 05:00:00.000,2016,8,1,5,28004KT,11,09
2016-08-01 06:00:00.000,2016,8,1,6,33003KT,11,09
2016-08-01 07:00:00.000,2016,8,1,7,03003KT,10,08
2016-08-01 08:00:00.000,2016,8,1,8,36003KT,11,09
2016-08-01 09:00:00.000,2016,8,1,9,VRB02KT,10,08
2016-08-01 10:00:00.000,2016,8,1,10,05005KT,11,09
2016-08-01 11:00:00.000,2016,8,1,11,04006KT,10,08
2016-08-01 12:00:00.000,2016,8,1,12,06003KT,11,09
2016-08-01 13:00:00.000,2016,8,1,13,03003KT,14,09
2016-08-01 14:00:00.000,2016,8,1,14,05006KT,16,09
2016-08-01 15:00:00.000,2016,8,1,15,VRB02KT,16,08
2016-08-01 15:30:00.000,2016,8,1,15,13011KT,18,08
2016-08-01 16:00:00.000,2016,8,1,16,13011KT,18,08
2016-08-01 17:00:00.000,2016,8,1,17,12013KT,18,08
2016-08-01 18:00:00.000,2016,8,1,18,14012KT,18,09
2016-08-01 19:00:00.000,2016,8,1,19,17010KT,18,08
2016-08-01 20:00:00.000,2016,8,1,20,15015KT,18,08
2016-08-01 21:00:00.000,2016,8,1,21,14007KT,16,09
2016-08-01 22:00:00.000,2016,8,1,22,15009KT,16,09
2016-08-01 23:00:00.000,2016,8,1,23,05004KT,15,11
2016-08-02 00:00:00.000,2016,8,2,0,13008KT,15,08
2016-08-02 01:00:00.000,2016,8,2,1,13008KT,15,08
2016-08-02 02:00:00.000,2016,8,2,2,09003KT,14,10
2016-08-02 03:00:00.000,2016,8,2,3,09004KT,14,09
2016-08-02 04:00:00.000,2016,8,2,4,05004KT,14,10
2016-08-02 05:00:00.000,2016,8,2,5,03004KT,12,01
2016-08-02 06:00:00.000,2016,8,2,6,03004KT,12,10
2016-08-02 07:00:00.000,2016,8,2,7,30004KT,12,19
2016-08-02 08:00:00.000,2016,8,2,8,02004KT,12,10
2016-08-02 09:00:00.000,2016,8,2,9,05005KT,12,10
2016-08-02 10:00:00.000,2016,8,2,10,05005KT,11,10
2016-08-02 10:30:00.000,2016,8,2,10,04004KT,11,10
2016-08-02 11:00:00.000,2016,8,2,11,03003KT,11,10
2016-08-02 11:30:00.000,2016,8,2,11,03004KT,12,10
2016-08-02 12:00:00.000,2016,8,2,12,04004KT,12,10
2016-08-02 12:33:00.000,2016,8,2,12,01004KT,12,11
2016-08-02 13:00:00.000,2016,8,2,13,VRB02KT,13,11
2016-08-02 14:00:00.000,2016,8,2,14,16008KT,15,09
2016-08-02 15:00:00.000,2016,8,2,15,15012KT,17,09
2016-08-02 16:00:00.000,2016,8,2,16,15010KT,17,08
2016-08-02 17:00:00.000,2016,8,2,17,17014KT,18,08
2016-08-02 18:00:00.000,2016,8,2,18,17013KT,19,08
2016-08-02 19:00:00.000,2016,8,2,19,14012KT,18,09
2016-08-02 20:00:00.000,2016,8,2,20,15014KT,18,09
2016-08-02 21:00:00.000,2016,8,2,21,15014KT,18,08
2016-08-02 22:00:00.000,2016,8,2,22,17012KT,17,08
2016-08-02 23:00:00.000,2016,8,2,23,19010KT,16,10
2016-08-03 00:00:00.000,2016,8,3,0,15010KT,13,08
2016-08-03 01:00:00.000,2016,8,3,1,16008KT,13,08
2016-08-03 02:00:00.000,2016,8,3,2,22006KT,13,08
2016-08-03 03:00:00.000,2016,8,3,3,VRB02KT,11,09
2016-08-03 04:00:00.000,2016,8,3,4,11006KT,12,09
2016-08-03 05:00:00.000,2016,8,3,5,07005KT,13,08
2016-08-03 06:00:00.000,2016,8,3,6,02003KT,11,08
2016-08-03 07:00:00.000,2016,8,3,7,10003KT,12,08
2016-08-03 08:00:00.000,2016,8,3,8,36003KT,11,09
2016-08-03 09:00:00.000,2016,8,3,9,VRB02KT,11,09
2016-08-03 10:00:00.000,2016,8,3,10,04003KT,10,08
2016-08-03 10:30:00.000,2016,8,3,10,VRB02KT,12,09
2016-08-03 11:00:00.000,2016,8,3,11,VRB02KT,11,08
2016-08-03 12:00:00.000,2016,8,3,12,04003KT,11,09
2016-08-03 13:00:00.000,2016,8,3,13,14005KT,14,09
2016-08-03 14:00:00.000,2016,8,3,14,15007KT,16,09
2016-08-03 15:00:00.000,2016,8,3,15,15007KT,17,08
2016-08-03 16:00:00.000,2016,8,3,16,15011KT,17,08
2016-08-03 17:00:00.000,2016,8,3,17,14014KT,19,09
2016-08-03 18:00:00.000,2016,8,3,18,16017KT,18,08
2016-08-03 19:00:00.000,2016,8,3,19,18016KT,18,08
2016-08-03 20:00:00.000,2016,8,3,20,18013KT,17,08
2016-08-03 21:00:00.000,2016,8,3,21,19012KT,18,08
2016-08-03 22:00:00.000,2016,8,3,22,15010KT,17,08
2016-08-03 23:00:00.000,2016,8,3,23,13010KT,16,07
2016-08-04 00:00:00.000,2016,8,4,0,14008KT,14,08
2016-08-04 01:00:00.000,2016,8,4,1,09004KT,14,08
2016-08-04 02:00:00.000,2016,8,4,2,33004KT,13,08
2016-08-04 03:00:00.000,2016,8,4,3,03004KT,12,09
2016-08-04 04:00:00.000,2016,8,4,4,VRB02KT,14,09
2016-08-04 05:00:00.000,2016,8,4,5,VRB02KT,13,09
2016-08-04 06:00:00.000,2016,8,4,6,23004KT,13,10
2016-08-04 07:00:00.000,2016,8,4,7,17010KT,13,09
2016-08-04 08:00:00.000,2016,8,4,8,16006KT,13,09
2016-08-04 09:00:00.000,2016,8,4,9,VRB02KT,12,09
2016-08-04 10:00:00.000,2016,8,4,10,21006KT,13,09
2016-08-04 12:00:00.000,2016,8,4,12,01003KT,13,10
2016-08-04 13:00:00.000,2016,8,4,13,33003KT,14,09
2016-08-04 14:00:00.000,2016,8,4,14,05008KT,16,08
2016-08-04 15:00:00.000,2016,8,4,15,15013KT,16,08
2016-08-04 16:00:00.000,2016,8,4,16,19010KT,18,07
2016-08-04 17:00:00.000,2016,8,4,17,16012KT,18,08
2016-08-04 18:00:00.000,2016,8,4,18,15012KT,18,06
2016-08-04 19:00:00.000,2016,8,4,19,18012KT,18,06
2016-08-04 20:00:00.000,2016,8,4,20,16015KT,19,07
2016-08-04 21:00:00.000,2016,8,4,21,19015KT,18,06
2016-08-04 22:00:00.000,2016,8,4,22,17010KT,17,06
2016-08-04 23:00:00.000,2016,8,4,23,18009KT,17,06
2016-08-05 00:00:00.000,2016,8,5,0,VRB02KT,14,09
2016-08-05 01:00:00.000,2016,8,5,1,30004KT,13,09
2016-08-05 02:00:00.000,2016,8,5,2,VRB02KT,13,09
2016-08-05 03:00:00.000,2016,8,5,3,VRB02KT,11,09
2016-08-05 04:00:00.000,2016,8,5,4,32004KT,11,09
2016-08-05 05:00:00.000,2016,8,5,5,VRB02KT,10,09
2016-08-05 06:00:00.000,2016,8,5,6,VRB02KT,11,09
2016-08-05 07:00:00.000,2016,8,5,7,02003KT,11,09
2016-08-05 09:00:00.000,2016,8,5,9,VRB02KT,10,09
2016-08-05 10:00:00.000,2016,8,5,10,VRB02KT,09,08
2016-08-05 10:30:00.000,2016,8,5,10,VRB02KT,09,08
2016-08-05 11:00:00.000,2016,8,5,11,02003KT,09,08
2016-08-05 12:00:00.000,2016,8,5,12,04004KT,12,10
2016-08-05 13:00:00.000,2016,8,5,13,VRB02KT,12,11
2016-08-05 13:25:00.000,2016,8,5,13,VRB02KT,14,10
2016-08-05 14:00:00.000,2016,8,5,14,16004KT,15,09
2016-08-05 15:00:00.000,2016,8,5,15,16011KT,16,07
2016-08-05 15:30:00.000,2016,8,5,15,12011KT,18,07
2016-08-05 16:00:00.000,2016,8,5,16,19005KT,17,06
2016-08-05 17:00:00.000,2016,8,5,17,15014KT,17,06
2016-08-05 18:00:00.000,2016,8,5,18,16014KT,17,07
2016-08-05 19:00:00.000,2016,8,5,19,14010KT,18,07
2016-08-05 20:00:00.000,2016,8,5,20,16014KT,18,07
2016-08-05 21:00:00.000,2016,8,5,21,12003KT,17,07
2016-08-05 22:00:00.000,2016,8,5,22,10008KT,16,08
2016-08-05 23:00:00.000,2016,8,5,23,09004KT,15,08
2016-08-06 00:00:00.000,2016,8,6,0,08003KT,14,08
2016-08-06 01:00:00.000,2016,8,6,1,20003KT,13,08
2016-08-06 02:00:00.000,2016,8,6,2,06003KT,11,08
2016-08-06 03:00:00.000,2016,8,6,3,02004KT,11,08
2016-08-06 04:00:00.000,2016,8,6,4,04003KT,11,08
2016-08-06 05:00:00.000,2016,8,6,5,VRB02KT,10,08
2016-08-06 06:00:00.000,2016,8,6,6,VRB02KT,10,09
2016-08-06 07:00:00.000,2016,8,6,7,VRB02KT,09,08
2016-08-06 08:00:00.000,2016,8,6,8,04005KT,10,09
2016-08-06 09:00:00.000,2016,8,6,9,03003KT,10,08
2016-08-06 10:00:00.000,2016,8,6,10,04003KT,10,08
2016-08-06 10:30:00.000,2016,8,6,10,03004KT,10,08
2016-08-06 11:00:00.000,2016,8,6,11,03004KT,10,09
2016-08-06 12:00:00.000,2016,8,6,12,04004KT,12,10
2016-08-06 13:00:00.000,2016,8,6,13,05006KT,13,09
2016-08-06 14:00:00.000,2016,8,6,14,03006KT,15,09
2016-08-06 14:35:00.000,2016,8,6,14,18004KT,17,07
2016-08-06 15:00:00.000,2016,8,6,15,17006KT,18,08
2016-08-06 16:00:00.000,2016,8,6,16,10007KT,19,07
2016-08-06 17:00:00.000,2016,8,6,17,15012KT,19,08
2016-08-06 18:00:00.000,2016,8,6,18,14014KT,20,07
2016-08-06 19:00:00.000,2016,8,6,19,13012KT,19,07
2016-08-06 20:00:00.000,2016,8,6,20,14015KT,20,06
2016-08-06 21:00:00.000,2016,8,6,21,14007KT,20,06
2016-08-06 22:00:00.000,2016,8,6,22,15012KT,20,06
2016-08-06 23:00:00.000,2016,8,6,23,17013KT,18,07
2016-08-07 00:00:00.000,2016,8,7,0,18009KT,16,07
2016-08-07 01:00:00.000,2016,8,7,1,34003KT,13,07
2016-08-07 02:00:00.000,2016,8,7,2,36004KT,13,08
2016-08-07 03:00:00.000,2016,8,7,3,02003KT,11,08
2016-08-07 04:00:00.000,2016,8,7,4,03003KT,10,07
2016-08-07 05:00:00.000,2016,8,7,5,05004KT,11,09
2016-08-07 06:00:00.000,2016,8,7,6,35003KT,11,08
2016-08-07 07:00:00.000,2016,8,7,7,02004KT,11,09
2016-08-07 08:00:00.000,2016,8,7,8,03005KT,10,08
2016-08-07 09:00:00.000,2016,8,7,9,36003KT,10,08
2016-08-07 10:00:00.000,2016,8,7,10,VRB02KT,09,08
2016-08-07 10:26:00.000,2016,8,7,10,33004KT,09,07
2016-08-07 11:00:00.000,2016,8,7,11,03003KT,08,06
2016-08-07 11:20:00.000,2016,8,7,11,08004KT,10,09
2016-08-07 12:00:00.000,2016,8,7,12,06007KT,12,08
2016-08-07 12:30:00.000,2016,8,7,12,04007KT,14,08
2016-08-07 13:00:00.000,2016,8,7,13,10006KT,16,08
2016-08-07 14:00:00.000,2016,8,7,14,04008KT,15,09
2016-08-07 14:30:00.000,2016,8,7,14,15011KT,17,06
2016-08-07 15:00:00.000,2016,8,7,15,15010KT,18,07
2016-08-07 16:00:00.000,2016,8,7,16,07010KT,19,07
2016-08-07 17:00:00.000,2016,8,7,17,08014KT,19,07
2016-08-07 18:00:00.000,2016,8,7,18,10012KT,18,07
2016-08-07 19:00:00.000,2016,8,7,19,13013KT,18,07
2016-08-07 20:00:00.000,2016,8,7,20,12015KT,19,08
2016-08-07 21:00:00.000,2016,8,7,21,14014KT,18,07
2016-08-07 22:00:00.000,2016,8,7,22,14012KT,18,07
2016-08-07 23:00:00.000,2016,8,7,23,14011KT,18,07
2016-08-08 00:00:00.000,2016,8,8,0,09008KT,16,07
2016-08-08 01:00:00.000,2016,8,8,1,11004KT,14,08
2016-08-08 02:00:00.000,2016,8,8,2,03004KT,12,08
2016-08-08 03:00:00.000,2016,8,8,3,VRB02KT,12,07
2016-08-08 04:00:00.000,2016,8,8,4,06006KT,10,07
2016-08-08 05:00:00.000,2016,8,8,5,02006KT,10,07
2016-08-08 06:00:00.000,2016,8,8,6,31004KT,09,07
2016-08-08 07:00:00.000,2016,8,8,7,35004KT,09,07
2016-08-08 08:00:00.000,2016,8,8,8,05005KT,11,09
2016-08-08 09:00:00.000,2016,8,8,9,03005KT,10,08
2016-08-08 10:00:00.000,2016,8,8,10,02003KT,10,08
2016-08-08 10:30:00.000,2016,8,8,10,VRB02KT,10,08
2016-08-08 11:00:00.000,2016,8,8,11,VRB02KT,11,08
2016-08-08 12:00:00.000,2016,8,8,12,05006KT,11,09
2016-08-08 13:00:00.000,2016,8,8,13,05006KT,14,09
2016-08-08 13:20:00.000,2016,8,8,13,06007KT,16,09
2016-08-08 14:00:00.000,2016,8,8,14,05010KT,16,09
2016-08-08 15:00:00.000,2016,8,8,15,11011KT,16,07
2016-08-08 16:00:00.000,2016,8,8,16,09012KT,17,07
2016-08-08 17:00:00.000,2016,8,8,17,14007KT,17,07
2016-08-08 18:00:00.000,2016,8,8,18,04005KT,19,08
2016-08-08 19:00:00.000,2016,8,8,19,06010KT,20,07
2016-08-08 20:00:00.000,2016,8,8,20,12011KT,21,07
2016-08-08 21:00:00.000,2016,8,8,21,03012KT,21,05
2016-08-08 22:00:00.000,2016,8,8,22,10012KT,20,07
2016-08-08 23:00:00.000,2016,8,8,23,21010KT,18,06
2016-08-09 00:00:00.000,2016,8,9,0,22004KT,15,10
2016-08-09 01:00:00.000,2016,8,9,1,15004KT,16,07
2016-08-09 02:00:00.000,2016,8,9,2,09003KT,14,07
2016-08-09 03:00:00.000,2016,8,9,3,35004KT,13,08
2016-08-09 04:00:00.000,2016,8,9,4,11004KT,15,08
2016-08-09 05:00:00.000,2016,8,9,5,12007KT,15,06
2016-08-09 06:00:00.000,2016,8,9,6,VRB02KT,14,05
2016-08-09 07:00:00.000,2016,8,9,7,35004KT,10,07
2016-08-09 08:00:00.000,2016,8,9,8,28004KT,11,08
2016-08-09 08:32:00.000,2016,8,9,8,06004KT,10,08
2016-08-09 09:00:00.000,2016,8,9,9,VRB02KT,11,10
2016-08-09 10:00:00.000,2016,8,9,10,VRB02KT,11,08
2016-08-09 10:31:00.000,2016,8,9,10,VRB02KT,11,08
2016-08-09 11:00:00.000,2016,8,9,11,VRB02KT,11,09
2016-08-09 12:00:00.000,2016,8,9,12,VRB02KT,12,10
2016-08-09 12:30:00.000,2016,8,9,12,VRB02KT,15,10
2016-08-09 13:00:00.000,2016,8,9,13,VRB02KT,15,10
2016-08-09 13:36:00.000,2016,8,9,13,21004KT,17,07
2016-08-09 14:00:00.000,2016,8,9,14,10006KT,17,08
2016-08-09 15:00:00.000,2016,8,9,15,13012KT,18,07
2016-08-09 16:00:00.000,2016,8,9,16,12008KT,19,08
2016-08-09 17:00:00.000,2016,8,9,17,13010KT,18,07
2016-08-09 18:00:00.000,2016,8,9,18,20011KT,18,07
2016-08-09 18:30:00.000,2016,8,9,18,04006KT,16,09
2016-08-09 19:00:00.000,2016,8,9,19,02008KT,14,11
2016-08-09 20:00:00.000,2016,8,9,20,03005KT,15,12
2016-08-09 21:00:00.000,2016,8,9,21,23004KT,16,11
2016-08-09 22:00:00.000,2016,8,9,22,15009KT,16,09
2016-08-09 23:00:00.000,2016,8,9,23,07007KT,15,09
2016-08-10 00:00:00.000,2016,8,10,0,09004KT,15,09
2016-08-10 01:00:00.000,2016,8,10,1,05008KT,13,10
2016-08-10 02:00:00.000,2016,8,10,2,04008KT,12,10
2016-08-10 03:00:00.000,2016,8,10,3,05005KT,12,09
2016-08-10 04:00:00.000,2016,8,10,4,06007KT,12,09
2016-08-10 05:00:00.000,2016,8,10,5,04004KT,11,09
2016-08-10 06:00:00.000,2016,8,10,6,VRB02KT,12,08
2016-08-10 07:00:00.000,2016,8,10,7,05004KT,11,09
2016-08-10 08:00:00.000,2016,8,10,8,04005KT,11,09
2016-08-10 09:00:00.000,2016,8,10,9,06005KT,11,09
2016-08-10 10:00:00.000,2016,8,10,10,05005KT,11,09
2016-08-10 10:30:00.000,2016,8,10,10,02004KT,11,09
2016-08-10 11:00:00.000,2016,8,10,11,04004KT,11,09
2016-08-10 12:00:00.000,2016,8,10,12,05003KT,11,09
2016-08-10 12:33:00.000,2016,8,10,12,06008KT,13,09
2016-08-10 13:00:00.000,2016,8,10,13,03004KT,13,09
2016-08-10 14:00:00.000,2016,8,10,14,10004KT,14,10
2016-08-10 14:30:00.000,2016,8,10,14,16011KT,16,09
2016-08-10 15:00:00.000,2016,8,10,15,16012KT,16,08
2016-08-10 16:00:00.000,2016,8,10,16,19012KT,16,09
2016-08-10 17:00:00.000,2016,8,10,17,14010KT,17,08
2016-08-10 18:00:00.000,2016,8,10,18,11008KT,18,07
2016-08-10 19:00:00.000,2016,8,10,19,11008KT,19,08
2016-08-10 20:00:00.000,2016,8,10,20,09006KT,18,08
2016-08-10 21:00:00.000,2016,8,10,21,14006KT,18,07
2016-08-10 22:00:00.000,2016,8,10,22,09006KT,17,08
2016-08-10 23:00:00.000,2016,8,10,23,14008KT,15,08
2016-08-11 00:00:00.000,2016,8,11,0,11004KT,15,08
2016-08-11 01:00:00.000,2016,8,11,1,05006KT,14,08
2016-08-11 02:00:00.000,2016,8,11,2,09004KT,14,08
2016-08-11 03:00:00.000,2016,8,11,3,08006KT,14,07
2016-08-11 04:00:00.000,2016,8,11,4,08004KT,14,08
2016-08-11 05:00:00.000,2016,8,11,5,08004KT,14,08
2016-08-11 06:00:00.000,2016,8,11,6,08005KT,13,06
2016-08-11 07:00:00.000,2016,8,11,7,05006KT,11,08
2016-08-11 08:00:00.000,2016,8,11,8,06003KT,12,08
2016-08-11 09:00:00.000,2016,8,11,9,31004KT,11,08
2016-08-11 10:00:00.000,2016,8,11,10,35003KT,10,08
2016-08-11 10:30:00.000,2016,8,11,10,28004KT,11,08
2016-08-11 11:00:00.000,2016,8,11,11,33004KT,11,08
2016-08-11 12:00:00.000,2016,8,11,12,16007KT,13,08
2016-08-11 13:00:00.000,2016,8,11,13,13005KT,140,09
2016-08-11 14:00:00.000,2016,8,11,14,14012KT,15,08
2016-08-11 15:00:00.000,2016,8,11,15,15011KT,15,08
2016-08-11 16:00:00.000,2016,8,11,16,15012KT,16,08
2016-08-11 17:00:00.000,2016,8,11,17,17015KT,16,08
2016-08-11 18:00:00.000,2016,8,11,18,18015KT,17,07
2016-08-11 19:00:00.000,2016,8,11,19,16013KT,18,07
2016-08-11 20:00:00.000,2016,8,11,20,15008KT,18,07
2016-08-11 22:00:00.000,2016,8,11,22,14010KT,18,05
2016-08-11 23:00:00.000,2016,8,11,23,10005KT,16,06
2016-08-12 00:00:00.000,2016,8,12,0,13005KT,15,07
2016-08-12 01:00:00.000,2016,8,12,1,12004KT,14,07
2016-08-12 02:00:00.000,2016,8,12,2,04006KT,11,08
2016-08-12 03:00:00.000,2016,8,12,3,04006KT,12,08
2016-08-12 04:00:00.000,2016,8,12,4,02004KT,11,07
2016-08-12 05:00:00.000,2016,8,12,5,07008KT,11,07
2016-08-12 06:00:00.000,2016,8,12,6,05003KT,10,07
2016-08-12 07:00:00.000,2016,8,12,7,02004KT,09,07
2016-08-12 08:00:00.000,2016,8,12,8,VRB02KT,09,07
2016-08-12 09:00:00.000,2016,8,12,9,VRB02KT,08,06
2016-08-12 10:00:00.000,2016,8,12,10,06004KT,09,07
2016-08-12 10:30:00.000,2016,8,12,10,36003KT,08,07
2016-08-12 11:00:00.000,2016,8,12,11,03004KT,08,07
2016-08-12 12:00:00.000,2016,8,12,12,05004KT,08,07
2016-08-12 13:00:00.000,2016,8,12,13,04005KT,11,08
2016-08-12 14:00:00.000,2016,8,12,14,05007KT,14,08
2016-08-12 15:00:00.000,2016,8,12,15,05006KT,17,08
2016-08-12 16:00:00.000,2016,8,12,16,08006KT,18,07
2016-08-12 17:00:00.000,2016,8,12,17,11008KT,18,07
2016-08-12 18:00:00.000,2016,8,12,18,14006KT,19,05
2016-08-12 19:00:00.000,2016,8,12,19,17010KT,20,06
2016-08-12 20:00:00.000,2016,8,12,20,13008KT,19,06
2016-08-12 21:00:00.000,2016,8,12,21,10013KT,18,06
2016-08-12 22:00:00.000,2016,8,12,22,VRB02KT,18,07
2016-08-12 23:00:00.000,2016,8,12,23,27007KT,17,10
2016-08-13 00:00:00.000,2016,8,13,0,24006KT,16,10
2016-08-13 01:00:00.000,2016,8,13,1,20008KT,16,09
2016-08-13 02:00:00.000,2016,8,13,2,32004KT,14,11
2016-08-13 03:00:00.000,2016,8,13,3,14008KT,14,09
2016-08-13 03:19:00.000,2016,8,13,3,14008KT,14,09
2016-08-13 04:00:00.000,2016,8,13,4,02004KT,13,10
2016-08-13 05:00:00.000,2016,8,13,5,04004KT,11,09
2016-08-13 06:00:00.000,2016,8,13,6,05004KT,12,10
2016-08-13 07:00:00.000,2016,8,13,7,02004KT,12,10
2016-08-13 08:00:00.000,2016,8,13,8,VRB02KT,11,09
2016-08-13 09:00:00.000,2016,8,13,9,VRBB02KT,11,09
2016-08-13 10:00:00.000,2016,8,13,10,04003KT,11,09
2016-08-13 10:30:00.000,2016,8,13,10,03004KT,11,09
2016-08-13 11:00:00.000,2016,8,13,11,05004KT,11,09
2016-08-13 12:00:00.000,2016,8,13,12,04006KT,12,10
2016-08-13 13:00:00.000,2016,8,13,13,05006KT,14,10
2016-08-13 14:00:00.000,2016,8,13,14,13006KT,15,09
2016-08-13 14:10:00.000,2016,8,13,14,16003KT,13,10
2016-08-13 15:00:00.000,2016,8,13,15,16010KT,17,10
2016-08-13 16:00:00.000,2016,8,13,16,17010KT,18,08
2016-08-13 17:00:00.000,2016,8,13,17,16012KT,18,07
2016-08-13 18:00:00.000,2016,8,13,18,16010KT,19,07
2016-08-13 19:00:00.000,2016,8,13,19,12006KT,17,08
2016-08-13 20:00:00.000,2016,8,13,20,12010KT,19,07
2016-08-13 21:00:00.000,2016,8,13,21,14010KT,18,07
2016-08-13 22:00:00.000,2016,8,13,22,17013KT,17,07
2016-08-13 23:00:00.000,2016,8,13,23,15011KT,16,07
2016-08-14 00:00:00.000,2016,8,14,0,16014KT,16,08
2016-08-14 01:00:00.000,2016,8,14,1,14008KT,14,08
2016-08-14 02:00:00.000,2016,8,14,2,14009KT,14,08
2016-08-14 03:00:00.000,2016,8,14,3,VRB02KT,11,07
2016-08-14 04:00:00.000,2016,8,14,4,29004KT,10,08
2016-08-14 05:00:00.000,2016,8,14,5,07006KT,11,08
2016-08-14 06:00:00.000,2016,8,14,6,VRB02KT,09,07
2016-08-14 07:00:00.000,2016,8,14,7,31003KT,10,08
2016-08-14 08:00:00.000,2016,8,14,8,30003KT,09,08
2016-08-14 09:00:00.000,2016,8,14,9,04004KT,11,09
2016-08-14 10:00:00.000,2016,8,14,10,06004KT,10,09
2016-08-14 10:30:00.000,2016,8,14,10,VRB02KT,11,09
2016-08-14 11:00:00.000,2016,8,14,11,03004KT,10,08
2016-08-14 12:00:00.000,2016,8,14,12,06006KT,12,09
2016-08-14 13:00:00.000,2016,8,14,13,12008KT,15,08
2016-08-14 14:00:00.000,2016,8,14,14,14010KT,16,07
2016-08-14 15:00:00.000,2016,8,14,15,15008KT,18,08
2016-08-14 16:00:00.000,2016,8,14,16,17010KT,18,06
2016-08-14 17:00:00.000,2016,8,14,17,13010KT,18,08
2016-08-14 18:00:00.000,2016,8,14,18,15012KT,18,07
2016-08-14 19:00:00.000,2016,8,14,19,15012KT,19,07
2016-08-14 20:00:00.000,2016,8,14,20,09008KT,17,08
2016-08-14 21:00:00.000,2016,8,14,21,13008KT,18,07
2016-08-14 22:00:00.000,2016,8,14,22,10006KT,19,07
2016-08-14 23:00:00.000,2016,8,14,23,10008KT,17,08
2016-08-15 00:00:00.000,2016,8,15,0,06005KT,16,07
2016-08-15 01:00:00.000,2016,8,15,1,13008KT,16,08
2016-08-15 02:00:00.000,2016,8,15,2,06006KT,15,08
2016-08-15 03:00:00.000,2016,8,15,3,13006KT,15,08
2016-08-15 04:00:00.000,2016,8,15,4,08005KT,11,08
2016-08-15 05:00:00.000,2016,8,15,5,05003KT,11,08
2016-08-15 06:00:00.000,2016,8,15,6,30006KT,09,07
2016-08-15 07:00:00.000,2016,8,15,7,VRB02KT,09,07
2016-08-15 08:00:00.000,2016,8,15,8,26003KT,10,08
2016-08-15 09:00:00.000,2016,8,15,9,02004KT,11,08
2016-08-15 10:00:00.000,2016,8,15,10,04006KT,10,08
2016-08-15 10:30:00.000,2016,8,15,10,08003KT,11,09
2016-08-15 11:00:00.000,2016,8,15,11,06004KT,11,09
2016-08-15 11:15:00.000,2016,8,15,11,06004KT,11,09
2016-08-15 12:00:00.000,2016,8,15,12,07006KT,11,09
2016-08-15 13:00:00.000,2016,8,15,13,05006KT,12,10
2016-08-15 14:00:00.000,2016,8,15,14,03004KT,15,11
2016-08-15 15:00:00.000,2016,8,15,15,11006KT,16,08
2016-08-15 16:00:00.000,2016,8,15,16,07008KT,17,10
2016-08-15 17:00:00.000,2016,8,15,17,13006KT,17,08
2016-08-15 19:00:00.000,2016,8,15,19,08010KT,19,08
2016-08-15 20:00:00.000,2016,8,15,20,15010KT,19,07
2016-08-15 21:00:00.000,2016,8,15,21,15010KT,19,06
2016-08-15 22:00:00.000,2016,8,15,22,10010KT,19,06
2016-08-15 23:00:00.000,2016,8,15,23,07010KT,17,07
2016-08-16 00:00:00.000,2016,8,16,0,16005KT,15,08
2016-08-16 01:00:00.000,2016,8,16,1,01003KT,13,10
2016-08-16 02:00:00.000,2016,8,16,2,VRB02KT,13,08
2016-08-16 03:00:00.000,2016,8,16,3,VRB02KT,12,09
2016-08-16 04:00:00.000,2016,8,16,4,04005KT,12,09
2016-08-16 05:00:00.000,2016,8,16,5,00000KT,12,09
2016-08-16 06:00:00.000,2016,8,16,6,VRB02KT,12,09
2016-08-16 06:35:00.000,2016,8,16,6,04003KT,11,09
2016-08-16 07:00:00.000,2016,8,16,7,00000KT,11,09
2016-08-16 08:00:00.000,2016,8,16,8,04004KT,11,09
2016-08-16 09:00:00.000,2016,8,16,9,06004KT,11,09
2016-08-16 10:00:00.000,2016,8,16,10,05004KT,11,09
2016-08-16 10:30:00.000,2016,8,16,10,05004KT,09,08
2016-08-16 11:00:00.000,2016,8,16,11,30005KT,10,09
2016-08-16 12:00:00.000,2016,8,16,12,03004KT,11,09
2016-08-16 13:00:00.000,2016,8,16,13,08008KT,13,09
2016-08-16 14:00:00.000,2016,8,16,14,02003KT,15,10
2016-08-16 15:00:00.000,2016,8,16,15,14008KT,17,07
2016-08-17 16:00:00.000,2016,8,17,16,12010KT,16,08
2016-08-17 17:00:00.000,2016,8,17,17,15018KT,19,07
2016-08-17 18:00:00.000,2016,8,17,18,16016KT,18,07
2016-08-17 21:00:00.000,2016,8,17,21,14012KT,19,07
2016-08-17 22:00:00.000,2016,8,17,22,11011KT,18,08
2016-08-17 23:00:00.000,2016,8,17,23,09007KT,17,09
2016-08-18 00:00:00.000,2016,8,18,0,08007KT,15,09
2016-08-18 01:00:00.000,2016,8,18,1,05004KT,14,09
2016-08-18 02:00:00.000,2016,8,18,2,07006KT,15,08
2016-08-18 03:00:00.000,2016,8,18,3,04006KT,13,10
2016-08-18 04:00:00.000,2016,8,18,4,VRB02KT,14,10
2016-08-18 05:00:00.000,2016,8,18,5,VRB02KT,13,10
2016-08-18 06:00:00.000,2016,8,18,6,14004KT,13,11
2016-08-18 07:00:00.000,2016,8,18,7,16011KT,13,11
2016-08-18 08:00:00.000,2016,8,18,8,07005KT,12,10
2016-08-18 09:00:00.000,2016,8,18,9,36004KT,11,09
2016-08-18 10:00:00.000,2016,8,18,10,VRB02KT,11,10
2016-08-18 11:00:00.000,2016,8,18,11,11006KT,12,10
2016-08-18 12:00:00.000,2016,8,18,12,12004KT,12,10
2016-08-18 13:00:00.000,2016,8,18,13,05004KT,14,11
2016-08-18 13:20:00.000,2016,8,18,13,05004KT,14,11
2016-08-18 14:00:00.000,2016,8,18,14,01004KT,15,11
2016-08-18 15:00:00.000,2016,8,18,15,15008KT,15,10
2016-08-18 16:00:00.000,2016,8,18,16,20008KT,16,10
2016-08-18 17:00:00.000,2016,8,18,17,13005KT,15,11
2016-08-18 18:00:00.000,2016,8,18,18,13008KT,17,09
2016-08-18 19:00:00.000,2016,8,18,19,12012KT,15,11
2016-08-18 20:00:00.000,2016,8,18,20,14010KT,14,09
2016-08-18 21:00:00.000,2016,8,18,21,16006KT,13,09
2016-08-18 22:00:00.000,2016,8,18,22,07005KT,14,09
2016-08-18 23:00:00.000,2016,8,18,23,04007KT,12,09
2016-08-19 01:00:00.000,2016,8,19,1,05003KT,12,08
2016-08-19 02:00:00.000,2016,8,19,2,06005KT,11,08
2016-08-19 03:00:00.000,2016,8,19,3,05006KT,10,08
2016-08-19 04:00:00.000,2016,8,19,4,05005KT,09,08
2016-08-19 05:00:00.000,2016,8,19,5,VRB02KT,09,07
2016-08-19 06:00:00.000,2016,8,19,6,04004KT,09,08
2016-08-19 07:00:00.000,2016,8,19,7,33004KT,09,08
2016-08-19 08:00:00.000,2016,8,19,8,31004KT,08,07
2016-08-19 09:00:00.000,2016,8,19,9,05005KT,08,07
2016-08-19 10:00:00.000,2016,8,19,10,02004KT,08,07
2016-08-19 11:00:00.000,2016,8,19,11,VRB02KT,08,07
2016-08-19 12:00:00.000,2016,8,19,12,VRB02KT,10,09
2016-08-19 13:00:00.000,2016,8,19,13,06005KT,13,10
2016-08-19 14:00:00.000,2016,8,19,14,10010KT,15,09
2016-08-19 15:00:00.000,2016,8,19,15,12010KT,16,09
2016-08-19 16:00:00.000,2016,8,19,16,14012KT,17,07
2016-08-19 17:00:00.000,2016,8,19,17,14013KT,17,08
2016-08-19 18:00:00.000,2016,8,19,18,10007KT,17,07
2016-08-19 19:00:00.000,2016,8,19,19,14007KT,16,07
2016-08-19 20:00:00.000,2016,8,19,20,15009KT,16,08
2016-08-19 21:00:00.000,2016,8,19,21,09004KT,16,08
2016-08-19 21:06:00.000,2016,8,19,21,09004KT,16,08
2016-08-19 22:00:00.000,2016,8,19,22,17009KT,16,08
2016-08-19 23:00:00.000,2016,8,19,23,16008KT,15,07
2016-08-20 00:00:00.000,2016,8,20,0,14007KT,13,07
2016-08-20 01:00:00.000,2016,8,20,1,14012KT,12,07
2016-08-20 02:00:00.000,2016,8,20,2,12003KT,13,07
2016-08-20 03:00:00.000,2016,8,20,3,35006KT,09,06
2016-08-20 04:00:00.000,2016,8,20,4,32004KT,08,07
2016-08-20 05:00:00.000,2016,8,20,5,06003KT,08,07
2016-08-20 06:00:00.000,2016,8,20,6,05004KT,08,06
2016-08-20 07:00:00.000,2016,8,20,7,27003KT,08,06
2016-08-20 08:00:00.000,2016,8,20,8,VRB02KT,06,05
2016-08-20 09:00:00.000,2016,8,20,9,05004KT,06,05
2016-08-20 10:00:00.000,2016,8,20,10,07003KT,07,06
2016-08-20 10:30:00.000,2016,8,20,10,VRB02KT,07,06
2016-08-20 11:00:00.000,2016,8,20,11,VRB02KT,05,04
2016-08-20 11:25:00.000,2016,8,20,11,06003KT,07,06
2016-08-20 12:00:00.000,2016,8,20,12,04004KT,10,06
2016-08-20 13:00:00.000,2016,8,20,13,05005KT,12,07
2016-08-20 13:24:00.000,2016,8,20,13,04004KT,14,07
2016-08-20 14:00:00.000,2016,8,20,14,27004KT,16,08
2016-08-20 15:00:00.000,2016,8,20,15,09010KT,18,07
2016-08-20 16:00:00.000,2016,8,20,16,12012KT,19,07
2016-08-20 17:00:00.000,2016,8,20,17,12011KT,19,05
2016-08-20 18:00:00.000,2016,8,20,18,14020KT,20,04
2016-08-20 19:00:00.000,2016,8,20,19,16014KT,19,05
2016-08-20 20:00:00.000,2016,8,20,20,16016KT,20,03
2016-08-20 21:00:00.000,2016,8,20,21,17020KT,19,02
2016-08-20 22:00:00.000,2016,8,20,22,17013KT,18,02
2016-08-20 23:00:00.000,2016,8,20,23,17014KT,17,02
2016-08-21 00:00:00.000,2016,8,21,0,16012KT,15,03
2016-08-21 01:00:00.000,2016,8,21,1,14007KT,13,04
2016-08-21 02:00:00.000,2016,8,21,2,14010KT,12,04
2016-08-21 03:00:00.000,2016,8,21,3,14007KT,12,04
2016-08-21 04:00:00.000,2016,8,21,4,13005KT,12,04
2016-08-21 05:00:00.000,2016,8,21,5,01004KT,10,05
2016-08-21 07:00:00.000,2016,8,21,7,04003KT,09,06
2016-08-21 08:00:00.000,2016,8,21,8,07004KT,09,07
2016-08-21 09:00:00.000,2016,8,21,9,30004KT,09,07
2016-08-21 10:00:00.000,2016,8,21,10,05008KT,08,06
2016-08-21 10:30:00.000,2016,8,21,10,VRB02KT,08,07
2016-08-21 11:00:00.000,2016,8,21,11,VRB02KT,09,07
2016-08-21 12:00:00.000,2016,8,21,12,VRB02KT,10,07
2016-08-21 13:00:00.000,2016,8,21,13,05004KT,12,08
2016-08-21 14:00:00.000,2016,8,21,14,12015KT,15,08
2016-08-21 15:00:00.000,2016,8,21,15,13015KT,16,07
2016-08-21 16:00:00.000,2016,8,21,16,11016KT,18,07
2016-08-21 17:00:00.000,2016,8,21,17,12010KT,17,06
2016-08-21 18:00:00.000,2016,8,21,18,15012KT,17,06
2016-08-21 19:00:00.000,2016,8,21,19,13016KT,17,06
2016-08-21 20:00:00.000,2016,8,21,20,15015KT,18,06
2016-08-21 21:00:00.000,2016,8,21,21,16010KT,18,06
2016-08-21 22:00:00.000,2016,8,21,22,14009KT,18,05
2016-08-21 23:00:00.000,2016,8,21,23,14014KT,15,07
2016-08-22 00:00:00.000,2016,8,22,0,12006KT,14,09
2016-08-22 00:22:00.000,2016,8,22,0,12006KT,14,09
2016-08-22 01:00:00.000,2016,8,22,1,10003KT,14,09
2016-08-22 02:00:00.000,2016,8,22,2,09005KT,13,07
2016-08-22 03:00:00.000,2016,8,22,3,09005KT,14,07
2016-08-22 04:00:00.000,2016,8,22,4,13008KT,14,07
2016-08-22 05:00:00.000,2016,8,22,5,1005KT,14,08
2016-08-22 06:00:00.000,2016,8,22,6,04006KT,11,09
2016-08-22 07:00:00.000,2016,8,22,7,VRB02KT,12,10
2016-08-22 08:00:00.000,2016,8,22,8,VRB02KT,11,09
2016-08-22 09:00:00.000,2016,8,22,9,11008KT,13,07
2016-08-22 10:00:00.000,2016,8,22,10,11003KT,13,07
2016-08-22 10:30:00.000,2016,8,22,10,11006KT,13,07
2016-08-22 11:00:00.000,2016,8,22,11,09005KT,13,07
2016-08-22 12:00:00.000,2016,8,22,12,12008KT,14,07
2016-08-22 13:00:00.000,2016,8,22,13,14012KT,15,07
2016-08-22 14:00:00.000,2016,8,22,14,13014G25KT,17,07
2016-08-22 15:00:00.000,2016,8,22,15,09008KT,17,08
2016-08-22 16:00:00.000,2016,8,22,16,11016KT,17,07
2016-08-22 17:00:00.000,2016,8,22,17,14012KT,16,07
2016-08-22 18:00:00.000,2016,8,22,18,15015KT,16,08
2016-08-22 19:00:00.000,2016,8,22,19,16009KT,16,10
2016-08-22 20:00:00.000,2016,8,22,20,15016KT,17,09
2016-08-22 21:00:00.000,2016,8,22,21,16012KT,16,08
2016-08-22 22:00:00.000,2016,8,22,22,16015KT,16,06
2016-08-22 23:00:00.000,2016,8,22,23,15012KT,14,05
2016-08-23 00:00:00.000,2016,8,23,0,14011KT,13,05
2016-08-23 01:00:00.000,2016,8,23,1,08004KT,13,06
2016-08-23 02:00:00.000,2016,8,23,2,20008KT,13,07
2016-08-23 03:00:00.000,2016,8,23,3,19009KT,12,08
2016-08-23 04:00:00.000,2016,8,23,4,15006KT,12,08
2016-08-23 05:00:00.000,2016,8,23,5,35004KT,12,07
2016-08-23 06:00:00.000,2016,8,23,6,31003KT,10,07
2016-08-23 07:00:00.000,2016,8,23,7,32003KT,08,07
2016-08-23 08:00:00.000,2016,8,23,8,VRB03KT,07,06
2016-08-23 09:00:00.000,2016,8,23,9,35005KT,08,06
2016-08-23 10:00:00.000,2016,8,23,10,08004KT,09,07
2016-08-23 10:30:00.000,2016,8,23,10,06004KT,09,06
2016-08-23 11:00:00.000,2016,8,23,11,VRB02KT,09,07
2016-08-23 12:00:00.000,2016,8,23,12,35005KT,10,08
2016-08-23 13:00:00.000,2016,8,23,13,09006KT,14,07
2016-08-23 14:00:00.000,2016,8,23,14,16006KT,16,07
2016-08-23 15:00:00.000,2016,8,23,15,09005KT,18,07
2016-08-23 16:00:00.000,2016,8,23,16,09005KT,19,06
2016-08-23 17:00:00.000,2016,8,23,17,08009KT,19,04
2016-08-23 18:00:00.000,2016,8,23,18,12010KT,19,05
2016-08-23 19:00:00.000,2016,8,23,19,13012KT,19,05
2016-08-23 20:00:00.000,2016,8,23,20,17010KT,19,06
2016-08-23 21:00:00.000,2016,8,23,21,27008KT,18,07
2016-08-23 22:00:00.000,2016,8,23,22,32010KT,15,11
2016-08-23 23:00:00.000,2016,8,23,23,VRB02KT,17,09
2016-08-24 00:00:00.000,2016,8,24,0,24008KT,14,10
2016-08-24 01:00:00.000,2016,8,24,1,VRB02KT,11,09
2016-08-24 02:00:00.000,2016,8,24,2,07004KT,11,10
2016-08-24 03:00:00.000,2016,8,24,3,VRB02KT,11,10
2016-08-24 04:00:00.000,2016,8,24,4,VRB02KT,11,09
2016-08-24 05:00:00.000,2016,8,24,5,VRB02KT,11,09
2016-08-24 10:30:00.000,2016,8,24,10,VRB02KT,08,07
2016-08-24 11:00:00.000,2016,8,24,11,VRB02KT,08,08
2016-08-24 11:25:00.000,2016,8,24,11,VRB02KT,08,07
2016-08-24 12:00:00.000,2016,8,24,12,34004KT,08,08
2016-08-24 12:24:00.000,2016,8,24,12,VRB02KT,11,10
2016-08-24 14:00:00.000,2016,8,24,14,19003KT,15,09
2016-08-24 14:37:00.000,2016,8,24,14,21003KT,17,09
2016-08-24 15:00:00.000,2016,8,24,15,34003KT,17,08
2016-08-24 16:00:00.000,2016,8,24,16,25003KT,18,07
2016-08-24 17:00:00.000,2016,8,24,17,20006KT,18,08
2016-08-24 18:00:00.000,2016,8,24,18,24011KT,17,10
2016-08-24 19:00:00.000,2016,8,24,19,28007KT,18,10
2016-08-24 20:00:00.000,2016,8,24,20,23009KT,16,12
2016-08-24 21:00:00.000,2016,8,24,21,24007KT,15,10
2016-08-24 21:30:00.000,2016,8,24,21,25008KT,15,10
2016-08-24 22:00:00.000,2016,8,24,22,26007KT,15,10
2016-08-24 23:00:00.000,2016,8,24,23,VRB02KT,15,11
2016-08-25 00:00:00.000,2016,8,25,0,35003KT,14,11
2016-08-25 01:00:00.000,2016,8,25,1,VRB02KT,13,10
2016-08-25 02:00:00.000,2016,8,25,2,03003KT,13,11
2016-08-25 03:00:00.000,2016,8,25,3,35003KT,13,11
2016-08-25 04:00:00.000,2016,8,25,4,VRB02KT,13,11
2016-08-25 05:00:00.000,2016,8,25,5,VRB02KT,13,10
2016-08-25 06:00:00.000,2016,8,25,6,25004KT,13,10
2016-08-25 07:00:00.000,2016,8,25,7,21004KT,13,10
2016-08-25 08:00:00.000,2016,8,25,8,24003KT,13,10
2016-08-25 09:00:00.000,2016,8,25,9,VRB02KT,12,09
2016-08-25 10:00:00.000,2016,8,25,10,VRB02KT,11,09
2016-08-25 10:30:00.000,2016,8,25,10,VRB02KT,11,09
2016-08-25 11:00:00.000,2016,8,25,11,VRB02KT,10,09
2016-08-25 12:00:00.000,2016,8,25,12,04003KT,12,11
2016-08-25 13:00:00.000,2016,8,25,13,03005KT,13,10
2016-08-25 14:00:00.000,2016,8,25,14,07005KT,15,10
2016-08-25 15:00:00.000,2016,8,25,15,20003KT,16,09
2016-08-25 16:00:00.000,2016,8,25,16,23005KT,18,08
2016-08-25 17:00:00.000,2016,8,25,17,14011KT,19,09
2016-08-25 18:00:00.000,2016,8,25,18,15012KT,19,07
2016-08-25 19:00:00.000,2016,8,25,19,17007KT,19,07
2016-08-25 20:00:00.000,2016,8,25,20,30009KT,18,09
2016-08-25 21:00:00.000,2016,8,25,21,31009KT,17,10
2016-08-25 22:00:00.000,2016,8,25,22,3208KT,16,09
2016-08-25 23:00:00.000,2016,8,25,23,33004KT,16,09
2016-08-26 00:00:00.000,2016,8,26,0,24006KT,15,09
2016-08-26 00:17:00.000,2016,8,26,0,20006KT,14,10
2016-08-26 01:00:00.000,2016,8,26,1,25006KT,13,11
2016-08-26 01:33:00.000,2016,8,26,1,27003KT,13,11
2016-08-26 02:00:00.000,2016,8,26,2,28004KT,13,11
2016-08-26 03:00:00.000,2016,8,26,3,VRB02KT,12,10
2016-08-26 04:00:00.000,2016,8,26,4,35003KT,12,10
2016-08-26 05:00:00.000,2016,8,26,5,VRB02KT,11,10
2016-08-26 06:00:00.000,2016,8,26,6,VRB02KT,13,10
2016-08-26 07:00:00.000,2016,8,26,7,27004KT,13,10
2016-08-26 08:00:00.000,2016,8,26,8,VRB02KT,12,10
2016-08-26 09:00:00.000,2016,8,26,9,30003KT,11,09
2016-08-26 10:00:00.000,2016,8,26,10,VRB02KT,11,09
2016-08-26 10:30:00.000,2016,8,26,10,VRB02KT,11,09
2016-08-26 11:00:00.000,2016,8,26,11,31003KT,10,09
2016-08-26 12:00:00.000,2016,8,26,12,VRB02KT,11,10
2016-08-26 13:00:00.000,2016,8,26,13,15009KT,15,09
2016-08-26 14:00:00.000,2016,8,26,14,17010KT,15,08
2016-08-26 15:00:00.000,2016,8,26,15,15012KT,16,08
2016-08-26 16:00:00.000,2016,8,26,16,13012KT,17,08
2016-08-26 17:00:00.000,2016,8,26,17,12011KT,18,09
2016-08-26 18:00:00.000,2016,8,26,18,18018KT,19,06
2016-08-26 19:00:00.000,2016,8,26,19,18020KT,18,07
2016-08-26 20:00:00.000,2016,8,26,20,16018KT,18,08
2016-08-26 21:00:00.000,2016,8,26,21,15012KT,16,07
2016-08-26 22:00:00.000,2016,8,26,22,18008KT,16,06
2016-08-26 23:00:00.000,2016,8,26,23,18010KT,15,07
2016-08-27 00:00:00.000,2016,8,27,0,07004KT,13,07
2016-08-27 01:00:00.000,2016,8,27,1,13005KT,13,06
2016-08-27 02:00:00.000,2016,8,27,2,VRB02KT,11,07
2016-08-27 03:00:00.000,2016,8,27,3,04003KT,10,06
2016-08-27 04:00:00.000,2016,8,27,4,04004KT,09,07
2016-08-27 05:00:00.000,2016,8,27,5,01004KT,09,07
2016-08-27 06:00:00.000,2016,8,27,6,05003KT,09,07
2016-08-27 07:00:00.000,2016,8,27,7,31004KT,09,07
2016-08-27 08:00:00.000,2016,8,27,8,02003KT,09,07
2016-08-27 09:00:00.000,2016,8,27,9,VRB02KT,10,07
2016-08-27 10:00:00.000,2016,8,27,10,33003KT,09,07
2016-08-27 10:30:00.000,2016,8,27,10,03003KT,09,07
2016-08-27 11:00:00.000,2016,8,27,11,VRB02KT,10,08
2016-08-27 12:00:00.000,2016,8,27,12,VRB02KT,10,08
2016-08-27 12:38:00.000,2016,8,27,12,05003KT,12,08
2016-08-27 13:00:00.000,2016,8,27,13,03003KT,13,08
2016-08-27 14:00:00.000,2016,8,27,14,VRB02KT,14,08
2016-08-27 15:00:00.000,2016,8,27,15,VRB02KT,17,08
2016-08-27 16:00:00.000,2016,8,27,16,VRB02KT,17,08
2016-08-27 17:00:00.000,2016,8,27,17,17005KT,17,08
2016-08-27 18:00:00.000,2016,8,27,18,13007KT,18,06
2016-08-27 19:00:00.000,2016,8,27,19,22005KT,17,08
2016-08-27 20:00:00.000,2016,8,27,20,27006KT,15,10
2016-08-27 21:00:00.000,2016,8,27,21,27006KT,15,11
2016-08-27 22:00:00.000,2016,8,27,22,VRB02KT,16,11
2016-08-27 23:00:00.000,2016,8,27,23,11004KT,16,06
2016-08-28 00:00:00.000,2016,8,28,0,14006KT,15,08
2016-08-28 01:00:00.000,2016,8,28,1,14008KT,14,09
2016-08-28 02:00:00.000,2016,8,28,2,12007KT,14,08
2016-08-28 03:00:00.000,2016,8,28,3,06003KT,14,09
2016-08-28 04:00:00.000,2016,8,28,4,12003KT,13,09
2016-08-28 05:00:00.000,2016,8,28,5,17004KT,13,09
2016-08-28 06:00:00.000,2016,8,28,6,VRB02KT,12,10
2016-08-28 07:00:00.000,2016,8,28,7,VRB02KT,11,10
2016-08-28 08:00:00.000,2016,8,28,8,03004KT,11,10
2016-08-28 09:00:00.000,2016,8,28,9,VRB02KT,11,10
2016-08-28 10:00:00.000,2016,8,28,10,VRB02KT,11,10
2016-08-28 10:30:00.000,2016,8,28,10,06003KT,11,10
2016-08-28 11:00:00.000,2016,8,28,11,05004KT,11,10
2016-08-28 12:00:00.000,2016,8,28,12,VRB02KT,11,10
2016-08-28 13:00:00.000,2016,8,28,13,05006KT,12,10
2016-08-28 14:00:00.000,2016,8,28,14,06006KT,14,10
2016-08-28 15:00:00.000,2016,8,28,15,06005KT,16,10
2016-08-28 16:00:00.000,2016,8,28,16,20007KT,19,10
2016-08-28 17:00:00.000,2016,8,28,17,15006KT,19,08
2016-08-28 18:00:00.000,2016,8,28,18,13006KT,19,07
2016-08-28 19:00:00.000,2016,8,28,19,16008KT,20,06
2016-08-28 20:00:00.000,2016,8,28,20,13012KT,20,07
2016-08-28 21:00:00.000,2016,8,28,21,13012KT,19,07
2016-08-28 22:00:00.000,2016,8,28,22,12012KT,19,06
2016-08-28 23:00:00.000,2016,8,28,23,10006KT,17,07
2016-08-29 00:00:00.000,2016,8,29,0,12008KT,16,08
2016-08-29 01:00:00.000,2016,8,29,1,07003KT,16,09
2016-08-29 02:00:00.000,2016,8,29,2,VRB02KT,15,09
2016-08-29 03:00:00.000,2016,8,29,3,08003KT,12,09
2016-08-29 04:00:00.000,2016,8,29,4,06007KT,11,07
2016-08-29 05:00:00.000,2016,8,29,5,04004KT,10,08
2016-08-29 06:00:00.000,2016,8,29,6,VRB02KT,09,07
2016-08-29 07:00:00.000,2016,8,29,7,VRB02KT,09,07
2016-08-29 08:00:00.000,2016,8,29,8,VRB02KT,09,07
2016-08-29 09:00:00.000,2016,8,29,9,VRB02KT,07,06
2016-08-29 10:00:00.000,2016,8,29,10,VRB02KT,06,05
2016-08-29 10:30:00.000,2016,8,29,10,05006KT,06,05
2016-08-29 11:00:00.000,2016,8,29,11,06006KT,07,06
2016-08-29 12:00:00.000,2016,8,29,12,06005KT,09,08
2016-08-29 12:23:00.000,2016,8,29,12,05005KT,11,09
2016-08-29 13:00:00.000,2016,8,29,13,06005KT,13,08
2016-08-29 14:00:00.000,2016,8,29,14,05009KT,14,08
2016-08-29 15:00:00.000,2016,8,29,15,09006KT,17,08
2016-08-29 16:00:00.000,2016,8,29,16,13011KT,19,05
2016-08-29 17:00:00.000,2016,8,29,17,13009KT,19,06
2016-08-29 18:00:00.000,2016,8,29,18,15011KT,20,05
2016-08-29 19:00:00.000,2016,8,29,19,07006KT,20,07
2016-08-29 20:00:00.000,2016,8,29,20,04009KT,20,07
2016-08-29 21:00:00.000,2016,8,29,21,10004KT,21,04
2016-08-29 22:00:00.000,2016,8,29,22,04008KT,19,06
2016-08-29 23:00:00.000,2016,8,29,23,06007KT,17,06
2016-08-30 00:00:00.000,2016,8,30,0,23007KT,16,12
2016-08-30 01:00:00.000,2016,8,30,1,14008KT,15,07
2016-08-30 02:00:00.000,2016,8,30,2,12006KT,14,06
2016-08-30 03:00:00.000,2016,8,30,3,13005KT,14,07
2016-08-30 04:00:00.000,2016,8,30,4,35003KT,11,07
2016-08-30 05:00:00.000,2016,8,30,5,14006KT,13,08
2016-08-30 06:00:00.000,2016,8,30,6,13007KT,14,07
2016-08-30 07:00:00.000,2016,8,30,7,VRB02KT,11,08
2016-08-30 08:00:00.000,2016,8,30,8,05008KT,12,09
2016-08-30 09:00:00.000,2016,8,30,9,05005KT,12,08
2016-08-30 10:00:00.000,2016,8,30,10,05004KT,11,08
2016-08-30 10:30:00.000,2016,8,30,10,04003KT,11,08
2016-08-30 11:00:00.000,2016,8,30,11,05005KT,11,08
2016-08-30 12:00:00.000,2016,8,30,12,04005KT,11,09
2016-08-30 13:00:00.000,2016,8,30,13,05004KT,13,09
2016-08-30 14:00:00.000,2016,8,30,14,06009KT,15,09
2016-08-30 15:00:00.000,2016,8,30,15,13010KT,16,08
2016-08-30 16:00:00.000,2016,8,30,16,15012KT,17,08
2016-08-30 17:00:00.000,2016,8,30,17,17008KT,17,07
2016-08-30 18:00:00.000,2016,8,30,18,15012KT,18,08
2016-08-30 19:00:00.000,2016,8,30,19,14010KT,17,07
2016-08-30 20:00:00.000,2016,8,30,20,12007KT,18,07
2016-08-30 21:00:00.000,2016,8,30,21,13010KT,18,07
2016-08-30 22:00:00.000,2016,8,30,22,18008KT,18,07
2016-08-30 23:00:00.000,2016,8,30,23,13003KT,17,07
2016-08-31 00:00:00.000,2016,8,31,0,12008KT,16,08
2016-08-31 01:00:00.000,2016,8,31,1,VRB02KT,13,08
2016-08-31 02:00:00.000,2016,8,31,2,06005KT,12,07
2016-08-31 03:00:00.000,2016,8,31,3,08004KT,14,08
2016-08-31 04:00:00.000,2016,8,31,4,05003KT,11,08
2016-08-31 05:00:00.000,2016,8,31,5,02003KT,09,06
2016-08-31 06:00:00.000,2016,8,31,6,VRB02KT,10,08
2016-08-31 07:00:00.000,2016,8,31,7,01004KT,09,07
2016-08-31 08:00:00.000,2016,8,31,8,04005KT,09,08
2016-08-31 09:00:00.000,2016,8,31,9,05005KT,10,09
2016-08-31 10:00:00.000,2016,8,31,10,36003KT,10,08
2016-08-31 10:30:00.000,2016,8,31,10,06005KT,10,08
2016-08-31 11:00:00.000,2016,8,31,11,03004KT,10,08
2016-08-31 12:00:00.000,2016,8,31,12,05007KT,11,09
2016-08-31 13:00:00.000,2016,8,31,13,04007KT,13,10
2016-08-31 14:00:00.000,2016,8,31,14,05007KT,15,09
2016-08-31 15:00:00.000,2016,8,31,15,04010KT,16,09
2016-08-31 16:00:00.000,2016,8,31,16,07008KT,16,08
2016-08-31 17:00:00.000,2016,8,31,17,06010KT,18,07
2016-08-31 18:00:00.000,2016,8,31,18,13012KT,19,07
2016-08-31 19:00:00.000,2016,8,31,19,11008KT,19,07
2016-08-31 20:00:00.000,2016,8,31,20,04009KT,19,07
2016-08-31 21:00:00.000,2016,8,31,21,11006KT,20,07
2016-08-31 22:00:00.000,2016,8,31,22,05010KT,19,07
2016-08-31 23:00:00.000,2016,8,31,23,31008KT,16,08
2016-09-01 00:00:00.000,2016,9,1,0,26004KT,14,11
2016-09-01 01:00:00.000,2016,9,1,1,03003KT,13,10
2016-09-01 02:00:00.000,2016,9,1,2,31005KT,13,11
2016-09-01 03:00:00.000,2016,9,1,3,35003KT,12,10
2016-09-01 04:00:00.000,2016,9,1,4,05004KT,11,10
2016-09-01 04:30:00.000,2016,9,1,4,VRB02KT,11,10
2016-09-01 05:00:00.000,2016,9,1,5,VRB02KT,11,10
2016-09-01 06:00:00.000,2016,9,1,6,14007KT,12,09
2016-09-01 07:00:00.000,2016,9,1,7,16004KT,12,10
2016-09-01 07:30:00.000,2016,9,1,7,33004KT,26,26
2016-09-01 08:00:00.000,2016,9,1,8,09006KT,11,10
2016-09-01 09:00:00.000,2016,9,1,9,11004KT,10,08
2016-09-01 10:00:00.000,2016,9,1,10,04005KT,09,08
2016-09-01 10:30:00.000,2016,9,1,10,08004KT,09,08
2016-09-01 11:00:00.000,2016,9,1,11,05004KT,09,08
2016-09-01 12:00:00.000,2016,9,1,12,VRB02KT,09,08
2016-09-01 13:00:00.000,2016,9,1,13,VRB02KT,11,09
2016-09-01 14:00:00.000,2016,9,1,14,VRB02KT,13,09
2016-09-01 15:00:00.000,2016,9,1,15,VRB02KT,14,09
2016-09-01 16:00:00.000,2016,9,1,16,12006KT,17,07
2016-09-01 17:00:00.000,2016,9,1,17,18012KT,17,07
2016-09-01 18:00:00.000,2016,9,1,18,15009KT,17,07
2016-09-01 19:00:00.000,2016,9,1,19,14011KT,17,07
2016-09-01 20:00:00.000,2016,9,1,20,16007KT,17,07
2016-09-01 21:00:00.000,2016,9,1,21,17011KT,17,07
2016-09-01 22:00:00.000,2016,9,1,22,14010KT,17,07
2016-09-01 23:00:00.000,2016,9,1,23,16010KT,16,07
2016-09-02 00:00:00.000,2016,9,2,0,11003KT,14,08
2016-09-02 01:00:00.000,2016,9,2,1,09005KT,14,08
2016-09-02 02:00:00.000,2016,9,2,2,07004KT,13,08
2016-09-02 03:00:00.000,2016,9,2,3,09004KT,12,08
2016-09-02 04:00:00.000,2016,9,2,4,02005KT,10,08
2016-09-02 05:00:00.000,2016,9,2,5,05003KT,10,09
2016-09-02 06:00:00.000,2016,9,2,6,33003KT,10,08
2016-09-02 07:00:00.000,2016,9,2,7,VRB02KT,08,07
2016-09-02 08:00:00.000,2016,9,2,8,VRB02KT,09,08
2016-09-02 09:00:00.000,2016,9,2,9,VRB02KT,08,08
2016-09-02 09:30:00.000,2016,9,2,9,VRB02KT,09,08
2016-09-02 10:00:00.000,2016,9,2,10,VRB02KT,09,08
2016-09-02 10:30:00.000,2016,9,2,10,VRB02KT,08,08
2016-09-02 11:00:00.000,2016,9,2,11,VRB02KT,08,07
2016-09-02 11:06:00.000,2016,9,2,11,23004KT,09,09
2016-09-02 12:00:00.000,2016,9,2,12,VRB02KT,09,08
2016-09-02 13:00:00.000,2016,9,2,13,VRB02KT,11,10
2016-09-02 13:25:00.000,2016,9,2,13,05004KT,11,10
2016-09-02 14:00:00.000,2016,9,2,14,03004KT,12,10
2016-09-02 15:00:00.000,2016,9,2,15,04005KT,12,10
2016-09-02 15:37:00.000,2016,9,2,15,04003KT,12,11
2016-09-02 16:00:00.000,2016,9,2,16,05004KT,12,11
2016-09-02 17:00:00.000,2016,9,2,17,VRB02KT,13,10
2016-09-02 18:00:00.000,2016,9,2,18,36006KT,14,12
2016-09-02 19:00:00.000,2016,9,2,19,VRB02KT,16,09
2016-09-02 20:00:00.000,2016,9,2,20,05005KT,15,09
2016-09-02 21:00:00.000,2016,9,2,21,09003KT,17,06
2016-09-02 22:00:00.000,2016,9,2,22,25004KT,16,08
2016-09-02 23:00:00.000,2016,9,2,23,VRB02KT,16,08
2016-09-03 00:00:00.000,2016,9,3,0,17006KT,15,08
2016-09-03 01:00:00.000,2016,9,3,1,VRB02KT,14,07
2016-09-03 02:00:00.000,2016,9,3,2,VRB02KT,13,08
2016-09-03 03:00:00.000,2016,9,3,3,VRB02KT,12,08
2016-09-03 04:00:00.000,2016,9,3,4,03004KT,12,08
2016-09-03 05:00:00.000,2016,9,3,5,04003KT,12,09
2016-09-03 06:00:00.000,2016,9,3,6,VRB02KT,11,09
2016-09-03 07:00:00.000,2016,9,3,7,03003KT,11,09
2016-09-03 08:00:00.000,2016,9,3,8,29003KT,11,09
2016-09-03 09:00:00.000,2016,9,3,9,VRB02KT,10,09
2016-09-03 10:00:00.000,2016,9,3,10,VRB02KT,10,09
2016-09-03 10:30:00.000,2016,9,3,10,06003KT,10,09
2016-09-03 11:00:00.000,2016,9,3,11,VRB02KT,10,09
2016-09-03 12:00:00.000,2016,9,3,12,VRB02KT,12,09
2016-09-03 13:00:00.000,2016,9,3,13,06005KT,15,10
2016-09-03 14:00:00.000,2016,9,3,14,08003KT,17,08
2016-09-03 15:00:00.000,2016,9,3,15,36004KT,16,08
2016-09-03 16:00:00.000,2016,9,3,16,34004KT,17,08
2016-09-03 16:30:00.000,2016,9,3,16,07010KT,19,08
2016-09-03 17:00:00.000,2016,9,3,17,27005KT,18,07
2016-09-03 17:37:00.000,2016,9,3,17,25004KT,20,09
2016-09-03 18:00:00.000,2016,9,3,18,VRB02KT,19,07
2016-09-03 18:33:00.000,2016,9,3,18,10012KT,21,06
2016-09-03 19:00:00.000,2016,9,3,19,06004KT,21,06
2016-09-03 20:00:00.000,2016,9,3,20,13006KT,20,07
2016-09-03 21:00:00.000,2016,9,3,21,21008KT,19,10
2016-09-03 22:00:00.000,2016,9,3,22,240100KT,18,11
2016-09-03 23:00:00.000,2016,9,3,23,28006KT,16,11
2016-09-04 00:00:00.000,2016,9,4,0,29004KT,15,11
2016-09-04 01:00:00.000,2016,9,4,1,VRB02KT,13,11
2016-09-04 02:00:00.000,2016,9,4,2,23005KT,14,11
2016-09-04 03:00:00.000,2016,9,4,3,19006KT,13,10
2016-09-04 04:00:00.000,2016,9,4,4,VRB02KT,13,09
2016-09-04 05:00:00.000,2016,9,4,5,06004KT,12,09
2016-09-04 06:00:00.000,2016,9,4,6,05005KT,11,09
2016-09-04 08:00:00.000,2016,9,4,8,08004KT,11,10
2016-09-04 09:00:00.000,2016,9,4,9,06006KT,10,08
2016-09-04 10:00:00.000,2016,9,4,10,VRB02KT,09,08
2016-09-04 10:30:00.000,2016,9,4,10,33004KT,08,07
2016-09-04 11:00:00.000,2016,9,4,11,36003KT,07,06
2016-09-04 11:30:00.000,2016,9,4,11,VRB02KT,09,08
2016-09-04 12:00:00.000,2016,9,4,12,VRB02KT,12,09
2016-09-04 13:00:00.000,2016,9,4,13,07004KT,14,10
2016-09-04 13:36:00.000,2016,9,4,13,06010KT,16,09
2016-09-04 14:00:00.000,2016,9,4,14,04006KT,17,08
2016-09-04 15:00:00.000,2016,9,4,15,09007KT,19,08
2016-09-04 16:00:00.000,2016,9,4,16,16003KT,19,07
2016-09-04 17:00:00.000,2016,9,4,17,04013KT,18,08
2016-09-04 18:00:00.000,2016,9,4,18,27008KT,18,10
2016-09-04 19:00:00.000,2016,9,4,19,26006KT,17,11
2016-09-04 19:05:00.000,2016,9,4,19,19010KT,17,10
2016-09-04 19:30:00.000,2016,9,4,19,25008KT,15,11
2016-09-04 20:00:00.000,2016,9,4,20,24006KT,16,11
2016-09-04 21:00:00.000,2016,9,4,21,24010KT,18,10
2016-09-04 21:26:00.000,2016,9,4,21,35004KT,16,11
2016-09-04 21:34:00.000,2016,9,4,21,29006KT,16,12
2016-09-04 22:00:00.000,2016,9,4,22,VRB02KT,15,10
2016-09-04 22:32:00.000,2016,9,4,22,VRB02KT,14,12
2016-09-04 23:00:00.000,2016,9,4,23,VRB02KT,14,12
2016-09-05 00:00:00.000,2016,9,5,0,VRB02KT,13,10
2016-09-05 01:00:00.000,2016,9,5,1,VRB02KT,12,11
2016-09-05 02:00:00.000,2016,9,5,2,VRB02KT,12,10
2016-09-05 03:00:00.000,2016,9,5,3,24003KT,12,10
2016-09-05 04:00:00.000,2016,9,5,4,04003KT,11,10
2016-09-05 05:00:00.000,2016,9,5,5,03004KT,12,10
2016-09-05 06:00:00.000,2016,9,5,6,VRB02KT,12,10
2016-09-05 07:00:00.000,2016,9,5,7,VRB02KT,12,10
2016-09-05 08:00:00.000,2016,9,5,8,03003T,11,10
2016-09-05 09:00:00.000,2016,9,5,9,02003KT,11,10
2016-09-05 10:00:00.000,2016,9,5,10,04005KT,11,10
2016-09-05 10:30:00.000,2016,9,5,10,05004KT,11,10
2016-09-05 11:00:00.000,2016,9,5,11,05004KT,11,10
2016-09-05 12:00:00.000,2016,9,5,12,01004KT,12,10
2016-09-05 13:00:00.000,2016,9,5,13,05004KT,14,10
2016-09-05 14:00:00.000,2016,9,5,14,VRB02KT,15,10
2016-09-05 15:00:00.000,2016,9,5,15,02006KT,15,11
2016-09-05 16:00:00.000,2016,9,5,16,15012KT,18,10
2016-09-05 17:00:00.000,2016,9,5,17,16015KT,19,10
2016-09-05 18:00:00.000,2016,9,5,18,16012KT,19,09
2016-09-05 19:00:00.000,2016,9,5,19,17014KT,19,08
2016-09-05 20:00:00.000,2016,9,5,20,17012KT,20,07
2016-09-05 21:00:00.000,2016,9,5,21,18013KT,20,07
2016-09-05 22:00:00.000,2016,9,5,22,18013KT,19,06
2016-09-05 23:00:00.000,2016,9,5,23,17013KT,18,07
2016-09-06 00:00:00.000,2016,9,6,0,14008KT,16,08
2016-09-06 01:00:00.000,2016,9,6,1,VRB02KT,15,09
2016-09-06 02:00:00.000,2016,9,6,2,VRB02KT,15,10
2016-09-06 03:00:00.000,2016,9,6,3,17008KT,15,09
2016-09-06 04:00:00.000,2016,9,6,4,14008KT,14,09
2016-09-06 05:00:00.000,2016,9,6,5,17008KT,15,09
2016-09-06 06:00:00.000,2016,9,6,6,19005KT,15,09
2016-09-06 07:00:00.000,2016,9,6,7,06005KT,12,10
2016-09-06 08:00:00.000,2016,9,6,8,05005KT,11,10
2016-09-06 09:00:00.000,2016,9,6,9,29005KT,10,09
2016-09-06 10:00:00.000,2016,9,6,10,32003KT,11,10
2016-09-06 10:30:00.000,2016,9,6,10,00000KT,10,09
2016-09-06 11:00:00.000,2016,9,6,11,VRB02KT,10,09
2016-09-06 12:00:00.000,2016,9,6,12,06005KT,11,10
2016-09-06 13:00:00.000,2016,9,6,13,VRB02KT,16,10
2016-09-06 14:00:00.000,2016,9,6,14,16012KT,17,07
2016-09-06 15:00:00.000,2016,9,6,15,17008KT,19,08
2016-09-06 16:00:00.000,2016,9,6,16,16008KT,19,07
2016-09-06 17:00:00.000,2016,9,6,17,14010KT,19,08
2016-09-06 17:30:00.000,2016,9,6,17,15006K,21,08
2016-09-06 18:00:00.000,2016,9,6,18,16007KT,20,07
2016-09-06 19:00:00.000,2016,9,6,19,15015KT,19,07
2016-09-06 20:00:00.000,2016,9,6,20,13006KT,19,06
2016-09-06 21:00:00.000,2016,9,6,21,13007KT,17,08
2016-09-06 22:00:00.000,2016,9,6,22,09007KT,18,09
2016-09-06 23:00:00.000,2016,9,6,23,13004KT,17,08
2016-09-07 00:00:00.000,2016,9,7,0,11006KT,16,08
2016-09-07 01:00:00.000,2016,9,7,1,14008KT,15,08
2016-09-07 02:00:00.000,2016,9,7,2,13007KT,15,08
2016-09-07 03:00:00.000,2016,9,7,3,07003KT,14,09
2016-09-07 04:00:00.000,2016,9,7,4,07006KT,13,10
2016-09-07 05:00:00.000,2016,9,7,5,06005KT,13,09
2016-09-07 06:00:00.000,2016,9,7,6,01004KT,12,10
2016-09-07 07:00:00.000,2016,9,7,7,VRB02KT,13,10
2016-09-07 08:00:00.000,2016,9,7,8,35003KT,12,10
2016-09-07 09:00:00.000,2016,9,7,9,04003KT,12,09
2016-09-07 10:00:00.000,2016,9,7,10,12003KT,13,08
2016-09-07 10:30:00.000,2016,9,7,10,13006KT,13,07
2016-09-07 11:00:00.000,2016,9,7,11,13006KT,13,07
2016-09-07 11:17:00.000,2016,9,7,11,VRB02KT,13,08
2016-09-07 12:00:00.000,2016,9,7,12,VRB02KT,12,08
2016-09-07 13:00:00.000,2016,9,7,13,05006KT,12,09
2016-09-07 14:00:00.000,2016,9,7,14,04008KT,13,10
2016-09-07 15:00:00.000,2016,9,7,15,02006KT,15,10
2016-09-07 16:00:00.000,2016,9,7,16,11004KT,17,08
2016-09-07 17:00:00.000,2016,9,7,17,16014KT,17,09
2016-09-07 18:00:00.000,2016,9,7,18,18008KT,17,07
2016-09-07 19:00:00.000,2016,9,7,19,18013KT,19,07
2016-09-07 20:00:00.000,2016,9,7,20,14008KT,18,07
2016-09-07 21:00:00.000,2016,9,7,21,25009KT,15,10
2016-09-07 21:30:00.000,2016,9,7,21,30008KT,14,10
2016-09-07 23:00:00.000,2016,9,7,23,31004KT,12,10
2016-09-08 00:00:00.000,2016,9,8,0,34003KT,11,09
2016-09-08 01:00:00.000,2016,9,8,1,35003KT,11,10
2016-09-08 02:00:00.000,2016,9,8,2,33003KT,11,10
2016-09-08 03:00:00.000,2016,9,8,3,31004KT,11,09
2016-09-08 04:00:00.000,2016,9,8,4,VRB02KT,09,08
2016-09-08 05:00:00.000,2016,9,8,5,32004KT,08,07
2016-09-08 06:00:00.000,2016,9,8,6,35003KT,07,06
2016-09-08 07:00:00.000,2016,9,8,7,VRB02KT,07,07
2016-09-08 08:00:00.000,2016,9,8,8,VRB02KT,06,06
2016-09-08 09:00:00.000,2016,9,8,9,34003KT,07,06
2016-09-08 10:00:00.000,2016,9,8,10,VRB02KT,07,07
2016-09-08 10:30:00.000,2016,9,8,10,VRB02KT,07,07
2016-09-08 11:00:00.000,2016,9,8,11,VRB02KT,07,07
2016-09-08 12:00:00.000,2016,9,8,12,33003KT,08,08
2016-09-08 13:00:00.000,2016,9,8,13,03004KT,11,10
2016-09-08 13:34:00.000,2016,9,8,13,03004KT,13,11
2016-09-08 14:00:00.000,2016,9,8,14,06003KT,14,10
2016-09-08 14:34:00.000,2016,9,8,14,02004KT,17,10
2016-09-08 15:00:00.000,2016,9,8,15,VRB02KT,19,09
2016-09-08 16:00:00.000,2016,9,8,16,17007KT,19,08
2016-09-08 17:00:00.000,2016,9,8,17,14011KT,20,08
2016-09-08 18:00:00.000,2016,9,8,18,16012KT,22,05
2016-09-08 19:00:00.000,2016,9,8,19,21006KT,21,08
2016-09-08 20:00:00.000,2016,9,8,20,25012KT,19,10
2016-09-08 21:00:00.000,2016,9,8,21,32008KT,17,09
2016-09-08 22:00:00.000,2016,9,8,22,31008KT,17,09
2016-09-08 23:00:00.000,2016,9,8,23,24004KT,16,09
2016-09-09 00:00:00.000,2016,9,9,0,VRB02KT,14,08
2016-09-09 01:00:00.000,2016,9,9,1,VRB02KT,11,09
2016-09-09 02:00:00.000,2016,9,9,2,VRB02KT,12,09
2016-09-09 03:00:00.000,2016,9,9,3,VRB02KT,12,10
2016-09-09 04:00:00.000,2016,9,9,4,VRB02KT,11,10
2016-09-09 05:00:00.000,2016,9,9,5,04004KT,10,09
2016-09-09 06:00:00.000,2016,9,9,6,VRB02KT,10,09
2016-09-09 07:00:00.000,2016,9,9,7,34004KT,09,08
2016-09-09 08:00:00.000,2016,9,9,8,05004KT,10,09
2016-09-09 09:00:00.000,2016,9,9,9,01003KT,10,09
2016-09-09 10:00:00.000,2016,9,9,10,03003KT,11,09
2016-09-09 10:30:00.000,2016,9,9,10,05004KT,11,09
2016-09-09 11:00:00.000,2016,9,9,11,04003KT,11,10
2016-09-09 12:00:00.000,2016,9,9,12,VRB02KT,11,10
2016-09-09 13:00:00.000,2016,9,9,13,VRB02KT,13,11
2016-09-09 14:00:00.000,2016,9,9,14,05005KT,14,10
2016-09-09 15:00:00.000,2016,9,9,15,15010KT,17,07
2016-09-09 16:00:00.000,2016,9,9,16,16014KT,17,07
2016-09-09 17:00:00.000,2016,9,9,17,15017KT,18,09
2016-09-09 18:00:00.000,2016,9,9,18,15016KT,20,07
2016-09-09 19:00:00.000,2016,9,9,19,17012KT,20,06
2016-09-09 20:00:00.000,2016,9,9,20,14006KT,19,06
2016-09-09 21:00:00.000,2016,9,9,21,13009KT,19,06
2016-09-09 22:00:00.000,2016,9,9,22,13010KT,18,07
2016-09-09 23:00:00.000,2016,9,9,23,14010KT,16,09
2016-09-10 00:00:00.000,2016,9,10,0,19010KT,15,09
2016-09-10 01:00:00.000,2016,9,10,1,13004KT,14,09
2016-09-10 02:00:00.000,2016,9,10,2,10003KT,14,08
2016-09-10 03:00:00.000,2016,9,10,3,17009KT,14,08
2016-09-10 04:00:00.000,2016,9,10,4,21005KT,14,08
2016-09-10 05:00:00.000,2016,9,10,5,04003KT,10,08
2016-09-10 06:00:00.000,2016,9,10,6,36004KT,12,08
2016-09-10 07:00:00.000,2016,9,10,7,VRB02KT,11,08
2016-09-10 08:00:00.000,2016,9,10,8,02004KT,10,08
2016-09-10 09:00:00.000,2016,9,10,9,VRB02KT,10,08
2016-09-10 10:00:00.000,2016,9,10,10,04004KT,10,09
2016-09-10 10:30:00.000,2016,9,10,10,04004KT,09,08
2016-09-10 11:00:00.000,2016,9,10,11,08003KT,09,08
2016-09-10 12:00:00.000,2016,9,10,12,02004KT,10,09
2016-09-10 12:30:00.000,2016,9,10,12,06006KT,12,09
2016-09-10 13:00:00.000,2016,9,10,13,05006KT,13,09
2016-09-10 14:00:00.000,2016,9,10,14,10006KT,15,09
2016-09-10 14:30:00.000,2016,9,10,14,10006KT,17,08
2016-09-10 15:00:00.000,2016,9,10,15,13004KT,17,08
2016-09-10 16:00:00.000,2016,9,10,16,15010KT,18,08
2016-09-10 17:00:00.000,2016,9,10,17,13006KT,18,08
2016-09-10 17:02:00.000,2016,9,10,17,11063KT,18,08
2016-09-10 17:14:00.000,2016,9,10,17,14008T,16,09
2016-09-10 18:00:00.000,2016,9,10,18,14005KT,17,09
2016-09-10 19:00:00.000,2016,9,10,19,04003KT,17,08
2016-09-10 20:00:00.000,2016,9,10,20,05007KT,18,07
2016-09-10 20:40:00.000,2016,9,10,20,27008KT,17,10
2016-09-10 21:00:00.000,2016,9,10,21,30006KT,15,12
2016-09-10 21:08:00.000,2016,9,10,21,VRB02KT,14,12
2016-09-10 21:32:00.000,2016,9,10,21,14003KT,14,11
2016-09-10 22:00:00.000,2016,9,10,22,28005KT,14,12
2016-09-10 23:00:00.000,2016,9,10,23,31004KT,14,11
2016-09-11 00:00:00.000,2016,9,11,0,28005KT,14,11
2016-09-11 00:07:00.000,2016,9,11,0,28003KT,14,11
2016-09-11 01:00:00.000,2016,9,11,1,06004KT,13,11
2016-09-11 02:00:00.000,2016,9,11,2,02003KT,12,11
2016-09-11 03:00:00.000,2016,9,11,3,09003KT,13,11
2016-09-11 04:00:00.000,2016,9,11,4,12004KT,12,11
2016-09-11 05:00:00.000,2016,9,11,5,12003KT,12,10
2016-09-11 06:00:00.000,2016,9,11,6,05004KT,11,10
2016-09-11 07:00:00.000,2016,9,11,7,VRB02KT,10,09
2016-09-11 08:00:00.000,2016,9,11,8,01003KT,10,09
2016-09-11 09:00:00.000,2016,9,11,9,VRB02KT,11,10
2016-09-11 10:00:00.000,2016,9,11,10,30004KT,11,10
2016-09-11 11:00:00.000,2016,9,11,11,20003KT,11,10
2016-09-11 11:10:00.000,2016,9,11,11,VRB02KT,12,10
2016-09-11 11:34:00.000,2016,9,11,11,VRB02KT,12,10
2016-09-11 12:00:00.000,2016,9,11,12,VRB02KT,12,10
2016-09-11 13:00:00.000,2016,9,11,13,06006KT,13,10
2016-09-11 14:00:00.000,2016,9,11,14,05006KT,15,11
2016-09-11 15:00:00.000,2016,9,11,15,14009KT,17,08
2016-09-11 16:00:00.000,2016,9,11,16,17008KT,17,07
2016-09-11 17:00:00.000,2016,9,11,17,13005KT,18,08
2016-09-11 18:00:00.000,2016,9,11,18,09004KT,17,09
2016-09-11 19:00:00.000,2016,9,11,19,19007KT,17,09
2016-09-11 20:00:00.000,2016,9,11,20,29007KT,17,12
2016-09-11 21:00:00.000,2016,9,11,21,31006KT,15,11
2016-09-11 22:00:00.000,2016,9,11,22,32005KT,14,11
2016-09-11 23:00:00.000,2016,9,11,23,33005KT,14,11
2016-09-12 00:00:00.000,2016,9,12,0,29006KT,14,11
2016-09-12 01:00:00.000,2016,9,12,1,29003KT,13,11
2016-09-12 02:00:00.000,2016,9,12,2,04003KT,13,10
2016-09-12 03:00:00.000,2016,9,12,3,36003KT,13,10
2016-09-12 04:00:00.000,2016,9,12,4,35003KT,12,10
2016-09-12 05:00:00.000,2016,9,12,5,32003KT,12,10
2016-09-12 06:00:00.000,2016,9,12,6,VRB02KT,11,09
2016-09-12 07:00:00.000,2016,9,12,7,VRB02KT,12,10
2016-09-12 08:00:00.000,2016,9,12,8,VRB02KT,10,09
2016-09-12 09:00:00.000,2016,9,12,9,VRB02KT,10,09
2016-09-12 10:00:00.000,2016,9,12,10,VRB02KT,11,10
2016-09-12 10:30:00.000,2016,9,12,10,VRB02KT,10,10
2016-09-12 11:00:00.000,2016,9,12,11,VRB02KT,10,09
2016-09-12 12:00:00.000,2016,9,12,12,VRB02KT,11,10
2016-09-12 13:00:00.000,2016,9,12,13,VRB02KT,13,12
2016-09-12 14:00:00.000,2016,9,12,14,VRB02KT,15,10
2016-09-12 15:00:00.000,2016,9,12,15,VRB02KT,17,09
2016-09-12 16:00:00.000,2016,9,12,16,25010KT,17,09
2016-09-12 16:25:00.000,2016,9,12,16,26008KT,16,11
2016-09-12 17:00:00.000,2016,9,12,17,27006KT,15,10
2016-09-12 18:00:00.000,2016,9,12,18,30007KT,17,11
2016-09-12 19:00:00.000,2016,9,12,19,35005KT,16,09
2016-09-12 20:00:00.000,2016,9,12,20,24008KT,16,11
2016-09-12 21:00:00.000,2016,9,12,21,27008KT,16,10
2016-09-12 22:00:00.000,2016,9,12,22,27006KT,16,09
2016-09-12 23:00:00.000,2016,9,12,23,23006KT,15,08
2016-09-13 00:00:00.000,2016,9,13,0,23004KT,14,10
2016-09-13 01:00:00.000,2016,9,13,1,VRB02KT,13,10
2016-09-13 02:00:00.000,2016,9,13,2,VRB02KT,13,10
2016-09-13 03:00:00.000,2016,9,13,3,VRB02KT,13,10
2016-09-13 04:00:00.000,2016,9,13,4,VRB02KT,12,10
2016-09-13 05:00:00.000,2016,9,13,5,00000KT,11,09
2016-09-13 06:00:00.000,2016,9,13,6,01004KT,10,09
2016-09-13 07:00:00.000,2016,9,13,7,VRB02KT,10,09
2016-09-13 08:00:00.000,2016,9,13,8,VRB02KT,09,08
2016-09-13 09:00:00.000,2016,9,13,9,VRB02KT,11,10
2016-09-13 10:00:00.000,2016,9,13,10,23003KT,10,09
2016-09-13 11:00:00.000,2016,9,13,11,28005KT,09,08
2016-09-13 12:00:00.000,2016,9,13,12,VRB02KT,10,09
2016-09-13 12:30:00.000,2016,9,13,12,VRB02KT,12,11
2016-09-13 13:00:00.000,2016,9,13,13,VRB02KT,13,12
2016-09-13 13:13:00.000,2016,9,13,13,VRB02KT,16,11
2016-09-13 14:00:00.000,2016,9,13,14,07004KT,16,09
2016-09-13 14:22:00.000,2016,9,13,14,27003KT,18,09
2016-09-13 15:00:00.000,2016,9,13,15,28003KT,18,08
2016-09-13 16:00:00.000,2016,9,13,16,05005KT,19,09
2016-09-13 17:00:00.000,2016,9,13,17,31003KT,20,08
2016-09-13 18:00:00.000,2016,9,13,18,29010KT,19,11
2016-09-13 18:27:00.000,2016,9,13,18,28014KT,18,11
2016-09-13 18:40:00.000,2016,9,13,18,26016KT,17,11
2016-09-13 19:00:00.000,2016,9,13,19,26012KT,16,11
2016-09-13 19:08:00.000,2016,9,13,19,20010KT,15,13
2016-09-13 19:38:00.000,2016,9,13,19,25008KT,14,13
2016-09-13 20:00:00.000,2016,9,13,20,23008KT,14,13
2016-09-13 21:00:00.000,2016,9,13,21,21006KT,16,13
2016-09-13 21:30:00.000,2016,9,13,21,VRB02KT,16,12
2016-09-13 22:00:00.000,2016,9,13,22,VRB02KT,16,12
2016-09-13 22:25:00.000,2016,9,13,22,21004KT,15,12
2016-09-13 23:00:00.000,2016,9,13,23,24004KT,15,12
2016-09-14 00:00:00.000,2016,9,14,0,28004KT,14,12
2016-09-14 01:00:00.000,2016,9,14,1,33004KT,13,11
2016-09-14 02:00:00.000,2016,9,14,2,VRB02KT,13,11
2016-09-14 03:00:00.000,2016,9,14,3,VRB02KT,13,10
2016-09-14 04:00:00.000,2016,9,14,4,VRB02KT,11,09
2016-09-14 05:00:00.000,2016,9,14,5,VRB02KT,10,09
2016-09-14 06:00:00.000,2016,9,14,6,33003KT,11,10
2016-09-14 07:00:00.000,2016,9,14,7,VRB02KT,11,10
2016-09-14 08:00:00.000,2016,9,14,8,29004KT,11,10
2016-09-14 09:00:00.000,2016,9,14,9,VRB02KT,11,10
2016-09-14 10:00:00.000,2016,9,14,10,VRB02KT,11,10
2016-09-14 10:30:00.000,2016,9,14,10,VRB02KT,11,10
2016-09-14 12:00:00.000,2016,9,14,12,34003KT,10,09
2016-09-14 13:00:00.000,2016,9,14,13,00000KT,13,11
2016-09-14 14:00:00.000,2016,9,14,14,VRB02KT,16,10
2016-09-14 15:00:00.000,2016,9,14,15,09005KT,16,09
2016-09-14 16:00:00.000,2016,9,14,16,08004KT,18,08
2016-09-14 17:00:00.000,2016,9,14,17,12009KT,18,08
2016-09-14 18:00:00.000,2016,9,14,18,03005KT,19,09
2016-09-14 19:00:00.000,2016,9,14,19,26003KT,21,09
2016-09-14 20:00:00.000,2016,9,14,20,VRB02KT,20,11
2016-09-14 21:00:00.000,2016,9,14,21,20010KT,18,12
2016-09-14 21:25:00.000,2016,9,14,21,27009KT,17,13
2016-09-14 22:00:00.000,2016,9,14,22,27010KT,16,13
2016-09-14 23:00:00.000,2016,9,14,23,29007KT,15,13
2016-09-14 23:25:00.000,2016,9,14,23,27004KT,15,13
2016-09-14 23:30:00.000,2016,9,14,23,32003KT,15,13
2016-09-15 00:00:00.000,2016,9,15,0,08008G22KT,14,12
2016-09-15 01:00:00.000,2016,9,15,1,03004KT,11,09
2016-09-15 02:00:00.000,2016,9,15,2,15004KT,12,10
2016-09-15 03:00:00.000,2016,9,15,3,00000KT,12,10
2016-09-15 04:00:00.000,2016,9,15,4,VRB02KT,12,10
2016-09-15 05:00:00.000,2016,9,15,5,19004KT,12,10
2016-09-15 06:00:00.000,2016,9,15,6,17005KT,12,10
2016-09-15 07:00:00.000,2016,9,15,7,VRB02KT,11,10
2016-09-15 08:00:00.000,2016,9,15,8,08004KT,11,10
2016-09-15 09:00:00.000,2016,9,15,9,30003KT,11,09
2016-09-15 10:00:00.000,2016,9,15,10,33003KT,10,08
2016-09-15 10:30:00.000,2016,9,15,10,VRB02KT,10,09
2016-09-15 11:00:00.000,2016,9,15,11,VRB02KT,09,08
2016-09-15 12:00:00.000,2016,9,15,12,07004KT,11,10
2016-09-15 13:00:00.000,2016,9,15,13,13006KT,15,09
2016-09-15 14:00:00.000,2016,9,15,14,12012KT,16,08
2016-09-15 15:00:00.000,2016,9,15,15,13009KT,17,09
2016-09-15 16:00:00.000,2016,9,15,16,16016KT,18,09
2016-09-15 17:00:00.000,2016,9,15,17,14014KT,18,08
2016-09-15 18:00:00.000,2016,9,15,18,14012KT,18,07
2016-09-15 19:00:00.000,2016,9,15,19,14014KT,18,07
2016-09-15 20:00:00.000,2016,9,15,20,17012KT,17,07
2016-09-15 21:00:00.000,2016,9,15,21,19010KT,17,07
2016-09-15 22:00:00.000,2016,9,15,22,17013KT,17,07
2016-09-15 23:00:00.000,2016,9,15,23,18008KT,16,07
2016-09-16 00:00:00.000,2016,9,16,0,05003KT,14,08
2016-09-16 01:00:00.000,2016,9,16,1,36003KT,12,09
2016-09-16 02:00:00.000,2016,9,16,2,03004KT,09,07
2016-09-16 03:00:00.000,2016,9,16,3,36003KT,09,08
2016-09-16 04:00:00.000,2016,9,16,4,05006KT,09,08
2016-09-16 05:00:00.000,2016,9,16,5,35003KT,08,06
2016-09-16 06:00:00.000,2016,9,16,6,VRB02KT,08,08
2016-09-16 07:00:00.000,2016,9,16,7,32003KT,05,04
2016-09-16 08:00:00.000,2016,9,16,8,04003KT,06,05
2016-09-16 09:00:00.000,2016,9,16,9,VRB02KT,07,07
2016-09-16 10:00:00.000,2016,9,16,10,VRB02KT,06,06
2016-09-16 10:30:00.000,2016,9,16,10,VRB02KT,07,06
2016-09-16 11:00:00.000,2016,9,16,11,32004KT,06,05
2016-09-16 12:00:00.000,2016,9,16,12,VRB02KT,09,08
2016-09-16 13:00:00.000,2016,9,16,13,VRB02KT,13,09
2016-09-16 14:00:00.000,2016,9,16,14,05004KT,15,08
2016-09-16 15:00:00.000,2016,9,16,15,08004KT,17,05
2016-09-16 16:00:00.000,2016,9,16,16,09004KT,19,06
2016-09-16 17:00:00.000,2016,9,16,17,12004KT,20,06
2016-09-16 18:00:00.000,2016,9,16,18,17008KT,21,03
2016-09-16 19:00:00.000,2016,9,16,19,14015KT,19,07
2016-09-16 20:00:00.000,2016,9,16,20,16005KT,19,04
2016-09-16 21:00:00.000,2016,9,16,21,34007KT,17,10
2016-09-16 22:00:00.000,2016,9,16,22,20004KT,16,11
2016-09-16 22:15:00.000,2016,9,16,22,20004KT,16,11
2016-09-16 23:00:00.000,2016,9,16,23,26005KT,16,11
2016-09-17 00:00:00.000,2016,9,17,0,34005KT,14,11
2016-09-17 01:00:00.000,2016,9,17,1,32003KT,13,10
2016-09-17 02:00:00.000,2016,9,17,2,19006KT,15,08
2016-09-17 03:00:00.000,2016,9,17,3,04004KT,11,08
2016-09-17 04:00:00.000,2016,9,17,4,17004KT,14,07
2016-09-17 05:00:00.000,2016,9,17,5,02003KT,10,07
2016-09-17 06:00:00.000,2016,9,17,6,33003KT,10,06
2016-09-17 08:00:00.000,2016,9,17,8,VRB02KT,09,08
2016-09-17 09:00:00.000,2016,9,17,9,06005KT,08,07
2016-09-17 10:00:00.000,2016,9,17,10,03003KT,08,07
2016-09-17 10:30:00.000,2016,9,17,10,VRB02KT,08,07
2016-09-17 11:00:00.000,2016,9,17,11,VRB02KT,06,05
2016-09-17 12:00:00.000,2016,9,17,12,04005KT,11,09
2016-09-17 13:00:00.000,2016,9,17,13,03007KT,13,08
2016-09-17 14:00:00.000,2016,9,17,14,03003KT,15,05
2016-09-17 15:00:00.000,2016,9,17,15,VRB02KT,17,07
2016-09-17 16:00:00.000,2016,9,17,16,14013KT,19,03
2016-09-17 17:00:00.000,2016,9,17,17,12009KT,19,05
2016-09-17 18:00:00.000,2016,9,17,18,22004KT,19,05
2016-09-17 19:00:00.000,2016,9,17,19,12003KT,19,04
2016-09-17 20:00:00.000,2016,9,17,20,09008KT,19,06
2016-09-17 21:00:00.000,2016,9,17,21,11005KT,18,07
2016-09-17 22:00:00.000,2016,9,17,22,08008KT,18,07
2016-09-17 23:00:00.000,2016,9,17,23,13007KT,17,07
2016-09-18 00:00:00.000,2016,9,18,0,14008KT,16,07
2016-09-18 01:00:00.000,2016,9,18,1,22003KT,16,07
2016-09-18 02:00:00.000,2016,9,18,2,18007KT,15,08
2016-09-18 03:00:00.000,2016,9,18,3,08004KT,14,08
2016-09-18 04:00:00.000,2016,9,18,4,02004KT,12,08
2016-09-18 05:00:00.000,2016,9,18,5,04005KT,10,07
2016-09-18 06:00:00.000,2016,9,18,6,05004KT,10,08
2016-09-18 07:00:00.000,2016,9,18,7,06004KT,11,09
2016-09-18 08:00:00.000,2016,9,18,8,04004KT,10,08
2016-09-18 09:00:00.000,2016,9,18,9,04005KT,10,08
2016-09-18 10:00:00.000,2016,9,18,10,VRB02KT,10,08
2016-09-18 10:26:00.000,2016,9,18,10,36003KT,10,08
2016-09-18 11:00:00.000,2016,9,18,11,03005KT,08,07
2016-09-18 12:00:00.000,2016,9,18,12,05004KT,11,09
2016-09-18 13:00:00.000,2016,9,18,13,10006KT,15,08
2016-09-18 14:00:00.000,2016,9,18,14,17004KT,17,07
2016-09-18 15:00:00.000,2016,9,18,15,19007KT,18,07
2016-09-18 16:00:00.000,2016,9,18,16,18006KT,18,07
2016-09-18 17:00:00.000,2016,9,18,17,12004KT,19,06
2016-09-18 18:00:00.000,2016,9,18,18,17006KT,19,07
2016-09-18 19:00:00.000,2016,9,18,19,17014KT,19,07
2016-09-18 20:00:00.000,2016,9,18,20,10005KT,17,10
2016-09-18 21:00:00.000,2016,9,18,21,28006KT,19,08
2016-09-18 22:00:00.000,2016,9,18,22,08005KT,18,08
2016-09-18 23:00:00.000,2016,9,18,23,14007KT,16,08
2016-09-19 00:00:00.000,2016,9,19,0,23004KT,16,10
2016-09-19 01:00:00.000,2016,9,19,1,17006KT,15,08
2016-09-19 02:00:00.000,2016,9,19,2,01003KT,12,09
2016-09-19 03:00:00.000,2016,9,19,3,05003KT,13,09
2016-09-19 04:00:00.000,2016,9,19,4,VRB02KT,13,09
2016-09-19 05:00:00.000,2016,9,19,5,VRB02KT,12,09
2016-09-19 06:00:00.000,2016,9,19,6,32003KT,11,09
2016-09-19 07:00:00.000,2016,9,19,7,VRB02KT,12,09
2016-09-19 08:00:00.000,2016,9,19,8,35003KT,12,09
2016-09-19 09:00:00.000,2016,9,19,9,05008KT,12,10
2016-09-19 10:00:00.000,2016,9,19,10,06009KT,12,09
2016-09-19 10:30:00.000,2016,9,19,10,05009KT,11,08
2016-09-19 11:00:00.000,2016,9,19,11,06009KT,11,08
2016-09-19 12:00:00.000,2016,9,19,12,05010KT,13,09
2016-09-19 13:00:00.000,2016,9,19,13,05010KT,14,08
2016-09-19 14:00:00.000,2016,9,19,14,07008KT,15,08
2016-09-19 15:00:00.000,2016,9,19,15,13014KT,18,09
2016-09-19 16:00:00.000,2016,9,19,16,16015KT,17,08
2016-09-19 17:00:00.000,2016,9,19,17,12010T,15,09
2016-09-19 18:00:00.000,2016,9,19,18,12012KT,18,07
2016-09-19 19:00:00.000,2016,9,19,19,13010KT,18,07
2016-09-19 20:00:00.000,2016,9,19,20,13011KT,18,06
2016-09-19 21:00:00.000,2016,9,19,21,12009KT,17,06
2016-09-19 22:00:00.000,2016,9,19,22,09014KT,17,07
2016-09-19 23:00:00.000,2016,9,19,23,15008KT,16,06
2016-09-20 00:00:00.000,2016,9,20,0,13008KT,14,07
2016-09-20 01:00:00.000,2016,9,20,1,11004KT,14,08
2016-09-20 02:00:00.000,2016,9,20,2,VRB02KT,12,07
2016-09-20 03:00:00.000,2016,9,20,3,10004KT,14,08
2016-09-20 04:00:00.000,2016,9,20,4,08007KT,14,09
2016-09-20 05:00:00.000,2016,9,20,5,07004KT,12,10
2016-09-20 06:00:00.000,2016,9,20,6,VRB02KT,11,09
2016-09-20 07:00:00.000,2016,9,20,7,VRB02KT,11,09
2016-09-20 08:00:00.000,2016,9,20,8,VRB02KT,11,09
2016-09-20 09:00:00.000,2016,9,20,9,04003KT,11,09
2016-09-20 10:00:00.000,2016,9,20,10,04003KT,11,09
2016-09-20 10:30:00.000,2016,9,20,10,36003KT,11,09
2016-09-20 11:00:00.000,2016,9,20,11,VRB02KT,11,09
2016-09-20 12:00:00.000,2016,9,20,12,03006KT,13,09
2016-09-20 13:00:00.000,2016,9,20,13,07003KT,15,08
2016-09-20 14:00:00.000,2016,9,20,14,16007KT,18,07
2016-09-20 15:00:00.000,2016,9,20,15,11010KT,18,06
2016-09-20 16:00:00.000,2016,9,20,16,14011KT,17,07
2016-09-20 17:00:00.000,2016,9,20,17,14010KT,17,07
2016-09-20 18:00:00.000,2016,9,20,18,15014KT,18,07
2016-09-20 19:00:00.000,2016,9,20,19,13004KT,18,06
2016-09-20 20:00:00.000,2016,9,20,20,07008KT,18,07
2016-09-20 21:00:00.000,2016,9,20,21,12004KT,18,07
2016-09-20 22:00:00.000,2016,9,20,22,13007KT,17,06
2016-09-20 23:00:00.000,2016,9,20,23,12004KT,16,07
2016-09-21 00:00:00.000,2016,9,21,0,12007KT,15,07
2016-09-21 01:00:00.000,2016,9,21,1,09004KT,14,07
2016-09-21 02:00:00.000,2016,9,21,2,VRB02KT,12,07
2016-09-21 03:00:00.000,2016,9,21,3,36004KT,10,07
2016-09-21 04:00:00.000,2016,9,21,4,04004KT,11,08
2016-09-21 05:00:00.000,2016,9,21,5,07005KT,10,08
2016-09-21 06:00:00.000,2016,9,21,6,03005KT,09,08
2016-09-21 07:00:00.000,2016,9,21,7,31004KT,11,08
2016-09-21 07:30:00.000,2016,9,21,7,VRB02KT,11,08
2016-09-21 08:00:00.000,2016,9,21,8,03004KT,10,08
2016-09-21 08:30:00.000,2016,9,21,8,06009KT,11,09
2016-09-21 09:00:00.000,2016,9,21,9,12004KT,11,09
2016-09-21 10:00:00.000,2016,9,21,10,04008KT,10,09
2016-09-21 10:30:00.000,2016,9,21,10,06007KT,10,09
2016-09-21 11:00:00.000,2016,9,21,11,05008KT,10,09
2016-09-21 12:00:00.000,2016,9,21,12,06010KT,11,09
2016-09-21 13:00:00.000,2016,9,21,13,07007KT,13,08
2016-09-21 13:40:00.000,2016,9,21,13,VRB02KT,15,10
2016-09-21 14:00:00.000,2016,9,21,14,19006KT,16,09
2016-09-21 15:00:00.000,2016,9,21,15,16010KT,17,07
2016-09-21 16:00:00.000,2016,9,21,16,16016KT,18,08
2016-09-21 17:00:00.000,2016,9,21,17,18018KT,18,07
2016-09-21 18:00:00.000,2016,9,21,18,17016KT,19,07
2016-09-21 19:00:00.000,2016,9,21,19,15015KT,18,08
2016-09-21 20:00:00.000,2016,9,21,20,13012KT,17,07
2016-09-21 21:00:00.000,2016,9,21,21,14010KT,17,08
2016-09-21 22:00:00.000,2016,9,21,22,08004KT,17,08
2016-09-21 23:00:00.000,2016,9,21,23,07005KT,16,07
2016-09-22 00:00:00.000,2016,9,22,0,09006KT,14,08
2016-09-22 01:00:00.000,2016,9,22,1,08006KT,14,08
2016-09-22 02:00:00.000,2016,9,22,2,05004KT,11,09
2016-09-22 03:00:00.000,2016,9,22,3,05004KT,11,09
2016-09-22 04:00:00.000,2016,9,22,4,04004KT,11,08
2016-09-22 05:00:00.000,2016,9,22,5,VRB02KT,11,09
2016-09-22 06:00:00.000,2016,9,22,6,04004KT,10,08
2016-09-22 07:00:00.000,2016,9,22,7,VRB02KT,09,08
2016-09-22 08:00:00.000,2016,9,22,8,VRB02KT,08,07
2016-09-22 09:00:00.000,2016,9,22,9,03003KT,07,06
2016-09-22 10:00:00.000,2016,9,22,10,28004KT,08,07
2016-09-22 11:00:00.000,2016,9,22,11,VRB02KT,06,06
2016-09-22 12:00:00.000,2016,9,22,12,04003KT,10,09
2016-09-22 12:32:00.000,2016,9,22,12,01003KT,12,11
2016-09-22 13:00:00.000,2016,9,22,13,33004KT,13,09
2016-09-22 13:17:00.000,2016,9,22,13,VRB02KT,14,08
2016-09-22 14:00:00.000,2016,9,22,14,05003KT,14,09
2016-09-22 15:00:00.000,2016,9,22,15,03003KT,15,08
2016-09-22 16:00:00.000,2016,9,22,16,VRB02KT,15,08
2016-09-22 17:00:00.000,2016,9,22,17,04005KT,17,07
2016-09-22 18:00:00.000,2016,9,22,18,08004KT,17,07
2016-09-22 19:00:00.000,2016,9,22,19,11004KT,19,06
2016-09-22 20:00:00.000,2016,9,22,20,04006KT,17,09
2016-09-22 21:00:00.000,2016,9,22,21,03010KT,17,08
2016-09-22 21:35:00.000,2016,9,22,21,23011KT,16,10
2016-09-22 22:00:00.000,2016,9,22,22,26007KT,15,10
2016-09-22 23:00:00.000,2016,9,22,23,35003KT,14,11
2016-09-23 00:00:00.000,2016,9,23,0,02003KT,12,10
2016-09-23 01:00:00.000,2016,9,23,1,VRB02KT,11,08
2016-09-23 02:00:00.000,2016,9,23,2,05003KT,10,08
2016-09-23 03:00:00.000,2016,9,23,3,03004KT,10,08
2016-09-23 04:00:00.000,2016,9,23,4,04007KT,10,07
2016-09-23 05:00:00.000,2016,9,23,5,01004KT,10,08
2016-09-23 06:00:00.000,2016,9,23,6,05005KT,09,07
2016-09-23 07:00:00.000,2016,9,23,7,VRB02KT,09,08
2016-09-23 08:00:00.000,2016,9,23,8,09003KT,08,07
2016-09-23 09:00:00.000,2016,9,23,9,04004KT,07,06
2016-09-23 10:00:00.000,2016,9,23,10,05003KT,08,07
2016-09-23 10:30:00.000,2016,9,23,10,02004KT,08,07
2016-09-23 11:00:00.000,2016,9,23,11,VRB02KT,06,05
2016-09-23 12:00:00.000,2016,9,23,12,04003KT,10,09
2016-09-23 12:28:00.000,2016,9,23,12,05005KT,12,09
2016-09-23 13:00:00.000,2016,9,23,13,06006KT,13,09
2016-09-23 13:30:00.000,2016,9,23,13,02006KT,15,08
2016-09-23 14:00:00.000,2016,9,23,14,08007KT,16,07
2016-09-23 15:00:00.000,2016,9,23,15,05005KT,18,06
2016-09-23 15:30:00.000,2016,9,23,15,14012KT,20,06
2016-09-23 16:00:00.000,2016,9,23,16,13010KT,20,07
2016-09-23 17:00:00.000,2016,9,23,17,13012KT,19,06
2016-09-23 18:00:00.000,2016,9,23,18,13012KT,19,07
2016-09-23 19:00:00.000,2016,9,23,19,13010KT,20,07
2016-09-23 20:00:00.000,2016,9,23,20,13008KT,19,06
2016-09-23 21:00:00.000,2016,9,23,21,10007KT,19,07
2016-09-23 22:00:00.000,2016,9,23,22,09007KT,18,07
2016-09-23 23:00:00.000,2016,9,23,23,13006KT,17,08
2016-09-24 00:00:00.000,2016,9,24,0,08005KT,16,08
2016-09-24 01:00:00.000,2016,9,24,1,06005KT,15,09
2016-09-24 02:00:00.000,2016,9,24,2,09006KT,15,08
2016-09-24 03:00:00.000,2016,9,24,3,09005KT,15,08
2016-09-24 04:00:00.000,2016,9,24,4,12006KT,14,08
2016-09-24 05:00:00.000,2016,9,24,5,08005KT,14,08
2016-09-24 06:00:00.000,2016,9,24,6,11005KT,14,08
2016-09-24 07:00:00.000,2016,9,24,7,VRB02KT,12,08
2016-09-24 08:00:00.000,2016,9,24,8,00000KT,11,09
2016-09-24 09:00:00.000,2016,9,24,9,04003KT,11,09
2016-09-24 10:00:00.000,2016,9,24,10,05005KT,10,09
2016-09-24 10:30:00.000,2016,9,24,10,VRB02KT,11,09
2016-09-24 11:00:00.000,2016,9,24,11,26005KT,12,10
2016-09-24 12:00:00.000,2016,9,24,12,07010KT,12,09
2016-09-24 13:00:00.000,2016,9,24,13,03006KT,14,09
2016-09-24 14:00:00.000,2016,9,24,14,04010KT,16,09
2016-09-24 15:00:00.000,2016,9,24,15,07008KT,17,09
2016-09-24 16:00:00.000,2016,9,24,16,07008G18KT,17,09
2016-09-24 16:10:00.000,2016,9,24,16,13020KT,16,08
2016-09-24 17:00:00.000,2016,9,24,17,13012KT,17,08
2016-09-24 18:00:00.000,2016,9,24,18,10007KT,17,07
2016-09-24 19:00:00.000,2016,9,24,19,13007KT,16,08
2016-09-24 20:00:00.000,2016,9,24,20,14012KT,18,08
2016-09-24 21:00:00.000,2016,9,24,21,08006KT,19,06
2016-09-24 22:00:00.000,2016,9,24,22,08005KT,18,06
2016-09-24 23:00:00.000,2016,9,24,23,10008KT,17,07
2016-09-25 01:00:00.000,2016,9,25,1,12006KT,15,08
2016-09-25 02:00:00.000,2016,9,25,2,33004KT,12,10
2016-09-25 03:00:00.000,2016,9,25,3,VRB02KT,12,10
2016-09-25 04:00:00.000,2016,9,25,4,11004KT,12,10
2016-09-25 05:00:00.000,2016,9,25,5,13003KT,12,08
2016-09-25 06:00:00.000,2016,9,25,6,05006KT,11,10
2016-09-25 07:00:00.000,2016,9,25,7,VRB02KT,11,10
2016-09-25 08:00:00.000,2016,9,25,8,17003KT,11,09
2016-09-25 09:00:00.000,2016,9,25,9,35003KT,10,09
2016-09-25 10:00:00.000,2016,9,25,10,03006KT,10,09
2016-09-25 10:30:00.000,2016,9,25,10,03004KT,10,09
2016-09-25 11:00:00.000,2016,9,25,11,04005KT,10,09
2016-09-25 12:00:00.000,2016,9,25,12,07004KT,11,09
2016-09-25 12:21:00.000,2016,9,25,12,07006KT,13,09
2016-09-25 14:00:00.000,2016,9,25,14,06009KT,15,08
2016-09-25 15:00:00.000,2016,9,25,15,08006KT,16,09
2016-09-25 16:00:00.000,2016,9,25,16,15007KT,17,09
2016-09-25 17:00:00.000,2016,9,25,17,12008KT,17,08
2016-09-25 18:00:00.000,2016,9,25,18,09010KT,18,07
2016-09-25 19:00:00.000,2016,9,25,19,14010KT,17,08
2016-09-25 20:00:00.000,2016,9,25,20,15009KT,18,08
2016-09-25 21:00:00.000,2016,9,25,21,07007KT,16,08
2016-09-25 22:00:00.000,2016,9,25,22,15012KT,17,07
2016-09-25 23:00:00.000,2016,9,25,23,12004KT,16,07
2016-09-26 00:00:00.000,2016,9,26,0,04006KT,14,09
2016-09-26 01:00:00.000,2016,9,26,1,04005KT,11,09
2016-09-26 02:00:00.000,2016,9,26,2,02004KT,11,09
2016-09-26 03:00:00.000,2016,9,26,3,05003KT,10,08
2016-09-26 04:00:00.000,2016,9,26,4,05007KT,11,09
2016-09-26 05:00:00.000,2016,9,26,5,05005KT,11,09
2016-09-26 06:00:00.000,2016,9,26,6,VRB02KT,11,09
2016-09-26 07:00:00.000,2016,9,26,7,VRB02KT,10,08
2016-09-26 08:00:00.000,2016,9,26,8,01003KT,09,08
2016-09-26 09:00:00.000,2016,9,26,9,23003KT,09,08
2016-09-26 10:00:00.000,2016,9,26,10,05003KT,08,07
2016-09-26 10:30:00.000,2016,9,26,10,04004KT,08,07
2016-09-26 11:00:00.000,2016,9,26,11,35003KT,08,07
2016-09-26 12:00:00.000,2016,9,26,12,VRB02KT,11,10
2016-09-26 13:00:00.000,2016,9,26,13,35006KT,14,09
2016-09-26 14:00:00.000,2016,9,26,14,15010KT,17,07
2016-09-26 15:00:00.000,2016,9,26,15,13008KT,18,06
2016-09-26 16:00:00.000,2016,9,26,16,16012KT,18,06
2016-09-26 17:00:00.000,2016,9,26,17,13014KT,19,05
2016-09-26 18:00:00.000,2016,9,26,18,13010KT,19,05
2016-09-26 19:00:00.000,2016,9,26,19,14008KT,20,07
2016-09-26 20:00:00.000,2016,9,26,20,15014KT,18,06
2016-09-26 21:00:00.000,2016,9,26,21,14012KT,19,07
2016-09-26 22:00:00.000,2016,9,26,22,09004KT,18,07
2016-09-26 23:00:00.000,2016,9,26,23,11010KT,17,06
2016-09-27 00:00:00.000,2016,9,27,0,09004KT,15,08
2016-09-27 01:00:00.000,2016,9,27,1,06003KT,14,07
2016-09-27 02:00:00.000,2016,9,27,2,02004KT,11,07
2016-09-27 03:00:00.000,2016,9,27,3,04005KT,10,08
2016-09-27 04:00:00.000,2016,9,27,4,03004KT,10,08
2016-09-27 05:00:00.000,2016,9,27,5,04005KT,10,08
2016-09-27 06:00:00.000,2016,9,27,6,05005KT,10,08
2016-09-27 07:00:00.000,2016,9,27,7,05005KT,10,08
2016-09-27 08:00:00.000,2016,9,27,8,06006KT,09,07
2016-09-27 09:00:00.000,2016,9,27,9,VRB02KT,09,07
2016-09-27 10:00:00.000,2016,9,27,10,VRB02KT,09,07
2016-09-27 11:00:00.000,2016,9,27,11,04003KT,09,07
2016-09-27 12:00:00.000,2016,9,27,12,04006KT,11,08
2016-09-27 13:00:00.000,2016,9,27,13,04006KT,14,08
2016-09-27 14:00:00.000,2016,9,27,14,11010KT,17,05
2016-09-27 15:00:00.000,2016,9,27,15,11008KT,18,06
2016-09-27 16:00:00.000,2016,9,27,16,11009KT,18,07
2016-09-27 17:00:00.000,2016,9,27,17,13011KT,18,07
2016-09-27 18:00:00.000,2016,9,27,18,14011KT,18,07
2016-09-27 19:00:00.000,2016,9,27,19,09008KT,18,06
2016-09-27 20:00:00.000,2016,9,27,20,09008KT,19,05
2016-09-27 21:00:00.000,2016,9,27,21,11007KT,19,05
2016-09-27 22:00:00.000,2016,9,27,22,08008KT,18,04
2016-09-27 23:00:00.000,2016,9,27,23,10007KT,17,04
2016-09-28 00:00:00.000,2016,9,28,0,08004KT,15,06
2016-09-28 01:00:00.000,2016,9,28,1,09004KT,14,07
2016-09-28 02:00:00.000,2016,9,28,2,01004KT,11,07
2016-09-28 03:00:00.000,2016,9,28,3,04004KT,10,06
2016-09-28 04:00:00.000,2016,9,28,4,06006KT,10,07
2016-09-28 05:00:00.000,2016,9,28,5,32003KT,10,07
2016-09-28 06:00:00.000,2016,9,28,6,04004KT,08,06
2016-09-28 07:00:00.000,2016,9,28,7,VRB02KT,11,08
2016-09-28 08:00:00.000,2016,9,28,8,VRB02KT,10,07
2016-09-28 09:00:00.000,2016,9,28,9,03004KT,08,07
2016-09-28 10:00:00.000,2016,9,28,10,31004KT,08,07
2016-09-28 11:00:00.000,2016,9,28,11,01003KT,10,08
2016-09-28 12:00:00.000,2016,9,28,12,VRB02KT,11,09
2016-09-28 13:00:00.000,2016,9,28,13,04005KT,14,09
2016-09-28 14:00:00.000,2016,9,28,14,03005KT,16,08
2016-09-28 15:00:00.000,2016,9,28,15,07005KT,17,07
2016-09-28 16:00:00.000,2016,9,28,16,22004KT,18,07
2016-09-28 17:00:00.000,2016,9,28,17,14006KT,20,04
2016-09-28 18:00:00.000,2016,9,28,18,07010KT,19,06
2016-09-28 19:00:00.000,2016,9,28,19,07006KT,21,05
2016-09-28 20:00:00.000,2016,9,28,20,24004KT,21,04
2016-09-28 21:00:00.000,2016,9,28,21,23009KT,17,11
2016-09-28 22:00:00.000,2016,9,28,22,30009KT,14,11
2016-09-28 23:00:00.000,2016,9,28,23,28006KT,15,12
2016-09-29 00:00:00.000,2016,9,29,0,34003KT,14,12
2016-09-29 01:00:00.000,2016,9,29,1,33003KT,13,11
2016-09-29 02:00:00.000,2016,9,29,2,VRB02KT,13,12
2016-09-29 03:00:00.000,2016,9,29,3,34004KT,12,11
2016-09-29 04:00:00.000,2016,9,29,4,03003KT,10,09
2016-09-29 05:00:00.000,2016,9,29,5,VRB02KT,11,10
2016-09-29 06:00:00.000,2016,9,29,6,VRB02KT,12,10
2016-09-29 07:00:00.000,2016,9,29,7,VRB02KT,12,10
2016-09-29 08:00:00.000,2016,9,29,8,VRB02KT,11,10
2016-09-29 09:00:00.000,2016,9,29,9,VRB02KY,10,09
2016-09-29 10:00:00.000,2016,9,29,10,VRB02KT,09,08
2016-09-29 11:00:00.000,2016,9,29,11,29005KT,10,09
2016-09-29 12:00:00.000,2016,9,29,12,VRB02KT,11,10
2016-09-29 13:00:00.000,2016,9,29,13,33004KT,13,11
2016-09-29 14:00:00.000,2016,9,29,14,VRB02KT,17,09
2016-09-29 15:00:00.000,2016,9,29,15,30007KT,17,09
2016-09-29 16:00:00.000,2016,9,29,16,02004KT,20,06
2016-09-29 17:00:00.000,2016,9,29,17,28004KT,20,06
2016-09-29 18:00:00.000,2016,9,29,18,25009KT,17,11
2016-09-29 19:00:00.000,2016,9,29,19,27007KT,20,11
2016-09-29 20:00:00.000,2016,9,29,20,25010KT,19,11
2016-09-29 21:00:00.000,2016,9,29,21,28010KT,19,11
2016-09-29 22:00:00.000,2016,9,29,22,27008KT,18,11
2016-09-29 23:00:00.000,2016,9,29,23,25008KT,16,11
2016-09-30 01:00:00.000,2016,9,30,1,27008KT,14,11
2016-09-30 02:00:00.000,2016,9,30,2,27006KT,13,11
2016-09-30 03:00:00.000,2016,9,30,3,31010KT,13,11
2016-09-30 04:00:00.000,2016,9,30,4,34006KT,13,09
2016-09-30 05:00:00.000,2016,9,30,5,33005KT,13,10
2016-09-30 06:00:00.000,2016,9,30,6,30004KT,12,10
2016-09-30 07:00:00.000,2016,9,30,7,29005KT,13,11
2016-09-30 08:00:00.000,2016,9,30,8,23003KT,12,10
2016-09-30 09:00:00.000,2016,9,30,9,28003KT,13,10
2016-09-30 10:00:00.000,2016,9,30,10,20004KT,13,10
2016-09-30 10:30:00.000,2016,9,30,10,VRB02KT,13,10
2016-09-30 11:00:00.000,2016,9,30,11,VRB02KT,11,09
2016-09-30 12:00:00.000,2016,9,30,12,VRB02KT,13,11
2016-09-30 13:00:00.000,2016,9,30,13,VRB02KT,16,10
2016-09-30 14:00:00.000,2016,9,30,14,33003KT,17,10
2016-09-30 15:00:00.000,2016,9,30,15,29006KT,19,08
2016-09-30 16:00:00.000,2016,9,30,16,29009KT,20,10
2016-09-30 17:00:00.000,2016,9,30,17,28012KT,20,10
2016-09-30 17:19:00.000,2016,9,30,17,27015KT,20,09
2016-09-30 18:00:00.000,2016,9,30,18,28013KT,21,10
2016-09-30 18:35:00.000,2016,9,30,18,27009KT,20,10
2016-09-30 19:00:00.000,2016,9,30,19,10009KT,18,09
2016-09-30 19:30:00.000,2016,9,30,19,08006KT,15,09
2016-09-30 20:00:00.000,2016,9,30,20,07006KT,14,11
2016-09-30 21:00:00.000,2016,9,30,21,09005KT,13,12
2016-09-30 21:23:00.000,2016,9,30,21,VRB02KT,13,11
2016-09-30 22:00:00.000,2016,9,30,22,VRB02KT,13,11
2016-09-30 23:00:00.000,2016,9,30,23,03003KT,13,11
2016-10-01 00:00:00.000,2016,10,1,0,33004KT,13,11
2016-10-01 01:00:00.000,2016,10,1,1,32004KT,13,11
2016-10-01 02:00:00.000,2016,10,1,2,VRB02KT,12,10
2016-10-01 03:00:00.000,2016,10,1,3,32003KT,12,10
2016-10-01 04:00:00.000,2016,10,1,4,VRB02KT,12,10
2016-10-01 04:35:00.000,2016,10,1,4,VRB02KT,13,11
2016-10-01 05:00:00.000,2016,10,1,5,29006KT,12,11
2016-10-01 06:00:00.000,2016,10,1,6,VRB02KT,12,11
2016-10-01 07:00:00.000,2016,10,1,7,31003KT,12,11
2016-10-01 08:00:00.000,2016,10,1,8,01003KT,11,10
2016-10-01 09:00:00.000,2016,10,1,9,VRB02KT,11,10
2016-10-01 10:00:00.000,2016,10,1,10,VRB02KT,11,10
2016-10-01 10:30:00.000,2016,10,1,10,VRB02KT,11,10
2016-10-01 11:00:00.000,2016,10,1,11,VRB02KT,10,10
2016-10-01 12:00:00.000,2016,10,1,12,VRB02KT,12,11
2016-10-01 13:00:00.000,2016,10,1,13,35003KT,13,11
2016-10-01 14:00:00.000,2016,10,1,14,VRB02KT,15,11
2016-10-01 15:00:00.000,2016,10,1,15,26007KT,17,10
2016-10-01 16:00:00.000,2016,10,1,16,26008KT,17,09
2016-10-01 16:29:00.000,2016,10,1,16,31005KT,18,09
2016-10-01 17:00:00.000,2016,10,1,17,24011KT,18,11
2016-10-01 18:00:00.000,2016,10,1,18,25009KT,19,10
2016-10-01 19:00:00.000,2016,10,1,19,26012KT,19,11
2016-10-01 20:00:00.000,2016,10,1,20,29009KT,18,11
2016-10-01 21:00:00.000,2016,10,1,21,29010KT,18,11
2016-10-01 22:00:00.000,2016,10,1,22,30011KT,17,09
2016-10-01 23:00:00.000,2016,10,1,23,32007KT,15,08
2016-10-02 00:00:00.000,2016,10,2,0,30006KT,15,09
2016-10-02 01:00:00.000,2016,10,2,1,VRB02KT,14,10
2016-10-02 02:00:00.000,2016,10,2,2,28005KT,14,11
2016-10-02 03:00:00.000,2016,10,2,3,30006KT,14,11
2016-10-02 04:00:00.000,2016,10,2,4,33003KT,13,11
2016-10-02 05:00:00.000,2016,10,2,5,26004KT,14,11
2016-10-02 06:00:00.000,2016,10,2,6,31005KT,13,11
2016-10-02 07:00:00.000,2016,10,2,7,32003KT,12,11
2016-10-02 08:00:00.000,2016,10,2,8,VRB02KT,13,11
2016-10-02 09:00:00.000,2016,10,2,9,VRB02KT,12,11
2016-10-02 10:00:00.000,2016,10,2,10,VRB02KT,12,11
2016-10-02 11:00:00.000,2016,10,2,11,VRB02KT,12,11
2016-10-02 12:00:00.000,2016,10,2,12,VRB02KT,12,11
2016-10-02 12:01:00.000,2016,10,2,12,00000KT,12,11
2016-10-02 12:08:00.000,2016,10,2,12,28004KT,12,11
2016-10-02 13:00:00.000,2016,10,2,13,24012KT,12,11
2016-10-02 13:04:00.000,2016,10,2,13,23009KT,11,10
2016-10-02 14:00:00.000,2016,10,2,14,21008KT,12,09
2016-10-02 15:00:00.000,2016,10,2,15,13008KT,13,10
2016-10-02 16:00:00.000,2016,10,2,16,14005KT,15,08
2016-10-02 17:00:00.000,2016,10,2,17,28004KT,16,09
2016-10-02 18:00:00.000,2016,10,2,18,28008KT,18,09
2016-10-02 19:00:00.000,2016,10,2,19,29009KT,19,07
2016-10-02 20:00:00.000,2016,10,2,20,24009KT,19,06
2016-10-02 21:00:00.000,2016,10,2,21,30009KT,19,07
2016-10-02 22:00:00.000,2016,10,2,22,28008KT,18,09
2016-10-02 23:00:00.000,2016,10,2,23,30007KT,15,10
2016-10-03 00:00:00.000,2016,10,3,0,29007KT,15,11
2016-10-03 01:00:00.000,2016,10,3,1,26004KT,15,10
2016-10-03 02:00:00.000,2016,10,3,2,29003KT,14,10
2016-10-03 03:00:00.000,2016,10,3,3,VRB02KT,14,10
2016-10-03 04:00:00.000,2016,10,3,4,25005KT,13,10
2016-10-03 05:00:00.000,2016,10,3,5,25007KT,13,11
2016-10-03 06:00:00.000,2016,10,3,6,23006KT,13,11
2016-10-03 07:00:00.000,2016,10,3,7,VRB02KT,11,10
2016-10-03 08:00:00.000,2016,10,3,8,30005KT,12,11
2016-10-03 09:00:00.000,2016,10,3,9,VRB02KT,11,10
2016-10-03 10:00:00.000,2016,10,3,10,VRB02KT,11,11
2016-10-03 10:29:00.000,2016,10,3,10,VRB02KT,11,10
2016-10-03 11:00:00.000,2016,10,3,11,03003KT,10,09
2016-10-03 12:00:00.000,2016,10,3,12,VRB02KT,11,10
2016-10-03 13:00:00.000,2016,10,3,13,VRB02KT,13,11
2016-10-03 14:00:00.000,2016,10,3,14,01004KT,14,11
2016-10-03 15:00:00.000,2016,10,3,15,34004KT,16,10
2016-10-03 16:00:00.000,2016,10,3,16,03004KT,18,09
2016-10-03 17:00:00.000,2016,10,3,17,06006KT,18,09
2016-10-03 18:00:00.000,2016,10,3,18,07005KT,18,10
2016-10-03 19:00:00.000,2016,10,3,19,27010KT,18,11
2016-10-03 20:00:00.000,2016,10,3,20,22010KT,19,11
2016-10-03 21:00:00.000,2016,10,3,21,26008KT,18,10
2016-10-03 22:00:00.000,2016,10,3,22,26010KT,18,09
2016-10-03 23:00:00.000,2016,10,3,23,27007KT,17,08
2016-10-04 00:00:00.000,2016,10,4,0,36003KT,14,08
2016-10-04 01:00:00.000,2016,10,4,1,VRB02KT,14,08
2016-10-04 02:00:00.000,2016,10,4,2,05005KT,14,12
2016-10-04 03:00:00.000,2016,10,4,3,VRB02KT,12,09
2016-10-04 04:00:00.000,2016,10,4,4,02003KT,12,09
2016-10-04 05:00:00.000,2016,10,4,5,VRB02KT,11,09
2016-10-04 06:00:00.000,2016,10,4,6,31003KT,10,09
2016-10-04 07:00:00.000,2016,10,4,7,VRB02KT,10,09
2016-10-04 08:00:00.000,2016,10,4,8,VRB02KT,10,09
2016-10-04 09:00:00.000,2016,10,4,9,35003KT,10,09
2016-10-04 10:00:00.000,2016,10,4,10,06004KT,11,10
2016-10-04 10:30:00.000,2016,10,4,10,VRB02KT,12,10
2016-10-04 11:00:00.000,2016,10,4,11,35003KT,11,09
2016-10-04 12:00:00.000,2016,10,4,12,05005KT,13,11
2016-10-04 13:00:00.000,2016,10,4,13,02003KT,15,11
2016-10-04 14:00:00.000,2016,10,4,14,02003KT,17,10
2016-10-04 15:00:00.000,2016,10,4,15,26006KT,18,10
2016-10-04 16:00:00.000,2016,10,4,16,VRB02KT,19,09
2016-10-04 17:00:00.000,2016,10,4,17,23007KT,20,10
2016-10-04 18:00:00.000,2016,10,4,18,25007KT,20,10
2016-10-04 19:00:00.000,2016,10,4,19,28004KT,20,11
2016-10-04 20:00:00.000,2016,10,4,20,27010KT,21,11
2016-10-04 20:27:00.000,2016,10,4,20,30010KT,21,11
2016-10-04 21:00:00.000,2016,10,4,21,33008KT,20,11
2016-10-04 22:00:00.000,2016,10,4,22,12006KT,18,11
2016-10-04 22:20:00.000,2016,10,4,22,14004KT,17,10
2016-10-04 23:00:00.000,2016,10,4,23,33004KT,17,12
2016-10-05 00:00:00.000,2016,10,5,0,25006KT,16,13
2016-10-05 01:00:00.000,2016,10,5,1,26006KT,16,13
2016-10-05 02:00:00.000,2016,10,5,2,06006KT,13,11
2016-10-05 03:00:00.000,2016,10,5,3,04006KT,14,12
2016-10-05 04:00:00.000,2016,10,5,4,03003KT,12,11
2016-10-05 05:00:00.000,2016,10,5,5,06003KT,12,10
2016-10-05 06:00:00.000,2016,10,5,6,36004KT,11,10
2016-10-05 07:00:00.000,2016,10,5,7,02004KT,12,10
2016-10-05 08:00:00.000,2016,10,5,8,06010KT,12,11
2016-10-05 09:00:00.000,2016,10,5,9,36003KT,12,10
2016-10-05 10:00:00.000,2016,10,5,10,07004KT,11,10
2016-10-05 11:00:00.000,2016,10,5,11,03003KT,12,10
2016-10-05 12:00:00.000,2016,10,5,12,03004KT,13,12
2016-10-05 13:00:00.000,2016,10,5,13,34003KT,14,11
2016-10-05 14:00:00.000,2016,10,5,14,35003KT,16,11
2016-10-05 15:00:00.000,2016,10,5,15,29004KT,18,10
2016-10-05 16:00:00.000,2016,10,5,16,05004KT,19,09
2016-10-05 17:00:00.000,2016,10,5,17,07005KT,20,09
2016-10-05 18:00:00.000,2016,10,5,18,30004KT,21,08
2016-10-05 19:00:00.000,2016,10,5,19,28010KT,17,12
2016-10-05 20:00:00.000,2016,10,5,20,27010KT,16,12
2016-10-05 21:00:00.000,2016,10,5,21,24009KT,16,11
2016-10-05 22:00:00.000,2016,10,5,22,26006KT,17,11
2016-10-05 23:00:00.000,2016,10,5,23,21004KT,16,11
2016-10-06 00:00:00.000,2016,10,6,0,33004KT,14,12
2016-10-06 01:00:00.000,2016,10,6,1,33004KT,14,11
2016-10-06 02:00:00.000,2016,10,6,2,33004KT,14,10
2016-10-06 03:00:00.000,2016,10,6,3,29005KT,15,10
2016-10-06 04:00:00.000,2016,10,6,4,VRB02KT,14,11
2016-10-06 05:00:00.000,2016,10,6,5,31003KT,14,11
2016-10-06 06:00:00.000,2016,10,6,6,VRB02KT,14,11
2016-10-06 07:00:00.000,2016,10,6,7,VRB02KT,14,11
2016-10-06 08:00:00.000,2016,10,6,8,32004KT,13,11
2016-10-06 09:00:00.000,2016,10,6,9,VRB02KT,13,11
2016-10-06 10:00:00.000,2016,10,6,10,VRB02KT,13,11
2016-10-06 10:30:00.000,2016,10,6,10,VRB02KT,13,11
2016-10-06 11:00:00.000,2016,10,6,11,VRB02KT,12,10
2016-10-06 12:00:00.000,2016,10,6,12,05005KT,14,11
2016-10-06 13:00:00.000,2016,10,6,13,03004KT,16,11
2016-10-06 14:00:00.000,2016,10,6,14,01004KT,17,10
2016-10-06 15:00:00.000,2016,10,6,15,15006KT,19,09
2016-10-06 16:00:00.000,2016,10,6,16,13005KT,19,07
2016-10-06 17:00:00.000,2016,10,6,17,28004KT,18,10
2016-10-06 18:00:00.000,2016,10,6,18,28005KT,18,09
2016-10-06 19:00:00.000,2016,10,6,19,29007KT,18,10
2016-10-06 20:00:00.000,2016,10,6,20,27007KT,18,11
2016-10-06 21:00:00.000,2016,10,6,21,34003KT,19,10
2016-10-06 22:00:00.000,2016,10,6,22,30012KT,18,12
2016-10-06 22:18:00.000,2016,10,6,22,29007KT,17,12
2016-10-06 23:00:00.000,2016,10,6,23,29006KT,15,11
2016-10-07 00:00:00.000,2016,10,7,0,VRB02KT,15,12
2016-10-07 01:00:00.000,2016,10,7,1,31005KT,14,1
2016-10-07 02:00:00.000,2016,10,7,2,VRB02KT,14,11
2016-10-07 03:00:00.000,2016,10,7,3,VRB02KT,14,12
2016-10-07 04:00:00.000,2016,10,7,4,31003KT,13,10
2016-10-07 05:00:00.000,2016,10,7,5,VRB02KT,13,10
2016-10-07 06:00:00.000,2016,10,7,6,04005KT,12,10
2016-10-07 07:00:00.000,2016,10,7,7,VRB02KT,11,10
2016-10-07 08:00:00.000,2016,10,7,8,27004KT,11,09
2016-10-07 09:00:00.000,2016,10,7,9,27003KT,10,09
2016-10-07 10:00:00.000,2016,10,7,10,03003KT,09,08
2016-10-07 10:30:00.000,2016,10,7,10,VRB02KT,10,09
2016-10-07 11:00:00.000,2016,10,7,11,VRB02KT,09,08
2016-10-07 12:00:00.000,2016,10,7,12,30003KT,11,11
2016-10-07 13:00:00.000,2016,10,7,13,VRB02KT,13,12
2016-10-07 13:28:00.000,2016,10,7,13,32003KT,15,11
2016-10-07 14:00:00.000,2016,10,7,14,28003KT,16,11
2016-10-07 15:00:00.000,2016,10,7,15,27004KT,18,10
2016-10-07 16:00:00.000,2016,10,7,16,29005KT,18,09
2016-10-07 17:00:00.000,2016,10,7,17,32006KT,18,09
2016-10-07 18:00:00.000,2016,10,7,18,26008KT,17,12
2016-10-07 19:00:00.000,2016,10,7,19,27008KT,17,12
2016-10-07 20:00:00.000,2016,10,7,20,27010KT,17,20
2016-10-07 21:00:00.000,2016,10,7,21,27011KT,16,12
2016-10-07 22:00:00.000,2016,10,7,22,29005KT,16,12
2016-10-07 23:00:00.000,2016,10,7,23,24005KT,15,11
2016-10-08 00:00:00.000,2016,10,8,0,23004KT,14,11
2016-10-08 01:00:00.000,2016,10,8,1,VRB02KT,13,11
2016-10-08 02:00:00.000,2016,10,8,2,VRB02KT,13,11
2016-10-08 03:00:00.000,2016,10,8,3,33003KT,13,11
2016-10-08 04:05:00.000,2016,10,8,4,33004KT,13,11
2016-10-08 04:33:00.000,2016,10,8,4,34006KT,13,11
2016-10-08 05:00:00.000,2016,10,8,5,33005KT,12,10
2016-10-08 05:20:00.000,2016,10,8,5,34005KT,12,11
2016-10-08 06:00:00.000,2016,10,8,6,34006KT,12,10
2016-10-08 07:00:00.000,2016,10,8,7,31006KT,11,10
2016-10-08 08:00:00.000,2016,10,8,8,VRB02KT,11,10
2016-10-08 09:00:00.000,2016,10,8,9,VRB02KT,11,10
2016-10-08 10:00:00.000,2016,10,8,10,VRB02KT,10,09
2016-10-08 10:30:00.000,2016,10,8,10,01004KT,11,10
2016-10-08 11:00:00.000,2016,10,8,11,01005KT,10,09
2016-10-08 12:00:00.000,2016,10,8,12,VRB02KT,11,11
2016-10-08 13:00:00.000,2016,10,8,13,03003KT,14,13
2016-10-08 14:00:00.000,2016,10,8,14,04005KT,15,11
2016-10-08 15:00:00.000,2016,10,8,15,VRB02KT,18,10
2016-10-08 16:00:00.000,2016,10,8,16,35003KT,19,10
2016-10-08 17:00:00.000,2016,10,8,17,25011KT,19,12
2016-10-08 18:00:00.000,2016,10,8,18,25012KT,17,12
2016-10-08 19:00:00.000,2016,10,8,19,35007KT,31,11
2016-10-08 20:00:00.000,2016,10,8,20,31006KT,14,12
2016-10-08 21:00:00.000,2016,10,8,21,25003KT,15,11
2016-10-08 22:00:00.000,2016,10,8,22,31003KT,15,11
2016-10-08 23:00:00.000,2016,10,8,23,VRB02KT,14,12
2016-10-09 00:00:00.000,2016,10,9,0,30004KT,14,12
2016-10-09 01:00:00.000,2016,10,9,1,09003KT,13,12
2016-10-09 01:17:00.000,2016,10,9,1,09003KT,13,12
2016-10-09 02:00:00.000,2016,10,9,2,VRB02KT,13,12
2016-10-09 03:00:00.000,2016,10,9,3,VRB02KT,13,11
2016-10-09 04:00:00.000,2016,10,9,4,VRB02KT,12,11
2016-10-09 05:00:00.000,2016,10,9,5,36003KT,12,11
2016-10-09 07:00:00.000,2016,10,9,7,05004KT,11,10
2016-10-09 08:00:00.000,2016,10,9,8,05005KT,11,09
2016-10-09 09:00:00.000,2016,10,9,9,04007KT,10,09
2016-10-09 10:00:00.000,2016,10,9,10,06005KT,11,09
2016-10-09 10:30:00.000,2016,10,9,10,05003KT,10,08
2016-10-09 11:00:00.000,2016,10,9,11,07004KT,10,09
2016-10-09 12:00:00.000,2016,10,9,12,34003KT,10,09
2016-10-09 13:00:00.000,2016,10,9,13,06003KT,12,10
2016-10-09 14:00:00.000,2016,10,9,14,04007KT,14,10
2016-10-09 15:00:00.000,2016,10,9,15,06004KT,16,10
2016-10-09 16:00:00.000,2016,10,9,16,11006KT,17,09
2016-10-09 17:00:00.000,2016,10,9,17,15008KT,19,07
2016-10-09 18:00:00.000,2016,10,9,18,12006KT,19,08
2016-10-09 19:00:00.000,2016,10,9,19,16004KT,19,07
2016-10-09 20:00:00.000,2016,10,9,20,15012KT,19,09
2016-10-09 21:00:00.000,2016,10,9,21,15011KT,18,09
2016-10-09 22:00:00.000,2016,10,9,22,17014KT,18,08
2016-10-09 23:00:00.000,2016,10,9,23,16008KT,16,09
2016-10-10 00:00:00.000,2016,10,10,0,18005G17KT,16,08
2016-10-10 01:00:00.000,2016,10,10,1,17005KT,16,08
2016-10-10 02:00:00.000,2016,10,10,2,31003KT,14,10
2016-10-10 03:00:00.000,2016,10,10,3,03003KT,13,10
2016-10-10 04:00:00.000,2016,10,10,4,03004KT,13,10
2016-10-10 05:00:00.000,2016,10,10,5,04005KT,13,10
2016-10-10 06:00:00.000,2016,10,10,6,04005KT,13,10
2016-10-10 07:00:00.000,2016,10,10,7,05006KT,13,10
2016-10-10 08:00:00.000,2016,10,10,8,03006KT,12,10
2016-10-10 09:00:00.000,2016,10,10,9,05005KT,12,10
2016-10-10 10:00:00.000,2016,10,10,10,05004KT,12,10
2016-10-10 10:30:00.000,2016,10,10,10,07004KT,12,10
2016-10-10 11:00:00.000,2016,10,10,11,05004KT,12,10
2016-10-10 12:00:00.000,2016,10,10,12,03005KT,14,10
2016-10-10 12:23:00.000,2016,10,10,12,00000KT,24,23
2016-10-10 12:25:00.000,2016,10,10,12,03005KT,14,10
2016-10-10 13:00:00.000,2016,10,10,13,VRB02KT,16,10
2016-10-10 14:00:00.000,2016,10,10,14,07004KT,15,09
2016-10-10 15:00:00.000,2016,10,10,15,06005KT,16,10
2016-10-10 16:00:00.000,2016,10,10,16,10005KT,17,09
2016-10-10 17:00:00.000,2016,10,10,17,VRB02KT,18,09
2016-10-10 18:00:00.000,2016,10,10,18,13004KT,18,09
2016-10-10 19:00:00.000,2016,10,10,19,27008KT,17,11
2016-10-10 20:00:00.000,2016,10,10,20,32007KT,17,11
2016-10-10 21:00:00.000,2016,10,10,21,30007KT,16,11
2016-10-10 22:00:00.000,2016,10,10,22,27006KT,16,12
2016-10-10 23:00:00.000,2016,10,10,23,VRB02KT,15,12
2016-10-11 00:00:00.000,2016,10,11,0,VRB02KT,14,11
2016-10-11 01:00:00.000,2016,10,11,1,05003KT,13,11
2016-10-11 02:00:00.000,2016,10,11,2,VRB02KT,13,12
2016-10-11 03:00:00.000,2016,10,11,3,04004KT,12,10
2016-10-11 04:00:00.000,2016,10,11,4,36004KT,11,09
2016-10-11 05:00:00.000,2016,10,11,5,05008KT,11,09
2016-10-11 06:00:00.000,2016,10,11,6,05008KT,11,09
2016-10-11 07:00:00.000,2016,10,11,7,05003KT,10,09
2016-10-11 08:00:00.000,2016,10,11,8,05003KT,10,09
2016-10-11 09:00:00.000,2016,10,11,9,VRB02KT,09,08
2016-10-11 10:00:00.000,2016,10,11,10,10004KT,10,09
2016-10-11 10:29:00.000,2016,10,11,10,VRB02KT,09,08
2016-10-11 11:00:00.000,2016,10,11,11,VRB02KT,10,08
2016-10-11 12:00:00.000,2016,10,11,12,VRB02KT,11,09
2016-10-11 13:00:00.000,2016,10,11,13,VRB02KT,13,10
2016-10-11 15:00:00.000,2016,10,11,15,07006KT,17,09
2016-10-11 16:00:00.000,2016,10,11,16,21005KT,19,10
2016-10-11 17:00:00.000,2016,10,11,17,27008KT,18,09
2016-10-11 18:00:00.000,2016,10,11,18,28007KT,18,12
2016-10-11 19:00:00.000,2016,10,11,19,24006KT,19,12
2016-10-11 20:00:00.000,2016,10,11,20,32008KT,19,12
2016-10-11 21:00:00.000,2016,10,11,21,31006KT,15,13
2016-10-11 22:00:00.000,2016,10,11,22,28003KT,15,12
2016-10-11 23:00:00.000,2016,10,11,23,30004KT,15,12
2016-10-12 00:00:00.000,2016,10,12,0,25006KT,15,12
2016-10-12 01:00:00.000,2016,10,12,1,VRB02KT,13,11
2016-10-12 02:00:00.000,2016,10,12,2,VRB02KT,13,11
2016-10-12 03:00:00.000,2016,10,12,3,32004KT,12,11
2016-10-12 04:00:00.000,2016,10,12,4,32004KT,11,10
2016-10-12 05:00:00.000,2016,10,12,5,VRB02KT,11,11
2016-10-12 06:00:00.000,2016,10,12,6,VRB02KT,12,11
2016-10-12 07:00:00.000,2016,10,12,7,VRB02KT,12,11
2016-10-12 08:00:00.000,2016,10,12,8,04004KT,12,11
2016-10-12 09:00:00.000,2016,10,12,9,05003KT,11,10
2016-10-12 10:00:00.000,2016,10,12,10,02004KT,12,11
2016-10-12 10:30:00.000,2016,10,12,10,VRB02KT,12,10
2016-10-12 11:00:00.000,2016,10,12,11,VRB02KT,11,10
2016-10-12 12:00:00.000,2016,10,12,12,VRB02KT,12,11
2016-10-12 12:30:00.000,2016,10,12,12,04004KT,14,12
2016-10-12 13:00:00.000,2016,10,12,13,04006KT,14,12
2016-10-12 14:00:00.000,2016,10,12,14,06005KT,14,12
2016-10-12 15:00:00.000,2016,10,12,15,07005KT,15,12
2016-10-12 16:00:00.000,2016,10,12,16,07005KT,15,11
2016-10-12 17:00:00.000,2016,10,12,17,15004KT,15,09
2016-10-12 18:00:00.000,2016,10,12,18,23005KT,15,11
2016-10-12 19:00:00.000,2016,10,12,19,36004KT,18,11
2016-10-12 20:00:00.000,2016,10,12,20,29004KT,17,10
2016-10-12 21:00:00.000,2016,10,12,21,26004KT,17,12
2016-10-12 22:00:00.000,2016,10,12,22,20005KT,15,12
2016-10-12 23:00:00.000,2016,10,12,23,20003KT,14,11
2016-10-13 00:00:00.000,2016,10,13,0,31003KT,12,10
2016-10-13 01:00:00.000,2016,10,13,1,VRB02KT,12,11
2016-10-13 02:00:00.000,2016,10,13,2,VRB02KT,14,11
2016-10-13 03:00:00.000,2016,10,13,3,03005KT,13,10
2016-10-13 04:00:00.000,2016,10,13,4,VRB02KT,13,10
2016-10-13 05:00:00.000,2016,10,13,5,05006KT,11,09
2016-10-13 06:00:00.000,2016,10,13,6,01003KT,11,09
2016-10-13 07:00:00.000,2016,10,13,7,VRB02KT,11,09
2016-10-13 08:00:00.000,2016,10,13,8,VRB02KT,09,08
2016-10-13 09:00:00.000,2016,10,13,9,33004KT,07,06
2016-10-13 10:00:00.000,2016,10,13,10,VRB02KT,08,08
2016-10-13 10:30:00.000,2016,10,13,10,VRB02KT,06,05
2016-10-13 11:00:00.000,2016,10,13,11,VRB02KT,09,08
2016-10-13 12:00:00.000,2016,10,13,12,05004KT,10,09
2016-10-13 12:35:00.000,2016,10,13,12,05006KT,12,11
2016-10-13 13:00:00.000,2016,10,13,13,05004KT,13,11
2016-10-13 14:00:00.000,2016,10,13,14,04006KT,16,09
2016-10-13 15:00:00.000,2016,10,13,15,10006KT,19,08
2016-10-13 16:00:00.000,2016,10,13,16,01004KT,20,08
2016-10-13 17:00:00.000,2016,10,13,17,16004KT,21,05
2016-10-13 18:00:00.000,2016,10,13,18,28010KT,19,10
2016-10-13 19:00:00.000,2016,10,13,19,28006KT,20,10
2016-10-13 20:00:00.000,2016,10,13,20,27012KT,17,12
2016-10-13 21:00:00.000,2016,10,13,21,28010KT,18,11
2016-10-13 21:39:00.000,2016,10,13,21,30008KT,17,11
2016-10-13 22:00:00.000,2016,10,13,22,14014KT,14,10
2016-10-13 22:17:00.000,2016,10,13,22,14014KT,14,10
2016-10-13 22:36:00.000,2016,10,13,22,19010KT,13,10
2016-10-13 23:00:00.000,2016,10,13,23,24008KT,14,11
2016-10-14 00:00:00.000,2016,10,14,0,36004KT,13,12
2016-10-14 01:00:00.000,2016,10,14,1,VRB02KT,13,11
2016-10-14 02:00:00.000,2016,10,14,2,13005KT,14,11
2016-10-14 03:00:00.000,2016,10,14,3,17007KT,14,08
2016-10-14 04:00:00.000,2016,10,14,4,07003KT,12,08
2016-10-14 05:00:00.000,2016,10,14,5,10004KT,13,08
2016-10-14 06:00:00.000,2016,10,14,6,06004KT,12,08
2016-10-14 07:00:00.000,2016,10,14,7,01003KT,12,09
2016-10-14 08:00:00.000,2016,10,14,8,VRB02KT,12,09
2016-10-14 09:00:00.000,2016,10,14,9,VRB02KT,10,08
2016-10-14 10:00:00.000,2016,10,14,10,VRB02KT,11,09
2016-10-14 10:30:00.000,2016,10,14,10,24004KT,11,09
2016-10-14 11:00:00.000,2016,10,14,11,VRB02KT,11,09
2016-10-14 12:00:00.000,2016,10,14,12,19003KT,12,10
2016-10-14 13:00:00.000,2016,10,14,13,03003KT,13,11
2016-10-14 14:00:00.000,2016,10,14,14,05003KT,15,10
2016-10-14 15:00:00.000,2016,10,14,15,08003KT,18,10
2016-10-14 16:00:00.000,2016,10,14,16,08007KT,19,10
2016-10-14 17:00:00.000,2016,10,14,17,08007KT,19,09
2016-10-14 18:00:00.000,2016,10,14,18,13006KT,19,08
2016-10-14 19:00:00.000,2016,10,14,19,14015KT,17,11
2016-10-14 20:00:00.000,2016,10,14,20,11004KT,16,10
2016-10-14 21:00:00.000,2016,10,14,21,13005KT,19,10
2016-10-14 22:00:00.000,2016,10,14,22,18006KT,19,10
2016-10-15 00:00:00.000,2016,10,15,0,15009KT,16,08
2016-10-15 01:00:00.000,2016,10,15,1,VRB02KT,16,09
2016-10-15 02:00:00.000,2016,10,15,2,VRB02KT,14,10
2016-10-15 03:00:00.000,2016,10,15,3,05004KT,14,10
2016-10-15 04:00:00.000,2016,10,15,4,03005KT,13,11
2016-10-15 05:00:00.000,2016,10,15,5,04004KT,12,11
2016-10-15 06:00:00.000,2016,10,15,6,03004KT,12,11
2016-10-15 07:00:00.000,2016,10,15,7,07004KT,11,10
2016-10-15 08:00:00.000,2016,10,15,8,04007KT,12,10
2016-10-15 09:00:00.000,2016,10,15,9,06005KT,12,11
2016-10-15 10:00:00.000,2016,10,15,10,06005KT,12,10
2016-10-15 10:30:00.000,2016,10,15,10,05005KT,12,09
2016-10-15 11:00:00.000,2016,10,15,11,04004KT,12,09
2016-10-15 12:00:00.000,2016,10,15,12,05006KT,14,09
2016-10-15 13:00:00.000,2016,10,15,13,09006KT,15,09
2016-10-15 14:00:00.000,2016,10,15,14,15009KT,17,09
2016-10-15 15:00:00.000,2016,10,15,15,12009KT,18,09
2016-10-15 16:00:00.000,2016,10,15,16,13009KT,19,10
2016-10-15 17:00:00.000,2016,10,15,17,12011KT,18,09
2016-10-15 18:00:00.000,2016,10,15,18,09013KT,18,10
2016-10-15 19:00:00.000,2016,10,15,19,09009KT,18,09
2016-10-15 20:00:00.000,2016,10,15,20,09010KT,18,09
2016-10-15 21:00:00.000,2016,10,15,21,09010KT,19,08
2016-10-15 22:00:00.000,2016,10,15,22,12010KT,17,09
2016-10-15 23:00:00.000,2016,10,15,23,12009KT,16,09
2016-10-16 00:00:00.000,2016,10,16,0,VRB02KT,13,11
2016-10-16 01:00:00.000,2016,10,16,1,13005KT,14,10
2016-10-16 02:00:00.000,2016,10,16,2,12003KT,13,09
2016-10-16 03:00:00.000,2016,10,16,3,VRB02KT,12,10
2016-10-16 04:00:00.000,2016,10,16,4,VRB02KT,12,10
2016-10-16 06:00:00.000,2016,10,16,6,02003KT,12,10
2016-10-16 07:00:00.000,2016,10,16,7,05003KT,12,10
2016-10-16 08:00:00.000,2016,10,16,8,01003KT,12,09
2016-10-16 09:00:00.000,2016,10,16,9,VRB02KT,12,09
2016-10-16 10:00:00.000,2016,10,16,10,07005KT,10,09
2016-10-16 11:00:00.000,2016,10,16,11,06004KT,10,08
2016-10-16 12:00:00.000,2016,10,16,12,07004KT,13,09
2016-10-16 13:00:00.000,2016,10,16,13,06005KT,15,11
2016-10-16 14:00:00.000,2016,10,16,14,05006KT,17,10
2016-10-16 15:00:00.000,2016,10,16,15,15008KT,19,09
2016-10-16 16:00:00.000,2016,10,16,16,18012KT,20,08
2016-10-16 17:00:00.000,2016,10,16,17,19012KT,21,06
2016-10-16 18:00:00.000,2016,10,16,18,17018KT,22,05
2016-10-16 19:00:00.000,2016,10,16,19,13012KT,21,06
2016-10-16 20:00:00.000,2016,10,16,20,19010KT,22,06
2016-10-16 21:00:00.000,2016,10,16,21,21008KT,21,06
2016-10-16 22:00:00.000,2016,10,16,22,27008KT,18,11
2016-10-16 23:00:00.000,2016,10,16,23,34004KT,15,09
2016-10-17 00:00:00.000,2016,10,17,0,VRB02KT,13,09
2016-10-17 01:00:00.000,2016,10,17,1,VRB02KT,13,08
2016-10-17 02:00:00.000,2016,10,17,2,VRB02KT,12,09
2016-10-17 03:00:00.000,2016,10,17,3,06003KT,11,09
2016-10-17 04:00:00.000,2016,10,17,4,04003KT,12,09
2016-10-17 05:00:00.000,2016,10,17,5,34004KT,10,09
2016-10-17 06:00:00.000,2016,10,17,6,VRB02KT,11,09
2016-10-17 07:00:00.000,2016,10,17,7,04004KT,10,08
2016-10-17 08:00:00.000,2016,10,17,8,VRB02KT,09,07
2016-10-17 09:00:00.000,2016,10,17,9,27003KT,09,08
2016-10-17 10:00:00.000,2016,10,17,10,06006KT,09,08
2016-10-17 11:00:00.000,2016,10,17,11,36004KT,09,08
2016-10-17 12:00:00.000,2016,10,17,12,00000KT,11,09
2016-10-17 13:00:00.000,2016,10,17,13,04003KT,15,10
2016-10-17 14:00:00.000,2016,10,17,14,VRB02KT,17,11
2016-10-17 15:00:00.000,2016,10,17,15,VRB02KT,19,09
2016-10-17 16:00:00.000,2016,10,17,16,04003KT,19,08
2016-10-17 17:00:00.000,2016,10,17,17,22005KT,21,08
2016-10-17 18:00:00.000,2016,10,17,18,28008KT,19,12
2016-10-17 19:00:00.000,2016,10,17,19,23012KT,19,12
2016-10-17 20:00:00.000,2016,10,17,20,25008KT,18,12
2016-10-17 21:00:00.000,2016,10,17,21,03012KT,14,12
2016-10-17 22:00:00.000,2016,10,17,22,30003KT,13,12
2016-10-17 23:00:00.000,2016,10,17,23,32003KT,13,12
2016-10-18 00:00:00.000,2016,10,18,0,33004KT,14,12
2016-10-18 01:00:00.000,2016,10,18,1,36004KT,14,12
2016-10-18 02:00:00.000,2016,10,18,2,04007KT,13,10
2016-10-18 03:00:00.000,2016,10,18,3,03008KT,13,10
2016-10-18 04:00:00.000,2016,10,18,4,07007KT,13,09
2016-10-18 05:00:00.000,2016,10,18,5,VRB02KT,11,08
2016-10-18 06:00:00.000,2016,10,18,6,05005KT,11,08
2016-10-18 07:00:00.000,2016,10,18,7,04006KT,09,07
2016-10-18 08:00:00.000,2016,10,18,8,05004KT,08,07
2016-10-18 09:00:00.000,2016,10,18,9,03007KT,09,08
2016-10-18 10:00:00.000,2016,10,18,10,03004KT,08,07
2016-10-18 11:00:00.000,2016,10,18,11,05005KT,10,08
2016-10-18 12:00:00.000,2016,10,18,12,05004KT,11,09
2016-10-18 13:00:00.000,2016,10,18,13,08004KT,13,10
2016-10-18 14:00:00.000,2016,10,18,14,07006KT,15,09
2016-10-18 15:00:00.000,2016,10,18,15,07005KT,16,09
2016-10-18 16:00:00.000,2016,10,18,16,13008KT,18,08
2016-10-18 17:00:00.000,2016,10,18,17,14009KT,19,07
2016-10-18 18:00:00.000,2016,10,18,18,17012KT,20,04
2016-10-18 19:00:00.000,2016,10,18,19,17008KT,21,05
2016-10-18 20:00:00.000,2016,10,18,20,15006KT,21,04
2016-10-18 21:00:00.000,2016,10,18,21,25010KT,20,09
2016-10-18 22:00:00.000,2016,10,18,22,28010KT,18,10
2016-10-18 23:00:00.000,2016,10,18,23,26008KT,16,08
2016-10-19 00:00:00.000,2016,10,19,0,04003KT,13,09
2016-10-19 01:00:00.000,2016,10,19,1,04003KT,13,09
2016-10-19 02:00:00.000,2016,10,19,2,VRB02KT,14,08
2016-10-19 03:00:00.000,2016,10,19,3,09004KT,14,08
2016-10-19 04:00:00.000,2016,10,19,4,VRB02KT,12,08
2016-10-19 05:00:00.000,2016,10,19,5,03004KT,11,07
2016-10-19 06:00:00.000,2016,10,19,6,03004KT,10,07
2016-10-19 07:00:00.000,2016,10,19,7,03003KT,11,08
2016-10-19 08:00:00.000,2016,10,19,8,34003KT,08,07
2016-10-19 09:00:00.000,2016,10,19,9,03004KT,07,05
2016-10-19 10:00:00.000,2016,10,19,10,03005KT,08,06
2016-10-19 10:29:00.000,2016,10,19,10,05004KT,07,05
2016-10-19 11:00:00.000,2016,10,19,11,04006KT,07,05
2016-10-19 12:00:00.000,2016,10,19,12,36003KT,11,07
2016-10-19 13:00:00.000,2016,10,19,13,01006KT,14,08
2016-10-19 14:00:00.000,2016,10,19,14,12004KT,16,08
2016-10-19 15:00:00.000,2016,10,19,15,13012KT,19,08
2016-10-19 16:00:00.000,2016,10,19,16,12010KT,19,07
2016-10-19 17:00:00.000,2016,10,19,17,10012KT,19,07
2016-10-19 18:00:00.000,2016,10,19,18,13011KT,19,08
2016-10-19 19:00:00.000,2016,10,19,19,23008KT,19,11
2016-10-19 20:00:00.000,2016,10,19,20,28006KT,17,12
2016-10-19 21:00:00.000,2016,10,19,21,27008KT,17,10
2016-10-19 22:00:00.000,2016,10,19,22,25004KT,16,09
2016-10-19 23:00:00.000,2016,10,19,23,32003KT,16,08
2016-10-20 00:00:00.000,2016,10,20,0,35003KT,14,08
2016-10-20 01:00:00.000,2016,10,20,1,04004KT,14,09
2016-10-20 02:00:00.000,2016,10,20,2,20007KT,14,09
2016-10-20 03:00:00.000,2016,10,20,3,10004KT,14,10
2016-10-20 04:00:00.000,2016,10,20,4,05006KT,13,09
2016-10-20 05:00:00.000,2016,10,20,5,05006KT,12,09
2016-10-20 06:00:00.000,2016,10,20,6,03005KT,12,09
2016-10-20 07:00:00.000,2016,10,20,7,0500KT,12,09
2016-10-20 08:00:00.000,2016,10,20,8,03006KT,12,09
2016-10-20 09:00:00.000,2016,10,20,9,32003KT,12,09
2016-10-20 10:00:00.000,2016,10,20,10,05003KT,11,08
2016-10-20 11:00:00.000,2016,10,20,11,07004KT,10,08
2016-10-20 12:00:00.000,2016,10,20,12,06004KT,13,09
2016-10-20 13:00:00.000,2016,10,20,13,04005KT,16,08
2016-10-20 14:00:00.000,2016,10,20,14,10004KT,17,08
2016-10-20 15:00:00.000,2016,10,20,15,13012KT,20,05
2016-10-20 16:00:00.000,2016,10,20,16,10006KT,19,06
2016-10-20 17:00:00.000,2016,10,20,17,12006KT,18,07
2016-10-20 18:00:00.000,2016,10,20,18,08012KT,17,08
2016-10-20 19:00:00.000,2016,10,20,19,10014KT,18,08
2016-10-20 20:00:00.000,2016,10,20,20,13009KT,18,09
2016-10-20 21:00:00.000,2016,10,20,21,12015KT,18,08
2016-10-20 22:00:00.000,2016,10,20,22,10012KT,18,06
2016-10-20 23:00:00.000,2016,10,20,23,08006KT,16,08
2016-10-21 00:00:00.000,2016,10,21,0,28003KT,13,08
2016-10-21 01:00:00.000,2016,10,21,1,VRB02KT,13,07
2016-10-21 02:00:00.000,2016,10,21,2,VRB02KT,12,07
2016-10-21 03:00:00.000,2016,10,21,3,02003KT,12,06
2016-10-21 04:00:00.000,2016,10,21,4,VRB02KT,12,07
2016-10-21 05:00:00.000,2016,10,21,5,09005KT,09,06
2016-10-21 06:00:00.000,2016,10,21,6,28004KT,08,06
2016-10-21 07:00:00.000,2016,10,21,7,32004KT,06,05
2016-10-21 08:00:00.000,2016,10,21,8,07004KT,07,06
2016-10-21 09:00:00.000,2016,10,21,9,03004KT,06,05
2016-10-21 10:00:00.000,2016,10,21,10,VRB02KT,06,04
2016-10-21 10:30:00.000,2016,10,21,10,05006KT,08,06
2016-10-21 11:00:00.000,2016,10,21,11,06005KT,08,06
2016-10-21 12:00:00.000,2016,10,21,12,06005KT,11,07
2016-10-21 13:00:00.000,2016,10,21,13,07007KT,14,07
2016-10-21 14:00:00.000,2016,10,21,14,25003KT,18,07
2016-10-21 15:00:00.000,2016,10,21,15,05003KT,18,07
2016-10-21 16:00:00.000,2016,10,21,16,13012KT,19,07
2016-10-21 17:00:00.000,2016,10,21,17,10008KT,19,07
2016-10-21 18:00:00.000,2016,10,21,18,19010KT,19,07
2016-10-21 19:00:00.000,2016,10,21,19,08003KT,19,06
2016-10-21 20:00:00.000,2016,10,21,20,30009KT,17,10
2016-10-21 21:00:00.000,2016,10,21,21,29005KT,18,09
2016-10-21 22:00:00.000,2016,10,21,22,22007KT,17,10
2016-10-21 23:00:00.000,2016,10,21,23,23003KT,16,10
2016-10-22 00:00:00.000,2016,10,22,0,26003KT,14,09
2016-10-22 01:00:00.000,2016,10,22,1,35003KT,13,09
2016-10-22 02:00:00.000,2016,10,22,2,VRB02KT,12,09
2016-10-22 03:00:00.000,2016,10,22,3,VRB02KT,12,09
2016-10-22 04:00:00.000,2016,10,22,4,34003KT,12,09
2016-10-22 05:00:00.000,2016,10,22,5,33003KT,10,08
2016-10-22 06:00:00.000,2016,10,22,6,03007KT,10,09
2016-10-22 07:00:00.000,2016,10,22,7,03004KT,11,09
2016-10-22 08:00:00.000,2016,10,22,8,21004KT,11,09
2016-10-22 09:00:00.000,2016,10,22,9,VRB02KT,09,08
2016-10-22 10:00:00.000,2016,10,22,10,VRB02KT,09,08
2016-10-22 10:30:00.000,2016,10,22,10,VRB02KT,09,08
2016-10-22 11:00:00.000,2016,10,22,11,34003KT,06,05
2016-10-22 12:00:00.000,2016,10,22,12,30003KT,11,09
2016-10-22 13:00:00.000,2016,10,22,13,06005KT,14,10
2016-10-22 14:00:00.000,2016,10,22,14,05005KT,17,10
2016-10-22 15:00:00.000,2016,10,22,15,14006KT,19,08
2016-10-22 16:00:00.000,2016,10,22,16,08012KT,20,08
2016-10-22 17:00:00.000,2016,10,22,17,27013KT,18,12
2016-10-22 18:00:00.000,2016,10,22,18,25008KT,19,12
2016-10-22 19:00:00.000,2016,10,22,19,28012KT,17,12
2016-10-22 20:00:00.000,2016,10,22,20,26012KT,15,12
2016-10-22 21:00:00.000,2016,10,22,21,27006KT,17,12
2016-10-22 22:00:00.000,2016,10,22,22,28004KT,16,11
2016-10-22 23:00:00.000,2016,10,22,23,25004KT,15,11
2016-10-23 00:00:00.000,2016,10,23,0,32004KT,15,10
2016-10-23 01:00:00.000,2016,10,23,1,VRB02KT,14,10
2016-10-23 02:00:00.000,2016,10,23,2,28007KT,13,11
2016-10-23 03:00:00.000,2016,10,23,3,32004KT,15,10
2016-10-23 04:00:00.000,2016,10,23,4,VRB02KT,13,11
2016-10-23 05:00:00.000,2016,10,23,5,36004KT,13,11
2016-10-23 07:00:00.000,2016,10,23,7,26005KT,13,10
2016-10-23 08:00:00.000,2016,10,23,8,32004KT,12,10
2016-10-23 09:00:00.000,2016,10,23,9,VRB02KT,11,10
2016-10-23 10:00:00.000,2016,10,23,10,34003KT,11,09
2016-10-23 10:30:00.000,2016,10,23,10,04003KT,11,09
2016-10-23 11:00:00.000,2016,10,23,11,04004KT,11,09
2016-10-23 12:00:00.000,2016,10,23,12,09003KT,13,10
2016-10-23 13:00:00.000,2016,10,23,13,VRB02KT,16,11
2016-10-23 14:00:00.000,2016,10,23,14,05006KT,16,09
2016-10-23 15:00:00.000,2016,10,23,15,34004KT,17,09
2016-10-23 16:00:00.000,2016,10,23,16,07006KT,18,08
2016-10-23 17:00:00.000,2016,10,23,17,12008KT,18,10
2016-10-23 18:00:00.000,2016,10,23,18,13007KT,20,08
2016-10-23 19:00:00.000,2016,10,23,19,05008KT,19,08
2016-10-23 20:00:00.000,2016,10,23,20,26012KT,20,12
2016-10-23 21:00:00.000,2016,10,23,21,31012KT,18,12
2016-10-23 22:00:00.000,2016,10,23,22,27012KT,17,12
2016-10-23 23:00:00.000,2016,10,23,23,25005KT,15,11
2016-10-24 00:00:00.000,2016,10,24,0,27005KT,15,11
2016-10-24 01:00:00.000,2016,10,24,1,27003KT,15,11
2016-10-24 02:00:00.000,2016,10,24,2,15003KT,14,11
2016-10-24 03:00:00.000,2016,10,24,3,30004KT,13,10
2016-10-24 04:00:00.000,2016,10,24,4,30003KT,12,11
2016-10-24 05:00:00.000,2016,10,24,5,31003KT,12,11
2016-10-24 06:00:00.000,2016,10,24,6,23003KT,13,11
2016-10-24 07:00:00.000,2016,10,24,7,27003KT,13,11
2016-10-24 08:00:00.000,2016,10,24,8,32003KT,13,11
2016-10-24 09:00:00.000,2016,10,24,9,VRB02KT,12,10
2016-10-24 10:00:00.000,2016,10,24,10,29003KT,12,11
2016-10-24 11:00:00.000,2016,10,24,11,VRB02KT,12,11
2016-10-24 12:00:00.000,2016,10,24,12,33003KT,14,12
2016-10-24 13:00:00.000,2016,10,24,13,VRB02KT,16,11
2016-10-24 14:00:00.000,2016,10,24,14,VRB02KT,17,10
2016-10-24 15:00:00.000,2016,10,24,15,VRB02KT,18,11
2016-10-24 16:00:00.000,2016,10,24,16,VRB02KT,18,08
2016-10-24 17:00:00.000,2016,10,24,17,VRB02KT,20,08
2016-10-24 18:00:00.000,2016,10,24,18,26010KT,19,11
2016-10-24 19:00:00.000,2016,10,24,19,31012KT,19,12
2016-10-24 20:00:00.000,2016,10,24,20,27010KT,19,12
2016-10-24 21:00:00.000,2016,10,24,21,28012KT,19,11
2016-10-24 22:00:00.000,2016,10,24,22,23007KT,16,12
2016-10-24 23:00:00.000,2016,10,24,23,25004KT,15,12
2016-10-25 00:00:00.000,2016,10,25,0,29004KT,15,12
2016-10-25 01:00:00.000,2016,10,25,1,04004KT,14,12
2016-10-25 02:00:00.000,2016,10,25,2,04006KT,12,09
2016-10-25 03:00:00.000,2016,10,25,3,5008KT,13,09
2016-10-25 04:00:00.000,2016,10,25,4,01003KT,11,09
2016-10-25 05:00:00.000,2016,10,25,5,VRB02KT,11,10
2016-10-25 06:00:00.000,2016,10,25,6,32005KT,11,10
2016-10-25 07:00:00.000,2016,10,25,7,VRB02KT,12,10
2016-10-25 08:00:00.000,2016,10,25,8,VRB02KT,12,10
2016-10-25 09:00:00.000,2016,10,25,9,35003KT,11,10
2016-10-25 10:00:00.000,2016,10,25,10,29004KT,11,10
2016-10-25 10:30:00.000,2016,10,25,10,VRB02KT,10,09
2016-10-25 11:00:00.000,2016,10,25,11,VRB02KT,10,09
2016-10-25 12:00:00.000,2016,10,25,12,VRB02KT,12,11
2016-10-25 13:00:00.000,2016,10,25,13,VRB02KT,15,11
2016-10-25 14:00:00.000,2016,10,25,14,25005KT,17,11
2016-10-25 15:00:00.000,2016,10,25,15,28004KT,18,12
2016-10-25 16:00:00.000,2016,10,25,16,25006KT,20,10
2016-10-25 17:00:00.000,2016,10,25,17,23013KT,17,12
2016-10-25 17:20:00.000,2016,10,25,17,26010KT,15,12
2016-10-25 18:00:00.000,2016,10,25,18,26006KT,14,12
2016-10-25 19:00:00.000,2016,10,25,19,29006KT,14,13
2016-10-25 20:00:00.000,2016,10,25,20,34006KT,15,13
2016-10-25 21:00:00.000,2016,10,25,21,36003KT,16,12
2016-10-25 22:00:00.000,2016,10,25,22,35004KT,16,12
2016-10-25 23:00:00.000,2016,10,25,23,VRB02KT,15,12
2016-10-26 00:00:00.000,2016,10,26,0,VRB02KT,14,12
2016-10-26 01:00:00.000,2016,10,26,1,02003KT,13,11
2016-10-26 02:00:00.000,2016,10,26,2,32004KT,13,11
2016-10-26 03:00:00.000,2016,10,26,3,30006KT,13,11
2016-10-26 04:00:00.000,2016,10,26,4,32004KT,13,11
2016-10-26 05:00:00.000,2016,10,26,5,32004KT,13,11
2016-10-26 06:00:00.000,2016,10,26,6,VRB02KT,12,11
2016-10-26 07:00:00.000,2016,10,26,7,33003KT,12,11
2016-10-26 08:00:00.000,2016,10,26,8,VRB02KT,12,11
2016-10-26 09:00:00.000,2016,10,26,9,31004KT,12,11
2016-10-26 10:00:00.000,2016,10,26,10,31004KT,12,11
2016-10-26 10:29:00.000,2016,10,26,10,29003KT,12,10
2016-10-26 11:00:00.000,2016,10,26,11,30003KT,12,10
2016-10-26 12:00:00.000,2016,10,26,12,29004KT,12,11
2016-10-26 13:00:00.000,2016,10,26,13,VRB02KT,15,11
2016-10-26 14:00:00.000,2016,10,26,14,VRB02KT,17,11
2016-10-26 15:00:00.000,2016,10,26,15,30003KT,18,10
2016-10-26 16:00:00.000,2016,10,26,16,26005KT,19,10
2016-10-26 17:00:00.000,2016,10,26,17,24014KT,17,12
2016-10-26 18:00:00.000,2016,10,26,18,24012KT,17,12
2016-10-26 19:00:00.000,2016,10,26,19,27011KT,18,13
2016-10-26 20:00:00.000,2016,10,26,20,26008KT,18,12
2016-10-26 20:10:00.000,2016,10,26,20,26009KT,18,12
2016-10-26 21:00:00.000,2016,10,26,21,27010KT,17,12
2016-10-26 22:00:00.000,2016,10,26,22,25010KT,16,12
2016-10-26 23:00:00.000,2016,10,26,23,27006KT,15,12
2016-10-27 00:00:00.000,2016,10,27,0,25005KT,13,11
2016-10-27 01:00:00.000,2016,10,27,1,VRB02KT,12,10
2016-10-27 02:00:00.000,2016,10,27,2,36005KT,12,11
2016-10-27 03:00:00.000,2016,10,27,3,29003KT,12,10
2016-10-27 04:00:00.000,2016,10,27,4,30005KT,11,10
2016-10-27 05:00:00.000,2016,10,27,5,35005KT,11,10
2016-10-27 06:00:00.000,2016,10,27,6,28003KT,11,10
2016-10-27 07:00:00.000,2016,10,27,7,VRB02KT,10,10
2016-10-27 08:00:00.000,2016,10,27,8,34004KT,10,09
2016-10-27 09:00:00.000,2016,10,27,9,30003KT,10,10
2016-10-27 10:00:00.000,2016,10,27,10,VRB02KT,11,10
2016-10-27 11:00:00.000,2016,10,27,11,VRB02KT,10,10
2016-10-27 12:00:00.000,2016,10,27,12,03004KT,12,11
2016-10-27 12:30:00.000,2016,10,27,12,VRB02KT,14,12
2016-10-27 13:00:00.000,2016,10,27,13,04004KT,14,12
2016-10-27 14:00:00.000,2016,10,27,14,04006KT,16,11
2016-10-27 15:00:00.000,2016,10,27,15,36004KT,18,10
2016-10-27 16:00:00.000,2016,10,27,16,05004KT,20,09
2016-10-27 17:00:00.000,2016,10,27,17,26006KT,21,07
2016-10-27 18:00:00.000,2016,10,27,18,24013KT,20,12
2016-10-27 19:00:00.000,2016,10,27,19,27014KT,20,11
2016-10-27 20:00:00.000,2016,10,27,20,26012KT,19,10
2016-10-27 21:00:00.000,2016,10,27,21,27011KT,18,10
2016-10-27 22:00:00.000,2016,10,27,22,27007KT,17,10
2016-10-27 23:00:00.000,2016,10,27,23,30004KT,16,11
2016-10-28 00:00:00.000,2016,10,28,0,26004KT,15,10
2016-10-28 01:00:00.000,2016,10,28,1,27003KT,14,11
2016-10-28 02:00:00.000,2016,10,28,2,31003KT,13,10
2016-10-28 03:00:00.000,2016,10,28,3,29005KT,14,12
2016-10-28 04:00:00.000,2016,10,28,4,29003KT,13,11
2016-10-28 05:00:00.000,2016,10,28,5,VRB02KT,12,10
2016-10-28 06:00:00.000,2016,10,28,6,32005KT,13,11
2016-10-28 07:00:00.000,2016,10,28,7,25004KT,13,11
2016-10-28 08:00:00.000,2016,10,28,8,27004KT,13,11
2016-10-28 09:00:00.000,2016,10,28,9,VRB02KT,12,11
2016-10-28 10:00:00.000,2016,10,28,10,VRB02KT,12,11
2016-10-28 10:30:00.000,2016,10,28,10,VRB02KT,12,11
2016-10-28 11:00:00.000,2016,10,28,11,00000KT,12,11
2016-10-28 12:00:00.000,2016,10,28,12,VRB02KT,12,11
2016-10-28 13:00:00.000,2016,10,28,13,VRB02KT,14,12
2016-10-28 13:38:00.000,2016,10,28,13,04004KT,16,13
2016-10-28 14:00:00.000,2016,10,28,14,04004KT,17,12
2016-10-28 14:28:00.000,2016,10,28,14,VRB02KT,19,11
2016-10-28 15:00:00.000,2016,10,28,15,01005KT,20,11
2016-10-28 16:00:00.000,2016,10,28,16,VRB02KT,20,10
2016-10-28 16:23:00.000,2016,10,28,16,25010KT,18,12
2016-10-28 17:00:00.000,2016,10,28,17,15012KT,18,12
2016-10-28 18:00:00.000,2016,10,28,18,29010KT,17,11
2016-10-28 19:00:00.000,2016,10,28,19,32007KT,17,12
2016-10-28 20:00:00.000,2016,10,28,20,31005KT,17,12
2016-10-28 20:12:00.000,2016,10,28,20,34004KT,17,12
2016-10-28 20:35:00.000,2016,10,28,20,VRB02KT,16,12
2016-10-28 21:00:00.000,2016,10,28,21,15007KT,16,12
2016-10-28 21:14:00.000,2016,10,28,21,12003KT,15,12
2016-10-28 21:33:00.000,2016,10,28,21,VRB02KT,15,12
2016-10-28 22:00:00.000,2016,10,28,22,18006KT,15,13
2016-10-28 22:26:00.000,2016,10,28,22,16003KT,15,12
2016-10-29 00:00:00.000,2016,10,29,0,VRB02KT,14,12
2016-10-29 01:00:00.000,2016,10,29,1,32006KT,14,12
2016-10-29 02:00:00.000,2016,10,29,2,33004KT,13,11
2016-10-29 03:00:00.000,2016,10,29,3,30003KT,13,12
2016-10-29 04:00:00.000,2016,10,29,4,29003KT,12,11
2016-10-29 05:00:00.000,2016,10,29,5,20003KT,13,12
2016-10-29 06:00:00.000,2016,10,29,6,VRB02KT,12,11
2016-10-29 07:00:00.000,2016,10,29,7,VRB02KT,12,11
2016-10-29 08:00:00.000,2016,10,29,8,VRB02KT,12,11
2016-10-29 09:00:00.000,2016,10,29,9,02003KT,12,11
2016-10-29 10:00:00.000,2016,10,29,10,05004KT,11,11
2016-10-29 10:30:00.000,2016,10,29,10,VRB02KT,12,11
2016-10-29 11:00:00.000,2016,10,29,11,VRB02KT,12,11
2016-10-29 12:00:00.000,2016,10,29,12,VRB02KT,12,11
2016-10-29 13:00:00.000,2016,10,29,13,05005KT,13,12
2016-10-29 14:00:00.000,2016,10,29,14,05004KT,14,11
2016-10-29 15:00:00.000,2016,10,29,15,02003KT,16,10
2016-10-29 16:00:00.000,2016,10,29,16,02004KT,17,10
2016-10-29 17:00:00.000,2016,10,29,17,26008KT,16,12
2016-10-29 18:00:00.000,2016,10,29,18,26010KT,14,11
2016-10-29 19:00:00.000,2016,10,29,19,27007KT,15,11
2016-10-29 20:00:00.000,2016,10,29,20,33008KT,15,12
2016-10-29 20:07:00.000,2016,10,29,20,32008KT,16,12
2016-10-29 20:15:00.000,2016,10,29,20,01005KT,15,12
2016-10-29 20:40:00.000,2016,10,29,20,35003KT,13,12
2016-10-29 21:00:00.000,2016,10,29,21,30004KT,13,12
2016-10-29 21:30:00.000,2016,10,29,21,32003KT,13,12
2016-10-29 22:00:00.000,2016,10,29,22,30003KT,13,12
2016-10-29 22:00:00.000,2016,10,29,22,30003KT,13,12
2016-10-29 23:00:00.000,2016,10,29,23,27003KT,13,12
2016-10-30 00:00:00.000,2016,10,30,0,02004KT,13,12
2016-10-30 01:00:00.000,2016,10,30,1,04004KT,12,11
2016-10-30 02:00:00.000,2016,10,30,2,06005KT,12,10
2016-10-30 03:00:00.000,2016,10,30,3,05005KT,12,10
2016-10-30 04:00:00.000,2016,10,30,4,04004KT,12,10
2016-10-30 05:00:00.000,2016,10,30,5,05005KT,11,09
2016-10-30 06:00:00.000,2016,10,30,6,05004KT,11,09
2016-10-30 07:00:00.000,2016,10,30,7,04003KT,10,09
2016-10-30 08:00:00.000,2016,10,30,8,05003KT,10,09
2016-10-30 09:00:00.000,2016,10,30,9,06006KT,09,08
2016-10-30 10:00:00.000,2016,10,30,10,VRB02KT,09,08
2016-10-30 10:30:00.000,2016,10,30,10,VRB02KT,09,08
2016-10-30 11:00:00.000,2016,10,30,11,VRB02KT,09,08
2016-10-30 11:39:00.000,2016,10,30,11,VRB02KT,11,10
2016-10-30 12:00:00.000,2016,10,30,12,07006KT,12,10
2016-10-30 13:00:00.000,2016,10,30,13,05004KT,14,09
2016-10-30 14:00:00.000,2016,10,30,14,VRB02KT,18,08
2016-10-30 15:00:00.000,2016,10,30,15,17003KT,17,08
2016-10-30 16:00:00.000,2016,10,30,16,15004KT,18,09
2016-10-30 17:00:00.000,2016,10,30,17,08004KT,18,10
2016-10-30 18:00:00.000,2016,10,30,18,09008KT,19,08
2016-10-30 19:00:00.000,2016,10,30,19,08012KT,19,09
2016-10-30 20:00:00.000,2016,10,30,20,07010KT,18,09
2016-10-30 21:00:00.000,2016,10,30,21,02008KT,18,10
2016-10-30 22:00:00.000,2016,10,30,22,08011KT,17,10
2016-10-30 23:00:00.000,2016,10,30,23,05005KT,14,10
2016-10-31 00:00:00.000,2016,10,31,0,00000KT,14,10
2016-10-31 01:00:00.000,2016,10,31,1,32003KT,12,09
2016-10-31 02:00:00.000,2016,10,31,2,VRB02KT,12,09
2016-10-31 03:00:00.000,2016,10,31,3,VRB02KT,10,08
2016-10-31 04:00:00.000,2016,10,31,4,03003KT,10,09
2016-10-31 05:00:00.000,2016,10,31,5,VRB02KT,09,09
2016-10-31 06:00:00.000,2016,10,31,6,VRB02KT,08,08
2016-10-31 07:00:00.000,2016,10,31,7,VRB02KT,06,06
2016-10-31 08:00:00.000,2016,10,31,8,00000KT,06,06
2016-10-31 08:07:00.000,2016,10,31,8,VRB02KT,06,06
2016-10-31 08:23:00.000,2016,10,31,8,VRB02KT,05,05
2016-10-31 08:40:00.000,2016,10,31,8,03004KT,06,05
2016-10-31 09:00:00.000,2016,10,31,9,03004KT,07,07
2016-10-31 09:30:00.000,2016,10,31,9,02003KT,07,07
2016-10-31 10:00:00.000,2016,10,31,10,36004KT,07,07
2016-10-31 10:30:00.000,2016,10,31,10,02003KT,08,07
2016-10-31 11:00:00.000,2016,10,31,11,VRB02KT,08,08
2016-10-31 11:32:00.000,2016,10,31,11,01003KT,09,08
2016-10-31 12:00:00.000,2016,10,31,12,VRB02KT,09,08
2016-10-31 12:32:00.000,2016,10,31,12,VRB02KT,09,09
2016-10-31 13:00:00.000,2016,10,31,13,VRB02KT,10,09
2016-10-31 13:32:00.000,2016,10,31,13,VRB02KT,10,10
2016-10-31 14:00:00.000,2016,10,31,14,VRB02KT,11,10
2016-10-31 14:27:00.000,2016,10,31,14,27004KT,13,12
2016-10-31 15:00:00.000,2016,10,31,15,VRB02KT,15,13
2016-10-31 15:30:00.000,2016,10,31,15,29004KT,17,11
2016-10-31 16:00:00.000,2016,10,31,16,24004KT,19,10
2016-10-31 17:00:00.000,2016,10,31,17,31005KT,21,09
2016-10-31 18:00:00.000,2016,10,31,18,29009KT,20,11
2016-10-31 18:00:00.000,2016,10,31,18,28009KT,20,11
2016-10-31 18:30:00.000,2016,10,31,18,28009KT,20,11
2016-10-31 19:00:00.000,2016,10,31,19,15017KT,19,11
2016-10-31 19:13:00.000,2016,10,31,19,23007KT,14,08
2016-10-31 19:37:00.000,2016,10,31,19,24005KT,13,11
2016-10-31 20:00:00.000,2016,10,31,20,25005KT,14,11
2016-10-31 21:00:00.000,2016,10,31,21,24008KT,15,13
2016-10-31 22:00:00.000,2016,10,31,22,23004KT,14,12
2016-10-31 23:00:00.000,2016,10,31,23,35005KT,13,12
2016-11-01 00:00:00.000,2016,11,1,0,03005KT,13,11
2016-11-01 01:00:00.000,2016,11,1,1,VRB02KT,13,10
2016-11-01 02:00:00.000,2016,11,1,2,VRB02KT,13,12
2016-11-01 03:00:00.000,2016,11,1,3,VRB02KT,13,11
2016-11-01 04:00:00.000,2016,11,1,4,VRB02KT,12,11
2016-11-01 05:00:00.000,2016,11,1,5,36003KT,12,10
2016-11-01 06:00:00.000,2016,11,1,6,VRB02KT,11,09
2016-11-01 07:00:00.000,2016,11,1,7,00000KT,11,10
2016-11-01 08:00:00.000,2016,11,1,8,VRB02KT,10,10
2016-11-01 09:00:00.000,2016,11,1,9,VRB02KT,10,10
2016-11-01 10:00:00.000,2016,11,1,10,VRB02KT,09,09
2016-11-01 10:30:00.000,2016,11,1,10,VRB02KT,10,10
2016-11-01 11:00:00.000,2016,11,1,11,VRB02KT,10,10
2016-11-01 12:00:00.000,2016,11,1,12,VRB02KT,11,10
2016-11-01 12:40:00.000,2016,11,1,12,33003KT,12,12
2016-11-01 13:00:00.000,2016,11,1,13,VRB02KT,13,12
2016-11-01 14:00:00.000,2016,11,1,14,32004KT,16,12
2016-11-01 15:00:00.000,2016,11,1,15,34005KT,18,11
2016-11-01 16:00:00.000,2016,11,1,16,32008KT,18,11
2016-11-01 17:00:00.000,2016,11,1,17,28013KT,20,11
2016-11-01 18:00:00.000,2016,11,1,18,30010KT,18,11
2016-11-01 18:35:00.000,2016,11,1,18,28013KT,19,12
2016-11-01 19:00:00.000,2016,11,1,19,30014KT,20,12
2016-11-01 19:10:00.000,2016,11,1,19,27013KT,19,13
2016-11-01 20:00:00.000,2016,11,1,20,26010KT,18,11
2016-11-01 21:00:00.000,2016,11,1,21,12010KT,16,11
2016-11-01 22:00:00.000,2016,11,1,22,23010KT,15,13
2016-11-01 22:30:00.000,2016,11,1,22,02006KT,12,11
2016-11-01 23:00:00.000,2016,11,1,23,29003KT,13,12
2016-11-02 00:00:00.000,2016,11,2,0,VRB02KT,14,12
2016-11-02 01:00:00.000,2016,11,2,1,VRB02KT,13,12
2016-11-02 02:00:00.000,2016,11,2,2,VRB02KT,13,12
2016-11-02 03:00:00.000,2016,11,2,3,VRB02KT,13,11
2016-11-02 04:00:00.000,2016,11,2,4,30004KT,13,11
2016-11-02 05:00:00.000,2016,11,2,5,33004KT,10,09
2016-11-02 06:00:00.000,2016,11,2,6,33006KT,12,11
2016-11-02 07:00:00.000,2016,11,2,7,VRB02KT,12,11
2016-11-02 08:00:00.000,2016,11,2,8,VRB02KT,11,10
2016-11-02 09:00:00.000,2016,11,2,9,VRB02KT,11,11
2016-11-02 09:30:00.000,2016,11,2,9,05003KT,11,11
2016-11-02 10:00:00.000,2016,11,2,10,02003KT,10,10
2016-11-02 10:30:00.000,2016,11,2,10,32003KT,10,10
2016-11-02 11:00:00.000,2016,11,2,11,VRB02KT,10,10
2016-11-02 11:40:00.000,2016,11,2,11,VRB02KT,11,10
2016-11-02 12:00:00.000,2016,11,2,12,01003KT,11,11
2016-11-02 12:13:00.000,2016,11,2,12,02003KT,11,11
2016-11-02 13:00:00.000,2016,11,2,13,VRB02KT,12,11
2016-11-02 14:00:00.000,2016,11,2,14,08004KT,15,14
2016-11-02 15:00:00.000,2016,11,2,15,36004KT,18,11
2016-11-02 16:00:00.000,2016,11,2,16,33008KT,18,11
2016-11-02 17:00:00.000,2016,11,2,17,33012KT,19,10
2016-11-02 18:00:00.000,2016,11,2,18,27010KT,18,11
2016-11-02 19:00:00.000,2016,11,2,19,30014KT,18,12
2016-11-02 20:00:00.000,2016,11,2,20,29012KT,18,11
2016-11-02 21:00:00.000,2016,11,2,21,33009KT,17,11
2016-11-02 22:00:00.000,2016,11,2,22,32009KT,16,11
2016-11-02 23:00:00.000,2016,11,2,23,30008KT,15,11
2016-11-03 00:00:00.000,2016,11,3,0,29005KT,14,11
2016-11-03 01:00:00.000,2016,11,3,1,32004KT,13,11
2016-11-03 02:00:00.000,2016,11,3,2,VRB02KT,13,11
2016-11-03 03:00:00.000,2016,11,3,3,04006KT,13,11
2016-11-03 04:00:00.000,2016,11,3,4,05005KT,13,10
2016-11-03 05:00:00.000,2016,11,3,5,33004KT,10,09
2016-11-03 06:00:00.000,2016,11,3,6,34004KT,11,09
2016-11-03 07:00:00.000,2016,11,3,7,08004KT,12,10
2016-11-03 08:00:00.000,2016,11,3,8,33004KT,10,09
2016-11-03 09:00:00.000,2016,11,3,9,VRB02KT,09,09
2016-11-03 10:00:00.000,2016,11,3,10,34003KT,08,08
2016-11-03 10:30:00.000,2016,11,3,10,00000KT,09,08
2016-11-03 11:00:00.000,2016,11,3,11,VRB02KT,08,07
2016-11-03 11:37:00.000,2016,11,3,11,34004KT,11,10
2016-11-03 12:00:00.000,2016,11,3,12,03004KT,12,10
2016-11-03 13:00:00.000,2016,11,3,13,03004KT,13,10
2016-11-03 14:00:00.000,2016,11,3,14,02004KT,15,11
2016-11-03 15:00:00.000,2016,11,3,15,VRB02KT,18,11
2016-11-03 16:00:00.000,2016,11,3,16,VRB02KT,20,10
2016-11-03 17:00:00.000,2016,11,3,17,29006KT,21,11
2016-11-03 18:00:00.000,2016,11,3,18,28010KT,19,13
2016-11-03 19:00:00.000,2016,11,3,19,26012KT,20,13
2016-11-03 20:00:00.000,2016,11,3,20,23013KT,17,12
2016-11-03 21:24:00.000,2016,11,3,21,25010KT,17,12
2016-11-03 22:00:00.000,2016,11,3,22,26006KT,16,13
2016-11-03 23:00:00.000,2016,11,3,23,29005KT,16,13
2016-11-04 00:00:00.000,2016,11,4,0,31005KT,15,13
2016-11-04 01:00:00.000,2016,11,4,1,33005KT,15,13
2016-11-04 02:00:00.000,2016,11,4,2,31003KT,15,13
2016-11-04 03:00:00.000,2016,11,4,3,30005KT,15,12
2016-11-04 04:00:00.000,2016,11,4,4,00000KT,13,12
2016-11-04 05:00:00.000,2016,11,4,5,VRB02KT,14,12
2016-11-04 06:00:00.000,2016,11,4,6,34003KT,13,12
2016-11-04 07:00:00.000,2016,11,4,7,04004KT,13,12
2016-11-04 08:00:00.000,2016,11,4,8,06004KT,13,12
2016-11-04 09:00:00.000,2016,11,4,9,05005KT,13,12
2016-11-04 10:00:00.000,2016,11,4,10,090004KT,13,11
2016-11-04 10:30:00.000,2016,11,4,10,04005KT,13,11
2016-11-04 11:00:00.000,2016,11,4,11,04006KT,13,11
2016-11-04 12:00:00.000,2016,11,4,12,06007KT,14,11
2016-11-04 13:00:00.000,2016,11,4,13,09010KT,16,10
2016-11-04 14:00:00.000,2016,11,4,14,09012KT,17,11
2016-11-04 15:00:00.000,2016,11,4,15,16012KT,18,10
2016-11-04 16:00:00.000,2016,11,4,16,15008KT,18,09
2016-11-04 17:00:00.000,2016,11,4,17,10012KT,19,09
2016-11-04 18:00:00.000,2016,11,4,18,11012KT,19,09
2016-11-04 19:00:00.000,2016,11,4,19,17016KT,19,09
2016-11-04 20:00:00.000,2016,11,4,20,18015KT,19,09
2016-11-04 21:00:00.000,2016,11,4,21,14008KT,18,08
2016-11-04 22:00:00.000,2016,11,4,22,13008KT,17,09
2016-11-04 23:00:00.000,2016,11,4,23,15008KT,16,09
2016-11-05 00:00:00.000,2016,11,5,0,10005KT,15,09
2016-11-05 01:00:00.000,2016,11,5,1,VRB02KT,15,10
2016-11-05 02:00:00.000,2016,11,5,2,18004KT,14,10
2016-11-05 03:00:00.000,2016,11,5,3,17008KT,13,09
2016-11-05 04:00:00.000,2016,11,5,4,17006KT,13,09
2016-11-05 05:00:00.000,2016,11,5,5,05004KT,12,08
2016-11-05 06:00:00.000,2016,11,5,6,22005KT,12,09
2016-11-05 08:00:00.000,2016,11,5,8,VRB02KT,11,08
2016-11-05 09:00:00.000,2016,11,5,9,16003KT,11,08
2016-11-05 10:00:00.000,2016,11,5,10,03003KT,09,07
2016-11-05 11:00:00.000,2016,11,5,11,VRB02KT,09,08
2016-11-05 12:00:00.000,2016,11,5,12,06007KT,12,09
2016-11-05 13:00:00.000,2016,11,5,13,10008KT,15,09
2016-11-05 14:00:00.000,2016,11,5,14,15010KT,18,09
2016-11-05 15:00:00.000,2016,11,5,15,13009KT,17,09
2016-11-05 16:00:00.000,2016,11,5,16,13007G18KT,18,09
2016-11-05 17:00:00.000,2016,11,5,17,16012KT,18,09
2016-11-05 18:00:00.000,2016,11,5,18,16007KT,18,08
2016-11-05 19:00:00.000,2016,11,5,19,17009KT,18,08
2016-11-05 20:00:00.000,2016,11,5,20,14007KT,18,07
2016-11-05 21:00:00.000,2016,11,5,21,09005KT,17,08
2016-11-05 22:00:00.000,2016,11,5,22,09005KT,16,08
2016-11-05 23:00:00.000,2016,11,5,23,08005KT,15,08
2016-11-06 00:00:00.000,2016,11,6,0,08004KT,14,09
2016-11-06 01:00:00.000,2016,11,6,1,VRB02KT,13,08
2016-11-06 02:00:00.000,2016,11,6,2,36004KT,12,08
2016-11-06 03:00:00.000,2016,11,6,3,03004KT,11,09
2016-11-06 04:00:00.000,2016,11,6,4,06006KT,11,09
2016-11-06 05:00:00.000,2016,11,6,5,VRB02KT,10,09
2016-11-06 07:00:00.000,2016,11,6,7,02004KT,10,09
2016-11-06 08:00:00.000,2016,11,6,8,03004KT,10,09
2016-11-06 09:00:00.000,2016,11,6,9,VRB02KT,10,09
2016-11-06 10:00:00.000,2016,11,6,10,33004KT,11,09
2016-11-06 11:00:00.000,2016,11,6,11,36004KT,09,08
2016-11-06 12:00:00.000,2016,11,6,12,05006KT,12,09
2016-11-06 13:00:00.000,2016,11,6,13,07009KT,15,09
2016-11-06 14:00:00.000,2016,11,6,14,12007KT,17,08
2016-11-06 15:00:00.000,2016,11,6,15,18010KT,18,08
2016-11-06 16:00:00.000,2016,11,6,16,14006KT,20,06
2016-11-06 17:00:00.000,2016,11,6,17,13006KT,20,07
2016-11-06 18:00:00.000,2016,11,6,18,12005KT,19,09
2016-11-06 19:00:00.000,2016,11,6,19,24007KT,18,11
2016-11-06 20:00:00.000,2016,11,6,20,20007KT,16,13
2016-11-06 21:00:00.000,2016,11,6,21,29006KT,16,13
2016-11-06 22:00:00.000,2016,11,6,22,31008KT,15,11
2016-11-06 23:00:00.000,2016,11,6,23,31004KT,14,12
2016-11-07 01:00:00.000,2016,11,7,1,30005KT,13,11
2016-11-07 02:00:00.000,2016,11,7,2,33004KT,14,11
2016-11-07 03:00:00.000,2016,11,7,3,36003KT,14,11
2016-11-07 05:00:00.000,2016,11,7,5,04003KT,14,11
2016-11-07 06:00:00.000,2016,11,7,6,08004KT,13,10
2016-11-07 07:00:00.000,2016,11,7,7,VRB02KT,11,09
2016-11-07 10:00:00.000,2016,11,7,10,05003KT,10,09
2016-11-07 11:00:00.000,2016,11,7,11,VRB02KT,11,09
2016-11-07 12:00:00.000,2016,11,7,12,05004KT,12,10
2016-11-07 13:00:00.000,2016,11,7,13,06003KT,15,11
2016-11-07 14:00:00.000,2016,11,7,14,04007KT,18,09
2016-11-07 15:00:00.000,2016,11,7,15,04004KT,19,10
2016-11-07 16:00:00.000,2016,11,7,16,02004KT,18,10
2016-11-07 17:00:00.000,2016,11,7,17,25003KT,19,08
2016-11-07 18:00:00.000,2016,11,7,18,24010KT,17,11
2016-11-07 19:00:00.000,2016,11,7,19,21009KT,18,11
2016-11-07 20:00:00.000,2016,11,7,20,34011KT,17,12
2016-11-07 21:00:00.000,2016,11,7,21,02004KT,15,12
2016-11-07 22:00:00.000,2016,11,7,22,24005KT,14,12
2016-11-07 23:00:00.000,2016,11,7,23,22003KT,13,12
2016-11-08 00:00:00.000,2016,11,8,0,VRB02KT,14,11
2016-11-08 01:00:00.000,2016,11,8,1,VRB02KT,14,11
2016-11-08 02:00:00.000,2016,11,8,2,VRB02KT,13,11
2016-11-08 03:00:00.000,2016,11,8,3,VRB02KT,14,11
2016-11-08 04:00:00.000,2016,11,8,4,33003KT,13,11
2016-11-08 05:00:00.000,2016,11,8,5,VRB02KT,12,11
2016-11-08 06:00:00.000,2016,11,8,6,VRB02KT,10,09
2016-11-08 07:00:00.000,2016,11,8,7,VRB02KT,10,10
2016-11-08 08:00:00.000,2016,11,8,8,VRB02KT,09,09
2016-11-08 09:00:00.000,2016,11,8,9,VRB02KT,09,09
2016-11-08 10:00:00.000,2016,11,8,10,VRB02KT,09,09
2016-11-08 11:00:00.000,2016,11,8,11,36004KT,09,09
2016-11-08 12:00:00.000,2016,11,8,12,VRB02KT,10,10
2016-11-08 12:30:00.000,2016,11,8,12,VRB02KT,11,11
2016-11-08 13:00:00.000,2016,11,8,13,02003KT,11,11
2016-11-08 14:00:00.000,2016,11,8,14,VRB02KT,12,12
2016-11-08 14:13:00.000,2016,11,8,14,VRB02KT,13,12
2016-11-08 14:34:00.000,2016,11,8,14,02004KT,15,12
2016-11-08 15:00:00.000,2016,11,8,15,02004KT,15,12
2016-11-08 16:00:00.000,2016,11,8,16,VRB02KT,19,09
2016-11-08 17:00:00.000,2016,11,8,17,04010KT,21,12
2016-11-08 18:00:00.000,2016,11,8,18,23012KT,17,13
2016-11-08 19:00:00.000,2016,11,8,19,27012KT,18,13
2016-11-08 20:00:00.000,2016,11,8,20,27011KT,17,13
2016-11-08 21:00:00.000,2016,11,8,21,25012KT,17,12
2016-11-08 22:00:00.000,2016,11,8,22,23004KT,16,12
2016-11-08 23:00:00.000,2016,11,8,23,VRB02KT,15,12
2016-11-09 00:00:00.000,2016,11,9,0,36004KT,15,12
2016-11-09 01:00:00.000,2016,11,9,1,35004KT,15,12
2016-11-09 02:00:00.000,2016,11,9,2,36003KT,14,12
2016-11-09 03:00:00.000,2016,11,9,3,VRB02KT,14,13
2016-11-09 04:00:00.000,2016,11,9,4,35003KT,14,12
2016-11-09 05:00:00.000,2016,11,9,5,VRB02KT,13,12
2016-11-09 06:00:00.000,2016,11,9,6,VRB02KT,13,12
2016-11-09 07:00:00.000,2016,11,9,7,VRB02KT,13,12
2016-11-09 08:00:00.000,2016,11,9,8,05004KT,13,11
2016-11-09 09:00:00.000,2016,11,9,9,03005KT,13,11
2016-11-09 10:00:00.000,2016,11,9,10,VRB02KT,13,11
2016-11-09 11:00:00.000,2016,11,9,11,VRB02KT,11,10
2016-11-09 12:00:00.000,2016,11,9,12,03004KT,14,12
2016-11-09 13:00:00.000,2016,11,9,13,04004KT,16,11
2016-11-09 14:00:00.000,2016,11,9,14,06004KT,18,10
2016-11-09 15:00:00.000,2016,11,9,15,11009KT,18,08
2016-11-09 16:00:00.000,2016,11,9,16,05007KT,19,09
2016-11-09 17:00:00.000,2016,11,9,17,05009KT,19,09
2016-11-09 18:00:00.000,2016,11,9,18,20006KT,20,10
2016-11-09 19:00:00.000,2016,11,9,19,27008G18KT,20,12
2016-11-09 20:00:00.000,2016,11,9,20,24011KT,18,13
2016-11-09 21:00:00.000,2016,11,9,21,26010KT,17,13
2016-11-09 22:00:00.000,2016,11,9,22,29006KT,17,13
2016-11-09 23:00:00.000,2016,11,9,23,29005KT,16,12
2016-11-10 00:00:00.000,2016,11,10,0,26005KT,15,12
2016-11-10 01:00:00.000,2016,11,10,1,35003KT,13,11
2016-11-10 02:00:00.000,2016,11,10,2,VRB02KT,12,11
2016-11-10 03:00:00.000,2016,11,10,3,VRB02KT,13,12
2016-11-10 04:00:00.000,2016,11,10,4,VRB02KT,11,10
2016-11-10 05:00:00.000,2016,11,10,5,VRB02KT,10,10
2016-11-10 06:00:00.000,2016,11,10,6,VRB02KT,11,10
2016-11-10 07:00:00.000,2016,11,10,7,VRB02KT,11,10
2016-11-10 08:00:00.000,2016,11,10,8,27003KT,10,10
2016-11-10 09:00:00.000,2016,11,10,9,VRB02KT,09,08
2016-11-10 10:00:00.000,2016,11,10,10,VRB02KT,08,08
2016-11-10 10:30:00.000,2016,11,10,10,34004KT,07,07
2016-11-10 11:00:00.000,2016,11,10,11,VRB02KT,07,07
2016-11-10 11:10:00.000,2016,11,10,11,VRB02KT,07,07
2016-11-10 12:00:00.000,2016,11,10,12,32003KT,10,09
2016-11-10 12:15:00.000,2016,11,10,12,02003KT,11,11
2016-11-10 13:00:00.000,2016,11,10,13,03005KT,13,13
2016-11-10 13:25:00.000,2016,11,10,13,05006KT,17,12
2016-11-10 14:00:00.000,2016,11,10,14,08006KT,18,10
2016-11-10 15:00:00.000,2016,11,10,15,01005KT,19,10
2016-11-10 16:00:00.000,2016,11,10,16,01004KT,19,09
2016-11-10 17:00:00.000,2016,11,10,17,35003KT,19,09
2016-11-10 17:15:00.000,2016,11,10,17,23008KT,17,13
2016-11-10 18:00:00.000,2016,11,10,18,35008KT,17,13
2016-11-10 19:00:00.000,2016,11,10,19,30005KT,19,12
2016-11-10 20:00:00.000,2016,11,10,20,21005KT,19,13
2016-11-10 21:00:00.000,2016,11,10,21,25007KT,18,13
2016-11-10 22:00:00.000,2016,11,10,22,26009KT,17,13
2016-11-10 23:00:00.000,2016,11,10,23,25005KT,15,12
2016-11-11 00:00:00.000,2016,11,11,0,26005KT,14,12
2016-11-11 01:00:00.000,2016,11,11,1,29003KT,15,13
2016-11-11 02:00:00.000,2016,11,11,2,VRB02KT,14,13
2016-11-11 02:10:00.000,2016,11,11,2,VRB02KT,14,13
2016-11-11 03:00:00.000,2016,11,11,3,36003KT,14,13
2016-11-11 04:00:00.000,2016,11,11,4,05008KT,12,11
2016-11-11 05:00:00.000,2016,11,11,5,04010KT,12,11
2016-11-11 06:00:00.000,2016,11,11,6,07004KT,12,11
2016-11-11 07:00:00.000,2016,11,11,7,08003KT,12,11
2016-11-11 08:00:00.000,2016,11,11,8,VRB02KT,12,11
2016-11-11 09:00:00.000,2016,11,11,9,36010KT,12,11
2016-11-11 10:00:00.000,2016,11,11,10,30004KT,11,10
2016-11-11 10:30:00.000,2016,11,11,10,VRB02KT,11,10
2016-11-11 11:00:00.000,2016,11,11,11,VRB02KT,11,10
2016-11-11 11:25:00.000,2016,11,11,11,VRB02KT,11,10
2016-11-11 12:00:00.000,2016,11,11,12,VRB02KT,11,11
2016-11-11 13:00:00.000,2016,11,11,13,VRB02KT,11,11
2016-11-11 14:00:00.000,2016,11,11,14,VRB02KT,12,11
2016-11-11 14:25:00.000,2016,11,11,14,15004KT,12,11
2016-11-11 15:00:00.000,2016,11,11,15,10004KT,12,11
2016-11-11 16:00:00.000,2016,11,11,16,09005KT,13,10
2016-11-11 17:00:00.000,2016,11,11,17,07006KT,13,11
2016-11-11 18:00:00.000,2016,11,11,18,05007KT,14,11
2016-11-11 19:00:00.000,2016,11,11,19,06010KT,15,10
2016-11-11 20:00:00.000,2016,11,11,20,07008KT,15,10
2016-11-11 21:00:00.000,2016,11,11,21,10005KT,15,09
2016-11-11 22:00:00.000,2016,11,11,22,05006KT,15,10
2016-11-11 23:00:00.000,2016,11,11,23,07008KT,14,10
2016-11-12 00:00:00.000,2016,11,12,0,04004KT,13,09
2016-11-12 01:00:00.000,2016,11,12,1,00000KT,12,09
2016-11-12 02:00:00.000,2016,11,12,2,05003KT,12,10
2016-11-12 03:00:00.000,2016,11,12,3,35005KT,12,10
2016-11-12 04:00:00.000,2016,11,12,4,05004KT,12,10
2016-11-12 05:00:00.000,2016,11,12,5,0000KT,12,09
2016-11-12 06:00:00.000,2016,11,12,6,VRB02KT,11,09
2016-11-12 07:00:00.000,2016,11,12,7,0000KT,11,10
2016-11-12 08:00:00.000,2016,11,12,8,VRB02KT,11,10
2016-11-12 09:00:00.000,2016,11,12,9,36003KT,11,10
2016-11-12 10:00:00.000,2016,11,12,10,34003KT,10,10
2016-11-12 10:30:00.000,2016,11,12,10,VRB02KT,10,09
2016-11-12 11:00:00.000,2016,11,12,11,VRB02KT,10,09
2016-11-12 12:00:00.000,2016,11,12,12,09005KT,12,11
2016-11-12 13:00:00.000,2016,11,12,13,06003KT,14,10
2016-11-12 14:00:00.000,2016,11,12,14,01003KT,16,09
2016-11-12 15:00:00.000,2016,11,12,15,29005KT,17,08
2016-11-12 16:00:00.000,2016,11,12,16,31004KT,19,09
2016-11-12 17:00:00.000,2016,11,12,17,31006KT,19,09
2016-11-12 18:00:00.000,2016,11,12,18,26010KT,17,12
2016-11-12 19:00:00.000,2016,11,12,19,27012KT,17,13
2016-11-12 20:00:00.000,2016,11,12,20,25012KT,18,13
2016-11-12 20:38:00.000,2016,11,12,20,24012KT,16,12
2016-11-12 21:00:00.000,2016,11,12,21,26010KT,16,12
2016-11-12 22:00:00.000,2016,11,12,22,27007KT,16,12
2016-11-12 23:00:00.000,2016,11,12,23,32006KT,14,12
2016-11-13 00:00:00.000,2016,11,13,0,30004KT,14,11
2016-11-13 01:00:00.000,2016,11,13,1,27003KT,13,11
2016-11-13 02:00:00.000,2016,11,13,2,34006KT,14,11
2016-11-13 03:00:00.000,2016,11,13,3,VRB02KT,12,11
2016-11-13 04:00:00.000,2016,11,13,4,36004KT,13,11
2016-11-13 05:00:00.000,2016,11,13,5,VRB02KT,13,11
2016-11-13 06:00:00.000,2016,11,13,6,33003KT,13,11
2016-11-13 07:00:00.000,2016,11,13,7,32003KT,12,11
2016-11-13 08:00:00.000,2016,11,13,8,24003KT,12,11
2016-11-13 09:00:00.000,2016,11,13,9,VRB02KT,12,10
2016-11-13 10:00:00.000,2016,11,13,10,VRB02KT,11,10
2016-11-13 10:10:00.000,2016,11,13,10,VRB02KT,11,10
2016-11-13 10:25:00.000,2016,11,13,10,36004KT,11,10
2016-11-13 10:30:00.000,2016,11,13,10,36003KT,11,10
2016-11-13 11:00:00.000,2016,11,13,11,05003KT,11,10
2016-11-13 11:30:00.000,2016,11,13,11,32004KT,10,10
2016-11-13 12:00:00.000,2016,11,13,12,30003KT,10,10
2016-11-13 12:30:00.000,2016,11,13,12,VRB02KT,11,10
2016-11-13 13:00:00.000,2016,11,13,13,VRB02KT,13,12
2016-11-13 13:40:00.000,2016,11,13,13,09003KT,15,14
2016-11-13 14:00:00.000,2016,11,13,14,06005KT,17,11
2016-11-13 14:10:00.000,2016,11,13,14,06005KT,17,11
2016-11-13 15:00:00.000,2016,11,13,15,19003KT,18,10
2016-11-13 16:00:00.000,2016,11,13,16,33005KT,20,11
2016-11-13 17:00:00.000,2016,11,13,17,31008KT,21,10
2016-11-13 18:00:00.000,2016,11,13,18,01005KT,22,10
2016-11-13 19:00:00.000,2016,11,13,19,29010KT,20,13
2016-11-13 20:00:00.000,2016,11,13,20,26012KT,18,12
2016-11-13 21:00:00.000,2016,11,13,21,09012KT,15,12
2016-11-13 21:05:00.000,2016,11,13,21,09012KT,15,12
2016-11-13 21:30:00.000,2016,11,13,21,VRB02KT,14,10
2016-11-13 22:00:00.000,2016,11,13,22,13003KT,14,11
2016-11-13 23:00:00.000,2016,11,13,23,33005KT,14,12
2016-11-13 23:08:00.000,2016,11,13,23,33005KT,14,12
2016-11-14 00:00:00.000,2016,11,14,0,32006KT,13,11
2016-11-14 00:25:00.000,2016,11,14,0,34006KT,14,12
2016-11-14 01:00:00.000,2016,11,14,1,33005KT,14,12
2016-11-14 02:00:00.000,2016,11,14,2,34004KT,13,11
2016-11-14 03:00:00.000,2016,11,14,3,26005KT,13,11
2016-11-14 04:00:00.000,2016,11,14,4,30005KT,12,11
2016-11-14 05:00:00.000,2016,11,14,5,33006KT,12,10
2016-11-14 06:00:00.000,2016,11,14,6,00000KT,11,10
2016-11-14 07:00:00.000,2016,11,14,7,VRB02KT,11,10
2016-11-14 08:00:00.000,2016,11,14,8,01005KT,10,09
2016-11-14 09:00:00.000,2016,11,14,9,07006KT,09,09
2016-11-14 10:00:00.000,2016,11,14,10,29004KT,09,08
2016-11-14 10:30:00.000,2016,11,14,10,22004KT,09,09
2016-11-14 11:00:00.000,2016,11,14,11,09003KT,09,09
2016-11-14 11:30:00.000,2016,11,14,11,24004KT,10,09
2016-11-14 12:00:00.000,2016,11,14,12,VRB02KT,12,11
2016-11-14 12:10:00.000,2016,11,14,12,VRB02KT,12,11
2016-11-14 13:00:00.000,2016,11,14,13,VRB02KT,14,12
2016-11-14 14:00:00.000,2016,11,14,14,VRB02KT,17,12
2016-11-14 15:00:00.000,2016,11,14,15,27004KT,18,11
2016-11-14 16:00:00.000,2016,11,14,16,26004KT,19,11
2016-11-14 17:00:00.000,2016,11,14,17,28009KT,17,12
2016-11-14 18:00:00.000,2016,11,14,18,27012KT,19,12
2016-11-14 19:00:00.000,2016,11,14,19,27012KT,18,12
2016-11-14 20:00:00.000,2016,11,14,20,27006KT,18,10
2016-11-14 21:00:00.000,2016,11,14,21,29010KT,17,11
2016-11-14 22:00:00.000,2016,11,14,22,31010KT,16,11
2016-11-14 23:00:00.000,2016,11,14,23,29010KT,15,12
2016-11-15 00:00:00.000,2016,11,15,0,30005KT,12,10
2016-11-15 01:00:00.000,2016,11,15,1,VRB02KT,12,10
2016-11-15 02:00:00.000,2016,11,15,2,VRB02KT,12,11
2016-11-15 03:00:00.000,2016,11,15,3,24003KT,12,11
2016-11-15 04:00:00.000,2016,11,15,4,VRB02KT,12,11
2016-11-15 05:00:00.000,2016,11,15,5,VRB02KT,12,11
2016-11-15 06:00:00.000,2016,11,15,6,34003KT,12,11
2016-11-15 06:12:00.000,2016,11,15,6,34005KT,12,11
2016-11-15 07:00:00.000,2016,11,15,7,32007KT,11,10
2016-11-15 08:00:00.000,2016,11,15,8,01003KT,11,10
2016-11-15 09:00:00.000,2016,11,15,9,VRB02KT,11,10
2016-11-15 10:00:00.000,2016,11,15,10,05003KT,11,09
2016-11-15 10:30:00.000,2016,11,15,10,07010KT,11,10
2016-11-15 11:00:00.000,2016,11,15,11,05012KT,11,10
2016-11-15 12:00:00.000,2016,11,15,12,04007KT,11,10
2016-11-15 14:00:00.000,2016,11,15,14,03004KT,13,11
2016-11-15 15:00:00.000,2016,11,15,15,05003KT,14,10
2016-11-15 16:00:00.000,2016,11,15,16,04003KT,16,09
2016-11-15 17:00:00.000,2016,11,15,17,31006KT,18,10
2016-11-15 18:00:00.000,2016,11,15,18,32008KT,19,07
2016-11-15 19:00:00.000,2016,11,15,19,34006KT,18,08
2016-11-15 20:00:00.000,2016,11,15,20,31010KT,18,08
2016-11-15 21:00:00.000,2016,11,15,21,32011KT,18,08
2016-11-16 00:00:00.000,2016,11,16,0,32005KT,12,09
2016-11-16 01:00:00.000,2016,11,16,1,34003KT,13,10
2016-11-16 02:00:00.000,2016,11,16,2,32006KT,13,10
2016-11-16 03:00:00.000,2016,11,16,3,34006KT,12,10
2016-11-16 04:00:00.000,2016,11,16,4,30004KT,12,10
2016-11-16 05:00:00.000,2016,11,16,5,30003KT,12,10
2016-11-16 06:00:00.000,2016,11,16,6,30004KT,12,10
2016-11-16 07:00:00.000,2016,11,16,7,VRB02KT,12,10
2016-11-16 08:00:00.000,2016,11,16,8,26004KT,12,10
2016-11-16 09:00:00.000,2016,11,16,9,21004KT,12,10
2016-11-16 10:00:00.000,2016,11,16,10,VRB02KT,10,09
2016-11-16 10:30:00.000,2016,11,16,10,32004KT,10,09
2016-11-16 11:00:00.000,2016,11,16,11,VRB02KT,10,09
2016-11-16 12:00:00.000,2016,11,16,12,VRB02KT,12,11
2016-11-16 13:00:00.000,2016,11,16,13,VRB02KT,14,09
2016-11-16 13:30:00.000,2016,11,16,13,VRB02KT,16,10
2016-11-16 14:00:00.000,2016,11,16,14,02003KT,17,10
2016-11-16 15:00:00.000,2016,11,16,15,24003KT,17,10
2016-11-16 16:00:00.000,2016,11,16,16,31005KT,19,10
2016-11-16 17:00:00.000,2016,11,16,17,31010KT,19,11
2016-11-16 18:00:00.000,2016,11,16,18,32008KT,19,11
2016-11-16 20:00:00.000,2016,11,16,20,27014KT,19,11
2016-11-16 21:00:00.000,2016,11,16,21,30011KT,18,11
2016-11-16 22:00:00.000,2016,11,16,22,25010KT,16,11
2016-11-16 23:00:00.000,2016,11,16,23,25006KT,14,11
2016-11-17 00:00:00.000,2016,11,17,0,30009KT,13,11
2016-11-17 01:00:00.000,2016,11,17,1,30005KT,12,10
2016-11-17 02:00:00.000,2016,11,17,2,26003KT,12,11
2016-11-17 03:00:00.000,2016,11,17,3,29004KT,13,11
2016-11-17 04:00:00.000,2016,11,17,4,34004KT,13,11
2016-11-17 05:00:00.000,2016,11,17,5,VRB02KT,12,11
2016-11-17 06:00:00.000,2016,11,17,6,VRB02KT,12,11
2016-11-17 07:00:00.000,2016,11,17,7,VRB02KT,12,11
2016-11-17 08:00:00.000,2016,11,17,8,VRB02KT,11,10
2016-11-17 09:00:00.000,2016,11,17,9,VRB02KT,11,10
2016-11-17 10:00:00.000,2016,11,17,10,31003KT,10,09
2016-11-17 11:00:00.000,2016,11,17,11,VRB02KT,10,09
2016-11-17 12:00:00.000,2016,11,17,12,07004KT,11,10
2016-11-17 13:00:00.000,2016,11,17,13,VRB02KT,13,12
2016-11-17 14:00:00.000,2016,11,17,14,34003KT,16,10
2016-11-17 15:00:00.000,2016,11,17,15,29003KT,16,10
2016-11-17 16:00:00.000,2016,11,17,16,VRB02KT,17,09
2016-11-17 17:00:00.000,2016,11,17,17,34005KT,18,10
2016-11-17 18:00:00.000,2016,11,17,18,VRB02KT,19,09
2016-11-17 19:00:00.000,2016,11,17,19,VRB02KT,18,10
2016-11-17 20:00:00.000,2016,11,17,20,32005KT,18,11
2016-11-17 21:00:00.000,2016,11,17,21,30010KT,17,12
2016-11-17 22:00:00.000,2016,11,17,22,27009KT,15,12
2016-11-17 23:00:00.000,2016,11,17,23,24006KT,14,12
2016-11-18 00:00:00.000,2016,11,18,0,25006KT,14,12
2016-11-18 01:00:00.000,2016,11,18,1,30004KT,13,12
2016-11-18 02:00:00.000,2016,11,18,2,25005KT,13,12
2016-11-18 03:00:00.000,2016,11,18,3,31003KT,13,12
2016-11-18 04:00:00.000,2016,11,18,4,31004KT,13,12
2016-11-18 05:00:00.000,2016,11,18,5,VRB02KT,13,12
2016-11-18 06:00:00.000,2016,11,18,6,30005KT,13,12
2016-11-18 07:00:00.000,2016,11,18,7,32003KT,13,12
2016-11-18 08:00:00.000,2016,11,18,8,20003KT,12,12
2016-11-18 09:00:00.000,2016,11,18,9,08004KT,13,12
2016-11-18 10:00:00.000,2016,11,18,10,31003KT,12,11
2016-11-18 12:00:00.000,2016,11,18,12,VRB02KT,14,12
2016-11-18 13:00:00.000,2016,11,18,13,VRB02KT,15,11
2016-11-18 14:00:00.000,2016,11,18,14,VRB02KT,16,11
2016-11-18 15:00:00.000,2016,11,18,15,VRB02KT,20,10
2016-11-18 16:00:00.000,2016,11,18,16,05006KT,19,10
2016-11-18 17:00:00.000,2016,11,18,17,27006KT,18,11
2016-11-18 18:00:00.000,2016,11,18,18,26009KT,15,13
2016-11-18 19:00:00.000,2016,11,18,19,32006KT,15,13
2016-11-18 20:00:00.000,2016,11,18,20,04004KT,15,13
2016-11-18 21:00:00.000,2016,11,18,21,05005KT,16,12
2016-11-18 22:00:00.000,2016,11,18,22,23006KT,14,12
2016-11-18 23:00:00.000,2016,11,18,23,27005KT,13,11
2016-11-19 03:00:00.000,2016,11,19,3,33003KT,13,10
2016-11-19 04:00:00.000,2016,11,19,4,35003KT,12,10
2016-11-19 05:00:00.000,2016,11,19,5,35003KT,13,11
2016-11-19 09:00:00.000,2016,11,19,9,VRB02KT,12,11
2016-11-19 10:00:00.000,2016,11,19,10,VRB02KT,12,11
2016-11-19 11:00:00.000,2016,11,19,11,VRB02KT,12,11
2016-11-19 14:00:00.000,2016,11,19,14,24005KT,13,12
2016-11-19 17:00:00.000,2016,11,19,17,27006KT,14,12
2016-11-19 18:00:00.000,2016,11,19,18,24006KT,14,11
2016-11-19 19:00:00.000,2016,11,19,19,25005KT,15,11
2016-11-19 20:00:00.000,2016,11,19,20,21003KT,15,10
2016-11-19 21:00:00.000,2016,11,19,21,VRB02KT,16,10
2016-11-19 22:00:00.000,2016,11,19,22,25004KT,16,09
2016-11-19 23:00:00.000,2016,11,19,23,VRB02KT,15,10
2016-11-20 00:00:00.000,2016,11,20,0,32003KT,14,11
2016-11-20 01:00:00.000,2016,11,20,1,VRB02KT,13,10
2016-11-20 02:00:00.000,2016,11,20,2,31003KT,13,10
2016-11-20 03:00:00.000,2016,11,20,3,33003KT,13,11
2016-11-20 04:00:00.000,2016,11,20,4,35003KT,12,10
2016-11-20 05:00:00.000,2016,11,20,5,VRB02KT,12,10
2016-11-20 06:00:00.000,2016,11,20,6,VRB02KT,11,09
2016-11-20 07:00:00.000,2016,11,20,7,VRB02KT,11,10
2016-11-20 08:00:00.000,2016,11,20,8,VRB02KT,11,09
2016-11-20 09:00:00.000,2016,11,20,9,VRB02KT,10,09
2016-11-20 10:00:00.000,2016,11,20,10,06004KT,10,09
2016-11-20 11:00:00.000,2016,11,20,11,35005KT,10,09
2016-11-20 12:00:00.000,2016,11,20,12,25003KT,11,10
2016-11-20 13:00:00.000,2016,11,20,13,VRB02KT,13,11
2016-11-20 14:00:00.000,2016,11,20,14,VRB02KT,16,11
2016-11-20 15:00:00.000,2016,11,20,15,33005KT,16,11
2016-11-20 16:00:00.000,2016,11,20,16,32012KT,17,12
2016-11-20 17:00:00.000,2016,11,20,17,33015KT,18,11
2016-11-20 18:00:00.000,2016,11,20,18,32016KT,18,12
2016-11-20 19:00:00.000,2016,11,20,19,31015KT,18,12
2016-11-20 20:00:00.000,2016,11,20,20,32014KT,16,12
2016-11-20 21:00:00.000,2016,11,20,21,33012KT,15,12
2016-11-20 22:00:00.000,2016,11,20,22,32013KT,15,11
2016-11-20 23:00:00.000,2016,11,20,23,34006KT,14,11
2016-11-21 00:00:00.000,2016,11,21,0,29007KT,14,11
2016-11-21 01:00:00.000,2016,11,21,1,32008KT,14,11
2016-11-21 02:00:00.000,2016,11,21,2,33005KT,13,10
2016-11-21 05:00:00.000,2016,11,21,5,VRB02KT,12,10
2016-11-21 06:00:00.000,2016,11,21,6,30005KT,13,10
2016-11-21 09:00:00.000,2016,11,21,9,00000KT,12,10
2016-11-21 10:00:00.000,2016,11,21,10,00000KT,11,09
2016-11-21 12:00:00.000,2016,11,21,12,VRB02KT,10,09
2016-11-21 13:00:00.000,2016,11,21,13,04003KT,14,09
2016-11-21 14:00:00.000,2016,11,21,14,01004KT,16,08
2016-11-21 15:00:00.000,2016,11,21,15,VRB02KT,18,09
2016-11-21 16:00:00.000,2016,11,21,16,VRB02KT,19,07
2016-11-21 18:00:00.000,2016,11,21,18,26009KT,20,11
2016-11-21 19:00:00.000,2016,11,21,19,23012KT,20,11
2016-11-21 20:00:00.000,2016,11,21,20,26010KT,19,10
2016-11-21 21:00:00.000,2016,11,21,21,27011KT,17,11
2016-11-21 22:00:00.000,2016,11,21,22,25010KT,17,08
2016-11-21 23:00:00.000,2016,11,21,23,27005KT,16,09
2016-11-22 00:00:00.000,2016,11,22,0,35005KT,14,10
2016-11-22 01:00:00.000,2016,11,22,1,27004KT,15,09
2016-11-22 02:00:00.000,2016,11,22,2,29005KT,14,08
2016-11-22 03:00:00.000,2016,11,22,3,24004KT,14,10
2016-11-22 04:00:00.000,2016,11,22,4,23004KT,14,07
2016-11-22 07:00:00.000,2016,11,22,7,VRB02KT,10,09
2016-11-22 08:00:00.000,2016,11,22,8,32004KT,10,09
2016-11-22 09:00:00.000,2016,11,22,9,VRB02KT,09,08
2016-11-22 10:00:00.000,2016,11,22,10,VRB02KT,08,07
2016-11-22 10:12:00.000,2016,11,22,10,VRB02KT,08,07
2016-11-22 10:30:00.000,2016,11,22,10,VRB02KT,08,07
2016-11-22 11:00:00.000,2016,11,22,11,VRB02KT,08,07
2016-11-22 12:00:00.000,2016,11,22,12,VRB02KT,09,08
2016-11-22 13:00:00.000,2016,11,22,13,02004KT,12,08
2016-11-22 14:00:00.000,2016,11,22,14,04003KT,14,08
2016-11-22 15:00:00.000,2016,11,22,15,33004KT,18,08
2016-11-22 16:00:00.000,2016,11,22,16,02005KT,20,09
2016-11-22 17:00:00.000,2016,11,22,17,08004KT,20,08
2016-11-22 18:00:00.000,2016,11,22,18,25015KT,19,12
2016-11-22 18:13:00.000,2016,11,22,18,25018KT,19,12
2016-11-22 19:00:00.000,2016,11,22,19,27013KT,20,12
2016-11-22 20:00:00.000,2016,11,22,20,27010KT,17,11
2016-11-22 21:00:00.000,2016,11,22,21,30005KT,17,11
2016-11-22 22:00:00.000,2016,11,22,22,30006KT,17,12
2016-11-22 22:17:00.000,2016,11,22,22,30005KT,16,12
2016-11-22 23:00:00.000,2016,11,22,23,VRB02KT,14,12
2016-11-23 00:00:00.000,2016,11,23,0,31003KT,14,12
2016-11-23 01:00:00.000,2016,11,23,1,34003KT,14,12
2016-11-23 02:00:00.000,2016,11,23,2,VRB02KT,14,12
2016-11-23 03:00:00.000,2016,11,23,3,15003KT,13,12
2016-11-23 04:00:00.000,2016,11,23,4,03003KT,13,11
2016-11-23 05:00:00.000,2016,11,23,5,34004KT,12,11
2016-11-23 06:00:00.000,2016,11,23,6,06003KT,12,11
2016-11-23 07:00:00.000,2016,11,23,7,VRB02KT,12,11
2016-11-23 08:00:00.000,2016,11,23,8,29003KT,11,10
2016-11-23 09:00:00.000,2016,11,23,9,VRB02KT,11,10
2016-11-23 10:00:00.000,2016,11,23,10,VRB02KT,11,10
2016-11-23 10:30:00.000,2016,11,23,10,VRB02KT,11,10
2016-11-23 11:00:00.000,2016,11,23,11,00000KT,10,09
2016-11-23 12:00:00.000,2016,11,23,12,VRB02KT,10,09
2016-11-23 13:00:00.000,2016,11,23,13,03007KT,12,11
2016-11-23 14:00:00.000,2016,11,23,14,04006KT,14,11
2016-11-23 14:13:00.000,2016,11,23,14,06007KT,14,11
2016-11-23 15:00:00.000,2016,11,23,15,06005KT,16,12
2016-11-23 16:00:00.000,2016,11,23,16,11006KT,18,09
2016-11-23 17:00:00.000,2016,11,23,17,14009KT,18,09
2016-11-23 18:00:00.000,2016,11,23,18,15010KT,19,09
2016-11-23 19:00:00.000,2016,11,23,19,18007KT,19,09
2016-11-23 20:00:00.000,2016,11,23,20,21007KT,19,09
2016-11-23 21:00:00.000,2016,11,23,21,19006KT,32,23
2016-11-23 22:00:00.000,2016,11,23,22,31006KT,16,11
2016-11-23 23:00:00.000,2016,11,23,23,32003KT,15,12
2016-11-24 00:00:00.000,2016,11,24,0,31003KT,14,11
2016-11-24 01:00:00.000,2016,11,24,1,VRB02KT,13,10
2016-11-24 02:00:00.000,2016,11,24,2,07004KT,12,10
2016-11-24 03:00:00.000,2016,11,24,3,VRB02KT,12,10
2016-11-24 04:00:00.000,2016,11,24,4,25004KT,11,10
2016-11-24 05:00:00.000,2016,11,24,5,VRB02KT,10,08
2016-11-24 06:00:00.000,2016,11,24,6,VRB02KT,10,09
2016-11-24 08:00:00.000,2016,11,24,8,VRB02KT,10,09
2016-11-24 09:00:00.000,2016,11,24,9,33003KT,10,08
2016-11-24 10:00:00.000,2016,11,24,10,34003KT,09,09
2016-11-24 10:30:00.000,2016,11,24,10,VRB02KT,09,09
2016-11-24 11:00:00.000,2016,11,24,11,VRB02KT,10,09
2016-11-24 12:00:00.000,2016,11,24,12,33004KT,10,09
2016-11-24 13:00:00.000,2016,11,24,13,34003KT,11,10
2016-11-24 14:00:00.000,2016,11,24,14,03004KT,16,12
2016-11-24 15:00:00.000,2016,11,24,15,07006KT,18,11
2016-11-24 16:00:00.000,2016,11,24,16,07007KT,19,10
2016-11-24 17:00:00.000,2016,11,24,17,03008KT,19,10
2016-11-24 17:28:00.000,2016,11,24,17,36005KT,19,08
2016-11-24 18:00:00.000,2016,11,24,18,26011KT,16,13
2016-11-24 18:25:00.000,2016,11,24,18,27009KT,16,13
2016-11-24 19:00:00.000,2016,11,24,19,28006KT,16,13
2016-11-24 20:00:00.000,2016,11,24,20,24003KT,16,12
2016-11-24 21:00:00.000,2016,11,24,21,32007KT,16,13
2016-11-24 22:00:00.000,2016,11,24,22,29005KT,16,13
2016-11-24 23:00:00.000,2016,11,24,23,24007KT,15,13
2016-11-25 00:00:00.000,2016,11,25,0,VRB02KT,15,12
2016-11-25 01:00:00.000,2016,11,25,1,VRB02KT,14,12
2016-11-25 02:00:00.000,2016,11,25,2,33003KT,12,11
2016-11-25 02:30:00.000,2016,11,25,2,00000KT,11,10
2016-11-25 03:00:00.000,2016,11,25,3,31004KT,12,11
2016-11-25 04:00:00.000,2016,11,25,4,33004KT,11,10
2016-11-25 05:00:00.000,2016,11,25,5,32003KT,10,09
2016-11-25 06:00:00.000,2016,11,25,6,VRB02KT,11,10
2016-11-25 09:00:00.000,2016,11,25,9,02003KT,10,10
2016-11-25 10:00:00.000,2016,11,25,10,29003KT,10,09
2016-11-25 10:30:00.000,2016,11,25,10,27004KT,09,09
2016-11-25 12:00:00.000,2016,11,25,12,03005KT,10,09
2016-11-25 13:00:00.000,2016,11,25,13,29004KT,12,11
2016-11-25 14:00:00.000,2016,11,25,14,VRB02KT,15,12
2016-11-25 15:00:00.000,2016,11,25,15,05007KT,18,12
2016-11-25 16:00:00.000,2016,11,25,16,05008KT,16,11
2016-11-25 17:00:00.000,2016,11,25,17,03004KT,18,11
2016-11-25 18:00:00.000,2016,11,25,18,VRB02KT,17,10
2016-11-25 19:00:00.000,2016,11,25,19,34003KT,17,10
2016-11-25 19:30:00.000,2016,11,25,19,08003KT,19,11
2016-11-25 22:00:00.000,2016,11,25,22,27011KT,16,12
2016-11-25 22:30:00.000,2016,11,25,22,28006KT,15,12
2016-11-25 23:00:00.000,2016,11,25,23,25008KT,14,12
2016-11-25 23:18:00.000,2016,11,25,23,30010KT,14,12
2016-11-26 00:00:00.000,2016,11,26,0,28004KT,13,12
2016-11-26 00:40:00.000,2016,11,26,0,25003KT,12,11
2016-11-26 01:00:00.000,2016,11,26,1,30004KT,12,11
2016-11-26 02:00:00.000,2016,11,26,2,35006KT,13,12
2016-11-26 03:00:00.000,2016,11,26,3,01003KT,12,11
2016-11-26 04:00:00.000,2016,11,26,4,06005KT,13,11
2016-11-26 05:00:00.000,2016,11,26,5,09005KT,13,11
2016-11-26 06:00:00.000,2016,11,26,6,VRB02KT,12,10
2016-11-26 07:00:00.000,2016,11,26,7,35004KT,12,10
2016-11-26 08:00:00.000,2016,11,26,8,VRB02KT,11,10
2016-11-26 09:00:00.000,2016,11,26,9,30003KT,10,09
2016-11-26 10:00:00.000,2016,11,26,10,VRB02KT,10,09
2016-11-26 10:30:00.000,2016,11,26,10,VRB02KT,11,10
2016-11-26 11:00:00.000,2016,11,26,11,01004KT,10,09
2016-11-26 12:00:00.000,2016,11,26,12,VRB02KT,10,10
2016-11-26 13:00:00.000,2016,11,26,13,03004KT,12,11
2016-11-26 14:00:00.000,2016,11,26,14,29003KT,15,10
2016-11-26 15:00:00.000,2016,11,26,15,VRB02KT,17,10
2016-11-26 16:00:00.000,2016,11,26,16,01004KT,18,09
2016-11-26 17:00:00.000,2016,11,26,17,VRB02KT,19,10
2016-11-26 18:00:00.000,2016,11,26,18,31012KT,17,12
2016-11-26 19:00:00.000,2016,11,26,19,32009KT,15,13
2016-11-26 20:00:00.000,2016,11,26,20,33004KT,13,12
2016-11-26 21:00:00.000,2016,11,26,21,VRB02KT,12,11
2016-11-26 22:00:00.000,2016,11,26,22,15005KT,13,11
2016-11-26 23:00:00.000,2016,11,26,23,00000KT,12,11
2016-11-27 00:00:00.000,2016,11,27,0,VRB02KT,12,11
2016-11-27 01:00:00.000,2016,11,27,1,04003KT,11,10
2016-11-27 02:00:00.000,2016,11,27,2,VRB02KT,11,10
2016-11-27 03:00:00.000,2016,11,27,3,34003KT,10,09
2016-11-27 04:00:00.000,2016,11,27,4,24003KT,11,10
2016-11-27 05:00:00.000,2016,11,27,5,VRB02KT,10,09
2016-11-27 06:00:00.000,2016,11,27,6,VRB02KT,10,10
2016-11-27 07:00:00.000,2016,11,27,7,VRB02KT,09,09
2016-11-27 08:00:00.000,2016,11,27,8,VRB02KT,09,09
2016-11-27 09:00:00.000,2016,11,27,9,02003KT,10,04
2016-11-27 10:00:00.000,2016,11,27,10,01003KT,10,10
2016-11-27 11:00:00.000,2016,11,27,11,VRB02T,10,10
2016-11-27 12:00:00.000,2016,11,27,12,00000KT,11,11
2016-11-27 13:00:00.000,2016,11,27,13,18007KT,12,12
2016-11-27 14:00:00.000,2016,11,27,14,34006KT,16,12
2016-11-27 15:00:00.000,2016,11,27,15,04006KT,17,11
2016-11-27 16:00:00.000,2016,11,27,16,03005KT,17,10
2016-11-27 17:00:00.000,2016,11,27,17,31004KT,18,10
2016-11-27 18:00:00.000,2016,11,27,18,27009KT,16,12
2016-11-27 19:00:00.000,2016,11,27,19,30004KT,17,12
2016-11-27 20:00:00.000,2016,11,27,20,23009KT,17,12
2016-11-27 21:00:00.000,2016,11,27,21,23006KT,15,12
2016-11-27 22:00:00.000,2016,11,27,22,00000KT,16,13
2016-11-27 23:00:00.000,2016,11,27,23,25005KT,15,13
2016-11-28 00:00:00.000,2016,11,28,0,25004KT,14,12
2016-11-28 01:00:00.000,2016,11,28,1,26003KT,13,12
2016-11-28 02:00:00.000,2016,11,28,2,VRB02KT,13,12
2016-11-28 03:00:00.000,2016,11,28,3,VRB02KT,13,12
2016-11-28 04:00:00.000,2016,11,28,4,VRB02KT,13,12
2016-11-28 05:00:00.000,2016,11,28,5,05004KT,14,12
2016-11-28 06:00:00.000,2016,11,28,6,32004KT,13,12
2016-11-28 09:00:00.000,2016,11,28,9,32006KT,11,11
2016-11-28 10:00:00.000,2016,11,28,10,VRB02KT,12,11
2016-11-28 11:00:00.000,2016,11,28,11,10O05KT,12,11
2016-11-28 12:00:00.000,2016,11,28,12,34003KT,13,12
2016-11-28 13:00:00.000,2016,11,28,13,01003KT,13,13
2016-11-28 14:00:00.000,2016,11,28,14,15004KT,17,11
2016-11-28 15:00:00.000,2016,11,28,15,32004KT,18,10
2016-11-28 16:00:00.000,2016,11,28,16,03004KT,18,10
2016-11-28 17:00:00.000,2016,11,28,17,24012KT,16,12
2016-11-28 18:00:00.000,2016,11,28,18,27010KT,16,13
2016-11-28 19:00:00.000,2016,11,28,19,27008KT,17,12
2016-11-28 20:00:00.000,2016,11,28,20,30010T,16,12
2016-11-28 21:00:00.000,2016,11,28,21,29006KT,16,12
2016-11-28 22:00:00.000,2016,11,28,22,30006KT,16,12
2016-11-28 23:00:00.000,2016,11,28,23,31003KT,15,11
2016-11-29 00:00:00.000,2016,11,29,0,34003KT,14,11
2016-11-29 00:10:00.000,2016,11,29,0,35003KT,14,11
2016-11-29 01:00:00.000,2016,11,29,1,VRB02KT,13,11
2016-11-29 02:00:00.000,2016,11,29,2,VRB02KT,13,11
2016-11-29 03:00:00.000,2016,11,29,3,VRB02KT,13,12
2016-11-29 04:00:00.000,2016,11,29,4,VRB02KT,12,11
2016-11-29 05:00:00.000,2016,11,29,5,VRB02KT,12,12
2016-11-29 06:00:00.000,2016,11,29,6,VRB02KT,13,12
2016-11-29 07:00:00.000,2016,11,29,7,32003KT,13,12
2016-11-29 08:00:00.000,2016,11,29,8,VRB02KT,12,12
2016-11-29 09:00:00.000,2016,11,29,9,33003KT,11,11
2016-11-29 10:00:00.000,2016,11,29,10,00000KT,11,11
2016-11-29 10:30:00.000,2016,11,29,10,21003KT,12,11
2016-11-29 11:00:00.000,2016,11,29,11,00000KT,12,11
2016-11-29 11:28:00.000,2016,11,29,11,03004KT,12,11
2016-11-29 11:35:00.000,2016,11,29,11,02003KT,12,11
2016-11-29 12:00:00.000,2016,11,29,12,06003KT,13,12
2016-11-29 13:00:00.000,2016,11,29,13,VRB02KT,16,14
2016-11-29 14:00:00.000,2016,11,29,14,34003KT,16,11
2016-11-29 15:00:00.000,2016,11,29,15,06003KT,17,11
2016-11-29 16:00:00.000,2016,11,29,16,VRB02KT,18,10
2016-11-29 16:23:00.000,2016,11,29,16,29006KT,18,10
2016-11-29 17:00:00.000,2016,11,29,17,29010KT,17,12
2016-11-29 18:00:00.000,2016,11,29,18,22008KT,15,13
2016-11-29 19:00:00.000,2016,11,29,19,28008KT,15,13
2016-11-29 19:40:00.000,2016,11,29,19,29008KT,14,13
2016-11-29 20:00:00.000,2016,11,29,20,26009KT,13,11
2016-11-29 20:30:00.000,2016,11,29,20,06004KT,23,21
2016-11-29 20:35:00.000,2016,11,29,20,30005KT,13,11
2016-11-29 21:00:00.000,2016,11,29,21,27004KT,14,12
2016-11-29 22:00:00.000,2016,11,29,22,36004KT,14,12
2016-11-29 23:00:00.000,2016,11,29,23,28003KT,14,12
2016-11-30 00:00:00.000,2016,11,30,0,31004KT,13,12
2016-11-30 01:00:00.000,2016,11,30,1,33003KT,12,11
2016-11-30 02:00:00.000,2016,11,30,2,35004KT,13,11
2016-11-30 03:00:00.000,2016,11,30,3,VRB02KT,12,11
2016-11-30 04:00:00.000,2016,11,30,4,VRB02KT,12,11
2016-11-30 05:00:00.000,2016,11,30,5,VRB02KT,13,11
2016-11-30 06:00:00.000,2016,11,30,6,34004KT,12,10
2016-11-30 07:00:00.000,2016,11,30,7,VRB02KT,11,10
2016-11-30 08:00:00.000,2016,11,30,8,VRB02KT,11,10
2016-11-30 09:00:00.000,2016,11,30,9,VRB02KT,12,11
2016-11-30 10:00:00.000,2016,11,30,10,29004KT,12,11
2016-11-30 10:30:00.000,2016,11,30,10,VRB02KT,12,11
2016-11-30 11:00:00.000,2016,11,30,11,05004KT,12,11
2016-11-30 12:00:00.000,2016,11,30,12,VRB02KT,12,11
2016-11-30 12:35:00.000,2016,11,30,12,VRB02KT,14,11
2016-11-30 13:00:00.000,2016,11,30,13,VRB02KT,15,12
2016-11-30 13:30:00.000,2016,11,30,13,VRB02KT,17,11
2016-11-30 14:00:00.000,2016,11,30,14,VRB02KT,17,11
2016-11-30 15:00:00.000,2016,11,30,15,26006KT,18,11
2016-11-30 16:00:00.000,2016,11,30,16,VRB02KT,19,10
2016-11-30 17:00:00.000,2016,11,30,17,31010KT,18,12
2016-11-30 18:00:00.000,2016,11,30,18,25010KT,18,11
2016-11-30 19:00:00.000,2016,11,30,19,28010KT,17,11
2016-11-30 20:00:00.000,2016,11,30,20,22010KT,18,11
2016-11-30 21:00:00.000,2016,11,30,21,26010KT,16,11
2016-11-30 21:23:00.000,2016,11,30,21,25008KT,16,12
2016-11-30 22:00:00.000,2016,11,30,22,26006KT,15,11
2016-11-30 23:00:00.000,2016,11,30,23,28006KT,15,11
2016-12-01 00:00:00.000,2016,12,1,0,24006KT,14,11
2016-12-01 01:00:00.000,2016,12,1,1,22003KT,15,11
2016-12-01 02:00:00.000,2016,12,1,2,24003KT,15,11
2016-12-01 03:00:00.000,2016,12,1,3,30003KT,14,11
2016-12-01 04:00:00.000,2016,12,1,4,VRB02KT,14,11
2016-12-01 05:00:00.000,2016,12,1,5,30003KT,13,11
2016-12-01 06:00:00.000,2016,12,1,6,23003KT,13,11
2016-12-01 07:00:00.000,2016,12,1,7,23003KT,13,11
2016-12-01 08:00:00.000,2016,12,1,8,20003KT,13,11
2016-12-01 09:00:00.000,2016,12,1,9,24003KT,12,11
2016-12-01 10:00:00.000,2016,12,1,10,VRB02KT,11,10
2016-12-01 10:30:00.000,2016,12,1,10,VRB02KT,11,10
2016-12-01 11:00:00.000,2016,12,1,11,33004KT,11,10
2016-12-01 12:00:00.000,2016,12,1,12,VRB02KT,12,11
2016-12-01 13:00:00.000,2016,12,1,13,VRB02KT,14,10
2016-12-01 14:00:00.000,2016,12,1,14,VRB02KT,16,11
2016-12-01 15:00:00.000,2016,12,1,15,VRB02KT,16,10
2016-12-01 16:00:00.000,2016,12,1,16,VRB02KT,17,10
2016-12-01 17:00:00.000,2016,12,1,17,30004KT,16,11
2016-12-01 18:00:00.000,2016,12,1,18,31006KT,16,11
2016-12-01 19:00:00.000,2016,12,1,19,28005KT,18,12
2016-12-01 20:00:00.000,2016,12,1,20,27010KT,16,12
2016-12-01 21:00:00.000,2016,12,1,21,26012KT,17,10
2016-12-01 22:00:00.000,2016,12,1,22,012200Z,15,10
2016-12-01 23:00:00.000,2016,12,1,23,VRB02KT,14,10
2016-12-02 00:00:00.000,2016,12,2,0,VRB02KT,14,10
2016-12-02 01:00:00.000,2016,12,2,1,33003KT,13,10
2016-12-02 02:00:00.000,2016,12,2,2,32004KT,13,10
2016-12-02 03:00:00.000,2016,12,2,3,VRB02KT,13,10
2016-12-02 04:00:00.000,2016,12,2,4,04006KT,13,10
2016-12-02 05:00:00.000,2016,12,2,5,01003KT,13,10
2016-12-02 06:00:00.000,2016,12,2,6,02003KT,12,10
2016-12-02 07:00:00.000,2016,12,2,7,VRB02KT,12,11
2016-12-02 08:00:00.000,2016,12,2,8,VRB02KT,12,10
2016-12-02 09:00:00.000,2016,12,2,9,04003KT,12,11
2016-12-02 10:00:00.000,2016,12,2,10,05004KT,12,11
2016-12-02 10:30:00.000,2016,12,2,10,03004KT,12,11
2016-12-02 11:00:00.000,2016,12,2,11,03003KT,12,11
2016-12-02 12:00:00.000,2016,12,2,12,04004KT,13,11
2016-12-02 13:00:00.000,2016,12,2,13,05005KT,13,11
2016-12-02 14:00:00.000,2016,12,2,14,04003KT,14,10
2016-12-02 15:00:00.000,2016,12,2,15,28003KT,15,10
2016-12-02 16:00:00.000,2016,12,2,16,VRB02KT,16,10
2016-12-02 17:00:00.000,2016,12,2,17,04003KT,17,10
2016-12-02 18:00:00.000,2016,12,2,18,VRB04KT,18,10
2016-12-02 19:00:00.000,2016,12,2,19,30007KT,16,11
2016-12-02 19:14:00.000,2016,12,2,19,25009KT,15,12
2016-12-02 20:00:00.000,2016,12,2,20,26010KT,14,13
2016-12-02 20:08:00.000,2016,12,2,20,26010KT,13,12
2016-12-02 20:35:00.000,2016,12,2,20,26008KT,13,12
2016-12-02 21:00:00.000,2016,12,2,21,28008KT,13,12
2016-12-02 22:00:00.000,2016,12,2,22,30005KT,13,11
2016-12-02 23:00:00.000,2016,12,2,23,01006KT,13,11
2016-12-02 23:21:00.000,2016,12,2,23,08007KT,13,11
2016-12-03 00:00:00.000,2016,12,3,0,02005KT,12,10
2016-12-03 01:00:00.000,2016,12,3,1,02004KT,12,10
2016-12-03 02:00:00.000,2016,12,3,2,36006KT,12,10
2016-12-03 03:00:00.000,2016,12,3,3,02003KT,12,11
2016-12-03 04:00:00.000,2016,12,3,4,VRB04KT,12,11
2016-12-03 05:00:00.000,2016,12,3,5,08006KT,12,11
2016-12-03 06:00:00.000,2016,12,3,6,05004KT,12,11
2016-12-03 07:00:00.000,2016,12,3,7,VRB03KT,12,11
2016-12-03 08:00:00.000,2016,12,3,8,05004KT,12,11
2016-12-03 09:00:00.000,2016,12,3,9,VRB02KT,12,11
2016-12-03 10:00:00.000,2016,12,3,10,04004KT,12,11
2016-12-03 10:30:00.000,2016,12,3,10,05004KT,12,11
2016-12-03 11:00:00.000,2016,12,3,11,VRB02KT,12,11
2016-12-03 12:00:00.000,2016,12,3,12,02003KT,13,12
2016-12-03 13:00:00.000,2016,12,3,13,05005KT,13,11
2016-12-03 14:00:00.000,2016,12,3,14,05005KT,15,11
2016-12-03 15:00:00.000,2016,12,3,15,03004KT,15,10
2016-12-03 16:00:00.000,2016,12,3,16,VRB02KT,16,10
2016-12-03 16:35:00.000,2016,12,3,16,32004KT,16,10
2016-12-03 17:00:00.000,2016,12,3,17,02005KT,15,12
2016-12-03 17:32:00.000,2016,12,3,17,32005KT,15,13
2016-12-03 18:00:00.000,2016,12,3,18,02003KT,14,12
2016-12-03 19:00:00.000,2016,12,3,19,26006KT,14,12
2016-12-03 19:17:00.000,2016,12,3,19,27006KT,14,13
2016-12-03 20:00:00.000,2016,12,3,20,29004KT,14,12
2016-12-03 21:00:00.000,2016,12,3,21,22003KT,14,12
2016-12-03 22:00:00.000,2016,12,3,22,23004KT,14,12
2016-12-03 23:00:00.000,2016,12,3,23,VRB02KT,14,12
2016-12-04 00:00:00.000,2016,12,4,0,25003KT,14,12
2016-12-04 01:00:00.000,2016,12,4,1,26003KT,14,12
2016-12-04 02:00:00.000,2016,12,4,2,00000KT,13,12
2016-12-04 03:00:00.000,2016,12,4,3,00000KT,13,11
2016-12-04 04:00:00.000,2016,12,4,4,VRB02KT,13,10
2016-12-04 05:00:00.000,2016,12,4,5,05003KT,12,10
2016-12-04 06:00:00.000,2016,12,4,6,VRB02KT,12,11
2016-12-04 08:00:00.000,2016,12,4,8,04003KT,11,10
2016-12-04 09:00:00.000,2016,12,4,9,VRB02KT,11,10
2016-12-04 10:00:00.000,2016,12,4,10,22003KT,11,10
2016-12-04 10:30:00.000,2016,12,4,10,00000KT,10,10
2016-12-04 11:00:00.000,2016,12,4,11,11003KT,11,10
2016-12-04 12:00:00.000,2016,12,4,12,07003KT,11,11
2016-12-04 13:00:00.000,2016,12,4,13,05003KT,13,11
2016-12-04 13:07:00.000,2016,12,4,13,05005KT,15,10
2016-12-04 14:00:00.000,2016,12,4,14,07010KT,15,10
2016-12-04 15:00:00.000,2016,12,4,15,10012KT,17,08
2016-12-04 16:00:00.000,2016,12,4,16,06012KT,18,10
2016-12-04 17:00:00.000,2016,12,4,17,11012KT,17,09
2016-12-04 18:00:00.000,2016,12,4,18,06006KT,17,08
2016-12-04 19:00:00.000,2016,12,4,19,05006KT,17,10
2016-12-04 20:00:00.000,2016,12,4,20,05006KT,17,09
2016-12-04 21:00:00.000,2016,12,4,21,09006KT,17,10
2016-12-04 22:00:00.000,2016,12,4,22,06007KT,16,10
2016-12-04 23:00:00.000,2016,12,4,23,10008KT,16,09
2016-12-05 00:00:00.000,2016,12,5,0,VRB02KT,15,09
2016-12-05 01:00:00.000,2016,12,5,1,28004KT,13,10
2016-12-05 02:00:00.000,2016,12,5,2,VRB02KT,12,10
2016-12-05 03:00:00.000,2016,12,5,3,VRB02KT,10,09
2016-12-05 04:00:00.000,2016,12,5,4,VRB02KT,10,09
2016-12-05 05:00:00.000,2016,12,5,5,VBR02KT,10,09
2016-12-05 06:00:00.000,2016,12,5,6,04004KT,09,08
2016-12-05 07:00:00.000,2016,12,5,7,VRB02KT,09,08
2016-12-05 08:00:00.000,2016,12,5,8,3004KT,09,08
2016-12-05 09:00:00.000,2016,12,5,9,VRB02KT,09,08
2016-12-05 10:00:00.000,2016,12,5,10,06004KT,10,08
2016-12-05 11:00:00.000,2016,12,5,11,05005KT,10,09
2016-12-05 12:00:00.000,2016,12,5,12,04008KT,12,10
2016-12-05 13:00:00.000,2016,12,5,13,05008KT,14,09
2016-12-05 15:00:00.000,2016,12,5,15,30004KT,16,08
2016-12-05 16:00:00.000,2016,12,5,16,VRB02KT,16,07
2016-12-05 17:00:00.000,2016,12,5,17,05005KT,17,08
2016-12-05 18:00:00.000,2016,12,5,18,07009KT,17,09
2016-12-05 19:00:00.000,2016,12,5,19,08010KT,18,09
2016-12-05 20:00:00.000,2016,12,5,20,09008KT,18,08
2016-12-05 21:00:00.000,2016,12,5,21,08009KT,18,08
2016-12-05 22:00:00.000,2016,12,5,22,VRB02KT,18,09
2016-12-05 23:00:00.000,2016,12,5,23,24007KT,15,12
2016-12-06 00:00:00.000,2016,12,6,0,32005KT,13,11
2016-12-06 01:00:00.000,2016,12,6,1,28003KT,13,11
2016-12-06 02:00:00.000,2016,12,6,2,VRB02KT,12,10
2016-12-06 03:00:00.000,2016,12,6,3,VRB02KT,11,10
2016-12-06 04:00:00.000,2016,12,6,4,03003KT,11,10
2016-12-06 05:00:00.000,2016,12,6,5,36003KT,10,08
2016-12-06 06:00:00.000,2016,12,6,6,04003KT,10,09
2016-12-06 07:00:00.000,2016,12,6,7,06004KT,09,08
2016-12-06 08:00:00.000,2016,12,6,8,04003KT,09,08
2016-12-06 09:00:00.000,2016,12,6,9,06005KT,08,07
2016-12-06 10:00:00.000,2016,12,6,10,VRB02KT,09,07
2016-12-06 11:00:00.000,2016,12,6,11,02003KT,06,05
2016-12-06 12:00:00.000,2016,12,6,12,VRB02KT,10,09
2016-12-06 13:00:00.000,2016,12,6,13,06003KT,14,09
2016-12-06 14:00:00.000,2016,12,6,14,07006KT,170,07
2016-12-06 15:00:00.000,2016,12,6,15,04006KT,18,07
2016-12-06 16:00:00.000,2016,12,6,16,04007KT,19,08
2016-12-06 17:00:00.000,2016,12,6,17,04010KT,18,08
2016-12-06 18:00:00.000,2016,12,6,18,04008KT,19,08
2016-12-06 19:00:00.000,2016,12,6,19,09008KT,18,09
2016-12-06 20:00:00.000,2016,12,6,20,04006KT,19,08
2016-12-06 21:00:00.000,2016,12,6,21,10012KT,18,07
2016-12-06 22:00:00.000,2016,12,6,22,10013KT,18,07
2016-12-06 23:00:00.000,2016,12,6,23,09012KT,17,08
2016-12-07 00:00:00.000,2016,12,7,0,23004KT,13,10
2016-12-07 01:00:00.000,2016,12,7,1,30004KT,11,10
2016-12-07 02:00:00.000,2016,12,7,2,VRB02KT,11,09
2016-12-07 03:00:00.000,2016,12,7,3,VRB02KT,10,09
2016-12-07 04:00:00.000,2016,12,7,4,36003KT,09,08
2016-12-07 05:00:00.000,2016,12,7,5,06006KT,11,08
2016-12-07 06:00:00.000,2016,12,7,6,04006KT,09,08
2016-12-07 07:00:00.000,2016,12,7,7,05007KT,10,09
2016-12-07 08:00:00.000,2016,12,7,8,05007KT,11,09
2016-12-07 09:00:00.000,2016,12,7,9,04007KT,11,08
2016-12-07 10:00:00.000,2016,12,7,10,05005KT,10,08
2016-12-07 11:00:00.000,2016,12,7,11,05008KT,11,08
2016-12-07 12:00:00.000,2016,12,7,12,03003KT,12,09
2016-12-07 13:00:00.000,2016,12,7,13,05004KT,12,09
2016-12-07 14:00:00.000,2016,12,7,14,04005KT,14,09
2016-12-07 15:00:00.000,2016,12,7,15,04004KT,16,09
2016-12-07 16:00:00.000,2016,12,7,16,07008KT,17,08
2016-12-07 17:00:00.000,2016,12,7,17,VRB02KT,18,08
2016-12-07 18:00:00.000,2016,12,7,18,06007KT,18,07
2016-12-07 19:00:00.000,2016,12,7,19,12007KT,19,08
2016-12-07 20:00:00.000,2016,12,7,20,14014KT,19,08
2016-12-07 21:00:00.000,2016,12,7,21,11005KT,19,07
2016-12-07 22:00:00.000,2016,12,7,22,13006KT,18,06
2016-12-07 23:00:00.000,2016,12,7,23,02007KT,16,08
2016-12-08 00:00:00.000,2016,12,8,0,09004KT,15,08
2016-12-08 01:00:00.000,2016,12,8,1,31004KT,13,09
2016-12-08 02:00:00.000,2016,12,8,2,02004KT,13,10
2016-12-08 03:00:00.000,2016,12,8,3,VRB02KT,11,09
2016-12-08 04:00:00.000,2016,12,8,4,02004KT,11,09
2016-12-08 05:00:00.000,2016,12,8,5,04004KT,10,09
2016-12-08 06:00:00.000,2016,12,8,6,VRB02KT,09,08
2016-12-08 07:00:00.000,2016,12,8,7,02003KT,09,08
2016-12-08 08:00:00.000,2016,12,8,8,31003KT,09,08
2016-12-08 09:00:00.000,2016,12,8,9,VRB02KT,09,08
2016-12-08 10:00:00.000,2016,12,8,10,36003KT,09,08
2016-12-08 11:00:00.000,2016,12,8,11,05005KT,08,07
2016-12-08 12:00:00.000,2016,12,8,12,01004KT,11,09
2016-12-08 13:00:00.000,2016,12,8,13,09004KT,14,10
2016-12-08 14:00:00.000,2016,12,8,14,VRB04KT,16,08
2016-12-08 15:00:00.000,2016,12,8,15,03004KT,17,08
2016-12-08 16:00:00.000,2016,12,8,16,06007KT,17,08
2016-12-08 17:00:00.000,2016,12,8,17,10005KT,18,08
2016-12-08 18:00:00.000,2016,12,8,18,09004KT,19,07
2016-12-08 19:00:00.000,2016,12,8,19,32005KT,18,07
2016-12-08 20:00:00.000,2016,12,8,20,26009KT,16,12
2016-12-08 21:00:00.000,2016,12,8,21,26005KT,16,12
2016-12-08 22:00:00.000,2016,12,8,22,26007KT,15,11
2016-12-08 23:00:00.000,2016,12,8,23,26008KT,13,11
2016-12-09 00:00:00.000,2016,12,9,0,VRBV02KT,13,11
2016-12-09 01:00:00.000,2016,12,9,1,26004KT,13,11
2016-12-09 02:00:00.000,2016,12,9,2,VRB02KT,13,11
2016-12-09 03:00:00.000,2016,12,9,3,VRB02KT,12,11
2016-12-09 04:00:00.000,2016,12,9,4,07003KT,12,11
2016-12-09 05:00:00.000,2016,12,9,5,31003KT,12,11
2016-12-09 06:00:00.000,2016,12,9,6,VRB02KT,11,10
2016-12-09 07:00:00.000,2016,12,9,7,VRB02KT,11,10
2016-12-09 08:00:00.000,2016,12,9,8,VRB02KT,11,10
2016-12-09 09:00:00.000,2016,12,9,9,VRB02KT,11,10
2016-12-09 10:00:00.000,2016,12,9,10,VRB02KT,11,10
2016-12-09 11:00:00.000,2016,12,9,11,VRB02KT,11,10
2016-12-09 12:00:00.000,2016,12,9,12,VRB02KT,11,10
2016-12-09 13:00:00.000,2016,12,9,13,VRB02KT,15,11
2016-12-09 13:30:00.000,2016,12,9,13,VRB02KT,14,11
2016-12-09 14:00:00.000,2016,12,9,14,VRB02KT,17,11
2016-12-09 15:00:00.000,2016,12,9,15,VRB02KT,17,10
2016-12-09 16:00:00.000,2016,12,9,16,30003KT,19,09
2016-12-09 17:00:00.000,2016,12,9,17,32004KT,20,09
2016-12-09 18:00:00.000,2016,12,9,18,26015G25KT,18,12
2016-12-09 19:00:00.000,2016,12,9,19,24012KT,18,11
2016-12-09 19:05:00.000,2016,12,9,19,24012KT,19,13
2016-12-09 20:00:00.000,2016,12,9,20,27009KT,17,11
2016-12-09 20:25:00.000,2016,12,9,20,34010KT,14,13
2016-12-09 21:00:00.000,2016,12,9,21,33004KT,13,11
2016-12-09 21:25:00.000,2016,12,9,21,28007KT,13,12
2016-12-09 22:00:00.000,2016,12,9,22,21004KT,14,12
2016-12-09 23:00:00.000,2016,12,9,23,VRB02KT,13,12
2016-12-10 00:00:00.000,2016,12,10,0,25004KT,14,11
2016-12-10 01:00:00.000,2016,12,10,1,24003KT,14,12
2016-12-10 02:00:00.000,2016,12,10,2,24005KT,14,12
2016-12-10 03:00:00.000,2016,12,10,3,24007KT,13,11
2016-12-10 03:10:00.000,2016,12,10,3,22004KT,13,11
2016-12-10 04:00:00.000,2016,12,10,4,22003KT,12,11
2016-12-10 04:26:00.000,2016,12,10,4,29004KT,12,11
2016-12-10 05:00:00.000,2016,12,10,5,VRB02KT,12,11
2016-12-10 06:00:00.000,2016,12,10,6,34006KT,12,11
2016-12-10 07:00:00.000,2016,12,10,7,36003KT,11,10
2016-12-10 08:00:00.000,2016,12,10,8,07005KT,11,10
2016-12-10 09:00:00.000,2016,12,10,9,05005KT,10,09
2016-12-10 10:00:00.000,2016,12,10,10,00000KT,11,10
2016-12-10 10:30:00.000,2016,12,10,10,VRB02KT,11,10
2016-12-10 11:00:00.000,2016,12,10,11,09003KT,11,10
2016-12-10 12:00:00.000,2016,12,10,12,05006KT,13,10
2016-12-10 13:00:00.000,2016,12,10,13,01005KT,15,10
2016-12-10 14:00:00.000,2016,12,10,14,06006KT,17,10
2016-12-10 15:00:00.000,2016,12,10,15,09008KT,18,07
2016-12-10 16:00:00.000,2016,12,10,16,04007KT,17,09
2016-12-10 17:00:00.000,2016,12,10,17,10007KT,19,09
2016-12-10 18:00:00.000,2016,12,10,18,10013KT,19,09
2016-12-10 19:00:00.000,2016,12,10,19,12012KT,19,10
2016-12-10 20:00:00.000,2016,12,10,20,08011KT,19,07
2016-12-10 21:00:00.000,2016,12,10,21,12012KT,18,07
2016-12-10 22:00:00.000,2016,12,10,22,12010KT,18,08
2016-12-10 23:00:00.000,2016,12,10,23,10012KT,16,09
2016-12-11 00:00:00.000,2016,12,11,0,09008KT,14,09
2016-12-11 01:00:00.000,2016,12,11,1,07008KT,14,09
2016-12-11 02:00:00.000,2016,12,11,2,05010KT,12,08
2016-12-11 03:00:00.000,2016,12,11,3,06007KT,12,08
2016-12-11 04:00:00.000,2016,12,11,4,04004KT,11,08
2016-12-11 05:00:00.000,2016,12,11,5,04004KT,11,08
2016-12-11 06:00:00.000,2016,12,11,6,06005KT,09,07
2016-12-11 07:00:00.000,2016,12,11,7,33003KT,08,06
2016-12-11 08:00:00.000,2016,12,11,8,VRB02KT,07,06
2016-12-11 09:00:00.000,2016,12,11,9,VRB02KT,07,06
2016-12-11 10:00:00.000,2016,12,11,10,VRB02KT,07,06
2016-12-11 11:00:00.000,2016,12,11,11,04005KT,07,06
2016-12-11 12:00:00.000,2016,12,11,12,VRB02KT,09,07
2016-12-11 13:00:00.000,2016,12,11,13,07004KT,13,07
2016-12-11 14:00:00.000,2016,12,11,14,04003KT,16,08
2016-12-11 15:00:00.000,2016,12,11,15,04005KT,18,07
2016-12-11 16:00:00.000,2016,12,11,16,12010KT,20,05
2016-12-11 17:00:00.000,2016,12,11,17,13011KT,20,04
2016-12-11 18:00:00.000,2016,12,11,18,13012KT,18,06
2016-12-11 19:00:00.000,2016,12,11,19,16010KT,20,06
2016-12-11 20:00:00.000,2016,12,11,20,14014KT,18,07
2016-12-11 21:00:00.000,2016,12,11,21,16012KT,18,06
2016-12-11 22:00:00.000,2016,12,11,22,13007KT,17,06
2016-12-11 23:00:00.000,2016,12,11,23,12006KT,16,06
2016-12-12 00:00:00.000,2016,12,12,0,09005KT,14,06
2016-12-12 01:00:00.000,2016,12,12,1,07007KT,13,06
2016-12-12 02:00:00.000,2016,12,12,2,VRB02KT,12,06
2016-12-12 03:00:00.000,2016,12,12,3,VRB02KT,11,07
2016-12-12 04:00:00.000,2016,12,12,4,06004KT,11,07
2016-12-12 05:00:00.000,2016,12,12,5,VRB02KT,09,06
2016-12-12 06:00:00.000,2016,12,12,6,VRB02KT,10,07
2016-12-12 07:00:00.000,2016,12,12,7,06006KT,09,07
2016-12-12 08:00:00.000,2016,12,12,8,02005KT,09,07
2016-12-12 09:00:00.000,2016,12,12,9,05004KT,09,07
2016-12-12 10:00:00.000,2016,12,12,10,06005KT,09,07
2016-12-12 11:00:00.000,2016,12,12,11,08004KT,09,07
2016-12-12 12:00:00.000,2016,12,12,12,03004KT,10,08
2016-12-12 13:00:00.000,2016,12,12,13,05006KT,13,08
2016-12-12 14:00:00.000,2016,12,12,14,VRB02KT,16,07
2016-12-12 15:00:00.000,2016,12,12,15,06006KT,16,07
2016-12-12 16:00:00.000,2016,12,12,16,12007KT,18,07
2016-12-12 17:00:00.000,2016,12,12,17,10007KT,18,06
2016-12-12 18:00:00.000,2016,12,12,18,12008KT,19,07
2016-12-12 19:00:00.000,2016,12,12,19,10007KT,19,07
2016-12-12 20:00:00.000,2016,12,12,20,11006KT,19,08
2016-12-12 21:00:00.000,2016,12,12,21,13009KT,18,07
2016-12-12 22:00:00.000,2016,12,12,22,13005KT,17,06
2016-12-12 23:00:00.000,2016,12,12,23,32005KT,14,11
2016-12-13 00:00:00.000,2016,12,13,0,31004KT,12,09
2016-12-13 01:00:00.000,2016,12,13,1,36003KT,10,08
2016-12-13 02:00:00.000,2016,12,13,2,VRB02KT,10,08
2016-12-13 03:00:00.000,2016,12,13,3,VRB02KT,09,07
2016-12-13 04:00:00.000,2016,12,13,4,VRB02KT,09,07
2016-12-13 05:00:00.000,2016,12,13,5,00000KT,09,07
2016-12-13 06:00:00.000,2016,12,13,6,29005KT,09,07
2016-12-13 07:00:00.000,2016,12,13,7,04003KT,07,06
2016-12-13 08:00:00.000,2016,12,13,8,00000KT,06,05
2016-12-13 09:00:00.000,2016,12,13,9,VRB02KT,05,04
2016-12-13 10:00:00.000,2016,12,13,10,32003KT,05,05
2016-12-13 11:00:00.000,2016,12,13,11,VRB02KT,05,05
2016-12-13 12:00:00.000,2016,12,13,12,VRB02KT,07,06
2016-12-13 13:00:00.000,2016,12,13,13,02004KT,10,09
2016-12-13 14:00:00.000,2016,12,13,14,02004KT,13,09
2016-12-13 14:32:00.000,2016,12,13,14,36004KT,15,08
2016-12-13 15:00:00.000,2016,12,13,15,01004KT,16,08
2016-12-13 16:00:00.000,2016,12,13,16,03006KT,17,08
2016-12-13 17:00:00.000,2016,12,13,17,05006KT,17,08
2016-12-13 18:00:00.000,2016,12,13,18,06008KT,18,08
2016-12-13 19:00:00.000,2016,12,13,19,07010KT,18,08
2016-12-13 20:00:00.000,2016,12,13,20,06010KT,17,09
2016-12-13 21:00:00.000,2016,12,13,21,11008KT,18,07
2016-12-13 22:00:00.000,2016,12,13,22,VRB02KT,17,09
2016-12-13 23:00:00.000,2016,12,13,23,VRB04KT,15,10
2016-12-14 00:00:00.000,2016,12,14,0,VRB02KT,14,08
2016-12-14 01:00:00.000,2016,12,14,1,02003KT,13,08
2016-12-14 02:00:00.000,2016,12,14,2,VRB02KT,11,08
2016-12-14 03:00:00.000,2016,12,14,3,VRB02KT,10,08
2016-12-14 04:00:00.000,2016,12,14,4,VRB02KT,08,07
2016-12-14 05:00:00.000,2016,12,14,5,VRB02KT,08,07
2016-12-14 06:00:00.000,2016,12,14,6,VRB02KT,06,06
2016-12-14 07:00:00.000,2016,12,14,7,VRB02KT,05,05
2016-12-14 08:00:00.000,2016,12,14,8,32004KT,05,04
2016-12-14 09:00:00.000,2016,12,14,9,VRB02KT,04,03
2016-12-14 10:00:00.000,2016,12,14,10,VRB02KT,04,04
2016-12-14 10:30:00.000,2016,12,14,10,VRB02KT,02,02
2016-12-14 11:00:00.000,2016,12,14,11,VRB02KT,03,03
2016-12-14 11:30:00.000,2016,12,14,11,02003KT,40,04
2016-12-14 12:00:00.000,2016,12,14,12,34004KT,05,04
2016-12-14 12:30:00.000,2016,12,14,12,VRB02KT,06,06
2016-12-14 13:00:00.000,2016,12,14,13,03005KT,07,06
2016-12-14 13:10:00.000,2016,12,14,13,03003KT,09,08
2016-12-14 14:00:00.000,2016,12,14,14,02003KT,13,12
2016-12-14 15:00:00.000,2016,12,14,15,33003KT,17,06
2016-12-14 16:00:00.000,2016,12,14,16,31005KT,19,07
2016-12-14 16:30:00.000,2016,12,14,16,03006KT,20,06
2016-12-14 17:00:00.000,2016,12,14,17,02008KT,21,07
2016-12-14 18:00:00.000,2016,12,14,18,02004KT,21,06
2016-12-14 19:00:00.000,2016,12,14,19,05008KT,21,07
2016-12-14 20:00:00.000,2016,12,14,20,28012KT,18,12
2016-12-14 21:00:00.000,2016,12,14,21,30010KT,18,12
2016-12-14 21:14:00.000,2016,12,14,21,27010KT,18,12
2016-12-14 22:00:00.000,2016,12,14,22,27008KT,17,13
2016-12-14 23:00:00.000,2016,12,14,23,29006KT,16,12
2016-12-15 00:00:00.000,2016,12,15,0,27005KT,14,12
2016-12-15 01:00:00.000,2016,12,15,1,28004KT,13,12
2016-12-15 02:00:00.000,2016,12,15,2,VRB02KT,12,11
2016-12-15 03:00:00.000,2016,12,15,3,29003KT,12,10
2016-12-15 04:00:00.000,2016,12,15,4,VRB02KT,10,09
2016-12-15 04:40:00.000,2016,12,15,4,05004KT,12,11
2016-12-15 05:00:00.000,2016,12,15,5,02004KT,12,11
2016-12-15 06:00:00.000,2016,12,15,6,VRB02KT,10,09
2016-12-15 07:00:00.000,2016,12,15,7,VRB02KT,09,08
2016-12-15 08:00:00.000,2016,12,15,8,VRB02KT,09,08
2016-12-15 09:00:00.000,2016,12,15,9,VRB02KT,08,08
2016-12-15 10:00:00.000,2016,12,15,10,VRB02KT,09,08
2016-12-15 10:30:00.000,2016,12,15,10,35003KT,09,08
2016-12-15 11:00:00.000,2016,12,15,11,VRB02KT,08,08
2016-12-15 12:00:00.000,2016,12,15,12,33004KT,10,09
2016-12-15 13:00:00.000,2016,12,15,13,06005KT,15,11
2016-12-15 14:00:00.000,2016,12,15,14,06004KT,17,07
2016-12-15 15:00:00.000,2016,12,15,15,07006KT,19,06
2016-12-15 16:00:00.000,2016,12,15,16,03006KT,19,05
2016-12-15 17:00:00.000,2016,12,15,17,03008KT,21,07
2016-12-15 18:00:00.000,2016,12,15,18,04006KT,21,05
2016-12-15 19:00:00.000,2016,12,15,19,30006KT,21,12
2016-12-15 20:00:00.000,2016,12,15,20,26015KT,18,12
2016-12-15 21:00:00.000,2016,12,15,21,30009KT,18,12
2016-12-15 22:00:00.000,2016,12,15,22,26011KT,16,12
2016-12-15 23:00:00.000,2016,12,15,23,24005KT,15,11
2016-12-16 00:00:00.000,2016,12,16,0,VRB02KT,15,11
2016-12-16 01:00:00.000,2016,12,16,1,25003KT,15,11
2016-12-16 02:00:00.000,2016,12,16,2,VRB02KT,14,11
2016-12-16 03:00:00.000,2016,12,16,3,VRB02KT,12,10
2016-12-16 04:00:00.000,2016,12,16,4,VRB02KT,12,11
2016-12-16 05:00:00.000,2016,12,16,5,29004KT,13,11
2016-12-16 06:00:00.000,2016,12,16,6,VRB02KT,13,11
2016-12-16 07:00:00.000,2016,12,16,7,VRB02KT,12,11
2016-12-16 08:00:00.000,2016,12,16,8,VRB02KT,09,08
2016-12-16 09:00:00.000,2016,12,16,9,VRB02KT,09,09
2016-12-16 10:00:00.000,2016,12,16,10,VRB02KT,07,07
2016-12-16 10:30:00.000,2016,12,16,10,VRB02KT,09,08
2016-12-16 11:00:00.000,2016,12,16,11,24003KT,08,07
2016-12-16 11:04:00.000,2016,12,16,11,29003KT,09,08
2016-12-16 11:19:00.000,2016,12,16,11,33003KT,05,05
2016-12-16 11:31:00.000,2016,12,16,11,VRB02KT,06,05
2016-12-16 12:00:00.000,2016,12,16,12,02003KT,09,08
2016-12-16 12:10:00.000,2016,12,16,12,VRB02KT,09,08
2016-12-16 12:26:00.000,2016,12,16,12,VRB02KT,11,10
2016-12-16 13:00:00.000,2016,12,16,13,02003KT,13,12
2016-12-16 14:00:00.000,2016,12,16,14,05003KT,17,10
2016-12-16 14:34:00.000,2016,12,16,14,VRB02KT,15,10
2016-12-16 15:00:00.000,2016,12,16,15,30003KT,19,09
2016-12-16 16:00:00.000,2016,12,16,16,VRB02KT,19,08
2016-12-16 17:00:00.000,2016,12,16,17,27005KT,19,09
2016-12-16 18:00:00.000,2016,12,16,18,22012KT,18,11
2016-12-16 19:00:00.000,2016,12,16,19,29010KT,17,11
2016-12-16 21:00:00.000,2016,12,16,21,28012KT,18,12
2016-12-16 22:00:00.000,2016,12,16,22,26011KT,18,12
2016-12-16 23:00:00.000,2016,12,16,23,26006KT,15,11
2016-12-17 00:00:00.000,2016,12,17,0,VRB02KT,13,11
2016-12-17 01:00:00.000,2016,12,17,1,VRB02KT,13,11
2016-12-17 02:00:00.000,2016,12,17,2,28004KT,13,10
2016-12-17 03:00:00.000,2016,12,17,3,VRB02KT,11,10
2016-12-17 04:00:00.000,2016,12,17,4,VRB02KT,13,10
2016-12-17 05:00:00.000,2016,12,17,5,VRB02KT,13,11
2016-12-17 06:00:00.000,2016,12,17,6,VRB02KT,12,11
2016-12-17 07:00:00.000,2016,12,17,7,VRB02KT,12,10
2016-12-17 08:00:00.000,2016,12,17,8,VRB02KT,11,10
2016-12-17 09:00:00.000,2016,12,17,9,VRB02KT,09,08
2016-12-17 10:00:00.000,2016,12,17,10,01004KT,10,09
2016-12-17 11:00:00.000,2016,12,17,11,08004KT,11,09
2016-12-17 12:00:00.000,2016,12,17,12,02005KT,11,10
2016-12-17 13:00:00.000,2016,12,17,13,34004KT,15,10
2016-12-17 14:00:00.000,2016,12,17,14,05005KT,16,09
2016-12-17 15:00:00.000,2016,12,17,15,04006KT,18,09
2016-12-17 16:00:00.000,2016,12,17,16,06005KT,19,08
2016-12-17 17:00:00.000,2016,12,17,17,04008KT,20,09
2016-12-17 18:00:00.000,2016,12,17,18,27013KT,20,09
2016-12-17 19:00:00.000,2016,12,17,19,28013KT,19,11
2016-12-17 20:00:00.000,2016,12,17,20,26012KT,18,09
2016-12-17 21:00:00.000,2016,12,17,21,28010KT,17,10
2016-12-17 22:00:00.000,2016,12,17,22,28010KT,16,10
2016-12-17 23:00:00.000,2016,12,17,23,26008KT,15,11
2016-12-18 00:00:00.000,2016,12,18,0,31004KT,14,10
2016-12-18 01:00:00.000,2016,12,18,1,31003KT,13,10
2016-12-18 02:00:00.000,2016,12,18,2,32003KT,12,10
2016-12-18 03:00:00.000,2016,12,18,3,33003KT,12,10
2016-12-18 04:00:00.000,2016,12,18,4,32003KT,10,09
2016-12-18 05:00:00.000,2016,12,18,5,29004KT,12,11
2016-12-18 06:00:00.000,2016,12,18,6,03003KT,11,10
2016-12-18 07:00:00.000,2016,12,18,7,VRB02KT,12,11
2016-12-18 08:00:00.000,2016,12,18,8,VRB02KT,11,10
2016-12-18 09:00:00.000,2016,12,18,9,03004KT,10,09
2016-12-18 10:00:00.000,2016,12,18,10,02003KT,10,09
2016-12-18 11:00:00.000,2016,12,18,11,07004KT,09,08
2016-12-18 12:00:00.000,2016,12,18,12,06007KT,11,09
2016-12-18 13:00:00.000,2016,12,18,13,07008KT,14,09
2016-12-18 14:00:00.000,2016,12,18,14,11007KT,17,06
2016-12-18 15:00:00.000,2016,12,18,15,13011KT,19,07
2016-12-18 16:00:00.000,2016,12,18,16,14009KT,19,07
2016-12-18 17:00:00.000,2016,12,18,17,15010KT,21,06
2016-12-18 18:00:00.000,2016,12,18,18,10008KT,21,07
2016-12-18 19:00:00.000,2016,12,18,19,19010KT,21,05
2016-12-18 20:00:00.000,2016,12,18,20,24010KT,20,11
2016-12-18 21:00:00.000,2016,12,18,21,28014KT,19,11
2016-12-18 22:00:00.000,2016,12,18,22,28010KT,17,12
2016-12-18 23:00:00.000,2016,12,18,23,28005KT,15,12
2016-12-19 00:00:00.000,2016,12,19,0,25004KT,15,12
2016-12-19 01:00:00.000,2016,12,19,1,24006KT,15,12
2016-12-19 02:00:00.000,2016,12,19,2,34004KT,14,11
2016-12-19 03:00:00.000,2016,12,19,3,04004KT,13,11
2016-12-19 04:00:00.000,2016,12,19,4,02005KT,13,10
2016-12-19 05:00:00.000,2016,12,19,5,04004KT,10,08
2016-12-19 06:00:00.000,2016,12,19,6,VRB02KT,10,08
2016-12-19 08:00:00.000,2016,12,19,8,VRB02KT,08,07
2016-12-19 09:00:00.000,2016,12,19,9,VRB02KT,07,07
2016-12-19 10:00:00.000,2016,12,19,10,29003KT,05,05
2016-12-19 11:00:00.000,2016,12,19,11,34004KT,04,04
2016-12-19 12:00:00.000,2016,12,19,12,35003KT,06,05
2016-12-19 13:00:00.000,2016,12,19,13,05004KT,10,09
2016-12-19 14:00:00.000,2016,12,19,14,05003KT,14,09
2016-12-19 15:00:00.000,2016,12,19,15,31003KT,17,08
2016-12-19 16:00:00.000,2016,12,19,16,VRB02KT,19,07
2016-12-19 17:00:00.000,2016,12,19,17,32004KT,20,06
2016-12-19 18:00:00.000,2016,12,19,18,29009KT,21,09
2016-12-19 19:00:00.000,2016,12,19,19,28015KT,20,10
2016-12-19 20:00:00.000,2016,12,19,20,24010KT,19,10
2016-12-19 21:00:00.000,2016,12,19,21,23011KT,18,10
2016-12-19 22:00:00.000,2016,12,19,22,28007KT,17,10
2016-12-19 23:00:00.000,2016,12,19,23,26005KT,15,11
2016-12-20 00:00:00.000,2016,12,20,0,25006KT,13,11
2016-12-20 01:00:00.000,2016,12,20,1,24003KT,13,10
2016-12-20 02:00:00.000,2016,12,20,2,22007KT,12,10
2016-12-20 03:00:00.000,2016,12,20,3,30003KT,11,10
2016-12-20 04:00:00.000,2016,12,20,4,29004KT,12,10
2016-12-20 05:00:00.000,2016,12,20,5,VRB02KT,12,10
2016-12-20 06:00:00.000,2016,12,20,6,VRB02KT,11,09
2016-12-20 07:00:00.000,2016,12,20,7,30003KT,10,09
2016-12-20 08:00:00.000,2016,12,20,8,VRB02KT,09,08
2016-12-20 09:00:00.000,2016,12,20,9,30004KT,08,08
2016-12-20 10:00:00.000,2016,12,20,10,VRB02KT,09,08
2016-12-20 10:30:00.000,2016,12,20,10,33003KT,09,09
2016-12-20 11:00:00.000,2016,12,20,11,36003KT,09,08
2016-12-20 12:00:00.000,2016,12,20,12,03003KT,11,10
2016-12-20 13:00:00.000,2016,12,20,13,35003KT,13,10
2016-12-20 14:00:00.000,2016,12,20,14,04005KT,15,11
2016-12-20 15:00:00.000,2016,12,20,15,04006KT,17,09
2016-12-20 16:00:00.000,2016,12,20,16,03008KT,18,08
2016-12-20 17:00:00.000,2016,12,20,17,08005KT,19,08
2016-12-20 18:00:00.000,2016,12,20,18,21010KT,18,11
2016-12-20 19:00:00.000,2016,12,20,19,24007KT,18,12
2016-12-20 20:00:00.000,2016,12,20,20,23010KT,18,12
2016-12-20 21:00:00.000,2016,12,20,21,26008KT,17,12
2016-12-20 22:00:00.000,2016,12,20,22,27008KT,15,12
2016-12-20 23:00:00.000,2016,12,20,23,24005KT,14,12
2016-12-21 00:00:00.000,2016,12,21,0,28005KT,13,11
2016-12-21 01:00:00.000,2016,12,21,1,26004KT,13,11
2016-12-21 02:00:00.000,2016,12,21,2,VRB02KT,13,11
2016-12-21 03:00:00.000,2016,12,21,3,34004KT,11,10
2016-12-21 04:00:00.000,2016,12,21,4,VRB02KT,12,11
2016-12-21 05:00:00.000,2016,12,21,5,30003KT,12,11
2016-12-21 06:00:00.000,2016,12,21,6,VRB02KT,12,11
2016-12-21 07:00:00.000,2016,12,21,7,05003KT,12,11
2016-12-21 08:00:00.000,2016,12,21,8,VRB02KT,12,11
2016-12-21 09:00:00.000,2016,12,21,9,VRB02KT,11,10
2016-12-21 10:00:00.000,2016,12,21,10,VRB02KT,11,10
2016-12-21 11:00:00.000,2016,12,21,11,VRB02KT,11,10
2016-12-21 11:00:00.000,2016,12,21,11,34004KT,11,10
2016-12-21 12:00:00.000,2016,12,21,12,36003KT,12,11
2016-12-21 13:00:00.000,2016,12,21,13,VRB02KT,13,12
2016-12-21 13:15:00.000,2016,12,21,13,VRB02KT,13,12
2016-12-21 14:00:00.000,2016,12,21,14,VRB02KT,14,12
2016-12-21 15:00:00.000,2016,12,21,15,VRB02KT,15,11
2016-12-21 16:00:00.000,2016,12,21,16,VRB02KT,16,11
2016-12-21 17:00:00.000,2016,12,21,17,30004KT,16,12
2016-12-21 18:00:00.000,2016,12,21,18,21004KT,16,11
2016-12-21 19:00:00.000,2016,12,21,19,26006KT,17,10
2016-12-21 20:00:00.000,2016,12,21,20,26012KT,15,11
2016-12-21 21:00:00.000,2016,12,21,21,29007KT,15,11
2016-12-21 22:00:00.000,2016,12,21,22,28007KT,14,11
2016-12-21 23:00:00.000,2016,12,21,23,32004KT,13,12
2016-12-22 00:00:00.000,2016,12,22,0,34004KT,13,12
2016-12-22 00:20:00.000,2016,12,22,0,32004KT,13,12
2016-12-22 01:00:00.000,2016,12,22,1,31004KT,12,11
2016-12-22 02:00:00.000,2016,12,22,2,VRB02KT,12,11
2016-12-22 03:00:00.000,2016,12,22,3,VRB02KT,12,11
2016-12-22 04:00:00.000,2016,12,22,4,VRB02KT,12,11
2016-12-22 05:00:00.000,2016,12,22,5,VRB02KT,12,11
2016-12-22 06:00:00.000,2016,12,22,6,03004KT,11,10
2016-12-22 07:00:00.000,2016,12,22,7,VRB02KT,11,11
2016-12-22 08:00:00.000,2016,12,22,8,VRB02KT,11,10
2016-12-22 09:00:00.000,2016,12,22,9,VRB02KT,11,10
2016-12-22 10:00:00.000,2016,12,22,10,VRB02KT,11,10
2016-12-22 10:30:00.000,2016,12,22,10,VRB02KT,11,10
2016-12-22 11:00:00.000,2016,12,22,11,02003KT,11,10
2016-12-22 12:00:00.000,2016,12,22,12,VRB02KT,11,11
2016-12-22 13:00:00.000,2016,12,22,13,04004KT,13,11
2016-12-22 14:00:00.000,2016,12,22,14,01004KT,15,12
2016-12-22 15:00:00.000,2016,12,22,15,VRB02KT,17,10
2016-12-22 16:00:00.000,2016,12,22,16,35004KT,18,10
2016-12-22 17:00:00.000,2016,12,22,17,VRB02KT,20,10
2016-12-22 17:30:00.000,2016,12,22,17,30013KT,18,11
2016-12-22 18:00:00.000,2016,12,22,18,31014KT,16,11
2016-12-22 18:15:00.000,2016,12,22,18,35006KT,17,12
2016-12-22 19:00:00.000,2016,12,22,19,31008KT,18,12
2016-12-22 20:00:00.000,2016,12,22,20,27012KT,20,11
2016-12-22 21:00:00.000,2016,12,22,21,29011KT,16,11
2016-12-22 22:00:00.000,2016,12,22,22,28006KT,16,11
2016-12-22 23:00:00.000,2016,12,22,23,30004KT,13,11
2016-12-23 01:00:00.000,2016,12,23,1,29006KT,13,10
2016-12-23 02:00:00.000,2016,12,23,2,30003KT,11,09
2016-12-23 03:00:00.000,2016,12,23,3,VRB02KT,12,10
2016-12-23 04:00:00.000,2016,12,23,4,00000KT,11,09
2016-12-23 05:00:00.000,2016,12,23,5,04004KT,11,10
2016-12-23 06:00:00.000,2016,12,23,6,VRB02KT,11,10
2016-12-23 07:00:00.000,2016,12,23,7,VRB02KT,12,10
2016-12-23 08:00:00.000,2016,12,23,8,00000KT,120,10
2016-12-23 09:00:00.000,2016,12,23,9,00000KT,11,10
2016-12-23 10:00:00.000,2016,12,23,10,VRB02KT,12,10
2016-12-23 11:00:00.000,2016,12,23,11,04006KT,11,10
2016-12-23 11:00:00.000,2016,12,23,11,05007KT,12,10
2016-12-23 12:00:00.000,2016,12,23,12,02003KT,12,10
2016-12-23 14:00:00.000,2016,12,23,14,05005KT,14,10
2016-12-23 15:00:00.000,2016,12,23,15,28004KT,16,09
2016-12-23 17:00:00.000,2016,12,23,17,28010KT,18,09
2016-12-23 18:00:00.000,2016,12,23,18,22011KT,16,11
2016-12-23 18:07:00.000,2016,12,23,18,21008KT,15,12
2016-12-23 18:26:00.000,2016,12,23,18,16011KT,14,11
2016-12-23 19:00:00.000,2016,12,23,19,29004KT,13,10
2016-12-23 20:00:00.000,2016,12,23,20,28006KT,14,10
2016-12-23 21:00:00.000,2016,12,23,21,30006KT,15,10
2016-12-23 22:00:00.000,2016,12,23,22,23005KT,16,12
2016-12-23 23:00:00.000,2016,12,23,23,34004KT,13,11
2016-12-24 00:00:00.000,2016,12,24,0,VRB02KT,14,12
2016-12-24 01:00:00.000,2016,12,24,1,35003KT,14,12
2016-12-24 02:00:00.000,2016,12,24,2,06003KT,14,12
2016-12-24 03:00:00.000,2016,12,24,3,33003KT,13,11
2016-12-24 04:00:00.000,2016,12,24,4,03003KT,13,11
2016-12-24 05:00:00.000,2016,12,24,5,31003KT,13,11
2016-12-24 06:00:00.000,2016,12,24,6,VRB02KT,12,11
2016-12-24 07:00:00.000,2016,12,24,7,03004KT,12,11
2016-12-24 08:00:00.000,2016,12,24,8,06005KT,11,10
2016-12-24 09:00:00.000,2016,12,24,9,34003KT,11,10
2016-12-24 10:00:00.000,2016,12,24,10,07003KT,10,09
2016-12-24 10:30:00.000,2016,12,24,10,33003KT,09,08
2016-12-24 11:00:00.000,2016,12,24,11,VRB02KT,09,08
2016-12-24 12:00:00.000,2016,12,24,12,VRB02KT,09,09
2016-12-24 13:00:00.000,2016,12,24,13,25006KT,13,10
2016-12-24 14:00:00.000,2016,12,24,14,04006KT,15,10
2016-12-24 15:00:00.000,2016,12,24,15,12007KT,16,08
2016-12-24 16:00:00.000,2016,12,24,16,12006KT,17,08
2016-12-24 17:00:00.000,2016,12,24,17,10006KT,18,07
2016-12-24 18:00:00.000,2016,12,24,18,04008KT,18,08
2016-12-24 19:00:00.000,2016,12,24,19,13008KT,19,06
2016-12-24 20:00:00.000,2016,12,24,20,07006KT,20,08
2016-12-24 21:00:00.000,2016,12,24,21,08004KT,19,07
2016-12-24 22:00:00.000,2016,12,24,22,07004KT,17,08
2016-12-24 23:00:00.000,2016,12,24,23,24007KT,16,11
2016-12-25 00:00:00.000,2016,12,25,0,31004KT,14,12
2016-12-25 01:00:00.000,2016,12,25,1,34003KT,13,12
2016-12-25 02:00:00.000,2016,12,25,2,VRB02KT,12,09
2016-12-25 03:00:00.000,2016,12,25,3,VRB02KT,11,09
2016-12-25 04:00:00.000,2016,12,25,4,VRB02KT,11,10
2016-12-25 05:00:00.000,2016,12,25,5,33005KT,09,08
2016-12-25 06:00:00.000,2016,12,25,6,VRB02KT,08,08
2016-12-25 10:30:00.000,2016,12,25,10,VRB02KT,07,06
2016-12-25 11:00:00.000,2016,12,25,11,VRB02KT,06,05
2016-12-25 12:00:00.000,2016,12,25,12,VRB02KT,08,08
2016-12-25 12:20:00.000,2016,12,25,12,VRB02KT,11,11
2016-12-25 13:00:00.000,2016,12,25,13,05005KT,13,11
2016-12-25 14:00:00.000,2016,12,25,14,VRB03KT,16,11
2016-12-25 15:00:00.000,2016,12,25,15,02004KT,17,09
2016-12-25 16:00:00.000,2016,12,25,16,04006KT,18,08
2016-12-25 17:00:00.000,2016,12,25,17,12007KT,19,08
2016-12-25 18:00:00.000,2016,12,25,18,13012KT,20,08
2016-12-25 19:00:00.000,2016,12,25,19,06008KT,21,07
2016-12-25 20:00:00.000,2016,12,25,20,10008KT,20,07
2016-12-25 21:00:00.000,2016,12,25,21,27012KT,18,12
2016-12-25 22:00:00.000,2016,12,25,22,27012KT,17,12
2016-12-25 23:00:00.000,2016,12,25,23,27008KT,15,12
2016-12-26 00:00:00.000,2016,12,26,0,30003KT,14,12
2016-12-26 01:00:00.000,2016,12,26,1,32004KT,13,11
2016-12-26 02:00:00.000,2016,12,26,2,34004KT,13,11
2016-12-26 03:00:00.000,2016,12,26,3,29004KT,13,12
2016-12-26 04:00:00.000,2016,12,26,4,32004KT,13,11
2016-12-26 05:00:00.000,2016,12,26,5,29004KT,12,11
2016-12-26 06:00:00.000,2016,12,26,6,VRB02KT,12,11
2016-12-26 08:00:00.000,2016,12,26,8,VRB02KT,12,11
2016-12-26 09:00:00.000,2016,12,26,9,34003KT,12,10
2016-12-26 10:00:00.000,2016,12,26,10,VRB02KT,11,10
2016-12-26 10:30:00.000,2016,12,26,10,33003KT,10,09
2016-12-26 11:00:00.000,2016,12,26,11,01003KT,,
2016-12-26 11:10:00.000,2016,12,26,11,33004KT,08,08
2016-12-26 11:24:00.000,2016,12,26,11,VRB02T,09,09
2016-12-26 12:00:00.000,2016,12,26,12,VRB02KT,10,09
2016-12-26 12:18:00.000,2016,12,26,12,18003KT,12,11
2016-12-26 13:00:00.000,2016,12,26,13,35003KT,12,12
2016-12-26 14:00:00.000,2016,12,26,14,06003KT,16,11
2016-12-26 15:00:00.000,2016,12,26,15,01004KT,18,11
2016-12-26 16:00:00.000,2016,12,26,16,32004KT,20,10
2016-12-26 17:00:00.000,2016,12,26,17,04004KT,20,10
2016-12-26 18:00:00.000,2016,12,26,18,29013KT,19,10
2016-12-26 19:00:00.000,2016,12,26,19,29014KT,18,12
2016-12-26 20:00:00.000,2016,12,26,20,26010KT,18,13
2016-12-26 21:00:00.000,2016,12,26,21,29007KT,16,12
2016-12-26 22:00:00.000,2016,12,26,22,28007KT,15,13
2016-12-26 23:00:00.000,2016,12,26,23,31006KT,14,12
2016-12-27 00:00:00.000,2016,12,27,0,31004KT,14,12
2016-12-27 01:00:00.000,2016,12,27,1,30004KT,13,11
2016-12-27 02:00:00.000,2016,12,27,2,30003KT,12,11
2016-12-27 03:00:00.000,2016,12,27,3,01003KT,11,10
2016-12-27 04:00:00.000,2016,12,27,4,VRB02KT,12,11
2016-12-27 05:00:00.000,2016,12,27,5,VRB02KT,12,11
2016-12-27 06:00:00.000,2016,12,27,6,28003KT,13,12
2016-12-27 08:00:00.000,2016,12,27,8,006005KT,11,10
2016-12-27 09:00:00.000,2016,12,27,9,VRB02KT,11,10
2016-12-27 10:00:00.000,2016,12,27,10,VRB02KT,09,08
2016-12-27 11:00:00.000,2016,12,27,11,VRB02KT,11,10
2016-12-27 12:00:00.000,2016,12,27,12,04003KT,13,10
2016-12-27 13:00:00.000,2016,12,27,13,34003KT,13,10
2016-12-27 14:00:00.000,2016,12,27,14,05005KT,17,09
2016-12-27 15:00:00.000,2016,12,27,15,30004KT,19,09
2016-12-27 16:00:00.000,2016,12,27,16,25006KT,20,09
2016-12-27 17:00:00.000,2016,12,27,17,29010KT,20,10
2016-12-27 18:00:00.000,2016,12,27,18,30012KT,19,11
2016-12-27 19:00:00.000,2016,12,27,19,07010G22KT,12,08
2016-12-27 20:00:00.000,2016,12,27,20,25008KT,15,13
2016-12-27 21:00:00.000,2016,12,27,21,26007KT,17,13
2016-12-27 22:00:00.000,2016,12,27,22,30010KT,15,12
2016-12-27 23:00:00.000,2016,12,27,23,32008KT,14,12
2016-12-28 00:00:00.000,2016,12,28,0,27005KT,13,12
2016-12-28 01:00:00.000,2016,12,28,1,VRB02KT,13,12
2016-12-28 02:00:00.000,2016,12,28,2,02004KT,13,11
2016-12-28 03:00:00.000,2016,12,28,3,VRB02KT,13,11
2016-12-28 04:00:00.000,2016,12,28,4,VRB02KT,13,11
2016-12-28 06:00:00.000,2016,12,28,6,08003KT,11,10
2016-12-28 08:00:00.000,2016,12,28,8,VRB02KT,11,10
2016-12-28 09:00:00.000,2016,12,28,9,01004KT,09,08
2016-12-28 10:00:00.000,2016,12,28,10,02005KT,09,08
2016-12-28 11:00:00.000,2016,12,28,11,04006KT,09,08
2016-12-28 12:00:00.000,2016,12,28,12,06006KT,13,10
2016-12-28 13:00:00.000,2016,12,28,13,05008KT,15,10
2016-12-28 14:00:00.000,2016,12,28,14,05007KT,17,10
2016-12-28 15:00:00.000,2016,12,28,15,09005KT,19,09
2016-12-28 16:00:00.000,2016,12,28,16,12011KT,20,06
2016-12-28 17:00:00.000,2016,12,28,17,11010KT,21,07
2016-12-28 18:00:00.000,2016,12,28,18,11006KT,20,07
2016-12-28 19:00:00.000,2016,12,28,19,16006KT,21,07
2016-12-28 20:00:00.000,2016,12,28,20,22010KT,20,11
2016-12-28 21:00:00.000,2016,12,28,21,23010KT,19,11
2016-12-28 22:00:00.000,2016,12,28,22,27006KT,16,12
2016-12-28 23:00:00.000,2016,12,28,23,28006KT,15,12
2016-12-29 00:00:00.000,2016,12,29,0,VRB02KT,14,11
2016-12-29 01:00:00.000,2016,12,29,1,VRB02KT,13,11
2016-12-29 02:00:00.000,2016,12,29,2,VRB02KT,13,11
2016-12-29 03:00:00.000,2016,12,29,3,05003KT,12,08
2016-12-29 04:00:00.000,2016,12,29,4,05004KT,11,08
2016-12-29 05:00:00.000,2016,12,29,5,05007KT,10,07
2016-12-29 06:00:00.000,2016,12,29,6,04005KT,09,08
2016-12-29 07:00:00.000,2016,12,29,7,03004KT,09,08
2016-12-29 08:00:00.000,2016,12,29,8,06006KT,10,08
2016-12-29 09:00:00.000,2016,12,29,9,04005KT,09,08
2016-12-29 10:00:00.000,2016,12,29,10,05007KT,09,07
2016-12-29 11:00:00.000,2016,12,29,11,06005KT,09,07
2016-12-29 12:00:00.000,2016,12,29,12,07005KT,10,08
2016-12-29 13:00:00.000,2016,12,29,13,04005KT,13,08
2016-12-29 14:00:00.000,2016,12,29,14,VRB02KT,16,06
2016-12-29 15:00:00.000,2016,12,29,15,22004KT,18,07
2016-12-29 16:00:00.000,2016,12,29,16,VRB02KT,18,08
2016-12-29 17:00:00.000,2016,12,29,17,24008KT,19,09
2016-12-29 18:00:00.000,2016,12,29,18,VRB04KT,20,09
2016-12-29 19:00:00.000,2016,12,29,19,25010KT,20,11
2016-12-29 20:00:00.000,2016,12,29,20,24008KT,19,11
2016-12-29 21:00:00.000,2016,12,29,21,25010KT,19,10
2016-12-29 22:00:00.000,2016,12,29,22,24008KT,19,10
2016-12-29 23:00:00.000,2016,12,29,23,25008KT,16,11
2016-12-30 00:00:00.000,2016,12,30,0,33004KT,13,11
2016-12-30 01:00:00.000,2016,12,30,1,00000KT,13,11
2016-12-30 02:00:00.000,2016,12,30,2,VRB02KT,13,11
2016-12-30 03:00:00.000,2016,12,30,3,04004KT,13,11
2016-12-30 04:00:00.000,2016,12,30,4,31005KT,12,11
2016-12-30 05:00:00.000,2016,12,30,5,VRB02KT,12,11
2016-12-30 06:00:00.000,2016,12,30,6,06004KT,12,10
2016-12-30 07:00:00.000,2016,12,30,7,VRB02KT,13,10
2016-12-30 08:00:00.000,2016,12,30,8,0500KT,12,10
2016-12-30 09:00:00.000,2016,12,30,9,03003KT,11,10
2016-12-30 10:00:00.000,2016,12,30,10,VRB02KT,11,10
2016-12-30 11:00:00.000,2016,12,30,11,01003KT,09,08
2016-12-30 12:00:00.000,2016,12,30,12,05004KT,12,10
2016-12-30 13:00:00.000,2016,12,30,13,07004KT,14,10
2016-12-30 14:00:00.000,2016,12,30,14,05005KT,15,10
2016-12-30 15:00:00.000,2016,12,30,15,14004KT,16,10
2016-12-30 16:00:00.000,2016,12,30,16,18006KT,18,09
2016-12-30 17:00:00.000,2016,12,30,17,10009KT,17,10
2016-12-30 18:00:00.000,2016,12,30,18,36006KT,18,10
2016-12-30 19:00:00.000,2016,12,30,19,13005KT,18,09
2016-12-30 20:00:00.000,2016,12,30,20,07005KT,18,09
2016-12-30 21:00:00.000,2016,12,30,21,09004KT,18,09
2016-12-30 22:00:00.000,2016,12,30,22,23009KT,16,11
2016-12-30 23:00:00.000,2016,12,30,23,25005KT,15,11
2016-12-31 00:00:00.000,2016,12,31,0,33004KT,14,11
2016-12-31 01:00:00.000,2016,12,31,1,30005KT,14,11
2016-12-31 02:00:00.000,2016,12,31,2,VRB02KT,12,11
2016-12-31 03:00:00.000,2016,12,31,3,04003KT,12,11
2016-12-31 04:00:00.000,2016,12,31,4,VRB02KT,12,11
2016-12-31 05:00:00.000,2016,12,31,5,VRB02KT,12,11
2016-12-31 09:00:00.000,2016,12,31,9,03009KT,12,11
2016-12-31 10:00:00.000,2016,12,31,10,07007KT,12,10
2016-12-31 10:30:00.000,2016,12,31,10,06005KT,12,10
2016-12-31 11:00:00.000,2016,12,31,11,06008KT,11,10
2016-12-31 12:00:00.000,2016,12,31,12,04007KT,13,10
2016-12-31 13:00:00.000,2016,12,31,13,06004KT,16,10
2016-12-31 14:00:00.000,2016,12,31,14,09005KT,16,10
2016-12-31 15:00:00.000,2016,12,31,15,06006KT,16,10
2016-12-31 16:00:00.000,2016,12,31,16,05007KT,17,10
2016-12-31 17:00:00.000,2016,12,31,17,06005KT,17,11
2016-12-31 17:05:00.000,2016,12,31,17,05005KT,16,10
2016-12-31 18:00:00.000,2016,12,31,18,36005KT,14,11
2016-12-31 19:00:00.000,2016,12,31,19,28004KT,15,12
2016-12-31 20:00:00.000,2016,12,31,20,02006KT,16,11
2016-12-31 21:00:00.000,2016,12,31,21,05004KT,15,12
2016-12-31 22:00:00.000,2016,12,31,22,04003KT,15,12
2016-12-31 23:00:00.000,2016,12,31,23,13005KT,14,11
2017-01-01 00:00:00.000,2017,1,1,0,VRB02KT,13,11
2017-01-01 01:00:00.000,2017,1,1,1,03004KT,13,11
2017-01-01 02:00:00.000,2017,1,1,2,06005KT,12,10
2017-01-01 03:00:00.000,2017,1,1,3,05004KT,11,09
2017-01-01 04:00:00.000,2017,1,1,4,04005KT,11,09
2017-01-01 05:00:00.000,2017,1,1,5,VRB02KT,11,09
2017-01-01 06:00:00.000,2017,1,1,6,05003KT,10,09
2017-01-01 07:00:00.000,2017,1,1,7,09004KT,11,09
2017-01-01 08:00:00.000,2017,1,1,8,06004KT,10,08
2017-01-01 09:00:00.000,2017,1,1,9,07008KT,11,08
2017-01-01 10:00:00.000,2017,1,1,10,VRB02KT,09,07
2017-01-01 11:00:00.000,2017,1,1,11,06004KT,10,08
2017-01-01 12:00:00.000,2017,1,1,12,06004KT,12,09
2017-01-01 13:00:00.000,2017,1,1,13,05006KT,14,10
2017-01-01 14:00:00.000,2017,1,1,14,06008KT,15,10
2017-01-01 15:00:00.000,2017,1,1,15,09013KT,17,10
2017-01-01 16:00:00.000,2017,1,1,16,13012KT,19,09
2017-01-01 17:00:00.000,2017,1,1,17,13010KT,18,08
2017-01-01 18:00:00.000,2017,1,1,18,10014KT,18,08
2017-01-01 19:00:00.000,2017,1,1,19,11009KT,19,07
2017-01-01 20:00:00.000,2017,1,1,20,10009KT,19,07
2017-01-01 21:00:00.000,2017,1,1,21,09009KT,18,09
2017-01-01 22:00:00.000,2017,1,1,22,10006KT,17,08
2017-01-01 23:00:00.000,2017,1,1,23,36008KT,16,09
2017-01-02 00:00:00.000,2017,1,2,0,06004KT,14,09
2017-01-02 01:00:00.000,2017,1,2,1,01004KT,13,09
2017-01-02 02:00:00.000,2017,1,2,2,04004KT,12,08
2017-01-02 03:00:00.000,2017,1,2,3,04006KT,12,10
2017-01-02 04:00:00.000,2017,1,2,4,04006KT,11,08
2017-01-02 05:00:00.000,2017,1,2,5,06004KT,12,09
2017-01-02 06:00:00.000,2017,1,2,6,02004KT,11,09
2017-01-02 13:00:00.000,2017,1,2,13,08009KT,15,07
2017-01-02 14:00:00.000,2017,1,2,14,08009KT,17,07
2017-01-02 15:00:00.000,2017,1,2,15,12010KT,19,07
2017-01-02 16:00:00.000,2017,1,2,16,12012KT,20,07
2017-01-02 17:00:00.000,2017,1,2,17,14012KT,21,07
2017-01-02 18:00:00.000,2017,1,2,18,13012KT,20,06
2017-01-02 19:00:00.000,2017,1,2,19,08006KT,20,06
2017-01-02 20:00:00.000,2017,1,2,20,10008KT,20,05
2017-01-02 21:00:00.000,2017,1,2,21,12007KT,19,05
2017-01-02 22:00:00.000,2017,1,2,22,11006KT,19,05
2017-01-02 23:00:00.000,2017,1,2,23,12008KT,17,05
2017-01-03 00:00:00.000,2017,1,3,0,06003KT,13,05
2017-01-03 01:00:00.000,2017,1,3,1,06005KT,12,06
2017-01-03 02:00:00.000,2017,1,3,2,04003KT,11,05
2017-01-03 03:00:00.000,2017,1,3,3,03003KT,10,05
2017-01-03 04:00:00.000,2017,1,3,4,35003KT,07,05
2017-01-03 05:00:00.000,2017,1,3,5,04004KT,08,05
2017-01-03 06:00:00.000,2017,1,3,6,00000KT,07,05
2017-01-03 10:30:00.000,2017,1,3,10,33003KT,06,05
2017-01-03 11:00:00.000,2017,1,3,11,VRB02KT,06,05
2017-01-03 12:00:00.000,2017,1,3,12,05006KT,09,07
2017-01-03 12:25:00.000,2017,1,3,12,06008KT,11,07
2017-01-03 13:00:00.000,2017,1,3,13,05008KT,12,07
2017-01-03 14:00:00.000,2017,1,3,14,05007KT,14,06
2017-01-03 15:00:00.000,2017,1,3,15,04006KT,17,04
2017-01-03 16:00:00.000,2017,1,3,16,02005KT,18,05
2017-01-03 17:00:00.000,2017,1,3,17,35005KT,20,05
2017-01-03 18:00:00.000,2017,1,3,18,23006KT,22,04
2017-01-03 19:00:00.000,2017,1,3,19,25010KT,20,10
2017-01-03 20:00:00.000,2017,1,3,20,25010KT,19,11
2017-01-03 21:00:00.000,2017,1,3,21,26012KT,18,11
2017-01-03 22:00:00.000,2017,1,3,22,28012KT,18,11
2017-01-03 23:00:00.000,2017,1,3,23,25006KT,16,09
2017-01-04 01:00:00.000,2017,1,4,1,29003KT,14,10
2017-01-04 02:00:00.000,2017,1,4,2,VRB02KT,44,10
2017-01-04 03:00:00.000,2017,1,4,3,00000KT,13,11
2017-01-04 04:00:00.000,2017,1,4,4,32003KT,13,11
2017-01-04 05:00:00.000,2017,1,4,5,02004KT,13,09
2017-01-04 10:30:00.000,2017,1,4,10,02003KT,09,07
2017-01-04 11:00:00.000,2017,1,4,11,03004KT,08,07
2017-01-04 11:12:00.000,2017,1,4,11,04004KT,08,07
2017-01-04 12:00:00.000,2017,1,4,12,VRB02KT,10,09
2017-01-04 12:30:00.000,2017,1,4,12,33003KT,12,09
2017-01-04 13:00:00.000,2017,1,4,13,VRB02KT,13,09
2017-01-04 14:00:00.000,2017,1,4,14,VRB02KT,16,08
2017-01-04 15:00:00.000,2017,1,4,15,21003KT,17,07
2017-01-04 16:00:00.000,2017,1,4,16,25004KT,19,08
2017-01-04 17:00:00.000,2017,1,4,17,32006KT,19,09
2017-01-04 18:00:00.000,2017,1,4,18,28010KT,18,10
2017-01-04 19:00:00.000,2017,1,4,19,25009KT,18,10
2017-01-04 20:00:00.000,2017,1,4,20,26010KT,18,10
2017-01-04 21:00:00.000,2017,1,4,21,28007KT,18,10
2017-01-04 22:00:00.000,2017,1,4,22,30004KT,17,11
2017-01-04 23:00:00.000,2017,1,4,23,31004KT,15,11
2017-01-05 00:00:00.000,2017,1,5,0,VRB02KT,13,10
2017-01-05 01:00:00.000,2017,1,5,1,34005KT,13,10
2017-01-05 02:00:00.000,2017,1,5,2,32003KT,12,11
2017-01-05 03:00:00.000,2017,1,5,3,36003KT,11,09
2017-01-05 04:00:00.000,2017,1,5,4,06003KT,10,09
2017-01-05 10:30:00.000,2017,1,5,10,34004KT,09,08
2017-01-05 11:00:00.000,2017,1,5,11,36006KT,08,07
2017-01-05 12:00:00.000,2017,1,5,12,02003KT,10,09
2017-01-05 13:00:00.000,2017,1,5,13,07004KT,12,10
2017-01-05 13:30:00.000,2017,1,5,13,03006KT,14,10
2017-01-05 14:00:00.000,2017,1,5,14,04005KT,15,09
2017-01-05 15:00:00.000,2017,1,5,15,09003KT,17,09
2017-01-05 16:00:00.000,2017,1,5,16,02004KT,18,10
2017-01-05 17:00:00.000,2017,1,5,17,32004KT,19,11
2017-01-05 17:30:00.000,2017,1,5,17,24011KT,18,12
2017-01-05 18:00:00.000,2017,1,5,18,24012KT,16,11
2017-01-05 19:00:00.000,2017,1,5,19,26005KT,17,11
2017-01-05 20:00:00.000,2017,1,5,20,02004KT,16,07
2017-01-05 20:12:00.000,2017,1,5,20,36004KT,16,09
2017-01-05 21:00:00.000,2017,1,5,21,34008KT,15,12
2017-01-05 21:20:00.000,2017,1,5,21,30008KT,14,12
2017-01-05 21:38:00.000,2017,1,5,21,30010KT,13,12
2017-01-05 22:00:00.000,2017,1,5,22,33008KT,14,12
2017-01-05 23:00:00.000,2017,1,5,23,29005KT,13,12
2017-01-06 00:00:00.000,2017,1,6,0,30003KT,13,11
2017-01-06 01:00:00.000,2017,1,6,1,19004KT,13,11
2017-01-06 02:00:00.000,2017,1,6,2,VRB02KT,12,11
2017-01-06 03:00:00.000,2017,1,6,3,05004KT,12,11
2017-01-06 04:00:00.000,2017,1,6,4,03005KT,11,10
2017-01-06 05:00:00.000,2017,1,6,5,06004KT,12,11
2017-01-06 06:00:00.000,2017,1,6,6,03005KT,11,10
2017-01-06 07:00:00.000,2017,1,6,7,04006KT,11,09
2017-01-06 08:00:00.000,2017,1,6,8,05005KT,10,09
2017-01-06 09:00:00.000,2017,1,6,9,03005KT,10,09
2017-01-06 10:00:00.000,2017,1,6,10,VRB02KT,11,09
2017-01-06 10:30:00.000,2017,1,6,10,03003KT,11,09
2017-01-06 11:00:00.000,2017,1,6,11,02004KT,11,10
2017-01-06 12:00:00.000,2017,1,6,12,03003KT,12,10
2017-01-06 13:00:00.000,2017,1,6,13,04003KT,13,10
2017-01-06 14:00:00.000,2017,1,6,14,05004KT,13,10
2017-01-06 15:00:00.000,2017,1,6,15,15007KT,16,10
2017-01-06 16:00:00.000,2017,1,6,16,11008KT,18,09
2017-01-06 17:00:00.000,2017,1,6,17,10007KT,19,09
2017-01-06 17:30:00.000,2017,1,6,17,10010KT,18,08
2017-01-06 18:00:00.000,2017,1,6,18,11012KT,17,07
2017-01-06 19:00:00.000,2017,1,6,19,09011KT,18,07
2017-01-06 20:00:00.000,2017,1,6,20,09008KT,18,07
2017-01-06 21:00:00.000,2017,1,6,21,10010KT,18,07
2017-01-06 22:00:00.000,2017,1,6,22,09009KT,17,08
2017-01-06 23:00:00.000,2017,1,6,23,07006KT,16,07
2017-01-07 00:00:00.000,2017,1,7,0,12008KT,15,07
2017-01-07 01:00:00.000,2017,1,7,1,09007KT,13,07
2017-01-07 02:00:00.000,2017,1,7,2,27004KT,11,08
2017-01-07 03:00:00.000,2017,1,7,3,06004KT,10,07
2017-01-07 04:00:00.000,2017,1,7,4,03006KT,09,07
2017-01-07 10:30:00.000,2017,1,7,10,06005KT,10,08
2017-01-07 11:00:00.000,2017,1,7,11,07004KT,11,08
2017-01-07 12:00:00.000,2017,1,7,12,04007KT,10,08
2017-01-07 13:00:00.000,2017,1,7,13,05006KT,12,09
2017-01-07 13:26:00.000,2017,1,7,13,08006KT,15,10
2017-01-07 14:00:00.000,2017,1,7,14,05008KT,16,10
2017-01-07 15:00:00.000,2017,1,7,15,04010KT,15,10
2017-01-07 16:00:00.000,2017,1,7,16,05008KT,16,10
2017-01-07 17:00:00.000,2017,1,7,17,18006KT,17,09
2017-01-07 18:00:00.000,2017,1,7,18,05004KT,18,09
2017-01-07 19:00:00.000,2017,1,7,19,17012KT,18,09
2017-01-07 20:00:00.000,2017,1,7,20,18008KT,20,08
2017-01-07 21:00:00.000,2017,1,7,21,19008KT,18,09
2017-01-07 22:00:00.000,2017,1,7,22,06014KT,17,09
2017-01-07 23:00:00.000,2017,1,7,23,20006KT,15,11
2017-01-08 00:00:00.000,2017,1,8,0,27006KT,15,10
2017-01-08 01:00:00.000,2017,1,8,1,VRB02KT,15,10
2017-01-08 02:00:00.000,2017,1,8,2,VRB02KT,15,10
2017-01-08 03:00:00.000,2017,1,8,3,04006KT,12,09
2017-01-08 04:00:00.000,2017,1,8,4,04005KT,12,09
2017-01-08 05:00:00.000,2017,1,8,5,03004KT,12,10
2017-01-08 10:30:00.000,2017,1,8,10,VRB02KT,12,09
2017-01-08 11:00:00.000,2017,1,8,11,VRB02KT,12,09
2017-01-08 12:00:00.000,2017,1,8,12,03005KT,12,10
2017-01-08 13:00:00.000,2017,1,8,13,04007KT,14,10
2017-01-08 14:00:00.000,2017,1,8,14,05007KT,15,10
2017-01-08 15:00:00.000,2017,1,8,15,05008KT,15,10
2017-01-08 16:00:00.000,2017,1,8,16,04006KT,16,10
2017-01-08 17:00:00.000,2017,1,8,17,35003KT,17,10
2017-01-08 18:00:00.000,2017,1,8,18,02005KT,18,09
2017-01-08 19:00:00.000,2017,1,8,19,05006KT,17,09
2017-01-08 20:00:00.000,2017,1,8,20,03003KT,16,11
2017-01-08 21:00:00.000,2017,1,8,21,31008KT,15,12
2017-01-08 22:00:00.000,2017,1,8,22,27008KT,15,12
2017-01-08 23:00:00.000,2017,1,8,23,26005KT,14,12
2017-01-09 00:00:00.000,2017,1,9,0,27004KT,14,11
2017-01-09 01:00:00.000,2017,1,9,1,30004KT,13,11
2017-01-09 02:00:00.000,2017,1,9,2,VRB02KT,12,11
2017-01-09 03:00:00.000,2017,1,9,3,33004KT,12,11
2017-01-09 04:00:00.000,2017,1,9,4,31003KT,12,11
2017-01-09 10:30:00.000,2017,1,9,10,VRB02KT,09,09
2017-01-09 11:00:00.000,2017,1,9,11,0000KT,09,08
2017-01-09 12:00:00.000,2017,1,9,12,05003KT,10,09
2017-01-09 13:00:00.000,2017,1,9,13,02006KT,11,10
2017-01-09 14:00:00.000,2017,1,9,14,06006KT,14,08
2017-01-09 15:00:00.000,2017,1,9,15,VRB02KT,16,09
2017-01-09 16:00:00.000,2017,1,9,16,01003KT,17,08
2017-01-09 17:00:00.000,2017,1,9,17,06005KT,18,09
2017-01-09 18:00:00.000,2017,1,9,18,32012KT,16,11
2017-01-09 19:00:00.000,2017,1,9,19,31011KT,15,09
2017-01-09 20:00:00.000,2017,1,9,20,24007KT,15,11
2017-01-09 20:25:00.000,2017,1,9,20,22006KT,15,09
2017-01-09 21:00:00.000,2017,1,9,21,22004KT,14,10
2017-01-09 22:00:00.000,2017,1,9,22,20003KT,14,10
2017-01-09 23:00:00.000,2017,1,9,23,VRB02KT,14,10
2017-01-10 00:00:00.000,2017,1,10,0,32004KT,13,11
2017-01-10 01:00:00.000,2017,1,10,1,33004KT,12,10
2017-01-10 02:00:00.000,2017,1,10,2,30003KT,12,10
2017-01-10 03:00:00.000,2017,1,10,3,31006KT,12,10
2017-01-10 04:00:00.000,2017,1,10,4,31008KT,12,10
2017-01-10 05:00:00.000,2017,1,10,5,VRB02KT,11,10
2017-01-10 06:00:00.000,2017,1,10,6,28003KT,11,10
2017-01-10 07:00:00.000,2017,1,10,7,23004KT,11,10
2017-01-10 08:00:00.000,2017,1,10,8,27003KT,11,09
2017-01-10 09:00:00.000,2017,1,10,9,34004KT,11,09
2017-01-10 10:00:00.000,2017,1,10,10,34003KT,11,09
2017-01-10 11:00:00.000,2017,1,10,11,VRB02KT,11,09
2017-01-10 12:00:00.000,2017,1,10,12,04003KT,12,10
2017-01-10 13:00:00.000,2017,1,10,13,07004KT,14,11
2017-01-10 14:00:00.000,2017,1,10,14,05003KT,15,10
2017-01-10 15:00:00.000,2017,1,10,15,06003KT,17,09
2017-01-10 16:00:00.000,2017,1,10,16,30003KT,19,09
2017-01-10 17:00:00.000,2017,1,10,17,05004KT,19,09
2017-01-10 18:00:00.000,2017,1,10,18,23013KT,16,12
2017-01-10 19:00:00.000,2017,1,10,19,29013KT,16,12
2017-01-10 20:00:00.000,2017,1,10,20,27012KT,15,11
2017-01-10 21:00:00.000,2017,1,10,21,26008KT,15,11
2017-01-10 22:00:00.000,2017,1,10,22,28006KT,14,11
2017-01-10 23:00:00.000,2017,1,10,23,28008KT,14,11
2017-01-10 23:35:00.000,2017,1,10,23,28004KT,13,10
2017-01-11 00:00:00.000,2017,1,11,0,27003KT,13,11
2017-01-11 01:00:00.000,2017,1,11,1,23005KT,14,11
2017-01-11 02:00:00.000,2017,1,11,2,23004KT,14,10
2017-01-11 03:00:00.000,2017,1,11,3,24005KT,13,10
2017-01-11 04:00:00.000,2017,1,11,4,26005KT,13,10
2017-01-11 10:00:00.000,2017,1,11,10,34004KT,12,10
2017-01-11 10:30:00.000,2017,1,11,10,VRB02KT,12,10
2017-01-11 11:00:00.000,2017,1,11,11,VRB02KT,12,10
2017-01-11 12:00:00.000,2017,1,11,12,14005KT,12,10
2017-01-11 12:17:00.000,2017,1,11,12,17006KT,14,10
2017-01-11 12:39:00.000,2017,1,11,12,VRB02KT,16,10
2017-01-11 13:00:00.000,2017,1,11,13,VRB02KT,16,10
2017-01-11 14:00:00.000,2017,1,11,14,33004KT,16,10
2017-01-11 15:00:00.000,2017,1,11,15,33003KT,18,10
2017-01-11 16:00:00.000,2017,1,11,16,29004KT,18,09
2017-01-11 16:30:00.000,2017,1,11,16,22010KT,18,12
2017-01-11 17:00:00.000,2017,1,11,17,24012KT,19,12
2017-01-11 18:00:00.000,2017,1,11,18,24016KT,17,11
2017-01-11 18:24:00.000,2017,1,11,18,25011KT,16,12
2017-01-11 19:00:00.000,2017,1,11,19,30008KT,14,13
2017-01-11 19:33:00.000,2017,1,11,19,28010KT,15,13
2017-01-11 20:00:00.000,2017,1,11,20,30010KT,16,13
2017-01-11 21:00:00.000,2017,1,11,21,28008KT,17,11
2017-01-11 22:00:00.000,2017,1,11,22,26010KT,16,11
2017-01-11 22:30:00.000,2017,1,11,22,27005KT,16,10
2017-01-11 23:00:00.000,2017,1,11,23,28007KT,15,11
2017-01-12 00:00:00.000,2017,1,12,0,32006KT,14,12
2017-01-12 02:00:00.000,2017,1,12,2,30004KT,14,11
2017-01-12 11:00:00.000,2017,1,12,11,10004KT,10,08
2017-01-12 12:00:00.000,2017,1,12,12,VRB02KT,10,08
2017-01-12 13:00:00.000,2017,1,12,13,05004KT,12,09
2017-01-12 14:00:00.000,2017,1,12,14,36004KT,15,08
2017-01-12 15:00:00.000,2017,1,12,15,02004KT,16,07
2017-01-12 16:00:00.000,2017,1,12,16,09005KT,18,06
2017-01-12 17:00:00.000,2017,1,12,17,22010KT,18,11
2017-01-12 18:00:00.000,2017,1,12,18,22010KT,18,11
2017-01-12 19:00:00.000,2017,1,12,19,24010KT,18,12
2017-01-12 20:00:00.000,2017,1,12,20,26012KT,18,11
2017-01-12 21:00:00.000,2017,1,12,21,25010KT,17,11
2017-01-12 22:00:00.000,2017,1,12,22,30008KT,16,11
2017-01-12 23:00:00.000,2017,1,12,23,28007KT,15,09
2017-01-13 00:00:00.000,2017,1,13,0,VRB023KT,12,09
2017-01-13 02:00:00.000,2017,1,13,2,VRB02KT,13,09
2017-01-13 03:00:00.000,2017,1,13,3,VRB02KT,12,08
2017-01-13 10:30:00.000,2017,1,13,10,VRB02KT,09,08
2017-01-13 11:00:00.000,2017,1,13,11,VRB02KT,10,09
2017-01-13 12:00:00.000,2017,1,13,12,03004KT,09,08
2017-01-13 12:27:00.000,2017,1,13,12,VRB02KT,11,09
2017-01-13 13:00:00.000,2017,1,13,13,03004KT,13,09
2017-01-13 14:00:00.000,2017,1,13,14,02004KT,15,08
2017-01-13 15:00:00.000,2017,1,13,15,VRB02KT,17,08
2017-01-13 16:00:00.000,2017,1,13,16,30004KT,18,08
2017-01-13 17:00:00.000,2017,1,13,17,33O06KT,18,08
2017-01-13 18:00:00.000,2017,1,13,18,27010KT,18,10
2017-01-13 18:32:00.000,2017,1,13,18,24011KT,20,11
2017-01-13 19:00:00.000,2017,1,13,19,24010KT,19,10
2017-01-13 20:00:00.000,2017,1,13,20,24013KT,18,11
2017-01-13 21:00:00.000,2017,1,13,21,27012KT,17,11
2017-01-13 22:00:00.000,2017,1,13,22,25011KT,16,10
2017-01-13 23:00:00.000,2017,1,13,23,26007KT,15,10
2017-01-14 00:00:00.000,2017,1,14,0,27003KT,14,11
2017-01-14 01:00:00.000,2017,1,14,1,30003KT,14,11
2017-01-14 02:00:00.000,2017,1,14,2,26003KT,14,11
2017-01-14 03:00:00.000,2017,1,14,3,20004KT,13,11
2017-01-14 04:00:00.000,2017,1,14,4,32004KT,12,11
2017-01-14 05:00:00.000,2017,1,14,5,VRB02KT,12,11
2017-01-14 06:00:00.000,2017,1,14,6,01003KT,12,11
2017-01-14 07:00:00.000,2017,1,14,7,04004KT,12,11
2017-01-14 08:00:00.000,2017,1,14,8,01004KT,11,10
2017-01-14 09:00:00.000,2017,1,14,9,VRB02KT,11,10
2017-01-14 10:00:00.000,2017,1,14,10,14003KT,11,10
2017-01-14 10:30:00.000,2017,1,14,10,35004KT,11,10
2017-01-14 11:00:00.000,2017,1,14,11,32004KT,11,10
2017-01-14 11:37:00.000,2017,1,14,11,34003KT,11,10
2017-01-14 12:00:00.000,2017,1,14,12,33004KT,11,10
2017-01-14 13:00:00.000,2017,1,14,13,05003KT,13,12
2017-01-14 14:00:00.000,2017,1,14,14,VRB02KT,14,10
2017-01-14 15:00:00.000,2017,1,14,15,03003KT,15,11
2017-01-14 16:00:00.000,2017,1,14,16,VRB02KT,16,11
2017-01-14 17:00:00.000,2017,1,14,17,35003KT,17,10
2017-01-14 18:00:00.000,2017,1,14,18,28006KT,16,10
2017-01-14 19:00:00.000,2017,1,14,19,28011KT,17,11
2017-01-14 20:00:00.000,2017,1,14,20,28005KT,18,10
2017-01-14 21:00:00.000,2017,1,14,21,32007KT,17,10
2017-01-14 22:00:00.000,2017,1,14,22,28011KT,16,12
2017-01-14 23:00:00.000,2017,1,14,23,25008KT,15,11
2017-01-15 00:00:00.000,2017,1,15,0,26006KT,14,11
2017-01-15 01:00:00.000,2017,1,15,1,24004KT,13,11
2017-01-15 02:00:00.000,2017,1,15,2,25004KT,13,11
2017-01-15 03:00:00.000,2017,1,15,3,26004KT,13,11
2017-01-15 04:00:00.000,2017,1,15,4,28005KT,13,11
2017-01-15 05:00:00.000,2017,1,15,5,31004KT,12,11
2017-01-15 08:21:00.000,2017,1,15,8,29003KT,10,09
2017-01-15 10:00:00.000,2017,1,15,10,VRB02KT,11,10
2017-01-15 10:30:00.000,2017,1,15,10,28003KT,11,10
2017-01-15 11:00:00.000,2017,1,15,11,29004KT,11,10
2017-01-15 12:00:00.000,2017,1,15,12,VRB02KT,11,10
2017-01-15 12:25:00.000,2017,1,15,12,VRB02KT,13,11
2017-01-15 13:00:00.000,2017,1,15,13,02004KT,15,11
2017-01-15 14:00:00.000,2017,1,15,14,VRB02KT,16,11
2017-01-15 15:00:00.000,2017,1,15,15,VRB02KT,18,11
2017-01-15 16:00:00.000,2017,1,15,16,31007KT,18,10
2017-01-15 17:00:00.000,2017,1,15,17,28010KT,19,11
2017-01-15 18:00:00.000,2017,1,15,18,23012KT,19,11
2017-01-15 19:00:00.000,2017,1,15,19,28012KT,19,10
2017-01-15 20:00:00.000,2017,1,15,20,28012KT,18,10
2017-01-15 21:00:00.000,2017,1,15,21,25013KT,17,11
2017-01-15 22:00:00.000,2017,1,15,22,28010KT,17,10
2017-01-15 23:00:00.000,2017,1,15,23,28007KT,14,11
2017-01-16 00:00:00.000,2017,1,16,0,26004KT,14,11
2017-01-16 01:00:00.000,2017,1,16,1,31005KT,14,11
2017-01-16 02:00:00.000,2017,1,16,2,28003KT,13,11
2017-01-16 03:00:00.000,2017,1,16,3,VRB02KT,13,11
2017-01-16 04:00:00.000,2017,1,16,4,30003KT,13,11
2017-01-16 05:00:00.000,2017,1,16,5,30006KT,13,11
2017-01-16 06:00:00.000,2017,1,16,6,30005KT,12,11
2017-01-16 12:00:00.000,2017,1,16,12,34003KT,13,11
2017-01-16 13:00:00.000,2017,1,16,13,33004KT,13,11
2017-01-16 13:25:00.000,2017,1,16,13,35004KT,15,11
2017-01-16 14:00:00.000,2017,1,16,14,33004KT,15,11
2017-01-16 15:00:00.000,2017,1,16,15,35004KT,16,11
2017-01-16 16:00:00.000,2017,1,16,16,20003KT,18,09
2017-01-16 17:00:00.000,2017,1,16,17,28009KT,18,11
2017-01-16 18:00:00.000,2017,1,16,18,31011KT,18,12
2017-01-16 19:00:00.000,2017,1,16,19,24013KT,19,10
2017-01-16 19:10:00.000,2017,1,16,19,26017KT,19,11
2017-01-16 20:00:00.000,2017,1,16,20,29010KT,19,10
2017-01-16 21:00:00.000,2017,1,16,21,26012KT,18,10
2017-01-16 22:00:00.000,2017,1,16,22,28011KT,17,10
2017-01-16 23:00:00.000,2017,1,16,23,25008KT,15,11
2017-01-17 00:00:00.000,2017,1,17,0,24004KT,14,11
2017-01-17 01:00:00.000,2017,1,17,1,32004KT,13,11
2017-01-17 02:00:00.000,2017,1,17,2,30004KT,13,11
2017-01-17 03:00:00.000,2017,1,17,3,VRB02KT,11,10
2017-01-17 04:00:00.000,2017,1,17,4,33003KT,11,10
2017-01-17 05:00:00.000,2017,1,17,5,VRB02KT,11,10
2017-01-17 06:00:00.000,2017,1,17,6,04004KT,10,08
2017-01-17 10:30:00.000,2017,1,17,10,05003KT,11,08
2017-01-17 11:00:00.000,2017,1,17,11,05003KT,10,09
2017-01-17 12:00:00.000,2017,1,17,12,02005KT,11,09
2017-01-17 13:00:00.000,2017,1,17,13,04005KT,12,09
2017-01-17 14:00:00.000,2017,1,17,14,05005KT,14,08
2017-01-17 15:00:00.000,2017,1,17,15,03004KT,16,08
2017-01-17 16:00:00.000,2017,1,17,16,29003KT,19,09
2017-01-17 17:00:00.000,2017,1,17,17,VRB02KT,18,08
2017-01-17 18:00:00.000,2017,1,17,18,23010KT,18,11
2017-01-17 19:00:00.000,2017,1,17,19,26014KT,20,10
2017-01-17 20:00:00.000,2017,1,17,20,27014KT,19,10
2017-01-17 21:00:00.000,2017,1,17,21,27010KT,17,10
2017-01-17 22:00:00.000,2017,1,17,22,28012KT,16,10
2017-01-17 23:00:00.000,2017,1,17,23,30007KT,14,10
2017-01-18 00:00:00.000,2017,1,18,0,29007KT,14,11
2017-01-18 01:00:00.000,2017,1,18,1,36003KT,12,11
2017-01-18 02:00:00.000,2017,1,18,2,30004KT,13,11
2017-01-18 03:00:00.000,2017,1,18,3,34003KT,12,10
2017-01-18 04:00:00.000,2017,1,18,4,VRB02KT,12,11
2017-01-18 05:00:00.000,2017,1,18,5,28004KT,13,11
2017-01-18 06:00:00.000,2017,1,18,6,32005KT,13,11
2017-01-18 07:00:00.000,2017,1,18,7,32003KT,12,11
2017-01-18 08:00:00.000,2017,1,18,8,VRB02KT,11,10
2017-01-18 09:00:00.000,2017,1,18,9,VRB02KT,11,10
2017-01-18 10:00:00.000,2017,1,18,10,01009KT,24,21
2017-01-18 10:30:00.000,2017,1,18,10,VRB02KT,11,10
2017-01-18 11:00:00.000,2017,1,18,11,29003KT,11,10
2017-01-18 11:20:00.000,2017,1,18,11,32004KT,11,10
2017-01-18 11:30:00.000,2017,1,18,11,VRB02KT,11,10
2017-01-18 12:00:00.000,2017,1,18,12,VRB02KT,11,10
2017-01-18 12:15:00.000,2017,1,18,12,VRB023KT,12,11
2017-01-18 13:00:00.000,2017,1,18,13,VRB02KT,13,12
2017-01-18 14:00:00.000,2017,1,18,14,VRB02KT,15,11
2017-01-18 14:30:00.000,2017,1,18,14,VRB02KT,17,10
2017-01-18 15:00:00.000,2017,1,18,15,35007KT,16,10
2017-01-18 16:00:00.000,2017,1,18,16,29005KT,17,10
2017-01-18 16:30:00.000,2017,1,18,16,31007KT,17,11
2017-01-18 17:00:00.000,2017,1,18,17,32006KT,17,10
2017-01-18 18:00:00.000,2017,1,18,18,30009KT,19,10
2017-01-18 18:40:00.000,2017,1,18,18,20010KT,15,10
2017-01-18 19:00:00.000,2017,1,18,19,27007KT,14,09
2017-01-18 19:15:00.000,2017,1,18,19,36010KT,14,11
2017-01-18 20:00:00.000,2017,1,18,20,13008KT,14,12
2017-01-18 20:20:00.000,2017,1,18,20,16008KT,13,11
2017-01-18 21:00:00.000,2017,1,18,21,2008KT,13,11
2017-01-18 22:00:00.000,2017,1,18,22,34004KT,14,12
2017-01-18 23:00:00.000,2017,1,18,23,05005KT,13,12
2017-01-19 00:00:00.000,2017,1,19,0,36003KT,12,11
2017-01-19 01:00:00.000,2017,1,19,1,21004KT,12,11
2017-01-19 02:00:00.000,2017,1,19,2,31004KT,12,11
2017-01-19 03:00:00.000,2017,1,19,3,31004KT,12,11
2017-01-19 04:00:00.000,2017,1,19,4,33003KT,12,11
2017-01-19 10:30:00.000,2017,1,19,10,31003KT,09,09
2017-01-19 11:00:00.000,2017,1,19,11,VRB02KT,09,09
2017-01-19 11:17:00.000,2017,1,19,11,VRB02KT,10,10
2017-01-19 12:00:00.000,2017,1,19,12,VRB02KT,10,10
2017-01-19 12:19:00.000,2017,1,19,12,VRB02KT,11,11
2017-01-19 13:00:00.000,2017,1,19,13,02003KT,12,12
2017-01-19 13:32:00.000,2017,1,19,13,VRB02KT,13,12
2017-01-19 14:00:00.000,2017,1,19,14,33004KT,15,13
2017-01-19 15:00:00.000,2017,1,19,15,27003KT,17,11
2017-01-19 15:30:00.000,2017,1,19,15,32004KT,18,10
2017-01-19 16:00:00.000,2017,1,19,16,30006KT,18,09
2017-01-19 17:00:00.000,2017,1,19,17,31006KT,19,10
2017-01-19 18:00:00.000,2017,1,19,18,27012KT,19,11
2017-01-19 19:00:00.000,2017,1,19,19,17012KT,19,11
2017-01-19 20:00:00.000,2017,1,19,20,27010KT,18,11
2017-01-19 21:00:00.000,2017,1,19,21,27008KT,18,11
2017-01-19 22:00:00.000,2017,1,19,22,25008KT,17,11
2017-01-19 23:00:00.000,2017,1,19,23,31008KT,15,11
2017-01-20 00:00:00.000,2017,1,20,0,05006KT,14,11
2017-01-20 01:00:00.000,2017,1,20,1,04004KT,13,11
2017-01-20 02:00:00.000,2017,1,20,2,02003KT,14,11
2017-01-20 03:00:00.000,2017,1,20,3,35003KT,12,10
2017-01-20 04:00:00.000,2017,1,20,4,31004KT,11,10
2017-01-20 10:30:00.000,2017,1,20,10,01004KT,10,09
2017-01-20 11:00:00.000,2017,1,20,11,VRB02KT,09,08
2017-01-20 12:00:00.000,2017,1,20,12,04003KT,10,09
2017-01-20 12:26:00.000,2017,1,20,12,VRB02KT,10,09
2017-01-20 13:00:00.000,2017,1,20,13,02003KT,12,11
2017-01-20 13:30:00.000,2017,1,20,13,01003KT,14,10
2017-01-20 14:00:00.000,2017,1,20,14,05003KT,15,10
2017-01-20 15:00:00.000,2017,1,20,15,33004KT,17,10
2017-01-20 16:00:00.000,2017,1,20,16,01004KT,18,09
2017-01-20 17:00:00.000,2017,1,20,17,30006KT,20,10
2017-01-20 18:00:00.000,2017,1,20,18,27009KT,19,10
2017-01-20 19:00:00.000,2017,1,20,19,30012KT,18,11
2017-01-20 20:00:00.000,2017,1,20,20,27012KT,19,12
2017-01-20 21:00:00.000,2017,1,20,21,31007KT,17,10
2017-01-20 22:00:00.000,2017,1,20,22,30009KT,16,10
2017-01-20 23:00:00.000,2017,1,20,23,28008KT,16,10
2017-01-21 00:00:00.000,2017,1,21,0,30006KT,14,10
2017-01-21 01:00:00.000,2017,1,21,1,17005KT,14,11
2017-01-21 02:00:00.000,2017,1,21,2,31006KT,14,10
2017-01-21 03:00:00.000,2017,1,21,3,33004KT,13,09
2017-01-21 04:00:00.000,2017,1,21,4,32004KT,11,08
2017-01-21 05:00:00.000,2017,1,21,5,VRB02KT,09,07
2017-01-21 06:00:00.000,2017,1,21,6,34005KT,08,07
2017-01-21 07:00:00.000,2017,1,21,7,VRB02KT,09,07
2017-01-21 08:00:00.000,2017,1,21,8,VRB02KT,07,06
2017-01-21 09:00:00.000,2017,1,21,9,VRB02KT,06,05
2017-01-21 10:00:00.000,2017,1,21,10,06003KT,06,05
2017-01-21 10:30:00.000,2017,1,21,10,33004KT,05,04
2017-01-21 11:00:00.000,2017,1,21,11,VRB02KT,05,04
2017-01-21 12:00:00.000,2017,1,21,12,34003KT,06,05
2017-01-21 12:20:00.000,2017,1,21,12,VRB02KT,09,08
2017-01-21 13:00:00.000,2017,1,21,13,00000KT,11,10
2017-01-21 14:00:00.000,2017,1,21,14,VRB02KT,15,08
2017-01-21 15:00:00.000,2017,1,21,15,33004KT,16,07
2017-01-21 16:00:00.000,2017,1,21,16,30007KT,17,08
2017-01-21 17:00:00.000,2017,1,21,17,31011KT,18,08
2017-01-21 18:00:00.000,2017,1,21,18,30018KT,19,18
2017-01-21 19:00:00.000,2017,1,21,19,31016KT,19,09
2017-01-21 20:00:00.000,2017,1,21,20,31106KT,19,08
2017-01-21 21:00:00.000,2017,1,21,21,31020KT,18,08
2017-01-21 22:00:00.000,2017,1,21,22,30016KT,16,09
2017-01-21 23:00:00.000,2017,1,21,23,28015KT,14,09
2017-01-22 00:00:00.000,2017,1,22,0,29008KT,13,08
2017-01-22 01:00:00.000,2017,1,22,1,25004KT,12,07
2017-01-22 02:00:00.000,2017,1,22,2,3007KT,11,07
2017-01-22 03:00:00.000,2017,1,22,3,31003KT,10,05
2017-01-22 04:00:00.000,2017,1,22,4,31003KT,08,05
2017-01-22 05:00:00.000,2017,1,22,5,VRB02KT,08,04
2017-01-22 06:00:00.000,2017,1,22,6,VRB02KT,06,05
2017-01-22 09:00:00.000,2017,1,22,9,34003KT,02,02
2017-01-22 10:00:00.000,2017,1,22,10,VRB02KT,02,00
2017-01-22 10:30:00.000,2017,1,22,10,06003KT,02,02
2017-01-22 11:00:00.000,2017,1,22,11,221100Z,03,02
2017-01-22 12:00:00.000,2017,1,22,12,VRB02KT,03,02
2017-01-22 13:00:00.000,2017,1,22,13,01003KT,07,03
2017-01-22 14:00:00.000,2017,1,22,14,03003KT,11,03
2017-01-22 15:00:00.000,2017,1,22,15,24003KT,16,03
2017-01-22 16:00:00.000,2017,1,22,16,23003KT,17,04
2017-01-22 17:00:00.000,2017,1,22,17,32005KT,19,01
2017-01-22 18:00:00.000,2017,1,22,18,31012KT,19,04
2017-01-22 19:00:00.000,2017,1,22,19,26012KT,19,09
2017-01-22 20:00:00.000,2017,1,22,20,25010KT,19,05
2017-01-22 21:00:00.000,2017,1,22,21,28012KT,18,08
2017-01-22 22:00:00.000,2017,1,22,22,32011KT,16,04
2017-01-22 23:00:00.000,2017,1,22,23,32005KT,14,04
2017-01-23 00:00:00.000,2017,1,23,0,31005KT,12,06
2017-01-23 01:00:00.000,2017,1,23,1,VRB02KT,11,07
2017-01-23 02:00:00.000,2017,1,23,2,28005KT,11,08
2017-01-23 03:00:00.000,2017,1,23,3,31004KT,08,06
2017-01-23 04:00:00.000,2017,1,23,4,32004KT,07,06
2017-01-23 05:00:00.000,2017,1,23,5,VRB02KT,06,05
2017-01-23 06:00:00.000,2017,1,23,6,03003KT,05,04
2017-01-23 07:00:00.000,2017,1,23,7,33005KT,04,03
2017-01-23 08:00:00.000,2017,1,23,8,02005KT,04,03
2017-01-23 09:00:00.000,2017,1,23,9,03005KT,03,03
2017-01-23 10:00:00.000,2017,1,23,10,32003KT,02,02
2017-01-23 11:00:00.000,2017,1,23,11,VRB02KT,03,03
2017-01-23 12:00:00.000,2017,1,23,12,VRB02KT,04,03
2017-01-23 13:00:00.000,2017,1,23,13,03005KT,09,04
2017-01-23 14:00:00.000,2017,1,23,14,03005KT,12,05
2017-01-23 15:00:00.000,2017,1,23,15,VRB02KT,16,06
2017-01-23 16:00:00.000,2017,1,23,16,28006KT,18,07
2017-01-23 17:00:00.000,2017,1,23,17,33005KT,19,04
2017-01-23 18:00:00.000,2017,1,23,18,28013KT,20,05
2017-01-23 19:00:00.000,2017,1,23,19,29013KT,20,08
2017-01-23 20:00:00.000,2017,1,23,20,29013KT,19,08
2017-01-23 21:00:00.000,2017,1,23,21,32010KT,17,06
2017-01-23 22:00:00.000,2017,1,23,22,26014KT,17,08
2017-01-23 23:00:00.000,2017,1,23,23,30003KT,15,09
2017-01-24 00:00:00.000,2017,1,24,0,30006KT,13,10
2017-01-24 01:00:00.000,2017,1,24,1,28007KT,13,09
2017-01-24 02:00:00.000,2017,1,24,2,28006KT,12,09
2017-01-24 03:00:00.000,2017,1,24,3,29005KT,10,08
2017-01-24 04:00:00.000,2017,1,24,4,25005KT,08,07
2017-01-24 05:00:00.000,2017,1,24,5,VRBO2KT,08,07
2017-01-24 06:00:00.000,2017,1,24,6,VRB02KT,06,05
2017-01-24 07:00:00.000,2017,1,24,7,29003KT,07,06
2017-01-24 08:00:00.000,2017,1,24,8,01003KT,06,06
2017-01-24 09:00:00.000,2017,1,24,9,VRB02KT,05,04
2017-01-24 10:00:00.000,2017,1,24,10,VRB02KT,05,04
2017-01-24 10:30:00.000,2017,1,24,10,VRB02KT,04,04
2017-01-24 11:00:00.000,2017,1,24,11,VRB02KT,03,03
2017-01-24 12:00:00.000,2017,1,24,12,VRB02KT,06,05
2017-01-24 13:00:00.000,2017,1,24,13,01004KT,09,07
2017-01-24 14:00:00.000,2017,1,24,14,VRB02KT,13,08
2017-01-24 15:00:00.000,2017,1,24,15,32004KT,16,08
2017-01-24 16:00:00.000,2017,1,24,16,35003KT,18,07
2017-01-24 17:00:00.000,2017,1,24,17,21006KT,19,06
2017-01-24 18:00:00.000,2017,1,24,18,29010KT,20,09
2017-01-24 19:00:00.000,2017,1,24,19,29012KT,19,10
2017-01-24 20:00:00.000,2017,1,24,20,27013KT,18,11
2017-01-24 21:00:00.000,2017,1,24,21,27014KT,17,11
2017-01-24 22:00:00.000,2017,1,24,22,31010KT,14,11
2017-01-24 23:00:00.000,2017,1,24,23,30008KT,13,10
2017-01-25 00:00:00.000,2017,1,25,0,33007KT,13,09
2017-01-25 01:00:00.000,2017,1,25,1,31006KT,13,09
2017-01-25 02:00:00.000,2017,1,25,2,33008KT,13,08
2017-01-25 03:00:00.000,2017,1,25,3,32006KT,13,09
2017-01-25 04:00:00.000,2017,1,25,4,32005KT,12,10
2017-01-25 05:00:00.000,2017,1,25,5,30003KT,12,09
2017-01-25 06:00:00.000,2017,1,25,6,VRB02KT,11,09
2017-01-25 08:00:00.000,2017,1,25,8,28007KT,11,09
2017-01-25 09:00:00.000,2017,1,25,9,VRB02KT,08,07
2017-01-25 09:40:00.000,2017,1,25,9,34003KT,08,07
2017-01-25 10:00:00.000,2017,1,25,10,35003KT,08,07
2017-01-25 10:30:00.000,2017,1,25,10,34004KT,09,08
2017-01-25 11:00:00.000,2017,1,25,11,VRB02KT,09,08
2017-01-25 12:00:00.000,2017,1,25,12,VRB02KT,09,08
2017-01-25 13:00:00.000,2017,1,25,13,35003KT,11,10
2017-01-25 13:30:00.000,2017,1,25,13,02004KT,13,10
2017-01-25 14:00:00.000,2017,1,25,14,06005KT,15,07
2017-01-25 15:00:00.000,2017,1,25,15,09005KT,15,06
2017-01-25 16:00:00.000,2017,1,25,16,06007KT,17,08
2017-01-25 17:00:00.000,2017,1,25,17,07008KT,17,08
2017-01-25 18:00:00.000,2017,1,25,18,14012KT,18,07
2017-01-25 19:00:00.000,2017,1,25,19,12010KT,18,07
2017-01-25 20:00:00.000,2017,1,25,20,08008KT,18,07
2017-01-25 21:00:00.000,2017,1,25,21,08008KT,18,07
2017-01-25 22:00:00.000,2017,1,25,22,09008KT,17,07
2017-01-25 23:00:00.000,2017,1,25,23,07006KT,15,06
2017-01-26 00:00:00.000,2017,1,26,0,05007KT,12,07
2017-01-26 01:00:00.000,2017,1,26,1,08003KT,13,07
2017-01-26 02:00:00.000,2017,1,26,2,03003KT,13,07
2017-01-26 03:00:00.000,2017,1,26,3,05004KT,12,07
2017-01-26 04:00:00.000,2017,1,26,4,04005KT,11,07
2017-01-26 05:00:00.000,2017,1,26,5,05005KT,12,09
2017-01-26 06:00:00.000,2017,1,26,6,04006KT,11,09
2017-01-26 06:24:00.000,2017,1,26,6,04003KT,11,09
2017-01-26 07:00:00.000,2017,1,26,7,VRB02KT,11,09
2017-01-26 08:00:00.000,2017,1,26,8,06004KT,11,10
2017-01-26 09:00:00.000,2017,1,26,9,05006KT,11,10
2017-01-26 10:00:00.000,2017,1,26,10,03004KT,11,10
2017-01-26 10:30:00.000,2017,1,26,10,08003KT,11,09
2017-01-26 11:00:00.000,2017,1,26,11,10003KT,11,10
2017-01-26 12:00:00.000,2017,1,26,12,04010KT,12,09
2017-01-26 13:00:00.000,2017,1,26,13,04011KT,13,10
2017-01-26 14:00:00.000,2017,1,26,14,08006KT,14,10
2017-01-26 14:30:00.000,2017,1,26,14,07006KT,16,09
2017-01-26 15:00:00.000,2017,1,26,15,06008KT,15,08
2017-01-26 16:00:00.000,2017,1,26,16,07005KT,16,09
2017-01-26 17:00:00.000,2017,1,26,17,05009KT,15,10
2017-01-26 17:24:00.000,2017,1,26,17,14012KT,18,09
2017-01-26 18:00:00.000,2017,1,26,18,12013KT,18,09
2017-01-26 19:00:00.000,2017,1,26,19,12009KT,17,09
2017-01-26 20:00:00.000,2017,1,26,20,11010KT,18,08
2017-01-26 21:00:00.000,2017,1,26,21,05014KT,16,09
2017-01-26 22:00:00.000,2017,1,26,22,06012KT,15,08
2017-01-26 23:00:00.000,2017,1,26,23,06010KT,14,08
2017-01-27 00:00:00.000,2017,1,27,0,03004KT,14,08
2017-01-27 01:00:00.000,2017,1,27,1,09005KT,14,08
2017-01-27 02:00:00.000,2017,1,27,2,04008KT,13,08
2017-01-27 03:00:00.000,2017,1,27,3,VRB02KT,12,08
2017-01-27 04:00:00.000,2017,1,27,4,02004KT,11,08
2017-01-27 05:00:00.000,2017,1,27,5,03007KT,12,08
2017-01-27 06:00:00.000,2017,1,27,6,04005KT,12,08
2017-01-27 07:00:00.000,2017,1,27,7,01004KT,10,08
2017-01-27 08:00:00.000,2017,1,27,8,06005KT,10,07
2017-01-27 09:00:00.000,2017,1,27,9,04004KT,09,07
2017-01-27 10:00:00.000,2017,1,27,10,05005KT,09,07
2017-01-27 11:00:00.000,2017,1,27,11,02005KT,09,07
2017-01-27 12:00:00.000,2017,1,27,12,06005KT,11,08
2017-01-27 13:00:00.000,2017,1,27,13,06005KT,12,08
2017-01-27 14:00:00.000,2017,1,27,14,05008KT,13,09
2017-01-27 15:00:00.000,2017,1,27,15,14006KT,15,09
2017-01-27 16:00:00.000,2017,1,27,16,12005KT,16,08
2017-01-27 17:00:00.000,2017,1,27,17,13008KT,17,09
2017-01-27 18:00:00.000,2017,1,27,18,13010KT,18,08
2017-01-27 19:00:00.000,2017,1,27,19,12006KT,18,07
2017-01-27 20:00:00.000,2017,1,27,20,09007KT,18,08
2017-01-27 21:00:00.000,2017,1,27,21,12008KT,19,08
2017-01-27 22:00:00.000,2017,1,27,22,14008KT,18,07
2017-01-27 23:00:00.000,2017,1,27,23,11010KT,17,07
2017-01-28 00:00:00.000,2017,1,28,0,VRB02KT,16,08
2017-01-28 01:00:00.000,2017,1,28,1,09005KT,14,08
2017-01-28 02:00:00.000,2017,1,28,2,32003KT,12,08
2017-01-28 03:00:00.000,2017,1,28,3,24005KT,11,10
2017-01-28 04:00:00.000,2017,1,28,4,VRB02KT,11,09
2017-01-28 07:00:00.000,2017,1,28,7,VRB02KT,09,08
2017-01-28 08:00:00.000,2017,1,28,8,32004KT,09,08
2017-01-28 09:00:00.000,2017,1,28,9,VRB02KT,09,08
2017-01-28 10:00:00.000,2017,1,28,10,VRB02KT,09,08
2017-01-28 10:30:00.000,2017,1,28,10,VRB02KT,09,08
2017-01-28 12:00:00.000,2017,1,28,12,30003KT,09,08
2017-01-28 13:00:00.000,2017,1,28,13,VRB02KT,11,09
2017-01-28 14:00:00.000,2017,1,28,14,04006KT,13,10
2017-01-28 14:25:00.000,2017,1,28,14,02006KT,15,10
2017-01-28 15:00:00.000,2017,1,28,15,VRB02KT,17,10
2017-01-28 16:00:00.000,2017,1,28,16,17013KT,19,08
2017-01-28 17:00:00.000,2017,1,28,17,16012KT,19,08
2017-01-28 18:00:00.000,2017,1,28,18,15016KT,20,08
2017-01-28 19:00:00.000,2017,1,28,19,15016KT,20,09
2017-01-28 20:00:00.000,2017,1,28,20,13015KT,19,07
2017-01-28 21:00:00.000,2017,1,28,21,15015KT,19,07
2017-01-28 22:00:00.000,2017,1,28,22,16010KT,17,07
2017-01-28 23:00:00.000,2017,1,28,23,15008KT,16,07
2017-01-29 00:00:00.000,2017,1,29,0,06007KT,15,08
2017-01-29 02:00:00.000,2017,1,29,2,02005KT,13,09
2017-01-29 03:00:00.000,2017,1,29,3,VRB02KT,12,09
2017-01-29 04:00:00.000,2017,1,29,4,04004KT,12,09
2017-01-29 05:00:00.000,2017,1,29,5,03005KT,10,08
2017-01-29 06:00:00.000,2017,1,29,6,04004KT,11,09
2017-01-29 08:00:00.000,2017,1,29,8,05004KT,09,08
2017-01-29 09:00:00.000,2017,1,29,9,VRB02KT,08,06
2017-01-29 10:00:00.000,2017,1,29,10,03004KT,07,06
2017-01-29 10:30:00.000,2017,1,29,10,02004KT,08,08
2017-01-29 11:00:00.000,2017,1,29,11,01003KT,09,08
2017-01-29 12:00:00.000,2017,1,29,12,05005KT,11,09
2017-01-29 13:00:00.000,2017,1,29,13,04007KT,13,09
2017-01-29 13:25:00.000,2017,1,29,13,06007KT,15,09
2017-01-29 14:00:00.000,2017,1,29,14,04004KT,16,09
2017-01-29 15:00:00.000,2017,1,29,15,VRB02KT,18,08
2017-01-29 16:00:00.000,2017,1,29,16,11011KT,19,08
2017-01-29 17:00:00.000,2017,1,29,17,14010KT,19,08
2017-01-29 18:00:00.000,2017,1,29,18,12010KT,18,08
2017-01-29 19:00:00.000,2017,1,29,19,14012KT,19,08
2017-01-29 20:00:00.000,2017,1,29,20,15010KT,19,07
2017-01-29 21:00:00.000,2017,1,29,21,15010KT,19,07
2017-01-29 22:00:00.000,2017,1,29,22,14010KT,19,08
2017-01-29 23:00:00.000,2017,1,29,23,14006KT,17,08
2017-01-30 00:00:00.000,2017,1,30,0,04004KT,14,09
2017-01-30 01:00:00.000,2017,1,30,1,VRB02KT,13,09
2017-01-30 02:00:00.000,2017,1,30,2,04005KT,11,08
2017-01-30 03:00:00.000,2017,1,30,3,VRB02KT,12,08
2017-01-30 04:00:00.000,2017,1,30,4,01003KT,10,08
2017-01-30 05:00:00.000,2017,1,30,5,VRB02KT,09,07
2017-01-30 06:00:00.000,2017,1,30,6,VRB02KT,08,07
2017-01-30 07:00:00.000,2017,1,30,7,36003KT,09,08
2017-01-30 08:00:00.000,2017,1,30,8,29004KT,08,07
2017-01-30 09:00:00.000,2017,1,30,9,35003KT,06,05
2017-01-30 10:00:00.000,2017,1,30,10,02004KT,07,06
2017-01-30 10:30:00.000,2017,1,30,10,VRB02KT,08,08
2017-01-30 11:00:00.000,2017,1,30,11,VRB02KT,09,09
2017-01-30 12:00:00.000,2017,1,30,12,VRB02KT,10,09
2017-01-30 13:00:00.000,2017,1,30,13,VRB02KT,12,09
2017-01-30 15:00:00.000,2017,1,30,15,05003KT,16,09
2017-01-30 16:00:00.000,2017,1,30,16,27003KT,17,09
2017-01-30 17:00:00.000,2017,1,30,17,VRB02KT,18,09
2017-01-30 18:00:00.000,2017,1,30,18,33003KT,18,10
2017-01-30 19:00:00.000,2017,1,30,19,06005KT,19,09
2017-01-30 20:00:00.000,2017,1,30,20,21010KT,17,11
2017-01-30 20:32:00.000,2017,1,30,20,25010KT,18,11
2017-01-30 21:00:00.000,2017,1,30,21,24008KT,17,11
2017-01-30 22:00:00.000,2017,1,30,22,28004KT,15,11
2017-01-30 22:39:00.000,2017,1,30,22,32006KT,14,12
2017-01-30 23:00:00.000,2017,1,30,23,31007KT,14,11
2017-01-31 00:00:00.000,2017,1,31,0,31005KT,13,10
2017-01-31 01:00:00.000,2017,1,31,1,VRB02KT,12,09
2017-01-31 02:00:00.000,2017,1,31,2,VRB02KT,11,10
2017-01-31 03:00:00.000,2017,1,31,3,33004KT,11,09
2017-01-31 04:00:00.000,2017,1,31,4,VRB02KT,11,10
2017-01-31 05:00:00.000,2017,1,31,5,VRB02KT,12,10
2017-01-31 08:00:00.000,2017,1,31,8,VRB02KT,11,10
2017-01-31 09:00:00.000,2017,1,31,9,VRB02KT,11,10
2017-01-31 10:00:00.000,2017,1,31,10,VRB02KT,10,08
2017-01-31 10:30:00.000,2017,1,31,10,34003KT,10,09
2017-01-31 11:00:00.000,2017,1,31,11,33003KT,10,09
2017-01-31 12:00:00.000,2017,1,31,12,VRB02KT,10,09
2017-01-31 13:00:00.000,2017,1,31,13,VRB02KT,12,11
2017-01-31 13:40:00.000,2017,1,31,13,0504KT,15,10
2017-01-31 14:00:00.000,2017,1,31,14,05003KT,16,10
2017-01-31 15:00:00.000,2017,1,31,15,12006KT,18,09
2017-01-31 16:00:00.000,2017,1,31,16,09004KT,19,08
2017-01-31 17:00:00.000,2017,1,31,17,05008KT,18,08
2017-01-31 18:00:00.000,2017,1,31,18,15007KT,19,07
2017-01-31 19:00:00.000,2017,1,31,19,07013KT,18,10
2017-01-31 20:00:00.000,2017,1,31,20,08008KT,19,08
2017-01-31 21:00:00.000,2017,1,31,21,14008KT,18,08
2017-01-31 22:00:00.000,2017,1,31,22,14005G16KT,19,09
2017-01-31 23:00:00.000,2017,1,31,23,VRB02KT,17,08
2017-02-01 00:00:00.000,2017,2,1,0,27003KT,15,11
2017-02-01 01:00:00.000,2017,2,1,1,31004KT,12,11
2017-02-01 02:00:00.000,2017,2,1,2,00000KT,14,11
2017-02-01 03:00:00.000,2017,2,1,3,04007KT,11,09
2017-02-01 04:00:00.000,2017,2,1,4,04003KT,11,09
2017-02-01 05:00:00.000,2017,2,1,5,35004KT,10,08
2017-02-01 06:00:00.000,2017,2,1,6,28004KT,10,08
2017-02-01 07:00:00.000,2017,2,1,7,26004KT,11,09
2017-02-01 08:00:00.000,2017,2,1,8,02003KT,08,07
2017-02-01 09:00:00.000,2017,2,1,9,VRB02KT,09,08
2017-02-01 10:00:00.000,2017,2,1,10,05003KT,09,08
2017-02-01 10:30:00.000,2017,2,1,10,00000KT,09,08
2017-02-01 11:00:00.000,2017,2,1,11,VRB02KT,07,07
2017-02-01 12:00:00.000,2017,2,1,12,VRB02KT,07,06
2017-02-01 13:00:00.000,2017,2,1,13,VRB02KT,11,10
2017-02-01 14:00:00.000,2017,2,1,14,05007KT,15,11
2017-02-01 15:00:00.000,2017,2,1,15,10010KT,17,08
2017-02-01 16:00:00.000,2017,2,1,16,14008KT,19,08
2017-02-01 17:00:00.000,2017,2,1,17,15008KT,20,07
2017-02-01 18:00:00.000,2017,2,1,18,11008KT,20,07
2017-02-01 19:00:00.000,2017,2,1,19,28010KT,20,10
2017-02-01 20:00:00.000,2017,2,1,20,24010KT,18,11
2017-02-01 21:00:00.000,2017,2,1,21,25010KT,19,11
2017-02-01 22:00:00.000,2017,2,1,22,24009KT,17,12
2017-02-01 23:00:00.000,2017,2,1,23,24010KT,15,12
2017-02-02 00:00:00.000,2017,2,2,0,VRB02KT,14,11
2017-02-02 01:00:00.000,2017,2,2,1,VRB02KT,12,10
2017-02-02 02:00:00.000,2017,2,2,2,34004KT,12,11
2017-02-02 03:00:00.000,2017,2,2,3,VRB02KT,11,10
2017-02-02 04:00:00.000,2017,2,2,4,36004KT,11,10
2017-02-02 06:00:00.000,2017,2,2,6,VRB02KT,12,10
2017-02-02 09:00:00.000,2017,2,2,9,18003KT,08,06
2017-02-02 10:00:00.000,2017,2,2,10,VRB02KT,08,07
2017-02-02 10:30:00.000,2017,2,2,10,VRB02KT,07,07
2017-02-02 11:00:00.000,2017,2,2,11,VRB02KT,07,06
2017-02-02 12:00:00.000,2017,2,2,12,VRB02KT,07,06
2017-02-02 13:00:00.000,2017,2,2,13,VRB02KT,12,11
2017-02-02 14:00:00.000,2017,2,2,14,06006KT,15,07
2017-02-02 15:00:00.000,2017,2,2,15,03004KT,17,07
2017-02-02 16:00:00.000,2017,2,2,16,03004KT,18,06
2017-02-02 17:00:00.000,2017,2,2,17,VRB04KT,20,05
2017-02-02 18:00:00.000,2017,2,2,18,04006KT,20,05
2017-02-02 19:00:00.000,2017,2,2,19,23010KT,20,09
2017-02-02 20:00:00.000,2017,2,2,20,25012KT,21,09
2017-02-02 21:00:00.000,2017,2,2,21,24012KT,18,09
2017-02-02 22:00:00.000,2017,2,2,22,28009KT,17,10
2017-02-02 23:00:00.000,2017,2,2,23,31010KT,15,11
2017-02-03 00:00:00.000,2017,2,3,0,26006KT,14,10
2017-02-03 01:00:00.000,2017,2,3,1,VRB02KT,13,10
2017-02-03 02:00:00.000,2017,2,3,2,VRB02KT,13,11
2017-02-03 03:00:00.000,2017,2,3,3,VRB02KT,12,10
2017-02-03 04:00:00.000,2017,2,3,4,VRB02KT,11,09
2017-02-03 05:00:00.000,2017,2,3,5,VRB02KT,10,09
2017-02-03 06:00:00.000,2017,2,3,6,VRB02KT,11,09
2017-02-03 07:00:00.000,2017,2,3,7,02003KT,10,08
2017-02-03 08:00:00.000,2017,2,3,8,VRB02KT,09,08
2017-02-03 09:00:00.000,2017,2,3,9,00000KT,08,07
2017-02-03 10:00:00.000,2017,2,3,10,VRB02KT,06,06
2017-02-03 11:00:00.000,2017,2,3,11,01004KT,06,05
2017-02-03 12:00:00.000,2017,2,3,12,03005KT,06,06
2017-02-03 12:25:00.000,2017,2,3,12,05004KT,08,08
2017-02-03 13:00:00.000,2017,2,3,13,04004KT,10,10
2017-02-03 13:28:00.000,2017,2,3,13,05005KT,12,09
2017-02-03 14:00:00.000,2017,2,3,14,07010KT,14,09
2017-02-03 15:00:00.000,2017,2,3,15,14009KT,17,08
2017-02-03 16:00:00.000,2017,2,3,16,16007KT,19,07
2017-02-03 17:00:00.000,2017,2,3,17,20006KT,20,07
2017-02-03 18:00:00.000,2017,2,3,18,13010KT,19,08
2017-02-03 19:00:00.000,2017,2,3,19,14014KT,22,07
2017-02-03 20:00:00.000,2017,2,3,20,16016KT,22,06
2017-02-03 21:00:00.000,2017,2,3,21,13006KT,20,06
2017-02-03 22:00:00.000,2017,2,3,22,34008KT,18,12
2017-02-03 23:00:00.000,2017,2,3,23,32006KT,16,11
2017-02-04 00:00:00.000,2017,2,4,0,26004KT,15,11
2017-02-04 01:00:00.000,2017,2,4,1,VRB02KT,15,11
2017-02-04 02:00:00.000,2017,2,4,2,VRB02KT,14,10
2017-02-04 03:00:00.000,2017,2,4,3,01006KT,11,10
2017-02-04 04:00:00.000,2017,2,4,4,02005KT,10,08
2017-02-04 05:00:00.000,2017,2,4,5,01003KT,10,08
2017-02-04 06:00:00.000,2017,2,4,6,VRB02KT,09,08
2017-02-04 07:00:00.000,2017,2,4,7,VRB02KT,06,05
2017-02-04 08:00:00.000,2017,2,4,8,05004KT,07,06
2017-02-04 09:00:00.000,2017,2,4,9,VRB02KT,06,05
2017-02-04 10:00:00.000,2017,2,4,10,VRB02KT,06,06
2017-02-04 11:00:00.000,2017,2,4,11,VRB02KT,05,04
2017-02-04 12:00:00.000,2017,2,4,12,03005KT,05,05
2017-02-04 13:00:00.000,2017,2,4,13,VRB02KT,10,09
2017-02-04 14:00:00.000,2017,2,4,14,05005KT,15,09
2017-02-04 15:00:00.000,2017,2,4,15,02006KT,18,09
2017-02-04 16:00:00.000,2017,2,4,16,04006KT,19,08
2017-02-04 17:00:00.000,2017,2,4,17,05009KT,20,06
2017-02-04 18:00:00.000,2017,2,4,18,10010KT,21,04
2017-02-04 19:00:00.000,2017,2,4,19,13012KT,21,04
2017-02-04 20:00:00.000,2017,2,4,20,15015KT,21,04
2017-02-04 21:00:00.000,2017,2,4,21,14014KT,19,04
2017-02-04 22:00:00.000,2017,2,4,22,11015KT,18,04
2017-02-04 23:00:00.000,2017,2,4,23,14012KT,17,05
2017-02-05 00:00:00.000,2017,2,5,0,11009KT,16,06
2017-02-05 01:00:00.000,2017,2,5,1,04004KT,14,06
2017-02-05 02:00:00.000,2017,2,5,2,02005KT,10,06
2017-02-05 03:00:00.000,2017,2,5,3,03006KT,11,06
2017-02-05 04:00:00.000,2017,2,5,4,04006KT,11,06
2017-02-05 05:00:00.000,2017,2,5,5,04004KT,10,06
2017-02-05 06:00:00.000,2017,2,5,6,05005KT,10,06
2017-02-05 07:00:00.000,2017,2,5,7,32003KT,08,06
2017-02-05 08:00:00.000,2017,2,5,8,06004KT,08,06
2017-02-05 09:00:00.000,2017,2,5,9,06006KT,09,07
2017-02-05 10:00:00.000,2017,2,5,10,05007KT,08,06
2017-02-05 11:00:00.000,2017,2,5,11,05007KT,08,06
2017-02-05 12:00:00.000,2017,2,5,12,04007KT,09,07
2017-02-05 13:00:00.000,2017,2,5,13,03004KT,13,08
2017-02-05 15:00:00.000,2017,2,5,15,07007KT,18,06
2017-02-05 16:00:00.000,2017,2,5,16,11010KT,20,03
2017-02-05 17:00:00.000,2017,2,5,17,14012KT,21,04
2017-02-05 18:00:00.000,2017,2,5,18,12010KT,22,04
2017-02-05 19:00:00.000,2017,2,5,19,13010KT,22,05
2017-02-05 20:00:00.000,2017,2,5,20,13014KT,21,04
2017-02-05 21:00:00.000,2017,2,5,21,11013KT,21,03
2017-02-05 22:00:00.000,2017,2,5,22,12014KT,19,02
2017-02-05 23:00:00.000,2017,2,5,23,13014KT,18,01
2017-02-06 00:00:00.000,2017,2,6,0,10008KT,,
2017-02-06 01:00:00.000,2017,2,6,1,11005KT,,
2017-02-06 02:00:00.000,2017,2,6,2,02004KT,,
2017-02-06 03:00:00.000,2017,2,6,3,03005KT,13,03
2017-02-06 04:00:00.000,2017,2,6,4,05005KT,10,04
2017-02-06 05:00:00.000,2017,2,6,5,01004KT,09,04
2017-02-06 06:00:00.000,2017,2,6,6,04006KT,07,03
2017-02-06 09:00:00.000,2017,2,6,9,VRB02KT,03,02
2017-02-06 10:00:00.000,2017,2,6,10,31004KT,04,03
2017-02-06 11:00:00.000,2017,2,6,11,VRB02KT,03,02
2017-02-06 12:00:00.000,2017,2,6,12,VRBV02KT,03,02
2017-02-06 13:00:00.000,2017,2,6,13,07005KT,10,05
2017-02-06 13:25:00.000,2017,2,6,13,05006KT,13,03
2017-02-06 14:00:00.000,2017,2,6,14,06005KT,15,02
2017-02-06 15:00:00.000,2017,2,6,15,04005KT,17,01
2017-02-06 16:00:00.000,2017,2,6,16,10006KT,20,01
2017-02-06 17:00:00.000,2017,2,6,17,13012KT,22,00
2017-02-06 18:00:00.000,2017,2,6,18,12007G17KT,,
2017-02-06 19:00:00.000,2017,2,6,19,11012G22KT,,
2017-02-06 20:00:00.000,2017,2,6,20,13016KT,,
2017-02-06 21:00:00.000,2017,2,6,21,13010G20KT,,
2017-02-06 22:00:00.000,2017,2,6,22,12013KT,,
2017-02-06 23:00:00.000,2017,2,6,23,14017KT,,
2017-02-07 00:00:00.000,2017,2,7,0,11009KT,,
2017-02-07 01:00:00.000,2017,2,7,1,09004KT,,
2017-02-07 02:00:00.000,2017,2,7,2,07004KT,14,01
2017-02-07 03:00:00.000,2017,2,7,3,06004KT,12,04
2017-02-07 04:00:00.000,2017,2,7,4,05004KT,11,05
2017-02-07 05:00:00.000,2017,2,7,5,03005KT,10,05
2017-02-07 06:00:00.000,2017,2,7,6,05004KT,10,05
2017-02-07 07:00:00.000,2017,2,7,7,03005KT,08,04
2017-02-07 08:00:00.000,2017,2,7,8,36003KT,09,04
2017-02-07 09:00:00.000,2017,2,7,9,03004KT,08,05
2017-02-07 10:00:00.000,2017,2,7,10,00000KT,06,04
2017-02-07 10:30:00.000,2017,2,7,10,04006KT,08,05
2017-02-07 11:00:00.000,2017,2,7,11,06006KT,08,05
2017-02-07 12:00:00.000,2017,2,7,12,06005KT,09,04
2017-02-07 13:00:00.000,2017,2,7,13,04010KT,12,04
2017-02-07 14:00:00.000,2017,2,7,14,05011KT,16,02
2017-02-07 15:00:00.000,2017,2,7,15,04010KT,18,01
2017-02-07 16:00:00.000,2017,2,7,16,11012KT,21,01
2017-02-07 17:00:00.000,2017,2,7,17,12014KT,22,00
2017-02-07 19:38:00.000,2017,2,7,19,12012KT,23,00
2017-02-07 20:00:00.000,2017,2,7,20,07013KT,,
2017-02-07 21:00:00.000,2017,2,7,21,06016KT,,
2017-02-07 22:00:00.000,2017,2,7,22,08011KT,,
2017-02-07 23:00:00.000,2017,2,7,23,07008KT,,
2017-02-08 00:00:00.000,2017,2,8,0,11005KT,,
2017-02-08 01:00:00.000,2017,2,8,1,VRB02KT,,
2017-02-08 02:00:00.000,2017,2,8,2,36003KT,11,00
2017-02-08 03:00:00.000,2017,2,8,3,03003KT,08,02
2017-02-08 04:00:00.000,2017,2,8,4,33003KT,09,05
2017-02-08 05:00:00.000,2017,2,8,5,04004KT,07,05
2017-02-08 06:00:00.000,2017,2,8,6,VRB02KT,05,02
2017-02-08 07:00:00.000,2017,2,8,7,02004KT,06,05
2017-02-08 08:00:00.000,2017,2,8,8,080800Z,07,06
2017-02-08 09:00:00.000,2017,2,8,9,30004KT,05,04
2017-02-08 10:00:00.000,2017,2,8,10,081000Z,05,04
2017-02-08 10:30:00.000,2017,2,8,10,01003KT,02,02
2017-02-08 11:00:00.000,2017,2,8,11,02004KT,04,03
2017-02-08 12:00:00.000,2017,2,8,12,VRB02KT,08,07
2017-02-08 13:00:00.000,2017,2,8,13,35004KT,11,09
2017-02-08 14:00:00.000,2017,2,8,14,04008KT,15,06
2017-02-08 15:00:00.000,2017,2,8,15,02006KT,18,02
2017-02-08 16:00:00.000,2017,2,8,16,02008KT,20,03
2017-02-08 17:00:00.000,2017,2,8,17,13012KT,,
2017-02-08 18:00:00.000,2017,2,8,18,12010KT,,
2017-02-08 19:00:00.000,2017,2,8,19,11011KT,,
2017-02-08 19:05:00.000,2017,2,8,19,13016KT,,
2017-02-08 20:00:00.000,2017,2,8,20,10012KT,,
2017-02-08 21:00:00.000,2017,2,8,21,05014KT,,
2017-02-08 22:00:00.000,2017,2,8,22,04016KT,,
2017-02-08 23:00:00.000,2017,2,8,23,07007KT,,
2017-02-09 00:00:00.000,2017,2,9,0,28004KT,16,11
2017-02-09 01:00:00.000,2017,2,9,1,35003KT,12,10
2017-02-09 02:00:00.000,2017,2,9,2,34003KT,12,09
2017-02-09 03:00:00.000,2017,2,9,3,00000KT,11,09
2017-02-09 04:00:00.000,2017,2,9,4,34005KT,08,07
2017-02-09 05:00:00.000,2017,2,9,5,VRB02KT,08,05
2017-02-09 06:00:00.000,2017,2,9,6,36003KT,05,03
2017-02-09 07:00:00.000,2017,2,9,7,33003KT,06,04
2017-02-09 08:00:00.000,2017,2,9,8,00000KT,05,03
2017-02-09 09:00:00.000,2017,2,9,9,02004KT,03,02
2017-02-09 10:00:00.000,2017,2,9,10,VRB02KT,06,04
2017-02-09 10:30:00.000,2017,2,9,10,02003KT,05,04
2017-02-09 11:00:00.000,2017,2,9,11,01004KT,06,04
2017-02-09 11:30:00.000,2017,2,9,11,15003KT,03,02
2017-02-09 12:00:00.000,2017,2,9,12,11003KT,06,05
2017-02-09 12:20:00.000,2017,2,9,12,35004KT,08,07
2017-02-09 13:00:00.000,2017,2,9,13,02005KT,11,07
2017-02-09 13:30:00.000,2017,2,9,13,03005KT,13,07
2017-02-09 14:00:00.000,2017,2,9,14,36007KT,14,06
2017-02-09 15:00:00.000,2017,2,9,15,05007KT,17,02
2017-02-09 15:30:00.000,2017,2,9,15,03006KT,,
2017-02-09 16:00:00.000,2017,2,9,16,09006KT,,
2017-02-09 17:00:00.000,2017,2,9,17,15003KT,,
2017-02-09 18:00:00.000,2017,2,9,18,36005KT,,
2017-02-09 19:00:00.000,2017,2,9,19,31008KT,22,05
2017-02-09 20:00:00.000,2017,2,9,20,27013KT,22,09
2017-02-09 21:00:00.000,2017,2,9,21,30014KT,20,09
2017-02-09 22:00:00.000,2017,2,9,22,29007KT,18,10
2017-02-09 23:00:00.000,2017,2,9,23,25006KT,16,12
2017-02-10 00:00:00.000,2017,2,10,0,24007KT,16,11
2017-02-10 01:00:00.000,2017,2,10,1,25006KT,15,11
2017-02-10 02:00:00.000,2017,2,10,2,26005KT,13,11
2017-02-10 03:00:00.000,2017,2,10,3,29006KT,14,11
2017-02-10 04:00:00.000,2017,2,10,4,27004KT,14,10
2017-02-10 05:00:00.000,2017,2,10,5,27004KT,13,10
2017-02-10 06:00:00.000,2017,2,10,6,VRB02KT,12,10
2017-02-10 09:00:00.000,2017,2,10,9,31004KT,12,10
2017-02-10 10:00:00.000,2017,2,10,10,VRB02KT,12,09
2017-02-10 10:30:00.000,2017,2,10,10,27004KT,12,09
2017-02-10 11:00:00.000,2017,2,10,11,31003KT,12,09
2017-02-10 11:00:00.000,2017,2,10,11,31003KT,12,09
2017-02-10 12:00:00.000,2017,2,10,12,33005KT,12,09
2017-02-10 13:00:00.000,2017,2,10,13,32003KT,13,10
2017-02-10 14:00:00.000,2017,2,10,14,33003KT,16,09
2017-02-10 15:00:00.000,2017,2,10,15,VRB02KT,18,08
2017-02-10 16:00:00.000,2017,2,10,16,34006KT,19,08
2017-02-10 17:00:00.000,2017,2,10,17,29012KT,20,09
2017-02-10 18:00:00.000,2017,2,10,18,31010KT,20,09
2017-02-10 19:00:00.000,2017,2,10,19,28012KT,21,10
2017-02-10 20:00:00.000,2017,2,10,20,29013KT,20,10
2017-02-10 21:00:00.000,2017,2,10,21,27014KT,20,10
2017-02-10 22:00:00.000,2017,2,10,22,27010KT,18,11
2017-02-10 23:00:00.000,2017,2,10,23,27008KT,16,11
2017-02-11 00:00:00.000,2017,2,11,0,31004KT,14,11
2017-02-11 01:00:00.000,2017,2,11,1,30004KT,13,10
2017-02-11 02:00:00.000,2017,2,11,2,29004KT,13,11
2017-02-11 03:00:00.000,2017,2,11,3,31007KT,11,09
2017-02-11 04:00:00.000,2017,2,11,4,30005KT,11,09
2017-02-11 05:00:00.000,2017,2,11,5,30004KT,11,09
2017-02-11 06:00:00.000,2017,2,11,6,VRB02KT,11,09
2017-02-11 09:00:00.000,2017,2,11,9,27005KT,09,08
2017-02-11 10:00:00.000,2017,2,11,10,VRB02KT,08,07
2017-02-11 10:30:00.000,2017,2,11,10,34004KT,06,06
2017-02-11 11:00:00.000,2017,2,11,11,33004KT,07,06
2017-02-11 12:00:00.000,2017,2,11,12,VRB02KT,08,07
2017-02-11 13:00:00.000,2017,2,11,13,25004KT,10,09
2017-02-11 14:00:00.000,2017,2,11,14,VRB03KT,14,10
2017-02-11 15:00:00.000,2017,2,11,15,VRB03KT,17,10
2017-02-11 16:00:00.000,2017,2,11,16,VRB06KT,19,07
2017-02-11 17:00:00.000,2017,2,11,17,33008KT,19,09
2017-02-11 18:00:00.000,2017,2,11,18,29012KT,21,09
2017-02-11 19:00:00.000,2017,2,11,19,26013KT,21,10
2017-02-11 20:00:00.000,2017,2,11,20,26012KT,21,10
2017-02-11 21:00:00.000,2017,2,11,21,29013KT,19,10
2017-02-11 22:00:00.000,2017,2,11,22,27012KT,18,10
2017-02-11 23:00:00.000,2017,2,11,23,25010KT,16,10
2017-02-12 00:00:00.000,2017,2,12,0,30008KT,15,11
2017-02-12 01:00:00.000,2017,2,12,1,26004KT,15,11
2017-02-12 02:00:00.000,2017,2,12,2,35004KT,12,10
2017-02-12 03:00:00.000,2017,2,12,3,26005KT,13,11
2017-02-12 04:00:00.000,2017,2,12,4,27005KT,14,11
2017-02-12 05:00:00.000,2017,2,12,5,32004KT,13,11
2017-02-12 06:00:00.000,2017,2,12,6,32005KT,12,11
2017-02-12 07:00:00.000,2017,2,12,7,VRB02KT,12,11
2017-02-12 08:00:00.000,2017,2,12,8,30004KT,12,11
2017-02-12 09:00:00.000,2017,2,12,9,VRB02KT,11,10
2017-02-12 10:00:00.000,2017,2,12,10,VRB02KT,11,10
2017-02-12 10:30:00.000,2017,2,12,10,VRB02KT,11,11
2017-02-12 11:00:00.000,2017,2,12,11,24003KT,12,11
2017-02-12 12:00:00.000,2017,2,12,12,03004KT,11,10
2017-02-12 12:30:00.000,2017,2,12,12,VRB02KT,13,12
2017-02-12 13:00:00.000,2017,2,12,13,04003KT,13,12
2017-02-12 14:00:00.000,2017,2,12,14,36004KT,14,11
2017-02-12 15:00:00.000,2017,2,12,15,32004KT,16,12
2017-02-12 16:00:00.000,2017,2,12,16,26004KT,19,10
2017-02-12 17:00:00.000,2017,2,12,17,26008KT,18,10
2017-02-12 18:00:00.000,2017,2,12,18,26006KT,19,10
2017-02-12 19:00:00.000,2017,2,12,19,27015KT,20,09
2017-02-12 20:00:00.000,2017,2,12,20,25012KT,20,09
2017-02-12 21:00:00.000,2017,2,12,21,28010KT,18,10
2017-02-12 22:00:00.000,2017,2,12,22,29008KT,18,11
2017-02-12 23:00:00.000,2017,2,12,23,31010KT,15,11
2017-02-12 23:12:00.000,2017,2,12,23,31011KT,13,11
2017-02-13 00:00:00.000,2017,2,13,0,30009KT,13,11
2017-02-13 01:00:00.000,2017,2,13,1,28004KT,13,10
2017-02-13 02:00:00.000,2017,2,13,2,VRB02KT,13,09
2017-02-13 03:00:00.000,2017,2,13,3,30003KT,13,09
2017-02-13 04:00:00.000,2017,2,13,4,33005KT,13,09
2017-02-13 05:00:00.000,2017,2,13,5,VRB02KT,13,10
2017-02-13 06:00:00.000,2017,2,13,6,01003KT,12,10
2017-02-13 07:00:00.000,2017,2,13,7,31003KT,10,09
2017-02-13 08:00:00.000,2017,2,13,8,31005KT,10,09
2017-02-13 09:00:00.000,2017,2,13,9,VRB02KT,10,09
2017-02-13 10:00:00.000,2017,2,13,10,27004KT,11,09
2017-02-13 10:30:00.000,2017,2,13,10,25003KT,10,09
2017-02-13 11:00:00.000,2017,2,13,11,24004KT,11,10
2017-02-13 12:00:00.000,2017,2,13,12,28004KT,12,09
2017-02-13 13:00:00.000,2017,2,13,13,31004KT,14,10
2017-02-13 14:00:00.000,2017,2,13,14,34006KT,16,10
2017-02-13 15:00:00.000,2017,2,13,15,31006KT,17,09
2017-02-13 16:00:00.000,2017,2,13,16,32010KT,19,09
2017-02-13 17:00:00.000,2017,2,13,17,30013KT,19,09
2017-02-13 18:00:00.000,2017,2,13,18,27010KT,20,07
2017-02-13 19:00:00.000,2017,2,13,19,28012KT,21,08
2017-02-13 20:00:00.000,2017,2,13,20,25010KT,20,08
2017-02-13 21:00:00.000,2017,2,13,21,28010KT,20,09
2017-02-13 22:00:00.000,2017,2,13,22,32010KT,16,10
2017-02-13 23:00:00.000,2017,2,13,23,32006KT,15,10
2017-02-14 00:00:00.000,2017,2,14,0,32005KT,14,10
2017-02-14 01:00:00.000,2017,2,14,1,VRB02KT,13,10
2017-02-14 02:00:00.000,2017,2,14,2,30005KT,12,10
2017-02-14 03:00:00.000,2017,2,14,3,31005KT,12,09
2017-02-14 04:00:00.000,2017,2,14,4,27006KT,12,09
2017-02-14 05:00:00.000,2017,2,14,5,24004KT,12,09
2017-02-14 06:00:00.000,2017,2,14,6,24004KT,10,09
2017-02-14 09:00:00.000,2017,2,14,9,VRB02KT,07,06
2017-02-14 10:00:00.000,2017,2,14,10,VRB02KT,06,05
2017-02-14 11:00:00.000,2017,2,14,11,01003KT,06,06
2017-02-14 12:00:00.000,2017,2,14,12,33003KT,06,05
2017-02-14 13:00:00.000,2017,2,14,13,VRB02KT,11,10
2017-02-14 14:00:00.000,2017,2,14,14,29004KT,15,09
2017-02-14 15:00:00.000,2017,2,14,15,36008KT,17,07
2017-02-14 16:00:00.000,2017,2,14,16,35008KT,18,07
2017-02-14 17:00:00.000,2017,2,14,17,30011KT,19,07
2017-02-14 18:00:00.000,2017,2,14,18,32005KT,20,08
2017-02-14 19:00:00.000,2017,2,14,19,34009KT,20,10
2017-02-14 20:00:00.000,2017,2,14,20,30014KT,20,09
2017-02-14 21:00:00.000,2017,2,14,21,30013KT,20,08
2017-02-14 22:00:00.000,2017,2,14,22,27013KT,17,09
2017-02-14 23:00:00.000,2017,2,14,23,31011KT,15,10
2017-02-15 01:00:00.000,2017,2,15,1,30006KT,13,09
2017-02-15 02:00:00.000,2017,2,15,2,31004KT,13,08
2017-02-15 03:00:00.000,2017,2,15,3,31004KT,11,08
2017-02-15 04:00:00.000,2017,2,15,4,VRB02KT,09,08
2017-02-15 12:00:00.000,2017,2,15,12,VRB02KT,10,06
2017-02-15 13:00:00.000,2017,2,15,13,VRB02KT,12,07
2017-02-15 13:30:00.000,2017,2,15,13,20005KT,15,08
2017-02-15 14:00:00.000,2017,2,15,14,VRB02KT,15,08
2017-02-15 15:00:00.000,2017,2,15,15,31004KT,18,06
2017-02-15 16:00:00.000,2017,2,15,16,22010KT,20,06
2017-02-15 17:00:00.000,2017,2,15,17,25014KT,20,03
2017-02-15 18:00:00.000,2017,2,15,18,24014KT,20,05
2017-02-15 19:00:00.000,2017,2,15,19,26014KT,20,14
2017-02-15 20:00:00.000,2017,2,15,20,28012KT,21,05
2017-02-15 21:00:00.000,2017,2,15,21,30012KT,18,08
2017-02-15 22:00:00.000,2017,2,15,22,31011KT,17,09
2017-02-15 23:00:00.000,2017,2,15,23,33006KT,16,08
2017-02-16 00:00:00.000,2017,2,16,0,32005KT,14,08
2017-02-16 01:00:00.000,2017,2,16,1,31005KT,12,09
2017-02-16 02:00:00.000,2017,2,16,2,28007KT,12,09
2017-02-16 03:00:00.000,2017,2,16,3,27006KT,11,09
2017-02-16 04:00:00.000,2017,2,16,4,27003KT,09,07
2017-02-16 05:00:00.000,2017,2,16,5,VRB02KT,09,08
2017-02-16 09:00:00.000,2017,2,16,9,VRB02KT,07,06
2017-02-16 10:30:00.000,2017,2,16,10,VRB02KT,05,05
2017-02-16 11:00:00.000,2017,2,16,11,00000KT,06,05
2017-02-16 12:00:00.000,2017,2,16,12,32004KT,06,05
2017-02-16 12:30:00.000,2017,2,16,12,VRB02KT,08,08
2017-02-16 13:00:00.000,2017,2,16,13,03005KT,10,09
2017-02-16 13:20:00.000,2017,2,16,13,36003KT,12,09
2017-02-16 14:00:00.000,2017,2,16,14,2003KT,14,09
2017-02-16 14:10:00.000,2017,2,16,14,VRB02KT,16,09
2017-02-16 15:00:00.000,2017,2,16,15,35006KT,17,08
2017-02-16 16:00:00.000,2017,2,16,16,33005KT,18,07
2017-02-16 18:00:00.000,2017,2,16,18,31012KT,20,07
2017-02-16 19:00:00.000,2017,2,16,19,32013KT,16,09
2017-02-16 21:00:00.000,2017,2,16,21,32013KT,18,08
2017-02-16 22:00:00.000,2017,2,16,22,31012KT,16,09
2017-02-17 00:00:00.000,2017,2,17,0,25005KT,15,08
2017-02-17 03:00:00.000,2017,2,17,3,28009KT,13,10
2017-02-17 04:00:00.000,2017,2,17,4,VRB02KT,13,09
2017-02-17 05:00:00.000,2017,2,17,5,VRB02KT,13,09
2017-02-17 10:30:00.000,2017,2,17,10,VRB02KT,10,09
2017-02-17 11:00:00.000,2017,2,17,11,VRB02KT,10,09
2017-02-17 12:34:00.000,2017,2,17,12,VRB02KT,12,11
2017-02-17 13:00:00.000,2017,2,17,13,VRB02KT,12,11
2017-02-17 14:00:00.000,2017,2,17,14,VRB02KT,14,09
2017-02-17 15:00:00.000,2017,2,17,15,03004KT,14,10
2017-02-17 15:30:00.000,2017,2,17,15,34005KT,16,09
2017-02-17 16:00:00.000,2017,2,17,16,36008KT,17,10
2017-02-17 17:00:00.000,2017,2,17,17,01007KT,16,10
2017-02-17 18:00:00.000,2017,2,17,18,33010KT,16,10
2017-02-17 19:00:00.000,2017,2,17,19,32010KT,15,09
2017-02-17 20:00:00.000,2017,2,17,20,31008KT,15,09
2017-02-17 21:00:00.000,2017,2,17,21,35007KT,15,09
2017-02-17 22:00:00.000,2017,2,17,22,34006KT,16,08
2017-02-17 23:00:00.000,2017,2,17,23,32008KT,14,10
2017-02-18 00:00:00.000,2017,2,18,0,29005KT,12,09
2017-02-18 01:00:00.000,2017,2,18,1,32003KT,11,09
2017-02-18 02:00:00.000,2017,2,18,2,31008KT,13,10
2017-02-18 03:00:00.000,2017,2,18,3,VRB02KT,12,10
2017-02-18 14:00:00.000,2017,2,18,14,34003KT,16,09
2017-02-18 15:00:00.000,2017,2,18,15,18006KT,18,08
2017-02-18 16:00:00.000,2017,2,18,16,31010KT,19,08
2017-02-18 17:00:00.000,2017,2,18,17,26008G18KT,19,07
2017-02-18 18:00:00.000,2017,2,18,18,24010KT,20,06
2017-02-18 19:00:00.000,2017,2,18,19,28011KT,20,08
2017-02-18 20:00:00.000,2017,2,18,20,27010KT,19,07
2017-02-18 21:00:00.000,2017,2,18,21,26014KT,19,08
2017-02-18 22:00:00.000,2017,2,18,22,28012KT,18,09
2017-02-18 23:00:00.000,2017,2,18,23,31007KT,16,08
2017-02-19 00:00:00.000,2017,2,19,0,28004KT,14,10
2017-02-19 02:00:00.000,2017,2,19,2,30005KT,13,10
2017-02-19 03:00:00.000,2017,2,19,3,VRB02KT,09,08
2017-02-19 04:00:00.000,2017,2,19,4,32004KT,08,07
2017-02-19 05:00:00.000,2017,2,19,5,30003KT,08,07
2017-02-19 06:00:00.000,2017,2,19,6,33003KT,07,07
2017-02-19 08:00:00.000,2017,2,19,8,31004KT,06,02
2017-02-19 10:00:00.000,2017,2,19,10,32004KT,07,07
2017-02-19 11:00:00.000,2017,2,19,11,28004KT,08,08
2017-02-19 12:00:00.000,2017,2,19,12,VRB02KT,08,08
2017-02-19 13:00:00.000,2017,2,19,13,VRB02KT,10,10
2017-02-19 14:00:00.000,2017,2,19,14,36003KT,13,12
2017-02-19 15:00:00.000,2017,2,19,15,03003KT,18,09
2017-02-19 16:00:00.000,2017,2,19,16,27005KT,20,09
2017-02-19 17:00:00.000,2017,2,19,17,28007KT,21,07
2017-02-19 18:00:00.000,2017,2,19,18,27011KT,20,11
2017-02-19 19:00:00.000,2017,2,19,19,28012KT,19,11
2017-02-19 20:00:00.000,2017,2,19,20,27013KT,19,10
2017-02-19 21:00:00.000,2017,2,19,21,27011KT,19,10
2017-02-19 22:00:00.000,2017,2,19,22,27013KT,18,11
2017-02-19 23:00:00.000,2017,2,19,23,29009KT,16,11
2017-02-20 00:00:00.000,2017,2,20,0,28007KT,15,11
2017-02-20 01:00:00.000,2017,2,20,1,36003KT,13,11
2017-02-20 02:00:00.000,2017,2,20,2,28003KT,13,11
2017-02-20 03:00:00.000,2017,2,20,3,28004KT,13,11
2017-02-20 04:00:00.000,2017,2,20,4,28004KT,13,11
2017-02-20 11:00:00.000,2017,2,20,11,VRB02KT,11,10
2017-02-20 12:00:00.000,2017,2,20,12,31003KT,12,10
2017-02-20 12:30:00.000,2017,2,20,12,VRB02KT,13,10
2017-02-20 13:00:00.000,2017,2,20,13,34003KT,14,10
2017-02-20 13:30:00.000,2017,2,20,13,VRB02KT,16,10
2017-02-20 15:00:00.000,2017,2,20,15,25004KT,18,09
2017-02-20 16:00:00.000,2017,2,20,16,28004KT,20,09
2017-02-20 18:00:00.000,2017,2,20,18,26013KT,19,10
2017-02-20 18:04:00.000,2017,2,20,18,27016KT,17,13
2017-02-20 18:30:00.000,2017,2,20,18,28012KT,17,12
2017-02-20 19:00:00.000,2017,2,20,19,30010KT,18,11
2017-02-20 20:00:00.000,2017,2,20,20,28010KT,16,12
2017-02-20 20:13:00.000,2017,2,20,20,27008KT,18,12
2017-02-20 21:00:00.000,2017,2,20,21,31007KT,18,12
2017-02-20 21:25:00.000,2017,2,20,21,31010KT,17,11
2017-02-20 22:00:00.000,2017,2,20,22,30009KT,17,11
2017-02-20 22:00:00.000,2017,2,20,22,29010KT,17,11
2017-02-20 23:00:00.000,2017,2,20,23,21005KT,16,10
2017-02-21 00:00:00.000,2017,2,21,0,28004KT,16,11
2017-02-21 01:00:00.000,2017,2,21,1,32006KT,13,10
2017-02-21 02:00:00.000,2017,2,21,2,28006KT,13,10
2017-02-21 03:00:00.000,2017,2,21,3,30005KT,12,10
2017-02-21 04:00:00.000,2017,2,21,4,34003KT,10,09
2017-02-21 10:30:00.000,2017,2,21,10,05003KT,07,07
2017-02-21 11:00:00.000,2017,2,21,11,VRB02KT,07,07
2017-02-21 12:00:00.000,2017,2,21,12,04004KT,10,09
2017-02-21 13:00:00.000,2017,2,21,13,05005KT,12,10
2017-02-21 14:00:00.000,2017,2,21,14,VRB02KT,16,10
2017-02-21 15:00:00.000,2017,2,21,15,VRB02KT,18,10
2017-02-21 16:00:00.000,2017,2,21,16,26003KT,20,10
2017-02-21 17:00:00.000,2017,2,21,17,28010KT,20,11
2017-02-21 18:00:00.000,2017,2,21,18,26012KT,21,11
2017-02-21 19:00:00.000,2017,2,21,19,27015KT,21,11
2017-02-21 20:00:00.000,2017,2,21,20,28013KT,21,11
2017-02-21 21:00:00.000,2017,2,21,21,28012KT,20,11
2017-02-21 22:00:00.000,2017,2,21,22,29012KT,19,12
2017-02-21 23:00:00.000,2017,2,21,23,27008KT,17,11
2017-02-22 00:00:00.000,2017,2,22,0,30006KT,16,11
2017-02-22 01:00:00.000,2017,2,22,1,VRB02KT,14,10
2017-02-22 11:00:00.000,2017,2,22,11,04004KT,06,06
2017-02-22 12:00:00.000,2017,2,22,12,34003KT,08,07
2017-02-22 12:25:00.000,2017,2,22,12,VRB02KT,10,08
2017-02-22 13:00:00.000,2017,2,22,13,09003KT,11,08
2017-02-22 13:35:00.000,2017,2,22,13,06006KT,13,10
2017-02-22 14:00:00.000,2017,2,22,14,06005KT,15,09
2017-02-22 15:00:00.000,2017,2,22,15,05008KT,17,09
2017-02-22 16:00:00.000,2017,2,22,16,VRB02KT,18,07
2017-02-22 17:00:00.000,2017,2,22,17,35008KT,19,06
2017-02-22 18:00:00.000,2017,2,22,18,32012KT,21,07
2017-02-22 19:00:00.000,2017,2,22,19,31014KT,20,07
2017-02-22 20:00:00.000,2017,2,22,20,30015KT,21,08
2017-02-22 21:00:00.000,2017,2,22,21,29016KT,21,09
2017-02-22 22:00:00.000,2017,2,22,22,31013KT,18,08
2017-02-22 23:00:00.000,2017,2,22,23,31012KT,15,09
2017-02-23 00:00:00.000,2017,2,23,0,28009KT,14,08
2017-02-23 01:00:00.000,2017,2,23,1,31006KT,14,08
2017-02-23 02:00:00.000,2017,2,23,2,27007KT,14,08
2017-02-23 03:00:00.000,2017,2,23,3,26004KT,14,08
2017-02-23 04:00:00.000,2017,2,23,4,VRB02KT,12,08
2017-02-23 05:00:00.000,2017,2,23,5,VRB02KT,12,08
2017-02-23 06:00:00.000,2017,2,23,6,30004KT,10,08
2017-02-23 07:00:00.000,2017,2,23,7,29003KT,10,08
2017-02-23 08:00:00.000,2017,2,23,8,30004KT,09,06
2017-02-23 09:00:00.000,2017,2,23,9,VRB02KT,07,05
2017-02-23 10:00:00.000,2017,2,23,10,VRB02KT,07,04
2017-02-23 10:30:00.000,2017,2,23,10,32004KT,07,05
2017-02-23 11:00:00.000,2017,2,23,11,VRB02KT,07,04
2017-02-23 11:40:00.000,2017,2,23,11,04003KR,10,06
2017-02-23 12:00:00.000,2017,2,23,12,36004KT,10,05
2017-02-23 13:00:00.000,2017,2,23,13,36006KT,12,06
2017-02-23 14:00:00.000,2017,2,23,14,32004KT,14,06
2017-02-23 15:00:00.000,2017,2,23,15,05006KT,17,06
2017-02-23 16:00:00.000,2017,2,23,16,35006KT,18,06
2017-02-23 17:00:00.000,2017,2,23,17,27005KT,19,06
2017-02-23 18:00:00.000,2017,2,23,18,30012KT,17,09
2017-02-23 19:00:00.000,2017,2,23,19,30010KT,18,10
2017-02-23 20:00:00.000,2017,2,23,20,31013KT,19,08
2017-02-23 21:00:00.000,2017,2,23,21,28009KT,18,09
2017-02-23 22:00:00.000,2017,2,23,22,31012KT,16,10
2017-02-23 23:00:00.000,2017,2,23,23,26010KT,14,11
2017-02-23 23:30:00.000,2017,2,23,23,36004KT,14,07
2017-02-24 00:00:00.000,2017,2,24,0,25005KT,14,10
2017-02-24 01:00:00.000,2017,2,24,1,26006KT,14,10
2017-02-24 02:00:00.000,2017,2,24,2,27004KT,13,10
2017-02-24 03:00:00.000,2017,2,24,3,25005KT,13,09
2017-02-24 04:00:00.000,2017,2,24,4,28005KT,13,10
2017-02-24 05:00:00.000,2017,2,24,5,26003KT,12,10
2017-02-24 06:00:00.000,2017,2,24,6,30004KT,12,09
2017-02-24 09:00:00.000,2017,2,24,9,VRB02KT,12,10
2017-02-24 10:00:00.000,2017,2,24,10,VRB02KT,10,09
2017-02-24 10:30:00.000,2017,2,24,10,35004KT,11,09
2017-02-24 11:00:00.000,2017,2,24,11,36003KT,11,10
2017-02-24 12:00:00.000,2017,2,24,12,02004KT,12,10
2017-02-24 13:00:00.000,2017,2,24,13,04007KT,13,10
2017-02-24 14:00:00.000,2017,2,24,14,06007KT,16,07
2017-02-24 15:00:00.000,2017,2,24,15,02006KT,17,07
2017-02-24 16:00:00.000,2017,2,24,16,10006KT,18,08
2017-02-24 17:00:00.000,2017,2,24,17,13005KT,17,07
2017-02-24 18:00:00.000,2017,2,24,18,26010KT,15,10
2017-02-24 19:00:00.000,2017,2,24,19,32011KT,15,10
2017-02-24 19:15:00.000,2017,2,24,19,32008KT,14,10
2017-02-24 20:00:00.000,2017,2,24,20,30006KT,13,11
2017-02-24 21:00:00.000,2017,2,24,21,24006KT,14,11
2017-02-24 22:00:00.000,2017,2,24,22,24010KT,12,10
2017-02-24 23:00:00.000,2017,2,24,23,18004KT,13,09
2017-02-25 00:00:00.000,2017,2,25,0,VRB02KT,13,10
2017-02-25 01:00:00.000,2017,2,25,1,VRB02KT,11,10
2017-02-25 02:00:00.000,2017,2,25,2,30004KT,11,10
2017-02-25 03:00:00.000,2017,2,25,3,36003KT,11,09
2017-02-25 04:00:00.000,2017,2,25,4,VRB02KT,12,10
2017-02-25 04:30:00.000,2017,2,25,4,VRB02KT,12,10
2017-02-25 05:00:00.000,2017,2,25,5,32004KT,12,10
2017-02-25 06:00:00.000,2017,2,25,6,VRB02KT,12,11
2017-02-25 07:00:00.000,2017,2,25,7,VRB02KT,12,11
2017-02-25 08:00:00.000,2017,2,25,8,VRB02KT,11,10
2017-02-25 09:00:00.000,2017,2,25,9,VRB02KT,11,10
2017-02-25 10:00:00.000,2017,2,25,10,VRB02KT,11,10
2017-02-25 10:30:00.000,2017,2,25,10,VRB02KT,11,10
2017-02-25 11:00:00.000,2017,2,25,11,VRB02KT,11,10
2017-02-25 11:30:00.000,2017,2,25,11,VRB02KT,11,10
2017-02-25 12:00:00.000,2017,2,25,12,VRB02KT,11,10
2017-02-25 13:00:00.000,2017,2,25,13,VRB02KT,12,11
2017-02-25 14:00:00.000,2017,2,25,14,03005KT,13,12
2017-02-25 15:00:00.000,2017,2,25,15,06008KT,15,10
2017-02-25 16:00:00.000,2017,2,25,16,08004KT,18,10
2017-02-25 17:00:00.000,2017,2,25,17,VRB02KT,18,10
2017-02-25 17:40:00.000,2017,2,25,17,26008KT,19,12
2017-02-25 18:00:00.000,2017,2,25,18,26012KT,19,11
2017-02-25 18:26:00.000,2017,2,25,18,04003KT,16,08
2017-02-25 19:00:00.000,2017,2,25,19,04005KT,11,08
2017-02-25 19:33:00.000,2017,2,25,19,32004KT,13,11
2017-02-25 20:00:00.000,2017,2,25,20,30003KT,14,12
2017-02-25 21:00:00.000,2017,2,25,21,24005KT,16,12
2017-02-25 22:00:00.000,2017,2,25,22,VRB02KT,16,10
2017-02-25 23:00:00.000,2017,2,25,23,34007KT,14,11
2017-02-26 00:00:00.000,2017,2,26,0,VRB02KT,13,11
2017-02-26 01:00:00.000,2017,2,26,1,VRB02KT,12,11
2017-02-26 01:24:00.000,2017,2,26,1,08003KT,12,10
2017-02-26 02:00:00.000,2017,2,26,2,10005KT,12,11
2017-02-26 03:00:00.000,2017,2,26,3,11003KT,12,10
2017-02-26 04:00:00.000,2017,2,26,4,07003KT,12,10
2017-02-26 05:00:00.000,2017,2,26,5,06003KT,12,10
2017-02-26 06:00:00.000,2017,2,26,6,VRB02KT,12,10
2017-02-26 07:00:00.000,2017,2,26,7,VRB02KT,12,10
2017-02-26 08:00:00.000,2017,2,26,8,VRB02KT,12,10
2017-02-26 09:00:00.000,2017,2,26,9,VRB02KT,12,10
2017-02-26 10:00:00.000,2017,2,26,10,VRB02KT,11,10
2017-02-26 10:30:00.000,2017,2,26,10,VRB02KT,11,10
2017-02-26 11:00:00.000,2017,2,26,11,VRB02KT,11,10
2017-02-26 12:00:00.000,2017,2,26,12,30003KT,11,10
2017-02-26 13:00:00.000,2017,2,26,13,VRB02KT,12,10
2017-02-26 14:00:00.000,2017,2,26,14,VRB02KT,14,10
2017-02-26 15:00:00.000,2017,2,26,15,VRB02KT,15,09
2017-02-26 16:00:00.000,2017,2,26,16,31007KT,16,10
2017-02-26 17:00:00.000,2017,2,26,17,32008KT,17,09
2017-02-26 18:00:00.000,2017,2,26,18,33009KT,17,09
2017-02-26 19:00:00.000,2017,2,26,19,34008KT,15,10
2017-02-26 20:00:00.000,2017,2,26,20,30009KT,17,09
2017-02-26 20:30:00.000,2017,2,26,20,28011KT,17,11
2017-02-26 21:00:00.000,2017,2,26,21,30006KT,16,11
2017-02-26 22:00:00.000,2017,2,26,22,18006KT,13,09
2017-02-26 22:15:00.000,2017,2,26,22,17004KT,13,09
2017-02-26 23:00:00.000,2017,2,26,23,33005KT,12,10
2017-02-27 00:00:00.000,2017,2,27,0,02003KT,11,09
2017-02-27 01:00:00.000,2017,2,27,1,VRB02KT,11,10
2017-02-27 02:00:00.000,2017,2,27,2,VRB02KT,11,10
2017-02-27 03:00:00.000,2017,2,27,3,34003KT,11,10
2017-02-27 04:00:00.000,2017,2,27,4,32003KT,11,10
2017-02-27 05:00:00.000,2017,2,27,5,VRB02KT,11,09
2017-02-27 06:00:00.000,2017,2,27,6,VRB02KT,11,10
2017-02-27 07:00:00.000,2017,2,27,7,VRB02KT,11,10
2017-02-27 08:00:00.000,2017,2,27,8,30003KT,11,10
2017-02-27 09:00:00.000,2017,2,27,9,VRB02KT,11,10
2017-02-27 10:00:00.000,2017,2,27,10,VRB02KT,11,10
2017-02-27 10:30:00.000,2017,2,27,10,VRB02KT,10,09
2017-02-27 11:00:00.000,2017,2,27,11,VRB02KT,10,09
2017-02-27 12:00:00.000,2017,2,27,12,07003KT,11,10
2017-02-27 13:00:00.000,2017,2,27,13,09004KT,12,11
2017-02-27 14:00:00.000,2017,2,27,14,07007KT,14,10
2017-02-27 15:00:00.000,2017,2,27,15,05006KT,16,09
2017-02-27 16:00:00.000,2017,2,27,16,12005KT,17,07
2017-02-27 17:00:00.000,2017,2,27,17,10004KT,18,07
2017-02-27 18:00:00.000,2017,2,27,18,05004KT,18,08
2017-02-27 18:05:00.000,2017,2,27,18,08006KT,17,08
2017-02-27 19:00:00.000,2017,2,27,19,22010KT,15,12
2017-02-27 19:30:00.000,2017,2,27,19,24007KT,18,11
2017-02-27 20:00:00.000,2017,2,27,20,21010KT,17,10
2017-02-27 21:00:00.000,2017,2,27,21,29008KT,16,12
2017-02-27 22:00:00.000,2017,2,27,22,30008KT,16,11
2017-02-27 23:00:00.000,2017,2,27,23,29009KT,14,11
2017-02-27 23:15:00.000,2017,2,27,23,29007KT,14,11
2017-02-28 00:00:00.000,2017,2,28,0,31006KT,13,12
2017-02-28 01:00:00.000,2017,2,28,1,34004KT,13,12
2017-02-28 02:00:00.000,2017,2,28,2,VRB02KT,12,11
2017-02-28 03:00:00.000,2017,2,28,3,27003KT,12,10
2017-02-28 04:00:00.000,2017,2,28,4,VRB02KT,10,09
2017-02-28 05:00:00.000,2017,2,28,5,33004KT,10,09
2017-02-28 06:00:00.000,2017,2,28,6,VRB02KT,09,09
2017-02-28 07:00:00.000,2017,2,28,7,31003KT,09,09
2017-02-28 07:30:00.000,2017,2,28,7,VRB02KT,10,09
2017-02-28 08:00:00.000,2017,2,28,8,VRB02KT,10,09
2017-02-28 08:30:00.000,2017,2,28,8,VRB02KT,10,09
2017-02-28 09:00:00.000,2017,2,28,9,VRB02KT,10,10
2017-02-28 09:30:00.000,2017,2,28,9,VR02KT,10,10
2017-02-28 10:00:00.000,2017,2,28,10,00000KT,10,10
2017-02-28 10:30:00.000,2017,2,28,10,00000KT,10,10
2017-02-28 11:00:00.000,2017,2,28,11,VRB02KT,10,10
2017-02-28 12:00:00.000,2017,2,28,12,VRB02KT,11,10
2017-02-28 13:00:00.000,2017,2,28,13,VRB02KT,13,11
2017-02-28 14:00:00.000,2017,2,28,14,07005KT,15,10
2017-02-28 15:00:00.000,2017,2,28,15,03005KT,17,07
2017-02-28 16:00:00.000,2017,2,28,16,06004KT,18,06
2017-02-28 17:00:00.000,2017,2,28,17,04004KT,18,07
2017-02-28 18:00:00.000,2017,2,28,18,32003KT,19,07
2017-02-28 19:00:00.000,2017,2,28,19,31009KT,18,09
2017-02-28 20:00:00.000,2017,2,28,20,28008KT,21,10
2017-02-28 20:05:00.000,2017,2,28,20,29012KT,20,10
2017-02-28 20:24:00.000,2017,2,28,20,28012KT,19,10
2017-02-28 20:39:00.000,2017,2,28,20,25013KT,18,11
2017-02-28 21:00:00.000,2017,2,28,21,30009KT,16,12
2017-02-28 22:00:00.000,2017,2,28,22,27007KT,16,11
2017-02-28 23:00:00.000,2017,2,28,23,35004KT,15,12
2017-02-28 23:08:00.000,2017,2,28,23,35004KT,15,12
2017-03-01 00:00:00.000,2017,3,1,0,VRB02KT,14,12
2017-03-01 01:00:00.000,2017,3,1,1,31006KT,14,12
2017-03-01 02:00:00.000,2017,3,1,2,08006KT,12,10
2017-03-01 03:00:00.000,2017,3,1,3,34004KT,11,10
2017-03-01 04:00:00.000,2017,3,1,4,VRB02KT,12,11
2017-03-01 05:00:00.000,2017,3,1,5,16004KT,12,11
2017-03-01 06:00:00.000,2017,3,1,6,VRB02KT,11,10
2017-03-01 09:00:00.000,2017,3,1,9,VRB02KT,13,060
2017-03-01 10:00:00.000,2017,3,1,10,VRB02KT,10,09
2017-03-01 11:00:00.000,2017,3,1,11,04003KT,10,09
2017-03-01 12:00:00.000,2017,3,1,12,01004KT,10,09
2017-03-01 12:30:00.000,2017,3,1,12,11003KT,12,11
2017-03-01 13:00:00.000,2017,3,1,13,30004KT,11,10
2017-03-01 13:30:00.000,2017,3,1,13,30004KT,12,11
2017-03-01 14:00:00.000,2017,3,1,14,01004KT,14,12
2017-03-01 15:00:00.000,2017,3,1,15,VRB02KT,17,09
2017-03-01 16:00:00.000,2017,3,1,16,15007KT,19,08
2017-03-01 17:00:00.000,2017,3,1,17,09006KT,19,07
2017-03-01 18:00:00.000,2017,3,1,18,03004KT,19,08
2017-03-01 18:30:00.000,2017,3,1,18,08008KT,18,09
2017-03-01 19:00:00.000,2017,3,1,19,12008KT,18,08
2017-03-01 19:03:00.000,2017,3,1,19,22012KT,17,11
2017-03-01 19:39:00.000,2017,3,1,19,26012KT,13,10
2017-03-01 20:00:00.000,2017,3,1,20,26008KT,12,10
2017-03-01 20:26:00.000,2017,3,1,20,28008KT,13,10
2017-03-01 21:00:00.000,2017,3,1,21,28006KT,12,10
2017-03-01 22:00:00.000,2017,3,1,22,31005KT,12,10
2017-03-01 23:00:00.000,2017,3,1,23,00000KT,12,11
2017-03-02 00:00:00.000,2017,3,2,0,VRB02KT,12,11
2017-03-02 01:00:00.000,2017,3,2,1,VRB02KT,11,10
2017-03-02 02:00:00.000,2017,3,2,2,VRB02KT,12,11
2017-03-02 03:00:00.000,2017,3,2,3,08004KT,12,11
2017-03-02 04:00:00.000,2017,3,2,4,VRB02KT,11,10
2017-03-02 05:00:00.000,2017,3,2,5,34002KT,11,10
2017-03-02 06:00:00.000,2017,3,2,6,VRB02KT,11,10
2017-03-02 07:00:00.000,2017,3,2,7,VRB02KT,11,10
2017-03-02 08:00:00.000,2017,3,2,8,VRB02KT,10,09
2017-03-02 09:00:00.000,2017,3,2,9,00000KT,10,10
2017-03-02 10:00:00.000,2017,3,2,10,30003KT,08,08
2017-03-02 11:00:00.000,2017,3,2,11,VRB02KT,10,09
2017-03-02 12:00:00.000,2017,3,2,12,VRB02KT,11,10
2017-03-02 13:00:00.000,2017,3,2,13,15005KT,14,11
2017-03-02 14:00:00.000,2017,3,2,14,17011KT,16,08
2017-03-02 15:00:00.000,2017,3,2,15,15009KT,18,07
2017-03-02 16:00:00.000,2017,3,2,16,17006KT,19,06
2017-03-02 17:00:00.000,2017,3,2,17,11006KT,19,08
2017-03-02 18:00:00.000,2017,3,2,18,13006KT,18,08
2017-03-02 19:00:00.000,2017,3,2,19,13006KT,18,06
2017-03-02 20:00:00.000,2017,3,2,20,10006KT,18,06
2017-03-02 21:00:00.000,2017,3,2,21,VRB04KT,18,08
2017-03-02 22:00:00.000,2017,3,2,22,28008KT,18,11
2017-03-02 23:00:00.000,2017,3,2,23,25008KT,15,11
2017-03-03 00:00:00.000,2017,3,3,0,VRB02KT,14,11
2017-03-03 01:00:00.000,2017,3,3,1,30004KT,14,12
2017-03-03 03:00:00.000,2017,3,3,3,02005KT,13,10
2017-03-03 04:00:00.000,2017,3,3,4,04004KT,13,10
2017-03-03 05:00:00.000,2017,3,3,5,04005KT,13,11
2017-03-03 06:00:00.000,2017,3,3,6,03004KT,12,09
2017-03-03 09:00:00.000,2017,3,3,9,05006KT,09,07
2017-03-03 10:00:00.000,2017,3,3,10,05004KT,08,06
2017-03-03 11:00:00.000,2017,3,3,11,04004KT,08,06
2017-03-03 12:00:00.000,2017,3,3,12,06006KT,10,07
2017-03-03 13:00:00.000,2017,3,3,13,05006KT,13,07
2017-03-03 14:00:00.000,2017,3,3,14,02004KT,15,06
2017-03-03 15:00:00.000,2017,3,3,15,07010KT,18,05
2017-03-03 16:00:00.000,2017,3,3,16,13010KT,19,04
2017-03-03 17:00:00.000,2017,3,3,17,17010KT,19,04
2017-03-03 18:00:00.000,2017,3,3,18,12008KT,20,04
2017-03-03 19:00:00.000,2017,3,3,19,13011KT,20,05
2017-03-03 20:00:00.000,2017,3,3,20,14012KT,20,05
2017-03-03 21:00:00.000,2017,3,3,21,14010KT,18,06
2017-03-03 22:00:00.000,2017,3,3,22,10006KT,18,06
2017-03-03 23:00:00.000,2017,3,3,23,10008KT,16,06
2017-03-04 00:00:00.000,2017,3,4,0,10008KT,15,06
2017-03-04 01:00:00.000,2017,3,4,1,08005KT,14,05
2017-03-04 02:00:00.000,2017,3,4,2,VRB02KT,12,06
2017-03-04 03:00:00.000,2017,3,4,3,VRB02KT,11,05
2017-03-04 04:00:00.000,2017,3,4,4,05006KT,09,06
2017-03-04 05:00:00.000,2017,3,4,5,05005KT,09,06
2017-03-04 06:00:00.000,2017,3,4,6,06004KT,09,06
2017-03-04 07:00:00.000,2017,3,4,7,VRB02KT,07,05
2017-03-04 08:00:00.000,2017,3,4,8,02004KT,05,04
2017-03-04 09:00:00.000,2017,3,4,9,35003KT,04,04
2017-03-04 10:00:00.000,2017,3,4,10,31003KT,05,04
2017-03-04 11:00:00.000,2017,3,4,11,VRB02KT,04,04
2017-03-04 12:00:00.000,2017,3,4,12,VRB02KT,07,06
2017-03-04 13:00:00.000,2017,3,4,13,03003KT,11,08
2017-03-04 14:00:00.000,2017,3,4,14,04008KT,15,07
2017-03-04 15:00:00.000,2017,3,4,15,05004KT,18,08
2017-03-04 16:00:00.000,2017,3,4,16,10006KT,19,07
2017-03-04 17:00:00.000,2017,3,4,17,13012KT,19,07
2017-03-04 18:00:00.000,2017,3,4,18,13014KT,19,18
2017-03-04 19:00:00.000,2017,3,4,19,11014KT,19,07
2017-03-04 20:00:00.000,2017,3,4,20,10010KT,18,08
2017-03-04 21:00:00.000,2017,3,4,21,09008KT,18,08
2017-03-04 22:00:00.000,2017,3,4,22,10006KT,18,07
2017-03-04 23:00:00.000,2017,3,4,23,09005KT,17,08
2017-03-05 00:00:00.000,2017,3,5,0,06006KT,15,08
2017-03-05 01:00:00.000,2017,3,5,1,07006KT,14,08
2017-03-05 02:00:00.000,2017,3,5,2,05007KT,12,08
2017-03-05 03:00:00.000,2017,3,5,3,VRB02KT,12,09
2017-03-05 04:00:00.000,2017,3,5,4,33003KT,10,08
2017-03-05 05:00:00.000,2017,3,5,5,08004KT,11,09
2017-03-05 06:00:00.000,2017,3,5,6,07004KT,12,09
2017-03-05 09:00:00.000,2017,3,5,9,02004KT,10,09
2017-03-05 10:00:00.000,2017,3,5,10,VRB02KT,12,10
2017-03-05 11:00:00.000,2017,3,5,11,04004KT,12,10
2017-03-05 12:00:00.000,2017,3,5,12,04007KT,13,10
2017-03-05 13:00:00.000,2017,3,5,13,05003KT,15,10
2017-03-05 14:00:00.000,2017,3,5,14,05004KT,17,09
2017-03-05 15:00:00.000,2017,3,5,15,03004KT,17,09
2017-03-05 16:00:00.000,2017,3,5,16,12004KT,18,08
2017-03-05 17:00:00.000,2017,3,5,17,05006KT,19,07
2017-03-05 18:00:00.000,2017,3,5,18,12008KT,20,07
2017-03-05 19:00:00.000,2017,3,5,19,32010KT,17,12
2017-03-05 20:00:00.000,2017,3,5,20,24006KT,16,12
2017-03-05 21:00:00.000,2017,3,5,21,24010KT,16,11
2017-03-05 22:00:00.000,2017,3,5,22,24006KT,16,11
2017-03-05 23:00:00.000,2017,3,5,23,30005KT,16,11
2017-03-06 00:00:00.000,2017,3,6,0,30005KT,16,11
2017-03-06 01:00:00.000,2017,3,6,1,29003KT,15,11
2017-03-06 02:00:00.000,2017,3,6,2,33004KT,14,11
2017-03-06 03:00:00.000,2017,3,6,3,03003KT,14,10
2017-03-06 04:00:00.000,2017,3,6,4,33004KT,14,10
2017-03-06 05:00:00.000,2017,3,6,5,03004KT,14,10
2017-03-06 06:00:00.000,2017,3,6,6,03005KT,13,10
2017-03-06 07:00:00.000,2017,3,6,7,04005KT,13,10
2017-03-06 08:00:00.000,2017,3,6,8,31004KT,12,11
2017-03-06 09:00:00.000,2017,3,6,9,05005KT,12,11
2017-03-06 10:00:00.000,2017,3,6,10,06005KT,12,10
2017-03-06 11:00:00.000,2017,3,6,11,06007KT,12,10
2017-03-06 12:00:00.000,2017,3,6,12,05006KT,13,10
2017-03-06 13:00:00.000,2017,3,6,13,06007KT,14,10
2017-03-06 14:00:00.000,2017,3,6,14,07005KT,17,09
2017-03-06 15:00:00.000,2017,3,6,15,08006KT,18,10
2017-03-06 16:00:00.000,2017,3,6,16,10005KT,18,10
2017-03-06 17:00:00.000,2017,3,6,17,16012KT,19,10
2017-03-06 18:00:00.000,2017,3,6,18,15008KT,20,09
2017-03-06 19:00:00.000,2017,3,6,19,12004KT,22,08
2017-03-06 20:00:00.000,2017,3,6,20,26008KT,19,11
2017-03-06 20:13:00.000,2017,3,6,20,29007KT,16,12
2017-03-06 21:00:00.000,2017,3,6,21,29009KT,15,13
2017-03-06 21:10:00.000,2017,3,6,21,32006KT,15,13
2017-03-06 22:00:00.000,2017,3,6,22,02005KT,13,12
2017-03-06 22:23:00.000,2017,3,6,22,31005KT,13,12
2017-03-06 23:00:00.000,2017,3,6,23,25005KT,13,12
2017-03-07 00:00:00.000,2017,3,7,0,VRB02KT,13,12
2017-03-07 01:00:00.000,2017,3,7,1,32003KT,13,12
2017-03-07 02:00:00.000,2017,3,7,2,33004KT,12,11
2017-03-07 03:00:00.000,2017,3,7,3,VRB02KT,12,11
2017-03-07 04:00:00.000,2017,3,7,4,VRB02KT,12,11
2017-03-07 05:00:00.000,2017,3,7,5,00000KT,24,24
2017-03-07 06:00:00.000,2017,3,7,6,VRB02KT,11,10
2017-03-07 07:00:00.000,2017,3,7,7,07006KT,24,24
2017-03-07 08:00:00.000,2017,3,7,8,04006KT,10,09
2017-03-07 09:00:00.000,2017,3,7,9,09003KT,24,24
2017-03-07 10:00:00.000,2017,3,7,10,03005KT,11,10
2017-03-07 10:30:00.000,2017,3,7,10,VRB02KT,11,09
2017-03-07 11:00:00.000,2017,3,7,11,VRB02KT,10,09
2017-03-07 12:00:00.000,2017,3,7,12,04004KT,10,09
2017-03-07 12:35:00.000,2017,3,7,12,06004KT,13,10
2017-03-07 13:00:00.000,2017,3,7,13,03006KT,15,11
2017-03-07 14:00:00.000,2017,3,7,14,VRB02KT,16,10
2017-03-07 15:00:00.000,2017,3,7,15,03004KT,19,08
2017-03-07 16:00:00.000,2017,3,7,16,VRB02KT,19,08
2017-03-07 17:00:00.000,2017,3,7,17,21004KT,19,09
2017-03-07 18:00:00.000,2017,3,7,18,24009KT,20,11
2017-03-07 19:00:00.000,2017,3,7,19,30010KT,20,12
2017-03-07 19:23:00.000,2017,3,7,19,31011KT,18,12
2017-03-07 19:30:00.000,2017,3,7,19,31011KT,18,21
2017-03-07 20:00:00.000,2017,3,7,20,25008KT,16,12
2017-03-07 20:13:00.000,2017,3,7,20,26006KT,16,13
2017-03-07 20:30:00.000,2017,3,7,20,25010KT,16,13
2017-03-07 21:00:00.000,2017,3,7,21,28010KT,16,13
2017-03-07 21:38:00.000,2017,3,7,21,31010KT,16,13
2017-03-07 22:00:00.000,2017,3,7,22,30011KT,16,13
2017-03-07 23:00:00.000,2017,3,7,23,09003KT,24,24
2017-03-08 00:00:00.000,2017,3,8,0,06012KT,13,11
2017-03-08 00:16:00.000,2017,3,8,0,07012KT,11,10
2017-03-08 01:00:00.000,2017,3,8,1,10007KT,12,11
2017-03-08 01:15:00.000,2017,3,8,1,11003KT,12,11
2017-03-08 02:00:00.000,2017,3,8,2,VRB02KT,12,11
2017-03-08 03:00:00.000,2017,3,8,3,35004KT,12,11
2017-03-08 04:00:00.000,2017,3,8,4,02005KT,12,11
2017-03-08 05:00:00.000,2017,3,8,5,01003KT,12,11
2017-03-08 06:00:00.000,2017,3,8,6,35003KT,11,10
2017-03-08 09:00:00.000,2017,3,8,9,VRB02KT,12,11
2017-03-08 10:00:00.000,2017,3,8,10,04004KT,12,11
2017-03-08 10:30:00.000,2017,3,8,10,07005KT,12,10
2017-03-08 11:00:00.000,2017,3,8,11,05003KT,12,10
2017-03-08 12:00:00.000,2017,3,8,12,05005KT,12,10
2017-03-08 13:00:00.000,2017,3,8,13,05006KT,13,11
2017-03-08 14:00:00.000,2017,3,8,14,04010KT,14,11
2017-03-08 15:00:00.000,2017,3,8,15,05008KT,14,10
2017-03-08 16:00:00.000,2017,3,8,16,07005KT,16,10
2017-03-08 17:00:00.000,2017,3,8,17,03010KT,16,11
2017-03-08 17:20:00.000,2017,3,8,17,04005KT,15,11
2017-03-08 18:00:00.000,2017,3,8,18,03008KT,14,11
2017-03-08 19:00:00.000,2017,3,8,19,32004KT,15,12
2017-03-08 20:00:00.000,2017,3,8,20,27005KT,16,12
2017-03-08 21:00:00.000,2017,3,8,21,23009KT,15,12
2017-03-08 22:00:00.000,2017,3,8,22,25006KT,14,12
2017-03-08 23:00:00.000,2017,3,8,23,22004KT,14,12
2017-03-09 00:00:00.000,2017,3,9,0,VRB02KT,13,12
2017-03-09 01:00:00.000,2017,3,9,1,04006KT,13,12
2017-03-09 02:00:00.000,2017,3,9,2,05006KT,12,11
2017-03-09 03:00:00.000,2017,3,9,3,06006KT,12,11
2017-03-09 03:30:00.000,2017,3,9,3,05004KT,15,14
2017-03-09 04:00:00.000,2017,3,9,4,04006KT,12,11
2017-03-09 05:00:00.000,2017,3,9,5,05007KT,12,11
2017-03-09 06:00:00.000,2017,3,9,6,030057KT,12,10
2017-03-09 07:00:00.000,2017,3,9,7,04004KT,12,10
2017-03-09 08:00:00.000,2017,3,9,8,05006KT,11,10
2017-03-09 09:00:00.000,2017,3,9,9,06006KT,11,10
2017-03-09 10:00:00.000,2017,3,9,10,04004KT,11,09
2017-03-09 10:30:00.000,2017,3,9,10,06004KT,11,09
2017-03-09 11:00:00.000,2017,3,9,11,03004KT,11,09
2017-03-09 12:00:00.000,2017,3,9,12,04003KT,11,09
2017-03-09 13:00:00.000,2017,3,9,13,04008KT,12,09
2017-03-09 14:00:00.000,2017,3,9,14,07006KT,14,10
2017-03-09 15:00:00.000,2017,3,9,15,05006KT,15,09
2017-03-09 16:00:00.000,2017,3,9,16,13008KT,17,09
2017-03-09 17:00:00.000,2017,3,9,17,09006KT,18,08
2017-03-09 18:00:00.000,2017,3,9,18,12008KT,18,09
2017-03-09 19:00:00.000,2017,3,9,19,12007KT,18,08
2017-03-09 20:00:00.000,2017,3,9,20,14007KT,18,09
2017-03-09 21:00:00.000,2017,3,9,21,12006KT,18,08
2017-03-09 22:00:00.000,2017,3,9,22,12006KT,18,09
2017-03-09 23:00:00.000,2017,3,9,23,10006KT,16,09
2017-03-10 00:00:00.000,2017,3,10,0,17009KT,15,09
2017-03-10 01:00:00.000,2017,3,10,1,VRB02KT,14,10
2017-03-10 02:00:00.000,2017,3,10,2,36003KT,14,10
2017-03-10 03:00:00.000,2017,3,10,3,05006KT,13,10
2017-03-10 04:00:00.000,2017,3,10,4,04005KT,13,10
2017-03-10 05:00:00.000,2017,3,10,5,03007KT,12,09
2017-03-10 06:00:00.000,2017,3,10,6,06006KT,12,10
2017-03-10 07:00:00.000,2017,3,10,7,06007KT,11,08
2017-03-10 08:00:00.000,2017,3,10,8,06007KT,11,08
2017-03-10 09:00:00.000,2017,3,10,9,04010KT,11,09
2017-03-10 10:00:00.000,2017,3,10,10,06008KT,11,09
2017-03-10 10:30:00.000,2017,3,10,10,07006KT,11,08
2017-03-10 11:00:00.000,2017,3,10,11,07006KT,11,08
2017-03-10 12:00:00.000,2017,3,10,12,04008KT,11,09
2017-03-10 13:00:00.000,2017,3,10,13,08005KT,15,08
2017-03-10 14:00:00.000,2017,3,10,14,05008KT,16,08
2017-03-10 15:00:00.000,2017,3,10,15,06010KT,18,08
2017-03-10 16:00:00.000,2017,3,10,16,05007KT,18,07
2017-03-10 17:00:00.000,2017,3,10,17,10010KT,18,08
2017-03-10 18:00:00.000,2017,3,10,18,09006KT,19,07
2017-03-10 19:00:00.000,2017,3,10,19,18008KT,19,10
2017-03-10 20:00:00.000,2017,3,10,20,25012KT,17,11
2017-03-10 21:00:00.000,2017,3,10,21,24008KT,17,11
2017-03-10 22:00:00.000,2017,3,10,22,28010KT,18,10
2017-03-10 23:00:00.000,2017,3,10,23,29010KT,15,10
2017-03-11 00:00:00.000,2017,3,11,0,27007KT,14,10
2017-03-11 00:15:00.000,2017,3,11,0,22004KT,14,10
2017-03-11 01:00:00.000,2017,3,11,1,23005KT,13,11
2017-03-11 01:34:00.000,2017,3,11,1,VRB02KT,13,12
2017-03-11 02:00:00.000,2017,3,11,2,VRB02KT,13,11
2017-03-11 03:00:00.000,2017,3,11,3,24004KT,13,11
2017-03-11 04:00:00.000,2017,3,11,4,VRB02KT,13,11
2017-03-11 05:00:00.000,2017,3,11,5,VRB02KT,13,11
2017-03-11 06:00:00.000,2017,3,11,6,VRB02KT,12,11
2017-03-11 09:00:00.000,2017,3,11,9,06003KT,12,11
2017-03-11 10:00:00.000,2017,3,11,10,05007KT,11,10
2017-03-11 10:30:00.000,2017,3,11,10,04005KT,11,09
2017-03-11 11:00:00.000,2017,3,11,11,04004KT,11,09
2017-03-11 12:00:00.000,2017,3,11,12,04005KT,12,11
2017-03-11 13:00:00.000,2017,3,11,13,03005KT,14,11
2017-03-11 14:00:00.000,2017,3,11,14,05006KT,15,11
2017-03-11 15:00:00.000,2017,3,11,15,23005KT,17,10
2017-03-11 16:00:00.000,2017,3,11,16,27003KT,19,09
2017-03-11 17:00:00.000,2017,3,11,17,11006KT,19,08
2017-03-11 18:00:00.000,2017,3,11,18,24008KT,18,10
2017-03-11 19:00:00.000,2017,3,11,19,34005KT,24,24
2017-03-11 20:00:00.000,2017,3,11,20,30010KT,20,12
2017-03-11 21:00:00.000,2017,3,11,21,29010KT,18,12
2017-03-11 21:26:00.000,2017,3,11,21,06009KT,15,12
2017-03-11 22:00:00.000,2017,3,11,22,25007KT,13,10
2017-03-11 23:00:00.000,2017,3,11,23,35006KT,13,10
2017-03-12 00:00:00.000,2017,3,12,0,31004KT,13,10
2017-03-12 01:00:00.000,2017,3,12,1,33009KT,12,11
2017-03-12 02:00:00.000,2017,3,12,2,31004KT,12,11
2017-03-12 03:00:00.000,2017,3,12,3,10006KT,12,10
2017-03-12 04:00:00.000,2017,3,12,4,VRB02KT,12,11
2017-03-12 05:00:00.000,2017,3,12,5,VRB02KT,12,10
2017-03-12 06:00:00.000,2017,3,12,6,31004KT,12,11
2017-03-12 07:00:00.000,2017,3,12,7,32004KT,12,11
2017-03-12 08:00:00.000,2017,3,12,8,33004KT,11,11
2017-03-12 09:00:00.000,2017,3,12,9,27003KT,11,11
2017-03-12 09:07:00.000,2017,3,12,9,26003KT,11,11
2017-03-12 10:00:00.000,2017,3,12,10,23004KT,11,11
2017-03-12 10:30:00.000,2017,3,12,10,VRB02KT,12,11
2017-03-12 11:00:00.000,2017,3,12,11,VRB02KT,12,11
2017-03-12 11:35:00.000,2017,3,12,11,01003KT,12,11
2017-03-12 12:00:00.000,2017,3,12,12,VRB02KT,12,11
2017-03-12 13:00:00.000,2017,3,12,13,35003KT,12,11
2017-03-12 14:00:00.000,2017,3,12,14,28004KT,14,12
2017-03-12 15:00:00.000,2017,3,12,15,25010KT,15,11
2017-03-12 15:35:00.000,2017,3,12,15,23008KT,15,11
2017-03-12 16:00:00.000,2017,3,12,16,23010KT,15,11
2017-03-12 17:00:00.000,2017,3,12,17,23009KT,14,10
2017-03-12 18:00:00.000,2017,3,12,18,26007KT,13,11
2017-03-12 19:00:00.000,2017,3,12,19,27003KT,13,11
2017-03-12 20:00:00.000,2017,3,12,20,31004KT,14,11
2017-03-12 21:00:00.000,2017,3,12,21,32004KT,14,11
2017-03-12 22:00:00.000,2017,3,12,22,34003KT,15,11
2017-03-12 23:00:00.000,2017,3,12,23,36003KT,14,11
2017-03-13 00:00:00.000,2017,3,13,0,29003KT,13,11
2017-03-13 01:00:00.000,2017,3,13,1,VRB02KT,13,12
2017-03-13 02:00:00.000,2017,3,13,2,28004KT,13,11
2017-03-13 03:00:00.000,2017,3,13,3,29003KT,13,11
2017-03-13 04:00:00.000,2017,3,13,4,VRB02KT,12,11
2017-03-13 05:00:00.000,2017,3,13,5,19003KT,12,10
2017-03-13 06:00:00.000,2017,3,13,6,VRB02KT,12,10
2017-03-13 09:00:00.000,2017,3,13,9,VRB02KT,11,10
2017-03-13 10:00:00.000,2017,3,13,10,VRB02KT,11,10
2017-03-13 10:30:00.000,2017,3,13,10,04003KT,11,10
2017-03-13 11:00:00.000,2017,3,13,11,05004KT,10,09
2017-03-13 12:00:00.000,2017,3,13,12,03005KT,11,10
2017-03-13 13:00:00.000,2017,3,13,13,05004KT,13,11
2017-03-13 14:00:00.000,2017,3,13,14,05006KT,15,10
2017-03-13 15:00:00.000,2017,3,13,15,06008KT,17,11
2017-03-13 16:00:00.000,2017,3,13,16,08008KT,18,09
2017-03-13 17:00:00.000,2017,3,13,17,07010KT,18,09
2017-03-13 18:00:00.000,2017,3,13,18,25010KT,15,12
2017-03-13 18:24:00.000,2017,3,13,18,24008KT,15,12
2017-03-13 19:00:00.000,2017,3,13,19,04008KT,20,09
2017-03-13 19:30:00.000,2017,3,13,19,30011KT,15,13
2017-03-13 19:45:00.000,2017,3,13,19,31007KT,15,13
2017-03-13 20:00:00.000,2017,3,13,20,05009KT,21,09
2017-03-13 21:00:00.000,2017,3,13,21,32007KT,20,10
2017-03-13 22:00:00.000,2017,3,13,22,24010KT,18,12
2017-03-13 23:00:00.000,2017,3,13,23,25005KT,15,12
2017-03-14 00:00:00.000,2017,3,14,0,21003KT,14,12
2017-03-14 01:00:00.000,2017,3,14,1,26006KT,14,12
2017-03-14 01:37:00.000,2017,3,14,1,VRB02KT,13,12
2017-03-14 02:00:00.000,2017,3,14,2,VRB02KT,13,12
2017-03-14 03:00:00.000,2017,3,14,3,VRB02KT,12,11
2017-03-14 04:00:00.000,2017,3,14,4,30003KT,13,11
2017-03-14 05:00:00.000,2017,3,14,5,30004KT,12,11
2017-03-14 06:00:00.000,2017,3,14,6,VRB02KT,11,10
2017-03-14 09:00:00.000,2017,3,14,9,VRB02KT,12,10
2017-03-14 10:00:00.000,2017,3,14,10,02004KT,11,10
2017-03-14 10:30:00.000,2017,3,14,10,04006KT,11,10
2017-03-14 11:00:00.000,2017,3,14,11,06004KT,10,09
2017-03-14 12:00:00.000,2017,3,14,12,04003KT,10,09
2017-03-14 12:30:00.000,2017,3,14,12,VRB02KT,12,10
2017-03-14 13:00:00.000,2017,3,14,13,06005KT,14,10
2017-03-14 14:00:00.000,2017,3,14,14,14003KT,16,10
2017-03-14 15:00:00.000,2017,3,14,15,15005KT,18,10
2017-03-14 16:00:00.000,2017,3,14,16,11007KT,19,08
2017-03-14 17:00:00.000,2017,3,14,17,13006KT,19,08
2017-03-14 18:00:00.000,2017,3,14,18,15005KT,20,08
2017-03-14 19:00:00.000,2017,3,14,19,04008KT,20,09
2017-03-14 20:00:00.000,2017,3,14,20,05009KT,20,09
2017-03-14 21:00:00.000,2017,3,14,21,32007KT,20,10
2017-03-14 22:00:00.000,2017,3,14,22,24010KT,18,12
2017-03-14 22:16:00.000,2017,3,14,22,250111KT,18,12
2017-03-14 23:00:00.000,2017,3,14,23,25009KT,15,13
2017-03-15 00:00:00.000,2017,3,15,0,26005KT,15,13
2017-03-15 00:30:00.000,2017,3,15,0,33008G22KT,14,12
2017-03-15 01:00:00.000,2017,3,15,1,08006KT,13,12
2017-03-15 02:00:00.000,2017,3,15,2,25003KT,13,12
2017-03-15 03:00:00.000,2017,3,15,3,24004KT,13,12
2017-03-15 04:00:00.000,2017,3,15,4,01003KT,11,10
2017-03-15 05:00:00.000,2017,3,15,5,32003KT,10,09
2017-03-15 06:00:00.000,2017,3,15,6,20003KT,11,10
2017-03-15 07:00:00.000,2017,3,15,7,VRB02KT,12,10
2017-03-15 08:00:00.000,2017,3,15,8,32004KT,11,10
2017-03-15 09:00:00.000,2017,3,15,9,VRB02KT,11,10
2017-03-15 10:00:00.000,2017,3,15,10,VRB02KT,11,10
2017-03-15 11:00:00.000,2017,3,15,11,33003KT,12,11
2017-03-15 11:30:00.000,2017,3,15,11,VRB02KT,12,11
2017-03-15 12:00:00.000,2017,3,15,12,05003KT,12,11
2017-03-15 12:30:00.000,2017,3,15,12,06005KT,13,12
2017-03-15 13:00:00.000,2017,3,15,13,05007KT,13,11
2017-03-15 13:30:00.000,2017,3,15,13,04005KT,14,11
2017-03-15 14:00:00.000,2017,3,15,14,04006KT,15,11
2017-03-15 15:00:00.000,2017,3,15,15,32012KT,15,11
2017-03-15 16:00:00.000,2017,3,15,16,34012KT,15,10
2017-03-15 17:00:00.000,2017,3,15,17,34008KT,16,09
2017-03-15 18:00:00.000,2017,3,15,18,28005KT,17,10
2017-03-15 19:00:00.000,2017,3,15,19,090V200,17,10
2017-03-15 20:00:00.000,2017,3,15,20,30010KT,19,12
2017-03-15 21:00:00.000,2017,3,15,21,30011KT,18,11
2017-03-15 22:00:00.000,2017,3,15,22,31012KT,17,11
2017-03-15 23:00:00.000,2017,3,15,23,30011KT,15,11
2017-03-16 00:00:00.000,2017,3,16,0,28010KT,14,11
2017-03-16 01:00:00.000,2017,3,16,1,27008KT,14,11
2017-03-16 02:00:00.000,2017,3,16,2,30006KT,14,12
2017-03-16 03:00:00.000,2017,3,16,3,26005KT,14,11
2017-03-16 04:00:00.000,2017,3,16,4,26004KT,14,11
2017-03-16 05:00:00.000,2017,3,16,5,27004KT,13,11
2017-03-16 06:00:00.000,2017,3,16,6,VRB02KT,13,12
2017-03-16 07:00:00.000,2017,3,16,7,VRB02KT,13,12
2017-03-16 08:00:00.000,2017,3,16,8,VRB02KT,11,10
2017-03-16 09:00:00.000,2017,3,16,9,VRB02KT,11,09
2017-03-16 10:00:00.000,2017,3,16,10,31003KT,10,09
2017-03-16 11:00:00.000,2017,3,16,11,VRB02KT,10,09
2017-03-16 12:00:00.000,2017,3,16,12,VRB02KT,10,09
2017-03-16 12:40:00.000,2017,3,16,12,34003KT,12,11
2017-03-16 13:00:00.000,2017,3,16,13,VRB02KT,13,12
2017-03-16 13:16:00.000,2017,3,16,13,33004KT,15,11
2017-03-16 14:00:00.000,2017,3,16,14,32003KT,16,10
2017-03-16 15:00:00.000,2017,3,16,15,31005KT,18,10
2017-03-16 16:00:00.000,2017,3,16,16,27007KT,19,09
2017-03-16 17:00:00.000,2017,3,16,17,29009KT,20,10
2017-03-16 18:00:00.000,2017,3,16,18,28011KT,19,11
2017-03-16 19:00:00.000,2017,3,16,19,26012KT,20,11
2017-03-16 20:00:00.000,2017,3,16,20,28014KT,19,12
2017-03-16 21:00:00.000,2017,3,16,21,28013KT,19,11
2017-03-16 22:00:00.000,2017,3,16,22,27012KT,18,12
2017-03-16 23:00:00.000,2017,3,16,23,28007KT,17,11
2017-03-17 00:00:00.000,2017,3,17,0,25008KT,16,12
2017-03-17 01:00:00.000,2017,3,17,1,29007KT,14,12
2017-03-17 02:00:00.000,2017,3,17,2,30006KT,14,12
2017-03-17 03:00:00.000,2017,3,17,3,31006KT,14,12
2017-03-17 04:00:00.000,2017,3,17,4,32004KT,13,12
2017-03-17 05:00:00.000,2017,3,17,5,31003KT,13,12
2017-03-17 06:00:00.000,2017,3,17,6,VRB02KT,13,12
2017-03-17 09:00:00.000,2017,3,17,9,VRB02KT,12,11
2017-03-17 10:30:00.000,2017,3,17,10,05003KT,11,10
2017-03-17 11:00:00.000,2017,3,17,11,VRB02KT,11,10
2017-03-17 12:00:00.000,2017,3,17,12,VRB02KT,13,11
2017-03-17 13:00:00.000,2017,3,17,13,32003KT,14,11
2017-03-17 14:00:00.000,2017,3,17,14,30004KT,16,10
2017-03-17 15:00:00.000,2017,3,17,15,36003KT,18,11
2017-03-17 16:00:00.000,2017,3,17,16,36003KT,19,08
2017-03-17 17:00:00.000,2017,3,17,17,27006KT,19,11
2017-03-17 18:00:00.000,2017,3,17,18,28013KT,20,10
2017-03-17 19:00:00.000,2017,3,17,19,28015KT,20,11
2017-03-17 20:00:00.000,2017,3,17,20,26012KT,18,10
2017-03-17 21:00:00.000,2017,3,17,21,26013KT,18,11
2017-03-17 22:00:00.000,2017,3,17,22,26012KT,18,11
2017-03-17 23:00:00.000,2017,3,17,23,26010KT,16,11
2017-03-18 00:00:00.000,2017,3,18,0,31004KT,14,11
2017-03-18 01:00:00.000,2017,3,18,1,33005KT,14,11
2017-03-18 02:00:00.000,2017,3,18,2,26003KT,13,11
2017-03-18 03:00:00.000,2017,3,18,3,26007KT,13,11
2017-03-18 04:00:00.000,2017,3,18,4,27004KT,13,10
2017-03-18 05:00:00.000,2017,3,18,5,29006KT,10,09
2017-03-18 06:00:00.000,2017,3,18,6,VRB02KT,08,07
2017-03-18 07:00:00.000,2017,3,18,7,28003KT,09,08
2017-03-18 08:00:00.000,2017,3,18,8,VRB02KT,09,09
2017-03-18 09:00:00.000,2017,3,18,9,VRB02KT,10,09
2017-03-18 10:00:00.000,2017,3,18,10,VRB02KT,10,09
2017-03-18 11:00:00.000,2017,3,18,11,32003KT,11,10
2017-03-18 12:00:00.000,2017,3,18,12,VRB02KT,12,10
2017-03-18 13:00:00.000,2017,3,18,13,01005KT,14,11
2017-03-18 14:00:00.000,2017,3,18,14,31003KT,17,11
2017-03-18 15:00:00.000,2017,3,18,15,32005KT,18,10
2017-03-18 16:00:00.000,2017,3,18,16,32009KT,19,10
2017-03-18 17:00:00.000,2017,3,18,17,28010KT,19,10
2017-03-18 18:00:00.000,2017,3,18,18,26010KT,20,11
2017-03-18 19:00:00.000,2017,3,18,19,VRB02KT,27,23
2017-03-18 20:00:00.000,2017,3,18,20,26012KT,18,12
2017-03-18 21:00:00.000,2017,3,18,21,33012KT,17,10
2017-03-18 22:00:00.000,2017,3,18,22,06006KT,15,09
2017-03-18 23:00:00.000,2017,3,18,23,05004KT,14,09
2017-03-19 00:00:00.000,2017,3,19,0,VRB02KT,13,09
2017-03-19 01:00:00.000,2017,3,19,1,VRB02KT,12,09
2017-03-19 02:00:00.000,2017,3,19,2,36004KT,12,10
2017-03-19 03:00:00.000,2017,3,19,3,04004KT,11,09
2017-03-19 04:00:00.000,2017,3,19,4,00000KT,11,10
2017-03-19 05:00:00.000,2017,3,19,5,33004KT,10,09
2017-03-19 06:00:00.000,2017,3,19,6,05003KT,10,09
2017-03-19 07:00:00.000,2017,3,19,7,VRB02KT,09,08
2017-03-19 08:00:00.000,2017,3,19,8,VRB02KT,09,08
2017-03-19 09:00:00.000,2017,3,19,9,27003KT,10,09
2017-03-19 10:00:00.000,2017,3,19,10,34003KT,10,09
2017-03-19 11:00:00.000,2017,3,19,11,26003KT,10,09
2017-03-19 12:00:00.000,2017,3,19,12,00000KT,10,09
2017-03-19 13:00:00.000,2017,3,19,13,00000KT,13,10
2017-03-19 14:00:00.000,2017,3,19,14,26003KT,15,10
2017-03-19 15:00:00.000,2017,3,19,15,VRB02KT,18,10
2017-03-19 16:00:00.000,2017,3,19,16,27009KT,17,10
2017-03-19 17:00:00.000,2017,3,19,17,32010KT,16,10
2017-03-19 18:00:00.000,2017,3,19,18,32013KT,16,11
2017-03-19 19:00:00.000,2017,3,19,19,30014KT,17,11
2017-03-19 20:00:00.000,2017,3,19,20,30010KT,16,10
2017-03-19 21:00:00.000,2017,3,19,21,28006KT,16,09
2017-03-19 22:00:00.000,2017,3,19,22,26006KT,16,10
2017-03-19 23:00:00.000,2017,3,19,23,32006KT,15,10
2017-03-20 00:00:00.000,2017,3,20,0,31005KT,14,10
2017-03-20 01:00:00.000,2017,3,20,1,28005KT,14,10
2017-03-20 02:00:00.000,2017,3,20,2,VRB02KT,13,10
2017-03-20 03:00:00.000,2017,3,20,3,29003KT,13,10
2017-03-20 04:00:00.000,2017,3,20,4,32003KT,12,10
2017-03-20 05:00:00.000,2017,3,20,5,VRB02KT,12,10
2017-03-20 06:00:00.000,2017,3,20,6,VRB02KT,09,08
2017-03-20 07:00:00.000,2017,3,20,7,VRB02KT,10,09
2017-03-20 08:00:00.000,2017,3,20,8,VRB02KT,10,09
2017-03-20 09:00:00.000,2017,3,20,9,VRB02KT,09,08
2017-03-20 10:00:00.000,2017,3,20,10,VRB02KT,10,09
2017-03-20 11:00:00.000,2017,3,20,11,VRB02KT,10,09
2017-03-20 12:00:00.000,2017,3,20,12,VRB02KT,10,09
2017-03-20 13:00:00.000,2017,3,20,13,32003KT,12,12
2017-03-20 14:00:00.000,2017,3,20,14,27003KT,14,09
2017-03-20 15:00:00.000,2017,3,20,15,33004KT,16,10
2017-03-20 16:00:00.000,2017,3,20,16,36004KT,18,09
2017-03-20 17:00:00.000,2017,3,20,17,29008KT,16,09
2017-03-20 18:00:00.000,2017,3,20,18,26006KT,16,10
2017-03-20 19:00:00.000,2017,3,20,19,18003KT,18,10
2017-03-20 20:00:00.000,2017,3,20,20,26008KT,18,11
2017-03-20 21:00:00.000,2017,3,20,21,28010KT,18,11
2017-03-20 22:00:00.000,2017,3,20,22,27010KT,17,11
2017-03-20 23:00:00.000,2017,3,20,23,26009KT,16,11
2017-03-21 00:00:00.000,2017,3,21,0,30008KT,14,10
2017-03-21 01:00:00.000,2017,3,21,1,26005KT,14,10
2017-03-21 02:00:00.000,2017,3,21,2,25005KT,14,10
2017-03-21 03:00:00.000,2017,3,21,3,VRB02KT,13,10
2017-03-21 04:00:00.000,2017,3,21,4,VRB02KT,13,11
2017-03-21 05:00:00.000,2017,3,21,5,VRB02KT,12,11
2017-03-21 06:00:00.000,2017,3,21,6,VRB02KT,12,11
2017-03-21 07:00:00.000,2017,3,21,7,VRB02KT,12,11
2017-03-21 08:00:00.000,2017,3,21,8,VRB02KT,12,11
2017-03-21 09:00:00.000,2017,3,21,9,32004KT,12,11
2017-03-21 10:00:00.000,2017,3,21,10,31003KT,12,11
2017-03-21 11:00:00.000,2017,3,21,11,VRB02KT,12,11
2017-03-21 12:00:00.000,2017,3,21,12,VRB02KT,12,11
2017-03-21 12:30:00.000,2017,3,21,12,VRB02KT,12,11
2017-03-21 13:00:00.000,2017,3,21,13,30003KT,13,12
2017-03-21 14:00:00.000,2017,3,21,14,30004KT,14,12
2017-03-21 15:00:00.000,2017,3,21,15,27004KT,15,11
2017-03-21 16:00:00.000,2017,3,21,16,06005KT,16,11
2017-03-21 17:00:00.000,2017,3,21,17,05003KT,16,10
2017-03-21 18:00:00.000,2017,3,21,18,26006KT,18,11
2017-03-21 18:35:00.000,2017,3,21,18,27009KT,17,12
2017-03-21 19:00:00.000,2017,3,21,19,25007KT,17,12
2017-03-21 20:00:00.000,2017,3,21,20,26010KT,17,12
2017-03-21 21:00:00.000,2017,3,21,21,28010KT,17,12
2017-03-21 22:00:00.000,2017,3,21,22,29010KT,17,11
2017-03-21 23:00:00.000,2017,3,21,23,24004KT,16,11
2017-03-22 00:00:00.000,2017,3,22,0,31005KT,14,11
2017-03-22 01:00:00.000,2017,3,22,1,VRB02KT,14,11
2017-03-22 02:00:00.000,2017,3,22,2,32003KT,13,11
2017-03-22 03:00:00.000,2017,3,22,3,VRB02KT,13,11
2017-03-22 04:00:00.000,2017,3,22,4,VRB02KT,13,11
2017-03-22 05:00:00.000,2017,3,22,5,VRB02KT,12,11
2017-03-22 06:00:00.000,2017,3,22,6,32003KT,12,11
2017-03-22 08:00:00.000,2017,3,22,8,VRB02KT,12,11
2017-03-22 09:00:00.000,2017,3,22,9,VRB02KT,12,11
2017-03-22 10:00:00.000,2017,3,22,10,01004KT,12,11
2017-03-22 10:30:00.000,2017,3,22,10,01003KT,12,11
2017-03-22 11:00:00.000,2017,3,22,11,35003KT,12,11
2017-03-22 12:00:00.000,2017,3,22,12,VRB02KT,12,11
2017-03-22 13:00:00.000,2017,3,22,13,03004KT,13,12
2017-03-22 14:00:00.000,2017,3,22,14,05005KT,15,12
2017-03-22 15:00:00.000,2017,3,22,15,06005KT,15,11
2017-03-22 15:20:00.000,2017,3,22,15,05005KT,15,12
2017-03-22 16:00:00.000,2017,3,22,16,06005KT,16,11
2017-03-22 17:00:00.000,2017,3,22,17,11003KT,17,10
2017-03-22 18:00:00.000,2017,3,22,18,11005KT,18,09
2017-03-22 19:00:00.000,2017,3,22,19,10010KT,18,09
2017-03-22 20:00:00.000,2017,3,22,20,18009KT,16,10
2017-03-22 21:00:00.000,2017,3,22,21,16004KT,17,09
2017-03-22 22:00:00.000,2017,3,22,22,VRB02KT,16,11
2017-03-22 23:00:00.000,2017,3,22,23,30004KT,16,12
2017-03-23 00:00:00.000,2017,3,23,0,VRB02KT,14,12
2017-03-23 01:00:00.000,2017,3,23,1,VRB02KT,14,09
2017-03-23 02:00:00.000,2017,3,23,2,VRB02KT,13,10
2017-03-23 03:00:00.000,2017,3,23,3,VRB02KT,12,10
2017-03-23 04:00:00.000,2017,3,23,4,VRB02KT,12,10
2017-03-23 05:00:00.000,2017,3,23,5,VRB02KT,12,10
2017-03-23 06:00:00.000,2017,3,23,6,VRB02KT,12,10
2017-03-23 08:30:00.000,2017,3,23,8,VRB02KT,11,10
2017-03-23 09:00:00.000,2017,3,23,9,VRB02KT,11,10
2017-03-23 10:00:00.000,2017,3,23,10,VRB02KT,11,10
2017-03-23 10:30:00.000,2017,3,23,10,VRB02KT,12,10
2017-03-23 11:00:00.000,2017,3,23,11,VRB02KT,11,10
2017-03-23 11:25:00.000,2017,3,23,11,07005KT,12,11
2017-03-23 12:00:00.000,2017,3,23,12,03005KT,12,11
2017-03-23 13:00:00.000,2017,3,23,13,07006KT,12,11
2017-03-23 14:00:00.000,2017,3,23,14,09008KT,12,10
2017-03-23 15:00:00.000,2017,3,23,15,04005KT,13,11
2017-03-23 15:35:00.000,2017,3,23,15,06004KT,15,12
2017-03-23 16:00:00.000,2017,3,23,16,34004KT,15,11
2017-03-23 17:00:00.000,2017,3,23,17,07005KT,16,11
2017-03-23 18:00:00.000,2017,3,23,18,32004KT,19,11
2017-03-23 19:00:00.000,2017,3,23,19,25007KT,17,12
2017-03-23 20:00:00.000,2017,3,23,20,24012KT,16,12
2017-03-23 20:26:00.000,2017,3,23,20,23012KT,15,12
2017-03-23 21:00:00.000,2017,3,23,21,25006KT,16,12
2017-03-23 22:00:00.000,2017,3,23,22,24006KT,16,12
2017-03-23 23:00:00.000,2017,3,23,23,25006KT,16,12
2017-03-24 00:00:00.000,2017,3,24,0,24003KT,15,11
2017-03-24 01:00:00.000,2017,3,24,1,28003KT,14,10
2017-03-24 02:00:00.000,2017,3,24,2,27004KT,13,12
2017-03-24 03:00:00.000,2017,3,24,3,19004KT,13,12
2017-03-24 04:00:00.000,2017,3,24,4,29003KT,14,12
2017-03-24 05:00:00.000,2017,3,24,5,32003KT,13,12
2017-03-24 06:00:00.000,2017,3,24,6,34003KT,13,12
2017-03-24 07:00:00.000,2017,3,24,7,03004KT,13,12
2017-03-24 08:00:00.000,2017,3,24,8,03004KT,13,12
2017-03-24 09:00:00.000,2017,3,24,9,VRB02KT,13,12
2017-03-24 10:00:00.000,2017,3,24,10,VRB02KT,13,11
2017-03-24 10:30:00.000,2017,3,24,10,VRB02KT,13,11
2017-03-24 11:00:00.000,2017,3,24,11,05003KT,13,11
2017-03-24 12:00:00.000,2017,3,24,12,05005KT,13,11
2017-03-24 13:00:00.000,2017,3,24,13,04003KT,13,12
2017-03-24 14:00:00.000,2017,3,24,14,VRB02KT,16,12
2017-03-24 15:00:00.000,2017,3,24,15,26007KT,17,11
2017-03-24 16:00:00.000,2017,3,24,16,24011KT,16,12
2017-03-24 16:18:00.000,2017,3,24,16,24011KT,15,12
2017-03-24 17:00:00.000,2017,3,24,17,25007KT,15,11
2017-03-24 17:18:00.000,2017,3,24,17,30006KT,15,11
2017-03-24 18:00:00.000,2017,3,24,18,35006KT,14,12
2017-03-24 18:20:00.000,2017,3,24,18,34006KT,13,12
2017-03-24 19:00:00.000,2017,3,24,19,31008KT,13,12
2017-03-24 20:00:00.000,2017,3,24,20,29008KT,13,12
2017-03-24 21:00:00.000,2017,3,24,21,29004KT,14,11
2017-03-24 22:00:00.000,2017,3,24,22,36004KT,16,11
2017-03-24 23:00:00.000,2017,3,24,23,VRB02KT,15,11
2017-03-25 00:00:00.000,2017,3,25,0,27003KT,13,10
2017-03-25 01:00:00.000,2017,3,25,1,22003KT,13,10
2017-03-25 02:00:00.000,2017,3,25,2,32003KT,11,10
2017-03-25 03:00:00.000,2017,3,25,3,36004KT,11,09
2017-03-25 04:00:00.000,2017,3,25,4,31005KT,11,10
2017-03-25 05:00:00.000,2017,3,25,5,VRB02KT,11,10
2017-03-25 06:00:00.000,2017,3,25,6,32004KT,11,10
2017-03-25 07:00:00.000,2017,3,25,7,28004KT,11,10
2017-03-25 09:00:00.000,2017,3,25,9,VRB02KT,11,10
2017-03-25 10:00:00.000,2017,3,25,10,VRB02KT,12,10
2017-03-25 10:30:00.000,2017,3,25,10,VRB02KT,12,10
2017-03-25 11:00:00.000,2017,3,25,11,04004KT,12,10
2017-03-25 12:00:00.000,2017,3,25,12,32006KT,12,10
2017-03-25 13:00:00.000,2017,3,25,13,27004KT,13,11
2017-03-25 14:00:00.000,2017,3,25,14,33004KT,15,11
2017-03-25 15:00:00.000,2017,3,25,15,VRB02KT,17,10
2017-03-25 16:00:00.000,2017,3,25,16,28003KT,17,09
2017-03-25 17:00:00.000,2017,3,25,17,24008KT,18,12
2017-03-25 18:00:00.000,2017,3,25,18,25012KT,19,11
2017-03-25 19:00:00.000,2017,3,25,19,23006KT,17,11
2017-03-25 20:00:00.000,2017,3,25,20,05006KT,15,12
2017-03-25 21:00:00.000,2017,3,25,21,36005KT,15,12
2017-03-25 22:00:00.000,2017,3,25,22,34003KT,15,12
2017-03-25 23:00:00.000,2017,3,25,23,02004KT,14,12
2017-03-26 00:00:00.000,2017,3,26,0,VRB02KT,13,12
2017-03-26 01:00:00.000,2017,3,26,1,13006KT,13,12
2017-03-26 02:00:00.000,2017,3,26,2,VRB02KT,13,11
2017-03-26 03:00:00.000,2017,3,26,3,VRB02KT,13,11
2017-03-26 04:00:00.000,2017,3,26,4,VRB02KT,12,11
2017-03-26 05:00:00.000,2017,3,26,5,VRB02KT,12,11
2017-03-26 06:00:00.000,2017,3,26,6,020082KT,12,10
2017-03-26 07:00:00.000,2017,3,26,7,08005KT,12,10
2017-03-26 08:00:00.000,2017,3,26,8,VRB02KT,12,09
2017-03-26 09:00:00.000,2017,3,26,9,VRB02KT,12,09
2017-03-26 10:00:00.000,2017,3,26,10,34004KT,11,10
2017-03-26 11:00:00.000,2017,3,26,11,VRB02KT,11,10
2017-03-26 12:00:00.000,2017,3,26,12,04004KT,12,10
2017-03-26 13:00:00.000,2017,3,26,13,07003KT,13,10
2017-03-26 14:00:00.000,2017,3,26,14,30004KT,15,10
2017-03-26 15:00:00.000,2017,3,26,15,29006KT,15,10
2017-03-26 16:00:00.000,2017,3,26,16,32007KT,17,09
2017-03-26 17:00:00.000,2017,3,26,17,29008KT,18,10
2017-03-26 18:00:00.000,2017,3,26,18,31011KT,15,11
2017-03-26 19:00:00.000,2017,3,26,19,32008KT,15,11
2017-03-26 20:00:00.000,2017,3,26,20,29005KT,15,11
2017-03-26 21:00:00.000,2017,3,26,21,24006KT,15,11
2017-03-26 22:00:00.000,2017,3,26,22,27009KT,14,11
2017-03-26 23:00:00.000,2017,3,26,23,25005KT,14,11
2017-03-27 00:00:00.000,2017,3,27,0,23003KT,14,11
2017-03-27 01:00:00.000,2017,3,27,1,28004KT,14,11
2017-03-27 02:00:00.000,2017,3,27,2,32005KT,13,11
2017-03-27 03:00:00.000,2017,3,27,3,VRB02KT,13,11
2017-03-27 04:00:00.000,2017,3,27,4,00000KT,13,11
2017-03-27 05:00:00.000,2017,3,27,5,VRB02KT,13,11
2017-03-27 06:00:00.000,2017,3,27,6,06003KT,12,11
2017-03-27 07:00:00.000,2017,3,27,7,07004KT,12,11
2017-03-27 09:00:00.000,2017,3,27,9,050004KT,11,10
2017-03-27 10:00:00.000,2017,3,27,10,04005KT,11,10
2017-03-27 11:00:00.000,2017,3,27,11,06007KT,11,10
2017-03-27 12:00:00.000,2017,3,27,12,06006KT,12,10
2017-03-27 13:00:00.000,2017,3,27,13,07004KT,12,11
2017-03-27 14:00:00.000,2017,3,27,14,04005KT,14,11
2017-03-27 15:00:00.000,2017,3,27,15,VRB02KT,17,10
2017-03-27 16:00:00.000,2017,3,27,16,VRB02KT,18,09
2017-03-27 17:00:00.000,2017,3,27,17,VRB02KT,20,10
2017-03-27 18:00:00.000,2017,3,27,18,VRB02KT,21,08
2017-03-27 18:20:00.000,2017,3,27,18,31014KT,21,10
2017-03-27 18:35:00.000,2017,3,27,18,23016KT,18,13
2017-03-27 19:00:00.000,2017,3,27,19,24013KT,18,12
2017-03-27 19:35:00.000,2017,3,27,19,30012KT,17,12
2017-03-27 20:00:00.000,2017,3,27,20,27010KT,16,12
2017-03-27 20:15:00.000,2017,3,27,20,25010KT,16,12
2017-03-27 21:00:00.000,2017,3,27,21,27004KT,15,13
2017-03-27 21:30:00.000,2017,3,27,21,VRB02KT,15,13
2017-03-27 22:00:00.000,2017,3,27,22,02004KT,15,13
2017-03-27 23:00:00.000,2017,3,27,23,VRB02KT,15,12
2017-03-28 00:00:00.000,2017,3,28,0,10005KT,14,12
2017-03-28 01:00:00.000,2017,3,28,1,06005KT,13,12
2017-03-28 02:00:00.000,2017,3,28,2,06005KT,13,12
2017-03-28 03:00:00.000,2017,3,28,3,35004KT,13,11
2017-03-28 04:00:00.000,2017,3,28,4,06005KT,13,12
2017-03-28 05:00:00.000,2017,3,28,5,07008KT,13,12
2017-03-28 06:00:00.000,2017,3,28,6,08004KT,12,10
2017-03-28 09:00:00.000,2017,3,28,9,04004KT,11,10
2017-03-28 10:00:00.000,2017,3,28,10,04005KT,11,09
2017-03-28 10:30:00.000,2017,3,28,10,07004KT,11,09
2017-03-28 11:00:00.000,2017,3,28,11,02003KT,11,09
2017-03-28 12:00:00.000,2017,3,28,12,22004KT,12,09
2017-03-28 13:00:00.000,2017,3,28,13,VRB02KT,12,10
2017-03-28 14:00:00.000,2017,3,28,14,03003KT,14,10
2017-03-28 15:00:00.000,2017,3,28,15,29005KT,17,11
2017-03-28 15:29:00.000,2017,3,28,15,VRB02KT,19,11
2017-03-28 16:00:00.000,2017,3,28,16,06004KT,19,11
2017-03-28 16:24:00.000,2017,3,28,16,03005KT,19,10
2017-03-28 17:00:00.000,2017,3,28,17,04005KT,19,10
2017-03-28 18:00:00.000,2017,3,28,18,25010KT,17,12
2017-03-28 19:00:00.000,2017,3,28,19,28010KT,17,12
2017-03-28 20:00:00.000,2017,3,28,20,28010KT,17,12
2017-03-28 20:30:00.000,2017,3,28,20,28010KT,18,12
2017-03-28 21:00:00.000,2017,3,28,21,30006KT,17,13
2017-03-28 22:00:00.000,2017,3,28,22,30010KT,18,12
2017-03-28 23:00:00.000,2017,3,28,23,30010KT,16,10
2017-03-29 00:00:00.000,2017,3,29,0,28010KT,15,11
2017-03-29 01:00:00.000,2017,3,29,1,26006KT,15,11
2017-03-29 02:00:00.000,2017,3,29,2,19006KT,14,10
2017-03-29 03:00:00.000,2017,3,29,3,34006KT,13,10
2017-03-29 03:20:00.000,2017,3,29,3,VRB02KT,13,10
2017-03-29 04:00:00.000,2017,3,29,4,06005KT,13,10
2017-03-29 05:00:00.000,2017,3,29,5,13004KT,13,10
2017-03-29 06:00:00.000,2017,3,29,6,01003KT,12,11
2017-03-29 09:00:00.000,2017,3,29,9,00000KT,10,09
2017-03-29 10:30:00.000,2017,3,29,10,VRB02KT,10,09
2017-03-29 11:00:00.000,2017,3,29,11,VRB02KT,10,09
2017-03-29 12:00:00.000,2017,3,29,12,VRB02KT,08,07
2017-03-29 13:00:00.000,2017,3,29,13,VRB02KT,14,12
2017-03-29 14:00:00.000,2017,3,29,14,VRB02KT,16,11
2017-03-29 15:00:00.000,2017,3,29,15,06004KT,18,10
2017-03-29 16:00:00.000,2017,3,29,16,05004KT,18,10
2017-03-29 17:00:00.000,2017,3,29,17,17004KT,20,10
2017-03-29 18:00:00.000,2017,3,29,18,33004KT,19,10
2017-03-29 19:00:00.000,2017,3,29,19,30010KT,17,12
2017-03-29 19:05:00.000,2017,3,29,19,30010KT,16,12
2017-03-29 20:00:00.000,2017,3,29,20,26009KT,16,13
2017-03-29 21:00:00.000,2017,3,29,21,25007KT,17,12
2017-03-29 22:00:00.000,2017,3,29,22,25005KT,17,13
2017-03-29 23:00:00.000,2017,3,29,23,29006KT,15,13
2017-03-30 00:00:00.000,2017,3,30,0,22005KT,14,12
2017-03-30 00:15:00.000,2017,3,30,0,28005KT,14,11
2017-03-30 01:00:00.000,2017,3,30,1,28005KT,14,11
2017-03-30 02:00:00.000,2017,3,30,2,30004KT,13,11
2017-03-30 03:00:00.000,2017,3,30,3,34005KT,13,11
2017-03-30 04:00:00.000,2017,3,30,4,VRB02KT,12,11
2017-03-30 05:00:00.000,2017,3,30,5,35004KT,11,10
2017-03-30 06:00:00.000,2017,3,30,6,35003KT,12,11
2017-03-30 07:00:00.000,2017,3,30,7,35005KT,12,11
2017-03-30 08:00:00.000,2017,3,30,8,02003KT,12,11
2017-03-30 09:00:00.000,2017,3,30,9,VRB02KT,12,11
2017-03-30 10:00:00.000,2017,3,30,10,VRB02KT,11,11
2017-03-30 10:30:00.000,2017,3,30,10,VRB02KT,12,11
2017-03-30 11:00:00.000,2017,3,30,11,VRB02KT,12,11
2017-03-30 11:12:00.000,2017,3,30,11,24003KT,12,11
2017-03-30 12:00:00.000,2017,3,30,12,26004KT,12,11
2017-03-30 13:00:00.000,2017,3,30,13,24004KT,13,12
2017-03-30 14:00:00.000,2017,3,30,14,21005KT,15,11
2017-03-30 15:00:00.000,2017,3,30,15,VRB02KT,17,11
2017-03-30 16:00:00.000,2017,3,30,16,28006KT,15,12
2017-03-30 17:00:00.000,2017,3,30,17,30006KT,15,13
2017-03-30 18:00:00.000,2017,3,30,18,30006KT,16,12
2017-03-30 18:10:00.000,2017,3,30,18,03004KT,15,12
2017-03-30 19:00:00.000,2017,3,30,19,26006KT,14,12
2017-03-30 20:00:00.000,2017,3,30,20,28007KT,15,13
2017-03-30 21:00:00.000,2017,3,30,21,28005KT,16,13
2017-03-30 22:00:00.000,2017,3,30,22,31004KT,16,12
2017-03-30 23:00:00.000,2017,3,30,23,25005KT,15,12
2017-03-31 00:00:00.000,2017,3,31,0,28004KT,15,12
2017-03-31 01:00:00.000,2017,3,31,1,VRB02KT,14,12
2017-03-31 02:00:00.000,2017,3,31,2,VRB02KT,13,12
2017-03-31 03:00:00.000,2017,3,31,3,VRB02KT,13,12
2017-03-31 04:00:00.000,2017,3,31,4,VRB02KT,12,11
2017-03-31 05:00:00.000,2017,3,31,5,32003KT,12,11
2017-03-31 08:00:00.000,2017,3,31,8,VRB02KT,13,11
2017-03-31 09:00:00.000,2017,3,31,9,28003KT,13,11
2017-03-31 10:00:00.000,2017,3,31,10,05003KT,12,11
2017-03-31 10:13:00.000,2017,3,31,10,06003KT,12,11
2017-03-31 10:30:00.000,2017,3,31,10,VRB02KT,12,11
2017-03-31 11:00:00.000,2017,3,31,11,03004KT,12,11
2017-03-31 11:10:00.000,2017,3,31,11,01003KT,12,11
2017-03-31 12:00:00.000,2017,3,31,12,03004KT,13,12
2017-03-31 13:00:00.000,2017,3,31,13,02003KT,13,12
2017-03-31 14:00:00.000,2017,3,31,14,12003KT,16,12
2017-03-31 15:00:00.000,2017,3,31,15,14007KT,17,10
2017-03-31 16:00:00.000,2017,3,31,16,13010KT,18,10
2017-03-31 17:00:00.000,2017,3,31,17,13006KT,18,09
2017-03-31 18:00:00.000,2017,3,31,18,06007KT,18,10
2017-03-31 19:00:00.000,2017,3,31,19,18006KT,17,09
2017-03-31 20:00:00.000,2017,3,31,20,10008KT,19,09
2017-03-31 21:00:00.000,2017,3,31,21,07013KT,18,10
2017-03-31 22:00:00.000,2017,3,31,22,04010KT,17,09
2017-03-31 23:00:00.000,2017,3,31,23,04007KT,17,10
2017-04-01 00:00:00.000,2017,4,1,0,09007KT,16,09
2017-04-01 01:00:00.000,2017,4,1,1,09003KT,16,09
2017-04-01 01:05:00.000,2017,4,1,1,07007KT,15,10
2017-04-01 02:00:00.000,2017,4,1,2,08006KT,,
2017-04-01 03:00:00.000,2017,4,1,3,08006KT,14,10
2017-04-01 04:00:00.000,2017,4,1,4,09006KT,14,10
2017-04-01 05:00:00.000,2017,4,1,5,VRB02KT,14,10
2017-04-01 06:00:00.000,2017,4,1,6,12008KT,15,08
2017-04-01 07:00:00.000,2017,4,1,7,06005KT,14,09
2017-04-01 08:00:00.000,2017,4,1,8,04006KT,112,08
2017-04-01 09:00:00.000,2017,4,1,9,07005KT,12,08
2017-04-01 10:00:00.000,2017,4,1,10,06006KT,12,09
2017-04-01 10:30:00.000,2017,4,1,10,08004KT,13,08
2017-04-01 11:00:00.000,2017,4,1,11,09004KT,13,07
2017-04-01 12:00:00.000,2017,4,1,12,11004KT,14,08
2017-04-01 13:00:00.000,2017,4,1,13,10004KT,14,08
2017-04-01 14:00:00.000,2017,4,1,14,10004KT,14,08
2017-04-01 15:00:00.000,2017,4,1,15,06006KT,17,09
2017-04-01 16:00:00.000,2017,4,1,16,09005KT,17,10
2017-04-01 17:00:00.000,2017,4,1,17,11008KT,18,09
2017-04-01 18:00:00.000,2017,4,1,18,09012KT,19,08
2017-04-01 19:00:00.000,2017,4,1,19,04010KT,17,10
2017-04-01 20:00:00.000,2017,4,1,20,05012KT,18,10
2017-04-01 21:00:00.000,2017,4,1,21,08007KT,17,09
2017-04-01 22:00:00.000,2017,4,1,22,08007KT,17,09
2017-04-01 23:00:00.000,2017,4,1,23,10008KT,17,07
2017-04-02 00:00:00.000,2017,4,2,0,08006KT,16,08
2017-04-02 01:00:00.000,2017,4,2,1,08006KT,15,09
2017-04-02 02:00:00.000,2017,4,2,2,10004KT,15,09
2017-04-02 03:00:00.000,2017,4,2,3,03004KT,14,10
2017-04-02 04:00:00.000,2017,4,2,4,04006KT,13,09
2017-04-02 05:00:00.000,2017,4,2,5,03004KT,13,09
2017-04-02 06:00:00.000,2017,4,2,6,VRB02KT,13,10
2017-04-02 06:07:00.000,2017,4,2,6,07006KT,13,10
2017-04-02 07:00:00.000,2017,4,2,7,01004KT,12,11
2017-04-02 08:00:00.000,2017,4,2,8,04004KT,12,11
2017-04-02 09:00:00.000,2017,4,2,9,06004KT,12,11
2017-04-02 10:00:00.000,2017,4,2,10,06004KT,12,11
2017-04-02 10:30:00.000,2017,4,2,10,04004KT,12,10
2017-04-02 11:00:00.000,2017,4,2,11,08006KT,13,10
2017-04-02 12:00:00.000,2017,4,2,12,02004KT,13,10
2017-04-02 13:00:00.000,2017,4,2,13,05004KT,15,09
2017-04-02 14:00:00.000,2017,4,2,14,11010KT,17,08
2017-04-02 15:00:00.000,2017,4,2,15,12010KT,18,07
2017-04-02 16:00:00.000,2017,4,2,16,14015KT,18,08
2017-04-02 17:00:00.000,2017,4,2,17,13015KT,19,09
2017-04-02 18:00:00.000,2017,4,2,18,13016KT,20,08
2017-04-02 19:00:00.000,2017,4,2,19,15013KT,21,08
2017-04-02 20:00:00.000,2017,4,2,20,14010KT,19,07
2017-04-02 21:00:00.000,2017,4,2,21,08010KT,19,07
2017-04-02 22:00:00.000,2017,4,2,22,11012KT,18,07
2017-04-02 23:00:00.000,2017,4,2,23,12010KT,17,07
2017-04-03 00:00:00.000,2017,4,3,0,09004KT,16,07
2017-04-03 01:00:00.000,2017,4,3,1,10004KT,15,07
2017-04-03 02:00:00.000,2017,4,3,2,09004KT,12,08
2017-04-03 03:00:00.000,2017,4,3,3,09003KT,12,09
2017-04-03 04:00:00.000,2017,4,3,4,06005KT,11,08
2017-04-03 05:00:00.000,2017,4,3,5,28005KT,10,08
2017-04-03 06:00:00.000,2017,4,3,6,VRB02KT,10,08
2017-04-03 07:00:00.000,2017,4,3,7,VRB02KT,08,07
2017-04-03 08:00:00.000,2017,4,3,8,VRB02KT,08,07
2017-04-03 09:00:00.000,2017,4,3,9,08004KT,08,07
2017-04-03 10:00:00.000,2017,4,3,10,08003KT,09,08
2017-04-03 11:00:00.000,2017,4,3,11,VRB02KT,07,06
2017-04-03 12:00:00.000,2017,4,3,12,05006KT,08,07
2017-04-03 13:00:00.000,2017,4,3,13,05006KT,13,08
2017-04-03 14:00:00.000,2017,4,3,14,03008KT,15,08
2017-04-03 15:00:00.000,2017,4,3,15,07008KT,18,07
2017-04-03 16:00:00.000,2017,4,3,16,07008KT,19,07
2017-04-03 17:00:00.000,2017,4,3,17,07008KT,19,07
2017-04-03 19:00:00.000,2017,4,3,19,16010G20KT,21,04
2017-04-03 20:00:00.000,2017,4,3,20,14010G20KT,21,03
2017-04-03 21:00:00.000,2017,4,3,21,12010G20KT,21,01
2017-04-03 22:00:00.000,2017,4,3,22,09010G20KT,21,00
2017-04-03 23:00:00.000,2017,4,3,23,09010G20KT,18,01
2017-04-04 00:00:00.000,2017,4,4,0,14011KT,15,03
2017-04-04 01:00:00.000,2017,4,4,1,10005KT,14,03
2017-04-04 02:00:00.000,2017,4,4,2,09008KT,14,05
2017-04-04 03:00:00.000,2017,4,4,3,04007KT,13,07
2017-04-04 04:00:00.000,2017,4,4,4,04007KT,12,07
2017-04-04 05:00:00.000,2017,4,4,5,05006KT,10,07
2017-04-04 06:00:00.000,2017,4,4,6,04007KT,10,08
2017-04-04 07:00:00.000,2017,4,4,7,07005KT,09,07
2017-04-04 08:00:00.000,2017,4,4,8,04005KT,09,07
2017-04-04 09:00:00.000,2017,4,4,9,11004KT,09,07
2017-04-04 10:00:00.000,2017,4,4,10,08003KT,08,06
2017-04-04 11:00:00.000,2017,4,4,11,06005KT,07,05
2017-04-04 12:00:00.000,2017,4,4,12,00000KT,09,07
2017-04-04 13:00:00.000,2017,4,4,13,05008KT,12,07
2017-04-04 14:00:00.000,2017,4,4,14,05007KT,15,07
2017-04-04 15:00:00.000,2017,4,4,15,05010KT,17,07
2017-04-04 16:00:00.000,2017,4,4,16,11011KT,20,06
2017-04-04 17:00:00.000,2017,4,4,17,08010KT,20,05
2017-04-04 18:00:00.000,2017,4,4,18,09012KT,20,06
2017-04-04 19:00:00.000,2017,4,4,19,12008KT,21,04
2017-04-04 20:00:00.000,2017,4,4,20,05008KT,21,06
2017-04-04 21:00:00.000,2017,4,4,21,04010KT,21,03
2017-04-04 22:00:00.000,2017,4,4,22,06009KT,20,02
2017-04-04 23:00:00.000,2017,4,4,23,12006KT,19,02
2017-04-05 00:00:00.000,2017,4,5,0,10008KT,17,03
2017-04-05 01:00:00.000,2017,4,5,1,05005KT,13,05
2017-04-05 02:00:00.000,2017,4,5,2,03007KT,11,06
2017-04-05 03:00:00.000,2017,4,5,3,02004KT,09,05
2017-04-05 04:00:00.000,2017,4,5,4,03005KT,09,05
2017-04-05 05:00:00.000,2017,4,5,5,04004KT,08,04
2017-04-05 06:00:00.000,2017,4,5,6,02003KT,08,05
2017-04-05 07:00:00.000,2017,4,5,7,VRB02KT,06,04
2017-04-05 08:00:00.000,2017,4,5,8,05003KT,06,05
2017-04-05 09:00:00.000,2017,4,5,9,VRB02KT,04,03
2017-04-05 10:00:00.000,2017,4,5,10,35003KT,03,02
2017-04-05 11:00:00.000,2017,4,5,11,06006KT,05,04
2017-04-05 12:00:00.000,2017,4,5,12,01004KT,08,06
2017-04-05 13:00:00.000,2017,4,5,13,06007KT,12,06
2017-04-05 14:00:00.000,2017,4,5,14,05007KT,15,05
2017-04-05 15:00:00.000,2017,4,5,15,07007KT,17,07
2017-04-05 16:00:00.000,2017,4,5,16,15005KT,20,06
2017-04-05 17:00:00.000,2017,4,5,17,10011KT,20,05
2017-04-05 18:00:00.000,2017,4,5,18,13012KT,21,06
2017-04-05 19:00:00.000,2017,4,5,19,04006KT,20,04
2017-04-05 20:00:00.000,2017,4,5,20,07008KT,21,05
2017-04-05 21:00:00.000,2017,4,5,21,28009KT,20,08
2017-04-05 22:00:00.000,2017,4,5,22,28004KT,19,09
2017-04-05 23:00:00.000,2017,4,5,23,32009KT,16,10
2017-04-06 00:00:00.000,2017,4,6,0,32004KT,14,10
2017-04-06 01:00:00.000,2017,4,6,1,VRB02KT,11,08
2017-04-06 02:00:00.000,2017,4,6,2,VRB02KT,10,08
2017-04-06 03:00:00.000,2017,4,6,3,VRB02KT,10,08
2017-04-06 04:00:00.000,2017,4,6,4,36003KT,10,07
2017-04-06 05:00:00.000,2017,4,6,5,06003KT,10,07
2017-04-06 06:00:00.000,2017,4,6,6,32003KT,09,07
2017-04-06 07:00:00.000,2017,4,6,7,VRB02KT,08,07
2017-04-06 08:00:00.000,2017,4,6,8,VRB02KT,07,06
2017-04-06 09:00:00.000,2017,4,6,9,36003KT,06,05
2017-04-06 10:00:00.000,2017,4,6,10,VRB02KT,06,05
2017-04-06 11:00:00.000,2017,4,6,11,04005KT,05,04
2017-04-06 12:00:00.000,2017,4,6,12,05006KT,09,08
2017-04-06 13:00:00.000,2017,4,6,13,03003KT,13,09
2017-04-06 14:00:00.000,2017,4,6,14,21006KT,16,08
2017-04-06 15:00:00.000,2017,4,6,15,16014KT,17,06
2017-04-06 16:00:00.000,2017,4,6,16,17012KT,18,05
2017-04-06 17:00:00.000,2017,4,6,17,14010KT,19,16
2017-04-06 18:00:00.000,2017,4,6,18,10010KT,20,06
2017-04-06 19:00:00.000,2017,4,6,19,14014KT,21,05
2017-04-06 20:00:00.000,2017,4,6,20,20007KT,20,05
2017-04-06 21:00:00.000,2017,4,6,21,06004KT,20,04
2017-04-06 22:00:00.000,2017,4,6,22,25008KT,19,09
2017-04-06 23:00:00.000,2017,4,6,23,30009KT,16,09
2017-04-07 00:00:00.000,2017,4,7,0,26007KT,15,09
2017-04-07 01:00:00.000,2017,4,7,1,VRB02KT,13,09
2017-04-07 02:00:00.000,2017,4,7,2,VRB02KT,12,08
2017-04-07 03:00:00.000,2017,4,7,3,25004KT,14,06
2017-04-07 04:00:00.000,2017,4,7,4,VRB02KT,10,08
2017-04-07 05:00:00.000,2017,4,7,5,VRB02KT,10,08
2017-04-07 06:00:00.000,2017,4,7,6,VRB02KT,07,06
2017-04-07 07:00:00.000,2017,4,7,7,VRB02KT,08,07
2017-04-07 08:00:00.000,2017,4,7,8,VRB02KT,05,04
2017-04-07 09:00:00.000,2017,4,7,9,00000KT,05,04
2017-04-07 10:00:00.000,2017,4,7,10,35004KT,05,04
2017-04-07 11:00:00.000,2017,4,7,11,34004KT,06,05
2017-04-07 12:00:00.000,2017,4,7,12,VRB02KT,08,07
2017-04-07 13:00:00.000,2017,4,7,13,05004KT,11,08
2017-04-07 14:00:00.000,2017,4,7,14,02003KT,14,09
2017-04-07 15:00:00.000,2017,4,7,15,04004KT,17,07
2017-04-07 16:00:00.000,2017,4,7,16,36004KT,20,07
2017-04-07 17:00:00.000,2017,4,7,17,34005KT,20,07
2017-04-07 18:00:00.000,2017,4,7,18,22012KT,18,11
2017-04-07 19:00:00.000,2017,4,7,19,28012KT,18,11
2017-04-07 20:00:00.000,2017,4,7,20,32010KT,17,12
2017-04-07 21:00:00.000,2017,4,7,21,32013KT,19,12
2017-04-07 22:00:00.000,2017,4,7,22,26012KT,18,10
2017-04-07 23:00:00.000,2017,4,7,23,30006KT,16,09
2017-04-08 00:00:00.000,2017,4,8,0,32006KT,14,12
2017-04-08 01:00:00.000,2017,4,8,1,30005KT,14,11
2017-04-08 02:00:00.000,2017,4,8,2,32008KT,14,11
2017-04-08 03:00:00.000,2017,4,8,3,VRB02KT,14,11
2017-04-08 04:00:00.000,2017,4,8,4,32003KT,14,12
2017-04-08 05:00:00.000,2017,4,8,5,33003KT,14,11
2017-04-08 06:00:00.000,2017,4,8,6,06004KT,13,11
2017-04-08 07:00:00.000,2017,4,8,7,VRB02KT,11,10
2017-04-08 08:00:00.000,2017,4,8,8,30003KT,11,10
2017-04-08 09:00:00.000,2017,4,8,9,20004KT,11,10
2017-04-08 10:00:00.000,2017,4,8,10,35004KT,09,08
2017-04-08 11:00:00.000,2017,4,8,11,32003KT,09,08
2017-04-08 12:00:00.000,2017,4,8,12,04006KT,11,10
2017-04-08 13:00:00.000,2017,4,8,13,02004KT,14,11
2017-04-08 14:00:00.000,2017,4,8,14,04005KT,16,09
2017-04-08 15:00:00.000,2017,4,8,15,36004KT,19,07
2017-04-08 16:00:00.000,2017,4,8,16,36006KT,20,07
2017-04-08 17:00:00.000,2017,4,8,17,29006KT,21,08
2017-04-08 18:00:00.000,2017,4,8,18,27012KT,20,11
2017-04-08 19:00:00.000,2017,4,8,19,29013KT,20,11
2017-04-08 20:00:00.000,2017,4,8,20,30008KT,19,11
2017-04-08 21:00:00.000,2017,4,8,21,VRB18KT,5,12
2017-04-08 22:00:00.000,2017,4,8,22,VRB07KT,15,13
2017-04-08 23:00:00.000,2017,4,8,23,28004KT,13,12
2017-04-09 00:00:00.000,2017,4,9,0,25006KT,14,12
2017-04-09 01:00:00.000,2017,4,9,1,VRB02KT,14,11
2017-04-09 02:00:00.000,2017,4,9,2,VRB02KT,14,12
2017-04-09 03:00:00.000,2017,4,9,3,VRB02KT,13,11
2017-04-09 04:00:00.000,2017,4,9,4,VRB02KT,13,11
2017-04-09 05:00:00.000,2017,4,9,5,VRB02KT,13,11
2017-04-09 06:00:00.000,2017,4,9,6,VBR02KT,12,11
2017-04-09 07:00:00.000,2017,4,9,7,VBR02KT,12,11
2017-04-09 08:00:00.000,2017,4,9,8,31004KT,12,11
2017-04-09 10:00:00.000,2017,4,9,10,31004KT,11,11
2017-04-09 11:00:00.000,2017,4,9,11,32004KT,11,10
2017-04-09 12:00:00.000,2017,4,9,12,VRB02KT,12,11
2017-04-09 13:00:00.000,2017,4,9,13,06005KT,15,12
2017-04-09 14:00:00.000,2017,4,9,14,10005KT,17,11
2017-04-09 15:00:00.000,2017,4,9,15,19006KT,17,10
2017-04-09 16:00:00.000,2017,4,9,16,29004KT,18,10
2017-04-09 17:00:00.000,2017,4,9,17,10006KT,20,10
2017-04-09 18:00:00.000,2017,4,9,18,34008KT,14,13
2017-04-09 19:00:00.000,2017,4,9,19,26011KT,14,13
2017-04-09 20:00:00.000,2017,4,9,20,22004KT,14,12
2017-04-09 21:00:00.000,2017,4,9,21,28005KT,14,12
2017-04-09 22:00:00.000,2017,4,9,22,24004KT,15,12
2017-04-09 23:00:00.000,2017,4,9,23,23004KT,15,12
2017-04-10 00:00:00.000,2017,4,10,0,30006KT,14,11
2017-04-10 01:00:00.000,2017,4,10,1,28004KT,14,11
2017-04-10 02:00:00.000,2017,4,10,2,28004KT,13,11
2017-04-10 03:00:00.000,2017,4,10,3,VRB02KT,13,11
2017-04-10 04:00:00.000,2017,4,10,4,21004KT,14,11
2017-04-10 05:00:00.000,2017,4,10,5,35004KT,12,10
2017-04-10 06:00:00.000,2017,4,10,6,31003KT,11,10
2017-04-10 07:00:00.000,2017,4,10,7,VRB02KT,11,10
2017-04-10 08:00:00.000,2017,4,10,8,VRB02KT,11,10
2017-04-10 09:00:00.000,2017,4,10,9,VRB02KT,10,09
2017-04-10 10:00:00.000,2017,4,10,10,VRB02KT,10,09
2017-04-10 11:00:00.000,2017,4,10,11,02004KT,10,10
2017-04-10 12:00:00.000,2017,4,10,12,VRB02KT,11,11
2017-04-10 13:00:00.000,2017,4,10,13,05006KT,13,12
2017-04-10 14:00:00.000,2017,4,10,14,04006KT,15,11
2017-04-10 15:00:00.000,2017,4,10,15,01005KT,17,10
2017-04-10 16:00:00.000,2017,4,10,16,26005KT,18,09
2017-04-10 16:15:00.000,2017,4,10,16,33006KT,23,23
2017-04-10 17:00:00.000,2017,4,10,17,26004KT,20,11
2017-04-10 18:00:00.000,2017,4,10,18,24013KT,18,13
2017-04-10 19:00:00.000,2017,4,10,19,25013KT,17,12
2017-04-10 20:00:00.000,2017,4,10,20,24009KT,16,12
2017-04-10 20:34:00.000,2017,4,10,20,26009KT,16,11
2017-04-10 21:00:00.000,2017,4,10,21,25007KT,16,11
2017-04-10 22:00:00.000,2017,4,10,22,24006KT,17,10
2017-04-10 23:00:00.000,2017,4,10,23,04003KT,16,11
2017-04-11 00:00:00.000,2017,4,11,0,05008KT,14,11
2017-04-11 01:00:00.000,2017,4,11,1,33004KT,13,11
2017-04-11 02:00:00.000,2017,4,11,2,03005KT,12,11
2017-04-11 03:00:00.000,2017,4,11,3,06004KT,12,11
2017-04-11 04:00:00.000,2017,4,11,4,02003KT,12,11
2017-04-11 05:00:00.000,2017,4,11,5,35003KT,12,11
2017-04-11 06:00:00.000,2017,4,11,6,02003KT,12,11
2017-04-11 07:00:00.000,2017,4,11,7,03003KT,12,11
2017-04-11 08:00:00.000,2017,4,11,8,06003KT,12,11
2017-04-11 09:00:00.000,2017,4,11,9,05007KT,12,11
2017-04-11 10:00:00.000,2017,4,11,10,04006KT,12,11
2017-04-11 10:30:00.000,2017,4,11,10,04005KT,12,11
2017-04-11 11:00:00.000,2017,4,11,11,04005KT,12,10
2017-04-11 12:00:00.000,2017,4,11,12,06005KT,13,11
2017-04-11 13:00:00.000,2017,4,11,13,04004KT,13,11
2017-04-11 14:00:00.000,2017,4,11,14,05005KT,15,11
2017-04-11 14:40:00.000,2017,4,11,14,03006KT,17,11
2017-04-11 15:00:00.000,2017,4,11,15,03006KT,17,10
2017-04-11 16:00:00.000,2017,4,11,16,03004KT,17,10
2017-04-11 17:00:00.000,2017,4,11,17,33004KT,17,10
2017-04-11 18:00:00.000,2017,4,11,18,21006KT,18,10
2017-04-11 19:00:00.000,2017,4,11,19,09004KT,18,09
2017-04-11 20:00:00.000,2017,4,11,20,36004KT,16,12
2017-04-11 21:00:00.000,2017,4,11,21,31008KT,14,12
2017-04-11 22:00:00.000,2017,4,11,22,30003KT,16,12
2017-04-11 23:00:00.000,2017,4,11,23,VRB02KT,16,11
2017-04-12 00:00:00.000,2017,4,12,0,25004KT,14,11
2017-04-12 01:00:00.000,2017,4,12,1,VRB02KT,13,10
2017-04-12 02:00:00.000,2017,4,12,2,33003KT,12,11
2017-04-12 03:00:00.000,2017,4,12,3,VRB02KT,12,11
2017-04-12 04:00:00.000,2017,4,12,4,34003KT,12,11
2017-04-12 05:00:00.000,2017,4,12,5,VRB02KT,12,11
2017-04-12 06:00:00.000,2017,4,12,6,25003KT,13,11
2017-04-12 07:00:00.000,2017,4,12,7,35003KT,12,11
2017-04-12 08:00:00.000,2017,4,12,8,32003KT,12,11
2017-04-12 09:00:00.000,2017,4,12,9,03003KT,12,11
2017-04-12 10:00:00.000,2017,4,12,10,12003KT,13,10
2017-04-12 10:30:00.000,2017,4,12,10,27004KT,13,11
2017-04-12 11:00:00.000,2017,4,12,11,VRB02KT,13,11
2017-04-12 12:00:00.000,2017,4,12,12,05004KT,13,11
2017-04-12 13:00:00.000,2017,4,12,13,07004KT,15,11
2017-04-12 14:00:00.000,2017,4,12,14,03007KT,16,11
2017-04-12 15:00:00.000,2017,4,12,15,04006KT,18,10
2017-04-12 16:00:00.000,2017,4,12,16,35003KT,18,10
2017-04-12 17:00:00.000,2017,4,12,17,27012KT,19,13
2017-04-12 18:00:00.000,2017,4,12,18,27012KT,19,12
2017-04-12 19:00:00.000,2017,4,12,19,28012KT,17,12
2017-04-12 20:00:00.000,2017,4,12,20,27010KT,16,12
2017-04-12 21:00:00.000,2017,4,12,21,19005KT,14,11
2017-04-12 22:00:00.000,2017,4,12,22,VRB02KT,13,12
2017-04-12 23:00:00.000,2017,4,12,23,06006KT,13,11
2017-04-13 00:00:00.000,2017,4,13,0,05004KT,12,11
2017-04-13 01:00:00.000,2017,4,13,1,06007KT,13,11
2017-04-13 02:00:00.000,2017,4,13,2,05008KT,13,11
2017-04-13 03:00:00.000,2017,4,13,3,05008KT,13,11
2017-04-13 04:00:00.000,2017,4,13,4,04006KT,13,11
2017-04-13 05:00:00.000,2017,4,13,5,06005KT,12,11
2017-04-13 06:00:00.000,2017,4,13,6,05004KT,12,11
2017-04-13 07:00:00.000,2017,4,13,7,04004KT,12,11
2017-04-13 08:00:00.000,2017,4,13,8,05004KT,12,11
2017-04-13 09:00:00.000,2017,4,13,9,04004KT,11,10
2017-04-13 10:00:00.000,2017,4,13,10,04003KT,11,10
2017-04-13 11:00:00.000,2017,4,13,11,06003KT,11,10
2017-04-13 12:00:00.000,2017,4,13,12,VRB02KT,12,11
2017-04-13 13:00:00.000,2017,4,13,13,VRB02KT,14,12
2017-04-13 14:00:00.000,2017,4,13,14,14005KT,17,10
2017-04-13 15:00:00.000,2017,4,13,15,12005KT,17,09
2017-04-13 16:00:00.000,2017,4,13,16,07004KT,19,10
2017-04-13 17:00:00.000,2017,4,13,17,11008KT,19,09
2017-04-13 18:00:00.000,2017,4,13,18,11006KT,20,09
2017-04-13 19:00:00.000,2017,4,13,19,31004KT,19,11
2017-04-13 20:00:00.000,2017,4,13,20,31004KT,20,09
2017-04-13 21:00:00.000,2017,4,13,21,27006KT,20,08
2017-04-13 22:00:00.000,2017,4,13,22,33005KT,17,12
2017-04-13 23:00:00.000,2017,4,13,23,28006KT,16,12
2017-04-14 00:00:00.000,2017,4,14,0,23005KT,16,09
2017-04-14 01:00:00.000,2017,4,14,1,VRB02KT,14,11
2017-04-14 02:00:00.000,2017,4,14,2,34003KT,15,11
2017-04-14 03:00:00.000,2017,4,14,3,VRB02KT,15,11
2017-04-14 04:00:00.000,2017,4,14,4,VRB02KT,14,11
2017-04-14 05:00:00.000,2017,4,14,5,04005KT,14,11
2017-04-14 06:00:00.000,2017,4,14,6,05005KT,13,11
2017-04-14 07:00:00.000,2017,4,14,7,02004KT,13,11
2017-04-14 08:00:00.000,2017,4,14,8,VRB02KT,13,11
2017-04-14 09:00:00.000,2017,4,14,9,VRB02KT,13,11
2017-04-14 10:00:00.000,2017,4,14,10,VRB02KT,13,11
2017-04-14 11:00:00.000,2017,4,14,11,03004KT,12,10
2017-04-14 12:00:00.000,2017,4,14,12,09005KT,13,11
2017-04-14 13:00:00.000,2017,4,14,13,04005KT,14,11
2017-04-14 14:00:00.000,2017,4,14,14,07008KT,15,10
2017-04-14 15:00:00.000,2017,4,14,15,05011KT,14,10
2017-04-14 16:00:00.000,2017,4,14,16,05010KT,14,12
2017-04-14 17:00:00.000,2017,4,14,17,04004KT,15,12
2017-04-14 18:00:00.000,2017,4,14,18,19006KT,16,11
2017-04-14 19:00:00.000,2017,4,14,19,01004KT,15,12
2017-04-14 20:00:00.000,2017,4,14,20,27003KT,17,10
2017-04-14 21:00:00.000,2017,4,14,21,VRB02KT,18,10
2017-04-14 22:00:00.000,2017,4,14,22,05005KT,17,10
2017-04-14 23:00:00.000,2017,4,14,23,04003KT,16,11
2017-04-15 00:00:00.000,2017,4,15,0,24005KT,14,12
2017-04-15 01:00:00.000,2017,4,15,1,VRB02KT,14,12
2017-04-15 02:00:00.000,2017,4,15,2,VRB02KT,13,11
2017-04-15 03:00:00.000,2017,4,15,3,VRB02KT,13,11
2017-04-15 04:00:00.000,2017,4,15,4,VRB02KT,13,11
2017-04-15 05:00:00.000,2017,4,15,5,04006KT,12,10
2017-04-15 06:00:00.000,2017,4,15,6,07006KT,12,10
2017-04-15 07:00:00.000,2017,4,15,7,03003KT,11,09
2017-04-15 08:00:00.000,2017,4,15,8,04004KT,11,09
2017-04-15 09:00:00.000,2017,4,15,9,VRB02KT,10,09
2017-04-15 10:00:00.000,2017,4,15,10,03005KT,09,08
2017-04-15 11:00:00.000,2017,4,15,11,07007KT,12,09
2017-04-15 12:00:00.000,2017,4,15,12,05007KT,13,09
2017-04-15 13:00:00.000,2017,4,15,13,07006KT,15,09
2017-04-15 14:00:00.000,2017,4,15,14,13009KT,18,09
2017-04-15 15:00:00.000,2017,4,15,15,12011KT,19,08
2017-04-15 16:00:00.000,2017,4,15,16,12008KT,18,09
2017-04-15 17:00:00.000,2017,4,15,17,08007KT,18,10
2017-04-15 18:00:00.000,2017,4,15,18,15011KT,19,08
2017-04-15 19:00:00.000,2017,4,15,19,10015KT,19,08
2017-04-15 20:00:00.000,2017,4,15,20,14015KT,18,09
2017-04-15 21:00:00.000,2017,4,15,21,15012KT,17,09
2017-04-15 22:00:00.000,2017,4,15,22,13009KT,17,08
2017-04-15 23:00:00.000,2017,4,15,23,16008KT,17,09
2017-04-16 00:00:00.000,2017,4,16,0,14007KT,14,09
2017-04-16 01:00:00.000,2017,4,16,1,12006KT,14,08
2017-04-16 02:00:00.000,2017,4,16,2,06003KT,12,08
2017-04-16 04:00:00.000,2017,4,16,4,04003KT,11,08
2017-04-16 05:00:00.000,2017,4,16,5,VRB02KT,10,08
2017-04-16 06:00:00.000,2017,4,16,6,12003KT,09,08
2017-04-16 07:00:00.000,2017,4,16,7,VRB02KT,09,08
2017-04-16 08:00:00.000,2017,4,16,8,01004KT,09,08
2017-04-16 09:00:00.000,2017,4,16,9,VRB02KT,09,08
2017-04-16 10:00:00.000,2017,4,16,10,09003KT,11,09
2017-04-16 11:00:00.000,2017,4,16,11,01004KT,08,07
2017-04-16 12:00:00.000,2017,4,16,12,05005KT,12,09
2017-04-16 13:00:00.000,2017,4,16,13,08008KT,15,09
2017-04-16 14:00:00.000,2017,4,16,14,04005KT,16,09
2017-04-16 15:00:00.000,2017,4,16,15,20009KT,17,07
2017-04-16 16:00:00.000,2017,4,16,16,17005KT,18,08
2017-04-16 17:00:00.000,2017,4,16,17,12004KT,19,08
2017-04-16 18:00:00.000,2017,4,16,18,VRB02KT,19,08
2017-04-16 19:00:00.000,2017,4,16,19,08010KT,18,09
2017-04-16 20:00:00.000,2017,4,16,20,15008KT,17,10
2017-04-16 21:00:00.000,2017,4,16,21,15006KT,18,11
2017-04-16 22:00:00.000,2017,4,16,22,18006KT,17,10
2017-04-16 23:00:00.000,2017,4,16,23,14007KT,16,09
2017-04-17 00:00:00.000,2017,4,17,0,14008KT,16,10
2017-04-17 01:00:00.000,2017,4,17,1,13006KT,16,09
2017-04-17 02:00:00.000,2017,4,17,2,14007KT,15,09
2017-04-17 03:00:00.000,2017,4,17,3,05007KT,12,09
2017-04-17 04:00:00.000,2017,4,17,4,03005KT,11,09
2017-04-17 05:00:00.000,2017,4,17,5,03004KT,11,08
2017-04-17 06:00:00.000,2017,4,17,6,04005KT,10,08
2017-04-17 07:00:00.000,2017,4,17,7,01004KT,10,08
2017-04-17 08:00:00.000,2017,4,17,8,VRB02KT,10,08
2017-04-17 09:00:00.000,2017,4,17,9,29003KT,10,08
2017-04-17 10:00:00.000,2017,4,17,10,VRB02KT,10,08
2017-04-17 11:00:00.000,2017,4,17,11,05008KT,10,08
2017-04-17 12:00:00.000,2017,4,17,12,02005KT,12,09
2017-04-17 13:00:00.000,2017,4,17,13,VRB02KT,14,10
2017-04-17 14:00:00.000,2017,4,17,14,04004KT,15,10
2017-04-17 15:00:00.000,2017,4,17,15,VRB02KT,18,09
2017-04-17 16:00:00.000,2017,4,17,16,34006KT,17,10
2017-04-17 16:15:00.000,2017,4,17,16,25007KT,19,10
2017-04-17 17:00:00.000,2017,4,17,17,17010KT,18,09
2017-04-17 18:00:00.000,2017,4,17,18,12004KT,19,09
2017-04-17 19:00:00.000,2017,4,17,19,14007KT,19,09
2017-04-17 20:00:00.000,2017,4,17,20,09003KT,20,10
2017-04-17 21:00:00.000,2017,4,17,21,03013KT,17,10
2017-04-17 22:00:00.000,2017,4,17,22,05011KT,17,11
2017-04-17 23:00:00.000,2017,4,17,23,04008KT,16,10
2017-04-18 00:00:00.000,2017,4,18,0,05007KT,15,10
2017-04-18 01:00:00.000,2017,4,18,1,03004KT,13,10
2017-04-18 02:00:00.000,2017,4,18,2,VRB02KT,13,11
2017-04-18 03:00:00.000,2017,4,18,3,05004KT,13,10
2017-04-18 04:00:00.000,2017,4,18,4,03003KT,13,10
2017-04-18 05:00:00.000,2017,4,18,5,06005KT,13,10
2017-04-18 06:00:00.000,2017,4,18,6,05007KT,13,10
2017-04-18 07:00:00.000,2017,4,18,7,04005KT,12,10
2017-04-18 08:00:00.000,2017,4,18,8,03004KT,13,10
2017-04-18 09:00:00.000,2017,4,18,9,08004KT,11,10
2017-04-18 10:00:00.000,2017,4,18,10,04004KT,09,08
2017-04-18 11:00:00.000,2017,4,18,11,03004KT,11,10
2017-04-18 12:00:00.000,2017,4,18,12,VRB02KT,12,11
2017-04-18 12:30:00.000,2017,4,18,12,04004KT,14,11
2017-04-18 13:00:00.000,2017,4,18,13,00000KT,16,11
2017-04-18 14:00:00.000,2017,4,18,14,06006KT,18,09
2017-04-18 15:00:00.000,2017,4,18,15,05006KT,19,10
2017-04-18 16:00:00.000,2017,4,18,16,03004KT,19,08
2017-04-18 17:00:00.000,2017,4,18,17,27010KT,17,12
2017-04-18 18:00:00.000,2017,4,18,18,34004KT,15,13
2017-04-18 18:27:00.000,2017,4,18,18,29004KT,16,14
2017-04-18 19:00:00.000,2017,4,18,19,27005KT,16,13
2017-04-18 20:00:00.000,2017,4,18,20,22004KT,18,12
2017-04-18 21:00:00.000,2017,4,18,21,24008G19KT,19,13
2017-04-18 22:16:00.000,2017,4,18,22,30003KT,17,12
2017-04-18 22:36:00.000,2017,4,18,22,05004KT,16,12
2017-04-18 23:00:00.000,2017,4,18,23,22005KT,13,11
2017-04-18 23:27:00.000,2017,4,18,23,27007KT,13,11
2017-04-19 00:21:00.000,2017,4,19,0,VRB02KT,12,11
2017-04-19 01:00:00.000,2017,4,19,1,30006KT,13,12
2017-04-19 02:00:00.000,2017,4,19,2,36003KT,13,11
2017-04-19 03:00:00.000,2017,4,19,3,VRB02KT,13,12
2017-04-19 04:00:00.000,2017,4,19,4,05005KT,13,10
2017-04-19 05:00:00.000,2017,4,19,5,11004KT,14,10
2017-04-19 06:00:00.000,2017,4,19,6,VRB02KT,12,10
2017-04-19 08:00:00.000,2017,4,19,8,03003KT,12,11
2017-04-19 09:00:00.000,2017,4,19,9,04006KT,13,11
2017-04-19 10:00:00.000,2017,4,19,10,04006KT,12,10
2017-04-19 11:00:00.000,2017,4,19,11,03006KT,12,11
2017-04-19 12:00:00.000,2017,4,19,12,05005KT,14,10
2017-04-19 13:00:00.000,2017,4,19,13,05005KT,14,10
2017-04-19 14:00:00.000,2017,4,19,14,06006KT,15,11
2017-04-19 15:00:00.000,2017,4,19,15,04005KT,17,10
2017-04-19 16:00:00.000,2017,4,19,16,05007KT,17,10
2017-04-19 17:00:00.000,2017,4,19,17,08008KT,18,09
2017-04-19 18:00:00.000,2017,4,19,18,05009KT,18,09
2017-04-19 19:00:00.000,2017,4,19,19,11008KT,19,08
2017-04-19 20:00:00.000,2017,4,19,20,19007KT,19,09
2017-04-19 21:00:00.000,2017,4,19,21,21005KT,20,08
2017-04-19 22:00:00.000,2017,4,19,22,31005KT,19,09
2017-04-19 23:00:00.000,2017,4,19,23,27010KT,16,12
2017-04-20 00:00:00.000,2017,4,20,0,24007KT,14,12
2017-04-20 01:00:00.000,2017,4,20,1,20006KT,14,12
2017-04-20 02:00:00.000,2017,4,20,2,VRB02KT,13,11
2017-04-20 03:00:00.000,2017,4,20,3,29003KT,14,11
2017-04-20 04:00:00.000,2017,4,20,4,VRB02KT,12,11
2017-04-20 05:00:00.000,2017,4,20,5,27004KT,13,12
2017-04-20 06:00:00.000,2017,4,20,6,340003KT,12,11
2017-04-20 07:00:00.000,2017,4,20,7,VRB02KT,12,11
2017-04-20 08:00:00.000,2017,4,20,8,VRB02KT,12,11
2017-04-20 09:00:00.000,2017,4,20,9,VRB02KT,12,11
2017-04-20 10:00:00.000,2017,4,20,10,02003KT,12,11
2017-04-20 10:30:00.000,2017,4,20,10,VRB02KT,12,10
2017-04-20 11:00:00.000,2017,4,20,11,VRB02KT,12,10
2017-04-20 12:00:00.000,2017,4,20,12,33004KT,13,11
2017-04-20 13:00:00.000,2017,4,20,13,VRB02KT,16,11
2017-04-20 14:00:00.000,2017,4,20,14,26004KT,18,12
2017-04-20 15:00:00.000,2017,4,20,15,VRB02KT,17,10
2017-04-20 15:23:00.000,2017,4,20,15,VRB02KT,17,10
2017-04-20 16:00:00.000,2017,4,20,16,VRB02KT,16,12
2017-04-20 16:10:00.000,2017,4,20,16,VRB02KT,16,12
2017-04-20 17:00:00.000,2017,4,20,17,26008KT,16,13
2017-04-20 18:00:00.000,2017,4,20,18,32010KT,16,12
2017-04-20 18:15:00.000,2017,4,20,18,32010KT,16,12
2017-04-20 18:30:00.000,2017,4,20,18,26006KT,16,12
2017-04-20 19:00:00.000,2017,4,20,19,17005KT,11,10
2017-04-20 20:00:00.000,2017,4,20,20,17006KT,13,12
2017-04-20 21:00:00.000,2017,4,20,21,36005KT,13,12
2017-04-20 22:00:00.000,2017,4,20,22,36004KT,12,11
2017-04-20 23:00:00.000,2017,4,20,23,VRB02KT,12,11
2017-04-21 00:00:00.000,2017,4,21,0,30004KT,12,11
2017-04-21 01:00:00.000,2017,4,21,1,33006KT,12,11
2017-04-21 02:00:00.000,2017,4,21,2,30007KT,12,11
2017-04-21 02:06:00.000,2017,4,21,2,30006KT,12,11
2017-04-21 03:00:00.000,2017,4,21,3,30004KT,12,11
2017-04-21 04:00:00.000,2017,4,21,4,27004KT,12,11
2017-04-21 05:00:00.000,2017,4,21,5,29005KT,12,11
2017-04-21 06:00:00.000,2017,4,21,6,22003KT,12,11
2017-04-21 07:00:00.000,2017,4,21,7,14003KT,12,11
2017-04-21 08:00:00.000,2017,4,21,8,14003KT,12,11
2017-04-21 09:00:00.000,2017,4,21,9,VRB02KT,12,11
2017-04-21 10:00:00.000,2017,4,21,10,14004KT,11,10
2017-04-21 10:30:00.000,2017,4,21,10,10003KT,12,11
2017-04-21 11:00:00.000,2017,4,21,11,10003KT,11,10
2017-04-21 11:30:00.000,2017,4,21,11,14004KT,12,11
2017-04-21 12:00:00.000,2017,4,21,12,16004KT,12,11
2017-04-21 13:00:00.000,2017,4,21,13,VRB02KT,12,11
2017-04-21 13:40:00.000,2017,4,21,13,VRB02KT,14,12
2017-04-21 14:00:00.000,2017,4,21,14,VRB02KT,15,12
2017-04-21 15:00:00.000,2017,4,21,15,04004KT,17,10
2017-04-21 16:00:00.000,2017,4,21,16,34003KT,18,11
2017-04-21 17:00:00.000,2017,4,21,17,31008KT,17,11
2017-04-21 18:00:00.000,2017,4,21,18,28007KT,19,10
2017-04-21 19:00:00.000,2017,4,21,19,26008KT,19,10
2017-04-21 20:00:00.000,2017,4,21,20,28010KT,20,11
2017-04-21 21:00:00.000,2017,4,21,21,28008KT,20,08
2017-04-21 22:00:00.000,2017,4,21,22,06010KT,15,12
2017-04-21 23:00:00.000,2017,4,21,23,01007KT,15,12
2017-04-22 00:00:00.000,2017,4,22,0,05007KT,13,11
2017-04-22 01:00:00.000,2017,4,22,1,05006KT,13,11
2017-04-22 02:00:00.000,2017,4,22,2,05006KT,13,10
2017-04-22 03:00:00.000,2017,4,22,3,03004KT,12,10
2017-04-22 04:00:00.000,2017,4,22,4,04006KT,12,10
2017-04-22 05:00:00.000,2017,4,22,5,02006KT,12,10
2017-04-22 06:00:00.000,2017,4,22,6,05004KT,11,10
2017-04-22 07:00:00.000,2017,4,22,7,VRB02KT,10,10
2017-04-22 08:20:00.000,2017,4,22,8,01004KT,10,10
2017-04-22 09:00:00.000,2017,4,22,9,VRB02KT,10,09
2017-04-22 09:30:00.000,2017,4,22,9,05004KT,10,09
2017-04-22 10:00:00.000,2017,4,22,10,05004KT,10,09
2017-04-22 10:30:00.000,2017,4,22,10,05004KT,10,09
2017-04-22 11:00:00.000,2017,4,22,11,05004KT,10,09
2017-04-22 11:30:00.000,2017,4,22,11,07006KT,10,10
2017-04-22 12:00:00.000,2017,4,22,12,06005KT,10,10
2017-04-22 12:28:00.000,2017,4,22,12,06004KT,11,11
2017-04-22 13:00:00.000,2017,4,22,13,06009KT,13,10
2017-04-22 14:00:00.000,2017,4,22,14,05008KT,16,10
2017-04-22 15:00:00.000,2017,4,22,15,09003KT,17,11
2017-04-22 16:00:00.000,2017,4,22,16,VRB02KT,18,11
2017-04-22 17:00:00.000,2017,4,22,17,20004KT,19,10
2017-04-22 18:00:00.000,2017,4,22,18,30005KT,19,09
2017-04-22 19:00:00.000,2017,4,22,19,30004KT,20,11
2017-04-22 20:00:00.000,2017,4,22,20,32009KT,20,11
2017-04-22 21:00:00.000,2017,4,22,21,33008KT,20,11
2017-04-22 22:00:00.000,2017,4,22,22,27012KT,18,12
2017-04-22 23:00:00.000,2017,4,22,23,24007KT,17,09
2017-04-23 00:00:00.000,2017,4,23,0,25004KT,16,09
2017-04-23 01:00:00.000,2017,4,23,1,09003KT,14,10
2017-04-23 02:00:00.000,2017,4,23,2,VRB02KT,13,10
2017-04-23 03:00:00.000,2017,4,23,3,01003KT,14,10
2017-04-23 05:00:00.000,2017,4,23,5,03006KT,13,11
2017-04-23 06:00:00.000,2017,4,23,6,05005KT,12,10
2017-04-23 07:00:00.000,2017,4,23,7,30004KT,12,10
2017-04-23 08:00:00.000,2017,4,23,8,05003KT,11,10
2017-04-23 09:00:00.000,2017,4,23,9,06004KT,12,10
2017-04-23 10:00:00.000,2017,4,23,10,07003KT,12,10
2017-04-23 11:00:00.000,2017,4,23,11,VRB02KT,11,10
2017-04-23 12:00:00.000,2017,4,23,12,04003KT,13,10
2017-04-23 13:00:00.000,2017,4,23,13,04003KT,15,11
2017-04-23 14:00:00.000,2017,4,23,14,07005KT,17,10
2017-04-23 15:00:00.000,2017,4,23,15,15010KT,19,10
2017-04-23 16:00:00.000,2017,4,23,16,16012KT,19,09
2017-04-23 17:00:00.000,2017,4,23,17,17010KT,19,09
2017-04-23 18:00:00.000,2017,4,23,18,15008KT,20,10
2017-04-23 19:00:00.000,2017,4,23,19,14003KT,21,09
2017-04-23 20:00:00.000,2017,4,23,20,11005KT,21,08
2017-04-23 21:00:00.000,2017,4,23,21,04005KT,21,08
2017-04-23 22:00:00.000,2017,4,23,22,28004G14KT,19,11
2017-04-23 23:00:00.000,2017,4,23,23,31006KT,17,09
2017-04-24 00:00:00.000,2017,4,24,0,VRB02KT,15,10
2017-04-24 01:00:00.000,2017,4,24,1,VRB02KT,14,11
2017-04-24 02:00:00.000,2017,4,24,2,VRB02KT,13,11
2017-04-24 03:00:00.000,2017,4,24,3,VRB02KT,14,08
2017-04-24 04:00:00.000,2017,4,24,4,13004KT,14,07
2017-04-24 05:00:00.000,2017,4,24,5,VRB02KT,12,08
2017-04-24 06:00:00.000,2017,4,24,6,04004KT,11,08
2017-04-24 07:00:00.000,2017,4,24,7,VRB02KT,11,09
2017-04-24 08:00:00.000,2017,4,24,8,07004KT,11,809
2017-04-24 09:00:00.000,2017,4,24,9,02004KT,10,08
2017-04-24 10:00:00.000,2017,4,24,10,04004KT,11,09
2017-04-24 11:00:00.000,2017,4,24,11,VRB02KT,11,08
2017-04-24 12:00:00.000,2017,4,24,12,01003KT,12,09
2017-04-24 13:00:00.000,2017,4,24,13,05005KT,13,10
2017-04-24 14:00:00.000,2017,4,24,14,06006KT,16,11
2017-04-24 15:00:00.000,2017,4,24,15,15012KT,18,08
2017-04-24 16:00:00.000,2017,4,24,16,16012KT,19,08
2017-04-24 17:00:00.000,2017,4,24,17,17010KT,19,08
2017-04-24 18:00:00.000,2017,4,24,18,16008KT,20,08
2017-04-24 19:00:00.000,2017,4,24,19,21006KT,20,08
2017-04-24 20:00:00.000,2017,4,24,20,23010KT,19,11
2017-04-24 21:00:00.000,2017,4,24,21,26010KT,19,11
2017-04-24 22:00:00.000,2017,4,24,22,26008KT,18,11
2017-04-24 23:00:00.000,2017,4,24,23,24006KT,17,11
2017-04-25 00:00:00.000,2017,4,25,0,35003KT,15,11
2017-04-25 01:00:00.000,2017,4,25,1,VRB02KT,14,11
2017-04-25 02:00:00.000,2017,4,25,2,31003KT,14,11
2017-04-25 03:00:00.000,2017,4,25,3,19004KT,14,10
2017-04-25 04:00:00.000,2017,4,25,4,06005KT,13,10
2017-04-25 05:00:00.000,2017,4,25,5,03005KT,13,10
2017-04-25 06:00:00.000,2017,4,25,6,06004KT,12,10
2017-04-25 07:00:00.000,2017,4,25,7,VRB02KT,11,10
2017-04-25 08:00:00.000,2017,4,25,8,VRB02KT,11,10
2017-04-25 09:00:00.000,2017,4,25,9,VRB02KT,10,09
2017-04-25 10:00:00.000,2017,4,25,10,VRB02KT,11,10
2017-04-25 11:00:00.000,2017,4,25,11,36003KT,11,10
2017-04-25 12:00:00.000,2017,4,25,12,04004KT,12,11
2017-04-25 13:00:00.000,2017,4,25,13,05010KT,16,11
2017-04-25 14:00:00.000,2017,4,25,14,35006KT,16,11
2017-04-25 15:00:00.000,2017,4,25,15,01004KT,17,11
2017-04-25 16:00:00.000,2017,4,25,16,VRB04KT,17,11
2017-04-25 17:00:00.000,2017,4,25,17,34005KT,18,069
2017-04-25 18:00:00.000,2017,4,25,18,33004KT,19,09
2017-04-25 19:00:00.000,2017,4,25,19,VRB04KT,19,09
2017-04-25 20:00:00.000,2017,4,25,20,02006KT,18,10
2017-04-25 21:00:00.000,2017,4,25,21,25005KT,19,10
2017-04-25 22:00:00.000,2017,4,25,22,24006KT,19,12
2017-04-25 23:00:00.000,2017,4,25,23,24007KT,17,12
2017-04-26 00:00:00.000,2017,4,26,0,23005KT,16,12
2017-04-26 01:00:00.000,2017,4,26,1,29003KT,15,12
2017-04-26 02:00:00.000,2017,4,26,2,VRB02KT,14,13
2017-04-26 03:00:00.000,2017,4,26,3,33003KT,14,013
2017-04-26 04:00:00.000,2017,4,26,4,29005KT,14,12
2017-04-26 04:26:00.000,2017,4,26,4,32010KT,13,12
2017-04-26 05:00:00.000,2017,4,26,5,36005KT,13,12
2017-04-26 06:00:00.000,2017,4,26,6,07003KT,12,11
2017-04-26 07:00:00.000,2017,4,26,7,35003KT,13,12
2017-04-26 08:00:00.000,2017,4,26,8,02003KT,13,12
2017-04-26 09:00:00.000,2017,4,26,9,04005KT,13,11
2017-04-26 10:00:00.000,2017,4,26,10,34003KT,12,11
2017-04-26 10:30:00.000,2017,4,26,10,VRBL02KT,12,12
2017-04-26 11:00:00.000,2017,4,26,11,32003KT,12,11
2017-04-26 12:00:00.000,2017,4,26,12,24004KT,13,12
2017-04-26 13:00:00.000,2017,4,26,13,24006KT,13,11
2017-04-26 14:00:00.000,2017,4,26,14,24004KT,14,11
2017-04-26 15:00:00.000,2017,4,26,15,33003KT,15,11
2017-04-26 16:00:00.000,2017,4,26,16,28005KT,18,12
2017-04-26 17:00:00.000,2017,4,26,17,10006KT,19,09
2017-04-26 17:22:00.000,2017,4,26,17,07015KT,17,10
2017-04-26 18:00:00.000,2017,4,26,18,10008KT,17,10
2017-04-26 19:00:00.000,2017,4,26,19,16015KT,19,07
2017-04-26 20:00:00.000,2017,4,26,20,04006KT,19,08
2017-04-26 21:00:00.000,2017,4,26,21,07005KT,20,08
2017-04-26 22:00:00.000,2017,4,26,22,06009KT,19,08
2017-04-26 23:00:00.000,2017,4,26,23,10010KT,18,07
2017-04-27 00:00:00.000,2017,4,27,0,12006KT,16,07
2017-04-27 01:00:00.000,2017,4,27,1,VRB02KT,13,08
2017-04-27 02:00:00.000,2017,4,27,2,09003KT,13,11
2017-04-27 03:00:00.000,2017,4,27,3,05003KT,14,08
2017-04-27 04:00:00.000,2017,4,27,4,33003KT,12,09
2017-04-27 05:00:00.000,2017,4,27,5,03004KT,12,09
2017-04-27 06:00:00.000,2017,4,27,6,VRB02KT,09,07
2017-04-27 07:00:00.000,2017,4,27,7,VRB02KT,09,08
2017-04-27 08:00:00.000,2017,4,27,8,VRB02KT,07,06
2017-04-27 09:00:00.000,2017,4,27,9,VRB02KT,07,06
2017-04-27 10:00:00.000,2017,4,27,10,VRB02KT,05,05
2017-04-27 10:30:00.000,2017,4,27,10,VRB02KT,06,05
2017-04-27 11:00:00.000,2017,4,27,11,VRB02KT,05,05
2017-04-27 12:00:00.000,2017,4,27,12,05004KT,08,07
2017-04-27 12:26:00.000,2017,4,27,12,06004KT,11,10
2017-04-27 13:00:00.000,2017,4,27,13,11004KT,15,09
2017-04-27 14:00:00.000,2017,4,27,14,04004KT,17,08
2017-04-27 15:00:00.000,2017,4,27,15,11008KT,19,05
2017-04-27 16:00:00.000,2017,4,27,16,12008KT,20,04
2017-04-27 17:00:00.000,2017,4,27,17,04008KT,21,04
2017-04-27 18:00:00.000,2017,4,27,18,10010KT,21,06
2017-04-27 19:00:00.000,2017,4,27,19,16012KT,18,08
2017-04-27 20:00:00.000,2017,4,27,20,26011KT,21,11
2017-04-27 21:00:00.000,2017,4,27,21,25010KT,21,11
2017-04-27 22:00:00.000,2017,4,27,22,26012KT,18,12
2017-04-27 23:00:00.000,2017,4,27,23,24011KT,15,13
2017-04-28 00:00:00.000,2017,4,28,0,24006KT,15,12
2017-04-28 01:00:00.000,2017,4,28,1,VRB02KT,14,12
2017-04-28 02:00:00.000,2017,4,28,2,09003KT,13,11
2017-04-28 03:00:00.000,2017,4,28,3,05003KT,14,08
2017-04-28 04:00:00.000,2017,4,28,4,33003KT,12,09
2017-04-28 05:00:00.000,2017,4,28,5,03004KT,12,09
2017-04-28 06:00:00.000,2017,4,28,6,03003KT,12,09
2017-04-28 07:00:00.000,2017,4,28,7,07003KT,12,09
2017-04-28 08:00:00.000,2017,4,28,8,04005KT,12,10
2017-04-28 09:00:00.000,2017,4,28,9,04004KT,12,10
2017-04-28 10:00:00.000,2017,4,28,10,05005KT,12,09
2017-04-28 11:00:00.000,2017,4,28,11,07007KT,10,08
2017-04-28 12:00:00.000,2017,4,28,12,05004KT,12,10
2017-04-28 13:00:00.000,2017,4,28,13,08007KT,15,08
2017-04-28 14:00:00.000,2017,4,28,14,09008KT,17,09
2017-04-28 15:00:00.000,2017,4,28,15,11004KT,16,08
2017-04-28 16:00:00.000,2017,4,28,16,11006KT,17,08
2017-04-28 17:00:00.000,2017,4,28,17,15012KT,17,08
2017-04-28 18:00:00.000,2017,4,28,18,14014KT,17,08
2017-04-28 19:00:00.000,2017,4,28,19,16012KT,18,08
2017-04-28 20:00:00.000,2017,4,28,20,14014KT,17,08
2017-04-28 21:00:00.000,2017,4,28,21,16015KT,17,09
2017-04-28 22:00:00.000,2017,4,28,22,15014KT,17,08
2017-04-28 23:00:00.000,2017,4,28,23,16008KT,16,08
2017-04-29 00:00:00.000,2017,4,29,0,16009KT,14,08
2017-04-29 01:00:00.000,2017,4,29,1,24004KT,14,08
2017-04-29 02:00:00.000,2017,4,29,2,08003KT,12,09
2017-04-29 03:00:00.000,2017,4,29,3,05008KT,13,09
2017-04-29 04:00:00.000,2017,4,29,4,04006KT,12,10
2017-04-29 05:00:00.000,2017,4,29,5,06007KT,13,10
2017-04-29 06:00:00.000,2017,4,29,6,02006KT,12,09
2017-04-29 07:00:00.000,2017,4,29,7,04006KT,12,09
2017-04-29 08:00:00.000,2017,4,29,8,05008KT,12,09
2017-04-29 09:00:00.000,2017,4,29,9,04007KT,11,09
2017-04-29 10:00:00.000,2017,4,29,10,06006KT,11,09
2017-04-29 10:30:00.000,2017,4,29,10,05007KT,11,09
2017-04-29 11:00:00.000,2017,4,29,11,05006KT,12,09
2017-04-29 12:00:00.000,2017,4,29,12,06006KT,13,10
2017-04-29 13:00:00.000,2017,4,29,13,04006KT,14,10
2017-04-29 14:00:00.000,2017,4,29,14,07008KT,16,09
2017-04-29 15:00:00.000,2017,4,29,15,09004KT,17,10
2017-04-29 16:00:00.000,2017,4,29,16,08006KT,17,09
2017-04-29 17:00:00.000,2017,4,29,17,17008KT,17,09
2017-04-29 18:00:00.000,2017,4,29,18,12006KT,17,08
2017-04-29 19:00:00.000,2017,4,29,19,12005KT,19,09
2017-04-29 20:00:00.000,2017,4,29,20,06007KT,18,08
2017-04-29 21:00:00.000,2017,4,29,21,04008KT,17,10
2017-04-29 22:00:00.000,2017,4,29,22,06006KT,16,10
2017-04-29 23:00:00.000,2017,4,29,23,07005KT,16,09
2017-04-30 00:00:00.000,2017,4,30,0,07004KT,16,09
2017-04-30 01:00:00.000,2017,4,30,1,04004KT,14,10
2017-04-30 02:00:00.000,2017,4,30,2,07006KT,14,10
2017-04-30 03:00:00.000,2017,4,30,3,VRB02KT,14,10
2017-04-30 04:00:00.000,2017,4,30,4,06004KT,14,09
2017-04-30 05:00:00.000,2017,4,30,5,VRB02KT,14,10
2017-04-30 06:00:00.000,2017,4,30,6,VRB02KT,13,10
2017-04-30 07:00:00.000,2017,4,30,7,27005KTV,13,10
2017-04-30 08:00:00.000,2017,4,30,8,VRB02KT,13,10
2017-04-30 09:00:00.000,2017,4,30,9,07005KT,12,10
2017-04-30 10:00:00.000,2017,4,30,10,VRB02KT,13,10
2017-04-30 10:30:00.000,2017,4,30,10,31004KT,12,10
2017-04-30 11:00:00.000,2017,4,30,11,VRB02KT,12,10
2017-04-30 11:06:00.000,2017,4,30,11,03003KT,12,10
2017-04-30 12:00:00.000,2017,4,30,12,03003KT,12,10
2017-04-30 13:00:00.000,2017,4,30,13,03003KT,14,12
2017-04-30 14:00:00.000,2017,4,30,14,14004KT,15,11
2017-04-30 15:00:00.000,2017,4,30,15,14006KT,16,10
2017-04-30 16:00:00.000,2017,4,30,16,17005KT,17,09
2017-04-30 17:00:00.000,2017,4,30,17,04005KT,17,09
2017-04-30 18:00:00.000,2017,4,30,18,08006KT,18,09
2017-04-30 19:00:00.000,2017,4,30,19,18008KT,18,10
2017-04-30 20:00:00.000,2017,4,30,20,12006KT,17,09
2017-04-30 21:00:00.000,2017,4,30,21,16010KT,17,10
2017-04-30 22:00:00.000,2017,4,30,22,VRB02KT,17,10
2017-04-30 23:00:00.000,2017,4,30,23,04007KT,17,10
2017-05-01 00:00:00.000,2017,5,1,0,02004KT,15,11
2017-05-01 01:00:00.000,2017,5,1,1,01004KT,22,19
2017-05-01 02:00:00.000,2017,5,1,2,05009KT,13,10
2017-05-01 03:00:00.000,2017,5,1,3,04008KT,14,10
2017-05-01 04:00:00.000,2017,5,1,4,05007KT,13,10
2017-05-01 05:00:00.000,2017,5,1,5,05007KT,13,10
2017-05-01 06:00:00.000,2017,5,1,6,04005KT,13,10
2017-05-01 07:00:00.000,2017,5,1,7,04004KT,12,10
2017-05-01 08:00:00.000,2017,5,1,8,05005KT,12,10
2017-05-01 09:00:00.000,2017,5,1,9,03004KT,11,10
2017-05-01 10:00:00.000,2017,5,1,10,VRB02KT,12,10
2017-05-01 11:00:00.000,2017,5,1,11,33003KT,11,09
2017-05-01 12:00:00.000,2017,5,1,12,VRB02KT,11,09
2017-05-01 13:00:00.000,2017,5,1,13,VRB02KT,13,11
2017-05-01 14:00:00.000,2017,5,1,14,04007KT,16,10
2017-05-01 15:00:00.000,2017,5,1,15,11005KT,17,09
2017-05-01 16:00:00.000,2017,5,1,16,14005KT,18,09
2017-05-01 17:00:00.000,2017,5,1,17,11006KT,19,09
2017-05-01 18:00:00.000,2017,5,1,18,13006KT,21,09
2017-05-01 19:00:00.000,2017,5,1,19,14006KT,21,07
2017-05-01 20:00:00.000,2017,5,1,20,12005KT,20,08
2017-05-01 21:00:00.000,2017,5,1,21,29008KT,17,13
2017-05-01 22:00:00.000,2017,5,1,22,30007KT,16,11
2017-05-01 23:00:00.000,2017,5,1,23,29008KT,15,10
2017-05-02 00:00:00.000,2017,5,2,0,30004KT,13,09
2017-05-02 01:00:00.000,2017,5,2,1,36004KT,12,10
2017-05-02 02:00:00.000,2017,5,2,2,08004KT,12,10
2017-05-02 03:00:00.000,2017,5,2,3,03003KT,12,10
2017-05-02 04:00:00.000,2017,5,2,4,33006KT,12,10
2017-05-02 05:00:00.000,2017,5,2,5,35003KT,12,10
2017-05-02 06:00:00.000,2017,5,2,6,VRB02KT,12,10
2017-05-02 07:00:00.000,2017,5,2,7,VRB02KT,12,11
2017-05-02 08:00:00.000,2017,5,2,8,VRB02KT,12,11
2017-05-02 09:00:00.000,2017,5,2,9,06004KT,12,11
2017-05-02 10:00:00.000,2017,5,2,10,03003KT,12,11
2017-05-02 11:00:00.000,2017,5,2,11,VRB02KT,12,11
2017-05-02 12:00:00.000,2017,5,2,12,02003KT,12,11
2017-05-02 13:00:00.000,2017,5,2,13,03004KT,13,12
2017-05-02 14:00:00.000,2017,5,2,14,06004KT,14,10
2017-05-02 15:00:00.000,2017,5,2,15,06007KT,15,11
2017-05-02 16:00:00.000,2017,5,2,16,05007KT,16,12
2017-05-02 17:00:00.000,2017,5,2,17,05007KT,17,11
2017-05-02 18:00:00.000,2017,5,2,18,02006KT,17,11
2017-05-02 19:00:00.000,2017,5,2,19,23003KT,16,11
2017-05-02 20:00:00.000,2017,5,2,20,25008KT,16,12
2017-05-02 21:00:00.000,2017,5,2,21,23009KT,15,12
2017-05-02 22:00:00.000,2017,5,2,22,34004KT,14,13
2017-05-02 23:00:00.000,2017,5,2,23,34003KT,13,12
2017-05-03 00:00:00.000,2017,5,3,0,32004KT,13,12
2017-05-03 01:00:00.000,2017,5,3,1,30003KT,14,11
2017-05-03 02:00:00.000,2017,5,3,2,03003KT,12,11
2017-05-03 03:00:00.000,2017,5,3,3,VRB02KT,12,11
2017-05-03 04:00:00.000,2017,5,3,4,VRB02KT,12,11
2017-05-03 05:00:00.000,2017,5,3,5,VRB02KT,12,11
2017-05-03 06:00:00.000,2017,5,3,6,VRB02KT,12,11
2017-05-03 07:00:00.000,2017,5,3,7,00000KT,12,11
2017-05-03 08:00:00.000,2017,5,3,8,00000KT,12,11
2017-05-03 09:00:00.000,2017,5,3,9,VRB02KT,12,11
2017-05-03 10:00:00.000,2017,5,3,10,00000KT,12,11
2017-05-03 10:30:00.000,2017,5,3,10,VRB02KT,12,11
2017-05-03 11:00:00.000,2017,5,3,11,VRB02KT,12,11
2017-05-03 12:00:00.000,2017,5,3,12,03005KT,13,12
2017-05-03 13:00:00.000,2017,5,3,13,09006KT,15,12
2017-05-03 14:00:00.000,2017,5,3,14,08003KT,17,12
2017-05-03 15:00:00.000,2017,5,3,15,26005KT,18,10
2017-05-03 16:00:00.000,2017,5,3,16,25007KT,17,10
2017-05-03 17:00:00.000,2017,5,3,17,31010KT,16,12
2017-05-03 18:00:00.000,2017,5,3,18,34008KT,13,12
2017-05-03 19:00:00.000,2017,5,3,19,29011KT,14,13
2017-05-03 19:30:00.000,2017,5,3,19,26010KT,14,13
2017-05-03 20:00:00.000,2017,5,3,20,26008KT,14,12
2017-05-03 21:00:00.000,2017,5,3,21,23009KT,14,11
2017-05-03 22:00:00.000,2017,5,3,22,17003KT,14,12
2017-05-03 23:00:00.000,2017,5,3,23,14004KT,14,11
2017-05-04 00:00:00.000,2017,5,4,0,03003KT,13,11
2017-05-04 01:00:00.000,2017,5,4,1,VRB02KT,12,11
2017-05-04 02:00:00.000,2017,5,4,2,VRB02KT,12,11
2017-05-04 02:32:00.000,2017,5,4,2,07005KT,13,12
2017-05-04 03:00:00.000,2017,5,4,3,06004KT,13,12
2017-05-04 04:00:00.000,2017,5,4,4,04004KT,13,12
2017-05-04 05:00:00.000,2017,5,4,5,05003KT,13,12
2017-05-04 06:00:00.000,2017,5,4,6,VRB02KT,12,11
2017-05-04 07:00:00.000,2017,5,4,7,05004KT,12,11
2017-05-04 08:00:00.000,2017,5,4,8,04005KT,12,11
2017-05-04 09:00:00.000,2017,5,4,9,05005KT,,
2017-05-04 10:00:00.000,2017,5,4,10,05006KT,11,10
2017-05-04 10:30:00.000,2017,5,4,10,04005KT,12,10
2017-05-04 11:00:00.000,2017,5,4,11,05005KT,12,10
2017-05-04 12:00:00.000,2017,5,4,12,06008KT,14,10
2017-05-04 13:00:00.000,2017,5,4,13,06008KT,16,11
2017-05-04 14:00:00.000,2017,5,4,14,06004KT,18,10
2017-05-04 14:30:00.000,2017,5,4,14,15007KT,18,10
2017-05-04 15:00:00.000,2017,5,4,15,12008KT,18,09
2017-05-04 16:00:00.000,2017,5,4,16,16012KT,19,09
2017-05-04 17:00:00.000,2017,5,4,17,18008KT,20,09
2017-05-04 18:00:00.000,2017,5,4,18,35004KT,19,11
2017-05-04 18:30:00.000,2017,5,4,18,01008KT,17,11
2017-05-04 19:00:00.000,2017,5,4,19,33007KT,16,13
2017-05-04 20:00:00.000,2017,5,4,20,33005KT,19,12
2017-05-04 21:00:00.000,2017,5,4,21,28006KT,17,12
2017-05-04 21:15:00.000,2017,5,4,21,28013KT,14,13
2017-05-04 22:00:00.000,2017,5,4,22,33004KT,14,12
2017-05-04 22:02:00.000,2017,5,4,22,07003KT,14,12
2017-05-04 22:30:00.000,2017,5,4,22,33004KT,14,12
2017-05-04 23:00:00.000,2017,5,4,23,32004KT,13,12
2017-05-05 00:00:00.000,2017,5,5,0,VRB02KT,14,12
2017-05-05 01:00:00.000,2017,5,5,1,VRB02KT,13,12
2017-05-05 02:00:00.000,2017,5,5,2,VRB02KT,13,13
2017-05-05 03:00:00.000,2017,5,5,3,VRB02KT,13,12
2017-05-05 04:00:00.000,2017,5,5,4,VRB02KT,13,12
2017-05-05 05:00:00.000,2017,5,5,5,VRB02KT,13,12
2017-05-05 06:00:00.000,2017,5,5,6,VRB02KT,12,11
2017-05-05 07:00:00.000,2017,5,5,7,VRB02KT,12,11
2017-05-05 08:00:00.000,2017,5,5,8,06007KT,12,11
2017-05-05 09:00:00.000,2017,5,5,9,VRB02KT,11,10
2017-05-05 10:00:00.000,2017,5,5,10,07003KT,11,10
2017-05-05 10:30:00.000,2017,5,5,10,13003KT,12,11
2017-05-05 11:00:00.000,2017,5,5,11,VRB02KT,11,10
2017-05-05 12:00:00.000,2017,5,5,12,04006KT,13,11
2017-05-05 12:08:00.000,2017,5,5,12,04006KT,13,11
2017-05-05 13:00:00.000,2017,5,5,13,05005KT,14,12
2017-05-05 14:00:00.000,2017,5,5,14,21004KT,16,11
2017-05-05 15:00:00.000,2017,5,5,15,17003KT,17,11
2017-05-05 15:35:00.000,2017,5,5,15,14003KT,17,12
2017-05-05 16:00:00.000,2017,5,5,16,12003KT,17,11
2017-05-05 17:00:00.000,2017,5,5,17,06006KT,19,09
2017-05-05 18:00:00.000,2017,5,5,18,36007KT,20,10
2017-05-05 19:00:00.000,2017,5,5,19,29010KT,18,12
2017-05-05 20:00:00.000,2017,5,5,20,28008KT,18,13
2017-05-05 20:37:00.000,2017,5,5,20,28010KT,17,12
2017-05-05 21:00:00.000,2017,5,5,21,32006KT,15,13
2017-05-05 22:00:00.000,2017,5,5,22,26004KT,14,13
2017-05-05 23:00:00.000,2017,5,5,23,VRB02KT,14,13
2017-05-06 00:00:00.000,2017,5,6,0,VRB02KT,14,12
2017-05-06 01:00:00.000,2017,5,6,1,VRB02KT,14,13
2017-05-06 04:00:00.000,2017,5,6,4,VRB02KT,13,12
2017-05-06 05:00:00.000,2017,5,6,5,04005KT,13,12
2017-05-06 10:30:00.000,2017,5,6,10,VRB02KT,11,10
2017-05-06 11:00:00.000,2017,5,6,11,04004KT,11,10
2017-05-06 12:00:00.000,2017,5,6,12,04006KT,11,10
2017-05-06 13:00:00.000,2017,5,6,13,06004KT,13,11
2017-05-06 13:18:00.000,2017,5,6,13,05004KT,15,11
2017-05-06 14:00:00.000,2017,5,6,14,03004KT,17,10
2017-05-06 15:00:00.000,2017,5,6,15,VRB02KT,17,10
2017-05-06 16:00:00.000,2017,5,6,16,VRB02KT,19,09
2017-05-06 17:00:00.000,2017,5,6,17,08010KT,17,10
2017-05-06 18:00:00.000,2017,5,6,18,29006KT,17,13
2017-05-06 18:20:00.000,2017,5,6,18,32009KT,16,13
2017-05-06 18:30:00.000,2017,5,6,18,34006KT,16,13
2017-05-06 19:00:00.000,2017,5,6,19,33010KT,17,15
2017-05-06 19:05:00.000,2017,5,6,19,32011KT,17,14
2017-05-06 20:00:00.000,2017,5,6,20,31009KT,15,13
2017-05-06 21:00:00.000,2017,5,6,21,31006KT,14,13
2017-05-06 21:35:00.000,2017,5,6,21,29006KT,14,13
2017-05-06 22:00:00.000,2017,5,6,22,30005KT,14,13
2017-05-06 23:00:00.000,2017,5,6,23,00000KT,14,13
2017-05-07 00:00:00.000,2017,5,7,0,23003KT,14,13
2017-05-07 01:00:00.000,2017,5,7,1,30003KT,13,13
2017-05-07 02:00:00.000,2017,5,7,2,33003KT,13,12
2017-05-07 03:00:00.000,2017,5,7,3,VRB02KT,13,12
2017-05-07 04:00:00.000,2017,5,7,4,VRB02KT,13,12
2017-05-07 05:00:00.000,2017,5,7,5,00000KT,12,12
2017-05-07 10:30:00.000,2017,5,7,10,02003KT,11,10
2017-05-07 11:00:00.000,2017,5,7,11,VRB02KT,10,10
2017-05-07 11:18:00.000,2017,5,7,11,35003KT,10,19
2017-05-07 12:00:00.000,2017,5,7,12,34003KT,10,10
2017-05-07 12:32:00.000,2017,5,7,12,05003KT,13,12
2017-05-07 13:00:00.000,2017,5,7,13,06004KT,15,12
2017-05-07 14:00:00.000,2017,5,7,14,VRB02KT,17,11
2017-05-07 15:00:00.000,2017,5,7,15,36003KT,18,10
2017-05-07 16:00:00.000,2017,5,7,16,05004KT,19,10
2017-05-07 17:00:00.000,2017,5,7,17,26006KT,19,11
2017-05-07 18:00:00.000,2017,5,7,18,27012KT,19,13
2017-05-07 19:00:00.000,2017,5,7,19,26012KT,18,12
2017-05-07 19:20:00.000,2017,5,7,19,27012KT,18,12
2017-05-07 20:00:00.000,2017,5,7,20,02004KT,16,12
2017-05-07 20:30:00.000,2017,5,7,20,02004KT,14,12
2017-05-07 21:00:00.000,2017,5,7,21,01004KT,13,12
2017-05-07 22:00:00.000,2017,5,7,22,34004KT,14,13
2017-05-07 23:00:00.000,2017,5,7,23,VRB02KT,14,12
2017-05-08 00:00:00.000,2017,5,8,0,VRB02KT,14,12
2017-05-08 01:00:00.000,2017,5,8,1,VRB02KT,13,12
2017-05-08 02:00:00.000,2017,5,8,2,VRB02KT,13,12
2017-05-08 03:00:00.000,2017,5,8,3,VRB02KT,13,12
2017-05-08 04:00:00.000,2017,5,8,4,VRB02KT,13,13
2017-05-08 05:00:00.000,2017,5,8,5,05006KT,13,13
2017-05-08 06:00:00.000,2017,5,8,6,04004KT,13,12
2017-05-08 07:00:00.000,2017,5,8,7,04007KT,13,11
2017-05-08 08:00:00.000,2017,5,8,8,03006KT,12,11
2017-05-08 09:00:00.000,2017,5,8,9,05006KT,13,11
2017-05-08 10:00:00.000,2017,5,8,10,04008KT,13,11
2017-05-08 11:00:00.000,2017,5,8,11,VRB02KT,12,10
2017-05-08 12:00:00.000,2017,5,8,12,33003KT,13,11
2017-05-08 13:00:00.000,2017,5,8,13,04004KT,15,11
2017-05-08 14:00:00.000,2017,5,8,14,04005KT,15,11
2017-05-08 15:00:00.000,2017,5,8,15,06003KT,16,10
2017-05-08 16:00:00.000,2017,5,8,16,02005KT,16,11
2017-05-08 16:10:00.000,2017,5,8,16,04004KT,16,11
2017-05-08 16:30:00.000,2017,5,8,16,VRB02KT,17,10
2017-05-08 17:00:00.000,2017,5,8,17,22003KT,17,11
2017-05-08 18:00:00.000,2017,5,8,18,08004KT,18,10
2017-05-08 19:00:00.000,2017,5,8,19,VRB02KT,18,12
2017-05-08 20:00:00.000,2017,5,8,20,VRB02KT,17,12
2017-05-08 21:00:00.000,2017,5,8,21,VRB02KT,18,11
2017-05-08 22:00:00.000,2017,5,8,22,27006KT,15,13
2017-05-08 23:00:00.000,2017,5,8,23,30004KT,14,13
2017-05-09 00:00:00.000,2017,5,9,0,29005KT,14,13
2017-05-09 01:00:00.000,2017,5,9,1,31003KT,14,13
2017-05-09 02:00:00.000,2017,5,9,2,VRB02KT,14,13
2017-05-09 03:00:00.000,2017,5,9,3,VRB02KT,13,12
2017-05-09 04:00:00.000,2017,5,9,4,VRB02KT,13,12
2017-05-09 05:00:00.000,2017,5,9,5,VRB02KT,13,13
2017-05-09 06:00:00.000,2017,5,9,6,VRB02KT,13,13
2017-05-09 07:00:00.000,2017,5,9,7,VRB02KT,13,12
2017-05-09 08:00:00.000,2017,5,9,8,VRB02KT,12,12
2017-05-09 09:00:00.000,2017,5,9,9,VRB02KT,12,12
2017-05-09 10:10:00.000,2017,5,9,10,32004KT,12,12
2017-05-09 10:30:00.000,2017,5,9,10,33003KT,13,12
2017-05-09 11:00:00.000,2017,5,9,11,32003KT,12,12
2017-05-09 12:00:00.000,2017,5,9,12,VRB02KT,13,12
2017-05-09 13:00:00.000,2017,5,9,13,VRB02KT,14,13
2017-05-09 14:00:00.000,2017,5,9,14,VRB02KT,16,12
2017-05-09 15:00:00.000,2017,5,9,15,20004KT,15,12
2017-05-09 15:20:00.000,2017,5,9,15,20004KT,15,12
2017-05-09 16:00:00.000,2017,5,9,16,33004KT,15,12
2017-05-09 17:00:00.000,2017,5,9,17,19004KT,17,12
2017-05-09 18:00:00.000,2017,5,9,18,25006KT,17,11
2017-05-09 19:00:00.000,2017,5,9,19,00000KT,17,12
2017-05-09 20:00:00.000,2017,5,9,20,34009KT,16,13
2017-05-09 21:00:00.000,2017,5,9,21,34004KT,16,13
2017-05-09 22:00:00.000,2017,5,9,22,25005KT,15,13
2017-05-09 23:00:00.000,2017,5,9,23,22003KT,14,13
2017-05-10 00:00:00.000,2017,5,10,0,VRB02KT,14,13
2017-05-10 01:00:00.000,2017,5,10,1,VRB02KT,14,13
2017-05-10 02:00:00.000,2017,5,10,2,28003KT,14,13
2017-05-10 03:00:00.000,2017,5,10,3,VRB02KT,13,12
2017-05-10 04:00:00.000,2017,5,10,4,VRB02KT,13,12
2017-05-10 05:00:00.000,2017,5,10,5,36003KT,13,12
2017-05-10 06:00:00.000,2017,5,10,6,VRB02KT,13,12
2017-05-10 07:00:00.000,2017,5,10,7,04004KT,12,11
2017-05-10 08:00:00.000,2017,5,10,8,05005KT,12,11
2017-05-10 09:00:00.000,2017,5,10,9,VRB02KT,12,11
2017-05-10 10:00:00.000,2017,5,10,10,04004KT,12,11
2017-05-10 11:00:00.000,2017,5,10,11,VRB02KT,12,11
2017-05-10 12:00:00.000,2017,5,10,12,06005KT,12,11
2017-05-10 13:00:00.000,2017,5,10,13,06007KT,13,12
2017-05-10 14:00:00.000,2017,5,10,14,05004KT,15,11
2017-05-10 15:00:00.000,2017,5,10,15,01004KT,16,10
2017-05-10 16:00:00.000,2017,5,10,16,02004KT,19,11
2017-05-10 17:00:00.000,2017,5,10,17,23006KT,16,12
2017-05-10 18:00:00.000,2017,5,10,18,32004KT,15,13
2017-05-10 19:00:00.000,2017,5,10,19,30008KT,14,13
2017-05-10 20:00:00.000,2017,5,10,20,26005KT,15,13
2017-05-10 21:00:00.000,2017,5,10,21,31004KT,15,12
2017-05-10 22:00:00.000,2017,5,10,22,20004KT,16,13
2017-05-10 23:00:00.000,2017,5,10,23,VRB02KT,15,13
2017-05-11 00:00:00.000,2017,5,11,0,22004KT,14,12
2017-05-11 01:00:00.000,2017,5,11,1,VRB02KT,14,13
2017-05-11 02:00:00.000,2017,5,11,2,VRB02KT,14,12
2017-05-11 03:00:00.000,2017,5,11,3,02003KT,14,12
2017-05-11 04:00:00.000,2017,5,11,4,VRB02KT,13,12
2017-05-11 05:00:00.000,2017,5,11,5,34003KT,13,12
2017-05-11 06:00:00.000,2017,5,11,6,30004KT,12,12
2017-05-11 07:00:00.000,2017,5,11,7,VRB02KT,12,12
2017-05-11 08:00:00.000,2017,5,11,8,VRB02KT,12,12
2017-05-11 09:00:00.000,2017,5,11,9,VRB02KT,12,12
2017-05-11 10:00:00.000,2017,5,11,10,24003KT,12,11
2017-05-11 11:00:00.000,2017,5,11,11,VRB02KT,12,11
2017-05-11 12:00:00.000,2017,5,11,12,03003KT,12,11
2017-05-11 13:00:00.000,2017,5,11,13,06007KT,14,12
2017-05-11 14:00:00.000,2017,5,11,14,VRB02KT,15,12
2017-05-11 15:00:00.000,2017,5,11,15,06005KT,17,11
2017-05-11 16:00:00.000,2017,5,11,16,08004KT,17,10
2017-05-11 17:00:00.000,2017,5,11,17,VRB02KT,19,12
2017-05-11 18:00:00.000,2017,5,11,18,04005KT,17,12
2017-05-11 19:00:00.000,2017,5,11,19,29008KT,16,12
2017-05-11 20:00:00.000,2017,5,11,20,25009KT,17,13
2017-05-11 21:00:00.000,2017,5,11,21,24010KT,16,13
2017-05-11 22:00:00.000,2017,5,11,22,26005KT,15,13
2017-05-11 23:00:00.000,2017,5,11,23,32004KT,14,102
2017-05-12 00:00:00.000,2017,5,12,0,26003KT,14,12
2017-05-12 01:00:00.000,2017,5,12,1,03003KT,12,11
2017-05-12 02:00:00.000,2017,5,12,2,VRB02KT,13,12
2017-05-12 03:00:00.000,2017,5,12,3,VRB02KT,13,12
2017-05-12 04:00:00.000,2017,5,12,4,30006KT,13,12
2017-05-12 05:00:00.000,2017,5,12,5,28005KT,13,12
2017-05-12 06:00:00.000,2017,5,12,6,VRB02KT,13,12
2017-05-12 07:00:00.000,2017,5,12,7,34003KT,13,12
2017-05-12 08:00:00.000,2017,5,12,8,VRB02KT,13,12
2017-05-12 09:00:00.000,2017,5,12,9,VRB02KT,13,12
2017-05-12 10:00:00.000,2017,5,12,10,04004KT,12,11
2017-05-12 11:00:00.000,2017,5,12,11,VRB02KT,12,12
2017-05-12 12:00:00.000,2017,5,12,12,VRB02KT,12,12
2017-05-12 13:00:00.000,2017,5,12,13,VRB02KT,13,12
2017-05-12 14:00:00.000,2017,5,12,14,04003KT,15,12
2017-05-12 16:00:00.000,2017,5,12,16,VRB02KT,16,12
2017-05-12 17:00:00.000,2017,5,12,17,VRB02KT,17,12
2017-05-12 18:00:00.000,2017,5,12,18,35004KT,19,11
2017-05-12 19:00:00.000,2017,5,12,19,27008KT,17,12
2017-05-12 20:00:00.000,2017,5,12,20,29008KT,17,12
2017-05-12 21:00:00.000,2017,5,12,21,280008KT,17,12
2017-05-12 22:00:00.000,2017,5,12,22,24007KT,16,12
2017-05-12 23:00:00.000,2017,5,12,23,23004KT,15,12
2017-05-13 00:00:00.000,2017,5,13,0,28006KT,15,12
2017-05-13 01:00:00.000,2017,5,13,1,VRB02KT,14,12
2017-05-13 02:00:00.000,2017,5,13,2,VRB02KT,14,12
2017-05-13 03:00:00.000,2017,5,13,3,28005KT,14,12
2017-05-13 04:00:00.000,2017,5,13,4,VRB02KT,14,12
2017-05-13 05:00:00.000,2017,5,13,5,VRB02KT,14,12
2017-05-13 14:00:00.000,2017,5,13,14,VRB02KT,16,11
2017-05-13 15:00:00.000,2017,5,13,15,01004KT,18,11
2017-05-13 16:00:00.000,2017,5,13,16,32006KT,19,12
2017-05-13 17:00:00.000,2017,5,13,17,11004KT,19,11
2017-05-13 18:00:00.000,2017,5,13,18,29011KT,16,13
2017-05-13 19:00:00.000,2017,5,13,19,29011KT,17,14
2017-05-13 20:00:00.000,2017,5,13,20,32008KT,18,12
2017-05-13 21:00:00.000,2017,5,13,21,VRB02KT,19,10
2017-05-13 22:00:00.000,2017,5,13,22,VRB02KT,20,10
2017-05-13 23:00:00.000,2017,5,13,23,VRB02KT,15,10
2017-05-14 01:00:00.000,2017,5,14,1,31008KT,14,12
2017-05-14 02:00:00.000,2017,5,14,2,28006KT,14,12
2017-05-14 03:00:00.000,2017,5,14,3,03003KT,14,12
2017-05-14 04:00:00.000,2017,5,14,4,VRB02KT,13,12
2017-05-14 11:00:00.000,2017,5,14,11,00000KT,12,11
2017-05-14 14:00:00.000,2017,5,14,14,10003KT,18,11
2017-05-14 15:00:00.000,2017,5,14,15,VRB02KT,18,11
2017-05-14 16:00:00.000,2017,5,14,16,10008KT,18,11
2017-05-14 17:00:00.000,2017,5,14,17,32006KT,20,09
2017-05-14 18:00:00.000,2017,5,14,18,26006KT,21,11
2017-05-14 19:00:00.000,2017,5,14,19,23008G19KT,20,13
2017-05-14 20:00:00.000,2017,5,14,20,28014KT,15,14
2017-05-14 21:00:00.000,2017,5,14,21,VRB04T,14,13
2017-05-14 22:00:00.000,2017,5,14,22,15008KT,13,12
2017-05-14 23:00:00.000,2017,5,14,23,11005KT,14,12
2017-05-15 01:00:00.000,2017,5,15,1,10003KT,13,12
2017-05-15 02:00:00.000,2017,5,15,2,05006KT,13,11
2017-05-15 03:00:00.000,2017,5,15,3,08004KT,12,11
2017-05-15 04:00:00.000,2017,5,15,4,01004KT,12,10
2017-05-15 05:00:00.000,2017,5,15,5,06004KT,11,10
2017-05-15 11:00:00.000,2017,5,15,11,VRB02KT,10,10
2017-05-15 12:00:00.000,2017,5,15,12,VRB02KT,12,10
2017-05-15 13:00:00.000,2017,5,15,13,VRB02KT,14,11
2017-05-15 14:00:00.000,2017,5,15,14,VRB02KT,16,12
2017-05-15 15:00:00.000,2017,5,15,15,VRB02KT,17,11
2017-05-15 16:00:00.000,2017,5,15,16,04003KT,18,10
2017-05-15 16:15:00.000,2017,5,15,16,19005KT,20,10
2017-05-15 17:00:00.000,2017,5,15,17,26003KT,20,08
2017-05-15 17:20:00.000,2017,5,15,17,20010KT,19,10
2017-05-15 17:40:00.000,2017,5,15,17,26004KT,17,10
2017-05-15 18:00:00.000,2017,5,15,18,19006KT,19,10
2017-05-15 19:00:00.000,2017,5,15,19,31012KT,19,14
2017-05-15 19:20:00.000,2017,5,15,19,30011KT,18,13
2017-05-15 20:00:00.000,2017,5,15,20,29010KT,16,14
2017-05-15 20:30:00.000,2017,5,15,20,VRB02KT,15,13
2017-05-15 21:00:00.000,2017,5,15,21,16007KT,15,14
2017-05-15 22:00:00.000,2017,5,15,22,12003KT,14,12
2017-05-15 23:00:00.000,2017,5,15,23,05003KT,13,12
2017-05-16 00:00:00.000,2017,5,16,0,05004KT,15,13
2017-05-16 01:00:00.000,2017,5,16,1,05006KT,14,12
2017-05-16 02:00:00.000,2017,5,16,2,04004KT,13,12
2017-05-16 03:00:00.000,2017,5,16,3,VRB02KT,13,12
2017-05-16 04:00:00.000,2017,5,16,4,03003KT,13,12
2017-05-16 05:00:00.000,2017,5,16,5,VRB02KT,12,11
2017-05-16 10:30:00.000,2017,5,16,10,23006KT,12,11
2017-05-16 11:00:00.000,2017,5,16,11,27004KT,12,11
2017-05-16 12:00:00.000,2017,5,16,12,26006KT,13,11
2017-05-16 13:00:00.000,2017,5,16,13,25004KT,14,11
2017-05-16 14:00:00.000,2017,5,16,14,09004KT,17,11
2017-05-16 15:00:00.000,2017,5,16,15,35006KT,18,11
2017-05-16 16:00:00.000,2017,5,16,16,24006KT,19,10
2017-05-16 18:00:00.000,2017,5,16,18,18012KT,21,09
2017-05-16 19:00:00.000,2017,5,16,19,24012KT,20,12
2017-05-16 20:00:00.000,2017,5,16,20,25010KT,20,12
2017-05-16 21:00:00.000,2017,5,16,21,24008KT,21,11
2017-05-16 22:00:00.000,2017,5,16,22,23005KT,19,11
2017-05-16 23:00:00.000,2017,5,16,23,32008KT,16,10
2017-05-17 00:00:00.000,2017,5,17,0,36003KT,14,11
2017-05-17 01:00:00.000,2017,5,17,1,33003KT,14,10
2017-05-17 02:00:00.000,2017,5,17,2,27009KT,15,10
2017-05-17 03:00:00.000,2017,5,17,3,32003KT,12,10
2017-05-17 04:00:00.000,2017,5,17,4,VRB02KT,14,10
2017-05-17 05:00:00.000,2017,5,17,5,15003KT,12,10
2017-05-17 06:00:00.000,2017,5,17,6,19003KT,13,11
2017-05-17 07:00:00.000,2017,5,17,7,28003KT,12,11
2017-05-17 08:00:00.000,2017,5,17,8,VRB02KT,11,10
2017-05-17 09:00:00.000,2017,5,17,9,03003KT,09,08
2017-05-17 10:00:00.000,2017,5,17,10,32003KT,08,08
2017-05-17 11:00:00.000,2017,5,17,11,03003KT,08,07
2017-05-17 12:00:00.000,2017,5,17,12,32004KT,10,09
2017-05-17 13:00:00.000,2017,5,17,13,05004KT,12,12
2017-05-17 14:00:00.000,2017,5,17,14,04006KT,12,12
2017-05-17 15:00:00.000,2017,5,17,15,06004KT,14,12
2017-05-17 16:00:00.000,2017,5,17,16,VRB02KT,16,12
2017-05-17 17:00:00.000,2017,5,17,17,31004KT,20,12
2017-05-17 18:00:00.000,2017,5,17,18,VRB03KT,18,12
2017-05-17 19:00:00.000,2017,5,17,19,24005KT,17,12
2017-05-17 20:00:00.000,2017,5,17,20,28007KT,19,12
2017-05-17 21:00:00.000,2017,5,17,21,VRB04KT,20,12
2017-05-17 22:00:00.000,2017,5,17,22,27008KT,17,13
2017-05-17 23:00:00.000,2017,5,17,23,VRB02KT,16,13
2017-05-18 00:00:00.000,2017,5,18,0,32003KT,15,13
2017-05-18 01:00:00.000,2017,5,18,1,VRB02KT,15,13
2017-05-18 02:00:00.000,2017,5,18,2,VRB02KT,14,13
2017-05-18 03:00:00.000,2017,5,18,3,03004KT,14,12
2017-05-18 04:00:00.000,2017,5,18,4,05007KT,13,11
2017-05-18 05:00:00.000,2017,5,18,5,06006KT,12,11
2017-05-18 06:00:00.000,2017,5,18,6,25006KT,13,11
2017-05-18 07:00:00.000,2017,5,18,7,VRB02KT,11,10
2017-05-18 08:00:00.000,2017,5,18,8,VRB02KT,12,11
2017-05-18 09:00:00.000,2017,5,18,9,VRB02KT,12,10
2017-05-18 10:00:00.000,2017,5,18,10,06004KT,12,11
2017-05-18 11:00:00.000,2017,5,18,11,06004KT,12,10
2017-05-18 12:00:00.000,2017,5,18,12,04007KT,13,11
2017-05-18 13:00:00.000,2017,5,18,13,06006KT,16,10
2017-05-18 14:00:00.000,2017,5,18,14,08006KT,18,10
2017-05-18 15:00:00.000,2017,5,18,15,12005KT,19,09
2017-05-18 16:00:00.000,2017,5,18,16,12007KT,20,09
2017-05-18 17:00:00.000,2017,5,18,17,09008KT,20,08
2017-05-18 18:00:00.000,2017,5,18,18,15010KT,21,09
2017-05-18 19:00:00.000,2017,5,18,19,12015KT,22,05
2017-05-18 20:00:00.000,2017,5,18,20,27005KT,20,12
2017-05-18 21:00:00.000,2017,5,18,21,28009KT,20,12
2017-05-18 22:00:00.000,2017,5,18,22,26008KT,17,14
2017-05-18 23:00:00.000,2017,5,18,23,28005KT,16,13
2017-05-19 00:00:00.000,2017,5,19,0,24004KT,16,12
2017-05-19 01:00:00.000,2017,5,19,1,VRB02KT,14,12
2017-05-19 02:00:00.000,2017,5,19,2,VRB02KT,13,11
2017-05-19 03:00:00.000,2017,5,19,3,02004KT,13,10
2017-05-19 04:00:00.000,2017,5,19,4,01004KT,13,09
2017-05-19 05:00:00.000,2017,5,19,5,36006KT,11,09
2017-05-19 06:00:00.000,2017,5,19,6,06003KT,11,09
2017-05-19 07:00:00.000,2017,5,19,7,06006KT,12,09
2017-05-19 08:00:00.000,2017,5,19,8,05005KT,11,09
2017-05-19 09:00:00.000,2017,5,19,9,06004KT,12,10
2017-05-19 10:00:00.000,2017,5,19,10,06006KT,11,10
2017-05-19 11:00:00.000,2017,5,19,11,04005KT,12,10
2017-05-19 12:00:00.000,2017,5,19,12,04005KT,12,11
2017-05-19 13:00:00.000,2017,5,19,13,34003KT,21,19
2017-05-19 14:00:00.000,2017,5,19,14,04005KT,17,11
2017-05-19 15:00:00.000,2017,5,19,15,10010KT,19,09
2017-05-19 15:35:00.000,2017,5,19,15,14009KT,21,08
2017-05-19 16:00:00.000,2017,5,19,16,10010KT,20,08
2017-05-19 17:00:00.000,2017,5,19,17,15009KT,20,08
2017-05-19 18:00:00.000,2017,5,19,18,13014KT,22,11
2017-05-19 18:30:00.000,2017,5,19,18,12010KT,21,10
2017-05-19 19:00:00.000,2017,5,19,19,17009KT,21,08
2017-05-19 20:00:00.000,2017,5,19,20,14011KT,20,10
2017-05-19 21:00:00.000,2017,5,19,21,10010KT,19,09
2017-05-19 22:00:00.000,2017,5,19,22,05010KT,18,10
2017-05-19 23:00:00.000,2017,5,19,23,11012KT,17,08
2017-05-20 00:00:00.000,2017,5,20,0,12007KT,17,058
2017-05-20 01:00:00.000,2017,5,20,1,14005KT,15,09
2017-05-20 02:00:00.000,2017,5,20,2,VRB02KT,16,09
2017-05-20 03:00:00.000,2017,5,20,3,02004KT,13,10
2017-05-20 04:00:00.000,2017,5,20,4,01004KT,13,09
2017-05-20 05:00:00.000,2017,5,20,5,06006KT,11,09
2017-05-20 06:00:00.000,2017,5,20,6,06003KT,11,09
2017-05-20 07:00:00.000,2017,5,20,7,06006KT,12,09
2017-05-20 08:00:00.000,2017,5,20,8,05005KT,11,09
2017-05-20 09:00:00.000,2017,5,20,9,06004KT,12,10
2017-05-20 10:00:00.000,2017,5,20,10,06004KT,11,09
2017-05-20 10:30:00.000,2017,5,20,10,VRB02KT,11,09
2017-05-20 11:00:00.000,2017,5,20,11,04005KT,12,10
2017-05-20 12:00:00.000,2017,5,20,12,VRB02KT,13,11
2017-05-20 12:32:00.000,2017,5,20,12,12005KT,16,10
2017-05-20 13:00:00.000,2017,5,20,13,10005KT,16,10
2017-05-20 14:00:00.000,2017,5,20,14,14008KT,18,11
2017-05-20 15:00:00.000,2017,5,20,15,15009KT,17,09
2017-05-20 15:26:00.000,2017,5,20,15,16012KT,16,10
2017-05-20 15:40:00.000,2017,5,20,15,16011KT,16,11
2017-05-20 16:00:00.000,2017,5,20,16,14006KT,18,10
2017-05-20 17:00:00.000,2017,5,20,17,13003KT,17,11
2017-05-20 17:22:00.000,2017,5,20,17,0405KT,16,12
2017-05-20 18:00:00.000,2017,5,20,18,35004KT,15,12
2017-05-20 18:33:00.000,2017,5,20,18,10004KT,15,12
2017-05-20 18:35:00.000,2017,5,20,18,VRB03KT,15,12
2017-05-20 19:00:00.000,2017,5,20,19,VRB02KT,16,13
2017-05-20 20:00:00.000,2017,5,20,20,10006KT,18,11
2017-05-20 21:00:00.000,2017,5,20,21,10007KT,18,11
2017-05-20 22:00:00.000,2017,5,20,22,11008KT,18,09
2017-05-20 23:00:00.000,2017,5,20,23,10006KT,16,11
2017-05-21 00:00:00.000,2017,5,21,0,09004KT,16,09
2017-05-21 01:00:00.000,2017,5,21,1,10008KT,16,09
2017-05-21 02:00:00.000,2017,5,21,2,03005KT,14,10
2017-05-21 03:00:00.000,2017,5,21,3,06004KT,13,10
2017-05-21 04:00:00.000,2017,5,21,4,VRB02KT,13,10
2017-05-21 05:00:00.000,2017,5,21,5,VRB02KT,12,09
2017-05-21 06:00:00.000,2017,5,21,6,VRB02KT,11,09
2017-05-21 07:00:00.000,2017,5,21,7,VRB02KT,10,09
2017-05-21 08:00:00.000,2017,5,21,8,VRB02KT,11,10
2017-05-21 09:00:00.000,2017,5,21,9,VRB02KT,12,10
2017-05-21 10:00:00.000,2017,5,21,10,VRB02KT,11,10
2017-05-21 10:30:00.000,2017,5,21,10,03004KT,11,10
2017-05-21 11:00:00.000,2017,5,21,11,VRB02KT,11,10
2017-05-21 12:00:00.000,2017,5,21,12,05004KT,13,11
2017-05-21 12:15:00.000,2017,5,21,12,05004KT,15,11
2017-05-21 13:00:00.000,2017,5,21,13,03005KT,17,11
2017-05-21 14:00:00.000,2017,5,21,14,04010KT,19,10
2017-05-21 15:00:00.000,2017,5,21,15,07006KT,20,10
2017-05-21 16:00:00.000,2017,5,21,16,08010KT,20,09
2017-05-21 17:00:00.000,2017,5,21,17,10010KT,20,07
2017-05-21 18:00:00.000,2017,5,21,18,11006KT,20,09
2017-05-21 19:00:00.000,2017,5,21,19,07006KT,20,08
2017-05-21 20:00:00.000,2017,5,21,20,05011KT,20,09
2017-05-21 21:00:00.000,2017,5,21,21,04007KT,20,09
2017-05-21 22:00:00.000,2017,5,21,22,26009KT,17,12
2017-05-21 23:00:00.000,2017,5,21,23,27008KT,17,12
2017-05-22 00:00:00.000,2017,5,22,0,25004KT,15,12
2017-05-22 01:00:00.000,2017,5,22,1,VRB02KT,13,11
2017-05-22 02:00:00.000,2017,5,22,2,32003KT,12,11
2017-05-22 03:00:00.000,2017,5,22,3,VRB02KT,13,12
2017-05-22 04:00:00.000,2017,5,22,4,VRB02KT,10,09
2017-05-22 05:00:00.000,2017,5,22,5,34003KT,10,09
2017-05-22 06:00:00.000,2017,5,22,6,29004KT,11,11
2017-05-22 07:00:00.000,2017,5,22,7,VRB02KT,10,10
2017-05-22 08:00:00.000,2017,5,22,8,VRB02KT,10,10
2017-05-22 09:00:00.000,2017,5,22,9,VRB02KT,11,11
2017-05-22 10:00:00.000,2017,5,22,10,33004KT,11,10
2017-05-22 11:00:00.000,2017,5,22,11,12003KT,11,10
2017-05-22 12:00:00.000,2017,5,22,12,04003KT,11,11
2017-05-22 13:00:00.000,2017,5,22,13,15004KT,13,12
2017-05-22 14:00:00.000,2017,5,22,14,03004KT,13,12
2017-05-22 15:00:00.000,2017,5,22,15,03008KT,154,12
2017-05-22 16:00:00.000,2017,5,22,16,06005KT,15,11
2017-05-22 17:00:00.000,2017,5,22,17,10008KT,16,11
2017-05-22 18:00:00.000,2017,5,22,18,07005KT,15,10
2017-05-22 19:00:00.000,2017,5,22,19,07010KT,15,11
2017-05-22 20:00:00.000,2017,5,22,20,06010KT,14,10
2017-05-22 21:00:00.000,2017,5,22,21,05006KT,14,10
2017-05-22 22:00:00.000,2017,5,22,22,04010KT,15,10
2017-05-22 23:00:00.000,2017,5,22,23,05008KT,13,09
2017-05-23 00:00:00.000,2017,5,23,0,05010KT,13,09
2017-05-23 01:00:00.000,2017,5,23,1,05007KT,12,09
2017-05-23 02:00:00.000,2017,5,23,2,05005KT,11,09
2017-05-23 03:00:00.000,2017,5,23,3,06003KT,12,09
2017-05-23 04:00:00.000,2017,5,23,4,06005KT,12,09
2017-05-23 05:00:00.000,2017,5,23,5,02003KT,11,09
2017-05-23 06:00:00.000,2017,5,23,6,05004KT,10,08
2017-05-23 07:00:00.000,2017,5,23,7,05005KT,11,09
2017-05-23 08:00:00.000,2017,5,23,8,04004KT,140,08
2017-05-23 09:00:00.000,2017,5,23,9,30003KT,10,08
2017-05-23 10:00:00.000,2017,5,23,10,03004KT,08,07
2017-05-23 10:20:00.000,2017,5,23,10,00000KT,26,25
2017-05-23 10:30:00.000,2017,5,23,10,07005KT,10,09
2017-05-23 11:00:00.000,2017,5,23,11,VRB02KT,09,07
2017-05-23 12:00:00.000,2017,5,23,12,06005KT,11,09
2017-05-23 12:30:00.000,2017,5,23,12,05006KT,13,10
2017-05-23 13:00:00.000,2017,5,23,13,04007KT,14,10
2017-05-23 13:20:00.000,2017,5,23,13,04007KT,16,10
2017-05-23 14:00:00.000,2017,5,23,14,07006KT,16,10
2017-05-23 15:00:00.000,2017,5,23,15,07008KT,16,09
2017-05-23 16:00:00.000,2017,5,23,16,08006KT,17,09
2017-05-23 17:00:00.000,2017,5,23,17,06004KT,17,10
2017-05-23 18:00:00.000,2017,5,23,18,VRB07G17KT,17,11
2017-05-23 19:00:00.000,2017,5,23,19,30005KT,17,11
2017-05-23 20:00:00.000,2017,5,23,20,13008KT,19,09
2017-05-23 21:00:00.000,2017,5,23,21,12009KT,19,08
2017-05-23 22:00:00.000,2017,5,23,22,10005KT,19,08
2017-05-23 23:00:00.000,2017,5,23,23,13009KT,17,09
2017-05-24 00:00:00.000,2017,5,24,0,12008KT,16,09
2017-05-24 01:00:00.000,2017,5,24,1,VRB02KT,15,10
2017-05-24 02:00:00.000,2017,5,24,2,07005KT,15,10
2017-05-24 03:00:00.000,2017,5,24,3,07004KT,14,10
2017-05-24 04:00:00.000,2017,5,24,4,VRB04KT,14,11
2017-05-24 05:00:00.000,2017,5,24,5,05005KT,13,11
2017-05-24 06:00:00.000,2017,5,24,6,VRB02KT,12,11
2017-05-24 08:00:00.000,2017,5,24,8,VRB03KT,12,11
2017-05-24 09:00:00.000,2017,5,24,9,VRB02KT,11,10
2017-05-24 10:00:00.000,2017,5,24,10,07003KT,10,10
2017-05-24 10:30:00.000,2017,5,24,10,05004KT,10,09
2017-05-24 11:00:00.000,2017,5,24,11,04005KT,10,10
2017-05-24 12:00:00.000,2017,5,24,12,09007KT,13,12
2017-05-24 13:00:00.000,2017,5,24,13,12007KT,16,10
2017-05-24 14:00:00.000,2017,5,24,14,12014KT,17,10
2017-05-24 15:00:00.000,2017,5,24,15,12015KT,17,08
2017-05-24 16:00:00.000,2017,5,24,16,14012KT,17,09
2017-05-24 17:00:00.000,2017,5,24,17,13012KT,18,10
2017-05-24 18:00:00.000,2017,5,24,18,18010KT,18,09
2017-05-24 19:00:00.000,2017,5,24,19,11006KT,20,10
2017-05-24 20:00:00.000,2017,5,24,20,10010KT,17,11
2017-05-24 21:00:00.000,2017,5,24,21,18010KT,15,11
2017-05-24 21:20:00.000,2017,5,24,21,13006KT,15,12
2017-05-24 22:00:00.000,2017,5,24,22,16003KT,15,12
2017-05-24 23:00:00.000,2017,5,24,23,13007KT,15,10
2017-05-25 00:00:00.000,2017,5,25,0,09005KT,15,10
2017-05-25 01:00:00.000,2017,5,25,1,11006KT,15,08
2017-05-25 02:00:00.000,2017,5,25,2,09005KT,14,08
2017-05-25 03:00:00.000,2017,5,25,3,06006KT,13,09
2017-05-25 04:00:00.000,2017,5,25,4,06008KT,12,09
2017-05-25 05:00:00.000,2017,5,25,5,09004KT,13,09
2017-05-25 06:00:00.000,2017,5,25,6,12006KT,14,08
2017-05-25 07:00:00.000,2017,5,25,7,11007KT,14,08
2017-05-25 08:00:00.000,2017,5,25,8,15003KT,13,08
2017-05-25 09:00:00.000,2017,5,25,9,08004KT,13,08
2017-05-25 10:00:00.000,2017,5,25,10,06005KT,13,08
2017-05-25 10:30:00.000,2017,5,25,10,07006KT,12,09
2017-05-25 11:00:00.000,2017,5,25,11,07006KT,12,09
2017-05-25 12:00:00.000,2017,5,25,12,10008KT,14,08
2017-05-25 13:00:00.000,2017,5,25,13,14017KT,16,06
2017-05-25 14:00:00.000,2017,5,25,14,13013G23KT,17,07
2017-05-25 15:00:00.000,2017,5,25,15,13012KT,18,07
2017-05-25 16:00:00.000,2017,5,25,16,14009KT,17,07
2017-05-25 17:00:00.000,2017,5,25,17,14010G20KT,17,07
2017-05-25 18:00:00.000,2017,5,25,18,11012KT,18,07
2017-05-25 19:00:00.000,2017,5,25,19,12010KT,18,07
2017-05-25 20:00:00.000,2017,5,25,20,12012KT,18,08
2017-05-25 21:00:00.000,2017,5,25,21,10012KT,18,07
2017-05-25 22:00:00.000,2017,5,25,22,10008KT,17,06
2017-05-25 23:00:00.000,2017,5,25,23,11006KT,16,07
2017-05-26 00:00:00.000,2017,5,26,0,09004KT,15,07
2017-05-26 01:00:00.000,2017,5,26,1,34004KT,12,08
2017-05-26 02:00:00.000,2017,5,26,2,02003KT,11,07
2017-05-26 03:00:00.000,2017,5,26,3,31004KT,11,07
2017-05-26 04:00:00.000,2017,5,26,4,VRB02KT,11,07
2017-05-26 05:00:00.000,2017,5,26,5,VRB02KT,11,07
2017-05-26 06:00:00.000,2017,5,26,6,05003KT,10,08
2017-05-26 07:00:00.000,2017,5,26,7,07004KT,11,07
2017-05-26 08:00:00.000,2017,5,26,8,11004KT,12,06
2017-05-26 09:00:00.000,2017,5,26,9,08003KT,11,07
2017-05-26 10:00:00.000,2017,5,26,10,07007KT,11,06
2017-05-26 11:00:00.000,2017,5,26,11,05007KT,09,06
2017-05-26 12:00:00.000,2017,5,26,12,05005KT,11,07
2017-05-26 13:00:00.000,2017,5,26,13,06009KT,15,08
2017-05-26 14:00:00.000,2017,5,26,14,05010KT,16,08
2017-05-26 14:30:00.000,2017,5,26,14,08016KT,18,06
2017-05-26 15:00:00.000,2017,5,26,15,10015KT,18,07
2017-05-26 16:00:00.000,2017,5,26,16,10012KT,20,06
2017-05-26 17:00:00.000,2017,5,26,17,10007KT,20,06
2017-05-26 18:00:00.000,2017,5,26,18,14010KT,20,07
2017-05-26 19:00:00.000,2017,5,26,19,13010KT,21,07
2017-05-26 20:00:00.000,2017,5,26,20,14010KT,20,06
2017-05-26 21:00:00.000,2017,5,26,21,12008KT,19,05
2017-05-26 22:00:00.000,2017,5,26,22,25007KT,18,09
2017-05-26 23:00:00.000,2017,5,26,23,27008KT,17,10
2017-05-27 00:00:00.000,2017,5,27,0,31005KT,14,10
2017-05-27 01:00:00.000,2017,5,27,1,33004KT,12,10
2017-05-27 02:00:00.000,2017,5,27,2,VRB02KT,11,09
2017-05-27 03:00:00.000,2017,5,27,3,VRB02KT,12,08
2017-05-27 04:00:00.000,2017,5,27,4,10003KT,14,07
2017-05-27 05:00:00.000,2017,5,27,5,VRB03KT,13,06
2017-05-27 06:00:00.000,2017,5,27,6,VRB03KT,10,08
2017-05-27 08:00:00.000,2017,5,27,8,34004KT,08,06
2017-05-27 09:00:00.000,2017,5,27,9,VRB02KT,08,07
2017-05-27 10:00:00.000,2017,5,27,10,28004KT,08,07
2017-05-27 10:30:00.000,2017,5,27,10,VRB02KT,07,06
2017-05-27 11:00:00.000,2017,5,27,11,00000KT,18,18
2017-05-27 12:00:00.000,2017,5,27,12,VRB02KT,10,09
2017-05-27 13:00:00.000,2017,5,27,13,VRB02KT,13,11
2017-05-27 14:00:00.000,2017,5,27,14,05005KT,15,09
2017-05-27 15:00:00.000,2017,5,27,15,15012KT,16,08
2017-05-27 16:00:00.000,2017,5,27,16,14012KT,18,08
2017-05-27 17:00:00.000,2017,5,27,17,15010KT,19,06
2017-05-27 18:00:00.000,2017,5,27,18,15010KT,18,05
2017-05-27 19:00:00.000,2017,5,27,19,12008KT,20,05
2017-05-27 20:00:00.000,2017,5,27,20,17010KT,20,04
2017-05-27 21:00:00.000,2017,5,27,21,24010KT,19,08
2017-05-27 22:00:00.000,2017,5,27,22,25008KT,18,09
2017-05-27 23:00:00.000,2017,5,27,23,32004KT,15,09
2017-05-28 00:00:00.000,2017,5,28,0,01003KT,14,10
2017-05-28 01:00:00.000,2017,5,28,1,VRB02KT,13,07
2017-05-28 02:00:00.000,2017,5,28,2,06003KT,11,08
2017-05-28 03:00:00.000,2017,5,28,3,07003KT,11,08
2017-05-28 04:00:00.000,2017,5,28,4,VRB02KT,09,07
2017-05-28 05:00:00.000,2017,5,28,5,VRB02KT,09,07
2017-05-28 06:00:00.000,2017,5,28,6,03005KT,10,08
2017-05-28 07:00:00.000,2017,5,28,7,04006KT,10,09
2017-05-28 08:00:00.000,2017,5,28,8,26003KT,09,08
2017-05-28 09:00:00.000,2017,5,28,9,06005KT,10,09
2017-05-28 10:00:00.000,2017,5,28,10,03004KT,10,09
2017-05-28 10:30:00.000,2017,5,28,10,35004KT,11,09
2017-05-28 11:00:00.000,2017,5,28,11,28003KT,11,09
2017-05-28 12:00:00.000,2017,5,28,12,VRB02KT,13,10
2017-05-28 13:00:00.000,2017,5,28,13,07006KT,15,09
2017-05-28 14:00:00.000,2017,5,28,14,16010KT,17,08
2017-05-28 15:00:00.000,2017,5,28,15,16013KT,17,09
2017-05-28 16:00:00.000,2017,5,28,16,15013KT,18,09
2017-05-28 17:00:00.000,2017,5,28,17,12011KT,18,07
2017-05-28 18:00:00.000,2017,5,28,18,18009KT,19,08
2017-05-28 19:00:00.000,2017,5,28,19,18011KT,19,07
2017-05-28 20:00:00.000,2017,5,28,20,14009KT,19,07
2017-05-28 21:00:00.000,2017,5,28,21,13007KT,19,07
2017-05-28 22:00:00.000,2017,5,28,22,17008KT,19,07
2017-05-28 23:00:00.000,2017,5,28,23,15007KT,17,08
2017-05-29 00:00:00.000,2017,5,29,0,01003KT,14,10
2017-05-29 01:00:00.000,2017,5,29,1,29006KT,14,10
2017-05-29 02:00:00.000,2017,5,29,2,31004KT,14,10
2017-05-29 03:00:00.000,2017,5,29,3,VRB02KT,13,10
2017-05-29 04:00:00.000,2017,5,29,4,VRB02KT,14,10
2017-05-29 05:00:00.000,2017,5,29,5,33004KT,13,10
2017-05-29 06:00:00.000,2017,5,29,6,04003KT,12,10
2017-05-29 07:00:00.000,2017,5,29,7,VRB02KT,12,10
2017-05-29 08:00:00.000,2017,5,29,8,28005KT,12,10
2017-05-29 09:00:00.000,2017,5,29,9,28004KT,10,09
2017-05-29 10:00:00.000,2017,5,29,10,VRB02KT,108,09
2017-05-29 10:30:00.000,2017,5,29,10,VRB02KT,10,09
2017-05-29 11:00:00.000,2017,5,29,11,VRB02KT,10,09
2017-05-29 12:00:00.000,2017,5,29,12,35004KT,11,10
2017-05-29 13:00:00.000,2017,5,29,13,VRB02KT,13,11
2017-05-29 14:00:00.000,2017,5,29,14,VRB02KT,15,09
2017-05-29 15:00:00.000,2017,5,29,15,08004KT,16,08
2017-05-29 16:00:00.000,2017,5,29,16,16006KT,18,10
2017-05-29 17:00:00.000,2017,5,29,17,16008KT,19,08
2017-05-29 18:00:00.000,2017,5,29,18,14010KT,20,07
2017-05-29 19:00:00.000,2017,5,29,19,14010KT,20,08
2017-05-29 20:00:00.000,2017,5,29,20,16006KT,19,08
2017-05-29 21:00:00.000,2017,5,29,21,28010KT,18,11
2017-05-29 22:00:00.000,2017,5,29,22,31010KT,17,11
2017-05-29 23:00:00.000,2017,5,29,23,24008KT,17,10
2017-05-30 00:00:00.000,2017,5,30,0,28005KT,16,10
2017-05-30 01:00:00.000,2017,5,30,1,32004KT,13,11
2017-05-30 02:00:00.000,2017,5,30,2,01003KT,12,10
2017-05-30 03:00:00.000,2017,5,30,3,35004KT,13,10
2017-05-30 04:00:00.000,2017,5,30,4,01005KT,12,10
2017-05-30 05:00:00.000,2017,5,30,5,07004KT,13,10
2017-05-30 06:00:00.000,2017,5,30,6,04004KT,12,10
2017-05-30 07:00:00.000,2017,5,30,7,03005KT,12,09
2017-05-30 08:00:00.000,2017,5,30,8,06006KT,12,10
2017-05-30 09:00:00.000,2017,5,30,9,04007KT,12,10
2017-05-30 10:00:00.000,2017,5,30,10,03004KT,12,10
2017-05-30 10:30:00.000,2017,5,30,10,05007KT,11,09
2017-05-30 11:00:00.000,2017,5,30,11,07006KT,11,09
2017-05-30 12:00:00.000,2017,5,30,12,06009KT,13,09
2017-05-30 13:00:00.000,2017,5,30,13,04010KT,15,09
2017-05-30 13:35:00.000,2017,5,30,13,07006KT,17,09
2017-05-30 14:00:00.000,2017,5,30,14,11009KT,19,09
2017-05-30 15:00:00.000,2017,5,30,15,11010KT,20,09
2017-05-30 16:00:00.000,2017,5,30,16,10012G22KT,20,08
2017-05-30 17:00:00.000,2017,5,30,17,11010KT,20,08
2017-05-30 18:00:00.000,2017,5,30,18,14010KT,20,09
2017-05-30 19:00:00.000,2017,5,30,19,13012KT,17,09
2017-05-30 19:10:00.000,2017,5,30,19,15008KT,17,09
2017-05-30 20:00:00.000,2017,5,30,20,14006KT,19,10
2017-05-30 21:00:00.000,2017,5,30,21,11008KT,18,09
2017-05-30 22:00:00.000,2017,5,30,22,10006KT,19,09
2017-05-30 23:00:00.000,2017,5,30,23,07004KT,16,09
2017-05-31 00:00:00.000,2017,5,31,0,VRB02KT,15,09
2017-05-31 01:00:00.000,2017,5,31,1,32004KT,13,09
2017-05-31 02:00:00.000,2017,5,31,2,30003KT,11,09
2017-05-31 03:00:00.000,2017,5,31,3,VRB02KT,10,09
2017-05-31 04:00:00.000,2017,5,31,4,34004KT,10,09
2017-05-31 05:00:00.000,2017,5,31,5,02003KT,10,09
2017-05-31 06:00:00.000,2017,5,31,6,32004KT,09,08
2017-05-31 07:00:00.000,2017,5,31,7,31003KT,09,08
2017-05-31 08:00:00.000,2017,5,31,8,VRB02KT,10,09
2017-05-31 09:00:00.000,2017,5,31,9,06008KT,11,09
2017-05-31 10:00:00.000,2017,5,31,10,02003KT,10,09
2017-05-31 10:30:00.000,2017,5,31,10,03005KT,10,09
2017-05-31 11:00:00.000,2017,5,31,11,06006KT,10,09
2017-05-31 11:40:00.000,2017,5,31,11,05006KT,12,10
2017-05-31 12:00:00.000,2017,5,31,12,04010KT,12,10
2017-05-31 12:30:00.000,2017,5,31,12,04010KT,14,10
2017-05-31 13:00:00.000,2017,5,31,13,04011KT,14,10
2017-05-31 14:00:00.000,2017,5,31,14,13008KT,16,09
2017-05-31 15:00:00.000,2017,5,31,15,05010KT,17,09
2017-05-31 16:00:00.000,2017,5,31,16,10003KT,18,08
2017-05-31 17:00:00.000,2017,5,31,17,07012KT,18,09
2017-05-31 18:00:00.000,2017,5,31,18,11012KT,19,09
2017-05-31 19:00:00.000,2017,5,31,19,13012KT,19,08
2017-05-31 20:00:00.000,2017,5,31,20,12011KT,19,08
2017-05-31 22:00:00.000,2017,5,31,22,12008KT,17,09
2017-05-31 23:00:00.000,2017,5,31,23,10008KT,17,08
2017-06-01 00:00:00.000,2017,6,1,0,08003KT,15,09
2017-06-01 01:00:00.000,2017,6,1,1,04007KT,14,09
2017-06-01 02:00:00.000,2017,6,1,2,05005KT,12,09
2017-06-01 03:00:00.000,2017,6,1,3,04006KT,11,08
2017-06-01 04:00:00.000,2017,6,1,4,04006KT,13,08
2017-06-01 05:00:00.000,2017,6,1,5,36003KT,12,09
2017-06-01 06:00:00.000,2017,6,1,6,VRB02KT,12,09
2017-06-01 06:15:00.000,2017,6,1,6,VRB02KT,11,09
2017-06-01 07:00:00.000,2017,6,1,7,VRB02KT,11,10
2017-06-01 08:00:00.000,2017,6,1,8,VRB02KT,12,10
2017-06-01 09:00:00.000,2017,6,1,9,VRB02KT,12,10
2017-06-01 10:00:00.000,2017,6,1,10,04004KT,11,10
2017-06-01 10:30:00.000,2017,6,1,10,03004KT,12,10
2017-06-01 11:00:00.000,2017,6,1,11,VRB02KT,12,10
2017-06-01 12:00:00.000,2017,6,1,12,03004KT,13,11
2017-06-01 13:00:00.000,2017,6,1,13,02004KT,14,11
2017-06-01 14:00:00.000,2017,6,1,14,04004KT,16,11
2017-06-01 15:00:00.000,2017,6,1,15,10005KT,17,11
2017-06-01 16:00:00.000,2017,6,1,16,17006KT,18,10
2017-06-01 17:00:00.000,2017,6,1,17,15013KT,19,10
2017-06-01 18:00:00.000,2017,6,1,18,14008KT,19,10
2017-06-01 19:00:00.000,2017,6,1,19,16008KT,19,09
2017-06-01 20:00:00.000,2017,6,1,20,17010KT,18,08
2017-06-01 21:00:00.000,2017,6,1,21,12008KT,16,10
2017-06-01 22:00:00.000,2017,6,1,22,15010KT,17,10
2017-06-01 23:00:00.000,2017,6,1,23,14007KT,15,10
2017-06-02 00:00:00.000,2017,6,2,0,09006KT,16,10
2017-06-02 01:00:00.000,2017,6,2,1,08006KT,15,10
2017-06-02 02:00:00.000,2017,6,2,2,05005KT,14,10
2017-06-02 03:00:00.000,2017,6,2,3,04004KT,12,09
2017-06-02 04:00:00.000,2017,6,2,4,04005KT,11,08
2017-06-02 05:00:00.000,2017,6,2,5,VRB02KT,10,08
2017-06-02 06:00:00.000,2017,6,2,6,33004KT,11,09
2017-06-02 07:00:00.000,2017,6,2,7,VRB02KT,11,09
2017-06-02 08:00:00.000,2017,6,2,8,VRB02KT,11,09
2017-06-02 09:00:00.000,2017,6,2,9,00000KT,10,08
2017-06-02 10:00:00.000,2017,6,2,10,VRB02KT,10,08
2017-06-02 10:30:00.000,2017,6,2,10,04005KT,10,09
2017-06-02 11:00:00.000,2017,6,2,11,05005KT,10,09
2017-06-02 12:00:00.000,2017,6,2,12,06006KT,13,10
2017-06-02 13:00:00.000,2017,6,2,13,07008KT,15,09
2017-06-02 14:00:00.000,2017,6,2,14,09007KT,18,10
2017-06-02 15:00:00.000,2017,6,2,15,10008KT,18,08
2017-06-02 16:00:00.000,2017,6,2,16,12010KT,18,09
2017-06-02 17:00:00.000,2017,6,2,17,07010KT,18,09
2017-06-02 18:00:00.000,2017,6,2,18,08012KT,18,09
2017-06-02 19:00:00.000,2017,6,2,19,08011KT,19,09
2017-06-02 20:00:00.000,2017,6,2,20,14011KT,18,09
2017-06-02 21:00:00.000,2017,6,2,21,13008KT,17,10
2017-06-02 22:00:00.000,2017,6,2,22,14004KT,18,09
2017-06-02 23:00:00.000,2017,6,2,23,10011KT,17,09
2017-06-03 00:00:00.000,2017,6,3,0,10006KT,15,10
2017-06-03 01:00:00.000,2017,6,3,1,07007KT,13,10
2017-06-03 02:00:00.000,2017,6,3,2,09005KT,13,10
2017-06-03 03:00:00.000,2017,6,3,3,13003KT,13,10
2017-06-03 04:00:00.000,2017,6,3,4,04005KT,11,09
2017-06-03 05:00:00.000,2017,6,3,5,06005KT,13,10
2017-06-03 06:00:00.000,2017,6,3,6,06006KT,12,10
2017-06-03 07:00:00.000,2017,6,3,7,01004KT,11,09
2017-06-03 08:00:00.000,2017,6,3,8,05006KT,10,08
2017-06-03 09:00:00.000,2017,6,3,9,07004KT,10,09
2017-06-03 10:00:00.000,2017,6,3,10,04008KT,10,08
2017-06-03 11:00:00.000,2017,6,3,11,04008KT,11,09
2017-06-03 12:00:00.000,2017,6,3,12,05008KT,13,09
2017-06-03 13:00:00.000,2017,6,3,13,06007KT,16,10
2017-06-03 14:00:00.000,2017,6,3,14,08010KT,18,09
2017-06-03 15:00:00.000,2017,6,3,15,11010KT,19,08
2017-06-03 16:00:00.000,2017,6,3,16,14010KT,19,08
2017-06-03 17:00:00.000,2017,6,3,17,13010KT,20,08
2017-06-03 18:00:00.000,2017,6,3,18,13010KT,20,09
2017-06-03 19:00:00.000,2017,6,3,19,10010KT,20,09
2017-06-03 20:00:00.000,2017,6,3,20,11010KT,20,09
2017-06-03 21:00:00.000,2017,6,3,21,13010KT,20,09
2017-06-03 22:00:00.000,2017,6,3,22,12010KT,19,09
2017-06-03 23:00:00.000,2017,6,3,23,16010KT,16,11
2017-06-04 00:00:00.000,2017,6,4,0,07007KT,14,10
2017-06-04 01:00:00.000,2017,6,4,1,10010KT,15,09
2017-06-04 02:00:00.000,2017,6,4,2,05005KT,15,10
2017-06-04 03:00:00.000,2017,6,4,3,VRB02KT,13,10
2017-06-04 04:00:00.000,2017,6,4,4,05006KT,14,10
2017-06-04 05:00:00.000,2017,6,4,5,04006KT,13,10
2017-06-04 06:00:00.000,2017,6,4,6,05009KT,13,10
2017-06-04 07:00:00.000,2017,6,4,7,05008KT,12,10
2017-06-04 08:00:00.000,2017,6,4,8,05008KT,12,10
2017-06-04 09:00:00.000,2017,6,4,9,06006KT,12,10
2017-06-04 10:00:00.000,2017,6,4,10,01005KT,12,10
2017-06-04 11:00:00.000,2017,6,4,11,07007KT,12,10
2017-06-04 12:00:00.000,2017,6,4,12,05007KT,13,11
2017-06-04 13:00:00.000,2017,6,4,13,05008KT,14,11
2017-06-04 14:00:00.000,2017,6,4,14,06007KT,15,11
2017-06-04 15:00:00.000,2017,6,4,15,13012KT,18,10
2017-06-04 16:00:00.000,2017,6,4,16,14007KT,18,08
2017-06-04 17:00:00.000,2017,6,4,17,04010KT,16,12
2017-06-04 18:00:00.000,2017,6,4,18,VRB02KT,15,11
2017-06-04 19:00:00.000,2017,6,4,19,18010KT,18,10
2017-06-04 20:00:00.000,2017,6,4,20,08007KT,18,11
2017-06-04 21:00:00.000,2017,6,4,21,06011KT,17,10
2017-06-04 22:00:00.000,2017,6,4,22,11013KT,17,10
2017-06-04 23:00:00.000,2017,6,4,23,14010KT,15,09
2017-06-05 00:00:00.000,2017,6,5,0,10008KT,15,10
2017-06-05 01:00:00.000,2017,6,5,1,16010KT,15,10
2017-06-05 02:00:00.000,2017,6,5,2,13008KT,15,10
2017-06-05 03:00:00.000,2017,6,5,3,08008KT,14,10
2017-06-05 04:00:00.000,2017,6,5,4,06006KT,13,10
2017-06-05 05:00:00.000,2017,6,5,5,05005KT,13,10
2017-06-05 06:00:00.000,2017,6,5,6,04005KT,12,10
2017-06-05 07:00:00.000,2017,6,5,7,10004KT,12,10
2017-06-05 08:00:00.000,2017,6,5,8,13006KT,12,10
2017-06-05 09:00:00.000,2017,6,5,9,11008KT,13,08
2017-06-05 10:00:00.000,2017,6,5,10,12007KT,13,08
2017-06-05 11:00:00.000,2017,6,5,11,12005KT,13,08
2017-06-05 12:00:00.000,2017,6,5,12,12004KT,14,08
2017-06-05 13:00:00.000,2017,6,5,13,13009KT,16,08
2017-06-05 14:00:00.000,2017,6,5,14,12009KT,18,09
2017-06-05 15:00:00.000,2017,6,5,15,18012KT,19,07
2017-06-05 16:00:00.000,2017,6,5,16,15012KT,18,08
2017-06-05 17:00:00.000,2017,6,5,17,15012KT,18,08
2017-06-05 18:00:00.000,2017,6,5,18,16008KT,17,07
2017-06-05 19:00:00.000,2017,6,5,19,17011KT,17,07
2017-06-05 20:00:00.000,2017,6,5,20,17010KT,19,07
2017-06-05 21:00:00.000,2017,6,5,21,VRB10KT,18,07
2017-06-05 22:00:00.000,2017,6,5,22,16010KT,18,06
2017-06-05 23:00:00.000,2017,6,5,23,11004KT,16,07
2017-06-06 00:00:00.000,2017,6,6,0,15006KT,14,07
2017-06-06 01:00:00.000,2017,6,6,1,VRB02KT,13,07
2017-06-06 02:00:00.000,2017,6,6,2,VRB02KT,12,08
2017-06-06 03:00:00.000,2017,6,6,3,VRB02KT,10,08
2017-06-06 04:00:00.000,2017,6,6,4,VRB02KT,12,09
2017-06-06 05:00:00.000,2017,6,6,5,35003KT,10,08
2017-06-06 06:00:00.000,2017,6,6,6,VRB02KT,09,07
2017-06-06 07:00:00.000,2017,6,6,7,VRB02KT,09,08
2017-06-06 08:00:00.000,2017,6,6,8,05004KT,10,08
2017-06-06 09:00:00.000,2017,6,6,9,VRB02KT,10,08
2017-06-06 10:00:00.000,2017,6,6,10,03004KT,09,08
2017-06-06 10:30:00.000,2017,6,6,10,04004KT,09,08
2017-06-06 11:00:00.000,2017,6,6,11,VRB02KT,09,08
2017-06-06 12:00:00.000,2017,6,6,12,VRB02KT,12,10
2017-06-06 13:00:00.000,2017,6,6,13,04005KT,13,10
2017-06-06 14:00:00.000,2017,6,6,14,06003KT,16,10
2017-06-06 15:00:00.000,2017,6,6,15,12005KT,18,10
2017-06-06 16:00:00.000,2017,6,6,16,12010KT,19,09
2017-06-06 17:00:00.000,2017,6,6,17,13012KT,20,09
2017-06-06 18:00:00.000,2017,6,6,18,13010KT,19,07
2017-06-06 19:00:00.000,2017,6,6,19,13010KT,19,10
2017-06-06 20:00:00.000,2017,6,6,20,28008KT,19,09
2017-06-06 21:00:00.000,2017,6,6,21,34006KT,20,09
2017-06-06 22:00:00.000,2017,6,6,22,22008KT,18,12
2017-06-06 23:00:00.000,2017,6,6,23,24008KT,16,11
2017-06-07 00:00:00.000,2017,6,7,0,VRB02KT,14,10
2017-06-07 01:00:00.000,2017,6,7,1,VRB02KT,13,11
2017-06-07 02:00:00.000,2017,6,7,2,34004KT,12,10
2017-06-07 03:00:00.000,2017,6,7,3,29005KT,14,10
2017-06-07 04:00:00.000,2017,6,7,4,VRB02KT,13,10
2017-06-07 05:00:00.000,2017,6,7,5,VRB02KT,12,11
2017-06-07 06:00:00.000,2017,6,7,6,22004KT,13,11
2017-06-07 07:00:00.000,2017,6,7,7,VRB02KT,12,11
2017-06-07 08:00:00.000,2017,6,7,8,VRB02KT,12,10
2017-06-07 09:00:00.000,2017,6,7,9,VRB01KT,12,11
2017-06-07 10:00:00.000,2017,6,7,10,VRB01KT,12,11
2017-06-07 10:30:00.000,2017,6,7,10,34003KT,12,11
2017-06-07 11:00:00.000,2017,6,7,11,28004KT,12,11
2017-06-07 11:27:00.000,2017,6,7,11,30003KT,12,11
2017-06-07 12:00:00.000,2017,6,7,12,VRB02KT,12,11
2017-06-07 13:00:00.000,2017,6,7,13,VRB02KT,12,11
2017-06-07 14:00:00.000,2017,6,7,14,VRB02KT,13,12
2017-06-07 14:28:00.000,2017,6,7,14,18004KT,15,11
2017-06-07 15:00:00.000,2017,6,7,15,20003KT,15,12
2017-06-07 16:00:00.000,2017,6,7,16,VRB02KT,16,11
2017-06-07 17:00:00.000,2017,6,7,17,14008KT,15,12
2017-06-07 18:00:00.000,2017,6,7,18,14004KT,17,12
2017-06-07 19:00:00.000,2017,6,7,19,33004KT,16,10
2017-06-07 20:00:00.000,2017,6,7,20,05004KT,18,10
2017-06-07 21:00:00.000,2017,6,7,21,12006KT,18,10
2017-06-07 22:00:00.000,2017,6,7,22,07006KT,17,10
2017-06-07 23:00:00.000,2017,6,7,23,03006KT,16,10
2017-06-08 00:00:00.000,2017,6,8,0,31004KT,14,10
2017-06-08 01:00:00.000,2017,6,8,1,23003KT,13,12
2017-06-08 02:00:00.000,2017,6,8,2,VRB02KT,13,11
2017-06-08 02:25:00.000,2017,6,8,2,00000KT,12,10
2017-06-08 03:00:00.000,2017,6,8,3,00000KT,12,10
2017-06-08 04:00:00.000,2017,6,8,4,35003KT,11,10
2017-06-08 05:00:00.000,2017,6,8,5,34003KT,10,09
2017-06-08 06:00:00.000,2017,6,8,6,29003KT,11,11
2017-06-08 06:17:00.000,2017,6,8,6,00000KT,10,09
2017-06-08 06:35:00.000,2017,6,8,6,00000KT,11,10
2017-06-08 07:00:00.000,2017,6,8,7,VRB02KT,11,10
2017-06-08 08:00:00.000,2017,6,8,8,VRB02KT,09,09
2017-06-08 09:00:00.000,2017,6,8,9,VRB02KT,10,10
2017-06-08 10:00:00.000,2017,6,8,10,31003KT,10,09
2017-06-08 10:30:00.000,2017,6,8,10,VRB02KT,09,09
2017-06-08 11:00:00.000,2017,6,8,11,27003KT,08,08
2017-06-08 12:00:00.000,2017,6,8,12,32003KT,10,10
2017-06-08 13:00:00.000,2017,6,8,13,VRB02KT,11,11
2017-06-08 14:00:00.000,2017,6,8,14,34004KT,13,12
2017-06-08 15:00:00.000,2017,6,8,15,03004KT,16,11
2017-06-08 16:00:00.000,2017,6,8,16,30004KT,18,11
2017-06-08 17:00:00.000,2017,6,8,17,35004KT,19,10
2017-06-08 17:40:00.000,2017,6,8,17,16004KT,17,09
2017-06-08 18:00:00.000,2017,6,8,18,20011KT,16,13
2017-06-08 18:22:00.000,2017,6,8,18,240006KT,14,10
2017-06-08 19:00:00.000,2017,6,8,19,26005KT,15,13
2017-06-08 20:00:00.000,2017,6,8,20,31007KT,15,13
2017-06-08 21:00:00.000,2017,6,8,21,03004KT,15,12
2017-06-08 22:00:00.000,2017,6,8,22,03008KT,14,11
2017-06-08 23:00:00.000,2017,6,8,23,04004KT,13,11
2017-06-09 00:00:00.000,2017,6,9,0,04003KT,13,11
2017-06-09 01:00:00.000,2017,6,9,1,03003KT,13,11
2017-06-09 02:00:00.000,2017,6,9,2,VRTB02KT,13,11
2017-06-09 03:00:00.000,2017,6,9,3,VRB02KT,12,11
2017-06-09 04:00:00.000,2017,6,9,4,VRB02KT,12,11
2017-06-09 05:00:00.000,2017,6,9,5,VRB02KT,12,11
2017-06-09 06:00:00.000,2017,6,9,6,VRB02KT,11,11
2017-06-09 07:00:00.000,2017,6,9,7,VRB02KT,11,10
2017-06-09 08:00:00.000,2017,6,9,8,VRB02KT,10,09
2017-06-09 09:00:00.000,2017,6,9,9,VRB02KT,10,09
2017-06-09 10:00:00.000,2017,6,9,10,35003KT,10,10
2017-06-09 10:30:00.000,2017,6,9,10,VRB02KT,10,09
2017-06-09 11:00:00.000,2017,6,9,11,00000KT,09,09
2017-06-09 11:40:00.000,2017,6,9,11,03003KT,10,09
2017-06-09 12:00:00.000,2017,6,9,12,02004KT,11,10
2017-06-09 12:15:00.000,2017,6,9,12,02004KT,11,10
2017-06-09 12:25:00.000,2017,6,9,12,05004KT,12,11
2017-06-09 13:00:00.000,2017,6,9,13,05006KT,12,11
2017-06-09 13:15:00.000,2017,6,9,13,04004KT,14,13
2017-06-09 14:00:00.000,2017,6,9,14,05005KT,16,12
2017-06-09 15:00:00.000,2017,6,9,15,35003KT,18,13
2017-06-09 16:00:00.000,2017,6,9,16,04006KT,18,10
2017-06-09 16:30:00.000,2017,6,9,16,06006KT,20,10
2017-06-09 17:00:00.000,2017,6,9,17,VRB05KT,20,10
2017-06-09 18:00:00.000,2017,6,9,18,25010KT,17,12
2017-06-09 19:00:00.000,2017,6,9,19,30010KT,17,13
2017-06-09 19:07:00.000,2017,6,9,19,29009KT,17,12
2017-06-09 20:00:00.000,2017,6,9,20,25010KT,16,13
2017-06-09 21:00:00.000,2017,6,9,21,24006KT,16,12
2017-06-09 22:00:00.000,2017,6,9,22,21004KT,16,12
2017-06-09 23:00:00.000,2017,6,9,23,24005KT,15,12
2017-06-10 00:00:00.000,2017,6,10,0,24004KT,15,12
2017-06-10 00:20:00.000,2017,6,10,0,31004KT,14,12
2017-06-10 01:00:00.000,2017,6,10,1,VRB02KT,14,12
2017-06-10 02:00:00.000,2017,6,10,2,VRB02KT,14,13
2017-06-10 03:00:00.000,2017,6,10,3,09003KT,14,13
2017-06-10 04:00:00.000,2017,6,10,4,VRB02KT,13,12
2017-06-10 05:00:00.000,2017,6,10,5,03004KT,13,11
2017-06-10 06:00:00.000,2017,6,10,6,28004KT,13,10
2017-06-10 07:00:00.000,2017,6,10,7,08004KT,12,09
2017-06-10 08:00:00.000,2017,6,10,8,05007KT,12,09
2017-06-10 09:00:00.000,2017,6,10,9,08003KT,12,10
2017-06-10 10:00:00.000,2017,6,10,10,07004KT,12,10
2017-06-10 10:30:00.000,2017,6,10,10,05005KT,12,10
2017-06-10 11:00:00.000,2017,6,10,11,05006KT,12,11
2017-06-10 12:00:00.000,2017,6,10,12,02006KT,13,11
2017-06-10 13:00:00.000,2017,6,10,13,04004KT,14,10
2017-06-10 14:00:00.000,2017,6,10,14,05003KT,16,10
2017-06-10 15:00:00.000,2017,6,10,15,07005KT,16,09
2017-06-10 16:00:00.000,2017,6,10,16,20011KT,18,10
2017-06-10 17:00:00.000,2017,6,10,17,07007KT,20,09
2017-06-10 18:00:00.000,2017,6,10,18,14005KT,20,08
2017-06-10 19:00:00.000,2017,6,10,19,14011KT,19,10
2017-06-10 20:00:00.000,2017,6,10,20,11010KT,19,09
2017-06-10 21:00:00.000,2017,6,10,21,17010KT,19,09
2017-06-10 22:00:00.000,2017,6,10,22,16010KT,18,09
2017-06-10 23:00:00.000,2017,6,10,23,08003KT,16,09
2017-06-11 00:00:00.000,2017,6,11,0,20006KT,16,09
2017-06-11 01:00:00.000,2017,6,11,1,16007KT,15,09
2017-06-11 02:00:00.000,2017,6,11,2,20006KT,14,09
2017-06-11 03:00:00.000,2017,6,11,3,VRB02KT,12,10
2017-06-11 04:00:00.000,2017,6,11,4,03004KT,11,09
2017-06-11 05:00:00.000,2017,6,11,5,01003KT,10,08
2017-06-11 06:00:00.000,2017,6,11,6,07004KT,11,10
2017-06-11 07:00:00.000,2017,6,11,7,05003KT,11,09
2017-06-11 08:00:00.000,2017,6,11,8,32003KT,11,09
2017-06-11 09:00:00.000,2017,6,11,9,VRB02KT,11,09
2017-06-11 10:00:00.000,2017,6,11,10,03004KT,11,10
2017-06-11 10:30:00.000,2017,6,11,10,02005KT,12,10
2017-06-11 11:00:00.000,2017,6,11,11,VRB02KT,12,10
2017-06-11 12:00:00.000,2017,6,11,12,29004KT,12,11
2017-06-11 13:00:00.000,2017,6,11,13,04003KT,14,11
2017-06-11 14:00:00.000,2017,6,11,14,04006KT,16,11
2017-06-11 15:00:00.000,2017,6,11,15,36004KT,17,11
2017-06-11 16:00:00.000,2017,6,11,16,31005KT,18,11
2017-06-11 17:00:00.000,2017,6,11,17,07006KT,20,11
2017-06-11 17:25:00.000,2017,6,11,17,13010KT,19,10
2017-06-11 18:00:00.000,2017,6,11,18,08010KT,17,11
2017-06-11 19:00:00.000,2017,6,11,19,33004KT,16,12
2017-06-11 20:00:00.000,2017,6,11,20,29010KT,19,12
2017-06-11 20:05:00.000,2017,6,11,20,30010KT,19,11
2017-06-11 21:00:00.000,2017,6,11,21,29010KT,20,10
2017-06-11 21:17:00.000,2017,6,11,21,30010KT,18,10
2017-06-11 22:00:00.000,2017,6,11,22,17008KT,15,13
2017-06-11 23:00:00.000,2017,6,11,23,12003KT,15,13
2017-06-12 00:00:00.000,2017,6,12,0,15005KT,14,12
2017-06-12 01:00:00.000,2017,6,12,1,33005KT,13,12
2017-06-12 02:00:00.000,2017,6,12,2,VRB02KT,13,12
2017-06-12 03:00:00.000,2017,6,12,3,VRB02KT,13,12
2017-06-12 04:00:00.000,2017,6,12,4,05004KT,13,12
2017-06-12 05:00:00.000,2017,6,12,5,04006KT,13,12
2017-06-12 06:00:00.000,2017,6,12,6,03004KT,12,11
2017-06-12 07:00:00.000,2017,6,12,7,VRB02KT,12,11
2017-06-12 08:00:00.000,2017,6,12,8,03003KT,12,11
2017-06-12 09:00:00.000,2017,6,12,9,01003KT,12,11
2017-06-12 10:00:00.000,2017,6,12,10,26007KT,12,11
2017-06-12 11:00:00.000,2017,6,12,11,26005KT,12,11
2017-06-12 11:20:00.000,2017,6,12,11,28004KT,12,11
2017-06-12 12:00:00.000,2017,6,12,12,29004KT,12,11
2017-06-12 13:00:00.000,2017,6,12,13,VRB02KT,12,11
2017-06-12 14:00:00.000,2017,6,12,14,11004KT,13,12
2017-06-12 15:00:00.000,2017,6,12,15,VRB03KT,16,11
2017-06-12 16:00:00.000,2017,6,12,16,30004KT,17,10
2017-06-12 17:00:00.000,2017,6,12,17,34004KT,18,11
2017-06-12 18:00:00.000,2017,6,12,18,27006KT,19,11
2017-06-12 19:00:00.000,2017,6,12,19,VRB02KT,15,12
2017-06-12 20:00:00.000,2017,6,12,20,33004KT,14,12
2017-06-12 20:15:00.000,2017,6,12,20,32005KT,15,12
2017-06-12 21:00:00.000,2017,6,12,21,33004KT,14,12
2017-06-12 22:00:00.000,2017,6,12,22,30003KT,13,12
2017-06-12 23:00:00.000,2017,6,12,23,VRB02KT,13,12
2017-06-12 23:10:00.000,2017,6,12,23,00000KT,13,12
2017-06-13 00:00:00.000,2017,6,13,0,VRB02KT,13,12
2017-06-13 01:00:00.000,2017,6,13,1,VRB02KT,14,11
2017-06-13 02:00:00.000,2017,6,13,2,03003KT,14,11
2017-06-13 03:00:00.000,2017,6,13,3,05003KT,14,11
2017-06-13 04:00:00.000,2017,6,13,4,VRB02KT,13,12
2017-06-13 05:00:00.000,2017,6,13,5,VRB02KT,12,12
2017-06-13 06:00:00.000,2017,6,13,6,00000KT,12,11
2017-06-13 07:00:00.000,2017,6,13,7,00000KT,12,12
2017-06-13 08:00:00.000,2017,6,13,8,VRB02KT,12,12
2017-06-13 09:00:00.000,2017,6,13,9,10003KT,12,12
2017-06-13 10:00:00.000,2017,6,13,10,VRB02KT,12,11
2017-06-13 10:30:00.000,2017,6,13,10,34003KT,11,11
2017-06-13 11:00:00.000,2017,6,13,11,35003KT,11,11
2017-06-13 12:00:00.000,2017,6,13,12,02003KT,11,10
2017-06-13 13:00:00.000,2017,6,13,13,02003KT,12,11
2017-06-13 14:00:00.000,2017,6,13,14,04003KT,13,11
2017-06-13 14:18:00.000,2017,6,13,14,07006KT,15,11
2017-06-13 15:00:00.000,2017,6,13,15,04004KT,16,10
2017-06-13 16:00:00.000,2017,6,13,16,05005KT,17,10
2017-06-13 17:00:00.000,2017,6,13,17,06004KT,19,09
2017-06-13 18:00:00.000,2017,6,13,18,04008KT,20,10
2017-06-13 19:00:00.000,2017,6,13,19,02006KT,18,10
2017-06-13 20:00:00.000,2017,6,13,20,24008KT,17,11
2017-06-13 21:00:00.000,2017,6,13,21,23007KT,17,12
2017-06-13 22:00:00.000,2017,6,13,22,VRB02KT,17,11
2017-06-13 23:00:00.000,2017,6,13,23,VRB02KT,16,12
2017-06-14 00:00:00.000,2017,6,14,0,35003KT,15,12
2017-06-14 01:00:00.000,2017,6,14,1,VRB02KT,14,11
2017-06-14 02:00:00.000,2017,6,14,2,03003KT,14,11
2017-06-14 03:00:00.000,2017,6,14,3,05003KT,14,11
2017-06-14 04:00:00.000,2017,6,14,4,03004KT,13,11
2017-06-14 05:00:00.000,2017,6,14,5,03003KT,13,11
2017-06-14 06:00:00.000,2017,6,14,6,05004KT,13,11
2017-06-14 07:00:00.000,2017,6,14,7,04003T,12,11
2017-06-14 08:00:00.000,2017,6,14,8,03004KT,13,11
2017-06-14 09:00:00.000,2017,6,14,9,VRB02KT,12,11
2017-06-14 10:00:00.000,2017,6,14,10,VRB02KT,13,11
2017-06-14 11:00:00.000,2017,6,14,11,36005KT,12,10
2017-06-14 12:00:00.000,2017,6,14,12,06003KT,13,11
2017-06-14 13:00:00.000,2017,6,14,13,07005KT,15,11
2017-06-14 14:00:00.000,2017,6,14,14,16006KT,15,10
2017-06-14 15:00:00.000,2017,6,14,15,01003KT,16,10
2017-06-14 16:00:00.000,2017,6,14,16,10003KT,17,09
2017-06-14 17:00:00.000,2017,6,14,17,04005KT,18,09
2017-06-14 18:00:00.000,2017,6,14,18,12008KT,18,09
2017-06-14 19:00:00.000,2017,6,14,19,13009KT,18,10
2017-06-14 20:00:00.000,2017,6,14,20,01008KT,18,12
2017-06-14 21:00:00.000,2017,6,14,21,33004KT,18,10
2017-06-14 22:00:00.000,2017,6,14,22,26012KT,17,12
2017-06-14 23:00:00.000,2017,6,14,23,30004KT,16,11
2017-06-15 00:00:00.000,2017,6,15,0,VRB02KT,14,10
2017-06-15 01:00:00.000,2017,6,15,1,VRB02KT,13,10
2017-06-15 02:00:00.000,2017,6,15,2,03003KT,12,10
2017-06-15 03:00:00.000,2017,6,15,3,VRB02KT,12,10
2017-06-15 04:00:00.000,2017,6,15,4,VRB02KT,12,11
2017-06-15 05:00:00.000,2017,6,15,5,02003KT,12,10
2017-06-15 06:00:00.000,2017,6,15,6,02004KT,12,10
2017-06-15 07:00:00.000,2017,6,15,7,04004KT,11,10
2017-06-15 08:00:00.000,2017,6,15,8,05004KT,12,10
2017-06-15 09:00:00.000,2017,6,15,9,01003KT,12,10
2017-06-15 10:00:00.000,2017,6,15,10,03003KT,12,10
2017-06-15 11:00:00.000,2017,6,15,11,02003KT,11,09
2017-06-15 12:00:00.000,2017,6,15,12,VRB02KT,12,10
2017-06-15 13:00:00.000,2017,6,15,13,03003KT,15,10
2017-06-15 14:00:00.000,2017,6,15,14,25005KT,14,09
2017-06-15 15:00:00.000,2017,6,15,15,36004KT,14,10
2017-06-15 16:00:00.000,2017,6,15,16,32004KT,14,12
2017-06-15 17:00:00.000,2017,6,15,17,VRB02KT,15,13
2017-06-15 18:00:00.000,2017,6,15,18,14008KT,16,11
2017-06-15 19:00:00.000,2017,6,15,19,14012KT,17,10
2017-06-15 20:00:00.000,2017,6,15,20,15010KT,17,09
2017-06-15 21:00:00.000,2017,6,15,21,03008KT,16,11
2017-06-15 22:00:00.000,2017,6,15,22,05007KT,15,11
2017-06-15 23:00:00.000,2017,6,15,23,35004KT,14,11
2017-06-16 00:00:00.000,2017,6,16,0,27004KT,13,11
2017-06-16 01:00:00.000,2017,6,16,1,25003KT,13,10
2017-06-16 02:00:00.000,2017,6,16,2,VRB02KT,12,10
2017-06-16 03:00:00.000,2017,6,16,3,02003KT,11,10
2017-06-16 04:00:00.000,2017,6,16,4,07005KT,11,10
2017-06-16 05:00:00.000,2017,6,16,5,02004KT,11,09
2017-06-16 06:00:00.000,2017,6,16,6,VRB02KT,11,09
2017-06-16 07:00:00.000,2017,6,16,7,040004KT,11,09
2017-06-16 08:00:00.000,2017,6,16,8,34003KT,11,09
2017-06-16 09:00:00.000,2017,6,16,9,34005KT,11,09
2017-06-16 10:00:00.000,2017,6,16,10,05007KT,10,08
2017-06-16 11:00:00.000,2017,6,16,11,04007KT,10,09
2017-06-16 12:00:00.000,2017,6,16,12,07004KT,12,09
2017-06-16 13:00:00.000,2017,6,16,13,04005KT,15,10
2017-06-16 14:00:00.000,2017,6,16,14,10005KT,17,09
2017-06-16 15:00:00.000,2017,6,16,15,16006KT,17,08
2017-06-16 16:00:00.000,2017,6,16,16,33004KT,18,07
2017-06-16 17:00:00.000,2017,6,16,17,16008KT,20,08
2017-06-16 18:00:00.000,2017,6,16,18,17009KT,19,08
2017-06-16 19:00:00.000,2017,6,16,19,15012KT,20,08
2017-06-16 20:00:00.000,2017,6,16,20,15006KT,19,07
2017-06-16 21:00:00.000,2017,6,16,21,19009KT,19,06
2017-06-16 22:00:00.000,2017,6,16,22,30006KT,16,11
2017-06-16 23:00:00.000,2017,6,16,23,30006KT,15,09
2017-06-17 00:00:00.000,2017,6,17,0,35003KT,13,09
2017-06-17 01:00:00.000,2017,6,17,1,36003KT,12,10
2017-06-17 02:00:00.000,2017,6,17,2,01003KT,11,09
2017-06-17 03:00:00.000,2017,6,17,3,33004KT,11,10
2017-06-17 04:00:00.000,2017,6,17,4,VRB02KT,10,08
2017-06-17 05:00:00.000,2017,6,17,5,36003KT,09,08
2017-06-17 06:00:00.000,2017,6,17,6,VRB02KT,09,08
2017-06-17 07:00:00.000,2017,6,17,7,29003KT,09,08
2017-06-17 08:00:00.000,2017,6,17,8,00000KT,09,08
2017-06-17 09:00:00.000,2017,6,17,9,03003KT,10,09
2017-06-17 10:00:00.000,2017,6,17,10,09003KT,10,10
2017-06-17 10:30:00.000,2017,6,17,10,01003KT,10,09
2017-06-17 11:00:00.000,2017,6,17,11,01004KT,10,09
2017-06-17 12:00:00.000,2017,6,17,12,VRB02KT,10,09
2017-06-17 12:30:00.000,2017,6,17,12,VRB02KT,12,10
2017-06-17 13:00:00.000,2017,6,17,13,VRB02KT,14,11
2017-06-17 13:30:00.000,2017,6,17,13,05005KT,14,11
2017-06-17 14:00:00.000,2017,6,17,14,04006KT,13,10
2017-06-17 15:00:00.000,2017,6,17,15,02003KT,16,10
2017-06-17 16:00:00.000,2017,6,17,16,02004KT,17,09
2017-06-17 17:00:00.000,2017,6,17,17,03006KT,17,08
2017-06-17 18:00:00.000,2017,6,17,18,03008KT,17,10
2017-06-17 19:00:00.000,2017,6,17,19,VRB02KT,18,07
2017-06-17 20:00:00.000,2017,6,17,20,04005KT,18,09
2017-06-17 21:00:00.000,2017,6,17,21,23010KT,16,12
2017-06-17 22:00:00.000,2017,6,17,22,25010KT,15,12
2017-06-17 23:00:00.000,2017,6,17,23,270040T,15,11
2017-06-18 00:00:00.000,2017,6,18,0,35004KT,14,12
2017-06-18 01:00:00.000,2017,6,18,1,VRB02KT,13,12
2017-06-18 02:00:00.000,2017,6,18,2,VRB02KT,12,11
2017-06-18 03:00:00.000,2017,6,18,3,VRB02KT,12,11
2017-06-18 04:00:00.000,2017,6,18,4,VRB02KT,11,11
2017-06-18 05:00:00.000,2017,6,18,5,VRB02KT,11,10
2017-06-18 06:00:00.000,2017,6,18,6,VRB02KT,11,11
2017-06-18 07:00:00.000,2017,6,18,7,VRB02KT,11,10
2017-06-18 08:00:00.000,2017,6,18,8,VRB02KT,11,11
2017-06-18 09:00:00.000,2017,6,18,9,31008KT,12,11
2017-06-18 10:00:00.000,2017,6,18,10,VRB02KT,12,11
2017-06-18 11:00:00.000,2017,6,18,11,34004KT,12,11
2017-06-18 12:00:00.000,2017,6,18,12,VRB02KT,12,11
2017-06-18 13:00:00.000,2017,6,18,13,35003KT,13,12
2017-06-18 14:00:00.000,2017,6,18,14,04004KT,16,12
2017-06-19 02:00:00.000,2017,6,19,2,31004KT,13,12
2017-06-19 03:00:00.000,2017,6,19,3,25003KT,13,12
2017-06-19 04:00:00.000,2017,6,19,4,VRB02KT,12,11
2017-06-19 05:00:00.000,2017,6,19,5,VRB02KT,12,11
2017-06-19 06:00:00.000,2017,6,19,6,VRB02KT,12,11
2017-06-19 07:00:00.000,2017,6,19,7,VRB02KT,12,11
2017-06-19 08:00:00.000,2017,6,19,8,VRB02KT,12,11
2017-06-19 09:00:00.000,2017,6,19,9,04004KT,12,11
2017-06-19 10:00:00.000,2017,6,19,10,05003KT,12,11
2017-06-19 11:00:00.000,2017,6,19,11,VRB02KT,11,10
2017-06-19 12:00:00.000,2017,6,19,12,VRB02KT,12,11
2017-06-19 13:00:00.000,2017,6,19,13,03004KT,13,11
2017-06-19 14:00:00.000,2017,6,19,14,04004KT,14,11
2017-06-19 15:00:00.000,2017,6,19,15,06008KT,16,11
2017-06-19 16:00:00.000,2017,6,19,16,05004KT,16,10
2017-06-19 17:00:00.000,2017,6,19,17,VRB02KT,19,09
2017-06-19 18:00:00.000,2017,6,19,18,03009KT,18,10
2017-06-19 19:00:00.000,2017,6,19,19,04009KT,17,10
2017-06-19 20:00:00.000,2017,6,19,20,24009KT,17,12
2017-06-19 21:00:00.000,2017,6,19,21,21006KT,16,12
2017-06-19 22:00:00.000,2017,6,19,22,26005KT,15,13
2017-06-19 23:00:00.000,2017,6,19,23,24005KT,16,12
2017-06-20 00:00:00.000,2017,6,20,0,VRB02KT,14,12
2017-06-20 01:00:00.000,2017,6,20,1,32004KT,13,11
2017-06-20 02:00:00.000,2017,6,20,2,VRB02KT,12,11
2017-06-20 03:00:00.000,2017,6,20,3,33004KT,13,10
2017-06-20 04:00:00.000,2017,6,20,4,VRB02KT,13,11
2017-06-20 05:00:00.000,2017,6,20,5,26003KT,13,10
2017-06-20 06:00:00.000,2017,6,20,6,02004KT,11,10
2017-06-20 07:00:00.000,2017,6,20,7,VRB02KT,12,10
2017-06-20 08:00:00.000,2017,6,20,8,VRB02KT,11,10
2017-06-20 09:00:00.000,2017,6,20,9,VRB02KT,12,10
2017-06-20 10:00:00.000,2017,6,20,10,VRB02KT,11,10
2017-06-20 11:00:00.000,2017,6,20,11,05004KT,11,10
2017-06-20 12:00:00.000,2017,6,20,12,05004KT,13,11
2017-06-20 13:00:00.000,2017,6,20,13,04005KT,14,11
2017-06-20 14:00:00.000,2017,6,20,14,05004KT,16,10
2017-06-20 15:00:00.000,2017,6,20,15,18006KT,16,09
2017-06-20 16:00:00.000,2017,6,20,16,03007KT,17,11
2017-06-20 17:00:00.000,2017,6,20,17,01003KT,18,09
2017-06-20 18:00:00.000,2017,6,20,18,05008KT,17,09
2017-06-20 19:00:00.000,2017,6,20,19,34005KT,18,10
2017-06-20 20:00:00.000,2017,6,20,20,01005KT,18,09
2017-06-20 21:00:00.000,2017,6,20,21,07004KT,19,09
2017-06-20 22:00:00.000,2017,6,20,22,24010KT,17,12
2017-06-20 23:00:00.000,2017,6,20,23,14010KT,15,12
2017-06-21 00:00:00.000,2017,6,21,0,06005KT,14,11
2017-06-21 01:00:00.000,2017,6,21,1,06007KT,13,11
2017-06-21 02:00:00.000,2017,6,21,2,04007KT,13,10
2017-06-21 03:00:00.000,2017,6,21,3,06006KT,12,10
2017-06-21 04:00:00.000,2017,6,21,4,06005KT,12,10
2017-06-21 05:00:00.000,2017,6,21,5,07007KT,12,10
2017-06-21 06:00:00.000,2017,6,21,6,05007KT,12,10
2017-06-21 07:00:00.000,2017,6,21,7,VRB02KT,12,10
2017-06-21 08:00:00.000,2017,6,21,8,04003KT,12,10
2017-06-21 09:00:00.000,2017,6,21,9,02003KT,11,10
2017-06-21 10:00:00.000,2017,6,21,10,03004KT,11,10
2017-06-21 11:00:00.000,2017,6,21,11,01003KT,11,10
2017-06-21 12:00:00.000,2017,6,21,12,VRB02KT,12,11
2017-06-21 13:00:00.000,2017,6,21,13,18005KT,14,09
2017-06-21 14:00:00.000,2017,6,21,14,12006KT,15,09
2017-06-21 15:00:00.000,2017,6,21,15,11004KT,16,09
2017-06-21 16:00:00.000,2017,6,21,16,15006KT,17,08
2017-06-21 17:00:00.000,2017,6,21,17,05004KT,17,10
2017-06-21 18:00:00.000,2017,6,21,18,15009KT,19,09
2017-06-21 19:00:00.000,2017,6,21,19,14009KT,19,09
2017-06-21 20:00:00.000,2017,6,21,20,11006KT,18,09
2017-06-21 21:00:00.000,2017,6,21,21,15005KT,20,08
2017-06-21 22:00:00.000,2017,6,21,22,27006KT,16,11
2017-06-21 23:00:00.000,2017,6,21,23,24005KT,15,10
2017-06-22 00:00:00.000,2017,6,22,0,30006KT,13,11
2017-06-22 01:00:00.000,2017,6,22,1,32004KT,12,10
2017-06-22 02:00:00.000,2017,6,22,2,28003KT,13,11
2017-06-22 03:00:00.000,2017,6,22,3,35003KT,14,11
2017-06-22 04:00:00.000,2017,6,22,4,32003KT,13,10
2017-06-22 05:00:00.000,2017,6,22,5,03004KT,12,11
2017-06-22 06:00:00.000,2017,6,22,6,03003KT,12,10
2017-06-22 07:00:00.000,2017,6,22,7,03003KT,12,10
2017-06-22 08:00:00.000,2017,6,22,8,04004KT,12,10
2017-06-22 09:00:00.000,2017,6,22,9,VRB02KT,10,09
2017-06-22 10:00:00.000,2017,6,22,10,35003KT,10,09
2017-06-22 11:00:00.000,2017,6,22,11,04004KT,10,09
2017-06-22 12:00:00.000,2017,6,22,12,05005KT,12,11
2017-06-22 13:00:00.000,2017,6,22,13,05004KT,13,10
2017-06-22 14:00:00.000,2017,6,22,14,02004KT,15,10
2017-06-22 15:00:00.000,2017,6,22,15,12004KT,16,09
2017-06-22 16:00:00.000,2017,6,22,16,06007KT,16,09
2017-06-22 17:00:00.000,2017,6,22,17,03008KT,18,10
2017-06-22 18:00:00.000,2017,6,22,18,06009KT,17,10
2017-06-22 19:00:00.000,2017,6,22,19,17007KT,16,12
2017-06-22 20:00:00.000,2017,6,22,20,14009KT,20,08
2017-06-22 21:00:00.000,2017,6,22,21,16009KT,20,08
2017-06-22 22:00:00.000,2017,6,22,22,22006KT,17,10
2017-06-22 23:00:00.000,2017,6,22,23,32007KT,15,12
2017-06-23 00:00:00.000,2017,6,23,0,32005KT,13,12
2017-06-23 01:00:00.000,2017,6,23,1,VRB02KT,13,11
2017-06-23 02:00:00.000,2017,6,23,2,33004KT,13,11
2017-06-23 03:00:00.000,2017,6,23,3,06006KT,13,11
2017-06-23 04:00:00.000,2017,6,23,4,01003KT,12,10
2017-06-23 05:00:00.000,2017,6,23,5,05003KT,12,11
2017-06-23 06:00:00.000,2017,6,23,6,VRB02KT,12,10
2017-06-23 07:00:00.000,2017,6,23,7,VRB02KT,12,10
2017-06-23 08:00:00.000,2017,6,23,8,VRB02KT,12,10
2017-06-23 09:00:00.000,2017,6,23,9,VRB02KT,12,10
2017-06-23 10:00:00.000,2017,6,23,10,VRN02KT,11,10
2017-06-23 11:00:00.000,2017,6,23,11,03003KT,11,10
2017-06-23 12:00:00.000,2017,6,23,12,05004KT,12,11
2017-06-23 13:00:00.000,2017,6,23,13,36006KT,14,11
2017-06-23 14:00:00.000,2017,6,23,14,07005KT,16,09
2017-06-23 15:00:00.000,2017,6,23,15,06008KT,17,11
2017-06-23 16:00:00.000,2017,6,23,16,10013KT,17,08
2017-06-23 17:00:00.000,2017,6,23,17,07011KT,19,09
2017-06-23 18:00:00.000,2017,6,23,18,08008KT,19,08
2017-06-23 19:00:00.000,2017,6,23,19,14009KT,19,08
2017-06-23 20:00:00.000,2017,6,23,20,08014KT,20,07
2017-06-23 21:00:00.000,2017,6,23,21,25009KT,18,11
2017-06-23 22:00:00.000,2017,6,23,22,27006KT,17,11
2017-06-23 23:00:00.000,2017,6,23,23,25005KT,16,11
2017-06-24 00:00:00.000,2017,6,24,0,28003KT,14,11
2017-06-24 01:00:00.000,2017,6,24,1,VRB02KT,12,10
2017-06-24 02:00:00.000,2017,6,24,2,VRB02KT,11,10
2017-06-24 03:00:00.000,2017,6,24,3,VRB02KT,12,10
2017-06-24 04:00:00.000,2017,6,24,4,VRB02KT,11,10
2017-06-24 05:00:00.000,2017,6,24,5,06003KT,11,11
2017-06-24 06:00:00.000,2017,6,24,6,VRB02KT,10,09
2017-06-24 07:00:00.000,2017,6,24,7,03006KT,10,09
2017-06-24 08:00:00.000,2017,6,24,8,03004KT,10,09
2017-06-24 09:00:00.000,2017,6,24,9,32004KT,10,09
2017-06-24 10:00:00.000,2017,6,24,10,03004KT,10,09
2017-06-24 11:00:00.000,2017,6,24,11,05007KT,10,09
2017-06-24 12:00:00.000,2017,6,24,12,06003KT,11,09
2017-06-24 13:00:00.000,2017,6,24,13,05007KT,13,10
2017-06-24 14:00:00.000,2017,6,24,14,06008KT,16,10
2017-06-24 15:00:00.000,2017,6,24,15,13010KT,18,08
2017-06-24 16:00:00.000,2017,6,24,16,10013KT,17,08
2017-06-24 17:00:00.000,2017,6,24,17,12012KT,17,06
2017-06-24 18:00:00.000,2017,6,24,18,14012KT,17,08
2017-06-24 19:00:00.000,2017,6,24,19,13012KT,18,08
2017-06-24 20:00:00.000,2017,6,24,20,10012KT,17,08
2017-06-24 21:00:00.000,2017,6,24,21,10010KT,18,09
2017-06-24 22:00:00.000,2017,6,24,22,12010KT,17,09
2017-06-25 00:00:00.000,2017,6,25,0,12012KT,15,09
2017-06-25 01:00:00.000,2017,6,25,1,14006KT,14,09
2017-06-25 02:00:00.000,2017,6,25,2,08004KT,14,09
2017-06-25 03:00:00.000,2017,6,25,3,05005KT,12,09
2017-06-25 04:00:00.000,2017,6,25,4,VRB02KT,11,09
2017-06-25 05:00:00.000,2017,6,25,5,VRB02KT,10,09
2017-06-25 06:00:00.000,2017,6,25,6,VRB02KT,09,08
2017-06-25 07:00:00.000,2017,6,25,7,60006KT,12,10
2017-06-25 08:00:00.000,2017,6,25,8,05004KT,11,09
2017-06-25 09:00:00.000,2017,6,25,9,06003KT,12,09
2017-06-25 10:00:00.000,2017,6,25,10,10004KT,12,09
2017-06-25 11:00:00.000,2017,6,25,11,34005KT,11,08
2017-06-25 12:00:00.000,2017,6,25,12,04004KT,12,10
2017-06-25 13:00:00.000,2017,6,25,13,09005KT,15,09
2017-06-25 14:00:00.000,2017,6,25,14,11004KT,15,09
2017-06-25 15:00:00.000,2017,6,25,15,17007KT,17,08
2017-06-25 16:00:00.000,2017,6,25,16,15012KT,18,08
2017-06-25 17:00:00.000,2017,6,25,17,17008KT,19,08
2017-06-25 18:00:00.000,2017,6,25,18,14010G21KT,19,07
2017-06-25 19:00:00.000,2017,6,25,19,14014KT,20,08
2017-06-25 20:00:00.000,2017,6,25,20,15012KT,20,07
2017-06-25 21:00:00.000,2017,6,25,21,17012KT,19,07
2017-06-25 22:00:00.000,2017,6,25,22,16011KT,18,08
2017-06-25 23:00:00.000,2017,6,25,23,15011KT,16,08
2017-06-26 00:00:00.000,2017,6,26,0,10005KT,15,07
2017-06-26 01:00:00.000,2017,6,26,1,09005KT,13,08
2017-06-26 02:00:00.000,2017,6,26,2,16004KT,14,08
2017-06-26 03:00:00.000,2017,6,26,3,VRB02KT,11,09
2017-06-26 04:00:00.000,2017,6,26,4,VRB02KT,11,09
2017-06-26 05:00:00.000,2017,6,26,5,VRB02KT,10,09
2017-06-26 06:00:00.000,2017,6,26,6,VRB02KT,09,08
2017-06-26 07:00:00.000,2017,6,26,7,VRB02KT,10,09
2017-06-26 08:00:00.000,2017,6,26,8,VRB02KT,10,09
2017-06-26 09:00:00.000,2017,6,26,9,28004KT,09,08
2017-06-26 10:00:00.000,2017,6,26,10,32003KT,09,08
2017-06-26 11:00:00.000,2017,6,26,11,VRB02KT,09,08
2017-06-26 12:00:00.000,2017,6,26,12,VRB02KT,11,10
2017-06-26 13:00:00.000,2017,6,26,13,VRB02KT,12,11
2017-06-26 14:00:00.000,2017,6,26,14,VRB02KT,14,10
2017-06-26 15:00:00.000,2017,6,26,15,VRB02KT,15,11
2017-06-26 16:00:00.000,2017,6,26,16,09004KT,17,10
2017-06-26 17:00:00.000,2017,6,26,17,15004KT,17,09
2017-06-26 18:00:00.000,2017,6,26,18,28007KT,18,12
2017-06-26 19:00:00.000,2017,6,26,19,18006KT,18,109
2017-06-26 20:00:00.000,2017,6,26,20,12006KT,19,08
2017-06-26 21:00:00.000,2017,6,26,21,25008KT,17,10
2017-06-26 22:00:00.000,2017,6,26,22,30008KT,15,12
2017-06-26 23:00:00.000,2017,6,26,23,33008KT,13,12
2017-06-27 00:00:00.000,2017,6,27,0,VRB02KT,13,11
2017-06-27 01:00:00.000,2017,6,27,1,34003KT,13,11
2017-06-27 02:00:00.000,2017,6,27,2,VRB02KT,13,12
2017-06-27 03:00:00.000,2017,6,27,3,03006KT,12,11
2017-06-27 04:00:00.000,2017,6,27,4,04007KT,12,11
2017-06-27 05:00:00.000,2017,6,27,5,04004KT,12,11
2017-06-27 06:00:00.000,2017,6,27,6,03003KT,11,10
2017-06-27 07:00:00.000,2017,6,27,7,VRB02KT,11,10
2017-06-27 08:00:00.000,2017,6,27,8,VRB02KT,11,10
2017-06-27 09:00:00.000,2017,6,27,9,VRB02KT,11,10
2017-06-27 10:00:00.000,2017,6,27,10,01003KT,11,10
2017-06-27 11:00:00.000,2017,6,27,11,33004KT,11,10
2017-06-27 12:00:00.000,2017,6,27,12,33003KT,11,10
2017-06-27 13:00:00.000,2017,6,27,13,00000KT,12,11
2017-06-27 14:00:00.000,2017,6,27,14,03004KT,14,10
2017-06-27 15:00:00.000,2017,6,27,15,03005KT,15,10
2017-06-27 16:00:00.000,2017,6,27,16,02005KT,16,11
2017-06-27 17:00:00.000,2017,6,27,17,05007KT,17,10
2017-06-27 18:00:00.000,2017,6,27,18,19010KT,17,11
2017-06-27 19:00:00.000,2017,6,27,19,23006KT,19,13
2017-06-27 20:00:00.000,2017,6,27,20,17007KT,19,10
2017-06-27 21:00:00.000,2017,6,27,21,19006KT,18,12
2017-06-27 22:00:00.000,2017,6,27,22,27008KT,18,12
2017-06-27 23:00:00.000,2017,6,27,23,24006KT,16,12
2017-06-28 00:00:00.000,2017,6,28,0,22005KT,15,11
2017-06-28 01:00:00.000,2017,6,28,1,VRB02KT,14,11
2017-06-28 02:00:00.000,2017,6,28,2,VRB02KT,13,11
2017-06-28 03:00:00.000,2017,6,28,3,VRB02KT,13,11
2017-06-28 04:00:00.000,2017,6,28,4,32003KT,12,11
2017-06-28 05:00:00.000,2017,6,28,5,VRB02KT,13,11
2017-06-28 06:00:00.000,2017,6,28,6,31005KT,12,11
2017-06-28 07:00:00.000,2017,6,28,7,VRB02KT,12,11
2017-06-28 08:00:00.000,2017,6,28,8,VRB02KT,12,10
2017-06-28 09:00:00.000,2017,6,28,9,VRB02KT,12,11
2017-06-28 10:00:00.000,2017,6,28,10,VRB02KT,11,10
2017-06-28 11:00:00.000,2017,6,28,11,VRB02KT,10,09
2017-06-28 12:00:00.000,2017,6,28,12,VRB02KT,12,12
2017-06-28 13:00:00.000,2017,6,28,13,02005KT,14,11
2017-06-28 14:00:00.000,2017,6,28,14,35004KT,15,10
2017-06-28 15:00:00.000,2017,6,28,15,05004KT,17,09
2017-06-28 16:00:00.000,2017,6,28,16,36006KT,19,09
2017-06-28 17:00:00.000,2017,6,28,17,VRB02KT,19,08
2017-06-28 18:00:00.000,2017,6,28,18,27012KT,18,12
2017-06-28 19:00:00.000,2017,6,28,19,26009KT,17,12
2017-06-28 20:00:00.000,2017,6,28,20,24012KT,18,11
2017-06-28 21:00:00.000,2017,6,28,21,28009KT,18,11
2017-06-28 22:00:00.000,2017,6,28,22,30005KT,18,12
2017-06-28 23:00:00.000,2017,6,28,23,28008KT,16,11
2017-06-29 00:00:00.000,2017,6,29,0,22003KT,15,12
2017-06-29 01:00:00.000,2017,6,29,1,35003KT,13,11
2017-06-29 02:00:00.000,2017,6,29,2,VRB02KT,13,12
2017-06-29 03:00:00.000,2017,6,29,3,32005KT,12,11
2017-06-29 04:00:00.000,2017,6,29,4,36003KT,11,10
2017-06-29 05:00:00.000,2017,6,29,5,06004KT,11,09
2017-06-29 06:00:00.000,2017,6,29,6,06005KT,10,08
2017-06-29 07:00:00.000,2017,6,29,7,05004KT,10,08
2017-06-29 08:00:00.000,2017,6,29,8,06004KT,10,09
2017-06-29 09:00:00.000,2017,6,29,9,05005KT,10,09
2017-06-29 10:00:00.000,2017,6,29,10,VRB02KT,10,09
2017-06-29 10:30:00.000,2017,6,29,10,02003KT,10,09
2017-06-29 11:00:00.000,2017,6,29,11,00000KT,10,09
2017-06-29 12:00:00.000,2017,6,29,12,VRB02KT,11,10
2017-06-29 13:00:00.000,2017,6,29,13,04004KT,14,10
2017-06-29 14:00:00.000,2017,6,29,14,VRB02KT,15,09
2017-06-29 15:00:00.000,2017,6,29,15,22004KT,18,08
2017-06-29 16:00:00.000,2017,6,29,16,VRB02KT,19,06
2017-06-29 17:00:00.000,2017,6,29,17,05006KT,18,08
2017-06-29 18:00:00.000,2017,6,29,18,26006KT,18,10
2017-06-29 19:00:00.000,2017,6,29,19,18008KT,18,08
2017-06-29 20:00:00.000,2017,6,29,20,06007KT,19,09
2017-06-29 21:00:00.000,2017,6,29,21,02003KT,18,07
2017-06-29 22:00:00.000,2017,6,29,22,08008KT,18,07
2017-06-29 23:00:00.000,2017,6,29,23,VRB03KT,16,08
2017-06-30 00:00:00.000,2017,6,30,0,22004KT,16,08
2017-06-30 01:00:00.000,2017,6,30,1,16008KT,15,08
2017-06-30 02:00:00.000,2017,6,30,2,12006KT,14,09
2017-06-30 03:00:00.000,2017,6,30,3,15008KT,13,08
2017-06-30 04:00:00.000,2017,6,30,4,13007KT,13,08
2017-06-30 05:00:00.000,2017,6,30,5,20004KT,14,08
2017-06-30 06:00:00.000,2017,6,30,6,11003KT,13,08
2017-06-30 07:00:00.000,2017,6,30,7,36003KT,11,09
2017-06-30 09:00:00.000,2017,6,30,9,03004KT,12,09
2017-06-30 10:00:00.000,2017,6,30,10,03004KT,11,10
2017-06-30 10:30:00.000,2017,6,30,10,33003KT,11,10
2017-06-30 11:00:00.000,2017,6,30,11,30003KT,11,10
2017-06-30 12:00:00.000,2017,6,30,12,24003KT,13,10
2017-06-30 13:00:00.000,2017,6,30,13,18005KT,14,09
2017-06-30 14:00:00.000,2017,6,30,14,VRB02KT,15,09
2017-06-30 15:00:00.000,2017,6,30,15,14008KT,17,11
2017-06-30 16:00:00.000,2017,6,30,16,14012KT,17,09
2017-06-30 17:00:00.000,2017,6,30,17,16015KT,19,09
2017-06-30 18:00:00.000,2017,6,30,18,20015KT,19,08
2017-06-30 19:00:00.000,2017,6,30,19,17016KT,20,08
2017-06-30 20:00:00.000,2017,6,30,20,16016KT,20,07
2017-06-30 21:00:00.000,2017,6,30,21,13012KT,20,07
2017-06-30 22:00:00.000,2017,6,30,22,15013KT,18,06
2017-06-30 23:00:00.000,2017,6,30,23,16008KT,16,07
2017-07-01 00:00:00.000,2017,7,1,0,11008KT,15,07
2017-07-01 01:00:00.000,2017,7,1,1,12007KT,15,07
2017-07-01 02:00:00.000,2017,7,1,2,11003KT,14,09
2017-07-01 03:00:00.000,2017,7,1,3,VRB02KT,14,09
2017-07-01 04:00:00.000,2017,7,1,4,13004KT,14,08
2017-07-01 05:00:00.000,2017,7,1,5,01003KT,13,09
2017-07-01 06:00:00.000,2017,7,1,6,VRB02KT,13,09
2017-07-01 07:00:00.000,2017,7,1,7,35003KT,12,10
2017-07-01 08:00:00.000,2017,7,1,8,03003KT,12,10
2017-07-01 09:00:00.000,2017,7,1,9,05004KT,11,10
2017-07-01 10:00:00.000,2017,7,1,10,05005KT,11,10
2017-07-01 11:00:00.000,2017,7,1,11,07004KT,10,09
2017-07-01 12:00:00.000,2017,7,1,12,28003KT,12,11
2017-07-01 13:00:00.000,2017,7,1,13,27003KT,16,12
2017-07-01 14:00:00.000,2017,7,1,14,14006KT,17,09
2017-07-01 15:00:00.000,2017,7,1,15,15010KT,17,09
2017-07-01 16:00:00.000,2017,7,1,16,16011KT,18,09
2017-07-01 17:00:00.000,2017,7,1,17,170120KT,18,09
2017-07-01 18:00:00.000,2017,7,1,18,16012KT,19,09
2017-07-01 19:00:00.000,2017,7,1,19,15010KT,19,09
2017-07-01 20:00:00.000,2017,7,1,20,14015KT,19,09
2017-07-01 21:00:00.000,2017,7,1,21,14010KT,18,08
2017-07-01 22:00:00.000,2017,7,1,22,15010KT,18,08
2017-07-01 23:00:00.000,2017,7,1,23,17010KT,17,08
2017-07-02 00:00:00.000,2017,7,2,0,17014KT,16,08
2017-07-02 01:00:00.000,2017,7,2,1,16010KT,14,10
2017-07-02 02:00:00.000,2017,7,2,2,14010KT,14,09
2017-07-02 03:00:00.000,2017,7,2,3,12006KT,14,09
2017-07-02 04:00:00.000,2017,7,2,4,13010KT,14,08
2017-07-02 05:00:00.000,2017,7,2,5,12006KT,14,08
2017-07-02 06:00:00.000,2017,7,2,6,1006KT,14,08
2017-07-02 07:00:00.000,2017,7,2,7,08005KT,13,08
2017-07-02 08:00:00.000,2017,7,2,8,07005KT,12,10
2017-07-02 09:00:00.000,2017,7,2,9,04006KT,11,09
2017-07-02 10:00:00.000,2017,7,2,10,07005KT,12,09
2017-07-02 10:30:00.000,2017,7,2,10,09004KT,12,09
2017-07-02 11:00:00.000,2017,7,2,11,06003KT,12,09
2017-07-02 12:00:00.000,2017,7,2,12,04003KT,13,10
2017-07-02 13:00:00.000,2017,7,2,13,06005KT,15,09
2017-07-02 14:00:00.000,2017,7,2,14,17010KT,16,09
2017-07-02 15:00:00.000,2017,7,2,15,18013KT,17,09
2017-07-02 16:00:00.000,2017,7,2,16,15014KT,19,08
2017-07-02 17:00:00.000,2017,7,2,17,18016KT,19,09
2017-07-02 18:00:00.000,2017,7,2,18,13018KT,19,09
2017-07-02 19:00:00.000,2017,7,2,19,12012KT,19,09
2017-07-02 20:00:00.000,2017,7,2,20,15016KT,18,08
2017-07-02 21:00:00.000,2017,7,2,21,14015KT,17,08
2017-07-02 22:00:00.000,2017,7,2,22,17012KT,16,08
2017-07-02 23:00:00.000,2017,7,2,23,14010KT,15,07
2017-07-03 00:00:00.000,2017,7,3,0,08006KT,15,08
2017-07-03 01:00:00.000,2017,7,3,1,10007KT,17,07
2017-07-03 02:00:00.000,2017,7,3,2,11004KT,13,08
2017-07-03 03:00:00.000,2017,7,3,3,08004KT,13,08
2017-07-03 04:00:00.000,2017,7,3,4,12005KT,13,08
2017-07-03 05:00:00.000,2017,7,3,5,11003KT,13,08
2017-07-03 06:00:00.000,2017,7,3,6,10004KT,13,08
2017-07-03 07:00:00.000,2017,7,3,7,08003KT,13,08
2017-07-03 08:00:00.000,2017,7,3,8,13006KT,13,08
2017-07-03 09:00:00.000,2017,7,3,9,04003KT,12,08
2017-07-03 10:00:00.000,2017,7,3,10,01004KT,10,08
2017-07-03 10:30:00.000,2017,7,3,10,08008KT,11,08
2017-07-03 11:00:00.000,2017,7,3,11,07008KT,11,08
2017-07-03 12:00:00.000,2017,7,3,12,08006KT,12,07
2017-07-03 12:35:00.000,2017,7,3,12,10007KT,14,08
2017-07-03 13:00:00.000,2017,7,3,13,10009KT,14,08
2017-07-03 14:00:00.000,2017,7,3,14,10008KT,16,08
2017-07-03 15:00:00.000,2017,7,3,15,17011KT,17,07
2017-07-03 16:00:00.000,2017,7,3,16,17013KT,17,07
2017-07-03 17:00:00.000,2017,7,3,17,14010KT,18,08
2017-07-03 18:00:00.000,2017,7,3,18,14010KT,20,08
2017-07-03 19:00:00.000,2017,7,3,19,17011KT,19,08
2017-07-03 20:00:00.000,2017,7,3,20,17015KT,17,08
2017-07-03 21:00:00.000,2017,7,3,21,14008KT,17,08
2017-07-03 22:00:00.000,2017,7,3,22,16010KT,16,07
2017-07-03 23:00:00.000,2017,7,3,23,07008KT,16,08
2017-07-04 00:00:00.000,2017,7,4,0,11009KT,15,08
2017-07-04 01:00:00.000,2017,7,4,1,08007KT,14,08
2017-07-04 02:00:00.000,2017,7,4,2,05006KT,14,09
2017-07-04 03:00:00.000,2017,7,4,3,06008KT,14,09
2017-07-04 04:00:00.000,2017,7,4,4,11006KT,13,10
2017-07-04 05:00:00.000,2017,7,4,5,VRB02KT,13,09
2017-07-04 06:00:00.000,2017,7,4,6,VRB02KT,13,10
2017-07-04 07:00:00.000,2017,7,4,7,35005KT,12,10
2017-07-04 08:00:00.000,2017,7,4,8,06004KT,12,10
2017-07-04 09:00:00.000,2017,7,4,9,05003KT,12,10
2017-07-04 10:00:00.000,2017,7,4,10,06004KT,11,10
2017-07-04 10:30:00.000,2017,7,4,10,16003KT,12,10
2017-07-04 11:00:00.000,2017,7,4,11,00000KT,12,09
2017-07-04 12:00:00.000,2017,7,4,12,VRB02KT,11,10
2017-07-04 13:00:00.000,2017,7,4,13,05003KT,14,10
2017-07-04 13:30:00.000,2017,7,4,13,11008KT,16,09
2017-07-04 14:00:00.000,2017,7,4,14,14011KT,16,08
2017-07-04 15:00:00.000,2017,7,4,15,10008KT,17,07
2017-07-04 16:00:00.000,2017,7,4,16,12008KT,17,08
2017-07-04 17:00:00.000,2017,7,4,17,14011KT,18,08
2017-07-04 18:00:00.000,2017,7,4,18,14014KT,18,09
2017-07-04 19:00:00.000,2017,7,4,19,16014KT,17,09
2017-07-04 19:08:00.000,2017,7,4,19,16014KT,17,09
2017-07-04 20:00:00.000,2017,7,4,20,14012KT,19,09
2017-07-04 21:00:00.000,2017,7,4,21,13008KT,17,09
2017-07-04 22:00:00.000,2017,7,4,22,10007KT,18,08
2017-07-04 23:00:00.000,2017,7,4,23,08005KT,16,08
2017-07-05 00:00:00.000,2017,7,5,0,11005KT,15,08
2017-07-05 01:00:00.000,2017,7,5,1,09005KT,15,08
2017-07-05 02:00:00.000,2017,7,5,2,06006KT,13,09
2017-07-05 03:00:00.000,2017,7,5,3,08005KT,12,09
2017-07-05 04:00:00.000,2017,7,5,4,05004KT,10,08
2017-07-05 05:00:00.000,2017,7,5,5,07004KT,10,08
2017-07-05 06:00:00.000,2017,7,5,6,04004KT,09,07
2017-07-05 07:00:00.000,2017,7,5,7,VRB02KT,09,08
2017-07-05 08:00:00.000,2017,7,5,8,VRB02KT,07,06
2017-07-05 09:00:00.000,2017,7,5,9,06004KT,07,06
2017-07-05 10:00:00.000,2017,7,5,10,05006KT,08,07
2017-07-05 10:30:00.000,2017,7,5,10,04005KT,08,07
2017-07-05 11:00:00.000,2017,7,5,11,02003KT,08,07
2017-07-05 12:00:00.000,2017,7,5,12,09003KT,10,09
2017-07-05 13:00:00.000,2017,7,5,13,04005KT,12,09
2017-07-05 13:30:00.000,2017,7,5,13,03006KT,13,09
2017-07-05 14:00:00.000,2017,7,5,14,04006KT,14,08
2017-07-05 15:00:00.000,2017,7,5,15,05005KT,15,08
2017-07-05 16:00:00.000,2017,7,5,16,16004KT,16,08
2017-07-05 17:00:00.000,2017,7,5,17,11008KT,17,08
2017-07-05 18:00:00.000,2017,7,5,18,12006KT,17,08
2017-07-05 19:00:00.000,2017,7,5,19,13006KT,17,08
2017-07-05 20:00:00.000,2017,7,5,20,17011KT,18,08
2017-07-05 21:00:00.000,2017,7,5,21,14011KT,18,08
2017-07-05 22:00:00.000,2017,7,5,22,09007KT,18,08
2017-07-05 23:00:00.000,2017,7,5,23,15009KT,16,07
2017-07-06 00:00:00.000,2017,7,6,0,13007KT,15,07
2017-07-06 01:00:00.000,2017,7,6,1,12004KT,14,08
2017-07-06 02:00:00.000,2017,7,6,2,VRB02KT,14,09
2017-07-06 03:00:00.000,2017,7,6,3,04004KT,13,10
2017-07-06 04:00:00.000,2017,7,6,4,04006KT,12,10
2017-07-06 05:00:00.000,2017,7,6,5,VRB02KT,12,10
2017-07-06 06:00:00.000,2017,7,6,6,VRB02KT,11,10
2017-07-06 07:00:00.000,2017,7,6,7,05003KT,11,10
2017-07-06 08:00:00.000,2017,7,6,8,01003KT,11,10
2017-07-06 09:00:00.000,2017,7,6,9,03003KT,11,10
2017-07-06 10:00:00.000,2017,7,6,10,06005KT,11,10
2017-07-06 11:00:00.000,2017,7,6,11,02004KT,11,10
2017-07-06 12:00:00.000,2017,7,6,12,14006KT,13,10
2017-07-06 13:00:00.000,2017,7,6,13,32004KT,13,10
2017-07-06 14:00:00.000,2017,7,6,14,16012KT,15,09
2017-07-06 15:00:00.000,2017,7,6,15,17015KT,16,09
2017-07-06 16:00:00.000,2017,7,6,16,15015KT,18,8
2017-07-06 17:00:00.000,2017,7,6,17,14014KT,18,08
2017-07-06 18:00:00.000,2017,7,6,18,16016KT,19,07
2017-07-06 19:00:00.000,2017,7,6,19,16019KT,19,07
2017-07-06 20:00:00.000,2017,7,6,20,15012KT,18,07
2017-07-06 21:00:00.000,2017,7,6,21,16010KT,18,06
2017-07-06 22:00:00.000,2017,7,6,22,15012KT,17,07
2017-07-06 23:00:00.000,2017,7,6,23,07006KT,16,08
2017-07-07 00:00:00.000,2017,7,7,0,14008KT,14,07
2017-07-07 01:00:00.000,2017,7,7,1,10010KT,14,07
2017-07-07 03:00:00.000,2017,7,7,3,11004KT,13,08
2017-07-07 04:00:00.000,2017,7,7,4,34004KT,10,08
2017-07-07 05:00:00.000,2017,7,7,5,03004KT,11,08
2017-07-07 06:00:00.000,2017,7,7,6,02004KT,11,08
2017-07-07 07:00:00.000,2017,7,7,7,VRB02KT,10,08
2017-07-07 08:00:00.000,2017,7,7,8,04006KT,11,09
2017-07-07 09:00:00.000,2017,7,7,9,02003KT,11,09
2017-07-07 10:00:00.000,2017,7,7,10,04004KT,10,09
2017-07-07 10:30:00.000,2017,7,7,10,01003KT,10,09
2017-07-07 11:00:00.000,2017,7,7,11,04004KT,10,09
2017-07-07 11:30:00.000,2017,7,7,11,VRB02KT,11,10
2017-07-07 12:00:00.000,2017,7,7,12,03003KT,12,10
2017-07-07 13:00:00.000,2017,7,7,13,06004KT,13,10
2017-07-07 14:00:00.000,2017,7,7,14,12007KT,15,07
2017-07-07 15:00:00.000,2017,7,7,15,15011KT,17,08
2017-07-07 16:00:00.000,2017,7,7,16,16011KT,17,07
2017-07-07 17:00:00.000,2017,7,7,17,15016KT,17,07
2017-07-07 18:00:00.000,2017,7,7,18,16013KT,18,07
2017-07-07 20:00:00.000,2017,7,7,20,16012KT,18,07
2017-07-07 21:00:00.000,2017,7,7,21,14013KT,17,07
2017-07-07 22:00:00.000,2017,7,7,22,15010KT,16,07
2017-07-07 23:00:00.000,2017,7,7,23,17011KT,15,08
2017-07-08 00:00:00.000,2017,7,8,0,13004KT,14,07
2017-07-08 01:00:00.000,2017,7,8,1,05006KT,13,09
2017-07-08 02:00:00.000,2017,7,8,2,11003KT,13,08
2017-07-08 03:00:00.000,2017,7,8,3,36004KT,11,09
2017-07-08 04:00:00.000,2017,7,8,4,03004KT,10,08
2017-07-08 05:00:00.000,2017,7,8,5,03005KT,10,08
2017-07-08 06:00:00.000,2017,7,8,6,02004KT,11,09
2017-07-08 08:00:00.000,2017,7,8,8,27003KT,09,08
2017-07-08 09:00:00.000,2017,7,8,9,VRB02KT,10,08
2017-07-08 10:00:00.000,2017,7,8,10,VRB02KT,09,08
2017-07-08 10:30:00.000,2017,7,8,10,03003KT,08,08
2017-07-08 11:00:00.000,2017,7,8,11,VRB02KT,09,08
2017-07-08 12:00:00.000,2017,7,8,12,32003KT,12,10
2017-07-08 13:00:00.000,2017,7,8,13,34005KT,15,10
2017-07-08 14:00:00.000,2017,7,8,14,02005KT,16,09
2017-07-08 15:00:00.000,2017,7,8,15,16011KT,17,08
2017-07-08 16:00:00.000,2017,7,8,16,07010KT,17,08
2017-07-08 17:00:00.000,2017,7,8,17,15010KT,19,08
2017-07-08 18:00:00.000,2017,7,8,18,16011KT,19,08
2017-07-08 19:00:00.000,2017,7,8,19,12006KT,18,08
2017-07-08 20:00:00.000,2017,7,8,20,03009KT,16,11
2017-07-08 21:00:00.000,2017,7,8,21,06008KT,14,11
2017-07-08 21:10:00.000,2017,7,8,21,05009KT,14,12
2017-07-08 22:00:00.000,2017,7,8,22,04008KT,13,12
2017-07-08 22:12:00.000,2017,7,8,22,04007KT,13,12
2017-07-08 23:00:00.000,2017,7,8,23,02005KT,13,12
2017-07-09 00:00:00.000,2017,7,9,0,VRB02KT,13,11
2017-07-09 01:00:00.000,2017,7,9,1,05006KT,13,10
2017-07-09 02:00:00.000,2017,7,9,2,06005KT,13,10
2017-07-09 03:00:00.000,2017,7,9,3,09006KT,13,10
2017-07-09 04:00:00.000,2017,7,9,4,07004KT,13,10
2017-07-09 05:00:00.000,2017,7,9,5,04006KT,12,10
2017-07-09 06:00:00.000,2017,7,9,6,VRB02KT,12,09
2017-07-09 07:00:00.000,2017,7,9,7,VRB02KT,11,09
2017-07-09 08:00:00.000,2017,7,9,8,05004KT,10,09
2017-07-09 09:00:00.000,2017,7,9,9,VRB02KT,11,09
2017-07-09 10:00:00.000,2017,7,9,10,VRB02KT,11,09
2017-07-09 10:30:00.000,2017,7,9,10,06008KT,12,09
2017-07-09 11:00:00.000,2017,7,9,11,05007KT,11,09
2017-07-09 12:38:00.000,2017,7,9,12,13006KT,15,10
2017-07-09 13:00:00.000,2017,7,9,13,12005KT,16,10
2017-07-09 14:00:00.000,2017,7,9,14,13010KT,18,10
2017-07-09 15:00:00.000,2017,7,9,15,13012KT,18,09
2017-07-09 16:00:00.000,2017,7,9,16,16013KT,19,10
2017-07-09 17:00:00.000,2017,7,9,17,16016KT,18,09
2017-07-09 18:00:00.000,2017,7,9,18,17015KT,17,08
2017-07-09 19:00:00.000,2017,7,9,19,17016KT,16,09
2017-07-09 20:00:00.000,2017,7,9,20,14013KT,17,08
2017-07-09 21:00:00.000,2017,7,9,21,15015KT,17,07
2017-07-09 22:00:00.000,2017,7,9,22,14007KT,17,08
2017-07-09 23:00:00.000,2017,7,9,23,07006KT,16,08
2017-07-10 00:00:00.000,2017,7,10,0,11007KT,15,09
2017-07-10 01:00:00.000,2017,7,10,1,10003KT,15,09
2017-07-10 02:00:00.000,2017,7,10,2,09003KT,14,09
2017-07-10 03:00:00.000,2017,7,10,3,02004KT,12,10
2017-07-10 04:00:00.000,2017,7,10,4,32003KT,12,10
2017-07-10 05:00:00.000,2017,7,10,5,VRB02KT,12,10
2017-07-10 06:00:00.000,2017,7,10,6,VRB02KT,12,10
2017-07-10 07:00:00.000,2017,7,10,7,VRB02KT,11,10
2017-07-10 08:00:00.000,2017,7,10,8,36003KT,10,09
2017-07-10 09:00:00.000,2017,7,10,9,04004KT,10,09
2017-07-10 10:00:00.000,2017,7,10,10,VRB02KT,10,09
2017-07-10 10:30:00.000,2017,7,10,10,31003KT,10,09
2017-07-10 11:00:00.000,2017,7,10,11,VRB02KT,11,10
2017-07-10 12:00:00.000,2017,7,10,12,VRB02KT,11,10
2017-07-10 12:16:00.000,2017,7,10,12,VRB02KT,12,10
2017-07-10 12:40:00.000,2017,7,10,12,VRB02KT,12,10
2017-07-10 13:00:00.000,2017,7,10,13,VRB02KT,12,11
2017-07-10 13:18:00.000,2017,7,10,13,11003KT,13,12
2017-07-10 14:00:00.000,2017,7,10,14,16003KT,15,11
2017-07-10 15:00:00.000,2017,7,10,15,16010KT,17,10
2017-07-10 16:00:00.000,2017,7,10,16,16011KT,17,09
2017-07-10 17:00:00.000,2017,7,10,17,16016KT,18,09
2017-07-10 18:00:00.000,2017,7,10,18,13014KT,18,09
2017-07-10 19:00:00.000,2017,7,10,19,16018KT,20,08
2017-07-10 21:00:00.000,2017,7,10,21,17009KT,20,07
2017-07-10 23:00:00.000,2017,7,10,23,15014KT,16,09
2017-07-11 00:00:00.000,2017,7,11,0,18008KT,15,08
2017-07-11 01:00:00.000,2017,7,11,1,25004KT,14,10
2017-07-11 02:00:00.000,2017,7,11,2,28005KT,13,11
2017-07-11 04:00:00.000,2017,7,11,4,32004KT,11,10
2017-07-11 05:00:00.000,2017,7,11,5,34004KT,11,09
2017-07-11 10:30:00.000,2017,7,11,10,VRB02KT,11,10
2017-07-11 11:00:00.000,2017,7,11,11,VRB02KT,11,10
2017-07-11 12:00:00.000,2017,7,11,12,VRB02KT,13,12
2017-07-11 13:00:00.000,2017,7,11,13,01003KT,14,12
2017-07-11 14:00:00.000,2017,7,11,14,VRB02KT,16,11
2017-07-11 15:00:00.000,2017,7,11,15,15008KT,17,09
2017-07-11 16:00:00.000,2017,7,11,16,17014KT,16,09
2017-07-11 16:27:00.000,2017,7,11,16,16019KT,18,09
2017-07-11 17:00:00.000,2017,7,11,17,17020KT,18,08
2017-07-11 18:00:00.000,2017,7,11,18,16020KT,19,08
2017-07-11 19:00:00.000,2017,7,11,19,16014KT,18,07
2017-07-11 20:00:00.000,2017,7,11,20,15016KT,18,08
2017-07-11 21:00:00.000,2017,7,11,21,16016KT,16,08
2017-07-11 22:00:00.000,2017,7,11,22,17014KT,16,08
2017-07-11 23:00:00.000,2017,7,11,23,17011KT,15,08
2017-07-12 00:00:00.000,2017,7,12,0,17006KT,14,08
2017-07-12 01:00:00.000,2017,7,12,1,08003KT,14,08
2017-07-12 02:00:00.000,2017,7,12,2,VRB02KT,14,08
2017-07-12 03:00:00.000,2017,7,12,3,11003KT,14,08
2017-07-12 04:00:00.000,2017,7,12,4,VRB02KT,14,09
2017-07-12 05:00:00.000,2017,7,12,5,19005KT,13,10
2017-07-12 06:00:00.000,2017,7,12,6,VRB02KT,13,09
2017-07-12 07:00:00.000,2017,7,12,7,29003KT,12,10
2017-07-12 08:00:00.000,2017,7,12,8,35003KT,12,10
2017-07-12 09:00:00.000,2017,7,12,9,31003KT,11,10
2017-07-12 10:00:00.000,2017,7,12,10,26003KT,11,10
2017-07-12 10:30:00.000,2017,7,12,10,25004KT,11,10
2017-07-12 11:00:00.000,2017,7,12,11,28003KT,11,10
2017-07-12 12:00:00.000,2017,7,12,12,VRB02KT,12,11
2017-07-12 13:00:00.000,2017,7,12,13,26006KT,12,11
2017-07-12 14:00:00.000,2017,7,12,14,VRB02KT,13,10
2017-07-12 15:00:00.000,2017,7,12,15,15010KT,15,09
2017-07-12 16:00:00.000,2017,7,12,16,17016KT,17,09
2017-07-12 18:00:00.000,2017,7,12,18,14010KT,17,07
2017-07-12 19:00:00.000,2017,7,12,19,15012KT,16,08
2017-07-12 20:00:00.000,2017,7,12,20,15015KT,17,07
2017-07-12 21:00:00.000,2017,7,12,21,16011KT,17,07
2017-07-12 22:00:00.000,2017,7,12,22,15010KT,15,08
2017-07-12 23:00:00.000,2017,7,12,23,15010KT,15,08
2017-07-13 00:00:00.000,2017,7,13,0,18009KT,14,08
2017-07-13 01:00:00.000,2017,7,13,1,19007KT,13,08
2017-07-13 02:00:00.000,2017,7,13,2,16009KT,14,08
2017-07-13 03:00:00.000,2017,7,13,3,15004KT,12,08
2017-07-13 04:00:00.000,2017,7,13,4,14006KT,13,08
2017-07-13 05:00:00.000,2017,7,13,5,14005KT,13,08
2017-07-13 06:00:00.000,2017,7,13,6,15006KT,13,08
2017-07-13 07:00:00.000,2017,7,13,7,VRB02KT,13,08
2017-07-13 08:00:00.000,2017,7,13,8,10003KT,11,07
2017-07-13 09:00:00.000,2017,7,13,9,05005KT,10,09
2017-07-13 10:00:00.000,2017,7,13,10,35003KT,10,08
2017-07-13 10:30:00.000,2017,7,13,10,07004KT,11,08
2017-07-13 11:00:00.000,2017,7,13,11,07004KT,11,09
2017-07-13 12:00:00.000,2017,7,13,12,13004KT,14,08
2017-07-13 13:00:00.000,2017,7,13,13,16010KT,15,07
2017-07-13 14:00:00.000,2017,7,13,14,19008KT,15,047
2017-07-13 15:00:00.000,2017,7,13,15,20007KT,16,07
2017-07-13 16:00:00.000,2017,7,13,16,20009KT,17,07
2017-07-13 17:00:00.000,2017,7,13,17,13009KT,18,07
2017-07-13 18:00:00.000,2017,7,13,18,17012KT,19,06
2017-07-13 19:00:00.000,2017,7,13,19,14014KT,18,07
2017-07-13 20:00:00.000,2017,7,13,20,11008KT,18,07
2017-07-13 21:00:00.000,2017,7,13,21,10008KT,17,07
2017-07-13 22:00:00.000,2017,7,13,22,09007KT,17,08
2017-07-13 23:00:00.000,2017,7,13,23,08006KT,16,08
2017-07-14 00:00:00.000,2017,7,14,0,08003KT,14,08
2017-07-14 01:00:00.000,2017,7,14,1,11006KT,14,07
2017-07-14 02:00:00.000,2017,7,14,2,VRB02KT,11,07
2017-07-14 03:00:00.000,2017,7,14,3,33004KT,12,08
2017-07-14 05:00:00.000,2017,7,14,5,VRB02KT,12,09
2017-07-14 07:00:00.000,2017,7,14,7,02004KT,12,09
2017-07-14 08:00:00.000,2017,7,14,8,04005KT,11,09
2017-07-14 09:00:00.000,2017,7,14,9,04005KT,11,09
2017-07-14 10:00:00.000,2017,7,14,10,29003KT,11,09
2017-07-14 10:30:00.000,2017,7,14,10,VRB02KT,09,08
2017-07-14 11:00:00.000,2017,7,14,11,VRB02KT,09,07
2017-07-14 12:00:00.000,2017,7,14,12,02004KT,10,09
2017-07-14 12:24:00.000,2017,7,14,12,33003KT,12,10
2017-07-14 13:00:00.000,2017,7,14,13,VRB02KT,12,09
2017-07-14 13:23:00.000,2017,7,14,13,33005KT,14,10
2017-07-14 14:00:00.000,2017,7,14,14,04007KT,14,09
2017-07-14 15:00:00.000,2017,7,14,15,01005KT,16,09
2017-07-14 16:00:00.000,2017,7,14,16,02004KT,17,08
2017-07-14 16:20:00.000,2017,7,14,16,01005KT,16,08
2017-07-14 17:00:00.000,2017,7,14,17,02005KT,15,09
2017-07-14 18:00:00.000,2017,7,14,18,VRB02KT,16,09
2017-07-14 19:00:00.000,2017,7,14,19,03004KT,16,09
2017-07-14 20:00:00.000,2017,7,14,20,20003KT,16,10
2017-07-14 21:00:00.000,2017,7,14,21,27007KT,16,10
2017-07-14 21:25:00.000,2017,7,14,21,33004KT,16,09
2017-07-14 22:00:00.000,2017,7,14,22,30003KT,16,09
2017-07-14 23:00:00.000,2017,7,14,23,32003KT,15,09
2017-07-15 00:00:00.000,2017,7,15,0,28004KT,14,05
2017-07-15 01:00:00.000,2017,7,15,1,VRB02KT,12,07
2017-07-15 02:00:00.000,2017,7,15,2,03003KT,10,07
2017-07-15 03:00:00.000,2017,7,15,3,VRB02KT,09,06
2017-07-15 04:00:00.000,2017,7,15,4,31003KT,10,09
2017-07-15 05:00:00.000,2017,7,15,5,VRB02KT,11,09
2017-07-15 06:00:00.000,2017,7,15,6,VRB02KT,12,09
2017-07-15 07:00:00.000,2017,7,15,7,31004KT,11,09
2017-07-15 08:00:00.000,2017,7,15,8,VRB02KT,11,09
2017-07-15 09:00:00.000,2017,7,15,9,VRB02KT,12,09
2017-07-15 10:00:00.000,2017,7,15,10,VRB02KT,11,09
2017-07-15 10:30:00.000,2017,7,15,10,VRB02KT,11,09
2017-07-15 11:00:00.000,2017,7,15,11,VRB02KT,11,09
2017-07-15 12:00:00.000,2017,7,15,12,03003KT,11,09
2017-07-15 13:00:00.000,2017,7,15,13,04003KT,13,09
2017-07-15 14:00:00.000,2017,7,15,14,03003KT,15,10
2017-07-15 15:00:00.000,2017,7,15,15,VRB02KT,17,10
2017-07-15 16:00:00.000,2017,7,15,16,29004KT,19,08
2017-07-15 17:00:00.000,2017,7,15,17,23009KT,17,10
2017-07-15 18:00:00.000,2017,7,15,18,24010KT,17,10
2017-07-15 18:36:00.000,2017,7,15,18,23007KT,16,11
2017-07-15 19:00:00.000,2017,7,15,19,25007KT,15,12
2017-07-15 20:00:00.000,2017,7,15,20,18009KT,16,11
2017-07-15 21:00:00.000,2017,7,15,21,25005KT,15,12
2017-07-15 22:00:00.000,2017,7,15,22,VRB02KT,14,11
2017-07-15 23:00:00.000,2017,7,15,23,VRB02KT,14,11
2017-07-16 00:00:00.000,2017,7,16,0,34003KT,12,11
2017-07-16 01:00:00.000,2017,7,16,1,32003KT,11,10
2017-07-16 02:00:00.000,2017,7,16,2,VRB02KT,11,10
2017-07-16 03:00:00.000,2017,7,16,3,VRB02KT,11,09
2017-07-16 04:00:00.000,2017,7,16,4,VRB02KT,10,08
2017-07-16 05:00:00.000,2017,7,16,5,VRB02KT,10,09
2017-07-16 06:00:00.000,2017,7,16,6,28003KT,08,07
2017-07-16 07:00:00.000,2017,7,16,7,VRB02KT,10,09
2017-07-16 08:00:00.000,2017,7,16,8,00000KT,11,10
2017-07-16 09:00:00.000,2017,7,16,9,VRB02KT,10,09
2017-07-16 10:00:00.000,2017,7,16,10,00000KT,10,09
2017-07-16 10:30:00.000,2017,7,16,10,VRB02KT,08,07
2017-07-16 11:00:00.000,2017,7,16,11,VRB02KT,08,07
2017-07-16 11:30:00.000,2017,7,16,11,24003KT,10,10
2017-07-16 12:00:00.000,2017,7,16,12,36003KT,09,08
2017-07-16 12:25:00.000,2017,7,16,12,34003KT,11,10
2017-07-16 12:38:00.000,2017,7,16,12,32005KT,10,10
2017-07-16 13:00:00.000,2017,7,16,13,35003KT,11,11
2017-07-16 13:12:00.000,2017,7,16,13,040043KT,11,11
2017-07-16 13:32:00.000,2017,7,16,13,05004KT,11,11
2017-07-16 14:00:00.000,2017,7,16,14,06004KT,13,12
2017-07-16 14:28:00.000,2017,7,16,14,VRB02KT,15,14
2017-07-16 15:00:00.000,2017,7,16,15,10004KT,17,10
2017-07-16 15:30:00.000,2017,7,16,15,04003KT,19,11
2017-07-16 16:00:00.000,2017,7,16,16,35005KT,19,10
2017-07-16 17:00:00.000,2017,7,16,17,08004KT,21,10
2017-07-16 18:00:00.000,2017,7,16,18,04006KT,22,13
2017-07-16 19:00:00.000,2017,7,16,19,05006KT,21,09
2017-07-16 19:18:00.000,2017,7,16,19,21010KT,18,11
2017-07-16 20:00:00.000,2017,7,16,20,25012KT,15,13
2017-07-16 20:15:00.000,2017,7,16,20,25010KT,15,11
2017-07-16 21:00:00.000,2017,7,16,21,21005KT,15,09
2017-07-16 22:00:00.000,2017,7,16,22,33005KT,15,13
2017-07-16 23:00:00.000,2017,7,16,23,34005KT,14,11
2017-07-17 00:00:00.000,2017,7,17,0,03005KT,13,10
2017-07-17 01:00:00.000,2017,7,17,1,06005KT,15,10
2017-07-17 02:00:00.000,2017,7,17,2,VRB02KT,13,10
2017-07-17 03:00:00.000,2017,7,17,3,05004KT,13,09
2017-07-17 04:00:00.000,2017,7,17,4,05004KT,12,09
2017-07-17 05:00:00.000,2017,7,17,5,05008KT,12,09
2017-07-17 06:00:00.000,2017,7,17,6,07005KT,12,09
2017-07-17 07:00:00.000,2017,7,17,7,04005KT,12,10
2017-07-17 08:00:00.000,2017,7,17,8,02004KT,11,09
2017-07-17 09:00:00.000,2017,7,17,9,VRB02KT,10,09
2017-07-17 10:00:00.000,2017,7,17,10,05006KT,10,08
2017-07-17 10:30:00.000,2017,7,17,10,03005KT,10,09
2017-07-17 11:00:00.000,2017,7,17,11,VRB02KT,10,09
2017-07-17 12:00:00.000,2017,7,17,12,05003KT,12,10
2017-07-17 13:00:00.000,2017,7,17,13,05005KT,14,11
2017-07-17 14:00:00.000,2017,7,17,14,06006KT,15,10
2017-07-17 15:00:00.000,2017,7,17,15,05007KT,15,10
2017-07-17 16:00:00.000,2017,7,17,16,10004KT,17,10
2017-07-17 17:00:00.000,2017,7,17,17,03006KT,18,09
2017-07-17 17:17:00.000,2017,7,17,17,12010KT,18,09
2017-07-17 18:00:00.000,2017,7,17,18,24006KT,18,15
2017-07-17 19:00:00.000,2017,7,17,19,26008G20KT,17,12
2017-07-17 20:00:00.000,2017,7,17,20,26006KT,18,11
2017-07-17 20:28:00.000,2017,7,17,20,29005KT,17,12
2017-07-17 21:00:00.000,2017,7,17,21,23004KT,15,12
2017-07-17 22:00:00.000,2017,7,17,22,08005KT,18,10
2017-07-17 23:00:00.000,2017,7,17,23,10006KT,17,09
2017-07-18 00:00:00.000,2017,7,18,0,13009KT,15,08
2017-07-18 01:00:00.000,2017,7,18,1,VRB02KT,14,09
2017-07-18 02:00:00.000,2017,7,18,2,10006KT,14,09
2017-07-18 03:00:00.000,2017,7,18,3,08005KT,14,09
2017-07-18 04:00:00.000,2017,7,18,4,34003KT,13,10
2017-07-18 05:00:00.000,2017,7,18,5,04005KT,13,10
2017-07-18 06:00:00.000,2017,7,18,6,VRB02KT,13,09
2017-07-18 07:00:00.000,2017,7,18,7,VRB02KT,12,10
2017-07-18 08:00:00.000,2017,7,18,8,VRB02KT,12,10
2017-07-18 09:00:00.000,2017,7,18,9,05005KT,12,10
2017-07-18 10:00:00.000,2017,7,18,10,07003KT,12,10
2017-07-18 10:30:00.000,2017,7,18,10,05007KT,11,09
2017-07-18 11:00:00.000,2017,7,18,11,06006KT,11,09
2017-07-18 12:00:00.000,2017,7,18,12,02007KT,11,09
2017-07-18 12:10:00.000,2017,7,18,12,04006KT,13,10
2017-07-18 13:00:00.000,2017,7,18,13,06006KT,13,09
2017-07-18 13:36:00.000,2017,7,18,13,07007KT,15,10
2017-07-18 14:00:00.000,2017,7,18,14,07006KT,16,10
2017-07-18 14:35:00.000,2017,7,18,14,12009KT,18,09
2017-07-18 15:00:00.000,2017,7,18,15,13010KT,19,10
2017-07-18 16:00:00.000,2017,7,18,16,16008KT,18,08
2017-07-18 17:00:00.000,2017,7,18,17,14006KT,18,08
2017-07-18 18:00:00.000,2017,7,18,18,16004KT,19,09
2017-07-18 19:00:00.000,2017,7,18,19,20008KT,19,09
2017-07-18 20:00:00.000,2017,7,18,20,14013KT,16,10
2017-07-18 21:00:00.000,2017,7,18,21,14011KT,14,11
2017-07-18 22:00:00.000,2017,7,18,22,14009KT,14,09
2017-07-18 23:00:00.000,2017,7,18,23,17007KT,14,09
2017-07-19 00:00:00.000,2017,7,19,0,15004KT,13,08
2017-07-19 01:00:00.000,2017,7,19,1,VRB02KT,12,09
2017-07-19 02:00:00.000,2017,7,19,2,VRB02KT,12,09
2017-07-19 03:00:00.000,2017,7,19,3,34003KT,11,09
2017-07-19 04:00:00.000,2017,7,19,4,06005KT,12,09
2017-07-19 05:00:00.000,2017,7,19,5,VRB02KT,11,09
2017-07-19 06:00:00.000,2017,7,19,6,33004KT,11,08
2017-07-19 07:00:00.000,2017,7,19,7,02004KT,10,09
2017-07-19 08:00:00.000,2017,7,19,8,03004KT,10,08
2017-07-19 09:00:00.000,2017,7,19,9,06004KT,10,09
2017-07-19 10:00:00.000,2017,7,19,10,VRB02KT,11,09
2017-07-19 10:32:00.000,2017,7,19,10,VRB02KT,11,09
2017-07-19 11:00:00.000,2017,7,19,11,VRB02KT,12,09
2017-07-19 12:00:00.000,2017,7,19,12,VRB02KT,12,09
2017-07-19 13:00:00.000,2017,7,19,13,VRB02KT,13,10
2017-07-19 14:00:00.000,2017,7,19,14,14005KT,15,09
2017-07-19 15:00:00.000,2017,7,19,15,16008KT,16,09
2017-07-19 16:00:00.000,2017,7,19,16,14013KT,18,09
2017-07-19 17:00:00.000,2017,7,19,17,16014KT,19,07
2017-07-19 18:00:00.000,2017,7,19,18,16012KT,19,07
2017-07-19 19:00:00.000,2017,7,19,19,18011KT,20,07
2017-07-19 20:00:00.000,2017,7,19,20,16012KT,19,08
2017-07-19 21:00:00.000,2017,7,19,21,16009KT,19,07
2017-07-19 22:00:00.000,2017,7,19,22,15011KT,18,08
2017-07-19 23:00:00.000,2017,7,19,23,16010KT,16,07
2017-07-20 00:00:00.000,2017,7,20,0,13008KT,15,08
2017-07-20 01:00:00.000,2017,7,20,1,20008KT,15,089
2017-07-20 02:00:00.000,2017,7,20,2,35003KT,13,10
2017-07-20 03:00:00.000,2017,7,20,3,04004KT,12,10
2017-07-20 04:00:00.000,2017,7,20,4,03004KT,12,10
2017-07-20 05:00:00.000,2017,7,20,5,04003KT,12,10
2017-07-20 06:00:00.000,2017,7,20,6,04003KT,11,10
2017-07-20 07:00:00.000,2017,7,20,7,33003KT,11,10
2017-07-20 08:00:00.000,2017,7,20,8,VRB02KT,11,10
2017-07-20 09:00:00.000,2017,7,20,9,VRB02KT,11,10
2017-07-20 10:00:00.000,2017,7,20,10,03005KT,13,10
2017-07-20 10:30:00.000,2017,7,20,10,03004KT,11,10
2017-07-20 11:00:00.000,2017,7,20,11,02004KT,11,10
2017-07-20 12:00:00.000,2017,7,20,12,04004KT,12,10
2017-07-20 13:00:00.000,2017,7,20,13,04004KT,14,10
2017-07-20 14:00:00.000,2017,7,20,14,14005KT,15,10
2017-07-20 15:00:00.000,2017,7,20,15,16008KT,17,08
2017-07-20 16:00:00.000,2017,7,20,16,18008KT,18,08
2017-07-20 17:00:00.000,2017,7,20,17,15011KT,18,07
2017-07-20 18:00:00.000,2017,7,20,18,20006KT,18,06
2017-07-20 19:00:00.000,2017,7,20,19,16008KT,19,07
2017-07-20 20:00:00.000,2017,7,20,20,19010KT,18,07
2017-07-20 21:00:00.000,2017,7,20,21,20010KT,17,07
2017-07-20 22:00:00.000,2017,7,20,22,24010KT,16,10
2017-07-20 23:00:00.000,2017,7,20,23,24006KT,15,10
2017-07-21 00:00:00.000,2017,7,21,0,26006KT,14,11
2017-07-21 01:00:00.000,2017,7,21,1,24004KT,14,10
2017-07-21 02:00:00.000,2017,7,21,2,20004KT,14,10
2017-07-21 03:00:00.000,2017,7,21,3,19008KT,14,07
2017-07-21 04:00:00.000,2017,7,21,4,21005KT,14,07
2017-07-21 05:00:00.000,2017,7,21,5,27003KT,13,10
2017-07-21 06:00:00.000,2017,7,21,6,26003KT,13,09
2017-07-21 07:00:00.000,2017,7,21,7,26004KT,13,09
2017-07-21 08:00:00.000,2017,7,21,8,VRB02KT,11,09
2017-07-21 09:00:00.000,2017,7,21,9,VRB02KT,11,09
2017-07-21 10:00:00.000,2017,7,21,10,06003KT,09,08
2017-07-21 11:00:00.000,2017,7,21,11,07004KT,09,08
2017-07-21 12:00:00.000,2017,7,21,12,05006KT,11,09
2017-07-21 13:00:00.000,2017,7,21,13,06007KT,14,06
2017-07-21 14:00:00.000,2017,7,21,14,09005KT,17,09
2017-07-21 15:00:00.000,2017,7,21,15,06008KT,17,08
2017-07-21 16:00:00.000,2017,7,21,16,16009KT,20,08
2017-07-21 17:00:00.000,2017,7,21,17,16012KT,20,07
2017-07-21 18:00:00.000,2017,7,21,18,16010G20KT,19,07
2017-07-21 19:00:00.000,2017,7,21,19,14004KT,19,07
2017-07-21 19:27:00.000,2017,7,21,19,10007KT,12,09
2017-07-21 20:00:00.000,2017,7,21,20,10008KT,20,08
2017-07-21 21:00:00.000,2017,7,21,21,08008KT,19,08
2017-07-21 22:00:00.000,2017,7,21,22,11007KT,17,08
2017-07-21 23:00:00.000,2017,7,21,23,16012KT,16,08
2017-07-22 00:00:00.000,2017,7,22,0,17012KT,15,08
2017-07-22 01:00:00.000,2017,7,22,1,17009KT,15,08
2017-07-22 02:00:00.000,2017,7,22,2,17009KT,14,08
2017-07-22 03:00:00.000,2017,7,22,3,17008KT,14,08
2017-07-22 04:00:00.000,2017,7,22,4,17004KT,14,08
2017-07-22 05:00:00.000,2017,7,22,5,35003KT,12,09
2017-07-22 06:00:00.000,2017,7,22,6,36003KT,12,10
2017-07-22 07:00:00.000,2017,7,22,7,05006KT,11,09
2017-07-22 08:00:00.000,2017,7,22,8,05005KT,11,10
2017-07-22 09:00:00.000,2017,7,22,9,01003KT,11,09
2017-07-22 10:00:00.000,2017,7,22,10,32004KT,11,09
2017-07-22 10:30:00.000,2017,7,22,10,32003KT,11,09
2017-07-22 11:00:00.000,2017,7,22,11,VRB02KT,11,09
2017-07-22 12:00:00.000,2017,7,22,12,VRB02KT,12,10
2017-07-22 13:00:00.000,2017,7,22,13,36003KT,13,10
2017-07-22 14:00:00.000,2017,7,22,14,16003KT,16,08
2017-07-22 15:00:00.000,2017,7,22,15,18011KT,17,08
2017-07-22 16:00:00.000,2017,7,22,16,17010KT,17,08
2017-07-22 17:00:00.000,2017,7,22,17,15010KT,18,07
2017-07-22 18:00:00.000,2017,7,22,18,13010KT,16,09
2017-07-22 19:00:00.000,2017,7,22,19,14010KT,18,08
2017-07-22 20:00:00.000,2017,7,22,20,14009KT,16,09
2017-07-22 21:00:00.000,2017,7,22,21,13008KT,17,07
2017-07-22 22:00:00.000,2017,7,22,22,10005KT,17,08
2017-07-22 23:00:00.000,2017,7,22,23,08006KT,16,08
2017-07-23 00:00:00.000,2017,7,23,0,11007KT,14,09
2017-07-23 01:00:00.000,2017,7,23,1,35003KT,12,11
2017-07-23 02:00:00.000,2017,7,23,2,16003KT,14,10
2017-07-23 03:00:00.000,2017,7,23,3,13007KT,13,09
2017-07-23 04:00:00.000,2017,7,23,4,18008KT,14,09
2017-07-23 05:00:00.000,2017,7,23,5,17008KT,13,09
2017-07-23 06:00:00.000,2017,7,23,6,05006KT,13,09
2017-07-23 07:00:00.000,2017,7,23,7,12004KT,13,09
2017-07-23 08:00:00.000,2017,7,23,8,02004KT,12,09
2017-07-23 09:00:00.000,2017,7,23,9,03003KT,12,09
2017-07-23 10:00:00.000,2017,7,23,10,00000KT,12,09
2017-07-23 10:30:00.000,2017,7,23,10,01003KT,12,09
2017-07-23 11:00:00.000,2017,7,23,11,36003KT,12,09
2017-07-23 12:00:00.000,2017,7,23,12,14005KT,13,09
2017-07-23 13:00:00.000,2017,7,23,13,15004KT,14,09
2017-07-23 14:00:00.000,2017,7,23,14,14010KT,15,09
2017-07-23 15:00:00.000,2017,7,23,15,17008KT,15,09
2017-07-23 16:00:00.000,2017,7,23,16,17012KT,16,08
2017-07-23 17:00:00.000,2017,7,23,17,17012KT,17,08
2017-07-23 18:00:00.000,2017,7,23,18,15011KT,18,09
2017-07-23 19:00:00.000,2017,7,23,19,16010KT,18,10
2017-07-23 20:00:00.000,2017,7,23,20,12012KT,19,07
2017-07-23 21:00:00.000,2017,7,23,21,14015KT,20,07
2017-07-23 22:00:00.000,2017,7,23,22,14014KT,17,08
2017-07-23 23:00:00.000,2017,7,23,23,10007KT,16,06
2017-07-24 00:00:00.000,2017,7,24,0,06006KT,15,07
2017-07-24 01:00:00.000,2017,7,24,1,07006KT,14,08
2017-07-24 02:00:00.000,2017,7,24,2,02005KT,14,08
2017-07-24 03:00:00.000,2017,7,24,3,36005KT,13,08
2017-07-24 04:00:00.000,2017,7,24,4,34005KT,12,09
2017-07-24 05:00:00.000,2017,7,24,5,32003KT,12,09
2017-07-24 06:00:00.000,2017,7,24,6,05006KT,12,09
2017-07-24 07:00:00.000,2017,7,24,7,03005KT,12,08
2017-07-24 08:00:00.000,2017,7,24,8,05006KT,12,09
2017-07-24 09:00:00.000,2017,7,24,9,04005KT,12,08
2017-07-24 10:00:00.000,2017,7,24,10,05005KT,11,09
2017-07-24 10:30:00.000,2017,7,24,10,04005KT,11,08
2017-07-24 11:00:00.000,2017,7,24,11,06006KT,11,09
2017-07-24 12:00:00.000,2017,7,24,12,10007KT,14,08
2017-07-24 13:00:00.000,2017,7,24,13,14011KT,14,08
2017-07-24 14:00:00.000,2017,7,24,14,15012KT,16,07
2017-07-24 15:00:00.000,2017,7,24,15,11008KT,16,07
2017-07-24 16:00:00.000,2017,7,24,16,12008KT,17,07
2017-07-24 17:00:00.000,2017,7,24,17,13010KT,18,08
2017-07-24 18:00:00.000,2017,7,24,18,13010KT,17,08
2017-07-24 19:00:00.000,2017,7,24,19,13011KT,19,07
2017-07-24 20:00:00.000,2017,7,24,20,17011KT,18,08
2017-07-24 21:00:00.000,2017,7,24,21,16011KT,18,08
2017-07-24 22:00:00.000,2017,7,24,22,16010KT,17,08
2017-07-24 23:00:00.000,2017,7,24,23,16009KT,16,07
2017-07-24 23:15:00.000,2017,7,24,23,VRB02KT,15,10
2017-07-25 00:00:00.000,2017,7,25,0,08004KT,14,10
2017-07-25 01:00:00.000,2017,7,25,1,11005KT,14,09
2017-07-25 01:35:00.000,2017,7,25,1,09006KT,13,10
2017-07-25 02:00:00.000,2017,7,25,2,14006KT,12,10
2017-07-25 02:15:00.000,2017,7,25,2,05003KT,12,10
2017-07-25 03:00:00.000,2017,7,25,3,05003KT,12,10
2017-07-25 04:00:00.000,2017,7,25,4,02005KT,12,10
2017-07-25 05:00:00.000,2017,7,25,5,05005KT,12,10
2017-07-25 06:00:00.000,2017,7,25,6,05004KT,12,10
2017-07-25 07:00:00.000,2017,7,25,7,01003KT,12,140
2017-07-25 08:00:00.000,2017,7,25,8,VRB02KT,12,140
2017-07-25 09:00:00.000,2017,7,25,9,06004KT,11,10
2017-07-25 10:00:00.000,2017,7,25,10,06008KT,12,10
2017-07-25 10:30:00.000,2017,7,25,10,07006KT,12,10
2017-07-25 11:00:00.000,2017,7,25,11,06003KT,12,10
2017-07-25 12:00:00.000,2017,7,25,12,04006KT,13,10
2017-07-25 13:00:00.000,2017,7,25,13,20010KT,14,09
2017-07-25 13:25:00.000,2017,7,25,13,14011KT,16,09
2017-07-25 14:00:00.000,2017,7,25,14,16014KT,16,09
2017-07-25 15:00:00.000,2017,7,25,15,17014KT,17,08
2017-07-25 16:00:00.000,2017,7,25,16,14016KT,18,08
2017-07-25 17:00:00.000,2017,7,25,17,12012KT,19,09
2017-07-25 18:00:00.000,2017,7,25,18,16016KT,19,08
2017-07-25 19:00:00.000,2017,7,25,19,15016KT,18,08
2017-07-25 20:00:00.000,2017,7,25,20,11012KT,18,09
2017-07-25 21:00:00.000,2017,7,25,21,16014KT,17,08
2017-07-25 22:00:00.000,2017,7,25,22,15012KT,17,08
2017-07-25 23:00:00.000,2017,7,25,23,17012KT,15,07
2017-07-26 00:00:00.000,2017,7,26,0,16013KT,14,07
2017-07-26 01:00:00.000,2017,7,26,1,10005KT,13,08
2017-07-26 02:00:00.000,2017,7,26,2,11005KT,13,08
2017-07-26 03:00:00.000,2017,7,26,3,11005KT,13,07
2017-07-26 04:00:00.000,2017,7,26,4,12003KT,13,07
2017-07-26 05:00:00.000,2017,7,26,5,14008KT,13,07
2017-07-26 06:00:00.000,2017,7,26,6,13007KT,13,078
2017-07-26 07:00:00.000,2017,7,26,7,13007KT,12,06
2017-07-26 08:00:00.000,2017,7,26,8,14011KT,12,05
2017-07-26 09:00:00.000,2017,7,26,9,14010KT,12,06
2017-07-26 10:00:00.000,2017,7,26,10,16008KT,12,07
2017-07-26 10:30:00.000,2017,7,26,10,14006KT,12,07
2017-07-26 11:00:00.000,2017,7,26,11,14007KT,11,07
2017-07-26 12:00:00.000,2017,7,26,12,14006KT,13,08
2017-07-26 12:20:00.000,2017,7,26,12,15010KT,13,08
2017-07-26 13:00:00.000,2017,7,26,13,13010KT,14,08
2017-07-26 14:00:00.000,2017,7,26,14,19012KT,15,08
2017-07-26 14:25:00.000,2017,7,26,14,16010KT,14,08
2017-07-26 15:00:00.000,2017,7,26,15,19007KT,15,09
2017-07-26 16:00:00.000,2017,7,26,16,16009KT,15,09
2017-07-26 17:00:00.000,2017,7,26,17,17016KT,16,07
2017-07-26 18:00:00.000,2017,7,26,18,17012KT,16,08
2017-07-26 19:00:00.000,2017,7,26,19,16012KT,17,09
2017-07-26 20:00:00.000,2017,7,26,20,15012KT,17,08
2017-07-26 21:00:00.000,2017,7,26,21,17012KT,16,08
2017-07-26 22:00:00.000,2017,7,26,22,15015KT,16,08
2017-07-26 23:00:00.000,2017,7,26,23,16018KT,14,08
2017-07-27 00:00:00.000,2017,7,27,0,18006KT,14,07
2017-07-27 01:00:00.000,2017,7,27,1,07005KT,13,08
2017-07-27 02:00:00.000,2017,7,27,2,10008KT,14,08
2017-07-27 03:00:00.000,2017,7,27,3,08005KT,13,08
2017-07-27 04:00:00.000,2017,7,27,4,11005KT,13,08
2017-07-27 05:00:00.000,2017,7,27,5,09003KT,13,08
2017-07-27 06:00:00.000,2017,7,27,6,35003KT,10,08
2017-07-27 07:00:00.000,2017,7,27,7,VRB02KT,10,08
2017-07-27 08:00:00.000,2017,7,27,8,VRB02KT,09,07
2017-07-27 09:00:00.000,2017,7,27,9,VRB02KT,09,08
2017-07-27 10:00:00.000,2017,7,27,10,VRB02KT,08,07
2017-07-27 10:30:00.000,2017,7,27,10,32003KT,09,08
2017-07-27 11:00:00.000,2017,7,27,11,32003KT,09,07
2017-07-27 12:00:00.000,2017,7,27,12,02007KT,10,08
2017-07-27 12:30:00.000,2017,7,27,12,06006KT,12,09
2017-07-27 13:00:00.000,2017,7,27,13,08007KT,14,09
2017-07-27 14:00:00.000,2017,7,27,14,05010KT,16,09
2017-07-27 15:00:00.000,2017,7,27,15,23005KT,16,08
2017-07-27 16:00:00.000,2017,7,27,16,17017KT,18,09
2017-07-27 17:00:00.000,2017,7,27,17,17014KT,17,08
2017-07-27 18:00:00.000,2017,7,27,18,18016KT,17,08
2017-07-27 19:00:00.000,2017,7,27,19,17015KT,18,09
2017-07-27 20:00:00.000,2017,7,27,20,18016KT,18,08
2017-07-27 21:00:00.000,2017,7,27,21,16019KT,17,08
2017-07-27 22:00:00.000,2017,7,27,22,14014KT,16,08
2017-07-27 23:00:00.000,2017,7,27,23,13012KT,15,08
2017-07-28 00:00:00.000,2017,7,28,0,13008KT,13,08
2017-07-28 01:00:00.000,2017,7,28,1,02006KT,13,08
2017-07-28 02:00:00.000,2017,7,28,2,02007KT,12,09
2017-07-28 03:00:00.000,2017,7,28,3,07006KT,13,06
2017-07-28 04:00:00.000,2017,7,28,4,06007KT,13,09
2017-07-28 05:00:00.000,2017,7,28,5,VRB02KT,12,09
2017-07-28 06:00:00.000,2017,7,28,6,02003KT,12,09
2017-07-28 07:00:00.000,2017,7,28,7,08006KT,12,09
2017-07-28 08:00:00.000,2017,7,28,8,01005KT,12,08
2017-07-28 10:30:00.000,2017,7,28,10,29003KT,11,09
2017-07-28 11:00:00.000,2017,7,28,11,VRB02KT,11,09
2017-07-28 12:00:00.000,2017,7,28,12,01003KT,11,10
2017-07-28 12:38:00.000,2017,7,28,12,04003KT,13,10
2017-07-28 13:00:00.000,2017,7,28,13,VRB02KT,15,10
2017-07-28 14:00:00.000,2017,7,28,14,16009KT,16,09
2017-07-28 15:00:00.000,2017,7,28,15,16012KT,18,09
2017-07-28 16:00:00.000,2017,7,28,16,15014KT,17,09
2017-07-28 17:00:00.000,2017,7,28,17,13008KT,18,09
2017-07-28 18:00:00.000,2017,7,28,18,15012KT,18,08
2017-07-28 19:00:00.000,2017,7,28,19,17014KT,18,08
2017-07-28 20:00:00.000,2017,7,28,20,16010KT,19,08
2017-07-28 21:00:00.000,2017,7,28,21,15016KT,18,08
2017-07-28 22:00:00.000,2017,7,28,22,16016KT,16,08
2017-07-28 23:00:00.000,2017,7,28,23,14012KT,15,08
2017-07-29 00:00:00.000,2017,7,29,0,15008KT,14,08
2017-07-29 01:00:00.000,2017,7,29,1,13007KT,13,08
2017-07-29 02:00:00.000,2017,7,29,2,14007KT,14,08
2017-07-29 03:00:00.000,2017,7,29,3,13005KT,13,08
2017-07-29 04:00:00.000,2017,7,29,4,05004KT,12,09
2017-07-29 05:00:00.000,2017,7,29,5,32005KT,12,09
2017-07-29 06:00:00.000,2017,7,29,6,32004KT,11,09
2017-07-29 07:00:00.000,2017,7,29,7,VRB02KT,11,09
2017-07-29 08:00:00.000,2017,7,29,8,05004KT,11,09
2017-07-29 09:00:00.000,2017,7,29,9,05004KT,11,09
2017-07-29 10:00:00.000,2017,7,29,10,02005KT,11,09
2017-07-29 10:30:00.000,2017,7,29,10,VRB02KT,11,09
2017-07-29 11:00:00.000,2017,7,29,11,VRB02KT,11,09
2017-07-29 11:25:00.000,2017,7,29,11,VRB02KT,10,09
2017-07-29 12:00:00.000,2017,7,29,12,VRB02KT,11,10
2017-07-29 13:00:00.000,2017,7,29,13,VRB02KT,13,10
2017-07-29 13:18:00.000,2017,7,29,13,35003KT,13,10
2017-07-29 14:00:00.000,2017,7,29,14,VRB02KT,14,11
2017-07-29 15:00:00.000,2017,7,29,15,16013KT,16,09
2017-07-29 16:00:00.000,2017,7,29,16,17008G20KT,17,09
2017-07-29 17:00:00.000,2017,7,29,17,16012KT,19,09
2017-07-29 18:00:00.000,2017,7,29,18,11013KT,18,09
2017-07-29 19:00:00.000,2017,7,29,19,15010KT,18,09
2017-07-29 20:00:00.000,2017,7,29,20,11014KT,18,09
2017-07-29 21:00:00.000,2017,7,29,21,14012KT,18,09
2017-07-29 22:00:00.000,2017,7,29,22,14011KT,17,09
2017-07-29 23:00:00.000,2017,7,29,23,16008KT,15,09
2017-07-30 00:00:00.000,2017,7,30,0,16012KT,14,08
2017-07-30 01:00:00.000,2017,7,30,1,14008KT,14,09
2017-07-30 02:00:00.000,2017,7,30,2,14010KT,14,08
2017-07-30 03:00:00.000,2017,7,30,3,17008KT,14,09
2017-07-30 04:00:00.000,2017,7,30,4,14006KT,13,09
2017-07-30 05:00:00.000,2017,7,30,5,15008KT,13,09
2017-07-30 06:00:00.000,2017,7,30,6,16006KT,13,09
2017-07-30 07:00:00.000,2017,7,30,7,VRB02KT,12,09
2017-07-30 08:00:00.000,2017,7,30,8,VRB02KT,12,10
2017-07-30 09:00:00.000,2017,7,30,9,VRB02KT,12,10
2017-07-30 10:00:00.000,2017,7,30,10,VRB02KT,12,10
2017-07-30 10:30:00.000,2017,7,30,10,VRB02KT,12,10
2017-07-30 11:00:00.000,2017,7,30,11,VRB02KT,12,10
2017-07-30 12:00:00.000,2017,7,30,12,19004KT,13,10
2017-07-30 13:00:00.000,2017,7,30,13,14009KT,14,09
2017-07-30 14:00:00.000,2017,7,30,14,18010KT,15,08
2017-07-30 15:00:00.000,2017,7,30,15,15012KT,16,08
2017-07-30 16:00:00.000,2017,7,30,16,15015KT,16,09
2017-07-30 16:05:00.000,2017,7,30,16,16016KT,15,09
2017-07-30 17:00:00.000,2017,7,30,17,15013KT,15,08
2017-07-30 18:00:00.000,2017,7,30,18,16015KT,15,08
2017-07-30 19:00:00.000,2017,7,30,19,19013K7,15,08
2017-07-30 20:00:00.000,2017,7,30,20,16013KT,16,08
2017-07-30 21:00:00.000,2017,7,30,21,16012KT,17,08
2017-07-30 22:00:00.000,2017,7,30,22,12012KT,15,07
2017-07-30 23:00:00.000,2017,7,30,23,17011KT,14,07
2017-07-31 00:00:00.000,2017,7,31,0,16009KT,13,07
2017-07-31 01:00:00.000,2017,7,31,1,17008KT,13,07
2017-07-31 02:00:00.000,2017,7,31,2,16008KT,13,07
2017-07-31 03:00:00.000,2017,7,31,3,16004KT,12,07
2017-07-31 04:00:00.000,2017,7,31,4,VRB02KT,10,08
2017-07-31 05:00:00.000,2017,7,31,5,04003KT,09,08
2017-07-31 06:00:00.000,2017,7,31,6,02004KT,09,07
2017-07-31 07:00:00.000,2017,7,31,7,04004KT,09,07
2017-07-31 08:00:00.000,2017,7,31,8,VRB02KT,09,07
2017-07-31 09:00:00.000,2017,7,31,9,VRB02KT,10,08
2017-07-31 10:00:00.000,2017,7,31,10,VRB02KT,10,08
2017-07-31 11:00:00.000,2017,7,31,11,VRB02KT,09,08
2017-07-31 12:00:00.000,2017,7,31,12,VRB02KT,10,08
2017-07-31 13:00:00.000,2017,7,31,13,VRB02KT,12,09
2017-07-31 14:00:00.000,2017,7,31,14,14010KT,14,06
2017-07-31 15:00:00.000,2017,7,31,15,15010KT,14,04
2017-07-31 16:00:00.000,2017,7,31,16,17013KT,14,06
2017-07-31 17:00:00.000,2017,7,31,17,19010KT,14,06
2017-07-31 18:00:00.000,2017,7,31,18,15015KT,15,06
2017-07-31 19:00:00.000,2017,7,31,19,14012KT,17,06
2017-07-31 20:00:00.000,2017,7,31,20,13010KT,15,05
2017-07-31 21:00:00.000,2017,7,31,21,12010KT,17,04
2017-07-31 22:00:00.000,2017,7,31,22,15010KT,17,03
2017-07-31 23:00:00.000,2017,7,31,23,14008KT,16,02
2017-08-01 00:00:00.000,2017,8,1,0,09004KT,13,05
2017-08-01 01:00:00.000,2017,8,1,1,32003KT,11,05
2017-08-01 02:00:00.000,2017,8,1,2,VRB02KT,10,07
2017-08-01 03:00:00.000,2017,8,1,3,16003KT,10,07
2017-08-01 04:00:00.000,2017,8,1,4,02003KT,09,07
2017-08-01 05:00:00.000,2017,8,1,5,VRB02KT,09,07
2017-08-01 06:00:00.000,2017,8,1,6,33004KT,09,07
2017-08-01 07:00:00.000,2017,8,1,7,VRB02KT,10,08
2017-08-01 08:00:00.000,2017,8,1,8,03004KT,10,08
2017-08-01 09:00:00.000,2017,8,1,9,04003KT,10,08
2017-08-01 10:00:00.000,2017,8,1,10,VBR02KT,10,08
2017-08-01 10:30:00.000,2017,8,1,10,VRB02KT,10,08
2017-08-01 11:00:00.000,2017,8,1,11,VRB02KT,10,08
2017-08-01 11:15:00.000,2017,8,1,11,VRB02KT,10,08
2017-08-01 12:00:00.000,2017,8,1,12,23004KT,11,08
2017-08-01 13:00:00.000,2017,8,1,13,08004KT,12,08
2017-08-01 14:00:00.000,2017,8,1,14,VRB02KT,14,08
2017-08-01 15:00:00.000,2017,8,1,15,34004KT,15,07
2017-08-01 16:00:00.000,2017,8,1,16,12004KT,17,06
2017-08-01 17:00:00.000,2017,8,1,17,VRB02KT,17,06
2017-08-01 18:00:00.000,2017,8,1,18,19004KT,19,06
2017-08-01 19:00:00.000,2017,8,1,19,VRB03KT,19,06
2017-08-01 20:00:00.000,2017,8,1,20,25010KT,17,09
2017-08-01 21:00:00.000,2017,8,1,21,29006KT,15,09
2017-08-01 22:00:00.000,2017,8,1,22,29006KT,16,08
2017-08-01 23:00:00.000,2017,8,1,23,26005KT,15,08
2017-08-02 00:00:00.000,2017,8,2,0,27003KT,14,09
2017-08-02 01:00:00.000,2017,8,2,1,VRB02KT,12,09
2017-08-02 02:00:00.000,2017,8,2,2,VRB02KT,11,09
2017-08-02 03:00:00.000,2017,8,2,3,34003KT,11,09
2017-08-02 04:00:00.000,2017,8,2,4,VRB02KT,11,09
2017-08-02 05:00:00.000,2017,8,2,5,33003KT,10,09
2017-08-02 06:00:00.000,2017,8,2,6,32003KT,10,09
2017-08-02 07:00:00.000,2017,8,2,7,VRB02KT,11,09
2017-08-02 08:00:00.000,2017,8,2,8,00000KT,10,08
2017-08-02 09:00:00.000,2017,8,2,9,33003KT,08,06
2017-08-02 10:00:00.000,2017,8,2,10,00000KT,07,06
2017-08-02 10:30:00.000,2017,8,2,10,VRB02KT,07,07
2017-08-02 11:00:00.000,2017,8,2,11,VRB02KT,06,06
2017-08-02 11:30:00.000,2017,8,2,11,VRB02KT,08,08
2017-08-02 12:00:00.000,2017,8,2,12,VRB02KT,08,07
2017-08-02 12:30:00.000,2017,8,2,12,32004KT,10,09
2017-08-02 13:00:00.000,2017,8,2,13,34003KT,12,10
2017-08-02 13:32:00.000,2017,8,2,13,VRB02KT,15,09
2017-08-02 14:00:00.000,2017,8,2,14,29003KT,16,08
2017-08-02 15:00:00.000,2017,8,2,15,34003KT,18,07
2017-08-02 16:00:00.000,2017,8,2,16,10007KT,20,08
2017-08-02 17:00:00.000,2017,8,2,17,13009KT,22,03
2017-08-02 18:00:00.000,2017,8,2,18,12008KT,22,05
2017-08-02 19:00:00.000,2017,8,2,19,10006KT,22,05
2017-08-02 20:00:00.000,2017,8,2,20,27010KT,19,10
2017-08-02 21:00:00.000,2017,8,2,21,29009KT,19,11
2017-08-02 22:00:00.000,2017,8,2,22,28008KT,17,11
2017-08-02 23:00:00.000,2017,8,2,23,30008KT,15,11
2017-08-03 00:00:00.000,2017,8,3,0,33003KT,14,10
2017-08-03 01:00:00.000,2017,8,3,1,VRB02KT,13,11
2017-08-03 02:00:00.000,2017,8,3,2,VRB02KT,11,09
2017-08-03 03:00:00.000,2017,8,3,3,32003KT,11,10
2017-08-03 04:00:00.000,2017,8,3,4,VRB02KT,10,09
2017-08-03 05:00:00.000,2017,8,3,5,04003KT,09,09
2017-08-03 06:00:00.000,2017,8,3,6,VRB02KT,07,07
2017-08-03 07:00:00.000,2017,8,3,7,34003KT,06,06
2017-08-03 08:00:00.000,2017,8,3,8,31003KT,07,06
2017-08-03 09:00:00.000,2017,8,3,9,30003KT,08,07
2017-08-03 10:00:00.000,2017,8,3,10,VRB02KT,06,06
2017-08-03 10:30:00.000,2017,8,3,10,VRB02KT,07,07
2017-08-03 11:00:00.000,2017,8,3,11,VRB02KT,07,06
2017-08-03 12:00:00.000,2017,8,3,12,03004KT,10,09
2017-08-03 13:00:00.000,2017,8,3,13,05003KT,11,10
2017-08-03 14:00:00.000,2017,8,3,14,15004KT,15,08
2017-08-03 15:00:00.000,2017,8,3,15,07005KT,15,09
2017-08-03 16:00:00.000,2017,8,3,16,17005KT,19,07
2017-08-03 17:00:00.000,2017,8,3,17,18012KT,20,08
2017-08-03 18:00:00.000,2017,8,3,18,16013KT,21,08
2017-08-03 19:00:00.000,2017,8,3,19,19005KT,20,07
2017-08-03 20:00:00.000,2017,8,3,20,17015KT,21,06
2017-08-03 21:00:00.000,2017,8,3,21,16010KT,21,05
2017-08-03 22:00:00.000,2017,8,3,22,18011KT,20,06
2017-08-03 23:00:00.000,2017,8,3,23,18010KT,19,06
2017-08-04 00:00:00.000,2017,8,4,0,18005KT,16,07
2017-08-04 01:00:00.000,2017,8,4,1,30004KT,15,11
2017-08-04 02:00:00.000,2017,8,4,2,VRB02KT,13,11
2017-08-04 03:00:00.000,2017,8,4,3,03004KT,12,09
2017-08-04 04:00:00.000,2017,8,4,4,36004KT,14,09
2017-08-04 05:00:00.000,2017,8,4,5,VRB02KT,13,10
2017-08-04 06:00:00.000,2017,8,4,6,14008KT,15,08
2017-08-04 07:00:00.000,2017,8,4,7,20003KT,13,07
2017-08-04 08:00:00.000,2017,8,4,8,00000KT,13,09
2017-08-04 09:00:00.000,2017,8,4,9,00000KT,10,08
2017-08-04 10:00:00.000,2017,8,4,10,VRB02KT,11,09
2017-08-04 10:30:00.000,2017,8,4,10,04003KT,11,09
2017-08-04 11:00:00.000,2017,8,4,11,VRB02KT,11,09
2017-08-04 11:36:00.000,2017,8,4,11,VRB02KT,12,10
2017-08-04 12:00:00.000,2017,8,4,12,VRB02KT,12,11
2017-08-04 13:00:00.000,2017,8,4,13,05005KT,13,11
2017-08-04 14:00:00.000,2017,8,4,14,08004KT,14,11
2017-08-04 15:00:00.000,2017,8,4,15,09005KT,14,11
2017-08-04 15:30:00.000,2017,8,4,15,10004KT,13,10
2017-08-04 16:00:00.000,2017,8,4,16,VRB02KT,14,11
2017-08-04 17:00:00.000,2017,8,4,17,15005KT,16,10
2017-08-04 18:00:00.000,2017,8,4,18,17014KT,16,08
2017-08-04 19:00:00.000,2017,8,4,19,15016KT,19,09
2017-08-04 20:00:00.000,2017,8,4,20,16012KT,19,09
2017-08-04 21:00:00.000,2017,8,4,21,17016KT,19,08
2017-08-04 22:00:00.000,2017,8,4,22,15016KT,17,06
2017-08-04 23:00:00.000,2017,8,4,23,14013KT,16,07
2017-08-05 00:00:00.000,2017,8,5,0,13010KT,13,08
2017-08-05 01:00:00.000,2017,8,5,1,16009KT,14,08
2017-08-05 02:00:00.000,2017,8,5,2,13004KT,13,08
2017-08-05 03:00:00.000,2017,8,5,3,13006KT,14,08
2017-08-05 04:00:00.000,2017,8,5,4,13009KT,14,09
2017-08-05 05:00:00.000,2017,8,5,5,14005KT,13,09
2017-08-05 06:00:00.000,2017,8,5,6,16006KT,14,09
2017-08-05 07:00:00.000,2017,8,5,7,16007KT,14,08
2017-08-05 08:00:00.000,2017,8,5,8,13005KT,13,09
2017-08-05 09:00:00.000,2017,8,5,9,17010KT,13,08
2017-08-05 10:00:00.000,2017,8,5,10,13006KT,12,08
2017-08-05 10:30:00.000,2017,8,5,10,13006KT,12,08
2017-08-05 11:00:00.000,2017,8,5,11,13007KT,12,08
2017-08-05 12:00:00.000,2017,8,5,12,13006KT,13,08
2017-08-05 13:00:00.000,2017,8,5,13,16008KT,14,08
2017-08-05 14:00:00.000,2017,8,5,14,15012KT,15,07
2017-08-05 15:00:00.000,2017,8,5,15,15011KT,17,07
2017-08-05 16:00:00.000,2017,8,5,16,14014KT,18,07
2017-08-05 17:00:00.000,2017,8,5,17,15012KT,18,08
2017-08-05 18:00:00.000,2017,8,5,18,16008KT,18,07
2017-08-05 19:00:00.000,2017,8,5,19,17014KT,18,07
2017-08-05 20:00:00.000,2017,8,5,20,16011KT,19,08
2017-08-05 21:00:00.000,2017,8,5,21,16012KT,18,07
2017-08-05 22:00:00.000,2017,8,5,22,17012KT,17,07
2017-08-05 23:00:00.000,2017,8,5,23,21004KT,16,08
2017-08-06 00:00:00.000,2017,8,6,0,15008KT,15,08
2017-08-06 01:00:00.000,2017,8,6,1,32003KT,12,08
2017-08-06 02:00:00.000,2017,8,6,2,03004KT,11,08
2017-08-06 03:00:00.000,2017,8,6,3,05004KT,11,08
2017-08-06 04:00:00.000,2017,8,6,4,33004KT,11,09
2017-08-06 05:00:00.000,2017,8,6,5,02003KT,11,09
2017-08-06 06:00:00.000,2017,8,6,6,30004KT,11,09
2017-08-06 07:00:00.000,2017,8,6,7,VRB02KT,10,08
2017-08-06 08:00:00.000,2017,8,6,8,VRB02KT,09,07
2017-08-06 09:00:00.000,2017,8,6,9,VRB02KT,08,06
2017-08-06 10:00:00.000,2017,8,6,10,32004KT,08,06
2017-08-06 11:00:00.000,2017,8,6,11,06004KT,08,07
2017-08-06 12:00:00.000,2017,8,6,12,VRB02KT,10,09
2017-08-06 13:00:00.000,2017,8,6,13,05005KT,13,09
2017-08-06 14:00:00.000,2017,8,6,14,02004KT,14,09
2017-08-06 15:00:00.000,2017,8,6,15,15012KT,17,08
2017-08-06 16:00:00.000,2017,8,6,16,14010KT,18,08
2017-08-06 17:00:00.000,2017,8,6,17,13014KT,18,08
2017-08-06 18:00:00.000,2017,8,6,18,14012KT,20,07
2017-08-06 19:00:00.000,2017,8,6,19,15011KT,20,07
2017-08-06 20:00:00.000,2017,8,6,20,14010KT,19,07
2017-08-06 21:00:00.000,2017,8,6,21,10007KT,18,07
2017-08-06 22:00:00.000,2017,8,6,22,08010KT,17,06
2017-08-06 23:00:00.000,2017,8,6,23,09006KT,17,07
2017-08-07 00:00:00.000,2017,8,7,0,10008KT,16,06
2017-08-07 01:00:00.000,2017,8,7,1,07003KT,13,08
2017-08-07 02:00:00.000,2017,8,7,2,02003KT,12,08
2017-08-07 03:00:00.000,2017,8,7,3,09003KT,13,08
2017-08-07 04:00:00.000,2017,8,7,4,34005KT,10,08
2017-08-07 05:00:00.000,2017,8,7,5,05006KT,09,07
2017-08-07 06:00:00.000,2017,8,7,6,34003KT,10,08
2017-08-07 07:00:00.000,2017,8,7,7,06005KT,11,08
2017-08-07 08:00:00.000,2017,8,7,8,02004KT,10,08
2017-08-07 09:00:00.000,2017,8,7,9,35003KT,09,08
2017-08-07 11:00:00.000,2017,8,7,11,VRB02KT,10,08
2017-08-07 12:00:00.000,2017,8,7,12,05005KT,10,09
2017-08-07 13:00:00.000,2017,8,7,13,04005KT,14,10
2017-08-07 14:00:00.000,2017,8,7,14,17006KT,17,09
2017-08-07 15:00:00.000,2017,8,7,15,13007KT,17,07
2017-08-07 16:00:00.000,2017,8,7,16,12013KT,19,08
2017-08-07 17:00:00.000,2017,8,7,17,12010KT,19,08
2017-08-07 18:00:00.000,2017,8,7,18,14012KT,20,08
2017-08-07 19:00:00.000,2017,8,7,19,16012KT,18,08
2017-08-07 20:00:00.000,2017,8,7,20,16011KT,17,09
2017-08-07 21:00:00.000,2017,8,7,21,11006KT,17,08
2017-08-07 22:00:00.000,2017,8,7,22,11006KT,17,08
2017-08-07 23:00:00.000,2017,8,7,23,08006KT,16,08
2017-08-08 00:00:00.000,2017,8,8,0,09006KT,15,09
2017-08-08 01:00:00.000,2017,8,8,1,08006KT,14,08
2017-08-08 02:00:00.000,2017,8,8,2,05005KT,12,08
2017-08-08 03:00:00.000,2017,8,8,3,04005KT,12,08
2017-08-08 04:00:00.000,2017,8,8,4,05003KT,12,08
2017-08-08 05:00:00.000,2017,8,8,5,VRB02KT,11,09
2017-08-08 06:00:00.000,2017,8,8,6,03004KT,11,09
2017-08-08 07:00:00.000,2017,8,8,7,35004KT,10,08
2017-08-08 08:00:00.000,2017,8,8,8,VRB02KT,10,09
2017-08-08 09:00:00.000,2017,8,8,9,VRB02KT,10,08
2017-08-08 10:00:00.000,2017,8,8,10,VRB02KT,11,09
2017-08-08 11:00:00.000,2017,8,8,11,VRB02KT,11,08
2017-08-08 12:00:00.000,2017,8,8,12,01004KT,12,10
2017-08-08 13:00:00.000,2017,8,8,13,05006KT,14,10
2017-08-08 14:00:00.000,2017,8,8,14,06008KT,13,11
2017-08-08 14:26:00.000,2017,8,8,14,10005KT,16,08
2017-08-08 15:00:00.000,2017,8,8,15,14006KT,17,09
2017-08-08 16:00:00.000,2017,8,8,16,10009KT,19,07
2017-08-08 17:00:00.000,2017,8,8,17,10007KT,18,07
2017-08-08 18:00:00.000,2017,8,8,18,11008KT,18,07
2017-08-08 19:00:00.000,2017,8,8,19,15010KT,19,07
2017-08-08 20:00:00.000,2017,8,8,20,13007KT,19,08
2017-08-08 21:00:00.000,2017,8,8,21,13010KT,20,06
2017-08-08 22:00:00.000,2017,8,8,22,11007KT,19,06
2017-08-08 23:00:00.000,2017,8,8,23,10009KT,17,08
2017-08-09 00:00:00.000,2017,8,9,0,09005KT,15,08
2017-08-09 01:00:00.000,2017,8,9,1,08004KT,13,08
2017-08-09 02:00:00.000,2017,8,9,2,33004KT,13,09
2017-08-09 02:37:00.000,2017,8,9,2,15005KT,14,09
2017-08-09 03:00:00.000,2017,8,9,3,15005KT,13,10
2017-08-09 03:17:00.000,2017,8,9,3,09005KT,13,10
2017-08-09 04:00:00.000,2017,8,9,4,06005KT,12,10
2017-08-09 05:00:00.000,2017,8,9,5,06003KT,12,11
2017-08-09 06:00:00.000,2017,8,9,6,04005KT,11,10
2017-08-09 07:00:00.000,2017,8,9,7,00000KT,12,11
2017-08-09 08:00:00.000,2017,8,9,8,VRB02KT,12,11
2017-08-09 09:00:00.000,2017,8,9,9,03003KT,11,10
2017-08-09 10:00:00.000,2017,8,9,10,VRB02KT,11,10
2017-08-09 10:30:00.000,2017,8,9,10,VRB02KT,10,09
2017-08-09 11:00:00.000,2017,8,9,11,09003KT,11,10
2017-08-09 12:00:00.000,2017,8,9,12,11006KT,13,09
2017-08-09 13:00:00.000,2017,8,9,13,12010KT,15,09
2017-08-09 14:00:00.000,2017,8,9,14,13008KT,15,08
2017-08-09 15:00:00.000,2017,8,9,15,12008KT,17,08
2017-08-09 16:00:00.000,2017,8,9,16,16008KT,17,08
2017-08-09 17:00:00.000,2017,8,9,17,12009KT,17,08
2017-08-09 18:00:00.000,2017,8,9,18,12012KT,17,08
2017-08-09 19:00:00.000,2017,8,9,19,11011KT,18,08
2017-08-09 20:00:00.000,2017,8,9,20,14012KT,19,06
2017-08-09 21:00:00.000,2017,8,9,21,16012KT,18,05
2017-08-09 22:00:00.000,2017,8,9,22,15006KT,18,05
2017-08-09 23:00:00.000,2017,8,9,23,10005KT,17,05
2017-08-10 00:00:00.000,2017,8,10,0,09006KT,15,07
2017-08-10 01:00:00.000,2017,8,10,1,VRB02KT,13,08
2017-08-10 02:00:00.000,2017,8,10,2,04006KT,11,08
2017-08-10 03:00:00.000,2017,8,10,3,05004KT,11,08
2017-08-10 04:00:00.000,2017,8,10,4,34004KT,09,07
2017-08-10 05:00:00.000,2017,8,10,5,07005KT,11,09
2017-08-10 06:00:00.000,2017,8,10,6,34003KT,10,08
2017-08-10 07:00:00.000,2017,8,10,7,04006KT,10,07
2017-08-10 08:00:00.000,2017,8,10,8,36003KT,09,08
2017-08-10 09:00:00.000,2017,8,10,9,02005KT,09,06
2017-08-10 10:00:00.000,2017,8,10,10,VRB02KT,08,07
2017-08-10 10:30:00.000,2017,8,10,10,VRB02KT,08,07
2017-08-10 11:00:00.000,2017,8,10,11,VRB02KT,06,05
2017-08-10 12:00:00.000,2017,8,10,12,04003KT,08,08
2017-08-10 12:10:00.000,2017,8,10,12,VRB02KT,10,09
2017-08-10 13:00:00.000,2017,8,10,13,05005KT,12,09
2017-08-10 13:30:00.000,2017,8,10,13,03005KT,14,09
2017-08-10 14:00:00.000,2017,8,10,14,02004KT,15,09
2017-08-10 14:40:00.000,2017,8,10,14,03005KT,17,09
2017-08-10 15:00:00.000,2017,8,10,15,05006KT,18,08
2017-08-10 16:00:00.000,2017,8,10,16,10009KT,20,05
2017-08-10 17:00:00.000,2017,8,10,17,14009KT,20,05
2017-08-10 18:00:00.000,2017,8,10,18,13008KT,19,06
2017-08-10 19:00:00.000,2017,8,10,19,05006KT,20,07
2017-08-10 20:00:00.000,2017,8,10,20,VRB03KT,18,08
2017-08-10 21:00:00.000,2017,8,10,21,VRB03KT,17,11
2017-08-10 22:00:00.000,2017,8,10,22,28005KT,17,10
2017-08-10 23:00:00.000,2017,8,10,23,12005KT,17,08
2017-08-11 00:00:00.000,2017,8,11,0,09004KT,16,08
2017-08-11 01:00:00.000,2017,8,11,1,VRB02KT,15,11
2017-08-11 02:00:00.000,2017,8,11,2,32004KT,13,11
2017-08-11 03:00:00.000,2017,8,11,3,32003KT,12,10
2017-08-11 04:00:00.000,2017,8,11,4,01003KT,12,10
2017-08-11 05:00:00.000,2017,8,11,5,VRB02KT,12,10
2017-08-11 06:00:00.000,2017,8,11,6,34003KT,12,10
2017-08-11 07:00:00.000,2017,8,11,7,VRB02KT,11,10
2017-08-11 08:00:00.000,2017,8,11,8,VRB02KT,12,10
2017-08-11 09:00:00.000,2017,8,11,9,32003KT,11,09
2017-08-11 10:00:00.000,2017,8,11,10,VRB02KT,10,09
2017-08-11 10:30:00.000,2017,8,11,10,VRB02KT,10,09
2017-08-11 11:00:00.000,2017,8,11,11,VRB02KT,10,08
2017-08-11 12:00:00.000,2017,8,11,12,33003KT,10,09
2017-08-11 13:00:00.000,2017,8,11,13,VRB02KT,12,10
2017-08-11 14:00:00.000,2017,8,11,14,06004KT,14,10
2017-08-11 15:00:00.000,2017,8,11,15,05005KT,16,10
2017-08-11 16:00:00.000,2017,8,11,16,14010KT,18,07
2017-08-11 17:00:00.000,2017,8,11,17,10008KT,18,07
2017-08-11 18:00:00.000,2017,8,11,18,14009KT,18,07
2017-08-11 19:00:00.000,2017,8,11,19,11006KT,20,07
2017-08-11 20:00:00.000,2017,8,11,20,11009G20KT,20,06
2017-08-11 21:00:00.000,2017,8,11,21,05008KT,19,07
2017-08-11 22:00:00.000,2017,8,11,22,08006KT,19,07
2017-08-11 23:00:00.000,2017,8,11,23,VRB02KT,18,06
2017-08-12 00:00:00.000,2017,8,12,0,20005KT,15,11
2017-08-12 01:00:00.000,2017,8,12,1,VRB02KT,13,10
2017-08-12 02:00:00.000,2017,8,12,2,19004KT,14,12
2017-08-12 03:00:00.000,2017,8,12,3,VRB02KT,13,11
2017-08-12 04:00:00.000,2017,8,12,4,34003KT,12,10
2017-08-12 05:00:00.000,2017,8,12,5,02004KT,11,09
2017-08-12 06:00:00.000,2017,8,12,6,00000KT,11,09
2017-08-12 07:00:00.000,2017,8,12,7,04006KT,10,09
2017-08-12 08:00:00.000,2017,8,12,8,02006KT,11,09
2017-08-12 09:00:00.000,2017,8,12,9,VRB02KT,11,09
2017-08-12 10:00:00.000,2017,8,12,10,VRB02KT,11,10
2017-08-12 10:30:00.000,2017,8,12,10,14003KT,12,09
2017-08-12 11:00:00.000,2017,8,12,11,02004KT,12,09
2017-08-12 12:00:00.000,2017,8,12,12,05007KT,12,10
2017-08-12 13:00:00.000,2017,8,12,13,03008KT,13,09
2017-08-12 14:00:00.000,2017,8,12,14,VRB02KT,14,09
2017-08-12 15:00:00.000,2017,8,12,15,30004KT,16,08
2017-08-12 16:00:00.000,2017,8,12,16,30004KT,17,08
2017-08-12 18:00:00.000,2017,8,12,18,04005KT,18,08
2017-08-12 19:00:00.000,2017,8,12,19,VRB04KT,18,08
2017-08-12 20:00:00.000,2017,8,12,20,08003KT,18,08
2017-08-12 21:00:00.000,2017,8,12,21,VRB06KT,19,08
2017-08-12 22:00:00.000,2017,8,12,22,10008KT,19,07
2017-08-12 23:00:00.000,2017,8,12,23,11007KT,17,08
2017-08-13 00:00:00.000,2017,8,13,0,11008KT,16,08
2017-08-13 01:00:00.000,2017,8,13,1,13007KT,14,08
2017-08-13 02:00:00.000,2017,8,13,2,09004KT,13,08
2017-08-13 03:00:00.000,2017,8,13,3,03005KT,13,09
2017-08-13 04:00:00.000,2017,8,13,4,VRB02KT,13,09
2017-08-13 05:00:00.000,2017,8,13,5,04004KT,13,09
2017-08-13 06:00:00.000,2017,8,13,6,02005KT,13,10
2017-08-13 07:00:00.000,2017,8,13,7,04006KT,12,10
2017-08-13 08:00:00.000,2017,8,13,8,03005KT,12,10
2017-08-13 09:00:00.000,2017,8,13,9,04005KT,12,09
2017-08-13 10:00:00.000,2017,8,13,10,06005KT,11,09
2017-08-13 10:15:00.000,2017,8,13,10,06005KT,12,10
2017-08-13 10:30:00.000,2017,8,13,10,04005KT,12,09
2017-08-13 11:00:00.000,2017,8,13,11,05005KT,11,10
2017-08-13 12:00:00.000,2017,8,13,12,VRB02KT,12,10
2017-08-13 13:00:00.000,2017,8,13,13,04006KT,13,10
2017-08-13 14:00:00.000,2017,8,13,14,02007KT,14,10
2017-08-13 14:25:00.000,2017,8,13,14,03006KT,14,10
2017-08-13 15:00:00.000,2017,8,13,15,11003KT,14,11
2017-08-13 16:00:00.000,2017,8,13,16,16012KT,18,09
2017-08-13 17:00:00.000,2017,8,13,17,12015KT,18,09
2017-08-13 18:00:00.000,2017,8,13,18,09009KT,19,07
2017-08-13 19:00:00.000,2017,8,13,19,09008KT,20,06
2017-08-13 20:00:00.000,2017,8,13,20,10010KT,19,05
2017-08-13 21:00:00.000,2017,8,13,21,12006KT,19,06
2017-08-13 22:00:00.000,2017,8,13,22,12009KT,18,06
2017-08-13 23:00:00.000,2017,8,13,23,11005KT,16,06
2017-08-14 00:00:00.000,2017,8,14,0,13008KT,15,07
2017-08-14 01:00:00.000,2017,8,14,1,05006KT,11,07
2017-08-14 02:00:00.000,2017,8,14,2,05005KT,10,06
2017-08-14 03:00:00.000,2017,8,14,3,03005KT,10,06
2017-08-14 04:00:00.000,2017,8,14,4,VRB02KT,10,06
2017-08-14 05:00:00.000,2017,8,14,5,32003KT,07,06
2017-08-14 06:00:00.000,2017,8,14,6,VRB02KT,07,06
2017-08-14 07:00:00.000,2017,8,14,7,34003KT,07,06
2017-08-14 08:00:00.000,2017,8,14,8,VRB02KT,07,06
2017-08-14 09:00:00.000,2017,8,14,9,33003KT,07,06
2017-08-14 10:00:00.000,2017,8,14,10,VRB02KT,06,05
2017-08-14 10:30:00.000,2017,8,14,10,00000KT,06,05
2017-08-14 11:00:00.000,2017,8,14,11,VRB02KT,06,06
2017-08-14 12:00:00.000,2017,8,14,12,01003KT,09,08
2017-08-14 12:25:00.000,2017,8,14,12,04005KT,12,07
2017-08-14 13:00:00.000,2017,8,14,13,03004KT,14,07
2017-08-14 14:00:00.000,2017,8,14,14,07006KT,16,06
2017-08-14 15:00:00.000,2017,8,14,15,19005KT,18,06
2017-08-14 16:00:00.000,2017,8,14,16,09012KT,20,04
2017-08-14 17:00:00.000,2017,8,14,17,11012KT,21,04
2017-08-14 19:00:00.000,2017,8,14,19,09012KT,21,05
2017-08-14 20:00:00.000,2017,8,14,20,09012KT,20,04
2017-08-14 21:00:00.000,2017,8,14,21,13007KT,20,04
2017-08-14 22:00:00.000,2017,8,14,22,04006KT,19,05
2017-08-14 23:00:00.000,2017,8,14,23,28008KT,17,10
2017-08-15 00:00:00.000,2017,8,15,0,29004KT,14,09
2017-08-15 01:00:00.000,2017,8,15,1,00000KT,11,08
2017-08-15 02:00:00.000,2017,8,15,2,VRB02KT,11,08
2017-08-15 03:00:00.000,2017,8,15,3,VRB02KT,11,08
2017-08-15 04:00:00.000,2017,8,15,4,02003KT,11,09
2017-08-15 05:00:00.000,2017,8,15,5,32005KT,11,08
2017-08-15 06:00:00.000,2017,8,15,6,00000KT,11,09
2017-08-15 07:00:00.000,2017,8,15,7,36003KT,11,09
2017-08-15 08:00:00.000,2017,8,15,8,VRB02KT,10,09
2017-08-15 09:00:00.000,2017,8,15,9,06003KT,09,08
2017-08-15 10:00:00.000,2017,8,15,10,VRB02KT,10,08
2017-08-15 10:29:00.000,2017,8,15,10,29003KT,09,08
2017-08-15 11:00:00.000,2017,8,15,11,VRB02KT,08,07
2017-08-15 12:00:00.000,2017,8,15,12,32004KT,10,08
2017-08-15 13:00:00.000,2017,8,15,13,04003KT,12,09
2017-08-15 14:00:00.000,2017,8,15,14,05005KT,13,07
2017-08-15 15:00:00.000,2017,8,15,15,07004KT,15,08
2017-08-15 15:13:00.000,2017,8,15,15,09006KT,17,07
2017-08-15 15:35:00.000,2017,8,15,15,11005KT,19,06
2017-08-15 16:00:00.000,2017,8,15,16,14005KT,18,06
2017-08-15 16:40:00.000,2017,8,15,16,13009KT,20,07
2017-08-15 17:00:00.000,2017,8,15,17,13006KT,20,06
2017-08-15 18:00:00.000,2017,8,15,18,10008KT,20,08
2017-08-15 19:00:00.000,2017,8,15,19,07007KT,19,07
2017-08-15 20:00:00.000,2017,8,15,20,VRB04KT,18,10
2017-08-15 21:00:00.000,2017,8,15,21,25008KT,17,10
2017-08-15 22:00:00.000,2017,8,15,22,26008KT,16,09
2017-08-15 23:00:00.000,2017,8,15,23,27006KT,15,08
2017-08-16 00:00:00.000,2017,8,16,0,VRB02KT,14,09
2017-08-16 01:00:00.000,2017,8,16,1,11003KT,14,09
2017-08-16 02:00:00.000,2017,8,16,2,10005KT,15,08
2017-08-16 03:00:00.000,2017,8,16,3,09005KT,15,08
2017-08-16 06:00:00.000,2017,8,16,6,VRB02KT,13,07
2017-08-16 07:00:00.000,2017,8,16,7,34003KT,11,08
2017-08-16 08:00:00.000,2017,8,16,8,04006KT,11,09
2017-08-16 09:00:00.000,2017,8,16,9,03006KT,12,09
2017-08-16 10:00:00.000,2017,8,16,10,02003KT,12,09
2017-08-16 10:30:00.000,2017,8,16,10,30004KT,11,09
2017-08-16 11:00:00.000,2017,8,16,11,VRB02KT,11,09
2017-08-16 12:00:00.000,2017,8,16,12,23004KT,12,09
2017-08-16 12:23:00.000,2017,8,16,12,VRB02KT,14,10
2017-08-16 13:00:00.000,2017,8,16,13,27003KT,15,09
2017-08-16 14:00:00.000,2017,8,16,14,21003KT,17,08
2017-08-16 15:00:00.000,2017,8,16,15,03004KT,16,08
2017-08-16 16:00:00.000,2017,8,16,16,16004KT,18,08
2017-08-16 17:00:00.000,2017,8,16,17,14005KT,19,07
2017-08-16 18:00:00.000,2017,8,16,18,15009KT,19,06
2017-08-16 19:00:00.000,2017,8,16,19,06003KT,18,09
2017-08-16 19:38:00.000,2017,8,16,19,33007KT,17,10
2017-08-16 20:00:00.000,2017,8,16,20,33007KT,18,10
2017-08-16 21:00:00.000,2017,8,16,21,26010KT,17,10
2017-08-16 22:00:00.000,2017,8,16,22,26006KT,18,10
2017-08-16 23:00:00.000,2017,8,16,23,34003KT,16,11
2017-08-17 00:00:00.000,2017,8,17,0,26006KT,14,10
2017-08-17 01:00:00.000,2017,8,17,1,27003KT,14,08
2017-08-17 02:00:00.000,2017,8,17,2,02003KT,13,10
2017-08-17 03:00:00.000,2017,8,17,3,00000KT,12,10
2017-08-17 04:00:00.000,2017,8,17,4,VRB02KT,12,09
2017-08-17 05:00:00.000,2017,8,17,5,03004KT,12,10
2017-08-17 06:00:00.000,2017,8,17,6,34003KT,11,09
2017-08-17 07:00:00.000,2017,8,17,7,VRB02KT,10,08
2017-08-17 08:00:00.000,2017,8,17,8,VRB02KT,10,09
2017-08-17 09:00:00.000,2017,8,17,9,VRB02KT,09,08
2017-08-17 10:00:00.000,2017,8,17,10,02004KT,09,08
2017-08-17 10:30:00.000,2017,8,17,10,03003KT,09,08
2017-08-17 11:00:00.000,2017,8,17,11,VRB02KT,09,08
2017-08-17 12:00:00.000,2017,8,17,12,VRB02KT,12,11
2017-08-17 12:30:00.000,2017,8,17,12,06004KT,14,10
2017-08-17 13:00:00.000,2017,8,17,13,05004KT,15,10
2017-08-17 14:00:00.000,2017,8,17,14,01005KT,17,10
2017-08-17 15:00:00.000,2017,8,17,15,03006KT,18,09
2017-08-17 16:00:00.000,2017,8,17,16,10006KT,19,09
2017-08-17 17:00:00.000,2017,8,17,17,11006KT,20,08
2017-08-17 18:00:00.000,2017,8,17,18,13011KT,21,09
2017-08-17 19:00:00.000,2017,8,17,19,08007KT,21,08
2017-08-17 19:37:00.000,2017,8,17,19,16007IKT,23,08
2017-08-17 20:00:00.000,2017,8,17,20,16003KT,21,07
2017-08-17 21:00:00.000,2017,8,17,21,24010KT,20,12
2017-08-17 22:00:00.000,2017,8,17,22,26010KT,18,12
2017-08-17 23:00:00.000,2017,8,17,23,32005KT,16,13
2017-08-18 00:00:00.000,2017,8,18,0,32005KT,14,12
2017-08-18 01:00:00.000,2017,8,18,1,33004KT,13,12
2017-08-18 02:00:00.000,2017,8,18,2,26004KT,14,13
2017-08-18 03:00:00.000,2017,8,18,3,VRB02KT,14,13
2017-08-18 04:00:00.000,2017,8,18,4,VRB02KT,14,12
2017-08-18 05:00:00.000,2017,8,18,5,VRB02KT,14,12
2017-08-18 06:00:00.000,2017,8,18,6,VRB02KT,13,11
2017-08-18 06:02:00.000,2017,8,18,6,VRB02KT,13,11
2017-08-18 07:00:00.000,2017,8,18,7,14003KT,13,11
2017-08-18 08:00:00.000,2017,8,18,8,33004KT,11,10
2017-08-18 09:00:00.000,2017,8,18,9,35004KT,11,10
2017-08-18 10:00:00.000,2017,8,18,10,VRB02KT,11,10
2017-08-18 11:00:00.000,2017,8,18,11,VRB02KT,10,09
2017-08-18 12:00:00.000,2017,8,18,12,VRB02KT,11,10
2017-08-18 13:00:00.000,2017,8,18,13,08003KT,15,12
2017-08-18 14:00:00.000,2017,8,18,14,04005KT,16,11
2017-08-18 15:00:00.000,2017,8,18,15,VRB04KT,18,10
2017-08-18 16:00:00.000,2017,8,18,16,12004KT,19,09
2017-08-18 17:00:00.000,2017,8,18,17,29006KT,19,12
2017-08-18 18:00:00.000,2017,8,18,18,22008KT,19,12
2017-08-18 19:00:00.000,2017,8,18,19,25010KT,21,12
2017-08-18 20:00:00.000,2017,8,18,20,31012KT,20,12
2017-08-18 21:00:00.000,2017,8,18,21,28012KT,20,12
2017-08-18 22:00:00.000,2017,8,18,22,27011KT,18,12
2017-08-18 23:00:00.000,2017,8,18,23,26010KT,17,12
2017-08-19 00:00:00.000,2017,8,19,0,26006KT,16,12
2017-08-19 01:00:00.000,2017,8,19,1,34003KT,15,13
2017-08-19 02:00:00.000,2017,8,19,2,27006KT,13,12
2017-08-19 03:00:00.000,2017,8,19,3,22005KT,13,12
2017-08-19 04:00:00.000,2017,8,19,4,18005KT,13,12
2017-08-19 05:00:00.000,2017,8,19,5,33004KT,12,12
2017-08-19 06:00:00.000,2017,8,19,6,VRB02KT,12,11
2017-08-19 07:00:00.000,2017,8,19,7,12005KT,11,10
2017-08-19 08:00:00.000,2017,8,19,8,01003KT,11,10
2017-08-19 09:00:00.000,2017,8,19,9,34005KT,10,09
2017-08-19 10:00:00.000,2017,8,19,10,00000KT,10,09
2017-08-19 11:00:00.000,2017,8,19,11,25004KT,10,09
2017-08-19 12:00:00.000,2017,8,19,12,VRB02KT,11,10
2017-08-19 13:00:00.000,2017,8,19,13,02003KT,12,11
2017-08-19 14:00:00.000,2017,8,19,14,35004KT,16,10
2017-08-19 15:00:00.000,2017,8,19,15,VRB02KT,17,10
2017-08-19 16:00:00.000,2017,8,19,16,34004KT,19,09
2017-08-19 17:00:00.000,2017,8,19,17,28003KT,19,08
2017-08-19 18:00:00.000,2017,8,19,18,27014KT,17,11
2017-08-19 19:00:00.000,2017,8,19,19,28012KT,16,11
2017-08-19 20:00:00.000,2017,8,19,20,21010KT,15,11
2017-08-19 21:00:00.000,2017,8,19,21,23006KT,14,11
2017-08-19 22:00:00.000,2017,8,19,22,26008KT,15,11
2017-08-19 23:00:00.000,2017,8,19,23,25005KT,15,11
2017-08-20 00:00:00.000,2017,8,20,0,31006KT,13,11
2017-08-20 01:00:00.000,2017,8,20,1,02004KT,13,12
2017-08-20 02:00:00.000,2017,8,20,2,31004KT,12,11
2017-08-20 03:00:00.000,2017,8,20,3,VRB02KT,12,11
2017-08-20 04:00:00.000,2017,8,20,4,VRB02KT,12,11
2017-08-20 05:00:00.000,2017,8,20,5,VRB02KT,12,11
2017-08-20 06:00:00.000,2017,8,20,6,27004KT,12,11
2017-08-20 07:00:00.000,2017,8,20,7,VRB02KT,12,10
2017-08-20 08:00:00.000,2017,8,20,8,VRB02KT,11,10
2017-08-20 09:00:00.000,2017,8,20,9,VRB02KT,11,10
2017-08-20 10:00:00.000,2017,8,20,10,VRB02KT,10,10
2017-08-20 11:00:00.000,2017,8,20,11,VRB02KT,10,10
2017-08-20 12:00:00.000,2017,8,20,12,07004KT,11,10
2017-08-20 13:00:00.000,2017,8,20,13,05005KT,13,12
2017-08-20 14:00:00.000,2017,8,20,14,00000KT,,
2017-08-20 15:00:00.000,2017,8,20,15,10006KT,17,09
2017-08-20 16:00:00.000,2017,8,20,16,17012KT,19,07
2017-08-20 17:00:00.000,2017,8,20,17,16015KT,19,07
2017-08-20 18:00:00.000,2017,8,20,18,16014KT,19,08
2017-08-20 19:00:00.000,2017,8,20,19,17010G23KT,20,08
2017-08-20 20:00:00.000,2017,8,20,20,12012KT,19,08
2017-08-20 21:00:00.000,2017,8,20,21,15013KT,18,08
2017-08-20 22:00:00.000,2017,8,20,22,14011KT,17,08
2017-08-20 23:00:00.000,2017,8,20,23,14012KT,15,07
2017-08-21 00:00:00.000,2017,8,21,0,13005KT,14,07
2017-08-21 01:00:00.000,2017,8,21,1,10004KT,14,07
2017-08-21 02:00:00.000,2017,8,21,2,VRB02KT,12,08
2017-08-21 03:00:00.000,2017,8,21,3,02003KT,10,09
2017-08-21 04:00:00.000,2017,8,21,4,05004KT,10,08
2017-08-21 05:00:00.000,2017,8,21,5,01004KT,10,09
2017-08-21 06:00:00.000,2017,8,21,6,03006KT,10,09
2017-08-21 07:00:00.000,2017,8,21,7,VRB02KT,10,09
2017-08-21 08:00:00.000,2017,8,21,8,VRB02KT,09,08
2017-08-21 09:00:00.000,2017,8,21,9,VRB02KT,09,08
2017-08-21 10:00:00.000,2017,8,21,10,05006KT,10,09
2017-08-21 11:00:00.000,2017,8,21,11,01004KT,09,08
2017-08-21 12:00:00.000,2017,8,21,12,33004KT,10,09
2017-08-21 13:00:00.000,2017,8,21,13,06005KT,13,10
2017-08-21 14:00:00.000,2017,8,21,14,21004KT,15,10
2017-08-21 15:00:00.000,2017,8,21,15,15010KT,18,09
2017-08-21 16:00:00.000,2017,8,21,16,15010KT,19,07
2017-08-21 17:00:00.000,2017,8,21,17,13013KT,19,06
2017-08-21 18:00:00.000,2017,8,21,18,13010KT,18,06
2017-08-21 19:00:00.000,2017,8,21,19,13011KT,20,07
2017-08-21 20:00:00.000,2017,8,21,20,14008KT,18,07
2017-08-21 21:00:00.000,2017,8,21,21,14006KT,20,06
2017-08-21 22:00:00.000,2017,8,21,22,14005KT,18,06
2017-08-21 23:00:00.000,2017,8,21,23,09007KT,17,08
2017-08-22 00:00:00.000,2017,8,22,0,14010KT,15,08
2017-08-22 01:00:00.000,2017,8,22,1,13007KT,15,08
2017-08-22 02:00:00.000,2017,8,22,2,14010KT,13,09
2017-08-22 03:00:00.000,2017,8,22,3,10004KT,14,08
2017-08-22 04:00:00.000,2017,8,22,4,10005KT,14,08
2017-08-22 05:00:00.000,2017,8,22,5,10004KT,14,08
2017-08-22 06:00:00.000,2017,8,22,6,03006KT,12,09
2017-08-22 07:00:00.000,2017,8,22,7,13003KT,13,09
2017-08-22 08:00:00.000,2017,8,22,8,00000KT,12,09
2017-08-22 09:00:00.000,2017,8,22,9,VRB02KT,12,09
2017-08-22 10:00:00.000,2017,8,22,10,04006KT,11,09
2017-08-22 11:00:00.000,2017,8,22,11,07005KT,11,09
2017-08-22 12:00:00.000,2017,8,22,12,22003KT,13,09
2017-08-22 12:20:00.000,2017,8,22,12,13010KT,15,08
2017-08-22 13:00:00.000,2017,8,22,13,12008KT,16,07
2017-08-22 14:00:00.000,2017,8,22,14,13011KT,16,06
2017-08-22 15:00:00.000,2017,8,22,15,15010KT,18,06
2017-08-22 16:00:00.000,2017,8,22,16,18015KT,17,05
2017-08-22 17:00:00.000,2017,8,22,17,17012KT,17,05
2017-08-22 18:00:00.000,2017,8,22,18,16012KT,19,05
2017-08-22 19:00:00.000,2017,8,22,19,14013KT,18,05
2017-08-22 20:00:00.000,2017,8,22,20,14012KT,19,05
2017-08-22 21:00:00.000,2017,8,22,21,15013KT,17,06
2017-08-22 22:00:00.000,2017,8,22,22,15012KT,16,04
2017-08-22 23:00:00.000,2017,8,22,23,20008KT,15,08
2017-08-23 00:00:00.000,2017,8,23,0,17008KT,14,05
2017-08-23 01:00:00.000,2017,8,23,1,12007KT,13,06
2017-08-23 02:00:00.000,2017,8,23,2,15003KT,12,05
2017-08-23 03:00:00.000,2017,8,23,3,05003KT,09,06
2017-08-23 04:00:00.000,2017,8,23,4,07003KT,09,06
2017-08-23 05:00:00.000,2017,8,23,5,03003KT,07,05
2017-08-23 06:00:00.000,2017,8,23,6,02003KT,06,05
2017-08-23 07:00:00.000,2017,8,23,7,01003KT,08,07
2017-08-23 08:00:00.000,2017,8,23,8,VRB02KT,08,07
2017-08-23 09:00:00.000,2017,8,23,9,05005KT,08,07
2017-08-23 10:00:00.000,2017,8,23,10,34003KT,07,06
2017-08-23 10:30:00.000,2017,8,23,10,VRB02KT,07,06
2017-08-23 11:00:00.000,2017,8,23,11,07003KT,08,07
2017-08-23 12:00:00.000,2017,8,23,12,04005KT,09,08
2017-08-23 12:26:00.000,2017,8,23,12,06005KT,11,08
2017-08-23 13:00:00.000,2017,8,23,13,05005KT,12,08
2017-08-23 13:20:00.000,2017,8,23,13,06004KT,14,06
2017-08-23 14:00:00.000,2017,8,23,14,06006KT,15,07
2017-08-23 15:00:00.000,2017,8,23,15,12005KT,17,06
2017-08-23 16:00:00.000,2017,8,23,16,11004KT,18,06
2017-08-23 17:00:00.000,2017,8,23,17,12009KT,19,06
2017-08-23 18:00:00.000,2017,8,23,18,12004KT,19,05
2017-08-23 19:00:00.000,2017,8,23,19,12008KT,20,05
2017-08-23 20:00:00.000,2017,8,23,20,11007KT,19,05
2017-08-23 21:00:00.000,2017,8,23,21,12008KT,19,05
2017-08-23 22:00:00.000,2017,8,23,22,14010KT,18,05
2017-08-23 23:00:00.000,2017,8,23,23,10006KT,17,05
2017-08-24 00:00:00.000,2017,8,24,0,VRB02KT,14,08
2017-08-24 01:00:00.000,2017,8,24,1,31003KT,13,06
2017-08-24 02:00:00.000,2017,8,24,2,36004KT,10,06
2017-08-24 03:00:00.000,2017,8,24,3,05005KT,10,06
2017-08-24 04:00:00.000,2017,8,24,4,33004KT,10,06
2017-08-24 05:00:00.000,2017,8,24,5,03004KT,10,06
2017-08-24 06:00:00.000,2017,8,24,6,36003KT,08,06
2017-08-24 07:00:00.000,2017,8,24,7,VRB02KT,07,06
2017-08-24 08:00:00.000,2017,8,24,8,VRB02KT,08,07
2017-08-24 09:00:00.000,2017,8,24,9,VRB02KT,07,06
2017-08-24 10:00:00.000,2017,8,24,10,33004KT,08,07
2017-08-24 10:30:00.000,2017,8,24,10,02004KT,09,08
2017-08-24 11:00:00.000,2017,8,24,11,05004KT,10,08
2017-08-24 12:00:00.000,2017,8,24,12,VRB02KT,10,08
2017-08-24 13:00:00.000,2017,8,24,13,04004KT,11,09
2017-08-24 13:35:00.000,2017,8,24,13,06004KT,13,10
2017-08-24 14:00:00.000,2017,8,24,14,04003KT,14,10
2017-08-24 15:00:00.000,2017,8,24,15,05005KT,15,10
2017-08-24 16:00:00.000,2017,8,24,16,VRB02KT,16,10
2017-08-24 17:00:00.000,2017,8,24,17,06006KT,14,10
2017-08-24 17:16:00.000,2017,8,24,17,12006KT,18,09
2017-08-24 18:00:00.000,2017,8,24,18,09007KT,18,09
2017-08-24 19:00:00.000,2017,8,24,19,12007KT,18,07
2017-08-24 20:00:00.000,2017,8,24,20,13007KT,19,07
2017-08-24 21:00:00.000,2017,8,24,21,VRB03KT,18,07
2017-08-24 22:00:00.000,2017,8,24,22,31006KT,15,11
2017-08-24 23:00:00.000,2017,8,24,23,11004KT,14,10
2017-08-25 00:00:00.000,2017,8,25,0,01004KT,13,10
2017-08-25 01:00:00.000,2017,8,25,1,04006KT,12,08
2017-08-25 02:00:00.000,2017,8,25,2,03004KT,11,08
2017-08-25 03:00:00.000,2017,8,25,3,05006KT,11,08
2017-08-25 04:00:00.000,2017,8,25,4,00000KT,11,08
2017-08-25 05:00:00.000,2017,8,25,5,09006KT,13,08
2017-08-25 06:00:00.000,2017,8,25,6,05005KT,12,08
2017-08-25 07:00:00.000,2017,8,25,7,04006KT,12,09
2017-08-25 08:00:00.000,2017,8,25,8,05005KT,12,08
2017-08-25 09:00:00.000,2017,8,25,9,07004KT,12,08
2017-08-25 10:00:00.000,2017,8,25,10,05004KT,11,08
2017-08-25 10:30:00.000,2017,8,25,10,06005KT,10,07
2017-08-25 11:00:00.000,2017,8,25,11,34003KT,09,06
2017-08-25 12:00:00.000,2017,8,25,12,06007KT,12,08
2017-08-25 13:00:00.000,2017,8,25,13,05007KT,13,08
2017-08-25 14:00:00.000,2017,8,25,14,07007KT,15,07
2017-08-25 15:00:00.000,2017,8,25,15,12011KT,17,06
2017-08-25 16:00:00.000,2017,8,25,16,13011KT,16,07
2017-08-25 17:00:00.000,2017,8,25,17,14011KT,16,10
2017-08-25 17:15:00.000,2017,8,25,17,14008KT,15,09
2017-08-25 18:00:00.000,2017,8,25,18,12003KT,16,11
2017-08-25 18:00:00.000,2017,8,25,18,11008KT,18,09
2017-08-25 19:00:00.000,2017,8,25,19,15009KT,17,09
2017-08-25 20:00:00.000,2017,8,25,20,13005KT,15,10
2017-08-25 21:00:00.000,2017,8,25,21,06006KT,16,10
2017-08-25 22:00:00.000,2017,8,25,22,09006KT,16,07
2017-08-25 23:00:00.000,2017,8,25,23,12007KT,15,07
2017-08-26 00:00:00.000,2017,8,26,0,13006KT,14,07
2017-08-26 01:00:00.000,2017,8,26,1,04005KT,11,08
2017-08-26 02:00:00.000,2017,8,26,2,03003KT,11,08
2017-08-26 03:00:00.000,2017,8,26,3,06005KT,11,08
2017-08-26 04:00:00.000,2017,8,26,4,05003KT,11,08
2017-08-26 05:00:00.000,2017,8,26,5,03003KT,11,09
2017-08-26 06:00:00.000,2017,8,26,6,04004KT,10,08
2017-08-26 07:00:00.000,2017,8,26,7,34004KT,09,07
2017-08-26 08:00:00.000,2017,8,26,8,32004KT,08,07
2017-08-26 09:00:00.000,2017,8,26,9,00000KT,09,08
2017-08-26 10:00:00.000,2017,8,26,10,VRB02KT,09,08
2017-08-26 10:30:00.000,2017,8,26,10,VRB02KT,10,09
2017-08-26 11:00:00.000,2017,8,26,11,VRB02KT,11,09
2017-08-26 12:00:00.000,2017,8,26,12,VRB02KT,12,10
2017-08-26 13:00:00.000,2017,8,26,13,VRB02KT,13,10
2017-08-26 14:00:00.000,2017,8,26,14,00000KT,16,09
2017-08-26 14:33:00.000,2017,8,26,14,09005KT,18,08
2017-08-26 15:00:00.000,2017,8,26,15,06006KT,19,08
2017-08-26 16:00:00.000,2017,8,26,16,06010KT,19,08
2017-08-26 17:00:00.000,2017,8,26,17,12010KT,19,07
2017-08-26 18:00:00.000,2017,8,26,18,08007KT,19,08
2017-08-26 19:00:00.000,2017,8,26,19,33004KT,20,09
2017-08-26 20:00:00.000,2017,8,26,20,VRB02KT,18,08
2017-08-26 21:00:00.000,2017,8,26,21,VRB02KT,17,11
2017-08-26 22:00:00.000,2017,8,26,22,20009KT,17,09
2017-08-26 23:00:00.000,2017,8,26,23,20008KT,16,09
2017-08-27 00:00:00.000,2017,8,27,0,02003KT,13,11
2017-08-27 01:00:00.000,2017,8,27,1,VRB02KT,12,11
2017-08-27 02:00:00.000,2017,8,27,2,VRB02KT,11,09
2017-08-27 03:00:00.000,2017,8,27,3,VRB02KT,11,10
2017-08-27 04:00:00.000,2017,8,27,4,VRB02KT,12,11
2017-08-27 05:00:00.000,2017,8,27,5,00000KT,10,09
2017-08-27 06:00:00.000,2017,8,27,6,20003KT,11,10
2017-08-27 07:00:00.000,2017,8,27,7,VRB02KT,11,10
2017-08-27 08:00:00.000,2017,8,27,8,VRB02KT,11,10
2017-08-27 09:00:00.000,2017,8,27,9,VRB02KT,10,09
2017-08-27 10:00:00.000,2017,8,27,10,VRB02KT,09,08
2017-08-27 10:28:00.000,2017,8,27,10,VRB02KT,07,07
2017-08-27 11:00:00.000,2017,8,27,11,VRB02KT,09,08
2017-08-27 12:00:00.000,2017,8,27,12,06006KT,11,10
2017-08-27 13:00:00.000,2017,8,27,13,08004KT,14,09
2017-08-27 14:00:00.000,2017,8,27,14,02004KT,16,08
2017-08-27 15:00:00.000,2017,8,27,15,06004KT,18,07
2017-08-27 16:00:00.000,2017,8,27,16,34005KT,19,07
2017-08-27 17:00:00.000,2017,8,27,17,28003KT,19,07
2017-08-27 18:00:00.000,2017,8,27,18,VRB02KT,20,06
2017-08-27 19:00:00.000,2017,8,27,19,27011KT,20,11
2017-08-27 20:00:00.000,2017,8,27,20,28009KT,17,11
2017-08-27 21:00:00.000,2017,8,27,21,27010KT,19,11
2017-08-27 22:00:00.000,2017,8,27,22,22007KT,18,11
2017-08-27 23:00:00.000,2017,8,27,23,23007KT,16,12
2017-08-28 00:00:00.000,2017,8,28,0,18008KT,16,09
2017-08-28 01:00:00.000,2017,8,28,1,18007KT,15,08
2017-08-28 02:00:00.000,2017,8,28,2,27003KT,14,08
2017-08-28 03:00:00.000,2017,8,28,3,20003KT,15,08
2017-08-28 04:00:00.000,2017,8,28,4,VRB02KT,13,09
2017-08-28 05:00:00.000,2017,8,28,5,26003KT,14,08
2017-08-28 06:00:00.000,2017,8,28,6,VRB02KT,11,09
2017-08-28 07:00:00.000,2017,8,28,7,VRB02KT,11,09
2017-08-28 08:00:00.000,2017,8,28,8,VRB02KT,11,10
2017-08-28 09:00:00.000,2017,8,28,9,VRB02KT,11,10
2017-08-28 10:00:00.000,2017,8,28,10,33003KT,11,10
2017-08-28 10:30:00.000,2017,8,28,10,VRB02KT,11,09
2017-08-28 11:00:00.000,2017,8,28,11,04003KT,10,09
2017-08-28 12:00:00.000,2017,8,28,12,35004KT,12,10
2017-08-28 13:00:00.000,2017,8,28,13,06006KT,14,09
2017-08-28 14:00:00.000,2017,8,28,14,19006KT,16,08
2017-08-28 15:00:00.000,2017,8,28,15,18004KT,17,07
2017-08-28 16:00:00.000,2017,8,28,16,04008KT,16,09
2017-08-28 17:00:00.000,2017,8,28,17,07008KT,15,11
2017-08-28 17:16:00.000,2017,8,28,17,06007KT,15,12
2017-08-28 18:00:00.000,2017,8,28,18,08009KT,17,11
2017-08-28 19:00:00.000,2017,8,28,19,08012KT,19,07
2017-08-28 20:00:00.000,2017,8,28,20,13010KT,19,07
2017-08-28 21:00:00.000,2017,8,28,21,10007KT,20,06
2017-08-28 22:00:00.000,2017,8,28,22,20005KT,17,10
2017-08-28 23:00:00.000,2017,8,28,23,22007KT,15,12
2017-08-29 00:00:00.000,2017,8,29,0,26004KT,14,11
2017-08-29 01:00:00.000,2017,8,29,1,34004KT,13,11
2017-08-29 02:00:00.000,2017,8,29,2,34004KT,12,10
2017-08-29 03:00:00.000,2017,8,29,3,33003KT,11,10
2017-08-29 04:00:00.000,2017,8,29,4,VRB02KT,11,10
2017-08-29 05:00:00.000,2017,8,29,5,01003KT,10,09
2017-08-29 06:00:00.000,2017,8,29,6,03005KT,11,09
2017-08-29 07:00:00.000,2017,8,29,7,00000KT,09,08
2017-08-29 08:00:00.000,2017,8,29,8,36006KT,09,08
2017-08-29 09:00:00.000,2017,8,29,9,34005KT,08,07
2017-08-29 10:00:00.000,2017,8,29,10,VRB02KT,07,06
2017-08-29 10:30:00.000,2017,8,29,10,VRB02KT,08,07
2017-08-29 11:00:00.000,2017,8,29,11,VRB02KT,08,08
2017-08-29 12:00:00.000,2017,8,29,12,05004KT,10,09
2017-08-29 13:00:00.000,2017,8,29,13,08005KT,12,10
2017-08-29 14:00:00.000,2017,8,29,14,05007KT,14,09
2017-08-29 15:00:00.000,2017,8,29,15,03005KT,15,09
2017-08-29 16:00:00.000,2017,8,29,16,14006KT,14,09
2017-08-29 17:00:00.000,2017,8,29,17,23004KT,13,11
2017-08-29 18:00:00.000,2017,8,29,18,15010KT,15,10
2017-08-29 19:00:00.000,2017,8,29,19,16008KT,16,08
2017-08-29 20:00:00.000,2017,8,29,20,10008KT,17,07
2017-08-29 21:00:00.000,2017,8,29,21,11010KT,18,07
2017-08-29 22:00:00.000,2017,8,29,22,11012KT,17,07
2017-08-29 23:00:00.000,2017,8,29,23,17006KT,15,07
2017-08-30 00:00:00.000,2017,8,30,0,VRB02KT,13,07
2017-08-30 01:00:00.000,2017,8,30,1,10005KT,14,08
2017-08-30 02:00:00.000,2017,8,30,2,VRB02KT,13,09
2017-08-30 03:00:00.000,2017,8,30,3,VRB02KT,13,09
2017-08-30 04:00:00.000,2017,8,30,4,35004KT,12,09
2017-08-30 05:00:00.000,2017,8,30,5,VRB02KT,11,09
2017-08-30 06:00:00.000,2017,8,30,6,VRB020KT,11,10
2017-08-30 07:00:00.000,2017,8,30,7,VRB02KT,11,09
2017-08-30 08:00:00.000,2017,8,30,8,VRB02KT,11,10
2017-08-30 09:00:00.000,2017,8,30,9,VRB02KT,11,10
2017-08-30 10:00:00.000,2017,8,30,10,VRB02KT,10,09
2017-08-30 10:30:00.000,2017,8,30,10,VRB02KT,10,09
2017-08-30 11:00:00.000,2017,8,30,11,VRB02KT,09,08
2017-08-30 12:00:00.000,2017,8,30,12,02003KT,11,10
2017-08-30 13:00:00.000,2017,8,30,13,04006KT,13,10
2017-08-30 13:15:00.000,2017,8,30,13,03006KT,13,10
2017-08-30 14:00:00.000,2017,8,30,14,VRB02KT,14,11
2017-08-30 15:00:00.000,2017,8,30,15,VRB02KT,14,11
2017-08-30 16:00:00.000,2017,8,30,16,17010KT,16,09
2017-08-30 17:00:00.000,2017,8,30,17,14015KT,18,09
2017-08-30 18:00:00.000,2017,8,30,18,13011KT,18,09
2017-08-30 19:00:00.000,2017,8,30,19,18010KT,18,08
2017-08-30 20:00:00.000,2017,8,30,20,16012KT,17,08
2017-08-30 21:00:00.000,2017,8,30,21,13007KT,17,08
2017-08-30 22:00:00.000,2017,8,30,22,14008KT,16,08
2017-08-30 23:00:00.000,2017,8,30,23,14008KT,15,07
2017-08-31 00:00:00.000,2017,8,31,0,12007KT,14,07
2017-08-31 01:00:00.000,2017,8,31,1,13006KT,14,08
2017-08-31 02:00:00.000,2017,8,31,2,15007KT,14,07
2017-08-31 03:00:00.000,2017,8,31,3,13004KT,14,07
2017-08-31 04:00:00.000,2017,8,31,4,05004KT,12,09
2017-08-31 05:00:00.000,2017,8,31,5,03005KT,12,10
2017-08-31 06:00:00.000,2017,8,31,6,03004KT,12,10
2017-08-31 07:00:00.000,2017,8,31,7,02004KT,12,10
2017-08-31 08:00:00.000,2017,8,31,8,06004KT,11,10
2017-08-31 09:00:00.000,2017,8,31,9,02003KT,11,09
2017-08-31 10:00:00.000,2017,8,31,10,34003KT,11,09
2017-08-31 10:30:00.000,2017,8,31,10,35004KT,09,08
2017-08-31 11:00:00.000,2017,8,31,11,04005KT,09,08
2017-08-31 11:38:00.000,2017,8,31,11,04006KT,11,10
2017-08-31 12:00:00.000,2017,8,31,12,05006KT,12,10
2017-08-31 13:00:00.000,2017,8,31,13,05005KT,14,10
2017-08-31 14:00:00.000,2017,8,31,14,01003KT,14,09
2017-08-31 14:33:00.000,2017,8,31,14,14009KT,17,08
2017-08-31 15:00:00.000,2017,8,31,15,15013KT,18,07
2017-08-31 16:00:00.000,2017,8,31,16,16015KT,18,05
2017-08-31 16:33:00.000,2017,8,31,16,15014KT,20,07
2017-08-31 17:00:00.000,2017,8,31,17,15015KT,18,04
2017-08-31 18:00:00.000,2017,8,31,18,16017G28KT,20,03
2017-08-31 19:00:00.000,2017,8,31,19,16014KT,20,05
2017-08-31 20:00:00.000,2017,8,31,20,15016KT,19,05
2017-08-31 21:00:00.000,2017,8,31,21,17014KT,18,05
2017-08-31 22:00:00.000,2017,8,31,22,16014KT,18,03
2017-08-31 23:00:00.000,2017,8,31,23,15010KT,16,05
2017-09-01 00:00:00.000,2017,9,1,0,12007KT,14,07
2017-09-01 01:00:00.000,2017,9,1,1,13010KT,13,06
2017-09-01 02:00:00.000,2017,9,1,2,09004KT,13,07
2017-09-01 03:00:00.000,2017,9,1,3,13006KT,12,07
2017-09-01 04:00:00.000,2017,9,1,4,34005KT,08,06
2017-09-01 05:00:00.000,2017,9,1,5,VRB02KT,08,07
2017-09-01 06:00:00.000,2017,9,1,6,VRB02KT,09,07
2017-09-01 07:00:00.000,2017,9,1,7,VRB02KT,07,06
2017-09-01 08:00:00.000,2017,9,1,8,VRB02KT,07,06
2017-09-01 09:00:00.000,2017,9,1,9,VRB02KT,07,06
2017-09-01 10:00:00.000,2017,9,1,10,34004KT,05,05
2017-09-01 10:30:00.000,2017,9,1,10,32004KT,06,05
2017-09-01 11:00:00.000,2017,9,1,11,05003KT,06,05
2017-09-01 11:30:00.000,2017,9,1,11,22004KT,09,09
2017-09-01 12:00:00.000,2017,9,1,12,VRB02KT,11,09
2017-09-01 13:00:00.000,2017,9,1,13,VRB02KT,14,08
2017-09-01 13:30:00.000,2017,9,1,13,15003KT,16,08
2017-09-01 14:00:00.000,2017,9,1,14,17006KT,17,06
2017-09-01 15:00:00.000,2017,9,1,15,17011KT,19,06
2017-09-01 16:00:00.000,2017,9,1,16,17011KT,19,05
2017-09-01 17:00:00.000,2017,9,1,17,10008KT,20,04
2017-09-01 18:00:00.000,2017,9,1,18,10010KT,20,05
2017-09-01 19:00:00.000,2017,9,1,19,10009KT,21,05
2017-09-01 20:00:00.000,2017,9,1,20,10010KT,21,05
2017-09-01 21:00:00.000,2017,9,1,21,28008KT,18,09
2017-09-01 22:00:00.000,2017,9,1,22,26007KT,19,10
2017-09-01 23:00:00.000,2017,9,1,23,VRB02KT,16,09
2017-09-02 00:00:00.000,2017,9,2,0,17006KT,15,06
2017-09-02 01:00:00.000,2017,9,2,1,VRB02KT,14,08
2017-09-02 02:00:00.000,2017,9,2,2,16008KT,15,05
2017-09-02 03:00:00.000,2017,9,2,3,13006KT,13,05
2017-09-02 04:00:00.000,2017,9,2,4,35003KT,10,07
2017-09-02 05:00:00.000,2017,9,2,5,VRB02KT,10,07
2017-09-02 06:00:00.000,2017,9,2,6,VRB02KT,10,07
2017-09-02 07:00:00.000,2017,9,2,7,VRB02KT,10,07
2017-09-02 08:00:00.000,2017,9,2,8,03004KT,10,08
2017-09-02 09:00:00.000,2017,9,2,9,04006KT,10,09
2017-09-02 10:00:00.000,2017,9,2,10,05006KT,10,09
2017-09-02 10:30:00.000,2017,9,2,10,36008KT,10,09
2017-09-02 11:00:00.000,2017,9,2,11,06008KT,10,09
2017-09-02 12:00:00.000,2017,9,2,12,06009KT,11,09
2017-09-02 16:00:00.000,2017,9,2,16,15012KT,17,08
2017-09-02 17:00:00.000,2017,9,2,17,14014KT,19,09
2017-09-02 18:00:00.000,2017,9,2,18,14007KT,19,10
2017-09-02 19:00:00.000,2017,9,2,19,15013KT,19,07
2017-09-02 20:00:00.000,2017,9,2,20,14010KT,20,08
2017-09-02 21:00:00.000,2017,9,2,21,14013KT,18,07
2017-09-02 22:00:00.000,2017,9,2,22,16013KT,18,07
2017-09-02 23:00:00.000,2017,9,2,23,13006KT,16,07
2017-09-03 00:00:00.000,2017,9,3,0,16006KT,15,07
2017-09-03 01:00:00.000,2017,9,3,1,17006KT,14,08
2017-09-03 02:00:00.000,2017,9,3,2,11006KT,14,09
2017-09-03 03:00:00.000,2017,9,3,3,09006KT,14,09
2017-09-03 04:00:00.000,2017,9,3,4,10007KT,14,09
2017-09-03 05:00:00.000,2017,9,3,5,10004KT,14,09
2017-09-03 06:00:00.000,2017,9,3,6,VRB02KT,12,09
2017-09-03 07:00:00.000,2017,9,3,7,35003KT,11,09
2017-09-03 08:00:00.000,2017,9,3,8,VRB02KT,11,09
2017-09-03 09:00:00.000,2017,9,3,9,01004KT,10,09
2017-09-03 10:00:00.000,2017,9,3,10,00000KT,09,08
2017-09-03 10:30:00.000,2017,9,3,10,00000KT,09,08
2017-09-03 11:00:00.000,2017,9,3,11,00000KT,08,07
2017-09-03 12:00:00.000,2017,9,3,12,03003KT,10,09
2017-09-03 13:00:00.000,2017,9,3,13,VRB02KT,13,10
2017-09-03 14:00:00.000,2017,9,3,14,14010KT,16,07
2017-09-03 15:00:00.000,2017,9,3,15,15012KT,17,07
2017-09-03 16:00:00.000,2017,9,3,16,16013KT,17,07
2017-09-03 17:00:00.000,2017,9,3,17,17018KT,18,07
2017-09-03 18:00:00.000,2017,9,3,18,16016KT,19,07
2017-09-03 19:00:00.000,2017,9,3,19,14020KT,19,07
2017-09-03 20:00:00.000,2017,9,3,20,16016KT,18,06
2017-09-03 21:00:00.000,2017,9,3,21,18014KT,18,06
2017-09-03 22:00:00.000,2017,9,3,22,17012KT,18,05
2017-09-03 23:00:00.000,2017,9,3,23,16010KT,16,04
2017-09-04 00:00:00.000,2017,9,4,0,15004KT,14,06
2017-09-04 01:00:00.000,2017,9,4,1,VRB02KT,13,07
2017-09-04 02:00:00.000,2017,9,4,2,VRB02KT,11,07
2017-09-04 03:00:00.000,2017,9,4,3,VRB02KT,10,07
2017-09-04 04:00:00.000,2017,9,4,4,02003KT,10,07
2017-09-04 05:00:00.000,2017,9,4,5,04004KT,09,07
2017-09-04 06:00:00.000,2017,9,4,6,02004KT,10,08
2017-09-04 07:00:00.000,2017,9,4,7,04005KT,09,07
2017-09-04 08:00:00.000,2017,9,4,8,03004KT,09,07
2017-09-04 09:00:00.000,2017,9,4,9,04006KT,09,07
2017-09-04 10:00:00.000,2017,9,4,10,VRB02KT,08,06
2017-09-04 11:00:00.000,2017,9,4,11,04003KT,07,06
2017-09-04 12:00:00.000,2017,9,4,12,01004KT,09,07
2017-09-04 12:18:00.000,2017,9,4,12,06007KT,12,08
2017-09-04 13:00:00.000,2017,9,4,13,05005KT,14,08
2017-09-04 13:40:00.000,2017,9,4,13,03006KT,16,08
2017-09-04 14:00:00.000,2017,9,4,14,04005KT,17,07
2017-09-04 15:00:00.000,2017,9,4,15,VRB02KT,18,06
2017-09-04 16:00:00.000,2017,9,4,16,15017KT,19,06
2017-09-04 17:00:00.000,2017,9,4,17,14010KT,19,06
2017-09-04 18:00:00.000,2017,9,4,18,14010KT,20,06
2017-09-04 19:00:00.000,2017,9,4,19,10010KT,20,04
2017-09-04 20:00:00.000,2017,9,4,20,14006KT,19,05
2017-09-04 21:00:00.000,2017,9,4,21,27006KT,20,08
2017-09-04 22:00:00.000,2017,9,4,22,18008KT,19,05
2017-09-04 23:00:00.000,2017,9,4,23,24007KT,17,09
2017-09-05 00:00:00.000,2017,9,5,0,29007KT,15,09
2017-09-05 01:00:00.000,2017,9,5,1,28005KT,14,08
2017-09-05 02:00:00.000,2017,9,5,2,00000KT,11,09
2017-09-05 03:00:00.000,2017,9,5,3,00000KT,11,09
2017-09-05 04:00:00.000,2017,9,5,4,17007KT,14,05
2017-09-05 05:00:00.000,2017,9,5,5,04003KT,10,08
2017-09-05 06:00:00.000,2017,9,5,6,03003KT,10,08
2017-09-05 07:00:00.000,2017,9,5,7,27003KT,09,08
2017-09-05 08:00:00.000,2017,9,5,8,00000KT,08,07
2017-09-05 09:00:00.000,2017,9,5,9,VRB02KT,10,04
2017-09-05 10:00:00.000,2017,9,5,10,00000KT,07,05
2017-09-05 10:30:00.000,2017,9,5,10,VRB02KT,05,04
2017-09-05 11:00:00.000,2017,9,5,11,VRB02KT,07,06
2017-09-05 12:00:00.000,2017,9,5,12,06005KT,09,08
2017-09-05 13:00:00.000,2017,9,5,13,07004KT,12,09
2017-09-05 14:00:00.000,2017,9,5,14,18005KT,15,05
2017-09-05 15:00:00.000,2017,9,5,15,23005KT,18,06
2017-09-05 16:00:00.000,2017,9,5,16,17005KT,19,06
2017-09-05 17:00:00.000,2017,9,5,17,04005KT,18,06
2017-09-05 18:00:00.000,2017,9,5,18,25008KT,19,06
2017-09-05 19:00:00.000,2017,9,5,19,22010KT,19,07
2017-09-05 20:00:00.000,2017,9,5,20,VRB07G17KT,20,09
2017-09-05 21:00:00.000,2017,9,5,21,24009KT,18,09
2017-09-05 22:00:00.000,2017,9,5,22,20006KT,20,08
2017-09-05 23:00:00.000,2017,9,5,23,17007KT,18,07
2017-09-06 00:00:00.000,2017,9,6,0,16009KT,17,07
2017-09-06 01:00:00.000,2017,9,6,1,11003KT,15,07
2017-09-06 02:00:00.000,2017,9,6,2,VRB02KT,12,07
2017-09-06 03:00:00.000,2017,9,6,3,VRB02KT,11,07
2017-09-06 04:00:00.000,2017,9,6,4,03003KT,09,07
2017-09-06 05:00:00.000,2017,9,6,5,33005KT,08,07
2017-09-06 06:00:00.000,2017,9,6,6,VRB02KT,08,07
2017-09-06 07:00:00.000,2017,9,6,7,VRB02KT,08,07
2017-09-06 08:00:00.000,2017,9,6,8,VRB02KT,08,07
2017-09-06 09:00:00.000,2017,9,6,9,VRB02KT,08,07
2017-09-06 10:00:00.000,2017,9,6,10,VRB02KT,09,08
2017-09-06 10:30:00.000,2017,9,6,10,VRB02KT,06,05
2017-09-06 11:00:00.000,2017,9,6,11,VRB02KT,07,06
2017-09-06 12:00:00.000,2017,9,6,12,06003KT,10,10
2017-09-06 12:30:00.000,2017,9,6,12,07004KT,12,09
2017-09-06 13:00:00.000,2017,9,6,13,03004KT,13,09
2017-09-06 13:25:00.000,2017,9,6,13,05004KT,15,10
2017-09-06 14:00:00.000,2017,9,6,14,13006KT,17,08
2017-09-06 15:00:00.000,2017,9,6,15,15009KT,20,07
2017-09-06 16:00:00.000,2017,9,6,16,16007KT,21,06
2017-09-06 17:00:00.000,2017,9,6,17,16010KT,19,06
2017-09-06 18:00:00.000,2017,9,6,18,15010KT,20,06
2017-09-06 19:00:00.000,2017,9,6,19,13008KT,20,05
2017-09-06 20:00:00.000,2017,9,6,20,19006KT,20,04
2017-09-06 21:00:00.000,2017,9,6,21,23012KT,19,11
2017-09-06 22:00:00.000,2017,9,6,22,25012KT,17,11
2017-09-06 23:00:00.000,2017,9,6,23,28008KT,15,11
2017-09-07 00:00:00.000,2017,9,7,0,33004KT,13,10
2017-09-07 01:00:00.000,2017,9,7,1,VRB02KT,12,10
2017-09-07 02:00:00.000,2017,9,7,2,VRB02KT,14,10
2017-09-07 03:00:00.000,2017,9,7,3,28003KT,13,10
2017-09-07 04:00:00.000,2017,9,7,4,30004KT,13,09
2017-09-07 05:00:00.000,2017,9,7,5,VRB02KT,11,10
2017-09-07 06:00:00.000,2017,9,7,6,27004KT,12,10
2017-09-07 07:00:00.000,2017,9,7,7,VRB02KT,12,10
2017-09-07 08:00:00.000,2017,9,7,8,VRB02KT,12,10
2017-09-07 09:00:00.000,2017,9,7,9,VRB02KT,12,10
2017-09-07 10:00:00.000,2017,9,7,10,VRB02KT,11,10
2017-09-07 10:30:00.000,2017,9,7,10,VRB02KT,12,10
2017-09-07 11:00:00.000,2017,9,7,11,36004KT,11,10
2017-09-07 12:00:00.000,2017,9,7,12,26003KT,12,11
2017-09-07 12:30:00.000,2017,9,7,12,VRB02KT,14,11
2017-09-07 13:00:00.000,2017,9,7,13,VRB02KT,15,11
2017-09-07 14:00:00.000,2017,9,7,14,VRB02KT,16,09
2017-09-07 14:22:00.000,2017,9,7,14,15003KT,19,08
2017-09-07 15:00:00.000,2017,9,7,15,32004KT,18,09
2017-09-07 16:00:00.000,2017,9,7,16,25004KT,20,08
2017-09-07 17:00:00.000,2017,9,7,17,27008KT,21,09
2017-09-07 17:40:00.000,2017,9,7,17,27008KT,18,11
2017-09-07 18:00:00.000,2017,9,7,18,29006KT,16,12
2017-09-07 19:00:00.000,2017,9,7,19,29008KT,15,12
2017-09-07 20:00:00.000,2017,9,7,20,25007KT,16,12
2017-09-07 21:00:00.000,2017,9,7,21,25007KT,16,12
2017-09-07 22:00:00.000,2017,9,7,22,26006KT,16,11
2017-09-07 23:00:00.000,2017,9,7,23,27005KT,15,11
2017-09-08 00:00:00.000,2017,9,8,0,31004KT,15,10
2017-09-08 01:00:00.000,2017,9,8,1,VRB02KT,13,11
2017-09-08 02:00:00.000,2017,9,8,2,VRB02KT,13,11
2017-09-08 03:00:00.000,2017,9,8,3,34003KT,13,11
2017-09-08 04:00:00.000,2017,9,8,4,36003KT,12,10
2017-09-08 05:00:00.000,2017,9,8,5,02003KT,12,11
2017-09-08 06:00:00.000,2017,9,8,6,05004KT,13,11
2017-09-08 07:00:00.000,2017,9,8,7,36003KT,12,10
2017-09-08 08:00:00.000,2017,9,8,8,04004KT,11,09
2017-09-08 09:00:00.000,2017,9,8,9,VRB02KT,12,10
2017-09-08 10:00:00.000,2017,9,8,10,VRB02KT,11,10
2017-09-08 10:30:00.000,2017,9,8,10,07003KT,11,10
2017-09-08 11:00:00.000,2017,9,8,11,15003KT,12,10
2017-09-08 12:00:00.000,2017,9,8,12,VBR02KT,12,11
2017-09-08 13:00:00.000,2017,9,8,13,04004KT,13,11
2017-09-08 14:00:00.000,2017,9,8,14,05006KT,13,11
2017-09-08 15:00:00.000,2017,9,8,15,36006KT,15,11
2017-09-08 16:00:00.000,2017,9,8,16,VRB02KT,17,11
2017-09-08 17:00:00.000,2017,9,8,17,02005KT,17,10
2017-09-08 18:00:00.000,2017,9,8,18,25010KT,17,11
2017-09-08 18:15:00.000,2017,9,8,18,25010KT,15,11
2017-09-08 19:00:00.000,2017,9,8,19,25006KT,14,12
2017-09-08 20:00:00.000,2017,9,8,20,26005KT,14,12
2017-09-08 21:00:00.000,2017,9,8,21,22004KT,14,12
2017-09-08 22:00:00.000,2017,9,8,22,14003KT,14,12
2017-09-08 23:00:00.000,2017,9,8,23,VRB02KT,14,12
2017-09-09 00:00:00.000,2017,9,9,0,VRB02KT,13,12
2017-09-09 01:00:00.000,2017,9,9,1,VRB02KT,13,12
2017-09-09 02:00:00.000,2017,9,9,2,01003KT,13,12
2017-09-09 03:00:00.000,2017,9,9,3,01003KT,13,11
2017-09-09 04:00:00.000,2017,9,9,4,00000KT,13,11
2017-09-09 05:00:00.000,2017,9,9,5,03003KT,13,11
2017-09-09 06:00:00.000,2017,9,9,6,VRB02KT,13,11
2017-09-09 07:00:00.000,2017,9,9,7,23003KT,13,11
2017-09-09 08:00:00.000,2017,9,9,8,24003KT,12,11
2017-09-09 09:00:00.000,2017,9,9,9,VRB02KT,12,11
2017-09-09 10:00:00.000,2017,9,9,10,VRB02KT,11,10
2017-09-09 10:30:00.000,2017,9,9,10,VRB02KT,11,11
2017-09-09 11:00:00.000,2017,9,9,11,VRB02KT,11,10
2017-09-09 12:00:00.000,2017,9,9,12,06004KT,12,11
2017-09-09 13:00:00.000,2017,9,9,13,04004KT,14,11
2017-09-09 14:00:00.000,2017,9,9,14,28003KT,15,10
2017-09-09 15:00:00.000,2017,9,9,15,18004KT,17,09
2017-09-09 16:00:00.000,2017,9,9,16,12004KT,18,08
2017-09-09 17:00:00.000,2017,9,9,17,24006KT,18,10
2017-09-09 18:00:00.000,2017,9,9,18,25010KT,19,12
2017-09-09 19:00:00.000,2017,9,9,19,26010KT,16,12
2017-09-09 20:00:00.000,2017,9,9,20,34006KT,16,12
2017-09-09 21:00:00.000,2017,9,9,21,34008KT,14,12
2017-09-09 22:00:00.000,2017,9,9,22,35004KT,15,12
2017-09-09 23:00:00.000,2017,9,9,23,35003KT,15,11
2017-09-10 00:00:00.000,2017,9,10,0,13006KT,14,08
2017-09-10 01:00:00.000,2017,9,10,1,03003KT,13,09
2017-09-10 02:00:00.000,2017,9,10,2,06004KT,12,10
2017-09-10 03:00:00.000,2017,9,10,3,04005KT,11,09
2017-09-10 04:00:00.000,2017,9,10,4,36004KT,11,09
2017-09-10 05:00:00.000,2017,9,10,5,27004KT,10,09
2017-09-10 06:00:00.000,2017,9,10,6,28003KT,10,09
2017-09-10 07:00:00.000,2017,9,10,7,VRB02KT,10,09
2017-09-10 08:00:00.000,2017,9,10,8,VRB02KT,10,09
2017-09-10 09:00:00.000,2017,9,10,9,VRB02KT,09,08
2017-09-10 10:00:00.000,2017,9,10,10,VRB02KT,09,08
2017-09-10 10:30:00.000,2017,9,10,10,VRB02KT,09,08
2017-09-10 11:00:00.000,2017,9,10,11,VRB02KT,09,08
2017-09-10 12:00:00.000,2017,9,10,12,36003KT,10,09
2017-09-10 13:00:00.000,2017,9,10,13,30003KT,13,11
2017-09-10 13:29:00.000,2017,9,10,13,25003KT,16,11
2017-09-10 14:00:00.000,2017,9,10,14,24003KT,17,09
2017-09-10 15:00:00.000,2017,9,10,15,13006KT,18,06
2017-09-10 16:00:00.000,2017,9,10,16,15008KT,19,06
2017-09-10 17:00:00.000,2017,9,10,17,15006KT,19,05
2017-09-10 18:00:00.000,2017,9,10,18,15010KT,20,06
2017-09-10 19:00:00.000,2017,9,10,19,14003KT,20,05
2017-09-10 20:00:00.000,2017,9,10,20,31010KT,19,07
2017-09-10 21:00:00.000,2017,9,10,21,32004KT,20,08
2017-09-10 22:00:00.000,2017,9,10,22,24006KT,18,10
2017-09-10 23:00:00.000,2017,9,10,23,29005KT,17,11
2017-09-11 00:00:00.000,2017,9,11,0,31005KT,16,11
2017-09-11 01:00:00.000,2017,9,11,1,28004KT,15,11
2017-09-11 02:00:00.000,2017,9,11,2,12007KT,14,10
2017-09-11 03:00:00.000,2017,9,11,3,VRB02KT,13,10
2017-09-11 04:00:00.000,2017,9,11,4,03005KT,12,11
2017-09-11 05:00:00.000,2017,9,11,5,04006KT,12,10
2017-09-11 06:00:00.000,2017,9,11,6,35003KT,12,10
2017-09-11 07:00:00.000,2017,9,11,7,04005KT,12,10
2017-09-11 08:00:00.000,2017,9,11,8,VRB02KT,11,10
2017-09-11 09:00:00.000,2017,9,11,9,VRB02KT,10,09
2017-09-11 10:00:00.000,2017,9,11,10,07004KT,11,10
2017-09-11 10:30:00.000,2017,9,11,10,VRB02KT,11,09
2017-09-11 11:00:00.000,2017,9,11,11,01003KT,09,08
2017-09-11 11:30:00.000,2017,9,11,11,VRB02KT,11,09
2017-09-11 12:00:00.000,2017,9,11,12,VRB02KT,11,09
2017-09-11 12:32:00.000,2017,9,11,12,05007KT,14,10
2017-09-11 13:00:00.000,2017,9,11,13,06007KT,15,10
2017-09-11 14:00:00.000,2017,9,11,14,06006KT,17,09
2017-09-11 15:00:00.000,2017,9,11,15,06008KT,18,09
2017-09-11 16:00:00.000,2017,9,11,16,03006KT,19,09
2017-09-11 17:00:00.000,2017,9,11,17,09010KT,21,06
2017-09-11 18:00:00.000,2017,9,11,18,13008KT,21,06
2017-09-11 19:00:00.000,2017,9,11,19,12010KT,22,05
2017-09-11 20:00:00.000,2017,9,11,20,14010KT,21,05
2017-09-11 21:00:00.000,2017,9,11,21,11007KT,20,06
2017-09-11 22:00:00.000,2017,9,11,22,14006KT,19,07
2017-09-11 23:00:00.000,2017,9,11,23,27006KT,17,10
2017-09-12 00:00:00.000,2017,9,12,0,01004KT,14,10
2017-09-12 01:00:00.000,2017,9,12,1,34003KT,11,10
2017-09-12 02:00:00.000,2017,9,12,2,VRB02KT,12,10
2017-09-12 03:00:00.000,2017,9,12,3,03005KT,11,09
2017-09-12 04:00:00.000,2017,9,12,4,36004KT,10,08
2017-09-12 05:00:00.000,2017,9,12,5,VRB02KT,12,09
2017-09-12 06:00:00.000,2017,9,12,6,11004KT,13,08
2017-09-12 07:00:00.000,2017,9,12,7,VRB02KT,10,08
2017-09-12 08:00:00.000,2017,9,12,8,35003KT,08,07
2017-09-12 09:00:00.000,2017,9,12,9,VRB02KT,08,07
2017-09-12 10:00:00.000,2017,9,12,10,VRB02KT,09,08
2017-09-12 10:30:00.000,2017,9,12,10,VRB02KT,06,06
2017-09-12 11:00:00.000,2017,9,12,11,VRB02KT,05,05
2017-09-12 11:20:00.000,2017,9,12,11,VRB02KT,08,07
2017-09-12 12:00:00.000,2017,9,12,12,04003KT,09,09
2017-09-12 12:30:00.000,2017,9,12,12,35006KT,12,10
2017-09-12 13:00:00.000,2017,9,12,13,03004KT,14,09
2017-09-12 13:20:00.000,2017,9,12,13,06005KT,16,09
2017-09-12 14:00:00.000,2017,9,12,14,03005KT,17,08
2017-09-12 15:00:00.000,2017,9,12,15,25003KT,17,07
2017-09-12 16:00:00.000,2017,9,12,16,05009KT,18,06
2017-09-12 16:30:00.000,2017,9,12,16,07010KT,20,07
2017-09-12 17:00:00.000,2017,9,12,17,07009KT,20,06
2017-09-12 18:00:00.000,2017,9,12,18,08007KT,21,07
2017-09-12 19:00:00.000,2017,9,12,19,07008KT,19,07
2017-09-12 20:00:00.000,2017,9,12,20,21008KT,16,11
2017-09-12 21:00:00.000,2017,9,12,21,24008KT,16,12
2017-09-12 22:00:00.000,2017,9,12,22,13007KT,18,06
2017-09-12 23:00:00.000,2017,9,12,23,VRB02KT,15,11
2017-09-13 00:00:00.000,2017,9,13,0,36008KT,14,10
2017-09-13 01:00:00.000,2017,9,13,1,VRB02KT,12,09
2017-09-13 02:00:00.000,2017,9,13,2,05006KT,12,10
2017-09-13 03:00:00.000,2017,9,13,3,04007KT,12,09
2017-09-13 04:00:00.000,2017,9,13,4,05007KT,13,10
2017-09-13 05:00:00.000,2017,9,13,5,04006KT,13,10
2017-09-13 06:00:00.000,2017,9,13,6,04003KT,13,09
2017-09-13 07:00:00.000,2017,9,13,7,05006KT,12,09
2017-09-13 08:00:00.000,2017,9,13,8,04006KT,12,09
2017-09-13 09:00:00.000,2017,9,13,9,04005KT,11,08
2017-09-13 10:00:00.000,2017,9,13,10,07005KT,12,09
2017-09-13 10:30:00.000,2017,9,13,10,36003KT,12,09
2017-09-13 11:00:00.000,2017,9,13,11,03004KT,12,09
2017-09-13 12:00:00.000,2017,9,13,12,05006KT,13,10
2017-09-13 13:00:00.000,2017,9,13,13,06008KT,15,09
2017-09-13 14:00:00.000,2017,9,13,14,05006KT,15,09
2017-09-13 15:00:00.000,2017,9,13,15,VRB02KT,17,10
2017-09-13 16:00:00.000,2017,9,13,16,18010KT,17,08
2017-09-13 17:00:00.000,2017,9,13,17,17016KT,19,08
2017-09-13 18:00:00.000,2017,9,13,18,17016KT,19,08
2017-09-13 19:00:00.000,2017,9,13,19,17018KT,21,07
2017-09-13 20:00:00.000,2017,9,13,20,17014KT,19,07
2017-09-13 21:00:00.000,2017,9,13,21,17014KT,19,08
2017-09-13 22:00:00.000,2017,9,13,22,18012KT,18,08
2017-09-13 23:00:00.000,2017,9,13,23,18010KT,17,07
2017-09-14 00:00:00.000,2017,9,14,0,23009KT,15,10
2017-09-14 01:00:00.000,2017,9,14,1,23004KT,14,10
2017-09-14 02:00:00.000,2017,9,14,2,02003KT,12,09
2017-09-14 03:00:00.000,2017,9,14,3,35003KT,11,09
2017-09-14 04:00:00.000,2017,9,14,4,03003KT,11,09
2017-09-14 05:00:00.000,2017,9,14,5,VRB02KT,11,09
2017-09-14 06:00:00.000,2017,9,14,6,VRB02KT,13,09
2017-09-14 07:00:00.000,2017,9,14,7,VRB02KT,12,09
2017-09-14 08:00:00.000,2017,9,14,8,01003KT,11,09
2017-09-14 09:00:00.000,2017,9,14,9,07003KT,12,10
2017-09-14 10:00:00.000,2017,9,14,10,05003KT,10,09
2017-09-14 10:30:00.000,2017,9,14,10,VRB02KT,10,08
2017-09-14 11:00:00.000,2017,9,14,11,00000KT,10,08
2017-09-14 12:00:00.000,2017,9,14,12,VRB02KT,11,10
2017-09-14 13:00:00.000,2017,9,14,13,28004KT,16,09
2017-09-14 14:00:00.000,2017,9,14,14,23003KT,17,08
2017-09-14 15:00:00.000,2017,9,14,15,14006KT,19,08
2017-09-14 16:00:00.000,2017,9,14,16,13008KT,19,08
2017-09-14 17:00:00.000,2017,9,14,17,17010KT,19,07
2017-09-14 18:00:00.000,2017,9,14,18,26008KT,20,07
2017-09-14 19:00:00.000,2017,9,14,19,22006KT,21,06
2017-09-14 20:00:00.000,2017,9,14,20,25010KT,19,11
2017-09-14 21:00:00.000,2017,9,14,21,25010KT,18,10
2017-09-14 22:00:00.000,2017,9,14,22,31008KT,16,12
2017-09-14 23:00:00.000,2017,9,14,23,35005KT,15,12
2017-09-15 00:00:00.000,2017,9,15,0,33003KT,13,11
2017-09-15 01:00:00.000,2017,9,15,1,31003KT,13,11
2017-09-15 02:00:00.000,2017,9,15,2,02003KT,13,12
2017-09-15 03:00:00.000,2017,9,15,3,12004KT,14,10
2017-09-15 04:00:00.000,2017,9,15,4,16008KT,14,10
2017-09-15 05:00:00.000,2017,9,15,5,02005KT,13,10
2017-09-15 06:00:00.000,2017,9,15,6,05004KT,12,10
2017-09-15 07:00:00.000,2017,9,15,7,04004KT,12,11
2017-09-15 08:00:00.000,2017,9,15,8,02005KT,12,11
2017-09-15 09:00:00.000,2017,9,15,9,06006KT,11,09
2017-09-15 10:00:00.000,2017,9,15,10,04003KT,11,09
2017-09-15 10:30:00.000,2017,9,15,10,02006KT,11,09
2017-09-15 11:00:00.000,2017,9,15,11,05006KT,11,10
2017-09-15 12:00:00.000,2017,9,15,12,05005KT,12,10
2017-09-15 12:27:00.000,2017,9,15,12,VRB02KT,14,10
2017-09-15 13:00:00.000,2017,9,15,13,VRB02KT,14,11
2017-09-15 14:00:00.000,2017,9,15,14,00000KT,15,10
2017-09-15 15:00:00.000,2017,9,15,15,04004KT,16,10
2017-09-15 16:00:00.000,2017,9,15,16,15006KT,18,09
2017-09-15 17:00:00.000,2017,9,15,17,10007KT,18,09
2017-09-15 18:00:00.000,2017,9,15,18,11008KT,19,09
2017-09-15 19:00:00.000,2017,9,15,19,09009KT,19,09
2017-09-15 20:00:00.000,2017,9,15,20,13010KT,17,10
2017-09-15 21:00:00.000,2017,9,15,21,10006KT,17,09
2017-09-15 22:00:00.000,2017,9,15,22,04009KT,16,10
2017-09-15 23:00:00.000,2017,9,15,23,09010KT,16,09
2017-09-16 00:00:00.000,2017,9,16,0,10010KT,15,09
2017-09-16 01:00:00.000,2017,9,16,1,11006KT,15,09
2017-09-16 02:00:00.000,2017,9,16,2,11006KT,14,09
2017-09-16 03:00:00.000,2017,9,16,3,VRB02KT,12,09
2017-09-16 04:00:00.000,2017,9,16,4,04005KT,12,08
2017-09-16 05:00:00.000,2017,9,16,5,06005KT,11,08
2017-09-16 06:00:00.000,2017,9,16,6,02006KT,11,08
2017-09-16 07:00:00.000,2017,9,16,7,05006KT,11,08
2017-09-16 08:00:00.000,2017,9,16,8,06003KT,11,08
2017-09-16 09:00:00.000,2017,9,16,9,VRB02KT,10,07
2017-09-16 10:00:00.000,2017,9,16,10,VRB02KT,09,07
2017-09-16 10:30:00.000,2017,9,16,10,VRB02KT,07,06
2017-09-16 11:00:00.000,2017,9,16,11,03003KT,08,07
2017-09-16 12:00:00.000,2017,9,16,12,04006KT,10,09
2017-09-16 12:30:00.000,2017,9,16,12,06007KT,13,09
2017-09-16 13:00:00.000,2017,9,16,13,05008KT,14,08
2017-09-16 14:00:00.000,2017,9,16,14,20004KT,15,08
2017-09-16 15:00:00.000,2017,9,16,15,17008KT,17,06
2017-09-16 16:00:00.000,2017,9,16,16,15011KT,17,07
2017-09-16 17:00:00.000,2017,9,16,17,11007KT,17,07
2017-09-16 18:00:00.000,2017,9,16,18,16013KT,18,08
2017-09-16 19:00:00.000,2017,9,16,19,14009KT,18,07
2017-09-16 20:00:00.000,2017,9,16,20,14011KT,17,08
2017-09-16 21:00:00.000,2017,9,16,21,12008KT,19,07
2017-09-16 22:00:00.000,2017,9,16,22,09007KT,17,07
2017-09-16 23:00:00.000,2017,9,16,23,14009KT,16,08
2017-09-17 00:00:00.000,2017,9,17,0,08005KT,15,08
2017-09-17 01:00:00.000,2017,9,17,1,05007KT,14,10
2017-09-17 02:00:00.000,2017,9,17,2,06006KT,13,10
2017-09-17 03:00:00.000,2017,9,17,3,04005KT,12,09
2017-09-17 04:00:00.000,2017,9,17,4,00000KT,12,09
2017-09-17 05:00:00.000,2017,9,17,5,04005KT,12,09
2017-09-17 06:00:00.000,2017,9,17,6,04005KT,12,09
2017-09-17 07:00:00.000,2017,9,17,7,05005KT,12,08
2017-09-17 08:00:00.000,2017,9,17,8,05006KT,13,09
2017-09-17 09:00:00.000,2017,9,17,9,10009KT,13,08
2017-09-17 10:00:00.000,2017,9,17,10,06006KT,13,08
2017-09-17 10:30:00.000,2017,9,17,10,03003KT,12,07
2017-09-17 11:00:00.000,2017,9,17,11,06004KT,11,07
2017-09-17 12:00:00.000,2017,9,17,12,06006KT,13,08
2017-09-17 13:00:00.000,2017,9,17,13,05007KT,14,08
2017-09-17 14:00:00.000,2017,9,17,14,05007KT,15,08
2017-09-17 15:00:00.000,2017,9,17,15,13009KT,17,07
2017-09-17 16:00:00.000,2017,9,17,16,12009KT,18,07
2017-09-17 17:00:00.000,2017,9,17,17,12014KT,18,08
2017-09-17 18:00:00.000,2017,9,17,18,14013KT,19,06
2017-09-17 19:00:00.000,2017,9,17,19,14013KT,18,06
2017-09-17 20:00:00.000,2017,9,17,20,15013KT,20,06
2017-09-17 21:00:00.000,2017,9,17,21,15012KT,18,06
2017-09-17 22:00:00.000,2017,9,17,22,05006KT,17,07
2017-09-17 23:00:00.000,2017,9,17,23,08006KT,16,07
2017-09-18 00:00:00.000,2017,9,18,0,12005KT,14,07
2017-09-18 01:00:00.000,2017,9,18,1,14004KT,13,07
2017-09-18 02:00:00.000,2017,9,18,2,VRB03KT,11,08
2017-09-18 03:00:00.000,2017,9,18,3,04004KT,12,08
2017-09-18 04:00:00.000,2017,9,18,4,11006KT,14,07
2017-09-18 05:00:00.000,2017,9,18,5,14006KT,12,07
2017-09-18 06:00:00.000,2017,9,18,6,03003KT,10,08
2017-09-18 07:00:00.000,2017,9,18,7,32004KT,09,08
2017-09-18 08:00:00.000,2017,9,18,8,VRB02KT,09,08
2017-09-18 09:00:00.000,2017,9,18,9,06003KT,10,09
2017-09-18 10:00:00.000,2017,9,18,10,VRB02KT,10,09
2017-09-18 10:18:00.000,2017,9,18,10,06004KT,11,09
2017-09-18 10:30:00.000,2017,9,18,10,VRB02KT,11,09
2017-09-18 11:00:00.000,2017,9,18,11,07003KT,11,09
2017-09-18 12:00:00.000,2017,9,18,12,VRB02KT,12,10
2017-09-18 12:26:00.000,2017,9,18,12,17004KT,15,07
2017-09-18 13:00:00.000,2017,9,18,13,18007KT,15,07
2017-09-18 14:00:00.000,2017,9,18,14,07007KT,16,08
2017-09-18 15:00:00.000,2017,9,18,15,05006KT,17,09
2017-09-18 16:00:00.000,2017,9,18,16,20008KT,18,08
2017-09-18 17:00:00.000,2017,9,18,17,24010KT,17,09
2017-09-18 18:00:00.000,2017,9,18,18,23009KT,17,10
2017-09-18 19:00:00.000,2017,9,18,19,24012KT,19,10
2017-09-18 20:00:00.000,2017,9,18,20,24007KT,19,10
2017-09-18 21:00:00.000,2017,9,18,21,27006KT,20,09
2017-09-18 22:00:00.000,2017,9,18,22,36007KT,16,11
2017-09-18 23:00:00.000,2017,9,18,23,27007KT,17,10
2017-09-19 00:00:00.000,2017,9,19,0,35004KT,12,09
2017-09-19 01:00:00.000,2017,9,19,1,03005KT,12,10
2017-09-19 02:00:00.000,2017,9,19,2,31004KT,13,10
2017-09-19 03:00:00.000,2017,9,19,3,29004KT,14,11
2017-09-19 04:00:00.000,2017,9,19,4,21005KT,14,10
2017-09-19 05:00:00.000,2017,9,19,5,24005KT,14,10
2017-09-19 06:00:00.000,2017,9,19,6,25006KT,13,09
2017-09-19 07:00:00.000,2017,9,19,7,25004KT,12,09
2017-09-19 08:00:00.000,2017,9,19,8,24003KT,12,10
2017-09-19 09:00:00.000,2017,9,19,9,23003KT,11,09
2017-09-19 10:00:00.000,2017,9,19,10,VRB02KT,08,07
2017-09-19 10:30:00.000,2017,9,19,10,VRB02KT,08,07
2017-09-19 11:00:00.000,2017,9,19,11,00000KT,08,07
2017-09-19 12:00:00.000,2017,9,19,12,VRB02KT,10,09
2017-09-19 13:00:00.000,2017,9,19,13,VRB02KT,14,10
2017-09-19 14:00:00.000,2017,9,19,14,VRB03KT,17,09
2017-09-19 15:00:00.000,2017,9,19,15,VRB03KT,19,08
2017-09-19 16:00:00.000,2017,9,19,16,24010KT,19,09
2017-09-19 17:00:00.000,2017,9,19,17,23010KT,20,09
2017-09-19 18:00:00.000,2017,9,19,18,24010KT,21,10
2017-09-19 19:00:00.000,2017,9,19,19,23011KT,21,11
2017-09-19 20:00:00.000,2017,9,19,20,23013KT,20,10
2017-09-19 21:00:00.000,2017,9,19,21,25012KT,20,11
2017-09-19 22:00:00.000,2017,9,19,22,25010KT,17,11
2017-09-19 23:00:00.000,2017,9,19,23,26006KT,16,11
2017-09-20 00:00:00.000,2017,9,20,0,25005KT,16,11
2017-09-20 01:00:00.000,2017,9,20,1,27004KT,16,11
2017-09-20 02:00:00.000,2017,9,20,2,VRB02KT,15,11
2017-09-20 03:00:00.000,2017,9,20,3,VRB02KT,14,12
2017-09-20 04:00:00.000,2017,9,20,4,23004KT,16,10
2017-09-20 05:00:00.000,2017,9,20,5,22007KT,15,10
2017-09-20 06:00:00.000,2017,9,20,6,29004KT,14,10
2017-09-20 07:00:00.000,2017,9,20,7,24003KT,14,11
2017-09-20 08:00:00.000,2017,9,20,8,26004KT,14,11
2017-09-20 09:00:00.000,2017,9,20,9,24007KT,13,10
2017-09-20 10:00:00.000,2017,9,20,10,02003KT,12,10
2017-09-20 10:30:00.000,2017,9,20,10,00000KT,13,11
2017-09-20 11:00:00.000,2017,9,20,11,VRB02KT,13,11
2017-09-20 12:00:00.000,2017,9,20,12,VRB02KT,13,11
2017-09-20 13:00:00.000,2017,9,20,13,05004KT,15,11
2017-09-20 13:33:00.000,2017,9,20,13,01004KT,17,11
2017-09-20 14:00:00.000,2017,9,20,14,04004KT,17,11
2017-09-20 15:00:00.000,2017,9,20,15,03003KT,19,10
2017-09-20 16:00:00.000,2017,9,20,16,27008KT,19,10
2017-09-20 17:00:00.000,2017,9,20,17,24009KT,17,11
2017-09-20 18:00:00.000,2017,9,20,18,25008KT,17,11
2017-09-20 19:00:00.000,2017,9,20,19,28008KT,17,11
2017-09-20 20:00:00.000,2017,9,20,20,28006KT,19,10
2017-09-20 21:00:00.000,2017,9,20,21,26008KT,20,09
2017-09-20 22:00:00.000,2017,9,20,22,26010KT,18,08
2017-09-20 23:00:00.000,2017,9,20,23,26006KT,16,10
2017-09-21 00:00:00.000,2017,9,21,0,28004KT,16,08
2017-09-21 01:00:00.000,2017,9,21,1,31003KT,15,08
2017-09-21 02:00:00.000,2017,9,21,2,VRB02KT,15,08
2017-09-21 03:00:00.000,2017,9,21,3,33004KT,13,09
2017-09-21 04:00:00.000,2017,9,21,4,VRB02KT,13,10
2017-09-21 04:34:00.000,2017,9,21,4,01004KT,13,10
2017-09-21 05:00:00.000,2017,9,21,5,VRB02KT,13,11
2017-09-21 06:00:00.000,2017,9,21,6,VRB02KT,11,10
2017-09-21 07:00:00.000,2017,9,21,7,VRB02KT,11,10
2017-09-21 08:00:00.000,2017,9,21,8,VRB02KT,12,11
2017-09-21 09:00:00.000,2017,9,21,9,VRB02KT,10,09
2017-09-21 10:00:00.000,2017,9,21,10,33003KT,09,09
2017-09-21 10:30:00.000,2017,9,21,10,VRB02KT,10,10
2017-09-21 11:00:00.000,2017,9,21,11,01003KT,10,10
2017-09-21 12:00:00.000,2017,9,21,12,03003KT,11,11
2017-09-21 12:21:00.000,2017,9,21,12,03005KT,13,11
2017-09-21 13:00:00.000,2017,9,21,13,06006KT,14,12
2017-09-21 14:00:00.000,2017,9,21,14,05006KT,16,11
2017-09-21 15:00:00.000,2017,9,21,15,05004KT,18,10
2017-09-21 16:00:00.000,2017,9,21,16,19006KT,19,07
2017-09-21 17:00:00.000,2017,9,21,17,17009KT,21,07
2017-09-21 18:00:00.000,2017,9,21,18,18008KT,21,07
2017-09-21 19:00:00.000,2017,9,21,19,14008KT,21,06
2017-09-21 20:00:00.000,2017,9,21,20,33008KT,19,11
2017-09-21 21:00:00.000,2017,9,21,21,26010KT,20,10
2017-09-21 22:00:00.000,2017,9,21,22,25010KT,19,10
2017-09-21 23:00:00.000,2017,9,21,23,31006KT,15,09
2017-09-22 00:00:00.000,2017,9,22,0,34004KT,13,09
2017-09-22 01:00:00.000,2017,9,22,1,02003KT,13,10
2017-09-22 02:00:00.000,2017,9,22,2,05003KT,12,10
2017-09-22 03:00:00.000,2017,9,22,3,VRB02KT,12,09
2017-09-22 04:00:00.000,2017,9,22,4,33004KT,11,10
2017-09-22 05:00:00.000,2017,9,22,5,34003KT,12,09
2017-09-22 06:00:00.000,2017,9,22,6,VRB02KT,11,10
2017-09-22 07:00:00.000,2017,9,22,7,34004KT,10,08
2017-09-22 08:00:00.000,2017,9,22,8,VRB02KT,08,07
2017-09-22 09:00:00.000,2017,9,22,9,VRB02KT,09,08
2017-09-22 10:00:00.000,2017,9,22,10,31004KT,08,07
2017-09-22 11:00:00.000,2017,9,22,11,VRB02KT,08,08
2017-09-22 12:00:00.000,2017,9,22,12,VRB02KT,07,07
2017-09-22 13:00:00.000,2017,9,22,13,VRB02KT,11,11
2017-09-22 14:00:00.000,2017,9,22,14,VRB02KT,15,12
2017-09-22 15:00:00.000,2017,9,22,15,05006KT,17,10
2017-09-22 16:00:00.000,2017,9,22,16,10005KT,18,08
2017-09-22 17:00:00.000,2017,9,22,17,13009KT,18,08
2017-09-22 18:00:00.000,2017,9,22,18,19009KT,20,07
2017-09-22 19:00:00.000,2017,9,22,19,18011KT,20,06
2017-09-22 20:00:00.000,2017,9,22,20,15008KT,20,06
2017-09-22 21:00:00.000,2017,9,22,21,14005KT,20,06
2017-09-22 22:00:00.000,2017,9,22,22,10006KT,19,07
2017-09-22 23:00:00.000,2017,9,22,23,08005KT,18,07
2017-09-23 00:00:00.000,2017,9,23,0,04005KT,14,08
2017-09-23 01:00:00.000,2017,9,23,1,09006KT,13,08
2017-09-23 02:00:00.000,2017,9,23,2,12004KT,14,08
2017-09-23 03:00:00.000,2017,9,23,3,35003KT,11,08
2017-09-23 04:00:00.000,2017,9,23,4,VRB02KT,13,08
2017-09-23 05:00:00.000,2017,9,23,5,VRB02KT,11,07
2017-09-23 06:00:00.000,2017,9,23,6,19008KT,13,08
2017-09-23 07:00:00.000,2017,9,23,7,05005KT,10,08
2017-09-23 08:00:00.000,2017,9,23,8,06003KT,10,08
2017-09-23 09:00:00.000,2017,9,23,9,02003KT,09,07
2017-09-23 10:00:00.000,2017,9,23,10,01003KT,09,08
2017-09-23 10:30:00.000,2017,9,23,10,36003KT,08,07
2017-09-23 11:00:00.000,2017,9,23,11,05003KT,09,08
2017-09-23 12:00:00.000,2017,9,23,12,02004KT,12,10
2017-09-23 13:00:00.000,2017,9,23,13,VRB02KT,14,10
2017-09-23 14:00:00.000,2017,9,23,14,VRB02KT,15,10
2017-09-23 15:00:00.000,2017,9,23,15,33003KT,17,09
2017-09-23 16:00:00.000,2017,9,23,16,01004KT,17,09
2017-09-23 17:00:00.000,2017,9,23,17,14010KT,14,11
2017-09-23 18:00:00.000,2017,9,23,18,14009KT,17,10
2017-09-23 19:00:00.000,2017,9,23,19,15007KT,18,08
2017-09-23 20:00:00.000,2017,9,23,20,13005KT,19,08
2017-09-23 21:00:00.000,2017,9,23,21,12006KT,18,08
2017-09-23 22:00:00.000,2017,9,23,22,15012KT,17,08
2017-09-23 23:00:00.000,2017,9,23,23,11004KT,15,10
2017-09-24 00:00:00.000,2017,9,24,0,VRB02KT,13,10
2017-09-24 01:00:00.000,2017,9,24,1,06004KT,13,10
2017-09-24 02:00:00.000,2017,9,24,2,35005KT,13,10
2017-09-24 03:00:00.000,2017,9,24,3,05004KT,12,09
2017-09-24 04:00:00.000,2017,9,24,4,01004KT,12,10
2017-09-24 05:00:00.000,2017,9,24,5,06005KT,11,09
2017-09-24 06:00:00.000,2017,9,24,6,09004KT,12,09
2017-09-24 07:00:00.000,2017,9,24,7,06004KT,11,09
2017-09-24 08:00:00.000,2017,9,24,8,03005KT,11,09
2017-09-24 09:00:00.000,2017,9,24,9,35003KT,11,09
2017-09-24 10:00:00.000,2017,9,24,10,33003KT,11,09
2017-09-24 11:00:00.000,2017,9,24,11,35003KT,10,09
2017-09-24 12:00:00.000,2017,9,24,12,04004KT,11,10
2017-09-24 13:00:00.000,2017,9,24,13,05009KT,15,11
2017-09-24 14:00:00.000,2017,9,24,14,04007KT,16,09
2017-09-24 15:00:00.000,2017,9,24,15,08009KT,17,08
2017-09-24 16:00:00.000,2017,9,24,16,14009KT,18,09
2017-09-24 17:00:00.000,2017,9,24,17,13009KT,19,09
2017-09-24 18:00:00.000,2017,9,24,18,15008KT,19,08
2017-09-24 19:00:00.000,2017,9,24,19,08008KT,18,10
2017-09-24 20:00:00.000,2017,9,24,20,09006KT,19,09
2017-09-24 21:00:00.000,2017,9,24,21,14010KT,18,09
2017-09-24 22:00:00.000,2017,9,24,22,17012KT,17,08
2017-09-24 23:00:00.000,2017,9,24,23,16010KT,16,08
2017-09-25 00:00:00.000,2017,9,25,0,10005KT,15,09
2017-09-25 01:00:00.000,2017,9,25,1,11006KT,15,08
2017-09-25 02:00:00.000,2017,9,25,2,06005KT,14,09
2017-09-25 03:00:00.000,2017,9,25,3,06006KT,13,10
2017-09-25 04:00:00.000,2017,9,25,4,05005KT,12,10
2017-09-25 06:00:00.000,2017,9,25,6,05005KT,13,10
2017-09-25 07:00:00.000,2017,9,25,7,04005KT,12,09
2017-09-25 08:00:00.000,2017,9,25,8,08004KT,13,08
2017-09-25 09:00:00.000,2017,9,25,9,06004KT,13,07
2017-09-25 10:00:00.000,2017,9,25,10,05005KT,12,07
2017-09-25 11:00:00.000,2017,9,25,11,05007KT,09,07
2017-09-25 12:00:00.000,2017,9,25,12,02008KT,11,08
2017-09-25 13:00:00.000,2017,9,25,13,09008KT,16,06
2017-09-25 14:00:00.000,2017,9,25,14,11010KT,18,04
2017-09-25 15:00:00.000,2017,9,25,15,10011KT,18,04
2017-09-25 16:00:00.000,2017,9,25,16,15011KT,18,05
2017-09-25 17:00:00.000,2017,9,25,17,15012KT,19,05
2017-09-25 18:00:00.000,2017,9,25,18,15014KT,19,03
2017-09-25 19:00:00.000,2017,9,25,19,15012KT,19,04
2017-09-25 20:00:00.000,2017,9,25,20,16011KT,19,04
2017-09-25 21:00:00.000,2017,9,25,21,17013KT,18,04
2017-09-25 22:00:00.000,2017,9,25,22,17012KT,17,04
2017-09-25 23:00:00.000,2017,9,25,23,16010KT,15,04
2017-09-26 00:00:00.000,2017,9,26,0,17009KT,15,05
2017-09-26 01:00:00.000,2017,9,26,1,VRB02KT,12,05
2017-09-26 02:00:00.000,2017,9,26,2,01003KT,11,05
2017-09-26 03:00:00.000,2017,9,26,3,04004KT,10,06
2017-09-26 04:00:00.000,2017,9,26,4,02003KT,08,06
2017-09-26 05:00:00.000,2017,9,26,5,05003KT,10,06
2017-09-26 06:00:00.000,2017,9,26,6,04003KT,09,07
2017-09-26 07:00:00.000,2017,9,26,7,33003KT,07,06
2017-09-26 08:00:00.000,2017,9,26,8,VRB02KT,07,06
2017-09-26 09:00:00.000,2017,9,26,9,31004KT,06,05
2017-09-26 10:00:00.000,2017,9,26,10,03004KT,06,06
2017-09-26 11:00:00.000,2017,9,26,11,00000KT,06,06
2017-09-26 12:00:00.000,2017,9,26,12,VRB02KT,09,08
2017-09-26 13:00:00.000,2017,9,26,13,04005KT,12,08
2017-09-26 14:00:00.000,2017,9,26,14,05006KT,13,08
2017-09-26 15:00:00.000,2017,9,26,15,05006KT,15,07
2017-09-26 16:00:00.000,2017,9,26,16,04007KT,14,09
2017-09-26 17:00:00.000,2017,9,26,17,VRB02KT,16,08
2017-09-26 18:00:00.000,2017,9,26,18,02005KT,17,10
2017-09-26 19:00:00.000,2017,9,26,19,26005KT,17,09
2017-09-26 20:00:00.000,2017,9,26,20,06005KT,18,08
2017-09-26 21:00:00.000,2017,9,26,21,VRB02KT,18,07
2017-09-26 22:00:00.000,2017,9,26,22,25008KT,18,10
2017-09-26 23:00:00.000,2017,9,26,23,23005KT,14,09
2017-09-27 00:00:00.000,2017,9,27,0,17009KT,15,05
2017-09-27 01:00:00.000,2017,9,27,1,VRB02KT,12,05
2017-09-27 02:00:00.000,2017,9,27,2,VRB02KT,10,09
2017-09-27 03:00:00.000,2017,9,27,3,VRB02KT,10,09
2017-09-27 04:00:00.000,2017,9,27,4,33003KT,08,07
2017-09-27 05:00:00.000,2017,9,27,5,VRB02KT,07,06
2017-09-27 06:00:00.000,2017,9,27,6,VRB02KT,07,07
2017-09-27 07:00:00.000,2017,9,27,7,VRB02KT,07,07
2017-09-27 08:00:00.000,2017,9,27,8,36003KT,04,03
2017-09-27 09:00:00.000,2017,9,27,9,VRB02KT,07,07
2017-09-27 10:00:00.000,2017,9,27,10,VRB02KT,07,07
2017-09-27 11:00:00.000,2017,9,27,11,34003KT,08,08
2017-09-27 12:00:00.000,2017,9,27,12,00000KT,11,10
2017-09-27 13:00:00.000,2017,9,27,13,03004KT,13,09
2017-09-27 14:00:00.000,2017,9,27,14,VRB04KT,17,09
2017-09-27 15:00:00.000,2017,9,27,15,VRB05KT,19,09
2017-09-27 16:00:00.000,2017,9,27,16,29003KT,21,08
2017-09-27 17:00:00.000,2017,9,27,17,VRB04KT,20,06
2017-09-27 18:00:00.000,2017,9,27,18,22009KT,20,09
2017-09-27 19:00:00.000,2017,9,27,19,23010KT,22,10
2017-09-27 20:00:00.000,2017,9,27,20,25004KT,18,11
2017-09-27 21:00:00.000,2017,9,27,21,22008KT,18,12
2017-09-27 22:00:00.000,2017,9,27,22,24008KT,17,11
2017-09-27 23:00:00.000,2017,9,27,23,29004KT,17,11
2017-09-28 00:00:00.000,2017,9,28,0,25005KT,16,12
2017-09-28 01:00:00.000,2017,9,28,1,VRB02KT,14,12
2017-09-28 02:00:00.000,2017,9,28,2,03003KT,13,11
2017-09-28 03:00:00.000,2017,9,28,3,VRB02KT,11,10
2017-09-28 04:00:00.000,2017,9,28,4,06004KT,11,10
2017-09-28 05:00:00.000,2017,9,28,5,06003KT,11,10
2017-09-28 06:00:00.000,2017,9,28,6,14003KT,,
2017-09-28 07:00:00.000,2017,9,28,7,07004KT,11,10
2017-09-28 08:00:00.000,2017,9,28,8,06004KT,12,10
2017-09-28 09:00:00.000,2017,9,28,9,05005KT,10,09
2017-09-28 10:00:00.000,2017,9,28,10,31003KT,10,09
2017-09-28 11:00:00.000,2017,9,28,11,36003KT,10,09
2017-09-28 12:00:00.000,2017,9,28,12,05005KT,12,10
2017-09-28 13:00:00.000,2017,9,28,13,04007KT,15,11
2017-09-28 14:00:00.000,2017,9,28,14,03008KT,17,11
2017-09-28 15:00:00.000,2017,9,28,15,05008KT,18,11
2017-09-28 16:00:00.000,2017,9,28,16,13006KT,18,10
2017-09-28 17:00:00.000,2017,9,28,17,VRB02KT,19,10
2017-09-28 18:00:00.000,2017,9,28,18,23010KT,17,12
2017-09-28 19:00:00.000,2017,9,28,19,29007KT,18,12
2017-09-28 20:00:00.000,2017,9,28,20,VRB03G13KT,18,11
2017-09-28 21:00:00.000,2017,9,28,21,27003KT,15,11
2017-09-28 22:00:00.000,2017,9,28,22,20003KT,16,11
2017-09-28 23:00:00.000,2017,9,28,23,VRB02KT,14,12
2017-09-29 00:00:00.000,2017,9,29,0,24007KT,15,10
2017-09-29 01:00:00.000,2017,9,29,1,31006KT,13,12
2017-09-29 02:00:00.000,2017,9,29,2,32006KT,12,11
2017-09-29 03:00:00.000,2017,9,29,3,31004KT,12,11
2017-09-29 04:00:00.000,2017,9,29,4,VRB02KT,12,11
2017-09-29 05:00:00.000,2017,9,29,5,03004KT,11,11
2017-09-29 06:00:00.000,2017,9,29,6,03004KT,11,11
2017-09-29 07:00:00.000,2017,9,29,7,06006KT,12,11
2017-09-29 08:00:00.000,2017,9,29,8,07006KT,12,11
2017-09-29 09:00:00.000,2017,9,29,9,VRB02KT,12,10
2017-09-29 10:00:00.000,2017,9,29,10,04005KT,10,09
2017-09-29 11:00:00.000,2017,9,29,11,03005KT,10,09
2017-09-29 12:00:00.000,2017,9,29,12,04006KT,12,10
2017-09-29 13:00:00.000,2017,9,29,13,04008KT,15,10
2017-09-29 14:00:00.000,2017,9,29,14,07006KT,17,10
2017-09-29 15:00:00.000,2017,9,29,15,12004KT,18,10
2017-09-29 16:00:00.000,2017,9,29,16,10010KT,19,09
2017-09-29 17:00:00.000,2017,9,29,17,15010KT,20,09
2017-09-29 18:00:00.000,2017,9,29,18,12007KT,20,08
2017-09-29 19:00:00.000,2017,9,29,19,13006KT,20,07
2017-09-29 20:00:00.000,2017,9,29,20,09004KT,19,08
2017-09-29 21:00:00.000,2017,9,29,21,28008KT,17,11
2017-09-29 22:00:00.000,2017,9,29,22,34007KT,16,10
2017-09-29 23:00:00.000,2017,9,29,23,10003KT,16,10
2017-09-30 00:00:00.000,2017,9,30,0,25004KT,15,10
2017-09-30 01:00:00.000,2017,9,30,1,22005KT,15,09
2017-09-30 02:00:00.000,2017,9,30,2,14008KT,15,09
2017-09-30 03:00:00.000,2017,9,30,3,05004KT,13,10
2017-09-30 04:00:00.000,2017,9,30,4,05004KT,13,09
2017-09-30 05:00:00.000,2017,9,30,5,03005KT,13,09
2017-09-30 06:00:00.000,2017,9,30,6,VRB02KT,12,10
2017-09-30 07:00:00.000,2017,9,30,7,VRB02KT,12,11
2017-09-30 08:00:00.000,2017,9,30,8,03003KT,11,10
2017-09-30 09:00:00.000,2017,9,30,9,VRB02KT,11,10
2017-09-30 10:00:00.000,2017,9,30,10,VRB02KT,12,10
2017-09-30 11:00:00.000,2017,9,30,11,VRB02KT,12,10
2017-09-30 12:00:00.000,2017,9,30,12,05004KT,13,11
2017-09-30 13:00:00.000,2017,9,30,13,03006KT,14,11
2017-09-30 14:00:00.000,2017,9,30,14,05004KT,15,11
2017-09-30 15:00:00.000,2017,9,30,15,18006KT,17,11
2017-09-30 16:00:00.000,2017,9,30,16,13008KT,17,09
2017-09-30 17:00:00.000,2017,9,30,17,17010KT,17,09
2017-09-30 18:00:00.000,2017,9,30,18,15012KT,18,08
2017-09-30 19:00:00.000,2017,9,30,19,18013KT,18,08
2017-09-30 20:00:00.000,2017,9,30,20,17012KT,18,07
2017-09-30 21:00:00.000,2017,9,30,21,15010KT,18,08
2017-09-30 22:00:00.000,2017,9,30,22,15010KT,16,08
2017-09-30 23:00:00.000,2017,9,30,23,17011KT,15,08
2017-10-01 00:00:00.000,2017,10,1,0,20006KT,15,8
2017-10-01 01:00:00.000,2017,10,1,1,35003KT,11,08
2017-10-01 02:00:00.000,2017,10,1,2,VRB02KT,11,09
2017-10-01 03:00:00.000,2017,10,1,3,02004KT,09,08
2017-10-01 04:00:00.000,2017,10,1,4,03005KT,09,08
2017-10-01 05:00:00.000,2017,10,1,5,02004KT,10,08
2017-10-01 06:00:00.000,2017,10,1,6,VRB02KT,10,08
2017-10-01 07:00:00.000,2017,10,1,7,VRB02KT,10,09
2017-10-01 08:00:00.000,2017,10,1,8,VRB02KT,10,08
2017-10-01 09:00:00.000,2017,10,1,9,27004KT,10,03
2017-10-01 10:00:00.000,2017,10,1,10,VRB02KT,10,09
2017-10-01 11:00:00.000,2017,10,1,11,VRB02KT,10,09
2017-10-01 12:00:00.000,2017,10,1,12,05003KT,12,11
2017-10-01 13:00:00.000,2017,10,1,13,29003KT,14,10
2017-10-01 14:00:00.000,2017,10,1,14,03003KT,16,10
2017-10-01 15:00:00.000,2017,10,1,15,08006KT,16,08
2017-10-01 16:00:00.000,2017,10,1,16,VRB06KT,18,08
2017-10-01 17:00:00.000,2017,10,1,17,11007KT,20,08
2017-10-01 18:00:00.000,2017,10,1,18,15008KT,21,07
2017-10-01 19:00:00.000,2017,10,1,19,17005KT,21,06
2017-10-01 20:00:00.000,2017,10,1,20,05004KT,19,08
2017-10-01 21:00:00.000,2017,10,1,21,26010KT,16,13
2017-10-01 22:00:00.000,2017,10,1,22,28004KT,15,13
2017-10-01 23:00:00.000,2017,10,1,23,00000KT,14,12
2017-10-02 00:00:00.000,2017,10,2,0,VRB02KT,14,12
2017-10-02 01:00:00.000,2017,10,2,1,24007KT,14,10
2017-10-02 04:00:00.000,2017,10,2,4,34003KT,12,10
2017-10-02 05:00:00.000,2017,10,2,5,VRB02KT,12,10
2017-10-02 06:00:00.000,2017,10,2,6,VRB02KT,11,10
2017-10-02 07:00:00.000,2017,10,2,7,14004KT,11,09
2017-10-02 08:00:00.000,2017,10,2,8,04006KT,12,10
2017-10-02 09:00:00.000,2017,10,2,9,04005KT,12,10
2017-10-02 10:00:00.000,2017,10,2,10,VRB02KT,11,10
2017-10-02 11:00:00.000,2017,10,2,11,33004KT,10,09
2017-10-02 12:00:00.000,2017,10,2,12,VRB02KT,12,10
2017-10-02 13:00:00.000,2017,10,2,13,03003KT,14,10
2017-10-02 14:00:00.000,2017,10,2,14,VRB02KT,17,10
2017-10-02 15:00:00.000,2017,10,2,15,03005KT,19,09
2017-10-02 16:00:00.000,2017,10,2,16,05006KT,20,09
2017-10-02 17:00:00.000,2017,10,2,17,36004KT,21,07
2017-10-02 18:00:00.000,2017,10,2,18,24011KT,21,11
2017-10-02 19:00:00.000,2017,10,2,19,24010KT,22,11
2017-10-02 20:00:00.000,2017,10,2,20,28011KT,20,11
2017-10-02 21:00:00.000,2017,10,2,21,24009KT,18,12
2017-10-02 22:00:00.000,2017,10,2,22,24008KT,17,12
2017-10-02 23:00:00.000,2017,10,2,23,08008KT,12,11
2017-10-03 00:00:00.000,2017,10,3,0,29003KT,12,11
2017-10-03 01:00:00.000,2017,10,3,1,00000KT,13,12
2017-10-03 02:00:00.000,2017,10,3,2,VRB02KT,12,11
2017-10-03 03:00:00.000,2017,10,3,3,34004KT,12,10
2017-10-03 04:00:00.000,2017,10,3,4,VRB02KT,12,12
2017-10-03 05:00:00.000,2017,10,3,5,VRB02KT,12,12
2017-10-03 06:00:00.000,2017,10,3,6,VRB02KT,12,11
2017-10-03 07:00:00.000,2017,10,3,7,33003KT,12,11
2017-10-03 08:00:00.000,2017,10,3,8,35004KT,11,11
2017-10-03 09:00:00.000,2017,10,3,9,VRB02KT,12,11
2017-10-03 10:00:00.000,2017,10,3,10,VRB02KT,11,11
2017-10-03 11:00:00.000,2017,10,3,11,00000KT,11,11
2017-10-03 12:00:00.000,2017,10,3,12,00000KT,13,12
2017-10-03 13:00:00.000,2017,10,3,13,34004KT,14,12
2017-10-03 14:00:00.000,2017,10,3,14,34006KT,16,11
2017-10-03 15:00:00.000,2017,10,3,15,18003KT,18,11
2017-10-03 16:00:00.000,2017,10,3,16,VRB02KT,19,09
2017-10-03 17:00:00.000,2017,10,3,17,07004KT,20,10
2017-10-03 18:00:00.000,2017,10,3,18,11007KT,21,09
2017-10-03 19:00:00.000,2017,10,3,19,28011KT,19,12
2017-10-03 20:00:00.000,2017,10,3,20,27012KT,17,12
2017-10-03 21:00:00.000,2017,10,3,21,27012KT,17,13
2017-10-03 22:00:00.000,2017,10,3,22,28009KT,15,12
2017-10-03 23:00:00.000,2017,10,3,23,25005KT,15,13
2017-10-04 00:00:00.000,2017,10,4,0,24005KT,14,12
2017-10-04 01:00:00.000,2017,10,4,1,25003KT,15,12
2017-10-04 02:00:00.000,2017,10,4,2,VRB02KT,15,12
2017-10-04 03:00:00.000,2017,10,4,3,24005KT,14,12
2017-10-04 04:00:00.000,2017,10,4,4,32007KT,13,10
2017-10-04 05:00:00.000,2017,10,4,5,31004KT,13,11
2017-10-04 06:00:00.000,2017,10,4,6,34004KT,12,11
2017-10-04 07:00:00.000,2017,10,4,7,33003KT,11,10
2017-10-04 08:00:00.000,2017,10,4,8,VRB02KT,12,11
2017-10-04 09:00:00.000,2017,10,4,9,VRB02KT,12,11
2017-10-04 10:00:00.000,2017,10,4,10,VRB02KT,12,11
2017-10-04 11:00:00.000,2017,10,4,11,04005KT,12,10
2017-10-04 12:00:00.000,2017,10,4,12,11004KT,13,10
2017-10-04 13:00:00.000,2017,10,4,13,05004KT,14,10
2017-10-04 14:00:00.000,2017,10,4,14,04006KT,15,10
2017-10-04 15:00:00.000,2017,10,4,15,06007KT,16,08
2017-10-04 16:00:00.000,2017,10,4,16,13009KT,17,07
2017-10-04 17:00:00.000,2017,10,4,17,15010KT,17,08
2017-10-04 18:00:00.000,2017,10,4,18,14011KT,18,07
2017-10-04 19:00:00.000,2017,10,4,19,14009KT,19,08
2017-10-04 20:00:00.000,2017,10,4,20,17007KT,19,08
2017-10-04 21:00:00.000,2017,10,4,21,22006KT,17,09
2017-10-04 22:00:00.000,2017,10,4,22,25007KT,16,10
2017-10-04 23:00:00.000,2017,10,4,23,26006KT,14,11
2017-10-05 00:00:00.000,2017,10,5,0,VRB04KT,13,11
2017-10-05 01:00:00.000,2017,10,5,1,VRB02KT,11,10
2017-10-05 02:00:00.000,2017,10,5,2,00000KT,12,11
2017-10-05 03:00:00.000,2017,10,5,3,VRB02KT,12,10
2017-10-05 04:00:00.000,2017,10,5,4,VRB02KT,13,09
2017-10-05 05:00:00.000,2017,10,5,5,33004KT,12,09
2017-10-05 06:00:00.000,2017,10,5,6,22004KT,13,10
2017-10-05 07:00:00.000,2017,10,5,7,VRB02KT,11,09
2017-10-05 08:00:00.000,2017,10,5,8,VRB02KT,11,10
2017-10-05 09:00:00.000,2017,10,5,9,VRB02KT,11,10
2017-10-05 10:00:00.000,2017,10,5,10,VRB02KT,11,10
2017-10-05 11:00:00.000,2017,10,5,11,VRB02KT,12,09
2017-10-05 12:00:00.000,2017,10,5,12,22004KT,14,09
2017-10-05 13:00:00.000,2017,10,5,13,15010KT,15,08
2017-10-05 14:00:00.000,2017,10,5,14,16010KT,16,07
2017-10-05 15:00:00.000,2017,10,5,15,16010KT,18,07
2017-10-05 16:00:00.000,2017,10,5,16,15009KT,18,07
2017-10-05 17:00:00.000,2017,10,5,17,18008KT,20,07
2017-10-05 18:00:00.000,2017,10,5,18,12012KT,20,08
2017-10-05 19:00:00.000,2017,10,5,19,18014KT,20,07
2017-10-05 20:00:00.000,2017,10,5,20,17015KT,19,07
2017-10-05 21:00:00.000,2017,10,5,21,17011KT,17,07
2017-10-05 22:00:00.000,2017,10,5,22,15008KT,16,07
2017-10-05 23:00:00.000,2017,10,5,23,20007KT,15,07
2017-10-06 00:00:00.000,2017,10,6,0,34003KT,14,08
2017-10-06 01:00:00.000,2017,10,6,1,VRB02KT,13,08
2017-10-06 02:00:00.000,2017,10,6,2,30004KT,12,08
2017-10-06 03:00:00.000,2017,10,6,3,01004KT,12,08
2017-10-06 04:00:00.000,2017,10,6,4,33003KT,11,09
2017-10-06 05:00:00.000,2017,10,6,5,VRB02KT,12,08
2017-10-06 06:00:00.000,2017,10,6,6,03003KT,11,09
2017-10-06 07:00:00.000,2017,10,6,7,VRB02KT,10,09
2017-10-06 08:00:00.000,2017,10,6,8,02004KT,10,08
2017-10-06 09:00:00.000,2017,10,6,9,32004KT,10,08
2017-10-06 10:00:00.000,2017,10,6,10,05003KT,09,08
2017-10-06 11:00:00.000,2017,10,6,11,VRB02KT,08,07
2017-10-06 12:00:00.000,2017,10,6,12,VRB02KT,09,08
2017-10-06 13:00:00.000,2017,10,6,13,05004KT,13,09
2017-10-06 14:00:00.000,2017,10,6,14,05003KT,16,06
2017-10-06 15:00:00.000,2017,10,6,15,01005KT,18,06
2017-10-06 16:00:00.000,2017,10,6,16,02007KT,18,06
2017-10-06 17:00:00.000,2017,10,6,17,13010KT,19,06
2017-10-06 18:00:00.000,2017,10,6,18,10010KT,19,05
2017-10-06 19:00:00.000,2017,10,6,19,09006KT,18,05
2017-10-06 20:00:00.000,2017,10,6,20,09007KT,18,05
2017-10-06 21:00:00.000,2017,10,6,21,06007KT,18,05
2017-10-06 22:00:00.000,2017,10,6,22,10010KT,17,04
2017-10-06 23:00:00.000,2017,10,6,23,13011KT,16,05
2017-10-07 00:00:00.000,2017,10,7,0,08006KT,15,07
2017-10-07 01:00:00.000,2017,10,7,1,04010KT,13,08
2017-10-07 02:00:00.000,2017,10,7,2,05012KT,13,07
2017-10-07 03:00:00.000,2017,10,7,3,05005KT,12,08
2017-10-07 04:00:00.000,2017,10,7,4,06006KT,12,08
2017-10-07 05:00:00.000,2017,10,7,5,10004KT,12,08
2017-10-07 06:00:00.000,2017,10,7,6,04006KT,10,08
2017-10-07 07:00:00.000,2017,10,7,7,06004KT,11,07
2017-10-07 08:00:00.000,2017,10,7,8,04003KT,11,07
2017-10-07 09:00:00.000,2017,10,7,9,06005KT,11,07
2017-10-07 10:00:00.000,2017,10,7,10,05006KT,11,07
2017-10-07 11:00:00.000,2017,10,7,11,06005KT,12,08
2017-10-07 12:00:00.000,2017,10,7,12,09003KT,13,08
2017-10-07 13:00:00.000,2017,10,7,13,08004KT,13,08
2017-10-07 14:00:00.000,2017,10,7,14,12007KT,16,07
2017-10-07 15:00:00.000,2017,10,7,15,09007KT,16,07
2017-10-07 16:00:00.000,2017,10,7,16,17010KT,16,07
2017-10-07 17:00:00.000,2017,10,7,17,16003KT,17,07
2017-10-07 18:00:00.000,2017,10,7,18,18013KT,16,08
2017-10-07 19:00:00.000,2017,10,7,19,15008KT,16,07
2017-10-07 20:00:00.000,2017,10,7,20,18007KT,17,07
2017-10-07 21:00:00.000,2017,10,7,21,06009KT,15,08
2017-10-07 22:00:00.000,2017,10,7,22,02006KT,16,08
2017-10-07 23:00:00.000,2017,10,7,23,22004KT,15,07
2017-10-08 00:00:00.000,2017,10,8,0,25005KT,13,09
2017-10-08 01:00:00.000,2017,10,8,1,VRB02KT,10,08
2017-10-08 02:00:00.000,2017,10,8,2,12003KT,10,09
2017-10-08 03:00:00.000,2017,10,8,3,06004KT,09,08
2017-10-08 04:00:00.000,2017,10,8,4,31006KT,08,07
2017-10-08 05:00:00.000,2017,10,8,5,VRB02KT,08,07
2017-10-08 06:00:00.000,2017,10,8,6,06004KT,07,07
2017-10-08 07:00:00.000,2017,10,8,7,31004KT,07,06
2017-10-08 08:00:00.000,2017,10,8,8,VRB02KT,07,06
2017-10-08 09:00:00.000,2017,10,8,9,00000KT,07,06
2017-10-08 10:00:00.000,2017,10,8,10,00000KT,06,06
2017-10-08 11:00:00.000,2017,10,8,11,00000KT,06,06
2017-10-08 12:00:00.000,2017,10,8,12,01003KT,09,07
2017-10-08 13:00:00.000,2017,10,8,13,34003KT,12,10
2017-10-08 14:00:00.000,2017,10,8,14,05003KT,18,09
2017-10-08 15:00:00.000,2017,10,8,15,09006KT,19,08
2017-10-08 16:00:00.000,2017,10,8,16,09007KT,18,06
2017-10-08 17:00:00.000,2017,10,8,17,04006KT,19,07
2017-10-08 18:00:00.000,2017,10,8,18,24008KT,18,08
2017-10-08 19:00:00.000,2017,10,8,19,23006KT,18,09
2017-10-08 20:00:00.000,2017,10,8,20,05006KT,18,09
2017-10-08 21:00:00.000,2017,10,8,21,22008KT,14,09
2017-10-08 22:00:00.000,2017,10,8,22,26004KT,14,09
2017-10-08 23:00:00.000,2017,10,8,23,34004KT,12,09
2017-10-09 00:00:00.000,2017,10,9,0,23004KT,11,09
2017-10-09 01:00:00.000,2017,10,9,1,VRB02KT,12,09
2017-10-09 02:00:00.000,2017,10,9,2,VRB02KT,11,10
2017-10-09 03:00:00.000,2017,10,9,3,02003KT,11,09
2017-10-09 04:00:00.000,2017,10,9,4,02003KT,10,08
2017-10-09 05:00:00.000,2017,10,9,5,VRB02KT,09,08
2017-10-09 06:00:00.000,2017,10,9,6,28003KT,09,09
2017-10-09 07:00:00.000,2017,10,9,7,00000KT,08,08
2017-10-09 08:00:00.000,2017,10,9,8,00000KT,08,07
2017-10-09 09:00:00.000,2017,10,9,9,05004KT,08,07
2017-10-09 10:00:00.000,2017,10,9,10,36004KT,06,06
2017-10-09 11:00:00.000,2017,10,9,11,24003KT,05,05
2017-10-09 12:00:00.000,2017,10,9,12,VRB02KT,08,07
2017-10-09 13:00:00.000,2017,10,9,13,04004KT,12,09
2017-10-09 14:00:00.000,2017,10,9,14,01003KT,15,09
2017-10-09 15:00:00.000,2017,10,9,15,35004KT,18,09
2017-10-09 16:00:00.000,2017,10,9,16,25003KT,19,08
2017-10-09 17:00:00.000,2017,10,9,17,30010KT,19,10
2017-10-09 18:00:00.000,2017,10,9,18,24014KT,18,10
2017-10-09 19:00:00.000,2017,10,9,19,28006KT,17,10
2017-10-09 20:00:00.000,2017,10,9,20,04004KT,12,09
2017-10-09 21:00:00.000,2017,10,9,21,28010KT,12,10
2017-10-09 22:00:00.000,2017,10,9,22,25003KT,12,11
2017-10-09 23:00:00.000,2017,10,9,23,24003KT,12,10
2017-10-10 00:00:00.000,2017,10,10,0,VRB02KT,11,09
2017-10-10 01:00:00.000,2017,10,10,1,06003KT,10,09
2017-10-10 02:00:00.000,2017,10,10,2,36003KT,10,09
2017-10-10 03:00:00.000,2017,10,10,3,33004KT,09,08
2017-10-10 04:00:00.000,2017,10,10,4,34004KT,09,09
2017-10-10 05:00:00.000,2017,10,10,5,VRB02KT,07,06
2017-10-10 06:00:00.000,2017,10,10,6,VRB02KT,08,07
2017-10-10 07:00:00.000,2017,10,10,7,00000KT,07,07
2017-10-10 08:00:00.000,2017,10,10,8,35003KT,06,06
2017-10-10 09:00:00.000,2017,10,10,9,02003KT,07,06
2017-10-10 10:00:00.000,2017,10,10,10,VRB02KT,06,06
2017-10-10 11:00:00.000,2017,10,10,11,VRB02KT,08,07
2017-10-10 12:00:00.000,2017,10,10,12,33003KT,07,07
2017-10-10 12:30:00.000,2017,10,10,12,VRB02KT,08,08
2017-10-10 13:00:00.000,2017,10,10,13,VRB02KT,10,10
2017-10-10 13:35:00.000,2017,10,10,13,04006KT,12,11
2017-10-10 14:00:00.000,2017,10,10,14,08007KT,14,13
2017-10-10 14:30:00.000,2017,10,10,14,05007KT,15,11
2017-10-10 15:00:00.000,2017,10,10,15,05005KT,16,11
2017-10-10 16:00:00.000,2017,10,10,16,28004KT,19,09
2017-10-10 16:40:00.000,2017,10,10,16,VRB02KT,21,09
2017-10-10 17:00:00.000,2017,10,10,17,04006KT,21,10
2017-10-10 18:00:00.000,2017,10,10,18,27012KT,21,12
2017-10-10 19:00:00.000,2017,10,10,19,25006KT,18,11
2017-10-10 20:00:00.000,2017,10,10,20,27012KT,19,12
2017-10-10 21:00:00.000,2017,10,10,21,29014KT,18,09
2017-10-10 22:00:00.000,2017,10,10,22,33004KT,18,09
2017-10-10 23:00:00.000,2017,10,10,23,28003KT,17,09
2017-10-11 00:00:00.000,2017,10,11,0,04003KT,15,11
2017-10-11 01:00:00.000,2017,10,11,1,36003KT,15,11
2017-10-11 02:00:00.000,2017,10,11,2,23005KT,15,10
2017-10-11 03:00:00.000,2017,10,11,3,33003KT,13,11
2017-10-11 04:00:00.000,2017,10,11,4,36003KT,13,11
2017-10-11 05:00:00.000,2017,10,11,5,VRB02KT,12,11
2017-10-11 06:00:00.000,2017,10,11,6,VRB02KT,12,11
2017-10-11 07:00:00.000,2017,10,11,7,34003KT,12,11
2017-10-11 08:00:00.000,2017,10,11,8,39003KT,12,10
2017-10-11 09:00:00.000,2017,10,11,9,34004KT,12,10
2017-10-11 10:00:00.000,2017,10,11,10,06003KT,12,10
2017-10-11 10:30:00.000,2017,10,11,10,05004KT,12,10
2017-10-11 11:00:00.000,2017,10,11,11,05005KT,12,10
2017-10-11 12:00:00.000,2017,10,11,12,07007KT,12,10
2017-10-11 13:00:00.000,2017,10,11,13,04008KT,14,10
2017-10-11 14:00:00.000,2017,10,11,14,03008KT,16,10
2017-10-11 15:00:00.000,2017,10,11,15,09007KT,17,09
2017-10-11 16:00:00.000,2017,10,11,16,02005KT,18,09
2017-10-11 17:00:00.000,2017,10,11,17,VRB06KT,19,09
2017-10-11 18:00:00.000,2017,10,11,18,22007KT,19,09
2017-10-11 19:00:00.000,2017,10,11,19,28012KT,16,12
2017-10-11 20:00:00.000,2017,10,11,20,29012KT,15,12
2017-10-11 21:00:00.000,2017,10,11,21,28008KT,15,12
2017-10-11 22:00:00.000,2017,10,11,22,20006KT,15,12
2017-10-11 23:00:00.000,2017,10,11,23,VRB02KT,14,12
2017-10-12 00:00:00.000,2017,10,12,0,03003KT,13,12
2017-10-12 01:00:00.000,2017,10,12,1,07003KT,12,11
2017-10-12 02:00:00.000,2017,10,12,2,04005KT,12,11
2017-10-12 03:00:00.000,2017,10,12,3,00000KT,11,10
2017-10-12 04:00:00.000,2017,10,12,4,04004KT,11,11
2017-10-12 05:00:00.000,2017,10,12,5,VRB02KT,09,08
2017-10-12 06:00:00.000,2017,10,12,6,32003KT,09,09
2017-10-12 07:00:00.000,2017,10,12,7,00000KT,08,07
2017-10-12 08:00:00.000,2017,10,12,8,VRB02KT,07,07
2017-10-12 09:00:00.000,2017,10,12,9,00000KT,06,06
2017-10-12 10:00:00.000,2017,10,12,10,VRB02KT,05,05
2017-10-12 10:30:00.000,2017,10,12,10,05003KT,06,05
2017-10-12 11:00:00.000,2017,10,12,11,VRB02KT,07,07
2017-10-12 11:30:00.000,2017,10,12,11,VRB02KT,09,08
2017-10-12 12:00:00.000,2017,10,12,12,03003KT,10,09
2017-10-12 12:18:00.000,2017,10,12,12,05005KT,12,11
2017-10-12 13:00:00.000,2017,10,12,13,04005KT,14,10
2017-10-12 14:00:00.000,2017,10,12,14,03007KT,14,10
2017-10-12 14:20:00.000,2017,10,12,14,VRB04KT,16,09
2017-10-12 15:00:00.000,2017,10,12,15,VRB02KT,17,10
2017-10-12 16:00:00.000,2017,10,12,16,04006KT,18,09
2017-10-12 17:00:00.000,2017,10,12,17,19003KT,19,08
2017-10-12 18:00:00.000,2017,10,12,18,07007KT,19,08
2017-10-12 19:00:00.000,2017,10,12,19,12005KT,20,08
2017-10-12 20:00:00.000,2017,10,12,20,15005KT,21,07
2017-10-12 21:00:00.000,2017,10,12,21,11006KT,21,07
2017-10-12 22:00:00.000,2017,10,12,22,10006KT,18,08
2017-10-12 23:00:00.000,2017,10,12,23,28004KT,15,11
2017-10-13 00:00:00.000,2017,10,13,0,08005KT,15,09
2017-10-13 01:00:00.000,2017,10,13,1,34004KT,12,09
2017-10-13 02:00:00.000,2017,10,13,2,VRB02KT,11,08
2017-10-13 03:00:00.000,2017,10,13,3,03004KT,11,08
2017-10-13 04:00:00.000,2017,10,13,4,05005KT,11,09
2017-10-13 05:00:00.000,2017,10,13,5,32003KT,10,08
2017-10-13 06:00:00.000,2017,10,13,6,06004KT,10,08
2017-10-13 07:00:00.000,2017,10,13,7,09003KT,10,09
2017-10-13 08:00:00.000,2017,10,13,8,18003KT,11,09
2017-10-13 09:00:00.000,2017,10,13,9,04004KT,10,09
2017-10-13 10:00:00.000,2017,10,13,10,05007KT,10,09
2017-10-13 11:00:00.000,2017,10,13,11,07005KT,10,08
2017-10-13 12:00:00.000,2017,10,13,12,04007KT,12,10
2017-10-13 13:00:00.000,2017,10,13,13,05006KT,14,10
2017-10-13 14:00:00.000,2017,10,13,14,07006KT,15,09
2017-10-13 15:00:00.000,2017,10,13,15,10006KT,16,08
2017-10-13 16:00:00.000,2017,10,13,16,12009KT,16,08
2017-10-13 17:00:00.000,2017,10,13,17,13009KT,16,08
2017-10-13 18:00:00.000,2017,10,13,18,13008KT,18,09
2017-10-13 19:00:00.000,2017,10,13,19,14009KT,18,08
2017-10-13 20:00:00.000,2017,10,13,20,09008KT,19,08
2017-10-13 21:00:00.000,2017,10,13,21,06008KT,19,08
2017-10-13 22:00:00.000,2017,10,13,22,07006KT,17,08
2017-10-13 23:00:00.000,2017,10,13,23,12007KT,17,07
2017-10-14 00:00:00.000,2017,10,14,0,14008KT,15,06
2017-10-14 01:00:00.000,2017,10,14,1,13006KT,14,07
2017-10-14 02:00:00.000,2017,10,14,2,11005KT,16,07
2017-10-14 02:35:00.000,2017,10,14,2,05005KT,13,08
2017-10-14 03:00:00.000,2017,10,14,3,05005KT,13,08
2017-10-14 04:00:00.000,2017,10,14,4,07004KT,14,08
2017-10-14 05:00:00.000,2017,10,14,5,06005KT,13,08
2017-10-14 06:00:00.000,2017,10,14,6,04003KT,12,08
2017-10-14 07:00:00.000,2017,10,14,7,04005KT,11,08
2017-10-14 08:00:00.000,2017,10,14,8,03003KT,11,08
2017-10-14 09:00:00.000,2017,10,14,9,03003KT,11,08
2017-10-14 10:00:00.000,2017,10,14,10,04004KT,11,09
2017-10-14 10:30:00.000,2017,10,14,10,05005KT,11,09
2017-10-14 11:00:00.000,2017,10,14,11,06005KT,11,09
2017-10-14 12:00:00.000,2017,10,14,12,06005KT,13,10
2017-10-14 13:00:00.000,2017,10,14,13,04005KT,14,10
2017-10-14 14:00:00.000,2017,10,14,14,06005KT,16,10
2017-10-14 15:00:00.000,2017,10,14,15,08010KT,18,09
2017-10-14 16:00:00.000,2017,10,14,16,09010KT,19,10
2017-10-14 17:00:00.000,2017,10,14,17,09010KT,18,08
2017-10-14 18:00:00.000,2017,10,14,18,15009KT,19,09
2017-10-14 19:00:00.000,2017,10,14,19,VRB05KT,20,09
2017-10-14 20:00:00.000,2017,10,14,20,13007KT,19,08
2017-10-14 21:00:00.000,2017,10,14,21,32006KT,17,10
2017-10-14 22:00:00.000,2017,10,14,22,27006KT,16,12
2017-10-14 23:00:00.000,2017,10,14,23,31005KT,15,12
2017-10-15 00:00:00.000,2017,10,15,0,29003KT,14,12
2017-10-15 01:00:00.000,2017,10,15,1,VRB02KT,12,11
2017-10-15 02:00:00.000,2017,10,15,2,35004KT,12,10
2017-10-15 03:00:00.000,2017,10,15,3,00000KT,13,10
2017-10-15 04:00:00.000,2017,10,15,4,02003KT,12,09
2017-10-15 05:00:00.000,2017,10,15,5,05006KT,11,09
2017-10-15 06:00:00.000,2017,10,15,6,07004KT,12,09
2017-10-15 07:00:00.000,2017,10,15,7,34004KT,11,09
2017-10-15 08:00:00.000,2017,10,15,8,34003KT,11,10
2017-10-15 09:00:00.000,2017,10,15,9,VRB02KT,12,10
2017-10-15 10:00:00.000,2017,10,15,10,VRB02KT,11,10
2017-10-15 10:30:00.000,2017,10,15,10,29003KT,11,10
2017-10-15 11:00:00.000,2017,10,15,11,00000KT,11,09
2017-10-15 11:30:00.000,2017,10,15,11,07004KT,12,10
2017-10-15 12:00:00.000,2017,10,15,12,06006KT,12,11
2017-10-15 13:00:00.000,2017,10,15,13,05007KT,15,11
2017-10-15 14:00:00.000,2017,10,15,14,02008KT,15,10
2017-10-15 15:00:00.000,2017,10,15,15,04008KT,17,09
2017-10-15 16:00:00.000,2017,10,15,16,14010KT,21,09
2017-10-15 17:00:00.000,2017,10,15,17,09008KT,20,10
2017-10-15 18:00:00.000,2017,10,15,18,09010KT,20,07
2017-10-15 19:00:00.000,2017,10,15,19,14011KT,21,09
2017-10-15 20:00:00.000,2017,10,15,20,14007KT,21,08
2017-10-15 21:00:00.000,2017,10,15,21,12012KT,19,09
2017-10-15 22:00:00.000,2017,10,15,22,15011KT,18,09
2017-10-15 23:00:00.000,2017,10,15,23,16011KT,17,09
2017-10-16 00:00:00.000,2017,10,16,0,17010KT,16,09
2017-10-16 01:00:00.000,2017,10,16,1,11008KT,15,09
2017-10-16 02:00:00.000,2017,10,16,2,10006KT,15,09
2017-10-16 03:00:00.000,2017,10,16,3,11007KT,15,09
2017-10-16 04:00:00.000,2017,10,16,4,10006KT,15,09
2017-10-16 05:00:00.000,2017,10,16,5,09006KT,14,09
2017-10-16 06:00:00.000,2017,10,16,6,17004KT,14,09
2017-10-16 07:00:00.000,2017,10,16,7,VRB02KT,13,10
2017-10-16 08:00:00.000,2017,10,16,8,13004KT,14,10
2017-10-16 09:00:00.000,2017,10,16,9,08003KT,13,10
2017-10-16 10:00:00.000,2017,10,16,10,VRB02KT,13,11
2017-10-16 10:30:00.000,2017,10,16,10,04006KT,13,10
2017-10-16 11:00:00.000,2017,10,16,11,04006KT,12,10
2017-10-16 12:00:00.000,2017,10,16,12,02006KT,13,11
2017-10-16 13:00:00.000,2017,10,16,13,24003KT,15,11
2017-10-16 14:00:00.000,2017,10,16,14,17009KT,16,10
2017-10-16 15:00:00.000,2017,10,16,15,16010KT,16,10
2017-10-16 16:00:00.000,2017,10,16,16,14018KT,19,09
2017-10-16 17:00:00.000,2017,10,16,17,14014KT,20,08
2017-10-16 18:00:00.000,2017,10,16,18,11006KT,18,09
2017-10-16 19:00:00.000,2017,10,16,19,27011KT,18,10
2017-10-16 20:00:00.000,2017,10,16,20,15012KT,19,10
2017-10-16 21:00:00.000,2017,10,16,21,17012KT,18,08
2017-10-16 22:00:00.000,2017,10,16,22,09003KT,17,10
2017-10-16 23:00:00.000,2017,10,16,23,08005KT,16,08
2017-10-17 00:00:00.000,2017,10,17,0,04006KT,15,10
2017-10-17 01:00:00.000,2017,10,17,1,07007KT,14,09
2017-10-17 02:00:00.000,2017,10,17,2,04006KT,13,09
2017-10-17 03:00:00.000,2017,10,17,3,06005KT,13,09
2017-10-17 04:00:00.000,2017,10,17,4,05005KT,12,09
2017-10-17 05:00:00.000,2017,10,17,5,05006KT,11,09
2017-10-17 06:00:00.000,2017,10,17,6,03006KT,10,08
2017-10-17 07:00:00.000,2017,10,17,7,VRB02KT,10,08
2017-10-17 08:00:00.000,2017,10,17,8,03004KT,10,08
2017-10-17 09:00:00.000,2017,10,17,9,05005KT,10,08
2017-10-17 10:00:00.000,2017,10,17,10,06005KT,11,09
2017-10-17 10:30:00.000,2017,10,17,10,03004KT,11,09
2017-10-17 11:00:00.000,2017,10,17,11,04005KT,11,09
2017-10-17 12:00:00.000,2017,10,17,12,27003KT,13,10
2017-10-17 13:00:00.000,2017,10,17,13,10007KT,16,09
2017-10-17 14:00:00.000,2017,10,17,14,10008KT,17,08
2017-10-17 15:00:00.000,2017,10,17,15,11012KT,17,08
2017-10-17 16:00:00.000,2017,10,17,16,14014KT,18,07
2017-10-17 17:00:00.000,2017,10,17,17,15010KT,18,07
2017-10-17 18:00:00.000,2017,10,17,18,15014KT,17,07
2017-10-17 19:00:00.000,2017,10,17,19,16015KT,18,06
2017-10-17 20:00:00.000,2017,10,17,20,15015KT,19,06
2017-10-17 21:00:00.000,2017,10,17,21,13012KT,18,06
2017-10-17 22:00:00.000,2017,10,17,22,15012KT,17,06
2017-10-17 23:00:00.000,2017,10,17,23,13011KT,14,06
2017-10-18 00:00:00.000,2017,10,18,0,12005KT,14,06
2017-10-18 01:00:00.000,2017,10,18,1,11003KT,13,07
2017-10-18 02:00:00.000,2017,10,18,2,10003KT,13,07
2017-10-18 03:00:00.000,2017,10,18,3,09003KT,13,07
2017-10-18 04:00:00.000,2017,10,18,4,VRB02KT,12,08
2017-10-18 05:00:00.000,2017,10,18,5,VRB02KT,09,07
2017-10-18 06:00:00.000,2017,10,18,6,05005KT,09,07
2017-10-18 07:00:00.000,2017,10,18,7,VRB02KT,09,07
2017-10-18 08:00:00.000,2017,10,18,8,04004KT,10,08
2017-10-18 09:00:00.000,2017,10,18,9,04006KT,11,09
2017-10-18 09:35:00.000,2017,10,18,9,05005KT,11,09
2017-10-18 10:00:00.000,2017,10,18,10,04005KT,11,09
2017-10-18 10:30:00.000,2017,10,18,10,04004KT,11,10
2017-10-18 11:00:00.000,2017,10,18,11,04004KT,11,10
2017-10-18 12:00:00.000,2017,10,18,12,04004KT,12,10
2017-10-18 13:00:00.000,2017,10,18,13,05004KT,14,11
2017-10-18 14:00:00.000,2017,10,18,14,03004KT,15,10
2017-10-18 15:00:00.000,2017,10,18,15,15012KT,17,09
2017-10-18 16:00:00.000,2017,10,18,16,15012KT,19,10
2017-10-18 17:00:00.000,2017,10,18,17,16013KT,19,08
2017-10-18 18:00:00.000,2017,10,18,18,15010KT,19,09
2017-10-18 19:00:00.000,2017,10,18,19,18010KT,19,08
2017-10-18 20:00:00.000,2017,10,18,20,15010KT,21,09
2017-10-18 21:00:00.000,2017,10,18,21,16012KT,20,07
2017-10-18 22:00:00.000,2017,10,18,22,17012KT,18,07
2017-10-18 23:00:00.000,2017,10,18,23,13012KT,16,07
2017-10-19 00:00:00.000,2017,10,19,0,13010KT,15,07
2017-10-19 01:00:00.000,2017,10,19,1,12007KT,15,07
2017-10-19 02:00:00.000,2017,10,19,2,13008KT,13,07
2017-10-19 03:00:00.000,2017,10,19,3,02006KT,12,09
2017-10-19 04:00:00.000,2017,10,19,4,06007KT,11,08
2017-10-19 05:00:00.000,2017,10,19,5,VRB02KT,11,08
2017-10-19 06:00:00.000,2017,10,19,6,00000KT,09,08
2017-10-19 07:00:00.000,2017,10,19,7,32003KT,09,07
2017-10-19 08:00:00.000,2017,10,19,8,30004KT,08,06
2017-10-19 09:00:00.000,2017,10,19,9,01003KT,06,05
2017-10-19 10:00:00.000,2017,10,19,10,33003KT,07,07
2017-10-19 10:30:00.000,2017,10,19,10,33003KT,07,06
2017-10-19 11:00:00.000,2017,10,19,11,VRB02KT,08,07
2017-10-19 12:00:00.000,2017,10,19,12,VRB02KT,08,07
2017-10-19 13:00:00.000,2017,10,19,13,36004KT,12,09
2017-10-19 14:00:00.000,2017,10,19,14,32004KT,15,09
2017-10-19 15:00:00.000,2017,10,19,15,33004KT,16,09
2017-10-19 16:00:00.000,2017,10,19,16,VRB02KT,17,08
2017-10-19 17:00:00.000,2017,10,19,17,13004KT,19,09
2017-10-19 18:00:00.000,2017,10,19,18,14010KT,20,06
2017-10-19 19:00:00.000,2017,10,19,19,10010KT,20,07
2017-10-19 20:00:00.000,2017,10,19,20,07006KT,20,07
2017-10-19 21:00:00.000,2017,10,19,21,09006KT,21,07
2017-10-19 22:00:00.000,2017,10,19,22,23008KT,19,10
2017-10-19 23:00:00.000,2017,10,19,23,VRB02KT,26,20
2017-10-20 00:00:00.000,2017,10,20,0,32004KT,13,10
2017-10-20 01:00:00.000,2017,10,20,1,VRB02KT,11,10
2017-10-20 02:00:00.000,2017,10,20,2,05003KT,11,10
2017-10-20 03:00:00.000,2017,10,20,3,VRB02KT,10,10
2017-10-20 04:00:00.000,2017,10,20,4,03003KT,09,09
2017-10-20 05:00:00.000,2017,10,20,5,05005KT,10,09
2017-10-20 06:00:00.000,2017,10,20,6,VRB02KT,11,10
2017-10-20 07:00:00.000,2017,10,20,7,VRB02KT,09,08
2017-10-20 08:00:00.000,2017,10,20,8,VRB02KT,10,10
2017-10-20 09:00:00.000,2017,10,20,9,34003KT,08,07
2017-10-20 10:00:00.000,2017,10,20,10,VRB02KT,08,08
2017-10-20 11:00:00.000,2017,10,20,11,VRB02KT,07,06
2017-10-20 12:00:00.000,2017,10,20,12,VRB02KT,12,11
2017-10-20 13:00:00.000,2017,10,20,13,01003KT,14,11
2017-10-20 13:19:00.000,2017,10,20,13,36004KT,16,11
2017-10-20 14:00:00.000,2017,10,20,14,VRB02KT,17,11
2017-10-20 14:25:00.000,2017,10,20,14,23003KT,19,10
2017-10-20 15:00:00.000,2017,10,20,15,02004KT,19,09
2017-10-20 16:00:00.000,2017,10,20,16,14006KT,20,10
2017-10-20 17:00:00.000,2017,10,20,17,35004KT,20,08
2017-10-20 18:00:00.000,2017,10,20,18,12010KT,21,09
2017-10-20 19:00:00.000,2017,10,20,19,25006KT,19,11
2017-10-20 19:20:00.000,2017,10,20,19,24006KT,19,11
2017-10-20 20:00:00.000,2017,10,20,20,21008KT,19,12
2017-10-20 21:00:00.000,2017,10,20,21,23010KT,17,13
2017-10-20 22:00:00.000,2017,10,20,22,24010KT,17,12
2017-10-20 23:00:00.000,2017,10,20,23,32004KT,16,12
2017-10-21 00:00:00.000,2017,10,21,0,19004KT,16,10
2017-10-21 01:00:00.000,2017,10,21,1,34003KT,13,10
2017-10-21 02:00:00.000,2017,10,21,2,29004KT,14,12
2017-10-21 03:00:00.000,2017,10,21,3,VRB02KT,13,11
2017-10-21 04:00:00.000,2017,10,21,4,VRB02KT,13,11
2017-10-21 05:00:00.000,2017,10,21,5,VRB02KT,14,12
2017-10-21 06:00:00.000,2017,10,21,6,VRB02KT,13,12
2017-10-21 07:00:00.000,2017,10,21,7,02004KT,12,11
2017-10-21 08:00:00.000,2017,10,21,8,VRB02KT,12,11
2017-10-21 09:00:00.000,2017,10,21,9,VRB02KT,13,11
2017-10-21 10:00:00.000,2017,10,21,10,VRB02KT,12,11
2017-10-21 10:30:00.000,2017,10,21,10,VRB02KT,12,11
2017-10-21 11:00:00.000,2017,10,21,11,VRB02KT,12,11
2017-10-21 12:00:00.000,2017,10,21,12,04003KT,14,12
2017-10-21 13:00:00.000,2017,10,21,13,03005KT,16,11
2017-10-21 14:00:00.000,2017,10,21,14,05004KT,18,11
2017-10-21 15:00:00.000,2017,10,21,15,13007KT,19,08
2017-10-21 16:00:00.000,2017,10,21,16,19009KT,19,09
2017-10-21 17:00:00.000,2017,10,21,17,21005KT,19,08
2017-10-21 18:00:00.000,2017,10,21,18,08004KT,20,09
2017-10-21 19:00:00.000,2017,10,21,19,23005KT,21,10
2017-10-21 20:00:00.000,2017,10,21,20,27006KT,23,12
2017-10-21 20:35:00.000,2017,10,21,20,26009KT,19,12
2017-10-21 21:00:00.000,2017,10,21,21,24006KT,19,10
2017-10-21 21:10:00.000,2017,10,21,21,22005KT,17,13
2017-10-21 21:40:00.000,2017,10,21,21,23006KT,17,14
2017-10-21 22:00:00.000,2017,10,21,22,24006KT,16,14
2017-10-21 23:00:00.000,2017,10,21,23,31003KT,16,13
2017-10-22 00:00:00.000,2017,10,22,0,32004KT,15,13
2017-10-22 01:00:00.000,2017,10,22,1,30005KT,14,13
2017-10-22 02:00:00.000,2017,10,22,2,30004KT,13,12
2017-10-22 03:00:00.000,2017,10,22,3,04004KT,13,11
2017-10-22 04:00:00.000,2017,10,22,4,07004KT,15,10
2017-10-22 05:00:00.000,2017,10,22,5,04006KT,14,11
2017-10-22 06:00:00.000,2017,10,22,6,04003KT,14,12
2017-10-22 07:00:00.000,2017,10,22,7,03004KT,14,12
2017-10-22 08:00:00.000,2017,10,22,8,06008KT,14,11
2017-10-22 09:00:00.000,2017,10,22,9,17004KT,13,09
2017-10-22 10:00:00.000,2017,10,22,10,13008KT,12,08
2017-10-22 10:30:00.000,2017,10,22,10,11006KT,12,08
2017-10-22 11:00:00.000,2017,10,22,11,09007KT,12,07
2017-10-22 12:00:00.000,2017,10,22,12,10006KT,13,07
2017-10-22 13:00:00.000,2017,10,22,13,10006KT,14,07
2017-10-22 14:00:00.000,2017,10,22,14,06009KT,15,07
2017-10-22 15:00:00.000,2017,10,22,15,10010KT,16,07
2017-10-22 16:00:00.000,2017,10,22,16,09009KT,16,08
2017-10-22 17:00:00.000,2017,10,22,17,12012KT,17,07
2017-10-22 18:00:00.000,2017,10,22,18,16012KT,17,07
2017-10-22 19:00:00.000,2017,10,22,19,10010KT,17,07
2017-10-22 20:00:00.000,2017,10,22,20,09010KT,18,07
2017-10-22 21:00:00.000,2017,10,22,21,08012KT,16,08
2017-10-22 22:00:00.000,2017,10,22,22,08012KT,16,08
2017-10-22 23:00:00.000,2017,10,22,23,08008KT,14,08
2017-10-23 00:00:00.000,2017,10,23,0,05010KT,14,08
2017-10-23 01:00:00.000,2017,10,23,1,05009KT,13,08
2017-10-23 02:00:00.000,2017,10,23,2,05008KT,12,08
2017-10-23 03:00:00.000,2017,10,23,3,03006KT,12,08
2017-10-23 04:00:00.000,2017,10,23,4,06007KT,12,07
2017-10-23 05:00:00.000,2017,10,23,5,05007KT,,
2017-10-23 06:00:00.000,2017,10,23,6,05006KT,09,06
2017-10-23 07:00:00.000,2017,10,23,7,05007KT,10,06
2017-10-23 08:00:00.000,2017,10,23,8,06004KT,08,06
2017-10-23 09:00:00.000,2017,10,23,9,05006KT,09,06
2017-10-23 10:00:00.000,2017,10,23,10,05007KT,10,06
2017-10-23 10:30:00.000,2017,10,23,10,05008KT,10,06
2017-10-23 11:00:00.000,2017,10,23,11,03006KT,10,06
2017-10-23 12:00:00.000,2017,10,23,12,03008KT,10,07
2017-10-23 12:35:00.000,2017,10,23,12,06003KT,12,07
2017-10-23 13:00:00.000,2017,10,23,13,VRB02KT,13,07
2017-10-23 13:37:00.000,2017,10,23,13,05009KT,15,08
2017-10-23 14:00:00.000,2017,10,23,14,05010KT,16,08
2017-10-23 15:00:00.000,2017,10,23,15,13008KT,16,06
2017-10-23 15:22:00.000,2017,10,23,15,14010KT,18,07
2017-10-23 16:00:00.000,2017,10,23,16,14010KT,18,07
2017-10-23 17:00:00.000,2017,10,23,17,11008KT,17,06
2017-10-23 18:00:00.000,2017,10,23,18,09008KT,17,08
2017-10-23 19:00:00.000,2017,10,23,19,12012KT,18,08
2017-10-23 20:00:00.000,2017,10,23,20,12010KT,19,07
2017-10-23 21:00:00.000,2017,10,23,21,11008KT,19,06
2017-10-23 22:00:00.000,2017,10,23,22,10007KT,18,07
2017-10-23 23:00:00.000,2017,10,23,23,14007KT,16,06
2017-10-24 00:00:00.000,2017,10,24,0,17006KT,15,06
2017-10-24 01:00:00.000,2017,10,24,1,VRB02KT,12,07
2017-10-24 02:00:00.000,2017,10,24,2,VRB02KT,12,08
2017-10-24 03:00:00.000,2017,10,24,3,VRB02KT,12,07
2017-10-24 04:00:00.000,2017,10,24,4,02003KT,11,07
2017-10-24 05:00:00.000,2017,10,24,5,04004KT,11,07
2017-10-24 06:00:00.000,2017,10,24,6,00000KT,09,07
2017-10-24 07:00:00.000,2017,10,24,7,05005KT,10,08
2017-10-24 08:00:00.000,2017,10,24,8,03004KT,10,07
2017-10-24 09:00:00.000,2017,10,24,9,05006KT,11,08
2017-10-24 10:00:00.000,2017,10,24,10,05004KT,10,08
2017-10-24 10:30:00.000,2017,10,24,10,06005KT,10,07
2017-10-24 11:00:00.000,2017,10,24,11,06004KT,11,08
2017-10-24 12:00:00.000,2017,10,24,12,05006KT,11,08
2017-10-24 12:25:00.000,2017,10,24,12,05007KT,13,09
2017-10-24 14:00:00.000,2017,10,24,14,09008KT,16,05
2017-10-24 15:00:00.000,2017,10,24,15,14011KT,18,06
2017-10-24 16:00:00.000,2017,10,24,16,13009KT,17,05
2017-10-24 17:00:00.000,2017,10,24,17,11006KT,17,06
2017-10-24 18:00:00.000,2017,10,24,18,07007KT,17,08
2017-10-24 19:00:00.000,2017,10,24,19,08007KT,18,08
2017-10-24 20:00:00.000,2017,10,24,20,22007KT,18,07
2017-10-24 21:00:00.000,2017,10,24,21,28005KT,16,10
2017-10-24 22:00:00.000,2017,10,24,22,27004KT,16,11
2017-10-24 23:00:00.000,2017,10,24,23,28004KT,14,11
2017-10-25 00:00:00.000,2017,10,25,0,VRB02KT,13,11
2017-10-25 01:00:00.000,2017,10,25,1,34004KT,13,11
2017-10-25 02:00:00.000,2017,10,25,2,VRB02KT,13,10
2017-10-25 03:00:00.000,2017,10,25,3,VRB02KT,13,08
2017-10-25 04:00:00.000,2017,10,25,4,33003KT,10,08
2017-10-25 05:00:00.000,2017,10,25,5,06004KT,11,08
2017-10-25 06:00:00.000,2017,10,25,6,VRB02KT,10,08
2017-10-25 07:00:00.000,2017,10,25,7,06003KT,10,08
2017-10-25 08:00:00.000,2017,10,25,8,07005KT,10,09
2017-10-25 09:00:00.000,2017,10,25,9,05005KT,11,09
2017-10-25 10:00:00.000,2017,10,25,10,07004KT,11,09
2017-10-25 10:30:00.000,2017,10,25,10,VRB02KT,11,09
2017-10-25 11:00:00.000,2017,10,25,11,02005KT,11,09
2017-10-25 12:00:00.000,2017,10,25,12,05007KT,12,09
2017-10-25 12:16:00.000,2017,10,25,12,06009KT,14,09
2017-10-25 13:00:00.000,2017,10,25,13,05007KT,15,09
2017-10-25 14:00:00.000,2017,10,25,14,03004KT,17,08
2017-10-25 15:00:00.000,2017,10,25,15,17009KT,18,07
2017-10-25 16:00:00.000,2017,10,25,16,16009KT,19,08
2017-10-25 17:00:00.000,2017,10,25,17,11007KT,19,08
2017-10-25 18:00:00.000,2017,10,25,18,14009KT,19,06
2017-10-25 19:00:00.000,2017,10,25,19,11007KT,19,06
2017-10-25 20:00:00.000,2017,10,25,20,VRB03KT,19,07
2017-10-25 21:00:00.000,2017,10,25,21,11006KT,18,07
2017-10-25 22:00:00.000,2017,10,25,22,09006KT,17,07
2017-10-25 23:00:00.000,2017,10,25,23,06005KT,15,07
2017-10-26 00:00:00.000,2017,10,26,0,06004KT,13,08
2017-10-26 01:00:00.000,2017,10,26,1,08004KT,13,08
2017-10-26 02:00:00.000,2017,10,26,2,04005KT,12,07
2017-10-26 03:00:00.000,2017,10,26,3,03004KT,10,08
2017-10-26 04:00:00.000,2017,10,26,4,36003KT,09,07
2017-10-26 05:00:00.000,2017,10,26,5,VRB02KT,10,07
2017-10-26 06:00:00.000,2017,10,26,6,VRB02KT,09,08
2017-10-26 07:00:00.000,2017,10,26,7,VRB02KT,08,07
2017-10-26 08:00:00.000,2017,10,26,8,VRB02KT,08,07
2017-10-26 09:00:00.000,2017,10,26,9,VRB02KT,08,07
2017-10-26 10:00:00.000,2017,10,26,10,VRB02KT,08,07
2017-10-26 10:30:00.000,2017,10,26,10,03004KT,10,08
2017-10-26 11:00:00.000,2017,10,26,11,03005KT,09,07
2017-10-26 12:00:00.000,2017,10,26,12,04006KT,12,08
2017-10-26 13:00:00.000,2017,10,26,13,02004KT,14,09
2017-10-26 14:00:00.000,2017,10,26,14,06004KT,15,09
2017-10-26 15:00:00.000,2017,10,26,15,27003KT,18,09
2017-10-26 16:00:00.000,2017,10,26,16,29006KT,19,09
2017-10-26 17:00:00.000,2017,10,26,17,01004KT,18,09
2017-10-26 18:00:00.000,2017,10,26,18,VRB04KT,14,11
2017-10-26 19:00:00.000,2017,10,26,19,28004KT,14,11
2017-10-26 20:00:00.000,2017,10,26,20,32006KT,14,11
2017-10-26 21:00:00.000,2017,10,26,21,28006KT,14,11
2017-10-26 22:00:00.000,2017,10,26,22,VRB02KT,14,11
2017-10-26 23:00:00.000,2017,10,26,23,VRB02KT,13,11
2017-10-27 00:00:00.000,2017,10,27,0,32003KT,13,11
2017-10-27 01:00:00.000,2017,10,27,1,00000KT,11,10
2017-10-27 02:00:00.000,2017,10,27,2,03003KT,10,09
2017-10-27 03:00:00.000,2017,10,27,3,32003KT,13,11
2017-10-27 04:00:00.000,2017,10,27,4,VRB02KT,09,08
2017-10-27 05:00:00.000,2017,10,27,5,32003KT,07,07
2017-10-27 06:00:00.000,2017,10,27,6,VRB02KT,07,06
2017-10-27 07:00:00.000,2017,10,27,7,36003KT,07,07
2017-10-27 08:00:00.000,2017,10,27,8,VRB02KT,09,09
2017-10-27 09:00:00.000,2017,10,27,9,VRB02KT,10,10
2017-10-27 10:00:00.000,2017,10,27,10,00000KT,09,08
2017-10-27 11:00:00.000,2017,10,27,11,09004KT,09,08
2017-10-27 12:00:00.000,2017,10,27,12,07003KT,12,11
2017-10-27 13:00:00.000,2017,10,27,13,05006KT,14,11
2017-10-27 14:00:00.000,2017,10,27,14,11004KT,18,10
2017-10-27 15:00:00.000,2017,10,27,15,04007KT,19,11
2017-10-27 16:00:00.000,2017,10,27,16,08007KT,20,10
2017-10-27 17:00:00.000,2017,10,27,17,07007KT,20,09
2017-10-27 18:00:00.000,2017,10,27,18,02005KT,22,06
2017-10-27 19:00:00.000,2017,10,27,19,25015KT,18,12
2017-10-27 20:00:00.000,2017,10,27,20,26009KT,17,11
2017-10-27 21:00:00.000,2017,10,27,21,23007KT,17,12
2017-10-27 22:00:00.000,2017,10,27,22,27004KT,17,11
2017-10-27 23:00:00.000,2017,10,27,23,VRB02KT,15,13
2017-10-28 00:00:00.000,2017,10,28,0,03008KT,15,11
2017-10-28 00:10:00.000,2017,10,28,0,04006KT,14,11
2017-10-28 00:21:00.000,2017,10,28,0,06006KT,13,11
2017-10-28 01:00:00.000,2017,10,28,1,02003KT,12,11
2017-10-28 02:00:00.000,2017,10,28,2,VRB02KT,12,11
2017-10-28 03:00:00.000,2017,10,28,3,33005KT,13,12
2017-10-28 04:00:00.000,2017,10,28,4,32004KT,13,12
2017-10-28 05:00:00.000,2017,10,28,5,33005KT,12,11
2017-10-28 06:00:00.000,2017,10,28,6,VRB02KT,12,11
2017-10-28 07:00:00.000,2017,10,28,7,VRB02KT,12,11
2017-10-28 08:00:00.000,2017,10,28,8,VRB02KT,11,11
2017-10-28 09:00:00.000,2017,10,28,9,VRB02KT,12,11
2017-10-28 10:00:00.000,2017,10,28,10,VRB02KT,12,11
2017-10-28 10:30:00.000,2017,10,28,10,VRB02KT,12,11
2017-10-28 11:00:00.000,2017,10,28,11,VRB02KT,11,10
2017-10-28 12:00:00.000,2017,10,28,12,04003KT,12,11
2017-10-28 13:00:00.000,2017,10,28,13,07003KT,15,11
2017-10-28 14:00:00.000,2017,10,28,14,VRB02KT,16,10
2017-10-28 15:00:00.000,2017,10,28,15,33004KT,17,09
2017-10-28 16:00:00.000,2017,10,28,16,32007KT,18,12
2017-10-28 17:00:00.000,2017,10,28,17,31010KT,16,12
2017-10-28 18:00:00.000,2017,10,28,18,33006KT,18,12
2017-10-28 19:00:00.000,2017,10,28,19,32006KT,18,10
2017-10-28 20:00:00.000,2017,10,28,20,31012KT,18,11
2017-10-28 21:00:00.000,2017,10,28,21,32012KT,18,10
2017-10-28 22:00:00.000,2017,10,28,22,26009KT,16,12
2017-10-28 23:00:00.000,2017,10,28,23,30007KT,15,11
2017-10-29 00:00:00.000,2017,10,29,0,29007KT,14,11
2017-10-29 01:00:00.000,2017,10,29,1,29004KT,13,11
2017-10-29 02:00:00.000,2017,10,29,2,26003KT,13,11
2017-10-29 03:00:00.000,2017,10,29,3,21003KT,13,11
2017-10-29 04:00:00.000,2017,10,29,4,20003KT,13,11
2017-10-29 05:00:00.000,2017,10,29,5,22003KT,13,11
2017-10-29 06:00:00.000,2017,10,29,6,VRB02KT,12,11
2017-10-29 07:00:00.000,2017,10,29,7,34004KT,12,11
2017-10-29 08:00:00.000,2017,10,29,8,34004KT,12,11
2017-10-29 09:00:00.000,2017,10,29,9,35007KT,11,10
2017-10-29 10:00:00.000,2017,10,29,10,36003KT,11,10
2017-10-29 10:30:00.000,2017,10,29,10,VRB02KT,11,10
2017-10-29 11:00:00.000,2017,10,29,11,VRB02KT,11,10
2017-10-29 12:00:00.000,2017,10,29,12,31004KT,11,09
2017-10-29 13:00:00.000,2017,10,29,13,VRB02KT,12,09
2017-10-29 14:00:00.000,2017,10,29,14,VRB02KT,15,09
2017-10-29 15:00:00.000,2017,10,29,15,VRB03KT,16,09
2017-10-29 16:00:00.000,2017,10,29,16,30004KT,17,08
2017-10-29 17:00:00.000,2017,10,29,17,24009KT,16,10
2017-10-29 19:00:00.000,2017,10,29,19,28010KT,16,10
2017-10-29 20:00:00.000,2017,10,29,20,27010KT,16,10
2017-10-29 21:00:00.000,2017,10,29,21,28010KT,15,11
2017-10-29 22:00:00.000,2017,10,29,22,30009KT,13,11
2017-10-30 03:00:00.000,2017,10,30,3,VRB02KT,12,10
2017-10-30 04:00:00.000,2017,10,30,4,VRB02KT,12,10
2017-10-30 05:00:00.000,2017,10,30,5,VRB02KT,11,10
2017-10-30 06:00:00.000,2017,10,30,6,VRB02KT,11,10
2017-10-30 07:00:00.000,2017,10,30,7,VRB02KT,11,10
2017-10-30 08:00:00.000,2017,10,30,8,VRB02KT,11,10
2017-10-30 09:00:00.000,2017,10,30,9,VRB02KT,11,11
2017-10-30 10:00:00.000,2017,10,30,10,25004KT,12,11
2017-10-30 11:00:00.000,2017,10,30,11,02004KT,12,10
2017-10-30 12:00:00.000,2017,10,30,12,05004KT,12,11
2017-10-30 13:00:00.000,2017,10,30,13,VRB02KT,13,11
2017-10-30 14:00:00.000,2017,10,30,14,02006KT,15,12
2017-10-30 15:00:00.000,2017,10,30,15,02005KT,17,11
2017-10-30 16:00:00.000,2017,10,30,16,08005KT,17,10
2017-10-30 17:00:00.000,2017,10,30,17,06008KT,18,10
2017-10-30 18:00:00.000,2017,10,30,18,24010KT,16,12
2017-10-30 19:00:00.000,2017,10,30,19,29012KT,15,12
2017-10-30 20:00:00.000,2017,10,30,20,30008KT,13,12
2017-10-30 21:00:00.000,2017,10,30,21,27008KT,15,12
2017-10-30 22:00:00.000,2017,10,30,22,25004KT,14,12
2017-10-30 23:00:00.000,2017,10,30,23,28004KT,14,12
2017-10-31 00:00:00.000,2017,10,31,0,22004KT,13,11
2017-10-31 01:00:00.000,2017,10,31,1,25003KT,13,11
2017-10-31 02:00:00.000,2017,10,31,2,24004KT,13,11
2017-10-31 03:00:00.000,2017,10,31,3,00000KT,12,11
2017-10-31 04:00:00.000,2017,10,31,4,27003KT,13,11
2017-10-31 05:00:00.000,2017,10,31,5,00000KT,12,11
2017-10-31 06:00:00.000,2017,10,31,6,00000KT,12,11
2017-10-31 07:00:00.000,2017,10,31,7,VRB0KT,11,11
2017-10-31 08:00:00.000,2017,10,31,8,VRB02KT,11,10
2017-10-31 09:00:00.000,2017,10,31,9,04005KT,11,11
2017-10-31 10:00:00.000,2017,10,31,10,05004KT,11,11
2017-10-31 11:00:00.000,2017,10,31,11,35004KT,11,11
2017-10-31 12:00:00.000,2017,10,31,12,VRB02KT,12,11
2017-10-31 13:00:00.000,2017,10,31,13,VRB02KT,15,14
2017-10-31 14:00:00.000,2017,10,31,14,33004KT,16,10
2017-10-31 15:00:00.000,2017,10,31,15,VRB04KT,18,09
2017-10-31 16:00:00.000,2017,10,31,16,04009KT,18,09
2017-10-31 17:00:00.000,2017,10,31,17,04010KT,18,09
2017-10-31 18:00:00.000,2017,10,31,18,16004KT,19,08
2017-10-31 19:00:00.000,2017,10,31,19,27006KT,20,09
2017-10-31 20:00:00.000,2017,10,31,20,30014KT,19,13
2017-10-31 20:15:00.000,2017,10,31,20,27014KT,16,13
2017-10-31 20:30:00.000,2017,10,31,20,23012KT,15,13
2017-10-31 21:00:00.000,2017,10,31,21,26004KT,14,13
2017-10-31 21:30:00.000,2017,10,31,21,29004KT,14,12
2017-10-31 22:00:00.000,2017,10,31,22,29008KT,14,13
2017-10-31 23:00:00.000,2017,10,31,23,01004KT,13,11
2017-11-01 00:00:00.000,2017,11,1,0,VRB02KT,12,11
2017-11-01 01:00:00.000,2017,11,1,1,31004KT,12,11
2017-11-01 02:00:00.000,2017,11,1,2,VRB02KT,12,11
2017-11-01 03:00:00.000,2017,11,1,3,VRB02KT,11,10
2017-11-01 04:00:00.000,2017,11,1,4,VRB02KT,09,09
2017-11-01 05:00:00.000,2017,11,1,5,VRB02KT,11,11
2017-11-01 06:00:00.000,2017,11,1,6,VRB02KT,10,10
2017-11-01 06:30:00.000,2017,11,1,6,31003KT,09,08
2017-11-01 07:00:00.000,2017,11,1,7,VRB02KT,09,08
2017-11-01 08:00:00.000,2017,11,1,8,VRB02KT,10,10
2017-11-01 08:30:00.000,2017,11,1,8,00000KT,09,09
2017-11-01 09:00:00.000,2017,11,1,9,34003KT,08,08
2017-11-01 09:30:00.000,2017,11,1,9,VRB02KT,10,09
2017-11-01 10:00:00.000,2017,11,1,10,VRB02KT,10,09
2017-11-01 10:30:00.000,2017,11,1,10,VRB02KT,10,09
2017-11-01 11:00:00.000,2017,11,1,11,VRB02KT,10,09
2017-11-01 11:30:00.000,2017,11,1,11,27003KT,10,09
2017-11-01 12:00:00.000,2017,11,1,12,29003KT,10,10
2017-11-01 13:00:00.000,2017,11,1,13,31004KT,12,11
2017-11-01 13:30:00.000,2017,11,1,13,VRB02KT,13,12
2017-11-01 14:00:00.000,2017,11,1,14,VRB02KT,13,12
2017-11-01 15:00:00.000,2017,11,1,15,03005KT,15,11
2017-11-01 16:00:00.000,2017,11,1,16,30004KT,18,11
2017-11-01 17:00:00.000,2017,11,1,17,31005KT,19,10
2017-11-01 18:00:00.000,2017,11,1,18,VRB03KT,20,09
2017-11-01 19:00:00.000,2017,11,1,19,29009KT,18,13
2017-11-01 20:00:00.000,2017,11,1,20,28012KT,16,14
2017-11-01 21:00:00.000,2017,11,1,21,26009KT,17,13
2017-11-01 22:00:00.000,2017,11,1,22,27007KT,17,13
2017-11-01 23:00:00.000,2017,11,1,23,31006KT,15,12
2017-11-02 00:00:00.000,2017,11,2,0,08004KT,13,11
2017-11-02 01:00:00.000,2017,11,2,1,10004KT,13,11
2017-11-02 02:00:00.000,2017,11,2,2,31004KT,13,11
2017-11-02 03:00:00.000,2017,11,2,3,36003KT,13,10
2017-11-02 04:00:00.000,2017,11,2,4,03005KT,12,10
2017-11-02 05:00:00.000,2017,11,2,5,VRB02KT,12,11
2017-11-02 06:00:00.000,2017,11,2,6,VRB02KT,12,11
2017-11-02 07:00:00.000,2017,11,2,7,VRB02KT,10,10
2017-11-02 08:00:00.000,2017,11,2,8,VRB02KT,11,11
2017-11-02 09:00:00.000,2017,11,2,9,VRB02KT,12,11
2017-11-02 10:00:00.000,2017,11,2,10,VRB02KT,09,08
2017-11-02 11:00:00.000,2017,11,2,11,VRB02KT,10,10
2017-11-02 12:00:00.000,2017,11,2,12,31003KT,10,10
2017-11-02 13:00:00.000,2017,11,2,13,03003KT,12,11
2017-11-02 14:00:00.000,2017,11,2,14,VRB02KT,15,12
2017-11-02 15:00:00.000,2017,11,2,15,07004KT,18,11
2017-11-02 16:00:00.000,2017,11,2,16,17006KT,19,09
2017-11-02 17:00:00.000,2017,11,2,17,21008KT,19,10
2017-11-02 18:00:00.000,2017,11,2,18,25006KT,19,10
2017-11-02 19:00:00.000,2017,11,2,19,28012KT,19,12
2017-11-02 20:00:00.000,2017,11,2,20,29012KT,19,12
2017-11-02 21:00:00.000,2017,11,2,21,27011KT,18,12
2017-11-02 22:00:00.000,2017,11,2,22,25009KT,17,12
2017-11-02 23:00:00.000,2017,11,2,23,27009KT,15,12
2017-11-03 00:00:00.000,2017,11,3,0,28006KT,15,12
2017-11-03 01:00:00.000,2017,11,3,1,33006KT,13,11
2017-11-03 02:00:00.000,2017,11,3,2,30005KT,13,11
2017-11-03 03:00:00.000,2017,11,3,3,VRB02KT,13,11
2017-11-03 04:00:00.000,2017,11,3,4,34003KT,13,12
2017-11-03 05:00:00.000,2017,11,3,5,05003KT,12,11
2017-11-03 06:00:00.000,2017,11,3,6,03003KT,12,11
2017-11-03 07:00:00.000,2017,11,3,7,30005KT,11,10
2017-11-03 08:00:00.000,2017,11,3,8,VRB02KT,11,10
2017-11-03 09:00:00.000,2017,11,3,9,VRB02KT,11,10
2017-11-03 10:00:00.000,2017,11,3,10,VRB02KT,12,11
2017-11-03 11:00:00.000,2017,11,3,11,VRB02KT,11,10
2017-11-03 12:00:00.000,2017,11,3,12,33003KT,12,11
2017-11-03 13:00:00.000,2017,11,3,13,36003KT,14,12
2017-11-03 14:00:00.000,2017,11,3,14,32005KT,16,11
2017-11-03 15:00:00.000,2017,11,3,15,35005KT,18,10
2017-11-03 16:00:00.000,2017,11,3,16,36004KT,20,10
2017-11-03 17:00:00.000,2017,11,3,17,30009KT,19,11
2017-11-03 18:00:00.000,2017,11,3,18,28012KT,17,13
2017-11-03 19:00:00.000,2017,11,3,19,21005KT,12,11
2017-11-03 20:00:00.000,2017,11,3,20,22006KT,12,10
2017-11-03 21:00:00.000,2017,11,3,21,13004KT,14,10
2017-11-03 22:00:00.000,2017,11,3,22,05004KT,14,11
2017-11-03 23:00:00.000,2017,11,3,23,36003KT,12,10
2017-11-04 00:00:00.000,2017,11,4,0,VRB02KT,11,11
2017-11-04 01:00:00.000,2017,11,4,1,VRB02KT,11,10
2017-11-04 02:00:00.000,2017,11,4,2,VRB02KT,11,10
2017-11-04 03:00:00.000,2017,11,4,3,28003KT,12,11
2017-11-04 04:00:00.000,2017,11,4,4,04003KT,11,10
2017-11-04 05:00:00.000,2017,11,4,5,33003KT,11,10
2017-11-04 06:00:00.000,2017,11,4,6,VRB02KT,11,10
2017-11-04 07:00:00.000,2017,11,4,7,VRB02KT,11,10
2017-11-04 08:00:00.000,2017,11,4,8,VRB02KT,11,11
2017-11-04 09:00:00.000,2017,11,4,9,VRB02KT,11,11
2017-11-04 10:00:00.000,2017,11,4,10,VRB02KT,11,11
2017-11-04 11:00:00.000,2017,11,4,11,32003KT,11,11
2017-11-04 12:00:00.000,2017,11,4,12,VRB02KT,11,11
2017-11-04 13:00:00.000,2017,11,4,13,00000KT,12,11
2017-11-04 14:00:00.000,2017,11,4,14,VRB02KT,12,11
2017-11-04 15:00:00.000,2017,11,4,15,VRB02KT,13,11
2017-11-04 16:00:00.000,2017,11,4,16,01003KT,15,11
2017-11-04 17:00:00.000,2017,11,4,17,VRB02KT,16,11
2017-11-04 18:00:00.000,2017,11,4,18,25004KT,16,11
2017-11-04 19:00:00.000,2017,11,4,19,14007KT,14,11
2017-11-04 20:00:00.000,2017,11,4,20,19007KT,13,11
2017-11-04 21:00:00.000,2017,11,4,21,19004KT,13,11
2017-11-04 22:00:00.000,2017,11,4,22,VRB02KT,14,11
2017-11-04 23:00:00.000,2017,11,4,23,VRB02KT,14,11
2017-11-05 00:00:00.000,2017,11,5,0,VRB02KT,12,10
2017-11-05 01:00:00.000,2017,11,5,1,VRB02KT,12,11
2017-11-05 02:00:00.000,2017,11,5,2,VRB02KT,12,10
2017-11-05 03:00:00.000,2017,11,5,3,33003KT,12,10
2017-11-05 04:00:00.000,2017,11,5,4,32004KT,11,10
2017-11-05 05:00:00.000,2017,11,5,5,34004KT,11,10
2017-11-05 06:00:00.000,2017,11,5,6,00000KT,12,11
2017-11-05 07:00:00.000,2017,11,5,7,VRB02KT,10,09
2017-11-05 08:00:00.000,2017,11,5,8,VRB02KT,10,09
2017-11-05 09:00:00.000,2017,11,5,9,VRB02KT,10,09
2017-11-05 10:00:00.000,2017,11,5,10,VRB02KT,10,10
2017-11-05 11:00:00.000,2017,11,5,11,VRB02KT,10,09
2017-11-05 12:00:00.000,2017,11,5,12,36003KT,11,11
2017-11-05 13:00:00.000,2017,11,5,13,04005KT,13,11
2017-11-05 14:00:00.000,2017,11,5,14,VRB02KT,14,10
2017-11-05 15:00:00.000,2017,11,5,15,VRB02KT,16,11
2017-11-05 16:00:00.000,2017,11,5,16,VRB02KT,18,10
2017-11-05 17:00:00.000,2017,11,5,17,19003KT,19,09
2017-11-05 18:00:00.000,2017,11,5,18,24011KT,17,12
2017-11-05 19:00:00.000,2017,11,5,19,34012KT,16,12
2017-11-05 20:00:00.000,2017,11,5,20,03008KT,13,11
2017-11-05 21:00:00.000,2017,11,5,21,05005KT,14,10
2017-11-05 22:00:00.000,2017,11,5,22,VRB02KT,15,10
2017-11-05 23:00:00.000,2017,11,5,23,04004KT,13,10
2017-11-06 00:00:00.000,2017,11,6,0,02003KT,11,10
2017-11-06 01:00:00.000,2017,11,6,1,34003KT,10,09
2017-11-06 02:00:00.000,2017,11,6,2,03004KT,10,09
2017-11-06 03:00:00.000,2017,11,6,3,32003KT,10,09
2017-11-06 04:00:00.000,2017,11,6,4,15003KT,11,10
2017-11-06 05:00:00.000,2017,11,6,5,24003KT,11,10
2017-11-06 06:00:00.000,2017,11,6,6,VRB02KT,09,08
2017-11-06 07:00:00.000,2017,11,6,7,VRB02KT,09,08
2017-11-06 08:00:00.000,2017,11,6,8,VRB02KT,09,09
2017-11-06 09:00:00.000,2017,11,6,9,VRB02KT,07,07
2017-11-06 10:00:00.000,2017,11,6,10,VRB02KT,09,08
2017-11-06 11:00:00.000,2017,11,6,11,28003KT,08,08
2017-11-06 12:00:00.000,2017,11,6,12,VRB02KT,11,10
2017-11-06 13:00:00.000,2017,11,6,13,VRB02KT,12,12
2017-11-06 14:00:00.000,2017,11,6,14,03003KT,14,11
2017-11-06 15:00:00.000,2017,11,6,15,VRB02KT,17,11
2017-11-06 16:00:00.000,2017,11,6,16,06003KT,17,10
2017-11-06 17:00:00.000,2017,11,6,17,05005KT,20,08
2017-11-06 18:00:00.000,2017,11,6,18,07005KT,21,09
2017-11-06 19:00:00.000,2017,11,6,19,24010KT,20,12
2017-11-06 20:00:00.000,2017,11,6,20,24012KT,19,12
2017-11-06 21:00:00.000,2017,11,6,21,27011KT,19,12
2017-11-06 22:00:00.000,2017,11,6,22,27010KT,17,12
2017-11-06 23:00:00.000,2017,11,6,23,25006KT,15,12
2017-11-07 00:00:00.000,2017,11,7,0,27005KT,15,11
2017-11-07 01:00:00.000,2017,11,7,1,26004KT,14,11
2017-11-07 02:00:00.000,2017,11,7,2,23004KT,14,11
2017-11-07 03:00:00.000,2017,11,7,3,VRB02KT,14,11
2017-11-07 04:00:00.000,2017,11,7,4,25004KT,13,11
2017-11-07 05:00:00.000,2017,11,7,5,VRB02KT,13,12
2017-11-07 06:00:00.000,2017,11,7,6,VRB02KT,11,10
2017-11-07 07:00:00.000,2017,11,7,7,VRB02KT,12,11
2017-11-07 08:00:00.000,2017,11,7,8,VRB02KT,11,10
2017-11-07 09:00:00.000,2017,11,7,9,32005KT,11,10
2017-11-07 10:00:00.000,2017,11,7,10,VRB02KT,12,11
2017-11-07 11:00:00.000,2017,11,7,11,35003KT,11,11
2017-11-07 12:00:00.000,2017,11,7,12,01003KT,13,12
2017-11-07 13:00:00.000,2017,11,7,13,03006KT,14,12
2017-11-07 14:00:00.000,2017,11,7,14,06008KT,16,09
2017-11-07 15:00:00.000,2017,11,7,15,07007KT,19,09
2017-11-07 16:00:00.000,2017,11,7,16,07005KT,20,09
2017-11-07 17:00:00.000,2017,11,7,17,06008KT,20,09
2017-11-07 18:00:00.000,2017,11,7,18,06006KT,21,08
2017-11-07 19:00:00.000,2017,11,7,19,30007KT,21,08
2017-11-07 20:00:00.000,2017,11,7,20,24008KT,17,14
2017-11-07 21:00:00.000,2017,11,7,21,21007KT,17,12
2017-11-07 22:00:00.000,2017,11,7,22,26007KT,17,13
2017-11-07 23:00:00.000,2017,11,7,23,09004KT,14,12
2017-11-08 00:00:00.000,2017,11,8,0,35005KT,13,11
2017-11-08 01:00:00.000,2017,11,8,1,23004KT,14,11
2017-11-08 02:00:00.000,2017,11,8,2,VRB02KT,13,11
2017-11-08 03:00:00.000,2017,11,8,3,VRB02KT,13,11
2017-11-08 04:00:00.000,2017,11,8,4,VRB02KT,13,11
2017-11-08 05:00:00.000,2017,11,8,5,05004KT,11,10
2017-11-08 06:00:00.000,2017,11,8,6,02003KT,11,10
2017-11-08 07:00:00.000,2017,11,8,7,17004KT,11,10
2017-11-08 08:00:00.000,2017,11,8,8,05003KT,11,10
2017-11-08 09:00:00.000,2017,11,8,9,01003KT,10,10
2017-11-08 10:00:00.000,2017,11,8,10,36003KT,10,10
2017-11-08 11:00:00.000,2017,11,8,11,11004KT,11,10
2017-11-08 12:00:00.000,2017,11,8,12,05003KT,12,12
2017-11-08 13:00:00.000,2017,11,8,13,04006KT,14,11
2017-11-08 14:00:00.000,2017,11,8,14,04004KT,16,11
2017-11-08 15:00:00.000,2017,11,8,15,12004KT,18,09
2017-11-08 16:00:00.000,2017,11,8,16,06006KT,19,08
2017-11-08 17:00:00.000,2017,11,8,17,13005KT,20,08
2017-11-08 18:00:00.000,2017,11,8,18,26008KT,19,12
2017-11-08 19:00:00.000,2017,11,8,19,25008KT,18,12
2017-11-08 20:00:00.000,2017,11,8,20,02011KT,13,09
2017-11-08 21:00:00.000,2017,11,8,21,15004KT,15,11
2017-11-08 22:00:00.000,2017,11,8,22,00000KT,15,13
2017-11-08 23:00:00.000,2017,11,8,23,32004KT,14,12
2017-11-09 00:00:00.000,2017,11,9,0,27005KT,15,12
2017-11-09 01:00:00.000,2017,11,9,1,26005KT,15,12
2017-11-09 02:00:00.000,2017,11,9,2,VRB02KT,14,12
2017-11-09 03:00:00.000,2017,11,9,3,28004KT,12,11
2017-11-09 04:00:00.000,2017,11,9,4,VRB02KT,12,11
2017-11-09 05:00:00.000,2017,11,9,5,VRB02KT,12,11
2017-11-09 06:00:00.000,2017,11,9,6,VRB02KT,12,11
2017-11-09 07:00:00.000,2017,11,9,7,VRB02KT,12,11
2017-11-09 08:00:00.000,2017,11,9,8,VRB02KT,12,11
2017-11-09 09:00:00.000,2017,11,9,9,VRB02KT,12,11
2017-11-09 10:00:00.000,2017,11,9,10,06004KT,12,11
2017-11-09 11:00:00.000,2017,11,9,11,VRB02KT,12,11
2017-11-09 12:00:00.000,2017,11,9,12,05006KT,13,11
2017-11-09 13:00:00.000,2017,11,9,13,04007KT,14,11
2017-11-09 14:00:00.000,2017,11,9,14,06006KT,16,11
2017-11-09 15:00:00.000,2017,11,9,15,05009KT,18,11
2017-11-09 16:00:00.000,2017,11,9,16,05008KT,19,09
2017-11-09 17:00:00.000,2017,11,9,17,24009KT,18,12
2017-11-09 18:00:00.000,2017,11,9,18,30010KT,18,12
2017-11-09 19:00:00.000,2017,11,9,19,27008KT,19,13
2017-11-09 20:00:00.000,2017,11,9,20,27009KT,18,12
2017-11-09 21:00:00.000,2017,11,9,21,21011KT,17,12
2017-11-09 22:00:00.000,2017,11,9,22,25005KT,16,12
2017-11-09 23:00:00.000,2017,11,9,23,28004KT,15,12
2017-11-10 00:00:00.000,2017,11,10,0,28004KT,14,12
2017-11-10 01:00:00.000,2017,11,10,1,26005KT,14,12
2017-11-10 02:00:00.000,2017,11,10,2,26003KT,14,12
2017-11-10 03:00:00.000,2017,11,10,3,VRB02KT,14,12
2017-11-10 04:00:00.000,2017,11,10,4,28004KT,14,12
2017-11-10 05:00:00.000,2017,11,10,5,23003KT,14,11
2017-11-10 06:00:00.000,2017,11,10,6,VRB02KT,13,12
2017-11-10 07:00:00.000,2017,11,10,7,32004KT,13,12
2017-11-10 08:00:00.000,2017,11,10,8,27004KT,13,12
2017-11-10 09:00:00.000,2017,11,10,9,24004KT,13,12
2017-11-10 10:00:00.000,2017,11,10,10,27004KT,13,12
2017-11-10 10:30:00.000,2017,11,10,10,31004KT,13,12
2017-11-10 11:00:00.000,2017,11,10,11,31004KT,13,12
2017-11-10 12:00:00.000,2017,11,10,12,35004KT,13,12
2017-11-10 13:00:00.000,2017,11,10,13,01003KT,14,12
2017-11-10 14:00:00.000,2017,11,10,14,06006KT,15,13
2017-11-10 15:00:00.000,2017,11,10,15,04006KT,16,11
2017-11-10 16:00:00.000,2017,11,10,16,05007KT,18,12
2017-11-10 17:00:00.000,2017,11,10,17,03003KT,20,09
2017-11-10 18:00:00.000,2017,11,10,18,30007KT,17,12
2017-11-10 19:00:00.000,2017,11,10,19,29005KT,18,12
2017-11-10 20:00:00.000,2017,11,10,20,30008KT,16,13
2017-11-10 21:00:00.000,2017,11,10,21,28008KT,16,12
2017-11-10 22:00:00.000,2017,11,10,22,27005KT,16,12
2017-11-10 23:00:00.000,2017,11,10,23,22004KT,15,12
2017-11-11 00:00:00.000,2017,11,11,0,24005KT,15,12
2017-11-11 01:00:00.000,2017,11,11,1,30005KT,14,12
2017-11-11 02:00:00.000,2017,11,11,2,31003KT,14,12
2017-11-11 03:00:00.000,2017,11,11,3,30004KT,14,12
2017-11-11 04:00:00.000,2017,11,11,4,06003KT,13,12
2017-11-11 05:00:00.000,2017,11,11,5,VRB02KT,13,12
2017-11-11 06:00:00.000,2017,11,11,6,31003KT,13,12
2017-11-11 07:00:00.000,2017,11,11,7,00000KT,13,12
2017-11-11 08:00:00.000,2017,11,11,8,VRB02KT,12,12
2017-11-11 09:00:00.000,2017,11,11,9,04006KT,13,12
2017-11-11 10:00:00.000,2017,11,11,10,02003KT,12,11
2017-11-11 11:00:00.000,2017,11,11,11,05004KT,12,11
2017-11-11 12:00:00.000,2017,11,11,12,03005KT,12,11
2017-11-11 13:00:00.000,2017,11,11,13,02003KT,13,11
2017-11-11 14:00:00.000,2017,11,11,14,04004KT,15,11
2017-11-11 15:00:00.000,2017,11,11,15,05003KT,17,11
2017-11-11 16:00:00.000,2017,11,11,16,10006KT,19,10
2017-11-11 17:00:00.000,2017,11,11,17,11004KT,20,10
2017-11-11 18:00:00.000,2017,11,11,18,23012KT,18,13
2017-11-11 19:00:00.000,2017,11,11,19,23012KT,17,13
2017-11-11 20:00:00.000,2017,11,11,20,25011KT,17,12
2017-11-11 21:00:00.000,2017,11,11,21,29008KT,16,12
2017-11-11 22:00:00.000,2017,11,11,22,27008KT,16,12
2017-11-11 23:00:00.000,2017,11,11,23,24004KT,15,12
2017-11-12 00:00:00.000,2017,11,12,0,VRB02KT,13,11
2017-11-12 01:00:00.000,2017,11,12,1,VRB02KT,13,11
2017-11-12 02:00:00.000,2017,11,12,2,VRB02KT,13,12
2017-11-12 03:00:00.000,2017,11,12,3,04004KT,12,11
2017-11-12 04:00:00.000,2017,11,12,4,04003KT,12,11
2017-11-12 05:00:00.000,2017,11,12,5,VRB02KT,11,10
2017-11-12 06:00:00.000,2017,11,12,6,25003KT,11,10
2017-11-12 07:00:00.000,2017,11,12,7,VRB02KT,09,08
2017-11-12 08:00:00.000,2017,11,12,8,00000KT,10,09
2017-11-12 09:00:00.000,2017,11,12,9,00000KT,09,09
2017-11-12 10:00:00.000,2017,11,12,10,VRB02KT,06,06
2017-11-12 11:00:00.000,2017,11,12,11,03003KT,07,07
2017-11-12 12:00:00.000,2017,11,12,12,VRB02KT,11,10
2017-11-12 13:00:00.000,2017,11,12,13,02003KT,13,10
2017-11-12 14:00:00.000,2017,11,12,14,04008KT,17,09
2017-11-12 15:00:00.000,2017,11,12,15,07008KT,18,09
2017-11-12 16:00:00.000,2017,11,12,16,06006KT,18,09
2017-11-12 17:00:00.000,2017,11,12,17,16007KT,19,08
2017-11-12 18:00:00.000,2017,11,12,18,16008KT,19,08
2017-11-12 19:00:00.000,2017,11,12,19,01005KT,21,08
2017-11-12 20:00:00.000,2017,11,12,20,07006KT,19,08
2017-11-12 21:00:00.000,2017,11,12,21,33004KT,20,08
2017-11-12 22:00:00.000,2017,11,12,22,02003KT,20,08
2017-11-12 23:00:00.000,2017,11,12,23,24008KT,16,13
2017-11-13 00:00:00.000,2017,11,13,0,VRB02KT,14,11
2017-11-13 01:00:00.000,2017,11,13,1,VRB02KT,13,11
2017-11-13 02:00:00.000,2017,11,13,2,VRB02KT,11,10
2017-11-13 03:00:00.000,2017,11,13,3,34004KT,11,10
2017-11-13 04:00:00.000,2017,11,13,4,03006KT,12,10
2017-11-13 05:00:00.000,2017,11,13,5,04008KT,12,10
2017-11-13 06:00:00.000,2017,11,13,6,33004KT,10,08
2017-11-13 07:00:00.000,2017,11,13,7,VRB02KT,09,08
2017-11-13 08:00:00.000,2017,11,13,8,VRB02KT,09,08
2017-11-13 09:00:00.000,2017,11,13,9,03004KT,08,07
2017-11-13 10:00:00.000,2017,11,13,10,04004KT,08,07
2017-11-13 11:00:00.000,2017,11,13,11,VRB02KT,09,08
2017-11-13 12:00:00.000,2017,11,13,12,VRB02KT,11,10
2017-11-13 13:00:00.000,2017,11,13,13,05004KT,12,10
2017-11-13 14:00:00.000,2017,11,13,14,04005KT,16,11
2017-11-13 15:00:00.000,2017,11,13,15,06008KT,18,10
2017-11-13 16:00:00.000,2017,11,13,16,08006KT,18,09
2017-11-13 17:00:00.000,2017,11,13,17,VRB02KT,20,08
2017-11-13 18:00:00.000,2017,11,13,18,VRB02KT,20,09
2017-11-13 19:00:00.000,2017,11,13,19,03005KT,19,09
2017-11-13 20:00:00.000,2017,11,13,20,31005KT,21,09
2017-11-13 21:00:00.000,2017,11,13,21,23010KT,18,12
2017-11-13 22:00:00.000,2017,11,13,22,25010KT,16,12
2017-11-13 23:00:00.000,2017,11,13,23,27005KT,15,11
2017-11-14 00:00:00.000,2017,11,14,0,VRB02KT,14,12
2017-11-14 01:00:00.000,2017,11,14,1,VRB02KT,12,11
2017-11-14 02:00:00.000,2017,11,14,2,VRB02KT,12,11
2017-11-14 03:00:00.000,2017,11,14,3,32003KT,11,10
2017-11-14 04:00:00.000,2017,11,14,4,VRB02KT,11,10
2017-11-14 05:00:00.000,2017,11,14,5,VRB02KT,11,10
2017-11-14 06:00:00.000,2017,11,14,6,VRB02KT,12,11
2017-11-14 07:00:00.000,2017,11,14,7,VRB02KT,12,10
2017-11-14 08:00:00.000,2017,11,14,8,VRB02KT,12,10
2017-11-14 09:00:00.000,2017,11,14,9,03003KT,11,10
2017-11-14 10:00:00.000,2017,11,14,10,VRB02KT,09,09
2017-11-14 11:00:00.000,2017,11,14,11,14003KT,10,10
2017-11-14 12:00:00.000,2017,11,14,12,04004KT,10,10
2017-11-14 13:00:00.000,2017,11,14,13,05005KT,13,11
2017-11-14 14:00:00.000,2017,11,14,14,04003KT,15,11
2017-11-14 15:00:00.000,2017,11,14,15,01003KT,17,10
2017-11-14 16:00:00.000,2017,11,14,16,VRB02KT,19,10
2017-11-14 17:00:00.000,2017,11,14,17,VRB04KT,21,08
2017-11-14 18:00:00.000,2017,11,14,18,21010KT,17,11
2017-11-14 19:00:00.000,2017,11,14,19,24006KT,17,12
2017-11-14 20:00:00.000,2017,11,14,20,27006KT,18,12
2017-11-14 21:00:00.000,2017,11,14,21,31009KT,17,11
2017-11-14 22:00:00.000,2017,11,14,22,30005KT,16,11
2017-11-14 23:00:00.000,2017,11,14,23,33004KT,15,11
2017-11-15 00:00:00.000,2017,11,15,0,04003KT,14,13
2017-11-15 01:00:00.000,2017,11,15,1,31006KT,13,11
2017-11-15 02:00:00.000,2017,11,15,2,30005KT,13,11
2017-11-15 03:00:00.000,2017,11,15,3,29003KT,13,11
2017-11-15 04:00:00.000,2017,11,15,4,03004KT,13,11
2017-11-15 05:00:00.000,2017,11,15,5,04004KT,12,11
2017-11-15 06:00:00.000,2017,11,15,6,05005KT,12,11
2017-11-15 07:00:00.000,2017,11,15,7,04006KT,12,11
2017-11-15 08:00:00.000,2017,11,15,8,00000KT,12,11
2017-11-15 09:00:00.000,2017,11,15,9,08003KT,12,11
2017-11-15 10:00:00.000,2017,11,15,10,05003KT,12,11
2017-11-15 11:00:00.000,2017,11,15,11,VRB02KT,11,10
2017-11-15 12:00:00.000,2017,11,15,12,VRB02KT,11,10
2017-11-15 13:00:00.000,2017,11,15,13,35003KT,13,12
2017-11-15 14:00:00.000,2017,11,15,14,VRB02KT,15,12
2017-11-15 15:00:00.000,2017,11,15,15,VRB03KT,18,11
2017-11-15 17:00:00.000,2017,11,15,17,23010KT,16,11
2017-11-15 18:00:00.000,2017,11,15,18,24006KT,18,12
2017-11-15 19:00:00.000,2017,11,15,19,30006KT,18,12
2017-11-15 19:30:00.000,2017,11,15,19,27009KT,17,11
2017-11-15 20:00:00.000,2017,11,15,20,24004KT,17,11
2017-11-15 21:00:00.000,2017,11,15,21,VRB02KT,15,12
2017-11-15 22:00:00.000,2017,11,15,22,04005KT,13,12
2017-11-15 23:00:00.000,2017,11,15,23,VRB02KT,13,12
2017-11-15 23:12:00.000,2017,11,15,23,36003KT,13,12
2017-11-16 00:00:00.000,2017,11,16,0,VRB02KT,13,12
2017-11-16 01:00:00.000,2017,11,16,1,VRB02KT,12,11
2017-11-16 02:00:00.000,2017,11,16,2,33003KT,12,11
2017-11-16 03:00:00.000,2017,11,16,3,VRB02KT,12,11
2017-11-16 04:00:00.000,2017,11,16,4,35003KT,11,11
2017-11-16 05:00:00.000,2017,11,16,5,32004KT,12,11
2017-11-16 06:00:00.000,2017,11,16,6,24004KT,12,11
2017-11-16 07:00:00.000,2017,11,16,7,31003KT,12,11
2017-11-16 08:00:00.000,2017,11,16,8,30003KT,12,10
2017-11-16 09:00:00.000,2017,11,16,9,VRB02KT,11,10
2017-11-16 10:00:00.000,2017,11,16,10,VRB02KT,11,11
2017-11-16 10:30:00.000,2017,11,16,10,VRB02KT,12,11
2017-11-16 11:00:00.000,2017,11,16,11,VRB02KT,12,11
2017-11-16 12:00:00.000,2017,11,16,12,VRB02KT,12,11
2017-11-16 13:00:00.000,2017,11,16,13,VRB02KT,14,12
2017-11-16 14:00:00.000,2017,11,16,14,VRB02KT,15,10
2017-11-16 15:00:00.000,2017,11,16,15,VRB02KT,16,09
2017-11-16 16:00:00.000,2017,11,16,16,01004KT,18,10
2017-11-16 17:00:00.000,2017,11,16,17,01004KT,19,09
2017-11-16 17:25:00.000,2017,11,16,17,35004KT,20,10
2017-11-16 18:00:00.000,2017,11,16,18,25003KT,20,10
2017-11-16 19:00:00.000,2017,11,16,19,VRB02KT,21,10
2017-11-16 20:00:00.000,2017,11,16,20,27010KT,20,13
2017-11-16 21:00:00.000,2017,11,16,21,26010KT,18,13
2017-11-16 22:00:00.000,2017,11,16,22,26010KT,17,12
2017-11-16 23:00:00.000,2017,11,16,23,28006KT,16,12
2017-11-17 00:00:00.000,2017,11,17,0,28006KT,15,11
2017-11-17 01:00:00.000,2017,11,17,1,29005KT,15,12
2017-11-17 02:00:00.000,2017,11,17,2,26005KT,14,12
2017-11-17 03:00:00.000,2017,11,17,3,30005KT,14,12
2017-11-17 04:00:00.000,2017,11,17,4,33003KT,13,11
2017-11-17 04:07:00.000,2017,11,17,4,31003KT,13,11
2017-11-17 05:00:00.000,2017,11,17,5,28004KT,13,11
2017-11-17 06:00:00.000,2017,11,17,6,VRB02KT,13,11
2017-11-17 07:00:00.000,2017,11,17,7,VRB02KT,12,11
2017-11-17 08:00:00.000,2017,11,17,8,VRB02KT,12,11
2017-11-17 09:00:00.000,2017,11,17,9,VRB02KT,12,11
2017-11-17 10:00:00.000,2017,11,17,10,32005KT,12,11
2017-11-17 10:30:00.000,2017,11,17,10,VRB02KT,12,11
2017-11-17 11:00:00.000,2017,11,17,11,VRB02KT,12,11
2017-11-17 12:00:00.000,2017,11,17,12,27003KT,13,12
2017-11-17 13:00:00.000,2017,11,17,13,VRB02KT,13,12
2017-11-17 14:00:00.000,2017,11,17,14,32005KT,14,12
2017-11-17 15:00:00.000,2017,11,17,15,27003KT,14,10
2017-11-17 16:00:00.000,2017,11,17,16,VRB02KT,15,10
2017-11-17 17:00:00.000,2017,11,17,17,VRB02KT,17,10
2017-11-17 18:00:00.000,2017,11,17,18,VRB02KT,17,10
2017-11-17 19:00:00.000,2017,11,17,19,33005KT,19,10
2017-11-17 20:00:00.000,2017,11,17,20,31014KT,18,11
2017-11-17 21:00:00.000,2017,11,17,21,31011KT,17,10
2017-11-17 22:00:00.000,2017,11,17,22,31011KT,17,10
2017-11-17 23:00:00.000,2017,11,17,23,30009KT,14,10
2017-11-18 00:00:00.000,2017,11,18,0,28006KT,14,10
2017-11-18 01:00:00.000,2017,11,18,1,30005KT,14,10
2017-11-18 02:00:00.000,2017,11,18,2,VRB02KT,13,10
2017-11-18 03:00:00.000,2017,11,18,3,22003KT,13,11
2017-11-18 04:00:00.000,2017,11,18,4,VRB02KT,11,09
2017-11-18 05:00:00.000,2017,11,18,5,VRB02KT,10,09
2017-11-18 06:00:00.000,2017,11,18,6,04003KT,11,10
2017-11-18 07:00:00.000,2017,11,18,7,VRB02KT,10,09
2017-11-18 08:00:00.000,2017,11,18,8,09003KT,11,10
2017-11-18 09:00:00.000,2017,11,18,9,33005KT,11,09
2017-11-18 10:00:00.000,2017,11,18,10,VRB02KT,10,09
2017-11-18 11:00:00.000,2017,11,18,11,35003KT,11,10
2017-11-18 12:00:00.000,2017,11,18,12,35003KT,11,10
2017-11-18 13:00:00.000,2017,11,18,13,VRB02KT,14,12
2017-11-18 14:00:00.000,2017,11,18,14,VRB02KT,15,11
2017-11-18 15:00:00.000,2017,11,18,15,30003KT,18,11
2017-11-18 16:00:00.000,2017,11,18,16,24003KT,19,11
2017-11-18 17:00:00.000,2017,11,18,17,28006KT,20,12
2017-11-18 18:00:00.000,2017,11,18,18,27011KT,15,14
2017-11-18 19:00:00.000,2017,11,18,19,29011KT,18,12
2017-11-18 20:00:00.000,2017,11,18,20,27011KT,18,12
2017-11-18 21:00:00.000,2017,11,18,21,27009KT,16,12
2017-11-18 22:00:00.000,2017,11,18,22,33004KT,16,12
2017-11-18 23:00:00.000,2017,11,18,23,33004KT,14,12
2017-11-19 00:00:00.000,2017,11,19,0,VRB02KT,14,12
2017-11-19 01:00:00.000,2017,11,19,1,36004KT,13,12
2017-11-19 02:00:00.000,2017,11,19,2,VRB02KT,13,11
2017-11-19 03:00:00.000,2017,11,19,3,27004KT,12,12
2017-11-19 04:00:00.000,2017,11,19,4,27003KT,13,12
2017-11-19 05:00:00.000,2017,11,19,5,34003KT,13,12
2017-11-19 06:00:00.000,2017,11,19,6,00000KT,13,12
2017-11-19 07:00:00.000,2017,11,19,7,21003KT,24,24
2017-11-19 08:00:00.000,2017,11,19,8,VRB02KT,11,11
2017-11-19 09:00:00.000,2017,11,19,9,VRB02KT,10,10
2017-11-19 10:00:00.000,2017,11,19,10,VRB02KT,11,11
2017-11-19 11:00:00.000,2017,11,19,11,04008KT,11,10
2017-11-19 12:00:00.000,2017,11,19,12,04005KT,13,10
2017-11-19 13:00:00.000,2017,11,19,13,05010KT,15,10
2017-11-19 14:00:00.000,2017,11,19,14,03005KT,17,11
2017-11-19 15:00:00.000,2017,11,19,15,05004KT,19,10
2017-11-19 16:00:00.000,2017,11,19,16,06004KT,20,10
2017-11-19 17:00:00.000,2017,11,19,17,01005KT,20,10
2017-11-19 18:00:00.000,2017,11,19,18,29005KT,18,12
2017-11-19 19:00:00.000,2017,11,19,19,20010KT,15,13
2017-11-19 20:00:00.000,2017,11,19,20,23006KT,14,13
2017-11-19 21:00:00.000,2017,11,19,21,25006KT,15,12
2017-11-19 22:00:00.000,2017,11,19,22,30003KT,15,13
2017-11-19 23:00:00.000,2017,11,19,23,24004KT,14,13
2017-11-20 00:00:00.000,2017,11,20,0,27005KT,15,13
2017-11-20 01:00:00.000,2017,11,20,1,VRB02KT,14,13
2017-11-20 02:00:00.000,2017,11,20,2,29005KT,13,12
2017-11-20 03:00:00.000,2017,11,20,3,29004KT,13,12
2017-11-20 04:00:00.000,2017,11,20,4,20004KT,13,12
2017-11-20 05:00:00.000,2017,11,20,5,23003KT,13,12
2017-11-20 06:00:00.000,2017,11,20,6,00000KT,12,11
2017-11-20 07:00:00.000,2017,11,20,7,VRB02KT,12,11
2017-11-20 08:00:00.000,2017,11,20,8,VRB02KT,12,11
2017-11-20 09:00:00.000,2017,11,20,9,VRB02KT,12,11
2017-11-20 10:00:00.000,2017,11,20,10,VRB02KT,12,11
2017-11-20 11:00:00.000,2017,11,20,11,36004KT,11,11
2017-11-20 12:00:00.000,2017,11,20,12,VRB02KT,12,12
2017-11-20 12:35:00.000,2017,11,20,12,VRB02KT,12,11
2017-11-20 13:00:00.000,2017,11,20,13,VRB02KT,12,11
2017-11-20 13:30:00.000,2017,11,20,13,36004KT,14,12
2017-11-20 14:00:00.000,2017,11,20,14,02005KT,15,13
2017-11-20 15:00:00.000,2017,11,20,15,02004KT,17,10
2017-11-20 16:00:00.000,2017,11,20,16,VRB02KT,19,10
2017-11-20 17:00:00.000,2017,11,20,17,14006KT,19,10
2017-11-20 18:00:00.000,2017,11,20,18,35014KT,15,11
2017-11-20 19:00:00.000,2017,11,20,19,28009KT,16,13
2017-11-20 20:00:00.000,2017,11,20,20,29005KT,18,13
2017-11-20 21:00:00.000,2017,11,20,21,27007KT,18,11
2017-11-20 22:00:00.000,2017,11,20,22,33003KT,14,12
2017-11-20 23:00:00.000,2017,11,20,23,16006KT,14,12
2017-11-21 00:00:00.000,2017,11,21,0,VRB02KT,14,12
2017-11-21 01:00:00.000,2017,11,21,1,28003KT,13,11
2017-11-21 02:00:00.000,2017,11,21,2,01003KT,12,11
2017-11-21 03:00:00.000,2017,11,21,3,VRB02KT,12,11
2017-11-21 04:00:00.000,2017,11,21,4,04003KT,11,10
2017-11-21 05:00:00.000,2017,11,21,5,05004KT,11,09
2017-11-21 06:00:00.000,2017,11,21,6,04003KT,10,09
2017-11-21 07:00:00.000,2017,11,21,7,VRB02KT,09,08
2017-11-21 08:00:00.000,2017,11,21,8,VRB02KT,09,08
2017-11-21 09:00:00.000,2017,11,21,9,VRB02KT,08,07
2017-11-21 10:00:00.000,2017,11,21,10,VRB02KT,07,06
2017-11-21 11:00:00.000,2017,11,21,11,VRB02KT,06,06
2017-11-21 12:00:00.000,2017,11,21,12,VRB02KT,10,09
2017-11-21 13:00:00.000,2017,11,21,13,03005KT,12,11
2017-11-21 14:00:00.000,2017,11,21,14,06004KT,15,10
2017-11-21 15:00:00.000,2017,11,21,15,35003KT,17,08
2017-11-21 16:00:00.000,2017,11,21,16,20003KT,19,10
2017-11-21 17:00:00.000,2017,11,21,17,26008KT,19,11
2017-11-21 18:00:00.000,2017,11,21,18,25010KT,18,11
2017-11-21 19:00:00.000,2017,11,21,19,26010KT,20,11
2017-11-21 20:00:00.000,2017,11,21,20,27012KT,18,12
2017-11-21 21:00:00.000,2017,11,21,21,27006KT,17,12
2017-11-21 22:00:00.000,2017,11,21,22,28008KT,17,11
2017-11-21 23:00:00.000,2017,11,21,23,29006KT,15,11
2017-11-22 00:00:00.000,2017,11,22,0,28005KT,14,10
2017-11-22 01:00:00.000,2017,11,22,1,25004KT,14,10
2017-11-22 02:00:00.000,2017,11,22,2,VRB02KT,12,10
2017-11-22 03:00:00.000,2017,11,22,3,VRB02KT,12,10
2017-11-22 04:00:00.000,2017,11,22,4,35004KT,12,11
2017-11-22 05:00:00.000,2017,11,22,5,VRB02KT,12,10
2017-11-22 06:00:00.000,2017,11,22,6,VRB02KT,11,10
2017-11-22 07:00:00.000,2017,11,22,7,VRB02KT,11,10
2017-11-22 08:00:00.000,2017,11,22,8,VRB02KT,09,09
2017-11-22 09:00:00.000,2017,11,22,9,VRB02KT,09,09
2017-11-22 10:00:00.000,2017,11,22,10,VRB02KT,07,07
2017-11-22 11:00:00.000,2017,11,22,11,VRB02KT,08,08
2017-11-22 12:00:00.000,2017,11,22,12,VRB02KT,12,11
2017-11-22 13:00:00.000,2017,11,22,13,06004KT,14,10
2017-11-22 14:00:00.000,2017,11,22,14,31004KT,16,09
2017-11-22 15:00:00.000,2017,11,22,15,12003KT,19,10
2017-11-22 16:00:00.000,2017,11,22,16,28003KT,19,07
2017-11-22 17:00:00.000,2017,11,22,17,VRB02KT,21,08
2017-11-22 18:00:00.000,2017,11,22,18,27012KT,19,11
2017-11-22 19:00:00.000,2017,11,22,19,29012KT,20,11
2017-11-22 20:00:00.000,2017,11,22,20,28013KT,19,12
2017-11-22 21:00:00.000,2017,11,22,21,27007KT,16,12
2017-11-22 22:00:00.000,2017,11,22,22,23003KT,16,13
2017-11-22 23:00:00.000,2017,11,22,23,33004KT,15,13
2017-11-23 00:00:00.000,2017,11,23,0,34004KT,13,11
2017-11-23 01:00:00.000,2017,11,23,1,00000KT,12,11
2017-11-23 02:00:00.000,2017,11,23,2,VRB02KT,12,10
2017-11-23 03:00:00.000,2017,11,23,3,33003KT,11,10
2017-11-23 04:00:00.000,2017,11,23,4,VRB02KT,10,09
2017-11-23 05:00:00.000,2017,11,23,5,27003KT,11,10
2017-11-23 06:00:00.000,2017,11,23,6,VRB02KT,10,09
2017-11-23 07:00:00.000,2017,11,23,7,VRB02KT,09,08
2017-11-23 08:00:00.000,2017,11,23,8,VRB02KT,09,09
2017-11-23 09:00:00.000,2017,11,23,9,VRB02KT,08,08
2017-11-23 10:00:00.000,2017,11,23,10,VRB02KT,08,08
2017-11-23 11:00:00.000,2017,11,23,11,VRB02KT,07,06
2017-11-23 12:00:00.000,2017,11,23,12,04003KT,09,09
2017-11-23 13:00:00.000,2017,11,23,13,04004KT,13,11
2017-11-23 14:00:00.000,2017,11,23,14,06007KT,16,10
2017-11-23 15:00:00.000,2017,11,23,15,06005KT,18,09
2017-11-23 16:00:00.000,2017,11,23,16,35003KT,18,09
2017-11-23 17:00:00.000,2017,11,23,17,03006KT,18,08
2017-11-23 18:00:00.000,2017,11,23,18,26006KT,19,08
2017-11-23 19:00:00.000,2017,11,23,19,29005KT,19,10
2017-11-23 20:00:00.000,2017,11,23,20,24010KT,17,12
2017-11-23 21:00:00.000,2017,11,23,21,27009KT,16,13
2017-11-23 22:00:00.000,2017,11,23,22,27006KT,16,12
2017-11-23 23:00:00.000,2017,11,23,23,28004KT,15,12
2017-11-24 00:00:00.000,2017,11,24,0,23003KT,15,13
2017-11-24 01:00:00.000,2017,11,24,1,24006KT,14,13
2017-11-24 02:00:00.000,2017,11,24,2,23006KT,13,12
2017-11-24 03:00:00.000,2017,11,24,3,VRB02KT,13,11
2017-11-24 04:00:00.000,2017,11,24,4,01003KT,12,11
2017-11-24 05:00:00.000,2017,11,24,5,29005KT,12,11
2017-11-24 06:00:00.000,2017,11,24,6,26003KT,12,11
2017-11-24 07:00:00.000,2017,11,24,7,00000KT,11,10
2017-11-24 08:00:00.000,2017,11,24,8,27003KT,11,10
2017-11-24 09:00:00.000,2017,11,24,9,VRB02KT,09,09
2017-11-24 10:00:00.000,2017,11,24,10,VRB02KT,09,09
2017-11-24 11:00:00.000,2017,11,24,11,01003KT,09,09
2017-11-24 12:00:00.000,2017,11,24,12,VRB02KT,11,10
2017-11-24 13:00:00.000,2017,11,24,13,04004KT,13,11
2017-11-24 14:00:00.000,2017,11,24,14,02004KT,15,10
2017-11-24 15:00:00.000,2017,11,24,15,VRB03KT,17,08
2017-11-24 16:00:00.000,2017,11,24,16,30004KT,19,09
2017-11-24 17:00:00.000,2017,11,24,17,VRB05KT,18,08
2017-11-24 18:00:00.000,2017,11,24,18,28010KT,18,12
2017-11-24 19:00:00.000,2017,11,24,19,29010KT,19,12
2017-11-24 20:00:00.000,2017,11,24,20,27010KT,19,12
2017-11-24 21:00:00.000,2017,11,24,21,28010KT,18,12
2017-11-24 22:00:00.000,2017,11,24,22,25009KT,16,11
2017-11-24 23:00:00.000,2017,11,24,23,25006KT,15,11
2017-11-25 00:00:00.000,2017,11,25,0,24006KT,15,11
2017-11-25 01:00:00.000,2017,11,25,1,28006KT,14,11
2017-11-25 02:00:00.000,2017,11,25,2,34004KT,14,10
2017-11-25 03:00:00.000,2017,11,25,3,31004KT,13,11
2017-11-25 04:00:00.000,2017,11,25,4,33004KT,13,10
2017-11-25 05:00:00.000,2017,11,25,5,VRB02KT,13,11
2017-11-25 06:00:00.000,2017,11,25,6,31004KT,13,11
2017-11-25 07:00:00.000,2017,11,25,7,32004KT,12,11
2017-11-25 08:00:00.000,2017,11,25,8,VRB02KT,12,11
2017-11-25 09:00:00.000,2017,11,25,9,VRB02KT,12,11
2017-11-25 10:00:00.000,2017,11,25,10,VRB02KT,12,11
2017-11-25 11:00:00.000,2017,11,25,11,VRB02KT,12,10
2017-11-25 12:00:00.000,2017,11,25,12,VRB02KT,11,10
2017-11-25 13:00:00.000,2017,11,25,13,VRB02KT,12,10
2017-11-25 14:00:00.000,2017,11,25,14,VRB02KT,15,11
2017-11-25 15:00:00.000,2017,11,25,15,05005KT,16,10
2017-11-25 16:00:00.000,2017,11,25,16,07005KT,17,10
2017-11-25 17:00:00.000,2017,11,25,17,06008KT,19,09
2017-11-25 18:00:00.000,2017,11,25,18,13008KT,19,08
2017-11-25 19:00:00.000,2017,11,25,19,17005KT,19,08
2017-11-25 20:00:00.000,2017,11,25,20,27004KT,20,06
2017-11-25 21:00:00.000,2017,11,25,21,10006KT,19,08
2017-11-25 22:00:00.000,2017,11,25,22,25008KT,17,12
2017-11-25 23:00:00.000,2017,11,25,23,24006KT,16,12
2017-11-26 00:00:00.000,2017,11,26,0,33003KT,13,11
2017-11-26 08:00:00.000,2017,11,26,8,06005KT,12,10
2017-11-26 09:00:00.000,2017,11,26,9,03004KT,11,09
2017-11-26 10:00:00.000,2017,11,26,10,36008KT,10,09
2017-11-26 11:00:00.000,2017,11,26,11,VRB02KT,11,09
2017-11-26 12:00:00.000,2017,11,26,12,03007KT,12,10
2017-11-26 13:00:00.000,2017,11,26,13,06007KT,15,10
2017-11-26 14:00:00.000,2017,11,26,14,12006KT,18,10
2017-11-26 15:00:00.000,2017,11,26,15,10006KT,18,10
2017-11-26 16:00:00.000,2017,11,26,16,12008KT,18,08
2017-11-26 17:00:00.000,2017,11,26,17,15011KT,18,10
2017-11-26 18:00:00.000,2017,11,26,18,13006KT,18,09
2017-11-26 19:00:00.000,2017,11,26,19,17009KT,18,09
2017-11-26 20:00:00.000,2017,11,26,20,02004KT,18,09
2017-11-26 21:00:00.000,2017,11,26,21,VRB02KT,16,11
2017-11-26 22:00:00.000,2017,11,26,22,03003KT,17,11
2017-11-26 23:00:00.000,2017,11,26,23,10004KT,16,09
2017-11-27 00:00:00.000,2017,11,27,0,10005KT,15,09
2017-11-27 01:00:00.000,2017,11,27,1,10004KT,15,09
2017-11-27 02:00:00.000,2017,11,27,2,05006KT,11,09
2017-11-27 03:00:00.000,2017,11,27,3,35003KT,11,08
2017-11-27 04:00:00.000,2017,11,27,4,VRB02KT,11,08
2017-11-27 05:00:00.000,2017,11,27,5,VRB02KT,10,08
2017-11-27 06:00:00.000,2017,11,27,6,VRB02KT,10,09
2017-11-27 07:00:00.000,2017,11,27,7,34003KT,09,08
2017-11-27 08:00:00.000,2017,11,27,8,VRB02KT,09,08
2017-11-27 09:00:00.000,2017,11,27,9,10003KT,08,08
2017-11-27 10:00:00.000,2017,11,27,10,33005KT,09,08
2017-11-27 11:00:00.000,2017,11,27,11,VRB02KT,08,08
2017-11-27 12:00:00.000,2017,11,27,12,VRB02KT,10,09
2017-11-27 13:00:00.000,2017,11,27,13,06004KT,13,11
2017-11-27 14:00:00.000,2017,11,27,14,03007KT,16,10
2017-11-27 15:00:00.000,2017,11,27,15,12006KT,17,10
2017-11-27 16:00:00.000,2017,11,27,16,13008KT,18,09
2017-11-27 17:00:00.000,2017,11,27,17,12006KT,19,09
2017-11-27 18:00:00.000,2017,11,27,18,16008KT,20,08
2017-11-27 19:00:00.000,2017,11,27,19,11006KT,19,08
2017-11-27 20:00:00.000,2017,11,27,20,08004KT,19,08
2017-11-27 21:00:00.000,2017,11,27,21,09007KT,18,09
2017-11-27 22:00:00.000,2017,11,27,22,10010KT,17,09
2017-11-27 23:00:00.000,2017,11,27,23,08004KT,16,09
2017-11-28 00:00:00.000,2017,11,28,0,10005KT,15,09
2017-11-28 01:00:00.000,2017,11,28,1,14003KT,14,09
2017-11-28 02:00:00.000,2017,11,28,2,VRB03KT,12,09
2017-11-28 03:00:00.000,2017,11,28,3,04008KT,11,09
2017-11-28 04:00:00.000,2017,11,28,4,05006KT,11,09
2017-11-28 05:00:00.000,2017,11,28,5,05006KT,10,09
2017-11-28 06:00:00.000,2017,11,28,6,04005KT,10,09
2017-11-28 07:00:00.000,2017,11,28,7,02004KT,11,09
2017-11-28 08:00:00.000,2017,11,28,8,03006KT,11,10
2017-11-28 09:00:00.000,2017,11,28,9,07006KT,10,08
2017-11-28 10:00:00.000,2017,11,28,10,06006KT,10,08
2017-11-28 11:00:00.000,2017,11,28,11,05004KT,09,07
2017-11-28 12:00:00.000,2017,11,28,12,VRB02KT,11,08
2017-11-28 13:00:00.000,2017,11,28,13,05006KT,15,09
2017-11-28 14:00:00.000,2017,11,28,14,11007KT,17,07
2017-11-28 15:00:00.000,2017,11,28,15,12008KT,18,08
2017-11-28 16:00:00.000,2017,11,28,16,11007KT,19,08
2017-11-28 17:00:00.000,2017,11,28,17,11006KT,20,08
2017-11-28 18:00:00.000,2017,11,28,18,09008KT,19,06
2017-11-28 19:00:00.000,2017,11,28,19,13010KT,19,07
2017-11-28 20:00:00.000,2017,11,28,20,12008KT,20,07
2017-11-28 21:00:00.000,2017,11,28,21,06008KT,18,07
2017-11-28 22:00:00.000,2017,11,28,22,06008KT,17,08
2017-11-28 23:00:00.000,2017,11,28,23,12005KT,16,08
2017-11-29 00:00:00.000,2017,11,29,0,24004KT,15,12
2017-11-29 01:00:00.000,2017,11,29,1,VRB02KT,12,10
2017-11-29 02:00:00.000,2017,11,29,2,05005KT,11,08
2017-11-29 03:00:00.000,2017,11,29,3,04004KT,11,09
2017-11-29 04:00:00.000,2017,11,29,4,05005KT,11,09
2017-11-29 05:00:00.000,2017,11,29,5,06005KT,11,09
2017-11-29 06:00:00.000,2017,11,29,6,03003KT,11,09
2017-11-29 07:00:00.000,2017,11,29,7,07005KT,12,09
2017-11-29 08:00:00.000,2017,11,29,8,06004KT,12,09
2017-11-29 09:00:00.000,2017,11,29,9,06004KT,11,09
2017-11-29 11:00:00.000,2017,11,29,11,04008KT,10,08
2017-11-29 12:00:00.000,2017,11,29,12,06008KT,12,09
2017-11-29 13:00:00.000,2017,11,29,13,07006KT,16,09
2017-11-29 14:00:00.000,2017,11,29,14,05009KT,16,08
2017-11-29 15:00:00.000,2017,11,29,15,06007KT,18,07
2017-11-29 16:00:00.000,2017,11,29,16,11010KT,20,06
2017-11-29 17:00:00.000,2017,11,29,17,11009KT,21,05
2017-11-29 18:00:00.000,2017,11,29,18,15008KT,21,08
2017-11-29 19:00:00.000,2017,11,29,19,12007KT,20,05
2017-11-29 20:00:00.000,2017,11,29,20,12006KT,22,06
2017-11-29 21:00:00.000,2017,11,29,21,22007KT,21,09
2017-11-29 22:00:00.000,2017,11,29,22,30007KT,17,12
2017-11-29 23:00:00.000,2017,11,29,23,28006KT,16,12
2017-11-30 00:00:00.000,2017,11,30,0,23006KT,15,11
2017-11-30 01:00:00.000,2017,11,30,1,31004KT,14,10
2017-11-30 02:00:00.000,2017,11,30,2,05003KT,12,10
2017-11-30 03:00:00.000,2017,11,30,3,VRB02KT,12,10
2017-11-30 04:00:00.000,2017,11,30,4,35003KT,10,09
2017-11-30 05:00:00.000,2017,11,30,5,06005KT,10,09
2017-11-30 06:00:00.000,2017,11,30,6,00000KT,10,09
2017-11-30 07:00:00.000,2017,11,30,7,VRB02KT,09,09
2017-11-30 08:00:00.000,2017,11,30,8,36004KT,09,08
2017-11-30 09:00:00.000,2017,11,30,9,VRB02KT,09,08
2017-11-30 10:00:00.000,2017,11,30,10,32003KT,09,08
2017-11-30 11:00:00.000,2017,11,30,11,07005KT,09,08
2017-11-30 12:00:00.000,2017,11,30,12,VRB02KT,11,09
2017-11-30 13:00:00.000,2017,11,30,13,01004KT,13,09
2017-11-30 14:00:00.000,2017,11,30,14,01004KT,16,09
2017-11-30 15:00:00.000,2017,11,30,15,VRB03KT,17,09
2017-11-30 16:00:00.000,2017,11,30,16,01004KT,19,08
2017-11-30 17:00:00.000,2017,11,30,17,29005KT,20,08
2017-11-30 18:00:00.000,2017,11,30,18,29012KT,21,12
2017-11-30 19:00:00.000,2017,11,30,19,29012KT,20,11
2017-11-30 20:00:00.000,2017,11,30,20,28012KT,20,12
2017-11-30 21:00:00.000,2017,11,30,21,28015KT,18,11
2017-11-30 22:00:00.000,2017,11,30,22,10004KT,16,12
2017-11-30 23:00:00.000,2017,11,30,23,07005KT,14,12
2017-12-01 00:00:00.000,2017,12,1,0,VRB02KT,13,12
2017-12-01 01:00:00.000,2017,12,1,1,03004KT,14,12
2017-12-01 02:00:00.000,2017,12,1,2,VRB02KT,13,12
2017-12-01 03:00:00.000,2017,12,1,3,01003KT,12,11
2017-12-01 06:00:00.000,2017,12,1,6,VRB02KT,13,11
2017-12-01 07:00:00.000,2017,12,1,7,VRB02KT,13,11
2017-12-01 08:00:00.000,2017,12,1,8,VRB02KT,13,11
2017-12-01 09:00:00.000,2017,12,1,9,05004KT,12,11
2017-12-01 10:00:00.000,2017,12,1,10,05006KT,12,11
2017-12-01 11:00:00.000,2017,12,1,11,VRB02KT,12,11
2017-12-01 12:00:00.000,2017,12,1,12,06004KT,14,11
2017-12-01 13:00:00.000,2017,12,1,13,03005KT,16,11
2017-12-01 14:00:00.000,2017,12,1,14,04005KT,17,11
2017-12-01 15:00:00.000,2017,12,1,15,01005KT,18,11
2017-12-01 16:00:00.000,2017,12,1,16,32005KT,19,10
2017-12-01 17:00:00.000,2017,12,1,17,32013KT,18,12
2017-12-01 18:00:00.000,2017,12,1,18,30010KT,19,12
2017-12-01 19:00:00.000,2017,12,1,19,25012KT,18,12
2017-12-01 21:00:00.000,2017,12,1,21,10005KT,12,09
2017-12-01 22:00:00.000,2017,12,1,22,VRB02KT,12,11
2017-12-01 23:00:00.000,2017,12,1,23,VRB02KT,13,11
2017-12-02 00:00:00.000,2017,12,2,0,31004KT,13,11
2017-12-02 01:00:00.000,2017,12,2,1,VRB02KT,13,11
2017-12-02 02:00:00.000,2017,12,2,2,VRB02KT,12,11
2017-12-02 03:00:00.000,2017,12,2,3,30003KT,13,11
2017-12-02 04:00:00.000,2017,12,2,4,VRB02KT,12,11
2017-12-02 05:00:00.000,2017,12,2,5,06003KT,13,12
2017-12-02 06:00:00.000,2017,12,2,6,35003KT,12,11
2017-12-02 07:00:00.000,2017,12,2,7,VRB02KT,12,11
2017-12-02 08:00:00.000,2017,12,2,8,VRB02KT,12,11
2017-12-02 09:00:00.000,2017,12,2,9,02004KT,12,11
2017-12-02 10:00:00.000,2017,12,2,10,04004KT,11,10
2017-12-02 11:00:00.000,2017,12,2,11,35004KT,11,10
2017-12-02 12:00:00.000,2017,12,2,12,VRB02KT,12,11
2017-12-02 13:00:00.000,2017,12,2,13,05003KT,14,12
2017-12-02 14:00:00.000,2017,12,2,14,07004KT,17,12
2017-12-02 15:00:00.000,2017,12,2,15,07005KT,18,11
2017-12-02 16:00:00.000,2017,12,2,16,VRB02KT,19,10
2017-12-02 17:00:00.000,2017,12,2,17,18007KT,20,10
2017-12-02 18:00:00.000,2017,12,2,18,VRB04KT,20,12
2017-12-02 19:00:00.000,2017,12,2,19,29014KT,17,13
2017-12-02 20:00:00.000,2017,12,2,20,28009KT,16,12
2017-12-02 21:00:00.000,2017,12,2,21,35006KT,13,11
2017-12-02 22:00:00.000,2017,12,2,22,VRB02KT,13,12
2017-12-02 23:00:00.000,2017,12,2,23,30004KT,13,12
2017-12-03 00:00:00.000,2017,12,3,0,35003KT,12,11
2017-12-03 01:00:00.000,2017,12,3,1,05003KT,12,11
2017-12-03 02:00:00.000,2017,12,3,2,26004KT,11,11
2017-12-03 03:00:00.000,2017,12,3,3,06005KT,12,11
2017-12-03 04:00:00.000,2017,12,3,4,05006KT,12,11
2017-12-03 05:00:00.000,2017,12,3,5,04007KT,12,11
2017-12-03 06:00:00.000,2017,12,3,6,05007KT,12,11
2017-12-03 07:00:00.000,2017,12,3,7,04006KT,12,11
2017-12-03 08:00:00.000,2017,12,3,8,06006KT,10,09
2017-12-03 09:00:00.000,2017,12,3,9,06004KT,10,08
2017-12-03 10:00:00.000,2017,12,3,10,04006KT,09,08
2017-12-03 11:00:00.000,2017,12,3,11,04006KT,09,07
2017-12-03 12:00:00.000,2017,12,3,12,06007KT,12,09
2017-12-03 13:00:00.000,2017,12,3,13,11005KT,14,08
2017-12-03 14:00:00.000,2017,12,3,14,10007KT,16,08
2017-12-03 15:00:00.000,2017,12,3,15,11007KT,17,08
2017-12-03 16:00:00.000,2017,12,3,16,10007KT,18,08
2017-12-03 17:00:00.000,2017,12,3,17,11006KT,19,08
2017-12-03 18:00:00.000,2017,12,3,18,10008KT,19,08
2017-12-03 19:00:00.000,2017,12,3,19,11008KT,19,08
2017-12-03 20:00:00.000,2017,12,3,20,27010KT,17,12
2017-12-03 21:00:00.000,2017,12,3,21,26005KT,16,12
2017-12-03 22:00:00.000,2017,12,3,22,22004KT,16,12
2017-12-03 23:00:00.000,2017,12,3,23,VRB02KT,15,12
2017-12-04 00:00:00.000,2017,12,4,0,VRB02KT,13,11
2017-12-04 01:00:00.000,2017,12,4,1,VRB02KT,11,10
2017-12-04 02:00:00.000,2017,12,4,2,07003KT,11,09
2017-12-04 03:00:00.000,2017,12,4,3,06004KT,11,08
2017-12-04 04:00:00.000,2017,12,4,4,07004KT,13,08
2017-12-04 05:00:00.000,2017,12,4,5,07006KT,11,09
2017-12-04 06:00:00.000,2017,12,4,6,04005KT,11,09
2017-12-04 07:00:00.000,2017,12,4,7,06004KT,10,08
2017-12-04 08:00:00.000,2017,12,4,8,VRB02KT,10,08
2017-12-04 09:00:00.000,2017,12,4,9,03004KT,09,08
2017-12-04 10:00:00.000,2017,12,4,10,05003KT,10,09
2017-12-04 11:00:00.000,2017,12,4,11,VRB02KT,10,09
2017-12-04 12:00:00.000,2017,12,4,12,VRB02KT,12,19
2017-12-04 13:00:00.000,2017,12,4,13,06005KT,13,10
2017-12-04 14:00:00.000,2017,12,4,14,11010KT,16,10
2017-12-04 15:00:00.000,2017,12,4,15,06005KT,13,10
2017-12-04 16:00:00.000,2017,12,4,16,15010KT,18,09
2017-12-04 17:00:00.000,2017,12,4,17,12010KT,18,09
2017-12-04 18:00:00.000,2017,12,4,18,13012KT,19,09
2017-12-04 19:00:00.000,2017,12,4,19,15011KT,20,09
2017-12-04 20:00:00.000,2017,12,4,20,12009KT,18,08
2017-12-04 21:00:00.000,2017,12,4,21,09007KT,18,09
2017-12-04 22:00:00.000,2017,12,4,22,14010KT,17,09
2017-12-04 23:00:00.000,2017,12,4,23,17007KT,16,10
2017-12-05 00:00:00.000,2017,12,5,0,10006KT,15,09
2017-12-05 01:00:00.000,2017,12,5,1,08008KT,14,09
2017-12-05 02:00:00.000,2017,12,5,2,10004KT,14,08
2017-12-05 03:00:00.000,2017,12,5,3,09004KT,14,08
2017-12-05 04:00:00.000,2017,12,5,4,06004KT,11,08
2017-12-05 05:00:00.000,2017,12,5,5,09004KT,12,08
2017-12-05 06:00:00.000,2017,12,5,6,04005KT,11,09
2017-12-05 07:00:00.000,2017,12,5,7,03004KT,12,09
2017-12-05 08:00:00.000,2017,12,5,8,05007KT,12,09
2017-12-05 09:00:00.000,2017,12,5,9,05006KT,11,09
2017-12-05 10:00:00.000,2017,12,5,10,09005KT,12,09
2017-12-05 11:00:00.000,2017,12,5,11,10003KT,11,08
2017-12-05 12:00:00.000,2017,12,5,12,VRB02KT,14,09
2017-12-05 13:00:00.000,2017,12,5,13,11006KT,14,07
2017-12-05 14:00:00.000,2017,12,5,14,09006KT,15,08
2017-12-05 15:00:00.000,2017,12,5,15,07008KT,16,08
2017-12-05 16:00:00.000,2017,12,5,16,04009KT,16,09
2017-12-05 17:00:00.000,2017,12,5,17,11009KT,17,07
2017-12-05 18:00:00.000,2017,12,5,18,12014KT,18,07
2017-12-05 19:00:00.000,2017,12,5,19,15014KT,19,08
2017-12-05 20:00:00.000,2017,12,5,20,12008KT,18,07
2017-12-05 21:00:00.000,2017,12,5,21,11007KT,16,09
2017-12-05 22:00:00.000,2017,12,5,22,VRB03KT,16,10
2017-12-05 23:00:00.000,2017,12,5,23,10008KT,15,07
2017-12-06 00:00:00.000,2017,12,6,0,13009KT,13,07
2017-12-06 01:00:00.000,2017,12,6,1,13007KT,12,07
2017-12-06 02:00:00.000,2017,12,6,2,11006KT,11,07
2017-12-06 03:00:00.000,2017,12,6,3,09003KT,11,07
2017-12-06 04:00:00.000,2017,12,6,4,05004KT,11,06
2017-12-06 05:00:00.000,2017,12,6,5,05003KT,09,07
2017-12-06 06:00:00.000,2017,12,6,6,VRB02KT,09,07
2017-12-06 07:00:00.000,2017,12,6,7,VRB02KT,07,06
2017-12-06 08:00:00.000,2017,12,6,8,VRB02KT,08,07
2017-12-06 09:00:00.000,2017,12,6,9,04003KT,08,07
2017-12-06 10:00:00.000,2017,12,6,10,05004KT,06,05
2017-12-06 11:00:00.000,2017,12,6,11,05005KT,06,05
2017-12-06 12:00:00.000,2017,12,6,12,07007KT,09,07
2017-12-06 13:00:00.000,2017,12,6,13,06007KT,13,08
2017-12-06 14:00:00.000,2017,12,6,14,08007KT,16,07
2017-12-06 15:00:00.000,2017,12,6,15,10016KT,18,06
2017-12-06 16:00:00.000,2017,12,6,16,10015KT,19,06
2017-12-06 17:00:00.000,2017,12,6,17,12015KT,19,05
2017-12-06 18:00:00.000,2017,12,6,18,14014KT,20,06
2017-12-06 19:00:00.000,2017,12,6,19,15014KT,20,06
2017-12-06 20:00:00.000,2017,12,6,20,15014KT,20,05
2017-12-06 21:00:00.000,2017,12,6,21,12008KT,19,05
2017-12-06 22:00:00.000,2017,12,6,22,06007KT,18,06
2017-12-06 23:00:00.000,2017,12,6,23,06007KT,16,05
2017-12-07 00:00:00.000,2017,12,7,0,04006KT,13,04
2017-12-07 01:00:00.000,2017,12,7,1,VRB02KT,12,05
2017-12-07 02:00:00.000,2017,12,7,2,VRB02KT,11,05
2017-12-07 03:00:00.000,2017,12,7,3,VRB02KT,10,06
2017-12-07 04:00:00.000,2017,12,7,4,00000KT,08,05
2017-12-07 05:00:00.000,2017,12,7,5,VRB02KT,08,06
2017-12-07 06:00:00.000,2017,12,7,6,32004KT,07,06
2017-12-07 07:00:00.000,2017,12,7,7,VRB02KT,07,06
2017-12-07 08:00:00.000,2017,12,7,8,02003KT,07,06
2017-12-07 09:00:00.000,2017,12,7,9,32005T,05,05
2017-12-07 10:00:00.000,2017,12,7,10,00000KT,06,05
2017-12-07 11:00:00.000,2017,12,7,11,32004KT,05,04
2017-12-07 12:00:00.000,2017,12,7,12,03005KT,08,07
2017-12-07 13:00:00.000,2017,12,7,13,02003KT,10,08
2017-12-07 14:00:00.000,2017,12,7,14,VRB02KT,15,09
2017-12-07 15:00:00.000,2017,12,7,15,06004KT,16,08
2017-12-07 16:00:00.000,2017,12,7,16,06006KT,18,07
2017-12-07 17:00:00.000,2017,12,7,17,15011KT,20,06
2017-12-07 18:00:00.000,2017,12,7,18,07006KT,19,03
2017-12-07 19:00:00.000,2017,12,7,19,06012KT,19,07
2017-12-07 20:00:00.000,2017,12,7,20,09012KT,19,05
2017-12-07 21:00:00.000,2017,12,7,21,08011KT,18,06
2017-12-07 22:00:00.000,2017,12,7,22,12010KT,17,06
2017-12-07 23:00:00.000,2017,12,7,23,10007KT,16,05
2017-12-08 00:00:00.000,2017,12,8,0,12006KT,14,06
2017-12-08 01:00:00.000,2017,12,8,1,09004KT,14,07
2017-12-08 02:00:00.000,2017,12,8,2,09005KT,14,08
2017-12-08 03:00:00.000,2017,12,8,3,08005KT,12,08
2017-12-08 04:00:00.000,2017,12,8,4,35004KT,10,07
2017-12-08 05:00:00.000,2017,12,8,5,08004KT,08,06
2017-12-08 06:00:00.000,2017,12,8,6,04004KT,10,08
2017-12-08 07:00:00.000,2017,12,8,7,VRB02KT,09,07
2017-12-08 08:00:00.000,2017,12,8,8,VRB02KT,09,07
2017-12-08 09:00:00.000,2017,12,8,9,VRB02KT,08,07
2017-12-08 10:00:00.000,2017,12,8,10,VRB02KT,08,07
2017-12-08 11:00:00.000,2017,12,8,11,VRB02KT,09,08
2017-12-08 12:00:00.000,2017,12,8,12,05006KT,11,09
2017-12-08 13:00:00.000,2017,12,8,13,04006KT,14,09
2017-12-08 14:00:00.000,2017,12,8,14,05008KT,16,07
2017-12-08 15:00:00.000,2017,12,8,15,10006KT,18,07
2017-12-08 16:00:00.000,2017,12,8,16,09004KT,18,08
2017-12-08 17:00:00.000,2017,12,8,17,14010KT,19,07
2017-12-08 18:00:00.000,2017,12,8,18,16009KT,20,06
2017-12-08 19:00:00.000,2017,12,8,19,16006KT,20,07
2017-12-08 20:00:00.000,2017,12,8,20,33008KT,17,12
2017-12-08 21:00:00.000,2017,12,8,21,27004KT,15,12
2017-12-08 22:00:00.000,2017,12,8,22,28004KT,15,11
2017-12-08 23:00:00.000,2017,12,8,23,31003KT,14,11
2017-12-09 00:00:00.000,2017,12,9,0,VRB02KT,12,11
2017-12-09 01:00:00.000,2017,12,9,1,VRB02KT,12,11
2017-12-09 02:00:00.000,2017,12,9,2,28004KT,13,10
2017-12-09 03:00:00.000,2017,12,9,3,VRB02KT,12,10
2017-12-09 04:00:00.000,2017,12,9,4,06003KT,13,10
2017-12-09 05:00:00.000,2017,12,9,5,VRB02KT,12,10
2017-12-09 06:00:00.000,2017,12,9,6,00000KT,11,10
2017-12-09 07:00:00.000,2017,12,9,7,VRB02KT,11,09
2017-12-09 08:00:00.000,2017,12,9,8,02003KT,10,09
2017-12-09 09:00:00.000,2017,12,9,9,VRB02KT,10,09
2017-12-09 10:00:00.000,2017,12,9,10,VRB02KT,10,09
2017-12-09 11:00:00.000,2017,12,9,11,05004KT,09,09
2017-12-09 12:00:00.000,2017,12,9,12,VRB02KT,12,10
2017-12-09 13:00:00.000,2017,12,9,13,04004KT,14,10
2017-12-09 14:00:00.000,2017,12,9,14,02003KT,17,10
2017-12-09 15:00:00.000,2017,12,9,15,36003KT,18,09
2017-12-09 16:00:00.000,2017,12,9,16,VRB02KT,20,09
2017-12-09 17:00:00.000,2017,12,9,17,26005KT,22,09
2017-12-09 18:00:00.000,2017,12,9,18,23011KT,19,12
2017-12-09 19:00:00.000,2017,12,9,19,27013KT,16,12
2017-12-09 20:00:00.000,2017,12,9,20,21005KT,15,13
2017-12-09 21:00:00.000,2017,12,9,21,26004KT,15,13
2017-12-09 22:00:00.000,2017,12,9,22,VRB02KT,14,12
2017-12-09 23:00:00.000,2017,12,9,23,34005KT,13,11
2017-12-10 00:00:00.000,2017,12,10,0,31006KT,13,11
2017-12-10 01:00:00.000,2017,12,10,1,VRB02KT,12,11
2017-12-10 02:00:00.000,2017,12,10,2,28004KT,13,10
2017-12-10 03:00:00.000,2017,12,10,3,28003KT,12,11
2017-12-10 04:00:00.000,2017,12,10,4,32004KT,12,11
2017-12-10 05:00:00.000,2017,12,10,5,VRB02KT,12,11
2017-12-10 06:00:00.000,2017,12,10,6,32005KT,12,11
2017-12-10 07:00:00.000,2017,12,10,7,VRB03KT,11,10
2017-12-10 08:00:00.000,2017,12,10,8,VRB02KT,11,10
2017-12-10 09:00:00.000,2017,12,10,9,VRB02KT,11,11
2017-12-10 10:00:00.000,2017,12,10,10,VRB02KT,10,10
2017-12-10 11:00:00.000,2017,12,10,11,VRB02KT,10,10
2017-12-10 12:00:00.000,2017,12,10,12,VRB02KT,10,10
2017-12-10 13:00:00.000,2017,12,10,13,05004KT,14,12
2017-12-10 14:00:00.000,2017,12,10,14,12004KT,16,11
2017-12-10 15:00:00.000,2017,12,10,15,VRB02KT,18,10
2017-12-10 16:00:00.000,2017,12,10,16,31004KT,20,11
2017-12-10 17:00:00.000,2017,12,10,17,31011KT,20,12
2017-12-10 18:00:00.000,2017,12,10,18,29013KT,20,12
2017-12-10 19:00:00.000,2017,12,10,19,27018KT,20,12
2017-12-10 20:00:00.000,2017,12,10,20,32008KT,18,11
2017-12-10 21:00:00.000,2017,12,10,21,25010KT,18,11
2017-12-10 22:00:00.000,2017,12,10,22,28011KT,18,11
2017-12-10 23:00:00.000,2017,12,10,23,34005KT,15,11
2017-12-11 00:00:00.000,2017,12,11,0,27003KT,14,11
2017-12-11 01:00:00.000,2017,12,11,1,28004KT,14,11
2017-12-11 02:00:00.000,2017,12,11,2,32004KT,12,11
2017-12-11 03:00:00.000,2017,12,11,3,26004KT,13,11
2017-12-11 04:00:00.000,2017,12,11,4,27003KT,14,11
2017-12-11 05:00:00.000,2017,12,11,5,28003KT,13,11
2017-12-11 06:00:00.000,2017,12,11,6,31004KT,12,10
2017-12-11 07:00:00.000,2017,12,11,7,27004KT,12,11
2017-12-11 08:00:00.000,2017,12,11,8,25003KT,12,10
2017-12-11 09:00:00.000,2017,12,11,9,VRB02KT,11,10
2017-12-11 10:00:00.000,2017,12,11,10,VRB02KT,11,10
2017-12-11 11:00:00.000,2017,12,11,11,34003KT,11,10
2017-12-11 12:00:00.000,2017,12,11,12,VRB02KT,12,11
2017-12-11 13:00:00.000,2017,12,11,13,36003KT,14,11
2017-12-11 14:00:00.000,2017,12,11,14,35003KT,16,10
2017-12-11 15:00:00.000,2017,12,11,15,29004KT,18,10
2017-12-11 16:00:00.000,2017,12,11,16,34005KT,19,10
2017-12-11 17:00:00.000,2017,12,11,17,32011KT,19,10
2017-12-11 18:00:00.000,2017,12,11,18,30012KT,20,10
2017-12-11 19:00:00.000,2017,12,11,19,31012KT,19,11
2017-12-11 20:00:00.000,2017,12,11,20,29013KT,19,10
2017-12-11 21:00:00.000,2017,12,11,21,27013KT,17,11
2017-12-11 22:00:00.000,2017,12,11,22,29008KT,16,12
2017-12-11 23:00:00.000,2017,12,11,23,25006KT,15,11
2017-12-12 00:00:00.000,2017,12,12,0,29008KT,14,11
2017-12-12 01:00:00.000,2017,12,12,1,28007KT,13,11
2017-12-12 02:00:00.000,2017,12,12,2,30007KT,13,10
2017-12-12 03:00:00.000,2017,12,12,3,27005KT,13,10
2017-12-12 04:00:00.000,2017,12,12,4,29003KT,13,10
2017-12-12 05:00:00.000,2017,12,12,5,00000KT,12,10
2017-12-12 06:00:00.000,2017,12,12,6,31005KT,12,10
2017-12-12 07:00:00.000,2017,12,12,7,VRB02KT,11,10
2017-12-12 08:00:00.000,2017,12,12,8,29003KT,11,10
2017-12-12 09:00:00.000,2017,12,12,9,VRB02KT,10,09
2017-12-12 10:00:00.000,2017,12,12,10,01003KT,10,09
2017-12-12 11:00:00.000,2017,12,12,11,VRB02KT,10,09
2017-12-12 12:00:00.000,2017,12,12,12,04004KT,11,10
2017-12-12 13:00:00.000,2017,12,12,13,04005KT,12,10
2017-12-12 14:00:00.000,2017,12,12,14,03003KT,14,10
2017-12-12 15:00:00.000,2017,12,12,15,VRB02KT,16,10
2017-12-12 16:00:00.000,2017,12,12,16,VRB03KT,17,09
2017-12-12 17:00:00.000,2017,12,12,17,01007KT,17,10
2017-12-12 18:00:00.000,2017,12,12,18,31012KT,18,11
2017-12-12 19:00:00.000,2017,12,12,19,34010KT,18,11
2017-12-12 20:00:00.000,2017,12,12,20,32012KT,18,11
2017-12-12 21:00:00.000,2017,12,12,21,30012KT,17,11
2017-12-12 22:00:00.000,2017,12,12,22,30012KT,15,11
2017-12-12 23:00:00.000,2017,12,12,23,30009KT,14,11
2017-12-13 00:00:00.000,2017,12,13,0,29006KT,14,10
2017-12-13 01:00:00.000,2017,12,13,1,24005KT,14,10
2017-12-13 02:00:00.000,2017,12,13,2,24004KT,13,10
2017-12-13 03:00:00.000,2017,12,13,3,29006KT,13,10
2017-12-13 04:00:00.000,2017,12,13,4,29005KT,13,11
2017-12-13 05:00:00.000,2017,12,13,5,25005KT,13,11
2017-12-13 06:00:00.000,2017,12,13,6,24003KT,13,11
2017-12-13 07:00:00.000,2017,12,13,7,24003KT,12,11
2017-12-13 08:00:00.000,2017,12,13,8,00000KT,11,10
2017-12-13 09:00:00.000,2017,12,13,9,VRB02KT,12,11
2017-12-13 10:00:00.000,2017,12,13,10,36003KT,10,09
2017-12-13 11:00:00.000,2017,12,13,11,VRB02KT,10,10
2017-12-13 12:00:00.000,2017,12,13,12,VRB02KT,09,09
2017-12-13 13:00:00.000,2017,12,13,13,34005KT,12,11
2017-12-13 14:00:00.000,2017,12,13,14,34003KT,15,11
2017-12-13 15:00:00.000,2017,12,13,15,04003KT,16,10
2017-12-13 16:00:00.000,2017,12,13,16,32003KT,18,09
2017-12-13 17:00:00.000,2017,12,13,17,29006KT,18,09
2017-12-13 18:00:00.000,2017,12,13,18,29009KT,20,09
2017-12-13 19:00:00.000,2017,12,13,19,28011KT,19,10
2017-12-13 20:00:00.000,2017,12,13,20,28015KT,20,11
2017-12-13 21:00:00.000,2017,12,13,21,27013KT,18,11
2017-12-13 22:00:00.000,2017,12,13,22,27009KT,18,11
2017-12-13 23:00:00.000,2017,12,13,23,VRB02KT,15,08
2017-12-14 00:00:00.000,2017,12,14,0,VRB02KT,15,09
2017-12-14 01:00:00.000,2017,12,14,1,32004KT,14,11
2017-12-14 02:00:00.000,2017,12,14,2,35003KT,14,12
2017-12-14 03:00:00.000,2017,12,14,3,04004KT,12,09
2017-12-14 04:00:00.000,2017,12,14,4,03004KT,12,10
2017-12-14 05:00:00.000,2017,12,14,5,04005KT,11,09
2017-12-14 06:00:00.000,2017,12,14,6,01004KT,11,09
2017-12-14 07:00:00.000,2017,12,14,7,05005KT,11,09
2017-12-14 08:00:00.000,2017,12,14,8,02004KT,11,09
2017-12-14 09:00:00.000,2017,12,14,9,04006KT,11,09
2017-12-14 10:00:00.000,2017,12,14,10,03007KT,11,09
2017-12-14 11:00:00.000,2017,12,14,11,04006KT,11,09
2017-12-14 12:00:00.000,2017,12,14,12,05007KT,12,09
2017-12-14 13:00:00.000,2017,12,14,13,05007KT,13,09
2017-12-14 14:00:00.000,2017,12,14,14,05007KT,15,09
2017-12-14 15:00:00.000,2017,12,14,15,06007KT,16,09
2017-12-14 16:00:00.000,2017,12,14,16,VRB07KT,18,07
2017-12-14 17:00:00.000,2017,12,14,17,13007KT,19,06
2017-12-14 18:00:00.000,2017,12,14,18,11008KT,20,06
2017-12-14 19:00:00.000,2017,12,14,19,16010KT,20,06
2017-12-14 20:00:00.000,2017,12,14,20,13012KT,19,04
2017-12-14 21:00:00.000,2017,12,14,21,14012KT,19,04
2017-12-14 22:00:00.000,2017,12,14,22,14012KT,16,05
2017-12-14 23:00:00.000,2017,12,14,23,14014KT,14,06
2017-12-15 00:00:00.000,2017,12,15,0,13008KT,13,05
2017-12-15 01:00:00.000,2017,12,15,1,11006KT,13,06
2017-12-15 02:00:00.000,2017,12,15,2,07006KT,11,06
2017-12-15 03:00:00.000,2017,12,15,3,05007KT,09,05
2017-12-15 04:00:00.000,2017,12,15,4,04008KT,08,04
2017-12-15 05:00:00.000,2017,12,15,5,33003KT,09,04
2017-12-15 06:00:00.000,2017,12,15,6,33003KT,09,04
2017-12-15 07:00:00.000,2017,12,15,7,36004KT,06,04
2017-12-15 08:00:00.000,2017,12,15,8,36003KT,06,05
2017-12-15 09:00:00.000,2017,12,15,9,07004KT,07,05
2017-12-15 10:00:00.000,2017,12,15,10,00000KT,06,05
2017-12-15 11:00:00.000,2017,12,15,11,36003KT,04,03
2017-12-15 12:00:00.000,2017,12,15,12,06005KT,08,07
2017-12-15 13:00:00.000,2017,12,15,13,VRB02KT,10,07
2017-12-15 14:00:00.000,2017,12,15,14,VRB02KT,16,07
2017-12-15 15:00:00.000,2017,12,15,15,17005KT,16,07
2017-12-15 16:00:00.000,2017,12,15,16,19006KT,17,07
2017-12-15 17:00:00.000,2017,12,15,17,22006KT,17,07
2017-12-15 18:00:00.000,2017,12,15,18,12008KT,18,07
2017-12-15 19:00:00.000,2017,12,15,19,12008KT,18,07
2017-12-15 20:00:00.000,2017,12,15,20,14009KT,18,08
2017-12-15 21:00:00.000,2017,12,15,21,04009KT,17,09
2017-12-15 22:00:00.000,2017,12,15,22,13006KT,16,09
2017-12-15 23:00:00.000,2017,12,15,23,13005KT,16,09
2017-12-16 00:00:00.000,2017,12,16,0,09005KT,15,09
2017-12-16 01:00:00.000,2017,12,16,1,34005KT,12,08
2017-12-16 02:00:00.000,2017,12,16,2,06004KT,12,08
2017-12-16 03:00:00.000,2017,12,16,3,03004KT,11,08
2017-12-16 04:00:00.000,2017,12,16,4,05005KT,10,08
2017-12-16 05:00:00.000,2017,12,16,5,03004KT,11,09
2017-12-16 06:00:00.000,2017,12,16,6,33004KT,08,07
2017-12-16 07:00:00.000,2017,12,16,7,00000KT,08,07
2017-12-16 08:00:00.000,2017,12,16,8,VRB02KT,07,06
2017-12-16 09:00:00.000,2017,12,16,9,00000KT,06,06
2017-12-16 10:00:00.000,2017,12,16,10,VRB02KT,06,06
2017-12-16 11:00:00.000,2017,12,16,11,VRB02KT,04,04
2017-12-16 12:00:00.000,2017,12,16,12,00000KT,07,07
2017-12-16 13:00:00.000,2017,12,16,13,00000KT,12,11
2017-12-16 14:00:00.000,2017,12,16,14,35004KT,16,09
2017-12-16 15:00:00.000,2017,12,16,15,34004KT,18,09
2017-12-16 16:00:00.000,2017,12,16,16,29004KT,19,09
2017-12-16 17:00:00.000,2017,12,16,17,23006KT,18,10
2017-12-16 18:00:00.000,2017,12,16,18,26007KT,21,11
2017-12-16 19:00:00.000,2017,12,16,19,29009KT,18,11
2017-12-16 20:00:00.000,2017,12,16,20,27011KT,19,10
2017-12-16 21:00:00.000,2017,12,16,21,28013KT,18,11
2017-12-16 22:00:00.000,2017,12,16,22,26010KT,16,12
2017-12-16 23:00:00.000,2017,12,16,23,27008KT,14,11
2017-12-17 00:00:00.000,2017,12,17,0,25005KT,14,11
2017-12-17 01:00:00.000,2017,12,17,1,26005KT,14,11
2017-12-17 02:00:00.000,2017,12,17,2,28004KT,14,11
2017-12-17 03:00:00.000,2017,12,17,3,33004KT,14,11
2017-12-17 04:00:00.000,2017,12,17,4,35004KT,12,10
2017-12-17 05:00:00.000,2017,12,17,5,34003KT,12,11
2017-12-17 06:00:00.000,2017,12,17,6,VRB02KT,11,10
2017-12-17 07:00:00.000,2017,12,17,7,VRB02KT,11,10
2017-12-17 08:00:00.000,2017,12,17,8,VRB02KT,11,10
2017-12-17 09:00:00.000,2017,12,17,9,VRB02KT,10,10
2017-12-17 10:00:00.000,2017,12,17,10,VRB02KT,08,08
2017-12-17 11:00:00.000,2017,12,17,11,04004KT,08,08
2017-12-17 12:00:00.000,2017,12,17,12,05004KT,09,09
2017-12-17 13:00:00.000,2017,12,17,13,03004KT,11,10
2017-12-17 14:00:00.000,2017,12,17,14,33004KT,14,11
2017-12-17 15:00:00.000,2017,12,17,15,07003KT,18,09
2017-12-17 16:00:00.000,2017,12,17,16,01004KT,19,05
2017-12-17 17:00:00.000,2017,12,17,17,20006KT,21,04
2017-12-17 18:00:00.000,2017,12,17,18,29008KT,22,08
2017-12-17 19:00:00.000,2017,12,17,19,30010KT,21,10
2017-12-17 20:00:00.000,2017,12,17,20,24011KT,21,09
2017-12-17 21:00:00.000,2017,12,17,21,28010KT,20,10
2017-12-17 22:00:00.000,2017,12,17,22,28010KT,18,10
2017-12-17 23:00:00.000,2017,12,17,23,31008KT,14,10
2017-12-18 00:00:00.000,2017,12,18,0,29006KT,14,11
2017-12-18 01:00:00.000,2017,12,18,1,VRB02KT,12,09
2017-12-18 02:00:00.000,2017,12,18,2,VRB02KT,12,09
2017-12-18 03:00:00.000,2017,12,18,3,VRB02KT,09,07
2017-12-18 04:00:00.000,2017,12,18,4,05003KT,09,07
2017-12-18 05:00:00.000,2017,12,18,5,04004KT,10,07
2017-12-18 06:00:00.000,2017,12,18,6,04004KT,08,07
2017-12-18 07:00:00.000,2017,12,18,7,VRB02KT,06,05
2017-12-18 08:00:00.000,2017,12,18,8,35004KT,04,03
2017-12-18 09:00:00.000,2017,12,18,9,34004KT,04,04
2017-12-18 10:00:00.000,2017,12,18,10,VRB02KT,02,02
2017-12-18 11:00:00.000,2017,12,18,11,02003KT,05,04
2017-12-18 12:00:00.000,2017,12,18,12,02004KT,07,06
2017-12-18 13:00:00.000,2017,12,18,13,03004KT,10,07
2017-12-18 14:00:00.000,2017,12,18,14,02003KT,14,04
2017-12-18 15:00:00.000,2017,12,18,15,05004KT,17,00
2017-12-18 16:00:00.000,2017,12,18,16,04004KT,19,02
2017-12-18 17:00:00.000,2017,12,18,17,01003KT,21,04
2017-12-18 18:00:00.000,2017,12,18,18,10008KT,21,02
2017-12-18 19:00:00.000,2017,12,18,19,15008KT,21,02
2017-12-18 20:00:00.000,2017,12,18,20,21010KT,21,03
2017-12-18 21:00:00.000,2017,12,18,21,25006KT,19,10
2017-12-18 22:00:00.000,2017,12,18,22,25011KT,17,11
2017-12-18 23:00:00.000,2017,12,18,23,29009KT,15,11
2017-12-19 00:00:00.000,2017,12,19,0,27008KT,14,11
2017-12-19 01:00:00.000,2017,12,19,1,VRB02KT,12,10
2017-12-19 02:00:00.000,2017,12,19,2,VRB02KT,10,09
2017-12-19 03:00:00.000,2017,12,19,3,VRB02KT,09,09
2017-12-19 04:00:00.000,2017,12,19,4,VRB02KT,09,08
2017-12-19 05:00:00.000,2017,12,19,5,32004KT,07,06
2017-12-19 06:00:00.000,2017,12,19,6,VRB02KT,07,07
2017-12-19 07:00:00.000,2017,12,19,7,32004KT,06,05
2017-12-19 08:00:00.000,2017,12,19,8,VRB02KT,06,06
2017-12-19 09:00:00.000,2017,12,19,9,32004KT,07,06
2017-12-19 10:00:00.000,2017,12,19,10,34004KT,06,06
2017-12-19 11:00:00.000,2017,12,19,11,05004KT,06,06
2017-12-19 12:00:00.000,2017,12,19,12,06004KT,10,08
2017-12-19 13:00:00.000,2017,12,19,13,04005KT,12,08
2017-12-19 14:00:00.000,2017,12,19,14,06004KT,15,09
2017-12-19 15:00:00.000,2017,12,19,15,02004KT,18,08
2017-12-19 16:00:00.000,2017,12,19,16,05005KT,19,07
2017-12-19 17:00:00.000,2017,12,19,17,36006KT,20,07
2017-12-19 18:00:00.000,2017,12,19,18,29008KT,21,09
2017-12-19 19:00:00.000,2017,12,19,19,26013KT,20,11
2017-12-19 20:00:00.000,2017,12,19,20,28012KT,20,11
2017-12-19 21:00:00.000,2017,12,19,21,27009KT,19,10
2017-12-19 22:00:00.000,2017,12,19,22,27012KT,18,11
2017-12-19 23:00:00.000,2017,12,19,23,26007KT,15,11
2017-12-20 00:00:00.000,2017,12,20,0,30007KT,14,11
2017-12-20 01:00:00.000,2017,12,20,1,31006KT,13,11
2017-12-20 02:00:00.000,2017,12,20,2,33003KT,12,10
2017-12-20 03:00:00.000,2017,12,20,3,24003KT,13,11
2017-12-20 04:00:00.000,2017,12,20,4,33003KT,10,09
2017-12-20 05:00:00.000,2017,12,20,5,VRB02KT,10,10
2017-12-20 06:00:00.000,2017,12,20,6,32003KT,09,08
2017-12-20 07:00:00.000,2017,12,20,7,30003KT,07,07
2017-12-20 08:00:00.000,2017,12,20,8,00000KT,08,08
2017-12-20 09:00:00.000,2017,12,20,9,02003KT,07,07
2017-12-20 10:00:00.000,2017,12,20,10,28003KT,07,07
2017-12-20 11:00:00.000,2017,12,20,11,03003KT,07,06
2017-12-20 12:00:00.000,2017,12,20,12,04006KT,09,08
2017-12-20 13:00:00.000,2017,12,20,13,05004KT,10,10
2017-12-20 14:00:00.000,2017,12,20,14,03007KT,12,11
2017-12-20 15:00:00.000,2017,12,20,15,09004KT,17,09
2017-12-20 16:00:00.000,2017,12,20,16,07006KT,18,06
2017-12-20 17:00:00.000,2017,12,20,17,30006KT,19,06
2017-12-20 18:00:00.000,2017,12,20,18,29006KT,20,08
2017-12-20 19:00:00.000,2017,12,20,19,24012KT,20,10
2017-12-20 20:00:00.000,2017,12,20,20,25010KT,20,10
2017-12-20 21:00:00.000,2017,12,20,21,30012KT,18,10
2017-12-20 22:00:00.000,2017,12,20,22,27010KT,18,11
2017-12-20 23:00:00.000,2017,12,20,23,29006KT,15,10
2017-12-21 00:00:00.000,2017,12,21,0,25006KT,15,10
2017-12-21 01:00:00.000,2017,12,21,1,25004KT,14,10
2017-12-21 02:00:00.000,2017,12,21,2,24004KT,14,10
2017-12-21 03:00:00.000,2017,12,21,3,34003KT,11,09
2017-12-21 04:00:00.000,2017,12,21,4,35004KT,11,10
2017-12-21 05:00:00.000,2017,12,21,5,32003KT,09,08
2017-12-21 06:00:00.000,2017,12,21,6,VRB02KT,07,07
2017-12-21 07:00:00.000,2017,12,21,7,27004KT,07,07
2017-12-21 08:00:00.000,2017,12,21,8,VRB02KT,08,07
2017-12-21 09:00:00.000,2017,12,21,9,VRB02KT,07,07
2017-12-21 10:00:00.000,2017,12,21,10,VRB02KT,08,07
2017-12-21 11:00:00.000,2017,12,21,11,01004KT,08,07
2017-12-21 12:00:00.000,2017,12,21,12,VRB02KT,08,07
2017-12-21 13:00:00.000,2017,12,21,13,04005KT,11,08
2017-12-21 14:00:00.000,2017,12,21,14,03005KT,14,10
2017-12-21 15:00:00.000,2017,12,21,15,VRB04KT,16,09
2017-12-21 16:00:00.000,2017,12,21,16,31003KT,18,09
2017-12-21 17:00:00.000,2017,12,21,17,30004KT,19,08
2017-12-21 18:00:00.000,2017,12,21,18,26010KT,20,11
2017-12-21 19:00:00.000,2017,12,21,19,24012KT,19,11
2017-12-21 20:00:00.000,2017,12,21,20,24012KT,19,11
2017-12-21 21:00:00.000,2017,12,21,21,24009KT,19,11
2017-12-21 22:00:00.000,2017,12,21,22,27009KT,17,11
2017-12-21 23:00:00.000,2017,12,21,23,27006KT,16,11
2017-12-22 00:00:00.000,2017,12,22,0,01003KT,15,11
2017-12-22 01:00:00.000,2017,12,22,1,34004KT,14,11
2017-12-22 02:00:00.000,2017,12,22,2,VRB02KT,13,10
2017-12-22 03:00:00.000,2017,12,22,3,06004KT,12,10
2017-12-22 04:00:00.000,2017,12,22,4,05005KT,11,10
2017-12-22 05:00:00.000,2017,12,22,5,06007KT,11,09
2017-12-22 06:00:00.000,2017,12,22,6,05005KT,10,09
2017-12-22 07:00:00.000,2017,12,22,7,05004KT,09,08
2017-12-22 08:00:00.000,2017,12,22,8,04005KT,09,08
2017-12-22 09:00:00.000,2017,12,22,9,06005KT,10,09
2017-12-22 10:00:00.000,2017,12,22,10,05006KT,11,09
2017-12-22 11:00:00.000,2017,12,22,11,08005KT,11,09
2017-12-22 12:00:00.000,2017,12,22,12,04004KT,12,10
2017-12-22 13:00:00.000,2017,12,22,13,05006KT,13,10
2017-12-22 14:00:00.000,2017,12,22,14,11005KT,17,08
2017-12-22 15:00:00.000,2017,12,22,15,16005KT,19,07
2017-12-22 16:00:00.000,2017,12,22,16,16007KT,20,08
2017-12-22 17:00:00.000,2017,12,22,17,10009KT,19,07
2017-12-22 18:00:00.000,2017,12,22,18,13011KT,21,07
2017-12-22 19:00:00.000,2017,12,22,19,VRB04KT,21,06
2017-12-22 20:00:00.000,2017,12,22,20,26008KT,20,09
2017-12-22 21:00:00.000,2017,12,22,21,26010KT,18,12
2017-12-22 22:00:00.000,2017,12,22,22,30009KT,15,13
2017-12-22 23:00:00.000,2017,12,22,23,27005KT,15,13
2017-12-23 00:00:00.000,2017,12,23,0,26005KT,15,13
2017-12-23 01:00:00.000,2017,12,23,1,30003KT,14,12
2017-12-23 02:00:00.000,2017,12,23,2,VRB02KT,12,11
2017-12-23 03:00:00.000,2017,12,23,3,VRB02KT,12,11
2017-12-23 04:00:00.000,2017,12,23,4,03004KT,11,09
2017-12-23 05:00:00.000,2017,12,23,5,04005KT,11,09
2017-12-23 06:00:00.000,2017,12,23,6,VRB02KT,11,10
2017-12-23 07:00:00.000,2017,12,23,7,02004KT,10,09
2017-12-23 08:00:00.000,2017,12,23,8,01003KT,10,09
2017-12-23 09:00:00.000,2017,12,23,9,VRB02KT,10,09
2017-12-23 10:00:00.000,2017,12,23,10,36004KT,10,09
2017-12-23 11:00:00.000,2017,12,23,11,VRB02KT,11,09
2017-12-23 12:00:00.000,2017,12,23,12,05007KT,10,09
2017-12-23 13:00:00.000,2017,12,23,13,05006KT,14,10
2017-12-23 14:00:00.000,2017,12,23,14,06005KT,17,09
2017-12-23 15:00:00.000,2017,12,23,15,32003KT,19,07
2017-12-23 16:00:00.000,2017,12,23,16,05005KT,19,08
2017-12-23 17:00:00.000,2017,12,23,17,36004KT,19,07
2017-12-23 18:00:00.000,2017,12,23,18,04003KT,19,08
2017-12-23 19:00:00.000,2017,12,23,19,28009KT,20,10
2017-12-23 20:00:00.000,2017,12,23,20,29010KT,18,10
2017-12-23 21:00:00.000,2017,12,23,21,26007KT,17,12
2017-12-23 22:00:00.000,2017,12,23,22,25006KT,18,11
2017-12-23 23:00:00.000,2017,12,23,23,30007KT,15,11
2017-12-24 00:00:00.000,2017,12,24,0,25003KT,14,11
2017-12-24 01:00:00.000,2017,12,24,1,VRB02KT,11,09
2017-12-24 02:00:00.000,2017,12,24,2,24003KT,14,12
2017-12-24 03:00:00.000,2017,12,24,3,VRB02KT,13,11
2017-12-24 04:00:00.000,2017,12,24,4,VRB02KT,13,11
2017-12-24 05:00:00.000,2017,12,24,5,34004KT,13,11
2017-12-24 06:00:00.000,2017,12,24,6,04005KT,12,10
2017-12-24 07:00:00.000,2017,12,24,7,05005KT,11,09
2017-12-24 08:00:00.000,2017,12,24,8,04004KT,11,09
2017-12-24 09:00:00.000,2017,12,24,9,VRB02KT,10,09
2017-12-24 10:00:00.000,2017,12,24,10,02003KT,09,08
2017-12-24 11:00:00.000,2017,12,24,11,VRB02KT,08,07
2017-12-24 12:00:00.000,2017,12,24,12,05004KT,09,09
2017-12-24 13:00:00.000,2017,12,24,13,05006KT,12,09
2017-12-24 14:00:00.000,2017,12,24,14,13004KT,15,08
2017-12-24 15:00:00.000,2017,12,24,15,12006KT,18,08
2017-12-24 16:00:00.000,2017,12,24,16,04004KT,18,06
2017-12-24 17:00:00.000,2017,12,24,17,36004KT,19,07
2017-12-24 18:00:00.000,2017,12,24,18,04004KT,18,07
2017-12-24 19:00:00.000,2017,12,24,19,29005KT,19,10
2017-12-24 20:00:00.000,2017,12,24,20,34006KT,19,09
2017-12-24 21:00:00.000,2017,12,24,21,34004KT,19,08
2017-12-24 22:00:00.000,2017,12,24,22,27010KT,17,10
2017-12-24 23:00:00.000,2017,12,24,23,25006KT,15,11
2017-12-25 00:00:00.000,2017,12,25,0,27004KT,14,11
2017-12-25 01:00:00.000,2017,12,25,1,VRB02KT,14,11
2017-12-25 02:00:00.000,2017,12,25,2,VRB02KT,14,10
2017-12-25 03:00:00.000,2017,12,25,3,31004KT,13,11
2017-12-25 04:00:00.000,2017,12,25,4,30004KT,13,11
2017-12-25 05:00:00.000,2017,12,25,5,31003KT,12,10
2017-12-25 06:00:00.000,2017,12,25,6,28004KT,13,11
2017-12-25 07:00:00.000,2017,12,25,7,25003KT,13,11
2017-12-25 08:00:00.000,2017,12,25,8,00000KT,11,10
2017-12-25 09:00:00.000,2017,12,25,9,00000KT,12,11
2017-12-25 10:00:00.000,2017,12,25,10,33003KT,11,10
2017-12-25 11:00:00.000,2017,12,25,11,VRB02KT,12,11
2017-12-25 12:00:00.000,2017,12,25,12,00000KT,12,11
2017-12-25 13:00:00.000,2017,12,25,13,33003KT,13,12
2017-12-25 14:00:00.000,2017,12,25,14,VRB02KT,15,11
2017-12-25 15:00:00.000,2017,12,25,15,VRB03KT,17,10
2017-12-25 16:00:00.000,2017,12,25,16,33005KT,18,09
2017-12-25 17:00:00.000,2017,12,25,17,30008KT,19,10
2017-12-25 18:00:00.000,2017,12,25,18,31012KT,19,11
2017-12-25 19:00:00.000,2017,12,25,19,29014KT,18,10
2017-12-25 20:00:00.000,2017,12,25,20,30014KT,17,11
2017-12-25 21:00:00.000,2017,12,25,21,30010KT,17,11
2017-12-25 22:00:00.000,2017,12,25,22,32006KT,16,11
2017-12-25 23:00:00.000,2017,12,25,23,34005KT,15,11
2017-12-26 00:00:00.000,2017,12,26,0,02008KT,14,09
2017-12-26 01:00:00.000,2017,12,26,1,VRB02KT,12,09
2017-12-26 02:00:00.000,2017,12,26,2,VRB02KT,12,09
2017-12-26 03:00:00.000,2017,12,26,3,33004KT,11,10
2017-12-26 04:00:00.000,2017,12,26,4,30004KT,12,10
2017-12-26 05:00:00.000,2017,12,26,5,30004KT,12,10
2017-12-26 06:00:00.000,2017,12,26,6,VRB02KT,12,10
2017-12-26 07:00:00.000,2017,12,26,7,VRB02KT,12,11
2017-12-26 09:00:00.000,2017,12,26,9,VRB02KT,11,10
2017-12-26 10:00:00.000,2017,12,26,10,VRB02KT,10,09
2017-12-26 11:00:00.000,2017,12,26,11,32004KT,10,09
2017-12-26 12:00:00.000,2017,12,26,12,34004KT,10,09
2017-12-26 13:00:00.000,2017,12,26,13,05006KT,12,09
2017-12-26 14:00:00.000,2017,12,26,14,05004KT,14,10
2017-12-26 15:00:00.000,2017,12,26,15,05004KT,17,10
2017-12-26 16:00:00.000,2017,12,26,16,36004KT,18,09
2017-12-26 17:00:00.000,2017,12,26,17,32010KT,17,10
2017-12-26 18:00:00.000,2017,12,26,18,31008KT,17,11
2017-12-26 19:00:00.000,2017,12,26,19,28008KT,18,11
2017-12-26 20:00:00.000,2017,12,26,20,27009KT,17,10
2017-12-26 21:00:00.000,2017,12,26,21,28008KT,19,10
2017-12-26 22:00:00.000,2017,12,26,22,29008KT,17,11
2017-12-26 23:00:00.000,2017,12,26,23,20008KT,14,09
2017-12-27 00:00:00.000,2017,12,27,0,20003KT,14,12
2017-12-27 01:00:00.000,2017,12,27,1,VRB02KT,13,12
2017-12-27 02:00:00.000,2017,12,27,2,18004KT,13,11
2017-12-27 03:00:00.000,2017,12,27,3,VRB02KT,13,11
2017-12-27 04:00:00.000,2017,12,27,4,VRB02KT,12,11
2017-12-27 05:00:00.000,2017,12,27,5,03003KT,12,11
2017-12-27 06:00:00.000,2017,12,27,6,VRB02KT,12,11
2017-12-27 07:00:00.000,2017,12,27,7,VRB02KT,12,11
2017-12-27 08:00:00.000,2017,12,27,8,VRB02KT,12,11
2017-12-27 09:00:00.000,2017,12,27,9,VRB02KT,12,11
2017-12-27 10:00:00.000,2017,12,27,10,VRB02KT,12,11
2017-12-27 11:00:00.000,2017,12,27,11,32004KT,12,11
2017-12-27 12:00:00.000,2017,12,27,12,VRB02KT,13,12
2017-12-27 13:00:00.000,2017,12,27,13,04003KT,13,12
2017-12-27 14:00:00.000,2017,12,27,14,08006KT,13,12
2017-12-27 15:00:00.000,2017,12,27,15,08006KT,14,08
2017-12-27 16:00:00.000,2017,12,27,16,07008KT,15,08
2017-12-27 17:00:00.000,2017,12,27,17,12006KT,16,07
2017-12-27 18:00:00.000,2017,12,27,18,11010KT,17,08
2017-12-27 19:00:00.000,2017,12,27,19,11012KT,18,08
2017-12-27 20:00:00.000,2017,12,27,20,16009KT,18,07
2017-12-27 21:00:00.000,2017,12,27,21,13007KT,17,07
2017-12-27 22:00:00.000,2017,12,27,22,11006KT,17,07
2017-12-27 23:00:00.000,2017,12,27,23,12006KT,15,07
2017-12-28 00:00:00.000,2017,12,28,0,20006KT,15,07
2017-12-28 01:00:00.000,2017,12,28,1,VRB02KT,14,08
2017-12-28 02:00:00.000,2017,12,28,2,VRB02KT,12,08
2017-12-28 03:00:00.000,2017,12,28,3,VRB02KT,12,09
2017-12-28 04:00:00.000,2017,12,28,4,23005KT,13,10
2017-12-28 05:00:00.000,2017,12,28,5,00000KT,12,10
2017-12-28 06:00:00.000,2017,12,28,6,05005KT,12,10
2017-12-28 07:00:00.000,2017,12,28,7,VRB02KT,12,10
2017-12-28 08:00:00.000,2017,12,28,8,03006KT,11,09
2017-12-28 09:00:00.000,2017,12,28,9,04006KT,12,09
2017-12-28 10:00:00.000,2017,12,28,10,07006KT,11,08
2017-12-28 11:00:00.000,2017,12,28,11,05006KT,09,07
2017-12-28 12:00:00.000,2017,12,28,12,03004KT,12,08
2017-12-28 13:00:00.000,2017,12,28,13,10004KT,13,09
2017-12-28 14:00:00.000,2017,12,28,14,13006KT,16,08
2017-12-28 15:00:00.000,2017,12,28,15,09006KT,17,07
2017-12-28 16:00:00.000,2017,12,28,16,13006KT,17,06
2017-12-28 17:00:00.000,2017,12,28,17,05007KT,17,09
2017-12-28 18:00:00.000,2017,12,28,18,10007KT,18,09
2017-12-28 19:00:00.000,2017,12,28,19,10010KT,17,08
2017-12-28 20:00:00.000,2017,12,28,20,13007KT,19,07
2017-12-28 21:00:00.000,2017,12,28,21,12005KT,19,07
2017-12-28 22:00:00.000,2017,12,28,22,30006KT,17,08
2017-12-28 23:00:00.000,2017,12,28,23,24008KT,14,11
2017-12-29 00:00:00.000,2017,12,29,0,23007KT,13,10
2017-12-29 01:00:00.000,2017,12,29,1,25003KT,13,09
2017-12-29 02:00:00.000,2017,12,29,2,35004KT,12,10
2017-12-29 03:00:00.000,2017,12,29,3,34005KT,11,10
2017-12-29 04:00:00.000,2017,12,29,4,06003KT,11,10
2017-12-29 05:00:00.000,2017,12,29,5,09003KT,12,10
2017-12-29 06:00:00.000,2017,12,29,6,05003KT,11,10
2017-12-29 07:00:00.000,2017,12,29,7,36003KT,11,11
2017-12-29 08:00:00.000,2017,12,29,8,30004KT,12,11
2017-12-29 09:00:00.000,2017,12,29,9,VRB02KT,12,11
2017-12-29 10:00:00.000,2017,12,29,10,VRB02KT,12,11
2017-12-29 11:00:00.000,2017,12,29,11,30004KT,11,10
2017-12-29 12:00:00.000,2017,12,29,12,VRB02KT,11,10
2017-12-29 13:00:00.000,2017,12,29,13,04004KT,13,11
2017-12-29 14:00:00.000,2017,12,29,14,04004KT,15,10
2017-12-29 15:00:00.000,2017,12,29,15,04004KT,17,10
2017-12-29 16:00:00.000,2017,12,29,16,VRB02KT,18,09
2017-12-29 17:00:00.000,2017,12,29,17,25008KT,18,09
2017-12-29 18:00:00.000,2017,12,29,18,29012KT,18,11
2017-12-29 19:00:00.000,2017,12,29,19,27012KT,18,10
2017-12-29 20:00:00.000,2017,12,29,20,28014KT,18,11
2017-12-29 21:00:00.000,2017,12,29,21,27012KT,17,11
2017-12-29 22:00:00.000,2017,12,29,22,12005KT,14,10
2017-12-29 23:00:00.000,2017,12,29,23,33004KT,12,11
2017-12-30 00:00:00.000,2017,12,30,0,VRB02KT,12,11
2017-12-30 01:00:00.000,2017,12,30,1,35003KT,12,11
2017-12-30 02:00:00.000,2017,12,30,2,VRB02KT,12,11
2017-12-30 03:00:00.000,2017,12,30,3,VRB02KT,12,11
2017-12-30 04:00:00.000,2017,12,30,4,VRB02KT,12,11
2017-12-30 05:00:00.000,2017,12,30,5,35003KT,12,11
2017-12-30 06:00:00.000,2017,12,30,6,VRB02KT,11,10
2017-12-30 07:00:00.000,2017,12,30,7,33003KT,11,10
2017-12-30 08:00:00.000,2017,12,30,8,34004KT,10,09
2017-12-30 09:00:00.000,2017,12,30,9,32004KT,10,10
2017-12-30 10:00:00.000,2017,12,30,10,VRB02KT,10,10
2017-12-30 11:00:00.000,2017,12,30,11,35004KT,10,10
2017-12-30 12:00:00.000,2017,12,30,12,21003KT,11,11
2017-12-30 13:00:00.000,2017,12,30,13,VRB02KT,13,11
2017-12-30 14:00:00.000,2017,12,30,14,09003KT,15,12
2017-12-30 15:00:00.000,2017,12,30,15,30004KT,16,11
2017-12-30 16:00:00.000,2017,12,30,16,31004KT,19,11
2017-12-30 17:00:00.000,2017,12,30,17,25009KT,19,11
2017-12-30 18:00:00.000,2017,12,30,18,26009KT,19,12
2017-12-30 19:00:00.000,2017,12,30,19,30014KT,15,12
2017-12-30 20:00:00.000,2017,12,30,20,28009KT,15,12
2017-12-30 21:00:00.000,2017,12,30,21,26006KT,15,12
2017-12-30 22:00:00.000,2017,12,30,22,28005KT,15,12
2017-12-30 23:00:00.000,2017,12,30,23,28005KT,14,12
2017-12-31 00:00:00.000,2017,12,31,0,02003KT,13,11
2017-12-31 01:00:00.000,2017,12,31,1,32004KT,13,11
2017-12-31 02:00:00.000,2017,12,31,2,33004KT,12,10
2017-12-31 03:00:00.000,2017,12,31,3,03004KT,12,10
2017-12-31 04:00:00.000,2017,12,31,4,00000KT,11,10
2017-12-31 05:00:00.000,2017,12,31,5,02003KT,10,09
2017-12-31 06:00:00.000,2017,12,31,6,00000KT,10,09
2017-12-31 07:00:00.000,2017,12,31,7,VRB02KT,10,09
2017-12-31 08:00:00.000,2017,12,31,8,03004KT,12,11
2017-12-31 09:00:00.000,2017,12,31,9,03004KT,10,09
2017-12-31 10:00:00.000,2017,12,31,10,04004KT,10,09
2017-12-31 11:00:00.000,2017,12,31,11,03004KT,10,09
2017-12-31 12:00:00.000,2017,12,31,12,04003KT,11,10
2017-12-31 13:00:00.000,2017,12,31,13,05005KT,13,11
2017-12-31 14:00:00.000,2017,12,31,14,05005KT,16,11
2017-12-31 15:00:00.000,2017,12,31,15,10005KT,16,10
2017-12-31 16:00:00.000,2017,12,31,16,30003KT,19,08
2017-12-31 17:00:00.000,2017,12,31,17,34006KT,17,10
2017-12-31 18:00:00.000,2017,12,31,18,30007KT,18,11
2017-12-31 19:00:00.000,2017,12,31,19,26010KT,16,12
2017-12-31 20:00:00.000,2017,12,31,20,26008KT,15,12
2017-12-31 21:00:00.000,2017,12,31,21,32008KT,15,12
2017-12-31 22:00:00.000,2017,12,31,22,33006KT,15,12
2017-12-31 23:00:00.000,2017,12,31,23,VRB02KT,14,11
2018-01-01 00:00:00.000,2018,1,1,0,30003KT,14,11
2018-01-01 01:00:00.000,2018,1,1,1,26003KT,13,11
2018-01-01 02:00:00.000,2018,1,1,2,22003KT,13,11
2018-01-01 03:00:00.000,2018,1,1,3,28003KT,13,12
2018-01-01 04:00:00.000,2018,1,1,4,07003KT,12,10
2018-01-01 05:00:00.000,2018,1,1,5,VRB02KT,11,10
2018-01-01 06:00:00.000,2018,1,1,6,VRB02KT,11,10
2018-01-01 07:00:00.000,2018,1,1,7,30003KT,11,10
2018-01-01 08:00:00.000,2018,1,1,8,VRB02KT,11,10
2018-01-01 09:00:00.000,2018,1,1,9,31003KT,11,11
2018-01-01 10:00:00.000,2018,1,1,10,34003KT,11,10
2018-01-01 11:00:00.000,2018,1,1,11,VRB02KT,10,10
2018-01-01 12:00:00.000,2018,1,1,12,04004KT,10,10
2018-01-01 13:00:00.000,2018,1,1,13,35004KT,11,11
2018-01-01 14:00:00.000,2018,1,1,14,03004KT,13,12
2018-01-01 15:00:00.000,2018,1,1,15,05005KT,15,10
2018-01-01 16:00:00.000,2018,1,1,16,08003KT,16,08
2018-01-01 17:00:00.000,2018,1,1,17,12004KT,17,08
2018-01-01 18:00:00.000,2018,1,1,18,11004KT,18,08
2018-01-01 19:00:00.000,2018,1,1,19,VRB03KT,20,09
2018-01-01 20:00:00.000,2018,1,1,20,21008KT,17,12
2018-01-01 21:00:00.000,2018,1,1,21,24005KT,16,11
2018-01-01 22:00:00.000,2018,1,1,22,31006KT,14,11
2018-01-01 23:00:00.000,2018,1,1,23,35003KT,14,12
2018-01-02 00:00:00.000,2018,1,2,0,31005KT,12,11
2018-01-02 01:00:00.000,2018,1,2,1,33005KT,12,11
2018-01-02 02:00:00.000,2018,1,2,2,26003KT,12,11
2018-01-02 03:00:00.000,2018,1,2,3,20003KT,12,11
2018-01-02 04:00:00.000,2018,1,2,4,00000KT,11,10
2018-01-02 05:00:00.000,2018,1,2,5,VRB02KT,11,10
2018-01-02 06:00:00.000,2018,1,2,6,30003KT,11,10
2018-01-02 07:00:00.000,2018,1,2,7,VRB02KT,10,09
2018-01-02 08:00:00.000,2018,1,2,8,32004KT,10,09
2018-01-02 09:00:00.000,2018,1,2,9,00000KT,10,10
2018-01-02 10:00:00.000,2018,1,2,10,35003KT,11,10
2018-01-02 11:00:00.000,2018,1,2,11,32003KT,10,09
2018-01-02 12:00:00.000,2018,1,2,12,VRB02KT,11,10
2018-01-02 13:00:00.000,2018,1,2,13,02003KT,12,10
2018-01-02 14:00:00.000,2018,1,2,14,VRB02KT,13,11
2018-01-02 15:00:00.000,2018,1,2,15,25005KT,15,10
2018-01-02 16:00:00.000,2018,1,2,16,31004KT,16,10
2018-01-02 17:00:00.000,2018,1,2,17,26005KT,16,09
2018-01-02 18:00:00.000,2018,1,2,18,01004KT,16,11
2018-01-02 19:00:00.000,2018,1,2,19,22003KT,13,11
2018-01-02 20:00:00.000,2018,1,2,20,24005KT,13,11
2018-01-02 21:00:00.000,2018,1,2,21,26003KT,13,11
2018-01-02 22:00:00.000,2018,1,2,22,32003KT,14,11
2018-01-02 23:00:00.000,2018,1,2,23,VRB02KT,13,11
2018-01-03 00:00:00.000,2018,1,3,0,VRB02KT,12,11
2018-01-03 01:00:00.000,2018,1,3,1,VRB02KT,12,10
2018-01-03 02:00:00.000,2018,1,3,2,VRB02KT,12,11
2018-01-03 03:00:00.000,2018,1,3,3,VRB02KT,12,11
2018-01-03 04:00:00.000,2018,1,3,4,04004KT,12,10
2018-01-03 05:00:00.000,2018,1,3,5,02003KT,11,10
2018-01-03 06:00:00.000,2018,1,3,6,02003KT,10,09
2018-01-03 07:00:00.000,2018,1,3,7,02003KT,09,08
2018-01-03 08:00:00.000,2018,1,3,8,VRB02KT,08,07
2018-01-03 09:00:00.000,2018,1,3,9,VRB02KT,09,08
2018-01-03 10:00:00.000,2018,1,3,10,05003KT,09,08
2018-01-03 11:00:00.000,2018,1,3,11,VRB02KT,08,08
2018-01-03 12:00:00.000,2018,1,3,12,36003KT,09,07
2018-01-03 13:00:00.000,2018,1,3,13,06003KT,12,10
2018-01-03 14:00:00.000,2018,1,3,14,VRB02KT,14,10
2018-01-03 15:00:00.000,2018,1,3,15,VRB02KT,15,10
2018-01-03 16:00:00.000,2018,1,3,16,15003KT,17,10
2018-01-03 17:00:00.000,2018,1,3,17,10007KT,19,09
2018-01-03 18:00:00.000,2018,1,3,18,11012KT,19,07
2018-01-03 19:00:00.000,2018,1,3,19,15011KT,20,08
2018-01-03 20:00:00.000,2018,1,3,20,18010KT,19,07
2018-01-03 21:00:00.000,2018,1,3,21,19010KT,21,07
2018-01-03 22:00:00.000,2018,1,3,22,24009KT,18,10
2018-01-03 23:00:00.000,2018,1,3,23,22007KT,16,10
2018-01-04 00:00:00.000,2018,1,4,0,VRB03KT,16,09
2018-01-04 01:00:00.000,2018,1,4,1,36003KT,12,09
2018-01-04 02:00:00.000,2018,1,4,2,35004KT,11,08
2018-01-04 03:00:00.000,2018,1,4,3,VRB02KT,11,08
2018-01-04 04:00:00.000,2018,1,4,4,VRB02KT,11,08
2018-01-04 05:00:00.000,2018,1,4,5,05003KT,10,08
2018-01-04 06:00:00.000,2018,1,4,6,03003KT,08,07
2018-01-04 07:00:00.000,2018,1,4,7,29003KT,08,07
2018-01-04 08:00:00.000,2018,1,4,8,VRB02KT,06,06
2018-01-04 09:00:00.000,2018,1,4,9,VRB02KT,07,06
2018-01-04 10:00:00.000,2018,1,4,10,VRB02KT,06,06
2018-01-04 11:00:00.000,2018,1,4,11,02003KT,05,05
2018-01-04 12:00:00.000,2018,1,4,12,VRB02KT,07,06
2018-01-04 13:00:00.000,2018,1,4,13,03003KT,09,08
2018-01-04 14:00:00.000,2018,1,4,14,VRB02KT,13,11
2018-01-04 15:00:00.000,2018,1,4,15,09003KT,17,11
2018-01-04 16:00:00.000,2018,1,4,16,32004KT,19,09
2018-01-04 17:00:00.000,2018,1,4,17,32005KT,21,09
2018-01-04 18:00:00.000,2018,1,4,18,26010KT,20,12
2018-01-04 19:00:00.000,2018,1,4,19,27012KT,19,12
2018-01-04 20:00:00.000,2018,1,4,20,31004KT,15,12
2018-01-04 21:00:00.000,2018,1,4,21,24007KT,16,13
2018-01-04 22:00:00.000,2018,1,4,22,31007KT,16,13
2018-01-04 23:00:00.000,2018,1,4,23,31007KT,15,11
2018-01-05 00:00:00.000,2018,1,5,0,34005KT,14,11
2018-01-05 01:00:00.000,2018,1,5,1,31004KT,14,11
2018-01-05 02:00:00.000,2018,1,5,2,00000KT,12,11
2018-01-05 03:00:00.000,2018,1,5,3,27003KT,11,10
2018-01-05 04:00:00.000,2018,1,5,4,33003KT,11,10
2018-01-05 05:00:00.000,2018,1,5,5,25003KT,11,10
2018-01-05 06:00:00.000,2018,1,5,6,02003KT,10,09
2018-01-05 07:00:00.000,2018,1,5,7,VRB02KT,10,09
2018-01-05 08:00:00.000,2018,1,5,8,VRB02KT,10,10
2018-01-05 09:00:00.000,2018,1,5,9,36003KT,08,08
2018-01-05 10:00:00.000,2018,1,5,10,VRB02KT,09,08
2018-01-05 11:00:00.000,2018,1,5,11,VRB02KT,07,07
2018-01-05 12:00:00.000,2018,1,5,12,VRB02KT,09,08
2018-01-05 13:00:00.000,2018,1,5,13,VRB02KT,11,10
2018-01-05 14:00:00.000,2018,1,5,14,VRB02KT,16,10
2018-01-05 15:00:00.000,2018,1,5,15,13003KT,18,10
2018-01-05 16:00:00.000,2018,1,5,16,VRB03KT,19,10
2018-01-05 17:00:00.000,2018,1,5,17,VRB04KT,20,08
2018-01-05 18:00:00.000,2018,1,5,18,28006KT,21,07
2018-01-05 19:00:00.000,2018,1,5,19,25013KT,17,11
2018-01-05 20:00:00.000,2018,1,5,20,28012KT,17,13
2018-01-05 21:00:00.000,2018,1,5,21,23009KT,16,12
2018-01-05 23:00:00.000,2018,1,5,23,28008KT,15,11
2018-01-06 00:00:00.000,2018,1,6,0,29005KT,14,11
2018-01-06 01:00:00.000,2018,1,6,1,33004KT,13,12
2018-01-06 02:00:00.000,2018,1,6,2,32004KT,13,11
2018-01-06 03:00:00.000,2018,1,6,3,31006KT,13,11
2018-01-06 04:00:00.000,2018,1,6,4,32003KT,13,11
2018-01-06 05:00:00.000,2018,1,6,5,VRB02KT,13,11
2018-01-06 06:00:00.000,2018,1,6,6,35003KT,12,11
2018-01-06 07:00:00.000,2018,1,6,7,VRB02KT,12,11
2018-01-06 08:00:00.000,2018,1,6,8,33003KT,12,10
2018-01-06 09:00:00.000,2018,1,6,9,29005KT,12,10
2018-01-06 10:00:00.000,2018,1,6,10,31005KT,11,10
2018-01-06 11:00:00.000,2018,1,6,11,29003KT,12,10
2018-01-06 12:00:00.000,2018,1,6,12,35006KT,12,09
2018-01-06 13:00:00.000,2018,1,6,13,01004KT,13,09
2018-01-06 14:00:00.000,2018,1,6,14,VRB02KT,15,09
2018-01-06 15:00:00.000,2018,1,6,15,28004KT,16,08
2018-01-06 16:00:00.000,2018,1,6,16,33006KT,17,07
2018-01-06 17:00:00.000,2018,1,6,17,32005KT,18,07
2018-01-06 18:00:00.000,2018,1,6,18,29004KT,18,07
2018-01-06 19:00:00.000,2018,1,6,19,31006KT,20,08
2018-01-06 20:00:00.000,2018,1,6,20,29009KT,20,08
2018-01-06 21:00:00.000,2018,1,6,21,32010KT,17,09
2018-01-06 22:00:00.000,2018,1,6,22,29009KT,18,09
2018-01-06 23:00:00.000,2018,1,6,23,27009KT,15,10
2018-01-07 00:00:00.000,2018,1,7,0,24006KT,14,10
2018-01-07 01:00:00.000,2018,1,7,1,23005KT,13,10
2018-01-07 02:00:00.000,2018,1,7,2,25005KT,13,10
2018-01-07 03:00:00.000,2018,1,7,3,24005KT,12,10
2018-01-07 04:00:00.000,2018,1,7,4,28005KT,12,09
2018-01-07 05:00:00.000,2018,1,7,5,23005KT,10,08
2018-01-07 06:00:00.000,2018,1,7,6,24004KT,10,08
2018-01-07 07:00:00.000,2018,1,7,7,25004KT,09,07
2018-01-07 08:00:00.000,2018,1,7,8,VRB02KT,07,06
2018-01-07 09:00:00.000,2018,1,7,9,VRB02KT,05,04
2018-01-07 10:00:00.000,2018,1,7,10,31004KT,04,03
2018-01-07 11:00:00.000,2018,1,7,11,31004KT,04,03
2018-01-07 12:00:00.000,2018,1,7,12,35003KT,07,06
2018-01-07 13:00:00.000,2018,1,7,13,03003KT,12,09
2018-01-07 14:00:00.000,2018,1,7,14,03004KT,15,10
2018-01-07 15:00:00.000,2018,1,7,15,06003KT,18,10
2018-01-07 16:00:00.000,2018,1,7,16,27004KT,19,08
2018-01-07 17:00:00.000,2018,1,7,17,35005KT,19,08
2018-01-07 18:00:00.000,2018,1,7,18,31012KT,20,10
2018-01-07 19:00:00.000,2018,1,7,19,31012KT,19,10
2018-01-07 20:00:00.000,2018,1,7,20,27012KT,17,11
2018-01-07 21:00:00.000,2018,1,7,21,28011KT,18,09
2018-01-07 22:00:00.000,2018,1,7,22,26011KT,17,10
2018-01-07 23:00:00.000,2018,1,7,23,28010KT,14,11
2018-01-08 00:00:00.000,2018,1,8,0,25005KT,14,11
2018-01-08 01:00:00.000,2018,1,8,1,32003KT,13,10
2018-01-08 02:00:00.000,2018,1,8,2,28004KT,13,11
2018-01-08 03:00:00.000,2018,1,8,3,34003KT,11,10
2018-01-08 04:00:00.000,2018,1,8,4,34003KT,11,09
2018-01-08 05:00:00.000,2018,1,8,5,VRB02KT,11,09
2018-01-08 06:00:00.000,2018,1,8,6,32003KT,10,09
2018-01-08 07:00:00.000,2018,1,8,7,VRB02KT,08,07
2018-01-08 08:00:00.000,2018,1,8,8,VRB02KT,09,08
2018-01-08 09:00:00.000,2018,1,8,9,VRB02KT,10,09
2018-01-08 10:00:00.000,2018,1,8,10,VRB02KT,09,08
2018-01-08 11:00:00.000,2018,1,8,11,VRB02KT,09,08
2018-01-08 12:00:00.000,2018,1,8,12,04003KT,08,07
2018-01-08 13:00:00.000,2018,1,8,13,03006KT,12,10
2018-01-08 14:00:00.000,2018,1,8,14,30003KT,16,09
2018-01-08 15:00:00.000,2018,1,8,15,20003KT,18,08
2018-01-08 16:00:00.000,2018,1,8,16,08004KT,17,07
2018-01-08 17:00:00.000,2018,1,8,17,30005KT,20,07
2018-01-08 18:00:00.000,2018,1,8,18,32003KT,21,08
2018-01-08 19:00:00.000,2018,1,8,19,27010KT,20,10
2018-01-08 20:00:00.000,2018,1,8,20,27012KT,20,10
2018-01-08 21:00:00.000,2018,1,8,21,27012KT,16,11
2018-01-08 22:00:00.000,2018,1,8,22,29006KT,17,11
2018-01-08 23:00:00.000,2018,1,8,23,32006KT,16,11
2018-01-09 00:00:00.000,2018,1,9,0,25005KT,15,11
2018-01-09 01:00:00.000,2018,1,9,1,VRB02KT,13,10
2018-01-09 02:00:00.000,2018,1,9,2,VRB02KT,13,10
2018-01-09 03:00:00.000,2018,1,9,3,35003KT,13,12
2018-01-09 04:00:00.000,2018,1,9,4,VRB02KT,12,11
2018-01-09 05:00:00.000,2018,1,9,5,33004KT,12,11
2018-01-09 06:00:00.000,2018,1,9,6,VRB02KT,12,10
2018-01-09 07:00:00.000,2018,1,9,7,00000KT,11,10
2018-01-09 08:00:00.000,2018,1,9,8,33003KT,11,10
2018-01-09 09:00:00.000,2018,1,9,9,VRB02KT,11,10
2018-01-09 10:00:00.000,2018,1,9,10,36003KT,11,10
2018-01-09 11:00:00.000,2018,1,9,11,VRB02KT,10,09
2018-01-09 12:00:00.000,2018,1,9,12,09003KT,12,10
2018-01-09 13:00:00.000,2018,1,9,13,03004KT,14,10
2018-01-09 14:00:00.000,2018,1,9,14,VRB02KT,16,10
2018-01-09 15:00:00.000,2018,1,9,15,VRB02KT,16,09
2018-01-09 16:00:00.000,2018,1,9,16,29007KT,17,10
2018-01-09 17:00:00.000,2018,1,9,17,30010KT,18,09
2018-01-09 18:00:00.000,2018,1,9,18,28011KT,19,10
2018-01-09 19:00:00.000,2018,1,9,19,26013KT,17,09
2018-01-09 20:00:00.000,2018,1,9,20,28011KT,18,10
2018-01-09 21:00:00.000,2018,1,9,21,24013KT,17,10
2018-01-09 22:00:00.000,2018,1,9,22,23008KT,16,10
2018-01-09 23:00:00.000,2018,1,9,23,22007KT,16,09
2018-01-10 00:00:00.000,2018,1,10,0,27004KT,14,09
2018-01-10 01:00:00.000,2018,1,10,1,30003KT,13,10
2018-01-10 02:00:00.000,2018,1,10,2,36004KT,12,11
2018-01-10 03:00:00.000,2018,1,10,3,01004KT,12,11
2018-01-10 04:00:00.000,2018,1,10,4,VRB02KT,12,11
2018-01-10 05:00:00.000,2018,1,10,5,13004KT,12,10
2018-01-10 06:00:00.000,2018,1,10,6,32003KT,11,10
2018-01-10 07:00:00.000,2018,1,10,7,35004KT,11,10
2018-01-10 08:00:00.000,2018,1,10,8,VRB02KT,10,09
2018-01-10 09:00:00.000,2018,1,10,9,VRB02KT,11,10
2018-01-10 10:00:00.000,2018,1,10,10,02003KT,11,10
2018-01-10 11:00:00.000,2018,1,10,11,VRB02KT,11,10
2018-01-10 12:00:00.000,2018,1,10,12,01003KT,10,09
2018-01-10 13:00:00.000,2018,1,10,13,36003KT,13,11
2018-01-10 14:00:00.000,2018,1,10,14,VRB04KT,17,09
2018-01-10 15:00:00.000,2018,1,10,15,09005KT,18,10
2018-01-10 16:00:00.000,2018,1,10,16,VRB05KT,19,08
2018-01-10 17:00:00.000,2018,1,10,17,03006KT,20,08
2018-01-10 18:00:00.000,2018,1,10,18,05004KT,21,07
2018-01-10 19:00:00.000,2018,1,10,19,27013KT,19,11
2018-01-10 20:00:00.000,2018,1,10,20,25006KT,17,11
2018-01-10 21:00:00.000,2018,1,10,21,29006KT,17,10
2018-01-10 22:00:00.000,2018,1,10,22,26010KT,17,10
2018-01-10 23:00:00.000,2018,1,10,23,28007KT,16,10
2018-01-11 00:00:00.000,2018,1,11,0,29004KT,14,10
2018-01-11 01:00:00.000,2018,1,11,1,VRB02KT,13,10
2018-01-11 02:00:00.000,2018,1,11,2,VRB02KT,13,11
2018-01-11 03:00:00.000,2018,1,11,3,30004KT,12,10
2018-01-11 04:00:00.000,2018,1,11,4,32004KT,13,10
2018-01-11 05:00:00.000,2018,1,11,5,29004KT,12,10
2018-01-11 06:00:00.000,2018,1,11,6,VRB02KT,12,11
2018-01-11 07:00:00.000,2018,1,11,7,32009KT,11,09
2018-01-11 08:00:00.000,2018,1,11,8,33004KT,11,09
2018-01-11 09:00:00.000,2018,1,11,9,VRB02KT,11,09
2018-01-11 10:00:00.000,2018,1,11,10,VRB02KT,11,08
2018-01-11 11:00:00.000,2018,1,11,11,VRB02KT,09,08
2018-01-11 12:00:00.000,2018,1,11,12,02005KT,09,08
2018-01-11 13:00:00.000,2018,1,11,13,04007KT,13,10
2018-01-11 14:00:00.000,2018,1,11,14,02004KT,15,10
2018-01-11 15:00:00.000,2018,1,11,15,35004KT,15,09
2018-01-11 16:00:00.000,2018,1,11,16,12010KT,18,07
2018-01-11 17:00:00.000,2018,1,11,17,13008KT,18,08
2018-01-11 18:00:00.000,2018,1,11,18,10010KT,18,07
2018-01-11 19:00:00.000,2018,1,11,19,08008KT,18,08
2018-01-11 20:00:00.000,2018,1,11,20,07010KT,17,07
2018-01-11 21:00:00.000,2018,1,11,21,06010KT,17,07
2018-01-11 22:00:00.000,2018,1,11,22,08008KT,17,08
2018-01-11 23:00:00.000,2018,1,11,23,25005KT,15,11
2018-01-12 00:00:00.000,2018,1,12,0,23005KT,14,11
2018-01-12 01:00:00.000,2018,1,12,1,20004KT,14,11
2018-01-12 02:00:00.000,2018,1,12,2,VRB02KT,13,11
2018-01-12 03:00:00.000,2018,1,12,3,05003KT,12,09
2018-01-12 04:00:00.000,2018,1,12,4,02004KT,11,08
2018-01-12 05:00:00.000,2018,1,12,5,06005KT,11,09
2018-01-12 06:00:00.000,2018,1,12,6,05004KT,11,09
2018-01-12 07:00:00.000,2018,1,12,7,06005KT,11,09
2018-01-12 08:00:00.000,2018,1,12,8,04007KT,12,09
2018-01-12 09:00:00.000,2018,1,12,9,04007KT,11,09
2018-01-12 10:00:00.000,2018,1,12,10,05007KT,12,09
2018-01-12 11:00:00.000,2018,1,12,11,06008KT,12,09
2018-01-12 12:00:00.000,2018,1,12,12,05006KT,13,09
2018-01-12 13:00:00.000,2018,1,12,13,04008KT,13,08
2018-01-12 14:00:00.000,2018,1,12,14,05008KT,16,08
2018-01-12 15:00:00.000,2018,1,12,15,07008KT,17,07
2018-01-12 16:00:00.000,2018,1,12,16,08006KT,17,07
2018-01-12 17:00:00.000,2018,1,12,17,14004KT,17,06
2018-01-12 18:00:00.000,2018,1,12,18,12004KT,18,06
2018-01-12 19:00:00.000,2018,1,12,19,05006KT,18,07
2018-01-12 20:00:00.000,2018,1,12,20,25010KT,17,11
2018-01-12 21:00:00.000,2018,1,12,21,24008KT,17,10
2018-01-12 22:00:00.000,2018,1,12,22,25009KT,16,11
2018-01-12 23:00:00.000,2018,1,12,23,26008KT,15,10
2018-01-13 00:00:00.000,2018,1,13,0,24005KT,13,10
2018-01-13 01:00:00.000,2018,1,13,1,24003KT,13,10
2018-01-13 02:00:00.000,2018,1,13,2,33003KT,12,10
2018-01-13 03:00:00.000,2018,1,13,3,33006KT,11,10
2018-01-13 04:00:00.000,2018,1,13,4,32004KT,12,10
2018-01-13 05:00:00.000,2018,1,13,5,31006KT,12,10
2018-01-13 06:00:00.000,2018,1,13,6,32003KT,12,10
2018-01-13 07:00:00.000,2018,1,13,7,VRB02KT,12,10
2018-01-13 08:00:00.000,2018,1,13,8,VRB02KT,10,09
2018-01-13 09:00:00.000,2018,1,13,9,VRB02KT,11,10
2018-01-13 10:00:00.000,2018,1,13,10,VRB02KT,10,09
2018-01-13 11:00:00.000,2018,1,13,11,VRB02KT,10,09
2018-01-13 12:00:00.000,2018,1,13,12,VRB02KT,12,09
2018-01-13 13:00:00.000,2018,1,13,13,04003KT,13,10
2018-01-13 14:00:00.000,2018,1,13,14,VRB02KT,15,10
2018-01-13 15:00:00.000,2018,1,13,15,VRB02KT,16,09
2018-01-13 16:00:00.000,2018,1,13,16,07003KT,18,07
2018-01-13 17:00:00.000,2018,1,13,17,03004KT,18,08
2018-01-13 18:00:00.000,2018,1,13,18,29010KT,16,11
2018-01-13 19:00:00.000,2018,1,13,19,27008KT,16,11
2018-01-13 20:00:00.000,2018,1,13,20,26008KT,16,10
2018-01-13 21:00:00.000,2018,1,13,21,23004KT,16,10
2018-01-13 22:00:00.000,2018,1,13,22,25006KT,16,11
2018-01-13 23:00:00.000,2018,1,13,23,32008KT,15,11
2018-01-14 00:00:00.000,2018,1,14,0,27005KT,13,10
2018-01-14 01:00:00.000,2018,1,14,1,24003KT,13,11
2018-01-14 02:00:00.000,2018,1,14,2,23004KT,13,10
2018-01-14 03:00:00.000,2018,1,14,3,23004KT,13,10
2018-01-14 04:00:00.000,2018,1,14,4,31003KT,12,10
2018-01-14 05:00:00.000,2018,1,14,5,VRB02KT,12,10
2018-01-14 06:00:00.000,2018,1,14,6,31003KT,11,10
2018-01-14 07:00:00.000,2018,1,14,7,VRB02KT,10,09
2018-01-14 08:00:00.000,2018,1,14,8,VRB02KT,10,09
2018-01-14 09:00:00.000,2018,1,14,9,VRB02KT,10,09
2018-01-14 10:00:00.000,2018,1,14,10,VRB02KT,10,10
2018-01-14 11:00:00.000,2018,1,14,11,35003KT,09,09
2018-01-14 12:00:00.000,2018,1,14,12,VRB02KT,11,10
2018-01-14 13:00:00.000,2018,1,14,13,VRB02KT,15,10
2018-01-14 14:00:00.000,2018,1,14,14,34004KT,16,10
2018-01-14 15:00:00.000,2018,1,14,15,07005KT,18,09
2018-01-14 16:00:00.000,2018,1,14,16,30003KT,19,09
2018-01-14 17:00:00.000,2018,1,14,17,29011KT,18,11
2018-01-14 18:00:00.000,2018,1,14,18,25010KT,16,11
2018-01-14 19:00:00.000,2018,1,14,19,27008KT,17,11
2018-01-14 20:00:00.000,2018,1,14,20,24010KT,14,12
2018-01-14 21:00:00.000,2018,1,14,21,27009KT,14,12
2018-01-14 22:00:00.000,2018,1,14,22,02007KT,13,11
2018-01-14 23:00:00.000,2018,1,14,23,12005KT,11,09
2018-01-15 00:00:00.000,2018,1,15,0,VRB02KT,11,10
2018-01-15 01:00:00.000,2018,1,15,1,VRB02KT,10,08
2018-01-15 02:00:00.000,2018,1,15,2,VRB02KT,10,09
2018-01-15 03:00:00.000,2018,1,15,3,VRB02KT,10,09
2018-01-15 04:00:00.000,2018,1,15,4,VRB02KT,08,07
2018-01-15 05:00:00.000,2018,1,15,5,VRB02KT,06,06
2018-01-15 06:00:00.000,2018,1,15,6,02004KT,08,07
2018-01-15 07:00:00.000,2018,1,15,7,VRB02KT,07,07
2018-01-15 08:00:00.000,2018,1,15,8,VRB02KT,09,08
2018-01-15 09:00:00.000,2018,1,15,9,VRB02KT,09,08
2018-01-15 10:00:00.000,2018,1,15,10,VRB02KT,09,09
2018-01-15 11:00:00.000,2018,1,15,11,VRB02KT,09,09
2018-01-15 12:00:00.000,2018,1,15,12,VRB02KT,10,10
2018-01-15 13:00:00.000,2018,1,15,13,05006KT,12,11
2018-01-15 14:00:00.000,2018,1,15,14,03005KT,14,09
2018-01-15 15:00:00.000,2018,1,15,15,03005KT,15,10
2018-01-15 16:00:00.000,2018,1,15,16,07008KT,16,08
2018-01-15 17:00:00.000,2018,1,15,17,07007KT,19,07
2018-01-15 18:00:00.000,2018,1,15,18,08008KT,18,05
2018-01-15 19:00:00.000,2018,1,15,19,06008KT,19,06
2018-01-15 20:00:00.000,2018,1,15,20,30005KT,20,05
2018-01-15 21:00:00.000,2018,1,15,21,25011KT,18,12
2018-01-15 22:00:00.000,2018,1,15,22,27012KT,16,11
2018-01-15 23:00:00.000,2018,1,15,23,26008KT,14,11
2018-01-16 00:00:00.000,2018,1,16,0,24005KT,13,10
2018-01-16 01:00:00.000,2018,1,16,1,25003KT,14,11
2018-01-16 02:00:00.000,2018,1,16,2,21003KT,13,11
2018-01-16 03:00:00.000,2018,1,16,3,VRB02KT,12,11
2018-01-16 04:00:00.000,2018,1,16,4,VRB02KT,12,11
2018-01-16 05:00:00.000,2018,1,16,5,VRB02KT,13,11
2018-01-16 06:00:00.000,2018,1,16,6,VRB02KT,12,11
2018-01-16 07:00:00.000,2018,1,16,7,33003KT,11,10
2018-01-16 08:00:00.000,2018,1,16,8,03006KT,10,09
2018-01-16 09:00:00.000,2018,1,16,9,VRB02KT,09,08
2018-01-16 10:00:00.000,2018,1,16,10,05004KT,09,08
2018-01-16 11:00:00.000,2018,1,16,11,05007KT,09,08
2018-01-16 12:00:00.000,2018,1,16,12,03007KT,10,08
2018-01-16 13:00:00.000,2018,1,16,13,05006KT,13,07
2018-01-16 14:00:00.000,2018,1,16,14,08009KT,15,08
2018-01-16 15:00:00.000,2018,1,16,15,02008KT,17,07
2018-01-16 16:00:00.000,2018,1,16,16,09008KT,17,06
2018-01-16 17:00:00.000,2018,1,16,17,15007KT,17,05
2018-01-16 18:00:00.000,2018,1,16,18,17009KT,18,05
2018-01-16 19:00:00.000,2018,1,16,19,16009KT,20,06
2018-01-16 20:00:00.000,2018,1,16,20,12007KT,18,04
2018-01-16 21:00:00.000,2018,1,16,21,24009KT,16,10
2018-01-16 22:00:00.000,2018,1,16,22,22005KT,15,10
2018-01-16 23:00:00.000,2018,1,16,23,28005KT,14,11
2018-01-17 00:00:00.000,2018,1,17,0,21004KT,14,10
2018-01-17 01:00:00.000,2018,1,17,1,16005KT,14,08
2018-01-17 02:00:00.000,2018,1,17,2,VRB02KT,12,09
2018-01-17 03:00:00.000,2018,1,17,3,VRB02KT,12,10
2018-01-17 04:00:00.000,2018,1,17,4,VRB02KT,11,09
2018-01-17 05:00:00.000,2018,1,17,5,31003KT,12,09
2018-01-17 06:00:00.000,2018,1,17,6,03003KT,11,09
2018-01-17 07:00:00.000,2018,1,17,7,05004KT,11,09
2018-01-17 08:00:00.000,2018,1,17,8,03004KT,11,09
2018-01-17 09:00:00.000,2018,1,17,9,06004KT,11,09
2018-01-17 10:00:00.000,2018,1,17,10,32004KT,11,10
2018-01-17 11:00:00.000,2018,1,17,11,09004KT,11,09
2018-01-17 12:00:00.000,2018,1,17,12,36003KT,11,09
2018-01-17 13:00:00.000,2018,1,17,13,04006KT,13,10
2018-01-17 14:00:00.000,2018,1,17,14,08006KT,16,09
2018-01-17 15:00:00.000,2018,1,17,15,06006KT,16,08
2018-01-17 16:00:00.000,2018,1,17,16,17004KT,17,06
2018-01-17 17:00:00.000,2018,1,17,17,07006KT,18,07
2018-01-17 18:00:00.000,2018,1,17,18,21005KT,17,08
2018-01-17 19:00:00.000,2018,1,17,19,27007KT,16,13
2018-01-17 20:00:00.000,2018,1,17,20,25008KT,16,12
2018-01-17 21:00:00.000,2018,1,17,21,21006KT,15,11
2018-01-17 22:00:00.000,2018,1,17,22,26005KT,14,11
2018-01-17 23:00:00.000,2018,1,17,23,29004KT,13,11
2018-01-18 00:00:00.000,2018,1,18,0,31004KT,12,11
2018-01-18 01:00:00.000,2018,1,18,1,32004KT,12,10
2018-01-18 02:00:00.000,2018,1,18,2,00000KT,12,10
2018-01-18 03:00:00.000,2018,1,18,3,VRB02KT,11,10
2018-01-18 04:00:00.000,2018,1,18,4,VRB02KT,11,09
2018-01-18 05:00:00.000,2018,1,18,5,00000KT,10,09
2018-01-18 06:00:00.000,2018,1,18,6,04005KT,11,10
2018-01-18 07:00:00.000,2018,1,18,7,VRB02KT,11,10
2018-01-18 08:00:00.000,2018,1,18,8,04003KT,10,09
2018-01-18 09:00:00.000,2018,1,18,9,02003KT,11,10
2018-01-18 10:00:00.000,2018,1,18,10,03005KT,11,10
2018-01-18 11:00:00.000,2018,1,18,11,VRB02KT,11,10
2018-01-18 12:00:00.000,2018,1,18,12,05006KT,12,10
2018-01-18 13:00:00.000,2018,1,18,13,06007KT,13,11
2018-01-18 14:00:00.000,2018,1,18,14,06008KT,14,10
2018-01-18 15:00:00.000,2018,1,18,15,12003KT,15,09
2018-01-18 16:00:00.000,2018,1,18,16,36003KT,15,09
2018-01-18 17:00:00.000,2018,1,18,17,18010KT,17,10
2018-01-18 18:00:00.000,2018,1,18,18,13006KT,18,09
2018-01-18 19:00:00.000,2018,1,18,19,04007KT,16,10
2018-01-18 20:00:00.000,2018,1,18,20,16008KT,16,10
2018-01-18 21:00:00.000,2018,1,18,21,27005KT,16,11
2018-01-18 22:00:00.000,2018,1,18,22,27005KT,13,12
2018-01-18 23:00:00.000,2018,1,18,23,24004KT,14,11
2018-01-19 00:00:00.000,2018,1,19,0,VRB02KT,13,11
2018-01-19 01:00:00.000,2018,1,19,1,VRB02KT,13,10
2018-01-19 02:00:00.000,2018,1,19,2,09004KT,14,09
2018-01-19 03:00:00.000,2018,1,19,3,32004KT,12,09
2018-01-19 05:00:00.000,2018,1,19,5,05003KT,12,09
2018-01-19 06:00:00.000,2018,1,19,6,05005KT,11,09
2018-01-19 07:00:00.000,2018,1,19,7,VRB02KT,11,09
2018-01-19 08:00:00.000,2018,1,19,8,VRB02KT,11,09
2018-01-19 09:00:00.000,2018,1,19,9,VRB02KT,11,09
2018-01-19 10:00:00.000,2018,1,19,10,05004KT,11,09
2018-01-19 11:00:00.000,2018,1,19,11,VRB02KT,10,09
2018-01-19 12:00:00.000,2018,1,19,12,05004KT,12,10
2018-01-19 13:00:00.000,2018,1,19,13,05004KT,13,10
2018-01-19 14:00:00.000,2018,1,19,14,06006KT,14,09
2018-01-19 15:00:00.000,2018,1,19,15,07005KT,16,10
2018-01-19 16:00:00.000,2018,1,19,16,10006KT,16,09
2018-01-19 17:00:00.000,2018,1,19,17,07009KT,16,09
2018-01-19 18:00:00.000,2018,1,19,18,10012KT,17,08
2018-01-19 19:00:00.000,2018,1,19,19,10013KT,19,07
2018-01-19 20:00:00.000,2018,1,19,20,11011KT,19,08
2018-01-19 21:00:00.000,2018,1,19,21,08014KT,17,07
2018-01-19 22:00:00.000,2018,1,19,22,09011KT,16,07
2018-01-19 23:00:00.000,2018,1,19,23,09015KT,16,06
2018-01-20 00:00:00.000,2018,1,20,0,06008KT,15,07
2018-01-20 01:00:00.000,2018,1,20,1,09011KT,14,06
2018-01-20 02:00:00.000,2018,1,20,2,06007KT,13,06
2018-01-20 03:00:00.000,2018,1,20,3,10006KT,13,06
2018-01-20 04:00:00.000,2018,1,20,4,05009KT,12,06
2018-01-20 05:00:00.000,2018,1,20,5,08007KT,11,07
2018-01-20 06:00:00.000,2018,1,20,6,06006KT,11,07
2018-01-20 07:00:00.000,2018,1,20,7,02010KT,10,07
2018-01-20 08:00:00.000,2018,1,20,8,03009KT,09,06
2018-01-20 09:00:00.000,2018,1,20,9,03006KT,08,06
2018-01-20 10:00:00.000,2018,1,20,10,VRB02KT,09,06
2018-01-20 11:00:00.000,2018,1,20,11,06005KT,09,06
2018-01-20 12:00:00.000,2018,1,20,12,04005KT,10,07
2018-01-20 13:00:00.000,2018,1,20,13,04006KT,14,07
2018-01-20 14:00:00.000,2018,1,20,14,13010KT,16,05
2018-01-20 15:00:00.000,2018,1,20,15,10010KT,17,05
2018-01-20 16:00:00.000,2018,1,20,16,13011KT,19,05
2018-01-20 17:00:00.000,2018,1,20,17,11010KT,20,05
2018-01-20 18:00:00.000,2018,1,20,18,13016KT,20,05
2018-01-20 19:00:00.000,2018,1,20,19,13015KT,19,04
2018-01-20 20:00:00.000,2018,1,20,20,11011KT,20,04
2018-01-20 21:00:00.000,2018,1,20,21,11011KT,19,04
2018-01-20 22:00:00.000,2018,1,20,22,09007KT,17,03
2018-01-20 23:00:00.000,2018,1,20,23,08006KT,15,04
2018-01-21 00:00:00.000,2018,1,21,0,14011KT,14,06
2018-01-21 01:00:00.000,2018,1,21,1,13010KT,13,06
2018-01-21 02:00:00.000,2018,1,21,2,09003KT,12,06
2018-01-21 03:00:00.000,2018,1,21,3,09003KT,12,06
2018-01-21 04:00:00.000,2018,1,21,4,05006KT,09,05
2018-01-21 05:00:00.000,2018,1,21,5,05006KT,08,05
2018-01-21 06:00:00.000,2018,1,21,6,04006KT,07,05
2018-01-21 07:00:00.000,2018,1,21,7,06004KT,08,05
2018-01-21 08:00:00.000,2018,1,21,8,06006KT,08,05
2018-01-21 09:00:00.000,2018,1,21,9,07006KT,09,05
2018-01-21 10:00:00.000,2018,1,21,10,06006KT,09,06
2018-01-21 11:00:00.000,2018,1,21,11,05007KT,09,06
2018-01-21 12:00:00.000,2018,1,21,12,07006KT,12,05
2018-01-21 13:00:00.000,2018,1,21,13,05006KT,14,07
2018-01-21 14:00:00.000,2018,1,21,14,11010KT,16,04
2018-01-21 15:00:00.000,2018,1,21,15,11010KT,17,04
2018-01-21 16:00:00.000,2018,1,21,16,12011G22KT,17,05
2018-01-21 17:00:00.000,2018,1,21,17,14012KT,19,06
2018-01-21 18:00:00.000,2018,1,21,18,12008KT,18,05
2018-01-21 19:00:00.000,2018,1,21,19,14011KT,18,06
2018-01-21 20:00:00.000,2018,1,21,20,13012KT,17,05
2018-01-21 21:00:00.000,2018,1,21,21,11010KT,17,05
2018-01-21 22:00:00.000,2018,1,21,22,11007KT,16,05
2018-01-21 23:00:00.000,2018,1,21,23,15008KT,15,06
2018-01-22 00:00:00.000,2018,1,22,0,11005KT,15,06
2018-01-22 01:00:00.000,2018,1,22,1,06007KT,13,07
2018-01-22 02:00:00.000,2018,1,22,2,36003KT,10,06
2018-01-22 03:00:00.000,2018,1,22,3,03006KT,09,07
2018-01-22 04:00:00.000,2018,1,22,4,03004KT,09,07
2018-01-22 05:00:00.000,2018,1,22,5,05004KT,08,06
2018-01-22 06:00:00.000,2018,1,22,6,VRB02KT,09,07
2018-01-22 07:00:00.000,2018,1,22,7,VRB02KT,09,07
2018-01-22 08:00:00.000,2018,1,22,8,VRB02KT,08,07
2018-01-22 09:00:00.000,2018,1,22,9,VRB02KT,09,08
2018-01-22 10:00:00.000,2018,1,22,10,VRB02KT,08,07
2018-01-22 11:00:00.000,2018,1,22,11,05005KT,09,08
2018-01-22 12:00:00.000,2018,1,22,12,05007KT,10,08
2018-01-22 13:00:00.000,2018,1,22,13,03008KT,12,09
2018-01-22 14:00:00.000,2018,1,22,14,05009KT,14,08
2018-01-22 15:00:00.000,2018,1,22,15,08008KT,16,07
2018-01-22 16:00:00.000,2018,1,22,16,10008KT,17,07
2018-01-22 17:00:00.000,2018,1,22,17,14012KT,18,07
2018-01-22 18:00:00.000,2018,1,22,18,12009KT,18,06
2018-01-22 19:00:00.000,2018,1,22,19,14011KT,18,06
2018-01-22 20:00:00.000,2018,1,22,20,12011KT,18,06
2018-01-22 21:00:00.000,2018,1,22,21,13010KT,17,06
2018-01-22 22:00:00.000,2018,1,22,22,11013KT,16,06
2018-01-22 23:00:00.000,2018,1,22,23,12012KT,15,05
2018-01-23 00:00:00.000,2018,1,23,0,15009KT,13,06
2018-01-23 01:00:00.000,2018,1,23,1,07004KT,11,06
2018-01-23 02:00:00.000,2018,1,23,2,10004KT,11,06
2018-01-23 03:00:00.000,2018,1,23,3,06003KT,10,06
2018-01-23 04:00:00.000,2018,1,23,4,05004KT,09,06
2018-01-23 05:00:00.000,2018,1,23,5,10006KT,09,07
2018-01-23 06:00:00.000,2018,1,23,6,03004KT,06,04
2018-01-23 07:00:00.000,2018,1,23,7,33003KT,06,05
2018-01-23 08:00:00.000,2018,1,23,8,09003KT,06,05
2018-01-23 09:00:00.000,2018,1,23,9,VRB02KT,05,05
2018-01-23 10:00:00.000,2018,1,23,10,VRB02KT,07,07
2018-01-23 11:00:00.000,2018,1,23,11,08004KT,08,07
2018-01-23 12:00:00.000,2018,1,23,12,04005KT,08,07
2018-01-23 13:00:00.000,2018,1,23,13,03007KT,11,07
2018-01-23 14:00:00.000,2018,1,23,14,07009KT,13,05
2018-01-23 15:00:00.000,2018,1,23,15,06009KT,15,05
2018-01-23 16:00:00.000,2018,1,23,16,10013KT,17,05
2018-01-23 17:00:00.000,2018,1,23,17,13009KT,20,07
2018-01-23 18:00:00.000,2018,1,23,18,12011KT,21,06
2018-01-23 19:00:00.000,2018,1,23,19,11011KT,20,06
2018-01-23 20:00:00.000,2018,1,23,20,11014KT,20,03
2018-01-23 21:00:00.000,2018,1,23,21,11013KT,19,03
2018-01-23 22:00:00.000,2018,1,23,22,10014KT,18,04
2018-01-23 23:00:00.000,2018,1,23,23,11010KT,16,05
2018-01-24 00:00:00.000,2018,1,24,0,06006KT,14,06
2018-01-24 01:00:00.000,2018,1,24,1,06006KT,14,05
2018-01-24 02:00:00.000,2018,1,24,2,09006KT,11,05
2018-01-24 03:00:00.000,2018,1,24,3,36006KT,09,04
2018-01-24 04:00:00.000,2018,1,24,4,01003KT,08,05
2018-01-24 05:00:00.000,2018,1,24,5,00000KT,07,04
2018-01-24 06:00:00.000,2018,1,24,6,VRB02KT,06,05
2018-01-24 07:00:00.000,2018,1,24,7,31004KT,04,03
2018-01-24 08:00:00.000,2018,1,24,8,08004KT,05,04
2018-01-24 09:00:00.000,2018,1,24,9,VRB02KT,04,03
2018-01-24 10:00:00.000,2018,1,24,10,VRB02KT,04,03
2018-01-24 11:00:00.000,2018,1,24,11,VRB02KT,05,04
2018-01-24 12:00:00.000,2018,1,24,12,06006KT,06,04
2018-01-24 13:00:00.000,2018,1,24,13,05006KT,11,04
2018-01-24 14:00:00.000,2018,1,24,14,03005KT,14,03
2018-01-24 15:00:00.000,2018,1,24,15,15003KT,18,02
2018-01-24 16:00:00.000,2018,1,24,16,12008KT,19,01
2018-01-24 17:00:00.000,2018,1,24,17,12009KT,20,02
2018-01-24 18:00:00.000,2018,1,24,18,15007KT,21,03
2018-01-24 19:00:00.000,2018,1,24,19,VRB03KT,21,04
2018-01-24 20:00:00.000,2018,1,24,20,16008KT,21,03
2018-01-24 21:00:00.000,2018,1,24,21,11010KT,19,04
2018-01-24 22:00:00.000,2018,1,24,22,13009KT,18,05
2018-01-24 23:00:00.000,2018,1,24,23,11011KT,17,05
2018-01-25 00:00:00.000,2018,1,25,0,34005KT,13,08
2018-01-25 01:00:00.000,2018,1,25,1,VRB02KT,12,07
2018-01-25 02:00:00.000,2018,1,25,2,12006KT,12,07
2018-01-25 03:00:00.000,2018,1,25,3,31003KT,10,06
2018-01-25 04:00:00.000,2018,1,25,4,35003KT,08,05
2018-01-25 05:00:00.000,2018,1,25,5,35004KT,07,05
2018-01-25 06:00:00.000,2018,1,25,6,36003KT,08,06
2018-01-25 07:00:00.000,2018,1,25,7,05004KT,07,06
2018-01-25 08:00:00.000,2018,1,25,8,VRB02KT,08,07
2018-01-25 09:00:00.000,2018,1,25,9,VRB02KT,05,04
2018-01-25 10:00:00.000,2018,1,25,10,03004KT,05,04
2018-01-25 11:00:00.000,2018,1,25,11,36003KT,04,04
2018-01-25 12:00:00.000,2018,1,25,12,06005KT,06,06
2018-01-25 13:00:00.000,2018,1,25,13,06006KT,10,08
2018-01-25 14:00:00.000,2018,1,25,14,05006KT,14,08
2018-01-25 15:00:00.000,2018,1,25,15,15010KT,16,06
2018-01-25 16:00:00.000,2018,1,25,16,16011KT,18,06
2018-01-25 17:00:00.000,2018,1,25,17,15008KT,19,05
2018-01-25 18:00:00.000,2018,1,25,18,12007KT,19,05
2018-01-25 19:00:00.000,2018,1,25,19,12011KT,20,04
2018-01-25 20:00:00.000,2018,1,25,20,15007KT,20,04
2018-01-25 21:00:00.000,2018,1,25,21,16011KT,19,05
2018-01-25 22:00:00.000,2018,1,25,22,15008KT,18,05
2018-01-25 23:00:00.000,2018,1,25,23,13006KT,17,05
2018-01-26 00:00:00.000,2018,1,26,0,32005KT,13,08
2018-01-26 01:00:00.000,2018,1,26,1,36003KT,12,08
2018-01-26 02:00:00.000,2018,1,26,2,VRB02KT,14,08
2018-01-26 03:00:00.000,2018,1,26,3,09004KT,13,08
2018-01-26 04:00:00.000,2018,1,26,4,00000KT,11,07
2018-01-26 05:00:00.000,2018,1,26,5,VRB02KT,09,07
2018-01-26 06:00:00.000,2018,1,26,6,05005KT,07,05
2018-01-26 07:00:00.000,2018,1,26,7,02004KT,07,05
2018-01-26 08:00:00.000,2018,1,26,8,VRB02KT,06,05
2018-01-26 09:00:00.000,2018,1,26,9,VRB02KT,06,06
2018-01-26 10:00:00.000,2018,1,26,10,30003KT,05,04
2018-01-26 11:00:00.000,2018,1,26,11,VRB02KT,06,06
2018-01-26 12:00:00.000,2018,1,26,12,06004KT,07,07
2018-01-26 13:00:00.000,2018,1,26,13,13005KT,11,09
2018-01-26 14:00:00.000,2018,1,26,14,07008KT,15,08
2018-01-26 15:00:00.000,2018,1,26,15,06009KT,17,08
2018-01-26 16:00:00.000,2018,1,26,16,12008KT,19,07
2018-01-26 17:00:00.000,2018,1,26,17,19010KT,20,06
2018-01-26 18:00:00.000,2018,1,26,18,13007KT,20,05
2018-01-26 19:00:00.000,2018,1,26,19,18004KT,21,05
2018-01-26 20:00:00.000,2018,1,26,20,30006KT,19,09
2018-01-26 21:00:00.000,2018,1,26,21,28012KT,16,11
2018-01-26 22:00:00.000,2018,1,26,22,25006KT,16,11
2018-01-26 23:00:00.000,2018,1,26,23,31006KT,14,10
2018-01-27 00:00:00.000,2018,1,27,0,VRB02KT,13,11
2018-01-27 01:00:00.000,2018,1,27,1,VRB02KT,12,10
2018-01-27 02:00:00.000,2018,1,27,2,VRB02KT,11,10
2018-01-27 03:00:00.000,2018,1,27,3,VRB02KT,10,09
2018-01-27 04:00:00.000,2018,1,27,4,VRB02KT,,
2018-01-27 05:00:00.000,2018,1,27,5,VRB02KT,08,07
2018-01-27 06:00:00.000,2018,1,27,6,05004KT,09,08
2018-01-27 07:00:00.000,2018,1,27,7,VRB02KT,08,07
2018-01-27 08:00:00.000,2018,1,27,8,VRB02KT,05,05
2018-01-27 09:00:00.000,2018,1,27,9,03004KT,06,06
2018-01-27 10:00:00.000,2018,1,27,10,VRB02KT,06,06
2018-01-27 11:00:00.000,2018,1,27,11,VRB02KT,03,03
2018-01-27 12:00:00.000,2018,1,27,12,VRB02KT,05,05
2018-01-27 13:00:00.000,2018,1,27,13,VRB02KT,11,09
2018-01-27 14:00:00.000,2018,1,27,14,03004KT,14,09
2018-01-27 15:00:00.000,2018,1,27,15,07004KT,17,07
2018-01-27 16:00:00.000,2018,1,27,16,13004KT,19,07
2018-01-27 17:00:00.000,2018,1,27,17,22009KT,20,09
2018-01-27 18:00:00.000,2018,1,27,18,24010KT,19,10
2018-01-27 19:00:00.000,2018,1,27,19,26007KT,21,09
2018-01-27 20:00:00.000,2018,1,27,20,24010KT,19,10
2018-01-27 21:00:00.000,2018,1,27,21,31010KT,18,11
2018-01-27 22:00:00.000,2018,1,27,22,27008KT,19,11
2018-01-27 23:00:00.000,2018,1,27,23,26007KT,17,11
2018-01-28 00:00:00.000,2018,1,28,0,28003KT,15,12
2018-01-28 01:00:00.000,2018,1,28,1,23003KT,14,11
2018-01-28 02:00:00.000,2018,1,28,2,32003KT,12,11
2018-01-28 03:00:00.000,2018,1,28,3,34003KT,12,12
2018-01-28 04:00:00.000,2018,1,28,4,03003KT,12,11
2018-01-28 05:00:00.000,2018,1,28,5,03003KT,13,10
2018-01-28 06:00:00.000,2018,1,28,6,02005KT,12,10
2018-01-28 07:00:00.000,2018,1,28,7,VRB02KT,11,10
2018-01-28 08:00:00.000,2018,1,28,8,VRB02KT,10,09
2018-01-28 09:00:00.000,2018,1,28,9,14003KT,10,09
2018-01-28 10:00:00.000,2018,1,28,10,34005KT,07,06
2018-01-28 11:00:00.000,2018,1,28,11,04003KT,05,05
2018-01-28 12:00:00.000,2018,1,28,12,04007KT,10,10
2018-01-28 13:00:00.000,2018,1,28,13,06003KT,11,10
2018-01-28 14:00:00.000,2018,1,28,14,13005KT,15,09
2018-01-28 15:00:00.000,2018,1,28,15,08005KT,17,09
2018-01-28 16:00:00.000,2018,1,28,16,14007KT,17,09
2018-01-28 17:00:00.000,2018,1,28,17,14005KT,20,09
2018-01-28 18:00:00.000,2018,1,28,18,09005KT,20,10
2018-01-28 19:00:00.000,2018,1,28,19,26003KT,21,07
2018-01-28 20:00:00.000,2018,1,28,20,22012KT,19,11
2018-01-28 21:00:00.000,2018,1,28,21,24010KT,19,12
2018-01-28 22:00:00.000,2018,1,28,22,25007KT,18,11
2018-01-28 23:00:00.000,2018,1,28,23,34008KT,16,11
2018-01-29 00:00:00.000,2018,1,29,0,28004KT,14,11
2018-01-29 01:00:00.000,2018,1,29,1,17010KT,15,09
2018-01-29 02:00:00.000,2018,1,29,2,03005KT,11,09
2018-01-29 03:00:00.000,2018,1,29,3,10003KT,12,10
2018-01-29 04:00:00.000,2018,1,29,4,02003KT,11,08
2018-01-29 05:00:00.000,2018,1,29,5,01003KT,09,08
2018-01-29 06:00:00.000,2018,1,29,6,06003KT,09,08
2018-01-29 07:00:00.000,2018,1,29,7,VRB02KT,09,08
2018-01-29 08:00:00.000,2018,1,29,8,VRB02KT,10,09
2018-01-29 09:00:00.000,2018,1,29,9,VRB02KT,08,07
2018-01-29 10:00:00.000,2018,1,29,10,VRB02KT,07,07
2018-01-29 11:00:00.000,2018,1,29,11,VRB02KT,05,05
2018-01-29 12:00:00.000,2018,1,29,12,34003KT,09,08
2018-01-29 13:00:00.000,2018,1,29,13,VRB02KT,11,10
2018-01-29 14:00:00.000,2018,1,29,14,04004KT,15,09
2018-01-29 15:00:00.000,2018,1,29,15,VRB03KT,18,09
2018-01-29 16:00:00.000,2018,1,29,16,16005KT,19,07
2018-01-29 17:00:00.000,2018,1,29,17,16010KT,22,06
2018-01-29 18:00:00.000,2018,1,29,18,15010KT,23,07
2018-01-29 19:00:00.000,2018,1,29,19,24011KT,21,11
2018-01-29 20:00:00.000,2018,1,29,20,34003KT,20,10
2018-01-29 21:00:00.000,2018,1,29,21,22006KT,20,10
2018-01-29 22:00:00.000,2018,1,29,22,23010KT,19,12
2018-01-29 23:00:00.000,2018,1,29,23,31010KT,17,11
2018-01-30 00:00:00.000,2018,1,30,0,31005KT,15,10
2018-01-30 01:00:00.000,2018,1,30,1,VRB02KT,13,10
2018-01-30 02:00:00.000,2018,1,30,2,VRB02KT,13,10
2018-01-30 03:00:00.000,2018,1,30,3,10004KT,13,09
2018-01-30 04:00:00.000,2018,1,30,4,13004KT,12,08
2018-01-30 05:00:00.000,2018,1,30,5,VRB02KT,10,08
2018-01-30 06:00:00.000,2018,1,30,6,VRB02KT,10,09
2018-01-30 07:00:00.000,2018,1,30,7,00000KT,09,08
2018-01-30 08:00:00.000,2018,1,30,8,35003KT,05,04
2018-01-30 09:00:00.000,2018,1,30,9,00000KT,07,06
2018-01-30 12:00:00.000,2018,1,30,12,02004KT,08,08
2018-01-30 14:00:00.000,2018,1,30,14,03006KT,11,10
2018-01-30 15:00:00.000,2018,1,30,15,07004KT,17,10
2018-01-30 16:00:00.000,2018,1,30,16,36003KT,20,10
2018-01-30 17:00:00.000,2018,1,30,17,21007KT,21,06
2018-01-30 18:00:00.000,2018,1,30,18,17011KT,22,06
2018-01-30 19:00:00.000,2018,1,30,19,23012KT,20,10
2018-01-30 20:00:00.000,2018,1,30,20,26010KT,18,11
2018-01-30 21:00:00.000,2018,1,30,21,30009KT,17,12
2018-01-30 22:00:00.000,2018,1,30,22,28008KT,17,11
2018-01-30 23:00:00.000,2018,1,30,23,31006KT,15,11
2018-01-31 00:00:00.000,2018,1,31,0,26005KT,15,10
2018-01-31 01:00:00.000,2018,1,31,1,VRB02KT,12,10
2018-01-31 02:00:00.000,2018,1,31,2,34003KT,12,09
2018-01-31 03:00:00.000,2018,1,31,3,VRB02KT,12,10
2018-01-31 04:00:00.000,2018,1,31,4,VRB02KT,12,10
2018-01-31 05:00:00.000,2018,1,31,5,VRB03KT,13,08
2018-01-31 06:00:00.000,2018,1,31,6,00000KT,10,09
2018-01-31 07:00:00.000,2018,1,31,7,VRB02KT,08,06
2018-01-31 08:00:00.000,2018,1,31,8,VRB02KT,08,07
2018-01-31 09:00:00.000,2018,1,31,9,02003KT,06,05
2018-01-31 10:00:00.000,2018,1,31,10,VRB02KT,05,05
2018-01-31 11:00:00.000,2018,1,31,11,32004KT,05,05
2018-01-31 12:00:00.000,2018,1,31,12,VRB02KT,06,06
2018-01-31 13:00:00.000,2018,1,31,13,03004KT,10,09
2018-01-31 14:00:00.000,2018,1,31,14,04005KT,12,11
2018-01-31 15:00:00.000,2018,1,31,15,03005KT,15,10
2018-01-31 16:00:00.000,2018,1,31,16,VRB04KT,17,09
2018-01-31 17:00:00.000,2018,1,31,17,10007KT,20,07
2018-01-31 18:00:00.000,2018,1,31,18,13009KT,20,06
2018-01-31 19:00:00.000,2018,1,31,19,15010KT,21,06
2018-01-31 20:00:00.000,2018,1,31,20,15012KT,21,04
2018-01-31 21:00:00.000,2018,1,31,21,16012KT,21,04
2018-01-31 22:00:00.000,2018,1,31,22,18011KT,21,04
2018-01-31 23:00:00.000,2018,1,31,23,17010KT,18,05
2018-02-01 00:00:00.000,2018,2,1,0,12007KT,16,05
2018-02-01 01:00:00.000,2018,2,1,1,32004KT,13,09
2018-02-01 02:00:00.000,2018,2,1,2,31006KT,12,10
2018-02-01 03:00:00.000,2018,2,1,3,31003KT,10,09
2018-02-01 04:00:00.000,2018,2,1,4,02003KT,08,07
2018-02-01 05:00:00.000,2018,2,1,5,VRB02KT,09,08
2018-02-01 06:00:00.000,2018,2,1,6,34003KT,08,07
2018-02-01 07:00:00.000,2018,2,1,7,VRB02KT,07,07
2018-02-01 08:00:00.000,2018,2,1,8,VRB02KT,05,05
2018-02-01 09:00:00.000,2018,2,1,9,VRB02KT,05,05
2018-02-01 10:00:00.000,2018,2,1,10,32003KT,05,05
2018-02-01 11:00:00.000,2018,2,1,11,VRB02KT,04,04
2018-02-01 12:00:00.000,2018,2,1,12,03004KT,07,06
2018-02-01 13:00:00.000,2018,2,1,13,01005KT,10,08
2018-02-01 14:00:00.000,2018,2,1,14,06006KT,12,11
2018-02-01 15:00:00.000,2018,2,1,15,05004KT,17,09
2018-02-01 16:00:00.000,2018,2,1,16,06003KT,19,07
2018-02-01 17:00:00.000,2018,2,1,17,23005KT,21,08
2018-02-01 18:00:00.000,2018,2,1,18,23010G20KT,19,10
2018-02-01 19:00:00.000,2018,2,1,19,23010KT,21,10
2018-02-01 20:00:00.000,2018,2,1,20,23011KT,21,10
2018-02-01 21:00:00.000,2018,2,1,21,25012KT,20,11
2018-02-01 22:00:00.000,2018,2,1,22,25011KT,19,10
2018-02-01 23:00:00.000,2018,2,1,23,26009KT,17,11
2018-02-02 00:00:00.000,2018,2,2,0,22004KT,16,12
2018-02-02 01:00:00.000,2018,2,2,1,25004KT,15,12
2018-02-02 02:00:00.000,2018,2,2,2,VRB02KT,12,10
2018-02-02 03:00:00.000,2018,2,2,3,VRB02KT,13,12
2018-02-02 04:00:00.000,2018,2,2,4,30004KT,12,11
2018-02-02 05:00:00.000,2018,2,2,5,00000KT,13,11
2018-02-02 06:00:00.000,2018,2,2,6,VRB02KT,11,10
2018-02-02 07:00:00.000,2018,2,2,7,VRB02KT,10,09
2018-02-02 08:00:00.000,2018,2,2,8,VRB02KT,11,10
2018-02-02 09:00:00.000,2018,2,2,9,26005KT,11,10
2018-02-02 10:00:00.000,2018,2,2,10,VRB02KT,09,08
2018-02-02 11:00:00.000,2018,2,2,11,VRB02KT,10,09
2018-02-02 12:00:00.000,2018,2,2,12,35003KT,11,09
2018-02-02 12:13:00.000,2018,2,2,12,VRB02KT,12,10
2018-02-02 13:00:00.000,2018,2,2,13,04003KT,13,10
2018-02-02 14:00:00.000,2018,2,2,14,VRB02KT,16,09
2018-02-02 14:25:00.000,2018,2,2,14,22004KT,18,09
2018-02-02 15:00:00.000,2018,2,2,15,VRB03KT,18,09
2018-02-02 16:00:00.000,2018,2,2,16,21006KT,21,09
2018-02-02 17:00:00.000,2018,2,2,17,28014KT,21,11
2018-02-02 18:00:00.000,2018,2,2,18,29010KT,21,11
2018-02-02 19:00:00.000,2018,2,2,19,27013KT,20,11
2018-02-02 20:00:00.000,2018,2,2,20,27011KT,19,11
2018-02-02 21:00:00.000,2018,2,2,21,24010KT,19,11
2018-02-02 22:00:00.000,2018,2,2,22,25008KT,17,11
2018-02-02 23:00:00.000,2018,2,2,23,28008KT,16,11
2018-02-03 00:00:00.000,2018,2,3,0,33003KT,14,11
2018-02-03 01:00:00.000,2018,2,3,1,34004KT,13,10
2018-02-03 02:00:00.000,2018,2,3,2,32005KT,12,10
2018-02-03 03:00:00.000,2018,2,3,3,VRB02KT,12,11
2018-02-03 04:00:00.000,2018,2,3,4,27005KT,13,10
2018-02-03 05:00:00.000,2018,2,3,5,35003KT,10,09
2018-02-03 06:00:00.000,2018,2,3,6,VRB02KT,10,09
2018-02-03 07:00:00.000,2018,2,3,7,VRB02KT,10,09
2018-02-03 08:00:00.000,2018,2,3,8,VRB02KT,09,08
2018-02-03 09:00:00.000,2018,2,3,9,VRB02KT,09,09
2018-02-03 10:00:00.000,2018,2,3,10,36004KT,10,10
2018-02-03 10:30:00.000,2018,2,3,10,36003KT,08,08
2018-02-03 11:00:00.000,2018,2,3,11,36003KT,09,09
2018-02-03 11:15:00.000,2018,2,3,11,33003KT,10,10
2018-02-03 12:00:00.000,2018,2,3,12,VRB02KT,10,10
2018-02-03 13:00:00.000,2018,2,3,13,36003KT,13,11
2018-02-03 14:00:00.000,2018,2,3,14,34003KT,14,12
2018-02-03 14:30:00.000,2018,2,3,14,12003KT,17,11
2018-02-03 15:00:00.000,2018,2,3,15,16003KT,18,10
2018-02-03 16:00:00.000,2018,2,3,16,VRB02KT,20,10
2018-02-03 17:00:00.000,2018,2,3,17,35003KT,20,08
2018-02-03 18:00:00.000,2018,2,3,18,26009KT,20,10
2018-02-03 19:00:00.000,2018,2,3,19,28012KT,19,10
2018-02-03 20:00:00.000,2018,2,3,20,29012KT,18,11
2018-02-03 21:00:00.000,2018,2,3,21,27009KT,17,11
2018-02-03 22:00:00.000,2018,2,3,22,28008KT,18,11
2018-02-03 23:00:00.000,2018,2,3,23,27008KT,15,11
2018-02-04 00:00:00.000,2018,2,4,0,28005KT,14,12
2018-02-04 01:00:00.000,2018,2,4,1,VRB02KT,12,10
2018-02-04 02:00:00.000,2018,2,4,2,VRB02KT,12,11
2018-02-04 03:00:00.000,2018,2,4,3,34005KT,13,12
2018-02-04 04:00:00.000,2018,2,4,4,VRB02KT,12,11
2018-02-04 05:00:00.000,2018,2,4,5,32004KT,13,12
2018-02-04 06:00:00.000,2018,2,4,6,22003KT,13,11
2018-02-04 07:00:00.000,2018,2,4,7,VRB02KT,12,11
2018-02-04 08:00:00.000,2018,2,4,8,VRB02KT,13,11
2018-02-04 09:00:00.000,2018,2,4,9,VRB02KT,12,10
2018-02-04 10:00:00.000,2018,2,4,10,VRB02KT,12,11
2018-02-04 10:30:00.000,2018,2,4,10,VRB02KT,12,11
2018-02-04 11:00:00.000,2018,2,4,11,VRB02KT,12,11
2018-02-04 12:00:00.000,2018,2,4,12,VRB02KT,13,12
2018-02-04 13:00:00.000,2018,2,4,13,29004KT,14,12
2018-02-04 14:00:00.000,2018,2,4,14,VRB02KT,16,12
2018-02-04 15:00:00.000,2018,2,4,15,29004KT,17,11
2018-02-04 16:00:00.000,2018,2,4,16,26005KT,19,11
2018-02-04 17:00:00.000,2018,2,4,17,25007KT,19,10
2018-02-04 18:00:00.000,2018,2,4,18,28011KT,19,12
2018-02-04 19:00:00.000,2018,2,4,19,27009KT,21,11
2018-02-04 20:00:00.000,2018,2,4,20,26009KT,20,11
2018-02-04 21:00:00.000,2018,2,4,21,27012KT,20,11
2018-02-04 22:00:00.000,2018,2,4,22,29011KT,19,11
2018-02-04 23:00:00.000,2018,2,4,23,250007T,16,11
2018-02-05 00:00:00.000,2018,2,5,0,27005KT,15,11
2018-02-05 01:00:00.000,2018,2,5,1,31003KT,13,11
2018-02-05 02:00:00.000,2018,2,5,2,25003KT,13,11
2018-02-05 03:00:00.000,2018,2,5,3,33004KT,11,10
2018-02-05 04:00:00.000,2018,2,5,4,28005KT,12,11
2018-02-05 05:00:00.000,2018,2,5,5,35003KT,13,12
2018-02-05 06:00:00.000,2018,2,5,6,32005KT,13,11
2018-02-05 07:00:00.000,2018,2,5,7,31004KT,13,11
2018-02-05 08:00:00.000,2018,2,5,8,VRB02KT,12,11
2018-02-05 09:00:00.000,2018,2,5,9,26003KT,12,11
2018-02-05 10:00:00.000,2018,2,5,10,VRB02KT,11,10
2018-02-05 10:30:00.000,2018,2,5,10,05006KT,11,10
2018-02-05 11:00:00.000,2018,2,5,11,34003KT,10,09
2018-02-05 12:00:00.000,2018,2,5,12,28003KT,12,11
2018-02-05 13:00:00.000,2018,2,5,13,VRB02KT,15,12
2018-02-05 14:00:00.000,2018,2,5,14,03003KT,17,12
2018-02-05 15:00:00.000,2018,2,5,15,10003KT,19,11
2018-02-05 16:00:00.000,2018,2,5,16,29005KT,20,10
2018-02-05 17:00:00.000,2018,2,5,17,30007KT,21,11
2018-02-05 18:00:00.000,2018,2,5,18,27013KT,22,10
2018-02-05 19:00:00.000,2018,2,5,19,27013KT,22,11
2018-02-05 20:00:00.000,2018,2,5,20,31012KT,21,11
2018-02-05 21:00:00.000,2018,2,5,21,27012KT,20,11
2018-02-05 22:00:00.000,2018,2,5,22,28011KT,18,11
2018-02-05 23:00:00.000,2018,2,5,23,32005KT,16,11
2018-02-06 00:00:00.000,2018,2,6,0,31008KT,14,11
2018-02-06 01:00:00.000,2018,2,6,1,30006KT,14,11
2018-02-06 02:00:00.000,2018,2,6,2,31004KT,13,11
2018-02-06 03:00:00.000,2018,2,6,3,32004KT,13,11
2018-02-06 04:00:00.000,2018,2,6,4,VRB02KT,12,10
2018-02-06 05:00:00.000,2018,2,6,5,03003KT,12,11
2018-02-06 06:00:00.000,2018,2,6,6,VRB02KT,12,11
2018-02-06 07:00:00.000,2018,2,6,7,VRB02KT,11,10
2018-02-06 08:00:00.000,2018,2,6,8,04004KT,12,10
2018-02-06 09:00:00.000,2018,2,6,9,VRB02KT,12,10
2018-02-06 10:00:00.000,2018,2,6,10,VRB02KT,10,09
2018-02-06 10:30:00.000,2018,2,6,10,VRB02KT,10,09
2018-02-06 11:00:00.000,2018,2,6,11,VRB02KT,09,08
2018-02-06 12:00:00.000,2018,2,6,12,VRB02KT,11,09
2018-02-06 12:15:00.000,2018,2,6,12,06003KT,13,11
2018-02-06 13:00:00.000,2018,2,6,13,02005KT,13,11
2018-02-06 14:00:00.000,2018,2,6,14,04006KT,15,11
2018-02-06 14:15:00.000,2018,2,6,14,08004KT,17,10
2018-02-06 15:00:00.000,2018,2,6,15,15003KT,19,09
2018-02-06 16:00:00.000,2018,2,6,16,13007KT,20,09
2018-02-06 17:00:00.000,2018,2,6,17,36004KT,21,09
2018-02-06 17:25:00.000,2018,2,6,17,28006KT,23,08
2018-02-06 17:35:00.000,2018,2,6,17,23012KT,21,13
2018-02-06 18:00:00.000,2018,2,6,18,25013KT,20,13
2018-02-06 19:00:00.000,2018,2,6,19,26014KT,21,12
2018-02-06 20:00:00.000,2018,2,6,20,26015KT,20,12
2018-02-06 21:00:00.000,2018,2,6,21,25011KT,19,10
2018-02-06 22:00:00.000,2018,2,6,22,31007KT,18,11
2018-02-06 23:00:00.000,2018,2,6,23,30009KT,17,11
2018-02-07 00:00:00.000,2018,2,7,0,30004KT,15,11
2018-02-07 01:00:00.000,2018,2,7,1,30005KT,14,12
2018-02-07 02:00:00.000,2018,2,7,2,30004KT,14,12
2018-02-07 03:00:00.000,2018,2,7,3,05005KT,12,10
2018-02-07 04:00:00.000,2018,2,7,4,01004KT,13,11
2018-02-07 05:00:00.000,2018,2,7,5,36003KT,12,11
2018-02-07 06:00:00.000,2018,2,7,6,34005KT,12,11
2018-02-07 07:00:00.000,2018,2,7,7,34004KT,13,11
2018-02-07 08:00:00.000,2018,2,7,8,36004KT,13,11
2018-02-07 09:00:00.000,2018,2,7,9,36003KT,13,11
2018-02-07 10:00:00.000,2018,2,7,10,36003KT,13,11
2018-02-07 10:30:00.000,2018,2,7,10,36005KT,13,10
2018-02-07 11:00:00.000,2018,2,7,11,01006KT,13,10
2018-02-07 12:00:00.000,2018,2,7,12,VRB02KT,13,10
2018-02-07 13:00:00.000,2018,2,7,13,03005KT,14,11
2018-02-07 14:00:00.000,2018,2,7,14,06006KT,16,10
2018-02-07 15:00:00.000,2018,2,7,15,04005KT,18,10
2018-02-07 16:00:00.000,2018,2,7,16,VRB04KT,20,09
2018-02-07 17:00:00.000,2018,2,7,17,02006KT,21,08
2018-02-07 18:00:00.000,2018,2,7,18,30008KT,20,10
2018-02-07 19:00:00.000,2018,2,7,19,29012KT,22,10
2018-02-07 20:00:00.000,2018,2,7,20,26012KT,22,08
2018-02-07 21:00:00.000,2018,2,7,21,27014KT,21,09
2018-02-07 22:00:00.000,2018,2,7,22,26014KT,19,10
2018-02-07 23:00:00.000,2018,2,7,23,26011KT,16,11
2018-02-08 00:00:00.000,2018,2,8,0,25005KT,15,12
2018-02-08 01:00:00.000,2018,2,8,1,26004KT,15,12
2018-02-08 02:00:00.000,2018,2,8,2,30004KT,14,11
2018-02-08 03:00:00.000,2018,2,8,3,25006KT,13,10
2018-02-08 04:00:00.000,2018,2,8,4,31007KT,10,08
2018-02-08 05:00:00.000,2018,2,8,5,34003KT,09,08
2018-02-08 06:00:00.000,2018,2,8,6,VRB02KT,10,08
2018-02-08 07:00:00.000,2018,2,8,7,31004KT,07,06
2018-02-08 08:00:00.000,2018,2,8,8,32003KT,06,05
2018-02-08 09:00:00.000,2018,2,8,9,VRB002KT,05,05
2018-02-08 10:00:00.000,2018,2,8,10,27004KT,04,04
2018-02-08 10:30:00.000,2018,2,8,10,30005KT,04,04
2018-02-08 11:00:00.000,2018,2,8,11,VRB02KT,05,05
2018-02-08 11:15:00.000,2018,2,8,11,32003KT,06,05
2018-02-08 12:00:00.000,2018,2,8,12,05006KT,08,08
2018-02-08 12:30:00.000,2018,2,8,12,32004KT,09,08
2018-02-08 13:00:00.000,2018,2,8,13,VRB02KT,10,09
2018-02-08 13:30:00.000,2018,2,8,13,02004KT,12,10
2018-02-08 14:00:00.000,2018,2,8,14,03005KT,14,10
2018-02-08 14:40:00.000,2018,2,8,14,24004KT,17,09
2018-02-08 15:00:00.000,2018,2,8,15,VRB02KT,18,10
2018-02-08 16:00:00.000,2018,2,8,16,28004KT,20,07
2018-02-08 17:00:00.000,2018,2,8,17,31006KT,20,07
2018-02-08 18:00:00.000,2018,2,8,18,27009KT,20,09
2018-02-08 19:00:00.000,2018,2,8,19,26010KT,20,08
2018-02-08 20:00:00.000,2018,2,8,20,27011KT,21,10
2018-02-08 21:00:00.000,2018,2,8,21,28014KT,20,10
2018-02-08 22:00:00.000,2018,2,8,22,27011KT,19,11
2018-02-08 23:00:00.000,2018,2,8,23,26009KT,16,12
2018-02-09 00:00:00.000,2018,2,9,0,24008KT,15,11
2018-02-09 01:00:00.000,2018,2,9,1,24004KT,15,11
2018-02-09 02:00:00.000,2018,2,9,2,30005KT,13,11
2018-02-09 03:00:00.000,2018,2,9,3,30005KT,13,11
2018-02-09 04:00:00.000,2018,2,9,4,34004KT,13,11
2018-02-09 05:00:00.000,2018,2,9,5,03005KT,13,10
2018-02-09 06:00:00.000,2018,2,9,6,35004KT,13,10
2018-02-09 07:00:00.000,2018,2,9,7,07007KT,13,10
2018-02-09 08:00:00.000,2018,2,9,8,02007KT,12,09
2018-02-09 09:00:00.000,2018,2,9,9,05006KT,12,09
2018-02-09 10:00:00.000,2018,2,9,10,03005KT,11,09
2018-02-09 10:30:00.000,2018,2,9,10,36003KT,11,09
2018-02-09 11:00:00.000,2018,2,9,11,03005KT,12,09
2018-02-09 12:00:00.000,2018,2,9,12,03006KT,12,09
2018-02-09 13:00:00.000,2018,2,9,13,04005KT,13,09
2018-02-09 14:00:00.000,2018,2,9,14,03006KT,15,08
2018-02-09 14:30:00.000,2018,2,9,14,06007KT,17,08
2018-02-09 15:00:00.000,2018,2,9,15,07007KT,17,08
2018-02-09 16:00:00.000,2018,2,9,16,08007KT,17,08
2018-02-09 17:00:00.000,2018,2,9,17,10005KT,19,07
2018-02-09 18:00:00.000,2018,2,9,18,VRB02KT,20,07
2018-02-09 19:00:00.000,2018,2,9,19,13006KT,21,06
2018-02-09 20:00:00.000,2018,2,9,20,30004KT,19,09
2018-02-09 21:00:00.000,2018,2,9,21,23012KT,19,10
2018-02-09 22:00:00.000,2018,2,9,22,24010KT,18,11
2018-02-09 23:00:00.000,2018,2,9,23,25010KT,16,11
2018-02-10 00:00:00.000,2018,2,10,0,24005KT,15,11
2018-02-10 01:00:00.000,2018,2,10,1,VRB02KT,14,11
2018-02-10 02:00:00.000,2018,2,10,2,11003KT,14,11
2018-02-10 03:00:00.000,2018,2,10,3,VRB03KT,13,09
2018-02-10 04:00:00.000,2018,2,10,4,06004KT,13,09
2018-02-10 05:00:00.000,2018,2,10,5,01004KT,12,08
2018-02-10 06:00:00.000,2018,2,10,6,01005KT,12,08
2018-02-10 07:00:00.000,2018,2,10,7,04006KT,11,08
2018-02-10 08:00:00.000,2018,2,10,8,05006KT,11,08
2018-02-10 09:00:00.000,2018,2,10,9,05008KT,11,08
2018-02-10 10:00:00.000,2018,2,10,10,04008KT,11,07
2018-02-10 11:00:00.000,2018,2,10,11,04006KT,11,07
2018-02-10 12:00:00.000,2018,2,10,12,02005KT,11,06
2018-02-10 13:00:00.000,2018,2,10,13,03006KT,13,07
2018-02-10 14:00:00.000,2018,2,10,14,02005KT,15,07
2018-02-10 15:00:00.000,2018,2,10,15,VRB02KT,17,06
2018-02-10 16:00:00.000,2018,2,10,16,25005KT,19,06
2018-02-10 17:00:00.000,2018,2,10,17,26004KT,21,02
2018-02-10 18:00:00.000,2018,2,10,18,12007KT,21,02
2018-02-10 19:00:00.000,2018,2,10,19,09006KT,21,04
2018-02-10 20:00:00.000,2018,2,10,20,24008KT,19,08
2018-02-10 21:00:00.000,2018,2,10,21,25010KT,20,09
2018-02-10 22:00:00.000,2018,2,10,22,28008KT,18,09
2018-02-10 23:00:00.000,2018,2,10,23,30006KT,17,09
2018-02-11 00:00:00.000,2018,2,11,0,22007KT,16,07
2018-02-11 01:00:00.000,2018,2,11,1,VRB02KT,15,04
2018-02-11 02:00:00.000,2018,2,11,2,VRB02KT,14,05
2018-02-11 03:00:00.000,2018,2,11,3,VRB02KT,13,05
2018-02-11 04:00:00.000,2018,2,11,4,05004KT,12,06
2018-02-11 05:00:00.000,2018,2,11,5,03006KT,11,07
2018-02-11 06:00:00.000,2018,2,11,6,06004KT,09,06
2018-02-11 07:00:00.000,2018,2,11,7,RB02KT,08,06
2018-02-11 08:00:00.000,2018,2,11,8,VRB02KT,09,07
2018-02-11 09:00:00.000,2018,2,11,9,04006KT,09,07
2018-02-11 10:00:00.000,2018,2,11,10,01005KT,10,07
2018-02-11 10:30:00.000,2018,2,11,10,05006KT,09,07
2018-02-11 11:00:00.000,2018,2,11,11,05004KT,09,07
2018-02-11 12:00:00.000,2018,2,11,12,05003KT,10,07
2018-02-11 13:00:00.000,2018,2,11,13,04006KT,12,06
2018-02-11 14:00:00.000,2018,2,11,14,14005KT,17,04
2018-02-11 15:00:00.000,2018,2,11,15,13006KT,20,02
2018-02-11 16:00:00.000,2018,2,11,16,20005KT,21,02
2018-02-11 17:00:00.000,2018,2,11,17,07004KT,21,01
2018-02-11 18:00:00.000,2018,2,11,18,VRB04KT,19,08
2018-02-11 19:00:00.000,2018,2,11,19,18006KT,20,09
2018-02-11 20:00:00.000,2018,2,11,20,13009KT,19,06
2018-02-11 21:00:00.000,2018,2,11,21,14008KT,20,05
2018-02-11 22:00:00.000,2018,2,11,22,08010KT,18,06
2018-02-11 23:00:00.000,2018,2,11,23,13010KT,17,05
2018-02-12 00:00:00.000,2018,2,12,0,17008KT,17,05
2018-02-12 01:00:00.000,2018,2,12,1,18008KT,16,06
2018-02-12 02:00:00.000,2018,2,12,2,18007KT,15,06
2018-02-12 03:00:00.000,2018,2,12,3,04005KT,12,07
2018-02-12 04:00:00.000,2018,2,12,4,VRB02KT,11,07
2018-02-12 05:00:00.000,2018,2,12,5,VRB02KT,11,07
2018-02-12 06:00:00.000,2018,2,12,6,VRB02KT,11,08
2018-02-12 17:00:00.000,2018,2,12,17,VRB02KT,19,06
2018-02-12 18:00:00.000,2018,2,12,18,26008KT,18,09
2018-02-12 19:00:00.000,2018,2,12,19,27011KT,19,09
2018-02-12 20:00:00.000,2018,2,12,20,31007KT,17,10
2018-02-12 21:00:00.000,2018,2,12,21,23008KT,16,10
2018-02-12 22:00:00.000,2018,2,12,22,25007KT,16,10
2018-02-12 23:00:00.000,2018,2,12,23,28007KT,15,08
2018-02-13 00:00:00.000,2018,2,13,0,26004KT,14,10
2018-02-13 01:00:00.000,2018,2,13,1,VRB02KT,14,10
2018-02-13 02:00:00.000,2018,2,13,2,VRB02KT,13,09
2018-02-13 03:00:00.000,2018,2,13,3,01004KT,13,08
2018-02-13 04:00:00.000,2018,2,13,4,VRB02KT,11,07
2018-02-13 05:00:00.000,2018,2,13,5,36004KT,11,07
2018-02-13 06:00:00.000,2018,2,13,6,34005KT,10,08
2018-02-13 07:00:00.000,2018,2,13,7,VRB02KT,09,07
2018-02-13 08:00:00.000,2018,2,13,8,VRB02KT,09,07
2018-02-13 09:00:00.000,2018,2,13,9,30003KT,08,07
2018-02-13 10:00:00.000,2018,2,13,10,02003KT,08,07
2018-02-13 11:00:00.000,2018,2,13,11,VRB02KT,08,07
2018-02-13 12:00:00.000,2018,2,13,12,04004KT,09,08
2018-02-13 13:00:00.000,2018,2,13,13,04003KT,09,08
2018-02-13 14:00:00.000,2018,2,13,14,01003KT,16,09
2018-02-13 15:00:00.000,2018,2,13,15,VRB02KT,17,08
2018-02-13 16:00:00.000,2018,2,13,16,03004KT,19,09
2018-02-13 17:00:00.000,2018,2,13,17,28009KT,20,08
2018-02-13 18:00:00.000,2018,2,13,18,26012KT,20,08
2018-02-13 20:00:00.000,2018,2,13,20,27012KT,18,10
2018-02-14 14:00:00.000,2018,2,14,14,VRB02KT,15,10
2018-02-14 14:25:00.000,2018,2,14,14,33003KT,17,10
2018-02-14 15:25:00.000,2018,2,14,15,VRB03KT,20,09
2018-02-14 16:00:00.000,2018,2,14,16,30004KT,19,09
2018-02-14 17:00:00.000,2018,2,14,17,25011KT,20,09
2018-02-14 18:00:00.000,2018,2,14,18,23013KT,20,10
2018-02-14 19:00:00.000,2018,2,14,19,25013KT,20,10
2018-02-14 20:00:00.000,2018,2,14,20,25013KT,20,11
2018-02-14 21:00:00.000,2018,2,14,21,26012KT,18,11
2018-02-14 22:00:00.000,2018,2,14,22,27008KT,16,11
2018-02-14 23:00:00.000,2018,2,14,23,30009KT,15,12
2018-02-15 00:00:00.000,2018,2,15,0,26006KT,15,12
2018-02-15 00:30:00.000,2018,2,15,0,02006KT,13,11
2018-02-15 01:00:00.000,2018,2,15,1,05005KT,12,11
2018-02-15 01:20:00.000,2018,2,15,1,07004KT,12,11
2018-02-15 02:00:00.000,2018,2,15,2,04004KT,12,11
2018-02-15 02:15:00.000,2018,2,15,2,05004KT,12,11
2018-02-15 03:00:00.000,2018,2,15,3,07003KT,12,11
2018-02-15 04:00:00.000,2018,2,15,4,04004KT,12,11
2018-02-15 05:00:00.000,2018,2,15,5,02003KT,12,11
2018-02-15 06:00:00.000,2018,2,15,6,03003KT,12,11
2018-02-15 07:00:00.000,2018,2,15,7,04005KT,12,11
2018-02-15 08:00:00.000,2018,2,15,8,05005KT,12,10
2018-02-15 09:00:00.000,2018,2,15,9,VRB02KT,12,10
2018-02-15 10:00:00.000,2018,2,15,10,VRB02KT,11,10
2018-02-15 10:30:00.000,2018,2,15,10,VRB02KT,11,10
2018-02-15 11:00:00.000,2018,2,15,11,03003KT,11,10
2018-02-15 12:00:00.000,2018,2,15,12,05005KT,12,10
2018-02-15 13:00:00.000,2018,2,15,13,06005KT,14,11
2018-02-15 14:00:00.000,2018,2,15,14,07004KT,15,10
2018-02-15 15:00:00.000,2018,2,15,15,06003KT,16,10
2018-02-15 16:00:00.000,2018,2,15,16,03004KT,18,09
2018-02-15 17:00:00.000,2018,2,15,17,33003KT,18,09
2018-02-15 18:00:00.000,2018,2,15,18,VRB03KT,20,09
2018-02-15 18:25:00.000,2018,2,15,18,28010KT,18,11
2018-02-15 19:00:00.000,2018,2,15,19,27009KT,19,11
2018-02-15 20:00:00.000,2018,2,15,20,24012KT,18,11
2018-02-15 21:00:00.000,2018,2,15,21,25009KT,18,11
2018-02-15 22:00:00.000,2018,2,15,22,24007KT,17,11
2018-02-15 23:00:00.000,2018,2,15,23,26007KT,16,11
2018-02-16 00:00:00.000,2018,2,16,0,VRB02KT,14,11
2018-02-16 01:00:00.000,2018,2,16,1,24005KT,15,11
2018-02-16 02:00:00.000,2018,2,16,2,36004KT,14,11
2018-02-16 03:00:00.000,2018,2,16,3,03006KT,13,11
2018-02-16 04:00:00.000,2018,2,16,4,03006KT,13,10
2018-02-16 05:00:00.000,2018,2,16,5,03005KT,13,10
2018-02-16 06:00:00.000,2018,2,16,6,04004KT,12,10
2018-02-16 07:00:00.000,2018,2,16,7,06005KT,11,09
2018-02-16 08:00:00.000,2018,2,16,8,04005KT,10,09
2018-02-16 09:00:00.000,2018,2,16,9,VRB02KT,11,09
2018-02-16 10:00:00.000,2018,2,16,10,05005KT,11,10
2018-02-16 10:30:00.000,2018,2,16,10,05005KT,10,09
2018-02-16 11:00:00.000,2018,2,16,11,VRB02KT,10,09
2018-02-16 12:00:00.000,2018,2,16,12,03006KT,11,09
2018-02-16 13:00:00.000,2018,2,16,13,04008KT,13,09
2018-02-16 14:00:00.000,2018,2,16,14,11006KT,15,08
2018-02-16 15:00:00.000,2018,2,16,15,10008KT,17,08
2018-02-16 16:00:00.000,2018,2,16,16,07008KT,18,07
2018-02-16 17:00:00.000,2018,2,16,17,VRB05KT,20,08
2018-02-16 18:00:00.000,2018,2,16,18,07004KT,21,07
2018-02-16 19:00:00.000,2018,2,16,19,25008KT,18,11
2018-02-16 20:00:00.000,2018,2,16,20,27007KT,20,11
2018-02-16 21:00:00.000,2018,2,16,21,34009KT,17,11
2018-02-16 21:10:00.000,2018,2,16,21,35006KT,16,12
2018-02-16 21:30:00.000,2018,2,16,21,34007KT,15,12
2018-02-16 22:00:00.000,2018,2,16,22,36007KT,14,12
2018-02-16 23:00:00.000,2018,2,16,23,24005KT,14,12
2018-02-17 00:00:00.000,2018,2,17,0,30004KT,15,12
2018-02-17 01:00:00.000,2018,2,17,1,26005KT,14,11
2018-02-17 02:00:00.000,2018,2,17,2,26005KT,14,11
2018-02-17 03:00:00.000,2018,2,17,3,31003KT,13,11
2018-02-17 04:00:00.000,2018,2,17,4,05003KT,13,11
2018-02-17 05:00:00.000,2018,2,17,5,07003KT,13,10
2018-02-17 06:00:00.000,2018,2,17,6,08005KT,12,10
2018-02-17 07:00:00.000,2018,2,17,7,06003KT,13,10
2018-02-17 08:00:00.000,2018,2,17,8,09004KT,14,09
2018-02-17 09:00:00.000,2018,2,17,9,03004KT,11,09
2018-02-17 10:00:00.000,2018,2,17,10,06005KT,11,09
2018-02-17 10:30:00.000,2018,2,17,10,05004KT,11,09
2018-02-17 11:00:00.000,2018,2,17,11,05005KT,10,08
2018-02-17 12:00:00.000,2018,2,17,12,04006KT,12,09
2018-02-17 13:00:00.000,2018,2,17,13,05007KT,14,10
2018-02-17 13:20:00.000,2018,2,17,13,09006KT,16,08
2018-02-17 14:00:00.000,2018,2,17,14,14007KT,18,08
2018-02-17 15:00:00.000,2018,2,17,15,07005KT,18,07
2018-02-17 16:00:00.000,2018,2,17,16,05007KT,18,08
2018-02-17 17:00:00.000,2018,2,17,17,03010KT,18,08
2018-02-17 18:00:00.000,2018,2,17,18,07005KT,19,07
2018-02-17 19:00:00.000,2018,2,17,19,02008KT,18,08
2018-02-17 20:00:00.000,2018,2,17,20,25009KT,15,11
2018-02-17 21:00:00.000,2018,2,17,21,29005KT,18,10
2018-02-17 22:00:00.000,2018,2,17,22,29005KT,17,10
2018-02-17 23:00:00.000,2018,2,17,23,25006KT,16,12
2018-02-18 00:00:00.000,2018,2,18,0,24005KT,14,11
2018-02-18 01:00:00.000,2018,2,18,1,24005KT,15,10
2018-02-18 02:00:00.000,2018,2,18,2,VRB02KT,14,10
2018-02-18 03:00:00.000,2018,2,18,3,27004KT,15,10
2018-02-18 04:00:00.000,2018,2,18,4,00000KT,14,11
2018-02-18 05:00:00.000,2018,2,18,5,04005KT,14,12
2018-02-18 06:00:00.000,2018,2,18,6,01003KT,13,11
2018-02-18 07:00:00.000,2018,2,18,7,VRB02KT,12,11
2018-02-18 08:00:00.000,2018,2,18,8,VRB02KT,13,11
2018-02-18 09:00:00.000,2018,2,18,9,VRB02KT,12,11
2018-02-18 10:00:00.000,2018,2,18,10,VRB02KT,12,11
2018-02-18 10:30:00.000,2018,2,18,10,VRB02KT,12,11
2018-02-18 11:00:00.000,2018,2,18,11,VRB02KT,12,11
2018-02-18 11:27:00.000,2018,2,18,11,34003KT,12,11
2018-02-18 12:00:00.000,2018,2,18,12,VRB02KT,12,11
2018-02-18 13:00:00.000,2018,2,18,13,05005KT,14,12
2018-02-18 14:00:00.000,2018,2,18,14,05005KT,14,12
2018-02-18 15:00:00.000,2018,2,18,15,05005KT,17,10
2018-02-18 16:00:00.000,2018,2,18,16,13006KT,18,10
2018-02-18 17:00:00.000,2018,2,18,17,31006KT,17,11
2018-02-18 18:00:00.000,2018,2,18,18,VRB02KT,19,10
2018-02-18 19:00:00.000,2018,2,18,19,33010KT,19,11
2018-02-18 20:00:00.000,2018,2,18,20,27010KT,17,12
2018-02-18 21:00:00.000,2018,2,18,21,26010KT,17,12
2018-02-18 22:00:00.000,2018,2,18,22,32013KT,16,11
2018-02-18 23:00:00.000,2018,2,18,23,31010KT,15,11
2018-02-19 00:00:00.000,2018,2,19,0,30007KT,14,10
2018-02-19 01:00:00.000,2018,2,19,1,32006KT,13,10
2018-02-19 02:00:00.000,2018,2,19,2,27006KT,14,10
2018-02-19 03:00:00.000,2018,2,19,3,30006KT,13,10
2018-02-19 04:00:00.000,2018,2,19,4,23004KT,12,10
2018-02-19 05:00:00.000,2018,2,19,5,05003KT,11,09
2018-02-19 06:00:00.000,2018,2,19,6,32007KT,10,08
2018-02-19 07:00:00.000,2018,2,19,7,04003KT,11,09
2018-02-19 08:00:00.000,2018,2,19,8,08003KT,11,09
2018-02-19 09:00:00.000,2018,2,19,9,02003KT,11,09
2018-02-19 10:00:00.000,2018,2,19,10,01003KT,10,09
2018-02-19 10:30:00.000,2018,2,19,10,03004KT,11,09
2018-02-19 11:00:00.000,2018,2,19,11,04004KT,11,09
2018-02-19 12:00:00.000,2018,2,19,12,06004KT,13,09
2018-02-19 13:00:00.000,2018,2,19,13,02003KT,15,09
2018-02-19 14:00:00.000,2018,2,19,14,36003KT,18,08
2018-02-19 15:00:00.000,2018,2,19,15,22003KT,19,09
2018-02-19 16:00:00.000,2018,2,19,16,29005KT,19,08
2018-02-19 17:00:00.000,2018,2,19,17,VRB06KT,20,09
2018-02-19 18:00:00.000,2018,2,19,18,26009KT,21,09
2018-02-19 19:00:00.000,2018,2,19,19,27014KT,20,11
2018-02-19 20:00:00.000,2018,2,19,20,26014KT,20,12
2018-02-19 21:00:00.000,2018,2,19,21,26012KT,18,12
2018-02-19 22:00:00.000,2018,2,19,22,26010KT,17,12
2018-02-19 23:00:00.000,2018,2,19,23,27008KT,16,11
2018-02-20 00:00:00.000,2018,2,20,0,28008KT,15,11
2018-02-20 01:00:00.000,2018,2,20,1,30007KT,14,11
2018-02-20 02:00:00.000,2018,2,20,2,32004KT,13,11
2018-02-20 03:00:00.000,2018,2,20,3,33004KT,13,10
2018-02-20 04:00:00.000,2018,2,20,4,03005KT,13,10
2018-02-20 05:00:00.000,2018,2,20,5,03004KT,13,10
2018-02-20 06:00:00.000,2018,2,20,6,03006KT,13,10
2018-02-20 07:00:00.000,2018,2,20,7,34004KT,12,10
2018-02-20 08:00:00.000,2018,2,20,8,VRB02KT,12,09
2018-02-20 09:00:00.000,2018,2,20,9,04005KT,10,08
2018-02-20 10:00:00.000,2018,2,20,10,VRB02KT,09,08
2018-02-20 10:30:00.000,2018,2,20,10,VRB02KT,07,06
2018-02-20 11:00:00.000,2018,2,20,11,VRB02KT,08,06
2018-02-20 12:00:00.000,2018,2,20,12,04008KT,19,07
2018-02-20 12:20:00.000,2018,2,20,12,08006KT,11,08
2018-02-20 13:00:00.000,2018,2,20,13,07007KT,13,08
2018-02-20 13:40:00.000,2018,2,20,13,11004KT,15,09
2018-02-20 14:00:00.000,2018,2,20,14,04004KT,15,08
2018-02-20 14:10:00.000,2018,2,20,14,05008KT,17,09
2018-02-20 15:00:00.000,2018,2,20,15,07004KT,18,08
2018-02-20 16:00:00.000,2018,2,20,16,36004KT,19,08
2018-02-20 17:00:00.000,2018,2,20,17,18005KT,20,07
2018-02-20 17:29:00.000,2018,2,20,17,31010KT,22,10
2018-02-20 18:00:00.000,2018,2,20,18,28014KT,20,11
2018-02-20 18:28:00.000,2018,2,20,18,30013KT,22,09
2018-02-20 19:00:00.000,2018,2,20,19,30015KT,21,10
2018-02-20 20:00:00.000,2018,2,20,20,33013KT,20,09
2018-02-20 21:00:00.000,2018,2,20,21,28015KT,18,11
2018-02-20 22:00:00.000,2018,2,20,22,26011KT,16,11
2018-02-20 23:00:00.000,2018,2,20,23,26009KT,17,11
2018-02-21 00:00:00.000,2018,2,21,0,30007KT,14,11
2018-02-21 01:00:00.000,2018,2,21,1,17004KT,14,10
2018-02-21 02:00:00.000,2018,2,21,2,04005KT,14,10
2018-02-21 03:00:00.000,2018,2,21,3,02005KT,13,09
2018-02-21 04:00:00.000,2018,2,21,4,35004KT,11,08
2018-02-21 05:00:00.000,2018,2,21,5,34003KT,11,08
2018-02-21 06:00:00.000,2018,2,21,6,34004KT,09,08
2018-02-21 07:00:00.000,2018,2,21,7,VRB02KT,10,08
2018-02-21 08:00:00.000,2018,2,21,8,04006KT,09,08
2018-02-21 09:00:00.000,2018,2,21,9,VRB02KT,09,08
2018-02-21 10:00:00.000,2018,2,21,10,30003KT,09,08
2018-02-21 10:30:00.000,2018,2,21,10,VRB02KT,08,07
2018-02-21 11:00:00.000,2018,2,21,11,34004KT,06,05
2018-02-21 11:18:00.000,2018,2,21,11,01004KT,07,06
2018-02-21 12:00:00.000,2018,2,21,12,02005KT,09,08
2018-02-21 12:30:00.000,2018,2,21,12,04009KT,12,09
2018-02-21 13:00:00.000,2018,2,21,13,05008KT,13,09
2018-02-21 14:00:00.000,2018,2,21,14,05005KT,15,08
2018-02-21 15:00:00.000,2018,2,21,15,03005KT,17,09
2018-02-21 16:00:00.000,2018,2,21,16,04004KT,18,07
2018-02-21 17:00:00.000,2018,2,21,17,36006KT,20,08
2018-02-21 18:00:00.000,2018,2,21,18,28010KT,20,10
2018-02-21 19:00:00.000,2018,2,21,19,28014KT,19,11
2018-02-21 20:00:00.000,2018,2,21,20,25014KT,19,10
2018-02-21 21:00:00.000,2018,2,21,21,27015KT,18,10
2018-02-21 22:00:00.000,2018,2,21,22,25012KT,17,10
2018-02-21 23:00:00.000,2018,2,21,23,27008KT,16,10
2018-02-22 00:00:00.000,2018,2,22,0,27006KT,15,11
2018-02-22 01:00:00.000,2018,2,22,1,28005KT,14,11
2018-02-22 02:00:00.000,2018,2,22,2,32003KT,13,12
2018-02-22 02:10:00.000,2018,2,22,2,32003KT,13,12
2018-02-22 03:00:00.000,2018,2,22,3,36004KT,13,11
2018-02-22 04:00:00.000,2018,2,22,4,34003KT,12,11
2018-02-22 04:15:00.000,2018,2,22,4,27003KT,12,11
2018-02-22 05:00:00.000,2018,2,22,5,VRB02KT,12,11
2018-02-22 06:00:00.000,2018,2,22,6,35004KT,12,11
2018-02-22 07:00:00.000,2018,2,22,7,VRB02KT,12,11
2018-02-22 08:00:00.000,2018,2,22,8,VRB02KT,11,10
2018-02-22 09:00:00.000,2018,2,22,9,VRB02KT,10,09
2018-02-22 10:00:00.000,2018,2,22,10,VRB02KT,11,10
2018-02-22 10:30:00.000,2018,2,22,10,32004KT,10,10
2018-02-22 11:00:00.000,2018,2,22,11,31003KT,11,10
2018-02-22 12:00:00.000,2018,2,22,12,06004KT,11,10
2018-02-22 13:00:00.000,2018,2,22,13,02005KT,13,11
2018-02-22 14:00:00.000,2018,2,22,14,06006KT,14,11
2018-02-22 15:00:00.000,2018,2,22,15,08004KT,16,09
2018-02-22 16:00:00.000,2018,2,22,16,VRB02KT,17,09
2018-02-22 17:00:00.000,2018,2,22,17,31008KT,18,09
2018-02-22 17:18:00.000,2018,2,22,17,32010KT,17,10
2018-02-22 18:00:00.000,2018,2,22,18,33008KT,16,10
2018-02-22 19:00:00.000,2018,2,22,19,30006KT,16,11
2018-02-22 20:00:00.000,2018,2,22,20,31004KT,16,11
2018-02-22 21:00:00.000,2018,2,22,21,28009KT,17,10
2018-02-22 22:00:00.000,2018,2,22,22,26010KT,17,09
2018-02-22 23:00:00.000,2018,2,22,23,29007KT,15,10
2018-02-23 00:00:00.000,2018,2,23,0,28006KT,14,10
2018-02-23 01:00:00.000,2018,2,23,1,28006KT,12,09
2018-02-23 02:00:00.000,2018,2,23,2,26004KT,13,09
2018-02-23 03:00:00.000,2018,2,23,3,24004KT,12,10
2018-02-23 04:00:00.000,2018,2,23,4,29003KT,12,09
2018-02-23 05:00:00.000,2018,2,23,5,30004KT,12,09
2018-02-23 06:00:00.000,2018,2,23,6,26005KT,11,09
2018-02-23 07:00:00.000,2018,2,23,7,29006KT,11,09
2018-02-23 08:00:00.000,2018,2,23,8,29003KT,10,08
2018-02-23 09:00:00.000,2018,2,23,9,VRB02KT,10,08
2018-02-23 10:00:00.000,2018,2,23,10,25004KT,10,09
2018-02-23 10:30:00.000,2018,2,23,10,29005KT,10,08
2018-02-23 11:00:00.000,2018,2,23,11,VRB02KT,08,07
2018-02-23 11:20:00.000,2018,2,23,11,VRB02KT,09,08
2018-02-23 12:00:00.000,2018,2,23,12,VRB02KT,10,08
2018-02-23 13:00:00.000,2018,2,23,13,VRB02KT,12,10
2018-02-23 14:00:00.000,2018,2,23,14,VRB02KT,14,10
2018-02-23 15:00:00.000,2018,2,23,15,VRB02KT,15,09
2018-02-23 16:00:00.000,2018,2,23,16,32009KT,12,10
2018-02-23 17:00:00.000,2018,2,23,17,28004KT,14,10
2018-02-23 18:00:00.000,2018,2,23,18,27004KT,15,10
2018-02-23 19:00:00.000,2018,2,23,19,32006KT,17,10
2018-02-23 19:15:00.000,2018,2,23,19,29010KT,16,11
2018-02-23 20:00:00.000,2018,2,23,20,31006KT,16,09
2018-02-23 21:00:00.000,2018,2,23,21,30010KT,16,08
2018-02-23 22:00:00.000,2018,2,23,22,27008KT,16,09
2018-02-23 23:00:00.000,2018,2,23,23,32006KT,15,09
2018-02-24 00:00:00.000,2018,2,24,0,32007KT,13,09
2018-02-24 01:00:00.000,2018,2,24,1,30004KT,13,09
2018-02-24 02:00:00.000,2018,2,24,2,VRB02KT,12,10
2018-02-24 03:00:00.000,2018,2,24,3,22003KT,12,10
2018-02-24 04:00:00.000,2018,2,24,4,36005KT,12,08
2018-02-24 05:00:00.000,2018,2,24,5,32003KT,11,09
2018-02-24 06:00:00.000,2018,2,24,6,28004KT,11,09
2018-02-24 07:00:00.000,2018,2,24,7,VRB02KT,11,09
2018-02-24 08:00:00.000,2018,2,24,8,24004KT,11,09
2018-02-24 09:00:00.000,2018,2,24,9,26004KT,11,09
2018-02-24 10:00:00.000,2018,2,24,10,26003KT,11,09
2018-02-24 10:30:00.000,2018,2,24,10,27005KT,11,10
2018-02-24 11:00:00.000,2018,2,24,11,28005KT,10,09
2018-02-24 11:20:00.000,2018,2,24,11,30005KT,10,09
2018-02-24 12:00:00.000,2018,2,24,12,33004KT,10,09
2018-02-24 13:00:00.000,2018,2,24,13,VRB02KT,11,09
2018-02-24 14:00:00.000,2018,2,24,14,VRB02KT,12,10
2018-02-24 15:00:00.000,2018,2,24,15,33004KT,13,10
2018-02-24 16:00:00.000,2018,2,24,16,31007KT,15,10
2018-02-24 17:00:00.000,2018,2,24,17,31010KT,15,10
2018-02-24 18:00:00.000,2018,2,24,18,30011KT,16,10
2018-02-24 19:00:00.000,2018,2,24,19,31008KT,15,10
2018-02-24 20:00:00.000,2018,2,24,20,30010KT,17,11
2018-02-24 21:00:00.000,2018,2,24,21,32011KT,15,09
2018-02-24 22:00:00.000,2018,2,24,22,31010KT,15,09
2018-02-24 23:00:00.000,2018,2,24,23,30008KT,14,09
2018-02-25 00:00:00.000,2018,2,25,0,32005KT,11,09
2018-02-25 01:00:00.000,2018,2,25,1,VRB02KT,11,09
2018-02-25 02:00:00.000,2018,2,25,2,35004KT,10,08
2018-02-25 03:00:00.000,2018,2,25,3,33004KT,09,08
2018-02-25 04:00:00.000,2018,2,25,4,34004KT,09,08
2018-02-25 05:00:00.000,2018,2,25,5,34005KT,07,06
2018-02-25 06:00:00.000,2018,2,25,6,32003KT,08,07
2018-02-25 07:00:00.000,2018,2,25,7,33005KT,07,06
2018-02-25 08:00:00.000,2018,2,25,8,06005KT,08,07
2018-02-25 09:00:00.000,2018,2,25,9,32003KT,09,08
2018-02-25 10:00:00.000,2018,2,25,10,VRB02KT,09,08
2018-02-25 10:30:00.000,2018,2,25,10,07003KT,09,08
2018-02-25 11:00:00.000,2018,2,25,11,36004KT,09,08
2018-02-25 12:00:00.000,2018,2,25,12,VRB02KT,09,08
2018-02-25 13:00:00.000,2018,2,25,13,VRB02KT,11,09
2018-02-25 14:00:00.000,2018,2,25,14,VRB02KT,12,07
2018-02-25 15:00:00.000,2018,2,25,15,VRB02KT,14,08
2018-02-25 16:00:00.000,2018,2,25,16,26003KT,15,08
2018-02-25 17:00:00.000,2018,2,25,17,28005KT,16,07
2018-02-25 18:00:00.000,2018,2,25,18,29010KT,13,08
2018-02-25 19:00:00.000,2018,2,25,19,30007KT,15,08
2018-02-25 20:00:00.000,2018,2,25,20,30004KT,16,06
2018-02-25 20:15:00.000,2018,2,25,20,33008KT,14,10
2018-02-25 21:00:00.000,2018,2,25,21,35007KT,16,09
2018-02-25 22:00:00.000,2018,2,25,22,04007KT,15,09
2018-02-25 23:00:00.000,2018,2,25,23,01004KT,14,08
2018-02-26 00:00:00.000,2018,2,26,0,31006KT,12,07
2018-02-26 01:00:00.000,2018,2,26,1,VRB02KT,10,07
2018-02-26 02:00:00.000,2018,2,26,2,VRB02KT,10,07
2018-02-26 03:00:00.000,2018,2,26,3,31003KT,08,07
2018-02-26 04:00:00.000,2018,2,26,4,34003KT,07,06
2018-02-26 05:00:00.000,2018,2,26,5,VRB02KT,07,06
2018-02-26 06:00:00.000,2018,2,26,6,VRB02KT,07,07
2018-02-26 07:00:00.000,2018,2,26,7,VRB02KT,08,08
2018-02-26 08:00:00.000,2018,2,26,8,30003KT,08,07
2018-02-26 09:00:00.000,2018,2,26,9,VRB02KT,08,07
2018-02-26 10:00:00.000,2018,2,26,10,VRB02KT,08,07
2018-02-26 10:30:00.000,2018,2,26,10,00000KT,08,07
2018-02-26 11:00:00.000,2018,2,26,11,00000KT,08,07
2018-02-26 11:39:00.000,2018,2,26,11,VRB02KT,08,07
2018-02-26 12:00:00.000,2018,2,26,12,04004KT,08,07
2018-02-26 13:00:00.000,2018,2,26,13,01004KT,11,09
2018-02-26 13:30:00.000,2018,2,26,13,35004KT,13,10
2018-02-26 14:00:00.000,2018,2,26,14,35003KT,15,08
2018-02-26 15:00:00.000,2018,2,26,15,29005KT,17,08
2018-02-26 16:00:00.000,2018,2,26,16,31005KT,18,07
2018-02-26 17:00:00.000,2018,2,26,17,32008KT,18,07
2018-02-26 18:00:00.000,2018,2,26,18,31012KT,17,08
2018-02-26 19:00:00.000,2018,2,26,19,30012KT,18,07
2018-02-26 20:00:00.000,2018,2,26,20,30013KT,18,07
2018-02-26 21:00:00.000,2018,2,26,21,30011KT,17,07
2018-02-26 22:00:00.000,2018,2,26,22,32010KT,15,09
2018-02-26 23:00:00.000,2018,2,26,23,26008KT,14,10
2018-02-27 00:00:00.000,2018,2,27,0,30005KT,14,10
2018-02-27 01:00:00.000,2018,2,27,1,28005KT,13,10
2018-02-27 02:00:00.000,2018,2,27,2,25005KT,13,10
2018-02-27 03:00:00.000,2018,2,27,3,29005KT,12,09
2018-02-27 04:00:00.000,2018,2,27,4,32003KT,11,09
2018-02-27 05:00:00.000,2018,2,27,5,32003KT,09,08
2018-02-27 06:00:00.000,2018,2,27,6,31003KT,08,07
2018-02-27 07:00:00.000,2018,2,27,7,VRB02KT,07,06
2018-02-27 08:00:00.000,2018,2,27,8,VRB02KT,06,05
2018-02-27 09:00:00.000,2018,2,27,9,VRB02KT,05,04
2018-02-27 10:00:00.000,2018,2,27,10,VRB02KT,03,03
2018-02-27 11:00:00.000,2018,2,27,11,VRB02KT,04,03
2018-02-27 12:00:00.000,2018,2,27,12,03003KT,06,06
2018-02-27 13:00:00.000,2018,2,27,13,36004KT,10,07
2018-02-27 14:00:00.000,2018,2,27,14,0703KT,14,10
2018-02-27 14:30:00.000,2018,2,27,14,VRB02KT,16,08
2018-02-27 15:00:00.000,2018,2,27,15,26003KT,16,07
2018-02-27 16:00:00.000,2018,2,27,16,28004KT,18,07
2018-02-27 17:00:00.000,2018,2,27,17,31007KT,20,06
2018-02-27 18:00:00.000,2018,2,27,18,30011KT,20,09
2018-02-27 19:00:00.000,2018,2,27,19,32013KT,19,10
2018-02-27 20:00:00.000,2018,2,27,20,30013G23KT,20,09
2018-02-27 21:00:00.000,2018,2,27,21,29008KT,18,08
2018-02-27 22:00:00.000,2018,2,27,22,32012KT,17,08
2018-02-27 23:00:00.000,2018,2,27,23,30008KT,15,08
2018-02-28 00:00:00.000,2018,2,28,0,33005KT,11,07
2018-02-28 01:00:00.000,2018,2,28,1,30008KT,13,09
2018-02-28 02:00:00.000,2018,2,28,2,33004KT,11,09
2018-02-28 03:00:00.000,2018,2,28,3,34004KT,11,09
2018-02-28 04:00:00.000,2018,2,28,4,VRB02KT,12,09
2018-02-28 05:00:00.000,2018,2,28,5,25004KT,13,08
2018-02-28 06:00:00.000,2018,2,28,6,32003KT,10,08
2018-02-28 07:00:00.000,2018,2,28,7,32003KT,08,06
2018-02-28 08:00:00.000,2018,2,28,8,27004KT,08,08
2018-02-28 09:00:00.000,2018,2,28,9,VRB02KT,08,08
2018-02-28 10:00:00.000,2018,2,28,10,02003KT,08,08
2018-02-28 10:30:00.000,2018,2,28,10,36005KT,09,08
2018-02-28 11:00:00.000,2018,2,28,11,04003KT,09,08
2018-02-28 12:00:00.000,2018,2,28,12,07003KT,09,08
2018-02-28 12:21:00.000,2018,2,28,12,VRB02KT,11,10
2018-02-28 13:00:00.000,2018,2,28,13,02003KT,13,09
2018-02-28 13:32:00.000,2018,2,28,13,VRB02KT,15,10
2018-02-28 14:00:00.000,2018,2,28,14,VRB02KT,17,09
2018-02-28 15:00:00.000,2018,2,28,15,28003KT,17,08
2018-02-28 16:00:00.000,2018,2,28,16,VRB06KT,18,07
2018-02-28 17:00:00.000,2018,2,28,17,27008KT,20,09
2018-02-28 18:00:00.000,2018,2,28,18,30010KT,20,08
2018-02-28 19:00:00.000,2018,2,28,19,29012KT,20,08
2018-02-28 20:00:00.000,2018,2,28,20,29014KT,21,09
2018-02-28 21:00:00.000,2018,2,28,21,30012KT,20,08
2018-02-28 22:00:00.000,2018,2,28,22,31010KT,18,09
2018-02-28 23:00:00.000,2018,2,28,23,29009KT,16,10
2018-03-01 00:00:00.000,2018,3,1,0,30008KT,14,11
2018-03-01 01:00:00.000,2018,3,1,1,31009KT,14,11
2018-03-01 02:00:00.000,2018,3,1,2,VRB02KT,13,10
2018-03-01 03:00:00.000,2018,3,1,3,30005KT,13,10
2018-03-01 04:00:00.000,2018,3,1,4,29005KT,12,10
2018-03-01 05:00:00.000,2018,3,1,5,VRB02KT,10,09
2018-03-01 06:00:00.000,2018,3,1,6,VRB02KT,09,08
2018-03-01 07:00:00.000,2018,3,1,7,VRB02KT,09,08
2018-03-01 08:00:00.000,2018,3,1,8,VRB02KT,09,09
2018-03-01 09:00:00.000,2018,3,1,9,VRB02KT,08,07
2018-03-01 10:00:00.000,2018,3,1,10,VRB02KT,08,08
2018-03-01 10:30:00.000,2018,3,1,10,VRK02KT,08,07
2018-03-01 11:00:00.000,2018,3,1,11,VRB02KT,09,08
2018-03-01 12:00:00.000,2018,3,1,12,33004KT,09,09
2018-03-01 13:00:00.000,2018,3,1,13,26004KT,11,10
2018-03-01 14:00:00.000,2018,3,1,14,35006KT,14,11
2018-03-01 15:00:00.000,2018,3,1,15,35003KT,18,09
2018-03-01 16:00:00.000,2018,3,1,16,28006KT,19,07
2018-03-01 17:00:00.000,2018,3,1,17,28006KT,19,08
2018-03-01 18:00:00.000,2018,3,1,18,25010KT,19,09
2018-03-01 19:00:00.000,2018,3,1,19,25013KT,19,09
2018-03-01 20:00:00.000,2018,3,1,20,21010KT,18,09
2018-03-01 21:00:00.000,2018,3,1,21,27009KT,20,06
2018-03-01 22:00:00.000,2018,3,1,22,28009KT,19,07
2018-03-01 23:00:00.000,2018,3,1,23,29009KT,17,10
2018-03-02 00:00:00.000,2018,3,2,0,27004KT,16,11
2018-03-02 01:00:00.000,2018,3,2,1,31005KT,14,11
2018-03-02 02:00:00.000,2018,3,2,2,28003KT,13,11
2018-03-02 03:00:00.000,2018,3,2,3,VRB02KT,12,10
2018-03-02 04:00:00.000,2018,3,2,4,35003KT,11,09
2018-03-02 05:00:00.000,2018,3,2,5,05004KT,11,10
2018-03-02 06:00:00.000,2018,3,2,6,04006KT,12,10
2018-03-02 07:00:00.000,2018,3,2,7,03007KT,12,10
2018-03-02 08:00:00.000,2018,3,2,8,04006KT,12,10
2018-03-02 09:00:00.000,2018,3,2,9,04005KT,12,10
2018-03-02 10:00:00.000,2018,3,2,10,05006KT,12,10
2018-03-02 11:00:00.000,2018,3,2,11,03005KT,12,09
2018-03-02 12:00:00.000,2018,3,2,12,04006KT,13,10
2018-03-02 13:00:00.000,2018,3,2,13,05005KT,14,10
2018-03-02 14:00:00.000,2018,3,2,14,04005KT,14,10
2018-03-02 15:00:00.000,2018,3,2,15,05005KT,16,10
2018-03-02 16:00:00.000,2018,3,2,16,11005KT,18,08
2018-03-02 17:00:00.000,2018,3,2,17,18006KT,17,08
2018-03-02 18:00:00.000,2018,3,2,18,15003KT,20,09
2018-03-02 19:00:00.000,2018,3,2,19,22009KT,19,09
2018-03-02 19:27:00.000,2018,3,2,19,25014KT,18,10
2018-03-02 20:00:00.000,2018,3,2,20,24012KT,17,11
2018-03-02 21:00:00.000,2018,3,2,21,27012KT,17,11
2018-03-02 21:10:00.000,2018,3,2,21,27012KT,16,11
2018-03-02 22:00:00.000,2018,3,2,22,24012KT,15,10
2018-03-02 23:00:00.000,2018,3,2,23,29008KT,15,10
2018-03-03 00:00:00.000,2018,3,3,0,27004KT,14,10
2018-03-03 01:00:00.000,2018,3,3,1,28006KT,13,10
2018-03-03 02:00:00.000,2018,3,3,2,VRB02KT,12,10
2018-03-03 03:00:00.000,2018,3,3,3,34004KT,12,10
2018-03-03 04:00:00.000,2018,3,3,4,35003KT,12,10
2018-03-03 05:00:00.000,2018,3,3,5,31003KT,12,10
2018-03-03 06:00:00.000,2018,3,3,6,VRB02KT,12,10
2018-03-03 07:00:00.000,2018,3,3,7,26004KT,12,10
2018-03-03 08:00:00.000,2018,3,3,8,30004KT,11,10
2018-03-03 09:00:00.000,2018,3,3,9,31004KT,12,10
2018-03-03 10:00:00.000,2018,3,3,10,34004KT,12,10
2018-03-03 10:30:00.000,2018,3,3,10,VRB02KT,12,10
2018-03-03 11:00:00.000,2018,3,3,11,03006KT,12,09
2018-03-03 12:00:00.000,2018,3,3,12,04005KT,12,09
2018-03-03 12:33:00.000,2018,3,3,12,05005KT,13,09
2018-03-03 12:35:00.000,2018,3,3,12,05005KT,13,09
2018-03-03 13:00:00.000,2018,3,3,13,03006KT,14,09
2018-03-03 14:00:00.000,2018,3,3,14,03004KT,16,09
2018-03-03 15:00:00.000,2018,3,3,15,14005KT,17,08
2018-03-03 16:00:00.000,2018,3,3,16,10006KT,19,09
2018-03-03 17:00:00.000,2018,3,3,17,09007KT,20,07
2018-03-03 18:00:00.000,2018,3,3,18,26007KT,18,11
2018-03-03 19:00:00.000,2018,3,3,19,25011KT,17,10
2018-03-03 20:00:00.000,2018,3,3,20,26007KT,17,10
2018-03-03 21:00:00.000,2018,3,3,21,VRB06KT,17,10
2018-03-03 22:00:00.000,2018,3,3,22,26004KT,17,10
2018-03-03 23:00:00.000,2018,3,3,23,24007KT,16,11
2018-03-04 00:00:00.000,2018,3,4,0,23006KT,15,10
2018-03-04 01:00:00.000,2018,3,4,1,VRB02KT,13,10
2018-03-04 02:00:00.000,2018,3,4,2,32005KT,13,10
2018-03-04 03:00:00.000,2018,3,4,3,VRB02KT,11,09
2018-03-04 04:00:00.000,2018,3,4,4,33003KT,10,09
2018-03-04 05:00:00.000,2018,3,4,5,VRB02KT,11,10
2018-03-04 06:00:00.000,2018,3,4,6,VRB02KT,10,09
2018-03-04 07:00:00.000,2018,3,4,7,VRB02KT,710,08
2018-03-04 08:00:00.000,2018,3,4,8,VRB02KT,10,09
2018-03-04 09:00:00.000,2018,3,4,9,VRB02KT,10,09
2018-03-04 10:00:00.000,2018,3,4,10,VRB02KT,09,08
2018-03-04 10:30:00.000,2018,3,4,10,04004KT,10,09
2018-03-04 11:00:00.000,2018,3,4,11,05004KT,10,09
2018-03-04 12:00:00.000,2018,3,4,12,02005KT,12,10
2018-03-04 12:27:00.000,2018,3,4,12,02005KT,12,10
2018-03-04 13:00:00.000,2018,3,4,13,27005KT,12,10
2018-03-04 14:00:00.000,2018,3,4,14,28003KT,16,09
2018-03-04 14:35:00.000,2018,3,4,14,05006KT,14,10
2018-03-04 15:00:00.000,2018,3,4,15,VRB02KT,18,08
2018-03-04 16:00:00.000,2018,3,4,16,36003KT,19,07
2018-03-04 17:00:00.000,2018,3,4,17,29006KT,19,08
2018-03-04 18:00:00.000,2018,3,4,18,26008KT,19,11
2018-03-04 19:00:00.000,2018,3,4,19,26010KT,19,11
2018-03-04 19:10:00.000,2018,3,4,19,28010KT,18,10
2018-03-04 19:25:00.000,2018,3,4,19,31004KT,17,10
2018-03-04 19:30:00.000,2018,3,4,19,VRB07KT,15,10
2018-03-04 20:00:00.000,2018,3,4,20,04008KT,12,08
2018-03-04 21:00:00.000,2018,3,4,21,15004KT,13,10
2018-03-04 21:30:00.000,2018,3,4,21,18007KT,14,11
2018-03-04 22:00:00.000,2018,3,4,22,20006KT,14,10
2018-03-04 23:00:00.000,2018,3,4,23,VRB02KT,13,11
2018-03-05 00:00:00.000,2018,3,5,0,35003KT,12,11
2018-03-05 01:00:00.000,2018,3,5,1,03004KT,12,11
2018-03-05 02:00:00.000,2018,3,5,2,07005KT,13,11
2018-03-05 03:00:00.000,2018,3,5,3,08005KT,12,10
2018-03-05 04:00:00.000,2018,3,5,4,32004KT,12,10
2018-03-05 05:00:00.000,2018,3,5,5,30004KT,12,11
2018-03-05 06:00:00.000,2018,3,5,6,VRB02KT,12,10
2018-03-05 07:00:00.000,2018,3,5,7,00000KT,11,10
2018-03-05 08:00:00.000,2018,3,5,8,28003KT,11,10
2018-03-05 09:00:00.000,2018,3,5,9,34003KT,11,10
2018-03-05 10:00:00.000,2018,3,5,10,32004KT,09,08
2018-03-05 10:30:00.000,2018,3,5,10,VRB02KT,09,08
2018-03-05 11:00:00.000,2018,3,5,11,VRB02KT,09,09
2018-03-05 11:25:00.000,2018,3,5,11,33003KT,09,08
2018-03-05 12:00:00.000,2018,3,5,12,34003KT,09,08
2018-03-05 13:00:00.000,2018,3,5,13,00000KT,11,11
2018-03-05 13:10:00.000,2018,3,5,13,00000KT,14,12
2018-03-05 14:00:00.000,2018,3,5,14,01003KT,15,12
2018-03-05 15:00:00.000,2018,3,5,15,29003KT,17,10
2018-03-05 16:00:00.000,2018,3,5,16,VRB02KT,16,09
2018-03-05 16:22:00.000,2018,3,5,16,08006KT,14,11
2018-03-05 17:00:00.000,2018,3,5,17,25007KT,15,12
2018-03-05 18:00:00.000,2018,3,5,18,24008KT,15,11
2018-03-05 19:00:00.000,2018,3,5,19,25005KT,17,11
2018-03-05 20:00:00.000,2018,3,5,20,03004KT,19,10
2018-03-05 21:00:00.000,2018,3,5,21,24012KT,15,11
2018-03-05 21:10:00.000,2018,3,5,21,24009KT,15,11
2018-03-05 21:40:00.000,2018,3,5,21,22008KT,14,12
2018-03-05 22:00:00.000,2018,3,5,22,22006KT,14,12
2018-03-05 23:00:00.000,2018,3,5,23,VRB02KT,13,11
2018-03-06 00:00:00.000,2018,3,6,0,VRB02KT,13,11
2018-03-06 01:00:00.000,2018,3,6,1,VRB02KT,13,11
2018-03-06 02:00:00.000,2018,3,6,2,01004KT,11,10
2018-03-06 03:00:00.000,2018,3,6,3,VRB02KT,12,09
2018-03-06 04:00:00.000,2018,3,6,4,02003KT,12,09
2018-03-06 05:00:00.000,2018,3,6,5,02004KT,12,09
2018-03-06 06:00:00.000,2018,3,6,6,06004KT,11,09
2018-03-06 07:00:00.000,2018,3,6,7,03004KT,11,09
2018-03-06 08:00:00.000,2018,3,6,8,VRB02KT,11,09
2018-03-06 09:00:00.000,2018,3,6,9,VRB02KT,11,09
2018-03-06 10:00:00.000,2018,3,6,10,VRB02KT,10,09
2018-03-06 10:30:00.000,2018,3,6,10,VRB02KT,10,09
2018-03-06 11:00:00.000,2018,3,6,11,VRB02KT,10,09
2018-03-06 12:00:00.000,2018,3,6,12,02003KT,11,09
2018-03-06 13:00:00.000,2018,3,6,13,06004KT,13,09
2018-03-06 13:35:00.000,2018,3,6,13,05003KT,15,09
2018-03-06 14:00:00.000,2018,3,6,14,08003KT,15,09
2018-03-06 15:00:00.000,2018,3,6,15,VRB06KT,16,08
2018-03-06 16:00:00.000,2018,3,6,16,08004KT,16,08
2018-03-06 17:00:00.000,2018,3,6,17,14007KT,17,08
2018-03-06 18:00:00.000,2018,3,6,18,12006KT,18,08
2018-03-06 19:00:00.000,2018,3,6,19,15004KT,17,08
2018-03-06 19:13:00.000,2018,3,6,19,11005KT,17,08
2018-03-06 20:00:00.000,2018,3,6,20,20003KT,17,09
2018-03-06 20:20:00.000,2018,3,6,20,21004KT,16,09
2018-03-06 21:00:00.000,2018,3,6,21,02005KT,15,11
2018-03-06 22:00:00.000,2018,3,6,22,03006KT,15,11
2018-03-06 23:00:00.000,2018,3,6,23,04006KT,14,11
2018-03-07 00:00:00.000,2018,3,7,0,04006KT,14,10
2018-03-07 01:00:00.000,2018,3,7,1,05007KT,13,09
2018-03-07 02:00:00.000,2018,3,7,2,04004KT,12,09
2018-03-07 03:00:00.000,2018,3,7,3,02003KT,12,09
2018-03-07 04:00:00.000,2018,3,7,4,05005KT,11,09
2018-03-07 05:00:00.000,2018,3,7,5,08003KT,12,10
2018-03-07 06:00:00.000,2018,3,7,6,07004KT,11,09
2018-03-07 07:00:00.000,2018,3,7,7,32003KT,11,09
2018-03-07 08:00:00.000,2018,3,7,8,04003KT,11,09
2018-03-07 09:00:00.000,2018,3,7,9,04004KT,11,09
2018-03-07 10:00:00.000,2018,3,7,10,00000KT,11,09
2018-03-07 10:30:00.000,2018,3,7,10,03004KT,11,09
2018-03-07 11:00:00.000,2018,3,7,11,04004KT,11,09
2018-03-07 12:00:00.000,2018,3,7,12,05006KT,12,10
2018-03-07 13:00:00.000,2018,3,7,13,12004KT,14,10
2018-03-07 13:45:00.000,2018,3,7,13,10007KT,16,09
2018-03-07 14:00:00.000,2018,3,7,14,13010KT,17,08
2018-03-07 15:00:00.000,2018,3,7,15,06010KT,17,09
2018-03-07 16:00:00.000,2018,3,7,16,07007KT,17,10
2018-03-07 17:00:00.000,2018,3,7,17,12010KT,18,09
2018-03-07 18:00:00.000,2018,3,7,18,11010KT,18,09
2018-03-07 19:00:00.000,2018,3,7,19,14010KT,17,09
2018-03-07 20:00:00.000,2018,3,7,20,11008KT,18,08
2018-03-07 21:00:00.000,2018,3,7,21,13008KT,18,09
2018-03-07 22:00:00.000,2018,3,7,22,11006KT,18,08
2018-03-07 23:00:00.000,2018,3,7,23,12005KT,16,09
2018-03-08 00:00:00.000,2018,3,8,0,VRB02KT,15,09
2018-03-08 01:00:00.000,2018,3,8,1,VRB02KT,13,09
2018-03-08 02:00:00.000,2018,3,8,2,VRB02KT,13,09
2018-03-08 03:00:00.000,2018,3,8,3,04005KT,13,09
2018-03-08 04:00:00.000,2018,3,8,4,03004KT,12,09
2018-03-08 05:00:00.000,2018,3,8,5,04004KT,13,09
2018-03-08 06:00:00.000,2018,3,8,6,03004KT,12,09
2018-03-08 06:12:00.000,2018,3,8,6,04006KT,12,10
2018-03-08 07:00:00.000,2018,3,8,7,04004KT,12,10
2018-03-08 08:00:00.000,2018,3,8,8,VRB02KT,11,10
2018-03-08 09:00:00.000,2018,3,8,9,06004KT,12,10
2018-03-08 10:00:00.000,2018,3,8,10,VRB02KT,12,10
2018-03-08 10:30:00.000,2018,3,8,10,04003KT,11,10
2018-03-08 11:00:00.000,2018,3,8,11,05005KT,11,10
2018-03-08 12:00:00.000,2018,3,8,12,04004KT,11,10
2018-03-08 13:00:00.000,2018,3,8,13,04005KT,13,11
2018-03-08 14:00:00.000,2018,3,8,14,11003KT,15,11
2018-03-08 15:00:00.000,2018,3,8,15,11007KT,17,08
2018-03-08 16:00:00.000,2018,3,8,16,13009KT,18,09
2018-03-08 17:00:00.000,2018,3,8,17,11008KT,17,09
2018-03-08 18:00:00.000,2018,3,8,18,10006KT,18,09
2018-03-08 19:00:00.000,2018,3,8,19,15010KT,17,09
2018-03-08 20:00:00.000,2018,3,8,20,10006KT,18,07
2018-03-08 21:00:00.000,2018,3,8,21,15007KT,16,10
2018-03-08 22:00:00.000,2018,3,8,22,31004KT,13,12
2018-03-08 23:00:00.000,2018,3,8,23,01003KT,13,11
2018-03-09 00:00:00.000,2018,3,9,0,11008KT,14,08
2018-03-09 01:00:00.000,2018,3,9,1,12008KT,14,08
2018-03-09 02:00:00.000,2018,3,9,2,10006KT,13,08
2018-03-09 03:00:00.000,2018,3,9,3,10005KT,13,08
2018-03-09 04:00:00.000,2018,3,9,4,VRB02KT,11,08
2018-03-09 05:00:00.000,2018,3,9,5,03004KT,10,08
2018-03-09 06:00:00.000,2018,3,9,6,06005KT,11,09
2018-03-09 07:00:00.000,2018,3,9,7,VRB02KT,10,08
2018-03-09 08:00:00.000,2018,3,9,8,07003KT,11,09
2018-03-09 09:00:00.000,2018,3,9,9,04003KT,11,09
2018-03-09 10:00:00.000,2018,3,9,10,12005KT,12,09
2018-03-09 10:30:00.000,2018,3,9,10,02005KT,09,07
2018-03-09 11:00:00.000,2018,3,9,11,VRB02KT,10,08
2018-03-09 12:00:00.000,2018,3,9,12,10003KT,11,09
2018-03-09 13:00:00.000,2018,3,9,13,06003KT,14,09
2018-03-09 14:00:00.000,2018,3,9,14,10004KT,16,08
2018-03-09 15:00:00.000,2018,3,9,15,09006KT,16,09
2018-03-09 16:00:00.000,2018,3,9,16,13007KT,17,10
2018-03-09 17:00:00.000,2018,3,9,17,13006KT,17,09
2018-03-09 18:00:00.000,2018,3,9,18,14010KT,16,10
2018-03-09 19:00:00.000,2018,3,9,19,12008KT,16,09
2018-03-09 20:00:00.000,2018,3,9,20,16006KT,18,11
2018-03-09 21:00:00.000,2018,3,9,21,08006KT,18,09
2018-03-09 22:00:00.000,2018,3,9,22,06008KT,16,10
2018-03-09 23:00:00.000,2018,3,9,23,08008KT,16,10
2018-03-10 00:00:00.000,2018,3,10,0,07005KT,14,10
2018-03-10 01:00:00.000,2018,3,10,1,06008KT,13,09
2018-03-10 02:00:00.000,2018,3,10,2,05005KT,13,08
2018-03-10 03:00:00.000,2018,3,10,3,36004KT,11,08
2018-03-10 04:00:00.000,2018,3,10,4,05008KT,11,08
2018-03-10 05:00:00.000,2018,3,10,5,05005KT,10,08
2018-03-10 06:00:00.000,2018,3,10,6,05005KT,09,08
2018-03-10 07:00:00.000,2018,3,10,7,05004KT,08,07
2018-03-10 08:00:00.000,2018,3,10,8,VRB02KT,09,08
2018-03-10 09:00:00.000,2018,3,10,9,VRB02KT,08,06
2018-03-10 10:00:00.000,2018,3,10,10,VRB02KT,09,08
2018-03-10 10:30:00.000,2018,3,10,10,VRB02KT,08,07
2018-03-10 11:00:00.000,2018,3,10,11,VRB02KT,08,07
2018-03-10 12:00:00.000,2018,3,10,12,04005KT,10,08
2018-03-10 13:00:00.000,2018,3,10,13,07004KT,13,09
2018-03-10 14:00:00.000,2018,3,10,14,09004KT,16,08
2018-03-10 15:00:00.000,2018,3,10,15,11012KT,16,07
2018-03-10 16:00:00.000,2018,3,10,16,12011KT,18,07
2018-03-10 17:00:00.000,2018,3,10,17,15009KT,19,06
2018-03-10 18:00:00.000,2018,3,10,18,13009KT,20,07
2018-03-10 19:00:00.000,2018,3,10,19,15013KT,20,07
2018-03-10 20:00:00.000,2018,3,10,20,14011KT,19,06
2018-03-10 21:00:00.000,2018,3,10,21,16016KT,19,07
2018-03-10 22:00:00.000,2018,3,10,22,17016KT,19,06
2018-03-10 23:00:00.000,2018,3,10,23,14011KT,17,06
2018-03-11 00:00:00.000,2018,3,11,0,13010KT,15,07
2018-03-11 01:00:00.000,2018,3,11,1,13010KT,14,06
2018-03-11 02:00:00.000,2018,3,11,2,12005KT,14,05
2018-03-11 03:00:00.000,2018,3,11,3,10005KT,13,08
2018-03-11 04:00:00.000,2018,3,11,4,09004KT,12,06
2018-03-11 05:00:00.000,2018,3,11,5,09004KT,12,06
2018-03-11 06:00:00.000,2018,3,11,6,06005KT,12,08
2018-03-11 07:00:00.000,2018,3,11,7,03004KT,11,07
2018-03-11 08:00:00.000,2018,3,11,8,35003KT,11,07
2018-03-11 09:00:00.000,2018,3,11,9,02004KT,10,07
2018-03-11 10:00:00.000,2018,3,11,10,09005KT,11,07
2018-03-11 10:30:00.000,2018,3,11,10,09005KT,13,07
2018-03-11 11:00:00.000,2018,3,11,11,10006KT,12,07
2018-03-11 12:00:00.000,2018,3,11,12,11006KT,13,07
2018-03-11 12:30:00.000,2018,3,11,12,13009KT,15,06
2018-03-11 13:00:00.000,2018,3,11,13,10011KT,16,06
2018-03-11 14:00:00.000,2018,3,11,14,10009KT,17,06
2018-03-11 15:00:00.000,2018,3,11,15,13010KT,19,06
2018-03-11 16:00:00.000,2018,3,11,16,14010KT,19,06
2018-03-11 17:00:00.000,2018,3,11,17,16014KT,19,06
2018-03-11 18:00:00.000,2018,3,11,18,16013KT,20,06
2018-03-11 19:00:00.000,2018,3,11,19,15012KT,20,06
2018-03-11 20:00:00.000,2018,3,11,20,12010KT,20,06
2018-03-11 21:00:00.000,2018,3,11,21,14013KT,20,07
2018-03-11 22:00:00.000,2018,3,11,22,15010KT,20,06
2018-03-11 23:00:00.000,2018,3,11,23,14010KT,18,07
2018-03-12 00:00:00.000,2018,3,12,0,13009KT,15,08
2018-03-12 01:00:00.000,2018,3,12,1,13009KT,14,08
2018-03-12 02:00:00.000,2018,3,12,2,11004KT,14,08
2018-03-12 03:00:00.000,2018,3,12,3,VRB02KT,13,07
2018-03-12 04:00:00.000,2018,3,12,4,05006KT,10,08
2018-03-12 05:00:00.000,2018,3,12,5,VRB02KT,09,07
2018-03-12 06:00:00.000,2018,3,12,6,VRB02KT,08,07
2018-03-12 07:00:00.000,2018,3,12,7,36004KT,07,06
2018-03-12 08:00:00.000,2018,3,12,8,VRB02KT,08,07
2018-03-12 09:00:00.000,2018,3,12,9,VRB02KT,08,07
2018-03-12 10:00:00.000,2018,3,12,10,VRB02KT,07,07
2018-03-12 10:30:00.000,2018,3,12,10,VRB02KT,04,04
2018-03-12 11:00:00.000,2018,3,12,11,VRB02KT,05,05
2018-03-12 12:00:00.000,2018,3,12,12,33003KT,08,07
2018-03-12 12:17:00.000,2018,3,12,12,VRB02KT,10,10
2018-03-12 13:00:00.000,2018,3,12,13,VRB02KT,13,10
2018-03-12 14:00:00.000,2018,3,12,14,13005KT,15,08
2018-03-12 15:00:00.000,2018,3,12,15,14008KT,17,07
2018-03-12 16:00:00.000,2018,3,12,16,10010KT,19,06
2018-03-12 17:00:00.000,2018,3,12,17,15010KT,20,07
2018-03-12 18:00:00.000,2018,3,12,18,16010KT,21,05
2018-03-12 19:00:00.000,2018,3,12,19,15012KT,21,07
2018-03-12 20:00:00.000,2018,3,12,20,16010KT,21,06
2018-03-12 21:00:00.000,2018,3,12,21,15010KT,21,05
2018-03-12 22:00:00.000,2018,3,12,22,16013KT,20,05
2018-03-12 23:00:00.000,2018,3,12,23,17012KT,18,04
2018-03-13 00:00:00.000,2018,3,13,0,13007KT,16,07
2018-03-13 01:00:00.000,2018,3,13,1,31004KT,14,08
2018-03-13 02:00:00.000,2018,3,13,2,34004KT,12,09
2018-03-13 03:00:00.000,2018,3,13,3,34003KT,11,09
2018-03-13 04:00:00.000,2018,3,13,4,VRB02KT,09,07
2018-03-13 05:00:00.000,2018,3,13,5,VRB02KT,09,06
2018-03-13 06:00:00.000,2018,3,13,6,31004KT,07,06
2018-03-13 07:00:00.000,2018,3,13,7,VRB02KT,07,06
2018-03-13 08:00:00.000,2018,3,13,8,00000KT,07,06
2018-03-13 09:00:00.000,2018,3,13,9,VRB02KT,06,05
2018-03-13 10:00:00.000,2018,3,13,10,02003KT,06,06
2018-03-13 10:30:00.000,2018,3,13,10,06004KT,06,06
2018-03-13 11:00:00.000,2018,3,13,11,VRB02KT,06,05
2018-03-13 12:00:00.000,2018,3,13,12,35004KT,06,05
2018-03-13 13:00:00.000,2018,3,13,13,03004KT,10,08
2018-03-13 14:00:00.000,2018,3,13,14,35004KT,15,07
2018-03-13 15:00:00.000,2018,3,13,15,VRB06KT,17,07
2018-03-13 16:00:00.000,2018,3,13,16,11009KT,19,05
2018-03-13 16:24:00.000,2018,3,13,16,11008KT,21,04
2018-03-13 17:00:00.000,2018,3,13,17,VRB06KT,22,04
2018-03-13 18:00:00.000,2018,3,13,18,VRB06KT,22,04
2018-03-13 19:00:00.000,2018,3,13,19,16008KT,22,05
2018-03-13 20:00:00.000,2018,3,13,20,22008KT,20,08
2018-03-13 21:00:00.000,2018,3,13,21,27012KT,18,11
2018-03-13 22:00:00.000,2018,3,13,22,29009KT,17,10
2018-03-13 23:00:00.000,2018,3,13,23,25005KT,17,10
2018-03-14 00:00:00.000,2018,3,14,0,24010KT,16,11
2018-03-14 01:00:00.000,2018,3,14,1,25005KT,15,09
2018-03-14 02:00:00.000,2018,3,14,2,15006KT,15,09
2018-03-14 03:00:00.000,2018,3,14,3,07004KT,12,08
2018-03-14 04:00:00.000,2018,3,14,4,32003KT,10,08
2018-03-14 05:00:00.000,2018,3,14,5,04004KT,10,07
2018-03-14 06:00:00.000,2018,3,14,6,02003KT,08,07
2018-03-14 07:00:00.000,2018,3,14,7,05005KT,09,08
2018-03-14 08:00:00.000,2018,3,14,8,04005KT,08,07
2018-03-14 09:00:00.000,2018,3,14,9,VRB02KT,08,07
2018-03-14 10:00:00.000,2018,3,14,10,VRB02KT,07,06
2018-03-14 10:30:00.000,2018,3,14,10,VRB02KT,13,03
2018-03-14 11:00:00.000,2018,3,14,11,VRB02KT,06,06
2018-03-14 11:30:00.000,2018,3,14,11,04004KT,07,07
2018-03-14 12:00:00.000,2018,3,14,12,06005KT,08,08
2018-03-14 13:00:00.000,2018,3,14,13,04004KT,09,09
2018-03-14 13:05:00.000,2018,3,14,13,06004KT,10,09
2018-03-14 14:00:00.000,2018,3,14,14,05005KT,12,11
2018-03-14 14:10:00.000,2018,3,14,14,06005KT,15,09
2018-03-14 15:00:00.000,2018,3,14,15,08004KT,17,07
2018-03-14 15:35:00.000,2018,3,14,15,16012KT,19,05
2018-03-14 16:00:00.000,2018,3,14,16,14012KT,19,04
2018-03-14 17:00:00.000,2018,3,14,17,13010KT,19,04
2018-03-14 18:00:00.000,2018,3,14,18,15012KT,22,04
2018-03-14 19:00:00.000,2018,3,14,19,19012KT,23,03
2018-03-14 20:00:00.000,2018,3,14,20,17013KT,23,03
2018-03-14 21:00:00.000,2018,3,14,21,16013KT,21,00
2018-03-14 22:00:00.000,2018,3,14,22,17008KT,21,01
2018-03-14 23:00:00.000,2018,3,14,23,32009KT,17,11
2018-03-15 00:00:00.000,2018,3,15,0,27005KT,16,11
2018-03-15 01:00:00.000,2018,3,15,1,26003KT,15,10
2018-03-15 02:00:00.000,2018,3,15,2,01003KT,13,10
2018-03-15 03:00:00.000,2018,3,15,3,VRB02KT,12,09
2018-03-15 04:00:00.000,2018,3,15,4,02004KT,11,08
2018-03-15 05:00:00.000,2018,3,15,5,VRB02KT,10,08
2018-03-15 06:00:00.000,2018,3,15,6,VRB02KT,10,08
2018-03-15 07:00:00.000,2018,3,15,7,27003KT,08,08
2018-03-15 08:00:00.000,2018,3,15,8,00000KT,07,07
2018-03-15 09:00:00.000,2018,3,15,9,03004KT,07,06
2018-03-15 10:00:00.000,2018,3,15,10,02004KT,06,06
2018-03-15 10:30:00.000,2018,3,15,10,VRB02KT,04,04
2018-03-15 11:00:00.000,2018,3,15,11,31003KT,05,05
2018-03-15 12:00:00.000,2018,3,15,12,07003KT,05,05
2018-03-15 12:10:00.000,2018,3,15,12,05006KT,08,07
2018-03-15 12:30:00.000,2018,3,15,12,06007KT,10,09
2018-03-15 13:00:00.000,2018,3,15,13,04007KT,12,09
2018-03-15 14:00:00.000,2018,3,15,14,35006KT,16,07
2018-03-15 15:00:00.000,2018,3,15,15,01004KT,18,08
2018-03-15 15:25:00.000,2018,3,15,15,17004KT,20,08
2018-03-15 16:00:00.000,2018,3,15,16,33005KT,20,08
2018-03-15 17:00:00.000,2018,3,15,17,27010KT,21,07
2018-03-15 17:30:00.000,2018,3,15,17,24011KT,20,10
2018-03-15 18:00:00.000,2018,3,15,18,25012KT,20,10
2018-03-15 19:00:00.000,2018,3,15,19,30010KT,19,10
2018-03-15 19:10:00.000,2018,3,15,19,29011KT,18,10
2018-03-15 20:00:00.000,2018,3,15,20,02014KT,14,12
2018-03-15 20:25:00.000,2018,3,15,20,33008KT,14,12
2018-03-15 21:00:00.000,2018,3,15,21,26006KT,15,13
2018-03-15 22:00:00.000,2018,3,15,22,VRB02KT,16,11
2018-03-15 23:00:00.000,2018,3,15,23,12005KT,15,09
2018-03-16 00:00:00.000,2018,3,16,0,VRB02KT,15,11
2018-03-16 01:00:00.000,2018,3,16,1,13007KT,16,09
2018-03-16 02:00:00.000,2018,3,16,2,11004KT,15,09
2018-03-16 03:00:00.000,2018,3,16,3,18003KT,15,08
2018-03-16 04:00:00.000,2018,3,16,4,VRB02KT,12,09
2018-03-16 05:00:00.000,2018,3,16,5,VRB02KT,10,08
2018-03-16 06:00:00.000,2018,3,16,6,32003KT,10,08
2018-03-16 07:00:00.000,2018,3,16,7,VRB02KT,11,09
2018-03-16 08:00:00.000,2018,3,16,8,VRB02KT,10,09
2018-03-16 09:00:00.000,2018,3,16,9,02004KT,10,09
2018-03-16 10:00:00.000,2018,3,16,10,01004KT,10,09
2018-03-16 10:30:00.000,2018,3,16,10,VRB02KT,10,09
2018-03-16 11:00:00.000,2018,3,16,11,VRB02KT,10,09
2018-03-16 12:00:00.000,2018,3,16,12,VRB02KT,12,10
2018-03-16 13:00:00.000,2018,3,16,13,05006KT,14,10
2018-03-16 13:10:00.000,2018,3,16,13,10007KT,16,09
2018-03-16 14:00:00.000,2018,3,16,14,13009KT,18,08
2018-03-16 15:00:00.000,2018,3,16,15,13010KT,19,08
2018-03-16 16:00:00.000,2018,3,16,16,10011KT,20,08
2018-03-16 17:00:00.000,2018,3,16,17,13009KT,20,07
2018-03-16 18:00:00.000,2018,3,16,18,12006KT,20,08
2018-03-16 19:00:00.000,2018,3,16,19,11009KT,20,07
2018-03-16 20:00:00.000,2018,3,16,20,14009KT,20,07
2018-03-16 21:00:00.000,2018,3,16,21,13006KT,18,11
2018-03-16 22:00:00.000,2018,3,16,22,31013KT,16,12
2018-03-16 23:00:00.000,2018,3,16,23,31006KT,15,11
2018-03-17 00:00:00.000,2018,3,17,0,30004KT,14,11
2018-03-17 01:00:00.000,2018,3,17,1,31005KT,12,10
2018-03-17 02:00:00.000,2018,3,17,2,34003KT,10,08
2018-03-17 03:00:00.000,2018,3,17,3,34003KT,09,08
2018-03-17 04:00:00.000,2018,3,17,4,03003KT,10,07
2018-03-17 05:00:00.000,2018,3,17,5,36003KT,09,06
2018-03-17 06:00:00.000,2018,3,17,6,31004KT,10,07
2018-03-17 07:00:00.000,2018,3,17,7,30004KT,06,05
2018-03-17 08:00:00.000,2018,3,17,8,VRB02KT,06,05
2018-03-17 09:00:00.000,2018,3,17,9,03003KT,06,05
2018-03-17 10:00:00.000,2018,3,17,10,VRB02KT,05,04
2018-03-17 10:30:00.000,2018,3,17,10,VRB02KT,06,05
2018-03-17 11:00:00.000,2018,3,17,11,34003KT,06,05
2018-03-17 12:00:00.000,2018,3,17,12,07006KT,07,06
2018-03-17 12:25:00.000,2018,3,17,12,04006KT,09,07
2018-03-17 13:00:00.000,2018,3,17,13,05006KT,11,07
2018-03-17 13:15:00.000,2018,3,17,13,07005KT,13,06
2018-03-17 14:00:00.000,2018,3,17,14,06006KT,15,05
2018-03-17 15:00:00.000,2018,3,17,15,VRB02KT,19,01
2018-03-17 16:00:00.000,2018,3,17,16,08006KT,,
2018-03-17 17:00:00.000,2018,3,17,17,VRB08KT,22,00
2018-03-17 18:00:00.000,2018,3,17,18,30010KT,20,09
2018-03-17 19:00:00.000,2018,3,17,19,30015KT,21,10
2018-03-17 20:00:00.000,2018,3,17,20,30011KT,19,10
2018-03-17 21:00:00.000,2018,3,17,21,27010KT,19,10
2018-03-17 22:00:00.000,2018,3,17,22,21009KT,18,10
2018-03-17 23:00:00.000,2018,3,17,23,24007KT,17,10
2018-03-18 00:00:00.000,2018,3,18,0,30006KT,15,12
2018-03-18 01:00:00.000,2018,3,18,1,29003KT,14,09
2018-03-18 02:00:00.000,2018,3,18,2,VRB02KT,13,10
2018-03-18 03:00:00.000,2018,3,18,3,32004KT,13,10
2018-03-18 04:00:00.000,2018,3,18,4,32004KT,12,09
2018-03-18 05:00:00.000,2018,3,18,5,03004KT,13,10
2018-03-18 06:00:00.000,2018,3,18,6,32004KT,12,09
2018-03-18 07:00:00.000,2018,3,18,7,32003KT,10,09
2018-03-18 08:00:00.000,2018,3,18,8,00000KT,10,09
2018-03-18 09:00:00.000,2018,3,18,9,32004KT,09,08
2018-03-18 10:00:00.000,2018,3,18,10,34004KT,08,07
2018-03-18 10:30:00.000,2018,3,18,10,VRB02KT,09,08
2018-03-18 11:00:00.000,2018,3,18,11,VRB02KT,10,09
2018-03-18 12:00:00.000,2018,3,18,12,18003KT,11,09
2018-03-18 13:00:00.000,2018,3,18,13,34003KT,13,10
2018-03-18 14:00:00.000,2018,3,18,14,31003KT,16,10
2018-03-18 15:00:00.000,2018,3,18,15,VRB02KT,19,09
2018-03-18 16:00:00.000,2018,3,18,16,VRB05KT,20,07
2018-03-18 17:00:00.000,2018,3,18,17,30004KT,21,06
2018-03-18 18:00:00.000,2018,3,18,18,30012KT,21,10
2018-03-18 19:00:00.000,2018,3,18,19,30016KT,20,11
2018-03-18 20:00:00.000,2018,3,18,20,25013KT,19,10
2018-03-18 20:26:00.000,2018,3,18,20,07007KT,14,10
2018-03-18 21:00:00.000,2018,3,18,21,14005KT,13,12
2018-03-18 22:00:00.000,2018,3,18,22,13004KT,13,12
2018-03-18 23:00:00.000,2018,3,18,23,07004KT,13,11
2018-03-19 00:00:00.000,2018,3,19,0,02004KT,12,11
2018-03-19 01:00:00.000,2018,3,19,1,01004KT,12,11
2018-03-19 02:00:00.000,2018,3,19,2,04005KT,12,10
2018-03-19 03:00:00.000,2018,3,19,3,04004KT,12,10
2018-03-19 04:00:00.000,2018,3,19,4,03005KT,12,10
2018-03-19 05:00:00.000,2018,3,19,5,01004KT,12,11
2018-03-19 06:00:00.000,2018,3,19,6,04006KT,12,11
2018-03-19 07:00:00.000,2018,3,19,7,05006KT,12,10
2018-03-19 08:00:00.000,2018,3,19,8,05005KT,12,10
2018-03-19 09:00:00.000,2018,3,19,9,VRB02KT,11,10
2018-03-19 10:00:00.000,2018,3,19,10,04003KT,11,10
2018-03-19 12:00:00.000,2018,3,19,12,05005KT,12,09
2018-03-19 13:00:00.000,2018,3,19,13,05008KT,13,09
2018-03-19 14:00:00.000,2018,3,19,14,04006KT,16,10
2018-03-19 15:00:00.000,2018,3,19,15,05005KT,18,09
2018-03-19 16:00:00.000,2018,3,19,16,VRB02KT,18,08
2018-03-19 17:00:00.000,2018,3,19,17,09010KT,19,08
2018-03-19 18:00:00.000,2018,3,19,18,16005KT,18,08
2018-03-19 19:00:00.000,2018,3,19,19,23013KT,18,12
2018-03-19 20:00:00.000,2018,3,19,20,25010KT,20,12
2018-03-19 21:00:00.000,2018,3,19,21,24013KT,17,12
2018-03-19 23:00:00.000,2018,3,19,23,25007KT,16,12
2018-03-20 00:00:00.000,2018,3,20,0,21005KT,15,12
2018-03-20 01:00:00.000,2018,3,20,1,VRB02KT,14,12
2018-03-20 02:00:00.000,2018,3,20,2,VRB02KT,14,12
2018-03-20 03:00:00.000,2018,3,20,3,VRB02KT,14,012
2018-03-20 04:00:00.000,2018,3,20,4,34004KT,14,12
2018-03-20 05:00:00.000,2018,3,20,5,01003KT,13,11
2018-03-20 06:00:00.000,2018,3,20,6,00000KT,13,10
2018-03-20 07:00:00.000,2018,3,20,7,17005KT,14,09
2018-03-20 08:00:00.000,2018,3,20,8,VRB02KT,13,09
2018-03-20 09:00:00.000,2018,3,20,9,05004KT,12,10
2018-03-20 10:00:00.000,2018,3,20,10,05005KT,12,10
2018-03-20 11:00:00.000,2018,3,20,11,05005KT,11,09
2018-03-20 12:00:00.000,2018,3,20,12,07006KT,13,10
2018-03-20 13:00:00.000,2018,3,20,13,06006KT,16,10
2018-03-20 14:00:00.000,2018,3,20,14,05007KT,17,09
2018-03-20 15:00:00.000,2018,3,20,15,18004KT,18,09
2018-03-20 16:00:00.000,2018,3,20,16,01004KT,19,10
2018-03-20 17:00:00.000,2018,3,20,17,28006KT,19,08
2018-03-20 18:00:00.000,2018,3,20,18,23010KT,18,10
2018-03-20 19:00:00.000,2018,3,20,19,23011KT,18,11
2018-03-20 20:00:00.000,2018,3,20,20,27011KT,18,11
2018-03-20 21:00:00.000,2018,3,20,21,25010KT,19,11
2018-03-20 22:00:00.000,2018,3,20,22,25008KT,16,12
2018-03-20 23:00:00.000,2018,3,20,23,VRB02KT,16,10
2018-03-21 00:00:00.000,2018,3,21,0,36003KT,14,11
2018-03-21 01:00:00.000,2018,3,21,1,VRB02KT,14,11
2018-03-21 02:00:00.000,2018,3,21,2,VRB02KT,14,11
2018-03-21 03:00:00.000,2018,3,21,3,05004KT,13,11
2018-03-21 04:00:00.000,2018,3,21,4,04007KT,12,10
2018-03-21 05:00:00.000,2018,3,21,5,04006KT,11,09
2018-03-21 06:00:00.000,2018,3,21,6,05005KT,11,09
2018-03-21 07:00:00.000,2018,3,21,7,06005KT,11,09
2018-03-21 08:00:00.000,2018,3,21,8,05004KT,11,09
2018-03-21 09:00:00.000,2018,3,21,9,03006KT,11,09
2018-03-21 10:00:00.000,2018,3,21,10,07006KT,12,09
2018-03-21 11:00:00.000,2018,3,21,11,03005KT,10,09
2018-03-21 12:00:00.000,2018,3,21,12,04005KT,12,09
2018-03-21 13:00:00.000,2018,3,21,13,04005KT,14,10
2018-03-21 14:00:00.000,2018,3,21,14,08005KT,16,08
2018-03-21 15:00:00.000,2018,3,21,15,12008KT,19,08
2018-03-21 16:00:00.000,2018,3,21,16,13008KT,20,09
2018-03-21 17:00:00.000,2018,3,21,17,12007KT,20,08
2018-03-21 18:00:00.000,2018,3,21,18,14008KT,20,07
2018-03-21 19:00:00.000,2018,3,21,19,13010KT,21,07
2018-03-21 20:00:00.000,2018,3,21,20,14012KT,20,07
2018-03-21 21:00:00.000,2018,3,21,21,14010KT,19,08
2018-03-21 22:00:00.000,2018,3,21,22,15013KT,19,07
2018-03-21 23:00:00.000,2018,3,21,23,VRB02KT,18,08
2018-03-22 00:00:00.000,2018,3,22,0,24005KT,16,11
2018-03-22 01:00:00.000,2018,3,22,1,VRB02KT,13,10
2018-03-22 02:00:00.000,2018,3,22,2,VRB02KT,12,09
2018-03-22 03:00:00.000,2018,3,22,3,02004KT,11,08
2018-03-22 04:00:00.000,2018,3,22,4,04003KT,11,08
2018-03-22 05:00:00.000,2018,3,22,5,04006KT,10,07
2018-03-22 06:00:00.000,2018,3,22,6,04004KT,10,08
2018-03-22 07:00:00.000,2018,3,22,7,03004KT,11,08
2018-03-22 08:00:00.000,2018,3,22,8,04003KT,10,08
2018-03-22 09:00:00.000,2018,3,22,9,03005KT,10,08
2018-03-22 10:00:00.000,2018,3,22,10,VRB02KT,10,09
2018-03-22 11:00:00.000,2018,3,22,11,03003KT,11,09
2018-03-22 12:00:00.000,2018,3,22,12,05006KT,12,09
2018-03-22 13:00:00.000,2018,3,22,13,07006KT,15,09
2018-03-22 14:00:00.000,2018,3,22,14,07008KT,16,08
2018-03-22 15:00:00.000,2018,3,22,15,05010KT,17,08
2018-03-22 16:00:00.000,2018,3,22,16,09010KT,18,08
2018-03-22 17:00:00.000,2018,3,22,17,06012KT,20,07
2018-03-22 18:00:00.000,2018,3,22,18,08008KT,21,06
2018-03-22 19:00:00.000,2018,3,22,19,08008KT,22,05
2018-03-22 20:00:00.000,2018,3,22,20,10006KT,21,04
2018-03-22 21:00:00.000,2018,3,22,21,25011KT,18,11
2018-03-22 22:00:00.000,2018,3,22,22,28008G18KT,18,11
2018-03-22 23:00:00.000,2018,3,22,23,25008KT,16,12
2018-03-23 00:00:00.000,2018,3,23,0,22006KT,16,12
2018-03-23 01:00:00.000,2018,3,23,1,VRB02KT,14,12
2018-03-23 02:00:00.000,2018,3,23,2,34005KT,13,11
2018-03-23 03:00:00.000,2018,3,23,3,03006KT,13,10
2018-03-23 04:00:00.000,2018,3,23,4,03007KT,12,09
2018-03-23 05:00:00.000,2018,3,23,5,05004KT,12,09
2018-03-23 06:00:00.000,2018,3,23,6,03004KT,11,09
2018-03-23 07:00:00.000,2018,3,23,7,VRB02KT,12,09
2018-03-23 08:00:00.000,2018,3,23,8,VRB02KT,10,08
2018-03-23 09:00:00.000,2018,3,23,9,VRB02KT,08,07
2018-03-23 10:00:00.000,2018,3,23,10,VRB02KT,08,07
2018-03-23 11:00:00.000,2018,3,23,11,32003KT,10,09
2018-03-23 12:00:00.000,2018,3,23,12,VRB02KT,10,09
2018-03-23 13:00:00.000,2018,3,23,13,05004KT,13,11
2018-03-23 14:00:00.000,2018,3,23,14,VRB02KT,17,10
2018-03-23 15:00:00.000,2018,3,23,15,35006KT,18,10
2018-03-23 16:00:00.000,2018,3,23,16,VRB04KT,20,09
2018-03-23 17:00:00.000,2018,3,23,17,VRB04KT,21,08
2018-03-23 18:00:00.000,2018,3,23,18,29010KT,18,11
2018-03-23 19:00:00.000,2018,3,23,19,25010KT,17,12
2018-03-23 20:00:00.000,2018,3,23,20,23010KT,17,12
2018-03-23 21:00:00.000,2018,3,23,21,25006KT,18,12
2018-03-23 22:00:00.000,2018,3,23,22,29008KT,16,11
2018-03-23 23:00:00.000,2018,3,23,23,28006KT,15,11
2018-03-24 00:00:00.000,2018,3,24,0,29006KT,15,11
2018-03-24 01:00:00.000,2018,3,24,1,29004KT,14,11
2018-03-24 02:00:00.000,2018,3,24,2,29004KT,15,11
2018-03-24 03:00:00.000,2018,3,24,3,01006KT,13,11
2018-03-24 04:00:00.000,2018,3,24,4,35006KT,12,11
2018-03-24 05:00:00.000,2018,3,24,5,34003KT,11,10
2018-03-24 06:00:00.000,2018,3,24,6,25004KT,12,11
2018-03-24 07:00:00.000,2018,3,24,7,VRB02KT,12,11
2018-03-24 08:00:00.000,2018,3,24,8,VRB02KT,11,10
2018-03-24 09:00:00.000,2018,3,24,9,33004KT,12,11
2018-03-24 10:00:00.000,2018,3,24,10,VRB02KT,11,10
2018-03-24 11:00:00.000,2018,3,24,11,32004KT,11,10
2018-03-24 12:00:00.000,2018,3,24,12,VRB02KT,11,11
2018-03-24 13:00:00.000,2018,3,24,13,VRB02KT,12,11
2018-03-24 14:00:00.000,2018,3,24,14,19004KT,12,11
2018-03-24 15:00:00.000,2018,3,24,15,VRB02KT,13,11
2018-03-24 16:00:00.000,2018,3,24,16,VRB02KT,14,11
2018-03-24 17:00:00.000,2018,3,24,17,VRB02KT,15,11
2018-03-24 18:00:00.000,2018,3,24,18,02005KT,15,11
2018-03-24 19:00:00.000,2018,3,24,19,36007KT,16,10
2018-03-24 20:00:00.000,2018,3,24,20,32006KT,16,11
2018-03-24 21:00:00.000,2018,3,24,21,27005KT,16,07
2018-03-24 22:00:00.000,2018,3,24,22,28004KT,16,10
2018-03-24 23:00:00.000,2018,3,24,23,VRB02KT,17,08
2018-03-25 00:00:00.000,2018,3,25,0,24005KT,16,11
2018-03-25 01:00:00.000,2018,3,25,1,31004KT,13,10
2018-03-25 02:00:00.000,2018,3,25,2,VRB02KT,13,09
2018-03-25 03:00:00.000,2018,3,25,3,VRB02KT,13,11
2018-03-25 04:00:00.000,2018,3,25,4,VRB02KT,13,10
2018-03-25 05:00:00.000,2018,3,25,5,VRB02KT,12,10
2018-03-25 06:00:00.000,2018,3,25,6,00000KT,12,10
2018-03-25 07:00:00.000,2018,3,25,7,24003KT,13,10
2018-03-25 08:00:00.000,2018,3,25,8,VRB02KT,12,10
2018-03-25 09:00:00.000,2018,3,25,9,VRB02KT,12,10
2018-03-25 10:00:00.000,2018,3,25,10,VRB02KT,12,10
2018-03-25 11:00:00.000,2018,3,25,11,VRB02KT,11,10
2018-03-25 12:00:00.000,2018,3,25,12,03004KT,13,10
2018-03-25 13:00:00.000,2018,3,25,13,08005KT,14,10
2018-03-25 14:00:00.000,2018,3,25,14,15006KT,16,09
2018-03-25 15:00:00.000,2018,3,25,15,14005KT,17,09
2018-03-25 16:00:00.000,2018,3,25,16,16005KT,18,09
2018-03-25 17:00:00.000,2018,3,25,17,09006KT,20,09
2018-03-25 18:00:00.000,2018,3,25,18,14005KT,21,08
2018-03-25 19:00:00.000,2018,3,25,19,VRB04KT,20,07
2018-03-25 20:00:00.000,2018,3,25,20,25010KT,19,11
2018-03-25 21:00:00.000,2018,3,25,21,25012KT,19,11
2018-03-25 22:00:00.000,2018,3,25,22,24011KT,,
2018-03-25 23:00:00.000,2018,3,25,23,25006KT,16,12
2018-03-26 00:00:00.000,2018,3,26,0,VRB02KT,15,12
2018-03-26 01:00:00.000,2018,3,26,1,32004KT,14,11
2018-03-26 02:00:00.000,2018,3,26,2,03003KT,14,11
2018-03-26 03:00:00.000,2018,3,26,3,35005KT,14,11
2018-03-26 04:00:00.000,2018,3,26,4,03003KT,14,11
2018-03-26 05:00:00.000,2018,3,26,5,06005KT,13,10
2018-03-26 06:00:00.000,2018,3,26,6,05004KT,12,10
2018-03-26 07:00:00.000,2018,3,26,7,03005KT,12,11
2018-03-26 08:00:00.000,2018,3,26,8,03003KT,12,10
2018-03-26 09:00:00.000,2018,3,26,9,05003KT,12,10
2018-03-26 10:00:00.000,2018,3,26,10,VRB02KT,12,11
2018-03-26 11:00:00.000,2018,3,26,11,06005KT,12,10
2018-03-26 12:00:00.000,2018,3,26,12,VRB02KT,13,10
2018-03-26 13:00:00.000,2018,3,26,13,05006KT,14,11
2018-03-26 14:00:00.000,2018,3,26,14,08007KT,17,11
2018-03-26 15:00:00.000,2018,3,26,15,15007KT,17,09
2018-03-26 16:00:00.000,2018,3,26,16,10008KT,19,09
2018-03-26 17:00:00.000,2018,3,26,17,34007KT,19,09
2018-03-26 18:00:00.000,2018,3,26,18,22007KT,20,12
2018-03-26 19:00:00.000,2018,3,26,19,VRB04KT,21,09
2018-03-26 20:00:00.000,2018,3,26,20,25010KT,19,10
2018-03-26 21:00:00.000,2018,3,26,21,09004KT,15,11
2018-03-26 22:00:00.000,2018,3,26,22,VRB02KT,15,11
2018-03-26 23:00:00.000,2018,3,26,23,VRB02KT,15,11
2018-03-27 00:00:00.000,2018,3,27,0,VRB02KT,14,12
2018-03-27 01:00:00.000,2018,3,27,1,12003KT,15,11
2018-03-27 02:00:00.000,2018,3,27,2,36003KT,14,11
2018-03-27 03:00:00.000,2018,3,27,3,02003KT,13,11
2018-03-27 04:00:00.000,2018,3,27,4,03005KT,13,11
2018-03-27 05:00:00.000,2018,3,27,5,36003KT,13,11
2018-03-27 06:00:00.000,2018,3,27,6,06003KT,13,11
2018-03-27 07:00:00.000,2018,3,27,7,03004KT,13,10
2018-03-27 08:00:00.000,2018,3,27,8,04003KT,12,10
2018-03-27 09:00:00.000,2018,3,27,9,04004KT,11,10
2018-03-27 10:00:00.000,2018,3,27,10,VRB02KT,11,10
2018-03-27 11:00:00.000,2018,3,27,11,07004KT,11,10
2018-03-27 12:00:00.000,2018,3,27,12,35006KT,12,10
2018-03-27 13:00:00.000,2018,3,27,13,02003KT,13,11
2018-03-27 14:00:00.000,2018,3,27,14,05004KT,15,12
2018-03-27 15:00:00.000,2018,3,27,15,05004KT,16,11
2018-03-27 16:00:00.000,2018,3,27,16,18010KT,15,12
2018-03-27 17:00:00.000,2018,3,27,17,00000KT,15,11
2018-03-27 18:00:00.000,2018,3,27,18,05005KT,17,11
2018-03-27 19:00:00.000,2018,3,27,19,06006KT,20,10
2018-03-27 20:00:00.000,2018,3,27,20,VRB05KT,20,08
2018-03-27 21:00:00.000,2018,3,27,21,26008KT,19,12
2018-03-27 22:00:00.000,2018,3,27,22,27012KT,18,12
2018-03-27 23:00:00.000,2018,3,27,23,24008KT,16,12
2018-03-28 00:00:00.000,2018,3,28,0,VRB02KT,15,10
2018-03-28 01:00:00.000,2018,3,28,1,13004KT,14,11
2018-03-28 02:00:00.000,2018,3,28,2,VRB02KT,13,11
2018-03-28 03:00:00.000,2018,3,28,3,VRB02KT,13,11
2018-03-28 04:00:00.000,2018,3,28,4,VRB02KT,13,11
2018-03-28 05:00:00.000,2018,3,28,5,VRB02KT,13,11
2018-03-28 06:00:00.000,2018,3,28,6,VRB02KT,13,12
2018-03-28 07:00:00.000,2018,3,28,7,32004KT,12,10
2018-03-28 08:00:00.000,2018,3,28,8,VRB02KT,12,10
2018-03-28 09:00:00.000,2018,3,28,9,05003KT,12,10
2018-03-28 10:00:00.000,2018,3,28,10,VRB02KT,12,10
2018-03-28 11:00:00.000,2018,3,28,11,VRB02KT,12,10
2018-03-28 12:00:00.000,2018,3,28,12,05006KT,13,10
2018-03-28 13:00:00.000,2018,3,28,13,02004KT,13,11
2018-03-28 14:00:00.000,2018,3,28,14,06004KT,15,11
2018-03-28 15:00:00.000,2018,3,28,15,04004KT,16,10
2018-03-28 16:00:00.000,2018,3,28,16,24006KT,17,10
2018-03-28 17:00:00.000,2018,3,28,17,25008KT,16,12
2018-03-28 18:00:00.000,2018,3,28,18,28008KT,17,11
2018-03-28 19:00:00.000,2018,3,28,19,30010KT,16,12
2018-03-28 20:00:00.000,2018,3,28,20,25006KT,16,11
2018-03-28 21:00:00.000,2018,3,28,21,23006KT,14,12
2018-03-28 22:00:00.000,2018,3,28,22,29004KT,14,12
2018-03-28 23:00:00.000,2018,3,28,23,04004KT,14,12
2018-03-29 00:00:00.000,2018,3,29,0,36004KT,14,12
2018-03-29 01:00:00.000,2018,3,29,1,03008KT,13,12
2018-03-29 02:00:00.000,2018,3,29,2,05007KT,13,11
2018-03-29 03:00:00.000,2018,3,29,3,VRB02KT,13,12
2018-03-29 04:00:00.000,2018,3,29,4,VRB02KT,13,11
2018-03-29 05:00:00.000,2018,3,29,5,04004KT,13,12
2018-03-29 06:00:00.000,2018,3,29,6,06004KT,13,11
2018-03-29 07:00:00.000,2018,3,29,7,31003KT,13,11
2018-03-29 08:00:00.000,2018,3,29,8,VRB02KT,12,11
2018-03-29 09:00:00.000,2018,3,29,9,05007KT,12,11
2018-03-29 10:00:00.000,2018,3,29,10,05005KT,12,11
2018-03-29 11:00:00.000,2018,3,29,11,05005KT,12,10
2018-03-29 12:00:00.000,2018,3,29,12,04006KT,13,10
2018-03-29 13:00:00.000,2018,3,29,13,05008KT,14,11
2018-03-29 14:00:00.000,2018,3,29,14,05008KT,15,10
2018-03-29 15:00:00.000,2018,3,29,15,07008KT,16,10
2018-03-29 16:00:00.000,2018,3,29,16,14006KT,17,09
2018-03-29 17:00:00.000,2018,3,29,17,14009KT,18,09
2018-03-29 18:00:00.000,2018,3,29,18,17010KT,17,09
2018-03-29 19:00:00.000,2018,3,29,19,14010KT,17,08
2018-03-29 20:00:00.000,2018,3,29,20,12007KT,17,08
2018-03-29 21:00:00.000,2018,3,29,21,11007KT,18,08
2018-03-29 22:00:00.000,2018,3,29,22,05009KT,16,10
2018-03-29 23:00:00.000,2018,3,29,23,04010KT,14,09
2018-03-30 00:00:00.000,2018,3,30,0,05008KT,14,09
2018-03-30 01:00:00.000,2018,3,30,1,06004KT,13,09
2018-03-30 02:00:00.000,2018,3,30,2,03004KT,12,08
2018-03-30 03:00:00.000,2018,3,30,3,03005KT,12,09
2018-03-30 04:00:00.000,2018,3,30,4,VRB02KT,12,10
2018-03-30 05:00:00.000,2018,3,30,5,VRB02KT,12,09
2018-03-30 06:00:00.000,2018,3,30,6,31004KT,12,10
2018-03-30 07:00:00.000,2018,3,30,7,00000KT,12,10
2018-03-30 08:00:00.000,2018,3,30,8,VRB02KT,11,10
2018-03-30 09:00:00.000,2018,3,30,9,VRB02KT,11,09
2018-03-30 10:00:00.000,2018,3,30,10,VRB02KT,10,09
2018-03-30 11:00:00.000,2018,3,30,11,VRB02KT,09,08
2018-03-30 12:00:00.000,2018,3,30,12,VRB02KT,11,10
2018-03-30 13:00:00.000,2018,3,30,13,03006KT,15,10
2018-03-30 14:00:00.000,2018,3,30,14,02003KT,16,10
2018-03-30 15:00:00.000,2018,3,30,15,06004KT,17,10
2018-03-30 16:00:00.000,2018,3,30,16,10006KT,17,09
2018-03-30 17:00:00.000,2018,3,30,17,09006KT,18,09
2018-03-30 18:00:00.000,2018,3,30,18,13006KT,19,09
2018-03-30 19:00:00.000,2018,3,30,19,03005KT,18,09
2018-03-30 20:00:00.000,2018,3,30,20,23006KT,16,11
2018-03-30 21:00:00.000,2018,3,30,21,27006KT,14,12
2018-03-30 22:00:00.000,2018,3,30,22,23006KT,15,12
2018-03-30 23:00:00.000,2018,3,30,23,VRB02KT,14,12
2018-03-31 00:00:00.000,2018,3,31,0,30004KT,14,12
2018-03-31 01:00:00.000,2018,3,31,1,22005KT,14,12
2018-03-31 02:00:00.000,2018,3,31,2,20003KT,14,12
2018-03-31 03:00:00.000,2018,3,31,3,24004KT,14,12
2018-03-31 04:00:00.000,2018,3,31,4,21003KT,14,11
2018-03-31 05:00:00.000,2018,3,31,5,33004KT,13,11
2018-03-31 06:00:00.000,2018,3,31,6,30005KT,13,11
2018-03-31 07:00:00.000,2018,3,31,7,29006KT,12,11
2018-03-31 08:00:00.000,2018,3,31,8,28004KT,12,11
2018-03-31 09:00:00.000,2018,3,31,9,00000KT,12,10
2018-03-31 10:00:00.000,2018,3,31,10,28003KT,12,11
2018-03-31 11:00:00.000,2018,3,31,11,VRB02KT,12,11
2018-03-31 12:00:00.000,2018,3,31,12,VRB02KT,13,11
2018-03-31 13:00:00.000,2018,3,31,13,11006KT,15,13
2018-03-31 14:00:00.000,2018,3,31,14,08006KT,16,11
2018-03-31 15:00:00.000,2018,3,31,15,05006KT,18,09
2018-03-31 16:00:00.000,2018,3,31,16,06005KT,20,09
2018-03-31 17:00:00.000,2018,3,31,17,VRB02KT,20,10
2018-03-31 18:00:00.000,2018,3,31,18,23010KT,16,13
2018-03-31 19:00:00.000,2018,3,31,19,25008KT,16,13
2018-03-31 20:00:00.000,2018,3,31,20,02006KT,14,12
2018-03-31 21:00:00.000,2018,3,31,21,03003KT,14,12
2018-03-31 22:00:00.000,2018,3,31,22,09004KT,12,11
2018-03-31 23:00:00.000,2018,3,31,23,VRB02KT,12,11
2018-04-01 00:00:00.000,2018,4,1,0,12006KT,13,12
2018-04-01 01:00:00.000,2018,4,1,1,VRB03KT,13,11
2018-04-01 02:00:00.000,2018,4,1,2,29004KT,12,11
2018-04-01 03:00:00.000,2018,4,1,3,27006KT,12,11
2018-04-01 04:00:00.000,2018,4,1,4,VRB02KT,12,11
2018-04-01 05:00:00.000,2018,4,1,5,35003KT,12,11
2018-04-01 06:00:00.000,2018,4,1,6,10004KT,12,11
2018-04-01 07:00:00.000,2018,4,1,7,00000KT,12,10
2018-04-01 08:00:00.000,2018,4,1,8,33004KT,11,11
2018-04-01 09:00:00.000,2018,4,1,9,03003KT,11,10
2018-04-01 10:00:00.000,2018,4,1,10,VRB02KT,11,10
2018-04-01 11:00:00.000,2018,4,1,11,VRB02KT,11,10
2018-04-01 12:00:00.000,2018,4,1,12,VRB02KT,11,11
2018-04-01 13:00:00.000,2018,4,1,13,VRB02KT,12,11
2018-04-01 14:00:00.000,2018,4,1,14,VRB02KT,13,11
2018-04-01 15:00:00.000,2018,4,1,15,05003KT,15,10
2018-04-01 16:00:00.000,2018,4,1,16,VRB02KT,17,12
2018-04-01 17:00:00.000,2018,4,1,17,34004KT,18,10
2018-04-01 18:00:00.000,2018,4,1,18,27008KT,18,11
2018-04-01 19:00:00.000,2018,4,1,19,20014KT,16,08
2018-04-01 20:00:00.000,2018,4,1,20,21004KT,18,07
2018-04-01 21:00:00.000,2018,4,1,21,35006KT,15,10
2018-04-01 22:00:00.000,2018,4,1,22,07004KT,16,11
2018-04-01 23:00:00.000,2018,4,1,23,35004KT,15,12
2018-04-02 00:00:00.000,2018,4,2,0,34003KT,14,12
2018-04-02 01:00:00.000,2018,4,2,1,30005KT,14,12
2018-04-02 02:00:00.000,2018,4,2,2,32004KT,14,12
2018-04-02 03:00:00.000,2018,4,2,3,31005KT,13,11
2018-04-02 04:00:00.000,2018,4,2,4,30007KT,13,11
2018-04-02 05:00:00.000,2018,4,2,5,30003KT,13,11
2018-04-02 06:00:00.000,2018,4,2,6,30005KT,12,11
2018-04-02 07:00:00.000,2018,4,2,7,31006KT,12,11
2018-04-02 08:00:00.000,2018,4,2,8,26004KT,12,11
2018-04-02 09:00:00.000,2018,4,2,9,VRB02KT,12,11
2018-04-02 10:00:00.000,2018,4,2,10,VRB02KT,12,10
2018-04-02 11:00:00.000,2018,4,2,11,VRB02KT,12,10
2018-04-02 12:00:00.000,2018,4,2,12,03003KT,12,11
2018-04-02 13:00:00.000,2018,4,2,13,05006KT,14,11
2018-04-02 14:00:00.000,2018,4,2,14,04005KT,16,12
2018-04-02 15:00:00.000,2018,4,2,15,VRB02KT,17,11
2018-04-02 16:00:00.000,2018,4,2,16,VRB02KT,18,10
2018-04-02 17:00:00.000,2018,4,2,17,18010KT,14,10
2018-04-02 18:00:00.000,2018,4,2,18,21007KT,15,13
2018-04-02 19:00:00.000,2018,4,2,19,32008KT,15,13
2018-04-02 20:00:00.000,2018,4,2,20,36004KT,14,12
2018-04-02 21:00:00.000,2018,4,2,21,24004KT,14,13
2018-04-02 22:00:00.000,2018,4,2,22,33007KT,14,12
2018-04-02 23:00:00.000,2018,4,2,23,28006KT,14,12
2018-04-03 00:00:00.000,2018,4,3,0,29003KT,13,12
2018-04-03 01:00:00.000,2018,4,3,1,VRB02KT,13,11
2018-04-03 02:00:00.000,2018,4,3,2,VRB02KT,13,11
2018-04-03 03:00:00.000,2018,4,3,3,30008KT,13,11
2018-04-03 04:00:00.000,2018,4,3,4,VRB02KT,12,11
2018-04-03 05:00:00.000,2018,4,3,5,29008KT,12,11
2018-04-03 06:00:00.000,2018,4,3,6,34003KT,12,11
2018-04-03 07:00:00.000,2018,4,3,7,31003KT,12,11
2018-04-03 08:00:00.000,2018,4,3,8,VRB02KT,12,11
2018-04-03 09:00:00.000,2018,4,3,9,VRB02KT,12,11
2018-04-03 10:00:00.000,2018,4,3,10,VRB02KT,12,11
2018-04-03 11:00:00.000,2018,4,3,11,VRB02KT,11,10
2018-04-03 12:00:00.000,2018,4,3,12,08004KT,13,12
2018-04-03 13:00:00.000,2018,4,3,13,VRB02KT,14,12
2018-04-03 14:00:00.000,2018,4,3,14,04005KT,17,11
2018-04-03 15:00:00.000,2018,4,3,15,06005KT,17,10
2018-04-03 16:00:00.000,2018,4,3,16,36004KT,17,10
2018-04-03 17:00:00.000,2018,4,3,17,28010KT,18,12
2018-04-03 18:00:00.000,2018,4,3,18,28010KT,16,12
2018-04-03 19:00:00.000,2018,4,3,19,29005KT,14,12
2018-04-03 20:00:00.000,2018,4,3,20,20007KT,15,13
2018-04-03 21:00:00.000,2018,4,3,21,22005KT,16,12
2018-04-03 22:00:00.000,2018,4,3,22,20006KT,17,11
2018-04-03 23:00:00.000,2018,4,3,23,26007KT,15,12
2018-04-04 00:00:00.000,2018,4,4,0,27006KT,14,12
2018-04-04 01:00:00.000,2018,4,4,1,30005KT,14,12
2018-04-04 02:00:00.000,2018,4,4,2,27006KT,13,12
2018-04-04 03:00:00.000,2018,4,4,3,31004KT,13,12
2018-04-04 04:00:00.000,2018,4,4,4,35003KT,13,11
2018-04-04 05:00:00.000,2018,4,4,5,13004KT,12,11
2018-04-04 06:00:00.000,2018,4,4,6,20003KT,12,10
2018-04-04 07:00:00.000,2018,4,4,7,14004KT,12,10
2018-04-04 08:00:00.000,2018,4,4,8,07003KT,11,10
2018-04-04 09:00:00.000,2018,4,4,9,VRB02KT,11,10
2018-04-04 10:00:00.000,2018,4,4,10,VRB02KT,12,10
2018-04-04 11:00:00.000,2018,4,4,11,10005KT,12,10
2018-04-04 12:00:00.000,2018,4,4,12,05004KT,12,11
2018-04-04 13:00:00.000,2018,4,4,13,04003KT,13,11
2018-04-04 14:00:00.000,2018,4,4,14,04003KT,15,10
2018-04-04 15:00:00.000,2018,4,4,15,VRB02KT,16,10
2018-04-04 16:00:00.000,2018,4,4,16,11004KT,18,10
2018-04-04 17:00:00.000,2018,4,4,17,19007KT,18,10
2018-04-04 18:00:00.000,2018,4,4,18,28014KT,15,12
2018-04-04 19:00:00.000,2018,4,4,19,33005KT,13,12
2018-04-04 20:00:00.000,2018,4,4,20,31006KT,13,12
2018-04-04 21:00:00.000,2018,4,4,21,VRB02KT,13,12
2018-04-04 22:00:00.000,2018,4,4,22,VRB02KT,14,11
2018-04-04 23:00:00.000,2018,4,4,23,08003KT,14,11
2018-04-05 00:00:00.000,2018,4,5,0,VRB02KT,13,11
2018-04-05 01:00:00.000,2018,4,5,1,05004KT,12,11
2018-04-05 02:00:00.000,2018,4,5,2,VRB02KT,13,11
2018-04-05 03:00:00.000,2018,4,5,3,32003KT,12,11
2018-04-05 04:00:00.000,2018,4,5,4,VRB02KT,12,10
2018-04-05 05:00:00.000,2018,4,5,5,35003KT,12,10
2018-04-05 06:00:00.000,2018,4,5,6,VRB02KT,12,11
2018-04-05 07:00:00.000,2018,4,5,7,VRB02KT,12,11
2018-04-05 08:00:00.000,2018,4,5,8,VRB02KT,11,10
2018-04-05 09:00:00.000,2018,4,5,9,VRB02KT,11,10
2018-04-05 10:00:00.000,2018,4,5,10,32004KT,10,10
2018-04-05 11:00:00.000,2018,4,5,11,VRB02KT,11,10
2018-04-05 12:00:00.000,2018,4,5,12,15003KT,11,10
2018-04-05 13:00:00.000,2018,4,5,13,31005KT,12,12
2018-04-05 14:00:00.000,2018,4,5,14,27005KT,15,11
2018-04-05 15:00:00.000,2018,4,5,15,26003KT,17,10
2018-04-05 16:00:00.000,2018,4,5,16,21006KT,18,10
2018-04-05 17:00:00.000,2018,4,5,17,32004KT,20,10
2018-04-05 18:00:00.000,2018,4,5,18,35011KT,16,11
2018-04-05 19:00:00.000,2018,4,5,19,27010KT,16,12
2018-04-05 20:00:00.000,2018,4,5,20,30004KT,15,11
2018-04-05 21:00:00.000,2018,4,5,21,27009KT,16,10
2018-04-05 22:00:00.000,2018,4,5,22,31006KT,16,10
2018-04-05 23:00:00.000,2018,4,5,23,28003KT,15,11
2018-04-06 00:00:00.000,2018,4,6,0,28006KT,14,10
2018-04-06 01:00:00.000,2018,4,6,1,36006KT,13,10
2018-04-06 02:00:00.000,2018,4,6,2,30009KT,13,10
2018-04-06 03:00:00.000,2018,4,6,3,27004KT,13,10
2018-04-06 04:00:00.000,2018,4,6,4,29003KT,13,10
2018-04-06 05:00:00.000,2018,4,6,5,31006KT,12,10
2018-04-06 06:00:00.000,2018,4,6,6,32006KT,12,10
2018-04-06 07:00:00.000,2018,4,6,7,33004KT,12,09
2018-04-06 08:00:00.000,2018,4,6,8,VRB02KT,12,10
2018-04-06 09:00:00.000,2018,4,6,9,33003KT,11,10
2018-04-06 10:00:00.000,2018,4,6,10,31003KT,11,10
2018-04-06 11:00:00.000,2018,4,6,11,VRB02KT,11,10
2018-04-06 12:00:00.000,2018,4,6,12,VRB02KT,12,10
2018-04-06 13:00:00.000,2018,4,6,13,31003KT,13,10
2018-04-06 14:00:00.000,2018,4,6,14,28005KT,14,10
2018-04-06 15:00:00.000,2018,4,6,15,28004KT,14,09
2018-04-06 16:00:00.000,2018,4,6,16,35007KT,13,10
2018-04-06 17:00:00.000,2018,4,6,17,33004KT,13,10
2018-04-06 18:00:00.000,2018,4,6,18,33005KT,14,09
2018-04-06 19:00:00.000,2018,4,6,19,31006KT,14,10
2018-04-06 20:00:00.000,2018,4,6,20,29008KT,13,11
2018-04-06 21:00:00.000,2018,4,6,21,30005KT,13,11
2018-04-06 22:00:00.000,2018,4,6,22,30006KT,14,11
2018-04-06 23:00:00.000,2018,4,6,23,31008KT,13,10
2018-04-07 00:00:00.000,2018,4,7,0,29007KT,12,10
2018-04-07 01:00:00.000,2018,4,7,1,31007KT,12,10
2018-04-07 02:00:00.000,2018,4,7,2,31008KT,12,10
2018-04-07 03:00:00.000,2018,4,7,3,VRB02KT,12,10
2018-04-07 04:00:00.000,2018,4,7,4,34003KT,12,10
2018-04-07 05:00:00.000,2018,4,7,5,35003KT,12,10
2018-04-07 06:00:00.000,2018,4,7,6,VRB02KT,12,10
2018-04-07 07:00:00.000,2018,4,7,7,VRB02KT,11,10
2018-04-07 08:00:00.000,2018,4,7,8,VRB02KT,11,10
2018-04-07 09:00:00.000,2018,4,7,9,VRB02KT,11,10
2018-04-07 10:00:00.000,2018,4,7,10,VRB02KT,11,10
2018-04-07 11:00:00.000,2018,4,7,11,VRB02KT,11,10
2018-04-07 12:00:00.000,2018,4,7,12,29003KT,12,10
2018-04-07 13:00:00.000,2018,4,7,13,VRB02KT,13,11
2018-04-07 14:00:00.000,2018,4,7,14,VRB02KT,15,10
2018-04-07 15:00:00.000,2018,4,7,15,VRB02KT,15,09
2018-04-07 16:00:00.000,2018,4,7,16,36005KT,17,09
2018-04-07 17:00:00.000,2018,4,7,17,30005KT,18,10
2018-04-07 18:00:00.000,2018,4,7,18,26010KT,19,09
2018-04-07 19:00:00.000,2018,4,7,19,33012KT,19,09
2018-04-07 20:00:00.000,2018,4,7,20,28013KT,15,10
2018-04-07 21:00:00.000,2018,4,7,21,26007KT,14,10
2018-04-07 22:00:00.000,2018,4,7,22,01003KT,14,11
2018-04-07 23:00:00.000,2018,4,7,23,01004KT,14,11
2018-04-08 00:00:00.000,2018,4,8,0,04005KT,13,11
2018-04-08 01:00:00.000,2018,4,8,1,VRB02KT,12,10
2018-04-08 02:00:00.000,2018,4,8,2,05003KT,12,10
2018-04-08 03:00:00.000,2018,4,8,3,05004KT,12,10
2018-04-08 04:00:00.000,2018,4,8,4,VRB02KT,11,10
2018-04-08 05:00:00.000,2018,4,8,5,VRB02KT,11,10
2018-04-08 06:00:00.000,2018,4,8,6,VRB02KT,10,09
2018-04-08 07:00:00.000,2018,4,8,7,VRB02KT,09,08
2018-04-08 08:00:00.000,2018,4,8,8,VRB02KT,09,08
2018-04-08 09:00:00.000,2018,4,8,9,VRB02KT,10,09
2018-04-08 10:00:00.000,2018,4,8,10,VRB02KT,10,09
2018-04-08 11:00:00.000,2018,4,8,11,VRB02KT,10,10
2018-04-08 12:00:00.000,2018,4,8,12,34004KT,11,10
2018-04-08 13:00:00.000,2018,4,8,13,05005KT,14,11
2018-04-08 14:00:00.000,2018,4,8,14,05005KT,16,10
2018-04-08 15:00:00.000,2018,4,8,15,05005KT,17,09
2018-04-08 16:00:00.000,2018,4,8,16,02004KT,19,09
2018-04-08 17:00:00.000,2018,4,8,17,31005KT,20,08
2018-04-08 18:00:00.000,2018,4,8,18,30017KT,19,12
2018-04-08 19:00:00.000,2018,4,8,19,29012KT,16,13
2018-04-08 20:00:00.000,2018,4,8,20,29008KT,16,12
2018-04-08 21:00:00.000,2018,4,8,21,27006KT,15,12
2018-04-08 22:00:00.000,2018,4,8,22,VRB02KT,15,12
2018-04-08 23:00:00.000,2018,4,8,23,31005KT,15,11
2018-04-09 00:00:00.000,2018,4,9,0,34003KT,13,11
2018-04-09 01:00:00.000,2018,4,9,1,VRB02KT,12,10
2018-04-09 02:00:00.000,2018,4,9,2,03004KT,11,10
2018-04-09 03:00:00.000,2018,4,9,3,34003KT,11,10
2018-04-09 04:00:00.000,2018,4,9,4,VRB02KT,10,09
2018-04-09 05:00:00.000,2018,4,9,5,VRB02KT,10,09
2018-04-09 06:00:00.000,2018,4,9,6,00000KT,10,09
2018-04-09 07:00:00.000,2018,4,9,7,04003KT,10,09
2018-04-09 08:00:00.000,2018,4,9,8,06003KT,11,10
2018-04-09 09:00:00.000,2018,4,9,9,03003KT,10,10
2018-04-09 10:00:00.000,2018,4,9,10,03004KT,10,10
2018-04-09 11:00:00.000,2018,4,9,11,07003KT,10,09
2018-04-09 12:00:00.000,2018,4,9,12,03003KT,13,10
2018-04-09 13:00:00.000,2018,4,9,13,04004KT,14,10
2018-04-09 14:00:00.000,2018,4,9,14,33003KT,16,11
2018-04-09 15:00:00.000,2018,4,9,15,VRB02KT,19,10
2018-04-09 16:00:00.000,2018,4,9,16,VRB08KT,20,08
2018-04-09 17:00:00.000,2018,4,9,17,07010KT,20,09
2018-04-09 18:00:00.000,2018,4,9,18,14008KT,20,09
2018-04-09 19:00:00.000,2018,4,9,19,25008KT,19,11
2018-04-09 20:00:00.000,2018,4,9,20,26010KT,20,12
2018-04-09 21:00:00.000,2018,4,9,21,30012KT,17,12
2018-04-09 22:00:00.000,2018,4,9,22,30011KT,16,12
2018-04-09 23:00:00.000,2018,4,9,23,20006KT,15,12
2018-04-10 00:00:00.000,2018,4,10,0,VRB02KT,14,12
2018-04-10 01:00:00.000,2018,4,10,1,VRB02KT,13,11
2018-04-10 02:00:00.000,2018,4,10,2,VRB02KT,13,10
2018-04-10 03:00:00.000,2018,4,10,3,VRB02KT,12,10
2018-04-10 04:00:00.000,2018,4,10,4,VRB02KT,12,10
2018-04-10 05:00:00.000,2018,4,10,5,05005KT,13,11
2018-04-10 06:00:00.000,2018,4,10,6,03003KT,13,11
2018-04-10 07:00:00.000,2018,4,10,7,VRB02KT,12,11
2018-04-10 08:00:00.000,2018,4,10,8,VRB02KT,12,11
2018-04-10 09:00:00.000,2018,4,10,9,VRB02KT,12,11
2018-04-10 10:00:00.000,2018,4,10,10,VRB02KT,12,11
2018-04-10 11:00:00.000,2018,4,10,11,VRB02KT,12,11
2018-04-10 12:00:00.000,2018,4,10,12,VRB02KT,13,11
2018-04-10 13:00:00.000,2018,4,10,13,23204KT,14,12
2018-04-10 14:00:00.000,2018,4,10,14,36003KT,16,11
2018-04-10 15:00:00.000,2018,4,10,15,30008KT,17,11
2018-04-10 16:00:00.000,2018,4,10,16,29011KT,17,11
2018-04-10 18:00:00.000,2018,4,10,18,23005KT,14,11
2018-04-10 19:00:00.000,2018,4,10,19,32006KT,14,12
2018-04-10 20:00:00.000,2018,4,10,20,18006KT,15,12
2018-04-10 21:00:00.000,2018,4,10,21,20006KT,14,11
2018-04-10 22:00:00.000,2018,4,10,22,14004KT,14,11
2018-04-10 23:00:00.000,2018,4,10,23,00000KT,15,10
2018-04-11 00:00:00.000,2018,4,11,0,VRB02KT,14,11
2018-04-11 01:00:00.000,2018,4,11,1,VRB02KT,13,11
2018-04-11 02:00:00.000,2018,4,11,2,01004KT,13,11
2018-04-11 03:00:00.000,2018,4,11,3,VRB03KT,12,11
2018-04-11 04:00:00.000,2018,4,11,4,01003KT,12,11
2018-04-11 05:00:00.000,2018,4,11,5,VRB02KT,12,11
2018-04-11 06:00:00.000,2018,4,11,6,VRB02KT,12,11
2018-04-11 07:00:00.000,2018,4,11,7,VRB02KT,12,11
2018-04-11 08:00:00.000,2018,4,11,8,36004KT,12,11
2018-04-11 09:00:00.000,2018,4,11,9,VRB02KT,11,10
2018-04-11 10:00:00.000,2018,4,11,10,00000KT,12,11
2018-04-11 11:00:00.000,2018,4,11,11,VRB02KT,11,10
2018-04-11 12:00:00.000,2018,4,11,12,VRB02KT,12,11
2018-04-11 13:00:00.000,2018,4,11,13,31003KT,14,12
2018-04-11 14:00:00.000,2018,4,11,14,32003KT,15,12
2018-04-11 15:00:00.000,2018,4,11,15,36003KT,16,11
2018-04-11 16:00:00.000,2018,4,11,16,02004KT,17,11
2018-04-11 17:00:00.000,2018,4,11,17,13006KT,13,11
2018-04-11 18:00:00.000,2018,4,11,18,25006KT,14,12
2018-04-11 19:00:00.000,2018,4,11,19,05008KT,14,12
2018-04-11 19:30:00.000,2018,4,11,19,26005KT,15,12
2018-04-11 20:00:00.000,2018,4,11,20,23007KT,15,12
2018-04-11 21:00:00.000,2018,4,11,21,18004KT,15,11
2018-04-11 22:00:00.000,2018,4,11,22,VRB02KT,16,1
2018-04-11 23:00:00.000,2018,4,11,23,25005KT,15,12
2018-04-12 00:00:00.000,2018,4,12,0,23003KT,14,11
2018-04-12 01:00:00.000,2018,4,12,1,28004KT,13,11
2018-04-12 02:00:00.000,2018,4,12,2,30006KT,13,12
2018-04-12 03:00:00.000,2018,4,12,3,28005KT,13,11
2018-04-12 04:00:00.000,2018,4,12,4,17004KT,13,11
2018-04-12 05:00:00.000,2018,4,12,5,21004KT,13,11
2018-04-12 06:00:00.000,2018,4,12,6,27003KT,13,11
2018-04-12 07:00:00.000,2018,4,12,7,24003KT,13,11
2018-04-12 08:00:00.000,2018,4,12,8,31005KT,12,11
2018-04-12 09:00:00.000,2018,4,12,9,29004KT,12,11
2018-04-12 10:00:00.000,2018,4,12,10,25004KT,12,11
2018-04-12 11:00:00.000,2018,4,12,11,30005KT,12,11
2018-04-12 12:00:00.000,2018,4,12,12,31005KT,13,11
2018-04-12 13:00:00.000,2018,4,12,13,32005KT,14,11
2018-04-12 14:00:00.000,2018,4,12,14,31004KT,15,11
2018-04-12 15:00:00.000,2018,4,12,15,31003KT,16,10
2018-04-12 16:00:00.000,2018,4,12,16,31010KT,17,11
2018-04-12 16:13:00.000,2018,4,12,16,27010KT,16,11
2018-04-12 17:00:00.000,2018,4,12,17,27006KT,14,13
2018-04-12 18:00:00.000,2018,4,12,18,28008KT,14,12
2018-04-12 18:30:00.000,2018,4,12,18,27006KT,13,12
2018-04-12 19:00:00.000,2018,4,12,19,VRB03KT,13,12
2018-04-12 20:00:00.000,2018,4,12,20,15003KT,13,12
2018-04-12 21:00:00.000,2018,4,12,21,14003KT,14,12
2018-04-12 22:00:00.000,2018,4,12,22,VRB02KT,14,11
2018-04-12 23:00:00.000,2018,4,12,23,VRB02KT,14,12
2018-04-13 01:00:00.000,2018,4,13,1,VRB02KT,13,11
2018-04-13 02:00:00.000,2018,4,13,2,VRB02KT,13,11
2018-04-13 03:00:00.000,2018,4,13,3,30004KT,12,11
2018-04-13 04:00:00.000,2018,4,13,4,31003KT,11,10
2018-04-13 05:00:00.000,2018,4,13,5,28004KT,12,10
2018-04-13 06:00:00.000,2018,4,13,6,05003KT,11,10
2018-04-13 07:00:00.000,2018,4,13,7,04003KT,11,10
2018-04-13 08:00:00.000,2018,4,13,8,VRB02KT,11,10
2018-04-13 09:00:00.000,2018,4,13,9,VRB02KT,11,10
2018-04-13 10:00:00.000,2018,4,13,10,VRB002KT,11,10
2018-04-13 10:30:00.000,2018,4,13,10,36003KT,11,10
2018-04-13 11:00:00.000,2018,4,13,11,VRB02KT,11,10
2018-04-13 12:00:00.000,2018,4,13,12,03006KT,12,10
2018-04-13 13:00:00.000,2018,4,13,13,06007KT,15,11
2018-04-13 14:00:00.000,2018,4,13,14,06006KT,17,11
2018-04-13 15:00:00.000,2018,4,13,15,32003KT,18,10
2018-04-13 16:00:00.000,2018,4,13,16,23003KT,19,10
2018-04-13 17:00:00.000,2018,4,13,17,25010KT,17,12
2018-04-13 17:10:00.000,2018,4,13,17,29013KT,16,12
2018-04-13 18:00:00.000,2018,4,13,18,27010KT,16,12
2018-04-13 19:00:00.000,2018,4,13,19,29007KT,16,11
2018-04-13 19:40:00.000,2018,4,13,19,15010KT,15,11
2018-04-13 20:00:00.000,2018,4,13,20,15008KT,15,11
2018-04-13 21:00:00.000,2018,4,13,21,18003KT,16,12
2018-04-13 21:25:00.000,2018,4,13,21,VRB02KT,16,12
2018-04-13 22:00:00.000,2018,4,13,22,34003KT,15,12
2018-04-13 23:00:00.000,2018,4,13,23,30006KT,14,12
2018-04-13 23:15:00.000,2018,4,13,23,23006KT,23,22
2018-04-14 00:00:00.000,2018,4,14,0,30007KT,14,11
2018-04-14 01:00:00.000,2018,4,14,1,34004KT,14,11
2018-04-14 02:00:00.000,2018,4,14,2,VRB02KT,13,11
2018-04-14 03:00:00.000,2018,4,14,3,17003KT,13,12
2018-04-14 03:33:00.000,2018,4,14,3,VRB03KT,13,11
2018-04-14 04:00:00.000,2018,4,14,4,13003KT,12,11
2018-04-14 04:30:00.000,2018,4,14,4,17004KT,21,19
2018-04-14 05:00:00.000,2018,4,14,5,VRB02KT,12,11
2018-04-14 06:00:00.000,2018,4,14,6,VRB02KT,12,11
2018-04-14 07:00:00.000,2018,4,14,7,VRB02KT,12,11
2018-04-14 08:00:00.000,2018,4,14,8,12003KT,12,10
2018-04-14 09:00:00.000,2018,4,14,9,34003KT,12,11
2018-04-14 09:05:00.000,2018,4,14,9,VRB02KT,12,11
2018-04-14 10:00:00.000,2018,4,14,10,VRB02KT,12,11
2018-04-14 10:30:00.000,2018,4,14,10,VRB02KT,12,11
2018-04-14 11:00:00.000,2018,4,14,11,04003KT,12,11
2018-04-14 12:00:00.000,2018,4,14,12,01003KT,12,11
2018-04-14 13:00:00.000,2018,4,14,13,34003KT,12,11
2018-04-14 14:00:00.000,2018,4,14,14,36004KT,13,12
2018-04-14 15:00:00.000,2018,4,14,15,33003KT,13,12
2018-04-14 15:30:00.000,2018,4,14,15,36003KT,14,12
2018-04-14 16:00:00.000,2018,4,14,16,00000KT,14,12
2018-04-14 16:20:00.000,2018,4,14,16,VRB02KT,16,12
2018-04-14 17:00:00.000,2018,4,14,17,VRB02KT,17,12
2018-04-14 18:00:00.000,2018,4,14,18,12004KT,17,12
2018-04-14 19:00:00.000,2018,4,14,19,23008KT,16,11
2018-04-14 20:00:00.000,2018,4,14,20,24007KT,15,12
2018-04-14 21:00:00.000,2018,4,14,21,27004KT,14,12
2018-04-14 22:00:00.000,2018,4,14,22,24006KT,14,12
2018-04-14 23:00:00.000,2018,4,14,23,25008KT,13,11
2018-04-15 00:00:00.000,2018,4,15,0,23004KT,13,10
2018-04-15 01:00:00.000,2018,4,15,1,VRB02KT,13,10
2018-04-15 02:00:00.000,2018,4,15,2,10005KT,14,10
2018-04-15 03:00:00.000,2018,4,15,3,VRB02KT,13,09
2018-04-15 04:00:00.000,2018,4,15,4,07003KT,13,09
2018-04-15 05:00:00.000,2018,4,15,5,03004KT,12,09
2018-04-15 06:00:00.000,2018,4,15,6,04004KT,11,09
2018-04-15 07:00:00.000,2018,4,15,7,03005KT,11,09
2018-04-15 08:00:00.000,2018,4,15,8,04006KT,11,09
2018-04-15 09:00:00.000,2018,4,15,9,05004KT,10,08
2018-04-15 10:00:00.000,2018,4,15,10,05006KT,10,09
2018-04-15 10:30:00.000,2018,4,15,10,06006KT,10,08
2018-04-15 11:00:00.000,2018,4,15,11,05006KT,10,08
2018-04-15 12:00:00.000,2018,4,15,12,06007KT,11,09
2018-04-15 12:20:00.000,2018,4,15,12,06008KT,13,10
2018-04-15 13:00:00.000,2018,4,15,13,08008KT,14,09
2018-04-15 14:00:00.000,2018,4,15,14,34006KT,16,11
2018-04-15 15:00:00.000,2018,4,15,15,11005KT,17,07
2018-04-15 16:00:00.000,2018,4,15,16,10010KT,18,09
2018-04-15 17:00:00.000,2018,4,15,17,13009KT,17,09
2018-04-15 18:00:00.000,2018,4,15,18,08006KT,18,09
2018-04-15 19:00:00.000,2018,4,15,19,12009KT,18,08
2018-04-15 20:00:00.000,2018,4,15,20,10008KT,19,09
2018-04-15 21:00:00.000,2018,4,15,21,09004KT,18,09
2018-04-15 22:00:00.000,2018,4,15,22,25006KT,17,11
2018-04-15 23:00:00.000,2018,4,15,23,23006KT,15,11
2018-04-16 00:00:00.000,2018,4,16,0,VRB02KT,15,11
2018-04-16 01:00:00.000,2018,4,16,1,24003KT,14,10
2018-04-16 02:00:00.000,2018,4,16,2,VRB02KT,13,11
2018-04-16 03:00:00.000,2018,4,16,3,02003KT,12,10
2018-04-16 04:00:00.000,2018,4,16,4,VRB02KT,13,10
2018-04-16 05:00:00.000,2018,4,16,5,VRB02KT,12,10
2018-04-16 06:00:00.000,2018,4,16,6,06005KT,11,09
2018-04-16 07:00:00.000,2018,4,16,7,VRB02KT,11,09
2018-04-16 08:00:00.000,2018,4,16,8,05003KT,11,10
2018-04-16 09:00:00.000,2018,4,16,9,06004KT,11,10
2018-04-16 10:00:00.000,2018,4,16,10,06003KT,11,09
2018-04-16 10:30:00.000,2018,4,16,10,VRB02KT,,
2018-04-16 11:00:00.000,2018,4,16,11,VRB02KT,10,09
2018-04-16 12:00:00.000,2018,4,16,12,04005KT,13,10
2018-04-16 13:00:00.000,2018,4,16,13,02004KT,14,10
2018-04-16 14:00:00.000,2018,4,16,14,04005KT,16,09
2018-04-16 15:00:00.000,2018,4,16,15,12004KT,17,08
2018-04-16 16:00:00.000,2018,4,16,16,VRB02KT,18,09
2018-04-16 17:00:00.000,2018,4,16,17,VRB02KT,19,08
2018-04-16 18:00:00.000,2018,4,16,18,06006KT,18,10
2018-04-16 19:00:00.000,2018,4,16,19,35007KT,18,10
2018-04-16 20:00:00.000,2018,4,16,20,27011KT,17,12
2018-04-16 21:00:00.000,2018,4,16,21,22009KT,17,11
2018-04-16 22:00:00.000,2018,4,16,22,22007KT,17,11
2018-04-16 23:00:00.000,2018,4,16,23,27006KT,15,10
2018-04-17 00:00:00.000,2018,4,17,0,27004KT,15,09
2018-04-17 01:00:00.000,2018,4,17,1,VRB02KT,14,09
2018-04-17 02:00:00.000,2018,4,17,2,VRB02KT,13,10
2018-04-17 03:00:00.000,2018,4,17,3,VRB02KT,12,10
2018-04-17 04:00:00.000,2018,4,17,4,01003KT,11,09
2018-04-17 05:00:00.000,2018,4,17,5,VRB02KT,12,10
2018-04-17 06:00:00.000,2018,4,17,6,VRB02KT,12,10
2018-04-17 07:00:00.000,2018,4,17,7,VRB02KT,11,09
2018-04-17 08:00:00.000,2018,4,17,8,06005KT,12,11
2018-04-17 09:00:00.000,2018,4,17,9,05004KT,12,11
2018-04-17 10:00:00.000,2018,4,17,10,VRB02KT,11,10
2018-04-17 11:00:00.000,2018,4,17,11,05005KT,11,10
2018-04-17 12:00:00.000,2018,4,17,12,03007KT,12,10
2018-04-17 13:00:00.000,2018,4,17,13,05004KT,16,10
2018-04-17 14:00:00.000,2018,4,17,14,VRB02KT,16,09
2018-04-17 15:00:00.000,2018,4,17,15,23009KT,15,11
2018-04-17 16:00:00.000,2018,4,17,16,31006KT,15,10
2018-04-17 17:00:00.000,2018,4,17,17,36005KT,16,11
2018-04-17 18:00:00.000,2018,4,17,18,35004KT,16,11
2018-04-17 19:00:00.000,2018,4,17,19,30005KT,17,10
2018-04-17 20:00:00.000,2018,4,17,20,36004KT,16,10
2018-04-17 21:00:00.000,2018,4,17,21,32003KT,17,10
2018-04-17 22:00:00.000,2018,4,17,22,VRB02KT,18,10
2018-04-17 23:00:00.000,2018,4,17,23,27005KT,15,11
2018-04-18 00:00:00.000,2018,4,18,0,VRB02KT,15,11
2018-04-18 01:00:00.000,2018,4,18,1,35003KT,13,11
2018-04-18 02:00:00.000,2018,4,18,2,03003KT,13,11
2018-04-18 04:00:00.000,2018,4,18,4,02004KT,13,11
2018-04-18 05:00:00.000,2018,4,18,5,VRB02KT,13,11
2018-04-18 06:00:00.000,2018,4,18,6,05005KT,13,11
2018-04-18 07:00:00.000,2018,4,18,7,03004KT,12,10
2018-04-18 08:00:00.000,2018,4,18,8,00000KT,12,10
2018-04-18 09:00:00.000,2018,4,18,9,36003KT,12,10
2018-04-18 10:00:00.000,2018,4,18,10,06003KT,12,11
2018-04-18 11:00:00.000,2018,4,18,11,07004KT,12,10
2018-04-18 12:00:00.000,2018,4,18,12,07004KT,12,10
2018-04-18 13:00:00.000,2018,4,18,13,04007KT,14,11
2018-04-18 14:00:00.000,2018,4,18,14,05004KT,16,11
2018-04-18 15:00:00.000,2018,4,18,15,VRB02KT,17,10
2018-04-18 16:00:00.000,2018,4,18,16,04003KT,18,10
2018-04-18 17:00:00.000,2018,4,18,17,29003KT,19,10
2018-04-18 18:00:00.000,2018,4,18,18,14010KT,18,09
2018-04-18 19:00:00.000,2018,4,18,19,15010KT,20,10
2018-04-18 20:00:00.000,2018,4,18,20,13016KT,17,09
2018-04-18 21:00:00.000,2018,4,18,21,16007KT,15,11
2018-04-18 22:00:00.000,2018,4,18,22,06004KT,16,10
2018-04-18 23:00:00.000,2018,4,18,23,07006KT,15,09
2018-04-19 00:00:00.000,2018,4,19,0,07007KT,14,09
2018-04-19 01:00:00.000,2018,4,19,1,VRB02KT,14,09
2018-04-19 02:00:00.000,2018,4,19,2,07003KT,13,09
2018-04-19 03:00:00.000,2018,4,19,3,00000KT,12,09
2018-04-19 04:00:00.000,2018,4,19,4,03004KT,10,09
2018-04-19 05:00:00.000,2018,4,19,5,VRB02KT,11,09
2018-04-19 06:00:00.000,2018,4,19,6,05003KT,11,09
2018-04-19 07:00:00.000,2018,4,19,7,VRB02KT,10,09
2018-04-19 08:00:00.000,2018,4,19,8,36003KT,11,09
2018-04-19 09:00:00.000,2018,4,19,9,00000KT,12,09
2018-04-19 10:00:00.000,2018,4,19,10,36003KT,11,10
2018-04-19 11:00:00.000,2018,4,19,11,04004KT,11,09
2018-04-19 12:00:00.000,2018,4,19,12,06004KT,13,11
2018-04-19 13:00:00.000,2018,4,19,13,04007KT,14,10
2018-04-19 14:00:00.000,2018,4,19,14,09006KT,15,09
2018-04-19 15:00:00.000,2018,4,19,15,07006KT,15,11
2018-04-19 16:00:00.000,2018,4,19,16,13015KT,17,08
2018-04-19 17:00:00.000,2018,4,19,17,13012KT,18,09
2018-04-19 18:00:00.000,2018,4,19,18,12012KT,17,08
2018-04-19 19:00:00.000,2018,4,19,19,11010KT,16,08
2018-04-19 20:00:00.000,2018,4,19,20,12010KT,17,08
2018-04-19 21:00:00.000,2018,4,19,21,10008KT,16,08
2018-04-19 22:00:00.000,2018,4,19,22,10008KT,16,09
2018-04-19 23:00:00.000,2018,4,19,23,09006KT,15,09
2018-04-20 00:00:00.000,2018,4,20,0,15006KT,15,09
2018-04-20 01:00:00.000,2018,4,20,1,09005KT,14,08
2018-04-20 02:00:00.000,2018,4,20,2,07005KT,14,09
2018-04-20 03:00:00.000,2018,4,20,3,07006KT,13,08
2018-04-20 04:00:00.000,2018,4,20,4,05006KT,13,09
2018-04-20 05:00:00.000,2018,4,20,5,07005KT,13,08
2018-04-20 06:00:00.000,2018,4,20,6,08004KT,13,08
2018-04-20 07:00:00.000,2018,4,20,7,05004KT,12,09
2018-04-20 08:00:00.000,2018,4,20,8,07003KT,12,09
2018-04-20 09:00:00.000,2018,4,20,9,07005KT,13,08
2018-04-20 11:00:00.000,2018,4,20,11,07005KT,13,08
2018-04-20 12:00:00.000,2018,4,20,12,12006KT,14,08
2018-04-20 13:00:00.000,2018,4,20,13,08005KT,15,08
2018-04-20 14:00:00.000,2018,4,20,14,10007KT,15,09
2018-04-20 15:00:00.000,2018,4,20,15,13007KT,15,09
2018-04-20 16:00:00.000,2018,4,20,16,14011KT,16,09
2018-04-20 17:00:00.000,2018,4,20,17,14009KT,16,08
2018-04-20 18:00:00.000,2018,4,20,18,12008KT,16,08
2018-04-20 19:00:00.000,2018,4,20,19,15008KT,16,08
2018-04-20 20:00:00.000,2018,4,20,20,09004KT,16,08
2018-04-20 21:00:00.000,2018,4,20,21,15004KT,16,08
2018-04-20 22:00:00.000,2018,4,20,22,08006KT,15,08
2018-04-20 23:00:00.000,2018,4,20,23,03006KT,14,09
2018-04-21 00:00:00.000,2018,4,21,0,05003KT,14,08
2018-04-21 01:00:00.000,2018,4,21,1,04005KT,11,08
2018-04-21 02:00:00.000,2018,4,21,2,01003KT,11,09
2018-04-21 03:00:00.000,2018,4,21,3,04003KT,10,08
2018-04-21 04:00:00.000,2018,4,21,4,04005KT,09,07
2018-04-21 05:00:00.000,2018,4,21,5,06007KT,10,08
2018-04-21 06:00:00.000,2018,4,21,6,08004KT,10,08
2018-04-21 07:00:00.000,2018,4,21,7,09003KT,10,08
2018-04-21 08:00:00.000,2018,4,21,8,04005KT,11,09
2018-04-21 09:00:00.000,2018,4,21,9,02004KT,10,08
2018-04-21 10:00:00.000,2018,4,21,10,VRB02KT,10,08
2018-04-21 11:00:00.000,2018,4,21,11,05004KT,11,09
2018-04-21 12:00:00.000,2018,4,21,12,07007KT,12,09
2018-04-21 13:00:00.000,2018,4,21,13,09007KT,14,09
2018-04-21 15:00:00.000,2018,4,21,15,12012KT,17,08
2018-04-21 16:00:00.000,2018,4,21,16,12012KT,18,08
2018-04-21 17:00:00.000,2018,4,21,17,09014KT,20,09
2018-04-21 18:00:00.000,2018,4,21,18,08008KT,19,09
2018-04-21 19:00:00.000,2018,4,21,19,07008KT,19,08
2018-04-21 20:00:00.000,2018,4,21,20,09008KT,19,07
2018-04-21 21:00:00.000,2018,4,21,21,07006KT,18,09
2018-04-21 22:00:00.000,2018,4,21,22,07008KT,16,09
2018-04-21 23:00:00.000,2018,4,21,23,12006KT,16,08
2018-04-22 00:00:00.000,2018,4,22,0,26005KT,14,10
2018-04-22 01:00:00.000,2018,4,22,1,VRB02KT,12,09
2018-04-22 02:00:00.000,2018,4,22,2,01003KT,11,10
2018-04-22 03:00:00.000,2018,4,22,3,04003KT,12,10
2018-04-22 04:00:00.000,2018,4,22,4,VRB02KT,13,10
2018-04-22 05:00:00.000,2018,4,22,5,VRB02KT,11,09
2018-04-22 06:00:00.000,2018,4,22,6,03003KT,10,07
2018-04-22 07:00:00.000,2018,4,22,7,02003KT,09,08
2018-04-22 08:00:00.000,2018,4,22,8,03004KT,09,08
2018-04-22 11:00:00.000,2018,4,22,11,33003KT,07,06
2018-04-22 12:00:00.000,2018,4,22,12,VRB02KT,10,09
2018-04-22 13:00:00.000,2018,4,22,13,VRB02KT,11,10
2018-04-22 14:00:00.000,2018,4,22,14,14004KT,15,10
2018-04-22 15:00:00.000,2018,4,22,15,15006KT,17,10
2018-04-22 16:00:00.000,2018,4,22,16,12008KT,17,08
2018-04-22 17:00:00.000,2018,4,22,17,19005KT,16,10
2018-04-22 18:00:00.000,2018,4,22,18,14007KT,17,09
2018-04-22 19:00:00.000,2018,4,22,19,11004KT,19,08
2018-04-22 20:00:00.000,2018,4,22,20,14014KT,14,11
2018-04-22 21:00:00.000,2018,4,22,21,11009KT,15,11
2018-04-22 22:00:00.000,2018,4,22,22,05006KT,14,12
2018-04-22 23:00:00.000,2018,4,22,23,06006KT,14,11
2018-04-23 00:00:00.000,2018,4,23,0,06005KT,13,09
2018-04-23 01:00:00.000,2018,4,23,1,05010KT,13,08
2018-04-23 02:00:00.000,2018,4,23,2,05007KT,13,07
2018-04-23 03:00:00.000,2018,4,23,3,03007KT,11,08
2018-04-23 04:00:00.000,2018,4,23,4,05005KT,12,08
2018-04-23 05:00:00.000,2018,4,23,5,05007KT,12,08
2018-04-23 06:00:00.000,2018,4,23,6,06007KT,12,08
2018-04-23 07:00:00.000,2018,4,23,7,04006KT,12,08
2018-04-23 08:00:00.000,2018,4,23,8,06006KT,11,08
2018-04-23 09:00:00.000,2018,4,23,9,05005KT,12,08
2018-04-23 10:00:00.000,2018,4,23,10,VRB02KT,10,08
2018-04-23 11:00:00.000,2018,4,23,11,05003KT,09,08
2018-04-23 12:00:00.000,2018,4,23,12,04004KT,11,08
2018-04-23 13:00:00.000,2018,4,23,13,06004KT,16,09
2018-04-23 14:00:00.000,2018,4,23,14,06005KT,17,09
2018-04-23 15:00:00.000,2018,4,23,15,12006KT,18,08
2018-04-23 16:00:00.000,2018,4,23,16,15012KT,19,08
2018-04-23 17:00:00.000,2018,4,23,17,17013KT,19,08
2018-04-23 18:00:00.000,2018,4,23,18,17012KT,20,09
2018-04-23 19:00:00.000,2018,4,23,19,18012KT,20,08
2018-04-23 20:00:00.000,2018,4,23,20,16012KT,20,08
2018-04-23 21:00:00.000,2018,4,23,21,18010KT,20,07
2018-04-23 22:00:00.000,2018,4,23,22,07004KT,18,08
2018-04-23 23:00:00.000,2018,4,23,23,12009KT,17,09
2018-04-24 00:00:00.000,2018,4,24,0,11004KT,16,09
2018-04-24 01:00:00.000,2018,4,24,1,35003KT,13,09
2018-04-24 02:00:00.000,2018,4,24,2,11004KT,13,09
2018-04-24 03:00:00.000,2018,4,24,3,03004KT,12,09
2018-04-24 04:00:00.000,2018,4,24,4,05003KT,12,10
2018-04-24 05:00:00.000,2018,4,24,5,03006KT,11,09
2018-04-24 06:00:00.000,2018,4,24,6,06004KT,11,09
2018-04-24 07:00:00.000,2018,4,24,7,36003KT,10,08
2018-04-24 08:00:00.000,2018,4,24,8,03003KT,11,09
2018-04-24 09:00:00.000,2018,4,24,9,VRB02KT,11,09
2018-04-24 10:00:00.000,2018,4,24,10,29003KT,11,10
2018-04-24 11:00:00.000,2018,4,24,11,VRB02KT,10,09
2018-04-24 12:00:00.000,2018,4,24,12,02004KT,12,10
2018-04-24 13:00:00.000,2018,4,24,13,06005KT,14,11
2018-04-24 14:00:00.000,2018,4,24,14,05004KT,16,10
2018-04-24 15:00:00.000,2018,4,24,15,06004KT,17,10
2018-04-24 16:00:00.000,2018,4,24,16,10004KT,18,10
2018-04-24 17:00:00.000,2018,4,24,17,08006KT,18,11
2018-04-24 18:00:00.000,2018,4,24,18,12004KT,18,09
2018-04-24 19:00:00.000,2018,4,24,19,15010KT,16,10
2018-04-24 20:00:00.000,2018,4,24,20,32003KT,16,12
2018-04-24 21:00:00.000,2018,4,24,21,34005KT,16,13
2018-04-24 22:00:00.000,2018,4,24,22,VRB02KT,17,11
2018-04-24 23:00:00.000,2018,4,24,23,18008KT,14,11
2018-04-25 00:00:00.000,2018,4,25,0,11008KT,15,09
2018-04-25 01:00:00.000,2018,4,25,1,03004KT,13,08
2018-04-25 02:00:00.000,2018,4,25,2,02004KT,12,09
2018-04-25 03:00:00.000,2018,4,25,3,VRB02KT,13,09
2018-04-25 04:00:00.000,2018,4,25,4,VRB02KT,11,08
2018-04-25 05:00:00.000,2018,4,25,5,05003KT,11,08
2018-04-25 06:00:00.000,2018,4,25,6,VRB02KT,10,08
2018-04-25 07:00:00.000,2018,4,25,7,VRB02KT,10,09
2018-04-25 08:00:00.000,2018,4,25,8,VRB02KT,09,08
2018-04-25 09:00:00.000,2018,4,25,9,VRB02KT,10,09
2018-04-25 10:00:00.000,2018,4,25,10,VRB02KT,10,09
2018-04-25 11:00:00.000,2018,4,25,11,VRB02KT,11,10
2018-04-25 12:00:00.000,2018,4,25,12,05007KT,12,10
2018-04-25 13:00:00.000,2018,4,25,13,06004KT,14,10
2018-04-25 14:00:00.000,2018,4,25,14,13005KT,16,08
2018-04-25 15:00:00.000,2018,4,25,15,06008KT,17,10
2018-04-25 16:00:00.000,2018,4,25,16,06010KT,17,09
2018-04-25 17:00:00.000,2018,4,25,17,05009KT,18,09
2018-04-25 18:00:00.000,2018,4,25,18,06008KT,18,10
2018-04-25 19:00:00.000,2018,4,25,19,06008KT,19,09
2018-04-25 20:00:00.000,2018,4,25,20,VRB05KT,20,08
2018-04-25 21:00:00.000,2018,4,25,21,11005KT,19,08
2018-04-25 22:00:00.000,2018,4,25,22,10007KT,18,09
2018-04-25 23:00:00.000,2018,4,25,23,09005KT,17,09
2018-04-26 00:00:00.000,2018,4,26,0,11006KT,17,09
2018-04-26 01:00:00.000,2018,4,26,1,22004KT,15,12
2018-04-26 02:00:00.000,2018,4,26,2,25003KT,14,12
2018-04-26 03:00:00.000,2018,4,26,3,VRB02KT,13,11
2018-04-26 04:00:00.000,2018,4,26,4,VRB02KT,13,11
2018-04-26 05:00:00.000,2018,4,26,5,VRB02KT,13,11
2018-04-26 06:00:00.000,2018,4,26,6,14006KT,12,10
2018-04-26 07:00:00.000,2018,4,26,7,09006KT,11,10
2018-04-26 08:00:00.000,2018,4,26,8,04007KT,11,10
2018-04-26 09:00:00.000,2018,4,26,9,05007KT,11,10
2018-04-26 10:00:00.000,2018,4,26,10,06004KT,11,10
2018-04-26 11:00:00.000,2018,4,26,11,10004KT,11,10
2018-04-26 12:00:00.000,2018,4,26,12,05006KT,12,11
2018-04-26 13:00:00.000,2018,4,26,13,04004KT,14,11
2018-04-26 14:00:00.000,2018,4,26,14,05003KT,15,11
2018-04-26 15:00:00.000,2018,4,26,15,04005KT,16,10
2018-04-26 16:00:00.000,2018,4,26,16,36003KT,17,09
2018-04-26 17:00:00.000,2018,4,26,17,35003KT,18,10
2018-04-26 17:07:00.000,2018,4,26,17,36003KT,18,10
2018-04-26 18:00:00.000,2018,4,26,18,34003KT,18,10
2018-04-26 19:00:00.000,2018,4,26,19,28007KT,17,13
2018-04-26 20:00:00.000,2018,4,26,20,32008KT,15,13
2018-04-26 21:00:00.000,2018,4,26,21,28008KT,16,13
2018-04-26 22:00:00.000,2018,4,26,22,30005KT,15,13
2018-04-26 23:00:00.000,2018,4,26,23,VRB04KT,15,12
2018-04-27 00:00:00.000,2018,4,27,0,VRB02KT,14,12
2018-04-27 01:00:00.000,2018,4,27,1,36003KT,13,12
2018-04-27 02:00:00.000,2018,4,27,2,08003KT,13,12
2018-04-27 03:00:00.000,2018,4,27,3,VRB02KT,14,11
2018-04-27 04:00:00.000,2018,4,27,4,13004KT,13,11
2018-04-27 05:00:00.000,2018,4,27,5,36003KT,13,11
2018-04-27 06:00:00.000,2018,4,27,6,VRB02KT,13,11
2018-04-27 07:00:00.000,2018,4,27,7,36003KT,13,11
2018-04-27 08:00:00.000,2018,4,27,8,31003KT,13,11
2018-04-27 09:00:00.000,2018,4,27,9,VRB02KT,13,11
2018-04-27 10:00:00.000,2018,4,27,10,VRB02KT,12,11
2018-04-27 10:30:00.000,2018,4,27,10,30005KT,12,11
2018-04-27 11:00:00.000,2018,4,27,11,30003KT,12,11
2018-04-27 12:00:00.000,2018,4,27,12,VRB02KT,12,11
2018-04-27 13:00:00.000,2018,4,27,13,VRB02KT,13,11
2018-04-27 14:00:00.000,2018,4,27,14,VRB02KT,15,11
2018-04-27 15:00:00.000,2018,4,27,15,03005KT,15,11
2018-04-27 16:00:00.000,2018,4,27,16,03008KT,15,11
2018-04-27 17:00:00.000,2018,4,27,17,03005KT,17,11
2018-04-27 18:00:00.000,2018,4,27,18,34005KT,14,12
2018-04-27 18:20:00.000,2018,4,27,18,24006KT,14,13
2018-04-27 19:00:00.000,2018,4,27,19,26005KT,15,13
2018-04-27 20:00:00.000,2018,4,27,20,24006KT,16,12
2018-04-27 21:00:00.000,2018,4,27,21,25007KT,15,12
2018-04-27 22:00:00.000,2018,4,27,22,24004KT,15,11
2018-04-27 23:00:00.000,2018,4,27,23,34005KT,14,12
2018-04-28 00:00:00.000,2018,4,28,0,36003KT,13,11
2018-04-28 01:00:00.000,2018,4,28,1,VRB02KT,13,11
2018-04-28 02:00:00.000,2018,4,28,2,03006KT,12,10
2018-04-28 03:00:00.000,2018,4,28,3,05004KT,12,10
2018-04-28 04:00:00.000,2018,4,28,4,VRB02KT,12,11
2018-04-28 05:00:00.000,2018,4,28,5,04005KT,12,10
2018-04-28 06:00:00.000,2018,4,28,6,VRB02KT,12,10
2018-04-28 07:00:00.000,2018,4,28,7,04005KT,12,10
2018-04-28 08:00:00.000,2018,4,28,8,04006KT,12,10
2018-04-28 09:00:00.000,2018,4,28,9,04004KT,12,10
2018-04-28 10:00:00.000,2018,4,28,10,VRB02KT,12,10
2018-04-28 10:30:00.000,2018,4,28,10,04004KT,12,10
2018-04-28 11:00:00.000,2018,4,28,11,05004KT,12,10
2018-04-28 12:00:00.000,2018,4,28,12,VRB02KT,13,11
2018-04-28 13:00:00.000,2018,4,28,13,04005KT,15,11
2018-04-28 14:00:00.000,2018,4,28,14,VRB02KT,16,10
2018-04-28 15:00:00.000,2018,4,28,15,VRB02KT,17,09
2018-04-28 16:00:00.000,2018,4,28,16,VRB02KT,18,11
2018-04-28 16:14:00.000,2018,4,28,16,22003KT,17,10
2018-04-28 16:30:00.000,2018,4,28,16,16004KT,15,11
2018-04-28 17:00:00.000,2018,4,28,17,26006KT,17,12
2018-04-28 18:00:00.000,2018,4,28,18,21004KT,20,10
2018-04-28 18:30:00.000,2018,4,28,18,VRB02KT,18,10
2018-04-28 19:00:00.000,2018,4,28,19,26005KT,15,11
2018-04-28 19:18:00.000,2018,4,28,19,28008KT,19,14
2018-04-28 20:00:00.000,2018,4,28,20,30011KT,15,13
2018-04-28 20:14:00.000,2018,4,28,20,30010KT,14,13
2018-04-28 21:00:00.000,2018,4,28,21,27010KT,14,13
2018-04-28 22:00:00.000,2018,4,28,22,33006KT,14,13
2018-04-28 23:00:00.000,2018,4,28,23,30003KT,14,13
2018-04-29 00:00:00.000,2018,4,29,0,VRB02KT,14,13
2018-04-29 01:00:00.000,2018,4,29,1,26005KT,14,12
2018-04-29 02:00:00.000,2018,4,29,2,VRB02KT,13,11
2018-04-29 03:00:00.000,2018,4,29,3,24003KT,13,11
2018-04-29 04:00:00.000,2018,4,29,4,VRB02KT,13,11
2018-04-29 05:00:00.000,2018,4,29,5,36003KT,11,10
2018-04-29 06:00:00.000,2018,4,29,6,VRB02KT,12,11
2018-04-29 07:00:00.000,2018,4,29,7,VRB02KT,12,11
2018-04-29 08:00:00.000,2018,4,29,8,VRB02KT,12,11
2018-04-29 09:00:00.000,2018,4,29,9,VRB02KT,11,10
2018-04-29 10:00:00.000,2018,4,29,10,VRB02KT,11,10
2018-04-29 10:30:00.000,2018,4,29,10,VRB02KT,11,10
2018-04-29 11:00:00.000,2018,4,29,11,VRB02KT,11,10
2018-04-29 12:00:00.000,2018,4,29,12,03003KT,12,10
2018-04-29 13:00:00.000,2018,4,29,13,02005KT,13,11
2018-04-29 14:00:00.000,2018,4,29,14,04003KT,14,11
2018-04-29 15:00:00.000,2018,4,29,15,VRB02KT,14,11
2018-04-29 16:00:00.000,2018,4,29,16,31004KT,14,11
2018-04-29 17:00:00.000,2018,4,29,17,VRB02KT,15,11
2018-04-29 18:00:00.000,2018,4,29,18,19003KT,15,11
2018-04-29 19:00:00.000,2018,4,29,19,22004KT,15,11
2018-04-29 19:05:00.000,2018,4,29,19,21004KT,14,10
2018-04-29 20:00:00.000,2018,4,29,20,20006KT,13,10
2018-04-29 21:00:00.000,2018,4,29,21,21005KT,13,09
2018-04-29 22:00:00.000,2018,4,29,22,21003KT,14,09
2018-04-29 23:00:00.000,2018,4,29,23,23003KT,13,09
2018-04-30 00:00:00.000,2018,4,30,0,VRB02KT,12,10
2018-04-30 01:00:00.000,2018,4,30,1,03004KT,12,10
2018-04-30 02:00:00.000,2018,4,30,2,VRB02KT,11,10
2018-04-30 03:00:00.000,2018,4,30,3,VRB02KT,11,10
2018-04-30 04:00:00.000,2018,4,30,4,06005KT,10,09
2018-04-30 05:00:00.000,2018,4,30,5,05004KT,12,10
2018-04-30 06:00:00.000,2018,4,30,6,VRB02KT,12,10
2018-04-30 07:00:00.000,2018,4,30,7,06003KT,11,09
2018-04-30 08:00:00.000,2018,4,30,8,VRB02KT,11,10
2018-04-30 09:00:00.000,2018,4,30,9,35004KT,10,09
2018-04-30 10:00:00.000,2018,4,30,10,00000KT,10,09
2018-04-30 10:30:00.000,2018,4,30,10,02003KT,09,08
2018-04-30 11:00:00.000,2018,4,30,11,06004KT,10,09
2018-04-30 12:00:00.000,2018,4,30,12,06004KT,13,11
2018-04-30 13:00:00.000,2018,4,30,13,06006KT,16,10
2018-04-30 14:00:00.000,2018,4,30,14,15003KT,16,10
2018-04-30 15:00:00.000,2018,4,30,15,09010KT,18,10
2018-04-30 16:00:00.000,2018,4,30,16,08006KT,18,10
2018-04-30 17:00:00.000,2018,4,30,17,10010KT,18,09
2018-04-30 18:00:00.000,2018,4,30,18,12009KT,18,09
2018-04-30 19:00:00.000,2018,4,30,19,15006KT,18,09
2018-04-30 20:00:00.000,2018,4,30,20,09005KT,18,10
2018-04-30 21:00:00.000,2018,4,30,21,08008KT,17,10
2018-04-30 22:00:00.000,2018,4,30,22,13007KT,16,09
2018-04-30 23:00:00.000,2018,4,30,23,07004KT,15,10
2018-05-01 01:00:00.000,2018,5,1,1,09003KT,14,09
2018-05-01 02:00:00.000,2018,5,1,2,VRB02KT,12,09
2018-05-01 03:00:00.000,2018,5,1,3,04003KT,11,08
2018-05-01 04:00:00.000,2018,5,1,4,04007KT,11,09
2018-05-01 05:00:00.000,2018,5,1,5,02003KT,09,08
2018-05-01 06:00:00.000,2018,5,1,6,VRB02KT,10,08
2018-05-01 07:00:00.000,2018,5,1,7,03004KT,09,08
2018-05-01 08:00:00.000,2018,5,1,8,VRB02KT,09,08
2018-05-01 09:00:00.000,2018,5,1,9,VRB02KT,08,07
2018-05-01 10:00:00.000,2018,5,1,10,VRB02KT,07,06
2018-05-01 11:00:00.000,2018,5,1,11,VRB02KT,07,06
2018-05-01 12:00:00.000,2018,5,1,12,00000KT,09,08
2018-05-01 13:00:00.000,2018,5,1,13,00000KT,11,10
2018-05-01 14:00:00.000,2018,5,1,14,06006KT,14,10
2018-05-01 15:00:00.000,2018,5,1,15,05004KT,16,10
2018-05-01 16:00:00.000,2018,5,1,16,11004KT,17,09
2018-05-01 17:00:00.000,2018,5,1,17,09006KT,18,09
2018-05-01 18:00:00.000,2018,5,1,18,03008KT,17,09
2018-05-01 19:00:00.000,2018,5,1,19,04008KT,18,10
2018-05-01 20:00:00.000,2018,5,1,20,05008KT,18,09
2018-05-01 21:00:00.000,2018,5,1,21,04004KT,18,09
2018-05-01 22:00:00.000,2018,5,1,22,VRB02KT,18,10
2018-05-01 23:00:00.000,2018,5,1,23,24007KT,15,11
2018-05-02 00:00:00.000,2018,5,2,0,30004KT,14,11
2018-05-02 01:00:00.000,2018,5,2,1,02004KT,12,09
2018-05-02 02:00:00.000,2018,5,2,2,VRB02KT,11,09
2018-05-02 03:00:00.000,2018,5,2,3,VRB02KT,11,09
2018-05-02 04:00:00.000,2018,5,2,4,VRB02KT,12,10
2018-05-02 05:00:00.000,2018,5,2,5,VRB02KT,12,11
2018-05-02 06:00:00.000,2018,5,2,6,08003KT,12,11
2018-05-02 07:00:00.000,2018,5,2,7,VRB02KT,12,11
2018-05-02 08:00:00.000,2018,5,2,8,04004KT,12,11
2018-05-02 09:00:00.000,2018,5,2,9,05006KT,12,11
2018-05-02 10:00:00.000,2018,5,2,10,VRB02KT,,
2018-05-02 11:00:00.000,2018,5,2,11,05006KT,12,11
2018-05-02 12:00:00.000,2018,5,2,12,06007KT,12,11
2018-05-02 13:00:00.000,2018,5,2,13,04006KT,13,12
2018-05-02 14:00:00.000,2018,5,2,14,07007KT,15,11
2018-05-02 15:00:00.000,2018,5,2,15,11005KT,16,10
2018-05-02 16:00:00.000,2018,5,2,16,13010KT,18,09
2018-05-02 17:00:00.000,2018,5,2,17,10011KT,18,09
2018-05-02 18:00:00.000,2018,5,2,18,15010KT,18,10
2018-05-02 19:00:00.000,2018,5,2,19,11006KT,19,10
2018-05-02 20:00:00.000,2018,5,2,20,10006KT,19,09
2018-05-02 21:00:00.000,2018,5,2,21,15006KT,20,08
2018-05-02 22:00:00.000,2018,5,2,22,02007KT,18,11
2018-05-02 23:00:00.000,2018,5,2,23,05010KT,16,11
2018-05-03 00:00:00.000,2018,5,3,0,03005KT,14,10
2018-05-03 01:00:00.000,2018,5,3,1,04003KT,13,10
2018-05-03 02:00:00.000,2018,5,3,2,04006KT,13,10
2018-05-03 03:00:00.000,2018,5,3,3,04006KT,12,10
2018-05-03 04:00:00.000,2018,5,3,4,04005KT,13,11
2018-05-03 05:00:00.000,2018,5,3,5,06006KT,13,11
2018-05-03 06:00:00.000,2018,5,3,6,03006KT,13,10
2018-05-03 07:00:00.000,2018,5,3,7,03004KT,12,10
2018-05-03 08:00:00.000,2018,5,3,8,04005KT,12,10
2018-05-03 09:00:00.000,2018,5,3,9,05005KT,11,10
2018-05-03 10:00:00.000,2018,5,3,10,05006KT,11,09
2018-05-03 11:00:00.000,2018,5,3,11,05006KT,10,09
2018-05-03 12:00:00.000,2018,5,3,12,05006KT,13,10
2018-05-03 13:00:00.000,2018,5,3,13,06007KT,16,11
2018-05-03 14:00:00.000,2018,5,3,14,12006KT,17,09
2018-05-03 15:00:00.000,2018,5,3,15,15007KT,17,09
2018-05-03 16:00:00.000,2018,5,3,16,08005KT,19,10
2018-05-03 17:00:00.000,2018,5,3,17,27004KT,19,08
2018-05-03 18:00:00.000,2018,5,3,18,25010KT,19,12
2018-05-03 19:00:00.000,2018,5,3,19,30009KT,19,11
2018-05-03 20:00:00.000,2018,5,3,20,32009KT,19,11
2018-05-03 21:00:00.000,2018,5,3,21,29007KT,18,09
2018-05-03 22:00:00.000,2018,5,3,22,28007KT,16,10
2018-05-03 23:00:00.000,2018,5,3,23,VRB02KT,15,09
2018-05-04 00:00:00.000,2018,5,4,0,33004KT,14,10
2018-05-04 01:00:00.000,2018,5,4,1,34004KT,14,11
2018-05-04 02:00:00.000,2018,5,4,2,27003KT,14,10
2018-05-04 03:00:00.000,2018,5,4,3,33003KT,14,11
2018-05-04 04:00:00.000,2018,5,4,4,VRB02KT,13,11
2018-05-04 05:00:00.000,2018,5,4,5,34003KT,13,12
2018-05-04 06:00:00.000,2018,5,4,6,36004KT,13,11
2018-05-04 07:00:00.000,2018,5,4,7,04003KT,12,11
2018-05-04 08:00:00.000,2018,5,4,8,09003KT,12,11
2018-05-04 09:00:00.000,2018,5,4,9,02004KT,12,11
2018-05-04 10:00:00.000,2018,5,4,10,03003KT,12,11
2018-05-04 11:00:00.000,2018,5,4,11,03007KT,12,11
2018-05-04 12:00:00.000,2018,5,4,12,03004KT,12,10
2018-05-04 13:00:00.000,2018,5,4,13,35006KT,12,11
2018-05-04 14:00:00.000,2018,5,4,14,05012KT,14,11
2018-05-04 15:00:00.000,2018,5,4,15,06008KT,15,11
2018-05-04 16:00:00.000,2018,5,4,16,07006KT,18,11
2018-05-04 17:00:00.000,2018,5,4,17,09006KT,19,09
2018-05-04 18:00:00.000,2018,5,4,18,09006KT,18,10
2018-05-04 19:00:00.000,2018,5,4,19,11004KT,16,12
2018-05-04 20:00:00.000,2018,5,4,20,24009KT,14,13
2018-05-04 21:00:00.000,2018,5,4,21,24006KT,15,13
2018-05-04 22:00:00.000,2018,5,4,22,28004KT,15,13
2018-05-04 23:00:00.000,2018,5,4,23,29005KT,14,12
2018-05-05 00:00:00.000,2018,5,5,0,32004KT,13,12
2018-05-05 01:00:00.000,2018,5,5,1,VRB02KT,12,11
2018-05-05 02:00:00.000,2018,5,5,2,VRB02KT,11,10
2018-05-05 03:00:00.000,2018,5,5,3,VRB02KT,12,11
2018-05-05 04:00:00.000,2018,5,5,4,03004KT,12,11
2018-05-05 05:00:00.000,2018,5,5,5,02004KT,12,11
2018-05-05 06:00:00.000,2018,5,5,6,VRB02KT,12,11
2018-05-05 07:00:00.000,2018,5,5,7,02004KT,11,10
2018-05-05 08:00:00.000,2018,5,5,8,25004KT,12,10
2018-05-05 09:00:00.000,2018,5,5,9,VRB02KT,12,10
2018-05-05 10:00:00.000,2018,5,5,10,VRB02KT,12,10
2018-05-05 11:00:00.000,2018,5,5,11,VRB02KT,12,11
2018-05-05 12:00:00.000,2018,5,5,12,051200Z,13,10
2018-05-05 13:00:00.000,2018,5,5,13,03005KT,14,12
2018-05-05 14:00:00.000,2018,5,5,14,04005KT,15,11
2018-05-05 15:00:00.000,2018,5,5,15,03005KT,17,11
2018-05-05 16:00:00.000,2018,5,5,16,20008KT,16,11
2018-05-05 17:00:00.000,2018,5,5,17,15007KT,17,10
2018-05-05 18:00:00.000,2018,5,5,18,30010KT,15,12
2018-05-05 19:00:00.000,2018,5,5,19,32008KT,14,13
2018-05-05 20:00:00.000,2018,5,5,20,04008KT,14,13
2018-05-05 21:00:00.000,2018,5,5,21,35008KT,14,12
2018-05-05 22:00:00.000,2018,5,5,22,31007KT,14,12
2018-05-05 23:00:00.000,2018,5,5,23,28006KT,14,12
2018-05-06 00:00:00.000,2018,5,6,0,31005KT,13,11
2018-05-06 01:00:00.000,2018,5,6,1,VRB02KT,14,12
2018-05-06 02:00:00.000,2018,5,6,2,00000KT,13,12
2018-05-06 03:00:00.000,2018,5,6,3,VRB02KT,13,12
2018-05-06 04:00:00.000,2018,5,6,4,VRB02KT,11,10
2018-05-06 05:00:00.000,2018,5,6,5,05003KT,11,10
2018-05-06 06:00:00.000,2018,5,6,6,06003KT,12,10
2018-05-06 07:00:00.000,2018,5,6,7,VRB02KT,11,10
2018-05-06 08:00:00.000,2018,5,6,8,33003KT,09,08
2018-05-06 09:00:00.000,2018,5,6,9,VRB02KT,09,08
2018-05-06 10:00:00.000,2018,5,6,10,22003KT,10,09
2018-05-06 11:00:00.000,2018,5,6,11,28004KT,08,08
2018-05-06 12:00:00.000,2018,5,6,12,VRB02KT,10,10
2018-05-06 13:00:00.000,2018,5,6,13,03004KT,13,12
2018-05-06 14:00:00.000,2018,5,6,14,06004KT,16,12
2018-05-06 15:00:00.000,2018,5,6,15,VRB02KT,16,10
2018-05-06 16:00:00.000,2018,5,6,16,15003KT,17,10
2018-05-06 17:00:00.000,2018,5,6,17,20006KT,14,12
2018-05-06 18:00:00.000,2018,5,6,18,20005KT,14,12
2018-05-06 19:00:00.000,2018,5,6,19,02005KT,15,12
2018-05-06 20:00:00.000,2018,5,6,20,02006KT,15,12
2018-05-06 21:00:00.000,2018,5,6,21,04004KT,15,11
2018-05-06 22:00:00.000,2018,5,6,22,10004KT,16,11
2018-05-06 23:00:00.000,2018,5,6,23,11005KT,16,09
2018-05-07 00:00:00.000,2018,5,7,0,05003KT,14,10
2018-05-07 01:00:00.000,2018,5,7,1,07006KT,14,10
2018-05-07 02:00:00.000,2018,5,7,2,04006KT,13,10
2018-05-07 03:00:00.000,2018,5,7,3,02003KT,13,10
2018-05-07 04:00:00.000,2018,5,7,4,03005KT,13,10
2018-05-07 05:00:00.000,2018,5,7,5,04003KT,13,10
2018-05-07 06:00:00.000,2018,5,7,6,03004KT,12,10
2018-05-07 07:00:00.000,2018,5,7,7,VRB02KT,12,10
2018-05-07 08:00:00.000,2018,5,7,8,05004KT,12,10
2018-05-07 09:00:00.000,2018,5,7,9,VRB02KT,12,10
2018-05-07 10:00:00.000,2018,5,7,10,06004KT,12,10
2018-05-07 11:00:00.000,2018,5,7,11,04007KT,12,10
2018-05-07 12:00:00.000,2018,5,7,12,01004KT,13,11
2018-05-07 13:00:00.000,2018,5,7,13,VRB02KT,14,11
2018-05-07 14:00:00.000,2018,5,7,14,VRB02KT,16,10
2018-05-07 15:00:00.000,2018,5,7,15,04006KT,15,11
2018-05-07 16:00:00.000,2018,5,7,16,14005KT,16,11
2018-05-07 17:00:00.000,2018,5,7,17,VRB04KT,18,11
2018-05-07 18:00:00.000,2018,5,7,18,VRB04KT,19,10
2018-05-07 19:00:00.000,2018,5,7,19,23011KT,17,12
2018-05-07 20:00:00.000,2018,5,7,20,27007KT,15,12
2018-05-07 21:00:00.000,2018,5,7,21,25006KT,14,13
2018-05-07 22:00:00.000,2018,5,7,22,25005KT,14,12
2018-05-07 23:00:00.000,2018,5,7,23,35003KT,14,12
2018-05-08 00:00:00.000,2018,5,8,0,30004KT,13,12
2018-05-08 01:00:00.000,2018,5,8,1,VRB02KT,13,12
2018-05-08 02:00:00.000,2018,5,8,2,34004KT,13,12
2018-05-08 03:00:00.000,2018,5,8,3,00000KT,13,12
2018-05-08 04:00:00.000,2018,5,8,4,VRB02KT,13,12
2018-05-08 05:00:00.000,2018,5,8,5,VRB03KT,12,11
2018-05-08 06:00:00.000,2018,5,8,6,25006KT,12,11
2018-05-08 07:00:00.000,2018,5,8,7,28003KT,12,11
2018-05-08 08:00:00.000,2018,5,8,8,00000KT,11,10
2018-05-08 09:00:00.000,2018,5,8,9,10003KT,11,11
2018-05-08 10:00:00.000,2018,5,8,10,00000KT,11,10
2018-05-08 11:00:00.000,2018,5,8,11,03007KT,11,10
2018-05-08 12:00:00.000,2018,5,8,12,05006KT,11,10
2018-05-08 13:00:00.000,2018,5,8,13,05007KT,11,10
2018-05-08 14:00:00.000,2018,5,8,14,04006KT,11,10
2018-05-08 15:00:00.000,2018,5,8,15,03006KT,12,10
2018-05-08 16:00:00.000,2018,5,8,16,03004KT,13,11
2018-05-08 17:00:00.000,2018,5,8,17,35006KT,14,11
2018-05-08 18:00:00.000,2018,5,8,18,27006KT,17,11
2018-05-08 19:00:00.000,2018,5,8,19,26006KT,18,10
2018-05-08 20:00:00.000,2018,5,8,20,23007KT,17,11
2018-05-08 21:00:00.000,2018,5,8,21,25008KT,16,11
2018-05-08 22:00:00.000,2018,5,8,22,25006KT,14,12
2018-05-08 23:00:00.000,2018,5,8,23,24003KT,14,11
2018-05-09 00:00:00.000,2018,5,9,0,32004KT,14,12
2018-05-09 01:00:00.000,2018,5,9,1,VRB02KT,13,12
2018-05-09 02:00:00.000,2018,5,9,2,VRB02KT,13,12
2018-05-09 03:00:00.000,2018,5,9,3,VRB02KT,13,12
2018-05-09 04:00:00.000,2018,5,9,4,VRB02KT,,
2018-05-09 05:00:00.000,2018,5,9,5,03003KT,12,11
2018-05-09 06:00:00.000,2018,5,9,6,34003KT,12,11
2018-05-09 07:00:00.000,2018,5,9,7,VRB02KT,12,11
2018-05-09 08:00:00.000,2018,5,9,8,VRB02KT,12,11
2018-05-09 09:00:00.000,2018,5,9,9,VRB02KT,12,11
2018-05-09 10:00:00.000,2018,5,9,10,VRB02KT,12,11
2018-05-09 11:00:00.000,2018,5,9,11,28005KT,12,11
2018-05-09 12:00:00.000,2018,5,9,12,35003KT,12,11
2018-05-09 13:00:00.000,2018,5,9,13,24003KT,12,11
2018-05-09 14:00:00.000,2018,5,9,14,29004KT,13,12
2018-05-09 15:00:00.000,2018,5,9,15,VRB02KT,16,10
2018-05-09 16:00:00.000,2018,5,9,16,05008KT,17,10
2018-05-09 17:00:00.000,2018,5,9,17,11005KT,18,10
2018-05-09 18:00:00.000,2018,5,9,18,12003KT,18,11
2018-05-09 19:00:00.000,2018,5,9,19,23007KT,16,11
2018-05-09 20:00:00.000,2018,5,9,20,31005KT,15,13
2018-05-09 21:00:00.000,2018,5,9,21,24005KT,16,12
2018-05-09 22:00:00.000,2018,5,9,22,18004KT,17,12
2018-05-09 23:00:00.000,2018,5,9,23,29004KT,15,13
2018-05-10 00:00:00.000,2018,5,10,0,30004KT,15,12
2018-05-10 01:00:00.000,2018,5,10,1,29004KT,15,13
2018-05-10 02:00:00.000,2018,5,10,2,VRB03KT,14,12
2018-05-10 03:00:00.000,2018,5,10,3,29003KT,14,12
2018-05-10 04:00:00.000,2018,5,10,4,VRB02KT,14,11
2018-05-10 05:00:00.000,2018,5,10,5,01003KT,13,11
2018-05-10 06:00:00.000,2018,5,10,6,VRB02KT,12,10
2018-05-10 07:00:00.000,2018,5,10,7,31003KT,12,10
2018-05-10 08:00:00.000,2018,5,10,8,00000KT,12,10
2018-05-10 09:00:00.000,2018,5,10,9,VRB02KT,12,10
2018-05-10 10:00:00.000,2018,5,10,10,00000KT,12,10
2018-05-10 11:00:00.000,2018,5,10,11,34003KT,12,10
2018-05-10 12:00:00.000,2018,5,10,12,35004KT,12,11
2018-05-10 13:00:00.000,2018,5,10,13,03003KT,14,11
2018-05-10 14:00:00.000,2018,5,10,14,VRB02KT,15,10
2018-05-10 15:00:00.000,2018,5,10,15,VRB02KT,17,11
2018-05-10 16:00:00.000,2018,5,10,16,VRB03KT,17,10
2018-05-10 17:00:00.000,2018,5,10,17,24003KT,17,10
2018-05-10 18:00:00.000,2018,5,10,18,25010KT,17,13
2018-05-10 19:00:00.000,2018,5,10,19,25010KT,17,12
2018-05-10 20:00:00.000,2018,5,10,20,26012KT,16,11
2018-05-10 21:00:00.000,2018,5,10,21,25008KT,16,11
2018-05-10 22:00:00.000,2018,5,10,22,25009KT,15,12
2018-05-10 23:00:00.000,2018,5,10,23,31006KT,14,12
2018-05-11 00:00:00.000,2018,5,11,0,06005KT,12,11
2018-05-11 01:00:00.000,2018,5,11,1,VRB02KT,12,11
2018-05-11 02:00:00.000,2018,5,11,2,34003KT,12,11
2018-05-11 03:00:00.000,2018,5,11,3,VRB02KT,12,11
2018-05-11 04:00:00.000,2018,5,11,4,33003KT,11,10
2018-05-11 05:00:00.000,2018,5,11,5,33003KT,12,11
2018-05-11 06:00:00.000,2018,5,11,6,31003KT,12,11
2018-05-11 07:00:00.000,2018,5,11,7,32003KT,12,11
2018-05-11 08:00:00.000,2018,5,11,8,00000KT,11,11
2018-05-11 09:00:00.000,2018,5,11,9,04005KT,12,11
2018-05-11 10:00:00.000,2018,5,11,10,00000KT,11,10
2018-05-11 11:00:00.000,2018,5,11,11,03004KT,12,11
2018-05-11 12:00:00.000,2018,5,11,12,03006KT,12,11
2018-05-11 13:00:00.000,2018,5,11,13,04004KT,15,11
2018-05-11 14:00:00.000,2018,5,11,14,03005KT,16,10
2018-05-11 15:00:00.000,2018,5,11,15,04005KT,16,10
2018-05-11 16:00:00.000,2018,5,11,16,VRB03KT,17,10
2018-05-11 17:00:00.000,2018,5,11,17,05005KT,17,10
2018-05-11 18:00:00.000,2018,5,11,18,VRB04KT,19,10
2018-05-11 19:00:00.000,2018,5,11,19,35006KT,17,11
2018-05-11 20:00:00.000,2018,5,11,20,31010KT,15,13
2018-05-11 21:00:00.000,2018,5,11,21,26007KT,15,13
2018-05-11 22:00:00.000,2018,5,11,22,34003KT,15,13
2018-05-11 23:00:00.000,2018,5,11,23,VRB02KT,14,13
2018-05-12 00:00:00.000,2018,5,12,0,VRB02KT,14,13
2018-05-12 01:00:00.000,2018,5,12,1,VRB02KT,14,13
2018-05-12 02:00:00.000,2018,5,12,2,VRB02KT,14,12
2018-05-12 03:00:00.000,2018,5,12,3,VRB02KT,13,12
2018-05-12 04:00:00.000,2018,5,12,4,VRB02KT,13,12
2018-05-12 05:00:00.000,2018,5,12,5,VRB02KT,13,11
2018-05-12 06:00:00.000,2018,5,12,6,30003KT,13,11
2018-05-12 07:00:00.000,2018,5,12,7,02004KT,12,11
2018-05-12 08:00:00.000,2018,5,12,8,06004KT,11,10
2018-05-12 09:00:00.000,2018,5,12,9,03005KT,11,10
2018-05-12 10:00:00.000,2018,5,12,10,05006KT,11,10
2018-05-12 11:00:00.000,2018,5,12,11,05005KT,11,09
2018-05-12 12:00:00.000,2018,5,12,12,09003KT,13,11
2018-05-12 13:00:00.000,2018,5,12,13,12006KT,15,10
2018-05-12 14:00:00.000,2018,5,12,14,11006KT,17,09
2018-05-12 15:00:00.000,2018,5,12,15,11010KT,19,09
2018-05-12 16:00:00.000,2018,5,12,16,15012KT,18,09
2018-05-12 17:00:00.000,2018,5,12,17,11007KT,19,09
2018-05-12 18:00:00.000,2018,5,12,18,10005KT,18,09
2018-05-12 19:00:00.000,2018,5,12,19,07007KT,19,11
2018-05-12 20:00:00.000,2018,5,12,20,15006KT,20,08
2018-05-12 21:00:00.000,2018,5,12,21,12007KT,20,08
2018-05-12 22:00:00.000,2018,5,12,22,24006KT,18,13
2018-05-12 23:00:00.000,2018,5,12,23,30007KT,16,12
2018-05-13 00:00:00.000,2018,5,13,0,33004KT,15,11
2018-05-13 01:00:00.000,2018,5,13,1,11007KT,14,10
2018-05-13 02:00:00.000,2018,5,13,2,14004KT,13,10
2018-05-13 03:00:00.000,2018,5,13,3,14005KT,14,09
2018-05-13 04:00:00.000,2018,5,13,4,02003KT,14,09
2018-05-13 05:00:00.000,2018,5,13,5,08003KT,13,09
2018-05-13 06:00:00.000,2018,5,13,6,02005KT,12,10
2018-05-13 07:00:00.000,2018,5,13,7,06005KT,12,10
2018-05-13 08:00:00.000,2018,5,13,8,04005KT,12,10
2018-05-13 09:00:00.000,2018,5,13,9,VRB02KT,18,09
2018-05-13 10:00:00.000,2018,5,13,10,02004KT,11,10
2018-05-13 11:00:00.000,2018,5,13,11,05005KT,12,10
2018-05-13 12:00:00.000,2018,5,13,12,04005KT,12,10
2018-05-13 13:00:00.000,2018,5,13,13,06006KT,14,11
2018-05-13 14:00:00.000,2018,5,13,14,VRB05KT,16,11
2018-05-13 15:00:00.000,2018,5,13,15,02004KT,16,10
2018-05-13 16:00:00.000,2018,5,13,16,09005KT,16,10
2018-05-13 17:00:00.000,2018,5,13,17,32003KT,15,12
2018-05-13 18:00:00.000,2018,5,13,18,06007KT,15,12
2018-05-13 19:00:00.000,2018,5,13,19,29006KT,17,13
2018-05-13 20:00:00.000,2018,5,13,20,28006KT,16,13
2018-05-13 21:00:00.000,2018,5,13,21,30005KT,15,13
2018-05-13 22:00:00.000,2018,5,13,22,29005KT,14,13
2018-05-13 23:00:00.000,2018,5,13,23,VRB02KT,14,13
2018-05-14 00:00:00.000,2018,5,14,0,VRB02KT,14,12
2018-05-14 01:00:00.000,2018,5,14,1,34004KT,13,12
2018-05-14 02:00:00.000,2018,5,14,2,VRB02KT,13,12
2018-05-14 03:00:00.000,2018,5,14,3,VRB02KT,13,12
2018-05-14 04:00:00.000,2018,5,14,4,06003KT,12,12
2018-05-14 05:00:00.000,2018,5,14,5,03005LKT,11,11
2018-05-14 06:00:00.000,2018,5,14,6,05004KT,12,11
2018-05-14 07:00:00.000,2018,5,14,7,04005KT,12,11
2018-05-14 08:00:00.000,2018,5,14,8,05004KT,12,10
2018-05-14 09:00:00.000,2018,5,14,9,05005KT,12,11
2018-05-14 10:00:00.000,2018,5,14,10,VRB02KT,12,10
2018-05-14 11:00:00.000,2018,5,14,11,VRB02KT,12,10
2018-05-14 12:00:00.000,2018,5,14,12,08003KT,13,12
2018-05-14 13:00:00.000,2018,5,14,13,03005KT,14,10
2018-05-14 14:00:00.000,2018,5,14,14,02003KT,15,10
2018-05-14 15:00:00.000,2018,5,14,15,05004KT,17,10
2018-05-14 16:00:00.000,2018,5,14,16,05004KT,16,09
2018-05-14 17:00:00.000,2018,5,14,17,VRB02KT,17,11
2018-05-14 18:00:00.000,2018,5,14,18,24007KT,17,11
2018-05-14 19:00:00.000,2018,5,14,19,28004KT,14,12
2018-05-14 20:00:00.000,2018,5,14,20,04005KT,15,12
2018-05-14 21:00:00.000,2018,5,14,21,01004KT,15,12
2018-05-14 22:00:00.000,2018,5,14,22,28006KT,15,12
2018-05-14 23:00:00.000,2018,5,14,23,29005KT,14,12
2018-05-15 00:00:00.000,2018,5,15,0,25004KT,14,12
2018-05-15 01:00:00.000,2018,5,15,1,24003KT,14,12
2018-05-15 02:00:00.000,2018,5,15,2,25004KT,14,11
2018-05-15 03:00:00.000,2018,5,15,3,00000KT,13,11
2018-05-15 04:00:00.000,2018,5,15,4,35003KT,13,11
2018-05-15 05:00:00.000,2018,5,15,5,34003KT,12,11
2018-05-15 06:00:00.000,2018,5,15,6,32003KT,12,11
2018-05-15 07:00:00.000,2018,5,15,7,30003KT,12,11
2018-05-15 08:00:00.000,2018,5,15,8,31005KT,12,11
2018-05-15 09:00:00.000,2018,5,15,9,33003KT,12,11
2018-05-15 10:00:00.000,2018,5,15,10,31005KT,12,10
2018-05-15 11:00:00.000,2018,5,15,11,28005KT,12,10
2018-05-15 12:00:00.000,2018,5,15,12,23005KT,12,11
2018-05-15 13:00:00.000,2018,5,15,13,29006KT,13,12
2018-05-15 14:00:00.000,2018,5,15,14,30005KT,12,11
2018-05-15 15:00:00.000,2018,5,15,15,31005KT,13,11
2018-05-15 16:00:00.000,2018,5,15,16,23004KT,16,11
2018-05-15 17:00:00.000,2018,5,15,17,27004KT,18,11
2018-05-15 18:00:00.000,2018,5,15,18,07004KT,17,10
2018-05-15 19:00:00.000,2018,5,15,19,26003KT,18,12
2018-05-15 20:00:00.000,2018,5,15,20,11005KT,17,11
2018-05-15 21:00:00.000,2018,5,15,21,36006KT,16,11
2018-05-15 22:00:00.000,2018,5,15,22,01007KT,15,12
2018-05-15 22:05:00.000,2018,5,15,22,01007KT,15,12
2018-05-15 23:00:00.000,2018,5,15,23,34004KT,13,11
2018-05-16 00:00:00.000,2018,5,16,0,05007KT,13,10
2018-05-16 01:00:00.000,2018,5,16,1,05008KT,12,11
2018-05-16 02:00:00.000,2018,5,16,2,07004KT,12,11
2018-05-16 03:00:00.000,2018,5,16,3,VRB02KT,12,10
2018-05-16 04:00:00.000,2018,5,16,4,04003KT,11,10
2018-05-16 05:00:00.000,2018,5,16,5,06004KT,10,09
2018-05-16 06:00:00.000,2018,5,16,6,06005KT,10,09
2018-05-16 07:00:00.000,2018,5,16,7,06007KT,10,09
2018-05-16 08:00:00.000,2018,5,16,8,09005KT,10,09
2018-05-16 09:00:00.000,2018,5,16,9,VRB02KT,09,08
2018-05-16 10:00:00.000,2018,5,16,10,VRB02KT,09,08
2018-05-16 10:30:00.000,2018,5,16,10,04005KT,09,08
2018-05-16 11:00:00.000,2018,5,16,11,05006KT,10,08
2018-05-16 12:00:00.000,2018,5,16,12,06008KT,11,09
2018-05-16 12:36:00.000,2018,5,16,12,06008KT,13,09
2018-05-16 13:00:00.000,2018,5,16,13,05009KT,14,09
2018-05-16 14:00:00.000,2018,5,16,14,06008KT,16,09
2018-05-16 14:35:00.000,2018,5,16,14,11010KT,18,08
2018-05-16 15:00:00.000,2018,5,16,15,10010KT,18,08
2018-05-16 16:00:00.000,2018,5,16,16,10010KT,18,08
2018-05-16 17:00:00.000,2018,5,16,17,11012KT,18,08
2018-05-16 18:00:00.000,2018,5,16,18,13011KT,18,09
2018-05-16 19:00:00.000,2018,5,16,19,09009KT,18,08
2018-05-16 20:00:00.000,2018,5,16,20,11006KT,19,09
2018-05-16 21:00:00.000,2018,5,16,21,07009KT,18,09
2018-05-16 22:00:00.000,2018,5,16,22,08007KT,17,09
2018-05-16 23:00:00.000,2018,5,16,23,26003KT,16,11
2018-05-17 00:00:00.000,2018,5,17,0,VRB02KT,16,10
2018-05-17 01:00:00.000,2018,5,17,1,10004KT,15,10
2018-05-17 02:00:00.000,2018,5,17,2,23004KT,14,11
2018-05-17 03:00:00.000,2018,5,17,3,VRB02KT,13,10
2018-05-17 04:00:00.000,2018,5,17,4,03005KT,12,10
2018-05-17 05:00:00.000,2018,5,17,5,07005KT,12,10
2018-05-17 06:00:00.000,2018,5,17,6,05006KT,12,10
2018-05-17 07:00:00.000,2018,5,17,7,06006KT,12,10
2018-05-17 08:00:00.000,2018,5,17,8,05006KT,11,09
2018-05-17 09:00:00.000,2018,5,17,9,03005KT,11,10
2018-05-17 10:00:00.000,2018,5,17,10,06004KT,11,09
2018-05-17 10:30:00.000,2018,5,17,10,04004KT,10,09
2018-05-17 11:00:00.000,2018,5,17,11,04004KT,11,09
2018-05-17 12:00:00.000,2018,5,17,12,05007KT,12,10
2018-05-17 13:00:00.000,2018,5,17,13,08006KT,16,08
2018-05-17 14:00:00.000,2018,5,17,14,07005KT,17,07
2018-05-17 15:00:00.000,2018,5,17,15,17005KT,16,08
2018-05-17 16:00:00.000,2018,5,17,16,18010KT,17,09
2018-05-17 17:00:00.000,2018,5,17,17,06006KT,18,09
2018-05-17 18:00:00.000,2018,5,17,18,VRB05KT,19,09
2018-05-17 19:00:00.000,2018,5,17,19,10010KT,18,09
2018-05-17 20:00:00.000,2018,5,17,20,08005KT,18,09
2018-05-17 21:00:00.000,2018,5,17,21,07007KT,19,09
2018-05-17 22:00:00.000,2018,5,17,22,12004KT,20,08
2018-05-17 23:00:00.000,2018,5,17,23,24005KT,18,11
2018-05-18 00:00:00.000,2018,5,18,0,24003KT,16,12
2018-05-18 01:00:00.000,2018,5,18,1,24003KT,15,12
2018-05-18 02:00:00.000,2018,5,18,2,21006KT,15,11
2018-05-18 03:00:00.000,2018,5,18,3,20005KT,15,08
2018-05-18 04:00:00.000,2018,5,18,4,01003KT,12,09
2018-05-18 05:00:00.000,2018,5,18,5,30004KT,12,10
2018-05-18 06:00:00.000,2018,5,18,6,02003KT,10,09
2018-05-18 07:00:00.000,2018,5,18,7,VRB02KT,10,08
2018-05-18 08:00:00.000,2018,5,18,8,VRB02KT,10,08
2018-05-18 09:00:00.000,2018,5,18,9,32004KT,10,08
2018-05-18 10:00:00.000,2018,5,18,10,00000KT,09,08
2018-05-18 11:00:00.000,2018,5,18,11,VRB02KT,09,08
2018-05-18 12:00:00.000,2018,5,18,12,05004KT,11,10
2018-05-18 13:00:00.000,2018,5,18,13,04005KT,12,09
2018-05-18 14:00:00.000,2018,5,18,14,VRB02KT,16,10
2018-05-18 15:00:00.000,2018,5,18,15,35003KT,17,10
2018-05-18 16:00:00.000,2018,5,18,16,35004KT,19,10
2018-05-18 17:00:00.000,2018,5,18,17,13003KT,19,08
2018-05-18 18:00:00.000,2018,5,18,18,23008KT,17,12
2018-05-18 19:00:00.000,2018,5,18,19,27010KT,15,12
2018-05-18 20:00:00.000,2018,5,18,20,30005KT,16,12
2018-05-18 21:00:00.000,2018,5,18,21,23003KT,16,12
2018-05-18 22:00:00.000,2018,5,18,22,32006KT,16,13
2018-05-18 23:00:00.000,2018,5,18,23,30006KT,15,12
2018-05-19 00:00:00.000,2018,5,19,0,VRB02KT,14,11
2018-05-19 01:00:00.000,2018,5,19,1,32004KT,13,11
2018-05-19 02:00:00.000,2018,5,19,2,30005KT,13,12
2018-05-19 03:00:00.000,2018,5,19,3,26004KT,13,11
2018-05-19 04:00:00.000,2018,5,19,4,VRB02KT,12,11
2018-05-19 05:00:00.000,2018,5,19,5,VRB02KT,12,11
2018-05-19 06:00:00.000,2018,5,19,6,26003KT,13,10
2018-05-19 07:00:00.000,2018,5,19,7,VRB02KT,12,10
2018-05-19 08:00:00.000,2018,5,19,8,VRB02KT,12,10
2018-05-19 09:00:00.000,2018,5,19,9,VRB02KT,11,10
2018-05-19 10:00:00.000,2018,5,19,10,VRB02KT,11,10
2018-05-19 11:00:00.000,2018,5,19,11,VRB02KT,11,10
2018-05-19 12:00:00.000,2018,5,19,12,04004KT,12,10
2018-05-19 13:00:00.000,2018,5,19,13,03004KT,16,11
2018-05-19 14:00:00.000,2018,5,19,14,28003KT,19,10
2018-05-19 15:00:00.000,2018,5,19,15,VRB06KT,19,10
2018-05-19 16:00:00.000,2018,5,19,16,23004KT,18,09
2018-05-19 17:00:00.000,2018,5,19,17,34006KT,18,09
2018-05-19 18:00:00.000,2018,5,19,18,29008KT,16,13
2018-05-19 19:00:00.000,2018,5,19,19,27008KT,14,13
2018-05-19 20:00:00.000,2018,5,19,20,28006KT,16,12
2018-05-19 21:00:00.000,2018,5,19,21,34005KT,15,11
2018-05-19 22:00:00.000,2018,5,19,22,34004KT,15,12
2018-05-19 23:00:00.000,2018,5,19,23,35003KT,14,12
2018-05-20 00:00:00.000,2018,5,20,0,VRB02KT,13,11
2018-05-20 01:00:00.000,2018,5,20,1,VRB02KT,13,11
2018-05-20 02:00:00.000,2018,5,20,2,11005KT,14,11
2018-05-20 03:00:00.000,2018,5,20,3,05003KT,13,11
2018-05-20 04:00:00.000,2018,5,20,4,06005KT,13,11
2018-05-20 05:00:00.000,2018,5,20,5,04007KT,13,11
2018-05-20 06:00:00.000,2018,5,20,6,VRB02KT,12,10
2018-05-20 07:00:00.000,2018,5,20,7,03003KT,12,10
2018-05-20 08:00:00.000,2018,5,20,8,04004KT,11,09
2018-05-20 09:00:00.000,2018,5,20,9,22004KT,11,10
2018-05-20 10:00:00.000,2018,5,20,10,05006KT,12,10
2018-05-20 11:00:00.000,2018,5,20,11,04006KT,12,10
2018-05-20 12:00:00.000,2018,5,20,12,06007KT,12,11
2018-05-20 13:00:00.000,2018,5,20,13,05006KT,14,11
2018-05-20 14:00:00.000,2018,5,20,14,13004KT,18,10
2018-05-20 15:00:00.000,2018,5,20,15,08006KT,17,09
2018-05-20 16:00:00.000,2018,5,20,16,08007KT,18,09
2018-05-20 17:00:00.000,2018,5,20,17,04012KT,15,11
2018-05-20 18:00:00.000,2018,5,20,18,VRB02KT,17,10
2018-05-20 19:00:00.000,2018,5,20,19,34006KT,16,12
2018-05-20 20:00:00.000,2018,5,20,20,32004KT,17,10
2018-05-20 21:00:00.000,2018,5,20,21,03006KT,17,10
2018-05-20 22:00:00.000,2018,5,20,22,11006KT,18,08
2018-05-20 23:00:00.000,2018,5,20,23,18006KT,17,10
2018-05-21 00:00:00.000,2018,5,21,0,VRB02KT,15,10
2018-05-21 01:00:00.000,2018,5,21,1,31004KT,13,10
2018-05-21 02:00:00.000,2018,5,21,2,32004KT,11,10
2018-05-21 03:00:00.000,2018,5,21,3,04003KT,12,10
2018-05-21 04:00:00.000,2018,5,21,4,20003KT,12,11
2018-05-21 05:00:00.000,2018,5,21,5,36003KT,12,11
2018-05-21 06:00:00.000,2018,5,21,6,VRB02KT,11,10
2018-05-21 07:00:00.000,2018,5,21,7,VRB02KT,11,10
2018-05-21 08:00:00.000,2018,5,21,8,VRB02KT,11,10
2018-05-21 09:00:00.000,2018,5,21,9,VRB02KT,12,10
2018-05-21 10:00:00.000,2018,5,21,10,04005KT,12,11
2018-05-21 11:00:00.000,2018,5,21,11,VRB02KT,12,11
2018-05-21 12:00:00.000,2018,5,21,12,05008KT,13,11
2018-05-21 13:00:00.000,2018,5,21,13,03006KT,14,11
2018-05-21 14:00:00.000,2018,5,21,14,04006KT,15,11
2018-05-21 15:00:00.000,2018,5,21,15,06003KT,15,10
2018-05-21 16:00:00.000,2018,5,21,16,23006KT,14,12
2018-05-21 17:00:00.000,2018,5,21,17,23004KT,15,11
2018-05-21 18:00:00.000,2018,5,21,18,01003KT,15,12
2018-05-21 19:00:00.000,2018,5,21,19,16009KT,17,08
2018-05-21 20:00:00.000,2018,5,21,20,18009KT,18,09
2018-05-21 21:00:00.000,2018,5,21,21,16010KT,18,08
2018-05-21 22:00:00.000,2018,5,21,22,17008KT,17,08
2018-05-21 23:00:00.000,2018,5,21,23,21004KT,15,10
2018-05-22 00:00:00.000,2018,5,22,0,26005KT,14,11
2018-05-22 01:00:00.000,2018,5,22,1,33003KT,13,11
2018-05-22 02:00:00.000,2018,5,22,2,VRB02KT,11,09
2018-05-22 03:00:00.000,2018,5,22,3,VRB02KT,11,10
2018-05-22 04:00:00.000,2018,5,22,4,32004KT,10,09
2018-05-22 05:00:00.000,2018,5,22,5,26004KT,11,09
2018-05-22 06:00:00.000,2018,5,22,6,00000KT,10,09
2018-05-22 07:00:00.000,2018,5,22,7,31003KT,09,08
2018-05-22 08:00:00.000,2018,5,22,8,35003KT,08,08
2018-05-22 09:00:00.000,2018,5,22,9,00000KT,08,07
2018-05-22 10:00:00.000,2018,5,22,10,VRB02KT,07,07
2018-05-22 11:00:00.000,2018,5,22,11,VRB02KT,08,07
2018-05-22 12:00:00.000,2018,5,22,12,00000KT,10,09
2018-05-22 13:00:00.000,2018,5,22,13,05006KT,13,10
2018-05-22 14:00:00.000,2018,5,22,14,34003KT,16,10
2018-05-22 15:00:00.000,2018,5,22,15,03004KT,16,09
2018-05-22 16:00:00.000,2018,5,22,16,17007KT,18,09
2018-05-22 17:00:00.000,2018,5,22,17,15008KT,19,08
2018-05-22 18:00:00.000,2018,5,22,18,11008KT,20,08
2018-05-22 19:00:00.000,2018,5,22,19,11007KT,19,09
2018-05-22 20:00:00.000,2018,5,22,20,11007KT,19,09
2018-05-22 21:00:00.000,2018,5,22,21,28011KT,18,12
2018-05-22 22:00:00.000,2018,5,22,22,29008KT,17,11
2018-05-22 23:00:00.000,2018,5,22,23,29005KT,16,11
2018-05-23 00:00:00.000,2018,5,23,0,31005KT,14,11
2018-05-23 01:00:00.000,2018,5,23,1,33003KT,13,11
2018-05-23 02:00:00.000,2018,5,23,2,34003KT,13,11
2018-05-23 03:00:00.000,2018,5,23,3,VRB02KT,13,10
2018-05-23 04:00:00.000,2018,5,23,4,35003KT,13,10
2018-05-23 05:00:00.000,2018,5,23,5,03005KT,11,09
2018-05-23 06:00:00.000,2018,5,23,6,06005KT,12,10
2018-05-23 07:00:00.000,2018,5,23,7,04007G18KT,12,10
2018-05-23 08:00:00.000,2018,5,23,8,07005KT,12,11
2018-05-23 09:00:00.000,2018,5,23,9,VRB02KT,12,11
2018-05-23 10:00:00.000,2018,5,23,10,07003KT,12,11
2018-05-23 11:00:00.000,2018,5,23,11,06004KT,12,11
2018-05-23 12:00:00.000,2018,5,23,12,VRB02KT,13,12
2018-05-23 13:00:00.000,2018,5,23,13,03004KT,14,11
2018-05-23 14:00:00.000,2018,5,23,14,03004KT,15,11
2018-05-23 15:00:00.000,2018,5,23,15,10003KT,14,11
2018-05-23 16:00:00.000,2018,5,23,16,14003KT,13,12
2018-05-23 17:00:00.000,2018,5,23,17,10004KT,14,11
2018-05-23 18:00:00.000,2018,5,23,18,12006KT,17,09
2018-05-23 19:00:00.000,2018,5,23,19,04006KT,17,10
2018-05-23 20:00:00.000,2018,5,23,20,10006KT,17,09
2018-05-23 21:00:00.000,2018,5,23,21,09006KT,17,10
2018-05-23 22:00:00.000,2018,5,23,22,10007KT,17,09
2018-05-23 23:00:00.000,2018,5,23,23,08005KT,15,09
2018-05-24 00:00:00.000,2018,5,24,0,09005KT,14,09
2018-05-24 01:00:00.000,2018,5,24,1,11005KT,14,09
2018-05-24 02:00:00.000,2018,5,24,2,08004KT,13,09
2018-05-24 03:00:00.000,2018,5,24,3,03004KT,13,10
2018-05-24 04:00:00.000,2018,5,24,4,05004KT,13,10
2018-05-24 05:00:00.000,2018,5,24,5,VRB02KT,13,10
2018-05-24 06:00:00.000,2018,5,24,6,02003KT,13,10
2018-05-24 07:00:00.000,2018,5,24,7,02004KT,13,10
2018-05-24 08:00:00.000,2018,5,24,8,VRB02KT,12,10
2018-05-24 09:00:00.000,2018,5,24,9,VRB02KT,12,10
2018-05-24 10:00:00.000,2018,5,24,10,05006KT,12,10
2018-05-24 11:00:00.000,2018,5,24,11,05005KT,12,10
2018-05-24 12:00:00.000,2018,5,24,12,00000KT,13,11
2018-05-24 13:00:00.000,2018,5,24,13,02006KT,14,10
2018-05-24 14:00:00.000,2018,5,24,14,04005KT,15,11
2018-05-24 15:00:00.000,2018,5,24,15,VRB02KT,16,12
2018-05-24 16:00:00.000,2018,5,24,16,VRB02KT,16,11
2018-05-24 17:00:00.000,2018,5,24,17,35004KT,18,11
2018-05-24 18:00:00.000,2018,5,24,18,16004KT,18,13
2018-05-24 19:00:00.000,2018,5,24,19,20008KT,17,10
2018-05-24 20:00:00.000,2018,5,24,20,10006KT,16,10
2018-05-24 21:00:00.000,2018,5,24,21,17012KT,16,10
2018-05-24 22:00:00.000,2018,5,24,22,14008KT,16,09
2018-05-24 23:00:00.000,2018,5,24,23,12004KT,15,09
2018-05-25 00:00:00.000,2018,5,25,0,17005KT,14,09
2018-05-25 01:00:00.000,2018,5,25,1,36003KT,12,09
2018-05-25 02:00:00.000,2018,5,25,2,35003KT,11,08
2018-05-25 03:00:00.000,2018,5,25,3,11006KT,12,08
2018-05-25 04:00:00.000,2018,5,25,4,04003KT,11,09
2018-05-25 05:00:00.000,2018,5,25,5,31003KT,11,09
2018-05-25 06:00:00.000,2018,5,25,6,32003KT,11,10
2018-05-25 07:00:00.000,2018,5,25,7,23003KT,11,09
2018-05-25 08:00:00.000,2018,5,25,8,VRB02KT,11,09
2018-05-25 09:00:00.000,2018,5,25,9,VRB02KT,11,09
2018-05-25 10:00:00.000,2018,5,25,10,VRB02KT,11,10
2018-05-25 11:00:00.000,2018,5,25,11,04004KT,10,09
2018-05-25 12:00:00.000,2018,5,25,12,04004KT,12,10
2018-05-25 13:00:00.000,2018,5,25,13,07005KT,15,10
2018-05-25 14:00:00.000,2018,5,25,14,04005KT,17,10
2018-05-25 15:00:00.000,2018,5,25,15,19005KT,17,09
2018-05-25 16:00:00.000,2018,5,25,16,14010KT,18,10
2018-05-25 17:00:00.000,2018,5,25,17,14007KT,19,09
2018-05-25 18:00:00.000,2018,5,25,18,11012KT,17,10
2018-05-25 19:00:00.000,2018,5,25,19,15009KT,20,09
2018-05-25 20:00:00.000,2018,5,25,20,13007KT,20,09
2018-05-25 21:00:00.000,2018,5,25,21,14009KT,19,09
2018-05-25 22:00:00.000,2018,5,25,22,15008KT,18,08
2018-05-25 23:00:00.000,2018,5,25,23,15009KT,17,08
2018-05-26 00:00:00.000,2018,5,26,0,04006KT,14,11
2018-05-26 01:00:00.000,2018,5,26,1,06006KT,15,11
2018-05-26 02:00:00.000,2018,5,26,2,04005KT,15,11
2018-05-26 03:00:00.000,2018,5,26,3,03003KT,14,11
2018-05-26 04:00:00.000,2018,5,26,4,03004KT,13,11
2018-05-26 05:00:00.000,2018,5,26,5,VRB02KT,12,11
2018-05-26 06:00:00.000,2018,5,26,6,04004KT,13,11
2018-05-26 07:00:00.000,2018,5,26,7,04003KT,13,11
2018-05-26 08:00:00.000,2018,5,26,8,06004KT,12,11
2018-05-26 09:00:00.000,2018,5,26,9,VRB02KT,12,11
2018-05-26 10:00:00.000,2018,5,26,10,VRB02KT,13,11
2018-05-26 11:00:00.000,2018,5,26,11,VRB02KT,12,11
2018-05-26 12:00:00.000,2018,5,26,12,02004KT,13,11
2018-05-26 13:00:00.000,2018,5,26,13,03003KT,15,11
2018-05-26 14:00:00.000,2018,5,26,14,05005KT,16,11
2018-05-26 15:00:00.000,2018,5,26,15,21004KT,17,10
2018-05-26 16:00:00.000,2018,5,26,16,15007KT,18,09
2018-05-26 17:00:00.000,2018,5,26,17,15008KT,19,10
2018-05-26 18:00:00.000,2018,5,26,18,28006KT,17,13
2018-05-26 19:00:00.000,2018,5,26,19,17013KT,18,09
2018-05-26 20:00:00.000,2018,5,26,20,14007KT,18,09
2018-05-26 21:00:00.000,2018,5,26,21,17008KT,18,08
2018-05-26 22:00:00.000,2018,5,26,22,16012KT,17,09
2018-05-26 23:00:00.000,2018,5,26,23,17010KT,16,09
2018-05-27 00:00:00.000,2018,5,27,0,16008KT,15,08
2018-05-27 01:00:00.000,2018,5,27,1,12006KT,14,08
2018-05-27 02:00:00.000,2018,5,27,2,08003KT,12,09
2018-05-27 03:00:00.000,2018,5,27,3,04003KT,12,09
2018-05-27 04:00:00.000,2018,5,27,4,05004KT,13,10
2018-05-27 05:00:00.000,2018,5,27,5,04004KT,13,11
2018-05-27 06:00:00.000,2018,5,27,6,07003KT,12,10
2018-05-27 07:00:00.000,2018,5,27,7,03005KT,11,10
2018-05-27 08:00:00.000,2018,5,27,8,04005KT,11,09
2018-05-27 09:00:00.000,2018,5,27,9,VRB02KT,10,09
2018-05-27 10:00:00.000,2018,5,27,10,29004KT,09,08
2018-05-27 11:00:00.000,2018,5,27,11,36003KT,10,09
2018-05-27 12:00:00.000,2018,5,27,12,06003KT,11,10
2018-05-27 13:00:00.000,2018,5,27,13,VRB02KT,14,10
2018-05-27 14:00:00.000,2018,5,27,14,VRB02KT,16,10
2018-05-27 15:00:00.000,2018,5,27,15,VRB02KT,15,10
2018-05-27 16:00:00.000,2018,5,27,16,VRB02KT,17,10
2018-05-27 17:00:00.000,2018,5,27,17,04004KT,18,10
2018-05-27 18:00:00.000,2018,5,27,18,VRB02KT,18,10
2018-05-27 19:00:00.000,2018,5,27,19,05007KT,16,11
2018-05-27 20:00:00.000,2018,5,27,20,02004KT,18,11
2018-05-27 21:00:00.000,2018,5,27,21,29006KT,18,12
2018-05-27 22:00:00.000,2018,5,27,22,25010KT,17,13
2018-05-27 23:00:00.000,2018,5,27,23,29005KT,15,13
2018-05-28 00:00:00.000,2018,5,28,0,26004KT,14,13
2018-05-28 01:00:00.000,2018,5,28,1,VRB02KT,14,12
2018-05-28 02:00:00.000,2018,5,28,2,VRB02KT,13,12
2018-05-28 03:00:00.000,2018,5,28,3,32003KT,13,12
2018-05-28 04:00:00.000,2018,5,28,4,34005KT,13,11
2018-05-28 05:00:00.000,2018,5,28,5,07003KT,12,10
2018-05-28 06:00:00.000,2018,5,28,6,34003KT,11,10
2018-05-28 07:00:00.000,2018,5,28,7,04005KT,12,10
2018-05-28 08:00:00.000,2018,5,28,8,03004KT,11,09
2018-05-28 09:00:00.000,2018,5,28,9,05004KT,12,10
2018-05-28 10:00:00.000,2018,5,28,10,VRB02KT,12,10
2018-05-28 11:00:00.000,2018,5,28,11,05006KT,12,10
2018-05-28 12:00:00.000,2018,5,28,12,06008KT,12,10
2018-05-28 13:00:00.000,2018,5,28,13,05006KT,12,10
2018-05-28 14:00:00.000,2018,5,28,14,36005KT,12,11
2018-05-28 15:00:00.000,2018,5,28,15,04006KT,14,11
2018-05-28 16:00:00.000,2018,5,28,16,34004KT,16,11
2018-05-28 17:00:00.000,2018,5,28,17,05006KT,17,11
2018-05-28 18:00:00.000,2018,5,28,18,06006KT,16,11
2018-05-28 19:00:00.000,2018,5,28,19,15006KT,17,11
2018-05-28 20:00:00.000,2018,5,28,20,12009KT,17,10
2018-05-28 21:00:00.000,2018,5,28,21,09004KT,17,10
2018-05-28 22:00:00.000,2018,5,28,22,17006KT,16,12
2018-05-28 23:00:00.000,2018,5,28,23,VRB02KT,15,11
2018-05-29 00:00:00.000,2018,5,29,0,32003KT,14,10
2018-05-29 01:00:00.000,2018,5,29,1,02003KT,13,10
2018-05-29 02:00:00.000,2018,5,29,2,VRB02KT,12,11
2018-05-29 03:00:00.000,2018,5,29,3,VRB02KT,12,10
2018-05-29 04:00:00.000,2018,5,29,4,03003KT,11,10
2018-05-29 05:00:00.000,2018,5,29,5,00000KT,11,09
2018-05-29 06:00:00.000,2018,5,29,6,00000KT,10,09
2018-05-29 07:00:00.000,2018,5,29,7,00000KT,10,09
2018-05-29 08:00:00.000,2018,5,29,8,VRB02KT,11,09
2018-05-29 09:00:00.000,2018,5,29,9,31003KT,11,09
2018-05-29 10:00:00.000,2018,5,29,10,05005KT,11,09
2018-05-29 11:00:00.000,2018,5,29,11,06006KT,10,09
2018-05-29 12:00:00.000,2018,5,29,12,07006KT,13,09
2018-05-29 13:00:00.000,2018,5,29,13,06006KT,15,10
2018-05-29 14:00:00.000,2018,5,29,14,09005KT,17,09
2018-05-29 15:00:00.000,2018,5,29,15,08007KT,18,09
2018-05-29 16:00:00.000,2018,5,29,16,11010KT,19,09
2018-05-29 17:00:00.000,2018,5,29,17,13008KT,19,09
2018-05-29 18:00:00.000,2018,5,29,18,19007KT,19,10
2018-05-29 19:00:00.000,2018,5,29,19,32007KT,19,10
2018-05-29 20:00:00.000,2018,5,29,20,26010KT,18,13
2018-05-29 21:00:00.000,2018,5,29,21,26007KT,16,13
2018-05-29 22:00:00.000,2018,5,29,22,26006KT,16,13
2018-05-29 23:00:00.000,2018,5,29,23,33004KT,15,13
2018-05-30 00:00:00.000,2018,5,30,0,03003KT,15,13
2018-05-30 01:00:00.000,2018,5,30,1,33003KT,14,12
2018-05-30 02:00:00.000,2018,5,30,2,28003KT,14,12
2018-05-30 03:00:00.000,2018,5,30,3,VRB02KT,13,12
2018-05-30 04:00:00.000,2018,5,30,4,31003KT,13,12
2018-05-30 05:00:00.000,2018,5,30,5,VRB02KT,13,12
2018-05-30 06:00:00.000,2018,5,30,6,VRB02KT,12,11
2018-05-30 07:00:00.000,2018,5,30,7,VRB02KT,12,11
2018-05-30 08:00:00.000,2018,5,30,8,04003KT,12,11
2018-05-30 09:00:00.000,2018,5,30,9,04004KT,12,11
2018-05-30 10:00:00.000,2018,5,30,10,02003KT,12,11
2018-05-30 11:00:00.000,2018,5,30,11,02003KT,12,10
2018-05-30 12:00:00.000,2018,5,30,12,05004KT,13,11
2018-05-30 13:00:00.000,2018,5,30,13,03006KT,15,11
2018-05-30 14:00:00.000,2018,5,30,14,06007KT,17,11
2018-05-30 15:00:00.000,2018,5,30,15,07007KT,17,11
2018-05-30 16:00:00.000,2018,5,30,16,03005KT,17,10
2018-05-30 17:00:00.000,2018,5,30,17,25005KT,18,10
2018-05-30 18:00:00.000,2018,5,30,18,13006KT,18,11
2018-05-30 19:00:00.000,2018,5,30,19,30003KT,18,10
2018-05-30 20:00:00.000,2018,5,30,20,31006KT,17,12
2018-05-30 21:00:00.000,2018,5,30,21,34006KT,15,13
2018-05-30 22:00:00.000,2018,5,30,22,30005KT,14,12
2018-05-30 23:00:00.000,2018,5,30,23,32003KT,14,12
2018-05-31 00:00:00.000,2018,5,31,0,VRB02KT,13,12
2018-05-31 01:00:00.000,2018,5,31,1,32003KT,13,12
2018-05-31 02:00:00.000,2018,5,31,2,04003KT,13,11
2018-05-31 03:00:00.000,2018,5,31,3,35003KT,13,12
2018-05-31 04:00:00.000,2018,5,31,4,VRB02KT,13,12
2018-05-31 05:00:00.000,2018,5,31,5,02003KT,13,12
2018-05-31 06:00:00.000,2018,5,31,6,00000KT,12,11
2018-05-31 07:00:00.000,2018,5,31,7,VRB02KT,12,11
2018-05-31 08:00:00.000,2018,5,31,8,VRB02KT,12,11
2018-05-31 09:00:00.000,2018,5,31,9,VRB02KT,11,10
2018-05-31 10:00:00.000,2018,5,31,10,06004KT,11,10
2018-05-31 11:00:00.000,2018,5,31,11,05005KT,11,10
2018-05-31 12:00:00.000,2018,5,31,12,07004KT,14,12
2018-05-31 13:00:00.000,2018,5,31,13,15003KT,15,11
2018-05-31 14:00:00.000,2018,5,31,14,12005KT,17,10
2018-05-31 15:00:00.000,2018,5,31,15,17007KT,18,11
2018-05-31 16:00:00.000,2018,5,31,16,11005KT,18,09
2018-05-31 17:00:00.000,2018,5,31,17,12008KT,18,09
2018-05-31 18:00:00.000,2018,5,31,18,VRB06KT,20,11
2018-05-31 19:00:00.000,2018,5,31,19,12009KT,18,10
2018-05-31 20:00:00.000,2018,5,31,20,15008KT,19,09
2018-05-31 21:00:00.000,2018,5,31,21,16007KT,20,10
2018-05-31 22:00:00.000,2018,5,31,22,13009KT,18,08
2018-05-31 23:00:00.000,2018,5,31,23,14008KT,16,09
2018-06-01 00:00:00.000,2018,6,1,0,140015KT,15,09
2018-06-01 01:00:00.000,2018,6,1,1,14008KT,14,09
2018-06-01 02:00:00.000,2018,6,1,2,02003KT,13,09
2018-06-01 03:00:00.000,2018,6,1,3,00000KT,13,10
2018-06-01 04:00:00.000,2018,6,1,4,02003KT,11,09
2018-06-01 05:00:00.000,2018,6,1,5,05004KT,11,09
2018-06-01 06:00:00.000,2018,6,1,6,06005KT,11,09
2018-06-01 07:00:00.000,2018,6,1,7,VRB02KT,11,09
2018-06-01 08:00:00.000,2018,6,1,8,03003KT,10,09
2018-06-01 09:00:00.000,2018,6,1,9,VRB02KT,11,10
2018-06-01 10:00:00.000,2018,6,1,10,00000KT,11,09
2018-06-01 11:00:00.000,2018,6,1,11,04003KT,11,10
2018-06-01 12:00:00.000,2018,6,1,12,02004KT,13,11
2018-06-01 13:00:00.000,2018,6,1,13,05005KT,14,11
2018-06-01 14:00:00.000,2018,6,1,14,04007KT,15,12
2018-06-01 15:00:00.000,2018,6,1,15,03008KT,15,12
2018-06-01 16:00:00.000,2018,6,1,16,04008KT,17,10
2018-06-01 17:00:00.000,2018,6,1,17,07006KT,17,11
2018-06-01 18:00:00.000,2018,6,1,18,06004KT,17,10
2018-06-01 19:00:00.000,2018,6,1,19,VRB03KT,17,10
2018-06-01 20:00:00.000,2018,6,1,20,34005KT,15,12
2018-06-01 21:00:00.000,2018,6,1,21,11010KT,16,10
2018-06-01 22:00:00.000,2018,6,1,22,11007KT,16,08
2018-06-01 23:00:00.000,2018,6,1,23,12006KT,15,09
2018-06-02 00:00:00.000,2018,6,2,0,06006KT,14,09
2018-06-02 01:00:00.000,2018,6,2,1,03007KT,13,09
2018-06-02 02:00:00.000,2018,6,2,2,03006KT,13,09
2018-06-02 03:00:00.000,2018,6,2,3,03004KT,13,10
2018-06-02 04:00:00.000,2018,6,2,4,VRB02KT,12,10
2018-06-02 05:00:00.000,2018,6,2,5,VRB02KT,12,10
2018-06-02 06:00:00.000,2018,6,2,6,29003KT,11,10
2018-06-02 07:00:00.000,2018,6,2,7,VRB02KT,10,09
2018-06-02 08:00:00.000,2018,6,2,8,VRB02KT,10,09
2018-06-02 09:00:00.000,2018,6,2,9,VRB02KT,09,08
2018-06-02 10:00:00.000,2018,6,2,10,VRB02KT,09,08
2018-06-02 11:00:00.000,2018,6,2,11,VRB02KT,08,07
2018-06-02 12:00:00.000,2018,6,2,12,02003KT,09,08
2018-06-02 13:00:00.000,2018,6,2,13,04007KT,13,11
2018-06-02 18:00:00.000,2018,6,2,18,11006KT,18,09
2018-06-02 19:00:00.000,2018,6,2,19,11006KT,17,09
2018-06-02 20:00:00.000,2018,6,2,20,07007KT,17,10
2018-06-02 21:00:00.000,2018,6,2,21,12005KT,17,10
2018-06-02 22:00:00.000,2018,6,2,22,07005KT,17,10
2018-06-02 23:00:00.000,2018,6,2,23,13007KT,16,08
2018-06-03 00:00:00.000,2018,6,3,0,13005KT,16,09
2018-06-03 01:00:00.000,2018,6,3,1,09004KT,14,11
2018-06-03 02:00:00.000,2018,6,3,2,08004KT,13,11
2018-06-03 03:00:00.000,2018,6,3,3,05006KT,12,11
2018-06-03 04:00:00.000,2018,6,3,4,05005KT,12,11
2018-06-03 05:00:00.000,2018,6,3,5,06007KT,12,11
2018-06-03 06:00:00.000,2018,6,3,6,05007KT,12,10
2018-06-03 07:00:00.000,2018,6,3,7,VRB02KT,12,10
2018-06-03 08:00:00.000,2018,6,3,8,05008KT,12,10
2018-06-03 09:00:00.000,2018,6,3,9,05007KT,12,10
2018-06-03 10:00:00.000,2018,6,3,10,05005KT,12,10
2018-06-03 11:00:00.000,2018,6,3,11,VRB02KT,12,10
2018-06-03 12:00:00.000,2018,6,3,12,06007KT,12,10
2018-06-03 13:00:00.000,2018,6,3,13,08005KT,14,10
2018-06-03 14:00:00.000,2018,6,3,14,16004KT,16,09
2018-06-03 15:00:00.000,2018,6,3,15,14009KT,16,09
2018-06-03 16:00:00.000,2018,6,3,16,15011KT,16,10
2018-06-03 17:00:00.000,2018,6,3,17,15005KT,17,10
2018-06-03 18:00:00.000,2018,6,3,18,16008KT,18,10
2018-06-03 19:00:00.000,2018,6,3,19,16014KT,18,10
2018-06-03 20:00:00.000,2018,6,3,20,17014KT,19,10
2018-06-03 21:00:00.000,2018,6,3,21,16012KT,18,09
2018-06-03 22:00:00.000,2018,6,3,22,17008KT,18,10
2018-06-03 23:00:00.000,2018,6,3,23,17010KT,16,11
2018-06-04 00:00:00.000,2018,6,4,0,11006KT,16,09
2018-06-04 01:00:00.000,2018,6,4,1,04004KT,14,10
2018-06-04 02:00:00.000,2018,6,4,2,22004KT,14,11
2018-06-04 03:00:00.000,2018,6,4,3,06003KT,13,11
2018-06-04 04:00:00.000,2018,6,4,4,01003KT,13,11
2018-06-04 05:00:00.000,2018,6,4,5,35003KT,12,11
2018-06-04 06:00:00.000,2018,6,4,6,VRB02KT,12,11
2018-06-04 07:00:00.000,2018,6,4,7,VRB02KT,11,10
2018-06-04 08:00:00.000,2018,6,4,8,VRB02KT,12,11
2018-06-04 09:00:00.000,2018,6,4,9,04004KT,12,11
2018-06-04 10:00:00.000,2018,6,4,10,05004KT,12,11
2018-06-04 11:00:00.000,2018,6,4,11,04004KT,12,11
2018-06-04 12:00:00.000,2018,6,4,12,04004KT,12,11
2018-06-04 13:00:00.000,2018,6,4,13,02003KT,13,12
2018-06-04 14:00:00.000,2018,6,4,14,05003KT,17,12
2018-06-04 15:00:00.000,2018,6,4,15,10003KT,16,12
2018-06-04 16:00:00.000,2018,6,4,16,13005KT,16,13
2018-06-04 17:00:00.000,2018,6,4,17,14005KT,17,11
2018-06-04 18:00:00.000,2018,6,4,18,16010KT,18,12
2018-06-04 19:00:00.000,2018,6,4,19,19009KT,18,12
2018-06-04 20:00:00.000,2018,6,4,20,16007KT,18,11
2018-06-04 21:00:00.000,2018,6,4,21,16010KT,18,11
2018-06-04 22:00:00.000,2018,6,4,22,15007KT,17,10
2018-06-04 23:00:00.000,2018,6,4,23,12007KT,16,10
2018-06-05 00:00:00.000,2018,6,5,0,16005KT,15,09
2018-06-05 01:00:00.000,2018,6,5,1,17005KT,14,09
2018-06-05 02:00:00.000,2018,6,5,2,VRB02KT,14,10
2018-06-05 03:00:00.000,2018,6,5,3,16004KT,13,11
2018-06-05 04:00:00.000,2018,6,5,4,02003KT,13,11
2018-06-05 05:00:00.000,2018,6,5,5,06005KT,12,10
2018-06-05 06:00:00.000,2018,6,5,6,04004KT,12,10
2018-06-05 07:00:00.000,2018,6,5,7,02006KT,11,10
2018-06-05 08:00:00.000,2018,6,5,8,06005KT,11,10
2018-06-05 09:00:00.000,2018,6,5,9,05006KT,11,09
2018-06-05 10:00:00.000,2018,6,5,10,VRB02KT,10,08
2018-06-05 11:00:00.000,2018,6,5,11,03007KT,10,08
2018-06-05 12:00:00.000,2018,6,5,12,03005KT,12,10
2018-06-05 13:00:00.000,2018,6,5,13,04005KT,15,11
2018-06-05 14:00:00.000,2018,6,5,14,33003KT,16,10
2018-06-05 15:00:00.000,2018,6,5,15,16009KT,17,09
2018-06-05 16:00:00.000,2018,6,5,16,17009KT,17,09
2018-06-05 17:00:00.000,2018,6,5,17,16007KT,19,09
2018-06-05 18:00:00.000,2018,6,5,18,14007KT,19,09
2018-06-05 19:00:00.000,2018,6,5,19,12011KT,19,09
2018-06-05 20:00:00.000,2018,6,5,20,11012KT,18,09
2018-06-05 21:00:00.000,2018,6,5,21,14010KT,18,09
2018-06-05 22:00:00.000,2018,6,5,22,12007KT,17,09
2018-06-05 23:00:00.000,2018,6,5,23,09010KT,16,09
2018-06-06 00:00:00.000,2018,6,6,0,14008KT,15,09
2018-06-06 01:00:00.000,2018,6,6,1,34005KT,15,09
2018-06-06 02:00:00.000,2018,6,6,2,03005KT,14,11
2018-06-06 03:00:00.000,2018,6,6,3,06004KT,13,11
2018-06-06 04:00:00.000,2018,6,6,4,04006KT,13,11
2018-06-06 05:00:00.000,2018,6,6,5,03005KT,12,11
2018-06-06 06:00:00.000,2018,6,6,6,08005KT,12,11
2018-06-06 07:00:00.000,2018,6,6,7,05006KT,12,11
2018-06-06 08:00:00.000,2018,6,6,8,07006KT,11,10
2018-06-06 09:00:00.000,2018,6,6,9,04003KT,11,10
2018-06-06 10:00:00.000,2018,6,6,10,09003KT,12,09
2018-06-06 11:00:00.000,2018,6,6,11,VRB02KT,11,09
2018-06-06 12:00:00.000,2018,6,6,12,06004KT,14,10
2018-06-06 13:00:00.000,2018,6,6,13,12007KT,16,10
2018-06-06 14:00:00.000,2018,6,6,14,16004KT,17,09
2018-06-06 15:00:00.000,2018,6,6,15,11013KT,19,09
2018-06-06 16:00:00.000,2018,6,6,16,15010KT,19,09
2018-06-06 17:00:00.000,2018,6,6,17,12013KT,19,09
2018-06-06 18:00:00.000,2018,6,6,18,11010KT,19,08
2018-06-06 19:00:00.000,2018,6,6,19,13010KT,20,09
2018-06-06 20:00:00.000,2018,6,6,20,13010KT,18,09
2018-06-06 21:00:00.000,2018,6,6,21,12007KT,19,08
2018-06-06 22:00:00.000,2018,6,6,22,09007KT,18,09
2018-06-06 23:00:00.000,2018,6,6,23,11011KT,16,09
2018-06-07 00:00:00.000,2018,6,7,0,05008KT,15,09
2018-06-07 01:00:00.000,2018,6,7,1,04006KT,14,10
2018-06-07 02:00:00.000,2018,6,7,2,10004KT,14,10
2018-06-07 03:00:00.000,2018,6,7,3,12005KT,14,09
2018-06-07 04:00:00.000,2018,6,7,4,03006KT,11,09
2018-06-07 05:00:00.000,2018,6,7,5,34003KT,11,09
2018-06-07 06:00:00.000,2018,6,7,6,VRB02KT,10,09
2018-06-07 07:00:00.000,2018,6,7,7,34003KT,09,08
2018-06-07 08:00:00.000,2018,6,7,8,32003KT,09,08
2018-06-07 09:00:00.000,2018,6,7,9,00000KT,09,08
2018-06-07 10:00:00.000,2018,6,7,10,02004KT,08,07
2018-06-07 11:00:00.000,2018,6,7,11,04003KT,08,07
2018-06-07 12:00:00.000,2018,6,7,12,05006KT,11,10
2018-06-07 13:00:00.000,2018,6,7,13,07006KT,14,10
2018-06-07 14:00:00.000,2018,6,7,14,04006KT,16,09
2018-06-07 15:00:00.000,2018,6,7,15,02008KT,17,10
2018-06-07 16:00:00.000,2018,6,7,16,06011KT,17,10
2018-06-07 17:00:00.000,2018,6,7,17,06010KT,18,10
2018-06-07 18:00:00.000,2018,6,7,18,10012KT,19,10
2018-06-07 19:00:00.000,2018,6,7,19,11014KT,19,10
2018-06-07 20:00:00.000,2018,6,7,20,07010KT,18,11
2018-06-07 21:00:00.000,2018,6,7,21,06008KT,16,12
2018-06-07 22:00:00.000,2018,6,7,22,06013KT,17,09
2018-06-07 23:00:00.000,2018,6,7,23,08009KT,16,09
2018-06-08 00:00:00.000,2018,6,8,0,07007KT,15,09
2018-06-08 01:00:00.000,2018,6,8,1,10007KT,14,09
2018-06-08 02:00:00.000,2018,6,8,2,05005KT,13,10
2018-06-08 03:00:00.000,2018,6,8,3,06003KT,13,10
2018-06-08 04:00:00.000,2018,6,8,4,VRB02KT,12,10
2018-06-08 05:00:00.000,2018,6,8,5,36003KT,12,11
2018-06-08 06:00:00.000,2018,6,8,6,03003KT,12,11
2018-06-08 07:00:00.000,2018,6,8,7,00000KT,12,11
2018-06-08 08:00:00.000,2018,6,8,8,36003KT,12,10
2018-06-08 09:00:00.000,2018,6,8,9,04004KT,11,10
2018-06-08 10:00:00.000,2018,6,8,10,33003KT,10,09
2018-06-08 11:00:00.000,2018,6,8,11,26003KT,11,10
2018-06-08 12:00:00.000,2018,6,8,12,05006KT,13,12
2018-06-08 13:00:00.000,2018,6,8,13,04006KT,14,12
2018-06-08 14:00:00.000,2018,6,8,14,04008KT,15,11
2018-06-08 15:00:00.000,2018,6,8,15,10012KT,18,10
2018-06-08 16:00:00.000,2018,6,8,16,17011KT,19,10
2018-06-08 17:00:00.000,2018,6,8,17,17011KT,18,09
2018-06-08 18:00:00.000,2018,6,8,18,13009KT,20,10
2018-06-08 19:00:00.000,2018,6,8,19,15010KT,19,09
2018-06-08 20:00:00.000,2018,6,8,20,14010KT,19,10
2018-06-08 21:00:00.000,2018,6,8,21,08005KT,17,12
2018-06-08 22:00:00.000,2018,6,8,22,09005KT,17,11
2018-06-08 23:00:00.000,2018,6,8,23,05005KT,16,11
2018-06-09 00:00:00.000,2018,6,9,0,10006KT,16,10
2018-06-09 01:00:00.000,2018,6,9,1,09005KT,16,10
2018-06-09 02:00:00.000,2018,6,9,2,03007KT,14,11
2018-06-09 03:00:00.000,2018,6,9,3,02005KT,13,11
2018-06-09 04:00:00.000,2018,6,9,4,04006KT,13,11
2018-06-09 05:00:00.000,2018,6,9,5,06006KT,13,11
2018-06-09 06:00:00.000,2018,6,9,6,02003KT,12,10
2018-06-09 07:00:00.000,2018,6,9,7,13004KT,13,11
2018-06-09 08:00:00.000,2018,6,9,8,04004KT,11,10
2018-06-09 09:00:00.000,2018,6,9,9,VRB02KT,12,09
2018-06-09 10:00:00.000,2018,6,9,10,12004KT,13,09
2018-06-09 11:00:00.000,2018,6,9,11,12004KT,12,09
2018-06-09 12:00:00.000,2018,6,9,12,15010KT,14,09
2018-06-09 13:00:00.000,2018,6,9,13,14006KT,17,09
2018-06-09 14:00:00.000,2018,6,9,14,17010KT,17,09
2018-06-09 15:00:00.000,2018,6,9,15,18014KT,17,09
2018-06-09 16:00:00.000,2018,6,9,16,15010G20KT,18,09
2018-06-09 17:00:00.000,2018,6,9,17,15013KT,18,09
2018-06-09 18:00:00.000,2018,6,9,18,15013KT,19,08
2018-06-09 19:00:00.000,2018,6,9,19,18010KT,18,09
2018-06-09 20:00:00.000,2018,6,9,20,15011KT,17,10
2018-06-09 21:00:00.000,2018,6,9,21,15009KT,17,11
2018-06-09 22:00:00.000,2018,6,9,22,14010KT,16,11
2018-06-09 23:00:00.000,2018,6,9,23,10006KT,16,10
2018-06-10 00:00:00.000,2018,6,10,0,12006KT,15,09
2018-06-10 01:00:00.000,2018,6,10,1,08004KT,15,09
2018-06-10 02:00:00.000,2018,6,10,2,02006KT,13,10
2018-06-10 03:00:00.000,2018,6,10,3,05008KT,13,10
2018-06-10 04:00:00.000,2018,6,10,4,05006KT,13,10
2018-06-10 05:00:00.000,2018,6,10,5,03006KT,13,10
2018-06-10 06:00:00.000,2018,6,10,6,05006KT,12,10
2018-06-10 07:00:00.000,2018,6,10,7,06005KT,11,09
2018-06-10 08:00:00.000,2018,6,10,8,VRB02KT,11,09
2018-06-10 09:00:00.000,2018,6,10,9,07005KT,11,10
2018-06-10 10:00:00.000,2018,6,10,10,05005KT,12,10
2018-06-10 11:00:00.000,2018,6,10,11,06005KT,12,09
2018-06-10 12:00:00.000,2018,6,10,12,03004KT,13,10
2018-06-10 13:00:00.000,2018,6,10,13,36003KT,14,10
2018-06-10 14:00:00.000,2018,6,10,14,19008KT,16,09
2018-06-10 15:00:00.000,2018,6,10,15,12006KT,17,09
2018-06-10 16:00:00.000,2018,6,10,16,15011KT,17,08
2018-06-10 17:00:00.000,2018,6,10,17,17015KT,18,08
2018-06-10 18:00:00.000,2018,6,10,18,17014KT,20,09
2018-06-10 19:00:00.000,2018,6,10,19,17015KT,18,08
2018-06-10 20:00:00.000,2018,6,10,20,14009KT,19,09
2018-06-10 21:00:00.000,2018,6,10,21,13010KT,19,08
2018-06-10 22:00:00.000,2018,6,10,22,11006KT,18,08
2018-06-10 23:00:00.000,2018,6,10,23,11007KT,17,08
2018-06-11 00:00:00.000,2018,6,11,0,10007KT,16,09
2018-06-11 01:00:00.000,2018,6,11,1,09006KT,15,09
2018-06-11 02:00:00.000,2018,6,11,2,03004KT,14,10
2018-06-11 03:00:00.000,2018,6,11,3,06008KT,13,10
2018-06-11 04:00:00.000,2018,6,11,4,06006KT,13,10
2018-06-11 05:00:00.000,2018,6,11,5,06008KT,13,10
2018-06-11 06:00:00.000,2018,6,11,6,04007KT,13,10
2018-06-11 07:00:00.000,2018,6,11,7,06005KT,13,10
2018-06-11 08:00:00.000,2018,6,11,8,04005KT,12,10
2018-06-11 09:00:00.000,2018,6,11,9,VRB02KT,12,10
2018-06-11 10:00:00.000,2018,6,11,10,04004KT,11,09
2018-06-11 11:00:00.000,2018,6,11,11,05004KT,11,09
2018-06-11 12:00:00.000,2018,6,11,12,03003KT,13,10
2018-06-11 13:00:00.000,2018,6,11,13,03006KT,15,10
2018-06-11 14:00:00.000,2018,6,11,14,02003KT,15,09
2018-06-11 15:00:00.000,2018,6,11,15,VRB02KT,14,11
2018-06-11 16:00:00.000,2018,6,11,16,VRB02KT,17,10
2018-06-11 17:00:00.000,2018,6,11,17,32004KT,17,10
2018-06-11 18:00:00.000,2018,6,11,18,VRB02KT,19,10
2018-06-11 19:00:00.000,2018,6,11,19,VRB07KT,19,09
2018-06-11 20:00:00.000,2018,6,11,20,04007G17KT,15,11
2018-06-11 21:00:00.000,2018,6,11,21,11005KT,14,12
2018-06-11 22:00:00.000,2018,6,11,22,06006KT,14,10
2018-06-11 23:00:00.000,2018,6,11,23,08004KT,14,10
2018-06-12 00:00:00.000,2018,6,12,0,09005KT,14,09
2018-06-12 01:00:00.000,2018,6,12,1,05007KT,12,09
2018-06-12 02:00:00.000,2018,6,12,2,02004KT,12,09
2018-06-12 03:00:00.000,2018,6,12,3,05006KT,12,09
2018-06-12 04:00:00.000,2018,6,12,4,04005KT,12,09
2018-06-12 05:00:00.000,2018,6,12,5,03003KT,11,09
2018-06-12 06:00:00.000,2018,6,12,6,VRB02KT,11,08
2018-06-12 07:00:00.000,2018,6,12,7,05004KT,10,08
2018-06-12 08:00:00.000,2018,6,12,8,34003KT,09,07
2018-06-12 09:00:00.000,2018,6,12,9,VRB02KT,10,08
2018-06-12 10:00:00.000,2018,6,12,10,VRB02KT,09,07
2018-06-12 11:00:00.000,2018,6,12,11,07003KT,09,08
2018-06-12 12:00:00.000,2018,6,12,12,06003KT,11,09
2018-06-12 13:00:00.000,2018,6,12,13,08004KT,13,10
2018-06-12 14:00:00.000,2018,6,12,14,09007KT,15,10
2018-06-12 15:00:00.000,2018,6,12,15,10006KT,16,08
2018-06-12 16:00:00.000,2018,6,12,16,08008KT,17,08
2018-06-12 17:00:00.000,2018,6,12,17,05009KT,18,10
2018-06-12 18:00:00.000,2018,6,12,18,11012KT,18,09
2018-06-12 19:00:00.000,2018,6,12,19,10010KT,19,08
2018-06-12 20:00:00.000,2018,6,12,20,08010KT,18,09
2018-06-12 21:00:00.000,2018,6,12,21,13009KT,18,09
2018-06-12 22:00:00.000,2018,6,12,22,07008KT,17,08
2018-06-12 23:00:00.000,2018,6,12,23,09005KT,16,09
2018-06-13 00:00:00.000,2018,6,13,0,09008KT,15,08
2018-06-13 01:00:00.000,2018,6,13,1,05006KT,12,08
2018-06-13 02:00:00.000,2018,6,13,2,11004KT,14,09
2018-06-13 03:00:00.000,2018,6,13,3,VRB02KT,13,09
2018-06-13 04:00:00.000,2018,6,13,4,33004KT,12,09
2018-06-13 05:00:00.000,2018,6,13,5,36003KT,12,09
2018-06-13 06:00:00.000,2018,6,13,6,VRB02KT,12,09
2018-06-13 07:00:00.000,2018,6,13,7,VRB02KT,11,09
2018-06-13 08:00:00.000,2018,6,13,8,06004KT,12,10
2018-06-13 09:00:00.000,2018,6,13,9,04004KT,12,10
2018-06-13 10:00:00.000,2018,6,13,10,04005KT,12,10
2018-06-13 11:00:00.000,2018,6,13,11,07004KT,12,10
2018-06-13 12:00:00.000,2018,6,13,12,05007KT,12,10
2018-06-13 13:00:00.000,2018,6,13,13,05007KT,13,10
2018-06-13 14:00:00.000,2018,6,13,14,15007KT,15,09
2018-06-13 15:00:00.000,2018,6,13,15,13007KT,16,09
2018-06-13 16:00:00.000,2018,6,13,16,14005KT,17,09
2018-06-13 17:00:00.000,2018,6,13,17,12007KT,18,10
2018-06-13 18:00:00.000,2018,6,13,18,06006KT,19,10
2018-06-13 19:00:00.000,2018,6,13,19,14008KT,20,10
2018-06-13 20:00:00.000,2018,6,13,20,07010KT,17,11
2018-06-13 21:00:00.000,2018,6,13,21,05007KT,17,11
2018-06-13 22:00:00.000,2018,6,13,22,11008KT,16,09
2018-06-13 23:00:00.000,2018,6,13,23,11008KT,15,10
2018-06-14 00:00:00.000,2018,6,14,0,15006KT,14,10
2018-06-14 01:00:00.000,2018,6,14,1,08005KT,14,10
2018-06-14 02:00:00.000,2018,6,14,2,VRB02KT,12,09
2018-06-14 03:00:00.000,2018,6,14,3,33003KT,12,09
2018-06-14 04:00:00.000,2018,6,14,4,03008KT,12,10
2018-06-14 05:00:00.000,2018,6,14,5,04006KT,12,09
2018-06-14 06:00:00.000,2018,6,14,6,04005KT,12,09
2018-06-14 07:00:00.000,2018,6,14,7,VRB02KT,12,09
2018-06-14 08:00:00.000,2018,6,14,8,VRB02KT,11,09
2018-06-14 09:00:00.000,2018,6,14,9,03004KT,12,09
2018-06-14 10:00:00.000,2018,6,14,10,07004KT,12,10
2018-06-14 11:00:00.000,2018,6,14,11,03005KT,12,10
2018-06-14 12:00:00.000,2018,6,14,12,05004KT,13,11
2018-06-14 13:00:00.000,2018,6,14,13,06003KT,14,11
2018-06-14 14:00:00.000,2018,6,14,14,04005KT,14,11
2018-06-14 15:00:00.000,2018,6,14,15,17014KT,16,10
2018-06-14 16:00:00.000,2018,6,14,16,17013KT,17,08
2018-06-14 17:00:00.000,2018,6,14,17,16013KT,18,08
2018-06-14 18:00:00.000,2018,6,14,18,17015KT,19,09
2018-06-14 19:00:00.000,2018,6,14,19,15014KT,18,09
2018-06-14 20:00:00.000,2018,6,14,20,13011KT,18,08
2018-06-14 21:00:00.000,2018,6,14,21,19012KT,18,08
2018-06-14 22:00:00.000,2018,6,14,22,15010KT,18,08
2018-06-14 23:00:00.000,2018,6,14,23,19009KT,15,08
2018-06-15 00:00:00.000,2018,6,15,0,11005KT,15,08
2018-06-15 01:00:00.000,2018,6,15,1,11003KT,14,08
2018-06-15 02:00:00.000,2018,6,15,2,12003KT,13,08
2018-06-15 03:00:00.000,2018,6,15,3,VRB02KT,13,08
2018-06-15 04:00:00.000,2018,6,15,4,11004KT,13,08
2018-06-15 05:00:00.000,2018,6,15,5,19005KT,14,08
2018-06-15 06:00:00.000,2018,6,15,6,18010KT,13,08
2018-06-15 07:00:00.000,2018,6,15,7,02004KT,12,09
2018-06-15 08:00:00.000,2018,6,15,8,VRB02KT,12,09
2018-06-15 09:00:00.000,2018,6,15,9,04003KT,11,09
2018-06-15 10:00:00.000,2018,6,15,10,06005KT,11,08
2018-06-15 11:00:00.000,2018,6,15,11,05004KT,10,08
2018-06-15 12:00:00.000,2018,6,15,12,07005KT,12,09
2018-06-15 13:00:00.000,2018,6,15,13,04006KT,14,09
2018-06-15 14:00:00.000,2018,6,15,14,03006KT,14,09
2018-06-15 15:00:00.000,2018,6,15,15,22004KT,12,10
2018-06-15 17:00:00.000,2018,6,15,17,15003KT,13,09
2018-06-15 18:00:00.000,2018,6,15,18,14008KT,16,09
2018-06-15 19:00:00.000,2018,6,15,19,15011KT,17,08
2018-06-15 20:00:00.000,2018,6,15,20,15009KT,18,08
2018-06-15 21:00:00.000,2018,6,15,21,12006KT,18,08
2018-06-15 22:00:00.000,2018,6,15,22,10008KT,17,08
2018-06-15 23:00:00.000,2018,6,15,23,13008KT,16,08
2018-06-16 00:00:00.000,2018,6,16,0,14007KT,15,08
2018-06-16 01:00:00.000,2018,6,16,1,10004KT,14,09
2018-06-16 02:00:00.000,2018,6,16,2,VRB02KT,14,09
2018-06-16 03:00:00.000,2018,6,16,3,04004KT,13,10
2018-06-16 04:00:00.000,2018,6,16,4,03005KT,12,10
2018-06-16 05:00:00.000,2018,6,16,5,04006KT,12,10
2018-06-16 06:00:00.000,2018,6,16,6,02004KT,12,10
2018-06-16 07:00:00.000,2018,6,16,7,VRB02KT,11,10
2018-06-16 08:00:00.000,2018,6,16,8,VRB02KT,10,09
2018-06-16 09:00:00.000,2018,6,16,9,VRB02KT,11,10
2018-06-16 10:00:00.000,2018,6,16,10,VRB02KT,11,10
2018-06-16 11:00:00.000,2018,6,16,11,VRB02KT,10,09
2018-06-16 12:00:00.000,2018,6,16,12,04003KT,11,10
2018-06-16 13:00:00.000,2018,6,16,13,03006KT,14,11
2018-06-16 14:00:00.000,2018,6,16,14,VRB02KT,16,10
2018-06-16 15:00:00.000,2018,6,16,15,VRB02KT,17,10
2018-06-16 16:00:00.000,2018,6,16,16,15005KT,18,09
2018-06-16 17:00:00.000,2018,6,16,17,14008KT,19,10
2018-06-16 18:00:00.000,2018,6,16,18,14012KT,18,10
2018-06-16 19:00:00.000,2018,6,16,19,15010KT,17,09
2018-06-16 20:00:00.000,2018,6,16,20,15008KT,18,08
2018-06-16 21:00:00.000,2018,6,16,21,13006KT,18,08
2018-06-16 22:00:00.000,2018,6,16,22,13009KT,17,08
2018-06-16 23:00:00.000,2018,6,16,23,11005KT,16,08
2018-06-17 00:00:00.000,2018,6,17,0,07003KT,15,09
2018-06-17 01:00:00.000,2018,6,17,1,09004KT,14,09
2018-06-17 02:00:00.000,2018,6,17,2,09005KT,14,09
2018-06-17 03:00:00.000,2018,6,17,3,08004KT,14,09
2018-06-17 04:00:00.000,2018,6,17,4,05005KT,13,10
2018-06-17 05:00:00.000,2018,6,17,5,05003KT,12,10
2018-06-17 06:00:00.000,2018,6,17,6,VRB02KT,11,09
2018-06-17 07:00:00.000,2018,6,17,7,36003KT,10,09
2018-06-17 08:00:00.000,2018,6,17,8,05003KT,10,09
2018-06-17 09:00:00.000,2018,6,17,9,05005KT,10,08
2018-06-17 10:00:00.000,2018,6,17,10,05003KT,10,09
2018-06-17 11:00:00.000,2018,6,17,11,05006KT,11,09
2018-06-17 12:00:00.000,2018,6,17,12,06006KT,11,09
2018-06-17 13:00:00.000,2018,6,17,13,04007KT,13,10
2018-06-17 14:00:00.000,2018,6,17,14,07005KT,16,11
2018-06-17 15:00:00.000,2018,6,17,15,13010KT,17,09
2018-06-17 16:00:00.000,2018,6,17,16,18010KT,19,09
2018-06-17 17:00:00.000,2018,6,17,17,16014KT,19,09
2018-06-17 18:00:00.000,2018,6,17,18,16005KT,20,09
2018-06-17 19:00:00.000,2018,6,17,19,17012KT,19,09
2018-06-17 20:00:00.000,2018,6,17,20,17014KT,19,08
2018-06-17 21:00:00.000,2018,6,17,21,16012KT,19,08
2018-06-17 22:00:00.000,2018,6,17,22,13010KT,17,08
2018-06-17 23:00:00.000,2018,6,17,23,15008KT,16,09
2018-06-18 00:00:00.000,2018,6,18,0,15007KT,15,08
2018-06-18 01:00:00.000,2018,6,18,1,15008KT,14,09
2018-06-18 02:00:00.000,2018,6,18,2,14007KT,13,08
2018-06-18 03:00:00.000,2018,6,18,3,09005KT,13,09
2018-06-18 04:00:00.000,2018,6,18,4,06004KT,12,09
2018-06-18 05:00:00.000,2018,6,18,5,05004KT,12,09
2018-06-18 06:00:00.000,2018,6,18,6,VRB02KT,11,09
2018-06-18 07:00:00.000,2018,6,18,7,04004KT,11,09
2018-06-18 08:00:00.000,2018,6,18,8,05004KT,11,09
2018-06-18 09:00:00.000,2018,6,18,9,36004KT,11,09
2018-06-18 10:00:00.000,2018,6,18,10,02003KT,11,09
2018-06-18 11:00:00.000,2018,6,18,11,13003KT,11,09
2018-06-18 12:00:00.000,2018,6,18,12,14006KT,13,09
2018-06-18 13:00:00.000,2018,6,18,13,15010KT,17,09
2018-06-18 14:00:00.000,2018,6,18,14,16009KT,16,09
2018-06-18 15:00:00.000,2018,6,18,15,14012KT,18,09
2018-06-18 16:00:00.000,2018,6,18,16,17013KT,18,09
2018-06-18 17:00:00.000,2018,6,18,17,15016KT,18,09
2018-06-18 18:00:00.000,2018,6,18,18,17014KT,18,08
2018-06-18 19:00:00.000,2018,6,18,19,17013KT,18,09
2018-06-18 20:00:00.000,2018,6,18,20,18017KT,18,08
2018-06-18 21:00:00.000,2018,6,18,21,18015KT,17,08
2018-06-18 22:00:00.000,2018,6,18,22,17016KT,16,08
2018-06-18 23:00:00.000,2018,6,18,23,17013KT,15,08
2018-06-19 00:00:00.000,2018,6,19,0,16008KT,14,08
2018-06-19 01:00:00.000,2018,6,19,1,17007KT,13,08
2018-06-19 02:00:00.000,2018,6,19,2,16006KT,14,08
2018-06-19 03:00:00.000,2018,6,19,3,VRB02KT,13,09
2018-06-19 04:00:00.000,2018,6,19,4,VRB02KT,13,09
2018-06-19 05:00:00.000,2018,6,19,5,VRB02KT,11,09
2018-06-19 06:00:00.000,2018,6,19,6,VRB02KT,21,09
2018-06-19 07:00:00.000,2018,6,19,7,18006KT,12,09
2018-06-19 08:00:00.000,2018,6,19,8,12005KT,12,08
2018-06-19 09:00:00.000,2018,6,19,9,16007KT,12,08
2018-06-19 10:00:00.000,2018,6,19,10,12004KT,11,08
2018-06-19 11:00:00.000,2018,6,19,11,VRB02KT,09,08
2018-06-19 12:00:00.000,2018,6,19,12,33004KT,11,09
2018-06-19 13:00:00.000,2018,6,19,13,33003KT,13,10
2018-06-19 14:00:00.000,2018,6,19,14,18007KT,15,08
2018-06-19 15:00:00.000,2018,6,19,15,17010KT,16,08
2018-06-19 16:00:00.000,2018,6,19,16,16013KT,18,08
2018-06-19 17:00:00.000,2018,6,19,17,19017KT,18,09
2018-06-19 18:00:00.000,2018,6,19,18,15014KT,17,08
2018-06-19 19:00:00.000,2018,6,19,19,15014KT,16,09
2018-06-19 20:00:00.000,2018,6,19,20,17014KT,18,09
2018-06-19 21:00:00.000,2018,6,19,21,16015KT,18,08
2018-06-19 22:00:00.000,2018,6,19,22,16011KT,15,08
2018-06-19 23:00:00.000,2018,6,19,23,17016KT,14,08
2018-06-20 00:00:00.000,2018,6,20,0,18010KT,14,07
2018-06-20 01:00:00.000,2018,6,20,1,21006KT,14,07
2018-06-20 02:00:00.000,2018,6,20,2,VRB02KT,13,08
2018-06-20 03:00:00.000,2018,6,20,3,01003KT,12,08
2018-06-20 04:00:00.000,2018,6,20,4,VRB02KT,12,08
2018-06-20 05:00:00.000,2018,6,20,5,VRB02KT,12,09
2018-06-20 06:00:00.000,2018,6,20,6,VRB02KT,11,09
2018-06-20 07:00:00.000,2018,6,20,7,00000KT,11,09
2018-06-20 08:00:00.000,2018,6,20,8,VRB02KT,11,10
2018-06-20 09:00:00.000,2018,6,20,9,03004KT,11,10
2018-06-20 10:00:00.000,2018,6,20,10,VRB02KT,11,10
2018-06-20 11:00:00.000,2018,6,20,11,02003KT,10,09
2018-06-20 12:00:00.000,2018,6,20,12,VRB02KT,11,10
2018-06-20 13:00:00.000,2018,6,20,13,04005KT,13,10
2018-06-20 14:00:00.000,2018,6,20,14,12004KT,16,10
2018-06-20 15:00:00.000,2018,6,20,15,20007KT,15,09
2018-06-20 16:00:00.000,2018,6,20,16,15010KT,18,08
2018-06-20 17:00:00.000,2018,6,20,17,13007KT,17,07
2018-06-20 18:00:00.000,2018,6,20,18,15009KT,19,08
2018-06-20 19:00:00.000,2018,6,20,19,34010KT,16,10
2018-06-20 20:00:00.000,2018,6,20,20,32010KT,13,11
2018-06-20 21:00:00.000,2018,6,20,21,30008KT,13,11
2018-06-20 22:00:00.000,2018,6,20,22,30007KT,14,10
2018-06-20 23:00:00.000,2018,6,20,23,31004KT,13,10
2018-06-21 00:00:00.000,2018,6,21,0,VRB02KT,12,10
2018-06-21 01:00:00.000,2018,6,21,1,33004KT,11,09
2018-06-21 02:00:00.000,2018,6,21,2,32004KT,11,09
2018-06-21 03:00:00.000,2018,6,21,3,VRB02KT,12,10
2018-06-21 04:00:00.000,2018,6,21,4,34004KT,12,10
2018-06-21 05:00:00.000,2018,6,21,5,33003KT,11,09
2018-06-21 06:00:00.000,2018,6,21,6,35003KT,11,10
2018-06-21 07:00:00.000,2018,6,21,7,VRB02KT,11,07
2018-06-21 08:00:00.000,2018,6,21,8,VRB02KT,11,10
2018-06-21 09:00:00.000,2018,6,21,9,VRB02KT,10,09
2018-06-21 10:00:00.000,2018,6,21,10,VRB02KT,10,09
2018-06-21 11:00:00.000,2018,6,21,11,02003KT,10,09
2018-06-21 12:00:00.000,2018,6,21,12,04003KT,11,10
2018-06-21 13:00:00.000,2018,6,21,13,03006KT,13,10
2018-06-21 14:00:00.000,2018,6,21,14,02004KT,14,10
2018-06-21 15:00:00.000,2018,6,21,15,23004KT,12,11
2018-06-21 16:00:00.000,2018,6,21,16,VRB03KT,16,11
2018-06-21 17:00:00.000,2018,6,21,17,17008KT,15,11
2018-06-21 18:00:00.000,2018,6,21,18,16009KT,17,09
2018-06-21 19:00:00.000,2018,6,21,19,15006KT,15,11
2018-06-21 20:00:00.000,2018,6,21,20,01005KT,14,12
2018-06-21 21:00:00.000,2018,6,21,21,33003KT,15,12
2018-06-21 22:00:00.000,2018,6,21,22,22004KT,16,11
2018-06-21 23:00:00.000,2018,6,21,23,11006KT,16,09
2018-06-22 00:00:00.000,2018,6,22,0,12004KT,14,09
2018-06-22 01:00:00.000,2018,6,22,1,33003KT,12,09
2018-06-22 02:00:00.000,2018,6,22,2,VRB02KT,11,09
2018-06-22 03:00:00.000,2018,6,22,3,36004KT,09,08
2018-06-22 04:00:00.000,2018,6,22,4,05003KT,10,08
2018-06-22 05:00:00.000,2018,6,22,5,03006KT,11,09
2018-06-22 06:00:00.000,2018,6,22,6,VRB02KT,11,09
2018-06-22 07:00:00.000,2018,6,22,7,02003KT,11,09
2018-06-22 08:00:00.000,2018,6,22,8,VRB02KT,10,08
2018-06-22 09:00:00.000,2018,6,22,9,VRB02KT,09,08
2018-06-22 10:00:00.000,2018,6,22,10,33003KT,09,07
2018-06-22 11:00:00.000,2018,6,22,11,VRB02KT,09,08
2018-06-22 12:00:00.000,2018,6,22,12,03005KT,11,09
2018-06-22 13:00:00.000,2018,6,22,13,02005KT,13,10
2018-06-22 14:00:00.000,2018,6,22,14,12005KT,16,08
2018-06-22 15:00:00.000,2018,6,22,15,11006KT,18,07
2018-06-22 16:00:00.000,2018,6,22,16,10008KT,19,07
2018-06-22 17:00:00.000,2018,6,22,17,13008KT,17,07
2018-06-22 18:00:00.000,2018,6,22,18,13008KT,18,07
2018-06-22 19:00:00.000,2018,6,22,19,12009KT,16,09
2018-06-22 20:00:00.000,2018,6,22,20,18009KT,18,09
2018-06-22 21:00:00.000,2018,6,22,21,35004KT,17,10
2018-06-22 22:00:00.000,2018,6,22,22,28008KT,15,10
2018-06-22 23:00:00.000,2018,6,22,23,29004KT,14,09
2018-06-23 00:00:00.000,2018,6,23,0,00000KT,12,09
2018-06-23 01:00:00.000,2018,6,23,1,VRB02KT,12,10
2018-06-23 02:00:00.000,2018,6,23,2,04004KT,13,09
2018-06-23 03:00:00.000,2018,6,23,3,03004KT,12,09
2018-06-23 04:00:00.000,2018,6,23,4,05004KT,12,09
2018-06-23 05:00:00.000,2018,6,23,5,VRB02KT,12,09
2018-06-23 06:00:00.000,2018,6,23,6,VRB02KT,12,09
2018-06-23 07:00:00.000,2018,6,23,7,VRB02KT,12,10
2018-06-23 08:00:00.000,2018,6,23,8,VRB02KT,12,10
2018-06-23 09:00:00.000,2018,6,23,9,VRB02KT,12,10
2018-06-23 10:00:00.000,2018,6,23,10,VRB02KT,11,10
2018-06-23 11:00:00.000,2018,6,23,11,07004KT,12,10
2018-06-23 13:00:00.000,2018,6,23,13,05005KT,14,11
2018-06-23 15:00:00.000,2018,6,23,15,05008KT,17,08
2018-06-23 16:00:00.000,2018,6,23,16,10008KT,17,08
2018-06-23 17:00:00.000,2018,6,23,17,08010KT,19,09
2018-06-23 18:00:00.000,2018,6,23,18,16011KT,18,09
2018-06-23 19:00:00.000,2018,6,23,19,09008KT,18,09
2018-06-23 20:00:00.000,2018,6,23,20,11010KT,19,10
2018-06-23 21:00:00.000,2018,6,23,21,16011KT,19,08
2018-06-23 22:00:00.000,2018,6,23,22,12011KT,18,07
2018-06-23 23:00:00.000,2018,6,23,23,13010KT,15,09
2018-06-24 00:00:00.000,2018,6,24,0,06005KT,15,09
2018-06-24 01:00:00.000,2018,6,24,1,12005KT,15,08
2018-06-24 02:00:00.000,2018,6,24,2,06004KT,14,09
2018-06-24 03:00:00.000,2018,6,24,3,04005KT,13,09
2018-06-24 04:00:00.000,2018,6,24,4,05006KT,14,09
2018-06-24 05:00:00.000,2018,6,24,5,02005KT,13,09
2018-06-24 06:00:00.000,2018,6,24,6,04005KT,13,10
2018-06-24 07:00:00.000,2018,6,24,7,02005KT,12,10
2018-06-24 08:00:00.000,2018,6,24,8,04005KT,12,10
2018-06-24 09:00:00.000,2018,6,24,9,06008KT,12,09
2018-06-24 10:00:00.000,2018,6,24,10,04008KT,11,09
2018-06-24 11:00:00.000,2018,6,24,11,06007KT,11,09
2018-06-24 12:00:00.000,2018,6,24,12,04004KT,12,10
2018-06-24 13:00:00.000,2018,6,24,13,05006KT,14,09
2018-06-24 14:00:00.000,2018,6,24,14,03008KT,16,10
2018-06-24 15:00:00.000,2018,6,24,15,05007KT,16,10
2018-06-24 16:00:00.000,2018,6,24,16,12010KT,18,10
2018-06-24 17:00:00.000,2018,6,24,17,14012KT,18,09
2018-06-24 18:00:00.000,2018,6,24,18,09012KT,19,09
2018-06-24 19:00:00.000,2018,6,24,19,12012KT,17,09
2018-06-24 20:00:00.000,2018,6,24,20,14012KT,18,09
2018-06-24 21:00:00.000,2018,6,24,21,14010KT,17,09
2018-06-24 22:00:00.000,2018,6,24,22,13011KT,16,08
2018-06-24 23:00:00.000,2018,6,24,23,06005KT,15,09
2018-06-25 00:00:00.000,2018,6,25,0,04004KT,12,09
2018-06-25 01:00:00.000,2018,6,25,1,05005KT,14,09
2018-06-25 02:00:00.000,2018,6,25,2,08008KT,13,10
2018-06-25 03:00:00.000,2018,6,25,3,05006KT,12,09
2018-06-25 04:00:00.000,2018,6,25,4,06007KT,12,09
2018-06-25 05:00:00.000,2018,6,25,5,04007KT,12,09
2018-06-25 06:00:00.000,2018,6,25,6,05007KT,11,09
2018-06-25 07:00:00.000,2018,6,25,7,04006KT,11,09
2018-06-25 08:00:00.000,2018,6,25,8,02005KT,10,08
2018-06-25 09:00:00.000,2018,6,25,9,03005KT,11,09
2018-06-25 10:00:00.000,2018,6,25,10,04007KT,11,09
2018-06-25 11:00:00.000,2018,6,25,11,04008KT,11,09
2018-06-25 12:00:00.000,2018,6,25,12,06008KT,12,10
2018-06-25 13:00:00.000,2018,6,25,13,04009KT,13,09
2018-06-25 14:00:00.000,2018,6,25,14,06008KT,14,09
2018-06-25 15:00:00.000,2018,6,25,15,04008KT,15,10
2018-06-25 16:00:00.000,2018,6,25,16,05009KT,16,09
2018-06-25 17:00:00.000,2018,6,25,17,07006KT,17,10
2018-06-25 18:00:00.000,2018,6,25,18,15010KT,18,08
2018-06-25 19:00:00.000,2018,6,25,19,13009KT,18,07
2018-06-25 20:00:00.000,2018,6,25,20,16012KT,16,09
2018-06-25 21:00:00.000,2018,6,25,21,14010KT,17,07
2018-06-25 22:00:00.000,2018,6,25,22,10006KT,17,07
2018-06-25 23:00:00.000,2018,6,25,23,11006KT,16,07
2018-06-26 00:00:00.000,2018,6,26,0,12007KT,14,08
2018-06-26 01:00:00.000,2018,6,26,1,15005KT,13,08
2018-06-26 02:00:00.000,2018,6,26,2,03006KT,11,08
2018-06-26 03:00:00.000,2018,6,26,3,36003KT,11,08
2018-06-26 04:00:00.000,2018,6,26,4,07003KT,11,08
2018-06-26 05:00:00.000,2018,6,26,5,08004KT,12,08
2018-06-26 06:00:00.000,2018,6,26,6,35003KT,11,07
2018-06-26 07:00:00.000,2018,6,26,7,03003KT,10,07
2018-06-26 08:00:00.000,2018,6,26,8,VRB02KT,10,08
2018-06-26 09:00:00.000,2018,6,26,9,05003KT,10,07
2018-06-26 10:00:00.000,2018,6,26,10,VRB02KT,09,08
2018-06-26 11:00:00.000,2018,6,26,11,VRB02KT,08,07
2018-06-26 12:00:00.000,2018,6,26,12,32003KT,10,08
2018-06-26 13:00:00.000,2018,6,26,13,34005KT,13,09
2018-06-26 14:00:00.000,2018,6,26,14,05004KT,16,09
2018-06-26 15:00:00.000,2018,6,26,15,06005KT,16,09
2018-06-26 16:00:00.000,2018,6,26,16,04008KT,16,09
2018-06-26 17:00:00.000,2018,6,26,17,16007KT,15,10
2018-06-26 18:00:00.000,2018,6,26,18,14012KT,15,09
2018-06-26 19:00:00.000,2018,6,26,19,15009KT,14,10
2018-06-26 20:00:00.000,2018,6,26,20,10008KT,15,08
2018-06-26 21:00:00.000,2018,6,26,21,08006KT,16,07
2018-06-26 22:00:00.000,2018,6,26,22,08007KT,15,08
2018-06-26 23:00:00.000,2018,6,26,23,08006KT,14,08
2018-06-27 00:00:00.000,2018,6,27,0,08005KT,13,08
2018-06-27 01:00:00.000,2018,6,27,1,07005KT,13,08
2018-06-27 02:00:00.000,2018,6,27,2,05005KT,11,08
2018-06-27 03:00:00.000,2018,6,27,3,09004KT,12,08
2018-06-27 04:00:00.000,2018,6,27,4,08005KT,12,08
2018-06-27 05:00:00.000,2018,6,27,5,06005KT,12,08
2018-06-27 06:00:00.000,2018,6,27,6,05004KT,11,08
2018-06-27 07:00:00.000,2018,6,27,7,04004KT,10,08
2018-06-27 08:00:00.000,2018,6,27,8,VRB02KT,10,08
2018-06-27 09:00:00.000,2018,6,27,9,04004KT,10,08
2018-06-27 10:00:00.000,2018,6,27,10,03004KT,10,08
2018-06-27 11:00:00.000,2018,6,27,11,06005KT,11,08
2018-06-27 12:00:00.000,2018,6,27,12,03004KT,11,09
2018-06-27 13:00:00.000,2018,6,27,13,05008KT,13,08
2018-06-27 14:00:00.000,2018,6,27,14,04006KT,14,09
2018-06-27 15:00:00.000,2018,6,27,15,10004KT,16,08
2018-06-27 16:00:00.000,2018,6,27,16,11003KT,14,10
2018-06-27 17:00:00.000,2018,6,27,17,04006KT,15,10
2018-06-27 18:00:00.000,2018,6,27,18,22006KT,17,10
2018-06-27 19:00:00.000,2018,6,27,19,22006KT,16,09
2018-06-27 20:00:00.000,2018,6,27,20,33004KT,17,09
2018-06-27 21:00:00.000,2018,6,27,21,34005KT,17,10
2018-06-27 22:00:00.000,2018,6,27,22,28006KT,15,10
2018-06-27 23:00:00.000,2018,6,27,23,28007KT,14,10
2018-06-28 00:00:00.000,2018,6,28,0,31004KT,12,11
2018-06-28 01:00:00.000,2018,6,28,1,27003KT,12,10
2018-06-28 03:00:00.000,2018,6,28,3,VRB02KT,12,10
2018-06-28 04:00:00.000,2018,6,28,4,08004KT,12,10
2018-06-28 05:00:00.000,2018,6,28,5,08003KT,11,10
2018-06-28 06:00:00.000,2018,6,28,6,05004KT,11,09
2018-06-28 07:00:00.000,2018,6,28,7,03005KT,11,10
2018-06-28 08:00:00.000,2018,6,28,8,04005KT,11,10
2018-06-28 09:00:00.000,2018,6,28,9,VRB02KT,11,09
2018-06-28 10:00:00.000,2018,6,28,10,VRB02KT,10,09
2018-06-28 11:00:00.000,2018,6,28,11,02003KT,11,10
2018-06-28 12:00:00.000,2018,6,28,12,04005KT,11,10
2018-06-28 13:00:00.000,2018,6,28,13,02005KT,12,11
2018-06-28 14:00:00.000,2018,6,28,14,07003KT,14,11
2018-06-28 15:00:00.000,2018,6,28,15,09004KT,14,11
2018-06-28 16:00:00.000,2018,6,28,16,18006KT,15,11
2018-06-28 17:00:00.000,2018,6,28,17,07006KT,15,10
2018-06-28 18:00:00.000,2018,6,28,18,13006KT,16,11
2018-06-28 19:00:00.000,2018,6,28,19,05007KT,16,11
2018-06-28 20:00:00.000,2018,6,28,20,06010KT,16,10
2018-06-28 21:00:00.000,2018,6,28,21,08008KT,16,09
2018-06-28 22:00:00.000,2018,6,28,22,10006KT,15,08
2018-06-28 23:00:00.000,2018,6,28,23,06008KT,13,08
2018-06-29 00:00:00.000,2018,6,29,0,03005KT,13,08
2018-06-29 01:00:00.000,2018,6,29,1,05006KT,12,07
2018-06-29 02:00:00.000,2018,6,29,2,02004KT,12,08
2018-06-29 03:00:00.000,2018,6,29,3,05006KT,12,08
2018-06-29 04:00:00.000,2018,6,29,4,04004KT,11,08
2018-06-29 05:00:00.000,2018,6,29,5,04004KT,10,08
2018-06-29 06:00:00.000,2018,6,29,6,01003KT,10,08
2018-06-29 07:00:00.000,2018,6,29,7,VRB02KT,10,08
2018-06-29 08:00:00.000,2018,6,29,8,02003KT,10,08
2018-06-29 09:00:00.000,2018,6,29,9,VRB02KT,08,07
2018-06-29 10:00:00.000,2018,6,29,10,VRB02KT,08,07
2018-06-29 11:00:00.000,2018,6,29,11,VRB02KT,08,07
2018-06-29 12:00:00.000,2018,6,29,12,VRB02KT,11,09
2018-06-29 13:00:00.000,2018,6,29,13,03006KT,13,09
2018-06-29 14:00:00.000,2018,6,29,14,05005KT,15,08
2018-06-29 15:00:00.000,2018,6,29,15,05009KT,16,09
2018-06-29 16:00:00.000,2018,6,29,16,09007KT,18,09
2018-06-29 17:00:00.000,2018,6,29,17,06008KT,17,09
2018-06-29 18:00:00.000,2018,6,29,18,08010KT,19,09
2018-06-29 19:00:00.000,2018,6,29,19,09010KT,19,08
2018-06-29 20:00:00.000,2018,6,29,20,10010KT,19,07
2018-06-29 21:00:00.000,2018,6,29,21,11009KT,19,07
2018-06-29 22:00:00.000,2018,6,29,22,10009KT,17,07
2018-06-29 23:00:00.000,2018,6,29,23,11005KT,16,07
2018-06-30 00:00:00.000,2018,6,30,0,07005KT,14,08
2018-06-30 01:00:00.000,2018,6,30,1,VRB02KT,15,07
2018-06-30 02:00:00.000,2018,6,30,2,04005KT,12,07
2018-06-30 03:00:00.000,2018,6,30,3,VRB02KT,14,07
2018-06-30 04:00:00.000,2018,6,30,4,36003KT,12,08
2018-06-30 05:00:00.000,2018,6,30,5,04003KT,12,07
2018-06-30 06:00:00.000,2018,6,30,6,02004KT,10,08
2018-06-30 07:00:00.000,2018,6,30,7,VRB02KT,10,08
2018-06-30 08:00:00.000,2018,6,30,8,02003KT,10,08
2018-06-30 09:00:00.000,2018,6,30,9,05005KT,10,08
2018-06-30 10:00:00.000,2018,6,30,10,05006KT,10,08
2018-06-30 11:00:00.000,2018,6,30,11,04008KT,10,08
2018-06-30 12:00:00.000,2018,6,30,12,05006KT,11,08
2018-06-30 13:00:00.000,2018,6,30,13,32003KT,12,09
2018-06-30 14:00:00.000,2018,6,30,14,04007KT,15,07
2018-06-30 15:00:00.000,2018,6,30,15,06006KT,16,06
2018-06-30 16:00:00.000,2018,6,30,16,10010KT,17,05
2018-06-30 17:00:00.000,2018,6,30,17,14010KT,17,07
2018-06-30 18:00:00.000,2018,6,30,18,15010KT,17,07
2018-06-30 19:00:00.000,2018,6,30,19,08010KT,16,07
2018-06-30 20:00:00.000,2018,6,30,20,05008KT,13,08
2018-06-30 21:00:00.000,2018,6,30,21,06007KT,13,09
2018-06-30 22:00:00.000,2018,6,30,22,09006KT,13,08
2018-06-30 23:00:00.000,2018,6,30,23,07006KT,13,08
2018-07-01 00:00:00.000,2018,7,1,0,08005KT,13,08
2018-07-01 01:00:00.000,2018,7,1,1,34004KT,11,08
2018-07-01 02:00:00.000,2018,7,1,2,33005KT,11,07
2018-07-01 03:00:00.000,2018,7,1,3,04004KT,11,07
2018-07-01 04:00:00.000,2018,7,1,4,06005KT,10,08
2018-07-01 05:00:00.000,2018,7,1,5,05004KT,10,07
2018-07-01 06:00:00.000,2018,7,1,6,VRB02KT,10,07
2018-07-01 07:00:00.000,2018,7,1,7,03003KT,09,07
2018-07-01 08:00:00.000,2018,7,1,8,VRB02KT,09,07
2018-07-01 09:00:00.000,2018,7,1,9,07003KT,09,07
2018-07-01 10:00:00.000,2018,7,1,10,04003KT,09,08
2018-07-01 11:00:00.000,2018,7,1,11,34004KT,09,08
2018-07-01 12:00:00.000,2018,7,1,12,VRB02KT,10,09
2018-07-01 13:00:00.000,2018,7,1,13,07003KT,12,09
2018-07-01 14:00:00.000,2018,7,1,14,VRB02KT,15,09
2018-07-01 15:00:00.000,2018,7,1,15,03004KT,16,08
2018-07-01 16:00:00.000,2018,7,1,16,12004KT,17,08
2018-07-01 17:00:00.000,2018,7,1,17,07004KT,17,08
2018-07-01 18:00:00.000,2018,7,1,18,14006KT,19,07
2018-07-01 19:00:00.000,2018,7,1,19,16011KT,18,07
2018-07-01 20:00:00.000,2018,7,1,20,23006KT,18,08
2018-07-01 21:00:00.000,2018,7,1,21,30008KT,16,11
2018-07-01 22:00:00.000,2018,7,1,22,28009KT,15,11
2018-07-01 23:00:00.000,2018,7,1,23,26007KT,13,12
2018-07-02 00:00:00.000,2018,7,2,0,27006KT,12,11
2018-07-02 01:00:00.000,2018,7,2,1,28006KT,12,10
2018-07-02 02:00:00.000,2018,7,2,2,VRB02KT,11,10
2018-07-02 03:00:00.000,2018,7,2,3,VRB02KT,11,10
2018-07-02 04:00:00.000,2018,7,2,4,VRB02KT,11,10
2018-07-02 05:00:00.000,2018,7,2,5,05003KT,11,10
2018-07-02 06:00:00.000,2018,7,2,6,VRB02KT,11,10
2018-07-02 07:00:00.000,2018,7,2,7,VRB02KT,10,09
2018-07-02 08:00:00.000,2018,7,2,8,VRB02KT,09,08
2018-07-02 09:00:00.000,2018,7,2,9,VRB02KT,09,08
2018-07-02 10:00:00.000,2018,7,2,10,VRB02KT,09,08
2018-07-02 11:00:00.000,2018,7,2,11,04004KT,08,07
2018-07-02 12:00:00.000,2018,7,2,12,VRB02KT,10,09
2018-07-02 13:00:00.000,2018,7,2,13,VRB02KT,11,11
2018-07-02 14:00:00.000,2018,7,2,14,32005KT,14,10
2018-07-02 15:00:00.000,2018,7,2,15,34004KT,16,10
2018-07-02 16:00:00.000,2018,7,2,16,24003KT,17,09
2018-07-02 17:00:00.000,2018,7,2,17,24010KT,17,11
2018-07-02 18:00:00.000,2018,7,2,18,23006KT,18,12
2018-07-02 19:00:00.000,2018,7,2,19,25007KT,18,11
2018-07-02 20:00:00.000,2018,7,2,20,25011KT,16,11
2018-07-02 21:00:00.000,2018,7,2,21,27008KT,16,11
2018-07-02 22:00:00.000,2018,7,2,22,29005KT,15,11
2018-07-02 23:00:00.000,2018,7,2,23,32004KT,14,10
2018-07-03 00:00:00.000,2018,7,3,0,04003KT,12,10
2018-07-03 01:00:00.000,2018,7,3,1,34004KT,12,10
2018-07-03 02:00:00.000,2018,7,3,2,VRB02KT,13,11
2018-07-03 03:00:00.000,2018,7,3,3,00000KT,13,10
2018-07-03 04:00:00.000,2018,7,3,4,02004KT,12,11
2018-07-03 05:00:00.000,2018,7,3,5,VRB02KT,12,10
2018-07-03 06:00:00.000,2018,7,3,6,VRB02KT,12,10
2018-07-03 07:00:00.000,2018,7,3,7,29003KT,11,10
2018-07-03 08:00:00.000,2018,7,3,8,VRB02KT,11,10
2018-07-03 09:00:00.000,2018,7,3,9,VRB02KT,11,10
2018-07-03 10:00:00.000,2018,7,3,10,32003KT,10,09
2018-07-03 11:00:00.000,2018,7,3,11,00000KT,10,09
2018-07-03 12:00:00.000,2018,7,3,12,05006KT,12,10
2018-07-03 13:00:00.000,2018,7,3,13,05006KT,13,10
2018-07-03 14:00:00.000,2018,7,3,14,05007KT,14,10
2018-07-03 15:00:00.000,2018,7,3,15,08005KT,15,08
2018-07-03 16:00:00.000,2018,7,3,16,17006KT,18,09
2018-07-03 17:00:00.000,2018,7,3,17,19006KT,17,08
2018-07-03 18:00:00.000,2018,7,3,18,20005KT,17,09
2018-07-03 19:00:00.000,2018,7,3,19,25012KT,14,11
2018-07-03 20:00:00.000,2018,7,3,20,26008KT,14,11
2018-07-03 23:00:00.000,2018,7,3,23,VRB02KT,14,10
2018-07-04 00:00:00.000,2018,7,4,0,VRB02KT,13,11
2018-07-04 01:00:00.000,2018,7,4,1,07006KT,13,10
2018-07-04 02:00:00.000,2018,7,4,2,06006KT,12,10
2018-07-04 03:00:00.000,2018,7,4,3,02006KT,12,09
2018-07-04 04:00:00.000,2018,7,4,4,07004KT,11,10
2018-07-04 05:00:00.000,2018,7,4,5,01005KT,11,09
2018-07-04 06:00:00.000,2018,7,4,6,05003KT,11,08
2018-07-04 07:00:00.000,2018,7,4,7,05005KT,10,09
2018-07-04 08:00:00.000,2018,7,4,8,VRB02KT,10,08
2018-07-04 09:00:00.000,2018,7,4,9,VRB02KT,09,08
2018-07-04 10:00:00.000,2018,7,4,10,VRB02KT,10,09
2018-07-04 11:00:00.000,2018,7,4,11,VRB02KT,09,08
2018-07-04 12:00:00.000,2018,7,4,12,06004KT,11,09
2018-07-04 13:00:00.000,2018,7,4,13,04003KT,13,09
2018-07-04 14:00:00.000,2018,7,4,14,VRB02KT,16,09
2018-07-04 15:00:00.000,2018,7,4,15,10010KT,18,09
2018-07-04 16:00:00.000,2018,7,4,16,13010KT,19,09
2018-07-04 17:00:00.000,2018,7,4,17,05010KT,16,10
2018-07-04 18:00:00.000,2018,7,4,18,16012KT,15,10
2018-07-04 19:00:00.000,2018,7,4,19,16010KT,19,09
2018-07-04 20:00:00.000,2018,7,4,20,05008KT,18,09
2018-07-04 21:00:00.000,2018,7,4,21,05006KT,19,08
2018-07-04 22:00:00.000,2018,7,4,22,11009KT,18,08
2018-07-04 23:00:00.000,2018,7,4,23,13008KT,18,07
2018-07-05 00:00:00.000,2018,7,5,0,13012KT,15,08
2018-07-05 01:00:00.000,2018,7,5,1,10007KT,13,10
2018-07-05 02:00:00.000,2018,7,5,2,16013KT,12,09
2018-07-05 03:00:00.000,2018,7,5,3,05006KT,12,09
2018-07-05 04:00:00.000,2018,7,5,4,35005KT,11,09
2018-07-05 05:00:00.000,2018,7,5,5,02004KT,11,09
2018-07-05 06:00:00.000,2018,7,5,6,05008KT,11,09
2018-07-05 07:00:00.000,2018,7,5,7,03004KT,11,09
2018-07-05 08:00:00.000,2018,7,5,8,04005KT,11,09
2018-07-05 09:00:00.000,2018,7,5,9,35003KT,11,09
2018-07-05 10:00:00.000,2018,7,5,10,07004KT,11,09
2018-07-05 11:00:00.000,2018,7,5,11,08005KT,11,09
2018-07-05 12:00:00.000,2018,7,5,12,09006KT,12,09
2018-07-05 13:00:00.000,2018,7,5,13,09006KT,15,09
2018-07-05 14:00:00.000,2018,7,5,14,10006KT,16,09
2018-07-05 15:00:00.000,2018,7,5,15,09008KT,16,09
2018-07-05 16:00:00.000,2018,7,5,16,15008KT,17,08
2018-07-05 17:00:00.000,2018,7,5,17,15014KT,16,09
2018-07-05 18:00:00.000,2018,7,5,18,15011KT,17,08
2018-07-05 19:00:00.000,2018,7,5,19,15010KT,19,08
2018-07-05 20:00:00.000,2018,7,5,20,15010KT,19,08
2018-07-05 21:00:00.000,2018,7,5,21,13010KT,18,07
2018-07-05 22:00:00.000,2018,7,5,22,15014KT,17,08
2018-07-05 23:00:00.000,2018,7,5,23,15012KT,15,08
2018-07-06 00:00:00.000,2018,7,6,0,13008KT,13,08
2018-07-06 01:00:00.000,2018,7,6,1,13005KT,13,07
2018-07-06 02:00:00.000,2018,7,6,2,14005KT,12,07
2018-07-06 03:00:00.000,2018,7,6,3,13005KT,13,08
2018-07-06 04:00:00.000,2018,7,6,4,10003KT,12,09
2018-07-06 05:00:00.000,2018,7,6,5,13004KT,13,08
2018-07-06 06:00:00.000,2018,7,6,6,17004KT,12,08
2018-07-06 07:00:00.000,2018,7,6,7,VRB02KT,10,09
2018-07-06 08:00:00.000,2018,7,6,8,VRB02KT,10,09
2018-07-06 09:00:00.000,2018,7,6,9,VRB02KT,09,07
2018-07-06 10:00:00.000,2018,7,6,10,VRB02KT,10,09
2018-07-06 11:00:00.000,2018,7,6,11,VRB02KT,09,08
2018-07-06 12:00:00.000,2018,7,6,12,02005KT,12,10
2018-07-06 13:00:00.000,2018,7,6,13,04006KT,13,11
2018-07-06 14:00:00.000,2018,7,6,14,04006KT,15,10
2018-07-06 15:00:00.000,2018,7,6,15,22005KT,15,10
2018-07-06 16:00:00.000,2018,7,6,16,30003KT,16,09
2018-07-06 17:00:00.000,2018,7,6,17,17008KT,18,10
2018-07-06 18:00:00.000,2018,7,6,18,16010KT,18,09
2018-07-06 19:00:00.000,2018,7,6,19,16008KT,18,10
2018-07-06 20:00:00.000,2018,7,6,20,23003KT,18,09
2018-07-06 21:00:00.000,2018,7,6,21,27008KT,16,11
2018-07-06 22:00:00.000,2018,7,6,22,28007KT,16,11
2018-07-06 23:00:00.000,2018,7,6,23,32004KT,14,11
2018-07-07 00:00:00.000,2018,7,7,0,34004KT,12,11
2018-07-07 01:00:00.000,2018,7,7,1,28004KT,12,10
2018-07-07 02:00:00.000,2018,7,7,2,33003KT,12,10
2018-07-07 03:00:00.000,2018,7,7,3,32005KT,11,10
2018-07-07 04:00:00.000,2018,7,7,4,33003KT,11,10
2018-07-07 05:00:00.000,2018,7,7,5,VRB02KT,11,10
2018-07-07 06:00:00.000,2018,7,7,6,VRB02KT,12,10
2018-07-07 07:00:00.000,2018,7,7,7,VRB02KT,12,10
2018-07-07 08:00:00.000,2018,7,7,8,VRB02KT,11,10
2018-07-07 09:00:00.000,2018,7,7,9,VRB02KT,11,10
2018-07-07 10:00:00.000,2018,7,7,10,VRB02KT,11,10
2018-07-07 11:00:00.000,2018,7,7,11,VRB02KT,11,10
2018-07-07 12:00:00.000,2018,7,7,12,02003KT,11,10
2018-07-07 15:00:00.000,2018,7,7,15,20007KT,15,11
2018-07-07 18:00:00.000,2018,7,7,18,14008KT,18,08
2018-07-07 19:00:00.000,2018,7,7,19,VRB04KT,17,08
2018-07-07 20:00:00.000,2018,7,7,20,17008KT,17,09
2018-07-07 21:00:00.000,2018,7,7,21,07009KT,16,10
2018-07-07 22:00:00.000,2018,7,7,22,06006KT,16,09
2018-07-07 23:00:00.000,2018,7,7,23,13006KT,15,08
2018-07-08 00:00:00.000,2018,7,8,0,08007KT,14,08
2018-07-08 01:00:00.000,2018,7,8,1,VRB02KT,12,08
2018-07-08 02:00:00.000,2018,7,8,2,04005KT,11,09
2018-07-08 03:00:00.000,2018,7,8,3,04005KT,12,08
2018-07-08 04:00:00.000,2018,7,8,4,03007KT,12,09
2018-07-08 05:00:00.000,2018,7,8,5,04006KT,12,09
2018-07-08 06:00:00.000,2018,7,8,6,06006KT,11,09
2018-07-08 07:00:00.000,2018,7,8,7,06007KT,12,08
2018-07-08 08:00:00.000,2018,7,8,8,05007KT,11,08
2018-07-08 09:00:00.000,2018,7,8,9,05008KT,10,08
2018-07-08 10:00:00.000,2018,7,8,10,VRB02KT,10,07
2018-07-08 11:00:00.000,2018,7,8,11,VRB02KT,09,07
2018-07-08 12:00:00.000,2018,7,8,12,06006KT,12,08
2018-07-08 13:00:00.000,2018,7,8,13,08007KT,15,08
2018-07-08 14:00:00.000,2018,7,8,14,10005KT,17,08
2018-07-08 15:00:00.000,2018,7,8,15,14010KT,18,08
2018-07-08 16:00:00.000,2018,7,8,16,11009KT,18,08
2018-07-08 17:00:00.000,2018,7,8,17,15011KT,17,09
2018-07-08 18:00:00.000,2018,7,8,18,16007KT,18,08
2018-07-08 19:00:00.000,2018,7,8,19,16008KT,18,09
2018-07-08 20:00:00.000,2018,7,8,20,05006KT,18,08
2018-07-08 21:00:00.000,2018,7,8,21,11006KT,19,07
2018-07-08 22:00:00.000,2018,7,8,22,10005KT,19,07
2018-07-08 23:00:00.000,2018,7,8,23,12006KT,18,08
2018-07-09 00:00:00.000,2018,7,9,0,07004KT,16,08
2018-07-09 01:00:00.000,2018,7,9,1,VRB02KT,15,09
2018-07-09 02:00:00.000,2018,7,9,2,12003KT,16,09
2018-07-09 03:00:00.000,2018,7,9,3,10005KT,14,11
2018-07-09 04:00:00.000,2018,7,9,4,VRB02KT,13,11
2018-07-09 05:00:00.000,2018,7,9,5,06005KT,12,10
2018-07-09 06:00:00.000,2018,7,9,6,VRB02KT,12,00
2018-07-09 07:00:00.000,2018,7,9,7,02003KT,11,10
2018-07-09 08:00:00.000,2018,7,9,8,02004KT,11,10
2018-07-09 09:00:00.000,2018,7,9,9,04007KT,11,09
2018-07-09 10:00:00.000,2018,7,9,10,05008KT,11,09
2018-07-09 11:00:00.000,2018,7,9,11,04007KT,11,09
2018-07-09 12:00:00.000,2018,7,9,12,05004KT,13,10
2018-07-09 13:00:00.000,2018,7,9,13,10006KT,16,10
2018-07-09 14:00:00.000,2018,7,9,14,13011KT,17,09
2018-07-09 15:00:00.000,2018,7,9,15,15015KT,16,08
2018-07-09 16:00:00.000,2018,7,9,16,14011KT,16,09
2018-07-09 17:00:00.000,2018,7,9,17,16013KT,17,08
2018-07-09 18:00:00.000,2018,7,9,18,13005KT,17,09
2018-07-09 19:00:00.000,2018,7,9,19,10006KT,17,09
2018-07-09 20:00:00.000,2018,7,9,20,12007KT,12,09
2018-07-09 21:00:00.000,2018,7,9,21,12009KT,18,10
2018-07-09 22:00:00.000,2018,7,9,22,14010KT,18,08
2018-07-09 23:00:00.000,2018,7,9,23,14014KT,16,07
2018-07-10 00:00:00.000,2018,7,10,0,16008KT,14,08
2018-07-10 01:00:00.000,2018,7,10,1,14006KT,13,08
2018-07-10 02:00:00.000,2018,7,10,2,13008KT,14,08
2018-07-10 03:00:00.000,2018,7,10,3,15003KT,13,08
2018-07-10 04:00:00.000,2018,7,10,4,13006KT,13,08
2018-07-10 05:00:00.000,2018,7,10,5,04004KT,13,10
2018-07-10 06:00:00.000,2018,7,10,6,VRB02KT,12,09
2018-07-10 07:00:00.000,2018,7,10,7,04003KT,11,09
2018-07-10 08:00:00.000,2018,7,10,8,01003KT,11,10
2018-07-10 09:00:00.000,2018,7,10,9,03005KT,12,09
2018-07-10 10:00:00.000,2018,7,10,10,05006KT,12,09
2018-07-10 11:00:00.000,2018,7,10,11,07005KT,12,09
2018-07-10 12:00:00.000,2018,7,10,12,04006KT,12,10
2018-07-10 13:00:00.000,2018,7,10,13,01005KT,12,10
2018-07-10 14:00:00.000,2018,7,10,14,04006KT,13,11
2018-07-10 15:00:00.000,2018,7,10,15,09005KT,15,10
2018-07-10 16:00:00.000,2018,7,10,16,14014KT,18,09
2018-07-10 17:00:00.000,2018,7,10,17,14012KT,18,09
2018-07-10 18:00:00.000,2018,7,10,18,15016KT,17,08
2018-07-10 19:00:00.000,2018,7,10,19,16014KT,15,10
2018-07-10 20:00:00.000,2018,7,10,20,12008KT,16,08
2018-07-10 21:00:00.000,2018,7,10,21,14010KT,16,08
2018-07-10 22:00:00.000,2018,7,10,22,10008KT,16,08
2018-07-10 23:00:00.000,2018,7,10,23,13009KT,15,08
2018-07-11 00:00:00.000,2018,7,11,0,09005KT,14,07
2018-07-11 01:00:00.000,2018,7,11,1,12006KT,14,08
2018-07-11 02:00:00.000,2018,7,11,2,13005KT,13,08
2018-07-11 03:00:00.000,2018,7,11,3,11005KT,13,08
2018-07-11 04:00:00.000,2018,7,11,4,09004KT,13,08
2018-07-11 05:00:00.000,2018,7,11,5,10006KT,13,08
2018-07-11 06:00:00.000,2018,7,11,6,34006KT,12,08
2018-07-11 07:00:00.000,2018,7,11,7,05005KT,11,09
2018-07-11 08:00:00.000,2018,7,11,8,35003KT,11,09
2018-07-11 09:00:00.000,2018,7,11,9,VRB02KT,10,08
2018-07-11 10:00:00.000,2018,7,11,10,05003KT,11,09
2018-07-11 11:00:00.000,2018,7,11,11,04003KT,11,09
2018-07-11 12:00:00.000,2018,7,11,12,VRB02KT,12,09
2018-07-11 13:00:00.000,2018,7,11,13,VRB02KT,13,09
2018-07-11 14:00:00.000,2018,7,11,14,11004KT,13,09
2018-07-11 15:00:00.000,2018,7,11,15,13005KT,16,09
2018-07-11 16:00:00.000,2018,7,11,16,10010KT,17,09
2018-07-11 17:00:00.000,2018,7,11,17,16006KT,18,09
2018-07-11 18:00:00.000,2018,7,11,18,17009KT,19,08
2018-07-11 19:00:00.000,2018,7,11,19,18012KT,19,08
2018-07-11 20:00:00.000,2018,7,11,20,14006KT,18,07
2018-07-11 21:00:00.000,2018,7,11,21,14003KT,18,07
2018-07-11 22:00:00.000,2018,7,11,22,24008KT,16,10
2018-07-11 23:00:00.000,2018,7,11,23,17009KT,16,10
2018-07-12 00:00:00.000,2018,7,12,0,35005KT,15,11
2018-07-12 01:00:00.000,2018,7,12,1,13005KT,13,10
2018-07-12 02:00:00.000,2018,7,12,2,09004KT,13,10
2018-07-12 03:00:00.000,2018,7,12,3,VRB02KT,12,10
2018-07-12 04:00:00.000,2018,7,12,4,06004KT,13,09
2018-07-12 05:00:00.000,2018,7,12,5,VRB02KT,12,09
2018-07-12 06:00:00.000,2018,7,12,6,VRB02KT,13,09
2018-07-12 07:00:00.000,2018,7,12,7,VRB02KT,12,10
2018-07-12 08:00:00.000,2018,7,12,8,VRB02KT,12,10
2018-07-12 09:00:00.000,2018,7,12,9,03004KT,12,10
2018-07-12 10:00:00.000,2018,7,12,10,VRB02KT,11,09
2018-07-12 11:00:00.000,2018,7,12,11,04004KT,11,09
2018-07-12 12:00:00.000,2018,7,12,12,05006KT,12,10
2018-07-12 13:00:00.000,2018,7,12,13,05007KT,15,10
2018-07-12 14:00:00.000,2018,7,12,14,05011KT,15,10
2018-07-12 15:00:00.000,2018,7,12,15,12011KT,17,08
2018-07-12 16:00:00.000,2018,7,12,16,12009KT,19,09
2018-07-12 17:00:00.000,2018,7,12,17,11009KT,18,09
2018-07-12 18:00:00.000,2018,7,12,18,|10009KT,19,09
2018-07-12 19:00:00.000,2018,7,12,19,11010KT,19,08
2018-07-12 20:00:00.000,2018,7,12,20,12011KT,19,08
2018-07-12 21:00:00.000,2018,7,12,21,16012KT,20,07
2018-07-12 22:00:00.000,2018,7,12,22,14015KT,17,08
2018-07-12 23:00:00.000,2018,7,12,23,16011KT,16,08
2018-07-13 00:00:00.000,2018,7,13,0,16012KT,15,08
2018-07-13 01:00:00.000,2018,7,13,1,10004KT,14,10
2018-07-13 02:00:00.000,2018,7,13,2,05007KT,13,10
2018-07-13 03:00:00.000,2018,7,13,3,09006KT,13,09
2018-07-13 04:00:00.000,2018,7,13,4,07006KT,13,08
2018-07-13 05:00:00.000,2018,7,13,5,07004KT,13,08
2018-07-13 06:00:00.000,2018,7,13,6,08004KT,13,08
2018-07-13 07:00:00.000,2018,7,13,7,06006KT,13,08
2018-07-13 08:00:00.000,2018,7,13,8,07004KT,12,08
2018-07-13 09:00:00.000,2018,7,13,9,03004KT,12,09
2018-07-13 10:00:00.000,2018,7,13,10,06007KT,11,09
2018-07-13 11:00:00.000,2018,7,13,11,VRB02KT,10,09
2018-07-13 12:00:00.000,2018,7,13,12,VRB02KT,13,10
2018-07-13 13:00:00.000,2018,7,13,13,15005KT,14,08
2018-07-13 14:00:00.000,2018,7,13,14,14012KT,15,08
2018-07-13 15:00:00.000,2018,7,13,15,13012KT,16,09
2018-07-13 16:00:00.000,2018,7,13,16,15012KT,17,09
2018-07-13 17:00:00.000,2018,7,13,17,14010KT,17,10
2018-07-13 18:00:00.000,2018,7,13,18,10009KT,18,08
2018-07-13 19:00:00.000,2018,7,13,19,16012KT,18,08
2018-07-13 20:00:00.000,2018,7,13,20,15009KT,17,08
2018-07-13 21:00:00.000,2018,7,13,21,15009KT,17,09
2018-07-13 22:00:00.000,2018,7,13,22,16011KT,16,09
2018-07-14 00:00:00.000,2018,7,14,0,10006KT,14,09
2018-07-14 01:00:00.000,2018,7,14,1,11004KT,13,08
2018-07-14 02:00:00.000,2018,7,14,2,06007KT,13,08
2018-07-14 03:00:00.000,2018,7,14,3,05006KT,12,08
2018-07-14 04:00:00.000,2018,7,14,4,07005KT,13,08
2018-07-14 05:00:00.000,2018,7,14,5,11003KT,13,08
2018-07-14 06:00:00.000,2018,7,14,6,VRB02KT,11,08
2018-07-14 07:00:00.000,2018,7,14,7,35003KT,11,08
2018-07-14 08:00:00.000,2018,7,14,8,04006KT,11,09
2018-07-14 09:00:00.000,2018,7,14,9,08004KT,11,09
2018-07-14 10:00:00.000,2018,7,14,10,10003KT,11,09
2018-07-14 11:00:00.000,2018,7,14,11,13005KT,11,08
2018-07-14 12:00:00.000,2018,7,14,12,14008KT,13,08
2018-07-14 13:00:00.000,2018,7,14,13,07006KT,14,08
2018-07-14 14:00:00.000,2018,7,14,14,11009KT,16,08
2018-07-14 15:00:00.000,2018,7,14,15,16011KT,15,08
2018-07-14 16:00:00.000,2018,7,14,16,14012KT,17,07
2018-07-14 17:00:00.000,2018,7,14,17,14011KT,19,08
2018-07-14 18:00:00.000,2018,7,14,18,11010KT,19,09
2018-07-14 19:00:00.000,2018,7,14,19,14010KT,19,08
2018-07-14 20:00:00.000,2018,7,14,20,11006KT,18,08
2018-07-14 21:00:00.000,2018,7,14,21,16010KT,18,08
2018-07-14 22:00:00.000,2018,7,14,22,15008KT,18,07
2018-07-14 23:00:00.000,2018,7,14,23,14012KT,16,08
2018-07-15 00:00:00.000,2018,7,15,0,13012KT,15,08
2018-07-15 01:00:00.000,2018,7,15,1,11005KT,15,06
2018-07-15 02:00:00.000,2018,7,15,2,13007KT,14,08
2018-07-15 03:00:00.000,2018,7,15,3,07004KT,14,09
2018-07-15 04:00:00.000,2018,7,15,4,03006KT,12,09
2018-07-15 05:00:00.000,2018,7,15,5,05006KT,12,10
2018-07-15 06:00:00.000,2018,7,15,6,05008KT,12,09
2018-07-15 07:00:00.000,2018,7,15,7,05006KT,12,10
2018-07-15 08:00:00.000,2018,7,15,8,07003KT,11,09
2018-07-15 09:00:00.000,2018,7,15,9,11004KT,11,09
2018-07-15 10:00:00.000,2018,7,15,10,10006KT,12,08
2018-07-15 11:00:00.000,2018,7,15,11,05005KT,11,09
2018-07-15 12:00:00.000,2018,7,15,12,04003KT,12,09
2018-07-15 13:00:00.000,2018,7,15,13,08005KT,14,09
2018-07-15 14:00:00.000,2018,7,15,14,10007KT,17,09
2018-07-15 15:00:00.000,2018,7,15,15,16011KT,16,08
2018-07-15 16:00:00.000,2018,7,15,16,16012KT,18,09
2018-07-15 17:00:00.000,2018,7,15,17,15011KT,18,09
2018-07-15 18:00:00.000,2018,7,15,18,14010G21KT,17,09
2018-07-15 19:00:00.000,2018,7,15,19,15010KT,17,08
2018-07-15 20:00:00.000,2018,7,15,20,13010KT,18,07
2018-07-15 21:00:00.000,2018,7,15,21,08010KT,17,10
2018-07-15 22:00:00.000,2018,7,15,22,09005KT,17,07
2018-07-15 23:00:00.000,2018,7,15,23,10005KT,16,08
2018-07-16 00:00:00.000,2018,7,16,0,15005KT,15,08
2018-07-16 01:00:00.000,2018,7,16,1,13004KT,14,08
2018-07-16 02:00:00.000,2018,7,16,2,05004KT,13,08
2018-07-16 03:00:00.000,2018,7,16,3,05006KT,11,08
2018-07-16 04:00:00.000,2018,7,16,4,06005KT,11,08
2018-07-16 05:00:00.000,2018,7,16,5,05003KT,10,07
2018-07-16 06:00:00.000,2018,7,16,6,02005KT,10,08
2018-07-16 07:00:00.000,2018,7,16,7,04006KT,11,09
2018-07-16 08:00:00.000,2018,7,16,8,05005KT,11,09
2018-07-16 09:00:00.000,2018,7,16,9,05004KT,10,08
2018-07-16 10:00:00.000,2018,7,16,10,04005KT,11,09
2018-07-16 11:00:00.000,2018,7,16,11,03005KT,11,09
2018-07-16 12:00:00.000,2018,7,16,12,06004KT,11,10
2018-07-16 13:00:00.000,2018,7,16,13,06005KT,12,10
2018-07-16 14:00:00.000,2018,7,16,14,04003KT,13,11
2018-07-16 15:00:00.000,2018,7,16,15,03006KT,13,11
2018-07-16 16:00:00.000,2018,7,16,16,12009KT,17,10
2018-07-16 17:00:00.000,2018,7,16,17,15010KT,18,07
2018-07-16 18:00:00.000,2018,7,16,18,10012KT,17,08
2018-07-16 19:00:00.000,2018,7,16,19,13014KT,17,09
2018-07-16 20:00:00.000,2018,7,16,20,13012KT,18,07
2018-07-16 21:00:00.000,2018,7,16,21,11006KT,17,06
2018-07-16 22:00:00.000,2018,7,16,22,12004KT,17,07
2018-07-16 23:00:00.000,2018,7,16,23,13012KT,15,08
2018-07-17 00:00:00.000,2018,7,17,0,16010KT,14,09
2018-07-17 01:00:00.000,2018,7,17,1,19005KT,13,10
2018-07-17 02:00:00.000,2018,7,17,2,03004KT,12,10
2018-07-17 03:00:00.000,2018,7,17,3,02003KT,12,10
2018-07-17 04:00:00.000,2018,7,17,4,04006KT,12,10
2018-07-17 05:00:00.000,2018,7,17,5,03005KT,12,10
2018-07-17 06:00:00.000,2018,7,17,6,VRB02KT,11,10
2018-07-17 07:00:00.000,2018,7,17,7,04004KT,11,10
2018-07-17 08:00:00.000,2018,7,17,8,05005KT,11,10
2018-07-17 09:00:00.000,2018,7,17,9,04008KT,11,09
2018-07-17 10:00:00.000,2018,7,17,10,05006KT,11,09
2018-07-17 11:00:00.000,2018,7,17,11,06006KT,11,09
2018-07-17 12:00:00.000,2018,7,17,12,34003KT,13,10
2018-07-17 13:00:00.000,2018,7,17,13,36006KT,13,09
2018-07-17 14:00:00.000,2018,7,17,14,15007KT,15,09
2018-07-17 15:00:00.000,2018,7,17,15,10006KT,16,09
2018-07-17 16:00:00.000,2018,7,17,16,06010KT,16,09
2018-07-17 17:00:00.000,2018,7,17,17,03010KT,16,10
2018-07-17 18:00:00.000,2018,7,17,18,03006KT,14,11
2018-07-17 19:00:00.000,2018,7,17,19,27008KT,16,14
2018-07-17 20:00:00.000,2018,7,17,20,23006KT,15,12
2018-07-17 21:00:00.000,2018,7,17,21,13012KT,17,08
2018-07-17 22:00:00.000,2018,7,17,22,13012KT,17,08
2018-07-17 23:00:00.000,2018,7,17,23,12008KT,15,07
2018-07-18 00:00:00.000,2018,7,18,0,12006KT,15,07
2018-07-18 01:00:00.000,2018,7,18,1,09005KT,14,07
2018-07-18 02:00:00.000,2018,7,18,2,06008KT,13,07
2018-07-18 03:00:00.000,2018,7,18,3,06005KT,13,07
2018-07-18 04:00:00.000,2018,7,18,4,03006KT,12,08
2018-07-18 05:00:00.000,2018,7,18,5,05006KT,12,08
2018-07-18 06:00:00.000,2018,7,18,6,10003KT,13,07
2018-07-18 07:00:00.000,2018,7,18,7,05007KT,12,07
2018-07-18 08:00:00.000,2018,7,18,8,06004KT,11,07
2018-07-18 09:00:00.000,2018,7,18,9,07007KT,12,07
2018-07-18 10:00:00.000,2018,7,18,10,06007KT,12,08
2018-07-18 11:00:00.000,2018,7,18,11,VRB02KT,12,08
2018-07-18 12:00:00.000,2018,7,18,12,05007KT,12,08
2018-07-18 13:00:00.000,2018,7,18,13,07006KT,13,09
2018-07-18 14:00:00.000,2018,7,18,14,05010KT,14,09
2018-07-18 15:00:00.000,2018,7,18,15,07009KT,15,09
2018-07-18 16:00:00.000,2018,7,18,16,14012KT,17,09
2018-07-18 17:00:00.000,2018,7,18,17,11007KT,17,08
2018-07-18 18:00:00.000,2018,7,18,18,04010KT,15,10
2018-07-18 19:00:00.000,2018,7,18,19,04012KT,18,10
2018-07-18 20:00:00.000,2018,7,18,20,05010KT,16,09
2018-07-18 21:00:00.000,2018,7,18,21,10010KT,16,10
2018-07-18 22:00:00.000,2018,7,18,22,08008KT,16,07
2018-07-18 23:00:00.000,2018,7,18,23,10007KT,16,06
2018-07-19 00:00:00.000,2018,7,19,0,08004KT,14,06
2018-07-19 04:00:00.000,2018,7,19,4,VRB02KT,13,08
2018-07-19 06:00:00.000,2018,7,19,6,VRB02KT,12,08
2018-07-19 07:00:00.000,2018,7,19,7,VRB02KT,,
2018-07-19 08:00:00.000,2018,7,19,8,07004KT,11,08
2018-07-19 09:00:00.000,2018,7,19,9,05004KT,11,08
2018-07-19 10:00:00.000,2018,7,19,10,03005KT,10,08
2018-07-19 11:00:00.000,2018,7,19,11,04004KT,11,08
2018-07-19 12:00:00.000,2018,7,19,12,03005KT,12,10
2018-07-19 13:00:00.000,2018,7,19,13,03005KT,14,10
2018-07-19 14:00:00.000,2018,7,19,14,06005KT,14,10
2018-07-19 15:00:00.000,2018,7,19,15,13003KT,15,09
2018-07-19 16:00:00.000,2018,7,19,16,14004KT,16,11
2018-07-19 17:00:00.000,2018,7,19,17,14010KT,16,09
2018-07-19 18:00:00.000,2018,7,19,18,11006KT,15,10
2018-07-19 19:00:00.000,2018,7,19,19,09006KT,17,10
2018-07-19 20:00:00.000,2018,7,19,20,14006KT,18,08
2018-07-19 21:00:00.000,2018,7,19,21,13007KT,17,08
2018-07-19 22:00:00.000,2018,7,19,22,12007KT,18,08
2018-07-19 23:00:00.000,2018,7,19,23,11007KT,16,08
2018-07-20 00:00:00.000,2018,7,20,0,06007KT,14,10
2018-07-20 01:00:00.000,2018,7,20,1,05006KT,13,11
2018-07-20 02:00:00.000,2018,7,20,2,03005KT,12,09
2018-07-20 03:00:00.000,2018,7,20,3,04006KT,13,09
2018-07-20 04:00:00.000,2018,7,20,4,03007KT,13,09
2018-07-20 05:00:00.000,2018,7,20,5,04007KT,12,09
2018-07-20 06:00:00.000,2018,7,20,6,05004KT,11,09
2018-07-20 07:00:00.000,2018,7,20,7,05006KT,11,08
2018-07-20 08:00:00.000,2018,7,20,8,04005KT,11,08
2018-07-20 09:00:00.000,2018,7,20,9,02004KT,11,08
2018-07-20 10:00:00.000,2018,7,20,10,05006KT,11,08
2018-07-20 11:00:00.000,2018,7,20,11,05006KT,11,09
2018-07-20 12:00:00.000,2018,7,20,12,07005KT,13,09
2018-07-20 13:00:00.000,2018,7,20,13,08005KT,14,09
2018-07-20 14:00:00.000,2018,7,20,14,06008KT,14,08
2018-07-20 15:00:00.000,2018,7,20,15,08008KT,15,09
2018-07-20 16:00:00.000,2018,7,20,16,06010KT,16,09
2018-07-20 17:00:00.000,2018,7,20,17,06009KT,16,09
2018-07-20 18:00:00.000,2018,7,20,18,07008KT,16,08
2018-07-20 19:00:00.000,2018,7,20,19,07007KT,16,09
2018-07-20 20:00:00.000,2018,7,20,20,09008KT,17,07
2018-07-20 21:00:00.000,2018,7,20,21,11006KT,18,08
2018-07-20 22:00:00.000,2018,7,20,22,10006KT,17,07
2018-07-20 23:00:00.000,2018,7,20,23,08012KT,15,09
2018-07-21 00:00:00.000,2018,7,21,0,VRB04KT,14,09
2018-07-21 01:00:00.000,2018,7,21,1,09006KT,15,09
2018-07-21 02:00:00.000,2018,7,21,2,10008KT,14,09
2018-07-21 03:00:00.000,2018,7,21,3,10006KT,14,09
2018-07-21 04:00:00.000,2018,7,21,4,07007KT,13,09
2018-07-21 05:00:00.000,2018,7,21,5,03003KT,13,10
2018-07-21 06:00:00.000,2018,7,21,6,03005KT,11,10
2018-07-21 07:00:00.000,2018,7,21,7,07004KT,12,10
2018-07-21 08:00:00.000,2018,7,21,8,VRB02KT,12,10
2018-07-21 09:00:00.000,2018,7,21,9,02003KT,12,10
2018-07-21 10:00:00.000,2018,7,21,10,06003KT,12,10
2018-07-21 11:00:00.000,2018,7,21,11,02003KT,12,10
2018-07-21 12:00:00.000,2018,7,21,12,04006KT,13,11
2018-07-21 13:00:00.000,2018,7,21,13,05007KT,14,10
2018-07-21 14:00:00.000,2018,7,21,14,05007KT,15,10
2018-07-21 15:00:00.000,2018,7,21,15,12006KT,16,10
2018-07-21 16:00:00.000,2018,7,21,16,12010KT,17,11
2018-07-21 17:00:00.000,2018,7,21,17,11010KT,18,08
2018-07-21 18:00:00.000,2018,7,21,18,13008KT,18,07
2018-07-21 19:00:00.000,2018,7,21,19,10010KT,18,07
2018-07-21 20:00:00.000,2018,7,21,20,13014KT,17,07
2018-07-21 21:00:00.000,2018,7,21,21,12016KT,16,07
2018-07-21 22:00:00.000,2018,7,21,22,13012KT,16,06
2018-07-21 23:00:00.000,2018,7,21,23,10006KT,16,07
2018-07-22 00:00:00.000,2018,7,22,0,10007KT,15,08
2018-07-22 01:00:00.000,2018,7,22,1,11004KT,14,09
2018-07-22 02:00:00.000,2018,7,22,2,13008KT,14,07
2018-07-22 03:00:00.000,2018,7,22,3,12008KT,13,04
2018-07-22 04:00:00.000,2018,7,22,4,12006KT,12,05
2018-07-22 05:00:00.000,2018,7,22,5,12004KT,12,05
2018-07-22 06:00:00.000,2018,7,22,6,13007KT,13,06
2018-07-22 07:00:00.000,2018,7,22,7,12003KT,11,06
2018-07-22 08:00:00.000,2018,7,22,8,11004KT,12,06
2018-07-22 09:00:00.000,2018,7,22,9,07004KT,11,05
2018-07-22 10:00:00.000,2018,7,22,10,10004KT,11,05
2018-07-22 11:00:00.000,2018,7,22,11,10004KT,11,05
2018-07-22 12:00:00.000,2018,7,22,12,05006KT,11,07
2018-07-22 13:00:00.000,2018,7,22,13,07008KT,14,07
2018-07-22 14:00:00.000,2018,7,22,14,13014KT,16,06
2018-07-22 15:00:00.000,2018,7,22,15,11015KT,16,06
2018-07-22 17:00:00.000,2018,7,22,17,12014KT,17,07
2018-07-22 18:00:00.000,2018,7,22,18,13010KT,18,08
2018-07-22 19:00:00.000,2018,7,22,19,13010KT,18,07
2018-07-22 20:00:00.000,2018,7,22,20,18010KT,18,08
2018-07-22 21:00:00.000,2018,7,22,21,12005KT,17,08
2018-07-22 22:00:00.000,2018,7,22,22,13010KT,17,06
2018-07-22 23:00:00.000,2018,7,22,23,12009KT,16,05
2018-07-23 00:00:00.000,2018,7,23,0,12004KT,15,05
2018-07-23 01:00:00.000,2018,7,23,1,11003KT,14,06
2018-07-23 02:00:00.000,2018,7,23,2,35003KT,10,08
2018-07-23 03:00:00.000,2018,7,23,3,34003KT,10,08
2018-07-23 04:00:00.000,2018,7,23,4,01004KT,10,08
2018-07-23 05:00:00.000,2018,7,23,5,03005KT,10,08
2018-07-23 06:00:00.000,2018,7,23,6,VRB02KT,11,08
2018-07-23 07:00:00.000,2018,7,23,7,05004KT,11,08
2018-07-23 08:00:00.000,2018,7,23,8,04003KT,11,08
2018-07-23 09:00:00.000,2018,7,23,9,VRB02KT,11,09
2018-07-23 10:00:00.000,2018,7,23,10,VRB02KT,11,08
2018-07-23 11:00:00.000,2018,7,23,11,VRB02KT,10,08
2018-07-23 12:00:00.000,2018,7,23,12,03003KT,13,09
2018-07-23 13:00:00.000,2018,7,23,13,VRB02KT,14,10
2018-07-23 14:00:00.000,2018,7,23,14,05005KT,16,09
2018-07-23 15:00:00.000,2018,7,23,15,04008KT,15,09
2018-07-23 16:00:00.000,2018,7,23,16,35005KT,15,11
2018-07-23 17:00:00.000,2018,7,23,17,04008KT,16,11
2018-07-23 18:00:00.000,2018,7,23,18,01003KT,17,10
2018-07-23 19:00:00.000,2018,7,23,19,19010KT,19,07
2018-07-23 20:00:00.000,2018,7,23,20,17012KT,20,07
2018-07-23 21:00:00.000,2018,7,23,21,14009KT,19,07
2018-07-23 22:00:00.000,2018,7,23,22,16012KT,18,07
2018-07-23 23:00:00.000,2018,7,23,23,17012KT,17,07
2018-07-24 00:00:00.000,2018,7,24,0,16012KT,16,07
2018-07-24 01:00:00.000,2018,7,24,1,15006KT,14,07
2018-07-24 02:00:00.000,2018,7,24,2,VRB02KT,13,08
2018-07-24 03:00:00.000,2018,7,24,3,VRB02KT,12,09
2018-07-24 04:00:00.000,2018,7,24,4,VRB02KT,12,09
2018-07-24 05:00:00.000,2018,7,24,5,VRB02KT,12,09
2018-07-24 06:00:00.000,2018,7,24,6,VRB02KT,11,08
2018-07-24 07:00:00.000,2018,7,24,7,VRB02KT,12,10
2018-07-24 08:00:00.000,2018,7,24,8,VRB02KT,12,10
2018-07-24 09:00:00.000,2018,7,24,9,06005KT,11,10
2018-07-24 10:00:00.000,2018,7,24,10,03004KT,11,10
2018-07-24 11:00:00.000,2018,7,24,11,05005KT,10,09
2018-07-24 12:00:00.000,2018,7,24,12,05005KT,10,09
2018-07-24 13:00:00.000,2018,7,24,13,04007KT,11,10
2018-07-24 14:00:00.000,2018,7,24,14,07004KT,12,10
2018-07-24 15:00:00.000,2018,7,24,15,04004KT,14,11
2018-07-24 16:00:00.000,2018,7,24,16,VRB02KT,15,10
2018-07-24 17:00:00.000,2018,7,24,17,19010KT,15,09
2018-07-24 18:00:00.000,2018,7,24,18,18010KT,14,09
2018-07-24 19:00:00.000,2018,7,24,19,22004KT,15,10
2018-07-24 20:00:00.000,2018,7,24,20,09003KT,15,10
2018-07-24 21:00:00.000,2018,7,24,21,18005KT,17,10
2018-07-24 22:00:00.000,2018,7,24,22,25005KT,16,10
2018-07-24 23:00:00.000,2018,7,24,23,23004KT,16,10
2018-07-25 00:00:00.000,2018,7,25,0,16007KT,14,08
2018-07-25 01:00:00.000,2018,7,25,1,06004KT,13,08
2018-07-25 02:00:00.000,2018,7,25,2,02003KT,12,08
2018-07-25 03:00:00.000,2018,7,25,3,10004KT,13,08
2018-07-25 04:00:00.000,2018,7,25,4,05005KT,11,08
2018-07-25 05:00:00.000,2018,7,25,5,06004KT,11,08
2018-07-25 06:00:00.000,2018,7,25,6,00000KT,11,08
2018-07-25 07:00:00.000,2018,7,25,7,07004KT,10,08
2018-07-25 08:00:00.000,2018,7,25,8,32003KT,10,07
2018-07-25 09:00:00.000,2018,7,25,9,32003KT,10,08
2018-07-25 10:00:00.000,2018,7,25,10,VRB02KT,09,08
2018-07-25 11:00:00.000,2018,7,25,11,06003KT,08,07
2018-07-25 12:00:00.000,2018,7,25,12,04004KT,11,09
2018-07-25 13:00:00.000,2018,7,25,13,04004KT,13,09
2018-07-25 14:00:00.000,2018,7,25,14,20003KT,16,10
2018-07-25 15:00:00.000,2018,7,25,15,04006KT,17,10
2018-07-25 16:00:00.000,2018,7,25,16,04005KT,18,10
2018-07-25 17:00:00.000,2018,7,25,17,15006KT,19,08
2018-07-25 18:00:00.000,2018,7,25,18,14014KT,19,08
2018-07-25 19:00:00.000,2018,7,25,19,15010KT,19,08
2018-07-25 20:00:00.000,2018,7,25,20,15011KT,19,08
2018-07-25 21:00:00.000,2018,7,25,21,09005KT,19,08
2018-07-25 22:00:00.000,2018,7,25,22,VRB04KT,18,08
2018-07-25 23:00:00.000,2018,7,25,23,14009KT,17,08
2018-07-26 00:00:00.000,2018,7,26,0,14004KT,16,08
2018-07-26 01:00:00.000,2018,7,26,1,16010KT,16,08
2018-07-26 02:00:00.000,2018,7,26,2,09005KT,13,09
2018-07-26 03:00:00.000,2018,7,26,3,02003KT,12,10
2018-07-26 04:00:00.000,2018,7,26,4,01003KT,11,10
2018-07-26 05:00:00.000,2018,7,26,5,04004KT,11,10
2018-07-26 06:00:00.000,2018,7,26,6,VRB02KT,11,10
2018-07-26 07:00:00.000,2018,7,26,7,05004KT,11,10
2018-07-26 08:00:00.000,2018,7,26,8,03004KT,10,29
2018-07-26 09:00:00.000,2018,7,26,9,06003KT,11,10
2018-07-26 10:00:00.000,2018,7,26,10,05005KT,11,09
2018-07-26 11:00:00.000,2018,7,26,11,09005KT,12,09
2018-07-26 12:00:00.000,2018,7,26,12,03004KT,13,09
2018-07-26 13:00:00.000,2018,7,26,13,17005KT,15,09
2018-07-26 14:00:00.000,2018,7,26,14,17010KT,16,09
2018-07-26 15:00:00.000,2018,7,26,15,15010KT,17,09
2018-07-26 16:00:00.000,2018,7,26,16,15009KT,18,09
2018-07-26 17:00:00.000,2018,7,26,17,18011KT,18,09
2018-07-26 18:00:00.000,2018,7,26,18,18016KT,18,08
2018-07-26 19:00:00.000,2018,7,26,19,16014KT,18,08
2018-07-26 20:00:00.000,2018,7,26,20,17008KT,19,08
2018-07-26 21:00:00.000,2018,7,26,21,17018KT,18,08
2018-07-26 22:00:00.000,2018,7,26,22,18014KT,17,08
2018-07-26 23:00:00.000,2018,7,26,23,16012KT,16,08
2018-07-27 00:00:00.000,2018,7,27,0,19009KT,15,08
2018-07-27 01:00:00.000,2018,7,27,1,12006KT,15,08
2018-07-27 02:00:00.000,2018,7,27,2,15004KT,14,08
2018-07-27 03:00:00.000,2018,7,27,3,27003KT,12,09
2018-07-27 04:00:00.000,2018,7,27,4,33003KT,13,09
2018-07-27 05:00:00.000,2018,7,27,5,VRB02KT,12,10
2018-07-27 06:00:00.000,2018,7,27,6,00000KT,12,10
2018-07-27 07:00:00.000,2018,7,27,7,35003KT,12,10
2018-07-27 08:00:00.000,2018,7,27,8,03005KT,11,10
2018-07-27 09:00:00.000,2018,7,27,9,05004KT,11,10
2018-07-27 10:00:00.000,2018,7,27,10,04003KT,11,10
2018-07-27 11:00:00.000,2018,7,27,11,04005KT,11,09
2018-07-27 12:00:00.000,2018,7,27,12,03004KT,12,10
2018-07-27 13:00:00.000,2018,7,27,13,04003KT,13,10
2018-07-27 14:00:00.000,2018,7,27,14,13003KT,15,09
2018-07-27 15:00:00.000,2018,7,27,15,11005KT,15,10
2018-07-27 16:00:00.000,2018,7,27,16,15008KT,17,09
2018-07-27 17:00:00.000,2018,7,27,17,17014KT,18,09
2018-07-27 18:00:00.000,2018,7,27,18,15013KT,18,08
2018-07-27 19:00:00.000,2018,7,27,19,17014G25KT,19,08
2018-07-27 20:00:00.000,2018,7,27,20,17013KT,18,08
2018-07-27 21:00:00.000,2018,7,27,21,17013KT,18,07
2018-07-27 22:00:00.000,2018,7,27,22,15011KT,17,07
2018-07-27 23:00:00.000,2018,7,27,23,17010KT,16,07
2018-07-28 00:00:00.000,2018,7,28,0,17008KT,15,07
2018-07-28 01:00:00.000,2018,7,28,1,VRB02KT,14,08
2018-07-28 02:00:00.000,2018,7,28,2,36004KT,13,09
2018-07-28 03:00:00.000,2018,7,28,3,VRB02KT,13,10
2018-07-28 04:00:00.000,2018,7,28,4,03008KT,12,10
2018-07-28 05:00:00.000,2018,7,28,5,05007KT,11,10
2018-07-28 06:00:00.000,2018,7,28,6,06007KT,11,10
2018-07-28 07:00:00.000,2018,7,28,7,04006KT,11,09
2018-07-28 08:00:00.000,2018,7,28,8,05005KT,10,09
2018-07-28 09:00:00.000,2018,7,28,9,05003KT,10,08
2018-07-28 10:00:00.000,2018,7,28,10,34003KT,10,08
2018-07-28 11:00:00.000,2018,7,28,11,03004KT,10,08
2018-07-28 12:00:00.000,2018,7,28,12,06004KT,11,10
2018-07-28 13:00:00.000,2018,7,28,13,05006KT,14,10
2018-07-28 14:00:00.000,2018,7,28,14,03004KT,15,09
2018-07-28 15:00:00.000,2018,7,28,15,05006KT,16,09
2018-07-28 16:00:00.000,2018,7,28,16,05004KT,16,10
2018-07-28 17:00:00.000,2018,7,28,17,03006KT,15,12
2018-07-28 18:00:00.000,2018,7,28,18,VRB10KT,16,12
2018-07-28 19:00:00.000,2018,7,28,19,16010KT,17,09
2018-07-28 20:00:00.000,2018,7,28,20,16010KT,17,08
2018-07-28 21:00:00.000,2018,7,28,21,VRB06KT,17,09
2018-07-28 22:00:00.000,2018,7,28,22,03007KT,16,10
2018-07-28 23:00:00.000,2018,7,28,23,08005KT,16,09
2018-07-29 00:00:00.000,2018,7,29,0,10006KT,15,09
2018-07-29 01:00:00.000,2018,7,29,1,11005KT,15,09
2018-07-29 02:00:00.000,2018,7,29,2,16006KT,13,09
2018-07-29 03:00:00.000,2018,7,29,3,13003KT,13,09
2018-07-29 04:00:00.000,2018,7,29,4,05004KT,11,09
2018-07-29 05:00:00.000,2018,7,29,5,35004KT,11,09
2018-07-29 06:00:00.000,2018,7,29,6,02004KT,12,10
2018-07-29 07:00:00.000,2018,7,29,7,05003KT,12,10
2018-07-29 08:00:00.000,2018,7,29,8,07005KT,12,10
2018-07-29 09:00:00.000,2018,7,29,9,01003KT,11,09
2018-07-29 10:00:00.000,2018,7,29,10,04005KT,11,09
2018-07-29 11:00:00.000,2018,7,29,11,04005KT,11,09
2018-07-29 12:00:00.000,2018,7,29,12,05006KT,13,10
2018-07-29 13:00:00.000,2018,7,29,13,05005KT,15,11
2018-07-29 14:00:00.000,2018,7,29,14,08006KT,17,09
2018-07-29 15:00:00.000,2018,7,29,15,08010KT,17,08
2018-07-29 16:00:00.000,2018,7,29,16,10010KT,18,07
2018-07-29 17:00:00.000,2018,7,29,17,13010KT,19,06
2018-07-29 18:00:00.000,2018,7,29,18,14011G23KT,20,08
2018-07-29 19:00:00.000,2018,7,29,19,11010KT,20,05
2018-07-29 20:00:00.000,2018,7,29,20,15010KT,20,06
2018-07-29 21:00:00.000,2018,7,29,21,05012KT,17,08
2018-07-29 22:00:00.000,2018,7,29,22,12008KT,17,09
2018-07-29 23:00:00.000,2018,7,29,23,11006KT,16,09
2018-07-30 00:00:00.000,2018,7,30,0,35004KT,15,10
2018-07-30 01:00:00.000,2018,7,30,1,07010KT,13,09
2018-07-30 02:00:00.000,2018,7,30,2,06006KT,13,09
2018-07-30 03:00:00.000,2018,7,30,3,04005KT,12,09
2018-07-30 04:00:00.000,2018,7,30,4,05007KT,13,08
2018-07-30 05:00:00.000,2018,7,30,5,04008KT,13,09
2018-07-30 06:00:00.000,2018,7,30,6,05005KT,13,09
2018-07-30 07:00:00.000,2018,7,30,7,02006KT,12,09
2018-07-30 08:00:00.000,2018,7,30,8,06005KT,12,09
2018-07-30 09:00:00.000,2018,7,30,9,05005KT,12,09
2018-07-30 10:00:00.000,2018,7,30,10,07008KT,12,09
2018-07-30 11:00:00.000,2018,7,30,11,02005KT,11,09
2018-07-30 12:00:00.000,2018,7,30,12,04007KT,12,10
2018-07-30 13:00:00.000,2018,7,30,13,06007KT,14,10
2018-07-30 14:00:00.000,2018,7,30,14,02009KT,15,10
2018-07-30 15:00:00.000,2018,7,30,15,07005KT,16,09
2018-07-30 16:00:00.000,2018,7,30,16,08006KT,17,08
2018-07-30 17:00:00.000,2018,7,30,17,08006KT,18,09
2018-07-30 18:00:00.000,2018,7,30,18,13010KT,19,09
2018-07-30 19:00:00.000,2018,7,30,19,22010KT,18,10
2018-07-30 20:00:00.000,2018,7,30,20,28010KT,17,13
2018-07-30 21:00:00.000,2018,7,30,21,14003KT,14,13
2018-07-30 22:00:00.000,2018,7,30,22,22004KT,15,13
2018-07-30 23:00:00.000,2018,7,30,23,VRB02KT,15,13
2018-07-31 00:00:00.000,2018,7,31,0,12005KT,15,13
2018-07-31 01:00:00.000,2018,7,31,1,VRB02KT,13,08
2018-07-31 02:00:00.000,2018,7,31,2,10004KT,13,08
2018-07-31 03:00:00.000,2018,7,31,3,VRB02KT,13,09
2018-07-31 04:00:00.000,2018,7,31,4,05006KT,12,10
2018-07-31 05:00:00.000,2018,7,31,5,VRB02KT,11,10
2018-07-31 06:00:00.000,2018,7,31,6,VRB02KT,11,09
2018-07-31 07:00:00.000,2018,7,31,7,29003KT,12,10
2018-07-31 08:00:00.000,2018,7,31,8,33004KT,11,10
2018-07-31 09:00:00.000,2018,7,31,9,33004KT,11,10
2018-07-31 10:00:00.000,2018,7,31,10,VRB02KT,11,10
2018-07-31 11:00:00.000,2018,7,31,11,VRB02KT,10,09
2018-07-31 12:00:00.000,2018,7,31,12,10003KT,11,10
2018-07-31 13:00:00.000,2018,7,31,13,04003KT,13,11
2018-07-31 14:00:00.000,2018,7,31,14,05005KT,15,09
2018-07-31 15:00:00.000,2018,7,31,15,06007KT,16,08
2018-07-31 16:00:00.000,2018,7,31,16,01006KT,15,07
2018-07-31 17:00:00.000,2018,7,31,17,07007KT,14,09
2018-07-31 18:00:00.000,2018,7,31,18,08006KT,14,10
2018-07-31 19:00:00.000,2018,7,31,19,07005KT,15,10
2018-07-31 20:00:00.000,2018,7,31,20,05007KT,16,10
2018-07-31 21:00:00.000,2018,7,31,21,03009KT,16,10
2018-07-31 22:00:00.000,2018,7,31,22,03006KT,16,09
2018-07-31 23:00:00.000,2018,7,31,23,05010KT,15,08
2018-08-01 00:00:00.000,2018,8,1,0,03004KT,12,09
2018-08-01 01:00:00.000,2018,8,1,1,05005KT,12,09
2018-08-01 02:00:00.000,2018,8,1,2,04004KT,12,09
2018-08-01 03:00:00.000,2018,8,1,3,VBR03KT,11,08
2018-08-01 04:00:00.000,2018,8,1,4,05003KT,11,08
2018-08-01 05:00:00.000,2018,8,1,5,05005KT,10,08
2018-08-01 06:00:00.000,2018,8,1,6,05004KT,10,08
2018-08-01 07:00:00.000,2018,8,1,7,04004KT,10,08
2018-08-01 08:00:00.000,2018,8,1,8,06005KT,10,08
2018-08-01 09:00:00.000,2018,8,1,9,05006KT,10,08
2018-08-01 10:00:00.000,2018,8,1,10,VRB02KT,09,08
2018-08-01 11:00:00.000,2018,8,1,11,34003KT,09,08
2018-08-01 12:00:00.000,2018,8,1,12,03003KT,10,08
2018-08-01 13:00:00.000,2018,8,1,13,03004KT,14,10
2018-08-01 14:00:00.000,2018,8,1,14,13004KT,15,08
2018-08-01 15:00:00.000,2018,8,1,15,15004KT,16,08
2018-08-01 16:00:00.000,2018,8,1,16,14008KT,18,09
2018-08-01 17:00:00.000,2018,8,1,17,15007KT,17,08
2018-08-01 18:00:00.000,2018,8,1,18,15012KT,16,09
2018-08-01 19:00:00.000,2018,8,1,19,20011KT,17,08
2018-08-01 20:00:00.000,2018,8,1,20,14007KT,15,10
2018-08-01 21:00:00.000,2018,8,1,21,18012KT,17,09
2018-08-01 22:00:00.000,2018,8,1,22,18014KT,16,08
2018-08-01 23:00:00.000,2018,8,1,23,17012KT,15,07
2018-08-02 00:00:00.000,2018,8,2,0,06004KT,13,10
2018-08-02 01:00:00.000,2018,8,2,1,07006KT,12,10
2018-08-02 02:00:00.000,2018,8,2,2,07006KT,12,09
2018-08-02 03:00:00.000,2018,8,2,3,34003KT,12,09
2018-08-02 04:00:00.000,2018,8,2,4,36003KT,11,09
2018-08-02 05:00:00.000,2018,8,2,5,03003KT,11,09
2018-08-02 06:00:00.000,2018,8,2,6,VRB02KT,11,09
2018-08-02 07:00:00.000,2018,8,2,7,VRB02KT,11,09
2018-08-02 08:00:00.000,2018,8,2,8,02004KT,11,09
2018-08-02 09:00:00.000,2018,8,2,9,03003KT,11,09
2018-08-02 10:00:00.000,2018,8,2,10,06005KT,11,09
2018-08-02 11:00:00.000,2018,8,2,11,04004KT,11,09
2018-08-02 12:00:00.000,2018,8,2,12,04005KT,12,10
2018-08-02 13:00:00.000,2018,8,2,13,09005KT,13,09
2018-08-02 14:00:00.000,2018,8,2,14,10005KT,15,08
2018-08-02 15:00:00.000,2018,8,2,15,11004KT,15,10
2018-08-02 16:00:00.000,2018,8,2,16,10006KT,16,09
2018-08-02 17:00:00.000,2018,8,2,17,10007KT,17,10
2018-08-02 18:00:00.000,2018,8,2,18,13006KT,17,07
2018-08-02 19:00:00.000,2018,8,2,19,12010KT,17,07
2018-08-02 20:00:00.000,2018,8,2,20,15010KT,16,08
2018-08-02 21:00:00.000,2018,8,2,21,14008KT,18,07
2018-08-02 22:00:00.000,2018,8,2,22,11007KT,18,06
2018-08-02 23:00:00.000,2018,8,2,23,13005KT,17,07
2018-08-03 00:00:00.000,2018,8,3,0,13005KT,14,07
2018-08-03 01:00:00.000,2018,8,3,1,11003KT,13,08
2018-08-03 02:00:00.000,2018,8,3,2,02003KT,11,08
2018-08-03 03:00:00.000,2018,8,3,3,34003KT,11,08
2018-08-03 04:00:00.000,2018,8,3,4,VRB02KT,10,08
2018-08-03 05:00:00.000,2018,8,3,5,36004KT,09,07
2018-08-03 06:00:00.000,2018,8,3,6,03003KT,08,07
2018-08-03 07:00:00.000,2018,8,3,7,02003KT,08,07
2018-08-03 08:00:00.000,2018,8,3,8,34004KT,07,06
2018-08-03 09:00:00.000,2018,8,3,9,31006KT,07,06
2018-08-03 10:00:00.000,2018,8,3,10,08003KT,08,07
2018-08-03 11:00:00.000,2018,8,3,11,04004KT,09,08
2018-08-03 12:00:00.000,2018,8,3,12,32004KT,09,07
2018-08-03 13:00:00.000,2018,8,3,13,05006KT,14,10
2018-08-03 14:00:00.000,2018,8,3,14,02006KT,16,08
2018-08-03 15:00:00.000,2018,8,3,15,05011KT,17,08
2018-08-03 16:00:00.000,2018,8,3,16,06011KT,17,07
2018-08-03 17:00:00.000,2018,8,3,17,10007KT,19,07
2018-08-03 18:00:00.000,2018,8,3,18,08004KT,19,06
2018-08-03 19:00:00.000,2018,8,3,19,09008KT,19,07
2018-08-03 20:00:00.000,2018,8,3,20,14010KT,18,06
2018-08-03 21:00:00.000,2018,8,3,21,14012KT,18,07
2018-08-03 22:00:00.000,2018,8,3,22,11004KT,18,09
2018-08-03 23:00:00.000,2018,8,3,23,13007KT,17,08
2018-08-04 00:00:00.000,2018,8,4,0,11006KT,16,07
2018-08-04 01:00:00.000,2018,8,4,1,11006KT,15,07
2018-08-04 02:00:00.000,2018,8,4,2,11005KT,15,07
2018-08-04 03:00:00.000,2018,8,4,3,08005KT,14,08
2018-08-04 04:00:00.000,2018,8,4,4,05003KT,13,09
2018-08-04 05:00:00.000,2018,8,4,5,06004KT,13,08
2018-08-04 06:00:00.000,2018,8,4,6,VRB02KT,12,09
2018-08-04 07:00:00.000,2018,8,4,7,VRB02KT,12,08
2018-08-04 08:00:00.000,2018,8,4,8,33003KT,11,09
2018-08-04 09:00:00.000,2018,8,4,9,05004KT,12,09
2018-08-04 10:00:00.000,2018,8,4,10,02003KT,12,09
2018-08-04 11:00:00.000,2018,8,4,11,VRB02KT,12,09
2018-08-04 12:00:00.000,2018,8,4,12,03005KT,13,10
2018-08-04 13:00:00.000,2018,8,4,13,04006KT,13,09
2018-08-04 14:00:00.000,2018,8,4,14,03003KT,14,09
2018-08-04 15:00:00.000,2018,8,4,15,VRB02KT,16,10
2018-08-04 16:00:00.000,2018,8,4,16,VRB02KT,16,09
2018-08-04 17:00:00.000,2018,8,4,17,24003KT,16,10
2018-08-04 18:00:00.000,2018,8,4,18,18009KT,18,08
2018-08-04 19:00:00.000,2018,8,4,19,17010KT,18,09
2018-08-04 20:00:00.000,2018,8,4,20,30012KT,16,11
2018-08-04 21:00:00.000,2018,8,4,21,27010KT,16,12
2018-08-04 22:00:00.000,2018,8,4,22,24008KT,16,11
2018-08-04 23:00:00.000,2018,8,4,23,24010KT,15,11
2018-08-05 00:00:00.000,2018,8,5,0,25006KT,14,10
2018-08-05 01:00:00.000,2018,8,5,1,23003KT,14,10
2018-08-05 02:00:00.000,2018,8,5,2,VRB02KT,13,11
2018-08-05 03:00:00.000,2018,8,5,3,12006KT,12,10
2018-08-05 04:00:00.000,2018,8,5,4,10003KT,12,09
2018-08-05 05:00:00.000,2018,8,5,5,02005KT,11,10
2018-08-05 06:00:00.000,2018,8,5,6,06007KT,11,09
2018-08-05 07:00:00.000,2018,8,5,7,05007KT,11,09
2018-08-05 08:00:00.000,2018,8,5,8,11003KT,10,09
2018-08-05 09:00:00.000,2018,8,5,9,04005KT,10,09
2018-08-05 10:00:00.000,2018,8,5,10,03004KT,10,09
2018-08-05 11:00:00.000,2018,8,5,11,VRB02KT,11,09
2018-08-05 12:00:00.000,2018,8,5,12,VRB02KT,11,09
2018-08-05 13:00:00.000,2018,8,5,13,05003KT,13,10
2018-08-05 14:00:00.000,2018,8,5,14,04004KT,14,10
2018-08-05 15:00:00.000,2018,8,5,15,VRB02KT,16,10
2018-08-05 16:00:00.000,2018,8,5,16,17011KT,17,08
2018-08-05 17:00:00.000,2018,8,5,17,19008KT,17,07
2018-08-05 18:00:00.000,2018,8,5,18,14005KT,18,07
2018-08-05 19:00:00.000,2018,8,5,19,16012KT,19,05
2018-08-05 20:00:00.000,2018,8,5,20,17009KT,19,06
2018-08-05 21:00:00.000,2018,8,5,21,19008KT,20,05
2018-08-05 22:00:00.000,2018,8,5,22,10007KT,18,07
2018-08-05 23:00:00.000,2018,8,5,23,07004KT,16,08
2018-08-06 00:00:00.000,2018,8,6,0,10004KT,15,08
2018-08-06 01:00:00.000,2018,8,6,1,11005KT,14,08
2018-08-06 02:00:00.000,2018,8,6,2,09004KT,14,08
2018-08-06 03:00:00.000,2018,8,6,3,05006KT,12,08
2018-08-06 04:00:00.000,2018,8,6,4,03008KT,11,08
2018-08-06 05:00:00.000,2018,8,6,5,04006KT,11,08
2018-08-06 06:00:00.000,2018,8,6,6,07008KT,12,08
2018-08-06 07:00:00.000,2018,8,6,7,11006KT,12,08
2018-08-06 08:00:00.000,2018,8,6,8,07004KT,10,08
2018-08-06 09:00:00.000,2018,8,6,9,06006KT,10,08
2018-08-06 10:00:00.000,2018,8,6,10,10009KT,13,07
2018-08-06 11:00:00.000,2018,8,6,11,10007KT,13,06
2018-08-06 12:00:00.000,2018,8,6,12,11010KT,13,06
2018-08-06 13:00:00.000,2018,8,6,13,12010KT,16,06
2018-08-06 14:00:00.000,2018,8,6,14,12013KT,17,06
2018-08-06 15:00:00.000,2018,8,6,15,15015KT,17,06
2018-08-06 16:00:00.000,2018,8,6,16,11011KT,17,06
2018-08-06 17:00:00.000,2018,8,6,17,12010G22KT,17,06
2018-08-06 18:00:00.000,2018,8,6,18,13013KT,18,06
2018-08-06 19:00:00.000,2018,8,6,19,13013KT,19,07
2018-08-06 20:00:00.000,2018,8,6,20,10010KT,19,07
2018-08-06 21:00:00.000,2018,8,6,21,13010KT,18,06
2018-08-06 22:00:00.000,2018,8,6,22,12008KT,18,05
2018-08-06 23:00:00.000,2018,8,6,23,11007KT,16,05
2018-08-07 00:00:00.000,2018,8,7,0,13007KT,15,07
2018-08-07 01:00:00.000,2018,8,7,1,13008KT,13,07
2018-08-07 02:00:00.000,2018,8,7,2,11009KT,13,06
2018-08-07 03:00:00.000,2018,8,7,3,07005KT,13,06
2018-08-07 04:00:00.000,2018,8,7,4,VRB02KT,12,06
2018-08-07 05:00:00.000,2018,8,7,5,VRB023KT,11,06
2018-08-07 06:00:00.000,2018,8,7,6,VRB02KT,09,06
2018-08-07 07:00:00.000,2018,8,7,7,08003KT,09,07
2018-08-07 08:00:00.000,2018,8,7,8,VRB02KT,09,07
2018-08-07 09:00:00.000,2018,8,7,9,02004KT,10,08
2018-08-07 10:00:00.000,2018,8,7,10,05006KT,10,08
2018-08-07 11:00:00.000,2018,8,7,11,00000KT,23,18
2018-08-07 12:00:00.000,2018,8,7,12,03003KT,11,08
2018-08-07 13:00:00.000,2018,8,7,13,07008KT,13,08
2018-08-07 14:00:00.000,2018,8,7,14,08006KT,15,08
2018-08-07 15:00:00.000,2018,8,7,15,13010KT,17,07
2018-08-07 16:00:00.000,2018,8,7,16,14012KT,17,07
2018-08-07 17:00:00.000,2018,8,7,17,12012KT,16,07
2018-08-07 18:00:00.000,2018,8,7,18,17012KT,16,08
2018-08-07 19:00:00.000,2018,8,7,19,13013KT,16,07
2018-08-07 20:00:00.000,2018,8,7,20,09009KT,16,06
2018-08-07 21:00:00.000,2018,8,7,21,14018KT,15,06
2018-08-07 22:00:00.000,2018,8,7,22,13010KT,13,07
2018-08-07 23:00:00.000,2018,8,7,23,18012KT,15,05
2018-08-08 00:00:00.000,2018,8,8,0,09008KT,15,05
2018-08-08 01:00:00.000,2018,8,8,1,10010KT,15,06
2018-08-08 02:00:00.000,2018,8,8,2,02004KT,11,07
2018-08-08 03:00:00.000,2018,8,8,3,09006KT,12,07
2018-08-08 04:00:00.000,2018,8,8,4,07005KT,11,07
2018-08-08 05:00:00.000,2018,8,8,5,10005KT,12,07
2018-08-08 06:00:00.000,2018,8,8,6,10005KT,12,07
2018-08-08 07:00:00.000,2018,8,8,7,06006KT,11,07
2018-08-08 08:00:00.000,2018,8,8,8,06006KT,10,07
2018-08-08 09:00:00.000,2018,8,8,9,04007KT,09,07
2018-08-08 10:00:00.000,2018,8,8,10,03004KT,09,07
2018-08-08 11:00:00.000,2018,8,8,11,07005KT,10,07
2018-08-08 12:00:00.000,2018,8,8,12,06005KT,12,08
2018-08-08 13:00:00.000,2018,8,8,13,10009KT,13,08
2018-08-08 14:00:00.000,2018,8,8,14,14014KT,16,08
2018-08-08 15:00:00.000,2018,8,8,15,12011KT,16,07
2018-08-08 16:00:00.000,2018,8,8,16,12013KT,17,07
2018-08-08 17:00:00.000,2018,8,8,17,13012KT,17,06
2018-08-08 18:00:00.000,2018,8,8,18,17014KT,16,07
2018-08-08 19:00:00.000,2018,8,8,19,15012KT,18,08
2018-08-08 20:00:00.000,2018,8,8,20,15008KT,18,07
2018-08-08 21:00:00.000,2018,8,8,21,15012KT,17,06
2018-08-08 22:00:00.000,2018,8,8,22,16012KT,17,06
2018-08-08 23:00:00.000,2018,8,8,23,16012KT,15,07
2018-08-09 00:00:00.000,2018,8,9,0,17009KT,13,09
2018-08-09 01:00:00.000,2018,8,9,1,14006KT,13,09
2018-08-09 02:00:00.000,2018,8,9,2,15008KT,13,09
2018-08-09 03:00:00.000,2018,8,9,3,12006KT,12,07
2018-08-09 04:00:00.000,2018,8,9,4,13006KT,12,07
2018-08-09 05:00:00.000,2018,8,9,5,12006KT,12,07
2018-08-09 06:00:00.000,2018,8,9,6,14009KT,12,07
2018-08-09 07:00:00.000,2018,8,9,7,15005KT,12,08
2018-08-09 08:00:00.000,2018,8,9,8,14005KT,12,08
2018-08-09 09:00:00.000,2018,8,9,9,15005KT,12,08
2018-08-09 10:00:00.000,2018,8,9,10,13006KT,12,08
2018-08-09 11:00:00.000,2018,8,9,11,10010KT,12,07
2018-08-09 12:00:00.000,2018,8,9,12,12009KT,12,07
2018-08-09 13:00:00.000,2018,8,9,13,VRB05KT,13,09
2018-08-09 14:00:00.000,2018,8,9,14,18007KT,13,09
2018-08-09 15:00:00.000,2018,8,9,15,14009KT,13,09
2018-08-09 16:00:00.000,2018,8,9,16,15009KT,15,09
2018-08-09 17:00:00.000,2018,8,9,17,16014KT,16,09
2018-08-09 18:00:00.000,2018,8,9,18,18014KT,16,09
2018-08-09 19:00:00.000,2018,8,9,19,15019G29KT,17,07
2018-08-09 20:00:00.000,2018,8,9,20,16014KT,16,07
2018-08-09 21:00:00.000,2018,8,9,21,15019KT,16,07
2018-08-09 22:00:00.000,2018,8,9,22,17013KT,14,07
2018-08-09 23:00:00.000,2018,8,9,23,15013KT,13,07
2018-08-10 00:00:00.000,2018,8,10,0,16010KT,12,06
2018-08-10 01:00:00.000,2018,8,10,1,15009KT,12,06
2018-08-10 02:00:00.000,2018,8,10,2,14008KT,11,06
2018-08-10 03:00:00.000,2018,8,10,3,13007KT,10,06
2018-08-10 04:00:00.000,2018,8,10,4,18004KT,12,07
2018-08-10 05:00:00.000,2018,8,10,5,16005KT,12,07
2018-08-10 06:00:00.000,2018,8,10,6,15008KT,12,07
2018-08-10 07:00:00.000,2018,8,10,7,16010KT,11,06
2018-08-10 08:00:00.000,2018,8,10,8,14007KT,11,06
2018-08-10 09:00:00.000,2018,8,10,9,15007KT,1,06
2018-08-10 10:00:00.000,2018,8,10,10,16008KT,11,06
2018-08-10 11:00:00.000,2018,8,10,11,15010KT,11,06
2018-08-10 12:00:00.000,2018,8,10,12,08004KT,12,06
2018-08-10 13:00:00.000,2018,8,10,13,13008KT,13,06
2018-08-10 14:00:00.000,2018,8,10,14,14012KT,14,05
2018-08-10 15:00:00.000,2018,8,10,15,13013KT,16,04
2018-08-10 16:00:00.000,2018,8,10,16,13015KT,18,05
2018-08-10 17:00:00.000,2018,8,10,17,14012KT,17,03
2018-08-10 18:00:00.000,2018,8,10,18,15012KT,18,03
2018-08-10 19:00:00.000,2018,8,10,19,15016KT,19,02
2018-08-10 20:00:00.000,2018,8,10,20,14015KT,18,02
2018-08-10 21:00:00.000,2018,8,10,21,17013KT,18,00
2018-08-10 22:00:00.000,2018,8,10,22,16014KT,17,00
2018-08-10 23:00:00.000,2018,8,10,23,16010KT,15,01
2018-08-11 00:00:00.000,2018,8,11,0,14011KT,13,02
2018-08-11 01:00:00.000,2018,8,11,1,14009KT,11,03
2018-08-11 02:00:00.000,2018,8,11,2,13004KT,12,03
2018-08-11 03:00:00.000,2018,8,11,3,10004KT,12,04
2018-08-11 04:00:00.000,2018,8,11,4,VRB02KT,08,05
2018-08-11 05:00:00.000,2018,8,11,5,05005KT,10,06
2018-08-11 06:00:00.000,2018,8,11,6,06005KT,09,06
2018-08-11 07:00:00.000,2018,8,11,7,04005KT,08,05
2018-08-11 08:00:00.000,2018,8,11,8,04003KT,09,06
2018-08-11 09:00:00.000,2018,8,11,9,02003KT,08,06
2018-08-11 10:00:00.000,2018,8,11,10,03003KT,08,06
2018-08-11 11:00:00.000,2018,8,11,11,02003KT,07,05
2018-08-11 12:00:00.000,2018,8,11,12,03007KT,10,07
2018-08-11 13:00:00.000,2018,8,11,13,10005KT,13,06
2018-08-11 14:00:00.000,2018,8,11,14,VRB08KT,17,06
2018-08-11 15:00:00.000,2018,8,11,15,12008G18KT,18,05
2018-08-11 16:00:00.000,2018,8,11,16,13015KT,18,05
2018-08-11 17:00:00.000,2018,8,11,17,11010KT,18,05
2018-08-11 18:00:00.000,2018,8,11,18,14014KT,19,06
2018-08-11 19:00:00.000,2018,8,11,19,13010G20KT,19,06
2018-08-11 20:00:00.000,2018,8,11,20,13010KT,18,06
2018-08-11 21:00:00.000,2018,8,11,21,10010KT,17,05
2018-08-11 22:00:00.000,2018,8,11,22,06010KT,16,08
2018-08-11 23:00:00.000,2018,8,11,23,08012KT,14,08
2018-08-12 00:00:00.000,2018,8,12,0,14007KT,14,08
2018-08-12 01:00:00.000,2018,8,12,1,14006KT,13,07
2018-08-12 02:00:00.000,2018,8,12,2,13009KT,14,07
2018-08-12 03:00:00.000,2018,8,12,3,13007KT,14,07
2018-08-12 04:00:00.000,2018,8,12,4,09003KT,14,07
2018-08-12 05:00:00.000,2018,8,12,5,11004KT,13,08
2018-08-12 06:00:00.000,2018,8,12,6,VRB02KT,12,08
2018-08-12 07:00:00.000,2018,8,12,7,34003KT,11,08
2018-08-12 08:00:00.000,2018,8,12,8,00000KT,09,07
2018-08-12 09:00:00.000,2018,8,12,9,VRB02KT,10,08
2018-08-12 10:00:00.000,2018,8,12,10,33003KT,09,08
2018-08-12 11:00:00.000,2018,8,12,11,06003KT,09,07
2018-08-12 12:00:00.000,2018,8,12,12,09004KT,12,08
2018-08-12 13:00:00.000,2018,8,12,13,35004KT,14,09
2018-08-12 14:00:00.000,2018,8,12,14,16012KT,15,07
2018-08-12 15:00:00.000,2018,8,12,15,15012KT,15,08
2018-08-12 16:00:00.000,2018,8,12,16,16010KT,15,08
2018-08-12 17:00:00.000,2018,8,12,17,13008KT,16,08
2018-08-12 18:00:00.000,2018,8,12,18,14012KT,18,08
2018-08-12 19:00:00.000,2018,8,12,19,13009KT,18,08
2018-08-12 20:00:00.000,2018,8,12,20,15012KT,17,10
2018-08-12 21:00:00.000,2018,8,12,21,13010KT,16,08
2018-08-12 22:00:00.000,2018,8,12,22,03008KT,15,10
2018-08-12 23:00:00.000,2018,8,12,23,08006KT,14,09
2018-08-13 00:00:00.000,2018,8,13,0,02006KT,13,09
2018-08-13 01:00:00.000,2018,8,13,1,04005KT,11,08
2018-08-13 02:00:00.000,2018,8,13,2,VRB02KT,10,08
2018-08-13 03:00:00.000,2018,8,13,3,36004KT,11,08
2018-08-13 04:00:00.000,2018,8,13,4,02004KT,12,09
2018-08-13 05:00:00.000,2018,8,13,5,33005KT,11,08
2018-08-13 06:00:00.000,2018,8,13,6,19004KT,12,08
2018-08-13 07:00:00.000,2018,8,13,7,03005KT,11,09
2018-08-13 08:00:00.000,2018,8,13,8,06004KT,11,09
2018-08-13 09:00:00.000,2018,8,13,9,05006KT,11,09
2018-08-13 10:00:00.000,2018,8,13,10,00000KT,10,09
2018-08-13 11:00:00.000,2018,8,13,11,VRB02KT,10,09
2018-08-13 12:00:00.000,2018,8,13,12,03006KT,10,09
2018-08-13 13:00:00.000,2018,8,13,13,06007KT,12,09
2018-08-13 14:00:00.000,2018,8,13,14,04008KT,14,10
2018-08-13 15:00:00.000,2018,8,13,15,04006KT,13,10
2018-08-13 16:00:00.000,2018,8,13,16,VRB02KT,14,11
2018-08-13 17:00:00.000,2018,8,13,17,20006KT,16,12
2018-08-13 18:00:00.000,2018,8,13,18,14006KT,15,10
2018-08-13 19:00:00.000,2018,8,13,19,13008KT,17,10
2018-08-13 20:00:00.000,2018,8,13,20,15008KT,19,09
2018-08-13 21:00:00.000,2018,8,13,21,11006KT,19,08
2018-08-13 22:00:00.000,2018,8,13,22,25008KT,17,10
2018-08-13 23:00:00.000,2018,8,13,23,32006KT,15,11
2018-08-14 00:00:00.000,2018,8,14,0,30006KT,13,10
2018-08-14 01:00:00.000,2018,8,14,1,31005KT,13,10
2018-08-14 02:00:00.000,2018,8,14,2,34004KT,11,09
2018-08-14 03:00:00.000,2018,8,14,3,VRB02KT,12,10
2018-08-14 04:00:00.000,2018,8,14,4,VRB02KT,12,10
2018-08-14 05:00:00.000,2018,8,14,5,VRB02KT,12,10
2018-08-14 06:00:00.000,2018,8,14,6,VRB02KT,12,10
2018-08-14 07:00:00.000,2018,8,14,7,VRB02KT,11,10
2018-08-14 08:00:00.000,2018,8,14,8,VRB02KT,10,09
2018-08-14 09:00:00.000,2018,8,14,9,VRB02KT,10,09
2018-08-14 10:00:00.000,2018,8,14,10,VRB02KT,10,09
2018-08-14 11:00:00.000,2018,8,14,11,VRB02KT,11,09
2018-08-14 12:00:00.000,2018,8,14,12,03003KT,11,10
2018-08-14 13:00:00.000,2018,8,14,13,VRB02KT,13,10
2018-08-14 14:00:00.000,2018,8,14,14,VRB02KT,14,10
2018-08-14 15:00:00.000,2018,8,14,15,23008KT,15,10
2018-08-14 16:00:00.000,2018,8,14,16,28004KT,13,11
2018-08-14 17:00:00.000,2018,8,14,17,18012KT,15,09
2018-08-14 18:00:00.000,2018,8,14,18,14004KT,14,08
2018-08-14 19:00:00.000,2018,8,14,19,16004KT,15,08
2018-08-14 20:00:00.000,2018,8,14,20,15011KT,17,07
2018-08-14 21:00:00.000,2018,8,14,21,18009KT,17,06
2018-08-14 22:00:00.000,2018,8,14,22,15008KT,16,07
2018-08-14 23:00:00.000,2018,8,14,23,18008KT,15,07
2018-08-15 00:00:00.000,2018,8,15,0,15010KT,14,06
2018-08-15 01:00:00.000,2018,8,15,1,14006KT,13,07
2018-08-15 02:00:00.000,2018,8,15,2,13005KT,14,08
2018-08-15 04:00:00.000,2018,8,15,4,19006KT,13,08
2018-08-15 05:00:00.000,2018,8,15,5,VRB02KT,11,07
2018-08-15 06:00:00.000,2018,8,15,6,VRB02KT,10,08
2018-08-15 07:00:00.000,2018,8,15,7,VRB02KT,10,09
2018-08-15 08:00:00.000,2018,8,15,8,04003KT,11,09
2018-08-15 09:00:00.000,2018,8,15,9,03003KT,11,09
2018-08-15 10:00:00.000,2018,8,15,10,06003KT,11,09
2018-08-15 11:00:00.000,2018,8,15,11,04003KT,11,09
2018-08-15 12:00:00.000,2018,8,15,12,02004KT,12,10
2018-08-15 13:00:00.000,2018,8,15,13,12008KT,14,09
2018-08-15 14:00:00.000,2018,8,15,14,15010KT,17,07
2018-08-15 15:00:00.000,2018,8,15,15,13012KT,18,05
2018-08-15 16:00:00.000,2018,8,15,16,12011KT,17,05
2018-08-15 17:00:00.000,2018,8,15,17,14010KT,17,04
2018-08-15 18:00:00.000,2018,8,15,18,16013KT,19,06
2018-08-15 19:00:00.000,2018,8,15,19,13010KT,19,04
2018-08-15 20:00:00.000,2018,8,15,20,13009KT,18,05
2018-08-15 21:00:00.000,2018,8,15,21,16010KT,18,04
2018-08-15 22:00:00.000,2018,8,15,22,13009KT,17,04
2018-08-15 23:00:00.000,2018,8,15,23,16009KT,16,04
2018-08-16 00:00:00.000,2018,8,16,0,10006KT,14,05
2018-08-16 01:00:00.000,2018,8,16,1,11007KT,13,06
2018-08-16 02:00:00.000,2018,8,16,2,08005KT,11,06
2018-08-16 03:00:00.000,2018,8,16,3,05004KT,09,05
2018-08-16 04:00:00.000,2018,8,16,4,05006KT,08,03
2018-08-16 05:00:00.000,2018,8,16,5,09003KT,09,03
2018-08-16 06:00:00.000,2018,8,16,6,05003KT,08,03
2018-08-16 07:00:00.000,2018,8,16,7,08003KT,08,03
2018-08-16 08:00:00.000,2018,8,16,8,05006KT,06,03
2018-08-16 09:00:00.000,2018,8,16,9,05008KT,06,03
2018-08-16 10:00:00.000,2018,8,16,10,04006KT,06,03
2018-08-16 11:00:00.000,2018,8,16,11,05005KT,05,03
2018-08-16 12:00:00.000,2018,8,16,12,05007KT,08,04
2018-08-16 13:00:00.000,2018,8,16,13,06008KT,12,04
2018-08-16 14:00:00.000,2018,8,16,14,12007KT,15,03
2018-08-16 15:00:00.000,2018,8,16,15,13012KT,17,03
2018-08-16 16:00:00.000,2018,8,16,16,11010KT,18,03
2018-08-16 17:00:00.000,2018,8,16,17,14010KT,18,04
2018-08-16 18:00:00.000,2018,8,16,18,11008KT,18,05
2018-08-16 19:00:00.000,2018,8,16,19,17008KT,18,04
2018-08-16 20:00:00.000,2018,8,16,20,12009KT,18,04
2018-08-16 21:00:00.000,2018,8,16,21,14007KT,18,04
2018-08-16 22:00:00.000,2018,8,16,22,13010KT,18,04
2018-08-16 23:00:00.000,2018,8,16,23,12007KT,17,04
2018-08-17 00:00:00.000,2018,8,17,0,14009KT,15,05
2018-08-17 01:00:00.000,2018,8,17,1,14010KT,15,06
2018-08-17 02:00:00.000,2018,8,17,2,13006KT,14,06
2018-08-17 03:00:00.000,2018,8,17,3,19007KT,14,06
2018-08-17 04:00:00.000,2018,8,17,4,03003KT,11,07
2018-08-17 05:00:00.000,2018,8,17,5,VRB02KT,10,07
2018-08-17 06:00:00.000,2018,8,17,6,04005KT,11,08
2018-08-17 07:00:00.000,2018,8,17,7,VRB02KT,11,09
2018-08-17 08:00:00.000,2018,8,17,8,05006KT,11,09
2018-08-17 09:00:00.000,2018,8,17,9,VRB02KT,10,09
2018-08-17 10:00:00.000,2018,8,17,10,07003KT,09,07
2018-08-17 11:00:00.000,2018,8,17,11,35003KT,09,07
2018-08-17 12:00:00.000,2018,8,17,12,06007KT,11,09
2018-08-17 13:00:00.000,2018,8,17,13,VRB02KT,14,10
2018-08-17 14:00:00.000,2018,8,17,14,15012KT,15,09
2018-08-17 15:00:00.000,2018,8,17,15,14010KT,17,09
2018-08-17 16:00:00.000,2018,8,17,16,15010KT,16,08
2018-08-17 17:00:00.000,2018,8,17,17,15010KT,18,09
2018-08-17 18:00:00.000,2018,8,17,18,17012KT,17,08
2018-08-17 19:00:00.000,2018,8,17,19,17015KT,17,08
2018-08-17 20:00:00.000,2018,8,17,20,15010KT,18,08
2018-08-17 21:00:00.000,2018,8,17,21,15014KT,17,09
2018-08-17 22:00:00.000,2018,8,17,22,12005KT,16,08
2018-08-17 23:00:00.000,2018,8,17,23,11010KT,15,08
2018-08-18 00:00:00.000,2018,8,18,0,15011KT,15,08
2018-08-18 01:00:00.000,2018,8,18,1,13004KT,14,08
2018-08-18 03:00:00.000,2018,8,18,3,03008KT,12,09
2018-08-18 04:00:00.000,2018,8,18,4,04004KT,11,08
2018-08-18 06:00:00.000,2018,8,18,6,09004KT,12,08
2018-08-18 07:00:00.000,2018,8,18,7,33006KT,08,06
2018-08-18 09:00:00.000,2018,8,18,9,36004KT,09,08
2018-08-18 11:00:00.000,2018,8,18,11,03006KT,10,08
2018-08-18 12:00:00.000,2018,8,18,12,VRB02KT,13,09
2018-08-18 13:00:00.000,2018,8,18,13,09003KT,13,09
2018-08-18 14:00:00.000,2018,8,18,14,VRB02KT,13,10
2018-08-18 15:00:00.000,2018,8,18,15,16010KT,15,08
2018-08-18 16:00:00.000,2018,8,18,16,15012KT,17,07
2018-08-18 17:00:00.000,2018,8,18,17,15014KT,19,10
2018-08-18 18:00:00.000,2018,8,18,18,16011G22KT,19,07
2018-08-18 21:00:00.000,2018,8,18,21,15010KT,18,07
2018-08-18 23:00:00.000,2018,8,18,23,11006KT,16,07
2018-08-19 00:00:00.000,2018,8,19,0,16011KT,15,07
2018-08-19 03:00:00.000,2018,8,19,3,03005KT,10,08
2018-08-19 05:00:00.000,2018,8,19,5,07003KT,13,07
2018-08-19 09:00:00.000,2018,8,19,9,02003KT,10,08
2018-08-19 10:00:00.000,2018,8,19,10,06003KT,10,08
2018-08-19 12:00:00.000,2018,8,19,12,33003KT,10,08
2018-08-19 13:00:00.000,2018,8,19,13,VRB02KT,12,09
2018-08-19 14:00:00.000,2018,8,19,14,18010KT,15,09
2018-08-19 15:00:00.000,2018,8,19,15,16014KT,14,09
2018-08-19 17:00:00.000,2018,8,19,17,15014KT,17,07
2018-08-19 18:00:00.000,2018,8,19,18,12013KT,18,08
2018-08-19 19:00:00.000,2018,8,19,19,13018KT,19,07
2018-08-19 20:00:00.000,2018,8,19,20,13010KT,18,06
2018-08-19 21:00:00.000,2018,8,19,21,15016KT,18,06
2018-08-19 22:00:00.000,2018,8,19,22,13008KT,17,06
2018-08-20 00:00:00.000,2018,8,20,0,12006KT,14,09
2018-08-20 02:00:00.000,2018,8,20,2,07005KT,13,08
2018-08-20 03:00:00.000,2018,8,20,3,05005KT,13,08
2018-08-20 04:00:00.000,2018,8,20,4,VRB02KT,12,08
2018-08-20 05:00:00.000,2018,8,20,5,03004KT,12,08
2018-08-20 06:00:00.000,2018,8,20,6,06005KT,11,08
2018-08-20 07:00:00.000,2018,8,20,7,05005KT,11,09
2018-08-20 08:00:00.000,2018,8,20,8,05004KT,10,08
2018-08-20 09:00:00.000,2018,8,20,9,03004KT,10,08
2018-08-20 10:00:00.000,2018,8,20,10,05006KT,10,08
2018-08-20 11:00:00.000,2018,8,20,11,03004KT,09,07
2018-08-20 12:00:00.000,2018,8,20,12,10005KT,12,08
2018-08-20 13:00:00.000,2018,8,20,13,04006KT,13,09
2018-08-20 14:00:00.000,2018,8,20,14,09007KT,16,08
2018-08-20 15:00:00.000,2018,8,20,15,12008KT,15,07
2018-08-20 16:00:00.000,2018,8,20,16,14011KT,17,07
2018-08-20 18:00:00.000,2018,8,20,18,12010KT,17,07
2018-08-20 19:00:00.000,2018,8,20,19,12010KT,17,07
2018-08-20 20:00:00.000,2018,8,20,20,07010KT,16,09
2018-08-20 21:00:00.000,2018,8,20,21,02004KT,14,11
2018-08-20 23:00:00.000,2018,8,20,23,12005KT,15,08
2018-08-21 00:00:00.000,2018,8,21,0,210000Z,13,07
2018-08-21 01:00:00.000,2018,8,21,1,10004KT,13,08
2018-08-21 02:00:00.000,2018,8,21,2,07003KT,13,09
2018-08-21 06:00:00.000,2018,8,21,6,VRB02KT,12,08
2018-08-21 08:00:00.000,2018,8,21,8,03006KT,11,08
2018-08-21 09:00:00.000,2018,8,21,9,09006KT,10,07
2018-08-21 10:00:00.000,2018,8,21,10,08006KT,10,07
2018-08-21 11:00:00.000,2018,8,21,11,06006KT,09,07
2018-08-21 12:00:00.000,2018,8,21,12,06004KT,13,08
2018-08-21 13:00:00.000,2018,8,21,13,12007KT,16,07
2018-08-21 15:00:00.000,2018,8,21,15,14011KT,16,06
2018-08-21 16:00:00.000,2018,8,21,16,13011KT,17,07
2018-08-21 17:00:00.000,2018,8,21,17,13014KT,19,08
2018-08-21 18:00:00.000,2018,8,21,18,14010KT,18,08
2018-08-21 19:00:00.000,2018,8,21,19,15009KT,19,07
2018-08-21 20:00:00.000,2018,8,21,20,16010KT,18,07
2018-08-21 21:00:00.000,2018,8,21,21,11009KT,19,07
2018-08-21 22:00:00.000,2018,8,21,22,12006KT,18,06
2018-08-21 23:00:00.000,2018,8,21,23,13008KT,17,05
2018-08-22 00:00:00.000,2018,8,22,0,15010KT,15,06
2018-08-22 01:00:00.000,2018,8,22,1,14008KT,15,07
2018-08-22 02:00:00.000,2018,8,22,2,14006KT,14,07
2018-08-22 03:00:00.000,2018,8,22,3,08005KT,13,09
2018-08-22 04:00:00.000,2018,8,22,4,07004KT,12,10
2018-08-22 05:00:00.000,2018,8,22,5,VRB02KT,11,09
2018-08-22 06:00:00.000,2018,8,22,6,05003KT,11,10
2018-08-22 07:00:00.000,2018,8,22,7,VRB02KT,11,10
2018-08-22 08:00:00.000,2018,8,22,8,03005KT,11,09
2018-08-22 09:00:00.000,2018,8,22,9,VRB02KT,11,09
2018-08-22 10:00:00.000,2018,8,22,10,13007KT,11,08
2018-08-22 11:00:00.000,2018,8,22,11,16008KT,12,07
2018-08-22 12:00:00.000,2018,8,22,12,12005KT,13,09
2018-08-22 13:00:00.000,2018,8,22,13,11005KT,14,07
2018-08-22 14:00:00.000,2018,8,22,14,13010KT,15,07
2018-08-22 16:00:00.000,2018,8,22,16,13014KT,17,07
2018-08-22 17:00:00.000,2018,8,22,17,14014KT,18,06
2018-08-22 18:00:00.000,2018,8,22,18,16015KT,19,06
2018-08-22 19:00:00.000,2018,8,22,19,15011KT,19,05
2018-08-22 20:00:00.000,2018,8,22,20,11008KT,17,05
2018-08-22 21:00:00.000,2018,8,22,21,08010KT,18,06
2018-08-22 22:00:00.000,2018,8,22,22,10007KT,17,05
2018-08-22 23:00:00.000,2018,8,22,23,12008KT,16,05
2018-08-23 00:00:00.000,2018,8,23,0,13006KT,15,05
2018-08-23 01:00:00.000,2018,8,23,1,130058KT,14,05
2018-08-23 02:00:00.000,2018,8,23,2,16007KT,13,04
2018-08-23 03:00:00.000,2018,8,23,3,14005KT,12,05
2018-08-23 04:00:00.000,2018,8,23,4,08003KT,11,06
2018-08-23 05:00:00.000,2018,8,23,5,07004KT,10,07
2018-08-23 06:00:00.000,2018,8,23,6,05004KT,08,06
2018-08-23 07:00:00.000,2018,8,23,7,05003KT,08,07
2018-08-23 08:00:00.000,2018,8,23,8,31003KT,07,06
2018-08-23 11:00:00.000,2018,8,23,11,33003KT,07,06
2018-08-23 12:00:00.000,2018,8,23,12,VRB02KT,10,08
2018-08-23 13:00:00.000,2018,8,23,13,36004KT,12,08
2018-08-23 14:00:00.000,2018,8,23,14,19008KT,15,08
2018-08-23 15:00:00.000,2018,8,23,15,16010KT,17,07
2018-08-23 16:00:00.000,2018,8,23,16,18010KT,17,07
2018-08-23 17:00:00.000,2018,8,23,17,16012KT,18,07
2018-08-23 18:00:00.000,2018,8,23,18,14014KT,18,07
2018-08-23 19:00:00.000,2018,8,23,19,15010KT,19,07
2018-08-23 20:00:00.000,2018,8,23,20,14006KT,18,07
2018-08-23 21:00:00.000,2018,8,23,21,13006KT,18,06
2018-08-23 22:00:00.000,2018,8,23,22,25005KT,16,10
2018-08-23 23:00:00.000,2018,8,23,23,02007KT,15,09
2018-08-24 00:00:00.000,2018,8,24,0,03008KT,13,10
2018-08-24 01:00:00.000,2018,8,24,1,06005KT,13,10
2018-08-24 02:00:00.000,2018,8,24,2,07004KT,13,10
2018-08-24 03:00:00.000,2018,8,24,3,06004KT,12,10
2018-08-24 04:00:00.000,2018,8,24,4,03005KT,12,10
2018-08-24 05:00:00.000,2018,8,24,5,03004KT,11,10
2018-08-24 06:00:00.000,2018,8,24,6,01003KT,12,10
2018-08-24 07:00:00.000,2018,8,24,7,VRB02KT,11,09
2018-08-24 08:00:00.000,2018,8,24,8,03004KT,11,09
2018-08-24 09:00:00.000,2018,8,24,9,04004KT,11,08
2018-08-24 10:00:00.000,2018,8,24,10,02004KT,10,08
2018-08-24 11:00:00.000,2018,8,24,11,02003KT,10,08
2018-08-24 12:00:00.000,2018,8,24,12,02003KT,10,08
2018-08-24 13:00:00.000,2018,8,24,13,06004KT,13,09
2018-08-24 14:00:00.000,2018,8,24,14,16005KT,16,08
2018-08-24 15:00:00.000,2018,8,24,15,14009KT,17,07
2018-08-24 16:00:00.000,2018,8,24,16,13009KT,18,07
2018-08-24 17:00:00.000,2018,8,24,17,15009KT,19,06
2018-08-24 18:00:00.000,2018,8,24,18,16010KT,19,05
2018-08-24 19:00:00.000,2018,8,24,19,13010KT,19,06
2018-08-24 20:00:00.000,2018,8,24,20,17012KT,19,05
2018-08-24 21:00:00.000,2018,8,24,21,15012KT,19,05
2018-08-24 22:00:00.000,2018,8,24,22,14012KT,18,05
2018-08-24 23:00:00.000,2018,8,24,23,14009KT,16,05
2018-08-25 00:00:00.000,2018,8,25,0,13007KT,14,05
2018-08-25 01:00:00.000,2018,8,25,1,12005KT,14,05
2018-08-25 02:00:00.000,2018,8,25,2,11005KT,14,06
2018-08-25 03:00:00.000,2018,8,25,3,13007KT,12,07
2018-08-25 04:00:00.000,2018,8,25,4,12004KT,12,05
2018-08-25 05:00:00.000,2018,8,25,5,13004KT,12,05
2018-08-25 06:00:00.000,2018,8,25,6,VRB02KT,11,04
2018-08-25 07:00:00.000,2018,8,25,7,05004KT,10,07
2018-08-25 08:00:00.000,2018,8,25,8,04005KT,09,07
2018-08-25 09:00:00.000,2018,8,25,9,05006KT,10,08
2018-08-25 10:00:00.000,2018,8,25,10,36003KT,10,08
2018-08-25 11:00:00.000,2018,8,25,11,03005KT,10,08
2018-08-25 12:00:00.000,2018,8,25,12,05006KT,12,08
2018-08-25 13:00:00.000,2018,8,25,13,04007KT,13,08
2018-08-25 14:00:00.000,2018,8,25,14,14009KT,17,08
2018-08-25 15:00:00.000,2018,8,25,15,18012KT,17,06
2018-08-25 16:00:00.000,2018,8,25,16,16012KT,18,06
2018-08-25 17:00:00.000,2018,8,25,17,14010KT,20,08
2018-08-25 18:00:00.000,2018,8,25,18,13009KT,18,08
2018-08-25 19:00:00.000,2018,8,25,19,13010KT,18,08
2018-08-25 20:00:00.000,2018,8,25,20,18010KT,18,08
2018-08-25 21:00:00.000,2018,8,25,21,15008KT,17,07
2018-08-25 22:00:00.000,2018,8,25,22,09008KT,17,07
2018-08-25 23:00:00.000,2018,8,25,23,13010KT,16,08
2018-08-26 00:00:00.000,2018,8,26,0,12010KT,15,08
2018-08-26 01:00:00.000,2018,8,26,1,11007KT,15,07
2018-08-26 02:00:00.000,2018,8,26,2,13006KT,14,08
2018-08-26 03:00:00.000,2018,8,26,3,14005KT,14,07
2018-08-26 04:00:00.000,2018,8,26,4,11005KT,13,07
2018-08-26 05:00:00.000,2018,8,26,5,VRB02KT,12,08
2018-08-26 06:00:00.000,2018,8,26,6,VRB02KT,10,08
2018-08-26 07:00:00.000,2018,8,26,7,VRB02KT,11,08
2018-08-26 08:00:00.000,2018,8,26,8,09004KT,12,08
2018-08-26 09:00:00.000,2018,8,26,9,VRB02KT,12,07
2018-08-26 10:00:00.000,2018,8,26,10,VRB02KT,12,07
2018-08-26 11:00:00.000,2018,8,26,11,VRB02KT,10,08
2018-08-26 12:00:00.000,2018,8,26,12,10003KT,12,10
2018-08-26 13:00:00.000,2018,8,26,13,06005KT,13,10
2018-08-26 14:00:00.000,2018,8,26,14,15011KT,16,08
2018-08-26 15:00:00.000,2018,8,26,15,13009KT,16,06
2018-08-26 16:00:00.000,2018,8,26,16,13011KT,18,06
2018-08-26 17:00:00.000,2018,8,26,17,17012KT,19,08
2018-08-26 18:00:00.000,2018,8,26,18,17016KT,19,08
2018-08-26 19:00:00.000,2018,8,26,19,17013KT,20,06
2018-08-26 20:00:00.000,2018,8,26,20,18017KT,19,07
2018-08-26 21:00:00.000,2018,8,26,21,16015KT,20,05
2018-08-26 22:00:00.000,2018,8,26,22,17013KT,18,05
2018-08-26 23:00:00.000,2018,8,26,23,17011KT,17,04
2018-08-27 00:00:00.000,2018,8,27,0,VRB02KT,16,06
2018-08-27 01:00:00.000,2018,8,27,1,03005KT,14,09
2018-08-27 02:00:00.000,2018,8,27,2,33003KT,13,09
2018-08-27 03:00:00.000,2018,8,27,3,14007KT,12,10
2018-08-27 04:00:00.000,2018,8,27,4,13005KT,11,10
2018-08-27 05:00:00.000,2018,8,27,5,VRB02KT,12,09
2018-08-27 06:00:00.000,2018,8,27,6,13006KT,12,10
2018-08-27 07:00:00.000,2018,8,27,7,14005KT,11,08
2018-08-27 08:00:00.000,2018,8,27,8,14004KT,11,08
2018-08-27 09:00:00.000,2018,8,27,9,17004KT,11,09
2018-08-27 10:00:00.000,2018,8,27,10,13005KT,12,09
2018-08-27 11:00:00.000,2018,8,27,11,04003KT,11,09
2018-08-27 12:00:00.000,2018,8,27,12,VRB02KT,12,09
2018-08-27 13:00:00.000,2018,8,27,13,13008KT,14,09
2018-08-27 14:00:00.000,2018,8,27,14,10014KT,14,08
2018-08-27 15:00:00.000,2018,8,27,15,14013KT,16,08
2018-08-27 16:00:00.000,2018,8,27,16,15014KT,16,07
2018-08-27 17:00:00.000,2018,8,27,17,11010KT,18,09
2018-08-27 18:00:00.000,2018,8,27,18,13010KT,17,07
2018-08-27 19:00:00.000,2018,8,27,19,12012KT,17,06
2018-08-27 20:00:00.000,2018,8,27,20,15015KT,17,07
2018-08-27 21:00:00.000,2018,8,27,21,14012KT,16,07
2018-08-27 22:00:00.000,2018,8,27,22,12007KT,16,07
2018-08-27 23:00:00.000,2018,8,27,23,11006KT,15,07
2018-08-28 00:00:00.000,2018,8,28,0,11005KT,14,07
2018-08-28 01:00:00.000,2018,8,28,1,10005KT,14,07
2018-08-28 02:00:00.000,2018,8,28,2,09004KT,13,07
2018-08-28 03:00:00.000,2018,8,28,3,06004KT,12,08
2018-08-28 04:00:00.000,2018,8,28,4,VRB02KT,10,08
2018-08-28 05:00:00.000,2018,8,28,5,06004KT,10,07
2018-08-28 06:00:00.000,2018,8,28,6,06006KT,11,08
2018-08-28 07:00:00.000,2018,8,28,7,06005KT,10,07
2018-08-28 08:00:00.000,2018,8,28,8,05005KT,09,06
2018-08-28 09:00:00.000,2018,8,28,9,04006KT,08,06
2018-08-28 10:00:00.000,2018,8,28,10,05003KT,10,06
2018-08-28 11:00:00.000,2018,8,28,11,30004KT,07,06
2018-08-28 12:00:00.000,2018,8,28,12,VRB02KT,10,07
2018-08-28 13:00:00.000,2018,8,28,13,09004KT,14,08
2018-08-28 14:00:00.000,2018,8,28,14,08006KT,15,07
2018-08-28 15:00:00.000,2018,8,28,15,12009KT,17,07
2018-08-28 16:00:00.000,2018,8,28,16,12007KT,16,07
2018-08-28 17:00:00.000,2018,8,28,17,15007KT,17,07
2018-08-28 18:00:00.000,2018,8,28,18,15009KT,18,09
2018-08-28 19:00:00.000,2018,8,28,19,15009KT,18,08
2018-08-28 20:00:00.000,2018,8,28,20,17012KT,17,08
2018-08-28 21:00:00.000,2018,8,28,21,16011KT,17,08
2018-08-28 22:00:00.000,2018,8,28,22,16009KT,17,08
2018-08-28 23:00:00.000,2018,8,28,23,16009KT,16,08
2018-08-29 00:00:00.000,2018,8,29,0,13008KT,15,08
2018-08-29 01:00:00.000,2018,8,29,1,13005KT,14,08
2018-08-29 02:00:00.000,2018,8,29,2,10004KT,13,08
2018-08-29 03:00:00.000,2018,8,29,3,VRB02KT,12,08
2018-08-29 04:00:00.000,2018,8,29,4,01003KT,11,08
2018-08-29 05:00:00.000,2018,8,29,5,34003KT,10,08
2018-08-29 06:00:00.000,2018,8,29,6,03004KT,10,09
2018-08-29 07:00:00.000,2018,8,29,7,03005KT,11,09
2018-08-29 08:00:00.000,2018,8,29,8,03003KT,11,09
2018-08-29 09:00:00.000,2018,8,29,9,35003KT,11,09
2018-08-29 10:00:00.000,2018,8,29,10,33004KT,11,09
2018-08-29 11:00:00.000,2018,8,29,11,02005KT,11,09
2018-08-29 12:00:00.000,2018,8,29,12,04006KT,12,10
2018-08-29 13:00:00.000,2018,8,29,13,04006KT,13,09
2018-08-29 14:00:00.000,2018,8,29,14,04005KT,14,10
2018-08-29 15:00:00.000,2018,8,29,15,06006KT,14,10
2018-08-29 16:00:00.000,2018,8,29,16,21005KT,15,10
2018-08-29 17:00:00.000,2018,8,29,17,04006KT,16,11
2018-08-29 18:00:00.000,2018,8,29,18,11005KT,17,10
2018-08-29 19:00:00.000,2018,8,29,19,11009KT,17,10
2018-08-29 20:00:00.000,2018,8,29,20,05010KT,16,11
2018-08-29 21:00:00.000,2018,8,29,21,33005KT,16,10
2018-08-29 22:00:00.000,2018,8,29,22,30006KT,16,11
2018-08-29 23:00:00.000,2018,8,29,23,31006KT,16,11
2018-08-30 00:00:00.000,2018,8,30,0,25006KT,13,11
2018-08-30 01:00:00.000,2018,8,30,1,VRB02KT,13,11
2018-08-30 02:00:00.000,2018,8,30,2,VRB02KT,12,11
2018-08-30 03:00:00.000,2018,8,30,3,14006KT,13,10
2018-08-30 04:00:00.000,2018,8,30,4,VRB02KT,12,10
2018-08-30 05:00:00.000,2018,8,30,5,VRB02KT,13,10
2018-08-30 06:00:00.000,2018,8,30,6,VRB02KT,11,10
2018-08-30 07:00:00.000,2018,8,30,7,VRB02KT,11,09
2018-08-30 08:00:00.000,2018,8,30,8,VRB02KT,11,09
2018-08-30 09:00:00.000,2018,8,30,9,02003KT,10,09
2018-08-30 10:00:00.000,2018,8,30,10,04003KT,10,09
2018-08-30 11:00:00.000,2018,8,30,11,VRB02KT,09,08
2018-08-30 12:00:00.000,2018,8,30,12,VRB02KT,11,09
2018-08-30 13:00:00.000,2018,8,30,13,02005KT,14,10
2018-08-30 14:00:00.000,2018,8,30,14,VRB02KT,15,10
2018-08-30 15:00:00.000,2018,8,30,15,VRB02KT,16,10
2018-08-30 16:00:00.000,2018,8,30,16,14009KT,17,10
2018-08-30 17:00:00.000,2018,8,30,17,16012KT,19,09
2018-08-30 18:00:00.000,2018,8,30,18,17015KT,19,08
2018-08-30 19:00:00.000,2018,8,30,19,18012KT,18,07
2018-08-30 20:00:00.000,2018,8,30,20,06010KT,17,07
2018-08-30 21:00:00.000,2018,8,30,21,12006KT,18,07
2018-08-30 22:00:00.000,2018,8,30,22,10004KT,18,07
2018-08-30 23:00:00.000,2018,8,30,23,12007KT,16,07
2018-08-31 00:00:00.000,2018,8,31,0,30003KT,14,08
2018-08-31 01:00:00.000,2018,8,31,1,05003KT,13,08
2018-08-31 02:00:00.000,2018,8,31,2,18006KT,13,09
2018-08-31 03:00:00.000,2018,8,31,3,VRB02KT,11,09
2018-08-31 04:00:00.000,2018,8,31,4,08003KT,11,08
2018-08-31 05:00:00.000,2018,8,31,5,02003KT,10,08
2018-08-31 06:00:00.000,2018,8,31,6,VRB02KT,10,08
2018-08-31 07:00:00.000,2018,8,31,7,VRB02KT,09,08
2018-08-31 08:00:00.000,2018,8,31,8,VRB02KT,09,08
2018-08-31 09:00:00.000,2018,8,31,9,VRB02KT,07,06
2018-08-31 10:00:00.000,2018,8,31,10,VRB02KT,06,05
2018-08-31 11:00:00.000,2018,8,31,11,27003KT,07,06
2018-08-31 12:00:00.000,2018,8,31,12,06004KT,10,09
2018-08-31 13:00:00.000,2018,8,31,13,06006KT,14,09
2018-08-31 14:00:00.000,2018,8,31,14,12006KT,17,09
2018-08-31 15:00:00.000,2018,8,31,15,19005KT,16,08
2018-08-31 16:00:00.000,2018,8,31,16,15008KT,19,08
2018-08-31 17:00:00.000,2018,8,31,17,13009KT,18,08
2018-08-31 18:00:00.000,2018,8,31,18,16009KT,18,07
2018-08-31 19:00:00.000,2018,8,31,19,08005KT,18,07
2018-08-31 20:00:00.000,2018,8,31,20,07007KT,18,08
2018-08-31 21:00:00.000,2018,8,31,21,10007KT,17,08
2018-08-31 22:00:00.000,2018,8,31,22,13009KT,17,08
2018-08-31 23:00:00.000,2018,8,31,23,08003KT,16,08
2018-09-01 00:00:00.000,2018,9,1,0,11004KT,15,08
2018-09-01 01:00:00.000,2018,9,1,1,VRB02KT,12,08
2018-09-01 02:00:00.000,2018,9,1,2,VRB02KT,12,09
2018-09-01 03:00:00.000,2018,9,1,3,03003KT,11,08
2018-09-01 04:00:00.000,2018,9,1,4,02003KT,10,07
2018-09-01 05:00:00.000,2018,9,1,5,05004KT,09,08
2018-09-01 06:00:00.000,2018,9,1,6,VRB02KT,09,08
2018-09-01 07:00:00.000,2018,9,1,7,VRB02KT,06,05
2018-09-01 08:00:00.000,2018,9,1,8,05005KT,07,06
2018-09-01 09:00:00.000,2018,9,1,9,32003KT,07,06
2018-09-01 10:00:00.000,2018,9,1,10,VRB02KT,06,05
2018-09-01 11:00:00.000,2018,9,1,11,05004KT,09,08
2018-09-01 12:00:00.000,2018,9,1,12,03004KT,10,08
2018-09-01 13:00:00.000,2018,9,1,13,06006KT,14,09
2018-09-01 14:00:00.000,2018,9,1,14,01005KT,15,09
2018-09-01 15:00:00.000,2018,9,1,15,16009KT,18,06
2018-09-01 16:00:00.000,2018,9,1,16,08010KT,19,08
2018-09-01 17:00:00.000,2018,9,1,17,10007KT,19,07
2018-09-01 18:00:00.000,2018,9,1,18,11010KT,22,05
2018-09-01 19:00:00.000,2018,9,1,19,07006KT,20,06
2018-09-01 20:00:00.000,2018,9,1,20,VRB02KT,20,07
2018-09-01 21:00:00.000,2018,9,1,21,29004KT,21,08
2018-09-01 22:00:00.000,2018,9,1,22,24010KT,18,11
2018-09-01 23:00:00.000,2018,9,1,23,27007KT,17,12
2018-09-02 00:00:00.000,2018,9,2,0,25006KT,16,12
2018-09-02 01:00:00.000,2018,9,2,1,24003KT,14,12
2018-09-02 02:00:00.000,2018,9,2,2,35003KT,12,10
2018-09-02 03:00:00.000,2018,9,2,3,35004KT,12,10
2018-09-02 04:00:00.000,2018,9,2,4,VRB02KT,11,10
2018-09-02 05:00:00.000,2018,9,2,5,03006KT,11,09
2018-09-02 06:00:00.000,2018,9,2,6,04008KT,10,09
2018-09-02 07:00:00.000,2018,9,2,7,VRB02KT,10,09
2018-09-02 08:00:00.000,2018,9,2,8,VRB02KT,09,08
2018-09-02 09:00:00.000,2018,9,2,9,36003KT,09,08
2018-09-02 10:00:00.000,2018,9,2,10,VRB02KT,07,06
2018-09-02 11:00:00.000,2018,9,2,11,VRB02KT,08,07
2018-09-02 12:00:00.000,2018,9,2,12,35003KT,10,08
2018-09-02 13:00:00.000,2018,9,2,13,02003KT,13,10
2018-09-02 14:00:00.000,2018,9,2,14,VRB02KT,18,10
2018-09-02 15:00:00.000,2018,9,2,15,04003KT,18,07
2018-09-02 16:00:00.000,2018,9,2,16,05010KT,19,09
2018-09-02 17:00:00.000,2018,9,2,17,14004KT,21,07
2018-09-02 18:00:00.000,2018,9,2,18,08005KT,19,07
2018-09-02 19:00:00.000,2018,9,2,19,08004KT,21,06
2018-09-02 20:00:00.000,2018,9,2,20,27006KT,19,11
2018-09-02 21:00:00.000,2018,9,2,21,34003KT,11,10
2018-09-02 22:00:00.000,2018,9,2,22,31003KT,12,11
2018-09-02 23:00:00.000,2018,9,2,23,06003KT,12,10
2018-09-03 00:00:00.000,2018,9,3,0,VRB02KT,13,09
2018-09-03 01:00:00.000,2018,9,3,1,06004KT,12,08
2018-09-03 02:00:00.000,2018,9,3,2,03004KT,11,09
2018-09-03 03:00:00.000,2018,9,3,3,03007KT,11,09
2018-09-03 04:00:00.000,2018,9,3,4,04004KT,12,09
2018-09-03 05:00:00.000,2018,9,3,5,04003KT,11,09
2018-09-03 06:00:00.000,2018,9,3,6,00000KT,11,08
2018-09-03 07:00:00.000,2018,9,3,7,VRB02KT,10,08
2018-09-03 08:00:00.000,2018,9,3,8,VRB02KT,10,08
2018-09-03 09:00:00.000,2018,9,3,9,06006KT,10,08
2018-09-03 10:00:00.000,2018,9,3,10,VRB02KT,09,08
2018-09-03 11:00:00.000,2018,9,3,11,04004KT,09,08
2018-09-03 12:00:00.000,2018,9,3,12,01004KT,11,09
2018-09-03 13:00:00.000,2018,9,3,13,06007KT,15,10
2018-09-03 14:00:00.000,2018,9,3,14,06009KT,16,10
2018-09-03 15:00:00.000,2018,9,3,15,04007KT,17,10
2018-09-03 16:00:00.000,2018,9,3,16,18006KT,18,08
2018-09-03 17:00:00.000,2018,9,3,17,14012KT,19,09
2018-09-03 18:00:00.000,2018,9,3,18,17016KT,19,08
2018-09-03 19:00:00.000,2018,9,3,19,14008KT,19,07
2018-09-03 20:00:00.000,2018,9,3,20,11003KT,19,08
2018-09-03 21:00:00.000,2018,9,3,21,18004KT,19,07
2018-09-03 22:00:00.000,2018,9,3,22,06004KT,18,08
2018-09-03 23:00:00.000,2018,9,3,23,11005KT,17,07
2018-09-04 00:00:00.000,2018,9,4,0,17008KT,16,06
2018-09-04 01:00:00.000,2018,9,4,1,VRB02KT,14,08
2018-09-04 02:00:00.000,2018,9,4,2,VRB02KT,13,09
2018-09-04 03:00:00.000,2018,9,4,3,16003KT,13,09
2018-09-04 04:00:00.000,2018,9,4,4,19007KT,14,08
2018-09-04 05:00:00.000,2018,9,4,5,15009KT,14,08
2018-09-04 06:00:00.000,2018,9,4,6,18004KT,13,07
2018-09-04 07:00:00.000,2018,9,4,7,21005KT,13,08
2018-09-04 08:00:00.000,2018,9,4,8,19004KT,12,09
2018-09-04 09:00:00.000,2018,9,4,9,VRB02KT,12,09
2018-09-04 10:00:00.000,2018,9,4,10,VRB02KT,12,09
2018-09-04 11:00:00.000,2018,9,4,11,02005KT,11,09
2018-09-04 12:00:00.000,2018,9,4,12,VRB02KT,12,09
2018-09-04 13:00:00.000,2018,9,4,13,VRB02KT,14,09
2018-09-04 14:00:00.000,2018,9,4,14,18006KT,16,08
2018-09-04 15:00:00.000,2018,9,4,15,17014KT,16,08
2018-09-04 16:00:00.000,2018,9,4,16,14010KT,17,08
2018-09-04 17:00:00.000,2018,9,4,17,13014KT,18,09
2018-09-04 18:00:00.000,2018,9,4,18,15011KT,19,08
2018-09-04 19:00:00.000,2018,9,4,19,25010KT,17,11
2018-09-04 20:00:00.000,2018,9,4,20,22007KT,18,09
2018-09-04 21:00:00.000,2018,9,4,21,17012KT,20,05
2018-09-04 22:00:00.000,2018,9,4,22,16008KT,18,06
2018-09-04 23:00:00.000,2018,9,4,23,17011KT,16,06
2018-09-05 00:00:00.000,2018,9,5,0,20008KT,15,07
2018-09-05 01:00:00.000,2018,9,5,1,20005KT,14,08
2018-09-05 02:00:00.000,2018,9,5,2,14003KT,13,07
2018-09-05 03:00:00.000,2018,9,5,3,13007KT,12,07
2018-09-05 04:00:00.000,2018,9,5,4,36004KT,11,08
2018-09-05 05:00:00.000,2018,9,5,5,VRB02KT,11,08
2018-09-05 06:00:00.000,2018,9,5,6,30004KT,11,08
2018-09-05 07:00:00.000,2018,9,5,7,VRB02KT,10,08
2018-09-05 08:00:00.000,2018,9,5,8,VRB02KT,10,08
2018-09-05 09:00:00.000,2018,9,5,9,VRB02KT,10,08
2018-09-05 10:00:00.000,2018,9,5,10,05003KT,10,09
2018-09-05 11:00:00.000,2018,9,5,11,05003KT,10,09
2018-09-05 12:00:00.000,2018,9,5,12,34004KT,11,09
2018-09-05 13:00:00.000,2018,9,5,13,05004KT,14,09
2018-09-05 14:00:00.000,2018,9,5,14,20003KT,15,08
2018-09-05 15:00:00.000,2018,9,5,15,19005KT,16,08
2018-09-05 16:00:00.000,2018,9,5,16,13008KT,17,07
2018-09-05 17:00:00.000,2018,9,5,17,20003KT,18,07
2018-09-05 18:00:00.000,2018,9,5,18,25007KT,18,08
2018-09-05 19:00:00.000,2018,9,5,19,23007KT,18,09
2018-09-05 20:00:00.000,2018,9,5,20,25011KT,15,10
2018-09-05 21:00:00.000,2018,9,5,21,33006KT,14,11
2018-09-05 22:00:00.000,2018,9,5,22,33007KT,13,11
2018-09-05 23:00:00.000,2018,9,5,23,26005KT,14,10
2018-09-06 00:00:00.000,2018,9,6,0,24005KT,13,10
2018-09-06 01:00:00.000,2018,9,6,1,03003KT,12,10
2018-09-06 02:00:00.000,2018,9,6,2,VRB02KT,11,10
2018-09-06 03:00:00.000,2018,9,6,3,28003KT,12,10
2018-09-06 04:00:00.000,2018,9,6,4,24006KT,13,09
2018-09-06 05:00:00.000,2018,9,6,5,26004KT,12,10
2018-09-06 06:00:00.000,2018,9,6,6,23007KT,11,09
2018-09-06 07:00:00.000,2018,9,6,7,24005KT,11,09
2018-09-06 08:00:00.000,2018,9,6,8,VRB02KT,11,09
2018-09-06 09:00:00.000,2018,9,6,9,VRB02KT,11,09
2018-09-06 10:00:00.000,2018,9,6,10,26004KT,11,10
2018-09-06 11:00:00.000,2018,9,6,11,VRB02KT,11,10
2018-09-06 12:00:00.000,2018,9,6,12,VRB02KT,12,10
2018-09-06 13:00:00.000,2018,9,6,13,VRB02KT,12,10
2018-09-06 14:00:00.000,2018,9,6,14,VRB02KT,15,11
2018-09-06 15:00:00.000,2018,9,6,15,05003KT,16,09
2018-09-06 16:00:00.000,2018,9,6,16,VRB02KT,16,09
2018-09-06 17:00:00.000,2018,9,6,17,28004KT,17,09
2018-09-06 18:00:00.000,2018,9,6,18,28010KT,17,10
2018-09-06 19:00:00.000,2018,9,6,19,29009KT,16,10
2018-09-06 20:00:00.000,2018,9,6,20,26008KT,16,09
2018-09-06 21:00:00.000,2018,9,6,21,29006KT,16,09
2018-09-06 22:00:00.000,2018,9,6,22,23008KT,15,09
2018-09-06 23:00:00.000,2018,9,6,23,24007KT,14,10
2018-09-07 00:00:00.000,2018,9,7,0,23003KT,14,10
2018-09-07 01:00:00.000,2018,9,7,1,05003KT,13,11
2018-09-07 02:00:00.000,2018,9,7,2,03003KT,12,11
2018-09-07 03:00:00.000,2018,9,7,3,29004KT,12,11
2018-09-07 04:00:00.000,2018,9,7,4,VRB02KT,12,10
2018-09-07 05:00:00.000,2018,9,7,5,03003KT,11,10
2018-09-07 06:00:00.000,2018,9,7,6,28003KT,12,11
2018-09-07 07:00:00.000,2018,9,7,7,00000KT,11,10
2018-09-07 08:00:00.000,2018,9,7,8,VRB02KT,11,10
2018-09-07 09:00:00.000,2018,9,7,9,00000KT,11,10
2018-09-07 10:00:00.000,2018,9,7,10,VRB02KT,11,10
2018-09-07 11:00:00.000,2018,9,7,11,VRB02KT,11,10
2018-09-07 12:00:00.000,2018,9,7,12,05004KT,11,10
2018-09-07 13:00:00.000,2018,9,7,13,03003KT,13,11
2018-09-07 14:00:00.000,2018,9,7,14,35003KT,14,11
2018-09-07 15:00:00.000,2018,9,7,15,VRB02KT,16,11
2018-09-07 16:00:00.000,2018,9,7,16,01006KT,16,11
2018-09-07 17:00:00.000,2018,9,7,17,26004KT,17,10
2018-09-07 18:00:00.000,2018,9,7,18,33009KT,14,12
2018-09-07 19:00:00.000,2018,9,7,19,30010KT,14,12
2018-09-07 20:00:00.000,2018,9,7,20,29009KT,15,11
2018-09-07 21:00:00.000,2018,9,7,21,25008KT,14,12
2018-09-07 22:00:00.000,2018,9,7,22,33004KT,14,11
2018-09-07 23:00:00.000,2018,9,7,23,VRB03KT,13,12
2018-09-08 00:00:00.000,2018,9,8,0,VRB02KT,13,12
2018-09-08 01:00:00.000,2018,9,8,1,VRB02KT,13,11
2018-09-08 02:00:00.000,2018,9,8,2,VRB02KT,13,11
2018-09-08 03:00:00.000,2018,9,8,3,VRB02KT,12,11
2018-09-08 04:00:00.000,2018,9,8,4,VRB02KT,12,11
2018-09-08 05:00:00.000,2018,9,8,5,VRB02KT,12,10
2018-09-08 06:00:00.000,2018,9,8,6,VRB02KT,12,10
2018-09-08 07:00:00.000,2018,9,8,7,VRB02KT,12,10
2018-09-08 08:00:00.000,2018,9,8,8,VRB02KT,12,11
2018-09-08 09:00:00.000,2018,9,8,9,VRB02KT,11,10
2018-09-08 10:00:00.000,2018,9,8,10,VRB02KT,11,10
2018-09-08 11:00:00.000,2018,9,8,11,VRB02KT,11,10
2018-09-08 12:00:00.000,2018,9,8,12,VRB02KT,12,11
2018-09-08 13:00:00.000,2018,9,8,13,04004KT,13,11
2018-09-08 14:00:00.000,2018,9,8,14,09003KT,15,11
2018-09-08 15:00:00.000,2018,9,8,15,11003KT,17,11
2018-09-08 16:00:00.000,2018,9,8,16,18006KT,16,11
2018-09-08 17:00:00.000,2018,9,8,17,14009KT,17,11
2018-09-08 18:00:00.000,2018,9,8,18,12014KT,17,09
2018-09-08 19:00:00.000,2018,9,8,19,14012KT,18,08
2018-09-08 20:00:00.000,2018,9,8,20,16010KT,19,06
2018-09-08 21:00:00.000,2018,9,8,21,15009KT,17,07
2018-09-08 22:00:00.000,2018,9,8,22,11005KT,17,07
2018-09-08 23:00:00.000,2018,9,8,23,11006KT,16,07
2018-09-09 00:00:00.000,2018,9,9,0,10005KT,14,08
2018-09-09 01:00:00.000,2018,9,9,1,09003KT,13,08
2018-09-09 02:00:00.000,2018,9,9,2,07003KT,13,09
2018-09-09 03:00:00.000,2018,9,9,3,09004KT,12,10
2018-09-09 04:00:00.000,2018,9,9,4,07005KT,12,10
2018-09-09 05:00:00.000,2018,9,9,5,36004KT,11,09
2018-09-09 06:00:00.000,2018,9,9,6,18003KT,11,09
2018-09-09 07:00:00.000,2018,9,9,7,05003KT,10,09
2018-09-09 08:00:00.000,2018,9,9,8,27003KT,10,09
2018-09-09 09:00:00.000,2018,9,9,9,VRB02KT,10,09
2018-09-09 10:00:00.000,2018,9,9,10,05005KT,09,08
2018-09-09 11:00:00.000,2018,9,9,11,03004KT,09,08
2018-09-09 12:00:00.000,2018,9,9,12,34004KT,11,09
2018-09-09 13:00:00.000,2018,9,9,13,VRB02KT,15,09
2018-09-09 14:00:00.000,2018,9,9,14,VRB03KT,16,09
2018-09-09 15:00:00.000,2018,9,9,15,VRB03KT,16,09
2018-09-09 16:00:00.000,2018,9,9,16,14012KT,17,08
2018-09-09 17:00:00.000,2018,9,9,17,15011KT,18,07
2018-09-09 18:00:00.000,2018,9,9,18,12007KT,19,06
2018-09-09 19:00:00.000,2018,9,9,19,10008KT,18,06
2018-09-09 20:00:00.000,2018,9,9,20,16015KT,18,07
2018-09-09 21:00:00.000,2018,9,9,21,16009KT,18,05
2018-09-09 22:00:00.000,2018,9,9,22,13006KT,18,05
2018-09-09 23:00:00.000,2018,9,9,23,14007KT,16,06
2018-09-10 00:00:00.000,2018,9,10,0,13008KT,15,07
2018-09-10 01:00:00.000,2018,9,10,1,14010KT,14,07
2018-09-10 02:00:00.000,2018,9,10,2,14007KT,14,07
2018-09-10 03:00:00.000,2018,9,10,3,07005KT,12,08
2018-09-10 04:00:00.000,2018,9,10,4,VRB02KT,11,08
2018-09-10 05:00:00.000,2018,9,10,5,02003KT,10,07
2018-09-10 06:00:00.000,2018,9,10,6,35003KT,10,08
2018-09-10 07:00:00.000,2018,9,10,7,05003KT,09,08
2018-09-10 08:00:00.000,2018,9,10,8,VRB02KT,10,08
2018-09-10 09:00:00.000,2018,9,10,9,VRB02KT,10,08
2018-09-10 10:00:00.000,2018,9,10,10,02003KT,09,07
2018-09-10 11:00:00.000,2018,9,10,11,VRB02KT,08,07
2018-09-10 12:00:00.000,2018,9,10,12,VRB02KT,10,09
2018-09-10 13:00:00.000,2018,9,10,13,VRB02KT,12,09
2018-09-10 14:00:00.000,2018,9,10,14,VRB02KT,16,09
2018-09-10 15:00:00.000,2018,9,10,15,18008KT,18,06
2018-09-10 16:00:00.000,2018,9,10,16,15009KT,19,07
2018-09-10 17:00:00.000,2018,9,10,17,11008KT,18,06
2018-09-10 18:00:00.000,2018,9,10,18,12006KT,18,05
2018-09-10 19:00:00.000,2018,9,10,19,29006KT,19,09
2018-09-10 20:00:00.000,2018,9,10,20,26008KT,15,12
2018-09-10 21:00:00.000,2018,9,10,21,29010KT,17,11
2018-09-10 22:00:00.000,2018,9,10,22,31008KT,17,11
2018-09-10 23:00:00.000,2018,9,10,23,32006KT,15,10
2018-09-11 00:00:00.000,2018,9,11,0,34004KT,14,09
2018-09-11 01:00:00.000,2018,9,11,1,VRB02KT,14,10
2018-09-11 02:00:00.000,2018,9,11,2,VRB02KT,13,10
2018-09-11 03:00:00.000,2018,9,11,3,17008KT,15,09
2018-09-11 04:00:00.000,2018,9,11,4,19007KT,15,09
2018-09-11 05:00:00.000,2018,9,11,5,VRB02KT,14,09
2018-09-11 06:00:00.000,2018,9,11,6,02003KT,13,09
2018-09-11 07:00:00.000,2018,9,11,7,25004KT,13,09
2018-09-11 08:00:00.000,2018,9,11,8,VRB02KT,13,10
2018-09-11 09:00:00.000,2018,9,11,9,24006KT,12,09
2018-09-11 10:00:00.000,2018,9,11,10,VRB02KT,12,09
2018-09-11 11:00:00.000,2018,9,11,11,VRB02KT,10,09
2018-09-11 12:00:00.000,2018,9,11,12,00000KT,11,10
2018-09-11 13:00:00.000,2018,9,11,13,00000KT,14,10
2018-09-11 14:00:00.000,2018,9,11,14,03004KT,16,10
2018-09-11 15:00:00.000,2018,9,11,15,VRB04KT,17,09
2018-09-11 16:00:00.000,2018,9,11,16,08003KT,18,08
2018-09-11 17:00:00.000,2018,9,11,17,VRB03KT,18,08
2018-09-11 18:00:00.000,2018,9,11,18,28008KT,15,11
2018-09-11 19:00:00.000,2018,9,11,19,32005KT,14,12
2018-09-11 20:00:00.000,2018,9,11,20,28009KT,15,12
2018-09-11 21:00:00.000,2018,9,11,21,24005KT,16,11
2018-09-11 22:00:00.000,2018,9,11,22,24006KT,16,10
2018-09-11 23:00:00.000,2018,9,11,23,25008KT,15,10
2018-09-12 00:00:00.000,2018,9,12,0,VRB02KT,13,10
2018-09-12 01:00:00.000,2018,9,12,1,31003KT,12,10
2018-09-12 02:00:00.000,2018,9,12,2,27003KT,12,10
2018-09-12 03:00:00.000,2018,9,12,3,27004KT,12,09
2018-09-12 04:00:00.000,2018,9,12,4,29004KT,13,10
2018-09-12 05:00:00.000,2018,9,12,5,24004KT,13,09
2018-09-12 06:00:00.000,2018,9,12,6,VRB02KT,12,09
2018-09-12 07:00:00.000,2018,9,12,7,VRB02KT,12,09
2018-09-12 08:00:00.000,2018,9,12,8,VRB02KT,11,10
2018-09-12 09:00:00.000,2018,9,12,9,VRB02KT,10,09
2018-09-12 10:00:00.000,2018,9,12,10,VRB02KT,10,09
2018-09-12 11:00:00.000,2018,9,12,11,VRB02KT,10,09
2018-09-12 12:00:00.000,2018,9,12,12,00000KT,11,10
2018-09-12 13:00:00.000,2018,9,12,13,VRB02KT,12,11
2018-09-12 14:00:00.000,2018,9,12,14,VRB04KT,16,10
2018-09-12 15:00:00.000,2018,9,12,15,31005KT,18,08
2018-09-12 16:00:00.000,2018,9,12,16,28006KT,18,09
2018-09-12 17:00:00.000,2018,9,12,17,22008KT,17,10
2018-09-12 18:00:00.000,2018,9,12,18,27007KT,19,10
2018-09-12 19:00:00.000,2018,9,12,19,21006KT,16,11
2018-09-12 20:00:00.000,2018,9,12,20,27004KT,16,12
2018-09-12 21:00:00.000,2018,9,12,21,23010KT,17,11
2018-09-12 22:00:00.000,2018,9,12,22,23008KT,16,11
2018-09-12 23:00:00.000,2018,9,12,23,14003KT,14,10
2018-09-13 00:00:00.000,2018,9,13,0,VRB02KT,13,11
2018-09-13 01:00:00.000,2018,9,13,1,VRB02KT,13,11
2018-09-13 02:00:00.000,2018,9,13,2,VRB02KT,13,12
2018-09-13 03:00:00.000,2018,9,13,3,VRB02KT,13,10
2018-09-13 04:00:00.000,2018,9,13,4,00000KT,12,10
2018-09-13 05:00:00.000,2018,9,13,5,28003KT,12,10
2018-09-13 06:00:00.000,2018,9,13,6,00000KT,12,10
2018-09-13 07:00:00.000,2018,9,13,7,VRB02KT,12,10
2018-09-13 08:00:00.000,2018,9,13,8,VRB02KT,11,10
2018-09-13 09:00:00.000,2018,9,13,9,00000KT,11,10
2018-09-13 10:00:00.000,2018,9,13,10,VRB02KT,11,10
2018-09-13 11:00:00.000,2018,9,13,11,VRB02KT,11,10
2018-09-13 12:00:00.000,2018,9,13,12,VRB02KT,11,10
2018-09-13 13:00:00.000,2018,9,13,13,02004KT,14,11
2018-09-13 14:00:00.000,2018,9,13,14,VRB02KT,16,11
2018-09-13 15:00:00.000,2018,9,13,15,VRB02KT,16,09
2018-09-13 16:00:00.000,2018,9,13,16,28003KT,16,10
2018-09-13 17:00:00.000,2018,9,13,17,27004KT,17,09
2018-09-13 18:00:00.000,2018,9,13,18,VRB03KT,18,10
2018-09-13 19:00:00.000,2018,9,13,19,33007KT,17,12
2018-09-13 20:00:00.000,2018,9,13,20,18013KT,19,11
2018-09-13 21:00:00.000,2018,9,13,21,23009KT,15,10
2018-09-13 22:00:00.000,2018,9,13,22,22006KT,14,10
2018-09-13 23:00:00.000,2018,9,13,23,22005KT,14,11
2018-09-14 00:00:00.000,2018,9,14,0,26004KT,14,11
2018-09-14 01:00:00.000,2018,9,14,1,VRB02KT,13,11
2018-09-14 02:00:00.000,2018,9,14,2,VRB02KT,13,11
2018-09-14 03:00:00.000,2018,9,14,3,31005KT,12,10
2018-09-14 04:00:00.000,2018,9,14,4,32005KT,12,10
2018-09-14 05:00:00.000,2018,9,14,5,VRB02KT,11,10
2018-09-14 06:00:00.000,2018,9,14,6,VRB02KT,12,10
2018-09-14 07:00:00.000,2018,9,14,7,VRB02KT,11,10
2018-09-14 08:00:00.000,2018,9,14,8,VRB02KT,11,10
2018-09-14 09:00:00.000,2018,9,14,9,VRB02KT,11,10
2018-09-14 10:00:00.000,2018,9,14,10,VRB02KT,10,09
2018-09-14 11:00:00.000,2018,9,14,11,29004KT,10,09
2018-09-14 12:00:00.000,2018,9,14,12,00000KT,10,09
2018-09-14 13:00:00.000,2018,9,14,13,12003KT,13,12
2018-09-14 14:00:00.000,2018,9,14,14,03004KT,15,10
2018-09-14 15:00:00.000,2018,9,14,15,35006KT,16,11
2018-09-14 16:00:00.000,2018,9,14,16,05005KT,17,10
2018-09-14 17:00:00.000,2018,9,14,17,03008KT,18,09
2018-09-14 18:00:00.000,2018,9,14,18,21009KT,16,11
2018-09-14 19:00:00.000,2018,9,14,19,27007KT,17,11
2018-09-14 20:00:00.000,2018,9,14,20,30011KT,19,12
2018-09-14 21:00:00.000,2018,9,14,21,30012KT,17,12
2018-09-14 22:00:00.000,2018,9,14,22,25011KT,16,11
2018-09-14 23:00:00.000,2018,9,14,23,24008KT,15,12
2018-09-15 00:00:00.000,2018,9,15,0,32004KT,14,12
2018-09-15 01:00:00.000,2018,9,15,1,32004KT,13,12
2018-09-15 02:00:00.000,2018,9,15,2,VRB04KT,13,12
2018-09-15 03:00:00.000,2018,9,15,3,VRB02KT,13,11
2018-09-15 04:00:00.000,2018,9,15,4,27004KT,13,11
2018-09-15 05:00:00.000,2018,9,15,5,34003KT,12,11
2018-09-15 06:00:00.000,2018,9,15,6,28004KT,12,11
2018-09-15 07:00:00.000,2018,9,15,7,00000KT,12,11
2018-09-15 08:00:00.000,2018,9,15,8,VRB02KT,11,10
2018-09-15 09:00:00.000,2018,9,15,9,33003KT,11,11
2018-09-15 10:00:00.000,2018,9,15,10,00000KT,11,10
2018-09-15 11:00:00.000,2018,9,15,11,34003KT,11,10
2018-09-15 12:00:00.000,2018,9,15,12,VRB02KT,12,10
2018-09-15 13:00:00.000,2018,9,15,13,VRB02KT,14,11
2018-09-15 14:00:00.000,2018,9,15,14,VRB02KT,16,11
2018-09-15 15:00:00.000,2018,9,15,15,VRB02KT,17,09
2018-09-15 16:00:00.000,2018,9,15,16,24004KT,18,09
2018-09-15 17:00:00.000,2018,9,15,17,22010KT,15,11
2018-09-15 18:00:00.000,2018,9,15,18,25010KT,17,11
2018-09-15 19:00:00.000,2018,9,15,19,27007KT,17,10
2018-09-15 20:00:00.000,2018,9,15,20,VRB08KT,14,12
2018-09-15 21:00:00.000,2018,9,15,21,25004KT,13,12
2018-09-15 22:00:00.000,2018,9,15,22,02003KT,13,11
2018-09-15 23:00:00.000,2018,9,15,23,01003KT,13,11
2018-09-16 00:00:00.000,2018,9,16,0,35003KT,13,12
2018-09-16 01:00:00.000,2018,9,16,1,04008KT,12,10
2018-09-16 02:00:00.000,2018,9,16,2,05007KT,12,10
2018-09-16 03:00:00.000,2018,9,16,3,04004KT,12,10
2018-09-16 04:00:00.000,2018,9,16,4,05004KT,12,10
2018-09-16 05:00:00.000,2018,9,16,5,04004KT,12,10
2018-09-16 06:00:00.000,2018,9,16,6,06006KT,12,10
2018-09-16 07:00:00.000,2018,9,16,7,03005KT,11,09
2018-09-16 08:00:00.000,2018,9,16,8,05004KT,11,09
2018-09-16 09:00:00.000,2018,9,16,9,06003KT,11,09
2018-09-16 10:00:00.000,2018,9,16,10,06005KT,11,09
2018-09-16 11:00:00.000,2018,9,16,11,VRB02KT,11,09
2018-09-16 12:00:00.000,2018,9,16,12,05005KT,12,09
2018-09-16 13:00:00.000,2018,9,16,13,14003KT,14,09
2018-09-16 14:00:00.000,2018,9,16,14,14006KT,15,08
2018-09-16 15:00:00.000,2018,9,16,15,16014KT,16,07
2018-09-16 16:00:00.000,2018,9,16,16,14010KT,18,07
2018-09-16 17:00:00.000,2018,9,16,17,13010KT,17,05
2018-09-16 18:00:00.000,2018,9,16,18,09010KT,17,07
2018-09-16 19:00:00.000,2018,9,16,19,13008KT,18,05
2018-09-16 20:00:00.000,2018,9,16,20,15011KT,18,05
2018-09-16 21:00:00.000,2018,9,16,21,14010KT,18,06
2018-09-16 22:00:00.000,2018,9,16,22,12008KT,17,05
2018-09-16 23:00:00.000,2018,9,16,23,12006KT,16,05
2018-09-17 00:00:00.000,2018,9,17,0,14009KT,14,06
2018-09-17 01:00:00.000,2018,9,17,1,12006KT,13,05
2018-09-17 02:00:00.000,2018,9,17,2,07005KT,12,06
2018-09-17 03:00:00.000,2018,9,17,3,02004KT,10,07
2018-09-17 04:00:00.000,2018,9,17,4,05006KT,10,07
2018-09-17 05:00:00.000,2018,9,17,5,03004KT,09,07
2018-09-17 06:00:00.000,2018,9,17,6,03003KT,09,06
2018-09-17 07:00:00.000,2018,9,17,7,VRB02KT,07,05
2018-09-17 08:00:00.000,2018,9,17,8,02003KT,07,06
2018-09-17 09:00:00.000,2018,9,17,9,03003KT,06,05
2018-09-17 10:00:00.000,2018,9,17,10,05004KT,07,06
2018-09-17 11:00:00.000,2018,9,17,11,04005KT,07,06
2018-09-17 12:00:00.000,2018,9,17,12,06005KT,10,07
2018-09-17 13:00:00.000,2018,9,17,13,06008KT,13,06
2018-09-17 14:00:00.000,2018,9,17,14,06007KT,16,07
2018-09-17 15:00:00.000,2018,9,17,15,VRB04KT,19,05
2018-09-17 16:00:00.000,2018,9,17,16,09008KT,19,04
2018-09-17 17:00:00.000,2018,9,17,17,10008KT,20,04
2018-09-17 18:00:00.000,2018,9,17,18,12008KT,21,06
2018-09-17 19:00:00.000,2018,9,17,19,13006KT,21,04
2018-09-17 20:00:00.000,2018,9,17,20,32004KT,21,05
2018-09-17 21:00:00.000,2018,9,17,21,29015KT,17,13
2018-09-17 22:00:00.000,2018,9,17,22,30006KT,13,11
2018-09-17 23:00:00.000,2018,9,17,23,32005KT,13,10
2018-09-18 00:00:00.000,2018,9,18,0,33004KT,12,10
2018-09-18 01:00:00.000,2018,9,18,1,08004KT,13,11
2018-09-18 02:00:00.000,2018,9,18,2,VRB02KT,13,11
2018-09-18 03:00:00.000,2018,9,18,3,VRB02KT,12,09
2018-09-18 04:00:00.000,2018,9,18,4,05005KT,12,09
2018-09-18 05:00:00.000,2018,9,18,5,VRB02KT,12,09
2018-09-18 06:00:00.000,2018,9,18,6,34004KT,11,09
2018-09-18 07:00:00.000,2018,9,18,7,35003KT,11,09
2018-09-18 08:00:00.000,2018,9,18,8,04005KT,11,09
2018-09-18 09:00:00.000,2018,9,18,9,35003KT,11,09
2018-09-18 10:00:00.000,2018,9,18,10,05006KT,11,09
2018-09-18 11:00:00.000,2018,9,18,11,03004KT,10,08
2018-09-18 12:00:00.000,2018,9,18,12,05006KT,12,09
2018-09-18 13:00:00.000,2018,9,18,13,06005KT,14,09
2018-09-18 14:00:00.000,2018,9,18,14,03004KT,16,08
2018-09-18 15:00:00.000,2018,9,18,15,VRB03KT,18,08
2018-09-18 16:00:00.000,2018,9,18,16,12011KT,19,07
2018-09-18 17:00:00.000,2018,9,18,17,12009KT,19,07
2018-09-18 18:00:00.000,2018,9,18,18,14012KT,20,09
2018-09-18 19:00:00.000,2018,9,18,19,12012KT,19,07
2018-09-18 20:00:00.000,2018,9,18,20,11010KT,20,08
2018-09-18 21:00:00.000,2018,9,18,21,14010KT,18,08
2018-09-18 22:00:00.000,2018,9,18,22,13007KT,18,09
2018-09-18 23:00:00.000,2018,9,18,23,16009KT,16,08
2018-09-19 00:00:00.000,2018,9,19,0,12006KT,15,08
2018-09-19 01:00:00.000,2018,9,19,1,10006KT,15,08
2018-09-19 02:00:00.000,2018,9,19,2,10003KT,14,08
2018-09-19 03:00:00.000,2018,9,19,3,05005KT,12,09
2018-09-19 04:00:00.000,2018,9,19,4,03006KT,11,09
2018-09-19 05:00:00.000,2018,9,19,5,03005KT,10,08
2018-09-19 06:00:00.000,2018,9,19,6,35003KT,10,08
2018-09-19 07:00:00.000,2018,9,19,7,06006KT,10,08
2018-09-19 08:00:00.000,2018,9,19,8,08004KT,10,08
2018-09-19 09:00:00.000,2018,9,19,9,VRB02KT,09,08
2018-09-19 10:00:00.000,2018,9,19,10,VRB02KT,08,07
2018-09-19 11:00:00.000,2018,9,19,11,33004KT,07,06
2018-09-19 12:00:00.000,2018,9,19,12,VRB02KT,10,09
2018-09-19 13:00:00.000,2018,9,19,13,04004KT,16,09
2018-09-19 14:00:00.000,2018,9,19,14,12008KT,17,08
2018-09-19 15:00:00.000,2018,9,19,15,12014KT,19,07
2018-09-19 16:00:00.000,2018,9,19,16,12014G24KT,20,07
2018-09-19 17:00:00.000,2018,9,19,17,12014KT,19,07
2018-09-19 18:00:00.000,2018,9,19,18,12012KT,18,06
2018-09-19 19:00:00.000,2018,9,19,19,14014KT,19,07
2018-09-19 20:00:00.000,2018,9,19,20,14013KT,18,06
2018-09-19 21:00:00.000,2018,9,19,21,15011KT,18,07
2018-09-19 22:00:00.000,2018,9,19,22,12007KT,18,07
2018-09-19 23:00:00.000,2018,9,19,23,13010KT,16,06
2018-09-20 00:00:00.000,2018,9,20,0,13008KT,15,07
2018-09-20 01:00:00.000,2018,9,20,1,13006KT,15,07
2018-09-20 02:00:00.000,2018,9,20,2,13005KT,14,08
2018-09-20 03:00:00.000,2018,9,20,3,35003KT,14,09
2018-09-20 04:00:00.000,2018,9,20,4,06006KT,12,09
2018-09-20 05:00:00.000,2018,9,20,5,04004KT,14,08
2018-09-20 06:00:00.000,2018,9,20,6,07004KT,13,09
2018-09-20 07:00:00.000,2018,9,20,7,08004KT,13,08
2018-09-20 08:00:00.000,2018,9,20,8,00000KT,11,08
2018-09-20 09:00:00.000,2018,9,20,9,03005KT,10,08
2018-09-20 10:00:00.000,2018,9,20,10,36003KT,10,08
2018-09-20 11:00:00.000,2018,9,20,11,04005KT,11,08
2018-09-20 12:00:00.000,2018,9,20,12,34005KT,12,09
2018-09-20 13:00:00.000,2018,9,20,13,16010KT,15,07
2018-09-20 14:00:00.000,2018,9,20,14,13012KT,17,07
2018-09-20 15:00:00.000,2018,9,20,15,15012KT,18,04
2018-09-20 16:00:00.000,2018,9,20,16,14011KT,18,04
2018-09-20 17:00:00.000,2018,9,20,17,17013KT,20,05
2018-09-20 18:00:00.000,2018,9,20,18,16014KT,21,05
2018-09-20 19:00:00.000,2018,9,20,19,13014KT,21,05
2018-09-20 20:00:00.000,2018,9,20,20,18016KT,20,04
2018-09-20 21:00:00.000,2018,9,20,21,17012KT,20,05
2018-09-20 22:00:00.000,2018,9,20,22,16010KT,19,05
2018-09-20 23:00:00.000,2018,9,20,23,15010KT,17,04
2018-09-21 00:00:00.000,2018,9,21,0,14010KT,14,05
2018-09-21 01:00:00.000,2018,9,21,1,14008KT,13,06
2018-09-21 02:00:00.000,2018,9,21,2,12006KT,14,07
2018-09-21 03:00:00.000,2018,9,21,3,13006KT,12,06
2018-09-21 04:00:00.000,2018,9,21,4,01003KT,11,07
2018-09-21 05:00:00.000,2018,9,21,5,VRB02KT,09,07
2018-09-21 06:00:00.000,2018,9,21,6,09003KT,10,08
2018-09-21 07:00:00.000,2018,9,21,7,31004KT,10,08
2018-09-21 08:00:00.000,2018,9,21,8,VRB02KT,06,05
2018-09-21 09:00:00.000,2018,9,21,9,VRB02KT,06,05
2018-09-21 10:00:00.000,2018,9,21,10,VRB02KT,06,05
2018-09-21 11:00:00.000,2018,9,21,11,02005KT,07,06
2018-09-21 12:00:00.000,2018,9,21,12,03003KT,09,08
2018-09-21 13:00:00.000,2018,9,21,13,03005KT,12,08
2018-09-21 14:00:00.000,2018,9,21,14,04005KT,16,07
2018-09-21 15:00:00.000,2018,9,21,15,35003KT,16,07
2018-09-21 16:00:00.000,2018,9,21,16,10009KT,18,06
2018-09-21 17:00:00.000,2018,9,21,17,10009KT,19,06
2018-09-21 18:00:00.000,2018,9,21,18,13012KT,19,06
2018-09-21 19:00:00.000,2018,9,21,19,12012KT,21,06
2018-09-21 20:00:00.000,2018,9,21,20,10008KT,20,06
2018-09-21 21:00:00.000,2018,9,21,21,12010KT,19,07
2018-09-21 22:00:00.000,2018,9,21,22,11010KT,18,08
2018-09-21 23:00:00.000,2018,9,21,23,15006KT,17,08
2018-09-22 00:00:00.000,2018,9,22,0,32003KT,16,10
2018-09-22 01:00:00.000,2018,9,22,1,02003KT,14,09
2018-09-22 02:00:00.000,2018,9,22,2,34003KT,13,10
2018-09-22 03:00:00.000,2018,9,22,3,16009KT,14,09
2018-09-22 04:00:00.000,2018,9,22,4,13007KT,13,09
2018-09-22 05:00:00.000,2018,9,22,5,36003KT,12,09
2018-09-22 06:00:00.000,2018,9,22,6,VRB02KT,11,09
2018-09-22 07:00:00.000,2018,9,22,7,07003KT,11,09
2018-09-22 08:00:00.000,2018,9,22,8,06003KT,11,09
2018-09-22 09:00:00.000,2018,9,22,9,VRB02KT,11,09
2018-09-22 10:00:00.000,2018,9,22,10,32004KT,11,09
2018-09-22 11:00:00.000,2018,9,22,11,32003KT,11,09
2018-09-22 12:00:00.000,2018,9,22,12,34003KT,12,10
2018-09-22 13:00:00.000,2018,9,22,13,03004KT,14,10
2018-09-22 14:00:00.000,2018,9,22,14,VRB02KT,16,10
2018-09-22 15:00:00.000,2018,9,22,15,17008KT,18,09
2018-09-22 16:00:00.000,2018,9,22,16,18008KT,18,08
2018-09-22 17:00:00.000,2018,9,22,17,15006KT,19,08
2018-09-22 18:00:00.000,2018,9,22,18,15011KT,18,09
2018-09-22 19:00:00.000,2018,9,22,19,14010KT,20,08
2018-09-22 20:00:00.000,2018,9,22,20,16011KT,20,08
2018-09-22 21:00:00.000,2018,9,22,21,24011KT,18,10
2018-09-22 22:00:00.000,2018,9,22,22,24007KT,17,10
2018-09-22 23:00:00.000,2018,9,22,23,33004KT,16,12
2018-09-23 00:00:00.000,2018,9,23,0,24004KT,15,10
2018-09-23 01:00:00.000,2018,9,23,1,VRB02KT,13,10
2018-09-23 02:00:00.000,2018,9,23,2,21004KT,14,09
2018-09-23 03:00:00.000,2018,9,23,3,09003KT,13,08
2018-09-23 04:00:00.000,2018,9,23,4,27004KT,11,08
2018-09-23 05:00:00.000,2018,9,23,5,02003KT,10,08
2018-09-23 06:00:00.000,2018,9,23,6,03004KT,10,08
2018-09-23 07:00:00.000,2018,9,23,7,00000KT,10,09
2018-09-23 08:00:00.000,2018,9,23,8,11003KT,10,08
2018-09-23 09:00:00.000,2018,9,23,9,VRB02KT,09,08
2018-09-23 10:00:00.000,2018,9,23,10,03003KT,08,07
2018-09-23 11:00:00.000,2018,9,23,11,VRB04KT,09,08
2018-09-23 12:00:00.000,2018,9,23,12,VRB02KT,12,09
2018-09-23 13:00:00.000,2018,9,23,13,03003KT,13,10
2018-09-23 14:00:00.000,2018,9,23,14,14004KT,15,10
2018-09-23 15:00:00.000,2018,9,23,15,17014KT,17,08
2018-09-23 16:00:00.000,2018,9,23,16,16013KT,17,08
2018-09-23 17:00:00.000,2018,9,23,17,16014KT,18,08
2018-09-23 18:00:00.000,2018,9,23,18,16014KT,20,07
2018-09-23 19:00:00.000,2018,9,23,19,17014KT,20,07
2018-09-23 21:00:00.000,2018,9,23,21,19010KT,20,05
2018-09-23 22:00:00.000,2018,9,23,22,13006KT,18,06
2018-09-23 23:00:00.000,2018,9,23,23,12004KT,14,10
2018-09-24 00:00:00.000,2018,9,24,0,31004KT,14,11
2018-09-24 01:00:00.000,2018,9,24,1,VRB02KT,13,11
2018-09-24 02:00:00.000,2018,9,24,2,03006KT,13,09
2018-09-24 03:00:00.000,2018,9,24,3,19010KT,13,09
2018-09-24 04:00:00.000,2018,9,24,4,VRB02KT,12,10
2018-09-24 05:00:00.000,2018,9,24,5,03003KT,12,10
2018-09-24 06:00:00.000,2018,9,24,6,36004KT,11,09
2018-09-24 07:00:00.000,2018,9,24,7,VRB02KT,11,09
2018-09-24 08:00:00.000,2018,9,24,8,VRB02KT,11,09
2018-09-24 09:00:00.000,2018,9,24,9,VRB02KT,10,09
2018-09-24 10:00:00.000,2018,9,24,10,VRB02KT,10,08
2018-09-24 11:00:00.000,2018,9,24,11,VRB02KT,10,09
2018-09-24 12:00:00.000,2018,9,24,12,VRB02KT,12,10
2018-09-24 13:00:00.000,2018,9,24,13,06003KT,14,10
2018-09-24 14:00:00.000,2018,9,24,14,19012KT,14,09
2018-09-24 15:00:00.000,2018,9,24,15,17010KT,16,09
2018-09-24 16:00:00.000,2018,9,24,16,16015KT,17,07
2018-09-24 17:00:00.000,2018,9,24,17,16015KT,18,07
2018-09-24 18:00:00.000,2018,9,24,18,16014KT,18,07
2018-09-24 19:00:00.000,2018,9,24,19,16018KT,18,07
2018-09-24 20:00:00.000,2018,9,24,20,17014KT,19,07
2018-09-24 21:00:00.000,2018,9,24,21,18013KT,19,06
2018-09-24 22:00:00.000,2018,9,24,22,18014KT,17,06
2018-09-24 23:00:00.000,2018,9,24,23,16012KT,16,06
2018-09-25 00:00:00.000,2018,9,25,0,14010KT,13,07
2018-09-25 01:00:00.000,2018,9,25,1,13008KT,13,07
2018-09-25 02:00:00.000,2018,9,25,2,12004KT,14,08
2018-09-25 03:00:00.000,2018,9,25,3,14006KT,14,06
2018-09-25 04:00:00.000,2018,9,25,4,VRB02KT,10,08
2018-09-25 05:00:00.000,2018,9,25,5,01004KT,10,08
2018-09-25 06:00:00.000,2018,9,25,6,06005KT,10,08
2018-09-25 07:00:00.000,2018,9,25,7,06004KT,10,07
2018-09-25 08:00:00.000,2018,9,25,8,00000KT,07,06
2018-09-25 09:00:00.000,2018,9,25,9,32003KT,08,07
2018-09-25 10:00:00.000,2018,9,25,10,30003KT,08,07
2018-09-25 11:00:00.000,2018,9,25,11,00000KT,08,07
2018-09-25 12:00:00.000,2018,9,25,12,VRB02KT,10,09
2018-09-25 13:00:00.000,2018,9,25,13,10004KT,13,09
2018-09-25 14:00:00.000,2018,9,25,14,10006KT,15,07
2018-09-25 15:00:00.000,2018,9,25,15,09008KT,17,08
2018-09-25 16:00:00.000,2018,9,25,16,16014KT,15,07
2018-09-25 17:00:00.000,2018,9,25,17,15012KT,16,07
2018-09-25 18:00:00.000,2018,9,25,18,14007KT,17,08
2018-09-25 19:00:00.000,2018,9,25,19,18012KT,17,08
2018-09-25 20:00:00.000,2018,9,25,20,13008KT,18,09
2018-09-25 21:00:00.000,2018,9,25,21,09007KT,17,07
2018-09-25 22:00:00.000,2018,9,25,22,10006KT,18,07
2018-09-25 23:00:00.000,2018,9,25,23,05006KT,15,09
2018-09-26 00:00:00.000,2018,9,26,0,04004KT,13,08
2018-09-26 01:00:00.000,2018,9,26,1,05006KT,11,08
2018-09-26 02:00:00.000,2018,9,26,2,05006KT,11,08
2018-09-26 03:00:00.000,2018,9,26,3,04005KT,11,08
2018-09-26 04:00:00.000,2018,9,26,4,34505KT,08,06
2018-09-26 05:00:00.000,2018,9,26,5,22003KT,09,08
2018-09-26 06:00:00.000,2018,9,26,6,31003KT,09,07
2018-09-26 07:00:00.000,2018,9,26,7,34003KT,09,08
2018-09-26 08:00:00.000,2018,9,26,8,VRB02KT,10,08
2018-09-26 09:00:00.000,2018,9,26,9,VRB02KT,10,08
2018-09-26 10:00:00.000,2018,9,26,10,05004KT,11,09
2018-09-26 11:00:00.000,2018,9,26,11,VRB02KT,10,09
2018-09-26 12:00:00.000,2018,9,26,12,06004KT,12,10
2018-09-26 13:00:00.000,2018,9,26,13,03006KT,14,10
2018-09-26 14:00:00.000,2018,9,26,14,04007KT,15,10
2018-09-26 15:00:00.000,2018,9,26,15,07009KT,16,11
2018-09-26 16:00:00.000,2018,9,26,16,10006KT,18,09
2018-09-26 17:00:00.000,2018,9,26,17,11008KT,19,07
2018-09-26 18:00:00.000,2018,9,26,18,08010KT,18,08
2018-09-26 19:00:00.000,2018,9,26,19,05007KT,18,09
2018-09-26 20:00:00.000,2018,9,26,20,28006KT,17,09
2018-09-26 21:00:00.000,2018,9,26,21,13006KT,19,08
2018-09-26 22:00:00.000,2018,9,26,22,13012KT,19,07
2018-09-26 23:00:00.000,2018,9,26,23,11008KT,17,08
2018-09-27 00:00:00.000,2018,9,27,0,12004KT,16,08
2018-09-27 01:00:00.000,2018,9,27,1,06003KT,14,09
2018-09-27 02:00:00.000,2018,9,27,2,32004KT,12,10
2018-09-27 03:00:00.000,2018,9,27,3,02003KT,12,10
2018-09-27 04:00:00.000,2018,9,27,4,VRB02KT,12,11
2018-09-27 05:00:00.000,2018,9,27,5,03003KT,12,10
2018-09-27 06:00:00.000,2018,9,27,6,04004KT,12,09
2018-09-27 07:00:00.000,2018,9,27,7,VRB02KT,11,09
2018-09-27 08:00:00.000,2018,9,27,8,05007KT,12,09
2018-09-27 09:00:00.000,2018,9,27,9,06007KT,12,08
2018-09-27 10:00:00.000,2018,9,27,10,05006KT,11,07
2018-09-27 11:00:00.000,2018,9,27,11,03004KT,11,07
2018-09-27 12:00:00.000,2018,9,27,12,404004KT,12,08
2018-09-27 13:00:00.000,2018,9,27,13,04007KT,14,08
2018-09-27 14:00:00.000,2018,9,27,14,04004KT,15,07
2018-09-27 15:00:00.000,2018,9,27,15,31003KT,18,09
2018-09-27 16:00:00.000,2018,9,27,16,01003KT,17,08
2018-09-27 17:00:00.000,2018,9,27,17,25006KT,17,09
2018-09-27 18:00:00.000,2018,9,27,18,33005KT,16,11
2018-09-27 19:00:00.000,2018,9,27,19,33006KT,17,11
2018-09-27 20:00:00.000,2018,9,27,20,31006KT,17,11
2018-09-27 21:00:00.000,2018,9,27,21,29006KT,14,11
2018-09-27 22:00:00.000,2018,9,27,22,31006KT,15,12
2018-09-27 23:00:00.000,2018,9,27,23,34006KT,14,11
2018-09-28 00:00:00.000,2018,9,28,0,33004KT,13,11
2018-09-28 01:00:00.000,2018,9,28,1,32003KT,13,10
2018-09-28 02:00:00.000,2018,9,28,2,27005KT,14,10
2018-09-28 03:00:00.000,2018,9,28,3,VRB02KT,13,10
2018-09-28 04:00:00.000,2018,9,28,4,VRB02KT,12,11
2018-09-28 05:00:00.000,2018,9,28,5,34004KT,12,10
2018-09-28 06:00:00.000,2018,9,28,6,VRB02KT,12,10
2018-09-28 07:00:00.000,2018,9,28,7,29003KT,11,09
2018-09-28 08:00:00.000,2018,9,28,8,VRB02KT,09,08
2018-09-28 09:00:00.000,2018,9,28,9,VRB02KT,09,08
2018-09-28 10:00:00.000,2018,9,28,10,VRB02KT,08,07
2018-09-28 11:00:00.000,2018,9,28,11,23003KT,06,06
2018-09-28 12:00:00.000,2018,9,28,12,VRB02KT,10,09
2018-09-28 13:00:00.000,2018,9,28,13,33003KT,14,12
2018-09-28 14:00:00.000,2018,9,28,14,06004KT,17,10
2018-09-28 15:00:00.000,2018,9,28,15,17011KT,19,06
2018-09-28 16:00:00.000,2018,9,28,16,16014KT,21,05
2018-09-28 17:00:00.000,2018,9,28,17,15015KT,21,05
2018-09-28 18:00:00.000,2018,9,28,18,14013KT,21,07
2018-09-28 19:00:00.000,2018,9,28,19,14010KT,21,07
2018-09-28 20:00:00.000,2018,9,28,20,VRB06KT,19,10
2018-09-28 21:00:00.000,2018,9,28,21,31008KT,18,11
2018-09-28 22:00:00.000,2018,9,28,22,30012KT,17,11
2018-09-28 23:00:00.000,2018,9,28,23,26010KT,16,10
2018-09-29 00:00:00.000,2018,9,29,0,28006KT,15,10
2018-09-29 01:00:00.000,2018,9,29,1,VRB03KT,14,10
2018-09-29 02:00:00.000,2018,9,29,2,05005KT,14,11
2018-09-29 03:00:00.000,2018,9,29,3,01003KT,13,11
2018-09-29 04:00:00.000,2018,9,29,4,11004KT,15,10
2018-09-29 05:00:00.000,2018,9,29,5,04006KT,12,11
2018-09-29 06:00:00.000,2018,9,29,6,35003KT,12,10
2018-09-29 07:00:00.000,2018,9,29,7,VRB02KT,12,10
2018-09-29 08:00:00.000,2018,9,29,8,05007KT,12,10
2018-09-29 09:00:00.000,2018,9,29,9,04005KT,11,09
2018-09-29 10:00:00.000,2018,9,29,10,VRB02KT,11,09
2018-09-29 11:00:00.000,2018,9,29,11,VRB02KT,10,09
2018-09-29 12:00:00.000,2018,9,29,12,03004KT,13,10
2018-09-29 13:00:00.000,2018,9,29,13,09004KT,17,10
2018-09-29 14:00:00.000,2018,9,29,14,VRB02KT,18,10
2018-09-29 15:00:00.000,2018,9,29,15,14012KT,21,18
2018-09-29 16:00:00.000,2018,9,29,16,15010KT,20,07
2018-09-29 17:00:00.000,2018,9,29,17,17013KT,20,07
2018-09-29 18:00:00.000,2018,9,29,18,17012KT,22,07
2018-09-29 19:00:00.000,2018,9,29,19,21015KT,22,07
2018-09-29 20:00:00.000,2018,9,29,20,18015KT,22,06
2018-09-29 21:00:00.000,2018,9,29,21,28012KT,20,10
2018-09-29 22:00:00.000,2018,9,29,22,27011KT,18,10
2018-09-29 23:00:00.000,2018,9,29,23,24011KT,17,12
2018-09-30 00:00:00.000,2018,9,30,0,25004KT,16,09
2018-09-30 01:00:00.000,2018,9,30,1,05005KT,14,12
2018-09-30 02:00:00.000,2018,9,30,2,34005KT,13,11
2018-09-30 03:00:00.000,2018,9,30,3,VRB02KT,13,10
2018-09-30 04:00:00.000,2018,9,30,4,VRB02KT,13,09
2018-09-30 05:00:00.000,2018,9,30,5,18006KT,14,09
2018-09-30 06:00:00.000,2018,9,30,6,04004KT,11,08
2018-09-30 07:00:00.000,2018,9,30,7,02003KT,11,08
2018-09-30 08:00:00.000,2018,9,30,8,06005KT,11,09
2018-09-30 09:00:00.000,2018,9,30,9,31005KT,10,08
2018-09-30 10:00:00.000,2018,9,30,10,35003KT,10,09
2018-09-30 11:00:00.000,2018,9,30,11,VRB02KT,10,09
2018-09-30 12:00:00.000,2018,9,30,12,05006KT,12,10
2018-09-30 13:00:00.000,2018,9,30,13,04007KT,13,09
2018-09-30 14:00:00.000,2018,9,30,14,05006KT,14,10
2018-09-30 15:00:00.000,2018,9,30,15,06007KT,15,10
2018-09-30 16:00:00.000,2018,9,30,16,04006KT,18,10
2018-09-30 17:00:00.000,2018,9,30,17,10004KT,20,09
2018-09-30 18:00:00.000,2018,9,30,18,24012KT,20,11
2018-09-30 19:00:00.000,2018,9,30,19,25012KT,20,12
2018-09-30 20:00:00.000,2018,9,30,20,20010KT,22,07
2018-09-30 21:00:00.000,2018,9,30,21,20008KT,21,07
2018-09-30 22:00:00.000,2018,9,30,22,25008KT,20,09
2018-09-30 23:00:00.000,2018,9,30,23,VRB02KT,17,10
2018-10-01 00:00:00.000,2018,10,1,0,20006KT,17,08
2018-10-01 01:00:00.000,2018,10,1,1,17008KT,16,08
2018-10-01 02:00:00.000,2018,10,1,2,VRB07KT,15,09
2018-10-01 03:00:00.000,2018,10,1,3,32003KT,13,09
2018-10-01 04:00:00.000,2018,10,1,4,VRB02KT,13,09
2018-10-01 05:00:00.000,2018,10,1,5,04008KT,13,09
2018-10-01 06:00:00.000,2018,10,1,6,02004KT,12,09
2018-10-01 07:00:00.000,2018,10,1,7,06005KT,12,10
2018-10-01 08:00:00.000,2018,10,1,8,34003KT,11,09
2018-10-01 09:00:00.000,2018,10,1,9,VRB02KT,09,08
2018-10-01 10:00:00.000,2018,10,1,10,VRB02KT,10,09
2018-10-01 11:00:00.000,2018,10,1,11,33003KT,09,08
2018-10-01 12:00:00.000,2018,10,1,12,02004KT,11,10
2018-10-01 13:00:00.000,2018,10,1,13,04003KT,15,11
2018-10-01 14:00:00.000,2018,10,1,14,01003KT,17,10
2018-10-01 15:00:00.000,2018,10,1,15,36003KT,18,08
2018-10-01 16:00:00.000,2018,10,1,16,36004KT,20,09
2018-10-01 17:00:00.000,2018,10,1,17,VRB03KT,20,10
2018-10-01 18:00:00.000,2018,10,1,18,28010KT,20,11
2018-10-01 19:00:00.000,2018,10,1,19,25010KT,19,10
2018-10-01 20:00:00.000,2018,10,1,20,20006KT,17,09
2018-10-01 21:00:00.000,2018,10,1,21,20004KT,17,10
2018-10-01 22:00:00.000,2018,10,1,22,01003KT,16,10
2018-10-01 23:00:00.000,2018,10,1,23,11005KT,17,10
2018-10-02 00:00:00.000,2018,10,2,0,16009KT,16,10
2018-10-02 01:00:00.000,2018,10,2,1,07006KT,15,11
2018-10-02 02:00:00.000,2018,10,2,2,04006KT,14,10
2018-10-02 03:00:00.000,2018,10,2,3,06009KT,14,10
2018-10-02 04:00:00.000,2018,10,2,4,05008KT,13,10
2018-10-02 05:00:00.000,2018,10,2,5,04009KT,12,09
2018-10-02 06:00:00.000,2018,10,2,6,06006KT,12,09
2018-10-02 07:00:00.000,2018,10,2,7,30005KT,12,09
2018-10-02 08:00:00.000,2018,10,2,8,24008KT,10,09
2018-10-02 09:00:00.000,2018,10,2,9,22006KT,10,07
2018-10-02 10:00:00.000,2018,10,2,10,VRB02KT,10,07
2018-10-02 11:00:00.000,2018,10,2,11,03005KT,09,07
2018-10-02 12:00:00.000,2018,10,2,12,36004KT,11,08
2018-10-02 13:00:00.000,2018,10,2,13,04006KT,12,08
2018-10-02 14:00:00.000,2018,10,2,14,06009KT,15,09
2018-10-02 15:00:00.000,2018,10,2,15,07003KT,18,09
2018-10-02 16:00:00.000,2018,10,2,16,26004KT,20,06
2018-10-02 17:00:00.000,2018,10,2,17,35003KT,20,06
2018-10-02 18:00:00.000,2018,10,2,18,26004KT,21,06
2018-10-02 19:00:00.000,2018,10,2,19,18008KT,21,06
2018-10-02 20:00:00.000,2018,10,2,20,27005KT,22,07
2018-10-02 21:00:00.000,2018,10,2,21,30008KT,21,07
2018-10-02 22:00:00.000,2018,10,2,22,32010KT,20,08
2018-10-02 23:00:00.000,2018,10,2,23,27006KT,17,09
2018-10-03 00:00:00.000,2018,10,3,0,30009KT,15,10
2018-10-03 01:00:00.000,2018,10,3,1,01004KT,14,09
2018-10-03 02:00:00.000,2018,10,3,2,03005KT,12,10
2018-10-03 03:00:00.000,2018,10,3,3,05007KT,12,09
2018-10-03 04:00:00.000,2018,10,3,4,04005KT,11,09
2018-10-03 05:00:00.000,2018,10,3,5,VRB02KT,11,08
2018-10-03 06:00:00.000,2018,10,3,6,36003KT,11,09
2018-10-03 07:00:00.000,2018,10,3,7,VRB02KT,11,08
2018-10-03 08:00:00.000,2018,10,3,8,VRB02KT,10,08
2018-10-03 09:00:00.000,2018,10,3,9,VRB02KT,09,08
2018-10-03 10:00:00.000,2018,10,3,10,05005KT,08,07
2018-10-03 11:00:00.000,2018,10,3,11,VRB02KT,08,07
2018-10-03 12:00:00.000,2018,10,3,12,05004KT,13,09
2018-10-03 13:00:00.000,2018,10,3,13,04004KT,15,09
2018-10-03 14:00:00.000,2018,10,3,14,05006KT,16,09
2018-10-03 15:00:00.000,2018,10,3,15,04006KT,18,09
2018-10-03 16:00:00.000,2018,10,3,16,03007KT,19,09
2018-10-03 17:00:00.000,2018,10,3,17,07006KT,20,09
2018-10-03 18:00:00.000,2018,10,3,18,20016KT,15,10
2018-10-03 19:00:00.000,2018,10,3,19,31004KT,16,12
2018-10-03 20:00:00.000,2018,10,3,20,03006KT,15,10
2018-10-03 21:00:00.000,2018,10,3,21,34005KT,16,11
2018-10-03 22:00:00.000,2018,10,3,22,33006KT,16,12
2018-10-03 23:00:00.000,2018,10,3,23,VRB02KT,14,10
2018-10-04 00:00:00.000,2018,10,4,0,VRB02KT,14,10
2018-10-04 01:00:00.000,2018,10,4,1,26005KT,15,10
2018-10-04 02:00:00.000,2018,10,4,2,14004KT,13,10
2018-10-04 03:00:00.000,2018,10,4,3,04004KT,13,10
2018-10-04 04:00:00.000,2018,10,4,4,33005KT,11,09
2018-10-04 05:00:00.000,2018,10,4,5,VRB02KT,11,09
2018-10-04 06:00:00.000,2018,10,4,6,04003KT,12,09
2018-10-04 07:00:00.000,2018,10,4,7,31005KT,12,09
2018-10-04 08:00:00.000,2018,10,4,8,32004KT,11,10
2018-10-04 09:00:00.000,2018,10,4,9,VRB02KT,11,10
2018-10-04 10:00:00.000,2018,10,4,10,03003KT,11,10
2018-10-04 11:00:00.000,2018,10,4,11,00000KT,11,10
2018-10-04 12:00:00.000,2018,10,4,12,VRB02KT,12,10
2018-10-04 13:00:00.000,2018,10,4,13,04005KT,14,09
2018-10-04 14:00:00.000,2018,10,4,14,05005KT,15,09
2018-10-04 15:00:00.000,2018,10,4,15,36003KT,18,09
2018-10-04 16:00:00.000,2018,10,4,16,VRB02KT,18,09
2018-10-04 17:00:00.000,2018,10,4,17,VRB02KT,17,09
2018-10-04 18:00:00.000,2018,10,4,18,VRB05KT,19,06
2018-10-04 19:00:00.000,2018,10,4,19,14006KT,20,07
2018-10-04 20:00:00.000,2018,10,4,20,11006KT,20,07
2018-10-04 21:00:00.000,2018,10,4,21,24010KT,19,11
2018-10-04 22:00:00.000,2018,10,4,22,25010KT,17,11
2018-10-04 23:00:00.000,2018,10,4,23,29006KT,15,11
2018-10-05 00:00:00.000,2018,10,5,0,VRB02KT,13,11
2018-10-05 01:00:00.000,2018,10,5,1,VRB02KT,13,11
2018-10-05 02:00:00.000,2018,10,5,2,VRB02KT,13,12
2018-10-05 03:00:00.000,2018,10,5,3,26004KT,14,11
2018-10-05 04:00:00.000,2018,10,5,4,03004KT,15,10
2018-10-05 05:00:00.000,2018,10,5,5,VRB02KT,14,11
2018-10-05 06:00:00.000,2018,10,5,6,VRB02KT,13,10
2018-10-05 07:00:00.000,2018,10,5,7,03006KT,13,10
2018-10-05 08:00:00.000,2018,10,5,8,04008KT,12,09
2018-10-05 09:00:00.000,2018,10,5,9,05006KT,10,09
2018-10-05 10:00:00.000,2018,10,5,10,03004KT,10,08
2018-10-05 11:00:00.000,2018,10,5,11,VRB02KT,09,08
2018-10-05 12:00:00.000,2018,10,5,12,VRB02KT,11,09
2018-10-05 13:00:00.000,2018,10,5,13,05004KT,14,10
2018-10-05 14:00:00.000,2018,10,5,14,01003KT,17,09
2018-10-05 15:00:00.000,2018,10,5,15,05005KT,18,09
2018-10-05 16:00:00.000,2018,10,5,16,02003KT,18,08
2018-10-05 17:00:00.000,2018,10,5,17,24006KT,18,10
2018-10-05 18:00:00.000,2018,10,5,18,31010KT,18,12
2018-10-05 19:00:00.000,2018,10,5,19,23009KT,16,13
2018-10-05 20:00:00.000,2018,10,5,20,24008KT,15,13
2018-10-05 21:00:00.000,2018,10,5,21,30007KT,16,13
2018-10-05 22:00:00.000,2018,10,5,22,26006KT,16,12
2018-10-05 23:00:00.000,2018,10,5,23,23006KT,15,12
2018-10-06 00:00:00.000,2018,10,6,0,25005KT,14,12
2018-10-06 01:00:00.000,2018,10,6,1,VRB02KT,14,12
2018-10-06 02:00:00.000,2018,10,6,2,VRB02KT,14,12
2018-10-06 03:00:00.000,2018,10,6,3,33003KT,13,12
2018-10-06 04:00:00.000,2018,10,6,4,36003KT,13,12
2018-10-06 05:00:00.000,2018,10,6,5,01003KT,13,12
2018-10-06 06:00:00.000,2018,10,6,6,VRB02KT,12,11
2018-10-06 07:00:00.000,2018,10,6,7,35003KT,12,12
2018-10-06 08:00:00.000,2018,10,6,8,VRB02KT,12,11
2018-10-06 09:00:00.000,2018,10,6,9,VRB02KT,12,11
2018-10-06 10:00:00.000,2018,10,6,10,03004KT,12,11
2018-10-06 11:00:00.000,2018,10,6,11,VRB02KT,12,11
2018-10-06 12:00:00.000,2018,10,6,12,VRB02KT,12,12
2018-10-06 13:00:00.000,2018,10,6,13,25003KT,13,12
2018-10-06 14:00:00.000,2018,10,6,14,VRB02KT,13,11
2018-10-06 15:00:00.000,2018,10,6,15,32005KT,14,12
2018-10-06 16:00:00.000,2018,10,6,16,36006KT,14,12
2018-10-06 17:00:00.000,2018,10,6,17,30007KT,17,12
2018-10-06 18:00:00.000,2018,10,6,18,32005KT,17,11
2018-10-06 19:00:00.000,2018,10,6,19,27006KT,15,12
2018-10-06 20:00:00.000,2018,10,6,20,27008KT,14,12
2018-10-06 21:00:00.000,2018,10,6,21,27005KT,14,12
2018-10-06 22:00:00.000,2018,10,6,22,27004KT,14,12
2018-10-06 23:00:00.000,2018,10,6,23,VRB02KT,14,12
2018-10-07 00:00:00.000,2018,10,7,0,VRB02KT,12,11
2018-10-07 01:00:00.000,2018,10,7,1,VRB02KT,12,11
2018-10-07 02:00:00.000,2018,10,7,2,VRB02KT,11,10
2018-10-07 03:00:00.000,2018,10,7,3,VRB02KT,11,10
2018-10-07 04:00:00.000,2018,10,7,4,VRB03KT,11,10
2018-10-07 05:00:00.000,2018,10,7,5,VRB02KT,11,10
2018-10-07 06:00:00.000,2018,10,7,6,VRB02KT,11,10
2018-10-07 07:00:00.000,2018,10,7,7,VRB02KT,12,11
2018-10-07 08:00:00.000,2018,10,7,8,VRB02KT,12,11
2018-10-07 09:00:00.000,2018,10,7,9,VRB02KT,11,10
2018-10-07 10:00:00.000,2018,10,7,10,VRB02KT,11,10
2018-10-07 11:00:00.000,2018,10,7,11,VRB02KT,11,10
2018-10-07 12:00:00.000,2018,10,7,12,VRB02KT,12,11
2018-10-07 13:00:00.000,2018,10,7,13,VRB02KT,13,12
2018-10-07 14:00:00.000,2018,10,7,14,02003KT,17,11
2018-10-07 15:00:00.000,2018,10,7,15,36003KT,19,10
2018-10-07 16:00:00.000,2018,10,7,16,06005KT,18,09
2018-10-07 17:00:00.000,2018,10,7,17,19006KT,18,09
2018-10-07 18:00:00.000,2018,10,7,18,07005KT,19,08
2018-10-07 19:00:00.000,2018,10,7,19,26006KT,17,12
2018-10-07 20:00:00.000,2018,10,7,20,29008KT,18,14
2018-10-07 21:00:00.000,2018,10,7,21,26008KT,16,13
2018-10-07 22:00:00.000,2018,10,7,22,22005KT,16,12
2018-10-07 23:00:00.000,2018,10,7,23,22004KT,16,10
2018-10-08 00:00:00.000,2018,10,8,0,32003KT,14,12
2018-10-08 01:00:00.000,2018,10,8,1,VRB02KT,14,12
2018-10-08 02:00:00.000,2018,10,8,2,21004KT,14,12
2018-10-08 03:00:00.000,2018,10,8,3,23005KT,14,12
2018-10-08 04:00:00.000,2018,10,8,4,05004KT,12,11
2018-10-08 05:00:00.000,2018,10,8,5,04006KT,12,10
2018-10-08 06:00:00.000,2018,10,8,6,03007KT,12,10
2018-10-08 07:00:00.000,2018,10,8,7,04003KT,12,10
2018-10-08 08:00:00.000,2018,10,8,8,05008KT,12,09
2018-10-08 09:00:00.000,2018,10,8,9,05005KT,11,09
2018-10-08 10:00:00.000,2018,10,8,10,05004KT,11,09
2018-10-08 11:00:00.000,2018,10,8,11,06005KT,10,09
2018-10-08 12:00:00.000,2018,10,8,12,05006KT,13,10
2018-10-08 13:00:00.000,2018,10,8,13,06005KT,16,10
2018-10-08 14:00:00.000,2018,10,8,14,03006KT,17,09
2018-10-08 15:00:00.000,2018,10,8,15,18004KT,18,07
2018-10-08 16:00:00.000,2018,10,8,16,17006KT,20,08
2018-10-08 17:00:00.000,2018,10,8,17,19006KT,21,09
2018-10-08 18:00:00.000,2018,10,8,18,20008KT,20,06
2018-10-08 19:00:00.000,2018,10,8,19,25009KT,19,12
2018-10-08 20:00:00.000,2018,10,8,20,25004KT,21,10
2018-10-08 21:00:00.000,2018,10,8,21,32012KT,11,11
2018-10-08 22:00:00.000,2018,10,8,22,26006KT,14,14
2018-10-08 23:00:00.000,2018,10,8,23,27004KT,14,13
2018-10-09 00:00:00.000,2018,10,9,0,00000KT,13,12
2018-10-09 01:00:00.000,2018,10,9,1,VRB02KT,13,12
2018-10-09 02:00:00.000,2018,10,9,2,30004KT,14,11
2018-10-09 03:00:00.000,2018,10,9,3,VRB02KT,13,11
2018-10-09 04:00:00.000,2018,10,9,4,07003KT,13,11
2018-10-09 05:00:00.000,2018,10,9,5,VRB02KT,13,11
2018-10-09 06:00:00.000,2018,10,9,6,33004KT,12,11
2018-10-09 07:00:00.000,2018,10,9,7,00000KT,12,11
2018-10-09 08:00:00.000,2018,10,9,8,04005KT,11,10
2018-10-09 09:00:00.000,2018,10,9,9,00000KT,11,10
2018-10-09 10:00:00.000,2018,10,9,10,00000KT,10,09
2018-10-09 11:00:00.000,2018,10,9,11,11003KT,12,11
2018-10-09 12:00:00.000,2018,10,9,12,04004KT,13,11
2018-10-09 13:00:00.000,2018,10,9,13,05007KT,15,11
2018-10-09 14:00:00.000,2018,10,9,14,08005KT,17,09
2018-10-09 15:00:00.000,2018,10,9,15,08004KT,19,08
2018-10-09 16:00:00.000,2018,10,9,16,VRB04KT,20,08
2018-10-09 17:00:00.000,2018,10,9,17,23011KT,17,12
2018-10-09 18:00:00.000,2018,10,9,18,24010KT,16,12
2018-10-09 19:00:00.000,2018,10,9,19,27010KT,17,11
2018-10-09 20:00:00.000,2018,10,9,20,29011KT,17,12
2018-10-09 21:00:00.000,2018,10,9,21,30007KT,17,12
2018-10-09 22:00:00.000,2018,10,9,22,30008KT,16,11
2018-10-09 23:00:00.000,2018,10,9,23,34008KT,14,11
2018-10-10 00:00:00.000,2018,10,10,0,31006KT,14,11
2018-10-10 01:00:00.000,2018,10,10,1,VRB02KT,13,11
2018-10-10 02:00:00.000,2018,10,10,2,35004KT,13,11
2018-10-10 03:00:00.000,2018,10,10,3,02004KT,13,11
2018-10-10 04:00:00.000,2018,10,10,4,33006KT,12,11
2018-10-10 05:00:00.000,2018,10,10,5,32005KT,12,10
2018-10-10 06:00:00.000,2018,10,10,6,20003KT,12,11
2018-10-10 07:00:00.000,2018,10,10,7,01003KT,12,11
2018-10-10 08:00:00.000,2018,10,10,8,30003KT,11,10
2018-10-10 09:00:00.000,2018,10,10,9,VRB02KT,11,10
2018-10-10 10:00:00.000,2018,10,10,10,VRB02KT,12,11
2018-10-10 11:00:00.000,2018,10,10,11,34003KT,12,11
2018-10-10 12:00:00.000,2018,10,10,12,VRB02KT,12,11
2018-10-10 13:00:00.000,2018,10,10,13,VRB02KT,14,12
2018-10-10 14:00:00.000,2018,10,10,14,VRB02KT,16,11
2018-10-10 15:00:00.000,2018,10,10,15,23003KT,18,10
2018-10-10 16:00:00.000,2018,10,10,16,31006KT,18,10
2018-10-10 17:00:00.000,2018,10,10,17,28007KT,18,11
2018-10-10 18:00:00.000,2018,10,10,18,16011KT,14,11
2018-10-10 19:00:00.000,2018,10,10,19,30003KT,13,11
2018-10-10 20:00:00.000,2018,10,10,20,VRB02KT,13,11
2018-10-10 21:00:00.000,2018,10,10,21,VRB02KT,13,12
2018-10-10 22:00:00.000,2018,10,10,22,VRB02KT,13,12
2018-10-10 23:00:00.000,2018,10,10,23,21003KT,13,12
2018-10-11 00:00:00.000,2018,10,11,0,VRB02KT,13,12
2018-10-11 01:00:00.000,2018,10,11,1,26003KT,13,11
2018-10-11 02:00:00.000,2018,10,11,2,29006KT,12,11
2018-10-11 03:00:00.000,2018,10,11,3,VRB02KT,11,10
2018-10-11 04:00:00.000,2018,10,11,4,29004KT,13,11
2018-10-11 05:00:00.000,2018,10,11,5,VRB02KT,13,11
2018-10-11 06:00:00.000,2018,10,11,6,VRB02KT,12,10
2018-10-11 07:00:00.000,2018,10,11,7,35003KT,12,10
2018-10-11 08:00:00.000,2018,10,11,8,35004KT,11,10
2018-10-11 09:00:00.000,2018,10,11,9,VRB02KT,11,10
2018-10-11 10:00:00.000,2018,10,11,10,VRB02KT,12,10
2018-10-11 11:00:00.000,2018,10,11,11,VRB02KT,12,10
2018-10-11 12:00:00.000,2018,10,11,12,00000KT,12,11
2018-10-11 13:00:00.000,2018,10,11,13,VRB02KT,12,11
2018-10-11 14:00:00.000,2018,10,11,14,09004KT,13,10
2018-10-11 15:00:00.000,2018,10,11,15,VRB02KT,14,11
2018-10-11 16:00:00.000,2018,10,11,16,04005KT,15,10
2018-10-11 17:00:00.000,2018,10,11,17,05005KT,15,10
2018-10-11 18:00:00.000,2018,10,11,18,03006KT,16,09
2018-10-11 19:00:00.000,2018,10,11,19,03004KT,19,09
2018-10-11 20:00:00.000,2018,10,11,20,32004KT,18,08
2018-10-11 21:00:00.000,2018,10,11,21,24010KT,15,12
2018-10-11 22:00:00.000,2018,10,11,22,24009KT,16,10
2018-10-11 23:00:00.000,2018,10,11,23,28006KT,14,11
2018-10-12 00:00:00.000,2018,10,12,0,31005KT,13,11
2018-10-12 01:00:00.000,2018,10,12,1,VRB02KT,12,11
2018-10-12 02:00:00.000,2018,10,12,2,VRB02KT,12,11
2018-10-12 03:00:00.000,2018,10,12,3,VRB02KT,11,10
2018-10-12 04:00:00.000,2018,10,12,4,28004KT,12,10
2018-10-12 05:00:00.000,2018,10,12,5,24005KT,12,10
2018-10-12 06:00:00.000,2018,10,12,6,VRB02KT,10,09
2018-10-12 07:00:00.000,2018,10,12,7,32004KT,10,09
2018-10-12 08:00:00.000,2018,10,12,8,VBR02KT,10,09
2018-10-12 09:00:00.000,2018,10,12,9,VRB02KT,10,10
2018-10-12 10:00:00.000,2018,10,12,10,03003KT,11,10
2018-10-12 11:00:00.000,2018,10,12,11,VRB02KT,11,10
2018-10-12 12:00:00.000,2018,10,12,12,04003KT,11,11
2018-10-12 13:00:00.000,2018,10,12,13,03004KT,13,12
2018-10-12 14:00:00.000,2018,10,12,14,33004KT,16,12
2018-10-12 15:00:00.000,2018,10,12,15,26003KT,18,11
2018-10-12 16:00:00.000,2018,10,12,16,30004KT,18,09
2018-10-12 17:00:00.000,2018,10,12,17,25007KT,19,10
2018-10-12 18:00:00.000,2018,10,12,18,26012KT,18,11
2018-10-12 19:00:00.000,2018,10,12,19,28008KT,17,10
2018-10-12 20:00:00.000,2018,10,12,20,28007KT,18,10
2018-10-12 21:00:00.000,2018,10,12,21,32006KT,17,11
2018-10-12 22:00:00.000,2018,10,12,22,24007KT,17,09
2018-10-12 23:00:00.000,2018,10,12,23,25005KT,16,10
2018-10-13 00:00:00.000,2018,10,13,0,30005KT,14,12
2018-10-13 01:00:00.000,2018,10,13,1,30004KT,14,11
2018-10-13 02:00:00.000,2018,10,13,2,28004KT,14,11
2018-10-13 03:00:00.000,2018,10,13,3,31003KT,13,10
2018-10-13 04:00:00.000,2018,10,13,4,VRB02KT,10,09
2018-10-13 05:00:00.000,2018,10,13,5,31003KT,12,11
2018-10-13 06:00:00.000,2018,10,13,6,VRB02KT,11,10
2018-10-13 07:00:00.000,2018,10,13,7,31004KT,11,10
2018-10-13 08:00:00.000,2018,10,13,8,01003KT,11,10
2018-10-13 09:00:00.000,2018,10,13,9,00000KT,11,10
2018-10-13 10:00:00.000,2018,10,13,10,00000KT,11,10
2018-10-13 11:00:00.000,2018,10,13,11,VRB02KT,12,11
2018-10-13 12:00:00.000,2018,10,13,12,VRB02KT,12,11
2018-10-13 13:00:00.000,2018,10,13,13,03003KT,12,11
2018-10-13 14:00:00.000,2018,10,13,14,VRB02KT,14,12
2018-10-13 15:00:00.000,2018,10,13,15,08003KT,17,11
2018-10-13 16:00:00.000,2018,10,13,16,21003KT,19,10
2018-10-13 17:00:00.000,2018,10,13,17,32003KT,20,07
2018-10-13 18:00:00.000,2018,10,13,18,23011KT,18,12
2018-10-13 19:00:00.000,2018,10,13,19,30013KT,18,11
2018-10-13 20:00:00.000,2018,10,13,20,27011KT,19,11
2018-10-13 21:00:00.000,2018,10,13,21,28010KT,17,11
2018-10-13 22:00:00.000,2018,10,13,22,25007KT,16,11
2018-10-13 23:00:00.000,2018,10,13,23,23006KT,15,11
2018-10-14 00:00:00.000,2018,10,14,0,23004KT,15,11
2018-10-14 01:00:00.000,2018,10,14,1,23003KT,14,11
2018-10-14 02:00:00.000,2018,10,14,2,27003KT,14,12
2018-10-14 03:00:00.000,2018,10,14,3,31005KT,13,11
2018-10-14 04:00:00.000,2018,10,14,4,23006KT,13,11
2018-10-14 05:00:00.000,2018,10,14,5,21003KT,13,11
2018-10-14 06:00:00.000,2018,10,14,6,24004KT,12,11
2018-10-14 07:00:00.000,2018,10,14,7,13003KT,12,11
2018-10-14 08:00:00.000,2018,10,14,8,26003KT,12,10
2018-10-14 09:00:00.000,2018,10,14,9,VRB02KT,12,11
2018-10-14 10:00:00.000,2018,10,14,10,VRB02KT,11,10
2018-10-14 11:00:00.000,2018,10,14,11,21003KT,11,11
2018-10-14 12:00:00.000,2018,10,14,12,VRB02KT,11,10
2018-10-14 13:00:00.000,2018,10,14,13,02003KT,14,12
2018-10-14 14:00:00.000,2018,10,14,14,30003KT,17,11
2018-10-14 15:00:00.000,2018,10,14,15,06004KT,18,10
2018-10-14 16:00:00.000,2018,10,14,16,36004KT,19,09
2018-10-14 17:00:00.000,2018,10,14,17,10005KT,20,08
2018-10-14 18:00:00.000,2018,10,14,18,07008KT,20,08
2018-10-14 19:00:00.000,2018,10,14,19,26011KT,18,11
2018-10-14 20:00:00.000,2018,10,14,20,19003KT,15,07
2018-10-14 21:00:00.000,2018,10,14,21,30006KT,15,10
2018-10-14 22:00:00.000,2018,10,14,22,24004KT,16,10
2018-10-14 23:00:00.000,2018,10,14,23,27006KT,15,11
2018-10-15 00:00:00.000,2018,10,15,0,VRB02KT,14,11
2018-10-15 01:00:00.000,2018,10,15,1,VRB02KT,12,11
2018-10-15 02:00:00.000,2018,10,15,2,VRB02KT,13,11
2018-10-15 03:00:00.000,2018,10,15,3,VRB02KT,13,11
2018-10-15 04:00:00.000,2018,10,15,4,VRB02KT,12,10
2018-10-15 05:00:00.000,2018,10,15,5,VRB02KT,12,11
2018-10-15 06:00:00.000,2018,10,15,6,VRB02KT,11,10
2018-10-15 07:00:00.000,2018,10,15,7,VRB02KT,11,10
2018-10-15 08:00:00.000,2018,10,15,8,20005KT,11,10
2018-10-15 09:00:00.000,2018,10,15,9,VRB02KT,10,09
2018-10-15 10:00:00.000,2018,10,15,10,VRB02KT,11,10
2018-10-15 11:00:00.000,2018,10,15,11,VRB02KT,11,10
2018-10-15 12:00:00.000,2018,10,15,12,07005KT,12,11
2018-10-15 13:00:00.000,2018,10,15,13,06007KT,15,11
2018-10-15 14:00:00.000,2018,10,15,14,04005KT,17,11
2018-10-15 15:00:00.000,2018,10,15,15,16006KT,20,09
2018-10-15 16:00:00.000,2018,10,15,16,17007KT,21,09
2018-10-15 17:00:00.000,2018,10,15,17,18007KT,20,09
2018-10-15 18:00:00.000,2018,10,15,18,23007KT,20,08
2018-10-15 19:00:00.000,2018,10,15,19,24013KT,18,13
2018-10-15 20:00:00.000,2018,10,15,20,33009KT,17,12
2018-10-15 21:00:00.000,2018,10,15,21,31009KT,15,10
2018-10-15 22:00:00.000,2018,10,15,22,31004KT,15,11
2018-10-15 23:00:00.000,2018,10,15,23,36003KT,14,11
2018-10-16 00:00:00.000,2018,10,16,0,VRB02KT,14,11
2018-10-16 01:00:00.000,2018,10,16,1,03006KT,13,11
2018-10-16 02:00:00.000,2018,10,16,2,04006KT,13,11
2018-10-16 03:00:00.000,2018,10,16,3,03004KT,13,11
2018-10-16 04:00:00.000,2018,10,16,4,05006KT,13,11
2018-10-16 05:00:00.000,2018,10,16,5,03005KT,13,10
2018-10-16 06:00:00.000,2018,10,16,6,04004KT,13,10
2018-10-16 07:00:00.000,2018,10,16,7,03004KT,12,10
2018-10-16 08:00:00.000,2018,10,16,8,35003KT,11,09
2018-10-16 09:00:00.000,2018,10,16,9,05004KT,10,08
2018-10-16 10:00:00.000,2018,10,16,10,VRB02KT,09,08
2018-10-16 11:00:00.000,2018,10,16,11,35003KT,08,08
2018-10-16 12:00:00.000,2018,10,16,12,05003KT,12,11
2018-10-16 13:00:00.000,2018,10,16,13,03005KT,14,09
2018-10-16 14:00:00.000,2018,10,16,14,04004KT,17,09
2018-10-16 15:00:00.000,2018,10,16,15,VRB02KT,18,08
2018-10-16 16:00:00.000,2018,10,16,16,11007KT,19,06
2018-10-16 17:00:00.000,2018,10,16,17,09006KT,19,08
2018-10-16 18:00:00.000,2018,10,16,18,24006KT,17,11
2018-10-16 19:00:00.000,2018,10,16,19,13008KT,18,09
2018-10-16 20:00:00.000,2018,10,16,20,08006KT,19,08
2018-10-16 21:00:00.000,2018,10,16,21,13008KT,17,08
2018-10-16 22:00:00.000,2018,10,16,22,13005KT,17,08
2018-10-16 23:00:00.000,2018,10,16,23,18006KT,16,08
2018-10-17 00:00:00.000,2018,10,17,0,12005KT,16,08
2018-10-17 01:00:00.000,2018,10,17,1,07005KT,15,09
2018-10-17 02:00:00.000,2018,10,17,2,VRB02KT,14,09
2018-10-17 03:00:00.000,2018,10,17,3,04005KT,13,09
2018-10-17 04:00:00.000,2018,10,17,4,05005KT,12,09
2018-10-17 05:00:00.000,2018,10,17,5,04007KT,12,09
2018-10-17 06:00:00.000,2018,10,17,6,06005KT,11,09
2018-10-17 07:00:00.000,2018,10,17,7,04004KT,11,09
2018-10-17 08:00:00.000,2018,10,17,8,VRB02KT,10,08
2018-10-17 09:00:00.000,2018,10,17,9,VRB02KT,09,08
2018-10-17 10:00:00.000,2018,10,17,10,VRB02KT,09,08
2018-10-17 11:00:00.000,2018,10,17,11,03004KT,09,08
2018-10-17 12:00:00.000,2018,10,17,12,VRB02KT,11,09
2018-10-17 13:00:00.000,2018,10,17,13,06005KT,14,08
2018-10-17 14:00:00.000,2018,10,17,14,08005KT,17,08
2018-10-17 15:00:00.000,2018,10,17,15,04008KT,19,08
2018-10-17 16:00:00.000,2018,10,17,16,11005KT,21,08
2018-10-17 17:00:00.000,2018,10,17,17,VRB06KT,21,05
2018-10-17 18:00:00.000,2018,10,17,18,08005KT,21,05
2018-10-17 19:00:00.000,2018,10,17,19,30013KT,17,13
2018-10-17 20:00:00.000,2018,10,17,20,29012KT,18,13
2018-10-17 21:00:00.000,2018,10,17,21,33011KT,17,12
2018-10-17 22:00:00.000,2018,10,17,22,29009KT,14,12
2018-10-17 23:00:00.000,2018,10,17,23,VRB02KT,13,11
2018-10-18 00:00:00.000,2018,10,18,0,VRB02KT,13,12
2018-10-18 01:00:00.000,2018,10,18,1,32004KT,11,10
2018-10-18 02:00:00.000,2018,10,18,2,28003KT,11,10
2018-10-18 03:00:00.000,2018,10,18,3,31003KT,11,10
2018-10-18 04:00:00.000,2018,10,18,4,VRB02KT,11,10
2018-10-18 05:00:00.000,2018,10,18,5,34004KT,09,08
2018-10-18 06:00:00.000,2018,10,18,6,VRB02KT,08,08
2018-10-18 07:00:00.000,2018,10,18,7,26003KT,09,09
2018-10-18 08:00:00.000,2018,10,18,8,VRB02KT,07,07
2018-10-18 09:00:00.000,2018,10,18,9,00000KT,08,08
2018-10-18 10:00:00.000,2018,10,18,10,02003KT,07,06
2018-10-18 11:00:00.000,2018,10,18,11,VRB02KT,06,06
2018-10-18 12:00:00.000,2018,10,18,12,33003KT,08,08
2018-10-18 13:00:00.000,2018,10,18,13,VRB02KT,11,10
2018-10-18 14:00:00.000,2018,10,18,14,33003KT,14,10
2018-10-18 15:00:00.000,2018,10,18,15,01003KT,18,09
2018-10-18 16:00:00.000,2018,10,18,16,VRB02KT,18,08
2018-10-18 17:00:00.000,2018,10,18,17,27005KT,19,06
2018-10-18 18:00:00.000,2018,10,18,18,29010KT,18,11
2018-10-18 19:00:00.000,2018,10,18,19,26011KT,18,11
2018-10-18 20:00:00.000,2018,10,18,20,29012KT,18,11
2018-10-18 21:00:00.000,2018,10,18,21,27011KT,18,11
2018-10-18 22:00:00.000,2018,10,18,22,27008KT,17,10
2018-10-18 23:00:00.000,2018,10,18,23,27006KT,15,11
2018-10-19 00:00:00.000,2018,10,19,0,23006KT,15,11
2018-10-19 01:00:00.000,2018,10,19,1,VRB02KT,14,11
2018-10-19 02:00:00.000,2018,10,19,2,29003KT,13,11
2018-10-19 03:00:00.000,2018,10,19,3,27004KT,14,11
2018-10-19 04:00:00.000,2018,10,19,4,27004KT,14,11
2018-10-19 05:00:00.000,2018,10,19,5,32004KT,13,11
2018-10-19 06:00:00.000,2018,10,19,6,25003KT,13,10
2018-10-19 07:00:00.000,2018,10,19,7,32004KT,11,09
2018-10-19 08:00:00.000,2018,10,19,8,30003KT,12,10
2018-10-19 09:00:00.000,2018,10,19,9,24005KT,12,10
2018-10-19 10:00:00.000,2018,10,19,10,27005KT,12,10
2018-10-19 11:00:00.000,2018,10,19,11,VRB02KT,12,10
2018-10-19 12:00:00.000,2018,10,19,12,32004KT,13,11
2018-10-19 13:00:00.000,2018,10,19,13,11004KT,15,11
2018-10-19 14:00:00.000,2018,10,19,14,04006KT,17,09
2018-10-19 15:00:00.000,2018,10,19,15,09004KT,18,10
2018-10-19 16:00:00.000,2018,10,19,16,21003KT,20,09
2018-10-19 17:00:00.000,2018,10,19,17,25005KT,20,09
2018-10-19 18:00:00.000,2018,10,19,18,26012KT,20,11
2018-10-19 19:00:00.000,2018,10,19,19,30014KT,19,11
2018-10-19 20:00:00.000,2018,10,19,20,27012KT,17,11
2018-10-19 21:00:00.000,2018,10,19,21,27009KT,16,11
2018-10-19 22:00:00.000,2018,10,19,22,26008KT,16,11
2018-10-19 23:00:00.000,2018,10,19,23,26005KT,15,11
2018-10-20 00:00:00.000,2018,10,20,0,32004KT,14,11
2018-10-20 01:00:00.000,2018,10,20,1,32004KT,13,11
2018-10-20 02:00:00.000,2018,10,20,2,23003KT,14,11
2018-10-20 03:00:00.000,2018,10,20,3,VRB02KT,13,11
2018-10-20 04:00:00.000,2018,10,20,4,VRB02KT,12,11
2018-10-20 05:00:00.000,2018,10,20,5,VRB02KT,12,09
2018-10-20 06:00:00.000,2018,10,20,6,VRB02KT,11,10
2018-10-20 07:00:00.000,2018,10,20,7,27004KT,11,10
2018-10-20 08:00:00.000,2018,10,20,8,29005KT,10,09
2018-10-20 09:00:00.000,2018,10,20,9,VRB02KT,11,10
2018-10-20 10:00:00.000,2018,10,20,10,26004KT,11,10
2018-10-20 11:00:00.000,2018,10,20,11,22005KT,11,10
2018-10-20 12:00:00.000,2018,10,20,12,VRB02KT,12,11
2018-10-20 13:00:00.000,2018,10,20,13,VRB02KT,14,11
2018-10-20 14:00:00.000,2018,10,20,14,28005KT,18,09
2018-10-20 15:00:00.000,2018,10,20,15,29008KT,19,09
2018-10-20 16:00:00.000,2018,10,20,16,32008KT,20,08
2018-10-20 17:00:00.000,2018,10,20,17,33011KT,19,10
2018-10-20 18:00:00.000,2018,10,20,18,30011KT,19,11
2018-10-20 19:00:00.000,2018,10,20,19,30010KT,19,11
2018-10-20 20:00:00.000,2018,10,20,20,33012KT,19,11
2018-10-20 21:00:00.000,2018,10,20,21,33010KT,18,09
2018-10-20 22:00:00.000,2018,10,20,22,33008KT,17,09
2018-10-20 23:00:00.000,2018,10,20,23,32005KT,14,09
2018-10-21 00:00:00.000,2018,10,21,0,34005KT,13,10
2018-10-21 01:00:00.000,2018,10,21,1,28004KT,14,11
2018-10-21 02:00:00.000,2018,10,21,2,24007KT,14,10
2018-10-21 03:00:00.000,2018,10,21,3,23009KT,13,10
2018-10-21 04:00:00.000,2018,10,21,4,29005KT,12,10
2018-10-21 05:00:00.000,2018,10,21,5,21006KT,12,10
2018-10-21 06:00:00.000,2018,10,21,6,21004KT,12,09
2018-10-21 07:00:00.000,2018,10,21,7,03004KT,11,10
2018-10-21 08:00:00.000,2018,10,21,8,10004KT,11,10
2018-10-21 09:00:00.000,2018,10,21,9,VRB02KT,10,09
2018-10-21 10:00:00.000,2018,10,21,10,00000KT,10,09
2018-10-21 11:00:00.000,2018,10,21,11,26003KT,10,09
2018-10-21 12:00:00.000,2018,10,21,12,23003KT,12,10
2018-10-21 13:00:00.000,2018,10,21,13,27003KT,14,12
2018-10-21 14:00:00.000,2018,10,21,14,33004KT,16,10
2018-10-21 15:00:00.000,2018,10,21,15,VRB05KT,17,10
2018-10-21 16:00:00.000,2018,10,21,16,VRB05KT,18,10
2018-10-21 17:00:00.000,2018,10,21,17,31011KT,19,10
2018-10-21 18:00:00.000,2018,10,21,18,32011KT,18,09
2018-10-21 19:00:00.000,2018,10,21,19,30009KT,15,12
2018-10-21 20:00:00.000,2018,10,21,20,27006KT,14,12
2018-10-21 21:00:00.000,2018,10,21,21,23010KT,15,12
2018-10-21 22:00:00.000,2018,10,21,22,22004KT,14,11
2018-10-21 23:00:00.000,2018,10,21,23,VRB02KT,14,11
2018-10-22 00:00:00.000,2018,10,22,0,29004KT,14,11
2018-10-22 01:00:00.000,2018,10,22,1,27004KT,14,10
2018-10-22 02:00:00.000,2018,10,22,2,29003KT,13,10
2018-10-22 03:00:00.000,2018,10,22,3,27004KT,13,10
2018-10-22 04:00:00.000,2018,10,22,4,VRB02KT,12,11
2018-10-22 05:00:00.000,2018,10,22,5,31004KT,13,10
2018-10-22 06:00:00.000,2018,10,22,6,VRB02KT,11,09
2018-10-22 07:00:00.000,2018,10,22,7,26003KT,11,10
2018-10-22 08:00:00.000,2018,10,22,8,VRB02KT,10,09
2018-10-22 09:00:00.000,2018,10,22,9,19003KT,10,09
2018-10-22 10:00:00.000,2018,10,22,10,28003KT,09,08
2018-10-22 11:00:00.000,2018,10,22,11,VRB02KT,09,08
2018-10-22 12:00:00.000,2018,10,22,12,VRB02KT,10,10
2018-10-22 13:00:00.000,2018,10,22,13,VRB02KT,12,11
2018-10-22 14:00:00.000,2018,10,22,14,33003KT,15,12
2018-10-22 15:00:00.000,2018,10,22,15,30005KT,17,10
2018-10-22 16:00:00.000,2018,10,22,16,31009KT,19,10
2018-10-22 17:00:00.000,2018,10,22,17,31010KT,19,11
2018-10-22 18:00:00.000,2018,10,22,18,29011KT,20,11
2018-10-22 19:00:00.000,2018,10,22,19,32009KT,19,12
2018-10-22 20:00:00.000,2018,10,22,20,29010KT,18,12
2018-10-22 21:00:00.000,2018,10,22,21,30008G18KT,19,11
2018-10-22 22:00:00.000,2018,10,22,22,33007KT,16,12
2018-10-22 23:00:00.000,2018,10,22,23,29007KT,15,11
2018-10-23 00:00:00.000,2018,10,23,0,24004KT,15,12
2018-10-23 01:00:00.000,2018,10,23,1,27003KT,14,12
2018-10-23 02:00:00.000,2018,10,23,2,VRB02KT,14,12
2018-10-23 03:00:00.000,2018,10,23,3,33003KT,14,12
2018-10-23 04:00:00.000,2018,10,23,4,33005KT,13,12
2018-10-23 05:00:00.000,2018,10,23,5,VRB02KT,12,11
2018-10-23 06:00:00.000,2018,10,23,6,30003KT,13,12
2018-10-23 07:00:00.000,2018,10,23,7,31004KT,13,12
2018-10-23 08:00:00.000,2018,10,23,8,32003KT,12,11
2018-10-23 09:00:00.000,2018,10,23,9,29005KT,13,12
2018-10-23 10:00:00.000,2018,10,23,10,31006KT,12,11
2018-10-23 11:00:00.000,2018,10,23,11,30007KT,12,11
2018-10-23 12:00:00.000,2018,10,23,12,30005KT,13,11
2018-10-23 13:00:00.000,2018,10,23,13,VRB02KT,15,11
2018-10-23 14:00:00.000,2018,10,23,14,29003KT,17,11
2018-10-23 15:00:00.000,2018,10,23,15,30003KT,19,11
2018-10-23 16:00:00.000,2018,10,23,16,32010KT,19,11
2018-10-23 17:00:00.000,2018,10,23,17,32011KT,20,12
2018-10-23 18:00:00.000,2018,10,23,18,31010KT,20,12
2018-10-23 19:00:00.000,2018,10,23,19,31012KT,20,11
2018-10-23 20:00:00.000,2018,10,23,20,29012KT,19,11
2018-10-23 21:00:00.000,2018,10,23,21,24011KT,18,11
2018-10-23 22:00:00.000,2018,10,23,22,25012KT,17,11
2018-10-23 23:00:00.000,2018,10,23,23,21006KT,15,12
2018-10-24 00:00:00.000,2018,10,24,0,31009KT,14,11
2018-10-24 01:00:00.000,2018,10,24,1,28006KT,13,11
2018-10-24 02:00:00.000,2018,10,24,2,25005KT,13,11
2018-10-24 03:00:00.000,2018,10,24,3,30006KT,13,11
2018-10-24 04:00:00.000,2018,10,24,4,VRB02KT,13,11
2018-10-24 05:00:00.000,2018,10,24,5,23003KT,12,11
2018-10-24 06:00:00.000,2018,10,24,6,27003KT,12,11
2018-10-24 07:00:00.000,2018,10,24,7,VRB02KT,12,11
2018-10-24 08:00:00.000,2018,10,24,8,VRB02KT,12,11
2018-10-24 09:00:00.000,2018,10,24,9,VRB02KT,11,10
2018-10-24 10:00:00.000,2018,10,24,10,VRB02KT,10,09
2018-10-24 11:00:00.000,2018,10,24,11,32003KT,10,09
2018-10-24 12:00:00.000,2018,10,24,12,34005KT,11,10
2018-10-24 13:00:00.000,2018,10,24,13,VRB02KT,12,11
2018-10-24 14:00:00.000,2018,10,24,14,VRB02KT,13,12
2018-10-24 15:00:00.000,2018,10,24,15,08003KT,14,12
2018-10-24 16:00:00.000,2018,10,24,16,03003KT,15,12
2018-10-24 17:00:00.000,2018,10,24,17,31006KT,17,12
2018-10-24 18:00:00.000,2018,10,24,18,30004KT,19,11
2018-10-24 19:00:00.000,2018,10,24,19,29008KT,19,11
2018-10-24 20:00:00.000,2018,10,24,20,29010KT,20,12
2018-10-24 21:00:00.000,2018,10,24,21,27012KT,19,12
2018-10-24 22:00:00.000,2018,10,24,22,26009KT,16,12
2018-10-24 23:00:00.000,2018,10,24,23,27010KT,16,12
2018-10-25 00:00:00.000,2018,10,25,0,27005KT,15,12
2018-10-25 01:00:00.000,2018,10,25,1,27005KT,14,12
2018-10-25 02:00:00.000,2018,10,25,2,30006KT,14,12
2018-10-25 03:00:00.000,2018,10,25,3,31007KT,14,12
2018-10-25 04:00:00.000,2018,10,25,4,VRB02KT,13,11
2018-10-25 05:00:00.000,2018,10,25,5,32004KT,13,11
2018-10-25 06:00:00.000,2018,10,25,6,VRB02KT,12,10
2018-10-25 07:00:00.000,2018,10,25,7,09003KT,12,10
2018-10-25 08:00:00.000,2018,10,25,8,00000KT,11,10
2018-10-25 09:00:00.000,2018,10,25,9,33006KT,10,09
2018-10-25 10:00:00.000,2018,10,25,10,02003KT,11,11
2018-10-25 11:00:00.000,2018,10,25,11,06003KT,12,11
2018-10-25 12:00:00.000,2018,10,25,12,10003KT,13,12
2018-10-25 13:00:00.000,2018,10,25,13,05005KT,15,11
2018-10-25 14:00:00.000,2018,10,25,14,04005KT,16,11
2018-10-25 15:00:00.000,2018,10,25,15,02004KT,18,11
2018-10-25 16:00:00.000,2018,10,25,16,05005KT,19,10
2018-10-25 17:00:00.000,2018,10,25,17,VRB04KT,21,08
2018-10-25 18:00:00.000,2018,10,25,18,13006KT,20,09
2018-10-25 19:00:00.000,2018,10,25,19,25011KT,15,13
2018-10-25 20:00:00.000,2018,10,25,20,28009KT,16,13
2018-10-25 21:00:00.000,2018,10,25,21,29010KT,17,13
2018-10-25 22:00:00.000,2018,10,25,22,22006KT,16,14
2018-10-25 23:00:00.000,2018,10,25,23,27005KT,15,13
2018-10-26 00:00:00.000,2018,10,26,0,29006KT,15,12
2018-10-26 01:00:00.000,2018,10,26,1,02004KT,14,12
2018-10-26 02:00:00.000,2018,10,26,2,35004KT,14,12
2018-10-26 03:00:00.000,2018,10,26,3,02004KT,14,12
2018-10-26 04:00:00.000,2018,10,26,4,04004KT,14,12
2018-10-26 05:00:00.000,2018,10,26,5,03004KT,14,12
2018-10-26 06:00:00.000,2018,10,26,6,03003KT,13,11
2018-10-26 07:00:00.000,2018,10,26,7,03007KT,13,11
2018-10-26 08:00:00.000,2018,10,26,8,05003KT,12,10
2018-10-26 09:00:00.000,2018,10,26,9,05004KT,12,11
2018-10-26 10:00:00.000,2018,10,26,10,04007KT,11,10
2018-10-26 11:00:00.000,2018,10,26,11,05010KT,12,10
2018-10-26 12:00:00.000,2018,10,26,12,07003KT,13,10
2018-10-26 13:00:00.000,2018,10,26,13,06006KT,14,11
2018-10-26 14:00:00.000,2018,10,26,14,04007KT,17,11
2018-10-26 15:00:00.000,2018,10,26,15,03006KT,18,11
2018-10-26 16:00:00.000,2018,10,26,16,05010KT,18,11
2018-10-26 17:00:00.000,2018,10,26,17,07007KT,17,11
2018-10-26 18:00:00.000,2018,10,26,18,16004KT,16,12
2018-10-26 19:00:00.000,2018,10,26,19,VRB03KT,18,12
2018-10-26 20:00:00.000,2018,10,26,20,11007KT,17,11
2018-10-26 21:00:00.000,2018,10,26,21,VRB02KT,17,11
2018-10-26 22:00:00.000,2018,10,26,22,18005KT,17,11
2018-10-26 23:00:00.000,2018,10,26,23,24005KT,15,12
2018-10-27 00:00:00.000,2018,10,27,0,26004KT,15,12
2018-10-27 01:00:00.000,2018,10,27,1,31004KT,14,12
2018-10-27 02:00:00.000,2018,10,27,2,33003KT,14,13
2018-10-27 03:00:00.000,2018,10,27,3,VRB02KT,13,11
2018-10-27 04:00:00.000,2018,10,27,4,03004KT,13,11
2018-10-27 05:00:00.000,2018,10,27,5,VRB02KT,13,11
2018-10-27 06:00:00.000,2018,10,27,6,08005KT,14,11
2018-10-27 07:00:00.000,2018,10,27,7,03004KT,13,11
2018-10-27 08:00:00.000,2018,10,27,8,05004KT,13,11
2018-10-27 09:00:00.000,2018,10,27,9,05005KT,12,11
2018-10-27 10:00:00.000,2018,10,27,10,06006KT,12,10
2018-10-27 11:00:00.000,2018,10,27,11,05006KT,12,10
2018-10-27 12:00:00.000,2018,10,27,12,06004KT,12,10
2018-10-27 13:00:00.000,2018,10,27,13,10006KT,15,09
2018-10-27 14:00:00.000,2018,10,27,14,11010KT,17,09
2018-10-27 15:00:00.000,2018,10,27,15,17010KT,19,08
2018-10-27 16:00:00.000,2018,10,27,16,13013KT,18,08
2018-10-27 17:00:00.000,2018,10,27,17,10010KT,17,08
2018-10-27 18:00:00.000,2018,10,27,18,12010KT,18,08
2018-10-27 19:00:00.000,2018,10,27,19,VRB06KT,19,09
2018-10-27 20:00:00.000,2018,10,27,20,11010KT,19,07
2018-10-27 21:00:00.000,2018,10,27,21,12011KT,18,07
2018-10-27 22:00:00.000,2018,10,27,22,12008KT,18,08
2018-10-27 23:00:00.000,2018,10,27,23,11004KT,16,08
2018-10-28 00:00:00.000,2018,10,28,0,14006KT,14,08
2018-10-28 01:00:00.000,2018,10,28,1,11004KT,15,08
2018-10-28 02:00:00.000,2018,10,28,2,03004KT,12,08
2018-10-28 03:00:00.000,2018,10,28,3,24003KT,13,08
2018-10-28 04:00:00.000,2018,10,28,4,VRB02KT,12,09
2018-10-28 05:00:00.000,2018,10,28,5,03004KT,12,09
2018-10-28 06:00:00.000,2018,10,28,6,06003KT,11,08
2018-10-28 07:00:00.000,2018,10,28,7,03003KT,10,08
2018-10-28 08:00:00.000,2018,10,28,8,VRB02KT,09,07
2018-10-28 09:00:00.000,2018,10,28,9,VRB02KT,09,08
2018-10-28 10:00:00.000,2018,10,28,10,VRB02KT,08,07
2018-10-28 11:00:00.000,2018,10,28,11,VRB02KT,07,06
2018-10-28 12:00:00.000,2018,10,28,12,VRB02KT,12,10
2018-10-28 13:00:00.000,2018,10,28,13,03005KT,15,10
2018-10-28 14:00:00.000,2018,10,28,14,04008KT,17,10
2018-10-28 15:00:00.000,2018,10,28,15,05011KT,18,09
2018-10-28 16:00:00.000,2018,10,28,16,06006KT,19,09
2018-10-28 17:00:00.000,2018,10,28,17,09008KT,20,07
2018-10-28 18:00:00.000,2018,10,28,18,10007KT,19,08
2018-10-28 19:00:00.000,2018,10,28,19,28008KT,18,11
2018-10-28 20:00:00.000,2018,10,28,20,27008KT,18,11
2018-10-28 21:00:00.000,2018,10,28,21,28007KT,20,10
2018-10-28 22:00:00.000,2018,10,28,22,23009KT,18,11
2018-10-28 23:00:00.000,2018,10,28,23,29006KT,16,12
2018-10-29 00:00:00.000,2018,10,29,0,30004KT,15,12
2018-10-29 01:00:00.000,2018,10,29,1,30006KT,14,11
2018-10-29 02:00:00.000,2018,10,29,2,VRB02KT,13,12
2018-10-29 03:00:00.000,2018,10,29,3,32007KT,13,12
2018-10-29 04:00:00.000,2018,10,29,4,VRB02KT,13,12
2018-10-29 05:00:00.000,2018,10,29,5,04007KT,13,11
2018-10-29 06:00:00.000,2018,10,29,6,05006KT,12,10
2018-10-29 07:00:00.000,2018,10,29,7,04008KT,12,10
2018-10-29 08:00:00.000,2018,10,29,8,03007KT,12,10
2018-10-29 09:00:00.000,2018,10,29,9,VRB02KT,11,09
2018-10-29 10:00:00.000,2018,10,29,10,05008KT,10,08
2018-10-29 11:00:00.000,2018,10,29,11,04004KT,12,09
2018-10-29 12:00:00.000,2018,10,29,12,05006KT,13,10
2018-10-29 13:00:00.000,2018,10,29,13,06005KT,15,10
2018-10-29 14:00:00.000,2018,10,29,14,09006KT,17,09
2018-10-29 15:00:00.000,2018,10,29,15,16007KT,18,08
2018-10-29 16:00:00.000,2018,10,29,16,14006KT,19,08
2018-10-29 17:00:00.000,2018,10,29,17,16004KT,19,08
2018-10-29 18:00:00.000,2018,10,29,18,14007KT,19,08
2018-10-29 19:00:00.000,2018,10,29,19,VRB08KT,18,10
2018-10-29 20:00:00.000,2018,10,29,20,24008KT,16,12
2018-10-29 21:00:00.000,2018,10,29,21,22004KT,16,12
2018-10-29 22:00:00.000,2018,10,29,22,28004KT,16,12
2018-10-29 23:00:00.000,2018,10,29,23,28003KT,15,11
2018-10-30 00:00:00.000,2018,10,30,0,VRB02KT,14,12
2018-10-30 01:00:00.000,2018,10,30,1,32003KT,13,11
2018-10-30 02:00:00.000,2018,10,30,2,VRB02KT,12,10
2018-10-30 03:00:00.000,2018,10,30,3,00000KT,11,10
2018-10-30 04:00:00.000,2018,10,30,4,05004KT,11,10
2018-10-30 05:00:00.000,2018,10,30,5,32004KT,10,09
2018-10-30 06:00:00.000,2018,10,30,6,00000KT,11,10
2018-10-30 07:00:00.000,2018,10,30,7,VRB02KT,10,09
2018-10-30 08:00:00.000,2018,10,30,8,05003KT,09,08
2018-10-30 09:00:00.000,2018,10,30,9,02004KT,08,07
2018-10-30 10:00:00.000,2018,10,30,10,05006KT,09,08
2018-10-30 11:00:00.000,2018,10,30,11,05007KT,09,08
2018-10-30 12:00:00.000,2018,10,30,12,06007KT,12,09
2018-10-30 13:00:00.000,2018,10,30,13,03008KT,14,10
2018-10-30 14:00:00.000,2018,10,30,14,04008KT,16,09
2018-10-30 15:00:00.000,2018,10,30,15,07007KT,18,08
2018-10-30 16:00:00.000,2018,10,30,16,09009KT,18,07
2018-10-30 17:00:00.000,2018,10,30,17,11009KT,19,07
2018-10-30 18:00:00.000,2018,10,30,18,10008KT,19,08
2018-10-30 19:00:00.000,2018,10,30,19,10008KT,17,09
2018-10-30 20:00:00.000,2018,10,30,20,11008KT,18,08
2018-10-30 21:00:00.000,2018,10,30,21,10004KT,18,08
2018-10-30 22:00:00.000,2018,10,30,22,11005KT,17,08
2018-10-30 23:00:00.000,2018,10,30,23,08004KT,16,08
2018-10-31 00:00:00.000,2018,10,31,0,VRB02KT,14,08
2018-10-31 01:00:00.000,2018,10,31,1,VRB02KT,12,09
2018-10-31 02:00:00.000,2018,10,31,2,VRB02KT,11,09
2018-10-31 03:00:00.000,2018,10,31,3,VRB02KT,11,08
2018-10-31 04:00:00.000,2018,10,31,4,01003KT,09,07
2018-10-31 05:00:00.000,2018,10,31,5,01005KT,09,07
2018-10-31 06:00:00.000,2018,10,31,6,06005KT,09,07
2018-10-31 07:00:00.000,2018,10,31,7,06005KT,10,08
2018-10-31 08:00:00.000,2018,10,31,8,VRB02KT,10,08
2018-10-31 09:00:00.000,2018,10,31,9,VRB02KT,06,07
2018-10-31 10:00:00.000,2018,10,31,10,04003KT,08,07
2018-10-31 11:00:00.000,2018,10,31,11,05004KT,09,08
2018-10-31 12:00:00.000,2018,10,31,12,06006KT,11,09
2018-10-31 13:00:00.000,2018,10,31,13,06006KT,14,09
2018-10-31 14:00:00.000,2018,10,31,14,10012KT,18,08
2018-10-31 15:00:00.000,2018,10,31,15,09013KT,18,07
2018-10-31 16:00:00.000,2018,10,31,16,11009KT,19,07
2018-10-31 17:00:00.000,2018,10,31,17,10011KT,18,07
2018-10-31 18:00:00.000,2018,10,31,18,11006KT,18,08
2018-10-31 19:00:00.000,2018,10,31,19,VRB04KT,18,08
2018-10-31 20:00:00.000,2018,10,31,20,27003KT,18,07
2018-10-31 21:00:00.000,2018,10,31,21,26005KT,17,12
2018-10-31 22:00:00.000,2018,10,31,22,26007KT,17,10
2018-10-31 23:00:00.000,2018,10,31,23,25003KT,16,10
2018-11-01 00:00:00.000,2018,11,1,0,VRB02KT,14,10
2018-11-01 01:00:00.000,2018,11,1,1,33004KT,13,10
2018-11-01 02:00:00.000,2018,11,1,2,03006KT,13,11
2018-11-01 03:00:00.000,2018,11,1,3,03007KT,13,10
2018-11-01 04:00:00.000,2018,11,1,4,04005KT,13,10
2018-11-01 05:00:00.000,2018,11,1,5,06006KT,13,09
2018-11-01 06:00:00.000,2018,11,1,6,VRB02KT,11,09
2018-11-01 07:00:00.000,2018,11,1,7,06003KT,10,09
2018-11-01 08:00:00.000,2018,11,1,8,04004KT,10,08
2018-11-01 09:00:00.000,2018,11,1,9,08003KT,10,09
2018-11-01 10:00:00.000,2018,11,1,10,09004KT,11,09
2018-11-01 11:00:00.000,2018,11,1,11,05004KT,12,09
2018-11-01 12:00:00.000,2018,11,1,12,09006KT,14,09
2018-11-01 13:00:00.000,2018,11,1,13,04004KT,14,10
2018-11-01 14:00:00.000,2018,11,1,14,10010KT,16,08
2018-11-01 15:00:00.000,2018,11,1,15,10014KT,16,08
2018-11-01 16:00:00.000,2018,11,1,16,13010KT,17,07
2018-11-01 17:00:00.000,2018,11,1,17,12014KT,19,09
2018-11-01 18:00:00.000,2018,11,1,18,14007KT,18,06
2018-11-01 19:00:00.000,2018,11,1,19,11012KT,21,07
2018-11-01 20:00:00.000,2018,11,1,20,11012KT,20,08
2018-11-01 21:00:00.000,2018,11,1,21,13009KT,19,07
2018-11-01 22:00:00.000,2018,11,1,22,14008KT,17,08
2018-11-01 23:00:00.000,2018,11,1,23,19007KT,17,07
2018-11-02 00:00:00.000,2018,11,2,0,18004KT,14,08
2018-11-02 01:00:00.000,2018,11,2,1,34004KT,13,08
2018-11-02 02:00:00.000,2018,11,2,2,00000KT,23,22
2018-11-02 03:00:00.000,2018,11,2,3,25005KT,11,09
2018-11-02 04:00:00.000,2018,11,2,4,06004KT,11,08
2018-11-02 05:00:00.000,2018,11,2,5,36003KT,10,08
2018-11-02 06:00:00.000,2018,11,2,6,04006KT,10,08
2018-11-02 07:00:00.000,2018,11,2,7,VRB02KT,09,07
2018-11-02 08:00:00.000,2018,11,2,8,21003KT,10,09
2018-11-02 09:00:00.000,2018,11,2,9,00000KT,10,08
2018-11-02 10:00:00.000,2018,11,2,10,VRB04KT,11,09
2018-11-02 11:00:00.000,2018,11,2,11,VRB02KT,11,09
2018-11-02 12:00:00.000,2018,11,2,12,04003KT,12,10
2018-11-02 13:00:00.000,2018,11,2,13,03003KT,13,10
2018-11-02 14:00:00.000,2018,11,2,14,04004KT,14,09
2018-11-02 15:00:00.000,2018,11,2,15,04010KT,14,11
2018-11-02 16:00:00.000,2018,11,2,16,36005KT,16,10
2018-11-02 17:00:00.000,2018,11,2,17,VRB02KT,18,10
2018-11-02 18:00:00.000,2018,11,2,18,33005KT,18,11
2018-11-02 19:00:00.000,2018,11,2,19,12005KT,19,07
2018-11-02 20:00:00.000,2018,11,2,20,32008KT,17,11
2018-11-02 21:00:00.000,2018,11,2,21,30006KT,16,11
2018-11-02 22:00:00.000,2018,11,2,22,30003KT,15,12
2018-11-02 23:00:00.000,2018,11,2,23,27006KT,15,11
2018-11-03 00:00:00.000,2018,11,3,0,28004KT,14,10
2018-11-03 01:00:00.000,2018,11,3,1,01003KT,13,10
2018-11-03 02:00:00.000,2018,11,3,2,25004KT,13,11
2018-11-03 03:00:00.000,2018,11,3,3,14005KT,12,10
2018-11-03 04:00:00.000,2018,11,3,4,27003KT,12,09
2018-11-03 05:00:00.000,2018,11,3,5,05005KT,11,09
2018-11-03 06:00:00.000,2018,11,3,6,VRB02KT,12,09
2018-11-03 07:00:00.000,2018,11,3,7,VRB02KT,10,08
2018-11-03 08:00:00.000,2018,11,3,8,02003KT,10,08
2018-11-03 09:00:00.000,2018,11,3,9,VRB02KT,10,09
2018-11-03 10:00:00.000,2018,11,3,10,02003KT,10,09
2018-11-03 11:00:00.000,2018,11,3,11,04006KT,10,08
2018-11-03 12:00:00.000,2018,11,3,12,04004KT,12,09
2018-11-03 13:00:00.000,2018,11,3,13,04005KT,14,09
2018-11-03 14:00:00.000,2018,11,3,14,36003KT,17,08
2018-11-03 15:00:00.000,2018,11,3,15,01004KT,19,08
2018-11-03 16:00:00.000,2018,11,3,16,VRB05KT,21,08
2018-11-03 17:00:00.000,2018,11,3,17,VRB08KT,18,11
2018-11-03 18:00:00.000,2018,11,3,18,25011KT,17,11
2018-11-03 19:00:00.000,2018,11,3,19,32012KT,17,11
2018-11-03 20:00:00.000,2018,11,3,20,09010KT,11,10
2018-11-03 21:00:00.000,2018,11,3,21,24006KT,12,11
2018-11-03 22:00:00.000,2018,11,3,22,30003K,12,11
2018-11-03 23:00:00.000,2018,11,3,23,34004KT,12,10
2018-11-04 00:00:00.000,2018,11,4,0,30003KT,12,10
2018-11-04 01:00:00.000,2018,11,4,1,00000KT,11,10
2018-11-04 02:00:00.000,2018,11,4,2,00000KT,11,10
2018-11-04 03:00:00.000,2018,11,4,3,32003KT,11,10
2018-11-04 04:00:00.000,2018,11,4,4,VRB02KT,10,09
2018-11-04 05:00:00.000,2018,11,4,5,02003KT,10,10
2018-11-04 06:00:00.000,2018,11,4,6,VRB02KT,10,10
2018-11-04 07:00:00.000,2018,11,4,7,00000KT,09,09
2018-11-04 08:00:00.000,2018,11,4,8,27003KT,09,09
2018-11-04 09:00:00.000,2018,11,4,9,34003KT,09,09
2018-11-04 10:00:00.000,2018,11,4,10,00000KT,09,09
2018-11-04 11:00:00.000,2018,11,4,11,VRB02KT,10,09
2018-11-04 12:00:00.000,2018,11,4,12,VRB02KT,10,10
2018-11-04 13:00:00.000,2018,11,4,13,03003KT,11,10
2018-11-04 14:00:00.000,2018,11,4,14,00000KT,13,12
2018-11-04 15:00:00.000,2018,11,4,15,33004KT,16,11
2018-11-04 16:00:00.000,2018,11,4,16,VRB03KT,18,09
2018-11-04 17:00:00.000,2018,11,4,17,VRB04KT,19,09
2018-11-04 18:00:00.000,2018,11,4,18,27011KT,19,11
2018-11-04 19:00:00.000,2018,11,4,19,25010KT,19,11
2018-11-04 20:00:00.000,2018,11,4,20,30011KT,16,11
2018-11-04 21:00:00.000,2018,11,4,21,VRB02KT,13,09
2018-11-04 22:00:00.000,2018,11,4,22,VRB02KT,13,10
2018-11-04 23:00:00.000,2018,11,4,23,20004KT,13,10
2018-11-05 00:00:00.000,2018,11,5,0,21003KT,14,10
2018-11-05 01:00:00.000,2018,11,5,1,VRB02KT,14,11
2018-11-05 02:00:00.000,2018,11,5,2,34003KT,13,11
2018-11-05 03:00:00.000,2018,11,5,3,30005KT,13,11
2018-11-05 04:00:00.000,2018,11,5,4,30004KT,13,11
2018-11-05 05:00:00.000,2018,11,5,5,30005KT,13,11
2018-11-05 06:00:00.000,2018,11,5,6,29003KT,12,11
2018-11-05 07:00:00.000,2018,11,5,7,30005KT,13,10
2018-11-05 08:00:00.000,2018,11,5,8,31007KT,12,11
2018-11-05 09:00:00.000,2018,11,5,9,27004KT,12,10
2018-11-05 10:00:00.000,2018,11,5,10,VRB02KT,12,09
2018-11-05 11:00:00.000,2018,11,5,11,25003KT,12,10
2018-11-05 12:00:00.000,2018,11,5,12,36003KT,13,11
2018-11-05 13:00:00.000,2018,11,5,13,35005KT,14,11
2018-11-05 14:00:00.000,2018,11,5,14,VRB02KT,15,11
2018-11-05 15:00:00.000,2018,11,5,15,VRB02KT,16,10
2018-11-05 16:00:00.000,2018,11,5,16,VRB02KT,18,09
2018-11-05 17:00:00.000,2018,11,5,17,31007KT,17,10
2018-11-05 18:00:00.000,2018,11,5,18,32007KT,18,09
2018-11-05 19:00:00.000,2018,11,5,19,26009KT,18,10
2018-11-05 20:00:00.000,2018,11,5,20,00000KT,16,11
2018-11-05 21:00:00.000,2018,11,5,21,25009KT,16,10
2018-11-05 22:00:00.000,2018,11,5,22,24007KT,15,09
2018-11-05 23:00:00.000,2018,11,5,23,25004KT,14,11
2018-11-06 00:00:00.000,2018,11,6,0,31005KT,13,10
2018-11-06 01:00:00.000,2018,11,6,1,29006KT,13,10
2018-11-06 02:00:00.000,2018,11,6,2,21003KT,13,11
2018-11-06 03:00:00.000,2018,11,6,3,27003KT,13,10
2018-11-06 04:00:00.000,2018,11,6,4,26003KT,13,10
2018-11-06 05:00:00.000,2018,11,6,5,00000KT,12,10
2018-11-06 06:00:00.000,2018,11,6,6,VRB02KT,12,10
2018-11-06 07:00:00.000,2018,11,6,7,VRB02KT,11,10
2018-11-06 08:00:00.000,2018,11,6,8,VRB02KT,11,10
2018-11-06 09:00:00.000,2018,11,6,9,VRB02KT,11,10
2018-11-06 10:00:00.000,2018,11,6,10,VRB02KT,11,10
2018-11-06 11:00:00.000,2018,11,6,11,VRB02KT,12,11
2018-11-06 12:00:00.000,2018,11,6,12,VRB02KT,12,11
2018-11-06 13:00:00.000,2018,11,6,13,VRB02KT,15,11
2018-11-06 14:00:00.000,2018,11,6,14,08004KT,17,10
2018-11-06 15:00:00.000,2018,11,6,15,05004KT,19,10
2018-11-06 16:00:00.000,2018,11,6,16,31004KT,20,10
2018-11-06 17:00:00.000,2018,11,6,17,29006KT,21,10
2018-11-06 18:00:00.000,2018,11,6,18,27012KT,20,11
2018-11-06 19:00:00.000,2018,11,6,19,29014KT,18,12
2018-11-06 20:00:00.000,2018,11,6,20,30011KT,17,12
2018-11-06 21:00:00.000,2018,11,6,21,24006KT,17,11
2018-11-06 22:00:00.000,2018,11,6,22,26009KT,16,11
2018-11-06 23:00:00.000,2018,11,6,23,25005KT,15,11
2018-11-07 00:00:00.000,2018,11,7,0,32003KT,13,11
2018-11-07 01:00:00.000,2018,11,7,1,28005KT,14,10
2018-11-07 02:00:00.000,2018,11,7,2,29003KT,13,11
2018-11-07 03:00:00.000,2018,11,7,3,32004KT,13,11
2018-11-07 04:00:00.000,2018,11,7,4,04005KT,13,11
2018-11-07 05:00:00.000,2018,11,7,5,32003KT,12,11
2018-11-07 06:00:00.000,2018,11,7,6,32004KT,12,11
2018-11-07 07:00:00.000,2018,11,7,7,VRB02KT,12,11
2018-11-07 08:00:00.000,2018,11,7,8,30004KT,13,11
2018-11-07 09:00:00.000,2018,11,7,9,VRB02KT,12,11
2018-11-07 10:00:00.000,2018,11,7,10,00000KT,12,11
2018-11-07 11:00:00.000,2018,11,7,11,03005KT,13,11
2018-11-07 12:00:00.000,2018,11,7,12,06004KT,14,12
2018-11-07 13:00:00.000,2018,11,7,13,00000KT,16,12
2018-11-07 14:00:00.000,2018,11,7,14,25007KT,17,12
2018-11-07 15:00:00.000,2018,11,7,15,19005KT,17,11
2018-11-07 16:00:00.000,2018,11,7,16,VRB04KT,20,10
2018-11-07 17:00:00.000,2018,11,7,17,23008KT,20,10
2018-11-07 18:00:00.000,2018,11,7,18,25012KT,18,11
2018-11-07 19:00:00.000,2018,11,7,19,26011KT,20,11
2018-11-07 20:00:00.000,2018,11,7,20,25011KT,19,11
2018-11-07 21:00:00.000,2018,11,7,21,25009KT,17,11
2018-11-07 22:00:00.000,2018,11,7,22,27008KT,16,12
2018-11-07 23:00:00.000,2018,11,7,23,26011KT,20,11
2018-11-08 00:00:00.000,2018,11,8,0,33003KT,15,12
2018-11-08 01:00:00.000,2018,11,8,1,VRB02KT,13,12
2018-11-08 02:00:00.000,2018,11,8,2,04005KT,13,11
2018-11-08 03:00:00.000,2018,11,8,3,04007KT,12,10
2018-11-08 04:00:00.000,2018,11,8,4,01004KT,11,09
2018-11-08 05:00:00.000,2018,11,8,5,36003KT,12,10
2018-11-08 06:00:00.000,2018,11,8,6,06005G15KT,12,09
2018-11-08 07:00:00.000,2018,11,8,7,06005KT,12,10
2018-11-08 08:00:00.000,2018,11,8,8,04007KT,11,09
2018-11-08 09:00:00.000,2018,11,8,9,35005KT,11,09
2018-11-08 10:00:00.000,2018,11,8,10,VRB02KT,10,09
2018-11-08 11:00:00.000,2018,11,8,11,06005KT,10,09
2018-11-08 12:00:00.000,2018,11,8,12,03004KT,13,10
2018-11-08 13:00:00.000,2018,11,8,13,05004KT,16,10
2018-11-08 14:00:00.000,2018,11,8,14,03008KT,17,10
2018-11-08 15:00:00.000,2018,11,8,15,06006KT,18,09
2018-11-08 16:00:00.000,2018,11,8,16,09006KT,20,09
2018-11-08 17:00:00.000,2018,11,8,17,09004KT,20,08
2018-11-08 18:00:00.000,2018,11,8,18,08006KT,21,08
2018-11-08 19:00:00.000,2018,11,8,19,29006KT,20,10
2018-11-08 20:00:00.000,2018,11,8,20,26010KT,21,12
2018-11-08 21:00:00.000,2018,11,8,21,28010KT,19,11
2018-11-08 22:00:00.000,2018,11,8,22,27008KT,18,12
2018-11-08 23:00:00.000,2018,11,8,23,25006KT,15,12
2018-11-09 00:00:00.000,2018,11,9,0,26005KT,15,13
2018-11-09 01:00:00.000,2018,11,9,1,26003KT,15,13
2018-11-09 02:00:00.000,2018,11,9,2,25005KT,14,11
2018-11-09 03:00:00.000,2018,11,9,3,34005KT,13,11
2018-11-09 04:00:00.000,2018,11,9,4,05004KT,13,11
2018-11-09 05:00:00.000,2018,11,9,5,05003KT,14,12
2018-11-09 06:00:00.000,2018,11,9,6,03006KT,13,11
2018-11-09 07:00:00.000,2018,11,9,7,04004KT,13,11
2018-11-09 08:00:00.000,2018,11,9,8,VRB02KT,11,10
2018-11-09 09:00:00.000,2018,11,9,9,VRB02KT,12,11
2018-11-09 10:00:00.000,2018,11,9,10,VRB02KT,12,114
2018-11-09 11:00:00.000,2018,11,9,11,33004KT,12,11
2018-11-09 12:00:00.000,2018,11,9,12,03003KT,12,11
2018-11-09 13:00:00.000,2018,11,9,13,02003KT,14,11
2018-11-09 14:00:00.000,2018,11,9,14,05003KT,16,10
2018-11-09 15:00:00.000,2018,11,9,15,04003KT,17,09
2018-11-09 16:00:00.000,2018,11,9,16,VRB03KT,17,09
2018-11-09 17:00:00.000,2018,11,9,17,09005KT,17,11
2018-11-09 18:00:00.000,2018,11,9,18,28005KT,17,12
2018-11-09 19:00:00.000,2018,11,9,19,28010KT,15,12
2018-11-09 20:00:00.000,2018,11,9,20,25005KT,15,12
2018-11-09 21:00:00.000,2018,11,9,21,18003KT,14,12
2018-11-09 22:00:00.000,2018,11,9,22,VRB02KT,15,13
2018-11-09 23:00:00.000,2018,11,9,23,VRB02KT,14,13
2018-11-10 00:00:00.000,2018,11,10,0,VRB02KT,14,12
2018-11-10 01:00:00.000,2018,11,10,1,VRB02KT,14,13
2018-11-10 02:00:00.000,2018,11,10,2,VRB02KT,14,13
2018-11-10 03:00:00.000,2018,11,10,3,28003KT,14,13
2018-11-10 04:00:00.000,2018,11,10,4,20004KT,14,12
2018-11-10 05:00:00.000,2018,11,10,5,VRB02KT,13,12
2018-11-10 06:00:00.000,2018,11,10,6,32003KT,13,12
2018-11-10 07:00:00.000,2018,11,10,7,31006KT,12,11
2018-11-10 08:00:00.000,2018,11,10,8,31004KT,12,11
2018-11-10 09:00:00.000,2018,11,10,9,26004KT,12,11
2018-11-10 10:00:00.000,2018,11,10,10,VRB02KT,12,11
2018-11-10 11:00:00.000,2018,11,10,11,VRB02KT,12,11
2018-11-10 12:00:00.000,2018,11,10,12,VRB02KT,14,12
2018-11-10 13:00:00.000,2018,11,10,13,07003KT,15,12
2018-11-10 14:00:00.000,2018,11,10,14,03006KT,17,12
2018-11-10 15:00:00.000,2018,11,10,15,08003KT,19,12
2018-11-10 16:00:00.000,2018,11,10,16,02006KT,17,11
2018-11-10 17:00:00.000,2018,11,10,17,27010KT,18,13
2018-11-10 18:00:00.000,2018,11,10,18,22007KT,15,13
2018-11-10 19:00:00.000,2018,11,10,19,22007KT,17,13
2018-11-10 20:00:00.000,2018,11,10,20,31008KT,16,14
2018-11-10 21:00:00.000,2018,11,10,21,30009KT,16,13
2018-11-10 22:00:00.000,2018,11,10,22,24006KT,16,13
2018-11-10 23:00:00.000,2018,11,10,23,30005KT,15,13
2018-11-11 00:00:00.000,2018,11,11,0,VRB02KT,14,12
2018-11-11 01:00:00.000,2018,11,11,1,VRB02KT,13,12
2018-11-11 02:00:00.000,2018,11,11,2,VRB02KT,13,12
2018-11-11 03:00:00.000,2018,11,11,3,VRB02KT,13,12
2018-11-11 04:00:00.000,2018,11,11,4,VRB02KT,13,12
2018-11-11 05:00:00.000,2018,11,11,5,34003KT,13,12
2018-11-11 06:00:00.000,2018,11,11,6,VRB02KT,13,12
2018-11-11 07:00:00.000,2018,11,11,7,VRB02KT,13,12
2018-11-11 08:00:00.000,2018,11,11,8,VRB02KT,13,12
2018-11-11 09:00:00.000,2018,11,11,9,04004KT,13,12
2018-11-11 11:00:00.000,2018,11,11,11,VRB02KT,12,11
2018-11-11 12:00:00.000,2018,11,11,12,04006KT,12,11
2018-11-11 13:00:00.000,2018,11,11,13,04004KT,14,12
2018-11-11 14:00:00.000,2018,11,11,14,03006KT,17,12
2018-11-11 15:00:00.000,2018,11,11,15,13008KT,18,09
2018-11-11 16:00:00.000,2018,11,11,16,20007KT,18,09
2018-11-11 17:00:00.000,2018,11,11,17,13008KT,19,10
2018-11-11 18:00:00.000,2018,11,11,18,08008KT,19,09
2018-11-11 19:00:00.000,2018,11,11,19,06007KT,19,09
2018-11-11 20:00:00.000,2018,11,11,20,06007KT,19,09
2018-11-11 21:00:00.000,2018,11,11,21,05005KT,19,10
2018-11-11 22:00:00.000,2018,11,11,22,23007KT,16,13
2018-11-11 23:00:00.000,2018,11,11,23,VRB02KT,15,13
2018-11-12 00:00:00.000,2018,11,12,0,VRB02KT,14,13
2018-11-12 01:00:00.000,2018,11,12,1,24003KT,14,13
2018-11-12 02:00:00.000,2018,11,12,2,VRB02KT,13,12
2018-11-12 03:00:00.000,2018,11,12,3,VRB02KT,13,12
2018-11-12 04:00:00.000,2018,11,12,4,01004KT,13,11
2018-11-12 05:00:00.000,2018,11,12,5,VRB02KT,13,11
2018-11-12 06:00:00.000,2018,11,12,6,05006KT,13,11
2018-11-12 07:00:00.000,2018,11,12,7,01003KT,12,10
2018-11-12 08:00:00.000,2018,11,12,8,05003KT,12,10
2018-11-12 09:00:00.000,2018,11,12,9,VRB02KT,12,09
2018-11-12 10:00:00.000,2018,11,12,10,VRB02KT,11,09
2018-11-12 11:00:00.000,2018,11,12,11,VRB02KT,11,09
2018-11-12 12:00:00.000,2018,11,12,12,05003KT,14,10
2018-11-12 13:00:00.000,2018,11,12,13,03004KT,17,10
2018-11-12 14:00:00.000,2018,11,12,14,10010KT,19,06
2018-11-12 15:00:00.000,2018,11,12,15,13010KT,20,07
2018-11-12 16:00:00.000,2018,11,12,16,13010KT,19,08
2018-11-12 17:00:00.000,2018,11,12,17,12010KT,19,07
2018-11-12 18:00:00.000,2018,11,12,18,13011KT,18,08
2018-11-12 19:00:00.000,2018,11,12,19,14010KT,18,08
2018-11-12 20:00:00.000,2018,11,12,20,15004KT,19,08
2018-11-12 21:00:00.000,2018,11,12,21,03007KT,19,08
2018-11-12 22:00:00.000,2018,11,12,22,05009KT,17,09
2018-11-12 23:00:00.000,2018,11,12,23,05007KT,15,08
2018-11-13 00:00:00.000,2018,11,13,0,10005KT,16,09
2018-11-13 01:00:00.000,2018,11,13,1,13005KT,15,08
2018-11-13 02:00:00.000,2018,11,13,2,11004KT,15,08
2018-11-13 03:00:00.000,2018,11,13,3,VRB02KT,11,10
2018-11-13 04:00:00.000,2018,11,13,4,01003KT,12,09
2018-11-13 05:00:00.000,2018,11,13,5,06003KT,10,09
2018-11-13 06:00:00.000,2018,11,13,6,VRB02KT,11,09
2018-11-13 07:00:00.000,2018,11,13,7,00000KT,10,08
2018-11-13 08:00:00.000,2018,11,13,8,VRB02KT,09,08
2018-11-13 09:00:00.000,2018,11,13,9,33003KT,09,08
2018-11-13 10:00:00.000,2018,11,13,10,34003KT,10,09
2018-11-13 11:00:00.000,2018,11,13,11,02004KT,10,09
2018-11-13 12:00:00.000,2018,11,13,12,02004KT,11,10
2018-11-13 13:00:00.000,2018,11,13,13,04005KT,13,11
2018-11-13 14:00:00.000,2018,11,13,14,07007KT,17,11
2018-11-13 15:00:00.000,2018,11,13,15,05008KT,18,10
2018-11-13 16:00:00.000,2018,11,13,16,05005KT,18,09
2018-11-13 17:00:00.000,2018,11,13,17,05007KT,18,09
2018-11-13 18:00:00.000,2018,11,13,18,07007KT,18,09
2018-11-13 19:00:00.000,2018,11,13,19,06008KT,18,09
2018-11-13 20:00:00.000,2018,11,13,20,14006KT,19,10
2018-11-13 21:00:00.000,2018,11,13,21,06007KT,18,10
2018-11-13 22:00:00.000,2018,11,13,22,14008KT,15,12
2018-11-13 23:00:00.000,2018,11,13,23,10003KT,15,11
2018-11-14 00:00:00.000,2018,11,14,0,VRB02KT,13,10
2018-11-14 01:00:00.000,2018,11,14,1,33003KT,12,10
2018-11-14 02:00:00.000,2018,11,14,2,24003KT,11,09
2018-11-14 03:00:00.000,2018,11,14,3,VRB02KT,11,10
2018-11-14 04:00:00.000,2018,11,14,4,VRB02KT,10,09
2018-11-14 05:00:00.000,2018,11,14,5,28003KT,09,08
2018-11-14 06:00:00.000,2018,11,14,6,VRB02KT,09,08
2018-11-14 07:00:00.000,2018,11,14,7,05005KT,09,08
2018-11-14 08:00:00.000,2018,11,14,8,02003KT,09,08
2018-11-14 09:00:00.000,2018,11,14,9,23003KT,08,08
2018-11-14 10:00:00.000,2018,11,14,10,02003KT,08,08
2018-11-14 11:00:00.000,2018,11,14,11,05004KT,09,08
2018-11-14 13:00:00.000,2018,11,14,13,04003KT,10,09
2018-11-14 14:00:00.000,2018,11,14,14,03003KT,14,11
2018-11-14 15:00:00.000,2018,11,14,15,04004KT,17,10
2018-11-14 16:00:00.000,2018,11,14,16,01005KT,19,09
2018-11-14 17:00:00.000,2018,11,14,17,35005KT,21,08
2018-11-14 18:00:00.000,2018,11,14,18,25010KT,21,10
2018-11-14 19:00:00.000,2018,11,14,19,27012KT,20,11
2018-11-14 20:00:00.000,2018,11,14,20,30012KT,20,11
2018-11-14 21:00:00.000,2018,11,14,21,32010KT,19,12
2018-11-14 22:00:00.000,2018,11,14,22,30010KT,17,12
2018-11-14 23:00:00.000,2018,11,14,23,29005KT,15,12
2018-11-15 00:00:00.000,2018,11,15,0,27004KT,15,12
2018-11-15 01:00:00.000,2018,11,15,1,VRB02KT,13,10
2018-11-15 02:00:00.000,2018,11,15,2,01004KT,12,10
2018-11-15 03:00:00.000,2018,11,15,3,34004KT,12,10
2018-11-15 04:00:00.000,2018,11,15,4,32003KT,12,11
2018-11-15 05:00:00.000,2018,11,15,5,VRB02KT,12,11
2018-11-15 06:00:00.000,2018,11,15,6,33004KT,11,10
2018-11-15 07:00:00.000,2018,11,15,7,31004KT,12,11
2018-11-15 08:00:00.000,2018,11,15,8,VRB02KT,10,10
2018-11-15 09:00:00.000,2018,11,15,9,03004KT,10,10
2018-11-15 10:00:00.000,2018,11,15,10,VRB02KT,10,10
2018-11-15 11:00:00.000,2018,11,15,11,02004KT,09,08
2018-11-15 12:00:00.000,2018,11,15,12,VRB02KT,09,07
2018-11-15 13:00:00.000,2018,11,15,13,33003KT,12,11
2018-11-15 14:00:00.000,2018,11,15,14,03003KT,16,10
2018-11-15 15:00:00.000,2018,11,15,15,22003KT,19,10
2018-11-15 16:00:00.000,2018,11,15,16,34005KT,19,09
2018-11-15 17:00:00.000,2018,11,15,17,31003KT,21,08
2018-11-15 18:00:00.000,2018,11,15,18,27013KT,18,12
2018-11-15 19:00:00.000,2018,11,15,19,25013KT,18,11
2018-11-15 20:00:00.000,2018,11,15,20,26009KT,17,11
2018-11-15 21:00:00.000,2018,11,15,21,26008KT,17,12
2018-11-15 22:00:00.000,2018,11,15,22,24006KT,17,12
2018-11-15 23:00:00.000,2018,11,15,23,23006KT,16,12
2018-11-16 00:00:00.000,2018,11,16,0,24005KT,15,12
2018-11-16 01:00:00.000,2018,11,16,1,VRB02KT,13,11
2018-11-16 02:00:00.000,2018,11,16,2,02003KT,13,12
2018-11-16 03:00:00.000,2018,11,16,3,24003KT,14,12
2018-11-16 04:00:00.000,2018,11,16,4,VRB02KT,13,12
2018-11-16 05:00:00.000,2018,11,16,5,VRB02KT,13,11
2018-11-16 06:00:00.000,2018,11,16,6,31004KT,12,11
2018-11-16 07:00:00.000,2018,11,16,7,32003KT,12,11
2018-11-16 08:00:00.000,2018,11,16,8,24003KT,12,11
2018-11-16 09:00:00.000,2018,11,16,9,VRB02KT,12,11
2018-11-16 10:00:00.000,2018,11,16,10,VRB02KT,12,11
2018-11-16 11:00:00.000,2018,11,16,11,32004KT,12,11
2018-11-16 12:00:00.000,2018,11,16,12,32003KT,13,12
2018-11-16 13:00:00.000,2018,11,16,13,VRB02KT,15,13
2018-11-16 14:00:00.000,2018,11,16,14,VRB02KT,17,12
2018-11-16 15:00:00.000,2018,11,16,15,11008KT,19,11
2018-11-16 16:00:00.000,2018,11,16,16,10007KT,20,08
2018-11-16 17:00:00.000,2018,11,16,17,08006KT,20,08
2018-11-16 18:00:00.000,2018,11,16,18,04004KT,20,09
2018-11-16 19:00:00.000,2018,11,16,19,18005KT,22,10
2018-11-16 20:00:00.000,2018,11,16,20,29009KT,18,13
2018-11-16 21:00:00.000,2018,11,16,21,27011KT,18,13
2018-11-16 22:00:00.000,2018,11,16,22,27009KT,17,12
2018-11-16 23:00:00.000,2018,11,16,23,24006KT,16,13
2018-11-17 00:00:00.000,2018,11,17,0,VRB02KT,16,13
2018-11-17 01:00:00.000,2018,11,17,1,32004KT,14,12
2018-11-17 02:00:00.000,2018,11,17,2,VRB02KT,14,13
2018-11-17 03:00:00.000,2018,11,17,3,VRB02KT,14,12
2018-11-17 04:00:00.000,2018,11,17,4,36003KT,12,11
2018-11-17 05:00:00.000,2018,11,17,5,06003KT,12,10
2018-11-17 06:00:00.000,2018,11,17,6,VRB02KT,14,10
2018-11-17 07:00:00.000,2018,11,17,7,01003KT,12,10
2018-11-17 08:00:00.000,2018,11,17,8,04006KT,13,11
2018-11-17 09:00:00.000,2018,11,17,9,VRB02KT,12,11
2018-11-17 10:00:00.000,2018,11,17,10,VRB02KT,11,10
2018-11-17 11:00:00.000,2018,11,17,11,22003KT,12,10
2018-11-17 12:00:00.000,2018,11,17,12,01005KT,13,11
2018-11-17 13:00:00.000,2018,11,17,13,06008KT,16,11
2018-11-17 14:00:00.000,2018,11,17,14,06008KT,18,10
2018-11-17 15:00:00.000,2018,11,17,15,06008KT,18,10
2018-11-17 16:00:00.000,2018,11,17,16,09006KT,18,10
2018-11-17 17:00:00.000,2018,11,17,17,07008KT,20,10
2018-11-17 18:00:00.000,2018,11,17,18,09006KT,20,10
2018-11-17 19:00:00.000,2018,11,17,19,06007KT,21,09
2018-11-17 20:00:00.000,2018,11,17,20,29005KT,20,12
2018-11-17 21:00:00.000,2018,11,17,21,26010KT,17,12
2018-11-17 22:00:00.000,2018,11,17,22,27009KT,17,13
2018-11-17 23:00:00.000,2018,11,17,23,23005KT,16,13
2018-11-18 00:00:00.000,2018,11,18,0,VRB02KT,14,13
2018-11-18 01:00:00.000,2018,11,18,1,14004KT,13,12
2018-11-18 02:00:00.000,2018,11,18,2,36006KT,13,12
2018-11-18 03:00:00.000,2018,11,18,3,32003KT,13,11
2018-11-18 04:00:00.000,2018,11,18,4,34004KT,13,11
2018-11-18 05:00:00.000,2018,11,18,5,01003KT,12,11
2018-11-18 06:00:00.000,2018,11,18,6,35003KT,12,11
2018-11-18 07:00:00.000,2018,11,18,7,04005KT,12,11
2018-11-18 08:00:00.000,2018,11,18,8,05004KT,12,10
2018-11-18 09:00:00.000,2018,11,18,9,06006KT,12,10
2018-11-18 10:00:00.000,2018,11,18,10,04005KT,12,10
2018-11-18 11:00:00.000,2018,11,18,11,VRB02KT,12,10
2018-11-18 12:00:00.000,2018,11,18,12,07006KT,13,11
2018-11-18 13:00:00.000,2018,11,18,13,05006KT,15,11
2018-11-18 14:00:00.000,2018,11,18,14,04005KT,17,11
2018-11-18 15:00:00.000,2018,11,18,15,04008KT,18,11
2018-11-18 16:00:00.000,2018,11,18,16,05011KT,18,12
2018-11-18 17:00:00.000,2018,11,18,17,13010KT,20,09
2018-11-18 18:00:00.000,2018,11,18,18,10006KT,20,09
2018-11-18 19:00:00.000,2018,11,18,19,06005KT,19,10
2018-11-18 20:00:00.000,2018,11,18,20,13007KT,19,08
2018-11-18 21:00:00.000,2018,11,18,21,21008KT,16,12
2018-11-18 22:00:00.000,2018,11,18,22,24004KT,16,12
2018-11-18 23:00:00.000,2018,11,18,23,VRB02KT,15,12
2018-11-19 00:00:00.000,2018,11,19,0,26005KT,15,13
2018-11-19 01:00:00.000,2018,11,19,1,00000KT,15,12
2018-11-19 02:00:00.000,2018,11,19,2,VRB02KT,13,12
2018-11-19 03:00:00.000,2018,11,19,3,03004KT,12,11
2018-11-19 04:00:00.000,2018,11,19,4,03004KT,13,11
2018-11-19 05:00:00.000,2018,11,19,5,06006KT,13,11
2018-11-19 06:00:00.000,2018,11,19,6,06005KT,12,10
2018-11-19 07:00:00.000,2018,11,19,7,03006KT,12,10
2018-11-19 08:00:00.000,2018,11,19,8,VRB02KT,11,10
2018-11-19 09:00:00.000,2018,11,19,9,07004KT,11,10
2018-11-19 10:00:00.000,2018,11,19,10,05007KT,12,10
2018-11-19 11:00:00.000,2018,11,19,11,23003KT,12,10
2018-11-19 12:00:00.000,2018,11,19,12,36003KT,13,10
2018-11-19 13:00:00.000,2018,11,19,13,05005KT,14,11
2018-11-19 14:00:00.000,2018,11,19,14,04005KT,16,10
2018-11-19 15:00:00.000,2018,11,19,15,05004KT,17,10
2018-11-19 16:00:00.000,2018,11,19,16,36004KT,17,09
2018-11-19 17:00:00.000,2018,11,19,17,35004KT,18,10
2018-11-19 18:00:00.000,2018,11,19,18,13004KT,18,09
2018-11-19 19:00:00.000,2018,11,19,19,18004KT,19,11
2018-11-19 20:00:00.000,2018,11,19,20,02004KT,18,11
2018-11-19 21:00:00.000,2018,11,19,21,08008KT,18,10
2018-11-19 22:00:00.000,2018,11,19,22,06007KT,18,10
2018-11-19 23:00:00.000,2018,11,19,23,12004KT,16,09
2018-11-20 00:00:00.000,2018,11,20,0,17004KT,16,12
2018-11-20 01:00:00.000,2018,11,20,1,VRB02KT,14,11
2018-11-20 02:00:00.000,2018,11,20,2,VRB02KT,13,10
2018-11-20 03:00:00.000,2018,11,20,3,05007KT,12,09
2018-11-20 04:00:00.000,2018,11,20,4,05007KT,13,10
2018-11-20 05:00:00.000,2018,11,20,5,04005KT,13,10
2018-11-20 06:00:00.000,2018,11,20,6,06006KT,12,10
2018-11-20 07:00:00.000,2018,11,20,7,04006KT,12,10
2018-11-20 08:00:00.000,2018,11,20,8,05004KT,12,10
2018-11-20 09:00:00.000,2018,11,20,9,06004KT,13,10
2018-11-20 10:00:00.000,2018,11,20,10,04006KT,13,10
2018-11-20 11:00:00.000,2018,11,20,11,04005KT,12,10
2018-11-20 12:00:00.000,2018,11,20,12,06005KT,13,10
2018-11-20 13:00:00.000,2018,11,20,13,04006KT,16,11
2018-11-20 14:00:00.000,2018,11,20,14,07007KT,17,09
2018-11-20 15:00:00.000,2018,11,20,15,07007KT,20,09
2018-11-20 16:00:00.000,2018,11,20,16,15009KT,21,08
2018-11-20 17:00:00.000,2018,11,20,17,15006KT,20,09
2018-11-20 18:00:00.000,2018,11,20,18,12006KT,21,09
2018-11-20 19:00:00.000,2018,11,20,19,13008KT,20,09
2018-11-20 20:00:00.000,2018,11,20,20,14009KT,19,09
2018-11-20 21:00:00.000,2018,11,20,21,13006KT,20,07
2018-11-20 22:00:00.000,2018,11,20,22,15006KT,19,09
2018-11-20 23:00:00.000,2018,11,20,23,VRB02KT,18,09
2018-11-21 00:00:00.000,2018,11,21,0,32004KT,15,12
2018-11-21 01:00:00.000,2018,11,21,1,36006KT,14,12
2018-11-21 02:00:00.000,2018,11,21,2,VRB02KT,13,12
2018-11-21 03:00:00.000,2018,11,21,3,03007KT,12,10
2018-11-21 04:00:00.000,2018,11,21,4,04005KT,12,10
2018-11-21 05:00:00.000,2018,11,21,5,03004KT,13,10
2018-11-21 06:00:00.000,2018,11,21,6,33003KT,12,10
2018-11-21 07:00:00.000,2018,11,21,7,VRB02KT,12,10
2018-11-21 08:00:00.000,2018,11,21,8,01004KT,12,10
2018-11-21 09:00:00.000,2018,11,21,9,06004KT,11,09
2018-11-21 10:00:00.000,2018,11,21,10,03003KT,11,09
2018-11-21 11:00:00.000,2018,11,21,11,02003KT,10,09
2018-11-21 12:00:00.000,2018,11,21,12,03004KT,12,10
2018-11-21 13:00:00.000,2018,11,21,13,04004KT,15,11
2018-11-21 14:00:00.000,2018,11,21,14,04003KT,17,10
2018-11-21 15:00:00.000,2018,11,21,15,03005KT,18,09
2018-11-21 16:00:00.000,2018,11,21,16,05007KT,19,07
2018-11-21 17:00:00.000,2018,11,21,17,05007KT,19,09
2018-11-21 18:00:00.000,2018,11,21,18,08007KT,20,07
2018-11-21 19:00:00.000,2018,11,21,19,13006KT,21,08
2018-11-21 20:00:00.000,2018,11,21,20,29008KT,19,13
2018-11-21 21:00:00.000,2018,11,21,21,28006KT,18,12
2018-11-21 22:00:00.000,2018,11,21,22,28005KT,18,12
2018-11-21 23:00:00.000,2018,11,21,23,23006KT,16,12
2018-11-22 00:00:00.000,2018,11,22,0,32004KT,15,12
2018-11-22 01:00:00.000,2018,11,22,1,VRB02KT,14,12
2018-11-22 02:00:00.000,2018,11,22,2,VRB02KT,14,12
2018-11-22 03:00:00.000,2018,11,22,3,VRB02KT,13,12
2018-11-22 04:00:00.000,2018,11,22,4,33004KT,13,11
2018-11-22 05:00:00.000,2018,11,22,5,VRB02KT,12,11
2018-11-22 06:00:00.000,2018,11,22,6,27004KT,12,11
2018-11-22 07:00:00.000,2018,11,22,7,24004KT,12,11
2018-11-22 08:00:00.000,2018,11,22,8,VRB02KT,12,11
2018-11-22 09:00:00.000,2018,11,22,9,VRB02KT,12,11
2018-11-22 10:00:00.000,2018,11,22,10,VRB02KT,12,11
2018-11-22 11:00:00.000,2018,11,22,11,VRB02KT,12,11
2018-11-22 12:00:00.000,2018,11,22,12,VRB02KT,13,12
2018-11-22 13:00:00.000,2018,11,22,13,VRB02KT,14,12
2018-11-22 14:00:00.000,2018,11,22,14,28003KT,17,11
2018-11-22 15:00:00.000,2018,11,22,15,26004KT,19,11
2018-11-22 16:00:00.000,2018,11,22,16,36004KT,20,10
2018-11-22 17:00:00.000,2018,11,22,17,32005KT,21,10
2018-11-22 18:00:00.000,2018,11,22,18,28012KT,20,12
2018-11-22 19:00:00.000,2018,11,22,19,29010KT,18,12
2018-11-22 20:00:00.000,2018,11,22,20,23010KT,16,13
2018-11-22 21:00:00.000,2018,11,22,21,27005KT,16,13
2018-11-22 22:00:00.000,2018,11,22,22,28004KT,15,12
2018-11-22 23:00:00.000,2018,11,22,23,33004KT,14,12
2018-11-23 00:00:00.000,2018,11,23,0,32004KT,14,12
2018-11-23 01:00:00.000,2018,11,23,1,VRB02KT,14,12
2018-11-23 02:00:00.000,2018,11,23,2,30006KT,14,11
2018-11-23 03:00:00.000,2018,11,23,3,30006KT,14,11
2018-11-23 04:00:00.000,2018,11,23,4,VRB02KT,14,12
2018-11-23 05:00:00.000,2018,11,23,5,00000KT,13,12
2018-11-23 06:00:00.000,2018,11,23,6,31003KT,13,12
2018-11-23 07:00:00.000,2018,11,23,7,31004KT,13,12
2018-11-23 08:00:00.000,2018,11,23,8,32004KT,13,12
2018-11-23 09:00:00.000,2018,11,23,9,14004KT,12,11
2018-11-23 10:00:00.000,2018,11,23,10,33003KT,12,11
2018-11-23 11:00:00.000,2018,11,23,11,32005KT,11,10
2018-11-23 12:00:00.000,2018,11,23,12,VRB02KT,14,12
2018-11-23 13:00:00.000,2018,11,23,13,30003KT,15,12
2018-11-23 14:00:00.000,2018,11,23,14,VRB02KT,17,12
2018-11-23 15:00:00.000,2018,11,23,15,29004KT,19,11
2018-11-23 16:00:00.000,2018,11,23,16,28007KT,20,10
2018-11-23 17:00:00.000,2018,11,23,17,30010KT,21,12
2018-11-23 18:00:00.000,2018,11,23,18,30012KT,21,12
2018-11-23 19:00:00.000,2018,11,23,19,26013KT,21,12
2018-11-23 20:00:00.000,2018,11,23,20,28014KT,20,12
2018-11-23 21:00:00.000,2018,11,23,21,27010KT,19,13
2018-11-23 22:00:00.000,2018,11,23,22,28008KT,17,12
2018-11-23 23:00:00.000,2018,11,23,23,28008KT,16,11
2018-11-24 00:00:00.000,2018,11,24,0,27005KT,15,12
2018-11-24 01:00:00.000,2018,11,24,1,01016KT,27,23
2018-11-24 02:00:00.000,2018,11,24,2,30010KT,14,11
2018-11-24 03:00:00.000,2018,11,24,3,VRB02KT,14,11
2018-11-24 04:00:00.000,2018,11,24,4,19004KT,13,11
2018-11-24 05:00:00.000,2018,11,24,5,VRB02KT,11,09
2018-11-24 06:00:00.000,2018,11,24,6,32004KT,10,09
2018-11-24 07:00:00.000,2018,11,24,7,VRB02KT,11,11
2018-11-24 08:00:00.000,2018,11,24,8,VRB02KT,11,11
2018-11-24 09:00:00.000,2018,11,24,9,28005KT,10,10
2018-11-24 10:00:00.000,2018,11,24,10,VRB02KT,10,10
2018-11-24 11:00:00.000,2018,11,24,11,33004KT,09,09
2018-11-24 12:00:00.000,2018,11,24,12,VRB02KT,13,11
2018-11-24 13:00:00.000,2018,11,24,13,VRB02KT,16,12
2018-11-24 14:00:00.000,2018,11,24,14,02004KT,18,11
2018-11-24 15:00:00.000,2018,11,24,15,31004KT,20,10
2018-11-24 16:00:00.000,2018,11,24,16,VRB04KT,22,09
2018-11-24 17:00:00.000,2018,11,24,17,VRB04KT,20,12
2018-11-24 18:00:00.000,2018,11,24,18,20005KT,16,13
2018-11-24 19:00:00.000,2018,11,24,19,17003KT,16,13
2018-11-24 20:00:00.000,2018,11,24,20,07007KT,15,13
2018-11-24 21:00:00.000,2018,11,24,21,08005KT,14,11
2018-11-24 22:00:00.000,2018,11,24,22,16005KT,14,12
2018-11-24 23:00:00.000,2018,11,24,23,VRB02KT,14,12
2018-11-25 00:00:00.000,2018,11,25,0,03004KT,14,13
2018-11-25 01:00:00.000,2018,11,25,1,05003KT,14,13
2018-11-25 02:00:00.000,2018,11,25,2,07004KT,13,12
2018-11-25 03:00:00.000,2018,11,25,3,05005KT,13,12
2018-11-25 04:00:00.000,2018,11,25,4,VRB02KT,13,11
2018-11-25 05:00:00.000,2018,11,25,5,VRB02KT,13,11
2018-11-25 06:00:00.000,2018,11,25,6,VRB02KT,13,11
2018-11-25 07:00:00.000,2018,11,25,7,03003KT,12,11
2018-11-25 08:00:00.000,2018,11,25,8,03003KT,12,11
2018-11-25 09:00:00.000,2018,11,25,9,05005KT,12,10
2018-11-25 10:00:00.000,2018,11,25,10,05006KT,11,10
2018-11-25 11:00:00.000,2018,11,25,11,07005KT,11,10
2018-11-25 12:00:00.000,2018,11,25,12,06004KT,12,10
2018-11-25 13:00:00.000,2018,11,25,13,06006KT,14,11
2018-11-25 14:00:00.000,2018,11,25,14,14004KT,17,10
2018-11-25 15:00:00.000,2018,11,25,15,14005KT,19,09
2018-11-25 16:00:00.000,2018,11,25,16,10004KT,19,09
2018-11-25 17:00:00.000,2018,11,25,17,10006KT,20,09
2018-11-25 18:00:00.000,2018,11,25,18,08007KT,20,09
2018-11-25 19:00:00.000,2018,11,25,19,09005KT,20,09
2018-11-25 20:00:00.000,2018,11,25,20,12009KT,19,08
2018-11-25 21:00:00.000,2018,11,25,21,26008KT,16,13
2018-11-25 22:00:00.000,2018,11,25,22,24006KT,16,13
2018-11-25 23:00:00.000,2018,11,25,23,VRB04KT,15,13
2018-11-26 00:00:00.000,2018,11,26,0,26004KT,14,13
2018-11-26 01:00:00.000,2018,11,26,1,29003KT,15,13
2018-11-26 02:00:00.000,2018,11,26,2,02003KT,14,13
2018-11-26 03:00:00.000,2018,11,26,3,VRB02KT,13,10
2018-11-26 04:00:00.000,2018,11,26,4,03003KT,12,09
2018-11-26 05:00:00.000,2018,11,26,5,05005KT,12,10
2018-11-26 06:00:00.000,2018,11,26,6,04005KT,11,10
2018-11-26 07:00:00.000,2018,11,26,7,05003KT,11,09
2018-11-26 08:00:00.000,2018,11,26,8,05004KT,12,10
2018-11-26 09:00:00.000,2018,11,26,9,07004KT,11,10
2018-11-26 10:00:00.000,2018,11,26,10,05005KT,11,10
2018-11-26 11:00:00.000,2018,11,26,11,03003KT,10,09
2018-11-26 12:00:00.000,2018,11,26,12,04006KT,12,10
2018-11-26 13:00:00.000,2018,11,26,13,06007KT,15,10
2018-11-26 14:00:00.000,2018,11,26,14,05006KT,16,08
2018-11-26 15:00:00.000,2018,11,26,15,02005KT,18,08
2018-11-26 16:00:00.000,2018,11,26,16,02006KT,19,07
2018-11-26 17:00:00.000,2018,11,26,17,03007KT,21,08
2018-11-26 18:00:00.000,2018,11,26,18,27010KT,20,12
2018-11-26 19:00:00.000,2018,11,26,19,25010KT,19,12
2018-11-26 20:00:00.000,2018,11,26,20,27009KT,17,12
2018-11-26 21:00:00.000,2018,11,26,21,26006KT,17,12
2018-11-26 22:00:00.000,2018,11,26,22,27006KT,17,12
2018-11-26 23:00:00.000,2018,11,26,23,26004KT,15,12
2018-11-27 00:00:00.000,2018,11,27,0,VRB02KT,15,13
2018-11-27 01:00:00.000,2018,11,27,1,28004KT,14,12
2018-11-27 02:00:00.000,2018,11,27,2,VRB02KT,14,12
2018-11-27 03:00:00.000,2018,11,27,3,VRB02KT,14,11
2018-11-27 04:00:00.000,2018,11,27,4,36003KT,13,11
2018-11-27 05:00:00.000,2018,11,27,5,06003KT,12,11
2018-11-27 06:00:00.000,2018,11,27,6,VRB02KT,12,11
2018-11-27 07:00:00.000,2018,11,27,7,08005KT,12,10
2018-11-27 08:00:00.000,2018,11,27,8,VRB02KT,11,09
2018-11-27 09:00:00.000,2018,11,27,9,06004KT,11,09
2018-11-27 10:00:00.000,2018,11,27,10,00000KT,11,09
2018-11-27 11:00:00.000,2018,11,27,11,05003KT,10,09
2018-11-27 12:00:00.000,2018,11,27,12,02004KT,10,09
2018-11-27 13:00:00.000,2018,11,27,13,04004KT,12,10
2018-11-27 14:00:00.000,2018,11,27,14,02007KT,13,10
2018-11-27 15:00:00.000,2018,11,27,15,35004KT,16,11
2018-11-27 16:00:00.000,2018,11,27,16,35003KT,18,10
2018-11-27 17:00:00.000,2018,11,27,17,23003KT,19,10
2018-11-27 18:00:00.000,2018,11,27,18,VRB04KT,19,09
2018-11-27 19:00:00.000,2018,11,27,19,27013KT,17,12
2018-11-27 20:00:00.000,2018,11,27,20,26010KT,16,12
2018-11-27 21:00:00.000,2018,11,27,21,25007KT,16,11
2018-11-27 22:00:00.000,2018,11,27,22,26008KT,16,11
2018-11-27 23:00:00.000,2018,11,27,23,24005KT,15,11
2018-11-28 00:00:00.000,2018,11,28,0,26004KT,14,11
2018-11-28 01:00:00.000,2018,11,28,1,30005KT,14,11
2018-11-28 02:00:00.000,2018,11,28,2,30006KT,14,11
2018-11-28 03:00:00.000,2018,11,28,3,32003KT,13,11
2018-11-28 04:00:00.000,2018,11,28,4,VRB02KT,13,11
2018-11-28 05:00:00.000,2018,11,28,5,00000KT,13,11
2018-11-28 06:00:00.000,2018,11,28,6,00000KT,12,11
2018-11-28 07:00:00.000,2018,11,28,7,00000KT,12,11
2018-11-28 08:00:00.000,2018,11,28,8,VRB02KT,12,11
2018-11-28 09:00:00.000,2018,11,28,9,VRB02KT,12,11
2018-11-28 10:00:00.000,2018,11,28,10,VRB02KT,12,11
2018-11-28 11:00:00.000,2018,11,28,11,VRB02KT,12,11
2018-11-28 12:00:00.000,2018,11,28,12,VRB02KT,13,11
2018-11-28 13:00:00.000,2018,11,28,13,VRB02KT,13,12
2018-11-28 14:00:00.000,2018,11,28,14,04003KT,15,12
2018-11-28 15:00:00.000,2018,11,28,15,16004KT,17,09
2018-11-28 16:00:00.000,2018,11,28,16,36006KT,17,11
2018-11-28 17:00:00.000,2018,11,28,17,17005KT,20,11
2018-11-28 18:00:00.000,2018,11,28,18,32008KT,18,11
2018-11-28 19:00:00.000,2018,11,28,19,30018KT,18,12
2018-11-28 20:00:00.000,2018,11,28,20,31006KT,15,11
2018-11-28 21:00:00.000,2018,11,28,21,29010KT,15,10
2018-11-28 22:00:00.000,2018,11,28,22,30005KT,15,10
2018-11-28 23:00:00.000,2018,11,28,23,28005KT,15,10
2018-11-29 00:00:00.000,2018,11,29,0,27006KT,14,10
2018-11-29 01:00:00.000,2018,11,29,1,31008KT,13,09
2018-11-29 02:00:00.000,2018,11,29,2,27004KT,13,10
2018-11-29 03:00:00.000,2018,11,29,3,30004KT,13,11
2018-11-29 04:00:00.000,2018,11,29,4,VRB02KT,13,11
2018-11-29 05:00:00.000,2018,11,29,5,VRB02KT,13,11
2018-11-29 06:00:00.000,2018,11,29,6,33003KT,12,11
2018-11-29 07:00:00.000,2018,11,29,7,VRB02KT,11,10
2018-11-29 08:00:00.000,2018,11,29,8,VRB02KT,11,10
2018-11-29 09:00:00.000,2018,11,29,9,VRB02KT,11,10
2018-11-29 10:00:00.000,2018,11,29,10,VRB02KT,10,09
2018-11-29 11:00:00.000,2018,11,29,11,VRB02KT,10,09
2018-11-29 12:00:00.000,2018,11,29,12,VRB02KT,11,09
2018-11-29 13:00:00.000,2018,11,29,13,04005KT,14,11
2018-11-29 14:00:00.000,2018,11,29,14,07004KT,17,11
2018-11-29 15:00:00.000,2018,11,29,15,10004KT,19,11
2018-11-29 16:00:00.000,2018,11,29,16,10006KT,19,10
2018-11-29 17:00:00.000,2018,11,29,17,12006KT,21,09
2018-11-29 18:00:00.000,2018,11,29,18,12006KT,21,06
2018-11-29 19:00:00.000,2018,11,29,19,29010KT,18,13
2018-11-29 20:00:00.000,2018,11,29,20,28011KT,14,12
2018-11-29 21:00:00.000,2018,11,29,21,29008KT,16,13
2018-11-29 22:00:00.000,2018,11,29,22,29006KT,15,13
2018-11-29 23:00:00.000,2018,11,29,23,28007KT,14,12
2018-11-30 00:00:00.000,2018,11,30,0,28003KT,14,12
2018-11-30 01:00:00.000,2018,11,30,1,VRB02KT,14,12
2018-11-30 02:00:00.000,2018,11,30,2,28004KT,13,12
2018-11-30 03:00:00.000,2018,11,30,3,25004KT,14,12
2018-11-30 04:00:00.000,2018,11,30,4,33004KT,13,12
2018-11-30 05:00:00.000,2018,11,30,5,32003KT,12,11
2018-11-30 06:00:00.000,2018,11,30,6,03005KT,13,11
2018-11-30 07:00:00.000,2018,11,30,7,VRB02KT,12,11
2018-11-30 08:00:00.000,2018,11,30,8,VRB02KT,13,12
2018-11-30 09:00:00.000,2018,11,30,9,VRB02KT,13,12
2018-11-30 10:00:00.000,2018,11,30,10,28003KT,12,11
2018-11-30 11:00:00.000,2018,11,30,11,06003KT,12,11
2018-11-30 12:00:00.000,2018,11,30,12,VRB03KT,13,12
2018-11-30 13:00:00.000,2018,11,30,13,VRB02KT,16,12
2018-11-30 14:00:00.000,2018,11,30,14,VRB02KT,16,11
2018-11-30 15:00:00.000,2018,11,30,15,30004KT,19,12
2018-11-30 16:00:00.000,2018,11,30,16,29005KT,20,12
2018-11-30 17:00:00.000,2018,11,30,17,30010KT,19,13
2018-11-30 18:00:00.000,2018,11,30,18,25012KT,17,12
2018-11-30 19:00:00.000,2018,11,30,19,27006KT,15,12
2018-11-30 20:00:00.000,2018,11,30,20,10006KT,14,10
2018-11-30 21:00:00.000,2018,11,30,21,13005KT,13,11
2018-11-30 22:00:00.000,2018,11,30,22,35004KT,14,11
2018-11-30 23:00:00.000,2018,11,30,23,VRB02KT,13,11
2018-12-01 00:00:00.000,2018,12,1,0,00000KT,13,11
2018-12-01 01:00:00.000,2018,12,1,1,00000KT,14,11
2018-12-01 02:00:00.000,2018,12,1,2,VRB02KT,14,11
2018-12-01 03:00:00.000,2018,12,1,3,VRB02KT,13,11
2018-12-01 04:00:00.000,2018,12,1,4,30003KT,13,11
2018-12-01 05:00:00.000,2018,12,1,5,30004KT,12,11
2018-12-01 06:00:00.000,2018,12,1,6,VRB02KT,11,10
2018-12-01 07:00:00.000,2018,12,1,7,VRB02KT,10,09
2018-12-01 08:00:00.000,2018,12,1,8,VRB02KT,09,09
2018-12-01 09:00:00.000,2018,12,1,9,35003KT,08,07
2018-12-01 10:00:00.000,2018,12,1,10,VRB02KT,09,09
2018-12-01 11:00:00.000,2018,12,1,11,35003KT,08,08
2018-12-01 12:00:00.000,2018,12,1,12,03004KT,11,10
2018-12-01 13:00:00.000,2018,12,1,13,33005KT,11,11
2018-12-01 14:00:00.000,2018,12,1,14,13003KT,14,13
2018-12-01 15:00:00.000,2018,12,1,15,VRB02KT,16,10
2018-12-01 16:00:00.000,2018,12,1,16,27003KT,18,10
2018-12-01 17:00:00.000,2018,12,1,17,30004KT,19,10
2018-12-01 18:00:00.000,2018,12,1,18,31010KT,19,10
2018-12-01 19:00:00.000,2018,12,1,19,30012KT,20,12
2018-12-01 20:00:00.000,2018,12,1,20,26014KT,20,12
2018-12-01 21:00:00.000,2018,12,1,21,32013KT,17,11
2018-12-01 22:00:00.000,2018,12,1,22,33010KT,16,11
2018-12-01 23:00:00.000,2018,12,1,23,30009KT,14,11
2018-12-02 00:00:00.000,2018,12,2,0,29008KT,14,11
2018-12-02 01:00:00.000,2018,12,2,1,27006KT,14,11
2018-12-02 02:00:00.000,2018,12,2,2,29005KT,14,11
2018-12-02 03:00:00.000,2018,12,2,3,28004KT,14,11
2018-12-02 04:00:00.000,2018,12,2,4,VRB02KT,12,11
2018-12-02 05:00:00.000,2018,12,2,5,05004KT,12,10
2018-12-02 06:00:00.000,2018,12,2,6,VRB02KT,10,09
2018-12-02 07:00:00.000,2018,12,2,7,07003KT,10,09
2018-12-02 08:00:00.000,2018,12,2,8,02005KT,09,08
2018-12-02 09:00:00.000,2018,12,2,9,VRB03KT,09,08
2018-12-02 10:00:00.000,2018,12,2,10,VRB02KT,08,07
2018-12-02 11:00:00.000,2018,12,2,11,32003KT,05,05
2018-12-02 12:00:00.000,2018,12,2,12,36003KT,07,07
2018-12-02 13:00:00.000,2018,12,2,13,06006KT,11,10
2018-12-02 14:00:00.000,2018,12,2,14,06004KT,14,10
2018-12-02 15:00:00.000,2018,12,2,15,VRB05KT,18,08
2018-12-02 16:00:00.000,2018,12,2,16,VRB05KT,19,05
2018-12-02 17:00:00.000,2018,12,2,17,VRB05KT,20,04
2018-12-02 18:00:00.000,2018,12,2,18,34004KT,20,04
2018-12-02 19:00:00.000,2018,12,2,19,31012KT,20,11
2018-12-02 20:00:00.000,2018,12,2,20,28014KT,19,11
2018-12-02 21:00:00.000,2018,12,2,21,28012KT,18,10
2018-12-02 22:00:00.000,2018,12,2,22,26009KT,17,10
2018-12-02 23:00:00.000,2018,12,2,23,28008KT,15,11
2018-12-03 00:00:00.000,2018,12,3,0,26004KT,14,11
2018-12-03 01:00:00.000,2018,12,3,1,24004KT,14,11
2018-12-03 02:00:00.000,2018,12,3,2,25004KT,13,10
2018-12-03 03:00:00.000,2018,12,3,3,27004KT,13,10
2018-12-03 04:00:00.000,2018,12,3,4,27005KT,13,10
2018-12-03 05:00:00.000,2018,12,3,5,24004KT,12,10
2018-12-03 06:00:00.000,2018,12,3,6,28003KT,12,10
2018-12-03 07:00:00.000,2018,12,3,7,30003KT,11,09
2018-12-03 08:00:00.000,2018,12,3,8,35004KT,08,07
2018-12-03 09:00:00.000,2018,12,3,9,31003KT,08,07
2018-12-03 10:00:00.000,2018,12,3,10,27003KT,09,08
2018-12-03 11:00:00.000,2018,12,3,11,33003KT,09,08
2018-12-03 12:00:00.000,2018,12,3,12,VRB02KT,10,08
2018-12-03 13:00:00.000,2018,12,3,13,03005KT,12,09
2018-12-03 14:00:00.000,2018,12,3,14,35003KT,14,09
2018-12-03 15:00:00.000,2018,12,3,15,28003KT,17,07
2018-12-03 16:00:00.000,2018,12,3,16,VRB04KT,18,07
2018-12-03 17:00:00.000,2018,12,3,17,VRB04KT,20,07
2018-12-03 18:00:00.000,2018,12,3,18,27006KT,21,08
2018-12-03 19:00:00.000,2018,12,3,19,27012KT,20,09
2018-12-03 20:00:00.000,2018,12,3,20,26013KT,19,10
2018-12-03 21:00:00.000,2018,12,3,21,27012KT,18,11
2018-12-03 22:00:00.000,2018,12,3,22,27010KT,17,09
2018-12-03 23:00:00.000,2018,12,3,23,28009KT,15,10
2018-12-04 00:00:00.000,2018,12,4,0,30004KT,15,11
2018-12-04 01:00:00.000,2018,12,4,1,29004KT,14,11
2018-12-04 02:00:00.000,2018,12,4,2,28005KT,14,10
2018-12-04 03:00:00.000,2018,12,4,3,24005KT,14,11
2018-12-04 04:00:00.000,2018,12,4,4,28005KT,13,10
2018-12-04 05:00:00.000,2018,12,4,5,26004KT,13,10
2018-12-04 06:00:00.000,2018,12,4,6,34003KT,11,10
2018-12-04 07:00:00.000,2018,12,4,7,VRB02KT,10,09
2018-12-04 08:00:00.000,2018,12,4,8,VRB02KT,11,10
2018-12-04 09:00:00.000,2018,12,4,9,VRB02KT,10,09
2018-12-04 10:00:00.000,2018,12,4,10,VRB02KT,09,08
2018-12-04 11:00:00.000,2018,12,4,11,03003KT,09,08
2018-12-04 12:00:00.000,2018,12,4,12,04004KT,12,09
2018-12-04 13:00:00.000,2018,12,4,13,05004KT,13,10
2018-12-04 14:00:00.000,2018,12,4,14,04004KT,16,10
2018-12-04 15:00:00.000,2018,12,4,15,VRB03KT,18,09
2018-12-04 16:00:00.000,2018,12,4,16,VRB04KT,20,09
2018-12-04 17:00:00.000,2018,12,4,17,31007KT,20,10
2018-12-04 18:00:00.000,2018,12,4,18,30010KT,19,10
2018-12-04 19:00:00.000,2018,12,4,19,30013KT,20,11
2018-12-04 20:00:00.000,2018,12,4,20,31011KT,20,10
2018-12-04 21:00:00.000,2018,12,4,21,32012KT,17,09
2018-12-04 22:00:00.000,2018,12,4,22,31011KT,16,09
2018-12-04 23:00:00.000,2018,12,4,23,30005KT,15,10
2018-12-05 00:00:00.000,2018,12,5,0,29006KT,14,10
2018-12-05 01:00:00.000,2018,12,5,1,29004KT,14,10
2018-12-05 02:00:00.000,2018,12,5,2,27008KT,13,10
2018-12-05 03:00:00.000,2018,12,5,3,31006KT,11,09
2018-12-05 04:00:00.000,2018,12,5,4,31004KT,12,10
2018-12-05 05:00:00.000,2018,12,5,5,VRB02KT,10,09
2018-12-05 06:00:00.000,2018,12,5,6,33004KT,08,07
2018-12-05 07:00:00.000,2018,12,5,7,VRB02KT,09,08
2018-12-05 08:00:00.000,2018,12,5,8,VRB03KT,06,06
2018-12-05 09:00:00.000,2018,12,5,9,VRB04KT,07,07
2018-12-05 10:00:00.000,2018,12,5,10,VRB03KT,07,07
2018-12-05 11:00:00.000,2018,12,5,11,03003KT,07,07
2018-12-05 12:00:00.000,2018,12,5,12,06005KT,10,09
2018-12-05 13:00:00.000,2018,12,5,13,08005KT,12,08
2018-12-05 14:00:00.000,2018,12,5,14,06006KT,15,08
2018-12-05 15:00:00.000,2018,12,5,15,04004KT,17,07
2018-12-05 16:00:00.000,2018,12,5,16,31003KT,18,08
2018-12-05 17:00:00.000,2018,12,5,17,28003KT,18,07
2018-12-05 18:00:00.000,2018,12,5,18,30006KT,18,10
2018-12-05 19:00:00.000,2018,12,5,19,31014KT,19,10
2018-12-05 20:00:00.000,2018,12,5,20,31013KT,18,08
2018-12-05 21:00:00.000,2018,12,5,21,31016KT,16,11
2018-12-05 22:00:00.000,2018,12,5,22,30013KT,15,10
2018-12-05 23:00:00.000,2018,12,5,23,31008KT,13,10
2018-12-06 00:00:00.000,2018,12,6,0,26006KT,13,11
2018-12-06 01:00:00.000,2018,12,6,1,29007KT,13,11
2018-12-06 02:00:00.000,2018,12,6,2,30004KT,13,11
2018-12-06 03:00:00.000,2018,12,6,3,30004KT,13,10
2018-12-06 04:00:00.000,2018,12,6,4,28005KT,12,10
2018-12-06 05:00:00.000,2018,12,6,5,05003KT,11,10
2018-12-06 06:00:00.000,2018,12,6,6,04006KT,11,08
2018-12-06 07:00:00.000,2018,12,6,7,34005KT,11,09
2018-12-06 08:00:00.000,2018,12,6,8,VRB02KT,10,09
2018-12-06 09:00:00.000,2018,12,6,9,VRB02KT,10,08
2018-12-06 10:00:00.000,2018,12,6,10,VRB02KT,10,08
2018-12-06 11:00:00.000,2018,12,6,11,VRB02KT,10,07
2018-12-06 12:00:00.000,2018,12,6,12,03006KT,11,08
2018-12-06 13:00:00.000,2018,12,6,13,03006KT,12,08
2018-12-06 14:00:00.000,2018,12,6,14,04004KT,13,09
2018-12-06 15:00:00.000,2018,12,6,15,VRB03KT,16,09
2018-12-06 16:00:00.000,2018,12,6,16,VRB03KT,17,07
2018-12-06 17:00:00.000,2018,12,6,17,VRB03KT,19,09
2018-12-06 18:00:00.000,2018,12,6,18,29003KT,18,09
2018-12-06 19:00:00.000,2018,12,6,19,23010KT,17,11
2018-12-06 20:00:00.000,2018,12,6,20,18007KT,18,09
2018-12-06 21:00:00.000,2018,12,6,21,24011KT,16,11
2018-12-06 22:00:00.000,2018,12,6,22,VRB05KT,16,10
2018-12-06 23:00:00.000,2018,12,6,23,03005KT,13,11
2018-12-07 00:00:00.000,2018,12,7,0,02003KT,13,11
2018-12-07 01:00:00.000,2018,12,7,1,02003KT,12,11
2018-12-07 02:00:00.000,2018,12,7,2,31003KT,12,11
2018-12-07 03:00:00.000,2018,12,7,3,20005KT,14,09
2018-12-07 04:00:00.000,2018,12,7,4,VRB02KT,13,09
2018-12-07 05:00:00.000,2018,12,7,5,VRB02KT,12,09
2018-12-07 06:00:00.000,2018,12,7,6,06003KT,12,09
2018-12-07 07:00:00.000,2018,12,7,7,04003KT,10,09
2018-12-07 08:00:00.000,2018,12,7,8,00000KT,10,09
2018-12-07 09:00:00.000,2018,12,7,9,06005KT,11,10
2018-12-07 10:00:00.000,2018,12,7,10,02003KT,11,09
2018-12-07 11:00:00.000,2018,12,7,11,03004KT,11,09
2018-12-07 12:00:00.000,2018,12,7,12,05005KT,12,10
2018-12-07 13:00:00.000,2018,12,7,13,06005KT,14,09
2018-12-07 14:00:00.000,2018,12,7,14,09003KT,16,06
2018-12-07 15:00:00.000,2018,12,7,15,15009KT,17,06
2018-12-07 16:00:00.000,2018,12,7,16,15012KT,18,06
2018-12-07 17:00:00.000,2018,12,7,17,16009KT,19,05
2018-12-07 18:00:00.000,2018,12,7,18,VRB04KT,19,05
2018-12-07 19:00:00.000,2018,12,7,19,26004KT,19,05
2018-12-07 20:00:00.000,2018,12,7,20,26010KT,19,10
2018-12-07 21:00:00.000,2018,12,7,21,24012KT,18,10
2018-12-07 22:00:00.000,2018,12,7,22,26008KT,17,10
2018-12-07 23:00:00.000,2018,12,7,23,25006KT,15,10
2018-12-08 00:00:00.000,2018,12,8,0,VRB02KT,13,10
2018-12-08 01:00:00.000,2018,12,8,1,VRB02KT,13,11
2018-12-08 02:00:00.000,2018,12,8,2,VRB02KT,12,10
2018-12-08 03:00:00.000,2018,12,8,3,34003KT,11,10
2018-12-08 04:00:00.000,2018,12,8,4,06006KT,12,09
2018-12-08 05:00:00.000,2018,12,8,5,36003KT,12,09
2018-12-08 06:00:00.000,2018,12,8,6,02005KT,12,09
2018-12-08 07:00:00.000,2018,12,8,7,04005KT,10,09
2018-12-08 08:00:00.000,2018,12,8,8,02006KT,11,09
2018-12-08 09:00:00.000,2018,12,8,9,05005KT,09,08
2018-12-08 10:00:00.000,2018,12,8,10,VRB02KT,09,07
2018-12-08 11:00:00.000,2018,12,8,11,VRB03KT,09,07
2018-12-08 12:00:00.000,2018,12,8,12,VRB02KT,11,08
2018-12-08 13:00:00.000,2018,12,8,13,05006KT,12,09
2018-12-08 14:00:00.000,2018,12,8,14,05004KT,15,09
2018-12-08 15:00:00.000,2018,12,8,15,VRB06KT,17,06
2018-12-08 16:00:00.000,2018,12,8,16,10008KT,19,07
2018-12-08 17:00:00.000,2018,12,8,17,16010KT,19,05
2018-12-08 18:00:00.000,2018,12,8,18,VRB07KT,20,04
2018-12-08 19:00:00.000,2018,12,8,19,20007KT,20,05
2018-12-08 20:00:00.000,2018,12,8,20,23008KT,19,05
2018-12-08 21:00:00.000,2018,12,8,21,23007KT,17,09
2018-12-08 22:00:00.000,2018,12,8,22,26007KT,16,08
2018-12-08 23:00:00.000,2018,12,8,23,27004KT,14,08
2018-12-09 00:00:00.000,2018,12,9,0,VRB02KT,12,08
2018-12-09 01:00:00.000,2018,12,9,1,00000KT,11,08
2018-12-09 02:00:00.000,2018,12,9,2,00000KT,10,09
2018-12-09 03:00:00.000,2018,12,9,3,VRB02KT,10,08
2018-12-09 04:00:00.000,2018,12,9,4,03005KT,10,08
2018-12-09 05:00:00.000,2018,12,9,5,04005KT,09,08
2018-12-09 06:00:00.000,2018,12,9,6,VRB02KT,09,07
2018-12-09 07:00:00.000,2018,12,9,7,02003KT,08,07
2018-12-09 08:00:00.000,2018,12,9,8,03004KT,08,07
2018-12-09 09:00:00.000,2018,12,9,9,06006KT,08,07
2018-12-09 10:00:00.000,2018,12,9,10,VRB02KT,07,06
2018-12-09 11:00:00.000,2018,12,9,11,04005KT,07,07
2018-12-09 12:00:00.000,2018,12,9,12,08006KT,08,08
2018-12-09 13:00:00.000,2018,12,9,13,02006KT,10,09
2018-12-09 14:00:00.000,2018,12,9,14,04006KT,14,09
2018-12-09 15:00:00.000,2018,12,9,15,VRB03KT,18,09
2018-12-09 16:00:00.000,2018,12,9,16,08005KT,18,07
2018-12-09 17:00:00.000,2018,12,9,17,06004KT,20,06
2018-12-09 18:00:00.000,2018,12,9,18,27007KT,20,07
2018-12-09 19:00:00.000,2018,12,9,19,26010KT,19,09
2018-12-09 20:00:00.000,2018,12,9,20,27010KT,17,11
2018-12-09 21:00:00.000,2018,12,9,21,30007KT,17,11
2018-12-09 22:00:00.000,2018,12,9,22,29008KT,18,11
2018-12-09 23:00:00.000,2018,12,9,23,28005KT,14,11
2018-12-10 00:00:00.000,2018,12,10,0,VRB02KT,12,10
2018-12-10 01:00:00.000,2018,12,10,1,35003KT,12,10
2018-12-10 02:00:00.000,2018,12,10,2,00000KT,12,11
2018-12-10 03:00:00.000,2018,12,10,3,VRB02KT,12,11
2018-12-10 04:00:00.000,2018,12,10,4,03005KT,11,10
2018-12-10 05:00:00.000,2018,12,10,5,07005KT,10,09
2018-12-10 06:00:00.000,2018,12,10,6,04004KT,10,09
2018-12-10 07:00:00.000,2018,12,10,7,VRB02KT,10,09
2018-12-10 08:00:00.000,2018,12,10,8,04005KT,09,08
2018-12-10 09:00:00.000,2018,12,10,9,29003KT,07,06
2018-12-10 10:00:00.000,2018,12,10,10,01004KT,06,06
2018-12-10 11:00:00.000,2018,12,10,11,VRB02KT,07,07
2018-12-10 12:00:00.000,2018,12,10,12,06005KT,09,09
2018-12-10 13:00:00.000,2018,12,10,13,04005KT,13,10
2018-12-10 14:00:00.000,2018,12,10,14,02005KT,15,10
2018-12-10 15:00:00.000,2018,12,10,15,03004KT,16,08
2018-12-10 16:00:00.000,2018,12,10,16,11005KT,18,06
2018-12-10 17:00:00.000,2018,12,10,17,17008KT,19,07
2018-12-10 18:00:00.000,2018,12,10,18,17010KT,19,05
2018-12-10 19:00:00.000,2018,12,10,19,18013KT,21,06
2018-12-10 20:00:00.000,2018,12,10,20,17010KT,19,06
2018-12-10 21:00:00.000,2018,12,10,21,15010KT,19,07
2018-12-10 22:00:00.000,2018,12,10,22,22007KT,17,08
2018-12-10 23:00:00.000,2018,12,10,23,22005KT,16,09
2018-12-11 00:00:00.000,2018,12,11,0,28004KT,15,09
2018-12-11 01:00:00.000,2018,12,11,1,00000KT,14,10
2018-12-11 02:00:00.000,2018,12,11,2,05004KT,13,09
2018-12-11 03:00:00.000,2018,12,11,3,00000KT,12,08
2018-12-11 04:00:00.000,2018,12,11,4,03005KT,11,09
2018-12-11 05:00:00.000,2018,12,11,5,06003KT,11,09
2018-12-11 06:00:00.000,2018,12,11,6,VRB02KT,09,07
2018-12-11 07:00:00.000,2018,12,11,7,05003KT,09,08
2018-12-11 08:00:00.000,2018,12,11,8,06005KT,10,09
2018-12-11 09:00:00.000,2018,12,11,9,35003KT,09,08
2018-12-11 10:00:00.000,2018,12,11,10,36005KT,08,07
2018-12-11 11:00:00.000,2018,12,11,11,35003KT,09,09
2018-12-11 12:00:00.000,2018,12,11,12,04008KT,12,10
2018-12-11 13:00:00.000,2018,12,11,13,04005KT,14,10
2018-12-11 14:00:00.000,2018,12,11,14,16004KT,15,10
2018-12-11 15:00:00.000,2018,12,11,15,15007KT,17,08
2018-12-11 16:00:00.000,2018,12,11,16,11011KT,18,09
2018-12-11 17:00:00.000,2018,12,11,17,07007KT,17,09
2018-12-11 18:00:00.000,2018,12,11,18,09007KT,17,08
2018-12-11 19:00:00.000,2018,12,11,19,15006KT,18,08
2018-12-11 20:00:00.000,2018,12,11,20,14012KT,18,08
2018-12-11 21:00:00.000,2018,12,11,21,14008KT,19,08
2018-12-11 22:00:00.000,2018,12,11,22,14008KT,18,07
2018-12-11 23:00:00.000,2018,12,11,23,09004KT,17,09
2018-12-12 00:00:00.000,2018,12,12,0,26003KT,15,09
2018-12-12 01:00:00.000,2018,12,12,1,36004KT,13,09
2018-12-12 02:00:00.000,2018,12,12,2,04004KT,12,08
2018-12-12 03:00:00.000,2018,12,12,3,VRB02KT,11,09
2018-12-12 04:00:00.000,2018,12,12,4,VRB02KT,09,07
2018-12-12 05:00:00.000,2018,12,12,5,36003KT,09,08
2018-12-12 06:00:00.000,2018,12,12,6,01003KT,10,09
2018-12-12 07:00:00.000,2018,12,12,7,05006KT,11,09
2018-12-12 08:00:00.000,2018,12,12,8,04004KT,11,09
2018-12-12 09:00:00.000,2018,12,12,9,06006KT,12,09
2018-12-12 10:00:00.000,2018,12,12,10,04004KT,11,09
2018-12-12 11:00:00.000,2018,12,12,11,04005KT,11,09
2018-12-12 12:00:00.000,2018,12,12,12,02004KT,12,10
2018-12-12 13:00:00.000,2018,12,12,13,06006KT,14,10
2018-12-12 14:00:00.000,2018,12,12,14,09006KT,16,10
2018-12-12 15:00:00.000,2018,12,12,15,14007KT,17,08
2018-12-12 16:00:00.000,2018,12,12,16,13009KT,17,08
2018-12-12 17:00:00.000,2018,12,12,17,11010KT,15,10
2018-12-12 18:00:00.000,2018,12,12,18,15008KT,16,11
2018-12-12 19:00:00.000,2018,12,12,19,13010KT,16,11
2018-12-12 20:00:00.000,2018,12,12,20,12006KT,18,10
2018-12-12 21:00:00.000,2018,12,12,21,14005KT,16,10
2018-12-12 22:00:00.000,2018,12,12,22,13006KT,16,09
2018-12-12 23:00:00.000,2018,12,12,23,VRB02KT,16,09
2018-12-13 00:00:00.000,2018,12,13,0,05005KT,15,09
2018-12-13 01:00:00.000,2018,12,13,1,07006KT,14,09
2018-12-13 02:00:00.000,2018,12,13,2,10004KT,13,09
2018-12-13 03:00:00.000,2018,12,13,3,06003KT,11,09
2018-12-13 04:00:00.000,2018,12,13,4,07006KT,11,09
2018-12-13 05:00:00.000,2018,12,13,5,04004KT,11,08
2018-12-13 06:00:00.000,2018,12,13,6,05005KT,10,08
2018-12-13 07:00:00.000,2018,12,13,7,06008KT,10,08
2018-12-13 08:00:00.000,2018,12,13,8,30003KT,10,08
2018-12-13 09:00:00.000,2018,12,13,9,05006KT,09,07
2018-12-13 10:00:00.000,2018,12,13,10,03005KT,10,08
2018-12-13 11:00:00.000,2018,12,13,11,02004KT,11,08
2018-12-13 12:00:00.000,2018,12,13,12,05007KT,12,10
2018-12-13 13:00:00.000,2018,12,13,13,04007KT,13,10
2018-12-13 14:00:00.000,2018,12,13,14,06006KT,14,10
2018-12-13 15:00:00.000,2018,12,13,15,08006KT,17,08
2018-12-13 16:00:00.000,2018,12,13,16,04006KT,18,11
2018-12-13 17:00:00.000,2018,12,13,17,15012KT,18,08
2018-12-13 18:00:00.000,2018,12,13,18,13008KT,19,07
2018-12-13 19:00:00.000,2018,12,13,19,09008KT,19,06
2018-12-13 20:00:00.000,2018,12,13,20,15008KT,19,06
2018-12-13 21:00:00.000,2018,12,13,21,02006KT,18,08
2018-12-13 22:00:00.000,2018,12,13,22,32008KT,17,11
2018-12-13 23:00:00.000,2018,12,13,23,23004KT,15,10
2018-12-14 00:00:00.000,2018,12,14,0,32003KT,13,10
2018-12-14 01:00:00.000,2018,12,14,1,32006KT,11,10
2018-12-14 02:00:00.000,2018,12,14,2,33006KT,10,09
2018-12-14 03:00:00.000,2018,12,14,3,33004KT,11,06
2018-12-14 04:00:00.000,2018,12,14,4,VRB02KT,11,10
2018-12-14 05:00:00.000,2018,12,14,5,02003KT,12,10
2018-12-14 06:00:00.000,2018,12,14,6,VRB02KT,11,09
2018-12-14 07:00:00.000,2018,12,14,7,04006KT,11,08
2018-12-14 08:00:00.000,2018,12,14,8,35003KT,11,08
2018-12-14 09:00:00.000,2018,12,14,9,05004KT,11,08
2018-12-14 10:00:00.000,2018,12,14,10,VRB05G15KT,09,08
2018-12-14 11:00:00.000,2018,12,14,11,07003KT,10,08
2018-12-14 12:00:00.000,2018,12,14,12,05005KT,11,09
2018-12-14 13:00:00.000,2018,12,14,13,03006KT,15,09
2018-12-14 14:00:00.000,2018,12,14,14,08008KT,17,07
2018-12-14 15:00:00.000,2018,12,14,15,05006KT,18,07
2018-12-14 16:00:00.000,2018,12,14,16,08005KT,18,08
2018-12-14 17:00:00.000,2018,12,14,17,30004KT,18,07
2018-12-14 18:00:00.000,2018,12,14,18,24007KT,18,07
2018-12-14 19:00:00.000,2018,12,14,19,34004KT,18,09
2018-12-14 20:00:00.000,2018,12,14,20,28010KT,15,11
2018-12-14 21:00:00.000,2018,12,14,21,26009KT,15,11
2018-12-14 22:00:00.000,2018,12,14,22,27007KT,14,11
2018-12-14 23:00:00.000,2018,12,14,23,26004KT,13,11
2018-12-15 00:00:00.000,2018,12,15,0,32004KT,11,11
2018-12-15 02:00:00.000,2018,12,15,2,34003KT,09,08
2018-12-15 03:00:00.000,2018,12,15,3,03005KT,08,07
2018-12-15 04:00:00.000,2018,12,15,4,04005KT,09,09
2018-12-15 05:00:00.000,2018,12,15,5,00000KT,08,08
2018-12-15 06:00:00.000,2018,12,15,6,01003KT,07,06
2018-12-15 07:00:00.000,2018,12,15,7,VRB02KT,08,07
2018-12-15 08:00:00.000,2018,12,15,8,30003KT,07,06
2018-12-15 09:00:00.000,2018,12,15,9,VRB02KT,05,05
2018-12-15 10:00:00.000,2018,12,15,10,00000KT,07,07
2018-12-15 11:00:00.000,2018,12,15,11,05004KT,08,07
2018-12-15 12:00:00.000,2018,12,15,12,03006KT,08,08
2018-12-15 13:00:00.000,2018,12,15,13,05007KT,12,09
2018-12-15 14:00:00.000,2018,12,15,14,09007KT,16,09
2018-12-15 15:00:00.000,2018,12,15,15,14010KT,18,06
2018-12-15 16:00:00.000,2018,12,15,16,05006KT,19,06
2018-12-15 17:00:00.000,2018,12,15,17,08006KT,19,07
2018-12-15 18:00:00.000,2018,12,15,18,14010KT,20,05
2018-12-15 19:00:00.000,2018,12,15,19,12010KT,21,01
2018-12-15 20:00:00.000,2018,12,15,20,14013KT,20,03
2018-12-15 21:00:00.000,2018,12,15,21,11010KT,19,03
2018-12-15 22:00:00.000,2018,12,15,22,12011KT,18,04
2018-12-15 23:00:00.000,2018,12,15,23,12008KT,16,04
2018-12-16 00:00:00.000,2018,12,16,0,13007KT,15,05
2018-12-16 01:00:00.000,2018,12,16,1,14004KT,14,06
2018-12-16 02:00:00.000,2018,12,16,2,04007KT,12,07
2018-12-16 03:00:00.000,2018,12,16,3,06004KT,11,07
2018-12-16 04:00:00.000,2018,12,16,4,04005KT,10,07
2018-12-16 05:00:00.000,2018,12,16,5,02004KT,09,07
2018-12-16 06:00:00.000,2018,12,16,6,36003KT,08,06
2018-12-16 07:00:00.000,2018,12,16,7,02003KT,08,06
2018-12-16 08:00:00.000,2018,12,16,8,04004KT,08,06
2018-12-16 09:00:00.000,2018,12,16,9,VRB02KT,06,05
2018-12-16 10:00:00.000,2018,12,16,10,04004KT,06,05
2018-12-16 11:00:00.000,2018,12,16,11,04004KT,07,06
2018-12-16 12:00:00.000,2018,12,16,12,03004KT,08,08
2018-12-16 13:00:00.000,2018,12,16,13,04006KT,12,08
2018-12-16 14:00:00.000,2018,12,16,14,13006KT,15,06
2018-12-16 15:00:00.000,2018,12,16,15,06005KT,18,06
2018-12-16 16:00:00.000,2018,12,16,16,11006KT,19,04
2018-12-16 17:00:00.000,2018,12,16,17,07005KT,20,04
2018-12-16 18:00:00.000,2018,12,16,18,16008KT,21,04
2018-12-16 19:00:00.000,2018,12,16,19,17006KT,21,04
2018-12-16 20:00:00.000,2018,12,16,20,10004KT,19,04
2018-12-16 21:00:00.000,2018,12,16,21,24009KT,18,10
2018-12-16 22:00:00.000,2018,12,16,22,27008KT,16,10
2018-12-16 23:00:00.000,2018,12,16,23,35005KT,15,11
2018-12-17 00:00:00.000,2018,12,17,0,30005KT,12,09
2018-12-17 01:00:00.000,2018,12,17,1,VRB02KT,10,09
2018-12-17 02:00:00.000,2018,12,17,2,VRB02KT,10,09
2018-12-17 03:00:00.000,2018,12,17,3,01004KT,11,07
2018-12-17 04:00:00.000,2018,12,17,4,VRB02KT,10,07
2018-12-17 05:00:00.000,2018,12,17,5,VRB02KT,09,06
2018-12-17 06:00:00.000,2018,12,17,6,VRB02KT,07,05
2018-12-17 07:00:00.000,2018,12,17,7,VRB02KT,07,06
2018-12-17 08:00:00.000,2018,12,17,8,VRB02KT,07,06
2018-12-17 09:00:00.000,2018,12,17,9,VRB02KT,08,07
2018-12-17 10:00:00.000,2018,12,17,10,VRB02KT,07,06
2018-12-17 11:00:00.000,2018,12,17,11,34004KT,05,05
2018-12-17 12:00:00.000,2018,12,17,12,35003KT,08,07
2018-12-17 13:00:00.000,2018,12,17,13,05006KT,12,07
2018-12-17 14:00:00.000,2018,12,17,14,01003KT,15,06
2018-12-17 15:00:00.000,2018,12,17,15,13007KT,18,05
2018-12-17 16:00:00.000,2018,12,17,16,13006KT,20,04
2018-12-17 17:00:00.000,2018,12,17,17,15007KT,21,05
2018-12-17 18:00:00.000,2018,12,17,18,10006KT,19,03
2018-12-17 19:00:00.000,2018,12,17,19,VRB06KT,19,05
2018-12-17 20:00:00.000,2018,12,17,20,26008KT,19,10
2018-12-17 21:00:00.000,2018,12,17,21,23007KT,18,09
2018-12-17 22:00:00.000,2018,12,17,22,23010KT,17,11
2018-12-17 23:00:00.000,2018,12,17,23,24007KT,15,09
2018-12-18 00:00:00.000,2018,12,18,0,25004KT,15,07
2018-12-18 01:00:00.000,2018,12,18,1,35003KT,13,10
2018-12-18 02:00:00.000,2018,12,18,2,04003KT,13,09
2018-12-18 03:00:00.000,2018,12,18,3,04005KT,12,08
2018-12-18 04:00:00.000,2018,12,18,4,04006KT,10,07
2018-12-18 05:00:00.000,2018,12,18,5,03003KT,10,07
2018-12-18 06:00:00.000,2018,12,18,6,03004KT,08,07
2018-12-18 07:00:00.000,2018,12,18,7,VRB02KT,08,07
2018-12-18 08:00:00.000,2018,12,18,8,00000KT,07,06
2018-12-18 09:00:00.000,2018,12,18,9,VRB02KT,07,07
2018-12-18 10:00:00.000,2018,12,18,10,02003KT,05,05
2018-12-18 11:00:00.000,2018,12,18,11,02003KT,06,06
2018-12-18 12:00:00.000,2018,12,18,12,02003KT,08,08
2018-12-18 13:00:00.000,2018,12,18,13,03005KT,11,08
2018-12-18 14:00:00.000,2018,12,18,14,04007KT,14,08
2018-12-18 15:00:00.000,2018,12,18,15,04008KT,17,08
2018-12-18 16:00:00.000,2018,12,18,16,07006KT,20,05
2018-12-18 17:00:00.000,2018,12,18,17,28005KT,21,06
2018-12-18 18:00:00.000,2018,12,18,18,27009KT,20,09
2018-12-18 19:00:00.000,2018,12,18,19,24010KT,20,10
2018-12-18 20:00:00.000,2018,12,18,20,25011KT,18,10
2018-12-18 21:00:00.000,2018,12,18,21,24004KT,18,09
2018-12-18 22:00:00.000,2018,12,18,22,29007KT,17,11
2018-12-18 23:00:00.000,2018,12,18,23,32004KT,14,11
2018-12-19 00:00:00.000,2018,12,19,0,24004KT,14,10
2018-12-19 01:00:00.000,2018,12,19,1,VRB02KT,12,10
2018-12-19 02:00:00.000,2018,12,19,2,VRB02KT,11,10
2018-12-19 03:00:00.000,2018,12,19,3,VRB02KT,11,10
2018-12-19 04:00:00.000,2018,12,19,4,01003KT,11,08
2018-12-19 05:00:00.000,2018,12,19,5,05006KT,09,08
2018-12-19 06:00:00.000,2018,12,19,6,04006KT,09,08
2018-12-19 07:00:00.000,2018,12,19,7,02004KT,09,07
2018-12-19 08:00:00.000,2018,12,19,8,01003KT,09,07
2018-12-19 09:00:00.000,2018,12,19,9,VRB02KT,08,07
2018-12-19 10:00:00.000,2018,12,19,10,04004KT,08,07
2018-12-19 11:00:00.000,2018,12,19,11,02003KT,09,08
2018-12-19 12:00:00.000,2018,12,19,12,VRB02KT,11,09
2018-12-19 13:00:00.000,2018,12,19,13,08005KT,12,09
2018-12-19 14:00:00.000,2018,12,19,14,14008KT,15,09
2018-12-19 15:00:00.000,2018,12,19,15,13008KT,16,08
2018-12-19 16:00:00.000,2018,12,19,16,13009KT,16,08
2018-12-19 17:00:00.000,2018,12,19,17,15008KT,17,08
2018-12-19 18:00:00.000,2018,12,19,18,15012KT,18,09
2018-12-19 19:00:00.000,2018,12,19,19,15008KT,19,08
2018-12-19 20:00:00.000,2018,12,19,20,14009KT,18,09
2018-12-19 21:00:00.000,2018,12,19,21,09011KT,17,07
2018-12-19 22:00:00.000,2018,12,19,22,13012KT,16,06
2018-12-19 23:00:00.000,2018,12,19,23,12009KT,16,05
2018-12-20 00:00:00.000,2018,12,20,0,09004KT,14,06
2018-12-20 01:00:00.000,2018,12,20,1,09004KT,13,04
2018-12-20 02:00:00.000,2018,12,20,2,VRB02KT,11,04
2018-12-20 03:00:00.000,2018,12,20,3,06005KT,10,05
2018-12-20 04:00:00.000,2018,12,20,4,04004KT,09,05
2018-12-20 05:00:00.000,2018,12,20,5,05005KT,08,05
2018-12-20 06:00:00.000,2018,12,20,6,06005KT,08,05
2018-12-20 07:00:00.000,2018,12,20,7,05007KT,08,05
2018-12-20 08:00:00.000,2018,12,20,8,06006KT,08,05
2018-12-20 09:00:00.000,2018,12,20,9,06006KT,07,05
2018-12-20 10:00:00.000,2018,12,20,10,05005KT,07,05
2018-12-20 11:00:00.000,2018,12,20,11,05007KT,07,05
2018-12-20 12:00:00.000,2018,12,20,12,06006KT,08,05
2018-12-20 13:00:00.000,2018,12,20,13,04005KT,12,06
2018-12-20 14:00:00.000,2018,12,20,14,03007KT,14,05
2018-12-20 15:00:00.000,2018,12,20,15,04007KT,16,05
2018-12-20 16:00:00.000,2018,12,20,16,04009KT,18,06
2018-12-20 17:00:00.000,2018,12,20,17,02008KT,19,06
2018-12-20 18:00:00.000,2018,12,20,18,04007KT,19,05
2018-12-20 19:00:00.000,2018,12,20,19,07003KT,20,05
2018-12-20 20:00:00.000,2018,12,20,20,22009KT,17,10
2018-12-20 21:00:00.000,2018,12,20,21,27007KT,16,10
2018-12-20 22:00:00.000,2018,12,20,22,28007KT,17,10
2018-12-20 23:00:00.000,2018,12,20,23,27007KT,16,11
2018-12-21 00:00:00.000,2018,12,21,0,25004KT,14,11
2018-12-21 01:00:00.000,2018,12,21,1,31004KT,12,10
2018-12-21 02:00:00.000,2018,12,21,2,VRB02KT,11,10
2018-12-21 03:00:00.000,2018,12,21,3,VRB02KT,11,10
2018-12-21 04:00:00.000,2018,12,21,4,VRB02KT,11,10
2018-12-21 05:00:00.000,2018,12,21,5,VRB02KT,10,10
2018-12-21 06:00:00.000,2018,12,21,6,32003KT,10,10
2018-12-21 07:00:00.000,2018,12,21,7,VRB02KT,09,09
2018-12-21 08:00:00.000,2018,12,21,8,VRB02KT,10,09
2018-12-21 09:00:00.000,2018,12,21,9,VRB02KT,11,10
2018-12-21 10:00:00.000,2018,12,21,10,06004KT,11,10
2018-12-21 11:00:00.000,2018,12,21,11,VRB02KT,12,09
2018-12-21 12:00:00.000,2018,12,21,12,05005KT,13,09
2018-12-21 13:00:00.000,2018,12,21,13,08007KT,14,09
2018-12-21 14:00:00.000,2018,12,21,14,06008KT,16,06
2018-12-21 15:00:00.000,2018,12,21,15,05007KT,18,05
2018-12-21 16:00:00.000,2018,12,21,16,07006KT,20,04
2018-12-21 17:00:00.000,2018,12,21,17,08006KT,19,03
2018-12-21 18:00:00.000,2018,12,21,18,07006KT,21,02
2018-12-21 19:00:00.000,2018,12,21,19,29008KT,19,10
2018-12-21 20:00:00.000,2018,12,21,20,27010KT,18,11
2018-12-21 21:00:00.000,2018,12,21,21,26009KT,18,11
2018-12-21 22:00:00.000,2018,12,21,22,26010KT,17,10
2018-12-21 23:00:00.000,2018,12,21,23,28005KT,16,11
2018-12-22 00:00:00.000,2018,12,22,0,32005KT,14,12
2018-12-22 01:00:00.000,2018,12,22,1,32003KT,13,11
2018-12-22 02:00:00.000,2018,12,22,2,VRB02KT,12,11
2018-12-22 03:00:00.000,2018,12,22,3,27004KT,13,11
2018-12-22 04:00:00.000,2018,12,22,4,VRB02KT,13,11
2018-12-22 05:00:00.000,2018,12,22,5,13005KT,13,07
2018-12-22 06:00:00.000,2018,12,22,6,13005KT,12,06
2018-12-22 07:00:00.000,2018,12,22,7,09004KT,12,03
2018-12-22 08:00:00.000,2018,12,22,8,VRB02KT,10,04
2018-12-22 09:00:00.000,2018,12,22,9,03004KT,08,05
2018-12-22 10:00:00.000,2018,12,22,10,03003KT,07,05
2018-12-22 11:00:00.000,2018,12,22,11,03003KT,08,05
2018-12-22 12:00:00.000,2018,12,22,12,VRB02KT,10,05
2018-12-22 13:00:00.000,2018,12,22,13,04006KT,13,04
2018-12-22 14:00:00.000,2018,12,22,14,11007KT,16,00
2018-12-22 15:00:00.000,2018,12,22,15,06007KT,18,02
2018-12-22 16:00:00.000,2018,12,22,16,05008KT,18,03
2018-12-22 17:00:00.000,2018,12,22,17,06007KT,19,03
2018-12-22 18:00:00.000,2018,12,22,18,09008KT,20,05
2018-12-22 19:00:00.000,2018,12,22,19,13008KT,20,04
2018-12-22 20:00:00.000,2018,12,22,20,33004KT,19,09
2018-12-22 21:00:00.000,2018,12,22,21,23008KT,16,10
2018-12-22 22:00:00.000,2018,12,22,22,23006KT,16,10
2018-12-22 23:00:00.000,2018,12,22,23,33004KT,13,10
2018-12-23 00:00:00.000,2018,12,23,0,29005KT,12,09
2018-12-23 01:00:00.000,2018,12,23,1,28004KT,12,09
2018-12-23 02:00:00.000,2018,12,23,2,05004KT,10,08
2018-12-23 03:00:00.000,2018,12,23,3,04003KT,10,08
2018-12-23 04:00:00.000,2018,12,23,4,01003KT,10,07
2018-12-23 05:00:00.000,2018,12,23,5,33003KT,09,07
2018-12-23 06:00:00.000,2018,12,23,6,04004KT,09,07
2018-12-23 07:00:00.000,2018,12,23,7,23003KT,09,07
2018-12-23 08:00:00.000,2018,12,23,8,VRB02KT,07,06
2018-12-23 09:00:00.000,2018,12,23,9,25003KT,06,05
2018-12-23 10:00:00.000,2018,12,23,10,VRB02KT,06,05
2018-12-23 11:00:00.000,2018,12,23,11,03003KT,06,05
2018-12-23 12:00:00.000,2018,12,23,12,04004KT,07,06
2018-12-23 13:00:00.000,2018,12,23,13,05006KT,11,08
2018-12-23 14:00:00.000,2018,12,23,14,06004KT,15,08
2018-12-23 15:00:00.000,2018,12,23,15,23003KT,17,05
2018-12-23 16:00:00.000,2018,12,23,16,13005KT,18,05
2018-12-23 17:00:00.000,2018,12,23,17,08008KT,19,06
2018-12-23 18:00:00.000,2018,12,23,18,09006KT,20,07
2018-12-23 19:00:00.000,2018,12,23,19,10009KT,21,06
2018-12-23 20:00:00.000,2018,12,23,20,05008KT,19,06
2018-12-23 21:00:00.000,2018,12,23,21,10008KT,19,06
2018-12-23 22:00:00.000,2018,12,23,22,01003KT,18,08
2018-12-23 23:00:00.000,2018,12,23,23,35004KT,15,10
2018-12-24 00:00:00.000,2018,12,24,0,29006KT,14,08
2018-12-24 01:00:00.000,2018,12,24,1,VRB02KT,11,08
2018-12-24 02:00:00.000,2018,12,24,2,34003KT,10,08
2018-12-24 03:00:00.000,2018,12,24,3,03005KT,10,07
2018-12-24 04:00:00.000,2018,12,24,4,03004KT,10,06
2018-12-24 05:00:00.000,2018,12,24,5,01003KT,08,06
2018-12-24 06:00:00.000,2018,12,24,6,33004KT,07,06
2018-12-24 07:00:00.000,2018,12,24,7,02004KT,09,07
2018-12-24 08:00:00.000,2018,12,24,8,VRB02KT,09,07
2018-12-24 09:00:00.000,2018,12,24,9,VRB02KT,09,07
2018-12-24 10:00:00.000,2018,12,24,10,04004KT,09,07
2018-12-24 11:00:00.000,2018,12,24,11,02003KT,09,07
2018-12-24 12:00:00.000,2018,12,24,12,05005KT,11,07
2018-12-24 13:00:00.000,2018,12,24,13,01004KT,12,07
2018-12-24 14:00:00.000,2018,12,24,14,05008KT,14,07
2018-12-24 15:00:00.000,2018,12,24,15,05008KT,17,04
2018-12-24 16:00:00.000,2018,12,24,16,12008KT,19,01
2018-12-24 17:00:00.000,2018,12,24,17,10006KT,21,02
2018-12-24 18:00:00.000,2018,12,24,18,12005KT,22,03
2018-12-24 19:00:00.000,2018,12,24,19,16009KT,23,03
2018-12-24 20:00:00.000,2018,12,24,20,30012KT,19,11
2018-12-24 21:00:00.000,2018,12,24,21,29009KT,18,11
2018-12-24 22:00:00.000,2018,12,24,22,31007KT,17,11
2018-12-24 23:00:00.000,2018,12,24,23,32006KT,14,12
2018-12-25 00:00:00.000,2018,12,25,0,32004KT,12,11
2018-12-25 01:00:00.000,2018,12,25,1,31004KT,12,11
2018-12-25 02:00:00.000,2018,12,25,2,VRB02KT,11,10
2018-12-25 03:00:00.000,2018,12,25,3,02004KT,08,08
2018-12-25 04:00:00.000,2018,12,25,4,35003KT,09,03
2018-12-25 05:00:00.000,2018,12,25,5,02004KT,07,04
2018-12-25 06:00:00.000,2018,12,25,6,32003KT,07,05
2018-12-25 07:00:00.000,2018,12,25,7,VRB02KT,07,06
2018-12-25 08:00:00.000,2018,12,25,8,VRB02KT,06,05
2018-12-25 09:00:00.000,2018,12,25,9,VRB02KT,05,04
2018-12-25 10:00:00.000,2018,12,25,10,05003KT,06,05
2018-12-25 11:00:00.000,2018,12,25,11,03004KT,05,04
2018-12-25 12:00:00.000,2018,12,25,12,VRB02KT,08,07
2018-12-25 13:00:00.000,2018,12,25,13,04005KT,12,06
2018-12-25 14:00:00.000,2018,12,25,14,08006KT,16,01
2018-12-25 15:00:00.000,2018,12,25,15,12008KT,,
2018-12-25 16:00:00.000,2018,12,25,16,13013KT,,
2018-12-25 17:00:00.000,2018,12,25,17,13011KT,,
2018-12-25 18:00:00.000,2018,12,25,18,13011KT,,
2018-12-25 19:00:00.000,2018,12,25,19,14013KT,,
2018-12-25 20:00:00.000,2018,12,25,20,14011KT,,
2018-12-25 21:00:00.000,2018,12,25,21,13011KT,,
2018-12-25 22:00:00.000,2018,12,25,22,10007KT,,
2018-12-25 23:00:00.000,2018,12,25,23,11008KT,17,02
2018-12-26 00:00:00.000,2018,12,26,0,13006KT,14,04
2018-12-26 01:00:00.000,2018,12,26,1,05004KT,12,04
2018-12-26 02:00:00.000,2018,12,26,2,05004KT,10,05
2018-12-26 03:00:00.000,2018,12,26,3,VRB02KT,09,04
2018-12-26 04:00:00.000,2018,12,26,4,04006KT,09,04
2018-12-26 05:00:00.000,2018,12,26,5,04005KT,08,05
2018-12-26 06:00:00.000,2018,12,26,6,03006KT,08,05
2018-12-26 07:00:00.000,2018,12,26,7,03004KT,07,05
2018-12-26 08:00:00.000,2018,12,26,8,08003KT,08,06
2018-12-26 09:00:00.000,2018,12,26,9,00000KT,07,06
2018-12-26 10:00:00.000,2018,12,26,10,06005KT,07,04
2018-12-26 11:00:00.000,2018,12,26,11,03003KT,05,03
2018-12-26 12:00:00.000,2018,12,26,12,VRB02KT,07,06
2018-12-26 13:00:00.000,2018,12,26,13,03006KT,12,05
2018-12-26 14:00:00.000,2018,12,26,14,03008KT,16,04
2018-12-26 15:00:00.000,2018,12,26,15,06007KT,18,03
2018-12-26 16:00:00.000,2018,12,26,16,08010KT,20,02
2018-12-26 17:00:00.000,2018,12,26,17,08010KT,21,01
2018-12-26 18:00:00.000,2018,12,26,18,11010KT,22,02
2018-12-26 19:00:00.000,2018,12,26,19,VRB08KT,21,03
2018-12-26 20:00:00.000,2018,12,26,20,14008KT,22,03
2018-12-26 21:00:00.000,2018,12,26,21,13008KT,21,03
2018-12-26 22:00:00.000,2018,12,26,22,13009KT,19,02
2018-12-26 23:00:00.000,2018,12,26,23,VRB03KT,17,07
2018-12-27 00:00:00.000,2018,12,27,0,27006KT,15,07
2018-12-27 01:00:00.000,2018,12,27,1,13007KT,13,06
2018-12-27 02:00:00.000,2018,12,27,2,14005KT,12,06
2018-12-27 03:00:00.000,2018,12,27,3,05003KT,10,06
2018-12-27 04:00:00.000,2018,12,27,4,VRB02KT,09,05
2018-12-27 05:00:00.000,2018,12,27,5,05005KT,09,06
2018-12-27 06:00:00.000,2018,12,27,6,05006KT,10,07
2018-12-27 07:00:00.000,2018,12,27,7,04003KT,09,07
2018-12-27 08:00:00.000,2018,12,27,8,36003KT,08,06
2018-12-27 09:00:00.000,2018,12,27,9,36003KT,09,07
2018-12-27 10:00:00.000,2018,12,27,10,05007KT,09,07
2018-12-27 11:00:00.000,2018,12,27,11,05007KT,09,07
2018-12-27 12:00:00.000,2018,12,27,12,02005KT,11,08
2018-12-27 13:00:00.000,2018,12,27,13,VRB02KT,13,09
2018-12-27 14:00:00.000,2018,12,27,14,11008KT,15,09
2018-12-27 15:00:00.000,2018,12,27,15,11007KT,16,08
2018-12-27 16:00:00.000,2018,12,27,16,15007KT,18,09
2018-12-27 17:00:00.000,2018,12,27,17,11009KT,17,08
2018-12-27 18:00:00.000,2018,12,27,18,13012KT,17,08
2018-12-27 19:00:00.000,2018,12,27,19,15009KT,17,09
2018-12-27 20:00:00.000,2018,12,27,20,12007KT,18,07
2018-12-27 21:00:00.000,2018,12,27,21,07009KT,18,07
2018-12-27 22:00:00.000,2018,12,27,22,14011KT,16,06
2018-12-27 23:00:00.000,2018,12,27,23,13009KT,15,06
2018-12-28 00:00:00.000,2018,12,28,0,12006KT,14,07
2018-12-28 01:00:00.000,2018,12,28,1,10005KT,14,07
2018-12-28 02:00:00.000,2018,12,28,2,32004KT,10,07
2018-12-28 03:00:00.000,2018,12,28,3,04004KT,09,06
2018-12-28 04:00:00.000,2018,12,28,4,02003KT,08,06
2018-12-28 05:00:00.000,2018,12,28,5,02004KT,08,06
2018-12-28 06:00:00.000,2018,12,28,6,36003KT,07,05
2018-12-28 07:00:00.000,2018,12,28,7,VRB02KT,05,04
2018-12-28 08:00:00.000,2018,12,28,8,04004KT,05,05
2018-12-28 09:00:00.000,2018,12,28,9,VRB02KT,06,06
2018-12-28 10:00:00.000,2018,12,28,10,33003KT,04,04
2018-12-28 11:00:00.000,2018,12,28,11,04004KT,05,05
2018-12-28 12:00:00.000,2018,12,28,12,06006KT,08,06
2018-12-28 13:00:00.000,2018,12,28,13,08005KT,12,08
2018-12-28 14:00:00.000,2018,12,28,14,14008KT,16,07
2018-12-28 15:00:00.000,2018,12,28,15,15008KT,16,07
2018-12-28 16:00:00.000,2018,12,28,16,16009KT,17,06
2018-12-28 17:00:00.000,2018,12,28,17,16009KT,18,07
2018-12-28 18:00:00.000,2018,12,28,18,09010KT,19,07
2018-12-28 19:00:00.000,2018,12,28,19,09012KT,19,06
2018-12-28 20:00:00.000,2018,12,28,20,11012KT,20,06
2018-12-28 21:00:00.000,2018,12,28,21,10012KT,19,06
2018-12-28 22:00:00.000,2018,12,28,22,13010KT,18,06
2018-12-28 23:00:00.000,2018,12,28,23,13011KT,16,07
2018-12-29 00:00:00.000,2018,12,29,0,11008KT,15,07
2018-12-29 01:00:00.000,2018,12,29,1,11006KT,14,07
2018-12-29 02:00:00.000,2018,12,29,2,12004KT,13,07
2018-12-29 03:00:00.000,2018,12,29,3,11004KT,12,07
2018-12-29 04:00:00.000,2018,12,29,4,VRB02KT,09,07
2018-12-29 05:00:00.000,2018,12,29,5,04003KT,09,08
2018-12-29 06:00:00.000,2018,12,29,6,11003KT,08,07
2018-12-29 07:00:00.000,2018,12,29,7,30003KT,08,07
2018-12-29 08:00:00.000,2018,12,29,8,36003KT,06,05
2018-12-29 09:00:00.000,2018,12,29,9,04003KT,06,05
2018-12-29 10:00:00.000,2018,12,29,10,05004KT,08,06
2018-12-29 11:00:00.000,2018,12,29,11,06006KT,10,07
2018-12-29 12:00:00.000,2018,12,29,12,04007KT,11,08
2018-12-29 13:00:00.000,2018,12,29,13,35004KT,12,09
2018-12-29 14:00:00.000,2018,12,29,14,06006KT,15,09
2018-12-29 15:00:00.000,2018,12,29,15,15013KT,18,06
2018-12-29 16:00:00.000,2018,12,29,16,06008KT,18,08
2018-12-29 17:00:00.000,2018,12,29,17,11008KT,20,07
2018-12-29 18:00:00.000,2018,12,29,18,12013KT,20,06
2018-12-29 19:00:00.000,2018,12,29,19,11010KT,19,06
2018-12-29 20:00:00.000,2018,12,29,20,12009KT,19,06
2018-12-29 21:00:00.000,2018,12,29,21,13008KT,18,06
2018-12-29 22:00:00.000,2018,12,29,22,10008KT,18,07
2018-12-29 23:00:00.000,2018,12,29,23,12008KT,16,07
2018-12-30 00:00:00.000,2018,12,30,0,10006KT,16,06
2018-12-30 01:00:00.000,2018,12,30,1,10005KT,15,07
2018-12-30 02:00:00.000,2018,12,30,2,04005KT,14,07
2018-12-30 03:00:00.000,2018,12,30,3,02004KT,13,07
2018-12-30 04:00:00.000,2018,12,30,4,04005KT,11,07
2018-12-30 05:00:00.000,2018,12,30,5,05005KT,09,06
2018-12-30 06:00:00.000,2018,12,30,6,05004KT,09,07
2018-12-30 07:00:00.000,2018,12,30,7,02004KT,08,06
2018-12-30 08:00:00.000,2018,12,30,8,35003KT,06,05
2018-12-30 09:00:00.000,2018,12,30,9,35003KT,06,05
2018-12-30 10:00:00.000,2018,12,30,10,VRB02KT,05,04
2018-12-30 11:00:00.000,2018,12,30,11,02004KT,06,06
2018-12-30 12:00:00.000,2018,12,30,12,02005KT,07,07
2018-12-30 13:00:00.000,2018,12,30,13,07004KT,13,09
2018-12-30 14:00:00.000,2018,12,30,14,03008KT,15,08
2018-12-30 15:00:00.000,2018,12,30,15,06005KT,19,05
2018-12-30 16:00:00.000,2018,12,30,16,VRB05KT,21,05
2018-12-30 17:00:00.000,2018,12,30,17,09008KT,21,03
2018-12-30 18:00:00.000,2018,12,30,18,12008G18KT,22,03
2018-12-30 19:00:00.000,2018,12,30,19,08006KT,20,03
2018-12-30 20:00:00.000,2018,12,30,20,12008KT,19,05
2018-12-30 21:00:00.000,2018,12,30,21,14014KT,20,06
2018-12-30 22:00:00.000,2018,12,30,22,17014KT,18,06
2018-12-30 23:00:00.000,2018,12,30,23,17013KT,16,06
2018-12-31 00:00:00.000,2018,12,31,0,15006KT,14,06
2018-12-31 01:00:00.000,2018,12,31,1,14009KT,12,06
2018-12-31 02:00:00.000,2018,12,31,2,10005KT,13,07
2018-12-31 03:00:00.000,2018,12,31,3,05005KT,10,06
2018-12-31 04:00:00.000,2018,12,31,4,00000KT,09,06
2018-12-31 05:00:00.000,2018,12,31,5,05004KT,08,06
2018-12-31 06:00:00.000,2018,12,31,6,01003KT,07,06
2018-12-31 07:00:00.000,2018,12,31,7,03004KT,07,06
2018-12-31 08:00:00.000,2018,12,31,8,VRB02KT,05,05
2018-12-31 09:00:00.000,2018,12,31,9,VRB02KT,04,04
2018-12-31 10:00:00.000,2018,12,31,10,00000KT,04,03
2018-12-31 11:00:00.000,2018,12,31,11,05005KT,04,04
2018-12-31 12:00:00.000,2018,12,31,12,05004KT,07,07
2018-12-31 13:00:00.000,2018,12,31,13,05008KT,10,07
2018-12-31 14:00:00.000,2018,12,31,14,09007KT,15,05
2018-12-31 15:00:00.000,2018,12,31,15,06009KT,16,04
2018-12-31 16:00:00.000,2018,12,31,16,05007KT,18,05
2018-12-31 17:00:00.000,2018,12,31,17,10008KT,20,03
2018-12-31 18:00:00.000,2018,12,31,18,14011KT,21,04
2018-12-31 19:00:00.000,2018,12,31,19,10010KT,19,04
2018-12-31 20:00:00.000,2018,12,31,20,12010KT,19,03
2018-12-31 21:00:00.000,2018,12,31,21,11010KT,18,03
2018-12-31 22:00:00.000,2018,12,31,22,12010KT,17,05
2018-12-31 23:00:00.000,2018,12,31,23,16013KT,15,05
2019-01-01 00:00:00.000,2019,1,1,0,12007KT,14,06
2019-01-01 01:00:00.000,2019,1,1,1,12007KT,14,05
2019-01-01 02:00:00.000,2019,1,1,2,11006KT,13,05
2019-01-01 03:00:00.000,2019,1,1,3,11005KT,12,05
2019-01-01 04:00:00.000,2019,1,1,4,VRB02KT,10,05
2019-01-01 05:00:00.000,2019,1,1,5,03003KT,07,05
2019-01-01 06:00:00.000,2019,1,1,6,VRB03KT,06,04
2019-01-01 07:00:00.000,2019,1,1,7,02004KT,07,04
2019-01-01 08:00:00.000,2019,1,1,8,04006KT,07,05
2019-01-01 09:00:00.000,2019,1,1,9,04005KT,08,06
2019-01-01 10:00:00.000,2019,1,1,10,06008KT,07,05
2019-01-01 11:00:00.000,2019,1,1,11,04005KT,07,05
2019-01-01 12:00:00.000,2019,1,1,12,06006KT,08,06
2019-01-01 13:00:00.000,2019,1,1,13,06006KT,12,05
2019-01-01 14:00:00.000,2019,1,1,14,05008KT,18,06
2019-01-01 15:00:00.000,2019,1,1,15,10010KT,20,04
2019-01-01 16:00:00.000,2019,1,1,16,12011KT,20,05
2019-01-01 17:00:00.000,2019,1,1,17,14013G24KT,21,05
2019-01-01 18:00:00.000,2019,1,1,18,14014KT,22,05
2019-01-01 19:00:00.000,2019,1,1,19,11014KT,21,03
2019-01-01 20:00:00.000,2019,1,1,20,13012KT,21,04
2019-01-01 21:00:00.000,2019,1,1,21,12010KT,20,03
2019-01-01 22:00:00.000,2019,1,1,22,12010KT,19,03
2019-01-01 23:00:00.000,2019,1,1,23,11010KT,16,05
2019-01-02 00:00:00.000,2019,1,2,0,11009KT,15,05
2019-01-02 01:00:00.000,2019,1,2,1,12008KT,14,06
2019-01-02 02:00:00.000,2019,1,2,2,11007KT,13,06
2019-01-02 03:00:00.000,2019,1,2,3,10006KT,13,05
2019-01-02 04:00:00.000,2019,1,2,4,10006KT,12,06
2019-01-02 05:00:00.000,2019,1,2,5,07004KT,09,06
2019-01-02 06:00:00.000,2019,1,2,6,06007KT,08,06
2019-01-02 07:00:00.000,2019,1,2,7,08004KT,10,06
2019-01-02 08:00:00.000,2019,1,2,8,10004KT,10,06
2019-01-02 09:00:00.000,2019,1,2,9,01004KT,08,05
2019-01-02 10:00:00.000,2019,1,2,10,02006KT,07,04
2019-01-02 11:00:00.000,2019,1,2,11,10006KT,09,04
2019-01-02 12:00:00.000,2019,1,2,12,09005KT,12,03
2019-01-02 13:00:00.000,2019,1,2,13,06010KT,14,03
2019-01-02 14:00:00.000,2019,1,2,14,07010KT,16,02
2019-01-02 15:00:00.000,2019,1,2,15,10010KT,18,03
2019-01-02 16:00:00.000,2019,1,2,16,10010KT,20,04
2019-01-02 17:00:00.000,2019,1,2,17,10011KT,20,05
2019-01-02 18:00:00.000,2019,1,2,18,15013G23KT,21,05
2019-01-02 19:00:00.000,2019,1,2,19,15013G23KT,21,05
2019-01-02 20:00:00.000,2019,1,2,20,17016KT,20,05
2019-01-02 21:00:00.000,2019,1,2,21,17016KT,18,05
2019-01-02 22:00:00.000,2019,1,2,22,17014KT,18,05
2019-01-02 23:00:00.000,2019,1,2,23,16013KT,16,05
2019-01-03 00:00:00.000,2019,1,3,0,14011KT,13,05
2019-01-03 01:00:00.000,2019,1,3,1,13010KT,13,06
2019-01-03 02:00:00.000,2019,1,3,2,10010KT,13,06
2019-01-03 03:00:00.000,2019,1,3,3,08007KT,12,06
2019-01-03 04:00:00.000,2019,1,3,4,07004KT,11,05
2019-01-03 05:00:00.000,2019,1,3,5,06006KT,10,06
2019-01-03 06:00:00.000,2019,1,3,6,07005KT,10,06
2019-01-03 07:00:00.000,2019,1,3,7,05005KT,08,06
2019-01-03 08:00:00.000,2019,1,3,8,05006KT,09,06
2019-01-03 09:00:00.000,2019,1,3,9,06006KT,09,06
2019-01-03 10:00:00.000,2019,1,3,10,06004KT,10,06
2019-01-03 11:00:00.000,2019,1,3,11,05004KT,10,07
2019-01-03 12:00:00.000,2019,1,3,12,VRB02KT,11,08
2019-01-03 13:00:00.000,2019,1,3,13,02003KT,12,08
2019-01-03 14:00:00.000,2019,1,3,14,14010KT,15,07
2019-01-03 15:00:00.000,2019,1,3,15,14010KT,16,07
2019-01-03 16:00:00.000,2019,1,3,16,14006KT,16,07
2019-01-03 17:00:00.000,2019,1,3,17,15013KT,17,07
2019-01-03 18:00:00.000,2019,1,3,18,16015KT,17,07
2019-01-03 19:00:00.000,2019,1,3,19,13008KT,17,07
2019-01-03 20:00:00.000,2019,1,3,20,13008KT,17,07
2019-01-03 21:00:00.000,2019,1,3,21,13010KT,17,06
2019-01-03 22:00:00.000,2019,1,3,22,14014KT,16,06
2019-01-03 23:00:00.000,2019,1,3,23,16010KT,15,06
2019-01-04 00:00:00.000,2019,1,4,0,13006KT,14,06
2019-01-04 01:00:00.000,2019,1,4,1,10004KT,14,07
2019-01-04 02:00:00.000,2019,1,4,2,VRB02KT,12,07
2019-01-04 03:00:00.000,2019,1,4,3,04004KT,10,07
2019-01-04 04:00:00.000,2019,1,4,4,05005KT,09,06
2019-01-04 05:00:00.000,2019,1,4,5,34003KT,08,06
2019-01-04 06:00:00.000,2019,1,4,6,VRB02KT,07,05
2019-01-04 07:00:00.000,2019,1,4,7,06003KT,08,06
2019-01-04 08:00:00.000,2019,1,4,8,29003KT,08,07
2019-01-04 09:00:00.000,2019,1,4,9,VRB02KT,08,07
2019-01-04 10:00:00.000,2019,1,4,10,VRB02KT,09,07
2019-01-04 11:00:00.000,2019,1,4,11,VRB02KT,09,07
2019-01-04 12:00:00.000,2019,1,4,12,VRB02KT,11,08
2019-01-04 13:00:00.000,2019,1,4,13,05005KT,12,08
2019-01-04 14:00:00.000,2019,1,4,14,06006KT,14,08
2019-01-04 15:00:00.000,2019,1,4,15,09006KT,15,09
2019-01-04 16:00:00.000,2019,1,4,16,14010KT,18,08
2019-01-04 17:00:00.000,2019,1,4,17,14015KT,20,06
2019-01-04 18:00:00.000,2019,1,4,18,13009KT,20,06
2019-01-04 19:00:00.000,2019,1,4,19,14010KT,21,05
2019-01-04 20:00:00.000,2019,1,4,20,12012KT,21,05
2019-01-04 21:00:00.000,2019,1,4,21,12012KT,20,06
2019-01-04 22:00:00.000,2019,1,4,22,11010KT,18,07
2019-01-04 23:00:00.000,2019,1,4,23,10007KT,17,05
2019-01-05 00:00:00.000,2019,1,5,0,11007KT,16,09
2019-01-05 02:00:00.000,2019,1,5,2,02003KT,11,06
2019-01-05 03:00:00.000,2019,1,5,3,03003KT,10,06
2019-01-05 04:00:00.000,2019,1,5,4,VRB02KT,10,06
2019-01-05 05:00:00.000,2019,1,5,5,05003KT,07,06
2019-01-05 06:00:00.000,2019,1,5,6,32003KT,07,06
2019-01-05 07:00:00.000,2019,1,5,7,VRB02KT,06,05
2019-01-05 08:00:00.000,2019,1,5,8,VRB02KT,05,05
2019-01-05 09:00:00.000,2019,1,5,9,02003KT,05,04
2019-01-05 10:00:00.000,2019,1,5,10,VRB02KT,04,04
2019-01-05 11:00:00.000,2019,1,5,11,05003KT,05,04
2019-01-05 12:00:00.000,2019,1,5,12,01003KT,05,05
2019-01-05 13:00:00.000,2019,1,5,13,03003KT,10,07
2019-01-05 14:00:00.000,2019,1,5,14,02003KT,14,08
2019-01-05 15:00:00.000,2019,1,5,15,06002KT,18,07
2019-01-05 16:00:00.000,2019,1,5,16,06005KT,20,06
2019-01-05 17:00:00.000,2019,1,5,17,15006KT,22,05
2019-01-05 18:00:00.000,2019,1,5,18,22006KT,22,06
2019-01-05 19:00:00.000,2019,1,5,19,16005KT,23,03
2019-01-05 20:00:00.000,2019,1,5,20,23010KT,21,11
2019-01-05 21:00:00.000,2019,1,5,21,31010KT,17,12
2019-01-05 22:00:00.000,2019,1,5,22,29008KT,17,12
2019-01-05 23:00:00.000,2019,1,5,23,28007KT,15,12
2019-01-06 00:00:00.000,2019,1,6,0,02003KT,13,11
2019-01-06 01:00:00.000,2019,1,6,1,00000KT,14,11
2019-01-06 02:00:00.000,2019,1,6,2,VRB02KT,13,11
2019-01-06 03:00:00.000,2019,1,6,3,16005KT,15,10
2019-01-06 04:00:00.000,2019,1,6,4,VRB04KT,14,10
2019-01-06 05:00:00.000,2019,1,6,5,00000KT,14,10
2019-01-06 06:00:00.000,2019,1,6,6,VRB02KT,11,10
2019-01-06 07:00:00.000,2019,1,6,7,03003KT,10,08
2019-01-06 08:00:00.000,2019,1,6,8,VRB02KT,09,08
2019-01-06 09:00:00.000,2019,1,6,9,04004KT,09,08
2019-01-06 10:00:00.000,2019,1,6,10,02004KT,10,09
2019-01-06 11:00:00.000,2019,1,6,11,05004KT,11,09
2019-01-06 12:00:00.000,2019,1,6,12,03004KT,10,09
2019-01-06 13:00:00.000,2019,1,6,13,05007KT,13,10
2019-01-06 14:00:00.000,2019,1,6,14,VRB02KT,15,10
2019-01-06 15:00:00.000,2019,1,6,15,12003KT,17,09
2019-01-06 16:00:00.000,2019,1,6,16,21003KT,19,08
2019-01-06 17:00:00.000,2019,1,6,17,13004KT,19,07
2019-01-06 18:00:00.000,2019,1,6,18,30010KT,20,10
2019-01-06 19:00:00.000,2019,1,6,19,28010KT,20,10
2019-01-06 20:00:00.000,2019,1,6,20,24012KT,19,11
2019-01-06 21:00:00.000,2019,1,6,21,28005KT,18,11
2019-01-06 22:00:00.000,2019,1,6,22,33004KT,18,11
2019-01-06 23:00:00.000,2019,1,6,23,30006KT,16,12
2019-01-07 00:00:00.000,2019,1,7,0,VRB02KT,13,10
2019-01-07 01:00:00.000,2019,1,7,1,VRB02KT,13,10
2019-01-07 02:00:00.000,2019,1,7,2,VRB02KT,13,11
2019-01-07 03:00:00.000,2019,1,7,3,36003KT,12,10
2019-01-07 04:00:00.000,2019,1,7,4,VRB02KT,10,09
2019-01-07 05:00:00.000,2019,1,7,5,02004KT,10,09
2019-01-07 06:00:00.000,2019,1,7,6,02003KT,11,09
2019-01-07 07:00:00.000,2019,1,7,7,VRB02KT,10,09
2019-01-07 08:00:00.000,2019,1,7,8,04004KT,10,09
2019-01-07 09:00:00.000,2019,1,7,9,32004KT,10,09
2019-01-07 10:00:00.000,2019,1,7,10,06004KT,10,09
2019-01-07 11:00:00.000,2019,1,7,11,01003KT,10,09
2019-01-07 12:00:00.000,2019,1,7,12,VRB02KT,11,10
2019-01-07 13:00:00.000,2019,1,7,13,33005KT,12,10
2019-01-07 14:00:00.000,2019,1,7,14,34003KT,13,10
2019-01-07 15:00:00.000,2019,1,7,15,33003KT,14,11
2019-01-07 16:00:00.000,2019,1,7,16,33005KT,16,11
2019-01-07 17:00:00.000,2019,1,7,17,28005KT,19,10
2019-01-07 18:00:00.000,2019,1,7,18,31006KT,19,09
2019-01-07 19:00:00.000,2019,1,7,19,33008KT,21,10
2019-01-07 20:00:00.000,2019,1,7,20,29013KT,19,11
2019-01-07 21:00:00.000,2019,1,7,21,28011KT,18,11
2019-01-07 22:00:00.000,2019,1,7,22,28010KT,17,10
2019-01-07 23:00:00.000,2019,1,7,23,32005KT,15,11
2019-01-08 00:00:00.000,2019,1,8,0,31008KT,14,11
2019-01-08 01:00:00.000,2019,1,8,1,VRB02KT,13,11
2019-01-08 02:00:00.000,2019,1,8,2,VRB02KT,13,09
2019-01-08 03:00:00.000,2019,1,8,3,33003KT,12,10
2019-01-08 04:00:00.000,2019,1,8,4,VRB02KT,12,10
2019-01-08 05:00:00.000,2019,1,8,5,30005KT,11,09
2019-01-08 06:00:00.000,2019,1,8,6,36004KT,11,09
2019-01-08 07:00:00.000,2019,1,8,7,VRB02KT,09,08
2019-01-08 08:00:00.000,2019,1,8,8,VRB02KT,09,08
2019-01-08 09:00:00.000,2019,1,8,9,VRB02KT,09,09
2019-01-08 10:00:00.000,2019,1,8,10,00000KT,07,06
2019-01-08 11:00:00.000,2019,1,8,11,01004KT,06,05
2019-01-08 12:00:00.000,2019,1,8,12,03007KT,10,09
2019-01-08 13:00:00.000,2019,1,8,13,VRB02KT,10,09
2019-01-08 14:00:00.000,2019,1,8,14,34003KT,14,12
2019-01-08 15:00:00.000,2019,1,8,15,01003KT,17,10
2019-01-08 16:00:00.000,2019,1,8,16,30006KT,18,08
2019-01-08 17:00:00.000,2019,1,8,17,32006KT,20,08
2019-01-08 18:00:00.000,2019,1,8,18,29011KT,20,09
2019-01-08 19:00:00.000,2019,1,8,19,32014KT,20,10
2019-01-08 20:00:00.000,2019,1,8,20,29011KT,20,09
2019-01-08 21:00:00.000,2019,1,8,21,30013KT,17,10
2019-01-08 22:00:00.000,2019,1,8,22,30012KT,17,10
2019-01-08 23:00:00.000,2019,1,8,23,30007KT,16,10
2019-01-09 00:00:00.000,2019,1,9,0,30006KT,14,10
2019-01-09 01:00:00.000,2019,1,9,1,28006KT,14,10
2019-01-09 02:00:00.000,2019,1,9,2,27005KT,14,10
2019-01-09 03:00:00.000,2019,1,9,3,25005KT,13,09
2019-01-09 04:00:00.000,2019,1,9,4,27004KT,12,09
2019-01-09 05:00:00.000,2019,1,9,5,27004KT,10,08
2019-01-09 06:00:00.000,2019,1,9,6,VRB02KT,10,09
2019-01-09 07:00:00.000,2019,1,9,7,29003KT,09,08
2019-01-09 08:00:00.000,2019,1,9,8,VRB02KT,08,07
2019-01-09 09:00:00.000,2019,1,9,9,00000KT,08,08
2019-01-09 10:00:00.000,2019,1,9,10,00000KT,09,09
2019-01-09 11:00:00.000,2019,1,9,11,34005KT,08,07
2019-01-09 12:00:00.000,2019,1,9,12,04003KT,09,08
2019-01-09 13:00:00.000,2019,1,9,13,VRB02KT,11,09
2019-01-09 14:00:00.000,2019,1,9,14,27003KT,15,09
2019-01-09 15:00:00.000,2019,1,9,15,VRB02KT,17,09
2019-01-09 16:00:00.000,2019,1,9,16,30003KT,18,09
2019-01-09 17:00:00.000,2019,1,9,17,32008KT,19,07
2019-01-09 18:00:00.000,2019,1,9,18,29012KT,20,09
2019-01-09 19:00:00.000,2019,1,9,19,21010KT,21,08
2019-01-09 20:00:00.000,2019,1,9,20,28015KT,18,09
2019-01-09 21:00:00.000,2019,1,9,21,31011KT,16,09
2019-01-09 22:00:00.000,2019,1,9,22,31008KT,15,08
2019-01-09 23:00:00.000,2019,1,9,23,32004KT,14,09
2019-01-10 00:00:00.000,2019,1,10,0,28005KT,14,10
2019-01-10 01:00:00.000,2019,1,10,1,VRB02KT,13,10
2019-01-10 02:00:00.000,2019,1,10,2,VRB02KT,13,10
2019-01-10 03:00:00.000,2019,1,10,3,27003KT,13,10
2019-01-10 04:00:00.000,2019,1,10,4,26003KT,13,10
2019-01-10 05:00:00.000,2019,1,10,5,VRB02KT,12,09
2019-01-10 06:00:00.000,2019,1,10,6,27003KT,12,09
2019-01-10 07:00:00.000,2019,1,10,7,28005KT,12,10
2019-01-10 08:00:00.000,2019,1,10,8,VRB02KT,11,09
2019-01-10 09:00:00.000,2019,1,10,9,25004KT,12,10
2019-01-10 10:00:00.000,2019,1,10,10,30005KT,11,10
2019-01-10 11:00:00.000,2019,1,10,11,27003KT,11,10
2019-01-10 12:00:00.000,2019,1,10,12,32006KT,12,10
2019-01-10 13:00:00.000,2019,1,10,13,30006KT,13,10
2019-01-10 14:00:00.000,2019,1,10,14,31007KT,13,11
2019-01-10 15:00:00.000,2019,1,10,15,32010KT,15,11
2019-01-10 16:00:00.000,2019,1,10,16,32010KT,17,10
2019-01-10 17:00:00.000,2019,1,10,17,33014KT,18,10
2019-01-10 18:00:00.000,2019,1,10,18,32014KT,17,09
2019-01-10 19:00:00.000,2019,1,10,19,32013KT,18,09
2019-01-10 20:00:00.000,2019,1,10,20,31012KT,18,09
2019-01-10 21:00:00.000,2019,1,10,21,31012KT,17,10
2019-01-10 22:00:00.000,2019,1,10,22,31010KT,15,10
2019-01-10 23:00:00.000,2019,1,10,23,29008KT,13,10
2019-01-11 00:00:00.000,2019,1,11,0,29007KT,13,10
2019-01-11 01:00:00.000,2019,1,11,1,28005KT,13,10
2019-01-11 02:00:00.000,2019,1,11,2,28006KT,13,10
2019-01-11 03:00:00.000,2019,1,11,3,29006KT,13,10
2019-01-11 04:00:00.000,2019,1,11,4,31005KT,12,09
2019-01-11 05:00:00.000,2019,1,11,5,30004KT,12,10
2019-01-11 06:00:00.000,2019,1,11,6,30003KT,12,10
2019-01-11 07:00:00.000,2019,1,11,7,29003KT,12,11
2019-01-11 08:00:00.000,2019,1,11,8,31003KT,11,10
2019-01-11 09:00:00.000,2019,1,11,9,36003KT,11,10
2019-01-11 10:00:00.000,2019,1,11,10,VRB02KT,11,10
2019-01-11 11:00:00.000,2019,1,11,11,24003KT,11,10
2019-01-11 12:00:00.000,2019,1,11,12,30003KT,11,10
2019-01-11 13:00:00.000,2019,1,11,13,VRB02KT,13,11
2019-01-11 14:00:00.000,2019,1,11,14,33004KT,14,10
2019-01-11 15:00:00.000,2019,1,11,15,34007KT,14,10
2019-01-11 16:00:00.000,2019,1,11,16,30004KT,15,10
2019-01-11 17:00:00.000,2019,1,11,17,33004KT,17,09
2019-01-11 18:00:00.000,2019,1,11,18,VRB06KT,19,09
2019-01-11 19:00:00.000,2019,1,11,19,25011KT,18,10
2019-01-11 20:00:00.000,2019,1,11,20,29014KT,19,10
2019-01-11 21:00:00.000,2019,1,11,21,26011KT,18,10
2019-01-11 22:00:00.000,2019,1,11,22,26010KT,17,09
2019-01-11 23:00:00.000,2019,1,11,23,27009KT,15,10
2019-01-12 00:00:00.000,2019,1,12,0,31007KT,12,10
2019-01-12 01:00:00.000,2019,1,12,1,28005KT,12,10
2019-01-12 02:00:00.000,2019,1,12,2,VRB02KT,12,10
2019-01-12 03:00:00.000,2019,1,12,3,VRB04KT,13,10
2019-01-12 04:00:00.000,2019,1,12,4,28005KT,12,10
2019-01-12 05:00:00.000,2019,1,12,5,31005KT,10,09
2019-01-12 06:00:00.000,2019,1,12,6,31003KT,09,08
2019-01-12 07:00:00.000,2019,1,12,7,31004KT,09,09
2019-01-12 08:00:00.000,2019,1,12,8,VRB02KT,09,08
2019-01-12 09:00:00.000,2019,1,12,9,31007KT,07,07
2019-01-12 10:00:00.000,2019,1,12,10,36005KT,07,07
2019-01-12 11:00:00.000,2019,1,12,11,VRB02KT,07,06
2019-01-12 12:00:00.000,2019,1,12,12,35003KT,07,07
2019-01-12 13:00:00.000,2019,1,12,13,33003KT,10,09
2019-01-12 14:00:00.000,2019,1,12,14,VRB02KT,13,12
2019-01-12 15:00:00.000,2019,1,12,15,09004KT,17,08
2019-01-12 16:00:00.000,2019,1,12,16,25003KT,18,09
2019-01-12 17:00:00.000,2019,1,12,17,23004KT,17,08
2019-01-12 18:00:00.000,2019,1,12,18,21005KT,17,08
2019-01-12 19:00:00.000,2019,1,12,19,26012KT,19,08
2019-01-12 20:00:00.000,2019,1,12,20,28013KT,19,09
2019-01-12 21:00:00.000,2019,1,12,21,28010KT,18,09
2019-01-12 22:00:00.000,2019,1,12,22,25009KT,18,10
2019-01-12 23:00:00.000,2019,1,12,23,22007KT,15,08
2019-01-13 00:00:00.000,2019,1,13,0,26004KT,14,10
2019-01-13 01:00:00.000,2019,1,13,1,VRB02KT,13,10
2019-01-13 02:00:00.000,2019,1,13,2,32004KT,12,10
2019-01-13 03:00:00.000,2019,1,13,3,33004KT,12,11
2019-01-13 04:00:00.000,2019,1,13,4,33004KT,11,09
2019-01-13 05:00:00.000,2019,1,13,5,24004KT,12,10
2019-01-13 06:00:00.000,2019,1,13,6,VRB02KT,10,09
2019-01-13 07:00:00.000,2019,1,13,7,VRB02KT,11,09
2019-01-13 08:00:00.000,2019,1,13,8,VRB02KT,11,08
2019-01-13 09:00:00.000,2019,1,13,9,VRB02KT,11,09
2019-01-13 10:00:00.000,2019,1,13,10,VRB02KT,10,09
2019-01-13 11:00:00.000,2019,1,13,11,04003KT,09,08
2019-01-13 12:00:00.000,2019,1,13,12,04004KT,11,09
2019-01-13 13:00:00.000,2019,1,13,13,02004KT,12,09
2019-01-13 14:00:00.000,2019,1,13,14,01003KT,16,08
2019-01-13 15:00:00.000,2019,1,13,15,08004KT,17,06
2019-01-13 16:00:00.000,2019,1,13,16,34005KT,19,05
2019-01-13 17:00:00.000,2019,1,13,17,04007KT,19,06
2019-01-13 18:00:00.000,2019,1,13,18,VRB04KT,19,05
2019-01-13 19:00:00.000,2019,1,13,19,23010KT,18,10
2019-01-13 20:00:00.000,2019,1,13,20,23008KT,18,10
2019-01-13 21:00:00.000,2019,1,13,21,29011KT,17,10
2019-01-13 22:00:00.000,2019,1,13,22,22008KT,16,10
2019-01-13 23:00:00.000,2019,1,13,23,26007KT,15,10
2019-01-14 00:00:00.000,2019,1,14,0,VRB02KT,14,10
2019-01-14 01:00:00.000,2019,1,14,1,02004KT,13,11
2019-01-14 02:00:00.000,2019,1,14,2,VRB02KT,12,11
2019-01-14 03:00:00.000,2019,1,14,3,VRB02KT,12,11
2019-01-14 04:00:00.000,2019,1,14,4,VRB02KT,13,10
2019-01-14 05:00:00.000,2019,1,14,5,VRB02KT,12,10
2019-01-14 06:00:00.000,2019,1,14,6,VRB02KT,12,10
2019-01-14 07:00:00.000,2019,1,14,7,00000KT,11,10
2019-01-14 08:00:00.000,2019,1,14,8,31003KT,12,10
2019-01-14 09:00:00.000,2019,1,14,9,27003KT,12,10
2019-01-14 10:00:00.000,2019,1,14,10,04004KT,12,10
2019-01-14 11:00:00.000,2019,1,14,11,08005KT,12,09
2019-01-14 12:00:00.000,2019,1,14,12,01003KT,11,09
2019-01-14 13:00:00.000,2019,1,14,13,03006KT,12,10
2019-01-14 14:00:00.000,2019,1,14,14,10008KT,15,08
2019-01-14 15:00:00.000,2019,1,14,15,09007KT,15,07
2019-01-14 16:00:00.000,2019,1,14,16,13009KT,16,07
2019-01-14 17:00:00.000,2019,1,14,17,12009KT,17,08
2019-01-14 18:00:00.000,2019,1,14,18,14009KT,18,08
2019-01-14 19:00:00.000,2019,1,14,19,06008KT,18,07
2019-01-14 20:00:00.000,2019,1,14,20,11007KT,18,07
2019-01-14 21:00:00.000,2019,1,14,21,25007KT,16,09
2019-01-14 22:00:00.000,2019,1,14,22,31006KT,16,09
2019-01-14 23:00:00.000,2019,1,14,23,30005KT,15,09
2019-01-15 00:00:00.000,2019,1,15,0,35003KT,14,10
2019-01-15 01:00:00.000,2019,1,15,1,05005KT,14,09
2019-01-15 02:00:00.000,2019,1,15,2,21005KT,14,10
2019-01-15 03:00:00.000,2019,1,15,3,VRB03KT,14,09
2019-01-15 04:00:00.000,2019,1,15,4,30003KT,13,10
2019-01-15 05:00:00.000,2019,1,15,5,03004KT,12,08
2019-01-15 06:00:00.000,2019,1,15,6,00000KT,10,08
2019-01-15 07:00:00.000,2019,1,15,7,07004KT,10,08
2019-01-15 08:00:00.000,2019,1,15,8,05004KT,10,08
2019-01-15 09:00:00.000,2019,1,15,9,04004KT,11,08
2019-01-15 10:00:00.000,2019,1,15,10,05004KT,10,08
2019-01-15 11:00:00.000,2019,1,15,11,03004KT,09,08
2019-01-15 12:00:00.000,2019,1,15,12,04005KT,11,08
2019-01-15 13:00:00.000,2019,1,15,13,07008KT,14,08
2019-01-15 14:00:00.000,2019,1,15,14,07010KT,17,07
2019-01-15 15:00:00.000,2019,1,15,15,VRB08G19KT,18,08
2019-01-15 16:00:00.000,2019,1,15,16,17008KT,19,06
2019-01-15 17:00:00.000,2019,1,15,17,17010KT,20,06
2019-01-15 18:00:00.000,2019,1,15,18,10005KT,20,07
2019-01-15 19:00:00.000,2019,1,15,19,15011KT,20,06
2019-01-15 20:00:00.000,2019,1,15,20,13011KT,19,07
2019-01-15 21:00:00.000,2019,1,15,21,12008KT,19,07
2019-01-15 22:00:00.000,2019,1,15,22,10007KT,19,07
2019-01-15 23:00:00.000,2019,1,15,23,21006KT,17,10
2019-01-16 00:00:00.000,2019,1,16,0,30004KT,14,10
2019-01-16 01:00:00.000,2019,1,16,1,VRB02KT,11,10
2019-01-16 02:00:00.000,2019,1,16,2,00000KT,11,10
2019-01-16 03:00:00.000,2019,1,16,3,33003KT,12,11
2019-01-16 04:00:00.000,2019,1,16,4,VRB02KT,12,10
2019-01-16 05:00:00.000,2019,1,16,5,01003KT,12,09
2019-01-16 06:00:00.000,2019,1,16,6,05004KT,12,10
2019-01-16 07:00:00.000,2019,1,16,7,04008KT,12,09
2019-01-16 08:00:00.000,2019,1,16,8,05004KT,10,08
2019-01-16 09:00:00.000,2019,1,16,9,05005KT,10,08
2019-01-16 10:00:00.000,2019,1,16,10,VRB02KT,10,08
2019-01-16 11:00:00.000,2019,1,16,11,04003KT,08,07
2019-01-16 12:00:00.000,2019,1,16,12,05003KT,12,09
2019-01-16 13:00:00.000,2019,1,16,13,05008KT,14,09
2019-01-16 14:00:00.000,2019,1,16,14,03009KT,16,09
2019-01-16 15:00:00.000,2019,1,16,15,06008KT,17,08
2019-01-16 16:00:00.000,2019,1,16,16,03006KT,16,08
2019-01-16 17:00:00.000,2019,1,16,17,03004KT,16,08
2019-01-16 18:00:00.000,2019,1,16,18,VRB03KT,17,07
2019-01-16 19:00:00.000,2019,1,16,19,09005KT,17,08
2019-01-16 20:00:00.000,2019,1,16,20,09007KT,18,08
2019-01-16 21:00:00.000,2019,1,16,21,VRB05KT,19,07
2019-01-16 22:00:00.000,2019,1,16,22,19006KT,18,07
2019-01-16 23:00:00.000,2019,1,16,23,03007KT,16,08
2019-01-17 00:00:00.000,2019,1,17,0,14004KT,15,09
2019-01-17 01:00:00.000,2019,1,17,1,36003KT,13,09
2019-01-17 02:00:00.000,2019,1,17,2,VRB02KT,12,08
2019-01-17 03:00:00.000,2019,1,17,3,04005KT,108,07
2019-01-17 04:00:00.000,2019,1,17,4,05008KT,11,08
2019-01-17 05:00:00.000,2019,1,17,5,VRB02KT,11,08
2019-01-17 06:00:00.000,2019,1,17,6,04004KT,09,07
2019-01-17 07:00:00.000,2019,1,17,7,04004KT,10,08
2019-01-17 08:00:00.000,2019,1,17,8,03006KT,09,08
2019-01-17 09:00:00.000,2019,1,17,9,VRB02KT,10,08
2019-01-17 10:00:00.000,2019,1,17,10,05004KT,10,08
2019-01-17 11:00:00.000,2019,1,17,11,VRB02KT,10,08
2019-01-17 12:00:00.000,2019,1,17,12,04004KT,11,08
2019-01-17 13:00:00.000,2019,1,17,13,05005KT,12,09
2019-01-17 14:00:00.000,2019,1,17,14,08004KT,15,08
2019-01-17 15:00:00.000,2019,1,17,15,09004KT,16,07
2019-01-17 16:00:00.000,2019,1,17,16,09005KT,17,08
2019-01-17 17:00:00.000,2019,1,17,17,09007KT,18,07
2019-01-17 18:00:00.000,2019,1,17,18,09006KT,19,06
2019-01-17 19:00:00.000,2019,1,17,19,11006KT,19,05
2019-01-17 20:00:00.000,2019,1,17,20,32006KT,20,05
2019-01-17 21:00:00.000,2019,1,17,21,16006KT,22,05
2019-01-17 22:00:00.000,2019,1,17,22,23006KT,19,09
2019-01-17 23:00:00.000,2019,1,17,23,31008KT,16,11
2019-01-18 00:00:00.000,2019,1,18,0,28005KT,14,11
2019-01-18 01:00:00.000,2019,1,18,1,VRB02KT,12,10
2019-01-18 02:00:00.000,2019,1,18,2,03003KT,11,10
2019-01-18 03:00:00.000,2019,1,18,3,08005KT,14,08
2019-01-18 04:00:00.000,2019,1,18,4,02004KT,11,07
2019-01-18 05:00:00.000,2019,1,18,5,02005KT,11,09
2019-01-18 06:00:00.000,2019,1,18,6,04007KT,13,09
2019-01-18 07:00:00.000,2019,1,18,7,VRB02KT,12,10
2019-01-18 08:00:00.000,2019,1,18,8,35003KT,11,10
2019-01-18 09:00:00.000,2019,1,18,9,07005KT,12,08
2019-01-18 10:00:00.000,2019,1,18,10,04008KT,09,07
2019-01-18 11:00:00.000,2019,1,18,11,05005KT,08,05
2019-01-18 12:00:00.000,2019,1,18,12,05008KT,10,08
2019-01-18 13:00:00.000,2019,1,18,13,05007KT,13,09
2019-01-18 14:00:00.000,2019,1,18,14,06006KT,14,09
2019-01-18 15:00:00.000,2019,1,18,15,10005KT,17,08
2019-01-18 16:00:00.000,2019,1,18,16,11011KT,18,08
2019-01-18 17:00:00.000,2019,1,18,17,12011KT,18,08
2019-01-18 18:00:00.000,2019,1,18,18,12012KT,18,09
2019-01-18 19:00:00.000,2019,1,18,19,13010KT,18,08
2019-01-18 20:00:00.000,2019,1,18,20,13010KT,19,08
2019-01-18 21:00:00.000,2019,1,18,21,12009KT,17,08
2019-01-18 22:00:00.000,2019,1,18,22,12011KT,19,08
2019-01-18 23:00:00.000,2019,1,18,23,06007KT,15,09
2019-01-19 00:00:00.000,2019,1,19,0,07008KT,14,08
2019-01-19 01:00:00.000,2019,1,19,1,05006KT,12,08
2019-01-19 02:00:00.000,2019,1,19,2,07006KT,13,07
2019-01-19 03:00:00.000,2019,1,19,3,03005KT,11,07
2019-01-19 04:00:00.000,2019,1,19,4,04004KT,12,08
2019-01-19 05:00:00.000,2019,1,19,5,06005KT,11,07
2019-01-19 06:00:00.000,2019,1,19,6,04007KT,10,07
2019-01-19 07:00:00.000,2019,1,19,7,05005KT,10,08
2019-01-19 08:00:00.000,2019,1,19,8,05007KT,11,09
2019-01-19 09:00:00.000,2019,1,19,9,36003KT,11,08
2019-01-19 10:00:00.000,2019,1,19,10,VRB02KT,11,09
2019-01-19 11:00:00.000,2019,1,19,11,VRB02KT,11,09
2019-01-19 12:00:00.000,2019,1,19,12,VRB02KT,12,10
2019-01-19 13:00:00.000,2019,1,19,13,36003KT,14,10
2019-01-19 14:00:00.000,2019,1,19,14,05006KT,16,09
2019-01-19 15:00:00.000,2019,1,19,15,10008KT,17,09
2019-01-19 16:00:00.000,2019,1,19,16,14009KT,18,08
2019-01-19 17:00:00.000,2019,1,19,17,15010KT,18,07
2019-01-19 18:00:00.000,2019,1,19,18,13008KT,18,08
2019-01-19 19:00:00.000,2019,1,19,19,13008KT,20,08
2019-01-19 20:00:00.000,2019,1,19,20,15008KT,21,08
2019-01-19 21:00:00.000,2019,1,19,21,12010KT,19,08
2019-01-19 22:00:00.000,2019,1,19,22,14009KT,19,07
2019-01-19 23:00:00.000,2019,1,19,23,16010KT,17,08
2019-01-20 00:00:00.000,2019,1,20,0,13007KT,16,08
2019-01-20 01:00:00.000,2019,1,20,1,11006KT,16,08
2019-01-20 02:00:00.000,2019,1,20,2,13007KT,16,08
2019-01-20 03:00:00.000,2019,1,20,3,14005KT,15,08
2019-01-20 04:00:00.000,2019,1,20,4,09005KT,15,08
2019-01-20 05:00:00.000,2019,1,20,5,05004KT,12,09
2019-01-20 06:00:00.000,2019,1,20,6,30003KT,11,08
2019-01-20 07:00:00.000,2019,1,20,7,02005KT,12,09
2019-01-20 08:00:00.000,2019,1,20,8,VRB02KT,11,09
2019-01-20 09:00:00.000,2019,1,20,9,03004KT,11,09
2019-01-20 10:00:00.000,2019,1,20,10,02008KT,11,10
2019-01-20 11:00:00.000,2019,1,20,11,04005KT,11,10
2019-01-20 12:00:00.000,2019,1,20,12,VRB02KT,12,10
2019-01-20 13:00:00.000,2019,1,20,13,13010KT,17,08
2019-01-20 14:00:00.000,2019,1,20,14,11010KT,18,07
2019-01-20 15:00:00.000,2019,1,20,15,12010KT,17,07
2019-01-20 16:00:00.000,2019,1,20,16,11009KT,18,08
2019-01-20 17:00:00.000,2019,1,20,17,11007KT,18,08
2019-01-20 18:00:00.000,2019,1,20,18,11010KT,19,08
2019-01-20 19:00:00.000,2019,1,20,19,12010KT,19,08
2019-01-20 20:00:00.000,2019,1,20,20,13010KT,20,08
2019-01-20 21:00:00.000,2019,1,20,21,14012KT,18,08
2019-01-20 22:00:00.000,2019,1,20,22,15008KT,18,08
2019-01-20 23:00:00.000,2019,1,20,23,09005KT,17,08
2019-01-21 00:00:00.000,2019,1,21,0,05009KT,15,09
2019-01-21 01:00:00.000,2019,1,21,1,05010KT,13,09
2019-01-21 02:00:00.000,2019,1,21,2,06007KT,12,09
2019-01-21 03:00:00.000,2019,1,21,3,07003KT,11,09
2019-01-21 04:00:00.000,2019,1,21,4,08003KT,11,08
2019-01-21 05:00:00.000,2019,1,21,5,05005KT,10,08
2019-01-21 06:00:00.000,2019,1,21,6,06005KT,09,07
2019-01-21 07:00:00.000,2019,1,21,7,VRB02KT,08,07
2019-01-21 08:00:00.000,2019,1,21,8,06004KT,08,07
2019-01-21 09:00:00.000,2019,1,21,9,02004KT,08,07
2019-01-21 10:00:00.000,2019,1,21,10,36003KT,07,06
2019-01-21 11:00:00.000,2019,1,21,11,VRB02KT,08,07
2019-01-21 12:00:00.000,2019,1,21,12,35003KT,09,08
2019-01-21 13:00:00.000,2019,1,21,13,03006KT,10,09
2019-01-21 14:00:00.000,2019,1,21,14,04005KT,14,09
2019-01-21 15:00:00.000,2019,1,21,15,06004KT,15,09
2019-01-21 16:00:00.000,2019,1,21,16,35003KT,17,08
2019-01-21 17:00:00.000,2019,1,21,17,04004KT,18,09
2019-01-21 18:00:00.000,2019,1,21,18,05010KT,19,09
2019-01-21 19:00:00.000,2019,1,21,19,04005KT,18,09
2019-01-21 20:00:00.000,2019,1,21,20,12008KT,19,08
2019-01-21 21:00:00.000,2019,1,21,21,17007KT,19,08
2019-01-21 22:00:00.000,2019,1,21,22,11006KT,19,07
2019-01-21 23:00:00.000,2019,1,21,23,13006KT,18,07
2019-01-22 00:00:00.000,2019,1,22,0,12007KT,16,08
2019-01-22 01:00:00.000,2019,1,22,1,08004KT,14,08
2019-01-22 02:00:00.000,2019,1,22,2,33003KT,11,08
2019-01-22 03:00:00.000,2019,1,22,3,03003KT,09,07
2019-01-22 04:00:00.000,2019,1,22,4,04003KT,10,08
2019-01-22 05:00:00.000,2019,1,22,5,VRB03KT,12,08
2019-01-22 06:00:00.000,2019,1,22,6,04006KT,12,09
2019-01-22 07:00:00.000,2019,1,22,7,24005KT,12,09
2019-01-22 08:00:00.000,2019,1,22,8,04005KT,12,09
2019-01-22 09:00:00.000,2019,1,22,9,01003KT,12,09
2019-01-22 10:00:00.000,2019,1,22,10,04006KT,12,09
2019-01-22 11:00:00.000,2019,1,22,11,04005KT,12,09
2019-01-22 12:00:00.000,2019,1,22,12,04005KT,12,09
2019-01-22 13:00:00.000,2019,1,22,13,05005KT,14,07
2019-01-22 14:00:00.000,2019,1,22,14,10007KT,15,08
2019-01-22 15:00:00.000,2019,1,22,15,12009KT,16,07
2019-01-22 16:00:00.000,2019,1,22,16,13008KT,16,08
2019-01-22 17:00:00.000,2019,1,22,17,09006KT,17,13
2019-01-22 18:00:00.000,2019,1,22,18,13012KT,18,07
2019-01-22 19:00:00.000,2019,1,22,19,16006KT,19,08
2019-01-22 20:00:00.000,2019,1,22,20,16006KT,18,07
2019-01-22 21:00:00.000,2019,1,22,21,13012KT,18,07
2019-01-22 22:00:00.000,2019,1,22,22,11009KT,17,08
2019-01-22 23:00:00.000,2019,1,22,23,13008KT,16,08
2019-01-23 00:00:00.000,2019,1,23,0,13010KT,14,09
2019-01-23 01:00:00.000,2019,1,23,1,12008KT,14,08
2019-01-23 02:00:00.000,2019,1,23,2,10005KT,14,08
2019-01-23 03:00:00.000,2019,1,23,3,10008KT,14,09
2019-01-23 04:00:00.000,2019,1,23,4,10008KT,14,09
2019-01-23 05:00:00.000,2019,1,23,5,VRB05KT,13,08
2019-01-23 06:00:00.000,2019,1,23,6,12003KT,13,08
2019-01-23 07:00:00.000,2019,1,23,7,14004KT,13,08
2019-01-23 08:00:00.000,2019,1,23,8,VRB02KT,11,08
2019-01-23 09:00:00.000,2019,1,23,9,VRB02KT,13,08
2019-01-23 10:00:00.000,2019,1,23,10,VRB02KT,13,08
2019-01-23 11:00:00.000,2019,1,23,11,11004KT,13,08
2019-01-23 12:00:00.000,2019,1,23,12,09003KT,12,08
2019-01-23 13:00:00.000,2019,1,23,13,10008KT,16,09
2019-01-23 14:00:00.000,2019,1,23,14,09006KT,16,09
2019-01-23 15:00:00.000,2019,1,23,15,09007KT,17,08
2019-01-23 16:00:00.000,2019,1,23,16,13011KT,18,08
2019-01-23 17:00:00.000,2019,1,23,17,12006KT,18,08
2019-01-23 18:00:00.000,2019,1,23,18,13010KT,18,08
2019-01-23 19:00:00.000,2019,1,23,19,14013KT,18,089
2019-01-23 20:00:00.000,2019,1,23,20,17011KT,18,08
2019-01-23 21:00:00.000,2019,1,23,21,17009KT,18,08
2019-01-23 22:00:00.000,2019,1,23,22,15010KT,18,08
2019-01-23 23:00:00.000,2019,1,23,23,16012KT,17,07
2019-01-24 00:00:00.000,2019,1,24,0,15009KT,15,07
2019-01-24 01:00:00.000,2019,1,24,1,12007KT,15,07
2019-01-24 02:00:00.000,2019,1,24,2,08005KT,15,08
2019-01-24 03:00:00.000,2019,1,24,3,10005KT,14,08
2019-01-24 04:00:00.000,2019,1,24,4,10005KT,14,08
2019-01-24 05:00:00.000,2019,1,24,5,VRB02KT,15,08
2019-01-24 06:00:00.000,2019,1,24,6,17005KT,14,08
2019-01-24 07:00:00.000,2019,1,24,7,14006KT,14,08
2019-01-24 08:00:00.000,2019,1,24,8,18005KT,14,09
2019-01-24 09:00:00.000,2019,1,24,9,VRB02KT,14,08
2019-01-24 10:00:00.000,2019,1,24,10,16003KT,12,08
2019-01-24 11:00:00.000,2019,1,24,11,VRB02KT,12,09
2019-01-24 12:00:00.000,2019,1,24,12,11004KT,14,08
2019-01-24 13:00:00.000,2019,1,24,13,08004KT,15,09
2019-01-24 14:00:00.000,2019,1,24,14,10005KT,16,09
2019-01-24 15:00:00.000,2019,1,24,15,10008KT,16,09
2019-01-24 16:00:00.000,2019,1,24,16,09010KT,17,09
2019-01-24 17:00:00.000,2019,1,24,17,09006KT,20,09
2019-01-24 18:00:00.000,2019,1,24,18,15009G20KT,22,06
2019-01-24 19:00:00.000,2019,1,24,19,17014KT,23,06
2019-01-24 20:00:00.000,2019,1,24,20,17013KT,23,06
2019-01-24 21:00:00.000,2019,1,24,21,16015KT,21,06
2019-01-24 22:00:00.000,2019,1,24,22,18015KT,20,07
2019-01-24 23:00:00.000,2019,1,24,23,17013KT,17,07
2019-01-25 00:00:00.000,2019,1,25,0,14009KT,15,07
2019-01-25 01:00:00.000,2019,1,25,1,13005KT,14,08
2019-01-25 02:00:00.000,2019,1,25,2,11003KT,14,08
2019-01-25 03:00:00.000,2019,1,25,3,VRB02KT,12,08
2019-01-25 04:00:00.000,2019,1,25,4,04004KT,10,09
2019-01-25 05:00:00.000,2019,1,25,5,04004KT,10,07
2019-01-25 06:00:00.000,2019,1,25,6,02006KT,10,09
2019-01-25 07:00:00.000,2019,1,25,7,VRB02KT,11,09
2019-01-25 08:00:00.000,2019,1,25,8,30004KT,10,08
2019-01-25 09:00:00.000,2019,1,25,9,VRB02KT,08,07
2019-01-25 10:00:00.000,2019,1,25,10,00000KT,09,08
2019-01-25 11:00:00.000,2019,1,25,11,03004KT,10,08
2019-01-25 12:00:00.000,2019,1,25,12,VRB02KT,12,09
2019-01-25 13:00:00.000,2019,1,25,13,03005KT,14,09
2019-01-25 14:00:00.000,2019,1,25,14,04003KT,17,09
2019-01-25 15:00:00.000,2019,1,25,15,07004KT,18,10
2019-01-25 16:00:00.000,2019,1,25,16,15006KT,20,10
2019-01-25 17:00:00.000,2019,1,25,17,15006KT,20,08
2019-01-25 18:00:00.000,2019,1,25,18,10006KT,22,07
2019-01-25 19:00:00.000,2019,1,25,19,11007KT,21,06
2019-01-25 20:00:00.000,2019,1,25,20,25007KT,20,09
2019-01-25 21:00:00.000,2019,1,25,21,28011KT,18,12
2019-01-25 22:00:00.000,2019,1,25,22,27010KT,17,11
2019-01-25 23:00:00.000,2019,1,25,23,26007KT,16,12
2019-01-26 00:00:00.000,2019,1,26,0,24005KT,15,12
2019-01-26 01:00:00.000,2019,1,26,1,24003KT,14,12
2019-01-26 02:00:00.000,2019,1,26,2,VRB02KT,13,11
2019-01-26 03:00:00.000,2019,1,26,3,VRB02KT,13,11
2019-01-26 04:00:00.000,2019,1,26,4,32004KT,13,12
2019-01-26 05:00:00.000,2019,1,26,5,VRB02KT,13,11
2019-01-26 06:00:00.000,2019,1,26,6,VRB02KT,11,10
2019-01-26 07:00:00.000,2019,1,26,7,00000KT,11,10
2019-01-26 08:00:00.000,2019,1,26,8,03003KT,09,08
2019-01-26 09:00:00.000,2019,1,26,9,04005KT,08,07
2019-01-26 10:00:00.000,2019,1,26,10,02003KT,08,08
2019-01-26 11:00:00.000,2019,1,26,11,VRB02KT,08,08
2019-01-26 12:00:00.000,2019,1,26,12,03003KT,09,09
2019-01-26 13:00:00.000,2019,1,26,13,04005KT,11,10
2019-01-26 14:00:00.000,2019,1,26,14,03004KT,15,10
2019-01-26 15:00:00.000,2019,1,26,15,11008KT,18,09
2019-01-26 16:00:00.000,2019,1,26,16,13008KT,20,08
2019-01-26 17:00:00.000,2019,1,26,17,14008KT,21,07
2019-01-26 18:00:00.000,2019,1,26,18,15010KT,22,07
2019-01-26 19:00:00.000,2019,1,26,19,19009KT,22,05
2019-01-26 20:00:00.000,2019,1,26,20,19012KT,22,05
2019-01-26 21:00:00.000,2019,1,26,21,20011KT,22,05
2019-01-26 22:00:00.000,2019,1,26,22,20011KT,21,05
2019-01-26 23:00:00.000,2019,1,26,23,23009KT,18,12
2019-01-27 00:00:00.000,2019,1,27,0,25004KT,15,12
2019-01-27 01:00:00.000,2019,1,27,1,36003KT,12,10
2019-01-27 02:00:00.000,2019,1,27,2,06004KT,11,10
2019-01-27 03:00:00.000,2019,1,27,3,03004KT,13,09
2019-01-27 04:00:00.000,2019,1,27,4,VRB02KT,11,08
2019-01-27 05:00:00.000,2019,1,27,5,03003KT,10,08
2019-01-27 06:00:00.000,2019,1,27,6,36003KT,10,08
2019-01-27 07:00:00.000,2019,1,27,7,01003KT,08,07
2019-01-27 08:00:00.000,2019,1,27,8,35004KT,09,08
2019-01-27 09:00:00.000,2019,1,27,9,30003KT,07,07
2019-01-27 10:00:00.000,2019,1,27,10,04005KT,08,07
2019-01-27 11:00:00.000,2019,1,27,11,01003KT,07,06
2019-01-27 12:00:00.000,2019,1,27,12,03003KT,08,08
2019-01-27 13:00:00.000,2019,1,27,13,06004KT,11,10
2019-01-27 14:00:00.000,2019,1,27,14,04004KT,14,10
2019-01-27 15:00:00.000,2019,1,27,15,31004KT,17,10
2019-01-27 16:00:00.000,2019,1,27,16,04005KT,19,08
2019-01-27 17:00:00.000,2019,1,27,17,27003KT,20,08
2019-01-27 18:00:00.000,2019,1,27,18,29010KT,21,10
2019-01-27 19:00:00.000,2019,1,27,19,23012KT,19,10
2019-01-27 20:00:00.000,2019,1,27,20,28012KT,21,10
2019-01-27 21:00:00.000,2019,1,27,21,25012KT,20,11
2019-01-27 22:00:00.000,2019,1,27,22,28011KT,19,11
2019-01-27 23:00:00.000,2019,1,27,23,25008KT,17,11
2019-01-28 00:00:00.000,2019,1,28,0,30004KT,16,12
2019-01-28 01:00:00.000,2019,1,28,1,VRB02KT,14,11
2019-01-28 02:00:00.000,2019,1,28,2,VRB02KT,13,11
2019-01-28 03:00:00.000,2019,1,28,3,VRB02KT,11,10
2019-01-28 04:00:00.000,2019,1,28,4,33005KT,10,09
2019-01-28 05:00:00.000,2019,1,28,5,VRB02KT,10,09
2019-01-28 06:00:00.000,2019,1,28,6,32004KT,10,09
2019-01-28 07:00:00.000,2019,1,28,7,00000KT,11,10
2019-01-28 08:00:00.000,2019,1,28,8,VRB02KT,10,09
2019-01-28 09:00:00.000,2019,1,28,9,29004KT,08,07
2019-01-28 10:00:00.000,2019,1,28,10,30009KT,09,08
2019-01-28 11:00:00.000,2019,1,28,11,VRB02KT,09,08
2019-01-28 12:00:00.000,2019,1,28,12,VRB02KT,12,10
2019-01-28 13:00:00.000,2019,1,28,13,03004KT,14,11
2019-01-28 14:00:00.000,2019,1,28,14,VRB02KT,17,11
2019-01-28 15:00:00.000,2019,1,28,15,VRB02KT,20,11
2019-01-28 16:00:00.000,2019,1,28,16,VRB08KT,20,09
2019-01-28 17:00:00.000,2019,1,28,17,31014KT,20,11
2019-01-28 18:00:00.000,2019,1,28,18,27015KT,18,10
2019-01-28 19:00:00.000,2019,1,28,19,VRB07KT,14,11
2019-01-28 20:00:00.000,2019,1,28,20,VRB03KT,14,12
2019-01-28 21:00:00.000,2019,1,28,21,01003KT,14,12
2019-01-28 22:00:00.000,2019,1,28,22,01003KT,14,11
2019-01-28 23:00:00.000,2019,1,28,23,33005KT,14,12
2019-01-29 00:00:00.000,2019,1,29,0,34003KT,13,11
2019-01-29 01:00:00.000,2019,1,29,1,VRB02KT,13,11
2019-01-29 02:00:00.000,2019,1,29,2,VRB02KT,14,10
2019-01-29 03:00:00.000,2019,1,29,3,31004KT,13,11
2019-01-29 04:00:00.000,2019,1,29,4,26004KT,13,11
2019-01-29 05:00:00.000,2019,1,29,5,VRB02KT,13,11
2019-01-29 06:00:00.000,2019,1,29,6,31003KT,12,11
2019-01-29 07:00:00.000,2019,1,29,7,12004KT,12,11
2019-01-29 08:00:00.000,2019,1,29,8,03003KT,12,10
2019-01-29 09:00:00.000,2019,1,29,9,VRB02KT,11,10
2019-01-29 10:00:00.000,2019,1,29,10,VRB02KT,11,10
2019-01-29 11:00:00.000,2019,1,29,11,VRB02KT,11,10
2019-01-29 12:00:00.000,2019,1,29,12,36003KT,12,10
2019-01-29 13:00:00.000,2019,1,29,13,04005KT,13,11
2019-01-29 14:00:00.000,2019,1,29,14,04007KT,14,11
2019-01-29 15:00:00.000,2019,1,29,15,06006KT,16,09
2019-01-29 16:00:00.000,2019,1,29,16,07006KT,17,09
2019-01-29 17:00:00.000,2019,1,29,17,04005KT,18,09
2019-01-29 18:00:00.000,2019,1,29,18,09004KT,19,09
2019-01-29 19:00:00.000,2019,1,29,19,28012KT,17,11
2019-01-29 20:00:00.000,2019,1,29,20,29012KT,15,11
2019-01-29 21:00:00.000,2019,1,29,21,27008KT,16,11
2019-01-29 22:00:00.000,2019,1,29,22,27007KT,16,11
2019-01-29 23:00:00.000,2019,1,29,23,22004KT,16,11
2019-01-30 00:00:00.000,2019,1,30,0,23004KT,15,10
2019-01-30 01:00:00.000,2019,1,30,1,25004KT,14,10
2019-01-30 02:00:00.000,2019,1,30,2,24003KT,13,10
2019-01-30 03:00:00.000,2019,1,30,3,VRB02KT,13,10
2019-01-30 04:00:00.000,2019,1,30,4,32004KT,11,09
2019-01-30 05:00:00.000,2019,1,30,5,VRB02KT,09,08
2019-01-30 06:00:00.000,2019,1,30,6,VRB02KT,10,09
2019-01-30 07:00:00.000,2019,1,30,7,VRB02KT,08,07
2019-01-30 08:00:00.000,2019,1,30,8,29003KT,07,06
2019-01-30 09:00:00.000,2019,1,30,9,33003KT,06,06
2019-01-30 10:00:00.000,2019,1,30,10,VRB02KT,05,05
2019-01-30 11:00:00.000,2019,1,30,11,34003KT,04,04
2019-01-30 12:00:00.000,2019,1,30,12,VRB02KT,05,04
2019-01-30 13:00:00.000,2019,1,30,13,VRB02KT,10,09
2019-01-30 14:00:00.000,2019,1,30,14,VRB02KT,13,12
2019-01-30 15:00:00.000,2019,1,30,15,11003KT,18,09
2019-01-30 16:00:00.000,2019,1,30,16,24004KT,19,09
2019-01-30 17:00:00.000,2019,1,30,17,31006KT,20,09
2019-01-30 18:00:00.000,2019,1,30,18,28014KT,20,11
2019-01-30 19:00:00.000,2019,1,30,19,27013KT,19,11
2019-01-30 20:00:00.000,2019,1,30,20,29014KT,20,12
2019-01-30 21:00:00.000,2019,1,30,21,27011KT,18,11
2019-01-30 22:00:00.000,2019,1,30,22,30009KT,17,11
2019-01-30 23:00:00.000,2019,1,30,23,28008KT,16,11
2019-01-31 00:00:00.000,2019,1,31,0,27005KT,15,11
2019-01-31 01:00:00.000,2019,1,31,1,29004KT,14,12
2019-01-31 02:00:00.000,2019,1,31,2,VRB02KT,13,11
2019-01-31 03:00:00.000,2019,1,31,3,VRB02KT,13,11
2019-01-31 04:00:00.000,2019,1,31,4,VRB02KT,12,11
2019-01-31 05:00:00.000,2019,1,31,5,36004KT,11,10
2019-01-31 06:00:00.000,2019,1,31,6,VRB02KT,11,10
2019-01-31 07:00:00.000,2019,1,31,7,VRB02KT,09,08
2019-01-31 08:00:00.000,2019,1,31,8,VRB02KT,09,09
2019-01-31 09:00:00.000,2019,1,31,9,VRB02KT,10,09
2019-01-31 10:00:00.000,2019,1,31,10,25004KT,09,09
2019-01-31 11:00:00.000,2019,1,31,11,VRB02KT,09,09
2019-01-31 12:00:00.000,2019,1,31,12,VRB02KT,09,09
2019-01-31 13:00:00.000,2019,1,31,13,VRB02KT,11,10
2019-01-31 14:00:00.000,2019,1,31,14,04003KT,14,13
2019-01-31 15:00:00.000,2019,1,31,15,05003KT,18,10
2019-01-31 16:00:00.000,2019,1,31,16,32004KT,20,09
2019-01-31 17:00:00.000,2019,1,31,17,VRB02KT,20,09
2019-01-31 18:00:00.000,2019,1,31,18,26009KT,18,10
2019-01-31 19:00:00.000,2019,1,31,19,25008KT,19,11
2019-01-31 20:00:00.000,2019,1,31,20,26010KT,17,11
2019-01-31 21:00:00.000,2019,1,31,21,28009KT,17,12
2019-01-31 22:00:00.000,2019,1,31,22,28008KT,16,13
2019-01-31 23:00:00.000,2019,1,31,23,31006KT,15,14
2019-02-01 00:00:00.000,2019,2,1,0,36004KT,14,11
2019-02-01 01:00:00.000,2019,2,1,1,VRB02KT,14,11
2019-02-01 02:00:00.000,2019,2,1,2,VRB02KT,13,12
2019-02-01 03:00:00.000,2019,2,1,3,02004KT,13,12
2019-02-01 04:00:00.000,2019,2,1,4,23003KT,13,11
2019-02-01 05:00:00.000,2019,2,1,5,VRB02KT,12,11
2019-02-01 06:00:00.000,2019,2,1,6,00000KT,12,11
2019-02-01 07:00:00.000,2019,2,1,7,05003KT,12,11
2019-02-01 08:00:00.000,2019,2,1,8,08004KT,12,11
2019-02-01 09:00:00.000,2019,2,1,9,07003KT,12,11
2019-02-01 10:00:00.000,2019,2,1,10,07004KT,12,11
2019-02-01 11:00:00.000,2019,2,1,11,03003KT,11,10
2019-02-01 12:00:00.000,2019,2,1,12,03005KT,12,11
2019-02-01 13:00:00.000,2019,2,1,13,05007KT,14,10
2019-02-01 14:00:00.000,2019,2,1,14,09006KT,16,08
2019-02-01 15:00:00.000,2019,2,1,15,05006KT,18,09
2019-02-01 16:00:00.000,2019,2,1,16,13007KT,19,06
2019-02-01 17:00:00.000,2019,2,1,17,20004KT,21,08
2019-02-01 18:00:00.000,2019,2,1,18,03003KT,22,07
2019-02-01 19:00:00.000,2019,2,1,19,29013KT,21,12
2019-02-01 20:00:00.000,2019,2,1,20,27013KT,20,11
2019-02-01 21:00:00.000,2019,2,1,21,31009KT,17,13
2019-02-01 22:00:00.000,2019,2,1,22,24007KT,16,12
2019-02-01 23:00:00.000,2019,2,1,23,22007KT,15,13
2019-02-02 00:00:00.000,2019,2,2,0,26005KT,15,13
2019-02-02 01:00:00.000,2019,2,2,1,26005KT,14,11
2019-02-02 02:00:00.000,2019,2,2,2,36005KT,13,12
2019-02-02 03:00:00.000,2019,2,2,3,32003KT,13,11
2019-02-02 04:00:00.000,2019,2,2,4,VRB02KT,13,11
2019-02-02 05:00:00.000,2019,2,2,5,28005KT,13,12
2019-02-02 06:00:00.000,2019,2,2,6,VRB02KT,12,11
2019-02-02 07:00:00.000,2019,2,2,7,VRB02KT,11,10
2019-02-02 08:00:00.000,2019,2,2,8,27003KT,12,11
2019-02-02 09:00:00.000,2019,2,2,9,VRB03KT,12,12
2019-02-02 10:00:00.000,2019,2,2,10,32003KT,11,11
2019-02-02 11:00:00.000,2019,2,2,11,31005KT,11,10
2019-02-02 12:00:00.000,2019,2,2,12,00000KT,11,10
2019-02-02 13:00:00.000,2019,2,2,13,06004KT,12,111
2019-02-02 14:00:00.000,2019,2,2,14,09004KT,15,12
2019-02-02 15:00:00.000,2019,2,2,15,01004KT,17,09
2019-02-02 16:00:00.000,2019,2,2,16,34006KT,19,10
2019-02-02 17:00:00.000,2019,2,2,17,34006KT,19,10
2019-02-02 18:00:00.000,2019,2,2,18,30010KT,21,11
2019-02-02 19:00:00.000,2019,2,2,19,24012KT,22,12
2019-02-02 20:00:00.000,2019,2,2,20,26011KT,18,11
2019-02-02 21:00:00.000,2019,2,2,21,24007G17KT,18,12
2019-02-02 22:00:00.000,2019,2,2,22,25005KT,17,11
2019-02-02 23:00:00.000,2019,2,2,23,34005KT,17,11
2019-02-03 00:00:00.000,2019,2,3,0,24004KT,15,12
2019-02-03 01:00:00.000,2019,2,3,1,32003KT,14,12
2019-02-03 02:00:00.000,2019,2,3,2,VRB02KT,14,12
2019-02-03 03:00:00.000,2019,2,3,3,13003KT,15,10
2019-02-03 04:00:00.000,2019,2,3,4,18003KT,14,09
2019-02-03 05:00:00.000,2019,2,3,5,VRB02KT,12,09
2019-02-03 06:00:00.000,2019,2,3,6,VRB02KT,10,08
2019-02-03 07:00:00.000,2019,2,3,7,02003KT,10,09
2019-02-03 08:00:00.000,2019,2,3,8,02003KT,08,07
2019-02-03 09:00:00.000,2019,2,3,9,02003KT,08,07
2019-02-03 10:00:00.000,2019,2,3,10,03003KT,08,07
2019-02-03 11:00:00.000,2019,2,3,11,01003KT,07,06
2019-02-03 12:00:00.000,2019,2,3,12,VRB02KT,09,07
2019-02-03 13:00:00.000,2019,2,3,13,05005KT,12,08
2019-02-03 14:00:00.000,2019,2,3,14,35002KT,14,07
2019-02-03 15:00:00.000,2019,2,3,15,02008KT,16,06
2019-02-03 16:00:00.000,2019,2,3,16,36004KT,18,06
2019-02-03 17:00:00.000,2019,2,3,17,VRB03KT,20,07
2019-02-03 18:00:00.000,2019,2,3,18,09011KT,23,01
2019-02-03 19:00:00.000,2019,2,3,19,11010KT,23,01
2019-02-03 20:00:00.000,2019,2,3,20,13007KT,22,01
2019-02-03 21:00:00.000,2019,2,3,21,24012KT,19,08
2019-02-03 22:00:00.000,2019,2,3,22,29010KT,18,10
2019-02-03 23:00:00.000,2019,2,3,23,31006KT,16,11
2019-02-04 00:00:00.000,2019,2,4,0,36003KT,13,11
2019-02-04 01:00:00.000,2019,2,4,1,VRB02KT,12,10
2019-02-04 02:00:00.000,2019,2,4,2,35003KT,12,11
2019-02-04 03:00:00.000,2019,2,4,3,32003KT,11,07
2019-02-04 04:00:00.000,2019,2,4,4,35003KT,09,07
2019-02-04 05:00:00.000,2019,2,4,5,04004KT,11,08
2019-02-04 06:00:00.000,2019,2,4,6,36003KT,10,07
2019-02-04 07:00:00.000,2019,2,4,7,05003KT,11,07
2019-02-04 08:00:00.000,2019,2,4,8,04004KT,09,07
2019-02-04 09:00:00.000,2019,2,4,9,VRB02KT,10,07
2019-02-04 10:00:00.000,2019,2,4,10,26004KT,09,07
2019-02-04 11:00:00.000,2019,2,4,11,31003KT,07,06
2019-02-04 12:00:00.000,2019,2,4,12,05004KT,08,07
2019-02-04 13:00:00.000,2019,2,4,13,04005KT,12,08
2019-02-04 14:00:00.000,2019,2,4,14,11003KT,16,08
2019-02-04 15:00:00.000,2019,2,4,15,17004KT,17,07
2019-02-04 16:00:00.000,2019,2,4,16,24005KT,20,07
2019-02-04 17:00:00.000,2019,2,4,17,27007KT,20,07
2019-02-04 18:00:00.000,2019,2,4,18,27010KT,19,10
2019-02-04 19:00:00.000,2019,2,4,19,26010KT,19,10
2019-02-04 20:00:00.000,2019,2,4,20,29010KT,19,10
2019-02-04 21:00:00.000,2019,2,4,21,27011KT,18,10
2019-02-04 22:00:00.000,2019,2,4,22,31003KT,16,12
2019-02-04 23:00:00.000,2019,2,4,23,31004KT,15,12
2019-02-05 00:00:00.000,2019,2,5,0,VRB02KT,14,13
2019-02-05 01:00:00.000,2019,2,5,1,VRB02KT,14,13
2019-02-05 02:00:00.000,2019,2,5,2,30004KT,15,12
2019-02-05 03:00:00.000,2019,2,5,3,33004KT,13,11
2019-02-05 04:00:00.000,2019,2,5,4,05004KT,12,10
2019-02-05 05:00:00.000,2019,2,5,5,03005KT,11,09
2019-02-05 06:00:00.000,2019,2,5,6,04006KT,11,09
2019-02-05 07:00:00.000,2019,2,5,7,VRB02KT,10,09
2019-02-05 08:00:00.000,2019,2,5,8,VRB02KT,10,09
2019-02-05 09:00:00.000,2019,2,5,9,VRB02KT,10,09
2019-02-05 10:00:00.000,2019,2,5,10,VRB02KT,10,09
2019-02-05 11:00:00.000,2019,2,5,11,VRB02KT,10,09
2019-02-05 12:00:00.000,2019,2,5,12,VRB02KT,11,10
2019-02-05 13:00:00.000,2019,2,5,13,03004KT,12,10
2019-02-05 14:00:00.000,2019,2,5,14,01004KT,15,11
2019-02-05 15:00:00.000,2019,2,5,15,05004KT,16,09
2019-02-05 16:00:00.000,2019,2,5,16,35003KT,17,10
2019-02-05 17:00:00.000,2019,2,5,17,VRB02KT,18,09
2019-02-05 18:00:00.000,2019,2,5,18,32003KT,18,10
2019-02-05 19:00:00.000,2019,2,5,19,25007KT,18,12
2019-02-05 20:00:00.000,2019,2,5,20,VRB04KT,19,10
2019-02-05 21:00:00.000,2019,2,5,21,23005KT,18,12
2019-02-05 22:00:00.000,2019,2,5,22,25005KT,16,14
2019-02-05 23:00:00.000,2019,2,5,23,24007KT,16,13
2019-02-06 00:00:00.000,2019,2,6,0,VRB02KT,16,12
2019-02-06 01:00:00.000,2019,2,6,1,VRB02KT,15,12
2019-02-06 02:00:00.000,2019,2,6,2,35005KT,13,12
2019-02-06 03:00:00.000,2019,2,6,3,04003KT,13,11
2019-02-06 04:00:00.000,2019,2,6,4,06003KT,11,10
2019-02-06 05:00:00.000,2019,2,6,5,05007KT,11,09
2019-02-06 06:00:00.000,2019,2,6,6,VRB02KT,10,09
2019-02-06 07:00:00.000,2019,2,6,7,36005KT,08,07
2019-02-06 08:00:00.000,2019,2,6,8,02003KT,09,08
2019-02-06 09:00:00.000,2019,2,6,9,02003KT,09,08
2019-02-06 10:00:00.000,2019,2,6,10,17004KT,09,08
2019-02-06 11:00:00.000,2019,2,6,11,VRB02KT,08,07
2019-02-06 12:00:00.000,2019,2,6,12,06005KT,09,08
2019-02-06 13:00:00.000,2019,2,6,13,24004KT,12,10
2019-02-06 14:00:00.000,2019,2,6,14,21004KT,16,11
2019-02-06 15:00:00.000,2019,2,6,15,18006KT,19,10
2019-02-06 16:00:00.000,2019,2,6,16,08006KT,17,09
2019-02-06 17:00:00.000,2019,2,6,17,15009KT,17,09
2019-02-06 18:00:00.000,2019,2,6,18,04008KT,18,09
2019-02-06 19:00:00.000,2019,2,6,19,05011KT,18,09
2019-02-06 20:00:00.000,2019,2,6,20,05008KT,19,08
2019-02-06 21:00:00.000,2019,2,6,21,18005KT,19,07
2019-02-06 22:00:00.000,2019,2,6,22,25008KT,18,11
2019-02-06 23:00:00.000,2019,2,6,23,25006KT,17,11
2019-02-07 00:00:00.000,2019,2,7,0,VRB02KT,15,12
2019-02-07 01:00:00.000,2019,2,7,1,31003KT,14,11
2019-02-07 02:00:00.000,2019,2,7,2,VRB02KT,13,11
2019-02-07 03:00:00.000,2019,2,7,3,VRB02KT,13,11
2019-02-07 04:00:00.000,2019,2,7,4,00000KT,13,12
2019-02-07 05:00:00.000,2019,2,7,5,VRB02KT,13,11
2019-02-07 06:00:00.000,2019,2,7,6,03007KT,13,10
2019-02-07 07:00:00.000,2019,2,7,7,05005KT,12,09
2019-02-07 08:00:00.000,2019,2,7,8,04005KT,10,08
2019-02-07 09:00:00.000,2019,2,7,9,04004KT,10,08
2019-02-07 10:00:00.000,2019,2,7,10,05005KT,11,07
2019-02-07 11:00:00.000,2019,2,7,11,32003KT,11,09
2019-02-07 12:00:00.000,2019,2,7,12,02003KT,12,09
2019-02-07 13:00:00.000,2019,2,7,13,05005KT,12,09
2019-02-07 14:00:00.000,2019,2,7,14,03006KT,14,10
2019-02-07 15:00:00.000,2019,2,7,15,03008KT,17,10
2019-02-07 16:00:00.000,2019,2,7,16,01006KT,17,10
2019-02-07 17:00:00.000,2019,2,7,17,13003KT,19,07
2019-02-07 18:00:00.000,2019,2,7,18,02005KT,19,09
2019-02-07 19:00:00.000,2019,2,7,19,23005KT,18,10
2019-02-07 20:00:00.000,2019,2,7,20,23010KT,18,11
2019-02-07 21:00:00.000,2019,2,7,21,29011KT,17,11
2019-02-07 22:00:00.000,2019,2,7,22,27006KT,17,11
2019-02-07 23:00:00.000,2019,2,7,23,29006KT,16,10
2019-02-08 00:00:00.000,2019,2,8,0,30003KT,15,11
2019-02-08 01:00:00.000,2019,2,8,1,29003KT,15,11
2019-02-08 02:00:00.000,2019,2,8,2,33003KT,14,12
2019-02-08 03:00:00.000,2019,2,8,3,VRB02KT,15,12
2019-02-08 04:00:00.000,2019,2,8,4,VRB02KT,14,12
2019-02-08 05:00:00.000,2019,2,8,5,VRB02KT,14,12
2019-02-08 06:00:00.000,2019,2,8,6,VRB02KT,14,11
2019-02-08 07:00:00.000,2019,2,8,7,03005KT,13,11
2019-02-08 08:00:00.000,2019,2,8,8,VRB02KT,12,10
2019-02-08 09:00:00.000,2019,2,8,9,VRB02KT,12,10
2019-02-08 10:00:00.000,2019,2,8,10,02006KT,12,10
2019-02-08 11:00:00.000,2019,2,8,11,05005KT,12,10
2019-02-08 12:00:00.000,2019,2,8,12,03004KT,13,10
2019-02-08 13:00:00.000,2019,2,8,13,03006KT,14,10
2019-02-08 14:00:00.000,2019,2,8,14,04005KT,16,09
2019-02-08 15:00:00.000,2019,2,8,15,17005KT,18,07
2019-02-08 16:00:00.000,2019,2,8,16,07005KT,19,05
2019-02-08 17:00:00.000,2019,2,8,17,VRB05KT,20,06
2019-02-08 18:00:00.000,2019,2,8,18,15004KT,22,06
2019-02-08 19:00:00.000,2019,2,8,19,24008KT,19,10
2019-02-08 20:00:00.000,2019,2,8,20,30016KT,17,12
2019-02-08 21:00:00.000,2019,2,8,21,26010KT,18,12
2019-02-08 22:00:00.000,2019,2,8,22,25006KT,16,12
2019-02-08 23:00:00.000,2019,2,8,23,22006KT,15,12
2019-02-09 00:00:00.000,2019,2,9,0,31004KT,14,12
2019-02-09 01:00:00.000,2019,2,9,1,20004KT,14,13
2019-02-09 02:00:00.000,2019,2,9,2,31004KT,14,13
2019-02-09 03:00:00.000,2019,2,9,3,VRB02KT,14,12
2019-02-09 04:00:00.000,2019,2,9,4,32003KT,13,12
2019-02-09 05:00:00.000,2019,2,9,5,33003KT,13,12
2019-02-09 06:00:00.000,2019,2,9,6,34003KT,13,11
2019-02-09 07:00:00.000,2019,2,9,7,34003KT,12,11
2019-02-09 08:00:00.000,2019,2,9,8,22003KT,13,11
2019-02-09 09:00:00.000,2019,2,9,9,VRB02KT,12,11
2019-02-09 10:00:00.000,2019,2,9,10,01003KT,12,11
2019-02-09 11:00:00.000,2019,2,9,11,VRB02KT,12,10
2019-02-09 12:00:00.000,2019,2,9,12,04005KT,12,11
2019-02-09 13:00:00.000,2019,2,9,13,05006KT,13,11
2019-02-09 14:00:00.000,2019,2,9,14,04003KT,14,11
2019-02-09 15:00:00.000,2019,2,9,15,05006KT,15,11
2019-02-09 16:00:00.000,2019,2,9,16,06006KT,18,10
2019-02-09 17:00:00.000,2019,2,9,17,05009KT,18,09
2019-02-09 18:00:00.000,2019,2,9,18,10006KT,20,10
2019-02-09 19:00:00.000,2019,2,9,19,22010KT,20,12
2019-02-09 20:00:00.000,2019,2,9,20,24011KT,21,12
2019-02-09 21:00:00.000,2019,2,9,21,24010KT,20,11
2019-02-09 22:00:00.000,2019,2,9,22,25010KT,17,12
2019-02-09 23:00:00.000,2019,2,9,23,28006KT,16,12
2019-02-10 00:00:00.000,2019,2,10,0,24005KT,14,12
2019-02-10 01:00:00.000,2019,2,10,1,26003KT,14,12
2019-02-10 02:00:00.000,2019,2,10,2,VRB02KT,12,11
2019-02-10 03:00:00.000,2019,2,10,3,22003KT,14,12
2019-02-10 04:00:00.000,2019,2,10,4,VRB02KT,12,11
2019-02-10 05:00:00.000,2019,2,10,5,02003KT,11,10
2019-02-10 06:00:00.000,2019,2,10,6,03003KT,10,09
2019-02-10 07:00:00.000,2019,2,10,7,VRB02KT,11,09
2019-02-10 08:00:00.000,2019,2,10,8,VRB02KT,10,09
2019-02-10 09:00:00.000,2019,2,10,9,VRB02KT,10,09
2019-02-10 10:00:00.000,2019,2,10,10,VRB02KT,08,07
2019-02-10 11:00:00.000,2019,2,10,11,34003KT,06,06
2019-02-10 12:00:00.000,2019,2,10,12,VRB02KT,07,05
2019-02-10 13:00:00.000,2019,2,10,13,VRB02KT,12,11
2019-02-10 14:00:00.000,2019,2,10,14,07003KT,15,11
2019-02-10 15:00:00.000,2019,2,10,15,VRB02KT,17,09
2019-02-10 16:00:00.000,2019,2,10,16,02005KT,19,09
2019-02-10 17:00:00.000,2019,2,10,17,VRB05KT,20,08
2019-02-10 18:00:00.000,2019,2,10,18,08005KT,21,07
2019-02-10 19:00:00.000,2019,2,10,19,24012KT,18,11
2019-02-10 20:00:00.000,2019,2,10,20,24010KT,18,11
2019-02-10 21:00:00.000,2019,2,10,21,23010KT,18,11
2019-02-10 22:00:00.000,2019,2,10,22,28008KT,17,11
2019-02-10 23:00:00.000,2019,2,10,23,25007KT,16,12
2019-02-11 00:00:00.000,2019,2,11,0,VRB02KT,15,12
2019-02-11 01:00:00.000,2019,2,11,1,VRB02KT,14,12
2019-02-11 02:00:00.000,2019,2,11,2,36003KT,11,10
2019-02-11 03:00:00.000,2019,2,11,3,VRB02KT,12,11
2019-02-11 04:00:00.000,2019,2,11,4,04004KT,11,10
2019-02-11 05:00:00.000,2019,2,11,5,04004KT,10,09
2019-02-11 06:00:00.000,2019,2,11,6,VRB02KT,11,10
2019-02-11 07:00:00.000,2019,2,11,7,03003KT,10,09
2019-02-11 08:00:00.000,2019,2,11,8,VRB02KT,09,08
2019-02-11 09:00:00.000,2019,2,11,9,05006KT,11,09
2019-02-11 10:00:00.000,2019,2,11,10,04004KT,10,09
2019-02-11 11:00:00.000,2019,2,11,11,VRB02KT,09,08
2019-02-11 12:00:00.000,2019,2,11,12,02004KT,09,08
2019-02-11 13:00:00.000,2019,2,11,13,06004KT,13,10
2019-02-11 14:00:00.000,2019,2,11,14,03005KT,15,10
2019-02-11 15:00:00.000,2019,2,11,15,04005KT,18,09
2019-02-11 16:00:00.000,2019,2,11,16,25004KT,20,08
2019-02-11 17:00:00.000,2019,2,11,17,13004KT,21,07
2019-02-11 18:00:00.000,2019,2,11,18,26010KT,21,11
2019-02-11 19:00:00.000,2019,2,11,19,25010KT,20,11
2019-02-11 20:00:00.000,2019,2,11,20,24011KT,21,11
2019-02-11 21:00:00.000,2019,2,11,21,26010KT,19,12
2019-02-11 22:00:00.000,2019,2,11,22,29010KT,17,12
2019-02-11 23:00:00.000,2019,2,11,23,29009KT,16,13
2019-02-12 00:00:00.000,2019,2,12,0,32005KT,15,13
2019-02-12 01:00:00.000,2019,2,12,1,21003KT,15,10
2019-02-12 02:00:00.000,2019,2,12,2,VRB02KT,14,09
2019-02-12 03:00:00.000,2019,2,12,3,04005KT,11,08
2019-02-12 04:00:00.000,2019,2,12,4,05005KT,10,08
2019-02-12 05:00:00.000,2019,2,12,5,VRB02KT,10,08
2019-02-12 06:00:00.000,2019,2,12,6,04004KT,09,08
2019-02-12 07:00:00.000,2019,2,12,7,VRB02KT,10,08
2019-02-12 08:00:00.000,2019,2,12,8,03003KT,09,08
2019-02-12 09:00:00.000,2019,2,12,9,05006KT,08,07
2019-02-12 10:00:00.000,2019,2,12,10,01003KT,08,07
2019-02-12 11:00:00.000,2019,2,12,11,05003KT,07,06
2019-02-12 12:00:00.000,2019,2,12,12,06007KT,09,08
2019-02-12 13:00:00.000,2019,2,12,13,06005KT,12,09
2019-02-12 14:00:00.000,2019,2,12,14,04005KT,15,09
2019-02-12 15:00:00.000,2019,2,12,15,02004KT,18,07
2019-02-12 16:00:00.000,2019,2,12,16,05005KT,20,07
2019-02-12 17:00:00.000,2019,2,12,17,15007KT,22,06
2019-02-12 18:00:00.000,2019,2,12,18,15009KT,23,07
2019-02-12 19:00:00.000,2019,2,12,19,26010KT,20,11
2019-02-12 20:00:00.000,2019,2,12,20,25010KT,20,11
2019-02-12 21:00:00.000,2019,2,12,21,29010KT,19,13
2019-02-12 22:00:00.000,2019,2,12,22,28008KT,18,12
2019-02-12 23:00:00.000,2019,2,12,23,31005KT,16,12
2019-02-13 00:00:00.000,2019,2,13,0,34003KT,15,13
2019-02-13 01:00:00.000,2019,2,13,1,33005KT,13,11
2019-02-13 02:00:00.000,2019,2,13,2,27004KT,13,11
2019-02-13 03:00:00.000,2019,2,13,3,VRB02KT,11,09
2019-02-13 04:00:00.000,2019,2,13,4,34003KT,11,09
2019-02-13 05:00:00.000,2019,2,13,5,33003KT,10,09
2019-02-13 06:00:00.000,2019,2,13,6,VRB02KT,09,08
2019-02-13 07:00:00.000,2019,2,13,7,03004KT,08,07
2019-02-13 08:00:00.000,2019,2,13,8,VRB02KT,07,06
2019-02-13 09:00:00.000,2019,2,13,9,06003KT,08,07
2019-02-13 10:00:00.000,2019,2,13,10,34003KT,06,05
2019-02-13 11:00:00.000,2019,2,13,11,VRB02KT,06,06
2019-02-13 12:00:00.000,2019,2,13,12,06004KT,07,07
2019-02-13 13:00:00.000,2019,2,13,13,04006KT,13,09
2019-02-13 14:00:00.000,2019,2,13,14,06007KT,16,08
2019-02-13 15:00:00.000,2019,2,13,15,VRB04KT,19,07
2019-02-13 16:00:00.000,2019,2,13,16,VRB04KT,20,07
2019-02-13 17:00:00.000,2019,2,13,17,08007KT,21,06
2019-02-13 18:00:00.000,2019,2,13,18,10008KT,22,07
2019-02-13 19:00:00.000,2019,2,13,19,12008KT,23,08
2019-02-13 20:00:00.000,2019,2,13,20,22008KT,22,10
2019-02-13 21:00:00.000,2019,2,13,21,27014KT,19,11
2019-02-13 22:00:00.000,2019,2,13,22,26012KT,17,13
2019-02-13 23:00:00.000,2019,2,13,23,28006KT,16,14
2019-02-14 00:00:00.000,2019,2,14,0,01005KT,15,13
2019-02-14 01:00:00.000,2019,2,14,1,VRB02KT,14,11
2019-02-14 02:00:00.000,2019,2,14,2,VRB02KT,13,12
2019-02-14 03:00:00.000,2019,2,14,3,05003KT,12,11
2019-02-14 04:00:00.000,2019,2,14,4,36003KT,13,10
2019-02-14 05:00:00.000,2019,2,14,5,05005KT,13,10
2019-02-14 06:00:00.000,2019,2,14,6,VRB02KT,11,09
2019-02-14 07:00:00.000,2019,2,14,7,02005KT,10,08
2019-02-14 08:00:00.000,2019,2,14,8,06003KT,10,09
2019-02-14 09:00:00.000,2019,2,14,9,VRB02KT,10,09
2019-02-14 10:00:00.000,2019,2,14,10,VRB02KT,10,09
2019-02-14 11:00:00.000,2019,2,14,11,01004KT,08,07
2019-02-14 12:00:00.000,2019,2,14,12,04004KT,10,09
2019-02-14 13:00:00.000,2019,2,14,13,04008KT,13,10
2019-02-14 14:00:00.000,2019,2,14,14,05007KT,16,09
2019-02-14 15:00:00.000,2019,2,14,15,01004KT,18,10
2019-02-14 16:00:00.000,2019,2,14,16,18003KT,20,09
2019-02-14 17:00:00.000,2019,2,14,17,04004KT,21,08
2019-02-14 18:00:00.000,2019,2,14,18,28011KT,20,10
2019-02-14 19:00:00.000,2019,2,14,19,29013KT,19,12
2019-02-14 20:00:00.000,2019,2,14,20,26012KT,17,11
2019-02-14 21:00:00.000,2019,2,14,21,28009KT,18,11
2019-02-14 22:00:00.000,2019,2,14,22,26008KT,18,12
2019-02-14 23:00:00.000,2019,2,14,23,29006KT,17,12
2019-02-15 00:00:00.000,2019,2,15,0,25005KT,15,11
2019-02-15 01:00:00.000,2019,2,15,1,VRB02KT,15,12
2019-02-15 02:00:00.000,2019,2,15,2,33003KT,15,12
2019-02-15 03:00:00.000,2019,2,15,3,VRB02KT,13,11
2019-02-15 04:00:00.000,2019,2,15,4,03004KT,11,09
2019-02-15 05:00:00.000,2019,2,15,5,04004KT,10,08
2019-02-15 06:00:00.000,2019,2,15,6,04005KT,10,08
2019-02-15 07:00:00.000,2019,2,15,7,05004KT,10,08
2019-02-15 08:00:00.000,2019,2,15,8,VRB02KT,10,08
2019-02-15 09:00:00.000,2019,2,15,9,31004KT,08,06
2019-02-15 10:00:00.000,2019,2,15,10,VRB02KT,06,05
2019-02-15 11:00:00.000,2019,2,15,11,VRB02KT,07,07
2019-02-15 12:00:00.000,2019,2,15,12,33003KT,06,06
2019-02-15 13:00:00.000,2019,2,15,13,04004KT,12,09
2019-02-15 14:00:00.000,2019,2,15,14,04004KT,16,07
2019-02-15 15:00:00.000,2019,2,15,15,13003KT,19,06
2019-02-15 16:00:00.000,2019,2,15,16,35005KT,20,04
2019-02-15 17:00:00.000,2019,2,15,17,07006KT,22,02
2019-02-15 18:00:00.000,2019,2,15,18,10006KT,24,02
2019-02-15 19:00:00.000,2019,2,15,19,23013KT,22,11
2019-02-15 20:00:00.000,2019,2,15,20,28013KT,22,12
2019-02-15 21:00:00.000,2019,2,15,21,29012KT,20,12
2019-02-15 22:00:00.000,2019,2,15,22,28010KT,19,12
2019-02-15 23:00:00.000,2019,2,15,23,22008KT,17,12
2019-02-16 00:00:00.000,2019,2,16,0,27005KT,16,12
2019-02-16 01:00:00.000,2019,2,16,1,32003KT,14,12
2019-02-16 02:00:00.000,2019,2,16,2,00000KT,14,12
2019-02-16 03:00:00.000,2019,2,16,3,VRB02KT,14,12
2019-02-16 04:00:00.000,2019,2,16,4,02004KT,12,10
2019-02-16 05:00:00.000,2019,2,16,5,03005KT,12,09
2019-02-16 06:00:00.000,2019,2,16,6,01003KT,12,10
2019-02-16 07:00:00.000,2019,2,16,7,VRB02KT,11,09
2019-02-16 08:00:00.000,2019,2,16,8,05008KT,11,09
2019-02-16 09:00:00.000,2019,2,16,9,03006KT,11,08
2019-02-16 10:00:00.000,2019,2,16,10,05006KT,11,08
2019-02-16 11:00:00.000,2019,2,16,11,05006KT,12,08
2019-02-16 12:00:00.000,2019,2,16,12,05006KT,13,09
2019-02-16 14:00:00.000,2019,2,16,14,06007KT,18,09
2019-02-16 15:00:00.000,2019,2,16,15,11004KT,19,08
2019-02-16 16:00:00.000,2019,2,16,16,VBR05KT,20,08
2019-02-16 17:00:00.000,2019,2,16,17,VRB02KT,21,08
2019-02-16 18:00:00.000,2019,2,16,18,24011KT,21,11
2019-02-16 19:00:00.000,2019,2,16,19,25011KT,21,11
2019-02-16 20:00:00.000,2019,2,16,20,24012KT,20,12
2019-02-16 21:00:00.000,2019,2,16,21,27012KT,19,11
2019-02-16 22:00:00.000,2019,2,16,22,10009KT,16,09
2019-02-16 23:00:00.000,2019,2,16,23,VRB02KT,16,12
2019-02-17 00:00:00.000,2019,2,17,0,VRB02KT,15,12
2019-02-17 01:00:00.000,2019,2,17,1,05004KT,14,11
2019-02-17 02:00:00.000,2019,2,17,2,08004KT,15,10
2019-02-17 03:00:00.000,2019,2,17,3,06006KT,13,10
2019-02-17 04:00:00.000,2019,2,17,4,06005KT,12,09
2019-02-17 05:00:00.000,2019,2,17,5,05007KT,11,08
2019-02-17 06:00:00.000,2019,2,17,6,03005KT,10,07
2019-02-17 07:00:00.000,2019,2,17,7,03004KT,10,08
2019-02-17 08:00:00.000,2019,2,17,8,05006KT,11,08
2019-02-17 09:00:00.000,2019,2,17,9,05006KT,11,09
2019-02-17 10:00:00.000,2019,2,17,10,04005KT,11,08
2019-02-17 11:00:00.000,2019,2,17,11,04008KT,11,09
2019-02-17 12:00:00.000,2019,2,17,12,05008KT,12,09
2019-02-17 13:00:00.000,2019,2,17,13,05009KT,14,09
2019-02-17 14:00:00.000,2019,2,17,14,05009KT,17,09
2019-02-17 15:00:00.000,2019,2,17,15,05006KT,18,09
2019-02-17 16:00:00.000,2019,2,17,16,12006KT,21,08
2019-02-17 17:00:00.000,2019,2,17,17,02006KT,21,07
2019-02-17 18:00:00.000,2019,2,17,18,24010KT,19,11
2019-02-17 19:00:00.000,2019,2,17,19,14012KT,21,11
2019-02-17 20:00:00.000,2019,2,17,20,29013KT,19,12
2019-02-17 21:00:00.000,2019,2,17,21,27011KT,19,11
2019-02-17 22:00:00.000,2019,2,17,22,28010KT,18,11
2019-02-17 23:00:00.000,2019,2,17,23,23007KT,17,11
2019-02-18 00:00:00.000,2019,2,18,0,30004KT,16,11
2019-02-18 01:00:00.000,2019,2,18,1,26004KT,16,11
2019-02-18 02:00:00.000,2019,2,18,2,30003KT,14,10
2019-02-18 03:00:00.000,2019,2,18,3,VRB02KT,13,11
2019-02-18 04:00:00.000,2019,2,18,4,33003KT,14,12
2019-02-18 05:00:00.000,2019,2,18,5,29004KT,14,12
2019-02-18 06:00:00.000,2019,2,18,6,VRB02KT,14,12
2019-02-18 07:00:00.000,2019,2,18,7,30003KT,14,12
2019-02-18 08:00:00.000,2019,2,18,8,VRB02KT,13,12
2019-02-18 09:00:00.000,2019,2,18,9,35004KT,12,11
2019-02-18 10:00:00.000,2019,2,18,10,VRB04KT,12,11
2019-02-18 11:00:00.000,2019,2,18,11,33003KT,12,11
2019-02-18 12:00:00.000,2019,2,18,12,23005KT,13,11
2019-02-18 13:00:00.000,2019,2,18,13,15003KT,14,11
2019-02-18 14:00:00.000,2019,2,18,14,06004KT,15,11
2019-02-18 15:00:00.000,2019,2,18,15,35007KT,15,11
2019-02-18 16:00:00.000,2019,2,18,16,05005KT,17,12
2019-02-18 17:00:00.000,2019,2,18,17,27008KT,17,13
2019-02-18 18:00:00.000,2019,2,18,18,24008KT,18,12
2019-02-18 19:00:00.000,2019,2,18,19,25008KT,19,12
2019-02-18 20:00:00.000,2019,2,18,20,34007KT,17,11
2019-02-18 21:00:00.000,2019,2,18,21,30010KT,15,13
2019-02-18 22:00:00.000,2019,2,18,22,VRB02KT,15,13
2019-02-18 23:00:00.000,2019,2,18,23,VRB02KT,14,13
2019-02-19 00:00:00.000,2019,2,19,0,33003KT,15,12
2019-02-19 01:00:00.000,2019,2,19,1,VRB02KT,15,11
2019-02-19 02:00:00.000,2019,2,19,2,01003KT,13,11
2019-02-19 03:00:00.000,2019,2,19,3,VRB02KT,13,11
2019-02-19 04:00:00.000,2019,2,19,4,VRB02KT,13,11
2019-02-19 05:00:00.000,2019,2,19,5,04003KT,13,10
2019-02-19 06:00:00.000,2019,2,19,6,VRB02KT,12,10
2019-02-19 07:00:00.000,2019,2,19,7,04004KT,11,10
2019-02-19 08:00:00.000,2019,2,19,8,05004KT,11,10
2019-02-19 09:00:00.000,2019,2,19,9,VRB02KT,12,10
2019-02-19 10:00:00.000,2019,2,19,10,05005KT,11,10
2019-02-19 11:00:00.000,2019,2,19,11,03004KT,11,10
2019-02-19 12:00:00.000,2019,2,19,12,03004KT,12,10
2019-02-19 13:00:00.000,2019,2,19,13,04006KT,14,11
2019-02-19 14:00:00.000,2019,2,19,14,10007KT,16,09
2019-02-19 15:00:00.000,2019,2,19,15,13008KT,17,10
2019-02-19 16:00:00.000,2019,2,19,16,12010KT,19,09
2019-02-19 17:00:00.000,2019,2,19,17,07007KT,20,10
2019-02-19 18:00:00.000,2019,2,19,18,11006KT,20,08
2019-02-19 19:00:00.000,2019,2,19,19,09008KT,20,08
2019-02-19 20:00:00.000,2019,2,19,20,24012KT,18,12
2019-02-19 21:00:00.000,2019,2,19,21,29004KT,17,14
2019-02-19 22:00:00.000,2019,2,19,22,26007KT,17,12
2019-02-19 23:00:00.000,2019,2,19,23,28006KT,16,12
2019-02-20 00:00:00.000,2019,2,20,0,35005KT,15,13
2019-02-20 01:00:00.000,2019,2,20,1,03006KT,14,12
2019-02-20 02:00:00.000,2019,2,20,2,06004KT,14,11
2019-02-20 03:00:00.000,2019,2,20,3,00000KT,14,10
2019-02-20 04:00:00.000,2019,2,20,4,03004KT,12,10
2019-02-20 05:00:00.000,2019,2,20,5,04005KT,12,10
2019-02-20 06:00:00.000,2019,2,20,6,05005KT,13,11
2019-02-20 07:00:00.000,2019,2,20,7,02004KT,13,11
2019-02-20 08:00:00.000,2019,2,20,8,05004KT,13,11
2019-02-20 09:00:00.000,2019,2,20,9,04004KT,13,11
2019-02-20 10:00:00.000,2019,2,20,10,34004KT,12,11
2019-02-20 11:00:00.000,2019,2,20,11,07004KT,12,11
2019-02-20 12:00:00.000,2019,2,20,12,36003KT,12,11
2019-02-20 13:00:00.000,2019,2,20,13,34003KT,13,11
2019-02-20 14:00:00.000,2019,2,20,14,07004KT,15,11
2019-02-20 15:00:00.000,2019,2,20,15,15003KT,16,10
2019-02-20 16:00:00.000,2019,2,20,16,35005KT,17,10
2019-02-20 17:00:00.000,2019,2,20,17,01006KT,19,10
2019-02-20 18:00:00.000,2019,2,20,18,16005KT,20,08
2019-02-20 19:00:00.000,2019,2,20,19,07005KT,20,09
2019-02-20 20:00:00.000,2019,2,20,20,23010KT,18,11
2019-02-20 21:00:00.000,2019,2,20,21,22006KT,18,11
2019-02-20 22:00:00.000,2019,2,20,22,15006KT,19,09
2019-02-20 23:00:00.000,2019,2,20,23,32005KT,16,11
2019-02-21 00:00:00.000,2019,2,21,0,33005KT,15,12
2019-02-21 01:00:00.000,2019,2,21,1,29005KT,15,10
2019-02-21 02:00:00.000,2019,2,21,2,VRB02KT,12,10
2019-02-21 03:00:00.000,2019,2,21,3,33003KT,12,10
2019-02-21 04:00:00.000,2019,2,21,4,34003KT,12,10
2019-02-21 05:00:00.000,2019,2,21,5,35003KT,12,10
2019-02-21 06:00:00.000,2019,2,21,6,02003KT,13,10
2019-02-21 07:00:00.000,2019,2,21,7,03004KT,13,11
2019-02-21 08:00:00.000,2019,2,21,8,29003KT,12,10
2019-02-21 09:00:00.000,2019,2,21,9,06004KT,11,10
2019-02-21 10:00:00.000,2019,2,21,10,05004KT,11,09
2019-02-21 11:00:00.000,2019,2,21,11,31005KT,10,09
2019-02-21 12:00:00.000,2019,2,21,12,05005KT,11,09
2019-02-21 13:00:00.000,2019,2,21,13,05005KT,14,11
2019-02-21 14:00:00.000,2019,2,21,14,13010KT,18,07
2019-02-21 15:00:00.000,2019,2,21,15,11007KT,18,07
2019-02-21 16:00:00.000,2019,2,21,16,14010KT,19,07
2019-02-21 17:00:00.000,2019,2,21,17,12007KT,19,07
2019-02-21 18:00:00.000,2019,2,21,18,13009KT,21,07
2019-02-21 19:00:00.000,2019,2,21,19,15009KT,21,08
2019-02-21 20:00:00.000,2019,2,21,20,19012KT,20,07
2019-02-21 21:00:00.000,2019,2,21,21,15015KT,20,08
2019-02-21 22:00:00.000,2019,2,21,22,14011KT,18,08
2019-02-21 23:00:00.000,2019,2,21,23,10008KT,17,08
2019-02-22 00:00:00.000,2019,2,22,0,14009KT,17,07
2019-02-22 01:00:00.000,2019,2,22,1,13007KT,16,07
2019-02-22 02:00:00.000,2019,2,22,2,06004KT,14,08
2019-02-22 03:00:00.000,2019,2,22,3,03005KT,12,08
2019-02-22 04:00:00.000,2019,2,22,4,06008KT,12,09
2019-02-22 05:00:00.000,2019,2,22,5,03006KT,11,09
2019-02-22 06:00:00.000,2019,2,22,6,01004KT,11,09
2019-02-22 07:00:00.000,2019,2,22,7,04004KT,11,09
2019-02-22 08:00:00.000,2019,2,22,8,31004KT,09,07
2019-02-22 09:00:00.000,2019,2,22,9,VRB02KT,09,08
2019-02-22 10:00:00.000,2019,2,22,10,05004KT,09,08
2019-02-22 11:00:00.000,2019,2,22,11,VRB02KT,08,08
2019-02-22 12:00:00.000,2019,2,22,12,35003KT,07,06
2019-02-22 13:00:00.000,2019,2,22,13,03004KT,14,11
2019-02-22 14:00:00.000,2019,2,22,14,06006KT,17,08
2019-02-22 15:00:00.000,2019,2,22,15,07007KT,19,09
2019-02-22 16:00:00.000,2019,2,22,16,04006KT,20,08
2019-02-22 17:00:00.000,2019,2,22,17,10008KT,22,08
2019-02-22 18:00:00.000,2019,2,22,18,11006KT,23,06
2019-02-22 19:00:00.000,2019,2,22,19,03004KT,23,06
2019-02-22 20:00:00.000,2019,2,22,20,24011KT,21,11
2019-02-22 21:00:00.000,2019,2,22,21,02015KT,13,10
2019-02-22 22:00:00.000,2019,2,22,22,33006KT,14,11
2019-02-22 23:00:00.000,2019,2,22,23,01003KT,14,12
2019-02-23 00:00:00.000,2019,2,23,0,32004KT,15,13
2019-02-23 01:00:00.000,2019,2,23,1,13008KT,16,09
2019-02-23 02:00:00.000,2019,2,23,2,15005KT,15,09
2019-02-23 03:00:00.000,2019,2,23,3,VRB02KT,13,09
2019-02-23 04:00:00.000,2019,2,23,4,17009KT,15,08
2019-02-23 05:00:00.000,2019,2,23,5,35004KT,11,09
2019-02-23 06:00:00.000,2019,2,23,6,31003KT,11,09
2019-02-23 07:00:00.000,2019,2,23,7,03005KT,10,08
2019-02-23 08:00:00.000,2019,2,23,8,04007KT,10,08
2019-02-23 09:00:00.000,2019,2,23,9,06003KT,10,08
2019-02-23 10:00:00.000,2019,2,23,10,04004KT,10,09
2019-02-23 11:00:00.000,2019,2,23,11,030060KT,09,08
2019-02-23 12:00:00.000,2019,2,23,12,03005KT,10,09
2019-02-23 13:00:00.000,2019,2,23,13,04005KT,14,11
2019-02-23 14:00:00.000,2019,2,23,14,05006KT,16,09
2019-02-23 15:00:00.000,2019,2,23,15,14006KT,18,07
2019-02-23 16:00:00.000,2019,2,23,16,05006KT,19,08
2019-02-23 17:00:00.000,2019,2,23,17,VRB03KT,21,06
2019-02-23 18:00:00.000,2019,2,23,18,35004KT,22,07
2019-02-23 19:00:00.000,2019,2,23,19,28010KT,23,08
2019-02-23 20:00:00.000,2019,2,23,20,27015KT,22,12
2019-02-23 21:00:00.000,2019,2,23,21,26010KT,19,12
2019-02-23 22:00:00.000,2019,2,23,22,15008KT,15,12
2019-02-23 23:00:00.000,2019,2,23,23,13005KT,14,12
2019-02-24 00:00:00.000,2019,2,24,0,09005KT,15,213
2019-02-24 01:00:00.000,2019,2,24,1,VRB02KT,14,12
2019-02-24 02:00:00.000,2019,2,24,2,02004KT,13,12
2019-02-24 03:00:00.000,2019,2,24,3,02004KT,13,12
2019-02-24 04:00:00.000,2019,2,24,4,03004KT,13,12
2019-02-24 05:00:00.000,2019,2,24,5,04003KT,13,12
2019-02-24 06:00:00.000,2019,2,24,6,04005KT,13,11
2019-02-24 07:00:00.000,2019,2,24,7,01003KT,12,11
2019-02-24 08:00:00.000,2019,2,24,8,VRB02KT,12,11
2019-02-24 09:00:00.000,2019,2,24,9,VRB02KT,12,11
2019-02-24 10:00:00.000,2019,2,24,10,VRB02KT,12,11
2019-02-24 11:00:00.000,2019,2,24,11,31005KT,12,12
2019-02-24 12:00:00.000,2019,2,24,12,VRB02KT,12,11
2019-02-24 13:00:00.000,2019,2,24,13,VRB02KT,13,12
2019-02-24 14:00:00.000,2019,2,24,14,30003KT,14,12
2019-02-24 15:00:00.000,2019,2,24,15,33004KT,15,12
2019-02-24 16:00:00.000,2019,2,24,16,VRB04KT,17,11
2019-02-24 17:00:00.000,2019,2,24,17,31003KT,18,11
2019-02-24 18:00:00.000,2019,2,24,18,31006KT,18,10
2019-02-24 19:00:00.000,2019,2,24,19,28006KT,18,11
2019-02-24 20:00:00.000,2019,2,24,20,22004KT,18,11
2019-02-24 21:00:00.000,2019,2,24,21,VRB02KT,18,09
2019-02-24 22:00:00.000,2019,2,24,22,31007KT,16,12
2019-02-24 23:00:00.000,2019,2,24,23,32007KT,15,10
2019-02-25 00:00:00.000,2019,2,25,0,28006KT,15,09
2019-02-25 01:00:00.000,2019,2,25,1,01003KT,13,12
2019-02-25 02:00:00.000,2019,2,25,2,03007KT,13,11
2019-02-25 03:00:00.000,2019,2,25,3,03004KT,13,12
2019-02-25 04:00:00.000,2019,2,25,4,04005KT,13,12
2019-02-25 05:00:00.000,2019,2,25,5,05006KT,13,12
2019-02-25 06:00:00.000,2019,2,25,6,VRB02KT,12,11
2019-02-25 07:00:00.000,2019,2,25,7,VRB02KT,12,11
2019-02-25 08:00:00.000,2019,2,25,8,VRB02KT,13,11
2019-02-25 09:00:00.000,2019,2,25,9,VRB02KT,13,11
2019-02-25 10:00:00.000,2019,2,25,10,VRB02KT,13,11
2019-02-25 11:00:00.000,2019,2,25,11,VRB02KT,13,11
2019-02-25 12:00:00.000,2019,2,25,12,VRB02KT,13,11
2019-02-25 13:00:00.000,2019,2,25,13,VRB02KT,13,12
2019-02-25 14:00:00.000,2019,2,25,14,03004KT,14,11
2019-02-25 15:00:00.000,2019,2,25,15,VRB02KT,17,11
2019-02-25 16:00:00.000,2019,2,25,16,VRB02KT,19,10
2019-02-25 17:00:00.000,2019,2,25,17,01004KT,20,08
2019-02-25 18:00:00.000,2019,2,25,18,VRB05KT,20,07
2019-02-25 19:00:00.000,2019,2,25,19,24014KT,20,12
2019-02-25 20:00:00.000,2019,2,25,20,28014KT,20,12
2019-02-25 21:00:00.000,2019,2,25,21,27013KT,19,12
2019-02-25 22:00:00.000,2019,2,25,22,29006KT,17,12
2019-02-25 23:00:00.000,2019,2,25,23,12007KT,15,10
2019-02-26 00:00:00.000,2019,2,26,0,VRB02KT,14,12
2019-02-26 01:00:00.000,2019,2,26,1,VRB02KT,14,12
2019-02-26 02:00:00.000,2019,2,26,2,06005KT,13,10
2019-02-26 03:00:00.000,2019,2,26,3,03005KT,12,09
2019-02-26 04:00:00.000,2019,2,26,4,04006KT,11,09
2019-02-26 05:00:00.000,2019,2,26,5,05006KT,11,08
2019-02-26 06:00:00.000,2019,2,26,6,03006KT,11,09
2019-02-26 07:00:00.000,2019,2,26,7,05007KT,10,08
2019-02-26 08:00:00.000,2019,2,26,8,06005KT,10,08
2019-02-26 09:00:00.000,2019,2,26,9,05007KT,11,08
2019-02-26 10:00:00.000,2019,2,26,10,05007KT,10,08
2019-02-26 11:00:00.000,2019,2,26,11,04006KT,09,07
2019-02-26 12:00:00.000,2019,2,26,12,06005KT,10,08
2019-02-26 13:00:00.000,2019,2,26,13,03005KT,11,08
2019-02-26 14:00:00.000,2019,2,26,14,05006KT,13,08
2019-02-26 15:00:00.000,2019,2,26,15,02005KT,16,10
2019-02-26 16:00:00.000,2019,2,26,16,04004KT,17,09
2019-02-26 17:00:00.000,2019,2,26,17,24003KT,19,09
2019-02-26 18:00:00.000,2019,2,26,18,15007KT,18,09
2019-02-26 19:00:00.000,2019,2,26,19,25009KT,17,11
2019-02-26 20:00:00.000,2019,2,26,20,26010KT,17,12
2019-02-26 21:00:00.000,2019,2,26,21,23009KT,18,07
2019-02-26 22:00:00.000,2019,2,26,22,19010KT,17,07
2019-02-26 23:00:00.000,2019,2,26,23,17008KT,16,07
2019-02-27 00:00:00.000,2019,2,27,0,19008KT,14,07
2019-02-27 01:00:00.000,2019,2,27,1,16007KT,14,07
2019-02-27 02:00:00.000,2019,2,27,2,VRB02KT,12,07
2019-02-27 03:00:00.000,2019,2,27,3,VRB02KT,12,07
2019-02-27 04:00:00.000,2019,2,27,4,VRB02KT,13,07
2019-02-27 05:00:00.000,2019,2,27,5,02003KT,12,08
2019-02-27 06:00:00.000,2019,2,27,6,03005KT,11,08
2019-02-27 07:00:00.000,2019,2,27,7,05004KT,11,08
2019-02-27 08:00:00.000,2019,2,27,8,04006KT,11,09
2019-02-27 09:00:00.000,2019,2,27,9,05006KT,11,09
2019-02-27 10:00:00.000,2019,2,27,10,35005KT,11,09
2019-02-27 11:00:00.000,2019,2,27,11,36004KT,11,09
2019-02-27 12:00:00.000,2019,2,27,12,03005KT,11,09
2019-02-27 13:00:00.000,2019,2,27,13,01005KT,12,09
2019-02-27 14:00:00.000,2019,2,27,14,03005KT,12,09
2019-02-27 15:00:00.000,2019,2,27,15,05007KT,13,10
2019-02-27 16:00:00.000,2019,2,27,16,03008KT,16,10
2019-02-27 17:00:00.000,2019,2,27,17,02006KT,17,09
2019-02-27 18:00:00.000,2019,2,27,18,16005KT,18,08
2019-02-27 19:00:00.000,2019,2,27,19,19003KT,19,08
2019-02-27 20:00:00.000,2019,2,27,20,27009KT,19,11
2019-02-27 21:00:00.000,2019,2,27,21,26006KT,18,10
2019-02-27 22:00:00.000,2019,2,27,22,30005KT,18,10
2019-02-27 23:00:00.000,2019,2,27,23,36007KT,14,10
2019-02-28 00:00:00.000,2019,2,28,0,00000KT,13,09
2019-02-28 01:00:00.000,2019,2,28,1,VRB02KT,13,10
2019-02-28 02:00:00.000,2019,2,28,2,06005KT,13,08
2019-02-28 03:00:00.000,2019,2,28,3,VRB03KT,11,08
2019-02-28 04:00:00.000,2019,2,28,4,02003KT,11,08
2019-02-28 05:00:00.000,2019,2,28,5,09004KT,12,09
2019-02-28 06:00:00.000,2019,2,28,6,06006KT,12,09
2019-02-28 07:00:00.000,2019,2,28,7,07004KT,12,09
2019-02-28 08:00:00.000,2019,2,28,8,02004KT,12,09
2019-02-28 09:00:00.000,2019,2,28,9,04005KT,12,09
2019-02-28 10:00:00.000,2019,2,28,10,03003KT,12,09
2019-02-28 11:00:00.000,2019,2,28,11,02003KT,11,09
2019-02-28 12:00:00.000,2019,2,28,12,04005KT,12,09
2019-02-28 13:00:00.000,2019,2,28,13,04005KT,14,09
2019-02-28 14:00:00.000,2019,2,28,14,04006KT,16,09
2019-02-28 15:00:00.000,2019,2,28,15,08004KT,18,08
2019-02-28 16:00:00.000,2019,2,28,16,24004KT,19,06
2019-02-28 17:00:00.000,2019,2,28,17,20010KT,19,09
2019-02-28 18:00:00.000,2019,2,28,18,23008KT,20,09
2019-02-28 19:00:00.000,2019,2,28,19,23012KT,19,11
2019-02-28 20:00:00.000,2019,2,28,20,18011KT,21,08
2019-02-28 21:00:00.000,2019,2,28,21,21007KT,19,10
2019-02-28 22:00:00.000,2019,2,28,22,24012KT,17,11
2019-02-28 23:00:00.000,2019,2,28,23,25006KT,16,11
2019-03-01 00:00:00.000,2019,3,1,0,VRB02KT,15,11
2019-03-01 01:00:00.000,2019,3,1,1,13006KT,14,09
2019-03-01 02:00:00.000,2019,3,1,2,VRB02KT,14,09
2019-03-01 03:00:00.000,2019,3,1,3,VRB02KT,12,08
2019-03-01 04:00:00.000,2019,3,1,4,04004KT,11,09
2019-03-01 05:00:00.000,2019,3,1,5,05005KT,11,09
2019-03-01 06:00:00.000,2019,3,1,6,35003KT,10,08
2019-03-01 07:00:00.000,2019,3,1,7,02003KT,10,09
2019-03-01 08:00:00.000,2019,3,1,8,VRB02KT,10,09
2019-03-01 09:00:00.000,2019,3,1,9,VRB02KT,11,09
2019-03-01 10:00:00.000,2019,3,1,10,VRB02KT,11,09
2019-03-01 11:00:00.000,2019,3,1,11,VRB02KT,10,09
2019-03-01 12:00:00.000,2019,3,1,12,28004KT,10,09
2019-03-01 13:00:00.000,2019,3,1,13,03004KT,12,10
2019-03-01 14:00:00.000,2019,3,1,14,01004KT,14,10
2019-03-01 15:00:00.000,2019,3,1,15,VRB02KT,16,09
2019-03-01 16:00:00.000,2019,3,1,16,VRB03KT,18,10
2019-03-01 17:00:00.000,2019,3,1,17,11004KT,18,09
2019-03-01 18:00:00.000,2019,3,1,18,27004KT,21,18
2019-03-01 19:00:00.000,2019,3,1,19,26007KT,22,08
2019-03-01 20:00:00.000,2019,3,1,20,31010KT,20,11
2019-03-01 21:00:00.000,2019,3,1,21,26010KT,18,12
2019-03-01 22:00:00.000,2019,3,1,22,12008KT,17,11
2019-03-01 23:00:00.000,2019,3,1,23,04007KT,16,10
2019-03-02 00:00:00.000,2019,3,2,0,06008KT,14,11
2019-03-02 01:00:00.000,2019,3,2,1,11005KT,14,11
2019-03-02 02:00:00.000,2019,3,2,2,03003KT,14,11
2019-03-02 03:00:00.000,2019,3,2,3,VRB02KT,13,11
2019-03-02 04:00:00.000,2019,3,2,4,VRB02KT,12,11
2019-03-02 05:00:00.000,2019,3,2,5,06005KT,11,10
2019-03-02 06:00:00.000,2019,3,2,6,01005KT,11,09
2019-03-02 07:00:00.000,2019,3,2,7,16003KT,11,10
2019-03-02 08:00:00.000,2019,3,2,8,01003KT,11,09
2019-03-02 09:00:00.000,2019,3,2,9,04006KT,11,10
2019-03-02 10:00:00.000,2019,3,2,10,06005KT,11,10
2019-03-02 11:00:00.000,2019,3,2,11,VRB02KT,12,10
2019-03-02 12:00:00.000,2019,3,2,12,33003KT,12,10
2019-03-02 13:00:00.000,2019,3,2,13,34006KT,13,11
2019-03-02 14:00:00.000,2019,3,2,14,33007KT,13,11
2019-03-02 15:00:00.000,2019,3,2,15,30006KT,13,11
2019-03-02 16:00:00.000,2019,3,2,16,27003KT,13,10
2019-03-02 17:00:00.000,2019,3,2,17,19004KT,15,10
2019-03-02 18:00:00.000,2019,3,2,18,10004KT,16,10
2019-03-02 19:00:00.000,2019,3,2,19,13004KT,17,09
2019-03-02 20:00:00.000,2019,3,2,20,VRB06KT,19,09
2019-03-02 21:00:00.000,2019,3,2,21,21003KT,20,08
2019-03-02 22:00:00.000,2019,3,2,22,36004KT,19,08
2019-03-02 23:00:00.000,2019,3,2,23,29007KT,16,12
2019-03-03 00:00:00.000,2019,3,3,0,27007KT,15,12
2019-03-03 01:00:00.000,2019,3,3,1,VRB02KT,14,11
2019-03-03 02:00:00.000,2019,3,3,2,VRB03KT,14,11
2019-03-03 03:00:00.000,2019,3,3,3,VRB02KT,13,10
2019-03-03 04:00:00.000,2019,3,3,4,35003KT,11,09
2019-03-03 05:00:00.000,2019,3,3,5,31006KT,12,11
2019-03-03 06:00:00.000,2019,3,3,6,28003KT,12,11
2019-03-03 07:00:00.000,2019,3,3,7,23003KT,13,11
2019-03-03 08:00:00.000,2019,3,3,8,VRB02KT,12,11
2019-03-03 09:00:00.000,2019,3,3,9,VRB02KT,12,11
2019-03-03 10:00:00.000,2019,3,3,10,29005KT,12,11
2019-03-03 11:00:00.000,2019,3,3,11,29003KT,12,11
2019-03-03 12:00:00.000,2019,3,3,12,23004KT,13,11
2019-03-03 13:00:00.000,2019,3,3,13,26004KT,13,11
2019-03-03 14:00:00.000,2019,3,3,14,31003KT,15,11
2019-03-03 15:00:00.000,2019,3,3,15,27004KT,16,10
2019-03-03 16:00:00.000,2019,3,3,16,VRB05KT,17,10
2019-03-03 17:00:00.000,2019,3,3,17,15003KT,18,10
2019-03-03 18:00:00.000,2019,3,3,18,22005KT,18,11
2019-03-03 19:00:00.000,2019,3,3,19,21010KT,19,11
2019-03-03 20:00:00.000,2019,3,3,20,05006KT,17,11
2019-03-03 21:00:00.000,2019,3,3,21,08004KT,17,11
2019-03-03 22:00:00.000,2019,3,3,22,35005KT,15,12
2019-03-03 23:00:00.000,2019,3,3,23,VRB02KT,15,12
2019-03-04 00:00:00.000,2019,3,4,0,VRB02KT,14,12
2019-03-04 01:00:00.000,2019,3,4,1,VRB02KT,14,12
2019-03-04 02:00:00.000,2019,3,4,2,VRB02KT,13,12
2019-03-04 03:00:00.000,2019,3,4,3,30003KT,14,10
2019-03-04 04:00:00.000,2019,3,4,4,05004KT,11,10
2019-03-04 05:00:00.000,2019,3,4,5,VRB02KT,11,10
2019-03-04 06:00:00.000,2019,3,4,6,VRB02KT,11,10
2019-03-04 07:00:00.000,2019,3,4,7,01003KT,11,10
2019-03-04 08:00:00.000,2019,3,4,8,VRB02KT,11,10
2019-03-04 09:00:00.000,2019,3,4,9,03003KT,11,09
2019-03-04 10:00:00.000,2019,3,4,10,29003KT,10,09
2019-03-04 11:00:00.000,2019,3,4,11,34003KT,10,09
2019-03-04 12:00:00.000,2019,3,4,12,05005KT,10,09
2019-03-04 13:00:00.000,2019,3,4,13,06006KT,12,11
2019-03-04 14:00:00.000,2019,3,4,14,04008KT,17,11
2019-03-04 15:00:00.000,2019,3,4,15,02008KT,18,11
2019-03-04 16:00:00.000,2019,3,4,16,07008KT,19,10
2019-03-04 17:00:00.000,2019,3,4,17,12006KT,20,11
2019-03-04 18:00:00.000,2019,3,4,18,VRB04KT,21,10
2019-03-04 19:00:00.000,2019,3,4,19,26007KT,20,12
2019-03-04 20:00:00.000,2019,3,4,20,21015KT,16,13
2019-03-04 21:00:00.000,2019,3,4,21,23005KT,14,13
2019-03-04 22:00:00.000,2019,3,4,22,26006KT,15,15
2019-03-04 23:00:00.000,2019,3,4,23,24005KT,16,13
2019-03-05 00:00:00.000,2019,3,5,0,23003KT,15,13
2019-03-05 01:00:00.000,2019,3,5,1,28004KT,15,12
2019-03-05 02:00:00.000,2019,3,5,2,VRB02KT,14,12
2019-03-05 03:00:00.000,2019,3,5,3,35003KT,13,13
2019-03-05 04:00:00.000,2019,3,5,4,32004KT,13,12
2019-03-05 05:00:00.000,2019,3,5,5,VRB02KT,13,11
2019-03-05 06:00:00.000,2019,3,5,6,33003KT,13,10
2019-03-05 07:00:00.000,2019,3,5,7,VRB02KT,13,10
2019-03-05 08:00:00.000,2019,3,5,8,08004KT,12,10
2019-03-05 09:00:00.000,2019,3,5,9,30004KT,12,10
2019-03-05 10:00:00.000,2019,3,5,10,32004KT,12,11
2019-03-05 11:00:00.000,2019,3,5,11,VRB02KT,12,11
2019-03-05 12:00:00.000,2019,3,5,12,VRB02KT,13,11
2019-03-05 13:00:00.000,2019,3,5,13,VRB02KT,14,12
2019-03-05 14:00:00.000,2019,3,5,14,VRB02KT,16,12
2019-03-05 15:00:00.000,2019,3,5,15,VRB02KT,17,11
2019-03-05 16:00:00.000,2019,3,5,16,33003KT,18,11
2019-03-05 17:00:00.000,2019,3,5,17,VRB02KT,19,09
2019-03-05 18:00:00.000,2019,3,5,18,VRB02KT,20,08
2019-03-05 19:00:00.000,2019,3,5,19,23012KT,19,12
2019-03-05 20:00:00.000,2019,3,5,20,28011KT,19,12
2019-03-05 21:00:00.000,2019,3,5,21,26010KT,18,13
2019-03-05 22:00:00.000,2019,3,5,22,29009KT,18,12
2019-03-05 23:00:00.000,2019,3,5,23,06008KT,16,12
2019-03-06 00:00:00.000,2019,3,6,0,27006KT,15,12
2019-03-06 01:00:00.000,2019,3,6,1,01003KT,14,12
2019-03-06 02:00:00.000,2019,3,6,2,34003KT,14,12
2019-03-06 03:00:00.000,2019,3,6,3,36003KT,14,13
2019-03-06 04:00:00.000,2019,3,6,4,VRB02KT,15,12
2019-03-06 05:00:00.000,2019,3,6,5,VRB02KT,14,12
2019-03-06 06:00:00.000,2019,3,6,6,18003KT,15,10
2019-03-06 07:00:00.000,2019,3,6,7,02003KT,14,12
2019-03-06 08:00:00.000,2019,3,6,8,VRB02KT,12,11
2019-03-06 09:00:00.000,2019,3,6,9,26004KT,12,11
2019-03-06 10:00:00.000,2019,3,6,10,35003KT,12,11
2019-03-06 11:00:00.000,2019,3,6,11,11003KT,12,10
2019-03-06 12:00:00.000,2019,3,6,12,07003KT,13,11
2019-03-06 13:00:00.000,2019,3,6,13,07005KT,15,10
2019-03-06 14:00:00.000,2019,3,6,14,14003KT,18,09
2019-03-06 15:00:00.000,2019,3,6,15,11007KT,20,09
2019-03-06 16:00:00.000,2019,3,6,16,10006KT,21,07
2019-03-06 17:00:00.000,2019,3,6,17,17006KT,22,08
2019-03-06 18:00:00.000,2019,3,6,18,23010KT,22,13
2019-03-06 19:00:00.000,2019,3,6,19,24013KT,21,13
2019-03-06 20:00:00.000,2019,3,6,20,26013KT,19,13
2019-03-06 21:00:00.000,2019,3,6,21,26007KT,16,14
2019-03-06 22:00:00.000,2019,3,6,22,21004KT,17,13
2019-03-06 23:00:00.000,2019,3,6,23,22004KT,16,13
2019-03-07 00:00:00.000,2019,3,7,0,00000KT,15,12
2019-03-07 01:00:00.000,2019,3,7,1,VRB02KT,14,12
2019-03-07 02:00:00.000,2019,3,7,2,VRB02KT,14,12
2019-03-07 03:00:00.000,2019,3,7,3,07003KT,13,12
2019-03-07 04:00:00.000,2019,3,7,4,VRB02KT,14,10
2019-03-07 05:00:00.000,2019,3,7,5,03004KT,12,10
2019-03-07 06:00:00.000,2019,3,7,6,03004KT,11,09
2019-03-07 07:00:00.000,2019,3,7,7,06003KT,12,10
2019-03-07 08:00:00.000,2019,3,7,8,01003KT,11,10
2019-03-07 09:00:00.000,2019,3,7,9,02004KT,11,09
2019-03-07 10:00:00.000,2019,3,7,10,05003KT,11,09
2019-03-07 11:00:00.000,2019,3,7,11,05005KT,10,09
2019-03-07 12:00:00.000,2019,3,7,12,04005KT,12,10
2019-03-07 13:00:00.000,2019,3,7,13,05008KT,14,12
2019-03-07 14:00:00.000,2019,3,7,14,04006KT,17,11
2019-03-07 15:00:00.000,2019,3,7,15,07006KT,18,10
2019-03-07 16:00:00.000,2019,3,7,16,11005KT,20,09
2019-03-07 17:00:00.000,2019,3,7,17,18004KT,21,08
2019-03-07 18:00:00.000,2019,3,7,18,27009KT,19,12
2019-03-07 19:00:00.000,2019,3,7,19,21009KT,20,12
2019-03-07 20:00:00.000,2019,3,7,20,29013KT,18,13
2019-03-07 21:00:00.000,2019,3,7,21,27011KT,15,14
2019-03-07 22:00:00.000,2019,3,7,22,29008KT,15,13
2019-03-07 23:00:00.000,2019,3,7,23,25004KT,15,12
2019-03-08 00:00:00.000,2019,3,8,0,01003KT,15,12
2019-03-08 01:00:00.000,2019,3,8,1,33003KT,14,11
2019-03-08 02:00:00.000,2019,3,8,2,VRB02KT,13,11
2019-03-08 03:00:00.000,2019,3,8,3,VRB02KT,12,11
2019-03-08 04:00:00.000,2019,3,8,4,32004KT,12,11
2019-03-08 05:00:00.000,2019,3,8,5,VRB02KT,11,10
2019-03-08 06:00:00.000,2019,3,8,6,02004KT,10,09
2019-03-08 07:00:00.000,2019,3,8,7,03003KT,11,10
2019-03-08 08:00:00.000,2019,3,8,8,04006KT,13,11
2019-03-08 09:00:00.000,2019,3,8,9,03005KT,12,10
2019-03-08 10:00:00.000,2019,3,8,10,VRB02KT,11,10
2019-03-08 11:00:00.000,2019,3,8,11,VRB02KT,10,09
2019-03-08 12:00:00.000,2019,3,8,12,03004KT,10,09
2019-03-08 13:00:00.000,2019,3,8,13,07005KT,13,11
2019-03-08 14:00:00.000,2019,3,8,14,14012KT,16,09
2019-03-08 15:00:00.000,2019,3,8,15,17009KT,18,08
2019-03-08 16:00:00.000,2019,3,8,16,14009KT,18,08
2019-03-08 17:00:00.000,2019,3,8,17,12006KT,18,09
2019-03-08 18:00:00.000,2019,3,8,18,13007KT,19,09
2019-03-08 19:00:00.000,2019,3,8,19,13005KT,19,09
2019-03-08 20:00:00.000,2019,3,8,20,13009KT,18,09
2019-03-08 21:00:00.000,2019,3,8,21,17007KT,17,08
2019-03-08 22:00:00.000,2019,3,8,22,13006KT,17,08
2019-03-08 23:00:00.000,2019,3,8,23,12006KT,17,09
2019-03-09 00:00:00.000,2019,3,9,0,10004KT,16,09
2019-03-09 01:00:00.000,2019,3,9,1,10005KT,15,09
2019-03-09 02:00:00.000,2019,3,9,2,08004KT,15,09
2019-03-09 03:00:00.000,2019,3,9,3,05006KT,12,09
2019-03-09 04:00:00.000,2019,3,9,4,06004KT,12,09
2019-03-09 05:00:00.000,2019,3,9,5,05006KT,12,09
2019-03-09 06:00:00.000,2019,3,9,6,01004KT,12,09
2019-03-09 07:00:00.000,2019,3,9,7,04006KT,11,09
2019-03-09 08:00:00.000,2019,3,9,8,VRB02KT,11,09
2019-03-09 09:00:00.000,2019,3,9,9,03004KT,11,10
2019-03-09 10:00:00.000,2019,3,9,10,27004KT,12,10
2019-03-09 11:00:00.000,2019,3,9,11,03003KT,11,09
2019-03-09 12:00:00.000,2019,3,9,12,VRB02KT,15,10
2019-03-09 13:00:00.000,2019,3,9,13,12010KT,18,10
2019-03-09 14:00:00.000,2019,3,9,14,14011KT,18,10
2019-03-09 15:00:00.000,2019,3,9,15,12008KT,19,09
2019-03-09 16:00:00.000,2019,3,9,16,16015KT,20,09
2019-03-09 17:00:00.000,2019,3,9,17,16015KT,21,09
2019-03-09 18:00:00.000,2019,3,9,18,16011KT,21,10
2019-03-09 19:00:00.000,2019,3,9,19,17015KT,19,08
2019-03-09 20:00:00.000,2019,3,9,20,18014KT,17,10
2019-03-09 21:00:00.000,2019,3,9,21,14005KT,15,12
2019-03-09 22:00:00.000,2019,3,9,22,07008KT,16,11
2019-03-09 23:00:00.000,2019,3,9,23,11006KT,16,10
2019-03-10 00:00:00.000,2019,3,10,0,10004KT,15,09
2019-03-10 01:00:00.000,2019,3,10,1,09008KT,15,09
2019-03-10 02:00:00.000,2019,3,10,2,06006KT,13,09
2019-03-10 03:00:00.000,2019,3,10,3,33005KT,11,08
2019-03-10 04:00:00.000,2019,3,10,4,07003KT,13,09
2019-03-10 05:00:00.000,2019,3,10,5,07006KT,14,10
2019-03-10 06:00:00.000,2019,3,10,6,VRB02KT,13,10
2019-03-10 07:00:00.000,2019,3,10,7,03005KT,12,10
2019-03-10 08:00:00.000,2019,3,10,8,04005KT,12,10
2019-03-10 09:00:00.000,2019,3,10,9,05004KT,12,10
2019-03-10 10:00:00.000,2019,3,10,10,08006KT,14,09
2019-03-10 11:00:00.000,2019,3,10,11,06007KT,13,10
2019-03-10 12:00:00.000,2019,3,10,12,04006KT,14,11
2019-03-10 13:00:00.000,2019,3,10,13,08006KT,16,11
2019-03-10 14:00:00.000,2019,3,10,14,13006KT,18,09
2019-03-10 15:00:00.000,2019,3,10,15,13006KT,18,09
2019-03-10 16:00:00.000,2019,3,10,16,10007KT,19,10
2019-03-10 17:00:00.000,2019,3,10,17,14012KT,19,09
2019-03-10 18:00:00.000,2019,3,10,18,10008KT,19,09
2019-03-10 19:00:00.000,2019,3,10,19,13008KT,18,08
2019-03-10 20:00:00.000,2019,3,10,20,08007KT,19,09
2019-03-10 21:00:00.000,2019,3,10,21,07008KT,17,10
2019-03-10 22:00:00.000,2019,3,10,22,10008KT,17,10
2019-03-10 23:00:00.000,2019,3,10,23,08005KT,16,10
2019-03-11 00:00:00.000,2019,3,11,0,08008KT,16,10
2019-03-11 01:00:00.000,2019,3,11,1,06006KT,16,10
2019-03-11 02:00:00.000,2019,3,11,2,06006KT,15,10
2019-03-11 03:00:00.000,2019,3,11,3,05008KT,14,10
2019-03-11 04:00:00.000,2019,3,11,4,07005KT,14,10
2019-03-11 05:00:00.000,2019,3,11,5,05007KT,14,10
2019-03-11 06:00:00.000,2019,3,11,6,06005KT,14,10
2019-03-11 07:00:00.000,2019,3,11,7,09003KT,13,10
2019-03-11 08:00:00.000,2019,3,11,8,28003KT,13,10
2019-03-11 09:00:00.000,2019,3,11,9,03005KT,13,10
2019-03-11 10:00:00.000,2019,3,11,10,VRB02KT,13,10
2019-03-11 11:00:00.000,2019,3,11,11,04003KT,13,10
2019-03-11 12:00:00.000,2019,3,11,12,04004KT,14,10
2019-03-11 13:00:00.000,2019,3,11,13,04005KT,14,10
2019-03-11 14:00:00.000,2019,3,11,14,09004KT,15,10
2019-03-11 15:00:00.000,2019,3,11,15,14004KT,16,11
2019-03-11 16:00:00.000,2019,3,11,16,04003KT,18,10
2019-03-11 17:00:00.000,2019,3,11,17,04008KT,17,11
2019-03-11 18:00:00.000,2019,3,11,18,09004KT,19,10
2019-03-11 19:00:00.000,2019,3,11,19,09005KT,19,08
2019-03-11 20:00:00.000,2019,3,11,20,VRB04KT,19,11
2019-03-11 21:00:00.000,2019,3,11,21,25007KT,20,11
2019-03-11 22:00:00.000,2019,3,11,22,23008KT,17,12
2019-03-11 23:00:00.000,2019,3,11,23,24007KT,16,12
2019-03-12 00:00:00.000,2019,3,12,0,25005KT,16,12
2019-03-12 01:00:00.000,2019,3,12,1,VRB02KT,15,11
2019-03-12 02:00:00.000,2019,3,12,2,VRB02KT,14,12
2019-03-12 03:00:00.000,2019,3,12,3,VRB02KT,14,12
2019-03-12 04:00:00.000,2019,3,12,4,05007KT,14,12
2019-03-12 05:00:00.000,2019,3,12,5,04007KT,14,11
2019-03-12 06:00:00.000,2019,3,12,6,VRB02KT,13,11
2019-03-12 07:00:00.000,2019,3,12,7,VRB02KT,13,12
2019-03-12 08:00:00.000,2019,3,12,8,VRB02KT,13,11
2019-03-12 09:00:00.000,2019,3,12,9,05004KT,13,12
2019-03-12 11:00:00.000,2019,3,12,11,VRB02KT,13,11
2019-03-12 12:00:00.000,2019,3,12,12,01003KT,13,11
2019-03-12 13:00:00.000,2019,3,12,13,07004KT,15,11
2019-03-12 14:00:00.000,2019,3,12,14,36004KT,16,11
2019-03-12 15:00:00.000,2019,3,12,15,02005KT,15,11
2019-03-12 16:00:00.000,2019,3,12,16,04005KT,16,10
2019-03-12 17:00:00.000,2019,3,12,17,36004KT,18,11
2019-03-12 18:00:00.000,2019,3,12,18,27009KT,18,12
2019-03-12 19:00:00.000,2019,3,12,19,26008KT,17,11
2019-03-12 20:00:00.000,2019,3,12,20,29006KT,19,11
2019-03-12 21:00:00.000,2019,3,12,21,28008KT,18,12
2019-03-12 22:00:00.000,2019,3,12,22,26006KT,18,12
2019-03-12 23:00:00.000,2019,3,12,23,25006KT,17,12
2019-03-13 00:00:00.000,2019,3,13,0,30003KT,15,11
2019-03-13 01:00:00.000,2019,3,13,1,28003KT,15,12
2019-03-13 02:00:00.000,2019,3,13,2,34003KT,14,12
2019-03-13 03:00:00.000,2019,3,13,3,01003KT,14,12
2019-03-13 04:00:00.000,2019,3,13,4,33003KT,12,11
2019-03-13 05:00:00.000,2019,3,13,5,VRB02KT,13,11
2019-03-13 06:00:00.000,2019,3,13,6,VRB02KT,13,11
2019-03-13 07:00:00.000,2019,3,13,7,VRB02KT,13,11
2019-03-13 08:00:00.000,2019,3,13,8,36003KT,13,11
2019-03-13 09:00:00.000,2019,3,13,9,VRB02KT,13,11
2019-03-13 10:00:00.000,2019,3,13,10,VRB02KT,13,11
2019-03-13 11:00:00.000,2019,3,13,11,VRB02KT,13,11
2019-03-13 12:00:00.000,2019,3,13,12,03003KT,13,11
2019-03-13 13:00:00.000,2019,3,13,13,VRB02KT,16,11
2019-03-13 14:00:00.000,2019,3,13,14,02004KT,17,11
2019-03-13 15:00:00.000,2019,3,13,15,02003KT,18,08
2019-03-13 16:00:00.000,2019,3,13,16,13007KT,20,09
2019-03-13 17:00:00.000,2019,3,13,17,05004KT,20,08
2019-03-13 18:00:00.000,2019,3,13,18,23007KT,20,12
2019-03-13 19:00:00.000,2019,3,13,19,25011KT,21,12
2019-03-13 20:00:00.000,2019,3,13,20,16007KT,17,13
2019-03-13 21:00:00.000,2019,3,13,21,31004KT,17,14
2019-03-13 22:00:00.000,2019,3,13,22,25006KT,17,14
2019-03-13 23:00:00.000,2019,3,13,23,28004KT,17,13
2019-03-14 00:00:00.000,2019,3,14,0,VRB02KT,15,13
2019-03-14 01:00:00.000,2019,3,14,1,19006KT,16,10
2019-03-14 02:00:00.000,2019,3,14,2,VRB02KT,15,10
2019-03-14 03:00:00.000,2019,3,14,3,05004KT,14,10
2019-03-14 04:00:00.000,2019,3,14,4,04004KT,13,10
2019-03-14 05:00:00.000,2019,3,14,5,VRB02KT,12,10
2019-03-14 06:00:00.000,2019,3,14,6,15005KT,14,10
2019-03-14 07:00:00.000,2019,3,14,7,VRB02KT,13,10
2019-03-14 08:00:00.000,2019,3,14,8,VRB02KT,13,10
2019-03-14 09:00:00.000,2019,3,14,9,VRB02KT,13,11
2019-03-14 10:00:00.000,2019,3,14,10,03006KT,13,10
2019-03-14 11:00:00.000,2019,3,14,11,04006KT,14,09
2019-03-14 12:00:00.000,2019,3,14,12,03007KT,13,10
2019-03-14 13:00:00.000,2019,3,14,13,02006KT,14,11
2019-03-14 14:00:00.000,2019,3,14,14,04007KT,14,10
2019-03-14 15:00:00.000,2019,3,14,15,02006KT,16,10
2019-03-14 16:00:00.000,2019,3,14,16,19003KT,18,09
2019-03-14 17:00:00.000,2019,3,14,17,11007KT,19,08
2019-03-14 18:00:00.000,2019,3,14,18,12008KT,20,08
2019-03-14 19:00:00.000,2019,3,14,19,VRB02KT,20,09
2019-03-14 20:00:00.000,2019,3,14,20,28009KT,18,12
2019-03-14 21:00:00.000,2019,3,14,21,31008KT,17,12
2019-03-14 22:00:00.000,2019,3,14,22,27006KT,17,13
2019-03-14 23:00:00.000,2019,3,14,23,27004KT,16,12
2019-03-15 00:00:00.000,2019,3,15,0,29003KT,16,12
2019-03-15 01:00:00.000,2019,3,15,1,04003KT,14,12
2019-03-15 02:00:00.000,2019,3,15,2,33003KT,15,12
2019-03-15 03:00:00.000,2019,3,15,3,04005KT,14,12
2019-03-15 04:00:00.000,2019,3,15,4,06004KT,14,11
2019-03-15 05:00:00.000,2019,3,15,5,04005KT,13,11
2019-03-15 06:00:00.000,2019,3,15,6,05007KT,12,11
2019-03-15 07:00:00.000,2019,3,15,7,04007KT,13,11
2019-03-15 08:00:00.000,2019,3,15,8,04003KT,12,10
2019-03-15 09:00:00.000,2019,3,15,9,06006KT,13,10
2019-03-15 10:00:00.000,2019,3,15,10,05005KT,13,11
2019-03-15 11:00:00.000,2019,3,15,11,05005KT,13,10
2019-03-15 12:00:00.000,2019,3,15,12,05006KT,13,10
2019-03-15 13:00:00.000,2019,3,15,13,06008KT,15,10
2019-03-15 14:00:00.000,2019,3,15,14,04006KT,17,09
2019-03-15 15:00:00.000,2019,3,15,15,05006KT,18,09
2019-03-15 16:00:00.000,2019,3,15,16,16005KT,19,07
2019-03-15 17:00:00.000,2019,3,15,17,17003KT,20,08
2019-03-15 18:00:00.000,2019,3,15,18,35005KT,22,08
2019-03-15 19:00:00.000,2019,3,15,19,23012KT,20,14
2019-03-15 20:00:00.000,2019,3,15,20,26007KT,15,14
2019-03-15 21:00:00.000,2019,3,15,21,25007KT,16,13
2019-03-15 22:00:00.000,2019,3,15,22,23009KT,15,13
2019-03-15 23:00:00.000,2019,3,15,23,29003KT,15,12
2019-03-16 00:00:00.000,2019,3,16,0,VRB02KT,14,12
2019-03-16 01:00:00.000,2019,3,16,1,VRB02KT,14,12
2019-03-16 02:00:00.000,2019,3,16,2,VRB02KT,13,12
2019-03-16 03:00:00.000,2019,3,16,3,04003KT,13,11
2019-03-16 04:00:00.000,2019,3,16,4,VRB02KT,14,10
2019-03-16 05:00:00.000,2019,3,16,5,05004KT,12,10
2019-03-16 06:00:00.000,2019,3,16,6,VRB02KT,12,10
2019-03-16 07:00:00.000,2019,3,16,7,VRB02KT,11,10
2019-03-16 08:00:00.000,2019,3,16,8,VRB02KT,11,09
2019-03-16 09:00:00.000,2019,3,16,9,VRB02KT,11,09
2019-03-16 10:00:00.000,2019,3,16,10,VRB02KT,11,10
2019-03-16 11:00:00.000,2019,3,16,11,VRB02KT,11,10
2019-03-16 12:00:00.000,2019,3,16,12,34004KT,12,10
2019-03-16 13:00:00.000,2019,3,16,13,VRB02KT,13,11
2019-03-16 14:00:00.000,2019,3,16,14,04009KT,15,11
2019-03-16 15:00:00.000,2019,3,16,15,05008KT,16,11
2019-03-16 16:00:00.000,2019,3,16,16,11006KT,19,10
2019-03-16 17:00:00.000,2019,3,16,17,14010KT,20,10
2019-03-16 18:00:00.000,2019,3,16,18,13006KT,19,08
2019-03-16 19:00:00.000,2019,3,16,19,13007KT,19,09
2019-03-16 20:00:00.000,2019,3,16,20,15004KT,19,09
2019-03-16 21:00:00.000,2019,3,16,21,VRB04KT,20,09
2019-03-16 22:00:00.000,2019,3,16,22,VRB05KT,20,08
2019-03-16 23:00:00.000,2019,3,16,23,24007KT,16,11
2019-03-17 00:00:00.000,2019,3,17,0,32003KT,15,10
2019-03-17 01:00:00.000,2019,3,17,1,VRB02KT,13,10
2019-03-17 02:00:00.000,2019,3,17,2,06003KT,14,11
2019-03-17 03:00:00.000,2019,3,17,3,13005KT,15,09
2019-03-17 04:00:00.000,2019,3,17,4,02003KT,14,10
2019-03-17 05:00:00.000,2019,3,17,5,VRB02KT,13,10
2019-03-17 06:00:00.000,2019,3,17,6,25005KT,14,11
2019-03-17 07:00:00.000,2019,3,17,7,04006KT,13,10
2019-03-17 08:00:00.000,2019,3,17,8,04006KT,13,10
2019-03-17 09:00:00.000,2019,3,17,9,03006KT,13,10
2019-03-17 10:00:00.000,2019,3,17,10,06008KT,13,09
2019-03-17 11:00:00.000,2019,3,17,11,03005KT,12,09
2019-03-17 12:00:00.000,2019,3,17,12,05004KT,13,10
2019-03-17 13:00:00.000,2019,3,17,13,05007KT,14,10
2019-03-17 14:00:00.000,2019,3,17,14,05008KT,16,11
2019-03-17 15:00:00.000,2019,3,17,15,04008KT,17,10
2019-03-17 16:00:00.000,2019,3,17,16,13008KT,19,09
2019-03-17 17:00:00.000,2019,3,17,17,16009KT,19,10
2019-03-17 18:00:00.000,2019,3,17,18,12005KT,20,09
2019-03-17 19:00:00.000,2019,3,17,19,12006KT,20,08
2019-03-17 20:00:00.000,2019,3,17,20,10008KT,19,08
2019-03-17 21:00:00.000,2019,3,17,21,15007KT,19,08
2019-03-17 22:00:00.000,2019,3,17,22,13006KT,20,08
2019-03-17 23:00:00.000,2019,3,17,23,12007KT,18,09
2019-03-18 00:00:00.000,2019,3,18,0,12005KT,15,10
2019-03-18 01:00:00.000,2019,3,18,1,03005KT,13,09
2019-03-18 02:00:00.000,2019,3,18,2,10004KT,13,09
2019-03-18 03:00:00.000,2019,3,18,3,04005KT,13,09
2019-03-18 04:00:00.000,2019,3,18,4,03006KT,12,09
2019-03-18 05:00:00.000,2019,3,18,5,05008KT,12,10
2019-03-18 06:00:00.000,2019,3,18,6,03006KT,12,09
2019-03-18 07:00:00.000,2019,3,18,7,04006KT,13,09
2019-03-18 08:00:00.000,2019,3,18,8,05004KT,13,09
2019-03-18 09:00:00.000,2019,3,18,9,06010KT,12,09
2019-03-18 10:00:00.000,2019,3,18,10,05007KT,12,09
2019-03-18 11:00:00.000,2019,3,18,11,05008KT,11,08
2019-03-18 12:00:00.000,2019,3,18,12,10003KT,12,09
2019-03-18 13:00:00.000,2019,3,18,13,06005KT,15,11
2019-03-18 14:00:00.000,2019,3,18,14,12005KT,18,09
2019-03-18 15:00:00.000,2019,3,18,15,11009KT,18,08
2019-03-18 16:00:00.000,2019,3,18,16,09008KT,19,08
2019-03-18 17:00:00.000,2019,3,18,17,10006KT,20,08
2019-03-18 18:00:00.000,2019,3,18,18,13005KT,20,08
2019-03-18 19:00:00.000,2019,3,18,19,25006KT,20,10
2019-03-18 20:00:00.000,2019,3,18,20,24012KT,18,11
2019-03-18 21:00:00.000,2019,3,18,21,28007KT,16,14
2019-03-18 22:00:00.000,2019,3,18,22,VRB02KT,18,13
2019-03-18 23:00:00.000,2019,3,18,23,24005KT,17,13
2019-03-19 00:00:00.000,2019,3,19,0,33005KT,13,11
2019-03-19 01:00:00.000,2019,3,19,1,32004KT,14,12
2019-03-19 02:00:00.000,2019,3,19,2,VRB02KT,13,11
2019-03-19 03:00:00.000,2019,3,19,3,VRB02KT,12,10
2019-03-19 04:00:00.000,2019,3,19,4,06005KT,13,11
2019-03-19 05:00:00.000,2019,3,19,5,03003KT,12,10
2019-03-19 06:00:00.000,2019,3,19,6,03010KT,12,10
2019-03-19 07:00:00.000,2019,3,19,7,03006KT,13,11
2019-03-19 08:00:00.000,2019,3,19,8,05005KT,13,12
2019-03-19 09:00:00.000,2019,3,19,9,VRB02KT,14,09
2019-03-19 10:00:00.000,2019,3,19,10,09004KT,14,08
2019-03-19 11:00:00.000,2019,3,19,11,08006KT,13,08
2019-03-19 12:00:00.000,2019,3,19,12,10004KT,14,09
2019-03-19 13:00:00.000,2019,3,19,13,14007KT,14,09
2019-03-19 14:00:00.000,2019,3,19,14,02004KT,15,09
2019-03-19 15:00:00.000,2019,3,19,15,10007KT,16,09
2019-03-19 16:00:00.000,2019,3,19,16,08006KT,18,09
2019-03-19 17:00:00.000,2019,3,19,17,13004KT,17,08
2019-03-19 18:00:00.000,2019,3,19,18,VRB02KT,17,08
2019-03-19 19:00:00.000,2019,3,19,19,VRB04KT,19,11
2019-03-19 20:00:00.000,2019,3,19,20,VRB03KT,19,08
2019-03-19 21:00:00.000,2019,3,19,21,VRB04KT,18,12
2019-03-19 22:00:00.000,2019,3,19,22,24009KT,17,12
2019-03-19 23:00:00.000,2019,3,19,23,29006KT,16,12
2019-03-20 00:00:00.000,2019,3,20,0,29005KT,14,12
2019-03-20 01:00:00.000,2019,3,20,1,27006KT,15,12
2019-03-20 02:00:00.000,2019,3,20,2,01010KT,13,12
2019-03-20 03:00:00.000,2019,3,20,3,VRB02KT,13,12
2019-03-20 04:00:00.000,2019,3,20,4,VRB02KT,13,12
2019-03-20 05:00:00.000,2019,3,20,5,25003KT,12,11
2019-03-20 06:00:00.000,2019,3,20,6,VRB02KT,12,11
2019-03-20 07:00:00.000,2019,3,20,7,VRB02KT,12,11
2019-03-20 08:00:00.000,2019,3,20,8,33004KT,12,11
2019-03-20 09:00:00.000,2019,3,20,9,31003KT,12,11
2019-03-20 10:00:00.000,2019,3,20,10,VRB02KT,12,11
2019-03-20 11:00:00.000,2019,3,20,11,31003KT,12,11
2019-03-20 12:00:00.000,2019,3,20,12,VRB02KT,12,12
2019-03-20 13:00:00.000,2019,3,20,13,VRB02KT,13,12
2019-03-20 14:00:00.000,2019,3,20,14,04005KT,13,12
2019-03-20 15:00:00.000,2019,3,20,15,03005KT,14,11
2019-03-20 16:00:00.000,2019,3,20,16,09004KT,14,12
2019-03-20 17:00:00.000,2019,3,20,17,05004KT,16,12
2019-03-20 18:00:00.000,2019,3,20,18,27008KT,14,12
2019-03-20 19:00:00.000,2019,3,20,19,25006KT,14,11
2019-03-20 20:00:00.000,2019,3,20,20,05003KT,14,11
2019-03-20 21:00:00.000,2019,3,20,21,04004KT,15,11
2019-03-20 22:00:00.000,2019,3,20,22,01003KT,15,12
2019-03-20 23:00:00.000,2019,3,20,23,04003KT,14,12
2019-03-21 00:00:00.000,2019,3,21,0,05005KT,14,12
2019-03-21 01:00:00.000,2019,3,21,1,05006KT,14,12
2019-03-21 02:00:00.000,2019,3,21,2,05005KT,13,12
2019-03-21 03:00:00.000,2019,3,21,3,04005KT,13,11
2019-03-21 04:00:00.000,2019,3,21,4,04004KT,13,11
2019-03-21 05:00:00.000,2019,3,21,5,04003KT,13,11
2019-03-21 06:00:00.000,2019,3,21,6,VRB02KT,13,11
2019-03-21 07:00:00.000,2019,3,21,7,VRB02KT,12,11
2019-03-21 08:00:00.000,2019,3,21,8,00000KT,12,11
2019-03-21 09:00:00.000,2019,3,21,9,VRB02KT,12,11
2019-03-21 10:00:00.000,2019,3,21,10,32003KT,11,10
2019-03-21 11:00:00.000,2019,3,21,11,VRB02KT,11,10
2019-03-21 12:00:00.000,2019,3,21,12,08003KT,12,11
2019-03-21 13:00:00.000,2019,3,21,13,04005KT,14,12
2019-03-21 14:00:00.000,2019,3,21,14,10004KT,16,11
2019-03-21 15:00:00.000,2019,3,21,15,15008KT,18,10
2019-03-21 16:00:00.000,2019,3,21,16,16006KT,20,09
2019-03-21 17:00:00.000,2019,3,21,17,08005KT,18,10
2019-03-21 18:00:00.000,2019,3,21,18,06004KT,15,12
2019-03-21 19:00:00.000,2019,3,21,19,28004KT,14,12
2019-03-21 20:00:00.000,2019,3,21,20,27008KT,15,13
2019-03-21 21:00:00.000,2019,3,21,21,VRB02KT,17,12
2019-03-21 22:00:00.000,2019,3,21,22,32005KT,16,12
2019-03-21 23:00:00.000,2019,3,21,23,33003KT,15,12
2019-03-22 00:00:00.000,2019,3,22,0,30008KT,15,12
2019-03-22 01:00:00.000,2019,3,22,1,31008KT,14,12
2019-03-22 02:00:00.000,2019,3,22,2,06005KT,14,11
2019-03-22 03:00:00.000,2019,3,22,3,07006KT,12,11
2019-03-22 04:00:00.000,2019,3,22,4,09003KT,12,11
2019-03-22 05:00:00.000,2019,3,22,5,05006KT,11,10
2019-03-22 06:00:00.000,2019,3,22,6,05003KT,11,10
2019-03-22 07:00:00.000,2019,3,22,7,04003KT,11,10
2019-03-22 08:00:00.000,2019,3,22,8,04005KT,11,10
2019-03-22 09:00:00.000,2019,3,22,9,04005KT,11,10
2019-03-22 10:00:00.000,2019,3,22,10,05006KT,11,10
2019-03-22 11:00:00.000,2019,3,22,11,00000KT,23,22
2019-03-22 12:00:00.000,2019,3,22,12,04005KT,12,10
2019-03-22 13:00:00.000,2019,3,22,13,05006KT,13,10
2019-03-22 14:00:00.000,2019,3,22,14,07006KT,14,11
2019-03-22 15:00:00.000,2019,3,22,15,07004KT,16,11
2019-03-22 16:00:00.000,2019,3,22,16,03004KT,17,10
2019-03-22 17:00:00.000,2019,3,22,17,06006KT,19,11
2019-03-22 18:00:00.000,2019,3,22,18,24006KT,19,12
2019-03-22 19:00:00.000,2019,3,22,19,23006KT,16,12
2019-03-22 20:00:00.000,2019,3,22,20,22005KT,18,12
2019-03-22 21:00:00.000,2019,3,22,21,24012KT,18,12
2019-03-22 22:00:00.000,2019,3,22,22,19004KT,14,12
2019-03-22 23:00:00.000,2019,3,22,23,32006KT,14,13
2019-03-23 00:00:00.000,2019,3,23,0,29005KT,14,12
2019-03-23 01:00:00.000,2019,3,23,1,33003KT,14,12
2019-03-23 02:00:00.000,2019,3,23,2,VRB02KT,13,12
2019-03-23 03:00:00.000,2019,3,23,3,VRB02KT,13,12
2019-03-23 04:00:00.000,2019,3,23,4,02003KT,13,12
2019-03-23 05:00:00.000,2019,3,23,5,VRB02KT,13,11
2019-03-23 06:00:00.000,2019,3,23,6,06004KT,13,12
2019-03-23 07:00:00.000,2019,3,23,7,04003KT,12,11
2019-03-23 08:00:00.000,2019,3,23,8,VRB02KT,12,11
2019-03-23 09:00:00.000,2019,3,23,9,VRB02KT,12,12
2019-03-23 10:00:00.000,2019,3,23,10,VRB02KT,12,12
2019-03-23 11:00:00.000,2019,3,23,11,13003KT,13,12
2019-03-23 12:00:00.000,2019,3,23,12,03004KT,13,12
2019-03-23 13:00:00.000,2019,3,23,13,05005KT,14,12
2019-03-23 14:00:00.000,2019,3,23,14,05007KT,15,12
2019-03-23 15:00:00.000,2019,3,23,15,04006KT,17,11
2019-03-23 16:00:00.000,2019,3,23,16,36003KT,18,11
2019-03-23 17:00:00.000,2019,3,23,17,24008KT,18,13
2019-03-23 18:00:00.000,2019,3,23,18,25008KT,18,12
2019-03-23 19:00:00.000,2019,3,23,19,26008KT,17,12
2019-03-23 20:00:00.000,2019,3,23,20,27009KT,16,12
2019-03-23 21:00:00.000,2019,3,23,21,25008KT,16,12
2019-03-23 22:00:00.000,2019,3,23,22,24007KT,16,12
2019-03-23 23:00:00.000,2019,3,23,23,23007KT,16,12
2019-03-24 00:00:00.000,2019,3,24,0,23003KT,15,12
2019-03-24 01:00:00.000,2019,3,24,1,32004KT,14,11
2019-03-24 02:00:00.000,2019,3,24,2,35003KT,13,11
2019-03-24 03:00:00.000,2019,3,24,3,VRB02KT,14,11
2019-03-24 04:00:00.000,2019,3,24,4,VRB02KT,14,11
2019-03-24 05:00:00.000,2019,3,24,5,VRB02KT,13,11
2019-03-24 06:00:00.000,2019,3,24,6,32006KT,13,11
2019-03-24 07:00:00.000,2019,3,24,7,35003KT,13,12
2019-03-24 08:00:00.000,2019,3,24,8,00000KT,13,12
2019-03-24 09:00:00.000,2019,3,24,9,00000KT,12,11
2019-03-24 10:00:00.000,2019,3,24,10,07003KT,12,11
2019-03-24 11:00:00.000,2019,3,24,11,06007KT,11,09
2019-03-24 12:00:00.000,2019,3,24,12,06005KT,13,09
2019-03-24 13:00:00.000,2019,3,24,13,08004KT,16,09
2019-03-24 14:00:00.000,2019,3,24,14,04006KT,16,09
2019-03-24 15:00:00.000,2019,3,24,15,07004KT,17,08
2019-03-24 16:00:00.000,2019,3,24,16,VRB02KT,18,08
2019-03-24 17:00:00.000,2019,3,24,17,17005KT,18,08
2019-03-24 18:00:00.000,2019,3,24,18,08005KT,19,09
2019-03-24 19:00:00.000,2019,3,24,19,12010KT,18,08
2019-03-24 20:00:00.000,2019,3,24,20,12010KT,18,08
2019-03-24 21:00:00.000,2019,3,24,21,13010KT,19,08
2019-03-24 22:00:00.000,2019,3,24,22,16009KT,18,08
2019-03-24 23:00:00.000,2019,3,24,23,12005KT,18,08
2019-03-25 00:00:00.000,2019,3,25,0,08006KT,16,09
2019-03-25 01:00:00.000,2019,3,25,1,08005KT,15,09
2019-03-25 02:00:00.000,2019,3,25,2,03005KT,13,10
2019-03-25 03:00:00.000,2019,3,25,3,03006KT,13,08
2019-03-25 04:00:00.000,2019,3,25,4,03006KT,11,08
2019-03-25 05:00:00.000,2019,3,25,5,04005KT,11,07
2019-03-25 06:00:00.000,2019,3,25,6,05004KT,10,08
2019-03-25 07:00:00.000,2019,3,25,7,01004KT,10,07
2019-03-25 08:00:00.000,2019,3,25,8,02004KT,09,07
2019-03-25 09:00:00.000,2019,3,25,9,VRB02KT,08,06
2019-03-25 10:00:00.000,2019,3,25,10,VRB02KT,09,06
2019-03-25 11:00:00.000,2019,3,25,11,08004KT,09,07
2019-03-25 12:00:00.000,2019,3,25,12,07004KT,11,08
2019-03-25 13:00:00.000,2019,3,25,13,05006KT,13,08
2019-03-25 14:00:00.000,2019,3,25,14,04006KT,15,09
2019-03-25 15:00:00.000,2019,3,25,15,07005KT,18,08
2019-03-25 16:00:00.000,2019,3,25,16,17004KT,20,08
2019-03-25 17:00:00.000,2019,3,25,17,VRB03KT,21,08
2019-03-25 18:00:00.000,2019,3,25,18,VRB08KT,21,11
2019-03-25 19:00:00.000,2019,3,25,19,23012KT,20,12
2019-03-25 20:00:00.000,2019,3,25,20,28014KT,22,13
2019-03-25 21:00:00.000,2019,3,25,21,29010KT,19,12
2019-03-25 22:00:00.000,2019,3,25,22,07004KT,16,09
2019-03-25 23:00:00.000,2019,3,25,23,32004KT,14,12
2019-03-26 00:00:00.000,2019,3,26,0,VRB02KT,14,12
2019-03-26 01:00:00.000,2019,3,26,1,02003KT,14,12
2019-03-26 02:00:00.000,2019,3,26,2,03003KT,13,12
2019-03-26 03:00:00.000,2019,3,26,3,03004KT,13,12
2019-03-26 04:00:00.000,2019,3,26,4,06004T,13,11
2019-03-26 05:00:00.000,2019,3,26,5,04005KT,12,10
2019-03-26 06:00:00.000,2019,3,26,6,04005KT,12,10
2019-03-26 07:00:00.000,2019,3,26,7,05004KT,11,10
2019-03-26 08:00:00.000,2019,3,26,8,05006KT,11,09
2019-03-26 09:00:00.000,2019,3,26,9,06005KT,11,09
2019-03-26 10:00:00.000,2019,3,26,10,05005KT,10,09
2019-03-26 11:00:00.000,2019,3,26,11,05007KT,10,09
2019-03-26 12:00:00.000,2019,3,26,12,05004KT,12,10
2019-03-26 13:00:00.000,2019,3,26,13,06006KT,14,10
2019-03-26 14:00:00.000,2019,3,26,14,14007KT,17,08
2019-03-26 15:00:00.000,2019,3,26,15,15007KT,19,06
2019-03-26 16:00:00.000,2019,3,26,16,16003KT,20,05
2019-03-26 17:00:00.000,2019,3,26,17,13004KT,22,06
2019-03-26 18:00:00.000,2019,3,26,18,06005KT,21,08
2019-03-26 19:00:00.000,2019,3,26,19,23010KT,17,12
2019-03-26 20:00:00.000,2019,3,26,20,27012KT,17,12
2019-03-26 21:00:00.000,2019,3,26,21,23009KT,17,12
2019-03-26 22:00:00.000,2019,3,26,22,26007KT,16,12
2019-03-26 23:00:00.000,2019,3,26,23,31005KT,15,12
2019-03-27 00:00:00.000,2019,3,27,0,32005KT,14,11
2019-03-27 01:00:00.000,2019,3,27,1,VRB02KT,14,11
2019-03-27 02:00:00.000,2019,3,27,2,VRB02KT,14,12
2019-03-27 03:00:00.000,2019,3,27,3,VRB02KT,14,11
2019-03-27 04:00:00.000,2019,3,27,4,VRB02KT,14,10
2019-03-27 05:00:00.000,2019,3,27,5,VRB02KT,13,08
2019-03-27 06:00:00.000,2019,3,27,6,VRB02KT,12,09
2019-03-27 07:00:00.000,2019,3,27,7,03005KT,12,09
2019-03-27 08:00:00.000,2019,3,27,8,04004KT,12,08
2019-03-27 09:00:00.000,2019,3,27,9,VRB02KT,12,09
2019-03-27 10:00:00.000,2019,3,27,10,05004KT,10,08
2019-03-27 11:00:00.000,2019,3,27,11,04006KT,10,08
2019-03-27 12:00:00.000,2019,3,27,12,05006KT,12,09
2019-03-27 13:00:00.000,2019,3,27,13,10005KT,15,10
2019-03-27 14:00:00.000,2019,3,27,14,16004KT,17,08
2019-03-27 15:00:00.000,2019,3,27,15,VRB02KT,19,08
2019-03-27 16:00:00.000,2019,3,27,16,32003KT,20,07
2019-03-27 17:00:00.000,2019,3,27,17,21003KT,21,04
2019-03-27 18:00:00.000,2019,3,27,18,27010KT,21,10
2019-03-27 19:00:00.000,2019,3,27,19,28010KT,21,11
2019-03-27 20:00:00.000,2019,3,27,20,24010KT,20,11
2019-03-27 21:00:00.000,2019,3,27,21,28010KT,19,11
2019-03-27 22:00:00.000,2019,3,27,22,29009KT,17,11
2019-03-27 23:00:00.000,2019,3,27,23,29007KT,16,11
2019-03-28 00:00:00.000,2019,3,28,0,25005KT,16,10
2019-03-28 01:00:00.000,2019,3,28,1,VRB02KT,14,10
2019-03-28 02:00:00.000,2019,3,28,2,VRB02KT,13,11
2019-03-28 03:00:00.000,2019,3,28,3,13004KT,15,10
2019-03-28 04:00:00.000,2019,3,28,4,VRB02KT,14,09
2019-03-28 05:00:00.000,2019,3,28,5,VRB02KT,12,09
2019-03-28 06:00:00.000,2019,3,28,6,06004KT,11,09
2019-03-28 07:00:00.000,2019,3,28,7,03004KT,11,08
2019-03-28 08:00:00.000,2019,3,28,8,04005KT,11,08
2019-03-28 09:00:00.000,2019,3,28,9,05004KT,11,09
2019-03-28 10:00:00.000,2019,3,28,10,07003KT,11,09
2019-03-28 11:00:00.000,2019,3,28,11,03004KT,11,09
2019-03-28 12:00:00.000,2019,3,28,12,05005KT,11,09
2019-03-28 13:00:00.000,2019,3,28,13,02003KT,13,10
2019-03-28 14:00:00.000,2019,3,28,14,03004KT,14,10
2019-03-28 15:00:00.000,2019,3,28,15,08004KT,16,09
2019-03-28 16:00:00.000,2019,3,28,16,06003KT,18,10
2019-03-28 17:00:00.000,2019,3,28,17,05004KT,20,09
2019-03-28 18:00:00.000,2019,3,28,18,VRB02KT,19,09
2019-03-28 19:00:00.000,2019,3,28,19,23010KT,18,10
2019-03-28 20:00:00.000,2019,3,28,20,24007KT,19,11
2019-03-28 21:00:00.000,2019,3,28,21,27004KT,21,10
2019-03-28 22:00:00.000,2019,3,28,22,26005KT,19,12
2019-03-28 23:00:00.000,2019,3,28,23,30006KT,17,12
2019-03-29 00:00:00.000,2019,3,29,0,27006KT,16,10
2019-03-29 01:00:00.000,2019,3,29,1,30004KT,15,10
2019-03-29 02:00:00.000,2019,3,29,2,VRB02KT,14,09
2019-03-29 03:00:00.000,2019,3,29,3,31003KT,14,10
2019-03-29 04:00:00.000,2019,3,29,4,VRB02KT,14,11
2019-03-29 05:00:00.000,2019,3,29,5,00000KT,14,10
2019-03-29 06:00:00.000,2019,3,29,6,32003KT,13,10
2019-03-29 07:00:00.000,2019,3,29,7,34004KT,13,11
2019-03-29 08:00:00.000,2019,3,29,8,04003KT,13,11
2019-03-29 09:00:00.000,2019,3,29,9,VRB02KT,13,10
2019-03-29 10:00:00.000,2019,3,29,10,VRB02KT,13,11
2019-03-29 11:00:00.000,2019,3,29,11,04004KT,13,11
2019-03-29 12:00:00.000,2019,3,29,12,14005KT,16,10
2019-03-29 13:00:00.000,2019,3,29,13,21005KT,17,10
2019-03-29 14:00:00.000,2019,3,29,14,09007KT,17,10
2019-03-29 15:00:00.000,2019,3,29,15,05006KT,17,10
2019-03-29 16:00:00.000,2019,3,29,16,01003KT,20,10
2019-03-29 17:00:00.000,2019,3,29,17,18007KT,19,10
2019-03-29 18:00:00.000,2019,3,29,18,21010KT,19,09
2019-03-29 19:00:00.000,2019,3,29,19,29012KT,16,11
2019-03-29 20:00:00.000,2019,3,29,20,31005KT,16,12
2019-03-29 21:00:00.000,2019,3,29,21,18006KT,15,12
2019-03-29 22:00:00.000,2019,3,29,22,33003KT,14,12
2019-03-29 23:00:00.000,2019,3,29,23,VRB02KT,14,12
2019-03-30 00:00:00.000,2019,3,30,0,VRB02KT,13,12
2019-03-30 01:00:00.000,2019,3,30,1,VRB02KT,13,12
2019-03-30 02:00:00.000,2019,3,30,2,VRB02KT,13,12
2019-03-30 03:00:00.000,2019,3,30,3,VRB02KT,13,12
2019-03-30 04:00:00.000,2019,3,30,4,VRB02KT,13,12
2019-03-30 05:00:00.000,2019,3,30,5,VRB02KT,13,12
2019-03-30 06:00:00.000,2019,3,30,6,04006KT,13,12
2019-03-30 07:00:00.000,2019,3,30,7,05006KT,12,11
2019-03-30 08:00:00.000,2019,3,30,8,VRB02KT,12,11
2019-03-30 09:00:00.000,2019,3,30,9,VRB02KT,12,11
2019-03-30 10:00:00.000,2019,3,30,10,03003KT,12,12
2019-03-30 11:00:00.000,2019,3,30,11,VRB02KT,12,12
2019-03-30 12:00:00.000,2019,3,30,12,05006KT,13,12
2019-03-30 13:00:00.000,2019,3,30,13,04003KT,15,13
2019-03-30 14:00:00.000,2019,3,30,14,05006KT,16,12
2019-03-30 15:00:00.000,2019,3,30,15,06005KT,16,13
2019-03-30 16:00:00.000,2019,3,30,16,06006KT,17,12
2019-03-30 17:00:00.000,2019,3,30,17,05007KT,17,11
2019-03-30 18:00:00.000,2019,3,30,18,13006KT,17,11
2019-03-30 19:00:00.000,2019,3,30,19,11006KT,17,10
2019-03-30 20:00:00.000,2019,3,30,20,06007KT,18,11
2019-03-30 21:00:00.000,2019,3,30,21,06008KT,18,11
2019-03-30 22:00:00.000,2019,3,30,22,09006KT,17,10
2019-03-30 23:00:00.000,2019,3,30,23,09006KT,16,10
2019-03-31 00:00:00.000,2019,3,31,0,10003KT,15,10
2019-03-31 01:00:00.000,2019,3,31,1,VRB02KT,14,10
2019-03-31 02:00:00.000,2019,3,31,2,VRB02KT,12,10
2019-03-31 03:00:00.000,2019,3,31,3,VRB02KT,13,10
2019-03-31 04:00:00.000,2019,3,31,4,08003KT,14,10
2019-03-31 05:00:00.000,2019,3,31,5,05005KT,14,10
2019-03-31 06:00:00.000,2019,3,31,6,VRB02KT,13,11
2019-03-31 07:00:00.000,2019,3,31,7,06005KT,12,10
2019-03-31 08:00:00.000,2019,3,31,8,03004KT,11,10
2019-03-31 09:00:00.000,2019,3,31,9,VRB02KT,12,10
2019-03-31 10:00:00.000,2019,3,31,10,04003KT,12,10
2019-03-31 11:00:00.000,2019,3,31,11,03004KT,12,11
2019-03-31 12:00:00.000,2019,3,31,12,05010KT,15,11
2019-03-31 13:00:00.000,2019,3,31,13,06009KT,17,11
2019-03-31 14:00:00.000,2019,3,31,14,09007KT,18,11
2019-03-31 15:00:00.000,2019,3,31,15,11006KT,19,11
2019-03-31 16:00:00.000,2019,3,31,16,10008KT,19,10
2019-03-31 17:00:00.000,2019,3,31,17,09010KT,19,10
2019-03-31 18:00:00.000,2019,3,31,18,10008KT,20,10
2019-03-31 19:00:00.000,2019,3,31,19,06008KT,20,10
2019-03-31 20:00:00.000,2019,3,31,20,07009KT,20,09
2019-03-31 21:00:00.000,2019,3,31,21,23007KT,20,11
2019-03-31 22:00:00.000,2019,3,31,22,19008KT,19,09
2019-03-31 23:00:00.000,2019,3,31,23,19007KT,18,10
2019-04-01 00:00:00.000,2019,4,1,0,07003KT,16,10
2019-04-01 01:00:00.000,2019,4,1,1,VRB02KT,15,11
2019-04-01 02:00:00.000,2019,4,1,2,VRB02KT,15,11
2019-04-01 03:00:00.000,2019,4,1,3,VRB02KT,14,11
2019-04-01 04:00:00.000,2019,4,1,4,VRB02KT,14,11
2019-04-01 05:00:00.000,2019,4,1,5,03006KT,14,12
2019-04-01 06:00:00.000,2019,4,1,6,05005KT,14,11
2019-04-01 07:00:00.000,2019,4,1,7,07004KT,13,11
2019-04-01 08:00:00.000,2019,4,1,8,VRB02KT,12,10
2019-04-01 09:00:00.000,2019,4,1,9,VRB02KT,13,11
2019-04-01 10:00:00.000,2019,4,1,10,VRB02KT,12,10
2019-04-01 11:00:00.000,2019,4,1,11,VRB02KT,12,10
2019-04-01 12:00:00.000,2019,4,1,12,33003KT,12,10
2019-04-01 13:00:00.000,2019,4,1,13,03003KT,14,11
2019-04-01 14:00:00.000,2019,4,1,14,05004KT,15,11
2019-04-01 15:00:00.000,2019,4,1,15,03005KT,17,11
2019-04-01 16:00:00.000,2019,4,1,16,VRB02KT,19,11
2019-04-01 17:00:00.000,2019,4,1,17,04008KT,19,10
2019-04-01 18:00:00.000,2019,4,1,18,10007KT,18,11
2019-04-01 19:00:00.000,2019,4,1,19,20006KT,20,10
2019-04-01 20:00:00.000,2019,4,1,20,31010KT,19,12
2019-04-01 21:00:00.000,2019,4,1,21,30012KT,19,12
2019-04-01 22:00:00.000,2019,4,1,22,27010KT,15,14
2019-04-01 23:00:00.000,2019,4,1,23,31006KT,15,14
2019-04-02 00:00:00.000,2019,4,2,0,26005KT,15,14
2019-04-02 01:00:00.000,2019,4,2,1,28004KT,14,13
2019-04-02 02:00:00.000,2019,4,2,2,21007KT,14,13
2019-04-02 03:00:00.000,2019,4,2,3,04004KT,13,11
2019-04-02 04:00:00.000,2019,4,2,4,VRB02KT,13,12
2019-04-02 05:00:00.000,2019,4,2,5,02003KT,13,12
2019-04-02 06:00:00.000,2019,4,2,6,35003KT,13,12
2019-04-02 07:00:00.000,2019,4,2,7,VRB02KT,12,11
2019-04-02 08:00:00.000,2019,4,2,8,33003KT,12,11
2019-04-02 09:00:00.000,2019,4,2,9,00000KT,12,11
2019-04-02 10:00:00.000,2019,4,2,10,VRB02KT,12,11
2019-04-02 11:00:00.000,2019,4,2,11,VRB02KT,12,11
2019-04-02 12:00:00.000,2019,4,2,12,00000KT,13,12
2019-04-02 13:00:00.000,2019,4,2,13,VRB02KT,14,12
2019-04-02 14:00:00.000,2019,4,2,14,02003KT,16,12
2019-04-02 15:00:00.000,2019,4,2,15,VRB02KT,17,11
2019-04-02 16:00:00.000,2019,4,2,16,18004KT,18,12
2019-04-02 17:00:00.000,2019,4,2,17,18006KT,17,11
2019-04-02 18:00:00.000,2019,4,2,18,30012KT,16,13
2019-04-02 19:00:00.000,2019,4,2,19,29012KT,15,12
2019-04-02 20:00:00.000,2019,4,2,20,25010KT,14,12
2019-04-02 21:00:00.000,2019,4,2,21,32006KT,14,11
2019-04-02 22:00:00.000,2019,4,2,22,26004KT,14,11
2019-04-02 23:00:00.000,2019,4,2,23,VRB02KT,14,12
2019-04-03 00:00:00.000,2019,4,3,0,VRB02KT,14,12
2019-04-03 01:00:00.000,2019,4,3,1,20004KT,13,12
2019-04-03 02:00:00.000,2019,4,3,2,VRB02KT,11,10
2019-04-03 03:00:00.000,2019,4,3,3,33003KT,11,10
2019-04-03 04:00:00.000,2019,4,3,4,34004KT,10,09
2019-04-03 05:00:00.000,2019,4,3,5,VRB02KT,11,10
2019-04-03 06:00:00.000,2019,4,3,6,VRB02KT,11,10
2019-04-03 07:00:00.000,2019,4,3,7,VRB02KT,11,11
2019-04-03 08:00:00.000,2019,4,3,8,VRB02KT,11,11
2019-04-03 09:00:00.000,2019,4,3,9,31003KT,11,10
2019-04-03 10:00:00.000,2019,4,3,10,VRB02KT,11,11
2019-04-03 11:00:00.000,2019,4,3,11,VRB02KT,11,11
2019-04-03 12:00:00.000,2019,4,3,12,VRB02KT,12,11
2019-04-03 13:00:00.000,2019,4,3,13,30003KT,13,12
2019-04-03 14:00:00.000,2019,4,3,14,VRB02KT,14,12
2019-04-03 15:00:00.000,2019,4,3,15,13003KT,17,11
2019-04-03 16:00:00.000,2019,4,3,16,19004KT,19,10
2019-04-03 17:00:00.000,2019,4,3,17,28005KT,19,10
2019-04-03 18:00:00.000,2019,4,3,18,25012KT,18,12
2019-04-03 19:00:00.000,2019,4,3,19,28013KT,19,12
2019-04-03 20:00:00.000,2019,4,3,20,24011KT,19,12
2019-04-03 21:00:00.000,2019,4,3,21,24013KT,18,11
2019-04-03 22:00:00.000,2019,4,3,22,24009KT,17,11
2019-04-03 23:00:00.000,2019,4,3,23,25008KT,16,12
2019-04-04 00:00:00.000,2019,4,4,0,27006KT,15,11
2019-04-04 01:00:00.000,2019,4,4,1,26006KT,15,12
2019-04-04 02:00:00.000,2019,4,4,2,29006KT,14,12
2019-04-04 03:00:00.000,2019,4,4,3,30007KT,14,11
2019-04-04 04:00:00.000,2019,4,4,4,32004KT,14,11
2019-04-04 05:00:00.000,2019,4,4,5,27003KT,14,12
2019-04-04 06:00:00.000,2019,4,4,6,30004KT,13,12
2019-04-04 07:00:00.000,2019,4,4,7,27003KT,13,12
2019-04-04 08:00:00.000,2019,4,4,8,VRB02KT,13,12
2019-04-04 09:00:00.000,2019,4,4,9,VRB02KT,13,12
2019-04-04 10:00:00.000,2019,4,4,10,VRB02KT,13,12
2019-04-04 11:00:00.000,2019,4,4,11,VRB02KT,12,11
2019-04-04 12:00:00.000,2019,4,4,12,35003KT,13,11
2019-04-04 13:00:00.000,2019,4,4,13,04003KT,14,12
2019-04-04 14:00:00.000,2019,4,4,14,VRB02KT,17,11
2019-04-04 15:00:00.000,2019,4,4,15,31004KT,17,11
2019-04-04 16:00:00.000,2019,4,4,16,31008G18KT,19,12
2019-04-04 17:00:00.000,2019,4,4,17,31009KT,19,12
2019-04-04 18:00:00.000,2019,4,4,18,29009KT,18,11
2019-04-04 19:00:00.000,2019,4,4,19,28012KT,19,12
2019-04-04 20:00:00.000,2019,4,4,20,26009KT,20,12
2019-04-04 21:00:00.000,2019,4,4,21,29012KT,20,12
2019-04-04 22:00:00.000,2019,4,4,22,30013KT,18,12
2019-04-04 23:00:00.000,2019,4,4,23,26009KT,16,12
2019-04-05 00:00:00.000,2019,4,5,0,36006KT,15,12
2019-04-05 01:00:00.000,2019,4,5,1,29007KT,15,12
2019-04-05 02:00:00.000,2019,4,5,2,26005KT,14,12
2019-04-05 03:00:00.000,2019,4,5,3,30006KT,15,12
2019-04-05 04:00:00.000,2019,4,5,4,29006KT,14,12
2019-04-05 05:00:00.000,2019,4,5,5,31003KT,13,11
2019-04-05 06:00:00.000,2019,4,5,6,32005KT,13,12
2019-04-05 07:00:00.000,2019,4,5,7,29007KT,13,12
2019-04-05 08:00:00.000,2019,4,5,8,33005KT,13,12
2019-04-05 09:00:00.000,2019,4,5,9,32005KT,13,12
2019-04-05 10:00:00.000,2019,4,5,10,26003KT,13,12
2019-04-05 11:00:00.000,2019,4,5,11,30006KT,13,11
2019-04-05 12:00:00.000,2019,4,5,12,VRB02KT,13,12
2019-04-05 13:00:00.000,2019,4,5,13,VRB02KT,15,13
2019-04-05 14:00:00.000,2019,4,5,14,36003KT,16,12
2019-04-05 15:00:00.000,2019,4,5,15,31006KT,17,12
2019-04-05 16:00:00.000,2019,4,5,16,31008KT,19,12
2019-04-05 17:00:00.000,2019,4,5,17,31010KT,20,12
2019-04-05 18:00:00.000,2019,4,5,18,33011KT,19,12
2019-04-05 19:00:00.000,2019,4,5,19,30010KT,21,14
2019-04-05 20:00:00.000,2019,4,5,20,28011KT,20,12
2019-04-05 21:00:00.000,2019,4,5,21,29015KT,18,12
2019-04-05 22:00:00.000,2019,4,5,22,28008KT,17,12
2019-04-05 23:00:00.000,2019,4,5,23,26008KT,17,12
2019-04-06 00:00:00.000,2019,4,6,0,23006KT,16,13
2019-04-06 01:00:00.000,2019,4,6,1,27006KT,15,13
2019-04-06 02:00:00.000,2019,4,6,2,28008KT,16,12
2019-04-06 03:00:00.000,2019,4,6,3,31007KT,14,12
2019-04-06 04:00:00.000,2019,4,6,4,28004KT,15,12
2019-04-06 05:00:00.000,2019,4,6,5,VRB03KT,15,12
2019-04-06 06:00:00.000,2019,4,6,6,31006KT,14,12
2019-04-06 07:00:00.000,2019,4,6,7,30010KT,14,12
2019-04-06 08:00:00.000,2019,4,6,8,31009KT,13,12
2019-04-06 09:00:00.000,2019,4,6,9,31007KT,13,12
2019-04-06 10:00:00.000,2019,4,6,10,26004KT,13,11
2019-04-06 11:00:00.000,2019,4,6,11,30006KT,13,12
2019-04-06 12:00:00.000,2019,4,6,12,VRB02KT,13,12
2019-04-06 13:00:00.000,2019,4,6,13,27003KT,15,12
2019-04-06 14:00:00.000,2019,4,6,14,25004KT,16,12
2019-04-06 15:00:00.000,2019,4,6,15,22004KT,18,12
2019-04-06 16:00:00.000,2019,4,6,16,27005KT,20,11
2019-04-06 17:00:00.000,2019,4,6,17,25006KT,21,11
2019-04-06 18:00:00.000,2019,4,6,18,27014KT,19,12
2019-04-06 19:00:00.000,2019,4,6,19,29015KT,20,12
2019-04-06 20:00:00.000,2019,4,6,20,24012KT,20,11
2019-04-06 21:00:00.000,2019,4,6,21,26008KT,19,10
2019-04-06 22:00:00.000,2019,4,6,22,29011KT,19,12
2019-04-06 23:00:00.000,2019,4,6,23,26004KT,16,12
2019-04-07 00:00:00.000,2019,4,7,0,22004KT,15,12
2019-04-07 01:00:00.000,2019,4,7,1,28004KT,15,13
2019-04-07 02:00:00.000,2019,4,7,2,27004KT,15,12
2019-04-07 03:00:00.000,2019,4,7,3,32005KT,15,12
2019-04-07 04:00:00.000,2019,4,7,4,34006KT,14,12
2019-04-07 05:00:00.000,2019,4,7,5,27003KT,14,12
2019-04-07 06:00:00.000,2019,4,7,6,30006KT,13,12
2019-04-07 07:00:00.000,2019,4,7,7,28004KT,13,11
2019-04-07 08:00:00.000,2019,4,7,8,VRB02KT,14,11
2019-04-07 09:00:00.000,2019,4,7,9,VRB02KT,13,12
2019-04-07 10:00:00.000,2019,4,7,10,VRB02KT,13,11
2019-04-07 11:00:00.000,2019,4,7,11,VRB02KT,12,11
2019-04-07 12:00:00.000,2019,4,7,12,35003KT,13,12
2019-04-07 13:00:00.000,2019,4,7,13,VRB02KT,16,10
2019-04-07 14:00:00.000,2019,4,7,14,07004KT,18,10
2019-04-07 15:00:00.000,2019,4,7,15,26005KT,18,09
2019-04-07 16:00:00.000,2019,4,7,16,33005KT,20,09
2019-04-07 17:00:00.000,2019,4,7,17,24005KT,19,10
2019-04-07 18:00:00.000,2019,4,7,18,26009KT,19,11
2019-04-07 19:00:00.000,2019,4,7,19,26011KT,20,11
2019-04-07 20:00:00.000,2019,4,7,20,26011KT,20,12
2019-04-07 21:00:00.000,2019,4,7,21,26011KT,18,13
2019-04-07 22:00:00.000,2019,4,7,22,23008KT,18,12
2019-04-07 23:00:00.000,2019,4,7,23,25006KT,16,12
2019-04-08 00:00:00.000,2019,4,8,0,25008KT,15,12
2019-04-08 01:00:00.000,2019,4,8,1,17010KT,16,08
2019-04-08 02:00:00.000,2019,4,8,2,17006KT,15,08
2019-04-08 03:00:00.000,2019,4,8,3,19007KT,15,08
2019-04-08 04:00:00.000,2019,4,8,4,17009KT,15,08
2019-04-08 05:00:00.000,2019,4,8,5,04004KT,13,10
2019-04-08 06:00:00.000,2019,4,8,6,02004KT,12,09
2019-04-08 07:00:00.000,2019,4,8,7,08003KT,11,08
2019-04-08 08:00:00.000,2019,4,8,8,12004KT,13,08
2019-04-08 09:00:00.000,2019,4,8,9,03003KT,10,08
2019-04-08 10:00:00.000,2019,4,8,10,VRB02KT,11,09
2019-04-08 11:00:00.000,2019,4,8,11,05005KT,10,08
2019-04-08 12:00:00.000,2019,4,8,12,05006KT,12,09
2019-04-08 13:00:00.000,2019,4,8,13,10004KT,16,08
2019-04-08 14:00:00.000,2019,4,8,14,04008KT,16,09
2019-04-08 15:00:00.000,2019,4,8,15,VRB05KT,19,06
2019-04-08 16:00:00.000,2019,4,8,16,09005KT,21,06
2019-04-08 17:00:00.000,2019,4,8,17,VRB04KT,22,05
2019-04-08 18:00:00.000,2019,4,8,18,22011KT,21,11
2019-04-08 19:00:00.000,2019,4,8,19,25010KT,21,11
2019-04-08 20:00:00.000,2019,4,8,20,26014KT,21,12
2019-04-08 21:00:00.000,2019,4,8,21,27014KT,19,11
2019-04-08 22:00:00.000,2019,4,8,22,28013KT,17,10
2019-04-08 23:00:00.000,2019,4,8,23,03004KT,14,12
2019-04-09 00:00:00.000,2019,4,9,0,VRB02KT,14,11
2019-04-09 01:00:00.000,2019,4,9,1,VRB02KT,13,11
2019-04-09 02:00:00.000,2019,4,9,2,VRB02KT,13,11
2019-04-09 03:00:00.000,2019,4,9,3,VRB02KT,13,12
2019-04-09 04:00:00.000,2019,4,9,4,04004KT,13,11
2019-04-09 05:00:00.000,2019,4,9,5,VRB02KT,13,11
2019-04-09 06:00:00.000,2019,4,9,6,VRB02KT,13,11
2019-04-09 07:00:00.000,2019,4,9,7,VRB02KT,12,10
2019-04-09 08:00:00.000,2019,4,9,8,VRB02KT,12,11
2019-04-09 09:00:00.000,2019,4,9,9,VRB02KT,12,11
2019-04-09 10:00:00.000,2019,4,9,10,VRB02KT,12,10
2019-04-09 11:00:00.000,2019,4,9,11,VRB02KT,12,11
2019-04-09 12:00:00.000,2019,4,9,12,33003KT,13,11
2019-04-09 13:00:00.000,2019,4,9,13,VRB02KT,14,11
2019-04-09 14:00:00.000,2019,4,9,14,28003KT,15,12
2019-04-09 15:00:00.000,2019,4,9,15,33003KT,17,11
2019-04-09 16:00:00.000,2019,4,9,16,26003KT,19,11
2019-04-09 17:00:00.000,2019,4,9,17,22006KT,17,11
2019-04-09 18:00:00.000,2019,4,9,18,26010KT,15,13
2019-04-09 19:00:00.000,2019,4,9,19,28011KT,19,13
2019-04-09 20:00:00.000,2019,4,9,20,28010KT,18,10
2019-04-09 21:00:00.000,2019,4,9,21,25009KT,17,11
2019-04-09 22:00:00.000,2019,4,9,22,26008KT,16,11
2019-04-09 23:00:00.000,2019,4,9,23,VRB02KT,15,10
2019-04-10 00:00:00.000,2019,4,10,0,VRB02KT,15,10
2019-04-10 01:00:00.000,2019,4,10,1,VRB02KT,14,11
2019-04-10 02:00:00.000,2019,4,10,2,VRB02KT,14,10
2019-04-10 03:00:00.000,2019,4,10,3,34004KT,13,10
2019-04-10 04:00:00.000,2019,4,10,4,31003KT,14,09
2019-04-10 05:00:00.000,2019,4,10,5,24003KT,13,10
2019-04-10 06:00:00.000,2019,4,10,6,VRB02KT,13,10
2019-04-10 07:00:00.000,2019,4,10,7,VRB02KT,13,10
2019-04-10 08:00:00.000,2019,4,10,8,VRB02KT,13,10
2019-04-10 09:00:00.000,2019,4,10,9,29003KT,12,10
2019-04-10 10:00:00.000,2019,4,10,10,32003KT,12,10
2019-04-10 11:00:00.000,2019,4,10,11,34003KT,10,09
2019-04-10 12:00:00.000,2019,4,10,12,VRB02KT,12,10
2019-04-10 13:00:00.000,2019,4,10,13,VRB02KT,15,11
2019-04-10 14:00:00.000,2019,4,10,14,VRB02KT,17,10
2019-04-10 15:00:00.000,2019,4,10,15,01004KT,18,10
2019-04-10 16:00:00.000,2019,4,10,16,29006KT,18,10
2019-04-10 17:00:00.000,2019,4,10,17,30004KT,19,10
2019-04-10 18:00:00.000,2019,4,10,18,26007KT,17,12
2019-04-10 19:00:00.000,2019,4,10,19,30008KT,16,13
2019-04-10 20:00:00.000,2019,4,10,20,24006KT,16,12
2019-04-10 21:00:00.000,2019,4,10,21,23008KT,16,12
2019-04-10 22:00:00.000,2019,4,10,22,26004KT,16,10
2019-04-10 23:00:00.000,2019,4,10,23,VRB02KT,16,10
2019-04-11 00:00:00.000,2019,4,11,0,34003KT,14,11
2019-04-11 01:00:00.000,2019,4,11,1,32007KT,14,12
2019-04-11 02:00:00.000,2019,4,11,2,24004KT,14,11
2019-04-11 03:00:00.000,2019,4,11,3,VRB02KT,14,11
2019-04-11 04:00:00.000,2019,4,11,4,25003KT,13,11
2019-04-11 05:00:00.000,2019,4,11,5,34003KT,13,12
2019-04-11 06:00:00.000,2019,4,11,6,26003KT,13,11
2019-04-11 07:00:00.000,2019,4,11,7,29003KT,12,11
2019-04-11 08:00:00.000,2019,4,11,8,29005KT,13,11
2019-04-11 09:00:00.000,2019,4,11,9,VRB02KT,13,11
2019-04-11 10:00:00.000,2019,4,11,10,00000KT,12,11
2019-04-11 11:00:00.000,2019,4,11,11,34003KT,12,11
2019-04-11 12:00:00.000,2019,4,11,12,VRB02KT,12,11
2019-04-11 13:00:00.000,2019,4,11,13,VRB02KT,14,12
2019-04-11 14:00:00.000,2019,4,11,14,VRB02KT,16,12
2019-04-11 15:00:00.000,2019,4,11,15,VRB02KT,18,11
2019-04-11 16:00:00.000,2019,4,11,16,VRB02KT,19,10
2019-04-11 17:00:00.000,2019,4,11,17,22008KT,16,12
2019-04-11 18:00:00.000,2019,4,11,18,24009KT,17,13
2019-04-11 19:00:00.000,2019,4,11,19,22008KT,19,11
2019-04-11 20:00:00.000,2019,4,11,20,16004KT,20,09
2019-04-11 21:00:00.000,2019,4,11,21,24008KT,20,11
2019-04-11 22:00:00.000,2019,4,11,22,27008KT,19,12
2019-04-11 23:00:00.000,2019,4,11,23,24008KT,18,12
2019-04-12 00:00:00.000,2019,4,12,0,36004KT,16,12
2019-04-12 01:00:00.000,2019,4,12,1,05006KT,15,13
2019-04-12 02:00:00.000,2019,4,12,2,VRB02KT,14,12
2019-04-12 03:00:00.000,2019,4,12,3,26006KT,14,12
2019-04-12 04:00:00.000,2019,4,12,4,VRB02KT,12,11
2019-04-12 05:00:00.000,2019,4,12,5,VRB02KT,13,12
2019-04-12 06:00:00.000,2019,4,12,6,VRB02KT,11,10
2019-04-12 07:00:00.000,2019,4,12,7,VRB02KT,12,11
2019-04-12 08:00:00.000,2019,4,12,8,VRB02KT,12,12
2019-04-12 09:00:00.000,2019,4,12,9,VRB02KT,13,12
2019-04-12 10:00:00.000,2019,4,12,10,VRB02KT,13,11
2019-04-12 11:00:00.000,2019,4,12,11,VRB02KT,13,12
2019-04-12 12:00:00.000,2019,4,12,12,05007KT,13,11
2019-04-12 13:00:00.000,2019,4,12,13,05008KT,16,11
2019-04-12 14:00:00.000,2019,4,12,14,08007KT,17,11
2019-04-12 15:00:00.000,2019,4,12,15,05008KT,17,11
2019-04-12 16:00:00.000,2019,4,12,16,11009KT,17,10
2019-04-12 17:00:00.000,2019,4,12,17,16008KT,17,10
2019-04-12 18:00:00.000,2019,4,12,18,13007KT,18,10
2019-04-12 19:00:00.000,2019,4,12,19,15006KT,20,10
2019-04-12 20:00:00.000,2019,4,12,20,19007KT,19,08
2019-04-12 21:00:00.000,2019,4,12,21,05010KT,19,10
2019-04-12 22:00:00.000,2019,4,12,22,07008KT,18,10
2019-04-12 23:00:00.000,2019,4,12,23,36004KT,16,12
2019-04-13 00:00:00.000,2019,4,13,0,07004KT,16,10
2019-04-13 01:00:00.000,2019,4,13,1,07008KT,15,10
2019-04-13 02:00:00.000,2019,4,13,2,05008KT,14,10
2019-04-13 03:00:00.000,2019,4,13,3,03007KT,13,11
2019-04-13 04:00:00.000,2019,4,13,4,06006KT,14,11
2019-04-13 05:00:00.000,2019,4,13,5,04007KT,12,10
2019-04-13 06:00:00.000,2019,4,13,6,02004KT,12,10
2019-04-13 07:00:00.000,2019,4,13,7,06006KT,12,09
2019-04-13 08:00:00.000,2019,4,13,8,04008KT,12,09
2019-04-13 09:00:00.000,2019,4,13,9,04003KT,12,09
2019-04-13 10:00:00.000,2019,4,13,10,04004KT,11,09
2019-04-13 11:00:00.000,2019,4,13,11,VRB02KT,11,10
2019-04-13 12:00:00.000,2019,4,13,12,03004KT,13,10
2019-04-13 13:00:00.000,2019,4,13,13,04007KT,15,11
2019-04-13 14:00:00.000,2019,4,13,14,07006KT,18,10
2019-04-13 15:00:00.000,2019,4,13,15,13010KT,20,10
2019-04-13 16:00:00.000,2019,4,13,16,10011KT,19,08
2019-04-13 17:00:00.000,2019,4,13,17,13008KT,20,09
2019-04-13 18:00:00.000,2019,4,13,18,12011KT,20,08
2019-04-13 19:00:00.000,2019,4,13,19,13009KT,19,08
2019-04-13 20:00:00.000,2019,4,13,20,10006KT,20,09
2019-04-13 21:00:00.000,2019,4,13,21,14012KT,18,09
2019-04-13 22:00:00.000,2019,4,13,22,15008KT,18,09
2019-04-13 23:00:00.000,2019,4,13,23,14007KT,17,09
2019-04-14 00:00:00.000,2019,4,14,0,13004KT,16,10
2019-04-14 01:00:00.000,2019,4,14,1,26005KT,15,10
2019-04-14 02:00:00.000,2019,4,14,2,VRB02KT,14,11
2019-04-14 03:00:00.000,2019,4,14,3,01004KT,13,10
2019-04-14 04:00:00.000,2019,4,14,4,05005KT,12,10
2019-04-14 05:00:00.000,2019,4,14,5,03003KT,11,09
2019-04-14 06:00:00.000,2019,4,14,6,VRB02KT,10,09
2019-04-14 07:00:00.000,2019,4,14,7,24004KT,11,09
2019-04-14 08:00:00.000,2019,4,14,8,05003KT,10,09
2019-04-14 09:00:00.000,2019,4,14,9,31003KT,09,08
2019-04-14 10:00:00.000,2019,4,14,10,08003KT,10,09
2019-04-14 11:00:00.000,2019,4,14,11,04003KT,10,09
2019-04-14 12:00:00.000,2019,4,14,12,VRB02KT,12,10
2019-04-14 13:00:00.000,2019,4,14,13,05003KT,15,10
2019-04-14 14:00:00.000,2019,4,14,14,31003KT,17,09
2019-04-14 15:00:00.000,2019,4,14,15,16005KT,20,08
2019-04-14 16:00:00.000,2019,4,14,16,18006KT,20,08
2019-04-14 17:00:00.000,2019,4,14,17,10007KT,21,08
2019-04-14 18:00:00.000,2019,4,14,18,19009KT,22,07
2019-04-14 19:00:00.000,2019,4,14,19,29010KT,20,12
2019-04-14 20:00:00.000,2019,4,14,20,29014KT,19,12
2019-04-14 21:00:00.000,2019,4,14,21,28012KT,17,11
2019-04-14 22:00:00.000,2019,4,14,22,21005KT,14,12
2019-04-14 23:00:00.000,2019,4,14,23,VRB02KT,13,12
2019-04-15 00:00:00.000,2019,4,15,0,07003KT,13,12
2019-04-15 01:00:00.000,2019,4,15,1,04003KT,13,12
2019-04-15 02:00:00.000,2019,4,15,2,34003KT,13,12
2019-04-15 03:00:00.000,2019,4,15,3,VRB02KT,13,12
2019-04-15 04:00:00.000,2019,4,15,4,04007KT,13,12
2019-04-15 05:00:00.000,2019,4,15,5,04012KT,13,11
2019-04-15 06:00:00.000,2019,4,15,6,05005KT,13,11
2019-04-15 07:00:00.000,2019,4,15,7,04005KT,12,11
2019-04-15 08:00:00.000,2019,4,15,8,00000KT,12,11
2019-04-15 09:00:00.000,2019,4,15,9,VRB02KT,12,11
2019-04-15 10:00:00.000,2019,4,15,10,00000KT,12,11
2019-04-15 11:00:00.000,2019,4,15,11,00000KT,11,10
2019-04-15 12:00:00.000,2019,4,15,12,20003KT,13,11
2019-04-15 13:00:00.000,2019,4,15,13,01004KT,14,12
2019-04-15 14:00:00.000,2019,4,15,14,VRB02KT,16,12
2019-04-15 15:00:00.000,2019,4,15,15,03005KT,17,11
2019-04-15 16:00:00.000,2019,4,15,16,VRB02KT,18,10
2019-04-15 17:00:00.000,2019,4,15,17,05010KT,17,11
2019-04-15 18:00:00.000,2019,4,15,18,08006KT,19,09
2019-04-15 19:00:00.000,2019,4,15,19,09008KT,18,09
2019-04-15 20:00:00.000,2019,4,15,20,07005KT,18,10
2019-04-15 21:00:00.000,2019,4,15,21,28009KT,16,13
2019-04-15 22:00:00.000,2019,4,15,22,24006KT,15,12
2019-04-15 23:00:00.000,2019,4,15,23,26005KT,14,11
2019-04-16 00:00:00.000,2019,4,16,0,VRB02KT,13,11
2019-04-16 01:00:00.000,2019,4,16,1,03003KT,13,11
2019-04-16 02:00:00.000,2019,4,16,2,00000KT,13,11
2019-04-16 03:00:00.000,2019,4,16,3,36003KT,12,11
2019-04-16 04:00:00.000,2019,4,16,4,VRB02KT,13,11
2019-04-16 05:00:00.000,2019,4,16,5,35003KT,13,11
2019-04-16 06:00:00.000,2019,4,16,6,VRB02KT,13,11
2019-04-16 07:00:00.000,2019,4,16,7,01003KT,12,10
2019-04-16 08:00:00.000,2019,4,16,8,00000KT,12,10
2019-04-16 09:00:00.000,2019,4,16,9,VRB02KT,11,10
2019-04-16 10:00:00.000,2019,4,16,10,00000KT,12,11
2019-04-16 11:00:00.000,2019,4,16,11,VRB02KT,12,11
2019-04-16 12:00:00.000,2019,4,16,12,02004KT,13,12
2019-04-16 13:00:00.000,2019,4,16,13,04006KT,16,12
2019-04-16 14:00:00.000,2019,4,16,14,08006KT,18,11
2019-04-16 15:00:00.000,2019,4,16,15,14012KT,18,10
2019-04-16 16:00:00.000,2019,4,16,16,19008KT,19,10
2019-04-16 17:00:00.000,2019,4,16,17,14008KT,20,09
2019-04-16 18:00:00.000,2019,4,16,18,15010KT,20,09
2019-04-16 19:00:00.000,2019,4,16,19,13008KT,19,10
2019-04-16 20:00:00.000,2019,4,16,20,14008KT,18,10
2019-04-16 21:00:00.000,2019,4,16,21,21006KT,19,09
2019-04-16 22:00:00.000,2019,4,16,22,24010KT,17,12
2019-04-16 23:00:00.000,2019,4,16,23,27007KT,16,12
2019-04-17 00:00:00.000,2019,4,17,0,VRB02KT,14,12
2019-04-17 01:00:00.000,2019,4,17,1,34003KT,14,12
2019-04-17 02:00:00.000,2019,4,17,2,04004KT,14,13
2019-04-17 03:00:00.000,2019,4,17,3,02004KT,13,11
2019-04-17 04:00:00.000,2019,4,17,4,01005KT,13,11
2019-04-17 05:00:00.000,2019,4,17,5,32003KT,12,11
2019-04-17 06:00:00.000,2019,4,17,6,06004KT,11,10
2019-04-17 07:00:00.000,2019,4,17,7,05004KT,12,10
2019-04-17 08:00:00.000,2019,4,17,8,04003KT,11,10
2019-04-17 09:00:00.000,2019,4,17,9,06004KT,11,10
2019-04-17 10:00:00.000,2019,4,17,10,33003KT,10,09
2019-04-17 11:00:00.000,2019,4,17,11,30003KT,11,10
2019-04-17 12:00:00.000,2019,4,17,12,33004KT,12,10
2019-04-17 13:00:00.000,2019,4,17,13,VRB02KT,14,12
2019-04-17 14:00:00.000,2019,4,17,14,03003KT,17,11
2019-04-17 15:00:00.000,2019,4,17,15,05003KT,17,11
2019-04-17 16:00:00.000,2019,4,17,16,35003KT,19,10
2019-04-17 17:00:00.000,2019,4,17,17,36003KT,18,11
2019-04-17 18:00:00.000,2019,4,17,18,25009KT,18,09
2019-04-17 20:00:00.000,2019,4,17,20,30010KT,16,12
2019-04-17 21:00:00.000,2019,4,17,21,27009KT,17,11
2019-04-17 22:00:00.000,2019,4,17,22,28006KT,17,10
2019-04-17 23:00:00.000,2019,4,17,23,02005KT,16,10
2019-04-18 00:00:00.000,2019,4,18,0,VRB02KT,15,10
2019-04-18 01:00:00.000,2019,4,18,1,34003KT,13,11
2019-04-18 02:00:00.000,2019,4,18,2,03004KT,13,11
2019-04-18 03:00:00.000,2019,4,18,3,35003KT,13,11
2019-04-18 04:00:00.000,2019,4,18,4,VRB02KT,13,11
2019-04-18 05:00:00.000,2019,4,18,5,05004KT,13,11
2019-04-18 06:00:00.000,2019,4,18,6,VRB02KT,13,12
2019-04-18 07:00:00.000,2019,4,18,7,01003KT,13,12
2019-04-18 08:00:00.000,2019,4,18,8,VRB02KT,13,11
2019-04-18 09:00:00.000,2019,4,18,9,VRB02KT,13,11
2019-04-18 10:00:00.000,2019,4,18,10,VRB02KT,13,12
2019-04-18 11:00:00.000,2019,4,18,11,00000KT,13,12
2019-04-18 12:00:00.000,2019,4,18,12,05003KT,15,12
2019-04-18 13:00:00.000,2019,4,18,13,VRB05KT,17,12
2019-04-18 14:00:00.000,2019,4,18,14,05006KT,18,10
2019-04-18 15:00:00.000,2019,4,18,15,03010KT,17,12
2019-04-18 16:00:00.000,2019,4,18,16,27007KT,15,13
2019-04-18 17:00:00.000,2019,4,18,17,27010KT,15,13
2019-04-18 18:00:00.000,2019,4,18,18,26007KT,16,12
2019-04-18 19:00:00.000,2019,4,18,19,15011KT,15,12
2019-04-18 20:00:00.000,2019,4,18,20,04004KT,14,12
2019-04-18 21:00:00.000,2019,4,18,21,03005KT,16,12
2019-04-18 22:00:00.000,2019,4,18,22,03006KT,15,13
2019-04-18 23:00:00.000,2019,4,18,23,32005KT,15,12
2019-04-19 00:00:00.000,2019,4,19,0,VRB02KT,14,11
2019-04-19 01:00:00.000,2019,4,19,1,VRB02KT,14,11
2019-04-19 02:00:00.000,2019,4,19,2,VRB02KT,13,11
2019-04-19 03:00:00.000,2019,4,19,3,VRB02KT,13,11
2019-04-19 04:00:00.000,2019,4,19,4,VRB02KT,13,11
2019-04-19 05:00:00.000,2019,4,19,5,VRB02KT,12,11
2019-04-19 06:00:00.000,2019,4,19,6,VRB02KT,12,11
2019-04-19 07:00:00.000,2019,4,19,7,00000KT,11,10
2019-04-19 08:00:00.000,2019,4,19,8,28003KT,11,10
2019-04-19 09:00:00.000,2019,4,19,9,34003KT,09,08
2019-04-19 10:00:00.000,2019,4,19,10,VRB02KT,09,08
2019-04-19 11:00:00.000,2019,4,19,11,04003KT,10,10
2019-04-19 12:00:00.000,2019,4,19,12,00000KT,11,10
2019-04-19 13:00:00.000,2019,4,19,13,05003KT,13,12
2019-04-19 14:00:00.000,2019,4,19,14,07006KT,15,12
2019-04-19 15:00:00.000,2019,4,19,15,08007KT,17,11
2019-04-19 16:00:00.000,2019,4,19,16,06008KT,18,10
2019-04-19 17:00:00.000,2019,4,19,17,10004KT,20,11
2019-04-19 18:00:00.000,2019,4,19,18,VRB05KT,21,10
2019-04-19 19:00:00.000,2019,4,19,19,17008KT,18,12
2019-04-19 20:00:00.000,2019,4,19,20,25008KT,19,13
2019-04-19 21:00:00.000,2019,4,19,21,33010KT,15,13
2019-04-19 22:00:00.000,2019,4,19,22,35005KT,13,12
2019-04-19 23:00:00.000,2019,4,19,23,30006KT,14,13
2019-04-20 00:00:00.000,2019,4,20,0,VRB02KT,13,12
2019-04-20 01:00:00.000,2019,4,20,1,VRB02KT,13,12
2019-04-20 02:00:00.000,2019,4,20,2,VRB02KT,13,12
2019-04-20 03:00:00.000,2019,4,20,3,23004KT,14,13
2019-04-20 04:00:00.000,2019,4,20,4,26005KT,13,12
2019-04-20 05:00:00.000,2019,4,20,5,30003KT,13,12
2019-04-20 06:00:00.000,2019,4,20,6,VRB02KT,13,12
2019-04-20 07:00:00.000,2019,4,20,7,VRB02KT,13,12
2019-04-20 08:00:00.000,2019,4,20,8,VRB02KT,13,12
2019-04-20 09:00:00.000,2019,4,20,9,05005KT,12,11
2019-04-20 10:00:00.000,2019,4,20,10,06004KT,12,11
2019-04-20 11:00:00.000,2019,4,20,11,VRB02KT,12,11
2019-04-20 12:00:00.000,2019,4,20,12,05004KT,13,12
2019-04-20 13:00:00.000,2019,4,20,13,05005KT,14,13
2019-04-20 14:00:00.000,2019,4,20,14,14004KT,16,11
2019-04-20 15:00:00.000,2019,4,20,15,04004KT,17,11
2019-04-20 16:00:00.000,2019,4,20,16,02004KT,19,11
2019-04-20 17:00:00.000,2019,4,20,17,11003KT,19,10
2019-04-20 18:00:00.000,2019,4,20,18,23006KT,17,13
2019-04-20 19:00:00.000,2019,4,20,19,23008KT,16,14
2019-04-20 20:00:00.000,2019,4,20,20,27010KT,16,14
2019-04-20 21:00:00.000,2019,4,20,21,31007KT,17,13
2019-04-20 22:00:00.000,2019,4,20,22,05003KT,16,12
2019-04-20 23:00:00.000,2019,4,20,23,02004KT,14,13
2019-04-21 00:00:00.000,2019,4,21,0,03004KT,14,13
2019-04-21 01:00:00.000,2019,4,21,1,VRB02KT,14,13
2019-04-21 02:00:00.000,2019,4,21,2,33003KT,14,13
2019-04-21 03:00:00.000,2019,4,21,3,32004KT,14,12
2019-04-21 04:00:00.000,2019,4,21,4,32004KT,12,10
2019-04-21 05:00:00.000,2019,4,21,5,30004KT,12,10
2019-04-21 06:00:00.000,2019,4,21,6,VRB02KT,12,11
2019-04-21 07:00:00.000,2019,4,21,7,VRB02KT,12,11
2019-04-21 08:00:00.000,2019,4,21,8,32003KT,12,11
2019-04-21 09:00:00.000,2019,4,21,9,VRB02KT,12,11
2019-04-21 10:00:00.000,2019,4,21,10,VRB02KT,12,11
2019-04-21 11:00:00.000,2019,4,21,11,VRB02KT,12,11
2019-04-21 12:00:00.000,2019,4,21,12,VRB02KT,13,12
2019-04-21 13:00:00.000,2019,4,21,13,01003KT,14,13
2019-04-21 14:00:00.000,2019,4,21,14,06004KT,16,12
2019-04-21 15:00:00.000,2019,4,21,15,01004KT,16,11
2019-04-21 16:00:00.000,2019,4,21,16,02006KT,17,11
2019-04-21 17:00:00.000,2019,4,21,17,12004KT,19,10
2019-04-21 18:00:00.000,2019,4,21,18,20006KT,17,12
2019-04-21 19:00:00.000,2019,4,21,19,22008KT,17,13
2019-04-21 20:00:00.000,2019,4,21,20,24009KT,16,13
2019-04-21 21:00:00.000,2019,4,21,21,26010KT,17,13
2019-04-21 22:00:00.000,2019,4,21,22,27009KT,16,12
2019-04-21 23:00:00.000,2019,4,21,23,27005KT,14,12
2019-04-22 00:00:00.000,2019,4,22,0,34004KT,14,12
2019-04-22 01:00:00.000,2019,4,22,1,VRB02KT,14,13
2019-04-22 02:00:00.000,2019,4,22,2,VRB02KT,14,13
2019-04-22 03:00:00.000,2019,4,22,3,29003KT,14,12
2019-04-22 04:00:00.000,2019,4,22,4,30007KT,13,11
2019-04-22 05:00:00.000,2019,4,22,5,29005KT,12,11
2019-04-22 06:00:00.000,2019,4,22,6,VRB02KT,12,11
2019-04-22 07:00:00.000,2019,4,22,7,VRB02KT,12,11
2019-04-22 08:00:00.000,2019,4,22,8,VRB02KT,12,11
2019-04-22 09:00:00.000,2019,4,22,9,VRB02KT,12,11
2019-04-22 10:00:00.000,2019,4,22,10,06004KT,12,11
2019-04-22 11:00:00.000,2019,4,22,11,VRB02KT,12,11
2019-04-22 12:00:00.000,2019,4,22,12,VRB02KT,12,11
2019-04-22 13:00:00.000,2019,4,22,13,36004KT,14,12
2019-04-22 14:00:00.000,2019,4,22,14,VRB02KT,16,11
2019-04-22 15:00:00.000,2019,4,22,15,36004KT,17,11
2019-04-22 16:00:00.000,2019,4,22,16,30004KT,19,11
2019-04-22 17:00:00.000,2019,4,22,17,32008KT,17,12
2019-04-22 18:00:00.000,2019,4,22,18,33010KT,15,13
2019-04-22 19:00:00.000,2019,4,22,19,16009KT,15,12
2019-04-22 20:00:00.000,2019,4,22,20,13005KT,14,12
2019-04-22 21:00:00.000,2019,4,22,21,21004KT,15,12
2019-04-22 22:00:00.000,2019,4,22,22,VRB02KT,15,12
2019-04-22 23:00:00.000,2019,4,22,23,04005KT,13,12
2019-04-23 00:00:00.000,2019,4,23,0,VRB02KT,13,11
2019-04-23 01:00:00.000,2019,4,23,1,VRB02KT,13,11
2019-04-23 02:00:00.000,2019,4,23,2,00000KT,13,11
2019-04-23 03:00:00.000,2019,4,23,3,36003KT,12,11
2019-04-23 04:00:00.000,2019,4,23,4,03003KT,12,11
2019-04-23 05:00:00.000,2019,4,23,5,34003KT,12,11
2019-04-23 06:00:00.000,2019,4,23,6,00000KT,11,11
2019-04-23 07:00:00.000,2019,4,23,7,00000KT,11,11
2019-04-23 08:00:00.000,2019,4,23,8,36003KT,11,11
2019-04-23 09:00:00.000,2019,4,23,9,VRB02KT,11,11
2019-04-23 10:00:00.000,2019,4,23,10,04003KT,11,10
2019-04-23 11:00:00.000,2019,4,23,11,02003KT,11,10
2019-04-23 12:00:00.000,2019,4,23,12,04005KT,11,11
2019-04-23 13:00:00.000,2019,4,23,13,VRB02KT,12,11
2019-04-23 14:00:00.000,2019,4,23,14,VRB02KT,14,13
2019-04-23 15:00:00.000,2019,4,23,15,VRB02KT,17,12
2019-04-23 16:00:00.000,2019,4,23,16,VRB03KT,20,12
2019-04-23 17:00:00.000,2019,4,23,17,VRB02KT,21,11
2019-04-23 18:00:00.000,2019,4,23,18,VRB02KT,20,10
2019-04-23 19:00:00.000,2019,4,23,19,26009KT,19,11
2019-04-23 20:00:00.000,2019,4,23,20,27008KT,19,11
2019-04-23 21:00:00.000,2019,4,23,21,28008KT,20,10
2019-04-23 22:00:00.000,2019,4,23,22,29010KT,19,11
2019-04-23 23:00:00.000,2019,4,23,23,29008KT,17,12
2019-04-24 00:00:00.000,2019,4,24,0,26007KT,15,12
2019-04-24 01:00:00.000,2019,4,24,1,26007KT,15,12
2019-04-24 02:00:00.000,2019,4,24,2,23005KT,15,12
2019-04-24 03:00:00.000,2019,4,24,3,28003KT,14,12
2019-04-24 04:00:00.000,2019,4,24,4,35003KT,13,11
2019-04-24 05:00:00.000,2019,4,24,5,33003KT,13,12
2019-04-24 06:00:00.000,2019,4,24,6,32005KT,13,12
2019-04-24 07:00:00.000,2019,4,24,7,33004KT,13,12
2019-04-24 08:00:00.000,2019,4,24,8,31004KT,13,12
2019-04-24 09:00:00.000,2019,4,24,9,28003KT,13,12
2019-04-24 10:00:00.000,2019,4,24,10,VRB02KT,13,11
2019-04-24 11:00:00.000,2019,4,24,11,VRB02KT,13,11
2019-04-24 12:00:00.000,2019,4,24,12,06005KT,13,12
2019-04-24 13:00:00.000,2019,4,24,13,03003KT,14,12
2019-04-24 14:00:00.000,2019,4,24,14,33004KT,16,11
2019-04-24 15:00:00.000,2019,4,24,15,02003KT,17,11
2019-04-24 16:00:00.000,2019,4,24,16,03003KT,19,12
2019-04-24 17:00:00.000,2019,4,24,17,10007KT,20,11
2019-04-24 18:00:00.000,2019,4,24,18,20007KT,17,13
2019-04-24 19:00:00.000,2019,4,24,19,24008KT,15,13
2019-04-24 20:00:00.000,2019,4,24,20,31009KT,15,13
2019-04-24 21:00:00.000,2019,4,24,21,30005KT,16,14
2019-04-24 22:00:00.000,2019,4,24,22,30007KT,16,13
2019-04-24 23:00:00.000,2019,4,24,23,28004KT,15,13
2019-04-25 00:00:00.000,2019,4,25,0,24006KT,14,13
2019-04-25 01:00:00.000,2019,4,25,1,27005KT,14,13
2019-04-25 02:00:00.000,2019,4,25,2,VRB02KT,14,12
2019-04-25 03:00:00.000,2019,4,25,3,34003KT,13,12
2019-04-25 04:00:00.000,2019,4,25,4,VRB02KT,13,12
2019-04-25 05:00:00.000,2019,4,25,5,33003KT,13,12
2019-04-25 06:00:00.000,2019,4,25,6,30003KT,13,11
2019-04-25 07:00:00.000,2019,4,25,7,VRB02KT,12,10
2019-04-25 08:00:00.000,2019,4,25,8,VRB02KT,11,10
2019-04-25 09:00:00.000,2019,4,25,9,VRB02KT,11,10
2019-04-25 10:00:00.000,2019,4,25,10,25003KT,10,10
2019-04-25 11:00:00.000,2019,4,25,11,VRB02KT,10,09
2019-04-25 12:00:00.000,2019,4,25,12,03003KT,11,11
2019-04-25 13:00:00.000,2019,4,25,13,04005KT,14,13
2019-04-25 14:00:00.000,2019,4,25,14,26003KT,17,11
2019-04-25 15:00:00.000,2019,4,25,15,16008KT,17,09
2019-04-25 16:00:00.000,2019,4,25,16,16007KT,18,10
2019-04-25 17:00:00.000,2019,4,25,17,16008KT,19,09
2019-04-25 18:00:00.000,2019,4,25,18,13008KT,21,10
2019-04-25 19:00:00.000,2019,4,25,19,18011KT,20,09
2019-04-25 20:00:00.000,2019,4,25,20,14006KT,19,09
2019-04-25 21:00:00.000,2019,4,25,21,21004KT,18,11
2019-04-25 22:00:00.000,2019,4,25,22,31008KT,17,12
2019-04-25 23:00:00.000,2019,4,25,23,34004KT,16,12
2019-04-26 00:00:00.000,2019,4,26,0,34004KT,15,11
2019-04-26 01:00:00.000,2019,4,26,1,04008KT,15,12
2019-04-26 02:00:00.000,2019,4,26,2,36004KT,13,12
2019-04-26 03:00:00.000,2019,4,26,3,04007KT,14,12
2019-04-26 04:00:00.000,2019,4,26,4,04007KT,14,11
2019-04-26 05:00:00.000,2019,4,26,5,04003KT,13,11
2019-04-26 06:00:00.000,2019,4,26,6,06005KT,12,10
2019-04-26 07:00:00.000,2019,4,26,7,05004KT,12,10
2019-04-26 08:00:00.000,2019,4,26,8,05003KT,13,11
2019-04-26 09:00:00.000,2019,4,26,9,03005KT,13,11
2019-04-26 10:00:00.000,2019,4,26,10,05005KT,13,11
2019-04-26 11:00:00.000,2019,4,26,11,05004KT,12,11
2019-04-26 12:00:00.000,2019,4,26,12,05006KT,13,10
2019-04-26 13:00:00.000,2019,4,26,13,05005KT,16,10
2019-04-26 14:00:00.000,2019,4,26,14,03003KT,18,10
2019-04-26 15:00:00.000,2019,4,26,15,07004KT,19,10
2019-04-26 16:00:00.000,2019,4,26,16,14010KT,20,08
2019-04-26 17:00:00.000,2019,4,26,17,12007KT,21,08
2019-04-26 18:00:00.000,2019,4,26,18,03008KT,19,11
2019-04-26 19:00:00.000,2019,4,26,19,27012KT,16,14
2019-04-26 20:00:00.000,2019,4,26,20,26006KT,14,13
2019-04-26 21:00:00.000,2019,4,26,21,32005KT,14,13
2019-04-26 22:00:00.000,2019,4,26,22,33004KT,15,13
2019-04-26 23:00:00.000,2019,4,26,23,VRB02KT,14,13
2019-04-27 00:00:00.000,2019,4,27,0,36004KT,14,13
2019-04-27 01:00:00.000,2019,4,27,1,VRB02KT,14,11
2019-04-27 02:00:00.000,2019,4,27,2,VRB02KT,14,12
2019-04-27 03:00:00.000,2019,4,27,3,06003KT,14,12
2019-04-27 04:00:00.000,2019,4,27,4,02005KT,13,11
2019-04-27 05:00:00.000,2019,4,27,5,04003KT,14,12
2019-04-27 06:00:00.000,2019,4,27,6,33004LKT,13,12
2019-04-27 07:00:00.000,2019,4,27,7,03004KT,13,12
2019-04-27 08:00:00.000,2019,4,27,8,04004KT,13,11
2019-04-27 09:00:00.000,2019,4,27,9,05006KT,13,11
2019-04-27 10:00:00.000,2019,4,27,10,VRB02KT,12,10
2019-04-27 11:00:00.000,2019,4,27,11,03006KT,12,10
2019-04-27 12:00:00.000,2019,4,27,12,04004KT,13,11
2019-04-27 13:00:00.000,2019,4,27,13,05005KT,15,11
2019-04-27 14:00:00.000,2019,4,27,14,08003KT,16,12
2019-04-27 15:00:00.000,2019,4,27,15,11003KT,18,11
2019-04-27 16:00:00.000,2019,4,27,16,11010KT,19,09
2019-04-27 17:00:00.000,2019,4,27,17,14008KT,20,10
2019-04-27 18:00:00.000,2019,4,27,18,12009KT,19,10
2019-04-27 19:00:00.000,2019,4,27,19,16010KT,19,10
2019-04-27 20:00:00.000,2019,4,27,20,15008KT,19,09
2019-04-27 21:00:00.000,2019,4,27,21,14007KT,19,10
2019-04-27 22:00:00.000,2019,4,27,22,13004KT,19,10
2019-04-27 23:00:00.000,2019,4,27,23,09003KT,18,10
2019-04-28 00:00:00.000,2019,4,28,0,10005KT,17,10
2019-04-28 01:00:00.000,2019,4,28,1,24006KT,16,12
2019-04-28 02:00:00.000,2019,4,28,2,06004KT,15,11
2019-04-28 03:00:00.000,2019,4,28,3,13005KT,16,10
2019-04-28 04:00:00.000,2019,4,28,4,13006KT,15,10
2019-04-28 05:00:00.000,2019,4,28,5,02004KT,14,12
2019-04-28 06:00:00.000,2019,4,28,6,32005KT,14,11
2019-04-28 07:00:00.000,2019,4,28,7,06004KT,12,10
2019-04-28 08:00:00.000,2019,4,28,8,04006KT,13,10
2019-04-28 09:00:00.000,2019,4,28,9,VRB02KT,12,10
2019-04-28 10:00:00.000,2019,4,28,10,06006KT,12,10
2019-04-28 11:00:00.000,2019,4,28,11,06005KT,13,10
2019-04-28 12:00:00.000,2019,4,28,12,13005KT,15,10
2019-04-28 13:00:00.000,2019,4,28,13,15005KT,18,10
2019-04-28 14:00:00.000,2019,4,28,14,17010KT,17,11
2019-04-28 15:00:00.000,2019,4,28,15,10008KT,19,11
2019-04-28 16:00:00.000,2019,4,28,16,12008KT,18,11
2019-04-28 17:00:00.000,2019,4,28,17,VRB12KT,18,10
2019-04-28 18:00:00.000,2019,4,28,18,11008KT,19,11
2019-04-28 19:00:00.000,2019,4,28,19,16014KT,19,11
2019-04-28 20:00:00.000,2019,4,28,20,02007KT,18,13
2019-04-28 21:00:00.000,2019,4,28,21,16007KT,17,11
2019-04-28 22:00:00.000,2019,4,28,22,03004KT,15,13
2019-04-28 23:00:00.000,2019,4,28,23,VRB02KT,15,13
2019-04-29 00:00:00.000,2019,4,29,0,05008KT,14,11
2019-04-29 01:00:00.000,2019,4,29,1,06006KT,14,11
2019-04-29 02:00:00.000,2019,4,29,2,06007KT,13,09
2019-04-29 03:00:00.000,2019,4,29,3,05007KT,11,08
2019-04-29 04:00:00.000,2019,4,29,4,06005KT,12,08
2019-04-29 05:00:00.000,2019,4,29,5,05008KT,12,08
2019-04-29 06:00:00.000,2019,4,29,6,04006KT,12,09
2019-04-29 07:00:00.000,2019,4,29,7,05004KT,12,09
2019-04-29 08:00:00.000,2019,4,29,8,06006KT,13,09
2019-04-29 09:00:00.000,2019,4,29,9,05008KT,13,09
2019-04-29 10:00:00.000,2019,4,29,10,05007KT,12,09
2019-04-29 11:00:00.000,2019,4,29,11,08004KT,13,09
2019-04-29 12:00:00.000,2019,4,29,12,10010KT,14,09
2019-04-29 13:00:00.000,2019,4,29,13,06009KT,14,10
2019-04-29 14:00:00.000,2019,4,29,14,08010KT,16,09
2019-04-29 15:00:00.000,2019,4,29,15,08011KT,18,08
2019-04-29 16:00:00.000,2019,4,29,16,06012KT,19,08
2019-04-29 17:00:00.000,2019,4,29,17,12011KT,19,08
2019-04-29 18:00:00.000,2019,4,29,18,11016KT,19,09
2019-04-29 19:00:00.000,2019,4,29,19,12011KT,19,07
2019-04-29 20:00:00.000,2019,4,29,20,12008G20KT,19,08
2019-04-29 21:00:00.000,2019,4,29,21,09007G17KT,19,18
2019-04-29 22:00:00.000,2019,4,29,22,13011KT,18,08
2019-04-29 23:00:00.000,2019,4,29,23,11007KT,17,08
2019-04-30 00:00:00.000,2019,4,30,0,13010KT,16,08
2019-04-30 01:00:00.000,2019,4,30,1,13006KT,15,08
2019-04-30 02:00:00.000,2019,4,30,2,10003KT,15,07
2019-04-30 03:00:00.000,2019,4,30,3,00000KT,14,08
2019-04-30 04:00:00.000,2019,4,30,4,02005KT,11,08
2019-04-30 05:00:00.000,2019,4,30,5,03005KT,10,08
2019-04-30 06:00:00.000,2019,4,30,6,03004KT,10,08
2019-04-30 07:00:00.000,2019,4,30,7,06006KT,10,08
2019-04-30 08:00:00.000,2019,4,30,8,09003KT,11,08
2019-04-30 09:00:00.000,2019,4,30,9,07006KT,10,08
2019-04-30 10:00:00.000,2019,4,30,10,07007KT,11,07
2019-04-30 11:00:00.000,2019,4,30,11,07009KT,11,07
2019-04-30 12:00:00.000,2019,4,30,12,06007KT,12,08
2019-04-30 13:00:00.000,2019,4,30,13,06008KT,14,08
2019-04-30 14:00:00.000,2019,4,30,14,12009KT,17,06
2019-04-30 15:00:00.000,2019,4,30,15,12010KT,18,07
2019-04-30 16:00:00.000,2019,4,30,16,12011KT,19,06
2019-04-30 17:00:00.000,2019,4,30,17,10010KT,20,05
2019-04-30 18:00:00.000,2019,4,30,18,13011KT,20,05
2019-04-30 19:00:00.000,2019,4,30,19,11009KT,20,05
2019-04-30 20:00:00.000,2019,4,30,20,09008KT,20,05
2019-04-30 21:00:00.000,2019,4,30,21,12009KT,19,05
2019-04-30 22:00:00.000,2019,4,30,22,11009KT,19,04
2019-04-30 23:00:00.000,2019,4,30,23,10005KT,18,05
2019-05-01 00:00:00.000,2019,5,1,0,03006KT,14,06
2019-05-01 01:00:00.000,2019,5,1,1,03006KT,12,06
2019-05-01 02:00:00.000,2019,5,1,2,03004KT,11,06
2019-05-01 03:00:00.000,2019,5,1,3,06005KT,12,06
2019-05-01 04:00:00.000,2019,5,1,4,05003KT,11,07
2019-05-01 05:00:00.000,2019,5,1,5,04004KT,09,07
2019-05-01 06:00:00.000,2019,5,1,6,VRB02KT,10,07
2019-05-01 07:00:00.000,2019,5,1,7,04005KT,08,06
2019-05-01 08:00:00.000,2019,5,1,8,06005KT,08,06
2019-05-01 09:00:00.000,2019,5,1,9,04004KT,08,07
2019-05-01 10:00:00.000,2019,5,1,10,04005KT,08,05
2019-05-01 11:00:00.000,2019,5,1,11,VRB02KT,06,05
2019-05-01 12:00:00.000,2019,5,1,12,05006KT,10,06
2019-05-01 13:00:00.000,2019,5,1,13,05007KT,14,06
2019-05-01 14:00:00.000,2019,5,1,14,02006KT,17,06
2019-05-01 15:00:00.000,2019,5,1,15,33003KT,19,04
2019-05-01 16:00:00.000,2019,5,1,16,09007KT,20,03
2019-05-01 17:00:00.000,2019,5,1,17,09010KT,22,03
2019-05-01 18:00:00.000,2019,5,1,18,15012KT,22,05
2019-05-01 19:00:00.000,2019,5,1,19,10010KT,22,05
2019-05-01 20:00:00.000,2019,5,1,20,14010KT,22,05
2019-05-01 21:00:00.000,2019,5,1,21,08007KT,22,05
2019-05-01 22:00:00.000,2019,5,1,22,07006KT,21,06
2019-05-01 23:00:00.000,2019,5,1,23,05009KT,18,06
2019-05-02 00:00:00.000,2019,5,2,0,08006KT,17,06
2019-05-02 01:00:00.000,2019,5,2,1,10005KT,16,08
2019-05-02 02:00:00.000,2019,5,2,2,11007KT,15,06
2019-05-02 03:00:00.000,2019,5,2,3,13008KT,15,05
2019-05-02 04:00:00.000,2019,5,2,4,VRB02KT,12,07
2019-05-02 05:00:00.000,2019,5,2,5,VRB02KT,11,08
2019-05-02 06:00:00.000,2019,5,2,6,VRB02KT,10,08
2019-05-02 07:00:00.000,2019,5,2,7,04004KT,09,07
2019-05-02 08:00:00.000,2019,5,2,8,VRB02KT,08,07
2019-05-02 09:00:00.000,2019,5,2,9,04004KT,09,07
2019-05-02 10:00:00.000,2019,5,2,10,04005KT,09,07
2019-05-02 11:00:00.000,2019,5,2,11,02005KT,08,06
2019-05-02 12:00:00.000,2019,5,2,12,34003KT,12,08
2019-05-02 13:00:00.000,2019,5,2,13,08004KT,15,07
2019-05-02 14:00:00.000,2019,5,2,14,01005KT,16,08
2019-05-02 15:00:00.000,2019,5,2,15,10012KT,18,07
2019-05-02 16:00:00.000,2019,5,2,16,10010G21KT,18,06
2019-05-02 17:00:00.000,2019,5,2,17,12007KT,18,07
2019-05-02 18:00:00.000,2019,5,2,18,12007KT,18,08
2019-05-02 19:00:00.000,2019,5,2,19,11005KT,18,09
2019-05-02 20:00:00.000,2019,5,2,20,11005KT,18,09
2019-05-02 21:00:00.000,2019,5,2,21,11004KT,18,09
2019-05-02 22:00:00.000,2019,5,2,22,VRB05KT,18,08
2019-05-02 23:00:00.000,2019,5,2,23,12010KT,17,09
2019-05-03 00:00:00.000,2019,5,3,0,13005KT,15,08
2019-05-03 01:00:00.000,2019,5,3,1,13009KT,14,08
2019-05-03 02:00:00.000,2019,5,3,2,04006KT,13,09
2019-05-03 03:00:00.000,2019,5,3,3,04007KT,13,09
2019-05-03 04:00:00.000,2019,5,3,4,10005KT,14,09
2019-05-03 05:00:00.000,2019,5,3,5,07004KT,14,09
2019-05-03 06:00:00.000,2019,5,3,6,04003KT,12,09
2019-05-03 07:00:00.000,2019,5,3,7,05005KT,12,09
2019-05-03 08:00:00.000,2019,5,3,8,04005KT,12,09
2019-05-03 09:00:00.000,2019,5,3,9,03005KT,11,09
2019-05-03 10:00:00.000,2019,5,3,10,04006KT,10,09
2019-05-03 11:00:00.000,2019,5,3,11,05004KT,11,09
2019-05-03 12:00:00.000,2019,5,3,12,04003KT,12,10
2019-05-03 13:00:00.000,2019,5,3,13,05006KT,14,10
2019-05-03 14:00:00.000,2019,5,3,14,06006KT,15,10
2019-05-03 15:00:00.000,2019,5,3,15,09005KT,16,10
2019-05-03 16:00:00.000,2019,5,3,16,05006KT,17,10
2019-05-03 17:00:00.000,2019,5,3,17,13010KT,19,10
2019-05-03 18:00:00.000,2019,5,3,18,09012KT,20,10
2019-05-03 19:00:00.000,2019,5,3,19,10010KT,18,09
2019-05-03 20:00:00.000,2019,5,3,20,10010KT,19,10
2019-05-03 21:00:00.000,2019,5,3,21,13010KT,18,09
2019-05-03 22:00:00.000,2019,5,3,22,09006KT,18,09
2019-05-03 23:00:00.000,2019,5,3,23,10005KT,17,09
2019-05-04 00:00:00.000,2019,5,4,0,31003KT,15,10
2019-05-04 01:00:00.000,2019,5,4,1,02004KT,14,10
2019-05-04 02:00:00.000,2019,5,4,2,01004KT,13,10
2019-05-04 03:00:00.000,2019,5,4,3,05005KT,13,11
2019-05-04 04:00:00.000,2019,5,4,4,04005KT,12,10
2019-05-04 05:00:00.000,2019,5,4,5,07006KT,13,10
2019-05-04 06:00:00.000,2019,5,4,6,03004KT,12,10
2019-05-04 07:00:00.000,2019,5,4,7,01004KT,11,10
2019-05-04 08:00:00.000,2019,5,4,8,04005KT,11,09
2019-05-04 09:00:00.000,2019,5,4,9,04005KT,11,10
2019-05-04 10:00:00.000,2019,5,4,10,24003KT,11,10
2019-05-04 11:00:00.000,2019,5,4,11,06004KT,13,10
2019-05-04 12:00:00.000,2019,5,4,12,01003KT,13,11
2019-05-04 13:00:00.000,2019,5,4,13,04005KT,14,11
2019-05-04 14:00:00.000,2019,5,4,14,05007KT,15,11
2019-05-04 15:00:00.000,2019,5,4,15,05007KT,15,11
2019-05-04 16:00:00.000,2019,5,4,16,07008KT,16,10
2019-05-04 17:00:00.000,2019,5,4,17,10004KT,16,12
2019-05-04 18:00:00.000,2019,5,4,18,13010KT,19,09
2019-05-04 19:00:00.000,2019,5,4,19,14010KT,19,08
2019-05-04 20:00:00.000,2019,5,4,20,12009KT,19,08
2019-05-04 21:00:00.000,2019,5,4,21,11009KT,18,08
2019-05-04 22:00:00.000,2019,5,4,22,11007KT,17,08
2019-05-04 23:00:00.000,2019,5,4,23,12006KT,17,09
2019-05-05 00:00:00.000,2019,5,5,0,01003KT,15,10
2019-05-05 01:00:00.000,2019,5,5,1,04007KT,14,10
2019-05-05 02:00:00.000,2019,5,5,2,04006KT,14,10
2019-05-05 03:00:00.000,2019,5,5,3,04007KT,13,10
2019-05-05 04:00:00.000,2019,5,5,4,10005KT,13,10
2019-05-05 05:00:00.000,2019,5,5,5,03005KT,13,10
2019-05-05 06:00:00.000,2019,5,5,6,08003KT,13,10
2019-05-05 07:00:00.000,2019,5,5,7,06003KT,13,10
2019-05-05 08:00:00.000,2019,5,5,8,04005KT,12,11
2019-05-05 09:00:00.000,2019,5,5,9,06005KT,13,11
2019-05-05 10:00:00.000,2019,5,5,10,11005KT,13,10
2019-05-05 11:00:00.000,2019,5,5,11,11004KT,13,09
2019-05-05 12:00:00.000,2019,5,5,12,04008KT,14,10
2019-05-05 13:00:00.000,2019,5,5,13,11006KT,16,10
2019-05-05 14:00:00.000,2019,5,5,14,07008KT,17,10
2019-05-05 15:00:00.000,2019,5,5,15,09007KT,18,10
2019-05-05 16:00:00.000,2019,5,5,16,06010KT,16,10
2019-05-05 17:00:00.000,2019,5,5,17,09007KT,17,11
2019-05-05 18:00:00.000,2019,5,5,18,11010KT,19,10
2019-05-05 19:00:00.000,2019,5,5,19,10009KT,20,09
2019-05-05 20:00:00.000,2019,5,5,20,12010KT,21,09
2019-05-05 21:00:00.000,2019,5,5,21,11010KT,20,09
2019-05-05 22:00:00.000,2019,5,5,22,11010KT,20,09
2019-05-05 23:00:00.000,2019,5,5,23,10008KT,19,10
2019-05-06 00:00:00.000,2019,5,6,0,12006KT,17,10
2019-05-06 01:00:00.000,2019,5,6,1,10007KT,17,09
2019-05-06 02:00:00.000,2019,5,6,2,13008KT,16,09
2019-05-06 03:00:00.000,2019,5,6,3,12012KT,16,10
2019-05-06 04:00:00.000,2019,5,6,4,14010KT,15,09
2019-05-06 05:00:00.000,2019,5,6,5,10006KT,16,10
2019-05-06 06:00:00.000,2019,5,6,6,14007KT,15,09
2019-05-06 07:00:00.000,2019,5,6,7,12005KT,15,08
2019-05-06 08:00:00.000,2019,5,6,8,10005KT,15,09
2019-05-06 09:00:00.000,2019,5,6,9,09005KT,15,09
2019-05-06 10:00:00.000,2019,5,6,10,08004KT,15,09
2019-05-06 11:00:00.000,2019,5,6,11,08003KT,14,09
2019-05-06 12:00:00.000,2019,5,6,12,10003KT,14,09
2019-05-06 13:00:00.000,2019,5,6,13,11007KT,16,09
2019-05-06 14:00:00.000,2019,5,6,14,12010KT,17,09
2019-05-06 15:00:00.000,2019,5,6,15,11011KT,18,09
2019-05-06 16:00:00.000,2019,5,6,16,12015KT,19,09
2019-05-06 17:00:00.000,2019,5,6,17,12012KT,19,09
2019-05-06 18:00:00.000,2019,5,6,18,13010KT,20,09
2019-05-06 19:00:00.000,2019,5,6,19,15009KT,21,09
2019-05-06 20:00:00.000,2019,5,6,20,12015KT,19,08
2019-05-06 21:00:00.000,2019,5,6,21,15006KT,18,08
2019-05-06 22:00:00.000,2019,5,6,22,10006KT,18,08
2019-05-06 23:00:00.000,2019,5,6,23,10007KT,17,09
2019-05-07 00:00:00.000,2019,5,7,0,09005KT,16,09
2019-05-07 01:00:00.000,2019,5,7,1,06005KT,15,09
2019-05-07 02:00:00.000,2019,5,7,2,08006KT,15,09
2019-05-07 03:00:00.000,2019,5,7,3,09005KT,15,09
2019-05-07 04:00:00.000,2019,5,7,4,10005KT,15,09
2019-05-07 05:00:00.000,2019,5,7,5,04005KT,14,09
2019-05-07 06:00:00.000,2019,5,7,6,03005KT,13,10
2019-05-07 07:00:00.000,2019,5,7,7,03004KT,13,10
2019-05-07 08:00:00.000,2019,5,7,8,04006KT,13,10
2019-05-07 09:00:00.000,2019,5,7,9,04004KT,12,10
2019-05-07 10:00:00.000,2019,5,7,10,02005KT,12,10
2019-05-07 11:00:00.000,2019,5,7,11,03006KT,12,10
2019-05-07 12:00:00.000,2019,5,7,12,02004KT,13,10
2019-05-07 13:00:00.000,2019,5,7,13,07007KT,16,11
2019-05-07 14:00:00.000,2019,5,7,14,14007KT,18,09
2019-05-07 15:00:00.000,2019,5,7,15,15003KT,18,09
2019-05-07 16:00:00.000,2019,5,7,16,17013KT,20,09
2019-05-07 17:00:00.000,2019,5,7,17,18008KT,20,08
2019-05-07 18:00:00.000,2019,5,7,18,14010KT,21,08
2019-05-07 19:00:00.000,2019,5,7,19,11006G16KT,21,08
2019-05-07 20:00:00.000,2019,5,7,20,13008KT,22,06
2019-05-07 21:00:00.000,2019,5,7,21,04012KT,20,09
2019-05-07 22:00:00.000,2019,5,7,22,32006KT,19,12
2019-05-07 23:00:00.000,2019,5,7,23,29007KT,18,12
2019-05-08 00:00:00.000,2019,5,8,0,23003KT,17,11
2019-05-08 01:00:00.000,2019,5,8,1,36004KT,15,12
2019-05-08 02:00:00.000,2019,5,8,2,00000KT,15,12
2019-05-08 03:00:00.000,2019,5,8,3,14008KT,15,09
2019-05-08 04:00:00.000,2019,5,8,4,08003KT,14,10
2019-05-08 05:00:00.000,2019,5,8,5,02003KT,13,10
2019-05-08 06:00:00.000,2019,5,8,6,04004KT,13,10
2019-05-08 07:00:00.000,2019,5,8,7,VRB02KT,1,10
2019-05-08 08:00:00.000,2019,5,8,8,VRB02KT,14,13
2019-05-08 09:00:00.000,2019,5,8,9,VRB02KT,12,11
2019-05-08 10:00:00.000,2019,5,8,10,VRB02KT,13,11
2019-05-08 11:00:00.000,2019,5,8,11,03003KT,13,11
2019-05-08 12:00:00.000,2019,5,8,12,VRB02KT,13,11
2019-05-08 13:00:00.000,2019,5,8,13,VRB02KT,15,11
2019-05-08 14:00:00.000,2019,5,8,14,35004KT,16,12
2019-05-08 15:00:00.000,2019,5,8,15,07004KT,16,12
2019-05-08 16:00:00.000,2019,5,8,16,25010KT,16,11
2019-05-08 17:00:00.000,2019,5,8,17,25007KT,18,12
2019-05-08 18:00:00.000,2019,5,8,18,24008KT,17,12
2019-05-08 19:00:00.000,2019,5,8,19,25010KT,17,11
2019-05-08 20:00:00.000,2019,5,8,20,24008KT,17,12
2019-05-08 21:00:00.000,2019,5,8,21,23006KT,17,12
2019-05-08 22:00:00.000,2019,5,8,22,VRB05KT,18,11
2019-05-08 23:00:00.000,2019,5,8,23,32007KT,17,11
2019-05-09 00:00:00.000,2019,5,9,0,30004KT,16,10
2019-05-09 01:00:00.000,2019,5,9,1,01003KT,14,11
2019-05-09 02:00:00.000,2019,5,9,2,32005KT,13,10
2019-05-09 03:00:00.000,2019,5,9,3,33004KT,12,11
2019-05-09 04:00:00.000,2019,5,9,4,VRB02KT,12,11
2019-05-09 05:00:00.000,2019,5,9,5,25003KT,13,11
2019-05-09 06:00:00.000,2019,5,9,6,VRB02KT,13,11
2019-05-09 07:00:00.000,2019,5,9,7,VRB02KT,12,11
2019-05-09 08:00:00.000,2019,5,9,8,VRB02KT,13,11
2019-05-09 09:00:00.000,2019,5,9,9,02003KT,12,11
2019-05-09 10:00:00.000,2019,5,9,10,04004KT,12,11
2019-05-09 11:00:00.000,2019,5,9,11,04003KT,12,11
2019-05-09 12:00:00.000,2019,5,9,12,VRB02KT,13,12
2019-05-09 13:00:00.000,2019,5,9,13,03004KT,14,12
2019-05-09 14:00:00.000,2019,5,9,14,03005KT,17,12
2019-05-09 15:00:00.000,2019,5,9,15,VRB05KT,19,11
2019-05-09 16:00:00.000,2019,5,9,16,02007KT,19,11
2019-05-09 17:00:00.000,2019,5,9,17,20006KT,15,13
2019-05-09 18:00:00.000,2019,5,9,18,31007KT,14,13
2019-05-09 19:00:00.000,2019,5,9,19,25007KT,13,12
2019-05-09 20:00:00.000,2019,5,9,20,25007KT,14,13
2019-05-09 21:00:00.000,2019,5,9,21,26006KT,15,12
2019-05-09 22:00:00.000,2019,5,9,22,23003KT,16,12
2019-05-09 23:00:00.000,2019,5,9,23,VRB02KT,15,12
2019-05-10 00:00:00.000,2019,5,10,0,06004KT,14,11
2019-05-10 01:00:00.000,2019,5,10,1,06004KT,13,10
2019-05-10 02:00:00.000,2019,5,10,2,05004KT,13,11
2019-05-10 03:00:00.000,2019,5,10,3,10004KT,14,10
2019-05-10 04:00:00.000,2019,5,10,4,06004KT,13,11
2019-05-10 05:00:00.000,2019,5,10,5,03003KT,12,11
2019-05-10 06:00:00.000,2019,5,10,6,VRB02KT,12,11
2019-05-10 07:00:00.000,2019,5,10,7,00000KT,12,11
2019-05-10 08:00:00.000,2019,5,10,8,VRB02KT,12,11
2019-05-10 09:00:00.000,2019,5,10,9,VRB02KT,12,11
2019-05-10 10:00:00.000,2019,5,10,10,27003KT,12,12
2019-05-10 11:00:00.000,2019,5,10,11,VRB02KT,12,11
2019-05-10 12:00:00.000,2019,5,10,12,VRB02KT,13,12
2019-05-10 13:00:00.000,2019,5,10,13,03003KT,14,12
2019-05-10 14:00:00.000,2019,5,10,14,36003KT,17,12
2019-05-10 15:00:00.000,2019,5,10,15,32003KT,18,11
2019-05-10 16:00:00.000,2019,5,10,16,29005KT,19,11
2019-05-10 17:00:00.000,2019,5,10,17,29009KT,19,11
2019-05-10 18:00:00.000,2019,5,10,18,02007KT,15,11
2019-05-10 19:00:00.000,2019,5,10,19,31010KT,16,12
2019-05-10 20:00:00.000,2019,5,10,20,29007KT,16,11
2019-05-10 21:00:00.000,2019,5,10,21,28006KT,18,11
2019-05-10 22:00:00.000,2019,5,10,22,35004KT,18,12
2019-05-10 23:00:00.000,2019,5,10,23,32004KT,16,11
2019-05-11 00:00:00.000,2019,5,11,0,27005KT,15,10
2019-05-11 01:00:00.000,2019,5,11,1,29003KT,15,09
2019-05-11 02:00:00.000,2019,5,11,2,VRB02KT,14,11
2019-05-11 03:00:00.000,2019,5,11,3,VRB02KT,12,10
2019-05-11 04:00:00.000,2019,5,11,4,VRB02KT,12,11
2019-05-11 05:00:00.000,2019,5,11,5,33003KT,12,10
2019-05-11 06:00:00.000,2019,5,11,6,VRB02KT,12,11
2019-05-11 07:00:00.000,2019,5,11,7,VRB02KT,12,10
2019-05-11 08:00:00.000,2019,5,11,8,VRB02KT,12,10
2019-05-11 09:00:00.000,2019,5,11,9,VRB02KT,12,10
2019-05-11 10:00:00.000,2019,5,11,10,26003KT,12,11
2019-05-11 11:00:00.000,2019,5,11,11,VRB02KT,12,10
2019-05-11 12:00:00.000,2019,5,11,12,35003KT,13,12
2019-05-11 13:00:00.000,2019,5,11,13,34003KT,14,12
2019-05-11 14:00:00.000,2019,5,11,14,04006KT,15,12
2019-05-11 15:00:00.000,2019,5,11,15,04006KT,17,12
2019-05-11 16:00:00.000,2019,5,11,16,34004KT,19,11
2019-05-11 17:00:00.000,2019,5,11,17,33003KT,19,11
2019-05-11 18:00:00.000,2019,5,11,18,VRB02KT,19,09
2019-05-11 19:00:00.000,2019,5,11,19,22007KT,16,13
2019-05-11 20:00:00.000,2019,5,11,20,29007KT,18,14
2019-05-11 21:00:00.000,2019,5,11,21,29007KT,17,13
2019-05-11 22:00:00.000,2019,5,11,22,32008KT,17,13
2019-05-11 23:00:00.000,2019,5,11,23,29008KT,15,12
2019-05-12 00:00:00.000,2019,5,12,0,27004KT,14,13
2019-05-12 01:00:00.000,2019,5,12,1,VRB02KT,13,12
2019-05-12 02:00:00.000,2019,5,12,2,01004KT,13,12
2019-05-12 03:00:00.000,2019,5,12,3,VRB02KT,13,12
2019-05-12 04:00:00.000,2019,5,12,4,02004KT,13,12
2019-05-12 05:00:00.000,2019,5,12,5,03003KT,13,11
2019-05-12 06:00:00.000,2019,5,12,6,04004KT,13,11
2019-05-12 07:00:00.000,2019,5,12,7,05004KT,12,10
2019-05-12 08:00:00.000,2019,5,12,8,VRB02KT,12,10
2019-05-12 09:00:00.000,2019,5,12,9,05005KT,12,10
2019-05-12 10:00:00.000,2019,5,12,10,04003KT,12,10
2019-05-12 11:00:00.000,2019,5,12,11,01003KT,12,10
2019-05-12 12:00:00.000,2019,5,12,12,05008KT,13,11
2019-05-12 13:00:00.000,2019,5,12,13,05006KT,15,11
2019-05-12 14:00:00.000,2019,5,12,14,05007KT,15,10
2019-05-12 15:00:00.000,2019,5,12,15,04006KT,18,11
2019-05-12 16:00:00.000,2019,5,12,16,VRB06KT,19,11
2019-05-12 17:00:00.000,2019,5,12,17,05010KT,19,10
2019-05-12 18:00:00.000,2019,5,12,18,07010KT,19,10
2019-05-12 19:00:00.000,2019,5,12,19,07010KT,19,10
2019-05-12 20:00:00.000,2019,5,12,20,16007KT,17,11
2019-05-12 21:00:00.000,2019,5,12,21,17010KT,18,10
2019-05-12 22:00:00.000,2019,5,12,22,VRB02KT,16,11
2019-05-12 23:00:00.000,2019,5,12,23,VRB02KT,16,11
2019-05-13 00:00:00.000,2019,5,13,0,04004KT,14,10
2019-05-13 01:00:00.000,2019,5,13,1,06003KT,14,10
2019-05-13 02:00:00.000,2019,5,13,2,00000KT,13,10
2019-05-13 03:00:00.000,2019,5,13,3,35004KT,11,10
2019-05-13 04:00:00.000,2019,5,13,4,33004KT,11,09
2019-05-13 05:00:00.000,2019,5,13,5,32004KT,12,10
2019-05-13 06:00:00.000,2019,5,13,6,VRB02KT,13,10
2019-05-13 07:00:00.000,2019,5,13,7,28004KT,13,11
2019-05-13 08:00:00.000,2019,5,13,8,02003KT,12,11
2019-05-13 09:00:00.000,2019,5,13,9,00000KT,12,11
2019-05-13 10:00:00.000,2019,5,13,10,12004KT,12,12
2019-05-13 11:00:00.000,2019,5,13,11,04005KT,12,11
2019-05-13 12:00:00.000,2019,5,13,12,04005KT,12,11
2019-05-13 13:00:00.000,2019,5,13,13,05005KT,14,12
2019-05-13 14:00:00.000,2019,5,13,14,11006KT,16,12
2019-05-13 15:00:00.000,2019,5,13,15,11010KT,18,11
2019-05-13 16:00:00.000,2019,5,13,16,05007KT,18,11
2019-05-13 17:00:00.000,2019,5,13,17,20007KT,18,11
2019-05-13 18:00:00.000,2019,5,13,18,21005KT,19,11
2019-05-13 19:00:00.000,2019,5,13,19,VRB02KT,20,11
2019-05-13 20:00:00.000,2019,5,13,20,35005KT,17,13
2019-05-13 21:00:00.000,2019,5,13,21,04010KT,17,13
2019-05-13 22:00:00.000,2019,5,13,22,06008KT,17,12
2019-05-13 23:00:00.000,2019,5,13,23,23005KT,15,12
2019-05-14 00:00:00.000,2019,5,14,0,16006KT,14,12
2019-05-14 01:00:00.000,2019,5,14,1,02004KT,13,12
2019-05-14 02:00:00.000,2019,5,14,2,03006KT,13,12
2019-05-14 03:00:00.000,2019,5,14,3,05008KT,14,12
2019-05-14 04:00:00.000,2019,5,14,4,05006KT,13,11
2019-05-14 05:00:00.000,2019,5,14,5,33004KT,13,11
2019-05-14 06:00:00.000,2019,5,14,6,02004KT,13,11
2019-05-14 07:00:00.000,2019,5,14,7,06006KT,13,11
2019-05-14 08:00:00.000,2019,5,14,8,06008KT,12,11
2019-05-14 09:00:00.000,2019,5,14,9,06010KT,12,11
2019-05-14 10:00:00.000,2019,5,14,10,09004KT,12,11
2019-05-14 11:00:00.000,2019,5,14,11,05004KT,12,11
2019-05-14 12:00:00.000,2019,5,14,12,05007KT,13,11
2019-05-14 13:00:00.000,2019,5,14,13,05008KT,14,11
2019-05-14 14:00:00.000,2019,5,14,14,07008KT,17,11
2019-05-14 15:00:00.000,2019,5,14,15,11010KT,19,10
2019-05-14 16:00:00.000,2019,5,14,16,13010KT,18,10
2019-05-14 17:00:00.000,2019,5,14,17,11009KT,19,10
2019-05-14 18:00:00.000,2019,5,14,18,12007KT,18,10
2019-05-14 19:00:00.000,2019,5,14,19,09005KT,19,11
2019-05-14 20:00:00.000,2019,5,14,20,17007KT,17,11
2019-05-14 21:00:00.000,2019,5,14,21,04007KT,16,12
2019-05-14 22:00:00.000,2019,5,14,22,31005KT,15,13
2019-05-14 23:00:00.000,2019,5,14,23,06003KT,15,12
2019-05-15 00:00:00.000,2019,5,15,0,VRB03KT,14,13
2019-05-15 01:00:00.000,2019,5,15,1,VRB02KT,14,12
2019-05-15 02:00:00.000,2019,5,15,2,16008KT,15,10
2019-05-15 03:00:00.000,2019,5,15,3,09004KT,14,10
2019-05-15 04:00:00.000,2019,5,15,4,31005KT,13,10
2019-05-15 05:00:00.000,2019,5,15,5,04003KT,12,10
2019-05-15 06:00:00.000,2019,5,15,6,VRB02KT,12,10
2019-05-15 07:00:00.000,2019,5,15,7,VRB02KT,12,10
2019-05-15 08:00:00.000,2019,5,15,8,VRB02KT,11,10
2019-05-15 09:00:00.000,2019,5,15,9,00000KT,12,10
2019-05-15 10:00:00.000,2019,5,15,10,VRB02KT,13,10
2019-05-15 11:00:00.000,2019,5,15,11,12003KT,13,10
2019-05-15 12:00:00.000,2019,5,15,12,VRB02KT,13,11
2019-05-15 13:00:00.000,2019,5,15,13,15008KT,15,10
2019-05-15 14:00:00.000,2019,5,15,14,18010KT,17,09
2019-05-15 15:00:00.000,2019,5,15,15,16009KT,17,09
2019-05-15 16:00:00.000,2019,5,15,16,17012KT,18,08
2019-05-15 17:00:00.000,2019,5,15,17,15012KT,19,08
2019-05-15 18:00:00.000,2019,5,15,18,17012KT,20,09
2019-05-15 19:00:00.000,2019,5,15,19,17012KT,20,09
2019-05-15 20:00:00.000,2019,5,15,20,17011KT,19,09
2019-05-15 21:00:00.000,2019,5,15,21,17011KT,19,06
2019-05-15 22:00:00.000,2019,5,15,22,16010KT,18,07
2019-05-15 23:00:00.000,2019,5,15,23,17010KT,17,06
2019-05-16 00:00:00.000,2019,5,16,0,VRB02KT,14,10
2019-05-16 01:00:00.000,2019,5,16,1,32005KT,13,10
2019-05-16 02:00:00.000,2019,5,16,2,35003KT,12,09
2019-05-16 03:00:00.000,2019,5,16,3,VRB02KT,12,10
2019-05-16 04:00:00.000,2019,5,16,4,05004KT,12,10
2019-05-16 05:00:00.000,2019,5,16,5,VRB02KT,12,10
2019-05-16 06:00:00.000,2019,5,16,6,04006KT,12,10
2019-05-16 07:00:00.000,2019,5,16,7,06004KT,12,10
2019-05-16 08:00:00.000,2019,5,16,8,03003KT,12,10
2019-05-16 09:00:00.000,2019,5,16,9,01005KT,11,09
2019-05-16 10:00:00.000,2019,5,16,10,VRB02KT,11,09
2019-05-16 11:00:00.000,2019,5,16,11,12003KT,11,10
2019-05-16 12:00:00.000,2019,5,16,12,06003KT,12,10
2019-05-16 13:00:00.000,2019,5,16,13,04004KT,13,11
2019-05-16 14:00:00.000,2019,5,16,14,05006KT,13,11
2019-05-16 15:00:00.000,2019,5,16,15,02005KT,15,10
2019-05-16 16:00:00.000,2019,5,16,16,09005KT,18,10
2019-05-16 17:00:00.000,2019,5,16,17,09007KT,19,09
2019-05-16 18:00:00.000,2019,5,16,18,06007KT,19,10
2019-05-16 19:00:00.000,2019,5,16,19,25009KT,19,12
2019-05-16 20:00:00.000,2019,5,16,20,34013KT,14,12
2019-05-16 21:00:00.000,2019,5,16,21,22008KT,14,13
2019-05-16 22:00:00.000,2019,5,16,22,19004KT,14,12
2019-05-16 23:00:00.000,2019,5,16,23,VRB02KT,14,11
2019-05-17 00:00:00.000,2019,5,17,0,30004KT,13,12
2019-05-17 01:00:00.000,2019,5,17,1,03003KT,13,12
2019-05-17 02:00:00.000,2019,5,17,2,VRB02KT,13,12
2019-05-17 03:00:00.000,2019,5,17,3,VRB02KT,13,11
2019-05-17 04:00:00.000,2019,5,17,4,VRB02KT,13,11
2019-05-17 05:00:00.000,2019,5,17,5,27003KT,14,11
2019-05-17 06:00:00.000,2019,5,17,6,01003KT,13,11
2019-05-17 07:00:00.000,2019,5,17,7,VRB02KT,12,11
2019-05-17 08:00:00.000,2019,5,17,8,VRB02KT,12,11
2019-05-17 09:00:00.000,2019,5,17,9,VRB02KT,11,10
2019-05-17 10:00:00.000,2019,5,17,10,03005KT,12,11
2019-05-17 11:00:00.000,2019,5,17,11,05004KT,12,11
2019-05-17 12:00:00.000,2019,5,17,12,02003KT,13,11
2019-05-17 13:00:00.000,2019,5,17,13,05005KT,15,11
2019-05-17 14:00:00.000,2019,5,17,14,06008KT,17,10
2019-05-17 15:00:00.000,2019,5,17,15,02007KT,17,10
2019-05-17 16:00:00.000,2019,5,17,16,07006KT,18,11
2019-05-17 17:00:00.000,2019,5,17,17,08005KT,17,10
2019-05-17 18:00:00.000,2019,5,17,18,19006KT,18,12
2019-05-17 19:00:00.000,2019,5,17,19,03008KT,17,13
2019-05-17 20:00:00.000,2019,5,17,20,24006KT,16,12
2019-05-17 21:00:00.000,2019,5,17,21,35007KT,15,12
2019-05-17 22:00:00.000,2019,5,17,22,31006KT,14,12
2019-05-17 23:00:00.000,2019,5,17,23,28004KT,14,13
2019-05-18 00:00:00.000,2019,5,18,0,24005KT,14,13
2019-05-18 01:00:00.000,2019,5,18,1,24003KT,14,12
2019-05-18 02:00:00.000,2019,5,18,2,VRB02KT,13,12
2019-05-18 03:00:00.000,2019,5,18,3,VRB02KT,14,11
2019-05-18 04:00:00.000,2019,5,18,4,03005KT,13,11
2019-05-18 05:00:00.000,2019,5,18,5,01003KT,11,08
2019-05-18 06:00:00.000,2019,5,18,6,03004KT,13,11
2019-05-18 07:00:00.000,2019,5,18,7,05006KT,11,10
2019-05-18 08:00:00.000,2019,5,18,8,07003KT,11,10
2019-05-18 09:00:00.000,2019,5,18,9,35003KT,09,08
2019-05-18 10:00:00.000,2019,5,18,10,36003KT,09,08
2019-05-18 11:00:00.000,2019,5,18,11,34003KT,08,08
2019-05-18 12:00:00.000,2019,5,18,12,36003KT,11,10
2019-05-18 13:00:00.000,2019,5,18,13,04005KT,13,11
2019-05-18 14:00:00.000,2019,5,18,14,VRB02KT,16,10
2019-05-18 15:00:00.000,2019,5,18,15,04004KT,16,11
2019-05-18 16:00:00.000,2019,5,18,16,05004KT,17,10
2019-05-18 17:00:00.000,2019,5,18,17,36004KT,19,10
2019-05-18 18:00:00.000,2019,5,18,18,36003KT,19,10
2019-05-18 19:00:00.000,2019,5,18,19,13010KT,16,13
2019-05-18 20:00:00.000,2019,5,18,20,VRB05KT,15,13
2019-05-18 21:00:00.000,2019,5,18,21,26004KT,15,13
2019-05-18 22:00:00.000,2019,5,18,22,25005KT,16,13
2019-05-18 23:00:00.000,2019,5,18,23,VRB02KT,15,13
2019-05-19 00:00:00.000,2019,5,19,0,26005KT,15,12
2019-05-19 01:00:00.000,2019,5,19,1,VRB02KT,15,12
2019-05-19 02:00:00.000,2019,5,19,2,VRB02KT,14,12
2019-05-19 03:00:00.000,2019,5,19,3,33004KT,12,11
2019-05-19 04:00:00.000,2019,5,19,4,VRB02KT,13,12
2019-05-19 05:00:00.000,2019,5,19,5,01003KT,13,12
2019-05-19 06:00:00.000,2019,5,19,6,30003KT,13,12
2019-05-19 07:00:00.000,2019,5,19,7,VRB02KT,12,11
2019-05-19 08:00:00.000,2019,5,19,8,VRB02KT,12,11
2019-05-19 09:00:00.000,2019,5,19,9,VRB02KT,12,11
2019-05-19 10:00:00.000,2019,5,19,10,04005KT,12,11
2019-05-19 11:00:00.000,2019,5,19,11,05004KT,12,11
2019-05-19 12:00:00.000,2019,5,19,12,04005KT,13,11
2019-05-19 13:00:00.000,2019,5,19,13,04003KT,15,12
2019-05-19 14:00:00.000,2019,5,19,14,07003KT,17,11
2019-05-19 15:00:00.000,2019,5,19,15,VRB05KT,18,11
2019-05-19 16:00:00.000,2019,5,19,16,VRB02KT,19,09
2019-05-19 17:00:00.000,2019,5,19,17,33003KT,19,09
2019-05-19 18:00:00.000,2019,5,19,18,02006KT,18,10
2019-05-19 19:00:00.000,2019,5,19,19,23007KT,16,12
2019-05-19 20:00:00.000,2019,5,19,20,11005KT,15,12
2019-05-19 21:00:00.000,2019,5,19,21,12003KT,16,12
2019-05-19 22:00:00.000,2019,5,19,22,VRB02KT,17,11
2019-05-19 23:00:00.000,2019,5,19,23,24005KT,16,13
2019-05-20 00:00:00.000,2019,5,20,0,28005KT,15,12
2019-05-20 01:00:00.000,2019,5,20,1,29004KT,15,12
2019-05-20 02:00:00.000,2019,5,20,2,VRB02KT,14,12
2019-05-20 03:00:00.000,2019,5,20,3,31003KT,14,12
2019-05-20 04:00:00.000,2019,5,20,4,27003KT,13,12
2019-05-20 05:00:00.000,2019,5,20,5,VRB02KT,13,12
2019-05-20 06:00:00.000,2019,5,20,6,30003KT,13,12
2019-05-20 07:00:00.000,2019,5,20,7,VRB02KT,13,12
2019-05-20 08:00:00.000,2019,5,20,8,01003KT,12,11
2019-05-20 09:00:00.000,2019,5,20,9,32003KT,13,12
2019-05-20 10:00:00.000,2019,5,20,10,28004KT,12,11
2019-05-20 12:00:00.000,2019,5,20,12,VRB02KT,13,12
2019-05-20 13:00:00.000,2019,5,20,13,VRB02KT,13,12
2019-05-20 14:00:00.000,2019,5,20,14,VRB02KT,15,11
2019-05-20 15:00:00.000,2019,5,20,15,16004KT,16,11
2019-05-20 16:00:00.000,2019,5,20,16,14006KT,17,10
2019-05-20 17:00:00.000,2019,5,20,17,10005KT,17,09
2019-05-20 18:00:00.000,2019,5,20,18,12007KT,18,09
2019-05-20 19:00:00.000,2019,5,20,19,11005KT,18,10
2019-05-20 20:00:00.000,2019,5,20,20,12006KT,18,09
2019-05-20 21:00:00.000,2019,5,20,21,11008KT,18,09
2019-05-20 22:00:00.000,2019,5,20,22,13010KT,18,10
2019-05-20 23:00:00.000,2019,5,20,23,14009KT,15,10
2019-05-21 00:00:00.000,2019,5,21,0,VRB02KT,15,09
2019-05-21 01:00:00.000,2019,5,21,1,12007KT,15,10
2019-05-21 02:00:00.000,2019,5,21,2,10005KT,14,10
2019-05-21 03:00:00.000,2019,5,21,3,13004KT,14,09
2019-05-21 04:00:00.000,2019,5,21,4,03004KT,12,10
2019-05-21 05:00:00.000,2019,5,21,5,VRB02KT,12,09
2019-05-21 06:00:00.000,2019,5,21,6,36004KT,11,09
2019-05-21 07:00:00.000,2019,5,21,7,00000KT,10,09
2019-05-21 08:00:00.000,2019,5,21,8,33003KT,10,09
2019-05-21 09:00:00.000,2019,5,21,9,VRB02KT,10,09
2019-05-21 10:00:00.000,2019,5,21,10,06005KT,10,09
2019-05-21 11:00:00.000,2019,5,21,11,07003KT,11,10
2019-05-21 12:00:00.000,2019,5,21,12,05003KT,12,10
2019-05-21 13:00:00.000,2019,5,21,13,05008KT,15,09
2019-05-21 14:00:00.000,2019,5,21,14,18010KT,17,09
2019-05-21 15:00:00.000,2019,5,21,15,18010KT,17,09
2019-05-21 16:00:00.000,2019,5,21,16,15012KT,18,09
2019-05-21 17:00:00.000,2019,5,21,17,14010KT,17,09
2019-05-21 18:00:00.000,2019,5,21,18,12005KT,18,10
2019-05-21 19:00:00.000,2019,5,21,19,14007KT,19,09
2019-05-21 20:00:00.000,2019,5,21,20,14010KT,18,09
2019-05-21 21:00:00.000,2019,5,21,21,15008KT,20,09
2019-05-21 22:00:00.000,2019,5,21,22,10007KT,19,09
2019-05-21 23:00:00.000,2019,5,21,23,11010KT,17,09
2019-05-22 00:00:00.000,2019,5,22,0,17007KT,17,09
2019-05-22 01:00:00.000,2019,5,22,1,13005KT,15,10
2019-05-22 02:00:00.000,2019,5,22,2,VRB02KT,15,11
2019-05-22 03:00:00.000,2019,5,22,3,13006KT,14,10
2019-05-22 04:00:00.000,2019,5,22,4,VRB02KT,13,10
2019-05-22 05:00:00.000,2019,5,22,5,05005KT,13,10
2019-05-22 06:00:00.000,2019,5,22,6,35004KT,13,11
2019-05-22 07:00:00.000,2019,5,22,7,03004KT,12,10
2019-05-22 08:00:00.000,2019,5,22,8,02003KT,12,10
2019-05-22 09:00:00.000,2019,5,22,9,VRB02KT,12,11
2019-05-22 10:00:00.000,2019,5,22,10,VRB02KT,11,10
2019-05-22 11:00:00.000,2019,5,22,11,VRB02KT,12,10
2019-05-22 12:00:00.000,2019,5,22,12,VRB03KT,13,11
2019-05-22 13:00:00.000,2019,5,22,13,VRB02KT,15,11
2019-05-22 14:00:00.000,2019,5,22,14,VRB02KT,16,10
2019-05-22 15:00:00.000,2019,5,22,15,13005KT,17,10
2019-05-22 16:00:00.000,2019,5,22,16,13008KT,19,07
2019-05-22 17:00:00.000,2019,5,22,17,VRB06KT,20,08
2019-05-22 18:00:00.000,2019,5,22,18,15008KT,20,09
2019-05-22 19:00:00.000,2019,5,22,19,14005KT,19,08
2019-05-22 20:00:00.000,2019,5,22,20,29007KT,18,12
2019-05-22 21:00:00.000,2019,5,22,21,33007KT,19,11
2019-05-22 22:00:00.000,2019,5,22,22,32006KT,18,12
2019-05-22 23:00:00.000,2019,5,22,23,30005KT,17,11
2019-05-23 00:00:00.000,2019,5,23,0,VRB02KT,16,12
2019-05-23 01:00:00.000,2019,5,23,1,34004KT,15,11
2019-05-23 02:00:00.000,2019,5,23,2,06004KT,14,11
2019-05-23 03:00:00.000,2019,5,23,3,03005KT,13,10
2019-05-23 04:00:00.000,2019,5,23,4,04005KT,13,11
2019-05-23 05:00:00.000,2019,5,23,5,VRB02KT,12,10
2019-05-23 06:00:00.000,2019,5,23,6,05005KT,12,10
2019-05-23 07:00:00.000,2019,5,23,7,06004KT,12,10
2019-05-23 08:00:00.000,2019,5,23,8,VRB02KT,12,10
2019-05-23 09:00:00.000,2019,5,23,9,04004KT,12,10
2019-05-23 10:00:00.000,2019,5,23,10,30004KT,10,09
2019-05-23 11:00:00.000,2019,5,23,11,VRB02KT,11,10
2019-05-23 12:00:00.000,2019,5,23,12,VRB02KT,11,10
2019-05-23 13:00:00.000,2019,5,23,13,03004KT,14,12
2019-05-23 14:00:00.000,2019,5,23,14,02004KT,17,11
2019-05-23 15:00:00.000,2019,5,23,15,04004KT,17,11
2019-05-23 16:00:00.000,2019,5,23,16,28010KT,18,12
2019-05-23 17:00:00.000,2019,5,23,17,29010KT,15,12
2019-05-23 18:00:00.000,2019,5,23,18,36004KT,14,12
2019-05-23 19:00:00.000,2019,5,23,19,VRB02KT,14,13
2019-05-23 20:00:00.000,2019,5,23,20,VRB03KT,15,12
2019-05-23 21:00:00.000,2019,5,23,21,23008KT,16,12
2019-05-23 22:00:00.000,2019,5,23,22,23004KT,15,12
2019-05-23 23:00:00.000,2019,5,23,23,VRB02KT,15,12
2019-05-24 00:00:00.000,2019,5,24,0,VRB02KT,13,12
2019-05-24 01:00:00.000,2019,5,24,1,03004KT,13,12
2019-05-24 02:00:00.000,2019,5,24,2,VRB02KT,13,12
2019-05-24 03:00:00.000,2019,5,24,3,VRB02KT,13,12
2019-05-24 04:00:00.000,2019,5,24,4,19005KT,13,12
2019-05-24 05:00:00.000,2019,5,24,5,32003KT,13,12
2019-05-24 06:00:00.000,2019,5,24,6,04003KT,12,12
2019-05-24 07:00:00.000,2019,5,24,7,02003KT,12,11
2019-05-24 08:00:00.000,2019,5,24,8,05005KT,12,11
2019-05-24 09:00:00.000,2019,5,24,9,04007KT,12,11
2019-05-24 10:00:00.000,2019,5,24,10,05007KT,12,11
2019-05-24 11:00:00.000,2019,5,24,11,05008KT,11,11
2019-05-24 12:00:00.000,2019,5,24,12,06007KT,12,10
2019-05-24 13:00:00.000,2019,5,24,13,06006KT,12,10
2019-05-24 14:00:00.000,2019,5,24,14,06007KT,13,11
2019-05-24 15:00:00.000,2019,5,24,15,06007KT,14,11
2019-05-24 16:00:00.000,2019,5,24,16,12005KT,15,11
2019-05-24 17:00:00.000,2019,5,24,17,06007KT,15,11
2019-05-24 18:00:00.000,2019,5,24,18,08005KT,17,11
2019-05-24 19:00:00.000,2019,5,24,19,08006KT,17,10
2019-05-24 20:00:00.000,2019,5,24,20,05006KT,17,11
2019-05-24 21:00:00.000,2019,5,24,21,03008KT,18,11
2019-05-24 22:00:00.000,2019,5,24,22,02004KT,18,11
2019-05-24 23:00:00.000,2019,5,24,23,25005KT,17,10
2019-05-25 00:00:00.000,2019,5,25,0,27004KT,15,12
2019-05-25 01:00:00.000,2019,5,25,1,VRB02KT,14,12
2019-05-25 02:00:00.000,2019,5,25,2,VRB02KT,15,10
2019-05-25 03:00:00.000,2019,5,25,3,VRB02KT,14,11
2019-05-25 04:00:00.000,2019,5,25,4,20004KT,14,11
2019-05-25 05:00:00.000,2019,5,25,5,VRB02KT,13,11
2019-05-25 06:00:00.000,2019,5,25,6,00000KT,11,10
2019-05-25 07:00:00.000,2019,5,25,7,VRB02KT,11,10
2019-05-25 08:00:00.000,2019,5,25,8,03005KT,10,09
2019-05-25 09:00:00.000,2019,5,25,9,VRB02KT,10,09
2019-05-25 10:00:00.000,2019,5,25,10,06003KT,11,10
2019-05-25 11:00:00.000,2019,5,25,11,06003KT,11,10
2019-05-25 12:00:00.000,2019,5,25,12,01003KT,13,10
2019-05-25 13:00:00.000,2019,5,25,13,05004KT,15,11
2019-05-25 14:00:00.000,2019,5,25,14,09004KT,18,10
2019-05-25 15:00:00.000,2019,5,25,15,02005KT,18,10
2019-05-25 16:00:00.000,2019,5,25,16,04004KT,18,10
2019-05-25 17:00:00.000,2019,5,25,17,23007KT,17,12
2019-05-25 18:00:00.000,2019,5,25,18,31008KT,14,13
2019-05-25 19:00:00.000,2019,5,25,19,29008KT,17,14
2019-05-25 20:00:00.000,2019,5,25,20,30011KT,17,12
2019-05-25 21:00:00.000,2019,5,25,21,VRB02KT,13,12
2019-05-25 22:00:00.000,2019,5,25,22,30004KT,14,12
2019-05-25 23:00:00.000,2019,5,25,23,35003KT,14,12
2019-05-26 00:00:00.000,2019,5,26,0,VRB02KT,14,12
2019-05-26 01:00:00.000,2019,5,26,1,VRB002KT,14,12
2019-05-26 02:00:00.000,2019,5,26,2,VRB02KT,14,13
2019-05-26 03:00:00.000,2019,5,26,3,02004KT,13,12
2019-05-26 04:00:00.000,2019,5,26,4,05004KT,13,12
2019-05-26 05:00:00.000,2019,5,26,5,05006KT,12,11
2019-05-26 06:00:00.000,2019,5,26,6,06005KT,11,10
2019-05-26 07:00:00.000,2019,5,26,7,VRB02KT,11,10
2019-05-26 08:00:00.000,2019,5,26,8,VRB02KT,11,10
2019-05-26 09:00:00.000,2019,5,26,9,VRB02KT,11,10
2019-05-26 10:00:00.000,2019,5,26,10,VRB02KT,10,09
2019-05-26 11:00:00.000,2019,5,26,11,05004KT,11,10
2019-05-26 12:00:00.000,2019,5,26,12,03004KT,12,11
2019-05-26 13:00:00.000,2019,5,26,13,05006KT,14,11
2019-05-26 14:00:00.000,2019,5,26,14,05006KT,16,11
2019-05-26 15:00:00.000,2019,5,26,15,08005KT,19,11
2019-05-26 16:00:00.000,2019,5,26,16,23004KT,19,11
2019-05-26 17:00:00.000,2019,5,26,17,12006KT,19,08
2019-05-26 18:00:00.000,2019,5,26,18,15008KT,19,09
2019-05-26 19:00:00.000,2019,5,26,19,27007KT,18,12
2019-05-26 20:00:00.000,2019,5,26,20,31011KT,17,13
2019-05-26 21:00:00.000,2019,5,26,21,26011KT,16,11
2019-05-26 22:00:00.000,2019,5,26,22,31007KT,14,12
2019-05-26 23:00:00.000,2019,5,26,23,03005KT,13,11
2019-05-27 00:00:00.000,2019,5,27,0,VRB02KT,13,11
2019-05-27 01:00:00.000,2019,5,27,1,VRB02KT,12,10
2019-05-27 02:00:00.000,2019,5,27,2,02003KT,11,10
2019-05-27 03:00:00.000,2019,5,27,3,VRB02KT,11,10
2019-05-27 04:00:00.000,2019,5,27,4,34003KT,10,09
2019-05-27 05:00:00.000,2019,5,27,5,04004KT,10,10
2019-05-27 06:00:00.000,2019,5,27,6,31003KT,10,10
2019-05-27 07:00:00.000,2019,5,27,7,VRB02KT,10,09
2019-05-27 08:00:00.000,2019,5,27,8,08003KT,10,10
2019-05-27 09:00:00.000,2019,5,27,9,VRB02KT,10,10
2019-05-27 10:00:00.000,2019,5,27,10,VRB02KT,10,10
2019-05-27 11:00:00.000,2019,5,27,11,32003KT,10,09
2019-05-27 12:00:00.000,2019,5,27,12,05003KT,11,11
2019-05-27 13:00:00.000,2019,5,27,13,VRB02KT,14,12
2019-05-27 14:00:00.000,2019,5,27,14,VRB02KT,17,11
2019-05-27 15:00:00.000,2019,5,27,15,01005KT,18,10
2019-05-27 16:00:00.000,2019,5,27,16,27003KT,19,10
2019-05-27 17:00:00.000,2019,5,27,17,22003KT,20,09
2019-05-27 18:00:00.000,2019,5,27,18,24007KT,18,12
2019-05-27 19:00:00.000,2019,5,27,19,24008KT,18,12
2019-05-27 20:00:00.000,2019,5,27,20,30007KT,14,13
2019-05-27 21:00:00.000,2019,5,27,21,25004KT,15,14
2019-05-27 22:00:00.000,2019,5,27,22,VRB02KT,16,13
2019-05-27 23:00:00.000,2019,5,27,23,VRB02KT,15,13
2019-05-28 00:00:00.000,2019,5,28,0,28005KT,14,13
2019-05-28 01:00:00.000,2019,5,28,1,VRB02KT,14,12
2019-05-28 02:00:00.000,2019,5,28,2,VRB02KT,13,12
2019-05-28 03:00:00.000,2019,5,28,3,05003KT,12,11
2019-05-28 04:00:00.000,2019,5,28,4,00000KT,13,12
2019-05-28 05:00:00.000,2019,5,28,5,VRB02KT,12,11
2019-05-28 06:00:00.000,2019,5,28,6,34003KT,12,11
2019-05-28 07:00:00.000,2019,5,28,7,VRB02KT,12,11
2019-05-28 08:00:00.000,2019,5,28,8,27004KT,11,10
2019-05-28 09:00:00.000,2019,5,28,9,VRB02KT,10,09
2019-05-28 10:00:00.000,2019,5,28,10,VRB02KT,10,09
2019-05-28 11:00:00.000,2019,5,28,11,04003KT,09,09
2019-05-28 12:00:00.000,2019,5,28,12,04003KT,11,10
2019-05-28 13:00:00.000,2019,5,28,13,32003KT,13,13
2019-05-28 14:00:00.000,2019,5,28,14,36004KT,16,11
2019-05-28 15:00:00.000,2019,5,28,15,29003KT,18,10
2019-05-28 16:00:00.000,2019,5,28,16,03003KT,17,10
2019-05-28 17:00:00.000,2019,5,28,17,VRB02KT,17,11
2019-05-28 18:00:00.000,2019,5,28,18,06004KT,16,12
2019-05-28 19:00:00.000,2019,5,28,19,18006KT,17,11
2019-05-28 20:00:00.000,2019,5,28,20,VRB02KT,17,10
2019-05-28 21:00:00.000,2019,5,28,21,04006KT,17,11
2019-05-28 22:00:00.000,2019,5,28,22,01005KT,16,11
2019-05-28 23:00:00.000,2019,5,28,23,27005KT,16,12
2019-05-29 00:00:00.000,2019,5,29,0,VRB02KT,14,12
2019-05-29 01:00:00.000,2019,5,29,1,25003KT,13,11
2019-05-29 02:00:00.000,2019,5,29,2,28003KT,13,12
2019-05-29 03:00:00.000,2019,5,29,3,02004KT,13,11
2019-05-29 04:00:00.000,2019,5,29,4,VRB02KT,12,11
2019-05-29 05:00:00.000,2019,5,29,5,03003KT,12,11
2019-05-29 06:00:00.000,2019,5,29,6,06006KT,12,10
2019-05-29 07:00:00.000,2019,5,29,7,04004KT,12,10
2019-05-29 08:00:00.000,2019,5,29,8,VRB02KT,11,10
2019-05-29 09:00:00.000,2019,5,29,9,VRB02KT,11,10
2019-05-29 10:00:00.000,2019,5,29,10,03004KT,10,09
2019-05-29 11:00:00.000,2019,5,29,11,00000KT,11,10
2019-05-29 12:00:00.000,2019,5,29,12,03004KT,13,11
2019-05-29 13:00:00.000,2019,5,29,13,05004KT,15,11
2019-05-29 14:00:00.000,2019,5,29,14,VRB02KT,17,10
2019-05-29 15:00:00.000,2019,5,29,15,02006KT,17,11
2019-05-29 16:00:00.000,2019,5,29,16,04007KT,18,10
2019-05-29 17:00:00.000,2019,5,29,17,VRB02KT,19,09
2019-05-29 18:00:00.000,2019,5,29,18,12005KT,20,10
2019-05-29 19:00:00.000,2019,5,29,19,29008KT,19,12
2019-05-29 20:00:00.000,2019,5,29,20,27010KT,18,13
2019-05-29 21:00:00.000,2019,5,29,21,30012KT,16,14
2019-05-29 22:00:00.000,2019,5,29,22,28008KT,15,13
2019-05-29 23:00:00.000,2019,5,29,23,27003KT,15,12
2019-05-30 00:00:00.000,2019,5,30,0,30004KT,13,12
2019-05-30 01:00:00.000,2019,5,30,1,VRB02KT,12,11
2019-05-30 02:00:00.000,2019,5,30,2,VRB02KT,13,12
2019-05-30 03:00:00.000,2019,5,30,3,VRB02KT,13,12
2019-05-30 04:00:00.000,2019,5,30,4,04005KT,12,11
2019-05-30 05:00:00.000,2019,5,30,5,02004KT,12,11
2019-05-30 06:00:00.000,2019,5,30,6,35003KT,12,11
2019-05-30 07:00:00.000,2019,5,30,7,VRB02KT,12,11
2019-05-30 08:00:00.000,2019,5,30,8,06003KT,11,10
2019-05-30 09:00:00.000,2019,5,30,9,04003KT,11,10
2019-05-30 10:00:00.000,2019,5,30,10,VRB02KT,10,10
2019-05-30 11:00:00.000,2019,5,30,11,34003KT,09,09
2019-05-30 12:00:00.000,2019,5,30,12,04003KT,11,10
2019-05-30 13:00:00.000,2019,5,30,13,33003KT,13,11
2019-05-30 14:00:00.000,2019,5,30,14,03004KT,16,11
2019-05-30 15:00:00.000,2019,5,30,15,33003KT,17,10
2019-05-30 16:00:00.000,2019,5,30,16,02003KT,17,10
2019-05-30 17:00:00.000,2019,5,30,17,29009KT,18,12
2019-05-30 20:00:00.000,2019,5,30,20,26009KT,17,12
2019-05-30 21:00:00.000,2019,5,30,21,27010KT,17,12
2019-05-30 22:00:00.000,2019,5,30,22,28012KT,15,12
2019-05-30 23:00:00.000,2019,5,30,23,25008KT,14,12
2019-05-31 00:00:00.000,2019,5,31,0,27007KT,14,12
2019-05-31 01:00:00.000,2019,5,31,1,27004KT,14,13
2019-05-31 02:00:00.000,2019,5,31,2,27004KT,14,13
2019-05-31 03:00:00.000,2019,5,31,3,03006KT,12,11
2019-05-31 04:00:00.000,2019,5,31,4,35003KT,12,12
2019-05-31 05:00:00.000,2019,5,31,5,VRB02KT,12,11
2019-05-31 06:00:00.000,2019,5,31,6,VRB02KT,12,12
2019-05-31 07:00:00.000,2019,5,31,7,VRB02KT,12,12
2019-05-31 08:00:00.000,2019,5,31,8,VRB02KT,12,12
2019-05-31 09:00:00.000,2019,5,31,9,VRB02KT,12,11
2019-05-31 10:00:00.000,2019,5,31,10,VRB02KT,12,12
2019-05-31 11:00:00.000,2019,5,31,11,VRB02KT,11,10
2019-05-31 12:00:00.000,2019,5,31,12,02003KT,12,12
2019-05-31 13:00:00.000,2019,5,31,13,VRB02KT,14,13
2019-05-31 14:00:00.000,2019,5,31,14,26004KT,16,11
2019-05-31 15:00:00.000,2019,5,31,15,31004KT,18,11
2019-05-31 16:00:00.000,2019,5,31,16,VRB04KT,19,10
2019-05-31 17:00:00.000,2019,5,31,17,VRB03KT,21,11
2019-05-31 18:00:00.000,2019,5,31,18,20009KT,17,13
2019-05-31 19:00:00.000,2019,5,31,19,26010KT,15,13
2019-05-31 20:00:00.000,2019,5,31,20,29007KT,15,13
2019-05-31 21:00:00.000,2019,5,31,21,30004KT,16,13
2019-05-31 22:00:00.000,2019,5,31,22,30005KT,16,13
2019-05-31 23:00:00.000,2019,5,31,23,32006KT,15,13
2019-06-01 00:00:00.000,2019,6,1,0,27006KT,15,13
2019-06-01 01:00:00.000,2019,6,1,1,VRB02KT,14,13
2019-06-01 02:00:00.000,2019,6,1,2,26006KT,14,13
2019-06-01 03:00:00.000,2019,6,1,3,26004KT,13,12
2019-06-01 04:00:00.000,2019,6,1,4,VRB02KT,12,11
2019-06-01 05:00:00.000,2019,6,1,5,34003KT,12,11
2019-06-01 06:00:00.000,2019,6,1,6,VRB02KT,12,11
2019-06-01 07:00:00.000,2019,6,1,7,VRB02KT,12,11
2019-06-01 08:00:00.000,2019,6,1,8,03004KT,12,11
2019-06-01 09:00:00.000,2019,6,1,9,VRB02KT,12,11
2019-06-01 10:00:00.000,2019,6,1,10,VRB02KT,12,11
2019-06-01 11:00:00.000,2019,6,1,11,VRB02KT,12,11
2019-06-01 12:00:00.000,2019,6,1,12,VRB02KT,12,11
2019-06-01 13:00:00.000,2019,6,1,13,VRB02KT,14,12
2019-06-01 14:00:00.000,2019,6,1,14,VRB02KT,15,12
2019-06-01 15:00:00.000,2019,6,1,15,VRB02KT,16,12
2019-06-01 16:00:00.000,2019,6,1,16,29005KT,16,12
2019-06-01 17:00:00.000,2019,6,1,17,27007KT,16,11
2019-06-01 18:00:00.000,2019,6,1,18,30004KT,17,10
2019-06-01 19:00:00.000,2019,6,1,19,20008KT,14,13
2019-06-01 20:00:00.000,2019,6,1,20,13004KT,14,12
2019-06-01 21:00:00.000,2019,6,1,21,VRB02KT,14,12
2019-06-01 22:00:00.000,2019,6,1,22,VRB02KT,15,11
2019-06-01 23:00:00.000,2019,6,1,23,VRB02KT,14,12
2019-06-02 00:00:00.000,2019,6,2,0,VRB02KT,12,11
2019-06-02 01:00:00.000,2019,6,2,1,VRB02KT,12,12
2019-06-02 02:00:00.000,2019,6,2,2,VRB02KT,13,12
2019-06-02 03:00:00.000,2019,6,2,3,VRB02KT,12,12
2019-06-02 04:00:00.000,2019,6,2,4,34003KT,12,11
2019-06-02 05:00:00.000,2019,6,2,5,27005KT,12,11
2019-06-02 06:00:00.000,2019,6,2,6,28003KT,12,11
2019-06-02 07:00:00.000,2019,6,2,7,VRB02KT,12,11
2019-06-02 08:00:00.000,2019,6,2,8,VRB02KT,12,11
2019-06-02 09:00:00.000,2019,6,2,9,VRB02KT,12,11
2019-06-02 10:00:00.000,2019,6,2,10,VRB02KT,12,11
2019-06-02 11:00:00.000,2019,6,2,11,VRB02KT,11,11
2019-06-02 12:00:00.000,2019,6,2,12,VRB02KT,12,12
2019-06-02 13:00:00.000,2019,6,2,13,VRB03KT,15,11
2019-06-02 14:00:00.000,2019,6,2,14,04004KT,16,08
2019-06-02 15:00:00.000,2019,6,2,15,06005KT,17,09
2019-06-02 16:00:00.000,2019,6,2,16,16011KT,18,10
2019-06-02 17:00:00.000,2019,6,2,17,16007KT,19,09
2019-06-02 18:00:00.000,2019,6,2,18,15007KT,19,08
2019-06-02 19:00:00.000,2019,6,2,19,25007KT,20,10
2019-06-02 20:00:00.000,2019,6,2,20,27010KT,20,13
2019-06-02 21:00:00.000,2019,6,2,21,26009KT,19,12
2019-06-02 22:00:00.000,2019,6,2,22,27010KT,16,11
2019-06-02 23:00:00.000,2019,6,2,23,27008KT,16,11
2019-06-03 00:00:00.000,2019,6,3,0,29005KT,14,09
2019-06-03 01:00:00.000,2019,6,3,1,VRB02KT,13,10
2019-06-03 02:00:00.000,2019,6,3,2,VRB02KT,12,10
2019-06-03 03:00:00.000,2019,6,3,3,VRB02KT,12,10
2019-06-03 04:00:00.000,2019,6,3,4,VRB02KT,12,11
2019-06-03 05:00:00.000,2019,6,3,5,VRB02KT,11,10
2019-06-03 06:00:00.000,2019,6,3,6,VRB02KT,12,10
2019-06-03 07:00:00.000,2019,6,3,7,02003KT,11,10
2019-06-03 08:00:00.000,2019,6,3,8,06004KT,11,10
2019-06-03 09:00:00.000,2019,6,3,9,04004KT,11,10
2019-06-03 10:00:00.000,2019,6,3,10,10005KT,13,10
2019-06-03 11:00:00.000,2019,6,3,11,12004KT,13,09
2019-06-03 12:00:00.000,2019,6,3,12,VRB02KT,14,10
2019-06-03 13:00:00.000,2019,6,3,13,04008KT,14,11
2019-06-03 14:00:00.000,2019,6,3,14,10008KT,16,09
2019-06-03 15:00:00.000,2019,6,3,15,13008KT,17,10
2019-06-03 16:00:00.000,2019,6,3,16,11010KT,17,09
2019-06-03 17:00:00.000,2019,6,3,17,09009KT,16,10
2019-06-03 18:00:00.000,2019,6,3,18,14007KT,17,10
2019-06-03 19:00:00.000,2019,6,3,19,14013KT,18,10
2019-06-03 20:00:00.000,2019,6,3,20,11010KT,18,09
2019-06-03 21:00:00.000,2019,6,3,21,14009KT,18,09
2019-06-03 22:00:00.000,2019,6,3,22,13007KT,17,09
2019-06-03 23:00:00.000,2019,6,3,23,09006KT,16,09
2019-06-04 00:00:00.000,2019,6,4,0,VRB02KT,15,09
2019-06-04 01:00:00.000,2019,6,4,1,VRB02KT,13,09
2019-06-04 02:00:00.000,2019,6,4,2,VRB02KT,12,10
2019-06-04 03:00:00.000,2019,6,4,3,VRB02KT,11,10
2019-06-04 04:00:00.000,2019,6,4,4,05008KT,12,09
2019-06-04 05:00:00.000,2019,6,4,5,08004KT,11,09
2019-06-04 06:00:00.000,2019,6,4,6,36004KT,10,09
2019-06-04 07:00:00.000,2019,6,4,7,04004KT,11,10
2019-06-04 08:00:00.000,2019,6,4,8,VRB02KT,11,10
2019-06-04 09:00:00.000,2019,6,4,9,VRB02KT,11,09
2019-06-04 10:00:00.000,2019,6,4,10,01004KT,10,09
2019-06-04 11:00:00.000,2019,6,4,11,06006KT,10,09
2019-06-04 12:00:00.000,2019,6,4,12,06006KT,12,10
2019-06-04 13:00:00.000,2019,6,4,13,05007KT,14,10
2019-06-04 14:00:00.000,2019,6,4,14,05005KT,16,09
2019-06-04 15:00:00.000,2019,6,4,15,09008KT,18,08
2019-06-04 16:00:00.000,2019,6,4,16,12008KT,18,08
2019-06-04 17:00:00.000,2019,6,4,17,14011KT,18,09
2019-06-04 18:00:00.000,2019,6,4,18,13008KT,18,09
2019-06-04 19:00:00.000,2019,6,4,19,15008KT,19,08
2019-06-04 20:00:00.000,2019,6,4,20,14009KT,20,08
2019-06-04 21:00:00.000,2019,6,4,21,17015KT,19,08
2019-06-04 22:00:00.000,2019,6,4,22,17012KT,18,07
2019-06-04 23:00:00.000,2019,6,4,23,17009KT,18,08
2019-06-05 00:00:00.000,2019,6,5,0,11006KT,16,10
2019-06-05 01:00:00.000,2019,6,5,1,06006KT,14,11
2019-06-05 02:00:00.000,2019,6,5,2,VRB02KT,14,12
2019-06-05 03:00:00.000,2019,6,5,3,VRB02KT,14,10
2019-06-05 04:00:00.000,2019,6,5,4,13005KT,13,10
2019-06-05 05:00:00.000,2019,6,5,5,17005KT,13,09
2019-06-05 06:00:00.000,2019,6,5,6,17006KT,13,09
2019-06-05 07:00:00.000,2019,6,5,7,15003KT,13,09
2019-06-05 08:00:00.000,2019,6,5,8,06004KT,12,10
2019-06-05 09:00:00.000,2019,6,5,9,06004KT,12,10
2019-06-05 10:00:00.000,2019,6,5,10,04003KT,11,10
2019-06-05 11:00:00.000,2019,6,5,11,02003KT,11,10
2019-06-05 12:00:00.000,2019,6,5,12,06006KT,14,11
2019-06-05 13:00:00.000,2019,6,5,13,VRB02KT,18,10
2019-06-05 14:00:00.000,2019,6,5,14,14007KT,19,08
2019-06-05 15:00:00.000,2019,6,5,15,17014KT,20,09
2019-06-05 16:00:00.000,2019,6,5,16,16012KT,20,09
2019-06-05 17:00:00.000,2019,6,5,17,18013KT,20,10
2019-06-05 18:00:00.000,2019,6,5,18,17012KT,21,08
2019-06-05 19:00:00.000,2019,6,5,19,16014KT,21,07
2019-06-05 20:00:00.000,2019,6,5,20,17014KT,20,07
2019-06-05 21:00:00.000,2019,6,5,21,17012KT,20,07
2019-06-05 22:00:00.000,2019,6,5,22,17014KT,19,07
2019-06-05 23:00:00.000,2019,6,5,23,17013KT,17,07
2019-06-06 00:00:00.000,2019,6,6,0,14008KT,15,07
2019-06-06 01:00:00.000,2019,6,6,1,16010KT,16,07
2019-06-06 02:00:00.000,2019,6,6,2,14005KT,14,07
2019-06-06 03:00:00.000,2019,6,6,3,060300Z,12,09
2019-06-06 04:00:00.000,2019,6,6,4,060400Z,12,10
2019-06-06 05:00:00.000,2019,6,6,5,VRB02KT,12,10
2019-06-06 06:00:00.000,2019,6,6,6,02003KT,12,10
2019-06-06 07:00:00.000,2019,6,6,7,VRB02KT,12,10
2019-06-06 08:00:00.000,2019,6,6,8,03004KT,11,10
2019-06-06 09:00:00.000,2019,6,6,9,13004KT,12,11
2019-06-06 10:00:00.000,2019,6,6,10,VRB02KT,11,10
2019-06-06 11:00:00.000,2019,6,6,11,28003KT,11,10
2019-06-06 12:00:00.000,2019,6,6,12,03005KT,13,11
2019-06-06 13:00:00.000,2019,6,6,13,05005KT,15,11
2019-06-06 14:00:00.000,2019,6,6,14,07007KT,16,10
2019-06-06 15:00:00.000,2019,6,6,15,07009KT,16,10
2019-06-06 16:00:00.000,2019,6,6,16,10008KT,16,09
2019-06-06 17:00:00.000,2019,6,6,17,11007KT,16,09
2019-06-06 18:00:00.000,2019,6,6,18,06007KT,15,10
2019-06-06 19:00:00.000,2019,6,6,19,06007KT,16,10
2019-06-06 20:00:00.000,2019,6,6,20,07010KT,16,11
2019-06-06 21:00:00.000,2019,6,6,21,11007KT,16,10
2019-06-06 22:00:00.000,2019,6,6,22,10006KT,16,09
2019-06-06 23:00:00.000,2019,6,6,23,09004KT,15,09
2019-06-07 00:00:00.000,2019,6,7,0,09004KT,15,09
2019-06-07 01:00:00.000,2019,6,7,1,VRB02KT,14,09
2019-06-07 02:00:00.000,2019,6,7,2,02004KT,12,10
2019-06-07 03:00:00.000,2019,6,7,3,04004KT,13,10
2019-06-07 04:00:00.000,2019,6,7,4,VRB02KT,13,10
2019-06-07 05:00:00.000,2019,6,7,5,VRB02KT,13,10
2019-06-07 06:00:00.000,2019,6,7,6,VRB02KT,12,09
2019-06-07 07:00:00.000,2019,6,7,7,VRB02KT,12,10
2019-06-07 08:00:00.000,2019,6,7,8,VRB02KT,12,10
2019-06-07 09:00:00.000,2019,6,7,9,04004KT,12,10
2019-06-07 10:00:00.000,2019,6,7,10,06004KT,11,09
2019-06-07 11:00:00.000,2019,6,7,11,05004KT,11,09
2019-06-07 12:00:00.000,2019,6,7,12,02005KT,14,10
2019-06-07 13:00:00.000,2019,6,7,13,05005KT,16,09
2019-06-07 14:00:00.000,2019,6,7,14,03005KT,18,10
2019-06-07 15:00:00.000,2019,6,7,15,03006KT,17,10
2019-06-07 16:00:00.000,2019,6,7,16,VRB02KT,17,10
2019-06-07 17:00:00.000,2019,6,7,17,04008KT,17,12
2019-06-07 18:00:00.000,2019,6,7,18,35006KT,17,10
2019-06-07 19:00:00.000,2019,6,7,19,31009KT,18,09
2019-06-07 20:00:00.000,2019,6,7,20,28010KT,18,12
2019-06-07 21:00:00.000,2019,6,7,21,32006KT,16,12
2019-06-07 22:00:00.000,2019,6,7,22,30009KT,16,12
2019-06-07 23:00:00.000,2019,6,7,23,28006KT,15,12
2019-06-08 00:00:00.000,2019,6,8,0,30005KT,14,11
2019-06-08 01:00:00.000,2019,6,8,1,02003KT,13,12
2019-06-08 02:00:00.000,2019,6,8,2,01004KT,13,11
2019-06-08 03:00:00.000,2019,6,8,3,33003KT,12,10
2019-06-08 04:00:00.000,2019,6,8,4,32003KT,12,10
2019-06-08 05:00:00.000,2019,6,8,5,VRB02KT,12,11
2019-06-08 06:00:00.000,2019,6,8,6,27004KT,12,10
2019-06-08 07:00:00.000,2019,6,8,7,29003KT,12,10
2019-06-08 08:00:00.000,2019,6,8,8,VRB02KT,12,10
2019-06-08 09:00:00.000,2019,6,8,9,04003KT,10,09
2019-06-08 10:00:00.000,2019,6,8,10,00000KT,11,10
2019-06-08 11:00:00.000,2019,6,8,11,03004KT,10,09
2019-06-08 12:00:00.000,2019,6,8,12,04006KT,10,09
2019-06-08 13:00:00.000,2019,6,8,13,06005KT,12,11
2019-06-08 14:00:00.000,2019,6,8,14,VRB02KT,15,11
2019-06-08 15:00:00.000,2019,6,8,15,VRB02KT,16,10
2019-06-08 16:00:00.000,2019,6,8,16,09006KT,18,09
2019-06-08 17:00:00.000,2019,6,8,17,16011KT,18,09
2019-06-08 18:00:00.000,2019,6,8,18,12007KT,19,08
2019-06-08 19:00:00.000,2019,6,8,19,19008KT,20,09
2019-06-08 20:00:00.000,2019,6,8,20,32005KT,18,09
2019-06-08 21:00:00.000,2019,6,8,21,05008KT,18,09
2019-06-08 22:00:00.000,2019,6,8,22,36006KT,16,11
2019-06-08 23:00:00.000,2019,6,8,23,26004KT,15,11
2019-06-09 00:00:00.000,2019,6,9,0,13006KT,14,09
2019-06-09 01:00:00.000,2019,6,9,1,VRB05KT,14,09
2019-06-09 02:00:00.000,2019,6,9,2,11006KT,15,10
2019-06-09 03:00:00.000,2019,6,9,3,11003KT,15,10
2019-06-09 04:00:00.000,2019,6,9,4,VRB02KT,14,09
2019-06-09 05:00:00.000,2019,6,9,5,05006KT,12,10
2019-06-09 06:00:00.000,2019,6,9,6,33004KT,12,10
2019-06-09 07:00:00.000,2019,6,9,7,VRB02KT,12,10
2019-06-09 08:00:00.000,2019,6,9,8,VRB02KT,12,09
2019-06-09 09:00:00.000,2019,6,9,9,02003KT,11,10
2019-06-09 10:00:00.000,2019,6,9,10,VRB02KT,11,09
2019-06-09 11:00:00.000,2019,6,9,11,36004KT,11,09
2019-06-09 12:00:00.000,2019,6,9,12,04006KT,13,10
2019-06-09 13:00:00.000,2019,6,9,13,08006KT,15,09
2019-06-09 14:00:00.000,2019,6,9,14,09004KT,16,10
2019-06-09 15:00:00.000,2019,6,9,15,13011KT,17,08
2019-06-09 16:00:00.000,2019,6,9,16,06010KT,17,09
2019-06-09 17:00:00.000,2019,6,9,17,09006KT,18,10
2019-06-09 18:00:00.000,2019,6,9,18,11006KT,19,09
2019-06-09 19:00:00.000,2019,6,9,19,08009KT,20,09
2019-06-09 20:00:00.000,2019,6,9,20,12007KT,19,09
2019-06-09 21:00:00.000,2019,6,9,21,14008KT,18,09
2019-06-09 22:00:00.000,2019,6,9,22,13009KT,18,09
2019-06-09 23:00:00.000,2019,6,9,23,10005KT,17,09
2019-06-10 00:00:00.000,2019,6,10,0,11008KT,16,09
2019-06-10 01:00:00.000,2019,6,10,1,10004KT,15,09
2019-06-10 02:00:00.000,2019,6,10,2,05003KT,13,09
2019-06-10 03:00:00.000,2019,6,10,3,35005KT,13,10
2019-06-10 04:00:00.000,2019,6,10,4,04003KT,13,11
2019-06-10 05:00:00.000,2019,6,10,5,36003KT,13,11
2019-06-10 06:00:00.000,2019,6,10,6,35003KT,12,10
2019-06-10 07:00:00.000,2019,6,10,7,VRB02KT,12,11
2019-06-10 08:00:00.000,2019,6,10,8,04005KT,12,11
2019-06-10 09:00:00.000,2019,6,10,9,04004KT,12,11
2019-06-10 10:00:00.000,2019,6,10,10,02004KT,12,11
2019-06-10 11:00:00.000,2019,6,10,11,03004KT,12,12
2019-06-10 12:00:00.000,2019,6,10,12,03005KT,12,11
2019-06-10 13:00:00.000,2019,6,10,13,04005KT,14,12
2019-06-10 14:00:00.000,2019,6,10,14,05004KT,16,12
2019-06-10 15:00:00.000,2019,6,10,15,05005KT,16,12
2019-06-10 16:00:00.000,2019,6,10,16,VRB03KT,17,13
2019-06-10 17:00:00.000,2019,6,10,17,19010KT,17,10
2019-06-10 18:00:00.000,2019,6,10,18,VRB02KT,16,12
2019-06-10 19:00:00.000,2019,6,10,19,15008KT,17,11
2019-06-10 20:00:00.000,2019,6,10,20,22005KT,18,10
2019-06-10 21:00:00.000,2019,6,10,21,13008KT,18,10
2019-06-10 22:00:00.000,2019,6,10,22,06012KT,13,11
2019-06-10 23:00:00.000,2019,6,10,23,06006KT,13,11
2019-06-11 00:00:00.000,2019,6,11,0,04004KT,13,10
2019-06-11 01:00:00.000,2019,6,11,1,03005KT,13,10
2019-06-11 02:00:00.000,2019,6,11,2,05004KT,12,10
2019-06-11 03:00:00.000,2019,6,11,3,03003KT,12,10
2019-06-11 04:00:00.000,2019,6,11,4,06005KT,12,10
2019-06-11 05:00:00.000,2019,6,11,5,05006KT,13,10
2019-06-11 06:00:00.000,2019,6,11,6,05007KT,12,10
2019-06-11 07:00:00.000,2019,6,11,7,06005KT,12,11
2019-06-11 08:00:00.000,2019,6,11,8,VRB02KT,12,11
2019-06-11 09:00:00.000,2019,6,11,9,VRB02KT,11,10
2019-06-11 10:00:00.000,2019,6,11,10,06003KT,11,10
2019-06-11 11:00:00.000,2019,6,11,11,05006KT,11,09
2019-06-11 12:00:00.000,2019,6,11,12,06007KT,14,11
2019-06-11 13:00:00.000,2019,6,11,13,06007KT,14,10
2019-06-11 14:00:00.000,2019,6,11,14,06007KT,16,10
2019-06-11 15:00:00.000,2019,6,11,15,06009KT,16,11
2019-06-11 16:00:00.000,2019,6,11,16,18010KT,18,09
2019-06-11 17:00:00.000,2019,6,11,17,17010KT,18,10
2019-06-11 18:00:00.000,2019,6,11,18,18011KT,17,10
2019-06-11 19:00:00.000,2019,6,11,19,18011KT,18,10
2019-06-11 20:00:00.000,2019,6,11,20,16008KT,19,10
2019-06-11 21:00:00.000,2019,6,11,21,15008KT,19,10
2019-06-11 22:00:00.000,2019,6,11,22,11007KT,15,10
2019-06-11 23:00:00.000,2019,6,11,23,12004KT,16,11
2019-06-12 00:00:00.000,2019,6,12,0,12006KT,16,10
2019-06-12 01:00:00.000,2019,6,12,1,09004KT,15,11
2019-06-12 02:00:00.000,2019,6,12,2,34004KT,14,11
2019-06-12 03:00:00.000,2019,6,12,3,VRB02KT,13,11
2019-06-12 04:00:00.000,2019,6,12,4,VRB02KT,12,11
2019-06-12 05:00:00.000,2019,6,12,5,04003KT,12,11
2019-06-12 06:00:00.000,2019,6,12,6,04006KT,13,11
2019-06-12 07:00:00.000,2019,6,12,7,05004KT,12,11
2019-06-12 08:00:00.000,2019,6,12,8,29003KT,12,11
2019-06-12 09:00:00.000,2019,6,12,9,VRB02KT,12,11
2019-06-12 10:00:00.000,2019,6,12,10,VRB02KT,12,11
2019-06-12 11:00:00.000,2019,6,12,11,VRB02KT,12,12
2019-06-12 12:00:00.000,2019,6,12,12,05005KT,12,11
2019-06-12 13:00:00.000,2019,6,12,13,03006KT,13,12
2019-06-12 14:00:00.000,2019,6,12,14,03007KT,13,11
2019-06-12 15:00:00.000,2019,6,12,15,02006KT,15,11
2019-06-12 16:00:00.000,2019,6,12,16,05006KT,16,10
2019-06-12 17:00:00.000,2019,6,12,17,05008KT,15,11
2019-06-12 18:00:00.000,2019,6,12,18,04004KT,17,11
2019-06-12 19:00:00.000,2019,6,12,19,12007KT,17,09
2019-06-12 20:00:00.000,2019,6,12,20,13005KT,18,09
2019-06-12 21:00:00.000,2019,6,12,21,16007KT,18,08
2019-06-12 22:00:00.000,2019,6,12,22,04007KT,17,10
2019-06-12 23:00:00.000,2019,6,12,23,09005KT,16,10
2019-06-13 00:00:00.000,2019,6,13,0,13005KT,15,09
2019-06-13 01:00:00.000,2019,6,13,1,VRB02KT,13,10
2019-06-13 02:00:00.000,2019,6,13,2,VRB02KT,13,10
2019-06-13 03:00:00.000,2019,6,13,3,VRB02KT,12,10
2019-06-13 04:00:00.000,2019,6,13,4,VRB02KT,11,09
2019-06-13 05:00:00.000,2019,6,13,5,02003KT,11,10
2019-06-13 06:00:00.000,2019,6,13,6,04005KT,12,10
2019-06-13 07:00:00.000,2019,6,13,7,06004KT,12,10
2019-06-13 08:00:00.000,2019,6,13,8,VRB02KT,12,10
2019-06-13 09:00:00.000,2019,6,13,9,VRB02KT,11,10
2019-06-13 10:00:00.000,2019,6,13,10,VRB02KT,11,10
2019-06-13 11:00:00.000,2019,6,13,11,VRB02KT,12,10
2019-06-13 12:00:00.000,2019,6,13,12,03004KT,13,10
2019-06-13 13:00:00.000,2019,6,13,13,05005KT,15,10
2019-06-13 14:00:00.000,2019,6,13,14,03004KT,16,10
2019-06-13 15:00:00.000,2019,6,13,15,33003KT,17,11
2019-06-13 16:00:00.000,2019,6,13,16,20004KT,17,11
2019-06-13 17:00:00.000,2019,6,13,17,20004KT,18,11
2019-06-13 18:00:00.000,2019,6,13,18,18008KT,19,09
2019-06-13 19:00:00.000,2019,6,13,19,VRB02KT,16,12
2019-06-13 20:00:00.000,2019,6,13,20,17007KT,15,13
2019-06-13 21:00:00.000,2019,6,13,21,24006KT,16,13
2019-06-13 22:00:00.000,2019,6,13,22,23005KT,17,12
2019-06-13 23:00:00.000,2019,6,13,23,15003KT,16,10
2019-06-14 00:00:00.000,2019,6,14,0,13004KT,15,10
2019-06-14 01:00:00.000,2019,6,14,1,12004KT,14,10
2019-06-14 02:00:00.000,2019,6,14,2,VRB02KT,13,10
2019-06-14 03:00:00.000,2019,6,14,3,13006KT,14,10
2019-06-14 04:00:00.000,2019,6,14,4,32004KT,12,09
2019-06-14 05:00:00.000,2019,6,14,5,33003KT,12,10
2019-06-14 06:00:00.000,2019,6,14,6,31003KT,12,10
2019-06-14 07:00:00.000,2019,6,14,7,VRB02KT,12,10
2019-06-14 08:00:00.000,2019,6,14,8,VRB02KT,12,10
2019-06-14 09:00:00.000,2019,6,14,9,02003KT,12,11
2019-06-14 10:00:00.000,2019,6,14,10,02004KT,11,10
2019-06-14 11:00:00.000,2019,6,14,11,01003KT,11,11
2019-06-14 12:00:00.000,2019,6,14,12,04005KT,13,11
2019-06-14 13:00:00.000,2019,6,14,13,06008KT,16,11
2019-06-14 14:00:00.000,2019,6,14,14,07008KT,17,11
2019-06-14 15:00:00.000,2019,6,14,15,08010KT,18,11
2019-06-14 16:00:00.000,2019,6,14,16,13005KT,18,10
2019-06-14 17:00:00.000,2019,6,14,17,14014KT,19,10
2019-06-14 18:00:00.000,2019,6,14,18,13010KT,19,10
2019-06-14 19:00:00.000,2019,6,14,19,12004KT,19,10
2019-06-14 20:00:00.000,2019,6,14,20,21005KT,18,10
2019-06-14 21:00:00.000,2019,6,14,21,VRB05KT,17,11
2019-06-14 22:00:00.000,2019,6,14,22,30004KT,16,11
2019-06-14 23:00:00.000,2019,6,14,23,24004KT,16,12
2019-06-15 00:00:00.000,2019,6,15,0,31006KT,14,12
2019-06-15 01:00:00.000,2019,6,15,1,23003KT,15,12
2019-06-15 02:00:00.000,2019,6,15,2,VRB02KT,13,11
2019-06-15 03:00:00.000,2019,6,15,3,VRB02KT,13,11
2019-06-15 04:00:00.000,2019,6,15,4,36003KT,12,10
2019-06-15 05:00:00.000,2019,6,15,5,VRB02KT,11,09
2019-06-15 06:00:00.000,2019,6,15,6,02004KT,11,09
2019-06-15 07:00:00.000,2019,6,15,7,05006KT,11,09
2019-06-15 08:00:00.000,2019,6,15,8,VRB02KT,11,10
2019-06-15 09:00:00.000,2019,6,15,9,04003KT,10,09
2019-06-15 10:00:00.000,2019,6,15,10,05004KT,10,09
2019-06-15 11:00:00.000,2019,6,15,11,04005KT,10,09
2019-06-15 12:00:00.000,2019,6,15,12,06003KT,14,10
2019-06-15 13:00:00.000,2019,6,15,13,07004KT,16,11
2019-06-15 14:00:00.000,2019,6,15,14,08008KT,18,09
2019-06-15 15:00:00.000,2019,6,15,15,06008KT,17,09
2019-06-15 16:00:00.000,2019,6,15,16,05006KT,18,08
2019-06-15 17:00:00.000,2019,6,15,17,04011KT,19,09
2019-06-15 18:00:00.000,2019,6,15,18,11007KT,20,09
2019-06-15 19:00:00.000,2019,6,15,19,05010KT,21,09
2019-06-15 20:00:00.000,2019,6,15,20,03012KT,20,08
2019-06-15 21:00:00.000,2019,6,15,21,08006KT,21,09
2019-06-15 22:00:00.000,2019,6,15,22,06008KT,20,07
2019-06-15 23:00:00.000,2019,6,15,23,13010KT,17,09
2019-06-16 00:00:00.000,2019,6,16,0,11007KT,17,08
2019-06-16 01:00:00.000,2019,6,16,1,11008KT,16,09
2019-06-16 03:00:00.000,2019,6,16,3,08004KT,14,10
2019-06-16 04:00:00.000,2019,6,16,4,07006KT,14,09
2019-06-16 05:00:00.000,2019,6,16,5,08006KT,14,08
2019-06-16 06:00:00.000,2019,6,16,6,13008KT,14,08
2019-06-16 07:00:00.000,2019,6,16,7,10006KT,14,08
2019-06-16 08:00:00.000,2019,6,16,8,06004KT,14,08
2019-06-16 09:00:00.000,2019,6,16,9,03005KT,12,08
2019-06-16 10:00:00.000,2019,6,16,10,03005KT,11,08
2019-06-16 11:00:00.000,2019,6,16,11,VRB02KT,12,08
2019-06-16 12:00:00.000,2019,6,16,12,34003KT,12,09
2019-06-16 13:00:00.000,2019,6,16,13,09004KT,14,09
2019-06-16 14:00:00.000,2019,6,16,14,11005KT,15,10
2019-06-16 15:00:00.000,2019,6,16,15,17006KT,16,09
2019-06-16 16:00:00.000,2019,6,16,16,15007KT,17,10
2019-06-16 17:00:00.000,2019,6,16,17,15009KT,17,10
2019-06-16 18:00:00.000,2019,6,16,18,15009KT,17,09
2019-06-16 19:00:00.000,2019,6,16,19,14010KT,18,09
2019-06-16 20:00:00.000,2019,6,16,20,16012KT,19,09
2019-06-16 21:00:00.000,2019,6,16,21,18008KT,18,08
2019-06-16 22:00:00.000,2019,6,16,22,15008KT,18,08
2019-06-16 23:00:00.000,2019,6,16,23,10005KT,16,09
2019-06-17 00:00:00.000,2019,6,17,0,11004KT,15,09
2019-06-17 01:00:00.000,2019,6,17,1,09004KT,14,09
2019-06-17 02:00:00.000,2019,6,17,2,12006KT,14,09
2019-06-17 03:00:00.000,2019,6,17,3,14006KT,15,09
2019-06-17 04:00:00.000,2019,6,17,4,09004KT,13,08
2019-06-17 05:00:00.000,2019,6,17,5,32003KT,13,09
2019-06-17 06:00:00.000,2019,6,17,6,03004KT,12,10
2019-06-17 07:00:00.000,2019,6,17,7,02004KT,11,09
2019-06-17 08:00:00.000,2019,6,17,8,04003KT,11,09
2019-06-17 09:00:00.000,2019,6,17,9,04004KT,10,09
2019-06-17 10:00:00.000,2019,6,17,10,04005KT,11,09
2019-06-17 11:00:00.000,2019,6,17,11,06005KT,11,09
2019-06-17 12:00:00.000,2019,6,17,12,04007KT,13,10
2019-06-17 13:00:00.000,2019,6,17,13,09008KT,17,10
2019-06-17 14:00:00.000,2019,6,17,14,13011KT,19,09
2019-06-17 15:00:00.000,2019,6,17,15,12012KT,19,09
2019-06-17 16:00:00.000,2019,6,17,16,13013KT,20,09
2019-06-17 17:00:00.000,2019,6,17,17,13013KT,20,09
2019-06-17 18:00:00.000,2019,6,17,18,16018KT,21,09
2019-06-17 19:00:00.000,2019,6,17,19,17018KT,20,09
2019-06-17 20:00:00.000,2019,6,17,20,18018KT,19,10
2019-06-17 21:00:00.000,2019,6,17,21,17016KT,19,09
2019-06-17 22:00:00.000,2019,6,17,22,16016KT,18,08
2019-06-17 23:00:00.000,2019,6,17,23,18012KT,17,09
2019-06-18 00:00:00.000,2019,6,18,0,13008KT,16,09
2019-06-18 01:00:00.000,2019,6,18,1,35003KT,15,10
2019-06-18 02:00:00.000,2019,6,18,2,19006KT,15,09
2019-06-18 03:00:00.000,2019,6,18,3,17007KT,15,09
2019-06-18 04:00:00.000,2019,6,18,4,12004KT,14,09
2019-06-18 05:00:00.000,2019,6,18,5,08007KT,13,10
2019-06-18 06:00:00.000,2019,6,18,6,10004KT,14,10
2019-06-18 07:00:00.000,2019,6,18,7,33003KT,13,10
2019-06-18 08:00:00.000,2019,6,18,8,00000KT,12,10
2019-06-18 09:00:00.000,2019,6,18,9,00000KT,12,10
2019-06-18 10:00:00.000,2019,6,18,10,VRB02KT,13,10
2019-06-18 11:00:00.000,2019,6,18,11,13006KT,14,09
2019-06-18 12:00:00.000,2019,6,18,12,10008KT,14,09
2019-06-18 13:00:00.000,2019,6,18,13,11008KT,15,09
2019-06-18 14:00:00.000,2019,6,18,14,14012KT,16,09
2019-06-18 15:00:00.000,2019,6,18,15,16010KT,16,10
2019-06-18 16:00:00.000,2019,6,18,16,14006KT,16,10
2019-06-18 17:00:00.000,2019,6,18,17,15014KT,17,10
2019-06-18 18:00:00.000,2019,6,18,18,16012KT,17,09
2019-06-18 19:00:00.000,2019,6,18,19,15016KT,18,10
2019-06-18 20:00:00.000,2019,6,18,20,15014KT,18,10
2019-06-18 21:00:00.000,2019,6,18,21,14014KT,18,09
2019-06-18 22:00:00.000,2019,6,18,22,14012KT,17,09
2019-06-18 23:00:00.000,2019,6,18,23,13011KT,16,09
2019-06-19 00:00:00.000,2019,6,19,0,14006KT,15,09
2019-06-19 01:00:00.000,2019,6,19,1,12006KT,15,10
2019-06-19 02:00:00.000,2019,6,19,2,VRB03KT,14,09
2019-06-19 03:00:00.000,2019,6,19,3,VRB02KT,13,09
2019-06-19 04:00:00.000,2019,6,19,4,03004KT,12,10
2019-06-19 05:00:00.000,2019,6,19,5,04006KT,12,10
2019-06-19 06:00:00.000,2019,6,19,6,04003KT,12,09
2019-06-19 07:00:00.000,2019,6,19,7,07004KT,12,10
2019-06-19 08:00:00.000,2019,6,19,8,05004KT,11,09
2019-06-19 09:00:00.000,2019,6,19,9,VRB02KT,13,10
2019-06-19 10:00:00.000,2019,6,19,10,07005KT,13,10
2019-06-19 11:00:00.000,2019,6,19,11,VRB02KT,13,10
2019-06-19 12:00:00.000,2019,6,19,12,07004KT,13,10
2019-06-19 13:00:00.000,2019,6,19,13,03004KT,14,10
2019-06-19 14:00:00.000,2019,6,19,14,30003KT,15,10
2019-06-19 15:00:00.000,2019,6,19,15,15010KT,17,10
2019-06-19 16:00:00.000,2019,6,19,16,15013KT,17,09
2019-06-19 17:00:00.000,2019,6,19,17,14011KT,18,08
2019-06-19 18:00:00.000,2019,6,19,18,15018KT,19,09
2019-06-19 19:00:00.000,2019,6,19,19,13016KT,20,09
2019-06-19 20:00:00.000,2019,6,19,20,17017KT,19,09
2019-06-19 21:00:00.000,2019,6,19,21,15014KT,18,08
2019-06-19 22:00:00.000,2019,6,19,22,16014KT,18,08
2019-06-19 23:00:00.000,2019,6,19,23,14011KT,15,08
2019-06-20 00:00:00.000,2019,6,20,0,12006KT,15,08
2019-06-20 01:00:00.000,2019,6,20,1,10004KT,14,09
2019-06-20 02:00:00.000,2019,6,20,2,14005KT,14,08
2019-06-20 03:00:00.000,2019,6,20,3,04004KT,13,09
2019-06-20 04:00:00.000,2019,6,20,4,02003KT,12,09
2019-06-20 05:00:00.000,2019,6,20,5,VRB02KT,13,09
2019-06-20 06:00:00.000,2019,6,20,6,34003KT,12,10
2019-06-20 07:00:00.000,2019,6,20,7,02003KT,12,11
2019-06-20 08:00:00.000,2019,6,20,8,04004KT,12,11
2019-06-20 09:00:00.000,2019,6,20,9,04005KT,12,11
2019-06-20 10:00:00.000,2019,6,20,10,05007KT,12,11
2019-06-20 11:00:00.000,2019,6,20,11,VRB02KT,12,11
2019-06-20 12:00:00.000,2019,6,20,12,12010KT,15,09
2019-06-20 13:00:00.000,2019,6,20,13,13008KT,16,10
2019-06-20 14:00:00.000,2019,6,20,14,18008KT,16,12
2019-06-20 15:00:00.000,2019,6,20,15,15020KT,18,09
2019-06-20 16:00:00.000,2019,6,20,16,14016KT,17,09
2019-06-20 17:00:00.000,2019,6,20,17,17015KT,17,10
2019-06-20 18:00:00.000,2019,6,20,18,16015KT,16,10
2019-06-20 19:00:00.000,2019,6,20,19,15015KT,17,10
2019-06-20 20:00:00.000,2019,6,20,20,12010KT,17,09
2019-06-20 21:00:00.000,2019,6,20,21,13012KT,16,09
2019-06-20 22:00:00.000,2019,6,20,22,10010KT,16,09
2019-06-20 23:00:00.000,2019,6,20,23,09008KT,15,09
2019-06-21 00:00:00.000,2019,6,21,0,10004KT,15,09
2019-06-21 01:00:00.000,2019,6,21,1,04005KT,14,09
2019-06-21 02:00:00.000,2019,6,21,2,12007KT,14,09
2019-06-21 03:00:00.000,2019,6,21,3,09003KT,14,09
2019-06-21 04:00:00.000,2019,6,21,4,05007KT,13,09
2019-06-21 05:00:00.000,2019,6,21,5,05007KT,12,10
2019-06-21 06:00:00.000,2019,6,21,6,34003KT,11,10
2019-06-21 07:00:00.000,2019,6,21,7,VRB02KT,12,10
2019-06-21 08:00:00.000,2019,6,21,8,06003KT,11,10
2019-06-21 09:00:00.000,2019,6,21,9,06005KT,11,10
2019-06-21 10:00:00.000,2019,6,21,10,03003KT,11,10
2019-06-21 11:00:00.000,2019,6,21,11,01003KT,11,10
2019-06-21 12:00:00.000,2019,6,21,12,VRB02KT,12,11
2019-06-21 13:00:00.000,2019,6,21,13,11007KT,14,10
2019-06-21 14:00:00.000,2019,6,21,14,14010KT,15,10
2019-06-21 15:00:00.000,2019,6,21,15,16011KT,15,10
2019-06-21 16:00:00.000,2019,6,21,16,16014KT,15,10
2019-06-21 17:00:00.000,2019,6,21,17,10005KT,16,10
2019-06-21 18:00:00.000,2019,6,21,18,12012KT,17,09
2019-06-21 19:00:00.000,2019,6,21,19,13011KT,15,10
2019-06-21 20:00:00.000,2019,6,21,20,14008KT,17,09
2019-06-21 21:00:00.000,2019,6,21,21,15009KT,18,09
2019-06-21 22:00:00.000,2019,6,21,22,19006KT,17,09
2019-06-21 23:00:00.000,2019,6,21,23,14009KT,16,09
2019-06-22 00:00:00.000,2019,6,22,0,11005KT,15,09
2019-06-22 01:00:00.000,2019,6,22,1,VRB07KT,15,09
2019-06-22 02:00:00.000,2019,6,22,2,08004KT,14,10
2019-06-22 03:00:00.000,2019,6,22,3,04006KT,13,09
2019-06-22 04:00:00.000,2019,6,22,4,03006KT,12,09
2019-06-22 05:00:00.000,2019,6,22,5,08004KT,13,09
2019-06-22 06:00:00.000,2019,6,22,6,11004KT,13,09
2019-06-22 07:00:00.000,2019,6,22,7,13004KT,12,09
2019-06-22 08:00:00.000,2019,6,22,8,05007KT,11,09
2019-06-22 09:00:00.000,2019,6,22,9,VRB02KT,12,10
2019-06-22 10:00:00.000,2019,6,22,10,06004KT,12,10
2019-06-22 11:00:00.000,2019,6,22,11,02004KT,11,10
2019-06-22 12:00:00.000,2019,6,22,12,08004KT,14,10
2019-06-22 13:00:00.000,2019,6,22,13,07009KT,15,09
2019-06-22 14:00:00.000,2019,6,22,14,06008KT,15,09
2019-06-22 15:00:00.000,2019,6,22,15,07009KT,15,09
2019-06-22 16:00:00.000,2019,6,22,16,14012KT,17,09
2019-06-22 17:00:00.000,2019,6,22,17,14010KT,17,11
2019-06-22 18:00:00.000,2019,6,22,18,15008KT,17,10
2019-06-22 19:00:00.000,2019,6,22,19,12010KT,18,09
2019-06-22 20:00:00.000,2019,6,22,20,16012KT,17,09
2019-06-22 21:00:00.000,2019,6,22,21,16006KT,17,11
2019-06-22 22:00:00.000,2019,6,22,22,14006KT,17,10
2019-06-22 23:00:00.000,2019,6,22,23,13006KT,14,11
2019-06-23 00:00:00.000,2019,6,23,0,12006KT,15,10
2019-06-23 01:00:00.000,2019,6,23,1,14010KT,14,10
2019-06-23 02:00:00.000,2019,6,23,2,VRB02KT,13,11
2019-06-23 03:00:00.000,2019,6,23,3,09003KT,13,11
2019-06-23 04:00:00.000,2019,6,23,4,05005KT,12,10
2019-06-23 05:00:00.000,2019,6,23,5,04007KT,12,10
2019-06-23 06:00:00.000,2019,6,23,6,06008KT,12,10
2019-06-23 07:00:00.000,2019,6,23,7,05006KT,11,09
2019-06-23 08:00:00.000,2019,6,23,8,06004KT,11,09
2019-06-23 09:00:00.000,2019,6,23,9,08005KT,12,09
2019-06-23 10:00:00.000,2019,6,23,10,06004KT,11,09
2019-06-23 11:00:00.000,2019,6,23,11,04005KT,11,08
2019-06-23 12:00:00.000,2019,6,23,12,07006KT,12,09
2019-06-23 13:00:00.000,2019,6,23,13,06007KT,13,10
2019-06-23 14:00:00.000,2019,6,23,14,07004KT,16,09
2019-06-23 15:00:00.000,2019,6,23,15,11010KT,18,11
2019-06-23 16:00:00.000,2019,6,23,16,13012KT,19,10
2019-06-23 17:00:00.000,2019,6,23,17,11011KT,18,08
2019-06-23 18:00:00.000,2019,6,23,18,09009KT,19,09
2019-06-23 19:00:00.000,2019,6,23,19,16014KT,18,08
2019-06-23 20:00:00.000,2019,6,23,20,15016KT,17,08
2019-06-23 21:00:00.000,2019,6,23,21,15016KT,17,08
2019-06-23 22:00:00.000,2019,6,23,22,14014KT,16,08
2019-06-23 23:00:00.000,2019,6,23,23,17009KT,16,08
2019-06-24 00:00:00.000,2019,6,24,0,04007KT,14,10
2019-06-24 01:00:00.000,2019,6,24,1,06005KT,13,10
2019-06-24 02:00:00.000,2019,6,24,2,03006KT,13,10
2019-06-24 03:00:00.000,2019,6,24,3,02003KT,12,10
2019-06-24 04:00:00.000,2019,6,24,4,05007KT,12,10
2019-06-24 05:00:00.000,2019,6,24,5,05007KT,12,10
2019-06-24 06:00:00.000,2019,6,24,6,04003KT,12,10
2019-06-24 07:00:00.000,2019,6,24,7,VRB02KT,10,09
2019-06-24 08:00:00.000,2019,6,24,8,02004KT,10,09
2019-06-24 09:00:00.000,2019,6,24,9,05005KT,11,09
2019-06-24 10:00:00.000,2019,6,24,10,05006KT,11,09
2019-06-24 11:00:00.000,2019,6,24,11,05005KT,11,09
2019-06-24 12:00:00.000,2019,6,24,12,VRB02KT,12,10
2019-06-24 13:00:00.000,2019,6,24,13,VRB02KT,14,11
2019-06-24 14:00:00.000,2019,6,24,14,02008KT,14,11
2019-06-24 15:00:00.000,2019,6,24,15,02005KT,15,11
2019-06-24 16:00:00.000,2019,6,24,16,15005KT,15,11
2019-06-24 17:00:00.000,2019,6,24,17,03005KT,15,12
2019-06-24 18:00:00.000,2019,6,24,18,03008KT,14,12
2019-06-24 19:00:00.000,2019,6,24,19,04006KT,16,12
2019-06-24 20:00:00.000,2019,6,24,20,13004KT,14,11
2019-06-24 21:00:00.000,2019,6,24,21,04006KT,14,12
2019-06-24 22:00:00.000,2019,6,24,22,06004KT,14,11
2019-06-24 23:00:00.000,2019,6,24,23,05004KT,14,11
2019-06-25 00:00:00.000,2019,6,25,0,06007KT,13,08
2019-06-25 01:00:00.000,2019,6,25,1,00000KT,13,09
2019-06-25 02:00:00.000,2019,6,25,2,04006KT,12,09
2019-06-25 03:00:00.000,2019,6,25,3,06004KT,12,09
2019-06-25 04:00:00.000,2019,6,25,4,08003KT,11,09
2019-06-25 05:00:00.000,2019,6,25,5,03004KT,10,08
2019-06-25 06:00:00.000,2019,6,25,6,06003KT,11,09
2019-06-25 07:00:00.000,2019,6,25,7,05005KT,11,09
2019-06-25 08:00:00.000,2019,6,25,8,02004KT,11,09
2019-06-25 09:00:00.000,2019,6,25,9,VRB02KT,11,09
2019-06-25 10:00:00.000,2019,6,25,10,VRB02KT,10,08
2019-06-25 11:00:00.000,2019,6,25,11,00000KT,09,08
2019-06-25 12:00:00.000,2019,6,25,12,VRB02KT,10,09
2019-06-25 13:00:00.000,2019,6,25,13,04004KT,14,09
2019-06-25 14:00:00.000,2019,6,25,14,04006KT,15,09
2019-06-25 15:00:00.000,2019,6,25,15,06006KT,15,09
2019-06-25 16:00:00.000,2019,6,25,16,04008KT,16,09
2019-06-25 17:00:00.000,2019,6,25,17,04006KT,18,10
2019-06-25 18:00:00.000,2019,6,25,18,19004KT,17,09
2019-06-25 19:00:00.000,2019,6,25,19,20006KT,18,09
2019-06-25 20:00:00.000,2019,6,25,20,21008KT,19,11
2019-06-25 21:00:00.000,2019,6,25,21,25005KT,20,12
2019-06-25 22:00:00.000,2019,6,25,22,26008KT,17,12
2019-06-25 23:00:00.000,2019,6,25,23,28007KT,14,12
2019-06-26 00:00:00.000,2019,6,26,0,28008KT,13,12
2019-06-26 01:00:00.000,2019,6,26,1,VRB02KT,12,10
2019-06-26 02:00:00.000,2019,6,26,2,VRB02KT,13,12
2019-06-26 03:00:00.000,2019,6,26,3,03004KT,13,11
2019-06-26 04:00:00.000,2019,6,26,4,VRB02KT,13,11
2019-06-26 05:00:00.000,2019,6,26,5,05003KT,12,11
2019-06-26 06:00:00.000,2019,6,26,6,05004KT,12,11
2019-06-26 07:00:00.000,2019,6,26,7,04004KT,12,11
2019-06-26 08:00:00.000,2019,6,26,8,04006KT,11,10
2019-06-26 09:00:00.000,2019,6,26,9,05006KT,11,10
2019-06-26 10:00:00.000,2019,6,26,10,08006KT,11,10
2019-06-26 11:00:00.000,2019,6,26,11,06006KT,11,09
2019-06-26 12:00:00.000,2019,6,26,12,05008KT,13,10
2019-06-26 13:00:00.000,2019,6,26,13,09007KT,16,09
2019-06-26 14:00:00.000,2019,6,26,14,10012KT,17,07
2019-06-26 15:00:00.000,2019,6,26,15,11012KT,19,08
2019-06-26 16:00:00.000,2019,6,26,16,08018KT,19,09
2019-06-26 17:00:00.000,2019,6,26,17,10019KT,19,10
2019-06-26 18:00:00.000,2019,6,26,18,10017KT,19,09
2019-06-26 19:00:00.000,2019,6,26,19,12016KT,19,09
2019-06-26 20:00:00.000,2019,6,26,20,11015KT,20,10
2019-06-26 21:00:00.000,2019,6,26,21,09011KT,20,08
2019-06-26 22:00:00.000,2019,6,26,22,12009KT,18,08
2019-06-26 23:00:00.000,2019,6,26,23,14009KT,17,09
2019-06-27 00:00:00.000,2019,6,27,0,12008KT,16,09
2019-06-27 01:00:00.000,2019,6,27,1,08007KT,15,09
2019-06-27 02:00:00.000,2019,6,27,2,08004KT,14,09
2019-06-27 03:00:00.000,2019,6,27,3,06010KT,14,10
2019-06-27 04:00:00.000,2019,6,27,4,06010KT,12,06
2019-06-27 05:00:00.000,2019,6,27,5,06005KT,11,05
2019-06-27 06:00:00.000,2019,6,27,6,11005KT,11,04
2019-06-27 07:00:00.000,2019,6,27,7,05007KT,09,05
2019-06-27 08:00:00.000,2019,6,27,8,05006KT,08,05
2019-06-27 09:00:00.000,2019,6,27,9,06006KT,07,05
2019-06-27 10:00:00.000,2019,6,27,10,04005KT,08,04
2019-06-27 11:00:00.000,2019,6,27,11,05008KT,09,04
2019-06-27 12:00:00.000,2019,6,27,12,04007KT,11,05
2019-06-27 13:00:00.000,2019,6,27,13,03007KT,14,03
2019-06-27 14:00:00.000,2019,6,27,14,07007KT,16,03
2019-06-27 15:00:00.000,2019,6,27,15,12010KT,18,00
2019-06-27 16:00:00.000,2019,6,27,16,11012KT,20,01
2019-06-27 17:00:00.000,2019,6,27,17,12014KT,20,02
2019-06-27 18:00:00.000,2019,6,27,18,13014KT,20,03
2019-06-27 19:00:00.000,2019,6,27,19,12012KT,21,04
2019-06-27 20:00:00.000,2019,6,27,20,11010KT,21,04
2019-06-27 21:00:00.000,2019,6,27,21,09008KT,21,04
2019-06-27 22:00:00.000,2019,6,27,22,11006KT,20,06
2019-06-27 23:00:00.000,2019,6,27,23,13008KT,18,07
2019-06-28 00:00:00.000,2019,6,28,0,14010KT,15,08
2019-06-28 01:00:00.000,2019,6,28,1,13012KT,15,07
2019-06-28 02:00:00.000,2019,6,28,2,12010KT,15,06
2019-06-28 03:00:00.000,2019,6,28,3,10007KT,14,06
2019-06-28 04:00:00.000,2019,6,28,4,10004KT,13,06
2019-06-28 05:00:00.000,2019,6,28,5,06004KT,11,05
2019-06-28 06:00:00.000,2019,6,28,6,07007KT,12,07
2019-06-28 07:00:00.000,2019,6,28,7,05007KT,11,07
2019-06-28 08:00:00.000,2019,6,28,8,VRB02KT,13,06
2019-06-28 09:00:00.000,2019,6,28,9,11005KT,12,07
2019-06-28 10:00:00.000,2019,6,28,10,10004KT,12,07
2019-06-28 11:00:00.000,2019,6,28,11,07004KT,11,07
2019-06-28 12:00:00.000,2019,6,28,12,08005KT,12,09
2019-06-28 13:00:00.000,2019,6,28,13,07010KT,15,09
2019-06-28 14:00:00.000,2019,6,28,14,09008KT,15,09
2019-06-28 15:00:00.000,2019,6,28,15,13012KT,16,09
2019-06-28 16:00:00.000,2019,6,28,16,10013KT,16,10
2019-06-28 17:00:00.000,2019,6,28,17,12013KT,18,09
2019-06-28 18:00:00.000,2019,6,28,18,14012KT,18,07
2019-06-28 19:00:00.000,2019,6,28,19,15009KT,16,10
2019-06-28 20:00:00.000,2019,6,28,20,09007KT,16,11
2019-06-28 21:00:00.000,2019,6,28,21,11009KT,16,09
2019-06-28 22:00:00.000,2019,6,28,22,14011KT,14,10
2019-06-28 23:00:00.000,2019,6,28,23,10004KT,15,09
2019-06-29 00:00:00.000,2019,6,29,0,08004KT,14,08
2019-06-29 01:00:00.000,2019,6,29,1,12004KT,14,09
2019-06-29 02:00:00.000,2019,6,29,2,09003KT,13,09
2019-06-29 03:00:00.000,2019,6,29,3,12003KT,13,09
2019-06-29 04:00:00.000,2019,6,29,4,12004KT,13,08
2019-06-29 05:00:00.000,2019,6,29,5,11004KT,12,08
2019-06-29 06:00:00.000,2019,6,29,6,12004KT,11,07
2019-06-29 07:00:00.000,2019,6,29,7,13006KT,12,07
2019-06-29 08:00:00.000,2019,6,29,8,06003KT,11,08
2019-06-29 09:00:00.000,2019,6,29,9,30003KT,11,08
2019-06-29 10:00:00.000,2019,6,29,10,03003KT,11,09
2019-06-29 11:00:00.000,2019,6,29,11,00000KT,11,09
2019-06-29 12:00:00.000,2019,6,29,12,32005KT,11,09
2019-06-29 13:00:00.000,2019,6,29,13,VRB02KT,13,11
2019-06-29 14:00:00.000,2019,6,29,14,19006KT,16,09
2019-06-29 15:00:00.000,2019,6,29,15,08005KT,15,08
2019-06-29 16:00:00.000,2019,6,29,16,14006KT,15,08
2019-06-29 17:00:00.000,2019,6,29,17,VRB04KT,13,11
2019-06-29 18:00:00.000,2019,6,29,18,12006KT,15,11
2019-06-29 19:00:00.000,2019,6,29,19,11010KT,17,08
2019-06-29 20:00:00.000,2019,6,29,20,11009KT,18,08
2019-06-29 21:00:00.000,2019,6,29,21,11009KT,18,08
2019-06-29 22:00:00.000,2019,6,29,22,10008KT,16,09
2019-06-29 23:00:00.000,2019,6,29,23,13006KT,15,08
2019-06-30 00:00:00.000,2019,6,30,0,05005KT,14,08
2019-06-30 01:00:00.000,2019,6,30,1,08005KT,13,08
2019-06-30 02:00:00.000,2019,6,30,2,11007KT,12,07
2019-06-30 03:00:00.000,2019,6,30,3,07003KT,12,08
2019-06-30 04:00:00.000,2019,6,30,4,04004KT,11,08
2019-06-30 05:00:00.000,2019,6,30,5,VRB02KT,12,08
2019-06-30 06:00:00.000,2019,6,30,6,VRB02KT,12,09
2019-06-30 07:00:00.000,2019,6,30,7,VRB02KT,12,09
2019-06-30 08:00:00.000,2019,6,30,8,VRB02KT,12,09
2019-06-30 09:00:00.000,2019,6,30,9,04003KT,11,09
2019-06-30 10:00:00.000,2019,6,30,10,VRB02KT,11,10
2019-06-30 11:00:00.000,2019,6,30,11,04003KT,11,09
2019-06-30 12:00:00.000,2019,6,30,12,03004KT,11,10
2019-06-30 13:00:00.000,2019,6,30,13,36003KT,13,11
2019-06-30 14:00:00.000,2019,6,30,14,27003KT,14,10
2019-06-30 15:00:00.000,2019,6,30,15,23003KT,15,10
2019-06-30 16:00:00.000,2019,6,30,16,VRB03KT,16,10
2019-06-30 17:00:00.000,2019,6,30,17,01006KT,18,10
2019-06-30 18:00:00.000,2019,6,30,18,07007KT,18,08
2019-06-30 19:00:00.000,2019,6,30,19,09007KT,19,08
2019-06-30 20:00:00.000,2019,6,30,20,09008KT,19,07
2019-06-30 21:00:00.000,2019,6,30,21,10008KT,19,07
2019-06-30 22:00:00.000,2019,6,30,22,13010KT,14,10
2019-06-30 23:00:00.000,2019,6,30,23,10006KT,13,11
2019-07-01 00:00:00.000,2019,7,1,0,07005KT,12,10
2019-07-01 01:00:00.000,2019,7,1,1,04005KT,12,10
2019-07-01 02:00:00.000,2019,7,1,2,04003KT,12,10
2019-07-01 03:00:00.000,2019,7,1,3,04004KT,12,10
2019-07-01 04:00:00.000,2019,7,1,4,02004KT,11,10
2019-07-01 05:00:00.000,2019,7,1,5,03003KT,11,10
2019-07-01 06:00:00.000,2019,7,1,6,06004KT,11,10
2019-07-01 07:00:00.000,2019,7,1,7,00000KT,11,10
2019-07-01 08:00:00.000,2019,7,1,8,05004KT,11,09
2019-07-01 09:00:00.000,2019,7,1,9,03003KT,11,09
2019-07-01 10:00:00.000,2019,7,1,10,VRB02KT,11,10
2019-07-01 11:00:00.000,2019,7,1,11,00000KT,11,10
2019-07-01 12:00:00.000,2019,7,1,12,33004KT,11,10
2019-07-01 13:00:00.000,2019,7,1,13,VRB02KT,12,11
2019-07-01 14:00:00.000,2019,7,1,14,30004KT,14,11
2019-07-01 15:00:00.000,2019,7,1,15,21006KT,14,10
2019-07-01 16:00:00.000,2019,7,1,16,19006KT,16,10
2019-07-01 17:00:00.000,2019,7,1,17,15004KT,17,10
2019-07-01 18:00:00.000,2019,7,1,18,VRB02KT,16,11
2019-07-01 19:00:00.000,2019,7,1,19,31006KT,13,12
2019-07-01 20:00:00.000,2019,7,1,20,32006KT,14,13
2019-07-01 21:00:00.000,2019,7,1,21,30004KT,15,12
2019-07-01 22:00:00.000,2019,7,1,22,33006KT,14,12
2019-07-01 23:00:00.000,2019,7,1,23,35004KT,14,12
2019-07-02 00:00:00.000,2019,7,2,0,06006KT,13,12
2019-07-02 01:00:00.000,2019,7,2,1,24004KT,13,11
2019-07-02 02:00:00.000,2019,7,2,2,22003KT,12,11
2019-07-02 03:00:00.000,2019,7,2,3,34003KT,12,11
2019-07-02 04:00:00.000,2019,7,2,4,04003KT,12,11
2019-07-02 05:00:00.000,2019,7,2,5,VRB02KT,12,11
2019-07-02 06:00:00.000,2019,7,2,6,VRB02KT,11,10
2019-07-02 07:00:00.000,2019,7,2,7,VRB02KT,11,10
2019-07-02 08:00:00.000,2019,7,2,8,VRB02KT,10,09
2019-07-02 09:00:00.000,2019,7,2,9,04006KT,10,09
2019-07-02 10:00:00.000,2019,7,2,10,34004KT,11,09
2019-07-02 11:00:00.000,2019,7,2,11,VRB02KT,10,09
2019-07-02 12:00:00.000,2019,7,2,12,VRB02KT,10,09
2019-07-02 13:00:00.000,2019,7,2,13,VRB02KT,11,10
2019-07-02 14:00:00.000,2019,7,2,14,03004KT,13,10
2019-07-02 15:00:00.000,2019,7,2,15,03005KT,15,11
2019-07-02 16:00:00.000,2019,7,2,16,07005KT,16,10
2019-07-02 17:00:00.000,2019,7,2,17,04004KT,15,12
2019-07-02 18:00:00.000,2019,7,2,18,VRB02KT,16,11
2019-07-02 19:00:00.000,2019,7,2,19,09008KT,15,11
2019-07-02 20:00:00.000,2019,7,2,20,11010KT,17,09
2019-07-02 21:00:00.000,2019,7,2,21,13008KT,17,09
2019-07-02 22:00:00.000,2019,7,2,22,10006KT,16,09
2019-07-02 23:00:00.000,2019,7,2,23,07004KT,16,09
2019-07-03 00:00:00.000,2019,7,3,0,08004KT,015,10
2019-07-03 01:00:00.000,2019,7,3,1,05004KT,14,09
2019-07-03 02:00:00.000,2019,7,3,2,06006KT,14,08
2019-07-03 03:00:00.000,2019,7,3,3,10004KT,14,08
2019-07-03 04:00:00.000,2019,7,3,4,02004KT,13,09
2019-07-03 05:00:00.000,2019,7,3,5,05004KT,12,10
2019-07-03 06:00:00.000,2019,7,3,6,36004KT,12,09
2019-07-03 07:00:00.000,2019,7,3,7,30004KT,12,10
2019-07-03 08:00:00.000,2019,7,3,8,VRB02KT,11,10
2019-07-03 09:00:00.000,2019,7,3,9,00000KT,11,10
2019-07-03 10:00:00.000,2019,7,3,10,18004KT,12,11
2019-07-03 11:00:00.000,2019,7,3,11,03004KT,11,10
2019-07-03 12:00:00.000,2019,7,3,12,04006KT,13,10
2019-07-03 13:00:00.000,2019,7,3,13,06007KT,14,10
2019-07-03 14:00:00.000,2019,7,3,14,07007KT,14,10
2019-07-03 15:00:00.000,2019,7,3,15,07008KT,16,09
2019-07-03 16:00:00.000,2019,7,3,16,08008KT,18,08
2019-07-03 17:00:00.000,2019,7,3,17,08006KT,19,08
2019-07-03 18:00:00.000,2019,7,3,18,10004KT,19,07
2019-07-03 19:00:00.000,2019,7,3,19,07005KT,18,07
2019-07-03 20:00:00.000,2019,7,3,20,13004KT,19,07
2019-07-03 21:00:00.000,2019,7,3,21,06004KT,19,07
2019-07-03 22:00:00.000,2019,7,3,22,02004KT,18,09
2019-07-03 23:00:00.000,2019,7,3,23,11005KT,17,09
2019-07-04 00:00:00.000,2019,7,4,0,12004KT,15,09
2019-07-04 01:00:00.000,2019,7,4,1,22004KT,15,11
2019-07-04 02:00:00.000,2019,7,4,2,18006KT,15,10
2019-07-04 03:00:00.000,2019,7,4,3,04005KT,14,10
2019-07-04 04:00:00.000,2019,7,4,4,05003KT,13,10
2019-07-04 05:00:00.000,2019,7,4,5,05006KT,12,10
2019-07-04 06:00:00.000,2019,7,4,6,03005KT,12,10
2019-07-04 07:00:00.000,2019,7,4,7,05007KT,12,10
2019-07-04 08:00:00.000,2019,7,4,8,07005KT,11,09
2019-07-04 09:00:00.000,2019,7,4,9,04003KT,10,08
2019-07-04 10:00:00.000,2019,7,4,10,06004KT,10,08
2019-07-04 11:00:00.000,2019,7,4,11,05005KT,09,08
2019-07-04 12:00:00.000,2019,7,4,12,05006KT,12,09
2019-07-04 13:00:00.000,2019,7,4,13,03005KT,14,09
2019-07-04 14:00:00.000,2019,7,4,14,06008KT,16,09
2019-07-04 15:00:00.000,2019,7,4,15,06007KT,18,09
2019-07-04 16:00:00.000,2019,7,4,16,23008KT,19,06
2019-07-04 17:00:00.000,2019,7,4,17,11008KT,21,04
2019-07-04 18:00:00.000,2019,7,4,18,13010KT,21,05
2019-07-04 19:00:00.000,2019,7,4,19,12010KT,21,06
2019-07-04 20:00:00.000,2019,7,4,20,10010KT,21,04
2019-07-04 21:00:00.000,2019,7,4,21,11010KT,21,04
2019-07-04 22:00:00.000,2019,7,4,22,09006KT,20,04
2019-07-04 23:00:00.000,2019,7,4,23,10008KT,18,04
2019-07-05 00:00:00.000,2019,7,5,0,09007KT,17,06
2019-07-05 01:00:00.000,2019,7,5,1,05006KT,13,08
2019-07-05 02:00:00.000,2019,7,5,2,VRB02KT,13,07
2019-07-05 03:00:00.000,2019,7,5,3,06005KT,11,07
2019-07-05 04:00:00.000,2019,7,5,4,06005KT,11,07
2019-07-05 05:00:00.000,2019,7,5,5,06005KT,11,07
2019-07-05 06:00:00.000,2019,7,5,6,05005KT,10,07
2019-07-05 07:00:00.000,2019,7,5,7,05006KT,11,08
2019-07-05 08:00:00.000,2019,7,5,8,04006KT,10,08
2019-07-05 09:00:00.000,2019,7,5,9,07006KT,10,07
2019-07-05 10:00:00.000,2019,7,5,10,06006KT,09,07
2019-07-05 11:00:00.000,2019,7,5,11,04005KT,10,07
2019-07-05 12:00:00.000,2019,7,5,12,05007KT,11,08
2019-07-05 13:00:00.000,2019,7,5,13,06008KT,14,08
2019-07-05 14:00:00.000,2019,7,5,14,03008KT,16,08
2019-07-05 15:00:00.000,2019,7,5,15,03008KT,16,09
2019-07-05 16:00:00.000,2019,7,5,16,07007KT,20,08
2019-07-05 17:00:00.000,2019,7,5,17,08009KT,19,08
2019-07-05 18:00:00.000,2019,7,5,18,13010KT,20,07
2019-07-05 19:00:00.000,2019,7,5,19,14009KT,20,08
2019-07-05 20:00:00.000,2019,7,5,20,11010KT,18,08
2019-07-05 21:00:00.000,2019,7,5,21,16008KT,16,10
2019-07-05 22:00:00.000,2019,7,5,22,13006KT,15,08
2019-07-05 23:00:00.000,2019,7,5,23,10009KT,14,07
2019-07-06 00:00:00.000,2019,7,6,0,05007KT,12,09
2019-07-06 01:00:00.000,2019,7,6,1,06007KT,12,09
2019-07-06 02:00:00.000,2019,7,6,2,33004KT,11,09
2019-07-06 03:00:00.000,2019,7,6,3,01003KT,11,08
2019-07-06 04:00:00.000,2019,7,6,4,05006KT,11,08
2019-07-06 05:00:00.000,2019,7,6,5,05007KT,10,08
2019-07-06 06:00:00.000,2019,7,6,6,33004KT,09,07
2019-07-06 07:00:00.000,2019,7,6,7,VRB02KT,09,08
2019-07-06 08:00:00.000,2019,7,6,8,06005KT,08,07
2019-07-06 09:00:00.000,2019,7,6,9,03004KT,08,07
2019-07-06 10:00:00.000,2019,7,6,10,01003KT,08,07
2019-07-06 11:00:00.000,2019,7,6,11,05005KT,08,07
2019-07-06 12:00:00.000,2019,7,6,12,05006KT,10,07
2019-07-06 13:00:00.000,2019,7,6,13,08007KT,14,08
2019-07-06 14:00:00.000,2019,7,6,14,10008KT,17,09
2019-07-06 15:00:00.000,2019,7,6,15,13012KT,18,08
2019-07-06 16:00:00.000,2019,7,6,16,11012KT,18,06
2019-07-06 17:00:00.000,2019,7,6,17,12013KT,20,06
2019-07-06 18:00:00.000,2019,7,6,18,15012KT,19,06
2019-07-06 19:00:00.000,2019,7,6,19,15014KT,19,05
2019-07-06 20:00:00.000,2019,7,6,20,13012KT,19,06
2019-07-06 21:00:00.000,2019,7,6,21,16012KT,19,05
2019-07-06 22:00:00.000,2019,7,6,22,15010KT,18,04
2019-07-06 23:00:00.000,2019,7,6,23,17012KT,17,04
2019-07-07 00:00:00.000,2019,7,7,0,14010KT,14,04
2019-07-07 01:00:00.000,2019,7,7,1,13007KT,14,04
2019-07-07 02:00:00.000,2019,7,7,2,12006KT,14,05
2019-07-07 03:00:00.000,2019,7,7,3,14007KT,13,09
2019-07-07 04:00:00.000,2019,7,7,4,11007KT,12,06
2019-07-07 05:00:00.000,2019,7,7,5,08003KT,12,06
2019-07-07 06:00:00.000,2019,7,7,6,VRB02KT,12,06
2019-07-07 07:00:00.000,2019,7,7,7,10006KT,13,07
2019-07-07 08:00:00.000,2019,7,7,8,11005KT,13,08
2019-07-07 09:00:00.000,2019,7,7,9,08005KT,12,09
2019-07-07 10:00:00.000,2019,7,7,10,10004KT,12,08
2019-07-07 11:00:00.000,2019,7,7,11,11006KT,12,07
2019-07-07 12:00:00.000,2019,7,7,12,09006KT,14,07
2019-07-07 13:00:00.000,2019,7,7,13,13010KT,15,07
2019-07-07 14:00:00.000,2019,7,7,14,11010KT,17,07
2019-07-07 15:00:00.000,2019,7,7,15,12010KT,18,07
2019-07-07 16:00:00.000,2019,7,7,16,12011KT,18,07
2019-07-07 17:00:00.000,2019,7,7,17,12010KT,18,07
2019-07-07 18:00:00.000,2019,7,7,18,12011KT,20,08
2019-07-07 19:00:00.000,2019,7,7,19,12011KT,19,06
2019-07-07 20:00:00.000,2019,7,7,20,11008KT,19,05
2019-07-07 21:00:00.000,2019,7,7,21,VRB06KT,19,05
2019-07-07 22:00:00.000,2019,7,7,22,08009KT,16,09
2019-07-07 23:00:00.000,2019,7,7,23,14012KT,15,08
2019-07-08 00:00:00.000,2019,7,8,0,13005KT,13,11
2019-07-08 01:00:00.000,2019,7,8,1,12006KT,13,09
2019-07-08 02:00:00.000,2019,7,8,2,12004KT,12,08
2019-07-08 03:00:00.000,2019,7,8,3,09005KT,12,09
2019-07-08 04:00:00.000,2019,7,8,4,09004KT,12,08
2019-07-08 05:00:00.000,2019,7,8,5,35005KT,11,08
2019-07-08 06:00:00.000,2019,7,8,6,06003KT,10,08
2019-07-08 07:00:00.000,2019,7,8,7,10004KT,12,08
2019-07-08 08:00:00.000,2019,7,8,8,10004KT,11,08
2019-07-08 09:00:00.000,2019,7,8,9,07004KT,11,07
2019-07-08 10:00:00.000,2019,7,8,10,09004KT,11,07
2019-07-08 11:00:00.000,2019,7,8,11,32003KT,11,09
2019-07-08 12:00:00.000,2019,7,8,12,31004KT,11,08
2019-07-08 13:00:00.000,2019,7,8,13,05005KT,13,08
2019-07-08 14:00:00.000,2019,7,8,14,12007KT,15,07
2019-07-08 15:00:00.000,2019,7,8,15,12008KT,17,08
2019-07-08 16:00:00.000,2019,7,8,16,14008KT,18,06
2019-07-08 17:00:00.000,2019,7,8,17,16010KT,17,06
2019-07-08 18:00:00.000,2019,7,8,18,14010KT,18,07
2019-07-08 19:00:00.000,2019,7,8,19,16010KT,18,05
2019-07-08 20:00:00.000,2019,7,8,20,16014KT,19,06
2019-07-08 21:00:00.000,2019,7,8,21,15012KT,18,07
2019-07-08 22:00:00.000,2019,7,8,22,18012KT,17,05
2019-07-08 23:00:00.000,2019,7,8,23,15011KT,16,05
2019-07-09 00:00:00.000,2019,7,9,0,13007KT,13,04
2019-07-09 01:00:00.000,2019,7,9,1,14008KT,11,03
2019-07-09 02:00:00.000,2019,7,9,2,32003KT,11,07
2019-07-09 03:00:00.000,2019,7,9,3,02003KT,12,08
2019-07-09 04:00:00.000,2019,7,9,4,32004KT,10,07
2019-07-09 05:00:00.000,2019,7,9,5,32003KT,10,07
2019-07-09 06:00:00.000,2019,7,9,6,VRB02KT,09,07
2019-07-09 07:00:00.000,2019,7,9,7,VRB02KT,09,07
2019-07-09 08:00:00.000,2019,7,9,8,VRB02KT,09,08
2019-07-09 09:00:00.000,2019,7,9,9,32005KT,09,07
2019-07-09 10:00:00.000,2019,7,9,10,00000KT,09,08
2019-07-09 11:00:00.000,2019,7,9,11,36003KT,08,07
2019-07-09 12:00:00.000,2019,7,9,12,VRB02KT,10,08
2019-07-09 13:00:00.000,2019,7,9,13,VRB02KT,14,08
2019-07-09 14:00:00.000,2019,7,9,14,02006KT,16,08
2019-07-09 15:00:00.000,2019,7,9,15,11005KT,18,07
2019-07-09 16:00:00.000,2019,7,9,16,14008KT,17,07
2019-07-09 17:00:00.000,2019,7,9,17,16012KT,18,07
2019-07-09 18:00:00.000,2019,7,9,18,18009KT,18,06
2019-07-09 19:00:00.000,2019,7,9,19,18015KT,18,05
2019-07-09 20:00:00.000,2019,7,9,20,16014KT,18,06
2019-07-09 21:00:00.000,2019,7,9,21,15012KT,17,05
2019-07-09 22:00:00.000,2019,7,9,22,17011KT,16,06
2019-07-09 23:00:00.000,2019,7,9,23,18010KT,15,06
2019-07-10 00:00:00.000,2019,7,10,0,19007KT,15,07
2019-07-10 01:00:00.000,2019,7,10,1,08005KT,14,08
2019-07-10 02:00:00.000,2019,7,10,2,09004KT,13,08
2019-07-10 03:00:00.000,2019,7,10,3,12004KT,14,08
2019-07-10 04:00:00.000,2019,7,10,4,12006KT,14,08
2019-07-10 05:00:00.000,2019,7,10,5,04004KT,13,09
2019-07-10 06:00:00.000,2019,7,10,6,VRB02KT,12,09
2019-07-10 07:00:00.000,2019,7,10,7,27004KT,12,09
2019-07-10 08:00:00.000,2019,7,10,8,VRB02KT,12,09
2019-07-10 09:00:00.000,2019,7,10,9,VRB02KT,11,09
2019-07-10 10:00:00.000,2019,7,10,10,VRB02KT,11,09
2019-07-10 11:00:00.000,2019,7,10,11,VRB02KT,09,08
2019-07-10 12:00:00.000,2019,7,10,12,VRB02KT,10,08
2019-07-10 13:00:00.000,2019,7,10,13,12007KT,14,07
2019-07-10 14:00:00.000,2019,7,10,14,20005KT,15,07
2019-07-10 15:00:00.000,2019,7,10,15,14008KT,16,07
2019-07-10 16:00:00.000,2019,7,10,16,15010KT,17,07
2019-07-10 17:00:00.000,2019,7,10,17,15009KT,18,07
2019-07-10 18:00:00.000,2019,7,10,18,15015KT,17,07
2019-07-10 19:00:00.000,2019,7,10,19,14015KT,18,06
2019-07-10 20:00:00.000,2019,7,10,20,15012KT,18,07
2019-07-10 21:00:00.000,2019,7,10,21,14009KT,17,07
2019-07-10 22:00:00.000,2019,7,10,22,12006KT,16,08
2019-07-10 23:00:00.000,2019,7,10,23,VRB03KT,15,08
2019-07-11 00:00:00.000,2019,7,11,0,14006KT,14,08
2019-07-11 01:00:00.000,2019,7,11,1,12004KT,14,08
2019-07-11 02:00:00.000,2019,7,11,2,15004KT,14,08
2019-07-11 03:00:00.000,2019,7,11,3,33003KT,13,09
2019-07-11 04:00:00.000,2019,7,11,4,03003KT,13,09
2019-07-11 05:00:00.000,2019,7,11,5,36003KT,12,09
2019-07-11 06:00:00.000,2019,7,11,6,03005KT,12,09
2019-07-11 07:00:00.000,2019,7,11,7,VRB02KT,12,09
2019-07-11 08:00:00.000,2019,7,11,8,04004KT,11,08
2019-07-11 09:00:00.000,2019,7,11,9,VRB02KT,11,09
2019-07-11 10:00:00.000,2019,7,11,10,00000KT,10,08
2019-07-11 11:00:00.000,2019,7,11,11,02003KT,11,09
2019-07-11 12:00:00.000,2019,7,11,12,03005KT,12,10
2019-07-11 13:00:00.000,2019,7,11,13,01006KT,14,10
2019-07-11 14:00:00.000,2019,7,11,14,05004KT,15,10
2019-07-11 15:00:00.000,2019,7,11,15,27004KT,16,09
2019-07-11 16:00:00.000,2019,7,11,16,23007KT,16,09
2019-07-11 17:00:00.000,2019,7,11,17,24005KT,17,09
2019-07-11 18:00:00.000,2019,7,11,18,06004KT,17,08
2019-07-11 19:00:00.000,2019,7,11,19,16008KT,19,08
2019-07-11 20:00:00.000,2019,7,11,20,14005KT,16,10
2019-07-11 21:00:00.000,2019,7,11,21,16006KT,17,09
2019-07-11 22:00:00.000,2019,7,11,22,26006KT,16,12
2019-07-11 23:00:00.000,2019,7,11,23,29006KT,15,12
2019-07-12 00:00:00.000,2019,7,12,0,VRB02KT,13,11
2019-07-12 01:00:00.000,2019,7,12,1,VRB02KT,13,11
2019-07-12 02:00:00.000,2019,7,12,2,08004KT,15,10
2019-07-12 03:00:00.000,2019,7,12,3,VRB05KT,15,09
2019-07-12 04:00:00.000,2019,7,12,4,33004KT,14,10
2019-07-12 05:00:00.000,2019,7,12,5,23003KT,14,09
2019-07-12 06:00:00.000,2019,7,12,6,26004KT,13,09
2019-07-12 07:00:00.000,2019,7,12,7,VRB02KT,13,10
2019-07-12 08:00:00.000,2019,7,12,8,VRB02KT,12,10
2019-07-12 09:00:00.000,2019,7,12,9,VRB02KT,11,10
2019-07-12 10:00:00.000,2019,7,12,10,VRB02KT,11,09
2019-07-12 11:00:00.000,2019,7,12,11,VRB02KT,11,09
2019-07-12 12:00:00.000,2019,7,12,12,05003KT,13,10
2019-07-12 13:00:00.000,2019,7,12,13,05006KT,15,10
2019-07-12 14:00:00.000,2019,7,12,14,12004KT,16,08
2019-07-12 15:00:00.000,2019,7,12,15,15010KT,18,08
2019-07-12 16:00:00.000,2019,7,12,16,13012KT,18,09
2019-07-12 17:00:00.000,2019,7,12,17,11008KT,19,08
2019-07-12 18:00:00.000,2019,7,12,18,22009KT,17,08
2019-07-12 19:00:00.000,2019,7,12,19,18013KT,19,08
2019-07-12 20:00:00.000,2019,7,12,20,17011KT,18,08
2019-07-12 21:00:00.000,2019,7,12,21,VRB03KT,20,07
2019-07-12 22:00:00.000,2019,7,12,22,11005KT,18,06
2019-07-12 23:00:00.000,2019,7,12,23,10007KT,17,07
2019-07-13 00:00:00.000,2019,7,13,0,11005KT,16,08
2019-07-13 01:00:00.000,2019,7,13,1,13008KT,16,08
2019-07-13 02:00:00.000,2019,7,13,2,VRB02KT,14,09
2019-07-13 03:00:00.000,2019,7,13,3,11003KT,14,09
2019-07-13 04:00:00.000,2019,7,13,4,06006KT,12,09
2019-07-13 05:00:00.000,2019,7,13,5,05005KT,12,09
2019-07-13 06:00:00.000,2019,7,13,6,03004KT,12,09
2019-07-13 07:00:00.000,2019,7,13,7,14003KT,12,10
2019-07-13 08:00:00.000,2019,7,13,8,VRB02KT,11,10
2019-07-13 09:00:00.000,2019,7,13,9,VRB02KT,10,09
2019-07-13 10:00:00.000,2019,7,13,10,VRB02KT,11,10
2019-07-13 11:00:00.000,2019,7,13,11,05004KT,11,10
2019-07-13 12:00:00.000,2019,7,13,12,03008KT,12,10
2019-07-13 13:00:00.000,2019,7,13,13,05006KT,14,11
2019-07-13 14:00:00.000,2019,7,13,14,04005KT,15,10
2019-07-13 15:00:00.000,2019,7,13,15,06008KT,16,10
2019-07-13 16:00:00.000,2019,7,13,16,06009KT,16,09
2019-07-13 17:00:00.000,2019,7,13,17,16010KT,16,11
2019-07-13 18:00:00.000,2019,7,13,18,17006KT,18,09
2019-07-13 19:00:00.000,2019,7,13,19,11008KT,19,08
2019-07-13 20:00:00.000,2019,7,13,20,11008KT,20,09
2019-07-13 21:00:00.000,2019,7,13,21,13007KT,18,08
2019-07-13 22:00:00.000,2019,7,13,22,132010KT,17,08
2019-07-13 23:00:00.000,2019,7,13,23,14006KT,16,09
2019-07-14 00:00:00.000,2019,7,14,0,13005KT,15,09
2019-07-14 01:00:00.000,2019,7,14,1,06004KT,13,10
2019-07-14 02:00:00.000,2019,7,14,2,32003KT,14,09
2019-07-14 03:00:00.000,2019,7,14,3,12005KT,14,09
2019-07-14 04:00:00.000,2019,7,14,4,12005KT,14,08
2019-07-14 05:00:00.000,2019,7,14,5,10004KT,13,09
2019-07-14 06:00:00.000,2019,7,14,6,07003KT,12,09
2019-07-14 07:00:00.000,2019,7,14,7,VRB02KT,11,09
2019-07-14 08:00:00.000,2019,7,14,8,VRB02KT,11,09
2019-07-14 09:00:00.000,2019,7,14,9,VRB02KT,11,09
2019-07-14 10:00:00.000,2019,7,14,10,VRB02KT,11,09
2019-07-14 11:00:00.000,2019,7,14,11,VRB02KT,11,09
2019-07-14 12:00:00.000,2019,7,14,12,02006KT,11,10
2019-07-14 13:00:00.000,2019,7,14,13,07004KT,13,11
2019-07-14 14:00:00.000,2019,7,14,14,22004KT,14,10
2019-07-14 15:00:00.000,2019,7,14,15,18014KT,15,08
2019-07-14 16:00:00.000,2019,7,14,16,13008KT,17,08
2019-07-14 17:00:00.000,2019,7,14,17,12010KT,18,08
2019-07-14 18:00:00.000,2019,7,14,18,12010KT,18,09
2019-07-14 19:00:00.000,2019,7,14,19,10008KT,18,08
2019-07-14 20:00:00.000,2019,7,14,20,13011KT,19,08
2019-07-14 21:00:00.000,2019,7,14,21,09008KT,19,08
2019-07-14 22:00:00.000,2019,7,14,22,09008KT,18,07
2019-07-14 23:00:00.000,2019,7,14,23,08011KT,17,08
2019-07-15 00:00:00.000,2019,7,15,0,06007KT,15,08
2019-07-15 01:00:00.000,2019,7,15,1,13005KT,13,09
2019-07-15 02:00:00.000,2019,7,15,2,VRB02KT,12,10
2019-07-15 03:00:00.000,2019,7,15,3,35003KT,12,11
2019-07-15 04:00:00.000,2019,7,15,4,04004KT,12,10
2019-07-15 05:00:00.000,2019,7,15,5,05003KT,12,10
2019-07-15 06:00:00.000,2019,7,15,6,18005KT,12,09
2019-07-15 07:00:00.000,2019,7,15,7,02003KT,11,10
2019-07-15 08:00:00.000,2019,7,15,8,05006KT,11,10
2019-07-15 09:00:00.000,2019,7,15,9,03005KT,10,09
2019-07-15 10:00:00.000,2019,7,15,10,07004KT,11,08
2019-07-15 11:00:00.000,2019,7,15,11,06006KT,11,09
2019-07-15 12:00:00.000,2019,7,15,12,04006KT,12,09
2019-07-15 13:00:00.000,2019,7,15,13,04007KT,13,09
2019-07-15 14:00:00.000,2019,7,15,14,05006KT,15,10
2019-07-15 15:00:00.000,2019,7,15,15,08008KT,16,08
2019-07-15 16:00:00.000,2019,7,15,16,13012KT,18,08
2019-07-15 17:00:00.000,2019,7,15,17,15010KT,19,07
2019-07-15 18:00:00.000,2019,7,15,18,18010KT,19,07
2019-07-15 19:00:00.000,2019,7,15,19,15007KT,18,06
2019-07-15 20:00:00.000,2019,7,15,20,16010KT,18,06
2019-07-15 21:00:00.000,2019,7,15,21,11004KT,18,06
2019-07-15 22:00:00.000,2019,7,15,22,14004KT,18,06
2019-07-15 23:00:00.000,2019,7,15,23,28006KT,15,09
2019-07-16 00:00:00.000,2019,7,16,0,33004KT,13,10
2019-07-16 01:00:00.000,2019,7,16,1,01003KT,11,09
2019-07-16 02:00:00.000,2019,7,16,2,35003KT,11,10
2019-07-16 03:00:00.000,2019,7,16,3,35003KT,10,09
2019-07-16 04:00:00.000,2019,7,16,4,34003KT,11,09
2019-07-16 05:00:00.000,2019,7,16,5,36003KT,10,09
2019-07-16 06:00:00.000,2019,7,16,6,32004KT,08,07
2019-07-16 07:00:00.000,2019,7,16,7,31004KT,08,07
2019-07-16 08:00:00.000,2019,7,16,8,27004KT,09,07
2019-07-16 09:00:00.000,2019,7,16,9,VRB02KT,09,07
2019-07-16 10:00:00.000,2019,7,16,10,VRB02KT,08,07
2019-07-16 11:00:00.000,2019,7,16,11,32003KT,08,07
2019-07-16 12:00:00.000,2019,7,16,12,VRB02KT,09,08
2019-07-16 13:00:00.000,2019,7,16,13,VRB02KT,10,09
2019-07-16 14:00:00.000,2019,7,16,14,02004KT,12,09
2019-07-16 15:00:00.000,2019,7,16,15,04005KT,14,09
2019-07-16 16:00:00.000,2019,7,16,16,09006KT,15,08
2019-07-16 17:00:00.000,2019,7,16,17,16008KT,16,09
2019-07-16 18:00:00.000,2019,7,16,18,10008KT,16,07
2019-07-16 19:00:00.000,2019,7,16,19,16006KT,17,07
2019-07-16 20:00:00.000,2019,7,16,20,13008KT,17,06
2019-07-16 21:00:00.000,2019,7,16,21,14007KT,18,07
2019-07-16 22:00:00.000,2019,7,16,22,11006KT,17,08
2019-07-16 23:00:00.000,2019,7,16,23,11006KT,14,08
2019-07-17 00:00:00.000,2019,7,17,0,11006KT,14,08
2019-07-17 01:00:00.000,2019,7,17,1,08003KT,14,07
2019-07-17 02:00:00.000,2019,7,17,2,08005KT,13,08
2019-07-17 03:00:00.000,2019,7,17,3,08005KT,13,07
2019-07-17 04:00:00.000,2019,7,17,4,03003KT,10,08
2019-07-17 05:00:00.000,2019,7,17,5,03005KT,09,07
2019-07-17 06:00:00.000,2019,7,17,6,00000KT,09,08
2019-07-17 07:00:00.000,2019,7,17,7,VRB02KT,09,08
2019-07-17 08:00:00.000,2019,7,17,8,35003KT,07,07
2019-07-17 09:00:00.000,2019,7,17,9,VRB02KT,08,07
2019-07-17 10:00:00.000,2019,7,17,10,35003KT,07,07
2019-07-17 11:00:00.000,2019,7,17,11,03003KT,06,05
2019-07-17 12:00:00.000,2019,7,17,12,06006KT,08,07
2019-07-17 13:00:00.000,2019,7,17,13,05005KT,12,10
2019-07-17 14:00:00.000,2019,7,17,14,11006KT,16,08
2019-07-17 15:00:00.000,2019,7,17,15,09007KT,17,08
2019-07-17 16:00:00.000,2019,7,17,16,14012KT,18,07
2019-07-17 17:00:00.000,2019,7,17,17,16009KT,18,08
2019-07-17 18:00:00.000,2019,7,17,18,12009KT,19,08
2019-07-17 19:00:00.000,2019,7,17,19,12007KT,18,08
2019-07-17 20:00:00.000,2019,7,17,20,13010KT,18,08
2019-07-17 21:00:00.000,2019,7,17,21,14010KT,17,08
2019-07-17 22:00:00.000,2019,7,17,22,13010KT,18,08
2019-07-17 23:00:00.000,2019,7,17,23,11005KT,17,08
2019-07-18 00:00:00.000,2019,7,18,0,14009KT,14,07
2019-07-18 01:00:00.000,2019,7,18,1,14007KT,13,08
2019-07-18 03:00:00.000,2019,7,18,3,VRB02KT,12,09
2019-07-18 04:00:00.000,2019,7,18,4,20003KT,13,08
2019-07-18 05:00:00.000,2019,7,18,5,VRB02KT,11,08
2019-07-18 06:00:00.000,2019,7,18,6,05005KT,11,09
2019-07-18 07:00:00.000,2019,7,18,7,01003KT,11,09
2019-07-18 08:00:00.000,2019,7,18,8,04006KT,11,09
2019-07-18 09:00:00.000,2019,7,18,9,36003KT,11,09
2019-07-18 10:00:00.000,2019,7,18,10,03003KT,10,09
2019-07-18 11:00:00.000,2019,7,18,11,36003KT,11,09
2019-07-18 12:00:00.000,2019,7,18,12,VRB02KT,14,10
2019-07-18 13:00:00.000,2019,7,18,13,07006KT,16,10
2019-07-18 14:00:00.000,2019,7,18,14,12010KT,16,08
2019-07-18 15:00:00.000,2019,7,18,15,14014KT,17,09
2019-07-18 16:00:00.000,2019,7,18,16,15013KT,18,09
2019-07-18 17:00:00.000,2019,7,18,17,15012KT,19,08
2019-07-18 18:00:00.000,2019,7,18,18,15012KT,19,09
2019-07-18 19:00:00.000,2019,7,18,19,15011G21KT,19,08
2019-07-18 20:00:00.000,2019,7,18,20,11008KT,19,06
2019-07-18 21:00:00.000,2019,7,18,21,14010KT,18,07
2019-07-18 22:00:00.000,2019,7,18,22,09007KT,18,07
2019-07-18 23:00:00.000,2019,7,18,23,11009KT,17,07
2019-07-19 00:00:00.000,2019,7,19,0,13006KT,16,07
2019-07-19 01:00:00.000,2019,7,19,1,10006KT,15,09
2019-07-19 02:00:00.000,2019,7,19,2,10004KT,13,10
2019-07-19 03:00:00.000,2019,7,19,3,11003KT,14,10
2019-07-19 04:00:00.000,2019,7,19,4,06003KT,13,09
2019-07-19 05:00:00.000,2019,7,19,5,33005KT,12,09
2019-07-19 06:00:00.000,2019,7,19,6,36004KT,12,09
2019-07-19 07:00:00.000,2019,7,19,7,09005KT,12,09
2019-07-19 08:00:00.000,2019,7,19,8,VRB02KT,11,10
2019-07-19 09:00:00.000,2019,7,19,9,07004KT,11,10
2019-07-19 10:00:00.000,2019,7,19,10,06004KT,11,10
2019-07-19 11:00:00.000,2019,7,19,11,VRB02KT,11,09
2019-07-19 12:00:00.000,2019,7,19,12,06004KT,11,09
2019-07-19 13:00:00.000,2019,7,19,13,03008KT,13,10
2019-07-19 14:00:00.000,2019,7,19,14,03007KT,14,10
2019-07-19 15:00:00.000,2019,7,19,15,13009KT,18,09
2019-07-19 16:00:00.000,2019,7,19,16,08006KT,15,09
2019-07-19 17:00:00.000,2019,7,19,17,14005KT,16,10
2019-07-19 18:00:00.000,2019,7,19,18,16011KT,17,10
2019-07-19 19:00:00.000,2019,7,19,19,12010KT,18,09
2019-07-19 20:00:00.000,2019,7,19,20,15008KT,18,09
2019-07-19 21:00:00.000,2019,7,19,21,06008KT,18,08
2019-07-19 22:00:00.000,2019,7,19,22,13010KT,17,08
2019-07-19 23:00:00.000,2019,7,19,23,11009KT,16,09
2019-07-20 00:00:00.000,2019,7,20,0,12008KT,14,09
2019-07-20 01:00:00.000,2019,7,20,1,12008KT,14,09
2019-07-20 02:00:00.000,2019,7,20,2,09005KT,14,08
2019-07-20 03:00:00.000,2019,7,20,3,08006KT,14,09
2019-07-20 04:00:00.000,2019,7,20,4,09005KT,13,08
2019-07-20 05:00:00.000,2019,7,20,5,10005KT,14,08
2019-07-20 06:00:00.000,2019,7,20,6,05005KT,12,09
2019-07-20 07:00:00.000,2019,7,20,7,VRB02KT,13,09
2019-07-20 08:00:00.000,2019,7,20,8,VRB02KT,12,09
2019-07-20 09:00:00.000,2019,7,20,9,03006KT,12,09
2019-07-20 10:00:00.000,2019,7,20,10,11003KT,12,09
2019-07-20 11:00:00.000,2019,7,20,11,09005KT,12,10
2019-07-20 12:00:00.000,2019,7,20,12,VRB02KT,11,10
2019-07-20 13:00:00.000,2019,7,20,13,VRB02KT,12,10
2019-07-20 14:00:00.000,2019,7,20,14,14010KT,14,09
2019-07-20 15:00:00.000,2019,7,20,15,15011KT,16,09
2019-07-20 16:00:00.000,2019,7,20,16,12012KT,16,09
2019-07-20 17:00:00.000,2019,7,20,17,14012KT,16,09
2019-07-20 18:00:00.000,2019,7,20,18,08006KT,15,10
2019-07-20 19:00:00.000,2019,7,20,19,08008KT,17,10
2019-07-20 20:00:00.000,2019,7,20,20,15010KT,18,09
2019-07-20 21:00:00.000,2019,7,20,21,12009KT,18,08
2019-07-20 22:00:00.000,2019,7,20,22,09007KT,17,09
2019-07-20 23:00:00.000,2019,7,20,23,12008KT,16,08
2019-07-21 00:00:00.000,2019,7,21,0,14006KT,14,09
2019-07-21 01:00:00.000,2019,7,21,1,14005KT,13,10
2019-07-21 02:00:00.000,2019,7,21,2,14007KT,14,10
2019-07-21 03:00:00.000,2019,7,21,3,13005KT,12,09
2019-07-21 04:00:00.000,2019,7,21,4,05006KT,11,09
2019-07-21 05:00:00.000,2019,7,21,5,05007KT,11,09
2019-07-21 06:00:00.000,2019,7,21,6,06008KT,11,09
2019-07-21 07:00:00.000,2019,7,21,7,06007KT,11,09
2019-07-21 08:00:00.000,2019,7,21,8,05006KT,11,09
2019-07-21 09:00:00.000,2019,7,21,9,05007KT,10,09
2019-07-21 10:00:00.000,2019,7,21,10,05008KT,11,09
2019-07-21 11:00:00.000,2019,7,21,11,06008KT,11,09
2019-07-21 12:00:00.000,2019,7,21,12,07008KT,13,10
2019-07-21 13:00:00.000,2019,7,21,13,07010KT,17,10
2019-07-21 14:00:00.000,2019,7,21,14,07010KT,17,10
2019-07-21 15:00:00.000,2019,7,21,15,13011KT,18,09
2019-07-21 16:00:00.000,2019,7,21,16,13011KT,18,09
2019-07-21 17:00:00.000,2019,7,21,17,10010KT,17,10
2019-07-21 18:00:00.000,2019,7,21,18,10008KT,17,08
2019-07-21 19:00:00.000,2019,7,21,19,10007KT,18,09
2019-07-21 20:00:00.000,2019,7,21,20,10006KT,18,08
2019-07-21 21:00:00.000,2019,7,21,21,13007KT,19,08
2019-07-21 22:00:00.000,2019,7,21,22,VRB06KT,18,08
2019-07-21 23:00:00.000,2019,7,21,23,12007KT,17,08
2019-07-22 00:00:00.000,2019,7,22,0,08005KT,15,09
2019-07-22 01:00:00.000,2019,7,22,1,13005KT,16,10
2019-07-22 02:00:00.000,2019,7,22,2,20005KT,15,10
2019-07-22 03:00:00.000,2019,7,22,3,02005KT,13,09
2019-07-22 04:00:00.000,2019,7,22,4,02006KT,13,10
2019-07-22 05:00:00.000,2019,7,22,5,03004KT,13,10
2019-07-22 06:00:00.000,2019,7,22,6,04004KT,12,10
2019-07-22 07:00:00.000,2019,7,22,7,05005KT,12,09
2019-07-22 08:00:00.000,2019,7,22,8,05003KT,12,10
2019-07-22 09:00:00.000,2019,7,22,9,VRB02KT,12,10
2019-07-22 10:00:00.000,2019,7,22,10,04006KT,12,10
2019-07-22 11:00:00.000,2019,7,22,11,03006KT,11,10
2019-07-22 12:00:00.000,2019,7,22,12,02003KT,12,11
2019-07-22 13:00:00.000,2019,7,22,13,35003KT,13,11
2019-07-22 14:00:00.000,2019,7,22,14,15003KT,13,11
2019-07-22 15:00:00.000,2019,7,22,15,VRB02KT,15,12
2019-07-22 16:00:00.000,2019,7,22,16,17010KT,16,11
2019-07-22 17:00:00.000,2019,7,22,17,15012KT,16,10
2019-07-22 18:00:00.000,2019,7,22,18,17011KT,17,09
2019-07-22 19:00:00.000,2019,7,22,19,16009KT,18,08
2019-07-22 20:00:00.000,2019,7,22,20,14012KT,18,09
2019-07-22 21:00:00.000,2019,7,22,21,12007KT,19,09
2019-07-22 22:00:00.000,2019,7,22,22,12006KT,18,08
2019-07-22 23:00:00.000,2019,7,22,23,09006KT,17,09
2019-07-23 00:00:00.000,2019,7,23,0,14008KT,14,10
2019-07-23 01:00:00.000,2019,7,23,1,36004KT,14,11
2019-07-23 02:00:00.000,2019,7,23,2,05005KT,13,11
2019-07-23 03:00:00.000,2019,7,23,3,09006KT,14,10
2019-07-23 05:00:00.000,2019,7,23,5,04004KT,12,10
2019-07-23 06:00:00.000,2019,7,23,6,03004KT,12,10
2019-07-23 07:00:00.000,2019,7,23,7,03003KT,12,10
2019-07-23 08:00:00.000,2019,7,23,8,01004KT,11,10
2019-07-23 09:00:00.000,2019,7,23,9,02004KT,11,10
2019-07-23 10:00:00.000,2019,7,23,10,04008KT,12,10
2019-07-23 11:00:00.000,2019,7,23,11,05005KT,11,10
2019-07-23 12:00:00.000,2019,7,23,12,04006KT,12,10
2019-07-23 13:00:00.000,2019,7,23,13,05006KT,13,11
2019-07-23 14:00:00.000,2019,7,23,14,04008KT,13,11
2019-07-23 15:00:00.000,2019,7,23,15,05005KT,15,12
2019-07-23 16:00:00.000,2019,7,23,16,07010KT,17,09
2019-07-23 17:00:00.000,2019,7,23,17,08009KT,17,09
2019-07-23 18:00:00.000,2019,7,23,18,10008KT,18,09
2019-07-23 19:00:00.000,2019,7,23,19,09009KT,20,08
2019-07-23 20:00:00.000,2019,7,23,20,10008KT,18,07
2019-07-23 21:00:00.000,2019,7,23,21,11007KT,17,08
2019-07-23 22:00:00.000,2019,7,23,22,06005KT,14,10
2019-07-23 23:00:00.000,2019,7,23,23,07005KT,14,08
2019-07-24 00:00:00.000,2019,7,24,0,02005KT,12,08
2019-07-24 01:00:00.000,2019,7,24,1,05006KT,12,09
2019-07-24 02:00:00.000,2019,7,24,2,08004KT,13,08
2019-07-24 03:00:00.000,2019,7,24,3,06006KT,13,08
2019-07-24 04:00:00.000,2019,7,24,4,09003KT,13,08
2019-07-24 05:00:00.000,2019,7,24,5,09004KT,13,07
2019-07-24 06:00:00.000,2019,7,24,6,06006KT,12,08
2019-07-24 07:00:00.000,2019,7,24,7,07004KT,12,08
2019-07-24 08:00:00.000,2019,7,24,8,08004KT,12,08
2019-07-24 09:00:00.000,2019,7,24,9,11004KT,12,08
2019-07-24 10:00:00.000,2019,7,24,10,34003KT,10,07
2019-07-24 11:00:00.000,2019,7,24,11,03007KT,10,08
2019-07-24 12:00:00.000,2019,7,24,12,03006KT,12,08
2019-07-24 13:00:00.000,2019,7,24,13,06005KT,14,09
2019-07-24 14:00:00.000,2019,7,24,14,05008KT,15,09
2019-07-24 15:00:00.000,2019,7,24,15,VRB06KT,17,10
2019-07-24 16:00:00.000,2019,7,24,16,07010KT,17,10
2019-07-24 17:00:00.000,2019,7,24,17,07014KT,18,09
2019-07-24 18:00:00.000,2019,7,24,18,14010KT,18,08
2019-07-24 19:00:00.000,2019,7,24,19,11013KT,19,07
2019-07-24 20:00:00.000,2019,7,24,20,125012KT,17,08
2019-07-24 21:00:00.000,2019,7,24,21,14009KT,16,09
2019-07-24 22:00:00.000,2019,7,24,22,06006KT,16,09
2019-07-24 23:00:00.000,2019,7,24,23,09005KT,16,08
2019-07-25 00:00:00.000,2019,7,25,0,13008KT,14,09
2019-07-25 01:00:00.000,2019,7,25,1,03005KT,14,09
2019-07-25 02:00:00.000,2019,7,25,2,07007KT,14,09
2019-07-25 03:00:00.000,2019,7,25,3,06006KT,13,09
2019-07-25 04:00:00.000,2019,7,25,4,06006KT,11,07
2019-07-25 05:00:00.000,2019,7,25,5,07005KT,12,07
2019-07-25 06:00:00.000,2019,7,25,6,05005KT,11,07
2019-07-25 07:00:00.000,2019,7,25,7,04004KT,10,07
2019-07-25 08:00:00.000,2019,7,25,8,04004KT,09,07
2019-07-25 09:00:00.000,2019,7,25,9,VRB02KT,08,06
2019-07-25 10:00:00.000,2019,7,25,10,02006KT,08,07
2019-07-25 11:00:00.000,2019,7,25,11,VRB02KT,07,06
2019-07-25 12:00:00.000,2019,7,25,12,05006KT,10,08
2019-07-25 13:00:00.000,2019,7,25,13,04005KT,12,08
2019-07-25 14:00:00.000,2019,7,25,14,07008KT,16,06
2019-07-25 15:00:00.000,2019,7,25,15,VRB03KT,17,04
2019-07-25 16:00:00.000,2019,7,25,16,13009KT,19,02
2019-07-25 17:00:00.000,2019,7,25,17,12006KT,19,04
2019-07-25 18:00:00.000,2019,7,25,18,12010KT,20,04
2019-07-25 19:00:00.000,2019,7,25,19,11010KT,19,06
2019-07-25 20:00:00.000,2019,7,25,20,10008KT,19,06
2019-07-25 21:00:00.000,2019,7,25,21,11010KT,17,06
2019-07-25 22:00:00.000,2019,7,25,22,14010KT,16,07
2019-07-25 23:00:00.000,2019,7,25,23,14010KT,14,07
2019-07-26 00:00:00.000,2019,7,26,0,13010KT,13,07
2019-07-26 01:00:00.000,2019,7,26,1,09004KT,13,06
2019-07-26 02:00:00.000,2019,7,26,2,05008KT,12,07
2019-07-26 03:00:00.000,2019,7,26,3,07005KT,12,07
2019-07-26 04:00:00.000,2019,7,26,4,06007KT,11,08
2019-07-26 05:00:00.000,2019,7,26,5,07005KT,11,08
2019-07-26 06:00:00.000,2019,7,26,6,08004KT,11,08
2019-07-26 07:00:00.000,2019,7,26,7,07004KT,11,08
2019-07-26 08:00:00.000,2019,7,26,8,06006KT,11,07
2019-07-26 09:00:00.000,2019,7,26,9,06006KT,11,07
2019-07-26 10:00:00.000,2019,7,26,10,07004KT,10,08
2019-07-26 11:00:00.000,2019,7,26,11,04006KT,11,08
2019-07-26 12:00:00.000,2019,7,26,12,VRB02KT,12,08
2019-07-26 13:00:00.000,2019,7,26,13,03004KT,13,09
2019-07-26 14:00:00.000,2019,7,26,14,11003KT,14,09
2019-07-26 15:00:00.000,2019,7,26,15,16010KT,16,08
2019-07-26 16:00:00.000,2019,7,26,16,12010KT,17,07
2019-07-26 17:00:00.000,2019,7,26,17,13011KT,17,08
2019-07-26 18:00:00.000,2019,7,26,18,14014KT,17,10
2019-07-26 19:00:00.000,2019,7,26,19,15012KT,16,11
2019-07-26 20:00:00.000,2019,7,26,20,14012KT,17,08
2019-07-26 21:00:00.000,2019,7,26,21,14012KT,18,09
2019-07-26 22:00:00.000,2019,7,26,22,16008KT,17,08
2019-07-26 23:00:00.000,2019,7,26,23,13009KT,16,08
2019-07-27 00:00:00.000,2019,7,27,0,05006KT,14,10
2019-07-27 01:00:00.000,2019,7,27,1,03005KT,12,10
2019-07-27 02:00:00.000,2019,7,27,2,05006KT,12,09
2019-07-27 03:00:00.000,2019,7,27,3,06006KT,12,09
2019-07-27 04:00:00.000,2019,7,27,4,35003KT,11,08
2019-07-27 05:00:00.000,2019,7,27,5,05007KT,11,09
2019-07-27 06:00:00.000,2019,7,27,6,05008KT,11,09
2019-07-27 07:00:00.000,2019,7,27,7,06006KT,11,09
2019-07-27 08:00:00.000,2019,7,27,8,05006KT,11,10
2019-07-27 09:00:00.000,2019,7,27,9,03005KT,10,08
2019-07-27 10:00:00.000,2019,7,27,10,VRB02KT,10,08
2019-07-27 11:00:00.000,2019,7,27,11,03004KT,11,08
2019-07-27 12:00:00.000,2019,7,27,12,05004KT,11,09
2019-07-27 13:00:00.000,2019,7,27,13,05008KT,13,09
2019-07-27 14:00:00.000,2019,7,27,14,08006KT,16,08
2019-07-27 15:00:00.000,2019,7,27,15,13009KT,16,07
2019-07-27 16:00:00.000,2019,7,27,16,14015KT,17,08
2019-07-27 17:00:00.000,2019,7,27,17,06012KT,17,08
2019-07-27 18:00:00.000,2019,7,27,18,10012KT,19,08
2019-07-27 19:00:00.000,2019,7,27,19,10012KT,19,08
2019-07-27 20:00:00.000,2019,7,27,20,10012KT,18,07
2019-07-27 21:00:00.000,2019,7,27,21,10012KT,17,07
2019-07-27 22:00:00.000,2019,7,27,22,12012KT,16,07
2019-07-27 23:00:00.000,2019,7,27,23,11010KT,15,07
2019-07-28 00:00:00.000,2019,7,28,0,10006KT,15,07
2019-07-28 01:00:00.000,2019,7,28,1,14006KT,15,07
2019-07-28 02:00:00.000,2019,7,28,2,07004KT,14,07
2019-07-28 03:00:00.000,2019,7,28,3,04007KT,14,08
2019-07-28 04:00:00.000,2019,7,28,4,04009KT,13,09
2019-07-28 05:00:00.000,2019,7,28,5,04005KT,11,09
2019-07-28 06:00:00.000,2019,7,28,6,06006KT,11,09
2019-07-28 07:00:00.000,2019,7,28,7,06006KT,12,09
2019-07-28 08:00:00.000,2019,7,28,8,06006KT,11,08
2019-07-28 09:00:00.000,2019,7,28,9,05003KT,10,08
2019-07-28 10:00:00.000,2019,7,28,10,04004KT,10,08
2019-07-28 11:00:00.000,2019,7,28,11,04003KT,10,09
2019-07-28 12:00:00.000,2019,7,28,12,10004KT,11,09
2019-07-28 13:00:00.000,2019,7,28,13,05005KT,13,10
2019-07-28 14:00:00.000,2019,7,28,14,04005KT,14,10
2019-07-28 15:00:00.000,2019,7,28,15,04003KT,14,11
2019-07-28 16:00:00.000,2019,7,28,16,VRB05KT,17,11
2019-07-28 17:00:00.000,2019,7,28,17,17010KT,18,10
2019-07-28 18:00:00.000,2019,7,28,18,14011KT,18,09
2019-07-28 19:00:00.000,2019,7,28,19,17012KT,19,09
2019-07-28 20:00:00.000,2019,7,28,20,17012KT,18,08
2019-07-28 21:00:00.000,2019,7,28,21,16011KT,18,08
2019-07-28 22:00:00.000,2019,7,28,22,17012KT,17,08
2019-07-28 23:00:00.000,2019,7,28,23,17013KT,16,08
2019-07-29 00:00:00.000,2019,7,29,0,15010KT,15,08
2019-07-29 01:00:00.000,2019,7,29,1,13009KT,13,07
2019-07-29 02:00:00.000,2019,7,29,2,12008KT,12,08
2019-07-29 03:00:00.000,2019,7,29,3,VRB02KT,11,07
2019-07-29 04:00:00.000,2019,7,29,4,07005KT,12,09
2019-07-29 05:00:00.000,2019,7,29,5,07006KT,12,09
2019-07-29 06:00:00.000,2019,7,29,6,03005KT,12,10
2019-07-29 07:00:00.000,2019,7,29,7,04004KT,12,10
2019-07-29 08:00:00.000,2019,7,29,8,06004KT,11,09
2019-07-29 09:00:00.000,2019,7,29,9,VRB02KT,10,09
2019-07-29 10:00:00.000,2019,7,29,10,VRB02KT,09,08
2019-07-29 11:00:00.000,2019,7,29,11,VRB02KT,09,08
2019-07-29 12:00:00.000,2019,7,29,12,03003KT,13,11
2019-07-29 13:00:00.000,2019,7,29,13,06008KT,15,09
2019-07-29 14:00:00.000,2019,7,29,14,06007KT,16,09
2019-07-29 15:00:00.000,2019,7,29,15,16008KT,17,07
2019-07-29 16:00:00.000,2019,7,29,16,16010KT,17,07
2019-07-29 17:00:00.000,2019,7,29,17,13008KT,18,08
2019-07-29 18:00:00.000,2019,7,29,18,12006KT,19,07
2019-07-29 19:00:00.000,2019,7,29,19,12008KT,19,07
2019-07-29 20:00:00.000,2019,7,29,20,16010KT,19,07
2019-07-29 21:00:00.000,2019,7,29,21,11007KT,19,07
2019-07-29 22:00:00.000,2019,7,29,22,17012KT,17,08
2019-07-29 23:00:00.000,2019,7,29,23,16006KT,15,07
2019-07-30 00:00:00.000,2019,7,30,0,14006KT,14,07
2019-07-30 01:00:00.000,2019,7,30,1,VRB02KT,13,08
2019-07-30 02:00:00.000,2019,7,30,2,14006KT,13,08
2019-07-30 03:00:00.000,2019,7,30,3,34003KT,10,08
2019-07-30 04:00:00.000,2019,7,30,4,01004KT,10,09
2019-07-30 05:00:00.000,2019,7,30,5,VRB02KT,09,08
2019-07-30 06:00:00.000,2019,7,30,6,05005KT,09,08
2019-07-30 07:00:00.000,2019,7,30,7,07004KT,11,09
2019-07-30 08:00:00.000,2019,7,30,8,06006KT,11,09
2019-07-30 09:00:00.000,2019,7,30,9,VRB02KT,10,09
2019-07-30 10:00:00.000,2019,7,30,10,08004KT,10,09
2019-07-30 11:00:00.000,2019,7,30,11,04004KT,10,08
2019-07-30 12:00:00.000,2019,7,30,12,36005KT,11,09
2019-07-30 13:00:00.000,2019,7,30,13,12004KT,15,08
2019-07-30 14:00:00.000,2019,7,30,14,04005KT,15,09
2019-07-30 15:00:00.000,2019,7,30,15,14005KT,16,09
2019-07-30 16:00:00.000,2019,7,30,16,13010KT,17,08
2019-07-30 17:00:00.000,2019,7,30,17,13011KT,18,07
2019-07-30 18:00:00.000,2019,7,30,18,09010KT,19,08
2019-07-30 19:00:00.000,2019,7,30,19,12009KT,19,08
2019-07-30 20:00:00.000,2019,7,30,20,11011KT,18,07
2019-07-30 21:00:00.000,2019,7,30,21,14008KT,18,06
2019-07-30 22:00:00.000,2019,7,30,22,11008KT,17,06
2019-07-30 23:00:00.000,2019,7,30,23,14008KT,16,06
2019-07-31 00:00:00.000,2019,7,31,0,11006KT,15,06
2019-07-31 01:00:00.000,2019,7,31,1,11005KT,15,07
2019-07-31 02:00:00.000,2019,7,31,2,12004KT,14,07
2019-07-31 03:00:00.000,2019,7,31,3,19005KT,14,06
2019-07-31 04:00:00.000,2019,7,31,4,VRB02KT,12,07
2019-07-31 05:00:00.000,2019,7,31,5,04004KT,11,06
2019-07-31 06:00:00.000,2019,7,31,6,27004KT,12,08
2019-07-31 07:00:00.000,2019,7,31,7,VRB02KT,10,08
2019-07-31 08:00:00.000,2019,7,31,8,VRB02KT,10,08
2019-07-31 09:00:00.000,2019,7,31,9,VRB02KT,10,08
2019-07-31 10:00:00.000,2019,7,31,10,VRB02KT,10,08
2019-07-31 11:00:00.000,2019,7,31,11,VRB02KT,10,09
2019-07-31 12:00:00.000,2019,7,31,12,VRB02KT,12,09
2019-07-31 13:00:00.000,2019,7,31,13,18005KT,14,09
2019-07-31 14:00:00.000,2019,7,31,14,16007KT,15,08
2019-07-31 15:00:00.000,2019,7,31,15,12009KT,17,07
2019-07-31 16:00:00.000,2019,7,31,16,14013KT,19,07
2019-07-31 17:00:00.000,2019,7,31,17,16012KT,19,07
2019-07-31 18:00:00.000,2019,7,31,18,15013KT,20,08
2019-07-31 19:00:00.000,2019,7,31,19,14012KT,18,08
2019-07-31 20:00:00.000,2019,7,31,20,14010KT,19,08
2019-07-31 21:00:00.000,2019,7,31,21,11010KT,18,08
2019-07-31 22:00:00.000,2019,7,31,22,11010KT,17,08
2019-07-31 23:00:00.000,2019,7,31,23,09006KT,16,07
2019-08-01 00:00:00.000,2019,8,1,0,15006KT,15,07
2019-08-01 01:00:00.000,2019,8,1,1,08005KT,14,08
2019-08-01 02:00:00.000,2019,8,1,2,07006KT,14,08
2019-08-01 03:00:00.000,2019,8,1,3,VRB05KT,14,08
2019-08-01 04:00:00.000,2019,8,1,4,06005KT,13,09
2019-08-01 05:00:00.000,2019,8,1,5,04006KT,12,10
2019-08-01 06:00:00.000,2019,8,1,6,01005KT,11,10
2019-08-01 07:00:00.000,2019,8,1,7,VRB02KT,11,10
2019-08-01 08:00:00.000,2019,8,1,8,VRB02KT,11,10
2019-08-01 09:00:00.000,2019,8,1,9,VRB02KT,10,09
2019-08-01 10:00:00.000,2019,8,1,10,05005KT,09,08
2019-08-01 11:00:00.000,2019,8,1,11,06004KT,09,08
2019-08-01 12:00:00.000,2019,8,1,12,VRB02KT,11,10
2019-08-01 13:00:00.000,2019,8,1,13,03007KT,14,10
2019-08-01 14:00:00.000,2019,8,1,14,04008KT,15,09
2019-08-01 15:00:00.000,2019,8,1,15,02007KT,16,09
2019-08-01 16:00:00.000,2019,8,1,16,10005KT,18,08
2019-08-01 17:00:00.000,2019,8,1,17,14006KT,19,08
2019-08-01 18:00:00.000,2019,8,1,18,17010KT,19,07
2019-08-01 19:00:00.000,2019,8,1,19,17008KT,19,07
2019-08-01 20:00:00.000,2019,8,1,20,16008KT,19,07
2019-08-01 21:00:00.000,2019,8,1,21,32008KT,18,11
2019-08-01 22:00:00.000,2019,8,1,22,32004KT,19,09
2019-08-01 23:00:00.000,2019,8,1,23,28005KT,17,10
2019-08-02 00:00:00.000,2019,8,2,0,26005KT,15,11
2019-08-02 01:00:00.000,2019,8,2,1,32005KT,13,10
2019-08-02 02:00:00.000,2019,8,2,2,VRB02KT,13,11
2019-08-02 03:00:00.000,2019,8,2,3,35003KT,13,11
2019-08-02 04:00:00.000,2019,8,2,4,VRB02KT,13,11
2019-08-02 05:00:00.000,2019,8,2,5,VRB02KT,13,11
2019-08-02 06:00:00.000,2019,8,2,6,02003KT,12,10
2019-08-02 07:00:00.000,2019,8,2,7,05003KT,13,10
2019-08-02 08:00:00.000,2019,8,2,8,36003KT,12,10
2019-08-02 09:00:00.000,2019,8,2,9,02003KT,12,10
2019-08-02 10:00:00.000,2019,8,2,10,VRB02KT,12,10
2019-08-02 11:00:00.000,2019,8,2,11,VRB02KT,11,09
2019-08-02 12:00:00.000,2019,8,2,12,03004KT,13,10
2019-08-02 13:00:00.000,2019,8,2,13,VRB02KT,16,11
2019-08-02 14:00:00.000,2019,8,2,14,VRB05KT,16,11
2019-08-02 15:00:00.000,2019,8,2,15,VRB05KT,17,09
2019-08-02 16:00:00.000,2019,8,2,16,05005KT,18,09
2019-08-02 17:00:00.000,2019,8,2,17,04008KT,18,10
2019-08-02 18:00:00.000,2019,8,2,18,04009KT,17,11
2019-08-02 19:00:00.000,2019,8,2,19,20004KT,16,11
2019-08-02 20:00:00.000,2019,8,2,20,11008KT,19,10
2019-08-02 21:00:00.000,2019,8,2,21,29007KT,16,13
2019-08-02 22:00:00.000,2019,8,2,22,29009KT,14,13
2019-08-02 23:00:00.000,2019,8,2,23,32004KT,14,12
2019-08-03 00:00:00.000,2019,8,3,0,VRB02KT,13,12
2019-08-03 01:00:00.000,2019,8,3,1,30004KT,12,11
2019-08-03 02:00:00.000,2019,8,3,2,01004KT,11,10
2019-08-03 03:00:00.000,2019,8,3,3,11004KT,12,11
2019-08-03 04:00:00.000,2019,8,3,4,34004KT,13,10
2019-08-03 05:00:00.000,2019,8,3,5,31004KT,12,10
2019-08-03 06:00:00.000,2019,8,3,6,VRB02KT,11,09
2019-08-03 07:00:00.000,2019,8,3,7,00000KT,11,10
2019-08-03 08:00:00.000,2019,8,3,8,VRB02KT,11,10
2019-08-03 09:00:00.000,2019,8,3,9,32004KT,11,10
2019-08-03 10:00:00.000,2019,8,3,10,VRB02KT,10,09
2019-08-03 11:00:00.000,2019,8,3,11,03004KT,10,09
2019-08-03 12:00:00.000,2019,8,3,12,01004KT,13,11
2019-08-03 13:00:00.000,2019,8,3,13,04005KT,14,11
2019-08-03 14:00:00.000,2019,8,3,14,19005KT,14,11
2019-08-03 15:00:00.000,2019,8,3,15,21005KT,17,11
2019-08-03 16:00:00.000,2019,8,3,16,13008KT,17,10
2019-08-03 17:00:00.000,2019,8,3,17,17016KT,18,09
2019-08-03 18:00:00.000,2019,8,3,18,16015KT,17,09
2019-08-03 19:00:00.000,2019,8,3,19,15016KT,16,09
2019-08-03 20:00:00.000,2019,8,3,20,14017KT,15,09
2019-08-03 21:00:00.000,2019,8,3,21,15015KT,15,08
2019-08-03 22:00:00.000,2019,8,3,22,14011KT,15,08
2019-08-03 23:00:00.000,2019,8,3,23,14013KT,14,08
2019-08-04 00:00:00.000,2019,8,4,0,15009KT,13,07
2019-08-04 01:00:00.000,2019,8,4,1,13006KT,14,07
2019-08-04 02:00:00.000,2019,8,4,2,13008KT,14,07
2019-08-04 03:00:00.000,2019,8,4,3,14009KT,13,07
2019-08-04 04:00:00.000,2019,8,4,4,13004KT,13,08
2019-08-04 05:00:00.000,2019,8,4,5,VRB02KT,13,08
2019-08-04 06:00:00.000,2019,8,4,6,03006KT,11,09
2019-08-04 07:00:00.000,2019,8,4,7,04006KT,11,08
2019-08-04 08:00:00.000,2019,8,4,8,05007KT,12,09
2019-08-04 09:00:00.000,2019,8,4,9,03004KT,11,09
2019-08-04 10:00:00.000,2019,8,4,10,01003KT,10,08
2019-08-04 11:00:00.000,2019,8,4,11,36003KT,10,08
2019-08-04 12:00:00.000,2019,8,4,12,32003KT,11,09
2019-08-04 13:00:00.000,2019,8,4,13,05003KT,13,10
2019-08-04 14:00:00.000,2019,8,4,14,17008KT,14,10
2019-08-04 15:00:00.000,2019,8,4,15,17014KT,16,10
2019-08-04 16:00:00.000,2019,8,4,16,16010KT,17,10
2019-08-04 17:00:00.000,2019,8,4,17,18014KT,18,11
2019-08-04 18:00:00.000,2019,8,4,18,13014KT,16,09
2019-08-04 19:00:00.000,2019,8,4,19,16015KT,18,08
2019-08-04 20:00:00.000,2019,8,4,20,15012KT,19,08
2019-08-04 21:00:00.000,2019,8,4,21,14013KT,17,08
2019-08-04 22:00:00.000,2019,8,4,22,14010KT,16,08
2019-08-04 23:00:00.000,2019,8,4,23,16010KT,16,08
2019-08-05 00:00:00.000,2019,8,5,0,17010KT,15,09
2019-08-05 01:00:00.000,2019,8,5,1,16010KT,14,07
2019-08-05 02:00:00.000,2019,8,5,2,14012KT,14,09
2019-08-05 03:00:00.000,2019,8,5,3,13004KT,13,09
2019-08-05 04:00:00.000,2019,8,5,4,13005KT,13,09
2019-08-05 05:00:00.000,2019,8,5,5,01003KT,12,10
2019-08-05 06:00:00.000,2019,8,5,6,01003KT,12,10
2019-08-05 07:00:00.000,2019,8,5,7,13005KT,12,08
2019-08-05 08:00:00.000,2019,8,5,8,16006KT,13,08
2019-08-05 09:00:00.000,2019,8,5,9,14005KT,13,08
2019-08-05 10:00:00.000,2019,8,5,10,29004KT,12,09
2019-08-05 11:00:00.000,2019,8,5,11,VRB02KT,11,10
2019-08-05 12:00:00.000,2019,8,5,12,VRB02KT,12,10
2019-08-05 13:00:00.000,2019,8,5,13,13011KT,13,08
2019-08-05 14:00:00.000,2019,8,5,14,12011KT,15,09
2019-08-05 15:00:00.000,2019,8,5,15,15012KT,17,08
2019-08-05 16:00:00.000,2019,8,5,16,15020KT,17,08
2019-08-05 17:00:00.000,2019,8,5,17,14017KT,17,07
2019-08-05 18:00:00.000,2019,8,5,18,14016KT,17,09
2019-08-05 19:00:00.000,2019,8,5,19,15017KT,17,09
2019-08-05 20:00:00.000,2019,8,5,20,14013KT,17,09
2019-08-05 21:00:00.000,2019,8,5,21,15017KT,17,08
2019-08-05 22:00:00.000,2019,8,5,22,17014KT,16,08
2019-08-05 23:00:00.000,2019,8,5,23,14011KT,15,07
2019-08-06 00:00:00.000,2019,8,6,0,09005KT,13,08
2019-08-06 01:00:00.000,2019,8,6,1,09007KT,13,08
2019-08-06 02:00:00.000,2019,8,6,2,12005KT,13,08
2019-08-06 03:00:00.000,2019,8,6,3,10005KT,13,08
2019-08-06 04:00:00.000,2019,8,6,4,10006KT,13,08
2019-08-06 05:00:00.000,2019,8,6,5,15006KT,13,08
2019-08-06 06:00:00.000,2019,8,6,6,10004KT,12,08
2019-08-06 07:00:00.000,2019,8,6,7,13005KT,12,08
2019-08-06 08:00:00.000,2019,8,6,8,VRB02KT,12,08
2019-08-06 09:00:00.000,2019,8,6,9,13005KT,13,08
2019-08-06 10:00:00.000,2019,8,6,10,10006KT,13,08
2019-08-06 11:00:00.000,2019,8,6,11,13008KT,13,08
2019-08-06 12:00:00.000,2019,8,6,12,15010KT,14,08
2019-08-06 13:00:00.000,2019,8,6,13,12013KT,15,08
2019-08-06 14:00:00.000,2019,8,6,14,12012KT,14,08
2019-08-06 15:00:00.000,2019,8,6,15,15012KT,16,08
2019-08-06 16:00:00.000,2019,8,6,16,15013KT,18,08
2019-08-06 17:00:00.000,2019,8,6,17,15014KT,18,07
2019-08-06 18:00:00.000,2019,8,6,18,14016KT,18,07
2019-08-06 19:00:00.000,2019,8,6,19,16014KT,18,07
2019-08-06 20:00:00.000,2019,8,6,20,16011KT,18,06
2019-08-06 21:00:00.000,2019,8,6,21,16004KT,17,06
2019-08-06 22:00:00.000,2019,8,6,22,15008KT,17,07
2019-08-06 23:00:00.000,2019,8,6,23,14012KT,15,06
2019-08-07 00:00:00.000,2019,8,7,0,14011KT,14,07
2019-08-07 01:00:00.000,2019,8,7,1,16011KT,14,07
2019-08-07 02:00:00.000,2019,8,7,2,17010KT,14,08
2019-08-07 03:00:00.000,2019,8,7,3,16008KT,13,07
2019-08-07 04:00:00.000,2019,8,7,4,13005KT,12,07
2019-08-07 05:00:00.000,2019,8,7,5,13003KT,12,08
2019-08-07 06:00:00.000,2019,8,7,6,08003KT,12,07
2019-08-07 07:00:00.000,2019,8,7,7,08003KT,12,08
2019-08-07 08:00:00.000,2019,8,7,8,07003KT,11,09
2019-08-07 09:00:00.000,2019,8,7,9,06005KT,11,08
2019-08-07 10:00:00.000,2019,8,7,10,06005KT,11,08
2019-08-07 11:00:00.000,2019,8,7,11,VRB02KT,11,08
2019-08-07 12:00:00.000,2019,8,7,12,04005KT,12,09
2019-08-07 13:00:00.000,2019,8,7,13,10010KT,15,08
2019-08-07 14:00:00.000,2019,8,7,14,14010KT,18,09
2019-08-07 15:00:00.000,2019,8,7,15,15013KT,18,08
2019-08-07 16:00:00.000,2019,8,7,16,15013KT,18,08
2019-08-07 17:00:00.000,2019,8,7,17,15014KT,18,07
2019-08-07 18:00:00.000,2019,8,7,18,15015KT,19,07
2019-08-07 19:00:00.000,2019,8,7,19,14016KT,19,07
2019-08-07 20:00:00.000,2019,8,7,20,13011KT,19,06
2019-08-07 21:00:00.000,2019,8,7,21,11010KT,17,07
2019-08-07 22:00:00.000,2019,8,7,22,15013KT,16,07
2019-08-07 23:00:00.000,2019,8,7,23,16013KT,16,07
2019-08-08 00:00:00.000,2019,8,8,0,15011KT,15,07
2019-08-08 01:00:00.000,2019,8,8,1,13008KT,13,06
2019-08-08 02:00:00.000,2019,8,8,2,08004KT,14,07
2019-08-08 03:00:00.000,2019,8,8,3,VRB02KT,14,07
2019-08-08 04:00:00.000,2019,8,8,4,34003KT,13,08
2019-08-08 05:00:00.000,2019,8,8,5,03004KT,12,09
2019-08-08 06:00:00.000,2019,8,8,6,02003KT,12,09
2019-08-08 07:00:00.000,2019,8,8,7,VRB02KT,12,09
2019-08-08 08:00:00.000,2019,8,8,8,VRB02KT,11,09
2019-08-08 09:00:00.000,2019,8,8,9,VRB02KT,11,09
2019-08-08 10:00:00.000,2019,8,8,10,VRB02KT,15,09
2019-08-08 11:00:00.000,2019,8,8,11,03004KT,11,09
2019-08-08 12:00:00.000,2019,8,8,12,05003KT,12,10
2019-08-08 13:00:00.000,2019,8,8,13,01004KT,14,10
2019-08-08 14:00:00.000,2019,8,8,14,04005KT,14,11
2019-08-08 15:00:00.000,2019,8,8,15,12009KT,16,07
2019-08-08 16:00:00.000,2019,8,8,16,20014KT,16,11
2019-08-08 17:00:00.000,2019,8,8,17,16008KT,16,12
2019-08-08 18:00:00.000,2019,8,8,18,VRB08KT,18,09
2019-08-08 19:00:00.000,2019,8,8,19,13008KT,19,09
2019-08-08 20:00:00.000,2019,8,8,20,13011KT,18,08
2019-08-08 21:00:00.000,2019,8,8,21,16010KT,18,07
2019-08-08 22:00:00.000,2019,8,8,22,16011KT,15,09
2019-08-08 23:00:00.000,2019,8,8,23,14005KT,14,09
2019-08-09 00:00:00.000,2019,8,9,0,VRB02KT,13,09
2019-08-09 01:00:00.000,2019,8,9,1,10005KT,12,09
2019-08-09 02:00:00.000,2019,8,9,2,08004KT,13,08
2019-08-09 03:00:00.000,2019,8,9,3,07005KT,12,08
2019-08-09 04:00:00.000,2019,8,9,4,VRB04KT,12,08
2019-08-09 05:00:00.000,2019,8,9,5,10003KT,12,08
2019-08-09 06:00:00.000,2019,8,9,6,02003KT,10,07
2019-08-09 07:00:00.000,2019,8,9,7,07005KT,11,08
2019-08-09 08:00:00.000,2019,8,9,8,04007KT,11,08
2019-08-09 09:00:00.000,2019,8,9,9,08004KT,12,08
2019-08-09 10:00:00.000,2019,8,9,10,11006KT,12,08
2019-08-09 11:00:00.000,2019,8,9,11,08004KT,12,08
2019-08-09 12:00:00.000,2019,8,9,12,33003KT,11,08
2019-08-09 13:00:00.000,2019,8,9,13,16004KT,14,08
2019-08-09 14:00:00.000,2019,8,9,14,15009KT,16,08
2019-08-09 15:00:00.000,2019,8,9,15,12009KT,16,07
2019-08-09 16:00:00.000,2019,8,9,16,15011KT,17,06
2019-08-09 17:00:00.000,2019,8,9,17,13008KT,18,06
2019-08-09 18:00:00.000,2019,8,9,18,14014KT,19,06
2019-08-09 19:00:00.000,2019,8,9,19,15012KT,18,06
2019-08-09 20:00:00.000,2019,8,9,20,16010KT,18,06
2019-08-09 21:00:00.000,2019,8,9,21,14012KT,18,06
2019-08-09 22:00:00.000,2019,8,9,22,12008KT,19,06
2019-08-09 23:00:00.000,2019,8,9,23,14010KT,16,06
2019-08-10 00:00:00.000,2019,8,10,0,13008KT,13,06
2019-08-10 01:00:00.000,2019,8,10,1,12004KT,14,07
2019-08-10 02:00:00.000,2019,8,10,2,04004KT,13,08
2019-08-10 03:00:00.000,2019,8,10,3,01003KT,13,09
2019-08-10 04:00:00.000,2019,8,10,4,03007KT,12,08
2019-08-10 05:00:00.000,2019,8,10,5,04008KT,11,08
2019-08-10 06:00:00.000,2019,8,10,6,33003KT,10,07
2019-08-10 07:00:00.000,2019,8,10,7,03004KT,10,08
2019-08-10 08:00:00.000,2019,8,10,8,02004KT,10,08
2019-08-10 09:00:00.000,2019,8,10,9,VRB02KT,09,07
2019-08-10 10:00:00.000,2019,8,10,10,VRB02KT,08,07
2019-08-10 11:00:00.000,2019,8,10,11,VRB02KT,09,08
2019-08-10 12:00:00.000,2019,8,10,12,36003KT,11,09
2019-08-10 13:00:00.000,2019,8,10,13,04005KT,12,09
2019-08-10 14:00:00.000,2019,8,10,14,06007KT,14,09
2019-08-10 15:00:00.000,2019,8,10,15,17009KT,17,09
2019-08-10 16:00:00.000,2019,8,10,16,14009KT,18,08
2019-08-10 17:00:00.000,2019,8,10,17,12011KT,20,08
2019-08-10 18:00:00.000,2019,8,10,18,11006KT,18,10
2019-08-10 19:00:00.000,2019,8,10,19,12009KT,17,07
2019-08-10 20:00:00.000,2019,8,10,20,13008KT,19,07
2019-08-10 21:00:00.000,2019,8,10,21,16004KT,18,07
2019-08-10 22:00:00.000,2019,8,10,22,10009KT,17,08
2019-08-10 23:00:00.000,2019,8,10,23,12008KT,15,08
2019-08-11 00:00:00.000,2019,8,11,0,11005KT,15,08
2019-08-11 01:00:00.000,2019,8,11,1,12006KT,15,08
2019-08-11 02:00:00.000,2019,8,11,2,12007KT,14,07
2019-08-11 03:00:00.000,2019,8,11,3,10006KT,14,08
2019-08-11 04:00:00.000,2019,8,11,4,08004KT,14,08
2019-08-11 05:00:00.000,2019,8,11,5,10004KT,13,08
2019-08-11 06:00:00.000,2019,8,11,6,12005KT,12,08
2019-08-11 07:00:00.000,2019,8,11,7,00000KT,11,08
2019-08-11 08:00:00.000,2019,8,11,8,VRB02KT,12,08
2019-08-11 09:00:00.000,2019,8,11,9,02004KT,09,08
2019-08-11 10:00:00.000,2019,8,11,10,VRB02KT,10,08
2019-08-11 11:00:00.000,2019,8,11,11,VRB02KT,09,08
2019-08-11 12:00:00.000,2019,8,11,12,01004KT,12,09
2019-08-11 13:00:00.000,2019,8,11,13,02003KT,14,10
2019-08-11 14:00:00.000,2019,8,11,14,24004KT,15,09
2019-08-11 15:00:00.000,2019,8,11,15,16006KT,16,10
2019-08-11 16:00:00.000,2019,8,11,16,14011KT,18,10
2019-08-11 17:00:00.000,2019,8,11,17,18012KT,18,10
2019-08-11 18:00:00.000,2019,8,11,18,16015KT,19,09
2019-08-11 19:00:00.000,2019,8,11,19,16013KT,18,09
2019-08-11 20:00:00.000,2019,8,11,20,18010KT,19,09
2019-08-11 21:00:00.000,2019,8,11,21,17010KT,17,09
2019-08-11 22:00:00.000,2019,8,11,22,18015KT,17,08
2019-08-11 23:00:00.000,2019,8,11,23,16013KT,16,07
2019-08-12 00:00:00.000,2019,8,12,0,14009KT,13,07
2019-08-12 01:00:00.000,2019,8,12,1,11004KT,15,08
2019-08-12 02:00:00.000,2019,8,12,2,09004KT,14,08
2019-08-12 03:00:00.000,2019,8,12,3,09003KT,13,08
2019-08-12 04:00:00.000,2019,8,12,4,00000KT,13,09
2019-08-12 05:00:00.000,2019,8,12,5,05003KT,11,08
2019-08-12 06:00:00.000,2019,8,12,6,VRB02KT,11,08
2019-08-12 07:00:00.000,2019,8,12,7,VRB02KT,10,08
2019-08-12 08:00:00.000,2019,8,12,8,VRB02KT,11,09
2019-08-12 09:00:00.000,2019,8,12,9,VRB02KT,12,09
2019-08-12 10:00:00.000,2019,8,12,10,VRB02KT,12,09
2019-08-12 11:00:00.000,2019,8,12,11,VRB02KT,12,09
2019-08-12 12:00:00.000,2019,8,12,12,04004KT,13,09
2019-08-12 13:00:00.000,2019,8,12,13,03003KT,14,10
2019-08-12 14:00:00.000,2019,8,12,14,VRB02KT,16,10
2019-08-12 15:00:00.000,2019,8,12,15,15015KT,18,09
2019-08-12 16:00:00.000,2019,8,12,16,16013KT,18,07
2019-08-12 17:00:00.000,2019,8,12,17,16010KT,19,07
2019-08-12 18:00:00.000,2019,8,12,18,16011KT,19,08
2019-08-12 19:00:00.000,2019,8,12,19,15013KT,19,07
2019-08-12 20:00:00.000,2019,8,12,20,14008KT,19,08
2019-08-12 21:00:00.000,2019,8,12,21,10007KT,19,08
2019-08-12 22:00:00.000,2019,8,12,22,13008KT,18,07
2019-08-12 23:00:00.000,2019,8,12,23,10008KT,17,08
2019-08-13 00:00:00.000,2019,8,13,0,12005KT,16,08
2019-08-13 01:00:00.000,2019,8,13,1,13004KT,16,08
2019-08-13 02:00:00.000,2019,8,13,2,36004KT,13,10
2019-08-13 03:00:00.000,2019,8,13,3,VRB02KT,13,11
2019-08-13 04:00:00.000,2019,8,13,4,06004KT,12,11
2019-08-13 05:00:00.000,2019,8,13,5,VRB02KT,12,11
2019-08-13 06:00:00.000,2019,8,13,6,02005KT,12,11
2019-08-13 07:00:00.000,2019,8,13,7,01004KT,12,11
2019-08-13 08:00:00.000,2019,8,13,8,03004KT,12,10
2019-08-13 09:00:00.000,2019,8,13,9,03004KT,12,11
2019-08-13 10:00:00.000,2019,8,13,10,VRB02KT,11,10
2019-08-13 11:00:00.000,2019,8,13,11,VRB02KT,11,10
2019-08-13 12:00:00.000,2019,8,13,12,02005KT,12,10
2019-08-13 13:00:00.000,2019,8,13,13,04005KT,14,12
2019-08-13 14:00:00.000,2019,8,13,14,05004KT,15,12
2019-08-13 15:00:00.000,2019,8,13,15,VRB04KT,16,12
2019-08-13 16:00:00.000,2019,8,13,16,12010KT,18,10
2019-08-13 17:00:00.000,2019,8,13,17,13010KT,18,10
2019-08-13 18:00:00.000,2019,8,13,18,19008KT,18,10
2019-08-13 19:00:00.000,2019,8,13,19,19010KT,17,11
2019-08-13 20:00:00.000,2019,8,13,20,15008KT,19,10
2019-08-13 21:00:00.000,2019,8,13,21,14010KT,18,09
2019-08-13 22:00:00.000,2019,8,13,22,13006KT,16,09
2019-08-13 23:00:00.000,2019,8,13,23,16013KT,16,08
2019-08-14 00:00:00.000,2019,8,14,0,17009KT,15,09
2019-08-14 01:00:00.000,2019,8,14,1,VRB02KT,14,09
2019-08-14 02:00:00.000,2019,8,14,2,12003KT,14,09
2019-08-14 03:00:00.000,2019,8,14,3,VRB02KT,13,10
2019-08-14 04:00:00.000,2019,8,14,4,VRB02KT,13,10
2019-08-14 05:00:00.000,2019,8,14,5,33003KT,12,10
2019-08-14 06:00:00.000,2019,8,14,6,VRB02KT,12,10
2019-08-14 07:00:00.000,2019,8,14,7,00000KT,12,10
2019-08-14 08:00:00.000,2019,8,14,8,17003KT,12,10
2019-08-14 09:00:00.000,2019,8,14,9,15006KT,12,09
2019-08-14 10:00:00.000,2019,8,14,10,16006KT,12,09
2019-08-14 11:00:00.000,2019,8,14,11,15007KT,13,09
2019-08-14 12:00:00.000,2019,8,14,12,13004KT,14,10
2019-08-14 13:00:00.000,2019,8,14,13,18008KT,15,10
2019-08-14 14:00:00.000,2019,8,14,14,16012KT,16,02
2019-08-14 15:00:00.000,2019,8,14,15,15015KT,15,04
2019-08-14 16:00:00.000,2019,8,14,16,16016KT,17,10
2019-08-14 17:00:00.000,2019,8,14,17,15016KT,17,08
2019-08-14 18:00:00.000,2019,8,14,18,14014KT,16,08
2019-08-14 19:00:00.000,2019,8,14,19,15011KT,15,07
2019-08-14 20:00:00.000,2019,8,14,20,14014KT,16,07
2019-08-14 21:00:00.000,2019,8,14,21,13010KT,15,07
2019-08-14 22:00:00.000,2019,8,14,22,13019KT,14,07
2019-08-14 23:00:00.000,2019,8,14,23,14014KT,13,06
2019-08-15 00:00:00.000,2019,8,15,0,15011KT,12,05
2019-08-15 01:00:00.000,2019,8,15,1,12005KT,12,05
2019-08-15 02:00:00.000,2019,8,15,2,13004KT,12,05
2019-08-15 03:00:00.000,2019,8,15,3,02003KT,11,06
2019-08-15 04:00:00.000,2019,8,15,4,15013KT,13,03
2019-08-15 05:00:00.000,2019,8,15,5,18011KT,12,04
2019-08-15 06:00:00.000,2019,8,15,6,15011KT,11,06
2019-08-15 07:00:00.000,2019,8,15,7,05005KT,10,09
2019-08-15 08:00:00.000,2019,8,15,8,04005KT,10,07
2019-08-15 10:00:00.000,2019,8,15,10,17005KT,11,04
2019-08-15 11:00:00.000,2019,8,15,11,16012KT,11,02
2019-08-15 12:00:00.000,2019,8,15,12,VRB02KT,13,03
2019-08-15 13:00:00.000,2019,8,15,13,18010KT,14,02
2019-08-15 14:00:00.000,2019,8,15,14,16012KT,16,02
2019-08-15 16:00:00.000,2019,8,15,16,16013KT,15,05
2019-08-15 17:00:00.000,2019,8,15,17,16010KT,15,04
2019-08-15 18:00:00.000,2019,8,15,18,18012KT,16,05
2019-08-15 19:00:00.000,2019,8,15,19,16016KT,16,06
2019-08-15 20:00:00.000,2019,8,15,20,12005KT,16,06
2019-08-15 21:00:00.000,2019,8,15,21,13005KT,16,06
2019-08-15 22:00:00.000,2019,8,15,22,08004KT,15,06
2019-08-15 23:00:00.000,2019,8,15,23,04003KT,14,06
2019-08-16 00:00:00.000,2019,8,16,0,05007KT,13,08
2019-08-16 01:00:00.000,2019,8,16,1,06005KT,12,08
2019-08-16 02:00:00.000,2019,8,16,2,04004KT,12,08
2019-08-16 03:00:00.000,2019,8,16,3,05005KT,11,08
2019-08-16 04:00:00.000,2019,8,16,4,04004KT,10,08
2019-08-16 05:00:00.000,2019,8,16,5,04006KT,11,08
2019-08-16 06:00:00.000,2019,8,16,6,33003KT,10,08
2019-08-16 07:00:00.000,2019,8,16,7,02003KT,10,08
2019-08-16 08:00:00.000,2019,8,16,8,24004KT,10,08
2019-08-16 09:00:00.000,2019,8,16,9,VRB02KT,10,08
2019-08-16 10:00:00.000,2019,8,16,10,32004KT,08,07
2019-08-16 11:00:00.000,2019,8,16,11,VRB02KT,09,08
2019-08-16 12:00:00.000,2019,8,16,12,VRB02KT,10,08
2019-08-16 13:00:00.000,2019,8,16,13,36004KT,11,09
2019-08-16 14:00:00.000,2019,8,16,14,VRB02KT,13,09
2019-08-16 15:00:00.000,2019,8,16,15,VRB02KT,16,08
2019-08-16 16:00:00.000,2019,8,16,16,VRB02KT,15,09
2019-08-16 17:00:00.000,2019,8,16,17,35004KT,14,10
2019-08-16 18:00:00.000,2019,8,16,18,20006KT,15,10
2019-08-16 19:00:00.000,2019,8,16,19,20007KT,15,10
2019-08-16 20:00:00.000,2019,8,16,20,25008KT,13,11
2019-08-16 21:00:00.000,2019,8,16,21,27004KT,12,10
2019-08-16 22:00:00.000,2019,8,16,22,30005KT,11,10
2019-08-16 23:00:00.000,2019,8,16,23,27005KT,11,10
2019-08-17 00:00:00.000,2019,8,17,0,35004KT,11,09
2019-08-17 01:00:00.000,2019,8,17,1,VRB02KT,11,10
2019-08-17 02:00:00.000,2019,8,17,2,VRB02KT,10,09
2019-08-17 03:00:00.000,2019,8,17,3,VRB02KT,10,09
2019-08-17 04:00:00.000,2019,8,17,4,05003KT,10,09
2019-08-17 05:00:00.000,2019,8,17,5,VRB02KT,10,09
2019-08-17 06:00:00.000,2019,8,17,6,VRB02KT,10,09
2019-08-17 07:00:00.000,2019,8,17,7,VRB02KT,10,09
2019-08-17 08:00:00.000,2019,8,17,8,VRB02KT,10,09
2019-08-17 09:00:00.000,2019,8,17,9,VRB02KT,11,10
2019-08-17 10:00:00.000,2019,8,17,10,VRB02KT,10,09
2019-08-17 11:00:00.000,2019,8,17,11,VRB02KT,10,09
2019-08-17 12:00:00.000,2019,8,17,12,VRB02KT,10,09
2019-08-17 13:00:00.000,2019,8,17,13,01003KT,12,10
2019-08-17 14:00:00.000,2019,8,17,14,VRB02KT,14,09
2019-08-17 15:00:00.000,2019,8,17,15,29004KT,15,06
2019-08-17 16:00:00.000,2019,8,17,16,20006KT,15,08
2019-08-17 17:00:00.000,2019,8,17,17,25006KT,15,07
2019-08-17 18:00:00.000,2019,8,17,18,23007KT,15,09
2019-08-17 19:00:00.000,2019,8,17,19,17004KT,15,09
2019-08-17 20:00:00.000,2019,8,17,20,22005KT,15,10
2019-08-17 21:00:00.000,2019,8,17,21,27003KT,15,10
2019-08-17 22:00:00.000,2019,8,17,22,VRB02KT,15,10
2019-08-17 23:00:00.000,2019,8,17,23,06003KT,13,11
2019-08-18 00:00:00.000,2019,8,18,0,33003KT,13,11
2019-08-18 01:00:00.000,2019,8,18,1,33003KT,13,11
2019-08-18 02:00:00.000,2019,8,18,2,VRB02KT,13,11
2019-08-18 03:00:00.000,2019,8,18,3,VRB02KT,12,10
2019-08-18 04:00:00.000,2019,8,18,4,VRB02KT,11,10
2019-08-18 05:00:00.000,2019,8,18,5,03004KT,12,10
2019-08-18 06:00:00.000,2019,8,18,6,VRB02KT,11,10
2019-08-18 07:00:00.000,2019,8,18,7,VRB02KT,11,10
2019-08-18 08:00:00.000,2019,8,18,8,00000KT,11,10
2019-08-18 09:00:00.000,2019,8,18,9,03003KT,11,10
2019-08-18 10:00:00.000,2019,8,18,10,VRB02KT,10,09
2019-08-18 11:00:00.000,2019,8,18,11,VRB02KT,11,10
2019-08-18 12:00:00.000,2019,8,18,12,04004KT,11,10
2019-08-18 13:00:00.000,2019,8,18,13,04005KT,13,11
2019-08-18 14:00:00.000,2019,8,18,14,36004KT,16,09
2019-08-18 15:00:00.000,2019,8,18,15,10005KT,18,09
2019-08-18 16:00:00.000,2019,8,18,16,16006KT,19,08
2019-08-18 17:00:00.000,2019,8,18,17,17005KT,19,07
2019-08-18 18:00:00.000,2019,8,18,18,14010KT,19,06
2019-08-18 19:00:00.000,2019,8,18,19,04009KT,17,10
2019-08-18 20:00:00.000,2019,8,18,20,10007KT,19,09
2019-08-18 21:00:00.000,2019,8,18,21,13007KT,19,07
2019-08-18 22:00:00.000,2019,8,18,22,09007KT,18,08
2019-08-18 23:00:00.000,2019,8,18,23,14007KT,17,07
2019-08-19 00:00:00.000,2019,8,19,0,14008KT,16,07
2019-08-19 01:00:00.000,2019,8,19,1,14008KT,14,07
2019-08-19 02:00:00.000,2019,8,19,2,33004KT,12,07
2019-08-19 04:00:00.000,2019,8,19,4,VRB02KT,11,09
2019-08-19 05:00:00.000,2019,8,19,5,04004KT,12,09
2019-08-19 06:00:00.000,2019,8,19,6,VRB02KT,11,10
2019-08-19 07:00:00.000,2019,8,19,7,VRB02KT,11,08
2019-08-19 08:00:00.000,2019,8,19,8,VRB02KT,11,10
2019-08-19 09:00:00.000,2019,8,19,9,VRB02KT,11,10
2019-08-19 10:00:00.000,2019,8,19,10,VRB02KT,11,10
2019-08-19 11:00:00.000,2019,8,19,11,VRB02KT,11,10
2019-08-19 12:00:00.000,2019,8,19,12,14010KT,10,09
2019-08-19 13:00:00.000,2019,8,19,13,14008KT,10,08
2019-08-19 14:00:00.000,2019,8,19,14,17010KT,11,08
2019-08-19 15:00:00.000,2019,8,19,15,10004KT,13,09
2019-08-19 16:00:00.000,2019,8,19,16,15012KT,15,07
2019-08-19 17:00:00.000,2019,8,19,17,14026KT,15,06
2019-08-19 18:00:00.000,2019,8,19,18,18011KT,16,08
2019-08-19 19:00:00.000,2019,8,19,19,13010KT,16,05
2019-08-19 20:00:00.000,2019,8,19,20,11010KT,15,06
2019-08-19 21:00:00.000,2019,8,19,21,01003KT,15,07
2019-08-19 22:00:00.000,2019,8,19,22,06011KT,15,08
2019-08-19 23:00:00.000,2019,8,19,23,03008KT,14,08
2019-08-20 00:00:00.000,2019,8,20,0,09007KT,13,07
2019-08-20 01:00:00.000,2019,8,20,1,14007KT,13,06
2019-08-20 02:00:00.000,2019,8,20,2,08003KT,12,07
2019-08-20 03:00:00.000,2019,8,20,3,VRB02KT,11,07
2019-08-20 04:00:00.000,2019,8,20,4,VRB02KT,11,07
2019-08-20 05:00:00.000,2019,8,20,5,27004KT,10,07
2019-08-20 06:00:00.000,2019,8,20,6,07005KT,10,07
2019-08-20 07:00:00.000,2019,8,20,7,VRB02KT,08,06
2019-08-20 08:00:00.000,2019,8,20,8,03004KT,07,06
2019-08-20 09:00:00.000,2019,8,20,9,04006KT,07,06
2019-08-20 10:00:00.000,2019,8,20,10,35003KT,08,07
2019-08-20 11:00:00.000,2019,8,20,11,01003KT,09,07
2019-08-20 12:00:00.000,2019,8,20,12,VRB02KT,10,08
2019-08-20 13:00:00.000,2019,8,20,13,05005KT,10,08
2019-08-20 14:00:00.000,2019,8,20,14,06005KT,14,09
2019-08-20 15:00:00.000,2019,8,20,15,16008KT,15,07
2019-08-20 16:00:00.000,2019,8,20,16,13012KT,17,07
2019-08-20 17:00:00.000,2019,8,20,17,14013KT,17,07
2019-08-20 18:00:00.000,2019,8,20,18,13010KT,19,08
2019-08-20 19:00:00.000,2019,8,20,19,14010KT,19,06
2019-08-20 20:00:00.000,2019,8,20,20,13012KT,19,07
2019-08-20 21:00:00.000,2019,8,20,21,13012KT,19,07
2019-08-20 22:00:00.000,2019,8,20,22,15010KT,17,06
2019-08-20 23:00:00.000,2019,8,20,23,14013KT,15,06
2019-08-21 00:00:00.000,2019,8,21,0,14010KT,14,06
2019-08-21 01:00:00.000,2019,8,21,1,14010KT,13,06
2019-08-21 02:00:00.000,2019,8,21,2,12007KT,14,07
2019-08-21 03:00:00.000,2019,8,21,3,09005KT,13,07
2019-08-21 04:00:00.000,2019,8,21,4,06006KT,13,08
2019-08-21 05:00:00.000,2019,8,21,5,05007KT,12,08
2019-08-21 06:00:00.000,2019,8,21,6,05003KT,11,08
2019-08-21 07:00:00.000,2019,8,21,7,01003KT,11,08
2019-08-21 08:00:00.000,2019,8,21,8,08003KT,11,08
2019-08-21 09:00:00.000,2019,8,21,9,13008KT,13,05
2019-08-21 10:00:00.000,2019,8,21,10,12009KT,13,05
2019-08-21 11:00:00.000,2019,8,21,11,09006KT,12,06
2019-08-21 12:00:00.000,2019,8,21,12,10005KT,13,06
2019-08-21 13:00:00.000,2019,8,21,13,10007KT,15,04
2019-08-21 14:00:00.000,2019,8,21,14,12010KT,16,04
2019-08-21 15:00:00.000,2019,8,21,15,13010KT,17,03
2019-08-21 16:00:00.000,2019,8,21,16,13008KT,18,03
2019-08-21 17:00:00.000,2019,8,21,17,13011KT,19,03
2019-08-21 18:00:00.000,2019,8,21,18,14012KT,18,03
2019-08-21 19:00:00.000,2019,8,21,19,16010G21KT,19,04
2019-08-21 20:00:00.000,2019,8,21,20,12009KT,18,03
2019-08-21 21:00:00.000,2019,8,21,21,15007KT,18,03
2019-08-21 22:00:00.000,2019,8,21,22,16007KT,17,03
2019-08-21 23:00:00.000,2019,8,21,23,12006KT,17,03
2019-08-22 00:00:00.000,2019,8,22,0,14009KT,13,03
2019-08-22 01:00:00.000,2019,8,22,1,VRB02KT,12,04
2019-08-22 02:00:00.000,2019,8,22,2,15006KT,11,02
2019-08-22 03:00:00.000,2019,8,22,3,VRB02KT,08,05
2019-08-22 04:00:00.000,2019,8,22,4,VRB02KT,07,05
2019-08-22 05:00:00.000,2019,8,22,5,04003KT,07,06
2019-08-22 06:00:00.000,2019,8,22,6,29003KT,06,05
2019-08-22 07:00:00.000,2019,8,22,7,06005KT,07,06
2019-08-22 08:00:00.000,2019,8,22,8,VRB02KT,07,06
2019-08-22 09:00:00.000,2019,8,22,9,03007KT,07,05
2019-08-22 10:00:00.000,2019,8,22,10,27004KT,06,04
2019-08-22 11:00:00.000,2019,8,22,11,VRB02KT,07,06
2019-08-22 12:00:00.000,2019,8,22,12,03005KT,08,07
2019-08-22 13:00:00.000,2019,8,22,13,03006KT,11,07
2019-08-22 14:00:00.000,2019,8,22,14,05006KT,14,07
2019-08-22 15:00:00.000,2019,8,22,15,10005KT,17,07
2019-08-22 16:00:00.000,2019,8,22,16,17013KT,18,08
2019-08-22 17:00:00.000,2019,8,22,17,17017KT,19,08
2019-08-22 18:00:00.000,2019,8,22,18,17014KT,19,07
2019-08-22 19:00:00.000,2019,8,22,19,17012KT,19,06
2019-08-22 20:00:00.000,2019,8,22,20,16009KT,19,06
2019-08-22 21:00:00.000,2019,8,22,21,14007KT,19,06
2019-08-22 22:00:00.000,2019,8,22,22,10005KT,19,06
2019-08-22 23:00:00.000,2019,8,22,23,24006KT,17,08
2019-08-23 00:00:00.000,2019,8,23,0,24006KT,15,08
2019-08-23 01:00:00.000,2019,8,23,1,22004KT,14,08
2019-08-23 02:00:00.000,2019,8,23,2,VRB02KT,14,08
2019-08-23 03:00:00.000,2019,8,23,3,VRB02KT,12,09
2019-08-23 04:00:00.000,2019,8,23,4,05006KT,13,09
2019-08-23 05:00:00.000,2019,8,23,5,03006KT,13,09
2019-08-23 06:00:00.000,2019,8,23,6,00000KT,12,09
2019-08-23 07:00:00.000,2019,8,23,7,24004KT,12,09
2019-08-23 08:00:00.000,2019,8,23,8,03003KT,11,09
2019-08-23 09:00:00.000,2019,8,23,9,33003KT,11,09
2019-08-23 10:00:00.000,2019,8,23,10,01003KT,11,09
2019-08-23 11:00:00.000,2019,8,23,11,05005KT,11,09
2019-08-23 12:00:00.000,2019,8,23,12,03004KT,12,09
2019-08-23 13:00:00.000,2019,8,23,13,01005KT,14,10
2019-08-23 14:00:00.000,2019,8,23,14,17005KT,16,07
2019-08-23 15:00:00.000,2019,8,23,15,15014KT,17,07
2019-08-23 16:00:00.000,2019,8,23,16,17014KT,17,07
2019-08-23 17:00:00.000,2019,8,23,17,16018KT,18,08
2019-08-23 18:00:00.000,2019,8,23,18,17016KT,18,08
2019-08-23 19:00:00.000,2019,8,23,19,16017KT,18,08
2019-08-23 20:00:00.000,2019,8,23,20,16020KT,18,08
2019-08-23 21:00:00.000,2019,8,23,21,17019KT,18,07
2019-08-23 22:00:00.000,2019,8,23,22,15012KT,16,07
2019-08-23 23:00:00.000,2019,8,23,23,14012KT,15,07
2019-08-24 00:00:00.000,2019,8,24,0,13011KT,14,06
2019-08-24 01:00:00.000,2019,8,24,1,14006KT,13,06
2019-08-24 02:00:00.000,2019,8,24,2,12007KT,13,07
2019-08-24 03:00:00.000,2019,8,24,3,10005KT,13,07
2019-08-24 04:00:00.000,2019,8,24,4,12005KT,13,07
2019-08-24 05:00:00.000,2019,8,24,5,VRB02KT,12,08
2019-08-24 06:00:00.000,2019,8,24,6,11003KT,14,08
2019-08-24 07:00:00.000,2019,8,24,7,VRB02KT,13,09
2019-08-24 08:00:00.000,2019,8,24,8,32003KT,12,09
2019-08-24 09:00:00.000,2019,8,24,9,VRB02KT,12,09
2019-08-24 10:00:00.000,2019,8,24,10,VRB02KT,13,09
2019-08-24 11:00:00.000,2019,8,24,11,14007KT,13,09
2019-08-24 12:00:00.000,2019,8,24,12,14008KT,13,08
2019-08-24 14:00:00.000,2019,8,24,14,13013KT,16,07
2019-08-24 15:00:00.000,2019,8,24,15,17013KT,17,08
2019-08-24 16:00:00.000,2019,8,24,16,17011KT,16,08
2019-08-24 17:00:00.000,2019,8,24,17,15016KT,18,08
2019-08-24 18:00:00.000,2019,8,24,18,14016KT,19,07
2019-08-24 19:00:00.000,2019,8,24,19,18018KT,18,07
2019-08-24 20:00:00.000,2019,8,24,20,14018KT,18,08
2019-08-24 21:00:00.000,2019,8,24,21,14016KT,18,07
2019-08-24 22:00:00.000,2019,8,24,22,16016KT,17,06
2019-08-24 23:00:00.000,2019,8,24,23,18007KT,16,06
2019-08-25 00:00:00.000,2019,8,25,0,19008KT,16,07
2019-08-25 02:00:00.000,2019,8,25,2,33004KT,11,06
2019-08-25 03:00:00.000,2019,8,25,3,VRB02KT,11,07
2019-08-25 04:00:00.000,2019,8,25,4,VRB02KT,11,08
2019-08-25 06:00:00.000,2019,8,25,6,07004KT,11,08
2019-08-25 07:00:00.000,2019,8,25,7,04004KT,09,07
2019-08-25 08:00:00.000,2019,8,25,8,VRB02KT,09,07
2019-08-25 09:00:00.000,2019,8,25,9,31006KT,10,08
2019-08-25 11:00:00.000,2019,8,25,11,VRB02KT,07,06
2019-08-25 12:00:00.000,2019,8,25,12,01003KT,13,08
2019-08-25 13:00:00.000,2019,8,25,13,VRB02KT,15,08
2019-08-25 14:00:00.000,2019,8,25,14,16013KT,16,06
2019-08-25 15:00:00.000,2019,8,25,15,16014KT,17,07
2019-08-25 16:00:00.000,2019,8,25,16,14015KT,18,08
2019-08-25 17:00:00.000,2019,8,25,17,16015KT,17,07
2019-08-25 18:00:00.000,2019,8,25,18,15014KT,19,07
2019-08-25 19:00:00.000,2019,8,25,19,17017KT,19,07
2019-08-25 20:00:00.000,2019,8,25,20,16015KT,17,07
2019-08-25 21:00:00.000,2019,8,25,21,17013KT,18,06
2019-08-25 22:00:00.000,2019,8,25,22,16014KT,18,05
2019-08-25 23:00:00.000,2019,8,25,23,16010KT,16,05
2019-08-26 00:00:00.000,2019,8,26,0,18010KT,15,06
2019-08-26 01:00:00.000,2019,8,26,1,12006KT,13,10
2019-08-26 02:00:00.000,2019,8,26,2,VRB02KT,12,06
2019-08-26 03:00:00.000,2019,8,26,3,02004KT,11,08
2019-08-26 04:00:00.000,2019,8,26,4,06004KT,11,07
2019-08-26 05:00:00.000,2019,8,26,5,04004KT,10,07
2019-08-26 06:00:00.000,2019,8,26,6,01003KT,10,08
2019-08-26 07:00:00.000,2019,8,26,7,05005KT,09,07
2019-08-26 08:00:00.000,2019,8,26,8,33003KT,08,07
2019-08-26 09:00:00.000,2019,8,26,9,VRB02KT,09,07
2019-08-26 10:00:00.000,2019,8,26,10,04003KT,08,06
2019-08-26 11:00:00.000,2019,8,26,11,06004KT,08,07
2019-08-26 12:00:00.000,2019,8,26,12,04004KT,10,08
2019-08-26 13:00:00.000,2019,8,26,13,VRB02KT,12,10
2019-08-26 14:00:00.000,2019,8,26,14,14004KT,14,09
2019-08-26 15:00:00.000,2019,8,26,15,15005KT,15,08
2019-08-26 16:00:00.000,2019,8,26,16,16010KT,18,08
2019-08-26 17:00:00.000,2019,8,26,17,15014KT,18,09
2019-08-26 18:00:00.000,2019,8,26,18,14012KT,17,07
2019-08-26 19:00:00.000,2019,8,26,19,15014KT,19,07
2019-08-26 20:00:00.000,2019,8,26,20,16013KT,18,06
2019-08-26 21:00:00.000,2019,8,26,21,19010KT,18,06
2019-08-26 22:00:00.000,2019,8,26,22,14014KT,18,07
2019-08-26 23:00:00.000,2019,8,26,23,13012KT,15,06
2019-08-27 00:00:00.000,2019,8,27,0,14011KT,14,07
2019-08-27 01:00:00.000,2019,8,27,1,14011KT,14,06
2019-08-27 02:00:00.000,2019,8,27,2,12005KT,14,07
2019-08-27 03:00:00.000,2019,8,27,3,VRB02KT,12,07
2019-08-27 04:00:00.000,2019,8,27,4,02004KT,09,07
2019-08-27 05:00:00.000,2019,8,27,5,05005KT,09,07
2019-08-27 06:00:00.000,2019,8,27,6,05007KT,08,06
2019-08-27 07:00:00.000,2019,8,27,7,05006KT,10,08
2019-08-27 08:00:00.000,2019,8,27,8,VRB02KT,09,07
2019-08-27 09:00:00.000,2019,8,27,9,23004KT,10,07
2019-08-27 10:00:00.000,2019,8,27,10,27003KT,08,07
2019-08-27 11:00:00.000,2019,8,27,11,06003KT,10,08
2019-08-27 12:00:00.000,2019,8,27,12,05005KT,11,08
2019-08-27 13:00:00.000,2019,8,27,13,13006KT,15,09
2019-08-27 14:00:00.000,2019,8,27,14,15011KT,17,07
2019-08-27 15:00:00.000,2019,8,27,15,15011KT,17,07
2019-08-27 16:00:00.000,2019,8,27,16,18009KT,17,06
2019-08-27 17:00:00.000,2019,8,27,17,15013KT,19,06
2019-08-27 18:00:00.000,2019,8,27,18,17010KT,18,07
2019-08-27 19:00:00.000,2019,8,27,19,20015KT,19,08
2019-08-27 20:00:00.000,2019,8,27,20,18017KT,20,08
2019-08-27 21:00:00.000,2019,8,27,21,14010KT,20,07
2019-08-27 22:00:00.000,2019,8,27,22,10007KT,18,08
2019-08-27 23:00:00.000,2019,8,27,23,11007KT,17,07
2019-08-28 00:00:00.000,2019,8,28,0,13005KT,15,07
2019-08-28 01:00:00.000,2019,8,28,1,13010KT,14,07
2019-08-28 02:00:00.000,2019,8,28,2,11007KT,14,07
2019-08-28 03:00:00.000,2019,8,28,3,14006KT,14,08
2019-08-28 04:00:00.000,2019,8,28,4,27006KT,14,09
2019-08-28 05:00:00.000,2019,8,28,5,VRB02KT,13,09
2019-08-28 06:00:00.000,2019,8,28,6,16003KT,13,09
2019-08-28 07:00:00.000,2019,8,28,7,10003KT,12,10
2019-08-28 08:00:00.000,2019,8,28,8,09005KT,11,09
2019-08-28 09:00:00.000,2019,8,28,9,08004KT,12,08
2019-08-28 10:00:00.000,2019,8,28,10,11006KT,13,08
2019-08-28 11:00:00.000,2019,8,28,11,15006KT,13,08
2019-08-28 12:00:00.000,2019,8,28,12,13005KT,13,10
2019-08-28 13:00:00.000,2019,8,28,13,21006KT,13,10
2019-08-28 14:00:00.000,2019,8,28,14,14008KT,14,10
2019-08-28 15:00:00.000,2019,8,28,15,17011KT,16,11
2019-08-28 16:00:00.000,2019,8,28,16,16015KT,,
2019-08-28 17:00:00.000,2019,8,28,17,15014KT,18,09
2019-08-28 18:00:00.000,2019,8,28,18,13017KT,18,07
2019-08-28 19:00:00.000,2019,8,28,19,15020KT,18,07
2019-08-28 20:00:00.000,2019,8,28,20,14016KT,17,08
2019-08-28 21:00:00.000,2019,8,28,21,16017KT,16,07
2019-08-28 22:00:00.000,2019,8,28,22,15010KT,15,07
2019-08-28 23:00:00.000,2019,8,28,23,13009KT,14,06
2019-08-29 00:00:00.000,2019,8,29,0,08007KT,13,07
2019-08-29 01:00:00.000,2019,8,29,1,13006KT,12,07
2019-08-29 02:00:00.000,2019,8,29,2,11006KT,13,08
2019-08-29 03:00:00.000,2019,8,29,3,12003KT,12,07
2019-08-29 04:00:00.000,2019,8,29,4,10004KT,13,08
2019-08-29 05:00:00.000,2019,8,29,5,13005KT,13,08
2019-08-29 06:00:00.000,2019,8,29,6,11003KT,12,08
2019-08-29 07:00:00.000,2019,8,29,7,03003KT,10,08
2019-08-29 08:00:00.000,2019,8,29,8,03005KT,09,07
2019-08-29 09:00:00.000,2019,8,29,9,10005KT,12,07
2019-08-29 10:00:00.000,2019,8,29,10,14004KT,11,06
2019-08-29 11:00:00.000,2019,8,29,11,VRB02KT,11,07
2019-08-29 12:00:00.000,2019,8,29,12,05004KT,11,08
2019-08-29 13:00:00.000,2019,8,29,13,10006KT,14,07
2019-08-29 14:00:00.000,2019,8,29,14,15012KT,15,08
2019-08-29 15:00:00.000,2019,8,29,15,16016KT,17,07
2019-08-29 16:00:00.000,2019,8,29,16,15015KT,18,07
2019-08-29 17:00:00.000,2019,8,29,17,15015KT,19,06
2019-08-29 18:00:00.000,2019,8,29,18,15015KT,19,06
2019-08-29 19:00:00.000,2019,8,29,19,16014KT,20,05
2019-08-29 20:00:00.000,2019,8,29,20,18014KT,19,04
2019-08-29 21:00:00.000,2019,8,29,21,18013KT,19,02
2019-08-29 22:00:00.000,2019,8,29,22,17013KT,18,02
2019-08-29 23:00:00.000,2019,8,29,23,18013KT,16,03
2019-08-30 00:00:00.000,2019,8,30,0,16008KT,14,03
2019-08-30 01:00:00.000,2019,8,30,1,10004KT,14,04
2019-08-30 02:00:00.000,2019,8,30,2,08005KT,13,06
2019-08-30 03:00:00.000,2019,8,30,3,10005KT,13,07
2019-08-30 04:00:00.000,2019,8,30,4,34003KT,11,07
2019-08-30 05:00:00.000,2019,8,30,5,36003KT,07,05
2019-08-30 06:00:00.000,2019,8,30,6,VRB02KT,08,07
2019-08-30 07:00:00.000,2019,8,30,7,34005KT,05,04
2019-08-30 08:00:00.000,2019,8,30,8,VRB02KT,07,06
2019-08-30 09:00:00.000,2019,8,30,9,36004KT,06,05
2019-08-30 10:00:00.000,2019,8,30,10,04004KT,05,05
2019-08-30 11:00:00.000,2019,8,30,11,VRB02KT,06,05
2019-08-30 12:00:00.000,2019,8,30,12,VRB02KT,10,08
2019-08-30 13:00:00.000,2019,8,30,13,01005KT,13,07
2019-08-30 14:00:00.000,2019,8,30,14,03004KT,16,06
2019-08-30 15:00:00.000,2019,8,30,15,02006KT,18,06
2019-08-30 16:00:00.000,2019,8,30,16,09008KT,20,05
2019-08-30 17:00:00.000,2019,8,30,17,13008KT,20,05
2019-08-30 18:00:00.000,2019,8,30,18,15010KT,20,06
2019-08-30 19:00:00.000,2019,8,30,19,15014KT,19,06
2019-08-30 20:00:00.000,2019,8,30,20,18008KT,21,06
2019-08-30 21:00:00.000,2019,8,30,21,14008KT,20,06
2019-08-30 22:00:00.000,2019,8,30,22,10012KT,19,06
2019-08-30 23:00:00.000,2019,8,30,23,12006KT,17,07
2019-08-31 00:00:00.000,2019,8,31,0,07006KT,16,07
2019-08-31 01:00:00.000,2019,8,31,1,35004KT,14,08
2019-08-31 02:00:00.000,2019,8,31,2,VRB05KT,14,09
2019-08-31 03:00:00.000,2019,8,31,3,00000KT,14,10
2019-08-31 04:00:00.000,2019,8,31,4,VRB02KT,12,10
2019-08-31 05:00:00.000,2019,8,31,5,VRB04KT,12,09
2019-08-31 06:00:00.000,2019,8,31,6,36003KT,10,07
2019-08-31 07:00:00.000,2019,8,31,7,05005KT,10,08
2019-08-31 08:00:00.000,2019,8,31,8,VRB02KT,11,08
2019-08-31 09:00:00.000,2019,8,31,9,04004KT,09,08
2019-08-31 10:00:00.000,2019,8,31,10,36004KT,08,07
2019-08-31 11:00:00.000,2019,8,31,11,01003KT,09,08
2019-08-31 12:00:00.000,2019,8,31,12,03003KT,11,09
2019-08-31 13:00:00.000,2019,8,31,13,05005KT,12,09
2019-08-31 14:00:00.000,2019,8,31,14,03006KT,15,09
2019-08-31 15:00:00.000,2019,8,31,15,05006KT,16,09
2019-08-31 16:00:00.000,2019,8,31,16,VRB05KT,17,09
2019-08-31 17:00:00.000,2019,8,31,17,13010KT,17,09
2019-08-31 18:00:00.000,2019,8,31,18,18013KT,16,10
2019-08-31 19:00:00.000,2019,8,31,19,15008KT,18,09
2019-08-31 20:00:00.000,2019,8,31,20,14008KT,17,09
2019-08-31 21:00:00.000,2019,8,31,21,14006KT,17,08
2019-08-31 22:00:00.000,2019,8,31,22,11005KT,17,08
2019-08-31 23:00:00.000,2019,8,31,23,08005KT,16,08
2019-09-01 00:00:00.000,2019,9,1,0,12006KT,15,08
2019-09-01 01:00:00.000,2019,9,1,1,VRB02KT,14,08
2019-09-01 02:00:00.000,2019,9,1,2,08004KT,14,09
2019-09-01 03:00:00.000,2019,9,1,3,04005KT,14,09
2019-09-01 04:00:00.000,2019,9,1,4,06006KT,13,08
2019-09-01 05:00:00.000,2019,9,1,5,04007KT,11,09
2019-09-01 06:00:00.000,2019,9,1,6,01005KT,12,10
2019-09-01 07:00:00.000,2019,9,1,7,06004KT,12,10
2019-09-01 08:00:00.000,2019,9,1,8,02003KT,11,09
2019-09-01 09:00:00.000,2019,9,1,9,33003KT,10,09
2019-09-01 10:00:00.000,2019,9,1,10,33003KT,10,09
2019-09-01 11:00:00.000,2019,9,1,11,34004KT,11,09
2019-09-01 12:00:00.000,2019,9,1,12,32005KT,11,10
2019-09-01 13:00:00.000,2019,9,1,13,34003KT,12,10
2019-09-01 14:00:00.000,2019,9,1,14,14004KT,14,09
2019-09-01 15:00:00.000,2019,9,1,15,16007KT,16,07
2019-09-01 16:00:00.000,2019,9,1,16,14008KT,17,07
2019-09-01 17:00:00.000,2019,9,1,17,15012KT,18,08
2019-09-01 18:00:00.000,2019,9,1,18,05006KT,16,11
2019-09-01 19:00:00.000,2019,9,1,19,14010KT,18,08
2019-09-01 20:00:00.000,2019,9,1,20,13006KT,18,08
2019-09-01 21:00:00.000,2019,9,1,21,10006KT,18,07
2019-09-01 22:00:00.000,2019,9,1,22,VRB02KT,18,07
2019-09-01 23:00:00.000,2019,9,1,23,32005KT,15,10
2019-09-02 00:00:00.000,2019,9,2,0,35004KT,14,10
2019-09-02 01:00:00.000,2019,9,2,1,34005KT,13,10
2019-09-02 02:00:00.000,2019,9,2,2,32004KT,12,09
2019-09-02 03:00:00.000,2019,9,2,3,04008KT,12,09
2019-09-02 04:00:00.000,2019,9,2,4,04005KT,12,09
2019-09-02 05:00:00.000,2019,9,2,5,04005KT,12,10
2019-09-02 06:00:00.000,2019,9,2,6,01003KT,12,10
2019-09-02 07:00:00.000,2019,9,2,7,21003KT,12,10
2019-09-02 08:00:00.000,2019,9,2,8,34003KT,11,10
2019-09-02 09:00:00.000,2019,9,2,9,32006KT,10,09
2019-09-02 10:00:00.000,2019,9,2,10,03003KT,10,09
2019-09-02 11:00:00.000,2019,9,2,11,VRB02KT,10,09
2019-09-02 12:00:00.000,2019,9,2,12,VRB02KT,11,09
2019-09-02 13:00:00.000,2019,9,2,13,03004KT,13,10
2019-09-02 14:00:00.000,2019,9,2,14,VRB02KT,15,09
2019-09-02 15:00:00.000,2019,9,2,15,12008KT,18,09
2019-09-02 16:00:00.000,2019,9,2,16,13010KT,18,08
2019-09-02 17:00:00.000,2019,9,2,17,15010KT,18,08
2019-09-02 18:00:00.000,2019,9,2,18,15008KT,18,08
2019-09-02 19:00:00.000,2019,9,2,19,13008KT,17,08
2019-09-02 20:00:00.000,2019,9,2,20,20008KT,28,24
2019-09-02 21:00:00.000,2019,9,2,21,15010KT,18,07
2019-09-02 22:00:00.000,2019,9,2,22,14011KT,17,07
2019-09-02 23:00:00.000,2019,9,2,23,15010KT,15,06
2019-09-03 00:00:00.000,2019,9,3,0,16006KT,13,06
2019-09-03 01:00:00.000,2019,9,3,1,34003KT,12,08
2019-09-03 02:00:00.000,2019,9,3,2,01003KT,11,08
2019-09-03 03:00:00.000,2019,9,3,3,04003KT,11,08
2019-09-03 04:00:00.000,2019,9,3,4,00000KT,11,08
2019-09-03 05:00:00.000,2019,9,3,5,VRB03KT,10,07
2019-09-03 06:00:00.000,2019,9,3,6,VRB02KT,09,08
2019-09-03 07:00:00.000,2019,9,3,7,02003KT,08,07
2019-09-03 08:00:00.000,2019,9,3,8,VRB02KT,06,05
2019-09-03 09:00:00.000,2019,9,3,9,04005KT,06,06
2019-09-03 10:00:00.000,2019,9,3,10,07004KT,08,07
2019-09-03 11:00:00.000,2019,9,3,11,07004KT,08,07
2019-09-03 12:00:00.000,2019,9,3,12,06008KT,11,09
2019-09-03 13:00:00.000,2019,9,3,13,06005KT,14,08
2019-09-03 14:00:00.000,2019,9,3,14,VRB02KT,18,07
2019-09-03 15:00:00.000,2019,9,3,15,13008KT,19,07
2019-09-03 16:00:00.000,2019,9,3,16,14010KT,19,07
2019-09-03 17:00:00.000,2019,9,3,17,16014KT,20,07
2019-09-03 18:00:00.000,2019,9,3,18,12010KT,19,07
2019-09-03 19:00:00.000,2019,9,3,19,13010KT,19,06
2019-09-03 20:00:00.000,2019,9,3,20,10007KT,19,07
2019-09-03 21:00:00.000,2019,9,3,21,16010KT,19,06
2019-09-03 22:00:00.000,2019,9,3,22,14008KT,20,06
2019-09-03 23:00:00.000,2019,9,3,23,15010KT,18,06
2019-09-04 00:00:00.000,2019,9,4,0,16009KT,17,05
2019-09-04 01:00:00.000,2019,9,4,1,14007KT,16,07
2019-09-04 02:00:00.000,2019,9,4,2,VRB02KT,14,09
2019-09-04 03:00:00.000,2019,9,4,3,VRB02KT,13,10
2019-09-04 04:00:00.000,2019,9,4,4,10003KT,14,09
2019-09-04 05:00:00.000,2019,9,4,5,10003KT,14,08
2019-09-04 06:00:00.000,2019,9,4,6,060083KT,12,09
2019-09-04 07:00:00.000,2019,9,4,7,04005KT,11,09
2019-09-04 08:00:00.000,2019,9,4,8,06004KT,12,09
2019-09-04 09:00:00.000,2019,9,4,9,04006KT,11,09
2019-09-04 10:00:00.000,2019,9,4,10,03006KT,10,08
2019-09-04 11:00:00.000,2019,9,4,11,03006KT,10,08
2019-09-04 12:00:00.000,2019,9,4,12,06008KT,12,09
2019-09-04 13:00:00.000,2019,9,4,13,05008KT,14,09
2019-09-04 14:00:00.000,2019,9,4,14,07008KT,16,10
2019-09-04 15:00:00.000,2019,9,4,15,07010KT,16,09
2019-09-04 16:00:00.000,2019,9,4,16,12012KT,18,08
2019-09-04 17:00:00.000,2019,9,4,17,06010KT,17,08
2019-09-04 18:00:00.000,2019,9,4,18,10010KT,18,07
2019-09-04 19:00:00.000,2019,9,4,19,11011KT,18,08
2019-09-04 20:00:00.000,2019,9,4,20,12010KT,19,08
2019-09-04 21:00:00.000,2019,9,4,21,10010KT,18,07
2019-09-04 22:00:00.000,2019,9,4,22,15007KT,18,07
2019-09-04 23:00:00.000,2019,9,4,23,13010KT,17,08
2019-09-05 00:00:00.000,2019,9,5,0,14008KT,15,08
2019-09-05 01:00:00.000,2019,9,5,1,13007KT,15,07
2019-09-05 02:00:00.000,2019,9,5,2,11005KT,15,07
2019-09-05 03:00:00.000,2019,9,5,3,13005KT,14,08
2019-09-05 04:00:00.000,2019,9,5,4,34003KT,11,07
2019-09-05 05:00:00.000,2019,9,5,5,00000KT,11,09
2019-09-05 06:00:00.000,2019,9,5,6,VRB02KT,10,07
2019-09-05 07:00:00.000,2019,9,5,7,01003KT,09,07
2019-09-05 08:00:00.000,2019,9,5,8,04005KT,10,08
2019-09-05 09:00:00.000,2019,9,5,9,04004KT,10,08
2019-09-05 10:00:00.000,2019,9,5,10,VRB02KT,10,08
2019-09-05 11:00:00.000,2019,9,5,11,06003KT,10,08
2019-09-05 12:00:00.000,2019,9,5,12,01003KT,12,09
2019-09-05 13:00:00.000,2019,9,5,13,33003KT,14,08
2019-09-05 14:00:00.000,2019,9,5,14,13004KT,16,07
2019-09-05 15:00:00.000,2019,9,5,15,14012KT,18,06
2019-09-05 16:00:00.000,2019,9,5,16,15010KT,18,06
2019-09-05 17:00:00.000,2019,9,5,17,17010KT,19,07
2019-09-05 18:00:00.000,2019,9,5,18,15008KT,20,06
2019-09-05 19:00:00.000,2019,9,5,19,15006KT,21,05
2019-09-05 20:00:00.000,2019,9,5,20,11006KT,20,04
2019-09-05 21:00:00.000,2019,9,5,21,VRB07KT,20,08
2019-09-05 22:00:00.000,2019,9,5,22,26006KT,18,09
2019-09-05 23:00:00.000,2019,9,5,23,35003KT,14,09
2019-09-06 00:00:00.000,2019,9,6,0,VRB02KT,13,11
2019-09-06 01:00:00.000,2019,9,6,1,12008KT,14,11
2019-09-06 02:00:00.000,2019,9,6,2,11004KT,14,10
2019-09-06 03:00:00.000,2019,9,6,3,07004KT,13,09
2019-09-06 04:00:00.000,2019,9,6,4,05007KT,12,09
2019-09-06 05:00:00.000,2019,9,6,5,05005KT,12,09
2019-09-06 06:00:00.000,2019,9,6,6,05005KT,11,09
2019-09-06 07:00:00.000,2019,9,6,7,06004KT,10,09
2019-09-06 08:00:00.000,2019,9,6,8,05008KT,10,08
2019-09-06 09:00:00.000,2019,9,6,9,04006KT,11,09
2019-09-06 10:00:00.000,2019,9,6,10,06005KT,10,08
2019-09-06 11:00:00.000,2019,9,6,11,05004KT,10,08
2019-09-06 12:00:00.000,2019,9,6,12,05005KT,12,09
2019-09-06 13:00:00.000,2019,9,6,13,05006KT,14,09
2019-09-06 14:00:00.000,2019,9,6,14,VRB02KT,16,08
2019-09-06 15:00:00.000,2019,9,6,15,18008KT,17,07
2019-09-06 16:00:00.000,2019,9,6,16,15013KT,18,07
2019-09-06 17:00:00.000,2019,9,6,17,15015KT,19,06
2019-09-06 18:00:00.000,2019,9,6,18,16014KT,19,06
2019-09-06 19:00:00.000,2019,9,6,19,15014KT,20,06
2019-09-06 20:00:00.000,2019,9,6,20,15013KT,20,05
2019-09-06 21:00:00.000,2019,9,6,21,15015KT,19,05
2019-09-06 22:00:00.000,2019,9,6,22,14013KT,18,05
2019-09-06 23:00:00.000,2019,9,6,23,15012KT,16,05
2019-09-07 00:00:00.000,2019,9,7,0,13005KT,14,06
2019-09-07 01:00:00.000,2019,9,7,1,13008KT,13,06
2019-09-07 02:00:00.000,2019,9,7,2,07004KT,12,07
2019-09-07 03:00:00.000,2019,9,7,3,05005KT,12,07
2019-09-07 04:00:00.000,2019,9,7,4,11006KT,13,07
2019-09-07 05:00:00.000,2019,9,7,5,06007KT,12,08
2019-09-07 06:00:00.000,2019,9,7,6,06004KT,11,08
2019-09-07 07:00:00.000,2019,9,7,7,02004KT,10,08
2019-09-07 08:00:00.000,2019,9,7,8,06006KT,10,08
2019-09-07 09:00:00.000,2019,9,7,9,03003KT,10,08
2019-09-07 10:00:00.000,2019,9,7,10,04004KT,10,08
2019-09-07 11:00:00.000,2019,9,7,11,04004KT,10,08
2019-09-07 12:00:00.000,2019,9,7,12,05005KT,12,08
2019-09-07 13:00:00.000,2019,9,7,13,03006KT,14,08
2019-09-07 14:00:00.000,2019,9,7,14,15012KT,16,08
2019-09-07 15:00:00.000,2019,9,7,15,15013KT,18,08
2019-09-07 16:00:00.000,2019,9,7,16,16018KT,18,07
2019-09-07 17:00:00.000,2019,9,7,17,16014G24KT,19,06
2019-09-07 18:00:00.000,2019,9,7,18,14016KT,21,05
2019-09-07 19:00:00.000,2019,9,7,19,14014KT,20,04
2019-09-07 20:00:00.000,2019,9,7,20,16016KT,20,05
2019-09-07 21:00:00.000,2019,9,7,21,15016KT,19,05
2019-09-07 22:00:00.000,2019,9,7,22,16016KT,19,06
2019-09-07 23:00:00.000,2019,9,7,23,16012KT,17,06
2019-09-08 00:00:00.000,2019,9,8,0,17008KT,15,06
2019-09-08 01:00:00.000,2019,9,8,1,14006KT,12,06
2019-09-08 02:00:00.000,2019,9,8,2,13006KT,12,06
2019-09-08 03:00:00.000,2019,9,8,3,13005KT,11,06
2019-09-08 04:00:00.000,2019,9,8,4,32005KT,09,06
2019-09-08 05:00:00.000,2019,9,8,5,01004KT,08,06
2019-09-08 06:00:00.000,2019,9,8,6,03004KT,11,08
2019-09-08 07:00:00.000,2019,9,8,7,02004KT,11,09
2019-09-08 08:00:00.000,2019,9,8,8,03004KT,11,08
2019-09-08 09:00:00.000,2019,9,8,9,VRB02KT,10,08
2019-09-08 10:00:00.000,2019,9,8,10,VRB02KT,09,07
2019-09-08 11:00:00.000,2019,9,8,11,04005KT,09,07
2019-09-08 12:00:00.000,2019,9,8,12,04006KT,12,09
2019-09-08 13:00:00.000,2019,9,8,13,04005KT,15,07
2019-09-08 14:00:00.000,2019,9,8,14,18005KT,16,06
2019-09-08 15:00:00.000,2019,9,8,15,12008KT,18,06
2019-09-08 16:00:00.000,2019,9,8,16,13012KT,19,05
2019-09-08 17:00:00.000,2019,9,8,17,12010KT,18,05
2019-09-08 18:00:00.000,2019,9,8,18,15010KT,20,06
2019-09-08 19:00:00.000,2019,9,8,19,08008KT,20,07
2019-09-08 20:00:00.000,2019,9,8,20,15006KT,20,05
2019-09-08 21:00:00.000,2019,9,8,21,13008KT,20,05
2019-09-08 22:00:00.000,2019,9,8,22,18013KT,19,05
2019-09-08 23:00:00.000,2019,9,8,23,17013KT,17,07
2019-09-09 00:00:00.000,2019,9,9,0,14009KT,15,09
2019-09-09 01:00:00.000,2019,9,9,1,07006KT,14,08
2019-09-09 02:00:00.000,2019,9,9,2,06007KT,14,09
2019-09-09 03:00:00.000,2019,9,9,3,10004KT,14,08
2019-09-09 04:00:00.000,2019,9,9,4,03006KT,12,09
2019-09-09 05:00:00.000,2019,9,9,5,07006KT,13,08
2019-09-09 06:00:00.000,2019,9,9,6,VRB03KT,12,09
2019-09-09 07:00:00.000,2019,9,9,7,VRB02KT,11,10
2019-09-09 08:00:00.000,2019,9,9,8,VRB02KT,10,09
2019-09-09 09:00:00.000,2019,9,9,9,VRB02KT,09,08
2019-09-09 10:00:00.000,2019,9,9,10,06005KT,09,08
2019-09-09 11:00:00.000,2019,9,9,11,14009KT,12,07
2019-09-09 12:00:00.000,2019,9,9,12,10005KT,13,08
2019-09-09 13:00:00.000,2019,9,9,13,15008KT,15,07
2019-09-09 14:00:00.000,2019,9,9,14,15011KT,16,07
2019-09-09 15:00:00.000,2019,9,9,15,14010KT,16,07
2019-09-09 16:00:00.000,2019,9,9,16,13012KT,17,08
2019-09-09 17:00:00.000,2019,9,9,17,16012KT,18,08
2019-09-09 18:00:00.000,2019,9,9,18,15012KT,17,08
2019-09-09 19:00:00.000,2019,9,9,19,12010KT,18,08
2019-09-09 20:00:00.000,2019,9,9,20,15010KT,19,08
2019-09-09 21:00:00.000,2019,9,9,21,16009KT,19,06
2019-09-09 22:00:00.000,2019,9,9,22,15010KT,18,07
2019-09-09 23:00:00.000,2019,9,9,23,15008KT,17,07
2019-09-10 00:00:00.000,2019,9,10,0,14007KT,15,08
2019-09-10 01:00:00.000,2019,9,10,1,10004KT,15,07
2019-09-10 02:00:00.000,2019,9,10,2,VRB02KT,12,08
2019-09-10 03:00:00.000,2019,9,10,3,33004KT,12,08
2019-09-10 04:00:00.000,2019,9,10,4,34003KT,10,08
2019-09-10 05:00:00.000,2019,9,10,5,VRB02KT,10,08
2019-09-10 06:00:00.000,2019,9,10,6,VRB02KT,09,08
2019-09-10 07:00:00.000,2019,9,10,7,VRB02KT,09,08
2019-09-10 08:00:00.000,2019,9,10,8,04006KT,08,07
2019-09-10 09:00:00.000,2019,9,10,9,VRB02KT,07,06
2019-09-10 10:00:00.000,2019,9,10,10,VRB02KT,06,05
2019-09-10 11:00:00.000,2019,9,10,11,VRB02KT,05,05
2019-09-10 12:00:00.000,2019,9,10,12,06004KT,10,08
2019-09-10 13:00:00.000,2019,9,10,13,06003KT,15,08
2019-09-10 14:00:00.000,2019,9,10,14,VRB06KT,17,08
2019-09-10 15:00:00.000,2019,9,10,15,06006KT,17,07
2019-09-10 16:00:00.000,2019,9,10,16,08010KT,19,07
2019-09-10 17:00:00.000,2019,9,10,17,11010KT,20,07
2019-09-10 18:00:00.000,2019,9,10,18,13012KT,19,06
2019-09-10 19:00:00.000,2019,9,10,19,12010KT,20,07
2019-09-10 20:00:00.000,2019,9,10,20,05006KT,19,07
2019-09-10 21:00:00.000,2019,9,10,21,03004KT,19,07
2019-09-10 22:00:00.000,2019,9,10,22,07004KT,18,07
2019-09-10 23:00:00.000,2019,9,10,23,08007KT,18,07
2019-09-11 00:00:00.000,2019,9,11,0,26005KT,15,11
2019-09-11 01:00:00.000,2019,9,11,1,VRB02KT,15,10
2019-09-11 02:00:00.000,2019,9,11,2,02003KT,14,10
2019-09-11 03:00:00.000,2019,9,11,3,08004KT,13,09
2019-09-11 04:00:00.000,2019,9,11,4,05004KT,11,08
2019-09-11 05:00:00.000,2019,9,11,5,VRB02KT,10,08
2019-09-11 06:00:00.000,2019,9,11,6,35003KT,10,08
2019-09-11 07:00:00.000,2019,9,11,7,VRB02KT,11,09
2019-09-11 08:00:00.000,2019,9,11,8,VRB02KT,11,09
2019-09-11 09:00:00.000,2019,9,11,9,VRB02KT,12,11
2019-09-11 10:00:00.000,2019,9,11,10,VRB02KT,12,10
2019-09-11 11:00:00.000,2019,9,11,11,10004KT,12,10
2019-09-11 12:00:00.000,2019,9,11,12,01004KT,13,10
2019-09-11 13:00:00.000,2019,9,11,13,10005KT,17,08
2019-09-11 14:00:00.000,2019,9,11,14,10007KT,18,07
2019-09-11 15:00:00.000,2019,9,11,15,10008KT,19,07
2019-09-11 16:00:00.000,2019,9,11,16,12011KT,20,07
2019-09-11 17:00:00.000,2019,9,11,17,13010KT,19,08
2019-09-11 18:00:00.000,2019,9,11,18,12009KT,19,09
2019-09-11 19:00:00.000,2019,9,11,19,07006KT,18,09
2019-09-11 20:00:00.000,2019,9,11,20,13010KT,18,09
2019-09-11 21:00:00.000,2019,9,11,21,06006KT,19,08
2019-09-11 22:00:00.000,2019,9,11,22,14011KT,16,09
2019-09-11 23:00:00.000,2019,9,11,23,13004KT,16,09
2019-09-12 00:00:00.000,2019,9,12,0,12005KT,15,09
2019-09-12 01:00:00.000,2019,9,12,1,08004KT,14,09
2019-09-12 02:00:00.000,2019,9,12,2,VRB02KT,12,09
2019-09-12 03:00:00.000,2019,9,12,3,05003KT,12,09
2019-09-12 04:00:00.000,2019,9,12,4,04005KT,10,08
2019-09-12 05:00:00.000,2019,9,12,5,06006KT,10,09
2019-09-12 06:00:00.000,2019,9,12,6,06006KT,10,08
2019-09-12 07:00:00.000,2019,9,12,7,35003KT,09,08
2019-09-12 08:00:00.000,2019,9,12,8,01005KT,09,08
2019-09-12 09:00:00.000,2019,9,12,9,03004KT,10,08
2019-09-12 10:00:00.000,2019,9,12,10,02004KT,09,08
2019-09-12 11:00:00.000,2019,9,12,11,35004KT,08,07
2019-09-12 12:00:00.000,2019,9,12,12,04006KT,11,09
2019-09-12 13:00:00.000,2019,9,12,13,10005KT,16,10
2019-09-12 14:00:00.000,2019,9,12,14,15010KT,18,09
2019-09-12 15:00:00.000,2019,9,12,15,15008KT,17,08
2019-09-12 16:00:00.000,2019,9,12,16,15011KT,18,07
2019-09-12 17:00:00.000,2019,9,12,17,16010KT,20,09
2019-09-12 18:00:00.000,2019,9,12,18,14012KT,21,08
2019-09-12 19:00:00.000,2019,9,12,19,VRB05KT,21,07
2019-09-12 20:00:00.000,2019,9,12,20,16010KT,21,07
2019-09-12 21:00:00.000,2019,9,12,21,14012KT,22,07
2019-09-12 22:00:00.000,2019,9,12,22,15010KT,20,06
2019-09-12 23:00:00.000,2019,9,12,23,13008KT,18,08
2019-09-13 00:00:00.000,2019,9,13,0,09014KT,16,09
2019-09-13 01:00:00.000,2019,9,13,1,13003KT,16,08
2019-09-13 02:00:00.000,2019,9,13,2,10004KT,15,09
2019-09-13 03:00:00.000,2019,9,13,3,03004KT,14,09
2019-09-13 04:00:00.000,2019,9,13,4,03005KT,12,09
2019-09-13 05:00:00.000,2019,9,13,5,06004KT,11,09
2019-09-13 06:00:00.000,2019,9,13,6,10004KT,14,08
2019-09-13 07:00:00.000,2019,9,13,7,05005KT,12,09
2019-09-13 08:00:00.000,2019,9,13,8,VRB02KT,11,09
2019-09-13 09:00:00.000,2019,9,13,9,VRB02KT,11,09
2019-09-13 10:00:00.000,2019,9,13,10,VRB02KT,11,09
2019-09-13 11:00:00.000,2019,9,13,11,VRB02KT,11,09
2019-09-13 12:00:00.000,2019,9,13,12,01003KT,13,09
2019-09-13 13:00:00.000,2019,9,13,13,08007KT,17,08
2019-09-13 14:00:00.000,2019,9,13,14,10005KT,17,08
2019-09-13 15:00:00.000,2019,9,13,15,11008KT,17,07
2019-09-13 16:00:00.000,2019,9,13,16,13010KT,18,07
2019-09-13 17:00:00.000,2019,9,13,17,15010KT,18,07
2019-09-13 18:00:00.000,2019,9,13,18,15012KT,19,07
2019-09-13 19:00:00.000,2019,9,13,19,14010KT,19,07
2019-09-13 20:00:00.000,2019,9,13,20,14010KT,21,06
2019-09-13 21:00:00.000,2019,9,13,21,12007KT,19,07
2019-09-13 22:00:00.000,2019,9,13,22,11008KT,19,07
2019-09-13 23:00:00.000,2019,9,13,23,09008KT,17,08
2019-09-14 00:00:00.000,2019,9,14,0,13005KT,16,08
2019-09-14 01:00:00.000,2019,9,14,1,06004KT,16,08
2019-09-14 02:00:00.000,2019,9,14,2,02004KT,14,10
2019-09-14 03:00:00.000,2019,9,14,3,02003KT,14,10
2019-09-14 04:00:00.000,2019,9,14,4,VRB02KT,13,11
2019-09-14 05:00:00.000,2019,9,14,5,04003KT,12,10
2019-09-14 06:00:00.000,2019,9,14,6,VRB02KT,12,10
2019-09-14 07:00:00.000,2019,9,14,7,08003KT,12,10
2019-09-14 08:00:00.000,2019,9,14,8,05005KT,13,10
2019-09-14 09:00:00.000,2019,9,14,9,VRB02KT,12,10
2019-09-14 10:00:00.000,2019,9,14,10,02004KT,12,10
2019-09-14 11:00:00.000,2019,9,14,11,35003KT,12,10
2019-09-14 12:00:00.000,2019,9,14,12,03003KT,13,10
2019-09-14 13:00:00.000,2019,9,14,13,15008KT,16,09
2019-09-14 14:00:00.000,2019,9,14,14,14010KT,17,08
2019-09-14 15:00:00.000,2019,9,14,15,12012KT,17,07
2019-09-14 16:00:00.000,2019,9,14,16,12010KT,17,09
2019-09-14 17:00:00.000,2019,9,14,17,14014KT,17,08
2019-09-14 18:00:00.000,2019,9,14,18,13012KT,19,08
2019-09-14 19:00:00.000,2019,9,14,19,15012KT,14,10
2019-09-14 20:00:00.000,2019,9,14,20,12012KT,17,08
2019-09-14 21:00:00.000,2019,9,14,21,13013KT,17,08
2019-09-14 22:00:00.000,2019,9,14,22,12010KT,17,07
2019-09-14 23:00:00.000,2019,9,14,23,12007KT,16,07
2019-09-15 00:00:00.000,2019,9,15,0,07007KT,14,07
2019-09-15 01:00:00.000,2019,9,15,1,04005KT,14,08
2019-09-15 02:00:00.000,2019,9,15,2,04006KT,13,08
2019-09-15 03:00:00.000,2019,9,15,3,07006KT,13,08
2019-09-15 04:00:00.000,2019,9,15,4,07005KT,13,08
2019-09-15 05:00:00.000,2019,9,15,5,04006KT,12,08
2019-09-15 06:00:00.000,2019,9,15,6,VRB02KT,11,08
2019-09-15 07:00:00.000,2019,9,15,7,VRB02KT,09,07
2019-09-15 08:00:00.000,2019,9,15,8,VRB02KT,10,08
2019-09-15 09:00:00.000,2019,9,15,9,VRB02KT,10,08
2019-09-15 10:00:00.000,2019,9,15,10,VRB02KT,10,08
2019-09-15 11:00:00.000,2019,9,15,11,VRB02KT,09,08
2019-09-15 12:00:00.000,2019,9,15,12,05004KT,12,08
2019-09-15 13:00:00.000,2019,9,15,13,12010KT,16,08
2019-09-15 14:00:00.000,2019,9,15,14,12010KT,18,07
2019-09-15 15:00:00.000,2019,9,15,15,14012KT,18,07
2019-09-15 16:00:00.000,2019,9,15,16,16010KT,18,06
2019-09-15 17:00:00.000,2019,9,15,17,13011KT,19,07
2019-09-15 18:00:00.000,2019,9,15,18,11009KT,19,06
2019-09-15 19:00:00.000,2019,9,15,19,15011KT,19,05
2019-09-15 20:00:00.000,2019,9,15,20,14010KT,19,05
2019-09-15 21:00:00.000,2019,9,15,21,15006KT,19,05
2019-09-15 22:00:00.000,2019,9,15,22,14003KT,18,06
2019-09-15 23:00:00.000,2019,9,15,23,13005KT,17,07
2019-09-16 00:00:00.000,2019,9,16,0,13010KT,16,07
2019-09-16 01:00:00.000,2019,9,16,1,17008KT,15,07
2019-09-16 02:00:00.000,2019,9,16,2,11003KT,15,08
2019-09-16 03:00:00.000,2019,9,16,3,12004KT,14,07
2019-09-16 04:00:00.000,2019,9,16,4,04003KT,13,09
2019-09-16 05:00:00.000,2019,9,16,5,05006KT,13,08
2019-09-16 06:00:00.000,2019,9,16,6,VRB02KT,12,08
2019-09-16 07:00:00.000,2019,9,16,7,07005KT,11,08
2019-09-16 08:00:00.000,2019,9,16,8,32003KT,11,08
2019-09-16 09:00:00.000,2019,9,16,9,VRB02KT,11,08
2019-09-16 10:00:00.000,2019,9,16,10,VRB02KT,11,09
2019-09-16 11:00:00.000,2019,9,16,11,28003KT,10,08
2019-09-16 12:00:00.000,2019,9,16,12,35004KT,12,10
2019-09-16 13:00:00.000,2019,9,16,13,VRB02KT,16,09
2019-09-16 14:00:00.000,2019,9,16,14,33004KT,17,09
2019-09-16 15:00:00.000,2019,9,16,15,22007KT,17,09
2019-09-16 16:00:00.000,2019,9,16,16,VRB05KT,19,08
2019-09-16 17:00:00.000,2019,9,16,17,02006KT,19,07
2019-09-16 19:00:00.000,2019,9,16,19,30006KT,19,08
2019-09-16 20:00:00.000,2019,9,16,20,15012KT,19,07
2019-09-16 21:00:00.000,2019,9,16,21,24012KT,18,11
2019-09-16 22:00:00.000,2019,9,16,22,25008KT,17,11
2019-09-16 23:00:00.000,2019,9,16,23,31007KT,15,11
2019-09-17 00:00:00.000,2019,9,17,0,30006KT,14,11
2019-09-17 01:00:00.000,2019,9,17,1,30004KT,14,11
2019-09-17 02:00:00.000,2019,9,17,2,VRB02KT,13,11
2019-09-17 03:00:00.000,2019,9,17,3,VRB02KT,13,10
2019-09-17 04:00:00.000,2019,9,17,4,VRB02KT,11,10
2019-09-17 05:00:00.000,2019,9,17,5,VRB02KT,12,10
2019-09-17 06:00:00.000,2019,9,17,6,VRB02KT,12,10
2019-09-17 07:00:00.000,2019,9,17,7,VRB02KT,10,09
2019-09-17 08:00:00.000,2019,9,17,8,VRB02KT,09,08
2019-09-17 09:00:00.000,2019,9,17,9,VRB02KT,09,08
2019-09-17 10:00:00.000,2019,9,17,10,VRB02KT,10,10
2019-09-17 11:00:00.000,2019,9,17,11,VRB02KT,09,09
2019-09-17 12:00:00.000,2019,9,17,12,VRB02KT,10,10
2019-09-17 13:00:00.000,2019,9,17,13,05004KT,13,11
2019-09-17 14:00:00.000,2019,9,17,14,VRB04KT,17,11
2019-09-17 15:00:00.000,2019,9,17,15,VRB02KT,18,09
2019-09-17 16:00:00.000,2019,9,17,16,VRB02KT,20,08
2019-09-17 17:00:00.000,2019,9,17,17,25008KT,19,10
2019-09-17 18:00:00.000,2019,9,17,18,23009KT,17,11
2019-09-17 19:00:00.000,2019,9,17,19,24009KT,17,11
2019-09-17 20:00:00.000,2019,9,17,20,23006KT,16,12
2019-09-17 21:00:00.000,2019,9,17,21,34003KT,15,12
2019-09-17 22:00:00.000,2019,9,17,22,36005KT,14,12
2019-09-17 23:00:00.000,2019,9,17,23,33005KT,14,12
2019-09-18 00:00:00.000,2019,9,18,0,33004KT,12,11
2019-09-18 01:00:00.000,2019,9,18,1,33004KT,11,10
2019-09-18 02:00:00.000,2019,9,18,2,32004KT,11,11
2019-09-18 03:00:00.000,2019,9,18,3,VRB02KT,10,09
2019-09-18 04:00:00.000,2019,9,18,4,VRB02KT,11,10
2019-09-18 05:00:00.000,2019,9,18,5,VRB02KT,11,10
2019-09-18 06:00:00.000,2019,9,18,6,VRB02KT,10,10
2019-09-18 07:00:00.000,2019,9,18,7,34004KT,10,10
2019-09-18 08:00:00.000,2019,9,18,8,15006KT,11,11
2019-09-18 09:00:00.000,2019,9,18,9,VRB02KT,11,10
2019-09-18 10:00:00.000,2019,9,18,10,01003KT,11,10
2019-09-18 11:00:00.000,2019,9,18,11,03003KT,11,10
2019-09-18 12:00:00.000,2019,9,18,12,VRB02KT,12,10
2019-09-18 13:00:00.000,2019,9,18,13,VRB02KT,14,10
2019-09-18 14:00:00.000,2019,9,18,14,36003KT,15,10
2019-09-18 15:00:00.000,2019,9,18,15,28005KT,18,09
2019-09-18 16:00:00.000,2019,9,18,16,29006KT,18,09
2019-09-18 17:00:00.000,2019,9,18,17,29012KT,18,09
2019-09-18 18:00:00.000,2019,9,18,18,31003KT,14,12
2019-09-18 19:00:00.000,2019,9,18,19,28005KT,15,13
2019-09-18 20:00:00.000,2019,9,18,20,29010KT,17,13
2019-09-18 21:00:00.000,2019,9,18,21,24007KT,15,12
2019-09-18 22:00:00.000,2019,9,18,22,22006KT,14,12
2019-09-18 23:00:00.000,2019,9,18,23,22003KT,14,10
2019-09-19 00:00:00.000,2019,9,19,0,29004KT,14,11
2019-09-19 01:00:00.000,2019,9,19,1,35003KT,14,11
2019-09-19 02:00:00.000,2019,9,19,2,34003KT,14,11
2019-09-19 03:00:00.000,2019,9,19,3,32004KT,13,11
2019-09-19 04:00:00.000,2019,9,19,4,VRB02KT,13,12
2019-09-19 05:00:00.000,2019,9,19,5,VRB02KT,12,11
2019-09-19 06:00:00.000,2019,9,19,6,28003KT,12,11
2019-09-19 07:00:00.000,2019,9,19,7,00000KT,12,11
2019-09-19 08:00:00.000,2019,9,19,8,VRB02KT,11,10
2019-09-19 09:00:00.000,2019,9,19,9,VRB02KT,12,11
2019-09-19 10:00:00.000,2019,9,19,10,29003KT,12,11
2019-09-19 11:00:00.000,2019,9,19,11,31003KT,11,11
2019-09-19 12:00:00.000,2019,9,19,12,35003KT,12,11
2019-09-19 13:00:00.000,2019,9,19,13,VRB02KT,14,13
2019-09-19 14:00:00.000,2019,9,19,14,07003KT,16,11
2019-09-19 15:00:00.000,2019,9,19,15,30005KT,18,11
2019-09-19 16:00:00.000,2019,9,19,16,23005KT,19,09
2019-09-19 17:00:00.000,2019,9,19,17,25007KT,18,09
2019-09-19 18:00:00.000,2019,9,19,18,27007KT,18,09
2019-09-19 19:00:00.000,2019,9,19,19,10003KT,16,12
2019-09-19 20:00:00.000,2019,9,19,20,29008KT,17,11
2019-09-19 21:00:00.000,2019,9,19,21,27005KT,17,11
2019-09-19 22:00:00.000,2019,9,19,22,22003KT,16,10
2019-09-19 23:00:00.000,2019,9,19,23,VRB02KT,13,11
2019-09-20 00:00:00.000,2019,9,20,0,VRB02KT,13,11
2019-09-20 01:00:00.000,2019,9,20,1,VRB02KT,12,10
2019-09-20 02:00:00.000,2019,9,20,2,VRB02KT,12,11
2019-09-20 03:00:00.000,2019,9,20,3,06003KT,11,10
2019-09-20 04:00:00.000,2019,9,20,4,04004KT,11,10
2019-09-20 05:00:00.000,2019,9,20,5,VRB02KT,11,10
2019-09-20 06:00:00.000,2019,9,20,6,VRB02KT,11,10
2019-09-20 07:00:00.000,2019,9,20,7,VRB02KT,11,10
2019-09-20 08:00:00.000,2019,9,20,8,VRB02KT,11,10
2019-09-20 09:00:00.000,2019,9,20,9,36003KT,11,10
2019-09-20 10:00:00.000,2019,9,20,10,01003KT,10,09
2019-09-20 11:00:00.000,2019,9,20,11,35004KT,10,09
2019-09-20 12:00:00.000,2019,9,20,12,08003KT,11,11
2019-09-20 13:00:00.000,2019,9,20,13,04003KT,11,11
2019-09-20 14:00:00.000,2019,9,20,14,03006KT,12,11
2019-09-20 15:00:00.000,2019,9,20,15,01003KT,12,11
2019-09-20 16:00:00.000,2019,9,20,16,VRB02KT,13,12
2019-09-20 17:00:00.000,2019,9,20,17,19005KT,15,11
2019-09-20 18:00:00.000,2019,9,20,18,21004KT,16,10
2019-09-20 19:00:00.000,2019,9,20,19,21007KT,16,10
2019-09-20 20:00:00.000,2019,9,20,20,25011KT,15,11
2019-09-20 21:00:00.000,2019,9,20,21,23010KT,15,10
2019-09-20 22:00:00.000,2019,9,20,22,24007KT,14,10
2019-09-20 23:00:00.000,2019,9,20,23,26008KT,13,10
2019-09-21 00:00:00.000,2019,9,21,0,22006KT,12,10
2019-09-21 01:00:00.000,2019,9,21,1,06004KT,12,11
2019-09-21 02:00:00.000,2019,9,21,2,05005KT,12,10
2019-09-21 03:00:00.000,2019,9,21,3,05005KT,12,10
2019-09-21 04:00:00.000,2019,9,21,4,03004KT,11,10
2019-09-21 05:00:00.000,2019,9,21,5,06006KT,11,10
2019-09-21 06:00:00.000,2019,9,21,6,05005KT,11,10
2019-09-21 07:00:00.000,2019,9,21,7,07003KT,11,10
2019-09-21 08:00:00.000,2019,9,21,8,05007KT,11,10
2019-09-21 09:00:00.000,2019,9,21,9,04004KT,10,09
2019-09-21 10:00:00.000,2019,9,21,10,00000KT,10,09
2019-09-21 11:00:00.000,2019,9,21,11,VRB02KT,09,09
2019-09-21 12:00:00.000,2019,9,21,12,VRB02KT,10,10
2019-09-21 13:00:00.000,2019,9,21,13,04004KT,13,11
2019-09-21 14:00:00.000,2019,9,21,14,03004KT,16,10
2019-09-21 15:00:00.000,2019,9,21,15,36004KT,17,10
2019-09-21 16:00:00.000,2019,9,21,16,09004KT,18,09
2019-09-21 17:00:00.000,2019,9,21,17,14008KT,21,08
2019-09-21 18:00:00.000,2019,9,21,18,11009KT,20,07
2019-09-21 19:00:00.000,2019,9,21,19,16009KT,18,08
2019-09-21 20:00:00.000,2019,9,21,20,29007KT,19,07
2019-09-21 21:00:00.000,2019,9,21,21,31010KT,18,10
2019-09-21 22:00:00.000,2019,9,21,22,30004KT,15,12
2019-09-21 23:00:00.000,2019,9,21,23,32005KT,14,11
2019-09-22 00:00:00.000,2019,9,22,0,356004KT,13,10
2019-09-22 01:00:00.000,2019,9,22,1,33003KT,13,09
2019-09-22 02:00:00.000,2019,9,22,2,36003KT,12,09
2019-09-22 03:00:00.000,2019,9,22,3,VRB02KT,11,10
2019-09-22 04:00:00.000,2019,9,22,4,26003KT,10,09
2019-09-22 05:00:00.000,2019,9,22,5,VRB02KT,11,09
2019-09-22 06:00:00.000,2019,9,22,6,VRB02KT,09,08
2019-09-22 07:00:00.000,2019,9,22,7,VRB02KT,09,08
2019-09-22 08:00:00.000,2019,9,22,8,VRB02KT,09,08
2019-09-22 09:00:00.000,2019,9,22,9,VRB02KT,09,08
2019-09-22 10:00:00.000,2019,9,22,10,VRB02KT,09,08
2019-09-22 11:00:00.000,2019,9,22,11,VRB02KT,09,09
2019-09-22 12:00:00.000,2019,9,22,12,VRB02KT,10,10
2019-09-22 13:00:00.000,2019,9,22,13,28003KT,15,12
2019-09-22 14:00:00.000,2019,9,22,14,VRB02KT,17,10
2019-09-22 15:00:00.000,2019,9,22,15,VRB05KT,19,09
2019-09-22 16:00:00.000,2019,9,22,16,01003KT,19,08
2019-09-22 17:00:00.000,2019,9,22,17,26006KT,18,10
2019-09-22 18:00:00.000,2019,9,22,18,30010KT,18,11
2019-09-22 19:00:00.000,2019,9,22,19,29007KT,16,12
2019-09-22 20:00:00.000,2019,9,22,20,260010KT,17,13
2019-09-22 21:00:00.000,2019,9,22,21,27009KT,17,12
2019-09-22 22:00:00.000,2019,9,22,22,29005KT,16,12
2019-09-22 23:00:00.000,2019,9,22,23,25004KT,14,12
2019-09-23 00:00:00.000,2019,9,23,0,VRB02KT,13,11
2019-09-23 01:00:00.000,2019,9,23,1,VRB02KT,13,12
2019-09-23 02:00:00.000,2019,9,23,2,VRB02KT,12,11
2019-09-23 03:00:00.000,2019,9,23,3,09003KT,12,10
2019-09-23 04:00:00.000,2019,9,23,4,34004KT,12,10
2019-09-23 05:00:00.000,2019,9,23,5,03003KT,11,10
2019-09-23 06:00:00.000,2019,9,23,6,VRB02KT,11,09
2019-09-23 07:00:00.000,2019,9,23,7,VRB02KT,10,08
2019-09-23 08:00:00.000,2019,9,23,8,VRB02KT,10,09
2019-09-23 09:00:00.000,2019,9,23,9,VRB02KT,10,08
2019-09-23 10:00:00.000,2019,9,23,10,VRB02KT,09,08
2019-09-23 11:00:00.000,2019,9,23,11,VRB02KT,09,08
2019-09-23 12:00:00.000,2019,9,23,12,VRB02KT,11,10
2019-09-23 13:00:00.000,2019,9,23,13,26004KT,14,10
2019-09-23 14:00:00.000,2019,9,23,14,29003KT,16,08
2019-09-23 15:00:00.000,2019,9,23,15,25004KT,17,09
2019-09-23 16:00:00.000,2019,9,23,16,VRB02KT,18,08
2019-09-23 17:00:00.000,2019,9,23,17,24010KT,16,09
2019-09-23 18:00:00.000,2019,9,23,18,25007KT,16,09
2019-09-23 19:00:00.000,2019,9,23,19,25006KT,17,10
2019-09-23 20:00:00.000,2019,9,23,20,23004KT,18,08
2019-09-23 21:00:00.000,2019,9,23,21,22006KT,17,09
2019-09-23 22:00:00.000,2019,9,23,22,27009KT,15,12
2019-09-23 23:00:00.000,2019,9,23,23,01004KT,13,11
2019-09-24 00:00:00.000,2019,9,24,0,00000KT,13,12
2019-09-24 01:00:00.000,2019,9,24,1,02003KT,13,12
2019-09-24 02:00:00.000,2019,9,24,2,02003KT,13,12
2019-09-24 03:00:00.000,2019,9,24,3,VRB02KT,12,11
2019-09-24 04:00:00.000,2019,9,24,4,VRB02KT,12,11
2019-09-24 05:00:00.000,2019,9,24,5,32004KT,12,11
2019-09-24 06:00:00.000,2019,9,24,6,VRB02KT,12,11
2019-09-24 07:00:00.000,2019,9,24,7,VRB02KT,12,11
2019-09-24 08:00:00.000,2019,9,24,8,25003KT,12,11
2019-09-24 09:00:00.000,2019,9,24,9,21003KT,13,11
2019-09-24 10:00:00.000,2019,9,24,10,30003KT,11,10
2019-09-24 11:00:00.000,2019,9,24,11,32003KT,10,09
2019-09-24 12:00:00.000,2019,9,24,12,19004KT,13,11
2019-09-24 13:00:00.000,2019,9,24,13,VRB02KT,16,10
2019-09-24 14:00:00.000,2019,9,24,14,VRB05KT,17,10
2019-09-24 15:00:00.000,2019,9,24,15,21006KT,19,08
2019-09-24 16:00:00.000,2019,9,24,16,27005KT,20,08
2019-09-24 17:00:00.000,2019,9,24,17,VRB04KT,20,09
2019-09-24 18:00:00.000,2019,9,24,18,23014KT,20,11
2019-09-24 19:00:00.000,2019,9,24,19,26012KT,18,11
2019-09-24 20:00:00.000,2019,9,24,20,26013KT,18,11
2019-09-24 21:00:00.000,2019,9,24,21,26012KT,17,12
2019-09-24 22:00:00.000,2019,9,24,22,26011KT,15,11
2019-09-24 23:00:00.000,2019,9,24,23,230V290KT,15,11
2019-09-25 00:00:00.000,2019,9,25,0,32004KT,14,11
2019-09-25 01:00:00.000,2019,9,25,1,30005KT,14,11
2019-09-25 02:00:00.000,2019,9,25,2,36003KT,13,11
2019-09-25 03:00:00.000,2019,9,25,3,29003KT,14,11
2019-09-25 04:00:00.000,2019,9,25,4,12006KT,13,11
2019-09-25 05:00:00.000,2019,9,25,5,VRB02KT,13,10
2019-09-25 06:00:00.000,2019,9,25,6,03004KT,13,10
2019-09-25 07:00:00.000,2019,9,25,7,04004KT,12,11
2019-09-25 08:00:00.000,2019,9,25,8,VRB02KT,12,10
2019-09-25 09:00:00.000,2019,9,25,9,VRB02KT,11,11
2019-09-25 10:00:00.000,2019,9,25,10,3003KT,13,10
2019-09-25 11:00:00.000,2019,9,25,11,35003KT,12,11
2019-09-25 12:00:00.000,2019,9,25,12,03003KT,13,11
2019-09-25 13:00:00.000,2019,9,25,13,05003KT,14,10
2019-09-25 14:00:00.000,2019,9,25,14,30003KT,16,11
2019-09-25 15:00:00.000,2019,9,25,15,23004KT,17,09
2019-09-25 16:00:00.000,2019,9,25,16,25008KT,17,09
2019-09-25 17:00:00.000,2019,9,25,17,24008KT,19,09
2019-09-25 18:00:00.000,2019,9,25,18,21007KT,19,10
2019-09-25 19:00:00.000,2019,9,25,19,19012KT,20,08
2019-09-25 20:00:00.000,2019,9,25,20,17012KT,21,06
2019-09-25 21:00:00.000,2019,9,25,21,20010KT,18,08
2019-09-25 22:00:00.000,2019,9,25,22,20011KT,17,08
2019-09-25 23:00:00.000,2019,9,25,23,14005KT,17,07
2019-09-26 00:00:00.000,2019,9,26,0,19006KT,16,08
2019-09-26 01:00:00.000,2019,9,26,1,VRB02KT,14,09
2019-09-26 02:00:00.000,2019,9,26,2,VRB02KT,13,09
2019-09-26 03:00:00.000,2019,9,26,3,16007KT,14,08
2019-09-26 04:00:00.000,2019,9,26,4,13004KT,14,08
2019-09-26 05:00:00.000,2019,9,26,5,15005KT,13,08
2019-09-26 06:00:00.000,2019,9,26,6,08004KT,12,08
2019-09-26 07:00:00.000,2019,9,26,7,30004KT,11,08
2019-09-26 08:00:00.000,2019,9,26,8,VRB02KT,12,08
2019-09-26 09:00:00.000,2019,9,26,9,31004KT,11,08
2019-09-26 10:00:00.000,2019,9,26,10,VRB02KT,11,08
2019-09-26 11:00:00.000,2019,9,26,11,VRB02KT,11,08
2019-09-26 12:00:00.000,2019,9,26,12,VRB02KT,13,09
2019-09-26 13:00:00.000,2019,9,26,13,28005KT,16,10
2019-09-26 14:00:00.000,2019,9,26,14,VRB05KT,16,10
2019-09-26 15:00:00.000,2019,9,26,15,14011KT,19,06
2019-09-26 16:00:00.000,2019,9,26,16,16011KT,19,06
2019-09-26 17:00:00.000,2019,9,26,17,13013KT,20,06
2019-09-26 18:00:00.000,2019,9,26,18,15016KT,20,05
2019-09-26 19:00:00.000,2019,9,26,19,13012KT,19,06
2019-09-26 20:00:00.000,2019,9,26,20,14012KT,19,06
2019-09-26 21:00:00.000,2019,9,26,21,20013KT,20,05
2019-09-26 22:00:00.000,2019,9,26,22,18013KT,19,05
2019-09-26 23:00:00.000,2019,9,26,23,13008KT,17,06
2019-09-27 00:00:00.000,2019,9,27,0,14010KT,16,06
2019-09-27 01:00:00.000,2019,9,27,1,03008KT,14,07
2019-09-27 02:00:00.000,2019,9,27,2,03004KT,13,08
2019-09-27 03:00:00.000,2019,9,27,3,06004KT,12,08
2019-09-27 04:00:00.000,2019,9,27,4,36004KT,11,09
2019-09-27 05:00:00.000,2019,9,27,5,02004KT,12,09
2019-09-27 06:00:00.000,2019,9,27,6,04004KT,12,09
2019-09-27 07:00:00.000,2019,9,27,7,13003KT,11,09
2019-09-27 08:00:00.000,2019,9,27,8,36004KT,10,08
2019-09-27 09:00:00.000,2019,9,27,9,05004KT,10,08
2019-09-27 10:00:00.000,2019,9,27,10,01003KT,09,08
2019-09-27 11:00:00.000,2019,9,27,11,35004KT,07,07
2019-09-27 12:00:00.000,2019,9,27,12,VRB02KT,10,09
2019-09-27 13:00:00.000,2019,9,27,13,03004KT,13,09
2019-09-27 14:00:00.000,2019,9,27,14,VRB02KT,15,09
2019-09-27 15:00:00.000,2019,9,27,15,VRB02KT,16,08
2019-09-27 16:00:00.000,2019,9,27,16,13009KT,16,07
2019-09-27 17:00:00.000,2019,9,27,17,16010KT,16,08
2019-09-27 18:00:00.000,2019,9,27,18,10006KT,16,07
2019-09-27 19:00:00.000,2019,9,27,19,VRB04KT,18,07
2019-09-27 20:00:00.000,2019,9,27,20,VRB03KT,17,09
2019-09-27 21:00:00.000,2019,9,27,21,31004KT,18,09
2019-09-27 22:00:00.000,2019,9,27,22,33003KT,17,09
2019-09-27 23:00:00.000,2019,9,27,23,22006KT,17,08
2019-09-28 00:00:00.000,2019,9,28,0,09003KT,16,08
2019-09-28 01:00:00.000,2019,9,28,1,19003KT,14,09
2019-09-28 02:00:00.000,2019,9,28,2,09004KT,14,09
2019-09-28 03:00:00.000,2019,9,28,3,10006KT,14,09
2019-09-28 04:00:00.000,2019,9,28,4,10005KT,14,09
2019-09-28 05:00:00.000,2019,9,28,5,VRB02KT,12,09
2019-09-28 06:00:00.000,2019,9,28,6,04006KT,11,09
2019-09-28 07:00:00.000,2019,9,28,7,VRB02KT,11,08
2019-09-28 08:00:00.000,2019,9,28,8,01003KT,10,08
2019-09-28 09:00:00.000,2019,9,28,9,VRB02KT,10,08
2019-09-28 10:00:00.000,2019,9,28,10,VRB02KT,09,08
2019-09-28 11:00:00.000,2019,9,28,11,VRB02KT,08,07
2019-09-28 12:00:00.000,2019,9,28,12,VRB02KT,13,10
2019-09-28 13:00:00.000,2019,9,28,13,VRB02KT,16,10
2019-09-28 14:00:00.000,2019,9,28,14,08004KT,18,09
2019-09-28 15:00:00.000,2019,9,28,15,VRB05KT,19,08
2019-09-28 16:00:00.000,2019,9,28,16,07008KT,20,07
2019-09-28 17:00:00.000,2019,9,28,17,06007KT,20,06
2019-09-28 18:00:00.000,2019,9,28,18,VRB06KT,21,06
2019-09-28 19:00:00.000,2019,9,28,19,22008G18KT,20,10
2019-09-28 20:00:00.000,2019,9,28,20,23010KT,21,10
2019-09-28 21:00:00.000,2019,9,28,21,28006KT,19,10
2019-09-28 22:00:00.000,2019,9,28,22,29010KT,17,11
2019-09-28 23:00:00.000,2019,9,28,23,32008KT,14,12
2019-09-29 00:00:00.000,2019,9,29,0,09004KT,14,12
2019-09-29 01:00:00.000,2019,9,29,1,05007KT,12,11
2019-09-29 02:00:00.000,2019,9,29,2,16004KT,12,11
2019-09-29 03:00:00.000,2019,9,29,3,18006KT,13,11
2019-09-29 04:00:00.000,2019,9,29,4,17004KT,13,10
2019-09-29 05:00:00.000,2019,9,29,5,01004KT,13,10
2019-09-29 06:00:00.000,2019,9,29,6,VRB02KT,12,11
2019-09-29 07:00:00.000,2019,9,29,7,34004KT,12,11
2019-09-29 08:00:00.000,2019,9,29,8,VRB02KT,12,11
2019-09-29 09:00:00.000,2019,9,29,9,06004KT,12,11
2019-09-29 10:00:00.000,2019,9,29,10,VRB02KT,12,11
2019-09-29 11:00:00.000,2019,9,29,11,06004KT,12,11
2019-09-29 12:00:00.000,2019,9,29,12,05006KT,12,11
2019-09-29 13:00:00.000,2019,9,29,13,04006KT,15,11
2019-09-29 14:00:00.000,2019,9,29,14,VRB02KT,17,10
2019-09-29 15:00:00.000,2019,9,29,15,28004KT,17,09
2019-09-29 16:00:00.000,2019,9,29,16,VRB02KT,18,09
2019-09-29 17:00:00.000,2019,9,29,17,25012KT,18,11
2019-09-29 18:00:00.000,2019,9,29,18,24012KT,16,12
2019-09-29 19:00:00.000,2019,9,29,19,30011KT,16,11
2019-09-29 20:00:00.000,2019,9,29,20,23010KT,15,12
2019-09-29 21:00:00.000,2019,9,29,21,24007KT,14,12
2019-09-29 22:00:00.000,2019,9,29,22,VRB02KT,14,12
2019-09-29 23:00:00.000,2019,9,29,23,33003KT,13,11
2019-09-30 00:00:00.000,2019,9,30,0,VRB02KT,13,11
2019-09-30 01:00:00.000,2019,9,30,1,34003KT,12,11
2019-09-30 02:00:00.000,2019,9,30,2,36003KT,11,10
2019-09-30 03:00:00.000,2019,9,30,3,VRB02KT,12,10
2019-09-30 04:00:00.000,2019,9,30,4,33003KT,10,10
2019-09-30 05:00:00.000,2019,9,30,5,02003KT,10,10
2019-09-30 06:00:00.000,2019,9,30,6,31003KT,10,10
2019-09-30 07:00:00.000,2019,9,30,7,VRB02KT,10,10
2019-09-30 08:00:00.000,2019,9,30,8,VRB02KT,10,10
2019-09-30 09:00:00.000,2019,9,30,9,03004KT,11,10
2019-09-30 10:00:00.000,2019,9,30,10,31004KT,10,09
2019-09-30 11:00:00.000,2019,9,30,11,36004KT,09,08
2019-09-30 12:00:00.000,2019,9,30,12,05003KT,12,11
2019-09-30 13:00:00.000,2019,9,30,13,VRB02KT,15,12
2019-10-01 00:00:00.000,2019,10,1,0,VRB02KT,14,10
2019-10-01 01:00:00.000,2019,10,1,1,VRB02KT,12,09
2019-10-01 02:00:00.000,2019,10,1,2,04004KT,12,09
2019-10-01 03:00:00.000,2019,10,1,3,03007KT,11,08
2019-10-01 04:00:00.000,2019,10,1,4,35004KT,11,08
2019-10-01 05:00:00.000,2019,10,1,5,05006KT,10,09
2019-10-01 06:00:00.000,2019,10,1,6,36004KT,09,08
2019-10-01 07:00:00.000,2019,10,1,7,04004KT,10,09
2019-10-01 08:00:00.000,2019,10,1,8,VRB02KT,10,09
2019-10-01 09:00:00.000,2019,10,1,9,VRB02KT,09,07
2019-10-01 10:00:00.000,2019,10,1,10,VRB02KT,10,09
2019-10-01 11:00:00.000,2019,10,1,11,VRB02KT,09,08
2019-10-01 12:00:00.000,2019,10,1,12,03004KT,10,09
2019-10-01 13:00:00.000,2019,10,1,13,04004KT,13,10
2019-10-01 14:00:00.000,2019,10,1,14,33004KT,16,09
2019-10-01 15:00:00.000,2019,10,1,15,29004KT,17,09
2019-10-01 17:00:00.000,2019,10,1,17,24008KT,18,11
2019-10-01 18:00:00.000,2019,10,1,18,01004KT,20,10
2019-10-01 19:00:00.000,2019,10,1,19,VRB05KT,20,11
2019-10-01 20:00:00.000,2019,10,1,20,27010KT,18,11
2019-10-01 21:00:00.000,2019,10,1,21,30008KT,18,11
2019-10-01 22:00:00.000,2019,10,1,22,28008KT,18,11
2019-10-01 23:00:00.000,2019,10,1,23,29005KT,16,11
2019-10-02 00:00:00.000,2019,10,2,0,32003KT,14,11
2019-10-02 01:00:00.000,2019,10,2,1,04003KT,13,12
2019-10-02 02:00:00.000,2019,10,2,2,36004KT,12,11
2019-10-02 03:00:00.000,2019,10,2,3,36004KT,13,12
2019-10-02 04:00:00.000,2019,10,2,4,32004KT,13,11
2019-10-02 05:00:00.000,2019,10,2,5,06008KT,13,11
2019-10-02 06:00:00.000,2019,10,2,6,02004KT,12,10
2019-10-02 07:00:00.000,2019,10,2,7,05006KT,11,10
2019-10-02 08:00:00.000,2019,10,2,8,02006KT,10,10
2019-10-02 09:00:00.000,2019,10,2,9,04004KT,10,10
2019-10-02 10:00:00.000,2019,10,2,10,06003KT,10,09
2019-10-02 11:00:00.000,2019,10,2,11,32004KT,09,08
2019-10-02 12:00:00.000,2019,10,2,12,VRB02KT,10,09
2019-10-02 13:00:00.000,2019,10,2,13,05004KT,14,10
2019-10-02 14:00:00.000,2019,10,2,14,36004KT,16,09
2019-10-02 15:00:00.000,2019,10,2,15,VRB05KT,18,08
2019-10-02 16:00:00.000,2019,10,2,16,03005KT,19,08
2019-10-02 17:00:00.000,2019,10,2,17,VRB07KT,21,08
2019-10-02 18:00:00.000,2019,10,2,18,04008KT,21,07
2019-10-02 19:00:00.000,2019,10,2,19,24013KT,19,12
2019-10-02 20:00:00.000,2019,10,2,20,28013KT,19,12
2019-10-02 21:00:00.000,2019,10,2,21,26013KT,18,12
2019-10-02 22:00:00.000,2019,10,2,22,27012KT,16,12
2019-10-02 23:00:00.000,2019,10,2,23,24007KT,14,12
2019-10-03 00:00:00.000,2019,10,3,0,29008KT,13,11
2019-10-03 01:00:00.000,2019,10,3,1,02003KT,13,11
2019-10-03 02:00:00.000,2019,10,3,2,30005KT,13,11
2019-10-03 03:00:00.000,2019,10,3,3,VRB02KT,13,11
2019-10-03 04:00:00.000,2019,10,3,4,28004KT,13,11
2019-10-03 05:00:00.000,2019,10,3,5,VRB02KT,12,11
2019-10-03 06:00:00.000,2019,10,3,6,VRB02KT,12,11
2019-10-03 07:00:00.000,2019,10,3,7,VRB02KT,12,11
2019-10-03 08:00:00.000,2019,10,3,8,33003KT,12,11
2019-10-03 09:00:00.000,2019,10,3,9,30005KT,11,10
2019-10-03 10:00:00.000,2019,10,3,10,VRB02KT,10,10
2019-10-03 11:00:00.000,2019,10,3,11,06003KT,11,10
2019-10-03 12:00:00.000,2019,10,3,12,13005KT,12,11
2019-10-03 13:00:00.000,2019,10,3,13,11005KT,10,09
2019-10-03 14:00:00.000,2019,10,3,14,09005KT,10,08
2019-10-03 15:00:00.000,2019,10,3,15,03004KT,11,08
2019-10-03 16:00:00.000,2019,10,3,16,04010KT,12,08
2019-10-03 17:00:00.000,2019,10,3,17,05011KT,13,08
2019-10-03 18:00:00.000,2019,10,3,18,05010KT,14,09
2019-10-03 19:00:00.000,2019,10,3,19,14013KT,16,08
2019-10-03 20:00:00.000,2019,10,3,20,13011KT,15,08
2019-10-03 21:00:00.000,2019,10,3,21,10010KT,15,07
2019-10-03 22:00:00.000,2019,10,3,22,07007KT,14,07
2019-10-03 23:00:00.000,2019,10,3,23,04005KT,12,08
2019-10-04 00:00:00.000,2019,10,4,0,03005KT,12,08
2019-10-04 01:00:00.000,2019,10,4,1,02004KT,11,08
2019-10-04 02:00:00.000,2019,10,4,2,05006KT,11,08
2019-10-04 03:00:00.000,2019,10,4,3,03005KT,10,08
2019-10-04 04:00:00.000,2019,10,4,4,36004KT,10,08
2019-10-04 05:00:00.000,2019,10,4,5,02003KT,10,08
2019-10-04 06:00:00.000,2019,10,4,6,VRB02KT,09,07
2019-10-04 07:00:00.000,2019,10,4,7,VRB02KT,09,07
2019-10-04 08:00:00.000,2019,10,4,8,VRB02KT,09,07
2019-10-04 09:00:00.000,2019,10,4,9,VRB02KT,09,07
2019-10-04 10:00:00.000,2019,10,4,10,VRB02KT,09,07
2019-10-04 11:00:00.000,2019,10,4,11,VRB02KT,08,07
2019-10-04 12:00:00.000,2019,10,4,12,VRB02KT,10,08
2019-10-04 13:00:00.000,2019,10,4,13,05004KT,13,09
2019-10-04 14:00:00.000,2019,10,4,14,VRB04KT,16,09
2019-10-04 15:00:00.000,2019,10,4,15,04004KT,20,08
2019-10-04 16:00:00.000,2019,10,4,16,04007KT,18,09
2019-10-04 17:00:00.000,2019,10,4,17,16013KT,20,08
2019-10-04 18:00:00.000,2019,10,4,18,13009KT,20,08
2019-10-04 19:00:00.000,2019,10,4,19,08007KT,19,07
2019-10-04 20:00:00.000,2019,10,4,20,14012KT,18,09
2019-10-04 21:00:00.000,2019,10,4,21,11007KT,18,08
2019-10-04 22:00:00.000,2019,10,4,22,12005KT,17,07
2019-10-04 23:00:00.000,2019,10,4,23,21008KT,16,08
2019-10-05 00:00:00.000,2019,10,5,0,29006KT,14,09
2019-10-05 01:00:00.000,2019,10,5,1,VRB02KT,12,09
2019-10-05 02:00:00.000,2019,10,5,2,06004KT,12,10
2019-10-05 03:00:00.000,2019,10,5,3,32005KT,10,07
2019-10-05 04:00:00.000,2019,10,5,4,36004KT,10,08
2019-10-05 05:00:00.000,2019,10,5,5,01004KT,08,07
2019-10-05 06:00:00.000,2019,10,5,6,34004KT,08,07
2019-10-05 07:00:00.000,2019,10,5,7,34004KT,08,07
2019-10-05 08:00:00.000,2019,10,5,8,04004KT,08,07
2019-10-05 09:00:00.000,2019,10,5,9,25004KT,07,07
2019-10-05 10:00:00.000,2019,10,5,10,VRB02KT,06,06
2019-10-05 11:00:00.000,2019,10,5,11,35004KT,05,05
2019-10-05 12:00:00.000,2019,10,5,12,VRB02KT,09,08
2019-10-05 13:00:00.000,2019,10,5,13,VRB02KT,13,10
2019-10-05 14:00:00.000,2019,10,5,14,08004KT,16,09
2019-10-05 15:00:00.000,2019,10,5,15,02006KT,17,07
2019-10-05 16:00:00.000,2019,10,5,16,05009KT,18,08
2019-10-05 17:00:00.000,2019,10,5,17,04008KT,19,07
2019-10-05 18:00:00.000,2019,10,5,18,06008KT,19,08
2019-10-05 19:00:00.000,2019,10,5,19,VRB06KT,19,09
2019-10-05 20:00:00.000,2019,10,5,20,22008KT,17,11
2019-10-05 21:00:00.000,2019,10,5,21,27010KT,17,11
2019-10-05 22:00:00.000,2019,10,5,22,VRB02KT,15,12
2019-10-05 23:00:00.000,2019,10,5,23,08008KT,14,12
2019-10-06 00:00:00.000,2019,10,6,0,04005KT,13,10
2019-10-06 01:00:00.000,2019,10,6,1,05005KT,13,10
2019-10-06 02:00:00.000,2019,10,6,2,VRB02KT,12,09
2019-10-06 03:00:00.000,2019,10,6,3,05004KT,12,09
2019-10-06 04:00:00.000,2019,10,6,4,06003KT,11,09
2019-10-06 05:00:00.000,2019,10,6,5,VRB02KT,10,08
2019-10-06 06:00:00.000,2019,10,6,6,04003KT,09,08
2019-10-06 07:00:00.000,2019,10,6,7,34003KT,08,07
2019-10-06 08:00:00.000,2019,10,6,8,VRB02KT,08,08
2019-10-06 09:00:00.000,2019,10,6,9,33004KT,07,06
2019-10-06 10:00:00.000,2019,10,6,10,VRB02KT,07,07
2019-10-06 11:00:00.000,2019,10,6,11,36004KT,06,06
2019-10-06 12:00:00.000,2019,10,6,12,02003KT,10,09
2019-10-06 13:00:00.000,2019,10,6,13,05003KT,14,10
2019-10-06 14:00:00.000,2019,10,6,14,02004KT,16,10
2019-10-06 15:00:00.000,2019,10,6,15,04004KT,18,09
2019-10-06 16:00:00.000,2019,10,6,16,05004KT,19,07
2019-10-06 17:00:00.000,2019,10,6,17,10006KT,21,08
2019-10-06 18:00:00.000,2019,10,6,18,18005KT,221,06
2019-10-06 19:00:00.000,2019,10,6,19,29016KT,19,12
2019-10-06 20:00:00.000,2019,10,6,20,29009KT,17,13
2019-10-06 21:00:00.000,2019,10,6,21,29009KT,19,11
2019-10-06 22:00:00.000,2019,10,6,22,27010KT,17,12
2019-10-06 23:00:00.000,2019,10,6,23,28008KT,15,12
2019-10-07 00:00:00.000,2019,10,7,0,26004KT,15,12
2019-10-07 01:00:00.000,2019,10,7,1,00000KT,14,12
2019-10-07 02:00:00.000,2019,10,7,2,14005KT,14,12
2019-10-07 03:00:00.000,2019,10,7,3,20005KT,13,09
2019-10-07 04:00:00.000,2019,10,7,4,07004KT,14,08
2019-10-07 05:00:00.000,2019,10,7,5,03004KT,12,08
2019-10-07 06:00:00.000,2019,10,7,6,00000KT,10,08
2019-10-07 07:00:00.000,2019,10,7,7,00000KT,09,08
2019-10-07 08:00:00.000,2019,10,7,8,VRB02KT,09,08
2019-10-07 09:00:00.000,2019,10,7,9,00000KT,10,09
2019-10-07 10:00:00.000,2019,10,7,10,00000KT,10,08
2019-10-07 11:00:00.000,2019,10,7,11,VRB02KT,07,06
2019-10-07 12:00:00.000,2019,10,7,12,05004KT,11,10
2019-10-07 13:00:00.000,2019,10,7,13,VRB02KT,14,09
2019-10-07 14:00:00.000,2019,10,7,14,11004KT,17,07
2019-10-07 15:00:00.000,2019,10,7,15,071500Z,18,07
2019-10-07 16:00:00.000,2019,10,7,16,07006KT,18,08
2019-10-07 17:00:00.000,2019,10,7,17,36003KT,19,07
2019-10-07 18:00:00.000,2019,10,7,18,15010KT,21,07
2019-10-07 19:00:00.000,2019,10,7,19,24010KT,19,10
2019-10-07 20:00:00.000,2019,10,7,20,29011KT,18,11
2019-10-07 21:00:00.000,2019,10,7,21,26008KT,15,12
2019-10-07 22:00:00.000,2019,10,7,22,27007KT,16,12
2019-10-07 23:00:00.000,2019,10,7,23,VRB02KT,15,12
2019-10-08 00:00:00.000,2019,10,8,0,VRB02KT,14,11
2019-10-08 01:00:00.000,2019,10,8,1,35004KT,13,11
2019-10-08 02:00:00.000,2019,10,8,2,07006KT,13,09
2019-10-08 03:00:00.000,2019,10,8,3,VRB02KT,13,09
2019-10-08 04:00:00.000,2019,10,8,4,08003KT,12,10
2019-10-08 05:00:00.000,2019,10,8,5,05004KT,11,09
2019-10-08 06:00:00.000,2019,10,8,6,04007KT,11,09
2019-10-08 07:00:00.000,2019,10,8,7,VRB02KT,11,09
2019-10-08 08:00:00.000,2019,10,8,8,05005KT,10,09
2019-10-08 09:00:00.000,2019,10,8,9,04005KT,11,09
2019-10-08 10:00:00.000,2019,10,8,10,06005KT,10,09
2019-10-08 11:00:00.000,2019,10,8,11,08005KT,10,08
2019-10-08 12:00:00.000,2019,10,8,12,04005KT,11,09
2019-10-08 13:00:00.000,2019,10,8,13,36003KT,13,10
2019-10-08 14:00:00.000,2019,10,8,14,VRB02KT,15,09
2019-10-08 15:00:00.000,2019,10,8,15,01003KT,16,09
2019-10-08 16:00:00.000,2019,10,8,16,03003KT,17,08
2019-10-08 17:00:00.000,2019,10,8,17,26005KT,16,10
2019-10-08 18:00:00.000,2019,10,8,18,28008KT,14,11
2019-10-08 19:00:00.000,2019,10,8,19,23007KT,13,12
2019-10-08 20:00:00.000,2019,10,8,20,23004KT,14,11
2019-10-08 21:00:00.000,2019,10,8,21,28003KT,15,11
2019-10-08 22:00:00.000,2019,10,8,22,19007KT,15,09
2019-10-08 23:00:00.000,2019,10,8,23,08003KT,13,08
2019-10-09 00:00:00.000,2019,10,9,0,09003KT,13,07
2019-10-09 01:00:00.000,2019,10,9,1,05005KT,12,08
2019-10-09 02:00:00.000,2019,10,9,2,04005KT,12,08
2019-10-09 03:00:00.000,2019,10,9,3,35004KT,10,08
2019-10-09 04:00:00.000,2019,10,9,4,03004KT,10,08
2019-10-09 05:00:00.000,2019,10,9,5,090500Z,09,08
2019-10-09 06:00:00.000,2019,10,9,6,34004KT,08,07
2019-10-09 07:00:00.000,2019,10,9,7,30003KT,08,06
2019-10-09 08:00:00.000,2019,10,9,8,VRB02KT,08,07
2019-10-09 09:00:00.000,2019,10,9,9,36003KT,08,07
2019-10-09 10:00:00.000,2019,10,9,10,05005KT,09,08
2019-10-09 11:00:00.000,2019,10,9,11,36003KT,08,07
2019-10-09 12:00:00.000,2019,10,9,12,05006KT,10,08
2019-10-09 13:00:00.000,2019,10,9,13,05006KT,12,09
2019-10-09 14:00:00.000,2019,10,9,14,05004KT,15,09
2019-10-09 15:00:00.000,2019,10,9,15,13008KT,18,08
2019-10-09 16:00:00.000,2019,10,9,16,17013KT,18,08
2019-10-09 17:00:00.000,2019,10,9,17,16010KT,19,08
2019-10-09 18:00:00.000,2019,10,9,18,13010KT,18,07
2019-10-09 19:00:00.000,2019,10,9,19,12007KT,18,06
2019-10-09 20:00:00.000,2019,10,9,20,16011KT,19,06
2019-10-09 21:00:00.000,2019,10,9,21,14010KT,20,07
2019-10-09 22:00:00.000,2019,10,9,22,15010KT,19,06
2019-10-09 23:00:00.000,2019,10,9,23,16007KT,16,07
2019-10-10 00:00:00.000,2019,10,10,0,31004KT,14,07
2019-10-10 01:00:00.000,2019,10,10,1,31004KT,12,09
2019-10-10 02:00:00.000,2019,10,10,2,VRB02KT,12,09
2019-10-10 03:00:00.000,2019,10,10,3,VRB02KT,11,08
2019-10-10 04:00:00.000,2019,10,10,4,VRB02KT,11,10
2019-10-10 05:00:00.000,2019,10,10,5,01003KT,10,09
2019-10-10 06:00:00.000,2019,10,10,6,VRB02KT,09,08
2019-10-10 07:00:00.000,2019,10,10,7,VRB02KT,10,09
2019-10-10 08:00:00.000,2019,10,10,8,VRB02KT,10,09
2019-10-10 09:00:00.000,2019,10,10,9,VRB02KT,10,09
2019-10-10 10:00:00.000,2019,10,10,10,32004KT,11,09
2019-10-10 11:00:00.000,2019,10,10,11,VRB02KT,10,09
2019-10-10 12:00:00.000,2019,10,10,12,08003KT,12,10
2019-10-10 13:00:00.000,2019,10,10,13,04004KT,13,10
2019-10-10 14:00:00.000,2019,10,10,14,VRB02KT,15,10
2019-10-10 15:00:00.000,2019,10,10,15,05004KT,16,10
2019-10-10 16:00:00.000,2019,10,10,16,09006KT,17,09
2019-10-10 17:00:00.000,2019,10,10,17,27010KT,17,11
2019-10-10 18:00:00.000,2019,10,10,18,25007KT,18,10
2019-10-10 19:00:00.000,2019,10,10,19,23010KT,17,11
2019-10-10 20:00:00.000,2019,10,10,20,26007KT,18,10
2019-10-10 21:00:00.000,2019,10,10,21,29009KT,17,11
2019-10-10 22:00:00.000,2019,10,10,22,27007KT,16,10
2019-10-10 23:00:00.000,2019,10,10,23,29006KT,15,09
2019-10-11 00:00:00.000,2019,10,11,0,27006KT,15,11
2019-10-11 01:00:00.000,2019,10,11,1,VRB02KT,14,11
2019-10-11 02:00:00.000,2019,10,11,2,01003KT,13,10
2019-10-11 03:00:00.000,2019,10,11,3,VRB02KT,13,11
2019-10-11 04:00:00.000,2019,10,11,4,VRB02KT,13,10
2019-10-11 05:00:00.000,2019,10,11,5,VRB02KT,13,10
2019-10-11 06:00:00.000,2019,10,11,6,34003KT,12,10
2019-10-11 07:00:00.000,2019,10,11,7,18004KT,12,11
2019-10-11 08:00:00.000,2019,10,11,8,VRB02KT,11,10
2019-10-11 09:00:00.000,2019,10,11,9,29004KT,12,11
2019-10-11 10:00:00.000,2019,10,11,10,VRB02KT,12,10
2019-10-11 11:00:00.000,2019,10,11,11,111100Z,11,11
2019-10-11 12:00:00.000,2019,10,11,12,VRB02KT,12,11
2019-10-11 13:00:00.000,2019,10,11,13,VRB02KT,14,10
2019-10-11 14:00:00.000,2019,10,11,14,VRB02KT,15,10
2019-10-11 15:00:00.000,2019,10,11,15,VRB02KT,16,10
2019-10-11 16:00:00.000,2019,10,11,16,30004KT,17,10
2019-10-11 17:00:00.000,2019,10,11,17,23012KT,16,11
2019-10-11 18:00:00.000,2019,10,11,18,24010KT,17,10
2019-10-11 19:00:00.000,2019,10,11,19,26012KT,16,10
2019-10-11 20:00:00.000,2019,10,11,20,28006KT,14,11
2019-10-11 21:00:00.000,2019,10,11,21,VRB02KT,14,11
2019-10-11 22:00:00.000,2019,10,11,22,06004KT,14,12
2019-10-11 23:00:00.000,2019,10,11,23,33004KT,13,12
2019-10-12 00:00:00.000,2019,10,12,0,VRB02KT,13,11
2019-10-12 01:00:00.000,2019,10,12,1,01003KT,13,12
2019-10-12 02:00:00.000,2019,10,12,2,VRB02KT,13,11
2019-10-12 03:00:00.000,2019,10,12,3,33003KT,13,11
2019-10-12 04:00:00.000,2019,10,12,4,VRB02KT,12,11
2019-10-12 05:00:00.000,2019,10,12,5,VRB02KT,12,11
2019-10-12 06:00:00.000,2019,10,12,6,33003KT,12,11
2019-10-12 07:00:00.000,2019,10,12,7,VRB02KT,12,11
2019-10-12 08:00:00.000,2019,10,12,8,33004KT,11,11
2019-10-12 09:00:00.000,2019,10,12,9,VRB02KT,11,11
2019-10-12 10:00:00.000,2019,10,12,10,VRB02KT,11,10
2019-10-12 11:00:00.000,2019,10,12,11,VRB02KT,12,11
2019-10-12 12:00:00.000,2019,10,12,12,VRB02KT,13,12
2019-10-12 13:00:00.000,2019,10,12,13,12006KT,15,10
2019-10-12 14:00:00.000,2019,10,12,14,16006KT,16,10
2019-10-12 15:00:00.000,2019,10,12,15,14006KT,18,08
2019-10-12 16:00:00.000,2019,10,12,16,13006KT,19,08
2019-10-12 17:00:00.000,2019,10,12,17,16010KT,19,08
2019-10-12 18:00:00.000,2019,10,12,18,18010KT,19,08
2019-10-12 19:00:00.000,2019,10,12,19,15018KT,20,09
2019-10-12 20:00:00.000,2019,10,12,20,18012KT,18,07
2019-10-12 21:00:00.000,2019,10,12,21,12006KT,17,07
2019-10-12 22:00:00.000,2019,10,12,22,17010KT,16,07
2019-10-12 23:00:00.000,2019,10,12,23,16008KT,15,07
2019-10-13 00:00:00.000,2019,10,13,0,13005KT,15,08
2019-10-13 01:00:00.000,2019,10,13,1,15006KT,14,08
2019-10-13 02:00:00.000,2019,10,13,2,09007KT,14,08
2019-10-13 03:00:00.000,2019,10,13,3,09006KT,13,07
2019-10-13 04:00:00.000,2019,10,13,4,09004KT,13,07
2019-10-13 05:00:00.000,2019,10,13,5,06006KT,12,08
2019-10-13 06:00:00.000,2019,10,13,6,08005KT,12,08
2019-10-13 07:00:00.000,2019,10,13,7,32004KT,11,08
2019-10-13 08:00:00.000,2019,10,13,8,VRB02KT,12,08
2019-10-13 09:00:00.000,2019,10,13,9,05005KT,11,08
2019-10-13 10:00:00.000,2019,10,13,10,VRB02KT,10,08
2019-10-13 11:00:00.000,2019,10,13,11,VRB02KT,09,07
2019-10-13 12:00:00.000,2019,10,13,12,04005KT,13,08
2019-10-13 13:00:00.000,2019,10,13,13,VRB02KT,15,06
2019-10-13 14:00:00.000,2019,10,13,14,11012KT,18,04
2019-10-13 15:00:00.000,2019,10,13,15,15012KT,18,03
2019-10-13 16:00:00.000,2019,10,13,16,14012KT,19,03
2019-10-13 17:00:00.000,2019,10,13,17,12012G22KT,19,03
2019-10-13 18:00:00.000,2019,10,13,18,14012KT,17,04
2019-10-13 19:00:00.000,2019,10,13,19,15011KT,18,03
2019-10-13 20:00:00.000,2019,10,13,20,14010KT,19,03
2019-10-13 21:00:00.000,2019,10,13,21,14011KT,18,04
2019-10-13 22:00:00.000,2019,10,13,22,13005KT,17,03
2019-10-13 23:00:00.000,2019,10,13,23,18012KT,16,04
2019-10-14 00:00:00.000,2019,10,14,0,18008KT,15,04
2019-10-14 01:00:00.000,2019,10,14,1,VRB02KT,12,09
2019-10-14 02:00:00.000,2019,10,14,2,04003KT,12,09
2019-10-14 03:00:00.000,2019,10,14,3,03004KT,12,09
2019-10-14 04:00:00.000,2019,10,14,4,36004KT,12,08
2019-10-14 05:00:00.000,2019,10,14,5,08003KT,12,08
2019-10-14 06:00:00.000,2019,10,14,6,VRB02KT,10,07
2019-10-14 07:00:00.000,2019,10,14,7,01003KT,10,08
2019-10-14 08:00:00.000,2019,10,14,8,VRB02KT,10,07
2019-10-14 09:00:00.000,2019,10,14,9,06005KT,10,08
2019-10-14 10:00:00.000,2019,10,14,10,06004KT,10,08
2019-10-14 11:00:00.000,2019,10,14,11,03004KT,10,08
2019-10-14 12:00:00.000,2019,10,14,12,VRB02KT,11,08
2019-10-14 13:00:00.000,2019,10,14,13,05006KT,14,08
2019-10-14 14:00:00.000,2019,10,14,14,05007KT,16,08
2019-10-14 15:00:00.000,2019,10,14,15,10006KT,17,05
2019-10-14 16:00:00.000,2019,10,14,16,13008KT,17,05
2019-10-14 17:00:00.000,2019,10,14,17,10008KT,18,06
2019-10-14 18:00:00.000,2019,10,14,18,15010KT,16,06
2019-10-14 19:00:00.000,2019,10,14,19,18007KT,16,07
2019-10-14 20:00:00.000,2019,10,14,20,14008KT,17,06
2019-10-14 21:00:00.000,2019,10,14,21,17008KT,19,06
2019-10-14 22:00:00.000,2019,10,14,22,13004KT,19,06
2019-10-14 23:00:00.000,2019,10,14,23,18005KT,16,05
2019-10-15 00:00:00.000,2019,10,15,0,22003KT,13,10
2019-10-15 01:00:00.000,2019,10,15,1,31004KT,12,10
2019-10-15 02:00:00.000,2019,10,15,2,VRB02KT,11,10
2019-10-15 03:00:00.000,2019,10,15,3,VRB02KT,10,09
2019-10-15 04:00:00.000,2019,10,15,4,VRB02KT,09,08
2019-10-15 05:00:00.000,2019,10,15,5,VRB02KT,10,08
2019-10-15 06:00:00.000,2019,10,15,6,04004KT,09,07
2019-10-15 07:00:00.000,2019,10,15,7,VRB02KT,08,06
2019-10-15 08:00:00.000,2019,10,15,8,33005KT,06,05
2019-10-15 09:00:00.000,2019,10,15,9,VRB02KT,06,06
2019-10-15 10:00:00.000,2019,10,15,10,35003KT,05,05
2019-10-15 11:00:00.000,2019,10,15,11,32005KT,04,04
2019-10-15 12:00:00.000,2019,10,15,12,VRB02KT,08,08
2019-10-15 13:00:00.000,2019,10,15,13,05004KT,12,09
2019-10-15 14:00:00.000,2019,10,15,14,04004KT,16,07
2019-10-15 15:00:00.000,2019,10,15,15,02006KT,17,07
2019-10-15 16:00:00.000,2019,10,15,16,04008KT,17,08
2019-10-15 17:00:00.000,2019,10,15,17,02006KT,18,08
2019-10-15 18:00:00.000,2019,10,15,18,29005KT,19,08
2019-10-15 19:00:00.000,2019,10,15,19,26010KT,17,11
2019-10-15 20:00:00.000,2019,10,15,20,24008KT,15,11
2019-10-15 21:00:00.000,2019,10,15,21,31006KT,15,12
2019-10-15 22:00:00.000,2019,10,15,22,01003KT,15,12
2019-10-15 23:00:00.000,2019,10,15,23,15004KT,13,10
2019-10-16 00:00:00.000,2019,10,16,0,VRB02KT,13,10
2019-10-16 01:00:00.000,2019,10,16,1,VRB02KT,13,10
2019-10-16 02:00:00.000,2019,10,16,2,06005KT,12,10
2019-10-16 03:00:00.000,2019,10,16,3,08003KT,14,09
2019-10-16 04:00:00.000,2019,10,16,4,08004KT,13,09
2019-10-16 05:00:00.000,2019,10,16,5,VRB02KT,12,09
2019-10-16 06:00:00.000,2019,10,16,6,05003KT,12,09
2019-10-16 07:00:00.000,2019,10,16,7,VRB02KT,11,09
2019-10-16 08:00:00.000,2019,10,16,8,04005KT,10,08
2019-10-16 09:00:00.000,2019,10,16,9,02004KT,10,08
2019-10-16 10:00:00.000,2019,10,16,10,VRB02KT,10,08
2019-10-16 11:00:00.000,2019,10,16,11,VRB02KT,09,08
2019-10-16 12:00:00.000,2019,10,16,12,05005KT,12,10
2019-10-16 13:00:00.000,2019,10,16,13,04007KT,14,10
2019-10-16 14:00:00.000,2019,10,16,14,04009KT,15,09
2019-10-16 15:00:00.000,2019,10,16,15,08007KT,18,07
2019-10-16 16:00:00.000,2019,10,16,16,10006KT,18,07
2019-10-16 17:00:00.000,2019,10,16,17,18006KT,17,09
2019-10-16 18:00:00.000,2019,10,16,18,VRB02KT,18,08
2019-10-16 19:00:00.000,2019,10,16,19,21004KT,15,11
2019-10-16 20:00:00.000,2019,10,16,20,20003KT,16,10
2019-10-16 21:00:00.000,2019,10,16,21,13006KT,17,09
2019-10-16 22:00:00.000,2019,10,16,22,13005KT,15,09
2019-10-16 23:00:00.000,2019,10,16,23,12003KT,15,08
2019-10-17 00:00:00.000,2019,10,17,0,VRB02KT,13,08
2019-10-17 01:00:00.000,2019,10,17,1,35004KT,11,09
2019-10-17 02:00:00.000,2019,10,17,2,VRB02KT,10,08
2019-10-17 03:00:00.000,2019,10,17,3,35003KT,10,08
2019-10-17 04:00:00.000,2019,10,17,4,06004KT,09,08
2019-10-17 05:00:00.000,2019,10,17,5,03003KT,09,08
2019-10-17 06:00:00.000,2019,10,17,6,VRB02KT,08,07
2019-10-17 07:00:00.000,2019,10,17,7,VRB02KT,07,07
2019-10-17 08:00:00.000,2019,10,17,8,VRB02KT,07,07
2019-10-17 09:00:00.000,2019,10,17,9,VRB02KT,05,04
2019-10-17 10:00:00.000,2019,10,17,10,VRB02KT,06,05
2019-10-17 11:00:00.000,2019,10,17,11,VRB02KT,06,05
2019-10-17 12:00:00.000,2019,10,17,12,VRB02KT,08,07
2019-10-17 13:00:00.000,2019,10,17,13,07004KT,14,08
2019-10-17 14:00:00.000,2019,10,17,14,05004KT,15,08
2019-10-17 15:00:00.000,2019,10,17,15,07005KT,16,07
2019-10-17 16:00:00.000,2019,10,17,16,15008KT,18,07
2019-10-17 17:00:00.000,2019,10,17,17,13008KT,018,07
2019-10-17 18:00:00.000,2019,10,17,18,12007KT,18,07
2019-10-17 19:00:00.000,2019,10,17,19,05003KT,19,07
2019-10-17 20:00:00.000,2019,10,17,20,11006KT,19,07
2019-10-17 21:00:00.000,2019,10,17,21,07006KT,18,08
2019-10-17 22:00:00.000,2019,10,17,22,24009KT,16,12
2019-10-17 23:00:00.000,2019,10,17,23,27003KT,15,11
2019-10-18 00:00:00.000,2019,10,18,0,33004KT,14,12
2019-10-18 01:00:00.000,2019,10,18,1,28003KT,14,11
2019-10-18 02:00:00.000,2019,10,18,2,VRB02KT,13,11
2019-10-18 03:00:00.000,2019,10,18,3,36003KT,14,11
2019-10-18 04:00:00.000,2019,10,18,4,36003KT,14,11
2019-10-18 05:00:00.000,2019,10,18,5,04007KT,13,10
2019-10-18 06:00:00.000,2019,10,18,6,03005KT,13,10
2019-10-18 07:00:00.000,2019,10,18,7,06005KT,13,10
2019-10-18 08:00:00.000,2019,10,18,8,03004KT,12,09
2019-10-18 09:00:00.000,2019,10,18,9,05003KT,11,09
2019-10-18 10:00:00.000,2019,10,18,10,VRB02KT,10,08
2019-10-18 11:00:00.000,2019,10,18,11,05005KT,10,09
2019-10-18 12:00:00.000,2019,10,18,12,04006KT,13,10
2019-10-18 13:00:00.000,2019,10,18,13,VRB02KT,16,10
2019-10-18 14:00:00.000,2019,10,18,14,VRB02KT,16,08
2019-10-18 15:00:00.000,2019,10,18,15,06005KT,17,08
2019-10-18 16:00:00.000,2019,10,18,16,VRB02KT,18,07
2019-10-18 17:00:00.000,2019,10,18,17,VRB04KT,19,08
2019-10-18 18:00:00.000,2019,10,18,18,24012KT,17,10
2019-10-18 19:00:00.000,2019,10,18,19,27011KT,16,11
2019-10-18 20:00:00.000,2019,10,18,20,24010KT,18,11
2019-10-18 21:00:00.000,2019,10,18,21,23007KT,17,11
2019-10-18 22:00:00.000,2019,10,18,22,27006KT,18,11
2019-10-18 23:00:00.000,2019,10,18,23,14008KT,15,10
2019-10-19 00:00:00.000,2019,10,19,0,13008KT,13,11
2019-10-19 01:00:00.000,2019,10,19,1,21003KT,14,11
2019-10-19 02:00:00.000,2019,10,19,2,34004KT,12,11
2019-10-19 03:00:00.000,2019,10,19,3,36004KT,12,11
2019-10-19 04:00:00.000,2019,10,19,4,01003KT,12,11
2019-10-19 05:00:00.000,2019,10,19,5,08003KT,12,11
2019-10-19 06:00:00.000,2019,10,19,6,06006KT,12,11
2019-10-19 07:00:00.000,2019,10,19,7,04007KT,11,11
2019-10-19 08:00:00.000,2019,10,19,8,04004KT,11,10
2019-10-19 09:00:00.000,2019,10,19,9,05006KT,11,10
2019-10-19 10:00:00.000,2019,10,19,10,05005KT,11,10
2019-10-19 11:00:00.000,2019,10,19,11,VRB02KT,11,10
2019-10-19 12:00:00.000,2019,10,19,12,04004KT,12,10
2019-10-19 13:00:00.000,2019,10,19,13,06004KT,13,10
2019-10-19 14:00:00.000,2019,10,19,14,VRB02KT,14,10
2019-10-19 15:00:00.000,2019,10,19,15,VRB04KT,16,10
2019-10-19 16:00:00.000,2019,10,19,16,13006KT,16,10
2019-10-19 17:00:00.000,2019,10,19,17,13009KT,18,08
2019-10-19 18:00:00.000,2019,10,19,18,14012KT,18,08
2019-10-19 19:00:00.000,2019,10,19,19,10009KT,18,08
2019-10-19 20:00:00.000,2019,10,19,20,10007KT,17,09
2019-10-19 21:00:00.000,2019,10,19,21,15006KT,17,08
2019-10-19 22:00:00.000,2019,10,19,22,03010KT,15,10
2019-10-19 23:00:00.000,2019,10,19,23,03006KT,13,10
2019-10-20 00:00:00.000,2019,10,20,0,32005KT,14,10
2019-10-20 01:00:00.000,2019,10,20,1,35003KT,13,10
2019-10-20 02:00:00.000,2019,10,20,2,VRB02KT,12,09
2019-10-20 03:00:00.000,2019,10,20,3,04004KT,11,09
2019-10-20 04:00:00.000,2019,10,20,4,05004KT,11,09
2019-10-20 05:00:00.000,2019,10,20,5,05005KT,11,09
2019-10-20 06:00:00.000,2019,10,20,6,02006KT,11,08
2019-10-20 07:00:00.000,2019,10,20,7,07005KT,10,08
2019-10-20 08:00:00.000,2019,10,20,8,33003KT,09,08
2019-10-20 09:00:00.000,2019,10,20,9,34003KT,08,07
2019-10-20 10:00:00.000,2019,10,20,10,02006KT,08,07
2019-10-20 11:00:00.000,2019,10,20,11,VRB02KT,08,07
2019-10-20 12:00:00.000,2019,10,20,12,VRB02KT,09,08
2019-10-20 13:00:00.000,2019,10,20,13,VRB02KT,12,09
2019-10-20 14:00:00.000,2019,10,20,14,12004KT,15,10
2019-10-20 15:00:00.000,2019,10,20,15,09004KT,17,10
2019-10-20 16:00:00.000,2019,10,20,16,10008KT,19,07
2019-10-20 17:00:00.000,2019,10,20,17,11006KT,19,06
2019-10-20 18:00:00.000,2019,10,20,18,14006KT,19,06
2019-10-20 19:00:00.000,2019,10,20,19,32008KT,17,11
2019-10-20 20:00:00.000,2019,10,20,20,31011KT,15,12
2019-10-20 21:00:00.000,2019,10,20,21,25006KT,15,11
2019-10-20 22:00:00.000,2019,10,20,22,20005KT,13,11
2019-10-20 23:00:00.000,2019,10,20,23,VRB02KT,13,11
2019-10-21 00:00:00.000,2019,10,21,0,VRB02KT,13,11
2019-10-21 01:00:00.000,2019,10,21,1,VRB02KT,12,11
2019-10-21 02:00:00.000,2019,10,21,2,32005KT,12,11
2019-10-21 03:00:00.000,2019,10,21,3,33003KT,12,11
2019-10-21 04:00:00.000,2019,10,21,4,33003KT,11,10
2019-10-21 05:00:00.000,2019,10,21,5,VRB02KT,12,10
2019-10-21 06:00:00.000,2019,10,21,6,VRB02KT,11,10
2019-10-21 07:00:00.000,2019,10,21,7,VRB02KT,10,09
2019-10-21 08:00:00.000,2019,10,21,8,VRB002KT,10,09
2019-10-21 09:00:00.000,2019,10,21,9,VRB02KT,10,09
2019-10-21 10:00:00.000,2019,10,21,10,36004KT,10,09
2019-10-21 11:00:00.000,2019,10,21,11,VRB02KT,10,09
2019-10-21 12:00:00.000,2019,10,21,12,02004KT,12,10
2019-10-21 13:00:00.000,2019,10,21,13,03006KT,13,10
2019-10-21 14:00:00.000,2019,10,21,14,10004KT,16,10
2019-10-21 15:00:00.000,2019,10,21,15,10004KT,18,08
2019-10-21 16:00:00.000,2019,10,21,16,VRB02KT,20,08
2019-10-21 17:00:00.000,2019,10,21,17,28012KT,19,11
2019-10-21 18:00:00.000,2019,10,21,18,27010G20KT,15,13
2019-10-21 19:00:00.000,2019,10,21,19,27010KT,15,12
2019-10-21 20:00:00.000,2019,10,21,20,29007KT,514,13
2019-10-21 21:00:00.000,2019,10,21,21,29007KT,16,12
2019-10-21 22:00:00.000,2019,10,21,22,29008KT,15,12
2019-10-21 23:00:00.000,2019,10,21,23,32007KT,13,12
2019-10-22 00:00:00.000,2019,10,22,0,33005KT,12,11
2019-10-22 01:00:00.000,2019,10,22,1,26003KT,12,11
2019-10-22 02:00:00.000,2019,10,22,2,VRB02KT,12,11
2019-10-22 03:00:00.000,2019,10,22,3,31003KT,11,10
2019-10-22 04:00:00.000,2019,10,22,4,VRB02KT,11,10
2019-10-22 05:00:00.000,2019,10,22,5,32004KT,11,10
2019-10-22 06:00:00.000,2019,10,22,6,31003KT,11,10
2019-10-22 07:00:00.000,2019,10,22,7,VRB02KT,11,10
2019-10-22 08:00:00.000,2019,10,22,8,VRB02KT,11,10
2019-10-22 09:00:00.000,2019,10,22,9,VRB02KT,10,09
2019-10-22 10:00:00.000,2019,10,22,10,VRB02KT,10,09
2019-10-22 11:00:00.000,2019,10,22,11,VRB02KT,10,09
2019-10-22 12:00:00.000,2019,10,22,12,VRB02KT,12,11
2019-10-22 13:00:00.000,2019,10,22,13,04003KT,15,12
2019-10-22 14:00:00.000,2019,10,22,14,05005KT,17,10
2019-10-22 15:00:00.000,2019,10,22,15,34004KT,18,10
2019-10-22 16:00:00.000,2019,10,22,16,34005KT,19,10
2019-10-22 17:00:00.000,2019,10,22,17,30010KT,20,09
2019-10-22 18:00:00.000,2019,10,22,18,26016KT,17,12
2019-10-22 19:00:00.000,2019,10,22,19,26014KT,18,1
2019-10-22 20:00:00.000,2019,10,22,20,30008KT,17,11
2019-10-22 21:00:00.000,2019,10,22,21,11008KT,10,10
2019-10-22 22:00:00.000,2019,10,22,22,04008KT,11,10
2019-10-22 23:00:00.000,2019,10,22,23,VRB02KT,11,11
2019-10-23 00:00:00.000,2019,10,23,0,30004KT,11,11
2019-10-23 01:00:00.000,2019,10,23,1,02004KT,11,11
2019-10-23 02:00:00.000,2019,10,23,2,31004kt,12,11
2019-10-23 03:00:00.000,2019,10,23,3,VRB02KT,11,10
2019-10-23 04:00:00.000,2019,10,23,4,03004KT,11,11
2019-10-23 05:00:00.000,2019,10,23,5,VRB02KT,11,11
2019-10-23 06:00:00.000,2019,10,23,6,VRB02KT,11,11
2019-10-23 07:00:00.000,2019,10,23,7,VRB02KT,11,11
2019-10-23 08:00:00.000,2019,10,23,8,VRB02KT,11,10
2019-10-23 09:00:00.000,2019,10,23,9,27004KT,11,10
2019-10-23 10:00:00.000,2019,10,23,10,VRB02KT,11,10
2019-10-23 11:00:00.000,2019,10,23,11,04004KT,10,10
2019-10-23 12:00:00.000,2019,10,23,12,05005KT,12,11
2019-10-23 13:00:00.000,2019,10,23,13,05004KT,14,10
2019-10-23 14:00:00.000,2019,10,23,14,VRB03KT,17,10
2019-10-23 15:00:00.000,2019,10,23,15,04004KT,18,11
2019-10-23 16:00:00.000,2019,10,23,16,05006KT,19,10
2019-10-23 17:00:00.000,2019,10,23,17,04004KT,19,08
2019-10-23 18:00:00.000,2019,10,23,18,23011KT,17,13
2019-10-23 19:00:00.000,2019,10,23,19,26008KT,17,13
2019-10-23 20:00:00.000,2019,10,23,20,26010KT,18,12
2019-10-23 21:00:00.000,2019,10,23,21,VRB05KT,13,09
2019-10-23 22:00:00.000,2019,10,23,22,19005KT,15,10
2019-10-23 23:00:00.000,2019,10,23,23,36004KT,13,11
2019-10-24 00:00:00.000,2019,10,24,0,05007KT,13,11
2019-10-24 01:00:00.000,2019,10,24,1,06007KT,13,11
2019-10-24 02:00:00.000,2019,10,24,2,VRB02KT,12,11
2019-10-24 03:00:00.000,2019,10,24,3,05004KT,12,10
2019-10-24 04:00:00.000,2019,10,24,4,VRB02KT,12,10
2019-10-24 05:00:00.000,2019,10,24,5,04003KT,12,10
2019-10-24 06:00:00.000,2019,10,24,6,07003KT,12,10
2019-10-24 07:00:00.000,2019,10,24,7,VRB02KT,12,11
2019-10-24 08:00:00.000,2019,10,24,8,05004KT,12,10
2019-10-24 09:00:00.000,2019,10,24,9,VRB02KT,12,10
2019-10-24 10:00:00.000,2019,10,24,10,01003KT,12,10
2019-10-24 11:00:00.000,2019,10,24,11,VRB02KT,11,10
2019-10-24 12:00:00.000,2019,10,24,12,04003KT,13,11
2019-10-24 13:00:00.000,2019,10,24,13,02004KT,15,10
2019-10-24 14:00:00.000,2019,10,24,14,VRB05KT,17,09
2019-10-24 15:00:00.000,2019,10,24,15,VRB08KT,18,07
2019-10-24 16:00:00.000,2019,10,24,16,14006KT,17,08
2019-10-24 17:00:00.000,2019,10,24,17,10007KT,17,09
2019-10-24 18:00:00.000,2019,10,24,18,10007KT,18,09
2019-10-24 19:00:00.000,2019,10,24,19,26008KT,17,10
2019-10-24 20:00:00.000,2019,10,24,20,33006KT,17,10
2019-10-24 21:00:00.000,2019,10,24,21,32006KT,17,10
2019-10-24 22:00:00.000,2019,10,24,22,VRB02KT,16,10
2019-10-24 23:00:00.000,2019,10,24,23,VRB02KT,15,10
2019-10-25 00:00:00.000,2019,10,25,0,03004KT,14,11
2019-10-25 01:00:00.000,2019,10,25,1,24006KT,15,11
2019-10-25 02:00:00.000,2019,10,25,2,30004KT,14,11
2019-10-25 03:00:00.000,2019,10,25,3,VRB02KT,13,11
2019-10-25 04:00:00.000,2019,10,25,4,04003KT,13,11
2019-10-25 05:00:00.000,2019,10,25,5,01003KT,12,11
2019-10-25 06:00:00.000,2019,10,25,6,VRB02KT,12,11
2019-10-25 07:00:00.000,2019,10,25,7,04004KT,12,10
2019-10-25 08:00:00.000,2019,10,25,8,05004KT,11,10
2019-10-25 09:00:00.000,2019,10,25,9,05004KT,11,10
2019-10-25 10:00:00.000,2019,10,25,10,04008KT,11,10
2019-10-25 11:00:00.000,2019,10,25,11,06006KT,10,09
2019-10-25 12:00:00.000,2019,10,25,12,VRB02KT,12,11
2019-10-25 13:00:00.000,2019,10,25,13,04006KT,14,11
2019-10-25 14:00:00.000,2019,10,25,14,04006KT,15,10
2019-10-25 15:00:00.000,2019,10,25,15,13004KT,17,10
2019-10-25 16:00:00.000,2019,10,25,16,17004KT,18,07
2019-10-25 17:00:00.000,2019,10,25,17,13006KT,18,08
2019-10-25 18:00:00.000,2019,10,25,18,15005KT,20,08
2019-10-25 19:00:00.000,2019,10,25,19,31009KT,17,11
2019-10-25 20:00:00.000,2019,10,25,20,30007KT,17,11
2019-10-25 21:00:00.000,2019,10,25,21,VRB03KT,18,12
2019-10-25 22:00:00.000,2019,10,25,22,VRB02KT,17,10
2019-10-25 23:00:00.000,2019,10,25,23,03004KT,16,10
2019-10-26 00:00:00.000,2019,10,26,0,01003KT,14,11
2019-10-26 01:00:00.000,2019,10,26,1,04004KT,14,10
2019-10-26 02:00:00.000,2019,10,26,2,06006KT,14,11
2019-10-26 03:00:00.000,2019,10,26,3,05006KT,13,10
2019-10-26 04:00:00.000,2019,10,26,4,01005KT,13,10
2019-10-26 05:00:00.000,2019,10,26,5,36006KT,12,10
2019-10-26 06:00:00.000,2019,10,26,6,04007KT,12,10
2019-10-26 07:00:00.000,2019,10,26,7,04006KT,12,10
2019-10-26 08:00:00.000,2019,10,26,8,05006KT,12,09
2019-10-26 09:00:00.000,2019,10,26,9,05007KT,11,09
2019-10-26 10:00:00.000,2019,10,26,10,04007KT,11,09
2019-10-26 11:00:00.000,2019,10,26,11,05006KT,10,08
2019-10-26 12:00:00.000,2019,10,26,12,06008KT,13,09
2019-10-26 13:00:00.000,2019,10,26,13,06008KT,14,09
2019-10-26 14:00:00.000,2019,10,26,14,07006KT,16,09
2019-10-26 15:00:00.000,2019,10,26,15,07008KT,17,08
2019-10-26 16:00:00.000,2019,10,26,16,18010KT,18,07
2019-10-26 17:00:00.000,2019,10,26,17,18012KT,18,07
2019-10-26 18:00:00.000,2019,10,26,18,16010KT,18,08
2019-10-26 19:00:00.000,2019,10,26,19,10006KT,18,09
2019-10-26 20:00:00.000,2019,10,26,20,05008KT,19,09
2019-10-26 21:00:00.000,2019,10,26,21,07007KT,18,09
2019-10-26 22:00:00.000,2019,10,26,22,07006KT,17,09
2019-10-26 23:00:00.000,2019,10,26,23,09005KT,16,09
2019-10-27 00:00:00.000,2019,10,27,0,20005KT,15,09
2019-10-27 01:00:00.000,2019,10,27,1,20008KT,15,09
2019-10-27 02:00:00.000,2019,10,27,2,21005KT,15,09
2019-10-27 03:00:00.000,2019,10,27,3,02003KT,13,10
2019-10-27 04:00:00.000,2019,10,27,4,35003KT,11,09
2019-10-27 05:00:00.000,2019,10,27,5,VRB02KT,12,09
2019-10-27 06:00:00.000,2019,10,27,6,VRB02KT,11,09
2019-10-27 07:00:00.000,2019,10,27,7,03004KT,10,09
2019-10-27 08:00:00.000,2019,10,27,8,03004KT,09,09
2019-10-27 09:00:00.000,2019,10,27,9,12004KT,10,09
2019-10-27 10:00:00.000,2019,10,27,10,VRB02KT,09,08
2019-10-27 11:00:00.000,2019,10,27,11,VRB02KT,09,08
2019-10-27 12:00:00.000,2019,10,27,12,04006KT,11,10
2019-10-27 13:00:00.000,2019,10,27,13,06008KT,14,10
2019-10-27 14:00:00.000,2019,10,27,14,01006KT,16,09
2019-10-27 15:00:00.000,2019,10,27,15,17004KT,19,08
2019-10-27 16:00:00.000,2019,10,27,16,06010KT,18,07
2019-10-27 17:00:00.000,2019,10,27,17,10006KT,19,07
2019-10-27 18:00:00.000,2019,10,27,18,VRB07KT,19,08
2019-10-27 19:00:00.000,2019,10,27,19,28010KT,17,12
2019-10-27 20:00:00.000,2019,10,27,20,19010KT,16,12
2019-10-27 21:00:00.000,2019,10,27,21,VRB07KT,16,12
2019-10-27 22:00:00.000,2019,10,27,22,23006KT,15,12
2019-10-27 23:00:00.000,2019,10,27,23,23005KT,14,12
2019-10-28 00:00:00.000,2019,10,28,0,VRB02KT,14,11
2019-10-28 01:00:00.000,2019,10,28,1,36003KT,14,12
2019-10-28 02:00:00.000,2019,10,28,2,VRB02KT,13,11
2019-10-28 03:00:00.000,2019,10,28,3,23003KT,14,11
2019-10-28 04:00:00.000,2019,10,28,4,33004KT,12,10
2019-10-28 05:00:00.000,2019,10,28,5,VRB02KT,12,10
2019-10-28 06:00:00.000,2019,10,28,6,VRB02KT,11,09
2019-10-28 07:00:00.000,2019,10,28,7,31003KT,11,09
2019-10-28 08:00:00.000,2019,10,28,8,VRB02KT,10,09
2019-10-28 09:00:00.000,2019,10,28,9,00000KT,10,09
2019-10-28 10:00:00.000,2019,10,28,10,27003KT,10,09
2019-10-28 11:00:00.000,2019,10,28,11,VBB02KT,11,09
2019-10-28 12:00:00.000,2019,10,28,12,03005KT,12,10
2019-10-28 13:00:00.000,2019,10,28,13,VRB02KT,16,11
2019-10-28 14:00:00.000,2019,10,28,14,05007KT,15,10
2019-10-28 15:00:00.000,2019,10,28,15,09008KT,18,08
2019-10-28 16:00:00.000,2019,10,28,16,07010KT,15,10
2019-10-28 17:00:00.000,2019,10,28,17,14010KT,18,09
2019-10-28 18:00:00.000,2019,10,28,18,11010KT,18,08
2019-10-28 19:00:00.000,2019,10,28,19,09010KT,18,08
2019-10-28 20:00:00.000,2019,10,28,20,11012KT,17,08
2019-10-28 21:00:00.000,2019,10,28,21,13008KT,18,08
2019-10-28 22:00:00.000,2019,10,28,22,10010KT,18,08
2019-10-28 23:00:00.000,2019,10,28,23,12007KT,16,08
2019-10-29 00:00:00.000,2019,10,29,0,15007KT,16,08
2019-10-29 01:00:00.000,2019,10,29,1,33304KT,13,09
2019-10-29 02:00:00.000,2019,10,29,2,35005KT,12,09
2019-10-29 03:00:00.000,2019,10,29,3,VRB02KT,11,09
2019-10-29 04:00:00.000,2019,10,29,4,06003KT,10,09
2019-10-29 05:00:00.000,2019,10,29,5,05004KT,11,09
2019-10-29 06:00:00.000,2019,10,29,6,05008KT,10,09
2019-10-29 07:00:00.000,2019,10,29,7,VRB02KT,10,09
2019-10-29 08:00:00.000,2019,10,29,8,05007KT,10,09
2019-10-29 09:00:00.000,2019,10,29,9,03004KT,10,08
2019-10-29 10:00:00.000,2019,10,29,10,VRB02KT,09,08
2019-10-29 11:00:00.000,2019,10,29,11,03004KT,10,08
2019-10-29 12:00:00.000,2019,10,29,12,04003KT,11,09
2019-10-29 13:00:00.000,2019,10,29,13,04004KT,14,09
2019-10-29 14:00:00.000,2019,10,29,14,02006KT,17,09
2019-10-29 15:00:00.000,2019,10,29,15,05008KT,18,06
2019-10-29 16:00:00.000,2019,10,29,16,12011KT,20,06
2019-10-29 17:00:00.000,2019,10,29,17,13007KT,20,05
2019-10-29 18:00:00.000,2019,10,29,18,11007KT,21,05
2019-10-29 19:00:00.000,2019,10,29,19,14010KT,21,05
2019-10-29 20:00:00.000,2019,10,29,20,11007KT,22,05
2019-10-29 21:00:00.000,2019,10,29,21,06010KT,20,05
2019-10-29 22:00:00.000,2019,10,29,22,05006KT,19,06
2019-10-29 23:00:00.000,2019,10,29,23,29006KT,15,11
2019-10-30 00:00:00.000,2019,10,30,0,23003KT,14,11
2019-10-30 01:00:00.000,2019,10,30,1,22003KT,14,11
2019-10-30 02:00:00.000,2019,10,30,2,05003KT,12,10
2019-10-30 03:00:00.000,2019,10,30,3,22005KT,13,09
2019-10-30 04:00:00.000,2019,10,30,4,35005KT,11,09
2019-10-30 05:00:00.000,2019,10,30,5,VRB02KT,11,08
2019-10-30 06:00:00.000,2019,10,30,6,36003KT,08,07
2019-10-30 07:00:00.000,2019,10,30,7,06005KT,10,08
2019-10-30 08:00:00.000,2019,10,30,8,06004KT,10,08
2019-10-30 09:00:00.000,2019,10,30,9,31004KT,10,08
2019-10-30 10:00:00.000,2019,10,30,10,VRB02KT,09,07
2019-10-30 11:00:00.000,2019,10,30,11,32003KT,09,08
2019-10-30 12:00:00.000,2019,10,30,12,VRB02KT,10,09
2019-10-30 13:00:00.000,2019,10,30,13,01004KT,13,10
2019-10-30 14:00:00.000,2019,10,30,14,VRB02KT,17,09
2019-10-30 15:00:00.000,2019,10,30,15,15004KT,19,09
2019-10-30 16:00:00.000,2019,10,30,16,10004KT,19,07
2019-10-30 17:00:00.000,2019,10,30,17,12004KT,20,06
2019-10-30 18:00:00.000,2019,10,30,18,10005KT,21,07
2019-10-30 19:00:00.000,2019,10,30,19,23010KT,18,11
2019-10-30 20:00:00.000,2019,10,30,20,25011KT,19,11
2019-10-30 21:00:00.000,2019,10,30,21,29008KT,18,10
2019-10-30 22:00:00.000,2019,10,30,22,30010KT,16,11
2019-10-30 23:00:00.000,2019,10,30,23,24005KT,15,11
2019-10-31 00:00:00.000,2019,10,31,0,26004KT,15,11
2019-10-31 01:00:00.000,2019,10,31,1,VRB02KT,14,10
2019-10-31 02:00:00.000,2019,10,31,2,VRB02KT,12,11
2019-10-31 03:00:00.000,2019,10,31,3,VRB02KT,12,11
2019-10-31 04:00:00.000,2019,10,31,4,01006KT,12,10
2019-10-31 05:00:00.000,2019,10,31,5,06008KT,11,09
2019-10-31 06:00:00.000,2019,10,31,6,04006KT,11,09
2019-10-31 07:00:00.000,2019,10,31,7,04004KT,10,08
2019-10-31 08:00:00.000,2019,10,31,8,06006KT,11,09
2019-10-31 09:00:00.000,2019,10,31,9,05006KT,11,09
2019-10-31 10:00:00.000,2019,10,31,10,03004KT,10,08
2019-10-31 11:00:00.000,2019,10,31,11,06004KT,10,09
2019-10-31 12:00:00.000,2019,10,31,12,02005KT,12,09
2019-10-31 13:00:00.000,2019,10,31,13,03004KT,14,09
2019-10-31 14:00:00.000,2019,10,31,14,VRB02KT,16,08
2019-10-31 15:00:00.000,2019,10,31,15,16006KT,18,08
2019-10-31 16:00:00.000,2019,10,31,16,14005KT,18,06
2019-10-31 17:00:00.000,2019,10,31,17,19006KT,19,07
2019-10-31 18:00:00.000,2019,10,31,18,13006KT,19,06
2019-10-31 19:00:00.000,2019,10,31,19,15006KT,19,07
2019-10-31 20:00:00.000,2019,10,31,20,17010KT,18,06
2019-10-31 21:00:00.000,2019,10,31,21,07004KT,19,07
2019-10-31 22:00:00.000,2019,10,31,22,08005KT,18,06
2019-10-31 23:00:00.000,2019,10,31,23,10004KT,17,07
2019-11-01 00:00:00.000,2019,11,1,0,03004KT,14,09
2019-11-01 01:00:00.000,2019,11,1,1,00000KT,14,08
2019-11-01 02:00:00.000,2019,11,1,2,30005KT,12,09
2019-11-01 03:00:00.000,2019,11,1,3,35003KT,10,09
2019-11-01 04:00:00.000,2019,11,1,4,00000KT,11,09
2019-11-01 05:00:00.000,2019,11,1,5,35003KT,09,08
2019-11-01 06:00:00.000,2019,11,1,6,01003KT,09,09
2019-11-01 07:00:00.000,2019,11,1,7,VRB02KT,08,07
2019-11-01 08:00:00.000,2019,11,1,8,10005KT,09,08
2019-11-01 09:00:00.000,2019,11,1,9,33003KT,08,07
2019-11-01 10:00:00.000,2019,11,1,10,00000KT,09,08
2019-11-01 11:00:00.000,2019,11,1,11,36003KT,07,06
2019-11-01 12:00:00.000,2019,11,1,12,34003KT,10,08
2019-11-01 13:00:00.000,2019,11,1,13,01004KT,14,09
2019-11-01 14:00:00.000,2019,11,1,14,03005KT,16,08
2019-11-01 15:00:00.000,2019,11,1,15,04006KT,19,09
2019-11-01 16:00:00.000,2019,11,1,16,23004KT,20,08
2019-11-01 17:00:00.000,2019,11,1,17,23006KT,17,10
2019-11-01 18:00:00.000,2019,11,1,18,24010KT,17,11
2019-11-01 19:00:00.000,2019,11,1,19,24006KT,19,11
2019-11-01 20:00:00.000,2019,11,1,20,VRB05KT,19,10
2019-11-01 21:00:00.000,2019,11,1,21,30009KT,17,11
2019-11-01 22:00:00.000,2019,11,1,22,25011KT,17,11
2019-11-01 23:00:00.000,2019,11,1,23,29008KT,15,09
2019-11-02 00:00:00.000,2019,11,2,0,28005KT,14,09
2019-11-02 01:00:00.000,2019,11,2,1,VRB08KT,13,10
2019-11-02 02:00:00.000,2019,11,2,2,32005KT,12,10
2019-11-02 03:00:00.000,2019,11,2,3,36005KT,12,10
2019-11-02 04:00:00.000,2019,11,2,4,VRB02KT,12,10
2019-11-02 05:00:00.000,2019,11,2,5,28003KT,12,10
2019-11-02 06:00:00.000,2019,11,2,6,22003KT,13,10
2019-11-02 07:00:00.000,2019,11,2,7,28003KT,12,10
2019-11-02 08:00:00.000,2019,11,2,8,VRB02KT,12,10
2019-11-02 09:00:00.000,2019,11,2,9,29003KT,12,10
2019-11-02 10:00:00.000,2019,11,2,10,04003KT,12,10
2019-11-02 11:00:00.000,2019,11,2,11,VRB02KT,12,10
2019-11-02 12:00:00.000,2019,11,2,12,04004KT,13,11
2019-11-02 13:00:00.000,2019,11,2,13,34004KT,14,11
2019-11-02 14:00:00.000,2019,11,2,14,33005KT,15,11
2019-11-02 15:00:00.000,2019,11,2,15,31004KT,17,10
2019-11-02 16:00:00.000,2019,11,2,16,16004KT,18,10
2019-11-02 17:00:00.000,2019,11,2,17,08005KT,17,10
2019-11-02 18:00:00.000,2019,11,2,18,32007KT,18,10
2019-11-02 19:00:00.000,2019,11,2,19,25011KT,17,12
2019-11-02 20:00:00.000,2019,11,2,20,16004KT,15,12
2019-11-02 21:00:00.000,2019,11,2,21,29004KT,13,11
2019-11-02 22:00:00.000,2019,11,2,22,36004KT,14,11
2019-11-02 23:00:00.000,2019,11,2,23,VRB02KT,13,12
2019-11-03 00:00:00.000,2019,11,3,0,VRB02KT,12,11
2019-11-03 01:00:00.000,2019,11,3,1,01004KT,11,10
2019-11-03 02:00:00.000,2019,11,3,2,VRB02KT,12,12
2019-11-03 03:00:00.000,2019,11,3,3,VRB02KT,12,11
2019-11-03 04:00:00.000,2019,11,3,4,21005KT,13,12
2019-11-03 05:00:00.000,2019,11,3,5,VRB02KT,13,11
2019-11-03 06:00:00.000,2019,11,3,6,03004KT,12,11
2019-11-03 07:00:00.000,2019,11,3,7,04005KT,11,10
2019-11-03 08:00:00.000,2019,11,3,8,05005KT,11,10
2019-11-03 09:00:00.000,2019,11,3,9,05007KT,10,09
2019-11-03 10:00:00.000,2019,11,3,10,04004KT,09,08
2019-11-03 11:00:00.000,2019,11,3,11,04004KT,09,08
2019-11-03 12:00:00.000,2019,11,3,12,04008KT,11,10
2019-11-03 13:00:00.000,2019,11,3,13,05006KT,15,10
2019-11-03 14:00:00.000,2019,11,3,14,05007KT,17,10
2019-11-03 15:00:00.000,2019,11,3,15,10010KT,17,09
2019-11-03 16:00:00.000,2019,11,3,16,12008KT,19,09
2019-11-03 17:00:00.000,2019,11,3,17,05008KT,19,09
2019-11-03 18:00:00.000,2019,11,3,18,07004KT,19,08
2019-11-03 19:00:00.000,2019,11,3,19,VRB03KT,20,08
2019-11-03 20:00:00.000,2019,11,3,20,25009KT,18,11
2019-11-03 21:00:00.000,2019,11,3,21,27009KT,18,12
2019-11-03 22:00:00.000,2019,11,3,22,24007KT,17,12
2019-11-03 23:00:00.000,2019,11,3,23,26005KT,15,12
2019-11-04 00:00:00.000,2019,11,4,0,31003KT,14,12
2019-11-04 01:00:00.000,2019,11,4,1,VRB02KT,13,12
2019-11-04 02:00:00.000,2019,11,4,2,VRB02KT,14,12
2019-11-04 03:00:00.000,2019,11,4,3,33003KT,12,10
2019-11-04 04:00:00.000,2019,11,4,4,VRB02KT,13,12
2019-11-04 05:00:00.000,2019,11,4,5,02004KT,11,09
2019-11-04 06:00:00.000,2019,11,4,6,04006KT,11,10
2019-11-04 07:00:00.000,2019,11,4,7,VRB02KT,11,09
2019-11-04 08:00:00.000,2019,11,4,8,00000KT,10,09
2019-11-04 09:00:00.000,2019,11,4,9,05005KT,11,09
2019-11-04 10:00:00.000,2019,11,4,10,02004KT,10,09
2019-11-04 11:00:00.000,2019,11,4,11,06006KT,12,10
2019-11-04 12:00:00.000,2019,11,4,12,08006KT,13,10
2019-11-04 13:00:00.000,2019,11,4,13,06008KT,15,10
2019-11-04 14:00:00.000,2019,11,4,14,10006KT,17,09
2019-11-04 15:00:00.000,2019,11,4,15,07009KT,18,08
2019-11-04 16:00:00.000,2019,11,4,16,13010KT,20,07
2019-11-04 17:00:00.000,2019,11,4,17,12011KT,20,07
2019-11-04 18:00:00.000,2019,11,4,18,12010KT,21,07
2019-11-04 19:00:00.000,2019,11,4,19,10010KT,22,07
2019-11-04 20:00:00.000,2019,11,4,20,13008KT,22,08
2019-11-04 21:00:00.000,2019,11,4,21,33004KT,18,12
2019-11-04 22:00:00.000,2019,11,4,22,30010KT,17,14
2019-11-04 23:00:00.000,2019,11,4,23,30008KT,15,12
2019-11-05 00:00:00.000,2019,11,5,0,32004KT,15,11
2019-11-05 01:00:00.000,2019,11,5,1,VRB02KT,14,11
2019-11-05 02:00:00.000,2019,11,5,2,VRB02KT,14,11
2019-11-05 03:00:00.000,2019,11,5,3,01003KT,13,11
2019-11-05 04:00:00.000,2019,11,5,4,02005KT,13,11
2019-11-05 05:00:00.000,2019,11,5,5,02003KT,13,11
2019-11-05 06:00:00.000,2019,11,5,6,04007KT,13,10
2019-11-05 07:00:00.000,2019,11,5,7,05006KT,12,10
2019-11-05 08:00:00.000,2019,11,5,8,05006KT,12,10
2019-11-05 09:00:00.000,2019,11,5,9,04007KT,12,10
2019-11-05 10:00:00.000,2019,11,5,10,06005KT,12,09
2019-11-05 11:00:00.000,2019,11,5,11,08004KT,12,09
2019-11-05 12:00:00.000,2019,11,5,12,07008KT,15,10
2019-11-05 13:00:00.000,2019,11,5,13,08008KT,17,10
2019-11-05 14:00:00.000,2019,11,5,14,10010KT,19,09
2019-11-05 15:00:00.000,2019,11,5,15,12012KT,19,08
2019-11-05 16:00:00.000,2019,11,5,16,14015KT,21,08
2019-11-05 17:00:00.000,2019,11,5,17,11014KT,21,08
2019-11-05 18:00:00.000,2019,11,5,18,13022KT,20,08
2019-11-05 20:00:00.000,2019,11,5,20,10008KT,21,08
2019-11-05 21:00:00.000,2019,11,5,21,13012KT,19,07
2019-11-05 22:00:00.000,2019,11,5,22,10006KT,19,06
2019-11-05 23:00:00.000,2019,11,5,23,10008KT,17,07
2019-11-06 00:00:00.000,2019,11,6,0,01004KT,15,11
2019-11-06 01:00:00.000,2019,11,6,1,32004KT,13,11
2019-11-06 02:00:00.000,2019,11,6,2,VRB02KT,12,11
2019-11-06 03:00:00.000,2019,11,6,3,29003KT,11,10
2019-11-06 04:00:00.000,2019,11,6,4,060400Z,09,09
2019-11-06 05:00:00.000,2019,11,6,5,VRB02KT,10,09
2019-11-06 06:00:00.000,2019,11,6,6,34004KT,09,08
2019-11-06 07:00:00.000,2019,11,6,7,04003KT,10,09
2019-11-06 08:00:00.000,2019,11,6,8,04004KT,11,10
2019-11-06 09:00:00.000,2019,11,6,9,05003KT,10,08
2019-11-06 10:00:00.000,2019,11,6,10,05005KT,11,09
2019-11-06 11:00:00.000,2019,11,6,11,05006KT,11,10
2019-11-06 12:00:00.000,2019,11,6,12,06005KT,14,10
2019-11-06 13:00:00.000,2019,11,6,13,03007KT,16,10
2019-11-06 14:00:00.000,2019,11,6,14,04006KT,18,09
2019-11-06 15:00:00.000,2019,11,6,15,09009KT,20,07
2019-11-06 16:00:00.000,2019,11,6,16,14008KT,19,08
2019-11-06 17:00:00.000,2019,11,6,17,15008KT,20,08
2019-11-06 18:00:00.000,2019,11,6,18,08007KT,21,07
2019-11-06 19:00:00.000,2019,11,6,19,06008KT,22,08
2019-11-06 20:00:00.000,2019,11,6,20,09008KT,20,09
2019-11-06 21:00:00.000,2019,11,6,21,11010KT,18,09
2019-11-06 22:00:00.000,2019,11,6,22,25007KT,17,11
2019-11-06 23:00:00.000,2019,11,6,23,VRB02KT,15,12
2019-11-07 00:00:00.000,2019,11,7,0,10004KT,16,09
2019-11-07 01:00:00.000,2019,11,7,1,VRB02KT,15,09
2019-11-07 02:00:00.000,2019,11,7,2,VRB02KT,13,09
2019-11-07 03:00:00.000,2019,11,7,3,04004KT,12,10
2019-11-07 04:00:00.000,2019,11,7,4,03005KT,12,09
2019-11-07 05:00:00.000,2019,11,7,5,04005KT,11,09
2019-11-07 06:00:00.000,2019,11,7,6,34003KT,10,08
2019-11-07 07:00:00.000,2019,11,7,7,VRB02KT,09,08
2019-11-07 08:00:00.000,2019,11,7,8,30004KT,09,07
2019-11-07 09:00:00.000,2019,11,7,9,VRB02KT,09,08
2019-11-07 10:00:00.000,2019,11,7,10,VRB02KT,10,09
2019-11-07 11:00:00.000,2019,11,7,11,VRB02KT,10,09
2019-11-07 12:00:00.000,2019,11,7,12,04004KT,13,10
2019-11-07 13:00:00.000,2019,11,7,13,VRB05KT,16,11
2019-11-07 14:00:00.000,2019,11,7,14,03010KT,17,10
2019-11-07 15:00:00.000,2019,11,7,15,10007KT,18,09
2019-11-07 16:00:00.000,2019,11,7,16,12011KT,19,09
2019-11-07 17:00:00.000,2019,11,7,17,12010KT,20,08
2019-11-07 18:00:00.000,2019,11,7,18,14011KT,,
2019-11-07 19:00:00.000,2019,11,7,19,VRB05KT,20,08
2019-11-07 20:00:00.000,2019,11,7,20,06008KT,20,08
2019-11-07 21:00:00.000,2019,11,7,21,09007KT,20,08
2019-11-07 22:00:00.000,2019,11,7,22,06007KT,19,09
2019-11-07 23:00:00.000,2019,11,7,23,17005KT,18,08
2019-11-08 00:00:00.000,2019,11,8,0,24005KT,15,13
2019-11-08 01:00:00.000,2019,11,8,1,02003KT,14,12
2019-11-08 02:00:00.000,2019,11,8,2,01003KT,14,12
2019-11-08 03:00:00.000,2019,11,8,3,03008KT,14,11
2019-11-08 04:00:00.000,2019,11,8,4,05006KT,15,11
2019-11-08 05:00:00.000,2019,11,8,5,12003KT,13,10
2019-11-08 06:00:00.000,2019,11,8,6,04003KT,12,10
2019-11-08 07:00:00.000,2019,11,8,7,35003KT,12,10
2019-11-08 08:00:00.000,2019,11,8,8,02003KT,13,10
2019-11-08 09:00:00.000,2019,11,8,9,05005KT,13,10
2019-11-08 10:00:00.000,2019,11,8,10,05008KT,13,10
2019-11-08 11:00:00.000,2019,11,8,11,04006KT,12,11
2019-11-08 12:00:00.000,2019,11,8,12,06007KT,14,11
2019-11-08 13:00:00.000,2019,11,8,13,07007KT,16,10
2019-11-08 14:00:00.000,2019,11,8,14,11009KT,18,08
2019-11-08 15:00:00.000,2019,11,8,15,10010KT,19,08
2019-11-08 16:00:00.000,2019,11,8,16,10011KT,18,08
2019-11-08 17:00:00.000,2019,11,8,17,09008KT,20,08
2019-11-08 18:00:00.000,2019,11,8,18,10008KT,20,07
2019-11-08 19:00:00.000,2019,11,8,19,VRB05KT,21,07
2019-11-08 20:00:00.000,2019,11,8,20,04009KT,20,09
2019-11-08 21:00:00.000,2019,11,8,21,06008KT,20,08
2019-11-08 22:00:00.000,2019,11,8,22,13006KT,19,09
2019-11-08 23:00:00.000,2019,11,8,23,23006KT,17,13
2019-11-09 00:00:00.000,2019,11,9,0,26005KT,16,13
2019-11-09 01:00:00.000,2019,11,9,1,VRB02KT,14,11
2019-11-09 02:00:00.000,2019,11,9,2,VRB02KT,14,11
2019-11-09 03:00:00.000,2019,11,9,3,VRB02KT,14,11
2019-11-09 04:00:00.000,2019,11,9,4,02004KT,13,10
2019-11-09 05:00:00.000,2019,11,9,5,01005KT,12,10
2019-11-09 06:00:00.000,2019,11,9,6,04005KT,13,11
2019-11-09 07:00:00.000,2019,11,9,7,05004KT,12,10
2019-11-09 08:00:00.000,2019,11,9,8,VRB02KT,12,10
2019-11-09 09:00:00.000,2019,11,9,9,36005KT,12,10
2019-11-09 10:00:00.000,2019,11,9,10,03005KT,11,10
2019-11-09 11:00:00.000,2019,11,9,11,03007KT,11,09
2019-11-09 12:00:00.000,2019,11,9,12,05006KT,12,11
2019-11-09 13:00:00.000,2019,11,9,13,02004KT,14,11
2019-11-09 14:00:00.000,2019,11,9,14,19010KT,26,23
2019-11-09 15:00:00.000,2019,11,9,15,17004KT,18,10
2019-11-09 16:00:00.000,2019,11,9,16,01004KT,18,10
2019-11-09 17:00:00.000,2019,11,9,17,33006KT,20,09
2019-11-09 18:00:00.000,2019,11,9,18,08006KT,11,11
2019-11-09 19:00:00.000,2019,11,9,19,01004KT,12,11
2019-11-09 20:00:00.000,2019,11,9,20,06004KT,13,13
2019-11-09 21:00:00.000,2019,11,9,21,01003KT,15,12
2019-11-09 22:00:00.000,2019,11,9,22,35003KT,15,13
2019-11-09 23:00:00.000,2019,11,9,23,34003KT,15,12
2019-11-10 00:00:00.000,2019,11,10,0,27003KT,14,12
2019-11-10 01:00:00.000,2019,11,10,1,35003KT,14,12
2019-11-10 02:00:00.000,2019,11,10,2,32004KT,13,12
2019-11-10 03:00:00.000,2019,11,10,3,VRB02KT,13,12
2019-11-10 04:00:00.000,2019,11,10,4,00000KT,12,11
2019-11-10 05:00:00.000,2019,11,10,5,25003KT,13,12
2019-11-10 06:00:00.000,2019,11,10,6,33003KT,12,11
2019-11-10 07:00:00.000,2019,11,10,7,VRB02KT,12,11
2019-11-10 08:00:00.000,2019,11,10,8,VRB02KT,11,11
2019-11-10 09:00:00.000,2019,11,10,9,VRB02KT,11,10
2019-11-10 10:00:00.000,2019,11,10,10,27003KT,11,10
2019-11-10 11:00:00.000,2019,11,10,11,00000KT,10,10
2019-11-10 12:00:00.000,2019,11,10,12,VRB02KT,11,11
2019-11-10 13:00:00.000,2019,11,10,13,05004KT,15,13
2019-11-10 14:00:00.000,2019,11,10,14,VRB02KT,17,12
2019-11-10 15:00:00.000,2019,11,10,15,VRB04KT,18,11
2019-11-10 16:00:00.000,2019,11,10,16,VRB04KT,20,11
2019-11-10 17:00:00.000,2019,11,10,17,VRB08KT,20,11
2019-11-10 18:00:00.000,2019,11,10,18,28007KT,19,12
2019-11-10 19:00:00.000,2019,11,10,19,28011KT,18,13
2019-11-10 20:00:00.000,2019,11,10,20,29010KT,18,13
2019-11-10 21:00:00.000,2019,11,10,21,25006KT,717,12
2019-11-10 22:00:00.000,2019,11,10,22,13008KT,16,10
2019-11-10 23:00:00.000,2019,11,10,23,VRB02KT,15,11
2019-11-11 00:00:00.000,2019,11,11,0,30006KT,15,12
2019-11-11 01:00:00.000,2019,11,11,1,31006KT,15,12
2019-11-11 02:00:00.000,2019,11,11,2,32006KT,14,12
2019-11-11 03:00:00.000,2019,11,11,3,VRB02KT,14,12
2019-11-11 04:00:00.000,2019,11,11,4,23004KT,14,12
2019-11-11 05:00:00.000,2019,11,11,5,VRB02KT,14,12
2019-11-11 06:00:00.000,2019,11,11,6,32007KT,13,12
2019-11-11 07:00:00.000,2019,11,11,7,VRB02KT,12,11
2019-11-11 08:00:00.000,2019,11,11,8,VRB02KT,13,12
2019-11-11 09:00:00.000,2019,11,11,9,VRB02KT,13,12
2019-11-11 10:00:00.000,2019,11,11,10,06004KT,12,12
2019-11-11 11:00:00.000,2019,11,11,11,04004KT,12,11
2019-11-11 12:00:00.000,2019,11,11,12,VRB05KT,13,12
2019-11-11 13:00:00.000,2019,11,11,13,04003KT,14,12
2019-11-11 14:00:00.000,2019,11,11,14,VRB04KT,17,12
2019-11-11 15:00:00.000,2019,11,11,15,06008KT,17,11
2019-11-11 16:00:00.000,2019,11,11,16,07008KT,19,11
2019-11-11 17:00:00.000,2019,11,11,17,VRB05KT,17,12
2019-11-11 18:00:00.000,2019,11,11,18,21005KT,17,11
2019-11-11 19:00:00.000,2019,11,11,19,06006KT,19,10
2019-11-11 20:00:00.000,2019,11,11,20,VRB04KT,21,10
2019-11-11 21:00:00.000,2019,11,11,21,23011KT,20,12
2019-11-11 22:00:00.000,2019,11,11,22,26010KT,16,14
2019-11-11 23:00:00.000,2019,11,11,23,22006KT,14,13
2019-11-12 00:00:00.000,2019,11,12,0,16008KT,15,11
2019-11-12 01:00:00.000,2019,11,12,1,VRB02KT,15,12
2019-11-12 02:00:00.000,2019,11,12,2,VRB02KT,15,13
2019-11-12 03:00:00.000,2019,11,12,3,31003KT,15,12
2019-11-12 05:00:00.000,2019,11,12,5,29008KT,12,12
2019-11-12 06:00:00.000,2019,11,12,6,VRB02KT,12,11
2019-11-12 07:00:00.000,2019,11,12,7,VRB02KT,12,11
2019-11-12 08:00:00.000,2019,11,12,8,VRB02KT,12,11
2019-11-12 11:00:00.000,2019,11,12,11,VRB02KT,11,11
2019-11-12 12:00:00.000,2019,11,12,12,03003KT,12,12
2019-11-12 13:00:00.000,2019,11,12,13,VRB02KT,13,12
2019-11-12 14:00:00.000,2019,11,12,14,03004KT,14,11
2019-11-12 15:00:00.000,2019,11,12,15,03003KT,15,11
2019-11-12 16:00:00.000,2019,11,12,16,10003KT,17,11
2019-11-12 17:00:00.000,2019,11,12,17,12003KT,18,09
2019-11-12 18:00:00.000,2019,11,12,18,11004KT,18,09
2019-11-12 19:00:00.000,2019,11,12,19,21008KT,17,12
2019-11-12 20:00:00.000,2019,11,12,20,30006KT,15,12
2019-11-12 21:00:00.000,2019,11,12,21,30004KT,15,12
2019-11-12 22:00:00.000,2019,11,12,22,25006KT,15,11
2019-11-12 23:00:00.000,2019,11,12,23,22008KT,15,11
2019-11-13 00:00:00.000,2019,11,13,0,23006KT,14,12
2019-11-13 01:00:00.000,2019,11,13,1,25004KT,14,12
2019-11-13 02:00:00.000,2019,11,13,2,33004KT,14,12
2019-11-13 03:00:00.000,2019,11,13,3,36003KT,13,12
2019-11-13 04:00:00.000,2019,11,13,4,35004KT,12,11
2019-11-13 05:00:00.000,2019,11,13,5,36004KT,12,11
2019-11-13 06:00:00.000,2019,11,13,6,36003KT,12,11
2019-11-13 07:00:00.000,2019,11,13,7,VRB02KT,11,11
2019-11-13 08:00:00.000,2019,11,13,8,24003KT,12,11
2019-11-13 09:00:00.000,2019,11,13,9,VRB02KT,12,11
2019-11-13 10:00:00.000,2019,11,13,10,28003KT,12,11
2019-11-13 11:00:00.000,2019,11,13,11,VRB02KT,12,11
2019-11-13 12:00:00.000,2019,11,13,12,VRB02KT,12,11
2019-11-13 13:00:00.000,2019,11,13,13,34003KT,13,12
2019-11-13 14:00:00.000,2019,11,13,14,03004KT,14,12
2019-11-13 15:00:00.000,2019,11,13,15,33004KT,17,12
2019-11-13 16:00:00.000,2019,11,13,16,32004KT,17,11
2019-11-13 17:00:00.000,2019,11,13,17,22008KT,015,12
2019-11-13 18:00:00.000,2019,11,13,18,26008KT,14,12
2019-11-13 19:00:00.000,2019,11,13,19,26007KT,14,12
2019-11-13 20:00:00.000,2019,11,13,20,30007KT,15,12
2019-11-13 21:00:00.000,2019,11,13,21,VRB03KT,15,12
2019-11-13 22:00:00.000,2019,11,13,22,25007KT,15,12
2019-11-13 23:00:00.000,2019,11,13,23,30006KT,14,12
2019-11-14 00:00:00.000,2019,11,14,0,31006KT,14,12
2019-11-14 01:00:00.000,2019,11,14,1,30004KT,13,12
2019-11-14 02:00:00.000,2019,11,14,2,28006KT,13,11
2019-11-14 03:00:00.000,2019,11,14,3,28004KT,13,11
2019-11-14 04:00:00.000,2019,11,14,4,27004KT,13,12
2019-11-14 05:00:00.000,2019,11,14,5,30006KT,13,11
2019-11-14 06:00:00.000,2019,11,14,6,31004KT,12,11
2019-11-14 07:00:00.000,2019,11,14,7,33007KT,12,10
2019-11-14 08:00:00.000,2019,11,14,8,VRB02KT,12,10
2019-11-14 09:00:00.000,2019,11,14,9,VRB02KT,12,10
2019-11-14 10:00:00.000,2019,11,14,10,VRB02KT,11,10
2019-11-14 11:00:00.000,2019,11,14,11,VRB02KT,12,11
2019-11-14 12:00:00.000,2019,11,14,12,33003KT,13,12
2019-11-14 13:00:00.000,2019,11,14,13,33003KT,14,12
2019-11-14 14:00:00.000,2019,11,14,14,VRB02KT,15,12
2019-11-14 15:00:00.000,2019,11,14,15,01003KT,17,11
2019-11-14 16:00:00.000,2019,11,14,16,31005KT,19,10
2019-11-14 17:00:00.000,2019,11,14,17,29010KT,19,13
2019-11-14 18:00:00.000,2019,11,14,18,29013KT,016,13
2019-11-14 19:00:00.000,2019,11,14,19,24007KT,16,13
2019-11-14 20:00:00.000,2019,11,14,20,31005KT,15,13
2019-11-14 21:00:00.000,2019,11,14,21,30004KT,15,13
2019-11-14 22:00:00.000,2019,11,14,22,32008KT,15,13
2019-11-14 23:00:00.000,2019,11,14,23,32005KT,14,12
2019-11-15 00:00:00.000,2019,11,15,0,31004KT,13,11
2019-11-15 01:00:00.000,2019,11,15,1,32005KT,12,10
2019-11-15 02:00:00.000,2019,11,15,2,32005KT,11,10
2019-11-15 03:00:00.000,2019,11,15,3,VRB02KT,12,11
2019-11-15 04:00:00.000,2019,11,15,4,00000KT,12,11
2019-11-15 05:00:00.000,2019,11,15,5,00000KT,12,11
2019-11-15 06:00:00.000,2019,11,15,6,00000KT,11,10
2019-11-15 07:00:00.000,2019,11,15,7,34004KT,10,10
2019-11-15 08:00:00.000,2019,11,15,8,VRB02KT,10,09
2019-11-15 09:00:00.000,2019,11,15,9,00000KT,15,15
2019-11-15 10:00:00.000,2019,11,15,10,VRB02KT,10,10
2019-11-15 11:00:00.000,2019,11,15,11,VRB02KT,11,10
2019-11-15 12:00:00.000,2019,11,15,12,VRB03KT,12,12
2019-11-15 13:00:00.000,2019,11,15,13,VRB02KT,14,13
2019-11-15 14:00:00.000,2019,11,15,14,VRB02KT,14,13
2019-11-15 15:00:00.000,2019,11,15,15,VRB02KT,18,10
2019-11-15 16:00:00.000,2019,11,15,16,30004KT,18,10
2019-11-15 17:00:00.000,2019,11,15,17,VRB02KT,20,12
2019-11-15 18:00:00.000,2019,11,15,18,30012KT,19,11
2019-11-15 19:00:00.000,2019,11,15,19,32010KT,19,12
2019-11-15 20:00:00.000,2019,11,15,20,31012KT,18,12
2019-11-15 21:00:00.000,2019,11,15,21,32012KT,16,12
2019-11-15 22:00:00.000,2019,11,15,22,30013KT,15,12
2019-11-15 23:00:00.000,2019,11,15,23,28009KT,14,12
2019-11-16 00:00:00.000,2019,11,16,0,26006KT,14,12
2019-11-16 01:00:00.000,2019,11,16,1,31004KT,13,12
2019-11-16 02:00:00.000,2019,11,16,2,VRB05KT,13,11
2019-11-16 03:00:00.000,2019,11,16,3,28006KT,13,11
2019-11-16 04:00:00.000,2019,11,16,4,31007KT,12,10
2019-11-16 05:00:00.000,2019,11,16,5,30004KT,12,11
2019-11-16 06:00:00.000,2019,11,16,6,30003KT,11,10
2019-11-16 07:00:00.000,2019,11,16,7,29003KT,11,09
2019-11-16 08:00:00.000,2019,11,16,8,VRB02KT,11,10
2019-11-16 09:00:00.000,2019,11,16,9,VRB02KT,12,10
2019-11-16 10:00:00.000,2019,11,16,10,VRB02KT,10,09
2019-11-16 11:00:00.000,2019,11,16,11,36003KT,09,08
2019-11-16 12:00:00.000,2019,11,16,12,03004KT,11,09
2019-11-16 13:00:00.000,2019,11,16,13,VRB02KT,14,11
2019-11-16 14:00:00.000,2019,11,16,14,VRB02KT,16,09
2019-11-16 15:00:00.000,2019,11,16,15,29006KT,17,09
2019-11-16 16:00:00.000,2019,11,16,16,29008KT,17,10
2019-11-16 17:00:00.000,2019,11,16,17,32006KT,19,11
2019-11-16 18:00:00.000,2019,11,16,18,33010KT,19,08
2019-11-16 19:00:00.000,2019,11,16,19,32012KT,20,08
2019-11-16 20:00:00.000,2019,11,16,20,33012KT,19,10
2019-11-16 21:00:00.000,2019,11,16,21,34013KT,18,10
2019-11-16 22:00:00.000,2019,11,16,22,33010KT,15,10
2019-11-16 23:00:00.000,2019,11,16,23,31006KT,14,10
2019-11-17 00:00:00.000,2019,11,17,0,25004KT,14,10
2019-11-17 01:00:00.000,2019,11,17,1,300020,13,10
2019-11-17 02:00:00.000,2019,11,17,2,24004KT,13,10
2019-11-17 03:00:00.000,2019,11,17,3,VRB02KT,12,10
2019-11-17 04:00:00.000,2019,11,17,4,27005KT,12,10
2019-11-17 05:00:00.000,2019,11,17,5,31004KT,11,10
2019-11-17 06:00:00.000,2019,11,17,6,VRB02KT,11,10
2019-11-17 07:00:00.000,2019,11,17,7,35003KT,10,08
2019-11-17 08:00:00.000,2019,11,17,8,00000KT,09,08
2019-11-17 09:00:00.000,2019,11,17,9,34004KT,09,08
2019-11-17 10:00:00.000,2019,11,17,10,01003KT,07,06
2019-11-17 11:00:00.000,2019,11,17,11,01003KT,08,08
2019-11-17 12:00:00.000,2019,11,17,12,VRB02KT,10,09
2019-11-17 13:00:00.000,2019,11,17,13,04004KT,13,10
2019-11-17 14:00:00.000,2019,11,17,14,06004KT,15,09
2019-11-17 15:00:00.000,2019,11,17,15,VRB02KT,17,09
2019-11-17 16:00:00.000,2019,11,17,16,28004KT,18,09
2019-11-17 17:00:00.000,2019,11,17,17,29008KT,18,10
2019-11-17 18:00:00.000,2019,11,17,18,31007KT,20,10
2019-11-17 19:00:00.000,2019,11,17,19,31014KT,20,10
2019-11-17 20:00:00.000,2019,11,17,20,32015KT,20,09
2019-11-17 21:00:00.000,2019,11,17,21,31014KT,19,10
2019-11-17 22:00:00.000,2019,11,17,22,32013KT,17,10
2019-11-17 23:00:00.000,2019,11,17,23,29006KT,15,11
2019-11-18 00:00:00.000,2019,11,18,0,27007KT,15,11
2019-11-18 01:00:00.000,2019,11,18,1,25005KT,15,11
2019-11-18 02:00:00.000,2019,11,18,2,25006KT,14,11
2019-11-18 03:00:00.000,2019,11,18,3,26003KT,14,11
2019-11-18 04:00:00.000,2019,11,18,4,30005KT,13,11
2019-11-18 05:00:00.000,2019,11,18,5,36003KT,11,10
2019-11-18 06:00:00.000,2019,11,18,6,32005KT,09,09
2019-11-18 07:00:00.000,2019,11,18,7,VRB02KT,10,09
2019-11-18 08:00:00.000,2019,11,18,8,VRB02KT,10,09
2019-11-18 09:00:00.000,2019,11,18,9,VRB02KT,09,08
2019-11-18 10:00:00.000,2019,11,18,10,VRB02KT,08,08
2019-11-18 11:00:00.000,2019,11,18,11,VRB02KT,08,07
2019-11-18 12:00:00.000,2019,11,18,12,04004KT,11,09
2019-11-18 13:00:00.000,2019,11,18,13,05008KT,14,11
2019-11-18 14:00:00.000,2019,11,18,14,36004KT,16,11
2019-11-18 15:00:00.000,2019,11,18,15,01005KT,19,10
2019-11-18 16:00:00.000,2019,11,18,16,33004KT,20,08
2019-11-18 17:00:00.000,2019,11,18,17,33006KT,21,07
2019-11-18 18:00:00.000,2019,11,18,18,29013KT,21,12
2019-11-18 19:00:00.000,2019,11,18,19,28011KT,20,11
2019-11-18 20:00:00.000,2019,11,18,20,28012KT,19,10
2019-11-18 21:00:00.000,2019,11,18,21,29013KT,19,10
2019-11-18 22:00:00.000,2019,11,18,22,29010KT,17,11
2019-11-18 23:00:00.000,2019,11,18,23,29006KT,16,13
2019-11-19 00:00:00.000,2019,11,19,0,29005KT,15,12
2019-11-19 01:00:00.000,2019,11,19,1,28004KT,15,12
2019-11-19 02:00:00.000,2019,11,19,2,30008KT,14,12
2019-11-19 03:00:00.000,2019,11,19,3,30004KT,12,10
2019-11-19 04:00:00.000,2019,11,19,4,26006KT,12,10
2019-11-19 05:00:00.000,2019,11,19,5,30006KT,12,10
2019-11-19 06:00:00.000,2019,11,19,6,VRB02KT,12,10
2019-11-19 07:00:00.000,2019,11,19,7,31006KT,11,10
2019-11-19 08:00:00.000,2019,11,19,8,32003KT,10,09
2019-11-19 09:00:00.000,2019,11,19,9,30005KT,09,09
2019-11-19 10:00:00.000,2019,11,19,10,VRB02KT,10,10
2019-11-19 11:00:00.000,2019,11,19,11,03003KT,11,10
2019-11-19 12:00:00.000,2019,11,19,12,VRB02KT,12,11
2019-11-19 13:00:00.000,2019,11,19,13,36004KT,14,12
2019-11-19 14:00:00.000,2019,11,19,14,33004KT,16,12
2019-11-19 15:00:00.000,2019,11,19,15,32004KT,18,11
2019-11-19 16:00:00.000,2019,11,19,16,33004KT,19,09
2019-11-19 17:00:00.000,2019,11,19,17,29006KT,21,09
2019-11-19 18:00:00.000,2019,11,19,18,26014KT,19,11
2019-11-19 19:00:00.000,2019,11,19,19,27012KT,19,11
2019-11-19 20:00:00.000,2019,11,19,20,28010KT,19,10
2019-11-19 21:00:00.000,2019,11,19,21,28010KT,18,11
2019-11-19 22:00:00.000,2019,11,19,22,32012KT,16,12
2019-11-19 23:00:00.000,2019,11,19,23,20008KT,12,11
2019-11-20 00:00:00.000,2019,11,20,0,12006KT,13,11
2019-11-20 01:00:00.000,2019,11,20,1,VRB02KT,13,11
2019-11-20 02:00:00.000,2019,11,20,2,30004KT,14,11
2019-11-20 03:00:00.000,2019,11,20,3,30006KT,13,11
2019-11-20 04:00:00.000,2019,11,20,4,29004KT,13,11
2019-11-20 05:00:00.000,2019,11,20,5,32006KT,13,11
2019-11-20 06:00:00.000,2019,11,20,6,31006KT,12,10
2019-11-20 07:00:00.000,2019,11,20,7,33004KT,12,10
2019-11-20 08:00:00.000,2019,11,20,8,34003KT,12,10
2019-11-20 09:00:00.000,2019,11,20,9,VRB02KT,12,11
2019-11-20 10:00:00.000,2019,11,20,10,32003KT,12,10
2019-11-20 11:00:00.000,2019,11,20,11,VRB02KT,12,10
2019-11-20 12:00:00.000,2019,11,20,12,27003KT,12,11
2019-11-20 13:00:00.000,2019,11,20,13,VRB02KT,15,12
2019-11-20 14:00:00.000,2019,11,20,14,33004KT,15,11
2019-11-20 15:00:00.000,2019,11,20,15,24003KT,17,11
2019-11-20 16:00:00.000,2019,11,20,16,19005KT,19,10
2019-11-20 17:00:00.000,2019,11,20,17,25007KT,20,10
2019-11-20 18:00:00.000,2019,11,20,18,28012KT,18,11
2019-11-20 19:00:00.000,2019,11,20,19,27011KT,18,11
2019-11-20 20:00:00.000,2019,11,20,20,26012KT,17,12
2019-11-20 21:00:00.000,2019,11,20,21,27011KT,17,12
2019-11-20 22:00:00.000,2019,11,20,22,22008KT,16,12
2019-11-20 23:00:00.000,2019,11,20,23,25006KT,14,12
2019-11-21 00:00:00.000,2019,11,21,0,25006KT,14,12
2019-11-21 01:00:00.000,2019,11,21,1,VRB02KT,14,11
2019-11-21 02:00:00.000,2019,11,21,2,VRB02KT,13,11
2019-11-21 03:00:00.000,2019,11,21,3,30004KT,13,11
2019-11-21 04:00:00.000,2019,11,21,4,31003KT,13,11
2019-11-21 05:00:00.000,2019,11,21,5,32003KT,13,11
2019-11-21 06:00:00.000,2019,11,21,6,35005KT,12,11
2019-11-21 07:00:00.000,2019,11,21,7,30005KT,12,11
2019-11-21 08:00:00.000,2019,11,21,8,VRB02KT,12,11
2019-11-21 09:00:00.000,2019,11,21,9,VRB02KT,12,10
2019-11-21 10:00:00.000,2019,11,21,10,VRB02KT,12,11
2019-11-21 11:00:00.000,2019,11,21,11,31006KT,11,10
2019-11-21 12:00:00.000,2019,11,21,12,02004KT,12,11
2019-11-21 13:00:00.000,2019,11,21,13,VRB02KT,13,11
2019-11-21 14:00:00.000,2019,11,21,14,VRB02KT,16,11
2019-11-21 15:00:00.000,2019,11,21,15,VRB02KT,17,11
2019-11-21 16:00:00.000,2019,11,21,16,26005KT,18,10
2019-11-21 17:00:00.000,2019,11,21,17,21004KT,18,10
2019-11-21 18:00:00.000,2019,11,21,18,25014KT,16,11
2019-11-21 19:00:00.000,2019,11,21,19,30011KT,15,12
2019-11-21 20:00:00.000,2019,11,21,20,27006KT,15,12
2019-11-21 21:00:00.000,2019,11,21,21,26006KT,15,12
2019-11-21 22:00:00.000,2019,11,21,22,32004KT,14,12
2019-11-21 23:00:00.000,2019,11,21,23,28008KT,14,12
2019-11-22 00:00:00.000,2019,11,22,0,31007KT,14,12
2019-11-22 01:00:00.000,2019,11,22,1,26004KT,13,12
2019-11-22 02:00:00.000,2019,11,22,2,29005KT,13,12
2019-11-22 03:00:00.000,2019,11,22,3,31003KT,12,11
2019-11-22 04:00:00.000,2019,11,22,4,30003KT,13,11
2019-11-22 05:00:00.000,2019,11,22,5,31005KT,13,11
2019-11-22 06:00:00.000,2019,11,22,6,31006KT,13,11
2019-11-22 07:00:00.000,2019,11,22,7,VRB02KT,12,11
2019-11-22 08:00:00.000,2019,11,22,8,VRB02KT,12,11
2019-11-22 09:00:00.000,2019,11,22,9,00000KT,12,11
2019-11-22 10:00:00.000,2019,11,22,10,00000KT,12,11
2019-11-22 11:00:00.000,2019,11,22,11,00000KT,11,11
2019-11-22 12:00:00.000,2019,11,22,12,31004KT,12,11
2019-11-22 13:00:00.000,2019,11,22,13,VRB02KT,13,12
2019-11-22 14:00:00.000,2019,11,22,14,28004KT,14,11
2019-11-22 15:00:00.000,2019,11,22,15,30006KT,17,11
2019-11-22 16:00:00.000,2019,11,22,16,30005KT,18,09
2019-11-22 17:00:00.000,2019,11,22,17,16008KT,17,11
2019-11-22 18:00:00.000,2019,11,22,18,16012KT,13,10
2019-11-22 19:00:00.000,2019,11,22,19,VRB03KT,12,11
2019-11-22 20:00:00.000,2019,11,22,20,30004KT,14,11
2019-11-22 21:00:00.000,2019,11,22,21,27007KT,15,11
2019-11-22 22:00:00.000,2019,11,22,22,21005KT,14,11
2019-11-22 23:00:00.000,2019,11,22,23,27004KT,13,11
2019-11-23 00:00:00.000,2019,11,23,0,25003KT,13,11
2019-11-23 01:00:00.000,2019,11,23,1,29004KT,12,10
2019-11-23 02:00:00.000,2019,11,23,2,30003KT,11,09
2019-11-23 03:00:00.000,2019,11,23,3,32008KT,10,09
2019-11-23 04:00:00.000,2019,11,23,4,VRB02KT,10,09
2019-11-23 05:00:00.000,2019,11,23,5,VRB02KT,09,08
2019-11-23 06:00:00.000,2019,11,23,6,01003KT,09,08
2019-11-23 07:00:00.000,2019,11,23,7,VRB02KT,09,08
2019-11-23 08:00:00.000,2019,11,23,8,VRB02KT,08,08
2019-11-23 09:00:00.000,2019,11,23,9,VRB02KT,08,08
2019-11-23 10:00:00.000,2019,11,23,10,VRB02KT,09,09
2019-11-23 11:00:00.000,2019,11,23,11,33003KT,09,08
2019-11-23 12:00:00.000,2019,11,23,12,36003KT,10,09
2019-11-23 13:00:00.000,2019,11,23,13,36004KT,12,11
2019-11-23 14:00:00.000,2019,11,23,14,VRB02KT,16,10
2019-11-23 15:00:00.000,2019,11,23,15,30004KT,18,10
2019-11-23 16:00:00.000,2019,11,23,16,32004KT,19,10
2019-11-23 17:00:00.000,2019,11,23,17,05005KT,19,07
2019-11-23 18:00:00.000,2019,11,23,18,09012KT,19,10
2019-11-23 19:00:00.000,2019,11,23,19,28015KT,19,11
2019-11-23 20:00:00.000,2019,11,23,20,28015KT,18,11
2019-11-23 21:00:00.000,2019,11,23,21,27011KT,16,10
2019-11-23 22:00:00.000,2019,11,23,22,26008KT,16,10
2019-11-23 23:00:00.000,2019,11,23,23,31008KT,14,11
2019-11-24 00:00:00.000,2019,11,24,0,26005KT,14,11
2019-11-24 01:00:00.000,2019,11,24,1,30007KT,13,11
2019-11-24 02:00:00.000,2019,11,24,2,27006KT,13,11
2019-11-24 03:00:00.000,2019,11,24,3,30005KT,13,11
2019-11-24 04:00:00.000,2019,11,24,4,VRB02KT,12,11
2019-11-24 05:00:00.000,2019,11,24,5,VRB02KT,11,10
2019-11-24 06:00:00.000,2019,11,24,6,35003KT,11,10
2019-11-24 07:00:00.000,2019,11,24,7,30003KT,12,11
2019-11-24 08:00:00.000,2019,11,24,8,VRB02KT,12,11
2019-11-24 09:00:00.000,2019,11,24,9,VRB02KT,12,11
2019-11-24 10:00:00.000,2019,11,24,10,31004KT,11,10
2019-11-24 11:00:00.000,2019,11,24,11,29004KT,10,09
2019-11-24 12:00:00.000,2019,11,24,12,VRB02KT,11,10
2019-11-24 13:00:00.000,2019,11,24,13,01003KT,12,11
2019-11-24 14:00:00.000,2019,11,24,14,03003KT,15,12
2019-11-24 15:00:00.000,2019,11,24,15,12006KT,17,10
2019-11-24 16:00:00.000,2019,11,24,16,10006KT,16,09
2019-11-24 17:00:00.000,2019,11,24,17,11006KT,17,08
2019-11-24 18:00:00.000,2019,11,24,18,07006KT,18,09
2019-11-24 19:00:00.000,2019,11,24,19,04006KT,19,08
2019-11-24 20:00:00.000,2019,11,24,20,05006KT,18,07
2019-11-24 21:00:00.000,2019,11,24,21,02007KT,18,10
2019-11-24 22:00:00.000,2019,11,24,22,12003KT,17,09
2019-11-24 23:00:00.000,2019,11,24,23,VRB02KT,16,09
2019-11-25 00:00:00.000,2019,11,25,0,24004KT,15,11
2019-11-25 01:00:00.000,2019,11,25,1,VRB02KT,13,10
2019-11-25 02:00:00.000,2019,11,25,2,VRB02KT,11,10
2019-11-25 03:00:00.000,2019,11,25,3,08003KT,12,10
2019-11-25 04:00:00.000,2019,11,25,4,04005KT,10,09
2019-11-25 05:00:00.000,2019,11,25,5,03004KT,10,08
2019-11-25 06:00:00.000,2019,11,25,6,04003KT,10,09
2019-11-25 07:00:00.000,2019,11,25,7,02005KT,09,08
2019-11-25 08:00:00.000,2019,11,25,8,VRB02KT,09,08
2019-11-25 09:00:00.000,2019,11,25,9,VRB02KT,09,08
2019-11-25 10:00:00.000,2019,11,25,10,VRB02KT,08,07
2019-11-25 11:00:00.000,2019,11,25,11,VRB02KT,07,07
2019-11-25 12:00:00.000,2019,11,25,12,05004KT,12,09
2019-11-25 13:00:00.000,2019,11,25,13,06007KT,15,09
2019-11-25 14:00:00.000,2019,11,25,14,04008KT,18,10
2019-11-25 15:00:00.000,2019,11,25,15,03008KT,19,09
2019-11-25 16:00:00.000,2019,11,25,16,11013KT,20,08
2019-11-25 17:00:00.000,2019,11,25,17,12015KT,20,08
2019-11-25 18:00:00.000,2019,11,25,18,13009KT,20,08
2019-11-25 19:00:00.000,2019,11,25,19,14009KT,20,07
2019-11-25 20:00:00.000,2019,11,25,20,13009KT,20,08
2019-11-25 21:00:00.000,2019,11,25,21,10008KT,19,08
2019-11-25 22:00:00.000,2019,11,25,22,11005KT,18,08
2019-11-25 23:00:00.000,2019,11,25,23,14010KT,15,09
2019-11-26 00:00:00.000,2019,11,26,0,13007KT,16,09
2019-11-26 01:00:00.000,2019,11,26,1,12006KT,16,09
2019-11-26 02:00:00.000,2019,11,26,2,12005KT,15,09
2019-11-26 03:00:00.000,2019,11,26,3,14004KT,14,08
2019-11-26 04:00:00.000,2019,11,26,4,05005KT,11,09
2019-11-26 05:00:00.000,2019,11,26,5,03004KT,12,10
2019-11-26 06:00:00.000,2019,11,26,6,03006KT,13,10
2019-11-26 07:00:00.000,2019,11,26,7,04005KT,13,10
2019-11-26 08:00:00.000,2019,11,26,8,03006KT,12,10
2019-11-26 09:00:00.000,2019,11,26,9,04004KT,13,11
2019-11-26 10:00:00.000,2019,11,26,10,04005KT,12,11
2019-11-26 11:00:00.000,2019,11,26,11,05003KT,12,11
2019-11-26 12:00:00.000,2019,11,26,12,06007KT,14,11
2019-11-26 13:00:00.000,2019,11,26,13,12004KT,16,10
2019-11-26 14:00:00.000,2019,11,26,14,VRB05KT,16,10
2019-11-26 15:00:00.000,2019,11,26,15,14010KT,18,11
2019-11-26 16:00:00.000,2019,11,26,16,15011KT,18,10
2019-11-26 17:00:00.000,2019,11,26,17,11011KT,18,09
2019-11-26 18:00:00.000,2019,11,26,18,14009KT,19,12
2019-11-26 19:00:00.000,2019,11,26,19,14011KT,19,10
2019-11-26 20:00:00.000,2019,11,26,20,14010KT,20,09
2019-11-26 21:00:00.000,2019,11,26,21,12012KT,19,08
2019-11-26 22:00:00.000,2019,11,26,22,08007KT,18,07
2019-11-26 23:00:00.000,2019,11,26,23,06005KT,16,08
2019-11-27 00:00:00.000,2019,11,27,0,13008KT,15,07
2019-11-27 01:00:00.000,2019,11,27,1,10005KT,15,08
2019-11-27 02:00:00.000,2019,11,27,2,12005KT,14,08
2019-11-27 03:00:00.000,2019,11,27,3,11005KT,14,08
2019-11-27 04:00:00.000,2019,11,27,4,03003KT,12,07
2019-11-27 05:00:00.000,2019,11,27,5,06006KT,11,09
2019-11-27 06:00:00.000,2019,11,27,6,05004KT,11,09
2019-11-27 07:00:00.000,2019,11,27,7,28004KT,10,09
2019-11-27 08:00:00.000,2019,11,27,8,01003KT,10,09
2019-11-27 09:00:00.000,2019,11,27,9,03006KT,10,09
2019-11-27 10:00:00.000,2019,11,27,10,31003KT,12,10
2019-11-27 11:00:00.000,2019,11,27,11,04005KT,12,10
2019-11-27 12:00:00.000,2019,11,27,12,06003KT,13,10
2019-11-27 13:00:00.000,2019,11,27,13,04009KT,13,11
2019-11-27 14:00:00.000,2019,11,27,14,06005KT,15,11
2019-11-27 15:00:00.000,2019,11,27,15,04008KT,15,12
2019-11-27 16:00:00.000,2019,11,27,16,04009KT,17,10
2019-11-27 17:00:00.000,2019,11,27,17,08009KT,18,10
2019-11-27 18:00:00.000,2019,11,27,18,12013KT,20,08
2019-11-27 19:00:00.000,2019,11,27,19,11012KT,19,08
2019-11-27 20:00:00.000,2019,11,27,20,13014KT,20,07
2019-11-27 21:00:00.000,2019,11,27,21,14015KT,19,08
2019-11-27 22:00:00.000,2019,11,27,22,12012KT,18,07
2019-11-27 23:00:00.000,2019,11,27,23,12010KT,16,08
2019-11-28 00:00:00.000,2019,11,28,0,09005KT,16,08
2019-11-28 01:00:00.000,2019,11,28,1,05006KT,14,09
2019-11-28 02:00:00.000,2019,11,28,2,09004KT,12,09
2019-11-28 03:00:00.000,2019,11,28,3,05005KT,13,09
2019-11-28 04:00:00.000,2019,11,28,4,04003KT,12,09
2019-11-28 05:00:00.000,2019,11,28,5,08003KT,12,10
2019-11-28 06:00:00.000,2019,11,28,6,01003KT,12,10
2019-11-28 07:00:00.000,2019,11,28,7,VRB02KT,12,10
2019-11-28 08:00:00.000,2019,11,28,8,VRB02KT,12,10
2019-11-28 09:00:00.000,2019,11,28,9,VRB02KT,13,10
2019-11-28 10:00:00.000,2019,11,28,10,VRB02KT,12,10
2019-11-28 11:00:00.000,2019,11,28,11,VRB02KT,12,10
2019-11-28 12:00:00.000,2019,11,28,12,05007KT,13,10
2019-11-28 13:00:00.000,2019,11,28,13,04007KT,15,10
2019-11-28 14:00:00.000,2019,11,28,14,05008KT,17,10
2019-11-28 15:00:00.000,2019,11,28,15,04010KT,17,09
2019-11-28 16:00:00.000,2019,11,28,16,08011KT,18,09
2019-11-28 17:00:00.000,2019,11,28,17,07012KT,18,07
2019-11-28 18:00:00.000,2019,11,28,18,05013KT,19,09
2019-11-28 19:00:00.000,2019,11,28,19,05010KT,18,08
2019-11-28 20:00:00.000,2019,11,28,20,06010KT,18,07
2019-11-28 21:00:00.000,2019,11,28,21,04010KT,19,07
2019-11-28 22:00:00.000,2019,11,28,22,03010KT,18,07
2019-11-28 23:00:00.000,2019,11,28,23,06007KT,16,06
2019-11-29 00:00:00.000,2019,11,29,0,35004KT,13,08
2019-11-29 01:00:00.000,2019,11,29,1,VRB02KT,13,08
2019-11-29 02:00:00.000,2019,11,29,2,33005KT,11,08
2019-11-29 03:00:00.000,2019,11,29,3,VRB04KT,09,07
2019-11-29 04:00:00.000,2019,11,29,4,VRB02KT,10,08
2019-11-29 05:00:00.000,2019,11,29,5,VRB02KT,08,08
2019-11-29 06:00:00.000,2019,11,29,6,VRB02KT,09,08
2019-11-29 07:00:00.000,2019,11,29,7,36006KT,08,07
2019-11-29 08:00:00.000,2019,11,29,8,VRB02KT,08,07
2019-11-29 09:00:00.000,2019,11,29,9,VRB02KT,07,06
2019-11-29 10:00:00.000,2019,11,29,10,31003KT,07,06
2019-11-29 11:00:00.000,2019,11,29,11,VRB02KT,06,06
2019-11-29 12:00:00.000,2019,11,29,12,VRB02KT,09,08
2019-11-29 13:00:00.000,2019,11,29,13,06004KT,12,11
2019-11-29 14:00:00.000,2019,11,29,14,VRB02KT,16,10
2019-11-29 15:00:00.000,2019,11,29,15,VRB02KT,18,08
2019-11-29 16:00:00.000,2019,11,29,16,30007KT,20,09
2019-11-29 17:00:00.000,2019,11,29,17,31007KT,21,10
2019-11-29 18:00:00.000,2019,11,29,18,32010KT,20,10
2019-11-29 19:00:00.000,2019,11,29,19,27015KT,20,11
2019-11-29 20:00:00.000,2019,11,29,20,26014KT,19,11
2019-11-29 21:00:00.000,2019,11,29,21,29010KT,18,12
2019-11-29 22:00:00.000,2019,11,29,22,28009KT,17,12
2019-11-29 23:00:00.000,2019,11,29,23,31006KT,14,11
2019-11-30 00:00:00.000,2019,11,30,0,32007KT,14,11
2019-11-30 01:00:00.000,2019,11,30,1,29005KT,14,11
2019-11-30 02:00:00.000,2019,11,30,2,34004KT,14,12
2019-11-30 03:00:00.000,2019,11,30,3,34005KT,14,11
2019-11-30 04:00:00.000,2019,11,30,4,VRB02KT,13,11
2019-11-30 05:00:00.000,2019,11,30,5,32005KT,12,10
2019-11-30 06:00:00.000,2019,11,30,6,26004KT,13,11
2019-11-30 07:00:00.000,2019,11,30,7,25003KT,13,11
2019-11-30 08:00:00.000,2019,11,30,8,26004KT,13,11
2019-11-30 09:00:00.000,2019,11,30,9,29005KT,13,11
2019-11-30 10:00:00.000,2019,11,30,10,VRB02KT,12,11
2019-11-30 11:00:00.000,2019,11,30,11,VRB02KT,12,10
2019-11-30 12:00:00.000,2019,11,30,12,VRB02KT,13,12
2019-11-30 13:00:00.000,2019,11,30,13,VRB04KT,15,13
2019-11-30 14:00:00.000,2019,11,30,14,VRB02KT,18,12
2019-11-30 15:00:00.000,2019,11,30,15,VRB04KT,19,11
2019-11-30 16:00:00.000,2019,11,30,16,VRB05KT,20,10
2019-11-30 17:00:00.000,2019,11,30,17,33007KT,22,09
2019-11-30 18:00:00.000,2019,11,30,18,29014KT,21,13
2019-11-30 19:00:00.000,2019,11,30,19,24015G28KT,19,12
2019-11-30 20:00:00.000,2019,11,30,20,26014KT,18,12
2019-11-30 21:00:00.000,2019,11,30,21,27011KT,17,12
2019-11-30 22:00:00.000,2019,11,30,22,28007KT,16,12
2019-11-30 23:00:00.000,2019,11,30,23,32008KT,14,13
2019-12-01 00:00:00.000,2019,12,1,0,31008KT,14,13
2019-12-01 01:00:00.000,2019,12,1,1,29006KT,14,12
2019-12-01 02:00:00.000,2019,12,1,2,29008KT,14,12
2019-12-01 03:00:00.000,2019,12,1,3,31003KT,14,12
2019-12-01 04:00:00.000,2019,12,1,4,VRB02KT,14,13
2019-12-01 05:00:00.000,2019,12,1,5,07005KT,13,12
2019-12-01 06:00:00.000,2019,12,1,6,VRB02KT,13,12
2019-12-01 07:00:00.000,2019,12,1,7,VRB02KT,13,12
2019-12-01 08:00:00.000,2019,12,1,8,VRB02KT,13,12
2019-12-01 09:00:00.000,2019,12,1,9,VRB02KT,13,12
2019-12-01 10:00:00.000,2019,12,1,10,32004KT,13,12
2019-12-01 11:00:00.000,2019,12,1,11,VRB02KT,12,11
2019-12-01 12:00:00.000,2019,12,1,12,08004KT,14,10
2019-12-01 13:00:00.000,2019,12,1,13,06006KT,14,11
2019-12-01 14:00:00.000,2019,12,1,14,10006KT,17,11
2019-12-01 15:00:00.000,2019,12,1,15,06009KT,18,11
2019-12-01 16:00:00.000,2019,12,1,16,12007KT,19,09
2019-12-01 17:00:00.000,2019,12,1,17,06007KT,18,10
2019-12-01 18:00:00.000,2019,12,1,18,06006KT,19,09
2019-12-01 19:00:00.000,2019,12,1,19,38009KT,21,09
2019-12-01 20:00:00.000,2019,12,1,20,10010KT,20,08
2019-12-01 21:00:00.000,2019,12,1,21,10012KT,19,07
2019-12-01 22:00:00.000,2019,12,1,22,11007KT,18,07
2019-12-01 23:00:00.000,2019,12,1,23,11010KT,17,07
2019-12-02 00:00:00.000,2019,12,2,0,13008KT,14,07
2019-12-02 01:00:00.000,2019,12,2,1,13006KT,14,08
2019-12-02 02:00:00.000,2019,12,2,2,VRB04KT,13,09
2019-12-02 03:00:00.000,2019,12,2,3,VRB04KT,12,08
2019-12-02 04:00:00.000,2019,12,2,4,VRB02KT,11,09
2019-12-02 05:00:00.000,2019,12,2,5,02004KT,10,08
2019-12-02 06:00:00.000,2019,12,2,6,02004KT,10,08
2019-12-02 07:00:00.000,2019,12,2,7,07003KT,10,08
2019-12-02 08:00:00.000,2019,12,2,8,02004KT,11,08
2019-12-02 09:00:00.000,2019,12,2,9,06006KT,10,08
2019-12-02 10:00:00.000,2019,12,2,10,VRB02KT,10,08
2019-12-02 11:00:00.000,2019,12,2,11,06007KT,11,09
2019-12-02 12:00:00.000,2019,12,2,12,04004KT,12,09
2019-12-02 13:00:00.000,2019,12,2,13,04006KT,14,10
2019-12-02 14:00:00.000,2019,12,2,14,06008KT,16,10
2019-12-02 15:00:00.000,2019,12,2,15,07006KT,17,09
2019-12-02 16:00:00.000,2019,12,2,16,10007KT,17,09
2019-12-02 17:00:00.000,2019,12,2,17,13012KT,16,10
2019-12-02 18:00:00.000,2019,12,2,18,10005KT,17,09
2019-12-02 19:00:00.000,2019,12,2,19,12007KT,17,08
2019-12-02 20:00:00.000,2019,12,2,20,11007KT,17,08
2019-12-02 21:00:00.000,2019,12,2,21,08005KT,17,09
2019-12-02 22:00:00.000,2019,12,2,22,10004KT,16,08
2019-12-02 23:00:00.000,2019,12,2,23,08004KT,15,09
2019-12-03 00:00:00.000,2019,12,3,0,10004KT,15,08
2019-12-03 01:00:00.000,2019,12,3,1,09004KT,14,08
2019-12-03 02:00:00.000,2019,12,3,2,VRB02KT,13,08
2019-12-03 03:00:00.000,2019,12,3,3,10004KT,13,08
2019-12-03 04:00:00.000,2019,12,3,4,32004KT,11,08
2019-12-03 05:00:00.000,2019,12,3,5,07004KT,11,08
2019-12-03 06:00:00.000,2019,12,3,6,03004KT,09,07
2019-12-03 07:00:00.000,2019,12,3,7,05005KT,09,08
2019-12-03 08:00:00.000,2019,12,3,8,06006KT,09,08
2019-12-03 09:00:00.000,2019,12,3,9,06006KT,10,08
2019-12-03 10:00:00.000,2019,12,3,10,05005KT,10,08
2019-12-03 11:00:00.000,2019,12,3,11,05006KT,10,08
2019-12-03 12:00:00.000,2019,12,3,12,07008KT,11,08
2019-12-03 13:00:00.000,2019,12,3,13,05007KT,13,09
2019-12-03 14:00:00.000,2019,12,3,14,03009KT,15,09
2019-12-03 15:00:00.000,2019,12,3,15,03007KT,18,09
2019-12-03 16:00:00.000,2019,12,3,16,05010KT,19,08
2019-12-03 17:00:00.000,2019,12,3,17,09007KT,20,06
2019-12-03 18:00:00.000,2019,12,3,18,27006KT,20,06
2019-12-03 19:00:00.000,2019,12,3,19,27008KT,18,11
2019-12-03 20:00:00.000,2019,12,3,20,30006KT,18,10
2019-12-03 21:00:00.000,2019,12,3,21,35004KT,18,09
2019-12-03 22:00:00.000,2019,12,3,22,11006KT,17,10
2019-12-03 23:00:00.000,2019,12,3,23,27005KT,16,12
2019-12-04 00:00:00.000,2019,12,4,0,25004KT,14,11
2019-12-04 01:00:00.000,2019,12,4,1,VRB02KT,13,11
2019-12-04 02:00:00.000,2019,12,4,2,VRB02KT,12,11
2019-12-04 03:00:00.000,2019,12,4,3,VRB02KT,12,11
2019-12-04 04:00:00.000,2019,12,4,4,VRB02KT,11,10
2019-12-04 05:00:00.000,2019,12,4,5,34004KT,09,08
2019-12-04 06:00:00.000,2019,12,4,6,01003KT,09,08
2019-12-04 07:00:00.000,2019,12,4,7,04004KT,09,08
2019-12-04 08:00:00.000,2019,12,4,8,VRB02KT,08,08
2019-12-04 09:00:00.000,2019,12,4,9,VRB02KT,07,06
2019-12-04 10:00:00.000,2019,12,4,10,VRB02KT,06,06
2019-12-04 11:00:00.000,2019,12,4,11,VRB02KT,06,06
2019-12-04 12:00:00.000,2019,12,4,12,VRB02KT,10,09
2019-12-04 13:00:00.000,2019,12,4,13,01004KT,13,10
2019-12-04 14:00:00.000,2019,12,4,14,04003KT,16,09
2019-12-04 15:00:00.000,2019,12,4,15,33005KT,18,09
2019-12-04 16:00:00.000,2019,12,4,16,02008KT,19,08
2019-12-04 17:00:00.000,2019,12,4,17,01009KT,20,07
2019-12-04 18:00:00.000,2019,12,4,18,03005KT,20,07
2019-12-04 19:00:00.000,2019,12,4,19,04009KT,20,06
2019-12-04 20:00:00.000,2019,12,4,20,05003KT,20,06
2019-12-04 21:00:00.000,2019,12,4,21,26006KT,20,11
2019-12-04 22:00:00.000,2019,12,4,22,26011KT,17,12
2019-12-04 23:00:00.000,2019,12,4,23,29003KT,15,13
2019-12-05 00:00:00.000,2019,12,5,0,22004KT,15,13
2019-12-05 01:00:00.000,2019,12,5,1,24003KT,15,13
2019-12-05 02:00:00.000,2019,12,5,2,30004KT,14,12
2019-12-05 03:00:00.000,2019,12,5,3,03004KT,13,11
2019-12-05 04:00:00.000,2019,12,5,4,35003KT,12,11
2019-12-05 05:00:00.000,2019,12,5,5,07003KT,12,11
2019-12-05 06:00:00.000,2019,12,5,6,VRB02KT,11,10
2019-12-05 07:00:00.000,2019,12,5,7,VRB02KT,11,09
2019-12-05 08:00:00.000,2019,12,5,8,35003KT,10,08
2019-12-05 09:00:00.000,2019,12,5,9,VRB02KT,09,08
2019-12-05 10:00:00.000,2019,12,5,10,00000KT,09,08
2019-12-05 11:00:00.000,2019,12,5,11,VRB02KT,08,08
2019-12-05 12:00:00.000,2019,12,5,12,VRB02KT,11,10
2019-12-05 13:00:00.000,2019,12,5,13,VRB02KT,14,11
2019-12-05 14:00:00.000,2019,12,5,14,07005KT,17,08
2019-12-05 15:00:00.000,2019,12,5,15,06010KT,17,08
2019-12-05 16:00:00.000,2019,12,5,16,10010KT,20,09
2019-12-05 17:00:00.000,2019,12,5,17,04008KT,19,09
2019-12-05 18:00:00.000,2019,12,5,18,13010KT,21,06
2019-12-05 19:00:00.000,2019,12,5,19,06014KT,19,08
2019-12-05 20:00:00.000,2019,12,5,20,09013KT,20,08
2019-12-05 21:00:00.000,2019,12,5,21,11007KT,19,07
2019-12-05 22:00:00.000,2019,12,5,22,06010KT,19,07
2019-12-05 23:00:00.000,2019,12,5,23,07006KT,17,07
2019-12-06 00:00:00.000,2019,12,6,0,18006KT,15,10
2019-12-06 01:00:00.000,2019,12,6,1,02007KT,14,08
2019-12-06 02:00:00.000,2019,12,6,2,VRB02KT,13,09
2019-12-06 03:00:00.000,2019,12,6,3,VRB02KT,10,08
2019-12-06 04:00:00.000,2019,12,6,4,34003KT,09,08
2019-12-06 05:00:00.000,2019,12,6,5,00000KT,09,08
2019-12-06 06:00:00.000,2019,12,6,6,VRB02KT,08,06
2019-12-06 07:00:00.000,2019,12,6,7,31003KT,07,07
2019-12-06 08:00:00.000,2019,12,6,8,VRB02KT,06,06
2019-12-06 09:00:00.000,2019,12,6,9,36003KT,06,06
2019-12-06 10:00:00.000,2019,12,6,10,31003KT,07,07
2019-12-06 11:00:00.000,2019,12,6,11,04004KT,06,06
2019-12-06 12:00:00.000,2019,12,6,12,01003KT,09,08
2019-12-06 13:00:00.000,2019,12,6,13,03004KT,11,09
2019-12-06 14:00:00.000,2019,12,6,14,01004KT,15,08
2019-12-06 15:00:00.000,2019,12,6,15,33006KT,18,06
2019-12-06 16:00:00.000,2019,12,6,16,27005KT,19,05
2019-12-06 17:00:00.000,2019,12,6,17,27005KT,19,05
2019-12-06 18:00:00.000,2019,12,6,18,35007KT,20,07
2019-12-06 19:00:00.000,2019,12,6,19,26008KT,20,11
2019-12-06 20:00:00.000,2019,12,6,20,27010KT,20,10
2019-12-06 21:00:00.000,2019,12,6,21,24010KT,16,13
2019-12-06 22:00:00.000,2019,12,6,22,26006KT,15,12
2019-12-06 23:00:00.000,2019,12,6,23,26007KT,14,12
2019-12-07 00:00:00.000,2019,12,7,0,26005KT,14,13
2019-12-07 01:00:00.000,2019,12,7,1,VRB02KT,13,11
2019-12-07 02:00:00.000,2019,12,7,2,28004KT,13,11
2019-12-07 03:00:00.000,2019,12,7,3,VRB02KT,12,10
2019-12-07 04:00:00.000,2019,12,7,4,VRB02KT,12,10
2019-12-07 05:00:00.000,2019,12,7,5,36003KT,11,10
2019-12-07 06:00:00.000,2019,12,7,6,VRB02KT,11,10
2019-12-07 07:00:00.000,2019,12,7,7,VRB02KT,10,09
2019-12-07 08:00:00.000,2019,12,7,8,VRB02KT,09,08
2019-12-07 09:00:00.000,2019,12,7,9,VRB02KT,08,07
2019-12-07 10:00:00.000,2019,12,7,10,VRB02KT,09,09
2019-12-07 11:00:00.000,2019,12,7,11,VRB02KT,09,08
2019-12-07 12:00:00.000,2019,12,7,12,34002KT,09,08
2019-12-07 13:00:00.000,2019,12,7,13,VRB02KT,12,11
2019-12-07 14:00:00.000,2019,12,7,14,VRB02KT,16,09
2019-12-07 15:00:00.000,2019,12,7,15,32006KT,18,08
2019-12-07 16:00:00.000,2019,12,7,16,36004KT,19,06
2019-12-07 17:00:00.000,2019,12,7,17,09006KT,20,05
2019-12-07 18:00:00.000,2019,12,7,18,24005KT,20,06
2019-12-07 19:00:00.000,2019,12,7,19,26010KT,19,10
2019-12-07 20:00:00.000,2019,12,7,20,28016KT,18,11
2019-12-07 21:00:00.000,2019,12,7,21,28010KT,17,10
2019-12-07 22:00:00.000,2019,12,7,22,27003KT,16,11
2019-12-07 23:00:00.000,2019,12,7,23,31009KT,15,10
2019-12-08 00:00:00.000,2019,12,8,0,28005KT,14,11
2019-12-08 01:00:00.000,2019,12,8,1,31006KT,13,10
2019-12-08 02:00:00.000,2019,12,8,2,30005KT,13,10
2019-12-08 03:00:00.000,2019,12,8,3,VRB05KT,13,10
2019-12-08 04:00:00.000,2019,12,8,4,30006KT,13,11
2019-12-08 05:00:00.000,2019,12,8,5,30006KT,12,11
2019-12-08 06:00:00.000,2019,12,8,6,28005KT,12,11
2019-12-08 07:00:00.000,2019,12,8,7,28004KT,11,10
2019-12-08 08:00:00.000,2019,12,8,8,VRB02KT,11,10
2019-12-08 09:00:00.000,2019,12,8,9,VRB02KT,10,09
2019-12-08 10:00:00.000,2019,12,8,10,00000KT,11,10
2019-12-08 11:00:00.000,2019,12,8,11,27003KT,09,08
2019-12-08 12:00:00.000,2019,12,8,12,33003KT,11,10
2019-12-08 13:00:00.000,2019,12,8,13,VRB02KT,12,11
2019-12-08 14:00:00.000,2019,12,8,14,VRB02KT,15,11
2019-12-08 15:00:00.000,2019,12,8,15,30005KT,17,10
2019-12-08 16:00:00.000,2019,12,8,16,28009KT,18,11
2019-12-08 17:00:00.000,2019,12,8,17,29008KT,19,11
2019-12-08 18:00:00.000,2019,12,8,18,30010KT,19,11
2019-12-08 19:00:00.000,2019,12,8,19,27015KT,17,11
2019-12-08 20:00:00.000,2019,12,8,20,28010KT,16,11
2019-12-08 21:00:00.000,2019,12,8,21,09004KT,13,10
2019-12-08 22:00:00.000,2019,12,8,22,16005KT,13,10
2019-12-08 23:00:00.000,2019,12,8,23,VRB02KT,13,11
2019-12-09 00:00:00.000,2019,12,9,0,VRB02KT,13,11
2019-12-09 02:00:00.000,2019,12,9,2,VRB02KT,11,10
2019-12-09 03:00:00.000,2019,12,9,3,VRB02KT,11,10
2019-12-09 04:00:00.000,2019,12,9,4,VRB02KT,11,10
2019-12-09 05:00:00.000,2019,12,9,5,34004KT,09,08
2019-12-09 06:00:00.000,2019,12,9,6,02004KT,10,09
2019-12-09 07:00:00.000,2019,12,9,7,VRB02KT,09,08
2019-12-09 08:00:00.000,2019,12,9,8,VRB02KT,09,08
2019-12-09 09:00:00.000,2019,12,9,9,28004KT,09,09
2019-12-09 10:00:00.000,2019,12,9,10,VRB02KT,09,09
2019-12-09 11:00:00.000,2019,12,9,11,VRB02KT,09,09
2019-12-09 12:00:00.000,2019,12,9,12,36003KT,12,12
2019-12-09 13:00:00.000,2019,12,9,13,VRB02KT,14,12
2019-12-09 14:00:00.000,2019,12,9,14,13006KT,16,13
2019-12-09 15:00:00.000,2019,12,9,15,13010KT,18,08
2019-12-09 16:00:00.000,2019,12,9,16,15010KT,20,07
2019-12-09 17:00:00.000,2019,12,9,17,14010KT,21,07
2019-12-09 18:00:00.000,2019,12,9,18,15010KT,22,07
2019-12-09 19:00:00.000,2019,12,9,19,16010KT,21,06
2019-12-09 20:00:00.000,2019,12,9,20,23010KT,21,11
2019-12-09 21:00:00.000,2019,12,9,21,30012KT,17,13
2019-12-09 22:00:00.000,2019,12,9,22,29010KT,16,13
2019-12-09 23:00:00.000,2019,12,9,23,27007KT,15,12
2019-12-10 00:00:00.000,2019,12,10,0,26003KT,15,10
2019-12-10 01:00:00.000,2019,12,10,1,VRB02KT,14,11
2019-12-10 02:00:00.000,2019,12,10,2,VRB02KT,13,11
2019-12-10 03:00:00.000,2019,12,10,3,36003KT,11,09
2019-12-10 04:00:00.000,2019,12,10,4,06004KT,10,09
2019-12-10 05:00:00.000,2019,12,10,5,02004KT,10,09
2019-12-10 06:00:00.000,2019,12,10,6,36003KT,10,08
2019-12-10 07:00:00.000,2019,12,10,7,05004KT,09,08
2019-12-10 08:00:00.000,2019,12,10,8,36003KT,08,07
2019-12-10 09:00:00.000,2019,12,10,9,00000KT,06,06
2019-12-10 10:00:00.000,2019,12,10,10,00000KT,06,06
2019-12-10 11:00:00.000,2019,12,10,11,VRB02KT,06,05
2019-12-10 12:00:00.000,2019,12,10,12,VRB02KT,09,08
2019-12-10 13:00:00.000,2019,12,10,13,02005KT,12,09
2019-12-10 14:00:00.000,2019,12,10,14,06005KT,15,09
2019-12-10 15:00:00.000,2019,12,10,15,35006KT,17,08
2019-12-10 16:00:00.000,2019,12,10,16,03007KT,18,08
2019-12-10 17:00:00.000,2019,12,10,17,05004KT,19,08
2019-12-10 18:00:00.000,2019,12,10,18,16005KT,20,07
2019-12-10 19:00:00.000,2019,12,10,19,21008KT,20,08
2019-12-10 20:00:00.000,2019,12,10,20,23010KT,21,10
2019-12-10 21:00:00.000,2019,12,10,21,31010KT,16,12
2019-12-10 22:00:00.000,2019,12,10,22,28006KT,16,12
2019-12-10 23:00:00.000,2019,12,10,23,27004KT,16,12
2019-12-11 00:00:00.000,2019,12,11,0,33003KT,14,12
2019-12-11 01:00:00.000,2019,12,11,1,00000KT,13,12
2019-12-11 02:00:00.000,2019,12,11,2,33003KT,13,12
2019-12-11 03:00:00.000,2019,12,11,3,00000KT,12,11
2019-12-11 04:00:00.000,2019,12,11,4,VRB02KT,11,10
2019-12-11 05:00:00.000,2019,12,11,5,00000KT,11,10
2019-12-11 06:00:00.000,2019,12,11,6,VRB02KT,11,10
2019-12-11 07:00:00.000,2019,12,11,7,05005KT,10,09
2019-12-11 08:00:00.000,2019,12,11,8,31005KT,08,07
2019-12-11 09:00:00.000,2019,12,11,9,00000KT,09,08
2019-12-11 10:00:00.000,2019,12,11,10,06003KT,09,09
2019-12-11 11:00:00.000,2019,12,11,11,VRB02KT,08,07
2019-12-11 12:00:00.000,2019,12,11,12,02003KT,11,09
2019-12-11 13:00:00.000,2019,12,11,13,02003KT,14,10
2019-12-11 14:00:00.000,2019,12,11,14,VRB02KT,17,10
2019-12-11 15:00:00.000,2019,12,11,15,VRB04KT,18,10
2019-12-11 16:00:00.000,2019,12,11,16,30005KT,19,08
2019-12-11 17:00:00.000,2019,12,11,17,30005KT,20,07
2019-12-11 18:00:00.000,2019,12,11,18,29012KT,20,11
2019-12-11 19:00:00.000,2019,12,11,19,27013KT,20,11
2019-12-11 20:00:00.000,2019,12,11,20,26015KT,19,11
2019-12-11 21:00:00.000,2019,12,11,21,25010KT,18,11
2019-12-11 22:00:00.000,2019,12,11,22,VRB04KT,16,09
2019-12-11 23:00:00.000,2019,12,11,23,32005KT,14,11
2019-12-12 00:00:00.000,2019,12,12,0,31005KT,14,11
2019-12-12 01:00:00.000,2019,12,12,1,30007KT,14,11
2019-12-12 02:00:00.000,2019,12,12,2,29005KT,14,11
2019-12-12 03:00:00.000,2019,12,12,3,28004KT,13,11
2019-12-12 04:00:00.000,2019,12,12,4,30004KT,13,11
2019-12-12 05:00:00.000,2019,12,12,5,31007KT,13,11
2019-12-12 06:00:00.000,2019,12,12,6,31005KT,12,10
2019-12-12 07:00:00.000,2019,12,12,7,31004KT,12,10
2019-12-12 08:00:00.000,2019,12,12,8,30003KT,11,09
2019-12-12 09:00:00.000,2019,12,12,9,32005KT,09,08
2019-12-12 10:00:00.000,2019,12,12,10,VRB02KT,10,09
2019-12-12 11:00:00.000,2019,12,12,11,34004KT,09,08
2019-12-12 12:00:00.000,2019,12,12,12,VRB02KT,10,09
2019-12-12 13:00:00.000,2019,12,12,13,03004KT,12,10
2019-12-12 14:00:00.000,2019,12,12,14,VRB02KT,16,10
2019-12-12 15:00:00.000,2019,12,12,15,VRB04KT,17,10
2019-12-12 16:00:00.000,2019,12,12,16,VRB04KT,19,09
2019-12-12 17:00:00.000,2019,12,12,17,31007KT,19,09
2019-12-12 18:00:00.000,2019,12,12,18,33008KT,19,10
2019-12-12 19:00:00.000,2019,12,12,19,27012KT,19,11
2019-12-12 20:00:00.000,2019,12,12,20,30008KT,18,11
2019-12-12 21:00:00.000,2019,12,12,21,28013KT,17,11
2019-12-12 22:00:00.000,2019,12,12,22,29008KT,16,10
2019-12-12 23:00:00.000,2019,12,12,23,33010KT,14,11
2019-12-13 00:00:00.000,2019,12,13,0,28006KT,13,10
2019-12-13 01:00:00.000,2019,12,13,1,26005KT,13,10
2019-12-13 02:00:00.000,2019,12,13,2,24005KT,12,10
2019-12-13 03:00:00.000,2019,12,13,3,VRB02KT,12,09
2019-12-13 04:00:00.000,2019,12,13,4,VRB02KT,10,08
2019-12-13 05:00:00.000,2019,12,13,5,VRB02KT,10,09
2019-12-13 06:00:00.000,2019,12,13,6,VRB02KT,10,09
2019-12-13 07:00:00.000,2019,12,13,7,33003KT,10,09
2019-12-13 08:00:00.000,2019,12,13,8,01003KT,10,09
2019-12-13 09:00:00.000,2019,12,13,9,VRB02KT,10,08
2019-12-13 10:00:00.000,2019,12,13,10,33003KT,10,09
2019-12-13 11:00:00.000,2019,12,13,11,35003KT,10,08
2019-12-13 12:00:00.000,2019,12,13,12,01003KT,12,09
2019-12-13 13:00:00.000,2019,12,13,13,03004KT,14,09
2019-12-13 14:00:00.000,2019,12,13,14,VRB02KT,17,10
2019-12-13 15:00:00.000,2019,12,13,15,28004KT,18,09
2019-12-13 16:00:00.000,2019,12,13,16,28007KT,18,09
2019-12-13 17:00:00.000,2019,12,13,17,29008KT,19,11
2019-12-13 18:00:00.000,2019,12,13,18,27010KT,20,10
2019-12-13 19:00:00.000,2019,12,13,19,28010KT,19,11
2019-12-13 20:00:00.000,2019,12,13,20,29013KT,19,11
2019-12-13 21:00:00.000,2019,12,13,21,27010KT,18,11
2019-12-13 22:00:00.000,2019,12,13,22,28010KT,17,10
2019-12-13 23:00:00.000,2019,12,13,23,27006KT,15,11
2019-12-14 00:00:00.000,2019,12,14,0,26006KT,14,11
2019-12-14 01:00:00.000,2019,12,14,1,VRB02KT,14,11
2019-12-14 02:00:00.000,2019,12,14,2,VRB02KT,13,11
2019-12-14 03:00:00.000,2019,12,14,3,27005KT,13,11
2019-12-14 04:00:00.000,2019,12,14,4,22003KT,13,11
2019-12-14 05:00:00.000,2019,12,14,5,01003KT,11,10
2019-12-14 06:00:00.000,2019,12,14,6,31006KT,12,11
2019-12-14 07:00:00.000,2019,12,14,7,VRB02KT,12,11
2019-12-14 08:00:00.000,2019,12,14,8,32005KT,11,10
2019-12-14 09:00:00.000,2019,12,14,9,VRB02KT,12,11
2019-12-14 10:00:00.000,2019,12,14,10,VRB02KT,12,12
2019-12-14 11:00:00.000,2019,12,14,11,05005KT,12,11
2019-12-14 12:00:00.000,2019,12,14,12,04005KT,13,12
2019-12-14 13:00:00.000,2019,12,14,13,02006KT,14,11
2019-12-14 14:00:00.000,2019,12,14,14,04005KT,15,11
2019-12-14 15:00:00.000,2019,12,14,15,05006KT,17,11
2019-12-14 16:00:00.000,2019,12,14,16,07007KT,16,10
2019-12-14 17:00:00.000,2019,12,14,17,24007KT,14,12
2019-12-14 18:00:00.000,2019,12,14,18,VRB02KT,14,12
2019-12-14 19:00:00.000,2019,12,14,19,15004KT,15,12
2019-12-14 20:00:00.000,2019,12,14,20,21006KT,16,12
2019-12-14 21:00:00.000,2019,12,14,21,21006KT,14,12
2019-12-14 22:00:00.000,2019,12,14,22,28003KT,15,12
2019-12-14 23:00:00.000,2019,12,14,23,33006KT,14,12
2019-12-15 00:00:00.000,2019,12,15,0,33003KT,13,12
2019-12-15 01:00:00.000,2019,12,15,1,31003KT,13,12
2019-12-15 02:00:00.000,2019,12,15,2,32004KT,13,12
2019-12-15 03:00:00.000,2019,12,15,3,29004KT,13,12
2019-12-15 04:00:00.000,2019,12,15,4,29005KT,13,11
2019-12-15 05:00:00.000,2019,12,15,5,25003KT,13,12
2019-12-15 06:00:00.000,2019,12,15,6,27005KT,13,12
2019-12-15 07:00:00.000,2019,12,15,7,VRB02KT,13,12
2019-12-15 08:00:00.000,2019,12,15,8,VRB02KT,12,11
2019-12-15 09:00:00.000,2019,12,15,9,VRB02KT,12,11
2019-12-15 10:00:00.000,2019,12,15,10,34003KT,12,12
2019-12-15 11:00:00.000,2019,12,15,11,VRB02KT,12,12
2019-12-15 12:00:00.000,2019,12,15,12,36003KT,12,12
2019-12-15 13:00:00.000,2019,12,15,13,VRB02KT,13,12
2019-12-15 14:00:00.000,2019,12,15,14,05004KT,15,12
2019-12-15 15:00:00.000,2019,12,15,15,04004KT,16,10
2019-12-15 16:00:00.000,2019,12,15,16,10003KT,17,10
2019-12-15 17:00:00.000,2019,12,15,17,08005KT,18,10
2019-12-15 18:00:00.000,2019,12,15,18,VRB04KT,19,09
2019-12-15 19:00:00.000,2019,12,15,19,06005KT,19,10
2019-12-15 20:00:00.000,2019,12,15,20,26007KT,17,13
2019-12-15 21:00:00.000,2019,12,15,21,27009KT,16,13
2019-12-15 22:00:00.000,2019,12,15,22,26007KT,16,13
2019-12-15 23:00:00.000,2019,12,15,23,26006KT,15,13
2019-12-16 00:00:00.000,2019,12,16,0,25005KT,14,12
2019-12-16 01:00:00.000,2019,12,16,1,27003KT,14,12
2019-12-16 02:00:00.000,2019,12,16,2,26003KT,13,12
2019-12-16 03:00:00.000,2019,12,16,3,VRB02KT,13,12
2019-12-16 04:00:00.000,2019,12,16,4,07003KT,13,12
2019-12-16 05:00:00.000,2019,12,16,5,04005KT,12,11
2019-12-16 06:00:00.000,2019,12,16,6,01004KT,12,10
2019-12-16 07:00:00.000,2019,12,16,7,07003KT,11,10
2019-12-16 08:00:00.000,2019,12,16,8,07004KT,12,11
2019-12-16 09:00:00.000,2019,12,16,9,05003KT,12,10
2019-12-16 10:00:00.000,2019,12,16,10,04005KT,11,09
2019-12-16 11:00:00.000,2019,12,16,11,04006KT,11,09
2019-12-16 12:00:00.000,2019,12,16,12,04005KT,13,10
2019-12-16 13:00:00.000,2019,12,16,13,07006KT,16,10
2019-12-16 14:00:00.000,2019,12,16,14,11010KT,18,09
2019-12-16 15:00:00.000,2019,12,16,15,12010KT,18,08
2019-12-16 16:00:00.000,2019,12,16,16,12012KT,19,08
2019-12-16 17:00:00.000,2019,12,16,17,14010KT,20,08
2019-12-16 18:00:00.000,2019,12,16,18,13010KT,20,07
2019-12-16 19:00:00.000,2019,12,16,19,11008KT,19,07
2019-12-16 20:00:00.000,2019,12,16,20,05007KT,20,07
2019-12-16 21:00:00.000,2019,12,16,21,06010KT,19,09
2019-12-16 22:00:00.000,2019,12,16,22,20005KT,18,10
2019-12-16 23:00:00.000,2019,12,16,23,12007KT,17,08
2019-12-17 00:00:00.000,2019,12,17,0,11006KT,16,07
2019-12-17 01:00:00.000,2019,12,17,1,VRB02KT,13,11
2019-12-17 02:00:00.000,2019,12,17,2,VRB02KT,12,10
2019-12-17 03:00:00.000,2019,12,17,3,VRB02KT,13,09
2019-12-17 04:00:00.000,2019,12,17,4,34003KT,11,08
2019-12-17 05:00:00.000,2019,12,17,5,05006KT,11,08
2019-12-17 06:00:00.000,2019,12,17,6,05005KT,10,08
2019-12-17 07:00:00.000,2019,12,17,7,04005KT,10,08
2019-12-17 08:00:00.000,2019,12,17,8,04006KT,10,08
2019-12-17 09:00:00.000,2019,12,17,9,05007KT,10,08
2019-12-17 10:00:00.000,2019,12,17,10,04005KT,09,07
2019-12-17 11:00:00.000,2019,12,17,11,05007KT,10,08
2019-12-17 12:00:00.000,2019,12,17,12,05008KT,12,10
2019-12-17 13:00:00.000,2019,12,17,13,05008KT,14,10
2019-12-17 14:00:00.000,2019,12,17,14,10008KT,17,09
2019-12-17 15:00:00.000,2019,12,17,15,12006KT,18,07
2019-12-17 16:00:00.000,2019,12,17,16,11008KT,19,07
2019-12-17 17:00:00.000,2019,12,17,17,13008KT,19,07
2019-12-17 18:00:00.000,2019,12,17,18,02005KT,19,08
2019-12-17 19:00:00.000,2019,12,17,19,08008KT,18,08
2019-12-17 20:00:00.000,2019,12,17,20,12007KT,19,07
2019-12-17 21:00:00.000,2019,12,17,21,12006KT,18,08
2019-12-17 22:00:00.000,2019,12,17,22,06005KT,18,08
2019-12-17 23:00:00.000,2019,12,17,23,24006KT,16,12
2019-12-18 00:00:00.000,2019,12,18,0,26004KT,15,12
2019-12-18 01:00:00.000,2019,12,18,1,32003KT,12,11
2019-12-18 02:00:00.000,2019,12,18,2,VRB02KT,12,12
2019-12-18 03:00:00.000,2019,12,18,3,03005KT,13,12
2019-12-18 04:00:00.000,2019,12,18,4,04007KT,13,10
2019-12-18 05:00:00.000,2019,12,18,5,06007KT,13,10
2019-12-18 06:00:00.000,2019,12,18,6,04007KT,12,10
2019-12-18 07:00:00.000,2019,12,18,7,06005KT,12,09
2019-12-18 08:00:00.000,2019,12,18,8,04007KT,11,08
2019-12-18 09:00:00.000,2019,12,18,9,05004KT,10,08
2019-12-18 10:00:00.000,2019,12,18,10,07004KT,11,08
2019-12-18 11:00:00.000,2019,12,18,11,06004KT,10,05
2019-12-18 12:00:00.000,2019,12,18,12,06005KT,13,08
2019-12-18 13:00:00.000,2019,12,18,13,04008KT,15,09
2019-12-18 14:00:00.000,2019,12,18,14,04006KT,17,08
2019-12-18 15:00:00.000,2019,12,18,15,03004KT,17,08
2019-12-18 16:00:00.000,2019,12,18,16,VRB02KT,19,09
2019-12-18 17:00:00.000,2019,12,18,17,VRB02KT,20,09
2019-12-18 18:00:00.000,2019,12,18,18,36004KT,18,08
2019-12-18 20:00:00.000,2019,12,18,20,29006KT,18,09
2019-12-18 21:00:00.000,2019,12,18,21,25006KT,18,11
2019-12-18 22:00:00.000,2019,12,18,22,28012KT,18,12
2019-12-18 23:00:00.000,2019,12,18,23,26008KT,15,12
2019-12-19 00:00:00.000,2019,12,19,0,26004KT,15,12
2019-12-19 01:00:00.000,2019,12,19,1,36003KT,13,12
2019-12-19 02:00:00.000,2019,12,19,2,VRB02KT,13,12
2019-12-19 03:00:00.000,2019,12,19,3,03005KT,13,11
2019-12-19 04:00:00.000,2019,12,19,4,02005KT,12,10
2019-12-19 05:00:00.000,2019,12,19,5,01003KT,11,09
2019-12-19 06:00:00.000,2019,12,19,6,03006KT,12,10
2019-12-19 07:00:00.000,2019,12,19,7,06005KT,11,09
2019-12-19 08:00:00.000,2019,12,19,8,13003KT,11,09
2019-12-19 09:00:00.000,2019,12,19,9,VRB02KT,10,08
2019-12-19 10:00:00.000,2019,12,19,10,05004KT,10,09
2019-12-19 11:00:00.000,2019,12,19,11,05007KT,10,09
2019-12-19 12:00:00.000,2019,12,19,12,06005KT,12,10
2019-12-19 13:00:00.000,2019,12,19,13,08005KT,15,10
2019-12-19 14:00:00.000,2019,12,19,14,11012KT,18,08
2019-12-19 15:00:00.000,2019,12,19,15,13012KT,17,07
2019-12-19 16:00:00.000,2019,12,19,16,12012KT,19,07
2019-12-19 17:00:00.000,2019,12,19,17,10012KT,19,08
2019-12-19 18:00:00.000,2019,12,19,18,13010KT,19,08
2019-12-19 19:00:00.000,2019,12,19,19,13010KT,18,07
2019-12-19 20:00:00.000,2019,12,19,20,09010KT,19,07
2019-12-19 21:00:00.000,2019,12,19,21,07007KT,19,07
2019-12-19 22:00:00.000,2019,12,19,22,04010KT,17,09
2019-12-19 23:00:00.000,2019,12,19,23,13005KT,16,07
2019-12-20 00:00:00.000,2019,12,20,0,14009KT,15,08
2019-12-20 01:00:00.000,2019,12,20,1,VRB02KT,13,08
2019-12-20 02:00:00.000,2019,12,20,2,09004KT,12,09
2019-12-20 03:00:00.000,2019,12,20,3,06005KT,13,09
2019-12-20 04:00:00.000,2019,12,20,4,04007KT,11,09
2019-12-20 05:00:00.000,2019,12,20,5,03005KT,11,09
2019-12-20 06:00:00.000,2019,12,20,6,01003KT,10,08
2019-12-20 07:00:00.000,2019,12,20,7,05006KT,10,09
2019-12-20 08:00:00.000,2019,12,20,8,03005KT,10,09
2019-12-20 10:00:00.000,2019,12,20,10,04004KT,09,08
2019-12-20 11:00:00.000,2019,12,20,11,05005KT,10,09
2019-12-20 12:00:00.000,2019,12,20,12,04004KT,10,08
2019-12-20 13:00:00.000,2019,12,20,13,04007KT,15,11
2019-12-20 14:00:00.000,2019,12,20,14,05008KT,16,09
2019-12-20 15:00:00.000,2019,12,20,15,10007KT,17,08
2019-12-20 16:00:00.000,2019,12,20,16,10013KT,19,07
2019-12-20 17:00:00.000,2019,12,20,17,08006KT,19,07
2019-12-20 18:00:00.000,2019,12,20,18,12007KT,20,07
2019-12-20 19:00:00.000,2019,12,20,19,07007KT,20,07
2019-12-20 20:00:00.000,2019,12,20,20,11007KT,20,07
2019-12-20 21:00:00.000,2019,12,20,21,11005KT,19,07
2019-12-20 22:00:00.000,2019,12,20,22,13007KT,18,07
2019-12-21 00:00:00.000,2019,12,21,0,06004KT,16,08
2019-12-21 01:00:00.000,2019,12,21,1,07005KT,14,09
2019-12-21 02:00:00.000,2019,12,21,2,03004KT,13,09
2019-12-21 03:00:00.000,2019,12,21,3,04004KT,12,09
2019-12-21 04:00:00.000,2019,12,21,4,05006KT,13,11
2019-12-21 05:00:00.000,2019,12,21,5,04007KT,13,11
2019-12-21 06:00:00.000,2019,12,21,6,04003KT,12,10
2019-12-21 07:00:00.000,2019,12,21,7,04007KT,11,10
2019-12-21 08:00:00.000,2019,12,21,8,04006KT,12,11
2019-12-21 09:00:00.000,2019,12,21,9,04005KT,12,11
2019-12-21 10:00:00.000,2019,12,21,10,05004KT,12,11
2019-12-21 11:00:00.000,2019,12,21,11,05007KT,12,11
2019-12-21 12:00:00.000,2019,12,21,12,04005KT,13,11
2019-12-21 13:00:00.000,2019,12,21,13,08008KT,15,10
2019-12-21 14:00:00.000,2019,12,21,14,07007KT,16,10
2019-12-21 15:00:00.000,2019,12,21,15,10010KT,18,10
2019-12-21 16:00:00.000,2019,12,21,16,12010KT,18,08
2019-12-21 17:00:00.000,2019,12,21,17,10010KT,18,08
2019-12-21 18:00:00.000,2019,12,21,18,10007KT,17,09
2019-12-21 19:00:00.000,2019,12,21,19,13010KT,19,09
2019-12-21 20:00:00.000,2019,12,21,20,12008KT,18,09
2019-12-21 21:00:00.000,2019,12,21,21,17008KT,18,09
2019-12-21 22:00:00.000,2019,12,21,22,11007KT,17,09
2019-12-21 23:00:00.000,2019,12,21,23,14010KT,14,09
2019-12-22 00:00:00.000,2019,12,22,0,09005KT,16,09
2019-12-22 01:00:00.000,2019,12,22,1,06005KT,15,10
2019-12-22 02:00:00.000,2019,12,22,2,05007KT,14,10
2019-12-22 03:00:00.000,2019,12,22,3,05007KT,14,10
2019-12-22 04:00:00.000,2019,12,22,4,03005KT,13,10
2019-12-22 05:00:00.000,2019,12,22,5,06005KT,13,09
2019-12-22 06:00:00.000,2019,12,22,6,05004KT,13,09
2019-12-22 07:00:00.000,2019,12,22,7,03005KT,12,10
2019-12-22 08:00:00.000,2019,12,22,8,VRB02KT,12,11
2019-12-22 09:00:00.000,2019,12,22,9,VRB02KT,12,10
2019-12-22 10:00:00.000,2019,12,22,10,01004KT,11,10
2019-12-22 11:00:00.000,2019,12,22,11,02004KT,12,11
2019-12-22 12:00:00.000,2019,12,22,12,04005KT,12,11
2019-12-22 13:00:00.000,2019,12,22,13,05008KT,14,12
2019-12-22 14:00:00.000,2019,12,22,14,07012KT,14,10
2019-12-22 15:00:00.000,2019,12,22,15,06010KT,16,09
2019-12-22 16:00:00.000,2019,12,22,16,09008KT,18,09
2019-12-22 17:00:00.000,2019,12,22,17,08012KT,17,08
2019-12-22 18:00:00.000,2019,12,22,18,09012KT,18,07
2019-12-22 19:00:00.000,2019,12,22,19,11013KT,19,06
2019-12-22 20:00:00.000,2019,12,22,20,04009KT,18,07
2019-12-22 21:00:00.000,2019,12,22,21,06008KT,18,07
2019-12-22 22:00:00.000,2019,12,22,22,10007KT,18,06
2019-12-22 23:00:00.000,2019,12,22,23,09006KT,16,07
2019-12-23 00:00:00.000,2019,12,23,0,08005KT,15,07
2019-12-23 01:00:00.000,2019,12,23,1,09004KT,15,06
2019-12-23 02:00:00.000,2019,12,23,2,09005KT,15,07
2019-12-23 03:00:00.000,2019,12,23,3,02003KT,11,07
2019-12-23 04:00:00.000,2019,12,23,4,12006KT,11,08
2019-12-23 05:00:00.000,2019,12,23,5,14003KT,12,09
2019-12-23 06:00:00.000,2019,12,23,6,VRB02KT,12,08
2019-12-23 07:00:00.000,2019,12,23,7,35003KT,11,08
2019-12-23 08:00:00.000,2019,12,23,8,03003KT,12,09
2019-12-23 09:00:00.000,2019,12,23,9,07004KT,13,08
2019-12-23 10:00:00.000,2019,12,23,10,07003KT,12,07
2019-12-23 11:00:00.000,2019,12,23,11,07003KT,12,07
2019-12-23 12:00:00.000,2019,12,23,12,06005KT,15,07
2019-12-23 13:00:00.000,2019,12,23,13,08010KT,16,07
2019-12-23 14:00:00.000,2019,12,23,14,05005KT,16,06
2019-12-23 15:00:00.000,2019,12,23,15,VRB05KT,17,07
2019-12-23 16:00:00.000,2019,12,23,16,08006KT,18,07
2019-12-23 17:00:00.000,2019,12,23,17,VRB08KT,18,07
2019-12-23 18:00:00.000,2019,12,23,18,VRB08KT,19,08
2019-12-23 19:00:00.000,2019,12,23,19,10010KT,19,08
2019-12-23 20:00:00.000,2019,12,23,20,09010KT,18,08
2019-12-23 21:00:00.000,2019,12,23,21,VRB10KT,19,08
2019-12-23 22:00:00.000,2019,12,23,22,08007KT,18,08
2019-12-23 23:00:00.000,2019,12,23,23,10006KT,17,07
2019-12-24 00:00:00.000,2019,12,24,0,10007KT,16,07
2019-12-24 01:00:00.000,2019,12,24,1,34003KT,12,08
2019-12-24 02:00:00.000,2019,12,24,2,04004KT,12,08
2019-12-24 03:00:00.000,2019,12,24,3,09004KT,13,09
2019-12-24 04:00:00.000,2019,12,24,4,05008KT,13,09
2019-12-24 05:00:00.000,2019,12,24,5,06005KT,13,10
2019-12-24 06:00:00.000,2019,12,24,6,06005KT,12,09
2019-12-24 07:00:00.000,2019,12,24,7,VRB03KT,13,08
2019-12-24 08:00:00.000,2019,12,24,8,VRB02KT,12,08
2019-12-24 09:00:00.000,2019,12,24,9,VRB02KT,12,08
2019-12-24 10:00:00.000,2019,12,24,10,03004KT,12,08
2019-12-24 11:00:00.000,2019,12,24,11,06004KT,12,08
2019-12-24 12:00:00.000,2019,12,24,12,06007KT,12,09
2019-12-24 13:00:00.000,2019,12,24,13,06010KT,16,09
2019-12-24 14:00:00.000,2019,12,24,14,09010KT,17,09
2019-12-24 15:00:00.000,2019,12,24,15,09007KT,18,09
2019-12-24 16:00:00.000,2019,12,24,16,10010KT,19,09
2019-12-24 17:00:00.000,2019,12,24,17,12010KT,19,09
2019-12-24 18:00:00.000,2019,12,24,18,11010KT,20,09
2019-12-24 19:00:00.000,2019,12,24,19,10012KT,19,10
2019-12-24 20:00:00.000,2019,12,24,20,13010KT,19,09
2019-12-24 21:00:00.000,2019,12,24,21,12010KT,19,10
2019-12-24 22:00:00.000,2019,12,24,22,10006KT,18,10
2019-12-24 23:00:00.000,2019,12,24,23,15010KT,16,11
2019-12-25 00:00:00.000,2019,12,25,0,VRB02KT,15,11
2019-12-25 01:00:00.000,2019,12,25,1,10006KT,15,09
2019-12-25 02:00:00.000,2019,12,25,2,06004KT,14,09
2019-12-25 03:00:00.000,2019,12,25,3,35003KT,13,10
2019-12-25 04:00:00.000,2019,12,25,4,03004KT,12,10
2019-12-25 05:00:00.000,2019,12,25,5,36004KT,13,11
2019-12-25 06:00:00.000,2019,12,25,6,32004KT,12,11
2019-12-25 07:00:00.000,2019,12,25,7,25003KT,13,10
2019-12-25 08:00:00.000,2019,12,25,8,33003KT,12,10
2019-12-25 09:00:00.000,2019,12,25,9,00000KT,12,10
2019-12-25 10:00:00.000,2019,12,25,10,VRB02KT,10,09
2019-12-25 11:00:00.000,2019,12,25,11,33004KT,11,10
2019-12-25 12:00:00.000,2019,12,25,12,06003KT,12,11
2019-12-25 13:00:00.000,2019,12,25,13,00000KT,15,12
2019-12-25 14:00:00.000,2019,12,25,14,13003KT,19,11
2019-12-25 15:00:00.000,2019,12,25,15,15005KT,18,09
2019-12-25 16:00:00.000,2019,12,25,16,11006KT,19,09
2019-12-25 17:00:00.000,2019,12,25,17,VRB04KT,20,09
2019-12-25 18:00:00.000,2019,12,25,18,06005KT,20,10
2019-12-25 19:00:00.000,2019,12,25,19,VRB05KT,21,09
2019-12-25 20:00:00.000,2019,12,25,20,VRB06KT,21,10
2019-12-25 21:00:00.000,2019,12,25,21,23011KT,19,13
2019-12-25 22:00:00.000,2019,12,25,22,24007KT,15,14
2019-12-25 23:00:00.000,2019,12,25,23,30005KT,15,14
2019-12-26 00:00:00.000,2019,12,26,0,34004KT,14,13
2019-12-26 01:00:00.000,2019,12,26,1,31004KT,14,13
2019-12-26 02:00:00.000,2019,12,26,2,VRB02KT,13,12
2019-12-26 03:00:00.000,2019,12,26,3,VRB02KT,13,12
2019-12-26 04:00:00.000,2019,12,26,4,04003KT,13,12
2019-12-26 05:00:00.000,2019,12,26,5,04004KT,13,12
2019-12-26 06:00:00.000,2019,12,26,6,VRB02KT,13,12
2019-12-26 07:00:00.000,2019,12,26,7,VRB02KT,13,11
2019-12-26 08:00:00.000,2019,12,26,8,VRB02KT,12,11
2019-12-26 09:00:00.000,2019,12,26,9,VRB02KT,12,11
2019-12-26 10:00:00.000,2019,12,26,10,VRB02KT,12,11
2019-12-26 11:00:00.000,2019,12,26,11,06005KT,12,11
2019-12-26 12:00:00.000,2019,12,26,12,01003KT,13,11
2019-12-26 13:00:00.000,2019,12,26,13,04006KT,15,12
2019-12-26 14:00:00.000,2019,12,26,14,VRB02KT,18,11
2019-12-26 15:00:00.000,2019,12,26,15,16006KT,19,09
2019-12-26 16:00:00.000,2019,12,26,16,15013KT,18,10
2019-12-26 17:00:00.000,2019,12,26,17,10008KT,19,09
2019-12-26 18:00:00.000,2019,12,26,18,14010KT,19,10
2019-12-26 19:00:00.000,2019,12,26,19,13010KT,19,10
2019-12-26 20:00:00.000,2019,12,26,20,14010KT,19,10
2019-12-26 21:00:00.000,2019,12,26,21,14008KT,19,09
2019-12-26 22:00:00.000,2019,12,26,22,15009KT,17,09
2019-12-26 23:00:00.000,2019,12,26,23,12005KT,17,09
2019-12-27 00:00:00.000,2019,12,27,0,09004KT,16,10
2019-12-27 01:00:00.000,2019,12,27,1,07003KT,14,10
2019-12-27 02:00:00.000,2019,12,27,2,10006KT,15,10
2019-12-27 03:00:00.000,2019,12,27,3,07003KT,15,10
2019-12-27 04:00:00.000,2019,12,27,4,08004KT,13,11
2019-12-27 05:00:00.000,2019,12,27,5,08004KT,13,10
2019-12-27 06:00:00.000,2019,12,27,6,04004KT,12,10
2019-12-27 07:00:00.000,2019,12,27,7,07003KT,12,10
2019-12-27 08:00:00.000,2019,12,27,8,02003KT,13,09
2019-12-27 09:00:00.000,2019,12,27,9,03005KT,10,08
2019-12-27 10:00:00.000,2019,12,27,10,06005KT,10,09
2019-12-27 11:00:00.000,2019,12,27,11,07003KT,10,09
2019-12-27 12:00:00.000,2019,12,27,12,35004KT,10,08
2019-12-27 13:00:00.000,2019,12,27,13,VRB02KT,14,11
2019-12-27 14:00:00.000,2019,12,27,14,08008KT,17,08
2019-12-27 15:00:00.000,2019,12,27,15,09006KT,17,07
2019-12-27 16:00:00.000,2019,12,27,16,15009KT,18,08
2019-12-27 17:00:00.000,2019,12,27,17,11011KT,18,09
2019-12-27 18:00:00.000,2019,12,27,18,13010KT,18,09
2019-12-27 19:00:00.000,2019,12,27,19,13012KT,18,09
2019-12-27 20:00:00.000,2019,12,27,20,14010KT,17,08
2019-12-27 21:00:00.000,2019,12,27,21,12010KT,18,09
2019-12-27 22:00:00.000,2019,12,27,22,04006KT,17,09
2019-12-27 23:00:00.000,2019,12,27,23,06005KT,15,08
2019-12-28 00:00:00.000,2019,12,28,0,09003KT,15,08
2019-12-28 01:00:00.000,2019,12,28,1,VRB02KT,13,08
2019-12-28 02:00:00.000,2019,12,28,2,35003KT,11,09
2019-12-28 03:00:00.000,2019,12,28,3,VRB02KT,11,09
2019-12-28 04:00:00.000,2019,12,28,4,33003KT,10,08
2019-12-28 05:00:00.000,2019,12,28,5,04003KT,10,08
2019-12-28 06:00:00.000,2019,12,28,6,VRB02KT,08,07
2019-12-28 07:00:00.000,2019,12,28,7,VRB02KT,08,07
2019-12-28 08:00:00.000,2019,12,28,8,00000KT,07,06
2019-12-28 09:00:00.000,2019,12,28,9,VRB02KT,06,06
2019-12-28 10:00:00.000,2019,12,28,10,02003KT,06,05
2019-12-28 11:00:00.000,2019,12,28,11,VRB02KT,07,07
2019-12-28 12:00:00.000,2019,12,28,12,VRB02KT,08,07
2019-12-28 13:00:00.000,2019,12,28,13,04004KT,10,10
2019-12-28 14:00:00.000,2019,12,28,14,06007KT,14,09
2019-12-28 15:00:00.000,2019,12,28,15,03007KT,17,09
2019-12-28 16:00:00.000,2019,12,28,16,06007KT,18,09
2019-12-28 17:00:00.000,2019,12,28,17,05006KT,19,09
2019-12-28 18:00:00.000,2019,12,28,18,06007KT,20,08
2019-12-28 19:00:00.000,2019,12,28,19,08008KT,20,09
2019-12-28 20:00:00.000,2019,12,28,20,07006KT,21,09
2019-12-28 21:00:00.000,2019,12,28,21,VRB06KT,20,09
2019-12-28 22:00:00.000,2019,12,28,22,23008KT,18,10
2019-12-28 23:00:00.000,2019,12,28,23,27007KT,16,12
2019-12-29 00:00:00.000,2019,12,29,0,34004KT,13,11
2019-12-29 01:00:00.000,2019,12,29,1,32003KT,13,10
2019-12-29 02:00:00.000,2019,12,29,2,VRB02KT,12,10
2019-12-29 03:00:00.000,2019,12,29,3,33004KT,11,10
2019-12-29 04:00:00.000,2019,12,29,4,VRB02KT,11,10
2019-12-29 05:00:00.000,2019,12,29,5,05004KT,11,10
2019-12-29 06:00:00.000,2019,12,29,6,VRB02KT,11,10
2019-12-29 07:00:00.000,2019,12,29,7,VRB02KT,10,09
2019-12-29 08:00:00.000,2019,12,29,8,VRB02KT,11,10
2019-12-29 09:00:00.000,2019,12,29,9,VRB02KT,09,08
2019-12-29 10:00:00.000,2019,12,29,10,31004KT,08,07
2019-12-29 11:00:00.000,2019,12,29,11,VRB02KT,09,08
2019-12-29 12:00:00.000,2019,12,29,12,VRB02KT,11,10
2019-12-29 13:00:00.000,2019,12,29,13,04004KT,12,10
2019-12-29 14:00:00.000,2019,12,29,14,VRB02KT,15,11
2019-12-29 15:00:00.000,2019,12,29,15,13006KT,19,09
2019-12-29 16:00:00.000,2019,12,29,16,12008KT,21,08
2019-12-29 17:00:00.000,2019,12,29,17,07005KT,21,08
2019-12-29 18:00:00.000,2019,12,29,18,13004KT,22,06
2019-12-29 19:00:00.000,2019,12,29,19,36005KT,21,07
2019-12-29 20:00:00.000,2019,12,29,20,28010KT,21,11
2019-12-29 21:00:00.000,2019,12,29,21,30013KT,18,12
2019-12-29 22:00:00.000,2019,12,29,22,24010KT,18,12
2019-12-29 23:00:00.000,2019,12,29,23,23006KT,16,13
2019-12-30 00:00:00.000,2019,12,30,0,32003KT,15,12
2019-12-30 01:00:00.000,2019,12,30,1,01003KT,14,12
2019-12-30 02:00:00.000,2019,12,30,2,02003KT,14,12
2019-12-30 03:00:00.000,2019,12,30,3,VRB02KT,13,12
2019-12-30 04:00:00.000,2019,12,30,4,36003KT,13,11
2019-12-30 05:00:00.000,2019,12,30,5,03005KT,12,10
2019-12-30 06:00:00.000,2019,12,30,6,04005KT,12,10
2019-12-30 07:00:00.000,2019,12,30,7,07007KT,12,10
2019-12-30 08:00:00.000,2019,12,30,8,VRB02KT,12,10
2019-12-30 09:00:00.000,2019,12,30,9,06005KT,11,09
2019-12-30 10:00:00.000,2019,12,30,10,05004KT,11,10
2019-12-30 11:00:00.000,2019,12,30,11,04006KT,12,09
2019-12-30 12:00:00.000,2019,12,30,12,06003KT,12,10
2019-12-30 13:00:00.000,2019,12,30,13,31003KT,13,11
2019-12-30 14:00:00.000,2019,12,30,14,01006KT,14,11
2019-12-30 15:00:00.000,2019,12,30,15,03007KT,16,11
2019-12-30 16:00:00.000,2019,12,30,16,04007KT,17,11
2019-12-30 17:00:00.000,2019,12,30,17,04010KT,19,10
2019-12-30 18:00:00.000,2019,12,30,18,02005KT,20,10
2019-12-30 19:00:00.000,2019,12,30,19,02005KT,21,09
2019-12-30 20:00:00.000,2019,12,30,20,30005KT,20,11
2019-12-30 21:00:00.000,2019,12,30,21,13010KT,19,12
2019-12-30 22:00:00.000,2019,12,30,22,24010KT,19,11
2019-12-30 23:00:00.000,2019,12,30,23,27008KT,16,12
2019-12-31 00:00:00.000,2019,12,31,0,20006KT,16,13
2019-12-31 01:00:00.000,2019,12,31,1,24004KT,14,12
2019-12-31 02:00:00.000,2019,12,31,2,26003KT,14,12
2019-12-31 03:00:00.000,2019,12,31,3,VRB02KT,14,12
2019-12-31 04:00:00.000,2019,12,31,4,34003KT,13,12
2019-12-31 05:00:00.000,2019,12,31,5,36003KT,13,12
2019-12-31 06:00:00.000,2019,12,31,6,VRB02KT,12,11
2019-12-31 07:00:00.000,2019,12,31,7,VRB02KT,12,11
2019-12-31 08:00:00.000,2019,12,31,8,VRB02KT,12,11
2019-12-31 09:00:00.000,2019,12,31,9,VRB02KT,11,10
2019-12-31 10:00:00.000,2019,12,31,10,00000KT,12,11
2019-12-31 11:00:00.000,2019,12,31,11,34003KT,11,10
2019-12-31 12:00:00.000,2019,12,31,12,32003KT,12,11
2019-12-31 13:00:00.000,2019,12,31,13,VRB02KT,14,12
2019-12-31 14:00:00.000,2019,12,31,14,VRB02KT,16,12
2019-12-31 15:00:00.000,2019,12,31,15,28005KT,18,11
2019-12-31 16:00:00.000,2019,12,31,16,31005KT,20,10
2019-12-31 17:00:00.000,2019,12,31,17,33010KT,19,12
2019-12-31 18:00:00.000,2019,12,31,18,30012KT,19,13
2019-12-31 19:00:00.000,2019,12,31,19,29013KT,20,12
2019-12-31 20:00:00.000,2019,12,31,20,27014KT,17,13
2019-12-31 21:00:00.000,2019,12,31,21,30013KT,16,12
2019-12-31 22:00:00.000,2019,12,31,22,31010KT,15,12
2019-12-31 23:00:00.000,2019,12,31,23,31009KT,14,12
2020-01-01 00:00:00.000,2020,1,1,0,31008KT,13,11
2020-01-01 01:00:00.000,2020,1,1,1,30006KT,14,12
2020-01-01 02:00:00.000,2020,1,1,2,31004KT,14,11
2020-01-01 03:00:00.000,2020,1,1,3,28005KT,13,11
2020-01-01 04:00:00.000,2020,1,1,4,27004KT,12,10
2020-01-01 05:00:00.000,2020,1,1,5,26005KT,12,11
2020-01-01 06:00:00.000,2020,1,1,6,00000KT,11,10
2020-01-01 07:00:00.000,2020,1,1,7,VRB02KT,10,09
2020-01-01 08:00:00.000,2020,1,1,8,VRB02KT,08,07
2020-01-01 09:00:00.000,2020,1,1,9,VRB02KT,09,08
2020-01-01 10:00:00.000,2020,1,1,10,VRB02KT,08,07
2020-01-01 11:00:00.000,2020,1,1,11,31004KT,08,08
2020-01-01 12:00:00.000,2020,1,1,12,VRB02KT,10,09
2020-01-01 13:00:00.000,2020,1,1,13,04003KT,10,09
2020-01-01 14:00:00.000,2020,1,1,14,02004KT,13,12
2020-01-01 15:00:00.000,2020,1,1,15,04004KT,17,12
2020-01-01 16:00:00.000,2020,1,1,16,27004KT,19,09
2020-01-01 17:00:00.000,2020,1,1,17,29005KT,20,10
2020-01-01 18:00:00.000,2020,1,1,18,32010KT,19,10
2020-01-01 19:00:00.000,2020,1,1,19,30015KT,19,12
2020-01-01 20:00:00.000,2020,1,1,20,28013KT,20,12
2020-01-01 21:00:00.000,2020,1,1,21,26014KT,19,12
2020-01-01 22:00:00.000,2020,1,1,22,29010KT,18,12
2020-01-01 23:00:00.000,2020,1,1,23,32009KT,16,12
2020-01-02 00:00:00.000,2020,1,2,0,31006KT,14,12
2020-01-02 01:00:00.000,2020,1,2,1,27005KT,14,12
2020-01-02 02:00:00.000,2020,1,2,2,30005KT,14,12
2020-01-02 03:00:00.000,2020,1,2,3,28004KT,14,12
2020-01-02 04:00:00.000,2020,1,2,4,30003KT,14,12
2020-01-02 05:00:00.000,2020,1,2,5,32005KT,13,12
2020-01-02 06:00:00.000,2020,1,2,6,34004KT,12,11
2020-01-02 07:00:00.000,2020,1,2,7,VRB02KT,12,11
2020-01-02 08:00:00.000,2020,1,2,8,32004KT,12,10
2020-01-02 10:00:00.000,2020,1,2,10,00000KT,10,09
2020-01-02 11:00:00.000,2020,1,2,11,35003KT,08,08
2020-01-02 12:00:00.000,2020,1,2,12,VRB02KT,10,09
2020-01-02 13:00:00.000,2020,1,2,13,03004KT,14,12
2020-01-02 14:00:00.000,2020,1,2,14,01003KT,17,11
2020-01-02 15:00:00.000,2020,1,2,15,VRB04KT,18,10
2020-01-02 16:00:00.000,2020,1,2,16,VRB02KT,20,09
2020-01-02 17:00:00.000,2020,1,2,17,VRB04KT,21,08
2020-01-02 18:00:00.000,2020,1,2,18,VRB05KT,23,10
2020-01-02 19:00:00.000,2020,1,2,19,28015KT,21,11
2020-01-02 20:00:00.000,2020,1,2,20,26014KT,20,11
2020-01-02 21:00:00.000,2020,1,2,21,26012KT,19,11
2020-01-02 22:00:00.000,2020,1,2,22,27011KT,18,11
2020-01-02 23:00:00.000,2020,1,2,23,28007KT,16,12
2020-01-03 00:00:00.000,2020,1,3,0,25004KT,15,12
2020-01-03 01:00:00.000,2020,1,3,1,VRB02KT,15,12
2020-01-03 02:00:00.000,2020,1,3,2,28004KT,15,11
2020-01-03 03:00:00.000,2020,1,3,3,27004KT,15,11
2020-01-03 04:00:00.000,2020,1,3,4,27005KT,15,12
2020-01-03 05:00:00.000,2020,1,3,5,34003KT,13,12
2020-01-03 06:00:00.000,2020,1,3,6,33004KT,12,11
2020-01-03 07:00:00.000,2020,1,3,7,VRB02KT,11,10
2020-01-03 08:00:00.000,2020,1,3,8,VRB02KT,11,10
2020-01-03 09:00:00.000,2020,1,3,9,VRB02KT,09,08
2020-01-03 10:00:00.000,2020,1,3,10,VRB02KT,08,07
2020-01-03 11:00:00.000,2020,1,3,11,VRB02KT,07,06
2020-01-03 12:00:00.000,2020,1,3,12,VRB02KT,07,07
2020-01-03 13:00:00.000,2020,1,3,13,05005KT,12,09
2020-01-03 14:00:00.000,2020,1,3,14,VRB02KT,15,09
2020-01-03 15:00:00.000,2020,1,3,15,36003KT,17,08
2020-01-03 16:00:00.000,2020,1,3,16,02005KT,19,04
2020-01-03 17:00:00.000,2020,1,3,17,VRB03KT,20,02
2020-01-03 18:00:00.000,2020,1,3,18,25005KT,22,03
2020-01-03 19:00:00.000,2020,1,3,19,26010KT,21,09
2020-01-03 20:00:00.000,2020,1,3,20,27011KT,20,10
2020-01-03 21:00:00.000,2020,1,3,21,27012KT,18,11
2020-01-03 22:00:00.000,2020,1,3,22,28010KT,17,11
2020-01-03 23:00:00.000,2020,1,3,23,27006KT,15,12
2020-01-04 00:00:00.000,2020,1,4,0,VRB02KT,13,11
2020-01-04 01:00:00.000,2020,1,4,1,28003KT,13,12
2020-01-04 02:00:00.000,2020,1,4,2,28004KT,12,11
2020-01-04 03:00:00.000,2020,1,4,3,33003KT,11,10
2020-01-04 04:00:00.000,2020,1,4,4,VRB02KT,10,09
2020-01-04 05:00:00.000,2020,1,4,5,28003KT,10,09
2020-01-04 06:00:00.000,2020,1,4,6,VRB02KT,08,08
2020-01-04 07:00:00.000,2020,1,4,7,32004KT,08,07
2020-01-04 08:00:00.000,2020,1,4,8,32003KT,07,07
2020-01-04 09:00:00.000,2020,1,4,9,VRB02KT,07,07
2020-01-04 10:00:00.000,2020,1,4,10,32003KT,06,05
2020-01-04 11:00:00.000,2020,1,4,11,34003KT,06,05
2020-01-04 12:00:00.000,2020,1,4,12,VRB02KT,07,06
2020-01-04 13:00:00.000,2020,1,4,13,VRB02KT,11,09
2020-01-04 14:00:00.000,2020,1,4,14,03003KT,14,09
2020-01-04 15:00:00.000,2020,1,4,15,VRB03KT,17,07
2020-01-04 16:00:00.000,2020,1,4,16,VRB04KT,18,07
2020-01-04 17:00:00.000,2020,1,4,17,VRB02KT,20,04
2020-01-04 18:00:00.000,2020,1,4,18,VRB04KT,21,04
2020-01-04 19:00:00.000,2020,1,4,19,27010KT,21,08
2020-01-04 20:00:00.000,2020,1,4,20,28014KT,20,10
2020-01-04 21:00:00.000,2020,1,4,21,27012KT,18,10
2020-01-04 22:00:00.000,2020,1,4,22,28010KT,18,10
2020-01-04 23:00:00.000,2020,1,4,23,27008KT,16,11
2020-01-05 00:00:00.000,2020,1,5,0,30008KT,15,12
2020-01-05 01:00:00.000,2020,1,5,1,29005KT,13,11
2020-01-05 02:00:00.000,2020,1,5,2,29005KT,13,11
2020-01-05 03:00:00.000,2020,1,5,3,28006KT,13,10
2020-01-05 04:00:00.000,2020,1,5,4,29004KT,13,10
2020-01-05 05:00:00.000,2020,1,5,5,28005KT,12,10
2020-01-05 06:00:00.000,2020,1,5,6,VRB02KT,11,09
2020-01-05 07:00:00.000,2020,1,5,7,VRB02KT,10,08
2020-01-05 08:00:00.000,2020,1,5,8,VRB02KT,11,09
2020-01-05 09:00:00.000,2020,1,5,9,VRB02KT,10,08
2020-01-05 10:00:00.000,2020,1,5,10,VRB02KT,07,07
2020-01-05 11:00:00.000,2020,1,5,11,VRB02KT,09,08
2020-01-05 12:00:00.000,2020,1,5,12,VRB02KT,09,09
2020-01-05 13:00:00.000,2020,1,5,13,VRB02KT,11,10
2020-01-05 14:00:00.000,2020,1,5,14,VRB02KT,13,10
2020-01-05 15:00:00.000,2020,1,5,15,13003KT,17,06
2020-01-05 16:00:00.000,2020,1,5,16,VRB02KT,18,08
2020-01-05 17:00:00.000,2020,1,5,17,30010KT,20,08
2020-01-05 18:00:00.000,2020,1,5,18,32012KT,19,08
2020-01-05 19:00:00.000,2020,1,5,19,28013KT,20,09
2020-01-05 20:00:00.000,2020,1,5,20,29011KT,20,10
2020-01-05 21:00:00.000,2020,1,5,21,31014KT,17,10
2020-01-05 22:00:00.000,2020,1,5,22,30014KT,16,10
2020-01-05 23:00:00.000,2020,1,5,23,31010KT,15,11
2020-01-06 00:00:00.000,2020,1,6,0,30007KT,12,10
2020-01-06 01:00:00.000,2020,1,6,1,30007KT,13,10
2020-01-06 02:00:00.000,2020,1,6,2,29006KT,12,10
2020-01-06 03:00:00.000,2020,1,6,3,26005KT,12,09
2020-01-06 04:00:00.000,2020,1,6,4,26004KT,11,09
2020-01-06 05:00:00.000,2020,1,6,5,30004KT,08,07
2020-01-06 06:00:00.000,2020,1,6,6,31004KT,08,07
2020-01-06 07:00:00.000,2020,1,6,7,31003KT,08,07
2020-01-06 08:00:00.000,2020,1,6,8,32003KT,07,07
2020-01-06 09:00:00.000,2020,1,6,9,00000KT,07,06
2020-01-06 10:00:00.000,2020,1,6,10,VRB02KT,05,04
2020-01-06 11:00:00.000,2020,1,6,11,32005KT,05,04
2020-01-06 12:00:00.000,2020,1,6,12,VRB02KT,07,06
2020-01-06 13:00:00.000,2020,1,6,13,09003KT,10,08
2020-01-06 14:00:00.000,2020,1,6,14,31003KT,14,09
2020-01-06 15:00:00.000,2020,1,6,15,26003KT,16,09
2020-01-06 16:00:00.000,2020,1,6,16,23004KT,18,08
2020-01-06 17:00:00.000,2020,1,6,17,01003KT,20,05
2020-01-06 18:00:00.000,2020,1,6,18,26007KT,21,08
2020-01-06 19:00:00.000,2020,1,6,19,27014KT,20,11
2020-01-06 20:00:00.000,2020,1,6,20,28014KT,19,10
2020-01-06 21:00:00.000,2020,1,6,21,30013KT,17,10
2020-01-06 22:00:00.000,2020,1,6,22,28010KT,16,10
2020-01-06 23:00:00.000,2020,1,6,23,29008KT,14,10
2020-01-07 00:00:00.000,2020,1,7,0,32004KT,12,10
2020-01-07 01:00:00.000,2020,1,7,1,30005KT,13,11
2020-01-07 02:00:00.000,2020,1,7,2,31005KT,13,11
2020-01-07 03:00:00.000,2020,1,7,3,30005KT,13,11
2020-01-07 04:00:00.000,2020,1,7,4,31004KT,12,10
2020-01-07 05:00:00.000,2020,1,7,5,30007KT,11,09
2020-01-07 06:00:00.000,2020,1,7,6,32005KT,10,08
2020-01-07 07:00:00.000,2020,1,7,7,31006KT,11,09
2020-01-07 08:00:00.000,2020,1,7,8,30005KT,10,08
2020-01-07 09:00:00.000,2020,1,7,9,VRB02KT,10,08
2020-01-07 10:00:00.000,2020,1,7,10,VRB02KT,10,08
2020-01-07 11:00:00.000,2020,1,7,11,VRB02KT,08,07
2020-01-07 12:00:00.000,2020,1,7,12,VRB02KT,09,07
2020-01-07 13:00:00.000,2020,1,7,13,03003KT,12,10
2020-01-07 14:00:00.000,2020,1,7,14,06004KT,15,10
2020-01-07 16:00:00.000,2020,1,7,16,071600Z,18,05
2020-01-07 17:00:00.000,2020,1,7,17,32005KT,20,05
2020-01-07 18:00:00.000,2020,1,7,18,VRB05KT,21,02
2020-01-07 19:00:00.000,2020,1,7,19,26012KT,21,08
2020-01-07 20:00:00.000,2020,1,7,20,24011KT,21,11
2020-01-07 21:00:00.000,2020,1,7,21,29010KT,20,10
2020-01-07 22:00:00.000,2020,1,7,22,28010KT,18,10
2020-01-07 23:00:00.000,2020,1,7,23,28010KT,15,11
2020-01-08 00:00:00.000,2020,1,8,0,29004KT,13,11
2020-01-08 01:00:00.000,2020,1,8,1,VRB02KT,12,10
2020-01-08 02:00:00.000,2020,1,8,2,31003KT,11,10
2020-01-08 03:00:00.000,2020,1,8,3,VRB02KT,10,10
2020-01-08 04:00:00.000,2020,1,8,4,31003KT,08,08
2020-01-08 05:00:00.000,2020,1,8,5,00000KT,09,08
2020-01-08 06:00:00.000,2020,1,8,6,31004KT,07,07
2020-01-08 07:00:00.000,2020,1,8,7,31004KT,07,06
2020-01-08 08:00:00.000,2020,1,8,8,03003KT,07,06
2020-01-08 09:00:00.000,2020,1,8,9,02004KT,07,05
2020-01-08 10:00:00.000,2020,1,8,10,VRB02KT,05,03
2020-01-08 11:00:00.000,2020,1,8,11,35003KT,04,03
2020-01-08 12:00:00.000,2020,1,8,12,02004KT,04,03
2020-01-08 13:00:00.000,2020,1,8,13,32003KT,08,05
2020-01-08 14:00:00.000,2020,1,8,14,01004KT,12,05
2020-01-08 15:00:00.000,2020,1,8,15,VRB04KT,15,05
2020-01-08 16:00:00.000,2020,1,8,16,VRB03KT,18,02
2020-01-08 17:00:00.000,2020,1,8,17,VRB06KT,20,01
2020-01-08 18:00:00.000,2020,1,8,18,VRB07G17KT,22,01
2020-01-08 19:00:00.000,2020,1,8,19,15011KT,23,01
2020-01-08 20:00:00.000,2020,1,8,20,27011KT,21,09
2020-01-08 21:00:00.000,2020,1,8,21,26010KT,19,09
2020-01-08 22:00:00.000,2020,1,8,22,27009KT,17,09
2020-01-08 23:00:00.000,2020,1,8,23,27006KT,16,10
2020-01-09 00:00:00.000,2020,1,9,0,32005KT,12,10
2020-01-09 01:00:00.000,2020,1,9,1,34005KT,12,10
2020-01-09 02:00:00.000,2020,1,9,2,01004KT,11,10
2020-01-09 03:00:00.000,2020,1,9,3,01004KT,10,04
2020-01-09 04:00:00.000,2020,1,9,4,01003KT,09,04
2020-01-09 05:00:00.000,2020,1,9,5,32004KT,08,04
2020-01-09 06:00:00.000,2020,1,9,6,36003KT,06,04
2020-01-09 07:00:00.000,2020,1,9,7,VRB02KT,06,04
2020-01-09 08:00:00.000,2020,1,9,8,VRB02KT,05,03
2020-01-09 09:00:00.000,2020,1,9,9,VRB02KT,04,03
2020-01-09 10:00:00.000,2020,1,9,10,01004KT,04,03
2020-01-09 11:00:00.000,2020,1,9,11,VRB02KT,04,03
2020-01-09 12:00:00.000,2020,1,9,12,VRB02KT,06,04
2020-01-09 13:00:00.000,2020,1,9,13,01003KT,10,06
2020-01-09 14:00:00.000,2020,1,9,14,VRB02KT,14,05
2020-01-09 15:00:00.000,2020,1,9,15,VRB05KT,17,03
2020-01-09 16:00:00.000,2020,1,9,16,VRB05KT,19,03
2020-01-09 17:00:00.000,2020,1,9,17,13012KT,21,03
2020-01-09 18:00:00.000,2020,1,9,18,12013KT,22,04
2020-01-09 19:00:00.000,2020,1,9,19,13012KT,23,04
2020-01-09 20:00:00.000,2020,1,9,20,13012KT,23,04
2020-01-09 21:00:00.000,2020,1,9,21,28010KT,19,11
2020-01-09 22:00:00.000,2020,1,9,22,29008KT,18,11
2020-01-09 23:00:00.000,2020,1,9,23,33005KT,14,11
2020-01-10 00:00:00.000,2020,1,10,0,32006KT,12,11
2020-01-10 01:00:00.000,2020,1,10,1,30004KT,12,10
2020-01-10 02:00:00.000,2020,1,10,2,33004KT,12,11
2020-01-10 03:00:00.000,2020,1,10,3,08005KT,11,07
2020-01-10 04:00:00.000,2020,1,10,4,02004KT,10,06
2020-01-10 05:00:00.000,2020,1,10,5,01003KT,09,06
2020-01-10 06:00:00.000,2020,1,10,6,33004KT,08,06
2020-01-10 07:00:00.000,2020,1,10,7,34004KT,06,05
2020-01-10 08:00:00.000,2020,1,10,8,VRB02KT,05,04
2020-01-10 09:00:00.000,2020,1,10,9,VRB02KT,05,05
2020-01-10 10:00:00.000,2020,1,10,10,VRB02KT,04,04
2020-01-10 12:00:00.000,2020,1,10,12,VRB02KT,07,06
2020-01-10 13:00:00.000,2020,1,10,13,VRB02KT,10,08
2020-01-10 14:00:00.000,2020,1,10,14,VRB02KT,14,06
2020-01-10 15:00:00.000,2020,1,10,15,15005KT,17,02
2020-01-10 16:00:00.000,2020,1,10,16,10010KT,19,02
2020-01-10 17:00:00.000,2020,1,10,17,12010KT,20,03
2020-01-10 18:00:00.000,2020,1,10,18,13013KT,20,02
2020-01-10 19:00:00.000,2020,1,10,19,12014KT,21,02
2020-01-10 20:00:00.000,2020,1,10,20,13012KT,,
2020-01-10 21:00:00.000,2020,1,10,21,13010KT,20,01
2020-01-10 22:00:00.000,2020,1,10,22,14012KT,18,04
2020-01-10 23:00:00.000,2020,1,10,23,16015KT,16,05
2020-01-11 00:00:00.000,2020,1,11,0,15012KT,14,05
2020-01-11 01:00:00.000,2020,1,11,1,14012KT,13,05
2020-01-11 02:00:00.000,2020,1,11,2,12008KT,13,04
2020-01-11 03:00:00.000,2020,1,11,3,12007KT,12,02
2020-01-11 04:00:00.000,2020,1,11,4,13008KT,11,03
2020-01-11 05:00:00.000,2020,1,11,5,14008KT,10,03
2020-01-11 06:00:00.000,2020,1,11,6,14010KT,09,03
2020-01-11 07:00:00.000,2020,1,11,7,14008KT,09,03
2020-01-11 08:00:00.000,2020,1,11,8,02003KT,07,03
2020-01-11 09:00:00.000,2020,1,11,9,34003KT,05,03
2020-01-11 10:00:00.000,2020,1,11,10,01003KT,04,03
2020-01-11 11:00:00.000,2020,1,11,11,06003KT,04,03
2020-01-11 12:00:00.000,2020,1,11,12,03004KT,06,04
2020-01-11 13:00:00.000,2020,1,11,13,05006KT,11,04
2020-01-11 14:00:00.000,2020,1,11,14,06005KT,13,05
2020-01-11 15:00:00.000,2020,1,11,15,02006KT,15,06
2020-01-11 16:00:00.000,2020,1,11,16,28004KT,16,05
2020-01-11 17:00:00.000,2020,1,11,17,18003KT,17,06
2020-01-11 18:00:00.000,2020,1,11,18,08007KT,18,06
2020-01-11 19:00:00.000,2020,1,11,19,14011KT,19,06
2020-01-11 20:00:00.000,2020,1,11,20,14012KT,19,06
2020-01-11 21:00:00.000,2020,1,11,21,13009KT,18,06
2020-01-11 22:00:00.000,2020,1,11,22,15010KT,18,07
2020-01-11 23:00:00.000,2020,1,11,23,17011KT,16,07
2020-01-12 00:00:00.000,2020,1,12,0,15009KT,15,08
2020-01-12 01:00:00.000,2020,1,12,1,11005KT,15,08
2020-01-12 02:00:00.000,2020,1,12,2,VRB04KT,13,09
2020-01-12 03:00:00.000,2020,1,12,3,VRB04KT,13,08
2020-01-12 04:00:00.000,2020,1,12,4,03004KT,12,08
2020-01-12 05:00:00.000,2020,1,12,5,08006KT,13,08
2020-01-12 06:00:00.000,2020,1,12,6,05004KT,13,08
2020-01-12 07:00:00.000,2020,1,12,7,02004KT,12,08
2020-01-12 08:00:00.000,2020,1,12,8,03004KT,12,08
2020-01-12 09:00:00.000,2020,1,12,9,04005KT,11,06
2020-01-12 10:00:00.000,2020,1,12,10,06005KT,11,06
2020-01-12 11:00:00.000,2020,1,12,11,05004KT,11,07
2020-01-12 12:00:00.000,2020,1,12,12,04005KT,11,07
2020-01-12 13:00:00.000,2020,1,12,13,05004KT,13,07
2020-01-12 14:00:00.000,2020,1,12,14,13005KT,15,07
2020-01-12 15:00:00.000,2020,1,12,15,VRB06KT,17,07
2020-01-12 16:00:00.000,2020,1,12,16,16009KT,18,07
2020-01-12 17:00:00.000,2020,1,12,17,15010KT,20,07
2020-01-12 18:00:00.000,2020,1,12,18,18010KT,20,07
2020-01-12 19:00:00.000,2020,1,12,19,14010KT,19,08
2020-01-12 20:00:00.000,2020,1,12,20,16012KT,19,08
2020-01-12 21:00:00.000,2020,1,12,21,13010KT,18,08
2020-01-12 22:00:00.000,2020,1,12,22,12008KT,17,08
2020-01-12 23:00:00.000,2020,1,12,23,13006KT,15,08
2020-01-13 00:00:00.000,2020,1,13,0,14008KT,15,08
2020-01-13 01:00:00.000,2020,1,13,1,10004KT,15,08
2020-01-13 02:00:00.000,2020,1,13,2,13006KT,14,08
2020-01-13 03:00:00.000,2020,1,13,3,14005KT,13,08
2020-01-13 04:00:00.000,2020,1,13,4,13007KT,13,08
2020-01-13 05:00:00.000,2020,1,13,5,35003KT,12,07
2020-01-13 06:00:00.000,2020,1,13,6,03004KT,10,07
2020-01-13 07:00:00.000,2020,1,13,7,03004KT,09,07
2020-01-13 08:00:00.000,2020,1,13,8,05003KT,09,07
2020-01-13 09:00:00.000,2020,1,13,9,12003KT,10,08
2020-01-13 10:00:00.000,2020,1,13,10,11005KT,12,08
2020-01-13 11:00:00.000,2020,1,13,11,07004KT,11,08
2020-01-13 12:00:00.000,2020,1,13,12,10007KT,13,07
2020-01-13 13:00:00.000,2020,1,13,13,10008KT,15,07
2020-01-13 14:00:00.000,2020,1,13,14,10010KT,17,07
2020-01-13 15:00:00.000,2020,1,13,15,06010KT,18,07
2020-01-13 16:00:00.000,2020,1,13,16,09008KT,19,07
2020-01-13 17:00:00.000,2020,1,13,17,06007KT,21,07
2020-01-13 18:00:00.000,2020,1,13,18,17014KT,24,04
2020-01-13 19:00:00.000,2020,1,13,19,20011KT,23,04
2020-01-13 20:00:00.000,2020,1,13,20,16013KT,22,04
2020-01-13 21:00:00.000,2020,1,13,21,18013KT,21,05
2020-01-13 22:00:00.000,2020,1,13,22,15013KT,20,05
2020-01-13 23:00:00.000,2020,1,13,23,14011KT,17,05
2020-01-14 00:00:00.000,2020,1,14,0,15010KT,16,05
2020-01-14 01:00:00.000,2020,1,14,1,VRB02KT,13,06
2020-01-14 02:00:00.000,2020,1,14,2,VRB02KT,12,07
2020-01-14 03:00:00.000,2020,1,14,3,03003KT,11,07
2020-01-14 04:00:00.000,2020,1,14,4,VRB03KT,10,07
2020-01-14 05:00:00.000,2020,1,14,5,02004KT,10,07
2020-01-14 06:00:00.000,2020,1,14,6,VRB03KT,09,08
2020-01-14 07:00:00.000,2020,1,14,7,04005KT,10,08
2020-01-14 08:00:00.000,2020,1,14,8,VRB02KT,10,08
2020-01-14 09:00:00.000,2020,1,14,9,05004KT,10,08
2020-01-14 10:00:00.000,2020,1,14,10,04004KT,10,08
2020-01-14 11:00:00.000,2020,1,14,11,VRB02KT,10,08
2020-01-14 12:00:00.000,2020,1,14,12,05006KT,11,08
2020-01-14 13:00:00.000,2020,1,14,13,06008KT,13,08
2020-01-14 14:00:00.000,2020,1,14,14,05007KT,16,07
2020-01-14 15:00:00.000,2020,1,14,15,07006KT,18,07
2020-01-14 16:00:00.000,2020,1,14,16,04006KT,19,06
2020-01-14 17:00:00.000,2020,1,14,17,18004KT,20,06
2020-01-14 18:00:00.000,2020,1,14,18,14012KT,21,07
2020-01-14 19:00:00.000,2020,1,14,19,13011KT,20,07
2020-01-14 20:00:00.000,2020,1,14,20,11006KT,19,07
2020-01-14 21:00:00.000,2020,1,14,21,15011KT,19,06
2020-01-14 22:00:00.000,2020,1,14,22,16014KT,18,06
2020-01-14 23:00:00.000,2020,1,14,23,16011KT,17,06
2020-01-15 00:00:00.000,2020,1,15,0,14009KT,16,07
2020-01-15 01:00:00.000,2020,1,15,1,13009KT,14,07
2020-01-15 02:00:00.000,2020,1,15,2,12007KT,14,08
2020-01-15 03:00:00.000,2020,1,15,3,10005KT,14,09
2020-01-15 04:00:00.000,2020,1,15,4,12005KT,14,08
2020-01-15 05:00:00.000,2020,1,15,5,VRB02KT,11,08
2020-01-15 06:00:00.000,2020,1,15,6,05007KT,10,07
2020-01-15 08:00:00.000,2020,1,15,8,05007KT,09,07
2020-01-15 09:00:00.000,2020,1,15,9,05005KT,08,06
2020-01-15 10:00:00.000,2020,1,15,10,03005KT,07,06
2020-01-15 11:00:00.000,2020,1,15,11,05006KT,07,05
2020-01-15 12:00:00.000,2020,1,15,12,03008KT,10,07
2020-01-15 13:00:00.000,2020,1,15,13,04004KT,13,08
2020-01-15 14:00:00.000,2020,1,15,14,07006KT,15,06
2020-01-15 15:00:00.000,2020,1,15,15,10006KT,18,06
2020-01-15 16:00:00.000,2020,1,15,16,VRB06KT,19,06
2020-01-15 17:00:00.000,2020,1,15,17,17012KT,21,07
2020-01-15 18:00:00.000,2020,1,15,18,15010KT,21,06
2020-01-15 19:00:00.000,2020,1,15,19,12012KT,19,07
2020-01-15 20:00:00.000,2020,1,15,20,13012KT,19,06
2020-01-15 21:00:00.000,2020,1,15,21,16014KT,18,07
2020-01-15 22:00:00.000,2020,1,15,22,15011KT,18,06
2020-01-15 23:00:00.000,2020,1,15,23,13007KT,17,08
2020-01-16 00:00:00.000,2020,1,16,0,10006KT,16,07
2020-01-16 01:00:00.000,2020,1,16,1,11006KT,15,08
2020-01-16 02:00:00.000,2020,1,16,2,08005KT,14,08
2020-01-16 03:00:00.000,2020,1,16,3,VRB02KT,11,07
2020-01-16 04:00:00.000,2020,1,16,4,03004KT,09,07
2020-01-16 05:00:00.000,2020,1,16,5,05004KT,08,06
2020-01-16 06:00:00.000,2020,1,16,6,05006KT,10,07
2020-01-16 07:00:00.000,2020,1,16,7,05006KT,10,07
2020-01-16 08:00:00.000,2020,1,16,8,06006KT,10,07
2020-01-16 09:00:00.000,2020,1,16,9,06006KT,09,07
2020-01-16 10:00:00.000,2020,1,16,10,06006KT,07,06
2020-01-16 11:00:00.000,2020,1,16,11,05006KT,08,06
2020-01-16 12:00:00.000,2020,1,16,12,05005KT,09,07
2020-01-16 13:00:00.000,2020,1,16,13,05005KT,11,08
2020-01-16 14:00:00.000,2020,1,16,14,16010KT,15,08
2020-01-16 15:00:00.000,2020,1,16,15,16010KT,16,09
2020-01-16 16:00:00.000,2020,1,16,16,17008KT,16,09
2020-01-16 17:00:00.000,2020,1,16,17,13010KT,17,09
2020-01-16 18:00:00.000,2020,1,16,18,10010KT,17,08
2020-01-16 19:00:00.000,2020,1,16,19,10009KT,17,08
2020-01-16 20:00:00.000,2020,1,16,20,11010KT,17,09
2020-01-16 21:00:00.000,2020,1,16,21,12008KT,16,10
2020-01-16 22:00:00.000,2020,1,16,22,13007KT,16,10
2020-01-16 23:00:00.000,2020,1,16,23,12007KT,16,09
2020-01-17 00:00:00.000,2020,1,17,0,09005KT,15,09
2020-01-17 01:00:00.000,2020,1,17,1,08007KT,14,09
2020-01-17 02:00:00.000,2020,1,17,2,06006KT,14,09
2020-01-17 03:00:00.000,2020,1,17,3,06007KT,14,09
2020-01-17 04:00:00.000,2020,1,17,4,05006KT,14,09
2020-01-17 05:00:00.000,2020,1,17,5,06006KT,14,09
2020-01-17 06:00:00.000,2020,1,17,6,07006KT,14,09
2020-01-17 07:00:00.000,2020,1,17,7,07005KT,13,09
2020-01-17 08:00:00.000,2020,1,17,8,10004KT,14,09
2020-01-17 09:00:00.000,2020,1,17,9,06005KT,12,10
2020-01-17 10:00:00.000,2020,1,17,10,VRB02KT,13,10
2020-01-17 11:00:00.000,2020,1,17,11,13005KT,14,09
2020-01-17 12:00:00.000,2020,1,17,12,13007KT,14,09
2020-01-17 13:00:00.000,2020,1,17,13,10004KT,16,10
2020-01-17 14:00:00.000,2020,1,17,14,14010KT,15,11
2020-01-17 15:00:00.000,2020,1,17,15,07010KT,17,11
2020-01-17 16:00:00.000,2020,1,17,16,11012G23KT,19,08
2020-01-17 18:00:00.000,2020,1,17,18,09007KT,19,09
2020-01-17 19:00:00.000,2020,1,17,19,14016KT,20,09
2020-01-17 20:00:00.000,2020,1,17,20,11017KT,19,08
2020-01-17 21:00:00.000,2020,1,17,21,11009KT,18,09
2020-01-17 22:00:00.000,2020,1,17,22,13013KT,17,08
2020-01-17 23:00:00.000,2020,1,17,23,13011KT,15,08
2020-01-18 00:00:00.000,2020,1,18,0,11008KT,15,08
2020-01-18 01:00:00.000,2020,1,18,1,11007KT,15,08
2020-01-18 02:00:00.000,2020,1,18,2,11007KT,14,08
2020-01-18 03:00:00.000,2020,1,18,3,16006KT,14,08
2020-01-18 04:00:00.000,2020,1,18,4,10004KT,14,08
2020-01-18 05:00:00.000,2020,1,18,5,11007KT,14,08
2020-01-18 06:00:00.000,2020,1,18,6,08004KT,13,09
2020-01-18 07:00:00.000,2020,1,18,7,09006KT,13,09
2020-01-18 08:00:00.000,2020,1,18,8,08004KT,13,09
2020-01-18 09:00:00.000,2020,1,18,9,10006KT,14,09
2020-01-18 10:00:00.000,2020,1,18,10,06006KT,13,09
2020-01-18 11:00:00.000,2020,1,18,11,09005KT,13,09
2020-01-18 12:00:00.000,2020,1,18,12,07007KT,13,09
2020-01-18 13:00:00.000,2020,1,18,13,10008KT,15,09
2020-01-18 14:00:00.000,2020,1,18,14,10007KT,16,09
2020-01-18 15:00:00.000,2020,1,18,15,12010KT,17,09
2020-01-18 16:00:00.000,2020,1,18,16,12010KT,16,08
2020-01-18 17:00:00.000,2020,1,18,17,12010KT,17,08
2020-01-18 18:00:00.000,2020,1,18,18,10011KT,18,08
2020-01-18 19:00:00.000,2020,1,18,19,15009KT,18,09
2020-01-18 20:00:00.000,2020,1,18,20,11010KT,17,09
2020-01-18 21:00:00.000,2020,1,18,21,13010KT,18,08
2020-01-18 22:00:00.000,2020,1,18,22,13010KT,17,07
2020-01-18 23:00:00.000,2020,1,18,23,15010KT,16,08
2020-01-19 00:00:00.000,2020,1,19,0,12006KT,15,09
2020-01-19 01:00:00.000,2020,1,19,1,11004KT,14,09
2020-01-19 02:00:00.000,2020,1,19,2,05006KT,11,08
2020-01-19 03:00:00.000,2020,1,19,3,03004KT,10,08
2020-01-19 04:00:00.000,2020,1,19,4,05005KT,09,07
2020-01-19 05:00:00.000,2020,1,19,5,04004KT,10,08
2020-01-19 06:00:00.000,2020,1,19,6,04006KT,10,09
2020-01-19 07:00:00.000,2020,1,19,7,04004KT,10,08
2020-01-19 08:00:00.000,2020,1,19,8,06006KT,11,09
2020-01-19 09:00:00.000,2020,1,19,9,05006KT,09,08
2020-01-19 10:00:00.000,2020,1,19,10,04007KT,10,08
2020-01-19 11:00:00.000,2020,1,19,11,06007KT,10,09
2020-01-19 12:00:00.000,2020,1,19,12,06007KT,11,09
2020-01-19 13:00:00.000,2020,1,19,13,06006KT,13,10
2020-01-19 14:00:00.000,2020,1,19,14,10007KT,15,08
2020-01-19 15:00:00.000,2020,1,19,15,12009KT,18,09
2020-01-19 16:00:00.000,2020,1,19,16,11007KT,18,09
2020-01-19 17:00:00.000,2020,1,19,17,10007KT,19,10
2020-01-19 18:00:00.000,2020,1,19,18,12007G18KT,19,09
2020-01-19 19:00:00.000,2020,1,19,19,12010KT,18,09
2020-01-19 20:00:00.000,2020,1,19,20,11008KT,20,08
2020-01-19 21:00:00.000,2020,1,19,21,11006G16KT,19,09
2020-01-19 22:00:00.000,2020,1,19,22,14012KT,17,09
2020-01-19 23:00:00.000,2020,1,19,23,11007KT,17,09
2020-01-20 00:00:00.000,2020,1,20,0,08006KT,15,09
2020-01-20 01:00:00.000,2020,1,20,1,05008KT,14,10
2020-01-20 02:00:00.000,2020,1,20,2,05004KT,13,09
2020-01-20 03:00:00.000,2020,1,20,3,02003KT,13,09
2020-01-20 04:00:00.000,2020,1,20,4,02004KT,11,09
2020-01-20 05:00:00.000,2020,1,20,5,36003KT,11,09
2020-01-20 06:00:00.000,2020,1,20,6,05006KT,11,09
2020-01-20 07:00:00.000,2020,1,20,7,06004KT,11,09
2020-01-20 08:00:00.000,2020,1,20,8,28004KT,10,08
2020-01-20 09:00:00.000,2020,1,20,9,04007KT,10,08
2020-01-20 10:00:00.000,2020,1,20,10,05004KT,11,09
2020-01-20 11:00:00.000,2020,1,20,11,VRB02KT,11,09
2020-01-20 12:00:00.000,2020,1,20,12,02003KT,11,09
2020-01-20 13:00:00.000,2020,1,20,13,04005KT,13,10
2020-01-20 14:00:00.000,2020,1,20,14,02006KT,15,11
2020-01-20 15:00:00.000,2020,1,20,15,10003KT,18,10
2020-01-20 16:00:00.000,2020,1,20,16,04004KT,19,10
2020-01-20 17:00:00.000,2020,1,20,17,14003KT,20,10
2020-01-20 18:00:00.000,2020,1,20,18,30006KT,20,08
2020-01-20 19:00:00.000,2020,1,20,19,29005KT,20,09
2020-01-20 20:00:00.000,2020,1,20,20,27010KT,18,11
2020-01-20 21:00:00.000,2020,1,20,21,29008KT,17,11
2020-01-20 22:00:00.000,2020,1,20,22,31004KT,17,11
2020-01-20 23:00:00.000,2020,1,20,23,32003KT,15,11
2020-01-21 00:00:00.000,2020,1,21,0,30008KT,15,11
2020-01-21 01:00:00.000,2020,1,21,1,31006KT,15,10
2020-01-21 02:00:00.000,2020,1,21,2,30004KT,14,10
2020-01-21 03:00:00.000,2020,1,21,3,VRB02KT,12,10
2020-01-21 04:00:00.000,2020,1,21,4,VRB02KT,11,09
2020-01-21 05:00:00.000,2020,1,21,5,32005KT,13,11
2020-01-21 06:00:00.000,2020,1,21,6,31003KT,13,11
2020-01-21 07:00:00.000,2020,1,21,7,VRB02KT,13,11
2020-01-21 08:00:00.000,2020,1,21,8,VRB02KT,13,10
2020-01-21 09:00:00.000,2020,1,21,9,VRB02KT,12,10
2020-01-21 10:00:00.000,2020,1,21,10,04005KT,12,11
2020-01-21 11:00:00.000,2020,1,21,11,06005KT,12,10
2020-01-21 12:00:00.000,2020,1,21,12,VRB02KT,12,10
2020-01-21 13:00:00.000,2020,1,21,13,06005KT,14,11
2020-01-21 14:00:00.000,2020,1,21,14,33003KT,17,11
2020-01-21 15:00:00.000,2020,1,21,15,04004KT,19,11
2020-01-21 16:00:00.000,2020,1,21,16,VRB03KT,20,11
2020-01-21 17:00:00.000,2020,1,21,17,29010KT,19,11
2020-01-21 18:00:00.000,2020,1,21,18,28010KT,18,10
2020-01-21 19:00:00.000,2020,1,21,19,30005KT,16,10
2020-01-21 20:00:00.000,2020,1,21,20,26008KT,16,11
2020-01-21 21:00:00.000,2020,1,21,21,27005KT,17,10
2020-01-21 22:00:00.000,2020,1,21,22,32004KT,17,10
2020-01-21 23:00:00.000,2020,1,21,23,31007KT,15,11
2020-01-22 00:00:00.000,2020,1,22,0,30007KT,14,11
2020-01-22 01:00:00.000,2020,1,22,1,29007KT,13,10
2020-01-22 02:00:00.000,2020,1,22,2,35003KT,12,10
2020-01-22 03:00:00.000,2020,1,22,3,VRB02KT,11,10
2020-01-22 04:00:00.000,2020,1,22,4,24004KT,13,10
2020-01-22 05:00:00.000,2020,1,22,5,28003KT,13,11
2020-01-22 06:00:00.000,2020,1,22,6,31003KT,11,09
2020-01-22 07:00:00.000,2020,1,22,7,VRB02KT,12,10
2020-01-22 08:00:00.000,2020,1,22,8,31003KT,10,09
2020-01-22 09:00:00.000,2020,1,22,9,VRB02KT,10,09
2020-01-22 10:00:00.000,2020,1,22,10,30003KT,10,09
2020-01-22 11:00:00.000,2020,1,22,11,VRB02KT,11,10
2020-01-22 12:00:00.000,2020,1,22,12,VRB02KT,13,11
2020-01-22 13:00:00.000,2020,1,22,13,28003KT,13,11
2020-01-22 14:00:00.000,2020,1,22,14,31006KT,15,12
2020-01-22 15:00:00.000,2020,1,22,15,29006KT,17,12
2020-01-22 16:00:00.000,2020,1,22,16,32012KT,17,10
2020-01-22 17:00:00.000,2020,1,22,17,32013KT,17,10
2020-01-22 18:00:00.000,2020,1,22,18,31010KT,17,11
2020-01-22 19:00:00.000,2020,1,22,19,31012KT,18,11
2020-01-22 20:00:00.000,2020,1,22,20,32010KT,17,11
2020-01-22 21:00:00.000,2020,1,22,21,31010KT,17,11
2020-01-22 22:00:00.000,2020,1,22,22,29009KT,16,10
2020-01-22 23:00:00.000,2020,1,22,23,30006KT,15,10
2020-01-23 00:00:00.000,2020,1,23,0,29006KT,15,10
2020-01-23 01:00:00.000,2020,1,23,1,31005KT,14,10
2020-01-23 02:00:00.000,2020,1,23,2,29004KT,13,10
2020-01-23 03:00:00.000,2020,1,23,3,28005KT,12,10
2020-01-23 04:00:00.000,2020,1,23,4,30003KT,11,09
2020-01-23 05:00:00.000,2020,1,23,5,25004KT,11,10
2020-01-23 06:00:00.000,2020,1,23,6,24003KT,11,09
2020-01-23 07:00:00.000,2020,1,23,7,VRB02KT,08,07
2020-01-23 08:00:00.000,2020,1,23,8,VRB02KT,08,08
2020-01-23 09:00:00.000,2020,1,23,9,VRB02KT,10,09
2020-01-23 10:00:00.000,2020,1,23,10,VRB02KT,10,09
2020-01-23 11:00:00.000,2020,1,23,11,VRB02KT,10,09
2020-01-23 12:00:00.000,2020,1,23,12,VRB02KT,11,09
2020-01-23 13:00:00.000,2020,1,23,13,VRB02KT,13,11
2020-01-23 14:00:00.000,2020,1,23,14,VRB02KT,16,10
2020-01-23 15:00:00.000,2020,1,23,15,VRB02KT,18,11
2020-01-23 16:00:00.000,2020,1,23,16,09004KT,19,09
2020-01-23 17:00:00.000,2020,1,23,17,33006KT,21,09
2020-01-23 18:00:00.000,2020,1,23,18,32013KT,19,10
2020-01-23 19:00:00.000,2020,1,23,19,30015KT,19,10
2020-01-23 20:00:00.000,2020,1,23,20,32013KT,19,09
2020-01-23 21:00:00.000,2020,1,23,21,32014KT,19,11
2020-01-23 22:00:00.000,2020,1,23,22,34010KT,16,11
2020-01-23 23:00:00.000,2020,1,23,23,30009KT,15,11
2020-01-24 00:00:00.000,2020,1,24,0,30013KT,15,10
2020-01-24 01:00:00.000,2020,1,24,1,VRB02KT,14,10
2020-01-24 02:00:00.000,2020,1,24,2,27006KT,14,10
2020-01-24 03:00:00.000,2020,1,24,3,33007KT,13,10
2020-01-24 04:00:00.000,2020,1,24,4,31003KT,12,10
2020-01-24 05:00:00.000,2020,1,24,5,34003KT,13,10
2020-01-24 06:00:00.000,2020,1,24,6,00000KT,13,10
2020-01-24 07:00:00.000,2020,1,24,7,33003KT,11,10
2020-01-24 08:00:00.000,2020,1,24,8,31003KT,11,09
2020-01-24 09:00:00.000,2020,1,24,9,32003KT,10,09
2020-01-24 10:00:00.000,2020,1,24,10,VRB02KT,10,09
2020-01-24 11:00:00.000,2020,1,24,11,VRB02KT,10,08
2020-01-24 12:00:00.000,2020,1,24,12,32004KT,09,08
2020-01-24 13:00:00.000,2020,1,24,13,VRB02KT,12,10
2020-01-24 14:00:00.000,2020,1,24,14,VRB02KT,16,11
2020-01-24 15:00:00.000,2020,1,24,15,32004KT,18,09
2020-01-24 16:00:00.000,2020,1,24,16,VRB03KT,18,09
2020-01-24 17:00:00.000,2020,1,24,17,29008KT,20,09
2020-01-24 18:00:00.000,2020,1,24,18,30010KT,19,09
2020-01-24 19:00:00.000,2020,1,24,19,31012KT,19,11
2020-01-24 20:00:00.000,2020,1,24,20,32012KT,17,11
2020-01-24 21:00:00.000,2020,1,24,21,32011KT,17,11
2020-01-24 22:00:00.000,2020,1,24,22,33009KT,16,11
2020-01-24 23:00:00.000,2020,1,24,23,32006KT,15,11
2020-01-25 00:00:00.000,2020,1,25,0,28009KT,15,11
2020-01-25 01:00:00.000,2020,1,25,1,28006KT,14,11
2020-01-25 02:00:00.000,2020,1,25,2,25004KT,14,12
2020-01-25 03:00:00.000,2020,1,25,3,24003KT,13,12
2020-01-25 04:00:00.000,2020,1,25,4,28004KT,13,12
2020-01-25 05:00:00.000,2020,1,25,5,25003KT,13,12
2020-01-25 06:00:00.000,2020,1,25,6,VRB02KT,11,10
2020-01-25 07:00:00.000,2020,1,25,7,02003KT,12,11
2020-01-25 08:00:00.000,2020,1,25,8,VRB02KT,10,09
2020-01-25 09:00:00.000,2020,1,25,9,VRB02KT,11,10
2020-01-25 10:00:00.000,2020,1,25,10,VRB02KT,09,08
2020-01-25 11:00:00.000,2020,1,25,11,VRB02KT,10,09
2020-01-25 12:00:00.000,2020,1,25,12,VRB02KT,10,10
2020-01-25 13:00:00.000,2020,1,25,13,VRB02KT,12,11
2020-01-25 14:00:00.000,2020,1,25,14,VRB02KT,15,12
2020-01-25 15:00:00.000,2020,1,25,15,VRB02KT,17,11
2020-01-25 16:00:00.000,2020,1,25,16,VRB02KT,19,08
2020-01-25 17:00:00.000,2020,1,25,17,VRB05KT,21,10
2020-01-25 18:00:00.000,2020,1,25,18,31009KT,22,10
2020-01-25 19:00:00.000,2020,1,25,19,27017KT,21,12
2020-01-25 20:00:00.000,2020,1,25,20,27010KT,20,12
2020-01-25 21:00:00.000,2020,1,25,21,24011KT,19,11
2020-01-25 22:00:00.000,2020,1,25,22,29006KT,16,13
2020-01-25 23:00:00.000,2020,1,25,23,28005KT,15,13
2020-01-26 00:00:00.000,2020,1,26,0,26006KT,16,13
2020-01-26 01:00:00.000,2020,1,26,1,30006KT,15,13
2020-01-26 02:00:00.000,2020,1,26,2,32003KT,15,13
2020-01-26 03:00:00.000,2020,1,26,3,29003KT,14,13
2020-01-26 04:00:00.000,2020,1,26,4,18004KT,14,13
2020-01-26 05:00:00.000,2020,1,26,5,26007KT,15,12
2020-01-26 06:00:00.000,2020,1,26,6,28004KT,14,12
2020-01-26 07:00:00.000,2020,1,26,7,30005KT,14,12
2020-01-26 08:00:00.000,2020,1,26,8,30006KT,13,12
2020-01-26 09:00:00.000,2020,1,26,9,VRB02KT,14,13
2020-01-26 10:00:00.000,2020,1,26,10,30003KT,13,12
2020-01-26 11:00:00.000,2020,1,26,11,31003KT,13,12
2020-01-26 12:00:00.000,2020,1,26,12,00000KT,13,12
2020-01-26 13:00:00.000,2020,1,26,13,03003KT,14,12
2020-01-26 14:00:00.000,2020,1,26,14,VRB02KT,16,13
2020-01-26 15:00:00.000,2020,1,26,15,34004KT,17,11
2020-01-26 16:00:00.000,2020,1,26,16,VRB02KT,19,10
2020-01-26 17:00:00.000,2020,1,26,17,26010KT,19,12
2020-01-26 18:00:00.000,2020,1,26,18,27014KT,19,11
2020-01-26 19:00:00.000,2020,1,26,19,28012KT,20,11
2020-01-26 20:00:00.000,2020,1,26,20,27012KT,20,10
2020-01-26 21:00:00.000,2020,1,26,21,28014KT,19,11
2020-01-26 22:00:00.000,2020,1,26,22,25010KT,18,11
2020-01-26 23:00:00.000,2020,1,26,23,27010KT,16,11
2020-01-27 00:00:00.000,2020,1,27,0,23006KT,15,12
2020-01-27 01:00:00.000,2020,1,27,1,34006KT,14,13
2020-01-27 02:00:00.000,2020,1,27,2,01006KT,13,12
2020-01-27 03:00:00.000,2020,1,27,3,01006KT,13,12
2020-01-27 04:00:00.000,2020,1,27,4,07004KT,13,12
2020-01-27 05:00:00.000,2020,1,27,5,33004KT,13,12
2020-01-27 06:00:00.000,2020,1,27,6,VRB02KT,13,12
2020-01-27 07:00:00.000,2020,1,27,7,VRB02KT,13,12
2020-01-27 08:00:00.000,2020,1,27,8,VRB02KT,12,12
2020-01-27 09:00:00.000,2020,1,27,9,VRB02KT,12,11
2020-01-27 10:00:00.000,2020,1,27,10,VRB02KT,12,11
2020-01-27 11:00:00.000,2020,1,27,11,VRB02KT,11,10
2020-01-27 12:00:00.000,2020,1,27,12,32003KT,11,10
2020-01-27 13:00:00.000,2020,1,27,13,VRB02KT,13,13
2020-01-27 14:00:00.000,2020,1,27,14,VRB03KT,15,12
2020-01-27 15:00:00.000,2020,1,27,15,VRB03KT,18,12
2020-01-27 16:00:00.000,2020,1,27,16,VRB03KT,19,10
2020-01-27 17:00:00.000,2020,1,27,17,26006KT,21,08
2020-01-27 18:00:00.000,2020,1,27,18,25013KT,18,11
2020-01-27 19:00:00.000,2020,1,27,19,25012KT,20,11
2020-01-27 20:00:00.000,2020,1,27,20,29010KT,20,10
2020-01-27 21:00:00.000,2020,1,27,21,27011KT,18,10
2020-01-27 22:00:00.000,2020,1,27,22,26008KT,18,11
2020-01-27 23:00:00.000,2020,1,27,23,27008KT,16,11
2020-01-28 00:00:00.000,2020,1,28,0,33006KT,15,12
2020-01-28 01:00:00.000,2020,1,28,1,33004KT,14,10
2020-01-28 02:00:00.000,2020,1,28,2,00000KT,14,10
2020-01-28 03:00:00.000,2020,1,28,3,32005KT,12,09
2020-01-28 04:00:00.000,2020,1,28,4,36003KT,11,09
2020-01-28 05:00:00.000,2020,1,28,5,30003KT,11,09
2020-01-28 06:00:00.000,2020,1,28,6,VRB02KT,10,09
2020-01-28 07:00:00.000,2020,1,28,7,VRB02KT,08,07
2020-01-28 08:00:00.000,2020,1,28,8,VRB02KT,07,07
2020-01-28 09:00:00.000,2020,1,28,9,03005KT,07,07
2020-01-28 10:00:00.000,2020,1,28,10,VRB02KT,09,09
2020-01-28 11:00:00.000,2020,1,28,11,VRB02KT,09,09
2020-01-28 12:00:00.000,2020,1,28,12,VRB03KT,09,09
2020-01-28 13:00:00.000,2020,1,28,13,01004KT,10,10
2020-01-28 14:00:00.000,2020,1,28,14,VRB02KT,12,11
2020-01-28 15:00:00.000,2020,1,28,15,VRB02KT,15,13
2020-01-28 16:00:00.000,2020,1,28,16,31007KT,18,11
2020-01-28 17:00:00.000,2020,1,28,17,31005KT,20,08
2020-01-28 18:00:00.000,2020,1,28,18,31010KT,21,09
2020-01-28 19:00:00.000,2020,1,28,19,29013KT,19,10
2020-01-28 20:00:00.000,2020,1,28,20,23013KT,17,10
2020-01-28 21:00:00.000,2020,1,28,21,31006KT,16,13
2020-01-28 22:00:00.000,2020,1,28,22,30006KT,16,12
2020-01-28 23:00:00.000,2020,1,28,23,VRB02KT,16,12
2020-01-29 00:00:00.000,2020,1,29,0,32005KT,14,11
2020-01-29 01:00:00.000,2020,1,29,1,32004KT,14,11
2020-01-29 02:00:00.000,2020,1,29,2,35003KT,12,10
2020-01-29 03:00:00.000,2020,1,29,3,33003KT,11,10
2020-01-29 04:00:00.000,2020,1,29,4,00000KT,12,10
2020-01-29 05:00:00.000,2020,1,29,5,VRB02KT,11,09
2020-01-29 06:00:00.000,2020,1,29,6,VRB02KT,09,08
2020-01-29 07:00:00.000,2020,1,29,7,03003KT,07,06
2020-01-29 08:00:00.000,2020,1,29,8,VRB02KT,09,08
2020-01-29 09:00:00.000,2020,1,29,9,00000KT,07,07
2020-01-29 10:00:00.000,2020,1,29,10,35003KT,06,06
2020-01-29 11:00:00.000,2020,1,29,11,VRB02KT,06,06
2020-01-29 12:00:00.000,2020,1,29,12,VRB02KT,07,07
2020-01-29 13:00:00.000,2020,1,29,13,VRB02KT,11,10
2020-01-29 14:00:00.000,2020,1,29,14,VRB02KT,15,11
2020-01-29 15:00:00.000,2020,1,29,15,23004KT,17,09
2020-01-29 16:00:00.000,2020,1,29,16,30007KT,18,08
2020-01-29 17:00:00.000,2020,1,29,17,27008KT,19,08
2020-01-29 18:00:00.000,2020,1,29,18,29010KT,20,09
2020-01-29 19:00:00.000,2020,1,29,19,28012KT,21,08
2020-01-29 20:00:00.000,2020,1,29,20,26014KT,20,10
2020-01-29 21:00:00.000,2020,1,29,21,26014KT,19,10
2020-01-29 22:00:00.000,2020,1,29,22,30010KT,17,10
2020-01-29 23:00:00.000,2020,1,29,23,32008KT,15,10
2020-01-30 00:00:00.000,2020,1,30,0,32005KT,14,11
2020-01-30 01:00:00.000,2020,1,30,1,VRB02KT,14,11
2020-01-30 02:00:00.000,2020,1,30,2,04004KT,14,11
2020-01-30 03:00:00.000,2020,1,30,3,VRB02KT,14,11
2020-01-30 04:00:00.000,2020,1,30,4,34004KT,13,11
2020-01-30 05:00:00.000,2020,1,30,5,VRB02KT,12,10
2020-01-30 06:00:00.000,2020,1,30,6,VRB02KT,12,11
2020-01-30 07:00:00.000,2020,1,30,7,VRB02KT,12,10
2020-01-30 08:00:00.000,2020,1,30,8,VRB02KT,11,10
2020-01-30 09:00:00.000,2020,1,30,9,VRB02KT,09,09
2020-01-30 10:00:00.000,2020,1,30,10,05005KT,10,09
2020-01-30 11:00:00.000,2020,1,30,11,04004KT,09,09
2020-01-30 12:00:00.000,2020,1,30,12,VRB02KT,08,08
2020-01-30 13:00:00.000,2020,1,30,13,03004KT,12,11
2020-01-30 14:00:00.000,2020,1,30,14,05009KT,15,10
2020-01-30 15:00:00.000,2020,1,30,15,07007KT,18,10
2020-01-30 16:00:00.000,2020,1,30,16,08006KT,20,09
2020-01-30 17:00:00.000,2020,1,30,17,10008KT,19,07
2020-01-30 18:00:00.000,2020,1,30,18,11007KT,20,07
2020-01-30 19:00:00.000,2020,1,30,19,23006KT,21,08
2020-01-30 20:00:00.000,2020,1,30,20,23011KT,19,11
2020-01-30 21:00:00.000,2020,1,30,21,25011KT,20,12
2020-01-30 22:00:00.000,2020,1,30,22,28012G25KT,18,11
2020-01-30 23:00:00.000,2020,1,30,23,26009KT,16,11
2020-01-31 00:00:00.000,2020,1,31,0,25005KT,16,11
2020-01-31 01:00:00.000,2020,1,31,1,VRB02KT,15,11
2020-01-31 02:00:00.000,2020,1,31,2,33003KT,14,12
2020-01-31 03:00:00.000,2020,1,31,3,00000KT,13,12
2020-01-31 04:00:00.000,2020,1,31,4,30003KT,12,11
2020-01-31 05:00:00.000,2020,1,31,5,03003KT,11,10
2020-01-31 06:00:00.000,2020,1,31,6,04005KT,10,09
2020-01-31 07:00:00.000,2020,1,31,7,05004KT,10,08
2020-01-31 08:00:00.000,2020,1,31,8,03005KT,10,08
2020-01-31 09:00:00.000,2020,1,31,9,08005KT,11,07
2020-01-31 10:00:00.000,2020,1,31,10,09004KT,11,07
2020-01-31 11:00:00.000,2020,1,31,11,07003KT,09,07
2020-01-31 12:00:00.000,2020,1,31,12,VRB02KT,09,08
2020-01-31 13:00:00.000,2020,1,31,13,01004KT,12,09
2020-01-31 14:00:00.000,2020,1,31,14,08008KT,15,06
2020-01-31 15:00:00.000,2020,1,31,15,14010KT,17,05
2020-01-31 16:00:00.000,2020,1,31,16,11010KT,19,06
2020-01-31 17:00:00.000,2020,1,31,17,14012KT,21,06
2020-01-31 18:00:00.000,2020,1,31,18,06010KT,19,06
2020-01-31 19:00:00.000,2020,1,31,19,09006KT,19,06
2020-01-31 20:00:00.000,2020,1,31,20,11009KT,19,06
2020-01-31 21:00:00.000,2020,1,31,21,12009KT,19,07
2020-01-31 22:00:00.000,2020,1,31,22,11007KT,18,07
2020-01-31 23:00:00.000,2020,1,31,23,12006KT,18,08
2020-02-01 00:00:00.000,2020,2,1,0,11006KT,16,08
2020-02-01 01:00:00.000,2020,2,1,1,04005KT,13,08
2020-02-01 02:00:00.000,2020,2,1,2,03003KT,11,07
2020-02-01 03:00:00.000,2020,2,1,3,00000KT,13,07
2020-02-01 04:00:00.000,2020,2,1,4,04003KT,12,08
2020-02-01 05:00:00.000,2020,2,1,5,04007KT,09,07
2020-02-01 06:00:00.000,2020,2,1,6,VRB02KT,11,08
2020-02-01 07:00:00.000,2020,2,1,7,03004KT,10,08
2020-02-01 08:00:00.000,2020,2,1,8,05003KT,10,09
2020-02-01 09:00:00.000,2020,2,1,9,VRB02KT,10,08
2020-02-01 10:00:00.000,2020,2,1,10,VRB02KT,11,08
2020-02-01 11:00:00.000,2020,2,1,11,02004KT,10,09
2020-02-01 12:00:00.000,2020,2,1,12,35004KT,11,10
2020-02-01 13:00:00.000,2020,2,1,13,02003KT,13,10
2020-02-01 14:00:00.000,2020,2,1,14,05004KT,15,11
2020-02-01 15:00:00.000,2020,2,1,15,09004KT,18,11
2020-02-01 16:00:00.000,2020,2,1,16,12007KT,20,10
2020-02-01 17:00:00.000,2020,2,1,17,12008KT,19,09
2020-02-01 18:00:00.000,2020,2,1,18,11010KT,20,08
2020-02-01 19:00:00.000,2020,2,1,19,09009KT,19,08
2020-02-01 20:00:00.000,2020,2,1,20,12010KT,19,08
2020-02-01 21:00:00.000,2020,2,1,21,12010KT,19,08
2020-02-01 22:00:00.000,2020,2,1,22,12008KT,19,07
2020-02-01 23:00:00.000,2020,2,1,23,06004KT,18,07
2020-02-02 00:00:00.000,2020,2,2,0,13008KT,16,07
2020-02-02 01:00:00.000,2020,2,2,1,14008KT,15,07
2020-02-02 02:00:00.000,2020,2,2,2,11005KT,15,08
2020-02-02 03:00:00.000,2020,2,2,3,03003KT,14,09
2020-02-02 04:00:00.000,2020,2,2,4,34003KT,13,09
2020-02-02 05:00:00.000,2020,2,2,5,06005KT,12,08
2020-02-02 06:00:00.000,2020,2,2,6,05003KT,10,08
2020-02-02 07:00:00.000,2020,2,2,7,03005KT,10,08
2020-02-02 08:00:00.000,2020,2,2,8,07004KT,11,09
2020-02-02 09:00:00.000,2020,2,2,9,08006KT,10,08
2020-02-02 10:00:00.000,2020,2,2,10,04004KT,09,08
2020-02-02 11:00:00.000,2020,2,2,11,06004KT,09,08
2020-02-02 12:00:00.000,2020,2,2,12,05003KT,10,08
2020-02-02 13:00:00.000,2020,2,2,13,04005KT,13,09
2020-02-02 14:00:00.000,2020,2,2,14,06005KT,17,09
2020-02-02 15:00:00.000,2020,2,2,15,05005KT,18,08
2020-02-02 16:00:00.000,2020,2,2,16,32005KT,19,08
2020-02-02 17:00:00.000,2020,2,2,17,VRB02KT,19,08
2020-02-02 18:00:00.000,2020,2,2,18,16003KT,21,07
2020-02-02 19:00:00.000,2020,2,2,19,26014KT,19,12
2020-02-02 20:00:00.000,2020,2,2,20,27010KT,17,11
2020-02-02 21:00:00.000,2020,2,2,21,24007KT,17,11
2020-02-02 22:00:00.000,2020,2,2,22,28006KT,18,11
2020-02-02 23:00:00.000,2020,2,2,23,26008KT,16,11
2020-02-03 00:00:00.000,2020,2,3,0,29005KT,15,12
2020-02-03 01:00:00.000,2020,2,3,1,VRB02KT,13,11
2020-02-03 02:00:00.000,2020,2,3,2,VRB02KT,12,11
2020-02-03 03:00:00.000,2020,2,3,3,VRB02KT,11,10
2020-02-03 04:00:00.000,2020,2,3,4,08003KT,11,10
2020-02-03 05:00:00.000,2020,2,3,5,09003KT,11,09
2020-02-03 06:00:00.000,2020,2,3,6,09003KT,10,09
2020-02-03 07:00:00.000,2020,2,3,7,04006KT,09,08
2020-02-03 08:00:00.000,2020,2,3,8,05005KT,09,08
2020-02-03 09:00:00.000,2020,2,3,9,VRB02KT,08,07
2020-02-03 10:00:00.000,2020,2,3,10,05006KT,08,07
2020-02-03 11:00:00.000,2020,2,3,11,VRB02KT,09,08
2020-02-03 12:00:00.000,2020,2,3,12,34003KT,07,06
2020-02-03 13:00:00.000,2020,2,3,13,10004KT,11,09
2020-02-03 14:00:00.000,2020,2,3,14,24004KT,14,09
2020-02-03 15:00:00.000,2020,2,3,15,15005KT,17,08
2020-02-03 16:00:00.000,2020,2,3,16,10008KT,19,08
2020-02-03 17:00:00.000,2020,2,3,17,16011KT,20,08
2020-02-03 18:00:00.000,2020,2,3,18,15012KT,21,05
2020-02-03 19:00:00.000,2020,2,3,19,16010KT,22,05
2020-02-03 20:00:00.000,2020,2,3,20,13007KT,22,05
2020-02-03 21:00:00.000,2020,2,3,21,10010KT,22,03
2020-02-03 22:00:00.000,2020,2,3,22,10010KT,21,03
2020-02-03 23:00:00.000,2020,2,3,23,08006KT,18,04
2020-02-04 00:00:00.000,2020,2,4,0,12006KT,14,05
2020-02-04 01:00:00.000,2020,2,4,1,VRB03KT,13,05
2020-02-04 02:00:00.000,2020,2,4,2,VRB02KT,11,05
2020-02-04 03:00:00.000,2020,2,4,3,31004KT,13,06
2020-02-04 04:00:00.000,2020,2,4,4,34004KT,09,06
2020-02-04 05:00:00.000,2020,2,4,5,VRB02KT,09,07
2020-02-04 06:00:00.000,2020,2,4,6,02004KT,07,06
2020-02-04 07:00:00.000,2020,2,4,7,33003KT,04,03
2020-02-04 08:00:00.000,2020,2,4,8,34003KT,04,03
2020-02-04 09:00:00.000,2020,2,4,9,36003KT,04,03
2020-02-04 10:00:00.000,2020,2,4,10,02003KT,04,04
2020-02-04 11:00:00.000,2020,2,4,11,VRB02KT,02,02
2020-02-04 12:00:00.000,2020,2,4,12,34004KT,05,05
2020-02-04 13:00:00.000,2020,2,4,13,03004KT,09,08
2020-02-04 14:00:00.000,2020,2,4,14,34004KT,14,05
2020-02-04 15:00:00.000,2020,2,4,15,VRB03KT,18,04
2020-02-04 16:00:00.000,2020,2,4,16,VRB02KT,19,03
2020-02-04 17:00:00.000,2020,2,4,17,26005KT,20,05
2020-02-04 18:00:00.000,2020,2,4,18,29008KT,21,05
2020-02-04 19:00:00.000,2020,2,4,19,VRB07KT,22,06
2020-02-04 20:00:00.000,2020,2,4,20,VRB05KT,21,00
2020-02-04 21:00:00.000,2020,2,4,21,28009KT,21,11
2020-02-04 22:00:00.000,2020,2,4,22,29007KT,20,11
2020-02-04 23:00:00.000,2020,2,4,23,27007KT,18,11
2020-02-05 00:00:00.000,2020,2,5,0,23005KT,14,11
2020-02-05 01:00:00.000,2020,2,5,1,33004KT,13,11
2020-02-05 02:00:00.000,2020,2,5,2,33005KT,11,07
2020-02-05 03:00:00.000,2020,2,5,3,VRB02KT,10,06
2020-02-05 04:00:00.000,2020,2,5,4,32004KT,09,04
2020-02-05 05:00:00.000,2020,2,5,5,VRB02KT,06,04
2020-02-05 06:00:00.000,2020,2,5,6,33003KT,05,03
2020-02-05 07:00:00.000,2020,2,5,7,31004KT,04,03
2020-02-05 08:00:00.000,2020,2,5,8,33003KT,02,01
2020-02-05 09:00:00.000,2020,2,5,9,VRB02KT,03,02
2020-02-05 10:00:00.000,2020,2,5,10,VRB02KT,02,01
2020-02-05 11:00:00.000,2020,2,5,11,VRB02KT,02,02
2020-02-05 12:00:00.000,2020,2,5,12,VRB02KT,01,01
2020-02-05 13:00:00.000,2020,2,5,13,35004KT,07,06
2020-02-05 14:00:00.000,2020,2,5,14,05007KT,12,03
2020-02-05 15:00:00.000,2020,2,5,15,VRB02KT,,
2020-02-05 16:00:00.000,2020,2,5,16,31004KT,,
2020-02-05 17:00:00.000,2020,2,5,17,01006KT,20,05
2020-02-05 18:00:00.000,2020,2,5,18,VRB05KT,,
2020-02-05 19:00:00.000,2020,2,5,19,13009KT,,
2020-02-05 20:00:00.000,2020,2,5,20,27009KT,22,05
2020-02-05 21:00:00.000,2020,2,5,21,24007KT,22,06
2020-02-05 22:00:00.000,2020,2,5,22,31011KT,19,09
2020-02-05 23:00:00.000,2020,2,5,23,30009KT,18,10
2020-02-06 00:00:00.000,2020,2,6,0,31005KT,14,09
2020-02-06 01:00:00.000,2020,2,6,1,31004KT,12,09
2020-02-06 02:00:00.000,2020,2,6,2,VRB02KT,11,08
2020-02-06 03:00:00.000,2020,2,6,3,05006KT,09,06
2020-02-06 04:00:00.000,2020,2,6,4,06006KT,10,03
2020-02-06 05:00:00.000,2020,2,6,5,05005KT,08,02
2020-02-06 06:00:00.000,2020,2,6,6,VRB02KT,08,02
2020-02-06 07:00:00.000,2020,2,6,7,VRB02KT,03,01
2020-02-06 08:00:00.000,2020,2,6,8,VRB02KT,03,01
2020-02-06 09:00:00.000,2020,2,6,9,VRB02KT,03,02
2020-02-06 10:00:00.000,2020,2,6,10,VRB02KT,02,01
2020-02-06 11:00:00.000,2020,2,6,11,03004KT,02,01
2020-02-06 12:00:00.000,2020,2,6,12,34004KT,02,02
2020-02-06 13:00:00.000,2020,2,6,13,02004KT,07,03
2020-02-06 14:00:00.000,2020,2,6,14,04007KT,28,22
2020-02-06 15:00:00.000,2020,2,6,15,04004KT,,
2020-02-06 16:00:00.000,2020,2,6,16,05006KT,,
2020-02-06 17:00:00.000,2020,2,6,17,12008KT,,
2020-02-06 18:00:00.000,2020,2,6,18,21006KT,,
2020-02-06 19:00:00.000,2020,2,6,19,07008KT,,
2020-02-06 20:00:00.000,2020,2,6,20,12006KT,,
2020-02-06 21:00:00.000,2020,2,6,21,13007KT,,
2020-02-06 22:00:00.000,2020,2,6,22,07004KT,21,01
2020-02-06 23:00:00.000,2020,2,6,23,29009KT,17,09
2020-02-07 00:00:00.000,2020,2,7,0,28006KT,15,09
2020-02-07 01:00:00.000,2020,2,7,1,29003KT,13,09
2020-02-07 02:00:00.000,2020,2,7,2,01003KT,11,08
2020-02-07 03:00:00.000,2020,2,7,3,02004KT,10,02
2020-02-07 04:00:00.000,2020,2,7,4,06004KT,10,02
2020-02-07 05:00:00.000,2020,2,7,5,34004KT,06,02
2020-02-07 06:00:00.000,2020,2,7,6,34004KT,06,01
2020-02-07 07:00:00.000,2020,2,7,7,08004KT,07,02
2020-02-07 08:00:00.000,2020,2,7,8,02004KT,04,02
2020-02-07 09:00:00.000,2020,2,7,9,02003KT,03,01
2020-02-07 10:00:00.000,2020,2,7,10,01003KT,03,01
2020-02-07 11:00:00.000,2020,2,7,11,VRB02KT,03,01
2020-02-07 12:00:00.000,2020,2,7,12,01003KT,02,01
2020-02-07 13:00:00.000,2020,2,7,13,03003KT,08,03
2020-02-07 14:00:00.000,2020,2,7,14,05003KT,13,02
2020-02-07 15:00:00.000,2020,2,7,15,VRB02KT,17,02
2020-02-07 16:00:00.000,2020,2,7,16,24006KT,19,04
2020-02-07 17:00:00.000,2020,2,7,17,07004KT,21,04
2020-02-07 18:00:00.000,2020,2,7,18,19006KT,22,03
2020-02-07 19:00:00.000,2020,2,7,19,25008KT,22,09
2020-02-07 20:00:00.000,2020,2,7,20,25012KT,21,09
2020-02-07 21:00:00.000,2020,2,7,21,28012KT,20,10
2020-02-07 22:00:00.000,2020,2,7,22,27011KT,18,10
2020-02-07 23:00:00.000,2020,2,7,23,27010KT,16,11
2020-02-08 00:00:00.000,2020,2,8,0,26003KT,16,11
2020-02-08 01:00:00.000,2020,2,8,1,21004KT,15,11
2020-02-08 02:00:00.000,2020,2,8,2,VRB02KT,15,11
2020-02-08 03:00:00.000,2020,2,8,3,27003KT,14,12
2020-02-08 04:00:00.000,2020,2,8,4,28005KT,14,11
2020-02-08 05:00:00.000,2020,2,8,5,VRB02KT,12,10
2020-02-08 06:00:00.000,2020,2,8,6,25004KT,13,11
2020-02-08 07:00:00.000,2020,2,8,7,27004G15KT,13,11
2020-02-08 08:00:00.000,2020,2,8,8,33003KT,12,11
2020-02-08 09:00:00.000,2020,2,8,9,VRB02KT,13,11
2020-02-08 10:00:00.000,2020,2,8,10,33004KT,11,10
2020-02-08 12:00:00.000,2020,2,8,12,35003KT,11,09
2020-02-08 13:00:00.000,2020,2,8,13,VRB02KT,15,11
2020-02-08 14:00:00.000,2020,2,8,14,VRB03KT,17,09
2020-02-08 15:00:00.000,2020,2,8,15,32003KT,18,09
2020-02-08 16:00:00.000,2020,2,8,16,29008KT,20,09
2020-02-08 17:00:00.000,2020,2,8,17,29010KT,20,09
2020-02-08 18:00:00.000,2020,2,8,18,30010KT,21,10
2020-02-08 19:00:00.000,2020,2,8,19,29011KT,21,10
2020-02-08 20:00:00.000,2020,2,8,20,27013KT,21,10
2020-02-08 21:00:00.000,2020,2,8,21,31013KT,19,10
2020-02-08 22:00:00.000,2020,2,8,22,07004KT,15,09
2020-02-08 23:00:00.000,2020,2,8,23,VRB04KT,13,12
2020-02-09 00:00:00.000,2020,2,9,0,VRB02KT,13,12
2020-02-09 01:00:00.000,2020,2,9,1,VRB02KT,13,11
2020-02-09 02:00:00.000,2020,2,9,2,VRB02KT,12,11
2020-02-09 03:00:00.000,2020,2,9,3,VRB02KT,11,10
2020-02-09 04:00:00.000,2020,2,9,4,33003KT,10,09
2020-02-09 05:00:00.000,2020,2,9,5,VRB02KT,10,09
2020-02-09 06:00:00.000,2020,2,9,6,VRB02KT,10,09
2020-02-09 07:00:00.000,2020,2,9,7,VRB02KT,08,08
2020-02-09 08:00:00.000,2020,2,9,8,VRB02KT,09,09
2020-02-09 09:00:00.000,2020,2,9,9,VRB02KT,10,09
2020-02-09 10:00:00.000,2020,2,9,10,32003KT,08,08
2020-02-09 11:00:00.000,2020,2,9,11,VRB02KT,07,07
2020-02-09 12:00:00.000,2020,2,9,12,VRB02KT,09,08
2020-02-09 13:00:00.000,2020,2,9,13,33004KT,09,09
2020-02-09 15:00:00.000,2020,2,9,15,35005KT,15,11
2020-02-09 16:00:00.000,2020,2,9,16,12005KT,19,08
2020-02-09 17:00:00.000,2020,2,9,17,VRB03KT,21,06
2020-02-09 18:00:00.000,2020,2,9,18,07005KT,22,05
2020-02-09 19:00:00.000,2020,2,9,19,29013KT,21,10
2020-02-09 20:00:00.000,2020,2,9,20,28015KT,21,11
2020-02-09 21:00:00.000,2020,2,9,21,28014KT,19,10
2020-02-09 22:00:00.000,2020,2,9,22,26010KT,18,11
2020-02-09 23:00:00.000,2020,2,9,23,06006KT,16,10
2020-02-10 00:00:00.000,2020,2,10,0,06004KT,13,11
2020-02-10 01:00:00.000,2020,2,10,1,VRB02KT,12,11
2020-02-10 02:00:00.000,2020,2,10,2,02006KT,12,11
2020-02-10 03:00:00.000,2020,2,10,3,04003KT,12,10
2020-02-10 04:00:00.000,2020,2,10,4,01004KT,11,10
2020-02-10 05:00:00.000,2020,2,10,5,02005KT,10,09
2020-02-10 06:00:00.000,2020,2,10,6,03004KT,09,08
2020-02-10 07:00:00.000,2020,2,10,7,05006KT,09,08
2020-02-10 08:00:00.000,2020,2,10,8,04006KT,09,07
2020-02-10 09:00:00.000,2020,2,10,9,03005KT,08,07
2020-02-10 10:00:00.000,2020,2,10,10,05005KT,08,07
2020-02-10 11:00:00.000,2020,2,10,11,06005KT,08,07
2020-02-10 12:00:00.000,2020,2,10,12,05005KT,10,07
2020-02-10 13:00:00.000,2020,2,10,13,05005KT,13,07
2020-02-10 14:00:00.000,2020,2,10,14,04009KT,15,06
2020-02-10 15:00:00.000,2020,2,10,15,11010KT,18,01
2020-02-10 16:00:00.000,2020,2,10,16,14014KT,20,01
2020-02-10 17:00:00.000,2020,2,10,17,14014KT,20,01
2020-02-10 18:00:00.000,2020,2,10,18,12008G18KT,21,02
2020-02-10 19:00:00.000,2020,2,10,19,12008G18KT,21,04
2020-02-10 20:00:00.000,2020,2,10,20,14014KT,21,04
2020-02-10 21:00:00.000,2020,2,10,21,14012KT,20,05
2020-02-10 22:00:00.000,2020,2,10,22,13010KT,19,05
2020-02-10 23:00:00.000,2020,2,10,23,16014KT,17,05
2020-02-11 00:00:00.000,2020,2,11,0,15010KT,15,06
2020-02-11 01:00:00.000,2020,2,11,1,14007KT,14,06
2020-02-11 02:00:00.000,2020,2,11,2,35003KT,12,07
2020-02-11 03:00:00.000,2020,2,11,3,04006KT,10,05
2020-02-11 04:00:00.000,2020,2,11,4,04005KT,10,05
2020-02-11 05:00:00.000,2020,2,11,5,VRB02KT,09,05
2020-02-11 06:00:00.000,2020,2,11,6,06003KT,09,05
2020-02-11 07:00:00.000,2020,2,11,7,04006KT,09,05
2020-02-11 08:00:00.000,2020,2,11,8,03006KT,07,04
2020-02-11 09:00:00.000,2020,2,11,9,05006KT,07,04
2020-02-11 10:00:00.000,2020,2,11,10,05004KT,07,04
2020-02-11 11:00:00.000,2020,2,11,11,06006KT,07,04
2020-02-11 12:00:00.000,2020,2,11,12,05005KT,07,05
2020-02-11 13:00:00.000,2020,2,11,13,35005KT,11,07
2020-02-11 14:00:00.000,2020,2,11,14,03008KT,14,06
2020-02-11 15:00:00.000,2020,2,11,15,11006KT,17,05
2020-02-11 16:00:00.000,2020,2,11,16,08008KT,20,03
2020-02-11 17:00:00.000,2020,2,11,17,18010KT,21,01
2020-02-11 18:00:00.000,2020,2,11,18,18008KT,21,01
2020-02-11 19:00:00.000,2020,2,11,19,15009KT,22,04
2020-02-11 20:00:00.000,2020,2,11,20,14008KT,23,03
2020-02-11 21:00:00.000,2020,2,11,21,11007KT,22,04
2020-02-11 22:00:00.000,2020,2,11,22,26008KT,20,06
2020-02-11 23:00:00.000,2020,2,11,23,25009KT,18,08
2020-02-12 00:00:00.000,2020,2,12,0,27010KT,15,09
2020-02-12 01:00:00.000,2020,2,12,1,25004KT,15,09
2020-02-12 02:00:00.000,2020,2,12,2,VRB04KT,14,09
2020-02-12 03:00:00.000,2020,2,12,3,18006KT,14,07
2020-02-12 04:00:00.000,2020,2,12,4,08004KT,12,06
2020-02-12 05:00:00.000,2020,2,12,5,VRB02KT,11,06
2020-02-12 06:00:00.000,2020,2,12,6,04004KT,09,06
2020-02-12 07:00:00.000,2020,2,12,7,03004KT,09,07
2020-02-12 08:00:00.000,2020,2,12,8,VRB02KT,06,06
2020-02-12 09:00:00.000,2020,2,12,9,VRB02KT,05,05
2020-02-12 10:00:00.000,2020,2,12,10,02004KT,04,04
2020-02-12 11:00:00.000,2020,2,12,11,VRB02KT,05,05
2020-02-12 12:00:00.000,2020,2,12,12,34003KT,04,04
2020-02-12 13:00:00.000,2020,2,12,13,04005KT,10,08
2020-02-12 14:00:00.000,2020,2,12,14,34003KT,15,07
2020-02-12 15:00:00.000,2020,2,12,15,03005KT,17,06
2020-02-12 16:00:00.000,2020,2,12,16,VRB02KT,20,03
2020-02-12 17:00:00.000,2020,2,12,17,17009KT,22,03
2020-02-12 18:00:00.000,2020,2,12,18,14008KT,21,03
2020-02-12 19:00:00.000,2020,2,12,19,10006KT,23,04
2020-02-12 20:00:00.000,2020,2,12,20,15005KT,22,04
2020-02-12 21:00:00.000,2020,2,12,21,31009KT,21,09
2020-02-12 22:00:00.000,2020,2,12,22,28006KT,19,08
2020-02-12 23:00:00.000,2020,2,12,23,31008KT,17,09
2020-02-13 00:00:00.000,2020,2,13,0,25008KT,16,07
2020-02-13 01:00:00.000,2020,2,13,1,28005KT,16,08
2020-02-13 02:00:00.000,2020,2,13,2,VRB02KT,15,07
2020-02-13 03:00:00.000,2020,2,13,3,18004KT,13,08
2020-02-13 04:00:00.000,2020,2,13,4,36004KT,11,06
2020-02-13 05:00:00.000,2020,2,13,5,01004KT,10,07
2020-02-13 06:00:00.000,2020,2,13,6,36004KT,10,08
2020-02-13 07:00:00.000,2020,2,13,7,04004KT,09,07
2020-02-13 08:00:00.000,2020,2,13,8,VRB02KT,09,07
2020-02-13 09:00:00.000,2020,2,13,9,VRB02KT,08,07
2020-02-13 10:00:00.000,2020,2,13,10,03004KT,06,05
2020-02-13 11:00:00.000,2020,2,13,11,VRB02KT,08,07
2020-02-13 12:00:00.000,2020,2,13,12,04003KT,07,07
2020-02-13 13:00:00.000,2020,2,13,13,36003KT,13,08
2020-02-13 14:00:00.000,2020,2,13,14,04003KT,15,07
2020-02-13 15:00:00.000,2020,2,13,15,02003KT,18,07
2020-02-13 16:00:00.000,2020,2,13,16,10007KT,21,03
2020-02-13 17:00:00.000,2020,2,13,17,04006KT,21,03
2020-02-13 18:00:00.000,2020,2,13,18,10004KT,22,05
2020-02-13 19:00:00.000,2020,2,13,19,13006KT,23,02
2020-02-13 20:00:00.000,2020,2,13,20,24010KT,21,10
2020-02-13 21:00:00.000,2020,2,13,21,26011KT,20,11
2020-02-13 22:00:00.000,2020,2,13,22,25010KT,19,12
2020-02-13 23:00:00.000,2020,2,13,23,33006KT,14,10
2020-02-14 00:00:00.000,2020,2,14,0,24003KT,14,12
2020-02-14 01:00:00.000,2020,2,14,1,VRB02KT,13,11
2020-02-14 02:00:00.000,2020,2,14,2,VRB02KT,13,11
2020-02-14 03:00:00.000,2020,2,14,3,03003KT,12,11
2020-02-14 04:00:00.000,2020,2,14,4,VRB02KT,13,11
2020-02-14 05:00:00.000,2020,2,14,5,VRB02KT,13,11
2020-02-14 06:00:00.000,2020,2,14,6,05004KT,12,09
2020-02-14 07:00:00.000,2020,2,14,7,05003KT,11,09
2020-02-14 08:00:00.000,2020,2,14,8,06005KT,12,10
2020-02-14 09:00:00.000,2020,2,14,9,04008KT,11,09
2020-02-14 10:00:00.000,2020,2,14,10,04005KT,11,09
2020-02-14 11:00:00.000,2020,2,14,11,04005KT,10,08
2020-02-14 12:00:00.000,2020,2,14,12,05006KT,12,09
2020-02-14 13:00:00.000,2020,2,14,13,04004KT,14,10
2020-02-14 14:00:00.000,2020,2,14,14,05004KT,15,10
2020-02-14 15:00:00.000,2020,2,14,15,13008KT,18,08
2020-02-14 16:00:00.000,2020,2,14,16,09010KT,18,09
2020-02-14 17:00:00.000,2020,2,14,17,14012KT,19,09
2020-02-14 18:00:00.000,2020,2,14,18,18015KT,19,07
2020-02-14 19:00:00.000,2020,2,14,19,15006KT,19,07
2020-02-14 20:00:00.000,2020,2,14,20,17010KT,20,07
2020-02-14 21:00:00.000,2020,2,14,21,16014KT,19,07
2020-02-14 22:00:00.000,2020,2,14,22,12010KT,18,08
2020-02-14 23:00:00.000,2020,2,14,23,12005KT,17,08
2020-02-15 00:00:00.000,2020,2,15,0,VRB02KT,16,08
2020-02-15 01:00:00.000,2020,2,15,1,VRB02KT,15,09
2020-02-15 02:00:00.000,2020,2,15,2,06005KT,13,09
2020-02-15 03:00:00.000,2020,2,15,3,VRB02KT,12,09
2020-02-15 04:00:00.000,2020,2,15,4,05004KT,10,08
2020-02-15 05:00:00.000,2020,2,15,5,03003KT,11,09
2020-02-15 06:00:00.000,2020,2,15,6,06006KT,11,08
2020-02-15 07:00:00.000,2020,2,15,7,VRB02KT,11,09
2020-02-15 08:00:00.000,2020,2,15,8,VRB02KT,09,08
2020-02-15 09:00:00.000,2020,2,15,9,VRB02KT,10,09
2020-02-15 10:00:00.000,2020,2,15,10,04005KT,10,09
2020-02-15 11:00:00.000,2020,2,15,11,03005KT,12,09
2020-02-15 12:00:00.000,2020,2,15,12,09007KT,13,10
2020-02-15 13:00:00.000,2020,2,15,13,12007KT,16,08
2020-02-15 14:00:00.000,2020,2,15,14,15012KT,17,08
2020-02-15 15:00:00.000,2020,2,15,15,VRB07KT,17,07
2020-02-15 16:00:00.000,2020,2,15,16,12008KT,18,08
2020-02-15 17:00:00.000,2020,2,15,17,07012KT,19,08
2020-02-15 18:00:00.000,2020,2,15,18,11010KT,20,09
2020-02-15 19:00:00.000,2020,2,15,19,08006KT,20,08
2020-02-15 20:00:00.000,2020,2,15,20,10007KT,20,08
2020-02-15 21:00:00.000,2020,2,15,21,11007KT,20,08
2020-02-15 22:00:00.000,2020,2,15,22,19007KT,19,07
2020-02-15 23:00:00.000,2020,2,15,23,16011KT,17,08
2020-02-16 00:00:00.000,2020,2,16,0,10006KT,16,09
2020-02-16 01:00:00.000,2020,2,16,1,13010KT,16,09
2020-02-16 02:00:00.000,2020,2,16,2,11008KT,15,09
2020-02-16 03:00:00.000,2020,2,16,3,10004KT,15,09
2020-02-16 04:00:00.000,2020,2,16,4,05004KT,12,09
2020-02-16 05:00:00.000,2020,2,16,5,01004KT,11,09
2020-02-16 06:00:00.000,2020,2,16,6,36004KT,10,08
2020-02-16 07:00:00.000,2020,2,16,7,01003KT,11,09
2020-02-16 08:00:00.000,2020,2,16,8,03004KT,08,07
2020-02-16 09:00:00.000,2020,2,16,9,06005KT,10,08
2020-02-16 10:00:00.000,2020,2,16,10,05005KT,09,08
2020-02-16 11:00:00.000,2020,2,16,11,05005KT,09,08
2020-02-16 12:00:00.000,2020,2,16,12,05005KT,09,08
2020-02-16 13:00:00.000,2020,2,16,13,04003KT,12,09
2020-02-16 14:00:00.000,2020,2,16,14,VRB04KT,15,09
2020-02-16 15:00:00.000,2020,2,16,15,14005KT,17,08
2020-02-16 16:00:00.000,2020,2,16,16,12008KT,18,08
2020-02-16 17:00:00.000,2020,2,16,17,12009KT,20,08
2020-02-16 18:00:00.000,2020,2,16,18,13010KT,21,07
2020-02-16 19:00:00.000,2020,2,16,19,11008KT,21,08
2020-02-16 20:00:00.000,2020,2,16,20,13008KT,21,07
2020-02-16 21:00:00.000,2020,2,16,21,10009KT,20,07
2020-02-16 22:00:00.000,2020,2,16,22,10007KT,19,07
2020-02-16 23:00:00.000,2020,2,16,23,13008KT,19,08
2020-02-17 00:00:00.000,2020,2,17,0,15011KT,16,08
2020-02-17 01:00:00.000,2020,2,17,1,08003KT,15,09
2020-02-17 02:00:00.000,2020,2,17,2,09003KT,14,10
2020-02-17 03:00:00.000,2020,2,17,3,19007KT,15,11
2020-02-17 04:00:00.000,2020,2,17,4,03003KT,13,09
2020-02-17 05:00:00.000,2020,2,17,5,01003KT,11,09
2020-02-17 06:00:00.000,2020,2,17,6,10005KT,14,08
2020-02-17 07:00:00.000,2020,2,17,7,05004KT,11,08
2020-02-17 08:00:00.000,2020,2,17,8,VRB02KT,12,09
2020-02-17 09:00:00.000,2020,2,17,9,VRB02KT,09,07
2020-02-17 10:00:00.000,2020,2,17,10,07005KT,11,07
2020-02-17 11:00:00.000,2020,2,17,11,06005KT,10,07
2020-02-17 12:00:00.000,2020,2,17,12,08006KT,11,07
2020-02-17 13:00:00.000,2020,2,17,13,10006KT,14,06
2020-02-17 14:00:00.000,2020,2,17,14,12010KT,15,07
2020-02-17 15:00:00.000,2020,2,17,15,10010KT,18,07
2020-02-17 16:00:00.000,2020,2,17,16,10012KT,19,07
2020-02-17 17:00:00.000,2020,2,17,17,13013KT,20,06
2020-02-17 18:00:00.000,2020,2,17,18,14011KT,21,07
2020-02-17 19:00:00.000,2020,2,17,19,13010KT,20,07
2020-02-17 20:00:00.000,2020,2,17,20,13012KT,20,06
2020-02-17 21:00:00.000,2020,2,17,21,10010KT,19,06
2020-02-17 22:00:00.000,2020,2,17,22,10010KT,20,04
2020-02-17 23:00:00.000,2020,2,17,23,VRB08KT,17,03
2020-02-18 00:00:00.000,2020,2,18,0,13009KT,16,05
2020-02-18 01:00:00.000,2020,2,18,1,09006KT,15,06
2020-02-18 02:00:00.000,2020,2,18,2,08005KT,14,04
2020-02-18 03:00:00.000,2020,2,18,3,06003KT,11,01
2020-02-18 04:00:00.000,2020,2,18,4,06003KT,09,01
2020-02-18 05:00:00.000,2020,2,18,5,05003KT,09,01
2020-02-18 06:00:00.000,2020,2,18,6,VRB02KT,10,01
2020-02-18 07:00:00.000,2020,2,18,7,03004KT,07,02
2020-02-18 08:00:00.000,2020,2,18,8,00000KT,06,02
2020-02-18 09:00:00.000,2020,2,18,9,07005KT,08,04
2020-02-18 10:00:00.000,2020,2,18,10,07007KT,08,03
2020-02-18 11:00:00.000,2020,2,18,11,07006KT,08,04
2020-02-18 12:00:00.000,2020,2,18,12,07005KT,12,06
2020-02-18 13:00:00.000,2020,2,18,13,07008KT,13,05
2020-02-18 14:00:00.000,2020,2,18,14,VRB06KT,17,03
2020-02-18 15:00:00.000,2020,2,18,15,13012KT,19,03
2020-02-18 16:00:00.000,2020,2,18,16,14014KT,20,04
2020-02-18 17:00:00.000,2020,2,18,17,12012KT,19,04
2020-02-18 18:00:00.000,2020,2,18,18,11008KT,21,04
2020-02-18 19:00:00.000,2020,2,18,19,14016KT,22,04
2020-02-18 20:00:00.000,2020,2,18,20,14012KT,22,04
2020-02-18 21:00:00.000,2020,2,18,21,12010KT,20,04
2020-02-18 22:00:00.000,2020,2,18,22,13012KT,19,06
2020-02-18 23:00:00.000,2020,2,18,23,12010KT,18,06
2020-02-19 00:00:00.000,2020,2,19,0,10010KT,16,07
2020-02-19 01:00:00.000,2020,2,19,1,10008KT,15,07
2020-02-19 02:00:00.000,2020,2,19,2,09006KT,14,07
2020-02-19 03:00:00.000,2020,2,19,3,11005KT,14,07
2020-02-19 04:00:00.000,2020,2,19,4,07005KT,15,08
2020-02-19 05:00:00.000,2020,2,19,5,05006KT,14,08
2020-02-19 06:00:00.000,2020,2,19,6,05006KT,14,09
2020-02-19 07:00:00.000,2020,2,19,7,03007KT,13,09
2020-02-19 08:00:00.000,2020,2,19,8,04008KT,13,09
2020-02-19 09:00:00.000,2020,2,19,9,VRB04KT,13,10
2020-02-19 10:00:00.000,2020,2,19,10,VRB04KT,13,10
2020-02-19 11:00:00.000,2020,2,19,11,VRB02KT,13,10
2020-02-19 12:00:00.000,2020,2,19,12,02004KT,14,10
2020-02-19 13:00:00.000,2020,2,19,13,VRB02KT,15,10
2020-02-19 14:00:00.000,2020,2,19,14,20004KT,17,10
2020-02-19 15:00:00.000,2020,2,19,15,10004KT,17,09
2020-02-19 16:00:00.000,2020,2,19,16,05004KT,18,09
2020-02-19 17:00:00.000,2020,2,19,17,05005KT,17,09
2020-02-19 18:00:00.000,2020,2,19,18,23006KT,17,10
2020-02-19 19:00:00.000,2020,2,19,19,19005KT,18,10
2020-02-19 20:00:00.000,2020,2,19,20,05010KT,18,10
2020-02-19 21:00:00.000,2020,2,19,21,08008KT,20,09
2020-02-19 22:00:00.000,2020,2,19,22,08004KT,18,09
2020-02-19 23:00:00.000,2020,2,19,23,VRB02KT,18,09
2020-02-20 00:00:00.000,2020,2,20,0,VRB02KT,17,09
2020-02-20 01:00:00.000,2020,2,20,1,04006KT,13,09
2020-02-20 02:00:00.000,2020,2,20,2,05005KT,12,09
2020-02-20 03:00:00.000,2020,2,20,3,06007KT,12,09
2020-02-20 04:00:00.000,2020,2,20,4,VRB02KT,11,09
2020-02-20 05:00:00.000,2020,2,20,5,00000KT,10,08
2020-02-20 06:00:00.000,2020,2,20,6,00000KT,10,08
2020-02-20 07:00:00.000,2020,2,20,7,04004KT,10,08
2020-02-20 08:00:00.000,2020,2,20,8,31005KT,09,08
2020-02-20 09:00:00.000,2020,2,20,9,04005KT,10,08
2020-02-20 10:00:00.000,2020,2,20,10,06006KT,11,08
2020-02-20 11:00:00.000,2020,2,20,11,04008KT,12,08
2020-02-20 12:00:00.000,2020,2,20,12,15012KT,13,08
2020-02-20 13:00:00.000,2020,2,20,13,06005KT,13,08
2020-02-20 14:00:00.000,2020,2,20,14,07009KT,17,08
2020-02-20 15:00:00.000,2020,2,20,15,10006KT,18,08
2020-02-20 16:00:00.000,2020,2,20,16,22004KT,,
2020-02-20 17:00:00.000,2020,2,20,17,10006KT,21,06
2020-02-20 18:00:00.000,2020,2,20,18,29004KT,22,06
2020-02-20 19:00:00.000,2020,2,20,19,28013KT,20,10
2020-02-20 20:00:00.000,2020,2,20,20,25009KT,19,10
2020-02-20 21:00:00.000,2020,2,20,21,21008KT,17,11
2020-02-20 22:00:00.000,2020,2,20,22,22007KT,15,10
2020-02-20 23:00:00.000,2020,2,20,23,36003KT,15,11
2020-02-21 00:00:00.000,2020,2,21,0,01005KT,14,12
2020-02-21 01:00:00.000,2020,2,21,1,32005KT,13,12
2020-02-21 02:00:00.000,2020,2,21,2,VRB02KT,13,11
2020-02-21 03:00:00.000,2020,2,21,3,VRB03KT,13,11
2020-02-21 04:00:00.000,2020,2,21,4,VRB02KT,11,10
2020-02-21 05:00:00.000,2020,2,21,5,VRB03KT,10,09
2020-02-21 06:00:00.000,2020,2,21,6,VRB02KT,10,09
2020-02-21 07:00:00.000,2020,2,21,7,29004KT,08,07
2020-02-21 08:00:00.000,2020,2,21,8,VRB02KT,08,08
2020-02-21 09:00:00.000,2020,2,21,9,VRB02KT,09,09
2020-02-21 10:00:00.000,2020,2,21,10,30003KT,08,08
2020-02-21 11:00:00.000,2020,2,21,11,VRB02KT,09,09
2020-02-21 12:00:00.000,2020,2,21,12,VRB02KT,11,10
2020-02-21 13:00:00.000,2020,2,21,13,05004KT,12,12
2020-02-21 14:00:00.000,2020,2,21,14,VRB02KT,17,12
2020-02-21 15:00:00.000,2020,2,21,15,VRB03KT,19,11
2020-02-21 16:00:00.000,2020,2,21,16,VRB06KT,20,11
2020-02-21 17:00:00.000,2020,2,21,17,28010KT,20,10
2020-02-21 18:00:00.000,2020,2,21,18,26012KT,20,11
2020-02-21 19:00:00.000,2020,2,21,19,26012KT,21,12
2020-02-21 20:00:00.000,2020,2,21,20,25014KT,21,10
2020-02-21 21:00:00.000,2020,2,21,21,24012KT,19,11
2020-02-21 22:00:00.000,2020,2,21,22,35006KT,18,12
2020-02-21 23:00:00.000,2020,2,21,23,05007KT,15,10
2020-02-22 00:00:00.000,2020,2,22,0,30004KT,15,10
2020-02-22 01:00:00.000,2020,2,22,1,VRB02KT,13,09
2020-02-22 02:00:00.000,2020,2,22,2,VRB02KT,12,10
2020-02-22 03:00:00.000,2020,2,22,3,VRB02KT,11,09
2020-02-22 04:00:00.000,2020,2,22,4,35003KT,10,08
2020-02-22 05:00:00.000,2020,2,22,5,04003KT,10,09
2020-02-22 06:00:00.000,2020,2,22,6,05003KT,10,09
2020-02-22 07:00:00.000,2020,2,22,7,04004KT,10,09
2020-02-22 08:00:00.000,2020,2,22,8,04004KT,11,10
2020-02-22 09:00:00.000,2020,2,22,9,VRB02KT,11,10
2020-02-22 10:00:00.000,2020,2,22,10,06005KT,11,09
2020-02-22 11:00:00.000,2020,2,22,11,VRB02KT,11,10
2020-02-22 12:00:00.000,2020,2,22,12,34004KT,10,09
2020-02-22 13:00:00.000,2020,2,22,13,33003KT,13,10
2020-02-22 14:00:00.000,2020,2,22,14,05005KT,17,11
2020-02-22 15:00:00.000,2020,2,22,15,04006KT,18,10
2020-02-22 16:00:00.000,2020,2,22,16,07007KT,20,10
2020-02-22 17:00:00.000,2020,2,22,17,31005KT,22,09
2020-02-22 18:00:00.000,2020,2,22,18,22014KT,19,12
2020-02-22 19:00:00.000,2020,2,22,19,26010KT,17,12
2020-02-22 20:00:00.000,2020,2,22,20,26006KT,18,12
2020-02-22 21:00:00.000,2020,2,22,21,26008KT,17,12
2020-02-22 22:00:00.000,2020,2,22,22,28006KT,17,11
2020-02-22 23:00:00.000,2020,2,22,23,27005KT,16,11
2020-02-23 00:00:00.000,2020,2,23,0,VRB04KT,14,11
2020-02-23 01:00:00.000,2020,2,23,1,03006KT,14,11
2020-02-23 02:00:00.000,2020,2,23,2,VRB02KT,13,12
2020-02-23 03:00:00.000,2020,2,23,3,VRB02KT,13,12
2020-02-23 04:00:00.000,2020,2,23,4,30003KT,13,12
2020-02-23 05:00:00.000,2020,2,23,5,VRB02KT,13,12
2020-02-23 06:00:00.000,2020,2,23,6,VRB02KT,13,12
2020-02-23 07:00:00.000,2020,2,23,7,VRB02KT,13,10
2020-02-23 08:00:00.000,2020,2,23,8,VRB02KT,13,12
2020-02-23 09:00:00.000,2020,2,23,9,VRB02KT,10,09
2020-02-23 10:00:00.000,2020,2,23,10,VRB02KT,10,09
2020-02-23 11:00:00.000,2020,2,23,11,30005KT,12,11
2020-02-23 12:00:00.000,2020,2,23,12,32004KT,12,11
2020-02-23 13:00:00.000,2020,2,23,13,35003KT,13,12
2020-02-23 14:00:00.000,2020,2,23,14,33003KT,15,13
2020-02-23 15:00:00.000,2020,2,23,15,34003KT,16,12
2020-02-23 16:00:00.000,2020,2,23,16,10003KT,16,12
2020-02-23 17:00:00.000,2020,2,23,17,21006KT,14,12
2020-02-23 18:00:00.000,2020,2,23,18,34004KT,17,13
2020-02-23 19:00:00.000,2020,2,23,19,30008KT,16,13
2020-02-23 20:00:00.000,2020,2,23,20,30007KT,17,13
2020-02-23 21:00:00.000,2020,2,23,21,26006KT,17,13
2020-02-23 22:00:00.000,2020,2,23,22,21008KT,16,13
2020-02-23 23:00:00.000,2020,2,23,23,22004KT,16,11
2020-02-24 00:00:00.000,2020,2,24,0,27004KT,15,12
2020-02-24 01:00:00.000,2020,2,24,1,35003KT,14,12
2020-02-24 02:00:00.000,2020,2,24,2,35003KT,14,13
2020-02-24 03:00:00.000,2020,2,24,3,02005KT,13,13
2020-02-24 04:00:00.000,2020,2,24,4,02004KT,13,13
2020-02-24 05:00:00.000,2020,2,24,5,03004KT,13,13
2020-02-24 06:00:00.000,2020,2,24,6,VRB02KT,13,13
2020-02-24 07:00:00.000,2020,2,24,7,00000KT,13,13
2020-02-24 08:00:00.000,2020,2,24,8,00000KT,13,13
2020-02-24 09:00:00.000,2020,2,24,9,VRB02KT,13,13
2020-02-24 10:00:00.000,2020,2,24,10,35003KT,13,12
2020-02-24 11:00:00.000,2020,2,24,11,00000KT,13,12
2020-02-24 12:00:00.000,2020,2,24,12,VRB02KT,13,12
2020-02-24 13:00:00.000,2020,2,24,13,VRB02KT,14,13
2020-02-24 14:00:00.000,2020,2,24,14,20003KT,15,13
2020-02-24 15:00:00.000,2020,2,24,15,30004KT,17,13
2020-02-24 16:00:00.000,2020,2,24,16,VRB03KT,18,10
2020-02-24 17:00:00.000,2020,2,24,17,VRB03KT,20,10
2020-02-24 18:00:00.000,2020,2,24,18,24007KT,18,12
2020-02-24 19:00:00.000,2020,2,24,19,VRB04KT,19,11
2020-02-24 20:00:00.000,2020,2,24,20,27010KT,18,13
2020-02-24 21:00:00.000,2020,2,24,21,34010KT,16,10
2020-02-24 22:00:00.000,2020,2,24,22,04006KT,17,11
2020-02-24 23:00:00.000,2020,2,24,23,VRB02KT,16,12
2020-02-25 00:00:00.000,2020,2,25,0,VRB02KT,15,12
2020-02-25 01:00:00.000,2020,2,25,1,VRB02KT,14,11
2020-02-25 02:00:00.000,2020,2,25,2,VRB02KT,14,12
2020-02-25 03:00:00.000,2020,2,25,3,VRB02KT,13,12
2020-02-25 04:00:00.000,2020,2,25,4,33003KT,13,12
2020-02-25 05:00:00.000,2020,2,25,5,32003KT,13,12
2020-02-25 06:00:00.000,2020,2,25,6,VRB02KT,14,13
2020-02-25 07:00:00.000,2020,2,25,7,VRB02KT,14,13
2020-02-25 08:00:00.000,2020,2,25,8,VRB02KT,14,13
2020-02-25 09:00:00.000,2020,2,25,9,VRB02KT,13,13
2020-02-25 10:00:00.000,2020,2,25,10,VRB02KT,11,10
2020-02-25 11:00:00.000,2020,2,25,11,VRB02KT,13,12
2020-02-25 12:00:00.000,2020,2,25,12,03003KT,13,12
2020-02-25 13:00:00.000,2020,2,25,13,05005KT,14,13
2020-02-25 14:00:00.000,2020,2,25,14,04003KT,17,12
2020-02-25 15:00:00.000,2020,2,25,15,05005KT,18,11
2020-02-25 16:00:00.000,2020,2,25,16,08004KT,20,11
2020-02-25 17:00:00.000,2020,2,25,17,25005KT,21,09
2020-02-25 18:00:00.000,2020,2,25,18,25005TK,22,11
2020-02-25 19:00:00.000,2020,2,25,19,30017KT,21,13
2020-02-25 20:00:00.000,2020,2,25,20,24013KT,19,12
2020-02-25 21:00:00.000,2020,2,25,21,27011KT,19,12
2020-02-25 22:00:00.000,2020,2,25,22,28009KT,17,13
2020-02-25 23:00:00.000,2020,2,25,23,33003KT,16,12
2020-02-26 00:00:00.000,2020,2,26,0,VRB02KT,15,12
2020-02-26 01:00:00.000,2020,2,26,1,01003KT,15,12
2020-02-26 02:00:00.000,2020,2,26,2,VRB02KT,14,12
2020-02-26 03:00:00.000,2020,2,26,3,33006KT,14,12
2020-02-26 04:00:00.000,2020,2,26,4,32005KT,14,12
2020-02-26 05:00:00.000,2020,2,26,5,31005KT,14,12
2020-02-26 06:00:00.000,2020,2,26,6,35003KT,14,12
2020-02-26 07:00:00.000,2020,2,26,7,32003KT,13,12
2020-02-26 08:00:00.000,2020,2,26,8,VRB02KT,13,12
2020-02-26 09:00:00.000,2020,2,26,9,31003KT,13,11
2020-02-26 10:00:00.000,2020,2,26,10,36003KT,13,11
2020-02-26 11:00:00.000,2020,2,26,11,30004KT,13,11
2020-02-26 12:00:00.000,2020,2,26,12,29006KT,13,11
2020-02-26 13:00:00.000,2020,2,26,13,VRB02KT,14,11
2020-02-26 14:00:00.000,2020,2,26,14,17004KT,15,12
2020-02-26 15:00:00.000,2020,2,26,15,VRB04KT,16,12
2020-02-26 16:00:00.000,2020,2,26,16,28005KT,18,12
2020-02-26 17:00:00.000,2020,2,26,17,29007KT,19,10
2020-02-26 18:00:00.000,2020,2,26,18,30009KT,20,11
2020-02-26 19:00:00.000,2020,2,26,19,28012KT,19,12
2020-02-26 20:00:00.000,2020,2,26,20,27012KT,19,12
2020-02-26 21:00:00.000,2020,2,26,21,28013KT,18,12
2020-02-26 22:00:00.000,2020,2,26,22,33012KT,17,12
2020-02-27 00:00:00.000,2020,2,27,0,29005KT,14,11
2020-02-27 01:00:00.000,2020,2,27,1,31006KT,13,11
2020-02-27 02:00:00.000,2020,2,27,2,34006KT,13,11
2020-02-27 03:00:00.000,2020,2,27,3,31004KT,13,11
2020-02-27 04:00:00.000,2020,2,27,4,31005KT,11,10
2020-02-27 05:00:00.000,2020,2,27,5,29003KT,12,11
2020-02-27 06:00:00.000,2020,2,27,6,00000KT,13,11
2020-02-27 07:00:00.000,2020,2,27,7,23003KT,13,11
2020-02-27 08:00:00.000,2020,2,27,8,VRB02KT,13,11
2020-02-27 09:00:00.000,2020,2,27,9,00000KT,12,11
2020-02-27 10:00:00.000,2020,2,27,10,00000KT,11,10
2020-02-27 11:00:00.000,2020,2,27,11,VRB02KT,10,10
2020-02-27 12:00:00.000,2020,2,27,12,36004KT,11,10
2020-02-27 13:00:00.000,2020,2,27,13,06005KT,13,12
2020-02-27 14:00:00.000,2020,2,27,14,VRB04KT,17,09
2020-02-27 15:00:00.000,2020,2,27,15,VRB04KT,18,10
2020-02-27 16:00:00.000,2020,2,27,16,VRB04KT,19,09
2020-02-27 17:00:00.000,2020,2,27,17,31008KT,20,09
2020-02-27 18:00:00.000,2020,2,27,18,30015KT,21,11
2020-02-27 19:00:00.000,2020,2,27,19,28014KT,20,10
2020-02-27 20:00:00.000,2020,2,27,20,29014KT,19,11
2020-02-27 21:00:00.000,2020,2,27,21,31012KT,18,11
2020-02-27 22:00:00.000,2020,2,27,22,32011KT,16,11
2020-02-27 23:00:00.000,2020,2,27,23,33008KT,16,11
2020-02-28 00:00:00.000,2020,2,28,0,01005KT,14,12
2020-02-28 01:00:00.000,2020,2,28,1,07005KT,15,12
2020-02-28 02:00:00.000,2020,2,28,2,VRB02KT,14,12
2020-02-28 03:00:00.000,2020,2,28,3,32004KT,14,12
2020-02-28 04:00:00.000,2020,2,28,4,VRB02KT,13,12
2020-02-28 05:00:00.000,2020,2,28,5,32005KT,12,11
2020-02-28 06:00:00.000,2020,2,28,6,VRB02KT,11,10
2020-02-28 07:00:00.000,2020,2,28,7,31004KT,10,09
2020-02-28 08:00:00.000,2020,2,28,8,34003KT,10,10
2020-02-28 09:00:00.000,2020,2,28,9,VRB02KT,11,11
2020-02-28 10:00:00.000,2020,2,28,10,VRB02KT,10,10
2020-02-28 11:00:00.000,2020,2,28,11,VRB02KT,09,09
2020-02-28 12:00:00.000,2020,2,28,12,05004KT,10,09
2020-02-28 13:00:00.000,2020,2,28,13,03005KT,13,12
2020-02-28 14:00:00.000,2020,2,28,14,03007KT,17,10
2020-02-28 15:00:00.000,2020,2,28,15,VRB04KT,18,09
2020-02-28 16:00:00.000,2020,2,28,16,VRB02KT,20,08
2020-02-28 17:00:00.000,2020,2,28,17,17004KT,21,06
2020-02-28 18:00:00.000,2020,2,28,18,30005KT,22,07
2020-02-28 19:00:00.000,2020,2,28,19,24008KT,20,10
2020-02-28 20:00:00.000,2020,2,28,20,29013KT,20,11
2020-02-28 21:00:00.000,2020,2,28,21,27011KT,20,11
2020-02-28 22:00:00.000,2020,2,28,22,30009KT,19,11
2020-02-28 23:00:00.000,2020,2,28,23,27008KT,17,11
2020-02-29 00:00:00.000,2020,2,29,0,28004KT,16,11
2020-02-29 01:00:00.000,2020,2,29,1,30004KT,15,11
2020-02-29 02:00:00.000,2020,2,29,2,VRB02KT,14,11
2020-02-29 03:00:00.000,2020,2,29,3,VRB02KT,13,11
2020-02-29 04:00:00.000,2020,2,29,4,VRB02KT,12,11
2020-02-29 05:00:00.000,2020,2,29,5,32003KT,11,10
2020-02-29 06:00:00.000,2020,2,29,6,VRB02KT,12,10
2020-02-29 07:00:00.000,2020,2,29,7,VRB02KT,10,09
2020-02-29 08:00:00.000,2020,2,29,8,VRB02KT,11,09
2020-02-29 09:00:00.000,2020,2,29,9,04004KT,09,08
2020-02-29 10:00:00.000,2020,2,29,10,VRB02KT,10,09
2020-02-29 11:00:00.000,2020,2,29,11,03003KT,09,09
2020-02-29 12:00:00.000,2020,2,29,12,06004KT,10,08
2020-02-29 13:00:00.000,2020,2,29,13,36003KT,14,10
2020-02-29 14:00:00.000,2020,2,29,14,02004KT,16,09
2020-02-29 15:00:00.000,2020,2,29,15,19004KT,19,09
2020-02-29 16:00:00.000,2020,2,29,16,12003KT,20,07
2020-02-29 17:00:00.000,2020,2,29,17,34004KT,22,07
2020-02-29 18:00:00.000,2020,2,29,18,29011KT,20,10
2020-02-29 19:00:00.000,2020,2,29,19,26011KT,21,11
2020-02-29 20:00:00.000,2020,2,29,20,23009KT,19,11
2020-02-29 21:00:00.000,2020,2,29,21,20006KT,17,12
2020-02-29 22:00:00.000,2020,2,29,22,24004KT,15,13
2020-02-29 23:00:00.000,2020,2,29,23,21004KT,16,11
2020-03-01 00:00:00.000,2020,3,1,0,20004KT,15,10
2020-03-01 01:00:00.000,2020,3,1,1,02003KT,11,10
2020-03-01 02:00:00.000,2020,3,1,2,VRB02KT,12,11
2020-03-01 03:00:00.000,2020,3,1,3,05004KT,11,09
2020-03-01 04:00:00.000,2020,3,1,4,VRB02KT,11,09
2020-03-01 05:00:00.000,2020,3,1,5,04004KT,11,09
2020-03-01 06:00:00.000,2020,3,1,6,02003KT,10,09
2020-03-01 07:00:00.000,2020,3,1,7,10004KT,11,09
2020-03-01 08:00:00.000,2020,3,1,8,04004KT,09,08
2020-03-01 09:00:00.000,2020,3,1,9,03004KT,11,09
2020-03-01 10:00:00.000,2020,3,1,10,05006KT,10,09
2020-03-01 11:00:00.000,2020,3,1,11,05007KT,10,09
2020-03-01 12:00:00.000,2020,3,1,12,04006KT,12,09
2020-03-01 13:00:00.000,2020,3,1,13,05008KT,14,10
2020-03-01 14:00:00.000,2020,3,1,14,05007KT,17,10
2020-03-01 15:00:00.000,2020,3,1,15,13004KT,19,08
2020-03-01 16:00:00.000,2020,3,1,16,18005KT,20,08
2020-03-01 17:00:00.000,2020,3,1,17,19007KT,21,09
2020-03-01 18:00:00.000,2020,3,1,18,23006KT,21,09
2020-03-01 19:00:00.000,2020,3,1,19,20010KT,22,10
2020-03-01 20:00:00.000,2020,3,1,20,22014KT,19,11
2020-03-01 21:00:00.000,2020,3,1,21,24013KT,19,12
2020-03-01 22:00:00.000,2020,3,1,22,26010KT,19,11
2020-03-01 23:00:00.000,2020,3,1,23,26007KT,18,10
2020-03-02 00:00:00.000,2020,3,2,0,VRB02KT,15,09
2020-03-02 01:00:00.000,2020,3,2,1,VRB02KT,12,09
2020-03-02 02:00:00.000,2020,3,2,2,VRB02KT,12,10
2020-03-02 03:00:00.000,2020,3,2,3,VRB02KT,11,10
2020-03-02 04:00:00.000,2020,3,2,4,VRB02KT,11,10
2020-03-02 05:00:00.000,2020,3,2,5,VRB02KT,10,09
2020-03-02 06:00:00.000,2020,3,2,6,VRB02KT,11,09
2020-03-02 07:00:00.000,2020,3,2,7,VRB02KT,12,10
2020-03-02 08:00:00.000,2020,3,2,8,02004KT,12,11
2020-03-02 09:00:00.000,2020,3,2,9,VRB02KT,13,11
2020-03-02 10:00:00.000,2020,3,2,10,VRB02KT,13,10
2020-03-02 11:00:00.000,2020,3,2,11,VRB02KT,13,09
2020-03-02 12:00:00.000,2020,3,2,12,02003KT,13,10
2020-03-02 13:00:00.000,2020,3,2,13,VRB02KT,16,10
2020-03-02 14:00:00.000,2020,3,2,14,21005KT,18,09
2020-03-02 15:00:00.000,2020,3,2,15,VRB05KT,20,09
2020-03-02 16:00:00.000,2020,3,2,16,09007KT,21,09
2020-03-02 17:00:00.000,2020,3,2,17,06008KT,20,09
2020-03-02 18:00:00.000,2020,3,2,18,23005KT,20,09
2020-03-02 19:00:00.000,2020,3,2,19,30006KT,20,10
2020-03-02 20:00:00.000,2020,3,2,20,26011KT,21,11
2020-03-02 21:00:00.000,2020,3,2,21,29010KT,21,11
2020-03-02 22:00:00.000,2020,3,2,22,26009KT,20,11
2020-03-02 23:00:00.000,2020,3,2,23,27008KT,18,12
2020-03-03 00:00:00.000,2020,3,3,0,26006KT,17,13
2020-03-03 01:00:00.000,2020,3,3,1,21003KT,14,13
2020-03-03 02:00:00.000,2020,3,3,2,34004KT,13,13
2020-03-03 03:00:00.000,2020,3,3,3,33004KT,12,12
2020-03-03 04:00:00.000,2020,3,3,4,VRB02KT,12,11
2020-03-03 05:00:00.000,2020,3,3,5,34003KT,11,10
2020-03-03 06:00:00.000,2020,3,3,6,31003KT,10,10
2020-03-03 07:00:00.000,2020,3,3,7,32003KT,10,09
2020-03-03 08:00:00.000,2020,3,3,8,VRB02KT,09,09
2020-03-03 09:00:00.000,2020,3,3,9,03006KT,11,10
2020-03-03 10:00:00.000,2020,3,3,10,VRB02KT,11,11
2020-03-03 11:00:00.000,2020,3,3,11,05003KT,10,10
2020-03-03 12:00:00.000,2020,3,3,12,00000KT,12,11
2020-03-03 13:00:00.000,2020,3,3,13,05004KT,15,11
2020-03-03 14:00:00.000,2020,3,3,14,06003KT,18,10
2020-03-03 15:00:00.000,2020,3,3,15,VRB02KT,19,10
2020-03-03 16:00:00.000,2020,3,3,16,VRB03KT,21,09
2020-03-03 17:00:00.000,2020,3,3,17,VRB04KT,22,06
2020-03-03 18:00:00.000,2020,3,3,18,26008KT,21,11
2020-03-03 19:00:00.000,2020,3,3,19,24013KT,21,12
2020-03-03 20:00:00.000,2020,3,3,20,28015KT,20,12
2020-03-03 21:00:00.000,2020,3,3,21,27012KT,17,13
2020-03-03 22:00:00.000,2020,3,3,22,24008KT,16,14
2020-03-03 23:00:00.000,2020,3,3,23,27003KT,16,13
2020-03-04 00:00:00.000,2020,3,4,0,27004KT,15,13
2020-03-04 01:00:00.000,2020,3,4,1,VRB02KT,15,12
2020-03-04 02:00:00.000,2020,3,4,2,VRB02KT,14,11
2020-03-04 03:00:00.000,2020,3,4,3,34003KT,13,10
2020-03-04 04:00:00.000,2020,3,4,4,35004KT,12,10
2020-03-04 05:00:00.000,2020,3,4,5,VRB02KT,12,11
2020-03-04 06:00:00.000,2020,3,4,6,VRB02KT,11,10
2020-03-04 07:00:00.000,2020,3,4,7,VRB02KT,12,11
2020-03-04 08:00:00.000,2020,3,4,8,VRB02KT,11,10
2020-03-04 09:00:00.000,2020,3,4,9,VRB02KT,10,09
2020-03-04 10:00:00.000,2020,3,4,10,13004KT,11,11
2020-03-04 11:00:00.000,2020,3,4,11,31003KT,10,09
2020-03-04 12:00:00.000,2020,3,4,12,VRB02KT,12,11
2020-03-04 13:00:00.000,2020,3,4,13,VRB02KT,15,12
2020-03-04 14:00:00.000,2020,3,4,14,14006KT,18,09
2020-03-04 15:00:00.000,2020,3,4,15,13010KT,19,07
2020-03-04 16:00:00.000,2020,3,4,16,12010KT,20,05
2020-03-04 17:00:00.000,2020,3,4,17,17008KT,21,06
2020-03-04 18:00:00.000,2020,3,4,18,25004KT,22,06
2020-03-04 19:00:00.000,2020,3,4,19,VRB04KT,24,05
2020-03-04 20:00:00.000,2020,3,4,20,28008KT,22,10
2020-03-04 21:00:00.000,2020,3,4,21,25012KT,21,10
2020-03-04 22:00:00.000,2020,3,4,22,28009KT,19,12
2020-03-04 23:00:00.000,2020,3,4,23,28007KT,18,12
2020-03-05 00:00:00.000,2020,3,5,0,24003KT,16,12
2020-03-05 01:00:00.000,2020,3,5,1,26003KT,16,13
2020-03-05 02:00:00.000,2020,3,5,2,05004KT,14,09
2020-03-05 03:00:00.000,2020,3,5,3,13008KT,14,07
2020-03-05 04:00:00.000,2020,3,5,4,VRB02KT,13,07
2020-03-05 05:00:00.000,2020,3,5,5,05006KT,11,07
2020-03-05 06:00:00.000,2020,3,5,6,05004KT,10,05
2020-03-05 07:00:00.000,2020,3,5,7,06006KT,08,05
2020-03-05 08:00:00.000,2020,3,5,8,36004KT,07,06
2020-03-05 09:00:00.000,2020,3,5,9,00000KT,07,06
2020-03-05 10:00:00.000,2020,3,5,10,05005KT,07,05
2020-03-05 11:00:00.000,2020,3,5,11,35005KT,04,03
2020-03-05 12:00:00.000,2020,3,5,12,VRB02KT,06,05
2020-03-05 13:00:00.000,2020,3,5,13,06005KT,10,07
2020-03-05 14:00:00.000,2020,3,5,14,07004KT,14,08
2020-03-05 15:00:00.000,2020,3,5,15,16004KT,18,05
2020-03-05 16:00:00.000,2020,3,5,16,VRB05KT,20,04
2020-03-05 17:00:00.000,2020,3,5,17,09007KT,22,04
2020-03-05 18:00:00.000,2020,3,5,18,17006KT,23,04
2020-03-05 19:00:00.000,2020,3,5,19,10009KT,24,02
2020-03-05 20:00:00.000,2020,3,5,20,28008KT,22,10
2020-03-05 21:00:00.000,2020,3,5,21,28011KT,21,12
2020-03-05 22:00:00.000,2020,3,5,22,29012KT,19,11
2020-03-05 23:00:00.000,2020,3,5,23,25009KT,18,11
2020-03-06 00:00:00.000,2020,3,6,0,27007KT,17,11
2020-03-06 01:00:00.000,2020,3,6,1,31003KT,15,10
2020-03-06 02:00:00.000,2020,3,6,2,VRB02KT,14,10
2020-03-06 03:00:00.000,2020,3,6,3,31004KT,15,11
2020-03-06 04:00:00.000,2020,3,6,4,VRB02KT,13,07
2020-03-06 05:00:00.000,2020,3,6,5,03005KT,11,07
2020-03-06 06:00:00.000,2020,3,6,6,VRB04KT,10,07
2020-03-06 07:00:00.000,2020,3,6,7,05004KT,10,07
2020-03-06 08:00:00.000,2020,3,6,8,05003KT,10,08
2020-03-06 09:00:00.000,2020,3,6,9,33005KT,06,05
2020-03-06 10:00:00.000,2020,3,6,10,05004KT,08,06
2020-03-06 11:00:00.000,2020,3,6,11,VRB02KT,07,06
2020-03-06 12:00:00.000,2020,3,6,12,03004KT,10,08
2020-03-06 13:00:00.000,2020,3,6,13,05005KT,12,08
2020-03-06 14:00:00.000,2020,3,6,14,04006KT,13,08
2020-03-06 15:00:00.000,2020,3,6,15,36005KT,16,07
2020-03-06 16:00:00.000,2020,3,6,16,05005KT,18,07
2020-03-06 17:00:00.000,2020,3,6,17,33006KT,20,07
2020-03-06 18:00:00.000,2020,3,6,18,VRB03KT,21,04
2020-03-06 19:00:00.000,2020,3,6,19,VRB04KT,23,04
2020-03-06 20:00:00.000,2020,3,6,20,28012KT,22,10
2020-03-06 21:00:00.000,2020,3,6,21,27012KT,21,12
2020-03-06 22:00:00.000,2020,3,6,22,29008KT,20,11
2020-03-06 23:00:00.000,2020,3,6,23,28008KT,,
2020-03-07 00:00:00.000,2020,3,7,0,27006KT,17,12
2020-03-07 01:00:00.000,2020,3,7,1,33005KT,15,12
2020-03-07 02:00:00.000,2020,3,7,2,31003KT,14,12
2020-03-07 03:00:00.000,2020,3,7,3,34003KT,12,10
2020-03-07 04:00:00.000,2020,3,7,4,34003KT,12,11
2020-03-07 05:00:00.000,2020,3,7,5,03007KT,13,10
2020-03-07 06:00:00.000,2020,3,7,6,08003KT,13,09
2020-03-07 07:00:00.000,2020,3,7,7,02003KT,11,08
2020-03-07 08:00:00.000,2020,3,7,8,03003KT,10,08
2020-03-07 09:00:00.000,2020,3,7,9,03004KT,10,08
2020-03-07 10:00:00.000,2020,3,7,10,06004KT,12,09
2020-03-07 11:00:00.000,2020,3,7,11,36004KT,11,09
2020-03-07 12:00:00.000,2020,3,7,12,02005KT,12,09
2020-03-07 13:00:00.000,2020,3,7,13,14007KT,15,09
2020-03-07 14:00:00.000,2020,3,7,14,12004KT,17,07
2020-03-07 15:00:00.000,2020,3,7,15,07004KT,18,06
2020-03-07 16:00:00.000,2020,3,7,16,22005KT,20,05
2020-03-07 17:00:00.000,2020,3,7,17,29004KT,21,05
2020-03-07 18:00:00.000,2020,3,7,18,16003KT,23,05
2020-03-07 19:00:00.000,2020,3,7,19,28010KT,22,09
2020-03-07 20:00:00.000,2020,3,7,20,28014KT,21,11
2020-03-07 21:00:00.000,2020,3,7,21,28014KT,19,11
2020-03-07 22:00:00.000,2020,3,7,22,27010KT,17,11
2020-03-07 23:00:00.000,2020,3,7,23,27008KT,16,11
2020-03-08 00:00:00.000,2020,3,8,0,28006KT,15,12
2020-03-08 01:00:00.000,2020,3,8,1,26004KT,15,12
2020-03-08 02:00:00.000,2020,3,8,2,VRB02KT,15,12
2020-03-08 03:00:00.000,2020,3,8,3,VRB02KT,14,12
2020-03-08 04:00:00.000,2020,3,8,4,05004KT,15,12
2020-03-08 05:00:00.000,2020,3,8,5,18005KT,15,09
2020-03-08 06:00:00.000,2020,3,8,6,12008KT,15,09
2020-03-08 07:00:00.000,2020,3,8,7,15005KT,13,09
2020-03-08 08:00:00.000,2020,3,8,8,VRB02KT,13,09
2020-03-08 09:00:00.000,2020,3,8,9,VRB02KT,14,10
2020-03-08 10:00:00.000,2020,3,8,10,VRB02KT,13,10
2020-03-08 11:00:00.000,2020,3,8,11,04005KT,13,10
2020-03-08 12:00:00.000,2020,3,8,12,06005KT,14,10
2020-03-08 13:00:00.000,2020,3,8,13,04005KT,15,10
2020-03-08 14:00:00.000,2020,3,8,14,05006KT,16,10
2020-03-08 15:00:00.000,2020,3,8,15,07006KT,19,10
2020-03-08 16:00:00.000,2020,3,8,16,15004KT,21,09
2020-03-08 17:00:00.000,2020,3,8,17,34003KT,21,07
2020-03-08 18:00:00.000,2020,3,8,18,24014KT,19,12
2020-03-08 19:00:00.000,2020,3,8,19,24010KT,21,11
2020-03-08 20:00:00.000,2020,3,8,20,29013KT,18,12
2020-03-08 21:00:00.000,2020,3,8,21,23010KT,18,11
2020-03-08 22:00:00.000,2020,3,8,22,23007KT,16,11
2020-03-08 23:00:00.000,2020,3,8,23,24006KT,16,09
2020-03-09 00:00:00.000,2020,3,9,0,23006KT,16,10
2020-03-09 01:00:00.000,2020,3,9,1,VRB02KT,15,10
2020-03-09 02:00:00.000,2020,3,9,2,04004KT,14,11
2020-03-09 03:00:00.000,2020,3,9,3,04003KT,14,12
2020-03-09 04:00:00.000,2020,3,9,4,21005KT,14,12
2020-03-09 05:00:00.000,2020,3,9,5,11003KT,15,10
2020-03-09 06:00:00.000,2020,3,9,6,VRB02KT,14,10
2020-03-09 07:00:00.000,2020,3,9,7,09003KT,14,09
2020-03-09 08:00:00.000,2020,3,9,8,05006KT,13,09
2020-03-09 09:00:00.000,2020,3,9,9,03005KT,11,09
2020-03-09 10:00:00.000,2020,3,9,10,04006KT,12,09
2020-03-09 11:00:00.000,2020,3,9,11,03004KT,12,09
2020-03-09 12:00:00.000,2020,3,9,12,05007KT,12,09
2020-03-09 13:00:00.000,2020,3,9,13,06007KT,15,11
2020-03-09 14:00:00.000,2020,3,9,14,06010KT,16,10
2020-03-09 15:00:00.000,2020,3,9,15,04008KT,16,10
2020-03-09 16:00:00.000,2020,3,9,16,11007KT,19,10
2020-03-09 17:00:00.000,2020,3,9,17,12004KT,19,09
2020-03-09 18:00:00.000,2020,3,9,18,19007KT,21,09
2020-03-09 19:00:00.000,2020,3,9,19,23010KT,19,12
2020-03-09 20:00:00.000,2020,3,9,20,25011KT,17,12
2020-03-09 21:00:00.000,2020,3,9,21,28007KT,17,12
2020-03-09 22:00:00.000,2020,3,9,22,26006KT,17,11
2020-03-09 23:00:00.000,2020,3,9,23,VRB02KT,16,11
2020-03-10 00:00:00.000,2020,3,10,0,VRB02KT,14,11
2020-03-10 01:00:00.000,2020,3,10,1,VRB02KT,14,11
2020-03-10 02:00:00.000,2020,3,10,2,VRB02KT,14,12
2020-03-10 03:00:00.000,2020,3,10,3,33003KT,14,11
2020-03-10 04:00:00.000,2020,3,10,4,01003KT,14,12
2020-03-10 05:00:00.000,2020,3,10,5,00000KT,14,11
2020-03-10 06:00:00.000,2020,3,10,6,VRB02KT,15,11
2020-03-10 07:00:00.000,2020,3,10,7,09004KT,14,11
2020-03-10 08:00:00.000,2020,3,10,8,05004KT,13,11
2020-03-10 09:00:00.000,2020,3,10,9,05006KT,13,11
2020-03-10 10:00:00.000,2020,3,10,10,05004KT,11,10
2020-03-10 11:00:00.000,2020,3,10,11,04004KT,12,10
2020-03-10 12:00:00.000,2020,3,10,12,VRB02KT,13,11
2020-03-10 13:00:00.000,2020,3,10,13,03005KT,14,11
2020-03-10 14:00:00.000,2020,3,10,14,04003KT,18,11
2020-03-10 15:00:00.000,2020,3,10,15,14005KT,20,10
2020-03-10 16:00:00.000,2020,3,10,16,22004KT,22,10
2020-03-10 17:00:00.000,2020,3,10,17,27013KT,20,12
2020-03-10 18:00:00.000,2020,3,10,18,28013KT,21,13
2020-03-10 19:00:00.000,2020,3,10,19,VRB11KT,19,12
2020-03-10 20:00:00.000,2020,3,10,20,24006KT,19,12
2020-03-10 21:00:00.000,2020,3,10,21,24010KT,20,12
2020-03-10 22:00:00.000,2020,3,10,22,34010KT,17,10
2020-03-10 23:00:00.000,2020,3,10,23,36004KT,15,11
2020-03-11 00:00:00.000,2020,3,11,0,04008KT,11,09
2020-03-11 01:00:00.000,2020,3,11,1,26005KT,12,11
2020-03-11 02:00:00.000,2020,3,11,2,VRB02KT,12,11
2020-03-11 03:00:00.000,2020,3,11,3,35006KT,11,10
2020-03-11 04:00:00.000,2020,3,11,4,VRB04KT,12,11
2020-03-11 05:00:00.000,2020,3,11,5,VRB02KT,12,11
2020-03-11 06:00:00.000,2020,3,11,6,32004KT,12,11
2020-03-11 07:00:00.000,2020,3,11,7,VRB02KT,12,11
2020-03-11 08:00:00.000,2020,3,11,8,VRB02KT,12,11
2020-03-11 09:00:00.000,2020,3,11,9,VRB02KT,12,11
2020-03-11 10:00:00.000,2020,3,11,10,06004KT,12,11
2020-03-11 11:00:00.000,2020,3,11,11,12003KT,12,11
2020-03-11 12:00:00.000,2020,3,11,12,05003KT,12,11
2020-03-11 13:00:00.000,2020,3,11,13,21003KT,15,13
2020-03-11 14:00:00.000,2020,3,11,14,32006KT,17,13
2020-03-11 15:00:00.000,2020,3,11,15,28006KT,18,10
2020-03-11 16:00:00.000,2020,3,11,16,28006KT,19,11
2020-03-11 17:00:00.000,2020,3,11,17,25008KT,21,09
2020-03-11 18:00:00.000,2020,3,11,18,29007KT,21,11
2020-03-11 19:00:00.000,2020,3,11,19,27013KT,21,12
2020-03-11 20:00:00.000,2020,3,11,20,27011KT,20,11
2020-03-11 21:00:00.000,2020,3,11,21,28010KT,21,12
2020-03-11 22:00:00.000,2020,3,11,22,29011KT,18,12
2020-03-11 23:00:00.000,2020,3,11,23,29009KT,17,12
2020-03-12 00:00:00.000,2020,3,12,0,26006KT,16,12
2020-03-12 01:00:00.000,2020,3,12,1,27006KT,15,13
2020-03-12 02:00:00.000,2020,3,12,2,26006KT,16,13
2020-03-12 03:00:00.000,2020,3,12,3,27003KT,14,12
2020-03-12 04:00:00.000,2020,3,12,4,29006KT,15,12
2020-03-12 05:00:00.000,2020,3,12,5,32006KT,14,12
2020-03-12 06:00:00.000,2020,3,12,6,VRB02KT,14,13
2020-03-12 07:00:00.000,2020,3,12,7,VRB02KT,14,12
2020-03-12 08:00:00.000,2020,3,12,8,VRB02KT,14,11
2020-03-12 09:00:00.000,2020,3,12,9,20005KT,14,10
2020-03-12 10:00:00.000,2020,3,12,10,VRB02KT,14,11
2020-03-12 11:00:00.000,2020,3,12,11,VRB02KT,13,11
2020-03-12 12:00:00.000,2020,3,12,12,03006KT,14,11
2020-03-12 13:00:00.000,2020,3,12,13,04006KT,15,11
2020-03-12 14:00:00.000,2020,3,12,14,05005KT,17,10
2020-03-12 15:00:00.000,2020,3,12,15,16008KT,18,09
2020-03-12 16:00:00.000,2020,3,12,16,VRB02KT,19,09
2020-03-12 17:00:00.000,2020,3,12,17,05007KT,19,10
2020-03-12 18:00:00.000,2020,3,12,18,VRB02KT,19,11
2020-03-12 19:00:00.000,2020,3,12,19,24009KT,19,12
2020-03-12 20:00:00.000,2020,3,12,20,24005KT,21,12
2020-03-12 21:00:00.000,2020,3,12,21,26010KT,18,12
2020-03-12 22:00:00.000,2020,3,12,22,27009KT,18,12
2020-03-12 23:00:00.000,2020,3,12,23,27008KT,16,12
2020-03-13 00:00:00.000,2020,3,13,0,29004KT,15,12
2020-03-13 01:00:00.000,2020,3,13,1,VRB02KT,14,12
2020-03-13 02:00:00.000,2020,3,13,2,33004KT,13,12
2020-03-13 03:00:00.000,2020,3,13,3,VRB02KT,14,12
2020-03-13 04:00:00.000,2020,3,13,4,05004KT,14,13
2020-03-13 06:00:00.000,2020,3,13,6,02003KT,14,12
2020-03-13 07:00:00.000,2020,3,13,7,24004KT,14,12
2020-03-13 08:00:00.000,2020,3,13,8,01003KT,13,12
2020-03-13 09:00:00.000,2020,3,13,9,VRB02KT,13,11
2020-03-13 10:00:00.000,2020,3,13,10,03005KT,13,11
2020-03-13 11:00:00.000,2020,3,13,11,VRB02KT,13,11
2020-03-13 12:00:00.000,2020,3,13,12,VRB02KT,13,11
2020-03-13 13:00:00.000,2020,3,13,13,29003KT,15,12
2020-03-13 14:00:00.000,2020,3,13,14,36003KT,17,12
2020-03-13 15:00:00.000,2020,3,13,15,34004KT,18,11
2020-03-13 16:00:00.000,2020,3,13,16,27008KT,19,11
2020-03-13 17:00:00.000,2020,3,13,17,30010KT,21,11
2020-03-13 18:00:00.000,2020,3,13,18,27012KT,21,11
2020-03-13 19:00:00.000,2020,3,13,19,27013KT,19,11
2020-03-13 20:00:00.000,2020,3,13,20,29013KT,18,11
2020-03-13 21:00:00.000,2020,3,13,21,31012KT,16,12
2020-03-13 22:00:00.000,2020,3,13,22,32010KT,16,13
2020-03-13 23:00:00.000,2020,3,13,23,33010KT,15,12
2020-03-14 00:00:00.000,2020,3,14,0,31008KT,15,12
2020-03-14 01:00:00.000,2020,3,14,1,29005KT,14,11
2020-03-14 02:00:00.000,2020,3,14,2,VRB02KT,14,12
2020-03-14 03:00:00.000,2020,3,14,3,25003KT,14,12
2020-03-14 04:00:00.000,2020,3,14,4,25003KT,14,12
2020-03-14 05:00:00.000,2020,3,14,5,23006KT,14,12
2020-03-14 06:00:00.000,2020,3,14,6,VRB02KT,14,12
2020-03-14 07:00:00.000,2020,3,14,7,VRB02KT,3,12
2020-03-14 08:00:00.000,2020,3,14,8,VRB02KT,13,12
2020-03-14 09:00:00.000,2020,3,14,9,VRB02KT,13,12
2020-03-14 10:00:00.000,2020,3,14,10,VRB02KT,13,12
2020-03-14 11:00:00.000,2020,3,14,11,VRBO2KT,13,12
2020-03-14 12:00:00.000,2020,3,14,12,VRB02KT,13,12
2020-03-14 13:00:00.000,2020,3,14,13,03007KT,15,11
2020-03-14 14:00:00.000,2020,3,14,14,05003KT,17,10
2020-03-14 15:00:00.000,2020,3,14,15,02003KT,17,10
2020-03-14 16:00:00.000,2020,3,14,16,16004KT,19,10
2020-03-14 17:00:00.000,2020,3,14,17,11005KT,21,09
2020-03-14 18:00:00.000,2020,3,14,18,25007KT,19,12
2020-03-14 19:00:00.000,2020,3,14,19,23009KT,18,13
2020-03-14 20:00:00.000,2020,3,14,20,29011KT,19,12
2020-03-14 21:00:00.000,2020,3,14,21,29014KT,19,12
2020-03-14 22:00:00.000,2020,3,14,22,28011KT,17,12
2020-03-14 23:00:00.000,2020,3,14,23,15003KT,15,11
2020-03-15 00:00:00.000,2020,3,15,0,29003KT,15,11
2020-03-15 01:00:00.000,2020,3,15,1,VRB02KT,14,12
2020-03-15 02:00:00.000,2020,3,15,2,33006KT,14,12
2020-03-15 03:00:00.000,2020,3,15,3,29006KT,14,12
2020-03-15 04:00:00.000,2020,3,15,4,33003KT,14,12
2020-03-15 05:00:00.000,2020,3,15,5,34004KT,14,12
2020-03-15 06:00:00.000,2020,3,15,6,VRB02KT,14,12
2020-03-15 07:00:00.000,2020,3,15,7,VRB05KT,13,12
2020-03-15 08:00:00.000,2020,3,15,8,04003KT,13,12
2020-03-15 13:00:00.000,2020,3,15,13,05005KT,14,12
2020-03-15 14:00:00.000,2020,3,15,14,04004KT,15,12
2020-03-15 15:00:00.000,2020,3,15,15,VRB02KT,17,12
2020-03-15 16:00:00.000,2020,3,15,16,14003KT,19,10
2020-03-15 17:00:00.000,2020,3,15,17,05006KT,18,12
2020-03-15 18:00:00.000,2020,3,15,18,33006KT,18,12
2020-03-15 19:00:00.000,2020,3,15,19,24010KT,18,13
2020-03-15 20:00:00.000,2020,3,15,20,28013KT,18,12
2020-03-15 21:00:00.000,2020,3,15,21,27011KT,17,12
2020-03-15 22:00:00.000,2020,3,15,22,28010KT,17,12
2020-03-15 23:00:00.000,2020,3,15,23,27009KT,16,12
2020-03-16 00:00:00.000,2020,3,16,0,28008KT,15,13
2020-03-16 01:00:00.000,2020,3,16,1,29006KT,15,12
2020-03-16 02:00:00.000,2020,3,16,2,VRB02KT,14,12
2020-03-16 03:00:00.000,2020,3,16,3,30005KT,13,12
2020-03-16 05:00:00.000,2020,3,16,5,29003KT,13,10
2020-03-16 06:00:00.000,2020,3,16,6,28005KT,13,10
2020-03-16 07:00:00.000,2020,3,16,7,VRB02KT,13,10
2020-03-16 08:00:00.000,2020,3,16,8,VRB02KT,13,09
2020-03-16 09:00:00.000,2020,3,16,9,VRB02KT,12,09
2020-03-16 11:00:00.000,2020,3,16,11,VRB02KT,12,10
2020-03-16 12:00:00.000,2020,3,16,12,VRB02KT,13,11
2020-03-16 13:00:00.000,2020,3,16,13,02003KT,14,11
2020-03-16 14:00:00.000,2020,3,16,14,36003KT,15,11
2020-03-16 15:00:00.000,2020,3,16,15,VRB02KT,18,10
2020-03-16 16:00:00.000,2020,3,16,16,08004KT,19,09
2020-03-16 17:00:00.000,2020,3,16,17,33003KT,21,10
2020-03-16 18:00:00.000,2020,3,16,18,30012KT,19,12
2020-03-16 19:00:00.000,2020,3,16,19,30015KT,19,12
2020-03-16 20:00:00.000,2020,3,16,20,28011KT,21,11
2020-03-16 21:00:00.000,2020,3,16,21,31011KT,18,12
2020-03-16 22:00:00.000,2020,3,16,22,31008KT,17,12
2020-03-16 23:00:00.000,2020,3,16,23,04008KT,16,10
2020-03-17 00:00:00.000,2020,3,17,0,VRB02KT,15,10
2020-03-17 01:00:00.000,2020,3,17,1,VRB02KT,13,10
2020-03-17 02:00:00.000,2020,3,17,2,VRB02KT,12,10
2020-03-17 03:00:00.000,2020,3,17,3,03003KT,12,11
2020-03-17 04:00:00.000,2020,3,17,4,01003KT,11,10
2020-03-17 05:00:00.000,2020,3,17,5,36003KT,11,10
2020-03-17 06:00:00.000,2020,3,17,6,VRB02KT,10,09
2020-03-17 07:00:00.000,2020,3,17,7,35004KT,09,08
2020-03-17 08:00:00.000,2020,3,17,8,35004KT,08,07
2020-03-17 09:00:00.000,2020,3,17,9,00000KT,08,08
2020-03-17 10:00:00.000,2020,3,17,10,00000KT,07,07
2020-03-17 11:00:00.000,2020,3,17,11,VRB02KT,07,07
2020-03-17 12:00:00.000,2020,3,17,12,VRB02KT,09,08
2020-03-17 13:00:00.000,2020,3,17,13,34004KT,12,09
2020-03-17 14:00:00.000,2020,3,17,14,VRB02KT,16,09
2020-03-17 15:00:00.000,2020,3,17,15,VRB03KT,18,09
2020-03-17 16:00:00.000,2020,3,17,16,VRB03KT,20,08
2020-03-17 17:00:00.000,2020,3,17,17,VRB05KT,22,07
2020-03-17 18:00:00.000,2020,3,17,18,26012KT,22,12
2020-03-17 19:00:00.000,2020,3,17,19,30014KT,22,11
2020-03-17 20:00:00.000,2020,3,17,20,27014KT,22,11
2020-03-17 21:00:00.000,2020,3,17,21,27013KT,20,10
2020-03-17 22:00:00.000,2020,3,17,22,31011KT,18,11
2020-03-17 23:00:00.000,2020,3,17,23,34009KT,16,11
2020-03-18 00:00:00.000,2020,3,18,0,32005KT,14,11
2020-03-18 01:00:00.000,2020,3,18,1,27004KT,15,11
2020-03-18 02:00:00.000,2020,3,18,2,29004KT,13,10
2020-03-18 03:00:00.000,2020,3,18,3,29004KT,14,11
2020-03-18 04:00:00.000,2020,3,18,4,VRB02KT,13,11
2020-03-18 05:00:00.000,2020,3,18,5,33003KT,11,10
2020-03-18 06:00:00.000,2020,3,18,6,VRB02KT,11,10
2020-03-18 07:00:00.000,2020,3,18,7,03005KT,13,11
2020-03-18 08:00:00.000,2020,3,18,8,03005KT,12,11
2020-03-18 09:00:00.000,2020,3,18,9,34003KT,11,10
2020-03-18 10:00:00.000,2020,3,18,10,34005KT,11,09
2020-03-18 11:00:00.000,2020,3,18,11,34004KT,09,09
2020-03-18 12:00:00.000,2020,3,18,12,28003KT,11,09
2020-03-18 13:00:00.000,2020,3,18,13,04003KT,14,10
2020-03-18 14:00:00.000,2020,3,18,14,30004KT,17,10
2020-03-18 15:00:00.000,2020,3,18,15,VRB02KT,18,08
2020-03-18 16:00:00.000,2020,3,18,16,13005KT,20,07
2020-03-18 17:00:00.000,2020,3,18,17,27008KT,20,09
2020-03-18 18:00:00.000,2020,3,18,18,28010KT,21,11
2020-03-18 19:00:00.000,2020,3,18,19,24011KT,21,10
2020-03-18 20:00:00.000,2020,3,18,20,24012KT,20,10
2020-03-18 21:00:00.000,2020,3,18,21,28012KT,20,10
2020-03-18 22:00:00.000,2020,3,18,22,27013KT,18,10
2020-03-18 23:00:00.000,2020,3,18,23,26008KT,16,11
2020-03-19 00:00:00.000,2020,3,19,0,32006KT,14,11
2020-03-19 01:00:00.000,2020,3,19,1,VRB02KT,13,11
2020-03-19 02:00:00.000,2020,3,19,2,04006KT,13,10
2020-03-19 03:00:00.000,2020,3,19,3,04005KT,13,10
2020-03-19 04:00:00.000,2020,3,19,4,02006KT,13,10
2020-03-19 05:00:00.000,2020,3,19,5,36003KT,12,10
2020-03-19 06:00:00.000,2020,3,19,6,30005KT,10,08
2020-03-19 07:00:00.000,2020,3,19,7,VRB02KT,09,08
2020-03-19 08:00:00.000,2020,3,19,8,VRB02KT,08,07
2020-03-19 09:00:00.000,2020,3,19,9,32004KT,08,07
2020-03-19 10:00:00.000,2020,3,19,10,VRB02KT,09,09
2020-03-19 11:00:00.000,2020,3,19,11,05005KT,10,09
2020-03-19 12:00:00.000,2020,3,19,12,03005KT,12,10
2020-03-19 13:00:00.000,2020,3,19,13,04006KT,14,10
2020-03-19 14:00:00.000,2020,3,19,14,03004KT,16,08
2020-03-19 15:00:00.000,2020,3,19,15,05004KT,19,07
2020-03-19 16:00:00.000,2020,3,19,16,22003KT,20,07
2020-03-19 17:00:00.000,2020,3,19,17,26004KT,21,07
2020-03-19 18:00:00.000,2020,3,19,18,25010KT,21,10
2020-03-19 19:00:00.000,2020,3,19,19,25012KT,21,09
2020-03-19 20:00:00.000,2020,3,19,20,25012KT,21,08
2020-03-19 21:00:00.000,2020,3,19,21,26010KT,21,08
2020-03-19 22:00:00.000,2020,3,19,22,30011KT,18,10
2020-03-19 23:00:00.000,2020,3,19,23,30006KT,16,11
2020-03-20 00:00:00.000,2020,3,20,0,30006KT,15,12
2020-03-20 01:00:00.000,2020,3,20,1,34003KT,13,11
2020-03-20 02:00:00.000,2020,3,20,2,01003KT,14,12
2020-03-20 03:00:00.000,2020,3,20,3,35004KT,13,11
2020-03-20 04:00:00.000,2020,3,20,4,27006KT,14,11
2020-03-20 05:00:00.000,2020,3,20,5,04003KT,13,11
2020-03-20 06:00:00.000,2020,3,20,6,VRB02KT,13,11
2020-03-20 07:00:00.000,2020,3,20,7,33003KT,12,11
2020-03-20 08:00:00.000,2020,3,20,8,27004KT,12,11
2020-03-20 09:00:00.000,2020,3,20,9,VRB02KT,12,11
2020-03-20 10:00:00.000,2020,3,20,10,27003KT,12,11
2020-03-20 11:00:00.000,2020,3,20,11,34005KT,12,11
2020-03-20 12:00:00.000,2020,3,20,12,VRB02KT,12,11
2020-03-20 13:00:00.000,2020,3,20,13,VRB02KT,13,12
2020-03-20 14:00:00.000,2020,3,20,14,34006KT,13,11
2020-03-20 15:00:00.000,2020,3,20,15,34004KT,16,11
2020-03-20 16:00:00.000,2020,3,20,16,33008KT,16,10
2020-03-20 17:00:00.000,2020,3,20,17,32006KT,14,12
2020-03-20 18:00:00.000,2020,3,20,18,33010KT,15,12
2020-03-20 19:00:00.000,2020,3,20,19,33011KT,15,12
2020-03-20 20:00:00.000,2020,3,20,20,32011KT,17,11
2020-03-20 21:00:00.000,2020,3,20,21,32012KT,16,11
2020-03-20 22:00:00.000,2020,3,20,22,31012KT,16,11
2020-03-20 23:00:00.000,2020,3,20,23,32011KT,14,10
2020-03-21 00:00:00.000,2020,3,21,0,35006KT,13,10
2020-03-21 01:00:00.000,2020,3,21,1,32007KT,13,10
2020-03-21 02:00:00.000,2020,3,21,2,29006KT,13,10
2020-03-21 03:00:00.000,2020,3,21,3,31007KT,13,10
2020-03-21 04:00:00.000,2020,3,21,4,31005KT,12,10
2020-03-21 05:00:00.000,2020,3,21,5,32005KT,12,09
2020-03-21 06:00:00.000,2020,3,21,6,26004KT,12,09
2020-03-21 07:00:00.000,2020,3,21,7,VRB02KT,12,08
2020-03-21 08:00:00.000,2020,3,21,8,25003KT,12,08
2020-03-21 09:00:00.000,2020,3,21,9,VRB02KT,12,08
2020-03-21 10:00:00.000,2020,3,21,10,31003KT,12,09
2020-03-21 11:00:00.000,2020,3,21,11,28004KT,12,09
2020-03-21 12:00:00.000,2020,3,21,12,31003KT,12,09
2020-03-21 13:00:00.000,2020,3,21,13,VRB02KT,14,09
2020-03-21 14:00:00.000,2020,3,21,14,31008KT,15,08
2020-03-21 15:00:00.000,2020,3,21,15,35008KT,17,08
2020-03-21 16:00:00.000,2020,3,21,16,02009KT,17,10
2020-03-21 17:00:00.000,2020,3,21,17,34011KT,18,09
2020-03-21 18:00:00.000,2020,3,21,18,31012KT,18,08
2020-03-21 19:00:00.000,2020,3,21,19,30010KT,19,07
2020-03-21 20:00:00.000,2020,3,21,20,32011KT,17,09
2020-03-21 21:00:00.000,2020,3,21,21,320098KT,17,08
2020-03-21 22:00:00.000,2020,3,21,22,32007KT,16,08
2020-03-21 23:00:00.000,2020,3,21,23,29006KT,15,09
2020-03-22 00:00:00.000,2020,3,22,0,27004KT,13,10
2020-03-22 01:00:00.000,2020,3,22,1,VRB02KT,12,09
2020-03-22 02:00:00.000,2020,3,22,2,29004KT,11,09
2020-03-22 03:00:00.000,2020,3,22,3,26003KT,10,09
2020-03-22 04:00:00.000,2020,3,22,4,30004KT,10,09
2020-03-22 05:00:00.000,2020,3,22,5,22003KT,11,09
2020-03-22 06:00:00.000,2020,3,22,6,34003KT,06,05
2020-03-22 07:00:00.000,2020,3,22,7,VRB02KT,08,07
2020-03-22 08:00:00.000,2020,3,22,8,VRB02KT,05,05
2020-03-22 09:00:00.000,2020,3,22,9,32003KT,07,07
2020-03-22 10:00:00.000,2020,3,22,10,33003KT,05,05
2020-03-22 11:00:00.000,2020,3,22,11,VRB02KT,06,06
2020-03-22 12:00:00.000,2020,3,22,12,VRB02KT,07,06
2020-03-22 13:00:00.000,2020,3,22,13,VRB02KT,10,08
2020-03-22 14:00:00.000,2020,3,22,14,34003KT,14,09
2020-03-22 15:00:00.000,2020,3,22,15,22004KT,17,09
2020-03-22 16:00:00.000,2020,3,22,16,04003KT,18,07
2020-03-22 17:00:00.000,2020,3,22,17,28009KT,20,05
2020-03-22 18:00:00.000,2020,3,22,18,28013KT,21,04
2020-03-22 19:00:00.000,2020,3,22,19,27014KT,20,07
2020-03-22 20:00:00.000,2020,3,22,20,28014KT,20,09
2020-03-22 21:00:00.000,2020,3,22,21,28012KT,19,09
2020-03-22 22:00:00.000,2020,3,22,22,28010KT,18,09
2020-03-22 23:00:00.000,2020,3,22,23,27009KT,16,09
2020-03-23 00:00:00.000,2020,3,23,0,29005KT,14,09
2020-03-23 01:00:00.000,2020,3,23,1,VRB02KT,12,10
2020-03-23 02:00:00.000,2020,3,23,2,31005KT,12,10
2020-03-23 03:00:00.000,2020,3,23,3,30003KT,12,10
2020-03-23 04:00:00.000,2020,3,23,4,VRB02KT,10,09
2020-03-23 05:00:00.000,2020,3,23,5,27003KT,11,09
2020-03-23 06:00:00.000,2020,3,23,6,34003KT,10,08
2020-03-23 07:00:00.000,2020,3,23,7,VRB02KT,10,09
2020-03-23 08:00:00.000,2020,3,23,8,29005KT,10,09
2020-03-23 09:00:00.000,2020,3,23,9,VRB02KT,10,09
2020-03-23 10:00:00.000,2020,3,23,10,05005KT,11,09
2020-03-23 11:00:00.000,2020,3,23,11,34004KT,10,08
2020-03-23 12:00:00.000,2020,3,23,12,03005KT,11,10
2020-03-23 13:00:00.000,2020,3,23,13,03006KT,15,10
2020-03-23 14:00:00.000,2020,3,23,14,06004KT,17,10
2020-03-23 15:00:00.000,2020,3,23,15,VRB04KT,17,10
2020-03-23 16:00:00.000,2020,3,23,16,VRB05KT,18,08
2020-03-23 17:00:00.000,2020,3,23,17,24010KT,18,09
2020-03-23 18:00:00.000,2020,3,23,18,21004KT,18,09
2020-03-23 19:00:00.000,2020,3,23,19,18007KT,18,08
2020-03-23 20:00:00.000,2020,3,23,20,25003KT,18,08
2020-03-23 21:00:00.000,2020,3,23,21,28007KT,19,09
2020-03-23 22:00:00.000,2020,3,23,22,17008KT,18,09
2020-03-23 23:00:00.000,2020,3,23,23,VRB05KT,17,09
2020-03-24 00:00:00.000,2020,3,24,0,01004KT,15,10
2020-03-24 01:00:00.000,2020,3,24,1,36005KT,14,10
2020-03-24 02:00:00.000,2020,3,24,2,03005KT,13,10
2020-03-24 03:00:00.000,2020,3,24,3,06008KT,14,10
2020-03-24 04:00:00.000,2020,3,24,4,02005KT,13,10
2020-03-24 05:00:00.000,2020,3,24,5,05005KT,13,10
2020-03-24 06:00:00.000,2020,3,24,6,03005KT,11,09
2020-03-24 07:00:00.000,2020,3,24,7,VRB02KT,11,10
2020-03-24 08:00:00.000,2020,3,24,8,04005KT,12,10
2020-03-24 09:00:00.000,2020,3,24,9,06005KT,12,10
2020-03-24 10:00:00.000,2020,3,24,10,03007KT,12,09
2020-03-24 11:00:00.000,2020,3,24,11,03004KT,11,10
2020-03-24 12:00:00.000,2020,3,24,12,02004KT,12,10
2020-03-24 13:00:00.000,2020,3,24,13,04005KT,14,10
2020-03-24 14:00:00.000,2020,3,24,14,08005KT,17,10
2020-03-24 15:00:00.000,2020,3,24,15,VRB02KT,18,09
2020-03-24 16:00:00.000,2020,3,24,16,36006KT,18,09
2020-03-24 17:00:00.000,2020,3,24,17,22007KT,15,11
2020-03-24 18:00:00.000,2020,3,24,18,32007KT,16,13
2020-03-24 19:00:00.000,2020,3,24,19,33008KT,17,11
2020-03-24 20:00:00.000,2020,3,24,20,25008KT,14,12
2020-03-24 21:00:00.000,2020,3,24,21,26006KT,14,12
2020-03-24 22:00:00.000,2020,3,24,22,VRB02KT,15,12
2020-03-24 23:00:00.000,2020,3,24,23,24005KT,14,11
2020-03-25 00:00:00.000,2020,3,25,0,26004KT,14,12
2020-03-25 01:00:00.000,2020,3,25,1,VRB02KT,13,11
2020-03-25 02:00:00.000,2020,3,25,2,VRB02KT,13,11
2020-03-25 03:00:00.000,2020,3,25,3,VRB02KT,13,11
2020-03-25 04:00:00.000,2020,3,25,4,31004KT,13,11
2020-03-25 05:00:00.000,2020,3,25,5,30004KT,13,11
2020-03-25 06:00:00.000,2020,3,25,6,VRB02KT,13,11
2020-03-25 07:00:00.000,2020,3,25,7,VRB02KT,12,10
2020-03-25 08:00:00.000,2020,3,25,8,VRB02KT,12,11
2020-03-25 09:00:00.000,2020,3,25,9,23003KT,12,10
2020-03-25 10:00:00.000,2020,3,25,10,15003KT,12,09
2020-03-25 11:00:00.000,2020,3,25,11,VRB02KT,10,08
2020-03-25 12:00:00.000,2020,3,25,12,VRB02KT,12,08
2020-03-25 13:00:00.000,2020,3,25,13,VRB02KT,15,10
2020-03-25 14:00:00.000,2020,3,25,14,11003KT,17,10
2020-03-25 15:00:00.000,2020,3,25,15,15004KT,19,09
2020-03-25 16:00:00.000,2020,3,25,16,14007KT,20,09
2020-03-25 17:00:00.000,2020,3,25,17,22005KT,21,09
2020-03-25 18:00:00.000,2020,3,25,18,27008KT,20,11
2020-03-25 19:00:00.000,2020,3,25,19,06006KT,19,09
2020-03-25 20:00:00.000,2020,3,25,20,30006KT,15,12
2020-03-25 21:00:00.000,2020,3,25,21,27006KT,15,13
2020-03-25 22:00:00.000,2020,3,25,22,32005KT,15,13
2020-03-25 23:00:00.000,2020,3,25,23,19003KT,15,12
2020-03-26 00:00:00.000,2020,3,26,0,33003KT,14,12
2020-03-26 01:00:00.000,2020,3,26,1,30003KT,14,13
2020-03-26 02:00:00.000,2020,3,26,2,25003KT,14,13
2020-03-26 03:00:00.000,2020,3,26,3,00000KT,14,13
2020-03-26 04:00:00.000,2020,3,26,4,04005KT,13,12
2020-03-26 05:00:00.000,2020,3,26,5,36003KT,13,12
2020-03-26 06:00:00.000,2020,3,26,6,33004KT,12,11
2020-03-26 07:00:00.000,2020,3,26,7,VRB02KT,12,11
2020-03-26 08:00:00.000,2020,3,26,8,VRB02KT,12,11
2020-03-26 09:00:00.000,2020,3,26,9,04004KT,12,11
2020-03-26 10:00:00.000,2020,3,26,10,VRB02KT,12,11
2020-03-26 11:00:00.000,2020,3,26,11,VRB02KT,11,11
2020-03-26 12:00:00.000,2020,3,26,12,04004KT,12,12
2020-03-26 13:00:00.000,2020,3,26,13,05006KT,15,13
2020-03-26 14:00:00.000,2020,3,26,14,06005KT,16,11
2020-03-26 15:00:00.000,2020,3,26,15,VRB02KT,19,11
2020-03-26 16:00:00.000,2020,3,26,16,VRB02KT,20,09
2020-03-26 17:00:00.000,2020,3,26,17,34006KT,21,10
2020-03-26 18:00:00.000,2020,3,26,18,29012KT,21,13
2020-03-26 19:00:00.000,2020,3,26,19,28014KT,21,12
2020-03-26 20:00:00.000,2020,3,26,20,27015KT,19,12
2020-03-26 21:00:00.000,2020,3,26,21,01009KT,19,12
2020-03-26 22:00:00.000,2020,3,26,22,12004KT,18,08
2020-03-26 23:00:00.000,2020,3,26,23,VRB02KT,16,09
2020-03-27 00:00:00.000,2020,3,27,0,32005KT,15,11
2020-03-27 01:00:00.000,2020,3,27,1,31005KT,13,11
2020-03-27 02:00:00.000,2020,3,27,2,VRB02KT,13,11
2020-03-27 03:00:00.000,2020,3,27,3,VRB02KT,12,11
2020-03-27 04:00:00.000,2020,3,27,4,VRB02KT,11,10
2020-03-27 05:00:00.000,2020,3,27,5,01004KT,10,09
2020-03-27 06:00:00.000,2020,3,27,6,04004KT,11,10
2020-03-27 07:00:00.000,2020,3,27,7,VRB02KT,10,10
2020-03-27 08:00:00.000,2020,3,27,8,VRB02KT,08,07
2020-03-27 09:00:00.000,2020,3,27,9,VRB02KT,09,08
2020-03-27 10:00:00.000,2020,3,27,10,34003KT,07,07
2020-03-27 11:00:00.000,2020,3,27,11,36004KT,08,08
2020-03-27 12:00:00.000,2020,3,27,12,36003KT,10,09
2020-03-27 13:00:00.000,2020,3,27,13,05003KT,11,11
2020-03-27 14:00:00.000,2020,3,27,14,05004KT,15,14
2020-03-27 15:00:00.000,2020,3,27,15,04007KT,19,09
2020-03-27 16:00:00.000,2020,3,27,16,30005KT,20,08
2020-03-27 17:00:00.000,2020,3,27,17,36006KT,21,05
2020-03-27 18:00:00.000,2020,3,27,18,30017KT,21,12
2020-03-27 19:00:00.000,2020,3,27,19,30012KT,21,12
2020-03-27 20:00:00.000,2020,3,27,20,29014G24KT,21,12
2020-03-27 21:00:00.000,2020,3,27,21,29014KT,19,11
2020-03-27 22:00:00.000,2020,3,27,22,31010KT,18,11
2020-03-27 23:00:00.000,2020,3,27,23,30008KT,17,12
2020-03-28 00:00:00.000,2020,3,28,0,30006KT,16,12
2020-03-28 01:00:00.000,2020,3,28,1,30008KT,15,12
2020-03-28 02:00:00.000,2020,3,28,2,29007KT,15,11
2020-03-28 03:00:00.000,2020,3,28,3,28004KT,14,12
2020-03-28 04:00:00.000,2020,3,28,4,32004KT,14,12
2020-03-28 05:00:00.000,2020,3,28,5,31005KT,14,12
2020-03-28 06:00:00.000,2020,3,28,6,VRB02KT,14,12
2020-03-28 07:00:00.000,2020,3,28,7,26003KT,14,12
2020-03-28 08:00:00.000,2020,3,28,8,25004KT,13,12
2020-03-28 09:00:00.000,2020,3,28,9,VRB02KT,13,12
2020-03-28 10:00:00.000,2020,3,28,10,03003KT,13,12
2020-03-28 11:00:00.000,2020,3,28,11,05003KT,13,12
2020-03-28 12:00:00.000,2020,3,28,12,36004KT,12,11
2020-03-28 13:00:00.000,2020,3,28,13,02004KT,13,12
2020-03-28 14:00:00.000,2020,3,28,14,02004KT,14,12
2020-03-28 15:00:00.000,2020,3,28,15,04004KT,16,13
2020-03-28 16:00:00.000,2020,3,28,16,VRB02KT,18,12
2020-03-28 17:00:00.000,2020,3,28,17,02004KT,20,09
2020-03-28 18:00:00.000,2020,3,28,18,31006KT,22,11
2020-03-28 19:00:00.000,2020,3,28,19,25010KT,21,12
2020-03-28 20:00:00.000,2020,3,28,20,25012KT,20,11
2020-03-28 21:00:00.000,2020,3,28,21,28012KT,20,12
2020-03-28 22:00:00.000,2020,3,28,22,27010KT,19,12
2020-03-28 23:00:00.000,2020,3,28,23,27008KT,17,12
2020-03-29 00:00:00.000,2020,3,29,0,26005KT,16,12
2020-03-29 01:00:00.000,2020,3,29,1,30004KT,15,12
2020-03-29 02:00:00.000,2020,3,29,2,VRB02KT,14,12
2020-03-29 03:00:00.000,2020,3,29,3,VRB02KT,14,12
2020-03-29 04:00:00.000,2020,3,29,4,VRB02KT,15,11
2020-03-29 05:00:00.000,2020,3,29,5,01004KT,12,10
2020-03-29 06:00:00.000,2020,3,29,6,VRB02KT,11,09
2020-03-29 07:00:00.000,2020,3,29,7,05005KT,10,09
2020-03-29 08:00:00.000,2020,3,29,8,VRB02KT,11,09
2020-03-29 09:00:00.000,2020,3,29,9,06004KT,10,09
2020-03-29 10:00:00.000,2020,3,29,10,04004KT,10,08
2020-03-29 11:00:00.000,2020,3,29,11,02004KT,10,08
2020-03-29 12:00:00.000,2020,3,29,12,03005KT,10,09
2020-03-29 13:00:00.000,2020,3,29,13,03009KT,14,10
2020-03-29 14:00:00.000,2020,3,29,14,VRB04KT,16,08
2020-03-29 15:00:00.000,2020,3,29,15,15011G21KT,19,06
2020-03-29 16:00:00.000,2020,3,29,16,14012KT,19,08
2020-03-29 17:00:00.000,2020,3,29,17,08006KT,20,09
2020-03-29 18:00:00.000,2020,3,29,18,18006KT,22,08
2020-03-29 19:00:00.000,2020,3,29,19,19004KT,21,09
2020-03-29 20:00:00.000,2020,3,29,20,20010KT,20,11
2020-03-29 21:00:00.000,2020,3,29,21,26009KT,19,11
2020-03-29 22:00:00.000,2020,3,29,22,27008KT,18,12
2020-03-29 23:00:00.000,2020,3,29,23,31006KT,16,11
2020-03-30 00:00:00.000,2020,3,30,0,36006KT,14,11
2020-03-30 01:00:00.000,2020,3,30,1,33003KT,13,11
2020-03-30 02:00:00.000,2020,3,30,2,VRB02KT,14,11
2020-03-30 03:00:00.000,2020,3,30,3,14005KT,13,09
2020-03-30 04:00:00.000,2020,3,30,4,33003KT,12,09
2020-03-30 05:00:00.000,2020,3,30,5,03005KT,12,09
2020-03-30 06:00:00.000,2020,3,30,6,08005KT,13,09
2020-03-30 07:00:00.000,2020,3,30,7,33004KT,12,09
2020-03-30 08:00:00.000,2020,3,30,8,05004KT,12,09
2020-03-30 09:00:00.000,2020,3,30,9,05004KT,12,09
2020-03-30 10:00:00.000,2020,3,30,10,04005KT,12,09
2020-03-30 11:00:00.000,2020,3,30,11,VRB02KT,11,08
2020-03-30 12:00:00.000,2020,3,30,12,04003KT,12,09
2020-03-30 13:00:00.000,2020,3,30,13,05007KT,15,08
2020-03-30 14:00:00.000,2020,3,30,14,02005KT,17,09
2020-03-30 15:00:00.000,2020,3,30,15,06005KT,17,09
2020-03-30 16:00:00.000,2020,3,30,16,11006KT,17,18
2020-03-30 17:00:00.000,2020,3,30,17,05005KT,17,08
2020-03-30 18:00:00.000,2020,3,30,18,12006KT,18,09
2020-03-30 19:00:00.000,2020,3,30,19,15012KT,19,08
2020-03-30 20:00:00.000,2020,3,30,20,05007KT,18,08
2020-03-30 21:00:00.000,2020,3,30,21,14009KT,18,08
2020-03-30 22:00:00.000,2020,3,30,22,14008KT,18,08
2020-03-30 23:00:00.000,2020,3,30,23,11006KT,17,09
2020-03-31 00:00:00.000,2020,3,31,0,13007KT,16,09
2020-03-31 01:00:00.000,2020,3,31,1,09003KT,16,09
2020-03-31 02:00:00.000,2020,3,31,2,11005KT,16,09
2020-03-31 03:00:00.000,2020,3,31,3,09006KT,16,09
2020-03-31 04:00:00.000,2020,3,31,4,10003KT,16,09
2020-03-31 05:00:00.000,2020,3,31,5,09004KT,15,09
2020-03-31 06:00:00.000,2020,3,31,6,VRB02KT,14,10
2020-03-31 07:00:00.000,2020,3,31,7,03005KT,12,10
2020-03-31 08:00:00.000,2020,3,31,8,02003KT,12,10
2020-03-31 09:00:00.000,2020,3,31,9,VRB02KT,11,09
2020-03-31 10:00:00.000,2020,3,31,10,26004KT,12,11
2020-03-31 11:00:00.000,2020,3,31,11,VRB02KT,12,10
2020-03-31 12:00:00.000,2020,3,31,12,VRB02KT,12,11
2020-03-31 13:00:00.000,2020,3,31,13,34004KT,14,12
2020-03-31 14:00:00.000,2020,3,31,14,VRB02KT,16,11
2020-03-31 15:00:00.000,2020,3,31,15,33003KT,16,10
2020-03-31 16:00:00.000,2020,3,31,16,17005KT,15,12
2020-03-31 17:00:00.000,2020,3,31,17,04009KT,17,10
2020-03-31 18:00:00.000,2020,3,31,18,04006KT,18,10
2020-03-31 19:00:00.000,2020,3,31,19,05006KT,18,10
2020-03-31 20:00:00.000,2020,3,31,20,03004KT,18,10
2020-03-31 21:00:00.000,2020,3,31,21,13005KT,19,09
2020-03-31 22:00:00.000,2020,3,31,22,11006KT,19,08
2020-03-31 23:00:00.000,2020,3,31,23,11007KT,18,09
2020-04-01 00:00:00.000,2020,4,1,0,12006KT,16,09
2020-04-01 01:00:00.000,2020,4,1,1,10004KT,15,09
2020-04-01 02:00:00.000,2020,4,1,2,30003KT,13,10
2020-04-01 03:00:00.000,2020,4,1,3,07003KT,12,10
2020-04-01 04:00:00.000,2020,4,1,4,28003KT,13,10
2020-04-01 05:00:00.000,2020,4,1,5,36003KT,11,09
2020-04-01 06:00:00.000,2020,4,1,6,30003KT,12,10
2020-04-01 07:00:00.000,2020,4,1,7,VRB02KT,12,11
2020-04-01 08:00:00.000,2020,4,1,8,VRB02KT,12,11
2020-04-01 09:00:00.000,2020,4,1,9,VRB02KT,12,10
2020-04-01 10:00:00.000,2020,4,1,10,02003KT,11,10
2020-04-01 11:00:00.000,2020,4,1,11,VRB02KT,12,11
2020-04-01 12:00:00.000,2020,4,1,12,VRB02KT,12,11
2020-04-01 13:00:00.000,2020,4,1,13,VRB02KT,14,12
2020-04-01 14:00:00.000,2020,4,1,14,VRB02KT,15,12
2020-04-01 15:00:00.000,2020,4,1,15,30004KT,17,12
2020-04-01 16:00:00.000,2020,4,1,16,06006KT,15,12
2020-04-01 17:00:00.000,2020,4,1,17,34003KT,15,12
2020-04-01 18:00:00.000,2020,4,1,18,27006KT,15,13
2020-04-01 19:00:00.000,2020,4,1,19,24004KT,16,13
2020-04-01 20:00:00.000,2020,4,1,20,23005KT,16,12
2020-04-01 21:00:00.000,2020,4,1,21,VRB02KT,18,11
2020-04-01 22:00:00.000,2020,4,1,22,21004KT,18,11
2020-04-01 23:00:00.000,2020,4,1,23,23005KT,16,13
2020-04-02 00:00:00.000,2020,4,2,0,VRB02KT,15,11
2020-04-02 01:00:00.000,2020,4,2,1,VRB02KT,13,11
2020-04-02 02:00:00.000,2020,4,2,2,VRB02KT,13,11
2020-04-02 03:00:00.000,2020,4,2,3,25005KT,13,11
2020-04-02 04:00:00.000,2020,4,2,4,VRB02KT,13,11
2020-04-02 05:00:00.000,2020,4,2,5,VRB02KT,13,11
2020-04-02 06:00:00.000,2020,4,2,6,28003KT,12,11
2020-04-02 07:00:00.000,2020,4,2,7,VRB02KT,13,11
2020-04-02 08:00:00.000,2020,4,2,8,04003KT,12,11
2020-04-02 09:00:00.000,2020,4,2,9,VRB02KT,13,12
2020-04-02 10:00:00.000,2020,4,2,10,01004KT,12,12
2020-04-02 11:00:00.000,2020,4,2,11,06005KT,12,11
2020-04-02 12:00:00.000,2020,4,2,12,05004KT,13,11
2020-04-02 13:00:00.000,2020,4,2,13,04008KT,14,12
2020-04-02 14:00:00.000,2020,4,2,14,05005KT,17,11
2020-04-02 15:00:00.000,2020,4,2,15,14008KT,19,10
2020-04-02 16:00:00.000,2020,4,2,16,11008KT,20,09
2020-04-02 17:00:00.000,2020,4,2,17,13007KT,19,09
2020-04-02 18:00:00.000,2020,4,2,18,24009KT,18,11
2020-04-02 19:00:00.000,2020,4,2,19,07004KT,19,10
2020-04-02 20:00:00.000,2020,4,2,20,20004KT,22,09
2020-04-02 21:00:00.000,2020,4,2,21,24008KT,17,12
2020-04-02 22:00:00.000,2020,4,2,22,31008KT,16,13
2020-04-02 23:00:00.000,2020,4,2,23,32006KT,15,12
2020-04-03 00:00:00.000,2020,4,3,0,31004KT,14,12
2020-04-03 01:00:00.000,2020,4,3,1,32004KT,14,11
2020-04-03 02:00:00.000,2020,4,3,2,02003KT,13,11
2020-04-03 03:00:00.000,2020,4,3,3,04007KT,13,10
2020-04-03 04:00:00.000,2020,4,3,4,05008KT,13,10
2020-04-03 05:00:00.000,2020,4,3,5,06006KT,13,11
2020-04-03 06:00:00.000,2020,4,3,6,05005KT,13,10
2020-04-03 07:00:00.000,2020,4,3,7,04005KT,12,10
2020-04-03 08:00:00.000,2020,4,3,8,01003KT,12,10
2020-04-03 09:00:00.000,2020,4,3,9,04006KT,11,10
2020-04-03 10:00:00.000,2020,4,3,10,VRB02KT,12,10
2020-04-03 11:00:00.000,2020,4,3,11,VRB02KT,13,11
2020-04-03 12:00:00.000,2020,4,3,12,03006KT,13,11
2020-04-03 13:00:00.000,2020,4,3,13,06004KT,15,11
2020-04-03 14:00:00.000,2020,4,3,14,09008KT,18,10
2020-04-03 15:00:00.000,2020,4,3,15,13010KT,19,09
2020-04-03 16:00:00.000,2020,4,3,16,12010KT,20,09
2020-04-03 17:00:00.000,2020,4,3,17,14010G20KT,21,10
2020-04-03 18:00:00.000,2020,4,3,18,09008KT,21,09
2020-04-03 19:00:00.000,2020,4,3,19,14016KT,20,09
2020-04-03 20:00:00.000,2020,4,3,20,15014KT,21,09
2020-04-03 21:00:00.000,2020,4,3,21,10008KT,20,09
2020-04-03 22:00:00.000,2020,4,3,22,15008KT,19,10
2020-04-03 23:00:00.000,2020,4,3,23,15008KT,18,10
2020-04-04 00:00:00.000,2020,4,4,0,14008KT,16,09
2020-04-04 01:00:00.000,2020,4,4,1,13005KT,17,10
2020-04-04 02:00:00.000,2020,4,4,2,17007KT,15,09
2020-04-04 03:00:00.000,2020,4,4,3,VRB02KT,14,10
2020-04-04 04:00:00.000,2020,4,4,4,34003KT,14,10
2020-04-04 05:00:00.000,2020,4,4,5,03003KT,14,11
2020-04-04 06:00:00.000,2020,4,4,6,03005KT,12,10
2020-04-04 07:00:00.000,2020,4,4,7,00000KT,13,11
2020-04-04 08:00:00.000,2020,4,4,8,VRB02KT,13,11
2020-04-04 09:00:00.000,2020,4,4,9,VRB02KT,13,11
2020-04-04 10:00:00.000,2020,4,4,10,VRB02KT,12,11
2020-04-04 11:00:00.000,2020,4,4,11,05004KT,11,10
2020-04-04 12:00:00.000,2020,4,4,12,05004KT,13,11
2020-04-04 13:00:00.000,2020,4,4,13,05006KT,15,11
2020-04-04 14:00:00.000,2020,4,4,14,02005KT,16,10
2020-04-04 15:00:00.000,2020,4,4,15,12005KT,18,10
2020-04-04 16:00:00.000,2020,4,4,16,10006KT,20,09
2020-04-04 17:00:00.000,2020,4,4,17,13009KT,20,09
2020-04-04 18:00:00.000,2020,4,4,18,13009KT,20,09
2020-04-04 19:00:00.000,2020,4,4,19,12009KT,19,08
2020-04-04 20:00:00.000,2020,4,4,20,11006KT,20,09
2020-04-04 21:00:00.000,2020,4,4,21,14007KT,19,09
2020-04-04 22:00:00.000,2020,4,4,22,03006KT,20,09
2020-04-04 23:00:00.000,2020,4,4,23,07005KT,19,09
2020-04-05 00:00:00.000,2020,4,5,0,03005KT,15,10
2020-04-05 01:00:00.000,2020,4,5,1,02003KT,14,10
2020-04-05 02:00:00.000,2020,4,5,2,06005KT,15,10
2020-04-05 03:00:00.000,2020,4,5,3,05004KT,13,10
2020-04-05 04:00:00.000,2020,4,5,4,02008KT,11,00
2020-04-05 05:00:00.000,2020,4,5,5,04006KT,12,10
2020-04-05 06:00:00.000,2020,4,5,6,09004KT,13,11
2020-04-05 07:00:00.000,2020,4,5,7,04003KT,13,11
2020-04-05 08:00:00.000,2020,4,5,8,29003KT,12,10
2020-04-05 09:00:00.000,2020,4,5,9,VRB02KT,10,08
2020-04-05 10:00:00.000,2020,4,5,10,VRB02KT,10,10
2020-04-05 11:00:00.000,2020,4,5,11,VRB02KT,11,10
2020-04-05 12:00:00.000,2020,4,5,12,25004KT,13,11
2020-04-05 13:00:00.000,2020,4,5,13,03004KT,16,12
2020-04-05 14:00:00.000,2020,4,5,14,05007KT,17,11
2020-04-05 15:00:00.000,2020,4,5,15,08010KT,19,10
2020-04-05 16:00:00.000,2020,4,5,16,13010KT,19,10
2020-04-05 17:00:00.000,2020,4,5,17,13008KT,19,09
2020-04-05 18:00:00.000,2020,4,5,18,35003KT,20,08
2020-04-05 19:00:00.000,2020,4,5,19,03007KT,19,09
2020-04-05 20:00:00.000,2020,4,5,20,05010KT,20,09
2020-04-05 21:00:00.000,2020,4,5,21,04006KT,20,08
2020-04-05 22:00:00.000,2020,4,5,22,18004KT,20,09
2020-04-05 23:00:00.000,2020,4,5,23,VRB04KT,19,09
2020-04-06 00:00:00.000,2020,4,6,0,13008KT,16,09
2020-04-06 01:00:00.000,2020,4,6,1,05003KT,14,09
2020-04-06 02:00:00.000,2020,4,6,2,09004KT,16,09
2020-04-06 03:00:00.000,2020,4,6,3,08005KT,16,10
2020-04-06 04:00:00.000,2020,4,6,4,06004KT,14,10
2020-04-06 05:00:00.000,2020,4,6,5,36004KT,13,10
2020-04-06 06:00:00.000,2020,4,6,6,VRB02KT,14,10
2020-04-06 07:00:00.000,2020,4,6,7,26005KT,13,10
2020-04-06 08:00:00.000,2020,4,6,8,VRB02KT,13,10
2020-04-06 09:00:00.000,2020,4,6,9,07003KT,13,11
2020-04-06 10:00:00.000,2020,4,6,10,VRB02KT,13,10
2020-04-06 11:00:00.000,2020,4,6,11,36004KT,12,10
2020-04-06 12:00:00.000,2020,4,6,12,VRB02KT,13,11
2020-04-06 13:00:00.000,2020,4,6,13,02005KT,15,11
2020-04-06 14:00:00.000,2020,4,6,14,05011KT,15,11
2020-04-06 15:00:00.000,2020,4,6,15,16004KT,16,11
2020-04-06 16:00:00.000,2020,4,6,16,10005KT,19,10
2020-04-06 17:00:00.000,2020,4,6,17,11008KT,20,10
2020-04-06 18:00:00.000,2020,4,6,18,13006KT,20,10
2020-04-06 19:00:00.000,2020,4,6,19,10005KT,21,10
2020-04-06 20:00:00.000,2020,4,6,20,21008KT,20,10
2020-04-06 21:00:00.000,2020,4,6,21,23010KT,18,11
2020-04-06 22:00:00.000,2020,4,6,22,25007KT,18,12
2020-04-06 23:00:00.000,2020,4,6,23,31006KT,16,12
2020-04-07 00:00:00.000,2020,4,7,0,VRB02KT,14,12
2020-04-07 01:00:00.000,2020,4,7,1,34004KT,14,12
2020-04-07 02:00:00.000,2020,4,7,2,36003KT,14,13
2020-04-07 03:00:00.000,2020,4,7,3,VRB02KT,14,12
2020-04-07 04:00:00.000,2020,4,7,4,09004KT,14,13
2020-04-07 05:00:00.000,2020,4,7,5,VRB02KT,14,12
2020-04-07 06:00:00.000,2020,4,7,6,09012KT,14,10
2020-04-07 07:00:00.000,2020,4,7,7,07006KT,13,10
2020-04-07 08:00:00.000,2020,4,7,8,05008KT,12,10
2020-04-07 09:00:00.000,2020,4,7,9,06007KT,12,10
2020-04-07 10:00:00.000,2020,4,7,10,04003KT,12,10
2020-04-07 11:00:00.000,2020,4,7,11,05007KT,12,10
2020-04-07 12:00:00.000,2020,4,7,12,05007KT,13,10
2020-04-07 13:00:00.000,2020,4,7,13,06004KT,14,11
2020-04-07 14:00:00.000,2020,4,7,14,05004KT,16,10
2020-04-07 15:00:00.000,2020,4,7,15,14006KT,18,09
2020-04-07 16:00:00.000,2020,4,7,16,11008KT,21,10
2020-04-07 17:00:00.000,2020,4,7,17,10009KT,19,09
2020-04-07 18:00:00.000,2020,4,7,18,09009KT,18,10
2020-04-07 19:00:00.000,2020,4,7,19,06010KT,18,10
2020-04-07 20:00:00.000,2020,4,7,20,07008KT,18,10
2020-04-07 21:00:00.000,2020,4,7,21,12007KT,20,10
2020-04-07 22:00:00.000,2020,4,7,22,07007KT,19,09
2020-04-07 23:00:00.000,2020,4,7,23,11005KT,17,10
2020-04-08 00:00:00.000,2020,4,8,0,14008KT,16,10
2020-04-08 01:00:00.000,2020,4,8,1,08004KT,16,10
2020-04-08 02:00:00.000,2020,4,8,2,13008KT,16,10
2020-04-08 03:00:00.000,2020,4,8,3,04004KT,15,09
2020-04-08 04:00:00.000,2020,4,8,4,05004KT,13,10
2020-04-08 05:00:00.000,2020,4,8,5,04005KT,14,11
2020-04-08 06:00:00.000,2020,4,8,6,00000KT,14,11
2020-04-08 07:00:00.000,2020,4,8,7,05004KT,13,10
2020-04-08 08:00:00.000,2020,4,8,8,04006KT,13,11
2020-04-08 09:00:00.000,2020,4,8,9,07004KT,13,11
2020-04-08 10:00:00.000,2020,4,8,10,23003KT,12,11
2020-04-08 11:00:00.000,2020,4,8,11,02003KT,10,09
2020-04-08 12:00:00.000,2020,4,8,12,VRB02KT,13,11
2020-04-08 13:00:00.000,2020,4,8,13,VRB03KT,16,12
2020-04-08 14:00:00.000,2020,4,8,14,08006KT,19,10
2020-04-08 15:00:00.000,2020,4,8,15,13010KT,19,09
2020-04-08 16:00:00.000,2020,4,8,16,12010KT,21,09
2020-04-08 17:00:00.000,2020,4,8,17,VRB04KT,21,09
2020-04-08 18:00:00.000,2020,4,8,18,09008KT,19,10
2020-04-08 19:00:00.000,2020,4,8,19,16011KT,18,11
2020-04-08 20:00:00.000,2020,4,8,20,05006KT,15,13
2020-04-08 21:00:00.000,2020,4,8,21,31003KT,15,13
2020-04-08 22:00:00.000,2020,4,8,22,VRB02KT,15,13
2020-04-08 23:00:00.000,2020,4,8,23,VRB02KT,15,12
2020-04-09 00:00:00.000,2020,4,9,0,VRB02KT,14,11
2020-04-09 01:00:00.000,2020,4,9,1,08003KT,15,11
2020-04-09 02:00:00.000,2020,4,9,2,10006KT,15,10
2020-04-09 03:00:00.000,2020,4,9,3,06004KT,14,10
2020-04-09 04:00:00.000,2020,4,9,4,08004KT,14,09
2020-04-09 05:00:00.000,2020,4,9,5,VRB02KT,13,09
2020-04-09 06:00:00.000,2020,4,9,6,04006KT,13,10
2020-04-09 07:00:00.000,2020,4,9,7,VRB02KT,13,10
2020-04-09 08:00:00.000,2020,4,9,8,01003KT,13,10
2020-04-09 09:00:00.000,2020,4,9,9,VRB02KT,13,10
2020-04-09 10:00:00.000,2020,4,9,10,VRB02KT,11,09
2020-04-09 11:00:00.000,2020,4,9,11,VRB02KT,11,09
2020-04-09 12:00:00.000,2020,4,9,12,05005KT,12,11
2020-04-09 13:00:00.000,2020,4,9,13,05005KT,15,11
2020-04-09 14:00:00.000,2020,4,9,14,03005KT,18,10
2020-04-09 15:00:00.000,2020,4,9,15,07007KT,20,10
2020-04-09 16:00:00.000,2020,4,9,16,15011KT,19,10
2020-04-09 17:00:00.000,2020,4,9,17,20009KT,20,10
2020-04-09 18:00:00.000,2020,4,9,18,16013KT,21,10
2020-04-09 19:00:00.000,2020,4,9,19,16009KT,20,09
2020-04-09 20:00:00.000,2020,4,9,20,13012KT,20,08
2020-04-09 21:00:00.000,2020,4,9,21,15011KT,19,08
2020-04-09 22:00:00.000,2020,4,9,22,VRB02KT,19,08
2020-04-09 23:00:00.000,2020,4,9,23,24009KT,16,12
2020-04-10 00:00:00.000,2020,4,10,0,30004KT,15,11
2020-04-10 01:00:00.000,2020,4,10,1,32003KT,15,11
2020-04-10 02:00:00.000,2020,4,10,2,33003KT,14,10
2020-04-10 03:00:00.000,2020,4,10,3,04005KT,13,10
2020-04-10 04:00:00.000,2020,4,10,4,03006KT,12,09
2020-04-10 05:00:00.000,2020,4,10,5,07003KT,12,10
2020-04-10 06:00:00.000,2020,4,10,6,03005KT,10,08
2020-04-10 07:00:00.000,2020,4,10,7,04007KT,11,09
2020-04-10 08:00:00.000,2020,4,10,8,05006KT,10,08
2020-04-10 09:00:00.000,2020,4,10,9,03004KT,10,08
2020-04-10 10:00:00.000,2020,4,10,10,05003KT,09,08
2020-04-10 11:00:00.000,2020,4,10,11,03003KT,10,08
2020-04-10 12:00:00.000,2020,4,10,12,04005KT,11,09
2020-04-10 13:00:00.000,2020,4,10,13,03004KT,14,10
2020-04-10 14:00:00.000,2020,4,10,14,06007KT,16,10
2020-04-10 15:00:00.000,2020,4,10,15,08005KT,17,10
2020-04-10 16:00:00.000,2020,4,10,16,11007KT,18,09
2020-04-10 17:00:00.000,2020,4,10,17,13009KT,19,10
2020-04-10 18:00:00.000,2020,4,10,18,12008KT,19,09
2020-04-10 19:00:00.000,2020,4,10,19,10007KT,19,09
2020-04-10 20:00:00.000,2020,4,10,20,13009KT,20,11
2020-04-10 21:00:00.000,2020,4,10,21,08007KT,19,09
2020-04-10 22:00:00.000,2020,4,10,22,09007KT,18,09
2020-04-10 23:00:00.000,2020,4,10,23,24006KT,16,13
2020-04-11 00:00:00.000,2020,4,11,0,30006KT,15,12
2020-04-11 01:00:00.000,2020,4,11,1,03005KT,15,11
2020-04-11 02:00:00.000,2020,4,11,2,36004KT,15,12
2020-04-11 03:00:00.000,2020,4,11,3,04003KT,13,11
2020-04-11 04:00:00.000,2020,4,11,4,05004KT,13,10
2020-04-11 05:00:00.000,2020,4,11,5,VRB02KT,12,10
2020-04-11 06:00:00.000,2020,4,11,6,06005KT,13,10
2020-04-11 07:00:00.000,2020,4,11,7,04005KT,12,10
2020-04-11 08:00:00.000,2020,4,11,8,07005KT,12,10
2020-04-11 09:00:00.000,2020,4,11,9,03006KT,12,10
2020-04-11 10:00:00.000,2020,4,11,10,06006KT,12,10
2020-04-11 11:00:00.000,2020,4,11,11,VRB02KT,12,10
2020-04-11 12:00:00.000,2020,4,11,12,03004KT,13,11
2020-04-11 13:00:00.000,2020,4,11,13,06006KT,15,11
2020-04-11 14:00:00.000,2020,4,11,14,04007KT,15,11
2020-04-11 15:00:00.000,2020,4,11,15,04006KT,16,11
2020-04-11 16:00:00.000,2020,4,11,16,06006KT,18,11
2020-04-11 17:00:00.000,2020,4,11,17,12006KT,19,09
2020-04-11 18:00:00.000,2020,4,11,18,12009KT,19,09
2020-04-11 19:00:00.000,2020,4,11,19,13007KT,19,10
2020-04-11 20:00:00.000,2020,4,11,20,11007KT,20,10
2020-04-11 21:00:00.000,2020,4,11,21,11006KT,20,09
2020-04-11 22:00:00.000,2020,4,11,22,26005KT,18,12
2020-04-11 23:00:00.000,2020,4,11,23,22005KT,16,12
2020-04-12 00:00:00.000,2020,4,12,0,26006KT,15,12
2020-04-12 01:00:00.000,2020,4,12,1,02004KT,13,11
2020-04-12 02:00:00.000,2020,4,12,2,03004KT,13,11
2020-04-12 03:00:00.000,2020,4,12,3,02004KT,13,11
2020-04-12 04:00:00.000,2020,4,12,4,04007KT,14,12
2020-04-12 05:00:00.000,2020,4,12,5,05009KT,13,11
2020-04-12 06:00:00.000,2020,4,12,6,03007KT,13,12
2020-04-12 07:00:00.000,2020,4,12,7,04007KT,13,11
2020-04-12 08:00:00.000,2020,4,12,8,06008KT,13,11
2020-04-12 09:00:00.000,2020,4,12,9,03004KT,13,11
2020-04-12 10:00:00.000,2020,4,12,10,05005KT,13,11
2020-04-12 11:00:00.000,2020,4,12,11,05006KT,13,10
2020-04-12 12:00:00.000,2020,4,12,12,05007KT,15,11
2020-04-12 13:00:00.000,2020,4,12,13,06007KT,16,11
2020-04-12 14:00:00.000,2020,4,12,14,11008KT,17,09
2020-04-12 15:00:00.000,2020,4,12,15,10010KT,18,09
2020-04-12 16:00:00.000,2020,4,12,16,12010KT,19,09
2020-04-12 17:00:00.000,2020,4,12,17,13010KT,18,09
2020-04-12 18:00:00.000,2020,4,12,18,VRB05KT,20,08
2020-04-12 19:00:00.000,2020,4,12,19,05008KT,19,08
2020-04-12 20:00:00.000,2020,4,12,20,07005KT,20,08
2020-04-12 21:00:00.000,2020,4,12,21,07007KT,20,07
2020-04-12 22:00:00.000,2020,4,12,22,09008KT,20,07
2020-04-12 23:00:00.000,2020,4,12,23,13010KT,18,08
2020-04-13 00:00:00.000,2020,4,13,0,11006KT,17,08
2020-04-13 01:00:00.000,2020,4,13,1,11007KT,16,08
2020-04-13 02:00:00.000,2020,4,13,2,09005KT,15,09
2020-04-13 03:00:00.000,2020,4,13,3,07004KT,13,09
2020-04-13 04:00:00.000,2020,4,13,4,02005KT,12,09
2020-04-13 05:00:00.000,2020,4,13,5,03003KT,12,09
2020-04-13 06:00:00.000,2020,4,13,6,04004KT,11,09
2020-04-13 07:00:00.000,2020,4,13,7,VRB02KT,12,07
2020-04-13 08:00:00.000,2020,4,13,8,VRB02KT,10,08
2020-04-13 09:00:00.000,2020,4,13,9,06005KT,10,08
2020-04-13 10:00:00.000,2020,4,13,10,04007KT,08,06
2020-04-13 11:00:00.000,2020,4,13,11,06006KT,09,07
2020-04-13 12:00:00.000,2020,4,13,12,32003KT,10,07
2020-04-13 13:00:00.000,2020,4,13,13,06006KT,14,07
2020-04-13 14:00:00.000,2020,4,13,14,08005KT,17,07
2020-04-13 15:00:00.000,2020,4,13,15,04007KT,19,06
2020-04-13 16:00:00.000,2020,4,13,16,04006KT,20,07
2020-04-13 17:00:00.000,2020,4,13,17,32004KT,20,08
2020-04-13 18:00:00.000,2020,4,13,18,30009KT,22,10
2020-04-13 19:00:00.000,2020,4,13,19,30015KT,22,11
2020-04-13 20:00:00.000,2020,4,13,20,30015KT,22,11
2020-04-13 21:00:00.000,2020,4,13,21,27012KT,20,12
2020-04-13 22:00:00.000,2020,4,13,22,27012KT,19,12
2020-04-13 23:00:00.000,2020,4,13,23,02008KT,15,12
2020-04-14 00:00:00.000,2020,4,14,0,31004KT,15,11
2020-04-14 01:00:00.000,2020,4,14,1,VRB02KT,14,12
2020-04-14 02:00:00.000,2020,4,14,2,32003KT,13,12
2020-04-14 03:00:00.000,2020,4,14,3,35004KT,14,12
2020-04-14 04:00:00.000,2020,4,14,4,34004KT,14,12
2020-04-14 05:00:00.000,2020,4,14,5,05005KT,14,12
2020-04-14 06:00:00.000,2020,4,14,6,32003KT,12,10
2020-04-14 07:00:00.000,2020,4,14,7,34003KT,12,11
2020-04-14 08:00:00.000,2020,4,14,8,02003KT,12,10
2020-04-14 09:00:00.000,2020,4,14,9,VRB02KT,11,10
2020-04-14 10:00:00.000,2020,4,14,10,VRB02KT,11,10
2020-04-14 11:00:00.000,2020,4,14,11,VRB2KT,12,09
2020-04-14 12:00:00.000,2020,4,14,12,33003KT,12,11
2020-04-14 13:00:00.000,2020,4,14,13,33004KT,14,11
2020-04-14 14:00:00.000,2020,4,14,14,09003KT,17,10
2020-04-14 15:00:00.000,2020,4,14,15,31004KT,18,09
2020-04-14 16:00:00.000,2020,4,14,16,32011KT,18,10
2020-04-14 17:00:00.000,2020,4,14,17,31010KT,19,10
2020-04-14 18:00:00.000,2020,4,14,18,31014KT,21,11
2020-04-14 19:00:00.000,2020,4,14,19,32014KT,20,10
2020-04-14 20:00:00.000,2020,4,14,20,32014KT,20,10
2020-04-14 21:00:00.000,2020,4,14,21,32015KT,19,10
2020-04-14 22:00:00.000,2020,4,14,22,33012KT,19,10
2020-04-14 23:00:00.000,2020,4,14,23,32009KT,16,10
2020-04-15 00:00:00.000,2020,4,15,0,29008KT,14,11
2020-04-15 01:00:00.000,2020,4,15,1,30007KT,13,11
2020-04-15 02:00:00.000,2020,4,15,2,26004KT,13,11
2020-04-15 03:00:00.000,2020,4,15,3,VRB02KT,12,10
2020-04-15 04:00:00.000,2020,4,15,4,32004KT,11,10
2020-04-15 05:00:00.000,2020,4,15,5,32003KT,10,09
2020-04-15 06:00:00.000,2020,4,15,6,30003KT,10,09
2020-04-15 07:00:00.000,2020,4,15,7,VRB02KT,09,09
2020-04-15 08:00:00.000,2020,4,15,8,VRB02KT,07,07
2020-04-15 09:00:00.000,2020,4,15,9,35003KT,08,08
2020-04-15 10:00:00.000,2020,4,15,10,VRB02KT,07,07
2020-04-15 11:00:00.000,2020,4,15,11,01004KT,06,06
2020-04-15 12:00:00.000,2020,4,15,12,VRB02KT,10,09
2020-04-15 13:00:00.000,2020,4,15,13,VRB02KT,14,10
2020-04-15 14:00:00.000,2020,4,15,14,VRB02KT,15,10
2020-04-15 15:00:00.000,2020,4,15,15,31005KT,17,09
2020-04-15 16:00:00.000,2020,4,15,16,32007KT,18,10
2020-04-15 17:00:00.000,2020,4,15,17,32010KT,20,11
2020-04-15 18:00:00.000,2020,4,15,18,32011KT,20,10
2020-04-15 19:00:00.000,2020,4,15,19,33011KT,20,10
2020-04-15 20:00:00.000,2020,4,15,20,34010KT,20,09
2020-04-15 21:00:00.000,2020,4,15,21,33012KT,20,09
2020-04-15 22:00:00.000,2020,4,15,22,32012KT,18,09
2020-04-15 23:00:00.000,2020,4,15,23,32011KT,15,10
2020-04-16 00:00:00.000,2020,4,16,0,29010KT,14,11
2020-04-16 01:00:00.000,2020,4,16,1,30010KT,13,10
2020-04-16 02:00:00.000,2020,4,16,2,24004KT,13,10
2020-04-16 03:00:00.000,2020,4,16,3,25005KT,13,10
2020-04-16 04:00:00.000,2020,4,16,4,31003KT,13,09
2020-04-16 05:00:00.000,2020,4,16,5,00000KT,10,09
2020-04-16 06:00:00.000,2020,4,16,6,VRB02KT,08,07
2020-04-16 07:00:00.000,2020,4,16,7,VRB02KT,08,07
2020-04-16 08:00:00.000,2020,4,16,8,00000KT,09,08
2020-04-16 09:00:00.000,2020,4,16,9,01003KT,06,06
2020-04-16 10:00:00.000,2020,4,16,10,34003KT,07,07
2020-04-16 11:00:00.000,2020,4,16,11,05006KT,07,07
2020-04-16 12:00:00.000,2020,4,16,12,33003KT,10,10
2020-04-16 13:00:00.000,2020,4,16,13,05008KT,14,10
2020-04-16 14:00:00.000,2020,4,16,14,05006KT,17,10
2020-04-16 15:00:00.000,2020,4,16,15,06007KT,19,10
2020-04-16 16:00:00.000,2020,4,16,16,08010KT,21,09
2020-04-16 17:00:00.000,2020,4,16,17,02006KT,20,08
2020-04-16 18:00:00.000,2020,4,16,18,27010KT,20,11
2020-04-16 19:00:00.000,2020,4,16,19,26013KT,20,11
2020-04-16 20:00:00.000,2020,4,16,20,25011KT,20,10
2020-04-16 21:00:00.000,2020,4,16,21,25010KT,19,10
2020-04-16 22:00:00.000,2020,4,16,22,25005KT,17,11
2020-04-16 23:00:00.000,2020,4,16,23,26004KT,16,11
2020-04-17 00:00:00.000,2020,4,17,0,VRB02KT,14,11
2020-04-17 01:00:00.000,2020,4,17,1,VRB02KT,13,11
2020-04-17 02:00:00.000,2020,4,17,2,15003KT,13,12
2020-04-17 03:00:00.000,2020,4,17,3,01003KT,12,11
2020-04-17 04:00:00.000,2020,4,17,4,04003KT,12,11
2020-04-17 05:00:00.000,2020,4,17,5,VRB02KT,11,10
2020-04-17 06:00:00.000,2020,4,17,6,02004KT,11,10
2020-04-17 07:00:00.000,2020,4,17,7,02004KT,11,10
2020-04-17 08:00:00.000,2020,4,17,8,VRB02KT,12,10
2020-04-17 09:00:00.000,2020,4,17,9,02003KT,12,10
2020-04-17 10:00:00.000,2020,4,17,10,34004KT,12,10
2020-04-17 11:00:00.000,2020,4,17,11,03003KT,12,10
2020-04-17 12:00:00.000,2020,4,17,12,VRB02KT,13,10
2020-04-17 13:00:00.000,2020,4,17,13,04003KT,13,11
2020-04-17 14:00:00.000,2020,4,17,14,05005KT,15,10
2020-04-17 15:00:00.000,2020,4,17,15,04006KT,16,11
2020-04-17 16:00:00.000,2020,4,17,16,18005KT,16,09
2020-04-17 17:00:00.000,2020,4,17,17,14011KT,18,09
2020-04-17 18:00:00.000,2020,4,17,18,15011KT,17,09
2020-04-17 19:00:00.000,2020,4,17,19,18009KT,16,09
2020-04-17 20:00:00.000,2020,4,17,20,06005KT,18,08
2020-04-17 21:00:00.000,2020,4,17,21,14005KT,17,09
2020-04-17 22:00:00.000,2020,4,17,22,15008KT,17,08
2020-04-17 23:00:00.000,2020,4,17,23,15009KT,16,08
2020-04-18 00:00:00.000,2020,4,18,0,11004KT,15,08
2020-04-18 01:00:00.000,2020,4,18,1,12005KT,14,08
2020-04-18 02:00:00.000,2020,4,18,2,VRB02KT,12,08
2020-04-18 03:00:00.000,2020,4,18,3,34004KT,11,08
2020-04-18 04:00:00.000,2020,4,18,4,36003KT,10,08
2020-04-18 05:00:00.000,2020,4,18,5,04003KT,10,08
2020-04-18 06:00:00.000,2020,4,18,6,00000KT,11,09
2020-04-18 07:00:00.000,2020,4,18,7,01003KT,10,09
2020-04-18 08:00:00.000,2020,4,18,8,01003KT,10,08
2020-04-18 09:00:00.000,2020,4,18,9,02004KT,10,09
2020-04-18 10:00:00.000,2020,4,18,10,01004KT,09,08
2020-04-18 11:00:00.000,2020,4,18,11,VRB02KT,10,08
2020-04-18 12:00:00.000,2020,4,18,12,VRB02KT,11,09
2020-04-18 13:00:00.000,2020,4,18,13,36006KT,15,09
2020-04-18 14:00:00.000,2020,4,18,14,08006KT,17,09
2020-04-18 15:00:00.000,2020,4,18,15,12007KT,18,09
2020-04-18 16:00:00.000,2020,4,18,16,13006KT,19,07
2020-04-18 17:00:00.000,2020,4,18,17,10007KT,19,07
2020-04-18 18:00:00.000,2020,4,18,18,13007KT,19,07
2020-04-18 19:00:00.000,2020,4,18,19,14006KT,18,08
2020-04-18 20:00:00.000,2020,4,18,20,14010KT,18,08
2020-04-18 21:00:00.000,2020,4,18,21,20007KT,18,08
2020-04-18 22:00:00.000,2020,4,18,22,21010KT,17,08
2020-04-18 23:00:00.000,2020,4,18,23,13004KT,16,08
2020-04-19 00:00:00.000,2020,4,19,0,34003KT,14,09
2020-04-19 01:00:00.000,2020,4,19,1,20007KT,15,08
2020-04-19 02:00:00.000,2020,4,19,2,28005KT,13,09
2020-04-19 03:00:00.000,2020,4,19,3,30004KT,12,10
2020-04-19 04:00:00.000,2020,4,19,4,31003KT,13,10
2020-04-19 05:00:00.000,2020,4,19,5,31003KT,12,10
2020-04-19 06:00:00.000,2020,4,19,6,36003KT,11,10
2020-04-19 07:00:00.000,2020,4,19,7,28003KT,11,09
2020-04-19 08:00:00.000,2020,4,19,8,25004KT,11,09
2020-04-19 09:00:00.000,2020,4,19,9,22003KT,11,10
2020-04-19 10:00:00.000,2020,4,19,10,VRB02KT,11,10
2020-04-19 11:00:00.000,2020,4,19,11,VRB02KT,09,09
2020-04-19 12:00:00.000,2020,4,19,12,VRB02KT,10,08
2020-04-19 13:00:00.000,2020,4,19,13,VRB02KT,12,10
2020-04-19 14:00:00.000,2020,4,19,14,34003KT,14,11
2020-04-19 15:00:00.000,2020,4,19,15,VRB02KT,18,09
2020-04-19 16:00:00.000,2020,4,19,16,07005KT,19,09
2020-04-19 17:00:00.000,2020,4,19,17,14003KT,20,06
2020-04-19 18:00:00.000,2020,4,19,18,29006KT,20,09
2020-04-19 19:00:00.000,2020,4,19,19,23011KT,18,10
2020-04-19 20:00:00.000,2020,4,19,20,26012KT,19,11
2020-04-19 21:00:00.000,2020,4,19,21,26009KT,18,10
2020-04-19 22:00:00.000,2020,4,19,22,27009KT,17,11
2020-04-19 23:00:00.000,2020,4,19,23,26005KT,16,12
2020-04-20 00:00:00.000,2020,4,20,0,20004KT,14,12
2020-04-20 01:00:00.000,2020,4,20,1,29004KT,13,12
2020-04-20 02:00:00.000,2020,4,20,2,29004KT,13,11
2020-04-20 03:00:00.000,2020,4,20,3,04003KT,12,11
2020-04-20 04:00:00.000,2020,4,20,4,03003KT,12,11
2020-04-20 05:00:00.000,2020,4,20,5,VRB02KT,11,10
2020-04-20 06:00:00.000,2020,4,20,6,33003KT,10,09
2020-04-20 07:00:00.000,2020,4,20,7,VRB02KT,09,08
2020-04-20 08:00:00.000,2020,4,20,8,33003KT,09,09
2020-04-20 09:00:00.000,2020,4,20,9,VRB02KT,09,08
2020-04-20 10:00:00.000,2020,4,20,10,VRB02KT,09,08
2020-04-20 11:00:00.000,2020,4,20,11,36003KT,09,08
2020-04-20 12:00:00.000,2020,4,20,12,VRB02KT,10,10
2020-04-20 13:00:00.000,2020,4,20,13,06006KT,15,11
2020-04-20 15:00:00.000,2020,4,20,15,12008KT,19,08
2020-04-20 17:00:00.000,2020,4,20,17,18010KT,19,09
2020-04-20 18:00:00.000,2020,4,20,18,18008KT,20,08
2020-04-20 19:00:00.000,2020,4,20,19,11005KT,20,08
2020-04-20 20:00:00.000,2020,4,20,20,VRB07KT,20,11
2020-04-20 21:00:00.000,2020,4,20,21,25010KT,19,11
2020-04-20 22:00:00.000,2020,4,20,22,27010KT,18,10
2020-04-20 23:00:00.000,2020,4,20,23,26007KT,16,07
2020-04-21 00:00:00.000,2020,4,21,0,28006KT,15,09
2020-04-21 01:00:00.000,2020,4,21,1,32005KT,15,11
2020-04-21 02:00:00.000,2020,4,21,2,05006KT,14,09
2020-04-21 03:00:00.000,2020,4,21,3,VRB02KT,12,11
2020-04-21 04:00:00.000,2020,4,21,4,14005KT,12,11
2020-04-21 05:00:00.000,2020,4,21,5,VRB02KT,12,11
2020-04-21 06:00:00.000,2020,4,21,6,04005KT,12,11
2020-04-21 07:00:00.000,2020,4,21,7,VRB02KT,12,11
2020-04-21 08:00:00.000,2020,4,21,8,00000KT,12,11
2020-04-21 09:00:00.000,2020,4,21,9,27004KT,12,11
2020-04-21 10:00:00.000,2020,4,21,10,VRB02KT,12,11
2020-04-21 11:00:00.000,2020,4,21,11,00000KT,12,11
2020-04-21 12:00:00.000,2020,4,21,12,VRB02KT,12,11
2020-04-21 13:00:00.000,2020,4,21,13,02003KT,13,12
2020-04-21 14:00:00.000,2020,4,21,14,03004KT,14,12
2020-04-21 15:00:00.000,2020,4,21,15,02004KT,15,12
2020-04-21 16:00:00.000,2020,4,21,16,34003KT,17,11
2020-04-21 17:00:00.000,2020,4,21,17,33005KT,15,12
2020-04-21 18:00:00.000,2020,4,21,18,29009KT,17,12
2020-04-21 19:00:00.000,2020,4,21,19,31007KT,17,12
2020-04-21 20:00:00.000,2020,4,21,20,01007KT,16,12
2020-04-21 21:00:00.000,2020,4,21,21,24004KT,14,13
2020-04-21 22:00:00.000,2020,4,21,22,24006KT,16,12
2020-04-21 23:00:00.000,2020,4,21,23,23005KT,15,12
2020-04-22 00:00:00.000,2020,4,22,0,VRB02KT,14,11
2020-04-22 01:00:00.000,2020,4,22,1,VRB02KT,14,11
2020-04-22 02:00:00.000,2020,4,22,2,VRB02KT,13,12
2020-04-22 03:00:00.000,2020,4,22,3,VRB02KT,12,11
2020-04-22 04:00:00.000,2020,4,22,4,VRB02KT,13,12
2020-04-22 05:00:00.000,2020,4,22,5,VRB02KT,12,11
2020-04-22 06:00:00.000,2020,4,22,6,24003KT,13,11
2020-04-22 07:00:00.000,2020,4,22,7,VRB02KT,13,12
2020-04-22 08:00:00.000,2020,4,22,8,VRB02KT,12,11
2020-04-22 09:00:00.000,2020,4,22,9,VRB02KT,13,11
2020-04-22 10:00:00.000,2020,4,22,10,VRB02KT,12,11
2020-04-22 11:00:00.000,2020,4,22,11,VRB02KT,12,11
2020-04-22 12:00:00.000,2020,4,22,12,VRB02KT,13,12
2020-04-22 13:00:00.000,2020,4,22,13,03004KT,14,12
2020-04-22 14:00:00.000,2020,4,22,14,VRB03KT,17,12
2020-04-22 15:00:00.000,2020,4,22,15,VRB02KT,18,10
2020-04-22 16:00:00.000,2020,4,22,16,VRB03KT,18,10
2020-04-22 17:00:00.000,2020,4,22,17,VRB03KT,19,11
2020-04-22 18:00:00.000,2020,4,22,18,27005KT,19,10
2020-04-22 19:00:00.000,2020,4,22,19,24009KT,18,12
2020-04-22 20:00:00.000,2020,4,22,20,30009KT,14,12
2020-04-22 21:00:00.000,2020,4,22,21,29006KT,15,13
2020-04-22 22:00:00.000,2020,4,22,22,30003KT,15,13
2020-04-22 23:00:00.000,2020,4,22,23,20003KT,15,13
2020-04-23 00:00:00.000,2020,4,23,0,24005KT,14,13
2020-04-23 01:00:00.000,2020,4,23,1,23005KT,14,13
2020-04-23 02:00:00.000,2020,4,23,2,VRB02KT,13,12
2020-04-23 03:00:00.000,2020,4,23,3,VRB02KT,13,12
2020-04-23 04:00:00.000,2020,4,23,4,VRB02KT,13,12
2020-04-23 05:00:00.000,2020,4,23,5,09003KT,13,11
2020-04-23 06:00:00.000,2020,4,23,6,09003KT,13,11
2020-04-23 07:00:00.000,2020,4,23,7,VRB02KT,11,10
2020-04-23 08:00:00.000,2020,4,23,8,VRB02KT,11,10
2020-04-23 09:00:00.000,2020,4,23,9,05004KT,10,10
2020-04-23 10:00:00.000,2020,4,23,10,04005KT,11,10
2020-04-23 11:00:00.000,2020,4,23,11,04005KT,11,10
2020-04-23 12:00:00.000,2020,4,23,12,07004KT,12,10
2020-04-23 13:00:00.000,2020,4,23,13,07005KT,13,10
2020-04-23 14:00:00.000,2020,4,23,14,04004KT,16,10
2020-04-23 15:00:00.000,2020,4,23,15,04006KT,16,10
2020-04-23 16:00:00.000,2020,4,23,16,07007KT,17,11
2020-04-23 17:00:00.000,2020,4,23,17,05010KT,16,11
2020-04-23 18:00:00.000,2020,4,23,18,05010KT,16,11
2020-04-23 19:00:00.000,2020,4,23,19,06005KT,16,10
2020-04-23 20:00:00.000,2020,4,23,20,05010KT,16,10
2020-04-23 21:00:00.000,2020,4,23,21,06007KT,16,10
2020-04-23 22:00:00.000,2020,4,23,22,09006KT,16,10
2020-04-23 23:00:00.000,2020,4,23,23,08003KT,15,10
2020-04-24 00:00:00.000,2020,4,24,0,05004KT,13,10
2020-04-24 01:00:00.000,2020,4,24,1,05005KT,12,10
2020-04-24 02:00:00.000,2020,4,24,2,04005KT,11,10
2020-04-24 03:00:00.000,2020,4,24,3,07005KT,11,09
2020-04-24 04:00:00.000,2020,4,24,4,03004KT,11,09
2020-04-24 05:00:00.000,2020,4,24,5,31004KT,10,09
2020-04-24 06:00:00.000,2020,4,24,6,04003KT,09,08
2020-04-24 07:00:00.000,2020,4,24,7,VRB02KT,08,07
2020-04-24 08:00:00.000,2020,4,24,8,VRB02KT,09,08
2020-04-24 09:00:00.000,2020,4,24,9,VRB02KT,08,08
2020-04-24 10:00:00.000,2020,4,24,10,VRB02KT,06,06
2020-04-24 11:00:00.000,2020,4,24,11,VRB02KT,08,08
2020-04-24 12:00:00.000,2020,4,24,12,VRB02KT,11,10
2020-04-24 13:00:00.000,2020,4,24,13,03004KT,15,11
2020-04-24 14:00:00.000,2020,4,24,14,04004KT,18,11
2020-04-24 15:00:00.000,2020,4,24,15,03006KT,20,08
2020-04-24 16:00:00.000,2020,4,24,16,07007KT,20,08
2020-04-24 17:00:00.000,2020,4,24,17,05006KT,20,07
2020-04-24 18:00:00.000,2020,4,24,18,06006KT,22,07
2020-04-24 19:00:00.000,2020,4,24,19,03006KT,23,05
2020-04-24 20:00:00.000,2020,4,24,20,29010KT,21,11
2020-04-24 21:00:00.000,2020,4,24,21,29014KT,20,12
2020-04-24 22:00:00.000,2020,4,24,22,24011KT,18,12
2020-04-24 23:00:00.000,2020,4,24,23,27010KT,15,12
2020-04-25 00:00:00.000,2020,4,25,0,27004KT,14,12
2020-04-25 01:00:00.000,2020,4,25,1,26005KT,14,12
2020-04-25 02:00:00.000,2020,4,25,2,VRB02KT,14,12
2020-04-25 03:00:00.000,2020,4,25,3,23004KT,14,12
2020-04-25 04:00:00.000,2020,4,25,4,27004KT,14,12
2020-04-25 05:00:00.000,2020,4,25,5,VRB02KT,13,11
2020-04-25 06:00:00.000,2020,4,25,6,00000KT,13,12
2020-04-25 07:00:00.000,2020,4,25,7,VRB02KT,13,11
2020-04-25 08:00:00.000,2020,4,25,8,VRB02KT,12,11
2020-04-25 09:00:00.000,2020,4,25,9,VRB02KT,12,12
2020-04-25 10:00:00.000,2020,4,25,10,VRB02KT,11,10
2020-04-25 11:00:00.000,2020,4,25,11,VRB02KT,12,11
2020-04-25 12:00:00.000,2020,4,25,12,02005KT,13,12
2020-04-25 13:00:00.000,2020,4,25,13,04005KT,16,12
2020-04-25 14:00:00.000,2020,4,25,14,09004KT,18,10
2020-04-25 15:00:00.000,2020,4,25,15,14004KT,18,08
2020-04-25 16:00:00.000,2020,4,25,16,08006KT,21,08
2020-04-25 17:00:00.000,2020,4,25,17,VRB05KT,21,04
2020-04-25 18:00:00.000,2020,4,25,18,29008KT,22,10
2020-04-25 19:00:00.000,2020,4,25,19,29009KT,22,10
2020-04-25 20:00:00.000,2020,4,25,20,26011KT,19,11
2020-04-25 21:00:00.000,2020,4,25,21,26007KT,18,12
2020-04-25 22:00:00.000,2020,4,25,22,31009KT,18,12
2020-04-25 23:00:00.000,2020,4,25,23,VRB05KT,16,11
2020-04-26 00:00:00.000,2020,4,26,0,30005KT,15,12
2020-04-26 01:00:00.000,2020,4,26,1,VRB02KT,14,13
2020-04-26 02:00:00.000,2020,4,26,2,VRB02KT,13,12
2020-04-26 03:00:00.000,2020,4,26,3,00000KT,13,11
2020-04-26 04:00:00.000,2020,4,26,4,36003KT,12,11
2020-04-26 05:00:00.000,2020,4,26,5,03004KT,10,09
2020-04-26 06:00:00.000,2020,4,26,6,06005KT,10,09
2020-04-26 07:00:00.000,2020,4,26,7,04006KT,10,08
2020-04-26 08:00:00.000,2020,4,26,8,05007KT,10,08
2020-04-26 09:00:00.000,2020,4,26,9,05006KT,09,07
2020-04-26 10:00:00.000,2020,4,26,10,05006KT,08,07
2020-04-26 11:00:00.000,2020,4,26,11,05007KT,08,06
2020-04-26 12:00:00.000,2020,4,26,12,04005KT,10,06
2020-04-26 13:00:00.000,2020,4,26,13,04006KT,13,06
2020-04-26 14:00:00.000,2020,4,26,14,04006KT,15,06
2020-04-26 15:00:00.000,2020,4,26,15,24004KT,17,05
2020-04-26 16:00:00.000,2020,4,26,16,06006KT,19,06
2020-04-26 17:00:00.000,2020,4,26,17,16009G19KT,21,05
2020-04-26 18:00:00.000,2020,4,26,18,15010KT,20,05
2020-04-26 19:00:00.000,2020,4,26,19,16012KT,21,05
2020-04-26 20:00:00.000,2020,4,26,20,17007KT,22,06
2020-04-26 21:00:00.000,2020,4,26,21,26007KT,20,09
2020-04-26 22:00:00.000,2020,4,26,22,30010KT,18,10
2020-04-26 23:00:00.000,2020,4,26,23,29006KT,16,10
2020-04-27 00:00:00.000,2020,4,27,0,31004KT,14,09
2020-04-27 01:00:00.000,2020,4,27,1,26003KT,15,09
2020-04-27 02:00:00.000,2020,4,27,2,VRB02KT,13,10
2020-04-27 03:00:00.000,2020,4,27,3,04003KT,13,10
2020-04-27 04:00:00.000,2020,4,27,4,02005KT,12,10
2020-04-27 05:00:00.000,2020,4,27,5,05006KT,13,10
2020-04-27 06:00:00.000,2020,4,27,6,VRB03KT,13,10
2020-04-27 07:00:00.000,2020,4,27,7,03003KT,13,10
2020-04-27 08:00:00.000,2020,4,27,8,VRB02KT,13,11
2020-04-27 09:00:00.000,2020,4,27,9,32003KT,11,10
2020-04-27 10:00:00.000,2020,4,27,10,04003KT,11,10
2020-04-27 11:00:00.000,2020,4,27,11,07004KT,12,10
2020-04-27 12:00:00.000,2020,4,27,12,34004KT,13,10
2020-04-27 13:00:00.000,2020,4,27,13,VRB02KT,16,10
2020-04-27 14:00:00.000,2020,4,27,14,10010KT,19,06
2020-04-27 15:00:00.000,2020,4,27,15,14010KT,19,07
2020-04-27 16:00:00.000,2020,4,27,16,13011KT,19,07
2020-04-27 17:00:00.000,2020,4,27,17,09012KT,17,08
2020-04-27 18:00:00.000,2020,4,27,18,12012KT,18,09
2020-04-27 19:00:00.000,2020,4,27,19,14010KT,19,09
2020-04-27 20:00:00.000,2020,4,27,20,VRB06KT,19,09
2020-04-27 21:00:00.000,2020,4,27,21,15008KT,20,09
2020-04-27 22:00:00.000,2020,4,27,22,16004KT,18,09
2020-04-27 23:00:00.000,2020,4,27,23,03005KT,17,09
2020-04-28 00:00:00.000,2020,4,28,0,14010KT,16,09
2020-04-28 01:00:00.000,2020,4,28,1,12007KT,15,09
2020-04-28 02:00:00.000,2020,4,28,2,13008KT,15,09
2020-04-28 03:00:00.000,2020,4,28,3,10003KT,14,08
2020-04-28 04:00:00.000,2020,4,28,4,07004KT,13,09
2020-04-28 05:00:00.000,2020,4,28,5,02004KT,12,08
2020-04-28 06:00:00.000,2020,4,28,6,VRB03KT,11,08
2020-04-28 08:00:00.000,2020,4,28,8,04005KT,11,08
2020-04-28 09:00:00.000,2020,4,28,9,05003KT,11,9
2020-04-28 10:00:00.000,2020,4,28,10,VRB02KT,10,09
2020-04-28 11:00:00.000,2020,4,28,11,VRB02KT,10,09
2020-04-28 12:00:00.000,2020,4,28,12,05003KT,13,10
2020-04-28 13:00:00.000,2020,4,28,13,05003KT,15,10
2020-04-28 14:00:00.000,2020,4,28,14,35005KT,17,10
2020-04-28 15:00:00.000,2020,4,28,15,VRB04KT,19,08
2020-04-28 16:00:00.000,2020,4,28,16,14008KT,21,08
2020-04-28 17:00:00.000,2020,4,28,17,13012KT,,
2020-04-28 18:00:00.000,2020,4,28,18,12012KT,20,09
2020-04-28 19:00:00.000,2020,4,28,19,15010KT,19,09
2020-04-28 20:00:00.000,2020,4,28,20,17010KT,19,09
2020-04-28 21:00:00.000,2020,4,28,21,16008KT,19,09
2020-04-28 22:00:00.000,2020,4,28,22,19005KT,19,08
2020-04-28 23:00:00.000,2020,4,28,23,VRB05KT,18,09
2020-04-29 00:00:00.000,2020,4,29,0,11005KT,17,09
2020-04-29 01:00:00.000,2020,4,29,1,VRB02KT,16,11
2020-04-29 02:00:00.000,2020,4,29,2,19003KT,15,09
2020-04-29 03:00:00.000,2020,4,29,3,24003KT,14,10
2020-04-29 04:00:00.000,2020,4,29,4,VRB02KT,11,09
2020-04-29 05:00:00.000,2020,4,29,5,VRB02KT,12,11
2020-04-29 06:00:00.000,2020,4,29,6,VRB02KT,11,10
2020-04-29 07:00:00.000,2020,4,29,7,00000KT,12,10
2020-04-29 08:00:00.000,2020,4,29,8,00000KT,11,10
2020-04-29 09:00:00.000,2020,4,29,9,VRB02KT,09,08
2020-04-29 10:00:00.000,2020,4,29,10,VRB02KT,09,09
2020-04-29 11:00:00.000,2020,4,29,11,VRB02KT,09,08
2020-04-29 12:00:00.000,2020,4,29,12,03005KT,09,09
2020-04-29 13:00:00.000,2020,4,29,13,36003KT,13,12
2020-04-29 14:00:00.000,2020,4,29,14,04004KT,16,10
2020-04-29 15:00:00.000,2020,4,29,15,10004KT,18,10
2020-04-29 16:00:00.000,2020,4,29,16,07007KT,19,09
2020-04-29 17:00:00.000,2020,4,29,17,05011KT,19,10
2020-04-29 18:00:00.000,2020,4,29,18,07007KT,19,09
2020-04-29 19:00:00.000,2020,4,29,19,22006KT,19,10
2020-04-29 20:00:00.000,2020,4,29,20,23006KT,17,11
2020-04-29 21:00:00.000,2020,4,29,21,23006KT,16,12
2020-04-29 22:00:00.000,2020,4,29,22,33004KT,15,12
2020-04-29 23:00:00.000,2020,4,29,23,29005KT,14,12
2020-04-30 00:00:00.000,2020,4,30,0,VRB02KT,14,12
2020-04-30 01:00:00.000,2020,4,30,1,00000KT,12,11
2020-04-30 02:00:00.000,2020,4,30,2,33003KT,11,10
2020-04-30 03:00:00.000,2020,4,30,3,00000KT,12,11
2020-04-30 04:00:00.000,2020,4,30,4,35004KT,11,10
2020-04-30 05:00:00.000,2020,4,30,5,00000KT,12,11
2020-04-30 06:00:00.000,2020,4,30,6,00000KT,11,10
2020-04-30 07:00:00.000,2020,4,30,7,VRB02KT,10,09
2020-04-30 08:00:00.000,2020,4,30,8,30005KT,10,09
2020-04-30 09:00:00.000,2020,4,30,9,VRB02KT,08,07
2020-04-30 10:00:00.000,2020,4,30,10,VRB02KT,06,06
2020-04-30 11:00:00.000,2020,4,30,11,VRB02KT,07,07
2020-04-30 12:00:00.000,2020,4,30,12,VRB02KT,10,10
2020-04-30 13:00:00.000,2020,4,30,13,VRB02KT,14,13
2020-04-30 14:00:00.000,2020,4,30,14,06003KT,17,10
2020-04-30 15:00:00.000,2020,4,30,15,05005KT,18,10
2020-04-30 16:00:00.000,2020,4,30,16,11007KT,21,09
2020-04-30 17:00:00.000,2020,4,30,17,13007KT,19,09
2020-04-30 18:00:00.000,2020,4,30,18,03009KT,19,10
2020-04-30 19:00:00.000,2020,4,30,19,03009KT,18,11
2020-04-30 20:00:00.000,2020,4,30,20,03008KT,20,10
2020-04-30 21:00:00.000,2020,4,30,21,12004KT,20,08
2020-04-30 22:00:00.000,2020,4,30,22,22006KT,18,12
2020-04-30 23:00:00.000,2020,4,30,23,29004KT,16,11
2020-05-01 00:00:00.000,2020,5,1,0,32004KT,15,11
2020-05-01 01:00:00.000,2020,5,1,1,36003KT,14,11
2020-05-01 02:00:00.000,2020,5,1,2,VRB02KT,13,10
2020-05-01 03:00:00.000,2020,5,1,3,06004KT,15,11
2020-05-01 04:00:00.000,2020,5,1,4,03005KT,14,11
2020-05-01 05:00:00.000,2020,5,1,5,02003KT,13,11
2020-05-01 06:00:00.000,2020,5,1,6,05006KT,13,11
2020-05-01 07:00:00.000,2020,5,1,7,05008KT,13,11
2020-05-01 08:00:00.000,2020,5,1,8,06005KT,13,11
2020-05-01 09:00:00.000,2020,5,1,9,04003KT,13,11
2020-05-01 10:00:00.000,2020,5,1,10,04005KT,12,11
2020-05-01 11:00:00.000,2020,5,1,11,07004G15KT,12,11
2020-05-01 12:00:00.000,2020,5,1,12,05006KT,13,12
2020-05-01 13:00:00.000,2020,5,1,13,04005KT,12,12
2020-05-01 14:00:00.000,2020,5,1,14,VRB02KT,13,12
2020-05-01 15:00:00.000,2020,5,1,15,03006KT,14,11
2020-05-01 16:00:00.000,2020,5,1,16,26004KT,17,11
2020-05-01 17:00:00.000,2020,5,1,17,07004KT,19,11
2020-05-01 18:00:00.000,2020,5,1,18,12009KT,19,10
2020-05-01 19:00:00.000,2020,5,1,19,15008KT,19,10
2020-05-01 20:00:00.000,2020,5,1,20,16008KT,17,11
2020-05-01 21:00:00.000,2020,5,1,21,VRB03KT,18,10
2020-05-01 22:00:00.000,2020,5,1,22,15007KT,18,10
2020-05-01 23:00:00.000,2020,5,1,23,10006KT,17,10
2020-05-02 00:00:00.000,2020,5,2,0,04004KT,15,11
2020-05-02 01:00:00.000,2020,5,2,1,08003KT,14,11
2020-05-02 02:00:00.000,2020,5,2,2,03004KT,12,10
2020-05-02 03:00:00.000,2020,5,2,3,05007KT,12,10
2020-05-02 04:00:00.000,2020,5,2,4,05005KT,11,10
2020-05-02 05:00:00.000,2020,5,2,5,04006KT,11,09
2020-05-02 06:00:00.000,2020,5,2,6,02005KT,11,10
2020-05-02 07:00:00.000,2020,5,2,7,06007KT,11,09
2020-05-02 08:00:00.000,2020,5,2,8,06004KT,11,09
2020-05-02 09:00:00.000,2020,5,2,9,01005KT,10,09
2020-05-02 10:00:00.000,2020,5,2,10,06004KT,10,09
2020-05-02 11:00:00.000,2020,5,2,11,04008KT,11,09
2020-05-02 12:00:00.000,2020,5,2,12,06003KT,12,11
2020-05-02 13:00:00.000,2020,5,2,13,04007KT,14,10
2020-05-02 14:00:00.000,2020,5,2,14,06006KT,16,11
2020-05-02 15:00:00.000,2020,5,2,15,05006KT,17,11
2020-05-02 16:00:00.000,2020,5,2,16,04009KT,17,11
2020-05-02 17:00:00.000,2020,5,2,17,06009KT,16,11
2020-05-02 18:00:00.000,2020,5,2,18,06007KT,16,12
2020-05-02 19:00:00.000,2020,5,2,19,13004KT,18,12
2020-05-02 20:00:00.000,2020,5,2,20,09004KT,18,10
2020-05-02 21:00:00.000,2020,5,2,21,05009KT,18,11
2020-05-02 22:00:00.000,2020,5,2,22,03008KT,18,11
2020-05-02 23:00:00.000,2020,5,2,23,04006KT,16,10
2020-05-03 00:00:00.000,2020,5,3,0,08006KT,13,10
2020-05-03 01:00:00.000,2020,5,3,1,17005KT,14,10
2020-05-03 02:00:00.000,2020,5,3,2,33004KT,12,09
2020-05-03 03:00:00.000,2020,5,3,3,03008KT,11,09
2020-05-03 04:00:00.000,2020,5,3,4,02003KT,13,10
2020-05-03 05:00:00.000,2020,5,3,5,01005KT,13,10
2020-05-03 06:00:00.000,2020,5,3,6,33003KT,12,10
2020-05-03 07:00:00.000,2020,5,3,7,VRB02KT,12,10
2020-05-03 08:00:00.000,2020,5,3,8,VRB02KT,11,10
2020-05-03 09:00:00.000,2020,5,3,9,06004KT,13,11
2020-05-03 10:00:00.000,2020,5,3,10,06003KT,13,11
2020-05-03 11:00:00.000,2020,5,3,11,VRB02KT,12,10
2020-05-03 12:00:00.000,2020,5,3,12,VRB02KT,12,10
2020-05-03 13:00:00.000,2020,5,3,13,07004KT,13,12
2020-05-03 14:00:00.000,2020,5,3,14,VRB02KT,15,12
2020-05-03 15:00:00.000,2020,5,3,15,13006KT,16,10
2020-05-03 16:00:00.000,2020,5,3,16,13004KT,17,11
2020-05-03 17:00:00.000,2020,5,3,17,07012KT,17,09
2020-05-03 18:00:00.000,2020,5,3,18,12012KT,18,09
2020-05-03 19:00:00.000,2020,5,3,19,12012KT,18,07
2020-05-03 20:00:00.000,2020,5,3,20,10010KT,18,08
2020-05-03 21:00:00.000,2020,5,3,21,13010KT,17,09
2020-05-03 22:00:00.000,2020,5,3,22,08006KT,17,09
2020-05-03 23:00:00.000,2020,5,3,23,10010KT,16,09
2020-05-04 00:00:00.000,2020,5,4,0,13006KT,16,09
2020-05-04 01:00:00.000,2020,5,4,1,VRB02KT,15,10
2020-05-04 02:00:00.000,2020,5,4,2,VRB02KT,14,09
2020-05-04 03:00:00.000,2020,5,4,3,03004KT,12,09
2020-05-04 04:00:00.000,2020,5,4,4,04003KT,11,09
2020-05-04 05:00:00.000,2020,5,4,5,VRB02KT,11,08
2020-05-04 06:00:00.000,2020,5,4,6,VRB02KT,10,09
2020-05-04 07:00:00.000,2020,5,4,7,VRB02KT,10,09
2020-05-04 08:00:00.000,2020,5,4,8,VRB02KT,11,09
2020-05-04 09:00:00.000,2020,5,4,9,06004KT,10,09
2020-05-04 10:00:00.000,2020,5,4,10,04004KT,11,10
2020-05-04 11:00:00.000,2020,5,4,11,03005KT,12,10
2020-05-04 12:00:00.000,2020,5,4,12,06005KT,14,10
2020-05-04 13:00:00.000,2020,5,4,13,05006KT,16,10
2020-05-04 14:00:00.000,2020,5,4,14,04008KT,16,11
2020-05-04 15:00:00.000,2020,5,4,15,06006KT,17,09
2020-05-04 16:00:00.000,2020,5,4,16,07008KT,17,11
2020-05-04 17:00:00.000,2020,5,4,17,10006KT,18,10
2020-05-04 18:00:00.000,2020,5,4,18,11010KT,19,10
2020-05-04 19:00:00.000,2020,5,4,19,06008KT,19,10
2020-05-04 20:00:00.000,2020,5,4,20,09005KT,19,09
2020-05-04 21:00:00.000,2020,5,4,21,13007KT,19,08
2020-05-04 22:00:00.000,2020,5,4,22,18003KT,19,08
2020-05-04 23:00:00.000,2020,5,4,23,11010KT,18,09
2020-05-05 00:00:00.000,2020,5,5,0,12007KT,16,09
2020-05-05 01:00:00.000,2020,5,5,1,12005KT,14,09
2020-05-05 02:00:00.000,2020,5,5,2,04008KT,13,10
2020-05-05 03:00:00.000,2020,5,5,3,09004KT,15,10
2020-05-05 04:00:00.000,2020,5,5,4,05005KT,15,10
2020-05-05 05:00:00.000,2020,5,5,5,06005KT,14,10
2020-05-05 06:00:00.000,2020,5,5,6,05004KT,13,10
2020-05-05 07:00:00.000,2020,5,5,7,32005KT,12,10
2020-05-05 08:00:00.000,2020,5,5,8,03004KT,13,10
2020-05-05 09:00:00.000,2020,5,5,9,11003KT,13,10
2020-05-05 10:00:00.000,2020,5,5,10,05005KT,13,10
2020-05-05 11:00:00.000,2020,5,5,11,02004KT,13,09
2020-05-05 12:00:00.000,2020,5,5,12,05005KT,14,10
2020-05-05 13:00:00.000,2020,5,5,13,03007KT,16,09
2020-05-05 14:00:00.000,2020,5,5,14,08005KT,17,08
2020-05-05 15:00:00.000,2020,5,5,15,10005KT,18,09
2020-05-05 16:00:00.000,2020,5,5,16,12005KT,18,09
2020-05-05 17:00:00.000,2020,5,5,17,13012KT,19,07
2020-05-05 18:00:00.000,2020,5,5,18,13013KT,20,08
2020-05-05 19:00:00.000,2020,5,5,19,13011KT,19,08
2020-05-05 20:00:00.000,2020,5,5,20,13011KT,20,09
2020-05-05 21:00:00.000,2020,5,5,21,11007KT,20,09
2020-05-05 22:00:00.000,2020,5,5,22,13007KT,19,10
2020-05-05 23:00:00.000,2020,5,5,23,14012KT,17,10
2020-05-06 00:00:00.000,2020,5,6,0,15008KT,16,11
2020-05-06 01:00:00.000,2020,5,6,1,05006KT,15,11
2020-05-06 02:00:00.000,2020,5,6,2,09005KT,16,09
2020-05-06 03:00:00.000,2020,5,6,3,04005KT,14,09
2020-05-06 04:00:00.000,2020,5,6,4,34003KT,13,09
2020-05-06 05:00:00.000,2020,5,6,5,13005KT,13,08
2020-05-06 06:00:00.000,2020,5,6,6,05004KT,11,09
2020-05-06 07:00:00.000,2020,5,6,7,VRB02KT,12,09
2020-05-06 08:00:00.000,2020,5,6,8,04004KT,12,09
2020-05-06 09:00:00.000,2020,5,6,9,VRB02KT,12,10
2020-05-06 10:00:00.000,2020,5,6,10,VRB02KT,11,09
2020-05-06 11:00:00.000,2020,5,6,11,VRB02KT,10,08
2020-05-06 12:00:00.000,2020,5,6,12,04004KT,12,09
2020-05-06 13:00:00.000,2020,5,6,13,05006KT,14,09
2020-05-06 14:00:00.000,2020,5,6,14,08006KT,17,09
2020-05-06 15:00:00.000,2020,5,6,15,11010KT,18,06
2020-05-06 16:00:00.000,2020,5,6,16,12011KT,20,07
2020-05-06 17:00:00.000,2020,5,6,17,12009KT,20,07
2020-05-06 18:00:00.000,2020,5,6,18,12009KT,20,06
2020-05-06 19:00:00.000,2020,5,6,19,12011KT,19,08
2020-05-06 20:00:00.000,2020,5,6,20,14010KT,18,09
2020-05-06 21:00:00.000,2020,5,6,21,13007KT,17,08
2020-05-06 22:00:00.000,2020,5,6,22,16008KT,17,09
2020-05-06 23:00:00.000,2020,5,6,23,20005KT,16,09
2020-05-07 00:00:00.000,2020,5,7,0,VRB02KT,15,10
2020-05-07 01:00:00.000,2020,5,7,1,04008KT,14,11
2020-05-07 02:00:00.000,2020,5,7,2,02005KT,14,11
2020-05-07 03:00:00.000,2020,5,7,3,05003KT,13,12
2020-05-07 04:00:00.000,2020,5,7,4,06008KT,13,12
2020-05-07 05:00:00.000,2020,5,7,5,04008KT,12,12
2020-05-07 06:00:00.000,2020,5,7,6,100004KT,13,11
2020-05-07 07:00:00.000,2020,5,7,7,VRB02KT,12,11
2020-05-07 08:00:00.000,2020,5,7,8,04004KT,11,10
2020-05-07 09:00:00.000,2020,5,7,9,VRB02KT,11,10
2020-05-07 10:00:00.000,2020,5,7,10,08004KT,12,11
2020-05-07 11:00:00.000,2020,5,7,11,06005KT,13,11
2020-05-07 12:00:00.000,2020,5,7,12,06006KT,13,11
2020-05-07 13:00:00.000,2020,5,7,13,07007KT,14,11
2020-05-07 14:00:00.000,2020,5,7,14,05006KT,16,08
2020-05-07 15:00:00.000,2020,5,7,15,09008KT,17,08
2020-05-07 16:00:00.000,2020,5,7,16,09010KT,19,09
2020-05-07 17:00:00.000,2020,5,7,17,11010KT,19,10
2020-05-07 18:00:00.000,2020,5,7,18,11011KT,18,10
2020-05-07 19:00:00.000,2020,5,7,19,12008KT,19,09
2020-05-07 20:00:00.000,2020,5,7,20,11010KT,19,09
2020-05-07 21:00:00.000,2020,5,7,21,10009KT,18,09
2020-05-07 22:00:00.000,2020,5,7,22,10007KT,17,09
2020-05-07 23:00:00.000,2020,5,7,23,10009KT,17,09
2020-05-08 00:00:00.000,2020,5,8,0,10005KT,16,09
2020-05-08 01:00:00.000,2020,5,8,1,06007KT,14,09
2020-05-08 02:00:00.000,2020,5,8,2,06008KT,13,10
2020-05-08 03:00:00.000,2020,5,8,3,07007KT,13,09
2020-05-08 04:00:00.000,2020,5,8,4,10004KT,14,09
2020-05-08 05:00:00.000,2020,5,8,5,05006KT,12,10
2020-05-08 06:00:00.000,2020,5,8,6,VRB02KT,13,10
2020-05-08 07:00:00.000,2020,5,8,7,VRB02KT,12,10
2020-05-08 08:00:00.000,2020,5,8,8,35003KT,11,09
2020-05-08 09:00:00.000,2020,5,8,9,05005KT,10,09
2020-05-08 10:00:00.000,2020,5,8,10,32004KT,10,09
2020-05-08 11:00:00.000,2020,5,8,11,33003KT,11,09
2020-05-08 12:00:00.000,2020,5,8,12,04006KT,12,11
2020-05-08 13:00:00.000,2020,5,8,13,04006KT,13,11
2020-05-08 14:00:00.000,2020,5,8,14,14003KT,15,10
2020-05-08 15:00:00.000,2020,5,8,15,30006KT,16,11
2020-05-08 16:00:00.000,2020,5,8,16,05006KT,18,10
2020-05-08 17:00:00.000,2020,5,8,17,09006KT,19,10
2020-05-08 18:00:00.000,2020,5,8,18,12009KT,19,08
2020-05-08 19:00:00.000,2020,5,8,19,11012KT,18,09
2020-05-08 20:00:00.000,2020,5,8,20,12009KT,17,09
2020-05-08 21:00:00.000,2020,5,8,21,10006KT,17,09
2020-05-08 22:00:00.000,2020,5,8,22,11007KT,16,09
2020-05-08 23:00:00.000,2020,5,8,23,11007KT,16,09
2020-05-09 00:00:00.000,2020,5,9,0,06006KT,14,10
2020-05-09 01:00:00.000,2020,5,9,1,07005KT,15,08
2020-05-09 02:00:00.000,2020,5,9,2,09005KT,15,08
2020-05-09 03:00:00.000,2020,5,9,3,05005KT,13,09
2020-05-09 04:00:00.000,2020,5,9,4,10008KT,14,09
2020-05-09 05:00:00.000,2020,5,9,5,VRB02KT,13,09
2020-05-09 06:00:00.000,2020,5,9,6,10006KT,14,09
2020-05-09 07:00:00.000,2020,5,9,7,08005KT,14,09
2020-05-09 08:00:00.000,2020,5,9,8,08004KT,13,09
2020-05-09 09:00:00.000,2020,5,9,9,07006KT,13,09
2020-05-09 10:00:00.000,2020,5,9,10,07003KT,13,09
2020-05-09 11:00:00.000,2020,5,9,11,06007KT,13,09
2020-05-09 12:00:00.000,2020,5,9,12,08006KT,14,09
2020-05-09 13:00:00.000,2020,5,9,13,08006KT,15,10
2020-05-09 14:00:00.000,2020,5,9,14,06006KT,17,10
2020-05-09 15:00:00.000,2020,5,9,15,07009KT,17,10
2020-05-09 16:00:00.000,2020,5,9,16,12009KT,20,10
2020-05-09 17:00:00.000,2020,5,9,17,14012KT,20,11
2020-05-09 18:00:00.000,2020,5,9,18,11006KT,19,11
2020-05-09 19:00:00.000,2020,5,9,19,15014KT,19,10
2020-05-09 20:00:00.000,2020,5,9,20,15012KT,19,10
2020-05-09 21:00:00.000,2020,5,9,21,16009KT,19,10
2020-05-09 22:00:00.000,2020,5,9,22,14010KT,18,09
2020-05-09 23:00:00.000,2020,5,9,23,08006KT,17,10
2020-05-10 00:00:00.000,2020,5,10,0,06004KT,16,10
2020-05-10 01:00:00.000,2020,5,10,1,08004KT,15,10
2020-05-10 02:00:00.000,2020,5,10,2,VRB02KT,14,11
2020-05-10 03:00:00.000,2020,5,10,3,05005KT,13,11
2020-05-10 04:00:00.000,2020,5,10,4,06005KT,14,11
2020-05-10 05:00:00.000,2020,5,10,5,05005KT,13,11
2020-05-10 06:00:00.000,2020,5,10,6,VRB02KT,13,11
2020-05-10 07:00:00.000,2020,5,10,7,VRB02KT,13,11
2020-05-10 08:00:00.000,2020,5,10,8,VRB02KT,11,10
2020-05-10 09:00:00.000,2020,5,10,9,VRB02KT,11,10
2020-05-10 10:00:00.000,2020,5,10,10,VRB02KT,10,09
2020-05-10 11:00:00.000,2020,5,10,11,05006KT,12,10
2020-05-10 12:00:00.000,2020,5,10,12,05007KT,15,11
2020-05-10 13:00:00.000,2020,5,10,13,05008KT,16,11
2020-05-10 14:00:00.000,2020,5,10,14,06008KT,18,11
2020-05-10 15:00:00.000,2020,5,10,15,11005KT,19,10
2020-05-10 16:00:00.000,2020,5,10,16,09008KT,19,09
2020-05-10 17:00:00.000,2020,5,10,17,12008KT,20,09
2020-05-10 18:00:00.000,2020,5,10,18,12008KT,21,10
2020-05-10 19:00:00.000,2020,5,10,19,13009KT,21,09
2020-05-10 20:00:00.000,2020,5,10,20,09007KT,21,09
2020-05-10 21:00:00.000,2020,5,10,21,09007KT,19,10
2020-05-10 22:00:00.000,2020,5,10,22,09005KT,19,10
2020-05-10 23:00:00.000,2020,5,10,23,09005KT,18,10
2020-05-11 00:00:00.000,2020,5,11,0,15003KT,16,12
2020-05-11 01:00:00.000,2020,5,11,1,VRB02KT,15,11
2020-05-11 02:00:00.000,2020,5,11,2,03004KT,13,10
2020-05-11 03:00:00.000,2020,5,11,3,04005KT,12,10
2020-05-11 04:00:00.000,2020,5,11,4,VRB02KT,12,09
2020-05-11 05:00:00.000,2020,5,11,5,34003KT,11,09
2020-05-11 06:00:00.000,2020,5,11,6,VRB02KT,12,10
2020-05-11 07:00:00.000,2020,5,11,7,05003KT,12,10
2020-05-11 08:00:00.000,2020,5,11,8,VRB02KT,12,10
2020-05-11 09:00:00.000,2020,5,11,9,VRB02KT,11,10
2020-05-11 10:00:00.000,2020,5,11,10,VRB02KT,12,11
2020-05-11 11:00:00.000,2020,5,11,11,VRB02KT,11,11
2020-05-11 12:00:00.000,2020,5,11,12,08004KT,14,12
2020-05-11 13:00:00.000,2020,5,11,13,32004KT,16,13
2020-05-11 14:00:00.000,2020,5,11,14,08004KT,17,11
2020-05-11 15:00:00.000,2020,5,11,15,06005KT,19,11
2020-05-11 16:00:00.000,2020,5,11,16,07007KT,20,11
2020-05-11 17:00:00.000,2020,5,11,17,11006KT,21,11
2020-05-11 18:00:00.000,2020,5,11,18,20008KT,20,11
2020-05-11 19:00:00.000,2020,5,11,19,20005KT,20,10
2020-05-11 20:00:00.000,2020,5,11,20,VRB02KT,20,09
2020-05-11 21:00:00.000,2020,5,11,21,31010KT,20,12
2020-05-11 22:00:00.000,2020,5,11,22,28010KT,19,12
2020-05-11 23:00:00.000,2020,5,11,23,28007KT,17,12
2020-05-12 00:00:00.000,2020,5,12,0,29005KT,15,12
2020-05-12 01:00:00.000,2020,5,12,1,VRB02KT,14,12
2020-05-12 02:00:00.000,2020,5,12,2,VRB02KT,14,13
2020-05-12 03:00:00.000,2020,5,12,3,27003KT,15,13
2020-05-12 04:00:00.000,2020,5,12,4,33004KT,13,12
2020-05-12 05:00:00.000,2020,5,12,5,26003KT,14,13
2020-05-12 06:00:00.000,2020,5,12,6,35010KT,27,25
2020-05-12 07:00:00.000,2020,5,12,7,VRB02KT,14,13
2020-05-12 08:00:00.000,2020,5,12,8,00000KT,13,12
2020-05-12 09:00:00.000,2020,5,12,9,VRB02KT,13,12
2020-05-12 10:00:00.000,2020,5,12,10,30003KT,12,11
2020-05-12 11:00:00.000,2020,5,12,11,VRB02KT,10,09
2020-05-12 12:00:00.000,2020,5,12,12,33003KT,12,11
2020-05-12 13:00:00.000,2020,5,12,13,VRB02KT,14,13
2020-05-12 14:00:00.000,2020,5,12,14,VRB02KT,16,12
2020-05-12 15:00:00.000,2020,5,12,15,07004KT,19,10
2020-05-12 16:00:00.000,2020,5,12,16,30004KT,21,10
2020-05-12 17:00:00.000,2020,5,12,17,33005KT,21,09
2020-05-12 18:00:00.000,2020,5,12,18,13006KT,15,13
2020-05-12 19:00:00.000,2020,5,12,19,28008KT,16,12
2020-05-12 20:00:00.000,2020,5,12,20,26008KT,16,11
2020-05-12 21:00:00.000,2020,5,12,21,23006KT,15,13
2020-05-12 22:00:00.000,2020,5,12,22,24005KT,15,12
2020-05-13 00:00:00.000,2020,5,13,0,17004KT,13,11
2020-05-13 01:00:00.000,2020,5,13,1,33004KT,12,11
2020-05-13 02:00:00.000,2020,5,13,2,31004KT,11,11
2020-05-13 03:00:00.000,2020,5,13,3,VRB02KT,12,11
2020-05-13 04:00:00.000,2020,5,13,4,VRB02KT,12,11
2020-05-13 05:00:00.000,2020,5,13,5,31003KT,11,11
2020-05-13 06:00:00.000,2020,5,13,6,VRB02KT,11,10
2020-05-13 07:00:00.000,2020,5,13,7,32003KT,11,11
2020-05-13 08:00:00.000,2020,5,13,8,VRB02KT,12,11
2020-05-13 09:00:00.000,2020,5,13,9,05003KT,12,11
2020-05-13 10:00:00.000,2020,5,13,10,05004KT,12,11
2020-05-13 11:00:00.000,2020,5,13,11,VRB02KT,12,11
2020-05-13 12:00:00.000,2020,5,13,12,00000KT,13,12
2020-05-13 13:00:00.000,2020,5,13,13,02003KT,14,13
2020-05-13 14:00:00.000,2020,5,13,14,03003KT,15,11
2020-05-13 15:00:00.000,2020,5,13,15,06005KT,17,12
2020-05-13 16:00:00.000,2020,5,13,16,08003KT,18,11
2020-05-13 17:00:00.000,2020,5,13,17,14006KT,18,09
2020-05-13 18:00:00.000,2020,5,13,18,16004KT,20,09
2020-05-13 19:00:00.000,2020,5,13,19,09005KT,20,09
2020-05-13 20:00:00.000,2020,5,13,20,27008KT,17,12
2020-05-13 21:00:00.000,2020,5,13,21,28011KT,16,12
2020-05-13 22:00:00.000,2020,5,13,22,25008KT,15,12
2020-05-13 23:00:00.000,2020,5,13,23,31004KT,13,11
2020-05-14 00:00:00.000,2020,5,14,0,34005KT,13,11
2020-05-14 01:00:00.000,2020,5,14,1,31004KT,12,11
2020-05-14 02:00:00.000,2020,5,14,2,VRB02KT,12,11
2020-05-14 03:00:00.000,2020,5,14,3,VRB02KT,13,11
2020-05-14 04:00:00.000,2020,5,14,4,VRB02KT,11,10
2020-05-14 05:00:00.000,2020,5,14,5,03007KT,11,10
2020-05-14 06:00:00.000,2020,5,14,6,04007KT,11,10
2020-05-14 07:00:00.000,2020,5,14,7,04006KT,10,09
2020-05-14 08:00:00.000,2020,5,14,8,05007KT,10,09
2020-05-14 09:00:00.000,2020,5,14,9,VRB02KT,09,08
2020-05-14 10:00:00.000,2020,5,14,10,VRB02KT,08,07
2020-05-14 11:00:00.000,2020,5,14,11,VRB02KT,06,06
2020-05-14 12:00:00.000,2020,5,14,12,04004KT,09,09
2020-05-14 13:00:00.000,2020,5,14,13,05005KT,15,11
2020-05-14 14:00:00.000,2020,5,14,14,10004KT,17,10
2020-05-14 15:00:00.000,2020,5,14,15,03006KT,19,10
2020-05-14 16:00:00.000,2020,5,14,16,06007KT,19,09
2020-05-14 17:00:00.000,2020,5,14,17,04004KT,18,09
2020-05-14 18:00:00.000,2020,5,14,18,23007KT,18,11
2020-05-14 19:00:00.000,2020,5,14,19,27006KT,17,12
2020-05-14 20:00:00.000,2020,5,14,20,34005KT,17,12
2020-05-14 21:00:00.000,2020,5,14,21,34003KT,18,11
2020-05-14 22:00:00.000,2020,5,14,22,VRB02KT,18,10
2020-05-14 23:00:00.000,2020,5,14,23,29005KT,18,10
2020-05-15 00:00:00.000,2020,5,15,0,35003KT,15,11
2020-05-15 01:00:00.000,2020,5,15,1,29005KT,13,10
2020-05-15 02:00:00.000,2020,5,15,2,VRB02KT,12,10
2020-05-15 03:00:00.000,2020,5,15,3,VRB02KT,12,10
2020-05-15 04:00:00.000,2020,5,15,4,01004KT,12,10
2020-05-15 05:00:00.000,2020,5,15,5,07004KT,12,10
2020-05-15 06:00:00.000,2020,5,15,6,VRB02KT,12,10
2020-05-15 07:00:00.000,2020,5,15,7,VRB02KT,11,10
2020-05-15 08:00:00.000,2020,5,15,8,25003KT,12,10
2020-05-15 09:00:00.000,2020,5,15,9,VRB02KT,12,10
2020-05-15 10:00:00.000,2020,5,15,10,35004KT,12,10
2020-05-15 11:00:00.000,2020,5,15,11,VRB02KT,12,10
2020-05-15 12:00:00.000,2020,5,15,12,05004KT,14,11
2020-05-15 13:00:00.000,2020,5,15,13,05007KT,15,11
2020-05-15 14:00:00.000,2020,5,15,14,08003KT,17,10
2020-05-15 15:00:00.000,2020,5,15,15,11005KT,19,09
2020-05-15 16:00:00.000,2020,5,15,16,07009KT,18,09
2020-05-15 17:00:00.000,2020,5,15,17,05009KT,18,10
2020-05-15 18:00:00.000,2020,5,15,18,08003KT,18,09
2020-05-15 19:00:00.000,2020,5,15,19,06005KT,20,08
2020-05-15 20:00:00.000,2020,5,15,20,VRB03KT,21,08
2020-05-15 21:00:00.000,2020,5,15,21,06004KT,21,08
2020-05-15 22:00:00.000,2020,5,15,22,22006KT,20,11
2020-05-15 23:00:00.000,2020,5,15,23,24006KT,17,12
2020-05-16 00:00:00.000,2020,5,16,0,22003KT,16,13
2020-05-16 01:00:00.000,2020,5,16,1,03004KT,15,13
2020-05-16 02:00:00.000,2020,5,16,2,06003KT,14,12
2020-05-16 03:00:00.000,2020,5,16,3,VRB02KT,14,13
2020-05-16 04:00:00.000,2020,5,16,4,02004KT,13,12
2020-05-16 05:00:00.000,2020,5,16,5,11004KT,14,11
2020-05-16 06:00:00.000,2020,5,16,6,07003KT,14,12
2020-05-16 07:00:00.000,2020,5,16,7,02003KT,13,12
2020-05-16 08:00:00.000,2020,5,16,8,05004KT,13,12
2020-05-16 09:00:00.000,2020,5,16,9,05007KT,13,12
2020-05-16 10:00:00.000,2020,5,16,10,07006KT,13,11
2020-05-16 11:00:00.000,2020,5,16,11,06007KT,13,11
2020-05-16 12:00:00.000,2020,5,16,12,06006KT,13,11
2020-05-16 13:00:00.000,2020,5,16,13,08006KT,16,11
2020-05-16 14:00:00.000,2020,5,16,14,12008KT,18,10
2020-05-16 15:00:00.000,2020,5,16,15,14008KT,19,10
2020-05-16 16:00:00.000,2020,5,16,16,13009KT,20,11
2020-05-16 17:00:00.000,2020,5,16,17,17013KT,19,10
2020-05-16 18:00:00.000,2020,5,16,18,15009KT,18,09
2020-05-16 19:00:00.000,2020,5,16,19,14007KT,19,09
2020-05-16 20:00:00.000,2020,5,16,20,10007KT,19,10
2020-05-16 21:00:00.000,2020,5,16,21,09008KT,19,10
2020-05-16 22:00:00.000,2020,5,16,22,13008KT,19,10
2020-05-16 23:00:00.000,2020,5,16,23,10008KT,18,10
2020-05-17 00:00:00.000,2020,5,17,0,10007KT,17,10
2020-05-17 01:00:00.000,2020,5,17,1,09005KT,16,11
2020-05-17 02:00:00.000,2020,5,17,2,10005KT,16,10
2020-05-17 03:00:00.000,2020,5,17,3,13006KT,16,10
2020-05-17 04:00:00.000,2020,5,17,4,07004KT,15,10
2020-05-17 05:00:00.000,2020,5,17,5,12003KT,15,10
2020-05-17 06:00:00.000,2020,5,17,6,VRB02KT,14,10
2020-05-17 07:00:00.000,2020,5,17,7,VRB02KT,14,10
2020-05-17 08:00:00.000,2020,5,17,8,VRB02KT,13,11
2020-05-17 09:00:00.000,2020,5,17,9,VRB02KT,13,10
2020-05-17 10:00:00.000,2020,5,17,10,VRB02KT,13,11
2020-05-17 11:00:00.000,2020,5,17,11,VRB02KT,13,10
2020-05-17 12:00:00.000,2020,5,17,12,35003KT,13,11
2020-05-17 13:00:00.000,2020,5,17,13,20003KT,17,11
2020-05-17 14:00:00.000,2020,5,17,14,15012KT,18,08
2020-05-17 15:00:00.000,2020,5,17,15,15012KT,19,09
2020-05-17 16:00:00.000,2020,5,17,16,17009KT,19,08
2020-05-17 17:00:00.000,2020,5,17,17,14009KT,20,10
2020-05-17 18:00:00.000,2020,5,17,18,12010KT,19,09
2020-05-17 19:00:00.000,2020,5,17,19,10005KT,15,11
2020-05-17 20:00:00.000,2020,5,17,20,07003KT,17,10
2020-05-17 21:00:00.000,2020,5,17,21,02005KT,17,11
2020-05-17 22:00:00.000,2020,5,17,22,04007KT,16,11
2020-05-17 23:00:00.000,2020,5,17,23,05008KT,16,11
2020-05-18 00:00:00.000,2020,5,18,0,07005KT,16,10
2020-05-18 01:00:00.000,2020,5,18,1,05008KT,13,10
2020-05-18 02:00:00.000,2020,5,18,2,VRB02KT,12,09
2020-05-18 03:00:00.000,2020,5,18,3,05006KT,13,10
2020-05-18 04:00:00.000,2020,5,18,4,04007KT,13,10
2020-05-18 05:00:00.000,2020,5,18,5,05005KT,13,10
2020-05-18 06:00:00.000,2020,5,18,6,05006KT,13,10
2020-05-18 07:00:00.000,2020,5,18,7,05006KT,13,10
2020-05-18 08:00:00.000,2020,5,18,8,05005KT,13,11
2020-05-18 09:00:00.000,2020,5,18,9,04005KT,13,10
2020-05-18 10:00:00.000,2020,5,18,10,02003KT,12,09
2020-05-18 11:00:00.000,2020,5,18,11,VRB02KT,12,09
2020-05-18 12:00:00.000,2020,5,18,12,06006KT,15,10
2020-05-18 13:00:00.000,2020,5,18,13,06008KT,15,10
2020-05-18 14:00:00.000,2020,5,18,14,04007KT,17,10
2020-05-18 15:00:00.000,2020,5,18,15,10012KT,18,08
2020-05-18 16:00:00.000,2020,5,18,16,10012KT,18,09
2020-05-18 17:00:00.000,2020,5,18,17,12010KT,20,10
2020-05-18 18:00:00.000,2020,5,18,18,12010KT,19,10
2020-05-18 19:00:00.000,2020,5,18,19,12010KT,19,09
2020-05-18 20:00:00.000,2020,5,18,20,17010KT,19,09
2020-05-18 21:00:00.000,2020,5,18,21,16010KT,19,09
2020-05-18 22:00:00.000,2020,5,18,22,18007KT,18,10
2020-05-18 23:00:00.000,2020,5,18,23,20008KT,17,10
2020-05-19 00:00:00.000,2020,5,19,0,15005KT,17,10
2020-05-19 01:00:00.000,2020,5,19,1,11004KT,16,10
2020-05-19 02:00:00.000,2020,5,19,2,VRB02KT,15,10
2020-05-19 03:00:00.000,2020,5,19,3,02003KT,14,11
2020-05-19 04:00:00.000,2020,5,19,4,02005KT,14,11
2020-05-19 05:00:00.000,2020,5,19,5,33004KT,12,10
2020-05-19 06:00:00.000,2020,5,19,6,VRB02KT,13,11
2020-05-19 07:00:00.000,2020,5,19,7,VRB02KT,13,11
2020-05-19 08:00:00.000,2020,5,19,8,VRB02KT,13,11
2020-05-19 09:00:00.000,2020,5,19,9,VRB02KT,13,11
2020-05-19 10:00:00.000,2020,5,19,10,VRB02KT,12,11
2020-05-19 11:00:00.000,2020,5,19,11,VRB02KT,13,12
2020-05-19 12:00:00.000,2020,5,19,12,17003KT,13,12
2020-05-19 13:00:00.000,2020,5,19,13,19004KT,14,11
2020-05-19 14:00:00.000,2020,5,19,14,18005KT,15,11
2020-05-19 15:00:00.000,2020,5,19,15,01005KT,15,12
2020-05-19 16:00:00.000,2020,5,19,16,13004KT,15,12
2020-05-19 17:00:00.000,2020,5,19,17,12004KT,17,12
2020-05-19 18:00:00.000,2020,5,19,18,12004KT,17,10
2020-05-19 19:00:00.000,2020,5,19,19,14004KT,16,11
2020-05-19 20:00:00.000,2020,5,19,20,22004KT,17,11
2020-05-19 21:00:00.000,2020,5,19,21,10005KT,17,09
2020-05-19 22:00:00.000,2020,5,19,22,11006KT,18,09
2020-05-19 23:00:00.000,2020,5,19,23,14008KT,16,10
2020-05-20 00:00:00.000,2020,5,20,0,05005KT,15,10
2020-05-20 01:00:00.000,2020,5,20,1,09003KT,15,10
2020-05-20 02:00:00.000,2020,5,20,2,09003KT,14,09
2020-05-20 03:00:00.000,2020,5,20,3,02004KT,11,09
2020-05-20 04:00:00.000,2020,5,20,4,06004KT,12,10
2020-05-20 05:00:00.000,2020,5,20,5,02005KT,11,09
2020-05-20 06:00:00.000,2020,5,20,6,05005KT,10,08
2020-05-20 07:00:00.000,2020,5,20,7,VRB02KT,10,08
2020-05-20 08:00:00.000,2020,5,20,8,VRB02KT,11,09
2020-05-20 09:00:00.000,2020,5,20,9,03003KT,09,08
2020-05-20 10:00:00.000,2020,5,20,10,VRB02KT,09,07
2020-05-20 11:00:00.000,2020,5,20,11,07003KT,10,09
2020-05-20 12:00:00.000,2020,5,20,12,VRB02KT,12,10
2020-05-20 13:00:00.000,2020,5,20,13,04005KT,15,10
2020-05-20 14:00:00.000,2020,5,20,14,06006KT,16,09
2020-05-20 15:00:00.000,2020,5,20,15,VRB04KT,18,09
2020-05-20 16:00:00.000,2020,5,20,16,12008KT,20,10
2020-05-20 17:00:00.000,2020,5,20,17,09006KT,18,10
2020-05-20 18:00:00.000,2020,5,20,18,10008KT,18,09
2020-05-20 19:00:00.000,2020,5,20,19,13012KT,18,10
2020-05-20 20:00:00.000,2020,5,20,20,15012KT,19,09
2020-05-20 21:00:00.000,2020,5,20,21,17006KT,19,09
2020-05-20 22:00:00.000,2020,5,20,22,13006KT,18,08
2020-05-20 23:00:00.000,2020,5,20,23,08005KT,16,10
2020-05-21 00:00:00.000,2020,5,21,0,12005KT,16,09
2020-05-21 01:00:00.000,2020,5,21,1,10004KT,15,09
2020-05-21 02:00:00.000,2020,5,21,2,08003KT,12,09
2020-05-21 03:00:00.000,2020,5,21,3,08003KT,13,09
2020-05-21 04:00:00.000,2020,5,21,4,03004KT,10,09
2020-05-21 05:00:00.000,2020,5,21,5,05005KT,12,09
2020-05-21 06:00:00.000,2020,5,21,6,04005KT,12,09
2020-05-21 07:00:00.000,2020,5,21,7,33003KT,13,09
2020-05-21 08:00:00.000,2020,5,21,8,VRB02KT,11,09
2020-05-21 09:00:00.000,2020,5,21,9,03003KT,11,09
2020-05-21 10:00:00.000,2020,5,21,10,05005KT,12,10
2020-05-21 11:00:00.000,2020,5,21,11,02005KT,12,10
2020-05-21 12:00:00.000,2020,5,21,12,04004KT,14,11
2020-05-21 13:00:00.000,2020,5,21,13,10005KT,16,10
2020-05-21 14:00:00.000,2020,5,21,14,11007KT,17,09
2020-05-21 15:00:00.000,2020,5,21,15,14010KT,19,09
2020-05-21 16:00:00.000,2020,5,21,16,19010KT,19,09
2020-05-21 17:00:00.000,2020,5,21,17,15009KT,19,09
2020-05-21 18:00:00.000,2020,5,21,18,14012KT,18,10
2020-05-21 19:00:00.000,2020,5,21,19,13011KT,18,09
2020-05-21 20:00:00.000,2020,5,21,20,13010KT,19,09
2020-05-21 21:00:00.000,2020,5,21,21,13006KT,19,09
2020-05-21 22:00:00.000,2020,5,21,22,11007KT,18,08
2020-05-21 23:00:00.000,2020,5,21,23,13009KT,17,09
2020-05-22 00:00:00.000,2020,5,22,0,09004KT,16,09
2020-05-22 01:00:00.000,2020,5,22,1,VRB02KT,15,09
2020-05-22 02:00:00.000,2020,5,22,2,13005KT,16,10
2020-05-22 03:00:00.000,2020,5,22,3,09004KT,16,09
2020-05-22 04:00:00.000,2020,5,22,4,07004KT,15,10
2020-05-22 05:00:00.000,2020,5,22,5,03006KT,13,11
2020-05-22 06:00:00.000,2020,5,22,6,03005KT,13,11
2020-05-22 07:00:00.000,2020,5,22,7,09005KT,15,10
2020-05-22 08:00:00.000,2020,5,22,8,04004KT,13,10
2020-05-22 09:00:00.000,2020,5,22,9,05007KT,13,09
2020-05-22 10:00:00.000,2020,5,22,10,05006KT,12,09
2020-05-22 11:00:00.000,2020,5,22,11,02004KT,12,08
2020-05-22 12:00:00.000,2020,5,22,12,VRB02KT,13,09
2020-05-22 12:25:00.000,2020,5,22,12,08003KT,15,09
2020-05-22 13:00:00.000,2020,5,22,13,05005KT,17,09
2020-05-22 14:00:00.000,2020,5,22,14,09007KT,19,09
2020-05-22 15:00:00.000,2020,5,22,15,14010KT,19,08
2020-05-22 16:00:00.000,2020,5,22,16,13012KT,19,08
2020-05-22 17:00:00.000,2020,5,22,17,11009KT,19,08
2020-05-22 18:00:00.000,2020,5,22,18,11008KT,20,09
2020-05-22 19:00:00.000,2020,5,22,19,13009KT,19,08
2020-05-22 20:00:00.000,2020,5,22,20,13005KT,19,09
2020-05-22 21:00:00.000,2020,5,22,21,02003KT,19,09
2020-05-22 22:00:00.000,2020,5,22,22,10007KT,19,08
2020-05-22 23:00:00.000,2020,5,22,23,09004KT,18,08
2020-05-23 15:00:00.000,2020,5,23,15,12010KT,18,09
2020-05-23 16:00:00.000,2020,5,23,16,12012KT,18,09
2020-05-23 17:00:00.000,2020,5,23,17,10010KT,18,09
2020-05-23 18:00:00.000,2020,5,23,18,15010KT,18,09
2020-05-23 19:00:00.000,2020,5,23,19,16011KT,18,09
2020-05-23 20:00:00.000,2020,5,23,20,16012KT,19,09
2020-05-23 21:00:00.000,2020,5,23,21,11008KT,19,08
2020-05-23 22:00:00.000,2020,5,23,22,08008KT,18,08
2020-05-23 23:00:00.000,2020,5,23,23,08004KT,16,08
2020-05-24 00:00:00.000,2020,5,24,0,09004KT,16,09
2020-05-24 01:00:00.000,2020,5,24,1,13006KT,14,09
2020-05-24 02:00:00.000,2020,5,24,2,VRB02KT,12,09
2020-05-24 03:00:00.000,2020,5,24,3,04003KT,11,09
2020-05-24 04:00:00.000,2020,5,24,4,VRB02KT,12,09
2020-05-24 05:00:00.000,2020,5,24,5,30003KT,11,09
2020-05-24 06:00:00.000,2020,5,24,6,36003KT,09,07
2020-05-24 07:00:00.000,2020,5,24,7,36003KT,12,08
2020-05-24 08:00:00.000,2020,5,24,8,02003KT,10,08
2020-05-24 09:00:00.000,2020,5,24,9,02003KT,10,09
2020-05-24 10:00:00.000,2020,5,24,10,05004KT,12,11
2020-05-24 11:00:00.000,2020,5,24,11,06005KT,12,10
2020-05-24 12:00:00.000,2020,5,24,12,05006KT,13,11
2020-05-24 13:00:00.000,2020,5,24,13,05005KT,15,11
2020-05-24 14:00:00.000,2020,5,24,14,04005KT,16,11
2020-05-24 15:00:00.000,2020,5,24,15,07008KT,19,10
2020-05-24 16:00:00.000,2020,5,24,16,13014KT,19,09
2020-05-24 17:00:00.000,2020,5,24,17,14012KT,19,10
2020-05-24 18:00:00.000,2020,5,24,18,10006KT,20,11
2020-05-24 19:00:00.000,2020,5,24,19,15012KT,19,09
2020-05-24 20:00:00.000,2020,5,24,20,15011KT,19,10
2020-05-24 21:00:00.000,2020,5,24,21,13011KT,18,10
2020-05-24 22:00:00.000,2020,5,24,22,14008KT,17,10
2020-05-24 23:00:00.000,2020,5,24,23,11005KT,17,09
2020-05-25 00:00:00.000,2020,5,25,0,12006KT,15,09
2020-05-25 01:00:00.000,2020,5,25,1,10008KT,15,09
2020-05-25 02:00:00.000,2020,5,25,2,09008KT,15,09
2020-05-25 03:00:00.000,2020,5,25,3,09010KT,15,09
2020-05-25 04:00:00.000,2020,5,25,4,10004KT,14,09
2020-05-25 05:00:00.000,2020,5,25,5,12003KT,14,09
2020-05-25 06:00:00.000,2020,5,25,6,11004KT,14,09
2020-05-25 07:00:00.000,2020,5,25,7,VRB02KT,12,08
2020-05-25 08:00:00.000,2020,5,25,8,VRB02KT,12,09
2020-05-25 09:00:00.000,2020,5,25,9,VRB02KT,12,10
2020-05-25 10:00:00.000,2020,5,25,10,VRB02KT,11,09
2020-05-25 11:00:00.000,2020,5,25,11,05005KT,10,08
2020-05-25 12:00:00.000,2020,5,25,12,10005KT,14,10
2020-05-25 13:00:00.000,2020,5,25,13,09005KT,16,10
2020-05-25 14:00:00.000,2020,5,25,14,17005KT,17,10
2020-05-25 15:00:00.000,2020,5,25,15,14010KT,18,09
2020-05-25 16:00:00.000,2020,5,25,16,16011KT,17,10
2020-05-25 17:00:00.000,2020,5,25,17,14010KT,18,10
2020-05-25 18:00:00.000,2020,5,25,18,14012KT,19,09
2020-05-25 19:00:00.000,2020,5,25,19,16011KT,19,10
2020-05-25 20:00:00.000,2020,5,25,20,16009KT,20,10
2020-05-25 21:00:00.000,2020,5,25,21,13007KT,19,09
2020-05-25 22:00:00.000,2020,5,25,22,12006KT,19,09
2020-05-25 23:00:00.000,2020,5,25,23,12006KT,18,09
2020-05-26 00:00:00.000,2020,5,26,0,13008KT,15,09
2020-05-26 01:00:00.000,2020,5,26,1,13005KT,15,09
2020-05-26 02:00:00.000,2020,5,26,2,05005KT,14,10
2020-05-26 03:00:00.000,2020,5,26,3,05005KT,13,10
2020-05-26 04:00:00.000,2020,5,26,4,04005KT,13,10
2020-05-26 05:00:00.000,2020,5,26,5,05004KT,13,10
2020-05-26 06:00:00.000,2020,5,26,6,04003KT,13,10
2020-05-26 07:00:00.000,2020,5,26,7,05005KT,13,10
2020-05-26 08:00:00.000,2020,5,26,8,05006KT,13,11
2020-05-26 09:00:00.000,2020,5,26,9,05005KT,12,10
2020-05-26 10:00:00.000,2020,5,26,10,07003KT,12,10
2020-05-26 11:00:00.000,2020,5,26,11,VRB02KT,12,10
2020-05-26 12:00:00.000,2020,5,26,12,04007KT,14,11
2020-05-26 13:00:00.000,2020,5,26,13,05008KT,15,11
2020-05-26 14:00:00.000,2020,5,26,14,11008KT,17,10
2020-05-26 15:00:00.000,2020,5,26,15,14010KT,18,11
2020-05-26 16:00:00.000,2020,5,26,16,05007KT,16,13
2020-05-26 17:00:00.000,2020,5,26,17,10007KT,18,12
2020-05-26 18:00:00.000,2020,5,26,18,15008KT,19,13
2020-05-26 19:00:00.000,2020,5,26,19,02005KT,17,13
2020-05-26 20:00:00.000,2020,5,26,20,14005KT,19,10
2020-05-26 21:00:00.000,2020,5,26,21,16018KT,17,11
2020-05-26 23:00:00.000,2020,5,26,23,14006KT,15,10
2020-05-27 00:00:00.000,2020,5,27,0,15004KT,14,10
2020-05-27 01:00:00.000,2020,5,27,1,VRB02KT,13,10
2020-05-27 02:00:00.000,2020,5,27,2,16007KT,14,09
2020-05-27 03:00:00.000,2020,5,27,3,13004KT,14,10
2020-05-27 04:00:00.000,2020,5,27,4,15010KT,14,09
2020-05-27 05:00:00.000,2020,5,27,5,16004KT,13,09
2020-05-27 06:00:00.000,2020,5,27,6,15004KT,13,09
2020-05-27 07:00:00.000,2020,5,27,7,17005KT,13,10
2020-05-27 08:00:00.000,2020,5,27,8,15006KT,13,10
2020-05-27 09:00:00.000,2020,5,27,9,VRB02KT,12,11
2020-05-27 10:00:00.000,2020,5,27,10,VRB02KT,12,10
2020-05-27 11:00:00.000,2020,5,27,11,02004KT,12,11
2020-05-27 12:00:00.000,2020,5,27,12,26004KT,13,11
2020-05-27 13:00:00.000,2020,5,27,13,VRB02KT,15,12
2020-05-27 14:00:00.000,2020,5,27,14,15007KT,16,11
2020-05-27 15:00:00.000,2020,5,27,15,15007KT,18,10
2020-05-27 16:00:00.000,2020,5,27,16,18012KT,18,09
2020-05-27 17:00:00.000,2020,5,27,17,15007KT,19,10
2020-05-27 18:00:00.000,2020,5,27,18,14009KT,18,09
2020-05-27 19:00:00.000,2020,5,27,19,16015KT,17,09
2020-05-27 20:00:00.000,2020,5,27,20,16014KT,17,09
2020-05-27 21:00:00.000,2020,5,27,21,17013KT,18,09
2020-05-27 22:00:00.000,2020,5,27,22,16010KT,17,08
2020-05-27 23:00:00.000,2020,5,27,23,26008KT,16,10
2020-05-28 00:00:00.000,2020,5,28,0,28008KT,13,11
2020-05-28 01:00:00.000,2020,5,28,1,01003KT,11,10
2020-05-28 02:00:00.000,2020,5,28,2,VRB02KT,10,09
2020-05-28 03:00:00.000,2020,5,28,3,30003KT,10,09
2020-05-28 04:00:00.000,2020,5,28,4,VRB02KT,09,08
2020-05-28 05:00:00.000,2020,5,28,5,VRB02KT,10,09
2020-05-28 06:00:00.000,2020,5,28,6,31003KT,11,10
2020-05-28 07:00:00.000,2020,5,28,7,VRB02KT,11,11
2020-05-28 08:00:00.000,2020,5,28,8,00000KT,11,10
2020-05-28 09:00:00.000,2020,5,28,9,27004KT,12,11
2020-05-28 10:00:00.000,2020,5,28,10,00000KT,12,11
2020-05-28 11:00:00.000,2020,5,28,11,VRB02KT,11,11
2020-05-28 12:00:00.000,2020,5,28,12,03003KT,12,11
2020-05-28 13:00:00.000,2020,5,28,13,03003KT,14,12
2020-05-28 14:00:00.000,2020,5,28,14,04004KT,15,11
2020-05-28 15:00:00.000,2020,5,28,15,05003KT,16,10
2020-05-28 16:00:00.000,2020,5,28,16,05005KT,17,10
2020-05-28 17:00:00.000,2020,5,28,17,01004KT,18,10
2020-05-28 18:00:00.000,2020,5,28,18,VRB04KT,19,09
2020-05-28 19:00:00.000,2020,5,28,19,13010KT,17,11
2020-05-28 20:00:00.000,2020,5,28,20,21006KT,17,12
2020-05-28 21:00:00.000,2020,5,28,21,17003KT,16,10
2020-05-28 22:00:00.000,2020,5,28,22,32008KT,14,13
2020-05-28 23:00:00.000,2020,5,28,23,32006KT,14,12
2020-05-29 00:00:00.000,2020,5,29,0,32004KT,13,12
2020-05-29 01:00:00.000,2020,5,29,1,30004KT,14,12
2020-05-29 02:00:00.000,2020,5,29,2,26004KT,14,12
2020-05-29 03:00:00.000,2020,5,29,3,VRB02KT,13,12
2020-05-29 04:00:00.000,2020,5,29,4,VRB02KT,13,12
2020-05-29 05:00:00.000,2020,5,29,5,24003KT,13,12
2020-05-29 06:00:00.000,2020,5,29,6,34003KT,13,12
2020-05-29 07:00:00.000,2020,5,29,7,VRB02KT,13,12
2020-05-29 08:00:00.000,2020,5,29,8,VRB02KT,12,12
2020-05-29 09:00:00.000,2020,5,29,9,VRB02KT,12,12
2020-05-29 10:00:00.000,2020,5,29,10,03003KT,12,11
2020-05-29 11:00:00.000,2020,5,29,11,VRB02KT,12,11
2020-05-29 12:00:00.000,2020,5,29,12,05005KT,13,12
2020-05-29 13:00:00.000,2020,5,29,13,05003KT,15,11
2020-05-29 14:00:00.000,2020,5,29,14,VRB02KT,17,11
2020-05-29 15:00:00.000,2020,5,29,15,14004KT,17,10
2020-05-29 16:00:00.000,2020,5,29,16,14005KT,19,09
2020-05-29 17:00:00.000,2020,5,29,17,14005KT,19,08
2020-05-29 18:00:00.000,2020,5,29,18,26007KT,18,11
2020-05-29 19:00:00.000,2020,5,29,19,32009KT,18,13
2020-05-29 20:00:00.000,2020,5,29,20,29003KT,16,13
2020-05-29 21:00:00.000,2020,5,29,21,28006KT,17,14
2020-05-29 22:00:00.000,2020,5,29,22,30005KT,17,13
2020-05-29 23:00:00.000,2020,5,29,23,VRB02KT,16,13
2020-05-30 00:00:00.000,2020,5,30,0,21004KT,15,13
2020-05-30 01:00:00.000,2020,5,30,1,VRB02KT,14,13
2020-05-30 02:00:00.000,2020,5,30,2,VRB02KT,14,13
2020-05-30 03:00:00.000,2020,5,30,3,00000KT,14,13
2020-05-30 04:00:00.000,2020,5,30,4,04004KT,13,11
2020-05-30 05:00:00.000,2020,5,30,5,35003KT,13,11
2020-05-30 06:00:00.000,2020,5,30,6,05005KT,12,10
2020-05-30 07:00:00.000,2020,5,30,7,36003KT,11,10
2020-05-30 08:00:00.000,2020,5,30,8,VRB02KT,12,11
2020-05-30 09:00:00.000,2020,5,30,9,VRB02KT,11,10
2020-05-30 10:00:00.000,2020,5,30,10,31005KT,10,09
2020-05-30 11:00:00.000,2020,5,30,11,00000KT,11,10
2020-05-30 12:00:00.000,2020,5,30,12,VRB02KT,12,11
2020-05-30 13:00:00.000,2020,5,30,13,VRB02KT,13,12
2020-05-30 14:00:00.000,2020,5,30,14,VRB02KT,15,11
2020-05-30 15:00:00.000,2020,5,30,15,VRB02KT,16,11
2020-05-30 16:00:00.000,2020,5,30,16,32005KT,17,11
2020-05-30 17:00:00.000,2020,5,30,17,VRB02KT,19,10
2020-05-30 18:00:00.000,2020,5,30,18,18010KT,15,13
2020-05-30 19:00:00.000,2020,5,30,19,28006KT,17,13
2020-05-30 20:00:00.000,2020,5,30,20,28010KT,17,12
2020-05-30 21:00:00.000,2020,5,30,21,27011KT,16,12
2020-05-30 22:00:00.000,2020,5,30,22,17005KT,14,12
2020-05-30 23:00:00.000,2020,5,30,23,VRB02KT,13,12
2020-05-31 00:00:00.000,2020,5,31,0,VRB02KT,13,12
2020-05-31 01:00:00.000,2020,5,31,1,29004KT,13,12
2020-05-31 02:00:00.000,2020,5,31,2,04008KT,13,12
2020-05-31 03:00:00.000,2020,5,31,3,04005KT,12,11
2020-05-31 04:00:00.000,2020,5,31,4,07003KT,12,10
2020-05-31 05:00:00.000,2020,5,31,5,VRB02KT,12,10
2020-05-31 06:00:00.000,2020,5,31,6,VRB02KT,11,10
2020-05-31 07:00:00.000,2020,5,31,7,VRB02KT,10,10
2020-05-31 08:00:00.000,2020,5,31,8,03003KT,11,10
2020-05-31 09:00:00.000,2020,5,31,9,VRB02KT,10,09
2020-05-31 10:00:00.000,2020,5,31,10,06006KT,11,10
2020-05-31 11:00:00.000,2020,5,31,11,33004KT,10,09
2020-05-31 12:00:00.000,2020,5,31,12,VRB02KT,12,11
2020-05-31 13:00:00.000,2020,5,31,13,05003KT,13,11
2020-05-31 14:00:00.000,2020,5,31,14,VRB02KT,16,10
2020-05-31 15:00:00.000,2020,5,31,15,VRB02KT,17,10
2020-05-31 16:00:00.000,2020,5,31,16,03003KT,17,09
2020-05-31 17:00:00.000,2020,5,31,17,07004KT,16,12
2020-05-31 18:00:00.000,2020,5,31,18,20004KT,18,10
2020-05-31 19:00:00.000,2020,5,31,19,26005KT,17,13
2020-05-31 20:00:00.000,2020,5,31,20,31012KT,16,13
2020-05-31 21:00:00.000,2020,5,31,21,27009KT,15,13
2020-05-31 22:00:00.000,2020,5,31,22,31004KT,16,12
2020-05-31 23:00:00.000,2020,5,31,23,24004KT,15,11
2020-06-01 00:00:00.000,2020,6,1,0,VRB02KT,14,11
2020-06-01 01:00:00.000,2020,6,1,1,VRB02KT,13,12
2020-06-01 02:00:00.000,2020,6,1,2,36003KT,13,12
2020-06-01 03:00:00.000,2020,6,1,3,VRB02KT,13,12
2020-06-01 04:00:00.000,2020,6,1,4,31005KT,13,12
2020-06-01 05:00:00.000,2020,6,1,5,02003KT,13,12
2020-06-01 06:00:00.000,2020,6,1,6,03005KT,13,12
2020-06-01 07:00:00.000,2020,6,1,7,VRB02KT,12,12
2020-06-01 08:00:00.000,2020,6,1,8,05006KT,12,11
2020-06-01 09:00:00.000,2020,6,1,9,04004KT,12,10
2020-06-01 10:00:00.000,2020,6,1,10,04003KT,11,10
2020-06-01 11:00:00.000,2020,6,1,11,07006KT,12,10
2020-06-01 12:00:00.000,2020,6,1,12,03004KT,13,11
2020-06-01 13:00:00.000,2020,6,1,13,06005KT,14,11
2020-06-01 14:00:00.000,2020,6,1,14,03004KT,16,11
2020-06-01 15:00:00.000,2020,6,1,15,35003KT,18,11
2020-06-01 16:00:00.000,2020,6,1,16,04007KT,18,11
2020-06-01 17:00:00.000,2020,6,1,17,04007KT,18,12
2020-06-01 18:00:00.000,2020,6,1,18,36005KT,18,11
2020-06-01 19:00:00.000,2020,6,1,19,VRB02KT,15,12
2020-06-01 20:00:00.000,2020,6,1,20,28004KT,16,11
2020-06-01 21:00:00.000,2020,6,1,21,30004KT,16,12
2020-06-01 22:00:00.000,2020,6,1,22,36003KT,15,12
2020-06-01 23:00:00.000,2020,6,1,23,30004KT,15,12
2020-06-02 00:00:00.000,2020,6,2,0,00000KT,14,12
2020-06-02 01:00:00.000,2020,6,2,1,VRB02KT,13,11
2020-06-02 02:00:00.000,2020,6,2,2,28004KT,13,11
2020-06-02 03:00:00.000,2020,6,2,3,33003KT,12,10
2020-06-02 04:00:00.000,2020,6,2,4,VRB02KT,12,10
2020-06-02 05:00:00.000,2020,6,2,5,02003KT,10,09
2020-06-02 06:00:00.000,2020,6,2,6,VRB02KT,11,10
2020-06-02 07:00:00.000,2020,6,2,7,VRB02KT,09,08
2020-06-02 08:00:00.000,2020,6,2,8,VRB02KT,10,09
2020-06-02 09:00:00.000,2020,6,2,9,VRB02KT,09,08
2020-06-02 10:00:00.000,2020,6,2,10,VRB02KT,09,08
2020-06-02 11:00:00.000,2020,6,2,11,VRB02KT,07,07
2020-06-02 12:00:00.000,2020,6,2,12,34003KT,10,09
2020-06-02 13:00:00.000,2020,6,2,13,06004KT,13,12
2020-06-02 14:00:00.000,2020,6,2,14,03004KT,16,11
2020-06-02 15:00:00.000,2020,6,2,15,08006KT,18,09
2020-06-02 16:00:00.000,2020,6,2,16,05004KT,19,11
2020-06-02 17:00:00.000,2020,6,2,17,03008KT,17,10
2020-06-02 18:00:00.000,2020,6,2,18,02006KT,18,10
2020-06-02 19:00:00.000,2020,6,2,19,36007KT,16,12
2020-06-02 20:00:00.000,2020,6,2,20,07007KT,17,11
2020-06-02 21:00:00.000,2020,6,2,21,05006KT,20,10
2020-06-02 22:00:00.000,2020,6,2,22,36004KT,19,10
2020-06-02 23:00:00.000,2020,6,2,23,13011KT,16,12
2020-06-03 00:00:00.000,2020,6,3,0,19003KT,15,12
2020-06-03 01:00:00.000,2020,6,3,1,30004KT,13,11
2020-06-03 02:00:00.000,2020,6,3,2,24003KT,14,11
2020-06-03 03:00:00.000,2020,6,3,3,VRB02KT,14,11
2020-06-03 04:00:00.000,2020,6,3,4,01003KT,12,11
2020-06-03 05:00:00.000,2020,6,3,5,VRB02KT,12,10
2020-06-03 06:00:00.000,2020,6,3,6,04003KT,11,10
2020-06-03 07:00:00.000,2020,6,3,7,VRB02KT,12,10
2020-06-03 08:00:00.000,2020,6,3,8,06003KT,13,11
2020-06-03 09:00:00.000,2020,6,3,9,03006KT,12,10
2020-06-03 10:00:00.000,2020,6,3,10,VRB02KT,13,10
2020-06-03 11:00:00.000,2020,6,3,11,03004KT,11,10
2020-06-03 12:00:00.000,2020,6,3,12,VRB02KT,12,11
2020-06-03 13:00:00.000,2020,6,3,13,03006KT,14,11
2020-06-03 14:00:00.000,2020,6,3,14,04004KT,14,11
2020-06-03 15:00:00.000,2020,6,3,15,01003KT,16,10
2020-06-03 16:00:00.000,2020,6,3,16,01004KT,15,11
2020-06-03 17:00:00.000,2020,6,3,17,34004KT,17,10
2020-06-03 18:00:00.000,2020,6,3,18,VRB02KT,17,11
2020-06-03 19:00:00.000,2020,6,3,19,VRB02KT,17,10
2020-06-03 20:00:00.000,2020,6,3,20,02003KT,16,12
2020-06-03 21:00:00.000,2020,6,3,21,28006KT,16,12
2020-06-03 22:00:00.000,2020,6,3,22,23005KT,15,12
2020-06-03 23:00:00.000,2020,6,3,23,23005KT,14,12
2020-06-04 00:00:00.000,2020,6,4,0,VRB02KT,13,11
2020-06-04 01:00:00.000,2020,6,4,1,VRB02KT,12,11
2020-06-04 02:00:00.000,2020,6,4,2,VRB02KT,12,11
2020-06-04 03:00:00.000,2020,6,4,3,00000KT,12,11
2020-06-04 04:00:00.000,2020,6,4,4,VRB02KT,11,11
2020-06-04 05:00:00.000,2020,6,4,5,00000KT,10,10
2020-06-04 06:00:00.000,2020,6,4,6,VRB02KT,11,10
2020-06-04 07:00:00.000,2020,6,4,7,VRB02KT,11,11
2020-06-04 08:00:00.000,2020,6,4,8,VRB02KT,12,11
2020-06-04 09:00:00.000,2020,6,4,9,11003KT,12,11
2020-06-04 10:00:00.000,2020,6,4,10,15006KT,12,08
2020-06-04 11:00:00.000,2020,6,4,11,17007KT,12,09
2020-06-04 12:00:00.000,2020,6,4,12,12005KT,13,08
2020-06-04 13:00:00.000,2020,6,4,13,08005KT,15,08
2020-06-04 14:00:00.000,2020,6,4,14,06005KT,17,09
2020-06-04 15:00:00.000,2020,6,4,15,04005KT,18,10
2020-06-04 16:00:00.000,2020,6,4,16,13008KT,20,09
2020-06-04 17:00:00.000,2020,6,4,17,14011KT,21,08
2020-06-04 18:00:00.000,2020,6,4,18,12008KT,21,09
2020-06-04 19:00:00.000,2020,6,4,19,14011KT,19,09
2020-06-04 20:00:00.000,2020,6,4,20,12009KT,20,09
2020-06-04 21:00:00.000,2020,6,4,21,12009KT,20,09
2020-06-04 22:00:00.000,2020,6,4,22,12010KT,18,09
2020-06-04 23:00:00.000,2020,6,4,23,12007KT,17,09
2020-06-05 00:00:00.000,2020,6,5,0,08005KT,16,09
2020-06-05 01:00:00.000,2020,6,5,1,10004KT,15,10
2020-06-05 02:00:00.000,2020,6,5,2,13008KT,15,09
2020-06-05 03:00:00.000,2020,6,5,3,10004KT,15,09
2020-06-05 04:00:00.000,2020,6,5,4,070007KT,15,09
2020-06-05 05:00:00.000,2020,6,5,5,06008KT,14,09
2020-06-05 06:00:00.000,2020,6,5,6,06006KT,13,09
2020-06-05 07:00:00.000,2020,6,5,7,08006KT,14,09
2020-06-05 08:00:00.000,2020,6,5,8,07004KT,13,09
2020-06-05 09:00:00.000,2020,6,5,9,06007KT,13,09
2020-06-05 10:00:00.000,2020,6,5,10,07006KT,13,09
2020-06-05 11:00:00.000,2020,6,5,11,09004KT,13,09
2020-06-05 12:00:00.000,2020,6,5,12,10006KT,14,09
2020-06-05 13:00:00.000,2020,6,5,13,08007KT,16,09
2020-06-05 14:00:00.000,2020,6,5,14,10006KT,17,08
2020-06-05 15:00:00.000,2020,6,5,15,12008KT,17,08
2020-06-05 16:00:00.000,2020,6,5,16,12009KT,19,09
2020-06-05 17:00:00.000,2020,6,5,17,15008KT,19,09
2020-06-05 18:00:00.000,2020,6,5,18,15011KT,18,09
2020-06-05 19:00:00.000,2020,6,5,19,13007KT,18,09
2020-06-05 20:00:00.000,2020,6,5,20,16012KT,18,09
2020-06-05 21:00:00.000,2020,6,5,21,09006KT,18,10
2020-06-05 22:00:00.000,2020,6,5,22,13010KT,18,09
2020-06-05 23:00:00.000,2020,6,5,23,11006KT,16,08
2020-06-06 00:00:00.000,2020,6,6,0,13009KT,15,09
2020-06-06 01:00:00.000,2020,6,6,1,07005KT,14,09
2020-06-06 02:00:00.000,2020,6,6,2,05004KT,14,09
2020-06-06 03:00:00.000,2020,6,6,3,VRB02KT,13,09
2020-06-06 04:00:00.000,2020,6,6,4,VRB02KT,12,09
2020-06-06 05:00:00.000,2020,6,6,5,05005KT,11,09
2020-06-06 06:00:00.000,2020,6,6,6,05006KT,12,10
2020-06-06 07:00:00.000,2020,6,6,7,08004KT,12,11
2020-06-06 08:00:00.000,2020,6,6,8,15008KT,12,09
2020-06-06 09:00:00.000,2020,6,6,9,VRB02KT,11,09
2020-06-06 10:00:00.000,2020,6,6,10,VRB02KT,11,09
2020-06-06 11:00:00.000,2020,6,6,11,VRB02KT,11,09
2020-06-06 12:00:00.000,2020,6,6,12,34004KT,13,10
2020-06-06 13:00:00.000,2020,6,6,13,05004KT,14,10
2020-06-06 14:00:00.000,2020,6,6,14,VRB02KT,14,10
2020-06-06 15:00:00.000,2020,6,6,15,VRB02KT,16,10
2020-06-06 16:00:00.000,2020,6,6,16,VRB04KT,17,10
2020-06-06 17:00:00.000,2020,6,6,17,17010KT,18,09
2020-06-06 18:00:00.000,2020,6,6,18,19014KT,19,09
2020-06-06 19:00:00.000,2020,6,6,19,14012KT,17,10
2020-06-06 20:00:00.000,2020,6,6,20,12010KT,,
2020-06-06 21:00:00.000,2020,6,6,21,11011KT,17,09
2020-06-06 22:00:00.000,2020,6,6,22,10004KT,15,11
2020-06-06 23:00:00.000,2020,6,6,23,04006KT,14,11
2020-06-07 00:00:00.000,2020,6,7,0,VRB02KT,13,11
2020-06-07 01:00:00.000,2020,6,7,1,VRB02KT,11,10
2020-06-07 02:00:00.000,2020,6,7,2,35003KT,11,10
2020-06-07 03:00:00.000,2020,6,7,3,02005KT,,
2020-06-07 04:00:00.000,2020,6,7,4,05008KT,12,10
2020-06-07 05:00:00.000,2020,6,7,5,06008KT,12,10
2020-06-07 06:00:00.000,2020,6,7,6,VRB02KT,12,10
2020-06-07 07:00:00.000,2020,6,7,7,VRB02KT,11,09
2020-06-07 08:00:00.000,2020,6,7,8,03003KT,10,08
2020-06-07 09:00:00.000,2020,6,7,9,VRB02KT,09,08
2020-06-07 10:00:00.000,2020,6,7,10,06003KT,08,07
2020-06-07 11:00:00.000,2020,6,7,11,08005KT,08,07
2020-06-07 12:00:00.000,2020,6,7,12,05009KT,11,10
2020-06-07 13:00:00.000,2020,6,7,13,08005KT,15,10
2020-06-07 14:00:00.000,2020,6,7,14,04005KT,17,09
2020-06-07 15:00:00.000,2020,6,7,15,05006KT,17,09
2020-06-07 16:00:00.000,2020,6,7,16,13009KT,18,08
2020-06-07 17:00:00.000,2020,6,7,17,13011KT,18,08
2020-06-07 18:00:00.000,2020,6,7,18,14010KT,18,07
2020-06-07 19:00:00.000,2020,6,7,19,13008KT,18,07
2020-06-07 20:00:00.000,2020,6,7,20,12006KT,19,07
2020-06-07 21:00:00.000,2020,6,7,21,06009KT,18,07
2020-06-07 22:00:00.000,2020,6,7,22,05009KT,18,08
2020-06-07 23:00:00.000,2020,6,7,23,13004KT,17,08
2020-06-08 00:00:00.000,2020,6,8,0,VRB02KT,15,08
2020-06-08 01:00:00.000,2020,6,8,1,VRB02KT,14,07
2020-06-08 02:00:00.000,2020,6,8,2,02003KT,12,09
2020-06-08 03:00:00.000,2020,6,8,3,08004KT,12,08
2020-06-08 04:00:00.000,2020,6,8,4,VRB04KT,12,08
2020-06-08 05:00:00.000,2020,6,8,5,VRB02KT,11,09
2020-06-08 06:00:00.000,2020,6,8,6,35004KT,10,08
2020-06-08 07:00:00.000,2020,6,8,7,VRB02KT,09,08
2020-06-08 08:00:00.000,2020,6,8,8,00000KT,08,07
2020-06-08 09:00:00.000,2020,6,8,9,00000KT,08,08
2020-06-08 10:00:00.000,2020,6,8,10,VRB02KT,08,08
2020-06-08 11:00:00.000,2020,6,8,11,35003KT,08,08
2020-06-08 12:00:00.000,2020,6,8,12,04005KT,09,08
2020-06-08 13:00:00.000,2020,6,8,13,06004KT,12,11
2020-06-08 14:00:00.000,2020,6,8,14,04006KT,14,11
2020-06-08 15:00:00.000,2020,6,8,15,05006KT,15,10
2020-06-08 16:00:00.000,2020,6,8,16,VRB02KT,18,08
2020-06-08 17:00:00.000,2020,6,8,17,17006KT,19,08
2020-06-08 18:00:00.000,2020,6,8,18,08007KT,19,08
2020-06-08 19:00:00.000,2020,6,8,19,14006KT,21,08
2020-06-08 20:00:00.000,2020,6,8,20,16005KT,20,08
2020-06-08 21:00:00.000,2020,6,8,21,11007KT,19,08
2020-06-08 22:00:00.000,2020,6,8,22,12006KT,18,08
2020-06-08 23:00:00.000,2020,6,8,23,20005KT,18,07
2020-06-09 00:00:00.000,2020,6,9,0,26004KT,14,06
2020-06-09 01:00:00.000,2020,6,9,1,VRB02KT,13,07
2020-06-09 02:00:00.000,2020,6,9,2,36003KT,11,08
2020-06-09 03:00:00.000,2020,6,9,3,03004KT,11,09
2020-06-09 04:00:00.000,2020,6,9,4,07004KT,11,09
2020-06-09 05:00:00.000,2020,6,9,5,VRB02KT,11,09
2020-06-09 06:00:00.000,2020,6,9,6,VRB02KT,10,09
2020-06-09 07:00:00.000,2020,6,9,7,04006KT,10,09
2020-06-09 08:00:00.000,2020,6,9,8,02004KT,10,09
2020-06-09 09:00:00.000,2020,6,9,9,36003KT,09,07
2020-06-09 10:00:00.000,2020,6,9,10,VRB02KT,10,08
2020-06-09 11:00:00.000,2020,6,9,11,27003KT,10,08
2020-06-09 12:00:00.000,2020,6,9,12,36004KT,11,09
2020-06-09 13:00:00.000,2020,6,9,13,05007KT,14,09
2020-06-09 14:00:00.000,2020,6,9,14,VRB02KT,17,08
2020-06-09 15:00:00.000,2020,6,9,15,30005KT,18,08
2020-06-09 16:00:00.000,2020,6,9,16,VRB02KT,19,08
2020-06-09 17:00:00.000,2020,6,9,17,15004KT,20,08
2020-06-09 18:00:00.000,2020,6,9,18,21007KT,19,11
2020-06-09 19:00:00.000,2020,6,9,19,18010KT,21,08
2020-06-09 20:00:00.000,2020,6,9,20,17009KT,21,06
2020-06-09 21:00:00.000,2020,6,9,21,21008KT,19,10
2020-06-09 22:00:00.000,2020,6,9,22,23010KT,18,11
2020-06-09 23:00:00.000,2020,6,9,23,27007KT,17,10
2020-06-10 00:00:00.000,2020,6,10,0,36004KT,13,11
2020-06-10 01:00:00.000,2020,6,10,1,VRB02KT,13,09
2020-06-10 02:00:00.000,2020,6,10,2,03004KT,13,08
2020-06-10 03:00:00.000,2020,6,10,3,31003KT,10,08
2020-06-10 04:00:00.000,2020,6,10,4,32003KT,10,07
2020-06-10 05:00:00.000,2020,6,10,5,VRB02KT,11,09
2020-06-10 06:00:00.000,2020,6,10,6,VRB02KT,09,08
2020-06-10 07:00:00.000,2020,6,10,7,VRB02KT,10,09
2020-06-10 08:00:00.000,2020,6,10,8,VRB02KT,11,09
2020-06-10 09:00:00.000,2020,6,10,9,VRB02KT,10,09
2020-06-10 10:00:00.000,2020,6,10,10,VRB02KT,11,09
2020-06-10 11:00:00.000,2020,6,10,11,VRB02KT,10,09
2020-06-10 12:00:00.000,2020,6,10,12,VRB02KT,11,10
2020-06-10 13:00:00.000,2020,6,10,13,36004KT,13,10
2020-06-10 14:00:00.000,2020,6,10,14,VRB02KT,17,10
2020-06-10 15:00:00.000,2020,6,10,15,28006KT,19,11
2020-06-10 16:00:00.000,2020,6,10,16,27006KT,18,10
2020-06-10 17:00:00.000,2020,6,10,17,27008KT,18,09
2020-06-10 18:00:00.000,2020,6,10,18,27010KT,16,11
2020-06-10 19:00:00.000,2020,6,10,19,28008KT,19,11
2020-06-10 20:00:00.000,2020,6,10,20,26010KT,17,09
2020-06-10 21:00:00.000,2020,6,10,21,22010KT,16,09
2020-06-10 22:00:00.000,2020,6,10,22,23006KT,16,10
2020-06-10 23:00:00.000,2020,6,10,23,34006KT,15,11
2020-06-11 00:00:00.000,2020,6,11,0,33007KT,13,10
2020-06-11 01:00:00.000,2020,6,11,1,33004KT,13,09
2020-06-11 02:00:00.000,2020,6,11,2,VRB02KT,13,11
2020-06-11 03:00:00.000,2020,6,11,3,VRB02KT,13,11
2020-06-11 04:00:00.000,2020,6,11,4,VRB02KT,12,11
2020-06-11 05:00:00.000,2020,6,11,5,VRB02KT,12,11
2020-06-11 06:00:00.000,2020,6,11,6,01004KT,12,11
2020-06-11 07:00:00.000,2020,6,11,7,01004KT,12,11
2020-06-11 08:00:00.000,2020,6,11,8,06005KT,12,11
2020-06-11 09:00:00.000,2020,6,11,9,05005KT,11,10
2020-06-11 10:00:00.000,2020,6,11,10,07003KT,11,10
2020-06-11 11:00:00.000,2020,6,11,11,05003KT,,
2020-06-11 12:00:00.000,2020,6,11,12,VRB02KT,12,11
2020-06-11 13:00:00.000,2020,6,11,13,VRB02KT,14,10
2020-06-11 14:00:00.000,2020,6,11,14,04003KT,15,10
2020-06-11 15:00:00.000,2020,6,11,15,01003KT,16,09
2020-06-11 16:00:00.000,2020,6,11,16,02003KT,18,09
2020-06-11 17:00:00.000,2020,6,11,17,35005KT,20,08
2020-06-11 18:00:00.000,2020,6,11,18,32004KT,19,09
2020-06-11 19:00:00.000,2020,6,11,19,25012KT,15,12
2020-06-11 20:00:00.000,2020,6,11,20,26006KT,14,12
2020-06-11 21:00:00.000,2020,6,11,21,25004KT,15,12
2020-06-11 22:00:00.000,2020,6,11,22,27006KT,15,12
2020-06-11 23:00:00.000,2020,6,11,23,25003KT,14,11
2020-06-12 00:00:00.000,2020,6,12,0,23003KT,14,12
2020-06-12 01:00:00.000,2020,6,12,1,VRB02KT,14,12
2020-06-12 02:00:00.000,2020,6,12,2,24003KT,14,12
2020-06-12 03:00:00.000,2020,6,12,3,01003KT,13,13
2020-06-12 04:00:00.000,2020,6,12,4,VRB02KT,12,12
2020-06-12 05:00:00.000,2020,6,12,5,32004KT,12,12
2020-06-12 06:00:00.000,2020,6,12,6,26003KT,12,12
2020-06-12 07:00:00.000,2020,6,12,7,23003KT,12,11
2020-06-12 08:00:00.000,2020,6,12,8,27004KT,12,11
2020-06-12 09:00:00.000,2020,6,12,9,27003KT,12,11
2020-06-12 10:00:00.000,2020,6,12,10,VRB02KT,12,11
2020-06-12 11:00:00.000,2020,6,12,11,VRB02KT,12,11
2020-06-12 12:00:00.000,2020,6,12,12,VRB02KT,12,11
2020-06-12 13:00:00.000,2020,6,12,13,27004KT,13,12
2020-06-12 14:00:00.000,2020,6,12,14,30004KT,14,12
2020-06-12 15:00:00.000,2020,6,12,15,VRB04KT,17,11
2020-06-12 16:00:00.000,2020,6,12,16,30008KT,16,11
2020-06-12 17:00:00.000,2020,6,12,17,32011KT,16,11
2020-06-12 18:00:00.000,2020,6,12,18,32009KT,16,11
2020-06-12 19:00:00.000,2020,6,12,19,23008KT,15,13
2020-06-12 20:00:00.000,2020,6,12,20,25005KT,15,12
2020-06-12 21:00:00.000,2020,6,12,21,01004KT,15,12
2020-06-12 22:00:00.000,2020,6,12,22,02004KT,15,12
2020-06-12 23:00:00.000,2020,6,12,23,VRB02KT,14,12
2020-06-13 00:00:00.000,2020,6,13,0,VRB02KT,13,12
2020-06-13 01:00:00.000,2020,6,13,1,VRB02KT,12,11
2020-06-13 02:00:00.000,2020,6,13,2,05003KT,12,11
2020-06-13 03:00:00.000,2020,6,13,3,02005KT,12,11
2020-06-13 04:00:00.000,2020,6,13,4,35003KT,12,11
2020-06-13 05:00:00.000,2020,6,13,5,VRB02KT,11,10
2020-06-13 06:00:00.000,2020,6,13,6,VRB02KT,10,09
2020-06-13 07:00:00.000,2020,6,13,7,00000KT,10,10
2020-06-13 08:00:00.000,2020,6,13,8,07004KT,11,11
2020-06-13 09:00:00.000,2020,6,13,9,00000KT,11,11
2020-06-13 10:00:00.000,2020,6,13,10,VRB02KT,09,09
2020-06-13 11:00:00.000,2020,6,13,11,06005KT,11,10
2020-06-13 12:00:00.000,2020,6,13,12,03004KT,11,11
2020-06-13 13:00:00.000,2020,6,13,13,04004KT,12,11
2020-06-13 14:00:00.000,2020,6,13,14,05005KT,13,12
2020-06-13 15:00:00.000,2020,6,13,15,02005KT,15,10
2020-06-13 16:00:00.000,2020,6,13,16,09005KT,18,12
2020-06-13 17:00:00.000,2020,6,13,17,11007KT,19,09
2020-06-13 18:00:00.000,2020,6,13,18,14011KT,18,10
2020-06-13 19:00:00.000,2020,6,13,19,17008KT,18,10
2020-06-13 20:00:00.000,2020,6,13,20,30007KT,18,12
2020-06-13 21:00:00.000,2020,6,13,21,25006KT,19,11
2020-06-13 22:00:00.000,2020,6,13,22,20004KT,18,12
2020-06-13 23:00:00.000,2020,6,13,23,11005KT,17,09
2020-06-14 00:00:00.000,2020,6,14,0,11007KT,16,10
2020-06-14 01:00:00.000,2020,6,14,1,VRB02KT,15,11
2020-06-14 02:00:00.000,2020,6,14,2,09004KT,15,11
2020-06-14 03:00:00.000,2020,6,14,3,VRB02KT,14,10
2020-06-14 04:00:00.000,2020,6,14,4,VRB02KT,12,10
2020-06-14 05:00:00.000,2020,6,14,5,05006KT,12,09
2020-06-14 06:00:00.000,2020,6,14,6,VRB02KT,11,09
2020-06-14 07:00:00.000,2020,6,14,7,VRB02KT,12,10
2020-06-14 08:00:00.000,2020,6,14,8,VRB02KT,12,10
2020-06-14 09:00:00.000,2020,6,14,9,VRB02KT,12,10
2020-06-14 10:00:00.000,2020,6,14,10,05006KT,12,11
2020-06-14 11:00:00.000,2020,6,14,11,03005KT,12,11
2020-06-14 22:00:00.000,2020,6,14,22,19010KT,14,12
2020-06-14 23:00:00.000,2020,6,14,23,17009KT,15,11
2020-06-15 00:00:00.000,2020,6,15,0,13005KT,14,10
2020-06-15 01:00:00.000,2020,6,15,1,13005KT,14,10
2020-06-15 02:00:00.000,2020,6,15,2,13008KT,14,09
2020-06-15 03:00:00.000,2020,6,15,3,15003KT,13,09
2020-06-15 04:00:00.000,2020,6,15,4,VRB02KT,13,10
2020-06-15 05:00:00.000,2020,6,15,5,18006KT,13,10
2020-06-15 06:00:00.000,2020,6,15,6,16006KT,12,10
2020-06-15 07:00:00.000,2020,6,15,7,16004KT,13,10
2020-06-15 08:00:00.000,2020,6,15,8,160013T,13,10
2020-06-15 09:00:00.000,2020,6,15,9,170013KT,13,08
2020-06-15 10:00:00.000,2020,6,15,10,03004KT,12,09
2020-06-15 11:00:00.000,2020,6,15,11,04004KT,12,09
2020-06-15 12:00:00.000,2020,6,15,12,3100KT,13,10
2020-06-15 13:00:00.000,2020,6,15,13,18004KT,15,09
2020-06-15 14:00:00.000,2020,6,15,14,14010KT,16,09
2020-06-15 15:00:00.000,2020,6,15,15,13010KT,30,25
2020-06-15 16:00:00.000,2020,6,15,16,15015KT,17,09
2020-06-15 17:00:00.000,2020,6,15,17,17016KT,19,09
2020-06-15 18:00:00.000,2020,6,15,18,16016KT,18,09
2020-06-15 19:00:00.000,2020,6,15,19,14013KT,18,09
2020-06-15 20:00:00.000,2020,6,15,20,17016KT,19,09
2020-06-15 21:00:00.000,2020,6,15,21,13010KT,18,07
2020-06-15 22:00:00.000,2020,6,15,22,14005KT,18,05
2020-06-15 23:00:00.000,2020,6,15,23,17009KT,16,06
2020-06-16 00:00:00.000,2020,6,16,0,11004KT,15,07
2020-06-16 01:00:00.000,2020,6,16,1,20006KT,14,08
2020-06-16 02:00:00.000,2020,6,16,2,17009KT,13,08
2020-06-16 03:00:00.000,2020,6,16,3,VRB02KT,12,08
2020-06-16 04:00:00.000,2020,6,16,4,VRB02KT,10,08
2020-06-16 05:00:00.000,2020,6,16,5,04003KT,09,08
2020-06-16 06:00:00.000,2020,6,16,6,03003KT,10,09
2020-06-16 07:00:00.000,2020,6,16,7,VRB02KT,08,07
2020-06-16 08:00:00.000,2020,6,16,8,36003KT,09,08
2020-06-16 09:00:00.000,2020,6,16,9,05006KT,09,08
2020-06-16 10:00:00.000,2020,6,16,10,33004KT,07,06
2020-06-16 11:00:00.000,2020,6,16,11,29003KT,07,07
2020-06-16 12:00:00.000,2020,6,16,12,VRB02KT,10,09
2020-06-16 13:00:00.000,2020,6,16,13,36004KT,13,10
2020-06-16 14:00:00.000,2020,6,16,14,01003KT,16,10
2020-06-16 15:00:00.000,2020,6,16,15,18007KT,17,08
2020-06-16 16:00:00.000,2020,6,16,16,19006KT,18,08
2020-06-16 17:00:00.000,2020,6,16,17,14007KT,18,08
2020-06-16 18:00:00.000,2020,6,16,18,14006KT,19,08
2020-06-16 19:00:00.000,2020,6,16,19,04009KT,18,10
2020-06-16 20:00:00.000,2020,6,16,20,26008KT,17,11
2020-06-16 21:00:00.000,2020,6,16,21,28008KT,15,12
2020-06-16 22:00:00.000,2020,6,16,22,26005KT,16,13
2020-06-16 23:00:00.000,2020,6,16,23,26005KT,16,11
2020-06-17 00:00:00.000,2020,6,17,0,VRB02KT,14,09
2020-06-17 01:00:00.000,2020,6,17,1,VRB02KT,12,10
2020-06-17 02:00:00.000,2020,6,17,2,VRB02KT,11,10
2020-06-17 03:00:00.000,2020,6,17,3,VRB02KT,10,09
2020-06-17 04:00:00.000,2020,6,17,4,VRB02KT,11,10
2020-06-17 05:00:00.000,2020,6,17,5,VRB02KT,11,09
2020-06-17 06:00:00.000,2020,6,17,6,VRB02KT,12,11
2020-06-17 07:00:00.000,2020,6,17,7,35004KT,11,10
2020-06-17 08:00:00.000,2020,6,17,8,VRB02KT,12,11
2020-06-17 09:00:00.000,2020,6,17,9,VRB02KT,12,11
2020-06-17 10:00:00.000,2020,6,17,10,VRB02KT,12,11
2020-06-17 11:00:00.000,2020,6,17,11,VRB02KT,11,10
2020-06-17 12:00:00.000,2020,6,17,12,03004KT,13,11
2020-06-17 13:00:00.000,2020,6,17,13,03005KT,14,11
2020-06-17 14:00:00.000,2020,6,17,14,07006KT,16,11
2020-06-17 15:00:00.000,2020,6,17,15,01004KT,16,11
2020-06-17 16:00:00.000,2020,6,17,16,01003KT,17,10
2020-06-17 17:00:00.000,2020,6,17,17,18003KT,17,10
2020-06-17 18:00:00.000,2020,6,17,18,32003KT,17,12
2020-06-17 19:00:00.000,2020,6,17,19,31010KT,14,13
2020-06-17 20:00:00.000,2020,6,17,20,30009KT,16,13
2020-06-17 21:00:00.000,2020,6,17,21,30009KT,14,13
2020-06-17 22:00:00.000,2020,6,17,22,28007KT,15,13
2020-06-17 23:00:00.000,2020,6,17,23,23007KT,13,12
2020-06-18 00:00:00.000,2020,6,18,0,22004KT,13,11
2020-06-18 01:00:00.000,2020,6,18,1,30003KT,13,11
2020-06-18 02:00:00.000,2020,6,18,2,VRB02KT,11,10
2020-06-18 03:00:00.000,2020,6,18,3,00000KT,11,10
2020-06-18 04:00:00.000,2020,6,18,4,00000KT,11,10
2020-06-18 05:00:00.000,2020,6,18,5,00000KT,10,10
2020-06-18 06:00:00.000,2020,6,18,6,00000KT,09,08
2020-06-18 07:00:00.000,2020,6,18,7,VRB02KT,09,09
2020-06-18 08:00:00.000,2020,6,18,8,VRB02KT,09,09
2020-06-18 09:00:00.000,2020,6,18,9,VRB02KT,09,09
2020-06-18 10:00:00.000,2020,6,18,10,VRB02KT,09,09
2020-06-18 11:00:00.000,2020,6,18,11,VRB02KT,09,09
2020-06-18 12:00:00.000,2020,6,18,12,VRB02KT,10,10
2020-06-18 13:00:00.000,2020,6,18,13,VRB02KT,13,11
2020-06-18 14:00:00.000,2020,6,18,14,VRB02KT,15,13
2020-06-18 15:00:00.000,2020,6,18,15,30005KT,16,11
2020-06-18 16:00:00.000,2020,6,18,16,30005KT,16,11
2020-06-18 17:00:00.000,2020,6,18,17,36005KT,17,11
2020-06-18 18:00:00.000,2020,6,18,18,27008KT,16,12
2020-06-18 19:00:00.000,2020,6,18,19,29005KT,16,11
2020-06-18 20:00:00.000,2020,6,18,20,03006KT,14,13
2020-06-18 21:00:00.000,2020,6,18,21,33006KT,15,13
2020-06-18 22:00:00.000,2020,6,18,22,25007KT,13,12
2020-06-18 23:00:00.000,2020,6,18,23,VRB02KT,12,12
2020-06-19 00:00:00.000,2020,6,19,0,VRB02KT,12,11
2020-06-19 01:00:00.000,2020,6,19,1,04004KT,11,11
2020-06-19 02:00:00.000,2020,6,19,2,VRB02KT,11,11
2020-06-19 03:00:00.000,2020,6,19,3,07003KT,12,12
2020-06-19 04:00:00.000,2020,6,19,4,VRB02KT,12,11
2020-06-19 05:00:00.000,2020,6,19,5,VRB02KT,11,11
2020-06-19 06:00:00.000,2020,6,19,6,VRB02KT,12,12
2020-06-19 07:00:00.000,2020,6,19,7,VRB02KT,11,11
2020-06-19 08:00:00.000,2020,6,19,8,VRB02KT,11,11
2020-06-19 09:00:00.000,2020,6,19,9,VRB02KT,11,10
2020-06-19 10:00:00.000,2020,6,19,10,06004KT,10,09
2020-06-19 11:00:00.000,2020,6,19,11,05004KT,10,09
2020-06-19 12:00:00.000,2020,6,19,12,VRB02KT,12,12
2020-06-19 13:00:00.000,2020,6,19,13,VRB02KT,15,12
2020-06-19 14:00:00.000,2020,6,19,14,03004KT,15,10
2020-06-19 15:00:00.000,2020,6,19,15,13005KT,17,10
2020-06-19 16:00:00.000,2020,6,19,16,10007KT,19,10
2020-06-19 17:00:00.000,2020,6,19,17,/////KT,,
2020-06-19 18:00:00.000,2020,6,19,18,12009KT,19,11
2020-06-19 19:00:00.000,2020,6,19,19,13014KT,19,10
2020-06-19 20:00:00.000,2020,6,19,20,14007KT,20,08
2020-06-19 21:00:00.000,2020,6,19,21,09007KT,18,10
2020-06-19 22:00:00.000,2020,6,19,22,11004KT,17,10
2020-06-19 23:00:00.000,2020,6,19,23,05006KT,16,10
2020-06-20 00:00:00.000,2020,6,20,0,05008KT,15,10
2020-06-20 01:00:00.000,2020,6,20,1,09010KT,16,10
2020-06-20 02:00:00.000,2020,6,20,2,05007KT,14,10
2020-06-20 03:00:00.000,2020,6,20,3,06005KT,13,09
2020-06-20 04:00:00.000,2020,6,20,4,08004KT,14,09
2020-06-20 05:00:00.000,2020,6,20,5,10004KT,14,09
2020-06-20 06:00:00.000,2020,6,20,6,VRB02KT,13,09
2020-06-20 07:00:00.000,2020,6,20,7,VRB02KT,12,09
2020-06-20 08:00:00.000,2020,6,20,8,36003KT,11,09
2020-06-20 09:00:00.000,2020,6,20,9,35003KT,10,08
2020-06-20 10:00:00.000,2020,6,20,10,VRB02KT,09,08
2020-06-20 11:00:00.000,2020,6,20,11,VRB02KT,11,10
2020-06-20 12:00:00.000,2020,6,20,12,02004KT,12,11
2020-06-20 13:00:00.000,2020,6,20,13,02005KT,15,11
2020-06-20 14:00:00.000,2020,6,20,14,03004KT,15,11
2020-06-20 15:00:00.000,2020,6,20,15,08004KT,18,10
2020-06-20 16:00:00.000,2020,6,20,16,05006KT,18,11
2020-06-20 17:00:00.000,2020,6,20,17,07009KT,19,09
2020-06-20 18:00:00.000,2020,6,20,18,13009KT,19,09
2020-06-20 19:00:00.000,2020,6,20,19,14009KT,19,09
2020-06-20 20:00:00.000,2020,6,20,20,12009KT,19,08
2020-06-20 21:00:00.000,2020,6,20,21,14006KT,19,09
2020-06-20 22:00:00.000,2020,6,20,22,12010KT,15,11
2020-06-20 23:00:00.000,2020,6,20,23,16010KT,14,11
2020-06-21 00:00:00.000,2020,6,21,0,09006KT,13,10
2020-06-21 01:00:00.000,2020,6,21,1,11006KT,14,09
2020-06-21 02:00:00.000,2020,6,21,2,VRB06KT,13,09
2020-06-21 03:00:00.000,2020,6,21,3,05006KT,12,10
2020-06-21 04:00:00.000,2020,6,21,4,06006KT,12,10
2020-06-21 05:00:00.000,2020,6,21,5,05006KT,12,10
2020-06-21 06:00:00.000,2020,6,21,6,08003KT,12,10
2020-06-21 07:00:00.000,2020,6,21,7,01004KT,11,10
2020-06-21 08:00:00.000,2020,6,21,8,00000KT,12,10
2020-06-21 09:00:00.000,2020,6,21,9,03003KT,12,10
2020-06-21 10:00:00.000,2020,6,21,10,VRB02KT,12,10
2020-06-21 11:00:00.000,2020,6,21,11,05003KT,11,10
2020-06-21 12:00:00.000,2020,6,21,12,06003KT,13,10
2020-06-21 13:00:00.000,2020,6,21,13,14004KT,16,11
2020-06-21 14:00:00.000,2020,6,21,14,10008KT,18,08
2020-06-21 15:00:00.000,2020,6,21,15,120010KT,19,08
2020-06-21 16:00:00.000,2020,6,21,16,120013KT,18,07
2020-06-21 17:00:00.000,2020,6,21,17,120012KT,20,08
2020-06-21 18:00:00.000,2020,6,21,18,15012KT,21,09
2020-06-21 19:00:00.000,2020,6,21,19,15012KT,20,07
2020-06-21 20:00:00.000,2020,6,21,20,10010KT,20,07
2020-06-21 21:00:00.000,2020,6,21,21,10010KT,19,07
2020-06-21 22:00:00.000,2020,6,21,22,10010KT,18,07
2020-06-21 23:00:00.000,2020,6,21,23,11008KT,16,07
2020-06-22 00:00:00.000,2020,6,22,0,10005KT,16,08
2020-06-22 01:00:00.000,2020,6,22,1,08005KT,16,09
2020-06-22 02:00:00.000,2020,6,22,2,04006KT,14,09
2020-06-22 03:00:00.000,2020,6,22,3,03007KT,13,10
2020-06-22 04:00:00.000,2020,6,22,4,03005KT,13,10
2020-06-22 05:00:00.000,2020,6,22,5,03003KT,12,11
2020-06-22 06:00:00.000,2020,6,22,6,02004KT,12,11
2020-06-22 07:00:00.000,2020,6,22,7,VRB02KT,11,10
2020-06-22 08:00:00.000,2020,6,22,8,03004KT,12,10
2020-06-22 09:00:00.000,2020,6,22,9,04006KT,12,10
2020-06-22 10:00:00.000,2020,6,22,10,04004KT,12,10
2020-06-22 11:00:00.000,2020,6,22,11,02004KT,12,10
2020-06-22 12:00:00.000,2020,6,22,12,07005KT,13,10
2020-06-22 13:00:00.000,2020,6,22,13,05006KT,13,11
2020-06-22 14:00:00.000,2020,6,22,14,04007KT,14,11
2020-06-22 15:00:00.000,2020,6,22,15,VRB05KT,15,11
2020-06-22 16:00:00.000,2020,6,22,16,19006KT,17,11
2020-06-22 17:00:00.000,2020,6,22,17,17003KT,17,12
2020-06-22 18:00:00.000,2020,6,22,18,VRB05KT,17,13
2020-06-22 19:00:00.000,2020,6,22,19,17010KT,18,12
2020-06-22 20:00:00.000,2020,6,22,20,14010KT,17,11
2020-06-22 21:00:00.000,2020,6,22,21,17010KT,17,10
2020-06-22 22:00:00.000,2020,6,22,22,19005KT,15,12
2020-06-22 23:00:00.000,2020,6,22,23,33004KT,13,12
2020-06-23 00:00:00.000,2020,6,23,0,01004KT,13,12
2020-06-23 01:00:00.000,2020,6,23,1,06006KT,13,10
2020-06-23 02:00:00.000,2020,6,23,2,04006KT,13,09
2020-06-23 03:00:00.000,2020,6,23,3,05004KT,12,09
2020-06-23 04:00:00.000,2020,6,23,4,06003KT,12,08
2020-06-23 05:00:00.000,2020,6,23,5,06004KT,12,09
2020-06-23 06:00:00.000,2020,6,23,6,05005KT,12,09
2020-06-23 07:00:00.000,2020,6,23,7,07005KT,12,09
2020-06-23 08:00:00.000,2020,6,23,8,07005KT,12,08
2020-06-23 09:00:00.000,2020,6,23,9,04004KT,11,08
2020-06-23 10:00:00.000,2020,6,23,10,VRB02KT,11,08
2020-06-23 11:00:00.000,2020,6,23,11,07004KT,11,08
2020-06-23 12:00:00.000,2020,6,23,12,11003KT,13,09
2020-06-23 13:00:00.000,2020,6,23,13,11008KT,14,10
2020-06-23 14:00:00.000,2020,6,23,14,07005KT,15,09
2020-06-23 15:00:00.000,2020,6,23,15,04009KT,16,10
2020-06-23 16:00:00.000,2020,6,23,16,05005KT,16,10
2020-06-23 17:00:00.000,2020,6,23,17,22004KT,16,13
2020-06-23 18:00:00.000,2020,6,23,18,10007KT,19,10
2020-06-23 19:00:00.000,2020,6,23,19,09009KT,19,08
2020-06-23 20:00:00.000,2020,6,23,20,09009KT,20,08
2020-06-23 21:00:00.000,2020,6,23,21,09009KT,19,07
2020-06-23 22:00:00.000,2020,6,23,22,09006KT,18,06
2020-06-23 23:00:00.000,2020,6,23,23,12008KT,17,07
2020-06-24 00:00:00.000,2020,6,24,0,11007KT,16,07
2020-06-24 01:00:00.000,2020,6,24,1,VRB02KT,13,08
2020-06-24 02:00:00.000,2020,6,24,2,01003KT,13,08
2020-06-24 03:00:00.000,2020,6,24,3,VRB02KT,12,09
2020-06-24 04:00:00.000,2020,6,24,4,06003KT,12,08
2020-06-24 05:00:00.000,2020,6,24,5,VRB02KT,11,08
2020-06-24 06:00:00.000,2020,6,24,6,05004KT,11,08
2020-06-24 07:00:00.000,2020,6,24,7,36004KT,11,07
2020-06-24 08:00:00.000,2020,6,24,8,04003KT,11,08
2020-06-24 09:00:00.000,2020,6,24,9,06003KT,10,08
2020-06-24 10:00:00.000,2020,6,24,10,VRB02KT,10,07
2020-06-24 12:00:00.000,2020,6,24,12,10005KT,12,04
2020-06-24 13:00:00.000,2020,6,24,13,11008KT,13,02
2020-06-24 14:00:00.000,2020,6,24,14,28004KT,27,24
2020-06-24 15:00:00.000,2020,6,24,15,08006KT,17,02
2020-06-24 16:00:00.000,2020,6,24,16,07007KT,19,03
2020-06-24 17:00:00.000,2020,6,24,17,13009KT,19,04
2020-06-24 18:00:00.000,2020,6,24,18,08007KT,21,04
2020-06-24 19:00:00.000,2020,6,24,19,10008KT,19,05
2020-06-24 20:00:00.000,2020,6,24,20,12010KT,19,05
2020-06-24 21:00:00.000,2020,6,24,21,10008KT,18,05
2020-06-24 22:00:00.000,2020,6,24,22,07008KT,18,06
2020-06-24 23:00:00.000,2020,6,24,23,06009KT,16,06
2020-06-25 00:00:00.000,2020,6,25,0,09006KT,15,06
2020-06-25 01:00:00.000,2020,6,25,1,11004KT,15,07
2020-06-25 02:00:00.000,2020,6,25,2,VRB02KT,13,06
2020-06-25 03:00:00.000,2020,6,25,3,07003KT,12,07
2020-06-25 04:00:00.000,2020,6,25,4,34003KT,09,07
2020-06-25 05:00:00.000,2020,6,25,5,35003KT,10,07
2020-06-25 06:00:00.000,2020,6,25,6,00000KT,12,08
2020-06-25 07:00:00.000,2020,6,25,7,VRB02KT,10,08
2020-06-25 08:00:00.000,2020,6,25,8,VRB02KT,11,08
2020-06-25 09:00:00.000,2020,6,25,9,VRB02KT,11,08
2020-06-25 10:00:00.000,2020,6,25,10,02004KT,12,09
2020-06-25 11:00:00.000,2020,6,25,11,04003KT,24,24
2020-06-25 12:00:00.000,2020,6,25,12,11004KT,14,07
2020-06-25 13:00:00.000,2020,6,25,13,12006KT,16,06
2020-06-25 14:00:00.000,2020,6,25,14,06008KT,17,07
2020-06-25 15:00:00.000,2020,6,25,15,14005KT,16,07
2020-06-25 16:00:00.000,2020,6,25,16,07005KT,17,08
2020-06-25 17:00:00.000,2020,6,25,17,07006KT,18,09
2020-06-25 18:00:00.000,2020,6,25,18,08007KT,18,09
2020-06-25 19:00:00.000,2020,6,25,19,12010KT,19,09
2020-06-25 20:00:00.000,2020,6,25,20,07008KT,18,09
2020-06-25 21:00:00.000,2020,6,25,21,12011KT,17,08
2020-06-25 22:00:00.000,2020,6,25,22,12011KT,17,07
2020-06-25 23:00:00.000,2020,6,25,23,09006KT,16,08
2020-06-26 00:00:00.000,2020,6,26,0,10005KT,15,07
2020-06-26 01:00:00.000,2020,6,26,1,10005KT,15,08
2020-06-26 02:00:00.000,2020,6,26,2,08003KT,14,08
2020-06-26 03:00:00.000,2020,6,26,3,VRB02KT,12,08
2020-06-26 04:00:00.000,2020,6,26,4,07004KT,12,09
2020-06-26 05:00:00.000,2020,6,26,5,06007KT,13,09
2020-06-26 06:00:00.000,2020,6,26,6,05005KT,12,09
2020-06-26 07:00:00.000,2020,6,26,7,02005KT,12,09
2020-06-26 08:00:00.000,2020,6,26,8,06003KT,12,10
2020-06-26 09:00:00.000,2020,6,26,9,04005KT,11,09
2020-06-26 10:00:00.000,2020,6,26,10,02003KT,10,09
2020-06-26 11:00:00.000,2020,6,26,11,03004KT,10,09
2020-06-26 12:00:00.000,2020,6,26,12,05004KT,11,09
2020-06-26 13:00:00.000,2020,6,26,13,05006KT,13,11
2020-06-26 14:00:00.000,2020,6,26,14,06005KT,16,12
2020-06-26 15:00:00.000,2020,6,26,15,04009KT,17,12
2020-06-26 16:00:00.000,2020,6,26,16,07009KT,17,10
2020-06-26 17:00:00.000,2020,6,26,17,11010KT,15,11
2020-06-26 18:00:00.000,2020,6,26,18,14010KT,18,09
2020-06-26 19:00:00.000,2020,6,26,19,08008KT,18,08
2020-06-26 20:00:00.000,2020,6,26,20,11009KT,18,09
2020-06-26 21:00:00.000,2020,6,26,21,10007KT,20,07
2020-06-26 22:00:00.000,2020,6,26,22,08008KT,18,08
2020-06-26 23:00:00.000,2020,6,26,23,09006KT,18,08
2020-06-27 00:00:00.000,2020,6,27,0,08008KT,16,07
2020-06-27 01:00:00.000,2020,6,27,1,04006KT,14,07
2020-06-27 02:00:00.000,2020,6,27,2,05006KT,14,08
2020-06-27 03:00:00.000,2020,6,27,3,VRB02KT,13,09
2020-06-27 04:00:00.000,2020,6,27,4,04007KT,13,10
2020-06-27 05:00:00.000,2020,6,27,5,04007KT,13,10
2020-06-27 06:00:00.000,2020,6,27,6,VRB02KT,13,10
2020-06-27 07:00:00.000,2020,6,27,7,05006KT,13,10
2020-06-27 08:00:00.000,2020,6,27,8,04003KT,11,09
2020-06-27 09:00:00.000,2020,6,27,9,VRB02KT,11,09
2020-06-27 10:00:00.000,2020,6,27,10,06004KT,12,09
2020-06-27 11:00:00.000,2020,6,27,11,10003KT,12,09
2020-06-27 12:00:00.000,2020,6,27,12,34003KT,13,10
2020-06-27 13:00:00.000,2020,6,27,13,35004KT,14,10
2020-06-27 14:00:00.000,2020,6,27,14,06005KT,15,08
2020-06-27 15:00:00.000,2020,6,27,15,07005KT,17,08
2020-06-27 16:00:00.000,2020,6,27,16,07006KT,18,08
2020-06-27 17:00:00.000,2020,6,27,17,09005KT,16,10
2020-06-27 18:00:00.000,2020,6,27,18,09005KT,17,10
2020-06-27 19:00:00.000,2020,6,27,19,06009KT,19,09
2020-06-27 20:00:00.000,2020,6,27,20,12010KT,19,07
2020-06-27 21:00:00.000,2020,6,27,21,14009KT,18,08
2020-06-27 22:00:00.000,2020,6,27,22,09007KT,18,07
2020-06-27 23:00:00.000,2020,6,27,23,06007KT,17,08
2020-06-28 00:00:00.000,2020,6,28,0,14006KT,16,08
2020-06-28 01:00:00.000,2020,6,28,1,14005KT,15,09
2020-06-28 02:00:00.000,2020,6,28,2,04007KT,14,09
2020-06-28 03:00:00.000,2020,6,28,3,11005KT,15,10
2020-06-28 04:00:00.000,2020,6,28,4,04006KT,14,10
2020-06-28 05:00:00.000,2020,6,28,5,05005KT,13,10
2020-06-28 06:00:00.000,2020,6,28,6,14004KT,13,10
2020-06-28 07:00:00.000,2020,6,28,7,VRB02KT,12,11
2020-06-28 08:00:00.000,2020,6,28,8,05008KT,13,10
2020-06-28 09:00:00.000,2020,6,28,9,03005KT,12,11
2020-06-28 10:00:00.000,2020,6,28,10,06005KT,12,11
2020-06-28 11:00:00.000,2020,6,28,11,03005KT,11,10
2020-06-28 12:00:00.000,2020,6,28,12,04006KT,12,10
2020-06-28 13:00:00.000,2020,6,28,13,05006KT,13,10
2020-06-28 14:00:00.000,2020,6,28,14,04003KT,14,10
2020-06-28 15:00:00.000,2020,6,28,15,30005KT,16,10
2020-06-28 16:00:00.000,2020,6,28,16,05004KT,16,09
2020-06-28 17:00:00.000,2020,6,28,17,16003KT,13,11
2020-06-28 18:00:00.000,2020,6,28,18,28004KT,17,12
2020-06-28 19:00:00.000,2020,6,28,19,17003KT,18,12
2020-06-28 20:00:00.000,2020,6,28,20,18010KT,18,09
2020-06-28 21:00:00.000,2020,6,28,21,12011KT,15,11
2020-06-28 22:00:00.000,2020,6,28,22,11010KT,13,11
2020-06-28 23:00:00.000,2020,6,28,23,03004KT,13,12
2020-06-29 00:00:00.000,2020,6,29,0,04007KT,13,11
2020-06-29 01:00:00.000,2020,6,29,1,05007KT,13,10
2020-06-29 02:00:00.000,2020,6,29,2,05007KT,12,10
2020-06-29 03:00:00.000,2020,6,29,3,05007KT,12,10
2020-06-29 04:00:00.000,2020,6,29,4,04004KT,11,10
2020-06-29 05:00:00.000,2020,6,29,5,04004KT,11,09
2020-06-29 06:00:00.000,2020,6,29,6,05005KT,11,09
2020-06-29 07:00:00.000,2020,6,29,7,05005KT,11,09
2020-06-29 08:00:00.000,2020,6,29,8,04004KT,11,09
2020-06-29 09:00:00.000,2020,6,29,9,05006KT,11,09
2020-06-29 10:00:00.000,2020,6,29,10,07005KT,12,08
2020-06-29 11:00:00.000,2020,6,29,11,06007KT,11,08
2020-06-29 12:00:00.000,2020,6,29,12,06007KT,12,09
2020-06-29 13:00:00.000,2020,6,29,13,06007KT,13,09
2020-06-29 14:00:00.000,2020,6,29,14,05009KT,14,09
2020-06-29 15:00:00.000,2020,6,29,15,10010KT,16,09
2020-06-29 16:00:00.000,2020,6,29,16,14009KT,17,09
2020-06-29 17:00:00.000,2020,6,29,17,13007KT,17,08
2020-06-29 18:00:00.000,2020,6,29,18,12007KT,18,08
2020-06-29 19:00:00.000,2020,6,29,19,13003KT,15,11
2020-06-29 20:00:00.000,2020,6,29,20,14006KT,15,11
2020-06-29 21:00:00.000,2020,6,29,21,10006KT,17,09
2020-06-29 22:00:00.000,2020,6,29,22,11006KT,17,09
2020-06-29 23:00:00.000,2020,6,29,23,12007KT,16,08
2020-06-30 00:00:00.000,2020,6,30,0,09003KT,14,08
2020-06-30 01:00:00.000,2020,6,30,1,03004KT,11,09
2020-06-30 02:00:00.000,2020,6,30,2,05004KT,11,08
2020-06-30 03:00:00.000,2020,6,30,3,VRB02KT,11,09
2020-06-30 04:00:00.000,2020,6,30,4,03006KT,10,08
2020-06-30 05:00:00.000,2020,6,30,5,07005KT,10,08
2020-06-30 06:00:00.000,2020,6,30,6,04005KT,10,08
2020-06-30 07:00:00.000,2020,6,30,7,VRB02KT,09,08
2020-06-30 08:00:00.000,2020,6,30,8,VRB02KT,08,07
2020-06-30 09:00:00.000,2020,6,30,9,04007KT,09,07
2020-06-30 10:00:00.000,2020,6,30,10,05008KT,08,07
2020-06-30 11:00:00.000,2020,6,30,11,04006KT,09,07
2020-06-30 12:00:00.000,2020,6,30,12,06004KT,11,08
2020-06-30 13:00:00.000,2020,6,30,13,03004KT,13,08
2020-06-30 14:00:00.000,2020,6,30,14,03006KT,15,08
2020-06-30 15:00:00.000,2020,6,30,15,04008KT,17,08
2020-06-30 16:00:00.000,2020,6,30,16,33005KT,18,07
2020-06-30 17:00:00.000,2020,6,30,17,09007KT,20,06
2020-06-30 18:00:00.000,2020,6,30,18,11010KT,20,07
2020-06-30 19:00:00.000,2020,6,30,19,10009KT,21,06
2020-06-30 20:00:00.000,2020,6,30,20,15008KT,21,08
2020-06-30 21:00:00.000,2020,6,30,21,09006KT,20,07
2020-06-30 22:00:00.000,2020,6,30,22,10007KT,19,06
2020-06-30 23:00:00.000,2020,6,30,23,31007KT,16,12
2020-07-01 00:00:00.000,2020,7,1,0,32004KT,13,11
2020-07-01 01:00:00.000,2020,7,1,1,VRB02KT,12,11
2020-07-01 02:00:00.000,2020,7,1,2,35003KT,12,11
2020-07-01 03:00:00.000,2020,7,1,3,00000KT,12,11
2020-07-01 04:00:00.000,2020,7,1,4,VRB02KT,12,11
2020-07-01 05:00:00.000,2020,7,1,5,03005KT,13,10
2020-07-01 06:00:00.000,2020,7,1,6,04006KT,12,09
2020-07-01 07:00:00.000,2020,7,1,7,30004KT,11,09
2020-07-01 08:00:00.000,2020,7,1,8,VRB02KT,11,09
2020-07-01 09:00:00.000,2020,7,1,9,00000KT,11,09
2020-07-01 10:00:00.000,2020,7,1,10,00000KT,09,08
2020-07-01 11:00:00.000,2020,7,1,11,02003KT,09,08
2020-07-01 12:00:00.000,2020,7,1,12,34003KT,10,09
2020-07-01 13:00:00.000,2020,7,1,13,34003KT,12,11
2020-07-01 14:00:00.000,2020,7,1,14,VRB02KT,16,10
2020-07-01 15:00:00.000,2020,7,1,15,VRB03KT,17,09
2020-07-01 16:00:00.000,2020,7,1,16,29004KT,18,09
2020-07-01 17:00:00.000,2020,7,1,17,12008KT,20,08
2020-07-01 18:00:00.000,2020,7,1,18,16008KT,19,09
2020-07-01 19:00:00.000,2020,7,1,19,17006KT,19,08
2020-07-01 20:00:00.000,2020,7,1,20,24006KT,15,13
2020-07-01 21:00:00.000,2020,7,1,21,27010KT,15,13
2020-07-01 22:00:00.000,2020,7,1,22,27007KT,16,13
2020-07-01 23:00:00.000,2020,7,1,23,27006KT,14,12
2020-07-02 00:00:00.000,2020,7,2,0,VRB02KT,13,12
2020-07-02 01:00:00.000,2020,7,2,1,VRB02KT,12,11
2020-07-02 02:00:00.000,2020,7,2,2,VRB02KT,13,12
2020-07-02 03:00:00.000,2020,7,2,3,08003KT,13,12
2020-07-02 04:00:00.000,2020,7,2,4,13006KT,12,10
2020-07-02 05:00:00.000,2020,7,2,5,VRB02KT,12,10
2020-07-02 06:00:00.000,2020,7,2,6,05003KT,11,09
2020-07-02 07:00:00.000,2020,7,2,7,VRB02KT,10,09
2020-07-02 08:00:00.000,2020,7,2,8,VRB02KT,11,10
2020-07-02 09:00:00.000,2020,7,2,9,05005KT,11,10
2020-07-02 10:00:00.000,2020,7,2,10,06004KT,11,10
2020-07-02 11:00:00.000,2020,7,2,11,02004KT,10,09
2020-07-02 12:00:00.000,2020,7,2,12,VRB02KT,13,10
2020-07-02 13:00:00.000,2020,7,2,13,01004KT,14,11
2020-07-02 14:00:00.000,2020,7,2,14,07005KT,16,10
2020-07-02 15:00:00.000,2020,7,2,15,VRB04KT,17,10
2020-07-02 16:00:00.000,2020,7,2,16,15007KT,17,11
2020-07-02 17:00:00.000,2020,7,2,17,13011KT,15,12
2020-07-02 18:00:00.000,2020,7,2,18,20010KT,16,11
2020-07-02 19:00:00.000,2020,7,2,19,18003KT,16,11
2020-07-02 20:00:00.000,2020,7,2,20,03007KT,16,10
2020-07-02 21:00:00.000,2020,7,2,21,06008KT,17,10
2020-07-02 22:00:00.000,2020,7,2,22,16010KT,16,10
2020-07-02 23:00:00.000,2020,7,2,23,15010KT,15,10
2020-07-03 00:00:00.000,2020,7,3,0,12006KT,15,09
2020-07-03 01:00:00.000,2020,7,3,1,09004KT,15,09
2020-07-03 02:00:00.000,2020,7,3,2,32004KT,12,09
2020-07-03 03:00:00.000,2020,7,3,3,33006KT,12,09
2020-07-03 04:00:00.000,2020,7,3,4,02003KT,12,09
2020-07-03 05:00:00.000,2020,7,3,5,03003KT,12,09
2020-07-03 06:00:00.000,2020,7,3,6,28003KT,11,09
2020-07-03 07:00:00.000,2020,7,3,7,VRB02KT,10,07
2020-07-03 08:00:00.000,2020,7,3,8,VRB02KT,10,09
2020-07-03 09:00:00.000,2020,7,3,9,01003KT,07,07
2020-07-03 10:00:00.000,2020,7,3,10,29003KT,09,08
2020-07-03 11:00:00.000,2020,7,3,11,VRB02KT,09,09
2020-07-03 12:00:00.000,2020,7,3,12,00000KT,11,10
2020-07-03 13:00:00.000,2020,7,3,13,05003KT,14,10
2020-07-03 14:00:00.000,2020,7,3,14,03003KT,16,10
2020-07-03 15:00:00.000,2020,7,3,15,VRB06KT,19,10
2020-07-03 16:00:00.000,2020,7,3,16,08006KT,19,08
2020-07-03 17:00:00.000,2020,7,3,17,06009KT,18,09
2020-07-03 18:00:00.000,2020,7,3,18,15010KT,19,08
2020-07-03 19:00:00.000,2020,7,3,19,05011KT,16,11
2020-07-03 20:00:00.000,2020,7,3,20,10009KT,19,10
2020-07-03 21:00:00.000,2020,7,3,21,07011KT,18,09
2020-07-03 22:00:00.000,2020,7,3,22,13006KT,18,08
2020-07-03 23:00:00.000,2020,7,3,23,07011KT,17,08
2020-07-04 00:00:00.000,2020,7,4,0,11010KT,16,08
2020-07-04 01:00:00.000,2020,7,4,1,02004KT,13,10
2020-07-04 02:00:00.000,2020,7,4,2,VRB02KT,14,10
2020-07-04 03:00:00.000,2020,7,4,3,06005KT,13,11
2020-07-04 04:00:00.000,2020,7,4,4,04003KT,13,13
2020-07-04 05:00:00.000,2020,7,4,5,03003KT,12,11
2020-07-04 06:00:00.000,2020,7,4,6,03003KT,12,11
2020-07-04 07:00:00.000,2020,7,4,7,VRB02KT,11,11
2020-07-04 08:00:00.000,2020,7,4,8,05004KT,12,11
2020-07-04 09:00:00.000,2020,7,4,9,05007KT,12,11
2020-07-04 10:00:00.000,2020,7,4,10,VRB02KT,12,11
2020-07-04 11:00:00.000,2020,7,4,11,09004KT,12,11
2020-07-04 12:00:00.000,2020,7,4,12,05006KT,12,11
2020-07-04 13:00:00.000,2020,7,4,13,04004KT,15,11
2020-07-04 14:00:00.000,2020,7,4,14,06008KT,14,11
2020-07-04 15:00:00.000,2020,7,4,15,VRB02KT,16,11
2020-07-04 16:00:00.000,2020,7,4,16,09005KT,17,09
2020-07-04 17:00:00.000,2020,7,4,17,VRB02KT,19,09
2020-07-04 18:00:00.000,2020,7,4,18,23006KT,16,12
2020-07-04 19:00:00.000,2020,7,4,19,22005KT,15,12
2020-07-04 20:00:00.000,2020,7,4,20,11004KT,18,09
2020-07-04 21:00:00.000,2020,7,4,21,15015KT,17,09
2020-07-04 22:00:00.000,2020,7,4,22,13012KT,16,09
2020-07-04 23:00:00.000,2020,7,4,23,12008KT,15,08
2020-07-05 00:00:00.000,2020,7,5,0,09004KT,14,10
2020-07-05 01:00:00.000,2020,7,5,1,04009KT,12,10
2020-07-05 02:00:00.000,2020,7,5,2,05007KT,11,09
2020-07-05 03:00:00.000,2020,7,5,3,07003KT,11,09
2020-07-05 04:00:00.000,2020,7,5,4,07006KT,11,09
2020-07-05 05:00:00.000,2020,7,5,5,VRB02KT,11,09
2020-07-05 06:00:00.000,2020,7,5,6,01003KT,11,09
2020-07-05 07:00:00.000,2020,7,5,7,03004KT,10,09
2020-07-05 08:00:00.000,2020,7,5,8,VRB02KT,09,08
2020-07-05 09:00:00.000,2020,7,5,9,04004KT,09,08
2020-07-05 10:00:00.000,2020,7,5,10,36004KT,09,08
2020-07-05 11:00:00.000,2020,7,5,11,30004KT,08,07
2020-07-05 12:00:00.000,2020,7,5,12,VRB02KT,10,08
2020-07-05 13:00:00.000,2020,7,5,13,VRB02KT,13,10
2020-07-05 14:00:00.000,2020,7,5,14,04004KT,15,08
2020-07-05 15:00:00.000,2020,7,5,15,09006KT,18,07
2020-07-05 16:00:00.000,2020,7,5,16,06007KT,18,05
2020-07-05 17:00:00.000,2020,7,5,17,VRB05KT,20,05
2020-07-05 18:00:00.000,2020,7,5,18,32006KT,19,06
2020-07-05 19:00:00.000,2020,7,5,19,27008KT,19,09
2020-07-05 20:00:00.000,2020,7,5,20,28013KT,17,11
2020-07-05 21:00:00.000,2020,7,5,21,27012KT,17,11
2020-07-05 22:00:00.000,2020,7,5,22,27010KT,16,11
2020-07-05 23:00:00.000,2020,7,5,23,28008KT,15,11
2020-07-06 00:00:00.000,2020,7,6,0,31004KT,13,11
2020-07-06 01:00:00.000,2020,7,6,1,32004KT,13,11
2020-07-06 02:00:00.000,2020,7,6,2,VRB02KT,13,11
2020-07-06 03:00:00.000,2020,7,6,3,VRB02KT,12,11
2020-07-06 04:00:00.000,2020,7,6,4,VRB02KT,11,09
2020-07-06 05:00:00.000,2020,7,6,5,VRB02KT,12,11
2020-07-06 06:00:00.000,2020,7,6,6,05004KT,12,11
2020-07-06 07:00:00.000,2020,7,6,7,VRB02KT,12,11
2020-07-06 08:00:00.000,2020,7,6,8,VRB02KT,12,11
2020-07-06 09:00:00.000,2020,7,6,9,03004KT,11,10
2020-07-06 10:00:00.000,2020,7,6,10,04005KT,11,10
2020-07-06 11:00:00.000,2020,7,6,11,VRB02KT,11,10
2020-07-06 12:00:00.000,2020,7,6,12,05006KT,13,11
2020-07-06 13:00:00.000,2020,7,6,13,06005KT,14,11
2020-07-06 14:00:00.000,2020,7,6,14,04004KT,17,09
2020-07-06 15:00:00.000,2020,7,6,15,VRB04KT,18,07
2020-07-06 16:00:00.000,2020,7,6,16,12007KT,19,07
2020-07-06 17:00:00.000,2020,7,6,17,14011KT,19,08
2020-07-06 18:00:00.000,2020,7,6,18,07006KT,19,07
2020-07-06 19:00:00.000,2020,7,6,19,05010KT,19,06
2020-07-06 20:00:00.000,2020,7,6,20,05012KT,16,06
2020-07-06 21:00:00.000,2020,7,6,21,07006KT,14,08
2020-07-06 22:00:00.000,2020,7,6,22,08005KT,14,09
2020-07-06 23:00:00.000,2020,7,6,23,06007KT,12,10
2020-07-07 00:00:00.000,2020,7,7,0,04005KT,11,09
2020-07-07 01:00:00.000,2020,7,7,1,00000KT,11,09
2020-07-07 02:00:00.000,2020,7,7,2,03003KT,11,09
2020-07-07 03:00:00.000,2020,7,7,3,04008KT,12,10
2020-07-07 04:00:00.000,2020,7,7,4,05007KT,11,09
2020-07-07 05:00:00.000,2020,7,7,5,35003KT,11,09
2020-07-07 06:00:00.000,2020,7,7,6,04004KT,11,09
2020-07-07 07:00:00.000,2020,7,7,7,04006KT,11,09
2020-07-07 08:00:00.000,2020,7,7,8,07006KT,12,09
2020-07-07 09:00:00.000,2020,7,7,9,03003KT,11,08
2020-07-07 10:00:00.000,2020,7,7,10,03006KT,10,09
2020-07-07 11:00:00.000,2020,7,7,11,VRB02KT,11,09
2020-07-07 12:00:00.000,2020,7,7,12,05004KT,13,10
2020-07-07 13:00:00.000,2020,7,7,13,04006KT,14,10
2020-07-07 14:00:00.000,2020,7,7,14,05006KT,15,10
2020-07-07 15:00:00.000,2020,7,7,15,04007KT,17,10
2020-07-07 16:00:00.000,2020,7,7,16,21009KT,17,10
2020-07-07 17:00:00.000,2020,7,7,17,17014KT,17,10
2020-07-07 18:00:00.000,2020,7,7,18,15012KT,19,10
2020-07-07 19:00:00.000,2020,7,7,19,15010KT,18,09
2020-07-07 20:00:00.000,2020,7,7,20,15010KT,19,08
2020-07-07 21:00:00.000,2020,7,7,21,18012KT,18,07
2020-07-07 22:00:00.000,2020,7,7,22,20009KT,17,08
2020-07-07 23:00:00.000,2020,7,7,23,18009KT,16,07
2020-07-08 00:00:00.000,2020,7,8,0,VRB02KT,13,09
2020-07-08 01:00:00.000,2020,7,8,1,VRB02KT,11,09
2020-07-08 02:00:00.000,2020,7,8,2,04003KT,11,09
2020-07-08 03:00:00.000,2020,7,8,3,VRB02KT,11,09
2020-07-08 04:00:00.000,2020,7,8,4,36004KT,11,09
2020-07-08 05:00:00.000,2020,7,8,5,30004KT,11,10
2020-07-08 06:00:00.000,2020,7,8,6,01003KT,11,10
2020-07-08 07:00:00.000,2020,7,8,7,25004KT,11,10
2020-07-08 08:00:00.000,2020,7,8,8,33003KT,09,08
2020-07-08 09:00:00.000,2020,7,8,9,31004KT,08,08
2020-07-08 10:00:00.000,2020,7,8,10,19003KT,10,10
2020-07-08 11:00:00.000,2020,7,8,11,VRB02KT,08,07
2020-07-08 12:00:00.000,2020,7,8,12,VRB02KT,09,08
2020-07-08 13:00:00.000,2020,7,8,13,33004KT,14,11
2020-07-08 14:00:00.000,2020,7,8,14,31006KT,15,11
2020-07-08 15:00:00.000,2020,7,8,15,21004KT,16,09
2020-07-08 16:00:00.000,2020,7,8,16,21008KT,18,07
2020-07-08 17:00:00.000,2020,7,8,17,13008KT,19,08
2020-07-08 18:00:00.000,2020,7,8,18,11009KT,19,08
2020-07-08 19:00:00.000,2020,7,8,19,12008KT,20,08
2020-07-08 20:00:00.000,2020,7,8,20,07008KT,19,08
2020-07-08 21:00:00.000,2020,7,8,21,12004KT,19,09
2020-07-08 22:00:00.000,2020,7,8,22,10004KT,18,09
2020-07-08 23:00:00.000,2020,7,8,23,13006KT,17,09
2020-07-09 00:00:00.000,2020,7,9,0,12003KT,16,09
2020-07-09 01:00:00.000,2020,7,9,1,06003KT,14,09
2020-07-09 02:00:00.000,2020,7,9,2,VRB02KT,13,10
2020-07-09 03:00:00.000,2020,7,9,3,09003KT,14,09
2020-07-09 04:00:00.000,2020,7,9,4,VRB02KT,13,10
2020-07-09 05:00:00.000,2020,7,9,5,33004KT,13,10
2020-07-09 06:00:00.000,2020,7,9,6,03006KT,12,10
2020-07-09 07:00:00.000,2020,7,9,7,15004KT,11,10
2020-07-09 08:00:00.000,2020,7,9,8,02003KT,11,10
2020-07-09 09:00:00.000,2020,7,9,9,VRB02KT,11,10
2020-07-09 10:00:00.000,2020,7,9,10,05003KT,11,10
2020-07-09 11:00:00.000,2020,7,9,11,03005KT,10,10
2020-07-09 12:00:00.000,2020,7,9,12,35003KT,12,11
2020-07-09 13:00:00.000,2020,7,9,13,05008KT,13,10
2020-07-09 14:00:00.000,2020,7,9,14,08005KT,16,09
2020-07-09 15:00:00.000,2020,7,9,15,08006KT,17,09
2020-07-09 16:00:00.000,2020,7,9,16,11008KT,18,08
2020-07-09 17:00:00.000,2020,7,9,17,11007KT,17,08
2020-07-09 18:00:00.000,2020,7,9,18,12007KT,19,08
2020-07-09 19:00:00.000,2020,7,9,19,18010KT,18,09
2020-07-09 20:00:00.000,2020,7,9,20,17007KT,19,09
2020-07-09 21:00:00.000,2020,7,9,21,13009KT,20,07
2020-07-09 22:00:00.000,2020,7,9,22,14013KT,18,09
2020-07-09 23:00:00.000,2020,7,9,23,12007KT,16,08
2020-07-10 00:00:00.000,2020,7,10,0,04006KT,15,08
2020-07-10 01:00:00.000,2020,7,10,1,04005KT,13,08
2020-07-10 02:00:00.000,2020,7,10,2,13006KT,15,07
2020-07-10 03:00:00.000,2020,7,10,3,06006KT,13,08
2020-07-10 04:00:00.000,2020,7,10,4,04006KT,11,09
2020-07-10 05:00:00.000,2020,7,10,5,04006KT,11,09
2020-07-10 06:00:00.000,2020,7,10,6,VRB02KT,12,08
2020-07-10 07:00:00.000,2020,7,10,7,VRB02KT,10,08
2020-07-10 08:00:00.000,2020,7,10,8,VRB02KT,10,08
2020-07-10 09:00:00.000,2020,7,10,9,VRB02KT,11,09
2020-07-10 10:00:00.000,2020,7,10,10,03004KT,11,08
2020-07-10 11:00:00.000,2020,7,10,11,08004KT,12,09
2020-07-10 12:00:00.000,2020,7,10,12,05006KT,13,10
2020-07-10 13:00:00.000,2020,7,10,13,06009KT,14,10
2020-07-10 14:00:00.000,2020,7,10,14,07007KT,15,10
2020-07-10 15:00:00.000,2020,7,10,15,21006KT,16,09
2020-07-10 16:00:00.000,2020,7,10,16,16007KT,17,09
2020-07-10 17:00:00.000,2020,7,10,17,17014KT,16,08
2020-07-10 18:00:00.000,2020,7,10,18,15010KT,18,08
2020-07-10 19:00:00.000,2020,7,10,19,19005KT,18,08
2020-07-10 20:00:00.000,2020,7,10,20,13007KT,19,08
2020-07-10 21:00:00.000,2020,7,10,21,10005KT,18,08
2020-07-10 22:00:00.000,2020,7,10,22,08011KT,18,08
2020-07-10 23:00:00.000,2020,7,10,23,VRB05KT,16,08
2020-07-11 00:00:00.000,2020,7,11,0,24004KT,15,11
2020-07-11 01:00:00.000,2020,7,11,1,31003KT,15,11
2020-07-11 02:00:00.000,2020,7,11,2,27004KT,13,11
2020-07-11 03:00:00.000,2020,7,11,3,VRB02KT,13,10
2020-07-11 04:00:00.000,2020,7,11,4,04003KT,12,10
2020-07-11 05:00:00.000,2020,7,11,5,30003KT,12,10
2020-07-11 06:00:00.000,2020,7,11,6,VRB02KT,13,10
2020-07-11 07:00:00.000,2020,7,11,7,VRB02KT,11,10
2020-07-11 08:00:00.000,2020,7,11,8,VRB02KT,11,10
2020-07-11 09:00:00.000,2020,7,11,9,00000KT,11,10
2020-07-11 10:00:00.000,2020,7,11,10,00000KT,11,10
2020-07-11 11:00:00.000,2020,7,11,11,04003KT,11,10
2020-07-11 12:00:00.000,2020,7,11,12,04003KT,12,10
2020-07-11 13:00:00.000,2020,7,11,13,02003KT,15,11
2020-07-11 14:00:00.000,2020,7,11,14,31004KT,15,10
2020-07-11 15:00:00.000,2020,7,11,15,VRB03KT,17,09
2020-07-11 16:00:00.000,2020,7,11,16,30009KT,17,10
2020-07-11 17:00:00.000,2020,7,11,17,29010KT,16,11
2020-07-11 18:00:00.000,2020,7,11,18,26008KT,16,10
2020-07-11 19:00:00.000,2020,7,11,19,36006KT,15,12
2020-07-11 20:00:00.000,2020,7,11,20,28008KT,16,11
2020-07-11 21:00:00.000,2020,7,11,21,VRB02KT,14,11
2020-07-11 22:00:00.000,2020,7,11,22,30003KT,13,11
2020-07-11 23:00:00.000,2020,7,11,23,VRB02KT,13,11
2020-07-12 00:00:00.000,2020,7,12,0,02005KT,12,11
2020-07-12 01:00:00.000,2020,7,12,1,03005KT,12,11
2020-07-12 02:00:00.000,2020,7,12,2,VRB02KT,12,11
2020-07-12 03:00:00.000,2020,7,12,3,04005KT,12,10
2020-07-12 04:00:00.000,2020,7,12,4,04006KT,12,10
2020-07-12 05:00:00.000,2020,7,12,5,VRB02KT,11,10
2020-07-12 06:00:00.000,2020,7,12,6,28003KT,11,10
2020-07-12 07:00:00.000,2020,7,12,7,VRB02KT,11,10
2020-07-12 08:00:00.000,2020,7,12,8,VRB02KT,10,10
2020-07-12 09:00:00.000,2020,7,12,9,VRB02KT,11,10
2020-07-12 10:00:00.000,2020,7,12,10,VRB02KT,11,10
2020-07-12 11:00:00.000,2020,7,12,11,VRB02KT,11,10
2020-07-12 12:00:00.000,2020,7,12,12,VRB02KT,11,10
2020-07-12 13:00:00.000,2020,7,12,13,03004KT,12,10
2020-07-12 14:00:00.000,2020,7,12,14,VRB02KT,15,11
2020-07-12 15:00:00.000,2020,7,12,15,VRB02KT,16,10
2020-07-12 16:00:00.000,2020,7,12,16,02004KT,17,09
2020-07-12 17:00:00.000,2020,7,12,17,VRB02KT,17,08
2020-07-12 18:00:00.000,2020,7,12,18,05008KT,16,11
2020-07-12 19:00:00.000,2020,7,12,19,04005KT,17,10
2020-07-12 20:00:00.000,2020,7,12,20,03005KT,17,09
2020-07-12 21:00:00.000,2020,7,12,21,01004KT,15,12
2020-07-12 22:00:00.000,2020,7,12,22,30007KT,17,11
2020-07-12 23:00:00.000,2020,7,12,23,29006KT,14,12
2020-07-13 00:00:00.000,2020,7,13,0,26008KT,13,12
2020-07-13 01:00:00.000,2020,7,13,1,00000KT,13,12
2020-07-13 02:00:00.000,2020,7,13,2,00000KT,13,11
2020-07-13 03:00:00.000,2020,7,13,3,VRB02KT,12,11
2020-07-13 04:00:00.000,2020,7,13,4,00000KT,12,11
2020-07-13 05:00:00.000,2020,7,13,5,27003KT,12,11
2020-07-13 06:00:00.000,2020,7,13,6,00000KT,11,11
2020-07-13 07:00:00.000,2020,7,13,7,VRB02KT,12,11
2020-07-13 08:00:00.000,2020,7,13,8,31003KT,11,11
2020-07-13 09:00:00.000,2020,7,13,9,VRB02KT,10,09
2020-07-13 10:00:00.000,2020,7,13,10,06004KT,10,10
2020-07-13 10:30:00.000,2020,7,13,10,05004KT,10,09
2020-07-13 11:00:00.000,2020,7,13,11,02006KT,10,09
2020-07-13 12:00:00.000,2020,7,13,12,06005KT,12,11
2020-07-13 13:00:00.000,2020,7,13,13,02005KT,15,11
2020-07-13 14:00:00.000,2020,7,13,14,09009KT,17,08
2020-07-13 15:00:00.000,2020,7,13,15,13009KT,18,09
2020-07-13 16:00:00.000,2020,7,13,16,09008KT,18,09
2020-07-13 17:00:00.000,2020,7,13,17,13011KT,17,08
2020-07-13 18:00:00.000,2020,7,13,18,16010KT,18,10
2020-07-13 19:00:00.000,2020,7,13,19,16006KT,18,09
2020-07-13 20:00:00.000,2020,7,13,20,07009KT,17,09
2020-07-13 21:00:00.000,2020,7,13,21,15005KT,18,09
2020-07-13 22:00:00.000,2020,7,13,22,18008KT,18,09
2020-07-13 22:40:00.000,2020,7,13,22,14010KT,16,10
2020-07-13 23:00:00.000,2020,7,13,23,14007KT,14,10
2020-07-14 00:00:00.000,2020,7,14,0,16009KT,14,10
2020-07-14 01:00:00.000,2020,7,14,1,13005KT,14,09
2020-07-14 02:00:00.000,2020,7,14,2,12007KT,14,09
2020-07-14 03:00:00.000,2020,7,14,3,13009KT,14,08
2020-07-14 04:00:00.000,2020,7,14,4,09006KT,13,08
2020-07-14 05:00:00.000,2020,7,14,5,12005KT,13,08
2020-07-14 06:00:00.000,2020,7,14,6,17007KT,13,07
2020-07-14 07:00:00.000,2020,7,14,7,12005KT,13,08
2020-07-14 08:00:00.000,2020,7,14,8,15005KT,12,08
2020-07-14 10:00:00.000,2020,7,14,10,08007KT,12,08
2020-07-14 10:30:00.000,2020,7,14,10,08005KT,11,08
2020-07-14 11:00:00.000,2020,7,14,11,07005KT,10,07
2020-07-14 12:00:00.000,2020,7,14,12,04005KT,12,08
2020-07-14 13:00:00.000,2020,7,14,13,05006KT,13,08
2020-07-14 14:00:00.000,2020,7,14,14,08006KT,15,09
2020-07-14 15:00:00.000,2020,7,14,15,12012KT,17,07
2020-07-14 16:00:00.000,2020,7,14,16,13011KT,17,07
2020-07-14 17:00:00.000,2020,7,14,17,16009KT,17,06
2020-07-14 18:00:00.000,2020,7,14,18,13010KT,17,06
2020-07-14 19:00:00.000,2020,7,14,19,15013KT,19,07
2020-07-14 20:00:00.000,2020,7,14,20,14010KT,17,06
2020-07-14 21:00:00.000,2020,7,14,21,15012KT,18,06
2020-07-14 22:00:00.000,2020,7,14,22,11004KT,18,06
2020-07-14 23:00:00.000,2020,7,14,23,11005KT,16,06
2020-07-15 00:00:00.000,2020,7,15,0,10005KT,15,07
2020-07-15 01:00:00.000,2020,7,15,1,12005KT,14,07
2020-07-15 02:00:00.000,2020,7,15,2,12005KT,13,07
2020-07-15 03:00:00.000,2020,7,15,3,03005KT,12,09
2020-07-15 04:00:00.000,2020,7,15,4,02005KT,12,08
2020-07-15 05:00:00.000,2020,7,15,5,VRB02KT,12,07
2020-07-15 06:00:00.000,2020,7,15,6,04005KT,12,08
2020-07-15 07:00:00.000,2020,7,15,7,14003KT,11,07
2020-07-15 08:00:00.000,2020,7,15,8,VRB02KT,11,08
2020-07-15 09:00:00.000,2020,7,15,9,04003KT,11,08
2020-07-15 10:00:00.000,2020,7,15,10,04005KT,11,09
2020-07-15 10:30:00.000,2020,7,15,10,04006KT,11,09
2020-07-15 11:00:00.000,2020,7,15,11,04006KT,11,09
2020-07-15 12:00:00.000,2020,7,15,12,08003KT,11,09
2020-07-15 13:00:00.000,2020,7,15,13,03005KT,13,09
2020-07-15 14:00:00.000,2020,7,15,14,06005KT,15,07
2020-07-15 15:00:00.000,2020,7,15,15,06008KT,16,07
2020-07-15 16:00:00.000,2020,7,15,16,13006KT,17,07
2020-07-15 17:00:00.000,2020,7,15,17,06007KT,17,07
2020-07-15 18:00:00.000,2020,7,15,18,28010KT,15,10
2020-07-15 19:00:00.000,2020,7,15,19,21006KT,15,11
2020-07-15 20:00:00.000,2020,7,15,20,23007KT,17,10
2020-07-15 21:00:00.000,2020,7,15,21,18005KT,18,08
2020-07-15 22:00:00.000,2020,7,15,22,21005KT,18,07
2020-07-15 22:22:00.000,2020,7,15,22,24010KT,17,10
2020-07-15 23:00:00.000,2020,7,15,23,24003KT,14,11
2020-07-16 00:00:00.000,2020,7,16,0,05003KT,14,10
2020-07-16 01:00:00.000,2020,7,16,1,13006KT,12,09
2020-07-16 02:00:00.000,2020,7,16,2,VRB02KT,12,09
2020-07-16 03:00:00.000,2020,7,16,3,33003KT,11,10
2020-07-16 04:00:00.000,2020,7,16,4,VRB02KT,11,10
2020-07-16 05:00:00.000,2020,7,16,5,03005KT,11,09
2020-07-16 06:00:00.000,2020,7,16,6,05005KT,10,08
2020-07-16 07:00:00.000,2020,7,16,7,05003KT,10,08
2020-07-16 08:00:00.000,2020,7,16,8,35004KT,10,08
2020-07-16 09:00:00.000,2020,7,16,9,01003KT,10,08
2020-07-16 10:00:00.000,2020,7,16,10,05004KT,10,08
2020-07-16 10:30:00.000,2020,7,16,10,13004KT,11,08
2020-07-16 11:00:00.000,2020,7,16,11,10003KT,12,08
2020-07-16 12:00:00.000,2020,7,16,12,03003KT,12,09
2020-07-16 13:00:00.000,2020,7,16,13,06004KT,14,10
2020-07-16 14:00:00.000,2020,7,16,14,01006KT,15,10
2020-07-16 15:00:00.000,2020,7,16,15,13004KT,17,09
2020-07-16 16:00:00.000,2020,7,16,16,15011KT,17,08
2020-07-16 17:00:00.000,2020,7,16,17,17008KT,17,08
2020-07-16 18:00:00.000,2020,7,16,18,16006KT,18,07
2020-07-16 19:00:00.000,2020,7,16,19,24005KT,18,09
2020-07-16 20:00:00.000,2020,7,16,20,33010KT,17,11
2020-07-16 21:00:00.000,2020,7,16,21,30011KT,17,10
2020-07-16 22:00:00.000,2020,7,16,22,28009KT,17,10
2020-07-16 23:00:00.000,2020,7,16,23,28008KT,16,11
2020-07-17 00:00:00.000,2020,7,17,0,26003KT,14,11
2020-07-17 01:00:00.000,2020,7,17,1,VRB02KT,11,10
2020-07-17 02:00:00.000,2020,7,17,2,01003KT,10,09
2020-07-17 03:00:00.000,2020,7,17,3,VRB02KT,10,10
2020-07-17 04:00:00.000,2020,7,17,4,VRB02KT,11,10
2020-07-17 05:00:00.000,2020,7,17,5,00000KT,11,10
2020-07-17 06:00:00.000,2020,7,17,6,VRB02KT,11,10
2020-07-17 07:00:00.000,2020,7,17,7,VRB02KT,11,09
2020-07-17 08:00:00.000,2020,7,17,8,00000KT,11,10
2020-07-17 09:00:00.000,2020,7,17,9,03003KT,10,10
2020-07-17 10:00:00.000,2020,7,17,10,04004KT,11,10
2020-07-17 10:30:00.000,2020,7,17,10,04004KT,11,10
2020-07-17 11:00:00.000,2020,7,17,11,36003KT,11,10
2020-07-17 12:00:00.000,2020,7,17,12,04003KT,11,10
2020-07-17 13:00:00.000,2020,7,17,13,VRB02KT,11,10
2020-07-17 14:00:00.000,2020,7,17,14,02003KT,13,12
2020-07-17 15:00:00.000,2020,7,17,15,14006KT,15,10
2020-07-17 16:00:00.000,2020,7,17,16,14012KT,17,10
2020-07-17 17:00:00.000,2020,7,17,17,16010KT,17,09
2020-07-17 18:00:00.000,2020,7,17,18,16013KT,18,09
2020-07-17 19:00:00.000,2020,7,17,19,16011KT,18,08
2020-07-17 20:00:00.000,2020,7,17,20,14010KT,19,07
2020-07-17 21:00:00.000,2020,7,17,21,10008KT,19,06
2020-07-17 22:00:00.000,2020,7,17,22,10007KT,18,07
2020-07-17 23:00:00.000,2020,7,17,23,10005KT,16,07
2020-07-18 00:00:00.000,2020,7,18,0,10004KT,15,08
2020-07-18 01:00:00.000,2020,7,18,1,28003KT,14,09
2020-07-18 02:00:00.000,2020,7,18,2,10005KT,14,09
2020-07-18 03:00:00.000,2020,7,18,3,06005KT,12,09
2020-07-18 04:00:00.000,2020,7,18,4,05005KT,12,09
2020-07-18 05:00:00.000,2020,7,18,5,01003KT,12,09
2020-07-18 06:00:00.000,2020,7,18,6,VRB02KT,11,09
2020-07-18 07:00:00.000,2020,7,18,7,VRB02KT,11,09
2020-07-18 08:00:00.000,2020,7,18,8,33003KT,11,09
2020-07-18 09:00:00.000,2020,7,18,9,03003KT,11,09
2020-07-18 10:00:00.000,2020,7,18,10,02003KT,09,07
2020-07-18 10:30:00.000,2020,7,18,10,36003KT,09,08
2020-07-18 11:00:00.000,2020,7,18,11,02004KT,09,08
2020-07-18 12:00:00.000,2020,7,18,12,VRB02KT,11,09
2020-07-18 13:00:00.000,2020,7,18,13,VRB02KT,13,10
2020-07-18 14:00:00.000,2020,7,18,14,03006KT,16,10
2020-07-18 15:00:00.000,2020,7,18,15,14010KT,18,08
2020-07-18 16:00:00.000,2020,7,18,16,10012KT,19,07
2020-07-18 17:00:00.000,2020,7,18,17,13014KT,19,09
2020-07-18 18:00:00.000,2020,7,18,18,15014KT,18,08
2020-07-18 19:00:00.000,2020,7,18,19,15012KT,17,10
2020-07-18 20:00:00.000,2020,7,18,20,16012KT,18,08
2020-07-18 21:00:00.000,2020,7,18,21,15012KT,18,08
2020-07-18 22:00:00.000,2020,7,18,22,11006KT,18,08
2020-07-18 23:00:00.000,2020,7,18,23,11008KT,17,08
2020-07-19 00:00:00.000,2020,7,19,0,10004KT,16,08
2020-07-19 01:00:00.000,2020,7,19,1,34005KT,14,11
2020-07-19 02:00:00.000,2020,7,19,2,04007KT,14,10
2020-07-19 03:00:00.000,2020,7,19,3,04009KT,13,10
2020-07-19 04:00:00.000,2020,7,19,4,35003KT,12,10
2020-07-19 05:00:00.000,2020,7,19,5,VRB02KT,11,10
2020-07-19 06:00:00.000,2020,7,19,6,00000KT,11,10
2020-07-19 07:00:00.000,2020,7,19,7,VRB02KT,10,09
2020-07-19 08:00:00.000,2020,7,19,8,VRB02KT,10,10
2020-07-19 09:00:00.000,2020,7,19,9,34004KT,09,09
2020-07-19 10:00:00.000,2020,7,19,10,VRB02KT,11,10
2020-07-19 10:30:00.000,2020,7,19,10,VRB02KT,11,10
2020-07-19 11:00:00.000,2020,7,19,11,VRB02KT,11,10
2020-07-19 12:00:00.000,2020,7,19,12,01003KT,12,10
2020-07-19 13:00:00.000,2020,7,19,13,02003KT,14,11
2020-07-19 14:00:00.000,2020,7,19,14,VRB02KT,15,10
2020-07-19 15:00:00.000,2020,7,19,15,VRB02KT,14,11
2020-07-19 16:00:00.000,2020,7,19,16,18008KT,17,11
2020-07-19 17:00:00.000,2020,7,19,17,14008KT,18,10
2020-07-19 18:00:00.000,2020,7,19,18,18010KT,18,10
2020-07-19 19:00:00.000,2020,7,19,19,19013KT,17,11
2020-07-19 20:00:00.000,2020,7,19,20,16013KT,18,10
2020-07-19 21:00:00.000,2020,7,19,21,16012KT,18,09
2020-07-19 22:00:00.000,2020,7,19,22,16014KT,17,08
2020-07-19 23:00:00.000,2020,7,19,23,14010KT,15,08
2020-07-20 00:00:00.000,2020,7,20,0,13008KT,15,09
2020-07-20 01:00:00.000,2020,7,20,1,VRB02KT,14,09
2020-07-20 02:00:00.000,2020,7,20,2,07004KT,14,09
2020-07-20 03:00:00.000,2020,7,20,3,08004KT,14,09
2020-07-20 04:00:00.000,2020,7,20,4,05004KT,13,10
2020-07-20 05:00:00.000,2020,7,20,5,04004KT,13,10
2020-07-20 06:00:00.000,2020,7,20,6,35004KT,13,10
2020-07-20 07:00:00.000,2020,7,20,7,19006KT,13,08
2020-07-20 08:00:00.000,2020,7,20,8,VRB02KT,12,09
2020-07-20 09:00:00.000,2020,7,20,9,34004KT,12,09
2020-07-20 10:00:00.000,2020,7,20,10,VRB02KT,11,09
2020-07-20 10:30:00.000,2020,7,20,10,VRB02KT,11,09
2020-07-20 11:00:00.000,2020,7,20,11,VRB02KT,10,09
2020-07-20 12:00:00.000,2020,7,20,12,10004KT,13,08
2020-07-20 13:00:00.000,2020,7,20,13,11006KT,16,08
2020-07-20 14:00:00.000,2020,7,20,14,11008KT,16,08
2020-07-20 15:00:00.000,2020,7,20,15,13007KT,15,08
2020-07-20 16:00:00.000,2020,7,20,16,18010KT,15,10
2020-07-20 17:00:00.000,2020,7,20,17,14010KT,15,09
2020-07-20 18:00:00.000,2020,7,20,18,15013KT,18,10
2020-07-20 19:00:00.000,2020,7,20,19,15013KT,19,08
2020-07-20 20:00:00.000,2020,7,20,20,VRB08KT,19,08
2020-07-20 21:00:00.000,2020,7,20,21,17012KT,18,07
2020-07-20 22:00:00.000,2020,7,20,22,16010KT,16,08
2020-07-20 23:00:00.000,2020,7,20,23,19010KT,16,08
2020-07-21 00:00:00.000,2020,7,21,0,17005KT,15,08
2020-07-21 01:00:00.000,2020,7,21,1,14005KT,14,08
2020-07-21 02:00:00.000,2020,7,21,2,10003KT,14,08
2020-07-21 03:00:00.000,2020,7,21,3,04005KT,12,09
2020-07-21 04:00:00.000,2020,7,21,4,04004KT,12,09
2020-07-21 05:00:00.000,2020,7,21,5,05004KT,12,09
2020-07-21 06:00:00.000,2020,7,21,6,04004KT,12,10
2020-07-21 07:00:00.000,2020,7,21,7,05005KT,12,10
2020-07-21 08:00:00.000,2020,7,21,8,VRB02KT,11,10
2020-07-21 09:00:00.000,2020,7,21,9,VRB02KT,11,10
2020-07-21 10:00:00.000,2020,7,21,10,07003KT,11,09
2020-07-21 10:30:00.000,2020,7,21,10,32003KT,09,08
2020-07-21 11:00:00.000,2020,7,21,11,36004KT,09,08
2020-07-21 12:00:00.000,2020,7,21,12,30005KT,11,10
2020-07-21 13:00:00.000,2020,7,21,13,VRB02KT,14,11
2020-07-21 14:00:00.000,2020,7,21,14,VRB02KT,15,09
2020-07-21 15:00:00.000,2020,7,21,15,23003KT,16,09
2020-07-21 16:00:00.000,2020,7,21,16,VRB02KT,17,08
2020-07-21 17:00:00.000,2020,7,21,17,VRB02KT,19,10
2020-07-21 18:00:00.000,2020,7,21,18,31007KT,16,11
2020-07-21 19:00:00.000,2020,7,21,19,28009KT,14,12
2020-07-21 20:00:00.000,2020,7,21,20,26003KT,14,12
2020-07-21 21:00:00.000,2020,7,21,21,25005KT,13,12
2020-07-21 22:00:00.000,2020,7,21,22,VRB02KT,13,12
2020-07-21 23:00:00.000,2020,7,21,23,VRB02KT,13,11
2020-07-22 00:00:00.000,2020,7,22,0,04005KT,12,11
2020-07-22 01:00:00.000,2020,7,22,1,VRB02KT,11,10
2020-07-22 02:00:00.000,2020,7,22,2,04007KT,11,09
2020-07-22 03:00:00.000,2020,7,22,3,06004KT,11,10
2020-07-22 04:00:00.000,2020,7,22,4,02003KT,11,10
2020-07-22 05:00:00.000,2020,7,22,5,VRB02KT,11,09
2020-07-22 06:00:00.000,2020,7,22,6,VRB02KT,11,10
2020-07-22 07:00:00.000,2020,7,22,7,00000KT,10,09
2020-07-22 08:00:00.000,2020,7,22,8,VRB02KT,10,09
2020-07-22 09:00:00.000,2020,7,22,9,VRB02KT,10,09
2020-07-22 10:00:00.000,2020,7,22,10,VRB02KT,10,09
2020-07-22 10:30:00.000,2020,7,22,10,VRB02KT,09,09
2020-07-22 11:00:00.000,2020,7,22,11,34004KT,09,08
2020-07-22 12:00:00.000,2020,7,22,12,VRB02KT,10,09
2020-07-22 13:00:00.000,2020,7,22,13,03004KT,12,11
2020-07-22 14:00:00.000,2020,7,22,14,03006KT,14,10
2020-07-22 15:00:00.000,2020,7,22,15,04006KT,15,09
2020-07-22 16:00:00.000,2020,7,22,16,07006KT,16,09
2020-07-22 17:00:00.000,2020,7,22,17,18004KT,17,09
2020-07-22 18:00:00.000,2020,7,22,18,VRB02KT,17,09
2020-07-22 19:00:00.000,2020,7,22,19,23004KT,19,09
2020-07-22 19:20:00.000,2020,7,22,19,23004KT,19,09
2020-07-22 19:30:00.000,2020,7,22,19,21008KT,16,12
2020-07-22 20:00:00.000,2020,7,22,20,24010KT,15,12
2020-07-22 21:00:00.000,2020,7,22,21,25004KT,16,12
2020-07-22 22:00:00.000,2020,7,22,22,31004KT,15,11
2020-07-22 23:00:00.000,2020,7,22,23,VRB02KT,15,12
2020-07-23 00:00:00.000,2020,7,23,0,05005KT,13,11
2020-07-23 01:00:00.000,2020,7,23,1,11003KT,14,10
2020-07-23 02:00:00.000,2020,7,23,2,04005KT,11,09
2020-07-23 03:00:00.000,2020,7,23,3,05007KT,11,09
2020-07-23 04:00:00.000,2020,7,23,4,04009KT,11,09
2020-07-23 05:00:00.000,2020,7,23,5,06004KT,10,09
2020-07-23 06:00:00.000,2020,7,23,6,03004KT,10,09
2020-07-23 07:00:00.000,2020,7,23,7,05006KT,11,09
2020-07-23 08:00:00.000,2020,7,23,8,03006KT,11,10
2020-07-23 09:00:00.000,2020,7,23,9,VRB02KT,11,09
2020-07-23 10:00:00.000,2020,7,23,10,33004KT,11,09
2020-07-23 10:30:00.000,2020,7,23,10,VRB02KT,10,09
2020-07-23 11:00:00.000,2020,7,23,11,02004KT,10,09
2020-07-23 12:00:00.000,2020,7,23,12,03004KT,12,10
2020-07-23 13:00:00.000,2020,7,23,13,02004KT,13,10
2020-07-23 14:00:00.000,2020,7,23,14,06006KT,16,10
2020-07-23 15:00:00.000,2020,7,23,15,02005KT,17,08
2020-07-23 16:00:00.000,2020,7,23,16,14006KT,19,07
2020-07-23 17:00:00.000,2020,7,23,17,05007KT,18,08
2020-07-23 18:00:00.000,2020,7,23,18,09005KT,20,09
2020-07-23 19:00:00.000,2020,7,23,19,07005KT,19,09
2020-07-23 20:00:00.000,2020,7,23,20,22008KT,17,12
2020-07-23 21:00:00.000,2020,7,23,21,23010KT,15,12
2020-07-23 21:38:00.000,2020,7,23,21,23007KT,14,13
2020-07-23 22:00:00.000,2020,7,23,22,26006KT,14,13
2020-07-23 22:30:00.000,2020,7,23,22,22005KT,14,13
2020-07-23 23:00:00.000,2020,7,23,23,20003KT,14,13
2020-07-24 00:00:00.000,2020,7,24,0,01004KT,13,12
2020-07-24 01:00:00.000,2020,7,24,1,03004KT,13,12
2020-07-24 02:00:00.000,2020,7,24,2,04006KT,13,12
2020-07-24 03:00:00.000,2020,7,24,3,VRB02KT,13,11
2020-07-24 04:00:00.000,2020,7,24,4,11004KT,14,10
2020-07-24 05:00:00.000,2020,7,24,5,06004KT,12,10
2020-07-24 06:00:00.000,2020,7,24,6,03004KT,12,10
2020-07-24 07:00:00.000,2020,7,24,7,31004KT,12,10
2020-07-24 08:00:00.000,2020,7,24,8,VRB02KT,12,10
2020-07-24 09:00:00.000,2020,7,24,9,VRB02KT,12,10
2020-07-24 10:00:00.000,2020,7,24,10,29004KT,11,10
2020-07-24 10:30:00.000,2020,7,24,10,VRB02KT,11,10
2020-07-24 11:00:00.000,2020,7,24,11,33004KT,11,10
2020-07-24 12:00:00.000,2020,7,24,12,VRB02KT,12,11
2020-07-24 13:00:00.000,2020,7,24,13,04005KT,13,11
2020-07-24 14:00:00.000,2020,7,24,14,05005KT,15,11
2020-07-24 15:00:00.000,2020,7,24,15,VRB02KT,16,10
2020-07-24 16:00:00.000,2020,7,24,16,VRB02KT,17,10
2020-07-24 17:00:00.000,2020,7,24,17,15010KT,18,09
2020-07-24 18:00:00.000,2020,7,24,18,17011KT,19,09
2020-07-24 19:00:00.000,2020,7,24,19,18013KT,18,09
2020-07-24 20:00:00.000,2020,7,24,20,18012KT,18,09
2020-07-24 21:00:00.000,2020,7,24,21,30006KT,15,12
2020-07-24 22:00:00.000,2020,7,24,22,34005KT,15,12
2020-07-24 23:00:00.000,2020,7,24,23,34005KT,14,11
2020-07-25 00:00:00.000,2020,7,25,0,35003KT,13,11
2020-07-25 01:00:00.000,2020,7,25,1,33004KT,13,11
2020-07-25 02:00:00.000,2020,7,25,2,35003KT,12,10
2020-07-25 03:00:00.000,2020,7,25,3,35003KT,12,10
2020-07-25 04:00:00.000,2020,7,25,4,36003KT,12,10
2020-07-25 05:00:00.000,2020,7,25,5,030006KT,12,10
2020-07-25 06:00:00.000,2020,7,25,6,VRB02KT,12,11
2020-07-25 06:15:00.000,2020,7,25,6,VRB02KT,12,11
2020-07-25 07:00:00.000,2020,7,25,7,33004KT,12,11
2020-07-25 08:00:00.000,2020,7,25,8,VRB02KT,12,11
2020-07-25 09:00:00.000,2020,7,25,9,VRB02KT,11,10
2020-07-25 10:00:00.000,2020,7,25,10,35003KT,11,10
2020-07-25 10:30:00.000,2020,7,25,10,03003KT,10,10
2020-07-25 11:00:00.000,2020,7,25,11,02003KT,11,10
2020-07-25 12:00:00.000,2020,7,25,12,VRB02KT,11,11
2020-07-25 13:00:00.000,2020,7,25,13,VRB02KT,12,11
2020-07-25 14:00:00.000,2020,7,25,14,17004KT,12,10
2020-07-25 15:00:00.000,2020,7,25,15,VRB02KT,13,11
2020-07-25 16:00:00.000,2020,7,25,16,VRB02KT,15,10
2020-07-25 17:00:00.000,2020,7,25,17,25006KT,15,10
2020-07-25 18:00:00.000,2020,7,25,18,20009KT,15,10
2020-07-25 19:00:00.000,2020,7,25,19,19011KT,14,11
2020-07-25 20:00:00.000,2020,7,25,20,15006KT,13,09
2020-07-25 21:00:00.000,2020,7,25,21,21005KT,13,09
2020-07-25 22:00:00.000,2020,7,25,22,VRB02KT,14,08
2020-07-25 23:00:00.000,2020,7,25,23,07003KT,12,09
2020-07-26 00:00:00.000,2020,7,26,0,13003KT,12,08
2020-07-26 01:00:00.000,2020,7,26,1,03003KT,10,08
2020-07-26 02:00:00.000,2020,7,26,2,VRB02KT,10,08
2020-07-26 03:00:00.000,2020,7,26,3,06006KT,09,08
2020-07-26 04:00:00.000,2020,7,26,4,VRB02KT,09,08
2020-07-26 05:00:00.000,2020,7,26,5,35004KT,09,08
2020-07-26 06:00:00.000,2020,7,26,6,06004KT,09,08
2020-07-26 07:00:00.000,2020,7,26,7,04004KT,10,09
2020-07-26 08:00:00.000,2020,7,26,8,04004KT,10,09
2020-07-26 09:00:00.000,2020,7,26,9,07005KT,11,09
2020-07-26 10:00:00.000,2020,7,26,10,05004KT,10,09
2020-07-26 10:30:00.000,2020,7,26,10,VRB02KT,11,09
2020-07-26 11:00:00.000,2020,7,26,11,00000KT,10,09
2020-07-26 12:00:00.000,2020,7,26,12,04004KT,11,10
2020-07-26 13:00:00.000,2020,7,26,13,05005KT,13,10
2020-07-26 14:00:00.000,2020,7,26,14,08003KT,15,11
2020-07-26 15:00:00.000,2020,7,26,15,14005KT,17,10
2020-07-26 16:00:00.000,2020,7,26,16,14006KT,17,09
2020-07-26 17:00:00.000,2020,7,26,17,16012KT,18,08
2020-07-26 18:00:00.000,2020,7,26,18,18014KT,18,09
2020-07-26 19:00:00.000,2020,7,26,19,17013KT,19,08
2020-07-26 20:00:00.000,2020,7,26,20,16010KT,18,08
2020-07-26 21:00:00.000,2020,7,26,21,15009KT,18,08
2020-07-26 22:00:00.000,2020,7,26,22,16013KT,17,07
2020-07-26 23:00:00.000,2020,7,26,23,17013KT,16,07
2020-07-27 00:00:00.000,2020,7,27,0,14009KT,15,09
2020-07-27 01:00:00.000,2020,7,27,1,15004KT,14,09
2020-07-27 02:00:00.000,2020,7,27,2,17008KT,14,09
2020-07-27 03:00:00.000,2020,7,27,3,15008KT,13,09
2020-07-27 04:00:00.000,2020,7,27,4,13007KT,14,09
2020-07-27 05:00:00.000,2020,7,27,5,17011KT,14,08
2020-07-27 06:00:00.000,2020,7,27,6,14005KT,12,08
2020-07-27 07:00:00.000,2020,7,27,7,VRB02KT,12,09
2020-07-27 08:00:00.000,2020,7,27,8,03004KT,12,09
2020-07-27 09:00:00.000,2020,7,27,9,01003KT,11,09
2020-07-27 10:00:00.000,2020,7,27,10,VRB02KT,11,09
2020-07-27 10:30:00.000,2020,7,27,10,01003KT,11,09
2020-07-27 11:00:00.000,2020,7,27,11,35004KT,11,09
2020-07-27 12:00:00.000,2020,7,27,12,03003KT,13,09
2020-07-27 13:00:00.000,2020,7,27,13,32004KT,15,09
2020-07-27 14:00:00.000,2020,7,27,14,03003KT,16,08
2020-07-27 15:00:00.000,2020,7,27,15,VRB04KT,16,08
2020-07-27 16:00:00.000,2020,7,27,16,08004KT,17,08
2020-07-27 17:00:00.000,2020,7,27,17,08007KT,19,08
2020-07-27 18:00:00.000,2020,7,27,18,24006KT,19,10
2020-07-27 19:00:00.000,2020,7,27,19,29006KT,18,11
2020-07-27 20:00:00.000,2020,7,27,20,29006KT,18,11
2020-07-27 21:00:00.000,2020,7,27,21,18011KT,17,09
2020-07-27 22:00:00.000,2020,7,27,22,14008KT,16,08
2020-07-27 23:00:00.000,2020,7,27,23,15009KT,15,08
2020-07-28 00:00:00.000,2020,7,28,0,09003KT,14,08
2020-07-28 01:00:00.000,2020,7,28,1,VRB02KT,12,08
2020-07-28 02:00:00.000,2020,7,28,2,03005KT,11,07
2020-07-28 04:00:00.000,2020,7,28,4,VRB02KT,11,08
2020-07-28 05:00:00.000,2020,7,28,5,35003KT,10,08
2020-07-28 06:00:00.000,2020,7,28,6,03004KT,11,08
2020-07-28 07:00:00.000,2020,7,28,7,30003KT,11,08
2020-07-28 08:00:00.000,2020,7,28,8,VRB02KT,11,09
2020-07-28 09:00:00.000,2020,7,28,9,VRB02KT,11,09
2020-07-28 10:00:00.000,2020,7,28,10,VRB02KT,11,09
2020-07-28 10:30:00.000,2020,7,28,10,29003KT,12,09
2020-07-28 11:00:00.000,2020,7,28,11,VRB02KT,12,09
2020-07-28 12:00:00.000,2020,7,28,12,VRB02KT,12,10
2020-07-28 13:00:00.000,2020,7,28,13,04003KT,14,10
2020-07-28 14:00:00.000,2020,7,28,14,07005KT,14,09
2020-07-28 15:00:00.000,2020,7,28,15,07005KT,16,08
2020-07-28 16:00:00.000,2020,7,28,16,18005KT,17,09
2020-07-28 17:00:00.000,2020,7,28,17,09008KT,19,07
2020-07-28 18:00:00.000,2020,7,28,18,10010KT,20,08
2020-07-28 19:00:00.000,2020,7,28,19,07008KT,19,07
2020-07-28 20:00:00.000,2020,7,28,20,13009KT,20,08
2020-07-28 21:00:00.000,2020,7,28,21,08007KT,19,08
2020-07-28 22:00:00.000,2020,7,28,22,11007KT,18,07
2020-07-28 23:00:00.000,2020,7,28,23,09006KT,17,09
2020-07-29 00:00:00.000,2020,7,29,0,VRB05KT,16,08
2020-07-29 01:00:00.000,2020,7,29,1,05006KT,12,09
2020-07-29 02:00:00.000,2020,7,29,2,10003KT,14,09
2020-07-29 03:00:00.000,2020,7,29,3,05005KT,13,09
2020-07-29 04:00:00.000,2020,7,29,4,05005KT,13,09
2020-07-29 05:00:00.000,2020,7,29,5,05005KT,12,09
2020-07-29 06:00:00.000,2020,7,29,6,05006KT,12,09
2020-07-29 07:00:00.000,2020,7,29,7,05006KT,12,09
2020-07-29 08:00:00.000,2020,7,29,8,06004KT,11,09
2020-07-29 09:00:00.000,2020,7,29,9,04006KT,12,09
2020-07-29 10:00:00.000,2020,7,29,10,05005KT,11,08
2020-07-29 10:30:00.000,2020,7,29,10,VRB02KT,10,08
2020-07-29 11:00:00.000,2020,7,29,11,33003KT,10,08
2020-07-29 12:00:00.000,2020,7,29,12,02003KT,12,10
2020-07-29 13:00:00.000,2020,7,29,13,12006KT,16,08
2020-07-29 14:00:00.000,2020,7,29,14,10008KT,17,08
2020-07-29 15:00:00.000,2020,7,29,15,07006KT,16,09
2020-07-29 16:00:00.000,2020,7,29,16,04006KT,17,09
2020-07-29 17:00:00.000,2020,7,29,17,04004KT,17,09
2020-07-29 18:00:00.000,2020,7,29,18,17005KT,18,08
2020-07-29 19:00:00.000,2020,7,29,19,VRB02KT,19,07
2020-07-29 20:00:00.000,2020,7,29,20,VRB02KT,19,08
2020-07-29 21:00:00.000,2020,7,29,21,33007KT,16,13
2020-07-29 22:00:00.000,2020,7,29,22,30008KT,16,12
2020-07-29 23:00:00.000,2020,7,29,23,25006KT,16,11
2020-07-30 00:00:00.000,2020,7,30,0,26003KT,14,11
2020-07-30 01:00:00.000,2020,7,30,1,00000KT,12,10
2020-07-30 02:00:00.000,2020,7,30,2,VRB02KT,11,10
2020-07-30 03:00:00.000,2020,7,30,3,01003KT,10,09
2020-07-30 04:00:00.000,2020,7,30,4,34003KT,11,10
2020-07-30 05:00:00.000,2020,7,30,5,VRB02KT,10,09
2020-07-30 06:00:00.000,2020,7,30,6,VRB02KT,11,10
2020-07-30 07:00:00.000,2020,7,30,7,09003KT,12,11
2020-07-30 08:00:00.000,2020,7,30,8,03005KT,12,11
2020-07-30 09:00:00.000,2020,7,30,9,VRB02KT,12,11
2020-07-30 10:00:00.000,2020,7,30,10,13005KT,12,11
2020-07-30 10:30:00.000,2020,7,30,10,15004KT,12,10
2020-07-30 11:00:00.000,2020,7,30,11,00000KT,11,10
2020-07-30 12:00:00.000,2020,7,30,12,VRB02KT,12,10
2020-07-30 13:00:00.000,2020,7,30,13,01004KT,12,10
2020-07-30 14:00:00.000,2020,7,30,14,09005KT,14,10
2020-07-30 15:00:00.000,2020,7,30,15,10004KT,17,10
2020-07-30 16:00:00.000,2020,7,30,16,11005KT,87,09
2020-07-30 17:00:00.000,2020,7,30,17,15013KT,19,09
2020-07-30 18:00:00.000,2020,7,30,18,17012KT,18,10
2020-07-30 19:00:00.000,2020,7,30,19,16013KT,19,09
2020-07-30 20:00:00.000,2020,7,30,20,20009KT,19,09
2020-07-30 21:00:00.000,2020,7,30,21,23010KT,19,10
2020-07-30 22:00:00.000,2020,7,30,22,26006KT,18,10
2020-07-30 23:00:00.000,2020,7,30,23,14006KT,17,09
2020-07-31 00:00:00.000,2020,7,31,0,14009KT,14,09
2020-07-31 01:00:00.000,2020,7,31,1,15011KT,14,09
2020-07-31 02:00:00.000,2020,7,31,2,12003KT,13,09
2020-07-31 03:00:00.000,2020,7,31,3,14008KT,14,10
2020-07-31 04:00:00.000,2020,7,31,4,13007KT,14,10
2020-07-31 05:00:00.000,2020,7,31,5,14007KT,13,09
2020-07-31 06:00:00.000,2020,7,31,6,32003KT,11,09
2020-07-31 07:00:00.000,2020,7,31,7,VRB02KT,12,10
2020-07-31 08:00:00.000,2020,7,31,8,VRB02KT,11,10
2020-07-31 09:00:00.000,2020,7,31,9,02003KT,10,09
2020-07-31 10:00:00.000,2020,7,31,10,VRB02KT,11,10
2020-07-31 10:30:00.000,2020,7,31,10,30004KT,11,10
2020-07-31 11:00:00.000,2020,7,31,11,35003KT,10,09
2020-07-31 12:00:00.000,2020,7,31,12,00000KT,12,11
2020-07-31 13:00:00.000,2020,7,31,13,12005KT,15,11
2020-07-31 14:00:00.000,2020,7,31,14,15012KT,16,10
2020-07-31 15:00:00.000,2020,7,31,15,15011KT,18,09
2020-07-31 16:00:00.000,2020,7,31,16,21006KT,18,08
2020-07-31 17:00:00.000,2020,7,31,17,15013KT,19,09
2020-07-31 18:00:00.000,2020,7,31,18,15014KT,18,07
2020-07-31 19:00:00.000,2020,7,31,19,15015KT,19,07
2020-07-31 20:00:00.000,2020,7,31,20,17011KT,18,05
2020-07-31 21:00:00.000,2020,7,31,21,17013KT,18,03
2020-07-31 22:00:00.000,2020,7,31,22,18014KT,17,06
2020-07-31 23:00:00.000,2020,7,31,23,18010KT,16,01
2020-08-01 00:00:00.000,2020,8,1,0,10004KT,13,04
2020-08-01 01:00:00.000,2020,8,1,1,12003KT,13,05
2020-08-01 02:00:00.000,2020,8,1,2,00000KT,11,06
2020-08-01 03:00:00.000,2020,8,1,3,01003KT,10,06
2020-08-01 04:00:00.000,2020,8,1,4,05005KT,09,06
2020-08-01 05:00:00.000,2020,8,1,5,04003KT,09,07
2020-08-01 06:00:00.000,2020,8,1,6,05005KT,10,07
2020-08-01 07:00:00.000,2020,8,1,7,05006KT,10,07
2020-08-01 08:00:00.000,2020,8,1,8,04005KT,10,08
2020-08-01 09:00:00.000,2020,8,1,9,06006KT,11,06
2020-08-01 10:00:00.000,2020,8,1,10,04005KT,11,08
2020-08-01 10:30:00.000,2020,8,1,10,05006KT,11,07
2020-08-01 11:00:00.000,2020,8,1,11,05007KT,11,07
2020-08-01 12:00:00.000,2020,8,1,12,03008KT,11,07
2020-08-01 13:00:00.000,2020,8,1,13,01005KT,13,05
2020-08-01 14:00:00.000,2020,8,1,14,03005KT,15,03
2020-08-01 15:00:00.000,2020,8,1,15,12005KT,17,01
2020-08-01 16:00:00.000,2020,8,1,16,16012KT,,
2020-08-01 17:00:00.000,2020,8,1,17,15014KT,19,00
2020-08-01 18:00:00.000,2020,8,1,18,15012KT,20,02
2020-08-01 19:00:00.000,2020,8,1,19,17008KT,19,02
2020-08-01 20:00:00.000,2020,8,1,20,17012KT,18,04
2020-08-01 21:00:00.000,2020,8,1,21,14012KT,17,05
2020-08-01 22:00:00.000,2020,8,1,22,13010KT,16,03
2020-08-01 23:00:00.000,2020,8,1,23,13007KT,15,04
2020-08-02 00:00:00.000,2020,8,2,0,19009KT,15,05
2020-08-02 01:00:00.000,2020,8,2,1,26004KT,14,07
2020-08-02 02:00:00.000,2020,8,2,2,15005KT,12,07
2020-08-02 03:00:00.000,2020,8,2,3,VRB02KT,10,07
2020-08-02 04:00:00.000,2020,8,2,4,00000KT,10,07
2020-08-02 05:00:00.000,2020,8,2,5,06004KT,10,07
2020-08-02 06:00:00.000,2020,8,2,6,04003KT,09,07
2020-08-02 07:00:00.000,2020,8,2,7,03004KT,09,08
2020-08-02 08:00:00.000,2020,8,2,8,06003KT,09,07
2020-08-02 09:00:00.000,2020,8,2,9,06005KT,09,07
2020-08-02 10:00:00.000,2020,8,2,10,VRB02KT,08,06
2020-08-02 10:30:00.000,2020,8,2,10,13005KT,09,05
2020-08-02 11:00:00.000,2020,8,2,11,36003KT,07,05
2020-08-02 12:00:00.000,2020,8,2,12,04007KT,10,08
2020-08-02 13:00:00.000,2020,8,2,13,14005KT,14,06
2020-08-02 14:00:00.000,2020,8,2,14,VRB02KT,17,04
2020-08-02 15:00:00.000,2020,8,2,15,14010KT,18,01
2020-08-02 16:00:00.000,2020,8,2,16,16014KT,19,03
2020-08-02 17:00:00.000,2020,8,2,17,17015KT,20,03
2020-08-02 18:00:00.000,2020,8,2,18,18014KT,20,04
2020-08-02 19:00:00.000,2020,8,2,19,16015KT,20,04
2020-08-02 20:00:00.000,2020,8,2,20,18010KT,20,05
2020-08-02 21:00:00.000,2020,8,2,21,12008KT,19,05
2020-08-02 22:00:00.000,2020,8,2,22,24012KT,16,09
2020-08-02 23:00:00.000,2020,8,2,23,26009KT,15,09
2020-08-03 00:00:00.000,2020,8,3,0,14009KT,15,08
2020-08-03 01:00:00.000,2020,8,3,1,16006KT,15,07
2020-08-03 02:00:00.000,2020,8,3,2,14008KT,14,07
2020-08-03 03:00:00.000,2020,8,3,3,23005KT,14,07
2020-08-03 04:00:00.000,2020,8,3,4,02003KT,13,08
2020-08-03 05:00:00.000,2020,8,3,5,110004KT,13,08
2020-08-03 06:00:00.000,2020,8,3,6,19006KT,14,07
2020-08-03 07:00:00.000,2020,8,3,7,19006KT,13,07
2020-08-03 08:00:00.000,2020,8,3,8,36004KT,11,07
2020-08-03 09:00:00.000,2020,8,3,9,06003KT,10,07
2020-08-03 10:00:00.000,2020,8,3,10,VRB02KT,10,07
2020-08-03 10:30:00.000,2020,8,3,10,VRB02KT,11,07
2020-08-03 11:00:00.000,2020,8,3,11,19007KT,12,06
2020-08-03 12:00:00.000,2020,8,3,12,08003KT,13,07
2020-08-03 12:15:00.000,2020,8,3,12,15004KT,15,06
2020-08-03 13:00:00.000,2020,8,3,13,20003KT,16,07
2020-08-03 14:00:00.000,2020,8,3,14,15010KT,18,04
2020-08-03 15:00:00.000,2020,8,3,15,14010KT,18,04
2020-08-03 16:00:00.000,2020,8,3,16,15015KT,19,06
2020-08-03 17:00:00.000,2020,8,3,17,16012KT,17,05
2020-08-03 18:00:00.000,2020,8,3,18,18012KT,17,06
2020-08-03 19:00:00.000,2020,8,3,19,17012KT,18,05
2020-08-03 20:00:00.000,2020,8,3,20,21009KT,18,07
2020-08-03 21:00:00.000,2020,8,3,21,17012KT,18,07
2020-08-03 22:00:00.000,2020,8,3,22,16010KT,16,07
2020-08-03 23:00:00.000,2020,8,3,23,19009KT,15,07
2020-08-04 00:00:00.000,2020,8,4,0,20005KT,15,08
2020-08-04 01:00:00.000,2020,8,4,1,VRB02KT,14,07
2020-08-04 02:00:00.000,2020,8,4,2,03003KT,13,08
2020-08-04 03:00:00.000,2020,8,4,3,05007KT,13,06
2020-08-04 04:00:00.000,2020,8,4,4,07006KT,13,07
2020-08-04 05:00:00.000,2020,8,4,5,02004KT,12,08
2020-08-04 06:00:00.000,2020,8,4,6,06004KT,12,08
2020-08-04 07:00:00.000,2020,8,4,7,VRB02KT,12,09
2020-08-04 08:00:00.000,2020,8,4,8,16009KT,12,08
2020-08-04 09:00:00.000,2020,8,4,9,02003KT,11,08
2020-08-04 10:00:00.000,2020,8,4,10,13004KT,11,07
2020-08-04 10:30:00.000,2020,8,4,10,34004KT,10,08
2020-08-04 11:00:00.000,2020,8,4,11,05004KT,10,07
2020-08-04 13:00:00.000,2020,8,4,13,03005KT,13,09
2020-08-04 14:00:00.000,2020,8,4,14,15008KT,16,08
2020-08-04 15:00:00.000,2020,8,4,15,17014KT,16,08
2020-08-04 16:00:00.000,2020,8,4,16,16015KT,18,09
2020-08-04 17:00:00.000,2020,8,4,17,16010KT,18,08
2020-08-04 18:00:00.000,2020,8,4,18,15013KT,19,09
2020-08-04 19:00:00.000,2020,8,4,19,16013KT,18,08
2020-08-04 20:00:00.000,2020,8,4,20,11007KT,19,08
2020-08-04 21:00:00.000,2020,8,4,21,15014KT,18,08
2020-08-04 22:00:00.000,2020,8,4,22,13009KT,17,08
2020-08-04 23:00:00.000,2020,8,4,23,12007KT,17,08
2020-08-05 00:00:00.000,2020,8,5,0,17010KT,15,09
2020-08-05 01:00:00.000,2020,8,5,1,18007KT,15,09
2020-08-05 02:00:00.000,2020,8,5,2,16013KT,14,08
2020-08-05 03:00:00.000,2020,8,5,3,17009KT,14,08
2020-08-05 04:00:00.000,2020,8,5,4,15005KT,14,08
2020-08-05 05:00:00.000,2020,8,5,5,03006KT,12,10
2020-08-05 06:00:00.000,2020,8,5,6,32003KT,11,09
2020-08-05 07:00:00.000,2020,8,5,7,04005KT,11,10
2020-08-05 08:00:00.000,2020,8,5,8,35004KT,11,10
2020-08-05 09:00:00.000,2020,8,5,9,04006KT,12,10
2020-08-05 10:00:00.000,2020,8,5,10,03005KT,11,10
2020-08-05 10:30:00.000,2020,8,5,10,04004KT,11,10
2020-08-05 11:00:00.000,2020,8,5,11,VRB02KT,12,10
2020-08-05 12:00:00.000,2020,8,5,12,15010KT,13,09
2020-08-05 13:00:00.000,2020,8,5,13,19006KT,14,09
2020-08-05 14:00:00.000,2020,8,5,14,14004KT,15,08
2020-08-05 15:00:00.000,2020,8,5,15,16012KT,17,09
2020-08-05 16:00:00.000,2020,8,5,16,16014KT,17,09
2020-08-05 17:00:00.000,2020,8,5,17,15012KT,17,08
2020-08-05 18:00:00.000,2020,8,5,18,15015KT,17,09
2020-08-05 19:00:00.000,2020,8,5,19,16018KT,18,08
2020-08-05 20:00:00.000,2020,8,5,20,14017KT,17,08
2020-08-05 21:00:00.000,2020,8,5,21,15014KT,16,07
2020-08-05 22:00:00.000,2020,8,5,22,15012KT,16,08
2020-08-05 23:00:00.000,2020,8,5,23,14010KT,15,07
2020-08-06 00:00:00.000,2020,8,6,0,13009KT,13,07
2020-08-06 01:00:00.000,2020,8,6,1,13007KT,12,07
2020-08-06 02:00:00.000,2020,8,6,2,VRB02KT,12,08
2020-08-06 03:00:00.000,2020,8,6,3,05006KT,13,09
2020-08-06 04:00:00.000,2020,8,6,4,05006KT,13,09
2020-08-06 05:00:00.000,2020,8,6,5,04006KT,11,08
2020-08-06 06:00:00.000,2020,8,6,6,04005KT,11,08
2020-08-06 07:00:00.000,2020,8,6,7,09004KT,11,08
2020-08-06 08:00:00.000,2020,8,6,8,05004KT,10,08
2020-08-06 09:00:00.000,2020,8,6,9,VRB02KT,10,08
2020-08-06 10:00:00.000,2020,8,6,10,04004KT,10,08
2020-08-06 10:30:00.000,2020,8,6,10,05005KT,09,08
2020-08-06 11:00:00.000,2020,8,6,11,06005KT,10,08
2020-08-06 12:00:00.000,2020,8,6,12,06007KT,11,09
2020-08-06 13:00:00.000,2020,8,6,13,05007KT,13,09
2020-08-06 14:00:00.000,2020,8,6,14,10003KT,15,09
2020-08-06 15:00:00.000,2020,8,6,15,17006KT,15,10
2020-08-06 16:00:00.000,2020,8,6,16,16015KT,18,09
2020-08-06 17:00:00.000,2020,8,6,17,15015KT,17,08
2020-08-06 18:00:00.000,2020,8,6,18,16016KT,17,08
2020-08-06 19:00:00.000,2020,8,6,19,16011KT,18,08
2020-08-06 20:00:00.000,2020,8,6,20,13008KT,18,08
2020-08-06 21:00:00.000,2020,8,6,21,17014KT,18,08
2020-08-06 22:00:00.000,2020,8,6,22,15011KT,17,08
2020-08-06 23:00:00.000,2020,8,6,23,16009KT,15,07
2020-08-07 00:00:00.000,2020,8,7,0,16006KT,14,08
2020-08-07 01:00:00.000,2020,8,7,1,06006KT,15,08
2020-08-07 02:00:00.000,2020,8,7,2,06006KT,14,09
2020-08-07 03:00:00.000,2020,8,7,3,06005KT,13,10
2020-08-07 04:00:00.000,2020,8,7,4,06005KT,13,09
2020-08-07 05:00:00.000,2020,8,7,5,05004KT,12,10
2020-08-07 06:00:00.000,2020,8,7,6,04005KT,12,10
2020-08-07 07:00:00.000,2020,8,7,7,03005KT,12,09
2020-08-07 08:00:00.000,2020,8,7,8,03004KT,12,10
2020-08-07 09:00:00.000,2020,8,7,9,VRB02KT,12,10
2020-08-07 10:00:00.000,2020,8,7,10,03003KT,11,10
2020-08-07 10:30:00.000,2020,8,7,10,VRB02KT,11,10
2020-08-07 11:00:00.000,2020,8,7,11,03003KT,11,10
2020-08-07 12:00:00.000,2020,8,7,12,02004KT,12,10
2020-08-07 13:00:00.000,2020,8,7,13,VRB02KT,13,11
2020-08-07 14:00:00.000,2020,8,7,14,00000KT,14,11
2020-08-07 15:00:00.000,2020,8,7,15,13006KT,14,11
2020-08-07 16:00:00.000,2020,8,7,16,14005KT,17,11
2020-08-07 17:00:00.000,2020,8,7,17,15013KT,17,10
2020-08-07 18:00:00.000,2020,8,7,18,15012KT,17,09
2020-08-07 19:00:00.000,2020,8,7,19,14013KT,18,09
2020-08-07 20:00:00.000,2020,8,7,20,13010KT,17,09
2020-08-07 21:00:00.000,2020,8,7,21,11006KT,17,09
2020-08-07 22:00:00.000,2020,8,7,22,10006KT,16,10
2020-08-07 23:00:00.000,2020,8,7,23,17011KT,15,08
2020-08-08 00:00:00.000,2020,8,8,0,17007KT,15,08
2020-08-08 01:00:00.000,2020,8,8,1,10004KT,15,08
2020-08-08 02:00:00.000,2020,8,8,2,11005KT,15,09
2020-08-08 03:00:00.000,2020,8,8,3,VRB02KT,13,09
2020-08-08 04:00:00.000,2020,8,8,4,31003KT,13,09
2020-08-08 05:00:00.000,2020,8,8,5,02004KT,13,09
2020-08-08 06:00:00.000,2020,8,8,6,04003KT,12,10
2020-08-08 07:00:00.000,2020,8,8,7,02004KT,12,10
2020-08-08 08:00:00.000,2020,8,8,8,VRB02KT,12,10
2020-08-08 09:00:00.000,2020,8,8,9,05004KT,12,10
2020-08-08 10:00:00.000,2020,8,8,10,04004KT,11,10
2020-08-08 11:00:00.000,2020,8,8,11,05005KT,11,10
2020-08-08 12:00:00.000,2020,8,8,12,13005KT,13,11
2020-08-08 13:00:00.000,2020,8,8,13,14008KT,14,10
2020-08-08 14:00:00.000,2020,8,8,14,14010KT,15,11
2020-08-08 15:00:00.000,2020,8,8,15,16008KT,17,08
2020-08-08 16:00:00.000,2020,8,8,16,16010KT,17,09
2020-08-08 17:00:00.000,2020,8,8,17,15011KT,19,10
2020-08-08 18:00:00.000,2020,8,8,18,14012KT,18,09
2020-08-08 19:00:00.000,2020,8,8,19,16015KT,18,09
2020-08-08 20:00:00.000,2020,8,8,20,14014KT,17,09
2020-08-08 21:00:00.000,2020,8,8,21,17017KT,17,09
2020-08-08 22:00:00.000,2020,8,8,22,16016KT,16,09
2020-08-08 23:00:00.000,2020,8,8,23,16011KT,15,08
2020-08-09 00:00:00.000,2020,8,9,0,16011KT,13,08
2020-08-09 01:00:00.000,2020,8,9,1,14009KT,12,09
2020-08-09 02:00:00.000,2020,8,9,2,13006KT,13,09
2020-08-09 03:00:00.000,2020,8,9,3,10004KT,14,09
2020-08-09 04:00:00.000,2020,8,9,4,07005KT,13,09
2020-08-09 05:00:00.000,2020,8,9,5,07003KT,11,09
2020-08-09 06:00:00.000,2020,8,9,6,03004KT,11,09
2020-08-09 07:00:00.000,2020,8,9,7,04003KT,10,09
2020-08-09 08:00:00.000,2020,8,9,8,04004KT,11,09
2020-08-09 09:00:00.000,2020,8,9,9,04005KT,11,08
2020-08-09 10:00:00.000,2020,8,9,10,00000KT,10,08
2020-08-09 10:30:00.000,2020,8,9,10,03004KT,11,09
2020-08-09 11:00:00.000,2020,8,9,11,05004KT,11,09
2020-08-09 12:00:00.000,2020,8,9,12,24004KT,13,10
2020-08-09 13:00:00.000,2020,8,9,13,14004KT,15,10
2020-08-09 14:00:00.000,2020,8,9,14,14006KT,15,09
2020-08-09 15:00:00.000,2020,8,9,15,16011KT,17,09
2020-08-09 16:00:00.000,2020,8,9,16,13010KT,18,09
2020-08-09 17:00:00.000,2020,8,9,17,16014KT,18,08
2020-08-09 18:00:00.000,2020,8,9,18,14014KT,18,08
2020-08-09 19:00:00.000,2020,8,9,19,10012KT,18,09
2020-08-09 20:00:00.000,2020,8,9,20,14012KT,17,08
2020-08-09 21:00:00.000,2020,8,9,21,16010KT,18,08
2020-08-09 22:00:00.000,2020,8,9,22,14011KT,17,08
2020-08-09 23:00:00.000,2020,8,9,23,13010KT,16,08
2020-08-10 00:00:00.000,2020,8,10,0,13007KT,15,09
2020-08-10 01:00:00.000,2020,8,10,1,13004KT,13,08
2020-08-10 02:00:00.000,2020,8,10,2,08005KT,13,08
2020-08-10 03:00:00.000,2020,8,10,3,09004KT,13,09
2020-08-10 04:00:00.000,2020,8,10,4,VRB02KT,13,09
2020-08-10 05:00:00.000,2020,8,10,5,35003KT,11,09
2020-08-10 06:00:00.000,2020,8,10,6,VRB02KT,12,10
2020-08-10 07:00:00.000,2020,8,10,7,VRB02KT,12,10
2020-08-10 08:00:00.000,2020,8,10,8,00000KT,12,10
2020-08-10 09:00:00.000,2020,8,10,9,04003KT,11,10
2020-08-10 10:00:00.000,2020,8,10,10,04005KT,11,09
2020-08-10 10:30:00.000,2020,8,10,10,00000KT,12,10
2020-08-10 11:00:00.000,2020,8,10,11,VRB02KT,12,10
2020-08-10 12:00:00.000,2020,8,10,12,04005KT,12,11
2020-08-10 13:00:00.000,2020,8,10,13,02003KT,13,10
2020-08-10 14:00:00.000,2020,8,10,14,06004KT,15,11
2020-08-10 15:00:00.000,2020,8,10,15,17003KT,17,11
2020-08-10 16:00:00.000,2020,8,10,16,17012KT,16,09
2020-08-10 17:00:00.000,2020,8,10,17,17012KT,18,09
2020-08-10 18:00:00.000,2020,8,10,18,18010KT,19,09
2020-08-10 19:00:00.000,2020,8,10,19,18014KT,17,10
2020-08-10 20:00:00.000,2020,8,10,20,18011KT,18,09
2020-08-10 21:00:00.000,2020,8,10,21,17014KT,16,10
2020-08-10 22:00:00.000,2020,8,10,22,21006KT,16,10
2020-08-10 23:00:00.000,2020,8,10,23,16006KT,16,08
2020-08-11 00:00:00.000,2020,8,11,0,14007KT,15,09
2020-08-11 01:00:00.000,2020,8,11,1,VRB02KT,13,09
2020-08-11 02:00:00.000,2020,8,11,2,04005KT,13,10
2020-08-11 03:00:00.000,2020,8,11,3,05004KT,13,10
2020-08-11 04:00:00.000,2020,8,11,4,00000KT,12,10
2020-08-11 05:00:00.000,2020,8,11,5,03004KT,11,10
2020-08-11 06:00:00.000,2020,8,11,6,24003KT,12,10
2020-08-11 07:00:00.000,2020,8,11,7,VRB02KT,11,10
2020-08-11 08:00:00.000,2020,8,11,8,05003KT,11,10
2020-08-11 09:00:00.000,2020,8,11,9,VRB02KT,11,10
2020-08-11 10:00:00.000,2020,8,11,10,03003KT,11,10
2020-08-11 10:30:00.000,2020,8,11,10,03003KT,11,10
2020-08-11 11:00:00.000,2020,8,11,11,02003KT,11,10
2020-08-11 12:00:00.000,2020,8,11,12,04004KT,13,10
2020-08-11 13:00:00.000,2020,8,11,13,09005KT,17,10
2020-08-11 14:00:00.000,2020,8,11,14,08007KT,18,08
2020-08-11 15:00:00.000,2020,8,11,15,07006KT,18,08
2020-08-11 16:00:00.000,2020,8,11,16,10006KT,20,08
2020-08-11 17:00:00.000,2020,8,11,17,27008KT,20,08
2020-08-11 18:00:00.000,2020,8,11,18,29005KT,19,09
2020-08-11 19:00:00.000,2020,8,11,19,29005KT,18,11
2020-08-11 20:00:00.000,2020,8,11,20,27008KT,18,11
2020-08-11 21:00:00.000,2020,8,11,21,27006KT,17,13
2020-08-11 22:00:00.000,2020,8,11,22,27006KT,17,13
2020-08-11 23:00:00.000,2020,8,11,23,28006KT,16,12
2020-08-12 00:00:00.000,2020,8,12,0,24006KT,15,12
2020-08-12 01:00:00.000,2020,8,12,1,24003KT,13,11
2020-08-12 02:00:00.000,2020,8,12,2,32003KT,14,12
2020-08-12 03:00:00.000,2020,8,12,3,20003KT,14,10
2020-08-12 04:00:00.000,2020,8,12,4,03003KT,12,10
2020-08-12 05:00:00.000,2020,8,12,5,VRB02KT,13,10
2020-08-12 06:00:00.000,2020,8,12,6,02003KT,12,10
2020-08-12 07:00:00.000,2020,8,12,7,01003KT,12,10
2020-08-12 08:00:00.000,2020,8,12,8,VRB02KT,12,10
2020-08-12 09:00:00.000,2020,8,12,9,12003KT,12,10
2020-08-12 10:00:00.000,2020,8,12,10,VRB02KT,10,09
2020-08-12 10:30:00.000,2020,8,12,10,02003KT,10,09
2020-08-12 11:00:00.000,2020,8,12,11,VRB02KT,10,09
2020-08-12 12:00:00.000,2020,8,12,12,30005KT,11,10
2020-08-12 12:30:00.000,2020,8,12,12,VRB02KT,13,11
2020-08-12 13:00:00.000,2020,8,12,13,04004KT,15,11
2020-08-12 14:00:00.000,2020,8,12,14,06004KT,17,11
2020-08-12 15:00:00.000,2020,8,12,15,13008KT,19,09
2020-08-12 16:00:00.000,2020,8,12,16,08007KT,19,09
2020-08-12 17:00:00.000,2020,8,12,17,12007KT,18,10
2020-08-12 18:00:00.000,2020,8,12,18,12005KT,19,11
2020-08-12 19:00:00.000,2020,8,12,19,VRB03KT,19,11
2020-08-12 20:00:00.000,2020,8,12,20,VRB02KT,19,10
2020-08-12 21:00:00.000,2020,8,12,21,VRB02KT,20,10
2020-08-12 21:10:00.000,2020,8,12,21,28003KT,22,11
2020-08-12 22:00:00.000,2020,8,12,22,24009KT,19,12
2020-08-12 23:00:00.000,2020,8,12,23,25010KT,16,13
2020-08-13 00:00:00.000,2020,8,13,0,20008KT,14,12
2020-08-13 00:15:00.000,2020,8,13,0,28003KT,14,12
2020-08-13 01:00:00.000,2020,8,13,1,27005KT,14,13
2020-08-13 02:00:00.000,2020,8,13,2,27005KT,14,13
2020-08-13 03:00:00.000,2020,8,13,3,17005KT,13,12
2020-08-13 04:00:00.000,2020,8,13,4,36003KT,12,11
2020-08-13 05:00:00.000,2020,8,13,5,06006KT,12,10
2020-08-13 06:00:00.000,2020,8,13,6,05003KT,12,10
2020-08-13 07:00:00.000,2020,8,13,7,21003KT,13,11
2020-08-13 08:00:00.000,2020,8,13,8,31004KT,12,10
2020-08-13 09:00:00.000,2020,8,13,9,VRB02KT,12,10
2020-08-13 10:00:00.000,2020,8,13,10,04005KT,12,10
2020-08-13 10:30:00.000,2020,8,13,10,05006KT,12,10
2020-08-13 11:00:00.000,2020,8,13,11,04005KT,12,10
2020-08-13 12:00:00.000,2020,8,13,12,VRB02KT,13,11
2020-08-13 13:00:00.000,2020,8,13,13,01003KT,15,11
2020-08-13 14:00:00.000,2020,8,13,14,10004KT,18,12
2020-08-13 15:00:00.000,2020,8,13,15,12007KT,18,10
2020-08-13 15:30:00.000,2020,8,13,15,11009KT,20,10
2020-08-13 16:00:00.000,2020,8,13,16,13010KT,19,09
2020-08-13 17:00:00.000,2020,8,13,17,11007KT,20,09
2020-08-13 18:00:00.000,2020,8,13,18,12011KT,19,09
2020-08-13 19:00:00.000,2020,8,13,19,10010KT,20,09
2020-08-13 20:00:00.000,2020,8,13,20,12010KT,19,08
2020-08-13 21:00:00.000,2020,8,13,21,11008KT,17,09
2020-08-13 22:00:00.000,2020,8,13,22,12008KT,17,08
2020-08-13 23:00:00.000,2020,8,13,23,07005KT,16,09
2020-08-14 00:00:00.000,2020,8,14,0,05003KT,15,10
2020-08-14 01:00:00.000,2020,8,14,1,VRB03KT,15,08
2020-08-14 02:00:00.000,2020,8,14,2,11006KT,14,09
2020-08-14 03:00:00.000,2020,8,14,3,10006KT,13,09
2020-08-14 04:00:00.000,2020,8,14,4,10006KT,14,09
2020-08-14 05:00:00.000,2020,8,14,5,10004KT,14,09
2020-08-14 06:00:00.000,2020,8,14,6,06003KT,14,08
2020-08-14 07:00:00.000,2020,8,14,7,VRB03KT,13,09
2020-08-14 08:00:00.000,2020,8,14,8,08004KT,12,09
2020-08-14 09:00:00.000,2020,8,14,9,35004KT,12,10
2020-08-14 10:00:00.000,2020,8,14,10,02005KT,13,10
2020-08-14 10:30:00.000,2020,8,14,10,03004KT,13,10
2020-08-14 11:00:00.000,2020,8,14,11,VRB02KT,12,10
2020-08-14 12:00:00.000,2020,8,14,12,VRB02KT,13,10
2020-08-14 13:00:00.000,2020,8,14,13,VRB02KT,15,10
2020-08-14 14:00:00.000,2020,8,14,14,VRB02KT,16,10
2020-08-14 15:00:00.000,2020,8,14,15,04006KT,16,10
2020-08-14 16:00:00.000,2020,8,14,16,02006KT,17,10
2020-08-14 16:06:00.000,2020,8,14,16,05004KT,16,11
2020-08-14 17:00:00.000,2020,8,14,17,34005KT,17,11
2020-08-14 18:00:00.000,2020,8,14,18,36006KT,17,12
2020-08-14 19:00:00.000,2020,8,14,19,04010KT,17,11
2020-08-14 20:00:00.000,2020,8,14,20,04009KT,18,11
2020-08-14 21:00:00.000,2020,8,14,21,35006KT,17,11
2020-08-14 22:00:00.000,2020,8,14,22,08010KT,17,10
2020-08-14 23:00:00.000,2020,8,14,23,VRB02KT,16,10
2020-08-15 00:00:00.000,2020,8,15,0,VRB02KT,14,11
2020-08-15 01:00:00.000,2020,8,15,1,VRB02KT,14,10
2020-08-15 02:00:00.000,2020,8,15,2,VRB02KT,14,11
2020-08-15 03:00:00.000,2020,8,15,3,03006KT,13,10
2020-08-15 04:00:00.000,2020,8,15,4,02003KT,12,10
2020-08-15 05:00:00.000,2020,8,15,5,05004KT,12,10
2020-08-15 06:00:00.000,2020,8,15,6,05005KT,12,10
2020-08-15 07:00:00.000,2020,8,15,7,05005KT,13,10
2020-08-15 08:00:00.000,2020,8,15,8,04004KT,12,10
2020-08-15 09:00:00.000,2020,8,15,9,06003KT,11,09
2020-08-15 10:00:00.000,2020,8,15,10,01003KT,11,09
2020-08-15 10:30:00.000,2020,8,15,10,07006KT,12,10
2020-08-15 11:00:00.000,2020,8,15,11,05007KT,12,10
2020-08-15 12:00:00.000,2020,8,15,12,04008KT,13,10
2020-08-15 13:00:00.000,2020,8,15,13,05006KT,13,11
2020-08-15 14:00:00.000,2020,8,15,14,06005KT,17,10
2020-08-15 15:00:00.000,2020,8,15,15,11007KT,17,08
2020-08-15 16:00:00.000,2020,8,15,16,VRB05KT,18,08
2020-08-15 17:00:00.000,2020,8,15,17,17007KT,19,07
2020-08-15 18:00:00.000,2020,8,15,18,11006KT,20,06
2020-08-15 19:00:00.000,2020,8,15,19,16008KT,20,07
2020-08-15 20:00:00.000,2020,8,15,20,11008KT,19,11
2020-08-15 21:00:00.000,2020,8,15,21,15013KT,18,08
2020-08-15 22:00:00.000,2020,8,15,22,12006KT,18,08
2020-08-15 23:00:00.000,2020,8,15,23,31005KT,15,10
2020-08-16 00:00:00.000,2020,8,16,0,33006KT,13,11
2020-08-16 01:00:00.000,2020,8,16,1,33006KT,12,11
2020-08-16 02:00:00.000,2020,8,16,2,VRB02KT,12,11
2020-08-16 03:00:00.000,2020,8,16,3,04007KT,10,10
2020-08-16 04:00:00.000,2020,8,16,4,32006KT,09,08
2020-08-16 05:00:00.000,2020,8,16,5,32003KT,09,08
2020-08-16 06:00:00.000,2020,8,16,6,34003KT,09,08
2020-08-16 07:00:00.000,2020,8,16,7,05007KT,10,09
2020-08-16 08:00:00.000,2020,8,16,8,05003KT,11,09
2020-08-16 09:00:00.000,2020,8,16,9,34003KT,10,08
2020-08-16 10:00:00.000,2020,8,16,10,05006KT,11,09
2020-08-16 10:30:00.000,2020,8,16,10,05009KT,11,09
2020-08-16 11:00:00.000,2020,8,16,11,02008KT,11,09
2020-08-16 12:00:00.000,2020,8,16,12,02005KT,12,09
2020-08-16 13:00:00.000,2020,8,16,13,09005KT,15,09
2020-08-16 14:00:00.000,2020,8,16,14,06008KT,17,06
2020-08-16 15:00:00.000,2020,8,16,15,06009KT,16,09
2020-08-16 16:00:00.000,2020,8,16,16,04009KT,17,08
2020-08-16 17:00:00.000,2020,8,16,17,15010KT,18,08
2020-08-16 18:00:00.000,2020,8,16,18,08005KT,18,08
2020-08-16 19:00:00.000,2020,8,16,19,10004KT,19,08
2020-08-16 20:00:00.000,2020,8,16,20,06012KT,19,07
2020-08-16 21:00:00.000,2020,8,16,21,07004KT,18,07
2020-08-16 22:00:00.000,2020,8,16,22,12008KT,19,07
2020-08-16 23:00:00.000,2020,8,16,23,13004KT,17,07
2020-08-17 00:00:00.000,2020,8,17,0,26003KT,13,11
2020-08-17 01:00:00.000,2020,8,17,1,VRB02KT,12,10
2020-08-17 02:00:00.000,2020,8,17,2,32003KT,11,10
2020-08-17 02:20:00.000,2020,8,17,2,29004KT,11,10
2020-08-17 03:00:00.000,2020,8,17,3,31003KT,12,11
2020-08-17 03:30:00.000,2020,8,17,3,34005KT,11,11
2020-08-17 04:00:00.000,2020,8,17,4,VRB02KT,11,10
2020-08-17 05:00:00.000,2020,8,17,5,VRB02KT,11,11
2020-08-17 06:00:00.000,2020,8,17,6,30003KT,11,11
2020-08-17 07:00:00.000,2020,8,17,7,33003KT,09,09
2020-08-17 08:00:00.000,2020,8,17,8,03003KT,08,08
2020-08-17 09:00:00.000,2020,8,17,9,00000KT,10,09
2020-08-17 10:00:00.000,2020,8,17,10,VRB02KT,09,09
2020-08-17 10:30:00.000,2020,8,17,10,25003KT,09,09
2020-08-17 11:00:00.000,2020,8,17,11,33003KT,09,09
2020-08-17 12:00:00.000,2020,8,17,12,VRB02KT,10,10
2020-08-17 13:00:00.000,2020,8,17,13,VRB02KT,12,11
2020-08-17 14:00:00.000,2020,8,17,14,34004KT,13,11
2020-08-17 15:00:00.000,2020,8,17,15,32003KT,15,10
2020-08-17 16:00:00.000,2020,8,17,16,VRB02KT,17,10
2020-08-17 17:00:00.000,2020,8,17,17,23005KT,17,10
2020-08-17 18:00:00.000,2020,8,17,18,25007KT,16,11
2020-08-17 18:15:00.000,2020,8,17,18,20010KT,15,11
2020-08-17 19:00:00.000,2020,8,17,19,24006KT,14,11
2020-08-17 19:10:00.000,2020,8,17,19,25006KT,14,12
2020-08-17 20:00:00.000,2020,8,17,20,35007KT,14,11
2020-08-17 21:00:00.000,2020,8,17,21,03003KT,13,12
2020-08-17 22:00:00.000,2020,8,17,22,VRB02KT,14,11
2020-08-17 23:00:00.000,2020,8,17,23,32005KT,14,12
2020-08-18 00:00:00.000,2020,8,18,0,VRB02KT,13,12
2020-08-18 01:00:00.000,2020,8,18,1,VRB02KT,13,12
2020-08-18 02:00:00.000,2020,8,18,2,VRB02KT,12,11
2020-08-18 03:00:00.000,2020,8,18,3,35004KT,12,11
2020-08-18 04:00:00.000,2020,8,18,4,VRB02KT,11,10
2020-08-18 05:00:00.000,2020,8,18,5,VRB02KT,10,09
2020-08-18 06:00:00.000,2020,8,18,6,29004KT,10,09
2020-08-18 07:00:00.000,2020,8,18,7,VRB02KT,10,10
2020-08-18 08:00:00.000,2020,8,18,8,VRB02KT,09,09
2020-08-18 09:00:00.000,2020,8,18,9,VRB02KT,08,08
2020-08-18 10:00:00.000,2020,8,18,10,02003KT,08,08
2020-08-18 10:30:00.000,2020,8,18,10,VRB02KT,08,07
2020-08-18 11:00:00.000,2020,8,18,11,VRB02KT,08,07
2020-08-18 12:00:00.000,2020,8,18,12,03003KT,09,09
2020-08-18 12:30:00.000,2020,8,18,12,VRB02KT,10,10
2020-08-18 13:00:00.000,2020,8,18,13,03004KT,11,11
2020-08-18 14:00:00.000,2020,8,18,14,VRB02KT,14,12
2020-08-18 15:00:00.000,2020,8,18,15,30004KT,17,11
2020-08-18 16:00:00.000,2020,8,18,16,34005KT,19,11
2020-08-18 17:00:00.000,2020,8,18,17,34004KT,19,10
2020-08-18 18:00:00.000,2020,8,18,18,27014KT,19,13
2020-08-18 19:00:00.000,2020,8,18,19,26013KT,17,12
2020-08-18 20:00:00.000,2020,8,18,20,28012KT,17,12
2020-08-18 21:00:00.000,2020,8,18,21,26008KT,17,12
2020-08-18 22:00:00.000,2020,8,18,22,27007KT,16,12
2020-08-18 23:00:00.000,2020,8,18,23,25005KT,16,13
2020-08-19 00:00:00.000,2020,8,19,0,VRB02KT,14,12
2020-08-19 01:00:00.000,2020,8,19,1,VRB02KT,14,12
2020-08-19 02:00:00.000,2020,8,19,2,VRB02KT,14,12
2020-08-19 03:00:00.000,2020,8,19,3,28003KT,14,12
2020-08-19 04:00:00.000,2020,8,19,4,VRB02KT,13,11
2020-08-19 05:00:00.000,2020,8,19,5,36003KT,12,12
2020-08-19 06:00:00.000,2020,8,19,6,00000KT,13,12
2020-08-19 07:00:00.000,2020,8,19,7,32003KT,13,12
2020-08-19 08:00:00.000,2020,8,19,8,VRB02KT,11,11
2020-08-19 09:00:00.000,2020,8,19,9,33003KT,11,10
2020-08-19 10:00:00.000,2020,8,19,10,00000KT,11,11
2020-08-19 10:30:00.000,2020,8,19,10,VRB02KT,10,10
2020-08-19 11:00:00.000,2020,8,19,11,06003KT,11,11
2020-08-19 12:00:00.000,2020,8,19,12,33004KT,12,11
2020-08-19 13:00:00.000,2020,8,19,13,04004KT,13,12
2020-08-19 14:00:00.000,2020,8,19,14,05004KT,16,11
2020-08-19 15:00:00.000,2020,8,19,15,11006KT,16,10
2020-08-19 16:00:00.000,2020,8,19,16,08006KT,18,10
2020-08-19 17:00:00.000,2020,8,19,17,08009KT,19,10
2020-08-19 18:00:00.000,2020,8,19,18,11006KT,20,08
2020-08-19 19:00:00.000,2020,8,19,19,05014KT,21,08
2020-08-19 20:00:00.000,2020,8,19,20,VRB06KT,20,09
2020-08-19 21:00:00.000,2020,8,19,21,25009KT,16,11
2020-08-19 22:00:00.000,2020,8,19,22,28006KT,15,12
2020-08-19 23:00:00.000,2020,8,19,23,31007KT,15,13
2020-08-20 00:00:00.000,2020,8,20,0,26004KT,14,12
2020-08-20 00:10:00.000,2020,8,20,0,26004KT,14,12
2020-08-20 01:00:00.000,2020,8,20,1,VRB02KT,14,12
2020-08-20 02:00:00.000,2020,8,20,2,VRB02KT,13,12
2020-08-20 03:00:00.000,2020,8,20,3,VRB02KT,12,11
2020-08-20 04:00:00.000,2020,8,20,4,VRB02KT,12,11
2020-08-20 05:00:00.000,2020,8,20,5,VRB02KT,10,10
2020-08-20 06:00:00.000,2020,8,20,6,VRB02KT,10,10
2020-08-20 07:00:00.000,2020,8,20,7,VRB02KT,09,09
2020-08-20 08:00:00.000,2020,8,20,8,VRB02KT,11,11
2020-08-20 09:00:00.000,2020,8,20,9,34003KT,10,10
2020-08-20 10:00:00.000,2020,8,20,10,VRB02KT,09,09
2020-08-20 10:30:00.000,2020,8,20,10,04003KT,10,10
2020-08-20 11:00:00.000,2020,8,20,11,VRB02KT,10,10
2020-08-20 12:00:00.000,2020,8,20,12,00000KT,12,11
2020-08-20 13:00:00.000,2020,8,20,13,02003KT,13,11
2020-08-20 14:00:00.000,2020,8,20,14,VRB03KT,16,12
2020-08-20 15:00:00.000,2020,8,20,15,36004KT,18,10
2020-08-20 16:00:00.000,2020,8,20,16,15004KT,18,09
2020-08-20 17:00:00.000,2020,8,20,17,16007G17KT,19,08
2020-08-20 18:00:00.000,2020,8,20,18,14015KT,18,07
2020-08-20 19:00:00.000,2020,8,20,19,15004KT,19,08
2020-08-20 20:00:00.000,2020,8,20,20,25003KT,20,07
2020-08-20 21:00:00.000,2020,8,20,21,24010KT,17,11
2020-08-20 22:00:00.000,2020,8,20,22,21004KT,15,11
2020-08-20 23:00:00.000,2020,8,20,23,32004KT,14,12
2020-08-21 00:00:00.000,2020,8,21,0,03003KT,13,12
2020-08-21 01:00:00.000,2020,8,21,1,VRB02KT,14,13
2020-08-21 02:00:00.000,2020,8,21,2,00000KT,13,11
2020-08-21 03:00:00.000,2020,8,21,3,VRB02KT,13,10
2020-08-21 04:00:00.000,2020,8,21,4,05006KT,12,10
2020-08-21 05:00:00.000,2020,8,21,5,00000KT,11,10
2020-08-21 06:00:00.000,2020,8,21,6,07006KT,12,10
2020-08-21 07:00:00.000,2020,8,21,7,00000KT,12,10
2020-08-21 08:00:00.000,2020,8,21,8,04006KT,12,10
2020-08-21 09:00:00.000,2020,8,21,9,VRB02KT,11,10
2020-08-21 10:00:00.000,2020,8,21,10,VRB02KT,11,09
2020-08-21 10:30:00.000,2020,8,21,10,05004KT,11,09
2020-08-21 11:00:00.000,2020,8,21,11,05006KT,11,10
2020-08-21 12:00:00.000,2020,8,21,12,05008KT,13,11
2020-08-21 13:00:00.000,2020,8,21,13,06007KT,15,11
2020-08-21 14:00:00.000,2020,8,21,14,04008KT,16,11
2020-08-21 14:27:00.000,2020,8,21,14,11006KT,18,10
2020-08-21 15:00:00.000,2020,8,21,15,06006KT,18,09
2020-08-21 16:00:00.000,2020,8,21,16,14006KT,20,07
2020-08-21 17:00:00.000,2020,8,21,17,16009KT,19,06
2020-08-21 18:00:00.000,2020,8,21,18,15011KT,19,07
2020-08-21 19:00:00.000,2020,8,21,19,14007KT,19,06
2020-08-21 20:00:00.000,2020,8,21,20,16007KT,19,06
2020-08-21 21:00:00.000,2020,8,21,21,31005KT,18,08
2020-08-21 22:00:00.000,2020,8,21,22,30009KT,17,12
2020-08-21 23:00:00.000,2020,8,21,23,25005KT,15,12
2020-08-22 00:00:00.000,2020,8,22,0,22004KT,14,11
2020-08-22 01:00:00.000,2020,8,22,1,25006KT,14,10
2020-08-22 01:25:00.000,2020,8,22,1,22008KT,14,11
2020-08-22 02:00:00.000,2020,8,22,2,23009KT,13,11
2020-08-22 03:00:00.000,2020,8,22,3,22004KT,12,10
2020-08-22 04:00:00.000,2020,8,22,4,07008KT,12,10
2020-08-22 05:00:00.000,2020,8,22,5,16004KT,12,09
2020-08-22 06:00:00.000,2020,8,22,6,22004KT,12,10
2020-08-22 07:00:00.000,2020,8,22,7,16004KT,12,08
2020-08-22 08:00:00.000,2020,8,22,8,VRB02KT,11,09
2020-08-22 09:00:00.000,2020,8,22,9,VRB02KT,12,10
2020-08-22 10:00:00.000,2020,8,22,10,VRB02KT,11,09
2020-08-22 10:30:00.000,2020,8,22,10,VRB02KT,11,09
2020-08-22 11:00:00.000,2020,8,22,11,VRB02KT,11,09
2020-08-22 12:00:00.000,2020,8,22,12,VRB02KT,11,10
2020-08-22 13:00:00.000,2020,8,22,13,VRB02KT,13,09
2020-08-22 14:00:00.000,2020,8,22,14,12004KT,15,09
2020-08-22 15:00:00.000,2020,8,22,15,15005KT,17,09
2020-08-22 16:00:00.000,2020,8,22,16,02003KT,19,09
2020-08-22 17:00:00.000,2020,8,22,17,23007KT,16,10
2020-08-22 18:00:00.000,2020,8,22,18,24010KT,15,09
2020-08-22 18:10:00.000,2020,8,22,18,23009KT,15,10
2020-08-22 19:00:00.000,2020,8,22,19,25004KT,16,11
2020-08-22 20:00:00.000,2020,8,22,20,28004KT,18,10
2020-08-22 21:00:00.000,2020,8,22,21,VRB02KT,18,10
2020-08-22 22:00:00.000,2020,8,22,22,24008KT,17,11
2020-08-22 23:00:00.000,2020,8,22,23,25008KT,16,10
2020-08-23 00:00:00.000,2020,8,23,0,VRB02KT,13,11
2020-08-23 01:00:00.000,2020,8,23,1,VRB02KT,12,11
2020-08-23 02:00:00.000,2020,8,23,2,02003KT,12,11
2020-08-23 03:00:00.000,2020,8,23,3,VRB02KT,12,11
2020-08-23 04:00:00.000,2020,8,23,4,04004KT,12,11
2020-08-23 05:00:00.000,2020,8,23,5,02004KT,11,10
2020-08-23 06:00:00.000,2020,8,23,6,00000KT,11,10
2020-08-23 07:00:00.000,2020,8,23,7,35003KT,10,09
2020-08-23 08:00:00.000,2020,8,23,8,VRB02KT,11,10
2020-08-23 09:00:00.000,2020,8,23,9,VRB02KT,11,10
2020-08-23 10:00:00.000,2020,8,23,10,VRB02KT,11,10
2020-08-23 10:30:00.000,2020,8,23,10,06003KT,11,09
2020-08-23 11:00:00.000,2020,8,23,11,VRB02KT,10,09
2020-08-23 12:00:00.000,2020,8,23,12,32003KT,11,10
2020-08-23 13:00:00.000,2020,8,23,13,07003KT,14,10
2020-08-23 14:00:00.000,2020,8,23,14,23003KT,16,09
2020-08-23 15:00:00.000,2020,8,23,15,27004KT,17,09
2020-08-23 16:00:00.000,2020,8,23,16,27005KT,19,09
2020-08-23 17:00:00.000,2020,8,23,17,28005KT,19,09
2020-08-23 18:00:00.000,2020,8,23,18,27009KT,15,11
2020-08-23 19:00:00.000,2020,8,23,19,29010KT,16,11
2020-08-23 20:00:00.000,2020,8,23,20,29006KT,16,11
2020-08-23 21:00:00.000,2020,8,23,21,13006KT,17,11
2020-08-23 22:00:00.000,2020,8,23,22,07005KT,15,11
2020-08-23 23:00:00.000,2020,8,23,23,02003KT,14,11
2020-08-24 00:00:00.000,2020,8,24,0,24006KT,14,11
2020-08-24 01:00:00.000,2020,8,24,1,03005KT,13,11
2020-08-24 02:00:00.000,2020,8,24,2,05004KT,12,10
2020-08-24 03:00:00.000,2020,8,24,3,04005KT,12,10
2020-08-24 04:00:00.000,2020,8,24,4,04005KT,12,10
2020-08-24 05:00:00.000,2020,8,24,5,05003KT,12,10
2020-08-24 06:00:00.000,2020,8,24,6,VRB02KT,11,10
2020-08-24 07:00:00.000,2020,8,24,7,06003KT,12,10
2020-08-24 08:00:00.000,2020,8,24,8,06004KT,11,10
2020-08-24 09:00:00.000,2020,8,24,9,32005KT,11,10
2020-08-24 10:00:00.000,2020,8,24,10,36003KT,11,09
2020-08-24 10:30:00.000,2020,8,24,10,09003KT,11,09
2020-08-24 11:00:00.000,2020,8,24,11,08004KT,11,10
2020-08-24 13:00:00.000,2020,8,24,13,04004KT,15,11
2020-08-24 14:00:00.000,2020,8,24,14,10006KT,17,08
2020-08-24 15:00:00.000,2020,8,24,15,04005KT,19,09
2020-08-24 16:00:00.000,2020,8,24,16,03007KT,21,09
2020-08-24 17:00:00.000,2020,8,24,17,VRB08KT,22,08
2020-08-24 18:00:00.000,2020,8,24,18,VRB06KT,22,06
2020-08-24 19:00:00.000,2020,8,24,19,VRB06KT,22,11
2020-08-24 20:00:00.000,2020,8,24,20,25009KT,21,12
2020-08-24 20:20:00.000,2020,8,24,20,30010KT,18,12
2020-08-24 21:00:00.000,2020,8,24,21,32011KT,15,13
2020-08-24 22:00:00.000,2020,8,24,22,27009KT,14,13
2020-08-24 23:00:00.000,2020,8,24,23,VRB02KT,13,12
2020-08-25 00:00:00.000,2020,8,25,0,02003KT,13,12
2020-08-25 01:00:00.000,2020,8,25,1,35004KT,13,12
2020-08-25 02:00:00.000,2020,8,25,2,05003KT,13,12
2020-08-25 04:00:00.000,2020,8,25,4,00000KT,12,10
2020-08-25 05:00:00.000,2020,8,25,5,VRB02KT,12,10
2020-08-25 06:00:00.000,2020,8,25,6,VRB02KT,11,09
2020-08-25 07:00:00.000,2020,8,25,7,05005KT,11,09
2020-08-25 08:00:00.000,2020,8,25,8,04003KT,11,09
2020-08-25 09:00:00.000,2020,8,25,9,35003KT,10,09
2020-08-25 10:00:00.000,2020,8,25,10,VRB02KT,10,09
2020-08-25 10:30:00.000,2020,8,25,10,04003KT,09,08
2020-08-25 11:00:00.000,2020,8,25,11,VRB02KT,09,08
2020-08-25 12:00:00.000,2020,8,25,12,04005KT,11,10
2020-08-25 12:22:00.000,2020,8,25,12,06004KT,13,10
2020-08-25 13:00:00.000,2020,8,25,13,36003KT,15,10
2020-08-25 14:00:00.000,2020,8,25,14,VRB02KT,17,08
2020-08-25 15:00:00.000,2020,8,25,15,VRB02KT,19,08
2020-08-25 16:00:00.000,2020,8,25,16,VRB02KT,19,07
2020-08-25 17:00:00.000,2020,8,25,17,25008KT,20,10
2020-08-25 18:00:00.000,2020,8,25,18,24009KT,20,11
2020-08-25 19:00:00.000,2020,8,25,19,23007KT,20,11
2020-08-25 20:00:00.000,2020,8,25,20,23012KT,18,12
2020-08-25 21:00:00.000,2020,8,25,21,26008KT,16,11
2020-08-25 22:00:00.000,2020,8,25,22,31008KT,15,12
2020-08-25 23:00:00.000,2020,8,25,23,30006KT,15,13
2020-08-26 00:00:00.000,2020,8,26,0,31004KT,14,12
2020-08-26 01:00:00.000,2020,8,26,1,VRB02KT,13,11
2020-08-26 02:00:00.000,2020,8,26,2,VRB02KT,12,09
2020-08-26 03:00:00.000,2020,8,26,3,VRB02KT,11,09
2020-08-26 04:00:00.000,2020,8,26,4,VRB02KT,10,09
2020-08-26 05:00:00.000,2020,8,26,5,VRB02KT,10,09
2020-08-26 06:00:00.000,2020,8,26,6,VRB02KT,10,09
2020-08-26 07:00:00.000,2020,8,26,7,VRB02KT,10,09
2020-08-26 08:00:00.000,2020,8,26,8,VRB02KT,10,09
2020-08-26 09:00:00.000,2020,8,26,9,VRB02KT,10,09
2020-08-26 10:00:00.000,2020,8,26,10,VRB02KT,08,08
2020-08-26 10:30:00.000,2020,8,26,10,VRB02KT,07,07
2020-08-26 11:00:00.000,2020,8,26,11,02004KT,07,07
2020-08-26 12:00:00.000,2020,8,26,12,02004KT,10,09
2020-08-26 13:00:00.000,2020,8,26,13,05006KT,12,10
2020-08-26 14:00:00.000,2020,8,26,14,06005KT,16,08
2020-08-26 15:00:00.000,2020,8,26,15,03003KT,17,08
2020-08-26 16:00:00.000,2020,8,26,16,19003KT,17,08
2020-08-26 17:00:00.000,2020,8,26,17,VRB02KT,19,09
2020-08-26 18:00:00.000,2020,8,26,18,02003KT,19,07
2020-08-26 19:00:00.000,2020,8,26,19,04006KT,19,08
2020-08-26 20:00:00.000,2020,8,26,20,27010KT,17,12
2020-08-26 20:17:00.000,2020,8,26,20,27008KT,17,12
2020-08-26 21:00:00.000,2020,8,26,21,31004KT,15,12
2020-08-26 22:00:00.000,2020,8,26,22,27007KT,15,13
2020-08-26 23:00:00.000,2020,8,26,23,30004KT,14,12
2020-08-27 00:00:00.000,2020,8,27,0,32006KT,13,12
2020-08-27 01:00:00.000,2020,8,27,1,VRB02KT,12,11
2020-08-27 02:00:00.000,2020,8,27,2,VRB02KT,13,12
2020-08-27 03:00:00.000,2020,8,27,3,01003KT,11,10
2020-08-27 04:00:00.000,2020,8,27,4,VRB02KT,12,11
2020-08-27 05:00:00.000,2020,8,27,5,VRB02KT,12,11
2020-08-27 06:00:00.000,2020,8,27,6,33003KT,10,09
2020-08-27 07:00:00.000,2020,8,27,7,33004KT,10,09
2020-08-27 08:00:00.000,2020,8,27,8,VRB02KT,10,09
2020-08-27 09:00:00.000,2020,8,27,9,VRB02KT,10,09
2020-08-27 10:00:00.000,2020,8,27,10,22003KT,10,09
2020-08-27 10:30:00.000,2020,8,27,10,33004KT,09,08
2020-08-27 11:00:00.000,2020,8,27,11,31003KT,09,09
2020-08-27 12:00:00.000,2020,8,27,12,VRB02KT,12,11
2020-08-27 13:00:00.000,2020,8,27,13,05005KT,14,09
2020-08-27 14:00:00.000,2020,8,27,14,06005KT,15,09
2020-08-27 15:00:00.000,2020,8,27,15,36006KT,16,10
2020-08-27 16:00:00.000,2020,8,27,16,15009KT,18,08
2020-08-27 17:00:00.000,2020,8,27,17,07012KT,19,09
2020-08-27 18:00:00.000,2020,8,27,18,06009KT,19,08
2020-08-27 19:00:00.000,2020,8,27,19,08005KT,19,08
2020-08-27 20:00:00.000,2020,8,27,20,06008KT,20,08
2020-08-27 21:00:00.000,2020,8,27,21,08009KT,19,08
2020-08-27 22:00:00.000,2020,8,27,22,08004KT,18,08
2020-08-27 23:00:00.000,2020,8,27,23,12012KT,17,06
2020-08-28 00:00:00.000,2020,8,28,0,13008KT,16,07
2020-08-28 01:00:00.000,2020,8,28,1,13003KT,14,06
2020-08-28 02:00:00.000,2020,8,28,2,10004KT,14,06
2020-08-28 03:00:00.000,2020,8,28,3,07004KT,13,07
2020-08-28 04:00:00.000,2020,8,28,4,08003KT,12,08
2020-08-28 05:00:00.000,2020,8,28,5,07003KT,13,08
2020-08-28 06:00:00.000,2020,8,28,6,03004KT,12,09
2020-08-28 07:00:00.000,2020,8,28,7,06005KT,13,08
2020-08-28 08:00:00.000,2020,8,28,8,05005KT,12,08
2020-08-28 09:00:00.000,2020,8,28,9,VRB02KT,12,08
2020-08-28 10:00:00.000,2020,8,28,10,29004KT,11,07
2020-08-28 10:30:00.000,2020,8,28,10,28003KT,10,08
2020-08-28 11:00:00.000,2020,8,28,11,VRB02KT,08,06
2020-08-28 12:00:00.000,2020,8,28,12,VRB02KT,13,10
2020-08-28 13:00:00.000,2020,8,28,13,07004KT,16,08
2020-08-28 14:00:00.000,2020,8,28,14,05008KT,17,08
2020-08-28 15:00:00.000,2020,8,28,15,08007KT,17,07
2020-08-28 16:00:00.000,2020,8,28,16,10012KT,19,06
2020-08-28 17:00:00.000,2020,8,28,17,12012KT,19,07
2020-08-28 18:00:00.000,2020,8,28,18,08014KT,20,06
2020-08-28 19:00:00.000,2020,8,28,19,07012KT,20,06
2020-08-28 20:00:00.000,2020,8,28,20,09010KT,20,04
2020-08-28 21:00:00.000,2020,8,28,21,11010KT,21,03
2020-08-28 22:00:00.000,2020,8,28,22,12012KT,20,02
2020-08-28 23:00:00.000,2020,8,28,23,14013KT,17,02
2020-08-29 00:00:00.000,2020,8,29,0,10007KT,17,03
2020-08-29 01:00:00.000,2020,8,29,1,01005KT,14,06
2020-08-29 02:00:00.000,2020,8,29,2,06005KT,14,07
2020-08-29 03:00:00.000,2020,8,29,3,01004KT,13,07
2020-08-29 04:00:00.000,2020,8,29,4,32004KT,11,07
2020-08-29 05:00:00.000,2020,8,29,5,VRB02KT,10,08
2020-08-29 06:00:00.000,2020,8,29,6,VRB02KT,10,08
2020-08-29 07:00:00.000,2020,8,29,7,VRB02KT,09,07
2020-08-29 08:00:00.000,2020,8,29,8,VRB02KT,07,06
2020-08-29 09:00:00.000,2020,8,29,9,VRB02KT,08,07
2020-08-29 10:00:00.000,2020,8,29,10,03005KT,06,05
2020-08-29 10:30:00.000,2020,8,29,10,VRB02KT,06,05
2020-08-29 11:00:00.000,2020,8,29,11,VRB002KT,07,06
2020-08-29 12:00:00.000,2020,8,29,12,VRB02KT,10,09
2020-08-29 13:00:00.000,2020,8,29,13,VRB02KT,13,09
2020-08-29 13:30:00.000,2020,8,29,13,35004KT,15,08
2020-08-29 14:00:00.000,2020,8,29,14,VRB02KT,16,06
2020-08-29 14:40:00.000,2020,8,29,14,01003KT,18,06
2020-08-29 15:00:00.000,2020,8,29,15,VRB04KT,18,04
2020-08-29 16:00:00.000,2020,8,29,16,VRB03KT,19,05
2020-08-29 17:00:00.000,2020,8,29,17,32006KT,20,05
2020-08-29 18:00:00.000,2020,8,29,18,29009KT,21,08
2020-08-29 19:00:00.000,2020,8,29,19,27014KT,20,10
2020-08-29 20:00:00.000,2020,8,29,20,26014KT,19,10
2020-08-29 21:00:00.000,2020,8,29,21,26012KT,17,10
2020-08-29 21:10:00.000,2020,8,29,21,28011KT,16,10
2020-08-29 22:00:00.000,2020,8,29,22,29009KT,16,11
2020-08-29 23:00:00.000,2020,8,29,23,30009KT,14,10
2020-08-29 23:10:00.000,2020,8,29,23,32006KT,14,10
2020-08-30 00:00:00.000,2020,8,30,0,31003KT,13,11
2020-08-30 01:00:00.000,2020,8,30,1,31007KT,13,10
2020-08-30 02:00:00.000,2020,8,30,2,31003KT,12,11
2020-08-30 03:00:00.000,2020,8,30,3,24005KT,13,11
2020-08-30 04:00:00.000,2020,8,30,4,22004KT,13,10
2020-08-30 05:00:00.000,2020,8,30,5,26005KT,13,10
2020-08-30 06:00:00.000,2020,8,30,6,26004KT,12,10
2020-08-30 07:00:00.000,2020,8,30,7,28004KT,12,10
2020-08-30 08:00:00.000,2020,8,30,8,35004KT,11,09
2020-08-30 09:00:00.000,2020,8,30,9,28004KT,11,09
2020-08-30 10:00:00.000,2020,8,30,10,30004KT,11,09
2020-08-30 10:30:00.000,2020,8,30,10,31004KT,10,08
2020-08-30 11:00:00.000,2020,8,30,11,32004KT,10,08
2020-08-30 12:00:00.000,2020,8,30,12,24004KT,12,09
2020-08-30 13:00:00.000,2020,8,30,13,26006KT,13,09
2020-08-30 14:00:00.000,2020,8,30,14,23006KT,14,09
2020-08-30 15:00:00.000,2020,8,30,15,24011KT,15,09
2020-08-30 16:00:00.000,2020,8,30,16,24008KT,16,09
2020-08-30 17:00:00.000,2020,8,30,17,26008KT,16,08
2020-08-30 18:00:00.000,2020,8,30,18,25010KT,16,07
2020-08-30 19:00:00.000,2020,8,30,19,25008KT,16,08
2020-08-30 20:00:00.000,2020,8,30,20,28009KT,17,07
2020-08-30 21:00:00.000,2020,8,30,21,25006KT,16,08
2020-08-30 22:00:00.000,2020,8,30,22,29004KT,17,07
2020-08-30 23:00:00.000,2020,8,30,23,31005KT,15,08
2020-08-31 00:00:00.000,2020,8,31,0,33004KT,12,09
2020-08-31 01:00:00.000,2020,8,31,1,31004KT,12,09
2020-08-31 02:00:00.000,2020,8,31,2,VRB02KT,12,10
2020-08-31 03:00:00.000,2020,8,31,3,02003KT,11,10
2020-08-31 04:00:00.000,2020,8,31,4,32003KT,11,10
2020-08-31 05:00:00.000,2020,8,31,5,VRB02KT,10,09
2020-08-31 06:00:00.000,2020,8,31,6,VRB02KT,09,08
2020-08-31 07:00:00.000,2020,8,31,7,VRB02KT,09,09
2020-08-31 08:00:00.000,2020,8,31,8,32003KT,09,09
2020-08-31 09:00:00.000,2020,8,31,9,29003KT,09,08
2020-08-31 10:00:00.000,2020,8,31,10,00000KT,09,08
2020-08-31 10:30:00.000,2020,8,31,10,00000KT,08,07
2020-08-31 11:00:00.000,2020,8,31,11,VRB02KT,08,08
2020-08-31 12:00:00.000,2020,8,31,12,VRB02KT,10,09
2020-08-31 13:00:00.000,2020,8,31,13,04004KT,14,09
2020-08-31 14:00:00.000,2020,8,31,14,VRB03KT,17,09
2020-08-31 15:00:00.000,2020,8,31,15,14004KT,18,09
2020-08-31 16:00:00.000,2020,8,31,16,20005KT,18,08
2020-08-31 17:00:00.000,2020,8,31,17,24008KT,18,10
2020-08-31 18:00:00.000,2020,8,31,18,22009KT,18,09
2020-08-31 19:00:00.000,2020,8,31,19,29008KT,17,11
2020-08-31 20:00:00.000,2020,8,31,20,28008KT,18,11
2020-08-31 21:00:00.000,2020,8,31,21,27006KT,19,11
2020-08-31 22:00:00.000,2020,8,31,22,31008KT,17,11
2020-08-31 23:00:00.000,2020,8,31,23,26005KT,14,12
2020-09-01 00:00:00.000,2020,9,1,0,24005KT,14,12
2020-09-01 01:00:00.000,2020,9,1,1,23007KT,13,09
2020-09-01 02:00:00.000,2020,9,1,2,VRB02KT,12,09
2020-09-01 03:00:00.000,2020,9,1,3,VRB02KT,12,10
2020-09-01 04:00:00.000,2020,9,1,4,VRB02KT,12,10
2020-09-01 05:00:00.000,2020,9,1,5,VRB02KT,12,10
2020-09-01 06:00:00.000,2020,9,1,6,VRB02KT,11,10
2020-09-01 07:00:00.000,2020,9,1,7,07003KT,11,10
2020-09-01 08:00:00.000,2020,9,1,8,05003KT,12,10
2020-09-01 09:00:00.000,2020,9,1,9,VRB02KT,11,10
2020-09-01 10:00:00.000,2020,9,1,10,34003KT,11,09
2020-09-01 10:30:00.000,2020,9,1,10,02003KT,11,09
2020-09-01 11:00:00.000,2020,9,1,11,VRB02KT,10,09
2020-09-01 12:00:00.000,2020,9,1,12,11004KT,13,10
2020-09-01 13:00:00.000,2020,9,1,13,14007KT,15,08
2020-09-01 14:00:00.000,2020,9,1,14,16007KT,18,09
2020-09-01 15:00:00.000,2020,9,1,15,16006KT,18,07
2020-09-01 16:00:00.000,2020,9,1,16,17009KT,17,08
2020-09-01 17:00:00.000,2020,9,1,17,18009KT,17,08
2020-09-01 18:00:00.000,2020,9,1,18,07004KT,19,09
2020-09-01 19:00:00.000,2020,9,1,19,19005KT,20,07
2020-09-01 20:00:00.000,2020,9,1,20,23006KT,20,09
2020-09-01 21:00:00.000,2020,9,1,21,24010KT,19,11
2020-09-01 22:00:00.000,2020,9,1,22,24009KT,18,10
2020-09-01 23:00:00.000,2020,9,1,23,25008KT,16,11
2020-09-02 00:00:00.000,2020,9,2,0,28007KT,15,12
2020-09-02 00:15:00.000,2020,9,2,0,29008KT,15,12
2020-09-02 01:00:00.000,2020,9,2,1,25006KT,14,11
2020-09-02 02:00:00.000,2020,9,2,2,27004KT,14,11
2020-09-02 03:00:00.000,2020,9,2,3,35004KT,13,11
2020-09-02 04:00:00.000,2020,9,2,4,VRB02KT,13,11
2020-09-02 05:00:00.000,2020,9,2,5,VRB02KT,12,11
2020-09-02 06:00:00.000,2020,9,2,6,VRB02KT,12,12
2020-09-02 07:00:00.000,2020,9,2,7,VRB02KT,12,11
2020-09-02 08:00:00.000,2020,9,2,8,28004KT,13,11
2020-09-02 09:00:00.000,2020,9,2,9,VRB02KT,12,11
2020-09-02 10:00:00.000,2020,9,2,10,VRB02KT,12,11
2020-09-02 10:30:00.000,2020,9,2,10,30004KT,12,11
2020-09-02 11:00:00.000,2020,9,2,11,VRB02KT,12,11
2020-09-02 11:10:00.000,2020,9,2,11,30003KT,12,11
2020-09-02 12:00:00.000,2020,9,2,12,31005KT,12,11
2020-09-02 13:00:00.000,2020,9,2,13,32004KT,13,11
2020-09-02 14:00:00.000,2020,9,2,14,31003KT,13,11
2020-09-02 15:00:00.000,2020,9,2,15,33003KT,15,12
2020-09-02 16:00:00.000,2020,9,2,16,26004KT,17,10
2020-09-02 17:00:00.000,2020,9,2,17,27011KT,16,10
2020-09-02 17:30:00.000,2020,9,2,17,22010KT,14,11
2020-09-02 18:00:00.000,2020,9,2,18,22006KT,14,11
2020-09-02 18:30:00.000,2020,9,2,18,22005KT,14,11
2020-09-02 19:00:00.000,2020,9,2,19,22004KT,15,11
2020-09-02 20:00:00.000,2020,9,2,20,23007KT,15,11
2020-09-02 21:00:00.000,2020,9,2,21,23006KT,14,10
2020-09-02 22:00:00.000,2020,9,2,22,25003KT,14,11
2020-09-02 23:00:00.000,2020,9,2,23,29003KT,14,09
2020-09-03 00:00:00.000,2020,9,3,0,02004KT,12,10
2020-09-03 01:00:00.000,2020,9,3,1,VRB02KT,12,11
2020-09-03 02:00:00.000,2020,9,3,2,00000KT,12,11
2020-09-03 03:00:00.000,2020,9,3,3,VRB02KT,12,11
2020-09-03 04:00:00.000,2020,9,3,4,35003KT,12,11
2020-09-03 05:00:00.000,2020,9,3,5,VRB02KT,12,11
2020-09-03 06:00:00.000,2020,9,3,6,02004KT,12,11
2020-09-03 07:00:00.000,2020,9,3,7,VRB02KT,12,11
2020-09-03 08:00:00.000,2020,9,3,8,VRB02KT,12,11
2020-09-03 09:00:00.000,2020,9,3,9,VRB02KT,12,11
2020-09-03 10:00:00.000,2020,9,3,10,00000KT,11,10
2020-09-03 10:30:00.000,2020,9,3,10,VRB02KT,11,10
2020-09-03 11:00:00.000,2020,9,3,11,VRB02KT,11,10
2020-09-03 12:00:00.000,2020,9,3,12,04005KT,12,11
2020-09-03 13:00:00.000,2020,9,3,13,29004KT,14,12
2020-09-03 14:00:00.000,2020,9,3,14,10004KT,15,10
2020-09-03 15:00:00.000,2020,9,3,15,11003KT,17,09
2020-09-03 16:00:00.000,2020,9,3,16,15011KT,18,08
2020-09-03 17:00:00.000,2020,9,3,17,16014KT,19,07
2020-09-03 18:00:00.000,2020,9,3,18,18012KT,20,08
2020-09-03 19:00:00.000,2020,9,3,19,18010KT,20,07
2020-09-03 20:00:00.000,2020,9,3,20,19009KT,20,08
2020-09-03 21:00:00.000,2020,9,3,21,16010KT,19,07
2020-09-03 22:00:00.000,2020,9,3,22,25009KT,17,12
2020-09-03 23:00:00.000,2020,9,3,23,23009KT,16,11
2020-09-04 00:00:00.000,2020,9,4,0,23004KT,15,10
2020-09-04 01:00:00.000,2020,9,4,1,VRB02KT,13,11
2020-09-04 02:00:00.000,2020,9,4,2,36003KT,13,11
2020-09-04 03:00:00.000,2020,9,4,3,06004KT,13,10
2020-09-04 04:00:00.000,2020,9,4,4,15010KT,14,09
2020-09-04 06:00:00.000,2020,9,4,6,32003KT,12,08
2020-09-04 07:00:00.000,2020,9,4,7,00000KT,12,09
2020-09-04 08:00:00.000,2020,9,4,8,01004KT,11,09
2020-09-04 09:00:00.000,2020,9,4,9,VRB02KT,10,08
2020-09-04 10:00:00.000,2020,9,4,10,VRB02KT,10,08
2020-09-04 10:30:00.000,2020,9,4,10,05003KT,11,09
2020-09-04 11:00:00.000,2020,9,4,11,VRB02KT,11,09
2020-09-04 12:00:00.000,2020,9,4,12,VRB02KT,12,10
2020-09-04 13:00:00.000,2020,9,4,13,10005KT,16,10
2020-09-04 14:00:00.000,2020,9,4,14,12007KT,17,08
2020-09-04 15:00:00.000,2020,9,4,15,17012KT,17,08
2020-09-04 16:00:00.000,2020,9,4,16,15011KT,18,10
2020-09-04 17:00:00.000,2020,9,4,17,17011KT,19,08
2020-09-04 18:00:00.000,2020,9,4,18,16011KT,19,07
2020-09-04 19:00:00.000,2020,9,4,19,09008KT,20,07
2020-09-04 20:00:00.000,2020,9,4,20,11009KT,21,08
2020-09-04 21:00:00.000,2020,9,4,21,12008KT,19,08
2020-09-04 22:00:00.000,2020,9,4,22,12009KT,19,07
2020-09-04 23:00:00.000,2020,9,4,23,14007KT,17,08
2020-09-05 00:00:00.000,2020,9,5,0,16005KT,16,08
2020-09-05 00:30:00.000,2020,9,5,0,11007KT,15,10
2020-09-05 01:00:00.000,2020,9,5,1,13007KT,13,10
2020-09-05 02:00:00.000,2020,9,5,2,05004KT,13,11
2020-09-05 03:00:00.000,2020,9,5,3,VRB02KT,12,10
2020-09-05 04:00:00.000,2020,9,5,4,VRB02KT,11,10
2020-09-05 05:00:00.000,2020,9,5,5,09004KT,13,10
2020-09-05 06:00:00.000,2020,9,5,6,08003KT,13,09
2020-09-05 07:00:00.000,2020,9,5,7,32004KT,11,09
2020-09-05 08:00:00.000,2020,9,5,8,34003KT,11,09
2020-09-05 09:00:00.000,2020,9,5,9,32003KT,11,09
2020-09-05 10:00:00.000,2020,9,5,10,VRB02KT,09,08
2020-09-05 10:30:00.000,2020,9,5,10,01004KT,09,08
2020-09-05 11:00:00.000,2020,9,5,11,VRB02KT,10,09
2020-09-05 12:00:00.000,2020,9,5,12,08004KT,13,11
2020-09-05 13:00:00.000,2020,9,5,13,12006KT,16,08
2020-09-05 14:00:00.000,2020,9,5,14,12008KT,17,08
2020-09-05 15:00:00.000,2020,9,5,15,12010KT,19,08
2020-09-05 16:00:00.000,2020,9,5,16,12012KT,20,05
2020-09-05 17:00:00.000,2020,9,5,17,14009KT,20,06
2020-09-05 18:00:00.000,2020,9,5,18,12010KT,21,06
2020-09-05 19:00:00.000,2020,9,5,19,14014KT,21,07
2020-09-05 20:00:00.000,2020,9,5,20,13010KT,21,05
2020-09-05 21:00:00.000,2020,9,5,21,08007KT,21,04
2020-09-05 22:00:00.000,2020,9,5,22,15004KT,20,05
2020-09-05 23:00:00.000,2020,9,5,23,24008KT,16,11
2020-09-06 00:00:00.000,2020,9,6,0,26004KT,15,11
2020-09-06 01:00:00.000,2020,9,6,1,VRB02KT,12,10
2020-09-06 02:00:00.000,2020,9,6,2,VRB02KT,12,11
2020-09-06 03:00:00.000,2020,9,6,3,VRB02KT,12,11
2020-09-06 04:00:00.000,2020,9,6,4,14007KT,14,08
2020-09-06 05:00:00.000,2020,9,6,5,15006KT,12,09
2020-09-06 06:00:00.000,2020,9,6,6,17007KT,11,10
2020-09-06 07:00:00.000,2020,9,6,7,VRB02KT,11,09
2020-09-06 08:00:00.000,2020,9,6,8,13004KT,11,10
2020-09-06 09:00:00.000,2020,9,6,9,01004KT,10,09
2020-09-06 10:00:00.000,2020,9,6,10,08004KT,10,09
2020-09-06 10:30:00.000,2020,9,6,10,05005KT,11,09
2020-09-06 11:00:00.000,2020,9,6,11,07005KT,11,09
2020-09-06 12:00:00.000,2020,9,6,12,05006KT,12,10
2020-09-06 13:00:00.000,2020,9,6,13,VRB03KT,14,10
2020-09-06 14:00:00.000,2020,9,6,14,19004KT,15,09
2020-09-06 15:00:00.000,2020,9,6,15,VRB02KT,17,09
2020-09-06 16:00:00.000,2020,9,6,16,VRB03KT,18,09
2020-09-06 17:00:00.000,2020,9,6,17,10006KT,17,09
2020-09-06 18:00:00.000,2020,9,6,18,03007KT,18,10
2020-09-06 19:00:00.000,2020,9,6,19,08008KT,19,08
2020-09-06 20:00:00.000,2020,9,6,20,07010KT,19,07
2020-09-06 21:00:00.000,2020,9,6,21,22004KT,18,10
2020-09-06 22:00:00.000,2020,9,6,22,25006KT,18,09
2020-09-06 23:00:00.000,2020,9,6,23,25006KT,16,10
2020-09-07 00:00:00.000,2020,9,7,0,32005KT,12,10
2020-09-07 01:00:00.000,2020,9,7,1,04003KT,11,09
2020-09-07 02:00:00.000,2020,9,7,2,VRB02KT,11,09
2020-09-07 03:00:00.000,2020,9,7,3,36003KT,10,08
2020-09-07 04:00:00.000,2020,9,7,4,VRB02KT,09,08
2020-09-07 05:00:00.000,2020,9,7,5,32004KT,07,06
2020-09-07 07:00:00.000,2020,9,7,7,VRB02KT,06,05
2020-09-07 08:00:00.000,2020,9,7,8,VRB02KT,06,06
2020-09-07 09:00:00.000,2020,9,7,9,30004KT,05,04
2020-09-07 10:00:00.000,2020,9,7,10,31003KT,04,04
2020-09-07 10:30:00.000,2020,9,7,10,VRB02KT,04,04
2020-09-07 11:00:00.000,2020,9,7,11,VRB02KT,04,04
2020-09-07 12:00:00.000,2020,9,7,12,36003KT,07,06
2020-09-07 13:00:00.000,2020,9,7,13,02004KT,10,10
2020-09-07 13:35:00.000,2020,9,7,13,VRB02KT,14,12
2020-09-07 14:00:00.000,2020,9,7,14,34003KT,14,10
2020-09-07 15:00:00.000,2020,9,7,15,28003KT,17,08
2020-09-07 16:00:00.000,2020,9,7,16,VRB02KT,18,08
2020-09-07 17:00:00.000,2020,9,7,17,10004KT,18,08
2020-09-07 17:25:00.000,2020,9,7,17,31006KT,17,08
2020-09-07 18:00:00.000,2020,9,7,18,28007KT,19,09
2020-09-07 19:00:00.000,2020,9,7,19,26009KT,16,11
2020-09-07 20:00:00.000,2020,9,7,20,26008KT,18,10
2020-09-07 21:00:00.000,2020,9,7,21,25008KT,18,11
2020-09-07 22:00:00.000,2020,9,7,22,26010KT,17,10
2020-09-07 23:00:00.000,2020,9,7,23,31005KT,15,10
2020-09-08 00:00:00.000,2020,9,8,0,25004KT,14,10
2020-09-08 01:00:00.000,2020,9,8,1,33004KT,12,10
2020-09-08 02:00:00.000,2020,9,8,2,VRB02KT,14,09
2020-09-08 03:00:00.000,2020,9,8,3,13007KT,13,10
2020-09-08 04:00:00.000,2020,9,8,4,07006KT,12,10
2020-09-08 05:00:00.000,2020,9,8,5,05009KT,11,09
2020-09-08 06:00:00.000,2020,9,8,6,05006KT,11,09
2020-09-08 07:00:00.000,2020,9,8,7,03005KT,10,08
2020-09-08 08:00:00.000,2020,9,8,8,03004KT,10,09
2020-09-08 09:00:00.000,2020,9,8,9,27003KT,10,09
2020-09-08 10:00:00.000,2020,9,8,10,07003KT,10,09
2020-09-08 10:30:00.000,2020,9,8,10,28003KT,10,09
2020-09-08 11:00:00.000,2020,9,8,11,VRB02KT,10,09
2020-09-08 12:00:00.000,2020,9,8,12,30004KT,11,09
2020-09-08 13:00:00.000,2020,9,8,13,02004KT,12,10
2020-09-08 14:00:00.000,2020,9,8,14,VRB02KT,14,10
2020-09-08 15:00:00.000,2020,9,8,15,VRB02KT,17,10
2020-09-08 16:00:00.000,2020,9,8,16,14006KT,17,09
2020-09-08 17:00:00.000,2020,9,8,17,15013KT,20,08
2020-09-08 18:00:00.000,2020,9,8,18,22009KT,20,10
2020-09-08 19:00:00.000,2020,9,8,19,24012KT,19,11
2020-09-08 20:00:00.000,2020,9,8,20,25013KT,17,10
2020-09-08 21:00:00.000,2020,9,8,21,29008KT,15,11
2020-09-08 22:00:00.000,2020,9,8,22,32009KT,14,11
2020-09-08 23:00:00.000,2020,9,8,23,30006KT,12,10
2020-09-09 00:00:00.000,2020,9,9,0,26004KT,12,09
2020-09-09 01:00:00.000,2020,9,9,1,VRB02KT,11,09
2020-09-09 02:00:00.000,2020,9,9,2,VRB02KT,10,09
2020-09-09 03:00:00.000,2020,9,9,3,VRB02KT,10,09
2020-09-09 04:00:00.000,2020,9,9,4,03004KT,09,08
2020-09-09 05:00:00.000,2020,9,9,5,VRB02KT,08,08
2020-09-09 06:00:00.000,2020,9,9,6,VRB02KT,08,08
2020-09-09 07:05:00.000,2020,9,9,7,05003KT,08,08
2020-09-09 08:00:00.000,2020,9,9,8,33003KT,05,05
2020-09-09 09:00:00.000,2020,9,9,9,34003KT,04,04
2020-09-09 10:00:00.000,2020,9,9,10,VRB02KT,03,03
2020-09-09 10:30:00.000,2020,9,9,10,VRB02KT,03,03
2020-09-09 11:00:00.000,2020,9,9,11,02003KT,04,04
2020-09-09 12:00:00.000,2020,9,9,12,VRB02KT,07,06
2020-09-09 12:20:00.000,2020,9,9,12,03003KT,09,08
2020-09-09 13:00:00.000,2020,9,9,13,03004KT,11,10
2020-09-09 14:00:00.000,2020,9,9,14,05004KT,14,09
2020-09-09 15:00:00.000,2020,9,9,15,02006KT,16,08
2020-09-09 16:00:00.000,2020,9,9,16,04007KT,18,09
2020-09-09 17:00:00.000,2020,9,9,17,36007KT,19,08
2020-09-09 20:00:00.000,2020,9,9,20,32005KT,13,10
2020-09-09 21:00:00.000,2020,9,9,21,34003KT,14,10
2020-09-09 22:00:00.000,2020,9,9,22,32003KT,14,10
2020-09-09 23:00:00.000,2020,9,9,23,00000KT,13,10
2020-09-10 00:00:00.000,2020,9,10,0,36004KT,12,10
2020-09-10 01:00:00.000,2020,9,10,1,VRB02KT,12,10
2020-09-10 02:00:00.000,2020,9,10,2,31004KT,11,09
2020-09-10 03:00:00.000,2020,9,10,3,VRB02KT,11,09
2020-09-10 04:00:00.000,2020,9,10,4,VRB02KT,12,08
2020-09-10 05:00:00.000,2020,9,10,5,28003KT,12,09
2020-09-10 06:00:00.000,2020,9,10,6,VRB02KT,11,08
2020-09-10 07:00:00.000,2020,9,10,7,00000KT,10,08
2020-09-10 08:00:00.000,2020,9,10,8,00000KT,09,08
2020-09-10 09:00:00.000,2020,9,10,9,VRB02KT,08,07
2020-09-10 10:00:00.000,2020,9,10,10,35003KT,07,06
2020-09-10 10:30:00.000,2020,9,10,10,VRB02KT,07,06
2020-09-10 11:00:00.000,2020,9,10,11,32003KT,08,07
2020-09-10 12:00:00.000,2020,9,10,12,VRB02KT,11,10
2020-09-10 12:35:00.000,2020,9,10,12,04004KT,13,09
2020-09-10 13:00:00.000,2020,9,10,13,03004KT,14,09
2020-09-10 13:35:00.000,2020,9,10,13,VRB02KT,17,09
2020-09-10 14:00:00.000,2020,9,10,14,15004KT,17,08
2020-09-10 15:00:00.000,2020,9,10,15,VRB02KT,18,07
2020-09-10 16:00:00.000,2020,9,10,16,34003KT,18,07
2020-09-10 17:00:00.000,2020,9,10,17,16009KT,19,07
2020-09-10 18:00:00.000,2020,9,10,18,20007KT,19,06
2020-09-10 19:00:00.000,2020,9,10,19,20004KT,19,07
2020-09-10 20:00:00.000,2020,9,10,20,36003KT,18,09
2020-09-10 21:00:00.000,2020,9,10,21,24010KT,17,11
2020-09-10 22:00:00.000,2020,9,10,22,25009KT,16,11
2020-09-10 23:00:00.000,2020,9,10,23,25006KT,15,11
2020-09-11 00:00:00.000,2020,9,11,0,32005KT,14,11
2020-09-11 01:00:00.000,2020,9,11,1,32003KT,12,10
2020-09-11 02:00:00.000,2020,9,11,2,22003KT,13,11
2020-09-11 03:00:00.000,2020,9,11,3,VRB02KT,12,11
2020-09-11 04:00:00.000,2020,9,11,4,VRB02KT,12,11
2020-09-11 05:00:00.000,2020,9,11,5,30003KT,12,11
2020-09-11 06:00:00.000,2020,9,11,6,33003KT,12,11
2020-09-11 07:00:00.000,2020,9,11,7,00000KT,12,11
2020-09-11 08:00:00.000,2020,9,11,8,32003KT,12,11
2020-09-11 09:00:00.000,2020,9,11,9,00000KT,11,10
2020-09-11 10:00:00.000,2020,9,11,10,VRB02KT,10,09
2020-09-11 10:30:00.000,2020,9,11,10,VRB02KT,10,09
2020-09-11 11:00:00.000,2020,9,11,11,04005KT,10,09
2020-09-11 12:00:00.000,2020,9,11,12,VRB02KT,12,11
2020-09-11 13:00:00.000,2020,9,11,13,01003KT,15,10
2020-09-11 14:00:00.000,2020,9,11,14,VRB02KT,17,09
2020-09-11 15:00:00.000,2020,9,11,15,17007KT,17,08
2020-09-11 16:00:00.000,2020,9,11,16,16008KT,20,08
2020-09-11 17:00:00.000,2020,9,11,17,16008KT,19,07
2020-09-11 18:00:00.000,2020,9,11,18,28004KT,19,11
2020-09-11 19:00:00.000,2020,9,11,19,25008KT,18,11
2020-09-11 20:00:00.000,2020,9,11,20,25008KT,17,11
2020-09-11 21:00:00.000,2020,9,11,21,27004KT,17,11
2020-09-11 22:00:00.000,2020,9,11,22,23006KT,16,11
2020-09-11 23:00:00.000,2020,9,11,23,27004KT,16,12
2020-09-12 00:00:00.000,2020,9,12,0,23004KT,15,11
2020-09-12 01:00:00.000,2020,9,12,1,VRB02KT,13,11
2020-09-12 02:00:00.000,2020,9,12,2,25003KT,14,11
2020-09-12 03:00:00.000,2020,9,12,3,20005KT,15,09
2020-09-12 04:00:00.000,2020,9,12,4,19006KT,14,09
2020-09-12 05:00:00.000,2020,9,12,5,VRB02KT,12,08
2020-09-12 06:00:00.000,2020,9,12,6,30003KT,10,09
2020-09-12 07:00:00.000,2020,9,12,7,05003KT,10,09
2020-09-12 08:00:00.000,2020,9,12,8,05006KT,11,09
2020-09-12 09:00:00.000,2020,9,12,9,03004KT,10,08
2020-09-12 10:00:00.000,2020,9,12,10,36003KT,10,08
2020-09-12 10:30:00.000,2020,9,12,10,03003KT,09,08
2020-09-12 11:00:00.000,2020,9,12,11,02004KT,08,07
2020-09-12 12:00:00.000,2020,9,12,12,02003KT,11,10
2020-09-12 12:15:00.000,2020,9,12,12,05004KT,13,11
2020-09-12 13:00:00.000,2020,9,12,13,06004KT,15,10
2020-09-12 14:00:00.000,2020,9,12,14,VRB02KT,18,10
2020-09-12 15:00:00.000,2020,9,12,15,35004KT,17,08
2020-09-12 15:30:00.000,2020,9,12,15,VRB02KT,19,07
2020-09-12 16:00:00.000,2020,9,12,16,17005KT,20,08
2020-09-12 17:00:00.000,2020,9,12,17,11008KT,19,07
2020-09-12 18:00:00.000,2020,9,12,18,12007KT,20,07
2020-09-12 19:00:00.000,2020,9,12,19,28009KT,18,12
2020-09-12 20:00:00.000,2020,9,12,20,27010KT,17,12
2020-09-12 21:00:00.000,2020,9,12,21,33006KT,17,12
2020-09-12 22:00:00.000,2020,9,12,22,33006KT,16,11
2020-09-12 23:00:00.000,2020,9,12,23,01004KT,15,10
2020-09-13 00:00:00.000,2020,9,13,0,33003KT,14,10
2020-09-13 01:00:00.000,2020,9,13,1,01003KT,12,10
2020-09-13 02:00:00.000,2020,9,13,2,05004KT,12,09
2020-09-13 03:00:00.000,2020,9,13,3,13006KT,14,08
2020-09-13 04:00:00.000,2020,9,13,4,VRB02KT,12,08
2020-09-13 05:00:00.000,2020,9,13,5,02003KT,11,09
2020-09-13 06:00:00.000,2020,9,13,6,02004KT,11,09
2020-09-13 07:00:00.000,2020,9,13,7,VRB02KT,11,09
2020-09-13 08:00:00.000,2020,9,13,8,VRB02KT,10,09
2020-09-13 09:00:00.000,2020,9,13,9,35003KT,10,09
2020-09-13 10:00:00.000,2020,9,13,10,27004KT,10,09
2020-09-13 10:30:00.000,2020,9,13,10,03004KT,10,09
2020-09-13 11:00:00.000,2020,9,13,11,03004KT,11,09
2020-09-13 12:00:00.000,2020,9,13,12,08005KT,12,10
2020-09-13 13:00:00.000,2020,9,13,13,12006KT,16,08
2020-09-13 14:00:00.000,2020,9,13,14,15012KT,17,08
2020-09-13 15:00:00.000,2020,9,13,15,16011KT,17,08
2020-09-13 16:00:00.000,2020,9,13,16,15016KT,17,08
2020-09-13 17:00:00.000,2020,9,13,17,12011KT,17,08
2020-09-13 18:00:00.000,2020,9,13,18,15014KT,19,08
2020-09-13 19:00:00.000,2020,9,13,19,12013KT,19,07
2020-09-13 20:00:00.000,2020,9,13,20,13011KT,18,06
2020-09-13 21:00:00.000,2020,9,13,21,13011KT,19,07
2020-09-13 22:00:00.000,2020,9,13,22,10010KT,17,07
2020-09-13 23:00:00.000,2020,9,13,23,15011KT,16,07
2020-09-14 00:00:00.000,2020,9,14,0,17011KT,15,07
2020-09-14 01:00:00.000,2020,9,14,1,19004KT,14,07
2020-09-14 02:00:00.000,2020,9,14,2,34004KT,12,08
2020-09-14 03:00:00.000,2020,9,14,3,36004KT,09,07
2020-09-14 04:00:00.000,2020,9,14,4,06005KT,10,08
2020-09-14 05:00:00.000,2020,9,14,5,VRB02KT,10,08
2020-09-14 06:00:00.000,2020,9,14,6,VRB02KT,10,08
2020-09-14 07:00:00.000,2020,9,14,7,02003KT,09,07
2020-09-14 08:00:00.000,2020,9,14,8,35003KT,08,07
2020-09-14 09:00:00.000,2020,9,14,9,VRB02KT,07,06
2020-09-14 10:00:00.000,2020,9,14,10,VRB02KT,06,06
2020-09-14 10:30:00.000,2020,9,14,10,02004KT,07,06
2020-09-14 11:00:00.000,2020,9,14,11,02003KT,07,06
2020-09-14 12:00:00.000,2020,9,14,12,03005KT,10,09
2020-09-14 13:00:00.000,2020,9,14,13,05006KT,14,09
2020-09-14 14:00:00.000,2020,9,14,14,14004KT,17,07
2020-09-14 15:00:00.000,2020,9,14,15,14006KT,17,06
2020-09-14 16:00:00.000,2020,9,14,16,11010KT,19,06
2020-09-14 17:00:00.000,2020,9,14,17,12012KT,19,05
2020-09-14 18:00:00.000,2020,9,14,18,12010KT,20,08
2020-09-14 19:00:00.000,2020,9,14,19,15009KT,18,06
2020-09-14 20:00:00.000,2020,9,14,20,12010KT,18,05
2020-09-14 21:00:00.000,2020,9,14,21,05006KT,19,06
2020-09-14 22:00:00.000,2020,9,14,22,12010KT,17,07
2020-09-14 23:00:00.000,2020,9,14,23,06006KT,15,08
2020-09-15 00:00:00.000,2020,9,15,0,04007KT,13,09
2020-09-15 01:00:00.000,2020,9,15,1,05005KT,12,08
2020-09-15 02:00:00.000,2020,9,15,2,04006KT,11,08
2020-09-15 03:00:00.000,2020,9,15,3,05005KT,10,07
2020-09-15 04:00:00.000,2020,9,15,4,VRB02KT,11,08
2020-09-15 05:00:00.000,2020,9,15,5,06005KT,10,08
2020-09-15 06:00:00.000,2020,9,15,6,VRB02KT,10,08
2020-09-15 07:00:00.000,2020,9,15,7,03004KT,08,07
2020-09-15 08:00:00.000,2020,9,15,8,VRB02KT,08,07
2020-09-15 09:00:00.000,2020,9,15,9,VRB02KT,07,06
2020-09-15 10:00:00.000,2020,9,15,10,VRB02KT,08,07
2020-09-15 10:30:00.000,2020,9,15,10,VRB02KT,09,08
2020-09-15 11:00:00.000,2020,9,15,11,VRB02KT,08,07
2020-09-15 12:00:00.000,2020,9,15,12,03006KT,10,08
2020-09-15 13:00:00.000,2020,9,15,13,35003KT,11,09
2020-09-15 14:00:00.000,2020,9,15,14,34003KT,13,09
2020-09-15 15:00:00.000,2020,9,15,15,04005KT,14,09
2020-09-15 16:00:00.000,2020,9,15,16,VRB02KT,15,08
2020-09-15 17:00:00.000,2020,9,15,17,09007KT,17,07
2020-09-15 18:00:00.000,2020,9,15,18,09009KT,18,06
2020-09-15 19:00:00.000,2020,9,15,19,11009KT,19,06
2020-09-15 20:00:00.000,2020,9,15,20,09006KT,20,05
2020-09-15 21:00:00.000,2020,9,15,21,12009KT,20,03
2020-09-15 22:00:00.000,2020,9,15,22,13008KT,19,04
2020-09-15 23:00:00.000,2020,9,15,23,30009KT,15,11
2020-09-16 00:00:00.000,2020,9,16,0,32005KT,11,09
2020-09-16 01:00:00.000,2020,9,16,1,VRB02KT,11,10
2020-09-16 02:00:00.000,2020,9,16,2,32003KT,12,11
2020-09-16 03:00:00.000,2020,9,16,3,VRB02KT,11,10
2020-09-16 04:00:00.000,2020,9,16,4,VRB02KT,12,11
2020-09-16 05:00:00.000,2020,9,16,5,13005KT,12,11
2020-09-16 06:00:00.000,2020,9,16,6,VRB02KT,11,10
2020-09-16 07:00:00.000,2020,9,16,7,03003KT,11,10
2020-09-16 08:00:00.000,2020,9,16,8,00000KT,11,09
2020-09-16 09:00:00.000,2020,9,16,9,VRB02KT,11,09
2020-09-16 10:00:00.000,2020,9,16,10,VRB02KT,11,09
2020-09-16 10:30:00.000,2020,9,16,10,00000KT,11,09
2020-09-16 11:00:00.000,2020,9,16,11,00000KT,11,09
2020-09-16 12:00:00.000,2020,9,16,12,05003KT,12,10
2020-09-16 12:35:00.000,2020,9,16,12,03004KT,14,10
2020-09-16 13:00:00.000,2020,9,16,13,VRB02KT,16,11
2020-09-16 14:00:00.000,2020,9,16,14,32003KT,16,09
2020-09-16 15:00:00.000,2020,9,16,15,VRB04KT,19,09
2020-09-16 16:00:00.000,2020,9,16,16,VRB04KT,19,07
2020-09-16 17:00:00.000,2020,9,16,17,04004KT,18,07
2020-09-16 18:00:00.000,2020,9,16,18,24012KT,17,13
2020-09-16 19:00:00.000,2020,9,16,19,24010KT,18,11
2020-09-16 20:00:00.000,2020,9,16,20,27010KT,17,11
2020-09-16 21:00:00.000,2020,9,16,21,27007KT,14,12
2020-09-16 22:00:00.000,2020,9,16,22,04007KT,13,11
2020-09-16 23:00:00.000,2020,9,16,23,34003KT,12,11
2020-09-17 00:00:00.000,2020,9,17,0,VRB02KT,12,11
2020-09-17 01:00:00.000,2020,9,17,1,VRB02KT,11,11
2020-09-17 02:00:00.000,2020,9,17,2,VRB02KT,11,10
2020-09-17 03:00:00.000,2020,9,17,3,32003KT,11,10
2020-09-17 04:00:00.000,2020,9,17,4,VRB02KT,12,11
2020-09-17 05:00:00.000,2020,9,17,5,VRB02KT,11,10
2020-09-17 06:00:00.000,2020,9,17,6,VRB02KT,11,10
2020-09-17 07:00:00.000,2020,9,17,7,33003KT,10,10
2020-09-17 08:00:00.000,2020,9,17,8,36003KT,10,09
2020-09-17 09:00:00.000,2020,9,17,9,VRB02KT,10,10
2020-09-17 10:00:00.000,2020,9,17,10,32003KT,10,10
2020-09-17 10:30:00.000,2020,9,17,10,32003KT,10,10
2020-09-17 11:00:00.000,2020,9,17,11,33003KT,10,10
2020-09-17 12:00:00.000,2020,9,17,12,VRB02KT,11,10
2020-09-17 13:00:00.000,2020,9,17,13,VRB02KT,13,12
2020-09-17 14:00:00.000,2020,9,17,14,VRB02KT,15,11
2020-09-17 15:00:00.000,2020,9,17,15,04004KT,17,10
2020-09-17 16:00:00.000,2020,9,17,16,VRB02KT,18,11
2020-09-17 17:00:00.000,2020,9,17,17,28005KT,19,11
2020-09-17 18:00:00.000,2020,9,17,18,27012KT,17,11
2020-09-17 19:00:00.000,2020,9,17,19,31006KT,16,12
2020-09-17 20:00:00.000,2020,9,17,20,31009KT,16,12
2020-09-17 21:00:00.000,2020,9,17,21,30010KT,16,12
2020-09-17 22:00:00.000,2020,9,17,22,27006KT,14,13
2020-09-17 23:00:00.000,2020,9,17,23,VRB02KT,13,11
2020-09-18 00:00:00.000,2020,9,18,0,VRB02KT,12,11
2020-09-18 01:00:00.000,2020,9,18,1,VRB02KT,11,10
2020-09-18 02:00:00.000,2020,9,18,2,07003KT,12,11
2020-09-18 03:00:00.000,2020,9,18,3,00000KT,12,11
2020-09-18 04:00:00.000,2020,9,18,4,00000KT,12,12
2020-09-18 05:00:00.000,2020,9,18,5,03003KT,11,11
2020-09-18 06:00:00.000,2020,9,18,6,VRB02KT,11,11
2020-09-18 07:00:00.000,2020,9,18,7,00000KT,12,11
2020-09-18 08:00:00.000,2020,9,18,8,VRB02KT,12,11
2020-09-18 09:00:00.000,2020,9,18,9,VRB02KT,12,11
2020-09-18 10:00:00.000,2020,9,18,10,VRB02KT,12,11
2020-09-18 10:30:00.000,2020,9,18,10,00000KT,11,11
2020-09-18 11:00:00.000,2020,9,18,11,00000KT,11,10
2020-09-18 12:00:00.000,2020,9,18,12,05003KT,12,11
2020-09-18 13:00:00.000,2020,9,18,13,06004KT,15,13
2020-09-18 14:00:00.000,2020,9,18,14,07004KT,17,10
2020-09-18 15:00:00.000,2020,9,18,15,07004KT,19,10
2020-09-18 16:00:00.000,2020,9,18,16,31005KT,19,09
2020-09-18 17:00:00.000,2020,9,18,17,23013KT,17,12
2020-09-18 18:00:00.000,2020,9,18,18,30006KT,16,12
2020-09-18 18:10:00.000,2020,9,18,18,03008KT,14,12
2020-09-18 19:00:00.000,2020,9,18,19,26008KT,15,13
2020-09-18 20:00:00.000,2020,9,18,20,24006KT,17,12
2020-09-18 21:00:00.000,2020,9,18,21,24009KT,17,12
2020-09-18 22:00:00.000,2020,9,18,22,27008KT,17,12
2020-09-18 23:00:00.000,2020,9,18,23,26008KT,15,12
2020-09-19 00:00:00.000,2020,9,19,0,29004KT,14,11
2020-09-19 01:00:00.000,2020,9,19,1,VRB02KT,12,11
2020-09-19 02:00:00.000,2020,9,19,2,VRB02KT,13,12
2020-09-19 03:00:00.000,2020,9,19,3,VRB02KT,13,12
2020-09-19 04:00:00.000,2020,9,19,4,VRB02KT,13,12
2020-09-19 05:00:00.000,2020,9,19,5,VRB02KT,14,12
2020-09-19 06:00:00.000,2020,9,19,6,VRB02KT,13,12
2020-09-19 07:00:00.000,2020,9,19,7,35005KT,13,11
2020-09-19 08:00:00.000,2020,9,19,8,33004KT,12,11
2020-09-19 09:00:00.000,2020,9,19,9,VRB02KT,12,10
2020-09-19 10:00:00.000,2020,9,19,10,VRB02KT,11,10
2020-09-19 10:30:00.000,2020,9,19,10,27004KT,12,10
2020-09-19 11:00:00.000,2020,9,19,11,VRB02KT,12,11
2020-09-19 12:00:00.000,2020,9,19,12,VRB02KT,12,11
2020-09-19 13:00:00.000,2020,9,19,13,VRB02KT,14,13
2020-09-19 14:00:00.000,2020,9,19,14,10004KT,17,11
2020-09-19 15:00:00.000,2020,9,19,15,36003KT,18,10
2020-09-19 16:00:00.000,2020,9,19,16,34003KT,19,10
2020-09-19 16:30:00.000,2020,9,19,16,11008G19KT,17,11
2020-09-19 17:00:00.000,2020,9,19,17,18010KT,17,10
2020-09-19 18:00:00.000,2020,9,19,18,21005KT,20,08
2020-09-19 19:00:00.000,2020,9,19,19,25011KT,18,12
2020-09-19 20:00:00.000,2020,9,19,20,30004KT,14,13
2020-09-19 21:00:00.000,2020,9,19,21,24008KT,15,13
2020-09-19 22:00:00.000,2020,9,19,22,25005KT,15,13
2020-09-19 22:10:00.000,2020,9,19,22,28004KT,14,13
2020-09-19 23:00:00.000,2020,9,19,23,21006KT,13,12
2020-09-20 00:00:00.000,2020,9,20,0,31004KT,12,11
2020-09-20 01:00:00.000,2020,9,20,1,VRB02KT,12,11
2020-09-20 02:00:00.000,2020,9,20,2,VRB02KT,12,11
2020-09-20 03:00:00.000,2020,9,20,3,03004KT,12,11
2020-09-20 04:00:00.000,2020,9,20,4,VRB02KT,11,10
2020-09-20 05:00:00.000,2020,9,20,5,VRB02KT,11,10
2020-09-20 06:00:00.000,2020,9,20,6,VRB02KT,11,10
2020-09-20 07:00:00.000,2020,9,20,7,VRB02KT,11,10
2020-09-20 08:00:00.000,2020,9,20,8,05004KT,11,10
2020-09-20 09:00:00.000,2020,9,20,9,VRB02KT,11,10
2020-09-20 10:00:00.000,2020,9,20,10,08003KT,11,10
2020-09-20 10:30:00.000,2020,9,20,10,04005KT,11,10
2020-09-20 11:00:00.000,2020,9,20,11,07004KT,10,10
2020-09-20 12:00:00.000,2020,9,20,12,05005KT,12,11
2020-09-20 13:00:00.000,2020,9,20,13,08004KT,14,11
2020-09-20 14:00:00.000,2020,9,20,14,04005KT,16,10
2020-09-20 15:00:00.000,2020,9,20,15,12003KT,18,10
2020-09-20 16:00:00.000,2020,9,20,16,14005KT,18,09
2020-09-20 17:00:00.000,2020,9,20,17,17014KT,19,08
2020-09-20 18:00:00.000,2020,9,20,18,18012KT,20,09
2020-09-20 19:00:00.000,2020,9,20,19,17012KT,20,08
2020-09-20 20:00:00.000,2020,9,20,20,16007KT,20,08
2020-09-20 21:00:00.000,2020,9,20,21,15005KT,19,07
2020-09-20 22:00:00.000,2020,9,20,22,19013KT,19,07
2020-09-20 23:00:00.000,2020,9,20,23,18010KT,17,08
2020-09-21 00:00:00.000,2020,9,21,0,12003KT,15,08
2020-09-21 01:00:00.000,2020,9,21,1,11005KT,15,09
2020-09-21 02:00:00.000,2020,9,21,2,17004KT,15,09
2020-09-21 03:00:00.000,2020,9,21,3,30003KT,13,10
2020-09-21 04:00:00.000,2020,9,21,4,VRB02KT,12,09
2020-09-21 05:00:00.000,2020,9,21,5,VRB02KT,11,10
2020-09-21 06:00:00.000,2020,9,21,6,02003KT,11,10
2020-09-21 07:00:00.000,2020,9,21,7,VRB02KT,10,09
2020-09-21 08:00:00.000,2020,9,21,8,VRB02KT,10,09
2020-09-21 09:00:00.000,2020,9,21,9,VRB02KT,11,10
2020-09-21 10:00:00.000,2020,9,21,10,06004KT,11,10
2020-09-21 10:30:00.000,2020,9,21,10,06005KT,11,10
2020-09-21 11:00:00.000,2020,9,21,11,08003KT,11,10
2020-09-21 12:00:00.000,2020,9,21,12,06007KT,12,10
2020-09-21 13:00:00.000,2020,9,21,13,07006KT,15,11
2020-09-21 14:00:00.000,2020,9,21,14,18006KT,17,10
2020-09-21 15:00:00.000,2020,9,21,15,16007KT,18,08
2020-09-21 16:00:00.000,2020,9,21,16,16011KT,19,07
2020-09-21 17:00:00.000,2020,9,21,17,12008KT,20,08
2020-09-21 18:00:00.000,2020,9,21,18,10006KT,20,08
2020-09-21 18:25:00.000,2020,9,21,18,13012KT,17,09
2020-09-21 19:00:00.000,2020,9,21,19,13012KT,17,09
2020-09-21 20:00:00.000,2020,9,21,20,13011KT,17,07
2020-09-21 21:00:00.000,2020,9,21,21,14010KT,17,08
2020-09-21 22:00:00.000,2020,9,21,22,12008KT,16,07
2020-09-21 23:00:00.000,2020,9,21,23,13010KT,15,06
2020-09-22 00:00:00.000,2020,9,22,0,10005KT,14,07
2020-09-22 01:00:00.000,2020,9,22,1,13004KT,12,06
2020-09-22 02:00:00.000,2020,9,22,2,29003KT,11,06
2020-09-22 03:00:00.000,2020,9,22,3,03004KT,11,07
2020-09-22 04:00:00.000,2020,9,22,4,36003KT,08,06
2020-09-22 05:00:00.000,2020,9,22,5,VRB02KT,08,07
2020-09-22 06:00:00.000,2020,9,22,6,VRB02KT,07,06
2020-09-22 07:00:00.000,2020,9,22,7,VRB02KT,07,07
2020-09-22 08:00:00.000,2020,9,22,8,29004KT,06,05
2020-09-22 09:00:00.000,2020,9,22,9,26004KT,06,05
2020-09-22 10:00:00.000,2020,9,22,10,VRB02KT,04,04
2020-09-22 10:30:00.000,2020,9,22,10,06003KT,06,05
2020-09-22 11:00:00.000,2020,9,22,11,02003KT,05,05
2020-09-22 12:00:00.000,2020,9,22,12,04003KT,07,07
2020-09-22 12:21:00.000,2020,9,22,12,03005KT,09,08
2020-09-22 13:00:00.000,2020,9,22,13,04005KT,11,08
2020-09-22 13:20:00.000,2020,9,22,13,07005KT,13,08
2020-09-22 14:00:00.000,2020,9,22,14,09003KT,15,06
2020-09-22 14:30:00.000,2020,9,22,14,VRB03KT,17,06
2020-09-22 15:00:00.000,2020,9,22,15,VRB03KT,18,06
2020-09-22 16:00:00.000,2020,9,22,16,VRB03KT,20,04
2020-09-22 17:00:00.000,2020,9,22,17,15006KT,22,03
2020-09-22 18:00:00.000,2020,9,22,18,16012KT,22,02
2020-09-22 19:00:00.000,2020,9,22,19,11007KT,21,06
2020-09-22 20:00:00.000,2020,9,22,20,17013KT,22,04
2020-09-22 21:00:00.000,2020,9,22,21,17011KT,20,04
2020-09-22 22:00:00.000,2020,9,22,22,16012KT,20,04
2020-09-22 23:00:00.000,2020,9,22,23,10004KT,17,06
2020-09-23 00:00:00.000,2020,9,23,0,VRB02KT,14,11
2020-09-23 01:00:00.000,2020,9,23,1,02004KT,13,11
2020-09-23 02:00:00.000,2020,9,23,2,VRB02KT,11,09
2020-09-23 03:00:00.000,2020,9,23,3,VRB02KT,11,08
2020-09-23 04:00:00.000,2020,9,23,4,VRB02KT,09,07
2020-09-23 05:00:00.000,2020,9,23,5,33004KT,10,08
2020-09-23 06:00:00.000,2020,9,23,6,VRB02KT,09,07
2020-09-23 07:00:00.000,2020,9,23,7,34004KT,10,07
2020-09-23 08:00:00.000,2020,9,23,8,VRB02KT,10,06
2020-09-23 09:00:00.000,2020,9,23,9,06004KT,10,07
2020-09-23 10:00:00.000,2020,9,23,10,05005KT,10,08
2020-09-23 10:30:00.000,2020,9,23,10,07005KT,10,09
2020-09-23 11:00:00.000,2020,9,23,11,03005KT,10,09
2020-09-23 12:00:00.000,2020,9,23,12,04003KT,10,09
2020-09-23 13:00:00.000,2020,9,23,13,05007KT,11,09
2020-09-23 14:00:00.000,2020,9,23,14,05005KT,13,10
2020-09-23 15:00:00.000,2020,9,23,15,04007KT,14,11
2020-09-23 16:00:00.000,2020,9,23,16,04007KT,15,10
2020-09-23 17:00:00.000,2020,9,23,17,VRB02KT,18,10
2020-09-23 18:00:00.000,2020,9,23,18,08003KT,17,08
2020-09-23 19:00:00.000,2020,9,23,19,17014KT,18,09
2020-09-23 20:00:00.000,2020,9,23,20,16012KT,18,08
2020-09-23 21:00:00.000,2020,9,23,21,12007KT,17,08
2020-09-23 22:00:00.000,2020,9,23,22,10007KT,16,09
2020-09-23 23:00:00.000,2020,9,23,23,10004KT,15,10
2020-09-24 00:00:00.000,2020,9,24,0,11003KT,14,10
2020-09-24 01:00:00.000,2020,9,24,1,10006KT,14,09
2020-09-24 02:00:00.000,2020,9,24,2,11005KT,14,08
2020-09-24 03:00:00.000,2020,9,24,3,10003KT,14,09
2020-09-24 04:00:00.000,2020,9,24,4,04004KT,13,09
2020-09-24 05:00:00.000,2020,9,24,5,03005KT,12,09
2020-09-24 06:00:00.000,2020,9,24,6,05005KT,12,09
2020-09-24 07:00:00.000,2020,9,24,7,03004KT,11,09
2020-09-24 08:00:00.000,2020,9,24,8,05004KT,12,09
2020-09-24 09:00:00.000,2020,9,24,9,02005KT,11,09
2020-09-24 10:00:00.000,2020,9,24,10,02004KT,12,09
2020-09-24 10:30:00.000,2020,9,24,10,04005KT,12,09
2020-09-24 11:00:00.000,2020,9,24,11,05006KT,11,09
2020-09-24 12:00:00.000,2020,9,24,12,02004KT,13,10
2020-09-24 13:00:00.000,2020,9,24,13,06008KT,14,10
2020-09-24 14:00:00.000,2020,9,24,14,13006KT,16,08
2020-09-24 15:00:00.000,2020,9,24,15,10010KT,16,08
2020-09-24 16:00:00.000,2020,9,24,16,15012KT,17,08
2020-09-24 17:00:00.000,2020,9,24,17,11005KT,16,08
2020-09-24 18:00:00.000,2020,9,24,18,12010KT,18,09
2020-09-24 18:30:00.000,2020,9,24,18,13012KT,16,09
2020-09-24 19:00:00.000,2020,9,24,19,13010KT,16,09
2020-09-24 20:00:00.000,2020,9,24,20,11008KT,16,09
2020-09-24 21:00:00.000,2020,9,24,21,15011KT,16,08
2020-09-24 22:00:00.000,2020,9,24,22,16012KT,16,08
2020-09-24 23:00:00.000,2020,9,24,23,12009KT,15,07
2020-09-25 00:00:00.000,2020,9,25,0,13005KT,14,07
2020-09-25 01:00:00.000,2020,9,25,1,13008KT,14,07
2020-09-25 02:00:00.000,2020,9,25,2,12004KT,14,07
2020-09-25 03:00:00.000,2020,9,25,3,12004KT,14,08
2020-09-25 04:00:00.000,2020,9,25,4,01004KT,11,10
2020-09-25 05:00:00.000,2020,9,25,5,34003KT,11,10
2020-09-25 06:00:00.000,2020,9,25,6,VRB02KT,11,10
2020-09-25 07:00:00.000,2020,9,25,7,06006KT,10,09
2020-09-25 08:00:00.000,2020,9,25,8,08003KT,10,09
2020-09-25 09:00:00.000,2020,9,25,9,06004KT,09,08
2020-09-25 10:00:00.000,2020,9,25,10,09001KT,10,09
2020-09-25 10:30:00.000,2020,9,25,10,06003KT,10,08
2020-09-25 11:00:00.000,2020,9,25,11,08003KT,11,08
2020-09-25 12:00:00.000,2020,9,25,12,06005KT,12,09
2020-09-25 13:00:00.000,2020,9,25,13,11008KT,14,08
2020-09-25 14:00:00.000,2020,9,25,14,12010KT,16,06
2020-09-25 15:00:00.000,2020,9,25,15,12010KT,17,06
2020-09-25 16:00:00.000,2020,9,25,16,13010KT,17,06
2020-09-25 17:00:00.000,2020,9,25,17,13012KT,18,06
2020-09-25 18:00:00.000,2020,9,25,18,12012KT,17,06
2020-09-25 19:00:00.000,2020,9,25,19,13012KT,18,06
2020-09-25 20:00:00.000,2020,9,25,20,15012KT,19,07
2020-09-25 21:00:00.000,2020,9,25,21,15008KT,19,06
2020-09-25 22:00:00.000,2020,9,25,22,13008KT,17,06
2020-09-25 23:00:00.000,2020,9,25,23,05006KT,16,07
2020-09-26 00:00:00.000,2020,9,26,0,32007KT,14,08
2020-09-26 01:00:00.000,2020,9,26,1,36004KT,13,08
2020-09-26 02:00:00.000,2020,9,26,2,03004KT,11,08
2020-09-26 03:00:00.000,2020,9,26,3,04006KT,11,08
2020-09-26 04:00:00.000,2020,9,26,4,06004KT,11,08
2020-09-26 05:00:00.000,2020,9,26,5,05004KT,11,10
2020-09-26 06:00:00.000,2020,9,26,6,04006KT,08,07
2020-09-26 07:00:00.000,2020,9,26,7,05004KT,10,08
2020-09-26 08:00:00.000,2020,9,26,8,VRB02KT,08,06
2020-09-26 09:00:00.000,2020,9,26,9,VRB02KT,08,07
2020-09-26 10:00:00.000,2020,9,26,10,VRB02KT,08,07
2020-09-26 10:30:00.000,2020,9,26,10,VRB02KT,08,07
2020-09-26 11:00:00.000,2020,9,26,11,28005KT,08,07
2020-09-26 12:00:00.000,2020,9,26,12,VRB02KT,10,08
2020-09-26 13:00:00.000,2020,9,26,13,VRB02KT,14,09
2020-09-26 14:00:00.000,2020,9,26,14,VRB02KT,15,08
2020-09-26 15:00:00.000,2020,9,26,15,35003KT,15,08
2020-09-26 16:00:00.000,2020,9,26,16,08005KT,17,09
2020-09-26 17:00:00.000,2020,9,26,17,VRB02KT,17,09
2020-09-26 18:00:00.000,2020,9,26,18,08008KT,18,08
2020-09-26 19:00:00.000,2020,9,26,19,VRB03KT,19,08
2020-09-26 20:00:00.000,2020,9,26,20,07006KT,19,08
2020-09-26 21:00:00.000,2020,9,26,21,24012KT,16,10
2020-09-26 22:00:00.000,2020,9,26,22,25009KT,15,10
2020-09-26 23:00:00.000,2020,9,26,23,30007KT,14,09
2020-09-27 00:00:00.000,2020,9,27,0,31004KT,13,09
2020-09-27 01:00:00.000,2020,9,27,1,VRB02KT,11,09
2020-09-27 02:00:00.000,2020,9,27,2,04003KT,11,09
2020-09-27 03:00:00.000,2020,9,27,3,03003KT,11,09
2020-09-27 04:00:00.000,2020,9,27,4,31004KT,11,09
2020-09-27 05:00:00.000,2020,9,27,5,33003KT,11,09
2020-09-27 06:00:00.000,2020,9,27,6,33003KT,11,09
2020-09-27 07:00:00.000,2020,9,27,7,VRB02KT,11,09
2020-09-27 08:00:00.000,2020,9,27,8,34003KT,11,09
2020-09-27 09:00:00.000,2020,9,27,9,VRB02KT,11,09
2020-09-27 10:00:00.000,2020,9,27,10,VRB02KT,10,09
2020-09-27 10:30:00.000,2020,9,27,10,VRB02KT,09,09
2020-09-27 11:00:00.000,2020,9,27,11,VRB02KT,10,09
2020-09-27 12:00:00.000,2020,9,27,12,VRB02KT,11,10
2020-09-27 13:00:00.000,2020,9,27,13,VRB02KT,13,10
2020-09-27 14:00:00.000,2020,9,27,14,04003KT,15,09
2020-09-27 15:00:00.000,2020,9,27,15,VRB02KT,18,09
2020-09-27 16:00:00.000,2020,9,27,16,02005KT,18,09
2020-09-27 17:00:00.000,2020,9,27,17,05008KT,18,07
2020-09-27 18:00:00.000,2020,9,27,18,05004KT,19,06
2020-09-27 19:00:00.000,2020,9,27,19,12020KT,17,08
2020-09-27 20:00:00.000,2020,9,27,20,12009KT,16,06
2020-09-27 21:00:00.000,2020,9,27,21,14013KT,16,07
2020-09-27 22:00:00.000,2020,9,27,22,14011KT,15,07
2020-09-27 23:00:00.000,2020,9,27,23,14012KT,13,06
2020-09-28 00:00:00.000,2020,9,28,0,11005KT,14,06
2020-09-28 01:00:00.000,2020,9,28,1,08003KT,12,07
2020-09-28 02:00:00.000,2020,9,28,2,08003KT,12,07
2020-09-28 03:00:00.000,2020,9,28,3,VRB02KT,09,07
2020-09-28 04:00:00.000,2020,9,28,4,02003KT,09,07
2020-09-28 05:00:00.000,2020,9,28,5,VRB02KT,07,06
2020-09-28 06:00:00.000,2020,9,28,6,VRB02KT,06,05
2020-09-28 07:00:00.000,2020,9,28,7,VRB02KT,06,05
2020-09-28 08:00:00.000,2020,9,28,8,32003KT,06,05
2020-09-28 09:00:00.000,2020,9,28,9,04003KT,06,05
2020-09-28 10:00:00.000,2020,9,28,10,34004KT,07,06
2020-09-28 10:30:00.000,2020,9,28,10,VRB02KT,06,06
2020-09-28 11:00:00.000,2020,9,28,11,VRB02KT,06,06
2020-09-28 12:00:00.000,2020,9,28,12,06006KT,09,08
2020-09-28 13:00:00.000,2020,9,28,13,05004KT,12,08
2020-09-28 14:00:00.000,2020,9,28,14,12007KT,16,07
2020-09-28 15:00:00.000,2020,9,28,15,12010KT,17,06
2020-09-28 16:00:00.000,2020,9,28,16,12010KT,17,06
2020-09-28 17:00:00.000,2020,9,28,17,14010KT,17,06
2020-09-28 18:00:00.000,2020,9,28,18,16007KT,19,16
2020-09-28 19:00:00.000,2020,9,28,19,16012KT,17,06
2020-09-28 20:00:00.000,2020,9,28,20,17008KT,18,06
2020-09-28 21:00:00.000,2020,9,28,21,11006KT,18,07
2020-09-28 22:00:00.000,2020,9,28,22,06007KT,17,08
2020-09-28 23:00:00.000,2020,9,28,23,13009KT,16,06
2020-09-29 00:00:00.000,2020,9,29,0,VRB02KT,14,10
2020-09-29 01:00:00.000,2020,9,29,1,VRB02KT,12,08
2020-09-29 02:00:00.000,2020,9,29,2,04004KT,12,07
2020-09-29 03:00:00.000,2020,9,29,3,VRB02KT,10,08
2020-09-29 04:00:00.000,2020,9,29,4,VRB02KT,11,08
2020-09-29 05:00:00.000,2020,9,29,5,VRB02KT,10,07
2020-09-29 06:00:00.000,2020,9,29,6,03004KT,10,08
2020-09-29 07:00:00.000,2020,9,29,7,VRB02KT,10,08
2020-09-29 08:00:00.000,2020,9,29,8,04004KT,08,07
2020-09-29 09:00:00.000,2020,9,29,9,06003KT,09,07
2020-09-29 10:00:00.000,2020,9,29,10,06003KT,08,07
2020-09-29 10:30:00.000,2020,9,29,10,03003KT,08,07
2020-09-29 11:00:00.000,2020,9,29,11,08004KT,09,08
2020-09-29 12:00:00.000,2020,9,29,12,07006KT,12,08
2020-09-29 13:00:00.000,2020,9,29,13,06009KT,15,09
2020-09-29 14:00:00.000,2020,9,29,14,06007KT,16,09
2020-09-29 15:00:00.000,2020,9,29,15,06008KT,16,09
2020-09-29 16:00:00.000,2020,9,29,16,12008KT,17,08
2020-09-29 17:00:00.000,2020,9,29,17,16011KT,16,11
2020-09-29 18:00:00.000,2020,9,29,18,13014KT,19,08
2020-09-29 19:00:00.000,2020,9,29,19,13012KT,18,08
2020-09-29 20:00:00.000,2020,9,29,20,10008KT,18,08
2020-09-29 21:00:00.000,2020,9,29,21,11007KT,17,09
2020-09-29 22:00:00.000,2020,9,29,22,09007KT,16,08
2020-09-29 23:00:00.000,2020,9,29,23,12006KT,16,08
2020-09-30 00:00:00.000,2020,9,30,0,08006KT,15,08
2020-09-30 01:00:00.000,2020,9,30,1,06006KT,14,09
2020-09-30 02:00:00.000,2020,9,30,2,10004KT,14,08
2020-09-30 03:00:00.000,2020,9,30,3,03004KT,12,08
2020-09-30 04:00:00.000,2020,9,30,4,03006KT,12,08
2020-09-30 05:00:00.000,2020,9,30,5,07005KT,12,08
2020-09-30 06:00:00.000,2020,9,30,6,04005KT,11,08
2020-09-30 07:00:00.000,2020,9,30,7,03004KT,11,07
2020-09-30 08:00:00.000,2020,9,30,8,06004KT,12,08
2020-09-30 09:00:00.000,2020,9,30,9,VRB02KT,11,08
2020-09-30 10:00:00.000,2020,9,30,10,VRB02KT,11,08
2020-09-30 10:30:00.000,2020,9,30,10,05005KT,11,08
2020-09-30 11:00:00.000,2020,9,30,11,05005KT,11,09
2020-09-30 12:00:00.000,2020,9,30,12,06005KT,12,09
2020-09-30 13:00:00.000,2020,9,30,13,01004KT,12,09
2020-09-30 14:00:00.000,2020,9,30,14,VRB02KT,15,09
2020-09-30 15:00:00.000,2020,9,30,15,29005KT,16,09
2020-09-30 16:00:00.000,2020,9,30,16,10007KT,17,07
2020-09-30 17:00:00.000,2020,9,30,17,15015KT,17,07
2020-09-30 18:00:00.000,2020,9,30,18,14011KT,18,07
2020-09-30 19:00:00.000,2020,9,30,19,12010KT,18,08
2020-09-30 20:00:00.000,2020,9,30,20,12007KT,18,08
2020-09-30 21:00:00.000,2020,9,30,21,16014KT,17,07
2020-09-30 22:00:00.000,2020,9,30,22,15011KT,15,07
2020-09-30 23:00:00.000,2020,9,30,23,15011KT,15,08
2020-10-01 00:00:00.000,2020,10,1,0,14009KT,14,09
2020-10-01 01:00:00.000,2020,10,1,1,17007KT,13,08
2020-10-01 02:00:00.000,2020,10,1,2,04006KT,12,09
2020-10-01 03:00:00.000,2020,10,1,3,05007KT,11,08
2020-10-01 04:00:00.000,2020,10,1,4,06006KT,12,08
2020-10-01 05:00:00.000,2020,10,1,5,03004KT,11,08
2020-10-01 06:00:00.000,2020,10,1,6,07006KT,10,08
2020-10-01 07:00:00.000,2020,10,1,7,VRB02KT,11,09
2020-10-01 08:00:00.000,2020,10,1,8,VRB02KT,11,08
2020-10-01 09:00:00.000,2020,10,1,9,VRB02KT,09,07
2020-10-01 10:00:00.000,2020,10,1,10,VRB02KT,09,07
2020-10-01 10:30:00.000,2020,10,1,10,05004KT,10,08
2020-10-01 11:00:00.000,2020,10,1,11,05005KT,10,08
2020-10-01 12:00:00.000,2020,10,1,12,04004KT,12,08
2020-10-01 13:00:00.000,2020,10,1,13,03004KT,15,09
2020-10-01 14:00:00.000,2020,10,1,14,36004KT,15,09
2020-10-01 15:00:00.000,2020,10,1,15,03004KT,16,09
2020-10-01 16:00:00.000,2020,10,1,16,36003KT,18,08
2020-10-01 17:00:00.000,2020,10,1,17,16007KT,20,07
2020-10-01 18:00:00.000,2020,10,1,18,12007KT,19,07
2020-10-01 19:00:00.000,2020,10,1,19,15012KT,19,08
2020-10-01 20:00:00.000,2020,10,1,20,17015KT,18,06
2020-10-01 21:00:00.000,2020,10,1,21,16009KT,18,05
2020-10-01 22:00:00.000,2020,10,1,22,14008KT,18,05
2020-10-01 23:00:00.000,2020,10,1,23,18010KT,16,04
2020-10-02 00:00:00.000,2020,10,2,0,22004KT,14,07
2020-10-02 01:00:00.000,2020,10,2,1,16010KT,14,05
2020-10-02 02:00:00.000,2020,10,2,2,17008KT,13,05
2020-10-02 03:00:00.000,2020,10,2,3,VRB02KT,10,06
2020-10-02 04:00:00.000,2020,10,2,4,05003KT,09,07
2020-10-02 05:00:00.000,2020,10,2,5,VRB02KT,08,06
2020-10-02 06:00:00.000,2020,10,2,6,VRB02KT,09,07
2020-10-02 07:00:00.000,2020,10,2,7,33004KT,06,05
2020-10-02 08:00:00.000,2020,10,2,8,VRB02KT,07,06
2020-10-02 09:00:00.000,2020,10,2,9,VRB02KT,07,06
2020-10-02 10:00:00.000,2020,10,2,10,00000KT,07,06
2020-10-02 10:30:00.000,2020,10,2,10,VRB02KT,06,05
2020-10-02 11:00:00.000,2020,10,2,11,VRB02KT,08,07
2020-10-02 12:00:00.000,2020,10,2,12,VRB02KT,09,08
2020-10-02 13:00:00.000,2020,10,2,13,03003KT,13,09
2020-10-02 14:00:00.000,2020,10,2,14,29004KT,16,08
2020-10-02 15:00:00.000,2020,10,2,15,14005KT,18,06
2020-10-02 16:00:00.000,2020,10,2,16,17008KT,19,06
2020-10-02 17:00:00.000,2020,10,2,17,14010KT,19,06
2020-10-02 18:00:00.000,2020,10,2,18,23009KT,19,09
2020-10-02 19:00:00.000,2020,10,2,19,25009KT,18,09
2020-10-02 20:00:00.000,2020,10,2,20,24012KT,18,10
2020-10-02 21:00:00.000,2020,10,2,21,25015KT,18,10
2020-10-02 22:00:00.000,2020,10,2,22,26008KT,16,10
2020-10-02 23:00:00.000,2020,10,2,23,24007KT,15,09
2020-10-03 00:00:00.000,2020,10,3,0,28004KT,14,09
2020-10-03 01:00:00.000,2020,10,3,1,VRB02KT,12,10
2020-10-03 02:00:00.000,2020,10,3,2,VRB02KT,11,09
2020-10-03 03:00:00.000,2020,10,3,3,28003KT,12,09
2020-10-03 04:00:00.000,2020,10,3,4,VRB02KT,10,09
2020-10-03 05:00:00.000,2020,10,3,5,VRB02KT,10,09
2020-10-03 06:00:00.000,2020,10,3,6,VRB02KT,09,08
2020-10-03 07:00:00.000,2020,10,3,7,VRB02KT,10,09
2020-10-03 08:00:00.000,2020,10,3,8,35003KT,10,08
2020-10-03 09:00:00.000,2020,10,3,9,VRB02KT,09,08
2020-10-03 10:00:00.000,2020,10,3,10,VRB02KT,09,08
2020-10-03 10:30:00.000,2020,10,3,10,VRB02KT,10,09
2020-10-03 11:00:00.000,2020,10,3,11,06004KT,10,08
2020-10-03 12:00:00.000,2020,10,3,12,05007KT,12,09
2020-10-03 13:00:00.000,2020,10,3,13,00000KT,14,08
2020-10-03 14:00:00.000,2020,10,3,14,12004KT,16,07
2020-10-03 15:00:00.000,2020,10,3,15,16011KT,17,07
2020-10-03 16:00:00.000,2020,10,3,16,16007KT,18,06
2020-10-03 17:00:00.000,2020,10,3,17,17011KT,18,07
2020-10-03 18:00:00.000,2020,10,3,18,12008KT,19,07
2020-10-03 19:00:00.000,2020,10,3,19,17012KT,20,07
2020-10-03 20:00:00.000,2020,10,3,20,16008KT,20,07
2020-10-03 21:00:00.000,2020,10,3,21,22008KT,20,09
2020-10-03 22:00:00.000,2020,10,3,22,23008KT,18,10
2020-10-03 23:00:00.000,2020,10,3,23,25007KT,15,09
2020-10-04 00:00:00.000,2020,10,4,0,30006KT,15,09
2020-10-04 01:00:00.000,2020,10,4,1,36004KT,13,10
2020-10-04 02:00:00.000,2020,10,4,2,04003KT,13,10
2020-10-04 03:00:00.000,2020,10,4,3,30004KT,13,09
2020-10-04 04:00:00.000,2020,10,4,4,36004KT,12,10
2020-10-04 05:00:00.000,2020,10,4,5,33004KT,13,10
2020-10-04 06:00:00.000,2020,10,4,6,VRB02KT,13,11
2020-10-04 07:00:00.000,2020,10,4,7,36003KT,12,10
2020-10-04 08:00:00.000,2020,10,4,8,16003KT,24,23
2020-10-04 09:00:00.000,2020,10,4,9,VRB02KT,12,09
2020-10-04 10:00:00.000,2020,10,4,10,VRB02KT,12,09
2020-10-04 10:30:00.000,2020,10,4,10,04006KT,11,10
2020-10-04 11:00:00.000,2020,10,4,11,06007KT,12,10
2020-10-04 12:00:00.000,2020,10,4,12,06008KT,12,10
2020-10-04 13:00:00.000,2020,10,4,13,06008KT,14,09
2020-10-04 14:00:00.000,2020,10,4,14,06006KT,15,10
2020-10-04 15:00:00.000,2020,10,4,15,32004KT,15,09
2020-10-04 16:00:00.000,2020,10,4,16,18005KT,16,10
2020-10-04 17:00:00.000,2020,10,4,17,13008KT,16,08
2020-10-04 18:00:00.000,2020,10,4,18,10009KT,18,07
2020-10-04 19:00:00.000,2020,10,4,19,15011KT,17,08
2020-10-04 20:00:00.000,2020,10,4,20,14008KT,17,08
2020-10-04 21:00:00.000,2020,10,4,21,12008KT,18,08
2020-10-04 22:00:00.000,2020,10,4,22,16009KT,17,07
2020-10-04 23:00:00.000,2020,10,4,23,15009KT,16,07
2020-10-05 00:00:00.000,2020,10,5,0,09003KT,15,07
2020-10-05 01:00:00.000,2020,10,5,1,30005KT,13,08
2020-10-05 02:00:00.000,2020,10,5,2,36003KT,11,09
2020-10-05 03:00:00.000,2020,10,5,3,VRB02KT,12,09
2020-10-05 04:00:00.000,2020,10,5,4,VRB02KT,12,09
2020-10-05 05:00:00.000,2020,10,5,5,02004KT,11,08
2020-10-05 06:00:00.000,2020,10,5,6,33003KT,09,07
2020-10-05 07:00:00.000,2020,10,5,7,VRB02KT,10,09
2020-10-05 08:00:00.000,2020,10,5,8,VRB02KT,08,07
2020-10-05 09:00:00.000,2020,10,5,9,00000KT,08,07
2020-10-05 10:00:00.000,2020,10,5,10,00000KT,08,08
2020-10-05 10:30:00.000,2020,10,5,10,20003KT,09,09
2020-10-05 11:00:00.000,2020,10,5,11,VRB02KT,09,08
2020-10-05 12:00:00.000,2020,10,5,12,33004KT,10,09
2020-10-05 13:00:00.000,2020,10,5,13,05005KT,13,10
2020-10-05 14:00:00.000,2020,10,5,14,14010KT,16,08
2020-10-05 15:00:00.000,2020,10,5,15,16011KT,18,07
2020-10-05 16:00:00.000,2020,10,5,16,16011KT,18,07
2020-10-05 17:00:00.000,2020,10,5,17,17012KT,18,06
2020-10-05 18:00:00.000,2020,10,5,18,14009KT,19,06
2020-10-05 19:00:00.000,2020,10,5,19,15010KT,19,05
2020-10-05 20:00:00.000,2020,10,5,20,14011KT,18,05
2020-10-05 21:00:00.000,2020,10,5,21,16012KT,19,04
2020-10-05 22:00:00.000,2020,10,5,22,15007KT,18,04
2020-10-05 23:00:00.000,2020,10,5,23,32006KT,15,08
2020-10-06 00:00:00.000,2020,10,6,0,20005KT,15,08
2020-10-06 01:00:00.000,2020,10,6,1,VRB02KT,11,09
2020-10-06 02:00:00.000,2020,10,6,2,VRB02KT,11,09
2020-10-06 03:00:00.000,2020,10,6,3,VRB02KT,10,09
2020-10-06 04:00:00.000,2020,10,6,4,05004KT,10,09
2020-10-06 05:00:00.000,2020,10,6,5,VRB02KT,10,08
2020-10-06 06:00:00.000,2020,10,6,6,27004KT,09,08
2020-10-06 07:00:00.000,2020,10,6,7,VRB02KT,08,07
2020-10-06 08:00:00.000,2020,10,6,8,VRB02KT,08,07
2020-10-06 09:00:00.000,2020,10,6,9,VRB02KT,07,06
2020-10-06 10:00:00.000,2020,10,6,10,VRB02KT,07,06
2020-10-06 10:30:00.000,2020,10,6,10,VRB02KT,08,07
2020-10-06 11:00:00.000,2020,10,6,11,VRB02KT,07,06
2020-10-06 12:00:00.000,2020,10,6,12,07004KT,11,09
2020-10-06 13:00:00.000,2020,10,6,13,06006KT,13,10
2020-10-06 14:00:00.000,2020,10,6,14,36005KT,16,09
2020-10-06 15:00:00.000,2020,10,6,15,32004KT,18,08
2020-10-06 16:00:00.000,2020,10,6,16,01006KT,19,08
2020-10-06 17:00:00.000,2020,10,6,17,27010KT,19,10
2020-10-06 18:00:00.000,2020,10,6,18,24012KT,19,10
2020-10-06 19:00:00.000,2020,10,6,19,25010KT,20,10
2020-10-06 20:00:00.000,2020,10,6,20,24010KT,17,10
2020-10-06 21:00:00.000,2020,10,6,21,25008KT,17,10
2020-10-06 22:00:00.000,2020,10,6,22,24008KT,15,11
2020-10-06 23:00:00.000,2020,10,6,23,27004KT,14,10
2020-10-07 00:00:00.000,2020,10,7,0,34003KT,12,09
2020-10-07 01:00:00.000,2020,10,7,1,VRB02KT,11,09
2020-10-07 02:00:00.000,2020,10,7,2,35003KT,10,09
2020-10-07 03:00:00.000,2020,10,7,3,03003KT,10,09
2020-10-07 04:00:00.000,2020,10,7,4,04005KT,10,08
2020-10-07 05:00:00.000,2020,10,7,5,06005KT,10,09
2020-10-07 06:00:00.000,2020,10,7,6,05005KT,10,09
2020-10-07 07:00:00.000,2020,10,7,7,05005KT,10,08
2020-10-07 08:00:00.000,2020,10,7,8,06006KT,10,08
2020-10-07 09:00:00.000,2020,10,7,9,04006KT,09,08
2020-10-07 10:00:00.000,2020,10,7,10,04005KT,09,08
2020-10-07 10:30:00.000,2020,10,7,10,34004KT,08,09
2020-10-07 11:00:00.000,2020,10,7,11,VRB02KT,08,08
2020-10-07 12:00:00.000,2020,10,7,12,VRB02KT,09,08
2020-10-07 13:00:00.000,2020,10,7,13,05004KT,12,10
2020-10-07 14:00:00.000,2020,10,7,14,04006KT,13,10
2020-10-07 15:00:00.000,2020,10,7,15,04006KT,14,10
2020-10-07 15:25:00.000,2020,10,7,15,08007KT,16,10
2020-10-07 16:00:00.000,2020,10,7,16,110007KT,17,09
2020-10-07 17:00:00.000,2020,10,7,17,18007KT,17,08
2020-10-07 17:30:00.000,2020,10,7,17,11007KT,19,08
2020-10-07 18:00:00.000,2020,10,7,18,05009KT,17,09
2020-10-07 19:00:00.000,2020,10,7,19,09005KT,18,07
2020-10-07 20:00:00.000,2020,10,7,20,12004KT,19,07
2020-10-07 21:00:00.000,2020,10,7,21,00000KT,18,07
2020-10-07 22:00:00.000,2020,10,7,22,23007KT,16,10
2020-10-07 23:00:00.000,2020,10,7,23,32004KT,13,09
2020-10-08 00:00:00.000,2020,10,8,0,VRB02KT,11,09
2020-10-08 01:00:00.000,2020,10,8,1,VRB02KT,11,09
2020-10-08 02:00:00.000,2020,10,8,2,00000KT,10,09
2020-10-08 03:00:00.000,2020,10,8,3,VRB02KT,10,09
2020-10-08 04:00:00.000,2020,10,8,4,32003KT,10,09
2020-10-08 05:00:00.000,2020,10,8,5,VRB02KT,10,10
2020-10-08 06:00:00.000,2020,10,8,6,33003KT,11,10
2020-10-08 07:00:00.000,2020,10,8,7,36003KT,10,09
2020-10-08 08:00:00.000,2020,10,8,8,VRB02KT,10,09
2020-10-08 09:00:00.000,2020,10,8,9,VRB02KT,10,10
2020-10-08 10:00:00.000,2020,10,8,10,01003KT,11,09
2020-10-08 10:30:00.000,2020,10,8,10,05006KT,11,10
2020-10-08 11:00:00.000,2020,10,8,11,05006KT,11,10
2020-10-08 12:00:00.000,2020,10,8,12,05005KT,12,10
2020-10-08 13:00:00.000,2020,10,8,13,05006KT,13,10
2020-10-08 14:00:00.000,2020,10,8,14,VRB02KT,15,10
2020-10-08 15:00:00.000,2020,10,8,15,18004KT,17,09
2020-10-08 16:00:00.000,2020,10,8,16,07006KT,17,09
2020-10-08 17:00:00.000,2020,10,8,17,17014KT,17,10
2020-10-08 18:00:00.000,2020,10,8,18,16012KT,18,09
2020-10-08 19:00:00.000,2020,10,8,19,18014KT,18,08
2020-10-08 20:00:00.000,2020,10,8,20,17009KT,18,08
2020-10-08 21:00:00.000,2020,10,8,21,16012KT,18,07
2020-10-08 22:00:00.000,2020,10,8,22,16014KT,16,08
2020-10-08 23:00:00.000,2020,10,8,23,18010KT,16,06
2020-10-09 00:00:00.000,2020,10,9,0,14009KT,14,07
2020-10-09 01:00:00.000,2020,10,9,1,17009KT,14,08
2020-10-09 02:00:00.000,2020,10,9,2,16005KT,13,08
2020-10-09 03:00:00.000,2020,10,9,3,13007KT,13,09
2020-10-09 04:00:00.000,2020,10,9,4,06003KT,12,09
2020-10-09 05:00:00.000,2020,10,9,5,09004KT,13,08
2020-10-09 06:00:00.000,2020,10,9,6,06003KT,11,09
2020-10-09 07:00:00.000,2020,10,9,7,VRB02KT,11,09
2020-10-09 08:00:00.000,2020,10,9,8,00000KT,11,09
2020-10-09 09:00:00.000,2020,10,9,9,02003KT,11,09
2020-10-09 10:00:00.000,2020,10,9,10,05004KT,11,09
2020-10-09 10:30:00.000,2020,10,9,10,07005KT,11,10
2020-10-09 11:00:00.000,2020,10,9,11,03005KT,11,09
2020-10-09 12:00:00.000,2020,10,9,12,34004KT,11,09
2020-10-09 13:00:00.000,2020,10,9,13,03005KT,13,10
2020-10-09 14:00:00.000,2020,10,9,14,14008KT,16,07
2020-10-09 15:00:00.000,2020,10,9,15,17009KT,16,07
2020-10-09 16:00:00.000,2020,10,9,16,15008KT,17,07
2020-10-09 17:00:00.000,2020,10,9,17,15008KT,18,06
2020-10-09 18:00:00.000,2020,10,9,18,13004KT,18,06
2020-10-09 19:00:00.000,2020,10,9,19,14016KT,17,07
2020-10-09 20:00:00.000,2020,10,9,20,13008KT,19,06
2020-10-09 21:00:00.000,2020,10,9,21,09006KT,18,07
2020-10-09 22:00:00.000,2020,10,9,22,14010KT,16,06
2020-10-09 23:00:00.000,2020,10,9,23,15005KT,15,05
2020-10-10 00:00:00.000,2020,10,10,0,VRB02KT,12,07
2020-10-10 01:00:00.000,2020,10,10,1,VRB02KT,11,07
2020-10-10 02:00:00.000,2020,10,10,2,VRB02KT,11,08
2020-10-10 03:00:00.000,2020,10,10,3,VRB02KT,09,06
2020-10-10 04:00:00.000,2020,10,10,4,VRB02KT,10,08
2020-10-10 05:00:00.000,2020,10,10,5,VRB02KT,09,07
2020-10-10 06:00:00.000,2020,10,10,6,VRB02KT,07,07
2020-10-10 07:00:00.000,2020,10,10,7,VRB02KT,08,07
2020-10-10 08:00:00.000,2020,10,10,8,03005KT,09,08
2020-10-10 09:00:00.000,2020,10,10,9,VRB02KT,09,08
2020-10-10 10:00:00.000,2020,10,10,10,VRB02KT,10,09
2020-10-10 10:30:00.000,2020,10,10,10,VRB02KT,09,08
2020-10-10 11:00:00.000,2020,10,10,11,VRB02KT,10,09
2020-10-10 12:00:00.000,2020,10,10,12,06004KT,11,09
2020-10-10 13:00:00.000,2020,10,10,13,04003KT,12,09
2020-10-10 14:00:00.000,2020,10,10,14,13007KT,14,08
2020-10-10 15:00:00.000,2020,10,10,15,15012KT,15,06
2020-10-10 16:00:00.000,2020,10,10,16,01003KT,15,07
2020-10-10 17:00:00.000,2020,10,10,17,03009KT,17,10
2020-10-10 18:00:00.000,2020,10,10,18,02010KT,20,09
2020-10-10 19:00:00.000,2020,10,10,19,11006KT,20,06
2020-10-10 20:00:00.000,2020,10,10,20,09007KT,19,06
2020-10-10 21:00:00.000,2020,10,10,21,13014KT,18,07
2020-10-10 22:00:00.000,2020,10,10,22,13009KT,18,06
2020-10-10 23:00:00.000,2020,10,10,23,17011KT,16,07
2020-10-11 00:00:00.000,2020,10,11,0,16010KT,15,06
2020-10-11 01:00:00.000,2020,10,11,1,VRB02KT,13,07
2020-10-11 02:00:00.000,2020,10,11,2,35003KT,10,07
2020-10-11 03:00:00.000,2020,10,11,3,VRB02KT,10,06
2020-10-11 04:00:00.000,2020,10,11,4,04004KT,09,07
2020-10-11 05:00:00.000,2020,10,11,5,06004KT,09,07
2020-10-11 06:00:00.000,2020,10,11,6,30004KT,10,08
2020-10-11 07:00:00.000,2020,10,11,7,35004KT,09,08
2020-10-11 08:00:00.000,2020,10,11,8,04005KT,09,07
2020-10-11 09:00:00.000,2020,10,11,9,34003KT,08,07
2020-10-11 10:00:00.000,2020,10,11,10,VRB02KT,07,06
2020-10-11 10:30:00.000,2020,10,11,10,VRB02KT,06,06
2020-10-11 11:00:00.000,2020,10,11,11,VRB02KT,06,06
2020-10-11 12:00:00.000,2020,10,11,12,VRB02KT,10,09
2020-10-11 12:22:00.000,2020,10,11,12,04004KT,12,10
2020-10-11 13:00:00.000,2020,10,11,13,06005KT,14,09
2020-10-11 14:00:00.000,2020,10,11,14,15005KT,16,07
2020-10-11 15:00:00.000,2020,10,11,15,11006KT,18,07
2020-10-11 16:00:00.000,2020,10,11,16,16010KT,18,06
2020-10-11 17:00:00.000,2020,10,11,17,16008KT,19,05
2020-10-11 18:00:00.000,2020,10,11,18,16006KT,20,05
2020-10-11 19:00:00.000,2020,10,11,19,17006KT,21,05
2020-10-11 20:00:00.000,2020,10,11,20,14005KT,20,07
2020-10-11 21:00:00.000,2020,10,11,21,10006KT,19,06
2020-10-11 22:00:00.000,2020,10,11,22,10006KT,19,07
2020-10-11 23:00:00.000,2020,10,11,23,21005KT,16,10
2020-10-12 00:00:00.000,2020,10,12,0,25008KT,15,10
2020-10-12 01:00:00.000,2020,10,12,1,16010KT,15,07
2020-10-12 02:00:00.000,2020,10,12,2,32004KT,14,06
2020-10-12 03:00:00.000,2020,10,12,3,05004KT,11,08
2020-10-12 04:00:00.000,2020,10,12,4,VRB02KT,10,07
2020-10-12 05:00:00.000,2020,10,12,5,19004KT,11,07
2020-10-12 06:00:00.000,2020,10,12,6,04004KT,09,07
2020-10-12 07:00:00.000,2020,10,12,7,36007KT,29,25
2020-10-12 08:00:00.000,2020,10,12,8,VRB02KT,08,07
2020-10-12 09:00:00.000,2020,10,12,9,36003KT,08,07
2020-10-12 10:00:00.000,2020,10,12,10,05003KT,08,07
2020-10-12 10:30:00.000,2020,10,12,10,35004KT,06,05
2020-10-12 11:00:00.000,2020,10,12,11,36003KT,07,06
2020-10-12 12:00:00.000,2020,10,12,12,VRB02KT,11,10
2020-10-12 13:00:00.000,2020,10,12,13,VRB02KT,16,09
2020-10-12 14:00:00.000,2020,10,12,14,VRB02KT,17,09
2020-10-12 15:00:00.000,2020,10,12,15,VRB04KT,18,07
2020-10-12 16:00:00.000,2020,10,12,16,15008KT,20,07
2020-10-12 17:00:00.000,2020,10,12,17,25005KT,19,08
2020-10-12 18:00:00.000,2020,10,12,18,24008KT,18,09
2020-10-12 19:00:00.000,2020,10,12,19,28006KT,18,09
2020-10-12 20:00:00.000,2020,10,12,20,24006KT,18,10
2020-10-12 21:00:00.000,2020,10,12,21,23012KT,19,10
2020-10-12 21:25:00.000,2020,10,12,21,09005KT,17,10
2020-10-12 22:00:00.000,2020,10,12,22,21008KT,16,08
2020-10-12 23:00:00.000,2020,10,12,23,19008KT,16,08
2020-10-13 00:00:00.000,2020,10,13,0,19005KT,15,08
2020-10-13 01:00:00.000,2020,10,13,1,04003KT,14,09
2020-10-13 02:00:00.000,2020,10,13,2,00000KT,13,09
2020-10-13 03:00:00.000,2020,10,13,3,34003KT,13,09
2020-10-13 04:00:00.000,2020,10,13,4,16005KT,14,08
2020-10-13 05:00:00.000,2020,10,13,5,14005KT,14,07
2020-10-13 06:00:00.000,2020,10,13,6,34004KT,12,08
2020-10-13 07:00:00.000,2020,10,13,7,36003KT,12,09
2020-10-13 08:00:00.000,2020,10,13,8,VRB02KT,12,09
2020-10-13 09:00:00.000,2020,10,13,9,VRB02KT,12,09
2020-10-13 10:00:00.000,2020,10,13,10,20005KT,13,08
2020-10-13 10:30:00.000,2020,10,13,10,VRB02KT,12,09
2020-10-13 11:00:00.000,2020,10,13,11,15005KT,13,09
2020-10-13 12:00:00.000,2020,10,13,12,15005KT,14,08
2020-10-13 13:00:00.000,2020,10,13,13,16011KT,15,07
2020-10-13 14:00:00.000,2020,10,13,14,13009KT,16,07
2020-10-13 15:00:00.000,2020,10,13,15,15010KT,16,07
2020-10-13 16:00:00.000,2020,10,13,16,16014KT,18,08
2020-10-13 17:00:00.000,2020,10,13,17,16014KT,18,08
2020-10-13 18:00:00.000,2020,10,13,18,15015KT,19,07
2020-10-13 19:00:00.000,2020,10,13,19,17014KT,18,07
2020-10-13 20:00:00.000,2020,10,13,20,15011KT,19,07
2020-10-13 21:00:00.000,2020,10,13,21,16009KT,19,06
2020-10-13 22:00:00.000,2020,10,13,22,16010KT,18,06
2020-10-13 23:00:00.000,2020,10,13,23,25008KT,14,10
2020-10-14 00:00:00.000,2020,10,14,0,VRB02KT,12,10
2020-10-14 01:00:00.000,2020,10,14,1,VRB02KT,11,09
2020-10-14 02:00:00.000,2020,10,14,2,32004KT,11,09
2020-10-14 03:00:00.000,2020,10,14,3,VRB02KT,10,09
2020-10-14 04:00:00.000,2020,10,14,4,VRB02KT,10,09
2020-10-14 05:00:00.000,2020,10,14,5,27004KT,11,09
2020-10-14 06:00:00.000,2020,10,14,6,VRB02KT,09,08
2020-10-14 07:00:00.000,2020,10,14,7,VRB02KT,09,09
2020-10-14 08:00:00.000,2020,10,14,8,VRB02KT,09,08
2020-10-14 09:00:00.000,2020,10,14,9,04004KT,09,08
2020-10-14 10:00:00.000,2020,10,14,10,VRB02KT,09,08
2020-10-14 10:30:00.000,2020,10,14,10,06006KT,09,08
2020-10-14 11:00:00.000,2020,10,14,11,05006KT,09,08
2020-10-14 12:00:00.000,2020,10,14,12,03004KT,11,09
2020-10-14 13:00:00.000,2020,10,14,13,05005KT,13,09
2020-10-14 14:00:00.000,2020,10,14,14,02005KT,16,09
2020-10-14 15:00:00.000,2020,10,14,15,11004KT,18,08
2020-10-14 16:00:00.000,2020,10,14,16,14010KT,18,10
2020-10-14 17:00:00.000,2020,10,14,17,09003KT,19,07
2020-10-14 18:00:00.000,2020,10,14,18,VRB05KT,18,08
2020-10-14 19:00:00.000,2020,10,14,19,29007KT,17,11
2020-10-14 20:00:00.000,2020,10,14,20,34003KT,14,11
2020-10-14 21:00:00.000,2020,10,14,21,36006KT,15,11
2020-10-14 22:00:00.000,2020,10,14,22,33006KT,15,11
2020-10-14 23:00:00.000,2020,10,14,23,31006KT,13,10
2020-10-15 00:00:00.000,2020,10,15,0,VRB02KT,12,10
2020-10-15 01:00:00.000,2020,10,15,1,VRB02KT,12,10
2020-10-15 02:00:00.000,2020,10,15,2,VRB02KT,12,10
2020-10-15 03:00:00.000,2020,10,15,3,VRB02KT,11,10
2020-10-15 04:00:00.000,2020,10,15,4,03003KT,10,09
2020-10-15 05:00:00.000,2020,10,15,5,VRB02KT,11,09
2020-10-15 06:00:00.000,2020,10,15,6,05003KT,10,09
2020-10-15 07:00:00.000,2020,10,15,7,VRB02KT,11,09
2020-10-15 08:00:00.000,2020,10,15,8,04003KT,11,09
2020-10-15 09:00:00.000,2020,10,15,9,03003KT,11,09
2020-10-15 10:00:00.000,2020,10,15,10,03004KT,09,08
2020-10-15 10:30:00.000,2020,10,15,10,04005KT,09,08
2020-10-15 11:00:00.000,2020,10,15,11,27004KT,09,08
2020-10-15 12:00:00.000,2020,10,15,12,04003KT,12,10
2020-10-15 13:00:00.000,2020,10,15,13,VRB02KT,16,09
2020-10-15 14:00:00.000,2020,10,15,14,08004KT,17,08
2020-10-15 15:00:00.000,2020,10,15,15,08006KT,18,07
2020-10-15 16:00:00.000,2020,10,15,16,12010KT,19,06
2020-10-15 17:00:00.000,2020,10,15,17,15010KT,20,06
2020-10-15 18:00:00.000,2020,10,15,18,16010KT,19,07
2020-10-15 19:00:00.000,2020,10,15,19,16008KT,19,07
2020-10-15 20:00:00.000,2020,10,15,20,08007KT,19,07
2020-10-15 21:00:00.000,2020,10,15,21,10006KT,19,08
2020-10-15 22:00:00.000,2020,10,15,22,12010KT,18,08
2020-10-15 23:00:00.000,2020,10,15,23,14008KT,16,08
2020-10-16 00:00:00.000,2020,10,16,0,15004KT,15,07
2020-10-16 01:00:00.000,2020,10,16,1,16005KT,14,08
2020-10-16 02:00:00.000,2020,10,16,2,11004KT,14,08
2020-10-16 03:00:00.000,2020,10,16,3,35003KT,11,08
2020-10-16 04:00:00.000,2020,10,16,4,02006KT,11,08
2020-10-16 05:00:00.000,2020,10,16,5,04006KT,11,09
2020-10-16 06:00:00.000,2020,10,16,6,04006KT,12,10
2020-10-16 07:00:00.000,2020,10,16,7,07005KT,12,10
2020-10-16 08:00:00.000,2020,10,16,8,06005KT,12,10
2020-10-16 09:00:00.000,2020,10,16,9,03005KT,11,09
2020-10-16 10:00:00.000,2020,10,16,10,02005KT,11,09
2020-10-16 10:30:00.000,2020,10,16,10,07005KT,12,10
2020-10-16 11:00:00.000,2020,10,16,11,06007KT,12,09
2020-10-16 12:00:00.000,2020,10,16,12,08005KT,13,09
2020-10-16 13:00:00.000,2020,10,16,13,05007KT,14,10
2020-10-16 14:00:00.000,2020,10,16,14,10006KT,16,09
2020-10-16 15:00:00.000,2020,10,16,15,11009KT,17,08
2020-10-16 16:00:00.000,2020,10,16,16,11009KT,18,08
2020-10-16 17:00:00.000,2020,10,16,17,16011KT,18,08
2020-10-16 18:00:00.000,2020,10,16,18,11007KT,19,09
2020-10-16 19:00:00.000,2020,10,16,19,12008KT,18,08
2020-10-16 20:00:00.000,2020,10,16,20,13011KT,19,08
2020-10-16 21:00:00.000,2020,10,16,21,11008KT,17,08
2020-10-16 22:00:00.000,2020,10,16,22,09006KT,17,08
2020-10-16 23:00:00.000,2020,10,16,23,11007KT,16,08
2020-10-17 00:00:00.000,2020,10,17,0,10008KT,15,08
2020-10-17 01:00:00.000,2020,10,17,1,12010KT,14,08
2020-10-17 02:00:00.000,2020,10,17,2,10005KT,14,08
2020-10-17 03:00:00.000,2020,10,17,3,06006KT,13,08
2020-10-17 04:00:00.000,2020,10,17,4,35004KT,10,07
2020-10-17 05:00:00.000,2020,10,17,5,05006KT,10,07
2020-10-17 06:00:00.000,2020,10,17,6,05006KT,09,07
2020-10-17 07:00:00.000,2020,10,17,7,VRB02KT,09,07
2020-10-17 08:00:00.000,2020,10,17,8,02003KT,08,06
2020-10-17 09:00:00.000,2020,10,17,9,04006KT,09,07
2020-10-17 10:00:00.000,2020,10,17,10,35004KT,07,06
2020-10-17 10:30:00.000,2020,10,17,10,01003KT,08,06
2020-10-17 11:00:00.000,2020,10,17,11,34004KT,08,07
2020-10-17 12:00:00.000,2020,10,17,12,32004KT,10,08
2020-10-17 13:00:00.000,2020,10,17,13,06006KT,13,09
2020-10-17 14:00:00.000,2020,10,17,14,03007KT,14,09
2020-10-17 15:00:00.000,2020,10,17,15,05007KT,15,08
2020-10-17 16:00:00.000,2020,10,17,16,13008KT,18,07
2020-10-17 17:00:00.000,2020,10,17,17,15009KT,18,07
2020-10-17 18:00:00.000,2020,10,17,18,10010KT,17,08
2020-10-17 19:00:00.000,2020,10,17,19,14006KT,18,08
2020-10-17 20:00:00.000,2020,10,17,20,16007KT,17,08
2020-10-17 21:00:00.000,2020,10,17,21,13009KT,17,08
2020-10-17 22:00:00.000,2020,10,17,22,09004KT,17,07
2020-10-17 23:00:00.000,2020,10,17,23,10005KT,16,08
2020-10-18 00:00:00.000,2020,10,18,0,09004KT,15,08
2020-10-18 01:00:00.000,2020,10,18,1,10003KT,14,07
2020-10-18 02:00:00.000,2020,10,18,2,VRB02KT,12,07
2020-10-18 03:00:00.000,2020,10,18,3,04003KT,12,08
2020-10-18 04:00:00.000,2020,10,18,4,VRB02KT,12,08
2020-10-18 05:00:00.000,2020,10,18,5,01003KT,12,08
2020-10-18 06:00:00.000,2020,10,18,6,06004KT,11,08
2020-10-18 07:00:00.000,2020,10,18,7,35003KT,10,08
2020-10-18 08:00:00.000,2020,10,18,8,VRB02KT,10,08
2020-10-18 09:00:00.000,2020,10,18,9,05004KT,10,08
2020-10-18 10:00:00.000,2020,10,18,10,VRB02KT,10,08
2020-10-18 10:30:00.000,2020,10,18,10,03004KT,10,08
2020-10-18 11:00:00.000,2020,10,18,11,01003KT,10,08
2020-10-18 12:00:00.000,2020,10,18,12,05005KT,12,10
2020-10-18 12:35:00.000,2020,10,18,12,06006KT,14,10
2020-10-18 13:00:00.000,2020,10,18,13,08005KT,15,09
2020-10-18 13:24:00.000,2020,10,18,13,09005KT,17,09
2020-10-18 14:00:00.000,2020,10,18,14,17005KT,16,08
2020-10-18 15:00:00.000,2020,10,18,15,16006KT,17,08
2020-10-18 16:00:00.000,2020,10,18,16,16011KT,18,08
2020-10-18 17:00:00.000,2020,10,18,17,09005KT,18,08
2020-10-18 18:00:00.000,2020,10,18,18,13007KT,18,08
2020-10-18 19:00:00.000,2020,10,18,19,07007KT,19,08
2020-10-18 20:00:00.000,2020,10,18,20,05007KT,19,08
2020-10-18 21:00:00.000,2020,10,18,21,06010KT,17,09
2020-10-18 22:00:00.000,2020,10,18,22,04008KT,17,08
2020-10-18 23:00:00.000,2020,10,18,23,05007KT,14,09
2020-10-19 00:00:00.000,2020,10,19,0,06006KT,14,09
2020-10-19 01:00:00.000,2020,10,19,1,03004KT,15,08
2020-10-19 02:00:00.000,2020,10,19,2,06007KT,14,09
2020-10-19 03:00:00.000,2020,10,19,3,04004KT,13,09
2020-10-19 04:00:00.000,2020,10,19,4,02004KT,13,09
2020-10-19 05:00:00.000,2020,10,19,5,06005KT,12,10
2020-10-19 06:00:00.000,2020,10,19,6,04005KT,12,09
2020-10-19 07:00:00.000,2020,10,19,7,04005KT,12,09
2020-10-19 08:00:00.000,2020,10,19,8,01004KT,11,08
2020-10-19 09:00:00.000,2020,10,19,9,VRB02KT,11,09
2020-10-19 10:00:00.000,2020,10,19,10,VRB02KT,11,09
2020-10-19 10:30:00.000,2020,10,19,10,VRB02KT,11,09
2020-10-19 11:00:00.000,2020,10,19,11,VRB02KT,11,09
2020-10-19 12:00:00.000,2020,10,19,12,06004KT,12,09
2020-10-19 12:23:00.000,2020,10,19,12,05004KT,14,09
2020-10-19 13:00:00.000,2020,10,19,13,VRB02KT,16,09
2020-10-19 14:00:00.000,2020,10,19,14,26006KT,18,10
2020-10-19 15:00:00.000,2020,10,19,15,33004KT,18,09
2020-10-19 16:00:00.000,2020,10,19,16,34004KT,18,09
2020-10-19 17:00:00.000,2020,10,19,17,2700KT,18,11
2020-10-19 18:00:00.000,2020,10,19,18,24008KT,19,11
2020-10-19 19:00:00.000,2020,10,19,19,26010KT,19,11
2020-10-19 20:00:00.000,2020,10,19,20,24013KT,18,11
2020-10-19 21:00:00.000,2020,10,19,21,24006KT,15,09
2020-10-19 22:00:00.000,2020,10,19,22,25003KT,16,10
2020-10-19 23:00:00.000,2020,10,19,23,VRB02KT,14,10
2020-10-20 00:00:00.000,2020,10,20,0,00000KT,13,10
2020-10-20 01:00:00.000,2020,10,20,1,34003KT,12,10
2020-10-20 02:00:00.000,2020,10,20,2,VRB02KT,11,09
2020-10-20 03:00:00.000,2020,10,20,3,02003KT,11,09
2020-10-20 04:00:00.000,2020,10,20,4,02003KT,12,10
2020-10-20 05:00:00.000,2020,10,20,5,01003KT,11,10
2020-10-20 07:00:00.000,2020,10,20,7,28004KT,10,08
2020-10-20 08:00:00.000,2020,10,20,8,VRB02KT,10,09
2020-10-20 09:00:00.000,2020,10,20,9,00000KT,11,09
2020-10-20 10:00:00.000,2020,10,20,10,VRB02KT,11,09
2020-10-20 10:30:00.000,2020,10,20,10,04003KT,11,09
2020-10-20 11:00:00.000,2020,10,20,11,05003KT,12,09
2020-10-20 12:00:00.000,2020,10,20,12,VRB02KT,14,10
2020-10-20 13:00:00.000,2020,10,20,13,VRB02KT,16,09
2020-10-20 14:00:00.000,2020,10,20,14,16004KT,18,08
2020-10-20 15:00:00.000,2020,10,20,15,28004KT,19,09
2020-10-20 16:00:00.000,2020,10,20,16,12005KT,19,06
2020-10-20 17:00:00.000,2020,10,20,17,22011KT,21,09
2020-10-20 18:00:00.000,2020,10,20,18,24009KT,21,09
2020-10-20 19:00:00.000,2020,10,20,19,26013KT,20,10
2020-10-20 20:00:00.000,2020,10,20,20,25010KT,19,10
2020-10-20 21:00:00.000,2020,10,20,21,25010KT,19,10
2020-10-20 22:00:00.000,2020,10,20,22,27006KT,19,10
2020-10-20 23:00:00.000,2020,10,20,23,25008KT,17,11
2020-10-21 00:00:00.000,2020,10,21,0,07003KT,14,11
2020-10-21 01:00:00.000,2020,10,21,1,03005KT,14,12
2020-10-21 02:00:00.000,2020,10,21,2,04005KT,13,11
2020-10-21 03:00:00.000,2020,10,21,3,19006KT,14,10
2020-10-21 04:00:00.000,2020,10,21,4,04004KT,13,11
2020-10-21 05:00:00.000,2020,10,21,5,05005KT,13,11
2020-10-21 06:00:00.000,2020,10,21,6,08006KT,14,10
2020-10-21 07:00:00.000,2020,10,21,7,05007KT,12,10
2020-10-21 08:00:00.000,2020,10,21,8,03007KT,12,10
2020-10-21 09:00:00.000,2020,10,21,9,03006KT,12,10
2020-10-21 10:00:00.000,2020,10,21,10,VRB02KT,12,10
2020-10-21 10:30:00.000,2020,10,21,10,05003KT,12,10
2020-10-21 11:00:00.000,2020,10,21,11,04003KT,12,10
2020-10-21 12:00:00.000,2020,10,21,12,03004KT,14,11
2020-10-21 13:00:00.000,2020,10,21,13,04003KT,16,11
2020-10-21 14:00:00.000,2020,10,21,14,14013KT,17,09
2020-10-21 15:00:00.000,2020,10,21,15,15009KT,18,09
2020-10-21 16:00:00.000,2020,10,21,16,14012KT,19,09
2020-10-21 17:00:00.000,2020,10,21,17,12009KT,19,08
2020-10-21 18:00:00.000,2020,10,21,18,13013KT,20,09
2020-10-21 19:00:00.000,2020,10,21,19,13010KT,18,09
2020-10-21 20:00:00.000,2020,10,21,20,09008KT,20,09
2020-10-21 21:00:00.000,2020,10,21,21,14014KT,18,08
2020-10-21 22:00:00.000,2020,10,21,22,13008KT,17,08
2020-10-21 23:00:00.000,2020,10,21,23,08005KT,16,08
2020-10-22 00:00:00.000,2020,10,22,0,11005KT,16,08
2020-10-22 01:00:00.000,2020,10,22,1,12005KT,15,08
2020-10-22 02:00:00.000,2020,10,22,2,19004KT,14,08
2020-10-22 03:00:00.000,2020,10,22,3,04004KT,11,08
2020-10-22 04:00:00.000,2020,10,22,4,VRB02KT,13,08
2020-10-22 05:00:00.000,2020,10,22,5,VRB002KT,12,08
2020-10-22 06:00:00.000,2020,10,22,6,VRB02KT,09,07
2020-10-22 07:00:00.000,2020,10,22,7,04004KT,10,09
2020-10-22 08:00:00.000,2020,10,22,8,09005KT,13,08
2020-10-22 09:00:00.000,2020,10,22,9,06004KT,13,08
2020-10-22 10:00:00.000,2020,10,22,10,04007KT,11,09
2020-10-22 10:30:00.000,2020,10,22,10,05004KT,12,10
2020-10-22 11:00:00.000,2020,10,22,11,06006KT,12,10
2020-10-22 12:00:00.000,2020,10,22,12,08006KT,12,09
2020-10-22 13:00:00.000,2020,10,22,13,05008KT,12,10
2020-10-22 14:00:00.000,2020,10,22,14,06008KT,14,09
2020-10-22 14:20:00.000,2020,10,22,14,06010KT,16,10
2020-10-22 15:00:00.000,2020,10,22,15,03007KT,17,11
2020-10-22 16:00:00.000,2020,10,22,16,09008KT,18,07
2020-10-22 17:00:00.000,2020,10,22,17,07008KT,18,07
2020-10-22 18:00:00.000,2020,10,22,18,13010KT,17,07
2020-10-22 19:00:00.000,2020,10,22,19,15011KT,18,08
2020-10-22 20:00:00.000,2020,10,22,20,11008KT,18,07
2020-10-22 21:00:00.000,2020,10,22,21,15008KT,19,06
2020-10-22 22:00:00.000,2020,10,22,22,11008KT,18,07
2020-10-22 23:00:00.000,2020,10,22,23,15010KT,17,07
2020-10-23 00:00:00.000,2020,10,23,0,14011KT,15,07
2020-10-23 01:00:00.000,2020,10,23,1,15007KT,13,08
2020-10-23 02:00:00.000,2020,10,23,2,11004KT,14,09
2020-10-23 03:00:00.000,2020,10,23,3,17005KT,14,09
2020-10-23 04:00:00.000,2020,10,23,4,VRB02KT,12,10
2020-10-23 05:00:00.000,2020,10,23,5,34003KT,11,10
2020-10-23 06:00:00.000,2020,10,23,6,VRB02KT,11,10
2020-10-23 07:00:00.000,2020,10,23,7,03003KT,11,10
2020-10-23 08:00:00.000,2020,10,23,8,04003KT,11,10
2020-10-23 09:00:00.000,2020,10,23,9,VRB02KT,10,09
2020-10-23 10:00:00.000,2020,10,23,10,05005KT,11,09
2020-10-23 10:30:00.000,2020,10,23,10,02004KT,11,09
2020-10-23 11:00:00.000,2020,10,23,11,04004KT,10,09
2020-10-23 12:00:00.000,2020,10,23,12,05008KT,13,10
2020-10-23 12:40:00.000,2020,10,23,12,07007KT,15,10
2020-10-23 13:00:00.000,2020,10,23,13,10005KT,16,09
2020-10-23 14:00:00.000,2020,10,23,14,14008KT,18,08
2020-10-23 15:00:00.000,2020,10,23,15,14010KT,20,07
2020-10-23 16:00:00.000,2020,10,23,16,11010KT,20,09
2020-10-23 17:00:00.000,2020,10,23,17,16012KT,20,07
2020-10-23 18:00:00.000,2020,10,23,18,14010KT,19,07
2020-10-23 19:00:00.000,2020,10,23,19,11010KT,19,07
2020-10-23 20:00:00.000,2020,10,23,20,10006KT,19,07
2020-10-23 21:00:00.000,2020,10,23,21,06006KT,19,07
2020-10-23 22:00:00.000,2020,10,23,22,09008KT,18,07
2020-10-23 23:00:00.000,2020,10,23,23,26006KT,10,10
2020-10-24 00:00:00.000,2020,10,24,0,VRB02KT,15,10
2020-10-24 01:00:00.000,2020,10,24,1,29004KT,14,09
2020-10-24 02:00:00.000,2020,10,24,2,32004KT,13,10
2020-10-24 03:00:00.000,2020,10,24,3,VRB02KT,13,09
2020-10-24 04:00:00.000,2020,10,24,4,07004T,15,08
2020-10-24 05:00:00.000,2020,10,24,5,VRB02KT,14,08
2020-10-24 06:00:00.000,2020,10,24,6,16005KT,12,10
2020-10-24 07:00:00.000,2020,10,24,7,VRB02KT,11,10
2020-10-24 08:00:00.000,2020,10,24,8,02004KT,11,10
2020-10-24 09:00:00.000,2020,10,24,9,VRB02KT,11,10
2020-10-24 10:00:00.000,2020,10,24,10,VRB02KT,11,10
2020-10-24 10:30:00.000,2020,10,24,10,VRB02KT,11,10
2020-10-24 11:00:00.000,2020,10,24,11,VRB02KT,11,17
2020-10-24 12:00:00.000,2020,10,24,12,VRB02KT,11,10
2020-10-24 13:00:00.000,2020,10,24,13,06005KT,13,11
2020-10-24 14:00:00.000,2020,10,24,14,05005KT,14,11
2020-10-24 15:00:00.000,2020,10,24,15,28003KT,17,10
2020-10-24 16:00:00.000,2020,10,24,16,05008KT,17,11
2020-10-24 17:00:00.000,2020,10,24,17,03006KT,16,11
2020-10-24 18:00:00.000,2020,10,24,18,15007KT,18,07
2020-10-24 19:00:00.000,2020,10,24,19,14008KT,18,08
2020-10-24 20:00:00.000,2020,10,24,20,04007KT,17,08
2020-10-24 21:00:00.000,2020,10,24,21,09003KT,18,08
2020-10-24 22:00:00.000,2020,10,24,22,29005KT,16,10
2020-10-24 23:00:00.000,2020,10,24,23,32003KT,14,11
2020-10-25 00:00:00.000,2020,10,25,0,VRB02KT,13,10
2020-10-25 01:00:00.000,2020,10,25,1,33004KT,12,09
2020-10-25 02:00:00.000,2020,10,25,2,00000KT,11,09
2020-10-25 03:00:00.000,2020,10,25,3,00000KT,12,10
2020-10-25 04:00:00.000,2020,10,25,4,02003KT,11,10
2020-10-25 05:00:00.000,2020,10,25,5,02003KT,11,09
2020-10-25 06:00:00.000,2020,10,25,6,02003KT,10,08
2020-10-25 07:00:00.000,2020,10,25,7,VRB02KT,08,07
2020-10-25 08:00:00.000,2020,10,25,8,VRB02KT,07,06
2020-10-25 09:00:00.000,2020,10,25,9,02003KT,06,05
2020-10-25 10:00:00.000,2020,10,25,10,VRB02KT,08,07
2020-10-25 10:30:00.000,2020,10,25,10,07003KT,07,07
2020-10-25 11:00:00.000,2020,10,25,11,02004KT,07,07
2020-10-25 11:10:00.000,2020,10,25,11,36004KT,07,06
2020-10-25 12:00:00.000,2020,10,25,12,04005KT,08,08
2020-10-25 13:00:00.000,2020,10,25,13,01004KT,10,10
2020-10-25 14:00:00.000,2020,10,25,14,VRB02KT,15,12
2020-10-25 15:00:00.000,2020,10,25,15,33003KT,18,10
2020-10-25 16:00:00.000,2020,10,25,16,VRB02KT,21,07
2020-10-25 17:00:00.000,2020,10,25,17,23004KT,20,07
2020-10-25 18:00:00.000,2020,10,25,18,24010KT,18,11
2020-10-25 19:00:00.000,2020,10,25,19,30008KT,18,11
2020-10-25 20:00:00.000,2020,10,25,20,30009KT,19,11
2020-10-25 21:00:00.000,2020,10,25,21,21007KT,18,11
2020-10-25 21:15:00.000,2020,10,25,21,26011KT,15,13
2020-10-25 22:00:00.000,2020,10,25,22,25006G16KT,15,13
2020-10-25 23:00:00.000,2020,10,25,23,21003KT,14,13
2020-10-26 00:00:00.000,2020,10,26,0,21004KT,14,13
2020-10-26 01:00:00.000,2020,10,26,1,33003KT,13,11
2020-10-26 02:00:00.000,2020,10,26,2,31004KT,12,11
2020-10-26 03:00:00.000,2020,10,26,3,VRB02KT,12,11
2020-10-26 04:00:00.000,2020,10,26,4,VRB02KT,12,11
2020-10-26 05:00:00.000,2020,10,26,5,VRB02KT,12,11
2020-10-26 06:00:00.000,2020,10,26,6,VRB02KT,12,11
2020-10-26 07:00:00.000,2020,10,26,7,VRB02KT,11,10
2020-10-26 08:00:00.000,2020,10,26,8,VRB02KT,12,11
2020-10-26 09:00:00.000,2020,10,26,9,VRB02KT,11,10
2020-10-26 10:00:00.000,2020,10,26,10,VRB02KT,11,10
2020-10-26 10:30:00.000,2020,10,26,10,VRB02KT,11,10
2020-10-26 11:00:00.000,2020,10,26,11,VRB02KT,11,10
2020-10-26 12:00:00.000,2020,10,26,12,17003KT,13,11
2020-10-26 13:00:00.000,2020,10,26,13,01003KT,15,12
2020-10-26 14:00:00.000,2020,10,26,14,02003KT,18,12
2020-10-26 15:00:00.000,2020,10,26,15,26003KT,19,10
2020-10-26 16:00:00.000,2020,10,26,16,15003KT,20,09
2020-10-26 17:00:00.000,2020,10,26,17,27010KT,20,12
2020-10-26 18:00:00.000,2020,10,26,18,22010KT,20,12
2020-10-26 19:00:00.000,2020,10,26,19,26012KT,19,11
2020-10-26 20:00:00.000,2020,10,26,20,27012KT,18,12
2020-10-26 21:00:00.000,2020,10,26,21,28010KT,18,11
2020-10-26 22:00:00.000,2020,10,26,22,28008KT,16,12
2020-10-26 23:00:00.000,2020,10,26,23,28008KT,15,12
2020-10-27 00:00:00.000,2020,10,27,0,30004KT,14,13
2020-10-27 01:00:00.000,2020,10,27,1,31004KT,14,11
2020-10-27 02:00:00.000,2020,10,27,2,27005KT,13,10
2020-10-27 03:00:00.000,2020,10,27,3,32005KT,12,10
2020-10-27 04:00:00.000,2020,10,27,4,28003KT,13,11
2020-10-27 05:00:00.000,2020,10,27,5,28004KT,14,11
2020-10-27 06:00:00.000,2020,10,27,6,31006KT,11,10
2020-10-27 07:00:00.000,2020,10,27,7,29003KT,12,11
2020-10-27 08:00:00.000,2020,10,27,8,00000KT,12,11
2020-10-27 09:00:00.000,2020,10,27,9,31005KT,11,10
2020-10-27 10:00:00.000,2020,10,27,10,VRB02KT,11,10
2020-10-27 10:30:00.000,2020,10,27,10,VRB02KT,11,10
2020-10-27 11:00:00.000,2020,10,27,11,VRB02KT,11,10
2020-10-27 11:26:00.000,2020,10,27,11,33004KT,10,09
2020-10-27 12:00:00.000,2020,10,27,12,VRB02KT,12,11
2020-10-27 13:00:00.000,2020,10,27,13,22003KT,15,11
2020-10-27 14:00:00.000,2020,10,27,14,29003KT,17,11
2020-10-27 15:00:00.000,2020,10,27,15,31005KT,18,11
2020-10-27 16:00:00.000,2020,10,27,16,VRB02KT,20,11
2020-10-27 17:00:00.000,2020,10,27,17,VRB04KT,21,10
2020-10-27 18:00:00.000,2020,10,27,18,32010KT,20,11
2020-10-27 19:00:00.000,2020,10,27,19,26010KT,20,12
2020-10-27 20:00:00.000,2020,10,27,20,26013KT,19,11
2020-10-27 20:40:00.000,2020,10,27,20,32010KT,18,10
2020-10-27 21:00:00.000,2020,10,27,21,33006KT,17,10
2020-10-27 21:30:00.000,2020,10,27,21,20010KT,16,12
2020-10-27 22:00:00.000,2020,10,27,22,16004KT,15,11
2020-10-27 23:00:00.000,2020,10,27,23,05003KT,14,12
2020-10-28 00:00:00.000,2020,10,28,0,VRB02KT,14,12
2020-10-28 01:00:00.000,2020,10,28,1,32008KT,14,12
2020-10-28 02:00:00.000,2020,10,28,2,VRB02KT,14,12
2020-10-28 03:00:00.000,2020,10,28,3,VRB02KT,14,12
2020-10-28 04:00:00.000,2020,10,28,4,VRB02KT,14,12
2020-10-28 05:00:00.000,2020,10,28,5,VRB02KT,13,11
2020-10-28 06:00:00.000,2020,10,28,6,28004KT,13,11
2020-10-28 07:00:00.000,2020,10,28,7,VRB02KT,12,11
2020-10-28 08:00:00.000,2020,10,28,8,VRB02KT,11,10
2020-10-28 09:00:00.000,2020,10,28,9,VRB02KT,11,10
2020-10-28 10:00:00.000,2020,10,28,10,VRB02KT,11,10
2020-10-28 11:00:00.000,2020,10,28,11,04004KT,10,09
2020-10-28 12:00:00.000,2020,10,28,12,05003KT,12,11
2020-10-28 14:00:00.000,2020,10,28,14,04004KT,17,12
2020-10-28 15:00:00.000,2020,10,28,15,06005KT,19,10
2020-10-28 16:00:00.000,2020,10,28,16,30006KT,20,10
2020-10-28 17:00:00.000,2020,10,28,17,32008KT,21,09
2020-10-28 18:00:00.000,2020,10,28,18,28015KT,18,13
2020-10-28 19:00:00.000,2020,10,28,19,28017KT,18,11
2020-10-28 20:00:00.000,2020,10,28,20,27010KT,16,12
2020-10-28 20:10:00.000,2020,10,28,20,25008KT,15,12
2020-10-28 21:00:00.000,2020,10,28,21,24005KT,15,12
2020-10-28 22:00:00.000,2020,10,28,22,02004KT,15,12
2020-10-29 00:00:00.000,2020,10,29,0,32004KT,12,11
2020-10-29 01:00:00.000,2020,10,29,1,VRB02KT,12,11
2020-10-29 02:00:00.000,2020,10,29,2,27005KT,13,11
2020-10-29 03:00:00.000,2020,10,29,3,25006KT,13,11
2020-10-29 04:00:00.000,2020,10,29,4,25003KT,12,10
2020-10-29 05:00:00.000,2020,10,29,5,VRB02KT,10,09
2020-10-29 06:00:00.000,2020,10,29,6,VRB02KT,10,09
2020-10-29 07:00:00.000,2020,10,29,7,00000KT,09,08
2020-10-29 08:00:00.000,2020,10,29,8,15003KT,11,10
2020-10-29 09:00:00.000,2020,10,29,9,01003KT,10,09
2020-10-29 10:00:00.000,2020,10,29,10,01003KT,10,09
2020-10-29 10:22:00.000,2020,10,29,10,02004KT,08,08
2020-10-29 10:30:00.000,2020,10,29,10,03004KT,09,08
2020-10-29 11:00:00.000,2020,10,29,11,35003KT,09,09
2020-10-29 11:30:00.000,2020,10,29,11,01004KT,09,09
2020-10-29 12:00:00.000,2020,10,29,12,05003KT,10,10
2020-10-29 12:30:00.000,2020,10,29,12,VRB02KT,11,11
2020-10-29 13:00:00.000,2020,10,29,13,VRB02KT,12,12
2020-10-29 14:00:00.000,2020,10,29,14,30004KT,14,14
2020-10-29 15:00:00.000,2020,10,29,15,01003KT,17,09
2020-10-29 16:00:00.000,2020,10,29,16,18003KT,20,10
2020-10-29 17:00:00.000,2020,10,29,17,23004KT,21,08
2020-10-29 18:00:00.000,2020,10,29,18,31009KT,21,10
2020-10-29 19:00:00.000,2020,10,29,19,28015KT,19,11
2020-10-29 20:00:00.000,2020,10,29,20,27013KT,17,12
2020-10-29 21:00:00.000,2020,10,29,21,29010KT,17,12
2020-10-29 22:00:00.000,2020,10,29,22,31007KT,15,12
2020-10-29 23:00:00.000,2020,10,29,23,32005KT,14,12
2020-10-30 00:00:00.000,2020,10,30,0,31006KT,14,11
2020-10-30 01:00:00.000,2020,10,30,1,02004KT,13,11
2020-10-30 02:00:00.000,2020,10,30,2,32004KT,12,11
2020-10-30 03:00:00.000,2020,10,30,3,VRB02KT,12,11
2020-10-30 04:00:00.000,2020,10,30,4,25004KT,12,11
2020-10-30 05:00:00.000,2020,10,30,5,24004KT,12,11
2020-10-30 06:00:00.000,2020,10,30,6,27004KT,11,10
2020-10-30 07:00:00.000,2020,10,30,7,VRB02KT,10,09
2020-10-30 08:00:00.000,2020,10,30,8,VRB02KT,10,09
2020-10-30 09:00:00.000,2020,10,30,9,VRB02KT,10,09
2020-10-30 10:00:00.000,2020,10,30,10,VRB02KT,12,11
2020-10-30 10:30:00.000,2020,10,30,10,VRB02KT,12,11
2020-10-30 11:00:00.000,2020,10,30,11,VRB02KT,11,10
2020-10-30 12:00:00.000,2020,10,30,12,28004KT,12,11
2020-10-30 13:00:00.000,2020,10,30,13,33003KT,15,11
2020-10-30 14:00:00.000,2020,10,30,14,34004KT,15,12
2020-10-30 15:00:00.000,2020,10,30,15,27003KT,18,09
2020-10-30 16:00:00.000,2020,10,30,16,34003KT,20,11
2020-10-30 17:00:00.000,2020,10,30,17,33006KT,18,11
2020-10-30 18:00:00.000,2020,10,30,18,31011KT,18,11
2020-10-30 19:00:00.000,2020,10,30,19,28011KT,18,10
2020-10-30 20:00:00.000,2020,10,30,20,31008KT,17,13
2020-10-30 21:00:00.000,2020,10,30,21,27005KT,17,12
2020-10-30 22:00:00.000,2020,10,30,22,27007KT,17,11
2020-10-30 23:00:00.000,2020,10,30,23,26005KT,15,11
2020-10-31 00:00:00.000,2020,10,31,0,21004KT,15,11
2020-10-31 01:00:00.000,2020,10,31,1,26004KT,13,11
2020-10-31 02:00:00.000,2020,10,31,2,VRB02KT,13,11
2020-10-31 03:00:00.000,2020,10,31,3,VRB02KT,11,10
2020-10-31 04:00:00.000,2020,10,31,4,VRB02KT,12,11
2020-10-31 05:00:00.000,2020,10,31,5,32003KT,13,11
2020-10-31 06:00:00.000,2020,10,31,6,01003KT,12,11
2020-10-31 07:00:00.000,2020,10,31,7,VRB02KT,12,11
2020-10-31 08:00:00.000,2020,10,31,8,VRB02KT,11,11
2020-10-31 09:00:00.000,2020,10,31,9,VRB02KT,11,11
2020-10-31 10:00:00.000,2020,10,31,10,04005KT,11,11
2020-10-31 10:30:00.000,2020,10,31,10,VRB02KT,11,11
2020-10-31 11:00:00.000,2020,10,31,11,01003KT,11,11
2020-10-31 11:30:00.000,2020,10,31,11,VRB02KT,12,11
2020-10-31 12:00:00.000,2020,10,31,12,32004KT,12,11
2020-10-31 13:00:00.000,2020,10,31,13,36003KT,13,12
2020-10-31 14:00:00.000,2020,10,31,14,28006KT,16,12
2020-10-31 15:00:00.000,2020,10,31,15,32009KT,17,12
2020-10-31 15:10:00.000,2020,10,31,15,31010KT,16,12
2020-10-31 16:00:00.000,2020,10,31,16,32010KT,16,12
2020-10-31 17:00:00.000,2020,10,31,17,32009KT,15,11
2020-10-31 18:00:00.000,2020,10,31,18,27006KT,16,10
2020-10-31 19:00:00.000,2020,10,31,19,25005KT,18,09
2020-10-31 20:00:00.000,2020,10,31,20,274004KT,19,09
2020-10-31 21:00:00.000,2020,10,31,21,25010KT,17,11
2020-10-31 22:00:00.000,2020,10,31,22,28008KT,16,11
2020-10-31 23:00:00.000,2020,10,31,23,26008KT,15,11
2020-11-01 00:00:00.000,2020,11,1,0,26004KT,15,11
2020-11-01 01:00:00.000,2020,11,1,1,24005KT,14,11
2020-11-01 02:00:00.000,2020,11,1,2,27003KT,14,11
2020-11-01 03:00:00.000,2020,11,1,3,30004KT,13,11
2020-11-01 04:00:00.000,2020,11,1,4,VRB02KT,12,10
2020-11-01 05:00:00.000,2020,11,1,5,VRB02KT,11,10
2020-11-01 06:00:00.000,2020,11,1,6,VRB02KT,12,11
2020-11-01 07:00:00.000,2020,11,1,7,30003KT,12,11
2020-11-01 08:00:00.000,2020,11,1,8,35003KT,12,11
2020-11-01 09:00:00.000,2020,11,1,9,29004KT,12,12
2020-11-01 10:00:00.000,2020,11,1,10,VRB02KT,12,11
2020-11-01 10:30:00.000,2020,11,1,10,25003KT,12,12
2020-11-01 11:00:00.000,2020,11,1,11,31003KT,12,11
2020-11-01 12:00:00.000,2020,11,1,12,VRB02KT,13,12
2020-11-01 13:00:00.000,2020,11,1,13,31003KT,14,13
2020-11-01 14:00:00.000,2020,11,1,14,VRB02KT,15,11
2020-11-01 15:00:00.000,2020,11,1,15,25003KT,18,11
2020-11-01 16:00:00.000,2020,11,1,16,27005KT,19,10
2020-11-01 17:00:00.000,2020,11,1,17,29008KT,20,11
2020-11-01 18:00:00.000,2020,11,1,18,23009KT,18,12
2020-11-01 19:00:00.000,2020,11,1,19,27011KT,18,11
2020-11-01 19:35:00.000,2020,11,1,19,28011KT,17,11
2020-11-01 20:00:00.000,2020,11,1,20,27008KT,16,11
2020-11-01 21:00:00.000,2020,11,1,21,29006KT,16,12
2020-11-01 22:00:00.000,2020,11,1,22,VRB02KT,15,12
2020-11-01 23:00:00.000,2020,11,1,23,32004KT,14,12
2020-11-02 00:00:00.000,2020,11,2,0,30004KT,14,12
2020-11-02 01:00:00.000,2020,11,2,1,VRB02KT,14,12
2020-11-02 02:00:00.000,2020,11,2,2,30004KT,14,11
2020-11-02 03:00:00.000,2020,11,2,3,VRB02KT,13,12
2020-11-02 04:00:00.000,2020,11,2,4,VRB02KT,13,11
2020-11-02 05:00:00.000,2020,11,2,5,VRB02KT,12,11
2020-11-02 06:00:00.000,2020,11,2,6,33003KT,11,10
2020-11-02 07:00:00.000,2020,11,2,7,VRB02KT,12,11
2020-11-02 08:00:00.000,2020,11,2,8,05003KT,12,11
2020-11-02 09:00:00.000,2020,11,2,9,VRB02KT,12,11
2020-11-02 10:00:00.000,2020,11,2,10,33003KT,12,11
2020-11-02 10:30:00.000,2020,11,2,10,02004KT,12,11
2020-11-02 11:00:00.000,2020,11,2,11,VRB02KT,12,11
2020-11-02 12:00:00.000,2020,11,2,12,VRB02KT,12,12
2020-11-02 13:00:00.000,2020,11,2,13,04005KT,15,11
2020-11-02 14:00:00.000,2020,11,2,14,36005KT,17,10
2020-11-02 15:00:00.000,2020,11,2,15,26005KT,19,10
2020-11-02 16:00:00.000,2020,11,2,16,02004KT,20,09
2020-11-02 17:00:00.000,2020,11,2,17,28009KT,21,11
2020-11-02 18:00:00.000,2020,11,2,18,28012KT,21,11
2020-11-02 19:00:00.000,2020,11,2,19,29013KT,21,10
2020-11-02 20:00:00.000,2020,11,2,20,27011KT,20,10
2020-11-02 21:00:00.000,2020,11,2,21,27011KT,18,11
2020-11-02 22:00:00.000,2020,11,2,22,26006KT,17,11
2020-11-02 23:00:00.000,2020,11,2,23,26006KT,16,11
2020-11-03 00:00:00.000,2020,11,3,0,25005KT,15,12
2020-11-03 01:00:00.000,2020,11,3,1,24003KT,13,11
2020-11-03 02:00:00.000,2020,11,3,2,VRB02KT,13,12
2020-11-03 03:00:00.000,2020,11,3,3,27004KT,13,11
2020-11-03 04:00:00.000,2020,11,3,4,27003KT,12,10
2020-11-03 05:00:00.000,2020,11,3,5,31004KT,10,09
2020-11-03 06:00:00.000,2020,11,3,6,VRB02KT,09,08
2020-11-03 07:00:00.000,2020,11,3,7,00000KT,10,09
2020-11-03 08:00:00.000,2020,11,3,8,VRB02KT,10,10
2020-11-03 09:00:00.000,2020,11,3,9,31005KT,10,10
2020-11-03 10:00:00.000,2020,11,3,10,VRB02KT,09,09
2020-11-03 10:30:00.000,2020,11,3,10,30005KT,10,10
2020-11-03 11:00:00.000,2020,11,3,11,31004KT,10,10
2020-11-03 12:00:00.000,2020,11,3,12,VRB02KT,11,11
2020-11-03 13:00:00.000,2020,11,3,13,VRB02KT,14,12
2020-11-03 14:00:00.000,2020,11,3,14,VRB02KT,18,11
2020-11-03 15:00:00.000,2020,11,3,15,30006KT,18,09
2020-11-03 16:00:00.000,2020,11,3,16,22003KT,19,09
2020-11-03 17:00:00.000,2020,11,3,17,29009KT,20,11
2020-11-03 18:00:00.000,2020,11,3,18,27012KT,19,11
2020-11-03 19:00:00.000,2020,11,3,19,25013KT,20,11
2020-11-03 20:00:00.000,2020,11,3,20,25011KT,19,11
2020-11-03 21:00:00.000,2020,11,3,21,26009KT,19,10
2020-11-03 22:00:00.000,2020,11,3,22,27009KT,18,10
2020-11-03 23:00:00.000,2020,11,3,23,26007KT,16,09
2020-11-04 00:00:00.000,2020,11,4,0,29004KT,15,10
2020-11-04 01:00:00.000,2020,11,4,1,31005KT,13,10
2020-11-04 02:00:00.000,2020,11,4,2,27005KT,13,11
2020-11-04 03:00:00.000,2020,11,4,3,30005KT,12,11
2020-11-04 04:00:00.000,2020,11,4,4,VRB02KT,12,11
2020-11-04 05:00:00.000,2020,11,4,5,31005KT,12,11
2020-11-04 06:00:00.000,2020,11,4,6,31004KT,11,10
2020-11-04 06:20:00.000,2020,11,4,6,31005KT,11,11
2020-11-04 08:00:00.000,2020,11,4,8,29004KT,11,11
2020-11-04 09:00:00.000,2020,11,4,9,31003KT,11,11
2020-11-04 10:00:00.000,2020,11,4,10,00000KT,11,11
2020-11-04 10:30:00.000,2020,11,4,10,00000KT,11,11
2020-11-04 11:00:00.000,2020,11,4,11,00000KT,11,11
2020-11-04 12:00:00.000,2020,11,4,12,VRB02KT,13,12
2020-11-04 13:00:00.000,2020,11,4,13,29003KT,16,12
2020-11-04 14:00:00.000,2020,11,4,14,26003KT,17,11
2020-11-04 15:00:00.000,2020,11,4,15,27003KT,19,10
2020-11-04 16:00:00.000,2020,11,4,16,22003KT,19,09
2020-11-04 17:00:00.000,2020,11,4,17,06010KT,19,10
2020-11-04 18:00:00.000,2020,11,4,18,24013KT,19,10
2020-11-04 18:38:00.000,2020,11,4,18,25008KT,17,11
2020-11-04 19:00:00.000,2020,11,4,19,25009KT,17,11
2020-11-04 20:00:00.000,2020,11,4,20,26009KT,18,11
2020-11-04 21:00:00.000,2020,11,4,21,27007KT,19,10
2020-11-04 22:00:00.000,2020,11,4,22,27009KT,17,11
2020-11-04 23:00:00.000,2020,11,4,23,28005KT,16,11
2020-11-05 00:00:00.000,2020,11,5,0,26004KT,15,12
2020-11-05 01:00:00.000,2020,11,5,1,03005KT,14,11
2020-11-05 02:00:00.000,2020,11,5,2,04007KT,14,12
2020-11-05 03:00:00.000,2020,11,5,3,05007KT,13,11
2020-11-05 04:00:00.000,2020,11,5,4,05008KT,13,11
2020-11-05 05:00:00.000,2020,11,5,5,03005KT,12,10
2020-11-05 06:00:00.000,2020,11,5,6,VRB02KT,12,11
2020-11-05 07:00:00.000,2020,11,5,7,VRB02KT,12,11
2020-11-05 08:00:00.000,2020,11,5,8,32003KT,13,11
2020-11-05 09:00:00.000,2020,11,5,9,00000KT,13,11
2020-11-05 10:00:00.000,2020,11,5,10,30003KT,13,11
2020-11-05 10:30:00.000,2020,11,5,10,28004KT,12,11
2020-11-05 11:00:00.000,2020,11,5,11,25003KT,11,10
2020-11-05 12:00:00.000,2020,11,5,12,24005KT,12,11
2020-11-05 13:00:00.000,2020,11,5,13,26009KT,13,10
2020-11-05 14:00:00.000,2020,11,5,14,28004KT,14,10
2020-11-05 15:00:00.000,2020,11,5,15,26003KT,16,08
2020-11-05 16:00:00.000,2020,11,5,16,27008KT,18,07
2020-11-05 17:00:00.000,2020,11,5,17,31007KT,19,08
2020-11-05 18:00:00.000,2020,11,5,18,28009KT,18,08
2020-11-05 19:00:00.000,2020,11,5,19,24009KT,18,10
2020-11-05 20:00:00.000,2020,11,5,20,26009KT,18,10
2020-11-05 21:00:00.000,2020,11,5,21,24009KT,18,09
2020-11-05 22:00:00.000,2020,11,5,22,17010KT,17,09
2020-11-05 23:00:00.000,2020,11,5,23,19006KT,15,09
2020-11-06 00:00:00.000,2020,11,6,0,VRB02KT,13,09
2020-11-06 01:00:00.000,2020,11,6,1,VRB02KT,11,09
2020-11-06 02:00:00.000,2020,11,6,2,VRB02KT,11,09
2020-11-06 03:00:00.000,2020,11,6,3,VRB02KT,09,08
2020-11-06 04:00:00.000,2020,11,6,4,VRB02KT,11,10
2020-11-06 05:00:00.000,2020,11,6,5,VRB02KT,09,08
2020-11-06 06:00:00.000,2020,11,6,6,VRB02KT,09,08
2020-11-06 07:00:00.000,2020,11,6,7,VRB02KT,08,08
2020-11-06 08:00:00.000,2020,11,6,8,VRB02KT,08,07
2020-11-06 09:00:00.000,2020,11,6,9,VRB02KT,07,07
2020-11-06 10:00:00.000,2020,11,6,10,VRB02KT,08,07
2020-11-06 11:00:00.000,2020,11,6,11,VRB02KT,08,08
2020-11-06 12:00:00.000,2020,11,6,12,00000KT,09,09
2020-11-06 13:00:00.000,2020,11,6,13,32003KT,11,11
2020-11-06 14:00:00.000,2020,11,6,14,VRB02KT,14,11
2020-11-06 15:00:00.000,2020,11,6,15,21003KT,16,09
2020-11-06 16:00:00.000,2020,11,6,16,27006KT,16,10
2020-11-06 17:00:00.000,2020,11,6,17,23008KT,19,10
2020-11-06 17:20:00.000,2020,11,6,17,26011KT,19,10
2020-11-06 18:00:00.000,2020,11,6,18,23011KT,20,10
2020-11-06 19:00:00.000,2020,11,6,19,24011KT,19,11
2020-11-06 20:00:00.000,2020,11,6,20,23011KT,19,10
2020-11-06 21:00:00.000,2020,11,6,21,27011KT,18,09
2020-11-06 22:00:00.000,2020,11,6,22,26011KT,17,10
2020-11-06 23:00:00.000,2020,11,6,23,27007KT,15,11
2020-11-07 00:00:00.000,2020,11,7,0,35004KT,12,10
2020-11-07 01:00:00.000,2020,11,7,1,33003KT,11,09
2020-11-07 02:00:00.000,2020,11,7,2,28004KT,13,11
2020-11-07 03:00:00.000,2020,11,7,3,26004KT,13,11
2020-11-07 04:00:00.000,2020,11,7,4,27005KT,13,11
2020-11-07 05:00:00.000,2020,11,7,5,VRB02KT,13,10
2020-11-07 06:00:00.000,2020,11,7,6,33004KT,10,09
2020-11-07 07:00:00.000,2020,11,7,7,33003KT,10,09
2020-11-07 08:00:00.000,2020,11,7,8,VRB02KT,09,09
2020-11-07 09:00:00.000,2020,11,7,9,27003KT,11,10
2020-11-07 10:00:00.000,2020,11,7,10,28003KT,10,09
2020-11-07 10:30:00.000,2020,11,7,10,32004KT,10,09
2020-11-07 11:00:00.000,2020,11,7,11,30003KT,10,09
2020-11-07 12:00:00.000,2020,11,7,12,VRB02KT,11,10
2020-11-07 13:00:00.000,2020,11,7,13,VRB02KT,13,11
2020-11-07 14:00:00.000,2020,11,7,14,00000KT,15,11
2020-11-07 15:00:00.000,2020,11,7,15,VRB02KT,17,10
2020-11-07 16:00:00.000,2020,11,7,16,30006KT,18,09
2020-11-07 17:00:00.000,2020,11,7,17,23010KT,20,19
2020-11-07 18:00:00.000,2020,11,7,18,28016KT,17,11
2020-11-07 18:20:00.000,2020,11,7,18,27015KT,16,11
2020-11-07 19:00:00.000,2020,11,7,19,28016KT,16,11
2020-11-07 20:00:00.000,2020,11,7,20,25011KT,16,09
2020-11-07 21:00:00.000,2020,11,7,21,27010KT,16,07
2020-11-07 22:00:00.000,2020,11,7,22,29007KT,15,08
2020-11-07 23:00:00.000,2020,11,7,23,02004KT,14,08
2020-11-08 00:00:00.000,2020,11,8,0,01004KT,12,08
2020-11-08 01:00:00.000,2020,11,8,1,03003KT,12,08
2020-11-08 02:00:00.000,2020,11,8,2,03005KT,12,09
2020-11-08 03:00:00.000,2020,11,8,3,34003KT,12,09
2020-11-08 04:00:00.000,2020,11,8,4,VRB02KT,12,10
2020-11-08 05:00:00.000,2020,11,8,5,35003KT,11,10
2020-11-08 06:00:00.000,2020,11,8,6,VRB02KT,10,09
2020-11-08 07:00:00.000,2020,11,8,7,32004KT,10,09
2020-11-08 08:00:00.000,2020,11,8,8,VRB02KT,09,09
2020-11-08 09:00:00.000,2020,11,8,9,VRB02KT,10,09
2020-11-08 10:00:00.000,2020,11,8,10,VRB02KT,10,09
2020-11-08 10:30:00.000,2020,11,8,10,VRB02KT,09,08
2020-11-08 11:00:00.000,2020,11,8,11,00000KT,09,09
2020-11-08 12:00:00.000,2020,11,8,12,02004KT,11,10
2020-11-08 13:00:00.000,2020,11,8,13,02004KT,13,10
2020-11-08 13:24:00.000,2020,11,8,13,VRB02KT,15,10
2020-11-08 14:00:00.000,2020,11,8,14,25005KT,17,11
2020-11-08 15:00:00.000,2020,11,8,15,28008KT,18,10
2020-11-08 16:00:00.000,2020,11,8,16,25011KT,16,09
2020-11-08 17:00:00.000,2020,11,8,17,24008KT,16,10
2020-11-08 18:00:00.000,2020,11,8,18,27008KT,17,09
2020-11-08 19:00:00.000,2020,11,8,19,27006KT,18,10
2020-11-08 20:00:00.000,2020,11,8,20,31008KT,17,09
2020-11-08 21:00:00.000,2020,11,8,21,27006KT,18,09
2020-11-08 22:00:00.000,2020,11,8,22,31010KT,16,09
2020-11-08 23:00:00.000,2020,11,8,23,26007KT,16,09
2020-11-09 00:00:00.000,2020,11,9,0,VRB02KT,14,10
2020-11-09 01:00:00.000,2020,11,9,1,34004KT,13,10
2020-11-09 02:00:00.000,2020,11,9,2,VRB02KT,12,10
2020-11-09 03:00:00.000,2020,11,9,3,VRB02KT,13,10
2020-11-09 04:00:00.000,2020,11,9,4,VRB02KT,13,10
2020-11-09 05:00:00.000,2020,11,9,5,VRB02KT,13,11
2020-11-09 06:00:00.000,2020,11,9,6,VRB02KT,13,11
2020-11-09 07:00:00.000,2020,11,9,7,VRB02KT,12,10
2020-11-09 08:00:00.000,2020,11,9,8,VRB02KT,13,09
2020-11-09 09:00:00.000,2020,11,9,9,VRB02KT,13,11
2020-11-09 10:00:00.000,2020,11,9,10,VRB02KT,12,11
2020-11-09 10:42:00.000,2020,11,9,10,VRB02KT,12,11
2020-11-09 11:00:00.000,2020,11,9,11,VRB02KT,12,11
2020-11-09 12:00:00.000,2020,11,9,12,31003KT,12,11
2020-11-09 13:00:00.000,2020,11,9,13,25005KT,12,11
2020-11-09 14:00:00.000,2020,11,9,14,23008KT,13,10
2020-11-09 15:00:00.000,2020,11,9,15,25006KT,15,10
2020-11-09 16:00:00.000,2020,11,9,16,27006KT,17,10
2020-11-09 17:00:00.000,2020,11,9,17,24009KT,18,08
2020-11-09 18:00:00.000,2020,11,9,18,23011KT,19,09
2020-11-09 19:00:00.000,2020,11,9,19,25012KT,19,09
2020-11-09 20:00:00.000,2020,11,9,20,26011KT,19,09
2020-11-09 21:00:00.000,2020,11,9,21,26009KT,18,10
2020-11-09 22:00:00.000,2020,11,9,22,28006KT,17,10
2020-11-09 23:00:00.000,2020,11,9,23,30006KT,15,07
2020-11-10 00:00:00.000,2020,11,10,0,02003KT,12,08
2020-11-10 01:00:00.000,2020,11,10,1,32004KT,13,08
2020-11-10 02:00:00.000,2020,11,10,2,36003KT,12,09
2020-11-10 03:00:00.000,2020,11,10,3,32004KT,13,09
2020-11-10 04:00:00.000,2020,11,10,4,32003KT,13,09
2020-11-10 05:00:00.000,2020,11,10,5,33003KT,13,10
2020-11-10 06:00:00.000,2020,11,10,6,VRB02KT,12,10
2020-11-10 07:00:00.000,2020,11,10,7,VRB02KT,12,10
2020-11-10 08:00:00.000,2020,11,10,8,VRB02KT,12,10
2020-11-10 09:00:00.000,2020,11,10,9,33003KT,12,10
2020-11-10 10:00:00.000,2020,11,10,10,35003KT,13,11
2020-11-10 10:30:00.000,2020,11,10,10,VRB02KT,12,11
2020-11-10 11:00:00.000,2020,11,10,11,VRB02KT,12,10
2020-11-10 12:00:00.000,2020,11,10,12,04003KT,12,10
2020-11-10 13:00:00.000,2020,11,10,13,04004KT,14,11
2020-11-10 14:00:00.000,2020,11,10,14,04004KT,16,10
2020-11-10 15:00:00.000,2020,11,10,15,28004KT,19,10
2020-11-10 16:00:00.000,2020,11,10,16,VRB02KT,19,09
2020-11-10 17:00:00.000,2020,11,10,17,25007KT,19,11
2020-11-10 18:00:00.000,2020,11,10,18,28007KT,16,13
2020-11-10 18:10:00.000,2020,11,10,18,31008KT,14,12
2020-11-10 19:00:00.000,2020,11,10,19,26007KT,15,13
2020-11-10 20:00:00.000,2020,11,10,20,26007KT,16,13
2020-11-10 21:00:00.000,2020,11,10,21,23009KT,16,13
2020-11-10 21:10:00.000,2020,11,10,21,25008KT,14,12
2020-11-10 21:30:00.000,2020,11,10,21,28008KT,14,12
2020-11-10 22:00:00.000,2020,11,10,22,32005KT,13,11
2020-11-10 23:00:00.000,2020,11,10,23,19007KT,13,12
2020-11-11 00:00:00.000,2020,11,11,0,12004KT,13,11
2020-11-11 01:00:00.000,2020,11,11,1,12004KT,13,11
2020-11-11 02:00:00.000,2020,11,11,2,VRB02KT,12,11
2020-11-11 03:00:00.000,2020,11,11,3,05004KT,12,11
2020-11-11 04:00:00.000,2020,11,11,4,06004KT,12,11
2020-11-11 05:00:00.000,2020,11,11,5,34004KT,27,24
2020-11-11 06:00:00.000,2020,11,11,6,VRB02KT,11,10
2020-11-11 07:00:00.000,2020,11,11,7,03004KT,11,10
2020-11-11 08:00:00.000,2020,11,11,8,04004KT,11,10
2020-11-11 09:00:00.000,2020,11,11,9,06003KT,11,11
2020-11-11 10:00:00.000,2020,11,11,10,05004KT,11,10
2020-11-11 10:30:00.000,2020,11,11,10,VRB02KT,11,10
2020-11-11 11:00:00.000,2020,11,11,11,VRB02KT,11,10
2020-11-11 12:00:00.000,2020,11,11,12,VRB02KT,12,11
2020-11-11 13:00:00.000,2020,11,11,13,VRB02KT,14,12
2020-11-11 14:00:00.000,2020,11,11,14,35004KT,15,11
2020-11-11 15:00:00.000,2020,11,11,15,28005KT,17,11
2020-11-11 16:00:00.000,2020,11,11,16,33006KT,18,11
2020-11-11 17:00:00.000,2020,11,11,17,30006KT,18,10
2020-11-11 18:00:00.000,2020,11,11,18,26010KT,18,11
2020-11-11 19:00:00.000,2020,11,11,19,03008KT,14,12
2020-11-11 20:00:00.000,2020,11,11,20,32006KT,13,12
2020-11-11 21:00:00.000,2020,11,11,21,VRB02KT,13,12
2020-11-11 22:00:00.000,2020,11,11,22,VRB02KT,13,12
2020-11-11 23:00:00.000,2020,11,11,23,VRB02KT,13,12
2020-11-12 00:00:00.000,2020,11,12,0,VRB02KT,13,11
2020-11-12 01:00:00.000,2020,11,12,1,VRB02KT,13,12
2020-11-12 02:00:00.000,2020,11,12,2,02003KT,12,11
2020-11-12 03:00:00.000,2020,11,12,3,VRB02KT,12,11
2020-11-12 04:00:00.000,2020,11,12,4,VRB02KT,11,11
2020-11-12 05:00:00.000,2020,11,12,5,VRB02KT,11,11
2020-11-12 06:00:00.000,2020,11,12,6,03004KT,11,11
2020-11-12 06:25:00.000,2020,11,12,6,04006KT,11,11
2020-11-12 07:00:00.000,2020,11,12,7,06004KT,11,11
2020-11-12 08:00:00.000,2020,11,12,8,09004KT,11,11
2020-11-12 08:15:00.000,2020,11,12,8,VRB02KT,11,11
2020-11-12 09:00:00.000,2020,11,12,9,VRB02KT,11,11
2020-11-12 10:00:00.000,2020,11,12,10,VRB02KT,11,11
2020-11-12 10:30:00.000,2020,11,12,10,VRB02KT,11,11
2020-11-12 11:00:00.000,2020,11,12,11,VRB02KT,11,11
2020-11-12 12:00:00.000,2020,11,12,12,06003KT,12,11
2020-11-12 13:00:00.000,2020,11,12,13,04006KT,13,11
2020-11-12 14:00:00.000,2020,11,12,14,08006KT,15,11
2020-11-12 15:00:00.000,2020,11,12,15,02006KT,17,11
2020-11-12 16:00:00.000,2020,11,12,16,VRB02KT,19,10
2020-11-12 17:00:00.000,2020,11,12,17,24005KT,18,10
2020-11-12 17:28:00.000,2020,11,12,17,19011KT,17,13
2020-11-12 18:00:00.000,2020,11,12,18,22008KT,16,13
2020-11-12 18:16:00.000,2020,11,12,18,27009KT,15,13
2020-11-12 19:00:00.000,2020,11,12,19,28007KT,15,13
2020-11-12 20:00:00.000,2020,11,12,20,27008KT,15,13
2020-11-12 21:00:00.000,2020,11,12,21,30006KT,15,13
2020-11-12 22:00:00.000,2020,11,12,22,21006KT,15,12
2020-11-12 23:00:00.000,2020,11,12,23,24006KT,15,12
2020-11-13 01:00:00.000,2020,11,13,1,VRB02KT,14,13
2020-11-13 02:00:00.000,2020,11,13,2,26005KT,14,12
2020-11-13 03:00:00.000,2020,11,13,3,24005KT,13,12
2020-11-13 04:00:00.000,2020,11,13,4,03016KT,11,10
2020-11-13 05:00:00.000,2020,11,13,5,04006KT,11,10
2020-11-13 06:00:00.000,2020,11,13,6,VRB02KT,11,10
2020-11-13 07:00:00.000,2020,11,13,7,VRB02KT,11,10
2020-11-13 08:00:00.000,2020,11,13,8,VRB02KT,11,10
2020-11-13 09:00:00.000,2020,11,13,9,VRB02KT,11,10
2020-11-13 10:00:00.000,2020,11,13,10,03004KT,10,10
2020-11-13 10:30:00.000,2020,11,13,10,VRB02KT,11,10
2020-11-13 11:00:00.000,2020,11,13,11,VRB02KT,10,10
2020-11-13 12:00:00.000,2020,11,13,12,04003KT,11,11
2020-11-13 13:00:00.000,2020,11,13,13,04005KT,12,11
2020-11-13 14:00:00.000,2020,11,13,14,35003KT,,
2020-11-13 15:00:00.000,2020,11,13,15,35003KT,17,10
2020-11-13 16:00:00.000,2020,11,13,16,32006KT,17,10
2020-11-13 17:00:00.000,2020,11,13,17,26006KT,18,10
2020-11-13 18:00:00.000,2020,11,13,18,27008KT,19,09
2020-11-13 19:00:00.000,2020,11,13,19,29007KT,19,10
2020-11-13 19:40:00.000,2020,11,13,19,26011KT,19,11
2020-11-13 20:00:00.000,2020,11,13,20,28011KT,19,11
2020-11-13 21:00:00.000,2020,11,13,21,20009KT,17,11
2020-11-13 22:00:00.000,2020,11,13,22,15007KT,14,10
2020-11-13 23:00:00.000,2020,11,13,23,VRB02KT,13,10
2020-11-14 00:00:00.000,2020,11,14,0,06005KT,13,11
2020-11-14 01:00:00.000,2020,11,14,1,VRB02KT,12,11
2020-11-14 02:00:00.000,2020,11,14,2,VRB02KT,12,11
2020-11-14 03:00:00.000,2020,11,14,3,VRB02KT,12,11
2020-11-14 04:00:00.000,2020,11,14,4,VRB02KT,11,10
2020-11-14 05:00:00.000,2020,11,14,5,VRB02KT,11,10
2020-11-14 06:00:00.000,2020,11,14,6,00000KT,11,11
2020-11-14 07:00:00.000,2020,11,14,7,VRB02KT,11,10
2020-11-14 08:00:00.000,2020,11,14,8,VRB02KT,12,11
2020-11-14 09:00:00.000,2020,11,14,9,VRB02KT,12,11
2020-11-14 10:00:00.000,2020,11,14,10,VRB02KT,12,11
2020-11-14 10:30:00.000,2020,11,14,10,VRB02KT,12,11
2020-11-14 11:00:00.000,2020,11,14,11,00000KT,12,11
2020-11-14 12:00:00.000,2020,11,14,12,01003KT,12,12
2020-11-14 13:00:00.000,2020,11,14,13,01003KT,14,13
2020-11-14 14:00:00.000,2020,11,14,14,VRB02KT,17,12
2020-11-14 15:00:00.000,2020,11,14,15,VRB03KT,18,10
2020-11-14 16:00:00.000,2020,11,14,16,06004KT,17,11
2020-11-14 17:00:00.000,2020,11,14,17,VRB03KT,19,10
2020-11-14 18:00:00.000,2020,11,14,18,29010KT,16,13
2020-11-14 18:35:00.000,2020,11,14,18,23012KT,17,12
2020-11-14 19:00:00.000,2020,11,14,19,22014KT,17,10
2020-11-14 19:35:00.000,2020,11,14,19,18005KT,15,10
2020-11-14 20:00:00.000,2020,11,14,20,36003KT,15,11
2020-11-14 21:00:00.000,2020,11,14,21,22005KT,15,10
2020-11-14 22:00:00.000,2020,11,14,22,VRB02KT,14,11
2020-11-14 23:00:00.000,2020,11,14,23,VRB02KT,13,11
2020-11-15 00:00:00.000,2020,11,15,0,VRB02KT,13,11
2020-11-15 01:00:00.000,2020,11,15,1,VRB02KT,13,12
2020-11-15 02:00:00.000,2020,11,15,2,32003KT,13,11
2020-11-15 03:00:00.000,2020,11,15,3,31003KT,13,11
2020-11-15 04:00:00.000,2020,11,15,4,VRB02KT,13,12
2020-11-15 05:00:00.000,2020,11,15,5,VRB02KT,12,11
2020-11-15 06:00:00.000,2020,11,15,6,VRB02KT,12,11
2020-11-15 07:00:00.000,2020,11,15,7,VRB02KT,12,11
2020-11-15 08:00:00.000,2020,11,15,8,05004KT,12,11
2020-11-15 09:00:00.000,2020,11,15,9,VRB02KT,12,11
2020-11-15 10:00:00.000,2020,11,15,10,VRB02KT,12,11
2020-11-15 10:30:00.000,2020,11,15,10,VRB02KT,12,11
2020-11-15 11:00:00.000,2020,11,15,11,VRB02KT,12,11
2020-11-15 12:00:00.000,2020,11,15,12,VRB02KT,14,12
2020-11-15 13:00:00.000,2020,11,15,13,06005KT,16,12
2020-11-15 15:00:00.000,2020,11,15,15,VRB02KT,20,11
2020-11-15 16:00:00.000,2020,11,15,16,VRB02KT,20,10
2020-11-15 17:00:00.000,2020,11,15,17,VRB02KT,20,09
2020-11-15 17:15:00.000,2020,11,15,17,29010KT,19,11
2020-11-15 17:30:00.000,2020,11,15,17,21010G22KT,18,13
2020-11-15 18:00:00.000,2020,11,15,18,06012G24KT,14,11
2020-11-15 19:00:00.000,2020,11,15,19,30008KT,12,11
2020-11-15 20:00:00.000,2020,11,15,20,VRB02KT,13,11
2020-11-15 21:00:00.000,2020,11,15,21,VRB02KT,14,12
2020-11-15 21:30:00.000,2020,11,15,21,VRB02KT,14,12
2020-11-15 22:00:00.000,2020,11,15,22,30006KT,13,12
2020-11-15 23:00:00.000,2020,11,15,23,VRB02KT,13,12
2020-11-16 00:00:00.000,2020,11,16,0,20004KT,13,12
2020-11-16 01:00:00.000,2020,11,16,1,00000KT,12,12
2020-11-16 02:00:00.000,2020,11,16,2,00000KT,12,12
2020-11-16 03:00:00.000,2020,11,16,3,00000KT,12,12
2020-11-16 04:00:00.000,2020,11,16,4,VRB02KT,12,12
2020-11-16 05:00:00.000,2020,11,16,5,VRB02KT,12,12
2020-11-16 06:00:00.000,2020,11,16,6,30003KT,12,12
2020-11-16 07:00:00.000,2020,11,16,7,32003KT,12,12
2020-11-16 08:00:00.000,2020,11,16,8,00000KT,12,12
2020-11-16 09:00:00.000,2020,11,16,9,26003KT,12,12
2020-11-16 10:00:00.000,2020,11,16,10,31005KT,12,12
2020-11-16 10:30:00.000,2020,11,16,10,30004KT,12,12
2020-11-16 11:00:00.000,2020,11,16,11,32003KT,12,12
2020-11-16 12:00:00.000,2020,11,16,12,VRB02KT,13,12
2020-11-16 13:00:00.000,2020,11,16,13,17006KT,14,12
2020-11-16 14:00:00.000,2020,11,16,14,11003KT,15,11
2020-11-16 15:00:00.000,2020,11,16,15,11004KT,16,11
2020-11-16 16:00:00.000,2020,11,16,16,VRB02KT,17,11
2020-11-16 17:00:00.000,2020,11,16,17,VRB02KT,18,09
2020-11-16 18:00:00.000,2020,11,16,18,26007KT,18,12
2020-11-16 19:00:00.000,2020,11,16,19,24011KT,18,12
2020-11-16 20:00:00.000,2020,11,16,20,23007KT,16,11
2020-11-16 21:00:00.000,2020,11,16,21,23008KT,15,12
2020-11-16 22:00:00.000,2020,11,16,22,25006KT,15,12
2020-11-16 23:00:00.000,2020,11,16,23,29005KT,14,12
2020-11-17 00:00:00.000,2020,11,17,0,VRB02KT,14,12
2020-11-17 01:00:00.000,2020,11,17,1,30004KT,14,12
2020-11-17 01:30:00.000,2020,11,17,1,VRB02KT,13,12
2020-11-17 02:00:00.000,2020,11,17,2,32005KT,13,12
2020-11-17 03:00:00.000,2020,11,17,3,33004KT,13,12
2020-11-17 04:00:00.000,2020,11,17,4,34004KT,13,12
2020-11-17 05:00:00.000,2020,11,17,5,VRB02KT,13,12
2020-11-17 06:00:00.000,2020,11,17,6,VRB02KT,12,11
2020-11-17 07:00:00.000,2020,11,17,7,VRB02KT,12,11
2020-11-17 08:00:00.000,2020,11,17,8,VRB02KT,12,11
2020-11-17 09:00:00.000,2020,11,17,9,00000KT,12,11
2020-11-17 10:00:00.000,2020,11,17,10,VRB02KT,12,11
2020-11-17 10:30:00.000,2020,11,17,10,VRB02KT,12,11
2020-11-17 11:00:00.000,2020,11,17,11,32004KT,11,11
2020-11-17 12:00:00.000,2020,11,17,12,VRB02KT,12,12
2020-11-17 13:00:00.000,2020,11,17,13,33003KT,13,12
2020-11-17 14:00:00.000,2020,11,17,14,30003KT,15,11
2020-11-17 15:00:00.000,2020,11,17,15,VRB02KT,16,10
2020-11-17 16:00:00.000,2020,11,17,16,29003KT,17,10
2020-11-17 17:00:00.000,2020,11,17,17,29004KT,18,10
2020-11-17 17:30:00.000,2020,11,17,17,30009KT,14,12
2020-11-17 18:00:00.000,2020,11,17,18,34007KT,15,13
2020-11-17 19:00:00.000,2020,11,17,19,31007KT,16,11
2020-11-17 20:00:00.000,2020,11,17,20,28007KT,16,12
2020-11-17 21:00:00.000,2020,11,17,21,28010KT,15,11
2020-11-17 22:00:00.000,2020,11,17,22,22007KT,14,12
2020-11-17 23:00:00.000,2020,11,17,23,24005KT,14,12
2020-11-18 00:00:00.000,2020,11,18,0,VRB02KT,13,11
2020-11-18 01:00:00.000,2020,11,18,1,VRB02KT,13,12
2020-11-18 02:00:00.000,2020,11,18,2,VRB02KT,13,12
2020-11-18 03:00:00.000,2020,11,18,3,33003KT,13,12
2020-11-18 04:00:00.000,2020,11,18,4,35003KT,12,11
2020-11-18 05:00:00.000,2020,11,18,5,VRB02KT,11,11
2020-11-18 06:00:00.000,2020,11,18,6,34003KT,11,10
2020-11-18 07:00:00.000,2020,11,18,7,VRB02KT,11,11
2020-11-18 08:00:00.000,2020,11,18,8,VRB02KT,12,11
2020-11-18 09:00:00.000,2020,11,18,9,VRB02KT,12,11
2020-11-18 10:00:00.000,2020,11,18,10,VRB02KT,12,11
2020-11-18 10:30:00.000,2020,11,18,10,33003KT,11,11
2020-11-18 11:00:00.000,2020,11,18,11,31003KT,11,10
2020-11-18 12:00:00.000,2020,11,18,12,VRB02KT,12,12
2020-11-18 13:00:00.000,2020,11,18,13,32004KT,13,12
2020-11-18 14:00:00.000,2020,11,18,14,VRB02KT,15,12
2020-11-18 15:00:00.000,2020,11,18,15,02003KT,16,11
2020-11-18 16:00:00.000,2020,11,18,16,04003KT,18,11
2020-11-18 17:00:00.000,2020,11,18,17,03004KT,19,10
2020-11-18 18:00:00.000,2020,11,18,18,32009KT,18,10
2020-11-18 19:00:00.000,2020,11,18,19,32012KT,19,10
2020-11-18 20:00:00.000,2020,11,18,20,33012KT,17,11
2020-11-18 21:00:00.000,2020,11,18,21,30010KT,16,11
2020-11-18 22:00:00.000,2020,11,18,22,31008KT,16,12
2020-11-18 23:00:00.000,2020,11,18,23,33006KT,14,11
2020-11-19 00:00:00.000,2020,11,19,0,31004KT,14,11
2020-11-19 01:00:00.000,2020,11,19,1,36005KT,13,11
2020-11-19 02:00:00.000,2020,11,19,2,31005KT,13,12
2020-11-19 03:00:00.000,2020,11,19,3,30005KT,13,11
2020-11-19 04:00:00.000,2020,11,19,4,VRB02KT,13,11
2020-11-19 05:00:00.000,2020,11,19,5,VRB02KT,13,11
2020-11-19 06:00:00.000,2020,11,19,6,VRB02KT,12,11
2020-11-19 07:00:00.000,2020,11,19,7,31004KT,10,10
2020-11-19 08:00:00.000,2020,11,19,8,32003KT,09,09
2020-11-19 09:00:00.000,2020,11,19,9,VRB02KT,10,09
2020-11-19 10:00:00.000,2020,11,19,10,VRB02KT,11,10
2020-11-19 10:30:00.000,2020,11,19,10,VRB02KT,11,11
2020-11-19 11:00:00.000,2020,11,19,11,VRB02KT,11,11
2020-11-19 12:00:00.000,2020,11,19,12,VRB02KT,12,11
2020-11-19 13:00:00.000,2020,11,19,13,02004KT,13,11
2020-11-19 14:00:00.000,2020,11,19,14,04008KT,16,10
2020-11-19 15:00:00.000,2020,11,19,15,05007KT,18,11
2020-11-19 16:00:00.000,2020,11,19,16,35007KT,18,08
2020-11-19 17:00:00.000,2020,11,19,17,32010KT,20,11
2020-11-19 18:00:00.000,2020,11,19,18,32012KT,19,13
2020-11-19 19:00:00.000,2020,11,19,19,31012KT,17,12
2020-11-19 20:00:00.000,2020,11,19,20,20012KT,14,11
2020-11-19 21:00:00.000,2020,11,19,21,18005KT,15,11
2020-11-19 22:00:00.000,2020,11,19,22,19005KT,15,12
2020-11-19 23:00:00.000,2020,11,19,23,24004KT,14,13
2020-11-20 00:00:00.000,2020,11,20,0,24004KT,14,13
2020-11-20 01:00:00.000,2020,11,20,1,34004KT,14,13
2020-11-20 02:00:00.000,2020,11,20,2,30005KT,13,12
2020-11-20 03:00:00.000,2020,11,20,3,29004KT,13,12
2020-11-20 04:00:00.000,2020,11,20,4,VRB02KT,13,12
2020-11-20 05:00:00.000,2020,11,20,5,VRB02KT,13,12
2020-11-20 06:00:00.000,2020,11,20,6,VRB02KT,12,11
2020-11-20 07:00:00.000,2020,11,20,7,VRB02KT,12,11
2020-11-20 08:00:00.000,2020,11,20,8,VRB02KT,11,10
2020-11-20 09:00:00.000,2020,11,20,9,VRB02KT,10,10
2020-11-20 10:00:00.000,2020,11,20,10,01003KT,10,10
2020-11-20 10:09:00.000,2020,11,20,10,02003KT,10,09
2020-11-20 10:30:00.000,2020,11,20,10,02003KT,10,09
2020-11-20 11:00:00.000,2020,11,20,11,01003KT,10,10
2020-11-20 11:30:00.000,2020,11,20,11,VRB02KT,10,10
2020-11-20 12:00:00.000,2020,11,20,12,07006KT,12,11
2020-11-20 13:00:00.000,2020,11,20,13,02005KT,13,12
2020-11-20 13:35:00.000,2020,11,20,13,34003KT,15,12
2020-11-20 14:00:00.000,2020,11,20,14,06003KT,16,11
2020-11-20 15:00:00.000,2020,11,20,15,VRB02KT,17,09
2020-11-20 16:00:00.000,2020,11,20,16,36004KT,18,09
2020-11-20 17:00:00.000,2020,11,20,17,08006KT,19,09
2020-11-20 18:00:00.000,2020,11,20,18,13004KT,21,06
2020-11-20 19:00:00.000,2020,11,20,19,03005KT,20,08
2020-11-20 20:00:00.000,2020,11,20,20,31006KT,19,12
2020-11-20 21:00:00.000,2020,11,20,21,28005KT,18,12
2020-11-20 22:00:00.000,2020,11,20,22,04003KT,17,12
2020-11-20 23:00:00.000,2020,11,20,23,33003KT,14,12
2020-11-21 00:00:00.000,2020,11,21,0,VRB02KT,14,12
2020-11-21 01:00:00.000,2020,11,21,1,VRB02KT,13,12
2020-11-21 02:00:00.000,2020,11,21,2,VRB02KT,13,12
2020-11-21 03:00:00.000,2020,11,21,3,VRB02KT,13,11
2020-11-21 04:00:00.000,2020,11,21,4,VRB02KT,12,10
2020-11-21 05:00:00.000,2020,11,21,5,VRB02KT,11,09
2020-11-21 06:00:00.000,2020,11,21,6,VRB02KT,09,08
2020-11-21 07:00:00.000,2020,11,21,7,VRB02KT,11,09
2020-11-21 08:00:00.000,2020,11,21,8,VRB02KT,10,09
2020-11-21 09:00:00.000,2020,11,21,9,VRB02KT,09,08
2020-11-21 10:00:00.000,2020,11,21,10,02004KT,09,08
2020-11-21 10:30:00.000,2020,11,21,10,VRB02KT,09,08
2020-11-21 11:00:00.000,2020,11,21,11,VRB02KT,08,07
2020-11-21 12:00:00.000,2020,11,21,12,VRB02KT,09,09
2020-11-21 13:00:00.000,2020,11,21,13,04005KT,12,11
2020-11-21 14:00:00.000,2020,11,21,14,07004KT,15,09
2020-11-21 16:00:00.000,2020,11,21,16,VRB02KT,18,08
2020-11-21 17:00:00.000,2020,11,21,17,20005KT,20,08
2020-11-21 18:00:00.000,2020,11,21,18,20007KT,20,05
2020-11-21 19:00:00.000,2020,11,21,19,30009KT,19,10
2020-11-21 20:00:00.000,2020,11,21,20,24008KT,21,10
2020-11-21 21:00:00.000,2020,11,21,21,28010KT,18,11
2020-11-21 22:00:00.000,2020,11,21,22,27009KT,17,11
2020-11-21 23:00:00.000,2020,11,21,23,26005KT,15,10
2020-11-22 00:00:00.000,2020,11,22,0,30003KT,14,10
2020-11-22 01:00:00.000,2020,11,22,1,VRB02KT,12,10
2020-11-22 02:00:00.000,2020,11,22,2,VRB02KT,11,10
2020-11-22 03:00:00.000,2020,11,22,3,VRB02KT,12,11
2020-11-22 04:00:00.000,2020,11,22,4,VRB02KT,11,10
2020-11-22 05:00:00.000,2020,11,22,5,VRB02KT,12,11
2020-11-22 06:00:00.000,2020,11,22,6,VRB02KT,11,11
2020-11-22 07:00:00.000,2020,11,22,7,VRB02KT,11,10
2020-11-22 08:00:00.000,2020,11,22,8,VRB02KT,10,10
2020-11-22 09:00:00.000,2020,11,22,9,33003KT,10,09
2020-11-22 10:00:00.000,2020,11,22,10,VRB02KT,10,10
2020-11-22 10:30:00.000,2020,11,22,10,VRB02KT,11,10
2020-11-22 11:00:00.000,2020,11,22,11,31004KT,09,08
2020-11-22 12:00:00.000,2020,11,22,12,VRB02KT,10,09
2020-11-22 12:29:00.000,2020,11,22,12,VRB02KT,12,11
2020-11-22 13:00:00.000,2020,11,22,13,VRB02KT,14,13
2020-11-22 14:00:00.000,2020,11,22,14,VRB02KT,16,10
2020-11-22 15:00:00.000,2020,11,22,15,VRB02KT,18,10
2020-11-22 16:00:00.000,2020,11,22,16,30004KT,20,09
2020-11-22 17:00:00.000,2020,11,22,17,26003KT,21,08
2020-11-22 17:02:00.000,2020,11,22,17,33004KT,21,09
2020-11-22 18:00:00.000,2020,11,22,18,24011KT,21,11
2020-11-22 19:00:00.000,2020,11,22,19,30013KT,20,12
2020-11-22 19:24:00.000,2020,11,22,19,28014KT,19,12
2020-11-22 20:00:00.000,2020,11,22,20,27012KT,19,12
2020-11-22 21:00:00.000,2020,11,22,21,30011KT,18,12
2020-11-22 22:00:00.000,2020,11,22,22,27009KT,17,11
2020-11-22 23:00:00.000,2020,11,22,23,31006KT,15,12
2020-11-23 00:00:00.000,2020,11,23,0,26004KT,15,12
2020-11-23 01:00:00.000,2020,11,23,1,VRB02KT,14,12
2020-11-23 02:00:00.000,2020,11,23,2,VRB02KT,14,12
2020-11-23 03:00:00.000,2020,11,23,3,00000KT,14,12
2020-11-23 04:00:00.000,2020,11,23,4,VRB02KT,14,12
2020-11-23 05:00:00.000,2020,11,23,5,03003KT,12,10
2020-11-23 06:00:00.000,2020,11,23,6,05005KT,11,09
2020-11-23 07:00:00.000,2020,11,23,7,06004KT,11,09
2020-11-23 08:00:00.000,2020,11,23,8,08003KT,10,09
2020-11-23 09:00:00.000,2020,11,23,9,05003KT,09,09
2020-11-23 10:00:00.000,2020,11,23,10,VRB02KT,08,07
2020-11-23 10:30:00.000,2020,11,23,10,05004KT,09,08
2020-11-23 11:00:00.000,2020,11,23,11,04004KT,08,08
2020-11-23 11:35:00.000,2020,11,23,11,VRB02KT,10,09
2020-11-23 12:00:00.000,2020,11,23,12,VRB02KT,10,09
2020-11-23 13:00:00.000,2020,11,23,13,VRB02KT,13,12
2020-11-23 14:00:00.000,2020,11,23,14,04004KT,15,09
2020-11-23 15:00:00.000,2020,11,23,15,VRB02KT,18,09
2020-11-23 16:00:00.000,2020,11,23,16,VRB02KT,19,08
2020-11-23 17:00:00.000,2020,11,23,17,VRB04KT,21,09
2020-11-23 18:00:00.000,2020,11,23,18,24010KT,19,10
2020-11-23 18:30:00.000,2020,11,23,18,23010KT,17,12
2020-11-23 19:00:00.000,2020,11,23,19,23010KT,15,12
2020-11-23 20:00:00.000,2020,11,23,20,28010KT,15,13
2020-11-23 21:00:00.000,2020,11,23,21,28006KT,15,13
2020-11-23 22:00:00.000,2020,11,23,22,24005KT,15,13
2020-11-23 23:00:00.000,2020,11,23,23,VRB02KT,14,12
2020-11-24 00:00:00.000,2020,11,24,0,VRB02KT,13,12
2020-11-24 01:00:00.000,2020,11,24,1,32003KT,12,11
2020-11-24 02:00:00.000,2020,11,24,2,VRB02KT,12,12
2020-11-24 03:00:00.000,2020,11,24,3,29003KT,10,10
2020-11-24 04:00:00.000,2020,11,24,4,34004KT,10,10
2020-11-24 05:00:00.000,2020,11,24,5,VRB02KT,09,08
2020-11-24 06:00:00.000,2020,11,24,6,VRB02KT,08,08
2020-11-24 07:00:00.000,2020,11,24,7,VRB02KT,07,07
2020-11-24 08:00:00.000,2020,11,24,8,31003KT,07,06
2020-11-24 09:00:00.000,2020,11,24,9,VRB02KT,06,06
2020-11-24 10:00:00.000,2020,11,24,10,VRB02KT,06,06
2020-11-24 10:30:00.000,2020,11,24,10,VRB02KT,05,05
2020-11-24 11:00:00.000,2020,11,24,11,30003KT,06,06
2020-11-24 12:00:00.000,2020,11,24,12,35004KT,08,08
2020-11-24 12:33:00.000,2020,11,24,12,02004KT,09,09
2020-11-24 13:00:00.000,2020,11,24,13,34004KT,09,09
2020-11-24 13:22:00.000,2020,11,24,13,30004KT,11,11
2020-11-24 14:00:00.000,2020,11,24,14,31004KT,13,13
2020-11-24 14:30:00.000,2020,11,24,14,29003KT,15,13
2020-11-24 15:00:00.000,2020,11,24,15,29004KT,17,10
2020-11-24 16:00:00.000,2020,11,24,16,33003KT,19,09
2020-11-24 17:00:00.000,2020,11,24,17,27007KT,18,10
2020-11-24 18:00:00.000,2020,11,24,18,25009KT,18,11
2020-11-24 19:00:00.000,2020,11,24,19,20006KT,17,10
2020-11-24 20:00:00.000,2020,11,24,20,23006KT,17,11
2020-11-24 21:00:00.000,2020,11,24,21,25008KT,18,11
2020-11-24 21:37:00.000,2020,11,24,21,35010KT,17,10
2020-11-24 22:00:00.000,2020,11,24,22,30007KT,13,10
2020-11-24 22:12:00.000,2020,11,24,22,19003KT,12,10
2020-11-24 22:30:00.000,2020,11,24,22,23005KT,12,11
2020-11-24 23:00:00.000,2020,11,24,23,21007KT,13,11
2020-11-25 00:00:00.000,2020,11,25,0,12005KT,13,11
2020-11-25 01:00:00.000,2020,11,25,1,VRB02KT,12,11
2020-11-25 02:00:00.000,2020,11,25,2,VRB02KT,12,11
2020-11-25 03:00:00.000,2020,11,25,3,VRB02KT,12,11
2020-11-25 04:00:00.000,2020,11,25,4,VRB02KT,12,11
2020-11-25 05:00:00.000,2020,11,25,5,VRB02KT,12,11
2020-11-25 06:00:00.000,2020,11,25,6,VRB02KT,12,11
2020-11-25 07:00:00.000,2020,11,25,7,03004KT,12,11
2020-11-25 08:00:00.000,2020,11,25,8,04005KT,12,12
2020-11-25 09:00:00.000,2020,11,25,9,03005KT,12,11
2020-11-25 10:00:00.000,2020,11,25,10,35004KT,12,11
2020-11-25 10:30:00.000,2020,11,25,10,VRB02KT,12,11
2020-11-25 11:00:00.000,2020,11,25,11,VRB02KT,11,11
2020-11-25 12:00:00.000,2020,11,25,12,03005KT,12,11
2020-11-25 13:00:00.000,2020,11,25,13,09003KT,16,11
2020-11-25 14:00:00.000,2020,11,25,14,30005KT,16,10
2020-11-25 15:00:00.000,2020,11,25,15,28003KT,17,10
2020-11-25 16:00:00.000,2020,11,25,16,27009KT,17,12
2020-11-25 17:00:00.000,2020,11,25,17,28008KT,19,11
2020-11-25 18:00:00.000,2020,11,25,18,28010KT,19,11
2020-11-25 19:00:00.000,2020,11,25,19,23011KT,18,11
2020-11-25 20:00:00.000,2020,11,25,20,25009KT,16,11
2020-11-25 21:00:00.000,2020,11,25,21,22008KT,17,10
2020-11-25 22:00:00.000,2020,11,25,22,25004KT,17,09
2020-11-25 23:00:00.000,2020,11,25,23,25003KT,16,09
2020-11-26 00:00:00.000,2020,11,26,0,33003KT,12,10
2020-11-26 01:00:00.000,2020,11,26,1,VRB02KT,12,10
2020-11-26 02:00:00.000,2020,11,26,2,29004KT,11,10
2020-11-26 03:00:00.000,2020,11,26,3,23005KT,13,09
2020-11-26 04:00:00.000,2020,11,26,4,VRB02KT,10,08
2020-11-26 05:00:00.000,2020,11,26,5,VRB02KT,10,08
2020-11-26 06:00:00.000,2020,11,26,6,VRB02KT,10,09
2020-11-26 07:00:00.000,2020,11,26,7,30003KT,09,08
2020-11-26 08:00:00.000,2020,11,26,8,34003KT,09,08
2020-11-26 09:00:00.000,2020,11,26,9,20003KT,10,10
2020-11-26 10:00:00.000,2020,11,26,10,VRB02KT,10,09
2020-11-26 10:30:00.000,2020,11,26,10,00000KT,10,10
2020-11-26 11:00:00.000,2020,11,26,11,13003KT,10,09
2020-11-26 12:00:00.000,2020,11,26,12,35004KT,11,10
2020-11-26 13:00:00.000,2020,11,26,13,VRB02KT,13,12
2020-11-26 14:00:00.000,2020,11,26,14,VRB02KT,16,11
2020-11-26 15:00:00.000,2020,11,26,15,21003KT,18,11
2020-11-26 16:00:00.000,2020,11,26,16,19005KT,19,10
2020-11-26 17:00:00.000,2020,11,26,17,18005KT,20,09
2020-11-26 18:00:00.000,2020,11,26,18,28006KT,21,11
2020-11-26 19:00:00.000,2020,11,26,19,29015KT,20,12
2020-11-26 20:00:00.000,2020,11,26,20,27011KT,17,12
2020-11-26 20:17:00.000,2020,11,26,20,23009KT,17,12
2020-11-26 21:00:00.000,2020,11,26,21,26009KT,16,12
2020-11-26 22:00:00.000,2020,11,26,22,28007KT,16,11
2020-11-26 23:00:00.000,2020,11,26,23,29007KT,16,11
2020-11-27 00:00:00.000,2020,11,27,0,32004KT,14,11
2020-11-27 01:00:00.000,2020,11,27,1,VRB02KT,14,10
2020-11-27 02:00:00.000,2020,11,27,2,25003KT,14,11
2020-11-27 03:00:00.000,2020,11,27,3,25004KT,14,10
2020-11-27 04:00:00.000,2020,11,27,4,VRB02KT,14,10
2020-11-27 05:00:00.000,2020,11,27,5,VRB02KT,13,12
2020-11-27 06:00:00.000,2020,11,27,6,32004KT,12,11
2020-11-27 07:00:00.000,2020,11,27,7,VRB02KT,12,12
2020-11-27 08:00:00.000,2020,11,27,8,31003KT,12,11
2020-11-27 09:00:00.000,2020,11,27,9,VRB02KT,12,11
2020-11-27 10:00:00.000,2020,11,27,10,00000KT,12,11
2020-11-27 11:00:00.000,2020,11,27,11,00000KT,12,12
2020-11-27 12:00:00.000,2020,11,27,12,31004KT,13,12
2020-11-27 13:00:00.000,2020,11,27,13,VRB02KT,14,12
2020-11-27 14:00:00.000,2020,11,27,14,27003KT,16,11
2020-11-27 15:00:00.000,2020,11,27,15,33003KT,17,12
2020-11-27 16:00:00.000,2020,11,27,16,22003KT,19,08
2020-11-27 17:00:00.000,2020,11,27,17,23009KT,17,11
2020-11-27 18:00:00.000,2020,11,27,18,30007KT,17,12
2020-11-27 19:00:00.000,2020,11,27,19,04004KT,16,11
2020-11-27 19:06:00.000,2020,11,27,19,05003KT,16,10
2020-11-27 20:00:00.000,2020,11,27,20,25007KT,16,13
2020-11-27 21:00:00.000,2020,11,27,21,31007KT,15,13
2020-11-27 22:00:00.000,2020,11,27,22,33006KT,15,11
2020-11-27 23:00:00.000,2020,11,27,23,33003KT,14,12
2020-11-28 00:00:00.000,2020,11,28,0,VRB02KT,14,13
2020-11-28 01:00:00.000,2020,11,28,1,VRB02KT,13,13
2020-11-28 02:00:00.000,2020,11,28,2,21004KT,13,12
2020-11-28 03:00:00.000,2020,11,28,3,33004KT,12,11
2020-11-28 04:00:00.000,2020,11,28,4,36004KT,12,11
2020-11-28 05:00:00.000,2020,11,28,5,32004KT,11,11
2020-11-28 06:00:00.000,2020,11,28,6,32003KT,11,11
2020-11-28 07:00:00.000,2020,11,28,7,31004KT,11,11
2020-11-28 08:00:00.000,2020,11,28,8,VRB02KT,11,11
2020-11-28 08:13:00.000,2020,11,28,8,VRB02KT,11,10
2020-11-28 09:00:00.000,2020,11,28,9,34003KT,11,11
2020-11-28 10:00:00.000,2020,11,28,10,VRB02KT,11,10
2020-11-28 10:30:00.000,2020,11,28,10,VRB02KT,11,11
2020-11-28 11:00:00.000,2020,11,28,11,05003KT,11,11
2020-11-28 12:00:00.000,2020,11,28,12,VRB02KT,12,11
2020-11-28 13:00:00.000,2020,11,28,13,00000KT,13,12
2020-11-28 14:00:00.000,2020,11,28,14,36003KT,16,11
2020-11-28 15:00:00.000,2020,11,28,15,VRB02KT,18,10
2020-11-28 16:00:00.000,2020,11,28,16,03004KT,19,10
2020-11-28 17:00:00.000,2020,11,28,17,11008KT,21,08
2020-11-28 18:00:00.000,2020,11,28,18,02003KT,20,07
2020-11-28 19:00:00.000,2020,11,28,19,24012KT,16,13
2020-11-28 19:15:00.000,2020,11,28,19,25008KT,15,14
2020-11-28 20:00:00.000,2020,11,28,20,30007KT,14,14
2020-11-28 21:00:00.000,2020,11,28,21,32008KT,13,13
2020-11-28 22:00:00.000,2020,11,28,22,01003KT,13,13
2020-11-28 23:00:00.000,2020,11,28,23,34004KT,12,12
2020-11-29 00:00:00.000,2020,11,29,0,VRB02KT,12,12
2020-11-29 01:00:00.000,2020,11,29,1,VRB02KT,13,12
2020-11-29 02:00:00.000,2020,11,29,2,VRB02KT,12,12
2020-11-29 03:00:00.000,2020,11,29,3,VRB02KT,12,12
2020-11-29 04:00:00.000,2020,11,29,4,03004KT,12,11
2020-11-29 05:00:00.000,2020,11,29,5,VRB02KT,12,11
2020-11-29 06:00:00.000,2020,11,29,6,06008KT,12,11
2020-11-29 07:00:00.000,2020,11,29,7,VRB02KT,12,11
2020-11-29 08:00:00.000,2020,11,29,8,05007KT,12,10
2020-11-29 09:00:00.000,2020,11,29,9,06007KT,12,10
2020-11-29 10:00:00.000,2020,11,29,10,06007KT,11,10
2020-11-29 10:30:00.000,2020,11,29,10,05005KT,11,10
2020-11-29 11:00:00.000,2020,11,29,11,VRB02KT,11,10
2020-11-29 12:00:00.000,2020,11,29,12,05005KT,14,10
2020-11-29 13:00:00.000,2020,11,29,13,06004KT,15,10
2020-11-29 14:00:00.000,2020,11,29,14,08005KT,16,10
2020-11-29 15:00:00.000,2020,11,29,15,14007KT,18,09
2020-11-29 16:00:00.000,2020,11,29,16,11008KT,19,09
2020-11-29 17:00:00.000,2020,11,29,17,10012KT,20,09
2020-11-29 18:00:00.000,2020,11,29,18,07008KT,19,09
2020-11-29 19:00:00.000,2020,11,29,19,12008KT,19,08
2020-11-29 20:00:00.000,2020,11,29,20,08006KT,19,10
2020-11-29 21:00:00.000,2020,11,29,21,28009KT,17,13
2020-11-29 22:00:00.000,2020,11,29,22,28007KT,16,12
2020-11-29 23:00:00.000,2020,11,29,23,24008KT,15,11
2020-11-30 00:00:00.000,2020,11,30,0,29003KT,15,10
2020-11-30 01:00:00.000,2020,11,30,1,02003KT,14,11
2020-11-30 02:00:00.000,2020,11,30,2,10004KT,15,10
2020-11-30 03:00:00.000,2020,11,30,3,/////KT,,
2020-11-30 04:00:00.000,2020,11,30,4,05005KT,12,10
2020-11-30 05:00:00.000,2020,11,30,5,04004KT,12,10
2020-11-30 06:00:00.000,2020,11,30,6,VRB02KT,11,10
2020-11-30 07:00:00.000,2020,11,30,7,23003KT,10,09
2020-11-30 08:00:00.000,2020,11,30,8,VRB02KT,09,08
2020-11-30 09:00:00.000,2020,11,30,9,05004KT,10,09
2020-11-30 10:00:00.000,2020,11,30,10,28003KT,08,08
2020-11-30 10:30:00.000,2020,11,30,10,VRB02KT,09,09
2020-11-30 11:00:00.000,2020,11,30,11,VRB02KT,09,09
2020-11-30 12:00:00.000,2020,11,30,12,07006KT,13,10
2020-11-30 13:00:00.000,2020,11,30,13,05007KT,15,10
2020-11-30 14:00:00.000,2020,11,30,14,07009KT,,
2020-11-30 14:19:00.000,2020,11,30,14,08007KT,18,10
2020-11-30 15:00:00.000,2020,11,30,15,13006KT,18,09
2020-11-30 16:00:00.000,2020,11,30,16,VRB02KT,18,09
2020-11-30 17:00:00.000,2020,11,30,17,VRB04KT,20,08
2020-11-30 18:00:00.000,2020,11,30,18,07009KT,19,09
2020-11-30 19:00:00.000,2020,11,30,19,07009KT,19,10
2020-11-30 20:00:00.000,2020,11,30,20,08009KT,20,10
2020-11-30 21:00:00.000,2020,11,30,21,25006KT,19,11
2020-11-30 22:00:00.000,2020,11,30,22,28006KT,17,13
2020-11-30 22:10:00.000,2020,11,30,22,26010KT,16,12
2020-11-30 23:00:00.000,2020,11,30,23,30010KT,15,13
2020-12-01 00:00:00.000,2020,12,1,0,32004KT,14,13
2020-12-01 01:00:00.000,2020,12,1,1,29004KT,14,13
2020-12-01 02:00:00.000,2020,12,1,2,VRB02KT,13,12
2020-12-01 03:00:00.000,2020,12,1,3,VRB02KT,13,12
2020-12-01 04:00:00.000,2020,12,1,4,VRB02KT,13,12
2020-12-01 04:30:00.000,2020,12,1,4,VRB02KT,13,12
2020-12-01 05:00:00.000,2020,12,1,5,31003KT,13,12
2020-12-01 06:00:00.000,2020,12,1,6,VRB02KT,13,12
2020-12-01 07:00:00.000,2020,12,1,7,VRB02KT,12,11
2020-12-01 08:00:00.000,2020,12,1,8,VRB02KT,12,11
2020-12-01 09:00:00.000,2020,12,1,9,VRB02KT,11,11
2020-12-01 10:00:00.000,2020,12,1,10,VRB02KT,11,11
2020-12-01 10:30:00.000,2020,12,1,10,05005KT,12,11
2020-12-01 11:00:00.000,2020,12,1,11,04005KT,12,11
2020-12-01 12:00:00.000,2020,12,1,12,04008KT,13,12
2020-12-01 13:00:00.000,2020,12,1,13,04004KT,16,11
2020-12-01 14:00:00.000,2020,12,1,14,34004KT,17,10
2020-12-01 15:00:00.000,2020,12,1,15,06004KT,17,09
2020-12-01 16:00:00.000,2020,12,1,16,23006KT,18,12
2020-12-01 17:00:00.000,2020,12,1,17,01004KT,19,11
2020-12-01 18:00:00.000,2020,12,1,18,03004KT,19,08
2020-12-01 19:00:00.000,2020,12,1,19,34005KT,20,08
2020-12-01 20:00:00.000,2020,12,1,20,27011KT,18,12
2020-12-01 21:00:00.000,2020,12,1,21,25011KT,17,12
2020-12-01 21:05:00.000,2020,12,1,21,30004KT,17,12
2020-12-01 22:00:00.000,2020,12,1,22,29005KT,16,12
2020-12-01 22:15:00.000,2020,12,1,22,28005KT,16,13
2020-12-01 23:00:00.000,2020,12,1,23,27005KT,15,13
2020-12-02 00:00:00.000,2020,12,2,0,30004KT,14,13
2020-12-02 01:00:00.000,2020,12,2,1,25007KT,14,13
2020-12-02 02:00:00.000,2020,12,2,2,VRB02KT,13,12
2020-12-02 03:00:00.000,2020,12,2,3,03004KT,12,12
2020-12-02 04:00:00.000,2020,12,2,4,VRB02KT,12,11
2020-12-02 05:00:00.000,2020,12,2,5,VRB02KT,12,11
2020-12-02 06:00:00.000,2020,12,2,6,04005KT,11,10
2020-12-02 07:00:00.000,2020,12,2,7,05006KT,11,11
2020-12-02 08:00:00.000,2020,12,2,8,05005KT,12,11
2020-12-02 09:00:00.000,2020,12,2,9,05004KT,12,11
2020-12-02 10:00:00.000,2020,12,2,10,04005KT,12,11
2020-12-02 10:30:00.000,2020,12,2,10,05005KT,12,11
2020-12-02 11:00:00.000,2020,12,2,11,05005KT,12,11
2020-12-02 12:00:00.000,2020,12,2,12,05005KT,13,12
2020-12-02 13:00:00.000,2020,12,2,13,04006KT,15,11
2020-12-02 14:00:00.000,2020,12,2,14,06004KT,17,11
2020-12-02 15:00:00.000,2020,12,2,15,11007KT,18,09
2020-12-02 16:00:00.000,2020,12,2,16,10006KT,18,08
2020-12-02 17:00:00.000,2020,12,2,17,07006KT,19,09
2020-12-02 18:00:00.000,2020,12,2,18,03007KT,18,09
2020-12-02 19:00:00.000,2020,12,2,19,03005KT,19,09
2020-12-02 20:00:00.000,2020,12,2,20,26007KT,18,10
2020-12-02 21:00:00.000,2020,12,2,21,26007KT,16,11
2020-12-02 22:00:00.000,2020,12,2,22,29005KT,16,12
2020-12-02 23:00:00.000,2020,12,2,23,36003KT,14,13
2020-12-03 00:00:00.000,2020,12,3,0,28003KT,13,13
2020-12-03 01:00:00.000,2020,12,3,1,VRB02KT,13,12
2020-12-03 02:00:00.000,2020,12,3,2,35004KT,12,12
2020-12-03 03:00:00.000,2020,12,3,3,VRB02KT,12,11
2020-12-03 04:00:00.000,2020,12,3,4,06005KT,12,11
2020-12-03 05:00:00.000,2020,12,3,5,04006KT,12,11
2020-12-03 06:00:00.000,2020,12,3,6,05005KT,12,10
2020-12-03 07:00:00.000,2020,12,3,7,06005KT,12,11
2020-12-03 08:00:00.000,2020,12,3,8,05004KT,12,10
2020-12-03 09:00:00.000,2020,12,3,9,07004KT,12,10
2020-12-03 10:00:00.000,2020,12,3,10,04004KT,12,10
2020-12-03 10:30:00.000,2020,12,3,10,03003KT,,
2020-12-03 11:00:00.000,2020,12,3,11,03003KT,12,10
2020-12-03 12:00:00.000,2020,12,3,12,05004KT,14,11
2020-12-03 13:00:00.000,2020,12,3,13,04007KT,14,11
2020-12-03 14:00:00.000,2020,12,3,14,04006KT,16,11
2020-12-03 15:00:00.000,2020,12,3,15,36007KT,17,09
2020-12-03 16:00:00.000,2020,12,3,16,35006KT,17,10
2020-12-03 17:00:00.000,2020,12,3,17,33006KT,19,10
2020-12-03 18:00:00.000,2020,12,3,18,28010KT,20,10
2020-12-03 19:00:00.000,2020,12,3,19,28012KT,19,11
2020-12-03 20:00:00.000,2020,12,3,20,28013KT,18,13
2020-12-03 21:00:00.000,2020,12,3,21,27012KT,16,13
2020-12-03 22:00:00.000,2020,12,3,22,25008KT,15,12
2020-12-03 23:00:00.000,2020,12,3,23,25006KT,15,12
2020-12-04 00:00:00.000,2020,12,4,0,VRB02KT,13,12
2020-12-04 01:00:00.000,2020,12,4,1,28003KT,14,13
2020-12-04 02:00:00.000,2020,12,4,2,29004KT,13,12
2020-12-04 03:00:00.000,2020,12,4,3,VRB02KT,12,12
2020-12-04 04:00:00.000,2020,12,4,4,30004KT,13,12
2020-12-04 05:00:00.000,2020,12,4,5,VRB02KT,12,11
2020-12-04 06:00:00.000,2020,12,4,6,VRB02KT,11,11
2020-12-04 07:00:00.000,2020,12,4,7,VRB02KT,10,09
2020-12-04 08:00:00.000,2020,12,4,8,07003KT,21,20
2020-12-04 09:00:00.000,2020,12,4,9,VRB02KT,08,08
2020-12-04 10:00:00.000,2020,12,4,10,34003KT,09,07
2020-12-04 10:30:00.000,2020,12,4,10,32003KT,08,07
2020-12-04 11:00:00.000,2020,12,4,11,31003KT,07,07
2020-12-04 11:30:00.000,2020,12,4,11,VRB02KT,10,10
2020-12-04 12:00:00.000,2020,12,4,12,05004KT,10,10
2020-12-04 12:30:00.000,2020,12,4,12,03005KT,13,10
2020-12-04 13:00:00.000,2020,12,4,13,05004KT,14,11
2020-12-04 13:30:00.000,2020,12,4,13,VRB02KT,15,10
2020-12-04 14:00:00.000,2020,12,4,14,02006KT,15,08
2020-12-04 15:00:00.000,2020,12,4,15,VRB02KT,18,09
2020-12-04 16:00:00.000,2020,12,4,16,VRB02KT,19,08
2020-12-04 20:00:00.000,2020,12,4,20,06006KT,20,08
2020-12-04 21:00:00.000,2020,12,4,21,27010KT,17,12
2020-12-04 22:00:00.000,2020,12,4,22,30008KT,16,13
2020-12-04 23:00:00.000,2020,12,4,23,26006KT,15,12
2020-12-05 00:00:00.000,2020,12,5,0,26006KT,15,12
2020-12-05 01:00:00.000,2020,12,5,1,23003KT,15,12
2020-12-05 02:00:00.000,2020,12,5,2,01003KT,13,12
2020-12-05 03:00:00.000,2020,12,5,3,VRB02KT,12,12
2020-12-05 04:00:00.000,2020,12,5,4,33003KT,11,10
2020-12-05 05:00:00.000,2020,12,5,5,06004KT,10,09
2020-12-05 06:00:00.000,2020,12,5,6,02006KT,10,09
2020-12-05 07:00:00.000,2020,12,5,7,VRB02KT,09,09
2020-12-05 08:00:00.000,2020,12,5,8,03004KT,10,09
2020-12-05 09:00:00.000,2020,12,5,9,VRB02KT,09,08
2020-12-05 10:00:00.000,2020,12,5,10,05003KT,09,08
2020-12-05 10:30:00.000,2020,12,5,10,06006KT,10,09
2020-12-05 11:00:00.000,2020,12,5,11,06005KT,10,09
2020-12-05 12:00:00.000,2020,12,5,12,05003KT,11,10
2020-12-05 13:00:00.000,2020,12,5,13,04004KT,14,10
2020-12-05 14:00:00.000,2020,12,5,14,13004KT,16,10
2020-12-05 15:00:00.000,2020,12,5,15,06003KT,17,09
2020-12-05 16:00:00.000,2020,12,5,16,14006KT,18,08
2020-12-05 17:00:00.000,2020,12,5,17,13009KT,17,08
2020-12-05 18:00:00.000,2020,12,5,18,18007KT,18,10
2020-12-05 19:00:00.000,2020,12,5,19,09005KT,18,09
2020-12-05 20:00:00.000,2020,12,5,20,21011KT,19,08
2020-12-05 21:00:00.000,2020,12,5,21,09005KT,18,07
2020-12-05 22:00:00.000,2020,12,5,22,05005KT,17,09
2020-12-05 23:00:00.000,2020,12,5,23,04007KT,14,10
2020-12-06 00:00:00.000,2020,12,6,0,06006KT,13,09
2020-12-06 01:00:00.000,2020,12,6,1,08004KT,14,09
2020-12-06 02:00:00.000,2020,12,6,2,VRB02KT,12,09
2020-12-06 03:00:00.000,2020,12,6,3,VRB02KT,10,09
2020-12-06 04:00:00.000,2020,12,6,4,04006KT,10,09
2020-12-06 05:00:00.000,2020,12,6,5,04005KT,10,09
2020-12-06 06:00:00.000,2020,12,6,6,05005KT,09,09
2020-12-06 07:00:00.000,2020,12,6,7,VRB02KT,09,08
2020-12-06 08:00:00.000,2020,12,6,8,04004KT,08,07
2020-12-06 09:00:00.000,2020,12,6,9,05005KT,08,08
2020-12-06 10:00:00.000,2020,12,6,10,06005KT,10,09
2020-12-06 10:30:00.000,2020,12,6,10,VRB02KT,09,08
2020-12-06 11:00:00.000,2020,12,6,11,VRB02KT,08,07
2020-12-06 12:00:00.000,2020,12,6,12,05004KT,12,09
2020-12-06 13:00:00.000,2020,12,6,13,04006KT,14,10
2020-12-06 14:00:00.000,2020,12,6,14,08004KT,16,10
2020-12-06 15:00:00.000,2020,12,6,15,14008KT,18,08
2020-12-06 16:00:00.000,2020,12,6,16,12004Z,18,07
2020-12-06 16:25:00.000,2020,12,6,16,12004KT,18,07
2020-12-06 17:00:00.000,2020,12,6,17,17004KT,18,07
2020-12-06 18:00:00.000,2020,12,6,18,13010KT,18,08
2020-12-06 19:00:00.000,2020,12,6,19,14010KT,17,08
2020-12-06 20:00:00.000,2020,12,6,20,08006KT,19,08
2020-12-06 21:00:00.000,2020,12,6,21,10004KT,18,07
2020-12-06 22:00:00.000,2020,12,6,22,26006KT,19,10
2020-12-06 23:00:00.000,2020,12,6,23,23008KT,17,10
2020-12-07 00:00:00.000,2020,12,7,0,24005KT,14,11
2020-12-07 01:00:00.000,2020,12,7,1,VRB02KT,11,11
2020-12-07 02:00:00.000,2020,12,7,2,VRB02KT,11,10
2020-12-07 03:00:00.000,2020,12,7,3,00000KT,11,11
2020-12-07 04:00:00.000,2020,12,7,4,VRB02KT,08,08
2020-12-07 05:00:00.000,2020,12,7,5,VRB02KT,08,08
2020-12-07 06:00:00.000,2020,12,7,6,28003KT,07,06
2020-12-07 07:00:00.000,2020,12,7,7,VRB02KT,07,06
2020-12-07 08:00:00.000,2020,12,7,8,VRB02KT,06,06
2020-12-07 09:00:00.000,2020,12,7,9,34003KT,08,07
2020-12-07 10:00:00.000,2020,12,7,10,00000KT,08,07
2020-12-07 10:30:00.000,2020,12,7,10,04003KT,08,07
2020-12-07 11:00:00.000,2020,12,7,11,07004KT,09,08
2020-12-07 12:00:00.000,2020,12,7,12,06003KT,11,09
2020-12-07 13:00:00.000,2020,12,7,13,04004KT,12,10
2020-12-07 14:00:00.000,2020,12,7,14,03005KT,15,09
2020-12-07 15:00:00.000,2020,12,7,15,01004KT,17,10
2020-12-07 16:00:00.000,2020,12,7,16,04004KT,17,09
2020-12-07 17:00:00.000,2020,12,7,17,27006KT,17,10
2020-12-07 18:00:00.000,2020,12,7,18,36003KT,18,10
2020-12-07 19:00:00.000,2020,12,7,19,VRB02KT,18,09
2020-12-07 20:00:00.000,2020,12,7,20,27005KT,18,10
2020-12-07 21:00:00.000,2020,12,7,21,22009KT,17,12
2020-12-07 22:00:00.000,2020,12,7,22,28007KT,17,11
2020-12-07 23:00:00.000,2020,12,7,23,26006KT,15,12
2020-12-08 00:00:00.000,2020,12,8,0,28004KT,14,11
2020-12-08 01:00:00.000,2020,12,8,1,30004KT,12,11
2020-12-08 02:00:00.000,2020,12,8,2,VRB02KT,13,12
2020-12-08 03:00:00.000,2020,12,8,3,VRB02KT,12,11
2020-12-08 04:00:00.000,2020,12,8,4,VRB02KT,11,10
2020-12-08 05:00:00.000,2020,12,8,5,02004KT,10,10
2020-12-08 06:00:00.000,2020,12,8,6,VRB02KT,11,11
2020-12-08 07:00:00.000,2020,12,8,7,VRB02KT,10,10
2020-12-08 08:00:00.000,2020,12,8,8,VRB02KT,10,10
2020-12-08 09:00:00.000,2020,12,8,9,VRB02KT,10,10
2020-12-08 10:00:00.000,2020,12,8,10,31004KT,10,10
2020-12-08 10:30:00.000,2020,12,8,10,34004KT,11,10
2020-12-08 11:00:00.000,2020,12,8,11,32005KT,09,08
2020-12-08 12:00:00.000,2020,12,8,12,00000KT,11,10
2020-12-08 13:00:00.000,2020,12,8,13,VRB02KT,14,11
2020-12-08 13:30:00.000,2020,12,8,13,10004KT,16,10
2020-12-08 14:00:00.000,2020,12,8,14,13004KT,17,10
2020-12-08 15:00:00.000,2020,12,8,15,10004KT,19,09
2020-12-08 16:00:00.000,2020,12,8,16,14008KT,21,08
2020-12-08 17:00:00.000,2020,12,8,17,11008KT,19,07
2020-12-08 18:00:00.000,2020,12,8,18,06007KT,21,08
2020-12-08 19:00:00.000,2020,12,8,19,24011KT,19,12
2020-12-08 20:00:00.000,2020,12,8,20,26009KT,17,12
2020-12-08 21:00:00.000,2020,12,8,21,29011KT,19,11
2020-12-08 22:00:00.000,2020,12,8,22,27010KT,16,12
2020-12-08 23:00:00.000,2020,12,8,23,28007KT,14,12
2020-12-09 00:00:00.000,2020,12,9,0,28003KT,14,13
2020-12-09 01:00:00.000,2020,12,9,1,27003KT,14,12
2020-12-09 02:00:00.000,2020,12,9,2,VRB02KT,12,12
2020-12-09 03:00:00.000,2020,12,9,3,00000KT,11,10
2020-12-09 04:00:00.000,2020,12,9,4,VRB02KT,10,10
2020-12-09 05:00:00.000,2020,12,9,5,00000KT,10,09
2020-12-09 06:00:00.000,2020,12,9,6,VRB02KT,09,09
2020-12-09 06:12:00.000,2020,12,9,6,32005KT,09,09
2020-12-09 06:30:00.000,2020,12,9,6,31004KT,09,09
2020-12-09 07:00:00.000,2020,12,9,7,23003KT,09,09
2020-12-09 08:00:00.000,2020,12,9,8,36004KT,10,09
2020-12-09 09:00:00.000,2020,12,9,9,03004KT,08,08
2020-12-09 10:00:00.000,2020,12,9,10,00000KT,08,08
2020-12-09 10:30:00.000,2020,12,9,10,00000KT,08,08
2020-12-09 11:00:00.000,2020,12,9,11,VRB02KT,09,09
2020-12-09 12:00:00.000,2020,12,9,12,35004KT,11,10
2020-12-09 13:00:00.000,2020,12,9,13,05006KT,14,10
2020-12-09 14:00:00.000,2020,12,9,14,06005KT,14,11
2020-12-09 15:00:00.000,2020,12,9,15,VRB02KT,17,10
2020-12-09 16:00:00.000,2020,12,9,16,05005KT,18,09
2020-12-09 17:00:00.000,2020,12,9,17,22010KT,17,09
2020-12-09 18:00:00.000,2020,12,9,18,18008KT,18,08
2020-12-09 19:00:00.000,2020,12,9,19,25008KT,19,07
2020-12-09 20:00:00.000,2020,12,9,20,28007KT,18,09
2020-12-09 21:00:00.000,2020,12,9,21,25006KT,18,09
2020-12-09 22:00:00.000,2020,12,9,22,30006KT,17,09
2020-12-09 23:00:00.000,2020,12,9,23,31004KT,15,11
2020-12-10 00:00:00.000,2020,12,10,0,31008KT,14,11
2020-12-10 01:00:00.000,2020,12,10,1,26007KT,13,11
2020-12-10 02:00:00.000,2020,12,10,2,25003KT,13,11
2020-12-10 03:00:00.000,2020,12,10,3,23003KT,12,11
2020-12-10 04:00:00.000,2020,12,10,4,30003KT,11,10
2020-12-10 05:00:00.000,2020,12,10,5,VRB02KT,10,10
2020-12-10 06:00:00.000,2020,12,10,6,VRB02KT,09,09
2020-12-10 07:00:00.000,2020,12,10,7,VRB02KT,08,08
2020-12-10 07:15:00.000,2020,12,10,7,VRB02KT,08,08
2020-12-10 08:00:00.000,2020,12,10,8,32003KT,07,07
2020-12-10 09:00:00.000,2020,12,10,9,VRB02KT,07,07
2020-12-10 10:00:00.000,2020,12,10,10,VRB02KT,07,07
2020-12-10 10:30:00.000,2020,12,10,10,33003KT,06,06
2020-12-10 11:00:00.000,2020,12,10,11,30003KT,07,07
2020-12-10 12:00:00.000,2020,12,10,12,VRB02KT,08,08
2020-12-10 13:00:00.000,2020,12,10,13,04004KT,10,10
2020-12-10 14:00:00.000,2020,12,10,14,03004KT,12,12
2020-12-10 15:00:00.000,2020,12,10,15,04005KT,16,09
2020-12-10 16:00:00.000,2020,12,10,16,03004KT,18,09
2020-12-10 17:00:00.000,2020,12,10,17,34004KT,18,09
2020-12-10 18:00:00.000,2020,12,10,18,34003KT,19,08
2020-12-10 19:00:00.000,2020,12,10,19,27007KT,19,11
2020-12-10 20:00:00.000,2020,12,10,20,28010KT,19,12
2020-12-10 21:00:00.000,2020,12,10,21,27009KT,18,11
2020-12-10 22:00:00.000,2020,12,10,22,28011KT,17,11
2020-12-10 23:00:00.000,2020,12,10,23,27008KT,15,12
2020-12-11 00:00:00.000,2020,12,11,0,26007KT,15,12
2020-12-11 01:00:00.000,2020,12,11,1,28004KT,14,12
2020-12-11 02:00:00.000,2020,12,11,2,30006KT,14,12
2020-12-11 03:00:00.000,2020,12,11,3,VRB02KT,13,12
2020-12-11 04:00:00.000,2020,12,11,4,VRB02KT,13,12
2020-12-11 05:00:00.000,2020,12,11,5,VRB02KT,13,12
2020-12-11 06:00:00.000,2020,12,11,6,VRB02KT,11,11
2020-12-11 07:00:00.000,2020,12,11,7,VRB02KT,11,10
2020-12-11 08:00:00.000,2020,12,11,8,VRB02KT,11,10
2020-12-11 09:00:00.000,2020,12,11,9,VRB02KT,10,10
2020-12-11 10:00:00.000,2020,12,11,10,VRB02KT,10,09
2020-12-11 10:30:00.000,2020,12,11,10,VRB02KT,10,10
2020-12-11 11:00:00.000,2020,12,11,11,35004KT,07,07
2020-12-11 11:25:00.000,2020,12,11,11,00000KT,08,08
2020-12-11 12:00:00.000,2020,12,11,12,31003KT,09,09
2020-12-11 13:00:00.000,2020,12,11,13,VRB02KT,13,13
2020-12-11 14:00:00.000,2020,12,11,14,04006KT,16,11
2020-12-11 14:30:00.000,2020,12,11,14,02007KT,18,09
2020-12-11 15:00:00.000,2020,12,11,15,VRB02KT,18,09
2020-12-11 15:35:00.000,2020,12,11,15,VRB02KT,20,08
2020-12-11 16:00:00.000,2020,12,11,16,14003KT,20,07
2020-12-11 17:00:00.000,2020,12,11,17,04007KT,21,07
2020-12-11 18:00:00.000,2020,12,11,18,26013KT,21,10
2020-12-11 19:00:00.000,2020,12,11,19,26010KT,19,11
2020-12-11 19:10:00.000,2020,12,11,19,29005KT,17,12
2020-12-11 20:00:00.000,2020,12,11,20,28009KT,15,13
2020-12-11 20:15:00.000,2020,12,11,20,27004KT,16,13
2020-12-11 21:00:00.000,2020,12,11,21,29007KT,16,14
2020-12-11 22:00:00.000,2020,12,11,22,32003KT,15,13
2020-12-11 23:00:00.000,2020,12,11,23,25004KT,15,13
2020-12-12 00:00:00.000,2020,12,12,0,32003KT,13,12
2020-12-12 01:00:00.000,2020,12,12,1,VRB02KT,12,11
2020-12-12 02:00:00.000,2020,12,12,2,00000KT,13,12
2020-12-12 03:00:00.000,2020,12,12,3,VRB02KT,12,12
2020-12-12 04:00:00.000,2020,12,12,4,00000KT,11,11
2020-12-12 05:00:00.000,2020,12,12,5,05003KT,11,10
2020-12-12 06:00:00.000,2020,12,12,6,03003KT,10,10
2020-12-12 07:00:00.000,2020,12,12,7,06003KT,09,09
2020-12-12 08:00:00.000,2020,12,12,8,06005KT,08,08
2020-12-12 09:00:00.000,2020,12,12,9,00000KT,05,05
2020-12-12 10:00:00.000,2020,12,12,10,03003KT,04,04
2020-12-12 10:10:00.000,2020,12,12,10,03006KT,04,04
2020-12-12 10:20:00.000,2020,12,12,10,02005KT,04,04
2020-12-12 10:30:00.000,2020,12,12,10,04005KT,05,05
2020-12-12 11:00:00.000,2020,12,12,11,04004KT,08,07
2020-12-12 11:36:00.000,2020,12,12,11,05005KT,07,07
2020-12-12 12:30:00.000,2020,12,12,12,05004KT,08,08
2020-12-12 13:00:00.000,2020,12,12,13,01003KT,08,08
2020-12-12 13:30:00.000,2020,12,12,13,01003KT,10,10
2020-12-12 14:00:00.000,2020,12,12,14,03003KT,,
2020-12-12 14:30:00.000,2020,12,12,14,01004KT,13,09
2020-12-12 15:00:00.000,2020,12,12,15,04003KT,13,08
2020-12-12 15:25:00.000,2020,12,12,15,02003KT,15,07
2020-12-12 16:00:00.000,2020,12,12,16,34004KT,17,07
2020-12-12 16:30:00.000,2020,12,12,16,30004KT,19,07
2020-12-12 17:00:00.000,2020,12,12,17,30003KT,20,06
2020-12-12 18:00:00.000,2020,12,12,18,13004KT,20,04
2020-12-12 19:00:00.000,2020,12,12,19,29012KT,18,10
2020-12-12 20:00:00.000,2020,12,12,20,25008KT,18,10
2020-12-12 21:00:00.000,2020,12,12,21,30010KT,17,11
2020-12-12 22:00:00.000,2020,12,12,22,30004KT,16,11
2020-12-12 23:00:00.000,2020,12,12,23,29007G17KT,16,11
2020-12-13 00:00:00.000,2020,12,13,0,28004KT,14,12
2020-12-13 01:00:00.000,2020,12,13,1,28005KT,14,11
2020-12-13 02:00:00.000,2020,12,13,2,VRB02KT,14,12
2020-12-13 03:00:00.000,2020,12,13,3,34003KT,12,11
2020-12-13 04:00:00.000,2020,12,13,4,04003KT,11,09
2020-12-13 05:00:00.000,2020,12,13,5,VRB02KT,10,09
2020-12-13 06:00:00.000,2020,12,13,6,00000KT,10,08
2020-12-13 07:00:00.000,2020,12,13,7,03003KT,09,08
2020-12-13 08:00:00.000,2020,12,13,8,03003KT,08,07
2020-12-13 09:00:00.000,2020,12,13,9,04003KT,08,07
2020-12-13 10:00:00.000,2020,12,13,10,VRB02KT,07,07
2020-12-13 10:30:00.000,2020,12,13,10,00000KT,06,06
2020-12-13 11:00:00.000,2020,12,13,11,00000KT,04,04
2020-12-13 12:00:00.000,2020,12,13,12,VRB02KT,08,07
2020-12-13 13:00:00.000,2020,12,13,13,04005KT,11,09
2020-12-13 14:00:00.000,2020,12,13,14,05005KT,14,08
2020-12-13 15:00:00.000,2020,12,13,15,03005KT,17,07
2020-12-13 16:00:00.000,2020,12,13,16,VRB04KT,19,06
2020-12-13 17:00:00.000,2020,12,13,17,07005KT,21,04
2020-12-13 18:00:00.000,2020,12,13,18,18012KT,21,04
2020-12-13 19:00:00.000,2020,12,13,19,22006KT,20,03
2020-12-13 20:00:00.000,2020,12,13,20,28012KT,19,09
2020-12-13 21:00:00.000,2020,12,13,21,23006KT,18,10
2020-12-13 22:00:00.000,2020,12,13,22,27012KT,17,10
2020-12-13 23:00:00.000,2020,12,13,23,27009KT,15,09
2020-12-14 00:00:00.000,2020,12,14,0,22003KT,14,09
2020-12-14 01:00:00.000,2020,12,14,1,23003KT,14,11
2020-12-14 02:00:00.000,2020,12,14,2,04003KT,11,10
2020-12-14 03:00:00.000,2020,12,14,3,31003KT,12,11
2020-12-14 04:00:00.000,2020,12,14,4,VRB02KT,11,09
2020-12-14 05:00:00.000,2020,12,14,5,02003KT,11,09
2020-12-14 06:00:00.000,2020,12,14,6,04004KT,10,08
2020-12-14 07:00:00.000,2020,12,14,7,36003KT,08,06
2020-12-14 08:00:00.000,2020,12,14,8,05005KT,08,06
2020-12-14 09:00:00.000,2020,12,14,9,06006KT,08,06
2020-12-14 10:00:00.000,2020,12,14,10,03003KT,07,05
2020-12-14 10:30:00.000,2020,12,14,10,07004KT,08,05
2020-12-14 11:00:00.000,2020,12,14,11,05006KT,07,03
2020-12-14 12:00:00.000,2020,12,14,12,05006KT,09,04
2020-12-14 13:00:00.000,2020,12,14,13,06006KT,12,04
2020-12-14 14:00:00.000,2020,12,14,14,06005KT,15,07
2020-12-14 15:00:00.000,2020,12,14,15,04003KT,17,07
2020-12-14 16:00:00.000,2020,12,14,16,32004KT,18,08
2020-12-14 17:00:00.000,2020,12,14,17,02009KT,19,07
2020-12-14 18:00:00.000,2020,12,14,18,12007KT,19,06
2020-12-14 19:00:00.000,2020,12,14,19,05009KT,19,07
2020-12-14 20:00:00.000,2020,12,14,20,11005KT,19,06
2020-12-14 21:00:00.000,2020,12,14,21,13008KT,18,06
2020-12-14 22:00:00.000,2020,12,14,22,07003KT,17,09
2020-12-14 23:00:00.000,2020,12,14,23,32007KT,15,12
2020-12-15 00:00:00.000,2020,12,15,0,27005KT,14,12
2020-12-15 01:00:00.000,2020,12,15,1,24004KT,13,11
2020-12-15 02:00:00.000,2020,12,15,2,34004KT,12,11
2020-12-15 03:00:00.000,2020,12,15,3,VRB02KT,10,09
2020-12-15 04:00:00.000,2020,12,15,4,VRB02KT,09,07
2020-12-15 05:00:00.000,2020,12,15,5,32005KT,09,07
2020-12-15 06:00:00.000,2020,12,15,6,VRB02KT,08,07
2020-12-15 07:00:00.000,2020,12,15,7,VRB02KT,06,06
2020-12-15 08:00:00.000,2020,12,15,8,VRB02KT,06,06
2020-12-15 09:00:00.000,2020,12,15,9,VRB02KT,05,05
2020-12-15 10:00:00.000,2020,12,15,10,06004KT,05,04
2020-12-15 10:30:00.000,2020,12,15,10,VRB02KT,05,04
2020-12-15 11:00:00.000,2020,12,15,11,VRB02KT,04,04
2020-12-15 12:00:00.000,2020,12,15,12,VRB02KT,09,08
2020-12-15 13:00:00.000,2020,12,15,13,04005KT,13,10
2020-12-15 14:00:00.000,2020,12,15,14,15004KT,17,09
2020-12-15 15:00:00.000,2020,12,15,15,27003KT,17,08
2020-12-15 16:00:00.000,2020,12,15,16,34003KT,18,07
2020-12-15 17:00:00.000,2020,12,15,17,36004KT,21,08
2020-12-15 18:00:00.000,2020,12,15,18,04005KT,20,06
2020-12-15 18:13:00.000,2020,12,15,18,VRB06G17KT,20,07
2020-12-15 19:00:00.000,2020,12,15,19,04008KT,20,07
2020-12-15 20:00:00.000,2020,12,15,20,28011KT,19,11
2020-12-15 21:00:00.000,2020,12,15,21,28011KT,18,11
2020-12-15 22:00:00.000,2020,12,15,22,29005KT,17,12
2020-12-15 23:00:00.000,2020,12,15,23,27007KT,15,12
2020-12-16 00:00:00.000,2020,12,16,0,VRB02KT,18,12
2020-12-16 01:00:00.000,2020,12,16,1,VRB02KT,14,12
2020-12-16 02:00:00.000,2020,12,16,2,VRB02KT,13,12
2020-12-16 03:00:00.000,2020,12,16,3,01003KT,14,12
2020-12-16 04:00:00.000,2020,12,16,4,33008KT,12,10
2020-12-16 05:00:00.000,2020,12,16,5,02004KT,11,10
2020-12-16 06:00:00.000,2020,12,16,6,VRB02KT,11,08
2020-12-16 07:00:00.000,2020,12,16,7,VRB02KT,10,09
2020-12-16 08:00:00.000,2020,12,16,8,VRB02KT,10,09
2020-12-16 09:00:00.000,2020,12,16,9,06005KT,10,09
2020-12-16 10:00:00.000,2020,12,16,10,06004KT,10,08
2020-12-16 10:30:00.000,2020,12,16,10,VRB02KT,09,08
2020-12-16 11:00:00.000,2020,12,16,11,05004KT,09,08
2020-12-16 12:00:00.000,2020,12,16,12,07005KT,12,09
2020-12-16 13:00:00.000,2020,12,16,13,06009KT,14,09
2020-12-16 13:40:00.000,2020,12,16,13,07008KT,16,10
2020-12-16 14:00:00.000,2020,12,16,14,09008KT,16,10
2020-12-16 15:00:00.000,2020,12,16,15,13006KT,18,05
2020-12-16 16:00:00.000,2020,12,16,16,11004KT,19,05
2020-12-16 17:00:00.000,2020,12,16,17,VRB02KT,20,07
2020-12-16 18:00:00.000,2020,12,16,18,VRB02KT,20,08
2020-12-16 19:00:00.000,2020,12,16,19,25012KT,21,09
2020-12-16 20:00:00.000,2020,12,16,20,22008KT,20,10
2020-12-16 21:00:00.000,2020,12,16,21,30007KT,18,11
2020-12-16 21:15:00.000,2020,12,16,21,33005KT,17,12
2020-12-16 22:00:00.000,2020,12,16,22,280008KT,17,12
2020-12-16 23:00:00.000,2020,12,16,23,28007KT,16,11
2020-12-17 00:00:00.000,2020,12,17,0,27004KT,15,11
2020-12-17 01:00:00.000,2020,12,17,1,VRB02KT,14,12
2020-12-17 02:00:00.000,2020,12,17,2,33004KT,14,12
2020-12-17 03:00:00.000,2020,12,17,3,VRB02KT,13,12
2020-12-17 04:00:00.000,2020,12,17,4,36004KT,13,11
2020-12-17 05:00:00.000,2020,12,17,5,04005KT,13,11
2020-12-17 12:00:00.000,2020,12,17,12,05007KT,11,09
2020-12-17 13:00:00.000,2020,12,17,13,06008KT,14,10
2020-12-17 14:00:00.000,2020,12,17,14,03006KT,15,08
2020-12-17 15:00:00.000,2020,12,17,15,16006KT,17,08
2020-12-17 16:00:00.000,2020,12,17,16,07006KT,18,07
2020-12-17 19:00:00.000,2020,12,17,19,23005KT,20,05
2020-12-17 20:00:00.000,2020,12,17,20,09004KT,19,07
2020-12-17 21:00:00.000,2020,12,17,21,06006KT,18,07
2020-12-17 22:00:00.000,2020,12,17,22,07004KT,18,07
2020-12-17 23:00:00.000,2020,12,17,23,12005KT,16,08
2020-12-18 00:00:00.000,2020,12,18,0,14006KT,13,07
2020-12-18 01:00:00.000,2020,12,18,1,01003KT,12,08
2020-12-18 02:00:00.000,2020,12,18,2,VRB02KT,11,08
2020-12-18 03:00:00.000,2020,12,18,3,06004KT,11,08
2020-12-18 04:00:00.000,2020,12,18,4,05004KT,10,08
2020-12-18 06:00:00.000,2020,12,18,6,VRB02KT,09,08
2020-12-18 07:00:00.000,2020,12,18,7,VRB02KT,07,07
2020-12-18 08:00:00.000,2020,12,18,8,05006KT,10,09
2020-12-18 09:00:00.000,2020,12,18,9,06006KT,11,09
2020-12-18 10:00:00.000,2020,12,18,10,06006KT,11,09
2020-12-18 10:30:00.000,2020,12,18,10,VRB02KT,10,08
2020-12-18 11:00:00.000,2020,12,18,11,04005KT,09,08
2020-12-18 12:00:00.000,2020,12,18,12,03007KT,11,09
2020-12-18 13:00:00.000,2020,12,18,13,04007KT,13,09
2020-12-18 14:00:00.000,2020,12,18,14,08006KT,15,08
2020-12-18 15:00:00.000,2020,12,18,15,18004KT,17,07
2020-12-18 20:00:00.000,2020,12,18,20,06006KT,19,07
2020-12-18 21:00:00.000,2020,12,18,21,21008KT,19,10
2020-12-18 22:00:00.000,2020,12,18,22,28010KT,18,11
2020-12-18 23:00:00.000,2020,12,18,23,30007KT,14,11
2020-12-19 00:00:00.000,2020,12,19,0,26003KT,14,11
2020-12-19 01:00:00.000,2020,12,19,1,27003KT,14,11
2020-12-19 02:00:00.000,2020,12,19,2,VRB02KT,13,12
2020-12-19 03:00:00.000,2020,12,19,3,VRB02KT,13,12
2020-12-19 04:00:00.000,2020,12,19,4,23004KT,13,12
2020-12-19 05:00:00.000,2020,12,19,5,VRB02KT,13,11
2020-12-19 06:00:00.000,2020,12,19,6,VRB02KT,13,10
2020-12-19 13:00:00.000,2020,12,19,13,04008KT,14,10
2020-12-19 13:40:00.000,2020,12,19,13,08006KT,16,10
2020-12-19 14:00:00.000,2020,12,19,14,07007KT,17,10
2020-12-19 15:00:00.000,2020,12,19,15,06008KT,18,08
2020-12-19 16:00:00.000,2020,12,19,16,05007KT,18,08
2020-12-19 17:00:00.000,2020,12,19,17,01004KT,19,07
2020-12-19 18:00:00.000,2020,12,19,18,06007KT,19,08
2020-12-19 19:00:00.000,2020,12,19,19,07005KT,19,08
2020-12-19 20:00:00.000,2020,12,19,20,27013KT,19,12
2020-12-19 21:00:00.000,2020,12,19,21,29012KT,18,12
2020-12-19 21:45:00.000,2020,12,19,21,25010KT,17,11
2020-12-19 22:00:00.000,2020,12,19,22,25009KT,17,11
2020-12-19 23:00:00.000,2020,12,19,23,29008KT,16,11
2020-12-20 00:00:00.000,2020,12,20,0,04004KT,14,11
2020-12-20 01:00:00.000,2020,12,20,1,14003KT,14,11
2020-12-20 02:00:00.000,2020,12,20,2,VRB02KT,14,11
2020-12-20 03:00:00.000,2020,12,20,3,19003KT,13,11
2020-12-20 04:00:00.000,2020,12,20,4,VRB03KT,13,12
2020-12-20 05:00:00.000,2020,12,20,5,15004KT,13,11
2020-12-20 06:00:00.000,2020,12,20,6,VRB02KT,13,12
2020-12-20 07:00:00.000,2020,12,20,7,34003KT,12,11
2020-12-20 08:00:00.000,2020,12,20,8,04004KT,12,11
2020-12-20 09:00:00.000,2020,12,20,9,34003KT,12,11
2020-12-20 10:00:00.000,2020,12,20,10,06006KT,12,09
2020-12-20 11:00:00.000,2020,12,20,11,VRB02KT,12,08
2020-12-20 12:00:00.000,2020,12,20,12,05004KT,11,09
2020-12-20 13:00:00.000,2020,12,20,13,05007KT,15,07
2020-12-20 14:00:00.000,2020,12,20,14,10006KT,17,05
2020-12-20 15:00:00.000,2020,12,20,15,15006KT,18,05
2020-12-20 16:00:00.000,2020,12,20,16,14008KT,20,06
2020-12-20 17:00:00.000,2020,12,20,17,13012KT,20,07
2020-12-20 18:00:00.000,2020,12,20,18,14010KT,20,06
2020-12-20 19:00:00.000,2020,12,20,19,12010KT,19,05
2020-12-20 20:00:00.000,2020,12,20,20,12008KT,19,05
2020-12-20 21:00:00.000,2020,12,20,21,12008KT,19,05
2020-12-20 22:00:00.000,2020,12,20,22,16008KT,19,06
2020-12-20 23:00:00.000,2020,12,20,23,30006KT,16,10
2020-12-21 00:00:00.000,2020,12,21,0,32006KT,12,11
2020-12-21 01:00:00.000,2020,12,21,1,17004KT,14,09
2020-12-21 02:00:00.000,2020,12,21,2,VRB02KT,11,08
2020-12-21 03:00:00.000,2020,12,21,3,05003KT,11,08
2020-12-21 04:00:00.000,2020,12,21,4,05004KT,10,08
2020-12-21 05:00:00.000,2020,12,21,5,04003KT,09,08
2020-12-21 06:00:00.000,2020,12,21,6,04005KT,09,08
2020-12-21 07:00:00.000,2020,12,21,7,05005KT,09,08
2020-12-21 08:00:00.000,2020,12,21,8,05006KT,09,08
2020-12-21 09:00:00.000,2020,12,21,9,05005KT,08,07
2020-12-21 11:00:00.000,2020,12,21,11,05005KT,07,06
2020-12-21 13:00:00.000,2020,12,21,13,05005KT,13,08
2020-12-21 14:00:00.000,2020,12,21,14,05004KT,14,07
2020-12-21 15:00:00.000,2020,12,21,15,04004KT,17,05
2020-12-21 16:00:00.000,2020,12,21,16,03004KT,19,07
2020-12-21 17:00:00.000,2020,12,21,17,12004KT,20,04
2020-12-21 18:00:00.000,2020,12,21,18,16004KT,22,06
2020-12-21 19:00:00.000,2020,12,21,19,03005KT,20,05
2020-12-21 20:00:00.000,2020,12,21,20,26009KT,18,11
2020-12-21 21:00:00.000,2020,12,21,21,28007KT,18,11
2020-12-21 22:00:00.000,2020,12,21,22,27006KT,17,11
2020-12-21 23:00:00.000,2020,12,21,23,3007KT,16,11
2020-12-22 00:00:00.000,2020,12,22,0,27005KT,15,11
2020-12-22 01:00:00.000,2020,12,22,1,25005KT,15,11
2020-12-22 02:00:00.000,2020,12,22,2,22004KT,14,11
2020-12-22 03:00:00.000,2020,12,22,3,VRB02KT,13,12
2020-12-22 04:00:00.000,2020,12,22,4,VRB02KT,12,11
2020-12-22 05:00:00.000,2020,12,22,5,VRB02KT,12,11
2020-12-22 06:00:00.000,2020,12,22,6,01003KT,10,09
2020-12-22 07:00:00.000,2020,12,22,7,03004KT,09,08
2020-12-22 11:00:00.000,2020,12,22,11,VRB02KT,09,09
2020-12-22 12:00:00.000,2020,12,22,12,04004KT,09,09
2020-12-22 13:00:00.000,2020,12,22,13,05004KT,13,09
2020-12-22 14:00:00.000,2020,12,22,14,04006KT,16,07
2020-12-22 15:00:00.000,2020,12,22,15,05006KT,18,07
2020-12-22 16:00:00.000,2020,12,22,16,04004KT,18,07
2020-12-22 17:00:00.000,2020,12,22,17,15008KT,20,07
2020-12-22 18:00:00.000,2020,12,22,18,02009KT,20,07
2020-12-22 19:00:00.000,2020,12,22,19,29009KT,19,11
2020-12-22 20:00:00.000,2020,12,22,20,26009KT,15,12
2020-12-22 20:20:00.000,2020,12,22,20,34003KT,15,13
2020-12-22 21:00:00.000,2020,12,22,21,28010KT,15,13
2020-12-22 22:00:00.000,2020,12,22,22,24004KT,14,12
2020-12-22 23:00:00.000,2020,12,22,23,VRB02KT,13,11
2020-12-23 00:00:00.000,2020,12,23,0,VRB02KT,12,11
2020-12-23 01:00:00.000,2020,12,23,1,VRB02KT,12,11
2020-12-23 02:00:00.000,2020,12,23,2,VRB02KT,11,10
2020-12-23 03:00:00.000,2020,12,23,3,00000KT,12,11
2020-12-23 04:00:00.000,2020,12,23,4,VRB02KT,11,10
2020-12-23 05:00:00.000,2020,12,23,5,00000KT,10,09
2020-12-23 06:00:00.000,2020,12,23,6,VBR02KT,09,09
2020-12-23 07:00:00.000,2020,12,23,7,VRB02KT,08,08
2020-12-23 08:00:00.000,2020,12,23,8,VRB02KT,07,07
2020-12-23 09:00:00.000,2020,12,23,9,VRB02KT,07,07
2020-12-23 11:00:00.000,2020,12,23,11,VRB02KT,08,07
2020-12-23 12:00:00.000,2020,12,23,12,VRB02KT,11,09
2020-12-23 13:00:00.000,2020,12,23,13,32003KT,11,11
2020-12-23 13:29:00.000,2020,12,23,13,VRB02KT,13,10
2020-12-23 14:00:00.000,2020,12,23,14,VRB03KT,15,10
2020-12-23 14:28:00.000,2020,12,23,14,VRB02KT,17,09
2020-12-23 15:00:00.000,2020,12,23,15,30003KT,18,09
2020-12-23 16:00:00.000,2020,12,23,16,33004KT,20,09
2020-12-23 17:00:00.000,2020,12,23,17,03005KT,20,09
2020-12-23 18:00:00.000,2020,12,23,18,25009KT,19,12
2020-12-23 19:00:00.000,2020,12,23,19,28008KT,18,11
2020-12-23 20:00:00.000,2020,12,23,20,29008KT,20,12
2020-12-23 21:00:00.000,2020,12,23,21,29009KT,19,12
2020-12-23 22:00:00.000,2020,12,23,22,28010KT,18,11
2020-12-23 23:00:00.000,2020,12,23,23,26008KT,17,12
2020-12-24 00:00:00.000,2020,12,24,0,31007KT,15,12
2020-12-24 01:00:00.000,2020,12,24,1,30004KT,15,12
2020-12-24 02:00:00.000,2020,12,24,2,29003KT,14,13
2020-12-24 03:00:00.000,2020,12,24,3,VRB02KT,14,13
2020-12-24 04:00:00.000,2020,12,24,4,30003KT,14,13
2020-12-24 05:00:00.000,2020,12,24,5,VRB02KT,14,12
2020-12-24 11:00:00.000,2020,12,24,11,VRB02KT,12,12
2020-12-24 12:00:00.000,2020,12,24,12,VRB02KT,13,12
2020-12-24 13:00:00.000,2020,12,24,13,VRB02KT,14,13
2020-12-24 14:00:00.000,2020,12,24,14,06003KT,16,11
2020-12-24 15:00:00.000,2020,12,24,15,10004KT,18,10
2020-12-24 16:00:00.000,2020,12,24,16,17005KT,18,09
2020-12-24 17:00:00.000,2020,12,24,17,07005KT,19,07
2020-12-24 18:00:00.000,2020,12,24,18,18006KT,21,08
2020-12-24 19:00:00.000,2020,12,24,19,23010KT,18,11
2020-12-24 19:36:00.000,2020,12,24,19,25011KT,20,12
2020-12-24 20:00:00.000,2020,12,24,20,27010KT,19,11
2020-12-24 21:00:00.000,2020,12,24,21,26006KT,18,11
2020-12-24 22:00:00.000,2020,12,24,22,36006KT,18,12
2020-12-25 00:00:00.000,2020,12,25,0,32006KT,14,11
2020-12-25 01:00:00.000,2020,12,25,1,30005KT,14,11
2020-12-25 02:00:00.000,2020,12,25,2,31005KT,13,12
2020-12-25 03:00:00.000,2020,12,25,3,21003KT,13,12
2020-12-25 04:00:00.000,2020,12,25,4,34005KT,14,12
2020-12-25 05:00:00.000,2020,12,25,5,26003KT,13,12
2020-12-25 06:00:00.000,2020,12,25,6,00000KT,13,12
2020-12-25 07:00:00.000,2020,12,25,7,34003KT,13,12
2020-12-25 08:00:00.000,2020,12,25,8,VRB02KT,12,12
2020-12-25 09:00:00.000,2020,12,25,9,33003KT,12,12
2020-12-25 10:00:00.000,2020,12,25,10,02003KT,11,10
2020-12-25 10:30:00.000,2020,12,25,10,VRB02KT,11,11
2020-12-25 11:00:00.000,2020,12,25,11,VRB02KT,11,10
2020-12-25 12:00:00.000,2020,12,25,12,VRB02KT,12,11
2020-12-25 13:00:00.000,2020,12,25,13,01005KT,13,12
2020-12-25 14:00:00.000,2020,12,25,14,VRB02KT,15,13
2020-12-25 15:00:00.000,2020,12,25,15,23004KT,18,09
2020-12-25 16:00:00.000,2020,12,25,16,VRB02KT,19,08
2020-12-25 17:00:00.000,2020,12,25,17,30009KT,19,11
2020-12-25 18:00:00.000,2020,12,25,18,29009KT,19,12
2020-12-25 19:00:00.000,2020,12,25,19,31009KT,18,10
2020-12-25 19:32:00.000,2020,12,25,19,32012KT,17,11
2020-12-25 20:00:00.000,2020,12,25,20,32013KT,18,11
2020-12-25 21:00:00.000,2020,12,25,21,31004KT,18,10
2020-12-25 22:00:00.000,2020,12,25,22,32011KT,16,10
2020-12-25 23:00:00.000,2020,12,25,23,32007KT,14,11
2020-12-26 00:00:00.000,2020,12,26,0,26006KT,14,11
2020-12-26 01:00:00.000,2020,12,26,1,24005KT,14,11
2020-12-26 02:00:00.000,2020,12,26,2,29006KT,13,11
2020-12-26 03:00:00.000,2020,12,26,3,29006KT,13,10
2020-12-26 04:00:00.000,2020,12,26,4,29003KT,12,10
2020-12-26 05:00:00.000,2020,12,26,5,29003KT,11,10
2020-12-26 06:00:00.000,2020,12,26,6,27003KT,11,10
2020-12-26 07:00:00.000,2020,12,26,7,VRB02KT,10,09
2020-12-26 08:00:00.000,2020,12,26,8,VRB02KT,08,08
2020-12-26 09:00:00.000,2020,12,26,9,VRB02KT,09,09
2020-12-26 10:00:00.000,2020,12,26,10,02003KT,09,09
2020-12-26 10:30:00.000,2020,12,26,10,31003KT,08,07
2020-12-26 11:00:00.000,2020,12,26,11,33003KT,08,07
2020-12-26 12:00:00.000,2020,12,26,12,03003KT,09,09
2020-12-26 12:16:00.000,2020,12,26,12,VRB02KT,11,10
2020-12-26 13:00:00.000,2020,12,26,13,35004KT,13,12
2020-12-26 14:00:00.000,2020,12,26,14,VRB02KT,16,11
2020-12-26 15:00:00.000,2020,12,26,15,01003KT,16,09
2020-12-26 16:00:00.000,2020,12,26,16,34006KT,16,10
2020-12-26 16:32:00.000,2020,12,26,16,31008KT,18,09
2020-12-26 17:00:00.000,2020,12,26,17,33005KT,19,09
2020-12-26 18:00:00.000,2020,12,26,18,32010KT,19,08
2020-12-26 19:00:00.000,2020,12,26,19,26012KT,18,10
2020-12-26 20:00:00.000,2020,12,26,20,31010KT,17,11
2020-12-26 21:00:00.000,2020,12,26,21,32010KT,16,10
2020-12-26 22:00:00.000,2020,12,26,22,31012KT,14,10
2020-12-26 23:00:00.000,2020,12,26,23,29012KT,14,10
2020-12-27 00:00:00.000,2020,12,27,0,31005KT,13,10
2020-12-27 01:00:00.000,2020,12,27,1,25006KT,14,10
2020-12-27 02:00:00.000,2020,12,27,2,26005KT,13,11
2020-12-27 03:00:00.000,2020,12,27,3,28004KT,12,10
2020-12-27 04:00:00.000,2020,12,27,4,27004KT,12,10
2020-12-27 05:00:00.000,2020,12,27,5,26003KT,11,10
2020-12-27 06:00:00.000,2020,12,27,6,VRB02KT,11,10
2020-12-27 07:00:00.000,2020,12,27,7,VRB02KT,09,08
2020-12-27 08:00:00.000,2020,12,27,8,VRB02KT,09,09
2020-12-27 09:00:00.000,2020,12,27,9,VRB02KT,09,08
2020-12-27 10:00:00.000,2020,12,27,10,VRB02KT,08,08
2020-12-27 10:30:00.000,2020,12,27,10,VRB02KT,08,08
2020-12-27 11:00:00.000,2020,12,27,11,VRB02KT,08,07
2020-12-27 12:00:00.000,2020,12,27,12,VRB02KT,08,08
2020-12-27 12:20:00.000,2020,12,27,12,VRB02KT,10,09
2020-12-27 13:00:00.000,2020,12,27,13,VRB02KT,12,10
2020-12-27 14:00:00.000,2020,12,27,14,VRB02KT,14,09
2020-12-27 15:00:00.000,2020,12,27,15,30006KT,15,10
2020-12-27 16:00:00.000,2020,12,27,16,32011KT,17,11
2020-12-27 17:00:00.000,2020,12,27,17,31014KT,18,10
2020-12-27 18:00:00.000,2020,12,27,18,33014KT,18,08
2020-12-27 19:00:00.000,2020,12,27,19,32013KT,19,08
2020-12-27 20:00:00.000,2020,12,27,20,32012KT,19,08
2020-12-27 21:00:00.000,2020,12,27,21,31015KT,17,09
2020-12-27 22:00:00.000,2020,12,27,22,32009KT,15,09
2020-12-27 23:00:00.000,2020,12,27,23,26003KT,14,10
2020-12-28 00:00:00.000,2020,12,28,0,28006KT,13,10
2020-12-28 01:00:00.000,2020,12,28,1,29005KT,13,10
2020-12-28 02:00:00.000,2020,12,28,2,29005KT,13,10
2020-12-28 03:00:00.000,2020,12,28,3,29003KT,11,09
2020-12-28 04:00:00.000,2020,12,28,4,04005KT,09,07
2020-12-28 05:00:00.000,2020,12,28,5,04004KT,08,06
2020-12-28 06:00:00.000,2020,12,28,6,36003KT,07,06
2020-12-28 07:00:00.000,2020,12,28,7,33003KT,06,05
2020-12-28 08:00:00.000,2020,12,28,8,VRB02KT,06,05
2020-12-28 09:00:00.000,2020,12,28,9,15004KT,07,06
2020-12-28 10:00:00.000,2020,12,28,10,31005KT,05,04
2020-12-28 10:30:00.000,2020,12,28,10,VRB02KT,05,04
2020-12-28 11:00:00.000,2020,12,28,11,01003KT,06,05
2020-12-28 12:00:00.000,2020,12,28,12,08003KT,08,07
2020-12-28 13:00:00.000,2020,12,28,13,VRB02KT,12,10
2020-12-28 15:00:00.000,2020,12,28,15,07005KT,17,08
2020-12-28 16:00:00.000,2020,12,28,16,06004KT,18,06
2020-12-28 17:00:00.000,2020,12,28,17,32006KT,20,06
2020-12-28 18:00:00.000,2020,12,28,18,29010KT,20,10
2020-12-28 19:00:00.000,2020,12,28,19,27013KT,19,10
2020-12-28 20:00:00.000,2020,12,28,20,28015KT,19,11
2020-12-28 21:00:00.000,2020,12,28,21,26010KT,18,10
2020-12-28 22:00:00.000,2020,12,28,22,26012KT,17,10
2020-12-28 23:00:00.000,2020,12,28,23,27008KT,15,10
2020-12-29 00:00:00.000,2020,12,29,0,25009KT,14,11
2020-12-29 01:00:00.000,2020,12,29,1,31010KT,13,10
2020-12-29 02:00:00.000,2020,12,29,2,30011KT,13,09
2020-12-29 03:00:00.000,2020,12,29,3,30005KT,13,10
2020-12-29 04:00:00.000,2020,12,29,4,29006KT,13,10
2020-12-29 05:00:00.000,2020,12,29,5,25005KT,13,10
2020-12-29 06:00:00.000,2020,12,29,6,31004KT,12,10
2020-12-29 07:00:00.000,2020,12,29,7,26003KT,12,10
2020-12-29 08:00:00.000,2020,12,29,8,00000KT,11,10
2020-12-29 09:00:00.000,2020,12,29,9,32003KT,10,09
2020-12-29 10:00:00.000,2020,12,29,10,31003KT,10,09
2020-12-29 10:30:00.000,2020,12,29,10,00000KT,09,09
2020-12-29 11:00:00.000,2020,12,29,11,VRB02KT,09,09
2020-12-29 12:00:00.000,2020,12,29,12,VRB02KT,09,08
2020-12-29 13:00:00.000,2020,12,29,13,VRB02KT,12,11
2020-12-29 14:00:00.000,2020,12,29,14,03006KT,15,10
2020-12-29 15:00:00.000,2020,12,29,15,06004KT,16,10
2020-12-29 16:00:00.000,2020,12,29,16,VRB04KT,18,08
2020-12-29 17:00:00.000,2020,12,29,17,26004KT,20,07
2020-12-29 18:00:00.000,2020,12,29,18,29014KT,20,10
2020-12-29 19:00:00.000,2020,12,29,19,28016KT,19,11
2020-12-29 20:00:00.000,2020,12,29,20,27010KT,18,11
2020-12-29 21:00:00.000,2020,12,29,21,26009KT,17,09
2020-12-29 22:00:00.000,2020,12,29,22,29010KT,17,09
2020-12-29 23:00:00.000,2020,12,29,23,29007KT,16,09
2020-12-30 00:00:00.000,2020,12,30,0,23005KT,14,11
2020-12-30 01:00:00.000,2020,12,30,1,31006KT,13,10
2020-12-30 02:00:00.000,2020,12,30,2,28004KT,13,12
2020-12-30 03:00:00.000,2020,12,30,3,35003KT,12,11
2020-12-30 04:00:00.000,2020,12,30,4,27003KT,13,11
2020-12-30 05:00:00.000,2020,12,30,5,VRB02KT,12,10
2020-12-30 06:00:00.000,2020,12,30,6,VRB02KT,11,10
2020-12-30 07:00:00.000,2020,12,30,7,VRB02KT,11,10
2020-12-30 08:00:00.000,2020,12,30,8,27003KT,12,11
2020-12-30 09:00:00.000,2020,12,30,9,29003KT,11,10
2020-12-30 10:00:00.000,2020,12,30,10,VRB02KT,11,10
2020-12-30 10:30:00.000,2020,12,30,10,VRB02KT,11,09
2020-12-30 11:00:00.000,2020,12,30,11,VRB02KT,11,10
2020-12-30 12:00:00.000,2020,12,30,12,32004KT,10,09
2020-12-30 12:30:00.000,2020,12,30,12,00000KT,12,11
2020-12-30 13:00:00.000,2020,12,30,13,VRBO2KT,14,12
2020-12-30 14:00:00.000,2020,12,30,14,31003KT,16,11
2020-12-30 15:00:00.000,2020,12,30,15,32004KT,18,10
2020-12-30 16:00:00.000,2020,12,30,16,30005KT,19,09
2020-12-30 17:00:00.000,2020,12,30,17,36004KT,20,06
2020-12-30 18:00:00.000,2020,12,30,18,28011KT,19,10
2020-12-30 19:00:00.000,2020,12,30,19,29014KT,18,11
2020-12-30 20:00:00.000,2020,12,30,20,27009KT,16,11
2020-12-30 21:00:00.000,2020,12,30,21,22006KT,15,11
2020-12-30 22:00:00.000,2020,12,30,22,22006KT,15,10
2020-12-30 23:00:00.000,2020,12,30,23,23005KT,15,10
2020-12-31 00:00:00.000,2020,12,31,0,VRB02KT,14,11
2020-12-31 01:00:00.000,2020,12,31,1,33004KT,13,11
2020-12-31 02:00:00.000,2020,12,31,2,31005KT,13,12
2020-12-31 03:00:00.000,2020,12,31,3,32005KT,13,11
2020-12-31 04:00:00.000,2020,12,31,4,34003KT,13,11
2020-12-31 05:00:00.000,2020,12,31,5,29004KT,13,11
2020-12-31 06:00:00.000,2020,12,31,6,31004KT,12,11
2020-12-31 07:00:00.000,2020,12,31,7,VRB02KT,12,11
2020-12-31 08:00:00.000,2020,12,31,8,VRB02KT,12,11
2020-12-31 09:00:00.000,2020,12,31,9,25004KT,12,11
2020-12-31 10:00:00.000,2020,12,31,10,VRB02KT,12,11
2020-12-31 10:30:00.000,2020,12,31,10,VRB02KT,12,11
2020-12-31 11:00:00.000,2020,12,31,11,VRB02KT,12,11
2020-12-31 12:00:00.000,2020,12,31,12,35004KT,12,11
2020-12-31 13:00:00.000,2020,12,31,13,04003KT,13,12
2020-12-31 14:00:00.000,2020,12,31,14,02004KT,16,10
2020-12-31 15:00:00.000,2020,12,31,15,VRB02KT,17,11
2020-12-31 16:00:00.000,2020,12,31,16,33003KT,19,09
2020-12-31 17:00:00.000,2020,12,31,17,VRB02KT,20,09
2020-12-31 18:00:00.000,2020,12,31,18,28011KT,18,12
2020-12-31 18:35:00.000,2020,12,31,18,24009KT,16,13
2020-12-31 19:00:00.000,2020,12,31,19,25003KT,15,13
2020-12-31 20:00:00.000,2020,12,31,20,29008KT,14,13
2020-12-31 20:30:00.000,2020,12,31,20,29006KT,13,12
2020-12-31 21:00:00.000,2020,12,31,21,34003KT,13,12
2020-12-31 22:00:00.000,2020,12,31,22,21004KT,14,13
2020-12-31 23:00:00.000,2020,12,31,23,29004KT,14,13
2021-01-01 00:00:00.000,2021,1,1,0,24003KT,14,13
2021-01-01 01:00:00.000,2021,1,1,1,VRB02KT,13,12
2021-01-01 02:00:00.000,2021,1,1,2,03003KT,13,12
2021-01-01 03:00:00.000,2021,1,1,3,35003KT,13,13
2021-01-01 04:00:00.000,2021,1,1,4,VRB02KT,13,12
2021-01-01 05:00:00.000,2021,1,1,5,32003KT,12,12
2021-01-01 06:00:00.000,2021,1,1,6,VRB02KT,12,12
2021-01-01 07:00:00.000,2021,1,1,7,VRB02KT,12,12
2021-01-01 08:00:00.000,2021,1,1,8,VRB02KT,12,12
2021-01-01 09:00:00.000,2021,1,1,9,VRB02KT,12,12
2021-01-01 10:00:00.000,2021,1,1,10,03004KT,12,12
2021-01-01 10:30:00.000,2021,1,1,10,05004KT,12,11
2021-01-01 11:00:00.000,2021,1,1,11,06005KT,12,11
2021-01-01 12:00:00.000,2021,1,1,12,VRB02KT,13,11
2021-01-01 13:00:00.000,2021,1,1,13,VRB04KT,16,11
2021-01-01 14:00:00.000,2021,1,1,14,06007KT,17,09
2021-01-01 15:00:00.000,2021,1,1,15,06005KT,17,08
2021-01-01 16:00:00.000,2021,1,1,16,14007KT,18,08
2021-01-01 17:00:00.000,2021,1,1,17,10010KT,18,08
2021-01-01 18:00:00.000,2021,1,1,18,11010KT,19,08
2021-01-01 19:00:00.000,2021,1,1,19,11011KT,19,08
2021-01-01 20:00:00.000,2021,1,1,20,VRB08KT,17,08
2021-01-01 21:00:00.000,2021,1,1,21,10010KT,18,08
2021-01-01 22:00:00.000,2021,1,1,22,11011KT,18,07
2021-01-01 23:00:00.000,2021,1,1,23,04005KT,15,07
2021-01-02 00:00:00.000,2021,1,2,0,09003KT,15,07
2021-01-02 01:00:00.000,2021,1,2,1,08004KT,14,07
2021-01-02 02:00:00.000,2021,1,2,2,00000KT,13,08
2021-01-02 03:00:00.000,2021,1,2,3,12003KT,12,09
2021-01-02 04:00:00.000,2021,1,2,4,VRB02KT,12,09
2021-01-02 05:00:00.000,2021,1,2,5,05003KT,12,09
2021-01-02 06:00:00.000,2021,1,2,6,06004KT,12,09
2021-01-02 07:00:00.000,2021,1,2,7,02004KT,11,09
2021-01-02 08:00:00.000,2021,1,2,8,03003KT,11,10
2021-01-02 09:00:00.000,2021,1,2,9,00000KT,09,09
2021-01-02 10:00:00.000,2021,1,2,10,34003KT,10,09
2021-01-02 10:30:00.000,2021,1,2,10,VRB02KT,08,08
2021-01-02 11:00:00.000,2021,1,2,11,33004KT,08,07
2021-01-02 13:00:00.000,2021,1,2,13,VRB02KT,12,10
2021-01-02 13:25:00.000,2021,1,2,13,VRB02KT,15,11
2021-01-02 14:00:00.000,2021,1,2,14,07005KT,17,09
2021-01-02 15:00:00.000,2021,1,2,15,13009KT,18,09
2021-01-02 16:00:00.000,2021,1,2,16,15006KT,16,10
2021-01-02 17:00:00.000,2021,1,2,17,20006KT,17,10
2021-01-02 18:00:00.000,2021,1,2,18,19003KT,17,11
2021-01-02 19:00:00.000,2021,1,2,19,19009KT,20,10
2021-01-02 20:00:00.000,2021,1,2,20,04006KT,19,09
2021-01-02 21:00:00.000,2021,1,2,21,21005KT,17,10
2021-01-02 21:21:00.000,2021,1,2,21,21005KT,16,12
2021-01-02 21:34:00.000,2021,1,2,21,17007KT,15,12
2021-01-02 22:00:00.000,2021,1,2,22,23004KT,14,12
2021-01-02 23:00:00.000,2021,1,2,23,VRB02KT,14,12
2021-01-03 00:00:00.000,2021,1,3,0,VRB02KT,12,11
2021-01-03 01:00:00.000,2021,1,3,1,05004KT,13,10
2021-01-03 02:00:00.000,2021,1,3,2,04003KT,12,11
2021-01-03 03:00:00.000,2021,1,3,3,36004KT,12,11
2021-01-03 04:00:00.000,2021,1,3,4,01004KT,12,11
2021-01-03 05:00:00.000,2021,1,3,5,06005KT,12,10
2021-01-03 06:00:00.000,2021,1,3,6,36004KT,12,11
2021-01-03 07:00:00.000,2021,1,3,7,06005KT,12,10
2021-01-03 08:00:00.000,2021,1,3,8,04005KT,12,10
2021-01-03 11:00:00.000,2021,1,3,11,04006KT,11,10
2021-01-03 12:00:00.000,2021,1,3,12,05006KT,11,10
2021-01-03 13:00:00.000,2021,1,3,13,06003KT,13,10
2021-01-03 14:00:00.000,2021,1,3,14,04005KT,14,10
2021-01-03 15:00:00.000,2021,1,3,15,11003KT,16,09
2021-01-03 16:00:00.000,2021,1,3,16,34004KT,18,10
2021-01-03 17:00:00.000,2021,1,3,17,33003KT,19,09
2021-01-03 17:20:00.000,2021,1,3,17,31006KT,19,09
2021-01-03 18:00:00.000,2021,1,3,18,32013KT,19,12
2021-01-03 19:00:00.000,2021,1,3,19,28011KT,19,08
2021-01-03 20:00:00.000,2021,1,3,20,27009KT,20,07
2021-01-03 21:00:00.000,2021,1,3,21,32010KT,18,09
2021-01-03 22:00:00.000,2021,1,3,22,31012KT,16,10
2021-01-03 23:00:00.000,2021,1,3,23,30009KT,14,10
2021-01-04 00:00:00.000,2021,1,4,0,28008KT,14,11
2021-01-04 01:00:00.000,2021,1,4,1,28009KT,14,11
2021-01-04 02:00:00.000,2021,1,4,2,27006KT,13,10
2021-01-04 03:00:00.000,2021,1,4,3,25005KT,11,09
2021-01-04 04:00:00.000,2021,1,4,4,25004KT,11,09
2021-01-04 05:00:00.000,2021,1,4,5,21003KT,11,09
2021-01-04 06:00:00.000,2021,1,4,6,22003KT,11,09
2021-01-04 07:00:00.000,2021,1,4,7,32003KT,08,07
2021-01-04 08:00:00.000,2021,1,4,8,06003KT,06,05
2021-01-04 09:00:00.000,2021,1,4,9,34005KT,07,06
2021-01-04 10:00:00.000,2021,1,4,10,32003KT,08,07
2021-01-04 10:30:00.000,2021,1,4,10,35003KT,08,07
2021-01-04 11:00:00.000,2021,1,4,11,02003KT,08,07
2021-01-04 12:00:00.000,2021,1,4,12,05003KT,10,09
2021-01-04 13:00:00.000,2021,1,4,13,02003KT,12,10
2021-01-04 13:38:00.000,2021,1,4,13,02003KT,14,10
2021-01-04 14:00:00.000,2021,1,4,14,35003KT,14,09
2021-01-04 14:15:00.000,2021,1,4,14,VRB02KT,16,11
2021-01-04 15:00:00.000,2021,1,4,15,30003KT,17,10
2021-01-04 16:00:00.000,2021,1,4,16,31004KT,18,09
2021-01-04 17:00:00.000,2021,1,4,17,32011KT,19,08
2021-01-04 18:00:00.000,2021,1,4,18,33011KT,19,07
2021-01-04 19:00:00.000,2021,1,4,19,31011KT,20,06
2021-01-04 20:00:00.000,2021,1,4,20,29012KT,19,09
2021-01-04 21:00:00.000,2021,1,4,21,30011KT,19,10
2021-01-04 22:00:00.000,2021,1,4,22,31012KT,16,10
2021-01-04 22:10:00.000,2021,1,4,22,32010KT,15,10
2021-01-04 23:00:00.000,2021,1,4,23,30007KT,14,10
2021-01-05 00:00:00.000,2021,1,5,0,27007KT,13,10
2021-01-05 01:00:00.000,2021,1,5,1,27008KT,13,10
2021-01-05 02:00:00.000,2021,1,5,2,28007KT,12,10
2021-01-05 03:00:00.000,2021,1,5,3,25004KT,12,09
2021-01-05 04:00:00.000,2021,1,5,4,27003KT,10,09
2021-01-05 05:00:00.000,2021,1,5,5,29003KT,11,09
2021-01-05 06:00:00.000,2021,1,5,6,VRB02KT,08,08
2021-01-05 07:00:00.000,2021,1,5,7,VRB02KT,09,09
2021-01-05 08:00:00.000,2021,1,5,8,35004KT,08,07
2021-01-05 09:00:00.000,2021,1,5,9,VRB02KT,08,08
2021-01-05 10:00:00.000,2021,1,5,10,VRB02KT,07,07
2021-01-05 11:00:00.000,2021,1,5,11,VRB02KT,04,04
2021-01-05 12:00:00.000,2021,1,5,12,32004KT,07,06
2021-01-05 13:00:00.000,2021,1,5,13,VRB02KT,10,08
2021-01-05 14:00:00.000,2021,1,5,14,VRB02KT,14,10
2021-01-05 15:00:00.000,2021,1,5,15,34004KT,16,09
2021-01-05 16:00:00.000,2021,1,5,16,34004KT,18,07
2021-01-05 17:00:00.000,2021,1,5,17,25004KT,19,05
2021-01-05 18:00:00.000,2021,1,5,18,29006KT,20,04
2021-01-05 19:00:00.000,2021,1,5,19,29010KT,20,08
2021-01-05 20:00:00.000,2021,1,5,20,27012KT,19,10
2021-01-05 21:00:00.000,2021,1,5,21,28013KT,18,10
2021-01-05 22:00:00.000,2021,1,5,22,27010KT,16,10
2021-01-05 23:00:00.000,2021,1,5,23,25005KT,,
2021-01-06 00:00:00.000,2021,1,6,0,11004KT,11,09
2021-01-06 01:00:00.000,2021,1,6,1,25006KT,12,10
2021-01-06 02:00:00.000,2021,1,6,2,33003KT,11,11
2021-01-06 03:00:00.000,2021,1,6,3,31004KT,11,10
2021-01-06 04:00:00.000,2021,1,6,4,VRB02KT,11,10
2021-01-06 05:00:00.000,2021,1,6,5,VRB02KT,11,10
2021-01-06 06:00:00.000,2021,1,6,6,VRB02KT,11,10
2021-01-06 07:00:00.000,2021,1,6,7,VRB02KT,11,10
2021-01-06 08:00:00.000,2021,1,6,8,VRB02KT,11,10
2021-01-06 09:00:00.000,2021,1,6,9,VRB02KT,10,10
2021-01-06 10:00:00.000,2021,1,6,10,VRB02KT,09,09
2021-01-06 10:30:00.000,2021,1,6,10,32004KT,10,09
2021-01-06 11:00:00.000,2021,1,6,11,VRB02KT,09,08
2021-01-06 12:00:00.000,2021,1,6,12,VRB02KT,09,08
2021-01-06 13:00:00.000,2021,1,6,13,03005KT,12,10
2021-01-06 14:00:00.000,2021,1,6,14,05004KT,15,08
2021-01-06 15:00:00.000,2021,1,6,15,01005KT,17,06
2021-01-06 16:00:00.000,2021,1,6,16,VRB05KT,19,05
2021-01-06 17:00:00.000,2021,1,6,17,11005KT,20,04
2021-01-06 18:00:00.000,2021,1,6,18,26008KT,18,09
2021-01-06 19:00:00.000,2021,1,6,19,26010KT,19,09
2021-01-06 20:00:00.000,2021,1,6,20,23010KT,18,10
2021-01-06 21:00:00.000,2021,1,6,21,01010KT,15,06
2021-01-06 22:00:00.000,2021,1,6,22,04006KT,15,09
2021-01-06 23:00:00.000,2021,1,6,23,36005KT,14,10
2021-01-07 00:00:00.000,2021,1,7,0,31005KT,13,09
2021-01-07 01:00:00.000,2021,1,7,1,29003KT,13,11
2021-01-07 02:00:00.000,2021,1,7,2,32003KT,11,11
2021-01-07 03:00:00.000,2021,1,7,3,31005KT,11,11
2021-01-07 04:00:00.000,2021,1,7,4,VRB02KT,11,11
2021-01-07 05:00:00.000,2021,1,7,5,VRB02KT,12,11
2021-01-07 06:00:00.000,2021,1,7,6,VRB02KT,12,11
2021-01-07 07:00:00.000,2021,1,7,7,VRB02KT,11,10
2021-01-07 08:00:00.000,2021,1,7,8,VRB02KT,12,10
2021-01-07 09:00:00.000,2021,1,7,9,VRB02KT,11,10
2021-01-07 10:00:00.000,2021,1,7,10,01003KT,11,10
2021-01-07 10:30:00.000,2021,1,7,10,VRB02KT,11,81
2021-01-07 11:00:00.000,2021,1,7,11,02003KT,11,10
2021-01-07 12:00:00.000,2021,1,7,12,VRB02KT,11,09
2021-01-07 13:00:00.000,2021,1,7,13,06005KT,13,09
2021-01-07 14:00:00.000,2021,1,7,14,15003KT,16,07
2021-01-07 15:00:00.000,2021,1,7,15,15009KT,17,06
2021-01-07 16:00:00.000,2021,1,7,16,11010KT,18,06
2021-01-07 17:00:00.000,2021,1,7,17,11010KT,18,05
2021-01-07 18:00:00.000,2021,1,7,18,14014KT,18,06
2021-01-07 19:00:00.000,2021,1,7,19,13011KT,19,06
2021-01-07 20:00:00.000,2021,1,7,20,15012KT,18,06
2021-01-07 21:00:00.000,2021,1,7,21,15004KT,18,05
2021-01-07 22:00:00.000,2021,1,7,22,14007KT,18,05
2021-01-07 23:00:00.000,2021,1,7,23,33007KT,16,10
2021-01-08 00:00:00.000,2021,1,8,0,3006KT,14,09
2021-01-08 01:00:00.000,2021,1,8,1,31006KT,13,09
2021-01-08 02:00:00.000,2021,1,8,2,36003KT,12,09
2021-01-08 03:00:00.000,2021,1,8,3,33003KT,12,09
2021-01-08 04:00:00.000,2021,1,8,4,03003KT,12,08
2021-01-08 05:00:00.000,2021,1,8,5,01003KT,11,09
2021-01-08 06:00:00.000,2021,1,8,6,04004KT,11,09
2021-01-08 07:00:00.000,2021,1,8,7,VRB02KT,09,08
2021-01-08 08:00:00.000,2021,1,8,8,VRB02KT,09,08
2021-01-08 09:00:00.000,2021,1,8,9,32003KT,08,07
2021-01-08 10:00:00.000,2021,1,8,10,VRB02KT,07,06
2021-01-08 10:30:00.000,2021,1,8,10,VRB02KT,07,06
2021-01-08 11:00:00.000,2021,1,8,11,VRB02KT,06,06
2021-01-08 12:00:00.000,2021,1,8,12,32004KT,08,07
2021-01-08 12:20:00.000,2021,1,8,12,00000KT,10,09
2021-01-08 13:00:00.000,2021,1,8,13,VRB02KT,12,11
2021-01-08 14:00:00.000,2021,1,8,14,060005KT,14,09
2021-01-08 15:00:00.000,2021,1,8,15,05007KT,17,08
2021-01-08 16:00:00.000,2021,1,8,16,VRB02KT,17,07
2021-01-08 17:00:00.000,2021,1,8,17,35004KT,18,07
2021-01-08 18:00:00.000,2021,1,8,18,34004KT,18,07
2021-01-08 19:00:00.000,2021,1,8,19,28009KT,16,10
2021-01-08 19:25:00.000,2021,1,8,19,33008KT,15,11
2021-01-08 19:45:00.000,2021,1,8,19,19005KT,14,12
2021-01-08 20:00:00.000,2021,1,8,20,18008KT,13,12
2021-01-08 21:00:00.000,2021,1,8,21,VRB02KT,13,12
2021-01-08 22:00:00.000,2021,1,8,22,VRB02KT,14,12
2021-01-08 23:00:00.000,2021,1,8,23,VRB02KT,13,13
2021-01-09 00:00:00.000,2021,1,9,0,VRB02KT,13,09
2021-01-09 01:00:00.000,2021,1,9,1,07007KT,13,09
2021-01-09 02:00:00.000,2021,1,9,2,05006KT,13,09
2021-01-09 03:00:00.000,2021,1,9,3,07003KT,12,09
2021-01-09 04:00:00.000,2021,1,9,4,08003KT,12,09
2021-01-09 05:00:00.000,2021,1,9,5,VRB02KT,12,09
2021-01-09 06:00:00.000,2021,1,9,6,05004KT,11,09
2021-01-09 07:00:00.000,2021,1,9,7,04006KT,11,09
2021-01-09 08:00:00.000,2021,1,9,8,VRB02KT,11,10
2021-01-09 09:00:00.000,2021,1,9,9,36003KT,11,09
2021-01-09 10:00:00.000,2021,1,9,10,02003KT,10,10
2021-01-09 10:30:00.000,2021,1,9,10,05004KT,10,10
2021-01-09 11:00:00.000,2021,1,9,11,05004KT,11,10
2021-01-09 12:00:00.000,2021,1,9,12,05005KT,12,10
2021-01-09 13:00:00.000,2021,1,9,13,04006KT,13,11
2021-01-09 14:00:00.000,2021,1,9,14,08006KT,14,09
2021-01-09 15:00:00.000,2021,1,9,15,05005KT,15,09
2021-01-09 16:00:00.000,2021,1,9,16,03006KT,16,09
2021-01-09 17:00:00.000,2021,1,9,17,07008KT,16,10
2021-01-09 18:00:00.000,2021,1,9,18,18006KT,16,10
2021-01-09 19:00:00.000,2021,1,9,19,30005KT,17,09
2021-01-09 20:00:00.000,2021,1,9,20,35005KT,17,10
2021-01-09 21:00:00.000,2021,1,9,21,04008KT,15,09
2021-01-09 22:00:00.000,2021,1,9,22,02004KT,16,09
2021-01-09 23:00:00.000,2021,1,9,23,10004KT,16,07
2021-01-10 00:00:00.000,2021,1,10,0,VRB02KT,13,11
2021-01-10 01:00:00.000,2021,1,10,1,VRB02KT,13,11
2021-01-10 02:00:00.000,2021,1,10,2,05003KT,14,09
2021-01-10 03:00:00.000,2021,1,10,3,07004KT,13,09
2021-01-10 04:00:00.000,2021,1,10,4,05004KT,12,09
2021-01-10 05:00:00.000,2021,1,10,5,03003KT,11,10
2021-01-10 06:00:00.000,2021,1,10,6,03005KT,11,10
2021-01-10 07:00:00.000,2021,1,10,7,VRB02KT,11,10
2021-01-10 08:00:00.000,2021,1,10,8,36003KT,11,10
2021-01-10 09:00:00.000,2021,1,10,9,06007KT,11,10
2021-01-10 10:00:00.000,2021,1,10,10,05005KT,11,10
2021-01-10 10:30:00.000,2021,1,10,10,05005KT,11,10
2021-01-10 11:00:00.000,2021,1,10,11,03003KT,10,10
2021-01-10 12:00:00.000,2021,1,10,12,VRB03KT,11,10
2021-01-10 13:00:00.000,2021,1,10,13,04006KT,13,11
2021-01-10 14:00:00.000,2021,1,10,14,05006KT,14,10
2021-01-10 15:00:00.000,2021,1,10,15,VRB02KT,15,10
2021-01-10 16:00:00.000,2021,1,10,16,04005KT,14,11
2021-01-10 17:00:00.000,2021,1,10,17,13008KT,17,08
2021-01-10 18:00:00.000,2021,1,10,18,13008KT,17,08
2021-01-10 19:00:00.000,2021,1,10,19,14010KT,18,09
2021-01-10 20:00:00.000,2021,1,10,20,14012KT,19,08
2021-01-10 21:00:00.000,2021,1,10,21,16008KT,19,08
2021-01-10 22:00:00.000,2021,1,10,22,13008KT,18,08
2021-01-10 23:00:00.000,2021,1,10,23,13009KT,16,09
2021-01-11 00:00:00.000,2021,1,11,0,12005KT,15,09
2021-01-11 01:00:00.000,2021,1,11,1,08004KT,14,09
2021-01-11 02:00:00.000,2021,1,11,2,05005KT,13,09
2021-01-11 03:00:00.000,2021,1,11,3,08004KT,14,10
2021-01-11 04:00:00.000,2021,1,11,4,01003KT,12,10
2021-01-11 05:00:00.000,2021,1,11,5,06003KT,12,10
2021-01-11 06:00:00.000,2021,1,11,6,04003KT,12,11
2021-01-11 07:00:00.000,2021,1,11,7,VRB02KT,12,10
2021-01-11 08:00:00.000,2021,1,11,8,05006KT,12,10
2021-01-11 09:00:00.000,2021,1,11,9,05004KT,11,10
2021-01-11 10:00:00.000,2021,1,11,10,05005KT,12,11
2021-01-11 10:30:00.000,2021,1,11,10,05006KT,12,11
2021-01-11 11:00:00.000,2021,1,11,11,07005KT,12,10
2021-01-11 12:00:00.000,2021,1,11,12,06003KT,13,11
2021-01-11 13:00:00.000,2021,1,11,13,05006KT,13,11
2021-01-11 14:00:00.000,2021,1,11,14,05008KT,14,11
2021-01-11 15:00:00.000,2021,1,11,15,05006KT,14,12
2021-01-11 16:00:00.000,2021,1,11,16,07008KT,17,10
2021-01-11 17:00:00.000,2021,1,11,17,05010KT,17,10
2021-01-11 18:00:00.000,2021,1,11,18,07008KT,17,11
2021-01-11 19:00:00.000,2021,1,11,19,09008KT,20,09
2021-01-11 20:00:00.000,2021,1,11,20,06010KT,19,09
2021-01-11 21:00:00.000,2021,1,11,21,06010KT,18,09
2021-01-11 22:00:00.000,2021,1,11,22,04012KT,16,09
2021-01-11 23:00:00.000,2021,1,11,23,06008KT,14,09
2021-01-12 00:00:00.000,2021,1,12,0,04006KT,14,09
2021-01-12 01:00:00.000,2021,1,12,1,06005KT,14,09
2021-01-12 02:00:00.000,2021,1,12,2,05005KT,13,09
2021-01-12 03:00:00.000,2021,1,12,3,04003KT,12,09
2021-01-12 04:00:00.000,2021,1,12,4,03003KT,11,08
2021-01-12 05:00:00.000,2021,1,12,5,02003KT,12,09
2021-01-12 06:00:00.000,2021,1,12,6,08003KT,12,09
2021-01-12 07:00:00.000,2021,1,12,7,03003KT,10,08
2021-01-12 08:00:00.000,2021,1,12,8,08004KT,10,08
2021-01-12 09:00:00.000,2021,1,12,9,07003KT,10,07
2021-01-12 10:00:00.000,2021,1,12,10,06004KT,10,07
2021-01-12 10:30:00.000,2021,1,12,10,05004KT,10,07
2021-01-12 11:00:00.000,2021,1,12,11,06004KT,09,07
2021-01-12 12:00:00.000,2021,1,12,12,11004KT,11,08
2021-01-12 12:30:00.000,2021,1,12,12,13006KT,14,06
2021-01-12 13:00:00.000,2021,1,12,13,09008KT,14,06
2021-01-12 14:00:00.000,2021,1,12,14,11006KT,17,06
2021-01-12 15:00:00.000,2021,1,12,15,14010KT,17,06
2021-01-12 16:00:00.000,2021,1,12,16,14008KT,18,06
2021-01-12 17:00:00.000,2021,1,12,17,15010KT,20,06
2021-01-12 18:00:00.000,2021,1,12,18,15015KT,20,06
2021-01-12 19:00:00.000,2021,1,12,19,14012KT,21,05
2021-01-12 19:39:00.000,2021,1,12,19,15011KT,21,05
2021-01-12 20:00:00.000,2021,1,12,20,13011KT,21,05
2021-01-12 21:00:00.000,2021,1,12,21,13009KT,20,05
2021-01-12 22:00:00.000,2021,1,12,22,31007KT,17,12
2021-01-12 23:00:00.000,2021,1,12,23,34005KT,15,12
2021-01-13 00:00:00.000,2021,1,13,0,32005KT,14,11
2021-01-13 01:00:00.000,2021,1,13,1,VRB02KT,12,06
2021-01-13 02:00:00.000,2021,1,13,2,35003KT,11,06
2021-01-13 03:00:00.000,2021,1,13,3,VRB02KT,11,06
2021-01-13 04:00:00.000,2021,1,13,4,VRB02KT,08,06
2021-01-13 05:00:00.000,2021,1,13,5,VRB02KT,07,06
2021-01-13 06:00:00.000,2021,1,13,6,29003KT,07,06
2021-01-13 07:00:00.000,2021,1,13,7,VRB02KT,06,05
2021-01-13 08:00:00.000,2021,1,13,8,VRB02KT,06,05
2021-01-13 09:00:00.000,2021,1,13,9,35003KT,07,06
2021-01-13 10:00:00.000,2021,1,13,10,34003KT,07,06
2021-01-13 11:00:00.000,2021,1,13,11,VRB02KT,07,06
2021-01-13 12:00:00.000,2021,1,13,12,05004KT,09,07
2021-01-13 13:00:00.000,2021,1,13,13,04003KT,11,09
2021-01-13 13:40:00.000,2021,1,13,13,02005KT,14,08
2021-01-13 14:00:00.000,2021,1,13,14,06006KT,14,08
2021-01-13 15:00:00.000,2021,1,13,15,08004KT,18,07
2021-01-13 16:00:00.000,2021,1,13,16,VRB03KT,20,06
2021-01-13 17:00:00.000,2021,1,13,17,08007KT,21,04
2021-01-13 18:00:00.000,2021,1,13,18,09005KT,21,03
2021-01-13 19:00:00.000,2021,1,13,19,28007KT,21,10
2021-01-13 20:00:00.000,2021,1,13,20,29011KT,19,11
2021-01-13 21:00:00.000,2021,1,13,21,29009KT,18,11
2021-01-13 22:00:00.000,2021,1,13,22,25007KT,17,11
2021-01-13 23:00:00.000,2021,1,13,23,31005KT,16,12
2021-01-14 00:00:00.000,2021,1,14,0,34003KT,15,12
2021-01-14 01:00:00.000,2021,1,14,1,VRB02KT,13,11
2021-01-14 02:00:00.000,2021,1,14,2,VRB02KT,12,11
2021-01-14 03:00:00.000,2021,1,14,3,03003KT,11,09
2021-01-14 04:00:00.000,2021,1,14,4,03003KT,11,08
2021-01-14 05:00:00.000,2021,1,14,5,01003KT,10,08
2021-01-14 06:00:00.000,2021,1,14,6,33004KT,07,07
2021-01-14 07:00:00.000,2021,1,14,7,00000KT,07,07
2021-01-14 08:00:00.000,2021,1,14,8,VRB02KT,05,05
2021-01-14 09:00:00.000,2021,1,14,9,33003KT,04,04
2021-01-14 10:00:00.000,2021,1,14,10,33003KT,04,04
2021-01-14 10:30:00.000,2021,1,14,10,VRB02KT,04,03
2021-01-14 11:00:00.000,2021,1,14,11,32004KT,04,03
2021-01-14 12:00:00.000,2021,1,14,12,VRB02KT,05,05
2021-01-14 12:14:00.000,2021,1,14,12,02003KT,07,07
2021-01-14 13:00:00.000,2021,1,14,13,02004KT,10,09
2021-01-14 13:30:00.000,2021,1,14,13,03003KT,12,09
2021-01-14 14:00:00.000,2021,1,14,14,05003KT,14,09
2021-01-14 15:00:00.000,2021,1,14,15,02003KT,17,09
2021-01-14 16:00:00.000,2021,1,14,16,03005KT,19,06
2021-01-14 17:00:00.000,2021,1,14,17,07006KT,21,06
2021-01-14 18:00:00.000,2021,1,14,18,VRB04KT,21,07
2021-01-14 19:00:00.000,2021,1,14,19,26009KT,19,11
2021-01-14 20:00:00.000,2021,1,14,20,27009KT,20,11
2021-01-14 21:00:00.000,2021,1,14,21,28009KT,20,11
2021-01-14 22:00:00.000,2021,1,14,22,28007KT,18,11
2021-01-14 23:00:00.000,2021,1,14,23,29008KT,17,12
2021-01-15 00:00:00.000,2021,1,15,0,31004KT,15,12
2021-01-15 01:00:00.000,2021,1,15,1,27003KT,14,12
2021-01-15 02:00:00.000,2021,1,15,2,VRB02KT,12,12
2021-01-15 03:00:00.000,2021,1,15,3,34003KT,12,12
2021-01-15 04:00:00.000,2021,1,15,4,30003KT,11,10
2021-01-15 05:00:00.000,2021,1,15,5,VRB02KT,09,08
2021-01-15 06:00:00.000,2021,1,15,6,34004KT,10,09
2021-01-15 07:00:00.000,2021,1,15,7,33004KT,09,08
2021-01-15 08:00:00.000,2021,1,15,8,35003KT,09,08
2021-01-15 09:00:00.000,2021,1,15,9,VRB02KT,07,07
2021-01-15 10:00:00.000,2021,1,15,10,00000KT,06,05
2021-01-15 10:30:00.000,2021,1,15,10,VRB02KT,06,05
2021-01-15 11:00:00.000,2021,1,15,11,VRB02KT,05,04
2021-01-15 11:30:00.000,2021,1,15,11,34003KT,05,04
2021-01-15 12:00:00.000,2021,1,15,12,32004KT,07,07
2021-01-15 12:33:00.000,2021,1,15,12,04003KT,09,08
2021-01-15 13:00:00.000,2021,1,15,13,04003KT,10,09
2021-01-15 14:00:00.000,2021,1,15,14,VRB02KT,15,09
2021-01-15 15:00:00.000,2021,1,15,15,34004KT,17,10
2021-01-15 16:00:00.000,2021,1,15,16,29004KT,19,09
2021-01-15 17:00:00.000,2021,1,15,17,32006KT,21,07
2021-01-15 18:00:00.000,2021,1,15,18,28004KT,21,04
2021-01-15 19:00:00.000,2021,1,15,19,28014KT,19,11
2021-01-15 20:00:00.000,2021,1,15,20,28011KT,20,11
2021-01-15 21:00:00.000,2021,1,15,21,28010KT,19,11
2021-01-15 22:00:00.000,2021,1,15,22,27013KT,17,11
2021-01-15 23:00:00.000,2021,1,15,23,29010KT,15,11
2021-01-16 00:00:00.000,2021,1,16,0,25005KT,14,11
2021-01-16 01:00:00.000,2021,1,16,1,29005KT,14,11
2021-01-16 02:00:00.000,2021,1,16,2,28004KT,13,11
2021-01-16 03:00:00.000,2021,1,16,3,VRB02KT,11,10
2021-01-16 04:00:00.000,2021,1,16,4,33003KT,09,09
2021-01-16 05:00:00.000,2021,1,16,5,VRB02KT,10,09
2021-01-16 06:00:00.000,2021,1,16,6,00000KT,11,10
2021-01-16 07:00:00.000,2021,1,16,7,VRB02KT,10,09
2021-01-16 08:00:00.000,2021,1,16,8,VRB02KT,09,08
2021-01-16 09:00:00.000,2021,1,16,9,31004KT,08,08
2021-01-16 09:15:00.000,2021,1,16,9,33003KT,08,08
2021-01-16 10:00:00.000,2021,1,16,10,VRB02KT,08,08
2021-01-16 10:30:00.000,2021,1,16,10,30003KT,07,07
2021-01-16 11:00:00.000,2021,1,16,11,VRB02KT,06,06
2021-01-16 12:00:00.000,2021,1,16,12,VRB02KT,08,07
2021-01-16 13:00:00.000,2021,1,16,13,VRB02KT,10,08
2021-01-16 13:20:00.000,2021,1,16,13,VRB02KT,12,10
2021-01-16 14:00:00.000,2021,1,16,14,VRB02KT,15,10
2021-01-16 15:00:00.000,2021,1,16,15,VRB02KT,16,09
2021-01-16 16:00:00.000,2021,1,16,16,VRB04KT,17,08
2021-01-16 17:00:00.000,2021,1,16,17,31006KT,20,07
2021-01-16 18:00:00.000,2021,1,16,18,31012KT,19,09
2021-01-16 19:00:00.000,2021,1,16,19,29014KT,20,09
2021-01-16 20:00:00.000,2021,1,16,20,27011KT,19,10
2021-01-16 21:00:00.000,2021,1,16,21,28011KT,18,10
2021-01-16 22:00:00.000,2021,1,16,22,33010KT,16,10
2021-01-16 23:00:00.000,2021,1,16,23,30006KT,14,10
2021-01-17 00:00:00.000,2021,1,17,0,31006KT,13,10
2021-01-17 01:00:00.000,2021,1,17,1,29006KT,13,10
2021-01-17 02:00:00.000,2021,1,17,2,23003KT,13,09
2021-01-17 03:00:00.000,2021,1,17,3,VRB02KT,11,08
2021-01-17 04:00:00.000,2021,1,17,4,VRB02KT,11,09
2021-01-17 05:00:00.000,2021,1,17,5,VRB02KT,10,09
2021-01-17 06:00:00.000,2021,1,17,6,VRB02KT,09,07
2021-01-17 07:00:00.000,2021,1,17,7,VRB02KT,09,08
2021-01-17 08:00:00.000,2021,1,17,8,VRB02KT,09,08
2021-01-17 09:00:00.000,2021,1,17,9,00000KT,09,08
2021-01-17 10:00:00.000,2021,1,17,10,32003KT,07,06
2021-01-17 10:30:00.000,2021,1,17,10,32006KT,06,05
2021-01-17 11:00:00.000,2021,1,17,11,33003KT,06,05
2021-01-17 12:00:00.000,2021,1,17,12,VRB02KT,07,07
2021-01-17 12:13:00.000,2021,1,17,12,07003KT,11,09
2021-01-17 13:00:00.000,2021,1,17,13,03004KT,12,10
2021-01-17 14:00:00.000,2021,1,17,14,03004KT,14,09
2021-01-17 15:00:00.000,2021,1,17,15,36003KT,16,08
2021-01-17 16:00:00.000,2021,1,17,16,07003KT,19,08
2021-01-17 17:00:00.000,2021,1,17,17,12005KT,21,03
2021-01-17 18:00:00.000,2021,1,17,18,11008KT,21,03
2021-01-17 19:00:00.000,2021,1,17,19,31010KT,18,11
2021-01-17 20:00:00.000,2021,1,17,20,29010KT,17,10
2021-01-17 21:00:00.000,2021,1,17,21,29006KT,16,10
2021-01-17 22:00:00.000,2021,1,17,22,28008G19KT,17,10
2021-01-17 23:00:00.000,2021,1,17,23,31007KT,15,11
2021-01-18 00:00:00.000,2021,1,18,0,31004KT,12,10
2021-01-18 01:00:00.000,2021,1,18,1,32004KT,11,11
2021-01-18 02:00:00.000,2021,1,18,2,30004KT,12,11
2021-01-18 03:00:00.000,2021,1,18,3,34003KT,10,10
2021-01-18 04:00:00.000,2021,1,18,4,00000KT,10,09
2021-01-18 05:00:00.000,2021,1,18,5,VRB02KT,08,07
2021-01-18 06:00:00.000,2021,1,18,6,00000KT,07,07
2021-01-18 07:00:00.000,2021,1,18,7,00000KT,07,06
2021-01-18 08:00:00.000,2021,1,18,8,29004KT,06,06
2021-01-18 09:00:00.000,2021,1,18,9,VRB02KT,06,06
2021-01-18 10:00:00.000,2021,1,18,10,VRB02KT,06,06
2021-01-18 10:30:00.000,2021,1,18,10,VRB02KT,06,06
2021-01-18 11:00:00.000,2021,1,18,11,VRB02KT,06,06
2021-01-18 12:00:00.000,2021,1,18,12,VRB02KT,08,07
2021-01-18 12:33:00.000,2021,1,18,12,08004KT,10,09
2021-01-18 13:00:00.000,2021,1,18,13,06005KT,12,10
2021-01-18 13:30:00.000,2021,1,18,13,02005KT,14,09
2021-01-18 14:00:00.000,2021,1,18,14,01005KT,15,09
2021-01-18 15:00:00.000,2021,1,18,15,36005KT,18,04
2021-01-18 16:00:00.000,2021,1,18,16,01007KT,20,03
2021-01-18 17:00:00.000,2021,1,18,17,05010KT,21,02
2021-01-18 18:00:00.000,2021,1,18,18,12010KT,,
2021-01-18 19:00:00.000,2021,1,18,19,26009KT,18,10
2021-01-18 20:00:00.000,2021,1,18,20,27010KT,18,10
2021-01-18 21:00:00.000,2021,1,18,21,27007KT,18,10
2021-01-18 22:00:00.000,2021,1,18,22,27008KT,18,10
2021-01-18 23:00:00.000,2021,1,18,23,26008KT,16,11
2021-01-19 00:00:00.000,2021,1,19,0,2800KT,14,11
2021-01-19 01:00:00.000,2021,1,19,1,35003KT,11,09
2021-01-19 02:00:00.000,2021,1,19,2,32003KT,09,08
2021-01-19 03:00:00.000,2021,1,19,3,36003KT,08,08
2021-01-19 04:00:00.000,2021,1,19,4,00000KT,08,07
2021-01-19 05:00:00.000,2021,1,19,5,VRB02KT,06,06
2021-01-19 06:00:00.000,2021,1,19,6,VRB02KT,07,07
2021-01-19 07:00:00.000,2021,1,19,7,VRB02KT,05,05
2021-01-19 08:00:00.000,2021,1,19,8,VRB02KT,07,06
2021-01-19 09:00:00.000,2021,1,19,9,VRB02KT,05,05
2021-01-19 10:00:00.000,2021,1,19,10,33005KT,06,06
2021-01-19 10:30:00.000,2021,1,19,10,33004KT,06,06
2021-01-19 11:00:00.000,2021,1,19,11,33003KT,06,06
2021-01-19 12:00:00.000,2021,1,19,12,00000KT,08,07
2021-01-19 13:00:00.000,2021,1,19,13,34003KT,10,09
2021-01-19 13:30:00.000,2021,1,19,13,04004KT,12,11
2021-01-19 14:00:00.000,2021,1,19,14,04005KT,14,09
2021-01-19 15:00:00.000,2021,1,19,15,03007KT,18,04
2021-01-19 16:00:00.000,2021,1,19,16,04007KT,19,04
2021-01-19 17:00:00.000,2021,1,19,17,04006KT,20,05
2021-01-19 18:00:00.000,2021,1,19,18,13006KT,22,03
2021-01-19 19:00:00.000,2021,1,19,19,26006KT,20,09
2021-01-19 20:00:00.000,2021,1,19,20,30013KT,17,11
2021-01-19 21:00:00.000,2021,1,19,21,28010KT,17,12
2021-01-19 22:00:00.000,2021,1,19,22,26005KT,15,11
2021-01-19 23:00:00.000,2021,1,19,23,29003KT,15,12
2021-01-20 00:00:00.000,2021,1,20,0,28004KT,14,11
2021-01-20 01:00:00.000,2021,1,20,1,30003KT,12,11
2021-01-20 02:00:00.000,2021,1,20,2,VRB02KT,10,09
2021-01-20 03:00:00.000,2021,1,20,3,VRB02KT,10,09
2021-01-20 04:00:00.000,2021,1,20,4,VRB02KT,07,07
2021-01-20 05:00:00.000,2021,1,20,5,34003KT,06,06
2021-01-20 06:00:00.000,2021,1,20,6,VRB02KT,06,05
2021-01-20 07:00:00.000,2021,1,20,7,31003KT,05,04
2021-01-20 08:00:00.000,2021,1,20,8,VRB02KT,03,03
2021-01-20 09:00:00.000,2021,1,20,9,VRB02KT,04,03
2021-01-20 10:00:00.000,2021,1,20,10,VRB02KT,04,03
2021-01-20 10:30:00.000,2021,1,20,10,VRB02KT,03,03
2021-01-20 11:00:00.000,2021,1,20,11,VRB02KT,02,02
2021-01-20 12:00:00.000,2021,1,20,12,01004KT,04,04
2021-01-20 12:40:00.000,2021,1,20,12,05004KT,08,07
2021-01-20 13:00:00.000,2021,1,20,13,36006KT,08,07
2021-01-20 13:20:00.000,2021,1,20,13,35004KT,10,08
2021-01-20 14:00:00.000,2021,1,20,14,35005KT,12,07
2021-01-20 14:40:00.000,2021,1,20,14,02003KT,15,04
2021-01-20 15:00:00.000,2021,1,20,15,VRB02KT,16,02
2021-01-20 15:30:00.000,2021,1,20,15,36003KT,18,00
2021-01-20 16:00:00.000,2021,1,20,16,13003KT,18,00
2021-01-20 16:35:00.000,2021,1,20,16,04003KT,20,02
2021-01-20 17:00:00.000,2021,1,20,17,14005KT,20,02
2021-01-20 18:00:00.000,2021,1,20,18,12011KT,20,02
2021-01-20 19:00:00.000,2021,1,20,19,16009KT,21,04
2021-01-20 20:00:00.000,2021,1,20,20,12011KT,20,04
2021-01-20 21:00:00.000,2021,1,20,21,14009KT,19,04
2021-01-20 22:00:00.000,2021,1,20,22,14008KT,18,05
2021-01-20 23:00:00.000,2021,1,20,23,13005KT,16,07
2021-01-21 00:00:00.000,2021,1,21,0,32005KT,14,10
2021-01-21 01:00:00.000,2021,1,21,1,32005KT,12,10
2021-01-21 02:00:00.000,2021,1,21,2,33003KT,10,09
2021-01-21 03:00:00.000,2021,1,21,3,VRB02KT,11,08
2021-01-21 04:00:00.000,2021,1,21,4,35003KT,11,08
2021-01-21 05:00:00.000,2021,1,21,5,02004KT,10,08
2021-01-21 06:00:00.000,2021,1,21,6,31003KT,08,06
2021-01-21 07:00:00.000,2021,1,21,7,30003KT,07,07
2021-01-21 08:00:00.000,2021,1,21,8,VRB02KT,06,06
2021-01-21 09:00:00.000,2021,1,21,9,VRB02KT,05,04
2021-01-21 10:00:00.000,2021,1,21,10,04003KT,05,04
2021-01-21 10:30:00.000,2021,1,21,10,03003KT,05,04
2021-01-21 11:00:00.000,2021,1,21,11,04004KT,04,04
2021-01-21 11:40:00.000,2021,1,21,11,35003KT,06,06
2021-01-21 12:00:00.000,2021,1,21,12,08004KT,07,06
2021-01-21 12:40:00.000,2021,1,21,12,04005KT,10,09
2021-01-21 13:00:00.000,2021,1,21,13,03004KT,11,09
2021-01-21 13:40:00.000,2021,1,21,13,33003KT,14,07
2021-01-21 14:00:00.000,2021,1,21,14,24003KT,15,07
2021-01-21 15:00:00.000,2021,1,21,15,36003KT,17,07
2021-01-21 16:00:00.000,2021,1,21,16,35004KT,17,06
2021-01-21 17:00:00.000,2021,1,21,17,06008KT,19,07
2021-01-21 18:00:00.000,2021,1,21,18,04006KT,19,06
2021-01-21 19:00:00.000,2021,1,21,19,29004KT,20,08
2021-01-21 20:00:00.000,2021,1,21,20,24010KT,20,08
2021-01-21 21:00:00.000,2021,1,21,21,26008KT,19,09
2021-01-21 22:00:00.000,2021,1,21,22,27012KT,18,10
2021-01-21 23:00:00.000,2021,1,21,23,28010KT,16,11
2021-01-22 00:00:00.000,2021,1,22,0,25004KT,15,11
2021-01-22 01:00:00.000,2021,1,22,1,24005KT,14,10
2021-01-22 02:00:00.000,2021,1,22,2,VRB02KT,12,10
2021-01-22 03:00:00.000,2021,1,22,3,00000KT,12,12
2021-01-22 04:00:00.000,2021,1,22,4,VRB02KT,10,09
2021-01-22 05:00:00.000,2021,1,22,5,VRB02KT,11,10
2021-01-22 06:00:00.000,2021,1,22,6,00000KT,10,09
2021-01-22 07:00:00.000,2021,1,22,7,34003KT,07,06
2021-01-22 07:10:00.000,2021,1,22,7,36003KT,07,06
2021-01-22 08:00:00.000,2021,1,22,8,00000KT,07,06
2021-01-22 09:00:00.000,2021,1,22,9,22004KT,07,07
2021-01-22 10:00:00.000,2021,1,22,10,36004KT,08,07
2021-01-22 10:30:00.000,2021,1,22,10,06004KT,07,07
2021-01-22 11:00:00.000,2021,1,22,11,07003KT,07,07
2021-01-22 11:30:00.000,2021,1,22,11,06004KT,07,07
2021-01-22 12:00:00.000,2021,1,22,12,04005KT,08,08
2021-01-22 12:30:00.000,2021,1,22,12,03003KT,09,08
2021-01-22 13:00:00.000,2021,1,22,13,03005KT,10,09
2021-01-22 14:00:00.000,2021,1,22,14,01003KT,12,10
2021-01-22 15:00:00.000,2021,1,22,15,VRB03KT,16,10
2021-01-22 16:00:00.000,2021,1,22,16,12006KT,17,08
2021-01-22 17:00:00.000,2021,1,22,17,16007KT,19,09
2021-01-22 18:00:00.000,2021,1,22,18,07006KT,18,08
2021-01-22 19:00:00.000,2021,1,22,19,11006KT,19,07
2021-01-22 20:00:00.000,2021,1,22,20,19009KT,20,07
2021-01-22 21:00:00.000,2021,1,22,21,20008KT,19,07
2021-01-22 22:00:00.000,2021,1,22,22,32004KT,16,11
2021-01-22 23:00:00.000,2021,1,22,23,31007KT,15,12
2021-01-23 00:00:00.000,2021,1,23,0,VRB02KT,14,12
2021-01-23 01:00:00.000,2021,1,23,1,VRB02KT,14,11
2021-01-23 02:00:00.000,2021,1,23,2,VRB02KT,14,11
2021-01-23 03:00:00.000,2021,1,23,3,04006KT,13,10
2021-01-23 04:00:00.000,2021,1,23,4,05007KT,,
2021-01-23 05:00:00.000,2021,1,23,5,06006KT,11,09
2021-01-23 06:00:00.000,2021,1,23,6,06004KT,11,09
2021-01-23 07:00:00.000,2021,1,23,7,03006KT,11,09
2021-01-23 08:00:00.000,2021,1,23,8,36003KT,11,10
2021-01-23 09:00:00.000,2021,1,23,9,03003KT,11,10
2021-01-23 10:00:00.000,2021,1,23,10,31003KT,11,09
2021-01-23 10:30:00.000,2021,1,23,10,03006KT,10,09
2021-01-23 11:00:00.000,2021,1,23,11,VRB02KT,11,10
2021-01-23 12:00:00.000,2021,1,23,12,00000KT,11,11
2021-01-23 12:35:00.000,2021,1,23,12,07005KT,13,11
2021-01-23 13:00:00.000,2021,1,23,13,03004KT,13,12
2021-01-23 14:00:00.000,2021,1,23,14,02003KT,15,11
2021-01-23 15:00:00.000,2021,1,23,15,07003KT,16,10
2021-01-23 16:00:00.000,2021,1,23,16,16006KT,18,08
2021-01-23 17:00:00.000,2021,1,23,17,13009KT,16,09
2021-01-23 18:00:00.000,2021,1,23,18,05008KT,15,11
2021-01-23 19:00:00.000,2021,1,23,19,04005KT,15,12
2021-01-23 20:00:00.000,2021,1,23,20,02005KT,17,11
2021-01-23 21:00:00.000,2021,1,23,21,23006KT,19,10
2021-01-23 22:00:00.000,2021,1,23,22,05004KT,17,09
2021-01-23 23:00:00.000,2021,1,23,23,19003KT,17,09
2021-01-24 00:00:00.000,2021,1,24,0,VRB02KT,14,11
2021-01-24 01:00:00.000,2021,1,24,1,VRB02KT,12,12
2021-01-24 02:00:00.000,2021,1,24,2,VRB02KT,12,12
2021-01-24 03:00:00.000,2021,1,24,3,30003KT,10,09
2021-01-24 04:00:00.000,2021,1,24,4,04003KT,09,08
2021-01-24 05:00:00.000,2021,1,24,5,32003KT,10,09
2021-01-24 06:00:00.000,2021,1,24,6,VRB02KT,09,08
2021-01-24 07:00:00.000,2021,1,24,7,VRB02KT,10,09
2021-01-24 08:00:00.000,2021,1,24,8,VRB02KT,10,09
2021-01-24 09:00:00.000,2021,1,24,9,04006KT,11,10
2021-01-24 10:00:00.000,2021,1,24,10,06006KT,11,10
2021-01-24 10:30:00.000,2021,1,24,10,06005KT,11,10
2021-01-24 11:00:00.000,2021,1,24,11,VRB02KT,11,11
2021-01-24 12:00:00.000,2021,1,24,12,33004KT,1,11
2021-01-24 13:00:00.000,2021,1,24,13,VRB02KT,13,12
2021-01-24 14:00:00.000,2021,1,24,14,10005KT,15,10
2021-01-24 15:00:00.000,2021,1,24,15,13005KT,17,10
2021-01-24 16:00:00.000,2021,1,24,16,10008KT,17,08
2021-01-24 17:00:00.000,2021,1,24,17,13011KT,18,07
2021-01-24 18:00:00.000,2021,1,24,18,09008KT,18,07
2021-01-24 19:00:00.000,2021,1,24,19,07009KT,17,08
2021-01-24 20:00:00.000,2021,1,24,20,06008KT,17,08
2021-01-24 21:00:00.000,2021,1,24,21,06009KT,17,08
2021-01-24 22:00:00.000,2021,1,24,22,08007KT,16,09
2021-01-24 23:00:00.000,2021,1,24,23,05004KT,15,09
2021-01-25 00:00:00.000,2021,1,25,0,08004KT,14,09
2021-01-25 01:00:00.000,2021,1,25,1,04005KT,12,09
2021-01-25 02:00:00.000,2021,1,25,2,02006KT,12,08
2021-01-25 03:00:00.000,2021,1,25,3,05005KT,11,08
2021-01-25 04:00:00.000,2021,1,25,4,04005KT,09,08
2021-01-25 05:00:00.000,2021,1,25,5,36003KT,09,09
2021-01-25 06:00:00.000,2021,1,25,6,05005KT,10,09
2021-01-25 07:00:00.000,2021,1,25,7,04003KT,10,10
2021-01-25 08:00:00.000,2021,1,25,8,05005KT,11,11
2021-01-25 09:00:00.000,2021,1,25,9,06005KT,12,10
2021-01-25 10:00:00.000,2021,1,25,10,04007KT,11,10
2021-01-25 10:30:00.000,2021,1,25,10,06007KT,11,10
2021-01-25 11:00:00.000,2021,1,25,11,04006KT,11,10
2021-01-25 12:00:00.000,2021,1,25,12,VRB02KT,12,11
2021-01-25 13:00:00.000,2021,1,25,13,VRB02KT,13,12
2021-01-25 14:00:00.000,2021,1,25,14,04004KT,14,12
2021-01-25 15:00:00.000,2021,1,25,15,04007KT,14,12
2021-01-25 16:00:00.000,2021,1,25,16,05009KT,15,11
2021-01-25 17:00:00.000,2021,1,25,17,05009KT,16,11
2021-01-25 18:00:00.000,2021,1,25,18,15008KT,18,10
2021-01-25 19:00:00.000,2021,1,25,19,03006KT,18,10
2021-01-25 20:00:00.000,2021,1,25,20,09008KT,19,10
2021-01-25 20:25:00.000,2021,1,25,20,05008KT,15,11
2021-01-25 21:00:00.000,2021,1,25,21,110058KT,16,10
2021-01-25 22:00:00.000,2021,1,25,22,08005KT,16,09
2021-01-25 23:00:00.000,2021,1,25,23,09004KT,16,07
2021-01-26 00:00:00.000,2021,1,26,0,09004KT,15,07
2021-01-26 01:00:00.000,2021,1,26,1,10006KT,14,07
2021-01-26 02:00:00.000,2021,1,26,2,VRB02KT,11,07
2021-01-26 03:00:00.000,2021,1,26,3,04003KT,10,08
2021-01-26 04:00:00.000,2021,1,26,4,05006KT,11,07
2021-01-26 05:00:00.000,2021,1,26,5,05004KT,09,07
2021-01-26 06:00:00.000,2021,1,26,6,03004KT,08,07
2021-01-26 07:00:00.000,2021,1,26,7,VRB02KT,07,06
2021-01-26 08:00:00.000,2021,1,26,8,02003KT,06,05
2021-01-26 09:00:00.000,2021,1,26,9,VRB02KT,07,06
2021-01-26 10:00:00.000,2021,1,26,10,06004KT,05,04
2021-01-26 10:30:00.000,2021,1,26,10,VRB02KT,06,05
2021-01-26 11:00:00.000,2021,1,26,11,01003KT,06,05
2021-01-26 12:00:00.000,2021,1,26,12,VRB02KT,07,06
2021-01-26 12:30:00.000,2021,1,26,12,07006KT,10,09
2021-01-26 13:00:00.000,2021,1,26,13,06008KT,11,08
2021-01-26 13:35:00.000,2021,1,26,13,06007KT,13,08
2021-01-26 14:00:00.000,2021,1,26,14,04007KT,14,08
2021-01-26 14:35:00.000,2021,1,26,14,08005KT,16,08
2021-01-26 15:00:00.000,2021,1,26,15,13005KT,17,08
2021-01-26 16:00:00.000,2021,1,26,16,04005KT,18,07
2021-01-26 17:00:00.000,2021,1,26,17,17009KT,20,07
2021-01-26 18:00:00.000,2021,1,26,18,13008KT,19,06
2021-01-26 19:00:00.000,2021,1,26,19,16011KT,20,07
2021-01-26 20:00:00.000,2021,1,26,20,14008KT,19,07
2021-01-26 21:00:00.000,2021,1,26,21,09008KT,19,07
2021-01-26 22:00:00.000,2021,1,26,22,11007KT,17,08
2021-01-26 23:00:00.000,2021,1,26,23,08005KT,16,08
2021-01-27 00:00:00.000,2021,1,27,0,06006KT,16,07
2021-01-27 01:00:00.000,2021,1,27,1,12005KT,14,08
2021-01-27 02:00:00.000,2021,1,27,2,07005KT,13,08
2021-01-27 03:00:00.000,2021,1,27,3,05007KT,11,08
2021-01-27 04:00:00.000,2021,1,27,4,05005KT,10,07
2021-01-27 05:00:00.000,2021,1,27,5,VRB02KT,09,08
2021-01-27 06:00:00.000,2021,1,27,6,VRB02KT,08,07
2021-01-27 08:00:00.000,2021,1,27,8,VRB02KT,07,07
2021-01-27 09:00:00.000,2021,1,27,9,VRB02KT,07,06
2021-01-27 10:00:00.000,2021,1,27,10,VRB02KT,07,06
2021-01-27 10:30:00.000,2021,1,27,10,VRB02K,06,05
2021-01-27 11:00:00.000,2021,1,27,11,31004KT,05,05
2021-01-27 11:25:00.000,2021,1,27,11,36003KT,04,03
2021-01-27 12:00:00.000,2021,1,27,12,05004KT,06,06
2021-01-27 13:00:00.000,2021,1,27,13,01003KT,08,08
2021-01-27 13:30:00.000,2021,1,27,13,36004KT,10,09
2021-01-27 14:00:00.000,2021,1,27,14,34003KT,12,09
2021-01-27 15:00:00.000,2021,1,27,15,34003KT,17,08
2021-01-27 16:00:00.000,2021,1,27,16,23004KT,17,07
2021-01-27 17:00:00.000,2021,1,27,17,07003KT,18,07
2021-01-27 17:15:00.000,2021,1,27,17,13003KT,20,08
2021-01-27 18:00:00.000,2021,1,27,18,10008KT,21,07
2021-01-27 19:00:00.000,2021,1,27,19,11005KT,20,06
2021-01-27 20:00:00.000,2021,1,27,20,09005KT,20,04
2021-01-27 22:00:00.000,2021,1,27,22,27006KT,18,11
2021-01-27 23:00:00.000,2021,1,27,23,25005KT,17,11
2021-01-28 00:00:00.000,2021,1,28,0,24005KT,,
2021-01-28 01:00:00.000,2021,1,28,1,24004KT,14,11
2021-01-28 02:00:00.000,2021,1,28,2,VRB02KT,10,08
2021-01-28 03:00:00.000,2021,1,28,3,VRB02KT,10,09
2021-01-28 04:00:00.000,2021,1,28,4,36003KT,12,08
2021-01-28 05:00:00.000,2021,1,28,5,02003KT,08,07
2021-01-28 06:00:00.000,2021,1,28,6,29003KT,08,07
2021-01-28 07:00:00.000,2021,1,28,7,31003KT,06,06
2021-01-28 08:00:00.000,2021,1,28,8,VRB02KT,07,07
2021-01-28 09:00:00.000,2021,1,28,9,VRB02KT,05,05
2021-01-28 10:00:00.000,2021,1,28,10,VRB02KT,05,05
2021-01-28 10:30:00.000,2021,1,28,10,35003KT,04,04
2021-01-28 11:00:00.000,2021,1,28,11,29003KT,05,04
2021-01-28 12:00:00.000,2021,1,28,12,30005KT,06,05
2021-01-28 12:35:00.000,2021,1,28,12,32003KT,07,07
2021-01-28 13:00:00.000,2021,1,28,13,36003KT,08,08
2021-01-28 14:00:00.000,2021,1,28,14,VRB02KT,13,10
2021-01-28 15:00:00.000,2021,1,28,15,22003KT,17,09
2021-01-28 16:00:00.000,2021,1,28,16,31004KT,19,07
2021-01-28 17:00:00.000,2021,1,28,17,30007KT,20,04
2021-01-28 18:00:00.000,2021,1,28,18,24003KT,21,04
2021-01-28 19:00:00.000,2021,1,28,19,27011KT,20,09
2021-01-28 20:00:00.000,2021,1,28,20,25009KT,19,09
2021-01-28 21:00:00.000,2021,1,28,21,25009KT,17,11
2021-01-28 22:00:00.000,2021,1,28,22,28009KT,16,11
2021-01-28 23:00:00.000,2021,1,28,23,29009KT,15,11
2021-01-29 00:00:00.000,2021,1,29,0,31004KT,14,11
2021-01-29 01:00:00.000,2021,1,29,1,VRB02KT,13,12
2021-01-29 02:00:00.000,2021,1,29,2,34004KT,12,11
2021-01-29 03:00:00.000,2021,1,29,3,31004KT,12,12
2021-01-29 04:00:00.000,2021,1,29,4,31003KT,11,11
2021-01-29 05:00:00.000,2021,1,29,5,00000KT,11,10
2021-01-29 06:00:00.000,2021,1,29,6,00000KT,11,10
2021-01-29 07:00:00.000,2021,1,29,7,VRB02KT,12,11
2021-01-29 08:00:00.000,2021,1,29,8,VRB02KT,10,09
2021-01-29 09:00:00.000,2021,1,29,9,VRB02KT,09,08
2021-01-29 10:00:00.000,2021,1,29,10,VRB02KT,09,08
2021-01-29 10:30:00.000,2021,1,29,10,VRB02KT,09,08
2021-01-29 11:00:00.000,2021,1,29,11,06004KT,09,08
2021-01-29 12:00:00.000,2021,1,29,12,02003KT,10,08
2021-01-29 13:00:00.000,2021,1,29,13,VRB02KT,12,09
2021-01-29 14:00:00.000,2021,1,29,14,VRB02KT,15,09
2021-01-29 15:00:00.000,2021,1,29,15,17003KT,17,08
2021-01-29 16:00:00.000,2021,1,29,16,03003KT,19,07
2021-01-29 17:00:00.000,2021,1,29,17,03003KT,21,04
2021-01-29 18:00:00.000,2021,1,29,18,22004KT,22,03
2021-01-29 19:00:00.000,2021,1,29,19,25013KT,20,11
2021-01-29 20:00:00.000,2021,1,29,20,27012KT,20,11
2021-01-29 21:00:00.000,2021,1,29,21,28012KT,19,11
2021-01-29 22:00:00.000,2021,1,29,22,24010KT,18,10
2021-01-29 23:00:00.000,2021,1,29,23,27009KT,17,11
2021-01-30 00:00:00.000,2021,1,30,0,26006KT,15,11
2021-01-30 01:00:00.000,2021,1,30,1,20006KT,15,10
2021-01-30 02:00:00.000,2021,1,30,2,03004KT,13,08
2021-01-30 03:00:00.000,2021,1,30,3,04006KT,11,08
2021-01-30 04:00:00.000,2021,1,30,4,05006KT,10,08
2021-01-30 05:00:00.000,2021,1,30,5,02004KT,09,07
2021-01-30 06:00:00.000,2021,1,30,6,07006KT,09,08
2021-01-30 07:00:00.000,2021,1,30,7,06004KT,08,07
2021-01-30 08:00:00.000,2021,1,30,8,VRB02KT,07,07
2021-01-30 09:00:00.000,2021,1,30,9,09004KT,08,07
2021-01-30 10:00:00.000,2021,1,30,10,03004KT,07,07
2021-01-30 10:30:00.000,2021,1,30,10,VRB02KT,05,04
2021-01-30 11:00:00.000,2021,1,30,11,VRB02KT,04,03
2021-01-30 12:00:00.000,2021,1,30,12,08005KT,08,07
2021-01-30 13:00:00.000,2021,1,30,13,04005KT,10,09
2021-01-30 14:00:00.000,2021,1,30,14,05004KT,13,08
2021-01-30 15:00:00.000,2021,1,30,15,VRB04KT,16,06
2021-01-30 16:00:00.000,2021,1,30,16,VRB04KT,18,05
2021-01-30 17:00:00.000,2021,1,30,17,12014KT,21,02
2021-01-30 18:00:00.000,2021,1,30,18,15014KT,20,03
2021-01-30 19:00:00.000,2021,1,30,19,11012KT,20,03
2021-01-30 20:00:00.000,2021,1,30,20,13010KT,19,03
2021-01-30 21:00:00.000,2021,1,30,21,09010KT,21,04
2021-01-30 22:00:00.000,2021,1,30,22,13010KT,19,03
2021-01-30 23:00:00.000,2021,1,30,23,12010KT,17,05
2021-01-31 00:00:00.000,2021,1,31,0,10007KT,15,05
2021-01-31 01:00:00.000,2021,1,31,1,08006KT,14,06
2021-01-31 02:00:00.000,2021,1,31,2,13004KT,13,05
2021-01-31 03:00:00.000,2021,1,31,3,31003KT,10,06
2021-01-31 04:00:00.000,2021,1,31,4,02003KT,08,06
2021-01-31 05:00:00.000,2021,1,31,5,04006KT,08,05
2021-01-31 06:00:00.000,2021,1,31,6,05007KT,07,05
2021-01-31 07:00:00.000,2021,1,31,7,04004KT,07,05
2021-01-31 08:00:00.000,2021,1,31,8,03006KT,07,05
2021-01-31 09:00:00.000,2021,1,31,9,VRB02KT,06,05
2021-01-31 10:00:00.000,2021,1,31,10,05005KT,06,05
2021-01-31 10:30:00.000,2021,1,31,10,06009KT,07,05
2021-01-31 11:00:00.000,2021,1,31,11,05009KT,07,05
2021-01-31 12:00:00.000,2021,1,31,12,06007KT,08,05
2021-01-31 13:00:00.000,2021,1,31,13,05007KT,11,06
2021-01-31 14:00:00.000,2021,1,31,14,11007KT,14,04
2021-01-31 15:00:00.000,2021,1,31,15,10007KT,17,05
2021-01-31 16:00:00.000,2021,1,31,16,09010KT,18,05
2021-01-31 16:20:00.000,2021,1,31,16,11013KT,19,05
2021-01-31 17:00:00.000,2021,1,31,17,12010G20KT,18,05
2021-01-31 18:00:00.000,2021,1,31,18,15013KT,20,06
2021-01-31 19:00:00.000,2021,1,31,19,11010KT,19,06
2021-01-31 20:00:00.000,2021,1,31,20,11010KT,18,07
2021-01-31 21:00:00.000,2021,1,31,21,11010KT,18,07
2021-01-31 22:00:00.000,2021,1,31,22,15011KT,17,07
2021-01-31 23:00:00.000,2021,1,31,23,14006KT,16,07
2021-02-01 00:00:00.000,2021,2,1,0,10006KT,15,07
2021-02-01 01:00:00.000,2021,2,1,1,11006KT,14,07
2021-02-01 02:00:00.000,2021,2,1,2,VRB02KT,12,07
2021-02-01 03:00:00.000,2021,2,1,3,05005KT,09,06
2021-02-01 04:00:00.000,2021,2,1,4,VRB02KT,09,06
2021-02-01 05:00:00.000,2021,2,1,5,04004KT,10,07
2021-02-01 06:00:00.000,2021,2,1,6,03004KT,10,07
2021-02-01 07:00:00.000,2021,2,1,7,VRB02KT,09,07
2021-02-01 08:00:00.000,2021,2,1,8,VRB02KT,09,08
2021-02-01 09:00:00.000,2021,2,1,9,VRB02KT,09,08
2021-02-01 10:00:00.000,2021,2,1,10,VRB02KT,10,09
2021-02-01 10:30:00.000,2021,2,1,10,VRB02KT,10,09
2021-02-01 11:00:00.000,2021,2,1,11,04005KT,10,09
2021-02-01 12:00:00.000,2021,2,1,12,03004KT,10,10
2021-02-01 13:00:00.000,2021,2,1,13,34003KT,12,11
2021-02-01 14:00:00.000,2021,2,1,14,03003KT,13,10
2021-02-01 15:00:00.000,2021,2,1,15,07003KT,16,10
2021-02-01 16:00:00.000,2021,2,1,16,06008KT,16,10
2021-02-01 17:00:00.000,2021,2,1,17,14012KT,19,09
2021-02-01 18:00:00.000,2021,2,1,18,11009G19KT,20,09
2021-02-01 19:00:00.000,2021,2,1,19,14010KT,19,08
2021-02-01 20:00:00.000,2021,2,1,20,12009KT,19,08
2021-02-01 21:00:00.000,2021,2,1,21,13013KT,18,07
2021-02-01 22:00:00.000,2021,2,1,22,14009KT,18,08
2021-02-01 23:00:00.000,2021,2,1,23,08007KT,17,08
2021-02-02 00:00:00.000,2021,2,2,0,05007KT,15,09
2021-02-02 01:00:00.000,2021,2,2,1,05010KT,14,08
2021-02-02 02:00:00.000,2021,2,2,2,05007KT,13,07
2021-02-02 03:00:00.000,2021,2,2,3,06006KT,13,06
2021-02-02 04:00:00.000,2021,2,2,4,04006KT,12,07
2021-02-02 05:00:00.000,2021,2,2,5,06007KT,11,07
2021-02-02 06:00:00.000,2021,2,2,6,00000KT,11,08
2021-02-02 07:00:00.000,2021,2,2,7,04005KT,11,08
2021-02-02 08:00:00.000,2021,2,2,8,05007KT,11,08
2021-02-02 09:00:00.000,2021,2,2,9,06004KT,11,09
2021-02-02 10:00:00.000,2021,2,2,10,04006KT,10,08
2021-02-02 10:30:00.000,2021,2,2,10,054007KT,10,08
2021-02-02 11:00:00.000,2021,2,2,11,06006KT,10,08
2021-02-02 12:00:00.000,2021,2,2,12,02006KT,10,08
2021-02-02 12:21:00.000,2021,2,2,12,04005KT,12,09
2021-02-02 13:00:00.000,2021,2,2,13,02005KT,14,09
2021-02-02 14:00:00.000,2021,2,2,14,04005KT,16,08
2021-02-02 15:00:00.000,2021,2,2,15,VRB02KT,17,08
2021-02-02 16:00:00.000,2021,2,2,16,03006KT,19,08
2021-02-02 17:00:00.000,2021,2,2,17,06008KT,18,08
2021-02-02 18:00:00.000,2021,2,2,18,13007KT,19,08
2021-02-02 19:00:00.000,2021,2,2,19,07006KT,18,08
2021-02-02 20:00:00.000,2021,2,2,20,13007KT,19,08
2021-02-02 21:00:00.000,2021,2,2,21,12006KT,19,07
2021-02-02 22:00:00.000,2021,2,2,22,12008KT,19,07
2021-02-02 23:00:00.000,2021,2,2,23,10007KT,18,07
2021-02-03 00:00:00.000,2021,2,3,0,12006KT,17,07
2021-02-03 01:00:00.000,2021,2,3,1,11007KT,16,08
2021-02-03 02:00:00.000,2021,2,3,2,06005KT,14,07
2021-02-03 03:00:00.000,2021,2,3,3,02004KT,11,08
2021-02-03 04:00:00.000,2021,2,3,4,VRB02KT,12,08
2021-02-03 05:00:00.000,2021,2,3,5,VRB02KT,10,08
2021-02-03 06:00:00.000,2021,2,3,6,06005KT,10,08
2021-02-03 07:00:00.000,2021,2,3,7,04004KT,09,08
2021-02-03 08:00:00.000,2021,2,3,8,07005KT,10,08
2021-02-03 09:00:00.000,2021,2,3,9,VRB02KT,08,07
2021-02-03 10:00:00.000,2021,2,3,10,35003KT,06,05
2021-02-03 10:30:00.000,2021,2,3,10,07004KT,05,05
2021-02-03 11:00:00.000,2021,2,3,11,07005KT,08,08
2021-02-03 12:00:00.000,2021,2,3,12,07006KT,10,08
2021-02-03 13:00:00.000,2021,2,3,13,04005KT,12,08
2021-02-03 13:23:00.000,2021,2,3,13,06007KT,14,07
2021-02-03 14:00:00.000,2021,2,3,14,05007KT,16,06
2021-02-03 15:00:00.000,2021,2,3,15,13005KT,18,04
2021-02-03 16:00:00.000,2021,2,3,16,10008KT,20,00
2021-02-03 17:00:00.000,2021,2,3,17,11010KT,21,02
2021-02-03 18:00:00.000,2021,2,3,18,11010KT,22,04
2021-02-03 19:00:00.000,2021,2,3,19,10009KT,21,05
2021-02-03 20:00:00.000,2021,2,3,20,14011KT,20,07
2021-02-03 21:00:00.000,2021,2,3,21,14009KT,20,07
2021-02-03 22:00:00.000,2021,2,3,22,13009KT,19,07
2021-02-03 23:00:00.000,2021,2,3,23,12008KT,18,06
2021-02-04 00:00:00.000,2021,2,4,0,14010KT,16,06
2021-02-04 01:00:00.000,2021,2,4,1,04003KT,13,04
2021-02-04 02:00:00.000,2021,2,4,2,02003KT,11,04
2021-02-04 03:00:00.000,2021,2,4,3,05006KT,10,02
2021-02-04 04:00:00.000,2021,2,4,4,04006KT,09,04
2021-02-04 05:00:00.000,2021,2,4,5,03005KT,09,05
2021-02-04 06:00:00.000,2021,2,4,6,02003KT,09,05
2021-02-04 07:00:00.000,2021,2,4,7,VRB02KT,85,05
2021-02-04 08:00:00.000,2021,2,4,8,34003KT,05,04
2021-02-04 09:00:00.000,2021,2,4,9,34003KT,06,05
2021-02-04 10:00:00.000,2021,2,4,10,VRB02KT,03,03
2021-02-04 10:30:00.000,2021,2,4,10,00000KT,05,05
2021-02-04 11:00:00.000,2021,2,4,11,00000KT,04,03
2021-02-04 12:00:00.000,2021,2,4,12,VRB02KT,05,04
2021-02-04 12:31:00.000,2021,2,4,12,VRB02KT,09,08
2021-02-04 13:00:00.000,2021,2,4,13,04004KT,11,08
2021-02-04 13:23:00.000,2021,2,4,13,06006KT,13,07
2021-02-04 14:00:00.000,2021,2,4,14,05005KT,15,08
2021-02-04 15:00:00.000,2021,2,4,15,VRB03KT,17,07
2021-02-04 16:00:00.000,2021,2,4,16,10009KT,19,06
2021-02-04 17:00:00.000,2021,2,4,17,09006KT,19,06
2021-02-04 18:00:00.000,2021,2,4,18,17013KT,21,06
2021-02-04 19:00:00.000,2021,2,4,19,16012KT,21,07
2021-02-04 20:00:00.000,2021,2,4,20,17010KT,20,07
2021-02-04 21:00:00.000,2021,2,4,21,12009KT,20,06
2021-02-04 22:00:00.000,2021,2,4,22,11007KT,19,06
2021-02-04 23:00:00.000,2021,2,4,23,13009KT,17,07
2021-02-05 00:00:00.000,2021,2,5,0,12006KT,16,08
2021-02-05 01:00:00.000,2021,2,5,1,13008KT,15,08
2021-02-05 02:00:00.000,2021,2,5,2,VRB02KT,15,08
2021-02-05 03:00:00.000,2021,2,5,3,03003KT,11,08
2021-02-05 04:00:00.000,2021,2,5,4,05006KT,12,09
2021-02-05 05:00:00.000,2021,2,5,5,04005KT,12,10
2021-02-05 06:00:00.000,2021,2,5,6,04006KT,12,11
2021-02-05 07:00:00.000,2021,2,5,7,VRB02KT,12,11
2021-02-05 08:00:00.000,2021,2,5,8,VRB02KT,11,11
2021-02-05 09:00:00.000,2021,2,5,9,03005KT,10,10
2021-02-05 10:00:00.000,2021,2,5,10,03005KT,11,10
2021-02-05 10:30:00.000,2021,2,5,10,06004KT,11,10
2021-02-05 11:00:00.000,2021,2,5,11,06004KT,10,10
2021-02-05 12:00:00.000,2021,2,5,12,05006KT,10,10
2021-02-05 13:00:00.000,2021,2,5,13,08004KT,14,10
2021-02-05 14:00:00.000,2021,2,5,14,08007KT,17,09
2021-02-05 15:00:00.000,2021,2,5,15,09009KT,18,08
2021-02-05 16:00:00.000,2021,2,5,16,14008KT,18,07
2021-02-05 17:00:00.000,2021,2,5,17,14007KT,19,08
2021-02-05 18:00:00.000,2021,2,5,18,15008KT,19,08
2021-02-05 19:00:00.000,2021,2,5,19,14012KT,19,09
2021-02-05 20:00:00.000,2021,2,5,20,16008KT,19,09
2021-02-05 21:00:00.000,2021,2,5,21,18008KT,20,08
2021-02-05 22:00:00.000,2021,2,5,22,10008KT,17,10
2021-02-05 23:00:00.000,2021,2,5,23,12007KT,17,08
2021-02-06 00:00:00.000,2021,2,6,0,05007KT,15,09
2021-02-06 01:00:00.000,2021,2,6,1,04006KT,13,09
2021-02-06 02:00:00.000,2021,2,6,2,02006KT,12,09
2021-02-06 03:00:00.000,2021,2,6,3,05007KT,13,10
2021-02-06 04:00:00.000,2021,2,6,4,06003KT,12,11
2021-02-06 05:00:00.000,2021,2,6,5,04003KT,11,09
2021-02-06 06:00:00.000,2021,2,6,6,01003KT,10,08
2021-02-06 07:00:00.000,2021,2,6,7,04004KT,11,09
2021-02-06 08:00:00.000,2021,2,6,8,07005KT,11,10
2021-02-06 09:00:00.000,2021,2,6,9,04003KT,11,09
2021-02-06 10:00:00.000,2021,2,6,10,02004KT,11,10
2021-02-06 10:30:00.000,2021,2,6,10,05006KT,11,10
2021-02-06 11:00:00.000,2021,2,6,11,05004KT,11,10
2021-02-06 12:00:00.000,2021,2,6,12,05006KT,11,10
2021-02-06 13:00:00.000,2021,2,6,13,04005KT,14,11
2021-02-06 14:00:00.000,2021,2,6,14,06005KT,16,10
2021-02-06 15:00:00.000,2021,2,6,15,14004KT,19,06
2021-02-06 16:00:00.000,2021,2,6,16,20004KT,20,05
2021-02-06 17:00:00.000,2021,2,6,17,14006KT,21,06
2021-02-06 18:00:00.000,2021,2,6,18,05004KT,21,06
2021-02-06 19:00:00.000,2021,2,6,19,29006KT,20,11
2021-02-06 20:00:00.000,2021,2,6,20,32010KT,18,12
2021-02-06 21:00:00.000,2021,2,6,21,28009KT,17,13
2021-02-06 22:00:00.000,2021,2,6,22,24006KT,17,13
2021-02-06 23:00:00.000,2021,2,6,23,28005KT,16,13
2021-02-07 00:00:00.000,2021,2,7,0,25005KT,15,13
2021-02-07 01:00:00.000,2021,2,7,1,03004KT,14,13
2021-02-07 02:00:00.000,2021,2,7,2,30004KT,14,13
2021-02-07 03:00:00.000,2021,2,7,3,00000KT,12,12
2021-02-07 04:00:00.000,2021,2,7,4,00000KT,11,10
2021-02-07 05:00:00.000,2021,2,7,5,VRB02KT,11,10
2021-02-07 06:00:00.000,2021,2,7,6,32003KT,09,08
2021-02-07 07:00:00.000,2021,2,7,7,VRB02KT,08,08
2021-02-07 08:00:00.000,2021,2,7,8,VRB02KT,09,08
2021-02-07 09:00:00.000,2021,2,7,9,02003KT,07,07
2021-02-07 10:00:00.000,2021,2,7,10,03003KT,08,07
2021-02-07 10:30:00.000,2021,2,7,10,06004KT,08,08
2021-02-07 11:00:00.000,2021,2,7,11,01003KT,09,08
2021-02-07 12:00:00.000,2021,2,7,12,VRB02KT,09,08
2021-02-07 13:00:00.000,2021,2,7,13,VRB02KT,11,10
2021-02-07 14:00:00.000,2021,2,7,14,25004KT,13,12
2021-02-07 14:14:00.000,2021,2,7,14,VRB03KT,16,11
2021-02-07 15:00:00.000,2021,2,7,15,22004KT,17,09
2021-02-07 16:00:00.000,2021,2,7,16,17003KT,19,08
2021-02-07 17:00:00.000,2021,2,7,17,14008KT,20,08
2021-02-07 18:00:00.000,2021,2,7,18,15008KT,21,08
2021-02-07 19:00:00.000,2021,2,7,19,18008KT,21,07
2021-02-07 20:00:00.000,2021,2,7,20,27009KT,22,11
2021-02-07 21:00:00.000,2021,2,7,21,23011KT,20,11
2021-02-07 22:00:00.000,2021,2,7,22,25009KT,20,10
2021-02-07 23:00:00.000,2021,2,7,23,07013KT,13,12
2021-02-08 00:00:00.000,2021,2,8,0,22004KT,14,13
2021-02-08 01:00:00.000,2021,2,8,1,VRB02KT,13,13
2021-02-08 02:00:00.000,2021,2,8,2,VRB02KT,13,12
2021-02-08 03:00:00.000,2021,2,8,3,VRB02KT,14,12
2021-02-08 04:00:00.000,2021,2,8,4,VRB02KT,13,13
2021-02-08 05:00:00.000,2021,2,8,5,04004KT,12,12
2021-02-08 06:00:00.000,2021,2,8,6,VRB02KT,12,11
2021-02-08 07:00:00.000,2021,2,8,7,06005KT,12,11
2021-02-08 08:00:00.000,2021,2,8,8,11008KT,12,11
2021-02-08 09:00:00.000,2021,2,8,9,31005KT,11,11
2021-02-08 10:00:00.000,2021,2,8,10,09004KT,10,09
2021-02-08 10:30:00.000,2021,2,8,10,VRB02KT,11,10
2021-02-08 11:00:00.000,2021,2,8,11,18004KT,11,09
2021-02-08 12:00:00.000,2021,2,8,12,VRB02KT,10,09
2021-02-08 13:00:00.000,2021,2,8,13,03003KT,13,12
2021-02-08 13:35:00.000,2021,2,8,13,05007KT,15,12
2021-02-08 14:00:00.000,2021,2,8,14,05007KT,16,12
2021-02-08 15:00:00.000,2021,2,8,15,02007KT,18,08
2021-02-08 16:00:00.000,2021,2,8,16,05005KT,20,09
2021-02-08 17:00:00.000,2021,2,8,17,09004KT,21,07
2021-02-08 18:00:00.000,2021,2,8,18,23004KT,22,07
2021-02-08 19:00:00.000,2021,2,8,19,26012KT,20,12
2021-02-08 20:00:00.000,2021,2,8,20,21009KT,18,11
2021-02-08 21:00:00.000,2021,2,8,21,23005KT,18,12
2021-02-08 22:00:00.000,2021,2,8,22,31003KT,17,12
2021-02-08 23:00:00.000,2021,2,8,23,36004KT,16,11
2021-02-09 00:00:00.000,2021,2,9,0,25005KT,17,11
2021-02-09 01:00:00.000,2021,2,9,1,03003KT,13,10
2021-02-09 02:00:00.000,2021,2,9,2,VRB02KT,13,11
2021-02-09 03:00:00.000,2021,2,9,3,04003KT,13,11
2021-02-09 04:00:00.000,2021,2,9,4,01003KT,13,11
2021-02-09 05:00:00.000,2021,2,9,5,04005KT,13,11
2021-02-09 06:00:00.000,2021,2,9,6,36003KT,13,11
2021-02-09 07:00:00.000,2021,2,9,7,06004KT,12,10
2021-02-09 08:00:00.000,2021,2,9,8,VRB02KT,12,10
2021-02-09 09:00:00.000,2021,2,9,9,03004KT,11,10
2021-02-09 10:00:00.000,2021,2,9,10,14003KT,12,11
2021-02-09 10:30:00.000,2021,2,9,10,VRB02KT,12,11
2021-02-09 11:00:00.000,2021,2,9,11,VRB02KT,11,11
2021-02-09 11:30:00.000,2021,2,9,11,VRB02KT,12,12
2021-02-09 12:00:00.000,2021,2,9,12,35004KT,12,11
2021-02-09 13:00:00.000,2021,2,9,13,05004KT,12,11
2021-02-09 14:00:00.000,2021,2,9,14,04003KT,14,13
2021-02-09 15:00:00.000,2021,2,9,15,06004KT,15,12
2021-02-09 16:00:00.000,2021,2,9,16,02003KT,17,09
2021-02-09 17:00:00.000,2021,2,9,17,34004KT,18,07
2021-02-09 18:00:00.000,2021,2,9,18,VRB02KT,18,08
2021-02-09 19:00:00.000,2021,2,9,19,34005KT,19,09
2021-02-09 20:00:00.000,2021,2,9,20,29004KT,19,10
2021-02-09 21:00:00.000,2021,2,9,21,26005KT,20,11
2021-02-09 21:28:00.000,2021,2,9,21,28010KT,18,12
2021-02-09 22:00:00.000,2021,2,9,22,26008KT,18,12
2021-02-09 23:00:00.000,2021,2,9,23,24005KT,16,12
2021-02-10 00:00:00.000,2021,2,10,0,30004KT,15,12
2021-02-10 01:00:00.000,2021,2,10,1,26004KT,14,13
2021-02-10 02:00:00.000,2021,2,10,2,28006KT,15,13
2021-02-10 03:00:00.000,2021,2,10,3,32004KT,15,13
2021-02-10 04:00:00.000,2021,2,10,4,34004KT,14,13
2021-02-10 05:00:00.000,2021,2,10,5,03008KT,13,13
2021-02-10 06:00:00.000,2021,2,10,6,03008KT,12,12
2021-02-10 07:00:00.000,2021,2,10,7,VRB02KT,12,11
2021-02-10 08:00:00.000,2021,2,10,8,32004KT,12,11
2021-02-10 09:00:00.000,2021,2,10,9,14004KT,12,11
2021-02-10 10:00:00.000,2021,2,10,10,VRB02KT,12,11
2021-02-10 10:30:00.000,2021,2,10,10,VRB02KT,12,11
2021-02-10 11:00:00.000,2021,2,10,11,VRB02KT,12,11
2021-02-10 12:00:00.000,2021,2,10,12,VRB02KT,12,11
2021-02-10 13:00:00.000,2021,2,10,13,VRB02KT,13,12
2021-02-10 14:00:00.000,2021,2,10,14,26006KT,15,12
2021-02-10 15:00:00.000,2021,2,10,15,VRB02KT,17,10
2021-02-10 16:00:00.000,2021,2,10,16,VRB02KT,18,10
2021-02-10 17:00:00.000,2021,2,10,17,29011KT,18,10
2021-02-10 18:00:00.000,2021,2,10,18,33012KT,18,12
2021-02-10 19:00:00.000,2021,2,10,19,28012KT,20,11
2021-02-10 20:00:00.000,2021,2,10,20,33006KT,19,11
2021-02-10 21:00:00.000,2021,2,10,21,32012KT,18,10
2021-02-10 22:00:00.000,2021,2,10,22,27010KT,17,11
2021-02-10 23:00:00.000,2021,2,10,23,30008KT,16,12
2021-02-11 00:00:00.000,2021,2,11,0,31008KT,15,12
2021-02-11 01:00:00.000,2021,2,11,1,31008KT,14,12
2021-02-11 02:00:00.000,2021,2,11,2,28006KT,14,12
2021-02-11 03:00:00.000,2021,2,11,3,30010KT,13,12
2021-02-11 03:37:00.000,2021,2,11,3,30010KT,13,12
2021-02-11 04:00:00.000,2021,2,11,4,30008KT,13,11
2021-02-11 05:00:00.000,2021,2,11,5,26004KT,13,11
2021-02-11 06:00:00.000,2021,2,11,6,30004KT,13,11
2021-02-11 07:00:00.000,2021,2,11,7,31003KT,11,10
2021-02-11 08:00:00.000,2021,2,11,8,36004KT,11,10
2021-02-11 09:00:00.000,2021,2,11,9,35003KT,11,10
2021-02-11 10:00:00.000,2021,2,11,10,03004KT,11,10
2021-02-11 10:30:00.000,2021,2,11,10,VRB02KT,10,10
2021-02-11 11:00:00.000,2021,2,11,11,VRB02KT,10,09
2021-02-11 12:00:00.000,2021,2,11,12,32004KT,10,09
2021-02-11 12:30:00.000,2021,2,11,12,03004KT,12,11
2021-02-11 13:00:00.000,2021,2,11,13,06005KT,14,09
2021-02-11 14:00:00.000,2021,2,11,14,01005KT,16,10
2021-02-11 15:00:00.000,2021,2,11,15,33004KT,18,08
2021-02-11 16:00:00.000,2021,2,11,16,34004KT,19,09
2021-02-11 17:00:00.000,2021,2,11,17,30010KT,20,08
2021-02-11 18:00:00.000,2021,2,11,18,31010KT,21,11
2021-02-11 19:00:00.000,2021,2,11,19,28011KT,21,09
2021-02-11 20:00:00.000,2021,2,11,20,28015KT,20,11
2021-02-11 21:00:00.000,2021,2,11,21,26014KT,20,10
2021-02-11 22:00:00.000,2021,2,11,22,28011KT,19,11
2021-02-11 23:00:00.000,2021,2,11,23,27009KT,16,12
2021-02-12 00:00:00.000,2021,2,12,0,30005KT,15,12
2021-02-12 01:00:00.000,2021,2,12,1,VRB02KT,13,12
2021-02-12 02:00:00.000,2021,2,12,2,VRB02KT,12,11
2021-02-12 03:00:00.000,2021,2,12,3,34004KT,11,11
2021-02-12 04:00:00.000,2021,2,12,4,33004KT,12,11
2021-02-12 05:00:00.000,2021,2,12,5,00000KT,11,10
2021-02-12 06:00:00.000,2021,2,12,6,32007KT,10,09
2021-02-12 07:00:00.000,2021,2,12,7,VRB02KT,10,10
2021-02-12 08:00:00.000,2021,2,12,8,02004KT,11,11
2021-02-12 09:00:00.000,2021,2,12,9,VRB02KT,11,10
2021-02-12 10:00:00.000,2021,2,12,10,VRB02KT,09,08
2021-02-12 10:30:00.000,2021,2,12,10,VRB02KT,08,08
2021-02-12 11:00:00.000,2021,2,12,11,02004KT,08,08
2021-02-12 12:00:00.000,2021,2,12,12,VRB02KT,08,08
2021-02-12 13:00:00.000,2021,2,12,13,VRB02KT,12,11
2021-02-12 14:00:00.000,2021,2,12,14,VRB02KT,14,11
2021-02-12 15:00:00.000,2021,2,12,15,VRB02KT,17,10
2021-02-12 16:00:00.000,2021,2,12,16,34004KT,17,09
2021-02-12 17:00:00.000,2021,2,12,17,20006KT,17,09
2021-02-12 18:00:00.000,2021,2,12,18,35004KT,16,11
2021-02-12 19:00:00.000,2021,2,12,19,24006KT,18,10
2021-02-12 20:00:00.000,2021,2,12,20,30014KT,19,10
2021-02-12 21:00:00.000,2021,2,12,21,27008KT,17,11
2021-02-12 22:00:00.000,2021,2,12,22,26012KT,17,12
2021-02-12 23:00:00.000,2021,2,12,23,25006KT,15,12
2021-02-13 00:00:00.000,2021,2,13,0,29004KT,15,12
2021-02-13 01:00:00.000,2021,2,13,1,22003KT,14,12
2021-02-13 02:00:00.000,2021,2,13,2,31006KT,13,12
2021-02-13 03:00:00.000,2021,2,13,3,29003KT,14,13
2021-02-13 04:00:00.000,2021,2,13,4,33004KT,13,12
2021-02-13 05:00:00.000,2021,2,13,5,33003KT,13,11
2021-02-13 06:00:00.000,2021,2,13,6,02003KT,11,10
2021-02-13 07:00:00.000,2021,2,13,7,VRB02KT,12,11
2021-02-13 08:00:00.000,2021,2,13,8,01003KT,12,11
2021-02-13 09:00:00.000,2021,2,13,9,03004KT,12,11
2021-02-13 10:00:00.000,2021,2,13,10,04004KT,11,09
2021-02-13 10:30:00.000,2021,2,13,10,06005KT,11,10
2021-02-13 11:00:00.000,2021,2,13,11,05007KT,11,10
2021-02-13 12:00:00.000,2021,2,13,12,04005KT,10,10
2021-02-13 13:00:00.000,2021,2,13,13,08004KT,15,09
2021-02-13 14:00:00.000,2021,2,13,14,06006KT,16,07
2021-02-13 15:00:00.000,2021,2,13,15,06007KT,17,06
2021-02-13 16:00:00.000,2021,2,13,16,11005KT,18,06
2021-02-13 17:00:00.000,2021,2,13,17,18011KT,20,06
2021-02-13 18:00:00.000,2021,2,13,18,14007KT,19,07
2021-02-13 19:00:00.000,2021,2,13,19,12007KT,21,06
2021-02-13 19:24:00.000,2021,2,13,19,22007KT,21,07
2021-02-13 20:00:00.000,2021,2,13,20,29005KT,20,10
2021-02-13 21:00:00.000,2021,2,13,21,27009KT,18,11
2021-02-13 22:00:00.000,2021,2,13,22,29010KT,17,10
2021-02-13 23:00:00.000,2021,2,13,23,26006KT,16,10
2021-02-14 00:00:00.000,2021,2,14,0,VRB02KT,13,10
2021-02-14 01:00:00.000,2021,2,14,1,VRB02KT,12,11
2021-02-14 02:00:00.000,2021,2,14,2,36004KT,11,10
2021-02-14 03:00:00.000,2021,2,14,3,02004KT,11,10
2021-02-14 04:00:00.000,2021,2,14,4,VRB02T,12,10
2021-02-14 05:00:00.000,2021,2,14,5,VRB02KT,09,08
2021-02-14 06:00:00.000,2021,2,14,6,VRB02KT,09,08
2021-02-14 07:00:00.000,2021,2,14,7,31004KT,09,09
2021-02-14 08:00:00.000,2021,2,14,8,VRB02KT,09,08
2021-02-14 09:00:00.000,2021,2,14,9,34004KT,08,07
2021-02-14 10:00:00.000,2021,2,14,10,32004KT,08,08
2021-02-14 10:30:00.000,2021,2,14,10,33004KT,08,08
2021-02-14 11:00:00.000,2021,2,14,11,VRB02KT,08,08
2021-02-14 12:00:00.000,2021,2,14,12,03005KT,09,08
2021-02-14 13:00:00.000,2021,2,14,13,VRB02KT,11,10
2021-02-14 14:00:00.000,2021,2,14,14,33004KT,14,11
2021-02-14 15:00:00.000,2021,2,14,15,36005KT,16,10
2021-02-14 16:00:00.000,2021,2,14,16,32005KT,19,08
2021-02-14 17:00:00.000,2021,2,14,17,28008KT,20,08
2021-02-14 17:35:00.000,2021,2,14,17,31016KT,19,11
2021-02-14 18:00:00.000,2021,2,14,18,31013KT,19,10
2021-02-14 19:00:00.000,2021,2,14,19,27012KT,19,11
2021-02-14 20:00:00.000,2021,2,14,20,09012KT,15,10
2021-02-14 21:00:00.000,2021,2,14,21,VRB02KT,13,12
2021-02-14 22:00:00.000,2021,2,14,22,VRB02KT,13,12
2021-02-14 23:00:00.000,2021,2,14,23,VRB02KT,14,11
2021-02-15 00:00:00.000,2021,2,15,0,VRB02KT,14,11
2021-02-15 01:00:00.000,2021,2,15,1,02003KT,12,10
2021-02-15 02:00:00.000,2021,2,15,2,VRB02KT,11,10
2021-02-15 03:00:00.000,2021,2,15,3,VRB02KT,10,09
2021-02-15 04:00:00.000,2021,2,15,4,00000KT,11,10
2021-02-15 05:00:00.000,2021,2,15,5,25004KT,11,10
2021-02-15 06:00:00.000,2021,2,15,6,33004KT,10,09
2021-02-15 07:00:00.000,2021,2,15,7,VRB02KT,11,10
2021-02-15 08:00:00.000,2021,2,15,8,29004KT,10,10
2021-02-15 09:00:00.000,2021,2,15,9,VRB02KT,11,10
2021-02-15 10:00:00.000,2021,2,15,10,VRB02KT,11,10
2021-02-15 10:30:00.000,2021,2,15,10,10003KT,11,10
2021-02-15 11:00:00.000,2021,2,15,11,34004KT,10,09
2021-02-15 12:00:00.000,2021,2,15,12,09003KT,12,10
2021-02-15 13:00:00.000,2021,2,15,13,02004KT,14,11
2021-02-15 14:00:00.000,2021,2,15,14,VRB02KT,15,11
2021-02-15 15:00:00.000,2021,2,15,15,04006KT,18,11
2021-02-15 16:00:00.000,2021,2,15,16,01010KT,19,11
2021-02-15 17:00:00.000,2021,2,15,17,06006KT,20,09
2021-02-15 18:00:00.000,2021,2,15,18,06008KT,20,06
2021-02-15 18:30:00.000,2021,2,15,18,13010KT,19,07
2021-02-15 19:00:00.000,2021,2,15,19,20013KT,17,08
2021-02-15 20:00:00.000,2021,2,15,20,18012KT,17,07
2021-02-15 21:00:00.000,2021,2,15,21,25004KT,17,08
2021-02-15 22:00:00.000,2021,2,15,22,15005KT,18,08
2021-02-15 23:00:00.000,2021,2,15,23,08006KT,17,09
2021-02-16 00:00:00.000,2021,2,16,0,VRB02KT,13,10
2021-02-16 01:00:00.000,2021,2,16,1,VRB02KT,13,11
2021-02-16 02:00:00.000,2021,2,16,2,VRB02KT,14,11
2021-02-16 03:00:00.000,2021,2,16,3,VRB02KT,12,10
2021-02-16 04:00:00.000,2021,2,16,4,VRB02KT,12,11
2021-02-16 05:00:00.000,2021,2,16,5,VRB02KT,11,11
2021-02-16 06:00:00.000,2021,2,16,6,00000KT,10,09
2021-02-16 07:00:00.000,2021,2,16,7,VRB02KT,10,09
2021-02-16 08:00:00.000,2021,2,16,8,VRB02KT,09,08
2021-02-16 09:00:00.000,2021,2,16,9,35005KT,09,08
2021-02-16 10:00:00.000,2021,2,16,10,VRB02KT,07,07
2021-02-16 10:30:00.000,2021,2,16,10,VRB02KT,07,06
2021-02-16 11:00:00.000,2021,2,16,11,VRB02KT,07,06
2021-02-16 12:00:00.000,2021,2,16,12,05004KT,09,09
2021-02-16 12:10:00.000,2021,2,16,12,03007KT,09,09
2021-02-16 12:30:00.000,2021,2,16,12,VRB02KT,10,10
2021-02-16 13:00:00.000,2021,2,16,13,16005KT,13,12
2021-02-16 14:00:00.000,2021,2,16,14,VRB02KT,16,11
2021-02-16 15:00:00.000,2021,2,16,15,23003KT,18,10
2021-02-16 16:00:00.000,2021,2,16,16,34006KT,19,09
2021-02-16 17:00:00.000,2021,2,16,17,31010KT,19,11
2021-02-16 18:00:00.000,2021,2,16,18,28010KT,20,11
2021-02-16 19:00:00.000,2021,2,16,19,28015KT,20,11
2021-02-16 20:00:00.000,2021,2,16,20,32013KT,20,09
2021-02-16 21:00:00.000,2021,2,16,21,28012KT,18,10
2021-02-16 22:00:00.000,2021,2,16,22,34011KT,17,09
2021-02-16 23:00:00.000,2021,2,16,23,31012KT,15,09
2021-02-17 00:00:00.000,2021,2,17,0,26007KT,14,09
2021-02-17 01:00:00.000,2021,2,17,1,23005KT,14,11
2021-02-17 02:00:00.000,2021,2,17,2,24004KT,13,10
2021-02-17 03:00:00.000,2021,2,17,3,26004KT,13,10
2021-02-17 04:00:00.000,2021,2,17,4,27006KT,12,10
2021-02-17 05:00:00.000,2021,2,17,5,29004KT,09,09
2021-02-17 06:00:00.000,2021,2,17,6,00000KT,08,07
2021-02-17 07:00:00.000,2021,2,17,7,VRB02KT,07,07
2021-02-17 08:00:00.000,2021,2,17,8,34007KT,08,07
2021-02-17 09:00:00.000,2021,2,17,9,VRB02KT,07,07
2021-02-17 10:00:00.000,2021,2,17,10,34003KT,06,06
2021-02-17 10:30:00.000,2021,2,17,10,04003KT,06,06
2021-02-17 11:00:00.000,2021,2,17,11,05003KT,06,05
2021-02-17 11:30:00.000,2021,2,17,11,35004KT,06,06
2021-02-17 12:00:00.000,2021,2,17,12,35003KT,08,07
2021-02-17 13:00:00.000,2021,2,17,13,03003KT,09,09
2021-02-17 14:00:00.000,2021,2,17,14,VRB02KT,12,11
2021-02-17 15:00:00.000,2021,2,17,15,VRB02KT,16,08
2021-02-17 16:00:00.000,2021,2,17,16,01004KT,18,07
2021-02-17 17:00:00.000,2021,2,17,17,33008KT,20,05
2021-02-17 18:00:00.000,2021,2,17,18,29009KT,20,08
2021-02-17 19:00:00.000,2021,2,17,19,29013KT,20,09
2021-02-17 20:00:00.000,2021,2,17,20,28013KT,20,09
2021-02-17 21:00:00.000,2021,2,17,21,28014KT,19,08
2021-02-17 22:00:00.000,2021,2,17,22,28011KT,18,08
2021-02-17 23:00:00.000,2021,2,17,23,25008KT,16,11
2021-02-18 00:00:00.000,2021,2,18,0,25005KT,14,11
2021-02-18 01:00:00.000,2021,2,18,1,27005KT,14,12
2021-02-18 02:00:00.000,2021,2,18,2,22004KT,14,11
2021-02-18 03:00:00.000,2021,2,18,3,28003KT,14,11
2021-02-18 04:00:00.000,2021,2,18,4,VRB02KT,13,11
2021-02-18 05:00:00.000,2021,2,18,5,34004KT,12,11
2021-02-18 06:00:00.000,2021,2,18,6,01003KT,12,11
2021-02-18 07:00:00.000,2021,2,18,7,36005KT,11,09
2021-02-18 08:00:00.000,2021,2,18,8,06006KT,12,09
2021-02-18 09:00:00.000,2021,2,18,9,VRB02KT,11,09
2021-02-18 10:00:00.000,2021,2,18,10,05004KT,11,09
2021-02-18 10:30:00.000,2021,2,18,10,36003KT,12,09
2021-02-18 11:00:00.000,2021,2,18,11,05004KT,12,09
2021-02-18 12:00:00.000,2021,2,18,12,06004KT,12,09
2021-02-18 13:00:00.000,2021,2,18,13,04006KT,14,10
2021-02-18 14:00:00.000,2021,2,18,14,05006KT,16,09
2021-02-18 15:00:00.000,2021,2,18,15,09004KT,18,09
2021-02-18 16:00:00.000,2021,2,18,16,04004KT,20,08
2021-02-18 17:00:00.000,2021,2,18,17,29005KT,20,08
2021-02-18 18:00:00.000,2021,2,18,18,29012KT,19,10
2021-02-18 19:00:00.000,2021,2,18,19,27014KT,20,10
2021-02-18 20:00:00.000,2021,2,18,20,29015KT,21,11
2021-02-18 21:00:00.000,2021,2,18,21,28012KT,18,12
2021-02-18 22:00:00.000,2021,2,18,22,27010KT,16,12
2021-02-18 23:00:00.000,2021,2,18,23,30009KT,15,11
2021-02-19 00:00:00.000,2021,2,19,0,29008KT,14,10
2021-02-19 01:00:00.000,2021,2,19,1,28007KT,13,11
2021-02-19 02:00:00.000,2021,2,19,2,33005KT,13,11
2021-02-19 03:00:00.000,2021,2,19,3,32004KT,12,11
2021-02-19 04:00:00.000,2021,2,19,4,VRB02KT,13,12
2021-02-19 05:00:00.000,2021,2,19,5,26003KT,13,12
2021-02-19 06:00:00.000,2021,2,19,6,VRB02KT,10,09
2021-02-19 07:00:00.000,2021,2,19,7,00000KT,11,10
2021-02-19 08:00:00.000,2021,2,19,8,VRB02KT,11,10
2021-02-19 09:00:00.000,2021,2,19,9,02004KT,11,10
2021-02-19 10:00:00.000,2021,2,19,10,VRB02KT,11,10
2021-02-19 10:30:00.000,2021,2,19,10,03003KT,12,11
2021-02-19 11:00:00.000,2021,2,19,11,VRB02KT,11,10
2021-02-19 12:00:00.000,2021,2,19,12,32003KT,11,10
2021-02-19 12:32:00.000,2021,2,19,12,VRB02KT,13,11
2021-02-19 13:00:00.000,2021,2,19,13,05004KT,13,11
2021-02-19 14:00:00.000,2021,2,19,14,01004KT,15,10
2021-02-19 15:00:00.000,2021,2,19,15,36003KT,17,09
2021-02-19 16:00:00.000,2021,2,19,16,29007KT,17,09
2021-02-19 17:00:00.000,2021,2,19,17,29008KT,18,09
2021-02-19 18:00:00.000,2021,2,19,18,31014KT,17,12
2021-02-19 19:00:00.000,2021,2,19,19,31013KT,15,12
2021-02-19 20:00:00.000,2021,2,19,20,29009KT,17,12
2021-02-19 21:00:00.000,2021,2,19,21,30009KT,18,11
2021-02-19 22:00:00.000,2021,2,19,22,31012KT,16,11
2021-02-19 23:00:00.000,2021,2,19,23,30014KT,14,10
2021-02-20 00:00:00.000,2021,2,20,0,29009KT,14,11
2021-02-20 01:00:00.000,2021,2,20,1,30006KT,14,12
2021-02-20 02:00:00.000,2021,2,20,2,VRB02KT,12,11
2021-02-20 03:00:00.000,2021,2,20,3,33004KT,12,11
2021-02-20 04:00:00.000,2021,2,20,4,32003KT,11,11
2021-02-20 05:00:00.000,2021,2,20,5,00000KT,12,12
2021-02-20 06:00:00.000,2021,2,20,6,34003KT,11,11
2021-02-20 07:00:00.000,2021,2,20,7,36004KT,11,09
2021-02-20 08:00:00.000,2021,2,20,8,VRB02KT,10,09
2021-02-20 09:00:00.000,2021,2,20,9,33040KT,11,10
2021-02-20 10:00:00.000,2021,2,20,10,30008KT,11,10
2021-02-20 10:30:00.000,2021,2,20,10,VRB02KT,11,10
2021-02-20 11:00:00.000,2021,2,20,11,VRB02KT,10,09
2021-02-20 12:00:00.000,2021,2,20,12,VRB02KT,11,09
2021-02-20 13:00:00.000,2021,2,20,13,VRB02KT,12,12
2021-02-20 13:30:00.000,2021,2,20,13,32005KT,14,12
2021-02-20 14:00:00.000,2021,2,20,14,34004KT,14,11
2021-02-20 14:30:00.000,2021,2,20,14,VRB02KT,17,09
2021-02-20 15:00:00.000,2021,2,20,15,VRB02KT,17,09
2021-02-20 16:00:00.000,2021,2,20,16,31005KT,18,08
2021-02-20 17:00:00.000,2021,2,20,17,29010KT,16,11
2021-02-20 18:00:00.000,2021,2,20,18,27009KT,18,10
2021-02-20 19:00:00.000,2021,2,20,19,29008KT,18,10
2021-02-20 20:00:00.000,2021,2,20,20,27010KT,17,11
2021-02-20 21:00:00.000,2021,2,20,21,28010KT,16,11
2021-02-20 22:00:00.000,2021,2,20,22,30008KT,14,12
2021-02-20 23:00:00.000,2021,2,20,23,28006KT,15,10
2021-02-21 00:00:00.000,2021,2,21,0,25006KT,15,11
2021-02-21 01:00:00.000,2021,2,21,1,30004KT,14,11
2021-02-21 02:00:00.000,2021,2,21,2,30007KT,13,11
2021-02-21 03:00:00.000,2021,2,21,3,30006KT,13,11
2021-02-21 04:00:00.000,2021,2,21,4,31004KT,13,11
2021-02-21 05:00:00.000,2021,2,21,5,24004KT,13,10
2021-02-21 06:00:00.000,2021,2,21,6,VRB02KT,12,10
2021-02-21 07:00:00.000,2021,2,21,7,31005KT,12,11
2021-02-21 08:00:00.000,2021,2,21,8,30003KT,11,10
2021-02-21 09:00:00.000,2021,2,21,9,27004KT,11,10
2021-02-21 10:00:00.000,2021,2,21,10,VRB02KT,11,11
2021-02-21 10:30:00.000,2021,2,21,10,00000KT,11,10
2021-02-21 11:00:00.000,2021,2,21,11,07004KT,11,10
2021-02-21 12:00:00.000,2021,2,21,12,VRB02KT,12,11
2021-02-21 13:00:00.000,2021,2,21,13,03004KT,13,11
2021-02-21 14:00:00.000,2021,2,21,14,05005KT,15,11
2021-02-21 15:00:00.000,2021,2,21,15,31005KT,16,10
2021-02-21 16:00:00.000,2021,2,21,16,VRB02KT,18,10
2021-02-21 17:00:00.000,2021,2,21,17,32009KT,18,11
2021-02-21 18:00:00.000,2021,2,21,18,22006KT,18,10
2021-02-21 19:00:00.000,2021,2,21,19,24008KT,17,11
2021-02-21 20:00:00.000,2021,2,21,20,28011KT,18,10
2021-02-21 21:00:00.000,2021,2,21,21,31010KT,17,11
2021-02-21 22:00:00.000,2021,2,21,22,27009KT,16,12
2021-02-21 23:00:00.000,2021,2,21,23,31006KT,15,11
2021-02-22 00:00:00.000,2021,2,22,0,27007KT,13,11
2021-02-22 01:00:00.000,2021,2,22,1,31006KT,13,11
2021-02-22 02:00:00.000,2021,2,22,2,31006KT,13,12
2021-02-22 03:00:00.000,2021,2,22,3,32006KT,13,12
2021-02-22 04:00:00.000,2021,2,22,4,32005KT,12,11
2021-02-22 05:00:00.000,2021,2,22,5,VRB02KT,11,10
2021-02-22 06:00:00.000,2021,2,22,6,31004KT,12,12
2021-02-22 07:00:00.000,2021,2,22,7,VRB02KT,12,11
2021-02-22 08:00:00.000,2021,2,22,8,34004KT,12,11
2021-02-22 09:00:00.000,2021,2,22,9,31004KT,12,11
2021-02-22 10:00:00.000,2021,2,22,10,VRB02KT,12,11
2021-02-22 11:00:00.000,2021,2,22,11,VRB02KT,12,10
2021-02-22 12:00:00.000,2021,2,22,12,VRB02KT,13,12
2021-02-22 13:00:00.000,2021,2,22,13,04005KT,14,12
2021-02-22 14:00:00.000,2021,2,22,14,04005KT,15,11
2021-02-22 15:00:00.000,2021,2,22,15,VRB02KT,16,10
2021-02-22 16:00:00.000,2021,2,22,16,13006KT,16,10
2021-02-22 17:00:00.000,2021,2,22,17,04006KT,17,09
2021-02-22 18:00:00.000,2021,2,22,18,25007KT,16,12
2021-02-22 19:00:00.000,2021,2,22,19,06008KT,15,12
2021-02-22 20:00:00.000,2021,2,22,20,07005KT,16,12
2021-02-22 21:00:00.000,2021,2,22,21,06013KT,16,10
2021-02-22 22:00:00.000,2021,2,22,22,06005KT,17,10
2021-02-22 23:00:00.000,2021,2,22,23,13006KT,16,10
2021-02-23 00:00:00.000,2021,2,23,0,10008KT,15,09
2021-02-23 01:00:00.000,2021,2,23,1,VRB02KT,15,11
2021-02-23 02:00:00.000,2021,2,23,2,29003KT,14,12
2021-02-23 03:00:00.000,2021,2,23,3,05003KT,14,09
2021-02-23 04:00:00.000,2021,2,23,4,02003KT,12,09
2021-02-23 05:00:00.000,2021,2,23,5,02006KT,12,09
2021-02-23 06:00:00.000,2021,2,23,6,03006KT,12,10
2021-02-23 07:00:00.000,2021,2,23,7,05005KT,12,10
2021-02-23 08:00:00.000,2021,2,23,8,04003KT,11,09
2021-02-23 09:00:00.000,2021,2,23,9,02005KT,10,10
2021-02-23 11:00:00.000,2021,2,23,11,06005KT,09,09
2021-02-23 12:00:00.000,2021,2,23,12,05006KT,11,10
2021-02-23 13:00:00.000,2021,2,23,13,08004KT,14,11
2021-02-23 14:00:00.000,2021,2,23,14,12007KT,15,09
2021-02-23 15:00:00.000,2021,2,23,15,13009KT,16,07
2021-02-23 16:00:00.000,2021,2,23,16,14006KT,16,08
2021-02-23 17:00:00.000,2021,2,23,17,13006KT,17,07
2021-02-23 18:00:00.000,2021,2,23,18,12004KT,18,07
2021-02-23 19:00:00.000,2021,2,23,19,07007KT,18,07
2021-02-23 19:40:00.000,2021,2,23,19,12006KT,,
2021-02-23 20:00:00.000,2021,2,23,20,12006KT,,
2021-02-23 21:00:00.000,2021,2,23,21,16006KT,19,07
2021-02-23 22:00:00.000,2021,2,23,22,12005KT,18,08
2021-02-23 23:00:00.000,2021,2,23,23,14010KT,17,07
2021-02-24 00:00:00.000,2021,2,24,0,14010KT,15,09
2021-02-24 01:00:00.000,2021,2,24,1,30004KT,14,10
2021-02-24 02:00:00.000,2021,2,24,2,01003KT,11,09
2021-02-24 03:00:00.000,2021,2,24,3,30004KT,10,09
2021-02-24 04:00:00.000,2021,2,24,4,30005KT,11,09
2021-02-24 05:00:00.000,2021,2,24,5,VRB02KT,10,09
2021-02-24 06:00:00.000,2021,2,24,6,05004KT,09,08
2021-02-24 07:00:00.000,2021,2,24,7,04005KT,10,09
2021-02-24 08:00:00.000,2021,2,24,8,32005KT,09,08
2021-02-24 09:00:00.000,2021,2,24,9,27004KT,10,09
2021-02-24 10:00:00.000,2021,2,24,10,VRB02KT,10,09
2021-02-24 10:30:00.000,2021,2,24,10,VRB02KT,10,10
2021-02-24 11:00:00.000,2021,2,24,11,VRB02KT,10,09
2021-02-24 12:00:00.000,2021,2,24,12,02003KT,11,10
2021-02-24 13:00:00.000,2021,2,24,13,02003KT,13,12
2021-02-24 13:17:00.000,2021,2,24,13,VRB03KT,15,11
2021-02-24 14:00:00.000,2021,2,24,14,04005KT,15,11
2021-02-24 15:00:00.000,2021,2,24,15,06005KT,16,10
2021-02-24 16:00:00.000,2021,2,24,16,05009KT,18,10
2021-02-24 17:00:00.000,2021,2,24,17,05009KT,18,10
2021-02-24 18:00:00.000,2021,2,24,18,04007KT,18,10
2021-02-24 19:00:00.000,2021,2,24,19,15008KT,19,08
2021-02-24 20:00:00.000,2021,2,24,20,11008KT,18,09
2021-02-24 21:00:00.000,2021,2,24,21,10010KT,16,09
2021-02-24 22:00:00.000,2021,2,24,22,14007KT,17,09
2021-02-24 23:00:00.000,2021,2,24,23,12006KT,17,08
2021-02-25 00:00:00.000,2021,2,25,0,11005KT,16,09
2021-02-25 01:00:00.000,2021,2,25,1,18008KT,14,11
2021-02-25 02:00:00.000,2021,2,25,2,VRB02KT,14,11
2021-02-25 03:00:00.000,2021,2,25,3,02006KT,14,11
2021-02-25 04:00:00.000,2021,2,25,4,06006KT,13,11
2021-02-25 05:00:00.000,2021,2,25,5,06007KT,13,11
2021-02-25 06:00:00.000,2021,2,25,6,09005KT,13,11
2021-02-25 07:00:00.000,2021,2,25,7,07005KT,13,11
2021-02-25 08:00:00.000,2021,2,25,8,06004KT,13,10
2021-02-25 09:00:00.000,2021,2,25,9,03006KT,13,10
2021-02-25 10:00:00.000,2021,2,25,10,03004KT,13,10
2021-02-25 11:00:00.000,2021,2,25,11,04004KT,13,10
2021-02-25 12:00:00.000,2021,2,25,12,03005KT,13,11
2021-02-25 13:00:00.000,2021,2,25,13,05004KT,14,11
2021-02-25 14:00:00.000,2021,2,25,14,VRB02KT,14,12
2021-02-25 15:00:00.000,2021,2,25,15,03007KT,14,12
2021-02-25 16:00:00.000,2021,2,25,16,29004KT,16,11
2021-02-25 17:00:00.000,2021,2,25,17,03004KT,16,12
2021-02-25 18:00:00.000,2021,2,25,18,VRB02KT,15,12
2021-02-25 19:00:00.000,2021,2,25,19,03008KT,14,13
2021-02-25 20:00:00.000,2021,2,25,20,18005KT,15,12
2021-02-25 21:00:00.000,2021,2,25,21,11005KT,17,11
2021-02-25 22:00:00.000,2021,2,25,22,13007KT,17,09
2021-02-25 23:00:00.000,2021,2,25,23,08006KT,17,09
2021-02-26 00:00:00.000,2021,2,26,0,09005KT,15,10
2021-02-26 01:00:00.000,2021,2,26,1,11004KT,15,10
2021-02-26 02:00:00.000,2021,2,26,2,05007KT,11,10
2021-02-26 03:00:00.000,2021,2,26,3,05005KT,11,10
2021-02-26 04:00:00.000,2021,2,26,4,VRB02KT,10,09
2021-02-26 05:00:00.000,2021,2,26,5,05006KT,10,09
2021-02-26 06:00:00.000,2021,2,26,6,06005KT,12,11
2021-02-26 07:00:00.000,2021,2,26,7,06003KT,10,09
2021-02-26 08:00:00.000,2021,2,26,8,05007KT,11,10
2021-02-26 09:00:00.000,2021,2,26,9,05006KT,10,09
2021-02-26 10:00:00.000,2021,2,26,10,VRB02KT,09,08
2021-02-26 11:00:00.000,2021,2,26,11,VRB02KT,10,09
2021-02-26 12:00:00.000,2021,2,26,12,04008KT,11,10
2021-02-26 13:00:00.000,2021,2,26,13,05007KT,14,11
2021-02-26 14:00:00.000,2021,2,26,14,11006KT,16,09
2021-02-26 15:00:00.000,2021,2,26,15,13007KT,18,09
2021-02-26 16:00:00.000,2021,2,26,16,10006KT,20,10
2021-02-26 17:00:00.000,2021,2,26,17,09006KT,20,09
2021-02-26 18:00:00.000,2021,2,26,18,02003KT,20,08
2021-02-26 19:00:00.000,2021,2,26,19,18005KT,21,08
2021-02-26 20:00:00.000,2021,2,26,20,25011KT,18,12
2021-02-26 21:00:00.000,2021,2,26,21,28011KT,17,13
2021-02-26 22:00:00.000,2021,2,26,22,24004KT,17,13
2021-02-26 23:00:00.000,2021,2,26,23,27004KT,17,13
2021-02-27 00:00:00.000,2021,2,27,0,28006KT,15,13
2021-02-27 01:00:00.000,2021,2,27,1,34004KT,14,13
2021-02-27 02:00:00.000,2021,2,27,2,04006KT,13,13
2021-02-27 03:00:00.000,2021,2,27,3,35003KT,13,12
2021-02-27 04:00:00.000,2021,2,27,4,34004KT,12,12
2021-02-27 05:00:00.000,2021,2,27,5,00000KT,12,11
2021-02-27 06:00:00.000,2021,2,27,6,34004KT,13,12
2021-02-27 07:00:00.000,2021,2,27,7,VRB02KT,13,11
2021-02-27 08:00:00.000,2021,2,27,8,VRB02KT,13,11
2021-02-27 09:00:00.000,2021,2,27,9,06004KT,12,11
2021-02-27 10:00:00.000,2021,2,27,10,VRB02KT,12,11
2021-02-27 10:30:00.000,2021,2,27,10,27004KT,12,11
2021-02-27 11:00:00.000,2021,2,27,11,VRB02KT,12,11
2021-02-27 12:00:00.000,2021,2,27,12,VRB02KT,13,12
2021-02-27 13:00:00.000,2021,2,27,13,32003KT,14,13
2021-02-27 14:00:00.000,2021,2,27,14,01004KT,16,12
2021-02-27 15:00:00.000,2021,2,27,15,01005KT,16,12
2021-02-27 16:00:00.000,2021,2,27,16,34004KT,17,11
2021-02-27 17:00:00.000,2021,2,27,17,23010KT,17,13
2021-02-27 18:00:00.000,2021,2,27,18,22007KT,17,13
2021-02-27 19:00:00.000,2021,2,27,19,33012KT,16,13
2021-02-27 20:00:00.000,2021,2,27,20,36006KT,18,12
2021-02-27 20:30:00.000,2021,2,27,20,VRB07KT,16,13
2021-02-27 21:00:00.000,2021,2,27,21,12010KT,14,13
2021-02-27 22:00:00.000,2021,2,27,22,29009KT,13,12
2021-02-27 23:00:00.000,2021,2,27,23,31004KT,13,12
2021-02-28 00:00:00.000,2021,2,28,0,33004KT,12,12
2021-02-28 01:00:00.000,2021,2,28,1,VRB02KT,13,12
2021-02-28 02:00:00.000,2021,2,28,2,VRB02KT,13,12
2021-02-28 03:00:00.000,2021,2,28,3,25003KT,13,13
2021-02-28 04:00:00.000,2021,2,28,4,VRB02KT,13,13
2021-02-28 05:00:00.000,2021,2,28,5,32004KT,13,12
2021-02-28 06:00:00.000,2021,2,28,6,31003KT,12,11
2021-02-28 07:00:00.000,2021,2,28,7,03004KT,13,12
2021-02-28 08:00:00.000,2021,2,28,8,06004KT,13,11
2021-02-28 09:00:00.000,2021,2,28,9,05005KT,12,11
2021-02-28 10:00:00.000,2021,2,28,10,06004KT,12,11
2021-02-28 10:30:00.000,2021,2,28,10,04004KT,12,11
2021-02-28 11:00:00.000,2021,2,28,11,04004KT,12,11
2021-02-28 12:00:00.000,2021,2,28,12,05006KT,13,11
2021-02-28 13:00:00.000,2021,2,28,13,02006KT,14,12
2021-02-28 14:00:00.000,2021,2,28,14,02005KT,15,11
2021-02-28 15:00:00.000,2021,2,28,15,04005KT,17,10
2021-02-28 16:00:00.000,2021,2,28,16,36004KT,18,09
2021-02-28 17:00:00.000,2021,2,28,17,35005KT,18,09
2021-02-28 18:00:00.000,2021,2,28,18,VRB02KT,19,09
2021-02-28 19:00:00.000,2021,2,28,19,29004KT,19,11
2021-02-28 20:00:00.000,2021,2,28,20,29007KT,19,11
2021-02-28 21:00:00.000,2021,2,28,21,32012KT,19,13
2021-02-28 22:00:00.000,2021,2,28,22,29012KT,17,12
2021-02-28 23:00:00.000,2021,2,28,23,27009KT,17,12
2021-03-01 00:00:00.000,2021,3,1,0,26007KT,14,13
2021-03-01 01:00:00.000,2021,3,1,1,26005KT,14,12
2021-03-01 02:00:00.000,2021,3,1,2,24005KT,14,13
2021-03-01 03:00:00.000,2021,3,1,3,28003KT,14,13
2021-03-01 04:00:00.000,2021,3,1,4,33004KT,13,13
2021-03-01 05:00:00.000,2021,3,1,5,34004KT,13,13
2021-03-01 06:00:00.000,2021,3,1,6,26003KT,12,12
2021-03-01 07:00:00.000,2021,3,1,7,30005KT,12,11
2021-03-01 08:00:00.000,2021,3,1,8,31003KT,12,11
2021-03-01 09:00:00.000,2021,3,1,9,VRB02KT,12,11
2021-03-01 10:00:00.000,2021,3,1,10,34003KT,12,11
2021-03-01 10:30:00.000,2021,3,1,10,33004KT,12,11
2021-03-01 11:00:00.000,2021,3,1,11,33003KT,12,11
2021-03-01 12:00:00.000,2021,3,1,12,VRB02KT,12,11
2021-03-01 13:00:00.000,2021,3,1,13,34004KT,14,12
2021-03-01 14:00:00.000,2021,3,1,14,26004KT,16,13
2021-03-01 15:00:00.000,2021,3,1,15,VRB02KT,17,12
2021-03-01 16:00:00.000,2021,3,1,16,27004KT,18,11
2021-03-01 17:00:00.000,2021,3,1,17,22005KT,18,11
2021-03-01 18:00:00.000,2021,3,1,18,27012KT,17,12
2021-03-01 19:00:00.000,2021,3,1,19,25010KT,17,12
2021-03-01 20:00:00.000,2021,3,1,20,28008KT,17,11
2021-03-01 20:11:00.000,2021,3,1,20,28010KT,16,11
2021-03-01 21:00:00.000,2021,3,1,21,26008KT,15,12
2021-03-01 22:00:00.000,2021,3,1,22,27008KT,16,13
2021-03-01 23:00:00.000,2021,3,1,23,27006KT,15,12
2021-03-02 00:00:00.000,2021,3,2,0,07004KT,14,10
2021-03-02 01:00:00.000,2021,3,2,1,02005KT,13,10
2021-03-02 02:00:00.000,2021,3,2,2,00000KT,13,11
2021-03-02 03:00:00.000,2021,3,2,3,0000KT,12,11
2021-03-02 04:00:00.000,2021,3,2,4,33004KT,11,11
2021-03-02 05:00:00.000,2021,3,2,5,VRB02KT,11,11
2021-03-02 06:00:00.000,2021,3,2,6,32004KT,11,11
2021-03-02 07:00:00.000,2021,3,2,7,32003KT,10,09
2021-03-02 08:00:00.000,2021,3,2,8,34003KT,10,09
2021-03-02 09:00:00.000,2021,3,2,9,VRB02KT,10,09
2021-03-02 10:00:00.000,2021,3,2,10,24003KT,10,09
2021-03-02 10:30:00.000,2021,3,2,10,VRB02KT,10,10
2021-03-02 11:00:00.000,2021,3,2,11,35004KT,10,10
2021-03-02 12:00:00.000,2021,3,2,12,VRB02KT,11,10
2021-03-02 13:00:00.000,2021,3,2,13,VRB02KT,12,11
2021-03-02 14:00:00.000,2021,3,2,14,28004KT,14,12
2021-03-02 15:00:00.000,2021,3,2,15,32004KT,14,11
2021-03-02 16:00:00.000,2021,3,2,16,29005KT,14,12
2021-03-02 17:00:00.000,2021,3,2,17,30004KT,17,12
2021-03-02 18:00:00.000,2021,3,2,18,26006KT,19,12
2021-03-02 19:00:00.000,2021,3,2,19,29006KT,19,11
2021-03-02 20:00:00.000,2021,3,2,20,30010KT,18,11
2021-03-02 21:00:00.000,2021,3,2,21,32010KT,17,11
2021-03-02 21:15:00.000,2021,3,2,21,32010KT,17,11
2021-03-02 22:00:00.000,2021,3,2,22,07010KT,14,07
2021-03-02 23:00:00.000,2021,3,2,23,08007KT,13,09
2021-03-03 00:00:00.000,2021,3,3,0,04006KT,12,10
2021-03-03 01:00:00.000,2021,3,3,1,03006KT,12,10
2021-03-03 02:00:00.000,2021,3,3,2,03003KT,12,10
2021-03-03 03:00:00.000,2021,3,3,3,36003KT,12,09
2021-03-03 04:00:00.000,2021,3,3,4,03003KT,12,09
2021-03-03 05:00:00.000,2021,3,3,5,03004KT,12,10
2021-03-03 06:00:00.000,2021,3,3,6,36003KT,11,09
2021-03-03 07:00:00.000,2021,3,3,7,06005KT,11,10
2021-03-03 08:00:00.000,2021,3,3,8,01003KT,11,10
2021-03-03 09:00:00.000,2021,3,3,9,06005KT,11,10
2021-03-03 10:00:00.000,2021,3,3,10,02004KT,11,10
2021-03-03 10:30:00.000,2021,3,3,10,06004KT,11,10
2021-03-03 11:00:00.000,2021,3,3,11,02003KT,11,10
2021-03-03 12:00:00.000,2021,3,3,12,05004KT,11,10
2021-03-03 13:00:00.000,2021,3,3,13,01005KT,13,10
2021-03-03 14:00:00.000,2021,3,3,14,03004KT,14,10
2021-03-03 15:00:00.000,2021,3,3,15,00000KT,16,09
2021-03-03 16:00:00.000,2021,3,3,16,18004KT,16,09
2021-03-03 17:00:00.000,2021,3,3,17,28006KT,17,09
2021-03-03 18:00:00.000,2021,3,3,18,23009KT,17,10
2021-03-03 19:00:00.000,2021,3,3,19,24009KT,18,11
2021-03-03 20:00:00.000,2021,3,3,20,31012KT,16,10
2021-03-03 21:00:00.000,2021,3,3,21,31010KT,16,11
2021-03-03 22:00:00.000,2021,3,3,22,28009KT,16,10
2021-03-03 23:00:00.000,2021,3,3,23,33006KT,15,11
2021-03-04 00:00:00.000,2021,3,4,0,25006KT,14,11
2021-03-04 01:00:00.000,2021,3,4,1,24004KT,13,11
2021-03-04 02:00:00.000,2021,3,4,2,VRB02KT,13,10
2021-03-04 02:10:00.000,2021,3,4,2,VRB02KT,13,10
2021-03-04 03:00:00.000,2021,3,4,3,VRB02KT,13,11
2021-03-04 04:00:00.000,2021,3,4,4,VRB02KT,13,11
2021-03-04 05:00:00.000,2021,3,4,5,32003KT,13,12
2021-03-04 06:00:00.000,2021,3,4,6,24004KT,13,11
2021-03-04 07:00:00.000,2021,3,4,7,VRB02KT,12,11
2021-03-04 08:00:00.000,2021,3,4,8,VRB02KT,11,11
2021-03-04 09:00:00.000,2021,3,4,9,VRB02KT,11,10
2021-03-04 10:00:00.000,2021,3,4,10,30004KT,11,10
2021-03-04 10:30:00.000,2021,3,4,10,32005KT,11,10
2021-03-04 11:00:00.000,2021,3,4,11,32005KT,11,12
2021-03-04 12:00:00.000,2021,3,4,12,00000KT,11,11
2021-03-04 13:00:00.000,2021,3,4,13,33003KT,12,11
2021-03-04 14:00:00.000,2021,3,4,14,35003KT,13,11
2021-03-04 15:00:00.000,2021,3,4,15,01003KT,13,11
2021-03-04 16:00:00.000,2021,3,4,16,06005KT,14,11
2021-03-04 17:00:00.000,2021,3,4,17,06003KT,15,11
2021-03-04 18:00:00.000,2021,3,4,18,16005KT,14,11
2021-03-04 19:00:00.000,2021,3,4,19,14007KT,13,11
2021-03-04 20:00:00.000,2021,3,4,20,VRB02KT,13,11
2021-03-04 21:00:00.000,2021,3,4,21,04005KT,13,11
2021-03-04 22:00:00.000,2021,3,4,22,04004KT,13,11
2021-03-04 23:00:00.000,2021,3,4,23,VRB02KT,13,11
2021-03-05 00:00:00.000,2021,3,5,0,VRB02KT,13,12
2021-03-05 01:00:00.000,2021,3,5,1,00000KT,13,12
2021-03-05 02:00:00.000,2021,3,5,2,0000KT,12,12
2021-03-05 03:00:00.000,2021,3,5,3,00000KT,12,12
2021-03-05 04:00:00.000,2021,3,5,4,32003KT,12,12
2021-03-05 05:00:00.000,2021,3,5,5,31003KT,12,11
2021-03-05 06:00:00.000,2021,3,5,6,00000KT,12,11
2021-03-05 07:00:00.000,2021,3,5,7,VRB02KT,12,12
2021-03-05 08:00:00.000,2021,3,5,8,VRB02KT,12,12
2021-03-05 09:00:00.000,2021,3,5,9,07003KT,12,11
2021-03-05 10:00:00.000,2021,3,5,10,06004KT,12,11
2021-03-05 10:30:00.000,2021,3,5,10,06005KT,11,11
2021-03-05 11:00:00.000,2021,3,5,11,05005KT,11,11
2021-03-05 12:00:00.000,2021,3,5,12,06008KT,11,11
2021-03-05 13:00:00.000,2021,3,5,13,03004KT,11,11
2021-03-05 14:00:00.000,2021,3,5,14,22004KT,12,11
2021-03-05 15:00:00.000,2021,3,5,15,VRB02KT,13,10
2021-03-05 16:00:00.000,2021,3,5,16,VRB02KT,15,11
2021-03-05 17:00:00.000,2021,3,5,17,06004KT,16,11
2021-03-05 18:00:00.000,2021,3,5,18,06007KT,17,10
2021-03-05 19:00:00.000,2021,3,5,19,05012KT,17,10
2021-03-05 20:00:00.000,2021,3,5,20,05009KT,16,10
2021-03-05 21:00:00.000,2021,3,5,21,01006KT,16,10
2021-03-05 22:00:00.000,2021,3,5,22,02005KT,16,10
2021-03-05 23:00:00.000,2021,3,5,23,24007KT,15,12
2021-03-06 00:00:00.000,2021,3,6,0,23006KT,14,12
2021-03-06 01:00:00.000,2021,3,6,1,25004KT,13,12
2021-03-06 02:00:00.000,2021,3,6,2,VRB02KT,12,11
2021-03-06 03:00:00.000,2021,3,6,3,34003KT,12,11
2021-03-06 04:00:00.000,2021,3,6,4,02004KT,12,10
2021-03-06 05:00:00.000,2021,3,6,5,VRB02KT,12,11
2021-03-06 06:00:00.000,2021,3,6,6,VRB02KT,12,10
2021-03-06 07:00:00.000,2021,3,6,7,05003KT,11,10
2021-03-06 08:00:00.000,2021,3,6,8,05006KT,10,09
2021-03-06 09:00:00.000,2021,3,6,9,06004KT,09,07
2021-03-06 10:00:00.000,2021,3,6,10,33004KT,09,08
2021-03-06 10:30:00.000,2021,3,6,10,04003KT,08,07
2021-03-06 11:00:00.000,2021,3,6,11,03005KT,08,07
2021-03-06 11:27:00.000,2021,3,6,11,03004KT,10,08
2021-03-06 12:00:00.000,2021,3,6,12,VRB02KT,10,09
2021-03-06 13:00:00.000,2021,3,6,13,06005KT,11,11
2021-03-06 14:00:00.000,2021,3,6,14,05005KT,14,10
2021-03-06 15:00:00.000,2021,3,6,15,VRB02KT,16,10
2021-03-06 16:00:00.000,2021,3,6,16,VRB05KT,19,09
2021-03-06 17:00:00.000,2021,3,6,17,34005KT,20,09
2021-03-06 18:00:00.000,2021,3,6,18,15005KT,20,08
2021-03-06 19:00:00.000,2021,3,6,19,29005KT,17,12
2021-03-06 20:00:00.000,2021,3,6,20,24008KT,17,12
2021-03-06 21:00:00.000,2021,3,6,21,24007KT,17,12
2021-03-06 22:00:00.000,2021,3,6,22,25010KT,16,12
2021-03-06 23:00:00.000,2021,3,6,23,23005KT,15,11
2021-03-07 00:00:00.000,2021,3,7,0,26004KT,14,11
2021-03-07 01:00:00.000,2021,3,7,1,VRB02KT,12,10
2021-03-07 02:00:00.000,2021,3,7,2,32004KT,12,11
2021-03-07 03:00:00.000,2021,3,7,3,VRB02KT,12,10
2021-03-07 04:00:00.000,2021,3,7,4,06003KT,12,10
2021-03-07 05:00:00.000,2021,3,7,5,11006KT,13,10
2021-03-07 06:00:00.000,2021,3,7,6,09005KT,12,09
2021-03-07 07:00:00.000,2021,3,7,7,VRB02KT,12,09
2021-03-07 08:00:00.000,2021,3,7,8,04005KT,11,09
2021-03-07 09:00:00.000,2021,3,7,9,04005KT,11,09
2021-03-07 10:00:00.000,2021,3,7,10,11007KT,12,09
2021-03-07 10:30:00.000,2021,3,7,10,06005KT,11,09
2021-03-07 11:00:00.000,2021,3,7,11,06005KT,11,09
2021-03-07 12:00:00.000,2021,3,7,12,06006KT,13,11
2021-03-07 13:00:00.000,2021,3,7,13,06006KT,14,10
2021-03-07 14:00:00.000,2021,3,7,14,07005KT,16,10
2021-03-07 15:00:00.000,2021,3,7,15,05007KT,15,11
2021-03-07 16:00:00.000,2021,3,7,16,VRB02KT,16,10
2021-03-07 17:00:00.000,2021,3,7,17,27003KT,16,11
2021-03-07 18:00:00.000,2021,3,7,18,30005KT,18,11
2021-03-07 19:00:00.000,2021,3,7,19,33003KT,18,11
2021-03-07 20:00:00.000,2021,3,7,20,18004KT,18,11
2021-03-07 21:00:00.000,2021,3,7,21,30005KT,15,13
2021-03-07 21:23:00.000,2021,3,7,21,01003KT,15,13
2021-03-07 22:00:00.000,2021,3,7,22,VRB02KT,14,13
2021-03-07 23:00:00.000,2021,3,7,23,10004KT,15,13
2021-03-08 00:00:00.000,2021,3,8,0,09003KT,15,11
2021-03-08 01:00:00.000,2021,3,8,1,09005KT,15,11
2021-03-08 02:00:00.000,2021,3,8,2,06007KT,14,11
2021-03-08 03:00:00.000,2021,3,8,3,07006KT,14,10
2021-03-08 04:00:00.000,2021,3,8,4,10004KT,14,11
2021-03-08 05:00:00.000,2021,3,8,5,34003KT,13,11
2021-03-08 06:00:00.000,2021,3,8,6,06006KT,13,10
2021-03-08 07:00:00.000,2021,3,8,7,06005KT,13,10
2021-03-08 08:00:00.000,2021,3,8,8,04007KT,12,11
2021-03-08 09:00:00.000,2021,3,8,9,03004KT,12,11
2021-03-08 10:00:00.000,2021,3,8,10,10005KT,12,11
2021-03-08 10:30:00.000,2021,3,8,10,VRB02KT,12,10
2021-03-08 11:00:00.000,2021,3,8,11,VRB02KT,12,10
2021-03-08 12:00:00.000,2021,3,8,12,07005KT,12,10
2021-03-08 13:00:00.000,2021,3,8,13,03006KT,14,10
2021-03-08 14:00:00.000,2021,3,8,14,03006KT,15,09
2021-03-08 15:00:00.000,2021,3,8,15,14004KT,16,08
2021-03-08 16:00:00.000,2021,3,8,16,14009KT,17,05
2021-03-08 17:00:00.000,2021,3,8,17,12009KT,17,03
2021-03-08 18:00:00.000,2021,3,8,18,14007KT,18,04
2021-03-08 19:00:00.000,2021,3,8,19,06006KT,18,04
2021-03-08 20:00:00.000,2021,3,8,20,06010KT,,
2021-03-08 21:00:00.000,2021,3,8,21,05007KT,,
2021-03-08 22:00:00.000,2021,3,8,22,14007KT,19,02
2021-03-09 00:00:00.000,2021,3,9,0,13006KT,14,02
2021-03-09 01:00:00.000,2021,3,9,1,10003KT,15,04
2021-03-09 02:00:00.000,2021,3,9,2,04003KT,14,06
2021-03-09 03:00:00.000,2021,3,9,3,06006KT,13,08
2021-03-09 04:00:00.000,2021,3,9,4,03005KT,12,08
2021-03-09 05:00:00.000,2021,3,9,5,VRB02KT,12,09
2021-03-09 06:00:00.000,2021,3,9,6,04006KT,11,09
2021-03-09 07:00:00.000,2021,3,9,7,07004KT,10,08
2021-03-09 08:00:00.000,2021,3,9,8,VRB02KT,10,09
2021-03-09 09:00:00.000,2021,3,9,9,VRB02KT,11,09
2021-03-09 10:00:00.000,2021,3,9,10,36003KT,10,08
2021-03-09 10:30:00.000,2021,3,9,10,03004KT,10,08
2021-03-09 11:00:00.000,2021,3,9,11,01003KT,09,09
2021-03-09 12:00:00.000,2021,3,9,12,01004KT,10,09
2021-03-09 13:00:00.000,2021,3,9,13,0605KT,14,08
2021-03-09 13:40:00.000,2021,3,9,13,VRB02KT,16,06
2021-03-09 14:00:00.000,2021,3,9,14,VRB02KT,17,06
2021-03-09 15:00:00.000,2021,3,9,15,06003KT,18,06
2021-03-09 16:00:00.000,2021,3,9,16,VRB02KT,20,06
2021-03-09 17:00:00.000,2021,3,9,17,03006KT,21,05
2021-03-09 18:00:00.000,2021,3,9,18,25014KT,18,10
2021-03-09 19:00:00.000,2021,3,9,19,26013KT,19,10
2021-03-09 20:00:00.000,2021,3,9,20,26014KT,19,10
2021-03-09 20:20:00.000,2021,3,9,20,31012KT,16,11
2021-03-09 21:00:00.000,2021,3,9,21,26010KT,15,12
2021-03-09 22:00:00.000,2021,3,9,22,22006KT,16,12
2021-03-09 23:00:00.000,2021,3,9,23,34005KT,16,12
2021-03-10 00:00:00.000,2021,3,10,0,30005KT,14,12
2021-03-10 01:00:00.000,2021,3,10,1,VRB02KT,13,12
2021-03-10 02:00:00.000,2021,3,10,2,26003KT,13,12
2021-03-10 03:00:00.000,2021,3,10,3,19007KT,14,11
2021-03-10 04:00:00.000,2021,3,10,4,VRB02KT,14,11
2021-03-10 05:00:00.000,2021,3,10,5,VRB02KT,13,12
2021-03-10 06:00:00.000,2021,3,10,6,03004KT,12,12
2021-03-10 07:00:00.000,2021,3,10,7,06005KT,12,10
2021-03-10 08:00:00.000,2021,3,10,8,05005KT,12,10
2021-03-10 09:00:00.000,2021,3,10,9,VRB02KT,11,09
2021-03-10 10:00:00.000,2021,3,10,10,VRB02KT,11,09
2021-03-10 10:30:00.000,2021,3,10,10,VRB02KT,10,09
2021-03-10 11:00:00.000,2021,3,10,11,VRB02KT,10,08
2021-03-10 12:00:00.000,2021,3,10,12,VRB02KT,10,09
2021-03-10 13:00:00.000,2021,3,10,13,03004KT,14,10
2021-03-10 14:00:00.000,2021,3,10,14,19005KT,16,08
2021-03-10 15:00:00.000,2021,3,10,15,03004KT,16,09
2021-03-10 16:00:00.000,2021,3,10,16,VRB02KT,19,09
2021-03-10 17:00:00.000,2021,3,10,17,27013KT,18,11
2021-03-10 18:00:00.000,2021,3,10,18,28016KT,16,11
2021-03-10 19:00:00.000,2021,3,10,19,28012KT,16,11
2021-03-10 20:00:00.000,2021,3,10,20,29008KT,16,10
2021-03-10 21:00:00.000,2021,3,10,21,29007KT,17,10
2021-03-10 22:00:00.000,2021,3,10,22,25009KT,16,10
2021-03-10 23:00:00.000,2021,3,10,23,27009KT,15,11
2021-03-11 00:00:00.000,2021,3,11,0,26008KT,14,11
2021-03-11 01:00:00.000,2021,3,11,1,26005KT,14,12
2021-03-11 02:00:00.000,2021,3,11,2,26005KT,14,11
2021-03-11 03:00:00.000,2021,3,11,3,26003KT,13,11
2021-03-11 04:00:00.000,2021,3,11,4,23003KT,13,11
2021-03-11 05:00:00.000,2021,3,11,5,31003KT,12,10
2021-03-11 06:00:00.000,2021,3,11,6,29003KT,12,11
2021-03-11 07:00:00.000,2021,3,11,7,28004KT,11,11
2021-03-11 08:00:00.000,2021,3,11,8,VRB02KT,12,11
2021-03-11 09:00:00.000,2021,3,11,9,VRB02KT,11,11
2021-03-11 10:00:00.000,2021,3,11,10,31004KT,12,11
2021-03-11 10:30:00.000,2021,3,11,10,VRB02KT,12,12
2021-03-11 11:00:00.000,2021,3,11,11,VRB02KT,12,11
2021-03-11 12:00:00.000,2021,3,11,12,VRB02KT,12,11
2021-03-11 12:10:00.000,2021,3,11,12,VRB02KT,12,12
2021-03-11 13:00:00.000,2021,3,11,13,VRB02KT,13,12
2021-03-11 14:00:00.000,2021,3,11,14,33003KT,15,12
2021-03-11 15:00:00.000,2021,3,11,15,35004KT,16,11
2021-03-11 16:00:00.000,2021,3,11,16,34006KT,17,10
2021-03-11 17:00:00.000,2021,3,11,17,34006KT,19,09
2021-03-11 18:00:00.000,2021,3,11,18,34011KT,18,11
2021-03-11 19:00:00.000,2021,3,11,19,27010KT,16,11
2021-03-11 20:00:00.000,2021,3,11,20,26008KT,15,12
2021-03-11 21:00:00.000,2021,3,11,21,11005KT,14,11
2021-03-11 22:00:00.000,2021,3,11,22,32006KT,15,11
2021-03-11 23:00:00.000,2021,3,11,23,35005KT,13,11
2021-03-12 00:00:00.000,2021,3,12,0,30003KT,12,11
2021-03-12 01:00:00.000,2021,3,12,1,30003KT,13,11
2021-03-12 01:30:00.000,2021,3,12,1,VRB02KT,13,12
2021-03-12 02:00:00.000,2021,3,12,2,VRB02KT,13,12
2021-03-12 03:00:00.000,2021,3,12,3,VRB02KT,12,12
2021-03-12 04:00:00.000,2021,3,12,4,31003KT,12,12
2021-03-12 05:00:00.000,2021,3,12,5,31003KT,12,12
2021-03-12 06:00:00.000,2021,3,12,6,33003KT,12,12
2021-03-12 07:00:00.000,2021,3,12,7,31004KT,11,10
2021-03-12 08:00:00.000,2021,3,12,8,VRB02KT,11,11
2021-03-12 09:00:00.000,2021,3,12,9,VRB02KT,11,11
2021-03-12 10:00:00.000,2021,3,12,10,VRB02KT,11,11
2021-03-12 10:30:00.000,2021,3,12,10,33004KT,12,11
2021-03-12 11:00:00.000,2021,3,12,11,32006KT,11,11
2021-03-12 12:00:00.000,2021,3,12,12,36003KT,11,11
2021-03-12 13:00:00.000,2021,3,12,13,05004KT,12,12
2021-03-12 14:00:00.000,2021,3,12,14,34003KT,14,12
2021-03-12 15:00:00.000,2021,3,12,15,29003KT,15,11
2021-03-12 16:00:00.000,2021,3,12,16,31005KT,16,10
2021-03-12 17:00:00.000,2021,3,12,17,28010KT,14,11
2021-03-12 18:00:00.000,2021,3,12,18,24006KT,16,11
2021-03-12 19:00:00.000,2021,3,12,19,24010KT,16,11
2021-03-12 20:00:00.000,2021,3,12,20,30007KT,15,12
2021-03-12 21:00:00.000,2021,3,12,21,36003KT,14,11
2021-03-12 21:30:00.000,2021,3,12,21,04007KT,13,11
2021-03-12 22:00:00.000,2021,3,12,22,04004KT,13,12
2021-03-12 23:00:00.000,2021,3,12,23,35003KT,13,12
2021-03-13 00:00:00.000,2021,3,13,0,32006KT,13,11
2021-03-13 01:00:00.000,2021,3,13,1,32010KT,12,11
2021-03-13 02:00:00.000,2021,3,13,2,35005KT,12,11
2021-03-13 03:00:00.000,2021,3,13,3,32004KT,12,11
2021-03-13 04:00:00.000,2021,3,13,4,32005KT,11,09
2021-03-13 05:00:00.000,2021,3,13,5,29004KT,11,09
2021-03-13 06:00:00.000,2021,3,13,6,14004KT,10,10
2021-03-13 07:00:00.000,2021,3,13,7,21003KT,10,10
2021-03-13 08:00:00.000,2021,3,13,8,29003KT,10,10
2021-03-13 09:00:00.000,2021,3,13,9,VRB02KT,10,10
2021-03-13 10:00:00.000,2021,3,13,10,00000KT,10,10
2021-03-13 11:00:00.000,2021,3,13,11,27003KT,10,09
2021-03-13 12:00:00.000,2021,3,13,12,VRB02KT,10,10
2021-03-13 13:00:00.000,2021,3,13,13,02003KT,12,10
2021-03-13 14:00:00.000,2021,3,13,14,VRB02KT,13,11
2021-03-13 15:00:00.000,2021,3,13,15,VRB02KT,15,10
2021-03-13 16:00:00.000,2021,3,13,16,VRB02KT,16,09
2021-03-13 17:00:00.000,2021,3,13,17,26004KT,18,07
2021-03-13 18:00:00.000,2021,3,13,18,29006KT,18,09
2021-03-13 19:00:00.000,2021,3,13,19,22010KT,16,11
2021-03-13 19:39:00.000,2021,3,13,19,26008KT,16,11
2021-03-13 20:00:00.000,2021,3,13,20,24008KT,13,12
2021-03-13 21:00:00.000,2021,3,13,21,32007KT,15,13
2021-03-13 22:00:00.000,2021,3,13,22,29010KT,14,12
2021-03-13 23:00:00.000,2021,3,13,23,28008KT,14,10
2021-03-14 00:00:00.000,2021,3,14,0,24004KT,13,10
2021-03-14 01:00:00.000,2021,3,14,1,26005KT,12,11
2021-03-14 02:00:00.000,2021,3,14,2,VRB02KT,11,10
2021-03-14 03:00:00.000,2021,3,14,3,VRB02KT,11,10
2021-03-14 04:00:00.000,2021,3,14,4,VRB02KT,11,10
2021-03-14 05:00:00.000,2021,3,14,5,VRB02KT,11,10
2021-03-14 06:00:00.000,2021,3,14,6,VRB02KT,11,10
2021-03-14 07:00:00.000,2021,3,14,7,VRB02KT,10,09
2021-03-14 08:00:00.000,2021,3,14,8,VRB02KT,10,10
2021-03-14 09:00:00.000,2021,3,14,9,VRB02KT,11,10
2021-03-14 10:00:00.000,2021,3,14,10,29004KT,11,11
2021-03-14 10:30:00.000,2021,3,14,10,VRB02KT,11,11
2021-03-14 11:00:00.000,2021,3,14,11,VRB02KT,11,10
2021-03-14 12:00:00.000,2021,3,14,12,00000KT,11,10
2021-03-14 13:00:00.000,2021,3,14,13,VRB02KT,13,12
2021-03-14 14:00:00.000,2021,3,14,14,VRB02KT,14,12
2021-03-14 14:25:00.000,2021,3,14,14,25003KT,17,11
2021-03-14 15:00:00.000,2021,3,14,15,19003KT,17,11
2021-03-14 16:00:00.000,2021,3,14,16,20005KT,18,09
2021-03-14 17:00:00.000,2021,3,14,17,31010KT,17,10
2021-03-14 18:00:00.000,2021,3,14,18,28008KT,16,13
2021-03-14 19:00:00.000,2021,3,14,19,26012KT,19,11
2021-03-14 20:00:00.000,2021,3,14,20,07011KT,14,10
2021-03-14 20:05:00.000,2021,3,14,20,02009KT,11,11
2021-03-14 21:00:00.000,2021,3,14,21,06003KT,13,12
2021-03-14 22:00:00.000,2021,3,14,22,05003KT,13,13
2021-03-14 23:00:00.000,2021,3,14,23,03003KT,13,12
2021-03-15 00:00:00.000,2021,3,15,0,05004KT,12,12
2021-03-15 01:00:00.000,2021,3,15,1,VRB02KT,12,11
2021-03-15 02:00:00.000,2021,3,15,2,VRB02KT,12,11
2021-03-15 03:00:00.000,2021,3,15,3,VRB02KT,12,10
2021-03-15 04:00:00.000,2021,3,15,4,VRB02KT,11,10
2021-03-15 05:00:00.000,2021,3,15,5,VRB02KT,11,10
2021-03-15 06:00:00.000,2021,3,15,6,01003KT,10,09
2021-03-15 07:00:00.000,2021,3,15,7,VRB02KT,09,09
2021-03-15 08:00:00.000,2021,3,15,8,VRB02KT,09,08
2021-03-15 09:00:00.000,2021,3,15,9,VRB02KT,08,08
2021-03-15 10:00:00.000,2021,3,15,10,VRB02KT,09,09
2021-03-15 10:30:00.000,2021,3,15,10,VRB02KT,10,10
2021-03-15 11:00:00.000,2021,3,15,11,02003KT,10,10
2021-03-15 12:00:00.000,2021,3,15,12,VRB02KT,11,10
2021-03-15 13:00:00.000,2021,3,15,13,05004KT,14,13
2021-03-15 14:00:00.000,2021,3,15,14,07006KT,16,12
2021-03-15 15:00:00.000,2021,3,15,15,07006KT,16,10
2021-03-15 16:00:00.000,2021,3,15,16,11004KT,18,09
2021-03-15 17:00:00.000,2021,3,15,17,25004KT,20,08
2021-03-15 17:26:00.000,2021,3,15,17,29014KT,18,12
2021-03-15 18:00:00.000,2021,3,15,18,27014KT,17,12
2021-03-15 18:30:00.000,2021,3,15,18,26014KT,16,12
2021-03-15 19:00:00.000,2021,3,15,19,25008KT,15,12
2021-03-15 19:20:00.000,2021,3,15,19,21012KT,14,13
2021-03-15 20:00:00.000,2021,3,15,20,26012KT,13,11
2021-03-15 21:00:00.000,2021,3,15,21,25004KT,14,13
2021-03-15 22:00:00.000,2021,3,15,22,29008KT,14,11
2021-03-15 23:00:00.000,2021,3,15,23,33004KT,14,12
2021-03-16 00:00:00.000,2021,3,16,0,05005KT,13,11
2021-03-16 00:25:00.000,2021,3,16,0,09003KT,13,12
2021-03-16 01:00:00.000,2021,3,16,1,10004KT,13,11
2021-03-16 02:00:00.000,2021,3,16,2,09004KT,12,10
2021-03-16 03:00:00.000,2021,3,16,3,05005KT,12,10
2021-03-16 04:00:00.000,2021,3,16,4,VRB02KT,11,10
2021-03-16 05:00:00.000,2021,3,16,5,VRB02KT,11,10
2021-03-16 06:00:00.000,2021,3,16,6,36004KT,11,10
2021-03-16 07:00:00.000,2021,3,16,7,VRB02KT,11,10
2021-03-16 08:00:00.000,2021,3,16,8,VRB02KT,11,10
2021-03-16 09:00:00.000,2021,3,16,9,VRB02KT,10,09
2021-03-16 10:00:00.000,2021,3,16,10,VRB02KT,10,09
2021-03-16 10:30:00.000,2021,3,16,10,VRB02KT,11,10
2021-03-16 11:00:00.000,2021,3,16,11,VRB02KT,10,10
2021-03-16 12:00:00.000,2021,3,16,12,VRB02KT,11,10
2021-03-16 13:00:00.000,2021,3,16,13,VRB02KT,12,12
2021-03-16 14:00:00.000,2021,3,16,14,VRB02KT,13,10
2021-03-16 15:00:00.000,2021,3,16,15,VRB02KT,16,10
2021-03-16 16:00:00.000,2021,3,16,16,32003KT,16,10
2021-03-16 17:00:00.000,2021,3,16,17,04004KKT,17,10
2021-03-16 18:00:00.000,2021,3,16,18,VRB02KT,18,09
2021-03-16 19:00:00.000,2021,3,16,19,VRB02KT,18,09
2021-03-16 20:00:00.000,2021,3,16,20,VRB02KT,20,10
2021-03-16 21:00:00.000,2021,3,16,21,VRB02KT,21,08
2021-03-16 22:00:00.000,2021,3,16,22,33006KT,15,13
2021-03-16 23:00:00.000,2021,3,16,23,27004KT,14,12
2021-03-16 23:10:00.000,2021,3,16,23,21006KT,14,13
2021-03-17 00:00:00.000,2021,3,17,0,28005KT,14,13
2021-03-17 01:00:00.000,2021,3,17,1,31005KT,12,12
2021-03-17 02:00:00.000,2021,3,17,2,VRB02KT,12,12
2021-03-17 03:00:00.000,2021,3,17,3,VRB02KT,11,10
2021-03-17 04:00:00.000,2021,3,17,4,32003KT,11,10
2021-03-17 05:00:00.000,2021,3,17,5,VRB02KT,11,11
2021-03-17 06:00:00.000,2021,3,17,6,32003T,10,10
2021-03-17 07:00:00.000,2021,3,17,7,VRB02KT,10,10
2021-03-17 08:00:00.000,2021,3,17,8,30003KT,10,10
2021-03-17 09:00:00.000,2021,3,17,9,VRB02KT,10,09
2021-03-17 10:00:00.000,2021,3,17,10,00000KT,09,09
2021-03-17 10:30:00.000,2021,3,17,10,30003KT,10,10
2021-03-17 11:00:00.000,2021,3,17,11,VRB02KT,10,10
2021-03-17 12:00:00.000,2021,3,17,12,32004KT,10,09
2021-03-17 13:00:00.000,2021,3,17,13,VRB02KT,12,11
2021-03-17 14:00:00.000,2021,3,17,14,VRB02KT,13,12
2021-03-17 15:00:00.000,2021,3,17,15,30004KT,14,12
2021-03-17 16:00:00.000,2021,3,17,16,VRB04KT,17,13
2021-03-17 17:00:00.000,2021,3,17,17,18008KT,17,11
2021-03-17 18:00:00.000,2021,3,17,18,33004KT,19,11
2021-03-17 19:00:00.000,2021,3,17,19,25012KT,16,13
2021-03-17 20:00:00.000,2021,3,17,20,28009KT,14,13
2021-03-17 21:00:00.000,2021,3,17,21,27007KT,14,13
2021-03-17 22:00:00.000,2021,3,17,22,30005KT,14,12
2021-03-17 23:00:00.000,2021,3,17,23,VRB02KT,14,13
2021-03-18 00:00:00.000,2021,3,18,0,VRB02KT,12,12
2021-03-18 01:00:00.000,2021,3,18,1,VRB02KT,12,12
2021-03-18 02:00:00.000,2021,3,18,2,01003KT,12,12
2021-03-18 03:00:00.000,2021,3,18,3,VRB02KT,11,10
2021-03-18 04:00:00.000,2021,3,18,4,VRB02KT,12,11
2021-03-18 05:00:00.000,2021,3,18,5,VRB02KT,12,11
2021-03-18 06:00:00.000,2021,3,18,6,VRB02KT,12,11
2021-03-18 07:00:00.000,2021,3,18,7,29003KT,12,11
2021-03-18 08:00:00.000,2021,3,18,8,VRB02KT,11,11
2021-03-18 09:00:00.000,2021,3,18,9,32003KT,10,10
2021-03-18 10:00:00.000,2021,3,18,10,VRB02KT,10,10
2021-03-18 10:30:00.000,2021,3,18,10,VR02KT,11,10
2021-03-18 11:00:00.000,2021,3,18,11,32003KT,11,10
2021-03-18 12:00:00.000,2021,3,18,12,VRB02KT,12,10
2021-03-18 13:00:00.000,2021,3,18,13,VRB02KT,12,10
2021-03-18 15:00:00.000,2021,3,18,15,33004KT,15,12
2021-03-18 16:00:00.000,2021,3,18,16,26003KT,15,11
2021-03-18 17:00:00.000,2021,3,18,17,31003KT,17,12
2021-03-18 17:15:00.000,2021,3,18,17,22007KT,16,10
2021-03-18 18:00:00.000,2021,3,18,18,22008KT,14,12
2021-03-18 19:00:00.000,2021,3,18,19,29009KT,17,13
2021-03-18 20:00:00.000,2021,3,18,20,01009KT,15,10
2021-03-18 20:30:00.000,2021,3,18,20,33005KT,13,10
2021-03-18 21:00:00.000,2021,3,18,21,31005KT,13,11
2021-03-18 22:00:00.000,2021,3,18,22,29005KT,14,13
2021-03-18 23:00:00.000,2021,3,18,23,33006KT,14,12
2021-03-19 00:00:00.000,2021,3,19,0,33003KT,12,12
2021-03-19 01:00:00.000,2021,3,19,1,36003KT,13,12
2021-03-19 02:00:00.000,2021,3,19,2,VRB02KT,12,12
2021-03-19 03:00:00.000,2021,3,19,3,32005KT,12,11
2021-03-19 04:00:00.000,2021,3,19,4,27005KT,12,11
2021-03-19 05:00:00.000,2021,3,19,5,31007KT,12,10
2021-03-19 06:00:00.000,2021,3,19,6,VRB02KT,10,09
2021-03-19 07:00:00.000,2021,3,19,7,VRB02KT,11,10
2021-03-19 08:00:00.000,2021,3,19,8,VRB02KT,11,10
2021-03-19 09:00:00.000,2021,3,19,9,VRB02KT,08,07
2021-03-19 10:00:00.000,2021,3,19,10,36004KT,09,09
2021-03-19 10:30:00.000,2021,3,19,10,VRB02KT,08,07
2021-03-19 11:00:00.000,2021,3,19,11,VRB02KT,09,09
2021-03-19 11:30:00.000,2021,3,19,11,VRB02KT,08,08
2021-03-19 12:00:00.000,2021,3,19,12,32003KT,8,7
2021-03-19 12:10:00.000,2021,3,19,12,35005KT,08,08
2021-03-19 12:30:00.000,2021,3,19,12,02003KT,10,09
2021-03-19 13:00:00.000,2021,3,19,13,VRB02KT,11,10
2021-03-19 13:40:00.000,2021,3,19,13,03004KT,14,12
2021-03-19 14:00:00.000,2021,3,19,14,03003KT,14,11
2021-03-19 14:30:00.000,2021,3,19,14,07004KT,17,13
2021-03-19 15:00:00.000,2021,3,19,15,34004KT,17,10
2021-03-19 16:00:00.000,2021,3,19,16,VRB02KT,19,10
2021-03-19 17:00:00.000,2021,3,19,17,23003KT,19,10
2021-03-19 18:00:00.000,2021,3,19,18,33010KT,21,12
2021-03-19 18:40:00.000,2021,3,19,18,29012KT,18,11
2021-03-19 19:00:00.000,2021,3,19,19,07014KT,17,11
2021-03-19 20:00:00.000,2021,3,19,20,25012KT,14,12
2021-03-19 21:00:00.000,2021,3,19,21,12007KT,14,12
2021-03-19 22:00:00.000,2021,3,19,22,VRB02KT,15,12
2021-03-19 23:00:00.000,2021,3,19,23,03005KT,14,12
2021-03-20 00:00:00.000,2021,3,20,0,21003KT,13,11
2021-03-20 01:00:00.000,2021,3,20,1,VRB02KT,13,11
2021-03-20 02:00:00.000,2021,3,20,2,29004KT,13,11
2021-03-20 03:00:00.000,2021,3,20,3,26004KT,13,11
2021-03-20 04:00:00.000,2021,3,20,4,19003KT,13,11
2021-03-20 05:00:00.000,2021,3,20,5,34003KT,11,10
2021-03-20 06:00:00.000,2021,3,20,6,VRB02KT,11,10
2021-03-20 07:00:00.000,2021,3,20,7,02004KT,10,09
2021-03-20 08:00:00.000,2021,3,20,8,36004KT,10,09
2021-03-20 09:00:00.000,2021,3,20,9,VRB02KT,09,08
2021-03-20 10:00:00.000,2021,3,20,10,VRB02KT,10,09
2021-03-20 10:30:00.000,2021,3,20,10,VRB02KT,10,10
2021-03-20 11:00:00.000,2021,3,20,11,VRB02KT,10,10
2021-03-20 12:00:00.000,2021,3,20,12,31003KT,11,10
2021-03-20 13:00:00.000,2021,3,20,13,VRB02KT,12,12
2021-03-20 14:00:00.000,2021,3,20,14,35003KT,14,12
2021-03-20 14:15:00.000,2021,3,20,14,35003KT,15,11
2021-03-20 15:00:00.000,2021,3,20,15,VRB02KT,17,10
2021-03-20 16:00:00.000,2021,3,20,16,33004KT,18,09
2021-03-20 17:00:00.000,2021,3,20,17,31007KT,18,09
2021-03-20 18:00:00.000,2021,3,20,18,27009KT,19,09
2021-03-20 19:00:00.000,2021,3,20,19,28011KT,19,09
2021-03-20 20:00:00.000,2021,3,20,20,26013KT,18,11
2021-03-20 21:00:00.000,2021,3,20,21,24010KT,17,12
2021-03-20 22:00:00.000,2021,3,20,22,25009KT,16,11
2021-03-20 23:00:00.000,2021,3,20,23,30009KT,14,11
2021-03-21 00:00:00.000,2021,3,21,0,27007KT,13,11
2021-03-21 01:00:00.000,2021,3,21,1,VRB02KT,12,10
2021-03-21 02:00:00.000,2021,3,21,2,VRB02KT,12,10
2021-03-21 03:00:00.000,2021,3,21,3,05006KT,11,10
2021-03-21 04:00:00.000,2021,3,21,4,VRB02KT,11,10
2021-03-21 05:00:00.000,2021,3,21,5,26003KT,11,09
2021-03-21 06:00:00.000,2021,3,21,6,31003KT,09,09
2021-03-21 07:00:00.000,2021,3,21,7,VRB02KT,06,06
2021-03-21 08:00:00.000,2021,3,21,8,VRB02KT,07,06
2021-03-21 09:00:00.000,2021,3,21,9,31003KT,05,05
2021-03-21 10:00:00.000,2021,3,21,10,VRB02KT,13,04
2021-03-21 10:30:00.000,2021,3,21,10,VRB02KT,08,07
2021-03-21 11:00:00.000,2021,3,21,11,34003KT,06,06
2021-03-21 12:00:00.000,2021,3,21,12,VRB02KT,08,07
2021-03-21 13:00:00.000,2021,3,21,13,06007KT,13,12
2021-03-21 14:00:00.000,2021,3,21,14,06008KT,15,10
2021-03-21 15:00:00.000,2021,3,21,15,17004KT,17,10
2021-03-21 16:00:00.000,2021,3,21,16,17005KT,18,08
2021-03-21 17:00:00.000,2021,3,21,17,15007KT,19,08
2021-03-21 18:00:00.000,2021,3,21,18,08005KT,19,08
2021-03-21 19:00:00.000,2021,3,21,19,18004KT,18,08
2021-03-21 20:00:00.000,2021,3,21,20,23009KT,17,12
2021-03-21 21:00:00.000,2021,3,21,21,28008KT,17,12
2021-03-21 22:00:00.000,2021,3,21,22,20010KT,17,08
2021-03-21 23:00:00.000,2021,3,21,23,VRB02KT,16,08
2021-03-22 00:00:00.000,2021,3,22,0,13005KT,15,08
2021-03-22 01:00:00.000,2021,3,22,1,16005KT,15,09
2021-03-22 02:00:00.000,2021,3,22,2,14006KT,14,09
2021-03-22 03:00:00.000,2021,3,22,3,VRB02KT,14,09
2021-03-22 04:00:00.000,2021,3,22,4,VRB02KT,14,09
2021-03-22 05:00:00.000,2021,3,22,5,05005KT,12,10
2021-03-22 06:00:00.000,2021,3,22,6,36004KT,12,09
2021-03-22 07:00:00.000,2021,3,22,7,05006KT,10,08
2021-03-22 08:00:00.000,2021,3,22,8,04006KT,11,08
2021-03-22 09:00:00.000,2021,3,22,9,05006KT,11,08
2021-03-22 10:00:00.000,2021,3,22,10,04006KT,11,07
2021-03-22 10:30:00.000,2021,3,22,10,VRB02KT,11,08
2021-03-22 11:00:00.000,2021,3,22,11,03004KT,11,08
2021-03-22 12:00:00.000,2021,3,22,12,05006KT,11,08
2021-03-22 13:00:00.000,2021,3,22,13,04006KT,13,08
2021-03-22 14:00:00.000,2021,3,22,14,VRB03KT,15,05
2021-03-22 15:00:00.000,2021,3,22,15,07005KT,16,04
2021-03-22 16:00:00.000,2021,3,22,16,17006KT,18,04
2021-03-22 17:00:00.000,2021,3,22,17,19006KT,20,05
2021-03-22 18:00:00.000,2021,3,22,18,VRB07KT,20,05
2021-03-22 19:00:00.000,2021,3,22,19,23010KT,17,09
2021-03-22 20:00:00.000,2021,3,22,20,26008KT,15,11
2021-03-22 21:00:00.000,2021,3,22,21,25010KT,16,11
2021-03-22 22:00:00.000,2021,3,22,22,28008KT,14,11
2021-03-22 23:00:00.000,2021,3,22,23,27007KT,12,11
2021-03-23 00:00:00.000,2021,3,23,0,27004KT,13,11
2021-03-23 01:00:00.000,2021,3,23,1,VRB02KT,12,11
2021-03-23 02:00:00.000,2021,3,23,2,VRB02KT,12,11
2021-03-23 03:00:00.000,2021,3,23,3,VRB02KT,12,10
2021-03-23 04:00:00.000,2021,3,23,4,VRB02KT,11,09
2021-03-23 05:00:00.000,2021,3,23,5,VRB02KT,11,10
2021-03-23 06:00:00.000,2021,3,23,6,32003KT,10,09
2021-03-23 07:00:00.000,2021,3,23,7,VRB02KT,10,09
2021-03-23 08:00:00.000,2021,3,23,8,VRB02KT,09,09
2021-03-23 09:00:00.000,2021,3,23,9,VRB02KT,09,08
2021-03-23 10:00:00.000,2021,3,23,10,VRB02KT,09,09
2021-03-23 10:30:00.000,2021,3,23,10,VRB02KT,10,09
2021-03-23 11:00:00.000,2021,3,23,11,VRB02KT,09,09
2021-03-23 12:00:00.000,2021,3,23,12,VRB02KT,10,09
2021-03-23 13:00:00.000,2021,3,23,13,VRB02KT,11,11
2021-03-23 14:00:00.000,2021,3,23,14,33003KT,14,13
2021-03-23 14:30:00.000,2021,3,23,14,VRB02KT,16,11
2021-03-23 15:00:00.000,2021,3,23,15,28005KT,17,11
2021-03-23 16:00:00.000,2021,3,23,16,34005KT,19,10
2021-03-23 17:00:00.000,2021,3,23,17,26010KT,17,10
2021-03-23 18:00:00.000,2021,3,23,18,25013KT,17,10
2021-03-23 19:00:00.000,2021,3,23,19,25007KT,15,10
2021-03-23 21:00:00.000,2021,3,23,21,24009KT,15,12
2021-03-23 22:00:00.000,2021,3,23,22,22005KT,15,11
2021-03-23 23:00:00.000,2021,3,23,23,24004KT,16,10
2021-03-24 00:00:00.000,2021,3,24,0,33003KT,14,11
2021-03-24 01:00:00.000,2021,3,24,1,VRB02KT,12,11
2021-03-24 02:00:00.000,2021,3,24,2,30003KT,13,11
2021-03-24 03:00:00.000,2021,3,24,3,VRB02KT,13,11
2021-03-24 04:00:00.000,2021,3,24,4,VRB02KT,13,11
2021-03-24 05:00:00.000,2021,3,24,5,VRB02KT,13,11
2021-03-24 06:00:00.000,2021,3,24,6,02003KT,12,11
2021-03-24 07:00:00.000,2021,3,24,7,VRB02KT,12,11
2021-03-24 08:00:00.000,2021,3,24,8,VRB02KT,12,12
2021-03-24 09:00:00.000,2021,3,24,9,VRB02KT,12,11
2021-03-24 10:00:00.000,2021,3,24,10,VRB02KT,12,12
2021-03-24 10:30:00.000,2021,3,24,10,35003KT,12,11
2021-03-24 11:00:00.000,2021,3,24,11,VRB02KT,12,12
2021-03-24 12:00:00.000,2021,3,24,12,VRB02KT,13,12
2021-03-24 13:00:00.000,2021,3,24,13,04004KT,14,11
2021-03-24 14:00:00.000,2021,3,24,14,05004KT,16,11
2021-03-24 15:00:00.000,2021,3,24,15,03005KT,16,11
2021-03-24 16:00:00.000,2021,3,24,16,04004KT,18,10
2021-03-24 17:00:00.000,2021,3,24,17,06007KT,18,10
2021-03-24 17:20:00.000,2021,3,24,17,23012KT,14,10
2021-03-24 18:00:00.000,2021,3,24,18,24011KT,14,10
2021-03-24 19:00:00.000,2021,3,24,19,26009KT,14,12
2021-03-24 19:20:00.000,2021,3,24,19,35005KT,13,2
2021-03-24 19:35:00.000,2021,3,24,19,34011KT,13,12
2021-03-24 20:00:00.000,2021,3,24,20,35010KT,12,11
2021-03-24 21:00:00.000,2021,3,24,21,23004KT,12,11
2021-03-24 22:00:00.000,2021,3,24,22,09003KT,15,13
2021-03-24 23:00:00.000,2021,3,24,23,02006KT,13,12
2021-03-25 00:00:00.000,2021,3,25,0,27003KT,12,11
2021-03-25 01:00:00.000,2021,3,25,1,00000KT,11,11
2021-03-25 02:00:00.000,2021,3,25,2,VRB02KT,11,11
2021-03-25 03:00:00.000,2021,3,25,3,VRB02KT,11,10
2021-03-25 04:00:00.000,2021,3,25,4,32004KT,09,09
2021-03-25 05:00:00.000,2021,3,25,5,00000KT,09,08
2021-03-25 06:00:00.000,2021,3,25,6,00000KT,10,09
2021-03-25 07:00:00.000,2021,3,25,7,VRB02KT,08,08
2021-03-25 08:00:00.000,2021,3,25,8,03003KT,09,08
2021-03-25 09:00:00.000,2021,3,25,9,VRB02KT,08,08
2021-03-25 10:00:00.000,2021,3,25,10,35003KT,08,08
2021-03-25 10:30:00.000,2021,3,25,10,01004KT,07,07
2021-03-25 11:00:00.000,2021,3,25,11,03003KT,07,06
2021-03-25 12:00:00.000,2021,3,25,12,28004KT,28,07
2021-03-25 13:00:00.000,2021,3,25,13,VRB02KT,11,10
2021-03-25 14:00:00.000,2021,3,25,14,07006KT,14,10
2021-03-25 15:00:00.000,2021,3,25,15,10005KT,17,10
2021-03-25 16:00:00.000,2021,3,25,16,14005KT,17,09
2021-03-25 17:00:00.000,2021,3,25,17,13004KT,18,09
2021-03-25 18:00:00.000,2021,3,25,18,05004KT,18,08
2021-03-25 19:00:00.000,2021,3,25,19,04007KT,18,09
2021-03-25 20:00:00.000,2021,3,25,20,10005KT,19,08
2021-03-25 21:00:00.000,2021,3,25,21,13006KT,19,09
2021-03-25 22:00:00.000,2021,3,25,22,23009KT,17,11
2021-03-25 23:00:00.000,2021,3,25,23,20009KT,17,08
2021-03-26 00:00:00.000,2021,3,26,0,22005KT,15,10
2021-03-26 01:00:00.000,2021,3,26,1,VRB02KT,14,11
2021-03-26 02:00:00.000,2021,3,26,2,34003KT,12,10
2021-03-26 03:00:00.000,2021,3,26,3,VRB02KT,11,11
2021-03-26 04:00:00.000,2021,3,26,4,03006KT,11,11
2021-03-26 05:00:00.000,2021,3,26,5,06003KT,12,11
2021-03-26 07:00:00.000,2021,3,26,7,VRB02KT,10,09
2021-03-26 08:00:00.000,2021,3,26,8,VRB02KT,09,08
2021-03-26 09:00:00.000,2021,3,26,9,VRB02KT,09,08
2021-03-26 10:00:00.000,2021,3,26,10,VRB02KT,08,08
2021-03-26 10:30:00.000,2021,3,26,10,VRB02KT,09,09
2021-03-26 11:00:00.000,2021,3,26,11,VRB02KT,10,09
2021-03-26 12:00:00.000,2021,3,26,12,05005KT,12,10
2021-03-26 13:00:00.000,2021,3,26,13,VRB02KT,13,11
2021-03-26 13:34:00.000,2021,3,26,13,VRB02KT,15,11
2021-03-26 14:00:00.000,2021,3,26,14,03005KT,15,12
2021-03-26 15:00:00.000,2021,3,26,15,11003KT,17,11
2021-03-26 16:00:00.000,2021,3,26,16,04004KT,17,09
2021-03-26 17:00:00.000,2021,3,26,17,VRB02KT,18,08
2021-03-26 18:00:00.000,2021,3,26,18,VRB03KT,16,13
2021-03-26 18:13:00.000,2021,3,26,18,22003KT,16,11
2021-03-26 19:00:00.000,2021,3,26,19,23003KT,15,13
2021-03-26 19:25:00.000,2021,3,26,19,16008KT,14,12
2021-03-26 20:00:00.000,2021,3,26,20,17004KT,14,11
2021-03-26 21:00:00.000,2021,3,26,21,26005KT,16,12
2021-03-26 22:00:00.000,2021,3,26,22,34005KT,16,12
2021-03-26 23:00:00.000,2021,3,26,23,27004KT,15,12
2021-03-27 00:00:00.000,2021,3,27,0,VRB02KT,14,12
2021-03-27 01:00:00.000,2021,3,27,1,11004KT,15,11
2021-03-27 02:00:00.000,2021,3,27,2,09004KT,15,10
2021-03-27 03:00:00.000,2021,3,27,3,02004KT,13,11
2021-03-27 04:00:00.000,2021,3,27,4,01006KT,13,11
2021-03-27 05:00:00.000,2021,3,27,5,09004KT,13,11
2021-03-27 06:00:00.000,2021,3,27,6,06004KT,13,11
2021-03-27 07:00:00.000,2021,3,27,7,VRB02KT,13,11
2021-03-27 08:00:00.000,2021,3,27,8,VRB02KT,13,11
2021-03-27 09:00:00.000,2021,3,27,9,VRB02KT,12,11
2021-03-27 10:00:00.000,2021,3,27,10,03007KT,12,11
2021-03-27 10:30:00.000,2021,3,27,10,04005KT,12,11
2021-03-27 11:00:00.000,2021,3,27,11,04008KT,12,11
2021-03-27 12:00:00.000,2021,3,27,12,04008KT,13,11
2021-03-27 13:00:00.000,2021,3,27,13,03006KT,13,11
2021-03-27 14:00:00.000,2021,3,27,14,05006KT,14,11
2021-03-27 15:00:00.000,2021,3,27,15,01003KT,16,11
2021-03-27 16:00:00.000,2021,3,27,16,29004KT,17,10
2021-03-27 17:00:00.000,2021,3,27,17,VRB02KT,17,11
2021-03-27 17:40:00.000,2021,3,27,17,23010KT,15,13
2021-03-27 18:00:00.000,2021,3,27,18,23008KT,14,13
2021-03-27 18:40:00.000,2021,3,27,18,25007KT,14,13
2021-03-27 19:00:00.000,2021,3,27,19,36008KT,14,14
2021-03-27 20:00:00.000,2021,3,27,20,35007KT,13,13
2021-03-27 21:00:00.000,2021,3,27,21,31003KT,14,13
2021-03-27 22:00:00.000,2021,3,27,22,21005KT,15,12
2021-03-27 23:00:00.000,2021,3,27,23,VRB02KT,14,12
2021-03-28 00:00:00.000,2021,3,28,0,04004KT,13,12
2021-03-28 01:00:00.000,2021,3,28,1,VRB02KT,13,12
2021-03-28 02:00:00.000,2021,3,28,2,04003KT,13,11
2021-03-28 03:00:00.000,2021,3,28,3,VRB02KT,12,11
2021-03-28 04:00:00.000,2021,3,28,4,00000KT,13,11
2021-03-28 05:00:00.000,2021,3,28,5,34003KT,12,11
2021-03-28 06:00:00.000,2021,3,28,6,35003KT,12,11
2021-03-28 07:00:00.000,2021,3,28,7,VRB02KT,13,11
2021-03-28 08:00:00.000,2021,3,28,8,09003KT,12,10
2021-03-28 09:00:00.000,2021,3,28,9,13004KT,13,09
2021-03-28 10:00:00.000,2021,3,28,10,VRB02KT,12,10
2021-03-28 10:30:00.000,2021,3,28,10,VRB02KT,11,10
2021-03-28 11:00:00.000,2021,3,28,11,14004KT,12,10
2021-03-28 12:00:00.000,2021,3,28,12,11004KT,12,09
2021-03-28 13:00:00.000,2021,3,28,13,10005KT,14,09
2021-03-28 14:00:00.000,2021,3,28,14,12005KT,16,09
2021-03-28 15:00:00.000,2021,3,28,15,23004KT,16,08
2021-03-28 16:00:00.000,2021,3,28,16,11011KT,18,09
2021-03-28 17:00:00.000,2021,3,28,17,15010KT,18,09
2021-03-28 18:00:00.000,2021,3,28,18,14010KT,20,09
2021-03-28 19:00:00.000,2021,3,28,19,11009KT,18,09
2021-03-28 20:00:00.000,2021,3,28,20,09008KT,18,09
2021-03-28 21:00:00.000,2021,3,28,21,07007KT,18,09
2021-03-28 22:00:00.000,2021,3,28,22,14008KT,17,09
2021-03-28 23:00:00.000,2021,3,28,23,12008KT,16,08
2021-03-29 00:00:00.000,2021,3,29,0,11003KT,15,08
2021-03-29 01:00:00.000,2021,3,29,1,11004KT,14,08
2021-03-29 02:00:00.000,2021,3,29,2,10005KT,14,08
2021-03-29 03:00:00.000,2021,3,29,3,03003KT,11,09
2021-03-29 04:00:00.000,2021,3,29,4,02005KT,11,10
2021-03-29 05:00:00.000,2021,3,29,5,VRB02KT,12,11
2021-03-29 06:00:00.000,2021,3,29,6,05004KT,11,10
2021-03-29 07:00:00.000,2021,3,29,7,02005KT,11,10
2021-03-29 08:00:00.000,2021,3,29,8,05007KT,10,10
2021-03-29 09:00:00.000,2021,3,29,9,04007KT,11,10
2021-03-29 10:00:00.000,2021,3,29,10,05008KT,11,10
2021-03-29 10:30:00.000,2021,3,29,10,05007KT,10,10
2021-03-29 11:00:00.000,2021,3,29,11,05006KT,11,10
2021-03-29 12:00:00.000,2021,3,29,12,05006KT,13,10
2021-03-29 13:00:00.000,2021,3,29,13,06004KT,15,11
2021-03-29 14:00:00.000,2021,3,29,14,12008KT,16,09
2021-03-29 15:00:00.000,2021,3,29,15,15008KT,17,08
2021-03-29 16:00:00.000,2021,3,29,16,19010KT,17,10
2021-03-29 17:00:00.000,2021,3,29,17,07005KT,16,11
2021-03-29 18:00:00.000,2021,3,29,18,15008KT,17,10
2021-03-29 19:00:00.000,2021,3,29,19,34005KT,17,12
2021-03-29 20:00:00.000,2021,3,29,20,03005KT,17,11
2021-03-29 21:00:00.000,2021,3,29,21,06005KT,16,11
2021-03-29 22:00:00.000,2021,3,29,22,21003KT,16,10
2021-03-29 23:00:00.000,2021,3,29,23,27006KT,14,12
2021-03-30 00:00:00.000,2021,3,30,0,VRB02KT,14,12
2021-03-30 01:00:00.000,2021,3,30,1,10005KT,15,08
2021-03-30 03:00:00.000,2021,3,30,3,08005KT,14,09
2021-03-30 04:00:00.000,2021,3,30,4,04006KT,14,10
2021-03-30 05:00:00.000,2021,3,30,5,05006KT,13,10
2021-03-30 06:00:00.000,2021,3,30,6,05007KT,13,10
2021-03-30 07:00:00.000,2021,3,30,7,08004KT,12,11
2021-03-30 08:00:00.000,2021,3,30,8,05004KT,11,11
2021-03-30 09:00:00.000,2021,3,30,9,VRB02KT,12,11
2021-03-30 10:00:00.000,2021,3,30,10,VRB02KT,11,10
2021-03-30 10:30:00.000,2021,3,30,10,06005KT,11,10
2021-03-30 11:00:00.000,2021,3,30,11,07007KT,11,10
2021-03-30 12:00:00.000,2021,3,30,12,07007KT,13,10
2021-03-30 13:00:00.000,2021,3,30,13,06009KT,14,11
2021-03-30 14:00:00.000,2021,3,30,14,09010KT,16,10
2021-03-30 15:00:00.000,2021,3,30,15,12013KT,17,09
2021-03-30 16:00:00.000,2021,3,30,16,09009KT,13,10
2021-03-30 17:00:00.000,2021,3,30,17,04009KT,16,10
2021-03-30 18:00:00.000,2021,3,30,18,05008KT,16,10
2021-03-30 19:00:00.000,2021,3,30,19,09011KT,18,11
2021-03-30 20:00:00.000,2021,3,30,20,14011KT,18,08
2021-03-30 21:00:00.000,2021,3,30,21,10013KT,19,08
2021-03-30 22:00:00.000,2021,3,30,22,10011KT,18,08
2021-03-30 23:00:00.000,2021,3,30,23,09010KT,17,08
2021-03-31 00:00:00.000,2021,3,31,0,10007KT,16,08
2021-03-31 01:00:00.000,2021,3,31,1,09004KT,15,09
2021-03-31 02:00:00.000,2021,3,31,2,06006KT,14,09
2021-03-31 03:00:00.000,2021,3,31,3,05006KT,14,09
2021-03-31 04:00:00.000,2021,3,31,4,06005KT,14,09
2021-03-31 05:00:00.000,2021,3,31,5,35004KT,13,10
2021-03-31 06:00:00.000,2021,3,31,6,05004KT,12,10
2021-03-31 07:00:00.000,2021,3,31,7,06004KT,13,10
2021-03-31 08:00:00.000,2021,3,31,8,03005KT,12,10
2021-03-31 09:00:00.000,2021,3,31,9,06005KT,11,10
2021-03-31 10:00:00.000,2021,3,31,10,VRB02KT,11,10
2021-03-31 10:30:00.000,2021,3,31,10,06004KT,11,10
2021-03-31 11:00:00.000,2021,3,31,11,VRB02KT,12,10
2021-03-31 12:00:00.000,2021,3,31,12,06004KT,13,10
2021-03-31 13:00:00.000,2021,3,31,13,05005KT,14,11
2021-03-31 14:00:00.000,2021,3,31,14,06006KT,15,11
2021-03-31 15:00:00.000,2021,3,31,15,06008KT,17,10
2021-03-31 16:00:00.000,2021,3,31,16,11010KT,18,09
2021-03-31 17:00:00.000,2021,3,31,17,10009KT,18,09
2021-03-31 18:00:00.000,2021,3,31,18,13010KT,18,09
2021-03-31 19:00:00.000,2021,3,31,19,12012KT,19,10
2021-03-31 20:00:00.000,2021,3,31,20,10008KT,19,08
2021-03-31 21:00:00.000,2021,3,31,21,08010KT,19,08
2021-03-31 22:00:00.000,2021,3,31,22,13008KT,18,08
2021-03-31 23:00:00.000,2021,3,31,23,10010KT,17,07
2021-04-01 00:00:00.000,2021,4,1,0,09006KT,16,09
2021-04-01 01:00:00.000,2021,4,1,1,05004KT,14,10
2021-04-01 02:00:00.000,2021,4,1,2,VRB02KT,14,10
2021-04-01 03:00:00.000,2021,4,1,3,VRB02KT,14,11
2021-04-01 04:00:00.000,2021,4,1,4,14009KT,15,09
2021-04-01 05:00:00.000,2021,4,1,5,11004KT,15,09
2021-04-01 06:00:00.000,2021,4,1,6,14003KT,14,09
2021-04-01 07:00:00.000,2021,4,1,7,01003KT,13,11
2021-04-01 08:00:00.000,2021,4,1,8,04006KT,13,11
2021-04-01 09:00:00.000,2021,4,1,9,05007KT,12,11
2021-04-01 10:00:00.000,2021,4,1,10,07006KT,11,10
2021-04-01 10:30:00.000,2021,4,1,10,08003KT,12,10
2021-04-01 11:00:00.000,2021,4,1,11,07005KT,12,09
2021-04-01 12:00:00.000,2021,4,1,12,06005KT,13,10
2021-04-01 13:00:00.000,2021,4,1,13,05005KT,15,10
2021-04-01 14:00:00.000,2021,4,1,14,05010KT,15,10
2021-04-01 15:00:00.000,2021,4,1,15,09006KT,18,09
2021-04-01 16:00:00.000,2021,4,1,16,15004KT,19,09
2021-04-01 17:00:00.000,2021,4,1,17,14005KT,20,09
2021-04-01 18:00:00.000,2021,4,1,18,11005KT,20,08
2021-04-01 19:00:00.000,2021,4,1,19,01005KT,20,08
2021-04-01 20:00:00.000,2021,4,1,20,25007KT,19,11
2021-04-01 21:00:00.000,2021,4,1,21,VRB02KT,19,10
2021-04-01 22:00:00.000,2021,4,1,22,09005KT,18,09
2021-04-01 23:00:00.000,2021,4,1,23,07007KT,17,10
2021-04-02 00:00:00.000,2021,4,2,0,10004KT,17,10
2021-04-02 01:00:00.000,2021,4,2,1,09004KT,16,10
2021-04-02 02:00:00.000,2021,4,2,2,07006KT,15,11
2021-04-02 03:00:00.000,2021,4,2,3,03005KT,14,11
2021-04-02 04:00:00.000,2021,4,2,4,03005KT,14,11
2021-04-02 05:00:00.000,2021,4,2,5,03006KT,14,11
2021-04-02 06:00:00.000,2021,4,2,6,04004KT,13,11
2021-04-02 07:00:00.000,2021,4,2,7,05004KT,13,11
2021-04-02 08:00:00.000,2021,4,2,8,05005KT,13,11
2021-04-02 09:00:00.000,2021,4,2,9,04003KT,13,11
2021-04-02 10:00:00.000,2021,4,2,10,04005KT,12,10
2021-04-02 10:30:00.000,2021,4,2,10,05005KT,12,11
2021-04-02 11:00:00.000,2021,4,2,11,04005KT,12,11
2021-04-02 12:00:00.000,2021,4,2,12,03005KT,13,11
2021-04-02 13:00:00.000,2021,4,2,13,11008KT,15,10
2021-04-02 14:00:00.000,2021,4,2,14,09006KT,17,09
2021-04-02 15:00:00.000,2021,4,2,15,08007KT,18,09
2021-04-02 16:00:00.000,2021,4,2,16,08009KT,18,10
2021-04-02 17:00:00.000,2021,4,2,17,08006KT,18,09
2021-04-02 18:00:00.000,2021,4,2,18,09006KT,20,11
2021-04-02 19:00:00.000,2021,4,2,19,08005KT,19,09
2021-04-02 19:09:00.000,2021,4,2,19,16013KT,15,11
2021-04-02 19:23:00.000,2021,4,2,19,18015KT,15,13
2021-04-02 20:00:00.000,2021,4,2,20,23009KT,14,13
2021-04-02 21:00:00.000,2021,4,2,21,35006KT,13,13
2021-04-02 22:00:00.000,2021,4,2,22,VRB02KT,14,14
2021-04-02 23:00:00.000,2021,4,2,23,10005KT,15,12
2021-04-03 00:00:00.000,2021,4,3,0,09005KT,15,11
2021-04-03 01:00:00.000,2021,4,3,1,15004KT,14,11
2021-04-03 02:00:00.000,2021,4,3,2,VRB02KT,13,11
2021-04-03 03:00:00.000,2021,4,3,3,06004KT,14,11
2021-04-03 04:00:00.000,2021,4,3,4,VRB03KT,14,11
2021-04-03 05:00:00.000,2021,4,3,5,03006KT,,
2021-04-03 06:00:00.000,2021,4,3,6,02004KT,13,11
2021-04-03 07:00:00.000,2021,4,3,7,06004KT,13,11
2021-04-03 08:00:00.000,2021,4,3,8,03006KT,13,11
2021-04-03 09:00:00.000,2021,4,3,9,05006KT,13,11
2021-04-03 10:00:00.000,2021,4,3,10,05006KT,12,11
2021-04-03 10:30:00.000,2021,4,3,10,06006KT,13,11
2021-04-03 11:00:00.000,2021,4,3,11,06004KT,13,11
2021-04-03 12:00:00.000,2021,4,3,12,08004KT,14,11
2021-04-03 13:00:00.000,2021,4,3,13,06005KT,15,11
2021-04-03 14:00:00.000,2021,4,3,14,05006KT,17,11
2021-04-03 15:00:00.000,2021,4,3,15,16005KT,18,10
2021-04-03 16:00:00.000,2021,4,3,16,11004KT,18,10
2021-04-03 17:00:00.000,2021,4,3,17,16012KT,18,10
2021-04-03 18:00:00.000,2021,4,3,18,18009KT,19,09
2021-04-03 19:00:00.000,2021,4,3,19,11009KT,19,08
2021-04-03 20:00:00.000,2021,4,3,20,09006KT,19,09
2021-04-03 21:00:00.000,2021,4,3,21,23007KT,18,13
2021-04-03 22:00:00.000,2021,4,3,22,23008KT,17,13
2021-04-03 23:00:00.000,2021,4,3,23,28005KT,16,13
2021-04-04 00:00:00.000,2021,4,4,0,26003KT,14,11
2021-04-04 01:00:00.000,2021,4,4,1,VRB02KT,14,12
2021-04-04 02:00:00.000,2021,4,4,2,34004KT,13,12
2021-04-04 03:00:00.000,2021,4,4,3,33003KT,13,11
2021-04-04 04:00:00.000,2021,4,4,4,31004KT,13,12
2021-04-04 05:00:00.000,2021,4,4,5,34004KT,13,12
2021-04-04 06:00:00.000,2021,4,4,6,01003KT,13,12
2021-04-04 07:00:00.000,2021,4,4,7,04008KT,13,12
2021-04-04 08:00:00.000,2021,4,4,8,04003KT,13,12
2021-04-04 09:00:00.000,2021,4,4,9,07004KT,13,12
2021-04-04 10:00:00.000,2021,4,4,10,07005KT,13,12
2021-04-04 10:30:00.000,2021,4,4,10,01003KT,13,12
2021-04-04 11:00:00.000,2021,4,4,11,01003KT,13,12
2021-04-04 12:00:00.000,2021,4,4,12,VRB02KT,13,12
2021-04-04 13:00:00.000,2021,4,4,13,VRB02KT,14,12
2021-04-04 14:00:00.000,2021,4,4,14,11005KT,16,10
2021-04-04 15:00:00.000,2021,4,4,15,17008KT,17,09
2021-04-04 16:00:00.000,2021,4,4,16,06008KT,18,10
2021-04-04 17:00:00.000,2021,4,4,17,12005KT,19,09
2021-04-04 18:00:00.000,2021,4,4,18,12010KT,20,09
2021-04-04 19:00:00.000,2021,4,4,19,22006KT,20,11
2021-04-04 20:00:00.000,2021,4,4,20,27012KT,18,13
2021-04-04 21:00:00.000,2021,4,4,21,28010KT,17,12
2021-04-04 22:00:00.000,2021,4,4,22,26008KT,16,12
2021-04-04 23:00:00.000,2021,4,4,23,26005KT,15,09
2021-04-05 00:00:00.000,2021,4,5,0,02003KT,14,10
2021-04-05 01:00:00.000,2021,4,5,1,35003KT,,
2021-04-05 02:00:00.000,2021,4,5,2,VRB02KT,14,11
2021-04-05 03:00:00.000,2021,4,5,3,36003KT,14,11
2021-04-05 04:00:00.000,2021,4,5,4,04006KT,15,10
2021-04-05 05:00:00.000,2021,4,5,5,04005KT,13,11
2021-04-05 06:00:00.000,2021,4,5,6,03005KT,13,11
2021-04-05 07:00:00.000,2021,4,5,7,05007KT,12,11
2021-04-05 08:00:00.000,2021,4,5,8,03003KT,13,11
2021-04-05 09:00:00.000,2021,4,5,9,07006KT,13,11
2021-04-05 10:00:00.000,2021,4,5,10,06006KT,13,12
2021-04-05 10:30:00.000,2021,4,5,10,17005KT,13,12
2021-04-05 11:00:00.000,2021,4,5,11,09003KT,13,12
2021-04-05 12:00:00.000,2021,4,5,12,06005KT,13,12
2021-04-05 13:00:00.000,2021,4,5,13,02004KT,14,12
2021-04-05 14:00:00.000,2021,4,5,14,05009KT,15,11
2021-04-05 15:00:00.000,2021,4,5,15,07004KT,17,10
2021-04-05 16:00:00.000,2021,4,5,16,24004KT,19,09
2021-04-05 17:00:00.000,2021,4,5,17,16003KT,20,07
2021-04-05 18:00:00.000,2021,4,5,18,11008KT,22,08
2021-04-05 19:00:00.000,2021,4,5,19,15009KT,21,8
2021-04-05 20:00:00.000,2021,4,5,20,19013KT,20,07
2021-04-05 21:00:00.000,2021,4,5,21,09003KT,20,07
2021-04-05 22:00:00.000,2021,4,5,22,10006KT,19,07
2021-04-05 23:00:00.000,2021,4,5,23,10007KT,18,08
2021-04-06 00:00:00.000,2021,4,6,0,28004KT,17,11
2021-04-06 01:00:00.000,2021,4,6,1,21005KT,16,09
2021-04-06 02:00:00.000,2021,4,6,2,13005KT,15,10
2021-04-06 03:00:00.000,2021,4,6,3,01004KT,14,10
2021-04-06 04:00:00.000,2021,4,6,4,05007KT,13,10
2021-04-06 05:00:00.000,2021,4,6,5,03006KT,13,10
2021-04-06 06:00:00.000,2021,4,6,6,05006KT,13,10
2021-04-06 07:00:00.000,2021,4,6,7,05007KT,13,10
2021-04-06 08:00:00.000,2021,4,6,8,05007KT,12,10
2021-04-06 09:00:00.000,2021,4,6,9,04005KT,12,11
2021-04-06 10:00:00.000,2021,4,6,10,05009KT,12,11
2021-04-06 10:30:00.000,2021,4,6,10,05006KT,11,10
2021-04-06 11:00:00.000,2021,4,6,11,05006KT,12,11
2021-04-06 12:00:00.000,2021,4,6,12,03007KT,12,11
2021-04-06 13:00:00.000,2021,4,6,13,06005KT,12,12
2021-04-06 14:00:00.000,2021,4,6,14,02003KT,13,12
2021-04-06 15:00:00.000,2021,4,6,15,18004KT,16,12
2021-04-06 16:00:00.000,2021,4,6,16,15012KT,18,09
2021-04-06 17:00:00.000,2021,4,6,17,11007KT,18,08
2021-04-06 18:00:00.000,2021,4,6,18,14011KT,18,10
2021-04-06 19:00:00.000,2021,4,6,19,14009KT,18,09
2021-04-06 20:00:00.000,2021,4,6,20,16012KT,18,09
2021-04-06 21:00:00.000,2021,4,6,21,14010KT,18,09
2021-04-06 22:00:00.000,2021,4,6,22,14010KT,18,08
2021-04-06 23:00:00.000,2021,4,6,23,16010KT,17,08
2021-04-07 00:00:00.000,2021,4,7,0,12007KT,16,08
2021-04-07 01:00:00.000,2021,4,7,1,36004KT,15,08
2021-04-07 02:00:00.000,2021,4,7,2,05003KT,14,10
2021-04-07 03:00:00.000,2021,4,7,3,06005KT,13,11
2021-04-07 04:00:00.000,2021,4,7,4,04003KT,14,10
2021-04-07 05:00:00.000,2021,4,7,5,05003KT,12,10
2021-04-07 06:00:00.000,2021,4,7,6,06004KT,12,10
2021-04-07 07:00:00.000,2021,4,7,7,02003KT,11,10
2021-04-07 08:00:00.000,2021,4,7,8,30003KT,11,11
2021-04-07 09:00:00.000,2021,4,7,9,03003KT,11,11
2021-04-07 10:00:00.000,2021,4,7,10,VRB02KT,11,11
2021-04-07 10:30:00.000,2021,4,7,10,VRB02KT,11,11
2021-04-07 11:00:00.000,2021,4,7,11,VRB02KT,11,11
2021-04-07 12:00:00.000,2021,4,7,12,VRB02KT,11,11
2021-04-07 13:00:00.000,2021,4,7,13,01003KT,12,12
2021-04-07 13:26:00.000,2021,4,7,13,03003KT,13,12
2021-04-07 14:00:00.000,2021,4,7,14,VRB02KT,12,12
2021-04-07 14:13:00.000,2021,4,7,14,20004KT,13,12
2021-04-07 15:00:00.000,2021,4,7,15,VRB02KT,16,12
2021-04-07 16:00:00.000,2021,4,7,16,12003KT,17,10
2021-04-07 17:00:00.000,2021,4,7,17,17013KT,18,09
2021-04-07 18:00:00.000,2021,4,7,18,19013KT,18,08
2021-04-07 19:00:00.000,2021,4,7,19,18014KT,19,08
2021-04-07 20:00:00.000,2021,4,7,20,19011KT,19,09
2021-04-07 21:00:00.000,2021,4,7,21,16005KT,19,08
2021-04-07 22:00:00.000,2021,4,7,22,26008KT,16,11
2021-04-07 23:00:00.000,2021,4,7,23,32005KT,14,11
2021-04-08 00:00:00.000,2021,4,8,0,36003KT,12,10
2021-04-08 01:00:00.000,2021,4,8,1,VRB02KT,11,10
2021-04-08 02:00:00.000,2021,4,8,2,VRB02KT,12,10
2021-04-08 03:00:00.000,2021,4,8,3,36003KT,13,11
2021-04-08 04:00:00.000,2021,4,8,4,VRB02KT,13,11
2021-04-08 05:00:00.000,2021,4,8,5,36003KT,11,09
2021-04-08 06:00:00.000,2021,4,8,6,VRB02KT,10,09
2021-04-08 07:00:00.000,2021,4,8,7,VRB02KT,10,10
2021-04-08 08:00:00.000,2021,4,8,8,VRB02KT,11,10
2021-04-08 09:00:00.000,2021,4,8,9,VRB02KT,12,11
2021-04-08 10:00:00.000,2021,4,8,10,VRB02KT,12,11
2021-04-08 10:30:00.000,2021,4,8,10,36003KT,12,11
2021-04-08 11:00:00.000,2021,4,8,11,02003KT,12,11
2021-04-08 12:00:00.000,2021,4,8,12,02004KT,12,11
2021-04-08 13:00:00.000,2021,4,8,13,34003KT,13,12
2021-04-08 14:00:00.000,2021,4,8,14,VRB02KT,15,11
2021-04-08 15:00:00.000,2021,4,8,15,34003KT,17,12
2021-04-08 16:00:00.000,2021,4,8,16,21003KT,17,13
2021-04-08 17:00:00.000,2021,4,8,17,02004KT,17,10
2021-04-08 18:00:00.000,2021,4,8,18,17005KT,18,11
2021-04-08 19:00:00.000,2021,4,8,19,04006KT,16,13
2021-04-08 19:20:00.000,2021,4,8,19,04010KT,16,13
2021-04-08 20:00:00.000,2021,4,8,20,VRB02KT,15,13
2021-04-08 21:00:00.000,2021,4,8,21,30008KT,17,13
2021-04-08 22:00:00.000,2021,4,8,22,25006KT,15,13
2021-04-08 23:00:00.000,2021,4,8,23,24006KT,15,11
2021-04-09 00:00:00.000,2021,4,9,0,23004KT,14,10
2021-04-09 01:00:00.000,2021,4,9,1,32003KT,13,11
2021-04-09 02:00:00.000,2021,4,9,2,VRB02KT,12,12
2021-04-09 03:00:00.000,2021,4,9,3,VRB02KT,12,12
2021-04-09 04:00:00.000,2021,4,9,4,09004KT,13,12
2021-04-09 04:25:00.000,2021,4,9,4,35003KT,12,12
2021-04-09 05:00:00.000,2021,4,9,5,05005KT,12,12
2021-04-09 06:00:00.000,2021,4,9,6,03005KT,12,11
2021-04-09 07:00:00.000,2021,4,9,7,05004KT,12,12
2021-04-09 08:00:00.000,2021,4,9,8,02005KT,12,12
2021-04-09 09:00:00.000,2021,4,9,9,04004KT,12,11
2021-04-09 10:00:00.000,2021,4,9,10,04005KT,11,10
2021-04-09 10:30:00.000,2021,4,9,10,05006KT,11,10
2021-04-09 11:00:00.000,2021,4,9,11,04005KT,12,10
2021-04-09 12:00:00.000,2021,4,9,12,02005KT,12,10
2021-04-09 13:00:00.000,2021,4,9,13,01003KT,12,11
2021-04-09 14:00:00.000,2021,4,9,14,06006KT,14,10
2021-04-09 15:00:00.000,2021,4,9,15,05008KT,15,10
2021-04-09 16:00:00.000,2021,4,9,16,14010KT,17,09
2021-04-09 17:00:00.000,2021,4,9,17,13006KT,17,09
2021-04-09 18:00:00.000,2021,4,9,18,20012KT,18,07
2021-04-09 19:00:00.000,2021,4,9,19,16013KT,18,08
2021-04-09 20:00:00.000,2021,4,9,20,15008KT,18,08
2021-04-09 21:00:00.000,2021,4,9,21,23003KT,17,11
2021-04-09 22:00:00.000,2021,4,9,22,33005KT,15,13
2021-04-09 23:00:00.000,2021,4,9,23,31006KT,14,13
2021-04-10 00:00:00.000,2021,4,10,0,04004KT,14,11
2021-04-10 01:00:00.000,2021,4,10,1,03005KT,13,11
2021-04-10 02:00:00.000,2021,4,10,2,05006KT,13,11
2021-04-10 03:00:00.000,2021,4,10,3,05006KT,12,10
2021-04-10 04:00:00.000,2021,4,10,4,01004KT,11,09
2021-04-10 05:00:00.000,2021,4,10,5,01003KT,10,10
2021-04-10 06:00:00.000,2021,4,10,6,30003KT,09,09
2021-04-10 07:00:00.000,2021,4,10,7,VRB02KT,09,08
2021-04-10 08:00:00.000,2021,4,10,8,VRB02KT,09,09
2021-04-10 09:00:00.000,2021,4,10,9,VRB02KT,09,09
2021-04-10 10:00:00.000,2021,4,10,10,VRB02KT,09,09
2021-04-10 10:30:00.000,2021,4,10,10,VRB02KT,09,09
2021-04-10 11:00:00.000,2021,4,10,11,VRB02KT,09,07
2021-04-10 12:00:00.000,2021,4,10,12,VRB02KT,10,8
2021-04-10 12:35:00.000,2021,4,10,12,05003KT,13,11
2021-04-10 13:00:00.000,2021,4,10,13,01003KT,14,10
2021-04-10 14:00:00.000,2021,4,10,14,VRB02KT,16,10
2021-04-10 15:00:00.000,2021,4,10,15,04006KT,17,09
2021-04-10 16:00:00.000,2021,4,10,16,11008KT,18,9
2021-04-10 17:00:00.000,2021,4,10,17,06010KT,18,08
2021-04-10 18:00:00.000,2021,4,10,18,01005KT,19,09
2021-04-10 19:00:00.000,2021,4,10,19,32004KT,19,08
2021-04-10 20:00:00.000,2021,4,10,20,03005KT,20,09
2021-04-10 21:00:00.000,2021,4,10,21,05005KT,19,09
2021-04-10 22:00:00.000,2021,4,10,22,13009KT,18,08
2021-04-10 23:00:00.000,2021,4,10,23,31005KT,16,13
2021-04-11 00:00:00.000,2021,4,11,0,22005KT,15,13
2021-04-11 00:10:00.000,2021,4,11,0,18006KT,15,13
2021-04-11 01:00:00.000,2021,4,11,1,34004KT,14,13
2021-04-11 02:00:00.000,2021,4,11,2,VRB02KT,14,13
2021-04-11 03:00:00.000,2021,4,11,3,35003KT,13,12
2021-04-11 04:00:00.000,2021,4,11,4,05006KT,13,12
2021-04-11 05:00:00.000,2021,4,11,5,05003KT,13,12
2021-04-11 06:00:00.000,2021,4,11,6,32004KT,12,12
2021-04-11 07:00:00.000,2021,4,11,7,35003KT,12,11
2021-04-11 08:00:00.000,2021,4,11,8,06003KT,12,11
2021-04-11 09:00:00.000,2021,4,11,9,36003KT,11,10
2021-04-11 10:00:00.000,2021,4,11,10,34003KT,11,10
2021-04-11 10:30:00.000,2021,4,11,10,02003KT,11,10
2021-04-11 11:00:00.000,2021,4,11,11,01003KT,11,10
2021-04-11 12:00:00.000,2021,4,11,12,04003KT,12,11
2021-04-11 13:00:00.000,2021,4,11,13,VRB04KT,15,11
2021-04-11 14:00:00.000,2021,4,11,14,VRB05KT,18,10
2021-04-11 15:00:00.000,2021,4,11,15,VRB08KT,18,09
2021-04-11 16:00:00.000,2021,4,11,16,11008KT,20,08
2021-04-11 17:00:00.000,2021,4,11,17,13009G19KT,20,08
2021-04-11 18:00:00.000,2021,4,11,18,15010KT,20,09
2021-04-11 19:00:00.000,2021,4,11,19,14007KT,20,08
2021-04-11 20:00:00.000,2021,4,11,20,VRB05KT,21,09
2021-04-11 21:00:00.000,2021,4,11,21,25010KT,20,12
2021-04-11 22:00:00.000,2021,4,11,22,24009KT,18,13
2021-04-11 22:10:00.000,2021,4,11,22,23008KT,17,14
2021-04-11 23:00:00.000,2021,4,11,23,28006KT,16,13
2021-04-12 00:00:00.000,2021,4,12,0,33004KT,14,13
2021-04-12 01:00:00.000,2021,4,12,1,VRB02KT,14,13
2021-04-12 02:00:00.000,2021,4,12,2,VRB02KT,14,13
2021-04-12 04:00:00.000,2021,4,12,4,01003KT,12,11
2021-04-12 05:00:00.000,2021,4,12,5,VRB02KT,13,12
2021-04-12 06:00:00.000,2021,4,12,6,05003KT,13,12
2021-04-12 07:00:00.000,2021,4,12,7,06004KT,13,12
2021-04-12 08:00:00.000,2021,4,12,8,03003KT,13,12
2021-04-12 09:00:00.000,2021,4,12,9,VRB02KT,13,12
2021-04-12 10:00:00.000,2021,4,12,10,35004KT,13,12
2021-04-12 10:30:00.000,2021,4,12,10,01006KT,13,12
2021-04-12 11:00:00.000,2021,4,12,11,03004KT,13,12
2021-04-12 12:00:00.000,2021,4,12,12,07004KT,13,11
2021-04-12 13:00:00.000,2021,4,12,13,04004KT,13,12
2021-04-12 14:00:00.000,2021,4,12,14,08005KT,14,10
2021-04-12 15:00:00.000,2021,4,12,15,14010KT,15,9
2021-04-12 15:15:00.000,2021,4,12,15,06006KT,14,10
2021-04-12 16:00:00.000,2021,4,12,16,12003KT,13,11
2021-04-12 17:00:00.000,2021,4,12,17,13005KT,14,12
2021-04-12 18:00:00.000,2021,4,12,18,11004KT,15,12
2021-04-12 19:00:00.000,2021,4,12,19,15009KT,16,12
2021-04-12 20:00:00.000,2021,4,12,20,16015KT,17,09
2021-04-12 21:00:00.000,2021,4,12,21,16010KT,16,8
2021-04-12 22:00:00.000,2021,4,12,22,20006KT,16,08
2021-04-12 23:00:00.000,2021,4,12,23,06005KT,14,09
2021-04-13 00:00:00.000,2021,4,13,0,11005KT,14,09
2021-04-13 01:00:00.000,2021,4,13,1,06004KT,12,09
2021-04-13 02:00:00.000,2021,4,13,2,05005KT,12,10
2021-04-13 03:00:00.000,2021,4,13,3,04005KT,11,10
2021-04-13 04:00:00.000,2021,4,13,4,00000KT,11,10
2021-04-13 05:00:00.000,2021,4,13,5,03007KT,11,09
2021-04-13 06:00:00.000,2021,4,13,6,35005KT,11,09
2021-04-13 07:00:00.000,2021,4,13,7,05005KT,10,08
2021-04-13 08:00:00.000,2021,4,13,8,07005KT,10,08
2021-04-13 09:00:00.000,2021,4,13,9,08005KT,11,09
2021-04-13 10:00:00.000,2021,4,13,10,34006KT,10,08
2021-04-13 10:30:00.000,2021,4,13,10,VRB02KT,08,07
2021-04-13 11:00:00.000,2021,4,13,11,07005KT,09,09
2021-04-13 12:00:00.000,2021,4,13,12,08005KT,12,10
2021-04-13 13:00:00.000,2021,4,13,13,08007KT,15,09
2021-04-13 14:00:00.000,2021,4,13,14,11008KT,16,09
2021-04-13 15:00:00.000,2021,4,13,15,13008KT,17,07
2021-04-13 16:00:00.000,2021,4,13,16,13014KT,18,08
2021-04-13 17:00:00.000,2021,4,13,17,14010KT,19,09
2021-04-13 18:00:00.000,2021,4,13,18,12008KT,19,08
2021-04-13 19:00:00.000,2021,4,13,19,15011KT,19,09
2021-04-13 20:00:00.000,2021,4,13,20,13009KT,19,08
2021-04-13 21:00:00.000,2021,4,13,21,17004KT,19,08
2021-04-13 22:00:00.000,2021,4,13,22,16006KT,19,09
2021-04-13 23:00:00.000,2021,4,13,23,14012KT,17,08
2021-04-14 00:00:00.000,2021,4,14,0,14011KT,14,09
2021-04-14 01:00:00.000,2021,4,14,1,13007KT,14,09
2021-04-14 02:00:00.000,2021,4,14,2,13006KT,15,09
2021-04-14 03:00:00.000,2021,4,14,3,13006KT,13,08
2021-04-14 04:00:00.000,2021,4,14,4,13004KT,14,09
2021-04-14 05:00:00.000,2021,4,14,5,18006KT,14,09
2021-04-14 06:00:00.000,2021,4,14,6,13005KT,14,09
2021-04-14 07:00:00.000,2021,4,14,7,16005KT,14,09
2021-04-14 08:00:00.000,2021,4,14,8,05003KT,13,10
2021-04-14 09:00:00.000,2021,4,14,9,15003KT,13,09
2021-04-14 10:00:00.000,2021,4,14,10,04004KT,12,10
2021-04-14 10:30:00.000,2021,4,14,10,05005KT,12,10
2021-04-14 11:00:00.000,2021,4,14,11,04006KT,12,10
2021-04-14 12:00:00.000,2021,4,14,12,05006KT,13,11
2021-04-14 13:00:00.000,2021,4,14,13,07004KT,14,11
2021-04-14 14:00:00.000,2021,4,14,14,02003KT,15,11
2021-04-14 15:00:00.000,2021,4,14,15,14011KT,17,10
2021-04-14 16:00:00.000,2021,4,14,16,15012KT,19,10
2021-04-14 17:00:00.000,2021,4,14,17,12012KT,19,09
2021-04-14 19:00:00.000,2021,4,14,19,15015KT,20,09
2021-04-14 20:00:00.000,2021,4,14,20,14014KT,19,08
2021-04-14 21:00:00.000,2021,4,14,21,16015KT,18,08
2021-04-14 22:00:00.000,2021,4,14,22,14005KT,18,07
2021-04-14 23:00:00.000,2021,4,14,23,03006KT,16,08
2021-04-15 00:00:00.000,2021,4,15,0,05006KT,14,09
2021-04-15 01:00:00.000,2021,4,15,1,04007KT,13,09
2021-04-15 02:00:00.000,2021,4,15,2,03004KT,13,09
2021-04-15 03:00:00.000,2021,4,15,3,04006KT,12,10
2021-04-15 04:00:00.000,2021,4,15,4,06003KT,12,10
2021-04-15 05:00:00.000,2021,4,15,5,03005KT,11,10
2021-04-15 06:00:00.000,2021,4,15,6,04004KT,10,09
2021-04-15 07:00:00.000,2021,4,15,7,06004KT,10,09
2021-04-15 08:00:00.000,2021,4,15,8,04005KT,10,09
2021-04-15 09:00:00.000,2021,4,15,9,05005KT,10,10
2021-04-15 10:00:00.000,2021,4,15,10,06004KT,10,10
2021-04-15 10:30:00.000,2021,4,15,10,08003KT,11,10
2021-04-15 11:00:00.000,2021,4,15,11,05006KT,11,10
2021-04-15 12:00:00.000,2021,4,15,12,02003KT,11,10
2021-04-15 13:00:00.000,2021,4,15,13,10003KT,14,11
2021-04-15 14:00:00.000,2021,4,15,14,11007KT,17,08
2021-04-15 15:00:00.000,2021,4,15,15,08009KT,18,09
2021-04-15 16:00:00.000,2021,4,15,16,14009KT,19,09
2021-04-15 17:00:00.000,2021,4,15,17,16007KT,19,08
2021-04-15 18:00:00.000,2021,4,15,18,15008KT,20,09
2021-04-15 19:00:00.000,2021,4,15,19,12006KT,20,09
2021-04-15 20:00:00.000,2021,4,15,20,06004KT,19,09
2021-04-15 20:02:00.000,2021,4,15,20,11008KT,19,10
2021-04-15 21:00:00.000,2021,4,15,21,13009KT,16,10
2021-04-15 22:00:00.000,2021,4,15,22,16011KT,18,09
2021-04-15 23:00:00.000,2021,4,15,23,16009KT,17,08
2021-04-16 00:00:00.000,2021,4,16,0,16009KT,16,08
2021-04-16 01:00:00.000,2021,4,16,1,31004KT,12,10
2021-04-16 02:00:00.000,2021,4,16,2,32005KT,11,10
2021-04-16 03:00:00.000,2021,4,16,3,VRB02KT,10,10
2021-04-16 04:00:00.000,2021,4,16,4,31003KT,11,10
2021-04-16 05:00:00.000,2021,4,16,5,VRB02KT,11,10
2021-04-16 06:00:00.000,2021,4,16,6,30003KT,09,09
2021-04-16 07:00:00.000,2021,4,16,7,VRB02KT,09,08
2021-04-16 08:00:00.000,2021,4,16,8,VRB02KT,,
2021-04-16 09:00:00.000,2021,4,16,9,34003KT,09,08
2021-04-16 10:00:00.000,2021,4,16,10,03004KT,09,08
2021-04-16 10:30:00.000,2021,4,16,10,VRB02KT,09,08
2021-04-16 11:00:00.000,2021,4,16,11,VRB02KT,10,09
2021-04-16 12:00:00.000,2021,4,16,12,04004KT,13,12
2021-04-16 13:00:00.000,2021,4,16,13,03007KT,14,10
2021-04-16 13:34:00.000,2021,4,16,13,03006KT,16,10
2021-04-16 14:00:00.000,2021,4,16,14,03007KT,17,10
2021-04-16 15:00:00.000,2021,4,16,15,34004KT,18,09
2021-04-16 16:00:00.000,2021,4,16,16,25004KT,18,08
2021-04-16 17:00:00.000,2021,4,16,17,03003KT,19,07
2021-04-16 18:00:00.000,2021,4,16,18,06004KT,21,07
2021-04-16 19:00:00.000,2021,4,16,19,04006KT,19,09
2021-04-16 20:00:00.000,2021,4,16,20,26010KT,18,12
2021-04-16 21:00:00.000,2021,4,16,21,29010KT,18,12
2021-04-16 22:00:00.000,2021,4,16,22,27008KT,17,11
2021-04-16 23:00:00.000,2021,4,16,23,27006KT,16,12
2021-04-17 00:00:00.000,2021,4,17,0,30004KT,14,12
2021-04-17 01:00:00.000,2021,4,17,1,25004KT,14,12
2021-04-17 02:00:00.000,2021,4,17,2,02004KT,15,10
2021-04-17 03:00:00.000,2021,4,17,3,36004KT,13,12
2021-04-17 04:00:00.000,2021,4,17,4,VRB02KT,12,12
2021-04-17 05:00:00.000,2021,4,17,5,30004KT,12,12
2021-04-17 06:00:00.000,2021,4,17,6,VRB02KT,12,11
2021-04-17 07:00:00.000,2021,4,17,7,06006KT,13,12
2021-04-17 08:00:00.000,2021,4,17,8,12004KT,13,12
2021-04-17 09:00:00.000,2021,4,17,9,11003KT,12,11
2021-04-17 10:00:00.000,2021,4,17,10,12003KT,12,11
2021-04-17 10:30:00.000,2021,4,17,10,14005KT,11,09
2021-04-17 11:00:00.000,2021,4,17,11,06003KT,11,10
2021-04-17 12:00:00.000,2021,4,17,12,VRB02KT,11,11
2021-04-17 13:00:00.000,2021,4,17,13,05004KT,13,10
2021-04-17 14:00:00.000,2021,4,17,14,07006KT,15,09
2021-04-17 15:00:00.000,2021,4,17,15,04009KT,17,09
2021-04-17 16:00:00.000,2021,4,17,16,10008KT,19,10
2021-04-17 17:00:00.000,2021,4,17,17,11007KT,19,08
2021-04-17 18:00:00.000,2021,4,17,18,11010KT,19,08
2021-04-17 19:00:00.000,2021,4,17,19,12010KT,19,09
2021-04-17 20:00:00.000,2021,4,17,20,11009KT,18,08
2021-04-17 21:00:00.000,2021,4,17,21,11008KT,18,09
2021-04-17 22:00:00.000,2021,4,17,22,12006KT,18,09
2021-04-17 23:00:00.000,2021,4,17,23,08004KT,17,09
2021-04-18 00:00:00.000,2021,4,18,0,14005KT,15,12
2021-04-18 01:00:00.000,2021,4,18,1,11003KT,15,11
2021-04-18 02:00:00.000,2021,4,18,2,03004KT,14,11
2021-04-18 03:00:00.000,2021,4,18,3,04006KT,14,11
2021-04-18 04:00:00.000,2021,4,18,4,03004KT,13,11
2021-04-18 05:00:00.000,2021,4,18,5,36003KT,13,11
2021-04-18 06:00:00.000,2021,4,18,6,05004KT,13,12
2021-04-18 07:00:00.000,2021,4,18,7,VRB02KT,12,11
2021-04-18 08:00:00.000,2021,4,18,8,VRB02KT,12,11
2021-04-18 09:00:00.000,2021,4,18,9,06004KT,12,11
2021-04-18 10:00:00.000,2021,4,18,10,05005KT,11,10
2021-04-18 10:30:00.000,2021,4,18,10,VRB02KT,10,10
2021-04-18 11:00:00.000,2021,4,18,11,34004KT,10,10
2021-04-18 12:00:00.000,2021,4,18,12,03005KT,12,11
2021-04-18 12:30:00.000,2021,4,18,12,02006KT,14,12
2021-04-18 13:00:00.000,2021,4,18,13,06006KT,14,11
2021-04-18 14:00:00.000,2021,4,18,14,04007KT,16,11
2021-04-18 15:00:00.000,2021,4,18,15,11005KT,18,10
2021-04-18 16:00:00.000,2021,4,18,16,11007KT,19,09
2021-04-18 17:00:00.000,2021,4,18,17,05007KT,19,9
2021-04-18 18:00:00.000,2021,4,18,18,36007KT,19,08
2021-04-18 19:00:00.000,2021,4,18,19,22007KT,19,09
2021-04-18 20:00:00.000,2021,4,18,20,32005KT,17,12
2021-04-18 21:00:00.000,2021,4,18,21,31009KT,16,14
2021-04-18 22:00:00.000,2021,4,18,22,30006KT,16,13
2021-04-18 23:00:00.000,2021,4,18,23,22007KT,15,13
2021-04-19 00:00:00.000,2021,4,19,0,VRB02KT,14,13
2021-04-19 01:00:00.000,2021,4,19,1,VRB02KT,13,12
2021-04-19 02:00:00.000,2021,4,19,2,VRB02KT,12,11
2021-04-19 03:00:00.000,2021,4,19,3,01003KT,12,11
2021-04-19 04:00:00.000,2021,4,19,4,04006KT,12,10
2021-04-19 05:00:00.000,2021,4,19,5,04005KT,12,11
2021-04-19 06:00:00.000,2021,4,19,6,05005KT,12,10
2021-04-19 07:00:00.000,2021,4,19,7,09003KT,12,11
2021-04-19 08:00:00.000,2021,4,19,8,03004KT,10,09
2021-04-19 09:00:00.000,2021,4,19,9,09004KT,12,08
2021-04-19 10:00:00.000,2021,4,19,10,03005KT,09,08
2021-04-19 10:30:00.000,2021,4,19,10,36003KT,09,08
2021-04-19 11:00:00.000,2021,4,19,11,04005KT,09,08
2021-04-19 12:00:00.000,2021,4,19,12,01004KT,12,10
2021-04-19 13:00:00.000,2021,4,19,13,09004KT,15,04
2021-04-19 14:00:00.000,2021,4,19,14,06006KT,17,02
2021-04-19 15:00:00.000,2021,4,19,15,06006KT,17,03
2021-04-19 16:00:00.000,2021,4,19,16,34005KT,19,04
2021-04-19 17:00:00.000,2021,4,19,17,09007KT,20,03
2021-04-19 18:00:00.000,2021,4,19,18,12006KT,20,03
2021-04-19 19:00:00.000,2021,4,19,19,10007KT,21,04
2021-04-19 20:00:00.000,2021,4,19,20,24006KT,20,09
2021-04-19 21:00:00.000,2021,4,19,21,30007KT,18,11
2021-04-19 22:00:00.000,2021,4,19,22,22007KT,19,11
2021-04-19 23:00:00.000,2021,4,19,23,33006KT,16,13
2021-04-20 00:00:00.000,2021,4,20,0,34005KT,14,13
2021-04-20 01:00:00.000,2021,4,20,1,34003KT,13,12
2021-04-20 02:00:00.000,2021,4,20,2,34003KT,12,8
2021-04-20 03:00:00.000,2021,4,20,3,02005KT,12,07
2021-04-20 04:00:00.000,2021,4,20,4,VRB02KT,11,06
2021-04-20 05:00:00.000,2021,4,20,5,03004KT,09,07
2021-04-20 06:00:00.000,2021,4,20,6,03005KT,08,06
2021-04-20 07:00:00.000,2021,4,20,7,36004KT,08,06
2021-04-20 08:00:00.000,2021,4,20,8,VRB02KT,07,06
2021-04-20 09:00:00.000,2021,4,20,9,VRB02KT,05,04
2021-04-20 10:00:00.000,2021,4,20,10,33004KT,04,04
2021-04-20 11:00:00.000,2021,4,20,11,00000KT,05,04
2021-04-20 12:00:00.000,2021,4,20,12,08003KT,08,07
2021-04-20 13:00:00.000,2021,4,20,13,06005KT,12,07
2021-04-20 13:30:00.000,2021,4,20,13,03003KT,14,07
2021-04-20 14:00:00.000,2021,4,20,14,05004KT,15,07
2021-04-20 15:00:00.000,2021,4,20,15,03007KT,17,05
2021-04-20 16:00:00.000,2021,4,20,16,02007KT,19,05
2021-04-20 17:00:00.000,2021,4,20,17,11006KT,21,03
2021-04-20 18:00:00.000,2021,4,20,18,09007KT,22,02
2021-04-20 19:00:00.000,2021,4,20,19,26008KT,22,09
2021-04-20 20:00:00.000,2021,4,20,20,22007KT,20,08
2021-04-20 21:00:00.000,2021,4,20,21,30013KT,19,11
2021-04-20 22:00:00.000,2021,4,20,22,29009KT,18,10
2021-04-20 22:15:00.000,2021,4,20,22,27008KT,17,11
2021-04-20 22:30:00.000,2021,4,20,22,04007KT,17,12
2021-04-20 23:00:00.000,2021,4,20,23,04011KT,13,10
2021-04-21 00:00:00.000,2021,4,21,0,VRB02KT,13,10
2021-04-21 01:00:00.000,2021,4,21,1,07004KT,13,11
2021-04-21 02:00:00.000,2021,4,21,2,07004KT,13,12
2021-04-21 03:00:00.000,2021,4,21,3,03003KT,13,11
2021-04-21 04:00:00.000,2021,4,21,4,04003KT,12,10
2021-04-21 05:00:00.000,2021,4,21,5,04006KT,12,10
2021-04-21 06:00:00.000,2021,4,21,6,07004KT,11,09
2021-04-21 07:00:00.000,2021,4,21,7,36004KT,11,10
2021-04-21 08:00:00.000,2021,4,21,8,02004KT,11,09
2021-04-21 09:00:00.000,2021,4,21,9,06004KT,11,09
2021-04-21 10:00:00.000,2021,4,21,10,07004KT,11,09
2021-04-21 10:30:00.000,2021,4,21,10,03004G14KT,11,09
2021-04-21 11:00:00.000,2021,4,21,11,03004KT,10,09
2021-04-21 12:00:00.000,2021,4,21,12,02003KT,11,10
2021-04-21 13:00:00.000,2021,4,21,13,02004KT,13,09
2021-04-21 13:40:00.000,2021,4,21,13,VRB02KT,16,10
2021-04-21 14:00:00.000,2021,4,21,14,VRB02KT,17,09
2021-04-21 15:00:00.000,2021,4,21,15,16003KT,17,07
2021-04-21 16:00:00.000,2021,4,21,16,15006KT,19,06
2021-04-21 17:00:00.000,2021,4,21,17,24004KT,21,02
2021-04-21 18:00:00.000,2021,4,21,18,28007KT,21,04
2021-04-21 19:00:00.000,2021,4,21,19,27010KT,19,10
2021-04-21 20:00:00.000,2021,4,21,20,28009KT,19,10
2021-04-21 21:00:00.000,2021,4,21,21,26010KT,17,11
2021-04-21 22:00:00.000,2021,4,21,22,21009KT,17,10
2021-04-21 23:00:00.000,2021,4,21,23,25006KT,15,09
2021-04-22 00:00:00.000,2021,4,22,0,30005KT,14,09
2021-04-22 01:00:00.000,2021,4,22,1,VRB02KT,12,10
2021-04-22 02:00:00.000,2021,4,22,2,VRB02KT,12,11
2021-04-22 03:00:00.000,2021,4,22,3,VRB02KT,10,10
2021-04-22 04:00:00.000,2021,4,22,4,VRB02KT,09,09
2021-04-22 05:00:00.000,2021,4,22,5,VRB02KT,09,08
2021-04-22 06:00:00.000,2021,4,22,6,24004KT,09,08
2021-04-22 07:00:00.000,2021,4,22,7,VRB02KT,09,08
2021-04-22 08:00:00.000,2021,4,22,8,VRB02KT,07,07
2021-04-22 09:00:00.000,2021,4,22,9,VRB02KT,07,07
2021-04-22 10:00:00.000,2021,4,22,10,35004KT,07,07
2021-04-22 10:30:00.000,2021,4,22,10,VRB02KT,06,06
2021-04-22 11:00:00.000,2021,4,22,11,VRB02KT,06,05
2021-04-22 12:00:00.000,2021,4,22,12,05006KT,09,08
2021-04-22 13:00:00.000,2021,4,22,13,03004KT,13,10
2021-04-22 14:00:00.000,2021,4,22,14,05006KT,15,09
2021-04-22 15:00:00.000,2021,4,22,15,05004KT,18,08
2021-04-22 16:00:00.000,2021,4,22,16,36006KT,20,07
2021-04-22 17:00:00.000,2021,4,22,17,25008KT,22,05
2021-04-22 18:00:00.000,2021,4,22,18,27010KT,20,11
2021-04-22 19:00:00.000,2021,4,22,19,24012KT,21,11
2021-04-22 20:00:00.000,2021,4,22,20,24012KT,20,12
2021-04-22 21:00:00.000,2021,4,22,21,25010KT,19,11
2021-04-22 22:00:00.000,2021,4,22,22,26010KT,18,11
2021-04-22 23:00:00.000,2021,4,22,23,25010KT,16,09
2021-04-23 00:00:00.000,2021,4,23,0,00000KT,14,08
2021-04-23 01:00:00.000,2021,4,23,1,VRB02KT,14,09
2021-04-23 02:00:00.000,2021,4,23,2,VRB02KT,15,10
2021-04-23 03:00:00.000,2021,4,23,3,35003KT,14,10
2021-04-23 04:00:00.000,2021,4,23,4,VRB02KT,15,10
2021-04-23 05:00:00.000,2021,4,23,5,01004KT,14,10
2021-04-23 06:00:00.000,2021,4,23,6,20004KT,14,09
2021-04-23 07:00:00.000,2021,4,23,7,01005KT,13,10
2021-04-23 08:00:00.000,2021,4,23,8,36003KT,12,10
2021-04-23 09:00:00.000,2021,4,23,9,VRB02KT,12,10
2021-04-23 10:00:00.000,2021,4,23,10,VRB02KT,11,10
2021-04-23 10:30:00.000,2021,4,23,10,35004KT,11,10
2021-04-23 11:00:00.000,2021,4,23,11,01004KT,11,10
2021-04-23 12:00:00.000,2021,4,23,12,08006KT,14,12
2021-04-23 13:00:00.000,2021,4,23,13,05009KT,15,10
2021-04-23 14:00:00.000,2021,4,23,14,07009KT,16,09
2021-04-23 15:00:00.000,2021,4,23,15,05007KT,17,10
2021-04-23 16:00:00.000,2021,4,23,16,06007KT,18,09
2021-04-23 17:00:00.000,2021,4,23,17,07006KT,17,09
2021-04-23 18:00:00.000,2021,4,23,18,07009KT,19,08
2021-04-23 19:00:00.000,2021,4,23,19,07011KT,20,07
2021-04-23 20:00:00.000,2021,4,23,20,07007KT,20,07
2021-04-23 21:00:00.000,2021,4,23,21,16004KT,20,06
2021-04-23 22:00:00.000,2021,4,23,22,27008KT,18,12
2021-04-23 23:00:00.000,2021,4,23,23,26008KT,16,12
2021-04-24 00:00:00.000,2021,4,24,0,30005KT,15,11
2021-04-24 01:00:00.000,2021,4,24,1,24003KT,15,11
2021-04-24 02:00:00.000,2021,4,24,2,22006KT,14,10
2021-04-24 03:00:00.000,2021,4,24,3,18003KT,14,11
2021-04-24 04:00:00.000,2021,4,24,4,33004KT,12,11
2021-04-24 05:00:00.000,2021,4,24,5,00000KT,12,12
2021-04-24 06:00:00.000,2021,4,24,6,36003KT,12,12
2021-04-24 07:00:00.000,2021,4,24,7,34004KT,12,11
2021-04-24 08:00:00.000,2021,4,24,8,06003KT,13,11
2021-04-24 09:00:00.000,2021,4,24,9,02004KT,12,10
2021-04-24 10:00:00.000,2021,4,24,10,06004KT,11,09
2021-04-24 10:30:00.000,2021,4,24,10,05005KT,11,09
2021-04-24 11:00:00.000,2021,4,24,11,04004KT,10,09
2021-04-24 12:00:00.000,2021,4,24,12,04004KT,13,09
2021-04-24 13:00:00.000,2021,4,24,13,07007KT,15,09
2021-04-24 14:00:00.000,2021,4,24,14,36006KT,17,09
2021-04-24 15:00:00.000,2021,4,24,15,03003KT,19,05
2021-04-24 16:00:00.000,2021,4,24,16,09005KT,20,05
2021-04-24 17:00:00.000,2021,4,24,17,14004KT,21,04
2021-04-24 18:00:00.000,2021,4,24,18,23008KT,20,10
2021-04-24 19:00:00.000,2021,4,24,19,30010KT,21,10
2021-04-24 20:00:00.000,2021,4,24,20,29012KT,20,13
2021-04-24 21:00:00.000,2021,4,24,21,27012KT,18,12
2021-04-24 21:40:00.000,2021,4,24,21,23008KT,17,13
2021-04-24 22:00:00.000,2021,4,24,22,24008KT,17,13
2021-04-24 23:00:00.000,2021,4,24,23,22004KT,16,12
2021-04-25 00:00:00.000,2021,4,25,0,26004KT,15,12
2021-04-25 01:00:00.000,2021,4,25,1,31004KT,14,12
2021-04-25 01:34:00.000,2021,4,25,1,VRB02KT,14,13
2021-04-25 02:00:00.000,2021,4,25,2,20005KT,15,13
2021-04-25 03:00:00.000,2021,4,25,3,01003KT,14,13
2021-04-25 04:00:00.000,2021,4,25,4,33003KT,14,13
2021-04-25 05:00:00.000,2021,4,25,5,35004KT,14,13
2021-04-25 06:00:00.000,2021,4,25,6,VRB02KT,14,13
2021-04-25 07:00:00.000,2021,4,25,7,00000KT,13,13
2021-04-25 08:00:00.000,2021,4,25,8,05004KT,13,12
2021-04-25 09:00:00.000,2021,4,25,9,03005KT,13,12
2021-04-25 10:00:00.000,2021,4,25,10,04004KT,13,11
2021-04-25 10:30:00.000,2021,4,25,10,06004KT,13,11
2021-04-25 11:00:00.000,2021,4,25,11,04005KT,13,11
2021-04-25 12:00:00.000,2021,4,25,12,VRB03KT,13,11
2021-04-25 13:00:00.000,2021,4,25,13,02006KT,15,12
2021-04-25 14:00:00.000,2021,4,25,14,VRB02KT,17,10
2021-04-25 15:00:00.000,2021,4,25,15,21004KT,,
2021-04-25 16:00:00.000,2021,4,25,16,VRB02KT,20,10
2021-04-25 17:00:00.000,2021,4,25,17,20003KT,20,10
2021-04-25 18:00:00.000,2021,4,25,18,22006KT,20,10
2021-04-25 19:00:00.000,2021,4,25,19,30007KT,19,12
2021-04-25 20:00:00.000,2021,4,25,20,30012KT,18,13
2021-04-25 21:00:00.000,2021,4,25,21,26010KT,18,13
2021-04-25 22:00:00.000,2021,4,25,22,23006KT,17,13
2021-04-25 23:00:00.000,2021,4,25,23,25006KT,15,13
2021-04-26 00:00:00.000,2021,4,26,0,26005KT,16,13
2021-04-26 01:00:00.000,2021,4,26,1,VRB02KT,15,13
2021-04-26 02:00:00.000,2021,4,26,2,23003KT,15,14
2021-04-26 03:00:00.000,2021,4,26,3,24003KT,14,14
2021-04-26 04:00:00.000,2021,4,26,4,VRB02KT,14,13
2021-04-26 05:00:00.000,2021,4,26,5,34003KT,14,13
2021-04-26 06:00:00.000,2021,4,26,6,30004KT,14,13
2021-04-26 07:00:00.000,2021,4,26,7,VRB02KT,13,12
2021-04-26 08:00:00.000,2021,4,26,8,VRB02KT,13,12
2021-04-26 09:00:00.000,2021,4,26,9,VRB02KT,13,12
2021-04-26 10:00:00.000,2021,4,26,10,04004KT,13,11
2021-04-26 10:30:00.000,2021,4,26,10,04007KT,12,12
2021-04-26 11:00:00.000,2021,4,26,11,03007KT,12,12
2021-04-26 12:00:00.000,2021,4,26,12,VRB02KT,13,12
2021-04-26 13:00:00.000,2021,4,26,13,04006KT,15,12
2021-04-26 14:00:00.000,2021,4,26,14,03005KT,16,12
2021-04-26 15:00:00.000,2021,4,26,15,03007KT,17,10
2021-04-26 16:00:00.000,2021,4,26,16,13006KT,19,10
2021-04-26 17:00:00.000,2021,4,26,17,13005KT,20,09
2021-04-26 18:00:00.000,2021,4,26,18,13007KT,20,8
2021-04-26 19:00:00.000,2021,4,26,19,07008KT,20,09
2021-04-26 20:00:00.000,2021,4,26,20,23007KT,19,12
2021-04-26 21:00:00.000,2021,4,26,21,24009KT,17,14
2021-04-26 22:00:00.000,2021,4,26,22,25008KT,17,13
2021-04-26 23:00:00.000,2021,4,26,23,30003KT,15,13
2021-04-27 00:00:00.000,2021,4,27,0,23004KT,15,12
2021-04-27 01:00:00.000,2021,4,27,1,29004KT,15,11
2021-04-27 02:00:00.000,2021,4,27,2,VRB02KT,15,09
2021-04-27 03:00:00.000,2021,4,27,3,23003KT,15,09
2021-04-27 04:00:00.000,2021,4,27,4,VRB02KT,14,09
2021-04-27 05:00:00.000,2021,4,27,5,26003KT,14,10
2021-04-27 06:00:00.000,2021,4,27,6,34004KT,13,10
2021-04-27 07:00:00.000,2021,4,27,7,VRB02KT,13,11
2021-04-27 08:00:00.000,2021,4,27,8,VRB02KT,13,11
2021-04-27 09:00:00.000,2021,4,27,9,34003KT,13,11
2021-04-27 10:00:00.000,2021,4,27,10,VRB02KT,13,11
2021-04-27 11:00:00.000,2021,4,27,11,34005KT,13,11
2021-04-27 12:00:00.000,2021,4,27,12,35004KT,13,12
2021-04-27 13:00:00.000,2021,4,27,13,VRB02KT,14,12
2021-04-27 14:00:00.000,2021,4,27,14,14008KT,16,11
2021-04-27 15:00:00.000,2021,4,27,15,15004KT,18,10
2021-04-27 16:00:00.000,2021,4,27,16,VRB02KT,18,09
2021-04-27 17:00:00.000,2021,4,27,17,VRB02KT,18,09
2021-04-27 18:00:00.000,2021,4,27,18,14006KT,18,09
2021-04-27 18:30:00.000,2021,4,27,18,23003KT,17,11
2021-04-27 19:00:00.000,2021,4,27,19,25007KT,17,11
2021-04-27 19:35:00.000,2021,4,27,19,24009KT,15,14
2021-04-27 20:00:00.000,2021,4,27,20,25010KT,15,14
2021-04-27 21:00:00.000,2021,4,27,21,25009KT,15,14
2021-04-27 22:00:00.000,2021,4,27,22,26007KT,15,12
2021-04-27 23:00:00.000,2021,4,27,23,30005KT,14,12
2021-04-28 00:00:00.000,2021,4,28,0,VRB02KT,14,13
2021-04-28 01:00:00.000,2021,4,28,1,31004KT,13,12
2021-04-28 02:00:00.000,2021,4,28,2,05005KT,13,13
2021-04-28 03:00:00.000,2021,4,28,3,VRB02KT,12,12
2021-04-28 04:00:00.000,2021,4,28,4,12004KT,12,12
2021-04-28 05:00:00.000,2021,4,28,5,02003KT,12,12
2021-04-28 06:00:00.000,2021,4,28,6,34003KT,12,12
2021-04-28 07:00:00.000,2021,4,28,7,32006KT,12,11
2021-04-28 08:00:00.000,2021,4,28,8,VRB02KT,12,11
2021-04-28 09:00:00.000,2021,4,28,9,VRB02KT,12,11
2021-04-28 10:00:00.000,2021,4,28,10,VRB02KT,12,11
2021-04-28 10:30:00.000,2021,4,28,10,03003KT,12,12
2021-04-28 11:00:00.000,2021,4,28,11,VRB02KT,12,11
2021-04-28 12:00:00.000,2021,4,28,12,31003KT,13,11
2021-04-28 13:00:00.000,2021,4,28,13,05006KT,15,11
2021-04-28 14:00:00.000,2021,4,28,14,VRB02KT,16,11
2021-04-28 15:00:00.000,2021,4,28,15,31004KT,18,09
2021-04-28 16:00:00.000,2021,4,28,16,VRB02KT,19,10
2021-04-28 17:00:00.000,2021,4,28,17,27008KT,18,10
2021-04-28 18:00:00.000,2021,4,28,18,26010KT,15,13
2021-04-28 19:00:00.000,2021,4,28,19,35003KT,14,13
2021-04-28 20:00:00.000,2021,4,28,20,11003KT,15,13
2021-04-28 21:00:00.000,2021,4,28,21,02006KT,15,14
2021-04-28 22:00:00.000,2021,4,28,22,05006KT,15,13
2021-04-28 22:10:00.000,2021,4,28,22,05006KT,15,13
2021-04-28 23:00:00.000,2021,4,28,23,VRB02KT,13,12
2021-04-29 00:00:00.000,2021,4,29,0,VRB02KT,13,12
2021-04-29 01:00:00.000,2021,4,29,1,VRB02KT,13,13
2021-04-29 02:00:00.000,2021,4,29,2,36003KT,13,12
2021-04-29 03:00:00.000,2021,4,29,3,05003KT,13,12
2021-04-29 04:00:00.000,2021,4,29,4,VRB02KT,12,11
2021-04-29 05:00:00.000,2021,4,29,5,VRB02KT,12,11
2021-04-29 06:00:00.000,2021,4,29,6,32003KT,12,11
2021-04-29 07:00:00.000,2021,4,29,7,34005KT,12,11
2021-04-29 08:00:00.000,2021,4,29,8,VRB02KT,12,11
2021-04-29 09:00:00.000,2021,4,29,9,31003KT,12,11
2021-04-29 10:00:00.000,2021,4,29,10,VRB02KT,12,11
2021-04-29 11:00:00.000,2021,4,29,11,VRB02KT,11,10
2021-04-29 12:00:00.000,2021,4,29,12,VRB02KT,12,11
2021-04-29 13:00:00.000,2021,4,29,13,VRB02KT,13,12
2021-04-29 14:00:00.000,2021,4,29,14,VRB02KT,14,12
2021-04-29 15:00:00.000,2021,4,29,15,VRB02KT,16,12
2021-04-29 16:00:00.000,2021,4,29,16,27005KT,17,11
2021-04-29 17:00:00.000,2021,4,29,17,30006KT,17,11
2021-04-29 18:00:00.000,2021,4,29,18,29010KT,17,11
2021-04-29 19:00:00.000,2021,4,29,19,28012KT,18,11
2021-04-29 20:00:00.000,2021,4,29,20,27011KT,19,10
2021-04-29 21:00:00.000,2021,4,29,21,27011KT,18,11
2021-04-29 22:00:00.000,2021,4,29,22,25012KT,15,13
2021-04-29 23:00:00.000,2021,4,29,23,21007KT,14,13
2021-04-30 00:00:00.000,2021,4,30,0,12004KT,13,12
2021-04-30 01:00:00.000,2021,4,30,1,VRB02KT,12,12
2021-04-30 02:00:00.000,2021,4,30,2,15006KT,13,12
2021-04-30 03:00:00.000,2021,4,30,3,07003KT,13,12
2021-04-30 04:00:00.000,2021,4,30,4,02004KT,12,11
2021-04-30 05:00:00.000,2021,4,30,5,VRB02KT,12,11
2021-04-30 06:00:00.000,2021,4,30,6,03003KT,12,10
2021-04-30 07:00:00.000,2021,4,30,7,04005KT,11,10
2021-04-30 08:00:00.000,2021,4,30,8,VRB04KT,11,10
2021-04-30 09:00:00.000,2021,4,30,9,04005KT,10,10
2021-04-30 10:00:00.000,2021,4,30,10,35003KT,10,10
2021-04-30 10:30:00.000,2021,4,30,10,VRB02KT,10,09
2021-04-30 11:00:00.000,2021,4,30,11,25003KT,10,10
2021-04-30 12:00:00.000,2021,4,30,12,VRB02KT,11,10
2021-04-30 13:00:00.000,2021,4,30,13,VRB02KT,12,10
2021-04-30 14:00:00.000,2021,4,30,14,22004KT,13,10
2021-04-30 15:00:00.000,2021,4,30,15,21004KT,14,10
2021-04-30 16:00:00.000,2021,4,30,16,21003KT,14,10
2021-04-30 17:00:00.000,2021,4,30,17,26005KT,14,11
2021-04-30 18:00:00.000,2021,4,30,18,27004KT,14,11
2021-04-30 19:00:00.000,2021,4,30,19,25004KT,14,10
2021-04-30 20:00:00.000,2021,4,30,20,VRB02KT,14,10
2021-04-30 21:00:00.000,2021,4,30,21,00000KT,15,10
2021-04-30 21:30:00.000,2021,4,30,21,29006KT,22,22
2021-04-30 22:00:00.000,2021,4,30,22,VRB02KT,14,09
2021-04-30 23:00:00.000,2021,4,30,23,36003KT,14,11
2021-05-01 00:00:00.000,2021,5,1,0,VRB02KT,13,11
2021-05-01 01:00:00.000,2021,5,1,1,VRB02KT,12,11
2021-05-01 02:00:00.000,2021,5,1,2,VRB02KT,12,11
2021-05-01 03:00:00.000,2021,5,1,3,VRB02KT,12,11
2021-05-01 04:00:00.000,2021,5,1,4,VRB02KT,12,11
2021-05-01 05:00:00.000,2021,5,1,5,VRB02KT,11,10
2021-05-01 06:00:00.000,2021,5,1,6,VRB02KT,10,09
2021-05-01 07:00:00.000,2021,5,1,7,VRB02KT,10,09
2021-05-01 08:00:00.000,2021,5,1,8,VRB02KT,10,09
2021-05-01 09:00:00.000,2021,5,1,9,VRB02KT,08,08
2021-05-01 10:00:00.000,2021,5,1,10,VRB02KT,08,08
2021-05-01 10:30:00.000,2021,5,1,10,VRB02KT,07,07
2021-05-01 11:00:00.000,2021,5,1,11,31005KT,07,07
2021-05-01 11:14:00.000,2021,5,1,11,32004KT,09,08
2021-05-01 11:34:00.000,2021,5,1,11,00000KT,09,09
2021-05-01 12:00:00.000,2021,5,1,12,05003KT,10,09
2021-05-01 12:30:00.000,2021,5,1,12,VRB02KT,11,10
2021-05-01 13:00:00.000,2021,5,1,13,00000KT,11,10
2021-05-01 13:35:00.000,2021,5,1,13,31003KT,14,13
2021-05-01 14:00:00.000,2021,5,1,14,33003KT,15,11
2021-05-01 15:00:00.000,2021,5,1,15,31004KT,17,11
2021-05-01 16:00:00.000,2021,5,1,16,19004KT,19,09
2021-05-01 17:00:00.000,2021,5,1,17,03003KT,19,08
2021-05-01 18:00:00.000,2021,5,1,18,22008KT,18,11
2021-05-01 18:18:00.000,2021,5,1,18,27011KT,17,11
2021-05-01 19:00:00.000,2021,5,1,19,32008KT,15,10
2021-05-01 20:00:00.000,2021,5,1,20,32011KT,17,13
2021-05-01 21:00:00.000,2021,5,1,21,33006KT,15,13
2021-05-01 22:00:00.000,2021,5,1,22,26006KT,15,13
2021-05-01 23:00:00.000,2021,5,1,23,24007KT,14,13
2021-05-02 00:00:00.000,2021,5,2,0,24004KT,14,13
2021-05-02 01:00:00.000,2021,5,2,1,31005KT,14,12
2021-05-02 02:00:00.000,2021,5,2,2,24003KT,14,12
2021-05-02 03:00:00.000,2021,5,2,3,VRB02KT,13,12
2021-05-02 04:00:00.000,2021,5,2,4,02003KT,12,12
2021-05-02 05:00:00.000,2021,5,2,5,33003KT,12,12
2021-05-02 06:00:00.000,2021,5,2,6,VRB02KT,12,11
2021-05-02 07:00:00.000,2021,5,2,7,00000KT,12,11
2021-05-02 08:00:00.000,2021,5,2,8,31006KT,12,11
2021-05-02 09:00:00.000,2021,5,2,9,VRB02KT,12,11
2021-05-02 10:00:00.000,2021,5,2,10,VRB02KT,12,11
2021-05-02 10:30:00.000,2021,5,2,10,VRB02KT,12,11
2021-05-02 11:00:00.000,2021,5,2,11,VRB02KT,12,11
2021-05-02 12:00:00.000,2021,5,2,12,VRB02KT,11,10
2021-05-02 13:00:00.000,2021,5,2,13,32003KT,13,12
2021-05-02 14:00:00.000,2021,5,2,14,VRB02KT,16,11
2021-05-02 15:00:00.000,2021,5,2,15,VRB02KT,17,09
2021-05-02 16:00:00.000,2021,5,2,16,VRB03KT,18,09
2021-05-02 17:00:00.000,2021,5,2,17,VRB03KT,20,10
2021-05-02 18:00:00.000,2021,5,2,18,25010KT,18,11
2021-05-02 19:00:00.000,2021,5,2,19,24011KT,17,11
2021-05-02 20:00:00.000,2021,5,2,20,24007KT,17,11
2021-05-02 20:21:00.000,2021,5,2,20,29007KT,16,13
2021-05-02 21:00:00.000,2021,5,2,21,34007KT,14,13
2021-05-02 22:00:00.000,2021,5,2,22,35003KT,13,13
2021-05-02 23:00:00.000,2021,5,2,23,12004KT,13,13
2021-05-03 00:00:00.000,2021,5,3,0,14004KT,13,12
2021-05-03 01:00:00.000,2021,5,3,1,03006KT,13,12
2021-05-03 02:00:00.000,2021,5,3,2,VRB02KT,12,12
2021-05-03 03:00:00.000,2021,5,3,3,24006KT,12,12
2021-05-03 04:00:00.000,2021,5,3,4,VRB03KT,12,11
2021-05-03 05:00:00.000,2021,5,3,5,34004KT,12,11
2021-05-03 06:00:00.000,2021,5,3,6,VRB02KT,11,11
2021-05-03 07:00:00.000,2021,5,3,7,VRB02KT,11,10
2021-05-03 08:00:00.000,2021,5,3,8,VRB02KT,11,10
2021-05-03 09:00:00.000,2021,5,3,9,VRB02KT,11,10
2021-05-03 10:00:00.000,2021,5,3,10,31005KT,11,10
2021-05-03 10:30:00.000,2021,5,3,10,32004KT,10,10
2021-05-03 11:00:00.000,2021,5,3,11,VRB02KT,10,10
2021-05-03 12:00:00.000,2021,5,3,12,00000KT,11,10
2021-05-03 13:00:00.000,2021,5,3,13,00000KT,13,09
2021-05-03 13:30:00.000,2021,5,3,13,VRB02KT,15,09
2021-05-03 14:00:00.000,2021,5,3,14,VRB02KT,16,10
2021-05-03 15:00:00.000,2021,5,3,15,01004KT,16,08
2021-05-03 16:00:00.000,2021,5,3,16,32006KT,17,10
2021-05-03 17:00:00.000,2021,5,3,17,33008KT,18,10
2021-05-03 18:00:00.000,2021,5,3,18,24010KT,16,11
2021-05-03 19:00:00.000,2021,5,3,19,24008KT,14,13
2021-05-03 20:00:00.000,2021,5,3,20,24008KT,15,12
2021-05-03 21:00:00.000,2021,5,3,21,22008KT,15,12
2021-05-03 22:00:00.000,2021,5,3,22,16008KT,13,12
2021-05-03 23:00:00.000,2021,5,3,23,18003KT,12,12
2021-05-04 00:00:00.000,2021,5,4,0,VRB02KT,12,11
2021-05-04 01:00:00.000,2021,5,4,1,33003KT,12,11
2021-05-04 02:00:00.000,2021,5,4,2,02003KT,12,11
2021-05-04 03:00:00.000,2021,5,4,3,VRB02KT,12,11
2021-05-04 04:00:00.000,2021,5,4,4,03003KT,12,11
2021-05-04 05:00:00.000,2021,5,4,5,VRB02KT,11,11
2021-05-04 06:00:00.000,2021,5,4,6,VRB02KT,11,10
2021-05-04 07:00:00.000,2021,5,4,7,VRB02KT,11,10
2021-05-04 08:00:00.000,2021,5,4,8,VRB02KT,11,10
2021-05-04 09:00:00.000,2021,5,4,9,VRB02KT,11,10
2021-05-04 10:00:00.000,2021,5,4,10,VRB02KT,11,11
2021-05-04 10:30:00.000,2021,5,4,10,VRB02KT,12,11
2021-05-04 11:00:00.000,2021,5,4,11,VRB02KT,11,11
2021-05-04 12:00:00.000,2021,5,4,12,VRB02KT,11,11
2021-05-04 13:00:00.000,2021,5,4,13,26003KT,13,10
2021-05-04 14:00:00.000,2021,5,4,14,VRB02KT,15,11
2021-05-04 15:00:00.000,2021,5,4,15,33003KT,16,11
2021-05-04 16:00:00.000,2021,5,4,16,07003KT,17,11
2021-05-04 17:00:00.000,2021,5,4,17,31004KT,18,11
2021-05-04 18:00:00.000,2021,5,4,18,20003KT,20,11
2021-05-04 19:00:00.000,2021,5,4,19,32006KT,19,10
2021-05-04 20:00:00.000,2021,5,4,20,29009KT,17,12
2021-05-04 21:00:00.000,2021,5,4,21,27007KT,18,11
2021-05-04 22:00:00.000,2021,5,4,22,29009KT,18,11
2021-05-04 23:00:00.000,2021,5,4,23,33007KT,15,12
2021-05-05 00:00:00.000,2021,5,5,0,VRB02KT,13,12
2021-05-05 01:00:00.000,2021,5,5,1,31004KT,13,12
2021-05-05 02:00:00.000,2021,5,5,2,VRB02KT,13,13
2021-05-05 03:00:00.000,2021,5,5,3,VRB02KT,14,13
2021-05-05 04:00:00.000,2021,5,5,4,33003KT,13,12
2021-05-05 05:00:00.000,2021,5,5,5,08003KT,13,13
2021-05-05 06:00:00.000,2021,5,5,6,11005KT,12,12
2021-05-05 07:00:00.000,2021,5,5,7,03005KT,11,10
2021-05-05 08:00:00.000,2021,5,5,8,10003KT,11,10
2021-05-05 09:00:00.000,2021,5,5,9,05006KT,11,10
2021-05-05 10:00:00.000,2021,5,5,10,VRB02KT,11,10
2021-05-05 10:30:00.000,2021,5,5,10,VRB02KT,11,11
2021-05-05 11:00:00.000,2021,5,5,11,04003KT,11,10
2021-05-05 12:00:00.000,2021,5,5,12,VRB02KT,11,10
2021-05-05 13:00:00.000,2021,5,5,13,02003KT,13,11
2021-05-05 14:00:00.000,2021,5,5,14,05004KT,14,11
2021-05-05 15:00:00.000,2021,5,5,15,35003KT,16,09
2021-05-05 16:00:00.000,2021,5,5,16,29004KT,18,10
2021-05-05 17:00:00.000,2021,5,5,17,02003KT,19,09
2021-05-05 18:00:00.000,2021,5,5,18,25012KT,19,13
2021-05-05 19:00:00.000,2021,5,5,19,24012KT,18,13
2021-05-05 20:00:00.000,2021,5,5,20,23010KT,16,12
2021-05-05 21:00:00.000,2021,5,5,21,25006KT,16,12
2021-05-05 22:00:00.000,2021,5,5,22,32005KT,15,12
2021-05-05 23:00:00.000,2021,5,5,23,03007KT,15,13
2021-05-06 00:00:00.000,2021,5,6,0,05008KT,13,12
2021-05-06 01:00:00.000,2021,5,6,1,17007KT,13,12
2021-05-06 02:00:00.000,2021,5,6,2,VRB02KT,12,12
2021-05-06 03:00:00.000,2021,5,6,3,VRB02KT,12,11
2021-05-06 04:00:00.000,2021,5,6,4,VRB02KT,12,11
2021-05-06 05:00:00.000,2021,5,6,5,VRB02KT,12,11
2021-05-06 06:00:00.000,2021,5,6,6,VRB02KT,12,12
2021-05-06 07:00:00.000,2021,5,6,7,34003KT,11,10
2021-05-06 08:00:00.000,2021,5,6,8,VRB02KT,12,11
2021-05-06 09:00:00.000,2021,5,6,9,02003KT,12,11
2021-05-06 10:00:00.000,2021,5,6,10,VRB02KT,11,11
2021-05-06 11:00:00.000,2021,5,6,11,35004KT,12,11
2021-05-06 12:00:00.000,2021,5,6,12,VRB02KT,12,11
2021-05-06 13:00:00.000,2021,5,6,13,24004KT,12,11
2021-05-06 14:00:00.000,2021,5,6,14,24003KT,14,11
2021-05-06 15:00:00.000,2021,5,6,15,30003KT,16,09
2021-05-06 16:00:00.000,2021,5,6,16,26003KT,16,10
2021-05-06 17:00:00.000,2021,5,6,17,25004KT,18,11
2021-05-06 18:00:00.000,2021,5,6,18,25009KT,19,09
2021-05-06 19:00:00.000,2021,5,6,19,26007G18KT,18,09
2021-05-06 20:00:00.000,2021,5,6,20,27007KT,19,09
2021-05-06 21:00:00.000,2021,5,6,21,25004KT,19,08
2021-05-06 22:00:00.000,2021,5,6,22,30008KT,18,09
2021-05-06 23:00:00.000,2021,5,6,23,26006KT,17,09
2021-05-07 00:00:00.000,2021,5,7,0,29007KT,15,09
2021-05-07 01:00:00.000,2021,5,7,1,29006KT,14,10
2021-05-07 02:00:00.000,2021,5,7,2,29007KT,14,10
2021-05-07 03:00:00.000,2021,5,7,3,28003KT,13,12
2021-05-07 04:00:00.000,2021,5,7,4,VRB02KT,13,12
2021-05-07 05:00:00.000,2021,5,7,5,VRB02KT,12,12
2021-05-07 06:00:00.000,2021,5,7,6,VRB02KT,12,11
2021-05-07 07:00:00.000,2021,5,7,7,VRB02KT,12,11
2021-05-07 08:00:00.000,2021,5,7,8,VRB02KT,12,11
2021-05-07 09:00:00.000,2021,5,7,9,36003KT,12,10
2021-05-07 10:00:00.000,2021,5,7,10,VRB02KT,10,09
2021-05-07 11:00:00.000,2021,5,7,11,32003KT,10,09
2021-05-07 12:00:00.000,2021,5,7,12,VRB02KT,11,10
2021-05-07 13:00:00.000,2021,5,7,13,VRB02KT,15,13
2021-05-07 14:00:00.000,2021,5,7,14,VRB02KT,17,11
2021-05-07 15:00:00.000,2021,5,7,15,VRB04KT,18,09
2021-05-07 16:00:00.000,2021,5,7,16,36004KT,20,09
2021-05-07 17:00:00.000,2021,5,7,17,31008KT,20,09
2021-05-07 18:00:00.000,2021,5,7,18,31007KT,22,07
2021-05-07 19:00:00.000,2021,5,7,19,26013KT,18,12
2021-05-07 20:00:00.000,2021,5,7,20,25011KT,19,12
2021-05-07 21:00:00.000,2021,5,7,21,30011KT,18,12
2021-05-07 22:00:00.000,2021,5,7,22,32007KT,17,12
2021-05-07 23:00:00.000,2021,5,7,23,30007KT,16,12
2021-05-08 00:00:00.000,2021,5,8,0,32006KT,14,11
2021-05-08 01:00:00.000,2021,5,8,1,30006KT,14,12
2021-05-08 02:00:00.000,2021,5,8,2,33006KT,13,12
2021-05-08 03:00:00.000,2021,5,8,3,31006KT,,
2021-05-08 04:00:00.000,2021,5,8,4,32004KT,12,11
2021-05-08 05:00:00.000,2021,5,8,5,33004KT,12,11
2021-05-08 06:00:00.000,2021,5,8,6,32004KT,12,11
2021-05-08 07:00:00.000,2021,5,8,7,VRB02KT,,
2021-05-08 08:00:00.000,2021,5,8,8,VRB02KT,11,10
2021-05-08 09:00:00.000,2021,5,8,9,VRB02KT,11,10
2021-05-08 10:00:00.000,2021,5,8,10,VRB02KT,11,10
2021-05-08 11:00:00.000,2021,5,8,11,34003KT,11,10
2021-05-08 12:00:00.000,2021,5,8,12,33003KT,11,10
2021-05-08 13:00:00.000,2021,5,8,13,04005KT,13,12
2021-05-08 14:00:00.000,2021,5,8,14,04004KT,15,11
2021-05-08 15:00:00.000,2021,5,8,15,06005KT,17,10
2021-05-08 16:00:00.000,2021,5,8,16,02005KT,18,10
2021-05-08 17:00:00.000,2021,5,8,17,22009KT,17,12
2021-05-08 18:00:00.000,2021,5,8,18,24010KT,16,13
2021-05-08 19:00:00.000,2021,5,8,19,24007KT,17,12
2021-05-08 20:00:00.000,2021,5,8,20,30009KT,15,13
2021-05-08 21:00:00.000,2021,5,8,21,33007KT,15,13
2021-05-08 22:00:00.000,2021,5,8,22,27007KT,15,13
2021-05-08 23:00:00.000,2021,5,8,23,31003KT,14,13
2021-05-09 00:00:00.000,2021,5,9,0,28004KT,12,11
2021-05-09 01:00:00.000,2021,5,9,1,VRB02KT,13,13
2021-05-09 02:00:00.000,2021,5,9,2,VRB02KT,13,12
2021-05-09 03:00:00.000,2021,5,9,3,VRB02KT,13,12
2021-05-09 04:00:00.000,2021,5,9,4,36003KT,13,12
2021-05-09 05:00:00.000,2021,5,9,5,32004KT,12,12
2021-05-09 06:00:00.000,2021,5,9,6,32004KT,12,11
2021-05-09 07:00:00.000,2021,5,9,7,VRB02KT,12,11
2021-05-09 08:00:00.000,2021,5,9,8,VRB02KT,12,11
2021-05-09 09:00:00.000,2021,5,9,9,VRB02KT,12,11
2021-05-09 10:00:00.000,2021,5,9,10,VRB02KT,12,12
2021-05-09 11:00:00.000,2021,5,9,11,05003KT,12,12
2021-05-09 12:00:00.000,2021,5,9,12,07004KT,14,12
2021-05-09 13:00:00.000,2021,5,9,13,04006KT,15,12
2021-05-09 14:00:00.000,2021,5,9,14,11006KT,17,10
2021-05-09 15:00:00.000,2021,5,9,15,16006KT,18,10
2021-05-09 16:00:00.000,2021,5,9,16,14008KT,18,10
2021-05-09 17:00:00.000,2021,5,9,17,15012KT,19,09
2021-05-09 18:00:00.000,2021,5,9,18,16012KT,20,09
2021-05-09 19:00:00.000,2021,5,9,19,17010KT,20,09
2021-05-09 20:00:00.000,2021,5,9,20,20012KT,21,08
2021-05-09 21:00:00.000,2021,5,9,21,24006KT,19,11
2021-05-09 22:00:00.000,2021,5,9,22,19008KT,,
2021-05-09 23:00:00.000,2021,5,9,23,03004KT,14,13
2021-05-10 00:00:00.000,2021,5,10,0,01003KT,14,13
2021-05-10 01:00:00.000,2021,5,10,1,03005KT,14,12
2021-05-10 02:00:00.000,2021,5,10,2,36004KT,14,12
2021-05-10 03:00:00.000,2021,5,10,3,07004KT,15,11
2021-05-10 04:00:00.000,2021,5,10,4,09003KT,14,12
2021-05-10 05:00:00.000,2021,5,10,5,18005KT,13,11
2021-05-10 06:00:00.000,2021,5,10,6,14003KT,12,11
2021-05-10 07:00:00.000,2021,5,10,7,10003KT,12,11
2021-05-10 08:00:00.000,2021,5,10,8,06004KT,11,11
2021-05-10 09:00:00.000,2021,5,10,9,05007KT,11,11
2021-05-10 10:00:00.000,2021,5,10,10,04005KT,11,11
2021-05-10 11:00:00.000,2021,5,10,11,VRB02KT,11,10
2021-05-10 12:00:00.000,2021,5,10,12,06006KT,11,10
2021-05-10 13:00:00.000,2021,5,10,13,06007KT,12,11
2021-05-10 14:00:00.000,2021,5,10,14,06008KT,13,11
2021-05-10 15:00:00.000,2021,5,10,15,06006KT,16,10
2021-05-10 16:00:00.000,2021,5,10,16,06008KT,17,10
2021-05-10 17:00:00.000,2021,5,10,17,06008KT,18,10
2021-05-10 18:00:00.000,2021,5,10,18,06008KT,18,10
2021-05-10 19:00:00.000,2021,5,10,19,08009KT,18,09
2021-05-10 20:00:00.000,2021,5,10,20,07007KT,17,10
2021-05-10 21:00:00.000,2021,5,10,21,09006KT,17,10
2021-05-10 22:00:00.000,2021,5,10,22,08005KT,15,10
2021-05-10 23:00:00.000,2021,5,10,23,10007KT,15,10
2021-05-11 00:00:00.000,2021,5,11,0,10004KT,14,09
2021-05-11 01:00:00.000,2021,5,11,1,09004KT,13,10
2021-05-11 02:00:00.000,2021,5,11,2,11005KT,14,09
2021-05-11 03:00:00.000,2021,5,11,3,13004KT,13,10
2021-05-11 04:00:00.000,2021,5,11,4,09005KT,13,10
2021-05-11 05:00:00.000,2021,5,11,5,06006KT,11,09
2021-05-11 06:00:00.000,2021,5,11,6,03004KT,11,10
2021-05-11 07:00:00.000,2021,5,11,7,34004KT,11,10
2021-05-11 08:00:00.000,2021,5,11,8,01004KT,11,10
2021-05-11 09:00:00.000,2021,5,11,9,04006KT,10,09
2021-05-11 10:00:00.000,2021,5,11,10,VRB026KT,10,10
2021-05-11 10:30:00.000,2021,5,11,10,36004KT,09,08
2021-05-11 11:00:00.000,2021,5,11,11,04004KT,11,09
2021-05-11 12:00:00.000,2021,5,11,12,06006KT,12,10
2021-05-11 13:00:00.000,2021,5,11,13,06007KT,14,09
2021-05-11 14:00:00.000,2021,5,11,14,06007KT,17,09
2021-05-11 15:00:00.000,2021,5,11,15,08008KT,18,09
2021-05-11 16:00:00.000,2021,5,11,16,14007KT,19,09
2021-05-11 17:00:00.000,2021,5,11,17,14009KT,19,09
2021-05-11 18:00:00.000,2021,5,11,18,14013KT,20,09
2021-05-11 19:00:00.000,2021,5,11,19,15014KT,20,09
2021-05-11 20:00:00.000,2021,5,11,20,14010KT,18,10
2021-05-11 21:00:00.000,2021,5,11,21,31007KT,16,12
2021-05-11 22:00:00.000,2021,5,11,22,3006KT,16,12
2021-05-11 23:00:00.000,2021,5,11,23,23003KT,15,11
2021-05-12 00:00:00.000,2021,5,12,0,34003KT,14,12
2021-05-12 01:00:00.000,2021,5,12,1,04005KT,13,12
2021-05-12 02:00:00.000,2021,5,12,2,03005KT,13,12
2021-05-12 03:00:00.000,2021,5,12,3,04006KT,13,13
2021-05-12 04:00:00.000,2021,5,12,4,06005KT,13,12
2021-05-12 05:00:00.000,2021,5,12,5,04004KT,13,11
2021-05-12 06:00:00.000,2021,5,12,6,06006KT,12,11
2021-05-12 07:00:00.000,2021,5,12,7,05005KT,13,11
2021-05-12 08:00:00.000,2021,5,12,8,04008KT,12,11
2021-05-12 09:00:00.000,2021,5,12,9,04006KT,12,11
2021-05-12 10:00:00.000,2021,5,12,10,06006KT,12,11
2021-05-12 10:30:00.000,2021,5,12,10,03005KT,12,11
2021-05-12 11:00:00.000,2021,5,12,11,04005KT,12,11
2021-05-12 12:00:00.000,2021,5,12,12,VRB02KT,13,11
2021-05-12 13:00:00.000,2021,5,12,13,05006KT,15,11
2021-05-12 14:00:00.000,2021,5,12,14,03006KT,15,10
2021-05-12 15:00:00.000,2021,5,12,15,14010KT,17,09
2021-05-12 16:00:00.000,2021,5,12,16,10008KT,19,09
2021-05-12 17:00:00.000,2021,5,12,17,11011KT,20,09
2021-05-12 18:00:00.000,2021,5,12,18,11011KT,20,09
2021-05-12 19:00:00.000,2021,5,12,19,11007KT,18,10
2021-05-12 20:00:00.000,2021,5,12,20,14010KT,19,10
2021-05-12 21:00:00.000,2021,5,12,21,13009KT,19,09
2021-05-12 22:00:00.000,2021,5,12,22,10004KT,18,09
2021-05-12 23:00:00.000,2021,5,12,23,09004KT,17,10
2021-05-13 00:00:00.000,2021,5,13,0,14005KT,16,10
2021-05-13 01:00:00.000,2021,5,13,1,34005KT,14,13
2021-05-13 02:00:00.000,2021,5,13,2,04005KT,15,11
2021-05-13 03:00:00.000,2021,5,13,3,07004KT,15,10
2021-05-13 04:00:00.000,2021,5,13,4,05004KT,13,11
2021-05-13 05:00:00.000,2021,5,13,5,06003KT,13,11
2021-05-13 06:00:00.000,2021,5,13,6,11003KT,14,09
2021-05-13 07:00:00.000,2021,5,13,7,04005KT,13,10
2021-05-13 08:00:00.000,2021,5,13,8,06007KT,13,10
2021-05-13 09:00:00.000,2021,5,13,9,VRB02KT,11,10
2021-05-13 10:00:00.000,2021,5,13,10,36003KT,11,10
2021-05-13 10:30:00.000,2021,5,13,10,VRB02KT,11,10
2021-05-13 11:00:00.000,2021,5,13,11,31003KT,12,11
2021-05-13 12:00:00.000,2021,5,13,12,VRB02KT,13,11
2021-05-13 13:00:00.000,2021,5,13,13,03004KT,15,11
2021-05-13 14:00:00.000,2021,5,13,14,04006KT,16,11
2021-05-13 15:00:00.000,2021,5,13,15,12010KT,18,11
2021-05-13 16:00:00.000,2021,5,13,16,14005KT,19,10
2021-05-13 17:00:00.000,2021,5,13,17,13012KT,19,10
2021-05-13 18:00:00.000,2021,5,13,18,14014KT,21,09
2021-05-13 19:00:00.000,2021,5,13,19,16009KT,19,10
2021-05-13 20:00:00.000,2021,5,13,20,16010KT,20,09
2021-05-13 21:00:00.000,2021,5,13,21,12007KT,20,09
2021-05-13 22:00:00.000,2021,5,13,22,15008KT,19,09
2021-05-13 23:00:00.000,2021,5,13,23,10005KT,18,10
2021-05-14 00:00:00.000,2021,5,14,0,10005KT,17,10
2021-05-14 01:00:00.000,2021,5,14,1,13007KT,16,09
2021-05-14 02:00:00.000,2021,5,14,2,09005KT,15,10
2021-05-14 03:00:00.000,2021,5,14,3,VRB02KT,13,10
2021-05-14 04:00:00.000,2021,5,14,4,06004KT,13,11
2021-05-14 05:00:00.000,2021,5,14,5,12003KT,13,11
2021-05-14 06:00:00.000,2021,5,14,6,04003KT,12,11
2021-05-14 07:00:00.000,2021,5,14,7,VRB02KT,13,11
2021-05-14 11:00:00.000,2021,5,14,11,05007KT,13,11
2021-05-14 12:00:00.000,2021,5,14,12,05010KT,13,10
2021-05-14 13:00:00.000,2021,5,14,13,05010KT,15,10
2021-05-14 14:00:00.000,2021,5,14,14,05008KT,16,10
2021-05-14 15:00:00.000,2021,5,14,15,09004KT,17,10
2021-05-14 16:00:00.000,2021,5,14,16,18004KT,18,09
2021-05-14 17:00:00.000,2021,5,14,17,17006KT,19,09
2021-05-14 18:00:00.000,2021,5,14,18,17006KT,19,09
2021-05-14 19:00:00.000,2021,5,14,19,VRB02KT,20,09
2021-05-14 20:00:00.000,2021,5,14,20,17004KT,19,10
2021-05-14 20:29:00.000,2021,5,14,20,17004KT,18,11
2021-05-14 21:00:00.000,2021,5,14,21,21004KT,17,12
2021-05-14 22:00:00.000,2021,5,14,22,30006KT,17,14
2021-05-14 23:00:00.000,2021,5,14,23,30006KT,16,14
2021-05-15 00:00:00.000,2021,5,15,0,27004KT,15,13
2021-05-15 01:00:00.000,2021,5,15,1,VRB02KT,14,13
2021-05-15 02:00:00.000,2021,5,15,2,34004KT,13,13
2021-05-15 03:00:00.000,2021,5,15,3,32003KT,13,12
2021-05-15 04:00:00.000,2021,5,15,4,03004KT,12,12
2021-05-15 05:00:00.000,2021,5,15,5,03005KT,12,11
2021-05-15 06:00:00.000,2021,5,15,6,VRB02KT,12,11
2021-05-15 07:00:00.000,2021,5,15,7,03004KT,11,10
2021-05-15 08:00:00.000,2021,5,15,8,VRB02KT,10,09
2021-05-15 09:00:00.000,2021,5,15,9,03004KT,11,11
2021-05-15 10:00:00.000,2021,5,15,10,03004KT,11,11
2021-05-15 10:30:00.000,2021,5,15,10,VRB02KT,11,10
2021-05-15 11:00:00.000,2021,5,15,11,VRB02KT,10,10
2021-05-15 12:00:00.000,2021,5,15,12,04004KT,12,12
2021-05-15 12:25:00.000,2021,5,15,12,06004KT,14,12
2021-05-15 13:00:00.000,2021,5,15,13,03006KT,15,12
2021-05-15 13:30:00.000,2021,5,15,13,03005KT,17,11
2021-05-15 14:00:00.000,2021,5,15,14,35004KT,17,11
2021-05-15 14:30:00.000,2021,5,15,14,VRB03KT,19,11
2021-05-15 15:00:00.000,2021,5,15,15,03005KT,19,10
2021-05-15 16:00:00.000,2021,5,15,16,28003KT,19,10
2021-05-15 17:00:00.000,2021,5,15,17,06008KT,17,13
2021-05-15 18:00:00.000,2021,5,15,18,05007KT,20,10
2021-05-15 19:00:00.000,2021,5,15,19,12008KT,19,10
2021-05-15 20:00:00.000,2021,5,15,20,14007KT,20,10
2021-05-15 21:00:00.000,2021,5,15,21,13010KT,19,11
2021-05-15 22:00:00.000,2021,5,15,22,14012KT,17,10
2021-05-15 23:00:00.000,2021,5,15,23,11005KT,17,10
2021-05-16 00:00:00.000,2021,5,16,0,05006KT,15,12
2021-05-16 01:00:00.000,2021,5,16,1,10006KT,16,11
2021-05-16 02:00:00.000,2021,5,16,2,08004KT,15,11
2021-05-16 03:00:00.000,2021,5,16,3,02004KT,13,11
2021-05-16 04:00:00.000,2021,5,16,4,02004KT,12,11
2021-05-16 05:00:00.000,2021,5,16,5,36004KT,11,10
2021-05-16 06:00:00.000,2021,5,16,6,VRB02KT,12,11
2021-05-16 07:00:00.000,2021,5,16,7,01004KT,12,11
2021-05-16 08:00:00.000,2021,5,16,8,36004KT,11,11
2021-05-16 09:00:00.000,2021,5,16,9,31004KT,11,11
2021-05-16 10:00:00.000,2021,5,16,10,VRB02KT,11,11
2021-05-16 10:30:00.000,2021,5,16,10,35004KT,11,11
2021-05-16 11:00:00.000,2021,5,16,11,VRB02KT,11,11
2021-05-16 12:00:00.000,2021,5,16,12,05006KT,13,12
2021-05-16 13:00:00.000,2021,5,16,13,06005KT,15,12
2021-05-16 13:43:00.000,2021,5,16,13,21006KT,25,24
2021-05-16 14:00:00.000,2021,5,16,14,12003KT,17,10
2021-05-16 15:00:00.000,2021,5,16,15,06004KT,17,10
2021-05-16 16:00:00.000,2021,5,16,16,17006KT,18,10
2021-05-16 17:00:00.000,2021,5,16,17,10005KT,20,11
2021-05-16 18:00:00.000,2021,5,16,18,10006KT,20,09
2021-05-16 19:00:00.000,2021,5,16,19,25008KT,18,13
2021-05-16 20:00:00.000,2021,5,16,20,29007KT,17,15
2021-05-16 20:15:00.000,2021,5,16,20,31007KT,16,15
2021-05-16 21:00:00.000,2021,5,16,21,VRB02KT,13,12
2021-05-16 22:00:00.000,2021,5,16,22,27005KT,15,14
2021-05-16 23:00:00.000,2021,5,16,23,26003KT,15,14
2021-05-17 00:00:00.000,2021,5,17,0,30003KT,14,14
2021-05-17 01:00:00.000,2021,5,17,1,36003KT,14,12
2021-05-17 02:00:00.000,2021,5,17,2,03006KT,14,14
2021-05-17 03:00:00.000,2021,5,17,3,04008KT,13,12
2021-05-17 04:00:00.000,2021,5,17,4,04004KT,13,12
2021-05-17 05:00:00.000,2021,5,17,5,04005KT,13,12
2021-05-17 06:00:00.000,2021,5,17,6,32003KT,13,11
2021-05-17 07:00:00.000,2021,5,17,7,05004KT,12,11
2021-05-17 08:00:00.000,2021,5,17,8,07005KT,11,10
2021-05-17 09:00:00.000,2021,5,17,9,33004KT,10,09
2021-05-17 10:00:00.000,2021,5,17,10,VRB02KT,11,10
2021-05-17 10:30:00.000,2021,5,17,10,36003KT,11,10
2021-05-17 11:00:00.000,2021,5,17,11,04004KT,11,10
2021-05-17 12:00:00.000,2021,5,17,12,04005KT,13,12
2021-05-17 13:00:00.000,2021,5,17,13,06004KT,15,12
2021-05-17 14:00:00.000,2021,5,17,14,04004KT,17,12
2021-05-17 15:00:00.000,2021,5,17,15,VRB03KT,18,10
2021-05-17 16:00:00.000,2021,5,17,16,09004KT,19,10
2021-05-17 16:32:00.000,2021,5,17,16,14006KT,20,10
2021-05-17 17:00:00.000,2021,5,17,17,16007KT,18,11
2021-05-17 18:00:00.000,2021,5,17,18,21009KT,18,12
2021-05-17 18:31:00.000,2021,5,17,18,VRB06KT,18,13
2021-05-17 19:00:00.000,2021,5,17,19,05015KT,13,12
2021-05-17 20:00:00.000,2021,5,17,20,26007KT,14,13
2021-05-17 21:00:00.000,2021,5,17,21,33004KT,14,14
2021-05-17 22:00:00.000,2021,5,17,22,33006KT,14,13
2021-05-17 23:00:00.000,2021,5,17,23,23004KT,13,12
2021-05-18 00:00:00.000,2021,5,18,0,02005KT,13,12
2021-05-18 01:00:00.000,2021,5,18,1,02004KT,13,12
2021-05-18 02:00:00.000,2021,5,18,2,06004KT,13,12
2021-05-18 03:00:00.000,2021,5,18,3,VRB02KT,13,12
2021-05-18 04:00:00.000,2021,5,18,4,25003KT,12,12
2021-05-18 05:00:00.000,2021,5,18,5,VRB02KT,12,12
2021-05-18 06:00:00.000,2021,5,18,6,VRB02KT,12,12
2021-05-18 07:00:00.000,2021,5,18,7,04004KT,12,12
2021-05-18 08:00:00.000,2021,5,18,8,06003KT,12,11
2021-05-18 09:00:00.000,2021,5,18,9,VRB02KT,12,11
2021-05-18 10:00:00.000,2021,5,18,10,05003KT,12,11
2021-05-18 10:30:00.000,2021,5,18,10,07005KT,12,12
2021-05-18 11:00:00.000,2021,5,18,11,05004KT,12,12
2021-05-18 12:00:00.000,2021,5,18,12,07004KT,13,12
2021-05-18 13:00:00.000,2021,5,18,13,04006KT,15,11
2021-05-18 14:00:00.000,2021,5,18,14,05009KT,16,12
2021-05-18 15:00:00.000,2021,5,18,15,10008KT,17,11
2021-05-18 16:00:00.000,2021,5,18,16,12006KT,18,10
2021-05-18 17:00:00.000,2021,5,18,17,15008KT,19,08
2021-05-18 18:00:00.000,2021,5,18,18,13006KT,20,07
2021-05-18 19:00:00.000,2021,5,18,19,13008KT,19,07
2021-05-18 20:00:00.000,2021,5,18,20,15008KT,20,07
2021-05-18 21:00:00.000,2021,5,18,21,11008KT,20,07
2021-05-18 22:00:00.000,2021,5,18,22,08008KT,19,08
2021-05-18 23:00:00.000,2021,5,18,23,08005KT,17,07
2021-05-19 00:00:00.000,2021,5,19,0,32006KT,14,12
2021-05-19 01:00:00.000,2021,5,19,1,28005KT,12,11
2021-05-19 02:00:00.000,2021,5,19,2,VRB02KT,12,11
2021-05-19 03:00:00.000,2021,5,19,3,VRB02KT,13,12
2021-05-19 04:00:00.000,2021,5,19,4,21003KT,13,09
2021-05-19 05:00:00.000,2021,5,19,5,21003KT,13,09
2021-05-19 06:00:00.000,2021,5,19,6,VRB02KT,12,11
2021-05-19 07:00:00.000,2021,5,19,7,VRB02KT,09,08
2021-05-19 08:00:00.000,2021,5,19,8,VRB02KT,10,09
2021-05-19 09:00:00.000,2021,5,19,9,08004KT,09,08
2021-05-19 10:00:00.000,2021,5,19,10,VRB02KT,09,08
2021-05-19 10:30:00.000,2021,5,19,10,VRB02KT,08,08
2021-05-19 11:00:00.000,2021,5,19,11,VRB02KT,10,08
2021-05-19 13:00:00.000,2021,5,19,13,05003KT,14,10
2021-05-19 14:00:00.000,2021,5,19,14,04004KT,16,09
2021-05-19 15:00:00.000,2021,5,19,15,09005KT,19,07
2021-05-19 16:00:00.000,2021,5,19,16,18012KT,20,08
2021-05-19 17:00:00.000,2021,5,19,17,14008KT,20,08
2021-05-19 18:00:00.000,2021,5,19,18,18014KT,21,07
2021-05-19 19:00:00.000,2021,5,19,19,15011KT,20,08
2021-05-19 20:00:00.000,2021,5,19,20,16010KT,21,08
2021-05-19 21:00:00.000,2021,5,19,21,16009KT,20,08
2021-05-19 22:00:00.000,2021,5,19,22,16012KT,20,07
2021-05-19 23:00:00.000,2021,5,19,23,17011KT,18,07
2021-05-20 00:00:00.000,2021,5,20,0,21004KT,15,10
2021-05-20 01:00:00.000,2021,5,20,1,34004KT,13,10
2021-05-20 02:00:00.000,2021,5,20,2,32004KT,12,10
2021-05-20 03:00:00.000,2021,5,20,3,VRB02KT,12,10
2021-05-20 04:00:00.000,2021,5,20,4,VRB02KT,12,10
2021-05-20 05:00:00.000,2021,5,20,5,VRB02KT,11,10
2021-05-20 06:00:00.000,2021,5,20,6,VRB02KT,12,10
2021-05-20 07:00:00.000,2021,5,20,7,05003KT,11,09
2021-05-20 08:00:00.000,2021,5,20,8,VRB02KT,10,09
2021-05-20 09:00:00.000,2021,5,20,9,03004KT,10,09
2021-05-20 10:00:00.000,2021,5,20,10,05004KT,09,08
2021-05-20 10:30:00.000,2021,5,20,10,29003KT,08,07
2021-05-20 11:00:00.000,2021,5,20,11,VRB02KT,08,07
2021-05-20 12:00:00.000,2021,5,20,12,VRB02KT,12,11
2021-05-20 13:00:00.000,2021,5,20,13,05004KT,14,10
2021-05-20 14:00:00.000,2021,5,20,14,03005KT,16,10
2021-05-20 15:00:00.000,2021,5,20,15,13005KT,18,10
2021-05-20 16:00:00.000,2021,5,20,16,16009KT,19,08
2021-05-20 17:00:00.000,2021,5,20,17,12008KT,21,09
2021-05-20 18:00:00.000,2021,5,20,18,12008KT,20,09
2021-05-20 19:00:00.000,2021,5,20,19,11007KT,20,08
2021-05-20 20:00:00.000,2021,5,20,20,14010KT,20,08
2021-05-20 21:00:00.000,2021,5,20,21,08008KT,19,08
2021-05-20 22:00:00.000,2021,5,20,22,08006KT,19,09
2021-05-20 23:00:00.000,2021,5,20,23,10005KT,18,09
2021-05-21 00:00:00.000,2021,5,21,0,VRB05KT,17,09
2021-05-21 01:00:00.000,2021,5,21,1,VRB07KT,16,10
2021-05-21 02:00:00.000,2021,5,21,2,05009KT,14,10
2021-05-21 03:00:00.000,2021,5,21,3,06004KT,13,10
2021-05-21 04:00:00.000,2021,5,21,4,VRB02KT,12,10
2021-05-21 05:00:00.000,2021,5,21,5,07004KT,12,10
2021-05-21 06:00:00.000,2021,5,21,6,00000KT,11,10
2021-05-21 07:00:00.000,2021,5,21,7,04005KT,11,09
2021-05-21 08:00:00.000,2021,5,21,8,34004KT,10,10
2021-05-21 09:00:00.000,2021,5,21,9,34004KT,10,09
2021-05-21 10:00:00.000,2021,5,21,10,VRB02KT,10,10
2021-05-21 10:30:00.000,2021,5,21,10,31007KT,10,09
2021-05-21 11:00:00.000,2021,5,21,11,03005KT,11,10
2021-05-21 12:00:00.000,2021,5,21,12,04003KT,12,11
2021-05-21 13:00:00.000,2021,5,21,13,06007KT,14,11
2021-05-21 13:15:00.000,2021,5,21,13,05007KT,16,12
2021-05-21 14:00:00.000,2021,5,21,14,06007KT,17,11
2021-05-21 15:00:00.000,2021,5,21,15,08008KT,18,10
2021-05-21 16:00:00.000,2021,5,21,16,10006KT,19,09
2021-05-21 17:00:00.000,2021,5,21,17,09009KT,20,10
2021-05-21 18:00:00.000,2021,5,21,18,14008KT,20,09
2021-05-21 19:00:00.000,2021,5,21,19,12007KT,20,08
2021-05-21 20:00:00.000,2021,5,21,20,11008KT,20,08
2021-05-21 21:00:00.000,2021,5,21,21,13010KT,19,08
2021-05-21 22:00:00.000,2021,5,21,22,12006KT,19,09
2021-05-21 23:00:00.000,2021,5,21,23,11006KT,18,09
2021-05-22 00:00:00.000,2021,5,22,0,11005KT,17,09
2021-05-22 01:00:00.000,2021,5,22,1,34004KT,15,10
2021-05-22 02:00:00.000,2021,5,22,2,33003KT,14,10
2021-05-22 03:00:00.000,2021,5,22,3,06006KT,14,11
2021-05-22 04:00:00.000,2021,5,22,4,VRB02KT,13,11
2021-05-22 05:00:00.000,2021,5,22,5,04004KT,13,12
2021-05-22 06:00:00.000,2021,5,22,6,05005KT,14,11
2021-05-22 07:00:00.000,2021,5,22,7,33003KT,14,11
2021-05-22 08:00:00.000,2021,5,22,8,36003KT,13,11
2021-05-22 09:00:00.000,2021,5,22,9,27003KT,12,11
2021-05-22 10:00:00.000,2021,5,22,10,VRB02KT,11,11
2021-05-22 10:30:00.000,2021,5,22,10,VRB02KT,11,11
2021-05-22 11:00:00.000,2021,5,22,11,VRB02KT,10,09
2021-05-22 12:00:00.000,2021,5,22,12,VRB02KT,14,11
2021-05-22 13:00:00.000,2021,5,22,13,07004KT,15,13
2021-05-22 14:00:00.000,2021,5,22,14,08004KT,17,11
2021-05-22 15:00:00.000,2021,5,22,15,06007KT,17,11
2021-05-22 16:00:00.000,2021,5,22,16,05007KT,17,11
2021-05-22 17:00:00.000,2021,5,22,17,14005KT,19,10
2021-05-22 18:00:00.000,2021,5,22,18,08007KT,21,11
2021-05-22 19:00:00.000,2021,5,22,19,04005KT,20,10
2021-05-22 20:00:00.000,2021,5,22,20,08006KT,21,10
2021-05-22 21:00:00.000,2021,5,22,21,08007KT,21,09
2021-05-22 22:00:00.000,2021,5,22,22,07006KT,19,09
2021-05-22 23:00:00.000,2021,5,22,23,12010KT,18,10
2021-05-23 00:00:00.000,2021,5,23,0,14006KT,17,10
2021-05-23 01:00:00.000,2021,5,23,1,36004KT,15,11
2021-05-23 02:00:00.000,2021,5,23,2,09004KT,15,10
2021-05-23 03:00:00.000,2021,5,23,3,VRB02KT,13,11
2021-05-23 04:00:00.000,2021,5,23,4,11006KT,15,11
2021-05-23 05:00:00.000,2021,5,23,5,VRB02KT,14,11
2021-05-23 06:00:00.000,2021,5,23,6,VRB02KT,13,12
2021-05-23 07:00:00.000,2021,5,23,7,VRB02KT,13,12
2021-05-23 08:00:00.000,2021,5,23,8,VRB02KT,13,12
2021-05-23 09:00:00.000,2021,5,23,9,05004KT,12,12
2021-05-23 10:00:00.000,2021,5,23,10,06006KT,13,11
2021-05-23 10:30:00.000,2021,5,23,10,06006KT,13,11
2021-05-23 11:00:00.000,2021,5,23,11,09004KT,12,11
2021-05-23 12:00:00.000,2021,5,23,12,04004KT,15,12
2021-05-23 13:00:00.000,2021,5,23,13,03008KT,16,12
2021-05-23 14:00:00.000,2021,5,23,14,04007KT,17,11
2021-05-23 15:00:00.000,2021,5,23,15,VRB05KT,18,11
2021-05-23 16:00:00.000,2021,5,23,16,09008KT,20,11
2021-05-23 17:00:00.000,2021,5,23,17,13013KT,19,10
2021-05-23 18:00:00.000,2021,5,23,18,13010KT,19,10
2021-05-23 19:00:00.000,2021,5,23,19,18011KT,20,10
2021-05-23 19:17:00.000,2021,5,23,19,12015KT,20,09
2021-05-23 20:00:00.000,2021,5,23,20,09007G17KT,20,08
2021-05-23 21:00:00.000,2021,5,23,21,09008G18KT,20,08
2021-05-23 22:00:00.000,2021,5,23,22,12010KT,19,08
2021-05-23 23:00:00.000,2021,5,23,23,13011KT,18,07
2021-05-24 00:00:00.000,2021,5,24,0,14012KT,16,09
2021-05-24 01:00:00.000,2021,5,24,1,14009KT,16,10
2021-05-24 02:00:00.000,2021,5,24,2,11003KT,14,10
2021-05-24 03:00:00.000,2021,5,24,3,04005KT,13,11
2021-05-24 04:00:00.000,2021,5,24,4,04005KT,12,11
2021-05-24 05:00:00.000,2021,5,24,5,01004KT,12,11
2021-05-24 06:00:00.000,2021,5,24,6,02004KT,13,11
2021-05-24 07:00:00.000,2021,5,24,7,VRB02KT,13,12
2021-05-24 08:00:00.000,2021,5,24,8,04008KT,13,12
2021-05-24 09:00:00.000,2021,5,24,9,04003KT,12,12
2021-05-24 10:00:00.000,2021,5,24,10,VRB02KT,12,12
2021-05-24 10:30:00.000,2021,5,24,10,VRB02KT,12,11
2021-05-24 11:00:00.000,2021,5,24,11,VRB02KT,12,11
2021-05-24 12:00:00.000,2021,5,24,12,VRB02KT,13,11
2021-05-24 13:00:00.000,2021,5,24,13,08006KT,14,12
2021-05-24 14:00:00.000,2021,5,24,14,16009KT,17,10
2021-05-24 15:00:00.000,2021,5,24,15,14013KT,19,10
2021-05-24 16:00:00.000,2021,5,24,16,17014KT,17,09
2021-05-24 17:00:00.000,2021,5,24,17,15015KT,18,10
2021-05-24 18:00:00.000,2021,5,24,18,16015KT,18,10
2021-05-24 19:00:00.000,2021,5,24,19,18012KT,19,10
2021-05-24 20:00:00.000,2021,5,24,20,18012KT,18,11
2021-05-24 21:00:00.000,2021,5,24,21,17010KT,18,10
2021-05-24 22:00:00.000,2021,5,24,22,05005KT,17,10
2021-05-24 23:00:00.000,2021,5,24,23,35004KT,15,11
2021-05-25 00:00:00.000,2021,5,25,0,32005KT,13,11
2021-05-25 01:00:00.000,2021,5,25,1,01005KT,14,12
2021-05-25 02:00:00.000,2021,5,25,2,04010KT,13,11
2021-05-25 03:00:00.000,2021,5,25,3,04007KT,12,11
2021-05-25 04:00:00.000,2021,5,25,4,04006KT,11,11
2021-05-25 05:00:00.000,2021,5,25,5,05008KT,12,11
2021-05-25 06:00:00.000,2021,5,25,6,00000KT,11,11
2021-05-25 07:00:00.000,2021,5,25,7,00000KT,11,11
2021-05-25 08:00:00.000,2021,5,25,8,00000KT,11,11
2021-05-25 09:00:00.000,2021,5,25,9,35003KT,09,08
2021-05-25 10:00:00.000,2021,5,25,10,03003KT,11,10
2021-05-25 10:30:00.000,2021,5,25,10,02005KT,13,10
2021-05-25 11:00:00.000,2021,5,25,11,08003KT,12,11
2021-05-25 12:00:00.000,2021,5,25,12,VRB02KT,13,12
2021-05-25 13:00:00.000,2021,5,25,13,01003KT,16,11
2021-05-25 14:00:00.000,2021,5,25,14,12006KT,18,10
2021-05-25 15:00:00.000,2021,5,25,15,08006KT,19,09
2021-05-25 16:00:00.000,2021,5,25,16,08005KT,19,10
2021-05-25 17:00:00.000,2021,5,25,17,05013KT,19,11
2021-05-25 18:00:00.000,2021,5,25,18,04011KT,20,11
2021-05-25 19:00:00.000,2021,5,25,19,05008KT,19,10
2021-05-25 20:00:00.000,2021,5,25,20,07009KT,19,10
2021-05-25 21:00:00.000,2021,5,25,21,05005KT,19,10
2021-05-25 21:11:00.000,2021,5,25,21,10009G24KT,18,09
2021-05-25 21:36:00.000,2021,5,25,21,14009KT,15,13
2021-05-25 22:00:00.000,2021,5,25,22,13007KT,16,13
2021-05-25 23:00:00.000,2021,5,25,23,12010KT,16,09
2021-05-26 00:00:00.000,2021,5,26,0,06008KT,14,09
2021-05-26 01:00:00.000,2021,5,26,1,05010KT,13,10
2021-05-26 02:00:00.000,2021,5,26,2,05010KT,12,10
2021-05-26 03:00:00.000,2021,5,26,3,06007KT,13,10
2021-05-26 04:00:00.000,2021,5,26,4,06008KT,13,10
2021-05-26 05:00:00.000,2021,5,26,5,06005KT,13,10
2021-05-26 06:00:00.000,2021,5,26,6,03005KT,12,10
2021-05-26 07:00:00.000,2021,5,26,7,06003KT,12,10
2021-05-26 08:00:00.000,2021,5,26,8,06003KT,12,10
2021-05-26 09:00:00.000,2021,5,26,9,05005KT,12,09
2021-05-26 10:00:00.000,2021,5,26,10,07005KT,13,09
2021-05-26 10:30:00.000,2021,5,26,10,07006KT,13,09
2021-05-26 11:00:00.000,2021,5,26,11,08006KT,13,08
2021-05-26 12:00:00.000,2021,5,26,12,07006KT,14,09
2021-05-26 13:00:00.000,2021,5,26,13,05007KT,15,09
2021-05-26 14:00:00.000,2021,5,26,14,13008KT,16,09
2021-05-26 15:00:00.000,2021,5,26,15,16005KT,18,10
2021-05-26 16:00:00.000,2021,5,26,16,02005KT,18,10
2021-05-26 17:00:00.000,2021,5,26,17,VRB04KT,19,10
2021-05-26 18:00:00.000,2021,5,26,18,15010KT,19,09
2021-05-26 19:00:00.000,2021,5,26,19,13009KT,19,08
2021-05-26 20:00:00.000,2021,5,26,20,10009G19KT,17,09
2021-05-26 21:00:00.000,2021,5,26,21,12007G17KT,19,10
2021-05-26 22:00:00.000,2021,5,26,22,14012KT,17,08
2021-05-26 23:00:00.000,2021,5,26,23,13007KT,16,09
2021-05-27 00:00:00.000,2021,5,27,0,09004KT,16,10
2021-05-27 01:00:00.000,2021,5,27,1,01004KT,14,12
2021-05-27 02:00:00.000,2021,5,27,2,32004KT,14,12
2021-05-27 03:00:00.000,2021,5,27,3,35004KT,14,11
2021-05-27 04:00:00.000,2021,5,27,4,05007KT,14,11
2021-05-27 05:00:00.000,2021,5,27,5,06008KT,13,11
2021-05-27 06:00:00.000,2021,5,27,6,04006KT,12,12
2021-05-27 07:00:00.000,2021,5,27,7,03003KT,12,12
2021-05-27 08:00:00.000,2021,5,27,8,00000KT,12,12
2021-05-27 09:00:00.000,2021,5,27,9,04005KT,12,11
2021-05-27 10:00:00.000,2021,5,27,10,06003KT,11,11
2021-05-27 10:30:00.000,2021,5,27,10,05003KT,11,11
2021-05-27 11:00:00.000,2021,5,27,11,06003KT,12,11
2021-05-27 12:00:00.000,2021,5,27,12,06004KT,13,12
2021-05-27 13:00:00.000,2021,5,27,13,02003KT,14,12
2021-05-27 14:00:00.000,2021,5,27,14,03003KT,14,11
2021-05-27 15:00:00.000,2021,5,27,15,02008KT,15,11
2021-05-27 16:00:00.000,2021,5,27,16,04008KT,16,12
2021-05-27 16:22:00.000,2021,5,27,16,06006KT,15,12
2021-05-27 17:00:00.000,2021,5,27,17,09006KT,14,11
2021-05-27 18:00:00.000,2021,5,27,18,13006KT,15,12
2021-05-27 19:00:00.000,2021,5,27,19,10006KT,16,10
2021-05-27 20:00:00.000,2021,5,27,20,15006KT,17,10
2021-05-27 21:00:00.000,2021,5,27,21,15006KT,17,10
2021-05-27 22:00:00.000,2021,5,27,22,14007KT,16,10
2021-05-27 23:00:00.000,2021,5,27,23,15008KT,16,09
2021-05-28 00:00:00.000,2021,5,28,0,07005KT,14,10
2021-05-28 01:00:00.000,2021,5,28,1,03007KT,13,11
2021-05-28 02:00:00.000,2021,5,28,2,02003KT,11,10
2021-05-28 03:00:00.000,2021,5,28,3,01003KT,11,10
2021-05-28 04:00:00.000,2021,5,28,4,28003KT,12,10
2021-05-28 05:00:00.000,2021,5,28,5,22003KT,12,10
2021-05-28 06:00:00.000,2021,5,28,6,04003KT,10,10
2021-05-28 07:00:00.000,2021,5,28,7,34003KT,09,08
2021-05-28 08:00:00.000,2021,5,28,8,VRB02KT,09,08
2021-05-28 09:00:00.000,2021,5,28,9,VRB02KT,08,08
2021-05-28 10:00:00.000,2021,5,28,10,35003KT,08,07
2021-05-28 10:30:00.000,2021,5,28,10,35003KT,07,07
2021-05-28 11:00:00.000,2021,5,28,11,34003KT,09,08
2021-05-28 12:00:00.000,2021,5,28,12,VRB02KT,10,09
2021-05-28 13:00:00.000,2021,5,28,13,VRB02KT,12,11
2021-05-28 14:00:00.000,2021,5,28,14,VRB02KT,16,11
2021-05-28 15:00:00.000,2021,5,28,15,33004KT,17,10
2021-05-28 16:00:00.000,2021,5,28,16,VRB03KT,18,10
2021-05-28 17:00:00.000,2021,5,28,17,VRB02KT,18,08
2021-05-28 18:00:00.000,2021,5,28,18,21008KT,18,12
2021-05-28 19:00:00.000,2021,5,28,19,31010KT,18,12
2021-05-28 20:00:00.000,2021,5,28,20,29008KT,17,12
2021-05-28 21:00:00.000,2021,5,28,21,29008KT,18,13
2021-05-28 22:00:00.000,2021,5,28,22,30009KT,18,13
2021-05-28 23:00:00.000,2021,5,28,23,14006KT,16,11
2021-05-29 00:00:00.000,2021,5,29,0,20004KT,15,14
2021-05-29 01:00:00.000,2021,5,29,1,24005KT,14,13
2021-05-29 02:00:00.000,2021,5,29,2,27006KT,14,13
2021-05-29 03:00:00.000,2021,5,29,3,02003KT,13,12
2021-05-29 04:00:00.000,2021,5,29,4,VRB02KT,13,12
2021-05-29 05:00:00.000,2021,5,29,5,VRB02KT,13,12
2021-05-29 06:00:00.000,2021,5,29,6,VRB02KT,12,11
2021-05-29 07:00:00.000,2021,5,29,7,05003KT,12,11
2021-05-29 08:00:00.000,2021,5,29,8,VRB02KT,12,11
2021-05-29 09:00:00.000,2021,5,29,9,VRB02KT,12,11
2021-05-29 10:00:00.000,2021,5,29,10,31003KT,11,11
2021-05-29 10:30:00.000,2021,5,29,10,00000KT,11,11
2021-05-29 11:00:00.000,2021,5,29,11,VRB02KT,12,11
2021-05-29 12:00:00.000,2021,5,29,12,17003KT,12,11
2021-05-29 13:00:00.000,2021,5,29,13,VRB03KT,13,13
2021-05-29 14:00:00.000,2021,5,29,14,VRB02KT,15,13
2021-05-29 15:00:00.000,2021,5,29,15,VRB02KT,16,12
2021-05-29 16:00:00.000,2021,5,29,16,VRB02KT,17,11
2021-05-29 17:00:00.000,2021,5,29,17,23005KT,18,12
2021-05-29 18:00:00.000,2021,5,29,18,29008KT,18,12
2021-05-29 19:00:00.000,2021,5,29,19,27008KT,15,13
2021-05-29 20:00:00.000,2021,5,29,20,27006KT,14,14
2021-05-29 21:00:00.000,2021,5,29,21,33004KT,14,14
2021-05-29 22:00:00.000,2021,5,29,22,VRB02KT,14,12
2021-05-29 23:00:00.000,2021,5,29,23,VRB02KT,14,13
2021-05-30 00:00:00.000,2021,5,30,0,32004KT,14,13
2021-05-30 01:00:00.000,2021,5,30,1,27004KT,13,12
2021-05-30 02:00:00.000,2021,5,30,2,30003KT,13,13
2021-05-30 03:00:00.000,2021,5,30,3,30005KT,13,12
2021-05-30 04:00:00.000,2021,5,30,4,29005KT,13,12
2021-05-30 05:00:00.000,2021,5,30,5,VRB02KT,13,13
2021-05-30 06:00:00.000,2021,5,30,6,00000KT,13,12
2021-05-30 07:00:00.000,2021,5,30,7,31003KT,13,12
2021-05-30 08:00:00.000,2021,5,30,8,24003KT,12,11
2021-05-30 09:00:00.000,2021,5,30,9,24003KT,12,11
2021-05-30 10:00:00.000,2021,5,30,10,VRB02KT,12,11
2021-05-30 10:30:00.000,2021,5,30,10,VRB02KT,12,11
2021-05-30 11:00:00.000,2021,5,30,11,VRB02KT,12,11
2021-05-30 12:00:00.000,2021,5,30,12,VRB02KT,12,12
2021-05-30 13:00:00.000,2021,5,30,13,VRB02KT,15,14
2021-05-30 14:00:00.000,2021,5,30,14,35003KT,17,13
2021-05-30 15:00:00.000,2021,5,30,15,VRB03KT,20,12
2021-05-30 16:00:00.000,2021,5,30,16,VRB02KT,19,11
2021-05-30 17:00:00.000,2021,5,30,17,06005KT,20,12
2021-05-30 18:00:00.000,2021,5,30,18,23008KT,17,13
2021-05-30 18:20:00.000,2021,5,30,18,24007G17KT,16,14
2021-05-30 19:00:00.000,2021,5,30,19,28006KT,15,14
2021-05-30 20:00:00.000,2021,5,30,20,30008KT,13,12
2021-05-30 21:00:00.000,2021,5,30,21,30007KT,14,13
2021-05-30 22:00:00.000,2021,5,30,22,VRB02KT,14,14
2021-05-30 23:00:00.000,2021,5,30,23,36003KT,14,11
2021-05-31 00:00:00.000,2021,5,31,0,14007KT,14,13
2021-05-31 01:00:00.000,2021,5,31,1,VRB02KT,13,12
2021-05-31 02:00:00.000,2021,5,31,2,VRB02KT,13,12
2021-05-31 03:00:00.000,2021,5,31,3,VRB02KT,13,12
2021-05-31 04:00:00.000,2021,5,31,4,VRB02KT,13,12
2021-05-31 05:00:00.000,2021,5,31,5,05004KT,13,12
2021-05-31 06:00:00.000,2021,5,31,6,VRB02KT,12,11
2021-05-31 07:00:00.000,2021,5,31,7,VRB02KT,12,11
2021-05-31 08:00:00.000,2021,5,31,8,VRB02KT,12,11
2021-05-31 09:00:00.000,2021,5,31,9,VRB02KT,12,11
2021-05-31 10:00:00.000,2021,5,31,10,VRB02KT,12,11
2021-05-31 10:30:00.000,2021,5,31,10,04005KT,12,12
2021-05-31 11:00:00.000,2021,5,31,11,05005KT,12,12
2021-05-31 12:00:00.000,2021,5,31,12,03004KT,13,12
2021-05-31 13:00:00.000,2021,5,31,13,05008KT,15,12
2021-05-31 14:00:00.000,2021,5,31,14,16004KT,17,10
2021-05-31 15:00:00.000,2021,5,31,15,05006KT,17,10
2021-05-31 16:00:00.000,2021,5,31,16,09006KT,18,10
2021-05-31 17:00:00.000,2021,5,31,17,09008KT,19,11
2021-05-31 18:00:00.000,2021,5,31,18,VRB02KT,16,13
2021-05-31 19:00:00.000,2021,5,31,19,07006KT,17,12
2021-05-31 20:00:00.000,2021,5,31,20,07004KT,19,12
2021-05-31 21:00:00.000,2021,5,31,21,11006KT,18,09
2021-05-31 22:00:00.000,2021,5,31,22,15008KT,19,09
2021-05-31 23:00:00.000,2021,5,31,23,03006KT,18,10
2021-06-01 00:00:00.000,2021,6,1,0,15009KT,16,11
2021-06-01 01:00:00.000,2021,6,1,1,19006KT,13,13
2021-06-01 02:00:00.000,2021,6,1,2,03003KT,13,13
2021-06-01 03:00:00.000,2021,6,1,3,00000KT,13,12
2021-06-01 04:00:00.000,2021,6,1,4,03005KT,13,12
2021-06-01 05:00:00.000,2021,6,1,5,25004KT,13,13
2021-06-01 06:00:00.000,2021,6,1,6,VRB02KT,13,13
2021-06-01 07:00:00.000,2021,6,1,7,VRB02KT,12,11
2021-06-01 08:00:00.000,2021,6,1,8,18008KT,13,11
2021-06-01 09:00:00.000,2021,6,1,9,VRB02KT,13,11
2021-06-01 10:00:00.000,2021,6,1,10,VRB02KT,12,11
2021-06-01 10:30:00.000,2021,6,1,10,VRB02KT,12,12
2021-06-01 11:00:00.000,2021,6,1,11,05003KT,12,11
2021-06-01 12:00:00.000,2021,6,1,12,04005KT,13,12
2021-06-01 13:00:00.000,2021,6,1,13,05004KT,15,11
2021-06-01 14:00:00.000,2021,6,1,14,VRB02KT,16,11
2021-06-01 15:00:00.000,2021,6,1,15,18004KT,17,10
2021-06-01 16:00:00.000,2021,6,1,16,VRB02KT,19,09
2021-06-01 17:00:00.000,2021,6,1,17,26006KT,20,09
2021-06-01 18:00:00.000,2021,6,1,18,25008KT,20,10
2021-06-01 19:00:00.000,2021,6,1,19,23009KT,19,12
2021-06-01 20:00:00.000,2021,6,1,20,24010KT,18,11
2021-06-01 21:00:00.000,2021,6,1,21,26008KT,19,11
2021-06-01 22:00:00.000,2021,6,1,22,24010KT,19,11
2021-06-01 23:00:00.000,2021,6,1,23,25006KT,16,10
2021-06-02 00:00:00.000,2021,6,2,0,VRB02KT,15,11
2021-06-02 01:00:00.000,2021,6,2,1,VRB02KT,14,11
2021-06-02 02:00:00.000,2021,6,2,2,02003KT,14,11
2021-06-02 03:00:00.000,2021,6,2,3,02003KT,13,11
2021-06-02 04:00:00.000,2021,6,2,4,31004KT,13,12
2021-06-02 05:00:00.000,2021,6,2,5,36003KT,13,12
2021-06-02 06:00:00.000,2021,6,2,6,VRB02KT,12,12
2021-06-02 07:00:00.000,2021,6,2,7,VRB02KT,12,12
2021-06-02 08:00:00.000,2021,6,2,8,35005KT,10,09
2021-06-02 09:00:00.000,2021,6,2,9,VRB02KT,10,09
2021-06-02 10:00:00.000,2021,6,2,10,06003KT,09,09
2021-06-02 10:30:00.000,2021,6,2,10,35003KT,10,09
2021-06-02 11:00:00.000,2021,6,2,11,34003KT,10,10
2021-06-02 12:00:00.000,2021,6,2,12,VRB02KT,12,11
2021-06-02 13:00:00.000,2021,6,2,13,02004KT,13,12
2021-06-02 14:00:00.000,2021,6,2,14,03004KT,16,12
2021-06-02 15:00:00.000,2021,6,2,15,VRB03KT,18,11
2021-06-02 16:00:00.000,2021,6,2,16,03003KT,19,10
2021-06-02 17:00:00.000,2021,6,2,17,03005KT,20,11
2021-06-02 18:00:00.000,2021,6,2,18,VRB03KT,20,11
2021-06-02 19:00:00.000,2021,6,2,19,13011KT,20,13
2021-06-02 20:00:00.000,2021,6,2,20,26010KT,19,14
2021-06-02 21:00:00.000,2021,6,2,21,31010KT,18,13
2021-06-02 22:00:00.000,2021,6,2,22,02006KT,17,14
2021-06-02 23:00:00.000,2021,6,2,23,26010KT,13,13
2021-06-03 00:00:00.000,2021,6,3,0,28005KT,14,12
2021-06-03 01:00:00.000,2021,6,3,1,19003KT,14,12
2021-06-03 02:00:00.000,2021,6,3,2,VRB02KT,13,13
2021-06-03 03:00:00.000,2021,6,3,3,VRB02KT,13,12
2021-06-03 04:00:00.000,2021,6,3,4,VRB02KT,12,12
2021-06-03 05:00:00.000,2021,6,3,5,17003KT,13,13
2021-06-03 06:00:00.000,2021,6,3,6,26003KT,13,13
2021-06-03 07:00:00.000,2021,6,3,7,VRB02KT,12,12
2021-06-03 08:00:00.000,2021,6,3,8,VRB02KT,13,12
2021-06-03 09:00:00.000,2021,6,3,9,14004KT,13,12
2021-06-03 10:00:00.000,2021,6,3,10,05003KT,12,12
2021-06-03 10:30:00.000,2021,6,3,10,VRB02KT,12,11
2021-06-03 11:00:00.000,2021,6,3,11,VRB02KT,11,10
2021-06-03 12:00:00.000,2021,6,3,12,03003KT,14,11
2021-06-03 13:00:00.000,2021,6,3,13,07003KT,16,11
2021-06-03 14:00:00.000,2021,6,3,14,10004KT,18,10
2021-06-03 15:00:00.000,2021,6,3,15,10005KT,18,09
2021-06-03 16:00:00.000,2021,6,3,16,14004KT,19,10
2021-06-03 17:00:00.000,2021,6,3,17,13004KT,19,10
2021-06-03 18:00:00.000,2021,6,3,18,05009KT,18,11
2021-06-03 19:00:00.000,2021,6,3,19,01005KT,19,11
2021-06-03 20:00:00.000,2021,6,3,20,VRB05KT,21,11
2021-06-03 21:00:00.000,2021,6,3,21,30012KT,18,13
2021-06-03 21:18:00.000,2021,6,3,21,VRB08KT,16,14
2021-06-03 22:00:00.000,2021,6,3,22,25007KT,15,14
2021-06-03 22:15:00.000,2021,6,3,22,29005KT,15,12
2021-06-03 23:00:00.000,2021,6,3,23,22005KT,16,13
2021-06-04 00:00:00.000,2021,6,4,0,21004KT,16,12
2021-06-04 01:00:00.000,2021,6,4,1,04004KT,15,12
2021-06-04 02:00:00.000,2021,6,4,2,05007KT,15,12
2021-06-04 03:00:00.000,2021,6,4,3,06003KT,14,12
2021-06-04 04:00:00.000,2021,6,4,4,VRB02KT,14,12
2021-06-04 05:00:00.000,2021,6,4,5,07003KT,14,12
2021-06-04 06:00:00.000,2021,6,4,6,VRB02KT,13,11
2021-06-04 07:00:00.000,2021,6,4,7,02004KT,12,11
2021-06-04 08:00:00.000,2021,6,4,8,03004KT,12,11
2021-06-04 09:00:00.000,2021,6,4,9,VRB02KT,12,11
2021-06-04 10:00:00.000,2021,6,4,10,02004KT,12,11
2021-06-04 10:30:00.000,2021,6,4,10,VRB02KT,12,11
2021-06-04 11:00:00.000,2021,6,4,11,VRB02KT,12,11
2021-06-04 12:00:00.000,2021,6,4,12,04003KT,13,12
2021-06-04 13:00:00.000,2021,6,4,13,VRB02KT,15,12
2021-06-04 14:00:00.000,2021,6,4,14,07003KT,18,11
2021-06-04 15:00:00.000,2021,6,4,15,15003KT,19,10
2021-06-04 16:00:00.000,2021,6,4,16,08007KT,20,10
2021-06-04 17:00:00.000,2021,6,4,17,04007KT,20,09
2021-06-04 18:00:00.000,2021,6,4,18,10009KT,21,09
2021-06-04 19:00:00.000,2021,6,4,19,11010KT,18,10
2021-06-04 20:00:00.000,2021,6,4,20,16008KT,18,10
2021-06-04 21:00:00.000,2021,6,4,21,12009KT,17,10
2021-06-04 22:00:00.000,2021,6,4,22,11008KT,17,09
2021-06-04 23:00:00.000,2021,6,4,23,10006KT,16,09
2021-06-05 00:00:00.000,2021,6,5,0,10003KT,15,09
2021-06-05 01:00:00.000,2021,6,5,1,02004KT,14,10
2021-06-05 02:00:00.000,2021,6,5,2,01004KT,13,10
2021-06-05 03:00:00.000,2021,6,5,3,04008KT,12,10
2021-06-05 04:00:00.000,2021,6,5,4,06007KT,11,10
2021-06-05 05:00:00.000,2021,6,5,5,11003KT,12,10
2021-06-05 06:00:00.000,2021,6,5,6,04003KT,11,09
2021-06-05 07:00:00.000,2021,6,5,7,07003KT,11,10
2021-06-05 08:00:00.000,2021,6,5,8,05006KT,10,09
2021-06-05 09:00:00.000,2021,6,5,9,06007KT,10,09
2021-06-05 10:00:00.000,2021,6,5,10,05006KT,10,09
2021-06-05 10:30:00.000,2021,6,5,10,00000KT,10,09
2021-06-05 11:00:00.000,2021,6,5,11,13003KT,10,10
2021-06-05 12:00:00.000,2021,6,5,12,VRB02KT,12,10
2021-06-05 13:00:00.000,2021,6,5,13,09005KT,15,10
2021-06-05 14:00:00.000,2021,6,5,14,02007KT,16,10
2021-06-05 15:00:00.000,2021,6,5,15,14005KT,17,09
2021-06-05 16:00:00.000,2021,6,5,16,05009KT,19,10
2021-06-05 17:00:00.000,2021,6,5,17,100096KT,20,08
2021-06-05 18:00:00.000,2021,6,5,18,13008KT,20,09
2021-06-05 19:00:00.000,2021,6,5,19,15009KT,20,10
2021-06-05 20:00:00.000,2021,6,5,20,VRB03KT,21,08
2021-06-05 21:00:00.000,2021,6,5,21,02005KT,20,10
2021-06-05 22:00:00.000,2021,6,5,22,26010KT,17,13
2021-06-05 23:00:00.000,2021,6,5,23,32007KT,14,13
2021-06-06 00:00:00.000,2021,6,6,0,30005KT,14,13
2021-06-06 01:00:00.000,2021,6,6,1,VRB02KT,14,13
2021-06-06 02:00:00.000,2021,6,6,2,31003KT,12,11
2021-06-06 03:00:00.000,2021,6,6,3,34003KT,13,12
2021-06-06 04:00:00.000,2021,6,6,4,01003KT,13,12
2021-06-06 05:00:00.000,2021,6,6,5,04004KT,13,12
2021-06-06 06:00:00.000,2021,6,6,6,05004KT,12,11
2021-06-06 07:00:00.000,2021,6,6,7,04006KT,12,11
2021-06-06 08:00:00.000,2021,6,6,8,04004KT,12,11
2021-06-06 09:00:00.000,2021,6,6,9,VRB02KT,11,10
2021-06-06 10:00:00.000,2021,6,6,10,VRB02KT,11,10
2021-06-06 10:30:00.000,2021,6,6,10,26003KT,11,10
2021-06-06 11:00:00.000,2021,6,6,11,25003KT,11,10
2021-06-06 12:00:00.000,2021,6,6,12,VRB02KT,13,13
2021-06-06 12:12:00.000,2021,6,6,12,VRB02KT,15,13
2021-06-06 13:00:00.000,2021,6,6,13,05003KT,15,12
2021-06-06 14:00:00.000,2021,6,6,14,01003KT,17,11
2021-06-06 15:00:00.000,2021,6,6,15,VRB02KT,16,11
2021-06-06 16:00:00.000,2021,6,6,16,10004KT,17,11
2021-06-06 16:15:00.000,2021,6,6,16,04010KT,14,13
2021-06-06 17:00:00.000,2021,6,6,17,03009KT,16,14
2021-06-06 17:34:00.000,2021,6,6,17,03006KT,16,13
2021-06-06 18:00:00.000,2021,6,6,18,09005KT,15,13
2021-06-06 19:00:00.000,2021,6,6,19,06006KT,17,11
2021-06-06 20:00:00.000,2021,6,6,20,VRB08KT,17,13
2021-06-06 21:00:00.000,2021,6,6,21,33005KT,16,14
2021-06-06 22:00:00.000,2021,6,6,22,09005KT,17,11
2021-06-06 22:19:00.000,2021,6,6,22,VRB04KT,16,11
2021-06-06 23:00:00.000,2021,6,6,23,VRB02KT,14,12
2021-06-07 00:00:00.000,2021,6,7,0,11004KT,15,12
2021-06-07 01:00:00.000,2021,6,7,1,06007KT,14,12
2021-06-07 02:00:00.000,2021,6,7,2,06007KT,13,11
2021-06-07 03:00:00.000,2021,6,7,3,08003KT,13,10
2021-06-07 04:00:00.000,2021,6,7,4,06004KT,12,10
2021-06-07 05:00:00.000,2021,6,7,5,01003KT,11,10
2021-06-07 06:00:00.000,2021,6,7,6,VRB02KT,12,10
2021-06-07 07:00:00.000,2021,6,7,7,06007KT,12,10
2021-06-07 08:00:00.000,2021,6,7,8,VRB02KT,12,10
2021-06-07 09:00:00.000,2021,6,7,9,01003KT,11,11
2021-06-07 10:00:00.000,2021,6,7,10,06005KT,11,10
2021-06-07 10:30:00.000,2021,6,7,10,02006KT,11,10
2021-06-07 11:00:00.000,2021,6,7,11,02005KT,11,10
2021-06-07 12:00:00.000,2021,6,7,12,06005KT,14,10
2021-06-07 13:00:00.000,2021,6,7,13,VRB03KT,17,10
2021-06-07 14:00:00.000,2021,6,7,14,04010KT,15,10
2021-06-07 15:00:00.000,2021,6,7,15,04007KT,16,11
2021-06-07 16:00:00.000,2021,6,7,16,03006KT,17,11
2021-06-07 17:00:00.000,2021,6,7,17,10008KT,17,10
2021-06-07 17:26:00.000,2021,6,7,17,12010KT,17,11
2021-06-07 18:00:00.000,2021,6,7,18,12008KT,19,11
2021-06-07 19:00:00.000,2021,6,7,19,14010KT,19,09
2021-06-07 20:00:00.000,2021,6,7,20,10008KT,19,10
2021-06-07 21:00:00.000,2021,6,7,21,10004KT,20,07
2021-06-07 22:00:00.000,2021,6,7,22,25010KT,17,11
2021-06-07 23:00:00.000,2021,6,7,23,28005KT,16,11
2021-06-08 00:00:00.000,2021,6,8,0,2003KT,15,12
2021-06-08 01:00:00.000,2021,6,8,1,35003KT,14,12
2021-06-08 02:00:00.000,2021,6,8,2,33003KT,13,11
2021-06-08 04:00:00.000,2021,6,8,4,27005KT,14,11
2021-06-08 05:00:00.000,2021,6,8,5,VRB02KT,13,12
2021-06-08 06:00:00.000,2021,6,8,6,VRB02KT,13,12
2021-06-08 07:00:00.000,2021,6,8,7,05007KT,12,12
2021-06-08 08:00:00.000,2021,6,8,8,04003KT,12,11
2021-06-08 09:00:00.000,2021,6,8,9,06005KT,12,12
2021-06-08 10:00:00.000,2021,6,8,10,06004KT,12,12
2021-06-08 11:00:00.000,2021,6,8,11,04005KT,12,11
2021-06-08 12:00:00.000,2021,6,8,12,05005KT,13,11
2021-06-08 13:00:00.000,2021,6,8,13,VRB02KT,13,12
2021-06-08 14:00:00.000,2021,6,8,14,VRB02KT,14,11
2021-06-08 15:00:00.000,2021,6,8,15,VRB02KT,16,11
2021-06-08 16:00:00.000,2021,6,8,16,VRB03KT,17,11
2021-06-08 17:00:00.000,2021,6,8,17,02003KT,17,11
2021-06-08 18:00:00.000,2021,6,8,18,23010KT,16,12
2021-06-08 18:10:00.000,2021,6,8,18,22009KT,15,13
2021-06-08 19:00:00.000,2021,6,8,19,25010G21KT,14,13
2021-06-08 20:00:00.000,2021,6,8,20,25009KT,14,13
2021-06-08 21:00:00.000,2021,6,8,21,25008KT,12,11
2021-06-08 22:00:00.000,2021,6,8,22,26003KT,13,13
2021-06-08 23:00:00.000,2021,6,8,23,00000KT,13,13
2021-06-09 00:00:00.000,2021,6,9,0,VRB02KT,12,12
2021-06-09 01:00:00.000,2021,6,9,1,04006KT,12,12
2021-06-09 02:00:00.000,2021,6,9,2,VRB02KT,12,12
2021-06-09 03:00:00.000,2021,6,9,3,04003KT,12,12
2021-06-09 04:00:00.000,2021,6,9,4,13003KT,12,12
2021-06-09 05:00:00.000,2021,6,9,5,VRB02KT,12,12
2021-06-09 06:00:00.000,2021,6,9,6,00000KT,11,10
2021-06-09 07:00:00.000,2021,6,9,7,34003KT,11,10
2021-06-09 08:00:00.000,2021,6,9,8,VRB02KT,11,10
2021-06-09 09:00:00.000,2021,6,9,9,VRB02KT,11,10
2021-06-09 10:00:00.000,2021,6,9,10,VRB02KT,10,10
2021-06-09 10:30:00.000,2021,6,9,10,VRB02KT,10,10
2021-06-09 11:00:00.000,2021,6,9,11,VRB02KT,10,10
2021-06-09 12:00:00.000,2021,6,9,12,VRB02KT,11,10
2021-06-09 13:00:00.000,2021,6,9,13,VRB02KT,13,12
2021-06-09 14:00:00.000,2021,6,9,14,VRB02KT,15,11
2021-06-09 15:00:00.000,2021,6,9,15,VRB02KT,15,10
2021-06-09 16:00:00.000,2021,6,9,16,23005KT,15,11
2021-06-09 17:00:00.000,2021,6,9,17,22004KT,14,13
2021-06-09 18:00:00.000,2021,6,9,18,21005KT,15,13
2021-06-09 19:00:00.000,2021,6,9,19,21004KT,16,12
2021-06-09 20:00:00.000,2021,6,9,20,32006KT,16,13
2021-06-09 20:29:00.000,2021,6,9,20,33007KT,15,13
2021-06-09 21:00:00.000,2021,6,9,21,28006KT,13,12
2021-06-09 21:30:00.000,2021,6,9,21,26005KT,13,13
2021-06-09 22:00:00.000,2021,6,9,22,26005KT,13,13
2021-06-09 23:00:00.000,2021,6,9,23,34003KT,13,13
2021-06-10 01:00:00.000,2021,6,10,1,VRB02KT,13,12
2021-06-10 02:00:00.000,2021,6,10,2,VRB02KT,13,12
2021-06-10 03:00:00.000,2021,6,10,3,VRB02KT,12,11
2021-06-10 04:00:00.000,2021,6,10,4,33003KT,12,11
2021-06-10 05:00:00.000,2021,6,10,5,33003KT,12,11
2021-06-10 07:00:00.000,2021,6,10,7,VRB02KT,12,11
2021-06-10 08:00:00.000,2021,6,10,8,12004KT,12,11
2021-06-10 09:00:00.000,2021,6,10,9,VRB02KT,12,11
2021-06-10 10:00:00.000,2021,6,10,10,VRB02KT,12,11
2021-06-10 10:30:00.000,2021,6,10,10,VRB02KT,11,11
2021-06-10 11:00:00.000,2021,6,10,11,VRB02KT,11,11
2021-06-10 12:00:00.000,2021,6,10,12,VRB02KT,12,11
2021-06-10 13:00:00.000,2021,6,10,13,VRB02KT,13,12
2021-06-10 14:00:00.000,2021,6,10,14,27005KT,14,12
2021-06-10 15:00:00.000,2021,6,10,15,31004KT,15,11
2021-06-10 16:00:00.000,2021,6,10,16,25009KT,16,10
2021-06-10 17:00:00.000,2021,6,10,17,24007KT,16,10
2021-06-10 18:00:00.000,2021,6,10,18,VRB04KT,17,11
2021-06-10 19:00:00.000,2021,6,10,19,VRB02KT,18,09
2021-06-10 20:00:00.000,2021,6,10,20,07006KT,17,12
2021-06-10 21:00:00.000,2021,6,10,21,05007KT,16,12
2021-06-10 22:00:00.000,2021,6,10,22,04010KT,15,12
2021-06-10 23:00:00.000,2021,6,10,23,04009KT,14,11
2021-06-11 00:00:00.000,2021,6,11,0,05005KT,13,11
2021-06-11 01:00:00.000,2021,6,11,1,06005KT,13,10
2021-06-11 02:00:00.000,2021,6,11,2,01003KT,12,10
2021-06-11 03:00:00.000,2021,6,11,3,35003KT,11,11
2021-06-11 04:00:00.000,2021,6,11,4,VRB02KT,12,11
2021-06-11 05:00:00.000,2021,6,11,5,06004KT,11,11
2021-06-11 06:00:00.000,2021,6,11,6,VRB02KT,12,11
2021-06-11 07:00:00.000,2021,6,11,7,02003KT,10,10
2021-06-11 08:00:00.000,2021,6,11,8,VRB02KT,09,09
2021-06-11 09:00:00.000,2021,6,11,9,28003KT,09,08
2021-06-11 10:00:00.000,2021,6,11,10,VRB02KT,08,07
2021-06-11 10:30:00.000,2021,6,11,10,VRB02KT,07,07
2021-06-11 11:00:00.000,2021,6,11,11,VRB02KT,08,07
2021-06-11 12:00:00.000,2021,6,11,12,VRB02KT,10,09
2021-06-11 13:00:00.000,2021,6,11,13,06008KT,13,12
2021-06-11 14:00:00.000,2021,6,11,14,02004KT,15,10
2021-06-11 15:00:00.000,2021,6,11,15,05006KT,17,10
2021-06-11 16:00:00.000,2021,6,11,16,35006KT,19,10
2021-06-11 17:00:00.000,2021,6,11,17,VRB02KT,20,10
2021-06-11 18:00:00.000,2021,6,11,18,35004KT,19,09
2021-06-11 19:00:00.000,2021,6,11,19,23012KT,19,19
2021-06-11 19:30:00.000,2021,6,11,19,25012KT,17,14
2021-06-11 20:00:00.000,2021,6,11,20,23010KT,16,13
2021-06-11 21:00:00.000,2021,6,11,21,25008KT,16,14
2021-06-11 22:00:00.000,2021,6,11,22,22004KT,16,13
2021-06-11 22:11:00.000,2021,6,11,22,VRB02KT,16,13
2021-06-11 23:00:00.000,2021,6,11,23,08004KT,15,13
2021-06-12 00:00:00.000,2021,6,12,0,VRB02KT,13,11
2021-06-12 01:00:00.000,2021,6,12,1,VRB02KT,13,12
2021-06-12 02:00:00.000,2021,6,12,2,VRB02KT,13,12
2021-06-12 03:00:00.000,2021,6,12,3,17004KT,14,13
2021-06-12 04:00:00.000,2021,6,12,4,34003KT,14,13
2021-06-12 05:00:00.000,2021,6,12,5,VRB02KT,13,13
2021-06-12 06:00:00.000,2021,6,12,6,12003KT,12,11
2021-06-12 07:00:00.000,2021,6,12,7,14008KT,11,11
2021-06-12 08:00:00.000,2021,6,12,8,15008KT,11,11
2021-06-12 09:00:00.000,2021,6,12,9,VRB02KT,11,11
2021-06-12 10:00:00.000,2021,6,12,10,VRB02KT,11,10
2021-06-12 10:30:00.000,2021,6,12,10,VRB02KT,11,10
2021-06-12 11:00:00.000,2021,6,12,11,04004KT,11,10
2021-06-12 12:00:00.000,2021,6,12,12,04008KT,12,11
2021-06-12 13:00:00.000,2021,6,12,13,VRB04KT,13,11
2021-06-12 14:00:00.000,2021,6,12,14,VRB02KT,16,12
2021-06-12 15:00:00.000,2021,6,12,15,VRB02KT,17,10
2021-06-12 16:00:00.000,2021,6,12,16,14009KT,18,11
2021-06-12 17:00:00.000,2021,6,12,17,VRB04KT,20,09
2021-06-12 18:00:00.000,2021,6,12,18,07005KT,20,10
2021-06-12 19:00:00.000,2021,6,12,19,05005KT,20,09
2021-06-12 20:00:00.000,2021,6,12,20,26007KT,19,12
2021-06-12 21:00:00.000,2021,6,12,21,24011KT,19,13
2021-06-12 21:30:00.000,2021,6,12,21,23006KT,18,12
2021-06-12 22:00:00.000,2021,6,12,22,11005KT,16,10
2021-06-12 23:00:00.000,2021,6,12,23,05006KT,15,12
2021-06-13 00:00:00.000,2021,6,13,0,04007KT,14,13
2021-06-13 01:00:00.000,2021,6,13,1,06010KT,14,13
2021-06-13 02:00:00.000,2021,6,13,2,05007KT,13,12
2021-06-13 03:00:00.000,2021,6,13,3,05006KT,13,12
2021-06-13 04:00:00.000,2021,6,13,4,04005KT,13,12
2021-06-13 05:00:00.000,2021,6,13,5,05008KT,13,12
2021-06-13 06:00:00.000,2021,6,13,6,05009KT,13,12
2021-06-13 07:00:00.000,2021,6,13,7,VRB02KT,13,12
2021-06-13 08:00:00.000,2021,6,13,8,05004KT,12,11
2021-06-13 09:00:00.000,2021,6,13,9,06005KT,12,11
2021-06-13 10:00:00.000,2021,6,13,10,06005KT,12,12
2021-06-13 10:30:00.000,2021,6,13,10,05004KT,12,12
2021-06-13 11:00:00.000,2021,6,13,11,04003KT,12,12
2021-06-13 12:00:00.000,2021,6,13,12,05003KT,12,12
2021-06-13 13:00:00.000,2021,6,13,13,04005KT,14,12
2021-06-13 14:00:00.000,2021,6,13,14,03006KT,15,11
2021-06-13 15:00:00.000,2021,6,13,15,19004KT,16,10
2021-06-13 16:00:00.000,2021,6,13,16,02004KT,16,11
2021-06-13 17:00:00.000,2021,6,13,17,02006KT,16,11
2021-06-13 18:00:00.000,2021,6,13,18,04006KT,18,11
2021-06-13 19:00:00.000,2021,6,13,19,09006KT,18,10
2021-06-13 20:00:00.000,2021,6,13,20,05008KT,17,11
2021-06-13 21:00:00.000,2021,6,13,21,VRB02KT,17,11
2021-06-13 22:00:00.000,2021,6,13,22,27006KT,15,13
2021-06-13 23:00:00.000,2021,6,13,23,25004KT,15,12
2021-06-14 00:00:00.000,2021,6,14,0,VRB02KT,14,13
2021-06-14 01:00:00.000,2021,6,14,1,VRB02KT,13,12
2021-06-14 02:00:00.000,2021,6,14,2,VRB02KT,13,12
2021-06-14 03:00:00.000,2021,6,14,3,VRB02KT,13,11
2021-06-14 04:00:00.000,2021,6,14,4,VRB02KT,12,11
2021-06-14 05:00:00.000,2021,6,14,5,VRB02KT,12,12
2021-06-14 06:00:00.000,2021,6,14,6,VRB02KT,12,12
2021-06-14 07:00:00.000,2021,6,14,7,VRB02KT,12,11
2021-06-14 08:00:00.000,2021,6,14,8,VRB02KT,12,11
2021-06-14 09:00:00.000,2021,6,14,9,VRB02KT,12,11
2021-06-14 10:00:00.000,2021,6,14,10,VRB02KT,11,10
2021-06-14 10:30:00.000,2021,6,14,10,VRB02KT,11,10
2021-06-14 11:00:00.000,2021,6,14,11,VRB02KT,11,10
2021-06-14 12:00:00.000,2021,6,14,12,VRB02KT,11,11
2021-06-14 13:00:00.000,2021,6,14,13,05005KT,14,13
2021-06-14 14:00:00.000,2021,6,14,14,03005KT,16,11
2021-06-14 15:00:00.000,2021,6,14,15,04003KT,16,11
2021-06-14 16:00:00.000,2021,6,14,16,07003KT,16,11
2021-06-14 17:00:00.000,2021,6,14,17,04006KT,14,12
2021-06-14 18:00:00.000,2021,6,14,18,24006KT,17,13
2021-06-14 19:00:00.000,2021,6,14,19,22005KT,16,14
2021-06-14 20:00:00.000,2021,6,14,20,17003KT,16,13
2021-06-14 21:00:00.000,2021,6,14,21,27009KT,15,13
2021-06-14 22:00:00.000,2021,6,14,22,25007KT,15,13
2021-06-14 23:00:00.000,2021,6,14,23,26004KT,14,13
2021-06-15 00:00:00.000,2021,6,15,0,26004KT,14,13
2021-06-15 00:32:00.000,2021,6,15,0,01006KT,13,12
2021-06-15 01:00:00.000,2021,6,15,1,02007KT,12,12
2021-06-15 02:00:00.000,2021,6,15,2,19003KT,12,11
2021-06-15 03:00:00.000,2021,6,15,3,VRB02KT,12,11
2021-06-15 04:00:00.000,2021,6,15,4,VRB02KT,11,11
2021-06-15 05:00:00.000,2021,6,15,5,VRB02KT,12,11
2021-06-15 06:00:00.000,2021,6,15,6,VRB02KT,11,10
2021-06-15 07:00:00.000,2021,6,15,7,VRB02KT,11,10
2021-06-15 08:00:00.000,2021,6,15,8,00000KT,10,10
2021-06-15 09:00:00.000,2021,6,15,9,28003KT,10,10
2021-06-15 10:00:00.000,2021,6,15,10,29003KT,10,09
2021-06-15 10:30:00.000,2021,6,15,10,VRB02KT,09,09
2021-06-15 11:00:00.000,2021,6,15,11,VRB02KT,09,08
2021-06-15 12:00:00.000,2021,6,15,12,VRB02KT,10,09
2021-06-15 13:00:00.000,2021,6,15,13,VRB02KT,12,11
2021-06-15 14:00:00.000,2021,6,15,14,VRB02KT,14,12
2021-06-15 15:00:00.000,2021,6,15,15,04004KT,16,10
2021-06-15 16:00:00.000,2021,6,15,16,10004KT,18,09
2021-06-15 17:00:00.000,2021,6,15,17,04004KT,18,08
2021-06-15 18:00:00.000,2021,6,15,18,26010KT,16,13
2021-06-15 19:00:00.000,2021,6,15,19,28010KT,17,11
2021-06-15 20:00:00.000,2021,6,15,20,30013KT,17,13
2021-06-15 21:00:00.000,2021,6,15,21,27013KT,16,12
2021-06-15 21:19:00.000,2021,6,15,21,27010KT,15,13
2021-06-15 22:00:00.000,2021,6,15,22,16006KT,13,12
2021-06-15 23:00:00.000,2021,6,15,23,34004KT,13,12
2021-06-16 00:00:00.000,2021,6,16,0,VRB02KT,12,11
2021-06-16 01:00:00.000,2021,6,16,1,VRB02KT,11,11
2021-06-16 02:00:00.000,2021,6,16,2,VRB02KT,12,10
2021-06-16 03:00:00.000,2021,6,16,3,05005KT,12,11
2021-06-16 04:00:00.000,2021,6,16,4,VRB02KT,12,11
2021-06-16 05:00:00.000,2021,6,16,5,VRB02KT,10,09
2021-06-16 06:00:00.000,2021,6,16,6,VRB02KT,09,08
2021-06-16 07:00:00.000,2021,6,16,7,05005KT,11,10
2021-06-16 08:00:00.000,2021,6,16,8,VRB02KT,09,08
2021-06-16 09:00:00.000,2021,6,16,9,27003KT,09,09
2021-06-16 10:00:00.000,2021,6,16,10,VRB02KT,09,09
2021-06-16 10:30:00.000,2021,6,16,10,VRB02KT,09,08
2021-06-16 11:00:00.000,2021,6,16,11,28003KT,09,09
2021-06-16 12:00:00.000,2021,6,16,12,05004KT,12,11
2021-06-16 13:00:00.000,2021,6,16,13,07004KT,14,10
2021-06-16 14:00:00.000,2021,6,16,14,08006KT,16,07
2021-06-16 15:00:00.000,2021,6,16,15,07005KT,17,07
2021-06-16 16:00:00.000,2021,6,16,16,10008KT,17,07
2021-06-16 17:00:00.000,2021,6,16,17,09009KT,17,07
2021-06-16 18:00:00.000,2021,6,16,18,12008KT,18,06
2021-06-16 19:00:00.000,2021,6,16,19,136006KT,18,07
2021-06-16 20:00:00.000,2021,6,16,20,08009KT,20,05
2021-06-16 21:00:00.000,2021,6,16,21,09008KT,19,04
2021-06-16 22:00:00.000,2021,6,16,22,13007KT,19,04
2021-06-16 23:00:00.000,2021,6,16,23,10009KT,17,06
2021-06-17 00:00:00.000,2021,6,17,0,32005KT,15,11
2021-06-17 01:00:00.000,2021,6,17,1,29005KT,15,12
2021-06-17 02:00:00.000,2021,6,17,2,17012KT,14,12
2021-06-17 03:00:00.000,2021,6,17,3,14006KT,13,12
2021-06-17 04:00:00.000,2021,6,17,4,12003KT,12,12
2021-06-17 05:00:00.000,2021,6,17,5,VRB02KT,12,11
2021-06-17 06:00:00.000,2021,6,17,6,04004KT,12,11
2021-06-17 07:00:00.000,2021,6,17,7,36004KT,11,11
2021-06-17 08:00:00.000,2021,6,17,8,02003KT,11,10
2021-06-17 09:00:00.000,2021,6,17,9,05004KT,11,10
2021-06-17 10:00:00.000,2021,6,17,10,01005KT,11,10
2021-06-17 11:00:00.000,2021,6,17,11,05007KT,11,11
2021-06-17 12:00:00.000,2021,6,17,12,07008KT,13,10
2021-06-17 13:00:00.000,2021,6,17,13,08006KT,14,10
2021-06-17 14:00:00.000,2021,6,17,14,11004KT,15,09
2021-06-17 15:00:00.000,2021,6,17,15,12008KT,16,08
2021-06-17 16:00:00.000,2021,6,17,16,16012KT,17,08
2021-06-17 17:00:00.000,2021,6,17,17,16014KT,19,10
2021-06-17 18:00:00.000,2021,6,17,18,17016KT,18,08
2021-06-17 19:00:00.000,2021,6,17,19,18013KT,18,08
2021-06-17 20:00:00.000,2021,6,17,20,16012KT,19,08
2021-06-17 21:00:00.000,2021,6,17,21,16016KT,18,08
2021-06-17 22:00:00.000,2021,6,17,22,16014KT,18,08
2021-06-17 23:00:00.000,2021,6,17,23,16013KT,16,09
2021-06-18 00:00:00.000,2021,6,18,0,13010KT,14,09
2021-06-18 01:00:00.000,2021,6,18,1,16009KT,14,11
2021-06-18 02:00:00.000,2021,6,18,2,15006KT,13,10
2021-06-18 03:00:00.000,2021,6,18,3,14006KT,13,10
2021-06-18 04:00:00.000,2021,6,18,4,11003KT,13,10
2021-06-18 05:00:00.000,2021,6,18,5,05004KT,11,10
2021-06-18 06:00:00.000,2021,6,18,6,13004KT,12,10
2021-06-18 07:00:00.000,2021,6,18,7,VRB02KT,12,10
2021-06-18 08:00:00.000,2021,6,18,8,VRB02KT,12,10
2021-06-18 09:00:00.000,2021,6,18,9,03005KT,11,10
2021-06-18 10:00:00.000,2021,6,18,10,06006KT,10,10
2021-06-18 10:30:00.000,2021,6,18,10,05005KT,10,09
2021-06-18 11:00:00.000,2021,6,18,11,15003KT,10,09
2021-06-18 12:00:00.000,2021,6,18,12,04005KT,12,10
2021-06-18 13:00:00.000,2021,6,18,13,35003KT,13,10
2021-06-18 14:00:00.000,2021,6,18,14,18004KT,15,09
2021-06-18 15:00:00.000,2021,6,18,15,14007KT,17,09
2021-06-18 16:00:00.000,2021,6,18,16,14006KT,17,10
2021-06-18 17:00:00.000,2021,6,18,17,15007KT,18,08
2021-06-18 18:00:00.000,2021,6,18,18,16007KT,19,08
2021-06-18 19:00:00.000,2021,6,18,19,17009KT,20,08
2021-06-18 20:00:00.000,2021,6,18,20,15008KT,19,08
2021-06-18 21:00:00.000,2021,6,18,21,14010KT,19,09
2021-06-18 22:00:00.000,2021,6,18,22,09007KT,18,09
2021-06-18 23:00:00.000,2021,6,18,23,10005KT,17,09
2021-06-19 00:00:00.000,2021,6,19,0,09007KT,16,09
2021-06-19 01:00:00.000,2021,6,19,1,10006KT,15,10
2021-06-19 02:00:00.000,2021,6,19,2,07006KT,15,10
2021-06-19 03:00:00.000,2021,6,19,3,05006KT,14,09
2021-06-19 04:00:00.000,2021,6,19,4,04004KT,13,10
2021-06-19 05:00:00.000,2021,6,19,5,03005KT,13,10
2021-06-19 06:00:00.000,2021,6,19,6,04006KT,12,11
2021-06-19 07:00:00.000,2021,6,19,7,06005KT,12,11
2021-06-19 08:00:00.000,2021,6,19,8,05006KT,12,11
2021-06-19 09:00:00.000,2021,6,19,9,04005KT,12,11
2021-06-19 10:00:00.000,2021,6,19,10,03005KT,11,10
2021-06-19 10:30:00.000,2021,6,19,10,03006KT,11,10
2021-06-19 11:00:00.000,2021,6,19,11,03006KT,11,10
2021-06-19 12:00:00.000,2021,6,19,12,03005KT,12,11
2021-06-19 13:00:00.000,2021,6,19,13,06007KT,14,09
2021-06-19 14:00:00.000,2021,6,19,14,06009KT,14,09
2021-06-19 15:00:00.000,2021,6,19,15,06006KT,16,09
2021-06-19 16:00:00.000,2021,6,19,16,11012KT,17,07
2021-06-19 17:00:00.000,2021,6,19,17,13011KT,18,07
2021-06-19 18:00:00.000,2021,6,19,18,10008KT,19,08
2021-06-19 19:00:00.000,2021,6,19,19,13012KT,19,06
2021-06-19 20:00:00.000,2021,6,19,20,04011KT,18,09
2021-06-19 21:00:00.000,2021,6,19,21,11011KT,19,07
2021-06-19 22:00:00.000,2021,6,19,22,14014KT,18,07
2021-06-19 23:00:00.000,2021,6,19,23,13011KT,17,06
2021-06-20 00:00:00.000,2021,6,20,0,10005KT,16,07
2021-06-20 01:00:00.000,2021,6,20,1,06007KT,14,09
2021-06-20 02:00:00.000,2021,6,20,2,08005KT,14,09
2021-06-20 03:00:00.000,2021,6,20,3,03005KT,13,10
2021-06-20 04:00:00.000,2021,6,20,4,04006KT,12,11
2021-06-20 05:00:00.000,2021,6,20,5,04007KT,12,12
2021-06-20 06:00:00.000,2021,6,20,6,04003KT,12,11
2021-06-20 08:00:00.000,2021,6,20,8,04003KT,12,11
2021-06-20 09:00:00.000,2021,6,20,9,17003KT,11,11
2021-06-20 10:00:00.000,2021,6,20,10,12004KT,11,11
2021-06-20 10:30:00.000,2021,6,20,10,VRB02KT,11,10
2021-06-20 11:00:00.000,2021,6,20,11,VRB02KT,11,10
2021-06-20 12:00:00.000,2021,6,20,12,08004KT,12,11
2021-06-20 13:00:00.000,2021,6,20,13,06007KT,13,12
2021-06-20 14:00:00.000,2021,6,20,14,04006KT,13,12
2021-06-20 15:00:00.000,2021,6,20,15,20005KT,14,12
2021-06-20 16:00:00.000,2021,6,20,16,19004KT,15,12
2021-06-20 17:00:00.000,2021,6,20,17,VRB04KT,17,11
2021-06-20 18:00:00.000,2021,6,20,18,10004KT,15,12
2021-06-20 19:00:00.000,2021,6,20,19,14006KT,17,11
2021-06-20 20:00:00.000,2021,6,20,20,16011KT,15,11
2021-06-20 21:00:00.000,2021,6,20,21,12005KT,15,11
2021-06-20 22:00:00.000,2021,6,20,22,10007KT,14,12
2021-06-20 23:00:00.000,2021,6,20,23,08004KT,13,08
2021-06-21 00:00:00.000,2021,6,21,0,06006KT,12,09
2021-06-21 01:00:00.000,2021,6,21,1,20004KT,12,09
2021-06-21 02:00:00.000,2021,6,21,2,06005KT,11,09
2021-06-21 03:00:00.000,2021,6,21,3,06008KT,11,09
2021-06-21 04:00:00.000,2021,6,21,4,06006KT,11,10
2021-06-21 05:00:00.000,2021,6,21,5,07005KT,11,10
2021-06-21 06:00:00.000,2021,6,21,6,07004KT,11,10
2021-06-21 07:00:00.000,2021,6,21,7,09004KT,11,10
2021-06-21 08:00:00.000,2021,6,21,8,VRB02KT,11,09
2021-06-21 09:00:00.000,2021,6,21,9,VRB02KT,10,09
2021-06-21 10:00:00.000,2021,6,21,10,VRB02KT,08,08
2021-06-21 10:30:00.000,2021,6,21,10,09004KT,10,10
2021-06-21 11:00:00.000,2021,6,21,11,11005KT,11,09
2021-06-21 12:00:00.000,2021,6,21,12,10005KT,12,09
2021-06-21 13:00:00.000,2021,6,21,13,15003KT,15,09
2021-06-21 14:00:00.000,2021,6,21,14,14004KT,15,08
2021-06-21 15:00:00.000,2021,6,21,15,11008KT,16,08
2021-06-21 16:00:00.000,2021,6,21,16,18013KT,17,07
2021-06-21 17:00:00.000,2021,6,21,17,14012KT,17,08
2021-06-21 18:00:00.000,2021,6,21,18,13012KT,18,08
2021-06-21 19:00:00.000,2021,6,21,19,13012KT,19,08
2021-06-21 20:00:00.000,2021,6,21,20,11010KT,19,07
2021-06-21 21:00:00.000,2021,6,21,21,13010KT,19,07
2021-06-21 22:00:00.000,2021,6,21,22,12008KT,17,06
2021-06-21 23:00:00.000,2021,6,21,23,08006KT,16,06
2021-06-22 00:00:00.000,2021,6,22,0,10005KT,15,07
2021-06-22 01:00:00.000,2021,6,22,1,02004KT,14,08
2021-06-22 02:00:00.000,2021,6,22,2,06003KT,12,09
2021-06-22 03:00:00.000,2021,6,22,3,03003KT,13,09
2021-06-22 04:00:00.000,2021,6,22,4,VRB02KT,12,09
2021-06-22 05:00:00.000,2021,6,22,5,VRB02KT,12,09
2021-06-22 06:00:00.000,2021,6,22,6,VRB02KT,12,09
2021-06-22 07:00:00.000,2021,6,22,7,VRB02KT,10,08
2021-06-22 08:00:00.000,2021,6,22,8,33003KT,10,09
2021-06-22 09:00:00.000,2021,6,22,9,07003KT,11,09
2021-06-22 10:00:00.000,2021,6,22,10,09003KT,11,10
2021-06-22 10:30:00.000,2021,6,22,10,06003KT,11,10
2021-06-22 11:00:00.000,2021,6,22,11,08003KT,11,10
2021-06-22 12:00:00.000,2021,6,22,12,15004KT,13,11
2021-06-22 13:00:00.000,2021,6,22,13,06005KT,14,12
2021-06-22 14:00:00.000,2021,6,22,14,05006KT,14,11
2021-06-22 15:00:00.000,2021,6,22,15,06004KT,15,10
2021-06-22 16:00:00.000,2021,6,22,16,24004KT,16,08
2021-06-22 17:00:00.000,2021,6,22,17,03004KT,16,09
2021-06-22 18:00:00.000,2021,6,22,18,VRB05KT,19,10
2021-06-22 19:00:00.000,2021,6,22,19,25008KT,17,11
2021-06-22 20:00:00.000,2021,6,22,20,31008KT,17,10
2021-06-22 21:00:00.000,2021,6,22,21,26006KT,17,09
2021-06-22 22:00:00.000,2021,6,22,22,32007KT,16,12
2021-06-22 23:00:00.000,2021,6,22,23,2908KT,16,12
2021-06-23 00:00:00.000,2021,6,23,0,32004KT,14,11
2021-06-23 01:00:00.000,2021,6,23,1,34005KT,12,09
2021-06-23 02:00:00.000,2021,6,23,2,VRB02KT,12,10
2021-06-23 03:00:00.000,2021,6,23,3,VRB02KT,12,10
2021-06-23 04:00:00.000,2021,6,23,4,VRB02KT,12,10
2021-06-23 05:00:00.000,2021,6,23,5,36003KT,11,10
2021-06-23 06:00:00.000,2021,6,23,6,VRB02KT,11,10
2021-06-23 07:00:00.000,2021,6,23,7,33003KT,09,08
2021-06-23 08:00:00.000,2021,6,23,8,35003KT,10,09
2021-06-23 09:00:00.000,2021,6,23,9,VRB02KT,09,07
2021-06-23 10:00:00.000,2021,6,23,10,30003KT,08,07
2021-06-23 10:30:00.000,2021,6,23,10,34004KT,08,08
2021-06-23 11:00:00.000,2021,6,23,11,VRB02KT,08,08
2021-06-23 12:00:00.000,2021,6,23,12,02003KT,10,09
2021-06-23 13:00:00.000,2021,6,23,13,04005KT,13,10
2021-06-23 14:00:00.000,2021,6,23,14,03004KT,15,09
2021-06-23 15:00:00.000,2021,6,23,15,36003KT,17,09
2021-06-23 16:00:00.000,2021,6,23,16,09004KT,17,08
2021-06-23 17:00:00.000,2021,6,23,17,02004KT,17,08
2021-06-23 18:00:00.000,2021,6,23,18,03003KT,18,08
2021-06-23 19:00:00.000,2021,6,23,19,22005KT,19,11
2021-06-23 20:00:00.000,2021,6,23,20,23006KT,17,11
2021-06-23 20:43:00.000,2021,6,23,20,30008KT,17,12
2021-06-23 21:00:00.000,2021,6,23,21,30008KT,16,13
2021-06-23 21:37:00.000,2021,6,23,21,31009KT,14,13
2021-06-23 22:00:00.000,2021,6,23,22,30008KT,14,13
2021-06-23 23:00:00.000,2021,6,23,23,27005KT,13,13
2021-06-24 00:00:00.000,2021,6,24,0,VRB02KT,13,12
2021-06-24 01:00:00.000,2021,6,24,1,VRB02KT,12,11
2021-06-24 02:00:00.000,2021,6,24,2,VRB02KT,11,10
2021-06-24 03:00:00.000,2021,6,24,3,VRB02KT,11,11
2021-06-24 04:00:00.000,2021,6,24,4,33003KT,11,10
2021-06-24 05:00:00.000,2021,6,24,5,VRB02KT,12,11
2021-06-24 06:00:00.000,2021,6,24,6,31003KT,11,10
2021-06-24 07:00:00.000,2021,6,24,7,32003KT,11,10
2021-06-24 08:00:00.000,2021,6,24,8,VRB02KT,11,10
2021-06-24 09:00:00.000,2021,6,24,9,VRB02KT,11,10
2021-06-24 10:00:00.000,2021,6,24,10,00000KT,10,09
2021-06-24 10:30:00.000,2021,6,24,10,32003KT,08,07
2021-06-24 11:00:00.000,2021,6,24,11,VRB02KT,08,08
2021-06-24 12:00:00.000,2021,6,24,12,09003KT,10,09
2021-06-24 12:30:00.000,2021,6,24,12,02004KT,13,12
2021-06-24 13:00:00.000,2021,6,24,13,35003KT,15,11
2021-06-24 14:00:00.000,2021,6,24,14,03004KT,16,10
2021-06-24 15:00:00.000,2021,6,24,15,32004KT,17,10
2021-06-24 16:00:00.000,2021,6,24,16,21005KT,18,08
2021-06-24 17:00:00.000,2021,6,24,17,33004KT,18,11
2021-06-24 18:00:00.000,2021,6,24,18,27010KT,18,11
2021-06-24 19:00:00.000,2021,6,24,19,25010KT,17,11
2021-06-24 19:10:00.000,2021,6,24,19,26010KT,17,11
2021-06-24 20:00:00.000,2021,6,24,20,321010KT,13,11
2021-06-24 21:00:00.000,2021,6,24,21,32008KT,17,12
2021-06-24 22:00:00.000,2021,6,24,22,29006KT,17,10
2021-06-24 23:00:00.000,2021,6,24,23,23006KT,16,09
2021-06-25 00:00:00.000,2021,6,25,0,VRB02KT,13,10
2021-06-25 01:00:00.000,2021,6,25,1,VRB02KT,12,11
2021-06-25 02:00:00.000,2021,6,25,2,36003KT,11,11
2021-06-25 03:00:00.000,2021,6,25,3,32003KT,11,10
2021-06-25 04:00:00.000,2021,6,25,4,VRB02KT,10,09
2021-06-25 05:00:00.000,2021,6,25,5,32003KT,08,08
2021-06-25 06:00:00.000,2021,6,25,6,VRB02KT,09,08
2021-06-25 07:00:00.000,2021,6,25,7,VRB02KT,08,08
2021-06-25 08:00:00.000,2021,6,25,8,00000KT,07,07
2021-06-25 09:00:00.000,2021,6,25,9,VRB02KT,06,06
2021-06-25 10:00:00.000,2021,6,25,10,VRB02KT,06,05
2021-06-25 10:30:00.000,2021,6,25,10,VRB02KT,06,05
2021-06-25 11:00:00.000,2021,6,25,11,VRB02KT,05,05
2021-06-25 11:30:00.000,2021,6,25,11,VRB02KT,08,07
2021-06-25 12:00:00.000,2021,6,25,12,03004KT,09,09
2021-06-25 12:30:00.000,2021,6,25,12,04005KT,10,09
2021-06-25 13:00:00.000,2021,6,25,13,05006KT,10,10
2021-06-25 13:30:00.000,2021,6,25,13,01005KT,12,11
2021-06-25 14:00:00.000,2021,6,25,14,35004KT,13,12
2021-06-25 15:00:00.000,2021,6,25,15,34004KT,16,13
2021-06-25 16:00:00.000,2021,6,25,16,33004KT,19,09
2021-06-25 17:00:00.000,2021,6,25,17,04007KT,17,10
2021-06-25 17:15:00.000,2021,6,25,17,23010KT,15,13
2021-06-25 18:00:00.000,2021,6,25,18,24007KT,13,12
2021-06-25 19:00:00.000,2021,6,25,19,21009KT,14,14
2021-06-25 20:00:00.000,2021,6,25,20,15004KT,14,12
2021-06-25 20:30:00.000,2021,6,25,20,VRB02KT,15,10
2021-06-25 21:00:00.000,2021,6,25,21,VRB02KT,15,10
2021-06-25 22:00:00.000,2021,6,25,22,32005KT,16,12
2021-06-25 23:00:00.000,2021,6,25,23,33003KT,14,12
2021-06-26 00:00:00.000,2021,6,26,0,28004KT,13,11
2021-06-26 01:00:00.000,2021,6,26,1,36003KT,12,10
2021-06-26 02:00:00.000,2021,6,26,2,35005KT,12,10
2021-06-26 03:00:00.000,2021,6,26,3,VRB02KT,11,09
2021-06-26 04:00:00.000,2021,6,26,4,33003KT,11,09
2021-06-26 05:00:00.000,2021,6,26,5,02003KT,10,09
2021-06-26 06:00:00.000,2021,6,26,6,04005KT,09,08
2021-06-26 07:00:00.000,2021,6,26,7,12003KT,09,08
2021-06-26 08:00:00.000,2021,6,26,8,32003KT,07,06
2021-06-26 09:00:00.000,2021,6,26,9,VRB02KT,06,06
2021-06-26 10:00:00.000,2021,6,26,10,VRB02KT,06,06
2021-06-26 10:30:00.000,2021,6,26,10,VRB02KT,05,04
2021-06-26 11:00:00.000,2021,6,26,11,28003KT,05,04
2021-06-26 12:00:00.000,2021,6,26,12,VRB02KT,09,08
2021-06-26 13:00:00.000,2021,6,26,13,VRB02KT,11,10
2021-06-26 14:00:00.000,2021,6,26,14,VRB02KT,14,10
2021-06-26 15:00:00.000,2021,6,26,15,VRB02KT,16,09
2021-06-26 16:00:00.000,2021,6,26,16,VRB02KT,17,08
2021-06-26 17:00:00.000,2021,6,26,17,02005KT,17,09
2021-06-26 18:00:00.000,2021,6,26,18,02003KT,15,10
2021-06-26 19:00:00.000,2021,6,26,19,22006KT,17,11
2021-06-26 20:00:00.000,2021,6,26,20,26006KT,17,11
2021-06-26 21:00:00.000,2021,6,26,21,27004KT,18,11
2021-06-26 22:00:00.000,2021,6,26,22,33004KT,17,09
2021-06-26 23:00:00.000,2021,6,26,23,35004KT,16,10
2021-06-27 00:00:00.000,2021,6,27,0,33003KT,15,09
2021-06-27 01:00:00.000,2021,6,27,1,27004KT,13,12
2021-06-27 02:00:00.000,2021,6,27,2,30003KT,12,11
2021-06-27 03:00:00.000,2021,6,27,3,VRB02KT,12,11
2021-06-27 04:00:00.000,2021,6,27,4,35003KT,12,11
2021-06-27 05:00:00.000,2021,6,27,5,00000KT,11,10
2021-06-27 06:00:00.000,2021,6,27,6,33003KT,10,09
2021-06-27 07:00:00.000,2021,6,27,7,VRB02KT,12,10
2021-06-27 08:00:00.000,2021,6,27,8,VRB02KT,11,10
2021-06-27 09:00:00.000,2021,6,27,9,VRB02KT,10,09
2021-06-27 10:00:00.000,2021,6,27,10,VRB02KT,09,08
2021-06-27 10:30:00.000,2021,6,27,10,VRB02KT,09,08
2021-06-27 11:00:00.000,2021,6,27,11,VRB02KT,09,08
2021-06-27 12:00:00.000,2021,6,27,12,VRB02KT,10,09
2021-06-27 13:00:00.000,2021,6,27,13,03003KT,12,11
2021-06-27 14:00:00.000,2021,6,27,14,03003KT,16,11
2021-06-27 15:00:00.000,2021,6,27,15,04005KT,17,10
2021-06-27 16:00:00.000,2021,6,27,16,15004KT,18,09
2021-06-27 17:00:00.000,2021,6,27,17,09007KT,19,07
2021-06-27 18:00:00.000,2021,6,27,18,24008KT,18,11
2021-06-27 19:00:00.000,2021,6,27,19,30003KT,18,10
2021-06-27 20:00:00.000,2021,6,27,20,31011KT,17,12
2021-06-27 21:00:00.000,2021,6,27,21,28010KT,16,12
2021-06-27 22:00:00.000,2021,6,27,22,29007KT,15,12
2021-06-27 23:00:00.000,2021,6,27,23,28006KT,15,12
2021-06-28 00:00:00.000,2021,6,28,0,25003KT,13,12
2021-06-28 01:00:00.000,2021,6,28,1,23003KT,13,11
2021-06-28 02:00:00.000,2021,6,28,2,23003KT,12,11
2021-06-28 03:00:00.000,2021,6,28,3,32003KT,11,10
2021-06-28 04:00:00.000,2021,6,28,4,VRB02KT,11,10
2021-06-28 04:36:00.000,2021,6,28,4,33003KT,10,09
2021-06-28 05:00:00.000,2021,6,28,5,01003KT,10,09
2021-06-28 05:30:00.000,2021,6,28,5,VRB02KT,10,09
2021-06-28 06:00:00.000,2021,6,28,6,VRB02KT,10,09
2021-06-28 07:00:00.000,2021,6,28,7,00000KT,10,09
2021-06-28 08:00:00.000,2021,6,28,8,VRB02KT,10,09
2021-06-28 09:00:00.000,2021,6,28,9,VRB02KT,10,10
2021-06-28 10:00:00.000,2021,6,28,10,02003KT,10,09
2021-06-28 10:30:00.000,2021,6,28,10,04004KT,10,09
2021-06-28 11:00:00.000,2021,6,28,11,VRB02KT,10,09
2021-06-28 12:00:00.000,2021,6,28,12,VRB02KT,11,10
2021-06-28 13:00:00.000,2021,6,28,13,05005KT,13,12
2021-06-28 14:00:00.000,2021,6,28,14,09004KT,15,10
2021-06-28 15:00:00.000,2021,6,28,15,16005KT,16,08
2021-06-28 16:00:00.000,2021,6,28,16,15010KT,17,09
2021-06-28 17:00:00.000,2021,6,28,17,15009KT,18,09
2021-06-28 18:00:00.000,2021,6,28,18,13010KT,18,09
2021-06-28 19:00:00.000,2021,6,28,19,15013KT,19,09
2021-06-28 20:00:00.000,2021,6,28,20,19010KT,18,09
2021-06-28 21:00:00.000,2021,6,28,21,35004KT,18,09
2021-06-28 22:00:00.000,2021,6,28,22,08005KT,18,08
2021-06-28 23:00:00.000,2021,6,28,23,12007KT,17,07
2021-06-29 00:00:00.000,2021,6,29,0,14008KT,15,08
2021-06-29 01:00:00.000,2021,6,29,1,13007KT,15,08
2021-06-29 02:00:00.000,2021,6,29,2,13008KT,15,09
2021-06-29 03:00:00.000,2021,6,29,3,11005KT,14,09
2021-06-29 04:00:00.000,2021,6,29,4,05004KT,12,11
2021-06-29 05:00:00.000,2021,6,29,5,VRB02KT,12,11
2021-06-29 06:00:00.000,2021,6,29,6,08005KT,11,10
2021-06-29 07:00:00.000,2021,6,29,7,03005KT,11,10
2021-06-29 08:00:00.000,2021,6,29,8,02004KT,11,10
2021-06-29 09:00:00.000,2021,6,29,9,13004KT,11,10
2021-06-29 10:00:00.000,2021,6,29,10,05005KT,11,09
2021-06-29 10:30:00.000,2021,6,29,10,06007KT,11,10
2021-06-29 11:00:00.000,2021,6,29,11,05007KT,11,10
2021-06-29 12:00:00.000,2021,6,29,12,05008KT,12,10
2021-06-29 13:00:00.000,2021,6,29,13,07008KT,14,09
2021-06-29 14:00:00.000,2021,6,29,14,10008KT,16,08
2021-06-29 15:00:00.000,2021,6,29,15,07008KT,18,09
2021-06-29 16:00:00.000,2021,6,29,16,12008KT,18,08
2021-06-29 17:00:00.000,2021,6,29,17,12012KT,19,09
2021-06-29 18:00:00.000,2021,6,29,18,13010KT,18,08
2021-06-29 19:00:00.000,2021,6,29,19,15008KT,19,06
2021-06-29 20:00:00.000,2021,6,29,20,10006KT,19,07
2021-06-29 21:00:00.000,2021,6,29,21,11005KT,18,08
2021-06-29 22:00:00.000,2021,6,29,22,06010KT,17,09
2021-06-29 23:00:00.000,2021,6,29,23,09007KT,17,08
2021-06-30 00:00:00.000,2021,6,30,0,11007KT,15,08
2021-06-30 01:00:00.000,2021,6,30,1,12007KT,15,08
2021-06-30 02:00:00.000,2021,6,30,2,12008KT,14,07
2021-06-30 03:00:00.000,2021,6,30,3,02003KT,11,08
2021-06-30 04:00:00.000,2021,6,30,4,VRB03KT,11,09
2021-06-30 05:00:00.000,2021,6,30,5,04007KT,10,08
2021-06-30 06:00:00.000,2021,6,30,6,03005KT,11,09
2021-06-30 07:00:00.000,2021,6,30,7,07003KT,12,09
2021-06-30 08:00:00.000,2021,6,30,8,VRB02KT,11,09
2021-06-30 09:00:00.000,2021,6,30,9,15008KT,12,06
2021-06-30 10:00:00.000,2021,6,30,10,21005KT,12,07
2021-06-30 10:30:00.000,2021,6,30,10,34003KT,11,09
2021-06-30 11:00:00.000,2021,6,30,11,34004KT,11,09
2021-06-30 12:00:00.000,2021,6,30,12,03004KT,12,10
2021-06-30 13:00:00.000,2021,6,30,13,08006KT,15,10
2021-06-30 14:00:00.000,2021,6,30,14,11007KT,16,08
2021-06-30 15:00:00.000,2021,6,30,15,11006KT,15,09
2021-06-30 16:00:00.000,2021,6,30,16,15010KT,17,08
2021-06-30 17:00:00.000,2021,6,30,17,17013KT,18,08
2021-06-30 18:00:00.000,2021,6,30,18,13013KT,18,07
2021-06-30 19:00:00.000,2021,6,30,19,17010KT,19,07
2021-06-30 21:00:00.000,2021,6,30,21,17008KT,17,08
2021-06-30 22:00:00.000,2021,6,30,22,13010KT,16,08
2021-06-30 23:00:00.000,2021,6,30,23,20008KT,16,08
2021-07-01 00:00:00.000,2021,7,1,0,VRB02KT,15,10
2021-07-01 01:00:00.000,2021,7,1,1,15007KT,13,08
2021-07-01 05:00:00.000,2021,7,1,5,34004KT,12,09
2021-07-01 06:00:00.000,2021,7,1,6,01003KT,11,10
2021-07-01 07:00:00.000,2021,7,1,7,04005KT,11,10
2021-07-01 08:00:00.000,2021,7,1,8,VRB02KT,11,10
2021-07-01 09:00:00.000,2021,7,1,9,03004KT,11,10
2021-07-01 10:00:00.000,2021,7,1,10,27003KT,11,10
2021-07-01 10:30:00.000,2021,7,1,10,27003KT,11,10
2021-07-01 11:00:00.000,2021,7,1,11,31003KT,10,10
2021-07-01 12:00:00.000,2021,7,1,12,VRB02KT,11,11
2021-07-01 13:00:00.000,2021,7,1,13,30003KT,12,12
2021-07-01 14:00:00.000,2021,7,1,14,01003KT,13,10
2021-07-01 15:00:00.000,2021,7,1,15,VRB02KT,15,14
2021-07-01 16:00:00.000,2021,7,1,16,VRB02KT,16,13
2021-07-01 17:00:00.000,2021,7,1,17,VRB02KT,17,09
2021-07-01 18:00:00.000,2021,7,1,18,30006KT,17,09
2021-07-01 19:00:00.000,2021,7,1,19,35003KT,15,11
2021-07-01 20:00:00.000,2021,7,1,20,03004KT,15,10
2021-07-01 21:00:00.000,2021,7,1,21,29008KT,15,10
2021-07-01 22:00:00.000,2021,7,1,22,31007KT,13,11
2021-07-01 23:00:00.000,2021,7,1,23,31005KT,13,11
2021-07-02 00:00:00.000,2021,7,2,0,34003KT,12,11
2021-07-02 01:00:00.000,2021,7,2,1,VRB02KT,12,10
2021-07-02 02:00:00.000,2021,7,2,2,VRB02KT,11,08
2021-07-02 03:00:00.000,2021,7,2,3,33003KT,10,10
2021-07-02 04:00:00.000,2021,7,2,4,01003KT,11,10
2021-07-02 05:00:00.000,2021,7,2,5,VRB02KT,11,10
2021-07-02 06:00:00.000,2021,7,2,6,VRB02KT,11,10
2021-07-02 07:00:00.000,2021,7,2,7,VRB02KT,10,10
2021-07-02 08:00:00.000,2021,7,2,8,VRB02KT,10,10
2021-07-02 09:00:00.000,2021,7,2,9,VRB02KT,11,10
2021-07-02 10:00:00.000,2021,7,2,10,VRB02KT,10,10
2021-07-02 10:30:00.000,2021,7,2,10,VRB02KT,10,09
2021-07-02 11:00:00.000,2021,7,2,11,VRB02KT,09,08
2021-07-02 12:00:00.000,2021,7,2,12,34003KT,11,08
2021-07-02 13:00:00.000,2021,7,2,13,00000KT,14,11
2021-07-02 14:00:00.000,2021,7,2,14,28005KT,16,11
2021-07-02 15:00:00.000,2021,7,2,15,29004KT,17,10
2021-07-02 16:00:00.000,2021,7,2,16,31004KT,17,09
2021-07-02 17:00:00.000,2021,7,2,17,23005KT,15,09
2021-07-02 18:00:00.000,2021,7,2,18,25010KT,16,10
2021-07-02 19:00:00.000,2021,7,2,19,24008KT,18,10
2021-07-02 20:00:00.000,2021,7,2,20,31005KT,17,10
2021-07-02 21:00:00.000,2021,7,2,21,28005KT,15,12
2021-07-02 22:00:00.000,2021,7,2,22,VRB02KT,16,13
2021-07-02 23:00:00.000,2021,7,2,23,22003KT,16,10
2021-07-03 00:00:00.000,2021,7,3,0,VRB02KT,14,11
2021-07-03 01:00:00.000,2021,7,3,1,18008KT,14,08
2021-07-03 02:00:00.000,2021,7,3,2,36004KT,11,09
2021-07-03 03:00:00.000,2021,7,3,3,VRB02KT,12,09
2021-07-03 04:00:00.000,2021,7,3,4,13005KT,11,08
2021-07-03 05:00:00.000,2021,7,3,5,17006KT,13,09
2021-07-03 06:00:00.000,2021,7,3,6,31003KT,12,10
2021-07-03 07:00:00.000,2021,7,3,7,VRB02KT,11,10
2021-07-03 08:00:00.000,2021,7,3,8,00000KT,11,10
2021-07-03 09:00:00.000,2021,7,3,9,00000KT,10,09
2021-07-03 10:00:00.000,2021,7,3,10,00000KT,10,09
2021-07-03 10:30:00.000,2021,7,3,10,00000KT,10,09
2021-07-03 11:00:00.000,2021,7,3,11,VRB02KT,09,08
2021-07-03 12:00:00.000,2021,7,3,12,04003KT,12,08
2021-07-03 13:00:00.000,2021,7,3,13,06004KT,13,09
2021-07-03 13:40:00.000,2021,7,3,13,17003KT,16,08
2021-07-03 14:00:00.000,2021,7,3,14,07003KT,16,08
2021-07-03 15:00:00.000,2021,7,3,15,15015KT,17,07
2021-07-03 16:00:00.000,2021,7,3,16,15014KT,17,07
2021-07-03 17:00:00.000,2021,7,3,17,15014KT,17,07
2021-07-03 18:00:00.000,2021,7,3,18,18013KT,17,07
2021-07-03 19:00:00.000,2021,7,3,19,15015KT,19,06
2021-07-03 20:00:00.000,2021,7,3,20,15018KT,18,06
2021-07-03 21:00:00.000,2021,7,3,21,16012KT,18,06
2021-07-03 22:00:00.000,2021,7,3,22,16013KT,17,06
2021-07-03 23:00:00.000,2021,7,3,23,14013KT,14,07
2021-07-04 00:00:00.000,2021,7,4,0,14007KT,14,06
2021-07-04 01:00:00.000,2021,7,4,1,13006KT,13,06
2021-07-04 02:00:00.000,2021,7,4,2,12005KT,13,07
2021-07-04 03:00:00.000,2021,7,4,3,15003KT,13,08
2021-07-04 04:00:00.000,2021,7,4,4,12007KT,12,08
2021-07-04 05:00:00.000,2021,7,4,5,14007KT,12,07
2021-07-04 06:00:00.000,2021,7,4,6,13006KT,12,06
2021-07-04 07:00:00.000,2021,7,4,7,05004KT,11,06
2021-07-04 08:00:00.000,2021,7,4,8,35003KT,10,06
2021-07-04 09:00:00.000,2021,7,4,9,VRB02KT,09,08
2021-07-04 10:00:00.000,2021,7,4,10,35003KT,08,07
2021-07-04 10:30:00.000,2021,7,4,10,VRB02KT,08,07
2021-07-04 11:00:00.000,2021,7,4,11,VRB02KT,08,08
2021-07-04 12:00:00.000,2021,7,4,12,33003KT,09,08
2021-07-04 13:00:00.000,2021,7,4,13,02004KT,12,08
2021-07-04 14:00:00.000,2021,7,4,14,04006KT,14,07
2021-07-04 15:00:00.000,2021,7,4,15,16012KT,16,06
2021-07-04 16:00:00.000,2021,7,4,16,17011KT,16,06
2021-07-04 17:00:00.000,2021,7,4,17,15012KT,16,06
2021-07-04 18:00:00.000,2021,7,4,18,13012KT,17,07
2021-07-04 19:00:00.000,2021,7,4,19,15010KT,16,07
2021-07-04 20:00:00.000,2021,7,4,20,14009KT,16,08
2021-07-04 21:00:00.000,2021,7,4,21,13010KT,16,07
2021-07-04 22:00:00.000,2021,7,4,22,16007KT,16,07
2021-07-04 23:00:00.000,2021,7,4,23,13009KT,15,07
2021-07-05 00:00:00.000,2021,7,5,0,14011KT,13,07
2021-07-05 01:00:00.000,2021,7,5,1,10004KT,14,06
2021-07-05 02:00:00.000,2021,7,5,2,17008KT,13,07
2021-07-05 03:00:00.000,2021,7,5,3,17008KT,13,07
2021-07-05 04:00:00.000,2021,7,5,4,16006KT,12,07
2021-07-05 05:00:00.000,2021,7,5,5,20003KT,12,07
2021-07-05 06:00:00.000,2021,7,5,6,VRB02KT,11,08
2021-07-05 07:00:00.000,2021,7,5,7,VRB02KT,10,08
2021-07-05 08:00:00.000,2021,7,5,8,VRB02KT,10,09
2021-07-05 09:00:00.000,2021,7,5,9,VRB02KT,10,09
2021-07-05 10:00:00.000,2021,7,5,10,VRB02KT,10,09
2021-07-05 10:30:00.000,2021,7,5,10,VRB02KT,10,09
2021-07-05 11:00:00.000,2021,7,5,11,VRB02KT,10,09
2021-07-05 12:00:00.000,2021,7,5,12,05005KT,11,09
2021-07-05 12:35:00.000,2021,7,5,12,04004KT,13,09
2021-07-05 13:00:00.000,2021,7,5,13,01003KT,13,09
2021-07-05 13:30:00.000,2021,7,5,13,05005KT,15,09
2021-07-05 14:00:00.000,2021,7,5,14,02005KT,14,09
2021-07-05 15:00:00.000,2021,7,5,15,19005KT,16,08
2021-07-05 16:00:00.000,2021,7,5,16,18010KT,17,08
2021-07-05 17:00:00.000,2021,7,5,17,16008KT,18,08
2021-07-05 18:00:00.000,2021,7,5,18,14010KT,19,08
2021-07-05 19:00:00.000,2021,7,5,19,13012KT,20,09
2021-07-05 20:00:00.000,2021,7,5,20,28010KT,17,11
2021-07-05 21:00:00.000,2021,7,5,21,21007KT,15,11
2021-07-05 22:00:00.000,2021,7,5,22,27007KT,14,11
2021-07-05 23:00:00.000,2021,7,5,23,33005KT,12,9
2021-07-06 00:00:00.000,2021,7,6,0,VRB02KT,11,09
2021-07-06 01:00:00.000,2021,7,6,1,VRB02KT,12,09
2021-07-06 02:00:00.000,2021,7,6,2,03004KT,11,09
2021-07-06 03:00:00.000,2021,7,6,3,03003KT,11,09
2021-07-06 04:00:00.000,2021,7,6,4,VRB02KT,12,09
2021-07-06 05:00:00.000,2021,7,6,5,04003KT,10,09
2021-07-06 06:00:00.000,2021,7,6,6,VRB02KT,10,08
2021-07-06 07:00:00.000,2021,7,6,7,34003KT,10,09
2021-07-06 08:00:00.000,2021,7,6,8,28005KT,10,09
2021-07-06 09:00:00.000,2021,7,6,9,VRB02KT,09,08
2021-07-06 10:00:00.000,2021,7,6,10,34003KT,09,09
2021-07-06 10:30:00.000,2021,7,6,10,VRB02KT,09,09
2021-07-06 11:00:00.000,2021,7,6,11,31004KT,09,09
2021-07-06 12:00:00.000,2021,7,6,12,VRB02KT,09,08
2021-07-06 13:00:00.000,2021,7,6,13,VRB02KT,14,09
2021-07-06 14:00:00.000,2021,7,6,14,17015KT,14,08
2021-07-06 15:00:00.000,2021,7,6,15,17007KT,16,08
2021-07-06 16:00:00.000,2021,7,6,16,11008KT,18,08
2021-07-06 17:00:00.000,2021,7,6,17,13009KT,18,08
2021-07-06 18:00:00.000,2021,7,6,18,15013KT,18,07
2021-07-06 19:00:00.000,2021,7,6,19,14010KT,19,09
2021-07-06 20:00:00.000,2021,7,6,20,13006KT,19,08
2021-07-06 21:00:00.000,2021,7,6,21,09006KT,19,08
2021-07-06 22:00:00.000,2021,7,6,22,16005KT,17,08
2021-07-06 23:00:00.000,2021,7,6,23,12005KT,16,08
2021-07-07 00:00:00.000,2021,7,7,0,15004KT,14,09
2021-07-07 01:00:00.000,2021,7,7,1,04006KT,13,11
2021-07-07 02:00:00.000,2021,7,7,2,07005KT,14,10
2021-07-07 03:00:00.000,2021,7,7,3,04006KT,12,10
2021-07-07 04:00:00.000,2021,7,7,4,05004KT,12,10
2021-07-07 05:00:00.000,2021,7,7,5,04005KT,11,10
2021-07-07 06:00:00.000,2021,7,7,6,03004KT,11,09
2021-07-07 07:00:00.000,2021,7,7,7,01004KT,11,09
2021-07-07 08:00:00.000,2021,7,7,8,05004KT,10,09
2021-07-07 09:00:00.000,2021,7,7,9,36004KT,10,09
2021-07-07 10:00:00.000,2021,7,7,10,04006KT,09,08
2021-07-07 10:30:00.000,2021,7,7,10,05004KT,10,09
2021-07-07 11:00:00.000,2021,7,7,11,03004KT,09,08
2021-07-07 12:00:00.000,2021,7,7,12,03004KT,11,10
2021-07-07 13:00:00.000,2021,7,7,13,04003KT,13,10
2021-07-07 14:00:00.000,2021,7,7,14,04007KT,14,10
2021-07-07 15:00:00.000,2021,7,7,15,13010KT,17,08
2021-07-07 15:30:00.000,2021,7,7,15,14013KT,17,09
2021-07-07 16:00:00.000,2021,7,7,16,12011KT,17,08
2021-07-07 17:00:00.000,2021,7,7,17,15008KT,18,08
2021-07-07 18:00:00.000,2021,7,7,18,12008KT,18,08
2021-07-07 19:00:00.000,2021,7,7,19,10009KT,18,07
2021-07-07 20:00:00.000,2021,7,7,20,11009KT,19,07
2021-07-07 21:00:00.000,2021,7,7,21,12008KT,18,07
2021-07-07 22:00:00.000,2021,7,7,22,12010KT,17,07
2021-07-07 23:00:00.000,2021,7,7,23,12008KT,16,07
2021-07-08 00:00:00.000,2021,7,8,0,12006KT,15,07
2021-07-08 01:00:00.000,2021,7,8,1,04004KT,13,07
2021-07-08 02:00:00.000,2021,7,8,2,04005KT,12,08
2021-07-08 03:00:00.000,2021,7,8,3,04003KT,13,09
2021-07-08 04:00:00.000,2021,7,8,4,06003KT,13,09
2021-07-08 05:00:00.000,2021,7,8,5,VRB02KT,13,09
2021-07-08 06:00:00.000,2021,7,8,6,VRB02KT,12,10
2021-07-08 07:00:00.000,2021,7,8,7,04007KT,10,10
2021-07-08 08:00:00.000,2021,7,8,8,VRB02KT,11,09
2021-07-08 09:00:00.000,2021,7,8,9,03003KT,11,10
2021-07-08 10:00:00.000,2021,7,8,10,05008KT,11,10
2021-07-08 10:30:00.000,2021,7,8,10,04007KT,11,10
2021-07-08 11:00:00.000,2021,7,8,11,05006KT,11,11
2021-07-08 12:00:00.000,2021,7,8,12,02003KT,12,10
2021-07-08 13:00:00.000,2021,7,8,13,02006KT,13,10
2021-07-08 14:00:00.000,2021,7,8,14,07007KT,13,11
2021-07-08 14:10:00.000,2021,7,8,14,08003KT,13,13
2021-07-08 14:30:00.000,2021,7,8,14,07003KT,15,14
2021-07-08 15:00:00.000,2021,7,8,15,11003KT,15,11
2021-07-08 16:00:00.000,2021,7,8,16,13007KT,17,13
2021-07-08 17:00:00.000,2021,7,8,17,11010KT,18,11
2021-07-08 18:00:00.000,2021,7,8,18,15012KT,20,10
2021-07-08 19:00:00.000,2021,7,8,19,15010KT,18,9
2021-07-08 20:00:00.000,2021,7,8,20,16013KT,20,09
2021-07-08 21:00:00.000,2021,7,8,21,VRB08KT,19,06
2021-07-08 22:00:00.000,2021,7,8,22,12007KT,18,06
2021-07-08 23:00:00.000,2021,7,8,23,05010KT,16,08
2021-07-09 00:00:00.000,2021,7,9,0,VRB02KT,14,07
2021-07-09 01:00:00.000,2021,7,9,1,28004KT,13,10
2021-07-09 02:00:00.000,2021,7,9,2,35003KT,13,09
2021-07-09 03:00:00.000,2021,7,9,3,03006KT,13,10
2021-07-09 04:00:00.000,2021,7,9,4,VRB02KT,12,11
2021-07-09 05:00:00.000,2021,7,9,5,04004KT,11,10
2021-07-09 06:00:00.000,2021,7,9,6,05003KT,11,11
2021-07-09 07:00:00.000,2021,7,9,7,05003KT,11,11
2021-07-09 08:00:00.000,2021,7,9,8,VRB02KT,11,10
2021-07-09 09:00:00.000,2021,7,9,9,01003KT,09,08
2021-07-09 10:00:00.000,2021,7,9,10,04005KT,10,09
2021-07-09 10:30:00.000,2021,7,9,10,05005KT,10,09
2021-07-09 11:00:00.000,2021,7,9,11,04003KT,10,09
2021-07-09 12:00:00.000,2021,7,9,12,05005KT,12,10
2021-07-09 13:00:00.000,2021,7,9,13,03004KT,14,12
2021-07-09 14:00:00.000,2021,7,9,14,06004KT,16,11
2021-07-09 15:00:00.000,2021,7,9,15,VRB02KT,17,10
2021-07-09 16:00:00.000,2021,7,9,16,VRB02KT,18,12
2021-07-09 17:00:00.000,2021,7,9,17,VRB02KT,19,10
2021-07-09 18:00:00.000,2021,7,9,18,14011KT,19,09
2021-07-09 19:00:00.000,2021,7,9,19,16009KT,19,09
2021-07-09 20:00:00.000,2021,7,9,20,05008KT,17,12
2021-07-09 21:00:00.000,2021,7,9,21,12008KT,17,11
2021-07-09 21:30:00.000,2021,7,9,21,12007KT,16,10
2021-07-09 22:00:00.000,2021,7,9,22,14011KT,16,10
2021-07-09 23:00:00.000,2021,7,9,23,13011KT,16,08
2021-07-10 00:00:00.000,2021,7,10,0,17006KT,14,09
2021-07-10 01:00:00.000,2021,7,10,1,14007KT,12,10
2021-07-10 02:00:00.000,2021,7,10,2,04009KT,12,09
2021-07-10 03:00:00.000,2021,7,10,3,05007KT,11,09
2021-07-10 04:00:00.000,2021,7,10,4,05006KT,11,09
2021-07-10 05:00:00.000,2021,7,10,5,35005KT,11,09
2021-07-10 06:00:00.000,2021,7,10,6,03004KT,11,09
2021-07-10 07:00:00.000,2021,7,10,7,06005KT,11,09
2021-07-10 08:00:00.000,2021,7,10,8,03004KT,11,09
2021-07-10 09:00:00.000,2021,7,10,9,04007KT,11,09
2021-07-10 10:00:00.000,2021,7,10,10,05007KT,11,09
2021-07-10 10:30:00.000,2021,7,10,10,05008KT,11,09
2021-07-10 11:00:00.000,2021,7,10,11,06006KT,11,09
2021-07-10 12:00:00.000,2021,7,10,12,08005KT,13,09
2021-07-10 13:00:00.000,2021,7,10,13,05005KT,13,10
2021-07-10 14:00:00.000,2021,7,10,14,06006KT,14,10
2021-07-10 15:00:00.000,2021,7,10,15,12003KT,15,09
2021-07-10 16:00:00.000,2021,7,10,16,27004KT,16,09
2021-07-10 17:00:00.000,2021,7,10,17,16006KT,18,08
2021-07-10 18:00:00.000,2021,7,10,18,05005KT,19,09
2021-07-10 19:00:00.000,2021,7,10,19,15008KT,19,10
2021-07-10 20:00:00.000,2021,7,10,20,14006KT,20,07
2021-07-10 21:00:00.000,2021,7,10,21,15007KT,19,07
2021-07-10 22:00:00.000,2021,7,10,22,18011KT,18,07
2021-07-10 23:00:00.000,2021,7,10,23,11007KT,17,08
2021-07-11 00:00:00.000,2021,7,11,0,07004KT,16,09
2021-07-11 01:00:00.000,2021,7,11,1,08005KT,15,11
2021-07-11 02:00:00.000,2021,7,11,2,10004KT,15,09
2021-07-11 03:00:00.000,2021,7,11,3,12004KT,14,09
2021-07-11 04:00:00.000,2021,7,11,4,09005KT,14,09
2021-07-11 05:00:00.000,2021,7,11,5,06005KT,13,10
2021-07-11 06:00:00.000,2021,7,11,6,04006KT,12,10
2021-07-11 07:00:00.000,2021,7,11,7,04006KT,12,10
2021-07-11 08:00:00.000,2021,7,11,8,04006KT,12,10
2021-07-11 09:00:00.000,2021,7,11,9,05006KT,12,10
2021-07-11 10:00:00.000,2021,7,11,10,VRB02KT,11,09
2021-07-11 10:30:00.000,2021,7,11,10,01003KT,11,09
2021-07-11 11:00:00.000,2021,7,11,11,01003KT,11,09
2021-07-11 12:00:00.000,2021,7,11,12,05004KT,12,09
2021-07-11 13:00:00.000,2021,7,11,13,06005KT,14,09
2021-07-11 14:00:00.000,2021,7,11,14,12006KT,16,08
2021-07-11 15:00:00.000,2021,7,11,15,10005KT,18,07
2021-07-11 16:00:00.000,2021,7,11,16,12009KT,19,08
2021-07-11 17:00:00.000,2021,7,11,17,13010KT,19,09
2021-07-11 18:00:00.000,2021,7,11,18,09008KT,18,08
2021-07-11 19:00:00.000,2021,7,11,19,09007KT,19,09
2021-07-11 20:00:00.000,2021,7,11,20,12008KT,19,08
2021-07-11 21:00:00.000,2021,7,11,21,13003KT,19,08
2021-07-11 22:00:00.000,2021,7,11,22,13009KT,19,06
2021-07-11 23:00:00.000,2021,7,11,23,26005KT,16,11
2021-07-12 00:00:00.000,2021,7,12,0,33005KT,14,13
2021-07-12 01:00:00.000,2021,7,12,1,VRB02KT,13,12
2021-07-12 02:00:00.000,2021,7,12,2,VRB02KT,13,11
2021-07-12 03:00:00.000,2021,7,12,3,10004KT,14,10
2021-07-12 04:00:00.000,2021,7,12,4,09005KT,14,10
2021-07-12 05:00:00.000,2021,7,12,5,10005KT,13,09
2021-07-12 06:00:00.000,2021,7,12,6,05003KT,13,09
2021-07-12 07:00:00.000,2021,7,12,7,VRB02KT,11,10
2021-07-12 08:00:00.000,2021,7,12,8,01004KT,12,10
2021-07-12 09:00:00.000,2021,7,12,9,05007KT,12,10
2021-07-12 10:00:00.000,2021,7,12,10,02004KT,12,10
2021-07-12 10:30:00.000,2021,7,12,10,VRB02KT,12,10
2021-07-12 11:00:00.000,2021,7,12,11,08005KT,12,10
2021-07-12 12:00:00.000,2021,7,12,12,04004KT,13,11
2021-07-12 13:00:00.000,2021,7,12,13,07008KT,15,10
2021-07-12 14:00:00.000,2021,7,12,14,07006KT,16,10
2021-07-12 15:00:00.000,2021,7,12,15,11009KT,17,08
2021-07-12 16:00:00.000,2021,7,12,16,15014KT,17,10
2021-07-12 17:00:00.000,2021,7,12,17,14027KT,18,09
2021-07-12 18:00:00.000,2021,7,12,18,14011KT,19,10
2021-07-12 19:00:00.000,2021,7,12,19,14010KT,19,08
2021-07-12 20:00:00.000,2021,7,12,20,12010KT,20,07
2021-07-12 21:00:00.000,2021,7,12,21,15013KT,18,09
2021-07-12 22:00:00.000,2021,7,12,22,13008KT,17,08
2021-07-12 23:00:00.000,2021,7,12,23,16009KT,16,08
2021-07-13 00:00:00.000,2021,7,13,0,13009KT,15,07
2021-07-13 01:00:00.000,2021,7,13,1,14009KT,14,08
2021-07-13 02:00:00.000,2021,7,13,2,14006KT,15,07
2021-07-13 03:00:00.000,2021,7,13,3,13006KT,15,07
2021-07-13 04:00:00.000,2021,7,13,4,07006KT,14,08
2021-07-13 05:00:00.000,2021,7,13,5,05006KT,12,09
2021-07-13 06:00:00.000,2021,7,13,6,04006KT,12,09
2021-07-13 07:00:00.000,2021,7,13,7,04007KT,12,09
2021-07-13 08:00:00.000,2021,7,13,8,01003KT,11,08
2021-07-13 09:00:00.000,2021,7,13,9,34003KT,11,09
2021-07-13 10:00:00.000,2021,7,13,10,01003KT,11,09
2021-07-13 10:30:00.000,2021,7,13,10,06003KT,11,09
2021-07-13 11:00:00.000,2021,7,13,11,04003KT,11,09
2021-07-13 12:00:00.000,2021,7,13,12,06008KT,13,09
2021-07-13 13:00:00.000,2021,7,13,13,10006KT,15,08
2021-07-13 14:00:00.000,2021,7,13,14,12008KT,16,08
2021-07-13 15:00:00.000,2021,7,13,15,08007KT,16,08
2021-07-13 16:00:00.000,2021,7,13,16,13014KT,17,09
2021-07-13 17:00:00.000,2021,7,13,17,10009KT,17,08
2021-07-13 18:00:00.000,2021,7,13,18,14010KT,17,10
2021-07-13 19:00:00.000,2021,7,13,19,07012KT,14,09
2021-07-13 20:00:00.000,2021,7,13,20,07009KT,14,10
2021-07-13 21:00:00.000,2021,7,13,21,14013KT,15,09
2021-07-13 22:00:00.000,2021,7,13,22,07005KT,15,09
2021-07-13 23:00:00.000,2021,7,13,23,11008KT,14,08
2021-07-14 00:00:00.000,2021,7,14,0,11005KT,13,09
2021-07-14 01:00:00.000,2021,7,14,1,07006KT,11,09
2021-07-14 02:00:00.000,2021,7,14,2,11004KT,12,09
2021-07-14 03:00:00.000,2021,7,14,3,07005KT,11,08
2021-07-14 04:00:00.000,2021,7,14,4,02005KT,11,08
2021-07-14 05:00:00.000,2021,7,14,5,04004KT,10,08
2021-07-14 06:00:00.000,2021,7,14,6,VRB02KT,11,08
2021-07-14 07:00:00.000,2021,7,14,7,05003KT,11,09
2021-07-14 08:00:00.000,2021,7,14,8,VRB02KT,11,08
2021-07-14 09:00:00.000,2021,7,14,9,VRB02KT,09,08
2021-07-14 10:00:00.000,2021,7,14,10,07004KT,10,08
2021-07-14 10:30:00.000,2021,7,14,10,06004KT,10,07
2021-07-14 11:00:00.000,2021,7,14,11,05005KT,10,07
2021-07-14 12:00:00.000,2021,7,14,12,07005KT,11,08
2021-07-14 12:23:00.000,2021,7,14,12,11003KT,13,08
2021-07-14 13:00:00.000,2021,7,14,13,11005KT,14,08
2021-07-14 14:00:00.000,2021,7,14,14,10007KT,15,08
2021-07-14 15:00:00.000,2021,7,14,15,10005KT,16,08
2021-07-14 16:00:00.000,2021,7,14,16,02004KT,15,10
2021-07-14 16:07:00.000,2021,7,14,16,VRB04KT,17,09
2021-07-14 17:00:00.000,2021,7,14,17,07007KT,17,08
2021-07-14 18:00:00.000,2021,7,14,18,06011KT,18,09
2021-07-14 19:00:00.000,2021,7,14,19,06006KT,18,09
2021-07-14 20:00:00.000,2021,7,14,20,06008KT,18,08
2021-07-14 21:00:00.000,2021,7,14,21,13006KT,18,07
2021-07-14 22:00:00.000,2021,7,14,22,14011KT,17,08
2021-07-14 23:00:00.000,2021,7,14,23,12012KT,16,08
2021-07-15 00:00:00.000,2021,7,15,0,12006KT,14,10
2021-07-15 01:00:00.000,2021,7,15,1,13009KT,12,10
2021-07-15 02:00:00.000,2021,7,15,2,14006KT,12,10
2021-07-15 03:00:00.000,2021,7,15,3,04005KT,12,10
2021-07-15 05:00:00.000,2021,7,15,5,VRB02KT,11,10
2021-07-15 06:00:00.000,2021,7,15,6,VRB02KT,11,10
2021-07-15 07:00:00.000,2021,7,15,7,VRB02KT,10,09
2021-07-15 08:00:00.000,2021,7,15,8,00000KT,,
2021-07-15 09:00:00.000,2021,7,15,9,08004KT,10,09
2021-07-15 10:00:00.000,2021,7,15,10,07006KT,10,09
2021-07-15 10:30:00.000,2021,7,15,10,04005KT,10,09
2021-07-15 11:00:00.000,2021,7,15,11,VRB02KT,10,09
2021-07-15 12:00:00.000,2021,7,15,12,05004KT,11,11
2021-07-15 13:00:00.000,2021,7,15,13,05007KT,13,11
2021-07-15 14:00:00.000,2021,7,15,14,06007KT,16,10
2021-07-15 15:00:00.000,2021,7,15,15,09010KT,18,09
2021-07-15 16:00:00.000,2021,7,15,16,12009KT,19,09
2021-07-15 17:00:00.000,2021,7,15,17,13010KT,19,09
2021-07-15 18:00:00.000,2021,7,15,18,13011KT,19,08
2021-07-15 19:00:00.000,2021,7,15,19,08011KT,20,09
2021-07-15 20:00:00.000,2021,7,15,20,15009KT,20,09
2021-07-15 21:00:00.000,2021,7,15,21,12009KT,19,09
2021-07-15 22:00:00.000,2021,7,15,22,11008KT,18,08
2021-07-15 23:00:00.000,2021,7,15,23,13011KT,17,08
2021-07-16 00:00:00.000,2021,7,16,0,09005KT,15,09
2021-07-16 01:00:00.000,2021,7,16,1,13007KT,14,09
2021-07-16 02:00:00.000,2021,7,16,2,09003KT,13,09
2021-07-16 03:00:00.000,2021,7,16,3,28003KT,12,10
2021-07-16 04:00:00.000,2021,7,16,4,VRB02KT,12,10
2021-07-16 05:00:00.000,2021,7,16,5,35005KT,11,10
2021-07-16 06:00:00.000,2021,7,16,6,VRB02KT,10,09
2021-07-16 07:00:00.000,2021,7,16,7,35004KT,10,09
2021-07-16 08:00:00.000,2021,7,16,8,10004KT,11,10
2021-07-16 09:00:00.000,2021,7,16,9,15006KT,12,11
2021-07-16 10:00:00.000,2021,7,16,10,08005KT,10,09
2021-07-16 10:30:00.000,2021,7,16,10,08005KT,12,09
2021-07-16 11:00:00.000,2021,7,16,11,05006KT,12,09
2021-07-16 12:00:00.000,2021,7,16,12,36005KT,13,11
2021-07-16 13:00:00.000,2021,7,16,13,07004KT,13,09
2021-07-16 14:00:00.000,2021,7,16,14,07007KT,15,11
2021-07-16 15:00:00.000,2021,7,16,15,10005KT,18,10
2021-07-16 16:00:00.000,2021,7,16,16,18008KT,18,08
2021-07-16 17:00:00.000,2021,7,16,17,14008KT,19,10
2021-07-16 18:00:00.000,2021,7,16,18,14014KT,18,09
2021-07-16 19:00:00.000,2021,7,16,19,16009KT,19,09
2021-07-16 20:00:00.000,2021,7,16,20,12010KT,19,08
2021-07-16 21:00:00.000,2021,7,16,21,10009KT,19,08
2021-07-16 22:00:00.000,2021,7,16,22,13010KT,19,07
2021-07-16 23:00:00.000,2021,7,16,23,14011KT,17,07
2021-07-17 00:00:00.000,2021,7,17,0,13007KT,16,08
2021-07-17 01:00:00.000,2021,7,17,1,09004KT,15,09
2021-07-17 02:00:00.000,2021,7,17,2,03005KT,14,10
2021-07-17 03:00:00.000,2021,7,17,3,03004KT,13,10
2021-07-17 04:00:00.000,2021,7,17,4,36004KT,13,09
2021-07-17 05:00:00.000,2021,7,17,5,05005KT,11,10
2021-07-17 06:00:00.000,2021,7,17,6,01003KT,12,10
2021-07-17 07:00:00.000,2021,7,17,7,03004KT,11,10
2021-07-17 08:00:00.000,2021,7,17,8,05004KT,11,10
2021-07-17 09:00:00.000,2021,7,17,9,VRB02KT,12,10
2021-07-17 10:00:00.000,2021,7,17,10,02004KT,11,10
2021-07-17 10:30:00.000,2021,7,17,10,03005KT,12,09
2021-07-17 11:00:00.000,2021,7,17,11,05006KT,12,10
2021-07-17 12:00:00.000,2021,7,17,12,06008KT,15,10
2021-07-17 13:00:00.000,2021,7,17,13,07010KT,17,08
2021-07-17 14:00:00.000,2021,7,17,14,05008KT,15,09
2021-07-17 15:00:00.000,2021,7,17,15,06008KT,16,10
2021-07-17 16:00:00.000,2021,7,17,16,07008KT,18,09
2021-07-17 17:00:00.000,2021,7,17,17,07010KT,17,10
2021-07-17 18:00:00.000,2021,7,17,18,08008KT,18,10
2021-07-17 19:00:00.000,2021,7,17,19,07008KT,19,10
2021-07-17 20:00:00.000,2021,7,17,20,05010KT,20,10
2021-07-17 21:00:00.000,2021,7,17,21,11007KT,20,09
2021-07-17 22:00:00.000,2021,7,17,22,05012KT,18,10
2021-07-17 23:00:00.000,2021,7,17,23,07008KT,16,10
2021-07-18 00:00:00.000,2021,7,18,0,07009KT,16,10
2021-07-18 01:00:00.000,2021,7,18,1,10007KT,15,09
2021-07-18 02:00:00.000,2021,7,18,2,06005KT,14,10
2021-07-18 03:00:00.000,2021,7,18,3,12009KT,15,08
2021-07-18 04:00:00.000,2021,7,18,4,08006KT,14,08
2021-07-18 05:00:00.000,2021,7,18,5,12007KT,13,06
2021-07-18 06:00:00.000,2021,7,18,6,09008KT,13,05
2021-07-18 07:00:00.000,2021,7,18,7,05010KT,11,07
2021-07-18 08:00:00.000,2021,7,18,8,04003KT,11,06
2021-07-18 09:00:00.000,2021,7,18,9,02006KT,10,06
2021-07-18 10:00:00.000,2021,7,18,10,03003KT,10,07
2021-07-18 10:30:00.000,2021,7,18,10,04005KT,10,07
2021-07-18 11:00:00.000,2021,7,18,11,04006KT,11,07
2021-07-18 12:00:00.000,2021,7,18,12,05006KT,11,08
2021-07-18 13:00:00.000,2021,7,18,13,09006KT,14,07
2021-07-18 14:00:00.000,2021,7,18,14,15006KT,14,07
2021-07-18 15:00:00.000,2021,7,18,15,16008KT,15,08
2021-07-18 16:00:00.000,2021,7,18,16,34007KT,16,08
2021-07-18 17:00:00.000,2021,7,18,17,03010KT,16,09
2021-07-18 17:40:00.000,2021,7,18,17,13006KT,16,09
2021-07-18 18:00:00.000,2021,7,18,18,06007KT,15,10
2021-07-18 19:00:00.000,2021,7,18,19,12012KT,17,09
2021-07-18 20:00:00.000,2021,7,18,20,14011KT,18,09
2021-07-18 21:00:00.000,2021,7,18,21,13011KT,17,09
2021-07-18 22:00:00.000,2021,7,18,22,09010KT,16,08
2021-07-18 23:00:00.000,2021,7,18,23,16010KT,14,08
2021-07-19 00:00:00.000,2021,7,19,0,12005KT,14,08
2021-07-19 01:00:00.000,2021,7,19,1,11005KT,13,07
2021-07-19 02:00:00.000,2021,7,19,2,VRB02KT,12,08
2021-07-19 03:00:00.000,2021,7,19,3,08004KT,12,08
2021-07-19 04:00:00.000,2021,7,19,4,10005KT,12,08
2021-07-19 05:00:00.000,2021,7,19,5,10004KT,12,07
2021-07-19 06:00:00.000,2021,7,19,6,16004KT,12,07
2021-07-19 07:00:00.000,2021,7,19,7,11005KT,13,07
2021-07-19 08:00:00.000,2021,7,19,8,04004KT,11,08
2021-07-19 09:00:00.000,2021,7,19,9,04004KT,12,09
2021-07-19 10:00:00.000,2021,7,19,10,14006KT,12,07
2021-07-19 10:30:00.000,2021,7,19,10,VRB02KT,11,08
2021-07-19 11:00:00.000,2021,7,19,11,VRB02KT,12,08
2021-07-19 12:00:00.000,2021,7,19,12,07009KT,13,08
2021-07-19 13:00:00.000,2021,7,19,13,12009KT,15,09
2021-07-19 14:00:00.000,2021,7,19,14,12004KT,15,09
2021-07-19 15:00:00.000,2021,7,19,15,13008KT,17,09
2021-07-19 16:00:00.000,2021,7,19,16,10010KT,17,09
2021-07-19 17:00:00.000,2021,7,19,17,09007KT,15,10
2021-07-19 18:00:00.000,2021,7,19,18,13009KT,17,10
2021-07-19 19:00:00.000,2021,7,19,19,14014KT,17,09
2021-07-19 20:00:00.000,2021,7,19,20,14014KT,17,09
2021-07-19 21:00:00.000,2021,7,19,21,12010KT,16,08
2021-07-19 22:00:00.000,2021,7,19,22,14013KT,16,09
2021-07-19 23:00:00.000,2021,7,19,23,11009KT,15,08
2021-07-20 00:00:00.000,2021,7,20,0,12008KT,14,09
2021-07-20 01:00:00.000,2021,7,20,1,11007KT,13,08
2021-07-20 02:00:00.000,2021,7,20,2,12007KT,14,08
2021-07-20 03:00:00.000,2021,7,20,3,11006KT,14,08
2021-07-20 04:00:00.000,2021,7,20,4,12006KT,13,08
2021-07-20 05:00:00.000,2021,7,20,5,06006KT,12,09
2021-07-20 06:00:00.000,2021,7,20,6,VRB03KT,12,09
2021-07-20 07:00:00.000,2021,7,20,7,VRB02KT,12,09
2021-07-20 08:00:00.000,2021,7,20,8,07003KT,12,08
2021-07-20 09:00:00.000,2021,7,20,9,07003KT,12,08
2021-07-20 10:00:00.000,2021,7,20,10,08008T,12,08
2021-07-20 11:00:00.000,2021,7,20,11,06007KT,12,09
2021-07-20 12:00:00.000,2021,7,20,12,10007KT,14,09
2021-07-20 13:00:00.000,2021,7,20,13,06008KT,16,10
2021-07-20 14:00:00.000,2021,7,20,14,13012KT,17,08
2021-07-20 15:00:00.000,2021,7,20,15,11010KT,17,08
2021-07-20 16:00:00.000,2021,7,20,16,14011KT,18,09
2021-07-20 17:00:00.000,2021,7,20,17,13012KT,18,09
2021-07-20 18:00:00.000,2021,7,20,18,11010KT,17,09
2021-07-20 19:00:00.000,2021,7,20,19,12012KT,17,09
2021-07-20 20:00:00.000,2021,7,20,20,12008KT,18,09
2021-07-20 21:00:00.000,2021,7,20,21,13009KT,18,08
2021-07-20 22:00:00.000,2021,7,20,22,15012KT,17,07
2021-07-20 23:00:00.000,2021,7,20,23,13008KT,17,08
2021-07-21 00:00:00.000,2021,7,21,0,10006KT,15,08
2021-07-21 01:00:00.000,2021,7,21,1,12006KT,15,08
2021-07-21 02:00:00.000,2021,7,21,2,10006KT,15,08
2021-07-21 03:00:00.000,2021,7,21,3,14007KT,13,07
2021-07-21 04:00:00.000,2021,7,21,4,16008KT,14,07
2021-07-21 05:00:00.000,2021,7,21,5,15006KT,14,07
2021-07-21 06:00:00.000,2021,7,21,6,02006KT,13,09
2021-07-21 07:00:00.000,2021,7,21,7,01003KT,11,10
2021-07-21 08:00:00.000,2021,7,21,8,VRB02KT,11,10
2021-07-21 09:00:00.000,2021,7,21,9,VRB02KT,11,10
2021-07-21 10:00:00.000,2021,7,21,10,02006KT,10,09
2021-07-21 10:30:00.000,2021,7,21,10,03005KT,11,10
2021-07-21 11:00:00.000,2021,7,21,11,03005KT,11,10
2021-07-21 12:00:00.000,2021,7,21,12,VRB02KT,12,11
2021-07-21 13:00:00.000,2021,7,21,13,02004KT,15,11
2021-07-21 14:00:00.000,2021,7,21,14,04006KT,13,11
2021-07-21 15:00:00.000,2021,7,21,15,10003KT,17,12
2021-07-21 16:00:00.000,2021,7,21,16,20007KT,18,09
2021-07-21 17:00:00.000,2021,7,21,17,18009KT,19,10
2021-07-21 18:00:00.000,2021,7,21,18,14012KT,19,09
2021-07-21 19:00:00.000,2021,7,21,19,18011KT,19,11
2021-07-21 20:00:00.000,2021,7,21,20,13008KT,17,12
2021-07-21 20:20:00.000,2021,7,21,20,12005KT,16,13
2021-07-21 21:00:00.000,2021,7,21,21,16007KT,17,12
2021-07-21 22:00:00.000,2021,7,21,22,13008KT,17,10
2021-07-21 23:00:00.000,2021,7,21,23,14011KT,15,09
2021-07-22 00:00:00.000,2021,7,22,0,14010KT,15,09
2021-07-22 01:00:00.000,2021,7,22,1,19008KT,15,10
2021-07-22 02:00:00.000,2021,7,22,2,19006KT,14,10
2021-07-22 03:00:00.000,2021,7,22,3,13007KT,13,09
2021-07-22 04:00:00.000,2021,7,22,4,17008KT,13,09
2021-07-22 05:00:00.000,2021,7,22,5,13003KT,12,10
2021-07-22 06:00:00.000,2021,7,22,6,VRBO2KT,10,10
2021-07-22 07:00:00.000,2021,7,22,7,08004KT,11,10
2021-07-22 08:00:00.000,2021,7,22,8,VRB02KT,11,10
2021-07-22 09:00:00.000,2021,7,22,9,VRB02KT,11,10
2021-07-22 10:00:00.000,2021,7,22,10,VRB02KT,12,11
2021-07-22 11:00:00.000,2021,7,22,11,VRB02KT,11,11
2021-07-22 12:00:00.000,2021,7,22,12,02003KT,12,11
2021-07-22 13:00:00.000,2021,7,22,13,03005KT,14,13
2021-07-22 14:00:00.000,2021,7,22,14,33004KT,15,12
2021-07-22 15:00:00.000,2021,7,22,15,17009KT,15,12
2021-07-22 16:00:00.000,2021,7,22,16,16015KT,17,10
2021-07-22 17:00:00.000,2021,7,22,17,17014KT,18,10
2021-07-22 18:00:00.000,2021,7,22,18,15019KT,19,10
2021-07-22 19:00:00.000,2021,7,22,19,16014KT,18,10
2021-07-22 20:00:00.000,2021,7,22,20,16015KT,17,09
2021-07-22 21:00:00.000,2021,7,22,21,17014KT,18,09
2021-07-22 22:00:00.000,2021,7,22,22,16013KT,17,09
2021-07-22 23:00:00.000,2021,7,22,23,11006KT,16,08
2021-07-23 00:00:00.000,2021,7,23,0,07007KT,15,09
2021-07-23 01:00:00.000,2021,7,23,1,07004KT,15,10
2021-07-23 02:00:00.000,2021,7,23,2,VRB02KT,13,11
2021-07-23 03:00:00.000,2021,7,23,3,20004KT,13,12
2021-07-23 04:00:00.000,2021,7,23,4,36003KT,12,12
2021-07-23 05:00:00.000,2021,7,23,5,VRB02KT,12,11
2021-07-23 06:00:00.000,2021,7,23,6,03005KT,12,12
2021-07-23 07:00:00.000,2021,7,23,7,04006KT,12,12
2021-07-23 08:00:00.000,2021,7,23,8,04005KT,11,11
2021-07-23 09:00:00.000,2021,7,23,9,05006KT,12,12
2021-07-23 10:00:00.000,2021,7,23,10,04006KT,11,10
2021-07-23 10:30:00.000,2021,7,23,10,VRB02KT,11,10
2021-07-23 11:00:00.000,2021,7,23,11,VRB02KT,11,10
2021-07-23 12:00:00.000,2021,7,23,12,31003KT,13,11
2021-07-23 13:00:00.000,2021,7,23,13,02003KT,13,13
2021-07-23 14:00:00.000,2021,7,23,14,VRB02KT,14,12
2021-07-23 14:25:00.000,2021,7,23,14,16004KT,13,12
2021-07-23 15:00:00.000,2021,7,23,15,14007KT,15,13
2021-07-23 15:30:00.000,2021,7,23,15,16009KT,17,11
2021-07-23 16:00:00.000,2021,7,23,16,14007KT,18,11
2021-07-23 17:00:00.000,2021,7,23,17,14012KT,19,11
2021-07-23 18:00:00.000,2021,7,23,18,12006KT,18,10
2021-07-23 19:00:00.000,2021,7,23,19,16016KT,17,9
2021-07-23 20:00:00.000,2021,7,23,20,13012KT,18,09
2021-07-23 21:00:00.000,2021,7,23,21,16010KT,18,09
2021-07-23 22:00:00.000,2021,7,23,22,13010KT,17,09
2021-07-23 23:00:00.000,2021,7,23,23,13004KT,16,08
2021-07-24 00:00:00.000,2021,7,24,0,12004KT,15,09
2021-07-24 01:00:00.000,2021,7,24,1,08006KT,14,09
2021-07-24 02:00:00.000,2021,7,24,2,02004KT,13,09
2021-07-24 03:00:00.000,2021,7,24,3,VRB02KT,12,10
2021-07-24 04:00:00.000,2021,7,24,4,VRB02KT,10,09
2021-07-24 05:00:00.000,2021,7,24,5,VRB02KT,11,10
2021-07-24 06:00:00.000,2021,7,24,6,VRB02KT,11,11
2021-07-24 07:00:00.000,2021,7,24,7,03005KT,11,10
2021-07-24 08:00:00.000,2021,7,24,8,VRB02KT,11,10
2021-07-24 09:00:00.000,2021,7,24,9,06006KT,11,10
2021-07-24 10:00:00.000,2021,7,24,10,07006KT,11,10
2021-07-24 10:30:00.000,2021,7,24,10,07006KT,11,10
2021-07-24 11:00:00.000,2021,7,24,11,VRB02KT,11,10
2021-07-24 12:00:00.000,2021,7,24,12,VRB02KT,13,11
2021-07-24 13:00:00.000,2021,7,24,13,03005KT,15,11
2021-07-24 14:00:00.000,2021,7,24,14,03006KT,17,11
2021-07-24 15:00:00.000,2021,7,24,15,06005KT,18,10
2021-07-24 16:00:00.000,2021,7,24,16,05008KT,19,10
2021-07-24 17:00:00.000,2021,7,24,17,17006KT,18,10
2021-07-24 18:00:00.000,2021,7,24,18,24005KT,18,11
2021-07-24 19:00:00.000,2021,7,24,19,31010KT,16,13
2021-07-24 19:10:00.000,2021,7,24,19,29011KT,14,13
2021-07-24 20:00:00.000,2021,7,24,20,27011KT,14,13
2021-07-24 21:00:00.000,2021,7,24,21,27008KT,15,12
2021-07-24 22:00:00.000,2021,7,24,22,26006KT,14,13
2021-07-24 23:00:00.000,2021,7,24,23,26003KT,14,12
2021-07-25 00:00:00.000,2021,7,25,0,26006KT,13,12
2021-07-25 01:00:00.000,2021,7,25,1,VRB02KT,12,11
2021-07-25 02:00:00.000,2021,7,25,2,VRB02KT,12,11
2021-07-25 03:00:00.000,2021,7,25,3,03003KT,12,11
2021-07-25 04:00:00.000,2021,7,25,4,VRB02KT,12,11
2021-07-25 05:00:00.000,2021,7,25,5,00000KT,11,10
2021-07-25 06:00:00.000,2021,7,25,6,36003KT,12,12
2021-07-25 08:00:00.000,2021,7,25,8,VRB02KT,10,10
2021-07-25 09:00:00.000,2021,7,25,9,VRB02KT,11,10
2021-07-25 10:00:00.000,2021,7,25,10,VRB02KT,11,10
2021-07-25 10:30:00.000,2021,7,25,10,VRB02KT,11,10
2021-07-25 11:00:00.000,2021,7,25,11,VRB02KT,11,10
2021-07-25 12:00:00.000,2021,7,25,12,VRB02KT,12,12
2021-07-25 13:00:00.000,2021,7,25,13,05003KT,13,13
2021-07-25 14:00:00.000,2021,7,25,14,VRB02KT,14,13
2021-07-25 15:00:00.000,2021,7,25,15,30003KT,16,12
2021-07-25 16:00:00.000,2021,7,25,16,VRB02KT,17,10
2021-07-25 16:15:00.000,2021,7,25,16,16004KT,15,12
2021-07-25 16:30:00.000,2021,7,25,16,10008KT,14,12
2021-07-25 16:40:00.000,2021,7,25,16,05009KT,14,13
2021-07-25 17:00:00.000,2021,7,25,17,04008KT,13,13
2021-07-25 18:00:00.000,2021,7,25,18,33006KT,14,12
2021-07-25 19:00:00.000,2021,7,25,19,30008KT,14,13
2021-07-25 20:00:00.000,2021,7,25,20,33008KT,15,12
2021-07-25 21:00:00.000,2021,7,25,21,30006KT,15,12
2021-07-25 22:00:00.000,2021,7,25,22,28008KT,14,12
2021-07-25 23:00:00.000,2021,7,25,23,27006KT,14,12
2021-07-26 00:00:00.000,2021,7,26,0,00000KT,12,11
2021-07-26 01:00:00.000,2021,7,26,1,VRB02KT,11,11
2021-07-26 02:00:00.000,2021,7,26,2,31003KT,11,11
2021-07-26 03:00:00.000,2021,7,26,3,34004KT,10,09
2021-07-26 04:00:00.000,2021,7,26,4,00000KT,11,11
2021-07-26 05:00:00.000,2021,7,26,5,VRB02KT,11,11
2021-07-26 06:00:00.000,2021,7,26,6,VRB02KT,10,10
2021-07-26 07:00:00.000,2021,7,26,7,26003KT,10,09
2021-07-26 08:00:00.000,2021,7,26,8,00000KT,10,9
2021-07-26 09:00:00.000,2021,7,26,9,00000KT,09,09
2021-07-26 10:00:00.000,2021,7,26,10,VRB02KT,09,08
2021-07-26 10:30:00.000,2021,7,26,10,29004KT,09,09
2021-07-26 10:40:00.000,2021,7,26,10,33003KT,09,09
2021-07-26 11:00:00.000,2021,7,26,11,29004KT,08,08
2021-07-26 11:30:00.000,2021,7,26,11,VRB01KT,09,09
2021-07-26 12:00:00.000,2021,7,26,12,31004KT,10,10
2021-07-26 12:30:00.000,2021,7,26,12,VRB02KT,12,11
2021-07-26 13:00:00.000,2021,7,26,13,VRB02KT,12,12
2021-07-26 13:30:00.000,2021,7,26,13,03003KT,16,10
2021-07-26 14:00:00.000,2021,7,26,14,VRB02KT,15,11
2021-07-26 15:00:00.000,2021,7,26,15,VRB02KT,17,12
2021-07-26 16:00:00.000,2021,7,26,16,VRB02KT,18,10
2021-07-26 17:00:00.000,2021,7,26,17,02004KT,17,12
2021-07-26 18:00:00.000,2021,7,26,18,17003KT,20,09
2021-07-26 19:00:00.000,2021,7,26,19,27006KT,16,14
2021-07-26 20:00:00.000,2021,7,26,20,31008KT,16,14
2021-07-26 21:00:00.000,2021,7,26,21,36007KT,14,12
2021-07-26 21:20:00.000,2021,7,26,21,03009KT,13,13
2021-07-26 22:00:00.000,2021,7,26,22,05006KT,13,12
2021-07-26 23:00:00.000,2021,7,26,23,05009KT,13,10
2021-07-27 00:00:00.000,2021,7,27,0,02004KT,11,10
2021-07-27 01:00:00.000,2021,7,27,1,03005KT,10,10
2021-07-27 02:00:00.000,2021,7,27,2,03006KT,11,10
2021-07-27 03:00:00.000,2021,7,27,3,03006KT,11,10
2021-07-27 04:00:00.000,2021,7,27,4,36003KT,11,10
2021-07-27 05:00:00.000,2021,7,27,5,VRB02KT,12,10
2021-07-27 06:00:00.000,2021,7,27,6,VRB02KT,11,10
2021-07-27 07:00:00.000,2021,7,27,7,06005KT,10,09
2021-07-27 08:00:00.000,2021,7,27,8,06005KT,11,10
2021-07-27 09:00:00.000,2021,7,27,9,VRB02KT,11,10
2021-07-27 10:00:00.000,2021,7,27,10,05004KT,10,09
2021-07-27 10:30:00.000,2021,7,27,10,05005KT,11,10
2021-07-27 11:00:00.000,2021,7,27,11,05004KT,11,09
2021-07-27 12:00:00.000,2021,7,27,12,05005KT,12,10
2021-07-27 13:00:00.000,2021,7,27,13,05004KT,13,10
2021-07-27 14:00:00.000,2021,7,27,14,05005KT,14,10
2021-07-27 15:00:00.000,2021,7,27,15,34004KT,15,10
2021-07-27 16:00:00.000,2021,7,27,16,35005KT,17,10
2021-07-27 17:00:00.000,2021,7,27,17,29003KT,17,09
2021-07-27 18:00:00.000,2021,7,27,18,05005KT,17,09
2021-07-27 19:00:00.000,2021,7,27,19,12006KT,20,08
2021-07-27 20:00:00.000,2021,7,27,20,11005KT,19,08
2021-07-27 21:00:00.000,2021,7,27,21,28005KT,16,12
2021-07-27 22:00:00.000,2021,7,27,22,32004KT,16,13
2021-07-27 23:00:00.000,2021,7,27,23,31006KT,14,12
2021-07-28 00:00:00.000,2021,7,28,0,VRB02KT,12,11
2021-07-28 01:00:00.000,2021,7,28,1,VRB02KT,14,12
2021-07-28 02:00:00.000,2021,7,28,2,36003KT,13,11
2021-07-28 03:00:00.000,2021,7,28,3,VRB02KT,12,11
2021-07-28 04:00:00.000,2021,7,28,4,VRB02KT,13,11
2021-07-28 05:00:00.000,2021,7,28,5,32003KT,12,11
2021-07-28 06:00:00.000,2021,7,28,6,VRB02KT,12,11
2021-07-28 07:00:00.000,2021,7,28,7,VRB02KT,10,09
2021-07-28 08:00:00.000,2021,7,28,8,VRB02KT,11,10
2021-07-28 09:00:00.000,2021,7,28,9,29003KT,11,10
2021-07-28 10:00:00.000,2021,7,28,10,VRB02KT,11,10
2021-07-28 10:30:00.000,2021,7,28,10,VRB02KT,11,10
2021-07-28 11:00:00.000,2021,7,28,11,VRB02KT,11,10
2021-07-28 12:00:00.000,2021,7,28,12,06005KT,13,10
2021-07-28 13:00:00.000,2021,7,28,13,02005KT,15,12
2021-07-28 14:00:00.000,2021,7,28,14,02004KT,15,12
2021-07-28 15:00:00.000,2021,7,28,15,07003KT,16,10
2021-07-28 16:00:00.000,2021,7,28,16,VRB02KT,17,10
2021-07-28 17:00:00.000,2021,7,28,17,05005KT,18,10
2021-07-28 18:00:00.000,2021,7,28,18,16005KT,18,11
2021-07-28 19:00:00.000,2021,7,28,19,32004KT,17,12
2021-07-28 20:00:00.000,2021,7,28,20,20005KT,18,11
2021-07-28 21:00:00.000,2021,7,28,21,24003KT,19,10
2021-07-28 22:00:00.000,2021,7,28,22,09009KT,16,11
2021-07-28 23:00:00.000,2021,7,28,23,14004KT,16,11
2021-07-29 00:00:00.000,2021,7,29,0,VRB02KT,16,09
2021-07-29 01:00:00.000,2021,7,29,1,VRB02KT,14,10
2021-07-29 02:00:00.000,2021,7,29,2,05007KT,13,10
2021-07-29 03:00:00.000,2021,7,29,3,03007KT,13,10
2021-07-29 04:00:00.000,2021,7,29,4,05007KT,13,10
2021-07-29 05:00:00.000,2021,7,29,5,05006KT,12,10
2021-07-29 06:00:00.000,2021,7,29,6,10003KT,13,10
2021-07-29 07:00:00.000,2021,7,29,7,VRB02KT,12,10
2021-07-29 08:00:00.000,2021,7,29,8,30004KT,12,11
2021-07-29 09:00:00.000,2021,7,29,9,VRB02KT,12,10
2021-07-29 10:00:00.000,2021,7,29,10,VRB02KT,11,09
2021-07-29 10:30:00.000,2021,7,29,10,09005KT,13,08
2021-07-29 11:00:00.000,2021,7,29,11,VRB02KT,12,09
2021-07-29 12:00:00.000,2021,7,29,12,12003KT,15,07
2021-07-29 13:00:00.000,2021,7,29,13,08006KT,14,09
2021-07-29 14:00:00.000,2021,7,29,14,09006KT,14,09
2021-07-29 15:00:00.000,2021,7,29,15,07005KT,14,09
2021-07-29 16:00:00.000,2021,7,29,16,04009KT,15,09
2021-07-29 16:18:00.000,2021,7,29,16,VRB03KT,17,09
2021-07-29 17:00:00.000,2021,7,29,17,20006KT,17,08
2021-07-29 18:00:00.000,2021,7,29,18,06006KT,18,08
2021-07-29 18:19:00.000,2021,7,29,18,18006KT,20,07
2021-07-29 19:00:00.000,2021,7,29,19,23006KT,20,08
2021-07-29 20:00:00.000,2021,7,29,20,11006KT,19,08
2021-07-29 21:00:00.000,2021,7,29,21,25008KT,18,10
2021-07-29 22:00:00.000,2021,7,29,22,14012KT,18,08
2021-07-29 23:00:00.000,2021,7,29,23,16013KT,16,08
2021-07-30 00:00:00.000,2021,7,30,0,15014KT,15,09
2021-07-30 01:00:00.000,2021,7,30,1,18010KT,14,08
2021-07-30 02:00:00.000,2021,7,30,2,15007KT,13,08
2021-07-30 03:00:00.000,2021,7,30,3,11004KT,14,08
2021-07-30 04:00:00.000,2021,7,30,4,11003KT,14,09
2021-07-30 05:00:00.000,2021,7,30,5,10003KT,13,10
2021-07-30 06:00:00.000,2021,7,30,6,05004KT,12,10
2021-07-30 07:00:00.000,2021,7,30,7,05005KT,12,10
2021-07-30 08:00:00.000,2021,7,30,8,33003KT,12,10
2021-07-30 09:00:00.000,2021,7,30,9,02003KT,12,10
2021-07-30 10:00:00.000,2021,7,30,10,04006KT,12,10
2021-07-30 10:30:00.000,2021,7,30,10,05006KT,11,10
2021-07-30 11:00:00.000,2021,7,30,11,VRB05KT,11,10
2021-07-30 12:00:00.000,2021,7,30,12,VRB02KT,12,10
2021-07-30 13:00:00.000,2021,7,30,13,VRB02KT,14,10
2021-07-30 14:00:00.000,2021,7,30,14,35003KT,16,09
2021-07-30 15:00:00.000,2021,7,30,15,19009KT,17,08
2021-07-30 16:00:00.000,2021,7,30,16,19009KT,18,09
2021-07-30 17:00:00.000,2021,7,30,17,14009KT,19,08
2021-07-30 18:00:00.000,2021,7,30,18,12009KT,19,8
2021-07-30 19:00:00.000,2021,7,30,19,13010KT,20,07
2021-07-30 20:00:00.000,2021,7,30,20,07007KT,20,08
2021-07-30 21:00:00.000,2021,7,30,21,15007KT,19,08
2021-07-30 22:00:00.000,2021,7,30,22,15012KT,17,08
2021-07-30 23:00:00.000,2021,7,30,23,14009KT,16,07
2021-07-31 00:00:00.000,2021,7,31,0,13004KT,14,10
2021-07-31 01:00:00.000,2021,7,31,1,03005KT,12,11
2021-07-31 02:00:00.000,2021,7,31,2,05003KT,12,11
2021-07-31 03:00:00.000,2021,7,31,3,05005KT,12,11
2021-07-31 04:00:00.000,2021,7,31,4,03004KT,12,12
2021-07-31 05:00:00.000,2021,7,31,5,VRB02KT,12,11
2021-07-31 06:00:00.000,2021,7,31,6,VRB02KT,11,11
2021-07-31 07:00:00.000,2021,7,31,7,01003KT,12,10
2021-07-31 08:00:00.000,2021,7,31,8,04004KT,11,11
2021-07-31 09:00:00.000,2021,7,31,9,04005KT,11,11
2021-07-31 10:00:00.000,2021,7,31,10,04004KT,11,11
2021-07-31 10:30:00.000,2021,7,31,10,05005KT,11,10
2021-07-31 11:00:00.000,2021,7,31,11,06006KT,11,11
2021-07-31 12:00:00.000,2021,7,31,12,04006KT,12,10
2021-07-31 13:00:00.000,2021,7,31,13,04008KT,16,11
2021-07-31 14:00:00.000,2021,7,31,14,07008KT,18,10
2021-07-31 15:00:00.000,2021,7,31,15,15010KT,19,08
2021-07-31 16:00:00.000,2021,7,31,16,13010KT,20,09
2021-07-31 17:00:00.000,2021,7,31,17,18008KT,21,08
2021-07-31 18:00:00.000,2021,7,31,18,16010KT,20,07
2021-07-31 19:00:00.000,2021,7,31,19,12008KT,20,09
2021-07-31 20:00:00.000,2021,7,31,20,16011KT,21,08
2021-07-31 21:00:00.000,2021,7,31,21,17015KT,20,08
2021-07-31 22:00:00.000,2021,7,31,22,16007KT,18,07
2021-07-31 23:00:00.000,2021,7,31,23,16016KT,17,07
2021-08-01 00:00:00.000,2021,8,1,0,13012KT,15,07
2021-08-01 01:00:00.000,2021,8,1,1,15010KT,14,08
2021-08-01 02:00:00.000,2021,8,1,2,11005KT,14,09
2021-08-01 03:00:00.000,2021,8,1,3,08005KT,14,09
2021-08-01 04:00:00.000,2021,8,1,4,11007KT,14,09
2021-08-01 05:00:00.000,2021,8,1,5,09005KT,14,10
2021-08-01 06:00:00.000,2021,8,1,6,05004KT,11,09
2021-08-01 07:00:00.000,2021,8,1,7,01005KT,12,10
2021-08-01 08:00:00.000,2021,8,1,8,07004KT,13,11
2021-08-01 09:00:00.000,2021,8,1,9,VRB02KT,11,10
2021-08-01 10:00:00.000,2021,8,1,10,13005KT,11,09
2021-08-01 10:30:00.000,2021,8,1,10,12008KT,13,08
2021-08-01 11:00:00.000,2021,8,1,11,12007KT,13,09
2021-08-01 12:00:00.000,2021,8,1,12,10007KT,13,08
2021-08-01 13:00:00.000,2021,8,1,13,1410KT,15,08
2021-08-01 14:00:00.000,2021,8,1,14,14011KT,,
2021-08-01 15:00:00.000,2021,8,1,15,15013KT,16,08
2021-08-01 16:00:00.000,2021,8,1,16,15016KT,17,08
2021-08-01 17:00:00.000,2021,8,1,17,16016KT,18,08
2021-08-01 18:00:00.000,2021,8,1,18,15017KT,17,08
2021-08-01 19:00:00.000,2021,8,1,19,15014KT,18,08
2021-08-01 20:00:00.000,2021,8,1,20,16017KT,18,08
2021-08-01 21:00:00.000,2021,8,1,21,16013KT,17,08
2021-08-01 22:00:00.000,2021,8,1,22,14014KT,16,08
2021-08-01 23:00:00.000,2021,8,1,23,14014KT,14,07
2021-08-02 00:00:00.000,2021,8,2,0,12007KT,14,08
2021-08-02 01:00:00.000,2021,8,2,1,12005KT,14,08
2021-08-02 02:00:00.000,2021,8,2,2,17008KT,14,09
2021-08-02 03:00:00.000,2021,8,2,3,19006KT,13,10
2021-08-02 04:00:00.000,2021,8,2,4,12004KT,12,11
2021-08-02 05:00:00.000,2021,8,2,5,13004KT,12,10
2021-08-02 06:00:00.000,2021,8,2,6,18004KT,12,10
2021-08-02 07:00:00.000,2021,8,2,7,17008KT,12,09
2021-08-02 08:00:00.000,2021,8,2,8,16009KT,12,09
2021-08-02 09:00:00.000,2021,8,2,9,14009KT,12,08
2021-08-02 10:00:00.000,2021,8,2,10,14008KT,11,08
2021-08-02 10:30:00.000,2021,8,2,10,15010KT,11,08
2021-08-02 11:00:00.000,2021,8,2,11,15009KT,12,08
2021-08-02 12:00:00.000,2021,8,2,12,15007KT,13,09
2021-08-02 13:00:00.000,2021,8,2,13,16013KT,16,10
2021-08-02 14:00:00.000,2021,8,2,14,15014KT,16,08
2021-08-02 15:00:00.000,2021,8,2,15,17013KT,17,08
2021-08-02 16:00:00.000,2021,8,2,16,15013KT,17,08
2021-08-02 17:00:00.000,2021,8,2,17,16010KT,18,07
2021-08-02 18:00:00.000,2021,8,2,18,13010KT,19,08
2021-08-02 19:00:00.000,2021,8,2,19,14013KT,19,08
2021-08-02 20:00:00.000,2021,8,2,20,17015KT,18,08
2021-08-02 21:00:00.000,2021,8,2,21,17016KT,17,08
2021-08-02 22:00:00.000,2021,8,2,22,15016KT,16,07
2021-08-02 23:00:00.000,2021,8,2,23,16010KT,15,07
2021-08-03 00:00:00.000,2021,8,3,0,19008KT,14,07
2021-08-03 01:00:00.000,2021,8,3,1,16012KT,14,07
2021-08-03 02:00:00.000,2021,8,3,2,16003KT,14,08
2021-08-03 03:00:00.000,2021,8,3,3,17011KT,14,08
2021-08-03 04:00:00.000,2021,8,3,4,14011KT,13,08
2021-08-03 05:00:00.000,2021,8,3,5,14010KT,13,08
2021-08-03 06:00:00.000,2021,8,3,6,15010KT,13,08
2021-08-03 07:00:00.000,2021,8,3,7,11008KT,13,08
2021-08-03 08:00:00.000,2021,8,3,8,15009KT,12,09
2021-08-03 09:00:00.000,2021,8,3,9,16008KT,12,08
2021-08-03 10:00:00.000,2021,8,3,10,15006KT,12,08
2021-08-03 11:00:00.000,2021,8,3,11,15007KT,12,08
2021-08-03 12:00:00.000,2021,8,3,12,16011KT,12,07
2021-08-03 13:00:00.000,2021,8,3,13,14012KT,13,07
2021-08-03 14:00:00.000,2021,8,3,14,15015KT,14,07
2021-08-03 15:00:00.000,2021,8,3,15,16018KT,15,07
2021-08-03 16:00:00.000,2021,8,3,16,13014KT,15,08
2021-08-03 17:00:00.000,2021,8,3,17,15019KT,16,07
2021-08-03 18:00:00.000,2021,8,3,18,14018KT,15,07
2021-08-03 19:00:00.000,2021,8,3,19,15017KT,16,08
2021-08-03 20:00:00.000,2021,8,3,20,14013KT,15,07
2021-08-03 21:00:00.000,2021,8,3,21,14011KT,15,08
2021-08-03 22:00:00.000,2021,8,3,22,14010KT,14,08
2021-08-03 23:00:00.000,2021,8,3,23,12005KT,13,09
2021-08-04 00:00:00.000,2021,8,4,0,19007KT,13,09
2021-08-04 01:00:00.000,2021,8,4,1,23005KT,13,09
2021-08-04 02:00:00.000,2021,8,4,2,14010KT,12,08
2021-08-04 03:00:00.000,2021,8,4,3,18010KT,12,09
2021-08-04 04:00:00.000,2021,8,4,4,13005KT,12,08
2021-08-04 05:00:00.000,2021,8,4,5,28003KT,11,09
2021-08-04 06:00:00.000,2021,8,4,6,35003KT,11,09
2021-08-04 07:00:00.000,2021,8,4,7,VRB02KT,11,10
2021-08-04 08:00:00.000,2021,8,4,8,14004KT,11,06
2021-08-04 09:00:00.000,2021,8,4,9,13004KT,11,06
2021-08-04 10:00:00.000,2021,8,4,10,23005KT,11,08
2021-08-04 10:30:00.000,2021,8,4,10,21004KT,10,08
2021-08-04 11:00:00.000,2021,8,4,11,25006KT,10,08
2021-08-04 12:00:00.000,2021,8,4,12,00000KT,10,9
2021-08-04 14:00:00.000,2021,8,4,14,07003KT,16,09
2021-08-04 15:00:00.000,2021,8,4,15,09006KT,17,08
2021-08-04 16:00:00.000,2021,8,4,16,15012KT,18,08
2021-08-04 17:00:00.000,2021,8,4,17,23009KT,15,08
2021-08-04 17:37:00.000,2021,8,4,17,16008KT,17,07
2021-08-04 18:00:00.000,2021,8,4,18,16012KT,18,08
2021-08-04 19:00:00.000,2021,8,4,19,21008KT,18,09
2021-08-04 20:00:00.000,2021,8,4,20,11010KT,16,07
2021-08-04 21:00:00.000,2021,8,4,21,18011KT,17,07
2021-08-04 22:00:00.000,2021,8,4,22,23011KT,16,10
2021-08-04 23:00:00.000,2021,8,4,23,23009KT,13,10
2021-08-05 00:00:00.000,2021,8,5,0,VRB02KT,13,10
2021-08-05 01:00:00.000,2021,8,5,1,VRB02KT,12,10
2021-08-05 02:00:00.000,2021,8,5,2,VRB02KT,13,10
2021-08-05 03:00:00.000,2021,8,5,3,VRB02KT,11,10
2021-08-05 04:00:00.000,2021,8,5,4,13005KT,11,07
2021-08-05 05:00:00.000,2021,8,5,5,00000KT,10,08
2021-08-05 06:00:00.000,2021,8,5,6,04003KT,09,07
2021-08-05 07:00:00.000,2021,8,5,7,00000KT,09,07
2021-08-05 08:00:00.000,2021,8,5,8,34004KT,09,08
2021-08-05 09:00:00.000,2021,8,5,9,03005KT,09,08
2021-08-05 10:00:00.000,2021,8,5,10,05004KT,09,08
2021-08-05 10:30:00.000,2021,8,5,10,VRB02KT,08,08
2021-08-05 11:00:00.000,2021,8,5,11,VRB02KT,08,08
2021-08-05 12:00:00.000,2021,8,5,12,VRB02KT,09,08
2021-08-05 12:05:00.000,2021,8,5,12,VRB02KT,11,10
2021-08-05 12:36:00.000,2021,8,5,12,08003KT,13,10
2021-08-05 13:00:00.000,2021,8,5,13,07003KT,13,10
2021-08-05 14:00:00.000,2021,8,5,14,10006KT,15,08
2021-08-05 15:00:00.000,2021,8,5,15,13008KT,16,07
2021-08-05 16:00:00.000,2021,8,5,16,18013KT,17,09
2021-08-05 17:00:00.000,2021,8,5,17,18015KT,18,10
2021-08-05 18:00:00.000,2021,8,5,18,15014KT,19,08
2021-08-05 19:00:00.000,2021,8,5,19,17010KT,18,08
2021-08-05 20:00:00.000,2021,8,5,20,16013KT,19,09
2021-08-05 21:00:00.000,2021,8,5,21,09008KT,18,08
2021-08-05 22:00:00.000,2021,8,5,22,16015KT,17,07
2021-08-05 23:00:00.000,2021,8,5,23,19014KT,15,08
2021-08-06 00:00:00.000,2021,8,6,0,20010KT,15,08
2021-08-06 01:00:00.000,2021,8,6,1,21006KT,14,08
2021-08-06 02:00:00.000,2021,8,6,2,22008KT,14,09
2021-08-06 03:00:00.000,2021,8,6,3,VRB02KT,13,11
2021-08-06 04:00:00.000,2021,8,6,4,26005KT,13,10
2021-08-06 05:00:00.000,2021,8,6,5,VRB02KT,11,11
2021-08-06 06:00:00.000,2021,8,6,6,VRB02KT,12,11
2021-08-06 07:00:00.000,2021,8,6,7,26005KT,12,10
2021-08-06 08:00:00.000,2021,8,6,8,VRB02KT,10,09
2021-08-06 09:00:00.000,2021,8,6,9,VRB02KT,09,09
2021-08-06 10:00:00.000,2021,8,6,10,VRB02KT,09,09
2021-08-06 10:30:00.000,2021,8,6,10,VRB02KT,07,06
2021-08-06 11:00:00.000,2021,8,6,11,36004KT,09,08
2021-08-06 12:00:00.000,2021,8,6,12,VRB02KT,11,10
2021-08-06 13:00:00.000,2021,8,6,13,06004KT,12,10
2021-08-06 14:00:00.000,2021,8,6,14,01004KT,15,11
2021-08-06 15:00:00.000,2021,8,6,15,13009KT,18,09
2021-08-06 16:00:00.000,2021,8,6,16,12009KT,18,07
2021-08-06 17:00:00.000,2021,8,6,17,16014KT,19,08
2021-08-06 18:00:00.000,2021,8,6,18,14009KT,20,07
2021-08-06 19:00:00.000,2021,8,6,19,15010KT,18,08
2021-08-06 20:00:00.000,2021,8,6,20,17011KT,20,08
2021-08-06 21:00:00.000,2021,8,6,21,16010KT,18,08
2021-08-06 22:00:00.000,2021,8,6,22,13009KT,17,07
2021-08-06 23:00:00.000,2021,8,6,23,09003KT,17,08
2021-08-07 00:00:00.000,2021,8,7,0,24004KT,14,10
2021-08-07 01:00:00.000,2021,8,7,1,24006KT,12,09
2021-08-07 02:00:00.000,2021,8,7,2,00000KT,10,08
2021-08-07 03:00:00.000,2021,8,7,3,34003KT,09,08
2021-08-07 04:00:00.000,2021,8,7,4,VRB02KT,09,08
2021-08-07 05:00:00.000,2021,8,7,5,02003KT,09,09
2021-08-07 06:00:00.000,2021,8,7,6,01003KT,10,09
2021-08-07 07:00:00.000,2021,8,7,7,33004KT,09,09
2021-08-07 08:00:00.000,2021,8,7,8,33004KT,09,09
2021-08-07 09:00:00.000,2021,8,7,9,00000KT,09,08
2021-08-07 10:00:00.000,2021,8,7,10,02003KT,10,09
2021-08-07 10:30:00.000,2021,8,7,10,06003KT,09,09
2021-08-07 11:00:00.000,2021,8,7,11,03005KT,10,09
2021-08-07 12:00:00.000,2021,8,7,12,05004KT,12,11
2021-08-07 13:00:00.000,2021,8,7,13,05006KT,13,10
2021-08-07 14:00:00.000,2021,8,7,14,VRB02KT,16,10
2021-08-07 15:00:00.000,2021,8,7,15,22005KT,17,09
2021-08-07 16:00:00.000,2021,8,7,16,31004KT,18,09
2021-08-07 17:00:00.000,2021,8,7,17,02006KT,17,09
2021-08-07 18:00:00.000,2021,8,7,18,06006KT,19,08
2021-08-07 19:00:00.000,2021,8,7,19,VRB04KT,18,10
2021-08-07 20:00:00.000,2021,8,7,20,31007KT,15,13
2021-08-07 21:00:00.000,2021,8,7,21,28008KT,16,11
2021-08-07 22:00:00.000,2021,8,7,22,31007KT,17,11
2021-08-07 23:00:00.000,2021,8,7,23,29004KT,16,10
2021-08-08 00:00:00.000,2021,8,8,0,29005KT,14,10
2021-08-08 01:00:00.000,2021,8,8,1,31005KT,12,10
2021-08-08 02:00:00.000,2021,8,8,2,29004KT,12,11
2021-08-08 03:00:00.000,2021,8,8,3,27003KT,12,11
2021-08-08 04:00:00.000,2021,8,8,4,26004KT,12,11
2021-08-08 05:00:00.000,2021,8,8,5,01003KT,11,10
2021-08-08 06:00:00.000,2021,8,8,6,VRB02KT,12,11
2021-08-08 07:00:00.000,2021,8,8,7,26003KT,11,11
2021-08-08 08:00:00.000,2021,8,8,8,00000KT,10,10
2021-08-08 09:00:00.000,2021,8,8,9,29003KT,08,07
2021-08-08 10:00:00.000,2021,8,8,10,00000KT,09,08
2021-08-08 10:30:00.000,2021,8,8,10,00000KT,09,09
2021-08-08 11:00:00.000,2021,8,8,11,00000KT,09,09
2021-08-08 12:00:00.000,2021,8,8,12,32003KT,12,10
2021-08-08 13:00:00.000,2021,8,8,13,VRB02KT,15,11
2021-08-08 14:00:00.000,2021,8,8,14,30005KT,16,12
2021-08-08 15:00:00.000,2021,8,8,15,VRB02KT,17,11
2021-08-08 16:00:00.000,2021,8,8,16,VRB02KT,17,10
2021-08-08 17:00:00.000,2021,8,8,17,VRB03KT,20,09
2021-08-08 18:00:00.000,2021,8,8,18,34010KT,17,10
2021-08-08 19:00:00.000,2021,8,8,19,26011KT,17,12
2021-08-08 20:00:00.000,2021,8,8,20,23007KT,17,12
2021-08-08 20:30:00.000,2021,8,8,20,VRB05KT,16,14
2021-08-08 20:40:00.000,2021,8,8,20,32013G24KT,13,13
2021-08-08 21:00:00.000,2021,8,8,21,29012KT,13,13
2021-08-08 21:25:00.000,2021,8,8,21,25006KT,14,13
2021-08-08 22:00:00.000,2021,8,8,22,29004KT,14,13
2021-08-08 23:00:00.000,2021,8,8,23,25005KT,14,13
2021-08-09 00:00:00.000,2021,8,9,0,14011KT,13,12
2021-08-09 01:00:00.000,2021,8,9,1,15008KT,12,11
2021-08-09 02:00:00.000,2021,8,9,2,13003KT,12,12
2021-08-09 03:00:00.000,2021,8,9,3,02003KT,12,11
2021-08-09 04:00:00.000,2021,8,9,4,VRB02KT,12,11
2021-08-09 05:00:00.000,2021,8,9,5,03007KT,12,11
2021-08-09 06:00:00.000,2021,8,9,6,04006KT,12,11
2021-08-09 07:00:00.000,2021,8,9,7,05004KT,12,11
2021-08-09 08:00:00.000,2021,8,9,8,VRB02KT,12,11
2021-08-09 09:00:00.000,2021,8,9,9,04004KT,11,11
2021-08-09 10:00:00.000,2021,8,9,10,VRB02KT,11,10
2021-08-09 10:30:00.000,2021,8,9,10,VRB02KT,09,09
2021-08-09 11:00:00.000,2021,8,9,11,VRB02KT,09,09
2021-08-09 11:14:00.000,2021,8,9,11,VRB02KT,09,09
2021-08-09 12:00:00.000,2021,8,9,12,VRB02KT,11,10
2021-08-09 13:00:00.000,2021,8,9,13,03003KT,12,11
2021-08-09 14:00:00.000,2021,8,9,14,05004KT,15,12
2021-08-09 15:00:00.000,2021,8,9,15,15003KT,17,11
2021-08-09 16:00:00.000,2021,8,9,16,12005KT,18,09
2021-08-09 17:00:00.000,2021,8,9,17,14005KT,19,09
2021-08-09 18:00:00.000,2021,8,9,18,08006KT,19,09
2021-08-09 19:00:00.000,2021,8,9,19,16007KT,20,09
2021-08-09 20:00:00.000,2021,8,9,20,13006KT,21,09
2021-08-09 21:00:00.000,2021,8,9,21,11006KT,20,09
2021-08-09 22:00:00.000,2021,8,9,22,28009KT,17,12
2021-08-09 23:00:00.000,2021,8,9,23,30003KT,15,13
2021-08-10 00:00:00.000,2021,8,10,0,02003KT,14,12
2021-08-10 01:00:00.000,2021,8,10,1,32005KT,13,11
2021-08-10 02:00:00.000,2021,8,10,2,29004KT,13,11
2021-08-10 03:00:00.000,2021,8,10,3,VRB02KT,13,11
2021-08-10 04:00:00.000,2021,8,10,4,02003KT,14,11
2021-08-10 05:00:00.000,2021,8,10,5,34003KT,13,11
2021-08-10 06:00:00.000,2021,8,10,6,VRB02KT,13,10
2021-08-10 07:00:00.000,2021,8,10,7,VRB02KT,13,11
2021-08-10 08:00:00.000,2021,8,10,8,16006KT,12,12
2021-08-10 09:00:00.000,2021,8,10,9,VRB02KT,12,12
2021-08-10 10:00:00.000,2021,8,10,10,VRB02KT,12,11
2021-08-10 10:30:00.000,2021,8,10,10,VRB02KT,12,11
2021-08-10 11:00:00.000,2021,8,10,11,20004KT,12,11
2021-08-10 12:00:00.000,2021,8,10,12,34003KT,12,11
2021-08-10 13:00:00.000,2021,8,10,13,09003KT,13,12
2021-08-10 14:00:00.000,2021,8,10,14,18003KT,15,12
2021-08-10 15:00:00.000,2021,8,10,15,11006KT,17,11
2021-08-10 16:00:00.000,2021,8,10,16,12013KT,19,08
2021-08-10 17:00:00.000,2021,8,10,17,16010KT,19,09
2021-08-10 18:00:00.000,2021,8,10,18,16012KT,19,08
2021-08-10 19:00:00.000,2021,8,10,19,19014KT,19,09
2021-08-10 20:00:00.000,2021,8,10,20,19015KT,19,07
2021-08-10 21:00:00.000,2021,8,10,21,12014KT,18,07
2021-08-10 22:00:00.000,2021,8,10,22,14014KT,17,07
2021-08-10 23:00:00.000,2021,8,10,23,14013KT,16,07
2021-08-11 00:00:00.000,2021,8,11,0,12003KT,14,07
2021-08-11 01:00:00.000,2021,8,11,1,07005KT,14,08
2021-08-11 02:00:00.000,2021,8,11,2,09005KT,14,08
2021-08-11 03:00:00.000,2021,8,11,3,12006KT,14,08
2021-08-11 04:00:00.000,2021,8,11,4,VRB02KT,12,09
2021-08-11 05:00:00.000,2021,8,11,5,13007KT,13,08
2021-08-11 06:00:00.000,2021,8,11,6,13004KT,13,08
2021-08-11 07:00:00.000,2021,8,11,7,13005KT,13,07
2021-08-11 08:00:00.000,2021,8,11,8,35003KT,11,09
2021-08-11 09:00:00.000,2021,8,11,9,VRB02KT,11,09
2021-08-11 10:00:00.000,2021,8,11,10,VRB02KT,11,10
2021-08-11 10:30:00.000,2021,8,11,10,VRB02KT,11,09
2021-08-11 11:00:00.000,2021,8,11,11,VRB02KT,12,10
2021-08-11 12:00:00.000,2021,8,11,12,VRB02KT,13,11
2021-08-11 13:00:00.000,2021,8,11,13,23004KT,16,09
2021-08-11 14:00:00.000,2021,8,11,14,15008KT,16,09
2021-08-11 15:00:00.000,2021,8,11,15,15010KT,18,09
2021-08-11 16:00:00.000,2021,8,11,16,18012KT,18,08
2021-08-11 17:00:00.000,2021,8,11,17,13011KT,18,08
2021-08-11 18:00:00.000,2021,8,11,18,14011KT,20,08
2021-08-11 19:00:00.000,2021,8,11,19,12007KT,19,14
2021-08-11 20:00:00.000,2021,8,11,20,17015KT,20,08
2021-08-11 21:00:00.000,2021,8,11,21,14010KT,19,07
2021-08-11 22:00:00.000,2021,8,11,22,14011KT,18,06
2021-08-11 23:00:00.000,2021,8,11,23,VRB02KT,17,07
2021-08-12 00:00:00.000,2021,8,12,0,36004KT,14,11
2021-08-12 01:00:00.000,2021,8,12,1,32006KT,14,11
2021-08-12 02:00:00.000,2021,8,12,2,29005KT,14,11
2021-08-12 02:35:00.000,2021,8,12,2,22005KT,13,11
2021-08-12 03:00:00.000,2021,8,12,3,21005KT,12,11
2021-08-12 04:00:00.000,2021,8,12,4,00000KT,12,11
2021-08-12 05:00:00.000,2021,8,12,5,04004KT,12,11
2021-08-12 06:00:00.000,2021,8,12,6,04007KT,11,11
2021-08-12 07:00:00.000,2021,8,12,7,05010KT,12,11
2021-08-12 08:00:00.000,2021,8,12,8,04008KT,11,11
2021-08-12 09:00:00.000,2021,8,12,9,04005KT,11,10
2021-08-12 10:00:00.000,2021,8,12,10,040005KT,10,09
2021-08-12 10:30:00.000,2021,8,12,10,05004KT,10,09
2021-08-12 11:00:00.000,2021,8,12,11,06006KT,11,10
2021-08-12 12:00:00.000,2021,8,12,12,05005KT,12,10
2021-08-12 12:35:00.000,2021,8,12,12,06006KT,14,10
2021-08-12 13:00:00.000,2021,8,12,13,06006KT,15,09
2021-08-12 14:00:00.000,2021,8,12,14,07007KT,16,09
2021-08-12 15:00:00.000,2021,8,12,15,13006KT,17,09
2021-08-12 16:00:00.000,2021,8,12,16,23005KT,17,08
2021-08-12 17:00:00.000,2021,8,12,17,VRB02KT,16,08
2021-08-12 17:15:00.000,2021,8,12,17,12004KT,18,09
2021-08-12 18:00:00.000,2021,8,12,18,19005KT,18,09
2021-08-12 19:00:00.000,2021,8,12,19,08006KT,20,09
2021-08-12 20:00:00.000,2021,8,12,20,12009KT,20,08
2021-08-12 21:00:00.000,2021,8,12,21,28010KT,16,11
2021-08-12 22:00:00.000,2021,8,12,22,28008KT,16,12
2021-08-12 23:00:00.000,2021,8,12,23,28006KT,14,12
2021-08-13 00:00:00.000,2021,8,13,0,00000KT,13,11
2021-08-13 01:00:00.000,2021,8,13,1,32004KT,12,10
2021-08-13 02:00:00.000,2021,8,13,2,00000KT,12,10
2021-08-13 03:00:00.000,2021,8,13,3,VRB02KT,11,10
2021-08-13 04:00:00.000,2021,8,13,4,VRB02KT,12,11
2021-08-13 05:00:00.000,2021,8,13,5,30003KT,12,11
2021-08-13 06:00:00.000,2021,8,13,6,27003KT,11,10
2021-08-13 07:00:00.000,2021,8,13,7,VRB02KT,11,11
2021-08-13 08:00:00.000,2021,8,13,8,VRB02KT,11,11
2021-08-13 09:00:00.000,2021,8,13,9,VRB02KT,10,10
2021-08-13 10:00:00.000,2021,8,13,10,20003KT,12,09
2021-08-13 10:30:00.000,2021,8,13,10,19005KT,12,08
2021-08-13 11:00:00.000,2021,8,13,11,20004KT,12,08
2021-08-13 12:00:00.000,2021,8,13,12,02004KT,13,09
2021-08-13 13:00:00.000,2021,8,13,13,VRB02KT,14,09
2021-08-13 14:00:00.000,2021,8,13,14,02006KT,16,09
2021-08-13 15:00:00.000,2021,8,13,15,VRB07KT,17,09
2021-08-13 16:00:00.000,2021,8,13,16,05006KT,17,09
2021-08-13 17:00:00.000,2021,8,13,17,21006KT,17,09
2021-08-13 18:00:00.000,2021,8,13,18,29007KT,16,10
2021-08-13 18:20:00.000,2021,8,13,18,28007KT,16,11
2021-08-13 19:00:00.000,2021,8,13,19,26007KT,15,12
2021-08-13 19:35:00.000,2021,8,13,19,19009KT,17,09
2021-08-13 20:00:00.000,2021,8,13,20,14015KT,18,10
2021-08-13 21:00:00.000,2021,8,13,21,13004KT,18,09
2021-08-13 22:00:00.000,2021,8,13,22,VRB02KT,18,08
2021-08-13 23:00:00.000,2021,8,13,23,05008KT,16,09
2021-08-14 00:00:00.000,2021,8,14,0,08004KT,15,09
2021-08-14 01:00:00.000,2021,8,14,1,02006KT,13,10
2021-08-14 02:00:00.000,2021,8,14,2,02005KT,12,10
2021-08-14 03:00:00.000,2021,8,14,3,04005KT,12,10
2021-08-14 04:00:00.000,2021,8,14,4,03003KT,12,11
2021-08-14 05:00:00.000,2021,8,14,5,VRB02KT,12,11
2021-08-14 06:00:00.000,2021,8,14,6,VRB02KT,11,10
2021-08-14 07:00:00.000,2021,8,14,7,VRB02KT,11,10
2021-08-14 08:00:00.000,2021,8,14,8,VRB02KT,10,09
2021-08-14 09:00:00.000,2021,8,14,9,28003KT,10,09
2021-08-14 10:00:00.000,2021,8,14,10,35003KT,09,08
2021-08-14 10:30:00.000,2021,8,14,10,30004KT,09,08
2021-08-14 11:00:00.000,2021,8,14,11,VRB02KT,09,09
2021-08-14 12:00:00.000,2021,8,14,12,24006KT,11,11
2021-08-14 12:40:00.000,2021,8,14,12,VRB02KT,13,12
2021-08-14 14:00:00.000,2021,8,14,14,08004KT,16,09
2021-08-14 15:00:00.000,2021,8,14,15,19006KT,17,07
2021-08-14 16:00:00.000,2021,8,14,16,24004KT,18,08
2021-08-14 17:00:00.000,2021,8,14,17,VRB02KT,19,07
2021-08-14 18:00:00.000,2021,8,14,18,23010KT,17,10
2021-08-14 19:00:00.000,2021,8,14,19,26010KT,17,09
2021-08-14 20:00:00.000,2021,8,14,20,28010KT,15,11
2021-08-14 21:00:00.000,2021,8,14,21,22008KT,14,12
2021-08-14 22:00:00.000,2021,8,14,22,07003KT,13,12
2021-08-14 23:00:00.000,2021,8,14,23,VRB02KT,12,12
2021-08-15 00:00:00.000,2021,8,15,0,35003KT,13,12
2021-08-15 01:00:00.000,2021,8,15,1,05003KT,13,11
2021-08-15 02:00:00.000,2021,8,15,2,04003KT,13,11
2021-08-15 03:00:00.000,2021,8,15,3,04004KT,12,11
2021-08-15 04:00:00.000,2021,8,15,4,05004KT,12,11
2021-08-15 05:00:00.000,2021,8,15,5,03005KT,12,10
2021-08-15 06:00:00.000,2021,8,15,6,31004KT,11,10
2021-08-15 07:00:00.000,2021,8,15,7,VRB02KT,11,10
2021-08-15 08:00:00.000,2021,8,15,8,26003KT,10,10
2021-08-15 09:00:00.000,2021,8,15,9,29004KT,10,10
2021-08-15 10:00:00.000,2021,8,15,10,26007KT,10,10
2021-08-15 10:30:00.000,2021,8,15,10,25004KT,10,10
2021-08-15 11:00:00.000,2021,8,15,11,22005KT,10,10
2021-08-15 12:00:00.000,2021,8,15,12,19004KT,12,10
2021-08-15 13:00:00.000,2021,8,15,13,16003KT,13,10
2021-08-15 14:00:00.000,2021,8,15,14,VRB03KT,16,10
2021-08-15 15:00:00.000,2021,8,15,15,VRB02KT,18,10
2021-08-15 16:00:00.000,2021,8,15,16,32005KT,17,10
2021-08-15 17:00:00.000,2021,8,15,17,VRB03KT,19,11
2021-08-15 18:00:00.000,2021,8,15,18,07007KT,19,10
2021-08-15 19:00:00.000,2021,8,15,19,VRB04KT,19,09
2021-08-15 20:00:00.000,2021,8,15,20,08008KT,18,11
2021-08-15 21:00:00.000,2021,8,15,21,24011KT,17,11
2021-08-15 22:00:00.000,2021,8,15,22,27011KT,14,12
2021-08-15 22:17:00.000,2021,8,15,22,27007KT,13,12
2021-08-15 23:00:00.000,2021,8,15,23,27009KT,11,11
2021-08-16 01:00:00.000,2021,8,16,1,VRB02KT,10,10
2021-08-16 02:00:00.000,2021,8,16,2,30006KT,10,09
2021-08-16 03:00:00.000,2021,8,16,3,VRB02KT,11,11
2021-08-16 04:00:00.000,2021,8,16,4,00000KT,11,10
2021-08-16 05:00:00.000,2021,8,16,5,00000KT,09,08
2021-08-16 06:00:00.000,2021,8,16,6,00000KT,09,08
2021-08-16 08:00:00.000,2021,8,16,8,VRB02KT,10,10
2021-08-16 09:00:00.000,2021,8,16,9,07003KT,11,10
2021-08-16 10:00:00.000,2021,8,16,10,32003KT,10,09
2021-08-16 10:30:00.000,2021,8,16,10,VRB02KT,09,09
2021-08-16 11:00:00.000,2021,8,16,11,27003KT,09,09
2021-08-16 12:00:00.000,2021,8,16,12,02003KT,11,10
2021-08-16 13:00:00.000,2021,8,16,13,03004KT,12,12
2021-08-16 14:00:00.000,2021,8,16,14,04003KT,14,12
2021-08-16 15:00:00.000,2021,8,16,15,07005KT,16,11
2021-08-16 16:00:00.000,2021,8,16,16,11004KT,17,09
2021-08-16 17:00:00.000,2021,8,16,17,06005KT,16,10
2021-08-16 18:00:00.000,2021,8,16,18,02004KT,17,10
2021-08-16 19:00:00.000,2021,8,16,19,08005KT,19,08
2021-08-16 20:00:00.000,2021,8,16,20,28005KT,19,10
2021-08-16 21:00:00.000,2021,8,16,21,23004KT,17,11
2021-08-16 22:00:00.000,2021,8,16,22,29005KT,17,12
2021-08-16 23:00:00.000,2021,8,16,23,30005KT,16,12
2021-08-17 00:00:00.000,2021,8,17,0,VRB02KT,14,12
2021-08-17 01:00:00.000,2021,8,17,1,34003KT,13,12
2021-08-17 02:00:00.000,2021,8,17,2,31004KT,12,12
2021-08-17 03:00:00.000,2021,8,17,3,VRB02KT,12,11
2021-08-17 04:00:00.000,2021,8,17,4,VRB02KT,12,12
2021-08-17 05:00:00.000,2021,8,17,5,28003KT,12,11
2021-08-17 07:00:00.000,2021,8,17,7,05003KT,11,11
2021-08-17 08:00:00.000,2021,8,17,8,05004KT,11,10
2021-08-17 09:00:00.000,2021,8,17,9,05005KT,11,10
2021-08-17 10:00:00.000,2021,8,17,10,08004KT,10,09
2021-08-17 10:30:00.000,2021,8,17,10,VRB02KT,09,08
2021-08-17 11:00:00.000,2021,8,17,11,VRB02KT,10,09
2021-08-17 12:00:00.000,2021,8,17,12,25004KT,11,10
2021-08-17 13:00:00.000,2021,8,17,13,VRB02KT,13,12
2021-08-17 14:00:00.000,2021,8,17,14,VRB02KT,16,12
2021-08-17 15:00:00.000,2021,8,17,15,VRB02KT,17,11
2021-08-17 15:25:00.000,2021,8,17,15,VRB02KT,16,10
2021-08-17 16:00:00.000,2021,8,17,16,18004KT,17,10
2021-08-17 17:00:00.000,2021,8,17,17,03007KT,16,12
2021-08-17 18:00:00.000,2021,8,17,18,30007KT,17,11
2021-08-17 19:00:00.000,2021,8,17,19,29006KT,17,12
2021-08-17 19:33:00.000,2021,8,17,19,28004KT,16,12
2021-08-17 20:00:00.000,2021,8,17,20,32004KT,15,13
2021-08-17 20:25:00.000,2021,8,17,20,23010KT,14,13
2021-08-17 21:00:00.000,2021,8,17,21,25006KT,14,14
2021-08-17 22:00:00.000,2021,8,17,22,VRB02KT,15,14
2021-08-17 23:00:00.000,2021,8,17,23,28004KT,15,13
2021-08-18 00:00:00.000,2021,8,18,0,22003KT,14,12
2021-08-18 01:00:00.000,2021,8,18,1,34003KT,14,13
2021-08-18 02:00:00.000,2021,8,18,2,09003KT,13,12
2021-08-18 03:00:00.000,2021,8,18,3,35004KT,13,11
2021-08-18 04:00:00.000,2021,8,18,4,34003KT,13,11
2021-08-18 05:00:00.000,2021,8,18,5,17003KT,12,11
2021-08-18 06:00:00.000,2021,8,18,6,04004KT,12,11
2021-08-18 07:00:00.000,2021,8,18,7,03003KT,11,11
2021-08-18 08:00:00.000,2021,8,18,8,06006KT,11,11
2021-08-18 09:00:00.000,2021,8,18,9,VRB02KT,11,11
2021-08-18 10:00:00.000,2021,8,18,10,03004KT,11,11
2021-08-18 11:00:00.000,2021,8,18,11,02003KT,11,11
2021-08-18 12:00:00.000,2021,8,18,12,04004KT,12,12
2021-08-18 13:00:00.000,2021,8,18,13,04003KT,14,11
2021-08-18 14:00:00.000,2021,8,18,14,02006KT,15,10
2021-08-18 15:00:00.000,2021,8,18,15,VRB02KT,16,10
2021-08-18 16:00:00.000,2021,8,18,16,34004KT,17,10
2021-08-18 17:00:00.000,2021,8,18,17,32004KT,18,10
2021-08-18 18:00:00.000,2021,8,18,18,VRB03KT,19,08
2021-08-18 19:00:00.000,2021,8,18,19,12005KT,20,09
2021-08-18 20:00:00.000,2021,8,18,20,30008KT,17,13
2021-08-18 21:00:00.000,2021,8,18,21,27008KT,17,13
2021-08-18 22:00:00.000,2021,8,18,22,26009KT,16,12
2021-08-18 23:00:00.000,2021,8,18,23,25007KT,15,11
2021-08-19 00:00:00.000,2021,8,19,0,24003KT,14,10
2021-08-19 01:00:00.000,2021,8,19,1,33003KT,13,10
2021-08-19 02:00:00.000,2021,8,19,2,02003KT,12,10
2021-08-19 03:00:00.000,2021,8,19,3,VRB02KT,12,12
2021-08-19 04:00:00.000,2021,8,19,4,VRB02KT,12,11
2021-08-19 05:00:00.000,2021,8,19,5,32003KT,12,12
2021-08-19 06:00:00.000,2021,8,19,6,26004KT,13,11
2021-08-19 07:00:00.000,2021,8,19,7,00000KT,11,10
2021-08-19 08:00:00.000,2021,8,19,8,00000KT,11,11
2021-08-19 09:00:00.000,2021,8,19,9,00000KT,11,10
2021-08-19 10:00:00.000,2021,8,19,10,16003KT,12,11
2021-08-19 10:30:00.000,2021,8,19,10,35003KT,12,11
2021-08-19 11:00:00.000,2021,8,19,11,VRB02KT,11,11
2021-08-19 12:00:00.000,2021,8,19,12,VRB02KT,13,12
2021-08-19 13:00:00.000,2021,8,19,13,15006KT,15,10
2021-08-19 14:00:00.000,2021,8,19,14,16004KT,16,07
2021-08-19 15:00:00.000,2021,8,19,15,11004KT,17,07
2021-08-19 16:00:00.000,2021,8,19,16,18006KT,17,08
2021-08-19 17:00:00.000,2021,8,19,17,25005KT,19,06
2021-08-19 18:00:00.000,2021,8,19,18,VRB02KT,19,07
2021-08-19 19:00:00.000,2021,8,19,19,27011KT,17,11
2021-08-19 20:00:00.000,2021,8,19,20,30006KT,16,11
2021-08-19 21:00:00.000,2021,8,19,21,27008KT,15,11
2021-08-19 21:24:00.000,2021,8,19,21,29007KT,15,12
2021-08-19 22:00:00.000,2021,8,19,22,25005KT,14,12
2021-08-19 23:00:00.000,2021,8,19,23,20006KT,13,12
2021-08-20 00:00:00.000,2021,8,20,0,27003KT,13,11
2021-08-20 01:00:00.000,2021,8,20,1,33003KT,12,12
2021-08-20 02:00:00.000,2021,8,20,2,35003KT,12,12
2021-08-20 03:00:00.000,2021,8,20,3,03003KT,12,12
2021-08-20 04:00:00.000,2021,8,20,4,VRB02KT,12,12
2021-08-20 05:00:00.000,2021,8,20,5,19003KT,12,12
2021-08-20 06:00:00.000,2021,8,20,6,VRB02KT,12,11
2021-08-20 07:00:00.000,2021,8,20,7,VRB02KT,11,11
2021-08-20 08:00:00.000,2021,8,20,8,VRB02KT,12,11
2021-08-20 09:00:00.000,2021,8,20,9,02003KT,12,11
2021-08-20 10:00:00.000,2021,8,20,10,32003KT,11,11
2021-08-20 10:30:00.000,2021,8,20,10,VRB02KT,11,11
2021-08-20 11:00:00.000,2021,8,20,11,32003KT,11,10
2021-08-20 12:00:00.000,2021,8,20,12,36004KT,12,11
2021-08-20 13:00:00.000,2021,8,20,13,36004KT,12,11
2021-08-20 14:00:00.000,2021,8,20,14,32004KT,14,12
2021-08-20 15:00:00.000,2021,8,20,15,25004KT,16,12
2021-08-20 16:00:00.000,2021,8,20,16,28006KT,17,10
2021-08-20 17:00:00.000,2021,8,20,17,26007KT,16,11
2021-08-20 18:00:00.000,2021,8,20,18,23005KT,16,10
2021-08-20 18:27:00.000,2021,8,20,18,33012KT,14,12
2021-08-20 19:00:00.000,2021,8,20,19,34007KT,13,12
2021-08-20 20:00:00.000,2021,8,20,20,23005KT,12,11
2021-08-20 21:00:00.000,2021,8,20,21,14004KT,13,12
2021-08-20 22:00:00.000,2021,8,20,22,VRB04KT,16,11
2021-08-20 23:00:00.000,2021,8,20,23,32004KT,15,11
2021-08-21 00:00:00.000,2021,8,21,0,27004KT,13,11
2021-08-21 01:00:00.000,2021,8,21,1,VRB02KT,13,12
2021-08-21 02:00:00.000,2021,8,21,2,VRB02KT,11,11
2021-08-21 03:00:00.000,2021,8,21,3,31002KT,12,12
2021-08-21 04:00:00.000,2021,8,21,4,VRB02KT,12,11
2021-08-21 05:00:00.000,2021,8,21,5,VRB02KT,11,11
2021-08-21 06:00:00.000,2021,8,21,6,VRB02KT,11,10
2021-08-21 07:00:00.000,2021,8,21,7,VRB02KT,11,10
2021-08-21 08:00:00.000,2021,8,21,8,VRB02KT,11,10
2021-08-21 09:00:00.000,2021,8,21,9,VRB02KT,10,10
2021-08-21 10:00:00.000,2021,8,21,10,VRB02KT,11,10
2021-08-21 10:30:00.000,2021,8,21,10,VRB02KT,11,10
2021-08-21 11:00:00.000,2021,8,21,11,01003KT,12,11
2021-08-21 12:00:00.000,2021,8,21,12,02004KT,13,11
2021-08-21 13:00:00.000,2021,8,21,13,36004KT,14,13
2021-08-21 14:00:00.000,2021,8,21,14,05003KT,16,12
2021-08-21 15:00:00.000,2021,8,21,15,10004KT,17,10
2021-08-21 16:00:00.000,2021,8,21,16,05005KT,18,10
2021-08-21 17:00:00.000,2021,8,21,17,24005KT,17,11
2021-08-21 18:00:00.000,2021,8,21,18,15006KT,18,10
2021-08-21 19:00:00.000,2021,8,21,19,VRB02KT,19,11
2021-08-21 20:00:00.000,2021,8,21,20,23008KT,18,12
2021-08-21 21:00:00.000,2021,8,21,21,23010KT,18,12
2021-08-21 22:00:00.000,2021,8,21,22,25007KT,16,13
2021-08-21 23:00:00.000,2021,8,21,23,31007KT,14,13
2021-08-22 00:00:00.000,2021,8,22,0,32004KT,12,11
2021-08-22 01:00:00.000,2021,8,22,1,35004KT,12,11
2021-08-22 02:00:00.000,2021,8,22,2,VRB02KT,11,10
2021-08-22 03:00:00.000,2021,8,22,3,00000KT,10,09
2021-08-22 04:00:00.000,2021,8,22,4,00000KT,10,09
2021-08-22 05:00:00.000,2021,8,22,5,VRB02KT,11,10
2021-08-22 06:00:00.000,2021,8,22,6,07003KT,11,11
2021-08-22 07:00:00.000,2021,8,22,7,06007KT,12,11
2021-08-22 08:00:00.000,2021,8,22,8,VRB02KT,11,11
2021-08-22 09:00:00.000,2021,8,22,9,32004KT,11,10
2021-08-22 10:00:00.000,2021,8,22,10,VRB02KT,11,10
2021-08-22 10:30:00.000,2021,8,22,10,VRB02KT,10,09
2021-08-22 11:00:00.000,2021,8,22,11,05004KT,11,10
2021-08-22 12:00:00.000,2021,8,22,12,07005KT,13,10
2021-08-22 13:00:00.000,2021,8,22,13,06006KT,15,10
2021-08-22 14:00:00.000,2021,8,22,14,04008KT,15,10
2021-08-22 15:00:00.000,2021,8,22,15,VRB02KT,16,10
2021-08-22 16:00:00.000,2021,8,22,16,15010KT,17,09
2021-08-22 17:00:00.000,2021,8,22,17,15010KT,17,09
2021-08-22 18:00:00.000,2021,8,22,18,16011KT,18,10
2021-08-22 19:00:00.000,2021,8,22,19,17005G16KT,18,09
2021-08-22 20:00:00.000,2021,8,22,20,06006KT,18,09
2021-08-22 21:00:00.000,2021,8,22,21,30010KT,16,11
2021-08-22 22:00:00.000,2021,8,22,22,28006KT,16,11
2021-08-22 23:00:00.000,2021,8,22,23,27003KT,15,12
2021-08-23 00:00:00.000,2021,8,23,0,36004KT,14,12
2021-08-23 01:00:00.000,2021,8,23,1,VRB02KT,13,12
2021-08-23 02:00:00.000,2021,8,23,2,02004KT,13,12
2021-08-23 03:00:00.000,2021,8,23,3,VRB02KT,13,11
2021-08-23 04:00:00.000,2021,8,23,4,35003KT,13,11
2021-08-23 05:00:00.000,2021,8,23,5,05003KT,13,12
2021-08-23 06:00:00.000,2021,8,23,6,07009KT,13,11
2021-08-23 07:00:00.000,2021,8,23,7,05007KT,12,11
2021-08-23 08:00:00.000,2021,8,23,8,03005KT,12,11
2021-08-23 09:00:00.000,2021,8,23,9,05006KT,12,11
2021-08-23 10:00:00.000,2021,8,23,10,06004KT,12,10
2021-08-23 10:30:00.000,2021,8,23,10,06003KT,11,10
2021-08-23 11:00:00.000,2021,8,23,11,07003KT,11,10
2021-08-23 12:00:00.000,2021,8,23,12,05005KT,12,11
2021-08-23 12:40:00.000,2021,8,23,12,03004KT,15,09
2021-08-23 13:00:00.000,2021,8,23,13,05003KT,15,10
2021-08-23 13:35:00.000,2021,8,23,13,09003KT,17,10
2021-08-23 14:00:00.000,2021,8,23,14,VRB02KT,17,10
2021-08-23 15:00:00.000,2021,8,23,15,14004KT,19,08
2021-08-23 16:00:00.000,2021,8,23,16,06003KT,19,07
2021-08-23 17:00:00.000,2021,8,23,17,15003KT,19,08
2021-08-23 18:00:00.000,2021,8,23,18,03008KT,19,07
2021-08-23 19:00:00.000,2021,8,23,19,08006KT,21,08
2021-08-23 20:00:00.000,2021,8,23,20,25010KT,20,11
2021-08-23 21:00:00.000,2021,8,23,21,28006KT,21,11
2021-08-23 22:00:00.000,2021,8,23,22,29011KT,19,12
2021-08-23 23:00:00.000,2021,8,23,23,26006KT,16,12
2021-08-24 00:00:00.000,2021,8,24,0,29004KT,16,12
2021-08-24 01:00:00.000,2021,8,24,1,28007KT,15,13
2021-08-24 01:15:00.000,2021,8,24,1,33004KT,15,13
2021-08-24 02:00:00.000,2021,8,24,2,19014KT,14,13
2021-08-24 03:00:00.000,2021,8,24,3,25007KT,13,12
2021-08-24 04:00:00.000,2021,8,24,4,VRB02KT,12,12
2021-08-24 05:00:00.000,2021,8,24,5,02002KT,12,12
2021-08-24 06:00:00.000,2021,8,24,6,VRB02KT,12,12
2021-08-24 08:00:00.000,2021,8,24,8,31004KT,12,11
2021-08-24 10:00:00.000,2021,8,24,10,VRB02KT,12,12
2021-08-24 10:30:00.000,2021,8,24,10,07004KT,12,12
2021-08-24 11:00:00.000,2021,8,24,11,04004KT,12,11
2021-08-24 12:00:00.000,2021,8,24,12,08004KT,13,11
2021-08-24 13:00:00.000,2021,8,24,13,03003KT,14,12
2021-08-24 14:00:00.000,2021,8,24,14,02005KT,16,12
2021-08-24 15:00:00.000,2021,8,24,15,VRB02KT,17,10
2021-08-24 17:00:00.000,2021,8,24,17,15005KT,18,10
2021-08-24 18:00:00.000,2021,8,24,18,15010KT,18,13
2021-08-24 19:00:00.000,2021,8,24,19,26010KT,18,11
2021-08-24 19:10:00.000,2021,8,24,19,26006KT,16,11
2021-08-24 20:00:00.000,2021,8,24,20,30006KT,15,13
2021-08-24 21:00:00.000,2021,8,24,21,28008KT,16,14
2021-08-24 22:00:00.000,2021,8,24,22,32005KT,16,13
2021-08-24 23:00:00.000,2021,8,24,23,30005KT,15,12
2021-08-25 00:00:00.000,2021,8,25,0,29003KT,14,12
2021-08-25 01:00:00.000,2021,8,25,1,36003KT,13,12
2021-08-25 02:00:00.000,2021,8,25,2,VRB02KT,14,12
2021-08-25 03:00:00.000,2021,8,25,3,VRB02KT,14,11
2021-08-25 04:00:00.000,2021,8,25,4,VRB02KT,12,12
2021-08-25 05:00:00.000,2021,8,25,5,22005KT,13,11
2021-08-25 06:00:00.000,2021,8,25,6,VRB02KT,10,09
2021-08-25 07:00:00.000,2021,8,25,7,VRB02KT,09,08
2021-08-25 08:00:00.000,2021,8,25,8,00000KT,09,08
2021-08-25 09:00:00.000,2021,8,25,9,00000KT,11,10
2021-08-25 10:00:00.000,2021,8,25,10,VRB02KT,10,09
2021-08-25 10:30:00.000,2021,8,25,10,34003KT,11,10
2021-08-25 11:00:00.000,2021,8,25,11,06004KT,11,10
2021-08-25 12:00:00.000,2021,8,25,12,07004KT,13,12
2021-08-25 13:00:00.000,2021,8,25,13,VRB02KT,15,12
2021-08-25 14:00:00.000,2021,8,25,14,VRB02KT,15,11
2021-08-25 15:00:00.000,2021,8,25,15,16005KT,18,10
2021-08-25 16:00:00.000,2021,8,25,16,14007KT,18,09
2021-08-25 17:00:00.000,2021,8,25,17,15010KT,20,08
2021-08-25 18:00:00.000,2021,8,25,18,19014KT,31,25
2021-08-25 19:00:00.000,2021,8,25,19,14007KT,21,08
2021-08-25 20:00:00.000,2021,8,25,20,17010KT,20,08
2021-08-25 21:00:00.000,2021,8,25,21,24006KT,19,09
2021-08-25 22:00:00.000,2021,8,25,22,25006KT,17,11
2021-08-25 23:00:00.000,2021,8,25,23,31007KT,15,11
2021-08-26 00:00:00.000,2021,8,26,0,35003KT,14,12
2021-08-26 01:00:00.000,2021,8,26,1,02003KT,13,12
2021-08-26 02:00:00.000,2021,8,26,2,03003KT,12,12
2021-08-26 03:00:00.000,2021,8,26,3,VRB02KT,13,12
2021-08-26 04:00:00.000,2021,8,26,4,04004KT,12,11
2021-08-26 05:00:00.000,2021,8,26,5,05006KT,11,10
2021-08-26 06:00:00.000,2021,8,26,6,02004KT,12,11
2021-08-26 07:00:00.000,2021,8,26,7,VRB02KT,11,11
2021-08-26 08:00:00.000,2021,8,26,8,01003KT,12,11
2021-08-26 09:00:00.000,2021,8,26,9,03004KT,10,10
2021-08-26 10:00:00.000,2021,8,26,10,03004KT,11,10
2021-08-26 10:30:00.000,2021,8,26,10,VRB02KT,10,10
2021-08-26 11:00:00.000,2021,8,26,11,33003KT,10,10
2021-08-26 12:00:00.000,2021,8,26,12,03006KT,12,11
2021-08-26 13:00:00.000,2021,8,26,13,05006KT,15,10
2021-08-26 14:00:00.000,2021,8,26,14,04005KT,,
2021-08-26 15:00:00.000,2021,8,26,15,06006KT,18,08
2021-08-26 16:00:00.000,2021,8,26,16,05005KT,19,09
2021-08-26 17:00:00.000,2021,8,26,17,05007KT,20,10
2021-08-26 18:00:00.000,2021,8,26,18,25007KT,17,11
2021-08-26 19:00:00.000,2021,8,26,19,25007KT,16,13
2021-08-26 20:00:00.000,2021,8,26,20,28010KT,17,12
2021-08-26 21:00:00.000,2021,8,26,21,31006KT,16,12
2021-08-26 22:00:00.000,2021,8,26,22,32004KT,15,12
2021-08-26 23:00:00.000,2021,8,26,23,32006KT,14,12
2021-08-27 00:00:00.000,2021,8,27,0,32006KT,14,12
2021-08-27 01:00:00.000,2021,8,27,1,VRB02KT,13,11
2021-08-27 02:00:00.000,2021,8,27,2,31003KT,13,11
2021-08-27 03:00:00.000,2021,8,27,3,03006KT,12,10
2021-08-27 04:00:00.000,2021,8,27,4,VRB02KT,12,10
2021-08-27 05:00:00.000,2021,8,27,5,03004KT,12,10
2021-08-27 06:00:00.000,2021,8,27,6,31004KT,10,10
2021-08-27 07:00:00.000,2021,8,27,7,VRB02KT,10,09
2021-08-27 08:00:00.000,2021,8,27,8,VRB02KT,10,09
2021-08-27 09:00:00.000,2021,8,27,9,VRB02KT,09,08
2021-08-27 10:00:00.000,2021,8,27,10,VRB02KT,08,07
2021-08-27 10:30:00.000,2021,8,27,10,VRB02KT,,
2021-08-27 11:00:00.000,2021,8,27,11,VRB02KT,08,07
2021-08-27 12:00:00.000,2021,8,27,12,33004KT,09,08
2021-08-27 12:25:00.000,2021,8,27,12,30003KT,12,11
2021-08-27 13:00:00.000,2021,8,27,13,01003KT,13,12
2021-08-27 14:00:00.000,2021,8,27,14,05003KT,16,10
2021-08-27 15:00:00.000,2021,8,27,15,06004KT,16,08
2021-08-27 16:00:00.000,2021,8,27,16,07006KT,18,07
2021-08-27 17:00:00.000,2021,8,27,17,09007KT,19,07
2021-08-27 18:00:00.000,2021,8,27,18,09007KT,18,07
2021-08-27 19:00:00.000,2021,8,27,19,05006KT,20,06
2021-08-27 20:00:00.000,2021,8,27,20,05009KT,20,05
2021-08-27 21:00:00.000,2021,8,27,21,03007KT,21,04
2021-08-27 22:00:00.000,2021,8,27,22,24008KT,17,11
2021-08-27 23:00:00.000,2021,8,27,23,27007KT,16,12
2021-08-28 00:00:00.000,2021,8,28,0,28004KT,14,11
2021-08-28 01:00:00.000,2021,8,28,1,30006KT,13,12
2021-08-28 02:00:00.000,2021,8,28,2,VRB02KT,12,12
2021-08-28 03:00:00.000,2021,8,28,3,26004KT,13,12
2021-08-28 04:00:00.000,2021,8,28,4,VRB02KT,13,13
2021-08-28 05:00:00.000,2021,8,28,5,12006KT,13,12
2021-08-28 06:00:00.000,2021,8,28,6,14009KT,11,09
2021-08-28 07:00:00.000,2021,8,28,7,09005KT,11,09
2021-08-28 08:00:00.000,2021,8,28,8,04008KT,11,09
2021-08-28 09:00:00.000,2021,8,28,9,03006KT,11,09
2021-08-28 10:00:00.000,2021,8,28,10,VRB02KT,10,09
2021-08-28 10:30:00.000,2021,8,28,10,VRB02KT,10,09
2021-08-28 11:00:00.000,2021,8,28,11,VRB02KT,10,09
2021-08-28 12:00:00.000,2021,8,28,12,06004KT,10,09
2021-08-28 12:40:00.000,2021,8,28,12,04004KT,13,10
2021-08-28 13:00:00.000,2021,8,28,13,03006KT,13,09
2021-08-28 14:00:00.000,2021,8,28,14,04003KT,15,08
2021-08-28 15:00:00.000,2021,8,28,15,14004KT,16,09
2021-08-28 16:00:00.000,2021,8,28,16,12006KT,17,09
2021-08-28 17:00:00.000,2021,8,28,17,13006KT,19,08
2021-08-28 18:00:00.000,2021,8,28,18,10008KT,19,08
2021-08-28 19:00:00.000,2021,8,28,19,15012KT,19,08
2021-08-28 20:00:00.000,2021,8,28,20,11008KT,18,08
2021-08-28 21:00:00.000,2021,8,28,21,10006KT,18,08
2021-08-28 22:00:00.000,2021,8,28,22,09008KT,18,08
2021-08-28 23:00:00.000,2021,8,28,23,12004KT,17,08
2021-08-29 00:00:00.000,2021,8,29,0,11003KT,15,09
2021-08-29 01:00:00.000,2021,8,29,1,36003KT,13,11
2021-08-29 02:00:00.000,2021,8,29,2,VRB02KT,12,11
2021-08-29 03:00:00.000,2021,8,29,3,36004KT,11,09
2021-08-29 04:00:00.000,2021,8,29,4,01003KT,11,10
2021-08-29 05:00:00.000,2021,8,29,5,04004KT,11,10
2021-08-29 06:00:00.000,2021,8,29,6,03004KT,11,10
2021-08-29 07:00:00.000,2021,8,29,7,05004KT,10,10
2021-08-29 08:00:00.000,2021,8,29,8,02005KT,11,10
2021-08-29 09:00:00.000,2021,8,29,9,02003KT,11,10
2021-08-29 10:00:00.000,2021,8,29,10,VRB02KT,11,10
2021-08-29 10:30:00.000,2021,8,29,10,VRB02KT,11,10
2021-08-29 11:00:00.000,2021,8,29,11,VRB02KT,11,10
2021-08-29 12:00:00.000,2021,8,29,12,05003KT,12,11
2021-08-29 13:00:00.000,2021,8,29,13,06007KT,14,11
2021-08-29 14:00:00.000,2021,8,29,14,15003KT,15,10
2021-08-29 15:00:00.000,2021,8,29,15,13009KT,17,08
2021-08-29 16:00:00.000,2021,8,29,16,16006KT,18,09
2021-08-29 17:00:00.000,2021,8,29,17,01004KT,17,10
2021-08-29 18:00:00.000,2021,8,29,18,06004KT,16,10
2021-08-29 19:00:00.000,2021,8,29,19,19004KT,17,11
2021-08-29 20:00:00.000,2021,8,29,20,17007KT,17,10
2021-08-29 21:00:00.000,2021,8,29,21,18008KT,17,09
2021-08-29 22:00:00.000,2021,8,29,22,14013KT,15,10
2021-08-29 23:00:00.000,2021,8,29,23,14009KT,14,10
2021-08-30 00:00:00.000,2021,8,30,0,08005KT,14,09
2021-08-30 01:00:00.000,2021,8,30,1,04006KT,13,09
2021-08-30 02:00:00.000,2021,8,30,2,VRB02KT,12,09
2021-08-30 03:00:00.000,2021,8,30,3,28003KT,13,09
2021-08-30 04:00:00.000,2021,8,30,4,36004KT,11,10
2021-08-30 05:00:00.000,2021,8,30,5,VRB02KT,12,11
2021-08-30 06:00:00.000,2021,8,30,6,04004KT,12,11
2021-08-30 07:00:00.000,2021,8,30,7,35003KT,12,10
2021-08-30 08:00:00.000,2021,8,30,8,06003KT,12,10
2021-08-30 09:00:00.000,2021,8,30,9,08004KT,12,10
2021-08-30 10:00:00.000,2021,8,30,10,06005KT,12,10
2021-08-30 10:30:00.000,2021,8,30,10,08003KT,12,10
2021-08-30 11:00:00.000,2021,8,30,11,VRB02KT,12,09
2021-08-30 12:00:00.000,2021,8,30,12,02004KT,12,10
2021-08-30 13:00:00.000,2021,8,30,13,03005KT,13,10
2021-08-30 14:00:00.000,2021,8,30,14,02004KT,13,10
2021-08-30 15:00:00.000,2021,8,30,15,VRB02KT,14,11
2021-08-30 16:00:00.000,2021,8,30,16,17010KT,17,09
2021-08-30 17:00:00.000,2021,8,30,17,17013KT,18,09
2021-08-30 18:00:00.000,2021,8,30,18,14012KT,18,09
2021-08-30 19:00:00.000,2021,8,30,19,19016KT,19,08
2021-08-30 20:00:00.000,2021,8,30,20,17012KT,19,07
2021-08-30 21:00:00.000,2021,8,30,21,23011KT,18,10
2021-08-30 22:00:00.000,2021,8,30,22,25012KT,17,10
2021-08-30 23:00:00.000,2021,8,30,23,15008KT,15,11
2021-08-31 00:00:00.000,2021,8,31,0,28004KT,14,11
2021-08-31 01:00:00.000,2021,8,31,1,29003KT,13,11
2021-08-31 11:00:00.000,2021,8,31,11,35003KT,12,11
2021-08-31 12:00:00.000,2021,8,31,12,VRB02KT,12,11
2021-08-31 13:00:00.000,2021,8,31,13,VRB02KT,14,13
2021-08-31 14:00:00.000,2021,8,31,14,29004KT,15,12
2021-08-31 15:00:00.000,2021,8,31,15,31005KT,15,10
2021-08-31 16:00:00.000,2021,8,31,16,30007KT,17,10
2021-08-31 17:00:00.000,2021,8,31,17,28008KT,16,12
2021-08-31 18:00:00.000,2021,8,31,18,27011KT,15,12
2021-08-31 19:00:00.000,2021,8,31,19,28012KT,16,10
2021-08-31 20:00:00.000,2021,8,31,20,29006KT,13,12
2021-08-31 21:00:00.000,2021,8,31,21,29007KT,14,12
2021-08-31 22:00:00.000,2021,8,31,22,27005KT,14,11
2021-08-31 23:00:00.000,2021,8,31,23,VRB02KT,13,12
2021-09-01 00:00:00.000,2021,9,1,0,VRB02KT,13,12
2021-09-01 01:00:00.000,2021,9,1,1,VRB02KT,12,11
2021-09-01 02:00:00.000,2021,9,1,2,35003KT,12,11
2021-09-01 03:00:00.000,2021,9,1,3,VRB02KT,12,11
2021-09-01 04:00:00.000,2021,9,1,4,VRB02KT,12,11
2021-09-01 05:00:00.000,2021,9,1,5,VRB02KT,12,11
2021-09-01 06:00:00.000,2021,9,1,6,01003KT,12,11
2021-09-01 07:00:00.000,2021,9,1,7,05003KT,11,10
2021-09-01 08:00:00.000,2021,9,1,8,VRB02KT,11,10
2021-09-01 09:00:00.000,2021,9,1,9,00000KT,10,10
2021-09-01 10:00:00.000,2021,9,1,10,VRB02KT,10,10
2021-09-01 11:00:00.000,2021,9,1,11,10005KT,17,16
2021-09-01 12:00:00.000,2021,9,1,12,VRB02KT,12,10
2021-09-01 13:00:00.000,2021,9,1,13,07004KT,14,12
2021-09-01 14:00:00.000,2021,9,1,14,36005KT,16,10
2021-09-01 15:00:00.000,2021,9,1,15,10005KT,18,09
2021-09-01 16:00:00.000,2021,9,1,16,22006KT,17,07
2021-09-01 17:00:00.000,2021,9,1,17,29006KT,17,10
2021-09-01 18:00:00.000,2021,9,1,18,34006KT,18,10
2021-09-01 19:00:00.000,2021,9,1,19,18011KT,17,08
2021-09-01 20:00:00.000,2021,9,1,20,33005KT,18,10
2021-09-01 21:00:00.000,2021,9,1,21,32010KT,16,11
2021-09-01 22:00:00.000,2021,9,1,22,32006KT,15,11
2021-09-01 23:00:00.000,2021,9,1,23,30005KT,15,10
2021-09-02 00:00:00.000,2021,9,2,0,VRB02KT,14,09
2021-09-02 01:00:00.000,2021,9,2,1,05004KT,13,09
2021-09-02 02:00:00.000,2021,9,2,2,06004KT,12,09
2021-09-02 03:00:00.000,2021,9,2,3,05005KT,11,09
2021-09-02 04:00:00.000,2021,9,2,4,01003KT,11,09
2021-09-02 05:00:00.000,2021,9,2,5,09005KT,11,09
2021-09-02 06:00:00.000,2021,9,2,6,VRB02KT,10,09
2021-09-02 07:00:00.000,2021,9,2,7,VRB02KT,09,08
2021-09-02 08:00:00.000,2021,9,2,8,VRB02KT,08,08
2021-09-02 09:00:00.000,2021,9,2,9,VRB02KT,09,07
2021-09-02 10:00:00.000,2021,9,2,10,VRB02KT,07,07
2021-09-02 11:00:00.000,2021,9,2,11,32004KT,08,07
2021-09-02 12:00:00.000,2021,9,2,12,VRB02KT,10,10
2021-09-02 13:00:00.000,2021,9,2,13,32004KT,12,11
2021-09-02 14:00:00.000,2021,9,2,14,08003KT,16,08
2021-09-02 15:00:00.000,2021,9,2,15,07003KT,19,10
2021-09-02 16:00:00.000,2021,9,2,16,12005KT,19,09
2021-09-02 17:00:00.000,2021,9,2,17,09008KT,21,09
2021-09-02 18:00:00.000,2021,9,2,18,10009KT,22,18
2021-09-02 19:00:00.000,2021,9,2,19,09010KT,22,06
2021-09-02 20:00:00.000,2021,9,2,20,13009KT,22,06
2021-09-02 21:00:00.000,2021,9,2,21,05008KT,21,08
2021-09-02 22:00:00.000,2021,9,2,22,22007KT,18,09
2021-09-02 23:00:00.000,2021,9,2,23,29004KT,16,10
2021-09-03 00:00:00.000,2021,9,3,0,09006KT,15,09
2021-09-03 01:00:00.000,2021,9,3,1,07005KT,14,08
2021-09-03 02:00:00.000,2021,9,3,2,05005KT,12,08
2021-09-03 03:00:00.000,2021,9,3,3,01003KT,11,08
2021-09-03 04:00:00.000,2021,9,3,4,34004KT,11,09
2021-09-03 05:00:00.000,2021,9,3,5,VRB02KT,11,09
2021-09-03 06:00:00.000,2021,9,3,6,VRB02KT,10,10
2021-09-03 07:00:00.000,2021,9,3,7,31004KT,10,09
2021-09-03 08:00:00.000,2021,9,3,8,VRB02KT,09,08
2021-09-03 09:00:00.000,2021,9,3,9,30004KT,08,07
2021-09-03 10:00:00.000,2021,9,3,10,VRB02KT,07,06
2021-09-03 11:00:00.000,2021,9,3,11,36004KT,07,07
2021-09-03 12:00:00.000,2021,9,3,12,VRB02KT,12,10
2021-09-03 13:00:00.000,2021,9,3,13,VRB02KT,13,11
2021-09-03 14:00:00.000,2021,9,3,14,11006KT,18,08
2021-09-03 15:00:00.000,2021,9,3,15,07008KT,19,08
2021-09-03 16:00:00.000,2021,9,3,16,07010KT,20,08
2021-09-03 17:00:00.000,2021,9,3,17,06014KT,18,08
2021-09-03 18:00:00.000,2021,9,3,18,09008KT,18,08
2021-09-03 19:00:00.000,2021,9,3,19,12008KT,19,07
2021-09-03 20:00:00.000,2021,9,3,20,12006KT,19,06
2021-09-03 21:00:00.000,2021,9,3,21,08010KT,18,06
2021-09-03 22:00:00.000,2021,9,3,22,14006KT,17,08
2021-09-03 23:00:00.000,2021,9,3,23,06003KT,15,09
2021-09-04 00:00:00.000,2021,9,4,0,06005KT,13,09
2021-09-04 01:00:00.000,2021,9,4,1,06007KT,13,09
2021-09-04 02:00:00.000,2021,9,4,2,05003KT,14,08
2021-09-04 03:00:00.000,2021,9,4,3,04004KT,12,08
2021-09-04 04:00:00.000,2021,9,4,4,35004KT,11,09
2021-09-04 05:00:00.000,2021,9,4,5,04005KT,10,08
2021-09-04 06:00:00.000,2021,9,4,6,03003KT,10,09
2021-09-04 07:00:00.000,2021,9,4,7,VRB02KT,11,09
2021-09-04 08:00:00.000,2021,9,4,8,06008KT,10,09
2021-09-04 09:00:00.000,2021,9,4,9,33003KT,09,09
2021-09-04 10:00:00.000,2021,9,4,10,VRB02KT,08,08
2021-09-04 11:00:00.000,2021,9,4,11,00000KT,07,07
2021-09-04 12:00:00.000,2021,9,4,12,VRB02KT,11,10
2021-09-04 13:00:00.000,2021,9,4,13,VRB02KT,20,17
2021-09-04 14:00:00.000,2021,9,4,14,VRB02KT,18,09
2021-09-04 15:00:00.000,2021,9,4,15,35003KT,19,09
2021-09-04 16:00:00.000,2021,9,4,16,15004KT,19,09
2021-09-04 17:00:00.000,2021,9,4,17,19009KT,20,08
2021-09-04 18:00:00.000,2021,9,4,18,VRB02KT,20,07
2021-09-04 19:00:00.000,2021,9,4,19,17009G22KT,20,07
2021-09-04 20:00:00.000,2021,9,4,20,24013KT,18,10
2021-09-04 21:00:00.000,2021,9,4,21,24009G23KT,17,10
2021-09-04 22:00:00.000,2021,9,4,22,24009KT,16,09
2021-09-04 23:00:00.000,2021,9,4,23,23010KT,15,10
2021-09-05 00:00:00.000,2021,9,5,0,22005KT,14,10
2021-09-05 01:00:00.000,2021,9,5,1,VRB02KT,14,09
2021-09-05 02:00:00.000,2021,9,5,2,VRB02KT,11,09
2021-09-05 03:00:00.000,2021,9,5,3,VRB02KT,11,10
2021-09-05 04:00:00.000,2021,9,5,4,VRB02KT,12,10
2021-09-05 05:00:00.000,2021,9,5,5,VRB02KT,10,09
2021-09-05 06:00:00.000,2021,9,5,6,04004KT,09,09
2021-09-05 07:00:00.000,2021,9,5,7,25004KT,10,10
2021-09-05 08:00:00.000,2021,9,5,8,VRB02KT,10,09
2021-09-05 09:00:00.000,2021,9,5,9,VRB02KT,10,09
2021-09-05 10:00:00.000,2021,9,5,10,00000KT,10,10
2021-09-05 11:00:00.000,2021,9,5,11,VRB02KT,09,09
2021-09-05 12:00:00.000,2021,9,5,12,04003KT,12,10
2021-09-05 13:00:00.000,2021,9,5,13,VRB02KT,15,10
2021-09-05 14:00:00.000,2021,9,5,14,VRB03KT,18,10
2021-09-05 15:00:00.000,2021,9,5,15,VRB04KT,18,10
2021-09-05 16:00:00.000,2021,9,5,16,01003KT,18,09
2021-09-05 17:00:00.000,2021,9,5,17,26010KT,19,11
2021-09-05 18:00:00.000,2021,9,5,18,23011KT,18,11
2021-09-05 19:00:00.000,2021,9,5,19,24012G24KT,19,11
2021-09-05 20:00:00.000,2021,9,5,20,27008KT,20,11
2021-09-05 21:00:00.000,2021,9,5,21,25010KT,18,10
2021-09-05 22:00:00.000,2021,9,5,22,28012KT,17,11
2021-09-05 23:00:00.000,2021,9,5,23,24005KT,14,11
2021-09-06 00:00:00.000,2021,9,6,0,00000KT,13,12
2021-09-06 02:00:00.000,2021,9,6,2,VRB02KT,13,13
2021-09-06 03:00:00.000,2021,9,6,3,VRB02KT,12,12
2021-09-06 04:00:00.000,2021,9,6,4,VRB02KT,12,11
2021-09-06 05:00:00.000,2021,9,6,5,VRB02KT,12,11
2021-09-06 06:00:00.000,2021,9,6,6,VRB02KT,12,11
2021-09-06 07:00:00.000,2021,9,6,7,VRB02KT,12,11
2021-09-06 08:00:00.000,2021,9,6,8,12004KT,12,11
2021-09-06 09:00:00.000,2021,9,6,9,00000KT,12,11
2021-09-06 10:00:00.000,2021,9,6,10,00000KT,12,11
2021-09-06 11:00:00.000,2021,9,6,11,VRB02KT,12,11
2021-09-06 12:00:00.000,2021,9,6,12,VRB02KT,13,12
2021-09-06 13:00:00.000,2021,9,6,13,VRB02KT,14,13
2021-09-06 14:00:00.000,2021,9,6,14,23003KT,15,13
2021-09-06 15:00:00.000,2021,9,6,15,20004KT,13,12
2021-09-06 16:00:00.000,2021,9,6,16,21004KT,15,12
2021-09-06 17:00:00.000,2021,9,6,17,19008KT,16,10
2021-09-06 18:00:00.000,2021,9,6,18,23008KT,15,12
2021-09-06 19:00:00.000,2021,9,6,19,21005KT,17,11
2021-09-06 20:00:00.000,2021,9,6,20,18004KT,18,10
2021-09-06 21:00:00.000,2021,9,6,21,35004KT,17,11
2021-09-06 22:00:00.000,2021,9,6,22,36003KT,16,11
2021-09-06 23:00:00.000,2021,9,6,23,02004KT,15,11
2021-09-07 00:00:00.000,2021,9,7,0,01004KT,14,10
2021-09-07 01:00:00.000,2021,9,7,1,05004KT,13,10
2021-09-07 02:00:00.000,2021,9,7,2,34004KT,13,10
2021-09-07 03:00:00.000,2021,9,7,3,33004KT,12,11
2021-09-07 04:00:00.000,2021,9,7,4,VRB02KT,12,11
2021-09-07 05:00:00.000,2021,9,7,5,03004KT,12,11
2021-09-07 06:00:00.000,2021,9,7,6,VRB02KT,11,10
2021-09-07 07:00:00.000,2021,9,7,7,VRB02KT,11,10
2021-09-07 08:00:00.000,2021,9,7,8,VRB02KT,10,10
2021-09-07 09:00:00.000,2021,9,7,9,VRB02KT,10,10
2021-09-07 10:00:00.000,2021,9,7,10,VRB02KT,11,10
2021-09-07 10:30:00.000,2021,9,7,10,VRB02KT,10,10
2021-09-07 11:00:00.000,2021,9,7,11,VRB02KT,11,10
2021-09-07 12:00:00.000,2021,9,7,12,00000KT,12,11
2021-09-07 13:00:00.000,2021,9,7,13,VRB02KT,15,13
2021-09-07 14:00:00.000,2021,9,7,14,33003KT,16,11
2021-09-07 15:00:00.000,2021,9,7,15,VRB02KT,16,10
2021-09-07 16:00:00.000,2021,9,7,16,02003KT,17,09
2021-09-07 17:00:00.000,2021,9,7,17,02004KT,17,09
2021-09-07 18:00:00.000,2021,9,7,18,32006KT,17,11
2021-09-07 19:00:00.000,2021,9,7,19,25007KT,15,13
2021-09-07 20:00:00.000,2021,9,7,20,27009KT,15,13
2021-09-07 21:00:00.000,2021,9,7,21,27003KT,17,12
2021-09-07 22:00:00.000,2021,9,7,22,28007KT,17,11
2021-09-07 23:00:00.000,2021,9,7,23,29005KT,15,11
2021-09-08 00:00:00.000,2021,9,8,0,VRB02KT,14,11
2021-09-08 01:00:00.000,2021,9,8,1,VRB02KT,14,11
2021-09-08 02:00:00.000,2021,9,8,2,VRB02KT,13,11
2021-09-08 03:00:00.000,2021,9,8,3,360030KT,13,11
2021-09-08 04:00:00.000,2021,9,8,4,33003KT,13,11
2021-09-08 05:00:00.000,2021,9,8,5,04005KT,13,11
2021-09-08 06:00:00.000,2021,9,8,6,04006KT,12,11
2021-09-08 07:00:00.000,2021,9,8,7,35004KT,12,11
2021-09-08 08:00:00.000,2021,9,8,8,03005KT,12,11
2021-09-08 09:00:00.000,2021,9,8,9,VRB02KT,12,11
2021-09-08 10:00:00.000,2021,9,8,10,06006KT,12,11
2021-09-08 11:00:00.000,2021,9,8,11,05006KT,11,11
2021-09-08 12:00:00.000,2021,9,8,12,03008KT,13,11
2021-09-08 13:00:00.000,2021,9,8,13,05007KT,15,12
2021-09-08 14:00:00.000,2021,9,8,14,04005KT,17,12
2021-09-08 15:00:00.000,2021,9,8,15,14004KT,18,11
2021-09-08 16:00:00.000,2021,9,8,16,18009KT,19,11
2021-09-08 17:00:00.000,2021,9,8,17,18011KT,20,11
2021-09-08 18:00:00.000,2021,9,8,18,02008KT,17,12
2021-09-08 19:00:00.000,2021,9,8,19,24006G17KT,18,12
2021-09-08 20:00:00.000,2021,9,8,20,18010KT,20,10
2021-09-08 21:00:00.000,2021,9,8,21,16006KT,19,11
2021-09-08 22:00:00.000,2021,9,8,22,11008KT,17,8
2021-09-08 23:00:00.000,2021,9,8,23,12004KT,16,07
2021-09-09 00:00:00.000,2021,9,9,0,09003KT,15,07
2021-09-09 01:00:00.000,2021,9,9,1,03006KT,13,09
2021-09-09 02:00:00.000,2021,9,9,2,33003KT,12,08
2021-09-09 03:00:00.000,2021,9,9,3,35003KT,11,09
2021-09-09 04:00:00.000,2021,9,9,4,VRB02KT,10,09
2021-09-09 05:00:00.000,2021,9,9,5,12004KT,12,07
2021-09-09 06:00:00.000,2021,9,9,6,04006KT,10,07
2021-09-09 07:00:00.000,2021,9,9,7,27003KT,10,08
2021-09-09 08:00:00.000,2021,9,9,8,VRB02KT,11,08
2021-09-09 09:00:00.000,2021,9,9,9,05003KT,11,08
2021-09-09 10:00:00.000,2021,9,9,10,09003KT,11,08
2021-09-09 11:00:00.000,2021,9,9,11,09003KT,10,09
2021-09-09 12:00:00.000,2021,9,9,12,30003KT,11,10
2021-09-09 13:00:00.000,2021,9,9,13,05004KT,13,10
2021-09-09 14:00:00.000,2021,9,9,14,05004KT,14,10
2021-09-09 15:00:00.000,2021,9,9,15,VRB03KT,16,08
2021-09-09 16:00:00.000,2021,9,9,16,24004KT,17,08
2021-09-09 17:00:00.000,2021,9,9,17,33003KT,18,08
2021-09-09 18:00:00.000,2021,9,9,18,14006KT,18,6
2021-09-09 19:00:00.000,2021,9,9,19,19006KT,19,08
2021-09-09 20:00:00.000,2021,9,9,20,16005KT,19,07
2021-09-09 21:00:00.000,2021,9,9,21,11008KT,19,08
2021-09-09 22:00:00.000,2021,9,9,22,15010KT,18,06
2021-09-09 23:00:00.000,2021,9,9,23,13005KT,17,07
2021-09-10 00:00:00.000,2021,9,10,0,10004KT,16,07
2021-09-10 01:00:00.000,2021,9,10,1,14005KT,14,07
2021-09-10 02:00:00.000,2021,9,10,2,01004KT,12,09
2021-09-10 03:00:00.000,2021,9,10,3,05004KT,11,08
2021-09-10 04:00:00.000,2021,9,10,4,04005KT,10,08
2021-09-10 05:00:00.000,2021,9,10,5,06004KT,10,09
2021-09-10 06:00:00.000,2021,9,10,6,VRB02KT,10,09
2021-09-10 07:00:00.000,2021,9,10,7,32003KT,11,10
2021-09-10 08:00:00.000,2021,9,10,8,33003KT,10,10
2021-09-10 09:00:00.000,2021,9,10,9,04004KT,11,10
2021-09-10 10:00:00.000,2021,9,10,10,06005KT,11,10
2021-09-10 11:00:00.000,2021,9,10,11,06006KT,12,09
2021-09-10 12:00:00.000,2021,9,10,12,06007KT,13,10
2021-09-10 13:00:00.000,2021,9,10,13,05008KT,15,10
2021-09-10 14:00:00.000,2021,9,10,14,05008KT,16,10
2021-09-10 15:00:00.000,2021,9,10,15,10007KT,18,10
2021-09-10 16:00:00.000,2021,9,10,16,08006KT,18,10
2021-09-10 17:00:00.000,2021,9,10,17,11010KT,20,08
2021-09-10 18:00:00.000,2021,9,10,18,12007KT,19,07
2021-09-10 19:00:00.000,2021,9,10,19,06005KT,20,09
2021-09-10 20:00:00.000,2021,9,10,20,23006KT,19,12
2021-09-10 21:00:00.000,2021,9,10,21,19008KT,16,10
2021-09-10 22:00:00.000,2021,9,10,22,16008KT,17,10
2021-09-10 23:00:00.000,2021,9,10,23,15008KT,16,09
2021-09-11 00:00:00.000,2021,9,11,0,17010KT,15,08
2021-09-11 01:00:00.000,2021,9,11,1,10004KT,15,09
2021-09-11 02:00:00.000,2021,9,11,2,10004KT,14,09
2021-09-11 03:00:00.000,2021,9,11,3,12006KT,13,10
2021-09-11 04:00:00.000,2021,9,11,4,VRB02KT,12,10
2021-09-11 05:00:00.000,2021,9,11,5,01003KT,11,11
2021-09-11 06:00:00.000,2021,9,11,6,36004KT,11,11
2021-09-11 07:00:00.000,2021,9,11,7,01003KT,11,10
2021-09-11 08:00:00.000,2021,9,11,8,02006KT,11,10
2021-09-11 09:00:00.000,2021,9,11,9,VRB02KT,11,10
2021-09-11 10:00:00.000,2021,9,11,10,06004KT,10,09
2021-09-11 11:00:00.000,2021,9,11,11,03004KT,11,10
2021-09-11 12:00:00.000,2021,9,11,12,07005KT,13,11
2021-09-11 13:00:00.000,2021,9,11,13,05009KT,14,10
2021-09-11 14:00:00.000,2021,9,11,14,04009KT,15,11
2021-09-11 15:00:00.000,2021,9,11,15,04005KT,16,10
2021-09-11 16:00:00.000,2021,9,11,16,06006KT,16,11
2021-09-11 17:00:00.000,2021,9,11,17,12006KT,17,08
2021-09-11 18:00:00.000,2021,9,11,18,14006KT,18,10
2021-09-11 19:00:00.000,2021,9,11,19,16013KT,18,08
2021-09-11 20:00:00.000,2021,9,11,20,18010KT,20,07
2021-09-11 21:00:00.000,2021,9,11,21,19010KT,20,06
2021-09-11 22:00:00.000,2021,9,11,22,11004KT,19,07
2021-09-11 23:00:00.000,2021,9,11,23,29006KT,17,09
2021-09-12 00:00:00.000,2021,9,12,0,28005KT,15,09
2021-09-12 01:00:00.000,2021,9,12,1,01003KT,14,09
2021-09-12 02:00:00.000,2021,9,12,2,36004KT,12,11
2021-09-12 03:00:00.000,2021,9,12,3,03006KT,12,11
2021-09-12 04:00:00.000,2021,9,12,4,04005KT,12,10
2021-09-12 05:00:00.000,2021,9,12,5,06004KT,12,10
2021-09-12 06:00:00.000,2021,9,12,6,04005KT,11,10
2021-09-12 07:00:00.000,2021,9,12,7,04005KT,11,10
2021-09-12 08:00:00.000,2021,9,12,8,04005KT,11,10
2021-09-12 09:00:00.000,2021,9,12,9,04006KT,11,10
2021-09-12 10:00:00.000,2021,9,12,10,04005KT,11,10
2021-09-12 10:30:00.000,2021,9,12,10,01004KT,11,10
2021-09-12 11:00:00.000,2021,9,12,11,35003KT,11,09
2021-09-12 12:00:00.000,2021,9,12,12,06006KT,12,11
2021-09-12 13:00:00.000,2021,9,12,13,04006KT,13,11
2021-09-12 14:00:00.000,2021,9,12,14,05006KT,14,11
2021-09-12 15:00:00.000,2021,9,12,15,12010KT,16,08
2021-09-12 16:00:00.000,2021,9,12,16,14012KT,16,09
2021-09-12 17:00:00.000,2021,9,12,17,14311KT,16,08
2021-09-12 18:00:00.000,2021,9,12,18,14011KT,17,08
2021-09-12 19:00:00.000,2021,9,12,19,13010KT,18,08
2021-09-12 20:00:00.000,2021,9,12,20,14015KT,16,08
2021-09-12 21:00:00.000,2021,9,12,21,16014KT,15,08
2021-09-12 22:00:00.000,2021,9,12,22,14012KT,15,08
2021-09-12 23:00:00.000,2021,9,12,23,13009KT,14,07
2021-09-13 00:00:00.000,2021,9,13,0,14008KT,12,07
2021-09-13 01:00:00.000,2021,9,13,1,12005KT,12,07
2021-09-13 02:00:00.000,2021,9,13,2,12004KT,12,07
2021-09-13 03:00:00.000,2021,9,13,3,VRB02KT,09,08
2021-09-13 04:00:00.000,2021,9,13,4,34003KT,09,08
2021-09-13 05:00:00.000,2021,9,13,5,03003KT,09,08
2021-09-13 06:00:00.000,2021,9,13,6,00000KT,08,07
2021-09-13 07:00:00.000,2021,9,13,7,04005KT,06,05
2021-09-13 08:00:00.000,2021,9,13,8,VRB02KT,07,06
2021-09-13 09:00:00.000,2021,9,13,9,06005KT,07,06
2021-09-13 10:00:00.000,2021,9,13,10,VRB02KT,06,05
2021-09-13 11:00:00.000,2021,9,13,11,12003KT,06,05
2021-09-13 12:00:00.000,2021,9,13,12,20003KT,10,08
2021-09-13 13:00:00.000,2021,9,13,13,02004KT,12,9
2021-09-13 14:00:00.000,2021,9,13,14,14006KT,16,07
2021-09-13 15:00:00.000,2021,9,13,15,11012KT,18,06
2021-09-13 16:00:00.000,2021,9,13,16,11009KT,19,07
2021-09-13 17:00:00.000,2021,9,13,17,16014KT,19,06
2021-09-13 18:00:00.000,2021,9,13,18,14006G21KT,20,06
2021-09-13 19:00:00.000,2021,9,13,19,15008KT,20,06
2021-09-13 20:00:00.000,2021,9,13,20,13011KT,20,07
2021-09-13 21:00:00.000,2021,9,13,21,23006KT,18,09
2021-09-13 22:00:00.000,2021,9,13,22,29006KT,15,10
2021-09-13 23:00:00.000,2021,9,13,23,04003KT,14,07
2021-09-14 00:00:00.000,2021,9,14,0,VRB02KT,11,09
2021-09-14 01:00:00.000,2021,9,14,1,07003KT,11,08
2021-09-14 02:00:00.000,2021,9,14,2,35004KT,10,09
2021-09-14 03:00:00.000,2021,9,14,3,03003KT,12,09
2021-09-14 04:00:00.000,2021,9,14,4,04007KT,12,09
2021-09-14 05:00:00.000,2021,9,14,5,VRB02KT,12,08
2021-09-14 06:00:00.000,2021,9,14,6,01003KT,11,09
2021-09-14 07:00:00.000,2021,9,14,7,32005KT,10,09
2021-09-14 08:00:00.000,2021,9,14,8,00000KT,10,09
2021-09-14 09:00:00.000,2021,9,14,9,32003KT,10,09
2021-09-14 10:00:00.000,2021,9,14,10,VRB02KT,09,08
2021-09-14 10:30:00.000,2021,9,14,10,00000KT,10,09
2021-09-14 11:00:00.000,2021,9,14,11,00000KT,09,09
2021-09-14 12:00:00.000,2021,9,14,12,02004KT,11,10
2021-09-14 12:30:00.000,2021,9,14,12,01003KT,14,10
2021-09-14 13:00:00.000,2021,9,14,13,33004KT,15,10
2021-09-14 14:00:00.000,2021,9,14,14,06006K,17,09
2021-09-14 15:00:00.000,2021,9,14,15,05003KT,17,06
2021-09-14 16:00:00.000,2021,9,14,16,04006KT,17,06
2021-09-14 17:00:00.000,2021,9,14,17,12007KT,18,05
2021-09-14 18:00:00.000,2021,9,14,18,05008KT,18,07
2021-09-14 19:00:00.000,2021,9,14,19,13008KT,18,06
2021-09-14 20:00:00.000,2021,9,14,20,12006KT,18,05
2021-09-14 21:00:00.000,2021,9,14,21,07006KT,18,06
2021-09-14 22:00:00.000,2021,9,14,22,17010KT,17,07
2021-09-14 23:00:00.000,2021,9,14,23,16008KT,16,07
2021-09-15 00:00:00.000,2021,9,15,0,15005KT,15,07
2021-09-15 01:00:00.000,2021,9,15,1,VRB02KT,12,08
2021-09-15 02:00:00.000,2021,9,15,2,VRB02KT,11,08
2021-09-15 03:00:00.000,2021,9,15,3,VRB02KT,10,08
2021-09-15 04:00:00.000,2021,9,15,4,VRB02KT,09,07
2021-09-15 05:00:00.000,2021,9,15,5,06003KT,09,08
2021-09-15 06:00:00.000,2021,9,15,6,30003KT,08,08
2021-09-15 07:00:00.000,2021,9,15,7,33004KT,05,04
2021-09-15 08:00:00.000,2021,9,15,8,VRB02KT,05,04
2021-09-15 09:00:00.000,2021,9,15,9,VRB02KT,06,05
2021-09-15 10:00:00.000,2021,9,15,10,VRB02KT,05,05
2021-09-15 10:30:00.000,2021,9,15,10,27004KT,05,04
2021-09-15 11:00:00.000,2021,9,15,11,VRB02KT,05,05
2021-09-15 12:00:00.000,2021,9,15,12,36003KT,10,09
2021-09-15 13:00:00.000,2021,9,15,13,06004KT,13,11
2021-09-15 13:25:00.000,2021,9,15,13,08007KT,15,08
2021-09-15 14:00:00.000,2021,9,15,14,07007KT,18,09
2021-09-15 15:00:00.000,2021,9,15,15,10008KT,19,07
2021-09-15 16:00:00.000,2021,9,15,16,04008KT,19,08
2021-09-15 17:00:00.000,2021,9,15,17,11007KT,19,06
2021-09-15 18:00:00.000,2021,9,15,18,08008KT,19,07
2021-09-15 19:00:00.000,2021,9,15,19,12007KT,19,07
2021-09-15 20:00:00.000,2021,9,15,20,15011KT,19,07
2021-09-15 21:00:00.000,2021,9,15,21,18013KT,17,08
2021-09-15 22:00:00.000,2021,9,15,22,17014KT,16,07
2021-09-15 23:00:00.000,2021,9,15,23,21007KT,15,07
2021-09-16 00:00:00.000,2021,9,16,0,20008KT,14,07
2021-09-16 01:00:00.000,2021,9,16,1,VRB02KT,13,09
2021-09-16 02:00:00.000,2021,9,16,2,07003KT,12,09
2021-09-16 03:00:00.000,2021,9,16,3,06007KT,12,09
2021-09-16 04:00:00.000,2021,9,16,4,VRB02KT,12,09
2021-09-16 05:00:00.000,2021,9,16,5,06003KT,11,08
2021-09-16 06:00:00.000,2021,9,16,6,VRB02KT,12,07
2021-09-16 07:00:00.000,2021,9,16,7,05006KT,10,08
2021-09-16 08:00:00.000,2021,9,16,8,03005KT,10,08
2021-09-16 09:00:00.000,2021,9,16,9,07005KT,11,08
2021-09-16 10:00:00.000,2021,9,16,10,01003KT,10,08
2021-09-16 10:30:00.000,2021,9,16,10,03003KT,10,08
2021-09-16 11:00:00.000,2021,9,16,11,03006KT,10,08
2021-09-16 12:00:00.000,2021,9,16,12,06006KT,13,09
2021-09-16 13:00:00.000,2021,9,16,13,04008KT,13,08
2021-09-16 14:00:00.000,2021,9,16,14,09005KT,17,09
2021-09-16 15:00:00.000,2021,9,16,15,13006KT,16,08
2021-09-16 16:00:00.000,2021,9,16,16,14011KT,16,08
2021-09-16 17:00:00.000,2021,9,16,17,14016KT,17,08
2021-09-16 17:27:00.000,2021,9,16,17,20017KT,17,08
2021-09-16 18:00:00.000,2021,9,16,18,17014KT,18,08
2021-09-16 19:00:00.000,2021,9,16,19,17014KT,16,07
2021-09-16 19:28:00.000,2021,9,16,19,18013KT,16,08
2021-09-16 20:00:00.000,2021,9,16,20,18012KT,15,08
2021-09-16 21:00:00.000,2021,9,16,21,15012KT,16,09
2021-09-16 22:00:00.000,2021,9,16,22,11006KT,16,07
2021-09-16 23:00:00.000,2021,9,16,23,11008KT,14,08
2021-09-17 00:00:00.000,2021,9,17,0,09005KT,12,08
2021-09-17 01:00:00.000,2021,9,17,1,07005KT,12,08
2021-09-17 02:00:00.000,2021,9,17,2,VRB04KT,13,08
2021-09-17 03:00:00.000,2021,9,17,3,VRB04KT,13,07
2021-09-17 04:00:00.000,2021,9,17,4,16010KT,13,07
2021-09-17 05:00:00.000,2021,9,17,5,15006KT,11,06
2021-09-17 06:00:00.000,2021,9,17,6,02003KT,09,07
2021-09-17 07:00:00.000,2021,9,17,7,VRB02KT,09,07
2021-09-17 08:00:00.000,2021,9,17,8,VRB02KT,08,05
2021-09-17 09:00:00.000,2021,9,17,9,10003KT,11,06
2021-09-17 10:00:00.000,2021,9,17,10,VRB02KT,08,05
2021-09-17 10:30:00.000,2021,9,17,10,VRB02KT,08,07
2021-09-17 11:00:00.000,2021,9,17,11,11004KT,09,07
2021-09-17 11:23:00.000,2021,9,17,11,10004KT,11,07
2021-09-17 12:00:00.000,2021,9,17,12,12006KT,13,06
2021-09-17 13:00:00.000,2021,9,17,13,11006KT,15,06
2021-09-17 14:00:00.000,2021,9,17,14,15011KT,17,06
2021-09-17 15:00:00.000,2021,9,17,15,15015KT,16,05
2021-09-17 16:00:00.000,2021,9,17,16,12009KT,17,05
2021-09-17 17:00:00.000,2021,9,17,17,15015KT,18,05
2021-09-17 18:00:00.000,2021,9,17,18,15011KT,19,06
2021-09-17 19:00:00.000,2021,9,17,19,16011KT,20,05
2021-09-17 20:00:00.000,2021,9,17,20,21010KT,20,06
2021-09-17 21:00:00.000,2021,9,17,21,15010KT,20,05
2021-09-17 22:00:00.000,2021,9,17,22,16012KT,18,04
2021-09-17 23:00:00.000,2021,9,17,23,20007KT,16,09
2021-09-18 00:00:00.000,2021,9,18,0,24003KT,14,10
2021-09-18 01:00:00.000,2021,9,18,1,34003KT,13,10
2021-09-18 02:00:00.000,2021,9,18,2,33003KT,12,10
2021-09-18 03:00:00.000,2021,9,18,3,VRB02KT,12,10
2021-09-18 04:00:00.000,2021,9,18,4,03004KT,12,09
2021-09-18 05:00:00.000,2021,9,18,5,02003KT,11,08
2021-09-18 06:00:00.000,2021,9,18,6,04003KT,10,08
2021-09-18 07:00:00.000,2021,9,18,7,04004KT,09,08
2021-09-18 08:00:00.000,2021,9,18,8,33003KT,08,07
2021-09-18 09:00:00.000,2021,9,18,9,05005KT,08,07
2021-09-18 10:00:00.000,2021,9,18,10,VRB02KT,08,08
2021-09-18 10:30:00.000,2021,9,18,10,VRB02KT,08,07
2021-09-18 11:00:00.000,2021,9,18,11,VRB02KT,07,06
2021-09-18 13:00:00.000,2021,9,18,13,05004KT,15,09
2021-09-18 14:00:00.000,2021,9,18,14,33004KT,18,08
2021-09-18 15:00:00.000,2021,9,18,15,04006KT,18,07
2021-09-18 16:00:00.000,2021,9,18,16,02006KT,17,08
2021-09-18 17:00:00.000,2021,9,18,17,22004KT,18,06
2021-09-18 18:00:00.000,2021,9,18,18,18006KT,17,08
2021-09-18 19:00:00.000,2021,9,18,19,29006KT,17,09
2021-09-18 20:00:00.000,2021,9,18,20,31008KT,18,11
2021-09-18 21:00:00.000,2021,9,18,21,30007KT,17,10
2021-09-18 22:00:00.000,2021,9,18,22,27007KT,17,10
2021-09-18 23:00:00.000,2021,9,18,23,24008KT,16,10
2021-09-19 00:00:00.000,2021,9,19,0,29005KT,15,09
2021-09-19 01:00:00.000,2021,9,19,1,VRB02KT,13,10
2021-09-19 02:00:00.000,2021,9,19,2,VRB02KT,11,11
2021-09-19 03:00:00.000,2021,9,19,3,VRB02KT,10,10
2021-09-19 04:00:00.000,2021,9,19,4,03003KT,12,09
2021-09-19 05:00:00.000,2021,9,19,5,VRB02KT,12,11
2021-09-19 06:00:00.000,2021,9,19,6,00000KT,10,10
2021-09-19 07:00:00.000,2021,9,19,7,23004KT,08,07
2021-09-19 08:00:00.000,2021,9,19,8,VRB02KT,07,06
2021-09-19 09:00:00.000,2021,9,19,9,VRB02KT,06,05
2021-09-19 10:00:00.000,2021,9,19,10,VRB02KT,06,05
2021-09-19 10:30:00.000,2021,9,19,10,17004KT,07,06
2021-09-19 11:00:00.000,2021,9,19,11,VRB02KT,07,06
2021-09-19 11:07:00.000,2021,9,19,11,330003KT,06,06
2021-09-19 12:00:00.000,2021,9,19,12,VRB02KT,11,10
2021-09-19 13:00:00.000,2021,9,19,13,VRB02KT,12,11
2021-09-19 14:00:00.000,2021,9,19,14,VRB02KT,15,19
2021-09-19 15:00:00.000,2021,9,19,15,VRB05KT,18,09
2021-09-19 16:00:00.000,2021,9,19,16,VRB02KT,17,08
2021-09-19 16:32:00.000,2021,9,19,16,24003KT,16,10
2021-09-19 17:00:00.000,2021,9,19,17,32007KT,32,26
2021-09-19 18:00:00.000,2021,9,19,18,11004KT,18,09
2021-09-19 19:00:00.000,2021,9,19,19,23004KT,20,08
2021-09-19 20:00:00.000,2021,9,19,20,25010KT,18,11
2021-09-19 21:00:00.000,2021,9,19,21,26008KT,17,10
2021-09-19 22:00:00.000,2021,9,19,22,27007KT,16,10
2021-09-19 23:00:00.000,2021,9,19,23,33005KT,14,10
2021-09-20 00:00:00.000,2021,9,20,0,36003KT,13,12
2021-09-20 01:00:00.000,2021,9,20,1,VRB02KT,12,11
2021-09-20 02:00:00.000,2021,9,20,2,32006KT,12,11
2021-09-20 03:00:00.000,2021,9,20,3,VRB02KT,11,10
2021-09-20 04:00:00.000,2021,9,20,4,08003KT,11,10
2021-09-20 05:00:00.000,2021,9,20,5,VRB02KT,10,09
2021-09-20 06:00:00.000,2021,9,20,6,23003KT,10,10
2021-09-20 07:00:00.000,2021,9,20,7,VRB02KT,11,10
2021-09-20 08:00:00.000,2021,9,20,8,04003KT,11,10
2021-09-20 09:00:00.000,2021,9,20,9,32003KT,10,09
2021-09-20 10:00:00.000,2021,9,20,10,00000KT,10,09
2021-09-20 10:30:00.000,2021,9,20,10,04003KT,11,10
2021-09-20 11:00:00.000,2021,9,20,11,VRB02KT,11,10
2021-09-20 12:00:00.000,2021,9,20,12,36004KT,12,11
2021-09-20 13:00:00.000,2021,9,20,13,06004KT,13,11
2021-09-20 14:00:00.000,2021,9,20,14,03006KT,15,11
2021-09-20 15:00:00.000,2021,9,20,15,24005KT,16,10
2021-09-20 16:00:00.000,2021,9,20,16,VRB04KT,18,09
2021-09-20 17:00:00.000,2021,9,20,17,17006KT,17,08
2021-09-20 18:00:00.000,2021,9,20,18,24011KT,16,11
2021-09-20 19:00:00.000,2021,9,20,19,31007KT,17,11
2021-09-20 20:00:00.000,2021,9,20,20,34008KT,18,11
2021-09-20 21:00:00.000,2021,9,20,21,29006KT,18,11
2021-09-20 22:00:00.000,2021,9,20,22,27008KT,18,10
2021-09-20 23:00:00.000,2021,9,20,23,27005KT,16,10
2021-09-21 00:00:00.000,2021,9,21,0,25005KT,14,09
2021-09-21 01:00:00.000,2021,9,21,1,32003KT,14,11
2021-09-21 02:00:00.000,2021,9,21,2,17008KT,13,11
2021-09-21 03:00:00.000,2021,9,21,3,19004KT,13,11
2021-09-21 04:00:00.000,2021,9,21,4,01004KT,12,11
2021-09-21 05:00:00.000,2021,9,21,5,VRB02KT,11,10
2021-09-21 06:00:00.000,2021,9,21,6,VRB02KT,10,09
2021-09-21 07:00:00.000,2021,9,21,7,03003KT,10,10
2021-09-21 08:00:00.000,2021,9,21,8,03002KT,10,09
2021-09-21 09:00:00.000,2021,9,21,9,VRB02KT,11,10
2021-09-21 10:00:00.000,2021,9,21,10,03004KT,10,09
2021-09-21 10:30:00.000,2021,9,21,10,04005KT,10,10
2021-09-21 11:00:00.000,2021,9,21,11,28003KT,10,09
2021-09-21 12:00:00.000,2021,9,21,12,03004KT,13,11
2021-09-21 13:00:00.000,2021,9,21,13,03006KT,15,11
2021-09-21 14:00:00.000,2021,9,21,14,06005KT,17,11
2021-09-21 15:00:00.000,2021,9,21,15,09006KT,17,10
2021-09-21 16:00:00.000,2021,9,21,16,16005KT,19,10
2021-09-21 17:00:00.000,2021,9,21,17,17006KT,21,09
2021-09-21 18:00:00.000,2021,9,21,18,13008KT,20,09
2021-09-21 19:00:00.000,2021,9,21,19,10008KT,20,09
2021-09-21 20:00:00.000,2021,9,21,20,27009KT,16,12
2021-09-21 21:00:00.000,2021,9,21,21,29008KT,16,15
2021-09-21 22:00:00.000,2021,9,21,22,29006KT,15,12
2021-09-21 23:00:00.000,2021,9,21,23,34003KT,13,11
2021-09-22 00:00:00.000,2021,9,22,0,34004KT,13,11
2021-09-22 01:00:00.000,2021,9,22,1,34003KT,12,11
2021-09-22 02:00:00.000,2021,9,22,2,VRB02KT,13,11
2021-09-22 03:00:00.000,2021,9,22,3,04005KT,12,10
2021-09-22 04:00:00.000,2021,9,22,4,02003KT,12,10
2021-09-22 05:00:00.000,2021,9,22,5,36006KT,12,11
2021-09-22 06:00:00.000,2021,9,22,6,VRB02KT,12,11
2021-09-22 07:00:00.000,2021,9,22,7,00000KT,12,11
2021-09-22 08:00:00.000,2021,9,22,8,00000KT,11,11
2021-09-22 09:00:00.000,2021,9,22,9,01003KT,11,09
2021-09-22 10:00:00.000,2021,9,22,10,03004KT,09,08
2021-09-22 11:00:00.000,2021,9,22,11,05005KT,10,09
2021-09-22 12:00:00.000,2021,9,22,12,VRB02KT,12,11
2021-09-22 12:15:00.000,2021,9,22,12,VRB02KT,15,11
2021-09-22 13:00:00.000,2021,9,22,13,22003KT,17,10
2021-09-22 14:00:00.000,2021,9,22,14,12003KT,17,09
2021-09-22 15:00:00.000,2021,9,22,15,16005KT,17,09
2021-09-22 16:00:00.000,2021,9,22,16,18008KT,18,08
2021-09-22 17:00:00.000,2021,9,22,17,28004KT,18,11
2021-09-22 18:00:00.000,2021,9,22,18,28013KT,17,12
2021-09-22 18:30:00.000,2021,9,22,18,32006KT,15,13
2021-09-22 19:00:00.000,2021,9,22,19,30008KT,14,13
2021-09-22 19:20:00.000,2021,9,22,19,28010KT,14,14
2021-09-22 20:00:00.000,2021,9,22,20,26012KT,14,14
2021-09-22 21:00:00.000,2021,9,22,21,25006KT,14,13
2021-09-22 22:00:00.000,2021,9,22,22,35003KT,13,13
2021-09-22 23:00:00.000,2021,9,22,23,01004KT,13,13
2021-09-23 00:00:00.000,2021,9,23,0,05004KT,13,11
2021-09-23 01:00:00.000,2021,9,23,1,VRB02KT,12,11
2021-09-23 02:00:00.000,2021,9,23,2,VRB02KT,12,11
2021-09-23 03:00:00.000,2021,9,23,3,VRB02KT,12,12
2021-09-23 04:00:00.000,2021,9,23,4,VRB02KT,12,11
2021-09-23 05:00:00.000,2021,9,23,5,02004KT,12,11
2021-09-23 06:00:00.000,2021,9,23,6,02004KT,12,11
2021-09-23 07:00:00.000,2021,9,23,7,04004KT,12,11
2021-09-23 08:00:00.000,2021,9,23,8,03004KT,12,11
2021-09-23 09:00:00.000,2021,9,23,9,VRB02KT,12,11
2021-09-23 10:00:00.000,2021,9,23,10,VRB02KT,11,11
2021-09-23 10:30:00.000,2021,9,23,10,VRB02KT,12,11
2021-09-23 11:00:00.000,2021,9,23,11,VRB02KT,11,11
2021-09-23 12:00:00.000,2021,9,23,12,33003KT,13,11
2021-09-23 13:00:00.000,2021,9,23,13,04005KT,13,12
2021-09-23 14:00:00.000,2021,9,23,14,VRB02KT,13,13
2021-09-23 14:25:00.000,2021,9,23,14,07003KT,15,12
2021-09-23 15:00:00.000,2021,9,23,15,08003KT,16,11
2021-09-23 16:00:00.000,2021,9,23,16,14009KT,17,10
2021-09-23 17:00:00.000,2021,9,23,17,12014KT,18,09
2021-09-23 18:00:00.000,2021,9,23,18,16012KT,19,09
2021-09-23 19:00:00.000,2021,9,23,19,13008KT,19,09
2021-09-23 20:00:00.000,2021,9,23,20,16011KT,20,09
2021-09-23 21:00:00.000,2021,9,23,21,15016KT,17,10
2021-09-23 22:00:00.000,2021,9,23,22,17013KT,15,08
2021-09-23 23:00:00.000,2021,9,23,23,14009KT,14,07
2021-09-24 00:00:00.000,2021,9,24,0,17008KT,13,07
2021-09-24 01:00:00.000,2021,9,24,1,VRB02KT,12,07
2021-09-24 02:00:00.000,2021,9,24,2,07003KT,11,08
2021-09-24 03:00:00.000,2021,9,24,3,03003KT,11,09
2021-09-24 04:00:00.000,2021,9,24,4,01003KT,11,09
2021-09-24 05:00:00.000,2021,9,24,5,00000KT,10,09
2021-09-24 06:00:00.000,2021,9,24,6,03004KT,10,09
2021-09-24 07:00:00.000,2021,9,24,7,05003KT,10,09
2021-09-24 08:00:00.000,2021,9,24,8,VRB02KT,09,09
2021-09-24 09:00:00.000,2021,9,24,9,VRB02KT,10,09
2021-09-24 10:00:00.000,2021,9,24,10,VRB02KT,10,09
2021-09-24 10:30:00.000,2021,9,24,10,VRB02KT,09,08
2021-09-24 11:00:00.000,2021,9,24,11,06003KT,09,09
2021-09-24 12:00:00.000,2021,9,24,12,36004KT,11,10
2021-09-24 13:00:00.000,2021,9,24,13,04003KT,13,10
2021-09-24 14:00:00.000,2021,9,24,14,14005KT,16,10
2021-09-24 15:00:00.000,2021,9,24,15,14012KT,17,09
2021-09-24 16:00:00.000,2021,9,24,16,16013KT,18,09
2021-09-24 17:00:00.000,2021,9,24,17,16014KT,18,08
2021-09-24 18:00:00.000,2021,9,24,18,13015KT,18,07
2021-09-24 19:00:00.000,2021,9,24,19,15015KT,18,07
2021-09-24 20:00:00.000,2021,9,24,20,17011KT,19,08
2021-09-24 21:00:00.000,2021,9,24,21,16016KT,18,08
2021-09-24 22:00:00.000,2021,9,24,22,15012KT,17,08
2021-09-24 23:00:00.000,2021,9,24,23,13012KT,15,08
2021-09-25 00:00:00.000,2021,9,25,0,14004KT,13,10
2021-09-25 01:00:00.000,2021,9,25,1,11006KT,14,09
2021-09-25 02:00:00.000,2021,9,25,2,09004KT,14,10
2021-09-25 03:00:00.000,2021,9,25,3,04004KT,13,10
2021-09-25 04:00:00.000,2021,9,25,4,04006KT,12,10
2021-09-25 05:00:00.000,2021,9,25,5,07004KT,12,11
2021-09-25 06:00:00.000,2021,9,25,6,09004KT,12,11
2021-09-25 07:00:00.000,2021,9,25,7,14007KT,13,08
2021-09-25 08:00:00.000,2021,9,25,8,11004KT,13,08
2021-09-25 09:00:00.000,2021,9,25,9,13005KT,13,08
2021-09-25 10:00:00.000,2021,9,25,10,10004KT,13,07
2021-09-25 10:30:00.000,2021,9,25,10,12007KT,13,08
2021-09-25 11:00:00.000,2021,9,25,11,10005KT,13,08
2021-09-25 12:00:00.000,2021,9,25,12,09006KT,14,08
2021-09-25 13:00:00.000,2021,9,25,13,14006KT,14,09
2021-09-25 14:00:00.000,2021,9,25,14,15014KT,15,09
2021-09-25 15:00:00.000,2021,9,25,15,14009KT,16,08
2021-09-25 16:00:00.000,2021,9,25,16,14013KT,17,09
2021-09-25 17:00:00.000,2021,9,25,17,14010KT,19,08
2021-09-25 18:00:00.000,2021,9,25,18,12011KT,20,07
2021-09-25 19:00:00.000,2021,9,25,19,13013KT,19,07
2021-09-25 20:00:00.000,2021,9,25,20,15017KT,20,07
2021-09-25 21:00:00.000,2021,9,25,21,14016KT,17,07
2021-09-25 22:00:00.000,2021,9,25,22,15006KT,17,06
2021-09-25 23:00:00.000,2021,9,25,23,16016KT,15,07
2021-09-26 00:00:00.000,2021,9,26,0,13011KT,14,06
2021-09-26 01:00:00.000,2021,9,26,1,12007KT,13,07
2021-09-26 02:00:00.000,2021,9,26,2,14014KT,13,07
2021-09-26 03:00:00.000,2021,9,26,3,13010KT,13,07
2021-09-26 04:00:00.000,2021,9,26,4,09004KT,13,07
2021-09-26 05:00:00.000,2021,9,26,5,07005KT,12,07
2021-09-26 06:00:00.000,2021,9,26,6,04003KT,11,08
2021-09-26 07:00:00.000,2021,9,26,7,03003KT,10,08
2021-09-26 08:00:00.000,2021,9,26,8,03003KT,09,07
2021-09-26 09:00:00.000,2021,9,26,9,07004KT,09,08
2021-09-26 10:00:00.000,2021,9,26,10,VRB02KT,08,07
2021-09-26 10:30:00.000,2021,9,26,10,29004KT,08,07
2021-09-26 11:00:00.000,2021,9,26,11,34004KT,07,06
2021-09-26 12:00:00.000,2021,9,26,12,03005KT,11,10
2021-09-26 12:35:00.000,2021,9,26,12,02003KT,13,09
2021-09-26 13:00:00.000,2021,9,26,13,04005KT,15,08
2021-09-26 14:00:00.000,2021,9,26,14,13008KT,17,06
2021-09-26 15:00:00.000,2021,9,26,15,15011KT,18,06
2021-09-26 16:00:00.000,2021,9,26,16,15011KT,19,05
2021-09-26 17:00:00.000,2021,9,26,17,13011G22KT,20,04
2021-09-26 18:00:00.000,2021,9,26,18,15011KT,20,06
2021-09-26 19:00:00.000,2021,9,26,19,14008KT,20,04
2021-09-26 20:00:00.000,2021,9,26,20,17007KT,20,05
2021-09-26 21:00:00.000,2021,9,26,21,13010KT,18,04
2021-09-26 22:00:00.000,2021,9,26,22,12007KT,18,04
2021-09-26 23:00:00.000,2021,9,26,23,17009KT,16,04
2021-09-27 00:00:00.000,2021,9,27,0,16008KT,15,03
2021-09-27 01:00:00.000,2021,9,27,1,04003KT,12,05
2021-09-27 02:00:00.000,2021,9,27,2,04003KT,10,07
2021-09-27 03:00:00.000,2021,9,27,3,VRB02KT,10,05
2021-09-27 04:00:00.000,2021,9,27,4,34006KT,08,05
2021-09-27 05:00:00.000,2021,9,27,5,VRB02KT,08,06
2021-09-27 06:00:00.000,2021,9,27,6,VRB02KT,07,06
2021-09-27 07:00:00.000,2021,9,27,7,02006KT,07,07
2021-09-27 08:00:00.000,2021,9,27,8,30004KT,06,06
2021-09-27 09:00:00.000,2021,9,27,9,03004KT,05,05
2021-09-27 10:00:00.000,2021,9,27,10,VRB02KT,04,03
2021-09-27 10:30:00.000,2021,9,27,10,VRB02KT,06,05
2021-09-27 11:00:00.000,2021,9,27,11,28004KT,05,05
2021-09-27 12:00:00.000,2021,9,27,12,VRB02KT,09,08
2021-09-27 12:30:00.000,2021,9,27,12,03003KT,11,08
2021-09-27 13:00:00.000,2021,9,27,13,03004KT,13,07
2021-09-27 13:32:00.000,2021,9,27,13,05004KT,15,06
2021-09-27 14:00:00.000,2021,9,27,14,10004KT,17,07
2021-09-27 15:00:00.000,2021,9,27,15,VRB02KT,18,06
2021-09-27 15:30:00.000,2021,9,27,15,12006KT,21,07
2021-09-27 16:00:00.000,2021,9,27,16,17004KT,20,06
2021-09-27 17:00:00.000,2021,9,27,17,16012KT,20,06
2021-09-27 18:00:00.000,2021,9,27,18,17006KT,20,07
2021-09-27 19:00:00.000,2021,9,27,19,16007KT,20,07
2021-09-27 20:00:00.000,2021,9,27,20,09009KT,20,07
2021-09-27 21:00:00.000,2021,9,27,21,23005KT,18,10
2021-09-27 22:00:00.000,2021,9,27,22,27007KT,18,08
2021-09-27 23:00:00.000,2021,9,27,23,19004KT,17,08
2021-09-28 00:00:00.000,2021,9,28,0,14006KT,15,08
2021-09-28 01:00:00.000,2021,9,28,1,13007KT,15,09
2021-09-28 02:00:00.000,2021,9,28,2,VRB02KT,15,09
2021-09-28 03:00:00.000,2021,9,28,3,VRB02KT,12,09
2021-09-28 04:00:00.000,2021,9,28,4,02003KT,11,09
2021-09-28 05:00:00.000,2021,9,28,5,34003KT,12,09
2021-09-28 06:00:00.000,2021,9,28,6,05006KT,10,08
2021-09-28 07:00:00.000,2021,9,28,7,04005KT,11,09
2021-09-28 08:00:00.000,2021,9,28,8,00000KT,11,10
2021-09-28 09:00:00.000,2021,9,28,9,VRB02KT,10,09
2021-09-28 10:00:00.000,2021,9,28,10,VRB02KT,10,10
2021-09-28 10:30:00.000,2021,9,28,10,VRB02KT,10,10
2021-09-28 11:00:00.000,2021,9,28,11,VRB02KT,10,09
2021-09-28 12:00:00.000,2021,9,28,12,03003KT,12,11
2021-09-28 13:00:00.000,2021,9,28,13,04005KT,13,11
2021-09-28 14:00:00.000,2021,9,28,14,03003KT,14,10
2021-09-28 15:00:00.000,2021,9,28,15,16012KT,16,08
2021-09-28 16:00:00.000,2021,9,28,16,16013KT,18,08
2021-09-28 17:00:00.000,2021,9,28,17,16016KT,19,08
2021-09-28 18:00:00.000,2021,9,28,18,14012KT,19,08
2021-09-28 19:00:00.000,2021,9,28,19,15008KT,19,07
2021-09-28 20:00:00.000,2021,9,28,20,VRB04KT,19,07
2021-09-28 21:00:00.000,2021,9,28,21,36004KT,18,08
2021-09-28 22:00:00.000,2021,9,28,22,25009KT,16,10
2021-09-28 23:00:00.000,2021,9,28,23,30005KT,15,09
2021-09-29 00:00:00.000,2021,9,29,0,31004KT,14,09
2021-09-29 01:00:00.000,2021,9,29,1,33003KT,13,10
2021-09-29 02:00:00.000,2021,9,29,2,VRB02KT,13,10
2021-09-29 03:00:00.000,2021,9,29,3,VRB02KT,12,10
2021-09-29 04:00:00.000,2021,9,29,4,05003KT,12,10
2021-09-29 05:00:00.000,2021,9,29,5,VRB02KT,12,11
2021-09-29 06:00:00.000,2021,9,29,6,10003KT,13,10
2021-09-29 07:00:00.000,2021,9,29,7,06003KT,11,09
2021-09-29 08:00:00.000,2021,9,29,8,34003KT,10,10
2021-09-29 09:00:00.000,2021,9,29,9,20004KT,09,09
2021-09-29 10:00:00.000,2021,9,29,10,00000KT,10,10
2021-09-29 10:30:00.000,2021,9,29,10,VRB02KT,11,10
2021-09-29 11:00:00.000,2021,9,29,11,VRB03KT,11,10
2021-09-29 12:00:00.000,2021,9,29,12,04003KT,11,10
2021-09-29 13:00:00.000,2021,9,29,13,04005KT,13,11
2021-09-29 14:00:00.000,2021,9,29,14,05004KT,15,10
2021-09-29 14:30:00.000,2021,9,29,14,VRB02KT,17,10
2021-09-29 15:00:00.000,2021,9,29,15,29004KT,18,10
2021-09-29 16:00:00.000,2021,9,29,16,03003KT,19,09
2021-09-29 17:00:00.000,2021,9,29,17,07004KT,19,07
2021-09-29 18:00:00.000,2021,9,29,18,27008KT,17,12
2021-09-29 19:00:00.000,2021,9,29,19,28009KT,16,12
2021-09-29 20:00:00.000,2021,9,29,20,23007KT,15,12
2021-09-29 21:00:00.000,2021,9,29,21,30008KT,14,12
2021-09-29 22:00:00.000,2021,9,29,22,27004KT,14,11
2021-09-29 23:00:00.000,2021,9,29,23,23003KT,14,11
2021-09-30 00:00:00.000,2021,9,30,0,04003KT,12,11
2021-09-30 01:00:00.000,2021,9,30,1,31004KT,13,11
2021-09-30 02:00:00.000,2021,9,30,2,31003KT,12,11
2021-09-30 03:00:00.000,2021,9,30,3,VRB02KT,12,11
2021-09-30 04:00:00.000,2021,9,30,4,35003KT,12,12
2021-09-30 05:00:00.000,2021,9,30,5,VRB02KT,12,12
2021-09-30 06:00:00.000,2021,9,30,6,03004KT,12,12
2021-09-30 07:00:00.000,2021,9,30,7,VRB02KT,12,11
2021-09-30 08:00:00.000,2021,9,30,8,VRB02KT,12,11
2021-09-30 09:00:00.000,2021,9,30,9,VRB02KT,12,11
2021-09-30 10:00:00.000,2021,9,30,10,04004KT,12,11
2021-09-30 10:30:00.000,2021,9,30,10,VRB02KT,12,11
2021-09-30 11:00:00.000,2021,9,30,11,VRB02KT,12,12
2021-09-30 12:00:00.000,2021,9,30,12,32004KT,12,12
2021-09-30 12:20:00.000,2021,9,30,12,32005KT,11,11
2021-09-30 13:00:00.000,2021,9,30,13,32007KT,11,10
2021-09-30 14:00:00.000,2021,9,30,14,30005KT,12,11
2021-09-30 15:00:00.000,2021,9,30,15,32006KT,13,11
2021-09-30 16:00:00.000,2021,9,30,16,35006KT,12,11
2021-09-30 17:00:00.000,2021,9,30,17,32004KT,15,11
2021-09-30 18:00:00.000,2021,9,30,18,28005KT,18,10
2021-09-30 19:00:00.000,2021,9,30,19,23008KT,16,12
2021-09-30 20:00:00.000,2021,9,30,20,24007KT,14,12
2021-09-30 20:30:00.000,2021,9,30,20,17003KT,14,12
2021-09-30 21:00:00.000,2021,9,30,21,17003KT,14,13
2021-09-30 22:00:00.000,2021,9,30,22,29004KT,13,12
2021-09-30 23:00:00.000,2021,9,30,23,23005KT,13,13
2021-10-01 00:00:00.000,2021,10,1,0,VRB02KT,13,12
2021-10-01 01:00:00.000,2021,10,1,1,VRB02KT,12,11
2021-10-01 02:00:00.000,2021,10,1,2,VRB02KT,13,12
2021-10-01 03:00:00.000,2021,10,1,3,02005KT,12,11
2021-10-01 04:00:00.000,2021,10,1,4,01003KT,11,11
2021-10-01 05:00:00.000,2021,10,1,5,VRB02KT,11,11
2021-10-01 06:00:00.000,2021,10,1,6,02004KT,11,10
2021-10-01 07:00:00.000,2021,10,1,7,VRB02KT,09,08
2021-10-01 08:00:00.000,2021,10,1,8,VRB02KT,10,09
2021-10-01 09:00:00.000,2021,10,1,9,VRB02KT,10,09
2021-10-01 10:00:00.000,2021,10,1,10,VRB02KT,09,09
2021-10-01 10:30:00.000,2021,10,1,10,VRB02KT,09,08
2021-10-01 11:00:00.000,2021,10,1,11,VRB02KT,09,08
2021-10-01 12:00:00.000,2021,10,1,12,06003KT,11,10
2021-10-01 13:00:00.000,2021,10,1,13,33003KT,13,12
2021-10-01 14:00:00.000,2021,10,1,14,36003KT,15,11
2021-10-01 15:00:00.000,2021,10,1,15,16006KT,16,08
2021-10-01 16:00:00.000,2021,10,1,16,11006KT,17,07
2021-10-01 17:00:00.000,2021,10,1,17,14007KT,19,07
2021-10-01 18:00:00.000,2021,10,1,18,VRB04KT,29,19
2021-10-01 19:00:00.000,2021,10,1,19,VRB02KT,19,08
2021-10-01 20:00:00.000,2021,10,1,20,13007KT,19,08
2021-10-01 21:00:00.000,2021,10,1,21,09007KT,18,08
2021-10-01 22:00:00.000,2021,10,1,22,31007KT,17,10
2021-10-01 23:00:00.000,2021,10,1,23,35005KT,16,09
2021-10-02 00:00:00.000,2021,10,2,0,23003KT,14,12
2021-10-02 01:00:00.000,2021,10,2,1,23004KT,14,11
2021-10-02 02:00:00.000,2021,10,2,2,24005KT,14,12
2021-10-02 03:00:00.000,2021,10,2,3,VRB02KT,13,11
2021-10-02 04:00:00.000,2021,10,2,4,VRB02KT,11,10
2021-10-02 05:00:00.000,2021,10,2,5,VRB02KT,10,10
2021-10-02 06:00:00.000,2021,10,2,6,32004KT,08,08
2021-10-02 07:00:00.000,2021,10,2,7,VRB02KT,08,08
2021-10-02 08:00:00.000,2021,10,2,8,06003KT,08,08
2021-10-02 09:00:00.000,2021,10,2,9,05005KT,07,07
2021-10-02 10:00:00.000,2021,10,2,10,05004KT,07,06
2021-10-02 10:30:00.000,2021,10,2,10,05004KT,09,08
2021-10-02 11:00:00.000,2021,10,2,11,05006KT,09,09
2021-10-02 12:00:00.000,2021,10,2,12,06004KT,12,11
2021-10-02 13:00:00.000,2021,10,2,13,04005KT,14,11
2021-10-02 14:00:00.000,2021,10,2,14,06005KT,15,09
2021-10-02 15:00:00.000,2021,10,2,15,060041KT,17,08
2021-10-02 16:00:00.000,2021,10,2,16,05003KT,19,08
2021-10-02 17:00:00.000,2021,10,2,17,08005KT,21,06
2021-10-02 18:00:00.000,2021,10,2,18,VRB02KT,20,08
2021-10-02 19:00:00.000,2021,10,2,19,12011KT,21,07
2021-10-02 20:00:00.000,2021,10,2,20,18010KT,21,07
2021-10-02 21:00:00.000,2021,10,2,21,22008KT,19,11
2021-10-02 22:00:00.000,2021,10,2,22,27005KT,18,11
2021-10-02 23:00:00.000,2021,10,2,23,27009KT,15,12
2021-10-03 00:00:00.000,2021,10,3,0,29004KT,14,11
2021-10-03 01:00:00.000,2021,10,3,1,33003KT,13,11
2021-10-03 02:00:00.000,2021,10,3,2,VRB02KT,13,10
2021-10-03 03:00:00.000,2021,10,3,3,36003KT,12,11
2021-10-03 04:00:00.000,2021,10,3,4,36003KT,11,10
2021-10-03 05:00:00.000,2021,10,3,5,06003KT,10,09
2021-10-03 06:00:00.000,2021,10,3,6,25004KT,08,08
2021-10-03 07:00:00.000,2021,10,3,7,VRB02KT,07,07
2021-10-03 08:00:00.000,2021,10,3,8,VRB02KT,06,06
2021-10-03 09:00:00.000,2021,10,3,9,VRB02KT,06,05
2021-10-03 10:00:00.000,2021,10,3,10,VRB02KT,05,04
2021-10-03 10:30:00.000,2021,10,3,10,VRB02KT,10,09
2021-10-03 11:00:00.000,2021,10,3,11,VRB02KT,04,04
2021-10-03 11:19:00.000,2021,10,3,11,04005KT,08,07
2021-10-03 12:00:00.000,2021,10,3,12,02005KT,08,07
2021-10-03 12:27:00.000,2021,10,3,12,32003KT,10,08
2021-10-03 13:00:00.000,2021,10,3,13,02003KT,12,10
2021-10-03 13:14:00.000,2021,10,3,13,04004KT,14,09
2021-10-03 14:00:00.000,2021,10,3,14,06005KT,16,08
2021-10-03 15:00:00.000,2021,10,3,15,08006KT,18,08
2021-10-03 16:00:00.000,2021,10,3,16,13005KT,21,06
2021-10-03 17:00:00.000,2021,10,3,17,12006KT,20,06
2021-10-03 18:00:00.000,2021,10,3,18,11006KT,22,07
2021-10-03 19:00:00.000,2021,10,3,19,03006KT,21,07
2021-10-03 20:00:00.000,2021,10,3,20,21003KT,20,12
2021-10-03 21:00:00.000,2021,10,3,21,25009KT,16,10
2021-10-03 22:00:00.000,2021,10,3,22,27006KT,16,10
2021-10-03 23:00:00.000,2021,10,3,23,22004KT,15,10
2021-10-04 00:00:00.000,2021,10,4,0,27004KT,14,11
2021-10-04 01:00:00.000,2021,10,4,1,VRB02KT,13,11
2021-10-04 02:00:00.000,2021,10,4,2,VRB02KT,13,12
2021-10-04 03:00:00.000,2021,10,4,3,33006KT,12,11
2021-10-04 04:00:00.000,2021,10,4,4,VRB02KT,13,11
2021-10-04 05:00:00.000,2021,10,4,5,VRB02KT,14,11
2021-10-04 06:00:00.000,2021,10,4,6,31004KT,12,11
2021-10-04 07:00:00.000,2021,10,4,7,VRB02KT,12,11
2021-10-04 08:00:00.000,2021,10,4,8,33004KT,09,08
2021-10-04 09:00:00.000,2021,10,4,9,23004KT,10,09
2021-10-04 10:00:00.000,2021,10,4,10,VRB02KT,10,10
2021-10-04 10:30:00.000,2021,10,4,10,VRB02KT,10,09
2021-10-04 11:00:00.000,2021,10,4,11,VRB02KT,09,08
2021-10-04 11:34:00.000,2021,10,4,11,34003KT,11,10
2021-10-04 12:00:00.000,2021,10,4,12,VRB02KT,12,12
2021-10-04 12:29:00.000,2021,10,4,12,VRB02KT,14,13
2021-10-04 13:00:00.000,2021,10,4,13,VRB02KT,16,12
2021-10-04 14:00:00.000,2021,10,4,14,08005KT,18,06
2021-10-04 15:00:00.000,2021,10,4,15,01006KT,20,08
2021-10-04 16:00:00.000,2021,10,4,16,04008KT,21,07
2021-10-04 17:00:00.000,2021,10,4,17,10007KT,22,06
2021-10-04 18:00:00.000,2021,10,4,18,08007KT,22,08
2021-10-04 19:00:00.000,2021,10,4,19,29006KT,22,12
2021-10-04 20:00:00.000,2021,10,4,20,28011KT,19,13
2021-10-04 21:00:00.000,2021,10,4,21,26011KT,18,13
2021-10-04 22:00:00.000,2021,10,4,22,23007KT,16,13
2021-10-04 23:00:00.000,2021,10,4,23,24006KT,15,13
2021-10-05 00:00:00.000,2021,10,5,0,31003KT,14,13
2021-10-05 01:00:00.000,2021,10,5,1,01003KT,13,12
2021-10-05 02:00:00.000,2021,10,5,2,VRB02KT,13,12
2021-10-05 03:00:00.000,2021,10,5,3,VRB02KT,13,13
2021-10-05 04:00:00.000,2021,10,5,4,VRB02KT,14,13
2021-10-05 05:00:00.000,2021,10,5,5,25003KT,14,13
2021-10-05 06:00:00.000,2021,10,5,6,VRB02KT,13,12
2021-10-05 07:00:00.000,2021,10,5,7,05005KT,12,11
2021-10-05 08:00:00.000,2021,10,5,8,06004KT,13,12
2021-10-05 09:00:00.000,2021,10,5,9,10005KT,13,12
2021-10-05 10:00:00.000,2021,10,5,10,11004KT,13,12
2021-10-05 10:30:00.000,2021,10,5,10,04005KT,13,13
2021-10-05 11:00:00.000,2021,10,5,11,05004KT,13,12
2021-10-05 12:00:00.000,2021,10,5,12,03006KT,14,11
2021-10-05 13:00:00.000,2021,10,5,13,05008KT,15,11
2021-10-05 14:00:00.000,2021,10,5,14,12007KT,18,10
2021-10-05 15:00:00.000,2021,10,5,15,06009KT,17,11
2021-10-05 16:00:00.000,2021,10,5,16,06009KT,18,09
2021-10-05 17:00:00.000,2021,10,5,17,07006KT,18,09
2021-10-05 18:00:00.000,2021,10,5,18,15004KT,19,10
2021-10-05 19:00:00.000,2021,10,5,19,02007KT,18,10
2021-10-05 20:00:00.000,2021,10,5,20,28004KT,21,10
2021-10-05 21:00:00.000,2021,10,5,21,24007KT,18,12
2021-10-05 22:00:00.000,2021,10,5,22,26008KT,16,13
2021-10-05 23:00:00.000,2021,10,5,23,28006KT,15,12
2021-10-06 00:00:00.000,2021,10,6,0,VRB02KT,13,12
2021-10-06 01:00:00.000,2021,10,6,1,30005KT,12,12
2021-10-06 02:00:00.000,2021,10,6,2,36003KT,13,12
2021-10-06 03:00:00.000,2021,10,6,3,29003KT,12,12
2021-10-06 04:00:00.000,2021,10,6,4,VRB02KT,13,12
2021-10-06 05:00:00.000,2021,10,6,5,VRB02KT,13,12
2021-10-06 06:00:00.000,2021,10,6,6,00000KT,12,11
2021-10-06 07:00:00.000,2021,10,6,7,VRB02KT,12,11
2021-10-06 08:00:00.000,2021,10,6,8,VRB02KT,11,10
2021-10-06 09:00:00.000,2021,10,6,9,VRB02KT,12,11
2021-10-06 10:00:00.000,2021,10,6,10,03004KT,11,11
2021-10-06 10:30:00.000,2021,10,6,10,05004KT,11,11
2021-10-06 11:00:00.000,2021,10,6,11,04006KT,11,10
2021-10-06 12:00:00.000,2021,10,6,12,04005KT,13,12
2021-10-06 13:00:00.000,2021,10,6,13,04008KT,15,13
2021-10-06 14:00:00.000,2021,10,6,14,05006KT,16,12
2021-10-06 15:00:00.000,2021,10,6,15,17007KT,18,11
2021-10-06 16:00:00.000,2021,10,6,16,17009KT,18,09
2021-10-06 17:00:00.000,2021,10,6,17,15006KT,18,12
2021-10-06 18:00:00.000,2021,10,6,18,01004KT,17,11
2021-10-06 19:00:00.000,2021,10,6,19,05010KT,17,11
2021-10-06 20:00:00.000,2021,10,6,20,08003KT,19,11
2021-10-06 21:00:00.000,2021,10,6,21,14012KT,19,08
2021-10-06 22:00:00.000,2021,10,6,22,09006KT,18,08
2021-10-06 23:00:00.000,2021,10,6,23,07005KT,16,09
2021-10-07 00:00:00.000,2021,10,7,0,10006KT,15,08
2021-10-07 01:00:00.000,2021,10,7,1,05004KT,12,08
2021-10-07 02:00:00.000,2021,10,7,2,08004KT,15,08
2021-10-07 03:00:00.000,2021,10,7,3,09004KT,14,08
2021-10-07 04:00:00.000,2021,10,7,4,03003KT,11,08
2021-10-07 05:00:00.000,2021,10,7,5,VRB02KT,11,08
2021-10-07 06:00:00.000,2021,10,7,6,07004KT,11,09
2021-10-07 07:00:00.000,2021,10,7,7,VRB02KT,11,08
2021-10-07 08:00:00.000,2021,10,7,8,VRB02KT,10,08
2021-10-07 09:00:00.000,2021,10,7,9,32003KT,10,09
2021-10-07 10:00:00.000,2021,10,7,10,32003KT,09,08
2021-10-07 10:30:00.000,2021,10,7,10,VRB02KT,10,10
2021-10-07 11:00:00.000,2021,10,7,11,VRB02KT,11,10
2021-10-07 12:00:00.000,2021,10,7,12,VRB02KT,13,11
2021-10-07 13:00:00.000,2021,10,7,13,32004KT,14,11
2021-10-07 14:00:00.000,2021,10,7,14,VRB02KT,16,11
2021-10-07 14:15:00.000,2021,10,7,14,15010KT,19,09
2021-10-07 15:00:00.000,2021,10,7,15,12009KT,18,08
2021-10-07 16:00:00.000,2021,10,7,16,17010KT,19,08
2021-10-07 17:00:00.000,2021,10,7,17,VRB07KT,19,07
2021-10-07 18:00:00.000,2021,10,7,18,19009KT,20,08
2021-10-07 19:00:00.000,2021,10,7,19,15010KT,21,08
2021-10-07 20:00:00.000,2021,10,7,20,13013KT,19,08
2021-10-07 21:00:00.000,2021,10,7,21,17010KT,17,09
2021-10-07 22:00:00.000,2021,10,7,22,20008KT,18,08
2021-10-07 23:00:00.000,2021,10,7,23,15009KT,16,07
2021-10-08 00:00:00.000,2021,10,8,0,23004KT,15,07
2021-10-08 01:00:00.000,2021,10,8,1,01004KT,15,09
2021-10-08 02:00:00.000,2021,10,8,2,35004KT,14,10
2021-10-08 03:00:00.000,2021,10,8,3,34004KT,14,10
2021-10-08 04:00:00.000,2021,10,8,4,03005KT,14,11
2021-10-08 05:00:00.000,2021,10,8,5,05005KT,13,10
2021-10-08 06:00:00.000,2021,10,8,6,03004KT,13,10
2021-10-08 07:00:00.000,2021,10,8,7,04005KT,13,11
2021-10-08 08:00:00.000,2021,10,8,8,02004KT,13,11
2021-10-08 09:00:00.000,2021,10,8,9,36004KT,12,11
2021-10-08 10:00:00.000,2021,10,8,10,VRB02KT,10,10
2021-10-08 10:30:00.000,2021,10,8,10,VRB02KT,08,07
2021-10-08 11:00:00.000,2021,10,8,11,VRB02KT,09,08
2021-10-08 12:00:00.000,2021,10,8,12,04005KT,12,12
2021-10-08 13:00:00.000,2021,10,8,13,04007KT,14,10
2021-10-08 14:00:00.000,2021,10,8,14,04004KT,17,09
2021-10-08 15:00:00.000,2021,10,8,15,06006KT,19,08
2021-10-08 16:00:00.000,2021,10,8,16,15006KT,19,07
2021-10-08 17:00:00.000,2021,10,8,17,03006KT,20,09
2021-10-08 18:00:00.000,2021,10,8,18,05005KT,19,08
2021-10-08 19:00:00.000,2021,10,8,19,02007KT,19,10
2021-10-08 20:00:00.000,2021,10,8,20,02007KT,18,10
2021-10-08 21:00:00.000,2021,10,8,21,23007KT,17,13
2021-10-08 22:00:00.000,2021,10,8,22,24006KT,17,12
2021-10-08 23:00:00.000,2021,10,8,23,23008KT,16,12
2021-10-09 00:00:00.000,2021,10,9,0,21008KT,15,14
2021-10-09 01:00:00.000,2021,10,9,1,VRB02KT,14,12
2021-10-09 02:00:00.000,2021,10,9,2,31004KT,14,12
2021-10-09 02:19:00.000,2021,10,9,2,18003KT,13,12
2021-10-09 03:00:00.000,2021,10,9,3,VRB03KT,13,12
2021-10-09 04:00:00.000,2021,10,9,4,24004KT,12,12
2021-10-09 05:00:00.000,2021,10,9,5,VRB02KT,12,12
2021-10-09 06:00:00.000,2021,10,9,6,02004KT,12,12
2021-10-09 07:00:00.000,2021,10,9,7,06004KT,12,11
2021-10-09 08:00:00.000,2021,10,9,8,04006KT,12,11
2021-10-09 09:00:00.000,2021,10,9,9,07008KT,12,11
2021-10-09 10:00:00.000,2021,10,9,10,06006KT,12,11
2021-10-09 10:30:00.000,2021,10,9,10,01004KT,12,11
2021-10-09 11:00:00.000,2021,10,9,11,03004KT,12,11
2021-10-09 12:00:00.000,2021,10,9,12,VRB02KT,13,11
2021-10-09 13:00:00.000,2021,10,9,13,25007KT,15,12
2021-10-09 14:00:00.000,2021,10,9,14,24006KT,15,11
2021-10-09 15:00:00.000,2021,10,9,15,18006KT,16,10
2021-10-09 16:00:00.000,2021,10,9,16,31004KT,20,11
2021-10-09 17:00:00.000,2021,10,9,17,07003KT,21,10
2021-10-09 18:00:00.000,2021,10,9,18,29004KT,21,11
2021-10-09 19:00:00.000,2021,10,9,19,23012KT,18,13
2021-10-09 20:00:00.000,2021,10,9,20,24012KT,16,13
2021-10-09 21:00:00.000,2021,10,9,21,30007KT,17,12
2021-10-09 21:18:00.000,2021,10,9,21,06005KT,15,12
2021-10-09 22:00:00.000,2021,10,9,22,14003KT,15,13
2021-10-09 23:00:00.000,2021,10,9,23,VRB02KT,14,14
2021-10-10 00:00:00.000,2021,10,10,0,VRB02KT,14,13
2021-10-10 01:00:00.000,2021,10,10,1,31003KT,13,12
2021-10-10 02:00:00.000,2021,10,10,2,VRB02KT,14,13
2021-10-10 03:00:00.000,2021,10,10,3,VRB04KT,13,12
2021-10-10 04:00:00.000,2021,10,10,4,30006KT,13,12
2021-10-10 05:00:00.000,2021,10,10,5,32004KT,12,12
2021-10-10 06:00:00.000,2021,10,10,6,VRB02KT,12,12
2021-10-10 07:00:00.000,2021,10,10,7,VRB02KT,12,12
2021-10-10 08:00:00.000,2021,10,10,8,33003KT,12,11
2021-10-10 09:00:00.000,2021,10,10,9,VRB02KT,10,10
2021-10-10 10:00:00.000,2021,10,10,10,VRB02KT,11,11
2021-10-10 10:30:00.000,2021,10,10,10,VRB02KT,11,10
2021-10-10 11:00:00.000,2021,10,10,11,02003KT,12,11
2021-10-10 12:00:00.000,2021,10,10,12,05003KT,12,11
2021-10-10 13:00:00.000,2021,10,10,13,02003KT,13,12
2021-10-10 14:00:00.000,2021,10,10,14,35003KT,15,12
2021-10-10 15:00:00.000,2021,10,10,15,33003KT,17,11
2021-10-10 16:00:00.000,2021,10,10,16,04003KT,19,11
2021-10-10 17:00:00.000,2021,10,10,17,36004KT,20,10
2021-10-10 18:00:00.000,2021,10,10,18,29009KT,20,12
2021-10-10 18:19:00.000,2021,10,10,18,25011KT,18,12
2021-10-10 19:00:00.000,2021,10,10,19,27009KT,19,12
2021-10-10 20:00:00.000,2021,10,10,20,28009KT,19,11
2021-10-10 21:00:00.000,2021,10,10,21,29010KT,19,12
2021-10-10 22:00:00.000,2021,10,10,22,27010KT,17,12
2021-10-10 23:00:00.000,2021,10,10,23,26007KT,16,12
2021-10-11 00:00:00.000,2021,10,11,0,24005KT,16,12
2021-10-11 00:25:00.000,2021,10,11,0,24005KT,15,13
2021-10-11 01:00:00.000,2021,10,11,1,24005KT,15,14
2021-10-11 02:00:00.000,2021,10,11,2,22007KT,14,13
2021-10-11 02:30:00.000,2021,10,11,2,20009KT,13,13
2021-10-11 03:00:00.000,2021,10,11,3,28007KT,13,12
2021-10-11 04:00:00.000,2021,10,11,4,VRB02KT,11,11
2021-10-11 05:00:00.000,2021,10,11,5,VRB02KT,11,11
2021-10-11 06:00:00.000,2021,10,11,6,19004KT,11,11
2021-10-11 07:00:00.000,2021,10,11,7,VRB02KT,11,11
2021-10-11 08:00:00.000,2021,10,11,8,01004KT,11,11
2021-10-11 09:00:00.000,2021,10,11,9,31004KT,11,11
2021-10-11 10:00:00.000,2021,10,11,10,VRB02KT,11,10
2021-10-11 10:30:00.000,2021,10,11,10,VRB02KT,10,10
2021-10-11 11:00:00.000,2021,10,11,11,VRB02KT,10,10
2021-10-11 12:00:00.000,2021,10,11,12,32003KT,12,11
2021-10-11 13:00:00.000,2021,10,11,13,33003KT,13,12
2021-10-11 13:30:00.000,2021,10,11,13,27003KT,15,13
2021-10-11 14:00:00.000,2021,10,11,14,27003KT,17,12
2021-10-11 15:00:00.000,2021,10,11,15,29005KT,18,10
2021-10-11 16:00:00.000,2021,10,11,16,12003KT,18,10
2021-10-11 17:00:00.000,2021,10,11,17,19004KT,19,10
2021-10-11 18:00:00.000,2021,10,11,18,16011KT,18,11
2021-10-11 18:44:00.000,2021,10,11,18,19010KT,14,11
2021-10-11 19:00:00.000,2021,10,11,19,19011KT,14,11
2021-10-11 20:00:00.000,2021,10,11,20,20007KT,15,12
2021-10-11 21:00:00.000,2021,10,11,21,35005KT,14,12
2021-10-11 21:27:00.000,2021,10,11,21,03004KT,14,13
2021-10-11 22:00:00.000,2021,10,11,22,03004KT,14,12
2021-10-11 23:00:00.000,2021,10,11,23,03004KT,13,12
2021-10-12 00:00:00.000,2021,10,12,0,07004KT,13,12
2021-10-12 01:00:00.000,2021,10,12,1,06004KT,13,11
2021-10-12 02:00:00.000,2021,10,12,2,06005KT,13,12
2021-10-12 03:00:00.000,2021,10,12,3,VRB02KT,13,12
2021-10-12 04:00:00.000,2021,10,12,4,06005KT,13,11
2021-10-12 05:00:00.000,2021,10,12,5,05005KT,12,11
2021-10-12 06:00:00.000,2021,10,12,6,05006KT,12,11
2021-10-12 07:00:00.000,2021,10,12,7,04003KT,12,11
2021-10-12 08:00:00.000,2021,10,12,8,05007KT,12,11
2021-10-12 09:00:00.000,2021,10,12,9,04005KT,12,10
2021-10-12 10:00:00.000,2021,10,12,10,06005KT,12,10
2021-10-12 10:30:00.000,2021,10,12,10,05005KT,11,10
2021-10-12 11:00:00.000,2021,10,12,11,35003KT,10,10
2021-10-12 12:00:00.000,2021,10,12,12,05004KT,13,11
2021-10-12 13:00:00.000,2021,10,12,13,35003KT,15,10
2021-10-12 14:00:00.000,2021,10,12,14,14004KT,16,09
2021-10-12 15:00:00.000,2021,10,12,15,16008KT,16,08
2021-10-12 16:00:00.000,2021,10,12,16,12006KT,19,10
2021-10-12 17:00:00.000,2021,10,12,17,17006KT,18,08
2021-10-12 18:00:00.000,2021,10,12,18,15005KT,19,09
2021-10-12 19:00:00.000,2021,10,12,19,15007KT,19,09
2021-10-12 20:00:00.000,2021,10,12,20,05008KT,18,10
2021-10-12 21:00:00.000,2021,10,12,21,07006KT,18,10
2021-10-12 22:00:00.000,2021,10,12,22,03007KT,17,10
2021-10-12 23:00:00.000,2021,10,12,23,32007KT,16,11
2021-10-13 00:00:00.000,2021,10,13,0,05004KT,15,10
2021-10-13 01:00:00.000,2021,10,13,1,VRB02KT,14,11
2021-10-13 02:00:00.000,2021,10,13,2,21004KT,15,09
2021-10-13 03:00:00.000,2021,10,13,3,VRB02KT,12,10
2021-10-13 04:00:00.000,2021,10,13,4,35003KT,12,10
2021-10-13 05:00:00.000,2021,10,13,5,VRB02KT,13,11
2021-10-13 06:00:00.000,2021,10,13,6,00000KT,11,10
2021-10-13 07:00:00.000,2021,10,13,7,00000KT,09,08
2021-10-13 08:00:00.000,2021,10,13,8,28004KT,09,09
2021-10-13 09:00:00.000,2021,10,13,9,VRB02KT,09,09
2021-10-13 10:00:00.000,2021,10,13,10,VRB02KT,10,09
2021-10-13 10:30:00.000,2021,10,13,10,VRB02KT,10,09
2021-10-13 11:00:00.000,2021,10,13,11,34004KT,09,09
2021-10-13 12:00:00.000,2021,10,13,12,VRB02KT,13,10
2021-10-13 13:00:00.000,2021,10,13,13,04003KT,15,13
2021-10-13 14:00:00.000,2021,10,13,14,06004KT,16,11
2021-10-13 15:00:00.000,2021,10,13,15,06005KT,18,11
2021-10-13 16:00:00.000,2021,10,13,16,03004KT,19,11
2021-10-13 17:00:00.000,2021,10,13,17,27004KT,20,11
2021-10-13 18:00:00.000,2021,10,13,18,35005KT,20,10
2021-10-13 19:00:00.000,2021,10,13,19,32005KT,20,13
2021-10-13 20:00:00.000,2021,10,13,20,33003KT,20,11
2021-10-13 21:00:00.000,2021,10,13,21,22008KT,20,12
2021-10-13 22:00:00.000,2021,10,13,22,24010KT,18,11
2021-10-13 23:00:00.000,2021,10,13,23,25007KT,17,11
2021-10-14 00:00:00.000,2021,10,14,0,VRB02KT,15,11
2021-10-14 01:00:00.000,2021,10,14,1,03003KT,14,11
2021-10-14 02:00:00.000,2021,10,14,2,32003KT,13,12
2021-10-14 03:00:00.000,2021,10,14,3,VRB02KT,13,12
2021-10-14 04:00:00.000,2021,10,14,4,34004KT,12,11
2021-10-14 05:00:00.000,2021,10,14,5,VRB02KT,11,10
2021-10-14 06:00:00.000,2021,10,14,6,VRB02KT,10,09
2021-10-14 07:00:00.000,2021,10,14,7,07004KT,11,11
2021-10-14 08:00:00.000,2021,10,14,8,35003KT,11,11
2021-10-14 09:00:00.000,2021,10,14,9,06003KT,13,12
2021-10-14 10:00:00.000,2021,10,14,10,04003KT,12,12
2021-10-14 10:30:00.000,2021,10,14,10,06003KT,12,12
2021-10-14 11:00:00.000,2021,10,14,11,VRB02KT,12,12
2021-10-14 12:00:00.000,2021,10,14,12,03005KT,14,11
2021-10-14 13:00:00.000,2021,10,14,13,06005KT,15,12
2021-10-14 14:00:00.000,2021,10,14,14,07005KT,17,11
2021-10-14 14:34:00.000,2021,10,14,14,34005KT,19,11
2021-10-14 15:00:00.000,2021,10,14,15,02006KT,19,11
2021-10-14 15:35:00.000,2021,10,14,15,34005KT,21,09
2021-10-14 16:00:00.000,2021,10,14,16,33003KT,21,10
2021-10-14 17:00:00.000,2021,10,14,17,29005KT,22,10
2021-10-14 18:00:00.000,2021,10,14,18,28014KT,19,13
2021-10-14 19:00:00.000,2021,10,14,19,26008KT,17,14
2021-10-14 20:00:00.000,2021,10,14,20,23008KT,16,15
2021-10-14 21:00:00.000,2021,10,14,21,13003KT,15,13
2021-10-14 22:00:00.000,2021,10,14,22,VRB02KT,15,14
2021-10-14 23:00:00.000,2021,10,14,23,VRB02KT,14,14
2021-10-15 00:00:00.000,2021,10,15,0,VRB02KT,14,14
2021-10-15 01:00:00.000,2021,10,15,1,33010KT,13,12
2021-10-15 02:00:00.000,2021,10,15,2,36004KT,13,12
2021-10-15 03:00:00.000,2021,10,15,3,VRB02KT,13,12
2021-10-15 04:00:00.000,2021,10,15,4,VRB02KT,13,12
2021-10-15 05:00:00.000,2021,10,15,5,VRB02KT,13,13
2021-10-15 06:00:00.000,2021,10,15,6,28003KT,13,13
2021-10-15 07:00:00.000,2021,10,15,7,VRB02KT,12,12
2021-10-15 08:00:00.000,2021,10,15,8,VRB02KT,12,11
2021-10-15 09:00:00.000,2021,10,15,9,04005KT,13,12
2021-10-15 10:00:00.000,2021,10,15,10,07006KT,12,11
2021-10-15 10:30:00.000,2021,10,15,10,07006KT,11,10
2021-10-15 11:00:00.000,2021,10,15,11,05005KT,11,10
2021-10-15 12:00:00.000,2021,10,15,12,04006KT,12,11
2021-10-15 13:00:00.000,2021,10,15,13,05006KT,15,11
2021-10-15 14:00:00.000,2021,10,15,14,04004KT,18,11
2021-10-15 15:00:00.000,2021,10,15,15,04006KT,20,11
2021-10-15 16:00:00.000,2021,10,15,16,05008KT,22,10
2021-10-15 17:00:00.000,2021,10,15,17,06007KT,22,08
2021-10-15 18:00:00.000,2021,10,15,18,14006KT,22,13
2021-10-15 19:00:00.000,2021,10,15,19,28013KT,19,14
2021-10-15 20:00:00.000,2021,10,15,20,23009KT,20,13
2021-10-15 21:00:00.000,2021,10,15,21,27009KT,18,13
2021-10-15 21:25:00.000,2021,10,15,21,25008KT,18,13
2021-10-15 22:00:00.000,2021,10,15,22,28008KT,17,13
2021-10-15 22:24:00.000,2021,10,15,22,34008KT,16,11
2021-10-15 23:00:00.000,2021,10,15,23,13003KT,14,12
2021-10-16 00:00:00.000,2021,10,16,0,VRB02KT,13,12
2021-10-16 01:00:00.000,2021,10,16,1,VRB02KT,13,10
2021-10-16 02:00:00.000,2021,10,16,2,VRB02KT,13,13
2021-10-16 03:00:00.000,2021,10,16,3,VRB02KT,13,12
2021-10-16 04:00:00.000,2021,10,16,4,VRB02KT,13,12
2021-10-16 05:00:00.000,2021,10,16,5,23003KT,14,14
2021-10-16 06:00:00.000,2021,10,16,6,15008KT,14,14
2021-10-16 07:00:00.000,2021,10,16,7,06004KT,13,12
2021-10-16 08:00:00.000,2021,10,16,8,33004KT,12,11
2021-10-16 09:00:00.000,2021,10,16,9,35004KT,11,11
2021-10-16 10:00:00.000,2021,10,16,10,VRB02KT,11,10
2021-10-16 10:30:00.000,2021,10,16,10,VRB02KT,10,10
2021-10-16 11:00:00.000,2021,10,16,11,VRB02KT,10,10
2021-10-16 12:00:00.000,2021,10,16,12,VRB02KT,11,10
2021-10-16 13:00:00.000,2021,10,16,13,30003KT,13,12
2021-10-16 14:00:00.000,2021,10,16,14,36003KT,16,13
2021-10-16 15:00:00.000,2021,10,16,15,36003KT,18,11
2021-10-16 16:00:00.000,2021,10,16,16,36005KT,19,10
2021-10-16 17:00:00.000,2021,10,16,17,05005KT,20,10
2021-10-16 18:00:00.000,2021,10,16,18,26008KT,18,12
2021-10-16 19:00:00.000,2021,10,16,19,25012KT,18,12
2021-10-16 20:00:00.000,2021,10,16,20,26010KT,17,12
2021-10-16 21:00:00.000,2021,10,16,21,27009KT,16,12
2021-10-16 22:00:00.000,2021,10,16,22,21004KT,15,11
2021-10-16 22:18:00.000,2021,10,16,22,23005KT,14,12
2021-10-16 23:00:00.000,2021,10,16,23,VRB02KT,14,13
2021-10-17 00:00:00.000,2021,10,17,0,09005KT,13,11
2021-10-17 01:00:00.000,2021,10,17,1,07004KT,12,11
2021-10-17 02:00:00.000,2021,10,17,2,05007KT,12,11
2021-10-17 03:00:00.000,2021,10,17,3,06007KT,11,11
2021-10-17 04:00:00.000,2021,10,17,4,05006KT,11,10
2021-10-17 05:00:00.000,2021,10,17,5,02006KT,11,10
2021-10-17 06:00:00.000,2021,10,17,6,VRB02KT,11,10
2021-10-17 07:00:00.000,2021,10,17,7,VRB02KT,11,10
2021-10-17 08:00:00.000,2021,10,17,8,VRB02KT,11,10
2021-10-17 09:00:00.000,2021,10,17,9,VRB02KT,11,10
2021-10-17 10:00:00.000,2021,10,17,10,04004KT,11,10
2021-10-17 10:30:00.000,2021,10,17,10,05004KT,11,10
2021-10-17 11:00:00.000,2021,10,17,11,02004KT,11,10
2021-10-17 12:00:00.000,2021,10,17,12,08003KT,11,10
2021-10-17 13:00:00.000,2021,10,17,13,04003KT,12,12
2021-10-17 14:00:00.000,2021,10,17,14,06005KT,13,12
2021-10-17 14:25:00.000,2021,10,17,14,06003KT,15,11
2021-10-17 15:00:00.000,2021,10,17,15,VRB02KT,16,12
2021-10-17 16:00:00.000,2021,10,17,16,11004KT,16,10
2021-10-17 17:00:00.000,2021,10,17,17,18007KT,17,10
2021-10-17 18:00:00.000,2021,10,17,18,17012KT,17,08
2021-10-17 19:00:00.000,2021,10,17,19,19013KT,18,09
2021-10-17 20:00:00.000,2021,10,17,20,19009KT,17,09
2021-10-17 21:00:00.000,2021,10,17,21,18009KT,18,08
2021-10-17 22:00:00.000,2021,10,17,22,19009KT,17,07
2021-10-17 23:00:00.000,2021,10,17,23,20006KT,15,08
2021-10-18 00:00:00.000,2021,10,18,0,13006KT,13,08
2021-10-18 01:00:00.000,2021,10,18,1,08005KT,13,09
2021-10-18 02:00:00.000,2021,10,18,2,04003KT,11,08
2021-10-18 03:00:00.000,2021,10,18,3,VRB02KT,11,09
2021-10-18 04:00:00.000,2021,10,18,4,01003KT,10,09
2021-10-18 05:00:00.000,2021,10,18,5,VRB02KT,08,08
2021-10-18 06:00:00.000,2021,10,18,6,VRB02KT,07,07
2021-10-18 07:00:00.000,2021,10,18,7,VRB02KT,07,07
2021-10-18 08:00:00.000,2021,10,18,8,VRB02KT,06,06
2021-10-18 08:16:00.000,2021,10,18,8,VRB02KT,06,05
2021-10-18 09:00:00.000,2021,10,18,9,33004KT,06,05
2021-10-18 10:00:00.000,2021,10,18,10,VRB02KT,05,05
2021-10-18 10:30:00.000,2021,10,18,10,VRB02KT,05,05
2021-10-18 11:00:00.000,2021,10,18,11,33003KT,05,05
2021-10-18 11:30:00.000,2021,10,18,11,04005KT,07,07
2021-10-18 12:00:00.000,2021,10,18,12,03005KT,08,08
2021-10-18 12:15:00.000,2021,10,18,12,04005KT,09,08
2021-10-18 12:30:00.000,2021,10,18,12,05004KT,09,09
2021-10-18 13:00:00.000,2021,10,18,13,03004KT,11,10
2021-10-18 14:00:00.000,2021,10,18,14,05005KT,14,13
2021-10-18 15:00:00.000,2021,10,18,15,04004KT,17,09
2021-10-18 16:00:00.000,2021,10,18,16,07004KT,18,09
2021-10-18 17:00:00.000,2021,10,18,17,13007KT,18,07
2021-10-18 18:00:00.000,2021,10,18,18,24006KT,16,11
2021-10-18 19:00:00.000,2021,10,18,19,14009KT,18,07
2021-10-18 20:00:00.000,2021,10,18,20,19007KT,18,07
2021-10-18 21:00:00.000,2021,10,18,21,18007KT,18,07
2021-10-18 22:00:00.000,2021,10,18,22,16006KT,18,07
2021-10-18 23:00:00.000,2021,10,18,23,28004KT,15,10
2021-10-19 00:00:00.000,2021,10,19,0,VRB02KT,12,09
2021-10-19 01:00:00.000,2021,10,19,1,VRB02KT,11,09
2021-10-19 02:00:00.000,2021,10,19,2,VRB02KT,11,10
2021-10-19 03:00:00.000,2021,10,19,3,03004KT,11,10
2021-10-19 04:00:00.000,2021,10,19,4,VRB02KT,09,09
2021-10-19 05:00:00.000,2021,10,19,5,04005KT,09,09
2021-10-19 06:00:00.000,2021,10,19,6,23004KT,08,07
2021-10-19 07:00:00.000,2021,10,19,7,VRB02KT,06,06
2021-10-19 08:00:00.000,2021,10,19,8,VRB02KT,05,05
2021-10-19 09:00:00.000,2021,10,19,9,VRB02KT,04,04
2021-10-19 10:00:00.000,2021,10,19,10,30004KT,05,05
2021-10-19 10:30:00.000,2021,10,19,10,VRB02KT,06,05
2021-10-19 11:00:00.000,2021,10,19,11,VRB02KT,06,05
2021-10-19 12:00:00.000,2021,10,19,12,07004KT,09,09
2021-10-19 13:00:00.000,2021,10,19,13,05004KT,12,11
2021-10-19 13:11:00.000,2021,10,19,13,05004KT,14,10
2021-10-19 14:00:00.000,2021,10,19,14,07009KT,16,08
2021-10-19 15:00:00.000,2021,10,19,15,01009KT,17,07
2021-10-19 16:00:00.000,2021,10,19,16,07008KT,18,08
2021-10-19 17:00:00.000,2021,10,19,17,04012KT,18,09
2021-10-19 18:00:00.000,2021,10,19,18,06012KT,18,09
2021-10-19 19:00:00.000,2021,10,19,19,08011KT,19,08
2021-10-19 20:00:00.000,2021,10,19,20,06009KT,18,08
2021-10-19 21:00:00.000,2021,10,19,21,08005KT,18,08
2021-10-19 22:00:00.000,2021,10,19,22,09007KT,16,09
2021-10-19 23:00:00.000,2021,10,19,23,08006KT,15,09
2021-10-20 00:00:00.000,2021,10,20,0,08004KT,15,08
2021-10-20 01:00:00.000,2021,10,20,1,15006KT,15,08
2021-10-20 02:00:00.000,2021,10,20,2,09005KT,15,08
2021-10-20 03:00:00.000,2021,10,20,3,02004KT,12,09
2021-10-20 04:00:00.000,2021,10,20,4,20003KT,12,10
2021-10-20 05:00:00.000,2021,10,20,5,VRB02KT,11,09
2021-10-20 06:00:00.000,2021,10,20,6,04003KT,10,09
2021-10-20 07:00:00.000,2021,10,20,7,36003KT,09,08
2021-10-20 08:00:00.000,2021,10,20,8,VRB02KT,08,07
2021-10-20 09:00:00.000,2021,10,20,9,32003KT,08,07
2021-10-20 10:00:00.000,2021,10,20,10,VRB02KT,07,07
2021-10-20 10:30:00.000,2021,10,20,10,VRB02KT,06,06
2021-10-20 11:00:00.000,2021,10,20,11,VRB02KT,07,07
2021-10-20 12:00:00.000,2021,10,20,12,03004KT,10,09
2021-10-20 13:00:00.000,2021,10,20,13,VRB02KT,15,11
2021-10-20 14:00:00.000,2021,10,20,14,35005KT,14,10
2021-10-20 14:35:00.000,2021,10,20,14,03004KT,16,07
2021-10-20 15:00:00.000,2021,10,20,15,05005KT,18,08
2021-10-20 16:00:00.000,2021,10,20,16,01006KT,20,09
2021-10-20 17:00:00.000,2021,10,20,17,03008KT,20,06
2021-10-20 18:00:00.000,2021,10,20,18,02005KT,21,07
2021-10-20 19:00:00.000,2021,10,20,19,27012KT,20,11
2021-10-20 19:33:00.000,2021,10,20,19,30014KT,18,12
2021-10-20 20:00:00.000,2021,10,20,20,29014KT,17,12
2021-10-20 20:41:00.000,2021,10,20,20,27010KT,17,12
2021-10-20 21:00:00.000,2021,10,20,21,26008KT,17,11
2021-10-20 22:00:00.000,2021,10,20,22,21006KT,15,13
2021-10-20 23:00:00.000,2021,10,20,23,24006KT,15,12
2021-10-21 00:00:00.000,2021,10,21,0,31005KT,14,12
2021-10-21 01:00:00.000,2021,10,21,1,VRB04KT,13,12
2021-10-21 01:08:00.000,2021,10,21,1,34004KT,12,12
2021-10-21 02:00:00.000,2021,10,21,2,01008KT,12,11
2021-10-21 03:00:00.000,2021,10,21,3,VRB02KT,12,11
2021-10-21 04:00:00.000,2021,10,21,4,VRB02KT,12,11
2021-10-21 05:00:00.000,2021,10,21,5,VRB02KT,12,11
2021-10-21 06:00:00.000,2021,10,21,6,VRB02KT,12,11
2021-10-21 07:00:00.000,2021,10,21,7,VRB02KT,11,11
2021-10-21 08:00:00.000,2021,10,21,8,VRB02KT,11,11
2021-10-21 09:00:00.000,2021,10,21,9,00000KT,10,09
2021-10-21 09:46:00.000,2021,10,21,9,VRB02KT,11,10
2021-10-21 10:00:00.000,2021,10,21,10,VRB02KT,11,10
2021-10-21 10:30:00.000,2021,10,21,10,VRB02KT,10,09
2021-10-21 11:00:00.000,2021,10,21,11,34003KT,10,10
2021-10-21 12:00:00.000,2021,10,21,12,00000KT,11,10
2021-10-21 13:00:00.000,2021,10,21,13,04006KT,12,12
2021-10-21 13:30:00.000,2021,10,21,13,05004KT,15,11
2021-10-21 14:00:00.000,2021,10,21,14,06004KT,16,10
2021-10-21 15:00:00.000,2021,10,21,15,07007KT,18,10
2021-10-21 16:00:00.000,2021,10,21,16,03005KT,20,09
2021-10-21 17:00:00.000,2021,10,21,17,04005KT,19,08
2021-10-21 18:00:00.000,2021,10,21,18,VRB02KT,19,08
2021-10-21 19:00:00.000,2021,10,21,19,27009KT,15,14
2021-10-21 20:00:00.000,2021,10,21,20,26010KT,15,13
2021-10-21 21:00:00.000,2021,10,21,21,26008KT,16,13
2021-10-21 22:00:00.000,2021,10,21,22,24006KT,15,12
2021-10-21 23:00:00.000,2021,10,21,23,32007KT,13,13
2021-10-22 00:00:00.000,2021,10,22,0,31006KT,13,13
2021-10-22 01:00:00.000,2021,10,22,1,VRB02KT,13,13
2021-10-22 02:00:00.000,2021,10,22,2,VRB02KT,13,12
2021-10-22 03:00:00.000,2021,10,22,3,00000KT,13,12
2021-10-22 04:00:00.000,2021,10,22,4,31004KT,12,11
2021-10-22 05:00:00.000,2021,10,22,5,VRB02KT,11,11
2021-10-22 06:00:00.000,2021,10,22,6,29003KT,11,11
2021-10-22 07:00:00.000,2021,10,22,7,23004KT,11,10
2021-10-22 08:00:00.000,2021,10,22,8,VRB02KT,11,10
2021-10-22 09:00:00.000,2021,10,22,9,VRB02KT,11,10
2021-10-22 10:00:00.000,2021,10,22,10,35004KT,11,10
2021-10-22 11:00:00.000,2021,10,22,11,VRB02KT,11,10
2021-10-22 11:20:00.000,2021,10,22,11,35003KT,11,11
2021-10-22 12:00:00.000,2021,10,22,12,32004KT,11,10
2021-10-22 13:00:00.000,2021,10,22,13,VRB02KT,13,12
2021-10-22 14:00:00.000,2021,10,22,14,32002KT,16,13
2021-10-22 15:00:00.000,2021,10,22,15,28004KT,20,12
2021-10-22 16:00:00.000,2021,10,22,16,VRB02KT,20,10
2021-10-22 17:00:00.000,2021,10,22,17,24010KT,19,12
2021-10-22 18:00:00.000,2021,10,22,18,26006KT,21,11
2021-10-22 18:24:00.000,2021,10,22,18,23012KT,19,12
2021-10-22 19:00:00.000,2021,10,22,19,22011KT,18,11
2021-10-22 19:26:00.000,2021,10,22,19,03011KT,13,10
2021-10-22 20:00:00.000,2021,10,22,20,33005KT,12,10
2021-10-22 21:00:00.000,2021,10,22,21,26004KT,13,11
2021-10-22 22:00:00.000,2021,10,22,22,01003KT,13,11
2021-10-22 23:00:00.000,2021,10,22,23,33003KT,13,13
2021-10-23 00:00:00.000,2021,10,23,0,20003KT,13,13
2021-10-23 01:00:00.000,2021,10,23,1,30003KT,14,13
2021-10-23 02:00:00.000,2021,10,23,2,25005KT,14,13
2021-10-23 03:00:00.000,2021,10,23,3,25004KT,14,13
2021-10-23 04:00:00.000,2021,10,23,4,29003KT,14,13
2021-10-23 05:00:00.000,2021,10,23,5,35006KT,13,13
2021-10-23 06:00:00.000,2021,10,23,6,VRB02KT,12,12
2021-10-23 07:00:00.000,2021,10,23,7,VRB03KT,12,11
2021-10-23 08:00:00.000,2021,10,23,8,29005KT,11,10
2021-10-23 09:00:00.000,2021,10,23,9,VRB02KT,11,10
2021-10-23 10:00:00.000,2021,10,23,10,VRB02KT,11,10
2021-10-23 10:30:00.000,2021,10,23,10,VRB02KT,11,10
2021-10-23 11:00:00.000,2021,10,23,11,VRB02KT,11,10
2021-10-23 12:00:00.000,2021,10,23,12,VRB02KT,13,12
2021-10-23 13:00:00.000,2021,10,23,13,VRB02KT,16,13
2021-10-23 14:00:00.000,2021,10,23,14,VRB04KT,17,11
2021-10-23 15:00:00.000,2021,10,23,15,30006KT,18,10
2021-10-23 16:00:00.000,2021,10,23,16,VRB02KT,20,08
2021-10-23 17:00:00.000,2021,10,23,17,28011KT,18,11
2021-10-23 17:13:00.000,2021,10,23,17,21010KT,17,13
2021-10-23 18:00:00.000,2021,10,23,18,27009KT,16,13
2021-10-23 19:00:00.000,2021,10,23,19,30008KT,15,13
2021-10-23 20:00:00.000,2021,10,23,20,31008KT,18,12
2021-10-23 21:00:00.000,2021,10,23,21,35006KT,18,12
2021-10-23 22:00:00.000,2021,10,23,22,27008KT,16,13
2021-10-23 23:00:00.000,2021,10,23,23,27007KT,15,13
2021-10-24 00:00:00.000,2021,10,24,0,28004KT,14,14
2021-10-24 01:00:00.000,2021,10,24,1,23004KT,14,14
2021-10-24 02:00:00.000,2021,10,24,2,21004KT,14,12
2021-10-24 03:00:00.000,2021,10,24,3,VRB02KT,14,13
2021-10-24 04:00:00.000,2021,10,24,4,30003KT,13,13
2021-10-24 05:00:00.000,2021,10,24,5,VRB02KT,13,12
2021-10-24 06:00:00.000,2021,10,24,6,32003KT,12,11
2021-10-24 07:00:00.000,2021,10,24,7,VRB02KT,11,10
2021-10-24 08:00:00.000,2021,10,24,8,VRB02KT,11,10
2021-10-24 08:15:00.000,2021,10,24,8,25004KT,11,10
2021-10-24 09:00:00.000,2021,10,24,9,00000KT,10,10
2021-10-24 09:31:00.000,2021,10,24,9,VRB02KT,11,10
2021-10-24 10:00:00.000,2021,10,24,10,00000KT,11,10
2021-10-24 10:30:00.000,2021,10,24,10,VRB02KT,11,11
2021-10-24 11:00:00.000,2021,10,24,11,21003KT,11,10
2021-10-24 12:00:00.000,2021,10,24,12,VRB02KT,12,11
2021-10-24 13:00:00.000,2021,10,24,13,VRB02KT,15,12
2021-10-24 14:00:00.000,2021,10,24,14,02004KT,16,11
2021-10-24 15:00:00.000,2021,10,24,15,01006KT,18,10
2021-10-24 16:00:00.000,2021,10,24,16,03005KT,19,10
2021-10-24 17:00:00.000,2021,10,24,17,01005KT,21,08
2021-10-24 18:00:00.000,2021,10,24,18,VRB04KT,21,07
2021-10-24 19:00:00.000,2021,10,24,19,27015KT,19,13
2021-10-24 19:30:00.000,2021,10,24,19,26015KT,18,13
2021-10-24 20:00:00.000,2021,10,24,20,27014KT,17,14
2021-10-24 21:00:00.000,2021,10,24,21,27010KT,16,13
2021-10-24 21:15:00.000,2021,10,24,21,31008KT,15,13
2021-10-24 22:00:00.000,2021,10,24,22,34005KT,15,14
2021-10-24 23:00:00.000,2021,10,24,23,31006KT,14,13
2021-10-25 00:00:00.000,2021,10,25,0,28003KT,14,13
2021-10-25 01:00:00.000,2021,10,25,1,30003KT,13,12
2021-10-25 02:00:00.000,2021,10,25,2,01003KT,13,12
2021-10-25 03:00:00.000,2021,10,25,3,04004KT,13,12
2021-10-25 04:00:00.000,2021,10,25,4,VRB02KT,12,11
2021-10-25 05:00:00.000,2021,10,25,5,VRB02KT,12,11
2021-10-25 06:00:00.000,2021,10,25,6,VRB02KT,12,11
2021-10-25 07:00:00.000,2021,10,25,7,VRB02KT,11,11
2021-10-25 08:00:00.000,2021,10,25,8,VRB02KT,11,10
2021-10-25 09:00:00.000,2021,10,25,9,VRB02KT,11,11
2021-10-25 10:00:00.000,2021,10,25,10,VRB02KT,12,11
2021-10-25 10:30:00.000,2021,10,25,10,VRB02KT,12,11
2021-10-25 11:00:00.000,2021,10,25,11,VRB02KT,12,11
2021-10-25 12:00:00.000,2021,10,25,12,35003KT,13,12
2021-10-25 13:00:00.000,2021,10,25,13,VRB02KT,15,14
2021-10-25 14:00:00.000,2021,10,25,14,VRB02KT,16,13
2021-10-25 14:29:00.000,2021,10,25,14,31004KT,18,12
2021-10-25 15:00:00.000,2021,10,25,15,34003KT,19,12
2021-10-25 16:00:00.000,2021,10,25,16,36006KT,21,12
2021-10-25 17:00:00.000,2021,10,25,17,07004KT,21,10
2021-10-25 18:00:00.000,2021,10,25,18,22009KT,19,12
2021-10-25 18:16:00.000,2021,10,25,18,23014KT,17,14
2021-10-25 18:32:00.000,2021,10,25,18,26010G21KT,15,15
2021-10-25 19:00:00.000,2021,10,25,19,26010KT,15,15
2021-10-25 20:00:00.000,2021,10,25,20,28007KT,15,15
2021-10-25 21:00:00.000,2021,10,25,21,25007KT,15,14
2021-10-25 21:34:00.000,2021,10,25,21,20005KT,16,14
2021-10-25 22:00:00.000,2021,10,25,22,24006KT,16,14
2021-10-25 22:12:00.000,2021,10,25,22,30004KT,15,14
2021-10-25 23:00:00.000,2021,10,25,23,25009KT,13,12
2021-10-25 23:41:00.000,2021,10,25,23,30006KT,13,12
2021-10-26 00:00:00.000,2021,10,26,0,27004KT,12,12
2021-10-26 01:00:00.000,2021,10,26,1,00000KT,13,12
2021-10-26 01:18:00.000,2021,10,26,1,13003KT,13,12
2021-10-26 02:00:00.000,2021,10,26,2,09003KT,13,12
2021-10-26 02:36:00.000,2021,10,26,2,08004KT,13,12
2021-10-26 03:00:00.000,2021,10,26,3,06003KT,13,12
2021-10-26 04:00:00.000,2021,10,26,4,VRB02KT,13,12
2021-10-26 05:00:00.000,2021,10,26,5,VRB02KT,12,11
2021-10-26 06:00:00.000,2021,10,26,6,04005KT,12,11
2021-10-26 07:00:00.000,2021,10,26,7,VRB02KT,12,11
2021-10-26 08:00:00.000,2021,10,26,8,00000KT,11,11
2021-10-26 09:00:00.000,2021,10,26,9,08003KT,12,11
2021-10-26 10:00:00.000,2021,10,26,10,VRB02KT,12,11
2021-10-26 10:30:00.000,2021,10,26,10,VRB02KT,12,11
2021-10-26 11:00:00.000,2021,10,26,11,VRB02KT,12,11
2021-10-26 12:00:00.000,2021,10,26,12,04004KT,13,12
2021-10-26 12:40:00.000,2021,10,26,12,05008KT,15,12
2021-10-26 13:00:00.000,2021,10,26,13,05006KT,15,12
2021-10-26 13:30:00.000,2021,10,26,13,05006KT,17,11
2021-10-26 14:00:00.000,2021,10,26,14,02007KT,17,11
2021-10-26 15:00:00.000,2021,10,26,15,14006KT,19,09
2021-10-26 16:00:00.000,2021,10,26,16,08005KT,18,09
2021-10-26 17:00:00.000,2021,10,26,17,21004KT,20,09
2021-10-26 18:00:00.000,2021,10,26,18,29006KT,20,10
2021-10-26 19:00:00.000,2021,10,26,19,23008KT,19,12
2021-10-26 19:40:00.000,2021,10,26,19,29009KT,19,13
2021-10-26 20:00:00.000,2021,10,26,20,22008KT,17,14
2021-10-26 21:00:00.000,2021,10,26,21,27007KT,16,15
2021-10-26 22:00:00.000,2021,10,26,22,21005KT,16,14
2021-10-26 23:00:00.000,2021,10,26,23,04004KT,14,13
2021-10-27 00:00:00.000,2021,10,27,0,10003KT,14,10
2021-10-27 01:00:00.000,2021,10,27,1,03003KT,13,11
2021-10-27 02:00:00.000,2021,10,27,2,05005KT,12,11
2021-10-27 03:00:00.000,2021,10,27,3,VRB02KT,12,11
2021-10-27 04:00:00.000,2021,10,27,4,VRB02KT,12,11
2021-10-27 05:00:00.000,2021,10,27,5,05005KT,12,11
2021-10-27 06:00:00.000,2021,10,27,6,00000KT,12,11
2021-10-27 07:00:00.000,2021,10,27,7,VRB02KT,12,10
2021-10-27 08:00:00.000,2021,10,27,8,34003KT,11,10
2021-10-27 09:00:00.000,2021,10,27,9,VRB02KT,11,10
2021-10-27 10:00:00.000,2021,10,27,10,VRB02KT,11,10
2021-10-27 10:30:00.000,2021,10,27,10,00000KT,11,10
2021-10-27 11:00:00.000,2021,10,27,11,04003KT,11,10
2021-10-27 12:00:00.000,2021,10,27,12,07003KT,12,10
2021-10-27 13:00:00.000,2021,10,27,13,05004KT,13,12
2021-10-27 14:00:00.000,2021,10,27,14,06003KT,15,11
2021-10-27 15:00:00.000,2021,10,27,15,04004KT,17,11
2021-10-27 16:00:00.000,2021,10,27,16,03005KT,18,11
2021-10-27 17:00:00.000,2021,10,27,17,33004KT,19,09
2021-10-27 18:00:00.000,2021,10,27,18,VRB02KT,18,10
2021-10-27 18:23:00.000,2021,10,27,18,25011KT,18,10
2021-10-27 19:00:00.000,2021,10,27,19,23014KT,17,10
2021-10-27 20:00:00.000,2021,10,27,20,24010KT,16,10
2021-10-27 21:00:00.000,2021,10,27,21,26009KT,15,11
2021-10-27 22:00:00.000,2021,10,27,22,25009KT,14,11
2021-10-27 23:00:00.000,2021,10,27,23,25004KT,13,11
2021-10-28 00:00:00.000,2021,10,28,0,08004KT,13,11
2021-10-28 01:00:00.000,2021,10,28,1,01003KT,13,11
2021-10-28 02:00:00.000,2021,10,28,2,01004KT,13,12
2021-10-28 03:00:00.000,2021,10,28,3,05005KT,13,12
2021-10-28 04:00:00.000,2021,10,28,4,04006KT,13,12
2021-10-28 05:00:00.000,2021,10,28,5,05004KT,13,12
2021-10-28 06:00:00.000,2021,10,28,6,VRB02KT,13,12
2021-10-28 07:00:00.000,2021,10,28,7,VRB02KT,12,11
2021-10-28 08:00:00.000,2021,10,28,8,06004KT,12,12
2021-10-28 09:00:00.000,2021,10,28,9,07004KT,12,12
2021-10-28 10:00:00.000,2021,10,28,10,06004KT,12,12
2021-10-28 11:00:00.000,2021,10,28,11,02003KT,12,12
2021-10-28 12:00:00.000,2021,10,28,12,06006KT,13,12
2021-10-28 13:00:00.000,2021,10,28,13,06008KT,15,12
2021-10-28 14:00:00.000,2021,10,28,14,05007KT,18,11
2021-10-28 15:00:00.000,2021,10,28,15,33005KT,18,11
2021-10-28 16:00:00.000,2021,10,28,16,VRB03KT,19,11
2021-10-28 17:00:00.000,2021,10,28,17,24003KT,19,10
2021-10-28 18:00:00.000,2021,10,28,18,25011KT,19,12
2021-10-28 19:00:00.000,2021,10,28,19,21006KT,19,12
2021-10-28 20:00:00.000,2021,10,28,20,25005KT,18,12
2021-10-28 21:00:00.000,2021,10,28,21,04008KT,17,11
2021-10-28 22:00:00.000,2021,10,28,22,24012KT,17,11
2021-10-28 22:25:00.000,2021,10,28,22,13007KT,15,12
2021-10-28 23:00:00.000,2021,10,28,23,04007KT,14,12
2021-10-29 00:00:00.000,2021,10,29,0,06004KT,13,12
2021-10-29 01:00:00.000,2021,10,29,1,36003KT,13,12
2021-10-29 02:00:00.000,2021,10,29,2,05006KT,12,12
2021-10-29 03:00:00.000,2021,10,29,3,05005KT,11,11
2021-10-29 04:00:00.000,2021,10,29,4,05005KT,11,11
2021-10-29 05:00:00.000,2021,10,29,5,33005KT,11,11
2021-10-29 06:00:00.000,2021,10,29,6,VRB02KT,11,10
2021-10-29 07:00:00.000,2021,10,29,7,VRB02KT,11,10
2021-10-29 08:00:00.000,2021,10,29,8,VRB02KT,12,11
2021-10-29 09:00:00.000,2021,10,29,9,VRB02KT,12,11
2021-10-29 10:00:00.000,2021,10,29,10,VRB02KT,12,11
2021-10-29 10:30:00.000,2021,10,29,10,31003KT,11,10
2021-10-29 11:00:00.000,2021,10,29,11,VRB02KT,12,11
2021-10-29 12:00:00.000,2021,10,29,12,03003KT,13,11
2021-10-29 13:00:00.000,2021,10,29,13,04006KT,15,12
2021-10-29 14:00:00.000,2021,10,29,14,VRB02KT,17,11
2021-10-29 15:00:00.000,2021,10,29,15,33004KT,19,11
2021-10-29 16:00:00.000,2021,10,29,16,VRB04KT,19,09
2021-10-29 17:00:00.000,2021,10,29,17,24007KT,19,11
2021-10-29 18:00:00.000,2021,10,29,18,26011KT,20,12
2021-10-29 18:34:00.000,2021,10,29,18,27010KT,18,11
2021-10-29 19:00:00.000,2021,10,29,19,24009KT,17,11
2021-10-29 19:32:00.000,2021,10,29,19,23009KT,16,12
2021-10-29 20:00:00.000,2021,10,29,20,24008KT,16,12
2021-10-29 21:00:00.000,2021,10,29,21,26008KT,17,11
2021-10-29 22:00:00.000,2021,10,29,22,26008KT,16,11
2021-10-29 23:00:00.000,2021,10,29,23,26005KT,15,10
2021-10-30 00:00:00.000,2021,10,30,0,32005KT,14,11
2021-10-30 01:00:00.000,2021,10,30,1,30007KT,14,11
2021-10-30 02:00:00.000,2021,10,30,2,32006KT,13,12
2021-10-30 02:10:00.000,2021,10,30,2,28012KT,12,11
2021-10-30 03:00:00.000,2021,10,30,3,28012KT,12,11
2021-10-30 04:00:00.000,2021,10,30,4,21003KT,12,12
2021-10-30 05:00:00.000,2021,10,30,5,35003KT,12,11
2021-10-30 06:00:00.000,2021,10,30,6,33003KT,11,11
2021-10-30 07:00:00.000,2021,10,30,7,31005KT,11,11
2021-10-30 08:00:00.000,2021,10,30,8,VRB02KT,11,11
2021-10-30 09:00:00.000,2021,10,30,9,08004KT,11,10
2021-10-30 10:00:00.000,2021,10,30,10,09004KT,11,10
2021-10-30 10:30:00.000,2021,10,30,10,VRB02KT,11,10
2021-10-30 11:00:00.000,2021,10,30,11,33004KT,10,09
2021-10-30 12:00:00.000,2021,10,30,12,34004KT,12,11
2021-10-30 13:00:00.000,2021,10,30,13,06004KT,14,12
2021-10-30 14:00:00.000,2021,10,30,14,04005KT,15,12
2021-10-30 14:30:00.000,2021,10,30,14,35003KT,17,11
2021-10-30 15:00:00.000,2021,10,30,15,VRB02KT,18,11
2021-10-30 16:00:00.000,2021,10,30,16,27006KT,18,10
2021-10-30 17:00:00.000,2021,10,30,17,27010KT,17,11
2021-10-30 18:00:00.000,2021,10,30,18,28010KT,18,10
2021-10-30 19:00:00.000,2021,10,30,19,23009KT,18,10
2021-10-30 20:00:00.000,2021,10,30,20,27010KT,18,11
2021-10-30 21:00:00.000,2021,10,30,21,28010KT,16,11
2021-10-30 22:00:00.000,2021,10,30,22,27006KT,16,11
2021-10-30 23:00:00.000,2021,10,30,23,30003KT,15,12
2021-10-31 00:00:00.000,2021,10,31,0,28005KT,13,12
2021-10-31 01:00:00.000,2021,10,31,1,35003KT,14,12
2021-10-31 02:00:00.000,2021,10,31,2,24003KT,13,12
2021-10-31 03:00:00.000,2021,10,31,3,27005KT,13,12
2021-10-31 04:00:00.000,2021,10,31,4,29003KT,13,12
2021-10-31 05:00:00.000,2021,10,31,5,00000KT,12,12
2021-10-31 06:00:00.000,2021,10,31,6,24004KT,11,10
2021-10-31 07:00:00.000,2021,10,31,7,32007KT,11,11
2021-10-31 08:00:00.000,2021,10,31,8,31004KT,11,11
2021-10-31 09:00:00.000,2021,10,31,9,VRB02KT,11,11
2021-10-31 10:00:00.000,2021,10,31,10,VRB02KT,11,11
2021-10-31 10:30:00.000,2021,10,31,10,31003KT,11,11
2021-10-31 11:00:00.000,2021,10,31,11,VRB02KT,11,11
2021-10-31 12:00:00.000,2021,10,31,12,33004KT,12,11
2021-10-31 13:00:00.000,2021,10,31,13,VRB02KT,12,11
2021-10-31 14:00:00.000,2021,10,31,14,15007KT,14,11
2021-10-31 15:00:00.000,2021,10,31,15,VRB02KT,16,11
2021-10-31 16:00:00.000,2021,10,31,16,23006KT,17,12
2021-10-31 17:00:00.000,2021,10,31,17,27006KT,16,10
2021-10-31 18:00:00.000,2021,10,31,18,29004KT,16,10
2021-10-31 19:00:00.000,2021,10,31,19,20005KT,15,12
2021-10-31 20:00:00.000,2021,10,31,20,VRB02KT,16,12
2021-10-31 21:00:00.000,2021,10,31,21,VRB02KT,17,11
2021-10-31 22:00:00.000,2021,10,31,22,VRB02KT,17,11
2021-10-31 23:00:00.000,2021,10,31,23,32005KT,15,12
2021-11-01 00:00:00.000,2021,11,1,0,32006KT,14,11
2021-11-01 01:00:00.000,2021,11,1,1,29005KT,13,11
2021-11-01 02:00:00.000,2021,11,1,2,29007KT,13,12
2021-11-01 03:00:00.000,2021,11,1,3,24003KT,13,12
2021-11-01 04:00:00.000,2021,11,1,4,VRB02KT,13,12
2021-11-01 05:00:00.000,2021,11,1,5,VRB02KT,12,11
2021-11-01 06:00:00.000,2021,11,1,6,VRB02KT,12,12
2021-11-01 07:00:00.000,2021,11,1,7,VRB02KT,13,12
2021-11-01 08:00:00.000,2021,11,1,8,VRB02KT,12,11
2021-11-01 09:00:00.000,2021,11,1,9,VRB02KT,11,10
2021-11-01 10:00:00.000,2021,11,1,10,11003KT,11,10
2021-11-01 10:30:00.000,2021,11,1,10,VRB02KT,11,11
2021-11-01 11:00:00.000,2021,11,1,11,35003KT,11,11
2021-11-01 12:00:00.000,2021,11,1,12,VRB02KT,12,12
2021-11-01 13:00:00.000,2021,11,1,13,34008KT,14,13
2021-11-01 14:00:00.000,2021,11,1,14,36003KT,16,10
2021-11-01 15:00:00.000,2021,11,1,15,24008KT,16,12
2021-11-01 16:00:00.000,2021,11,1,16,23007KT,17,12
2021-11-01 17:00:00.000,2021,11,1,17,25010KT,19,12
2021-11-01 18:00:00.000,2021,11,1,18,27010KT,19,11
2021-11-01 19:00:00.000,2021,11,1,19,32014KT,17,12
2021-11-01 19:25:00.000,2021,11,1,19,28010KT,19,12
2021-11-01 20:00:00.000,2021,11,1,20,33012KT,17,12
2021-11-01 21:00:00.000,2021,11,1,21,10006KT,15,10
2021-11-01 22:00:00.000,2021,11,1,22,12004KT,14,10
2021-11-01 23:00:00.000,2021,11,1,23,VRB02KT,14,11
2021-11-02 00:00:00.000,2021,11,2,0,VRB02KT,14,11
2021-11-02 01:00:00.000,2021,11,2,1,29005KT,14,13
2021-11-02 02:00:00.000,2021,11,2,2,32005KT,13,13
2021-11-02 03:00:00.000,2021,11,2,3,31007KT,13,11
2021-11-02 04:00:00.000,2021,11,2,4,30005KT,13,12
2021-11-02 05:00:00.000,2021,11,2,5,VRB02KT,13,12
2021-11-02 06:00:00.000,2021,11,2,6,VRB02KT,12,11
2021-11-02 07:00:00.000,2021,11,2,7,VRB02KT,10,10
2021-11-02 08:00:00.000,2021,11,2,8,00000KT,11,11
2021-11-02 09:00:00.000,2021,11,2,9,26003KT,12,11
2021-11-02 10:00:00.000,2021,11,2,10,32003KT,12,11
2021-11-02 10:30:00.000,2021,11,2,10,VRB02KT,12,11
2021-11-02 11:00:00.000,2021,11,2,11,VRB02KT,12,11
2021-11-02 12:00:00.000,2021,11,2,12,VRB02KT,13,12
2021-11-02 12:19:00.000,2021,11,2,12,VRB02KT,13,12
2021-11-02 13:00:00.000,2021,11,2,13,32003KT,15,13
2021-11-02 14:00:00.000,2021,11,2,14,19003KT,17,11
2021-11-02 15:00:00.000,2021,11,2,15,VRB03KT,20,12
2021-11-02 16:00:00.000,2021,11,2,16,27004KT,20,11
2021-11-02 17:00:00.000,2021,11,2,17,31006KT,21,11
2021-11-02 18:00:00.000,2021,11,2,18,24013KT,21,13
2021-11-02 18:10:00.000,2021,11,2,18,27015KT,19,12
2021-11-02 19:00:00.000,2021,11,2,19,28013KT,20,12
2021-11-02 19:27:00.000,2021,11,2,19,27012KT,19,11
2021-11-02 20:00:00.000,2021,11,2,20,28010KT,20,13
2021-11-02 21:00:00.000,2021,11,2,21,27009KT,17,11
2021-11-02 22:00:00.000,2021,11,2,22,28006KT,18,11
2021-11-02 23:00:00.000,2021,11,2,23,26005KT,16,12
2021-11-03 00:00:00.000,2021,11,3,0,31006KT,14,12
2021-11-03 01:00:00.000,2021,11,3,1,30004KT,14,12
2021-11-03 02:00:00.000,2021,11,3,2,31006KT,14,13
2021-11-03 03:00:00.000,2021,11,3,3,VRB02KT,14,13
2021-11-03 04:00:00.000,2021,11,3,4,28003KT,13,11
2021-11-03 05:00:00.000,2021,11,3,5,27004KT,13,12
2021-11-03 06:00:00.000,2021,11,3,6,VRB02KT,13,11
2021-11-03 07:00:00.000,2021,11,3,7,26007KT,13,11
2021-11-03 08:00:00.000,2021,11,3,8,24004KT,11,11
2021-11-03 09:00:00.000,2021,11,3,9,VRB02KT,12,12
2021-11-03 10:00:00.000,2021,11,3,10,VRB02KT,12,12
2021-11-03 10:30:00.000,2021,11,3,10,VRB02KT,11,11
2021-11-03 11:00:00.000,2021,11,3,11,VRB02KT,12,11
2021-11-03 12:00:00.000,2021,11,3,12,VRB02KT,13,12
2021-11-03 13:00:00.000,2021,11,3,13,05004KT,13,13
2021-11-03 14:00:00.000,2021,11,3,14,34004KT,16,12
2021-11-03 15:00:00.000,2021,11,3,15,03004KT,16,11
2021-11-03 16:00:00.000,2021,11,3,16,01007KT,18,11
2021-11-03 17:00:00.000,2021,11,3,17,23010KT,19,12
2021-11-03 18:00:00.000,2021,11,3,18,29010KT,19,11
2021-11-03 19:00:00.000,2021,11,3,19,29012KT,20,11
2021-11-03 20:00:00.000,2021,11,3,20,28012KT,19,11
2021-11-03 21:00:00.000,2021,11,3,21,27014KT,18,11
2021-11-03 22:00:00.000,2021,11,3,22,28009KT,16,12
2021-11-03 23:00:00.000,2021,11,3,23,29006KT,15,12
2021-11-04 00:00:00.000,2021,11,4,0,32004KT,13,12
2021-11-04 01:00:00.000,2021,11,4,1,VRB02KT,13,12
2021-11-04 02:00:00.000,2021,11,4,2,27003KT,13,13
2021-11-04 03:00:00.000,2021,11,4,3,30006KT,13,12
2021-11-04 04:00:00.000,2021,11,4,4,31006KT,13,12
2021-11-04 05:00:00.000,2021,11,4,5,VRB02KT,13,12
2021-11-04 06:00:00.000,2021,11,4,6,26004KT,13,12
2021-11-04 07:00:00.000,2021,11,4,7,23003KT,13,12
2021-11-04 08:00:00.000,2021,11,4,8,09003KT,13,12
2021-11-04 09:00:00.000,2021,11,4,9,18010KT,12,11
2021-11-04 10:00:00.000,2021,11,4,10,36003KT,12,11
2021-11-04 10:30:00.000,2021,11,4,10,35004KT,12,11
2021-11-04 11:00:00.000,2021,11,4,11,34005KT,12,11
2021-11-04 12:00:00.000,2021,11,4,12,33005KT,14,13
2021-11-04 13:00:00.000,2021,11,4,13,32003KT,15,11
2021-11-04 14:00:00.000,2021,11,4,14,27003KT,17,12
2021-11-04 15:00:00.000,2021,11,4,15,28004KT,17,11
2021-11-04 16:00:00.000,2021,11,4,16,30006KT,19,10
2021-11-04 17:00:00.000,2021,11,4,17,31010KT,19,12
2021-11-04 18:00:00.000,2021,11,4,18,31010KT,20,11
2021-11-04 19:00:00.000,2021,11,4,19,33009KT,19,12
2021-11-04 20:00:00.000,2021,11,4,20,23008KT,14,09
2021-11-04 21:00:00.000,2021,11,4,21,21004KT,14,11
2021-11-04 22:00:00.000,2021,11,4,22,VRB02KT,15,11
2021-11-04 23:00:00.000,2021,11,4,23,31003KT,14,12
2021-11-05 00:00:00.000,2021,11,5,0,31003KT,14,12
2021-11-05 01:00:00.000,2021,11,5,1,03004KT,13,13
2021-11-05 02:00:00.000,2021,11,5,2,VRB02KT,14,13
2021-11-05 03:00:00.000,2021,11,5,3,33004KT,13,12
2021-11-05 04:00:00.000,2021,11,5,4,VRB02KT,13,12
2021-11-05 05:00:00.000,2021,11,5,5,36003KT,13,12
2021-11-05 06:00:00.000,2021,11,5,6,35003KT,12,12
2021-11-05 07:00:00.000,2021,11,5,7,07004KT,11,10
2021-11-05 08:00:00.000,2021,11,5,8,36004KT,09,09
2021-11-05 09:00:00.000,2021,11,5,9,VRB02KT,09,09
2021-11-05 10:00:00.000,2021,11,5,10,33004KT,08,07
2021-11-05 10:30:00.000,2021,11,5,10,VRB02KT,08,07
2021-11-05 11:00:00.000,2021,11,5,11,01003KT,10,10
2021-11-05 11:15:00.000,2021,11,5,11,VRB02KT,10,09
2021-11-05 11:30:00.000,2021,11,5,11,VRB02KT,10,10
2021-11-05 12:00:00.000,2021,11,5,12,VRB02KT,10,10
2021-11-05 12:15:00.000,2021,11,5,12,33004KT,11,10
2021-11-05 12:30:00.000,2021,11,5,12,06003KT,11,11
2021-11-05 12:45:00.000,2021,11,5,12,04003KT,11,11
2021-11-05 13:00:00.000,2021,11,5,13,04003KT,11,11
2021-11-05 13:15:00.000,2021,11,5,13,08003KT,13,12
2021-11-05 14:00:00.000,2021,11,5,14,33004KT,14,12
2021-11-05 14:15:00.000,2021,11,5,14,02006KT,16,11
2021-11-05 15:00:00.000,2021,11,5,15,09004KT,18,10
2021-11-05 16:00:00.000,2021,11,5,16,07008KT,19,10
2021-11-05 17:00:00.000,2021,11,5,17,04006KT,20,08
2021-11-05 18:00:00.000,2021,11,5,18,27008KT,20,12
2021-11-05 19:00:00.000,2021,11,5,19,28011KT,17,11
2021-11-05 20:00:00.000,2021,11,5,20,28012KT,17,12
2021-11-05 21:00:00.000,2021,11,5,21,23009KT,16,12
2021-11-05 22:00:00.000,2021,11,5,22,29010KT,16,12
2021-11-05 23:00:00.000,2021,11,5,23,26004KT,15,12
2021-11-06 00:00:00.000,2021,11,6,0,23005KT,14,13
2021-11-06 01:00:00.000,2021,11,6,1,29004KT,14,13
2021-11-06 02:00:00.000,2021,11,6,2,00000KT,13,12
2021-11-06 03:00:00.000,2021,11,6,3,VRB02KT,12,12
2021-11-06 04:00:00.000,2021,11,6,4,VRB02KT,11,10
2021-11-06 05:00:00.000,2021,11,6,5,36003KT,10,09
2021-11-06 06:00:00.000,2021,11,6,6,VRB02KT,08,08
2021-11-06 07:00:00.000,2021,11,6,7,VRB02KT,08,08
2021-11-06 08:00:00.000,2021,11,6,8,VRB02KT,07,07
2021-11-06 09:00:00.000,2021,11,6,9,34003KT,07,06
2021-11-06 09:20:00.000,2021,11,6,9,VRB02KT,06,06
2021-11-06 10:00:00.000,2021,11,6,10,27003KT,05,05
2021-11-06 10:30:00.000,2021,11,6,10,00000KT,07,07
2021-11-06 11:00:00.000,2021,11,6,11,VRB02KT,05,05
2021-11-06 11:15:00.000,2021,11,6,11,34003KT,06,05
2021-11-06 11:30:00.000,2021,11,6,11,VRB02KT,07,06
2021-11-06 12:00:00.000,2021,11,6,12,02005KT,09,08
2021-11-06 12:20:00.000,2021,11,6,12,03004KT,09,09
2021-11-06 12:29:00.000,2021,11,6,12,04004KT,09,09
2021-11-06 13:00:00.000,2021,11,6,13,05004KT,10,09
2021-11-06 13:15:00.000,2021,11,6,13,VRB06KT,11,11
2021-11-06 14:00:00.000,2021,11,6,14,04005KT,15,13
2021-11-06 14:40:00.000,2021,11,6,14,102010KT,18,06
2021-11-06 15:00:00.000,2021,11,6,15,14013KT,20,07
2021-11-06 16:00:00.000,2021,11,6,16,13008KT,19,06
2021-11-06 17:00:00.000,2021,11,6,17,15009KT,19,05
2021-11-06 18:00:00.000,2021,11,6,18,11010KT,19,07
2021-11-06 19:00:00.000,2021,11,6,19,15011KT,20,08
2021-11-06 20:00:00.000,2021,11,6,20,14010KT,20,07
2021-11-06 21:00:00.000,2021,11,6,21,04005KT,18,07
2021-11-06 22:00:00.000,2021,11,6,22,01006KT,17,07
2021-11-06 23:00:00.000,2021,11,6,23,05005KT,15,07
2021-11-07 00:00:00.000,2021,11,7,0,33005KT,14,09
2021-11-07 01:00:00.000,2021,11,7,1,27004KT,13,10
2021-11-07 02:00:00.000,2021,11,7,2,VRB02KT,13,09
2021-11-07 03:00:00.000,2021,11,7,3,35003KT,10,09
2021-11-07 04:00:00.000,2021,11,7,4,VRB02KT,09,08
2021-11-07 05:00:00.000,2021,11,7,5,01003KT,08,07
2021-11-07 06:00:00.000,2021,11,7,6,VRB02KT,07,06
2021-11-07 07:00:00.000,2021,11,7,7,VRB02KT,06,05
2021-11-07 08:00:00.000,2021,11,7,8,03005KT,06,05
2021-11-07 09:00:00.000,2021,11,7,9,34003KT,06,05
2021-11-07 10:00:00.000,2021,11,7,10,VRB02KT,05,05
2021-11-07 10:30:00.000,2021,11,7,10,32003KT,05,05
2021-11-07 11:00:00.000,2021,11,7,11,32003KT,05,05
2021-11-07 12:00:00.000,2021,11,7,12,31004KT,09,08
2021-11-07 13:00:00.000,2021,11,7,13,03004KT,13,09
2021-11-07 14:00:00.000,2021,11,7,14,30004KT,16,08
2021-11-07 15:00:00.000,2021,11,7,15,33004KT,19,07
2021-11-07 16:00:00.000,2021,11,7,16,09008KT,21,06
2021-11-07 17:00:00.000,2021,11,7,17,13010KT,20,03
2021-11-07 18:00:00.000,2021,11,7,18,10006KT,20,04
2021-11-07 19:00:00.000,2021,11,7,19,13008KT,20,07
2021-11-07 20:00:00.000,2021,11,7,20,10006KT,19,07
2021-11-07 21:00:00.000,2021,11,7,21,28005KT,18,11
2021-11-07 22:00:00.000,2021,11,7,22,27006KT,17,11
2021-11-07 23:00:00.000,2021,11,7,23,30004KT,15,12
2021-11-08 00:00:00.000,2021,11,8,0,VRB02KT,13,11
2021-11-08 01:00:00.000,2021,11,8,1,VRB02KT,11,11
2021-11-08 02:00:00.000,2021,11,8,2,34004KT,11,11
2021-11-08 03:00:00.000,2021,11,8,3,32003KT,11,10
2021-11-08 04:00:00.000,2021,11,8,4,VRB02KT,11,10
2021-11-08 05:00:00.000,2021,11,8,5,VRB02KT,10,10
2021-11-08 06:00:00.000,2021,11,8,6,32005KT,10,09
2021-11-08 07:00:00.000,2021,11,8,7,VRB02KT,10,09
2021-11-08 08:00:00.000,2021,11,8,8,29003KT,08,07
2021-11-08 09:00:00.000,2021,11,8,9,32003KT,08,07
2021-11-08 10:00:00.000,2021,11,8,10,VRB02KT,09,08
2021-11-08 10:30:00.000,2021,11,8,10,VRB02KT,09,09
2021-11-08 11:00:00.000,2021,11,8,11,VRB02KT,08,08
2021-11-08 11:25:00.000,2021,11,8,11,VRB02KT,09,09
2021-11-08 12:00:00.000,2021,11,8,12,VRB02KT,11,10
2021-11-08 13:00:00.000,2021,11,8,13,32003KT,14,12
2021-11-08 14:00:00.000,2021,11,8,14,36006KT,15,11
2021-11-08 15:00:00.000,2021,11,8,15,11002KT,17,10
2021-11-08 16:00:00.000,2021,11,8,16,VRB02KT,18,09
2021-11-08 17:00:00.000,2021,11,8,17,21005KT,20,11
2021-11-08 18:00:00.000,2021,11,8,18,32006KT,20,10
2021-11-08 18:38:00.000,2021,11,8,18,25013KT,15,14
2021-11-08 19:00:00.000,2021,11,8,19,22013KT,14,14
2021-11-08 19:15:00.000,2021,11,8,19,24007KT,14,13
2021-11-08 20:00:00.000,2021,11,8,20,28008KT,15,14
2021-11-08 21:00:00.000,2021,11,8,21,32007KT,16,13
2021-11-08 22:00:00.000,2021,11,8,22,29010KT,15,13
2021-11-08 23:00:00.000,2021,11,8,23,31004KT,15,14
2021-11-09 00:00:00.000,2021,11,9,0,23003KT,14,13
2021-11-09 01:00:00.000,2021,11,9,1,21005KT,14,13
2021-11-09 02:00:00.000,2021,11,9,2,01004KT,14,13
2021-11-09 02:15:00.000,2021,11,9,2,30004KT,13,13
2021-11-09 02:30:00.000,2021,11,9,2,29005KT,13,13
2021-11-09 02:45:00.000,2021,11,9,2,30004KT,13,13
2021-11-09 03:00:00.000,2021,11,9,3,30004KT,13,13
2021-11-09 03:15:00.000,2021,11,9,3,32004KT,13,13
2021-11-09 03:30:00.000,2021,11,9,3,35003KT,13,13
2021-11-09 03:45:00.000,2021,11,9,3,VRB02KT,13,12
2021-11-09 04:00:00.000,2021,11,9,4,VRB02KT,13,12
2021-11-09 05:00:00.000,2021,11,9,5,35003KT,13,12
2021-11-09 06:00:00.000,2021,11,9,6,02003KT,13,12
2021-11-09 07:00:00.000,2021,11,9,7,36004KT,12,12
2021-11-09 08:00:00.000,2021,11,9,8,VRB02KT,12,11
2021-11-09 09:00:00.000,2021,11,9,9,VRB02KT,11,10
2021-11-09 10:00:00.000,2021,11,9,10,34006KT,11,11
2021-11-09 11:00:00.000,2021,11,9,11,35006KT,11,10
2021-11-09 12:00:00.000,2021,11,9,12,28004KT,13,11
2021-11-09 13:00:00.000,2021,11,9,13,VRB02KT,15,11
2021-11-09 14:00:00.000,2021,11,9,14,VRB02KT,18,12
2021-11-09 15:00:00.000,2021,11,9,15,VRB03KT,17,09
2021-11-09 16:00:00.000,2021,11,9,16,20005KT,19,08
2021-11-09 17:00:00.000,2021,11,9,17,VRB02KT,20,09
2021-11-09 18:00:00.000,2021,11,9,18,07005KT,20,08
2021-11-09 19:00:00.000,2021,11,9,19,25009KT,17,13
2021-11-09 20:00:00.000,2021,11,9,20,29011KT,18,13
2021-11-09 21:00:00.000,2021,11,9,21,27008KT,17,12
2021-11-09 21:27:00.000,2021,11,9,21,25009KT,16,13
2021-11-09 22:00:00.000,2021,11,9,22,25007KT,16,13
2021-11-09 23:00:00.000,2021,11,9,23,30008KT,14,13
2021-11-10 00:00:00.000,2021,11,10,0,31007KT,13,13
2021-11-10 01:00:00.000,2021,11,10,1,VRB02KT,13,12
2021-11-10 02:00:00.000,2021,11,10,2,VRB04KT,13,13
2021-11-10 03:00:00.000,2021,11,10,3,VRB02KT,12,12
2021-11-10 04:00:00.000,2021,11,10,4,VRB04KT,13,13
2021-11-10 05:00:00.000,2021,11,10,5,VRB03KT,13,13
2021-11-10 06:00:00.000,2021,11,10,6,31003KT,12,12
2021-11-10 07:00:00.000,2021,11,10,7,VRB02KT,12,12
2021-11-10 08:00:00.000,2021,11,10,8,31004KT,12,11
2021-11-10 09:00:00.000,2021,11,10,9,04003KT,11,10
2021-11-10 10:00:00.000,2021,11,10,10,00000KT,09,09
2021-11-10 10:30:00.000,2021,11,10,10,35004KT,09,09
2021-11-10 11:00:00.000,2021,11,10,11,VRB02KT,09,09
2021-11-10 12:00:00.000,2021,11,10,12,05004KT,12,11
2021-11-10 13:00:00.000,2021,11,10,13,05005KT,15,12
2021-11-10 14:00:00.000,2021,11,10,14,03004KT,17,11
2021-11-10 15:00:00.000,2021,11,10,15,26004KT,20,11
2021-11-10 16:00:00.000,2021,11,10,16,30006KT,19,10
2021-11-10 16:25:00.000,2021,11,10,16,24012KT,17,12
2021-11-10 17:00:00.000,2021,11,10,17,24014KT,16,12
2021-11-10 17:10:00.000,2021,11,10,17,25011KT,16,13
2021-11-10 18:00:00.000,2021,11,10,18,28010KT,17,12
2021-11-10 19:00:00.000,2021,11,10,19,28009KT,17,11
2021-11-10 19:25:00.000,2021,11,10,19,28008KT,17,11
2021-11-10 20:00:00.000,2021,11,10,20,33008KT,15,12
2021-11-10 20:05:00.000,2021,11,10,20,3400KT,14,11
2021-11-10 21:00:00.000,2021,11,10,21,VRB02KT,14,13
2021-11-10 22:00:00.000,2021,11,10,22,26003KT,14,13
2021-11-10 23:00:00.000,2021,11,10,23,30004KT,14,13
2021-11-11 00:00:00.000,2021,11,11,0,29004KT,13,12
2021-11-11 01:00:00.000,2021,11,11,1,33004KT,13,12
2021-11-11 02:00:00.000,2021,11,11,2,VRB02KT,12,11
2021-11-11 03:00:00.000,2021,11,11,3,00000KT,12,11
2021-11-11 04:00:00.000,2021,11,11,4,23003KT,11,10
2021-11-11 05:00:00.000,2021,11,11,5,VRB02KT,12,12
2021-11-11 06:00:00.000,2021,11,11,6,27003KT,12,10
2021-11-11 07:00:00.000,2021,11,11,7,27003KT,13,12
2021-11-11 08:00:00.000,2021,11,11,8,VRB02KT,12,11
2021-11-11 09:00:00.000,2021,11,11,9,VRB02KT,11,11
2021-11-11 09:01:00.000,2021,11,11,9,03004KT,10,10
2021-11-11 09:30:00.000,2021,11,11,9,03003KT,10,10
2021-11-11 10:00:00.000,2021,11,11,10,02004KT,11,10
2021-11-11 10:30:00.000,2021,11,11,10,02004KT,11,10
2021-11-11 11:00:00.000,2021,11,11,11,VRB02KT,11,10
2021-11-11 11:11:00.000,2021,11,11,11,VRB02KT,11,10
2021-11-11 11:23:00.000,2021,11,11,11,03003KT,11,11
2021-11-11 12:00:00.000,2021,11,11,12,04003KT,12,11
2021-11-11 13:00:00.000,2021,11,11,13,04003KT,14,13
2021-11-11 14:00:00.000,2021,11,11,14,33005KT,16,14
2021-11-11 15:00:00.000,2021,11,11,15,28004KT,18,12
2021-11-11 16:00:00.000,2021,11,11,16,30004KT,20,11
2021-11-11 17:00:00.000,2021,11,11,17,27005KT,21,10
2021-11-11 18:00:00.000,2021,11,11,18,28010KT,20,11
2021-11-11 19:00:00.000,2021,11,11,19,24014KT,20,12
2021-11-11 20:00:00.000,2021,11,11,20,27013KT,20,12
2021-11-11 21:00:00.000,2021,11,11,21,26013KT,18,12
2021-11-11 22:00:00.000,2021,11,11,22,24010KT,16,12
2021-11-11 23:00:00.000,2021,11,11,23,22005KT,16,12
2021-11-12 00:00:00.000,2021,11,12,0,23004KT,15,12
2021-11-12 01:00:00.000,2021,11,12,1,23004KT,15,11
2021-11-12 02:00:00.000,2021,11,12,2,26004KT,14,11
2021-11-12 03:00:00.000,2021,11,12,3,31006KT,14,12
2021-11-12 04:00:00.000,2021,11,12,4,31006KT,14,13
2021-11-12 05:00:00.000,2021,11,12,5,26004KT,14,12
2021-11-12 06:00:00.000,2021,11,12,6,31004KT,13,11
2021-11-12 07:00:00.000,2021,11,12,7,VRB02KT,13,11
2021-11-12 08:00:00.000,2021,11,12,8,VRB02KT,12,12
2021-11-12 09:00:00.000,2021,11,12,9,VRB02KT,13,11
2021-11-12 10:00:00.000,2021,11,12,10,03004KT,12,11
2021-11-12 10:30:00.000,2021,11,12,10,04004KT,12,11
2021-11-12 11:00:00.000,2021,11,12,11,02004KT,12,11
2021-11-12 12:00:00.000,2021,11,12,12,04005KT,13,11
2021-11-12 13:00:00.000,2021,11,12,13,05005KT,15,11
2021-11-12 14:00:00.000,2021,11,12,14,06007KT,17,09
2021-11-12 15:00:00.000,2021,11,12,15,09005KT,18,09
2021-11-12 16:00:00.000,2021,11,12,16,10006KT,20,09
2021-11-12 17:00:00.000,2021,11,12,17,26006KT,21,08
2021-11-12 18:00:00.000,2021,11,12,18,28009G19KT,21,11
2021-11-12 19:00:00.000,2021,11,12,19,25016KT,20,11
2021-11-12 20:00:00.000,2021,11,12,20,28009KT,20,10
2021-11-12 21:00:00.000,2021,11,12,21,27008KT,19,11
2021-11-12 22:00:00.000,2021,11,12,22,27008KT,16,11
2021-11-12 23:00:00.000,2021,11,12,23,31004KT,15,11
2021-11-13 00:00:00.000,2021,11,13,0,34003KT,14,11
2021-11-13 01:00:00.000,2021,11,13,1,VRB02KT,14,12
2021-11-13 02:00:00.000,2021,11,13,2,VRB02KT,12,12
2021-11-13 03:00:00.000,2021,11,13,3,VRB02KT,13,13
2021-11-13 04:00:00.000,2021,11,13,4,01004KT,13,11
2021-11-13 05:00:00.000,2021,11,13,5,04007KT,12,10
2021-11-13 06:00:00.000,2021,11,13,6,05007KT,13,10
2021-11-13 07:00:00.000,2021,11,13,7,05004KT,11,10
2021-11-13 08:00:00.000,2021,11,13,8,04004KT,10,09
2021-11-13 09:00:00.000,2021,11,13,9,05007KT,11,10
2021-11-13 10:00:00.000,2021,11,13,10,05007KT,10,09
2021-11-13 10:30:00.000,2021,11,13,10,05004KT,10,09
2021-11-13 11:00:00.000,2021,11,13,11,36003KT,10,09
2021-11-13 12:00:00.000,2021,11,13,12,06008KT,13,11
2021-11-13 13:00:00.000,2021,11,13,13,03005KT,14,10
2021-11-13 14:00:00.000,2021,11,13,14,04005KT,18,07
2021-11-13 15:00:00.000,2021,11,13,15,29003KT,20,08
2021-11-13 16:00:00.000,2021,11,13,16,32005KT,20,06
2021-11-13 17:00:00.000,2021,11,13,17,23010KT,20,12
2021-11-13 18:00:00.000,2021,11,13,18,24013KT,20,12
2021-11-13 19:00:00.000,2021,11,13,19,23012KT,18,12
2021-11-13 20:00:00.000,2021,11,13,20,23007KT,17,11
2021-11-13 21:00:00.000,2021,11,13,21,25006KT,18,11
2021-11-13 22:00:00.000,2021,11,13,22,01005KT,15,11
2021-11-13 22:09:00.000,2021,11,13,22,03007KT,14,12
2021-11-13 23:00:00.000,2021,11,13,23,05003KT,13,12
2021-11-14 00:00:00.000,2021,11,14,0,33004KT,13,12
2021-11-14 01:00:00.000,2021,11,14,1,04003KT,13,12
2021-11-14 02:00:00.000,2021,11,14,2,33004KT,13,12
2021-11-14 03:00:00.000,2021,11,14,3,01003KT,13,12
2021-11-14 04:00:00.000,2021,11,14,4,30003KT,12,11
2021-11-14 05:00:00.000,2021,11,14,5,VRB02KT,11,10
2021-11-14 06:00:00.000,2021,11,14,6,VRB02KT,11,10
2021-11-14 07:00:00.000,2021,11,14,7,VRB02KT,11,10
2021-11-14 08:00:00.000,2021,11,14,8,VRB02KT,11,10
2021-11-14 09:00:00.000,2021,11,14,9,36003KT,11,10
2021-11-14 10:00:00.000,2021,11,14,10,VRB02KT,11,10
2021-11-14 10:30:00.000,2021,11,14,10,VRB02KT,11,10
2021-11-14 11:00:00.000,2021,11,14,11,03003KT,11,10
2021-11-14 12:00:00.000,2021,11,14,12,05004KT,11,10
2021-11-14 13:00:00.000,2021,11,14,13,04005KT,12,12
2021-11-14 14:00:00.000,2021,11,14,14,04005KT,15,10
2021-11-14 15:00:00.000,2021,11,14,15,02004KT,17,10
2021-11-14 16:00:00.000,2021,11,14,16,10004KT,19,10
2021-11-14 17:00:00.000,2021,11,14,17,06005KT,19,10
2021-11-14 18:00:00.000,2021,11,14,18,26010KT,18,11
2021-11-14 19:00:00.000,2021,11,14,19,31011KT,17,12
2021-11-14 20:00:00.000,2021,11,14,20,29008KT,17,12
2021-11-14 21:00:00.000,2021,11,14,21,32007KT,17,12
2021-11-14 22:00:00.000,2021,11,14,22,34003KT,17,12
2021-11-14 23:00:00.000,2021,11,14,23,32006KT,15,12
2021-11-15 00:00:00.000,2021,11,15,0,29003KT,15,12
2021-11-15 01:00:00.000,2021,11,15,1,VRB02KT,14,13
2021-11-15 02:00:00.000,2021,11,15,2,32005KT,14,13
2021-11-15 03:00:00.000,2021,11,15,3,36003KT,13,13
2021-11-15 04:00:00.000,2021,11,15,4,34003KT,13,12
2021-11-15 05:00:00.000,2021,11,15,5,VRB02KT,13,12
2021-11-15 06:00:00.000,2021,11,15,6,VRB02KT,12,11
2021-11-15 07:00:00.000,2021,11,15,7,VRB02KT,10,10
2021-11-15 08:00:00.000,2021,11,15,8,01003KT,11,10
2021-11-15 09:00:00.000,2021,11,15,9,24003KT,10,9
2021-11-15 10:00:00.000,2021,11,15,10,VRB02KT,09,08
2021-11-15 10:30:00.000,2021,11,15,10,VRB02KT,09,08
2021-11-15 11:00:00.000,2021,11,15,11,34003KT,08,07
2021-11-15 11:24:00.000,2021,11,15,11,01004KT,09,08
2021-11-15 12:00:00.000,2021,11,15,12,36004KT,09,08
2021-11-15 13:00:00.000,2021,11,15,13,03004KT,11,10
2021-11-15 14:00:00.000,2021,11,15,14,04005KT,16,13
2021-11-15 15:00:00.000,2021,11,15,15,VRB04KT,19,09
2021-11-15 16:00:00.000,2021,11,15,16,08010KT,20,09
2021-11-15 17:00:00.000,2021,11,15,17,26003KT,21,09
2021-11-15 18:00:00.000,2021,11,15,18,17006KT,20,10
2021-11-15 18:22:00.000,2021,11,15,18,28011KT,16,13
2021-11-15 19:00:00.000,2021,11,15,19,26008KT,14,11
2021-11-15 20:00:00.000,2021,11,15,20,27009KT,16,13
2021-11-15 21:00:00.000,2021,11,15,21,27007KT,16,12
2021-11-15 22:00:00.000,2021,11,15,22,25005KT,16,12
2021-11-15 23:00:00.000,2021,11,15,23,26006KT,15,12
2021-11-16 00:00:00.000,2021,11,16,0,33005KT,14,12
2021-11-16 01:00:00.000,2021,11,16,1,31005KT,14,12
2021-11-16 02:00:00.000,2021,11,16,2,29004KT,14,12
2021-11-16 03:00:00.000,2021,11,16,3,28004KT,14,12
2021-11-16 04:00:00.000,2021,11,16,4,29004KT,14,12
2021-11-16 05:00:00.000,2021,11,16,5,27003KT,14,12
2021-11-16 06:00:00.000,2021,11,16,6,29004KT,13,12
2021-11-16 07:00:00.000,2021,11,16,7,28004KT,12,12
2021-11-16 08:00:00.000,2021,11,16,8,25004KT,13,12
2021-11-16 09:00:00.000,2021,11,16,9,VRB02KT,12,11
2021-11-16 10:00:00.000,2021,11,16,10,00000KT,12,11
2021-11-16 10:30:00.000,2021,11,16,10,VRB02KT,11,11
2021-11-16 10:42:00.000,2021,11,16,10,33004KT,11,10
2021-11-16 11:00:00.000,2021,11,16,11,02003KT,11,10
2021-11-16 12:00:00.000,2021,11,16,12,29004KT,12,12
2021-11-16 13:00:00.000,2021,11,16,13,VRB02KT,13,13
2021-11-16 13:35:00.000,2021,11,16,13,05004KT,16,13
2021-11-16 14:00:00.000,2021,11,16,14,07005KT,16,13
2021-11-16 15:00:00.000,2021,11,16,15,35005KT,18,10
2021-11-16 16:00:00.000,2021,11,16,16,01005KT,19,10
2021-11-16 17:00:00.000,2021,11,16,17,32007KT,20,10
2021-11-16 18:00:00.000,2021,11,16,18,25013KT,20,13
2021-11-16 19:00:00.000,2021,11,16,19,27013KT,18,14
2021-11-16 20:00:00.000,2021,11,16,20,27011KT,19,12
2021-11-16 21:00:00.000,2021,11,16,21,26012KT,18,12
2021-11-16 22:00:00.000,2021,11,16,22,32009KT,16,12
2021-11-16 23:00:00.000,2021,11,16,23,29005KT,14,11
2021-11-17 00:00:00.000,2021,11,17,0,30003KT,13,12
2021-11-17 01:00:00.000,2021,11,17,1,25004KT,14,11
2021-11-17 02:00:00.000,2021,11,17,2,24004KT,14,11
2021-11-17 03:00:00.000,2021,11,17,3,28005KT,13,11
2021-11-17 04:00:00.000,2021,11,17,4,26004KT,13,11
2021-11-17 05:00:00.000,2021,11,17,5,VRB05KT,13,11
2021-11-17 06:00:00.000,2021,11,17,6,27003KT,12,11
2021-11-17 07:00:00.000,2021,11,17,7,22004KT,10,09
2021-11-17 08:00:00.000,2021,11,17,8,34004KT,08,07
2021-11-17 09:00:00.000,2021,11,17,9,VRB02KT,08,08
2021-11-17 10:00:00.000,2021,11,17,10,36004KT,08,07
2021-11-17 10:30:00.000,2021,11,17,10,32003KT,08,08
2021-11-17 11:00:00.000,2021,11,17,11,31003KT,09,08
2021-11-17 12:00:00.000,2021,11,17,12,35003KT,11,10
2021-11-17 13:00:00.000,2021,11,17,13,VRB02KT,13,12
2021-11-17 13:28:00.000,2021,11,17,13,VRB02KT,15,12
2021-11-17 14:00:00.000,2021,11,17,14,VRB03KT,16,11
2021-11-17 15:00:00.000,2021,11,17,15,VRB03KT,18,09
2021-11-17 16:00:00.000,2021,11,17,16,28005KT,19,09
2021-11-17 17:00:00.000,2021,11,17,17,31008KT,20,09
2021-11-17 18:00:00.000,2021,11,17,18,32010KT,21,10
2021-11-17 19:00:00.000,2021,11,17,19,30015KT,19,10
2021-11-17 20:00:00.000,2021,11,17,20,31015KT,19,12
2021-11-17 21:00:00.000,2021,11,17,21,30014KT,19,11
2021-11-17 22:00:00.000,2021,11,17,22,31010KT,16,11
2021-11-17 23:00:00.000,2021,11,17,23,31010KT,15,11
2021-11-18 00:00:00.000,2021,11,18,0,30010KT,14,11
2021-11-18 01:00:00.000,2021,11,18,1,32006KT,14,10
2021-11-18 02:00:00.000,2021,11,18,2,30005KT,13,10
2021-11-18 03:00:00.000,2021,11,18,3,31005KT,11,10
2021-11-18 04:00:00.000,2021,11,18,4,31004KT,11,09
2021-11-18 05:00:00.000,2021,11,18,5,29003KT,10,09
2021-11-18 06:00:00.000,2021,11,18,6,VRB02KT,10,10
2021-11-18 07:00:00.000,2021,11,18,7,00000KT,11,09
2021-11-18 08:00:00.000,2021,11,18,8,00000KT,10,09
2021-11-18 09:00:00.000,2021,11,18,9,31004KT,09,07
2021-11-18 10:00:00.000,2021,11,18,10,VRB02KT,09,07
2021-11-18 10:30:00.000,2021,11,18,10,31005KT,08,06
2021-11-18 11:00:00.000,2021,11,18,11,34003KT,07,07
2021-11-18 12:00:00.000,2021,11,18,12,VRB02KT,09,08
2021-11-18 12:35:00.000,2021,11,18,12,02004KT,11,10
2021-11-18 13:00:00.000,2021,11,18,13,35004KT,13,11
2021-11-18 14:00:00.000,2021,11,18,14,16003KT,16,09
2021-11-18 15:00:00.000,2021,11,18,15,28004KT,18,09
2021-11-18 16:00:00.000,2021,11,18,16,VRB04KT,18,09
2021-11-18 17:00:00.000,2021,11,18,17,31006KT,19,08
2021-11-18 18:00:00.000,2021,11,18,18,29008KT,20,08
2021-11-18 19:00:00.000,2021,11,18,19,31011KT,21,10
2021-11-18 20:00:00.000,2021,11,18,20,30013KT,20,10
2021-11-18 21:00:00.000,2021,11,18,21,32013KT,18,10
2021-11-18 22:00:00.000,2021,11,18,22,31014KT,16,08
2021-11-18 23:00:00.000,2021,11,18,23,27006KT,15,09
2021-11-19 00:00:00.000,2021,11,19,0,29007KT,14,07
2021-11-19 01:00:00.000,2021,11,19,1,28006KT,14,07
2021-11-19 02:00:00.000,2021,11,19,2,25004KT,12,09
2021-11-19 03:00:00.000,2021,11,19,3,26004KT,12,10
2021-11-19 04:00:00.000,2021,11,19,4,26006KT,12,09
2021-11-19 05:00:00.000,2021,11,19,5,32003KT,10,09
2021-11-19 06:00:00.000,2021,11,19,6,34003KT,08,08
2021-11-19 07:00:00.000,2021,11,19,7,00000KT,06,06
2021-11-19 08:00:00.000,2021,11,19,8,34004KT,05,05
2021-11-19 09:00:00.000,2021,11,19,9,35003KT,05,04
2021-11-19 10:00:00.000,2021,11,19,10,01003KT,03,03
2021-11-19 10:30:00.000,2021,11,19,10,01003KT,04,04
2021-11-19 11:00:00.000,2021,11,19,11,34004KT,04,03
2021-11-19 11:31:00.000,2021,11,19,11,31003KT,06,06
2021-11-19 12:00:00.000,2021,11,19,12,VRB02KT,09,08
2021-11-19 13:00:00.000,2021,11,19,13,03004KT,12,07
2021-11-19 13:36:00.000,2021,11,19,13,01003KT,14,08
2021-11-19 14:00:00.000,2021,11,19,14,VRB03KT,16,08
2021-11-19 15:00:00.000,2021,11,19,15,05002KT,18,07
2021-11-19 16:00:00.000,2021,11,19,16,31005KT,19,08
2021-11-19 17:00:00.000,2021,11,19,17,29006KT,20,08
2021-11-19 18:00:00.000,2021,11,19,18,26008KT,20,11
2021-11-19 19:00:00.000,2021,11,19,19,30012KT,21,11
2021-11-19 20:00:00.000,2021,11,19,20,28013KT,20,11
2021-11-19 21:00:00.000,2021,11,19,21,28011KT,19,09
2021-11-19 22:00:00.000,2021,11,19,22,26009KT,17,10
2021-11-19 23:00:00.000,2021,11,19,23,26008KT,14,11
2021-11-20 00:00:00.000,2021,11,20,0,26004KT,14,11
2021-11-20 01:00:00.000,2021,11,20,1,VRB02KT,12,11
2021-11-20 02:00:00.000,2021,11,20,2,VRB02KT,12,11
2021-11-20 03:00:00.000,2021,11,20,3,30004KT,10,10
2021-11-20 04:00:00.000,2021,11,20,4,25006KT,13,12
2021-11-20 05:00:00.000,2021,11,20,5,30005KT,12,11
2021-11-20 06:00:00.000,2021,11,20,6,31003KT,12,11
2021-11-20 07:00:00.000,2021,11,20,7,VRB02KT,12,11
2021-11-20 08:00:00.000,2021,11,20,8,30004KT,13,11
2021-11-20 09:00:00.000,2021,11,20,9,VRB02KT,11,11
2021-11-20 10:00:00.000,2021,11,20,10,28004KT,12,11
2021-11-20 10:30:00.000,2021,11,20,10,25004KT,11,10
2021-11-20 11:00:00.000,2021,11,20,11,24004KT,11,11
2021-11-20 12:00:00.000,2021,11,20,12,VRB02KT,11,11
2021-11-20 13:00:00.000,2021,11,20,13,VRB02KT,14,12
2021-11-20 14:00:00.000,2021,11,20,14,VRB02KT,16,11
2021-11-20 15:00:00.000,2021,11,20,15,32005KT,18,10
2021-11-20 16:00:00.000,2021,11,20,16,33004KT,19,10
2021-11-20 17:00:00.000,2021,11,20,17,06004KT,21,10
2021-11-20 18:00:00.000,2021,11,20,18,24010KT,19,12
2021-11-20 19:00:00.000,2021,11,20,19,29014KT,16,13
2021-11-20 20:00:00.000,2021,11,20,20,25009KT,16,12
2021-11-20 21:00:00.000,2021,11,20,21,20006KT,15,13
2021-11-20 22:00:00.000,2021,11,20,22,VRB02KT,15,13
2021-11-20 23:00:00.000,2021,11,20,23,02003KT,14,13
2021-11-21 00:00:00.000,2021,11,21,0,VRB02KT,14,13
2021-11-21 01:00:00.000,2021,11,21,1,18007KT,11,11
2021-11-21 02:00:00.000,2021,11,21,2,03003KT,12,11
2021-11-21 02:30:00.000,2021,11,21,2,VRB02KT,12,11
2021-11-21 03:00:00.000,2021,11,21,3,VRB02KT,12,11
2021-11-21 04:00:00.000,2021,11,21,4,02005KT,12,11
2021-11-21 05:00:00.000,2021,11,21,5,03006KT,12,11
2021-11-21 06:00:00.000,2021,11,21,6,VRB02KT,11,10
2021-11-21 07:00:00.000,2021,11,21,7,VRB02KT,12,11
2021-11-21 08:00:00.000,2021,11,21,8,28004KT,12,11
2021-11-21 09:00:00.000,2021,11,21,9,VRB02KT,12,11
2021-11-21 10:00:00.000,2021,11,21,10,VRB02KT,11,10
2021-11-21 10:30:00.000,2021,11,21,10,VRB02KT,11,11
2021-11-21 11:00:00.000,2021,11,21,11,35003KT,11,11
2021-11-21 12:00:00.000,2021,11,21,12,00000KT,12,11
2021-11-21 13:00:00.000,2021,11,21,13,35003KT,13,12
2021-11-21 14:00:00.000,2021,11,21,14,03006KT,15,12
2021-11-21 15:00:00.000,2021,11,21,15,04007KT,17,09
2021-11-21 16:00:00.000,2021,11,21,16,06004KT,19,07
2021-11-21 17:00:00.000,2021,11,21,17,31003KT,19,07
2021-11-21 18:00:00.000,2021,11,21,18,04004KT,20,07
2021-11-21 19:00:00.000,2021,11,21,19,24011KT,18,11
2021-11-21 20:00:00.000,2021,11,21,20,25011KT,16,11
2021-11-21 21:00:00.000,2021,11,21,21,31008KT,15,12
2021-11-21 22:00:00.000,2021,11,21,22,24005KT,16,12
2021-11-21 23:00:00.000,2021,11,21,23,24007KT,15,12
2021-11-22 00:00:00.000,2021,11,22,0,31005KT,13,12
2021-11-22 01:00:00.000,2021,11,22,1,30003KT,13,12
2021-11-22 02:00:00.000,2021,11,22,2,VRB02KT,13,12
2021-11-22 03:00:00.000,2021,11,22,3,VRB02KT,12,12
2021-11-22 04:00:00.000,2021,11,22,4,36003KT,12,12
2021-11-22 05:00:00.000,2021,11,22,5,VRB02KT,12,11
2021-11-22 06:00:00.000,2021,11,22,6,04004KT,11,10
2021-11-22 07:00:00.000,2021,11,22,7,02003KT,11,09
2021-11-22 08:00:00.000,2021,11,22,8,VRB02KT,10,09
2021-11-22 09:00:00.000,2021,11,22,9,VRB02KT,10,09
2021-11-22 10:00:00.000,2021,11,22,10,VRB02KT,08,07
2021-11-22 10:30:00.000,2021,11,22,10,VRB02KT,09,08
2021-11-22 11:00:00.000,2021,11,22,11,VRB02KT,07,07
2021-11-22 12:00:00.000,2021,11,22,12,33004KT,10,10
2021-11-22 13:00:00.000,2021,11,22,13,02004KT,14,11
2021-11-22 14:00:00.000,2021,11,22,14,36005KT,17,10
2021-11-22 15:00:00.000,2021,11,22,15,29004KT,19,09
2021-11-22 16:00:00.000,2021,11,22,16,30003KT,20,09
2021-11-22 17:00:00.000,2021,11,22,17,22004KT,20,09
2021-11-22 18:00:00.000,2021,11,22,18,24011KT,18,12
2021-11-22 18:02:00.000,2021,11,22,18,23010KT,17,12
2021-11-22 18:30:00.000,2021,11,22,18,29009KT,16,12
2021-11-22 19:00:00.000,2021,11,22,19,30009KT,16,12
2021-11-22 20:00:00.000,2021,11,22,20,29005KT,15,13
2021-11-22 21:00:00.000,2021,11,22,21,25005KT,15,13
2021-11-22 22:00:00.000,2021,11,22,22,24005KT,14,13
2021-11-22 23:00:00.000,2021,11,22,23,VRB02KT,14,13
2021-11-23 00:00:00.000,2021,11,23,0,24004KT,14,12
2021-11-23 01:00:00.000,2021,11,23,1,30004KT,14,13
2021-11-23 02:00:00.000,2021,11,23,2,VRB02KT,13,12
2021-11-23 03:00:00.000,2021,11,23,3,VRB02KT,14,12
2021-11-23 04:00:00.000,2021,11,23,4,VRB02KT,14,12
2021-11-23 05:00:00.000,2021,11,23,5,28004KT,13,12
2021-11-23 06:00:00.000,2021,11,23,6,31004KT,13,12
2021-11-23 07:00:00.000,2021,11,23,7,VRB02KT,13,13
2021-11-23 08:00:00.000,2021,11,23,8,23006KT,12,12
2021-11-23 09:00:00.000,2021,11,23,9,VRB02KT,12,11
2021-11-23 10:00:00.000,2021,11,23,10,VRB02KT,11,11
2021-11-23 10:30:00.000,2021,11,23,10,VRB02KT,11,11
2021-11-23 11:00:00.000,2021,11,23,11,VRB02KT,12,11
2021-11-23 11:30:00.000,2021,11,23,11,VRB02KT,12,11
2021-11-23 12:00:00.000,2021,11,23,12,VRB02KT,12,12
2021-11-23 13:00:00.000,2021,11,23,13,03004KT,13,12
2021-11-23 14:00:00.000,2021,11,23,14,36003KT,14,13
2021-11-23 15:00:00.000,2021,11,23,15,36003KT,16,12
2021-11-23 16:00:00.000,2021,11,23,16,33004KT,17,11
2021-11-23 17:00:00.000,2021,11,23,17,05003KT,17,10
2021-11-23 18:00:00.000,2021,11,23,18,27008KT,17,12
2021-11-23 19:00:00.000,2021,11,23,19,26010KT,16,13
2021-11-23 20:00:00.000,2021,11,23,20,21008KT,14,13
2021-11-23 20:05:00.000,2021,11,23,20,20006KT,14,13
2021-11-23 21:00:00.000,2021,11,23,21,23004KT,14,13
2021-11-23 22:00:00.000,2021,11,23,22,18004KT,14,13
2021-11-23 23:00:00.000,2021,11,23,23,05004KT,13,12
2021-11-24 00:00:00.000,2021,11,24,0,36003KT,13,13
2021-11-24 01:00:00.000,2021,11,24,1,VRB02KT,13,12
2021-11-24 02:00:00.000,2021,11,24,2,VRB02KT,12,11
2021-11-24 03:00:00.000,2021,11,24,3,VRB02KT,12,11
2021-11-24 04:00:00.000,2021,11,24,4,00000KT,13,12
2021-11-24 05:00:00.000,2021,11,24,5,02003KT,12,12
2021-11-24 06:00:00.000,2021,11,24,6,VRB02KT,12,11
2021-11-24 07:00:00.000,2021,11,24,7,32002KT,12,1
2021-11-24 08:00:00.000,2021,11,24,8,VRB02KT,12,11
2021-11-24 09:00:00.000,2021,11,24,9,VRB02KT,11,11
2021-11-24 10:00:00.000,2021,11,24,10,VRB02KT,11,11
2021-11-24 10:30:00.000,2021,11,24,10,00000KT,11,11
2021-11-24 11:00:00.000,2021,11,24,11,VRB02KT,11,10
2021-11-24 11:26:00.000,2021,11,24,11,VRB02KT,12,11
2021-11-24 12:00:00.000,2021,11,24,12,VRB02KT,13,12
2021-11-24 13:00:00.000,2021,11,24,13,03004KT,15,13
2021-11-24 14:00:00.000,2021,11,24,14,VRB03KT,17,12
2021-11-24 15:00:00.000,2021,11,24,15,34003KT,18,11
2021-11-24 16:00:00.000,2021,11,24,16,22005KT,17,10
2021-11-24 17:00:00.000,2021,11,24,17,33003KT,15,13
2021-11-24 17:21:00.000,2021,11,24,17,29008KT,15,14
2021-11-24 18:00:00.000,2021,11,24,18,30007KT,15,13
2021-11-24 19:00:00.000,2021,11,24,19,28007KT,15,14
2021-11-24 19:10:00.000,2021,11,24,19,27007KT,15,13
2021-11-24 20:00:00.000,2021,11,24,20,31004KT,16,13
2021-11-24 21:00:00.000,2021,11,24,21,29004KT,17,11
2021-11-24 22:00:00.000,2021,11,24,22,27007KT,16,12
2021-11-24 23:00:00.000,2021,11,24,23,27005KT,14,13
2021-11-25 00:00:00.000,2021,11,25,0,29004KT,14,13
2021-11-25 01:00:00.000,2021,11,25,1,26007KT,14,13
2021-11-25 02:00:00.000,2021,11,25,2,32004KT,13,12
2021-11-25 03:00:00.000,2021,11,25,3,VRB02KT,13,13
2021-11-25 03:25:00.000,2021,11,25,3,VRB02KT,13,13
2021-11-25 04:00:00.000,2021,11,25,4,27004KT,13,12
2021-11-25 05:00:00.000,2021,11,25,5,26004KT,12,12
2021-11-25 06:00:00.000,2021,11,25,6,VRB02KT,12,12
2021-11-25 07:00:00.000,2021,11,25,7,31003KT,12,11
2021-11-25 08:00:00.000,2021,11,25,8,VRB02KT,12,11
2021-11-25 08:26:00.000,2021,11,25,8,VRB02KT,12,11
2021-11-25 09:00:00.000,2021,11,25,9,VRB02KT,12,11
2021-11-25 09:18:00.000,2021,11,25,9,00000KT,12,11
2021-11-25 10:00:00.000,2021,11,25,10,00000KT,12,11
2021-11-25 10:30:00.000,2021,11,25,10,35003KT,12,11
2021-11-25 11:00:00.000,2021,11,25,11,VRB02KT,12,11
2021-11-25 12:00:00.000,2021,11,25,12,VRB02KT,13,12
2021-11-25 13:00:00.000,2021,11,25,13,09004KT,14,12
2021-11-25 14:00:00.000,2021,11,25,14,VRB02KT,16,13
2021-11-25 14:25:00.000,2021,11,25,14,05005KT,15,12
2021-11-25 15:00:00.000,2021,11,25,15,06005KT,16,12
2021-11-25 16:00:00.000,2021,11,25,16,12007KT,18,10
2021-11-25 17:00:00.000,2021,11,25,17,18004KT,20,09
2021-11-25 18:00:00.000,2021,11,25,18,07006KT,18,10
2021-11-25 19:00:00.000,2021,11,25,19,25015KT,17,13
2021-11-25 20:00:00.000,2021,11,25,20,23010KT,16,12
2021-11-25 20:35:00.000,2021,11,25,20,23008KT,15,13
2021-11-25 21:00:00.000,2021,11,25,21,28008KT,15,13
2021-11-25 22:00:00.000,2021,11,25,22,21007KT,14,13
2021-11-25 23:00:00.000,2021,11,25,23,25006KT,14,13
2021-11-26 00:00:00.000,2021,11,26,0,27003KT,13,13
2021-11-26 01:00:00.000,2021,11,26,1,VRB02KT,13,13
2021-11-26 02:00:00.000,2021,11,26,2,25004KT,13,13
2021-11-26 03:00:00.000,2021,11,26,3,25005KT,13,12
2021-11-26 04:00:00.000,2021,11,26,4,VRB03KT,12,12
2021-11-26 04:15:00.000,2021,11,26,4,VRB02KT,12,11
2021-11-26 05:00:00.000,2021,11,26,5,VRB02KT,12,11
2021-11-26 06:00:00.000,2021,11,26,6,VRB02KT,10,10
2021-11-26 07:00:00.000,2021,11,26,7,VRB02KT,11,10
2021-11-26 08:00:00.000,2021,11,26,8,VRB02KT,11,10
2021-11-26 09:00:00.000,2021,11,26,9,VRB02KT,10,09
2021-11-26 10:00:00.000,2021,11,26,10,35003KT,11,10
2021-11-26 10:30:00.000,2021,11,26,10,01004KT,11,10
2021-11-26 11:00:00.000,2021,11,26,11,01003KT,11,10
2021-11-26 12:00:00.000,2021,11,26,12,02005KT,12,11
2021-11-26 13:00:00.000,2021,11,26,13,04005KT,13,12
2021-11-26 14:00:00.000,2021,11,26,14,29003KT,14,13
2021-11-26 15:00:00.000,2021,11,26,15,VRB03KT,16,11
2021-11-26 16:00:00.000,2021,11,26,16,17003KT,18,11
2021-11-26 17:00:00.000,2021,11,26,17,36004KT,20,12
2021-11-26 18:00:00.000,2021,11,26,18,VRB03KT,20,10
2021-11-26 19:00:00.000,2021,11,26,19,28008KT,18,13
2021-11-26 19:07:00.000,2021,11,26,19,26009KT,16,14
2021-11-26 19:22:00.000,2021,11,26,19,29010KT,15,14
2021-11-26 20:00:00.000,2021,11,26,20,02003KT,14,14
2021-11-26 21:00:00.000,2021,11,26,21,26008KT,12,12
2021-11-26 21:24:00.000,2021,11,26,21,31006KT,12,12
2021-11-26 22:00:00.000,2021,11,26,22,26003KT,12,12
2021-11-26 23:00:00.000,2021,11,26,23,35003KT,12,12
2021-11-27 00:00:00.000,2021,11,27,0,VRB02KT,12,12
2021-11-27 01:00:00.000,2021,11,27,1,00000KT,12,11
2021-11-27 02:00:00.000,2021,11,27,2,VRB02KT,12,11
2021-11-27 03:00:00.000,2021,11,27,3,VRB02KT,12,11
2021-11-27 04:00:00.000,2021,11,27,4,03004KT,12,11
2021-11-27 05:00:00.000,2021,11,27,5,04006KT,12,11
2021-11-27 06:00:00.000,2021,11,27,6,08003KT,11,10
2021-11-27 07:00:00.000,2021,11,27,7,VRB02KT,10,09
2021-11-27 08:00:00.000,2021,11,27,8,09005KT,11,10
2021-11-27 09:00:00.000,2021,11,27,9,VRB02KT,10,09
2021-11-27 10:00:00.000,2021,11,27,10,VRB02KT,10,09
2021-11-27 10:30:00.000,2021,11,27,10,05003KT,10,09
2021-11-27 11:00:00.000,2021,11,27,11,00000KT,10,09
2021-11-27 11:30:00.000,2021,11,27,11,35004KT,10,09
2021-11-27 12:00:00.000,2021,11,27,12,06003KT,11,10
2021-11-27 12:30:00.000,2021,11,27,12,05005KT,13,11
2021-11-27 13:00:00.000,2021,11,27,13,06004KT,14,11
2021-11-27 14:00:00.000,2021,11,27,14,01004KT,16,11
2021-11-27 15:00:00.000,2021,11,27,15,02004KT,17,10
2021-11-27 16:00:00.000,2021,11,27,16,07005KT,19,09
2021-11-27 17:00:00.000,2021,11,27,17,04007KT,20,08
2021-11-27 18:00:00.000,2021,11,27,18,29007KT,18,11
2021-11-27 19:00:00.000,2021,11,27,19,25011KT,20,10
2021-11-27 20:00:00.000,2021,11,27,20,29012KT,19,12
2021-11-27 21:00:00.000,2021,11,27,21,29007KT,17,12
2021-11-27 22:00:00.000,2021,11,27,22,28006KT,16,12
2021-11-27 23:00:00.000,2021,11,27,23,26005KT,15,12
2021-11-28 00:00:00.000,2021,11,28,0,27006KT,14,12
2021-11-28 01:00:00.000,2021,11,28,1,VRB02KT,14,12
2021-11-28 02:00:00.000,2021,11,28,2,VRB02KT,13,11
2021-11-28 03:00:00.000,2021,11,28,3,35003KT,13,12
2021-11-28 04:00:00.000,2021,11,28,4,32004KT,12,11
2021-11-28 05:00:00.000,2021,11,28,5,00000KT,11,10
2021-11-28 06:00:00.000,2021,11,28,6,VRB02KT,12,11
2021-11-28 07:00:00.000,2021,11,28,7,VRB02KT,11,10
2021-11-28 08:00:00.000,2021,11,28,8,VRB02KT,11,10
2021-11-28 09:00:00.000,2021,11,28,9,VRB02KT,09,09
2021-11-28 10:00:00.000,2021,11,28,10,32003KT,09,08
2021-11-28 10:30:00.000,2021,11,28,10,VRB02KT,08,08
2021-11-28 11:00:00.000,2021,11,28,11,VRB02KT,08,08
2021-11-28 12:00:00.000,2021,11,28,12,VRB02KT,11,10
2021-11-28 13:00:00.000,2021,11,28,13,02004KT,14,12
2021-11-28 14:00:00.000,2021,11,28,14,15006KT,18,09
2021-11-28 15:00:00.000,2021,11,28,15,13009KT,19,08
2021-11-28 16:00:00.000,2021,11,28,16,10008KT,20,08
2021-11-28 17:00:00.000,2021,11,28,17,15010KT,20,08
2021-11-28 18:00:00.000,2021,11,28,18,12008KT,20,07
2021-11-28 19:00:00.000,2021,11,28,19,05012KT,21,08
2021-11-28 20:00:00.000,2021,11,28,20,24010KT,18,12
2021-11-28 21:00:00.000,2021,11,28,21,23009KT,19,13
2021-11-28 22:00:00.000,2021,11,28,22,25008KT,18,12
2021-11-28 23:00:00.000,2021,11,28,23,29005KT,15,12
2021-11-29 00:00:00.000,2021,11,29,0,25005KT,15,13
2021-11-29 01:00:00.000,2021,11,29,1,VRB02KT,14,13
2021-11-29 02:00:00.000,2021,11,29,2,VRB02KT,14,13
2021-11-29 03:00:00.000,2021,11,29,3,VRB02KT,13,12
2021-11-29 04:00:00.000,2021,11,29,4,04005KT,13,12
2021-11-29 05:00:00.000,2021,11,29,5,02003KT,13,12
2021-11-29 06:00:00.000,2021,11,29,6,05007KT,13,11
2021-11-29 07:00:00.000,2021,11,29,7,04004KT,12,10
2021-11-29 08:00:00.000,2021,11,29,8,VBR02KT,11,10
2021-11-29 09:00:00.000,2021,11,29,9,VRB02KT,10,10
2021-11-29 10:00:00.000,2021,11,29,10,03004KT,10,09
2021-11-29 10:30:00.000,2021,11,29,10,05005KT,11,10
2021-11-29 11:00:00.000,2021,11,29,11,04007KT,11,11
2021-11-29 12:00:00.000,2021,11,29,12,04008KT,12,11
2021-11-29 13:00:00.000,2021,11,29,13,05006KT,13,11
2021-11-29 13:26:00.000,2021,11,29,13,03007KT,15,11
2021-11-29 14:00:00.000,2021,11,29,14,04008KT,16,10
2021-11-29 15:00:00.000,2021,11,29,15,06007KT,17,09
2021-11-29 16:00:00.000,2021,11,29,16,05011KT,16,10
2021-11-29 17:00:00.000,2021,11,29,17,04007KT,18,10
2021-11-29 18:00:00.000,2021,11,29,18,12008KT,21,07
2021-11-29 19:00:00.000,2021,11,29,19,06009KT,20,10
2021-11-29 20:00:00.000,2021,11,29,20,07008KT,20,09
2021-11-29 21:00:00.000,2021,11,29,21,VRB05KT,20,08
2021-11-29 22:00:00.000,2021,11,29,22,VRB04KT,18,12
2021-11-29 23:00:00.000,2021,11,29,23,26005KT,16,13
2021-11-30 00:00:00.000,2021,11,30,0,24003KT,15,13
2021-11-30 01:00:00.000,2021,11,30,1,23003KT,15,13
2021-11-30 02:00:00.000,2021,11,30,2,05003KT,14,13
2021-11-30 03:00:00.000,2021,11,30,3,11005KT,14,09
2021-11-30 04:00:00.000,2021,11,30,4,05003KT,13,09
2021-11-30 05:00:00.000,2021,11,30,5,05006KT,13,09
2021-11-30 06:00:00.000,2021,11,30,6,VRB02KT,12,09
2021-11-30 07:00:00.000,2021,11,30,7,04005KT,12,10
2021-11-30 08:00:00.000,2021,11,30,8,06004KT,12,10
2021-11-30 09:00:00.000,2021,11,30,9,04005KT,12,10
2021-11-30 10:00:00.000,2021,11,30,10,05005KT,12,10
2021-11-30 11:00:00.000,2021,11,30,11,03007KT,12,10
2021-11-30 12:00:00.000,2021,11,30,12,04003KT,13,11
2021-11-30 13:00:00.000,2021,11,30,13,07005KT,14,10
2021-11-30 14:00:00.000,2021,11,30,14,11006KT,16,10
2021-11-30 15:00:00.000,2021,11,30,15,07005KT,18,10
2021-11-30 16:00:00.000,2021,11,30,16,12006KT,18,09
2021-11-30 17:00:00.000,2021,11,30,17,14008KT,19,07
2021-11-30 18:00:00.000,2021,11,30,18,14008KT,19,08
2021-11-30 19:00:00.000,2021,11,30,19,11006KT,19,07
2021-11-30 20:00:00.000,2021,11,30,20,09007KT,19,07
2021-11-30 21:00:00.000,2021,11,30,21,35004KT,19,06
2021-11-30 22:00:00.000,2021,11,30,22,28006KT,17,11
2021-11-30 23:00:00.000,2021,11,30,23,34005KT,15,12
2021-12-01 00:00:00.000,2021,12,1,0,34003KT,13,12
2021-12-01 01:00:00.000,2021,12,1,1,VRB02KT,12,12
2021-12-01 02:00:00.000,2021,12,1,2,34003KT,12,11
2021-12-01 03:00:00.000,2021,12,1,3,020036KT,10,09
2021-12-01 04:00:00.000,2021,12,1,4,VRB02KT,10,08
2021-12-01 05:00:00.000,2021,12,1,5,06004KT,09,08
2021-12-01 06:00:00.000,2021,12,1,6,30003KT,08,07
2021-12-01 07:00:00.000,2021,12,1,7,VRB02KT,06,06
2021-12-01 08:00:00.000,2021,12,1,8,VRB02KT,06,06
2021-12-01 09:00:00.000,2021,12,1,9,VRB02KT,05,05
2021-12-01 10:00:00.000,2021,12,1,10,VRB02KT,05,04
2021-12-01 10:30:00.000,2021,12,1,10,VRB02KT,05,05
2021-12-01 11:00:00.000,2021,12,1,11,03004KT,05,05
2021-12-01 11:13:00.000,2021,12,1,11,VRB02KT,06,06
2021-12-01 11:33:00.000,2021,12,1,11,VRB02KT,07,06
2021-12-01 12:00:00.000,2021,12,1,12,VRB02KT,08,07
2021-12-01 13:00:00.000,2021,12,1,13,01003KT,12,11
2021-12-01 13:31:00.000,2021,12,1,13,02003KT,14,11
2021-12-01 14:00:00.000,2021,12,1,14,02004KT,15,09
2021-12-01 15:00:00.000,2021,12,1,15,35003KT,18,09
2021-12-01 16:00:00.000,2021,12,1,16,VRB04KT,20,06
2021-12-01 17:00:00.000,2021,12,1,17,VRB04KT,21,09
2021-12-01 18:00:00.000,2021,12,1,18,28014KT,20,11
2021-12-01 19:00:00.000,2021,12,1,19,29012KT,20,12
2021-12-01 20:00:00.000,2021,12,1,20,28013KT,17,13
2021-12-01 20:07:00.000,2021,12,1,20,30012KT,16,13
2021-12-01 21:00:00.000,2021,12,1,21,27009KT,15,12
2021-12-01 21:28:00.000,2021,12,1,21,24005KT,15,13
2021-12-01 22:00:00.000,2021,12,1,22,23006KT,15,13
2021-12-01 23:00:00.000,2021,12,1,23,24004KT,14,13
2021-12-02 00:00:00.000,2021,12,2,0,30005KT,14,12
2021-12-02 01:00:00.000,2021,12,2,1,31003KT,13,12
2021-12-02 02:00:00.000,2021,12,2,2,29004KT,13,12
2021-12-02 03:00:00.000,2021,12,2,3,28003KT,11,10
2021-12-02 04:00:00.000,2021,12,2,4,34003KT,10,09
2021-12-02 05:00:00.000,2021,12,2,5,VRB02KT,11,10
2021-12-02 06:00:00.000,2021,12,2,6,31004KT,08,08
2021-12-02 07:00:00.000,2021,12,2,7,VRB02KT,08,08
2021-12-02 07:20:00.000,2021,12,2,7,32005KT,08,08
2021-12-02 08:00:00.000,2021,12,2,8,33004KT,09,09
2021-12-02 09:00:00.000,2021,12,2,9,VRB02KT,09,09
2021-12-02 10:00:00.000,2021,12,2,10,VRB02KT,10,10
2021-12-02 10:30:00.000,2021,12,2,10,06003KT,10,10
2021-12-02 11:00:00.000,2021,12,2,11,06003KT,10,10
2021-12-02 12:00:00.000,2021,12,2,12,07004KT,11,10
2021-12-02 13:00:00.000,2021,12,2,13,36003KT,12,11
2021-12-02 14:00:00.000,2021,12,2,14,06005KT,15,12
2021-12-02 14:40:00.000,2021,12,2,14,07005KT,17,11
2021-12-02 15:00:00.000,2021,12,2,15,06006KT,18,10
2021-12-02 16:00:00.000,2021,12,2,16,06009KT,18,08
2021-12-02 17:00:00.000,2021,12,2,17,09008KT,19,07
2021-12-02 18:00:00.000,2021,12,2,18,09009KT,20,07
2021-12-02 19:00:00.000,2021,12,2,19,13013KT,20,07
2021-12-02 20:00:00.000,2021,12,2,20,13013KT,20,08
2021-12-02 21:00:00.000,2021,12,2,21,11008KT,19,08
2021-12-02 22:00:00.000,2021,12,2,22,11006KT,19,08
2021-12-02 23:00:00.000,2021,12,2,23,06008KT,17,09
2021-12-03 00:00:00.000,2021,12,3,0,09004KT,15,08
2021-12-03 01:00:00.000,2021,12,3,1,VRB02KT,14,08
2021-12-03 02:00:00.000,2021,12,3,2,01004KT,11,08
2021-12-03 03:00:00.000,2021,12,3,3,01003KT,11,09
2021-12-03 04:00:00.000,2021,12,3,4,VRB02KT,10,08
2021-12-03 05:00:00.000,2021,12,3,5,VRB02KT,09,08
2021-12-03 06:00:00.000,2021,12,3,6,VRB02KT,10,09
2021-12-03 07:00:00.000,2021,12,3,7,33004KT,09,08
2021-12-03 08:00:00.000,2021,12,3,8,VRB02KT,09,09
2021-12-03 09:00:00.000,2021,12,3,9,04004KT,11,10
2021-12-03 10:00:00.000,2021,12,3,10,03004KT,11,11
2021-12-03 10:30:00.000,2021,12,3,10,VRB02KT,11,11
2021-12-03 11:00:00.000,2021,12,3,11,32003KT,11,10
2021-12-03 12:00:00.000,2021,12,3,12,32003KT,11,11
2021-12-03 13:00:00.000,2021,12,3,13,03002KT,13,11
2021-12-03 14:00:00.000,2021,12,3,14,05003KT,16,10
2021-12-03 15:00:00.000,2021,12,3,15,02004KT,17,10
2021-12-03 16:00:00.000,2021,12,3,16,17006KT,19,08
2021-12-03 17:00:00.000,2021,12,3,17,17009KT,19,09
2021-12-03 18:00:00.000,2021,12,3,18,21006KT,20,08
2021-12-03 19:00:00.000,2021,12,3,19,22005KT,19,08
2021-12-03 19:25:00.000,2021,12,3,19,12003KT,19,08
2021-12-03 20:00:00.000,2021,12,3,20,24010KT,17,13
2021-12-03 21:00:00.000,2021,12,3,21,25007KT,18,12
2021-12-03 22:00:00.000,2021,12,3,22,22006KT,16,13
2021-12-03 23:00:00.000,2021,12,3,23,24005KT,15,13
2021-12-04 00:00:00.000,2021,12,4,0,34004KT,14,12
2021-12-04 01:00:00.000,2021,12,4,1,27003KT,14,13
2021-12-04 02:00:00.000,2021,12,4,2,VRB02KT,13,13
2021-12-04 03:00:00.000,2021,12,4,3,03004KT,13,12
2021-12-04 04:00:00.000,2021,12,4,4,04004KT,12,11
2021-12-04 05:00:00.000,2021,12,4,5,05003KT,11,10
2021-12-04 06:00:00.000,2021,12,4,6,01003KT,11,11
2021-12-04 07:00:00.000,2021,12,4,7,33003KT,11,10
2021-12-04 08:00:00.000,2021,12,4,8,04003KT,10,09
2021-12-04 09:00:00.000,2021,12,4,9,03004KT,10,09
2021-12-04 10:00:00.000,2021,12,4,10,03003KT,10,09
2021-12-04 10:30:00.000,2021,12,4,10,03003KT,1,10
2021-12-04 11:00:00.000,2021,12,4,11,VRB02KT,12,10
2021-12-04 11:15:00.000,2021,12,4,11,04004KT,12,09
2021-12-04 12:00:00.000,2021,12,4,12,02005KT,13,09
2021-12-04 13:00:00.000,2021,12,4,13,05006KT,14,11
2021-12-04 14:00:00.000,2021,12,4,14,07004KT,16,10
2021-12-04 14:35:00.000,2021,12,4,14,VRB04KT,18,09
2021-12-04 15:00:00.000,2021,12,4,15,16004KT,19,08
2021-12-04 16:00:00.000,2021,12,4,16,12006KT,19,08
2021-12-04 17:00:00.000,2021,12,4,17,18007KT,20,07
2021-12-04 18:00:00.000,2021,12,4,18,16011KT,21,09
2021-12-04 19:00:00.000,2021,12,4,19,14014KT,21,08
2021-12-04 20:00:00.000,2021,12,4,20,13007KT,20,07
2021-12-04 21:00:00.000,2021,12,4,21,08007KT,19,08
2021-12-04 22:00:00.000,2021,12,4,22,11008KT,18,08
2021-12-04 23:00:00.000,2021,12,4,23,22004KT,17,10
2021-12-05 00:00:00.000,2021,12,5,0,33003KT,15,09
2021-12-05 01:00:00.000,2021,12,5,1,34004KT,13,11
2021-12-05 02:00:00.000,2021,12,5,2,33003KT,12,09
2021-12-05 03:00:00.000,2021,12,5,3,01005KT,12,09
2021-12-05 04:00:00.000,2021,12,5,4,05006KT,11,09
2021-12-05 05:00:00.000,2021,12,5,5,03004KT,11,09
2021-12-05 06:00:00.000,2021,12,5,6,05004KT,11,10
2021-12-05 07:00:00.000,2021,12,5,7,VRB02KT,10,09
2021-12-05 08:00:00.000,2021,12,5,8,31003KT,09,09
2021-12-05 09:00:00.000,2021,12,5,9,VRB02KT,09,09
2021-12-05 10:00:00.000,2021,12,5,10,VRB02KT,09,09
2021-12-05 10:30:00.000,2021,12,5,10,03003KT,09,09
2021-12-05 11:00:00.000,2021,12,5,11,08008KT,09,09
2021-12-05 12:00:00.000,2021,12,5,12,06006KT,11,10
2021-12-05 13:00:00.000,2021,12,5,13,03006KT,14,11
2021-12-05 14:00:00.000,2021,12,5,14,32004KT,15,10
2021-12-05 15:00:00.000,2021,12,5,15,VRB05KT,19,09
2021-12-05 16:00:00.000,2021,12,5,16,06008KT,18,09
2021-12-05 17:00:00.000,2021,12,5,17,07007KT,19,08
2021-12-05 18:00:00.000,2021,12,5,18,07007KT,20,08
2021-12-05 19:00:00.000,2021,12,5,19,08006KT,20,08
2021-12-05 20:00:00.000,2021,12,5,20,13006KT,19,08
2021-12-05 21:00:00.000,2021,12,5,21,08006KT,20,08
2021-12-05 22:00:00.000,2021,12,5,22,06009KT,18,08
2021-12-05 23:00:00.000,2021,12,5,23,08005KT,17,08
2021-12-06 00:00:00.000,2021,12,6,0,27005KT,14,08
2021-12-06 01:00:00.000,2021,12,6,1,06004KT,13,08
2021-12-06 02:00:00.000,2021,12,6,2,VRB02KT,12,09
2021-12-06 03:00:00.000,2021,12,6,3,01004KT,10,08
2021-12-06 04:00:00.000,2021,12,6,4,35003KT,11,09
2021-12-06 05:00:00.000,2021,12,6,5,03004KT,10,09
2021-12-06 06:00:00.000,2021,12,6,6,05006KT,09,09
2021-12-06 07:00:00.000,2021,12,6,7,VRB02KT,11,10
2021-12-06 08:00:00.000,2021,12,6,8,36003KT,09,09
2021-12-06 09:00:00.000,2021,12,6,9,34003KT,09,09
2021-12-06 10:00:00.000,2021,12,6,10,35003KT,07,07
2021-12-06 10:30:00.000,2021,12,6,10,32003KT,07,07
2021-12-06 11:00:00.000,2021,12,6,11,32003KT,07,07
2021-12-06 12:00:00.000,2021,12,6,12,VRB02KT,11,10
2021-12-06 13:00:00.000,2021,12,6,13,04004KT,15,11
2021-12-06 14:00:00.000,2021,12,6,14,05007KT,17,10
2021-12-06 15:00:00.000,2021,12,6,15,12006G16KT,20,09
2021-12-06 16:00:00.000,2021,12,6,16,08007KT,20,09
2021-12-06 17:00:00.000,2021,12,6,17,VRB04KT,21,08
2021-12-06 18:00:00.000,2021,12,6,18,14007KT,21,08
2021-12-06 19:00:00.000,2021,12,6,19,25004KT,20,09
2021-12-06 20:00:00.000,2021,12,6,20,29015KT,18,13
2021-12-06 21:00:00.000,2021,12,6,21,27008KT,17,12
2021-12-06 22:00:00.000,2021,12,6,22,26008KT,17,12
2021-12-06 23:00:00.000,2021,12,6,23,25005KT,16,12
2021-12-07 00:00:00.000,2021,12,7,0,27006KT,15,13
2021-12-07 01:00:00.000,2021,12,7,1,VRB02KT,15,13
2021-12-07 02:00:00.000,2021,12,7,2,24005KT,15,13
2021-12-07 03:00:00.000,2021,12,7,3,VRB02KT,13,12
2021-12-07 04:00:00.000,2021,12,7,4,03004KT,13,12
2021-12-07 05:00:00.000,2021,12,7,5,07004KT,12,10
2021-12-07 06:00:00.000,2021,12,7,6,02004KT,10,10
2021-12-07 07:00:00.000,2021,12,7,7,VRB02KT,10,10
2021-12-07 08:00:00.000,2021,12,7,8,02004KT,10,09
2021-12-07 09:00:00.000,2021,12,7,9,05004KT,09,09
2021-12-07 10:00:00.000,2021,12,7,10,05005KT,09,08
2021-12-07 10:30:00.000,2021,12,7,10,03004KT,09,08
2021-12-07 11:00:00.000,2021,12,7,11,03005KT,10,09
2021-12-07 12:00:00.000,2021,12,7,12,07004KT,11,09
2021-12-07 13:00:00.000,2021,12,7,13,03006KT,14,10
2021-12-07 13:25:00.000,2021,12,7,13,15007KT,17,09
2021-12-07 14:00:00.000,2021,12,7,14,15008KT,17,08
2021-12-07 15:00:00.000,2021,12,7,15,13008KT,18,07
2021-12-07 16:00:00.000,2021,12,7,16,11008KT,19,07
2021-12-07 17:00:00.000,2021,12,7,17,13008KT,20,07
2021-12-07 18:00:00.000,2021,12,7,18,15010KT,20,05
2021-12-07 19:00:00.000,2021,12,7,19,09008KT,20,05
2021-12-07 20:00:00.000,2021,12,7,20,18006KT,20,05
2021-12-07 21:00:00.000,2021,12,7,21,22004KT,20,07
2021-12-07 22:00:00.000,2021,12,7,22,25009KT,18,08
2021-12-07 23:00:00.000,2021,12,7,23,30006KT,16,11
2021-12-08 00:00:00.000,2021,12,8,0,VRB02KT,13,12
2021-12-08 01:00:00.000,2021,12,8,1,VRB02KT,12,11
2021-12-08 02:00:00.000,2021,12,8,2,VRB02KT,11,10
2021-12-08 03:00:00.000,2021,12,8,3,VRB02KT,11,10
2021-12-08 04:00:00.000,2021,12,8,4,01003KT,10,10
2021-12-08 05:00:00.000,2021,12,8,5,06003KT,10,10
2021-12-08 06:00:00.000,2021,12,8,6,34004KT,08,08
2021-12-08 07:00:00.000,2021,12,8,7,31004KT,07,06
2021-12-08 08:00:00.000,2021,12,8,8,VRB02KT,08,07
2021-12-08 09:00:00.000,2021,12,8,9,VRB02KT,08,08
2021-12-08 10:00:00.000,2021,12,8,10,05006KT,10,09
2021-12-08 10:30:00.000,2021,12,8,10,07004KT,09,08
2021-12-08 11:00:00.000,2021,12,8,11,06004KT,08,08
2021-12-08 12:00:00.000,2021,12,8,12,05006KT,10,09
2021-12-08 13:00:00.000,2021,12,8,13,04005KT,12,10
2021-12-08 14:00:00.000,2021,12,8,14,05004KT,14,10
2021-12-08 14:24:00.000,2021,12,8,14,04004KT,16,10
2021-12-08 15:00:00.000,2021,12,8,15,02004KT,17,10
2021-12-08 16:00:00.000,2021,12,8,16,32003KT,19,08
2021-12-08 17:00:00.000,2021,12,8,17,04006KT,20,08
2021-12-08 18:00:00.000,2021,12,8,18,29008KT,20,10
2021-12-08 19:00:00.000,2021,12,8,19,26010KT,20,12
2021-12-08 20:00:00.000,2021,12,8,20,30009KT,17,13
2021-12-08 21:00:00.000,2021,12,8,21,27010KT,19,12
2021-12-08 22:00:00.000,2021,12,8,22,30007KT,17,11
2021-12-08 23:00:00.000,2021,12,8,23,31015KT,15,11
2021-12-09 00:00:00.000,2021,12,9,0,25006KT,15,11
2021-12-09 01:00:00.000,2021,12,9,1,28004KT,15,12
2021-12-09 02:00:00.000,2021,12,9,2,28003KT,15,12
2021-12-09 03:00:00.000,2021,12,9,3,00000KT,14,12
2021-12-09 04:00:00.000,2021,12,9,4,32003KT,14,13
2021-12-09 05:00:00.000,2021,12,9,5,03003KT,14,12
2021-12-09 06:00:00.000,2021,12,9,6,30003KT,14,13
2021-12-09 07:00:00.000,2021,12,9,7,32003KT,13,13
2021-12-09 08:00:00.000,2021,12,9,8,VRB02KT,13,12
2021-12-09 09:00:00.000,2021,12,9,9,VRB02KT,12,11
2021-12-09 10:00:00.000,2021,12,9,10,VRB02KT,13,12
2021-12-09 10:30:00.000,2021,12,9,10,00000KT,13,12
2021-12-09 11:00:00.000,2021,12,9,11,VRB02KT,13,12
2021-12-09 12:00:00.000,2021,12,9,12,VRB02KT,14,12
2021-12-09 13:00:00.000,2021,12,9,13,03005KT,15,13
2021-12-09 14:00:00.000,2021,12,9,14,03006KT,16,11
2021-12-09 15:00:00.000,2021,12,9,15,VRB03KT,19,10
2021-12-09 16:00:00.000,2021,12,9,16,36005KT,19,10
2021-12-09 17:00:00.000,2021,12,9,17,VRB03KT,20,09
2021-12-09 18:00:00.000,2021,12,9,18,04003KT,20,08
2021-12-09 19:00:00.000,2021,12,9,19,30005KT,22,09
2021-12-09 20:00:00.000,2021,12,9,20,23009KT,20,13
2021-12-09 21:00:00.000,2021,12,9,21,28011KT,18,12
2021-12-09 21:12:00.000,2021,12,9,21,28011KT,18,12
2021-12-09 22:00:00.000,2021,12,9,22,27009KT,17,12
2021-12-09 23:00:00.000,2021,12,9,23,27006KT,16,12
2021-12-10 00:00:00.000,2021,12,10,0,31003KT,15,12
2021-12-10 01:00:00.000,2021,12,10,1,31008KT,14,12
2021-12-10 02:00:00.000,2021,12,10,2,31007KT,14,12
2021-12-10 03:00:00.000,2021,12,10,3,29004KT,15,12
2021-12-10 04:00:00.000,2021,12,10,4,30005KT,15,12
2021-12-10 05:00:00.000,2021,12,10,5,00000KT,14,12
2021-12-10 06:00:00.000,2021,12,10,6,VRB02KT,14,12
2021-12-10 07:00:00.000,2021,12,10,7,28003KT,14,12
2021-12-10 08:00:00.000,2021,12,10,8,VRB02KT,13,13
2021-12-10 09:00:00.000,2021,12,10,9,36003KT,13,12
2021-12-10 10:00:00.000,2021,12,10,10,04005KT,12,11
2021-12-10 10:30:00.000,2021,12,10,10,33003KT,12,11
2021-12-10 11:00:00.000,2021,12,10,11,VRB02KT,12,11
2021-12-10 12:00:00.000,2021,12,10,12,01004KT,14,12
2021-12-10 13:00:00.000,2021,12,10,13,VRB02KT,16,11
2021-12-10 13:20:00.000,2021,12,10,13,VRB04KT,18,10
2021-12-10 14:00:00.000,2021,12,10,14,13007KT,18,09
2021-12-10 15:00:00.000,2021,12,10,15,15008KT,19,09
2021-12-10 16:00:00.000,2021,12,10,16,11007KT,20,08
2021-12-10 17:00:00.000,2021,12,10,17,15006KT,20,07
2021-12-10 18:00:00.000,2021,12,10,18,27008KT,19,13
2021-12-10 19:00:00.000,2021,12,10,19,25010KT,19,12
2021-12-10 19:25:00.000,2021,12,10,19,24011KT,19,11
2021-12-10 20:00:00.000,2021,12,10,20,29011KT,18,14
2021-12-10 20:15:00.000,2021,12,10,20,27013KT,18,13
2021-12-10 21:00:00.000,2021,12,10,21,27010KT,17,12
2021-12-10 22:00:00.000,2021,12,10,22,29007KT,16,13
2021-12-10 23:00:00.000,2021,12,10,23,25006KT,15,12
2021-12-11 00:00:00.000,2021,12,11,0,28005KT,15,12
2021-12-11 01:00:00.000,2021,12,11,1,22004KT,14,12
2021-12-11 02:00:00.000,2021,12,11,2,25003KT,14,12
2021-12-11 03:00:00.000,2021,12,11,3,VRB02KT,14,12
2021-12-11 04:00:00.000,2021,12,11,4,28004KT,14,12
2021-12-11 05:00:00.000,2021,12,11,5,VRB02KT,13,12
2021-12-11 06:00:00.000,2021,12,11,6,33003KT,13,13
2021-12-11 07:00:00.000,2021,12,11,7,33005KT,13,13
2021-12-11 08:00:00.000,2021,12,11,8,VRB02KT,13,12
2021-12-11 09:00:00.000,2021,12,11,9,00000KT,13,12
2021-12-11 10:00:00.000,2021,12,11,10,00000KT,13,12
2021-12-11 10:30:00.000,2021,12,11,10,VRB02KT,13,12
2021-12-11 11:00:00.000,2021,12,11,11,VRB02KT,12,12
2021-12-11 12:00:00.000,2021,12,11,12,VRB02KT,14,13
2021-12-11 13:00:00.000,2021,12,11,13,36003KT,15,13
2021-12-11 14:00:00.000,2021,12,11,14,34005KT,15,14
2021-12-11 15:00:00.000,2021,12,11,15,35007KT,16,13
2021-12-11 16:00:00.000,2021,12,11,16,29008KT,16,12
2021-12-11 17:00:00.000,2021,12,11,17,30007KT,17,12
2021-12-11 18:00:00.000,2021,12,11,18,31005KT,18,11
2021-12-11 19:00:00.000,2021,12,11,19,30006KT,20,11
2021-12-11 20:00:00.000,2021,12,11,20,25011KT,19,11
2021-12-11 21:00:00.000,2021,12,11,21,29009KT,17,11
2021-12-11 22:00:00.000,2021,12,11,22,30009KT,16,10
2021-12-11 23:00:00.000,2021,12,11,23,27006KT,15,11
2021-12-12 00:00:00.000,2021,12,12,0,31006KT,14,12
2021-12-12 01:00:00.000,2021,12,12,1,30007KT,14,12
2021-12-12 02:00:00.000,2021,12,12,2,30004KT,13,12
2021-12-12 03:00:00.000,2021,12,12,3,VRB02KT,13,12
2021-12-12 04:00:00.000,2021,12,12,4,28004KT,13,12
2021-12-12 05:00:00.000,2021,12,12,5,00000KT,12,11
2021-12-12 06:00:00.000,2021,12,12,6,VRB02KT,11,10
2021-12-12 07:00:00.000,2021,12,12,7,VRB02KT,10,09
2021-12-12 08:00:00.000,2021,12,12,8,VRB02KT,10,09
2021-12-12 09:00:00.000,2021,12,12,9,36003KT,09,08
2021-12-12 10:00:00.000,2021,12,12,10,03004KT,09,09
2021-12-12 10:30:00.000,2021,12,12,10,VRB02KT,09,09
2021-12-12 11:00:00.000,2021,12,12,11,02003KT,09,09
2021-12-12 12:00:00.000,2021,12,12,12,VRB02KT,11,10
2021-12-12 13:00:00.000,2021,12,12,13,32004KT,14,13
2021-12-12 14:00:00.000,2021,12,12,14,VRB02KT,16,11
2021-12-12 15:00:00.000,2021,12,12,15,32004KT,18,10
2021-12-12 16:00:00.000,2021,12,12,16,31007KT,18,11
2021-12-12 17:00:00.000,2021,12,12,17,35008KT,18,10
2021-12-12 18:00:00.000,2021,12,12,18,30012KT,19,10
2021-12-12 19:00:00.000,2021,12,12,19,34012KT,19,10
2021-12-12 20:00:00.000,2021,12,12,20,32012KT,19,10
2021-12-12 21:00:00.000,2021,12,12,21,32013KT,16,11
2021-12-12 22:00:00.000,2021,12,12,22,32013KT,15,11
2021-12-12 23:00:00.000,2021,12,12,23,32008KT,13,11
2021-12-13 00:00:00.000,2021,12,13,0,30007KT,13,11
2021-12-13 01:00:00.000,2021,12,13,1,2905KT,12,10
2021-12-13 01:10:00.000,2021,12,13,1,29005KT,12,10
2021-12-13 02:00:00.000,2021,12,13,2,30007KT,12,10
2021-12-13 03:00:00.000,2021,12,13,3,33004KT,10,08
2021-12-13 04:00:00.000,2021,12,13,4,VRB02KT,10,09
2021-12-13 05:00:00.000,2021,12,13,5,00000KT,10,09
2021-12-13 06:00:00.000,2021,12,13,6,VRB02KT,10,09
2021-12-13 07:00:00.000,2021,12,13,7,32003KT,10,08
2021-12-13 08:00:00.000,2021,12,13,8,VRB02KT,09,08
2021-12-13 09:00:00.000,2021,12,13,9,02003KT,09,09
2021-12-13 10:00:00.000,2021,12,13,10,33004KT,07,07
2021-12-13 10:30:00.000,2021,12,13,10,VRB02KT,07,06
2021-12-13 11:00:00.000,2021,12,13,11,VRB02KT,07,06
2021-12-13 12:00:00.000,2021,12,13,12,02004KT,10,09
2021-12-13 13:00:00.000,2021,12,13,13,05006KT,12,09
2021-12-13 13:25:00.000,2021,12,13,13,05004KT,14,09
2021-12-13 14:00:00.000,2021,12,13,14,02005KT,15,07
2021-12-13 15:00:00.000,2021,12,13,15,06005KT,17,08
2021-12-13 15:35:00.000,2021,12,13,15,VRB04KT,19,08
2021-12-13 16:00:00.000,2021,12,13,16,VRB03KT,19,08
2021-12-13 17:00:00.000,2021,12,13,17,VRB04KT,20,08
2021-12-13 18:00:00.000,2021,12,13,18,23010KT,18,12
2021-12-13 19:00:00.000,2021,12,13,19,28012KT,18,12
2021-12-13 20:00:00.000,2021,12,13,20,27011KT,17,11
2021-12-13 21:00:00.000,2021,12,13,21,29010KT,16,11
2021-12-13 22:00:00.000,2021,12,13,22,28010KT,15,11
2021-12-13 23:00:00.000,2021,12,13,23,27007KT,14,11
2021-12-14 00:00:00.000,2021,12,14,0,29007KT,14,11
2021-12-14 01:00:00.000,2021,12,14,1,VRB02KT,14,11
2021-12-14 02:00:00.000,2021,12,14,2,29003KT,14,11
2021-12-14 03:00:00.000,2021,12,14,3,32003KT,13,11
2021-12-14 04:00:00.000,2021,12,14,4,VRB02KT,12,10
2021-12-14 05:00:00.000,2021,12,14,5,VRB02KT,11,09
2021-12-14 06:00:00.000,2021,12,14,6,00000KT,09,08
2021-12-14 07:00:00.000,2021,12,14,7,01003KT,09,09
2021-12-14 08:00:00.000,2021,12,14,8,04005KT,08,07
2021-12-14 09:00:00.000,2021,12,14,9,05004KT,08,08
2021-12-14 10:00:00.000,2021,12,14,10,02003KT,06,06
2021-12-14 10:30:00.000,2021,12,14,10,00000KT,06,06
2021-12-14 11:00:00.000,2021,12,14,11,00000KT,06,06
2021-12-14 12:00:00.000,2021,12,14,12,08003KT,12,08
2021-12-14 13:00:00.000,2021,12,14,13,03006KT,13,09
2021-12-14 14:00:00.000,2021,12,14,14,04004KT,16,09
2021-12-14 14:32:00.000,2021,12,14,14,VRB02KT,18,08
2021-12-14 15:00:00.000,2021,12,14,15,VRB02KT,18,08
2021-12-14 16:00:00.000,2021,12,14,16,02005KT,20,09
2021-12-14 17:00:00.000,2021,12,14,17,11007KT,23,06
2021-12-14 17:08:00.000,2021,12,14,17,11007KT,21,03
2021-12-14 18:00:00.000,2021,12,14,18,23010KT,20,12
2021-12-14 19:00:00.000,2021,12,14,19,28013KT,20,12
2021-12-14 20:00:00.000,2021,12,14,20,27013KT,19,11
2021-12-14 21:00:00.000,2021,12,14,21,27011KT,17,11
2021-12-14 22:00:00.000,2021,12,14,22,28008KT,16,11
2021-12-14 23:00:00.000,2021,12,14,23,30006KT,15,11
2021-12-15 00:00:00.000,2021,12,15,0,31007KT,14,10
2021-12-15 01:00:00.000,2021,12,15,1,VRB05KT,14,10
2021-12-15 02:00:00.000,2021,12,15,2,31003KT,13,11
2021-12-15 03:00:00.000,2021,12,15,3,30004KT,14,12
2021-12-15 04:00:00.000,2021,12,15,4,30003KT,13,11
2021-12-15 05:00:00.000,2021,12,15,5,22003KT,12,12
2021-12-15 06:00:00.000,2021,12,15,6,32003KT,11,10
2021-12-15 07:00:00.000,2021,12,15,7,VRB02KT,09,08
2021-12-15 08:00:00.000,2021,12,15,8,VRB02KT,08,08
2021-12-15 09:00:00.000,2021,12,15,9,VRB02KT,07,07
2021-12-15 10:00:00.000,2021,12,15,10,34004KT,07,07
2021-12-15 10:30:00.000,2021,12,15,10,VRB02KT,07,06
2021-12-15 11:00:00.000,2021,12,15,11,VRB02KT,07,06
2021-12-15 11:27:00.000,2021,12,15,11,VRB02KT,08,08
2021-12-15 12:00:00.000,2021,12,15,12,VRB02KT,10,09
2021-12-15 12:27:00.000,2021,12,15,12,VRB02KT,10,09
2021-12-15 13:00:00.000,2021,12,15,13,03003KT,11,10
2021-12-15 13:30:00.000,2021,12,15,13,VRB02KT,13,12
2021-12-15 14:00:00.000,2021,12,15,14,06004KT,15,13
2021-12-15 15:00:00.000,2021,12,15,15,04003KT,17,09
2021-12-15 16:00:00.000,2021,12,15,16,05006KT,19,10
2021-12-15 17:00:00.000,2021,12,15,17,06009KT,20,09
2021-12-15 18:00:00.000,2021,12,15,18,09008KT,20,09
2021-12-15 19:00:00.000,2021,12,15,19,27007KT,19,12
2021-12-15 20:00:00.000,2021,12,15,20,15004KT,18,12
2021-12-15 21:00:00.000,2021,12,15,21,26008KT,17,13
2021-12-15 22:00:00.000,2021,12,15,22,29006KT,17,13
2021-12-15 23:00:00.000,2021,12,15,23,24005KT,16,12
2021-12-16 00:00:00.000,2021,12,16,0,24006KT,15,12
2021-12-16 01:00:00.000,2021,12,16,1,23003KT,14,12
2021-12-16 02:00:00.000,2021,12,16,2,27003KT,14,12
2021-12-16 03:00:00.000,2021,12,16,3,31004KT,13,12
2021-12-16 04:00:00.000,2021,12,16,4,VRB02KT,13,11
2021-12-16 05:00:00.000,2021,12,16,5,VRB02KT,12,11
2021-12-16 06:00:00.000,2021,12,16,6,00000KT,11,10
2021-12-16 07:00:00.000,2021,12,16,7,34003KT,11,10
2021-12-16 08:00:00.000,2021,12,16,8,VRB02KT,12,11
2021-12-16 09:00:00.000,2021,12,16,9,VRB02KT,12,10
2021-12-16 10:00:00.000,2021,12,16,10,03003KT,11,09
2021-12-16 10:30:00.000,2021,12,16,10,VRB02KT,11,10
2021-12-16 11:00:00.000,2021,12,16,11,03003KT,11,10
2021-12-16 12:00:00.000,2021,12,16,12,03004KT,13,12
2021-12-16 13:00:00.000,2021,12,16,13,03007KT,14,11
2021-12-16 14:00:00.000,2021,12,16,14,07006KT,15,09
2021-12-16 15:00:00.000,2021,12,16,15,10006KT,18,10
2021-12-16 16:00:00.000,2021,12,16,16,13007KT,19,08
2021-12-16 17:00:00.000,2021,12,16,17,04006KT,20,08
2021-12-16 18:00:00.000,2021,12,16,18,16010KT,21,08
2021-12-16 19:00:00.000,2021,12,16,19,13008KT,21,08
2021-12-16 20:00:00.000,2021,12,16,20,15010KT,21,07
2021-12-16 21:00:00.000,2021,12,16,21,08006KT,20,08
2021-12-16 22:00:00.000,2021,12,16,22,29008KT,18,13
2021-12-16 23:00:00.000,2021,12,16,23,30006KT,16,12
2021-12-17 00:00:00.000,2021,12,17,0,26005KT,14,12
2021-12-17 01:00:00.000,2021,12,17,1,VRB03KT,15,13
2021-12-17 02:00:00.000,2021,12,17,2,VRB02KT,14,13
2021-12-17 03:00:00.000,2021,12,17,3,36003KT,13,13
2021-12-17 04:00:00.000,2021,12,17,4,24003KT,14,13
2021-12-17 05:00:00.000,2021,12,17,5,35004KT,12,12
2021-12-17 06:00:00.000,2021,12,17,6,06004KT,12,11
2021-12-17 07:00:00.000,2021,12,17,7,03004KT,12,11
2021-12-17 08:00:00.000,2021,12,17,8,VRB02KT,12,10
2021-12-17 09:00:00.000,2021,12,17,9,VRB02KT,11,10
2021-12-17 10:00:00.000,2021,12,17,10,VRB02KT,10,09
2021-12-17 10:30:00.000,2021,12,17,10,02003KT,10,10
2021-12-17 11:00:00.000,2021,12,17,11,VRB02KT,11,10
2021-12-17 12:00:00.000,2021,12,17,12,VRB02KT,12,11
2021-12-17 13:00:00.000,2021,12,17,13,03006KT,14,11
2021-12-17 13:34:00.000,2021,12,17,13,04007KT,16,10
2021-12-17 14:00:00.000,2021,12,17,14,04006KT,17,09
2021-12-17 15:00:00.000,2021,12,17,15,04007KT,18,09
2021-12-17 16:00:00.000,2021,12,17,16,06006KT,19,08
2021-12-17 17:00:00.000,2021,12,17,17,36006KT,19,08
2021-12-17 18:00:00.000,2021,12,17,18,36006KT,20,08
2021-12-17 19:00:00.000,2021,12,17,19,24007KT,22,09
2021-12-17 20:00:00.000,2021,12,17,20,23010KT,19,12
2021-12-17 21:00:00.000,2021,12,17,21,27012KT,19,13
2021-12-17 22:00:00.000,2021,12,17,22,30010KT,17,12
2021-12-17 23:00:00.000,2021,12,17,23,28007KT,16,12
2021-12-18 00:00:00.000,2021,12,18,0,33005KT,15,14
2021-12-18 01:00:00.000,2021,12,18,1,26003KT,15,13
2021-12-18 02:00:00.000,2021,12,18,2,05005KT,14,14
2021-12-18 03:00:00.000,2021,12,18,3,33004KT,14,13
2021-12-18 04:00:00.000,2021,12,18,4,36004KT,15,14
2021-12-18 05:00:00.000,2021,12,18,5,36004KT,13,11
2021-12-18 06:00:00.000,2021,12,18,6,03006KT,12,12
2021-12-18 07:00:00.000,2021,12,18,7,04005KT,12,11
2021-12-18 08:00:00.000,2021,12,18,8,03005KT,12,11
2021-12-18 09:00:00.000,2021,12,18,9,04006KT,12,11
2021-12-18 10:00:00.000,2021,12,18,10,VRB02KT,12,11
2021-12-18 10:30:00.000,2021,12,18,10,02005KT,11,10
2021-12-18 11:00:00.000,2021,12,18,11,05006KT,11,10
2021-12-18 12:00:00.000,2021,12,18,12,06005KT,12,11
2021-12-18 13:00:00.000,2021,12,18,13,05007KT,16,12
2021-12-18 14:00:00.000,2021,12,18,14,04009KT,16,11
2021-12-18 15:00:00.000,2021,12,18,15,03007KT,16,11
2021-12-18 16:00:00.000,2021,12,18,16,02005KT,17,11
2021-12-18 17:00:00.000,2021,12,18,17,04006KT,17,11
2021-12-18 18:00:00.000,2021,12,18,18,05006KT,18,10
2021-12-18 18:33:00.000,2021,12,18,18,06010KT,15,11
2021-12-18 19:00:00.000,2021,12,18,19,01004KT,15,11
2021-12-18 20:00:00.000,2021,12,18,20,33006KT,18,11
2021-12-18 21:00:00.000,2021,12,18,21,31010KT,17,13
2021-12-18 22:00:00.000,2021,12,18,22,28006KT,17,12
2021-12-18 23:00:00.000,2021,12,18,23,28004KT,16,13
2021-12-19 00:00:00.000,2021,12,19,0,31004KT,15,12
2021-12-19 01:00:00.000,2021,12,19,1,VRB02KT,13,12
2021-12-19 02:00:00.000,2021,12,19,2,04004KT,13,12
2021-12-19 03:00:00.000,2021,12,19,3,VRB02KT,12,10
2021-12-19 04:00:00.000,2021,12,19,4,VRB02KT,12,11
2021-12-19 05:00:00.000,2021,12,19,5,35003KT,12,11
2021-12-19 06:00:00.000,2021,12,19,6,33004KT,11,10
2021-12-19 07:00:00.000,2021,12,19,7,08004KT,11,11
2021-12-19 08:00:00.000,2021,12,19,8,VRB02KT,11,10
2021-12-19 09:00:00.000,2021,12,19,9,VRB02KT,11,10
2021-12-19 10:00:00.000,2021,12,19,10,VRB02KT,11,11
2021-12-19 10:30:00.000,2021,12,19,10,03004KT,12,10
2021-12-19 11:00:00.000,2021,12,19,11,06004KT,11,10
2021-12-19 12:00:00.000,2021,12,19,12,03003KT,11,10
2021-12-19 13:00:00.000,2021,12,19,13,36004KT,14,12
2021-12-19 14:00:00.000,2021,12,19,14,32003KT,16,12
2021-12-19 15:00:00.000,2021,12,19,15,04003KT,18,10
2021-12-19 16:00:00.000,2021,12,19,16,VRB03KT,20,10
2021-12-19 17:00:00.000,2021,12,19,17,27010KT,21,11
2021-12-19 18:00:00.000,2021,12,19,18,31012KT,20,12
2021-12-19 19:00:00.000,2021,12,19,19,29012KT,19,12
2021-12-19 20:00:00.000,2021,12,19,20,27014KT,19,12
2021-12-19 21:00:00.000,2021,12,19,21,26010KT,19,11
2021-12-19 22:00:00.000,2021,12,19,22,26010KT,17,11
2021-12-19 23:00:00.000,2021,12,19,23,31010KT,15,12
2021-12-20 00:00:00.000,2021,12,20,0,31006KT,14,13
2021-12-20 01:00:00.000,2021,12,20,1,29007KT,14,12
2021-12-20 02:00:00.000,2021,12,20,2,27005KT,14,12
2021-12-20 03:00:00.000,2021,12,20,3,25005KT,14,12
2021-12-20 04:00:00.000,2021,12,20,4,VRB02KT,12,12
2021-12-20 05:00:00.000,2021,12,20,5,00000KT,10,10
2021-12-20 06:00:00.000,2021,12,20,6,VRB02KT,10,09
2021-12-20 07:00:00.000,2021,12,20,7,33003KT,10,09
2021-12-20 08:00:00.000,2021,12,20,8,VRB02KT,09,09
2021-12-20 09:00:00.000,2021,12,20,9,28003KT,09,09
2021-12-20 10:00:00.000,2021,12,20,10,32005KT,08,08
2021-12-20 10:30:00.000,2021,12,20,10,VRB02KT,08,08
2021-12-20 11:00:00.000,2021,12,20,11,VRB02KT,08,07
2021-12-20 12:00:00.000,2021,12,20,12,36004KT,11,09
2021-12-20 13:00:00.000,2021,12,20,13,06003KT,15,11
2021-12-20 14:00:00.000,2021,12,20,14,02004KT,17,11
2021-12-20 15:00:00.000,2021,12,20,15,04005KT,19,09
2021-12-20 16:00:00.000,2021,12,20,16,31004KT,20,08
2021-12-20 17:00:00.000,2021,12,20,17,VRB04KT,22,08
2021-12-20 18:00:00.000,2021,12,20,18,VRB06KT,20,10
2021-12-20 19:00:00.000,2021,12,20,19,27010KT,18,12
2021-12-20 20:00:00.000,2021,12,20,20,28012KT,19,13
2021-12-20 21:00:00.000,2021,12,20,21,26011KT,18,12
2021-12-20 22:00:00.000,2021,12,20,22,27010KT,17,12
2021-12-20 23:00:00.000,2021,12,20,23,32007KT,15,13
2021-12-21 00:00:00.000,2021,12,21,0,31004KT,14,13
2021-12-21 01:00:00.000,2021,12,21,1,31006KT,14,12
2021-12-21 02:00:00.000,2021,12,21,2,29004KT,14,12
2021-12-21 03:00:00.000,2021,12,21,3,25004KT,14,12
2021-12-21 04:00:00.000,2021,12,21,4,26003KT,15,12
2021-12-21 05:00:00.000,2021,12,21,5,30004KT,14,12
2021-12-21 06:00:00.000,2021,12,21,6,32003KT,13,12
2021-12-21 07:00:00.000,2021,12,21,7,VRB02KT,13,12
2021-12-21 08:00:00.000,2021,12,21,8,31005KT,12,11
2021-12-21 09:00:00.000,2021,12,21,9,VRB02KT,11,10
2021-12-21 10:00:00.000,2021,12,21,10,VRB02KT,10,09
2021-12-21 10:30:00.000,2021,12,21,10,VRB02KT,09,09
2021-12-21 11:00:00.000,2021,12,21,11,31002KT,9,9
2021-12-21 12:00:00.000,2021,12,21,12,VRB02KT,11,11
2021-12-21 12:40:00.000,2021,12,21,12,34004KT,13,12
2021-12-21 13:00:00.000,2021,12,21,13,VRB02KT,14,13
2021-12-21 14:00:00.000,2021,12,21,14,21003KT,16,11
2021-12-21 14:30:00.000,2021,12,21,14,31003KT,19,10
2021-12-21 15:00:00.000,2021,12,21,15,01004KT,18,10
2021-12-21 16:00:00.000,2021,12,21,16,01003KT,20,09
2021-12-21 17:00:00.000,2021,12,21,17,30003KT,22,09
2021-12-21 18:00:00.000,2021,12,21,18,29015KT,19,12
2021-12-21 19:00:00.000,2021,12,21,19,26014KT,19,12
2021-12-21 20:00:00.000,2021,12,21,20,26012KT,20,12
2021-12-21 21:00:00.000,2021,12,21,21,30012KT,19,12
2021-12-21 22:00:00.000,2021,12,21,22,30010KT,17,12
2021-12-21 23:00:00.000,2021,12,21,23,31008KT,15,12
2021-12-22 00:00:00.000,2021,12,22,0,32007KT,15,12
2021-12-22 01:00:00.000,2021,12,22,1,30005KT,14,13
2021-12-22 02:00:00.000,2021,12,22,2,30005KT,14,13
2021-12-22 03:00:00.000,2021,12,22,3,29005KT,14,13
2021-12-22 04:00:00.000,2021,12,22,4,33004KT,14,11
2021-12-22 05:00:00.000,2021,12,22,5,34005KT,14,12
2021-12-22 06:00:00.000,2021,12,22,6,29004KT,14,12
2021-12-22 07:00:00.000,2021,12,22,7,32004KT,13,12
2021-12-22 08:00:00.000,2021,12,22,8,30004KT,13,12
2021-12-22 09:00:00.000,2021,12,22,9,VRB02KT,13,12
2021-12-22 10:00:00.000,2021,12,22,10,VRB02KT,13,12
2021-12-22 10:30:00.000,2021,12,22,10,02004KT,12,11
2021-12-22 11:00:00.000,2021,12,22,11,VRB02KT,12,11
2021-12-22 12:00:00.000,2021,12,22,12,VRB02KT,11,10
2021-12-22 13:00:00.000,2021,12,22,13,36003KT,14,12
2021-12-22 14:00:00.000,2021,12,22,14,32005KT,16,12
2021-12-22 15:00:00.000,2021,12,22,15,30007KT,18,11
2021-12-22 16:00:00.000,2021,12,22,16,33008KT,19,11
2021-12-22 17:00:00.000,2021,12,22,17,33005KT,20,10
2021-12-22 18:00:00.000,2021,12,22,18,29007KT,21,10
2021-12-22 19:00:00.000,2021,12,22,19,32013KT,21,12
2021-12-22 20:00:00.000,2021,12,22,20,32015KT,18,12
2021-12-22 21:00:00.000,2021,12,22,21,29011KT,18,12
2021-12-22 22:00:00.000,2021,12,22,22,33008KT,16,12
2021-12-22 23:00:00.000,2021,12,22,23,30005KT,15,11
2021-12-23 00:00:00.000,2021,12,23,0,33006KT,14,12
2021-12-23 01:00:00.000,2021,12,23,1,30008KT,14,13
2021-12-23 02:00:00.000,2021,12,23,2,32004KT,13,12
2021-12-23 03:00:00.000,2021,12,23,3,31005KT,13,13
2021-12-23 04:00:00.000,2021,12,23,4,32006KT,13,12
2021-12-23 05:00:00.000,2021,12,23,5,VRB02KT,13,12
2021-12-23 06:00:00.000,2021,12,23,6,36005KT,13,13
2021-12-23 07:00:00.000,2021,12,23,7,VRB02KT,13,13
2021-12-23 08:00:00.000,2021,12,23,8,35004KT,13,12
2021-12-23 09:00:00.000,2021,12,23,9,VRB02KT,13,12
2021-12-23 10:00:00.000,2021,12,23,10,VRB02KT,13,12
2021-12-23 10:30:00.000,2021,12,23,10,VRB02KT,13,12
2021-12-23 11:00:00.000,2021,12,23,11,VRB02KT,13,12
2021-12-23 12:00:00.000,2021,12,23,12,VRB02KT,13,12
2021-12-23 13:00:00.000,2021,12,23,13,VRB02KT,16,13
2021-12-23 14:00:00.000,2021,12,23,14,05006KT,18,11
2021-12-23 15:00:00.000,2021,12,23,15,10004KT,19,10
2021-12-23 16:00:00.000,2021,12,23,16,04005KT,19,09
2021-12-23 17:00:00.000,2021,12,23,17,32012K,18,12
2021-12-23 18:00:00.000,2021,12,23,18,26011KT,19,13
2021-12-23 19:00:00.000,2021,12,23,19,27013KT,19,12
2021-12-23 20:00:00.000,2021,12,23,20,27010KT,18,12
2021-12-23 21:00:00.000,2021,12,23,21,28010KT,19,11
2021-12-23 22:00:00.000,2021,12,23,22,28010KT,17,12
2021-12-23 23:00:00.000,2021,12,23,23,27006KT,16,12
2021-12-24 00:00:00.000,2021,12,24,0,VRB05G17KT,15,13
2021-12-24 01:00:00.000,2021,12,24,1,28003KT,15,13
2021-12-24 02:00:00.000,2021,12,24,2,VRB02KT,14,13
2021-12-24 03:00:00.000,2021,12,24,3,29004KT,14,14
2021-12-24 04:00:00.000,2021,12,24,4,29004KT,14,13
2021-12-24 05:00:00.000,2021,12,24,5,33004KT,12,12
2021-12-24 06:00:00.000,2021,12,24,6,32004KT,13,13
2021-12-24 07:00:00.000,2021,12,24,7,32003KT,13,12
2021-12-24 08:00:00.000,2021,12,24,8,VRB02KT,13,13
2021-12-24 09:00:00.000,2021,12,24,9,35003KT,13,13
2021-12-24 10:00:00.000,2021,12,24,10,VRB02KT,13,12
2021-12-24 10:30:00.000,2021,12,24,10,VRB02KT,13,12
2021-12-24 11:00:00.000,2021,12,24,11,06003KT,12,11
2021-12-24 12:00:00.000,2021,12,24,12,32003KT,12,11
2021-12-24 12:25:00.000,2021,12,24,12,01003KT,12,11
2021-12-24 13:00:00.000,2021,12,24,13,07006KT,12,11
2021-12-24 13:30:00.000,2021,12,24,13,06005KT,14,13
2021-12-24 14:00:00.000,2021,12,24,14,03006KT,16,10
2021-12-24 15:00:00.000,2021,12,24,15,10006KT,18,10
2021-12-24 16:00:00.000,2021,12,24,16,04008KT,19,10
2021-12-24 17:00:00.000,2021,12,24,17,27005KT,20,10
2021-12-24 18:00:00.000,2021,12,24,18,26006KT,21,12
2021-12-24 19:00:00.000,2021,12,24,19,29013KT,21,12
2021-12-24 20:00:00.000,2021,12,24,20,26016KT,19,13
2021-12-24 21:00:00.000,2021,12,24,21,28012KT,17,13
2021-12-24 22:00:00.000,2021,12,24,22,27010KT,16,13
2021-12-24 23:00:00.000,2021,12,24,23,24006KT,16,13
2021-12-25 00:00:00.000,2021,12,25,0,27005KT,15,12
2021-12-25 01:00:00.000,2021,12,25,1,27003KT,15,12
2021-12-25 02:00:00.000,2021,12,25,2,30005KT,15,12
2021-12-25 03:00:00.000,2021,12,25,3,31003KT,15,12
2021-12-25 04:00:00.000,2021,12,25,4,32004KT,14,13
2021-12-25 05:00:00.000,2021,12,25,5,30007KT,14,13
2021-12-25 06:00:00.000,2021,12,25,6,29004KT,14,13
2021-12-25 07:00:00.000,2021,12,25,7,31006KT,13,13
2021-12-25 08:00:00.000,2021,12,25,8,VRB02KT,13,13
2021-12-25 09:00:00.000,2021,12,25,9,VRB02KT,13,12
2021-12-25 10:00:00.000,2021,12,25,10,VRB02KT,13,12
2021-12-25 11:00:00.000,2021,12,25,11,VRB02KT,12,12
2021-12-25 12:00:00.000,2021,12,25,12,08004KT,13,12
2021-12-25 13:00:00.000,2021,12,25,13,08006KT,15,13
2021-12-25 14:00:00.000,2021,12,25,14,03006KT,17,11
2021-12-25 15:00:00.000,2021,12,25,15,03005KT,18,10
2021-12-25 16:00:00.000,2021,12,25,16,36004KT,18,10
2021-12-25 17:00:00.000,2021,12,25,17,06006KT,18,09
2021-12-25 18:00:00.000,2021,12,25,18,30005KT,19,08
2021-12-25 19:00:00.000,2021,12,25,19,18005KT,22,10
2021-12-25 20:00:00.000,2021,12,25,20,08006KT,21,08
2021-12-25 21:00:00.000,2021,12,25,21,19005KT,21,07
2021-12-25 22:00:00.000,2021,12,25,22,26009KT,18,12
2021-12-25 23:00:00.000,2021,12,25,23,25009KT,16,12
2021-12-26 00:00:00.000,2021,12,26,0,27005KT,15,13
2021-12-26 01:00:00.000,2021,12,26,1,VRB02KT,14,13
2021-12-26 02:00:00.000,2021,12,26,2,03003KT,14,14
2021-12-26 03:00:00.000,2021,12,26,3,08006KT,15,10
2021-12-26 04:00:00.000,2021,12,26,4,09004KT,15,06
2021-12-26 05:00:00.000,2021,12,26,5,06005KT,14,06
2021-12-26 06:00:00.000,2021,12,26,6,06007KT,12,07
2021-12-26 07:00:00.000,2021,12,26,7,07004KT,12,07
2021-12-26 08:00:00.000,2021,12,26,8,32005KT,11,06
2021-12-26 09:00:00.000,2021,12,26,9,01003KT,10,06
2021-12-26 10:00:00.000,2021,12,26,10,04003KT,09,05
2021-12-26 10:30:00.000,2021,12,26,10,06008KT,09,04
2021-12-26 11:00:00.000,2021,12,26,11,06005KT,09,04
2021-12-26 12:40:00.000,2021,12,26,12,VRB02KT,13,04
2021-12-26 13:00:00.000,2021,12,26,13,06005KT,14,04
2021-12-26 14:00:00.000,2021,12,26,14,05006KT,17,05
2021-12-26 15:00:00.000,2021,12,26,15,28003KT,18,05
2021-12-26 16:00:00.000,2021,12,26,16,05004KT,20,05
2021-12-26 17:00:00.000,2021,12,26,17,15004KT,21,06
2021-12-26 18:00:00.000,2021,12,26,18,27012KT,21,11
2021-12-26 19:00:00.000,2021,12,26,19,23012KT,21,10
2021-12-26 20:00:00.000,2021,12,26,20,24011KT,19,11
2021-12-26 21:00:00.000,2021,12,26,21,28012KT,18,12
2021-12-26 22:00:00.000,2021,12,26,22,27010KT,17,12
2021-12-26 22:20:00.000,2021,12,26,22,26006KT,17,12
2021-12-26 23:00:00.000,2021,12,26,23,09004KT,13,10
2021-12-27 00:00:00.000,2021,12,27,0,VRB02KT,12,11
2021-12-27 01:00:00.000,2021,12,27,1,VRB02KT,13,12
2021-12-27 02:00:00.000,2021,12,27,2,VRB02KT,13,12
2021-12-27 03:00:00.000,2021,12,27,3,VRB02KT,13,12
2021-12-27 04:00:00.000,2021,12,27,4,00000KT,13,12
2021-12-27 05:00:00.000,2021,12,27,5,06004KT,13,12
2021-12-27 06:00:00.000,2021,12,27,6,02004KT,13,12
2021-12-27 07:00:00.000,2021,12,27,7,04004KT,13,12
2021-12-27 08:00:00.000,2021,12,27,8,VRB02KT,12,11
2021-12-27 09:00:00.000,2021,12,27,9,04004KT,12,11
2021-12-27 10:00:00.000,2021,12,27,10,VRB02KT,11,10
2021-12-27 10:30:00.000,2021,12,27,10,05005KT,11,11
2021-12-27 11:00:00.000,2021,12,27,11,04004KT,12,11
2021-12-27 12:00:00.000,2021,12,27,12,03004KT,12,11
2021-12-27 13:00:00.000,2021,12,27,13,03004KT,14,11
2021-12-27 14:00:00.000,2021,12,27,14,03003KT,16,11
2021-12-27 15:00:00.000,2021,12,27,15,35003KT,18,09
2021-12-27 16:00:00.000,2021,12,27,16,34006KT,19,09
2021-12-27 17:00:00.000,2021,12,27,17,29009KT,19,10
2021-12-27 18:00:00.000,2021,12,27,18,26009KT,20,12
2021-12-27 18:32:00.000,2021,12,27,18,26012KT,18,12
2021-12-27 19:00:00.000,2021,12,27,19,27015KT,14,13
2021-12-27 19:30:00.000,2021,12,27,19,26012KT,14,14
2021-12-27 20:00:00.000,2021,12,27,20,26010KT,14,14
2021-12-27 21:00:00.000,2021,12,27,21,21005KT,15,11
2021-12-27 22:00:00.000,2021,12,27,22,25005KT,15,12
2021-12-27 23:00:00.000,2021,12,27,23,VRB02KT,14,12
2021-12-28 00:00:00.000,2021,12,28,0,35003KT,14,13
2021-12-28 01:00:00.000,2021,12,28,1,00000KT,13,12
2021-12-28 02:00:00.000,2021,12,28,2,04005KT,13,12
2021-12-28 03:00:00.000,2021,12,28,3,02003KT,13,12
2021-12-28 04:00:00.000,2021,12,28,4,27004KT,13,12
2021-12-28 05:00:00.000,2021,12,28,5,00000KT,12,11
2021-12-28 06:00:00.000,2021,12,28,6,VRB02KT,12,11
2021-12-28 07:00:00.000,2021,12,28,7,VRB02KT,12,11
2021-12-28 08:00:00.000,2021,12,28,8,VRB02KT,11,10
2021-12-28 09:00:00.000,2021,12,28,9,VRB02KT,11,10
2021-12-28 10:00:00.000,2021,12,28,10,31004KT,11,10
2021-12-28 10:30:00.000,2021,12,28,10,00000KT,11,11
2021-12-28 11:00:00.000,2021,12,28,11,VRB02KT,11,11
2021-12-28 12:00:00.000,2021,12,28,12,VRB02KT,11,10
2021-12-28 13:00:00.000,2021,12,28,13,34005KT,13,12
2021-12-28 14:00:00.000,2021,12,28,14,02005KT,16,12
2021-12-28 15:00:00.000,2021,12,28,15,02007KT,18,11
2021-12-28 16:00:00.000,2021,12,28,16,03005KT,18,11
2021-12-28 17:00:00.000,2021,12,28,17,04005KT,19,10
2021-12-28 18:00:00.000,2021,12,28,18,27006KT,19,08
2021-12-28 19:00:00.000,2021,12,28,19,31008KT,20,11
2021-12-28 20:00:00.000,2021,12,28,20,28011KT,18,12
2021-12-28 20:30:00.000,2021,12,28,20,2606KT,17,12
2021-12-28 21:00:00.000,2021,12,28,21,19008KT,17,12
2021-12-28 21:20:00.000,2021,12,28,21,27008KT,15,12
2021-12-28 22:00:00.000,2021,12,28,22,28006KT,15,12
2021-12-28 23:00:00.000,2021,12,28,23,VRB02KT,15,13
2021-12-29 00:00:00.000,2021,12,29,0,VRB02KT,13,13
2021-12-29 01:00:00.000,2021,12,29,1,VRB02KT,13,13
2021-12-29 02:00:00.000,2021,12,29,2,VRB02KT,13,12
2021-12-29 03:00:00.000,2021,12,29,3,01003KT,13,12
2021-12-29 04:00:00.000,2021,12,29,4,VRB02KT,14,12
2021-12-29 05:00:00.000,2021,12,29,5,33003KT,13,12
2021-12-29 06:00:00.000,2021,12,29,6,30003KT,13,12
2021-12-29 07:00:00.000,2021,12,29,7,05004KT,13,12
2021-12-29 08:00:00.000,2021,12,29,8,VRB02KT,13,11
2021-12-29 09:00:00.000,2021,12,29,9,VRB02KT,11,10
2021-12-29 10:00:00.000,2021,12,29,10,33004KT,12,11
2021-12-29 10:30:00.000,2021,12,29,10,VRB02KT,11,10
2021-12-29 11:00:00.000,2021,12,29,11,VRB02KT,12,11
2021-12-29 12:00:00.000,2021,12,29,12,06004KT,12,11
2021-12-29 13:00:00.000,2021,12,29,13,05004KT,13,11
2021-12-29 14:00:00.000,2021,12,29,14,VRB02KT,15,11
2021-12-29 15:00:00.000,2021,12,29,15,01003KT,16,11
2021-12-29 16:00:00.000,2021,12,29,16,35004KT,17,10
2021-12-29 17:00:00.000,2021,12,29,17,VRB03KT,19,09
2021-12-29 18:00:00.000,2021,12,29,18,35003KT,19,10
2021-12-29 19:00:00.000,2021,12,29,19,14008KT,19,07
2021-12-29 20:00:00.000,2021,12,29,20,24009KT,17,13
2021-12-29 21:00:00.000,2021,12,29,21,30007KT,16,13
2021-12-29 22:00:00.000,2021,12,29,22,28006KT,16,13
2021-12-29 23:00:00.000,2021,12,29,23,30004KT,15,12
2021-12-30 00:00:00.000,2021,12,30,0,32006KT,14,13
2021-12-30 01:00:00.000,2021,12,30,1,26004KT,13,13
2021-12-30 02:00:00.000,2021,12,30,2,32003KT,13,12
2021-12-30 03:00:00.000,2021,12,30,3,35003KT,13,12
2021-12-30 04:00:00.000,2021,12,30,4,VRB02KT,12,12
2021-12-30 05:00:00.000,2021,12,30,5,34005KT,12,11
2021-12-30 06:00:00.000,2021,12,30,6,34003KT,11,11
2021-12-30 07:00:00.000,2021,12,30,7,00000KT,10,10
2021-12-30 08:00:00.000,2021,12,30,8,07003KT,11,09
2021-12-30 09:00:00.000,2021,12,30,9,33004KT,10,09
2021-12-30 10:00:00.000,2021,12,30,10,04006KT,11,10
2021-12-30 10:30:00.000,2021,12,30,10,06005KT,11,10
2021-12-30 11:00:00.000,2021,12,30,11,05005KT,11,09
2021-12-30 12:00:00.000,2021,12,30,12,04005KT,11,10
2021-12-30 13:00:00.000,2021,12,30,13,VRB02KT,13,09
2021-12-30 14:00:00.000,2021,12,30,14,04004KT,15,08
2021-12-30 14:15:00.000,2021,12,30,14,07004KT,17,08
2021-12-30 15:00:00.000,2021,12,30,15,33004KT,18,07
2021-12-30 16:00:00.000,2021,12,30,16,03006KT,19,08
2021-12-30 17:00:00.000,2021,12,30,17,02006KT,20,06
2021-12-30 18:00:00.000,2021,12,30,18,05007KT,21,04
2021-12-30 19:00:00.000,2021,12,30,19,24012KT,19,12
2021-12-30 20:00:00.000,2021,12,30,20,28012KT,19,12
2021-12-30 21:00:00.000,2021,12,30,21,30012KT,18,12
2021-12-30 22:00:00.000,2021,12,30,22,29009KT,17,12
2021-12-30 23:00:00.000,2021,12,30,23,27008KT,15,12
2021-12-31 00:00:00.000,2021,12,31,0,29006KT,15,12
2021-12-31 01:00:00.000,2021,12,31,1,27005KT,15,12
2021-12-31 02:00:00.000,2021,12,31,2,VRB02KT,14,13
2021-12-31 03:00:00.000,2021,12,31,3,04005KT,14,13
2021-12-31 04:00:00.000,2021,12,31,4,02004KT,14,11
2021-12-31 05:00:00.000,2021,12,31,5,02006KT,13,10
2021-12-31 06:00:00.000,2021,12,31,6,01004KT,13,10
2021-12-31 07:00:00.000,2021,12,31,7,04006KT,12,09
2021-12-31 08:00:00.000,2021,12,31,8,03004KT,12,09
2021-12-31 09:00:00.000,2021,12,31,9,VRB02KT,12,10
2021-12-31 10:00:00.000,2021,12,31,10,06006KT,12,09
2021-12-31 10:30:00.000,2021,12,31,10,04005KT,11,09
2021-12-31 11:00:00.000,2021,12,31,11,04005KT,11,09
2021-12-31 12:00:00.000,2021,12,31,12,06005KT,13,09
2021-12-31 13:00:00.000,2021,12,31,13,06006KT,15,08
2021-12-31 14:00:00.000,2021,12,31,14,02005KT,17,07
2021-12-31 15:00:00.000,2021,12,31,15,02004KT,19,04
2021-12-31 16:00:00.000,2021,12,31,16,32007KT,20,06
2021-12-31 17:00:00.000,2021,12,31,17,VRB04KT,21,07
2021-12-31 18:00:00.000,2021,12,31,18,26010KT,21,08
2021-12-31 19:00:00.000,2021,12,31,19,23012KT,20,10
2021-12-31 20:00:00.000,2021,12,31,20,24011KT,19,11
2021-12-31 21:00:00.000,2021,12,31,21,27011KT,17,11
2021-12-31 22:00:00.000,2021,12,31,22,24010KT,17,11
2021-12-31 23:00:00.000,2021,12,31,23,24006KT,16,12
2022-01-01 00:00:00.000,2022,1,1,0,25004KT,15,12
2022-01-01 01:00:00.000,2022,1,1,1,02003KT,14,11
2022-01-01 02:00:00.000,2022,1,1,2,32004KT,13,12
2022-01-01 03:00:00.000,2022,1,1,3,32004KT,13,13
2022-01-01 04:00:00.000,2022,1,1,4,34004KT,12,12
2022-01-01 05:00:00.000,2022,1,1,5,00000KT,12,11
2022-01-01 06:00:00.000,2022,1,1,6,35003KT,11,10
2022-01-01 07:00:00.000,2022,1,1,7,04005KT,12,11
2022-01-01 08:00:00.000,2022,1,1,8,31004KT,12,11
2022-01-01 09:00:00.000,2022,1,1,9,03006KT,12,11
2022-01-01 10:00:00.000,2022,1,1,10,01004KT,11,10
2022-01-01 10:30:00.000,2022,1,1,10,32003KT,11,10
2022-01-01 11:00:00.000,2022,1,1,11,32003KT,11,10
2022-01-01 12:00:00.000,2022,1,1,12,03003KT,13,11
2022-01-01 13:00:00.000,2022,1,1,13,05010KT,16,11
2022-01-01 14:00:00.000,2022,1,1,14,06007KT,17,10
2022-01-01 15:00:00.000,2022,1,1,15,VRB02KT,17,09
2022-01-01 16:00:00.000,2022,1,1,16,07005KT,20,10
2022-01-01 17:00:00.000,2022,1,1,17,04006KT,21,10
2022-01-01 18:00:00.000,2022,1,1,18,27007KT,20,09
2022-01-01 19:00:00.000,2022,1,1,19,23011KT,20,12
2022-01-01 20:00:00.000,2022,1,1,20,24010KT,20,11
2022-01-01 21:00:00.000,2022,1,1,21,VRB02KT,19,11
2022-01-01 22:00:00.000,2022,1,1,22,28007KT,19,12
2022-01-01 23:00:00.000,2022,1,1,23,31007KT,17,13
2022-01-02 00:00:00.000,2022,1,2,0,30004KT,15,13
2022-01-02 01:00:00.000,2022,1,2,1,06003KT,15,09
2022-01-02 02:00:00.000,2022,1,2,2,VRB02KT,13,09
2022-01-02 03:00:00.000,2022,1,2,3,03005KT,12,08
2022-01-02 04:00:00.000,2022,1,2,4,02003KT,11,09
2022-01-02 05:00:00.000,2022,1,2,5,36003KT,10,09
2022-01-02 06:00:00.000,2022,1,2,6,VRB02KT,11,10
2022-01-02 07:00:00.000,2022,1,2,7,03003KT,10,09
2022-01-02 08:00:00.000,2022,1,2,8,05003KT,10,09
2022-01-02 09:00:00.000,2022,1,2,9,03004KT,09,09
2022-01-02 10:00:00.000,2022,1,2,10,VRB02KT,09,09
2022-01-02 10:30:00.000,2022,1,2,10,VRB02KT,09,09
2022-01-02 11:00:00.000,2022,1,2,11,VRB02KT,09,09
2022-01-02 12:00:00.000,2022,1,2,12,31003KT,11,09
2022-01-02 13:00:00.000,2022,1,2,13,VRB02KT,11,11
2022-01-02 14:00:00.000,2022,1,2,14,01004KT,14,11
2022-01-02 15:00:00.000,2022,1,2,15,VRB03KT,17,10
2022-01-02 16:00:00.000,2022,1,2,16,27003KT,19,09
2022-01-02 17:00:00.000,2022,1,2,17,36004KT,21,07
2022-01-02 18:00:00.000,2022,1,2,18,VRB04KT,22,03
2022-01-02 19:00:00.000,2022,1,2,19,24010KT,20,12
2022-01-02 20:00:00.000,2022,1,2,20,31013KT,20,11
2022-01-02 21:00:00.000,2022,1,2,21,29008KT,19,10
2022-01-02 22:00:00.000,2022,1,2,22,30007KT,19,11
2022-01-02 23:00:00.000,2022,1,2,23,30006KT,17,11
2022-01-03 00:00:00.000,2022,1,3,0,32006KT,15,12
2022-01-03 01:00:00.000,2022,1,3,1,32004KT,14,12
2022-01-03 02:00:00.000,2022,1,3,2,VRB02KT,13,12
2022-01-03 03:00:00.000,2022,1,3,3,30003KT,12,11
2022-01-03 04:00:00.000,2022,1,3,4,22003KT,11,10
2022-01-03 05:00:00.000,2022,1,3,5,01003KT,09,08
2022-01-03 06:00:00.000,2022,1,3,6,02005KT,09,07
2022-01-03 07:00:00.000,2022,1,3,7,VRB02KT,09,07
2022-01-03 08:00:00.000,2022,1,3,8,VRB02KT,09,07
2022-01-03 09:00:00.000,2022,1,3,9,32004KT,09,08
2022-01-03 10:00:00.000,2022,1,3,10,10004KT,10,09
2022-01-03 10:30:00.000,2022,1,3,10,04004KT,10,08
2022-01-03 11:00:00.000,2022,1,3,11,VRB02KT,10,08
2022-01-03 12:00:00.000,2022,1,3,12,VRB02KT,10,08
2022-01-03 13:00:00.000,2022,1,3,13,VRB02KT,13,09
2022-01-03 14:00:00.000,2022,1,3,14,05006KT,15,07
2022-01-03 14:40:00.000,2022,1,3,14,07004KT,17,05
2022-01-03 15:00:00.000,2022,1,3,15,03006KT,18,03
2022-01-03 16:00:00.000,2022,1,3,16,11008KT,20,01
2022-01-03 17:00:00.000,2022,1,3,17,03006KT,21,02
2022-01-03 18:00:00.000,2022,1,3,18,07005KT,22,01
2022-01-03 19:00:00.000,2022,1,3,19,31006KT,22,01
2022-01-03 20:00:00.000,2022,1,3,20,27014KT,19,11
2022-01-03 21:00:00.000,2022,1,3,21,27012KT,18,10
2022-01-03 22:00:00.000,2022,1,3,22,28012KT,17,10
2022-01-03 23:00:00.000,2022,1,3,23,27008KT,15,11
2022-01-04 00:00:00.000,2022,1,4,0,27006KT,15,11
2022-01-04 01:00:00.000,2022,1,4,1,31005KT,14,12
2022-01-04 02:00:00.000,2022,1,4,2,33003KT,13,12
2022-01-04 03:00:00.000,2022,1,4,3,28004KT,13,12
2022-01-04 04:00:00.000,2022,1,4,4,03004KT,12,09
2022-01-04 05:00:00.000,2022,1,4,5,04004KT,12,07
2022-01-04 06:00:00.000,2022,1,4,6,00000KT,10,06
2022-01-04 07:00:00.000,2022,1,4,7,02003KT,08,07
2022-01-04 08:00:00.000,2022,1,4,8,05005KT,10,07
2022-01-04 09:00:00.000,2022,1,4,9,03006KT,09,07
2022-01-04 10:00:00.000,2022,1,4,10,32004KT,08,06
2022-01-04 10:30:00.000,2022,1,4,10,02003KT,07,05
2022-01-04 11:00:00.000,2022,1,4,11,VRB02KT,08,07
2022-01-04 12:00:00.000,2022,1,4,12,03006KT,09,07
2022-01-04 13:00:00.000,2022,1,4,13,03005KT,12,07
2022-01-04 13:35:00.000,2022,1,4,13,01004KT,15,08
2022-01-04 14:00:00.000,2022,1,4,14,04004KT,15,08
2022-01-04 14:35:00.000,2022,1,4,14,VRB02KT,18,08
2022-01-04 15:00:00.000,2022,1,4,15,VRB02KT,18,08
2022-01-04 16:00:00.000,2022,1,4,16,VRB04KT,19,07
2022-01-04 17:00:00.000,2022,1,4,17,28004KT,21,07
2022-01-04 18:00:00.000,2022,1,4,18,27013KT,21,10
2022-01-04 19:00:00.000,2022,1,4,19,27007KT,20,11
2022-01-04 20:00:00.000,2022,1,4,20,28013KT,19,10
2022-01-04 21:00:00.000,2022,1,4,21,26012KT,18,10
2022-01-04 22:00:00.000,2022,1,4,22,27012KT,17,11
2022-01-04 23:00:00.000,2022,1,4,23,27008KT,15,11
2022-01-05 00:00:00.000,2022,1,5,0,28006KT,13,11
2022-01-05 01:00:00.000,2022,1,5,1,31006KT,12,11
2022-01-05 02:00:00.000,2022,1,5,2,32005KT,12,11
2022-01-05 03:00:00.000,2022,1,5,3,25003KT,11,11
2022-01-05 04:00:00.000,2022,1,5,4,00000KT,11,11
2022-01-05 05:00:00.000,2022,1,5,5,33003KT,12,11
2022-01-05 06:00:00.000,2022,1,5,6,31004KT,12,11
2022-01-05 07:00:00.000,2022,1,5,7,31005KT,12,12
2022-01-05 08:00:00.000,2022,1,5,8,32006KT,11,11
2022-01-05 09:00:00.000,2022,1,5,9,06004KT,11,10
2022-01-05 10:00:00.000,2022,1,5,10,02004KT,12,09
2022-01-05 10:30:00.000,2022,1,5,10,36003KT,10,10
2022-01-05 11:00:00.000,2022,1,5,11,34003KT,11,10
2022-01-05 12:00:00.000,2022,1,5,12,03005KT,11,10
2022-01-05 13:00:00.000,2022,1,5,13,02005KT,13,10
2022-01-05 14:00:00.000,2022,1,5,14,09005KT,17,09
2022-01-05 15:00:00.000,2022,1,5,15,10006KT,19,08
2022-01-05 16:00:00.000,2022,1,5,16,02004KT,20,07
2022-01-05 17:00:00.000,2022,1,5,17,07007KT,22,03
2022-01-05 18:00:00.000,2022,1,5,18,27012KT,21,11
2022-01-05 19:00:00.000,2022,1,5,19,26013KT,19,12
2022-01-05 20:00:00.000,2022,1,5,20,28012KT,19,11
2022-01-05 21:00:00.000,2022,1,5,21,27010KT,18,10
2022-01-05 22:00:00.000,2022,1,5,22,27012KT,17,12
2022-01-05 23:00:00.000,2022,1,5,23,28008KT,15,11
2022-01-06 00:00:00.000,2022,1,6,0,26007KT,15,12
2022-01-06 01:00:00.000,2022,1,6,1,19006KT,15,11
2022-01-06 02:00:00.000,2022,1,6,2,19005KT,15,07
2022-01-06 03:00:00.000,2022,1,6,3,31003KT,13,09
2022-01-06 04:00:00.000,2022,1,6,4,03004KT,12,09
2022-01-06 05:00:00.000,2022,1,6,5,02005KT,12,09
2022-01-06 06:00:00.000,2022,1,6,6,02005KT,12,09
2022-01-06 07:00:00.000,2022,1,6,7,VRB05KT,12,08
2022-01-06 08:00:00.000,2022,1,6,8,01004KT,11,08
2022-01-06 09:00:00.000,2022,1,6,9,36003KT,11,09
2022-01-06 10:00:00.000,2022,1,6,10,01003KT,10,08
2022-01-06 10:30:00.000,2022,1,6,10,VRB02KT,10,08
2022-01-06 11:00:00.000,2022,1,6,11,VRB02KT,10,08
2022-01-06 12:00:00.000,2022,1,6,12,01004KT,11,09
2022-01-06 13:00:00.000,2022,1,6,13,02004KT,12,08
2022-01-06 14:00:00.000,2022,1,6,14,03004KT,15,05
2022-01-06 15:00:00.000,2022,1,6,15,16003KT,17,01
2022-01-06 16:00:00.000,2022,1,6,16,11003KT,19,01
2022-01-06 16:12:00.000,2022,1,6,16,10005KT,20,01
2022-01-06 16:30:00.000,2022,1,6,16,06003KT,20,00
2022-01-06 17:00:00.000,2022,1,6,17,17006KT,20,01
2022-01-06 18:00:00.000,2022,1,6,18,17006KT,22,00
2022-01-06 19:00:00.000,2022,1,6,19,14005KT,19,11
2022-01-06 20:00:00.000,2022,1,6,20,28012KT,17,11
2022-01-06 21:00:00.000,2022,1,6,21,26009KT,16,11
2022-01-06 22:00:00.000,2022,1,6,22,24008KT,15,11
2022-01-06 23:00:00.000,2022,1,6,23,27004KT,14,12
2022-01-07 00:00:00.000,2022,1,7,0,VRB02KT,13,11
2022-01-07 01:00:00.000,2022,1,7,1,VRB02KT,11,06
2022-01-07 02:00:00.000,2022,1,7,2,VRB02KT,,
2022-01-07 03:00:00.000,2022,1,7,3,02005KT,10,07
2022-01-07 04:00:00.000,2022,1,7,4,04005KT,09,06
2022-01-07 05:00:00.000,2022,1,7,5,03005KT,10,06
2022-01-07 06:00:00.000,2022,1,7,6,VRB02KT,09,06
2022-01-07 07:00:00.000,2022,1,7,7,VRB02KT,09,06
2022-01-07 08:00:00.000,2022,1,7,8,04004KT,08,07
2022-01-07 09:00:00.000,2022,1,7,9,08004KT,09,07
2022-01-07 10:00:00.000,2022,1,7,10,32004KT,07,06
2022-01-07 10:30:00.000,2022,1,7,10,VRB02KT,06,06
2022-01-07 11:00:00.000,2022,1,7,11,VRB02KT,07,07
2022-01-07 12:00:00.000,2022,1,7,12,05006KT,09,08
2022-01-07 13:00:00.000,2022,1,7,13,07005KT,11,07
2022-01-07 14:00:00.000,2022,1,7,14,06004KT,13,07
2022-01-07 15:00:00.000,2022,1,7,15,07006KT,16,06
2022-01-07 15:35:00.000,2022,1,7,15,05007KT,18,00
2022-01-07 16:00:00.000,2022,1,7,16,03004KT,,
2022-01-07 17:00:00.000,2022,1,7,17,08005KT,,
2022-01-07 17:30:00.000,2022,1,7,17,15007KT,,
2022-01-07 18:00:00.000,2022,1,7,18,20006KT,21,00
2022-01-07 19:00:00.000,2022,1,7,19,26007KT,19,08
2022-01-07 20:00:00.000,2022,1,7,20,24012KT,19,09
2022-01-07 21:00:00.000,2022,1,7,21,27012KT,18,10
2022-01-07 22:00:00.000,2022,1,7,22,26013KT,17,09
2022-01-07 23:00:00.000,2022,1,7,23,28008KT,14,05
2022-01-08 00:00:00.000,2022,1,8,0,31005KT,13,01
2022-01-08 01:00:00.000,2022,1,8,1,32003KT,11,02
2022-01-08 02:00:00.000,2022,1,8,2,32005KT,11,03
2022-01-08 03:00:00.000,2022,1,8,3,VRB02KT,08,04
2022-01-08 04:00:00.000,2022,1,8,4,29003KT,11,01
2022-01-08 05:00:00.000,2022,1,8,5,29004KT,07,03
2022-01-08 06:00:00.000,2022,1,8,6,03007KT,25,23
2022-01-08 07:00:00.000,2022,1,8,7,VRB02KT,06,04
2022-01-08 08:00:00.000,2022,1,8,8,00000KT,05,04
2022-01-08 09:00:00.000,2022,1,8,9,00000KT,05,05
2022-01-08 10:00:00.000,2022,1,8,10,VRB02KT,03,03
2022-01-08 10:30:00.000,2022,1,8,10,VRB02KT,05,04
2022-01-08 11:00:00.000,2022,1,8,11,35002KT,04,03
2022-01-08 12:00:00.000,2022,1,8,12,VRB02KT,06,05
2022-01-08 13:00:00.000,2022,1,8,13,VRB02KT,10,07
2022-01-08 14:00:00.000,2022,1,8,14,VRB02KT,13,06
2022-01-08 15:00:00.000,2022,1,8,15,VRB03KT,16,06
2022-01-08 16:00:00.000,2022,1,8,16,28006KT,18,06
2022-01-08 17:00:00.000,2022,1,8,17,VRB05KT,20,05
2022-01-08 18:00:00.000,2022,1,8,18,26012KT,20,09
2022-01-08 19:00:00.000,2022,1,8,19,27013KT,20,10
2022-01-08 20:00:00.000,2022,1,8,20,28012KT,19,09
2022-01-08 21:00:00.000,2022,1,8,21,27012KT,18,10
2022-01-08 22:00:00.000,2022,1,8,22,30008KT,17,09
2022-01-08 23:00:00.000,2022,1,8,23,30005KT,15,09
2022-01-09 00:00:00.000,2022,1,9,0,26003KT,14,09
2022-01-09 01:00:00.000,2022,1,9,1,31006KT,13,12
2022-01-09 02:00:00.000,2022,1,9,2,27003KT,13,11
2022-01-09 03:00:00.000,2022,1,9,3,28004KT,13,11
2022-01-09 04:00:00.000,2022,1,9,4,28005KT,12,12
2022-01-09 05:00:00.000,2022,1,9,5,30005KT,13,11
2022-01-09 06:00:00.000,2022,1,9,6,25004KT,12,12
2022-01-09 07:00:00.000,2022,1,9,7,25003KT,12,11
2022-01-09 08:00:00.000,2022,1,9,8,VRB02KT,12,10
2022-01-09 09:00:00.000,2022,1,9,9,VRB02KT,12,10
2022-01-09 10:00:00.000,2022,1,9,10,32003KT,12,11
2022-01-09 10:30:00.000,2022,1,9,10,00000KT,11,11
2022-01-09 11:00:00.000,2022,1,9,11,VRB02KT,11,11
2022-01-09 12:00:00.000,2022,1,9,12,36004KT,11,10
2022-01-09 13:00:00.000,2022,1,9,13,34004KT,13,11
2022-01-09 14:00:00.000,2022,1,9,14,VRB04KT,16,07
2022-01-09 15:00:00.000,2022,1,9,15,VRB03KT,18,10
2022-01-09 16:00:00.000,2022,1,9,16,31004KT,19,08
2022-01-09 17:00:00.000,2022,1,9,17,31013KT,18,10
2022-01-09 18:00:00.000,2022,1,9,18,29012KT,20,10
2022-01-09 19:00:00.000,2022,1,9,19,29012KT,19,10
2022-01-09 20:00:00.000,2022,1,9,20,28012KT,20,10
2022-01-09 21:00:00.000,2022,1,9,21,28012KT,18,09
2022-01-09 22:00:00.000,2022,1,9,22,26012KT,18,11
2022-01-09 23:00:00.000,2022,1,9,23,33008KT,15,11
2022-01-10 00:00:00.000,2022,1,10,0,31007KT,13,11
2022-01-10 01:00:00.000,2022,1,10,1,30006KT,14,11
2022-01-10 02:00:00.000,2022,1,10,2,30004KT,13,11
2022-01-10 03:00:00.000,2022,1,10,3,24004KT,13,11
2022-01-10 04:00:00.000,2022,1,10,4,29004KT,13,11
2022-01-10 05:00:00.000,2022,1,10,5,32003KT,11,10
2022-01-10 06:00:00.000,2022,1,10,6,31005KT,09,09
2022-01-10 07:00:00.000,2022,1,10,7,00000KT,08,08
2022-01-10 08:00:00.000,2022,1,10,8,30004KT,08,07
2022-01-10 09:00:00.000,2022,1,10,9,27003KT,08,07
2022-01-10 10:00:00.000,2022,1,10,10,00000KT,09,08
2022-01-10 11:00:00.000,2022,1,10,11,00000KT,10,10
2022-01-10 12:00:00.000,2022,1,10,12,VRB02KT,10,10
2022-01-10 13:00:00.000,2022,1,10,13,05004KT,11,11
2022-01-10 13:30:00.000,2022,1,10,13,VRB02KT,13,11
2022-01-10 14:00:00.000,2022,1,10,14,04003KT,14,10
2022-01-10 15:00:00.000,2022,1,10,15,31004KT,16,10
2022-01-10 16:00:00.000,2022,1,10,16,04003KT,17,10
2022-01-10 17:00:00.000,2022,1,10,17,28008KT,17,10
2022-01-10 18:00:00.000,2022,1,10,18,32009KT,18,10
2022-01-10 19:00:00.000,2022,1,10,19,31009KT,18,10
2022-01-10 20:00:00.000,2022,1,10,20,30010KT,18,10
2022-01-10 21:00:00.000,2022,1,10,21,26008KT,18,09
2022-01-10 22:00:00.000,2022,1,10,22,28010KT,17,10
2022-01-10 23:00:00.000,2022,1,10,23,27009KT,15,12
2022-01-11 00:00:00.000,2022,1,11,0,31004KT,14,12
2022-01-11 01:00:00.000,2022,1,11,1,36005KT,14,12
2022-01-11 02:00:00.000,2022,1,11,2,30008KT,13,12
2022-01-11 03:00:00.000,2022,1,11,3,28003KT,13,11
2022-01-11 04:00:00.000,2022,1,11,4,29006KT,13,11
2022-01-11 05:00:00.000,2022,1,11,5,31008KT,13,11
2022-01-11 06:00:00.000,2022,1,11,6,30007KT,13,10
2022-01-11 07:00:00.000,2022,1,11,7,30005KT,13,10
2022-01-11 08:00:00.000,2022,1,11,8,VRB02KT,12,10
2022-01-11 09:00:00.000,2022,1,11,9,30006KT,12,12
2022-01-11 10:00:00.000,2022,1,11,10,33004KT,11,10
2022-01-11 10:30:00.000,2022,1,11,10,33006KT,12,11
2022-01-11 11:00:00.000,2022,1,11,11,28005KT,11,10
2022-01-11 12:00:00.000,2022,1,11,12,29006KT,11,10
2022-01-11 13:00:00.000,2022,1,11,13,31005KT,13,11
2022-01-11 14:00:00.000,2022,1,11,14,29003KT,14,11
2022-01-11 15:00:00.000,2022,1,11,15,29008KT,14,10
2022-01-11 16:00:00.000,2022,1,11,16,31009KT,15,09
2022-01-11 17:00:00.000,2022,1,11,17,32010KT,15,10
2022-01-11 17:06:00.000,2022,1,11,17,30009KT,17,10
2022-01-11 18:00:00.000,2022,1,11,18,31007KT,18,09
2022-01-11 19:00:00.000,2022,1,11,19,28011KT,19,10
2022-01-11 20:00:00.000,2022,1,11,20,29012KT,18,10
2022-01-11 21:00:00.000,2022,1,11,21,27011KT,17,10
2022-01-11 22:00:00.000,2022,1,11,22,29009KT,17,10
2022-01-11 23:00:00.000,2022,1,11,23,27011KT,15,11
2022-01-12 00:00:00.000,2022,1,12,0,24006KT,14,11
2022-01-12 01:00:00.000,2022,1,12,1,24005KT,14,11
2022-01-12 02:00:00.000,2022,1,12,2,23003KT,14,11
2022-01-12 03:00:00.000,2022,1,12,3,23003KT,13,11
2022-01-12 04:00:00.000,2022,1,12,4,33005KT,13,11
2022-01-12 05:00:00.000,2022,1,12,5,32007KT,13,11
2022-01-12 06:00:00.000,2022,1,12,6,32006KT,13,11
2022-01-12 07:00:00.000,2022,1,12,7,33003KT,12,11
2022-01-12 08:00:00.000,2022,1,12,8,VRB02KT,12,10
2022-01-12 09:00:00.000,2022,1,12,9,32002KT,11,10
2022-01-12 10:00:00.000,2022,1,12,10,VRB02KT,10,10
2022-01-12 10:30:00.000,2022,1,12,10,VRB02KT,11,10
2022-01-12 11:00:00.000,2022,1,12,11,VRB02KT,11,10
2022-01-12 12:00:00.000,2022,1,12,12,VRB02KT,11,10
2022-01-12 13:00:00.000,2022,1,12,13,03006KT,13,11
2022-01-12 14:00:00.000,2022,1,12,14,33004KT,15,11
2022-01-12 15:00:00.000,2022,1,12,15,VRB02KT,17,09
2022-01-12 16:00:00.000,2022,1,12,16,13003KT,18,09
2022-01-12 17:00:00.000,2022,1,12,17,30012KT,18,10
2022-01-12 18:00:00.000,2022,1,12,18,28012KT,18,10
2022-01-12 19:00:00.000,2022,1,12,19,27013KT,18,10
2022-01-12 20:00:00.000,2022,1,12,20,27011KT,18,10
2022-01-12 21:00:00.000,2022,1,12,21,26011KT,17,10
2022-01-12 22:00:00.000,2022,1,12,22,27010KT,17,09
2022-01-12 23:00:00.000,2022,1,12,23,27008KT,15,10
2022-01-13 00:00:00.000,2022,1,13,0,26006KT,14,10
2022-01-13 01:00:00.000,2022,1,13,1,30006KT,13,11
2022-01-13 02:00:00.000,2022,1,13,2,29005KT,12,11
2022-01-13 03:00:00.000,2022,1,13,3,27004KT,12,11
2022-01-13 04:00:00.000,2022,1,13,4,24004KT,12,11
2022-01-13 05:00:00.000,2022,1,13,5,27006KT,12,10
2022-01-13 06:00:00.000,2022,1,13,6,34004KT,11,11
2022-01-13 07:00:00.000,2022,1,13,7,VRB02KT,11,11
2022-01-13 08:00:00.000,2022,1,13,8,VRB02KT,11,10
2022-01-13 09:00:00.000,2022,1,13,9,VRB02KT,10,09
2022-01-13 10:00:00.000,2022,1,13,10,VRB02KT,10,10
2022-01-13 10:30:00.000,2022,1,13,10,01004KT,11,11
2022-01-13 11:00:00.000,2022,1,13,11,35005KT,11,11
2022-01-13 12:00:00.000,2022,1,13,12,35003KT,11,11
2022-01-13 13:00:00.000,2022,1,13,13,VRB02KT,12,11
2022-01-13 14:00:00.000,2022,1,13,14,02004KT,13,12
2022-01-13 15:00:00.000,2022,1,13,15,32006KT,14,12
2022-01-13 16:00:00.000,2022,1,13,16,33006KT,15,12
2022-01-13 17:00:00.000,2022,1,13,17,33004KT,16,11
2022-01-13 18:00:00.000,2022,1,13,18,21007KT,17,11
2022-01-13 19:00:00.000,2022,1,13,19,29009KT,17,09
2022-01-13 20:00:00.000,2022,1,13,20,33011KT,14,11
2022-01-13 21:00:00.000,2022,1,13,21,31011KT,14,11
2022-01-13 22:00:00.000,2022,1,13,22,32010KT,13,11
2022-01-13 23:00:00.000,2022,1,13,23,33007KT,12,10
2022-01-14 00:00:00.000,2022,1,14,0,28005KT,12,10
2022-01-14 01:00:00.000,2022,1,14,1,31006KT,12,10
2022-01-14 02:00:00.000,2022,1,14,2,VRB02KT,12,10
2022-01-14 02:24:00.000,2022,1,14,2,31004KT,12,10
2022-01-14 03:00:00.000,2022,1,14,3,VRB02KT,12,11
2022-01-14 04:00:00.000,2022,1,14,4,00000KT,12,11
2022-01-14 05:00:00.000,2022,1,14,5,VRB02KT,11,11
2022-01-14 06:00:00.000,2022,1,14,6,29003KT,11,10
2022-01-14 07:00:00.000,2022,1,14,7,VRB02KT,11,11
2022-01-14 08:00:00.000,2022,1,14,8,32002KT,11,10
2022-01-14 09:00:00.000,2022,1,14,9,33002KT,09,09
2022-01-14 10:00:00.000,2022,1,14,10,333003KT,09,09
2022-01-14 10:30:00.000,2022,1,14,10,32004KT,10,09
2022-01-14 11:00:00.000,2022,1,14,11,34003KT,09,08
2022-01-14 12:00:00.000,2022,1,14,12,29003KT,09,09
2022-01-14 13:00:00.000,2022,1,14,13,36004KT,11,11
2022-01-14 14:00:00.000,2022,1,14,14,01004KT,14,11
2022-01-14 15:00:00.000,2022,1,14,15,02005KT,16,10
2022-01-14 16:00:00.000,2022,1,14,16,VRB02KT,18,09
2022-01-14 17:00:00.000,2022,1,14,17,VRB02KT,17,08
2022-01-14 18:00:00.000,2022,1,14,18,24010KT,16,10
2022-01-14 19:00:00.000,2022,1,14,19,25009KT,17,11
2022-01-14 20:00:00.000,2022,1,14,20,27008KT,18,11
2022-01-14 21:00:00.000,2022,1,14,21,30009KT,16,11
2022-01-14 22:00:00.000,2022,1,14,22,28010KT,15,11
2022-01-14 23:00:00.000,2022,1,14,23,26006KT,14,11
2022-01-15 00:00:00.000,2022,1,15,0,27005KT,13,11
2022-01-15 01:00:00.000,2022,1,15,1,29005KT,13,11
2022-01-15 02:00:00.000,2022,1,15,2,33004KT,13,11
2022-01-15 03:00:00.000,2022,1,15,3,35005KT,13,11
2022-01-15 04:00:00.000,2022,1,15,4,34003KT,12,11
2022-01-15 05:00:00.000,2022,1,15,5,00000KT,12,11
2022-01-15 06:00:00.000,2022,1,15,6,02003KT,10,09
2022-01-15 07:00:00.000,2022,1,15,7,VRB02KT,09,08
2022-01-15 08:00:00.000,2022,1,15,8,03003KT,09,09
2022-01-15 09:00:00.000,2022,1,15,9,00000KT,10,09
2022-01-15 10:00:00.000,2022,1,15,10,00000KT,10,09
2022-01-15 10:30:00.000,2022,1,15,10,06004KT,09,08
2022-01-15 11:00:00.000,2022,1,15,11,04004KT,09,08
2022-01-15 12:00:00.000,2022,1,15,12,VRB02KT,10,9
2022-01-15 13:00:00.000,2022,1,15,13,05005KT,11,11
2022-01-15 13:25:00.000,2022,1,15,13,06005KT,13,10
2022-01-15 14:00:00.000,2022,1,15,14,07004KT,14,8
2022-01-15 15:00:00.000,2022,1,15,15,14006KT,16,06
2022-01-15 16:00:00.000,2022,1,15,16,19003KT,18,06
2022-01-15 17:00:00.000,2022,1,15,17,15017KT,18,05
2022-01-15 18:00:00.000,2022,1,15,18,14009KT,18,05
2022-01-15 19:00:00.000,2022,1,15,19,15005KT,18,05
2022-01-15 20:00:00.000,2022,1,15,20,18010KT,20,05
2022-01-15 21:00:00.000,2022,1,15,21,26009KT,17,10
2022-01-15 22:00:00.000,2022,1,15,22,28008KT,16,10
2022-01-15 23:00:00.000,2022,1,15,23,28004KT,14,09
2022-01-16 00:00:00.000,2022,1,16,0,36003KT,11,10
2022-01-16 01:00:00.000,2022,1,16,1,VRB02KT,11,10
2022-01-16 02:00:00.000,2022,1,16,2,VRB02KT,10,09
2022-01-16 03:00:00.000,2022,1,16,3,VRB02KT,10,09
2022-01-16 04:00:00.000,2022,1,16,4,VRB02KT,09,09
2022-01-16 05:00:00.000,2022,1,16,5,02003KT,09,09
2022-01-16 06:00:00.000,2022,1,16,6,VRB02KT,09,09
2022-01-16 07:00:00.000,2022,1,16,7,31004KT,10,08
2022-01-16 08:00:00.000,2022,1,16,8,02003KT,07,06
2022-01-16 09:00:00.000,2022,1,16,9,04005KT,07,07
2022-01-16 10:00:00.000,2022,1,16,10,04003KT,09,08
2022-01-16 10:30:00.000,2022,1,16,10,04005KT,08,07
2022-01-16 11:00:00.000,2022,1,16,11,04005KT,08,07
2022-01-16 12:00:00.000,2022,1,16,12,07003KT,08,07
2022-01-16 12:10:00.000,2022,1,16,12,VRB02KT,10,09
2022-01-16 13:00:00.000,2022,1,16,13,02003KT,12,09
2022-01-16 13:22:00.000,2022,1,16,13,VRB02KT,14,09
2022-01-16 14:00:00.000,2022,1,16,14,02004KT,15,09
2022-01-16 15:00:00.000,2022,1,16,15,13004KT,16,08
2022-01-16 16:00:00.000,2022,1,16,16,14010KT,18,07
2022-01-16 17:00:00.000,2022,1,16,17,13011KT,18,07
2022-01-16 18:00:00.000,2022,1,16,18,14009KT,20,06
2022-01-16 19:00:00.000,2022,1,16,19,15010KT,21,05
2022-01-16 20:00:00.000,2022,1,16,20,13006KT,19,05
2022-01-16 21:00:00.000,2022,1,16,21,24006KT,18,09
2022-01-16 22:00:00.000,2022,1,16,22,25008KT,18,11
2022-01-16 23:00:00.000,2022,1,16,23,24007KT,15,11
2022-01-17 00:00:00.000,2022,1,17,0,29004KT,13,11
2022-01-17 01:00:00.000,2022,1,17,1,01003KT,12,11
2022-01-17 02:00:00.000,2022,1,17,2,01002KT,11,10
2022-01-17 03:00:00.000,2022,1,17,3,VRB02KT,11,10
2022-01-17 04:00:00.000,2022,1,17,4,VRB02KT,10,09
2022-01-17 05:00:00.000,2022,1,17,5,03005KT,10,09
2022-01-17 06:00:00.000,2022,1,17,6,04003KT,10,09
2022-01-17 07:00:00.000,2022,1,17,7,08003KT,11,10
2022-01-17 08:00:00.000,2022,1,17,8,VRB02KT,09,08
2022-01-17 09:00:00.000,2022,1,17,9,33003KT,09,07
2022-01-17 10:00:00.000,2022,1,17,10,30004KT,09,08
2022-01-17 10:30:00.000,2022,1,17,10,VRB02KT,08,07
2022-01-17 11:00:00.000,2022,1,17,11,26003KT,07,06
2022-01-17 12:00:00.000,2022,1,17,12,06003KT,09,08
2022-01-17 13:00:00.000,2022,1,17,13,05004KT,11,10
2022-01-17 14:00:00.000,2022,1,17,14,04005KT,13,11
2022-01-17 15:00:00.000,2022,1,17,15,05007KT,17,09
2022-01-17 16:00:00.000,2022,1,17,16,04005KT,18,08
2022-01-17 17:00:00.000,2022,1,17,17,07003KT,20,07
2022-01-17 18:00:00.000,2022,1,17,18,28004KT,21,07
2022-01-17 19:00:00.000,2022,1,17,19,25012KT,19,11
2022-01-17 20:00:00.000,2022,1,17,20,30012KT,17,11
2022-01-17 21:00:00.000,2022,1,17,21,28010KT,18,12
2022-01-17 22:00:00.000,2022,1,17,22,25010KT,17,12
2022-01-17 23:00:00.000,2022,1,17,23,27008KT,15,12
2022-01-18 00:00:00.000,2022,1,18,0,29005KT,13,12
2022-01-18 01:00:00.000,2022,1,18,1,26003KT,13,12
2022-01-18 02:00:00.000,2022,1,18,2,34003KT,11,09
2022-01-18 03:00:00.000,2022,1,18,3,VRB02KT,12,11
2022-01-18 04:00:00.000,2022,1,18,4,28004KT,10,10
2022-01-18 05:00:00.000,2022,1,18,5,VRB02KT,09,09
2022-01-18 06:00:00.000,2022,1,18,6,VRB02KT,11,10
2022-01-18 07:00:00.000,2022,1,18,7,00000KT,12,11
2022-01-18 08:00:00.000,2022,1,18,8,VRB02KT,11,11
2022-01-18 09:00:00.000,2022,1,18,9,07003KT,10,10
2022-01-18 10:00:00.000,2022,1,18,10,02004T,10,10
2022-01-18 10:30:00.000,2022,1,18,10,02004KT,10,09
2022-01-18 11:00:00.000,2022,1,18,11,03003KT,08,08
2022-01-18 12:00:00.000,2022,1,18,12,VRB02KT,09,08
2022-01-18 12:30:00.000,2022,1,18,12,VRB02KT,10,10
2022-01-18 13:00:00.000,2022,1,18,13,VRB02KT,12,11
2022-01-18 14:00:00.000,2022,1,18,14,08004KT,15,11
2022-01-18 15:00:00.000,2022,1,18,15,11005KT,18,09
2022-01-18 16:00:00.000,2022,1,18,16,11006KT,18,07
2022-01-18 17:00:00.000,2022,1,18,17,16011KT,18,08
2022-01-18 18:00:00.000,2022,1,18,18,11007KT,20,07
2022-01-18 19:00:00.000,2022,1,18,19,16009KT,20,06
2022-01-18 20:00:00.000,2022,1,18,20,13012KT,20,06
2022-01-18 21:00:00.000,2022,1,18,21,13009KT,20,06
2022-01-18 22:00:00.000,2022,1,18,22,18005KT,19,06
2022-01-18 23:00:00.000,2022,1,18,23,29008KT,16,11
2022-01-19 00:00:00.000,2022,1,19,0,32004KT,14,11
2022-01-19 01:00:00.000,2022,1,19,1,31003KT,13,12
2022-01-19 02:00:00.000,2022,1,19,2,31003KT,12,12
2022-01-19 03:00:00.000,2022,1,19,3,VRB02KT,11,10
2022-01-19 04:00:00.000,2022,1,19,4,01004KT,11,09
2022-01-19 05:00:00.000,2022,1,19,5,03004KT,09,09
2022-01-19 06:00:00.000,2022,1,19,6,02006KT,09,08
2022-01-19 07:00:00.000,2022,1,19,7,05007KT,11,10
2022-01-19 08:00:00.000,2022,1,19,8,09003KT,10,09
2022-01-19 09:00:00.000,2022,1,19,9,03003KT,08,08
2022-01-19 10:00:00.000,2022,1,19,10,30003KT,09,09
2022-01-19 10:30:00.000,2022,1,19,10,VRB02KT,08,08
2022-01-19 11:00:00.000,2022,1,19,11,32004KT,06,06
2022-01-19 12:00:00.000,2022,1,19,12,05008KT,09,08
2022-01-19 12:32:00.000,2022,1,19,12,03006KT,12,10
2022-01-19 13:00:00.000,2022,1,19,13,03008KT,13,09
2022-01-19 14:00:00.000,2022,1,19,14,07008KT,15,08
2022-01-19 15:00:00.000,2022,1,19,15,09006KT,18,08
2022-01-19 16:00:00.000,2022,1,19,16,14012KT,20,07
2022-01-19 17:00:00.000,2022,1,19,17,13012KT,20,07
2022-01-19 18:00:00.000,2022,1,19,18,14012G22KT,20,7
2022-01-19 19:00:00.000,2022,1,19,19,13012KT,20,06
2022-01-19 20:00:00.000,2022,1,19,20,14010KT,20,06
2022-01-19 21:00:00.000,2022,1,19,21,13010KT,18,07
2022-01-19 22:00:00.000,2022,1,19,22,14014KT,18,07
2022-01-19 23:00:00.000,2022,1,19,23,13010KT,17,08
2022-01-20 00:00:00.000,2022,1,20,0,12004KT,15,07
2022-01-20 01:00:00.000,2022,1,20,1,13008KT,15,07
2022-01-20 02:00:00.000,2022,1,20,2,13007KT,14,07
2022-01-20 03:00:00.000,2022,1,20,3,33003KT,13,08
2022-01-20 04:00:00.000,2022,1,20,4,VRB02KT,13,09
2022-01-20 05:00:00.000,2022,1,20,5,VRB02KT,13,09
2022-01-20 06:00:00.000,2022,1,20,6,00000KT,11,10
2022-01-20 07:00:00.000,2022,1,20,7,34003KT,12,10
2022-01-20 08:00:00.000,2022,1,20,8,03004KT,10,09
2022-01-20 09:00:00.000,2022,1,20,9,31003KT,11,09
2022-01-20 10:00:00.000,2022,1,20,10,01003KT,10,08
2022-01-20 10:30:00.000,2022,1,20,10,VRB02KT,11,08
2022-01-20 11:00:00.000,2022,1,20,11,04004KT,11,09
2022-01-20 12:00:00.000,2022,1,20,12,04005KT,11,08
2022-01-20 13:00:00.000,2022,1,20,13,12009KT,14,06
2022-01-20 14:00:00.000,2022,1,20,14,13008KT,16,06
2022-01-20 15:00:00.000,2022,1,20,15,15008KT,16,06
2022-01-20 16:00:00.000,2022,1,20,16,16008KT,18,06
2022-01-20 17:00:00.000,2022,1,20,17,12012KT,18,04
2022-01-20 18:00:00.000,2022,1,20,18,12008KT,20,06
2022-01-20 19:00:00.000,2022,1,20,19,14013KT,20,05
2022-01-20 20:00:00.000,2022,1,20,20,13011KT,19,04
2022-01-20 21:00:00.000,2022,1,20,21,13011KT,19,05
2022-01-20 22:00:00.000,2022,1,20,22,13010KT,18,06
2022-01-20 23:00:00.000,2022,1,20,23,13008KT,17,06
2022-01-21 00:00:00.000,2022,1,21,0,03004KT,14,04
2022-01-21 01:00:00.000,2022,1,21,1,05004KT,13,05
2022-01-21 02:00:00.000,2022,1,21,2,04004KT,11,06
2022-01-21 03:00:00.000,2022,1,21,3,00000KT,12,05
2022-01-21 04:00:00.000,2022,1,21,4,02004KT,12,05
2022-01-21 05:00:00.000,2022,1,21,5,03003KT,11,06
2022-01-21 06:00:00.000,2022,1,21,6,04003KT,10,07
2022-01-21 07:00:00.000,2022,1,21,7,05005KT,11,10
2022-01-21 08:00:00.000,2022,1,21,8,30004KT,09,07
2022-01-21 09:00:00.000,2022,1,21,9,32002KT,09,07
2022-01-21 10:00:00.000,2022,1,21,10,04004KT,09,08
2022-01-21 10:30:00.000,2022,1,21,10,02004KT,09,08
2022-01-21 11:00:00.000,2022,1,21,11,36003KT,09,07
2022-01-21 12:00:00.000,2022,1,21,12,VRB02KT,11,09
2022-01-21 13:00:00.000,2022,1,21,13,06005KT,14,07
2022-01-21 14:00:00.000,2022,1,21,14,04004KT,15,06
2022-01-21 15:00:00.000,2022,1,21,15,03006KT,11,06
2022-01-21 16:00:00.000,2022,1,21,16,10004KT,19,05
2022-01-21 17:00:00.000,2022,1,21,17,VRB04KT,21,07
2022-01-21 18:00:00.000,2022,1,21,18,09007KT,21,05
2022-01-21 19:00:00.000,2022,1,21,19,24007KT,20,07
2022-01-21 20:00:00.000,2022,1,21,20,31011KT,19,11
2022-01-21 21:00:00.000,2022,1,21,21,25005KT,19,09
2022-01-21 22:00:00.000,2022,1,21,22,27005KT,17,11
2022-01-21 23:00:00.000,2022,1,21,23,29006KT,15,12
2022-01-22 00:00:00.000,2022,1,22,0,23006KT,16,12
2022-01-22 01:00:00.000,2022,1,22,1,VRB02KT,14,12
2022-01-22 02:00:00.000,2022,1,22,2,05003KT,13,11
2022-01-22 03:00:00.000,2022,1,22,3,36003KT,13,12
2022-01-22 04:00:00.000,2022,1,22,4,05006KT,11,10
2022-01-22 05:00:00.000,2022,1,22,5,VRB02KT,11,10
2022-01-22 06:00:00.000,2022,1,22,6,VRB02KT,10,09
2022-01-22 07:00:00.000,2022,1,22,7,05005KT,10,09
2022-01-22 08:00:00.000,2022,1,22,8,06005KT,11,09
2022-01-22 09:00:00.000,2022,1,22,9,06004KT,10,09
2022-01-22 10:00:00.000,2022,1,22,10,VRB02KT,09,09
2022-01-22 10:30:00.000,2022,1,22,10,36005KT,10,10
2022-01-22 11:00:00.000,2022,1,22,11,02005KT,09,09
2022-01-22 12:00:00.000,2022,1,22,12,03003KT,11,09
2022-01-22 13:00:00.000,2022,1,22,13,04005KT,12,10
2022-01-22 14:00:00.000,2022,1,22,14,04005KT,15,09
2022-01-22 15:00:00.000,2022,1,22,15,34006KT,17,07
2022-01-22 16:00:00.000,2022,1,22,16,27006KT,19,06
2022-01-22 17:00:00.000,2022,1,22,17,30004KT,21,06
2022-01-22 18:00:00.000,2022,1,22,18,VRB04KT,21,05
2022-01-22 19:00:00.000,2022,1,22,19,26008KT,20,08
2022-01-22 20:00:00.000,2022,1,22,20,29010KT,18,11
2022-01-22 21:00:00.000,2022,1,22,21,27012KT,18,11
2022-01-22 22:00:00.000,2022,1,22,22,28012KT,16,12
2022-01-22 23:00:00.000,2022,1,22,23,26008KT,15,12
2022-01-23 00:00:00.000,2022,1,23,0,27003KT,15,12
2022-01-23 00:30:00.000,2022,1,23,0,26003KT,14,13
2022-01-23 01:00:00.000,2022,1,23,1,VRB02KT,14,13
2022-01-23 02:00:00.000,2022,1,23,2,30003KT,14,13
2022-01-23 03:00:00.000,2022,1,23,3,26003KT,14,12
2022-01-23 04:00:00.000,2022,1,23,4,27004KT,14,12
2022-01-23 05:00:00.000,2022,1,23,5,33004KT,14,12
2022-01-23 06:00:00.000,2022,1,23,6,02004KT,13,13
2022-01-23 07:00:00.000,2022,1,23,7,03007KT,13,12
2022-01-23 08:00:00.000,2022,1,23,8,02004KT,12,12
2022-01-23 09:00:00.000,2022,1,23,9,05003KT,12,11
2022-01-23 10:00:00.000,2022,1,23,10,35004KT,12,11
2022-01-23 10:30:00.000,2022,1,23,10,05004KT,12,11
2022-01-23 11:00:00.000,2022,1,23,11,08004KT,12,11
2022-01-23 12:00:00.000,2022,1,23,12,11006KT,13,11
2022-01-23 13:00:00.000,2022,1,23,13,07005KT,14,11
2022-01-23 14:00:00.000,2022,1,23,14,VRB02KT,16,10
2022-01-23 15:00:00.000,2022,1,23,15,26005KT,17,09
2022-01-23 16:00:00.000,2022,1,23,16,03005KT,19,09
2022-01-23 17:00:00.000,2022,1,23,17,VRB05KT,19,08
2022-01-23 18:00:00.000,2022,1,23,18,VRB06KT,19,10
2022-01-23 19:00:00.000,2022,1,23,19,VRB08KT,21,10
2022-01-23 20:00:00.000,2022,1,23,20,31007KT,18,12
2022-01-23 20:10:00.000,2022,1,23,20,28009KT,15,12
2022-01-23 20:16:00.000,2022,1,23,20,14015G25KT,11,11
2022-01-23 21:00:00.000,2022,1,23,21,17007KT,15,12
2022-01-23 22:00:00.000,2022,1,23,22,23007KT,16,13
2022-01-23 23:00:00.000,2022,1,23,23,25007KT,15,12
2022-01-24 00:00:00.000,2022,1,24,0,23004KT,15,12
2022-01-24 01:00:00.000,2022,1,24,1,VRB02KT,14,11
2022-01-24 02:00:00.000,2022,1,24,2,23003KT,14,12
2022-01-24 03:00:00.000,2022,1,24,3,26003KT,14,12
2022-01-24 04:00:00.000,2022,1,24,4,VRB03KT,14,11
2022-01-24 05:00:00.000,2022,1,24,5,VRB02KT,12,11
2022-01-24 06:00:00.000,2022,1,24,6,00000KT,12,11
2022-01-24 07:00:00.000,2022,1,24,7,00000KT,10,10
2022-01-24 08:00:00.000,2022,1,24,8,VRB02KT,10,10
2022-01-24 09:00:00.000,2022,1,24,9,VRB02KT,11,10
2022-01-24 10:00:00.000,2022,1,24,10,00000KT,08,08
2022-01-24 10:30:00.000,2022,1,24,10,VRB02KT,09,08
2022-01-24 11:00:00.000,2022,1,24,11,00000KT,09,09
2022-01-24 12:00:00.000,2022,1,24,12,00000KT,10,09
2022-01-24 12:30:00.000,2022,1,24,12,04003KT,12,11
2022-01-24 13:00:00.000,2022,1,24,13,36003KT,14,11
2022-01-24 13:45:00.000,2022,1,24,13,05004KT,16,10
2022-01-24 14:00:00.000,2022,1,24,14,05004KT,16,10
2022-01-24 15:00:00.000,2022,1,24,15,12006KT,18,09
2022-01-24 16:00:00.000,2022,1,24,16,10003KT,19,09
2022-01-24 17:00:00.000,2022,1,24,17,17005KT,19,09
2022-01-24 18:00:00.000,2022,1,24,18,23005KT,20,10
2022-01-24 19:00:00.000,2022,1,24,19,26009KT,18,11
2022-01-24 20:00:00.000,2022,1,24,20,25008KT,19,11
2022-01-24 21:00:00.000,2022,1,24,21,28012KT,18,12
2022-01-24 22:00:00.000,2022,1,24,22,24009KT,18,11
2022-01-24 23:00:00.000,2022,1,24,23,24009KT,16,10
2022-01-25 00:00:00.000,2022,1,25,0,24005KT,15,11
2022-01-25 01:00:00.000,2022,1,25,1,33004KT,15,11
2022-01-25 02:00:00.000,2022,1,25,2,32003KT,14,11
2022-01-25 03:00:00.000,2022,1,25,3,02003KT,14,11
2022-01-25 04:00:00.000,2022,1,25,4,34003KT,13,11
2022-01-25 05:00:00.000,2022,1,25,5,33003KT,13,11
2022-01-25 06:00:00.000,2022,1,25,6,28004KT,13,11
2022-01-25 07:00:00.000,2022,1,25,7,VRB02KT,12,12
2022-01-25 08:00:00.000,2022,1,25,8,31005KT,12,12
2022-01-25 09:00:00.000,2022,1,25,9,34004KT,11,11
2022-01-25 10:00:00.000,2022,1,25,10,VRB02KT,11,10
2022-01-25 10:30:00.000,2022,1,25,10,29004KT,09,09
2022-01-25 11:00:00.000,2022,1,25,11,VRB02KT,09,09
2022-01-25 12:00:00.000,2022,1,25,12,00000KT,10,09
2022-01-25 13:00:00.000,2022,1,25,13,00000KT,13,12
2022-01-25 14:00:00.000,2022,1,25,14,VRB02KT,15,11
2022-01-25 14:21:00.000,2022,1,25,14,03003KT,17,10
2022-01-25 15:00:00.000,2022,1,25,15,32003KT,18,10
2022-01-25 15:29:00.000,2022,1,25,15,29004KT,20,10
2022-01-25 16:00:00.000,2022,1,25,16,32006KT,18,10
2022-01-25 17:00:00.000,2022,1,25,17,29007KT,19,10
2022-01-25 18:00:00.000,2022,1,25,18,31018KT,17,11
2022-01-25 19:00:00.000,2022,1,25,19,27014KT,18,10
2022-01-25 20:00:00.000,2022,1,25,20,29014KT,19,11
2022-01-25 21:00:00.000,2022,1,25,21,26010G20KT,17,10
2022-01-25 22:00:00.000,2022,1,25,22,29005KT,17,10
2022-01-25 23:00:00.000,2022,1,25,23,34004KT,17,10
2022-01-26 00:00:00.000,2022,1,26,0,34004KT,13,10
2022-01-26 01:00:00.000,2022,1,26,1,30005KT,13,10
2022-01-26 02:00:00.000,2022,1,26,2,29005KT,14,11
2022-01-26 03:00:00.000,2022,1,26,3,VRB03KT,13,11
2022-01-26 04:00:00.000,2022,1,26,4,VRB02KT,12,11
2022-01-26 05:00:00.000,2022,1,26,5,VRB03KT,12,12
2022-01-26 06:00:00.000,2022,1,26,6,VRB02KT,12,12
2022-01-26 07:00:00.000,2022,1,26,7,36003KT,12,10
2022-01-26 08:00:00.000,2022,1,26,8,33003KT,10,09
2022-01-26 09:00:00.000,2022,1,26,9,34004KT,11,10
2022-01-26 10:00:00.000,2022,1,26,10,VRB02KT,12,11
2022-01-26 10:30:00.000,2022,1,26,10,03005KT,12,12
2022-01-26 11:00:00.000,2022,1,26,11,06005KT,12,12
2022-01-26 12:00:00.000,2022,1,26,12,35003KT,13,12
2022-01-26 13:00:00.000,2022,1,26,13,36004KT,14,12
2022-01-26 14:00:00.000,2022,1,26,14,03007KT,16,11
2022-01-26 15:00:00.000,2022,1,26,15,05007KT,18,09
2022-01-26 16:00:00.000,2022,1,26,16,04005KT,19,09
2022-01-26 17:00:00.000,2022,1,26,17,VRB03KT,21,08
2022-01-26 18:00:00.000,2022,1,26,18,30011KT,19,11
2022-01-26 19:00:00.000,2022,1,26,19,26013KT,20,11
2022-01-26 20:00:00.000,2022,1,26,20,25012KT,19,11
2022-01-26 21:00:00.000,2022,1,26,21,26010KT,17,12
2022-01-26 22:00:00.000,2022,1,26,22,24007KT,16,12
2022-01-26 23:00:00.000,2022,1,26,23,25007KT,15,12
2022-01-27 00:00:00.000,2022,1,27,0,27004KT,15,12
2022-01-27 01:00:00.000,2022,1,27,1,27003KT,14,12
2022-01-27 02:00:00.000,2022,1,27,2,31006KT,13,13
2022-01-27 03:00:00.000,2022,1,27,3,27004KT,14,13
2022-01-27 04:00:00.000,2022,1,27,4,30007KT,14,13
2022-01-27 05:00:00.000,2022,1,27,5,31006KT,13,12
2022-01-27 06:00:00.000,2022,1,27,6,33004KT,13,12
2022-01-27 07:00:00.000,2022,1,27,7,VRB02KT,13,12
2022-01-27 08:00:00.000,2022,1,27,8,35003KT,11,10
2022-01-27 09:00:00.000,2022,1,27,9,30005KT,12,11
2022-01-27 10:00:00.000,2022,1,27,10,34003KT,11,10
2022-01-27 10:30:00.000,2022,1,27,10,VRB02KT,10,10
2022-01-27 11:00:00.000,2022,1,27,11,VRB02KT,11,10
2022-01-27 12:00:00.000,2022,1,27,12,02003KT,13,09
2022-01-27 13:00:00.000,2022,1,27,13,09004KT,15,11
2022-01-27 14:00:00.000,2022,1,27,14,15004KT,17,09
2022-01-27 15:00:00.000,2022,1,27,15,VRB03KT,19,09
2022-01-27 16:00:00.000,2022,1,27,16,VRB05KT,20,09
2022-01-27 17:00:00.000,2022,1,27,17,26011KT,21,10
2022-01-27 18:00:00.000,2022,1,27,18,27011KT,21,10
2022-01-27 19:00:00.000,2022,1,27,19,28012KT,19,10
2022-01-27 20:00:00.000,2022,1,27,20,27011KT,19,10
2022-01-27 21:00:00.000,2022,1,27,21,28011KT,18,10
2022-01-27 22:00:00.000,2022,1,27,22,31013KT,16,11
2022-01-27 23:00:00.000,2022,1,27,23,31011KT,15,11
2022-01-28 00:00:00.000,2022,1,28,0,33005KT,13,11
2022-01-28 01:00:00.000,2022,1,28,1,25005KT,14,11
2022-01-28 02:00:00.000,2022,1,28,2,29004KT,13,11
2022-01-28 03:00:00.000,2022,1,28,3,30004KT,13,12
2022-01-28 04:00:00.000,2022,1,28,4,34003KT,13,11
2022-01-28 05:00:00.000,2022,1,28,5,28004KT,13,11
2022-01-28 06:00:00.000,2022,1,28,6,VRB02KT,12,11
2022-01-28 07:00:00.000,2022,1,28,7,36005KT,11,10
2022-01-28 08:00:00.000,2022,1,28,8,VRB02KT,11,10
2022-01-28 09:00:00.000,2022,1,28,9,30003KT,11,10
2022-01-28 10:00:00.000,2022,1,28,10,VRB02KT,11,11
2022-01-28 10:30:00.000,2022,1,28,10,05003KT,11,10
2022-01-28 11:00:00.000,2022,1,28,11,04004KT,10,09
2022-01-28 12:00:00.000,2022,1,28,12,34004KT,09,09
2022-01-28 12:30:00.000,2022,1,28,12,01003KT,11,10
2022-01-28 13:00:00.000,2022,1,28,13,02004KT,13,11
2022-01-28 14:00:00.000,2022,1,28,14,36003KT,15,10
2022-01-28 15:00:00.000,2022,1,28,15,29004KT,17,09
2022-01-28 16:00:00.000,2022,1,28,16,34006KT,19,07
2022-01-28 17:00:00.000,2022,1,28,17,28005KT,21,05
2022-01-28 18:00:00.000,2022,1,28,18,29015KT,21,10
2022-01-28 19:00:00.000,2022,1,28,19,27017KT,21,10
2022-01-28 20:00:00.000,2022,1,28,20,25014KT,18,10
2022-01-28 21:00:00.000,2022,1,28,21,27011KT,18,11
2022-01-28 22:00:00.000,2022,1,28,22,30008KT,17,10
2022-01-28 23:00:00.000,2022,1,28,23,32009KT,15,10
2022-01-29 00:00:00.000,2022,1,29,0,30008KT,14,10
2022-01-29 01:00:00.000,2022,1,29,1,31006KT,14,11
2022-01-29 02:00:00.000,2022,1,29,2,30007KT,13,08
2022-01-29 03:00:00.000,2022,1,29,3,32006KT,12,08
2022-01-29 04:00:00.000,2022,1,29,4,31005KT,11,09
2022-01-29 05:00:00.000,2022,1,29,5,32005KT,11,09
2022-01-29 06:00:00.000,2022,1,29,6,34006KT,10,08
2022-01-29 07:00:00.000,2022,1,29,7,32003KT,10,08
2022-01-29 08:00:00.000,2022,1,29,8,VRB02KT,08,07
2022-01-29 09:00:00.000,2022,1,29,9,VRB02KT,07,06
2022-01-29 10:00:00.000,2022,1,29,10,VRB02KT,06,06
2022-01-29 10:30:00.000,2022,1,29,10,30003KT,05,05
2022-01-29 11:00:00.000,2022,1,29,11,VRB02KT,05,05
2022-01-29 12:00:00.000,2022,1,29,12,31003KT,06,06
2022-01-29 13:00:00.000,2022,1,29,13,VRB02KT,10,09
2022-01-29 14:00:00.000,2022,1,29,14,22002KT,14,08
2022-01-29 15:00:00.000,2022,1,29,15,23003KT,17,07
2022-01-29 16:00:00.000,2022,1,29,16,31007KT,18,07
2022-01-29 17:00:00.000,2022,1,29,17,31011KT,20,06
2022-01-29 18:00:00.000,2022,1,29,18,31011KT,19,06
2022-01-29 19:00:00.000,2022,1,29,19,31014KT,20,07
2022-01-29 20:00:00.000,2022,1,29,20,31014KT,19,09
2022-01-29 21:00:00.000,2022,1,29,21,31013KT,19,09
2022-01-29 22:00:00.000,2022,1,29,22,30014KT,18,09
2022-01-29 23:00:00.000,2022,1,29,23,29013KT,16,09
2022-01-30 00:00:00.000,2022,1,30,0,30010KT,13,10
2022-01-30 01:00:00.000,2022,1,30,1,31006KT,13,10
2022-01-30 02:00:00.000,2022,1,30,2,30007KT,12,10
2022-01-30 03:00:00.000,2022,1,30,3,33006KT,11,09
2022-01-30 04:00:00.000,2022,1,30,4,31007KT,11,09
2022-01-30 05:00:00.000,2022,1,30,5,32006KT,10,08
2022-01-30 06:00:00.000,2022,1,30,6,32005KT,08,07
2022-01-30 07:00:00.000,2022,1,30,7,31005KT,06,06
2022-01-30 08:00:00.000,2022,1,30,8,30003KT,07,06
2022-01-30 09:00:00.000,2022,1,30,9,VRB02KT,05,05
2022-01-30 10:00:00.000,2022,1,30,10,VRB02KT,06,05
2022-01-30 11:00:00.000,2022,1,30,11,VRB02KT,05,05
2022-01-30 12:00:00.000,2022,1,30,12,VRB02KT,07,05
2022-01-30 12:30:00.000,2022,1,30,12,VRB02KT,09,09
2022-01-30 13:00:00.000,2022,1,30,13,03003KT,11,09
2022-01-30 14:00:00.000,2022,1,30,14,VRB03KT,13,07
2022-01-30 15:00:00.000,2022,1,30,15,VRB02KT,16,07
2022-01-30 16:00:00.000,2022,1,30,16,32007KT,18,07
2022-01-30 17:00:00.000,2022,1,30,17,29007KT,18,09
2022-01-30 18:00:00.000,2022,1,30,18,31012KT,20,09
2022-01-30 19:00:00.000,2022,1,30,19,29014KT,20,11
2022-01-30 20:00:00.000,2022,1,30,20,27015KT,20,09
2022-01-30 21:00:00.000,2022,1,30,21,28013KT,19,08
2022-01-30 22:00:00.000,2022,1,30,22,28012KT,18,07
2022-01-30 23:00:00.000,2022,1,30,23,30008KT,16,08
2022-01-31 00:00:00.000,2022,1,31,0,27008KT,14,09
2022-01-31 01:00:00.000,2022,1,31,1,28006KT,14,09
2022-01-31 02:00:00.000,2022,1,31,2,31007KT,12,10
2022-01-31 03:00:00.000,2022,1,31,3,30008KT,12,09
2022-01-31 04:00:00.000,2022,1,31,4,29009KT,12,09
2022-01-31 05:00:00.000,2022,1,31,5,27004KT,11,09
2022-01-31 06:00:00.000,2022,1,31,6,27005KT,10,08
2022-01-31 07:00:00.000,2022,1,31,7,29004KT,08,07
2022-01-31 08:00:00.000,2022,1,31,8,20005KT,09,08
2022-01-31 09:00:00.000,2022,1,31,9,23002KT,08,08
2022-01-31 10:00:00.000,2022,1,31,10,VRB02KT,06,05
2022-01-31 10:30:00.000,2022,1,31,10,VRB02KT,04,04
2022-01-31 11:00:00.000,2022,1,31,11,VRB02KT,04,03
2022-01-31 12:00:00.000,2022,1,31,12,VRB03KT,05,05
2022-01-31 13:00:00.000,2022,1,31,13,VRB02KT,10,07
2022-01-31 14:00:00.000,2022,1,31,14,VRB02KT,14,08
2022-01-31 15:00:00.000,2022,1,31,15,VRB02KT,16,06
2022-01-31 16:00:00.000,2022,1,31,16,28005KT,18,05
2022-01-31 17:00:00.000,2022,1,31,17,VRB07KT,19,05
2022-01-31 18:00:00.000,2022,1,31,18,27010KT,21,07
2022-01-31 19:00:00.000,2022,1,31,19,26012KT,19,09
2022-01-31 20:00:00.000,2022,1,31,20,27011KT,19,08
2022-01-31 21:00:00.000,2022,1,31,21,28010KT,19,08
2022-01-31 22:00:00.000,2022,1,31,22,28010KT,17,08
2022-01-31 23:00:00.000,2022,1,31,23,30010KT,15,08
2022-02-01 00:00:00.000,2022,2,1,0,31006KT,13,09
2022-02-01 01:00:00.000,2022,2,1,1,26004KT,13,08
2022-02-01 02:00:00.000,2022,2,1,2,24003KT,12,08
2022-02-01 03:00:00.000,2022,2,1,3,22003KT,12,09
2022-02-01 04:00:00.000,2022,2,1,4,25003KT,11,09
2022-02-01 05:00:00.000,2022,2,1,5,25003KT,11,09
2022-02-01 06:00:00.000,2022,2,1,6,26003KT,08,07
2022-02-01 07:00:00.000,2022,2,1,7,VRB02KT,05,05
2022-02-01 08:00:00.000,2022,2,1,8,36003KT,05,05
2022-02-01 09:00:00.000,2022,2,1,9,32004KT,05,04
2022-02-01 10:00:00.000,2022,2,1,10,31003KT,05,04
2022-02-01 10:30:00.000,2022,2,1,10,33003KT,06,05
2022-02-01 11:00:00.000,2022,2,1,11,32003KT,07,06
2022-02-01 11:30:00.000,2022,2,1,11,31003KT,05,03
2022-02-01 12:00:00.000,2022,2,1,12,00000KT,06,04
2022-02-01 12:30:00.000,2022,2,1,12,VRB02KT,08,08
2022-02-01 13:00:00.000,2022,2,1,13,06004KT,09,09
2022-02-01 14:00:00.000,2022,2,1,14,07006KT,14,08
2022-02-01 15:00:00.000,2022,2,1,15,35004KT,16,07
2022-02-01 16:00:00.000,2022,2,1,16,31004KT,17,06
2022-02-01 16:30:00.000,2022,2,1,16,17004KT,19,05
2022-02-01 17:00:00.000,2022,2,1,17,VRB02KT,20,07
2022-02-01 18:00:00.000,2022,2,1,18,33005KT,19,04
2022-02-01 19:00:00.000,2022,2,1,19,26011KT,20,08
2022-02-01 20:00:00.000,2022,2,1,20,27011KT,19,07
2022-02-01 21:00:00.000,2022,2,1,21,29013KT,18,09
2022-02-01 22:00:00.000,2022,2,1,22,28010KT,17,09
2022-02-01 23:00:00.000,2022,2,1,23,28008KT,15,10
2022-02-02 00:00:00.000,2022,2,2,0,26007KT,14,10
2022-02-02 01:00:00.000,2022,2,2,1,29007KT,13,11
2022-02-02 02:00:00.000,2022,2,2,2,31004KT,13,11
2022-02-02 03:00:00.000,2022,2,2,3,31005KT,11,11
2022-02-02 04:00:00.000,2022,2,2,4,30006KT,11,10
2022-02-02 05:00:00.000,2022,2,2,5,31005KT,09,08
2022-02-02 06:00:00.000,2022,2,2,6,VRB02KT,09,09
2022-02-02 07:00:00.000,2022,2,2,7,VRB02KT,10,10
2022-02-02 08:00:00.000,2022,2,2,8,01003KT,11,11
2022-02-02 09:00:00.000,2022,2,2,9,03003KT,10,10
2022-02-02 10:00:00.000,2022,2,2,10,VRB03KT,09,08
2022-02-02 10:30:00.000,2022,2,2,10,03003KT,09,08
2022-02-02 11:00:00.000,2022,2,2,11,04004KT,10,08
2022-02-02 12:00:00.000,2022,2,2,12,04005KT,10,08
2022-02-02 12:30:00.000,2022,2,2,12,04006KT,12,09
2022-02-02 13:00:00.000,2022,2,2,13,04007KT,12,09
2022-02-02 13:35:00.000,2022,2,2,13,04006KT,14,09
2022-02-02 14:00:00.000,2022,2,2,14,05008KT,15,08
2022-02-02 15:00:00.000,2022,2,2,15,17003KT,17,06
2022-02-02 16:00:00.000,2022,2,2,16,VRB02KT,19,05
2022-02-02 17:00:00.000,2022,2,2,17,VRB02KT,19,04
2022-02-02 18:00:00.000,2022,2,2,18,29008KT,18,08
2022-02-02 19:00:00.000,2022,2,2,19,30009KT,19,09
2022-02-02 20:00:00.000,2022,2,2,20,28009KT,19,09
2022-02-02 21:00:00.000,2022,2,2,21,28009KT,18,09
2022-02-02 22:00:00.000,2022,2,2,22,28011KT,17,10
2022-02-02 23:00:00.000,2022,2,2,23,28010KT,15,10
2022-02-03 00:00:00.000,2022,2,3,0,26004KT,14,11
2022-02-03 01:00:00.000,2022,2,3,1,01004KT,11,10
2022-02-03 02:00:00.000,2022,2,3,2,VRB02KT,11,11
2022-02-03 03:00:00.000,2022,2,3,3,VRB02KT,11,11
2022-02-03 04:00:00.000,2022,2,3,4,VRB02KT,12,09
2022-02-03 05:00:00.000,2022,2,3,5,04006KT,11,08
2022-02-03 06:00:00.000,2022,2,3,6,01003KT,10,08
2022-02-03 07:00:00.000,2022,2,3,7,VRB02KT,08,07
2022-02-03 08:00:00.000,2022,2,3,8,VRB02KT,07,07
2022-02-03 09:00:00.000,2022,2,3,9,VRB02KT,07,07
2022-02-03 10:00:00.000,2022,2,3,10,34004KT,05,04
2022-02-03 10:30:00.000,2022,2,3,10,30004KT,05,05
2022-02-03 11:00:00.000,2022,2,3,11,VRB02KT,05,05
2022-02-03 12:00:00.000,2022,2,3,12,VRB02KT,05,05
2022-02-03 12:12:00.000,2022,2,3,12,33003KT,07,07
2022-02-03 13:00:00.000,2022,2,3,13,32003KT,09,09
2022-02-03 14:00:00.000,2022,2,3,14,33003KT,12,09
2022-02-03 14:13:00.000,2022,2,3,14,03003KT,14,09
2022-02-03 15:00:00.000,2022,2,3,15,31004KT,16,07
2022-02-03 16:00:00.000,2022,2,3,16,33005KT,18,07
2022-02-03 17:00:00.000,2022,2,3,17,04005KT,19,07
2022-02-03 18:00:00.000,2022,2,3,18,24004KT,19,07
2022-02-03 19:00:00.000,2022,2,3,19,26009KT,20,06
2022-02-03 20:00:00.000,2022,2,3,20,14009KT,21,06
2022-02-03 21:00:00.000,2022,2,3,21,15012KT,20,06
2022-02-03 22:00:00.000,2022,2,3,22,23007KT,19,10
2022-02-03 23:00:00.000,2022,2,3,23,28006KT,17,10
2022-02-04 00:00:00.000,2022,2,4,0,30005KT,13,09
2022-02-04 01:00:00.000,2022,2,4,1,VRB02KT,11,08
2022-02-04 02:00:00.000,2022,2,4,2,VRB02KT,10,08
2022-02-04 03:00:00.000,2022,2,4,3,34003KT,09,08
2022-02-04 04:00:00.000,2022,2,4,4,VRB02KT,09,08
2022-02-04 05:00:00.000,2022,2,4,5,VRB02KT,09,08
2022-02-04 06:00:00.000,2022,2,4,6,VRB03KT,09,06
2022-02-04 07:00:00.000,2022,2,4,7,VRB03KT,07,05
2022-02-04 08:00:00.000,2022,2,4,8,VRB02KT,06,06
2022-02-04 09:00:00.000,2022,2,4,9,27003KT,06,06
2022-02-04 10:00:00.000,2022,2,4,10,00000KT,07,06
2022-02-04 11:00:00.000,2022,2,4,11,VRB02KT,09,08
2022-02-04 12:00:00.000,2022,2,4,12,05003KT,10,09
2022-02-04 13:00:00.000,2022,2,4,13,02004KT,12,10
2022-02-04 14:00:00.000,2022,2,4,14,03003KT,14,09
2022-02-04 15:00:00.000,2022,2,4,15,VRB03KT,17,09
2022-02-04 15:32:00.000,2022,2,4,15,VRB03KT,19,08
2022-02-04 16:00:00.000,2022,2,4,16,VRB02KT,19,07
2022-02-04 17:00:00.000,2022,2,4,17,VRB04KT,21,08
2022-02-04 18:00:00.000,2022,2,4,18,28009KT,20,10
2022-02-04 19:00:00.000,2022,2,4,19,28015KT,18,10
2022-02-04 20:00:00.000,2022,2,4,20,28008KT,18,11
2022-02-04 21:00:00.000,2022,2,4,21,27010KT,18,11
2022-02-04 22:00:00.000,2022,2,4,22,25005KT,17,11
2022-02-04 23:00:00.000,2022,2,4,23,23007KT,16,10
2022-02-05 00:00:00.000,2022,2,5,0,02004KT,14,11
2022-02-05 01:00:00.000,2022,2,5,1,02004KT,13,10
2022-02-05 02:00:00.000,2022,2,5,2,35004KT,12,11
2022-02-05 03:00:00.000,2022,2,5,3,VRB02KT,12,11
2022-02-05 04:00:00.000,2022,2,5,4,VRB02KT,13,12
2022-02-05 05:00:00.000,2022,2,5,5,36003KT,12,12
2022-02-05 06:00:00.000,2022,2,5,6,29004KT,13,13
2022-02-05 07:00:00.000,2022,2,5,7,VRB02KT,12,11
2022-02-05 08:00:00.000,2022,2,5,8,VRB02KT,12,11
2022-02-05 09:00:00.000,2022,2,5,9,30004KT,12,11
2022-02-05 10:00:00.000,2022,2,5,10,29004KT,11,11
2022-02-05 10:30:00.000,2022,2,5,10,VRB02KT,11,11
2022-02-05 11:00:00.000,2022,2,5,11,VRB02KT,11,11
2022-02-05 12:00:00.000,2022,2,5,12,34003KT,13,12
2022-02-05 13:00:00.000,2022,2,5,13,34004KT,13,12
2022-02-05 14:00:00.000,2022,2,5,14,VRB02KT,15,13
2022-02-05 15:00:00.000,2022,2,5,15,34004KT,16,12
2022-02-05 16:00:00.000,2022,2,5,16,VRB04KT,18,10
2022-02-05 17:00:00.000,2022,2,5,17,27010KT,17,11
2022-02-05 18:00:00.000,2022,2,5,18,30008KT,18,10
2022-02-05 19:00:00.000,2022,2,5,19,26010KT,17,11
2022-02-05 20:00:00.000,2022,2,5,20,27011KT,19,09
2022-02-05 21:00:00.000,2022,2,5,21,22005KT,16,10
2022-02-05 22:00:00.000,2022,2,5,22,29006KT,15,11
2022-02-05 23:00:00.000,2022,2,5,23,23007KT,15,11
2022-02-06 00:00:00.000,2022,2,6,0,27004KT,14,12
2022-02-06 01:00:00.000,2022,2,6,1,VRB02KT,13,11
2022-02-06 02:00:00.000,2022,2,6,2,35004KT,11,11
2022-02-06 03:00:00.000,2022,2,6,3,32003KT,11,10
2022-02-06 04:00:00.000,2022,2,6,4,23003KT,11,11
2022-02-06 05:00:00.000,2022,2,6,5,26003KT,12,12
2022-02-06 06:00:00.000,2022,2,6,6,30003KT,12,12
2022-02-06 07:00:00.000,2022,2,6,7,31004KT,12,11
2022-02-06 08:00:00.000,2022,2,6,8,27004KT,12,11
2022-02-06 09:00:00.000,2022,2,6,9,VRB02KT,12,11
2022-02-06 10:00:00.000,2022,2,6,10,VRB02KT,11,11
2022-02-06 10:30:00.000,2022,2,6,10,VRB02KT,11,11
2022-02-06 11:00:00.000,2022,2,6,11,VRB02KT,11,11
2022-02-06 12:00:00.000,2022,2,6,12,VRB02KT,13,12
2022-02-06 13:00:00.000,2022,2,6,13,VRB02KT,14,12
2022-02-06 14:00:00.000,2022,2,6,14,24003KT,14,12
2022-02-06 15:00:00.000,2022,2,6,15,10005KT,16,11
2022-02-06 16:00:00.000,2022,2,6,16,VRB05KT,17,10
2022-02-06 17:00:00.000,2022,2,6,17,13006KT,18,09
2022-02-06 18:00:00.000,2022,2,6,18,VRB05KT,18,10
2022-02-06 19:00:00.000,2022,2,6,19,28013KT,19,11
2022-02-06 20:00:00.000,2022,2,6,20,26008KT,18,10
2022-02-06 21:00:00.000,2022,2,6,21,25008KT,17,12
2022-02-06 22:00:00.000,2022,2,6,22,29008KT,15,12
2022-02-06 23:00:00.000,2022,2,6,23,27007KT,14,12
2022-02-07 00:00:00.000,2022,2,7,0,29006KT,14,12
2022-02-07 01:00:00.000,2022,2,7,1,26006KT,14,12
2022-02-07 02:00:00.000,2022,2,7,2,27005KT,13,11
2022-02-07 03:00:00.000,2022,2,7,3,27003KT,12,11
2022-02-07 04:00:00.000,2022,2,7,4,00000KT,13,12
2022-02-07 05:00:00.000,2022,2,7,5,33003KT,13,12
2022-02-07 06:00:00.000,2022,2,7,6,32003KT,12,11
2022-02-07 07:00:00.000,2022,2,7,7,35003KT,11,11
2022-02-07 08:00:00.000,2022,2,7,8,VRB02KT,12,11
2022-02-07 09:00:00.000,2022,2,7,9,VRB02KT,11,10
2022-02-07 10:00:00.000,2022,2,7,10,VRB02KT,11,11
2022-02-07 10:30:00.000,2022,2,7,10,VRB02KT,11,10
2022-02-07 11:00:00.000,2022,2,7,11,29003KT,11,11
2022-02-07 12:00:00.000,2022,2,7,12,VRB02KT,12,10
2022-02-07 13:00:00.000,2022,2,7,13,07006KT,14,11
2022-02-07 14:00:00.000,2022,2,7,14,VRB02KT,15,11
2022-02-07 15:00:00.000,2022,2,7,15,VRB02KT,16,11
2022-02-07 16:00:00.000,2022,2,7,16,06004KT,17,09
2022-02-07 17:00:00.000,2022,2,7,17,03009KT,17,11
2022-02-07 18:00:00.000,2022,2,7,18,04007KT,17,10
2022-02-07 19:00:00.000,2022,2,7,19,04005KT,16,10
2022-02-07 20:00:00.000,2022,2,7,20,04004KT,17,09
2022-02-07 21:00:00.000,2022,2,7,21,10010KT,17,09
2022-02-07 22:00:00.000,2022,2,7,22,23004KT,17,09
2022-02-07 23:00:00.000,2022,2,7,23,20005KT,14,13
2022-02-08 00:00:00.000,2022,2,8,0,24006KT,14,13
2022-02-08 01:00:00.000,2022,2,8,1,VRB02KT,14,13
2022-02-08 02:00:00.000,2022,2,8,2,VRB02KT,13,12
2022-02-08 03:00:00.000,2022,2,8,3,29004KT,13,12
2022-02-08 04:00:00.000,2022,2,8,4,02004KT,13,12
2022-02-08 05:00:00.000,2022,2,8,5,05005KT,13,11
2022-02-08 06:00:00.000,2022,2,8,6,02006KT,12,10
2022-02-08 07:00:00.000,2022,2,8,7,04006KT,13,11
2022-02-08 08:00:00.000,2022,2,8,8,04007KT,13,11
2022-02-08 09:00:00.000,2022,2,8,9,03005KT,13,11
2022-02-08 10:00:00.000,2022,2,8,10,05007KT,13,11
2022-02-08 10:30:00.000,2022,2,8,10,04007KT,12,11
2022-02-08 11:00:00.000,2022,2,8,11,03005KT,12,11
2022-02-08 12:00:00.000,2022,2,8,12,VRB02KT,12,11
2022-02-08 13:00:00.000,2022,2,8,13,VRB02KT,14,11
2022-02-08 14:00:00.000,2022,2,8,14,05004KT,14,10
2022-02-08 15:00:00.000,2022,2,8,15,VRB02KT,15,09
2022-02-08 15:27:00.000,2022,2,8,15,06005KT,14,10
2022-02-08 15:41:00.000,2022,2,8,15,12006KT,13,11
2022-02-08 16:00:00.000,2022,2,8,16,13006KT,13,12
2022-02-08 17:00:00.000,2022,2,8,17,11004KT,12,11
2022-02-08 18:00:00.000,2022,2,8,18,17004KT,14,10
2022-02-08 19:00:00.000,2022,2,8,19,25004KT,15,10
2022-02-08 20:00:00.000,2022,2,8,20,03006KT,15,10
2022-02-08 21:00:00.000,2022,2,8,21,03005KT,16,10
2022-02-08 22:00:00.000,2022,2,8,22,03004KT,16,09
2022-02-08 23:00:00.000,2022,2,8,23,36003KT,15,09
2022-02-09 00:00:00.000,2022,2,9,0,21003KT,12,10
2022-02-09 01:00:00.000,2022,2,9,1,32004KT,11,11
2022-02-09 02:00:00.000,2022,2,9,2,33003KT,11,11
2022-02-09 03:00:00.000,2022,2,9,3,VRB02KT,09,09
2022-02-09 04:00:00.000,2022,2,9,4,VRB02KT,09,09
2022-02-09 05:00:00.000,2022,2,9,5,00000KT,09,09
2022-02-09 06:00:00.000,2022,2,9,6,00000KT,08,07
2022-02-09 07:00:00.000,2022,2,9,7,36003KT,08,08
2022-02-09 08:00:00.000,2022,2,9,8,VRB02KT,09,09
2022-02-09 09:00:00.000,2022,2,9,9,32003KT,09,09
2022-02-09 10:00:00.000,2022,2,9,10,VRB02KT,09,09
2022-02-09 11:00:00.000,2022,2,9,11,VRB02KT,10,09
2022-02-09 12:00:00.000,2022,2,9,12,VRB02KT,10,10
2022-02-09 13:00:00.000,2022,2,9,13,VRB02KT,13,11
2022-02-09 14:00:00.000,2022,2,9,14,06006KT,15,10
2022-02-09 15:00:00.000,2022,2,9,15,04004KT,17,09
2022-02-09 16:00:00.000,2022,2,9,16,07008KT,18,07
2022-02-09 17:00:00.000,2022,2,9,17,15009KT,19,08
2022-02-09 18:00:00.000,2022,2,9,18,25006KT,19,08
2022-02-09 19:00:00.000,2022,2,9,19,29010KT,16,11
2022-02-09 20:00:00.000,2022,2,9,20,29006KT,16,11
2022-02-09 21:00:00.000,2022,2,9,21,13006KT,13,10
2022-02-09 22:00:00.000,2022,2,9,22,03004KT,13,13
2022-02-09 23:00:00.000,2022,2,9,23,35003KT,13,12
2022-02-10 00:00:00.000,2022,2,10,0,36004KT,13,11
2022-02-10 01:00:00.000,2022,2,10,1,02003KT,13,12
2022-02-10 02:00:00.000,2022,2,10,2,32004KT,13,11
2022-02-10 03:00:00.000,2022,2,10,3,04004KT,13,11
2022-02-10 04:00:00.000,2022,2,10,4,04005KT,12,11
2022-02-10 05:00:00.000,2022,2,10,5,03005KT,11,10
2022-02-10 06:00:00.000,2022,2,10,6,VRB02KT,11,10
2022-02-10 07:00:00.000,2022,2,10,7,11003KT,10,09
2022-02-10 08:00:00.000,2022,2,10,8,31003KT,10,10
2022-02-10 09:00:00.000,2022,2,10,9,00000KT,10,09
2022-02-10 10:00:00.000,2022,2,10,10,31003KT,09,08
2022-02-10 10:30:00.000,2022,2,10,10,VRB02KT,09,08
2022-02-10 11:00:00.000,2022,2,10,11,VRB02KT,8,8
2022-02-10 12:00:00.000,2022,2,10,12,10006KT,10,09
2022-02-10 13:00:00.000,2022,2,10,13,05004KT,13,12
2022-02-10 14:00:00.000,2022,2,10,14,VRB02KT,15,09
2022-02-10 15:00:00.000,2022,2,10,15,27004KT,17,09
2022-02-10 16:00:00.000,2022,2,10,16,VRB02KT,18,08
2022-02-10 17:00:00.000,2022,2,10,17,24006KT,20,10
2022-02-10 18:00:00.000,2022,2,10,18,26008KT,20,11
2022-02-10 19:00:00.000,2022,2,10,19,30013KT,20,11
2022-02-10 20:00:00.000,2022,2,10,20,26013KT,18,12
2022-02-10 21:00:00.000,2022,2,10,21,25010KT,17,11
2022-02-10 22:00:00.000,2022,2,10,22,33008KT,15,13
2022-02-10 23:00:00.000,2022,2,10,23,08006KT,12,11
2022-02-11 00:00:00.000,2022,2,11,0,17006KT,13,11
2022-02-11 01:00:00.000,2022,2,11,1,VRB02KT,12,11
2022-02-11 02:00:00.000,2022,2,11,2,VRB02KT,12,11
2022-02-11 03:00:00.000,2022,2,11,3,02003KT,12,12
2022-02-11 04:00:00.000,2022,2,11,4,VRB02KT,12,11
2022-02-11 05:00:00.000,2022,2,11,5,VRB02KT,11,10
2022-02-11 06:00:00.000,2022,2,11,6,36003KT,11,10
2022-02-11 07:00:00.000,2022,2,11,7,04003KT,10,09
2022-02-11 08:00:00.000,2022,2,11,8,VRB02KT,10,10
2022-02-11 09:00:00.000,2022,2,11,9,VRB02KT,10,10
2022-02-11 10:00:00.000,2022,2,11,10,VRB02KT,09,09
2022-02-11 10:30:00.000,2022,2,11,10,VRB02KT,09,09
2022-02-11 11:00:00.000,2022,2,11,11,VRB02KT,09,09
2022-02-11 11:20:00.000,2022,2,11,11,04003KT,09,09
2022-02-11 12:00:00.000,2022,2,11,12,07005KT,10,10
2022-02-11 12:20:00.000,2022,2,11,12,07004KT,12,11
2022-02-11 13:00:00.000,2022,2,11,13,03005KT,14,11
2022-02-11 14:00:00.000,2022,2,11,14,09003KT,16,10
2022-02-11 15:00:00.000,2022,2,11,15,VRB02KT,17,09
2022-02-11 16:00:00.000,2022,2,11,16,VRB02KT,18,10
2022-02-11 17:00:00.000,2022,2,11,17,28005KT,20,07
2022-02-11 18:00:00.000,2022,2,11,18,29012KT,19,11
2022-02-11 19:00:00.000,2022,2,11,19,28012KT,20,11
2022-02-11 20:00:00.000,2022,2,11,20,27013KT,20,11
2022-02-11 21:00:00.000,2022,2,11,21,26011KT,17,11
2022-02-11 22:00:00.000,2022,2,11,22,30006KT,17,11
2022-02-11 23:00:00.000,2022,2,11,23,01004KT,16,11
2022-02-12 00:00:00.000,2022,2,12,0,34004KT,15,11
2022-02-12 01:00:00.000,2022,2,12,1,31006KT,14,11
2022-02-12 02:00:00.000,2022,2,12,2,31005KT,14,11
2022-02-12 03:00:00.000,2022,2,12,3,32006KT,13,12
2022-02-12 04:00:00.000,2022,2,12,4,34003KT,13,12
2022-02-12 05:00:00.000,2022,2,12,5,36003KT,12,11
2022-02-12 06:00:00.000,2022,2,12,6,33004KT,11,11
2022-02-12 07:00:00.000,2022,2,12,7,33003KT,11,11
2022-02-12 08:00:00.000,2022,2,12,8,VRB02KT,12,11
2022-02-12 09:00:00.000,2022,2,12,9,VRB02KT,12,10
2022-02-12 10:00:00.000,2022,2,12,10,36003KT,12,11
2022-02-12 10:30:00.000,2022,2,12,10,04005KT,11,11
2022-02-12 11:00:00.000,2022,2,12,11,04006KT,11,10
2022-02-12 12:00:00.000,2022,2,12,12,07006KT,13,10
2022-02-12 13:00:00.000,2022,2,12,13,VRB02KT,16,11
2022-02-12 14:00:00.000,2022,2,12,14,VRB05KT,18,10
2022-02-12 15:00:00.000,2022,2,12,15,07006KT,18,09
2022-02-12 16:00:00.000,2022,2,12,16,05006KT,19,09
2022-02-12 17:00:00.000,2022,2,12,17,08007KT,20,08
2022-02-12 18:00:00.000,2022,2,12,18,24006KT,21,07
2022-02-12 19:00:00.000,2022,2,12,19,24007KT,19,09
2022-02-12 20:00:00.000,2022,2,12,20,29009KT,19,10
2022-02-12 21:00:00.000,2022,2,12,21,29013KT,17,11
2022-02-12 22:00:00.000,2022,2,12,22,28010KT,17,11
2022-02-12 23:00:00.000,2022,2,12,23,27008KT,16,11
2022-02-13 00:00:00.000,2022,2,13,0,25005KT,16,12
2022-02-13 01:00:00.000,2022,2,13,1,30003KT,15,12
2022-02-13 02:00:00.000,2022,2,13,2,VRB02KT,13,13
2022-02-13 03:00:00.000,2022,2,13,3,27003KT,14,12
2022-02-13 04:00:00.000,2022,2,13,4,33003KT,13,13
2022-02-13 05:00:00.000,2022,2,13,5,VRB02KT,13,13
2022-02-13 06:00:00.000,2022,2,13,6,26004KT,13,13
2022-02-13 07:00:00.000,2022,2,13,7,04003KT,13,13
2022-02-13 08:00:00.000,2022,2,13,8,01003KT,13,12
2022-02-13 09:00:00.000,2022,2,13,9,33004KT,13,12
2022-02-13 10:00:00.000,2022,2,13,10,35003KT,13,12
2022-02-13 10:30:00.000,2022,2,13,10,02004KT,13,12
2022-02-13 11:00:00.000,2022,2,13,11,06003KT,13,12
2022-02-13 12:00:00.000,2022,2,13,12,02004KT,13,12
2022-02-13 13:00:00.000,2022,2,13,13,VRB04KT,15,11
2022-02-13 14:00:00.000,2022,2,13,14,08004KT,16,10
2022-02-13 15:00:00.000,2022,2,13,15,09005KT,16,09
2022-02-13 16:00:00.000,2022,2,13,16,05006KT,19,09
2022-02-13 17:00:00.000,2022,2,13,17,08007KT,19,08
2022-02-13 18:00:00.000,2022,2,13,18,10007KT,20,07
2022-02-13 19:00:00.000,2022,2,13,19,21006KT,19,09
2022-02-13 20:00:00.000,2022,2,13,20,31007KT,18,11
2022-02-13 21:00:00.000,2022,2,13,21,23006KT,20,10
2022-02-13 22:00:00.000,2022,2,13,22,29009KT,17,11
2022-02-13 23:00:00.000,2022,2,13,23,27008KT,16,11
2022-02-14 00:00:00.000,2022,2,14,0,23004KT,15,10
2022-02-14 01:00:00.000,2022,2,14,1,27010KT,13,11
2022-02-14 02:00:00.000,2022,2,14,2,17005KT,14,11
2022-02-14 03:00:00.000,2022,2,14,3,VRB02KT,12,11
2022-02-14 04:00:00.000,2022,2,14,4,02003KT,13,12
2022-02-14 05:00:00.000,2022,2,14,5,VRB02KT,12,11
2022-02-14 06:00:00.000,2022,2,14,6,35003KT,12,12
2022-02-14 07:00:00.000,2022,2,14,7,35003KT,12,11
2022-02-14 08:00:00.000,2022,2,14,8,06004KT,12,11
2022-02-14 09:00:00.000,2022,2,14,9,00000KT,12,11
2022-02-14 10:00:00.000,2022,2,14,10,00000KT,12,11
2022-02-14 11:00:00.000,2022,2,14,11,VRB02KT,10,10
2022-02-14 12:00:00.000,2022,2,14,12,10004KT,11,10
2022-02-14 13:00:00.000,2022,2,14,13,02005KT,13,11
2022-02-14 14:00:00.000,2022,2,14,14,34004KT,14,11
2022-02-14 15:00:00.000,2022,2,14,15,02004KT,16,10
2022-02-14 16:00:00.000,2022,2,14,16,34004KT,17,09
2022-02-14 17:00:00.000,2022,2,14,17,VRB02KT,19,08
2022-02-14 18:00:00.000,2022,2,14,18,23012KT,20,10
2022-02-14 19:00:00.000,2022,2,14,19,28014KT,18,11
2022-02-14 20:00:00.000,2022,2,14,20,29012KT,17,11
2022-02-14 21:00:00.000,2022,2,14,21,28007KT,16,11
2022-02-14 22:00:00.000,2022,2,14,22,26009KT,15,10
2022-02-14 23:00:00.000,2022,2,14,23,28007KT,15,09
2022-02-15 00:00:00.000,2022,2,15,0,27005KT,14,09
2022-02-15 01:00:00.000,2022,2,15,1,00000KT,13,12
2022-02-15 02:00:00.000,2022,2,15,2,01003KT,13,12
2022-02-15 03:00:00.000,2022,2,15,3,VRB02KT,12,12
2022-02-15 04:00:00.000,2022,2,15,4,VRB02KT,13,12
2022-02-15 05:00:00.000,2022,2,15,5,VRB02KT,12,12
2022-02-15 06:00:00.000,2022,2,15,6,VRB02KT,12,11
2022-02-15 07:00:00.000,2022,2,15,7,VRB02KT,12,11
2022-02-15 08:00:00.000,2022,2,15,8,00000KT,11,11
2022-02-15 09:00:00.000,2022,2,15,9,VRB02KT,10,10
2022-02-15 10:00:00.000,2022,2,15,10,33003KT,09,09
2022-02-15 11:00:00.000,2022,2,15,11,VRB02KT,11,11
2022-02-15 12:00:00.000,2022,2,15,12,VRB02KT,11,11
2022-02-15 13:00:00.000,2022,2,15,13,VRB02KT,13,12
2022-02-15 14:00:00.000,2022,2,15,14,04004KT,14,12
2022-02-15 15:00:00.000,2022,2,15,15,34003KT,15,11
2022-02-15 16:00:00.000,2022,2,15,16,12003KT,16,09
2022-02-15 17:00:00.000,2022,2,15,17,17003KT,17,10
2022-02-15 18:00:00.000,2022,2,15,18,22006KT,19,10
2022-02-15 19:00:00.000,2022,2,15,19,02004KT,19,08
2022-02-15 20:00:00.000,2022,2,15,20,19003KT,20,07
2022-02-15 20:30:00.000,2022,2,15,20,30015KT,18,12
2022-02-15 21:00:00.000,2022,2,15,21,27014KT,18,12
2022-02-15 22:00:00.000,2022,2,15,22,23011KT,16,10
2022-02-15 23:00:00.000,2022,2,15,23,23007KT,15,11
2022-02-16 00:00:00.000,2022,2,16,0,29005KT,15,11
2022-02-16 01:00:00.000,2022,2,16,1,27005KT,14,11
2022-02-16 02:00:00.000,2022,2,16,2,24004KT,14,11
2022-02-16 03:00:00.000,2022,2,16,3,25005KT,14,11
2022-02-16 04:00:00.000,2022,2,16,4,25003KT,13,11
2022-02-16 05:00:00.000,2022,2,16,5,32003KT,13,12
2022-02-16 06:00:00.000,2022,2,16,6,32003KT,13,12
2022-02-16 07:00:00.000,2022,2,16,7,34004KT,13,12
2022-02-16 08:00:00.000,2022,2,16,8,VRB02KT,12,12
2022-02-16 09:00:00.000,2022,2,16,9,VRB02KT,12,11
2022-02-16 10:00:00.000,2022,2,16,10,VRB02KT,11,10
2022-02-16 11:00:00.000,2022,2,16,11,17008KT,13,06
2022-02-16 12:00:00.000,2022,2,16,12,11004KT,13,07
2022-02-16 13:00:00.000,2022,2,16,13,08004KT,14,07
2022-02-16 14:00:00.000,2022,2,16,14,01004KT,16,07
2022-02-16 15:00:00.000,2022,2,16,15,30004KT,17,06
2022-02-16 16:00:00.000,2022,2,16,16,32004KT,18,07
2022-02-16 17:00:00.000,2022,2,16,17,19006KT,20,08
2022-02-16 18:00:00.000,2022,2,16,18,22008KT,20,10
2022-02-16 19:00:00.000,2022,2,16,19,27008KT,20,10
2022-02-16 20:00:00.000,2022,2,16,20,26012KT,19,10
2022-02-16 21:00:00.000,2022,2,16,21,29010KT,19,10
2022-02-16 22:00:00.000,2022,2,16,22,29009KT,18,11
2022-02-16 23:00:00.000,2022,2,16,23,26008KT,16,11
2022-02-17 00:00:00.000,2022,2,17,0,23006KT,15,12
2022-02-17 01:00:00.000,2022,2,17,1,29003KT,13,12
2022-02-17 02:00:00.000,2022,2,17,2,03003KT,12,12
2022-02-17 03:00:00.000,2022,2,17,3,36004KT,13,12
2022-02-17 04:00:00.000,2022,2,17,4,03004KT,13,11
2022-02-17 05:00:00.000,2022,2,17,5,35003KT,13,11
2022-02-17 06:00:00.000,2022,2,17,6,04004KT,12,11
2022-02-17 07:00:00.000,2022,2,17,7,04004KT,12,11
2022-02-17 08:00:00.000,2022,2,17,8,04004KT,12,11
2022-02-17 09:00:00.000,2022,2,17,9,03003KT,12,12
2022-02-17 10:00:00.000,2022,2,17,10,06003KT,12,12
2022-02-17 10:30:00.000,2022,2,17,10,02003KT,12,11
2022-02-17 11:00:00.000,2022,2,17,11,02004KT,12,11
2022-02-17 12:00:00.000,2022,2,17,12,05004KT,12,11
2022-02-17 13:00:00.000,2022,2,17,13,04006KT,14,11
2022-02-17 14:00:00.000,2022,2,17,14,04006KT,16,10
2022-02-17 15:00:00.000,2022,2,17,15,05005KT,18,08
2022-02-17 16:00:00.000,2022,2,17,16,01004KT,18,08
2022-02-17 17:00:00.000,2022,2,17,17,27004KT,19,07
2022-02-17 18:00:00.000,2022,2,17,18,VRB04KT,20,10
2022-02-17 19:00:00.000,2022,2,17,19,24006KT,18,11
2022-02-17 20:00:00.000,2022,2,17,20,29005KT,19,11
2022-02-17 21:00:00.000,2022,2,17,21,26006KT,19,11
2022-02-17 22:00:00.000,2022,2,17,22,24009KT,18,11
2022-02-17 23:00:00.000,2022,2,17,23,26005KT,16,11
2022-02-18 00:00:00.000,2022,2,18,0,27003KT,15,12
2022-02-18 01:00:00.000,2022,2,18,1,22004KT,15,12
2022-02-18 02:00:00.000,2022,2,18,2,33003KT,14,12
2022-02-18 03:00:00.000,2022,2,18,3,30003KT,15,12
2022-02-18 04:00:00.000,2022,2,18,4,VRB02KT,12,11
2022-02-18 05:00:00.000,2022,2,18,5,04003KT,12,11
2022-02-18 06:00:00.000,2022,2,18,6,01003KT,11,10
2022-02-18 07:00:00.000,2022,2,18,7,VRB02KT,10,09
2022-02-18 08:00:00.000,2022,2,18,8,VRB02KT,11,11
2022-02-18 09:00:00.000,2022,2,18,9,VRB02KT,11,10
2022-02-18 10:00:00.000,2022,2,18,10,06005KT,11,10
2022-02-18 10:30:00.000,2022,2,18,10,04007KT,12,10
2022-02-18 11:00:00.000,2022,2,18,11,36003KT,11,10
2022-02-18 12:00:00.000,2022,2,18,12,03004KT,13,11
2022-02-18 13:00:00.000,2022,2,18,13,01004KT,14,11
2022-02-18 14:00:00.000,2022,2,18,14,VRB03KT,16,10
2022-02-18 15:00:00.000,2022,2,18,15,VRB02KT,19,09
2022-02-18 16:00:00.000,2022,2,18,16,27004KT,18,09
2022-02-18 17:00:00.000,2022,2,18,17,26008KT,17,10
2022-02-18 17:20:00.000,2022,2,18,17,25014KT,16,10
2022-02-18 18:00:00.000,2022,2,18,18,28013KT,17,09
2022-02-18 19:00:00.000,2022,2,18,19,29011KT,17,10
2022-02-18 20:00:00.000,2022,2,18,20,29010KT,16,11
2022-02-18 21:00:00.000,2022,2,18,21,32009KT,15,11
2022-02-18 22:00:00.000,2022,2,18,22,31006KT,16,10
2022-02-18 23:00:00.000,2022,2,18,23,01003KT,15,10
2022-02-19 00:00:00.000,2022,2,19,0,33004KT,13,10
2022-02-19 01:00:00.000,2022,2,19,1,31003KT,12,10
2022-02-19 02:00:00.000,2022,2,19,2,27005KT,13,11
2022-02-19 03:00:00.000,2022,2,19,3,22003KT,13,11
2022-02-19 04:00:00.000,2022,2,19,4,30004KT,13,11
2022-02-19 05:00:00.000,2022,2,19,5,27004KT,13,11
2022-02-19 06:00:00.000,2022,2,19,6,30003KT,12,11
2022-02-19 07:00:00.000,2022,2,19,7,33005KT,12,11
2022-02-19 08:00:00.000,2022,2,19,8,32005KT,12,11
2022-02-19 09:00:00.000,2022,2,19,9,29004KT,12,11
2022-02-19 10:00:00.000,2022,2,19,10,31004KT,12,11
2022-02-19 10:30:00.000,2022,2,19,10,31004KT,11,11
2022-02-19 11:00:00.000,2022,2,19,11,33004KT,11,11
2022-02-19 12:00:00.000,2022,2,19,12,28003KT,12,11
2022-02-19 12:13:00.000,2022,2,19,12,VRB02KT,12,11
2022-02-19 13:00:00.000,2022,2,19,13,29006KT,13,12
2022-02-19 14:00:00.000,2022,2,19,14,29005KT,14,10
2022-02-19 15:00:00.000,2022,2,19,15,29003KT,16,11
2022-02-19 16:00:00.000,2022,2,19,16,30007KT,16,11
2022-02-19 17:00:00.000,2022,2,19,17,30008KT,17,10
2022-02-19 18:00:00.000,2022,2,19,18,28008KT,17,10
2022-02-19 19:00:00.000,2022,2,19,19,29008KT,17,10
2022-02-19 20:00:00.000,2022,2,19,20,31010KT,17,11
2022-02-19 20:05:00.000,2022,2,19,20,30010KT,16,11
2022-02-19 20:24:00.000,2022,2,19,20,29013KT,16,11
2022-02-19 21:00:00.000,2022,2,19,21,31005KT,14,13
2022-02-19 22:00:00.000,2022,2,19,22,32010KT,16,11
2022-02-19 23:00:00.000,2022,2,19,23,31009KT,14,11
2022-02-20 00:00:00.000,2022,2,20,0,33005KT,12,11
2022-02-20 01:00:00.000,2022,2,20,1,33007KT,12,11
2022-02-20 02:00:00.000,2022,2,20,2,32004KT,12,11
2022-02-20 03:00:00.000,2022,2,20,3,23004KT,12,11
2022-02-20 04:00:00.000,2022,2,20,4,VRB02KT,11,10
2022-02-20 05:00:00.000,2022,2,20,5,VRB02KT,11,11
2022-02-20 06:00:00.000,2022,2,20,6,VRB02KT,11,09
2022-02-20 07:00:00.000,2022,2,20,7,VRB02KT,10,09
2022-02-20 08:00:00.000,2022,2,20,8,VRB02KT,11,10
2022-02-20 09:00:00.000,2022,2,20,9,VRB02KT,11,10
2022-02-20 10:00:00.000,2022,2,20,10,01004KT,10,09
2022-02-20 10:30:00.000,2022,2,20,10,30004KT,11,09
2022-02-20 11:00:00.000,2022,2,20,11,36003KT,10,09
2022-02-20 12:00:00.000,2022,2,20,12,01003KT,13,10
2022-02-20 13:00:00.000,2022,2,20,13,VRB02KT,14,10
2022-02-20 14:00:00.000,2022,2,20,14,VRB02KT,14,11
2022-02-20 15:00:00.000,2022,2,20,15,34005KT,15,10
2022-02-20 16:00:00.000,2022,2,20,16,01004KT,17,10
2022-02-20 17:00:00.000,2022,2,20,17,32005KT,18,9
2022-02-20 18:00:00.000,2022,2,20,18,30010KT,20,10
2022-02-20 19:00:00.000,2022,2,20,19,31011KT,20,09
2022-02-20 20:00:00.000,2022,2,20,20,32014KT,19,11
2022-02-20 21:00:00.000,2022,2,20,21,33012KT,18,10
2022-02-20 22:00:00.000,2022,2,20,22,26010KT,16,11
2022-02-20 23:00:00.000,2022,2,20,23,30008KT,14,10
2022-02-21 00:00:00.000,2022,2,21,0,26007KT,13,10
2022-02-21 01:00:00.000,2022,2,21,1,29011KT,13,10
2022-02-21 02:00:00.000,2022,2,21,2,29008KT,13,10
2022-02-21 03:00:00.000,2022,2,21,3,28007KT,13,11
2022-02-21 04:00:00.000,2022,2,21,4,30004KT,13,11
2022-02-21 05:00:00.000,2022,2,21,5,25005KT,13,11
2022-02-21 06:00:00.000,2022,2,21,6,VRB02KT,12,11
2022-02-21 07:00:00.000,2022,2,21,7,30003KT,11,10
2022-02-21 08:00:00.000,2022,2,21,8,31006KT,12,11
2022-02-21 09:00:00.000,2022,2,21,9,32005KT,12,11
2022-02-21 10:00:00.000,2022,2,21,10,VRB02KT,11,10
2022-02-21 10:30:00.000,2022,2,21,10,VRB02KT,11,09
2022-02-21 11:00:00.000,2022,2,21,11,00000KT,10,09
2022-02-21 12:00:00.000,2022,2,21,12,31003KT,10,10
2022-02-21 12:35:00.000,2022,2,21,12,27003KT,12,11
2022-02-21 13:00:00.000,2022,2,21,13,30003KT,14,11
2022-02-21 13:25:00.000,2022,2,21,13,VRB02KT,16,11
2022-02-21 14:00:00.000,2022,2,21,14,20003KT,16,10
2022-02-21 15:00:00.000,2022,2,21,15,33003KT,17,09
2022-02-21 16:00:00.000,2022,2,21,16,33004KT,18,08
2022-02-21 17:00:00.000,2022,2,21,17,26006KT,19,10
2022-02-21 18:00:00.000,2022,2,21,18,27014KT,18,10
2022-02-21 19:00:00.000,2022,2,21,19,28010KT,18,10
2022-02-21 20:00:00.000,2022,2,21,20,26012KT,19,10
2022-02-21 21:00:00.000,2022,2,21,21,27012KT,17,10
2022-02-21 22:00:00.000,2022,2,21,22,23006KT,16,10
2022-02-21 23:00:00.000,2022,2,21,23,02008KT,13,10
2022-02-22 00:00:00.000,2022,2,22,0,03008KT,13,09
2022-02-22 01:00:00.000,2022,2,22,1,03004KT,12,10
2022-02-22 02:00:00.000,2022,2,22,2,01004KT,12,10
2022-02-22 03:00:00.000,2022,2,22,3,02004KT,11,11
2022-02-22 04:00:00.000,2022,2,22,4,VRB02KT,11,10
2022-02-22 05:00:00.000,2022,2,22,5,01004KT,10,09
2022-02-22 06:00:00.000,2022,2,22,6,VRB02KT,10,09
2022-02-22 07:00:00.000,2022,2,22,7,VRB02KT,08,07
2022-02-22 07:27:00.000,2022,2,22,7,VRB02KT,08,08
2022-02-22 08:00:00.000,2022,2,22,8,VRB02KT,08,08
2022-02-22 09:00:00.000,2022,2,22,9,VRB02KT,07,07
2022-02-22 10:00:00.000,2022,2,22,10,VRB02KT,09,08
2022-02-22 10:30:00.000,2022,2,22,10,05006KT,09,08
2022-02-22 11:00:00.000,2022,2,22,11,04004KT,10,09
2022-02-22 12:00:00.000,2022,2,22,12,05005KT,11,10
2022-02-22 13:00:00.000,2022,2,22,13,04004KT,13,11
2022-02-22 14:00:00.000,2022,2,22,14,09006KT,15,10
2022-02-22 15:00:00.000,2022,2,22,15,05006KT,16,09
2022-02-22 16:00:00.000,2022,2,22,16,04004KT,18,10
2022-02-22 17:00:00.000,2022,2,22,17,32004KT,20,10
2022-02-22 18:00:00.000,2022,2,22,18,29004KT,21,07
2022-02-22 19:00:00.000,2022,2,22,19,30012KT,18,11
2022-02-22 19:10:00.000,2022,2,22,19,24012KT,18,11
2022-02-22 19:20:00.000,2022,2,22,19,22013KT,17,11
2022-02-22 20:00:00.000,2022,2,22,20,23008KT,16,13
2022-02-22 20:10:00.000,2022,2,22,20,23007KT,14,11
2022-02-22 21:00:00.000,2022,2,22,21,27008KT,15,13
2022-02-22 22:00:00.000,2022,2,22,22,33005KT,15,12
2022-02-22 23:00:00.000,2022,2,22,23,35004KT,15,12
2022-02-23 00:00:00.000,2022,2,23,0,32005KT,13,11
2022-02-23 01:00:00.000,2022,2,23,1,34003KT,12,11
2022-02-23 02:00:00.000,2022,2,23,2,22003KT,12,11
2022-02-23 03:00:00.000,2022,2,23,3,VRB02KT,12,10
2022-02-23 04:00:00.000,2022,2,23,4,VRB02KT,11,10
2022-02-23 05:00:00.000,2022,2,23,5,VRB02KT,11,10
2022-02-23 06:00:00.000,2022,2,23,6,VRB02KT,11,11
2022-02-23 07:00:00.000,2022,2,23,7,VRB02KT,11,10
2022-02-23 08:00:00.000,2022,2,23,8,34003KT,11,11
2022-02-23 09:00:00.000,2022,2,23,9,01003KT,11,11
2022-02-23 10:00:00.000,2022,2,23,10,03004KT,11,10
2022-02-23 10:30:00.000,2022,2,23,10,36003KT,11,10
2022-02-23 11:00:00.000,2022,2,23,11,VRB02KT,11,10
2022-02-23 12:00:00.000,2022,2,23,12,02004KT,12,10
2022-02-23 13:00:00.000,2022,2,23,13,02004KT,13,11
2022-02-23 13:15:00.000,2022,2,23,13,04004KT,15,09
2022-02-23 14:00:00.000,2022,2,23,14,05005KT,15,09
2022-02-23 15:00:00.000,2022,2,23,15,13004KT,17,09
2022-02-23 16:00:00.000,2022,2,23,16,34004KT,18,9
2022-02-23 17:00:00.000,2022,2,23,17,02005KT,19,07
2022-02-23 18:00:00.000,2022,2,23,18,28004KT,21,07
2022-02-23 19:00:00.000,2022,2,23,19,28009KT,21,10
2022-02-23 20:00:00.000,2022,2,23,20,29015KT,20,11
2022-02-23 21:00:00.000,2022,2,23,21,26013KT,18,11
2022-02-23 22:00:00.000,2022,2,23,22,25010KT,18,11
2022-02-23 23:00:00.000,2022,2,23,23,28010KT,17,11
2022-02-24 00:00:00.000,2022,2,24,0,27006KT,15,11
2022-02-24 01:00:00.000,2022,2,24,1,32007KT,14,11
2022-02-24 02:00:00.000,2022,2,24,2,32005KT,13,11
2022-02-24 03:00:00.000,2022,2,24,3,VRB02KT,13,11
2022-02-24 04:00:00.000,2022,2,24,4,30003KT,14,11
2022-02-24 05:00:00.000,2022,2,24,5,VRB02KT,14,11
2022-02-24 06:00:00.000,2022,2,24,6,31005KT,12,11
2022-02-24 07:00:00.000,2022,2,24,7,31004KT,11,11
2022-02-24 08:00:00.000,2022,2,24,8,35004KT,13,11
2022-02-24 09:00:00.000,2022,2,24,9,33004KT,12,12
2022-02-24 10:00:00.000,2022,2,24,10,36004KT,12,12
2022-02-24 11:00:00.000,2022,2,24,11,03005KT,12,11
2022-02-24 12:00:00.000,2022,2,24,12,03004KT,12,11
2022-02-24 13:00:00.000,2022,2,24,13,05006KT,15,12
2022-02-24 14:00:00.000,2022,2,24,14,03004KT,16,11
2022-02-24 15:00:00.000,2022,2,24,15,19006KT,18,09
2022-02-24 16:00:00.000,2022,2,24,16,02005KT,19,08
2022-02-24 17:00:00.000,2022,2,24,17,32004KT,20,08
2022-02-24 18:00:00.000,2022,2,24,18,24011KT,19,13
2022-02-24 18:30:00.000,2022,2,24,18,24012KT,19,11
2022-02-24 19:00:00.000,2022,2,24,19,28014KT,17,11
2022-02-24 20:00:00.000,2022,2,24,20,17007KT,15,13
2022-02-24 20:15:00.000,2022,2,24,20,12003KT,15,12
2022-02-24 21:00:00.000,2022,2,24,21,17004KT,17,13
2022-02-24 22:00:00.000,2022,2,24,22,12005KT,15,10
2022-02-24 22:10:00.000,2022,2,24,22,12003KT,15,10
2022-02-24 23:00:00.000,2022,2,24,23,25003KT,15,12
2022-02-25 00:00:00.000,2022,2,25,0,26005KT,14,13
2022-02-25 01:00:00.000,2022,2,25,1,29004KT,14,13
2022-02-25 01:10:00.000,2022,2,25,1,VRB05KT,14,13
2022-02-25 02:00:00.000,2022,2,25,2,30004KT,14,13
2022-02-25 03:00:00.000,2022,2,25,3,31005KT,12,12
2022-02-25 04:00:00.000,2022,2,25,4,00000KT,12,11
2022-02-25 05:00:00.000,2022,2,25,5,01002KT,12,12
2022-02-25 06:00:00.000,2022,2,25,6,29003KT,12,12
2022-02-25 07:00:00.000,2022,2,25,7,35002KT,12,11
2022-02-25 08:00:00.000,2022,2,25,8,VRB02KT,12,12
2022-02-25 09:00:00.000,2022,2,25,9,VRB02KT,12,12
2022-02-25 10:00:00.000,2022,2,25,10,02004KT,12,12
2022-02-25 10:30:00.000,2022,2,25,10,04003KT,11,11
2022-02-25 11:00:00.000,2022,2,25,11,06004KT,11,10
2022-02-25 12:00:00.000,2022,2,25,12,04004KT,12,12
2022-02-25 13:00:00.000,2022,2,25,13,04005KT,13,12
2022-02-25 14:00:00.000,2022,2,25,14,04005KT,15,12
2022-02-25 15:00:00.000,2022,2,25,15,04006KT,17,12
2022-02-25 16:00:00.000,2022,2,25,16,06007KT,18,09
2022-02-25 17:00:00.000,2022,2,25,17,05003KT,18,09
2022-02-25 18:00:00.000,2022,2,25,18,22010KT,18,12
2022-02-25 19:00:00.000,2022,2,25,19,33010KT,16,13
2022-02-25 19:25:00.000,2022,2,25,19,23005KT,16,14
2022-02-25 20:00:00.000,2022,2,25,20,27009KT,17,13
2022-02-25 21:00:00.000,2022,2,25,21,18009KT,16,11
2022-02-25 22:00:00.000,2022,2,25,22,23007KT,17,12
2022-02-25 23:00:00.000,2022,2,25,23,VRB02KT,14,12
2022-02-26 00:00:00.000,2022,2,26,0,12003KT,15,12
2022-02-26 01:00:00.000,2022,2,26,1,VRB02KT,15,13
2022-02-26 02:00:00.000,2022,2,26,2,02004KT,14,13
2022-02-26 03:00:00.000,2022,2,26,3,VRB02KT,14,13
2022-02-26 04:00:00.000,2022,2,26,4,14005KT,13,12
2022-02-26 05:00:00.000,2022,2,26,5,21002KT,13,12
2022-02-26 06:00:00.000,2022,2,26,6,02004KT,12,12
2022-02-26 07:00:00.000,2022,2,26,7,03004KT,13,12
2022-02-26 08:00:00.000,2022,2,26,8,VRB02KT,12,12
2022-02-26 09:00:00.000,2022,2,26,9,04005KT,12,11
2022-02-26 10:00:00.000,2022,2,26,10,05007KT,12,11
2022-02-26 10:30:00.000,2022,2,26,10,06006KT,11,11
2022-02-26 11:00:00.000,2022,2,26,11,26004KT,11,11
2022-02-26 12:00:00.000,2022,2,26,12,05005KT,13,11
2022-02-26 13:00:00.000,2022,2,26,13,02004KT,14,12
2022-02-26 14:00:00.000,2022,2,26,14,10005KT,17,11
2022-02-26 15:00:00.000,2022,2,26,15,13007KT,17,10
2022-02-26 16:00:00.000,2022,2,26,16,15008KT,18,09
2022-02-26 17:00:00.000,2022,2,26,17,21008KT,17,11
2022-02-26 18:00:00.000,2022,2,26,18,29004KT,17,12
2022-02-26 19:00:00.000,2022,2,26,19,24008KT,17,11
2022-02-26 20:00:00.000,2022,2,26,20,29010KT,18,12
2022-02-26 21:00:00.000,2022,2,26,21,28009KT,16,11
2022-02-26 22:00:00.000,2022,2,26,22,29010KT,15,12
2022-02-26 23:00:00.000,2022,2,26,23,27007KT,15,12
2022-02-27 00:00:00.000,2022,2,27,0,24004KT,14,12
2022-02-27 01:00:00.000,2022,2,27,1,VRB02KT,13,11
2022-02-27 02:00:00.000,2022,2,27,2,35003KT,14,11
2022-02-27 03:00:00.000,2022,2,27,3,33003KT,14,11
2022-02-27 04:00:00.000,2022,2,27,4,32003KT,12,11
2022-02-27 05:00:00.000,2022,2,27,5,00000KT,13,12
2022-02-27 06:00:00.000,2022,2,27,6,27005KT,12,12
2022-02-27 07:00:00.000,2022,2,27,7,29003KT,12,11
2022-02-27 08:00:00.000,2022,2,27,8,VRB02KT,12,11
2022-02-27 09:00:00.000,2022,2,27,9,VRB02KT,12,12
2022-02-27 10:00:00.000,2022,2,27,10,VRB02KT,12,11
2022-02-27 10:30:00.000,2022,2,27,10,VRB02KT,12,11
2022-02-27 11:00:00.000,2022,2,27,11,VRB02KT,12,11
2022-02-27 12:00:00.000,2022,2,27,12,VRB02KT,13,11
2022-02-27 13:00:00.000,2022,2,27,13,VRB02KT,13,11
2022-02-27 14:00:00.000,2022,2,27,14,VRB02KT,14,11
2022-02-27 15:00:00.000,2022,2,27,15,VRB02KT,16,12
2022-02-27 16:00:00.000,2022,2,27,16,11003KT,18,11
2022-02-27 17:00:00.000,2022,2,27,17,36004KT,17,12
2022-02-27 18:00:00.000,2022,2,27,18,28005KT,16,12
2022-02-27 19:00:00.000,2022,2,27,19,31012KT,15,14
2022-02-27 20:00:00.000,2022,2,27,20,29010KT,16,13
2022-02-27 21:00:00.000,2022,2,27,21,27008KT,16,12
2022-02-27 22:00:00.000,2022,2,27,22,23009KT,15,13
2022-02-27 22:26:00.000,2022,2,27,22,24010KT,14,13
2022-02-27 23:00:00.000,2022,2,27,23,25007KT,13,13
2022-02-28 00:00:00.000,2022,2,28,0,26005KT,13,13
2022-02-28 01:00:00.000,2022,2,28,1,21004KT,14,12
2022-02-28 02:00:00.000,2022,2,28,2,21003KT,13,12
2022-02-28 03:00:00.000,2022,2,28,3,31004KT,13,12
2022-02-28 04:00:00.000,2022,2,28,4,VRB02KT,13,12
2022-02-28 05:00:00.000,2022,2,28,5,34003KT,13,12
2022-02-28 06:00:00.000,2022,2,28,6,31003KT,13,12
2022-02-28 07:00:00.000,2022,2,28,7,VRB02KT,12,12
2022-02-28 08:00:00.000,2022,2,28,8,VRB02KT,12,12
2022-02-28 09:00:00.000,2022,2,28,9,00000KT,12,12
2022-02-28 10:00:00.000,2022,2,28,10,00000KT,12,11
2022-02-28 10:30:00.000,2022,2,28,10,VRB02KT,12,11
2022-02-28 11:00:00.000,2022,2,28,11,VRB02KT,12,11
2022-02-28 12:00:00.000,2022,2,28,12,VRB02KT,12,12
2022-02-28 13:00:00.000,2022,2,28,13,VRB02KT,13,12
2022-02-28 14:00:00.000,2022,2,28,14,33003KT,14,13
2022-02-28 15:00:00.000,2022,2,28,15,30003KT,15,12
2022-02-28 16:00:00.000,2022,2,28,16,36003KT,13,13
2022-02-28 17:00:00.000,2022,2,28,17,30005KT,14,13
2022-02-28 17:30:00.000,2022,2,28,17,35005KT,15,13
2022-02-28 18:00:00.000,2022,2,28,18,27006KT,15,13
2022-02-28 19:00:00.000,2022,2,28,19,28005KT,14,13
2022-02-28 19:15:00.000,2022,2,28,19,29006KT,15,13
2022-02-28 20:00:00.000,2022,2,28,20,29007KT,15,13
2022-02-28 21:00:00.000,2022,2,28,21,32005KT,15,12
2022-02-28 22:00:00.000,2022,2,28,22,32006KT,15,12
2022-02-28 22:20:00.000,2022,2,28,22,31005KT,14,12
2022-02-28 23:00:00.000,2022,2,28,23,27003KT,14,12
2022-03-01 00:00:00.000,2022,3,1,0,VRB02KT,13,12
2022-03-01 01:00:00.000,2022,3,1,1,VRB02KT,13,12
2022-03-01 02:00:00.000,2022,3,1,2,VRB02KT,13,11
2022-03-01 03:00:00.000,2022,3,1,3,VRB02KT,12,11
2022-03-01 04:00:00.000,2022,3,1,4,04005KT,12,10
2022-03-01 05:00:00.000,2022,3,1,5,02006KT,12,10
2022-03-01 06:00:00.000,2022,3,1,6,05005KT,12,10
2022-03-01 07:00:00.000,2022,3,1,7,VRB02KT,12,10
2022-03-01 08:00:00.000,2022,3,1,8,VRB02KT,12,10
2022-03-01 09:00:00.000,2022,3,1,9,06004KT,12,10
2022-03-01 10:00:00.000,2022,3,1,10,VRB02KT,13,11
2022-03-01 10:30:00.000,2022,3,1,10,VRB02KT,12,10
2022-03-01 11:00:00.000,2022,3,1,11,VRB02KT,12,10
2022-03-01 12:00:00.000,2022,3,1,12,06004KT,12,11
2022-03-01 13:00:00.000,2022,3,1,13,04006KT,13,11
2022-03-01 15:00:00.000,2022,3,1,15,13004KT,16,10
2022-03-01 16:00:00.000,2022,3,1,16,35003KT,14,12
2022-03-01 17:00:00.000,2022,3,1,17,14006KT,16,11
2022-03-01 18:00:00.000,2022,3,1,18,08004KT,17,11
2022-03-01 20:00:00.000,2022,3,1,20,36004KT,17,12
2022-03-01 23:00:00.000,2022,3,1,23,08006KT,16,10
2022-03-02 00:00:00.000,2022,3,2,0,09004KT,15,10
2022-03-02 01:00:00.000,2022,3,2,1,VRB02KT,12,10
2022-03-02 02:00:00.000,2022,3,2,2,04003KT,12,09
2022-03-02 03:00:00.000,2022,3,2,3,04004KT,12,10
2022-03-02 11:00:00.000,2022,3,2,11,02004KT,12,10
2022-03-02 13:00:00.000,2022,3,2,13,05006KT,14,10
2022-03-02 15:00:00.000,2022,3,2,15,06008KT,16,11
2022-03-02 17:00:00.000,2022,3,2,17,12004KT,16,10
2022-03-02 18:00:00.000,2022,3,2,18,05004KT,18,10
2022-03-02 19:00:00.000,2022,3,2,19,06007KT,18,10
2022-03-02 20:00:00.000,2022,3,2,20,07006KT,18,09
2022-03-02 21:00:00.000,2022,3,2,21,22003KT,16,12
2022-03-02 22:00:00.000,2022,3,2,22,34003KT,16,13
2022-03-03 00:00:00.000,2022,3,3,0,32008KT,13,11
2022-03-03 01:00:00.000,2022,3,3,1,VRB02KT,13,12
2022-03-03 02:00:00.000,2022,3,3,2,VRB02KT,13,11
2022-03-03 03:00:00.000,2022,3,3,3,VRB02KT,12,11
2022-03-03 04:00:00.000,2022,3,3,4,04004KT,12,10
2022-03-03 05:00:00.000,2022,3,3,5,04006KT,12,10
2022-03-03 06:00:00.000,2022,3,3,6,04006KT,13,10
2022-03-03 07:00:00.000,2022,3,3,7,03005KT,13,10
2022-03-03 08:00:00.000,2022,3,3,8,05004KT,12,09
2022-03-03 09:00:00.000,2022,3,3,9,05004KT,12,10
2022-03-03 10:00:00.000,2022,3,3,10,06004KT,12,10
2022-03-03 10:30:00.000,2022,3,3,10,06005KT,12,10
2022-03-03 11:00:00.000,2022,3,3,11,07005KT,12,10
2022-03-03 12:00:00.000,2022,3,3,12,06005KT,13,10
2022-03-03 13:00:00.000,2022,3,3,13,04004KT,14,10
2022-03-03 14:00:00.000,2022,3,3,14,05006KT,15,10
2022-03-03 15:00:00.000,2022,3,3,15,06005KT,18,09
2022-03-03 16:00:00.000,2022,3,3,16,09006KT,19,09
2022-03-03 17:00:00.000,2022,3,3,17,07006KT,20,09
2022-03-03 18:00:00.000,2022,3,3,18,25009KT,18,12
2022-03-03 19:00:00.000,2022,3,3,19,23008KT,15,13
2022-03-03 20:00:00.000,2022,3,3,20,31007KT,17,13
2022-03-03 21:00:00.000,2022,3,3,21,27010KT,16,13
2022-03-03 22:00:00.000,2022,3,3,22,24008KT,15,13
2022-03-03 23:00:00.000,2022,3,3,23,26006KT,14,13
2022-03-04 00:00:00.000,2022,3,4,0,32005KT,14,12
2022-03-04 01:00:00.000,2022,3,4,1,VRB02KT,13,12
2022-03-04 02:00:00.000,2022,3,4,2,VRB02KT,14,11
2022-03-04 03:00:00.000,2022,3,4,3,34004KT,13,11
2022-03-04 04:00:00.000,2022,3,4,4,VRB02KT,12,10
2022-03-04 05:00:00.000,2022,3,4,5,VRB02KT,11,10
2022-03-04 06:00:00.000,2022,3,4,6,VRB02KT,11,9
2022-03-04 07:00:00.000,2022,3,4,7,VRB02KT,11,09
2022-03-04 08:00:00.000,2022,3,4,8,VRB02KT,09,08
2022-03-04 09:00:00.000,2022,3,4,9,VRB02KT,11,09
2022-03-04 10:00:00.000,2022,3,4,10,34004KT,09,08
2022-03-04 10:30:00.000,2022,3,4,10,VRB02KT,09,08
2022-03-04 11:00:00.000,2022,3,4,11,25004KT,09,08
2022-03-04 12:00:00.000,2022,3,4,12,VRB02KT,10,09
2022-03-04 13:00:00.000,2022,3,4,13,00000KT,11,09
2022-03-04 14:00:00.000,2022,3,4,14,VRB02KT,15,10
2022-03-04 15:00:00.000,2022,3,4,15,20003KT,17,09
2022-03-04 16:00:00.000,2022,3,4,16,14004KT,18,08
2022-03-04 17:00:00.000,2022,3,4,17,14005KT,17,09
2022-03-04 18:00:00.000,2022,3,4,18,15008KT,17,10
2022-03-04 19:00:00.000,2022,3,4,19,10004KT,18,10
2022-03-04 20:00:00.000,2022,3,4,20,18006KT,18,10
2022-03-04 21:00:00.000,2022,3,4,21,09010KT,18,10
2022-03-04 22:00:00.000,2022,3,4,22,24009KT,15,12
2022-03-04 23:00:00.000,2022,3,4,23,27006KT,15,12
2022-03-05 00:00:00.000,2022,3,5,0,25005KT,14,11
2022-03-05 01:00:00.000,2022,3,5,1,29004KT,14,11
2022-03-05 02:00:00.000,2022,3,5,2,33006KT,13,12
2022-03-05 03:00:00.000,2022,3,5,3,02003KT,13,11
2022-03-05 04:00:00.000,2022,3,5,4,29003KT,13,11
2022-03-05 05:00:00.000,2022,3,5,5,35004KT,12,11
2022-03-05 06:00:00.000,2022,3,5,6,VRB02KT,13,11
2022-03-05 07:00:00.000,2022,3,5,7,VRB02KT,12,11
2022-03-05 08:00:00.000,2022,3,5,8,VRB02KT,12,11
2022-03-05 09:00:00.000,2022,3,5,9,05004KT,12,11
2022-03-05 10:00:00.000,2022,3,5,10,08004KT,12,10
2022-03-05 11:00:00.000,2022,3,5,11,04004KT,12,10
2022-03-05 12:00:00.000,2022,3,5,12,03005KT,13,10
2022-03-05 13:00:00.000,2022,3,5,13,04005KT,15,10
2022-03-05 14:00:00.000,2022,3,5,14,03003KT,17,11
2022-03-05 15:00:00.000,2022,3,5,15,VRB04KT,18,11
2022-03-05 16:00:00.000,2022,3,5,16,33003KT,18,10
2022-03-05 17:00:00.000,2022,3,5,17,27010KT,17,11
2022-03-05 18:00:00.000,2022,3,5,18,24010KT,17,11
2022-03-05 19:00:00.000,2022,3,5,19,33011KT,16,11
2022-03-05 20:00:00.000,2022,3,5,20,29010KT,17,12
2022-03-05 21:00:00.000,2022,3,5,21,23005KT,17,12
2022-03-05 22:00:00.000,2022,3,5,22,30006KT,17,13
2022-03-05 23:00:00.000,2022,3,5,23,34010KT,15,12
2022-03-06 00:00:00.000,2022,3,6,0,34005KT,14,12
2022-03-06 01:00:00.000,2022,3,6,1,30006KT,14,12
2022-03-06 02:00:00.000,2022,3,6,2,05005KT,14,12
2022-03-06 03:00:00.000,2022,3,6,3,VRB02KT,13,11
2022-03-06 04:00:00.000,2022,3,6,4,VRB02KT,12,11
2022-03-06 05:00:00.000,2022,3,6,5,VRB02KT,13,11
2022-03-06 06:00:00.000,2022,3,6,6,VRB02KT,13,11
2022-03-06 07:00:00.000,2022,3,6,7,36003KT,12,11
2022-03-06 08:00:00.000,2022,3,6,8,33003KT,12,11
2022-03-06 09:00:00.000,2022,3,6,9,00000KT,12,11
2022-03-06 10:00:00.000,2022,3,6,10,VRB02KT,12,11
2022-03-06 11:00:00.000,2022,3,6,11,VRB02KT,11,11
2022-03-06 12:00:00.000,2022,3,6,12,36003KT,13,12
2022-03-06 13:00:00.000,2022,3,6,13,VRB02KT,15,12
2022-03-06 14:00:00.000,2022,3,6,14,30004KT,17,12
2022-03-06 15:00:00.000,2022,3,6,15,VRB02KT,17,12
2022-03-06 16:00:00.000,2022,3,6,16,33006KT,17,11
2022-03-06 17:00:00.000,2022,3,6,17,28010KT,17,12
2022-03-06 18:00:00.000,2022,3,6,18,27011KT,16,12
2022-03-06 19:00:00.000,2022,3,6,19,30010KT,16,12
2022-03-06 20:00:00.000,2022,3,6,20,34006KT,16,11
2022-03-06 21:00:00.000,2022,3,6,21,32007KT,16,12
2022-03-06 22:00:00.000,2022,3,6,22,31010KT,14,10
2022-03-06 23:00:00.000,2022,3,6,23,33008KT,13,11
2022-03-07 00:00:00.000,2022,3,7,0,31008KT,13,11
2022-03-07 01:00:00.000,2022,3,7,1,31007KT,13,11
2022-03-07 02:00:00.000,2022,3,7,2,31008KT,13,11
2022-03-07 03:00:00.000,2022,3,7,3,33007KT,13,11
2022-03-07 04:00:00.000,2022,3,7,4,33005KT,13,10
2022-03-07 05:00:00.000,2022,3,7,5,31007KT,12,10
2022-03-07 06:00:00.000,2022,3,7,6,VRB02KT,12,11
2022-03-07 07:00:00.000,2022,3,7,7,VRB02KT,12,10
2022-03-07 08:00:00.000,2022,3,7,8,VRB02KT,12,10
2022-03-07 09:00:00.000,2022,3,7,9,25003KT,12,10
2022-03-07 10:00:00.000,2022,3,7,10,27003KT,12,11
2022-03-07 11:00:00.000,2022,3,7,11,VRB02KT,12,11
2022-03-07 12:00:00.000,2022,3,7,12,VRB02KT,12,10
2022-03-07 12:18:00.000,2022,3,7,12,VRB02KT,12,11
2022-03-07 13:00:00.000,2022,3,7,13,33003KT,12,11
2022-03-07 14:00:00.000,2022,3,7,14,35005KT,12,11
2022-03-07 14:20:00.000,2022,3,7,14,VRB02KT,12,11
2022-03-07 15:00:00.000,2022,3,7,15,VRB02KT,14,11
2022-03-07 16:00:00.000,2022,3,7,16,32010KT,15,11
2022-03-07 17:00:00.000,2022,3,7,17,35012KT,16,10
2022-03-07 18:00:00.000,2022,3,7,18,32014KT,17,11
2022-03-07 19:00:00.000,2022,3,7,19,33014KT,17,12
2022-03-07 20:00:00.000,2022,3,7,20,32014KT,16,10
2022-03-07 21:00:00.000,2022,3,7,21,33013KT,16,10
2022-03-07 22:00:00.000,2022,3,7,22,32010KT,14,10
2022-03-07 23:00:00.000,2022,3,7,23,30010KT,14,11
2022-03-08 00:00:00.000,2022,3,8,0,30010KT,12,11
2022-03-08 01:00:00.000,2022,3,8,1,31007KT,13,11
2022-03-08 02:00:00.000,2022,3,8,2,31005KT,13,10
2022-03-08 03:00:00.000,2022,3,8,3,VRB02KT,13,09
2022-03-08 04:00:00.000,2022,3,8,4,28004KT,13,09
2022-03-08 05:00:00.000,2022,3,8,5,30004KT,13,09
2022-03-08 06:00:00.000,2022,3,8,6,30004KT,12,09
2022-03-08 07:00:00.000,2022,3,8,7,32003KT,11,9
2022-03-08 08:00:00.000,2022,3,8,8,VRB02KT,09,08
2022-03-08 09:00:00.000,2022,3,8,9,26003KT,10,09
2022-03-08 10:00:00.000,2022,3,8,10,VRB02KT,08,08
2022-03-08 10:30:00.000,2022,3,8,10,VRB02KT,07,07
2022-03-08 11:00:00.000,2022,3,8,11,VRB02KT,07,06
2022-03-08 12:00:00.000,2022,3,8,12,VRB02KT,08,07
2022-03-08 12:20:00.000,2022,3,8,12,VRB02KT,10,09
2022-03-08 13:00:00.000,2022,3,8,13,03003KT,12,10
2022-03-08 13:25:00.000,2022,3,8,13,VRB02KT,14,10
2022-03-08 14:00:00.000,2022,3,8,14,VRB02KT,16,09
2022-03-08 15:00:00.000,2022,3,8,15,VRB02KT,16,09
2022-03-08 16:00:00.000,2022,3,8,16,33003KT,18,09
2022-03-08 17:00:00.000,2022,3,8,17,31011KT,15,09
2022-03-08 18:00:00.000,2022,3,8,18,31009KT,16,09
2022-03-08 19:00:00.000,2022,3,8,19,VRB05KT,16,10
2022-03-08 20:00:00.000,2022,3,8,20,24011KT,17,09
2022-03-08 21:00:00.000,2022,3,8,21,25012KT,17,08
2022-03-08 22:00:00.000,2022,3,8,22,33009KT,15,11
2022-03-08 23:00:00.000,2022,3,8,23,36005KT,14,10
2022-03-09 00:00:00.000,2022,3,9,0,30005KT,13,09
2022-03-09 01:00:00.000,2022,3,9,1,30006KT,13,09
2022-03-09 02:00:00.000,2022,3,9,2,26004KT,13,09
2022-03-09 03:00:00.000,2022,3,9,3,27003KT,13,09
2022-03-09 04:00:00.000,2022,3,9,4,00000KT,10,07
2022-03-09 05:00:00.000,2022,3,9,5,02003KT,08,07
2022-03-09 06:00:00.000,2022,3,9,6,02003KT,08,07
2022-03-09 07:00:00.000,2022,3,9,7,VRB02KT,06,06
2022-03-09 08:00:00.000,2022,3,9,8,VRB02KT,08,07
2022-03-09 09:00:00.000,2022,3,9,9,VRB02KT,08,07
2022-03-09 10:00:00.000,2022,3,9,10,35004KT,04,03
2022-03-09 10:30:00.000,2022,3,9,10,33004KT,06,05
2022-03-09 11:00:00.000,2022,3,9,11,VRB02KT,05,05
2022-03-09 11:30:00.000,2022,3,9,11,02004KT,05,05
2022-03-09 12:00:00.000,2022,3,9,12,03003KT,06,06
2022-03-09 12:05:00.000,2022,3,9,12,03004KT,08,07
2022-03-09 13:00:00.000,2022,3,9,13,VRB02KT,09,09
2022-03-09 13:23:00.000,2022,3,9,13,02004KT,11,10
2022-03-09 14:00:00.000,2022,3,9,14,03004KT,14,10
2022-03-09 15:00:00.000,2022,3,9,15,VRB04KT,17,09
2022-03-09 16:00:00.000,2022,3,9,16,28005KT,18,09
2022-03-09 17:00:00.000,2022,3,9,17,VRB04KT,19,07
2022-03-09 18:00:00.000,2022,3,9,18,29012KT,20,09
2022-03-09 19:00:00.000,2022,3,9,19,29012KT,20,08
2022-03-09 20:00:00.000,2022,3,9,20,28011KT,19,06
2022-03-09 21:00:00.000,2022,3,9,21,31006KT,19,06
2022-03-09 22:00:00.000,2022,3,9,22,29010KT,18,08
2022-03-09 23:00:00.000,2022,3,9,23,31010KT,16,10
2022-03-10 00:00:00.000,2022,3,10,0,28007KT,14,09
2022-03-10 01:00:00.000,2022,3,10,1,29006KT,14,10
2022-03-10 02:00:00.000,2022,3,10,2,VRB02KT,11,10
2022-03-10 03:00:00.000,2022,3,10,3,20003KT,10,08
2022-03-10 04:00:00.000,2022,3,10,4,32004KT,12,10
2022-03-10 05:00:00.000,2022,3,10,5,00000KT,10,10
2022-03-10 06:00:00.000,2022,3,10,6,VRB02KT,09,08
2022-03-10 07:00:00.000,2022,3,10,7,32004KT,10,10
2022-03-10 08:00:00.000,2022,3,10,8,VRB02KT,10,10
2022-03-10 09:00:00.000,2022,3,10,9,VRB02KT,10,09
2022-03-10 10:00:00.000,2022,3,10,10,02003KT,09,09
2022-03-10 10:30:00.000,2022,3,10,10,VRB02KT,10,10
2022-03-10 11:00:00.000,2022,3,10,11,VRB02KT,10,10
2022-03-10 12:00:00.000,2022,3,10,12,VRB02KT,09,08
2022-03-10 13:00:00.000,2022,3,10,13,VRB02KT,12,10
2022-03-10 14:00:00.000,2022,3,10,14,01004KT,15,11
2022-03-10 15:00:00.000,2022,3,10,15,VRB02KT,18,09
2022-03-10 16:00:00.000,2022,3,10,16,25006KT,18,08
2022-03-10 17:00:00.000,2022,3,10,17,32008KT,20,09
2022-03-10 18:00:00.000,2022,3,10,18,29011KT,19,10
2022-03-10 19:00:00.000,2022,3,10,19,29012KT,19,11
2022-03-10 20:00:00.000,2022,3,10,20,28017KT,17,11
2022-03-10 21:00:00.000,2022,3,10,21,24010KT,15,11
2022-03-10 22:00:00.000,2022,3,10,22,16004KT,15,09
2022-03-10 23:00:00.000,2022,3,10,23,11003KT,15,09
2022-03-11 00:00:00.000,2022,3,11,0,03005KT,13,10
2022-03-11 01:00:00.000,2022,3,11,1,06003KT,12,9
2022-03-11 02:00:00.000,2022,3,11,2,03003KT,10,09
2022-03-11 03:00:00.000,2022,3,11,3,30004KT,11,09
2022-03-11 04:00:00.000,2022,3,11,4,VRB02KT,10,09
2022-03-11 05:00:00.000,2022,3,11,5,VRB02KT,10,10
2022-03-11 06:00:00.000,2022,3,11,6,VRB02KT,09,09
2022-03-11 07:00:00.000,2022,3,11,7,VRB02KT,10,09
2022-03-11 08:00:00.000,2022,3,11,8,VRB03KT,10,09
2022-03-11 09:00:00.000,2022,3,11,9,VRB02KT,10,09
2022-03-11 10:00:00.000,2022,3,11,10,05003KT,10,09
2022-03-11 10:30:00.000,2022,3,11,10,02005KT,08,08
2022-03-11 11:00:00.000,2022,3,11,11,36003KT,08,08
2022-03-11 12:00:00.000,2022,3,11,12,VRB02KT,09,09
2022-03-11 12:20:00.000,2022,3,11,12,03004KT,10,09
2022-03-11 13:00:00.000,2022,3,11,13,04005KT,11,10
2022-03-11 14:00:00.000,2022,3,11,14,02006KT,15,11
2022-03-11 15:00:00.000,2022,3,11,15,09004KT,18,09
2022-03-11 16:00:00.000,2022,3,11,16,02004KT,18,09
2022-03-11 17:00:00.000,2022,3,11,17,32010KT,17,11
2022-03-11 18:00:00.000,2022,3,11,18,31010KT,17,12
2022-03-11 19:00:00.000,2022,3,11,19,24010KT,17,10
2022-03-11 20:00:00.000,2022,3,11,20,29013KT,,
2022-03-11 21:00:00.000,2022,3,11,21,28012KT,17,11
2022-03-11 22:00:00.000,2022,3,11,22,25012KT,17,11
2022-03-11 23:00:00.000,2022,3,11,23,30008KT,15,11
2022-03-12 00:00:00.000,2022,3,12,0,32004KT,14,10
2022-03-12 01:00:00.000,2022,3,12,1,31004KT,13,09
2022-03-12 02:00:00.000,2022,3,12,2,VRB02KT,13,10
2022-03-12 03:00:00.000,2022,3,12,3,28004KT,13,10
2022-03-12 04:00:00.000,2022,3,12,4,30007KT,13,10
2022-03-12 05:00:00.000,2022,3,12,5,34003KT,12,10
2022-03-12 06:00:00.000,2022,3,12,6,00000KT,11,10
2022-03-12 07:00:00.000,2022,3,12,7,33004KT,11,10
2022-03-12 08:00:00.000,2022,3,12,8,03003KT,12,11
2022-03-12 09:00:00.000,2022,3,12,9,VRB02KT,11,10
2022-03-12 10:00:00.000,2022,3,12,10,00000KT,10,09
2022-03-12 10:30:00.000,2022,3,12,10,00000KT,10,09
2022-03-12 11:00:00.000,2022,3,12,11,VRB02KT,11,10
2022-03-12 12:00:00.000,2022,3,12,12,VRB02KT,11,10
2022-03-12 13:00:00.000,2022,3,12,13,35004KT,13,11
2022-03-12 13:40:00.000,2022,3,12,13,35004KT,15,11
2022-03-12 14:00:00.000,2022,3,12,14,30004KT,16,11
2022-03-12 15:00:00.000,2022,3,12,15,03005KT,18,10
2022-03-12 16:00:00.000,2022,3,12,16,02004KT,19,10
2022-03-12 17:00:00.000,2022,3,12,17,04008KT,20,10
2022-03-12 18:00:00.000,2022,3,12,18,01004KT,19,09
2022-03-12 18:35:00.000,2022,3,12,18,29014KT,17,12
2022-03-12 19:00:00.000,2022,3,12,19,27012KT,16,13
2022-03-12 20:00:00.000,2022,3,12,20,23008KT,15,12
2022-03-12 21:00:00.000,2022,3,12,21,03011KT,13,11
2022-03-12 22:00:00.000,2022,3,12,22,07007KT,11,11
2022-03-12 22:35:00.000,2022,3,12,22,07006KT,12,11
2022-03-12 23:00:00.000,2022,3,12,23,08006KT,12,11
2022-03-13 00:00:00.000,2022,3,13,0,07003KT,11,10
2022-03-13 01:00:00.000,2022,3,13,1,01003KT,11,10
2022-03-13 02:00:00.000,2022,3,13,2,13004KT,12,10
2022-03-13 03:00:00.000,2022,3,13,3,VRB02KT,11,10
2022-03-13 04:00:00.000,2022,3,13,4,34004KT,11,10
2022-03-13 05:00:00.000,2022,3,13,5,34004KT,11,10
2022-03-13 06:00:00.000,2022,3,13,6,VRB02KT,12,10
2022-03-13 07:00:00.000,2022,3,13,7,13004KT,11,10
2022-03-13 08:00:00.000,2022,3,13,8,31003KT,11,10
2022-03-13 09:00:00.000,2022,3,13,9,36003KT,10,10
2022-03-13 10:00:00.000,2022,3,13,10,01003KT,10,10
2022-03-13 10:30:00.000,2022,3,13,10,36005KT,10,09
2022-03-13 11:00:00.000,2022,3,13,11,01003KT,10,09
2022-03-13 12:00:00.000,2022,3,13,12,VRB02KT,11,10
2022-03-13 12:31:00.000,2022,3,13,12,VRB02KT,13,11
2022-03-13 13:00:00.000,2022,3,13,13,13003KT,14,10
2022-03-13 14:00:00.000,2022,3,13,14,VRB03KT,16,10
2022-03-13 15:00:00.000,2022,3,13,15,36005KT,17,10
2022-03-13 16:00:00.000,2022,3,13,16,VRB04KT,18,10
2022-03-13 17:00:00.000,2022,3,13,17,31010KT,17,11
2022-03-13 18:00:00.000,2022,3,13,18,32012KT,17,11
2022-03-13 19:00:00.000,2022,3,13,19,33009KT,15,11
2022-03-13 20:00:00.000,2022,3,13,20,31005KT,16,11
2022-03-13 21:00:00.000,2022,3,13,21,31005KT,15,12
2022-03-13 22:00:00.000,2022,3,13,22,30003KT,16,12
2022-03-13 23:00:00.000,2022,3,13,23,VRB02KT,16,12
2022-03-13 23:30:00.000,2022,3,13,23,32007KT,15,12
2022-03-14 00:00:00.000,2022,3,14,0,33007KT,14,12
2022-03-14 01:00:00.000,2022,3,14,1,31005KT,14,11
2022-03-14 02:00:00.000,2022,3,14,2,24003KT,13,11
2022-03-14 03:00:00.000,2022,3,14,3,26004KT,13,11
2022-03-14 04:00:00.000,2022,3,14,4,28004KT,13,10
2022-03-14 05:00:00.000,2022,3,14,5,VRB02KT,12,10
2022-03-14 06:00:00.000,2022,3,14,6,26004KT,12,10
2022-03-14 07:00:00.000,2022,3,14,7,VRB02KT,12,11
2022-03-14 08:00:00.000,2022,3,14,8,26005KT,11,10
2022-03-14 09:00:00.000,2022,3,14,9,VRB02KT,10,10
2022-03-14 10:00:00.000,2022,3,14,10,VRB02KT,09,09
2022-03-14 10:30:00.000,2022,3,14,10,32004KT,09,08
2022-03-14 11:00:00.000,2022,3,14,11,30004KT,09,09
2022-03-14 12:00:00.000,2022,3,14,12,VRB02KT,10,09
2022-03-14 13:00:00.000,2022,3,14,13,VRB02KT,12,11
2022-03-14 14:00:00.000,2022,3,14,14,VRB02KT,16,12
2022-03-14 15:00:00.000,2022,3,14,15,11004KT,17,11
2022-03-14 16:00:00.000,2022,3,14,16,03004KT,19,10
2022-03-14 17:00:00.000,2022,3,14,17,36004KT,20,10
2022-03-14 18:00:00.000,2022,3,14,18,04005KT,19,10
2022-03-14 19:00:00.000,2022,3,14,19,28006KT,16,13
2022-03-14 20:00:00.000,2022,3,14,20,27007KT,17,13
2022-03-14 20:28:00.000,2022,3,14,20,24010KT,16,13
2022-03-14 21:00:00.000,2022,3,14,21,21010KT,17,13
2022-03-14 21:12:00.000,2022,3,14,21,09011KT,11,10
2022-03-14 22:00:00.000,2022,3,14,22,11004KT,11,11
2022-03-14 23:00:00.000,2022,3,14,23,15008KT,12,10
2022-03-15 00:00:00.000,2022,3,15,0,13005KT,12,10
2022-03-15 01:00:00.000,2022,3,15,1,03004KT,12,10
2022-03-15 02:00:00.000,2022,3,15,2,33003KT,11,10
2022-03-15 03:00:00.000,2022,3,15,3,VRB02KT,11,10
2022-03-15 04:00:00.000,2022,3,15,4,VRB02KT,10,10
2022-03-15 05:00:00.000,2022,3,15,5,VRB02KT,11,10
2022-03-15 06:00:00.000,2022,3,15,6,VRB02KT,11,10
2022-03-15 07:00:00.000,2022,3,15,7,VRB02KT,10,09
2022-03-15 08:00:00.000,2022,3,15,8,VRB02KT,09,09
2022-03-15 09:00:00.000,2022,3,15,9,04003KT,09,08
2022-03-15 09:30:00.000,2022,3,15,9,36003KT,08,08
2022-03-15 10:00:00.000,2022,3,15,10,VRB02KT,09,08
2022-03-15 10:30:00.000,2022,3,15,10,VRB02KT,08,08
2022-03-15 11:00:00.000,2022,3,15,11,VRB02KT,08,08
2022-03-15 11:30:00.000,2022,3,15,11,02003KT,08,08
2022-03-15 12:00:00.000,2022,3,15,12,35003KT,09,09
2022-03-15 12:30:00.000,2022,3,15,12,VRB02KT,10,10
2022-03-15 13:00:00.000,2022,3,15,13,VRB02KT,11,10
2022-03-15 14:00:00.000,2022,3,15,14,05003KT,13,11
2022-03-15 15:00:00.000,2022,3,15,15,31004KT,15,10
2022-03-15 16:00:00.000,2022,3,15,16,35004KT,17,11
2022-03-15 17:00:00.000,2022,3,15,17,36005KT,18,11
2022-03-15 18:00:00.000,2022,3,15,18,29008KT,19,10
2022-03-15 19:00:00.000,2022,3,15,19,28012KT,17,12
2022-03-15 19:30:00.000,2022,3,15,19,27012KT,17,12
2022-03-15 20:00:00.000,2022,3,15,20,26009KT,16,12
2022-03-15 21:00:00.000,2022,3,15,21,30006KT,16,12
2022-03-15 22:00:00.000,2022,3,15,22,29006KT,17,11
2022-03-15 23:00:00.000,2022,3,15,23,32006KT,15,12
2022-03-16 00:00:00.000,2022,3,16,0,33004KT,14,12
2022-03-16 01:00:00.000,2022,3,16,1,30004KT,13,12
2022-03-16 02:00:00.000,2022,3,16,2,30006KT,13,11
2022-03-16 03:00:00.000,2022,3,16,3,28003KT,13,10
2022-03-16 04:00:00.000,2022,3,16,4,27004KT,13,11
2022-03-16 05:00:00.000,2022,3,16,5,27004KT,13,11
2022-03-16 06:00:00.000,2022,3,16,6,31004KT,11,10
2022-03-16 07:00:00.000,2022,3,16,7,VRB02KT,11,11
2022-03-16 08:00:00.000,2022,3,16,8,VRB02KT,12,12
2022-03-16 09:00:00.000,2022,3,16,9,03004KT,12,12
2022-03-16 10:00:00.000,2022,3,16,10,VRB02KT,12,12
2022-03-16 10:30:00.000,2022,3,16,10,VRB02KT,11,10
2022-03-16 11:00:00.000,2022,3,16,11,VRB02KT,11,10
2022-03-16 12:00:00.000,2022,3,16,12,36003KT,13,11
2022-03-16 13:00:00.000,2022,3,16,13,VRB02KT,14,11
2022-03-16 13:35:00.000,2022,3,16,13,04005KT,16,11
2022-03-16 14:00:00.000,2022,3,16,14,03004KT,16,11
2022-03-16 15:00:00.000,2022,3,16,15,28003KT,18,10
2022-03-16 16:00:00.000,2022,3,16,16,03004KT,18,09
2022-03-16 17:00:00.000,2022,3,16,17,04005KT,19,08
2022-03-16 18:00:00.000,2022,3,16,18,29010KT,17,11
2022-03-16 19:00:00.000,2022,3,16,19,29007KT,18,11
2022-03-16 20:00:00.000,2022,3,16,20,22003KT,19,12
2022-03-16 21:00:00.000,2022,3,16,21,29010KT,17,12
2022-03-16 22:00:00.000,2022,3,16,22,28009KT,17,12
2022-03-16 23:00:00.000,2022,3,16,23,27007KT,16,12
2022-03-17 00:00:00.000,2022,3,17,0,29008KT,15,12
2022-03-17 01:00:00.000,2022,3,17,1,25004KT,14,12
2022-03-17 01:24:00.000,2022,3,17,1,25010KT,13,12
2022-03-17 02:00:00.000,2022,3,17,2,26004KT,13,11
2022-03-17 03:00:00.000,2022,3,17,3,30004KT,13,12
2022-03-17 04:00:00.000,2022,3,17,4,33004KT,13,11
2022-03-17 05:00:00.000,2022,3,17,5,33004KT,12,11
2022-03-17 06:00:00.000,2022,3,17,6,36004KT,11,10
2022-03-17 07:00:00.000,2022,3,17,7,VRB02KT,10,09
2022-03-17 08:00:00.000,2022,3,17,8,02004KT,10,09
2022-03-17 09:00:00.000,2022,3,17,9,29004KT,09,08
2022-03-17 10:00:00.000,2022,3,17,10,VRB02KT,09,09
2022-03-17 10:30:00.000,2022,3,17,10,06006KT,10,09
2022-03-17 11:00:00.000,2022,3,17,11,06005KT,10,09
2022-03-17 12:00:00.000,2022,3,17,12,02004KT,12,10
2022-03-17 13:00:00.000,2022,3,17,13,01003KT,14,10
2022-03-17 14:00:00.000,2022,3,17,14,01004KT,16,10
2022-03-17 15:00:00.000,2022,3,17,15,04006KT,18,10
2022-03-17 16:00:00.000,2022,3,17,16,07006KT,19,09
2022-03-17 17:00:00.000,2022,3,17,17,06008KT,19,08
2022-03-17 18:00:00.000,2022,3,17,18,12005KT,20,09
2022-03-17 19:00:00.000,2022,3,17,19,07004KT,19,12
2022-03-17 20:00:00.000,2022,3,17,20,31011KT,17,12
2022-03-17 21:00:00.000,2022,3,17,21,26010KT,17,12
2022-03-17 22:00:00.000,2022,3,17,22,24008KT,16,13
2022-03-17 23:00:00.000,2022,3,17,23,24007KT,15,12
2022-03-18 00:00:00.000,2022,3,18,0,28005KT,15,12
2022-03-18 01:00:00.000,2022,3,18,1,30008KT,13,11
2022-03-18 02:00:00.000,2022,3,18,2,31004KT,13,11
2022-03-18 03:00:00.000,2022,3,18,3,VRB02KT,13,11
2022-03-18 04:00:00.000,2022,3,18,4,VRB02KT,14,11
2022-03-18 05:00:00.000,2022,3,18,5,VRB02KT,11,11
2022-03-18 06:00:00.000,2022,3,18,6,33004KT,11,10
2022-03-18 07:00:00.000,2022,3,18,7,VRB02KT,10,10
2022-03-18 08:00:00.000,2022,3,18,8,VRB02KT,10,10
2022-03-18 09:00:00.000,2022,3,18,9,03004KT,09,08
2022-03-18 10:00:00.000,2022,3,18,10,VRB02KT,10,10
2022-03-18 10:30:00.000,2022,3,18,10,VRB02KT,10,09
2022-03-18 11:00:00.000,2022,3,18,11,28005KT,09,09
2022-03-18 12:00:00.000,2022,3,18,12,VRB02KT,09,08
2022-03-18 13:00:00.000,2022,3,18,13,04004KT,13,11
2022-03-18 14:00:00.000,2022,3,18,14,04004KT,15,11
2022-03-18 15:00:00.000,2022,3,18,15,01004KT,17,10
2022-03-18 16:00:00.000,2022,3,18,16,02005KT,18,11
2022-03-18 17:00:00.000,2022,3,18,17,08006KT,19,09
2022-03-18 18:00:00.000,2022,3,18,18,14004KT,20,08
2022-03-18 19:00:00.000,2022,3,18,19,27010KT,19,12
2022-03-18 20:00:00.000,2022,3,18,20,30012KT,18,13
2022-03-18 21:00:00.000,2022,3,18,21,26010KT,18,13
2022-03-18 22:00:00.000,2022,3,18,22,29010KT,16,14
2022-03-18 23:00:00.000,2022,3,18,23,28006KT,15,13
2022-03-19 00:00:00.000,2022,3,19,0,VRB02KT,15,13
2022-03-19 01:00:00.000,2022,3,19,1,25004KT,15,13
2022-03-19 02:00:00.000,2022,3,19,2,00000KT,13,12
2022-03-19 03:00:00.000,2022,3,19,3,VRB02KT,12,11
2022-03-19 04:00:00.000,2022,3,19,4,11005KT,12,10
2022-03-19 05:00:00.000,2022,3,19,5,04003KT,11,09
2022-03-19 06:00:00.000,2022,3,19,6,VRB04KT,10,09
2022-03-19 07:00:00.000,2022,3,19,7,00000KT,11,08
2022-03-19 08:00:00.000,2022,3,19,8,VRB02KT,10,08
2022-03-19 09:00:00.000,2022,3,19,9,VRB02KT,09,08
2022-03-19 10:00:00.000,2022,3,19,10,VRB02KT,08,07
2022-03-19 11:00:00.000,2022,3,19,11,VRB02KT,08,08
2022-03-19 12:00:00.000,2022,3,19,12,07004KT,11,09
2022-03-19 13:00:00.000,2022,3,19,13,04007KT,15,10
2022-03-19 14:00:00.000,2022,3,19,14,04006KT,17,10
2022-03-19 15:00:00.000,2022,3,19,15,VRB07KT,18,09
2022-03-19 16:00:00.000,2022,3,19,16,06006KT,18,10
2022-03-19 17:00:00.000,2022,3,19,17,VRB05KT,19,09
2022-03-19 18:00:00.000,2022,3,19,18,16010KT,20,09
2022-03-19 19:00:00.000,2022,3,19,19,13010KT,21,07
2022-03-19 20:00:00.000,2022,3,19,20,08008KT,21,08
2022-03-19 21:00:00.000,2022,3,19,21,26008KT,17,13
2022-03-19 22:00:00.000,2022,3,19,22,26011KT,17,13
2022-03-19 23:00:00.000,2022,3,19,23,29010KT,14,12
2022-03-20 00:00:00.000,2022,3,20,0,27007KT,14,13
2022-03-20 01:00:00.000,2022,3,20,1,VRB02KT,14,13
2022-03-20 02:00:00.000,2022,3,20,2,31003KT,13,12
2022-03-20 03:00:00.000,2022,3,20,3,00000KT,13,12
2022-03-20 04:00:00.000,2022,3,20,4,VRB02KT,13,12
2022-03-20 05:00:00.000,2022,3,20,5,05003KT,12,10
2022-03-20 06:00:00.000,2022,3,20,6,35005KT,12,10
2022-03-20 07:00:00.000,2022,3,20,7,05004KT,12,10
2022-03-20 08:00:00.000,2022,3,20,8,04004KT,11,10
2022-03-20 09:00:00.000,2022,3,20,9,VRB02KT,11,10
2022-03-20 10:00:00.000,2022,3,20,10,07004KT,11,09
2022-03-20 11:00:00.000,2022,3,20,11,02004KT,10,09
2022-03-20 12:00:00.000,2022,3,20,12,02003KT,13,10
2022-03-20 13:00:00.000,2022,3,20,13,06007KT,16,10
2022-03-20 14:00:00.000,2022,3,20,14,05006KT,17,09
2022-03-20 15:00:00.000,2022,3,20,15,07005KT,19,09
2022-03-20 16:00:00.000,2022,3,20,16,VRB05KT,18,09
2022-03-20 17:00:00.000,2022,3,20,17,19005KT,19,10
2022-03-20 18:00:00.000,2022,3,20,18,28007KT,20,12
2022-03-20 19:00:00.000,2022,3,20,19,31013KT,16,13
2022-03-20 20:00:00.000,2022,3,20,20,27012KT,16,13
2022-03-20 21:00:00.000,2022,3,20,21,25008KT,14,13
2022-03-20 22:00:00.000,2022,3,20,22,26005KT,15,13
2022-03-20 23:00:00.000,2022,3,20,23,24006KT,14,13
2022-03-21 00:00:00.000,2022,3,21,0,VRB02KT,14,13
2022-03-21 01:00:00.000,2022,3,21,1,VRB02KT,14,12
2022-03-21 02:00:00.000,2022,3,21,2,VRB02KT,13,12
2022-03-21 03:00:00.000,2022,3,21,3,VRB02KT,12,12
2022-03-21 04:00:00.000,2022,3,21,4,00000KT,12,12
2022-03-21 05:00:00.000,2022,3,21,5,00000KT,12,12
2022-03-21 06:00:00.000,2022,3,21,6,00000KT,13,12
2022-03-21 07:00:00.000,2022,3,21,7,VRB02KT,13,12
2022-03-21 08:00:00.000,2022,3,21,8,33005KT,12,11
2022-03-21 09:00:00.000,2022,3,21,9,VRB02KT,13,11
2022-03-21 10:00:00.000,2022,3,21,10,06004KT,12,10
2022-03-21 11:00:00.000,2022,3,21,11,05004KT,12,10
2022-03-21 12:00:00.000,2022,3,21,12,VRB02KT,13,10
2022-03-21 13:00:00.000,2022,3,21,13,03006KT,15,10
2022-03-21 14:00:00.000,2022,3,21,14,35003KT,17,11
2022-03-21 15:00:00.000,2022,3,21,15,VRB02KT,18,10
2022-03-21 16:00:00.000,2022,3,21,16,16003KT,18,09
2022-03-21 17:00:00.000,2022,3,21,17,22005KT,20,09
2022-03-21 18:00:00.000,2022,3,21,18,25009KT,18,13
2022-03-21 19:00:00.000,2022,3,21,19,24013KT,19,14
2022-03-21 20:00:00.000,2022,3,21,20,25009KT,18,13
2022-03-21 20:05:00.000,2022,3,21,20,28008KT,17,13
2022-03-21 20:30:00.000,2022,3,21,20,30012KT,16,14
2022-03-21 21:00:00.000,2022,3,21,21,27010KT,16,14
2022-03-21 22:00:00.000,2022,3,21,22,24009KT,16,13
2022-03-21 23:00:00.000,2022,3,21,23,28006KT,15,13
2022-03-21 23:15:00.000,2022,3,21,23,26005KT,15,12
2022-03-22 00:00:00.000,2022,3,22,0,VRB02KT,14,12
2022-03-22 01:00:00.000,2022,3,22,1,35004KT,14,12
2022-03-22 02:00:00.000,2022,3,22,2,34004KT,14,12
2022-03-22 03:00:00.000,2022,3,22,3,VRB02KT,13,12
2022-03-22 04:00:00.000,2022,3,22,4,32006KT,13,11
2022-03-22 05:00:00.000,2022,3,22,5,33004KT,13,12
2022-03-22 06:00:00.000,2022,3,22,6,VRB02KT,13,12
2022-03-22 07:00:00.000,2022,3,22,7,31003KT,11,11
2022-03-22 08:00:00.000,2022,3,22,8,34003KT,11,11
2022-03-22 09:00:00.000,2022,3,22,9,VRB02KT,12,11
2022-03-22 10:00:00.000,2022,3,22,10,04003KT,12,11
2022-03-22 10:30:00.000,2022,3,22,10,33004KT,12,11
2022-03-22 11:00:00.000,2022,3,22,11,VRB02KT,13,11
2022-03-22 11:30:00.000,2022,3,22,11,06003KT,12,11
2022-03-22 12:00:00.000,2022,3,22,12,02006KT,13,11
2022-03-22 13:00:00.000,2022,3,22,13,07006KT,14,11
2022-03-22 14:00:00.000,2022,3,22,14,15008KT,17,10
2022-03-22 15:00:00.000,2022,3,22,15,13005KT,18,10
2022-03-22 16:00:00.000,2022,3,22,16,11006KT,19,11
2022-03-22 17:00:00.000,2022,3,22,17,13006KT,20,11
2022-03-22 18:00:00.000,2022,3,22,18,10005KT,19,10
2022-03-22 19:00:00.000,2022,3,22,19,23007KT,19,10
2022-03-22 20:00:00.000,2022,3,22,20,23008KT,18,13
2022-03-22 21:00:00.000,2022,3,22,21,25006KT,19,13
2022-03-22 22:00:00.000,2022,3,22,22,26008KT,17,13
2022-03-22 23:00:00.000,2022,3,22,23,30007KT,15,12
2022-03-23 00:00:00.000,2022,3,23,0,27005KT,14,11
2022-03-23 01:00:00.000,2022,3,23,1,24003KT,14,11
2022-03-23 02:00:00.000,2022,3,23,2,29004KT,15,11
2022-03-23 03:00:00.000,2022,3,23,3,00000KT,13,11
2022-03-23 04:00:00.000,2022,3,23,4,34004KT,13,11
2022-03-23 05:00:00.000,2022,3,23,5,00000KT,13,11
2022-03-23 06:00:00.000,2022,3,23,6,VRB02KT,12,11
2022-03-23 07:00:00.000,2022,3,23,7,VRB02KT,11,11
2022-03-23 08:00:00.000,2022,3,23,8,23004KT,12,11
2022-03-23 09:00:00.000,2022,3,23,9,VRB02KT,09,09
2022-03-23 10:00:00.000,2022,3,23,10,VRB02KT,11,11
2022-03-23 10:30:00.000,2022,3,23,10,00000KT,12,11
2022-03-23 11:00:00.000,2022,3,23,11,03003KT,11,10
2022-03-23 12:00:00.000,2022,3,23,12,VRB02KT,11,11
2022-03-23 13:00:00.000,2022,3,23,13,06004KT,13,11
2022-03-23 14:00:00.000,2022,3,23,14,09004KT,16,10
2022-03-23 15:00:00.000,2022,3,23,15,14006KT,18,10
2022-03-23 16:00:00.000,2022,3,23,16,18006KT,18,09
2022-03-23 17:00:00.000,2022,3,23,17,05004KT,20,10
2022-03-23 18:00:00.000,2022,3,23,18,03004KT,19,09
2022-03-23 19:00:00.000,2022,3,23,19,23008KT,18,11
2022-03-23 20:00:00.000,2022,3,23,20,29009KT,18,12
2022-03-23 21:00:00.000,2022,3,23,21,32007KT,18,12
2022-03-23 22:00:00.000,2022,3,23,22,30005KT,17,13
2022-03-23 23:00:00.000,2022,3,23,23,24007KT,16,13
2022-03-24 00:00:00.000,2022,3,24,0,28005KT,15,13
2022-03-24 01:00:00.000,2022,3,24,1,30003KT,14,12
2022-03-24 02:00:00.000,2022,3,24,2,22003KT,15,12
2022-03-24 03:00:00.000,2022,3,24,3,23003KT,15,12
2022-03-24 04:00:00.000,2022,3,24,4,03003KT,14,12
2022-03-24 05:00:00.000,2022,3,24,5,VRB02KT,14,12
2022-03-24 06:00:00.000,2022,3,24,6,05006KT,13,11
2022-03-24 07:00:00.000,2022,3,24,7,05005KT,13,11
2022-03-24 08:00:00.000,2022,3,24,8,05004KT,12,10
2022-03-24 09:00:00.000,2022,3,24,9,VRB02KT,11,10
2022-03-24 10:00:00.000,2022,3,24,10,04005KT,11,10
2022-03-24 10:30:00.000,2022,3,24,10,06004KT,12,10
2022-03-24 11:00:00.000,2022,3,24,11,06004KT,12,10
2022-03-24 12:00:00.000,2022,3,24,12,04005KT,12,10
2022-03-24 13:00:00.000,2022,3,24,13,04003KT,14,11
2022-03-24 14:00:00.000,2022,3,24,14,13005KT,16,10
2022-03-24 15:00:00.000,2022,3,24,15,14005KT,18,09
2022-03-24 16:00:00.000,2022,3,24,16,11004KT,19,10
2022-03-24 17:00:00.000,2022,3,24,17,15006KT,19,09
2022-03-24 18:00:00.000,2022,3,24,18,14010KT,20,09
2022-03-24 19:00:00.000,2022,3,24,19,14008KT,20,10
2022-03-24 20:00:00.000,2022,3,24,20,17004KT,20,10
2022-03-24 21:00:00.000,2022,3,24,21,10007KT,19,10
2022-03-24 22:00:00.000,2022,3,24,22,12006KT,18,10
2022-03-24 23:00:00.000,2022,3,24,23,11008KT,17,10
2022-03-25 00:00:00.000,2022,3,25,0,21006KT,15,12
2022-03-25 01:00:00.000,2022,3,25,1,VRB02KT,15,12
2022-03-25 02:00:00.000,2022,3,25,2,36003KT,13,11
2022-03-25 03:00:00.000,2022,3,25,3,12004KT,15,09
2022-03-25 04:00:00.000,2022,3,25,4,03006KT,13,10
2022-03-25 05:00:00.000,2022,3,25,5,VRB02KT,12,10
2022-03-25 06:00:00.000,2022,3,25,6,06003KT,11,10
2022-03-25 07:00:00.000,2022,3,25,7,VRB02KT,12,10
2022-03-25 08:00:00.000,2022,3,25,8,08003KT,11,09
2022-03-25 09:00:00.000,2022,3,25,9,02004KT,11,09
2022-03-25 10:00:00.000,2022,3,25,10,06004KT,11,09
2022-03-25 10:30:00.000,2022,3,25,10,04005KT,10,09
2022-03-25 11:00:00.000,2022,3,25,11,05005KT,10,9
2022-03-25 12:00:00.000,2022,3,25,12,06004KT,12,10
2022-03-25 13:00:00.000,2022,3,25,13,06005KT,15,10
2022-03-25 14:00:00.000,2022,3,25,14,09005KT,17,09
2022-03-25 14:30:00.000,2022,3,25,14,07009KT,19,10
2022-03-25 15:00:00.000,2022,3,25,15,06004KT,17,09
2022-03-25 16:00:00.000,2022,3,25,16,06005KT,19,09
2022-03-25 17:00:00.000,2022,3,25,17,13005KT,20,9
2022-03-25 18:00:00.000,2022,3,25,18,05006KT,18,10
2022-03-25 19:00:00.000,2022,3,25,19,23011KT,17,12
2022-03-25 20:00:00.000,2022,3,25,20,29010KT,16,13
2022-03-25 21:00:00.000,2022,3,25,21,31011KT,16,13
2022-03-25 22:00:00.000,2022,3,25,22,33005KT,15,13
2022-03-25 23:00:00.000,2022,3,25,23,VRB02KT,15,13
2022-03-26 00:00:00.000,2022,3,26,0,VRB02KT,15,12
2022-03-26 01:00:00.000,2022,3,26,1,VRB02KT,15,12
2022-03-26 02:00:00.000,2022,3,26,2,VRB02KT,13,12
2022-03-26 03:00:00.000,2022,3,26,3,VRB02KT,13,12
2022-03-26 04:00:00.000,2022,3,26,4,VRB02KT,13,12
2022-03-26 05:00:00.000,2022,3,26,5,02004KT,13,12
2022-03-26 06:00:00.000,2022,3,26,6,33003KT,13,11
2022-03-26 07:00:00.000,2022,3,26,7,03005KT,13,10
2022-03-26 08:00:00.000,2022,3,26,8,05005KT,12,10
2022-03-26 09:00:00.000,2022,3,26,9,03006KT,13,10
2022-03-26 10:00:00.000,2022,3,26,10,05004KT,12,10
2022-03-26 10:30:00.000,2022,3,26,10,06005KT,11,10
2022-03-26 11:00:00.000,2022,3,26,11,05007KT,12,10
2022-03-26 12:00:00.000,2022,3,26,12,06008KT,12,10
2022-03-26 13:00:00.000,2022,3,26,13,02007KT,14,10
2022-03-26 14:00:00.000,2022,3,26,14,06003KT,15,10
2022-03-26 15:00:00.000,2022,3,26,15,36003KT,16,10
2022-03-26 16:00:00.000,2022,3,26,16,14003KT,17,10
2022-03-26 17:00:00.000,2022,3,26,17,15004KT,19,10
2022-03-26 18:00:00.000,2022,3,26,18,VRB02KT,18,10
2022-03-26 19:00:00.000,2022,3,26,19,12003KT,20,10
2022-03-26 20:00:00.000,2022,3,26,20,24008KT,19,12
2022-03-26 21:00:00.000,2022,3,26,21,29009KT,17,13
2022-03-26 22:00:00.000,2022,3,26,22,33007KT,15,13
2022-03-26 23:00:00.000,2022,3,26,23,27004KT,15,13
2022-03-27 00:00:00.000,2022,3,27,0,27003KT,14,13
2022-03-27 01:00:00.000,2022,3,27,1,VRB02KT,14,13
2022-03-27 02:00:00.000,2022,3,27,2,02003KT,13,13
2022-03-27 03:00:00.000,2022,3,27,3,34003KT,14,12
2022-03-27 04:00:00.000,2022,3,27,4,35003KT,14,13
2022-03-27 05:00:00.000,2022,3,27,5,27004KT,14,13
2022-03-27 06:00:00.000,2022,3,27,6,25003KT,14,12
2022-03-27 07:00:00.000,2022,3,27,7,28004KT,14,13
2022-03-27 08:00:00.000,2022,3,27,8,VRB02KT,13,13
2022-03-27 09:00:00.000,2022,3,27,9,04004KT,14,12
2022-03-27 10:00:00.000,2022,3,27,10,07004KT,13,13
2022-03-27 10:30:00.000,2022,3,27,10,05004KT,12,10
2022-03-27 11:00:00.000,2022,3,27,11,VRB02KT,12,10
2022-03-27 12:00:00.000,2022,3,27,12,00000KT,13,10
2022-03-27 13:00:00.000,2022,3,27,13,04006KT,15,11
2022-03-27 13:24:00.000,2022,3,27,13,02005KT,15,11
2022-03-27 14:00:00.000,2022,3,27,14,01004KT,17,10
2022-03-27 15:00:00.000,2022,3,27,15,04007KT,19,11
2022-03-27 16:00:00.000,2022,3,27,16,06007KT,19,10
2022-03-27 17:00:00.000,2022,3,27,17,10005KT,19,09
2022-03-27 18:00:00.000,2022,3,27,18,24006KT,17,12
2022-03-27 19:00:00.000,2022,3,27,19,13008KT,18,10
2022-03-27 20:00:00.000,2022,3,27,20,09006KT,18,10
2022-03-27 21:00:00.000,2022,3,27,21,12006KT,17,09
2022-03-27 22:00:00.000,2022,3,27,22,09005KT,17,08
2022-03-27 23:00:00.000,2022,3,27,23,05006KT,16,08
2022-03-28 00:00:00.000,2022,3,28,0,11005KT,15,07
2022-03-28 01:00:00.000,2022,3,28,1,04005KT,14,08
2022-03-28 02:00:00.000,2022,3,28,2,07005KT,14,08
2022-03-28 03:00:00.000,2022,3,28,3,11003KT,14,08
2022-03-28 04:00:00.000,2022,3,28,4,03004KT,12,08
2022-03-28 05:00:00.000,2022,3,28,5,35003KT,11,07
2022-03-28 06:00:00.000,2022,3,28,6,30003KT,12,08
2022-03-28 07:00:00.000,2022,3,28,7,VRB02KT,11,08
2022-03-28 08:00:00.000,2022,3,28,8,VRB02KT,11,08
2022-03-28 09:00:00.000,2022,3,28,9,VRB02KT,11,08
2022-03-28 10:00:00.000,2022,3,28,10,06004KT,11,08
2022-03-28 10:30:00.000,2022,3,28,10,04004KT,10,08
2022-03-28 11:00:00.000,2022,3,28,11,VRB02KT,10,08
2022-03-28 12:00:00.000,2022,3,28,12,05005KT,11,08
2022-03-28 13:00:00.000,2022,3,28,13,06007KT,13,09
2022-03-28 14:00:00.000,2022,3,28,14,04006KT,15,09
2022-03-28 15:00:00.000,2022,3,28,15,04007KT,17,10
2022-03-28 16:00:00.000,2022,3,28,16,11007KT,17,09
2022-03-28 17:00:00.000,2022,3,28,17,11008KT,17,09
2022-03-28 18:00:00.000,2022,3,28,18,14012KT,18,10
2022-03-28 19:00:00.000,2022,3,28,19,13006KT,17,09
2022-03-28 20:00:00.000,2022,3,28,20,15007KT,18,10
2022-03-28 21:00:00.000,2022,3,28,21,20008KT,18,09
2022-03-28 22:00:00.000,2022,3,28,22,12007KT,18,09
2022-03-28 23:00:00.000,2022,3,28,23,22005KT,17,08
2022-03-29 00:00:00.000,2022,3,29,0,20006KT,14,10
2022-03-29 01:00:00.000,2022,3,29,1,23005KT,14,10
2022-03-29 02:00:00.000,2022,3,29,2,35003KT,13,10
2022-03-29 03:00:00.000,2022,3,29,3,VRB02KT,12,10
2022-03-29 04:00:00.000,2022,3,29,4,03005KT,12,09
2022-03-29 05:00:00.000,2022,3,29,5,05005KT,11,09
2022-03-29 07:00:00.000,2022,3,29,7,VRB03KT,12,09
2022-03-29 08:00:00.000,2022,3,29,8,VRB02KT,12,09
2022-03-29 09:00:00.000,2022,3,29,9,01004KT,12,10
2022-03-29 10:00:00.000,2022,3,29,10,VRB02KT,12,10
2022-03-29 10:30:00.000,2022,3,29,10,VRB04KT,11,09
2022-03-29 11:00:00.000,2022,3,29,11,07004KT,13,09
2022-03-29 13:00:00.000,2022,3,29,13,06004KT,13,10
2022-03-29 13:34:00.000,2022,3,29,13,10006KT,16,08
2022-03-29 14:00:00.000,2022,3,29,14,11007KT,16,08
2022-03-29 15:00:00.000,2022,3,29,15,10007KT,17,08
2022-03-29 16:00:00.000,2022,3,29,16,09006KT,17,07
2022-03-29 17:00:00.000,2022,3,29,17,08005KT,18,09
2022-03-29 18:00:00.000,2022,3,29,18,16007KT,19,10
2022-03-29 19:00:00.000,2022,3,29,19,14006KT,18,09
2022-03-29 20:00:00.000,2022,3,29,20,08004KT,18,09
2022-03-29 21:00:00.000,2022,3,29,21,10007KT,18,08
2022-03-29 22:00:00.000,2022,3,29,22,10004KT,18,08
2022-03-29 23:00:00.000,2022,3,29,23,VRB02KT,17,09
2022-03-30 00:00:00.000,2022,3,30,0,VRB02KT,16,09
2022-03-30 01:00:00.000,2022,3,30,1,30004KT,14,12
2022-03-30 02:00:00.000,2022,3,30,2,26004KT,14,12
2022-03-30 03:00:00.000,2022,3,30,3,VRB02KT,13,12
2022-03-30 04:00:00.000,2022,3,30,4,VRB02KT,13,12
2022-03-30 05:00:00.000,2022,3,30,5,33004KT,13,11
2022-03-30 06:00:00.000,2022,3,30,6,00000KT,12,11
2022-03-30 07:00:00.000,2022,3,30,7,VRB02KT,13,11
2022-03-30 08:00:00.000,2022,3,30,8,03004KT,13,11
2022-03-30 09:00:00.000,2022,3,30,9,VRB02KT,12,10
2022-03-30 10:00:00.000,2022,3,30,10,VRB02KT,11,10
2022-03-30 10:30:00.000,2022,3,30,10,VRB02KT,11,10
2022-03-30 11:00:00.000,2022,3,30,11,VRB02KT,12,10
2022-03-30 12:00:00.000,2022,3,30,12,03003KT,14,11
2022-03-30 13:00:00.000,2022,3,30,13,05004KT,15,10
2022-03-30 14:00:00.000,2022,3,30,14,14004KT,16,10
2022-03-30 15:00:00.000,2022,3,30,15,13005KT,17,09
2022-03-30 16:00:00.000,2022,3,30,16,13006KT,19,10
2022-03-30 17:00:00.000,2022,3,30,17,15004KT,20,09
2022-03-30 18:00:00.000,2022,3,30,18,09004KT,20,09
2022-03-30 19:00:00.000,2022,3,30,19,16007KT,18,12
2022-03-30 20:00:00.000,2022,3,30,20,24009KT,17,13
2022-03-30 21:00:00.000,2022,3,30,21,27004KT,17,12
2022-03-30 22:00:00.000,2022,3,30,22,32008KT,16,13
2022-03-30 23:00:00.000,2022,3,30,23,31006KT,16,13
2022-03-31 00:00:00.000,2022,3,31,0,30006KT,15,13
2022-03-31 01:00:00.000,2022,3,31,1,19003KT,15,12
2022-03-31 02:00:00.000,2022,3,31,2,26005KT,14,12
2022-03-31 03:00:00.000,2022,3,31,3,36003KT,13,12
2022-03-31 04:00:00.000,2022,3,31,4,36003KT,13,12
2022-03-31 05:00:00.000,2022,3,31,5,02004KT,13,12
2022-03-31 06:00:00.000,2022,3,31,6,04004KT,12,12
2022-03-31 07:00:00.000,2022,3,31,7,07003KT,12,11
2022-03-31 08:00:00.000,2022,3,31,8,06005KT,12,12
2022-03-31 09:00:00.000,2022,3,31,9,06004KT,12,11
2022-03-31 10:00:00.000,2022,3,31,10,06006KT,12,11
2022-03-31 10:30:00.000,2022,3,31,10,04003KT,12,11
2022-03-31 11:00:00.000,2022,3,31,11,04004KT,12,10
2022-03-31 12:00:00.000,2022,3,31,12,05005KT,13,11
2022-03-31 13:00:00.000,2022,3,31,13,06006KT,15,11
2022-03-31 14:00:00.000,2022,3,31,14,10006KT,17,10
2022-03-31 15:00:00.000,2022,3,31,15,09006KT,17,10
2022-03-31 16:00:00.000,2022,3,31,16,09007KT,17,10
2022-03-31 17:00:00.000,2022,3,31,17,08007KT,18,11
2022-03-31 18:00:00.000,2022,3,31,18,08007KT,17,10
2022-03-31 19:00:00.000,2022,3,31,19,06009KT,16,10
2022-03-31 20:00:00.000,2022,3,31,20,07009KT,18,10
2022-03-31 21:00:00.000,2022,3,31,21,10007KT,18,9
2022-03-31 22:00:00.000,2022,3,31,22,11006KT,18,09
2022-03-31 23:00:00.000,2022,3,31,23,14008KT,17,09
2022-04-01 00:00:00.000,2022,4,1,0,20007KKT,16,09
2022-04-01 01:00:00.000,2022,4,1,1,VRB02KT,14,09
2022-04-01 02:00:00.000,2022,4,1,2,00000KT,11,10
2022-04-01 03:00:00.000,2022,4,1,3,VRB02KT,12,10
2022-04-01 04:00:00.000,2022,4,1,4,35003KT,11,10
2022-04-01 05:00:00.000,2022,4,1,5,VRB02KT,12,10
2022-04-01 06:00:00.000,2022,4,1,6,36003KT,10,09
2022-04-01 07:00:00.000,2022,4,1,7,36003KT,09,08
2022-04-01 08:00:00.000,2022,4,1,8,03003KT,09,09
2022-04-01 10:00:00.000,2022,4,1,10,05006KT,11,09
2022-04-01 10:30:00.000,2022,4,1,10,06006KT,10,08
2022-04-01 11:00:00.000,2022,4,1,11,06005KT,10,08
2022-04-01 12:00:00.000,2022,4,1,12,04007KT,10,08
2022-04-01 12:33:00.000,2022,4,1,12,07007KT,12,09
2022-04-01 13:00:00.000,2022,4,1,13,06007KT,13,09
2022-04-01 13:25:00.000,2022,4,1,13,07007KT,15,10
2022-04-01 14:00:00.000,2022,4,1,14,07006KT,16,09
2022-04-01 15:00:00.000,2022,4,1,15,04007KT,18,09
2022-04-01 16:00:00.000,2022,4,1,16,03006KT,17,07
2022-04-01 17:00:00.000,2022,4,1,17,05005KT,18,09
2022-04-01 18:00:00.000,2022,4,1,18,VRB02KT,20,09
2022-04-01 19:00:00.000,2022,4,1,19,16005KT,21,09
2022-04-01 20:00:00.000,2022,4,1,20,VRB02KT,20,08
2022-04-01 21:00:00.000,2022,4,1,21,31010KT,18,12
2022-04-01 22:00:00.000,2022,4,1,22,30009KT,17,13
2022-04-01 23:00:00.000,2022,4,1,23,30006KT,16,12
2022-04-02 00:00:00.000,2022,4,2,0,26005KT,15,12
2022-04-02 01:00:00.000,2022,4,2,1,21004KT,15,11
2022-04-02 02:00:00.000,2022,4,2,2,VRB02KT,12,11
2022-04-02 03:00:00.000,2022,4,2,3,05004KT,14,10
2022-04-02 04:00:00.000,2022,4,2,4,06004KT,13,10
2022-04-02 05:00:00.000,2022,4,2,5,05005KT,13,10
2022-04-02 06:00:00.000,2022,4,2,6,05005KT,12,10
2022-04-02 07:00:00.000,2022,4,2,7,04005KT,12,10
2022-04-02 08:00:00.000,2022,4,2,8,04007KT,12,10
2022-04-02 09:00:00.000,2022,4,2,9,04004KT,12,10
2022-04-02 10:00:00.000,2022,4,2,10,07005KT,12,10
2022-04-02 11:00:00.000,2022,4,2,11,06006KT,12,09
2022-04-02 12:00:00.000,2022,4,2,12,VRB02KT,13,09
2022-04-02 13:00:00.000,2022,4,2,13,07006KT,14,09
2022-04-02 14:00:00.000,2022,4,2,14,10005KT,16,09
2022-04-02 15:00:00.000,2022,4,2,15,09004KT,16,09
2022-04-02 16:00:00.000,2022,4,2,16,13007KT,16,09
2022-04-02 17:00:00.000,2022,4,2,17,09006KT,18,09
2022-04-02 18:00:00.000,2022,4,2,18,07006KT,17,10
2022-04-02 19:00:00.000,2022,4,2,19,11010KT,18,10
2022-04-02 20:00:00.000,2022,4,2,20,13010KT,18,09
2022-04-02 21:00:00.000,2022,4,2,21,17012KT,18,09
2022-04-02 22:00:00.000,2022,4,2,22,16010KT,17,09
2022-04-02 23:00:00.000,2022,4,2,23,15008KT,16,10
2022-04-03 00:00:00.000,2022,4,3,0,15006KT,16,08
2022-04-03 01:00:00.000,2022,4,3,1,VRB02KT,15,08
2022-04-03 02:00:00.000,2022,4,3,2,VRB02KT,14,08
2022-04-03 03:00:00.000,2022,4,3,3,04003KT,12,09
2022-04-03 04:00:00.000,2022,4,3,4,16003KT,12,09
2022-04-03 05:00:00.000,2022,4,3,5,03003KT,11,09
2022-04-03 06:00:00.000,2022,4,3,6,05004KT,11,09
2022-04-03 07:00:00.000,2022,4,3,7,VRB02KT,09,08
2022-04-03 08:00:00.000,2022,4,3,8,VRB02KT,09,08
2022-04-03 09:00:00.000,2022,4,3,9,VRB02KT,09,08
2022-04-03 10:00:00.000,2022,4,3,10,03004KT,07,06
2022-04-03 11:00:00.000,2022,4,3,11,05004KT,09,09
2022-04-03 12:00:00.000,2022,4,3,12,VRB02KT,10,09
2022-04-03 13:00:00.000,2022,4,3,13,VRB02KT,13,10
2022-04-03 14:00:00.000,2022,4,3,14,VRB03KT,15,10
2022-04-03 15:00:00.000,2022,4,3,15,VRB04KT,17,11
2022-04-03 16:00:00.000,2022,4,3,16,05007KT,18,11
2022-04-03 17:00:00.000,2022,4,3,17,07007KT,19,10
2022-04-03 18:00:00.000,2022,4,3,18,05009KT,20,10
2022-04-03 19:00:00.000,2022,4,3,19,VRB05KT,20,10
2022-04-03 20:00:00.000,2022,4,3,20,23007KT,20,12
2022-04-03 21:00:00.000,2022,4,3,21,24012KT,18,12
2022-04-03 22:00:00.000,2022,4,3,22,25008KT,16,13
2022-04-03 23:00:00.000,2022,4,3,23,04006KT,15,13
2022-04-04 00:00:00.000,2022,4,4,0,02004KT,13,12
2022-04-04 01:00:00.000,2022,4,4,1,03003KT,13,12
2022-04-04 02:00:00.000,2022,4,4,2,VRB02KT,13,11
2022-04-04 03:00:00.000,2022,4,4,3,36003KT,12,12
2022-04-04 04:00:00.000,2022,4,4,4,VRB02KT,12,11
2022-04-04 05:00:00.000,2022,4,4,5,07003KT,12,10
2022-04-04 06:00:00.000,2022,4,4,6,32003KT,11,10
2022-04-04 07:00:00.000,2022,4,4,7,VRBO2KT,11,10
2022-04-04 08:00:00.000,2022,4,4,8,VRBO2KT,11,10
2022-04-04 09:00:00.000,2022,4,4,9,00000KT,11,10
2022-04-04 10:00:00.000,2022,4,4,10,05003KT,12,10
2022-04-04 11:00:00.000,2022,4,4,11,05005KT,12,10
2022-04-04 12:00:00.000,2022,4,4,12,05005KT,13,11
2022-04-04 13:00:00.000,2022,4,4,13,04006KT,14,12
2022-04-04 14:00:00.000,2022,4,4,14,06005KT,16,11
2022-04-04 15:00:00.000,2022,4,4,15,05007KT,18,11
2022-04-04 16:00:00.000,2022,4,4,16,10007KT,19,10
2022-04-04 17:00:00.000,2022,4,4,17,13010KT,20,10
2022-04-04 18:00:00.000,2022,4,4,18,11008KT,20,08
2022-04-04 19:00:00.000,2022,4,4,19,10009KT,21,11
2022-04-04 20:00:00.000,2022,4,4,20,12010KT,18,09
2022-04-04 21:00:00.000,2022,4,4,21,14008KT,19,09
2022-04-04 22:00:00.000,2022,4,4,22,09005KT,19,08
2022-04-04 23:00:00.000,2022,4,4,23,21005KT,18,11
2022-04-05 00:00:00.000,2022,4,5,0,31006KT,14,12
2022-04-05 01:00:00.000,2022,4,5,1,27005KT,14,12
2022-04-05 02:00:00.000,2022,4,5,2,VRB02KT,14,12
2022-04-05 03:00:00.000,2022,4,5,3,VRB02KT,14,11
2022-04-05 03:12:00.000,2022,4,5,3,VRB07KT,13,11
2022-04-05 04:00:00.000,2022,4,5,4,VRB02KT,12,11
2022-04-05 05:00:00.000,2022,4,5,5,34003KT,12,11
2022-04-05 06:00:00.000,2022,4,5,6,VRB02KT,11,11
2022-04-05 07:00:00.000,2022,4,5,7,VRB02KT,12,11
2022-04-05 08:00:00.000,2022,4,5,8,VRB02KT,12,11
2022-04-05 09:00:00.000,2022,4,5,9,32004KT,12,11
2022-04-05 10:00:00.000,2022,4,5,10,33004KT,12,11
2022-04-05 10:30:00.000,2022,4,5,10,VRB02KT,11,11
2022-04-05 11:00:00.000,2022,4,5,11,VRB02KT,11,11
2022-04-05 12:00:00.000,2022,4,5,12,01003KT,12,11
2022-04-05 13:00:00.000,2022,4,5,13,VRB02KT,12,11
2022-04-05 14:00:00.000,2022,4,5,14,02003KT,13,12
2022-04-05 15:00:00.000,2022,4,5,15,VRB02KT,15,12
2022-04-05 16:00:00.000,2022,4,5,16,16003KT,16,10
2022-04-05 17:00:00.000,2022,4,5,17,16011KT,18,10
2022-04-05 18:00:00.000,2022,4,5,18,14014KT,19,08
2022-04-05 19:00:00.000,2022,4,5,19,12006KT,19,09
2022-04-05 20:00:00.000,2022,4,5,20,08004KT,20,10
2022-04-05 21:00:00.000,2022,4,5,21,04006KT,21,08
2022-04-05 22:00:00.000,2022,4,5,22,30006KT,19,13
2022-04-05 23:00:00.000,2022,4,5,23,28006KT,16,13
2022-04-05 23:08:00.000,2022,4,5,23,27009KT,15,12
2022-04-06 00:00:00.000,2022,4,6,0,31007KT,14,11
2022-04-06 01:00:00.000,2022,4,6,1,30005KT,13,12
2022-04-06 02:00:00.000,2022,4,6,2,17006KT,14,12
2022-04-06 03:00:00.000,2022,4,6,3,24003KT,14,11
2022-04-06 04:00:00.000,2022,4,6,4,VRB02KT,12,12
2022-04-06 05:00:00.000,2022,4,6,5,22003KT,13,12
2022-04-06 06:00:00.000,2022,4,6,6,00000KT,13,12
2022-04-06 07:00:00.000,2022,4,6,7,21006KT,13,12
2022-04-06 08:00:00.000,2022,4,6,8,32003KT,12,11
2022-04-06 09:00:00.000,2022,4,6,9,VRB02KT,12,11
2022-04-06 10:00:00.000,2022,4,6,10,VRB02KT,12,11
2022-04-06 10:30:00.000,2022,4,6,10,VRB02KT,12,11
2022-04-06 11:00:00.000,2022,4,6,11,VRB02KT,12,11
2022-04-06 12:00:00.000,2022,4,6,12,VRB02KT,12,11
2022-04-06 13:00:00.000,2022,4,6,13,VRB02KT,15,11
2022-04-06 14:00:00.000,2022,4,6,14,12005KT,16,10
2022-04-06 15:00:00.000,2022,4,6,15,14004KT,18,10
2022-04-06 16:00:00.000,2022,4,6,16,10004KT,18,11
2022-04-06 17:00:00.000,2022,4,6,17,13009KT,20,11
2022-04-06 18:00:00.000,2022,4,6,18,12007KT,20,11
2022-04-06 19:00:00.000,2022,4,6,19,14012KT,20,11
2022-04-06 20:00:00.000,2022,4,6,20,13014KT,18,11
2022-04-06 21:00:00.000,2022,4,6,21,14007KT,20,10
2022-04-06 22:00:00.000,2022,4,6,22,10004KT,19,10
2022-04-06 23:00:00.000,2022,4,6,23,08008KT,18,10
2022-04-07 00:00:00.000,2022,4,7,0,09005KT,16,11
2022-04-07 01:00:00.000,2022,4,7,1,18005KT,16,11
2022-04-07 02:00:00.000,2022,4,7,2,19007KT,16,10
2022-04-07 03:00:00.000,2022,4,7,3,VRB02KT,15,10
2022-04-07 04:00:00.000,2022,4,7,4,12004KT,15,10
2022-04-07 05:00:00.000,2022,4,7,5,19006KT,15,09
2022-04-07 06:00:00.000,2022,4,7,6,04005KT,13,11
2022-04-07 07:00:00.000,2022,4,7,7,03005KT,13,11
2022-04-07 08:00:00.000,2022,4,7,8,06003KT,12,11
2022-04-07 09:00:00.000,2022,4,7,9,03007KT,12,10
2022-04-07 10:00:00.000,2022,4,7,10,04004KT,12,10
2022-04-07 10:30:00.000,2022,4,7,10,VRB02KT,11,10
2022-04-07 11:00:00.000,2022,4,7,11,VRB02KT,11,10
2022-04-07 12:00:00.000,2022,4,7,12,35004KT,12,11
2022-04-07 13:00:00.000,2022,4,7,13,01003KT,14,11
2022-04-07 14:00:00.000,2022,4,7,14,VRB02KT,16,09
2022-04-07 15:00:00.000,2022,4,7,15,05007KT,17,10
2022-04-07 16:00:00.000,2022,4,7,16,12004KT,18,10
2022-04-07 17:00:00.000,2022,4,7,17,06004KT,19,09
2022-04-07 18:00:00.000,2022,4,7,18,05007G17KT,18,10
2022-04-07 19:00:00.000,2022,4,7,19,22008KT,18,11
2022-04-07 20:00:00.000,2022,4,7,20,21010KT,19,11
2022-04-07 21:00:00.000,2022,4,7,21,24007KT,18,12
2022-04-07 22:00:00.000,2022,4,7,22,28008KT,17,12
2022-04-07 22:15:00.000,2022,4,7,22,27006KT,17,12
2022-04-07 23:00:00.000,2022,4,7,23,19004KT,14,12
2022-04-08 00:00:00.000,2022,4,8,0,VRB03KT,14,12
2022-04-08 01:00:00.000,2022,4,8,1,VRB02KT,13,12
2022-04-08 02:00:00.000,2022,4,8,2,35003KT,13,12
2022-04-08 03:00:00.000,2022,4,8,3,VRB02KT,13,11
2022-04-08 04:00:00.000,2022,4,8,4,36004KT,13,12
2022-04-08 05:00:00.000,2022,4,8,5,04004KT,13,12
2022-04-08 06:00:00.000,2022,4,8,6,04004KT,13,11
2022-04-08 07:00:00.000,2022,4,8,7,17003KT,13,09
2022-04-08 08:00:00.000,2022,4,8,8,00000KT,12,10
2022-04-08 09:00:00.000,2022,4,8,9,04003KT,11,09
2022-04-08 10:00:00.000,2022,4,8,10,00000KT,11,10
2022-04-08 11:00:00.000,2022,4,8,11,VRB02KT,09,08
2022-04-08 12:00:00.000,2022,4,8,12,VRB02KT,12,11
2022-04-08 13:00:00.000,2022,4,8,13,05004KT,15,11
2022-04-08 14:00:00.000,2022,4,8,14,03004KT,17,10
2022-04-08 15:00:00.000,2022,4,8,15,36006KT,17,11
2022-04-08 16:00:00.000,2022,4,8,16,VRB02KT,17,10
2022-04-08 17:00:00.000,2022,4,8,17,28004KT,18,10
2022-04-08 18:00:00.000,2022,4,8,18,14005KT,18,10
2022-04-08 19:00:00.000,2022,4,8,19,26006KT,19,13
2022-04-08 20:00:00.000,2022,4,8,20,36006KT,17,13
2022-04-08 21:00:00.000,2022,4,8,21,28010KT,16,13
2022-04-08 22:00:00.000,2022,4,8,22,23006KT,16,13
2022-04-08 23:00:00.000,2022,4,8,23,31005KT,15,13
2022-04-09 00:00:00.000,2022,4,9,0,01003KT,14,12
2022-04-09 01:00:00.000,2022,4,9,1,33003KT,13,12
2022-04-09 02:00:00.000,2022,4,9,2,23003KT,14,11
2022-04-09 03:00:00.000,2022,4,9,3,34003KT,13,11
2022-04-09 04:00:00.000,2022,4,9,4,06006KT,13,11
2022-04-09 05:00:00.000,2022,4,9,5,05005KT,12,10
2022-04-09 06:00:00.000,2022,4,9,6,05006KT,12,10
2022-04-09 07:00:00.000,2022,4,9,7,05006KT,12,10
2022-04-09 08:00:00.000,2022,4,9,8,04004KT,12,10
2022-04-09 09:00:00.000,2022,4,9,9,33004KT,11,10
2022-04-09 10:00:00.000,2022,4,9,10,32003KT,11,09
2022-04-09 10:30:00.000,2022,4,9,10,05005KT,11,10
2022-04-09 11:00:00.000,2022,4,9,11,05004KT,11,09
2022-04-09 12:00:00.000,2022,4,9,12,VRB02KT,13,10
2022-04-09 13:00:00.000,2022,4,9,13,03006KT,14,11
2022-04-09 14:00:00.000,2022,4,9,14,VRB02KT,17,11
2022-04-09 15:00:00.000,2022,4,9,15,VRB03KT,18,10
2022-04-09 16:00:00.000,2022,4,9,16,VRB07KT,19,09
2022-04-09 17:00:00.000,2022,4,9,17,15010KT,19,09
2022-04-09 18:00:00.000,2022,4,9,18,12005KT,19,09
2022-04-09 19:00:00.000,2022,4,9,19,06005KT,20,10
2022-04-09 20:00:00.000,2022,4,9,20,14006KT,20,09
2022-04-09 21:00:00.000,2022,4,9,21,34005KT,19,12
2022-04-09 22:00:00.000,2022,4,9,22,24010KT,17,12
2022-04-09 23:00:00.000,2022,4,9,23,27006KT,16,12
2022-04-10 00:00:00.000,2022,4,10,0,29006KT,15,11
2022-04-10 01:00:00.000,2022,4,10,1,25004KT,15,11
2022-04-10 02:00:00.000,2022,4,10,2,24004KT,14,11
2022-04-10 03:00:00.000,2022,4,10,3,01004KT,13,11
2022-04-10 04:00:00.000,2022,4,10,4,VRB02KT,12,10
2022-04-10 05:00:00.000,2022,4,10,5,VRB02KT,12,10
2022-04-10 06:00:00.000,2022,4,10,6,00000KT,12,09
2022-04-10 07:00:00.000,2022,4,10,7,12005KT,13,08
2022-04-10 08:00:00.000,2022,4,10,8,VRB02KT,12,08
2022-04-10 09:00:00.000,2022,4,10,9,VRB02KT,09,08
2022-04-10 10:00:00.000,2022,4,10,10,VRB02KT,10,08
2022-04-10 10:30:00.000,2022,4,10,10,VRB02KT,09,08
2022-04-10 11:00:00.000,2022,4,10,11,VRB02KT,10,08
2022-04-10 12:00:00.000,2022,4,10,12,06003KT,12,09
2022-04-10 12:40:00.000,2022,4,10,12,06005KT,14,08
2022-04-10 13:00:00.000,2022,4,10,13,03006KT,15,09
2022-04-10 14:00:00.000,2022,4,10,14,03004KT,16,09
2022-04-10 15:00:00.000,2022,4,10,15,36004KT,18,09
2022-04-10 16:00:00.000,2022,4,10,16,29005KT,19,09
2022-04-10 17:00:00.000,2022,4,10,17,32007KT,19,09
2022-04-10 18:00:00.000,2022,4,10,18,29008KT,19,10
2022-04-10 19:00:00.000,2022,4,10,19,25009KT,19,11
2022-04-10 20:00:00.000,2022,4,10,20,30009KT,18,12
2022-04-10 21:00:00.000,2022,4,10,21,27010KT,18,12
2022-04-10 22:00:00.000,2022,4,10,22,22007KT,16,12
2022-04-10 23:00:00.000,2022,4,10,23,29004KT,14,12
2022-04-11 00:00:00.000,2022,4,11,0,30003KT,13,12
2022-04-11 01:00:00.000,2022,4,11,1,00000KT,12,11
2022-04-11 02:00:00.000,2022,4,11,2,VRB02KT,13,11
2022-04-11 03:00:00.000,2022,4,11,3,00000KT,12,11
2022-04-11 04:00:00.000,2022,4,11,4,VRB02KT,12,11
2022-04-11 05:00:00.000,2022,4,11,5,05004KT,12,11
2022-04-11 06:00:00.000,2022,4,11,6,33003KT,12,11
2022-04-11 07:00:00.000,2022,4,11,7,00000KT,12,10
2022-04-11 08:00:00.000,2022,4,11,8,01004KT,12,11
2022-04-11 09:00:00.000,2022,4,11,9,07003KT,13,11
2022-04-11 10:00:00.000,2022,4,11,10,05006KT,12,10
2022-04-11 10:30:00.000,2022,4,11,10,05004KT,12,10
2022-04-11 11:00:00.000,2022,4,11,11,03004KT,12,10
2022-04-11 12:00:00.000,2022,4,11,12,03004KT,13,11
2022-04-11 13:00:00.000,2022,4,11,13,03005KT,14,11
2022-04-11 14:00:00.000,2022,4,11,14,35004KT,16,11
2022-04-11 15:00:00.000,2022,4,11,15,04004KT,17,10
2022-04-11 16:00:00.000,2022,4,11,16,11006KT,19,10
2022-04-11 17:00:00.000,2022,4,11,17,14011KT,19,10
2022-04-11 18:00:00.000,2022,4,11,18,15012KT,20,11
2022-04-11 19:00:00.000,2022,4,11,19,14008KT,20,09
2022-04-11 20:00:00.000,2022,4,11,20,13008KT,20,09
2022-04-11 21:00:00.000,2022,4,11,21,27007KT,19,13
2022-04-11 22:00:00.000,2022,4,11,22,25007KT,18,13
2022-04-11 23:00:00.000,2022,4,11,23,24005KT,17,12
2022-04-12 00:00:00.000,2022,4,12,0,34004KT,14,12
2022-04-12 01:00:00.000,2022,4,12,1,34005KT,14,11
2022-04-12 02:00:00.000,2022,4,12,2,09007KT,16,10
2022-04-12 03:00:00.000,2022,4,12,3,08007KT,15,10
2022-04-12 04:00:00.000,2022,4,12,4,04005KT,13,10
2022-04-12 05:00:00.000,2022,4,12,5,08005KT,14,11
2022-04-12 06:00:00.000,2022,4,12,6,36004KT,14,10
2022-04-12 07:00:00.000,2022,4,12,7,05003KT,13,11
2022-04-12 08:00:00.000,2022,4,12,8,05005KT,14,10
2022-04-12 09:00:00.000,2022,4,12,9,06003KT,14,10
2022-04-12 10:00:00.000,2022,4,12,10,06005KT,14,10
2022-04-12 11:00:00.000,2022,4,12,11,13004KT,15,10
2022-04-12 12:00:00.000,2022,4,12,12,08004KT,15,09
2022-04-12 13:00:00.000,2022,4,12,13,11007KT,16,09
2022-04-12 14:00:00.000,2022,4,12,14,14008KT,17,10
2022-04-12 15:00:00.000,2022,4,12,15,13012KT,18,08
2022-04-12 16:00:00.000,2022,4,12,16,11008KT,17,09
2022-04-12 17:00:00.000,2022,4,12,17,14010KT,19,10
2022-04-12 18:00:00.000,2022,4,12,18,15013KT,19,10
2022-04-12 19:00:00.000,2022,4,12,19,14010KT,18,10
2022-04-12 20:00:00.000,2022,4,12,20,12009KT,19,09
2022-04-12 21:00:00.000,2022,4,12,21,14008KT,19,08
2022-04-12 22:00:00.000,2022,4,12,22,05006KT,19,09
2022-04-12 23:00:00.000,2022,4,12,23,13008KT,18,09
2022-04-13 00:00:00.000,2022,4,13,0,12010KT,17,09
2022-04-13 01:00:00.000,2022,4,13,1,12006KT,16,08
2022-04-13 02:00:00.000,2022,4,13,2,08004KT,14,08
2022-04-13 03:00:00.000,2022,4,13,3,05004KT,13,09
2022-04-13 04:00:00.000,2022,4,13,4,08004KT,12,09
2022-04-13 05:00:00.000,2022,4,13,5,VRB02KT,11,08
2022-04-13 06:00:00.000,2022,4,13,6,07004KT,10,08
2022-04-13 07:00:00.000,2022,4,13,7,05004KT,11,08
2022-04-13 08:00:00.000,2022,4,13,8,08004KT,11,08
2022-04-13 09:00:00.000,2022,4,13,9,04004KT,11,09
2022-04-13 10:00:00.000,2022,4,13,10,03006KT,11,08
2022-04-13 10:30:00.000,2022,4,13,10,07005KT,11,08
2022-04-13 11:00:00.000,2022,4,13,11,07004KT,11,08
2022-04-13 12:00:00.000,2022,4,13,12,06006KT,12,09
2022-04-13 13:00:00.000,2022,4,13,13,06007KT,13,09
2022-04-13 14:00:00.000,2022,4,13,14,05007KT,14,09
2022-04-13 15:00:00.000,2022,4,13,15,04008KT,15,09
2022-04-13 16:00:00.000,2022,4,13,16,12007KT,16,08
2022-04-13 17:00:00.000,2022,4,13,17,14008KT,16,09
2022-04-13 18:00:00.000,2022,4,13,18,15014KT,16,09
2022-04-13 19:00:00.000,2022,4,13,19,14008KT,16,09
2022-04-13 20:00:00.000,2022,4,13,20,14008KT,18,09
2022-04-13 21:00:00.000,2022,4,13,21,18008KT,18,00
2022-04-13 22:00:00.000,2022,4,13,22,04009KT,18,00
2022-04-13 23:00:00.000,2022,4,13,23,03011KT,16,08
2022-04-14 00:00:00.000,2022,4,14,0,07006KT,15,07
2022-04-14 01:00:00.000,2022,4,14,1,04006KT,12,08
2022-04-14 02:00:00.000,2022,4,14,2,VRB02KT,12,08
2022-04-14 03:00:00.000,2022,4,14,3,VRB02KT,11,07
2022-04-14 04:00:00.000,2022,4,14,4,VRB02KT,08,07
2022-04-14 05:00:00.000,2022,4,14,5,VRB02KT,09,07
2022-04-14 06:00:00.000,2022,4,14,6,VRB02KT,07,06
2022-04-14 07:00:00.000,2022,4,14,7,VRB02KT,08,07
2022-04-14 08:00:00.000,2022,4,14,8,35003KT,06,06
2022-04-14 09:00:00.000,2022,4,14,9,VRB02KT,06,06
2022-04-14 10:00:00.000,2022,4,14,10,03004KT,05,04
2022-04-14 10:30:00.000,2022,4,14,10,06005KT,07,06
2022-04-14 11:00:00.000,2022,4,14,11,03005KT,07,06
2022-04-14 12:00:00.000,2022,4,14,12,06007KT,10,08
2022-04-14 13:00:00.000,2022,4,14,13,05006KT,13,09
2022-04-14 14:00:00.000,2022,4,14,14,07006KT,15,08
2022-04-14 15:00:00.000,2022,4,14,15,05007KT,17,09
2022-04-14 16:00:00.000,2022,4,14,16,10008KT,19,07
2022-04-14 17:00:00.000,2022,4,14,17,16012KT,20,07
2022-04-14 18:00:00.000,2022,4,14,18,13006KT,19,08
2022-04-14 19:00:00.000,2022,4,14,19,14007KT,19,08
2022-04-14 20:00:00.000,2022,4,14,20,11005KT,19,08
2022-04-14 21:00:00.000,2022,4,14,21,30003KT,19,10
2022-04-14 22:00:00.000,2022,4,14,22,10004KT,18,08
2022-04-14 23:00:00.000,2022,4,14,23,25005KT,16,12
2022-04-15 00:00:00.000,2022,4,15,0,21003KT,15,11
2022-04-15 01:00:00.000,2022,4,15,1,00000KT,11,10
2022-04-15 02:00:00.000,2022,4,15,2,00000KT,11,10
2022-04-15 03:00:00.000,2022,4,15,3,VRB02KT,10,09
2022-04-15 04:00:00.000,2022,4,15,4,VRB02KT,11,09
2022-04-15 05:00:00.000,2022,4,15,5,06004KT,10,09
2022-04-15 06:00:00.000,2022,4,15,6,03003KT,10,09
2022-04-15 07:00:00.000,2022,4,15,7,08004KT,10,09
2022-04-15 09:00:00.000,2022,4,15,9,02003KT,10,09
2022-04-15 10:00:00.000,2022,4,15,10,03005KT,11,09
2022-04-15 10:30:00.000,2022,4,15,10,03003KT,11,09
2022-04-15 11:00:00.000,2022,4,15,11,04003KT,12,10
2022-04-15 12:00:00.000,2022,4,15,12,06005KT,13,10
2022-04-15 13:00:00.000,2022,4,15,13,02003KT,14,10
2022-04-15 14:00:00.000,2022,4,15,14,06004KT,17,11
2022-04-15 15:00:00.000,2022,4,15,15,04004KT,17,10
2022-04-15 16:00:00.000,2022,4,15,16,15006KT,18,09
2022-04-15 17:00:00.000,2022,4,15,17,12005KT,19,08
2022-04-15 18:00:00.000,2022,4,15,18,13005KT,20,08
2022-04-15 18:13:00.000,2022,4,15,18,13005KT,20,08
2022-04-15 19:00:00.000,2022,4,15,19,16004KT,20,08
2022-04-15 20:00:00.000,2022,4,15,20,23007KT,19,12
2022-04-15 21:00:00.000,2022,4,15,21,30005KT,20,12
2022-04-15 22:00:00.000,2022,4,15,22,30005KT,18,12
2022-04-15 23:00:00.000,2022,4,15,23,13005KT,18,12
2022-04-16 00:00:00.000,2022,4,16,0,19004KT,17,09
2022-04-16 01:00:00.000,2022,4,16,1,28004KT,15,11
2022-04-16 02:00:00.000,2022,4,16,2,06004KT,13,10
2022-04-16 03:00:00.000,2022,4,16,3,VRB02KT,13,09
2022-04-16 04:00:00.000,2022,4,16,4,VRB02KT,12,10
2022-04-16 05:00:00.000,2022,4,16,5,VRB02KT,12,10
2022-04-16 06:00:00.000,2022,4,16,6,VRB02KT,12,10
2022-04-16 07:00:00.000,2022,4,16,7,VRB02KT,11,10
2022-04-16 08:00:00.000,2022,4,16,8,VRB02KT,10,09
2022-04-16 09:00:00.000,2022,4,16,9,07004KT,09,08
2022-04-16 10:00:00.000,2022,4,16,10,05004KT,09,09
2022-04-16 10:30:00.000,2022,4,16,10,04004KT,09,09
2022-04-16 11:00:00.000,2022,4,16,11,VRB02KT,09,08
2022-04-16 12:00:00.000,2022,4,16,12,02003KT,10,09
2022-04-16 12:21:00.000,2022,4,16,12,05004KT,12,10
2022-04-16 13:00:00.000,2022,4,16,13,03004KT,13,11
2022-04-16 14:00:00.000,2022,4,16,14,02004KT,15,10
2022-04-16 14:32:00.000,2022,4,16,14,VRB02KT,17,11
2022-04-16 15:00:00.000,2022,4,16,15,22003KT,18,09
2022-04-16 16:00:00.000,2022,4,16,16,18005KT,19,10
2022-04-16 17:00:00.000,2022,4,16,17,16013KT,20,09
2022-04-16 18:00:00.000,2022,4,16,18,15013KT,21,09
2022-04-16 19:00:00.000,2022,4,16,19,24009KT,20,12
2022-04-16 19:30:00.000,2022,4,16,19,24014KT,19,11
2022-04-16 20:00:00.000,2022,4,16,20,24012KT,19,12
2022-04-16 21:00:00.000,2022,4,16,21,25013KT,17,10
2022-04-16 21:26:00.000,2022,4,16,21,28009KT,16,11
2022-04-16 22:00:00.000,2022,4,16,22,35006KT,15,11
2022-04-16 23:00:00.000,2022,4,16,23,02003KT,15,11
2022-04-17 00:00:00.000,2022,4,17,0,VRB02KT,14,11
2022-04-17 01:00:00.000,2022,4,17,1,01003KT,13,12
2022-04-17 02:00:00.000,2022,4,17,2,VRB02KT,13,12
2022-04-17 03:00:00.000,2022,4,17,3,04007KT,13,11
2022-04-17 04:00:00.000,2022,4,17,4,04008KT,12,11
2022-04-17 05:00:00.000,2022,4,17,5,04007KT,12,11
2022-04-17 06:00:00.000,2022,4,17,6,05005KT,12,11
2022-04-17 07:00:00.000,2022,4,17,7,03004KT,12,11
2022-04-17 08:00:00.000,2022,4,17,8,03004KT,11,10
2022-04-17 09:00:00.000,2022,4,17,9,00000KT,11,10
2022-04-17 10:00:00.000,2022,4,17,10,31003KT,11,10
2022-04-17 10:30:00.000,2022,4,17,10,VRB02KT,11,10
2022-04-17 11:00:00.000,2022,4,17,11,VRB02KT,11,10
2022-04-17 12:00:00.000,2022,4,17,12,05004KT,13,11
2022-04-17 13:00:00.000,2022,4,17,13,03004KT,14,11
2022-04-17 14:00:00.000,2022,4,17,14,04005KT,15,11
2022-04-17 15:00:00.000,2022,4,17,15,03005KT,16,11
2022-04-17 16:00:00.000,2022,4,17,16,07005KT,17,11
2022-04-17 17:00:00.000,2022,4,17,17,VRB02KT,18,10
2022-04-17 18:00:00.000,2022,4,17,18,05005KT,16,11
2022-04-17 19:00:00.000,2022,4,17,19,31006KT,14,12
2022-04-17 20:00:00.000,2022,4,17,20,19003KT,16,12
2022-04-17 21:00:00.000,2022,4,17,21,24004KT,16,12
2022-04-17 22:00:00.000,2022,4,17,22,20003KT,17,11
2022-04-17 23:00:00.000,2022,4,17,23,21005KT,16,11
2022-04-18 00:00:00.000,2022,4,18,0,VRB04KT,15,11
2022-04-18 01:00:00.000,2022,4,18,1,22003KT,15,12
2022-04-18 02:00:00.000,2022,4,18,2,21003KT,15,12
2022-04-18 03:00:00.000,2022,4,18,3,VRB02KT,13,12
2022-04-18 04:00:00.000,2022,4,18,4,00000KT,13,12
2022-04-18 05:00:00.000,2022,4,18,5,35003KT,13,12
2022-04-18 06:00:00.000,2022,4,18,6,VRB02KT,13,11
2022-04-18 07:00:00.000,2022,4,18,7,02004KT,12,12
2022-04-18 08:00:00.000,2022,4,18,8,VRB02KT,12,12
2022-04-18 09:00:00.000,2022,4,18,9,VRB02KT,12,11
2022-04-18 10:00:00.000,2022,4,18,10,VRB02KT,12,11
2022-04-18 10:30:00.000,2022,4,18,10,VRB02KT,12,11
2022-04-18 11:00:00.000,2022,4,18,11,VRB02KT,12,11
2022-04-18 12:00:00.000,2022,4,18,12,VRB02KT,13,12
2022-04-18 13:00:00.000,2022,4,18,13,04005KT,15,12
2022-04-18 14:00:00.000,2022,4,18,14,10004KT,16,12
2022-04-18 15:00:00.000,2022,4,18,15,06006KT,17,12
2022-04-18 16:00:00.000,2022,4,18,16,02007KT,17,13
2022-04-18 16:25:00.000,2022,4,18,16,22010KT,14,13
2022-04-18 17:00:00.000,2022,4,18,17,12004KT,11,11
2022-04-18 17:30:00.000,2022,4,18,17,02004KT,14,12
2022-04-18 18:00:00.000,2022,4,18,18,02004KT,16,12
2022-04-18 19:00:00.000,2022,4,18,19,04003KT,18,12
2022-04-18 20:00:00.000,2022,4,18,20,31005KT,17,13
2022-04-18 20:44:00.000,2022,4,18,20,35007KT,15,12
2022-04-18 21:00:00.000,2022,4,18,21,08004KT,14,13
2022-04-18 21:22:00.000,2022,4,18,21,14004KT,13,11
2022-04-18 22:00:00.000,2022,4,18,22,08003KT,12,12
2022-04-18 23:00:00.000,2022,4,18,23,31004KT,13,12
2022-04-19 00:00:00.000,2022,4,19,0,27006KT,13,12
2022-04-19 01:00:00.000,2022,4,19,1,29004KT,12,12
2022-04-19 02:00:00.000,2022,4,19,2,VRB02KT,12,12
2022-04-19 03:00:00.000,2022,4,19,3,VRB02KT,12,11
2022-04-19 04:00:00.000,2022,4,19,4,VRB02KT,12,11
2022-04-19 05:00:00.000,2022,4,19,5,VRB02KT,12,11
2022-04-19 06:00:00.000,2022,4,19,6,VRB02KT,12,11
2022-04-19 07:00:00.000,2022,4,19,7,35004KT,11,11
2022-04-19 08:00:00.000,2022,4,19,8,01004KT,11,11
2022-04-19 09:00:00.000,2022,4,19,9,VRB02KT,11,10
2022-04-19 10:00:00.000,2022,4,19,10,06003KT,11,10
2022-04-19 10:30:00.000,2022,4,19,10,VRB02KT,11,10
2022-04-19 11:00:00.000,2022,4,19,11,VRB02KT,11,10
2022-04-19 12:00:00.000,2022,4,19,12,VRB02KT,11,11
2022-04-19 13:00:00.000,2022,4,19,13,VRB02KT,12,11
2022-04-19 14:00:00.000,2022,4,19,14,03004KT,13,11
2022-04-19 15:00:00.000,2022,4,19,15,02004KT,15,10
2022-04-19 16:00:00.000,2022,4,19,16,01005KT,16,10
2022-04-19 17:00:00.000,2022,4,19,17,08005KT,15,11
2022-04-19 18:00:00.000,2022,4,19,18,14005KT,16,11
2022-04-19 19:00:00.000,2022,4,19,19,25006KT,16,12
2022-04-19 20:00:00.000,2022,4,19,20,28005KT,14,12
2022-04-19 21:00:00.000,2022,4,19,21,04003KT,13,12
2022-04-19 22:00:00.000,2022,4,19,22,VRB02KT,13,12
2022-04-19 23:00:00.000,2022,4,19,23,29005KT,14,11
2022-04-20 00:00:00.000,2022,4,20,0,23004KT,14,12
2022-04-20 01:00:00.000,2022,4,20,1,25004KT,13,12
2022-04-20 02:00:00.000,2022,4,20,2,25005KT,13,12
2022-04-20 03:00:00.000,2022,4,20,3,22004KT,13,12
2022-04-20 04:00:00.000,2022,4,20,4,26006KT,12,11
2022-04-20 05:00:00.000,2022,4,20,5,31004KT,11,11
2022-04-20 06:00:00.000,2022,4,20,6,VRB02KT,11,11
2022-04-20 07:00:00.000,2022,4,20,7,24004KT,11,11
2022-04-20 08:00:00.000,2022,4,20,8,31003KT,11,11
2022-04-20 09:00:00.000,2022,4,20,9,VRB02KT,11,11
2022-04-20 10:00:00.000,2022,4,20,10,00000KT,11,11
2022-04-20 10:30:00.000,2022,4,20,10,VRB02KT,11,11
2022-04-20 11:00:00.000,2022,4,20,11,28003KT,11,11
2022-04-20 12:00:00.000,2022,4,20,12,30003KT,12,11
2022-04-20 13:00:00.000,2022,4,20,13,VRB02KT,12,11
2022-04-20 14:00:00.000,2022,4,20,14,VRB02KT,13,10
2022-04-20 15:00:00.000,2022,4,20,15,12003KT,13,11
2022-04-20 16:00:00.000,2022,4,20,16,15007KT,14,12
2022-04-20 17:00:00.000,2022,4,20,17,17005KT,15,09
2022-04-20 18:00:00.000,2022,4,20,18,11004KT,16,10
2022-04-20 19:00:00.000,2022,4,20,19,07003KT,15,10
2022-04-20 20:00:00.000,2022,4,20,20,00000KT,15,11
2022-04-20 21:00:00.000,2022,4,20,21,30004KT,16,11
2022-04-20 22:00:00.000,2022,4,20,22,36003KT,15,11
2022-04-20 23:00:00.000,2022,4,20,23,36004KT,14,11
2022-04-21 00:00:00.000,2022,4,21,0,VRB02KT,13,11
2022-04-21 01:00:00.000,2022,4,21,1,31006KT,13,11
2022-04-21 02:00:00.000,2022,4,21,2,28004KT,13,11
2022-04-21 03:00:00.000,2022,4,21,3,VRB02KT,12,11
2022-04-21 04:00:00.000,2022,4,21,4,27004KT,13,11
2022-04-21 05:00:00.000,2022,4,21,5,VRB02KT,11,11
2022-04-21 06:00:00.000,2022,4,21,6,00000KT,11,11
2022-04-21 07:00:00.000,2022,4,21,7,VRB02KT,11,11
2022-04-21 08:00:00.000,2022,4,21,8,VRB02KT,11,11
2022-04-21 09:00:00.000,2022,4,21,9,VRB02KT,12,11
2022-04-21 10:00:00.000,2022,4,21,10,33003KT,12,11
2022-04-21 10:30:00.000,2022,4,21,10,VRB02KT,11,10
2022-04-21 11:00:00.000,2022,4,21,11,29003KT,12,11
2022-04-21 12:00:00.000,2022,4,21,12,28004KT,12,11
2022-04-21 13:00:00.000,2022,4,21,13,28004KT,12,11
2022-04-21 14:00:00.000,2022,4,21,14,27003KT,14,10
2022-04-21 15:00:00.000,2022,4,21,15,24003KT,15,10
2022-04-21 16:00:00.000,2022,4,21,16,29004KT,17,10
2022-04-21 17:00:00.000,2022,4,21,17,32003KT,18,11
2022-04-21 18:00:00.000,2022,4,21,18,32009KT,17,10
2022-04-21 19:00:00.000,2022,4,21,19,30008KT,17,11
2022-04-21 20:00:00.000,2022,4,21,20,28008KT,17,11
2022-04-21 21:00:00.000,2022,4,21,21,31008KT,17,11
2022-04-21 22:00:00.000,2022,4,21,22,29005KT,17,11
2022-04-21 23:00:00.000,2022,4,21,23,32008KT,15,11
2022-04-22 00:00:00.000,2022,4,22,0,30007KT,14,10
2022-04-22 01:00:00.000,2022,4,22,1,23003KT,14,10
2022-04-22 02:00:00.000,2022,4,22,2,27004KT,14,10
2022-04-22 03:00:00.000,2022,4,22,3,26005KT,14,11
2022-04-22 04:00:00.000,2022,4,22,4,VRB03KT,14,11
2022-04-22 05:00:00.000,2022,4,22,5,24005KT,13,11
2022-04-22 06:00:00.000,2022,4,22,6,VRB02KT,13,11
2022-04-22 07:00:00.000,2022,4,22,7,33005KT,12,12
2022-04-22 08:00:00.000,2022,4,22,8,32005KT,11,11
2022-04-22 09:00:00.000,2022,4,22,9,VRB02KT,11,11
2022-04-22 10:00:00.000,2022,4,22,10,VRB02KT,11,10
2022-04-22 10:30:00.000,2022,4,22,10,30005KT,11,10
2022-04-22 11:00:00.000,2022,4,22,11,VRB02KT,11,10
2022-04-22 12:00:00.000,2022,4,22,12,30005KT,11,10
2022-04-22 13:00:00.000,2022,4,22,13,29003KT,13,10
2022-04-22 14:00:00.000,2022,4,22,14,29003KT,14,10
2022-04-22 15:00:00.000,2022,4,22,15,31003KT,15,10
2022-04-22 16:00:00.000,2022,4,22,16,32003KT,17,11
2022-04-22 17:00:00.000,2022,4,22,17,320008KT,18,11
2022-04-22 18:00:00.000,2022,4,22,18,32008KT,17,11
2022-04-22 18:35:00.000,2022,4,22,18,31012KT,15,11
2022-04-22 19:00:00.000,2022,4,22,19,29012KT,14,12
2022-04-22 19:15:00.000,2022,4,22,19,28006KT,15,12
2022-04-22 20:00:00.000,2022,4,22,20,26006KT,16,12
2022-04-22 21:00:00.000,2022,4,22,21,28008KT,16,12
2022-04-22 22:00:00.000,2022,4,22,22,35009KT,16,11
2022-04-22 23:00:00.000,2022,4,22,23,34005KT,14,11
2022-04-23 00:00:00.000,2022,4,23,0,30004KT,13,10
2022-04-23 01:00:00.000,2022,4,23,1,31007KT,13,10
2022-04-23 02:00:00.000,2022,4,23,2,34003KT,12,10
2022-04-23 03:00:00.000,2022,4,23,3,31004KT,13,11
2022-04-23 04:00:00.000,2022,4,23,4,29004KT,12,11
2022-04-23 05:00:00.000,2022,4,23,5,26004KT,12,11
2022-04-23 06:00:00.000,2022,4,23,6,VRB02KT,11,11
2022-04-23 07:00:00.000,2022,4,23,7,VRB02KT,11,10
2022-04-23 07:05:00.000,2022,4,23,7,31003KT,12,11
2022-04-23 08:00:00.000,2022,4,23,8,VRB02KT,11,11
2022-04-23 09:00:00.000,2022,4,23,9,29003KT,12,11
2022-04-23 10:00:00.000,2022,4,23,10,VRB02KT,11,11
2022-04-23 10:30:00.000,2022,4,23,10,29003KT,12,11
2022-04-23 11:00:00.000,2022,4,23,11,31004KT,12,11
2022-04-23 12:00:00.000,2022,4,23,12,VRB02KT,12,11
2022-04-23 13:00:00.000,2022,4,23,13,34004KT,13,11
2022-04-23 14:00:00.000,2022,4,23,14,03004KT,15,11
2022-04-23 15:00:00.000,2022,4,23,15,01004KT,17,11
2022-04-23 16:00:00.000,2022,4,23,16,VRB02KT,18,10
2022-04-23 17:00:00.000,2022,4,23,17,30005KT,19,12
2022-04-23 18:00:00.000,2022,4,23,18,32010KT,20,13
2022-04-23 18:15:00.000,2022,4,23,18,29016KT,18,13
2022-04-23 19:00:00.000,2022,4,23,19,32013KT,18,13
2022-04-23 20:00:00.000,2022,4,23,20,27010KT,16,12
2022-04-23 21:00:00.000,2022,4,23,21,23006KT,15,12
2022-04-23 22:00:00.000,2022,4,23,22,VRB02KT,15,12
2022-04-23 23:00:00.000,2022,4,23,23,VRB02KT,15,12
2022-04-24 00:00:00.000,2022,4,24,0,28006KT,14,12
2022-04-24 01:00:00.000,2022,4,24,1,31005KT,13,12
2022-04-24 02:00:00.000,2022,4,24,2,33003KT,12,11
2022-04-24 03:00:00.000,2022,4,24,3,31003KT,12,11
2022-04-24 04:00:00.000,2022,4,24,4,26005KT,12,11
2022-04-24 05:00:00.000,2022,4,24,5,32004KT,12,11
2022-04-24 06:00:00.000,2022,4,24,6,31004KT,12,11
2022-04-24 07:00:00.000,2022,4,24,7,28003KT,11,11
2022-04-24 07:40:00.000,2022,4,24,7,VRB02KT,10,09
2022-04-24 08:00:00.000,2022,4,24,8,VRB02KT,10,10
2022-04-24 08:20:00.000,2022,4,24,8,34005KT,10,09
2022-04-24 09:00:00.000,2022,4,24,9,30003KT,10,10
2022-04-24 10:00:00.000,2022,4,24,10,VRB02KT,10,10
2022-04-24 10:30:00.000,2022,4,24,10,VRB02KT,10,10
2022-04-24 11:00:00.000,2022,4,24,11,VRB02KT,10,10
2022-04-24 12:00:00.000,2022,4,24,12,VRB02KT,11,10
2022-04-24 13:00:00.000,2022,4,24,13,VRB02KT,13,11
2022-04-24 14:00:00.000,2022,4,24,14,03004KT,15,12
2022-04-24 15:00:00.000,2022,4,24,15,23004KT,17,10
2022-04-24 16:00:00.000,2022,4,24,16,07003KT,19,11
2022-04-24 17:00:00.000,2022,4,24,17,26010KT,19,13
2022-04-24 18:00:00.000,2022,4,24,18,29010KT,17,13
2022-04-24 18:10:00.000,2022,4,24,18,34014KT,15,13
2022-04-24 19:00:00.000,2022,4,24,19,31006KT,13,12
2022-04-24 20:00:00.000,2022,4,24,20,20007KT,15,13
2022-04-24 21:00:00.000,2022,4,24,21,22006KT,15,13
2022-04-24 22:00:00.000,2022,4,24,22,21004KT,16,11
2022-04-24 23:00:00.000,2022,4,24,23,28005KT,16,12
2022-04-25 00:00:00.000,2022,4,25,0,01007KT,13,11
2022-04-25 00:11:00.000,2022,4,25,0,02007KT,12,11
2022-04-25 01:00:00.000,2022,4,25,1,08006KT,12,11
2022-04-25 02:00:00.000,2022,4,25,2,10003KT,12,11
2022-04-25 03:00:00.000,2022,4,25,3,04003KT,12,11
2022-04-25 04:00:00.000,2022,4,25,4,04003KT,12,11
2022-04-25 05:00:00.000,2022,4,25,5,07004KT,12,11
2022-04-25 06:00:00.000,2022,4,25,6,VRB02KT,12,11
2022-04-25 07:00:00.000,2022,4,25,7,04005KT,12,11
2022-04-25 08:00:00.000,2022,4,25,8,VRB03KT,12,11
2022-04-25 09:00:00.000,2022,4,25,9,06003KT,12,11
2022-04-25 10:00:00.000,2022,4,25,10,VRB02KT,12,11
2022-04-25 10:30:00.000,2022,4,25,10,00000KT,12,11
2022-04-25 11:00:00.000,2022,4,25,11,00000KT,12,11
2022-04-25 12:00:00.000,2022,4,25,12,05005KT,12,11
2022-04-25 13:00:00.000,2022,4,25,13,07006KT,12,11
2022-04-25 14:00:00.000,2022,4,25,14,05004KT,12,11
2022-04-25 15:00:00.000,2022,4,25,15,05005KT,13,11
2022-04-25 16:00:00.000,2022,4,25,16,03006KT,13,11
2022-04-25 17:00:00.000,2022,4,25,17,03005KT,14,11
2022-04-25 18:00:00.000,2022,4,25,18,36003KT,16,10
2022-04-25 19:00:00.000,2022,4,25,19,36003KT,17,11
2022-04-25 20:00:00.000,2022,4,25,20,25008KT,15,13
2022-04-25 21:00:00.000,2022,4,25,21,25008KT,15,12
2022-04-25 22:00:00.000,2022,4,25,22,25009KT,15,12
2022-04-25 23:00:00.000,2022,4,25,23,25008KT,13,11
2022-04-26 00:00:00.000,2022,4,26,0,VRB02KT,13,11
2022-04-26 01:00:00.000,2022,4,26,1,VRB02KT,12,11
2022-04-26 02:00:00.000,2022,4,26,2,VRB02KT,12,11
2022-04-26 03:00:00.000,2022,4,26,3,VRB02KT,11,11
2022-04-26 04:00:00.000,2022,4,26,4,04003KT,11,11
2022-04-26 05:00:00.000,2022,4,26,5,VRB02KT,10,10
2022-04-26 06:00:00.000,2022,4,26,6,31004KT,09,09
2022-04-26 07:00:00.000,2022,4,26,7,VRB02KT,09,08
2022-04-26 08:00:00.000,2022,4,26,8,VRB02KT,08,07
2022-04-26 09:00:00.000,2022,4,26,9,07005KT,09,09
2022-04-26 10:00:00.000,2022,4,26,10,VRB02KT,09,09
2022-04-26 10:30:00.000,2022,4,26,10,02004KT,07,07
2022-04-26 11:00:00.000,2022,4,26,11,05005KT,09,09
2022-04-26 11:30:00.000,2022,4,26,11,04005KT,10,09
2022-04-26 12:00:00.000,2022,4,26,12,03004KT,10,10
2022-04-26 12:30:00.000,2022,4,26,12,00000KT,10,10
2022-04-26 13:00:00.000,2022,4,26,13,VRB02KT,11,09
2022-04-26 14:00:00.000,2022,4,26,14,00000KT,13,10
2022-04-26 15:00:00.000,2022,4,26,15,04003KT,16,12
2022-04-26 16:00:00.000,2022,4,26,16,29004KT,18,11
2022-04-26 17:00:00.000,2022,4,26,17,05003KT,19,12
2022-04-26 18:00:00.000,2022,4,26,18,VRB02KT,18,13
2022-04-26 19:00:00.000,2022,4,26,19,25012KT,16,12
2022-04-26 20:00:00.000,2022,4,26,20,27010KT,16,12
2022-04-26 21:00:00.000,2022,4,26,21,26004KT,17,11
2022-04-26 22:00:00.000,2022,4,26,22,23004KT,16,10
2022-04-26 23:00:00.000,2022,4,26,23,26004KT,16,10
2022-04-27 00:00:00.000,2022,4,27,0,32003KT,14,11
2022-04-27 01:00:00.000,2022,4,27,1,36003KT,13,11
2022-04-27 02:00:00.000,2022,4,27,2,VRB02KT,13,11
2022-04-27 03:00:00.000,2022,4,27,3,VRB02KT,13,11
2022-04-27 04:00:00.000,2022,4,27,4,VRB02KT,14,10
2022-04-27 05:00:00.000,2022,4,27,5,01003KT,13,11
2022-04-27 06:00:00.000,2022,4,27,6,00000KT,13,11
2022-04-27 07:00:00.000,2022,4,27,7,VRB02KT,12,12
2022-04-27 08:00:00.000,2022,4,27,8,00000KT,12,11
2022-04-27 09:00:00.000,2022,4,27,9,VRB02KT,12,11
2022-04-27 10:00:00.000,2022,4,27,10,00000KT,12,11
2022-04-27 10:30:00.000,2022,4,27,10,01003KT,12,11
2022-04-27 11:00:00.000,2022,4,27,11,VRB02KT,11,11
2022-04-27 12:00:00.000,2022,4,27,12,VRB02KT,13,11
2022-04-27 13:00:00.000,2022,4,27,13,VRB02KT,14,12
2022-04-27 14:00:00.000,2022,4,27,14,02004KT,16,11
2022-04-27 15:00:00.000,2022,4,27,15,VRB02KT,17,11
2022-04-27 16:00:00.000,2022,4,27,16,35004KT,17,11
2022-04-27 17:00:00.000,2022,4,27,17,25008KT,17,13
2022-04-27 18:00:00.000,2022,4,27,18,26008KT,17,12
2022-04-27 19:00:00.000,2022,4,27,19,25007KT,18,12
2022-04-27 19:30:00.000,2022,4,27,19,08007KT,15,12
2022-04-27 20:00:00.000,2022,4,27,20,11008KT,14,12
2022-04-27 20:15:00.000,2022,4,27,20,06004KT,13,12
2022-04-27 21:00:00.000,2022,4,27,21,14004KT,13,13
2022-04-27 22:00:00.000,2022,4,27,22,17004KT,13,11
2022-04-27 23:00:00.000,2022,4,27,23,36004KT,13,11
2022-04-28 00:00:00.000,2022,4,28,0,VRB02KT,12,11
2022-04-28 01:00:00.000,2022,4,28,1,VRB02KT,13,12
2022-04-28 02:00:00.000,2022,4,28,2,32004KT,13,12
2022-04-28 03:00:00.000,2022,4,28,3,26003KT,13,12
2022-04-28 04:00:00.000,2022,4,28,4,VRB02KT,12,11
2022-04-28 05:00:00.000,2022,4,28,5,VRB02KT,12,12
2022-04-28 06:00:00.000,2022,4,28,6,00000KT,12,12
2022-04-28 07:00:00.000,2022,4,28,7,VRB02KT,12,12
2022-04-28 07:21:00.000,2022,4,28,7,VRB02KT,12,12
2022-04-28 08:00:00.000,2022,4,28,8,VRB02KT,12,12
2022-04-28 09:00:00.000,2022,4,28,9,03004KT,12,12
2022-04-28 10:00:00.000,2022,4,28,10,VRB02KT,12,12
2022-04-28 10:30:00.000,2022,4,28,10,VRB02KT,12,11
2022-04-28 11:00:00.000,2022,4,28,11,VRB02KT,12,12
2022-04-28 12:00:00.000,2022,4,28,12,VRB02KT,12,11
2022-04-28 13:00:00.000,2022,4,28,13,VRB02KT,13,11
2022-04-28 14:00:00.000,2022,4,28,14,03006KT,14,11
2022-04-28 15:00:00.000,2022,4,28,15,VRB02KT,15,11
2022-04-28 16:00:00.000,2022,4,28,16,34004KT,15,12
2022-04-28 17:00:00.000,2022,4,28,17,VRB02KT,18,12
2022-04-28 18:00:00.000,2022,4,28,18,25010KT,15,13
2022-04-28 18:15:00.000,2022,4,28,18,30008KT,13,13
2022-04-28 19:00:00.000,2022,4,28,19,25008KT,13,13
2022-04-28 20:00:00.000,2022,4,28,20,30006KT,12,12
2022-04-28 20:31:00.000,2022,4,28,20,30006KT,13,12
2022-04-28 21:00:00.000,2022,4,28,21,34004KT,13,12
2022-04-28 22:00:00.000,2022,4,28,22,35004KT,13,12
2022-04-28 23:00:00.000,2022,4,28,23,03004KT,13,12
2022-04-29 00:00:00.000,2022,4,29,0,VRB02KT,12,12
2022-04-29 01:00:00.000,2022,4,29,1,VRB02KT,12,11
2022-04-29 02:00:00.000,2022,4,29,2,VRB02KT,11,11
2022-04-29 03:00:00.000,2022,4,29,3,VRB02KT,12,12
2022-04-29 04:00:00.000,2022,4,29,4,VRB02KT,11,11
2022-04-29 05:00:00.000,2022,4,29,5,VRB02KT,11,11
2022-04-29 06:00:00.000,2022,4,29,6,36003KT,12,11
2022-04-29 07:00:00.000,2022,4,29,7,30003KT,11,11
2022-04-29 08:00:00.000,2022,4,29,8,24003KT,12,11
2022-04-29 09:00:00.000,2022,4,29,9,26004KT,11,11
2022-04-29 10:00:00.000,2022,4,29,10,VRB02KT,12,11
2022-04-29 11:00:00.000,2022,4,29,11,VRB02KT,10,10
2022-04-29 12:00:00.000,2022,4,29,12,VRB02KT,12,11
2022-04-29 13:00:00.000,2022,4,29,13,VRB02KT,13,12
2022-04-29 14:00:00.000,2022,4,29,14,04004KT,13,12
2022-04-29 15:00:00.000,2022,4,29,15,12004KT,13,12
2022-04-29 16:00:00.000,2022,4,29,16,11004KT,14,10
2022-04-29 17:00:00.000,2022,4,29,17,14006KT,16,10
2022-04-29 18:00:00.000,2022,4,29,18,17010KT,17,11
2022-04-29 19:00:00.000,2022,4,29,19,17009KT,17,09
2022-04-29 20:00:00.000,2022,4,29,20,18011KT,18,10
2022-04-29 21:00:00.000,2022,4,29,21,15008KT,18,09
2022-04-29 22:00:00.000,2022,4,29,22,14010KT,18,09
2022-04-29 23:00:00.000,2022,4,29,23,09004KT,17,09
2022-04-30 00:00:00.000,2022,4,30,0,09004KT,14,09
2022-04-30 01:00:00.000,2022,4,30,1,08004KT,13,09
2022-04-30 02:00:00.000,2022,4,30,2,VRB02KT,11,10
2022-04-30 03:00:00.000,2022,4,30,3,05004KT,11,10
2022-04-30 04:00:00.000,2022,4,30,4,04003KT,11,10
2022-04-30 05:00:00.000,2022,4,30,5,VRB03KT,13,10
2022-04-30 06:00:00.000,2022,4,30,6,29004KT,12,10
2022-04-30 07:00:00.000,2022,4,30,7,VRB02KT,12,10
2022-04-30 08:00:00.000,2022,4,30,8,VRB02KT,12,10
2022-04-30 09:00:00.000,2022,4,30,9,VRB02KT,12,10
2022-04-30 10:00:00.000,2022,4,30,10,35003KT,11,9
2022-04-30 10:30:00.000,2022,4,30,10,35003KT,11,10
2022-04-30 11:00:00.000,2022,4,30,11,06004KT,11,10
2022-04-30 12:00:00.000,2022,4,30,12,11003KT,13,10
2022-04-30 13:00:00.000,2022,4,30,13,05004KT,14,11
2022-04-30 14:00:00.000,2022,4,30,14,17005KT,14,11
2022-04-30 15:00:00.000,2022,4,30,15,14013KT,15,10
2022-04-30 16:00:00.000,2022,4,30,16,15010KT,16,09
2022-04-30 17:00:00.000,2022,4,30,17,17012KT,16,08
2022-04-30 18:00:00.000,2022,4,30,18,19008KT,16,09
2022-04-30 19:00:00.000,2022,4,30,19,14006KT,16,09
2022-04-30 20:00:00.000,2022,4,30,20,14008KT,16,08
2022-04-30 21:00:00.000,2022,4,30,21,21011KT,16,09
2022-04-30 22:00:00.000,2022,4,30,22,19011KT,16,09
2022-04-30 23:00:00.000,2022,4,30,23,10003KT,14,08
2022-05-01 00:00:00.000,2022,5,1,0,16004KT,13,09
2022-05-01 01:00:00.000,2022,5,1,1,14003KT,12,08
2022-05-01 02:00:00.000,2022,5,1,2,17003KT,12,08
2022-05-01 03:00:00.000,2022,5,1,3,34003KT,10,08
2022-05-01 04:00:00.000,2022,5,1,4,VRB02KT,09,09
2022-05-01 05:00:00.000,2022,5,1,5,05006KT,10,09
2022-05-01 06:00:00.000,2022,5,1,6,07005KT,10,08
2022-05-01 07:00:00.000,2022,5,1,7,33003KT,10,08
2022-05-01 08:00:00.000,2022,5,1,8,VRB02KT,08,07
2022-05-01 09:00:00.000,2022,5,1,9,35003KT,08,07
2022-05-01 10:00:00.000,2022,5,1,10,17003KT,09,08
2022-05-01 10:30:00.000,2022,5,1,10,32003KT,08,08
2022-05-01 11:00:00.000,2022,5,1,11,00000KT,08,07
2022-05-01 12:00:00.000,2022,5,1,12,18003KT,11,09
2022-05-01 13:00:00.000,2022,5,1,13,VRB02KT,13,10
2022-05-01 13:30:00.000,2022,5,1,13,10004KT,15,09
2022-05-01 14:00:00.000,2022,5,1,14,15007KT,16,10
2022-05-01 15:00:00.000,2022,5,1,15,13007KT,18,10
2022-05-01 16:00:00.000,2022,5,1,16,12007KT,19,08
2022-05-01 17:00:00.000,2022,5,1,17,12007KT,19,08
2022-05-01 18:00:00.000,2022,5,1,18,11009KT,21,08
2022-05-01 19:00:00.000,2022,5,1,19,16011KT,20,09
2022-05-01 20:00:00.000,2022,5,1,20,15011KT,18,09
2022-05-01 21:00:00.000,2022,5,1,21,15010KT,19,09
2022-05-01 22:00:00.000,2022,5,1,22,16010KT,19,08
2022-05-01 23:00:00.000,2022,5,1,23,08005KT,17,08
2022-05-02 00:00:00.000,2022,5,2,0,32005KT,13,10
2022-05-02 01:00:00.000,2022,5,2,1,VRB02KT,12,09
2022-05-02 02:00:00.000,2022,5,2,2,36004KT,11,09
2022-05-02 03:00:00.000,2022,5,2,3,VRB02KT,12,09
2022-05-02 04:00:00.000,2022,5,2,4,VRB02KT,11,09
2022-05-02 05:00:00.000,2022,5,2,5,VRB02KT,10,09
2022-05-02 06:00:00.000,2022,5,2,6,05003KT,10,09
2022-05-02 07:00:00.000,2022,5,2,7,06004KT,11,09
2022-05-02 08:00:00.000,2022,5,2,8,05004KT,11,10
2022-05-02 09:00:00.000,2022,5,2,9,06006KT,11,10
2022-05-02 10:00:00.000,2022,5,2,10,04004KT,11,10
2022-05-02 10:30:00.000,2022,5,2,10,08004KT,11,10
2022-05-02 11:00:00.000,2022,5,2,11,06004KT,11,10
2022-05-02 12:00:00.000,2022,5,2,12,04003KT,11,10
2022-05-02 13:00:00.000,2022,5,2,13,03004KT,13,11
2022-05-02 14:00:00.000,2022,5,2,14,31003KT,15,11
2022-05-02 15:00:00.000,2022,5,2,15,04005KT,16,11
2022-05-02 16:00:00.000,2022,5,2,16,03006KT,18,10
2022-05-02 17:00:00.000,2022,5,2,17,16007KT,18,08
2022-05-02 18:00:00.000,2022,5,2,18,12004KT,19,08
2022-05-02 19:00:00.000,2022,5,2,19,12006KT,19,10
2022-05-02 20:00:00.000,2022,5,2,20,05008KT,19,11
2022-05-02 21:00:00.000,2022,5,2,21,08007KT,19,09
2022-05-02 22:00:00.000,2022,5,2,22,13008KT,18,09
2022-05-02 23:00:00.000,2022,5,2,23,16007KT,18,07
2022-05-03 00:00:00.000,2022,5,3,0,VRB02KT,13,11
2022-05-03 01:00:00.000,2022,5,3,1,VRB02KT,12,11
2022-05-03 02:00:00.000,2022,5,3,2,VRB02KT,12,11
2022-05-03 03:00:00.000,2022,5,3,3,35003KT,10,09
2022-05-03 04:00:00.000,2022,5,3,4,01003KT,11,09
2022-05-03 05:00:00.000,2022,5,3,5,05004KT,10,08
2022-05-03 06:00:00.000,2022,5,3,6,08005KT,10,09
2022-05-03 07:00:00.000,2022,5,3,7,VRB03KT,10,08
2022-05-03 08:00:00.000,2022,5,3,8,03003KT,08,08
2022-05-03 09:00:00.000,2022,5,3,9,06004KT,08,07
2022-05-03 10:00:00.000,2022,5,3,10,06004KT,08,07
2022-05-03 11:00:00.000,2022,5,3,11,05007KT,09,07
2022-05-03 12:00:00.000,2022,5,3,12,07008KT,11,08
2022-05-03 13:00:00.000,2022,5,3,13,06008KT,14,10
2022-05-03 14:00:00.000,2022,5,3,14,07004KT,16,10
2022-05-03 15:00:00.000,2022,5,3,15,13008KT,19,09
2022-05-03 16:00:00.000,2022,5,3,16,16008KT,18,08
2022-05-03 17:00:00.000,2022,5,3,17,17012KT,19,08
2022-05-03 18:00:00.000,2022,5,3,18,16008KT,20,09
2022-05-03 19:00:00.000,2022,5,3,19,11008KT,22,08
2022-05-03 20:00:00.000,2022,5,3,20,15008KT,22,08
2022-05-03 21:00:00.000,2022,5,3,21,15008KT,21,09
2022-05-03 22:00:00.000,2022,5,3,22,11006KT,21,09
2022-05-03 23:00:00.000,2022,5,3,23,12004KT,18,09
2022-05-04 00:00:00.000,2022,5,4,0,31006KT,14,11
2022-05-04 01:00:00.000,2022,5,4,1,29006KT,15,10
2022-05-04 02:00:00.000,2022,5,4,2,VRB02KT,13,10
2022-05-04 03:00:00.000,2022,5,4,3,VRB02KT,13,10
2022-05-04 04:00:00.000,2022,5,4,4,VRB02KT,12,10
2022-05-04 05:00:00.000,2022,5,4,5,34003KT,11,09
2022-05-04 06:00:00.000,2022,5,4,6,05006KT,11,09
2022-05-04 07:00:00.000,2022,5,4,7,03005KT,10,08
2022-05-04 08:00:00.000,2022,5,4,8,06006KT,09,08
2022-05-04 09:00:00.000,2022,5,4,9,07006KT,10,08
2022-05-04 10:00:00.000,2022,5,4,10,VRB02KT,09,08
2022-05-04 10:30:00.000,2022,5,4,10,07006KT,09,07
2022-05-04 11:00:00.000,2022,5,4,11,08003KT,09,08
2022-05-04 12:00:00.000,2022,5,4,12,07003KT,11,08
2022-05-04 13:00:00.000,2022,5,4,13,02003KT,13,08
2022-05-04 13:22:00.000,2022,5,4,13,03003KT,15,08
2022-05-04 14:00:00.000,2022,5,4,14,04003KT,17,08
2022-05-04 15:00:00.000,2022,5,4,15,12009KT,19,06
2022-05-04 16:00:00.000,2022,5,4,16,14013KT,19,08
2022-05-04 17:00:00.000,2022,5,4,17,14011KT,19,08
2022-05-04 18:00:00.000,2022,5,4,18,14010KT,20,08
2022-05-04 19:00:00.000,2022,5,4,19,13008KT,21,09
2022-05-04 20:00:00.000,2022,5,4,20,13007KT,21,07
2022-05-04 21:00:00.000,2022,5,4,21,31009KT,19,12
2022-05-04 22:00:00.000,2022,5,4,22,28010KT,18,12
2022-05-04 23:00:00.000,2022,5,4,23,26006KT,16,12
2022-05-05 00:00:00.000,2022,5,5,0,29004KT,13,10
2022-05-05 01:00:00.000,2022,5,5,1,VRB02KT,12,10
2022-05-05 02:00:00.000,2022,5,5,2,00000KT,12,11
2022-05-05 03:00:00.000,2022,5,5,3,02003KT,11,10
2022-05-05 04:00:00.000,2022,5,5,4,VRB02KT,12,09
2022-05-05 05:00:00.000,2022,5,5,5,35004KT,10,09
2022-05-05 06:00:00.000,2022,5,5,6,33005KT,11,09
2022-05-05 07:00:00.000,2022,5,5,7,00000KT,11,09
2022-05-05 08:00:00.000,2022,5,5,8,VRB02KT,12,11
2022-05-05 09:00:00.000,2022,5,5,9,00000KT,12,11
2022-05-05 10:00:00.000,2022,5,5,10,36004KT,11,11
2022-05-05 10:30:00.000,2022,5,5,10,02003KT,12,11
2022-05-05 11:00:00.000,2022,5,5,11,VRB02KT,11,11
2022-05-05 12:00:00.000,2022,5,5,12,04003KT,12,11
2022-05-05 13:00:00.000,2022,5,5,13,VRB02KT,13,11
2022-05-05 14:00:00.000,2022,5,5,14,03003KT,15,10
2022-05-05 15:00:00.000,2022,5,5,15,VRB02KT,15,10
2022-05-05 16:00:00.000,2022,5,5,16,12004KT,15,11
2022-05-05 17:00:00.000,2022,5,5,17,16008KT,15,11
2022-05-05 18:00:00.000,2022,5,5,18,21006KT,14,11
2022-05-05 19:00:00.000,2022,5,5,19,04004KT,13,11
2022-05-05 20:00:00.000,2022,5,5,20,23005KT,14,11
2022-05-05 21:00:00.000,2022,5,5,21,360004KT,14,11
2022-05-05 22:00:00.000,2022,5,5,22,VRB02KT,15,10
2022-05-05 23:00:00.000,2022,5,5,23,07004KT,14,10
2022-05-06 00:00:00.000,2022,5,6,0,07006KT,14,10
2022-05-06 01:00:00.000,2022,5,6,1,VRB02KT,13,10
2022-05-06 02:00:00.000,2022,5,6,2,VRB02KT,13,10
2022-05-06 03:00:00.000,2022,5,6,3,04003KT,12,10
2022-05-06 04:00:00.000,2022,5,6,4,VRB02KT,12,10
2022-05-06 05:00:00.000,2022,5,6,5,VRB02KT,12,10
2022-05-06 06:00:00.000,2022,5,6,6,VRB02KT,13,11
2022-05-06 07:00:00.000,2022,5,6,7,00000KT,13,11
2022-05-06 08:00:00.000,2022,5,6,8,00000KT,12,11
2022-05-06 09:00:00.000,2022,5,6,9,VRB02KT,12,11
2022-05-06 10:00:00.000,2022,5,6,10,VRB02KT,11,11
2022-05-06 10:30:00.000,2022,5,6,10,00000KT,11,11
2022-05-06 11:00:00.000,2022,5,6,11,VRB02KT,11,10
2022-05-06 12:00:00.000,2022,5,6,12,VRB02KT,12,11
2022-05-06 13:00:00.000,2022,5,6,13,33003KT,13,11
2022-05-06 14:00:00.000,2022,5,6,14,VRB02KT,15,11
2022-05-06 15:00:00.000,2022,5,6,15,29005KT,16,09
2022-05-06 16:00:00.000,2022,5,6,16,31004KT,17,10
2022-05-06 17:00:00.000,2022,5,6,17,26008KT,16,10
2022-05-06 18:00:00.000,2022,5,6,18,23005KT,17,10
2022-05-06 19:00:00.000,2022,5,6,19,24008KT,17,10
2022-05-06 20:00:00.000,2022,5,6,20,23007KT,18,10
2022-05-06 21:00:00.000,2022,5,6,21,22008KT,17,11
2022-05-06 22:00:00.000,2022,5,6,22,23007KT,16,11
2022-05-06 23:00:00.000,2022,5,6,23,23006KT,15,11
2022-05-07 00:00:00.000,2022,5,7,0,26004KT,15,11
2022-05-07 01:00:00.000,2022,5,7,1,03003KT,26,25
2022-05-07 02:00:00.000,2022,5,7,2,35004KT,13,10
2022-05-07 03:00:00.000,2022,5,7,3,30003KT,14,11
2022-05-07 04:00:00.000,2022,5,7,4,28003KT,14,11
2022-05-07 05:00:00.000,2022,5,7,5,29004KT,14,11
2022-05-07 06:00:00.000,2022,5,7,6,28003KT,13,11
2022-05-07 07:00:00.000,2022,5,7,7,30004KT,13,11
2022-05-07 08:00:00.000,2022,5,7,8,VRB02KT,13,11
2022-05-07 09:00:00.000,2022,5,7,9,VRB02KT,12,11
2022-05-07 10:00:00.000,2022,5,7,10,VRB02KT,12,11
2022-05-07 10:30:00.000,2022,5,7,10,VRB02KT,12,11
2022-05-07 11:00:00.000,2022,5,7,11,31004KT,12,11
2022-05-07 12:00:00.000,2022,5,7,12,VRB02KT,13,11
2022-05-07 13:00:00.000,2022,5,7,13,VRB02KT,13,12
2022-05-07 14:00:00.000,2022,5,7,14,13004KT,13,12
2022-05-07 15:00:00.000,2022,5,7,15,17004KT,14,12
2022-05-07 16:00:00.000,2022,5,7,16,VRB02KT,14,12
2022-05-07 17:00:00.000,2022,5,7,17,VRB02KT,15,11
2022-05-07 18:00:00.000,2022,5,7,18,VRB02KT,15,11
2022-05-07 19:00:00.000,2022,5,7,19,03004KT,13,12
2022-05-07 19:06:00.000,2022,5,7,19,03006KT,13,12
2022-05-07 20:00:00.000,2022,5,7,20,VRB02KT,14,12
2022-05-07 21:00:00.000,2022,5,7,21,VRB02KT,15,11
2022-05-07 22:00:00.000,2022,5,7,22,02003KT,15,12
2022-05-07 23:00:00.000,2022,5,7,23,03003KT,14,12
2022-05-08 00:00:00.000,2022,5,8,0,33003KT,13,11
2022-05-08 01:00:00.000,2022,5,8,1,VRB02KT,13,12
2022-05-08 02:00:00.000,2022,5,8,2,23003KT,14,12
2022-05-08 03:00:00.000,2022,5,8,3,23003KT,14,12
2022-05-08 04:00:00.000,2022,5,8,4,VRB02KT,12,12
2022-05-08 05:00:00.000,2022,5,8,5,VRB02KT,12,12
2022-05-08 06:00:00.000,2022,5,8,6,00000KT,12,11
2022-05-08 07:00:00.000,2022,5,8,7,VRB02KT,12,11
2022-05-08 08:00:00.000,2022,5,8,8,VRB02KT,12,11
2022-05-08 09:00:00.000,2022,5,8,9,VRB02KT,11,11
2022-05-08 10:00:00.000,2022,5,8,10,08003KT,11,11
2022-05-08 10:30:00.000,2022,5,8,10,03003KT,11,11
2022-05-08 11:00:00.000,2022,5,8,11,05003KT,11,10
2022-05-08 12:00:00.000,2022,5,8,12,02003KT,12,11
2022-05-08 12:36:00.000,2022,5,8,12,VRB02KT,14,11
2022-05-08 13:00:00.000,2022,5,8,13,08003KT,15,11
2022-05-08 14:00:00.000,2022,5,8,14,VRB02KT,17,11
2022-05-08 15:00:00.000,2022,5,8,15,VRB03KT,19,10
2022-05-08 16:00:00.000,2022,5,8,16,34004KT,20,10
2022-05-08 17:00:00.000,2022,5,8,17,VRB03KT,19,12
2022-05-08 17:30:00.000,2022,5,8,17,29008KT,18,11
2022-05-08 18:00:00.000,2022,5,8,18,18008G18KT,12,12
2022-05-08 18:33:00.000,2022,5,8,18,24011KT,16,13
2022-05-08 19:00:00.000,2022,5,8,19,24010KT,16,13
2022-05-08 20:00:00.000,2022,5,8,20,29007KT,17,12
2022-05-08 21:00:00.000,2022,5,8,21,VRB03KT,19,11
2022-05-08 22:00:00.000,2022,5,8,22,35007KT,18,11
2022-05-08 23:00:00.000,2022,5,8,23,03005KT,16,12
2022-05-09 00:00:00.000,2022,5,9,0,02004KT,14,11
2022-05-09 01:00:00.000,2022,5,9,1,VRB02KT,14,12
2022-05-09 02:00:00.000,2022,5,9,2,VRB02KT,13,12
2022-05-09 03:00:00.000,2022,5,9,3,04003KT,12,11
2022-05-09 04:00:00.000,2022,5,9,4,35003KT,11,11
2022-05-09 05:00:00.000,2022,5,9,5,27004KT,11,10
2022-05-09 06:00:00.000,2022,5,9,6,VRB02KT,11,10
2022-05-09 07:00:00.000,2022,5,9,7,34003KT,11,11
2022-05-09 08:00:00.000,2022,5,9,8,06003KT,11,10
2022-05-09 09:00:00.000,2022,5,9,9,07004KT,11,10
2022-05-09 10:00:00.000,2022,5,9,10,33004KT,10,10
2022-05-09 11:00:00.000,2022,5,9,11,VRB02KT,10,10
2022-05-09 12:00:00.000,2022,5,9,12,04005KT,12,11
2022-05-09 13:00:00.000,2022,5,9,13,05006KT,14,12
2022-05-09 14:00:00.000,2022,5,9,14,04006KT,16,12
2022-05-09 15:00:00.000,2022,5,9,15,03005KT,17,11
2022-05-09 16:00:00.000,2022,5,9,16,29004KT,18,12
2022-05-09 17:00:00.000,2022,5,9,17,30008KT,17,12
2022-05-09 17:20:00.000,2022,5,9,17,28010KT,16,13
2022-05-09 18:00:00.000,2022,5,9,18,25008KT,16,14
2022-05-09 19:00:00.000,2022,5,9,19,25010KT,19,13
2022-05-09 20:00:00.000,2022,5,9,20,29008KT,18,11
2022-05-09 20:30:00.000,2022,5,9,20,35006KT,17,11
2022-05-09 21:00:00.000,2022,5,9,21,14003KT,14,12
2022-05-09 21:37:00.000,2022,5,9,21,VRB02KT,14,13
2022-05-09 22:00:00.000,2022,5,9,22,VRB02KT,14,12
2022-05-09 23:00:00.000,2022,5,9,23,29006KT,15,12
2022-05-10 00:00:00.000,2022,5,10,0,VRB02KT,13,12
2022-05-10 01:00:00.000,2022,5,10,1,VRB02KT,14,12
2022-05-10 02:00:00.000,2022,5,10,2,VRB02KT,14,12
2022-05-10 03:00:00.000,2022,5,10,3,VRB02KT,14,13
2022-05-10 04:00:00.000,2022,5,10,4,03004KT,14,13
2022-05-10 05:00:00.000,2022,5,10,5,VRB02KT,13,12
2022-05-10 06:00:00.000,2022,5,10,6,VRB02KT,12,12
2022-05-10 07:00:00.000,2022,5,10,7,35003KT,12,12
2022-05-10 08:00:00.000,2022,5,10,8,VRB02KT,12,11
2022-05-10 09:00:00.000,2022,5,10,9,VRB02KT,12,11
2022-05-10 10:00:00.000,2022,5,10,10,VRB02KT,11,11
2022-05-10 10:30:00.000,2022,5,10,10,VRB02KT,12,11
2022-05-10 11:00:00.000,2022,5,10,11,VRB02KT,12,11
2022-05-10 12:00:00.000,2022,5,10,12,VRB02KT,13,12
2022-05-10 13:00:00.000,2022,5,10,13,VRB02KT,15,12
2022-05-10 14:00:00.000,2022,5,10,14,VRB02KT,17,11
2022-05-10 15:00:00.000,2022,5,10,15,35004KT,19,11
2022-05-10 16:00:00.000,2022,5,10,16,03004KT,20,11
2022-05-10 17:00:00.000,2022,5,10,17,02003KT,20,11
2022-05-10 17:35:00.000,2022,5,10,17,30007KT,18,13
2022-05-10 18:00:00.000,2022,5,10,18,20008KT,16,14
2022-05-10 19:00:00.000,2022,5,10,19,29007KT,16,14
2022-05-10 19:20:00.000,2022,5,10,19,26006KT,17,13
2022-05-10 20:00:00.000,2022,5,10,20,24006KT,16,13
2022-05-10 21:00:00.000,2022,5,10,21,24010KT,16,12
2022-05-10 22:00:00.000,2022,5,10,22,18006KT,16,11
2022-05-10 23:00:00.000,2022,5,10,23,VRB02KT,15,12
2022-05-11 00:00:00.000,2022,5,11,0,01003KT,14,13
2022-05-11 01:00:00.000,2022,5,11,1,VRB02KT,13,12
2022-05-11 02:00:00.000,2022,5,11,2,03004KT,13,12
2022-05-11 03:00:00.000,2022,5,11,3,VRB02KT,13,12
2022-05-11 04:00:00.000,2022,5,11,4,03003KT,13,12
2022-05-11 05:00:00.000,2022,5,11,5,36003KT,13,12
2022-05-11 06:00:00.000,2022,5,11,6,00000KT,13,12
2022-05-11 07:00:00.000,2022,5,11,7,VRB02KT,12,12
2022-05-11 08:00:00.000,2022,5,11,8,04004KT,12,11
2022-05-11 09:00:00.000,2022,5,11,9,00000KT,12,12
2022-05-11 10:00:00.000,2022,5,11,10,06004KT,12,11
2022-05-11 10:30:00.000,2022,5,11,10,VRB02KT,13,11
2022-05-11 11:00:00.000,2022,5,11,11,27003KT,13,12
2022-05-11 12:00:00.000,2022,5,11,12,23006KT,12,11
2022-05-11 13:00:00.000,2022,5,11,13,24004KT,13,11
2022-05-11 14:00:00.000,2022,5,11,14,24005KT,13,11
2022-05-11 15:00:00.000,2022,5,11,15,16003KT,15,12
2022-05-11 16:00:00.000,2022,5,11,16,08004KT,16,10
2022-05-11 17:00:00.000,2022,5,11,17,07003KT,17,11
2022-05-11 18:00:00.000,2022,5,11,18,02004KT,17,10
2022-05-11 19:00:00.000,2022,5,11,19,28004KT,19,11
2022-05-11 20:00:00.000,2022,5,11,20,VRB02KT,20,09
2022-05-11 21:00:00.000,2022,5,11,21,26009KT,19,11
2022-05-11 22:00:00.000,2022,5,11,22,26009KT,18,12
2022-05-11 23:00:00.000,2022,5,11,23,27005KT,17,12
2022-05-12 00:00:00.000,2022,5,12,0,VRB02KT,16,12
2022-05-12 01:00:00.000,2022,5,12,1,28004KT,15,12
2022-05-12 02:00:00.000,2022,5,12,2,25006KT,15,12
2022-05-12 02:20:00.000,2022,5,12,2,25009KT,15,12
2022-05-12 03:00:00.000,2022,5,12,3,31008KT,13,12
2022-05-12 04:00:00.000,2022,5,12,4,29003KT,13,12
2022-05-12 05:00:00.000,2022,5,12,5,VRB02KT,12,12
2022-05-12 06:00:00.000,2022,5,12,6,03004KT,12,12
2022-05-12 07:00:00.000,2022,5,12,7,VRB02KT,12,11
2022-05-12 08:00:00.000,2022,5,12,8,03004KT,12,11
2022-05-12 09:00:00.000,2022,5,12,9,VRB02KT,12,11
2022-05-12 10:00:00.000,2022,5,12,10,VRB02KT,12,11
2022-05-12 10:30:00.000,2022,5,12,10,VRB02KT,12,11
2022-05-12 11:00:00.000,2022,5,12,11,04004KT,12,11
2022-05-12 12:00:00.000,2022,5,12,12,04003KT,13,11
2022-05-12 13:00:00.000,2022,5,12,13,02003KT,15,11
2022-05-12 14:00:00.000,2022,5,12,14,32003KT,15,11
2022-05-12 15:00:00.000,2022,5,12,15,36003KT,17,11
2022-05-12 16:00:00.000,2022,5,12,16,00000KT,17,11
2022-05-12 17:00:00.000,2022,5,12,17,36004KT,19,12
2022-05-12 18:00:00.000,2022,5,12,18,VRB05KT,20,11
2022-05-12 19:00:00.000,2022,5,12,19,02006KT,20,12
2022-05-12 20:00:00.000,2022,5,12,20,27009KT,18,14
2022-05-12 21:00:00.000,2022,5,12,21,30006KT,19,13
2022-05-12 21:11:00.000,2022,5,12,21,24007KT,19,14
2022-05-12 22:00:00.000,2022,5,12,22,22010KT,14,14
2022-05-12 23:00:00.000,2022,5,12,23,31005KT,15,13
2022-05-13 00:00:00.000,2022,5,13,0,00000KT,14,13
2022-05-13 01:00:00.000,2022,5,13,1,VRB02KT,14,13
2022-05-13 02:00:00.000,2022,5,13,2,VRB02KT,14,14
2022-05-13 03:00:00.000,2022,5,13,3,VRB02KT,14,13
2022-05-13 04:00:00.000,2022,5,13,4,VRB02KT,14,13
2022-05-13 05:00:00.000,2022,5,13,5,VRB02KT,13,12
2022-05-13 06:00:00.000,2022,5,13,6,07004KT,12,11
2022-05-13 07:00:00.000,2022,5,13,7,04005KT,12,11
2022-05-13 08:00:00.000,2022,5,13,8,05006KT,13,11
2022-05-13 09:00:00.000,2022,5,13,9,06005KT,12,11
2022-05-13 10:00:00.000,2022,5,13,10,05005KT,13,10
2022-05-13 10:30:00.000,2022,5,13,10,07004KT,13,11
2022-05-13 11:00:00.000,2022,5,13,11,07004KT,13,11
2022-05-13 12:00:00.000,2022,5,13,12,06004KT,13,11
2022-05-13 13:00:00.000,2022,5,13,13,04003KT,14,12
2022-05-13 14:00:00.000,2022,5,13,14,VRB02KT,15,12
2022-05-13 15:00:00.000,2022,5,13,15,12005KT,16,11
2022-05-13 16:00:00.000,2022,5,13,16,07003KT,15,12
2022-05-13 16:40:00.000,2022,5,13,16,13004KT,17,10
2022-05-13 17:00:00.000,2022,5,13,17,11004KT,18,11
2022-05-13 18:00:00.000,2022,5,13,18,15009KT,18,12
2022-05-13 19:00:00.000,2022,5,13,19,15004KT,19,10
2022-05-13 20:00:00.000,2022,5,13,20,06004KT,19,11
2022-05-13 21:00:00.000,2022,5,13,21,04012KT,17,11
2022-05-13 22:00:00.000,2022,5,13,22,29008KT,16,13
2022-05-13 23:00:00.000,2022,5,13,23,02004KT,15,13
2022-05-14 00:00:00.000,2022,5,14,0,VRB02KT,15,13
2022-05-14 01:00:00.000,2022,5,14,1,VRB03KT,15,13
2022-05-14 02:00:00.000,2022,5,14,2,05006KT,14,12
2022-05-14 03:00:00.000,2022,5,14,3,05005KT,14,12
2022-05-14 04:00:00.000,2022,5,14,4,21004KT,14,11
2022-05-14 05:00:00.000,2022,5,14,5,04003KT,13,12
2022-05-14 06:00:00.000,2022,5,14,6,36005KT,12,11
2022-05-14 07:00:00.000,2022,5,14,7,06006KT,13,11
2022-05-14 08:00:00.000,2022,5,14,8,05006KT,13,11
2022-05-14 09:00:00.000,2022,5,14,9,06006KT,12,11
2022-05-14 10:00:00.000,2022,5,14,10,03004KT,12,11
2022-05-14 10:30:00.000,2022,5,14,10,05003KT,12,11
2022-05-14 11:00:00.000,2022,5,14,11,05004KT,12,11
2022-05-14 12:00:00.000,2022,5,14,12,04006KT,13,11
2022-05-14 13:00:00.000,2022,5,14,13,06004KT,14,11
2022-05-14 14:00:00.000,2022,5,14,14,02004KT,16,12
2022-05-14 15:00:00.000,2022,5,14,15,VRB02KT,18,12
2022-05-14 16:00:00.000,2022,5,14,16,VRB02KT,16,12
2022-05-14 17:00:00.000,2022,5,14,17,VRB02KT,17,10
2022-05-14 18:00:00.000,2022,5,14,18,04009KT,16,12
2022-05-14 19:00:00.000,2022,5,14,19,21008KT,16,13
2022-05-14 20:00:00.000,2022,5,14,20,24009KT,17,14
2022-05-14 21:00:00.000,2022,5,14,21,03003KT,15,13
2022-05-14 22:00:00.000,2022,5,14,22,28007KT,17,13
2022-05-14 23:00:00.000,2022,5,14,23,27004KT,16,12
2022-05-15 00:00:00.000,2022,5,15,0,34004KT,14,13
2022-05-15 01:00:00.000,2022,5,15,1,27005KT,14,12
2022-05-15 02:00:00.000,2022,5,15,2,VRB02KT,13,12
2022-05-15 03:00:00.000,2022,5,15,3,VRB02KT,12,10
2022-05-15 04:00:00.000,2022,5,15,4,VRB02KT,12,10
2022-05-15 05:00:00.000,2022,5,15,5,05005KT,11,09
2022-05-15 06:00:00.000,2022,5,15,6,05004KT,12,10
2022-05-15 07:00:00.000,2022,5,15,7,06005KT,13,10
2022-05-15 08:00:00.000,2022,5,15,8,06005KT,12,10
2022-05-15 09:00:00.000,2022,5,15,9,06004KT,12,10
2022-05-15 10:00:00.000,2022,5,15,10,04003KT,12,11
2022-05-15 10:30:00.000,2022,5,15,10,36003KT,13,10
2022-05-15 11:00:00.000,2022,5,15,11,34003KT,12,11
2022-05-15 12:00:00.000,2022,5,15,12,VRB02KT,14,12
2022-05-15 13:00:00.000,2022,5,15,13,03006KT,15,11
2022-05-15 14:00:00.000,2022,5,15,14,06006KT,16,11
2022-05-15 15:00:00.000,2022,5,15,15,07005KT,17,11
2022-05-15 16:00:00.000,2022,5,15,16,15008KT,17,10
2022-05-15 16:30:00.000,2022,5,15,16,15006KT,19,11
2022-05-15 17:00:00.000,2022,5,15,17,16009KT,20,10
2022-05-15 18:00:00.000,2022,5,15,18,14010KT,21,11
2022-05-15 19:00:00.000,2022,5,15,19,14011KT,21,09
2022-05-15 20:00:00.000,2022,5,15,20,16010KT,20,09
2022-05-15 21:00:00.000,2022,5,15,21,16010KT,20,09
2022-05-15 22:00:00.000,2022,5,15,22,12007KT,19,09
2022-05-15 23:00:00.000,2022,5,15,23,06004KT,17,12
2022-05-16 00:00:00.000,2022,5,16,0,36003KT,14,13
2022-05-16 01:00:00.000,2022,5,16,1,14005KT,15,10
2022-05-16 02:00:00.000,2022,5,16,2,07004KT,13,10
2022-05-16 03:00:00.000,2022,5,16,3,04008KT,13,10
2022-05-16 04:00:00.000,2022,5,16,4,07005KT,13,10
2022-05-16 05:00:00.000,2022,5,16,5,04003KT,12,10
2022-05-16 06:00:00.000,2022,5,16,6,32004KT,12,10
2022-05-16 07:00:00.000,2022,5,16,7,VRB02KT,12,10
2022-05-16 08:00:00.000,2022,5,16,8,VRB02KT,12,10
2022-05-16 09:00:00.000,2022,5,16,9,VRB02KT,11,10
2022-05-16 10:00:00.000,2022,5,16,10,06004KT,12,10
2022-05-16 10:30:00.000,2022,5,16,10,02004KT,12,10
2022-05-16 11:00:00.000,2022,5,16,11,03004KT,12,10
2022-05-16 12:00:00.000,2022,5,16,12,VRB02KT,12,12
2022-05-16 13:00:00.000,2022,5,16,13,17004KT,13,11
2022-05-16 14:00:00.000,2022,5,16,14,VRB02KT,14,11
2022-05-16 15:00:00.000,2022,5,16,15,13006KT,17,11
2022-05-16 16:00:00.000,2022,5,16,16,15008KT,17,11
2022-05-16 17:00:00.000,2022,5,16,17,19010KT,18,10
2022-05-16 18:00:00.000,2022,5,16,18,15009KT,19,10
2022-05-16 19:00:00.000,2022,5,16,19,14010KT,19,10
2022-05-16 20:00:00.000,2022,5,16,20,13008KT,19,11
2022-05-16 21:00:00.000,2022,5,16,21,17008KT,19,10
2022-05-16 22:00:00.000,2022,5,16,22,19008KT,18,09
2022-05-16 23:00:00.000,2022,5,16,23,25006KT,16,12
2022-05-17 00:00:00.000,2022,5,17,0,34004KT,14,11
2022-05-17 01:00:00.000,2022,5,17,1,VRB02KT,13,11
2022-05-17 02:00:00.000,2022,5,17,2,02003KT,13,10
2022-05-17 03:00:00.000,2022,5,17,3,VRB02KT,13,10
2022-05-17 04:00:00.000,2022,5,17,4,05005KT,13,11
2022-05-17 05:00:00.000,2022,5,17,5,06004KT,14,12
2022-05-17 06:00:00.000,2022,5,17,6,07004KT,13,12
2022-05-17 07:00:00.000,2022,5,17,7,06006KT,13,12
2022-05-17 08:00:00.000,2022,5,17,8,04006KT,13,12
2022-05-17 09:00:00.000,2022,5,17,9,05004KT,12,12
2022-05-17 10:00:00.000,2022,5,17,10,04004KT,12,11
2022-05-17 10:30:00.000,2022,5,17,10,07004KT,12,11
2022-05-17 11:00:00.000,2022,5,17,11,06005KT,12,11
2022-05-17 12:00:00.000,2022,5,17,12,05004KT,13,12
2022-05-17 13:00:00.000,2022,5,17,13,03005KT,14,11
2022-05-17 14:00:00.000,2022,5,17,14,05004KT,15,11
2022-05-17 15:00:00.000,2022,5,17,15,05006KT,17,12
2022-05-17 16:00:00.000,2022,5,17,16,03004KT,18,12
2022-05-17 17:00:00.000,2022,5,17,17,13004KT,17,10
2022-05-17 18:00:00.000,2022,5,17,18,16010KT,17,12
2022-05-17 19:00:00.000,2022,5,17,19,15008KT,18,11
2022-05-17 20:00:00.000,2022,5,17,20,14006KT,19,11
2022-05-17 21:00:00.000,2022,5,17,21,16007KT,19,12
2022-05-17 22:00:00.000,2022,5,17,22,13006KT,19,10
2022-05-17 23:00:00.000,2022,5,17,23,23006KT,16,12
2022-05-18 00:00:00.000,2022,5,18,0,31003KT,15,12
2022-05-18 01:00:00.000,2022,5,18,1,VRB02KT,13,12
2022-05-18 02:00:00.000,2022,5,18,2,34003KT,12,11
2022-05-18 03:00:00.000,2022,5,18,3,35003KT,12,10
2022-05-18 04:00:00.000,2022,5,18,4,VRB02KT,13,10
2022-05-18 05:00:00.000,2022,5,18,5,22003KT,11,10
2022-05-18 06:00:00.000,2022,5,18,6,VRB02KT,12,10
2022-05-18 07:00:00.000,2022,5,18,7,29003KT,12,10
2022-05-18 08:00:00.000,2022,5,18,8,VRB02KT,12,10
2022-05-18 09:00:00.000,2022,5,18,9,VRB02KT,11,10
2022-05-18 10:00:00.000,2022,5,18,10,20003KT,12,11
2022-05-18 10:30:00.000,2022,5,18,10,35003KT,11,10
2022-05-18 11:00:00.000,2022,5,18,11,01003KT,11,10
2022-05-18 12:00:00.000,2022,5,18,12,00000KT,12,11
2022-05-18 13:00:00.000,2022,5,18,13,33003KT,13,11
2022-05-18 14:00:00.000,2022,5,18,14,33003KT,14,12
2022-05-18 15:00:00.000,2022,5,18,15,28005KT,15,11
2022-05-18 15:23:00.000,2022,5,18,15,35004KT,14,12
2022-05-18 16:00:00.000,2022,5,18,16,08003KT,12,12
2022-05-18 17:00:00.000,2022,5,18,17,14007KT,12,11
2022-05-18 18:00:00.000,2022,5,18,18,14007KT,12,11
2022-05-18 19:00:00.000,2022,5,18,19,08004KT,14,10
2022-05-18 20:00:00.000,2022,5,18,20,03004KT,14,09
2022-05-18 21:00:00.000,2022,5,18,21,VRB02KT,14,09
2022-05-18 22:00:00.000,2022,5,18,22,20004KT,13,10
2022-05-18 23:00:00.000,2022,5,18,23,VRB02KT,14,10
2022-05-19 00:00:00.000,2022,5,19,0,VRB02KT,14,11
2022-05-19 01:00:00.000,2022,5,19,1,03005KT,13,10
2022-05-19 02:00:00.000,2022,5,19,2,05004KT,13,10
2022-05-19 03:00:00.000,2022,5,19,3,VRB02KT,12,11
2022-05-19 04:00:00.000,2022,5,19,4,00000KT,12,11
2022-05-19 05:00:00.000,2022,5,19,5,VRB02KT,12,11
2022-05-19 06:00:00.000,2022,5,19,6,26003KT,12,11
2022-05-19 07:00:00.000,2022,5,19,7,01003KT,11,11
2022-05-19 08:00:00.000,2022,5,19,8,VRB02KT,11,11
2022-05-19 09:00:00.000,2022,5,19,9,00000KT,11,11
2022-05-19 10:00:00.000,2022,5,19,10,VRB02KT,11,11
2022-05-19 10:30:00.000,2022,5,19,10,VRB02KT,11,10
2022-05-19 11:00:00.000,2022,5,19,11,04002KT,11,10
2022-05-19 12:00:00.000,2022,5,19,12,VRB02KT,12,11
2022-05-19 13:00:00.000,2022,5,19,13,VRB02KT,13,11
2022-05-19 14:00:00.000,2022,5,19,14,VRB02KT,15,11
2022-05-19 15:00:00.000,2022,5,19,15,VRB02KT,16,11
2022-05-19 16:00:00.000,2022,5,19,16,03004KT,16,12
2022-05-19 17:00:00.000,2022,5,19,17,VRB02KT,17,12
2022-05-19 18:00:00.000,2022,5,19,18,16008KT,17,10
2022-05-19 19:00:00.000,2022,5,19,19,19010KT,18,10
2022-05-19 20:00:00.000,2022,5,19,20,34009KT,15,13
2022-05-19 20:36:00.000,2022,5,19,20,05006KT,15,13
2022-05-19 21:00:00.000,2022,5,19,21,04006KT,14,13
2022-05-19 22:00:00.000,2022,5,19,22,02005KT,14,13
2022-05-19 23:00:00.000,2022,5,19,23,01004KT,13,12
2022-05-19 23:11:00.000,2022,5,19,23,02004KT,13,12
2022-05-20 00:00:00.000,2022,5,20,0,VRB02KT,13,12
2022-05-20 01:00:00.000,2022,5,20,1,VRB02KT,13,12
2022-05-20 02:00:00.000,2022,5,20,2,07005KT,13,11
2022-05-20 03:00:00.000,2022,5,20,3,07004KT,12,11
2022-05-20 04:00:00.000,2022,5,20,4,05005KT,12,11
2022-05-20 05:00:00.000,2022,5,20,5,03005KT,12,10
2022-05-20 06:00:00.000,2022,5,20,6,07005KT,12,09
2022-05-20 07:00:00.000,2022,5,20,7,06007KT,11,09
2022-05-20 08:00:00.000,2022,5,20,8,05006KT,11,09
2022-05-20 09:00:00.000,2022,5,20,9,06006KT,11,09
2022-05-20 10:00:00.000,2022,5,20,10,05005KT,11,09
2022-05-20 10:30:00.000,2022,5,20,10,04005KT,10,09
2022-05-20 11:00:00.000,2022,5,20,11,03005KT,10,09
2022-05-20 12:00:00.000,2022,5,20,12,03005KT,12,10
2022-05-20 12:33:00.000,2022,5,20,12,06007KT,14,10
2022-05-20 13:00:00.000,2022,5,20,13,06006KT,14,10
2022-05-20 14:00:00.000,2022,5,20,14,06007KT,15,10
2022-05-20 15:00:00.000,2022,5,20,15,05007KT,16,10
2022-05-20 16:00:00.000,2022,5,20,16,10005KT,17,10
2022-05-20 17:00:00.000,2022,5,20,17,VRB04KT,17,10
2022-05-20 18:00:00.000,2022,5,20,18,33004KT,16,11
2022-05-20 19:00:00.000,2022,5,20,19,09005KT,16,12
2022-05-20 20:00:00.000,2022,5,20,20,14006KT,15,11
2022-05-20 21:00:00.000,2022,5,20,21,06006KT,16,12
2022-05-20 22:00:00.000,2022,5,20,22,04004KT,15,12
2022-05-20 22:20:00.000,2022,5,20,22,25004KT,15,12
2022-05-20 23:00:00.000,2022,5,20,23,24005KT,14,12
2022-05-21 00:00:00.000,2022,5,21,0,24004KT,13,11
2022-05-21 01:00:00.000,2022,5,21,1,VRB02KT,13,12
2022-05-21 02:00:00.000,2022,5,21,2,36003KT,12,11
2022-05-21 03:00:00.000,2022,5,21,3,00000KT,12,11
2022-05-21 04:00:00.000,2022,5,21,4,VRB02KT,12,11
2022-05-21 05:00:00.000,2022,5,21,5,29003KT,13,11
2022-05-21 06:00:00.000,2022,5,21,6,33003KT,12,11
2022-05-21 07:00:00.000,2022,5,21,7,00000KT,12,11
2022-05-21 08:00:00.000,2022,5,21,8,15003KT,12,11
2022-05-21 09:00:00.000,2022,5,21,9,00000KT,12,11
2022-05-21 10:00:00.000,2022,5,21,10,VRB02KT,11,11
2022-05-21 10:30:00.000,2022,5,21,10,VRB02KT,12,11
2022-05-21 11:00:00.000,2022,5,21,11,00000KT,12,11
2022-05-21 12:00:00.000,2022,5,21,12,05004KT,12,11
2022-05-21 13:00:00.000,2022,5,21,13,04005KT,14,11
2022-05-21 14:00:00.000,2022,5,21,14,VRB02KT,15,11
2022-05-21 15:00:00.000,2022,5,21,15,14006KT,17,09
2022-05-21 16:00:00.000,2022,5,21,16,15008KT,18,09
2022-05-21 17:00:00.000,2022,5,21,17,VRB05KT,20,09
2022-05-21 18:00:00.000,2022,5,21,18,10006KT,19,08
2022-05-21 19:00:00.000,2022,5,21,19,14005KT,19,07
2022-05-21 20:00:00.000,2022,5,21,20,12007KT,19,09
2022-05-21 21:00:00.000,2022,5,21,21,12007KT,19,08
2022-05-21 22:00:00.000,2022,5,21,22,13009KT,19,08
2022-05-21 23:00:00.000,2022,5,21,23,11006KT,17,08
2022-05-22 00:00:00.000,2022,5,22,0,12006KT,16,08
2022-05-22 01:00:00.000,2022,5,22,1,08005KT,15,09
2022-05-22 02:00:00.000,2022,5,22,2,10004KT,15,09
2022-05-22 03:00:00.000,2022,5,22,3,VRB02KT,13,09
2022-05-22 04:00:00.000,2022,5,22,4,VRB02KT,12,10
2022-05-22 05:00:00.000,2022,5,22,5,VRB02KT,13,10
2022-05-22 06:00:00.000,2022,5,22,6,03004KT,12,10
2022-05-22 07:00:00.000,2022,5,22,7,07004KT,12,10
2022-05-22 08:00:00.000,2022,5,22,8,04004KT,12,10
2022-05-22 09:00:00.000,2022,5,22,9,08004KT,11,08
2022-05-22 10:00:00.000,2022,5,22,10,04004KT,10,09
2022-05-22 10:30:00.000,2022,5,22,10,04004KT,09,08
2022-05-22 11:00:00.000,2022,5,22,11,04004KT,09,08
2022-05-22 12:00:00.000,2022,5,22,12,05004KT,13,08
2022-05-22 13:00:00.000,2022,5,22,13,07005KT,16,08
2022-05-22 14:00:00.000,2022,5,22,14,05008KT,17,08
2022-05-22 15:00:00.000,2022,5,22,15,05008G16KT,20,08
2022-05-22 16:00:00.000,2022,5,22,16,10010KT,20,08
2022-05-22 17:00:00.000,2022,5,22,17,11007KT,21,08
2022-05-22 18:00:00.000,2022,5,22,18,12007KT,21,08
2022-05-22 19:00:00.000,2022,5,22,19,14010KT,21,0
2022-05-22 20:00:00.000,2022,5,22,20,15004KT,20,08
2022-05-22 21:00:00.000,2022,5,22,21,25009KT,20,12
2022-05-22 22:00:00.000,2022,5,22,22,24007KT,19,13
2022-05-22 23:00:00.000,2022,5,22,23,23008KT,17,12
2022-05-23 00:00:00.000,2022,5,23,0,23005KT,15,12
2022-05-23 01:00:00.000,2022,5,23,1,VRB02KT,14,12
2022-05-23 02:00:00.000,2022,5,23,2,03004KT,12,11
2022-05-23 03:00:00.000,2022,5,23,3,05005KT,13,10
2022-05-23 04:00:00.000,2022,5,23,4,05007KT,12,10
2022-05-23 05:00:00.000,2022,5,23,5,05006KT,13,10
2022-05-23 06:00:00.000,2022,5,23,6,07005KT,13,10
2022-05-23 07:00:00.000,2022,5,23,7,VRB02KT,11,10
2022-05-23 08:00:00.000,2022,5,23,8,VRB02KT,11,10
2022-05-23 09:00:00.000,2022,5,23,9,33003KT,10,09
2022-05-23 10:00:00.000,2022,5,23,10,01003KT,10,09
2022-05-23 10:30:00.000,2022,5,23,10,02003KT,08,07
2022-05-23 11:00:00.000,2022,5,23,11,05003KT,09,09
2022-05-23 12:00:00.000,2022,5,23,12,04008KT,12,10
2022-05-23 13:00:00.000,2022,5,23,13,05005KT,14,11
2022-05-23 13:40:00.000,2022,5,23,13,07007KT,16,10
2022-05-23 14:00:00.000,2022,5,23,14,06007KT,16,10
2022-05-23 15:00:00.000,2022,5,23,15,06007KT,17,09
2022-05-23 16:00:00.000,2022,5,23,16,12005KT,19,09
2022-05-23 17:00:00.000,2022,5,23,17,16006KT,20,08
2022-05-23 18:00:00.000,2022,5,23,18,03005KT,21,10
2022-05-23 19:00:00.000,2022,5,23,19,23011KT,17,12
2022-05-23 19:25:00.000,2022,5,23,19,25009KT,16,13
2022-05-23 20:00:00.000,2022,5,23,20,23010KT,13,12
2022-05-23 20:30:00.000,2022,5,23,20,23005KT,13,12
2022-05-23 21:00:00.000,2022,5,23,21,22003KT,13,12
2022-05-23 22:00:00.000,2022,5,23,22,33004KT,14,13
2022-05-23 23:00:00.000,2022,5,23,23,27006KT,14,12
2022-05-24 00:00:00.000,2022,5,24,0,24005KT,13,12
2022-05-24 01:00:00.000,2022,5,24,1,33005KT,12,11
2022-05-24 02:00:00.000,2022,5,24,2,33004KT,12,10
2022-05-24 03:00:00.000,2022,5,24,3,VRB02KT,11,10
2022-05-24 04:00:00.000,2022,5,24,4,27004KT,12,10
2022-05-24 05:00:00.000,2022,5,24,5,34002KT,11,10
2022-05-24 06:00:00.000,2022,5,24,6,VRB02KT,11,10
2022-05-24 07:00:00.000,2022,5,24,7,34004KT,11,10
2022-05-24 08:00:00.000,2022,5,24,8,VRB02KT,11,10
2022-05-24 09:00:00.000,2022,5,24,9,07005KT,11,10
2022-05-24 10:00:00.000,2022,5,24,10,VRB02KT,12,11
2022-05-24 10:30:00.000,2022,5,24,10,09004KT,12,11
2022-05-24 11:00:00.000,2022,5,24,11,VRB02KT,12,10
2022-05-24 12:00:00.000,2022,5,24,12,VRB02KT,13,11
2022-05-24 13:00:00.000,2022,5,24,13,VRB02KT,15,10
2022-05-24 14:00:00.000,2022,5,24,14,08005KT,17,11
2022-05-24 15:00:00.000,2022,5,24,15,07007KT,18,10
2022-05-24 16:00:00.000,2022,5,24,16,10006KT,18,10
2022-05-24 17:00:00.000,2022,5,24,17,VRB04KT,18,09
2022-05-24 18:00:00.000,2022,5,24,18,28010KT,17,13
2022-05-24 19:00:00.000,2022,5,24,19,30009KT,16,13
2022-05-24 20:00:00.000,2022,5,24,20,30008KT,16,12
2022-05-24 21:00:00.000,2022,5,24,21,25006KT,17,13
2022-05-24 22:00:00.000,2022,5,24,22,23007KT,16,12
2022-05-24 23:00:00.000,2022,5,24,23,26006KT,15,11
2022-05-25 00:00:00.000,2022,5,25,0,04006KT,14,11
2022-05-25 01:00:00.000,2022,5,25,1,06004KT,13,11
2022-05-25 02:00:00.000,2022,5,25,2,VRB02KT,14,11
2022-05-25 03:00:00.000,2022,5,25,3,03006KT,13,11
2022-05-25 04:00:00.000,2022,5,25,4,05005KT,13,11
2022-05-25 05:00:00.000,2022,5,25,5,06006KT,13,11
2022-05-25 06:00:00.000,2022,5,25,6,03003KT,12,11
2022-05-25 07:00:00.000,2022,5,25,7,05006KT,12,11
2022-05-25 08:00:00.000,2022,5,25,8,05003KT,12,11
2022-05-25 09:00:00.000,2022,5,25,9,VRB02KT,11,11
2022-05-25 10:00:00.000,2022,5,25,10,VRB02KT,11,10
2022-05-25 11:00:00.000,2022,5,25,11,06003KT,12,11
2022-05-25 12:00:00.000,2022,5,25,12,06004KT,13,11
2022-05-25 13:00:00.000,2022,5,25,13,00000KT,15,11
2022-05-25 14:00:00.000,2022,5,25,14,16005KT,16,11
2022-05-25 15:00:00.000,2022,5,25,15,12005KT,17,10
2022-05-25 16:00:00.000,2022,5,25,16,11008KT,14,11
2022-05-25 16:17:00.000,2022,5,25,16,17017KT,16,11
2022-05-25 17:00:00.000,2022,5,25,17,16015KT,16,10
2022-05-25 18:00:00.000,2022,5,25,18,14010KT,18,09
2022-05-25 19:00:00.000,2022,5,25,19,11010KT,18,09
2022-05-25 20:00:00.000,2022,5,25,20,09008KT,18,09
2022-05-25 21:00:00.000,2022,5,25,21,15007KT,17,09
2022-05-25 22:00:00.000,2022,5,25,22,11007KT,16,10
2022-05-25 23:00:00.000,2022,5,25,23,11009KT,15,10
2022-05-26 00:00:00.000,2022,5,26,0,14009KT,14,09
2022-05-26 01:00:00.000,2022,5,26,1,07005KT,13,10
2022-05-26 02:00:00.000,2022,5,26,2,05005KT,12,10
2022-05-26 03:00:00.000,2022,5,26,3,03006KT,12,10
2022-05-26 04:00:00.000,2022,5,26,4,VRB02KT,12,10
2022-05-26 05:00:00.000,2022,5,26,5,06007KT,12,10
2022-05-26 06:00:00.000,2022,5,26,6,05004KT,12,10
2022-05-26 07:00:00.000,2022,5,26,7,06004KT,12,10
2022-05-26 08:00:00.000,2022,5,26,8,08004KT,13,10
2022-05-26 09:00:00.000,2022,5,26,9,01004KT,11,09
2022-05-26 10:00:00.000,2022,5,26,10,33004KT,11,10
2022-05-26 10:34:00.000,2022,5,26,10,35005KT,12,10
2022-05-26 11:00:00.000,2022,5,26,11,VRB02KT,12,10
2022-05-26 12:00:00.000,2022,5,26,12,02003KT,13,10
2022-05-26 13:00:00.000,2022,5,26,13,03004KT,14,11
2022-05-26 14:00:00.000,2022,5,26,14,02006KT,13,11
2022-05-26 15:00:00.000,2022,5,26,15,02005KT,14,11
2022-05-26 15:34:00.000,2022,5,26,15,02006KT,14,11
2022-05-26 16:00:00.000,2022,5,26,16,08003KT,14,11
2022-05-26 16:24:00.000,2022,5,26,16,06004KT,14,12
2022-05-26 17:00:00.000,2022,5,26,17,06005KT,14,11
2022-05-26 18:00:00.000,2022,5,26,18,06005KT,17,10
2022-05-26 19:00:00.000,2022,5,26,19,36004KT,17,11
2022-05-26 20:00:00.000,2022,5,26,20,31009KT,15,11
2022-05-26 21:00:00.000,2022,5,26,21,28006KT,15,15
2022-05-26 22:00:00.000,2022,5,26,22,31005KT,17,12
2022-05-26 23:00:00.000,2022,5,26,23,24004KT,15,12
2022-05-27 00:00:00.000,2022,5,27,0,24005KT,14,12
2022-05-27 01:00:00.000,2022,5,27,1,VRB02KT,14,12
2022-05-27 02:00:00.000,2022,5,27,2,20004KT,14,12
2022-05-27 03:00:00.000,2022,5,27,3,14003KT,12,12
2022-05-27 04:00:00.000,2022,5,27,4,05008KT,12,11
2022-05-27 05:00:00.000,2022,5,27,5,07005KT,11,10
2022-05-27 06:00:00.000,2022,5,27,6,06006KT,11,09
2022-05-27 07:00:00.000,2022,5,27,7,05007KT,11,09
2022-05-27 08:00:00.000,2022,5,27,8,05006KT,11,09
2022-05-27 09:00:00.000,2022,5,27,9,06006KT,11,09
2022-05-27 10:00:00.000,2022,5,27,10,VRB03KT,11,09
2022-05-27 10:30:00.000,2022,5,27,10,07004KT,11,09
2022-05-27 11:00:00.000,2022,5,27,11,08004KT,11,09
2022-05-27 12:00:00.000,2022,5,27,12,11004KT,12,09
2022-05-27 13:00:00.000,2022,5,27,13,09005KT,14,09
2022-05-27 14:00:00.000,2022,5,27,14,07007KT,16,10
2022-05-27 15:00:00.000,2022,5,27,15,13010KT,17,10
2022-05-27 16:00:00.000,2022,5,27,16,12012KT,17,10
2022-05-27 17:00:00.000,2022,5,27,17,12010KT,17,09
2022-05-27 18:00:00.000,2022,5,27,18,10008KT,17,10
2022-05-27 19:00:00.000,2022,5,27,19,17010KT,17,09
2022-05-27 20:00:00.000,2022,5,27,20,16010KT,16,09
2022-05-27 20:02:00.000,2022,5,27,20,16011KT,16,09
2022-05-27 21:00:00.000,2022,5,27,21,17009KT,16,09
2022-05-27 22:00:00.000,2022,5,27,22,16006KT,17,09
2022-05-27 23:00:00.000,2022,5,27,23,10006KT,16,09
2022-05-27 23:20:00.000,2022,5,27,23,26005KT,25,24
2022-05-27 23:30:00.000,2022,5,27,23,10006KT,16,09
2022-05-28 00:00:00.000,2022,5,28,0,09003KT,14,09
2022-05-28 01:00:00.000,2022,5,28,1,07004KT,14,10
2022-05-28 02:00:00.000,2022,5,28,2,05005KT,13,10
2022-05-28 03:00:00.000,2022,5,28,3,03006KT,12,09
2022-05-28 04:00:00.000,2022,5,28,4,VRB05KT,12,09
2022-05-28 05:00:00.000,2022,5,28,5,06005KT,11,09
2022-05-28 06:00:00.000,2022,5,28,6,06004KT,11,09
2022-05-28 07:00:00.000,2022,5,28,7,04004KT,11,09
2022-05-28 08:00:00.000,2022,5,28,8,06004KT,11,09
2022-05-28 09:00:00.000,2022,5,28,9,VRB01KT,11,09
2022-05-28 10:00:00.000,2022,5,28,10,04003KT,11,09
2022-05-28 10:29:00.000,2022,5,28,10,02003KT,11,09
2022-05-28 10:30:00.000,2022,5,28,10,02003KT,11,09
2022-05-28 11:00:00.000,2022,5,28,11,04004KT,10,09
2022-05-28 12:00:00.000,2022,5,28,12,04004KT,12,10
2022-05-28 13:00:00.000,2022,5,28,13,05005KT,14,10
2022-05-28 14:00:00.000,2022,5,28,14,05007KT,16,10
2022-05-28 15:00:00.000,2022,5,28,15,15015KT,17,09
2022-05-28 16:00:00.000,2022,5,28,16,13011KT,18,08
2022-05-28 17:00:00.000,2022,5,28,17,14013KT,17,09
2022-05-28 18:00:00.000,2022,5,28,18,13011KT,18,09
2022-05-28 19:00:00.000,2022,5,28,19,12009KT,19,08
2022-05-28 20:00:00.000,2022,5,28,20,15013KT,18,09
2022-05-28 21:00:00.000,2022,5,28,21,14010KT,17,09
2022-05-28 22:00:00.000,2022,5,28,22,14004KT,16,10
2022-05-28 23:00:00.000,2022,5,28,23,05006KT,16,10
2022-05-29 00:00:00.000,2022,5,29,0,13005KT,15,09
2022-05-29 01:00:00.000,2022,5,29,1,09004KT,14,09
2022-05-29 02:00:00.000,2022,5,29,2,09004KT,14,09
2022-05-29 03:00:00.000,2022,5,29,3,10004KT,14,09
2022-05-29 04:00:00.000,2022,5,29,4,07003KT,11,09
2022-05-29 05:00:00.000,2022,5,29,5,01003KT,11,09
2022-05-29 06:00:00.000,2022,5,29,6,07003KT,12,08
2022-05-29 07:00:00.000,2022,5,29,7,31005KT,11,09
2022-05-29 08:00:00.000,2022,5,29,8,03003KT,10,08
2022-05-29 09:00:00.000,2022,5,29,9,VRB02KT,10,09
2022-05-29 10:00:00.000,2022,5,29,10,33004KT,10,09
2022-05-29 10:27:00.000,2022,5,29,10,00000KT,10,09
2022-05-29 11:00:00.000,2022,5,29,11,VRB02KT,10,09
2022-05-29 12:00:00.000,2022,5,29,12,VRB02KT,12,10
2022-05-29 13:00:00.000,2022,5,29,13,VRB02KT,12,11
2022-05-29 14:00:00.000,2022,5,29,14,05004KT,13,11
2022-05-29 15:00:00.000,2022,5,29,15,VRB02KT,15,11
2022-05-29 16:00:00.000,2022,5,29,16,VRB02KT,15,10
2022-05-29 17:00:00.000,2022,5,29,17,04006KT,14,12
2022-05-29 18:00:00.000,2022,5,29,18,04009KT,16,11
2022-05-29 19:00:00.000,2022,5,29,19,01006KT,17,12
2022-05-29 20:00:00.000,2022,5,29,20,VRB02KT,17,12
2022-05-29 21:00:00.000,2022,5,29,21,27006KT,16,12
2022-05-29 22:00:00.000,2022,5,29,22,30005KT,17,12
2022-05-29 23:00:00.000,2022,5,29,23,32007KT,15,13
2022-05-30 00:00:00.000,2022,5,30,0,34004KT,13,11
2022-05-30 01:00:00.000,2022,5,30,1,30003KT,13,11
2022-05-30 02:00:00.000,2022,5,30,2,VRB02KT,12,11
2022-05-30 03:00:00.000,2022,5,30,3,VRB02KT,12,10
2022-05-30 04:00:00.000,2022,5,30,4,VRB02KT,11,10
2022-05-30 05:00:00.000,2022,5,30,5,32004KT,12,10
2022-05-30 06:00:00.000,2022,5,30,6,03004KT,12,10
2022-05-30 07:00:00.000,2022,5,30,7,08003KT,12,11
2022-05-30 08:00:00.000,2022,5,30,8,VRB02KT,11,10
2022-05-30 09:00:00.000,2022,5,30,9,31006KT,11,10
2022-05-30 10:00:00.000,2022,5,30,10,00000KT,11,10
2022-05-30 10:30:00.000,2022,5,30,10,00000KT,11,10
2022-05-30 11:00:00.000,2022,5,30,11,VRB02KT,11,09
2022-05-30 12:00:00.000,2022,5,30,12,VRB02KT,12,10
2022-05-30 13:00:00.000,2022,5,30,13,VRB02KT,14,10
2022-05-30 14:00:00.000,2022,5,30,14,05005KT,15,10
2022-05-30 15:00:00.000,2022,5,30,15,06005KT,14,11
2022-05-30 16:00:00.000,2022,5,30,16,03005KT,14,11
2022-05-30 17:00:00.000,2022,5,30,17,16004KT,16,10
2022-05-30 18:00:00.000,2022,5,30,18,18008KT,16,09
2022-05-30 19:00:00.000,2022,5,30,19,17012KT,18,10
2022-05-30 20:00:00.000,2022,5,30,20,16007KT,18,10
2022-05-30 21:00:00.000,2022,5,30,21,12006KT,18,09
2022-05-30 22:00:00.000,2022,5,30,22,10006KT,17,09
2022-05-30 23:00:00.000,2022,5,30,23,VRB02KT,16,09
2022-05-31 00:00:00.000,2022,5,31,0,36005KT,14,12
2022-05-31 01:00:00.000,2022,5,31,1,06007KT,14,09
2022-05-31 02:00:00.000,2022,5,31,2,04005KT,13,09
2022-05-31 03:00:00.000,2022,5,31,3,04005KT,12,09
2022-05-31 04:00:00.000,2022,5,31,4,07005KT,11,08
2022-05-31 05:00:00.000,2022,5,31,5,06007KT,11,09
2022-05-31 06:00:00.000,2022,5,31,6,05005KT,10,09
2022-05-31 07:00:00.000,2022,5,31,7,08003KT,11,09
2022-05-31 08:00:00.000,2022,5,31,8,VRB02KT,12,09
2022-05-31 09:00:00.000,2022,5,31,9,VRB02KT,11,09
2022-05-31 10:00:00.000,2022,5,31,10,VRB02KT,10,09
2022-05-31 10:32:00.000,2022,5,31,10,02002KT,09,08
2022-05-31 10:34:00.000,2022,5,31,10,VRB02KT,09,08
2022-05-31 11:00:00.000,2022,5,31,11,VRB02KT,09,08
2022-05-31 12:00:00.000,2022,5,31,12,VRB02KT,10,09
2022-05-31 13:00:00.000,2022,5,31,13,VRB02KT,13,10
2022-05-31 14:00:00.000,2022,5,31,14,VRB02KT,14,09
2022-05-31 15:00:00.000,2022,5,31,15,29003KT,16,09
2022-05-31 16:00:00.000,2022,5,31,16,33003KT,17,09
2022-05-31 17:00:00.000,2022,5,31,17,30005KT,19,09
2022-05-31 18:00:00.000,2022,5,31,18,26012KT,17,12
2022-05-31 19:00:00.000,2022,5,31,19,30013KT,16,11
2022-05-31 20:00:00.000,2022,5,31,20,28010KT,16,11
2022-05-31 21:00:00.000,2022,5,31,21,27008KT,14,12
2022-05-31 22:00:00.000,2022,5,31,22,24005KT,15,12
2022-05-31 23:00:00.000,2022,5,31,23,24005KT,15,12
2022-06-01 00:00:00.000,2022,6,1,0,29004KT,14,12
2022-06-01 01:00:00.000,2022,6,1,1,VRB02KT,13,11
2022-06-01 02:00:00.000,2022,6,1,2,01006KT,12,12
2022-06-01 03:00:00.000,2022,6,1,3,04007KT,12,11
2022-06-01 04:00:00.000,2022,6,1,4,05006KT,12,10
2022-06-01 05:00:00.000,2022,6,1,5,03005KT,11,10
2022-06-01 06:00:00.000,2022,6,1,6,03003KT,11,10
2022-06-01 07:00:00.000,2022,6,1,7,05004KT,11,10
2022-06-01 08:00:00.000,2022,6,1,8,06004KT,11,09
2022-06-01 09:00:00.000,2022,6,1,9,04004KT,10,09
2022-06-01 10:00:00.000,2022,6,1,10,VRB02KT,10,09
2022-06-01 10:32:00.000,2022,6,1,10,03004KT,10,09
2022-06-01 11:00:00.000,2022,6,1,11,04006KT,10,09
2022-06-01 12:00:00.000,2022,6,1,12,VRB02KT,12,10
2022-06-01 13:00:00.000,2022,6,1,13,03003KT,14,10
2022-06-01 14:00:00.000,2022,6,1,14,08003KT,16,10
2022-06-01 15:00:00.000,2022,6,1,15,12006KT,18,09
2022-06-01 16:00:00.000,2022,6,1,16,11006KT,19,09
2022-06-01 17:00:00.000,2022,6,1,17,08008KT,18,09
2022-06-01 18:00:00.000,2022,6,1,18,10007KT,17,09
2022-06-01 19:00:00.000,2022,6,1,19,15009KT,16,10
2022-06-01 20:00:00.000,2022,6,1,20,16006KT,18,09
2022-06-01 21:00:00.000,2022,6,1,21,05008KT,16,09
2022-06-01 22:00:00.000,2022,6,1,22,06006KT,17,09
2022-06-01 23:00:00.000,2022,6,1,23,02004KT,15,09
2022-06-02 00:00:00.000,2022,6,2,0,05006KT,13,09
2022-06-02 01:00:00.000,2022,6,2,1,VRB02KT,14,09
2022-06-02 02:00:00.000,2022,6,2,2,22004KT,15,11
2022-06-02 03:00:00.000,2022,6,2,3,VRB02KT,12,10
2022-06-02 04:00:00.000,2022,6,2,4,04003KT,12,09
2022-06-02 05:00:00.000,2022,6,2,5,01004KT,11,09
2022-06-02 06:00:00.000,2022,6,2,6,06005KT,10,08
2022-06-02 07:00:00.000,2022,6,2,7,VRB02KT,09,08
2022-06-02 08:00:00.000,2022,6,2,8,VRB02KT,08,08
2022-06-02 09:00:00.000,2022,6,2,9,03004KT,08,07
2022-06-02 10:00:00.000,2022,6,2,10,VRB02KT,08,07
2022-06-02 10:32:00.000,2022,6,2,10,VRB02KT,08,07
2022-06-02 11:00:00.000,2022,6,2,11,VRB02KT,08,07
2022-06-02 12:00:00.000,2022,6,2,12,17004KT,27,25
2022-06-02 13:00:00.000,2022,6,2,13,04006KT,12,09
2022-06-02 14:00:00.000,2022,6,2,14,02004KT,14,10
2022-06-02 15:00:00.000,2022,6,2,15,03003KT,17,09
2022-06-02 16:00:00.000,2022,6,2,16,34004KT,18,05
2022-06-02 17:00:00.000,2022,6,2,17,31005KT,20,08
2022-06-02 18:00:00.000,2022,6,2,18,28009KT,19,08
2022-06-02 19:00:00.000,2022,6,2,19,27011KT,17,11
2022-06-02 20:00:00.000,2022,6,2,20,27010KT,18,12
2022-06-02 21:00:00.000,2022,6,2,21,27010KT,16,12
2022-06-02 22:00:00.000,2022,6,2,22,25010KT,15,12
2022-06-02 23:00:00.000,2022,6,2,23,28006KT,14,11
2022-06-03 00:00:00.000,2022,6,3,0,VRB02KT,14,11
2022-06-03 01:00:00.000,2022,6,3,1,29003KT,13,11
2022-06-03 02:00:00.000,2022,6,3,2,34004KT,13,11
2022-06-03 03:00:00.000,2022,6,3,3,VRB02KT,13,11
2022-06-03 04:00:00.000,2022,6,3,4,VRB02KT,13,11
2022-06-03 05:00:00.000,2022,6,3,5,28004KT,13,12
2022-06-03 06:00:00.000,2022,6,3,6,29003KT,12,11
2022-06-03 07:00:00.000,2022,6,3,7,31003KT,12,11
2022-06-03 08:00:00.000,2022,6,3,8,VRB02KT,12,11
2022-06-03 09:00:00.000,2022,6,3,9,33004KT,11,11
2022-06-03 10:00:00.000,2022,6,3,10,35003KT,11,11
2022-06-03 10:30:00.000,2022,6,3,10,33003KT,11,11
2022-06-03 11:00:00.000,2022,6,3,11,33005KT,11,11
2022-06-03 12:00:00.000,2022,6,3,12,32004KT,12,11
2022-06-03 13:00:00.000,2022,6,3,13,00000KT,13,11
2022-06-03 14:00:00.000,2022,6,3,14,VRB02KT,13,11
2022-06-03 15:00:00.000,2022,6,3,15,VRB02KT,16,11
2022-06-03 16:00:00.000,2022,6,3,16,32005KT,17,11
2022-06-03 17:00:00.000,2022,6,3,17,33008KT,16,11
2022-06-03 18:00:00.000,2022,6,3,18,13005KT,13,12
2022-06-03 19:00:00.000,2022,6,3,19,26007KT,14,13
2022-06-03 20:00:00.000,2022,6,3,20,28003KT,15,11
2022-06-03 21:00:00.000,2022,6,3,21,35006KT,15,12
2022-06-03 22:00:00.000,2022,6,3,22,34005KT,14,11
2022-06-03 23:00:00.000,2022,6,3,23,31005KT,13,11
2022-06-04 00:00:00.000,2022,6,4,0,36003KT,12,11
2022-06-04 01:00:00.000,2022,6,4,1,VRB02KT,12,11
2022-06-04 02:00:00.000,2022,6,4,2,VRB02KT,12,11
2022-06-04 03:00:00.000,2022,6,4,3,VRB02KT,11,10
2022-06-04 04:00:00.000,2022,6,4,4,VRB02KT,11,11
2022-06-04 05:00:00.000,2022,6,4,5,VRB02KT,11,11
2022-06-04 06:00:00.000,2022,6,4,6,VRB02KT,11,11
2022-06-04 07:00:00.000,2022,6,4,7,VRB02KT,11,11
2022-06-04 08:00:00.000,2022,6,4,8,01003KT,11,11
2022-06-04 09:00:00.000,2022,6,4,9,VRB02KT,11,11
2022-06-04 10:00:00.000,2022,6,4,10,33002KT,11,11
2022-06-04 10:31:00.000,2022,6,4,10,04003KT,11,10
2022-06-04 11:00:00.000,2022,6,4,11,04003KT,11,10
2022-06-04 12:00:00.000,2022,6,4,12,02003KT,11,11
2022-06-04 13:00:00.000,2022,6,4,13,03004KT,13,11
2022-06-04 14:00:00.000,2022,6,4,14,01003KT,15,11
2022-06-04 15:00:00.000,2022,6,4,15,VRB02KT,17,11
2022-06-04 16:00:00.000,2022,6,4,16,VRB02KT,16,11
2022-06-04 16:21:00.000,2022,6,4,16,11004KT,13,12
2022-06-04 17:00:00.000,2022,6,4,17,VRB02KT,14,13
2022-06-04 18:00:00.000,2022,6,4,18,30006KT,15,12
2022-06-04 19:00:00.000,2022,6,4,19,22006KT,15,12
2022-06-04 20:00:00.000,2022,6,4,20,17007KT,14,12
2022-06-04 21:00:00.000,2022,6,4,21,16010KT,14,11
2022-06-04 22:00:00.000,2022,6,4,22,22004KT,14,12
2022-06-04 23:00:00.000,2022,6,4,23,30004KT,13,12
2022-06-05 00:00:00.000,2022,6,5,0,03003KT,12,11
2022-06-05 01:00:00.000,2022,6,5,1,35003KT,12,11
2022-06-05 02:00:00.000,2022,6,5,2,05004KT,12,11
2022-06-05 03:00:00.000,2022,6,5,3,05005KT,12,11
2022-06-05 04:00:00.000,2022,6,5,4,04005KT,11,11
2022-06-05 05:00:00.000,2022,6,5,5,VRB02KT,11,10
2022-06-05 06:00:00.000,2022,6,5,6,00000KT,11,10
2022-06-05 07:00:00.000,2022,6,5,7,27003KT,11,10
2022-06-05 08:00:00.000,2022,6,5,8,26004KT,11,10
2022-06-05 09:00:00.000,2022,6,5,9,VRB02KT,10,10
2022-06-05 10:00:00.000,2022,6,5,10,06004KT,10,10
2022-06-05 10:31:00.000,2022,6,5,10,03004KT,10,10
2022-06-05 11:00:00.000,2022,6,5,11,VRB02KT,11,10
2022-06-05 12:00:00.000,2022,6,5,12,05004KT,11,10
2022-06-05 13:00:00.000,2022,6,5,13,07004KT,13,10
2022-06-05 14:00:00.000,2022,6,5,14,04004KT,15,10
2022-06-05 15:00:00.000,2022,6,5,15,03005KT,16,11
2022-06-05 16:00:00.000,2022,6,5,16,07005KT,18,10
2022-06-05 17:00:00.000,2022,6,5,17,19005KT,17,11
2022-06-05 18:00:00.000,2022,6,5,18,33005KT,18,12
2022-06-05 19:00:00.000,2022,6,5,19,23010KT,17,12
2022-06-05 20:00:00.000,2022,6,5,20,27006KT,18,12
2022-06-05 21:00:00.000,2022,6,5,21,28010KT,17,11
2022-06-05 22:00:00.000,2022,6,5,22,24006KT,16,11
2022-06-05 23:00:00.000,2022,6,5,23,27006KT,15,11
2022-06-06 00:00:00.000,2022,6,6,0,33004KT,14,11
2022-06-06 01:00:00.000,2022,6,6,1,VRB02KT,13,11
2022-06-06 02:00:00.000,2022,6,6,2,VRB02KT,13,11
2022-06-06 03:00:00.000,2022,6,6,3,VRB02KT,12,11
2022-06-06 04:00:00.000,2022,6,6,4,00000KT,12,11
2022-06-06 05:00:00.000,2022,6,6,5,06004KT,12,12
2022-06-06 06:00:00.000,2022,6,6,6,00000KT,12,11
2022-06-06 07:00:00.000,2022,6,6,7,VRB02KT,12,11
2022-06-06 08:00:00.000,2022,6,6,8,VRB02KT,12,11
2022-06-06 09:00:00.000,2022,6,6,9,VRB02KT,12,11
2022-06-06 10:00:00.000,2022,6,6,10,VRB02KT,12,11
2022-06-06 10:33:00.000,2022,6,6,10,VRB02KT,12,11
2022-06-06 11:00:00.000,2022,6,6,11,VRB02KT,12,11
2022-06-06 12:00:00.000,2022,6,6,12,04003KT,13,12
2022-06-06 13:00:00.000,2022,6,6,13,03003KT,15,12
2022-06-06 14:00:00.000,2022,6,6,14,06005KT,16,12
2022-06-06 15:00:00.000,2022,6,6,15,02004KT,18,11
2022-06-06 16:00:00.000,2022,6,6,16,08004KT,17,11
2022-06-06 17:00:00.000,2022,6,6,17,21007KT,16,12
2022-06-06 18:00:00.000,2022,6,6,18,25008KT,18,13
2022-06-06 19:00:00.000,2022,6,6,19,28008KT,17,12
2022-06-06 20:00:00.000,2022,6,6,20,31008KT,19,13
2022-06-06 21:00:00.000,2022,6,6,21,29007KT,17,12
2022-06-06 22:00:00.000,2022,6,6,22,26006KT,16,13
2022-06-06 23:00:00.000,2022,6,6,23,32008KT,15,12
2022-06-07 00:00:00.000,2022,6,7,0,VRB04KT,14,11
2022-06-07 01:00:00.000,2022,6,7,1,20003KT,14,11
2022-06-07 02:00:00.000,2022,6,7,2,29003KT,14,12
2022-06-07 03:00:00.000,2022,6,7,3,VRB02KT,14,12
2022-06-07 04:00:00.000,2022,6,7,4,27003KT,13,11
2022-06-07 05:00:00.000,2022,6,7,5,VRB02KT,13,11
2022-06-07 06:00:00.000,2022,6,7,6,16004KT,13,11
2022-06-07 07:00:00.000,2022,6,7,7,27003KT,12,11
2022-06-07 08:00:00.000,2022,6,7,8,22004KT,12,11
2022-06-07 09:00:00.000,2022,6,7,9,35003KT,11,11
2022-06-07 10:00:00.000,2022,6,7,10,VRB02KT,11,11
2022-06-07 10:31:00.000,2022,6,7,10,VRB02KT,11,11
2022-06-07 11:00:00.000,2022,6,7,11,VRB02KT,11,11
2022-06-07 12:00:00.000,2022,6,7,12,18004KT,13,10
2022-06-07 13:00:00.000,2022,6,7,13,VRB02KT,14,09
2022-06-07 14:00:00.000,2022,6,7,14,34004KT,14,10
2022-06-07 15:00:00.000,2022,6,7,15,VRB02KT,16,10
2022-06-07 16:00:00.000,2022,6,7,16,26004KT,17,10
2022-06-07 17:00:00.000,2022,6,7,17,26005KT,17,11
2022-06-07 18:00:00.000,2022,6,7,18,24012KT,16,11
2022-06-07 19:00:00.000,2022,6,7,19,25011KT,15,11
2022-06-07 20:00:00.000,2022,6,7,20,24008KT,15,12
2022-06-07 21:00:00.000,2022,6,7,21,23006KT,16,09
2022-06-07 22:00:00.000,2022,6,7,22,31008KT,15,11
2022-06-07 23:00:00.000,2022,6,7,23,31008KT,14,12
2022-06-08 00:00:00.000,2022,6,8,0,32004KT,14,11
2022-06-08 01:00:00.000,2022,6,8,1,VRB02KT,13,11
2022-06-08 02:00:00.000,2022,6,8,2,VRB02KT,13,11
2022-06-08 03:00:00.000,2022,6,8,3,33005KT,12,11
2022-06-08 04:00:00.000,2022,6,8,4,30003KT,12,10
2022-06-08 05:00:00.000,2022,6,8,5,VRB02KT,12,10
2022-06-08 06:00:00.000,2022,6,8,6,00000KT,11,09
2022-06-08 07:00:00.000,2022,6,8,7,VRB02KT,10,09
2022-06-08 08:00:00.000,2022,6,8,8,VRB02KT,10,10
2022-06-08 09:00:00.000,2022,6,8,9,VRB02KT,09,08
2022-06-08 09:21:00.000,2022,6,8,9,35003KT,09,09
2022-06-08 10:00:00.000,2022,6,8,10,VRB02KT,09,09
2022-06-08 10:32:00.000,2022,6,8,10,VRB02KT,08,08
2022-06-08 11:00:00.000,2022,6,8,11,00000KT,09,08
2022-06-08 11:37:00.000,2022,6,8,11,VRB02KT,09,09
2022-06-08 12:00:00.000,2022,6,8,12,32003KT,10,09
2022-06-08 13:00:00.000,2022,6,8,13,VRB02KT,13,11
2022-06-08 13:32:00.000,2022,6,8,13,VRB02KT,15,11
2022-06-08 14:00:00.000,2022,6,8,14,VRB02KT,16,09
2022-06-08 15:00:00.000,2022,6,8,15,VRB04KT,18,12
2022-06-08 16:00:00.000,2022,6,8,16,35006KT,17,10
2022-06-08 17:00:00.000,2022,6,8,17,36003KT,18,11
2022-06-08 17:18:00.000,2022,6,8,17,24009KT,16,11
2022-06-08 18:00:00.000,2022,6,8,18,22009KT,13,12
2022-06-08 19:00:00.000,2022,6,8,19,25008KT,13,12
2022-06-08 20:00:00.000,2022,6,8,20,26005KT,15,11
2022-06-08 21:00:00.000,2022,6,8,21,25005KT,16,11
2022-06-08 22:00:00.000,2022,6,8,22,29008KT,16,12
2022-06-08 23:00:00.000,2022,6,8,23,34006KT,14,10
2022-06-09 00:00:00.000,2022,6,9,0,31006KT,13,10
2022-06-09 00:55:00.000,2022,6,9,0,29005KT,13,10
2022-06-09 01:00:00.000,2022,6,9,1,28005KT,13,10
2022-06-09 01:08:00.000,2022,6,9,1,29005KT,13,10
2022-06-09 02:00:00.000,2022,6,9,2,30004KT,13,10
2022-06-09 03:00:00.000,2022,6,9,3,26003KT,13,10
2022-06-09 04:00:00.000,2022,6,9,4,VRB02KT,13,11
2022-06-09 05:00:00.000,2022,6,9,5,VRB02KT,12,11
2022-06-09 06:00:00.000,2022,6,9,6,28003KT,12,11
2022-06-09 07:00:00.000,2022,6,9,7,24003KT,12,11
2022-06-09 08:00:00.000,2022,6,9,8,26003KT,12,11
2022-06-09 09:00:00.000,2022,6,9,9,32003KT,11,10
2022-06-09 10:00:00.000,2022,6,9,10,VRB02KT,11,11
2022-06-09 10:31:00.000,2022,6,9,10,19003KT,12,10
2022-06-09 11:00:00.000,2022,6,9,11,VRB02KT,11,11
2022-06-09 12:00:00.000,2022,6,9,12,35004KT,13,11
2022-06-09 13:00:00.000,2022,6,9,13,02004KT,14,11
2022-06-09 14:00:00.000,2022,6,9,14,VRB02KT,16,11
2022-06-09 15:00:00.000,2022,6,9,15,36004KT,16,10
2022-06-09 16:00:00.000,2022,6,9,16,31004KT,17,11
2022-06-09 17:00:00.000,2022,6,9,17,26008KT,16,13
2022-06-09 18:00:00.000,2022,6,9,18,30008KT,17,12
2022-06-09 18:16:00.000,2022,6,9,18,36010KT,14,12
2022-06-09 19:00:00.000,2022,6,9,19,25008KT,11,10
2022-06-09 20:00:00.000,2022,6,9,20,VRB02KT,11,11
2022-06-09 21:00:00.000,2022,6,9,21,34004KT,12,11
2022-06-09 22:00:00.000,2022,6,9,22,VRB02KT,13,12
2022-06-09 23:00:00.000,2022,6,9,23,VRB02KT,13,12
2022-06-10 00:00:00.000,2022,6,10,0,VRB02KT,12,10
2022-06-10 01:00:00.000,2022,6,10,1,05003KT,11,10
2022-06-10 02:00:00.000,2022,6,10,2,VRB02KT,11,10
2022-06-10 03:00:00.000,2022,6,10,3,01003KT,11,10
2022-06-10 04:00:00.000,2022,6,10,4,VRB02KT,10,10
2022-06-10 05:00:00.000,2022,6,10,5,VRB02KT,10,09
2022-06-10 06:00:00.000,2022,6,10,6,01003KT,08,08
2022-06-10 07:00:00.000,2022,6,10,7,VRB02KT,09,09
2022-06-10 08:00:00.000,2022,6,10,8,VRB01KT,08,08
2022-06-10 09:00:00.000,2022,6,10,9,VRB02KT,09,08
2022-06-10 10:00:00.000,2022,6,10,10,06004KT,09,08
2022-06-10 10:30:00.000,2022,6,10,10,07005KT,08,08
2022-06-10 11:00:00.000,2022,6,10,11,06004KT,08,07
2022-06-10 12:00:00.000,2022,6,10,12,08003KT,10,09
2022-06-10 12:27:00.000,2022,6,10,12,07006KT,12,10
2022-06-10 13:00:00.000,2022,6,10,13,06004KT,14,10
2022-06-10 14:00:00.000,2022,6,10,14,06007KT,16,10
2022-06-10 15:00:00.000,2022,6,10,15,06006KT,17,09
2022-06-10 16:00:00.000,2022,6,10,16,06008KT,19,10
2022-06-10 17:00:00.000,2022,6,10,17,14012KT,19,09
2022-06-10 18:00:00.000,2022,6,10,18,12007KT,20,08
2022-06-10 19:00:00.000,2022,6,10,19,11008KT,19,09
2022-06-10 20:00:00.000,2022,6,10,20,15014KT,18,10
2022-06-10 21:00:00.000,2022,6,10,21,13006KT,19,10
2022-06-10 22:00:00.000,2022,6,10,22,25010KT,18,12
2022-06-10 23:00:00.000,2022,6,10,23,26007KT,16,12
2022-06-11 00:00:00.000,2022,6,11,0,28006KT,15,11
2022-06-11 01:00:00.000,2022,6,11,1,VRB02KT,14,11
2022-06-11 02:00:00.000,2022,6,11,2,23004KT,15,10
2022-06-11 03:00:00.000,2022,6,11,3,VRB02KT,14,09
2022-06-11 04:00:00.000,2022,6,11,4,02003KT,12,10
2022-06-11 05:00:00.000,2022,6,11,5,13003KT,12,11
2022-06-11 06:00:00.000,2022,6,11,6,05003KT,12,11
2022-06-11 07:00:00.000,2022,6,11,7,VRB02KT,12,11
2022-06-11 08:00:00.000,2022,6,11,8,04007KT,12,11
2022-06-11 09:00:00.000,2022,6,11,9,06006KT,12,10
2022-06-11 10:00:00.000,2022,6,11,10,04004KT,11,09
2022-06-11 10:33:00.000,2022,6,11,10,06004KT,12,10
2022-06-11 11:00:00.000,2022,6,11,11,07005KT,12,10
2022-06-11 12:00:00.000,2022,6,11,12,04006KT,12,11
2022-06-11 13:00:00.000,2022,6,11,13,05004KT,13,10
2022-06-11 14:00:00.000,2022,6,11,14,04004KT,14,10
2022-06-11 15:00:00.000,2022,6,11,15,33004KT,15,10
2022-06-11 16:00:00.000,2022,6,11,16,VRB02KT,16,10
2022-06-11 17:00:00.000,2022,6,11,17,VRB02KT,17,09
2022-06-11 18:00:00.000,2022,6,11,18,19006KT,17,09
2022-06-11 19:00:00.000,2022,6,11,19,29004KT,17,10
2022-06-11 20:00:00.000,2022,6,11,20,23010KT,14,12
2022-06-11 21:00:00.000,2022,6,11,21,23004KT,15,12
2022-06-11 21:37:00.000,2022,6,11,21,VRB02KT,15,12
2022-06-11 22:00:00.000,2022,6,11,22,07004KT,13,12
2022-06-11 23:00:00.000,2022,6,11,23,12006KT,13,11
2022-06-12 00:00:00.000,2022,6,12,0,13004KT,13,11
2022-06-12 01:00:00.000,2022,6,12,1,00000KT,13,11
2022-06-12 02:00:00.000,2022,6,12,2,VRB02KT,13,11
2022-06-12 03:00:00.000,2022,6,12,3,11004KT,13,10
2022-06-12 04:00:00.000,2022,6,12,4,34003KT,12,10
2022-06-12 05:00:00.000,2022,6,12,5,06003KT,12,10
2022-06-12 06:00:00.000,2022,6,12,6,00000KT,12,10
2022-06-12 07:00:00.000,2022,6,12,7,02003KT,12,10
2022-06-12 08:00:00.000,2022,6,12,8,VRB02KT,12,10
2022-06-12 09:00:00.000,2022,6,12,9,05003KT,11,10
2022-06-12 10:00:00.000,2022,6,12,10,VRB02KT,11,10
2022-06-12 10:28:00.000,2022,6,12,10,00000KT,11,10
2022-06-12 11:00:00.000,2022,6,12,11,VRB02KT,11,10
2022-06-12 12:00:00.000,2022,6,12,12,VRB02KT,12,11
2022-06-12 13:00:00.000,2022,6,12,13,VRB02KT,14,11
2022-06-12 14:00:00.000,2022,6,12,14,VRB02KT,15,10
2022-06-12 15:00:00.000,2022,6,12,15,VRB02KT,17,09
2022-06-12 16:00:00.000,2022,6,12,16,31009KT,16,12
2022-06-12 17:00:00.000,2022,6,12,17,30007KT,15,11
2022-06-12 17:13:00.000,2022,6,12,17,28006KT,15,11
2022-06-12 18:00:00.000,2022,6,12,18,30008KT,13,11
2022-06-12 19:00:00.000,2022,6,12,19,29006KT,16,12
2022-06-12 20:00:00.000,2022,6,12,20,29004KT,17,11
2022-06-12 21:00:00.000,2022,6,12,21,20004KT,17,10
2022-06-12 22:00:00.000,2022,6,12,22,23009KT,15,11
2022-06-12 23:00:00.000,2022,6,12,23,25006KT,14,11
2022-06-13 00:00:00.000,2022,6,13,0,03005KT,13,11
2022-06-13 01:00:00.000,2022,6,13,1,VRB02KT,12,11
2022-06-13 02:00:00.000,2022,6,13,2,VRB02KT,12,11
2022-06-13 03:00:00.000,2022,6,13,3,11003KT,13,10
2022-06-13 04:00:00.000,2022,6,13,4,06004KT,12,10
2022-06-13 05:00:00.000,2022,6,13,5,05004KT,11,10
2022-06-13 06:00:00.000,2022,6,13,6,06004KT,11,10
2022-06-13 07:00:00.000,2022,6,13,7,03005KT,11,10
2022-06-13 08:00:00.000,2022,6,13,8,05005KT,11,10
2022-06-13 09:00:00.000,2022,6,13,9,07003KT,11,10
2022-06-13 10:00:00.000,2022,6,13,10,04004KT,11,10
2022-06-13 10:28:00.000,2022,6,13,10,03004KT,11,10
2022-06-13 11:00:00.000,2022,6,13,11,VRB02KT,10,10
2022-06-13 12:00:00.000,2022,6,13,12,34003KT,12,10
2022-06-13 13:00:00.000,2022,6,13,13,03004KT,14,10
2022-06-13 14:00:00.000,2022,6,13,14,00000KT,14,10
2022-06-13 15:00:00.000,2022,6,13,15,01003KT,15,10
2022-06-13 16:00:00.000,2022,6,13,16,00000KT,16,10
2022-06-13 17:00:00.000,2022,6,13,17,25003KT,16,12
2022-06-13 18:00:00.000,2022,6,13,18,31004KT,15,12
2022-06-13 19:00:00.000,2022,6,13,19,28005KT,15,13
2022-06-13 20:00:00.000,2022,6,13,20,36004KT,14,12
2022-06-13 21:00:00.000,2022,6,13,21,31007KT,14,13
2022-06-13 21:34:00.000,2022,6,13,21,02009KT,12,12
2022-06-13 22:00:00.000,2022,6,13,22,07003KT,12,11
2022-06-13 23:00:00.000,2022,6,13,23,30004KT,12,11
2022-06-14 00:00:00.000,2022,6,14,0,33004KT,12,11
2022-06-14 01:00:00.000,2022,6,14,1,VRB02KT,12,11
2022-06-14 02:00:00.000,2022,6,14,2,VRB02KT,12,11
2022-06-14 03:00:00.000,2022,6,14,3,10003KT,13,10
2022-06-14 04:00:00.000,2022,6,14,4,VRB02KT,13,10
2022-06-14 05:00:00.000,2022,6,14,5,36003KT,11,10
2022-06-14 06:00:00.000,2022,6,14,6,VRB02KT,10,09
2022-06-14 07:00:00.000,2022,6,14,7,VRB02KT,11,09
2022-06-14 08:00:00.000,2022,6,14,8,VRB02KT,10,09
2022-06-14 09:00:00.000,2022,6,14,9,04004KT,11,09
2022-06-14 10:00:00.000,2022,6,14,10,34004KT,10,09
2022-06-14 10:31:00.000,2022,6,14,10,VRB02KT,09,08
2022-06-14 11:00:00.000,2022,6,14,11,VRB02KT,09,08
2022-06-14 12:00:00.000,2022,6,14,12,VRB02KT,10,09
2022-06-14 12:23:00.000,2022,6,14,12,03003KT,12,10
2022-06-14 13:00:00.000,2022,6,14,13,05004KT,13,10
2022-06-14 14:00:00.000,2022,6,14,14,03003KT,14,09
2022-06-14 15:00:00.000,2022,6,14,15,17004KT,16,09
2022-06-14 16:00:00.000,2022,6,14,16,10003KT,17,09
2022-06-14 17:00:00.000,2022,6,14,17,05007KT,17,10
2022-06-14 18:00:00.000,2022,6,14,18,29008KT,15,12
2022-06-14 19:00:00.000,2022,6,14,19,29008KT,15,12
2022-06-14 20:00:00.000,2022,6,14,20,28007KT,15,12
2022-06-14 21:00:00.000,2022,6,14,21,30006KT,15,11
2022-06-14 22:00:00.000,2022,6,14,22,31006KT,15,10
2022-06-14 23:00:00.000,2022,6,14,23,30005KT,14,10
2022-06-15 00:00:00.000,2022,6,15,0,VRB02KT,13,11
2022-06-15 01:00:00.000,2022,6,15,1,VRB02KT,12,10
2022-06-15 02:00:00.000,2022,6,15,2,VRB02KT,12,10
2022-06-15 03:00:00.000,2022,6,15,3,36003KT,12,10
2022-06-15 04:00:00.000,2022,6,15,4,VRB02KT,12,10
2022-06-15 05:00:00.000,2022,6,15,5,01003KT,12,10
2022-06-15 06:00:00.000,2022,6,15,6,VRB02KT,10,10
2022-06-15 07:00:00.000,2022,6,15,7,00000KT,10,10
2022-06-15 08:00:00.000,2022,6,15,8,00000KT,10,09
2022-06-15 09:00:00.000,2022,6,15,9,VRB02KT,09,09
2022-06-15 10:00:00.000,2022,6,15,10,VRB02KT,09,09
2022-06-15 10:31:00.000,2022,6,15,10,VRB02KT,08,08
2022-06-15 11:00:00.000,2022,6,15,11,04003KT,08,08
2022-06-15 12:00:00.000,2022,6,15,12,04004KT,11,11
2022-06-15 13:00:00.000,2022,6,15,13,05004KT,12,10
2022-06-15 14:00:00.000,2022,6,15,14,05005KT,14,11
2022-06-15 15:00:00.000,2022,6,15,15,05005KT,17,11
2022-06-15 16:00:00.000,2022,6,15,16,VRB02KT,18,11
2022-06-15 17:00:00.000,2022,6,15,17,35004KT,18,10
2022-06-15 18:00:00.000,2022,6,15,18,36003KT,14,12
2022-06-15 19:00:00.000,2022,6,15,19,30005KT,16,13
2022-06-15 20:00:00.000,2022,6,15,20,25006KT,17,13
2022-06-15 21:00:00.000,2022,6,15,21,26007KT,17,12
2022-06-15 22:00:00.000,2022,6,15,22,31009KT,16,12
2022-06-15 23:00:00.000,2022,6,15,23,31007KT,14,12
2022-06-16 00:00:00.000,2022,6,16,0,30004KT,13,11
2022-06-16 01:00:00.000,2022,6,16,1,VRB02KT,12,11
2022-06-16 02:00:00.000,2022,6,16,2,VRB02KT,11,10
2022-06-16 03:00:00.000,2022,6,16,3,VRB02KT,12,10
2022-06-16 04:00:00.000,2022,6,16,4,03004KT,12,10
2022-06-16 05:00:00.000,2022,6,16,5,03003KT,11,10
2022-06-16 06:00:00.000,2022,6,16,6,04004KT,11,09
2022-06-16 07:00:00.000,2022,6,16,7,VRB02KT,10,09
2022-06-16 14:00:00.000,2022,6,16,14,36003KT,15,10
2022-06-16 15:00:00.000,2022,6,16,15,02006KT,17,10
2022-06-16 16:00:00.000,2022,6,16,16,05008KT,17,10
2022-06-16 17:00:00.000,2022,6,16,17,08006KT,18,10
2022-06-16 18:00:00.000,2022,6,16,18,25006KT,18,09
2022-06-16 19:00:00.000,2022,6,16,19,29010KT,16,12
2022-06-16 20:00:00.000,2022,6,16,20,25009KT,15,12
2022-06-16 21:00:00.000,2022,6,16,21,24008KT,14,12
2022-06-16 22:00:00.000,2022,6,16,22,29006KT,15,12
2022-06-16 23:00:00.000,2022,6,16,23,33004KT,15,12
2022-06-17 00:00:00.000,2022,6,17,0,34004KT,13,11
2022-06-17 01:00:00.000,2022,6,17,1,34004KT,13,11
2022-06-17 02:00:00.000,2022,6,17,2,VRB02KT,12,11
2022-06-17 03:00:00.000,2022,6,17,3,VRB02KT,12,11
2022-06-17 04:00:00.000,2022,6,17,4,32003KT,12,11
2022-06-17 05:00:00.000,2022,6,17,5,VRB02KT,12,11
2022-06-17 06:00:00.000,2022,6,17,6,VRB02KT,12,11
2022-06-17 07:00:00.000,2022,6,17,7,VRB02KT,11,10
2022-06-17 08:00:00.000,2022,6,17,8,30004KT,12,10
2022-06-17 09:00:00.000,2022,6,17,9,VRB02KT,11,10
2022-06-17 10:00:00.000,2022,6,17,10,36003KT,10,10
2022-06-17 10:33:00.000,2022,6,17,10,VRB02KT,11,10
2022-06-17 11:00:00.000,2022,6,17,11,35003KT,11,10
2022-06-17 12:00:00.000,2022,6,17,12,VRB02KT,11,10
2022-06-17 12:36:00.000,2022,6,17,12,06003KT,13,11
2022-06-17 13:00:00.000,2022,6,17,13,07003KT,14,11
2022-06-17 14:00:00.000,2022,6,17,14,02003KT,15,11
2022-06-17 15:00:00.000,2022,6,17,15,34004KT,16,11
2022-06-17 16:00:00.000,2022,6,17,16,VRB02KT,15,10
2022-06-17 17:00:00.000,2022,6,17,17,21004KT,15,11
2022-06-17 18:00:00.000,2022,6,17,18,03005KT,17,10
2022-06-17 19:00:00.000,2022,6,17,19,04008KT,17,11
2022-06-17 20:00:00.000,2022,6,17,20,36007KT,16,12
2022-06-17 21:00:00.000,2022,6,17,21,24006KT,15,13
2022-06-17 22:00:00.000,2022,6,17,22,28008KT,15,12
2022-06-17 23:00:00.000,2022,6,17,23,28005KT,14,12
2022-06-18 00:00:00.000,2022,6,18,0,VRB02KT,13,12
2022-06-18 01:00:00.000,2022,6,18,1,VRB02KT,13,11
2022-06-18 02:00:00.000,2022,6,18,2,VRB02KT,12,11
2022-06-18 03:00:00.000,2022,6,18,3,VRB02KT,11,11
2022-06-18 04:00:00.000,2022,6,18,4,VRB02KT,11,11
2022-06-18 05:00:00.000,2022,6,18,5,34004KT,10,10
2022-06-18 06:00:00.000,2022,6,18,6,05004KT,10,10
2022-06-18 07:00:00.000,2022,6,18,7,02004KT,09,08
2022-06-18 08:00:00.000,2022,6,18,8,32004KT,08,08
2022-06-18 09:00:00.000,2022,6,18,9,34004KT,08,07
2022-06-18 10:00:00.000,2022,6,18,10,VRB02KT,07,07
2022-06-18 10:31:00.000,2022,6,18,10,VRB02KT,07,06
2022-06-18 11:00:00.000,2022,6,18,11,27004KT,08,07
2022-06-18 12:00:00.000,2022,6,18,12,VRB02KT,07,07
2022-06-18 13:00:00.000,2022,6,18,13,VRB02KT,10,09
2022-06-18 13:15:00.000,2022,6,18,13,05003KT,12,09
2022-06-18 14:00:00.000,2022,6,18,14,05004KT,14,09
2022-06-18 15:00:00.000,2022,6,18,15,15003KT,16,10
2022-06-18 16:00:00.000,2022,6,18,16,VRB02KT,17,09
2022-06-18 17:00:00.000,2022,6,18,17,VRB02KT,18,10
2022-06-18 18:00:00.000,2022,6,18,18,16004KT,19,08
2022-06-18 19:00:00.000,2022,6,18,19,24009KT,16,11
2022-06-18 19:19:00.000,2022,6,18,19,36004KT,14,11
2022-06-18 19:40:00.000,2022,6,18,19,32007KT,12,11
2022-06-18 20:00:00.000,2022,6,18,20,34007KT,12,11
2022-06-18 21:00:00.000,2022,6,18,21,18006KT,16,09
2022-06-18 22:00:00.000,2022,6,18,22,07006KT,15,09
2022-06-18 23:00:00.000,2022,6,18,23,06009KT,13,09
2022-06-19 00:00:00.000,2022,6,19,0,05007KT,12,09
2022-06-19 01:00:00.000,2022,6,19,1,06007KT,12,09
2022-06-19 02:00:00.000,2022,6,19,2,04004KT,11,09
2022-06-19 03:00:00.000,2022,6,19,3,05005KT,11,09
2022-06-19 04:00:00.000,2022,6,19,4,05004KT,11,09
2022-06-19 05:00:00.000,2022,6,19,5,06006KT,11,09
2022-06-19 06:00:00.000,2022,6,19,6,34003KT,11,09
2022-06-19 07:00:00.000,2022,6,19,7,06006KT,11,09
2022-06-19 08:00:00.000,2022,6,19,8,03003KT,10,09
2022-06-19 09:00:00.000,2022,6,19,9,VRB02KT,10,09
2022-06-19 10:00:00.000,2022,6,19,10,VRB02KT,09,08
2022-06-19 10:30:00.000,2022,6,19,10,24004KT,09,08
2022-06-19 11:00:00.000,2022,6,19,11,00000KT,09,08
2022-06-19 12:00:00.000,2022,6,19,12,VRB02KT,08,08
2022-06-19 13:00:00.000,2022,6,19,13,VRB02KT,08,08
2022-06-19 14:00:00.000,2022,6,19,14,VRB02KT,14,10
2022-06-19 15:00:00.000,2022,6,19,15,35002KT,14,10
2022-06-19 16:00:00.000,2022,6,19,16,VRB02KT,16,10
2022-06-19 17:00:00.000,2022,6,19,17,VRB03KT,18,10
2022-06-19 19:00:00.000,2022,6,19,19,29008KT,14,12
2022-06-19 20:00:00.000,2022,6,19,20,28010KT,14,12
2022-06-19 21:00:00.000,2022,6,19,21,28008KT,14,11
2022-06-19 23:00:00.000,2022,6,19,23,24005KT,13,10
2022-06-20 00:00:00.000,2022,6,20,0,VRB02KT,12,10
2022-06-20 01:00:00.000,2022,6,20,1,VRB02KT,11,10
2022-06-20 02:00:00.000,2022,6,20,2,03003KT,11,10
2022-06-20 03:00:00.000,2022,6,20,3,VRB02KT,11,10
2022-06-20 04:00:00.000,2022,6,20,4,05004KT,11,10
2022-06-20 05:00:00.000,2022,6,20,5,05006KT,11,10
2022-06-20 06:00:00.000,2022,6,20,6,06005KT,11,10
2022-06-20 11:00:00.000,2022,6,20,11,00000KT,10,09
2022-06-20 12:00:00.000,2022,6,20,12,03003KT,11,10
2022-06-20 12:31:00.000,2022,6,20,12,07005KT,13,10
2022-06-20 13:00:00.000,2022,6,20,13,06006KT,15,10
2022-06-20 14:00:00.000,2022,6,20,14,VRB04KT,15,10
2022-06-20 15:00:00.000,2022,6,20,15,05005KT,15,10
2022-06-20 16:00:00.000,2022,6,20,16,07004KT,16,10
2022-06-20 17:00:00.000,2022,6,20,17,03007KT,16,10
2022-06-20 18:00:00.000,2022,6,20,18,04004KT,17,10
2022-06-20 19:00:00.000,2022,6,20,19,30004KT,17,09
2022-06-20 20:00:00.000,2022,6,20,20,29006KT,16,12
2022-06-20 21:00:00.000,2022,6,20,21,32008KT,15,13
2022-06-20 22:00:00.000,2022,6,20,22,31008KT,13,12
2022-06-20 23:00:00.000,2022,6,20,23,28005KT,11,11
2022-06-21 00:00:00.000,2022,6,21,0,VRB02KT,11,11
2022-06-21 01:00:00.000,2022,6,21,1,VRB02KT,12,10
2022-06-21 02:00:00.000,2022,6,21,2,VRB02KT,10,10
2022-06-21 03:00:00.000,2022,6,21,3,VRB02KT,11,11
2022-06-21 04:00:00.000,2022,6,21,4,33003KT,11,11
2022-06-21 04:38:00.000,2022,6,21,4,34003KT,11,10
2022-06-21 05:00:00.000,2022,6,21,5,VRB02KT,11,10
2022-06-21 05:31:00.000,2022,6,21,5,24004KT,11,11
2022-06-21 06:00:00.000,2022,6,21,6,VRB02KT,11,11
2022-06-21 07:00:00.000,2022,6,21,7,VRB02KT,11,10
2022-06-21 08:00:00.000,2022,6,21,8,VRB02KT,11,11
2022-06-21 08:11:00.000,2022,6,21,8,VRB02KT,11,11
2022-06-21 09:00:00.000,2022,6,21,9,VRB02KT,11,11
2022-06-21 10:00:00.000,2022,6,21,10,03002KT,11,11
2022-06-21 10:31:00.000,2022,6,21,10,VRB02KT,11,11
2022-06-21 11:00:00.000,2022,6,21,11,VRB02KT,11,11
2022-06-21 12:00:00.000,2022,6,21,12,VRB02KT,12,11
2022-06-21 13:00:00.000,2022,6,21,13,03004KT,13,11
2022-06-21 13:33:00.000,2022,6,21,13,02003KT,15,11
2022-06-21 14:00:00.000,2022,6,21,14,VRB02KT,15,11
2022-06-21 15:00:00.000,2022,6,21,15,29004KT,15,11
2022-06-21 16:00:00.000,2022,6,21,16,36006KT,16,10
2022-06-21 17:00:00.000,2022,6,21,17,03007KT,17,10
2022-06-21 18:00:00.000,2022,6,21,18,04003KT,18,10
2022-06-21 19:00:00.000,2022,6,21,19,28006KT,17,11
2022-06-21 20:00:00.000,2022,6,21,20,35006KT,18,13
2022-06-21 21:00:00.000,2022,6,21,21,30008KT,16,12
2022-06-22 11:00:00.000,2022,6,22,11,VRB02KT,11,10
2022-06-22 12:00:00.000,2022,6,22,12,06005KT,12,10
2022-06-22 13:00:00.000,2022,6,22,13,05004KT,14,10
2022-06-22 14:00:00.000,2022,6,22,14,06007KT,16,11
2022-06-22 15:00:00.000,2022,6,22,15,13007KT,18,09
2022-06-22 16:00:00.000,2022,6,22,16,12007KT,20,10
2022-06-22 17:00:00.000,2022,6,22,17,10006KT,19,10
2022-06-22 18:00:00.000,2022,6,22,18,15009KT,20,09
2022-06-22 19:00:00.000,2022,6,22,19,15006KT,20,09
2022-06-22 20:00:00.000,2022,6,22,20,18008KT,18,11
2022-06-22 21:00:00.000,2022,6,22,21,30006KT,16,12
2022-06-22 22:00:00.000,2022,6,22,22,VRB01KT,15,12
2022-06-22 23:00:00.000,2022,6,22,23,00000KT,15,12
2022-06-23 00:00:00.000,2022,6,23,0,12005KT,15,10
2022-06-23 01:00:00.000,2022,6,23,1,09004KT,14,10
2022-06-23 02:00:00.000,2022,6,23,2,09003KT,14,10
2022-06-23 03:00:00.000,2022,6,23,3,06003KT,12,09
2022-06-23 04:00:00.000,2022,6,23,4,04003KT,10,09
2022-06-23 05:00:00.000,2022,6,23,5,VRB02KT,10,09
2022-06-23 06:00:00.000,2022,6,23,6,06003KT,10,09
2022-06-23 07:00:00.000,2022,6,23,7,VRB02KT,10,09
2022-06-23 08:00:00.000,2022,6,23,8,30003KT,08,07
2022-06-23 09:00:00.000,2022,6,23,9,31004KT,08,07
2022-06-23 10:00:00.000,2022,6,23,10,VRB02KT,08,08
2022-06-23 10:32:00.000,2022,6,23,10,VRB02KT,09,09
2022-06-23 11:00:00.000,2022,6,23,11,14004KT,10,09
2022-06-23 12:00:00.000,2022,6,23,12,04005KT,10,09
2022-06-23 13:00:00.000,2022,6,23,13,36006KT,10,09
2022-06-23 14:00:00.000,2022,6,23,14,08003KT,11,10
2022-06-23 15:00:00.000,2022,6,23,15,VRB02KT,12,10
2022-06-23 16:00:00.000,2022,6,23,16,12004KT,13,10
2022-06-23 17:00:00.000,2022,6,23,17,19006KT,12,09
2022-06-23 17:20:00.000,2022,6,23,17,17008KT,12,09
2022-06-23 18:00:00.000,2022,6,23,18,15006KT,13,09
2022-06-23 19:00:00.000,2022,6,23,19,10005KT,14,08
2022-06-23 20:00:00.000,2022,6,23,20,12006KT,16,09
2022-06-23 21:00:00.000,2022,6,23,21,12006KT,16,09
2022-06-23 22:00:00.000,2022,6,23,22,09007KT,16,09
2022-06-23 23:00:00.000,2022,6,23,23,11005KT,15,08
2022-06-24 00:00:00.000,2022,6,24,0,09005KT,14,08
2022-06-24 01:00:00.000,2022,6,24,1,08004KT,12,09
2022-06-24 02:00:00.000,2022,6,24,2,05006KT,11,08
2022-06-24 03:00:00.000,2022,6,24,3,VRB02KT,12,08
2022-06-24 04:00:00.000,2022,6,24,4,05007KT,12,09
2022-06-24 05:00:00.000,2022,6,24,5,04005KT,12,09
2022-06-24 12:00:00.000,2022,6,24,12,35003KT,10,09
2022-06-24 13:00:00.000,2022,6,24,13,VRB02KT,12,10
2022-06-24 13:08:00.000,2022,6,24,13,VRB02KT,14,10
2022-06-24 14:00:00.000,2022,6,24,14,28003KT,14,10
2022-06-24 15:00:00.000,2022,6,24,15,28004KT,15,10
2022-06-24 16:00:00.000,2022,6,24,16,19004KT,16,10
2022-06-24 17:00:00.000,2022,6,24,17,23007KT,15,11
2022-06-24 18:00:00.000,2022,6,24,18,21005KT,15,11
2022-06-24 19:00:00.000,2022,6,24,19,22006KT,16,11
2022-06-24 20:00:00.000,2022,6,24,20,33009KT,14,11
2022-06-24 21:00:00.000,2022,6,24,21,27007KT,13,11
2022-06-24 22:00:00.000,2022,6,24,22,24006KT,13,11
2022-06-24 23:00:00.000,2022,6,24,23,VRB02KT,13,11
2022-06-25 00:00:00.000,2022,6,25,0,VRB02KT,12,11
2022-06-25 01:00:00.000,2022,6,25,1,VRB02KT,12,11
2022-06-25 02:00:00.000,2022,6,25,2,VRB02KT,12,11
2022-06-25 03:00:00.000,2022,6,25,3,03003KT,12,11
2022-06-25 04:00:00.000,2022,6,25,4,VRB02KT,12,11
2022-06-25 05:00:00.000,2022,6,25,5,01003KT,11,11
2022-06-25 06:00:00.000,2022,6,25,6,04003KT,11,10
2022-06-25 07:00:00.000,2022,6,25,7,04003KT,11,10
2022-06-25 08:00:00.000,2022,6,25,8,02004KT,10,10
2022-06-25 09:00:00.000,2022,6,25,9,05004KT,09,09
2022-06-25 10:00:00.000,2022,6,25,10,VRB02KT,09,09
2022-06-25 10:33:00.000,2022,6,25,10,VRB02KT,09,09
2022-06-25 11:00:00.000,2022,6,25,11,VRB02KT,10,09
2022-06-25 12:00:00.000,2022,6,25,12,VRB02KT,11,10
2022-06-25 13:00:00.000,2022,6,25,13,07003KT,12,10
2022-06-25 14:00:00.000,2022,6,25,14,VRB02KT,15,10
2022-06-25 15:00:00.000,2022,6,25,15,VRB02KT,15,09
2022-06-25 16:00:00.000,2022,6,25,16,02003KT,16,10
2022-06-25 17:00:00.000,2022,6,25,17,VRB04KT,17,09
2022-06-25 18:00:00.000,2022,6,25,18,13008KT,18,09
2022-06-25 19:00:00.000,2022,6,25,19,31008KT,17,12
2022-06-25 20:00:00.000,2022,6,25,20,31010KT,17,12
2022-06-25 21:00:00.000,2022,6,25,21,28007KT,15,11
2022-06-25 22:00:00.000,2022,6,25,22,02003KT,13,11
2022-06-25 23:00:00.000,2022,6,25,23,01003KT,12,12
2022-06-26 00:00:00.000,2022,6,26,0,34005KT,12,11
2022-06-26 01:00:00.000,2022,6,26,1,VRB02KT,12,11
2022-06-26 02:00:00.000,2022,6,26,2,12005KT,13,09
2022-06-26 03:00:00.000,2022,6,26,3,17011KT,13,09
2022-06-26 04:00:00.000,2022,6,26,4,14006KT,12,09
2022-06-26 05:00:00.000,2022,6,26,5,13005KT,12,09
2022-06-26 06:00:00.000,2022,6,26,6,VRB02KT,12,10
2022-06-26 07:00:00.000,2022,6,26,7,VRB02KT,11,09
2022-06-26 08:00:00.000,2022,6,26,8,VRB02KT,11,10
2022-06-26 09:00:00.000,2022,6,26,9,VRB02KT,11,10
2022-06-26 10:00:00.000,2022,6,26,10,08005KT,11,10
2022-06-26 10:30:00.000,2022,6,26,10,VRB02KT,11,10
2022-06-26 11:00:00.000,2022,6,26,11,05004KT,11,10
2022-06-26 12:00:00.000,2022,6,26,12,04003KT,11,10
2022-06-26 13:00:00.000,2022,6,26,13,36004KT,13,10
2022-06-26 14:00:00.000,2022,6,26,14,VRB02KT,14,10
2022-06-26 15:00:00.000,2022,6,26,15,VRB02KT,15,10
2022-06-26 16:00:00.000,2022,6,26,16,31005KT,13,11
2022-06-26 17:00:00.000,2022,6,26,17,33008KT,13,11
2022-06-26 17:17:00.000,2022,6,26,17,32009KT,13,11
2022-06-26 18:00:00.000,2022,6,26,18,30009KT,13,11
2022-06-26 19:00:00.000,2022,6,26,19,27006KT,14,12
2022-06-26 20:00:00.000,2022,6,26,20,28009KT,13,11
2022-06-26 21:00:00.000,2022,6,26,21,27007KT,13,10
2022-06-26 22:00:00.000,2022,6,26,22,27004KT,12,09
2022-06-26 23:00:00.000,2022,6,26,23,34004KT,12,10
2022-06-27 00:00:00.000,2022,6,27,0,VRB02KT,11,10
2022-06-27 01:00:00.000,2022,6,27,1,VRB02KT,10,10
2022-06-27 02:00:00.000,2022,6,27,2,00000KT,10,09
2022-06-27 03:00:00.000,2022,6,27,3,33003KT,09,09
2022-06-27 04:00:00.000,2022,6,27,4,34003KT,09,09
2022-06-27 05:00:00.000,2022,6,27,5,00000KT,10,09
2022-06-27 06:00:00.000,2022,6,27,6,VRB02KT,09,09
2022-06-27 07:00:00.000,2022,6,27,7,VRB02KT,09,09
2022-06-27 07:18:00.000,2022,6,27,7,VRB02KT,09,09
2022-06-27 07:30:00.000,2022,6,27,7,00000KT,10,09
2022-06-27 08:00:00.000,2022,6,27,8,00000KT,10,09
2022-06-27 09:00:00.000,2022,6,27,9,00000KT,10,10
2022-06-27 10:00:00.000,2022,6,27,10,VRB02KT,10,10
2022-06-27 10:29:00.000,2022,6,27,10,00000KT,10,10
2022-06-27 11:00:00.000,2022,6,27,11,VRB02KT,09,09
2022-06-27 11:23:00.000,2022,6,27,11,VRB02KT,09,09
2022-06-27 12:00:00.000,2022,6,27,12,35003KT,10,09
2022-06-27 13:00:00.000,2022,6,27,13,30004KT,12,11
2022-06-27 14:00:00.000,2022,6,27,14,32004KT,14,10
2022-06-27 15:00:00.000,2022,6,27,15,35005KT,16,10
2022-06-27 16:00:00.000,2022,6,27,16,33003KT,17,09
2022-06-27 17:00:00.000,2022,6,27,17,25004KT,18,09
2022-06-27 18:00:00.000,2022,6,27,18,23012KT,15,11
2022-06-27 18:36:00.000,2022,6,27,18,29011KT,16,11
2022-06-27 19:00:00.000,2022,6,27,19,28010KT,15,11
2022-06-27 20:00:00.000,2022,6,27,20,26007KT,16,12
2022-06-27 21:00:00.000,2022,6,27,21,22006KT,14,12
2022-06-27 22:00:00.000,2022,6,27,22,23006KT,13,11
2022-06-27 23:00:00.000,2022,6,27,23,23005KT,13,11
2022-06-28 00:00:00.000,2022,6,28,0,26004KT,12,10
2022-06-28 01:00:00.000,2022,6,28,1,00000KT,12,10
2022-06-28 02:00:00.000,2022,6,28,2,00000KT,12,10
2022-06-28 03:00:00.000,2022,6,28,3,VRB02KT,12,11
2022-06-28 04:00:00.000,2022,6,28,4,VRB02KT,11,10
2022-06-28 05:00:00.000,2022,6,28,5,VRB02KT,12,08
2022-06-28 06:00:00.000,2022,6,28,6,VRB02KT,11,09
2022-06-28 07:00:00.000,2022,6,28,7,VRB02KT,11,09
2022-06-28 08:00:00.000,2022,6,28,8,VRB02KT,10,09
2022-06-28 09:00:00.000,2022,6,28,9,VRB02KT,10,09
2022-06-28 10:00:00.000,2022,6,28,10,VRB02KT,10,09
2022-06-28 11:00:00.000,2022,6,28,11,35003KT,08,08
2022-06-28 12:00:00.000,2022,6,28,12,VRB02KT,10,09
2022-06-28 12:37:00.000,2022,6,28,12,VRB02KT,12,09
2022-06-28 13:00:00.000,2022,6,28,13,VRB02KT,14,10
2022-06-28 14:00:00.000,2022,6,28,14,01003KT,15,10
2022-06-28 15:00:00.000,2022,6,28,15,32004KT,17,10
2022-06-28 16:00:00.000,2022,6,28,16,31003KT,18,09
2022-06-28 17:00:00.000,2022,6,28,17,03004KT,18,10
2022-06-28 18:00:00.000,2022,6,28,18,25005KT,19,11
2022-06-28 19:00:00.000,2022,6,28,19,30004KT,20,11
2022-06-28 20:00:00.000,2022,6,28,20,26011KT,18,12
2022-06-28 21:00:00.000,2022,6,28,21,30010KT,17,12
2022-06-28 22:00:00.000,2022,6,28,22,26010KT,16,12
2022-06-28 22:17:00.000,2022,6,28,22,26006KT,15,12
2022-06-28 23:00:00.000,2022,6,28,23,06005KT,12,10
2022-06-29 00:00:00.000,2022,6,29,0,20004KT,12,10
2022-06-29 01:00:00.000,2022,6,29,1,VRB02KT,11,10
2022-06-29 02:00:00.000,2022,6,29,2,VRB02KT,11,10
2022-06-29 03:00:00.000,2022,6,29,3,15003KT,12,11
2022-06-29 04:00:00.000,2022,6,29,4,02003KT,11,11
2022-06-29 05:00:00.000,2022,6,29,5,06005KT,12,11
2022-06-29 06:00:00.000,2022,6,29,6,VRB02KT,11,11
2022-06-29 07:00:00.000,2022,6,29,7,35004KT,11,10
2022-06-29 08:00:00.000,2022,6,29,8,VRB02KT,10,10
2022-06-29 09:00:00.000,2022,6,29,9,VRB02KT,11,10
2022-06-29 10:00:00.000,2022,6,29,10,VRB02KT,11,10
2022-06-29 11:00:00.000,2022,6,29,11,VRB02KT,09,08
2022-06-29 12:00:00.000,2022,6,29,12,25004KT,11,10
2022-06-29 13:00:00.000,2022,6,29,13,VRB02KT,13,10
2022-06-29 14:00:00.000,2022,6,29,14,32003KT,15,11
2022-06-29 15:00:00.000,2022,6,29,15,01003KT,15,10
2022-06-29 16:00:00.000,2022,6,29,16,35004KT,16,10
2022-06-29 17:00:00.000,2022,6,29,17,20004KT,15,11
2022-06-29 18:00:00.000,2022,6,29,18,30003KT,16,10
2022-06-29 19:00:00.000,2022,6,29,19,31004KT,16,11
2022-06-29 20:00:00.000,2022,6,29,20,30009KT,15,12
2022-06-29 20:24:00.000,2022,6,29,20,32011KT,15,12
2022-06-29 21:00:00.000,2022,6,29,21,31009KT,14,12
2022-06-29 22:00:00.000,2022,6,29,22,VRB01KT,13,12
2022-06-29 23:00:00.000,2022,6,29,23,27004KT,13,11
2022-06-30 00:00:00.000,2022,6,30,0,00000KT,13,11
2022-06-30 01:00:00.000,2022,6,30,1,VRB02KT,12,11
2022-06-30 02:00:00.000,2022,6,30,2,VRB02KT,12,11
2022-06-30 03:00:00.000,2022,6,30,3,VRB02KT,12,11
2022-06-30 04:00:00.000,2022,6,30,4,32003KT,12,10
2022-06-30 05:00:00.000,2022,6,30,5,34003KT,11,11
2022-06-30 06:00:00.000,2022,6,30,6,VRB02KT,11,11
2022-06-30 07:00:00.000,2022,6,30,7,30002KT,10,10
2022-06-30 07:39:00.000,2022,6,30,7,24004KT,10,10
2022-06-30 08:00:00.000,2022,6,30,8,VRB02KT,11,10
2022-06-30 08:35:00.000,2022,6,30,8,35002KT,10,10
2022-06-30 09:00:00.000,2022,6,30,9,VRB02KT,10,10
2022-06-30 10:00:00.000,2022,6,30,10,VRB02KT,10,10
2022-06-30 10:27:00.000,2022,6,30,10,00000KT,10,10
2022-06-30 11:00:00.000,2022,6,30,11,00000KT,10,10
2022-06-30 11:26:00.000,2022,6,30,11,VRB02KT,10,10
2022-06-30 12:00:00.000,2022,6,30,12,29003KT,11,11
2022-06-30 12:32:00.000,2022,6,30,12,32003KT,11,11
2022-06-30 13:00:00.000,2022,6,30,13,VRB02KT,12,12
2022-06-30 14:00:00.000,2022,6,30,14,34004KT,15,12
2022-06-30 15:00:00.000,2022,6,30,15,VRB02KT,16,10
2022-06-30 16:00:00.000,2022,6,30,16,16003KT,17,08
2022-06-30 17:00:00.000,2022,6,30,17,03004KT,18,09
2022-06-30 18:00:00.000,2022,6,30,18,27010KT,16,12
2022-06-30 19:00:00.000,2022,6,30,19,25009KT,17,12
2022-06-30 20:00:00.000,2022,6,30,20,24010KT,16,12
2022-06-30 21:00:00.000,2022,6,30,21,30007KT,16,11
2022-06-30 22:00:00.000,2022,6,30,22,23006KT,14,11
2022-06-30 23:00:00.000,2022,6,30,23,32003KT,13,12
2022-07-01 00:00:00.000,2022,7,1,0,03004KT,13,12
2022-07-01 01:00:00.000,2022,7,1,1,VRB02KT,12,11
2022-07-01 02:00:00.000,2022,7,1,2,04004KT,12,11
2022-07-01 03:00:00.000,2022,7,1,3,01003KT,12,10
2022-07-01 04:00:00.000,2022,7,1,4,VRB02KT,11,10
2022-07-01 05:00:00.000,2022,7,1,5,VRB02KT,11,10
2022-07-01 06:00:00.000,2022,7,1,6,02003KT,11,10
2022-07-01 07:00:00.000,2022,7,1,7,04003KT,10,09
2022-07-01 08:00:00.000,2022,7,1,8,VRB02KT,10,09
2022-07-01 09:00:00.000,2022,7,1,9,VRB02KT,10,09
2022-07-01 10:00:00.000,2022,7,1,10,VRB02KT,09,09
2022-07-01 10:32:00.000,2022,7,1,10,06004KT,09,09
2022-07-01 11:00:00.000,2022,7,1,11,04004KT,09,09
2022-07-01 12:00:00.000,2022,7,1,12,04004KT,12,10
2022-07-01 13:00:00.000,2022,7,1,13,06004KT,14,10
2022-07-01 14:00:00.000,2022,7,1,14,09003KT,15,09
2022-07-01 15:00:00.000,2022,7,1,15,VRB02KT,17,09
2022-07-01 16:00:00.000,2022,7,1,16,18004KT,18,09
2022-07-01 17:00:00.000,2022,7,1,17,11004KT,19,09
2022-07-01 18:00:00.000,2022,7,1,18,16006KT,19,09
2022-07-01 19:00:00.000,2022,7,1,19,08006KT,21,10
2022-07-01 20:00:00.000,2022,7,1,20,12005KT,20,09
2022-07-01 21:00:00.000,2022,7,1,21,24010KT,18,13
2022-07-01 22:00:00.000,2022,7,1,22,27010KT,15,13
2022-07-01 23:00:00.000,2022,7,1,23,27008KT,15,13
2022-07-02 00:00:00.000,2022,7,2,0,32004KT,14,12
2022-07-02 01:00:00.000,2022,7,2,1,01003KT,13,12
2022-07-02 02:00:00.000,2022,7,2,2,00000KT,12,11
2022-07-02 03:00:00.000,2022,7,2,3,33003KT,12,11
2022-07-02 04:00:00.000,2022,7,2,4,35003KT,12,11
2022-07-02 05:00:00.000,2022,7,2,5,VRB02KT,12,11
2022-07-02 06:00:00.000,2022,7,2,6,28003KT,12,11
2022-07-02 07:00:00.000,2022,7,2,7,VRB02KT,12,11
2022-07-02 08:00:00.000,2022,7,2,8,00000KT,12,11
2022-07-02 09:00:00.000,2022,7,2,9,VRB02KT,12,11
2022-07-02 10:00:00.000,2022,7,2,10,VRB02KT,12,10
2022-07-02 10:29:00.000,2022,7,2,10,VRB02KT,10,10
2022-07-02 11:00:00.000,2022,7,2,11,VRB02KT,10,10
2022-07-02 12:00:00.000,2022,7,2,12,04005KT,12,11
2022-07-02 13:00:00.000,2022,7,2,13,05005KT,13,11
2022-07-02 14:00:00.000,2022,7,2,14,06004KT,14,11
2022-07-02 14:35:00.000,2022,7,2,14,17004KT,15,11
2022-07-02 15:00:00.000,2022,7,2,15,VRB04KT,15,11
2022-07-02 16:00:00.000,2022,7,2,16,15005KT,17,09
2022-07-02 17:00:00.000,2022,7,2,17,12005KT,17,09
2022-07-02 18:00:00.000,2022,7,2,18,14006KT,18,09
2022-07-02 19:00:00.000,2022,7,2,19,14007KT,18,09
2022-07-02 20:00:00.000,2022,7,2,20,13008KT,19,09
2022-07-02 21:00:00.000,2022,7,2,21,16003KT,19,09
2022-07-02 22:00:00.000,2022,7,2,22,32006KT,16,12
2022-07-02 23:00:00.000,2022,7,2,23,34005KT,15,12
2022-07-03 00:00:00.000,2022,7,3,0,34004KT,13,12
2022-07-03 01:00:00.000,2022,7,3,1,VRB02KT,13,11
2022-07-03 02:00:00.000,2022,7,3,2,07004KT,15,11
2022-07-03 03:00:00.000,2022,7,3,3,03007KT,14,11
2022-07-03 04:00:00.000,2022,7,3,4,04007KT,13,10
2022-07-03 05:00:00.000,2022,7,3,5,01003KT,13,10
2022-07-03 06:00:00.000,2022,7,3,6,VRB02KT,13,10
2022-07-03 07:00:00.000,2022,7,3,7,20004KT,14,10
2022-07-03 08:00:00.000,2022,7,3,8,36004KT,12,10
2022-07-03 09:00:00.000,2022,7,3,9,02004KT,12,10
2022-07-03 10:00:00.000,2022,7,3,10,06004KT,12,10
2022-07-03 10:31:00.000,2022,7,3,10,07004KT,11,10
2022-07-03 11:00:00.000,2022,7,3,11,06004KT,11,10
2022-07-03 12:00:00.000,2022,7,3,12,02004KT,12,11
2022-07-03 13:00:00.000,2022,7,3,13,04003KT,14,11
2022-07-03 14:00:00.000,2022,7,3,14,VRB04KT,15,11
2022-07-03 15:00:00.000,2022,7,3,15,08006KT,16,11
2022-07-03 16:00:00.000,2022,7,3,16,13007KT,17,10
2022-07-03 17:00:00.000,2022,7,3,17,17011KT,17,12
2022-07-03 18:00:00.000,2022,7,3,18,17009KT,15,12
2022-07-03 19:00:00.000,2022,7,3,19,16011KT,18,11
2022-07-03 20:00:00.000,2022,7,3,20,12009KT,19,10
2022-07-03 21:00:00.000,2022,7,3,21,14012KT,18,09
2022-07-03 22:00:00.000,2022,7,3,22,13009KT,17,09
2022-07-03 23:00:00.000,2022,7,3,23,13006KT,14,11
2022-07-04 00:00:00.000,2022,7,4,0,15003KT,13,11
2022-07-04 01:00:00.000,2022,7,4,1,10004KT,14,10
2022-07-04 02:00:00.000,2022,7,4,2,15005KT,14,10
2022-07-04 03:00:00.000,2022,7,4,3,13003KT,13,10
2022-07-04 04:00:00.000,2022,7,4,4,13003KT,13,10
2022-07-04 05:00:00.000,2022,7,4,5,00000KT,12,10
2022-07-04 06:00:00.000,2022,7,4,6,15005KT,12,10
2022-07-04 07:00:00.000,2022,7,4,7,VRB02KT,10,09
2022-07-04 08:00:00.000,2022,7,4,8,00000KT,11,10
2022-07-04 09:00:00.000,2022,7,4,9,00000KT,11,10
2022-07-04 10:00:00.000,2022,7,4,10,01003KT,11,10
2022-07-04 10:29:00.000,2022,7,4,10,02003KT,11,10
2022-07-04 11:00:00.000,2022,7,4,11,02003KT,11,10
2022-07-04 11:05:00.000,2022,7,4,11,06003KT,11,10
2022-07-04 12:00:00.000,2022,7,4,12,06003KT,12,11
2022-07-04 13:00:00.000,2022,7,4,13,VRB02KT,13,11
2022-07-04 14:00:00.000,2022,7,4,14,VRB06KT,16,09
2022-07-04 15:00:00.000,2022,7,4,15,16009KT,13,11
2022-07-04 16:00:00.000,2022,7,4,16,18007KT,13,12
2022-07-04 17:00:00.000,2022,7,4,17,18006KT,16,12
2022-07-04 18:00:00.000,2022,7,4,18,16014KT,17,11
2022-07-04 19:00:00.000,2022,7,4,19,15014KT,15,10
2022-07-04 20:00:00.000,2022,7,4,20,15012KT,16,09
2022-07-04 21:00:00.000,2022,7,4,21,14010KT,17,10
2022-07-04 22:00:00.000,2022,7,4,22,10008KT,17,10
2022-07-04 23:00:00.000,2022,7,4,23,11008KT,16,09
2022-07-05 00:00:00.000,2022,7,5,0,10004KT,15,09
2022-07-05 01:00:00.000,2022,7,5,1,03005KT,11,09
2022-07-05 02:00:00.000,2022,7,5,2,05005KT,12,09
2022-07-05 03:00:00.000,2022,7,5,3,05005KT,12,09
2022-07-05 04:00:00.000,2022,7,5,4,06004KT,12,10
2022-07-05 05:00:00.000,2022,7,5,5,04004KT,11,10
2022-07-05 06:00:00.000,2022,7,5,6,04003KT,11,10
2022-07-05 07:00:00.000,2022,7,5,7,VRB02KT,11,10
2022-07-05 08:00:00.000,2022,7,5,8,05004KT,10,09
2022-07-05 09:00:00.000,2022,7,5,9,36004KT,09,09
2022-07-05 10:00:00.000,2022,7,5,10,06004KT,09,09
2022-07-05 10:32:00.000,2022,7,5,10,33004KT,09,08
2022-07-05 11:00:00.000,2022,7,5,11,VRB02KT,09,08
2022-07-05 12:00:00.000,2022,7,5,12,03005KT,11,10
2022-07-05 12:24:00.000,2022,7,5,12,07004KT,13,10
2022-07-05 13:00:00.000,2022,7,5,13,10003KT,15,09
2022-07-05 14:00:00.000,2022,7,5,14,14007KT,16,09
2022-07-05 15:00:00.000,2022,7,5,15,14008KT,17,07
2022-07-05 16:00:00.000,2022,7,5,16,11007KT,18,08
2022-07-05 17:00:00.000,2022,7,5,17,13008KT,18,07
2022-07-05 18:00:00.000,2022,7,5,18,11008KT,18,10
2022-07-05 19:00:00.000,2022,7,5,19,11006KT,19,08
2022-07-05 20:00:00.000,2022,7,5,20,11005KT,18,09
2022-07-05 21:00:00.000,2022,7,5,21,11007KT,19,08
2022-07-05 22:00:00.000,2022,7,5,22,11006KT,19,08
2022-07-05 23:00:00.000,2022,7,5,23,28006KT,15,11
2022-07-06 00:00:00.000,2022,7,6,0,34003KT,12,11
2022-07-06 01:00:00.000,2022,7,6,1,34003KT,12,11
2022-07-06 02:00:00.000,2022,7,6,2,VRB02KT,12,10
2022-07-06 03:00:00.000,2022,7,6,3,04005KT,13,10
2022-07-06 04:00:00.000,2022,7,6,4,VRB02KT,13,10
2022-07-06 05:00:00.000,2022,7,6,5,04005KT,12,10
2022-07-06 06:00:00.000,2022,7,6,6,05003KT,13,09
2022-07-06 07:00:00.000,2022,7,6,7,06003KT,12,09
2022-07-06 08:00:00.000,2022,7,6,8,34003KT,11,09
2022-07-06 09:00:00.000,2022,7,6,9,VRB02KT,11,09
2022-07-06 10:00:00.000,2022,7,6,10,VRB02KT,10,09
2022-07-06 10:33:00.000,2022,7,6,10,07006KT,11,10
2022-07-06 11:00:00.000,2022,7,6,11,07007KT,11,10
2022-07-06 12:00:00.000,2022,7,6,12,06006KT,12,10
2022-07-06 13:00:00.000,2022,7,6,13,06007KT,13,10
2022-07-06 14:00:00.000,2022,7,6,14,11006KT,14,09
2022-07-06 15:00:00.000,2022,7,6,15,13012KT,16,09
2022-07-06 16:00:00.000,2022,7,6,16,09005KT,16,09
2022-07-06 17:00:00.000,2022,7,6,17,12006KT,17,09
2022-07-06 18:00:00.000,2022,7,6,18,11008KT,18,08
2022-07-06 19:00:00.000,2022,7,6,19,09010KT,18,08
2022-07-06 20:00:00.000,2022,7,6,20,11008KT,20,09
2022-07-06 21:00:00.000,2022,7,6,21,15011KT,19,07
2022-07-06 22:00:00.000,2022,7,6,22,17010KT,18,07
2022-07-06 23:00:00.000,2022,7,6,23,18011KT,17,07
2022-07-07 00:00:00.000,2022,7,7,0,13006KT,15,08
2022-07-07 01:00:00.000,2022,7,7,1,05004KT,12,08
2022-07-07 02:00:00.000,2022,7,7,2,05006KT,11,08
2022-07-07 03:00:00.000,2022,7,7,3,04006KT,10,08
2022-07-07 04:00:00.000,2022,7,7,4,18004KT,10,07
2022-07-07 05:00:00.000,2022,7,7,5,35004KT,08,07
2022-07-07 06:00:00.000,2022,7,7,6,00000KT,08,07
2022-07-07 07:00:00.000,2022,7,7,7,VRB02KT,07,07
2022-07-07 08:00:00.000,2022,7,7,8,VRB02KT,07,06
2022-07-07 09:00:00.000,2022,7,7,9,VRB02KT,07,07
2022-07-07 10:00:00.000,2022,7,7,10,VRB02KT,05,05
2022-07-07 10:31:00.000,2022,7,7,10,VRB02KT,06,06
2022-07-07 11:00:00.000,2022,7,7,11,09004KT,07,07
2022-07-07 12:00:00.000,2022,7,7,12,05004KT,08,07
2022-07-07 12:21:00.000,2022,7,7,12,07007KT,10,08
2022-07-07 13:00:00.000,2022,7,7,13,08004KT,12,09
2022-07-07 14:00:00.000,2022,7,7,14,06005KT,14,08
2022-07-07 15:00:00.000,2022,7,7,15,VRB02KT,16,08
2022-07-07 16:00:00.000,2022,7,7,16,02007KT,16,09
2022-07-07 17:00:00.000,2022,7,7,17,11007KT,18,09
2022-07-07 18:00:00.000,2022,7,7,18,10005KT,19,10
2022-07-07 19:00:00.000,2022,7,7,19,08006KT,18,10
2022-07-07 20:00:00.000,2022,7,7,20,09006KT,18,09
2022-07-07 21:00:00.000,2022,7,7,21,08006KT,18,09
2022-07-07 22:00:00.000,2022,7,7,22,24004KT,17,10
2022-07-07 23:00:00.000,2022,7,7,23,22006KT,16,10
2022-07-08 00:00:00.000,2022,7,8,0,29004KT,14,09
2022-07-08 01:00:00.000,2022,7,8,1,10003KT,14,09
2022-07-08 02:00:00.000,2022,7,8,2,33005KT,12,09
2022-07-08 03:00:00.000,2022,7,8,3,35003KT,11,09
2022-07-08 04:00:00.000,2022,7,8,4,VRB02KT,11,09
2022-07-08 05:00:00.000,2022,7,8,5,35004KT,10,09
2022-07-08 06:00:00.000,2022,7,8,6,VRB02KT,10,09
2022-07-08 07:00:00.000,2022,7,8,7,20004KT,11,11
2022-07-08 08:00:00.000,2022,7,8,8,VRB02KT,11,10
2022-07-08 09:00:00.000,2022,7,8,9,VRB02KT,10,09
2022-07-08 10:00:00.000,2022,7,8,10,VRB02KT,10,10
2022-07-08 10:32:00.000,2022,7,8,10,VRB02KT,11,10
2022-07-08 11:00:00.000,2022,7,8,11,VRB02KT,11,10
2022-07-08 12:00:00.000,2022,7,8,12,20004KT,12,11
2022-07-08 13:00:00.000,2022,7,8,13,28003KT,13,11
2022-07-08 14:00:00.000,2022,7,8,14,VRB02KT,13,10
2022-07-08 15:00:00.000,2022,7,8,15,16004KT,13,11
2022-07-08 15:36:00.000,2022,7,8,15,19009KT,13,10
2022-07-08 16:00:00.000,2022,7,8,16,19008KT,13,10
2022-07-08 16:10:00.000,2022,7,8,16,23004KT,22,21
2022-07-08 17:00:00.000,2022,7,8,17,18010KT,14,10
2022-07-08 18:00:00.000,2022,7,8,18,20010KT,15,09
2022-07-08 19:00:00.000,2022,7,8,19,22006KT,16,09
2022-07-08 20:00:00.000,2022,7,8,20,03007KT,15,12
2022-07-08 21:00:00.000,2022,7,8,21,04007KT,14,11
2022-07-08 22:00:00.000,2022,7,8,22,06006KT,14,10
2022-07-08 23:00:00.000,2022,7,8,23,05006KT,14,09
2022-07-09 00:00:00.000,2022,7,9,0,05007KT,12,10
2022-07-09 01:00:00.000,2022,7,9,1,05006KT,12,10
2022-07-09 02:00:00.000,2022,7,9,2,07004KT,12,09
2022-07-09 03:00:00.000,2022,7,9,3,05004KT,12,09
2022-07-09 04:00:00.000,2022,7,9,4,06005KT,12,09
2022-07-09 05:00:00.000,2022,7,9,5,06007KT,11,09
2022-07-09 06:00:00.000,2022,7,9,6,03004KT,11,09
2022-07-09 07:00:00.000,2022,7,9,7,06006KT,11,09
2022-07-09 08:00:00.000,2022,7,9,8,03004KT,11,09
2022-07-09 09:00:00.000,2022,7,9,9,VRB02KT,12,09
2022-07-09 10:00:00.000,2022,7,9,10,VRB02KT,11,09
2022-07-09 10:31:00.000,2022,7,9,10,04004KT,11,08
2022-07-09 11:00:00.000,2022,7,9,11,VRB02KT,11,09
2022-07-09 12:00:00.000,2022,7,9,12,04005KT,11,09
2022-07-09 13:00:00.000,2022,7,9,13,07005KT,13,10
2022-07-09 14:00:00.000,2022,7,9,14,VRB02KT,15,10
2022-07-09 15:00:00.000,2022,7,9,15,16004KT,15,10
2022-07-09 16:00:00.000,2022,7,9,16,15009KT,17,10
2022-07-09 17:00:00.000,2022,7,9,17,17015KT,16,09
2022-07-09 18:00:00.000,2022,7,9,18,17014KT,17,09
2022-07-09 19:00:00.000,2022,7,9,19,13011KT,19,09
2022-07-09 20:00:00.000,2022,7,9,20,15010KT,18,10
2022-07-09 21:00:00.000,2022,7,9,21,16012KT,18,10
2022-07-09 22:00:00.000,2022,7,9,22,11006KT,17,09
2022-07-09 23:00:00.000,2022,7,9,23,13005KT,16,09
2022-07-10 00:00:00.000,2022,7,10,0,13004KT,15,09
2022-07-10 01:00:00.000,2022,7,10,1,11004KT,15,09
2022-07-10 02:00:00.000,2022,7,10,2,36004KT,12,09
2022-07-10 03:00:00.000,2022,7,10,3,10003KT,13,10
2022-07-10 04:00:00.000,2022,7,10,4,07005KT,12,09
2022-07-10 05:00:00.000,2022,7,10,5,VRB02KT,12,10
2022-07-10 06:00:00.000,2022,7,10,6,06003KT,12,10
2022-07-10 07:00:00.000,2022,7,10,7,06004KT,11,10
2022-07-10 08:00:00.000,2022,7,10,8,05004KT,12,10
2022-07-10 09:00:00.000,2022,7,10,9,06003KT,12,10
2022-07-10 10:00:00.000,2022,7,10,10,VRB02KT,11,10
2022-07-10 10:26:00.000,2022,7,10,10,03004KT,11,10
2022-07-10 11:00:00.000,2022,7,10,11,04003KT,11,09
2022-07-10 12:00:00.000,2022,7,10,12,VRB02KT,12,10
2022-07-10 13:00:00.000,2022,7,10,13,05005KT,13,10
2022-07-10 14:00:00.000,2022,7,10,14,06005KT,15,10
2022-07-10 15:00:00.000,2022,7,10,15,09004KT,16,09
2022-07-10 16:00:00.000,2022,7,10,16,14007KT,18,10
2022-07-10 17:00:00.000,2022,7,10,17,08010KT,19,10
2022-07-10 18:00:00.000,2022,7,10,18,11009KT,19,08
2022-07-10 19:00:00.000,2022,7,10,19,08007KT,19,09
2022-07-10 20:00:00.000,2022,7,10,20,11008KT,18,08
2022-07-10 21:00:00.000,2022,7,10,21,12007KT,19,08
2022-07-10 22:00:00.000,2022,7,10,22,10006KT,18,09
2022-07-10 23:00:00.000,2022,7,10,23,04007KT,16,09
2022-07-11 00:00:00.000,2022,7,11,0,05005KT,15,10
2022-07-11 01:00:00.000,2022,7,11,1,19005KT,14,11
2022-07-11 02:00:00.000,2022,7,11,2,VRB02KT,13,11
2022-07-11 03:00:00.000,2022,7,11,3,03005KT,13,11
2022-07-11 04:00:00.000,2022,7,11,4,33005KT,11,10
2022-07-11 05:00:00.000,2022,7,11,5,33004KT,11,10
2022-07-11 06:00:00.000,2022,7,11,6,29003KT,12,11
2022-07-11 07:00:00.000,2022,7,11,7,VRB02KT,12,11
2022-07-11 08:00:00.000,2022,7,11,8,VRB02KT,12,11
2022-07-11 09:00:00.000,2022,7,11,9,VRB02KT,11,11
2022-07-11 10:00:00.000,2022,7,11,10,VRB02KT,11,11
2022-07-11 10:29:00.000,2022,7,11,10,VRB03KT,12,11
2022-07-11 11:00:00.000,2022,7,11,11,34003KT,11,11
2022-07-11 11:27:00.000,2022,7,11,11,05003KT,11,11
2022-07-11 12:00:00.000,2022,7,11,12,VRB02KT,12,11
2022-07-11 13:00:00.000,2022,7,11,13,VRB02KT,13,11
2022-07-11 14:00:00.000,2022,7,11,14,04005KT,15,11
2022-07-11 15:00:00.000,2022,7,11,15,VRB02KT,15,10
2022-07-11 16:00:00.000,2022,7,11,16,28003KT,15,11
2022-07-11 17:00:00.000,2022,7,11,17,02004KT,15,12
2022-07-11 18:00:00.000,2022,7,11,18,VRB02KT,14,11
2022-07-11 19:00:00.000,2022,7,11,19,18010KT,15,11
2022-07-11 20:00:00.000,2022,7,11,20,13010G20KT,15,10
2022-07-11 21:00:00.000,2022,7,11,21,VRB02KT,15,10
2022-07-11 22:00:00.000,2022,7,11,22,26003KT,15,09
2022-07-11 23:00:00.000,2022,7,11,23,VRB02KT,14,10
2022-07-12 00:00:00.000,2022,7,12,0,VRB03KT,14,09
2022-07-12 01:00:00.000,2022,7,12,1,06003KT,14,09
2022-07-12 02:00:00.000,2022,7,12,2,09003KT,14,09
2022-07-12 03:00:00.000,2022,7,12,3,06005KT,13,09
2022-07-12 04:00:00.000,2022,7,12,4,06003KT,12,10
2022-07-12 05:00:00.000,2022,7,12,5,04005KT,12,10
2022-07-12 06:00:00.000,2022,7,12,6,05006KT,12,10
2022-07-12 07:00:00.000,2022,7,12,7,06006KT,12,10
2022-07-12 08:00:00.000,2022,7,12,8,05004KT,11,09
2022-07-12 09:00:00.000,2022,7,12,9,07006KT,11,09
2022-07-12 10:00:00.000,2022,7,12,10,06005KT,10,09
2022-07-12 10:27:00.000,2022,7,12,10,07004KT,11,09
2022-07-12 11:00:00.000,2022,7,12,11,01003KT,10,09
2022-07-12 12:00:00.000,2022,7,12,12,05004KT,12,09
2022-07-12 13:00:00.000,2022,7,12,13,05004KT,14,10
2022-07-12 14:00:00.000,2022,7,12,14,07006KT,16,09
2022-07-12 15:00:00.000,2022,7,12,15,08007KT,17,10
2022-07-12 16:00:00.000,2022,7,12,16,08008KT,17,10
2022-07-12 17:00:00.000,2022,7,12,17,07007KT,19,12
2022-07-12 18:00:00.000,2022,7,12,18,06006KT,18,11
2022-07-12 19:00:00.000,2022,7,12,19,01009KT,18,10
2022-07-12 20:00:00.000,2022,7,12,20,12005KT,19,10
2022-07-12 21:00:00.000,2022,7,12,21,12004KT,19,07
2022-07-12 22:00:00.000,2022,7,12,22,21005KT,18,09
2022-07-12 23:00:00.000,2022,7,12,23,28006KT,16,12
2022-07-13 00:00:00.000,2022,7,13,0,35004KT,14,12
2022-07-13 01:00:00.000,2022,7,13,1,VRB02KT,14,11
2022-07-13 02:00:00.000,2022,7,13,2,35003KT,12,10
2022-07-13 03:00:00.000,2022,7,13,3,32005KT,12,10
2022-07-13 04:00:00.000,2022,7,13,4,33004KT,12,10
2022-07-13 05:00:00.000,2022,7,13,5,00000KT,12,10
2022-07-13 05:19:00.000,2022,7,13,5,36003KT,11,11
2022-07-13 06:00:00.000,2022,7,13,6,06003KT,12,11
2022-07-13 07:00:00.000,2022,7,13,7,36003KT,12,11
2022-07-13 08:00:00.000,2022,7,13,8,03004KT,11,10
2022-07-13 09:00:00.000,2022,7,13,9,07006KT,12,10
2022-07-13 10:00:00.000,2022,7,13,10,04004KT,11,10
2022-07-13 10:31:00.000,2022,7,13,10,05002KT,10,10
2022-07-13 10:32:00.000,2022,7,13,10,VRB02KT,10,10
2022-07-13 11:00:00.000,2022,7,13,11,VRB02KT,11,10
2022-07-13 12:00:00.000,2022,7,13,12,05004KT,12,10
2022-07-13 13:00:00.000,2022,7,13,13,10003KT,14,11
2022-07-13 14:00:00.000,2022,7,13,14,02007KT,14,10
2022-07-13 15:00:00.000,2022,7,13,15,08006KT,15,10
2022-07-13 16:00:00.000,2022,7,13,16,09008KT,17,11
2022-07-13 17:00:00.000,2022,7,13,17,06005KT,18,09
2022-07-13 18:00:00.000,2022,7,13,18,09008KT,19,09
2022-07-13 19:00:00.000,2022,7,13,19,09008KT,19,09
2022-07-13 20:00:00.000,2022,7,13,20,08010KT,19,07
2022-07-13 21:00:00.000,2022,7,13,21,10005KT,19,08
2022-07-13 22:00:00.000,2022,7,13,22,09005KT,18,09
2022-07-13 23:00:00.000,2022,7,13,23,05008KT,16,10
2022-07-14 00:00:00.000,2022,7,14,0,05005KT,15,09
2022-07-14 01:00:00.000,2022,7,14,1,05007KT,14,09
2022-07-14 02:00:00.000,2022,7,14,2,04006KT,12,09
2022-07-14 03:00:00.000,2022,7,14,3,07003KT,11,09
2022-07-14 04:00:00.000,2022,7,14,4,04003KT,10,08
2022-07-14 05:00:00.000,2022,7,14,5,06006KT,11,09
2022-07-14 06:00:00.000,2022,7,14,6,05005KT,10,08
2022-07-14 07:00:00.000,2022,7,14,7,05003KT,10,09
2022-07-14 08:00:00.000,2022,7,14,8,25003KT,10,08
2022-07-14 09:00:00.000,2022,7,14,9,VRB02KT,08,08
2022-07-14 10:00:00.000,2022,7,14,10,VRB02KT,07,07
2022-07-14 10:30:00.000,2022,7,14,10,33005KT,09,08
2022-07-14 11:00:00.000,2022,7,14,11,35003KT,07,06
2022-07-14 11:31:00.000,2022,7,14,11,02004KT,09,06
2022-07-14 12:00:00.000,2022,7,14,12,09003KT,11,07
2022-07-14 13:00:00.000,2022,7,14,13,04004KT,13,08
2022-07-14 13:22:00.000,2022,7,14,13,05005KT,15,05
2022-07-14 14:00:00.000,2022,7,14,14,07005KT,15,04
2022-07-14 14:38:00.000,2022,7,14,14,02005KT,17,05
2022-07-14 15:00:00.000,2022,7,14,15,06005KT,18,04
2022-07-14 16:00:00.000,2022,7,14,16,02004KT,18,05
2022-07-14 17:00:00.000,2022,7,14,17,VRB05KT,21,05
2022-07-14 18:00:00.000,2022,7,14,18,03007KT,21,06
2022-07-14 19:00:00.000,2022,7,14,19,07006KT,21,07
2022-07-14 20:00:00.000,2022,7,14,20,34009KT,20,07
2022-07-14 21:00:00.000,2022,7,14,21,32003KT,20,07
2022-07-14 22:00:00.000,2022,7,14,22,30009KT,18,12
2022-07-14 23:00:00.000,2022,7,14,23,29009KT,16,12
2022-07-15 00:00:00.000,2022,7,15,0,30010KT,15,12
2022-07-15 01:00:00.000,2022,7,15,1,25006KT,14,12
2022-07-15 02:00:00.000,2022,7,15,2,30007KT,14,12
2022-07-15 03:00:00.000,2022,7,15,3,27003KT,13,12
2022-07-15 04:00:00.000,2022,7,15,4,VRB03KT,14,12
2022-07-15 05:00:00.000,2022,7,15,5,VRB03KT,13,11
2022-07-15 06:00:00.000,2022,7,15,6,11007KT,13,11
2022-07-15 07:00:00.000,2022,7,15,7,VRB02KT,12,10
2022-07-15 08:00:00.000,2022,7,15,8,VRB02KT,12,11
2022-07-15 09:00:00.000,2022,7,15,9,VRB02KT,12,11
2022-07-15 10:00:00.000,2022,7,15,10,VRB02KT,11,11
2022-07-15 10:31:00.000,2022,7,15,10,05004KT,11,11
2022-07-15 11:00:00.000,2022,7,15,11,06004KT,11,10
2022-07-15 12:00:00.000,2022,7,15,12,05006KT,12,11
2022-07-15 13:00:00.000,2022,7,15,13,03003KT,14,10
2022-07-15 14:00:00.000,2022,7,15,14,05004KT,15,11
2022-07-15 14:20:00.000,2022,7,15,14,36004KT,17,11
2022-07-15 15:00:00.000,2022,7,15,15,02005KT,18,10
2022-07-15 16:00:00.000,2022,7,15,16,00000KT,19,10
2022-07-15 17:00:00.000,2022,7,15,17,00000KT,18,11
2022-07-15 18:00:00.000,2022,7,15,18,28007KT,19,12
2022-07-15 19:00:00.000,2022,7,15,19,29012KT,19,11
2022-07-15 20:00:00.000,2022,7,15,20,28013KT,19,12
2022-07-15 21:00:00.000,2022,7,15,21,27009KT,18,11
2022-07-15 22:00:00.000,2022,7,15,22,21010KT,17,12
2022-07-15 23:00:00.000,2022,7,15,23,32013KT,14,12
2022-07-16 00:00:00.000,2022,7,16,0,33005KT,12,10
2022-07-16 01:00:00.000,2022,7,16,1,28005KT,14,10
2022-07-16 02:00:00.000,2022,7,16,2,22003KT,14,10
2022-07-16 03:00:00.000,2022,7,16,3,26003KT,14,10
2022-07-16 04:00:00.000,2022,7,16,4,VRB02KT,10,10
2022-07-16 05:00:00.000,2022,7,16,5,VRB02KT,10,10
2022-07-16 06:00:00.000,2022,7,16,6,36003KT,10,10
2022-07-16 07:00:00.000,2022,7,16,7,00000KT,12,10
2022-07-16 08:00:00.000,2022,7,16,8,33003KT,10,09
2022-07-16 09:00:00.000,2022,7,16,9,VRB02KT,09,09
2022-07-16 10:00:00.000,2022,7,16,10,00000KT,09,08
2022-07-16 10:31:00.000,2022,7,16,10,VRB02KT,09,08
2022-07-16 11:00:00.000,2022,7,16,11,00000KT,08,08
2022-07-16 12:00:00.000,2022,7,16,12,36004KT,10,09
2022-07-16 13:00:00.000,2022,7,16,13,07004KT,14,11
2022-07-16 14:00:00.000,2022,7,16,14,06007KT,16,11
2022-07-16 15:00:00.000,2022,7,16,15,03010KT,17,09
2022-07-16 16:00:00.000,2022,7,16,16,35004KT,19,08
2022-07-16 17:00:00.000,2022,7,16,17,11010KT,20,07
2022-07-16 18:00:00.000,2022,7,16,18,11005KT,20,07
2022-07-16 19:00:00.000,2022,7,16,19,16008KT,20,09
2022-07-16 20:00:00.000,2022,7,16,20,15008KT,19,09
2022-07-16 21:00:00.000,2022,7,16,21,11005KT,20,09
2022-07-16 22:00:00.000,2022,7,16,22,32007KT,18,12
2022-07-16 23:00:00.000,2022,7,16,23,20004KT,17,12
2022-07-17 00:00:00.000,2022,7,17,0,33004KT,14,13
2022-07-17 01:00:00.000,2022,7,17,1,VRB02KT,13,12
2022-07-17 02:00:00.000,2022,7,17,2,VRB02KT,12,11
2022-07-17 03:00:00.000,2022,7,17,3,VRB02KT,12,11
2022-07-17 04:00:00.000,2022,7,17,4,34003KT,13,10
2022-07-17 05:00:00.000,2022,7,17,5,04003KT,12,11
2022-07-17 06:00:00.000,2022,7,17,6,05004KT,12,10
2022-07-17 07:00:00.000,2022,7,17,7,02004KT,11,10
2022-07-17 08:00:00.000,2022,7,17,8,05004KT,10,09
2022-07-17 09:00:00.000,2022,7,17,9,VRB02KT,11,09
2022-07-17 10:00:00.000,2022,7,17,10,VRB02KT,10,09
2022-07-17 10:30:00.000,2022,7,17,10,09004KT,11,09
2022-07-17 11:00:00.000,2022,7,17,11,07005KT,11,09
2022-07-17 12:00:00.000,2022,7,17,12,06006KT,12,10
2022-07-17 13:00:00.000,2022,7,17,13,05005KT,13,10
2022-07-17 14:00:00.000,2022,7,17,14,03006KT,14,11
2022-07-17 15:00:00.000,2022,7,17,15,06005KT,15,10
2022-07-17 16:00:00.000,2022,7,17,16,04009KT,16,10
2022-07-17 17:00:00.000,2022,7,17,17,10006KT,17,09
2022-07-17 18:00:00.000,2022,7,17,18,14007KT,18,10
2022-07-17 19:00:00.000,2022,7,17,19,10008KT,17,10
2022-07-17 20:00:00.000,2022,7,17,20,15011KT,17,11
2022-07-17 21:00:00.000,2022,7,17,21,13010KT,18,09
2022-07-17 22:00:00.000,2022,7,17,22,12008KT,17,08
2022-07-17 23:00:00.000,2022,7,17,23,13009KT,16,08
2022-07-18 00:00:00.000,2022,7,18,0,14009KT,14,08
2022-07-18 01:00:00.000,2022,7,18,1,14007KT,14,08
2022-07-18 02:00:00.000,2022,7,18,2,14006KT,14,09
2022-07-18 03:00:00.000,2022,7,18,3,11006KT,14,08
2022-07-18 04:00:00.000,2022,7,18,4,11004KT,13,09
2022-07-18 05:00:00.000,2022,7,18,5,07004KT,13,09
2022-07-18 06:00:00.000,2022,7,18,6,05005KT,12,09
2022-07-18 07:00:00.000,2022,7,18,7,07006KT,12,09
2022-07-18 08:00:00.000,2022,7,18,8,VRB02KT,11,09
2022-07-18 09:00:00.000,2022,7,18,9,02004KT,10,08
2022-07-18 10:00:00.000,2022,7,18,10,04003KT,11,09
2022-07-18 10:26:00.000,2022,7,18,10,02003KT,11,09
2022-07-18 11:00:00.000,2022,7,18,11,36003KT,11,09
2022-07-18 12:00:00.000,2022,7,18,12,VRB02KT,11,09
2022-07-18 13:00:00.000,2022,7,18,13,VRB02KT,15,10
2022-07-18 14:00:00.000,2022,7,18,14,17012KT,15,07
2022-07-18 15:00:00.000,2022,7,18,15,16011KT,16,07
2022-07-18 16:00:00.000,2022,7,18,16,15014KT,16,08
2022-07-18 17:00:00.000,2022,7,18,17,15015KT,17,08
2022-07-18 18:00:00.000,2022,7,18,18,16013KT,17,09
2022-07-18 19:00:00.000,2022,7,18,19,17009KT,17,08
2022-07-18 20:00:00.000,2022,7,18,20,15006KT,18,07
2022-07-18 21:00:00.000,2022,7,18,21,16012KT,17,08
2022-07-18 22:00:00.000,2022,7,18,22,18010KT,16,09
2022-07-18 23:00:00.000,2022,7,18,23,12008KT,16,08
2022-07-19 00:00:00.000,2022,7,19,0,14010KT,14,08
2022-07-19 01:00:00.000,2022,7,19,1,12006KT,14,08
2022-07-19 02:00:00.000,2022,7,19,2,14005KT,14,08
2022-07-19 03:00:00.000,2022,7,19,3,VRB02KT,14,08
2022-07-19 04:00:00.000,2022,7,19,4,01003KT,11,09
2022-07-19 05:00:00.000,2022,7,19,5,03003KT,10,09
2022-07-19 06:00:00.000,2022,7,19,6,VRB02KT,09,08
2022-07-19 07:00:00.000,2022,7,19,7,VRB02KT,10,09
2022-07-19 08:00:00.000,2022,7,19,8,VRB02KT,09,08
2022-07-19 09:00:00.000,2022,7,19,9,33004KT,10,09
2022-07-19 10:00:00.000,2022,7,19,10,02004KT,11,09
2022-07-19 10:31:00.000,2022,7,19,10,VRB02KT,10,08
2022-07-19 11:00:00.000,2022,7,19,11,33004KT,10,08
2022-07-19 12:00:00.000,2022,7,19,12,05003KT,10,08
2022-07-19 12:23:00.000,2022,7,19,12,07004KT,12,09
2022-07-19 13:00:00.000,2022,7,19,13,08004KT,14,08
2022-07-19 14:00:00.000,2022,7,19,14,01004KT,15,10
2022-07-19 15:00:00.000,2022,7,19,15,15008KT,18,09
2022-07-19 16:00:00.000,2022,7,19,16,17014KT,18,09
2022-07-19 17:00:00.000,2022,7,19,17,17012KT,18,09
2022-07-19 18:00:00.000,2022,7,19,18,12010KT,19,09
2022-07-19 19:00:00.000,2022,7,19,19,14012KT,18,09
2022-07-19 20:00:00.000,2022,7,19,20,14007KT,18,08
2022-07-19 21:00:00.000,2022,7,19,21,14006KT,18,08
2022-07-19 22:00:00.000,2022,7,19,22,02004KT,17,08
2022-07-19 23:00:00.000,2022,7,19,23,34003KT,16,09
2022-07-20 00:00:00.000,2022,7,20,0,02003KT,14,10
2022-07-20 01:00:00.000,2022,7,20,1,24004KT,13,10
2022-07-20 02:00:00.000,2022,7,20,2,VRB02KT,12,09
2022-07-20 03:00:00.000,2022,7,20,3,VRB02KT,13,09
2022-07-20 04:00:00.000,2022,7,20,4,36003KT,12,09
2022-07-20 05:00:00.000,2022,7,20,5,01003KT,12,10
2022-07-20 06:00:00.000,2022,7,20,6,VRB02KT,12,10
2022-07-20 07:00:00.000,2022,7,20,7,VRB02KT,11,10
2022-07-20 08:00:00.000,2022,7,20,8,08003KT,11,10
2022-07-20 09:00:00.000,2022,7,20,9,11004KT,11,10
2022-07-20 10:00:00.000,2022,7,20,10,VRB03KT,10,08
2022-07-20 10:29:00.000,2022,7,20,10,VRB04KT,10,08
2022-07-20 11:00:00.000,2022,7,20,11,04005KT,10,09
2022-07-20 12:00:00.000,2022,7,20,12,34003KT,11,09
2022-07-20 13:00:00.000,2022,7,20,13,06003KT,12,10
2022-07-20 14:00:00.000,2022,7,20,14,07005KT,15,09
2022-07-20 15:00:00.000,2022,7,20,15,12005KT,16,10
2022-07-20 16:00:00.000,2022,7,20,16,18008KT,16,10
2022-07-20 17:00:00.000,2022,7,20,17,17012KT,17,10
2022-07-20 18:00:00.000,2022,7,20,18,17012KT,17,09
2022-07-20 19:00:00.000,2022,7,20,19,17012KT,17,09
2022-07-20 20:00:00.000,2022,7,20,20,17009KT,17,09
2022-07-20 21:00:00.000,2022,7,20,21,34007KT,16,11
2022-07-20 22:00:00.000,2022,7,20,22,34007KT,14,11
2022-07-20 23:00:00.000,2022,7,20,23,31004KT,15,11
2022-07-21 00:00:00.000,2022,7,21,0,16005KT,16,09
2022-07-21 01:00:00.000,2022,7,21,1,03004KT,14,10
2022-07-21 02:00:00.000,2022,7,21,2,VRB02KT,12,10
2022-07-21 03:00:00.000,2022,7,21,3,35004KT,12,09
2022-07-21 04:00:00.000,2022,7,21,4,02004KT,11,09
2022-07-21 05:00:00.000,2022,7,21,5,11003KT,13,09
2022-07-21 06:00:00.000,2022,7,21,6,04004KT,11,09
2022-07-21 07:00:00.000,2022,7,21,7,VRB02KT,11,09
2022-07-21 08:00:00.000,2022,7,21,8,VRB02KT,10,09
2022-07-21 09:00:00.000,2022,7,21,9,VRB02KT,11,09
2022-07-21 10:00:00.000,2022,7,21,10,VRB02KT,11,10
2022-07-21 10:31:00.000,2022,7,21,10,02004KT,11,10
2022-07-21 11:00:00.000,2022,7,21,11,06004KT,11,09
2022-07-21 12:00:00.000,2022,7,21,12,VRB02KT,13,10
2022-07-21 13:00:00.000,2022,7,21,13,35003KT,13,10
2022-07-21 14:00:00.000,2022,7,21,14,02004KT,14,10
2022-07-21 15:00:00.000,2022,7,21,15,03006KT,15,11
2022-07-21 16:00:00.000,2022,7,21,16,01004KT,15,11
2022-07-21 17:00:00.000,2022,7,21,17,36004KT,15,11
2022-07-21 18:00:00.000,2022,7,21,18,33003KT,17,11
2022-07-21 19:00:00.000,2022,7,21,19,26003KT,17,10
2022-07-21 20:00:00.000,2022,7,21,20,32003KT,16,11
2022-07-21 21:00:00.000,2022,7,21,21,35006KT,15,12
2022-07-21 22:00:00.000,2022,7,21,22,03003KT,15,11
2022-07-21 23:00:00.000,2022,7,21,23,34004KT,14,11
2022-07-22 00:00:00.000,2022,7,22,0,33004KT,12,11
2022-07-22 01:00:00.000,2022,7,22,1,VRB02KT,12,10
2022-07-22 02:00:00.000,2022,7,22,2,01003KT,10,09
2022-07-22 03:00:00.000,2022,7,22,3,04005KT,10,09
2022-07-22 04:00:00.000,2022,7,22,4,04004KT,11,09
2022-07-22 05:00:00.000,2022,7,22,5,VRB02KT,11,09
2022-07-22 06:00:00.000,2022,7,22,6,07004KT,10,09
2022-07-22 07:00:00.000,2022,7,22,7,01003KT,09,08
2022-07-22 08:00:00.000,2022,7,22,8,03003KT,07,07
2022-07-22 09:00:00.000,2022,7,22,9,32003KT,08,08
2022-07-22 10:00:00.000,2022,7,22,10,VRB02KT,06,06
2022-07-22 10:30:00.000,2022,7,22,10,VRB02KT,09,08
2022-07-22 11:00:00.000,2022,7,22,11,36003KT,08,07
2022-07-22 12:00:00.000,2022,7,22,12,34004KT,09,08
2022-07-22 13:00:00.000,2022,7,22,13,32004KT,11,09
2022-07-22 14:00:00.000,2022,7,22,14,01004KT,14,10
2022-07-22 15:00:00.000,2022,7,22,15,02007KT,15,10
2022-07-22 16:00:00.000,2022,7,22,16,04004KT,16,11
2022-07-22 17:00:00.000,2022,7,22,17,10004KT,18,11
2022-07-22 18:00:00.000,2022,7,22,18,31006KT,17,11
2022-07-22 19:00:00.000,2022,7,22,19,13008KT,19,09
2022-07-22 20:00:00.000,2022,7,22,20,11008KT,20,08
2022-07-22 21:00:00.000,2022,7,22,21,28010KT,16,11
2022-07-22 22:00:00.000,2022,7,22,22,26007KT,16,11
2022-07-22 23:00:00.000,2022,7,22,23,30006KT,15,11
2022-07-23 00:00:00.000,2022,7,23,0,33004KT,13,11
2022-07-23 01:00:00.000,2022,7,23,1,VRB02KT,13,11
2022-07-23 02:00:00.000,2022,7,23,2,36003KT,12,11
2022-07-23 03:00:00.000,2022,7,23,3,VRB02KT,11,10
2022-07-23 04:00:00.000,2022,7,23,4,00000KT,11,10
2022-07-23 05:00:00.000,2022,7,23,5,VRB02KT,10,09
2022-07-23 06:00:00.000,2022,7,23,6,VRB02KT,09,08
2022-07-23 07:00:00.000,2022,7,23,7,02003KT,09,08
2022-07-23 08:00:00.000,2022,7,23,8,VRB02KT,09,08
2022-07-23 09:00:00.000,2022,7,23,9,08003KT,09,08
2022-07-23 10:00:00.000,2022,7,23,10,06005KT,08,07
2022-07-23 10:31:00.000,2022,7,23,10,06003KT,09,08
2022-07-23 11:00:00.000,2022,7,23,11,32003KT,10,08
2022-07-23 12:00:00.000,2022,7,23,12,33003KT,10,09
2022-07-23 12:25:00.000,2022,7,23,12,VRB02KT,12,09
2022-07-23 13:00:00.000,2022,7,23,13,02003KT,13,10
2022-07-23 14:00:00.000,2022,7,23,14,36004KT,15,10
2022-07-23 15:00:00.000,2022,7,23,15,01004KT,17,09
2022-07-23 16:00:00.000,2022,7,23,16,09004KT,17,09
2022-07-23 17:00:00.000,2022,7,23,17,06006KT,19,09
2022-07-23 18:00:00.000,2022,7,23,18,04010KT,18,09
2022-07-23 19:00:00.000,2022,7,23,19,05004KT,19,08
2022-07-23 20:00:00.000,2022,7,23,20,28008KT,17,12
2022-07-23 20:12:00.000,2022,7,23,20,21008KT,15,13
2022-07-23 21:00:00.000,2022,7,23,21,27006KT,15,12
2022-07-23 22:00:00.000,2022,7,23,22,28008KT,15,12
2022-07-23 23:00:00.000,2022,7,23,23,26004KT,14,12
2022-07-24 00:00:00.000,2022,7,24,0,26004KT,14,13
2022-07-24 01:00:00.000,2022,7,24,1,24004KT,13,12
2022-07-24 02:00:00.000,2022,7,24,2,VRB02KT,13,12
2022-07-24 03:00:00.000,2022,7,24,3,VRB02KT,13,12
2022-07-24 04:00:00.000,2022,7,24,4,06003KT,13,10
2022-07-24 05:00:00.000,2022,7,24,5,00000KT,13,10
2022-07-24 06:00:00.000,2022,7,24,6,VRB04KT,12,10
2022-07-24 07:00:00.000,2022,7,24,7,06004KT,12,10
2022-07-24 08:00:00.000,2022,7,24,8,05004KT,12,11
2022-07-24 09:00:00.000,2022,7,24,9,05005KT,11,10
2022-07-24 10:00:00.000,2022,7,24,10,05004KT,11,10
2022-07-24 10:30:00.000,2022,7,24,10,02003KT,10,09
2022-07-24 11:00:00.000,2022,7,24,11,VRB02KT,10,09
2022-07-24 12:00:00.000,2022,7,24,12,02003KT,11,10
2022-07-24 13:00:00.000,2022,7,24,13,03003KT,13,10
2022-07-24 14:00:00.000,2022,7,24,14,02005KT,14,10
2022-07-24 15:00:00.000,2022,7,24,15,05005KT,16,11
2022-07-24 16:00:00.000,2022,7,24,16,03005KT,15,10
2022-07-24 17:00:00.000,2022,7,24,17,05003KT,17,09
2022-07-24 18:00:00.000,2022,7,24,18,17006KT,19,09
2022-07-24 19:00:00.000,2022,7,24,19,VRB02KT,19,09
2022-07-24 20:00:00.000,2022,7,24,20,35004KT,18,09
2022-07-24 21:00:00.000,2022,7,24,21,28006KT,18,12
2022-07-24 22:00:00.000,2022,7,24,22,24010KT,17,12
2022-07-24 23:00:00.000,2022,7,24,23,25010KT,16,12
2022-07-25 00:00:00.000,2022,7,25,0,26003KT,15,12
2022-07-25 01:00:00.000,2022,7,25,1,VRB02KT,13,12
2022-07-25 02:00:00.000,2022,7,25,2,34003KT,13,13
2022-07-25 03:00:00.000,2022,7,25,3,13004KT,13,12
2022-07-25 04:00:00.000,2022,7,25,4,08004KT,13,11
2022-07-25 05:00:00.000,2022,7,25,5,VRB02KT,12,11
2022-07-25 06:00:00.000,2022,7,25,6,VRB02KT,12,11
2022-07-25 07:00:00.000,2022,7,25,7,03003KT,11,11
2022-07-25 08:00:00.000,2022,7,25,8,05005KT,12,10
2022-07-25 09:00:00.000,2022,7,25,9,04003KT,11,10
2022-07-25 10:00:00.000,2022,7,25,10,05004KT,11,10
2022-07-25 11:00:00.000,2022,7,25,11,VRB02KT,12,09
2022-07-25 12:00:00.000,2022,7,25,12,05005KT,12,10
2022-07-25 13:00:00.000,2022,7,25,13,14003KT,14,09
2022-07-25 14:00:00.000,2022,7,25,14,01003KT,15,10
2022-07-25 15:00:00.000,2022,7,25,15,30005KT,15,10
2022-07-25 16:00:00.000,2022,7,25,16,VRB02KT,16,10
2022-07-25 17:00:00.000,2022,7,25,17,05006KT,16,10
2022-07-25 18:00:00.000,2022,7,25,18,VRB03KT,18,11
2022-07-25 19:00:00.000,2022,7,25,19,32009KT,15,12
2022-07-25 20:00:00.000,2022,7,25,20,32010KT,14,12
2022-07-25 21:00:00.000,2022,7,25,21,31008KT,14,12
2022-07-25 22:00:00.000,2022,7,25,22,30006KT,14,12
2022-07-25 23:00:00.000,2022,7,25,23,36004KT,14,12
2022-07-26 00:00:00.000,2022,7,26,0,32005KT,13,11
2022-07-26 01:00:00.000,2022,7,26,1,36004KT,12,11
2022-07-26 02:00:00.000,2022,7,26,2,06006KT,13,11
2022-07-26 03:00:00.000,2022,7,26,3,03004KT,13,11
2022-07-26 04:00:00.000,2022,7,26,4,06005KT,12,10
2022-07-26 05:00:00.000,2022,7,26,5,04005KT,11,10
2022-07-26 06:00:00.000,2022,7,26,6,05005KT,11,10
2022-07-26 07:00:00.000,2022,7,26,7,05006KT,11,10
2022-07-26 08:00:00.000,2022,7,26,8,VRB02KT,11,09
2022-07-26 09:00:00.000,2022,7,26,9,VRB02KT,11,08
2022-07-26 10:00:00.000,2022,7,26,10,03004KT,10,09
2022-07-26 10:30:00.000,2022,7,26,10,04004KT,10,09
2022-07-26 11:00:00.000,2022,7,26,11,05005KT,11,10
2022-07-26 12:00:00.000,2022,7,26,12,03004KT,12,10
2022-07-26 13:00:00.000,2022,7,26,13,05006KT,13,10
2022-07-26 14:00:00.000,2022,7,26,14,04007KT,15,11
2022-07-26 15:00:00.000,2022,7,26,15,03006KT,16,10
2022-07-26 16:00:00.000,2022,7,26,16,03007KT,16,11
2022-07-26 17:00:00.000,2022,7,26,17,07006KT,14,12
2022-07-26 18:00:00.000,2022,7,26,18,05005KT,14,12
2022-07-26 18:28:00.000,2022,7,26,18,04004KT,17,13
2022-07-26 19:00:00.000,2022,7,26,19,33005KT,17,12
2022-07-26 20:00:00.000,2022,7,26,20,35006KT,18,12
2022-07-26 21:00:00.000,2022,7,26,21,29007KT,15,12
2022-07-26 21:33:00.000,2022,7,26,21,27006KT,14,12
2022-07-26 22:00:00.000,2022,7,26,22,26005KT,14,12
2022-07-26 23:00:00.000,2022,7,26,23,28005KT,14,13
2022-07-27 00:00:00.000,2022,7,27,0,21003KT,14,12
2022-07-27 01:00:00.000,2022,7,27,1,VRB02KT,13,12
2022-07-27 02:00:00.000,2022,7,27,2,VRB02KT,13,12
2022-07-27 03:00:00.000,2022,7,27,3,VRB02KT,13,12
2022-07-27 04:00:00.000,2022,7,27,4,VRB02KT,13,12
2022-07-27 05:00:00.000,2022,7,27,5,04004KT,11,10
2022-07-27 06:00:00.000,2022,7,27,6,VRB02KT,10,10
2022-07-27 07:00:00.000,2022,7,27,7,VRB02KT,11,10
2022-07-27 08:00:00.000,2022,7,27,8,VRB02KT,11,10
2022-07-27 09:00:00.000,2022,7,27,9,36003KT,10,09
2022-07-27 10:00:00.000,2022,7,27,10,09003KT,10,09
2022-07-27 10:30:00.000,2022,7,27,10,34003KT,09,09
2022-07-27 11:00:00.000,2022,7,27,11,33006KT,09,08
2022-07-27 12:00:00.000,2022,7,27,12,04005KT,11,09
2022-07-27 13:00:00.000,2022,7,27,13,06004KT,13,10
2022-07-27 14:00:00.000,2022,7,27,14,08006KT,16,10
2022-07-27 15:00:00.000,2022,7,27,15,11005KT,17,09
2022-07-27 16:00:00.000,2022,7,27,16,07006KT,17,09
2022-07-27 17:00:00.000,2022,7,27,17,10006KT,18,09
2022-07-27 18:00:00.000,2022,7,27,18,23003KT,19,08
2022-07-27 19:00:00.000,2022,7,27,19,25009KT,17,12
2022-07-27 20:00:00.000,2022,7,27,20,25010KT,16,12
2022-07-27 20:33:00.000,2022,7,27,20,25011KT,15,13
2022-07-27 21:00:00.000,2022,7,27,21,28008KT,15,12
2022-07-27 22:00:00.000,2022,7,27,22,25009KT,14,12
2022-07-27 23:00:00.000,2022,7,27,23,24004KT,13,12
2022-07-28 00:00:00.000,2022,7,28,0,30004KT,13,11
2022-07-28 01:00:00.000,2022,7,28,1,VRB02KT,13,12
2022-07-28 02:00:00.000,2022,7,28,2,VRB02KT,12,11
2022-07-28 03:00:00.000,2022,7,28,3,29003KT,12,11
2022-07-28 04:00:00.000,2022,7,28,4,VRB03KT,12,10
2022-07-28 05:00:00.000,2022,7,28,5,15005KT,11,09
2022-07-28 06:00:00.000,2022,7,28,6,VRB02KT,10,10
2022-07-28 07:00:00.000,2022,7,28,7,VRB02KT,11,10
2022-07-28 08:00:00.000,2022,7,28,8,35004KT,11,10
2022-07-28 09:00:00.000,2022,7,28,9,VRB02KT,10,10
2022-07-28 10:00:00.000,2022,7,28,10,VRB02KT,10,10
2022-07-28 10:34:00.000,2022,7,28,10,27004KT,11,10
2022-07-28 11:00:00.000,2022,7,28,11,28004KT,11,09
2022-07-28 12:00:00.000,2022,7,28,12,VRB02KT,10,10
2022-07-28 12:29:00.000,2022,7,28,12,VRB02KT,12,10
2022-07-28 13:00:00.000,2022,7,28,13,VRB02KT,13,10
2022-07-28 14:00:00.000,2022,7,28,14,31003KT,14,10
2022-07-28 15:00:00.000,2022,7,28,15,30004KT,15,11
2022-07-28 16:00:00.000,2022,7,28,16,35003KT,16,11
2022-07-28 17:00:00.000,2022,7,28,17,VRB02KT,16,10
2022-07-28 17:37:00.000,2022,7,28,17,22005KT,17,11
2022-07-28 18:00:00.000,2022,7,28,18,25005KT,14,11
2022-07-28 19:00:00.000,2022,7,28,19,31007KT,15,12
2022-07-28 20:00:00.000,2022,7,28,20,29010KT,14,12
2022-07-28 21:00:00.000,2022,7,28,21,36005KT,15,12
2022-07-28 22:00:00.000,2022,7,28,22,VRB02KT,15,12
2022-07-28 23:00:00.000,2022,7,28,23,31010KT,14,11
2022-07-29 00:00:00.000,2022,7,29,0,VRB04KT,13,10
2022-07-29 01:00:00.000,2022,7,29,1,VRB02KT,13,11
2022-07-29 02:00:00.000,2022,7,29,2,35003KT,12,11
2022-07-29 03:00:00.000,2022,7,29,3,VRB02KT,11,10
2022-07-29 04:00:00.000,2022,7,29,4,35003KT,10,10
2022-07-29 05:00:00.000,2022,7,29,5,34003KT,11,10
2022-07-29 06:00:00.000,2022,7,29,6,33003KT,09,09
2022-07-29 07:00:00.000,2022,7,29,7,VRB02KT,10,10
2022-07-29 08:00:00.000,2022,7,29,8,VRB02KT,10,09
2022-07-29 09:00:00.000,2022,7,29,9,32003KT,09,09
2022-07-29 10:00:00.000,2022,7,29,10,VRB02KT,09,09
2022-07-29 10:30:00.000,2022,7,29,10,VRB02KT,09,09
2022-07-29 11:00:00.000,2022,7,29,11,04003KT,09,08
2022-07-29 12:00:00.000,2022,7,29,12,35004KT,10,09
2022-07-29 13:00:00.000,2022,7,29,13,06004KT,12,11
2022-07-29 14:00:00.000,2022,7,29,14,VRB02KT,14,10
2022-07-29 15:00:00.000,2022,7,29,15,VRB02KT,16,10
2022-07-29 16:00:00.000,2022,7,29,16,26005KT,17,11
2022-07-29 17:00:00.000,2022,7,29,17,VRB02KT,17,10
2022-07-29 18:00:00.000,2022,7,29,18,36004KT,19,11
2022-07-29 19:00:00.000,2022,7,29,19,VRB02KT,17,11
2022-07-29 20:00:00.000,2022,7,29,20,32004KT,17,12
2022-07-29 21:00:00.000,2022,7,29,21,26004KT,17,12
2022-07-29 22:00:00.000,2022,7,29,22,20010KT,18,10
2022-07-29 23:00:00.000,2022,7,29,23,17012KT,17,09
2022-07-30 00:00:00.000,2022,7,30,0,33003KT,14,11
2022-07-30 01:00:00.000,2022,7,30,1,13003KT,14,10
2022-07-30 02:00:00.000,2022,7,30,2,VRB02KT,13,11
2022-07-30 03:00:00.000,2022,7,30,3,00000KT,11,09
2022-07-30 04:00:00.000,2022,7,30,4,05003KT,10,09
2022-07-30 05:00:00.000,2022,7,30,5,00000KT,11,10
2022-07-30 06:00:00.000,2022,7,30,6,VRB02KT,11,09
2022-07-30 07:00:00.000,2022,7,30,7,06003KT,10,09
2022-07-30 08:00:00.000,2022,7,30,8,00000KT,11,09
2022-07-30 09:00:00.000,2022,7,30,9,00000KT,08,08
2022-07-30 10:00:00.000,2022,7,30,10,VRB02KT,09,09
2022-07-30 10:30:00.000,2022,7,30,10,00000KT,11,09
2022-07-30 11:00:00.000,2022,7,30,11,VRB02KT,10,09
2022-07-30 12:00:00.000,2022,7,30,12,03003KT,12,10
2022-07-30 13:00:00.000,2022,7,30,13,06005KT,16,10
2022-07-30 14:00:00.000,2022,7,30,14,10007KT,18,09
2022-07-30 15:00:00.000,2022,7,30,15,10008KT,17,09
2022-07-30 16:00:00.000,2022,7,30,16,09006G16KT,19,10
2022-07-30 17:00:00.000,2022,7,30,17,10008KT,20,10
2022-07-30 17:05:00.000,2022,7,30,17,VRB08G18KT,19,10
2022-07-30 18:00:00.000,2022,7,30,18,07010KT,20,10
2022-07-30 19:00:00.000,2022,7,30,19,08006KT,19,10
2022-07-30 20:00:00.000,2022,7,30,20,28010KT,17,13
2022-07-30 21:00:00.000,2022,7,30,21,29006KT,20,12
2022-07-30 22:00:00.000,2022,7,30,22,31010KT,18,13
2022-07-30 22:24:00.000,2022,7,30,22,25011KT,14,09
2022-07-30 23:00:00.000,2022,7,30,23,27006KT,13,10
2022-07-31 00:00:00.000,2022,7,31,0,VRB02KT,13,10
2022-07-31 01:00:00.000,2022,7,31,1,29004KT,13,09
2022-07-31 02:00:00.000,2022,7,31,2,VRB02KT,12,10
2022-07-31 03:00:00.000,2022,7,31,3,35004KT,12,10
2022-07-31 04:00:00.000,2022,7,31,4,34003KT,12,11
2022-07-31 05:00:00.000,2022,7,31,5,06003KT,13,11
2022-07-31 06:00:00.000,2022,7,31,6,12003KT,12,11
2022-07-31 07:00:00.000,2022,7,31,7,12005KT,12,09
2022-07-31 08:00:00.000,2022,7,31,8,17007KT,12,09
2022-07-31 09:00:00.000,2022,7,31,9,VRB02KT,12,09
2022-07-31 10:00:00.000,2022,7,31,10,VRB02KT,12,09
2022-07-31 10:31:00.000,2022,7,31,10,06004KT,11,09
2022-07-31 11:00:00.000,2022,7,31,11,VRB02KT,11,09
2022-07-31 12:00:00.000,2022,7,31,12,07006KT,12,08
2022-07-31 13:00:00.000,2022,7,31,13,06006KT,13,10
2022-07-31 14:00:00.000,2022,7,31,14,08004KT,15,09
2022-07-31 15:00:00.000,2022,7,31,15,06006KT,15,11
2022-07-31 16:00:00.000,2022,7,31,16,16005KT,15,10
2022-07-31 17:00:00.000,2022,7,31,17,08006KT,16,09
2022-07-31 18:00:00.000,2022,7,31,18,VRB03KT,17,09
2022-07-31 19:00:00.000,2022,7,31,19,03003KT,17,09
2022-07-31 20:00:00.000,2022,7,31,20,08005KT,16,11
2022-07-31 21:00:00.000,2022,7,31,21,10006KT,18,09
2022-07-31 22:00:00.000,2022,7,31,22,10005KT,17,09
2022-07-31 23:00:00.000,2022,7,31,23,08005KT,16,09
2022-08-01 00:00:00.000,2022,8,1,0,06004KT,15,10
2022-08-01 01:00:00.000,2022,8,1,1,09003KT,14,10
2022-08-01 02:00:00.000,2022,8,1,2,01003KT,12,10
2022-08-01 03:00:00.000,2022,8,1,3,06004KT,12,10
2022-08-01 04:00:00.000,2022,8,1,4,03004KT,12,10
2022-08-01 05:00:00.000,2022,8,1,5,05004KT,11,09
2022-08-01 06:00:00.000,2022,8,1,6,04004KT,11,09
2022-08-01 07:00:00.000,2022,8,1,7,04005KT,11,09
2022-08-01 08:00:00.000,2022,8,1,8,05005KT,11,09
2022-08-01 09:00:00.000,2022,8,1,9,05006KT,11,09
2022-08-01 10:00:00.000,2022,8,1,10,05004KT,11,09
2022-08-01 10:30:00.000,2022,8,1,10,VRB02KT,11,09
2022-08-01 11:00:00.000,2022,8,1,11,VRB02KT,11,09
2022-08-01 12:00:00.000,2022,8,1,12,03004KT,12,10
2022-08-01 13:00:00.000,2022,8,1,13,VRB03KT,15,09
2022-08-01 14:00:00.000,2022,8,1,14,11007KT,16,09
2022-08-01 15:00:00.000,2022,8,1,15,10008KT,18,09
2022-08-01 16:00:00.000,2022,8,1,16,14012KT,18,10
2022-08-01 17:00:00.000,2022,8,1,17,10008KT,19,12
2022-08-01 18:00:00.000,2022,8,1,18,10009KT,21,11
2022-08-01 19:00:00.000,2022,8,1,19,12008KT,20,09
2022-08-01 20:00:00.000,2022,8,1,20,11005KT,19,09
2022-08-01 21:00:00.000,2022,8,1,21,24007KT,17,12
2022-08-01 22:00:00.000,2022,8,1,22,34007KT,17,12
2022-08-01 23:00:00.000,2022,8,1,23,32008KT,15,13
2022-08-02 00:00:00.000,2022,8,2,0,31005KT,14,12
2022-08-02 01:00:00.000,2022,8,2,1,29003KT,14,12
2022-08-02 02:00:00.000,2022,8,2,2,VRB05KT,13,13
2022-08-02 03:00:00.000,2022,8,2,3,03006KT,13,11
2022-08-02 04:00:00.000,2022,8,2,4,03004KT,13,10
2022-08-02 05:00:00.000,2022,8,2,5,07006KT,13,10
2022-08-02 06:00:00.000,2022,8,2,6,06004KT,13,10
2022-08-02 07:00:00.000,2022,8,2,7,07006KT,13,10
2022-08-02 08:00:00.000,2022,8,2,8,08003KT,12,11
2022-08-02 09:00:00.000,2022,8,2,9,11003KT,12,10
2022-08-02 10:00:00.000,2022,8,2,10,04005KT,12,10
2022-08-02 10:30:00.000,2022,8,2,10,06003KT,12,10
2022-08-02 11:00:00.000,2022,8,2,11,04004KT,12,10
2022-08-02 12:00:00.000,2022,8,2,12,05005KT,13,11
2022-08-02 13:00:00.000,2022,8,2,13,04006KT,15,11
2022-08-02 14:00:00.000,2022,8,2,14,14004KT,15,10
2022-08-02 15:00:00.000,2022,8,2,15,16008KT,15,11
2022-08-02 16:00:00.000,2022,8,2,16,06004KT,17,11
2022-08-02 17:00:00.000,2022,8,2,17,06004KT,17,11
2022-08-02 18:00:00.000,2022,8,2,18,22007KT,17,09
2022-08-02 19:00:00.000,2022,8,2,19,34005KT,15,12
2022-08-02 20:00:00.000,2022,8,2,20,19007KT,16,11
2022-08-02 21:00:00.000,2022,8,2,21,13009KT,16,09
2022-08-02 22:00:00.000,2022,8,2,22,12006KT,15,09
2022-08-02 23:00:00.000,2022,8,2,23,06006KT,14,09
2022-08-03 00:00:00.000,2022,8,3,0,06005KT,13,09
2022-08-03 01:00:00.000,2022,8,3,1,07005KT,13,09
2022-08-03 02:00:00.000,2022,8,3,2,02003KT,12,09
2022-08-03 03:00:00.000,2022,8,3,3,VRB02KT,12,10
2022-08-03 04:00:00.000,2022,8,3,4,06006KT,12,10
2022-08-03 05:00:00.000,2022,8,3,5,07005KT,11,09
2022-08-03 06:00:00.000,2022,8,3,6,00000KT,11,09
2022-08-03 07:00:00.000,2022,8,3,7,06004KT,10,09
2022-08-03 08:00:00.000,2022,8,3,8,05004KT,11,09
2022-08-03 09:00:00.000,2022,8,3,9,05004KT,11,09
2022-08-03 10:00:00.000,2022,8,3,10,05003KT,10,09
2022-08-03 10:27:00.000,2022,8,3,10,04005KT,09,08
2022-08-03 11:00:00.000,2022,8,3,11,04005KT,10,08
2022-08-03 12:00:00.000,2022,8,3,12,01004KT,11,09
2022-08-03 13:00:00.000,2022,8,3,13,04005KT,13,09
2022-08-03 14:00:00.000,2022,8,3,14,VRB02KT,15,10
2022-08-03 15:00:00.000,2022,8,3,15,VRB03KT,17,09
2022-08-03 16:00:00.000,2022,8,3,16,15009KT,18,09
2022-08-03 17:00:00.000,2022,8,3,17,15016KT,19,08
2022-08-03 18:00:00.000,2022,8,3,18,16013KT,19,09
2022-08-03 19:00:00.000,2022,8,3,19,18014KT,20,09
2022-08-03 20:00:00.000,2022,8,3,20,15015KT,18,10
2022-08-03 21:00:00.000,2022,8,3,21,13005KT,18,08
2022-08-03 22:00:00.000,2022,8,3,22,VRB04KT,18,09
2022-08-03 23:00:00.000,2022,8,3,23,25008KT,17,10
2022-08-04 00:00:00.000,2022,8,4,0,28006KT,15,10
2022-08-04 01:00:00.000,2022,8,4,1,34004KT,13,11
2022-08-04 02:00:00.000,2022,8,4,2,VRB02KT,12,10
2022-08-04 03:00:00.000,2022,8,4,3,VRB02KT,12,10
2022-08-04 04:00:00.000,2022,8,4,4,06003KT,12,09
2022-08-04 05:00:00.000,2022,8,4,5,03003KT,11,09
2022-08-04 06:00:00.000,2022,8,4,6,03003KT,11,09
2022-08-04 07:00:00.000,2022,8,4,7,VRB02KT,10,09
2022-08-04 08:00:00.000,2022,8,4,8,VRB02KT,10,09
2022-08-04 09:00:00.000,2022,8,4,9,VRB02KT,11,09
2022-08-04 10:00:00.000,2022,8,4,10,VRB02KT,11,09
2022-08-04 10:30:00.000,2022,8,4,10,06004KT,11,09
2022-08-04 10:35:00.000,2022,8,4,10,VRB02KT,11,09
2022-08-04 11:00:00.000,2022,8,4,11,VRB02KT,10,09
2022-08-04 12:00:00.000,2022,8,4,12,VRB02KT,12,09
2022-08-04 13:00:00.000,2022,8,4,13,04006KT,14,10
2022-08-04 14:00:00.000,2022,8,4,14,04009KT,14,10
2022-08-04 15:00:00.000,2022,8,4,15,05009KT,15,10
2022-08-04 16:00:00.000,2022,8,4,16,17008KT,17,10
2022-08-04 17:00:00.000,2022,8,4,17,08007KT,17,10
2022-08-04 18:00:00.000,2022,8,4,18,10008KT,19,09
2022-08-04 19:00:00.000,2022,8,4,19,09003KT,19,10
2022-08-04 20:00:00.000,2022,8,4,20,09007KT,18,10
2022-08-04 21:00:00.000,2022,8,4,21,18008KT,18,10
2022-08-04 22:00:00.000,2022,8,4,22,14003KT,18,09
2022-08-04 23:00:00.000,2022,8,4,23,11004KT,16,10
2022-08-05 00:00:00.000,2022,8,5,0,VRB02KT,15,09
2022-08-05 01:00:00.000,2022,8,5,1,VRB02KT,13,09
2022-08-05 02:00:00.000,2022,8,5,2,02003KT,10,08
2022-08-05 03:00:00.000,2022,8,5,3,35003KT,11,08
2022-08-05 04:00:00.000,2022,8,5,4,02003KT,10,09
2022-08-05 05:00:00.000,2022,8,5,5,VRB02KT,11,09
2022-08-05 06:00:00.000,2022,8,5,6,VRB02KT,10,09
2022-08-05 07:00:00.000,2022,8,5,7,VRB02KT,10,09
2022-08-05 08:00:00.000,2022,8,5,8,VRB02KT,11,09
2022-08-05 09:00:00.000,2022,8,5,9,VRB02KT,10,09
2022-08-05 10:00:00.000,2022,8,5,10,VRB02KT,09,09
2022-08-05 10:30:00.000,2022,8,5,10,05003KT,09,09
2022-08-05 11:00:00.000,2022,8,5,11,06003KT,09,09
2022-08-05 12:00:00.000,2022,8,5,12,03004KT,11,10
2022-08-05 13:00:00.000,2022,8,5,13,05005KT,13,11
2022-08-05 14:00:00.000,2022,8,5,14,03004KT,15,13
2022-08-05 15:00:00.000,2022,8,5,15,07004KT,17,10
2022-08-05 16:00:00.000,2022,8,5,16,07008KT,18,10
2022-08-05 16:25:00.000,2022,8,5,16,12009KT,19,09
2022-08-05 17:00:00.000,2022,8,5,17,06010KT,19,10
2022-08-05 18:00:00.000,2022,8,5,18,08008KT,19,11
2022-08-05 19:00:00.000,2022,8,5,19,07008KT,19,09
2022-08-05 20:00:00.000,2022,8,5,20,24009KT,17,12
2022-08-05 21:00:00.000,2022,8,5,21,32007KT,16,12
2022-08-05 22:00:00.000,2022,8,5,22,23004KT,15,12
2022-08-05 23:00:00.000,2022,8,5,23,28004KT,14,12
2022-08-06 00:00:00.000,2022,8,6,0,24005KT,14,12
2022-08-06 01:00:00.000,2022,8,6,1,30003KT,12,11
2022-08-06 02:00:00.000,2022,8,6,2,VRB02KT,12,11
2022-08-06 03:00:00.000,2022,8,6,3,26007KT,13,11
2022-08-06 04:00:00.000,2022,8,6,4,VRB02KT,13,10
2022-08-06 05:00:00.000,2022,8,6,5,00000KT,12,11
2022-08-06 06:00:00.000,2022,8,6,6,04003KT,11,11
2022-08-06 07:00:00.000,2022,8,6,7,07003KT,12,11
2022-08-06 08:00:00.000,2022,8,6,8,07005KT,11,11
2022-08-06 09:00:00.000,2022,8,6,9,05004KT,11,11
2022-08-06 10:00:00.000,2022,8,6,10,08006KT,11,10
2022-08-06 10:30:00.000,2022,8,6,10,05005KT,11,10
2022-08-06 11:00:00.000,2022,8,6,11,06004KT,11,10
2022-08-06 12:00:00.000,2022,8,6,12,02004KT,11,10
2022-08-06 13:00:00.000,2022,8,6,13,05005KT,11,10
2022-08-06 14:00:00.000,2022,8,6,14,05005KT,13,10
2022-08-06 15:00:00.000,2022,8,6,15,VRB04KT,14,11
2022-08-06 16:00:00.000,2022,8,6,16,VRB04KT,16,08
2022-08-06 17:00:00.000,2022,8,6,17,VRB03KT,16,09
2022-08-06 18:00:00.000,2022,8,6,18,03005KT,16,10
2022-08-06 19:00:00.000,2022,8,6,19,17012KT,16,09
2022-08-06 20:00:00.000,2022,8,6,20,14012KT,17,09
2022-08-06 21:00:00.000,2022,8,6,21,15010KT,16,08
2022-08-06 22:00:00.000,2022,8,6,22,14008KT,16,08
2022-08-06 23:00:00.000,2022,8,6,23,14009KT,16,08
2022-08-07 00:00:00.000,2022,8,7,0,10005KT,14,08
2022-08-07 01:00:00.000,2022,8,7,1,11007KT,13,08
2022-08-07 02:00:00.000,2022,8,7,2,11003KT,13,08
2022-08-07 03:00:00.000,2022,8,7,3,VRB02KT,11,09
2022-08-07 04:00:00.000,2022,8,7,4,VRB02KT,11,09
2022-08-07 05:00:00.000,2022,8,7,5,VRB02KT,11,09
2022-08-07 06:00:00.000,2022,8,7,6,04003KT,12,09
2022-08-07 07:00:00.000,2022,8,7,7,03003KT,11,10
2022-08-07 08:00:00.000,2022,8,7,8,02004KT,11,10
2022-08-07 09:00:00.000,2022,8,7,9,06003KT,11,10
2022-08-07 10:00:00.000,2022,8,7,10,03003KT,11,09
2022-08-07 10:27:00.000,2022,8,7,10,06003KT,11,09
2022-08-07 11:00:00.000,2022,8,7,11,07004KT,11,09
2022-08-07 12:00:00.000,2022,8,7,12,03004KT,11,10
2022-08-07 13:00:00.000,2022,8,7,13,VRB02KT,13,10
2022-08-07 14:00:00.000,2022,8,7,14,06004KT,15,10
2022-08-07 15:00:00.000,2022,8,7,15,06005KT,15,10
2022-08-07 16:00:00.000,2022,8,7,16,VRB03KT,17,10
2022-08-07 17:00:00.000,2022,8,7,17,07007KT,18,09
2022-08-07 18:00:00.000,2022,8,7,18,09007KT,18,08
2022-08-07 19:00:00.000,2022,8,7,19,13010KT,19,07
2022-08-07 20:00:00.000,2022,8,7,20,10008KT,19,08
2022-08-07 21:00:00.000,2022,8,7,21,12008KT,19,07
2022-08-07 22:00:00.000,2022,8,7,22,06010KT,18,09
2022-08-07 23:00:00.000,2022,8,7,23,04007KT,15,09
2022-08-08 00:00:00.000,2022,8,8,0,01003KT,13,08
2022-08-08 01:00:00.000,2022,8,8,1,VRB02KT,13,08
2022-08-08 02:00:00.000,2022,8,8,2,35003KT,12,08
2022-08-08 03:00:00.000,2022,8,8,3,06005KT,11,08
2022-08-08 04:00:00.000,2022,8,8,4,05004KT,11,08
2022-08-08 05:00:00.000,2022,8,8,5,06005KT,11,08
2022-08-08 06:00:00.000,2022,8,8,6,04004KT,10,08
2022-08-08 07:00:00.000,2022,8,8,7,07004KT,09,08
2022-08-08 08:00:00.000,2022,8,8,8,VRB02KT,08,08
2022-08-08 09:00:00.000,2022,8,8,9,VRB02KT,06,06
2022-08-08 10:00:00.000,2022,8,8,10,VRB03KT,04,04
2022-08-08 10:31:00.000,2022,8,8,10,VRB02KT,06,05
2022-08-08 11:00:00.000,2022,8,8,11,VRB02KT,07,07
2022-08-08 12:00:00.000,2022,8,8,12,05004KT,10,08
2022-08-08 12:28:00.000,2022,8,8,12,06006KT,12,09
2022-08-08 13:00:00.000,2022,8,8,13,06004KT,14,08
2022-08-08 14:00:00.000,2022,8,8,14,07008KT,16,07
2022-08-08 15:00:00.000,2022,8,8,15,13011KT,18,08
2022-08-08 16:00:00.000,2022,8,8,16,13013KT,18,06
2022-08-08 17:00:00.000,2022,8,8,17,12012KT,19,07
2022-08-08 18:00:00.000,2022,8,8,18,13014KT,20,08
2022-08-08 19:00:00.000,2022,8,8,19,13017KT,19,08
2022-08-08 20:00:00.000,2022,8,8,20,13016KT,20,06
2022-08-08 21:00:00.000,2022,8,8,21,10009KT,20,06
2022-08-08 22:00:00.000,2022,8,8,22,11006KT,19,06
2022-08-08 23:00:00.000,2022,8,8,23,09006KT,18,06
2022-08-09 00:00:00.000,2022,8,9,0,10006KT,16,07
2022-08-09 01:00:00.000,2022,8,9,1,11006KT,15,07
2022-08-09 02:00:00.000,2022,8,9,2,14007KT,13,07
2022-08-09 03:00:00.000,2022,8,9,3,04003KT,11,07
2022-08-09 04:00:00.000,2022,8,9,4,03004KT,12,08
2022-08-09 05:00:00.000,2022,8,9,5,03004KT,12,08
2022-08-09 06:00:00.000,2022,8,9,6,VRB02KT,11,09
2022-08-09 07:00:00.000,2022,8,9,7,01003KT,11,08
2022-08-09 08:00:00.000,2022,8,9,8,07003G13KT,11,09
2022-08-09 09:00:00.000,2022,8,9,9,01006KT,11,10
2022-08-09 10:00:00.000,2022,8,9,10,02007KT,10,09
2022-08-09 10:30:00.000,2022,8,9,10,16003KT,12,09
2022-08-09 11:00:00.000,2022,8,9,11,13003KT,11,09
2022-08-09 12:00:00.000,2022,8,9,12,05006KT,11,10
2022-08-09 13:00:00.000,2022,8,9,13,10004KT,13,10
2022-08-09 14:00:00.000,2022,8,9,14,08007KT,15,10
2022-08-09 15:00:00.000,2022,8,9,15,19004KT,16,09
2022-08-09 16:00:00.000,2022,8,9,16,14011KT,16,09
2022-08-09 17:00:00.000,2022,8,9,17,15006KT,15,10
2022-08-09 18:00:00.000,2022,8,9,18,07006KT,16,10
2022-08-09 19:00:00.000,2022,8,9,19,10007KT,16,10
2022-08-09 20:00:00.000,2022,8,9,20,04009KT,14,10
2022-08-09 21:00:00.000,2022,8,9,21,15005KT,16,08
2022-08-09 22:00:00.000,2022,8,9,22,09010KT,16,09
2022-08-09 23:00:00.000,2022,8,9,23,06007KT,14,09
2022-08-10 00:00:00.000,2022,8,10,0,10005KT,14,09
2022-08-10 01:00:00.000,2022,8,10,1,11004KT,14,09
2022-08-10 02:00:00.000,2022,8,10,2,04007KT,13,09
2022-08-10 03:00:00.000,2022,8,10,3,03006KT,12,09
2022-08-10 04:00:00.000,2022,8,10,4,VRB02KT,11,09
2022-08-10 05:00:00.000,2022,8,10,5,13004KT,12,10
2022-08-10 06:00:00.000,2022,8,10,6,31003KT,12,10
2022-08-10 07:00:00.000,2022,8,10,7,VRB02KT,11,10
2022-08-10 08:00:00.000,2022,8,10,8,VRB02KT,13,10
2022-08-10 09:00:00.000,2022,8,10,9,VRB02KT,12,09
2022-08-10 10:00:00.000,2022,8,10,10,VRB02KT,11,10
2022-08-10 10:31:00.000,2022,8,10,10,02004KT,11,10
2022-08-10 11:00:00.000,2022,8,10,11,04004KT,11,10
2022-08-10 12:00:00.000,2022,8,10,12,36003KT,11,10
2022-08-10 13:00:00.000,2022,8,10,13,03005KT,11,10
2022-08-10 13:35:00.000,2022,8,10,13,02003KT,12,11
2022-08-10 14:00:00.000,2022,8,10,14,VRB02KT,13,11
2022-08-10 15:00:00.000,2022,8,10,15,15012KT,15,11
2022-08-10 16:00:00.000,2022,8,10,16,18012KT,15,10
2022-08-10 17:00:00.000,2022,8,10,17,16018KT,16,10
2022-08-10 18:00:00.000,2022,8,10,18,16015KT,16,10
2022-08-10 19:00:00.000,2022,8,10,19,17016KT,16,09
2022-08-10 20:00:00.000,2022,8,10,20,16011KT,16,09
2022-08-10 21:00:00.000,2022,8,10,21,17012KT,17,08
2022-08-10 22:00:00.000,2022,8,10,22,12006KT,17,08
2022-08-10 23:00:00.000,2022,8,10,23,14010KT,15,08
2022-08-11 00:00:00.000,2022,8,11,0,14010KT,15,08
2022-08-11 01:00:00.000,2022,8,11,1,18010KT,14,08
2022-08-11 02:00:00.000,2022,8,11,2,15009KT,13,08
2022-08-11 03:00:00.000,2022,8,11,3,16006KT,14,08
2022-08-11 04:00:00.000,2022,8,11,4,14007KT,13,08
2022-08-11 05:00:00.000,2022,8,11,5,14006KT,12,07
2022-08-11 06:00:00.000,2022,8,11,6,14004KT,12,07
2022-08-11 07:00:00.000,2022,8,11,7,VRB02KT,11,07
2022-08-11 08:00:00.000,2022,8,11,8,23004KT,08,07
2022-08-11 09:00:00.000,2022,8,11,9,VRB02KT,10,08
2022-08-11 10:00:00.000,2022,8,11,10,15004KT,10,08
2022-08-11 10:32:00.000,2022,8,11,10,14004KT,12,08
2022-08-11 11:00:00.000,2022,8,11,11,16006KT,12,08
2022-08-11 12:00:00.000,2022,8,11,12,14006KT,13,08
2022-08-11 13:00:00.000,2022,8,11,13,16007KT,14,08
2022-08-11 14:00:00.000,2022,8,11,14,19010KT,14,08
2022-08-11 15:00:00.000,2022,8,11,15,16012KT,15,08
2022-08-11 16:00:00.000,2022,8,11,16,15010KT,16,08
2022-08-11 17:00:00.000,2022,8,11,17,14006KT,17,09
2022-08-11 18:00:00.000,2022,8,11,18,14011KT,16,09
2022-08-11 19:00:00.000,2022,8,11,19,14008KT,17,08
2022-08-11 20:00:00.000,2022,8,11,20,16008KT,18,09
2022-08-11 21:00:00.000,2022,8,11,21,10005KT,18,07
2022-08-11 22:00:00.000,2022,8,11,22,14007KT,17,07
2022-08-11 23:00:00.000,2022,8,11,23,14007KT,16,07
2022-08-12 00:00:00.000,2022,8,12,0,14009KT,14,07
2022-08-12 01:00:00.000,2022,8,12,1,13005KT,15,08
2022-08-12 02:00:00.000,2022,8,12,2,12005KT,14,07
2022-08-12 03:00:00.000,2022,8,12,3,05004KT,10,07
2022-08-12 04:00:00.000,2022,8,12,4,VRB02KT,12,08
2022-08-12 05:00:00.000,2022,8,12,5,07003KT,12,08
2022-08-12 06:00:00.000,2022,8,12,6,13004KT,11,08
2022-08-12 07:00:00.000,2022,8,12,7,36004KT,11,08
2022-08-12 08:00:00.000,2022,8,12,8,VRB02KT,11,09
2022-08-12 09:00:00.000,2022,8,12,9,36003KT,11,09
2022-08-12 10:00:00.000,2022,8,12,10,VRB02KT,10,08
2022-08-12 10:31:00.000,2022,8,12,10,VRB02KT,08,08
2022-08-12 11:00:00.000,2022,8,12,11,04003KT,09,08
2022-08-12 12:00:00.000,2022,8,12,12,VRB02KT,09,08
2022-08-12 13:00:00.000,2022,8,12,13,05003KT,12,09
2022-08-12 14:00:00.000,2022,8,12,14,05003KT,15,08
2022-08-12 15:00:00.000,2022,8,12,15,VRB02KT,16,09
2022-08-12 16:00:00.000,2022,8,12,16,03003KT,17,09
2022-08-12 17:00:00.000,2022,8,12,17,31003KT,18,09
2022-08-12 18:00:00.000,2022,8,12,18,28008KT,18,10
2022-08-12 19:00:00.000,2022,8,12,19,28012KT,17,11
2022-08-12 19:22:00.000,2022,8,12,19,28013KT,15,11
2022-08-12 20:00:00.000,2022,8,12,20,27010KT,14,12
2022-08-12 21:00:00.000,2022,8,12,21,24006KT,13,12
2022-08-12 22:00:00.000,2022,8,12,22,VRB02KT,14,12
2022-08-12 23:00:00.000,2022,8,12,23,VRB02KT,14,11
2022-08-13 00:00:00.000,2022,8,13,0,34003KT,12,11
2022-08-13 01:00:00.000,2022,8,13,1,33004KT,12,11
2022-08-13 02:00:00.000,2022,8,13,2,VRB02KT,12,11
2022-08-13 03:00:00.000,2022,8,13,3,VRB02KT,12,11
2022-08-13 04:00:00.000,2022,8,13,4,VRB02KT,12,11
2022-08-13 05:00:00.000,2022,8,13,5,VRB02KT,12,11
2022-08-13 06:00:00.000,2022,8,13,6,VRB02KT,12,11
2022-08-13 07:00:00.000,2022,8,13,7,VRB02KT,12,10
2022-08-13 08:00:00.000,2022,8,13,8,16002KT,11,10
2022-08-13 09:00:00.000,2022,8,13,9,04003KT,11,10
2022-08-13 10:00:00.000,2022,8,13,10,02003KT,11,10
2022-08-13 10:02:00.000,2022,8,13,10,02003KT,11,10
2022-08-13 10:31:00.000,2022,8,13,10,05003KT,11,10
2022-08-13 11:00:00.000,2022,8,13,11,VRB02KT,11,10
2022-08-13 12:00:00.000,2022,8,13,12,VRB02KT,12,11
2022-08-13 13:00:00.000,2022,8,13,13,VRB02KT,13,10
2022-08-13 14:00:00.000,2022,8,13,14,29004KT,14,11
2022-08-13 15:00:00.000,2022,8,13,15,VRB02KT,15,09
2022-08-13 16:00:00.000,2022,8,13,16,06007KT,13,11
2022-08-13 17:00:00.000,2022,8,13,17,27004KT,15,12
2022-08-13 18:00:00.000,2022,8,13,18,28006KT,16,12
2022-08-13 19:00:00.000,2022,8,13,19,24009KT,16,13
2022-08-13 20:00:00.000,2022,8,13,20,24008KT,16,12
2022-08-13 21:00:00.000,2022,8,13,21,26009KT,16,12
2022-08-13 22:00:00.000,2022,8,13,22,29010KT,15,11
2022-08-13 23:00:00.000,2022,8,13,23,29009KT,14,11
2022-08-14 00:00:00.000,2022,8,14,0,22004KT,12,12
2022-08-14 01:00:00.000,2022,8,14,1,VRB02KT,12,12
2022-08-14 02:00:00.000,2022,8,14,2,VRB02KT,12,12
2022-08-14 03:00:00.000,2022,8,14,3,00000KT,12,12
2022-08-14 04:00:00.000,2022,8,14,4,33003KT,12,12
2022-08-14 05:00:00.000,2022,8,14,5,32003KT,12,11
2022-08-14 06:00:00.000,2022,8,14,6,36003KT,12,11
2022-08-14 07:00:00.000,2022,8,14,7,VRB03KT,11,11
2022-08-14 08:00:00.000,2022,8,14,8,27004KT,12,11
2022-08-14 09:00:00.000,2022,8,14,9,03004KT,11,10
2022-08-14 10:00:00.000,2022,8,14,10,02004KT,11,11
2022-08-14 10:31:00.000,2022,8,14,10,VRB02KT,11,11
2022-08-14 11:00:00.000,2022,8,14,11,VRB02KT,11,11
2022-08-14 12:00:00.000,2022,8,14,12,VRB02KT,12,11
2022-08-14 13:00:00.000,2022,8,14,13,VRB02KT,15,11
2022-08-14 14:00:00.000,2022,8,14,14,06005KT,15,11
2022-08-14 15:00:00.000,2022,8,14,15,VRB03KT,17,11
2022-08-14 16:00:00.000,2022,8,14,16,13006KT,18,11
2022-08-14 17:00:00.000,2022,8,14,17,16004KT,18,10
2022-08-14 18:00:00.000,2022,8,14,18,27005KT,19,10
2022-08-14 19:00:00.000,2022,8,14,19,28011KT,16,13
2022-08-14 20:00:00.000,2022,8,14,20,32007KT,14,13
2022-08-14 21:00:00.000,2022,8,14,21,34004KT,13,13
2022-08-14 22:00:00.000,2022,8,14,22,34004KT,14,13
2022-08-14 23:00:00.000,2022,8,14,23,10004KT,14,11
2022-08-15 00:00:00.000,2022,8,15,0,13006KT,14,10
2022-08-15 01:00:00.000,2022,8,15,1,10004KT,14,10
2022-08-15 02:00:00.000,2022,8,15,2,12004KT,13,10
2022-08-15 03:00:00.000,2022,8,15,3,03004KT,11,09
2022-08-15 04:00:00.000,2022,8,15,4,04003KT,10,09
2022-08-15 05:00:00.000,2022,8,15,5,35004KT,09,09
2022-08-15 06:00:00.000,2022,8,15,6,03003KT,10,09
2022-08-15 07:00:00.000,2022,8,15,7,VRB02KT,11,09
2022-08-15 08:00:00.000,2022,8,15,8,06004KT,11,10
2022-08-15 09:00:00.000,2022,8,15,9,09006KT,11,09
2022-08-15 10:00:00.000,2022,8,15,10,06004KT,11,09
2022-08-15 10:28:00.000,2022,8,15,10,05004KT,10,09
2022-08-15 11:00:00.000,2022,8,15,11,VRB02KT,10,09
2022-08-15 12:00:00.000,2022,8,15,12,06003KT,11,10
2022-08-15 12:26:00.000,2022,8,15,12,05003KT,13,10
2022-08-15 13:00:00.000,2022,8,15,13,04005KT,14,10
2022-08-15 14:00:00.000,2022,8,15,14,09006KT,14,10
2022-08-15 14:32:00.000,2022,8,15,14,14007KT,14,10
2022-08-15 15:00:00.000,2022,8,15,15,15007KT,15,10
2022-08-15 16:00:00.000,2022,8,15,16,18011KT,16,10
2022-08-15 17:00:00.000,2022,8,15,17,16013KT,17,08
2022-08-15 18:00:00.000,2022,8,15,18,17011KT,18,08
2022-08-15 19:00:00.000,2022,8,15,19,15011KT,17,08
2022-08-15 20:00:00.000,2022,8,15,20,14010KT,17,08
2022-08-15 21:00:00.000,2022,8,15,21,14010KT,18,08
2022-08-15 22:00:00.000,2022,8,15,22,17010KT,17,07
2022-08-15 23:00:00.000,2022,8,15,23,16008KT,16,07
2022-08-16 00:00:00.000,2022,8,16,0,17010KT,15,07
2022-08-16 01:00:00.000,2022,8,16,1,16006KT,14,07
2022-08-16 02:00:00.000,2022,8,16,2,02003KT,11,08
2022-08-16 03:00:00.000,2022,8,16,3,VRB02KT,10,08
2022-08-16 04:00:00.000,2022,8,16,4,05003KT,10,08
2022-08-16 05:00:00.000,2022,8,16,5,VRB02KT,11,09
2022-08-16 06:00:00.000,2022,8,16,6,VRB02KT,09,08
2022-08-16 07:00:00.000,2022,8,16,7,VRB02KT,09,08
2022-08-16 08:00:00.000,2022,8,16,8,36003KT,08,07
2022-08-16 09:00:00.000,2022,8,16,9,VRB02KT,08,07
2022-08-16 10:00:00.000,2022,8,16,10,VRB02KT,06,06
2022-08-16 10:31:00.000,2022,8,16,10,VRB02KT,06,06
2022-08-16 11:00:00.000,2022,8,16,11,08003KT,07,07
2022-08-16 12:00:00.000,2022,8,16,12,VRB02KT,06,06
2022-08-16 12:30:00.000,2022,8,16,12,04006KT,11,09
2022-08-16 13:00:00.000,2022,8,16,13,03004KT,11,09
2022-08-16 13:32:00.000,2022,8,16,13,04006KT,14,09
2022-08-16 14:00:00.000,2022,8,16,14,03006KT,15,08
2022-08-16 15:00:00.000,2022,8,16,15,05004KT,18,09
2022-08-16 16:00:00.000,2022,8,16,16,03004KT,18,08
2022-08-16 17:00:00.000,2022,8,16,17,36004KT,19,09
2022-08-16 18:00:00.000,2022,8,16,18,31006KT,19,10
2022-08-16 19:00:00.000,2022,8,16,19,32004KT,18,10
2022-08-16 20:00:00.000,2022,8,16,20,26011KT,17,12
2022-08-16 21:00:00.000,2022,8,16,21,24008KT,17,11
2022-08-16 22:00:00.000,2022,8,16,22,29006KT,16,12
2022-08-16 23:00:00.000,2022,8,16,23,26008KT,16,12
2022-08-17 00:00:00.000,2022,8,17,0,30004KT,14,11
2022-08-17 01:00:00.000,2022,8,17,1,31008KT,13,11
2022-08-17 02:00:00.000,2022,8,17,2,VRB02KT,13,12
2022-08-17 03:00:00.000,2022,8,17,3,36003KT,12,11
2022-08-17 04:00:00.000,2022,8,17,4,05005KT,12,10
2022-08-17 05:00:00.000,2022,8,17,5,05004KT,11,10
2022-08-17 06:00:00.000,2022,8,17,6,36004KT,10,09
2022-08-17 07:00:00.000,2022,8,17,7,08004KT,11,09
2022-08-17 08:00:00.000,2022,8,17,8,32005KT,11,09
2022-08-17 09:00:00.000,2022,8,17,9,05006KT,10,09
2022-08-17 10:00:00.000,2022,8,17,10,05006KT,10,08
2022-08-17 11:00:00.000,2022,8,17,11,VRB02KT,09,08
2022-08-17 12:00:00.000,2022,8,17,12,06006KT,11,09
2022-08-17 13:00:00.000,2022,8,17,13,06008KT,15,09
2022-08-17 14:00:00.000,2022,8,17,14,07006KT,17,08
2022-08-17 15:00:00.000,2022,8,17,15,12010G22KT,18,07
2022-08-17 16:00:00.000,2022,8,17,16,11008KT,19,07
2022-08-17 16:02:00.000,2022,8,17,16,11008KT,19,07
2022-08-17 17:00:00.000,2022,8,17,17,09008KT,19,07
2022-08-17 18:00:00.000,2022,8,17,18,15014KT,19,08
2022-08-17 19:00:00.000,2022,8,17,19,13012KT,20,06
2022-08-17 20:00:00.000,2022,8,17,20,13010KT,20,07
2022-08-17 21:00:00.000,2022,8,17,21,10006KT,20,06
2022-08-17 22:00:00.000,2022,8,17,22,11006KT,20,05
2022-08-17 23:00:00.000,2022,8,17,23,11010KT,18,06
2022-08-18 00:00:00.000,2022,8,18,0,14008KT,15,07
2022-08-18 01:00:00.000,2022,8,18,1,11005KT,14,07
2022-08-18 02:00:00.000,2022,8,18,2,04006KT,13,09
2022-08-18 03:00:00.000,2022,8,18,3,08003KT,12,08
2022-08-18 04:00:00.000,2022,8,18,4,VRB02KT,10,07
2022-08-18 05:00:00.000,2022,8,18,5,04005KT,09,06
2022-08-18 06:00:00.000,2022,8,18,6,06004KT,09,06
2022-08-18 07:00:00.000,2022,8,18,7,07004KT,09,05
2022-08-18 08:00:00.000,2022,8,18,8,02004KT,07,05
2022-08-18 09:00:00.000,2022,8,18,9,07005KT,08,04
2022-08-18 10:00:00.000,2022,8,18,10,06005KT,08,04
2022-08-18 10:30:00.000,2022,8,18,10,05003KT,07,05
2022-08-18 11:00:00.000,2022,8,18,11,VRB02KT,07,05
2022-08-18 12:00:00.000,2022,8,18,12,07006KT,08,05
2022-08-18 12:18:00.000,2022,8,18,12,05004KT,10,06
2022-08-18 13:00:00.000,2022,8,18,13,05006KT,12,05
2022-08-18 14:00:00.000,2022,8,18,14,06005KT,15,04
2022-08-18 15:00:00.000,2022,8,18,15,07005KT,17,04
2022-08-18 16:00:00.000,2022,8,18,16,04008KT,19,05
2022-08-18 17:00:00.000,2022,8,18,17,06006KT,21,06
2022-08-18 18:00:00.000,2022,8,18,18,15010KT,21,05
2022-08-18 19:00:00.000,2022,8,18,19,16010KT,22,05
2022-08-18 20:00:00.000,2022,8,18,20,26010KT,20,12
2022-08-18 21:00:00.000,2022,8,18,21,31010KT,19,12
2022-08-18 22:00:00.000,2022,8,18,22,28010KT,19,12
2022-08-18 23:00:00.000,2022,8,18,23,28008KT,18,12
2022-08-19 00:00:00.000,2022,8,19,0,30005KT,16,13
2022-08-19 00:21:00.000,2022,8,19,0,25003KT,15,13
2022-08-19 01:00:00.000,2022,8,19,1,29004KT,15,13
2022-08-19 02:00:00.000,2022,8,19,2,VRB02KT,14,12
2022-08-19 03:00:00.000,2022,8,19,3,VRB02KT,13,10
2022-08-19 04:00:00.000,2022,8,19,4,03003KT,11,09
2022-08-19 05:00:00.000,2022,8,19,5,VRB02KT,11,09
2022-08-19 06:00:00.000,2022,8,19,6,01003KT,09,08
2022-08-19 07:00:00.000,2022,8,19,7,00000KT,09,08
2022-08-19 08:00:00.000,2022,8,19,8,VRB02KT,08,07
2022-08-19 09:00:00.000,2022,8,19,9,05006KT,08,08
2022-08-19 10:00:00.000,2022,8,19,10,00000KT,09,08
2022-08-19 10:10:00.000,2022,8,19,10,02003KT,07,07
2022-08-19 10:32:00.000,2022,8,19,10,03004KT,08,07
2022-08-19 11:00:00.000,2022,8,19,11,VRB02KT,08,07
2022-08-19 11:16:00.000,2022,8,19,11,35003KT,07,07
2022-08-19 12:00:00.000,2022,8,19,12,04005KT,09,08
2022-08-19 13:00:00.000,2022,8,19,13,02005KT,11,10
2022-08-19 14:00:00.000,2022,8,19,14,03008KT,15,09
2022-08-19 14:30:00.000,2022,8,19,14,05008KT,17,08
2022-08-19 15:00:00.000,2022,8,19,15,08008KT,18,08
2022-08-19 16:00:00.000,2022,8,19,16,12010KT,20,06
2022-08-19 17:00:00.000,2022,8,19,17,14012G23KT,19,07
2022-08-19 18:00:00.000,2022,8,19,18,11009KT,19,07
2022-08-19 19:00:00.000,2022,8,19,19,10007KT,20,07
2022-08-19 20:00:00.000,2022,8,19,20,08004KT,19,06
2022-08-19 21:00:00.000,2022,8,19,21,08004KT,21,06
2022-08-19 22:00:00.000,2022,8,19,22,24007KT,18,11
2022-08-19 23:00:00.000,2022,8,19,23,29007KT,18,12
2022-08-20 00:00:00.000,2022,8,20,0,VRB02KT,15,12
2022-08-20 01:00:00.000,2022,8,20,1,32003KT,15,11
2022-08-20 02:00:00.000,2022,8,20,2,14007KT,14,07
2022-08-20 03:00:00.000,2022,8,20,3,VRB02KT,12,08
2022-08-20 04:00:00.000,2022,8,20,4,14005KT,13,08
2022-08-20 05:00:00.000,2022,8,20,5,18005KT,14,08
2022-08-20 05:29:00.000,2022,8,20,5,18008KT,12,09
2022-08-20 06:00:00.000,2022,8,20,6,17008KT,11,09
2022-08-20 07:00:00.000,2022,8,20,7,18008KT,11,07
2022-08-20 08:00:00.000,2022,8,20,8,13004KT,10,08
2022-08-20 09:00:00.000,2022,8,20,9,VRB02KT,09,08
2022-08-20 10:00:00.000,2022,8,20,10,VRB02KT,10,09
2022-08-20 10:30:00.000,2022,8,20,10,35004KT,09,08
2022-08-20 11:00:00.000,2022,8,20,11,35003KT,09,08
2022-08-20 12:00:00.000,2022,8,20,12,06004KT,11,10
2022-08-20 13:00:00.000,2022,8,20,13,11003KT,13,09
2022-08-20 14:00:00.000,2022,8,20,14,16012KT,15,09
2022-08-20 15:00:00.000,2022,8,20,15,15010KT,16,10
2022-08-20 16:00:00.000,2022,8,20,16,14010KT,16,10
2022-08-20 17:00:00.000,2022,8,20,17,16010KT,16,09
2022-08-20 18:00:00.000,2022,8,20,18,VRB05KT,17,10
2022-08-20 19:00:00.000,2022,8,20,19,18011KT,17,09
2022-08-20 20:00:00.000,2022,8,20,20,14010KT,17,09
2022-08-20 21:00:00.000,2022,8,20,21,23012KT,14,10
2022-08-20 22:00:00.000,2022,8,20,22,24010KT,12,10
2022-08-20 23:00:00.000,2022,8,20,23,26005KT,12,10
2022-08-21 00:00:00.000,2022,8,21,0,05004KT,11,10
2022-08-21 01:00:00.000,2022,8,21,1,VRB02KT,10,10
2022-08-21 02:00:00.000,2022,8,21,2,VRB02KT,10,08
2022-08-21 03:00:00.000,2022,8,21,3,03004KT,10,09
2022-08-21 04:00:00.000,2022,8,21,4,VRB02KT,10,08
2022-08-21 05:00:00.000,2022,8,21,5,03004KT,09,08
2022-08-21 06:00:00.000,2022,8,21,6,VRB02KT,09,08
2022-08-21 07:00:00.000,2022,8,21,7,05003KT,10,09
2022-08-21 08:00:00.000,2022,8,21,8,VRB02KT,10,09
2022-08-21 09:00:00.000,2022,8,21,9,28003KT,09,08
2022-08-21 10:00:00.000,2022,8,21,10,VRB02KT,10,08
2022-08-21 10:31:00.000,2022,8,21,10,19004KT,10,08
2022-08-21 11:00:00.000,2022,8,21,11,15004KT,10,08
2022-08-21 12:00:00.000,2022,8,21,12,01003KT,10,09
2022-08-21 13:00:00.000,2022,8,21,13,05004KT,12,10
2022-08-21 14:00:00.000,2022,8,21,14,04006KT,12,10
2022-08-21 15:00:00.000,2022,8,21,15,04006KT,15,10
2022-08-21 16:00:00.000,2022,8,21,16,15010KT,16,08
2022-08-21 17:00:00.000,2022,8,21,17,16014KT,18,08
2022-08-21 18:00:00.000,2022,8,21,18,16008KT,19,09
2022-08-21 19:00:00.000,2022,8,21,19,17007KT,18,08
2022-08-21 20:00:00.000,2022,8,21,20,16009KT,18,08
2022-08-21 21:00:00.000,2022,8,21,21,17005KT,18,08
2022-08-21 22:00:00.000,2022,8,21,22,31006KT,16,12
2022-08-21 23:00:00.000,2022,8,21,23,35003KT,14,12
2022-08-22 00:00:00.000,2022,8,22,0,VRB02KT,14,12
2022-08-22 01:00:00.000,2022,8,22,1,VRB02KT,13,11
2022-08-22 02:00:00.000,2022,8,22,2,VRB02KT,13,09
2022-08-22 03:00:00.000,2022,8,22,3,29003KT,13,10
2022-08-22 04:00:00.000,2022,8,22,4,VRB02KT,12,09
2022-08-22 05:00:00.000,2022,8,22,5,VRB02KT,12,09
2022-08-22 06:00:00.000,2022,8,22,6,28004KT,12,10
2022-08-22 07:00:00.000,2022,8,22,7,VRB02KT,12,10
2022-08-22 08:00:00.000,2022,8,22,8,VRB02KT,11,10
2022-08-22 09:00:00.000,2022,8,22,9,VRB02KT,12,10
2022-08-22 10:00:00.000,2022,8,22,10,VRB02KT,11,10
2022-08-22 10:29:00.000,2022,8,22,10,VRB02KT,11,10
2022-08-22 11:00:00.000,2022,8,22,11,VRB02KT,11,10
2022-08-22 12:00:00.000,2022,8,22,12,VRB02KT,11,10
2022-08-22 13:00:00.000,2022,8,22,13,VRB02KT,13,10
2022-08-22 14:00:00.000,2022,8,22,14,VRB02KT,15,10
2022-08-22 15:00:00.000,2022,8,22,15,16011KT,16,08
2022-08-22 16:00:00.000,2022,8,22,16,16013KT,16,08
2022-08-22 17:00:00.000,2022,8,22,17,17011KT,17,08
2022-08-22 18:00:00.000,2022,8,22,18,14008KT,16,07
2022-08-22 19:00:00.000,2022,8,22,19,14008KT,16,08
2022-08-22 20:00:00.000,2022,8,22,20,14010KT,16,08
2022-08-22 21:00:00.000,2022,8,22,21,15006KT,17,07
2022-08-22 22:00:00.000,2022,8,22,22,17012KT,15,07
2022-08-22 23:00:00.000,2022,8,22,23,17012KT,15,06
2022-08-23 00:00:00.000,2022,8,23,0,18006KT,13,06
2022-08-23 01:00:00.000,2022,8,23,1,14003KT,13,06
2022-08-23 02:00:00.000,2022,8,23,2,17005KT,11,07
2022-08-23 03:00:00.000,2022,8,23,3,19007KT,12,07
2022-08-23 04:00:00.000,2022,8,23,4,17007KT,12,07
2022-08-23 05:00:00.000,2022,8,23,5,00000KT,10,07
2022-08-23 06:00:00.000,2022,8,23,6,VRB02KT,11,07
2022-08-23 07:00:00.000,2022,8,23,7,VRB04KT,11,08
2022-08-23 08:00:00.000,2022,8,23,8,06003KT,09,07
2022-08-23 09:00:00.000,2022,8,23,9,07003KT,09,07
2022-08-23 10:00:00.000,2022,8,23,10,05003KT,08,06
2022-08-23 10:30:00.000,2022,8,23,10,05003KT,08,06
2022-08-23 11:00:00.000,2022,8,23,11,04003KT,08,06
2022-08-23 12:00:00.000,2022,8,23,12,07004KT,09,07
2022-08-23 13:00:00.000,2022,8,23,13,05006KT,12,07
2022-08-23 14:00:00.000,2022,8,23,14,06004KT,14,08
2022-08-23 15:00:00.000,2022,8,23,15,03006KT,16,08
2022-08-23 16:00:00.000,2022,8,23,16,16004KT,19,06
2022-08-23 17:00:00.000,2022,8,23,17,19008KT,19,06
2022-08-23 18:00:00.000,2022,8,23,18,31009KT,17,09
2022-08-23 19:00:00.000,2022,8,23,19,32008KT,16,11
2022-08-23 20:00:00.000,2022,8,23,20,27006KT,17,10
2022-08-23 21:00:00.000,2022,8,23,21,01004KT,15,10
2022-08-23 22:00:00.000,2022,8,23,22,29008KT,14,10
2022-08-23 23:00:00.000,2022,8,23,23,33004KT,13,10
2022-08-24 00:00:00.000,2022,8,24,0,04004KT,12,09
2022-08-24 01:00:00.000,2022,8,24,1,36004KT,10,09
2022-08-24 02:00:00.000,2022,8,24,2,VRB02KT,12,08
2022-08-24 03:00:00.000,2022,8,24,3,10004KT,13,08
2022-08-24 04:00:00.000,2022,8,24,4,34004KT,12,09
2022-08-24 05:00:00.000,2022,8,24,5,04005KT,12,09
2022-08-24 06:00:00.000,2022,8,24,6,03003KT,11,09
2022-08-24 07:00:00.000,2022,8,24,7,01003KT,11,09
2022-08-24 08:00:00.000,2022,8,24,8,VRB02KT,10,08
2022-08-24 09:00:00.000,2022,8,24,9,04003KT,09,07
2022-08-24 10:00:00.000,2022,8,24,10,03003KT,08,06
2022-08-24 10:30:00.000,2022,8,24,10,VRB02KT,08,06
2022-08-24 11:00:00.000,2022,8,24,11,33003KT,08,07
2022-08-24 12:00:00.000,2022,8,24,12,08003KT,10,06
2022-08-24 12:15:00.000,2022,8,24,12,VRB02KT,12,06
2022-08-24 13:00:00.000,2022,8,24,13,12003KT,14,06
2022-08-24 14:00:00.000,2022,8,24,14,16009KT,16,05
2022-08-24 15:00:00.000,2022,8,24,15,19008KT,17,06
2022-08-24 16:00:00.000,2022,8,24,16,16012KT,18,07
2022-08-24 17:00:00.000,2022,8,24,17,20009KT,18,06
2022-08-24 18:00:00.000,2022,8,24,18,17010G20KT,18,07
2022-08-24 19:00:00.000,2022,8,24,19,16010KT,18,08
2022-08-24 20:00:00.000,2022,8,24,20,15012KT,17,07
2022-08-24 21:00:00.000,2022,8,24,21,13010KT,17,07
2022-08-24 22:00:00.000,2022,8,24,22,12008KT,17,07
2022-08-24 23:00:00.000,2022,8,24,23,13006KT,16,08
2022-08-25 00:00:00.000,2022,8,25,0,13004KT,15,08
2022-08-25 02:00:00.000,2022,8,25,2,16008KT,13,08
2022-08-25 03:00:00.000,2022,8,25,3,VRB04KT,13,09
2022-08-25 04:00:00.000,2022,8,25,4,02004KT,12,09
2022-08-25 05:00:00.000,2022,8,25,5,02004KT,12,09
2022-08-25 06:00:00.000,2022,8,25,6,VRB02KT,12,09
2022-08-25 07:00:00.000,2022,8,25,7,VRB03KT,12,08
2022-08-25 08:00:00.000,2022,8,25,8,VRB02KT,11,08
2022-08-25 09:00:00.000,2022,8,25,9,VRB02KT,10,08
2022-08-25 10:00:00.000,2022,8,25,10,19007KT,12,07
2022-08-25 11:00:00.000,2022,8,25,11,15005KT,12,07
2022-08-25 12:00:00.000,2022,8,25,12,11004KT,12,06
2022-08-25 13:00:00.000,2022,8,25,13,17004KT,14,07
2022-08-25 14:00:00.000,2022,8,25,14,03003KT,15,07
2022-08-25 15:00:00.000,2022,8,25,15,04006KT,15,07
2022-08-25 16:00:00.000,2022,8,25,16,02007KT,15,09
2022-08-25 17:00:00.000,2022,8,25,17,05005KT,17,09
2022-08-25 18:00:00.000,2022,8,25,18,VRB02KT,17,09
2022-08-25 19:00:00.000,2022,8,25,19,VRB03KT,17,09
2022-08-25 20:00:00.000,2022,8,25,20,34005KT,18,09
2022-08-25 21:00:00.000,2022,8,25,21,29007KT,17,09
2022-08-25 22:00:00.000,2022,8,25,22,28009KT,16,09
2022-08-25 23:00:00.000,2022,8,25,23,26005KT,15,09
2022-08-26 00:00:00.000,2022,8,26,0,31004KT,13,09
2022-08-26 01:00:00.000,2022,8,26,1,VRB02KT,12,09
2022-08-26 02:00:00.000,2022,8,26,2,35004KT,12,08
2022-08-26 03:00:00.000,2022,8,26,3,00000KT,12,08
2022-08-26 04:00:00.000,2022,8,26,4,03003KT,12,08
2022-08-26 05:00:00.000,2022,8,26,5,VRB02KT,11,08
2022-08-26 06:00:00.000,2022,8,26,6,03003KT,11,08
2022-08-26 07:00:00.000,2022,8,26,7,VRB02KT,10,08
2022-08-26 08:00:00.000,2022,8,26,8,VRB02KT,10,08
2022-08-26 09:00:00.000,2022,8,26,9,05004KT,08,07
2022-08-26 10:00:00.000,2022,8,26,10,VRB02KT,09,08
2022-08-26 10:30:00.000,2022,8,26,10,03004KT,10,08
2022-08-26 11:00:00.000,2022,8,26,11,32006KT,09,08
2022-08-26 12:00:00.000,2022,8,26,12,35003KT,10,09
2022-08-26 12:20:00.000,2022,8,26,12,05005KT,12,09
2022-08-26 13:00:00.000,2022,8,26,13,02004KT,13,09
2022-08-26 14:00:00.000,2022,8,26,14,01004KT,15,10
2022-08-26 15:00:00.000,2022,8,26,15,11003KT,16,09
2022-08-26 16:00:00.000,2022,8,26,16,33003KT,17,09
2022-08-26 17:00:00.000,2022,8,26,17,30009KT,18,11
2022-08-26 18:00:00.000,2022,8,26,18,27009KT,17,11
2022-08-26 19:00:00.000,2022,8,26,19,28007KT,17,11
2022-08-26 19:25:00.000,2022,8,26,19,VRB04KT,12,10
2022-08-26 20:00:00.000,2022,8,26,20,VRB06KT,13,10
2022-08-26 20:16:00.000,2022,8,26,20,30010KT,15,12
2022-08-26 21:00:00.000,2022,8,26,21,32010KT,13,12
2022-08-26 21:11:00.000,2022,8,26,21,30010KT,13,11
2022-08-26 22:00:00.000,2022,8,26,22,32007KT,14,11
2022-08-26 23:00:00.000,2022,8,26,23,VRB02KT,13,11
2022-08-27 00:00:00.000,2022,8,27,0,02003KT,11,11
2022-08-27 01:00:00.000,2022,8,27,1,34005KT,10,09
2022-08-27 02:00:00.000,2022,8,27,2,VRB02KT,10,09
2022-08-27 03:00:00.000,2022,8,27,3,VRB02KT,10,09
2022-08-27 04:00:00.000,2022,8,27,4,04004KT,09,09
2022-08-27 05:00:00.000,2022,8,27,5,02003KT,10,10
2022-08-27 06:00:00.000,2022,8,27,6,00000KT,08,08
2022-08-27 07:00:00.000,2022,8,27,7,04004KT,08,07
2022-08-27 08:00:00.000,2022,8,27,8,30004KT,09,09
2022-08-27 09:00:00.000,2022,8,27,9,VRB02KT,08,08
2022-08-27 10:00:00.000,2022,8,27,10,24004KT,09,08
2022-08-27 10:31:00.000,2022,8,27,10,00000KT,08,07
2022-08-27 11:00:00.000,2022,8,27,11,00000KT,07,06
2022-08-27 12:00:00.000,2022,8,27,12,VRB02KT,07,07
2022-08-27 13:00:00.000,2022,8,27,13,VRB02KT,12,11
2022-08-27 14:00:00.000,2022,8,27,14,04004KT,13,10
2022-08-27 15:00:00.000,2022,8,27,15,14004KT,15,08
2022-08-27 16:00:00.000,2022,8,27,16,14003KT,17,08
2022-08-27 17:00:00.000,2022,8,27,17,22005KT,18,09
2022-08-27 18:00:00.000,2022,8,27,18,19005KT,19,09
2022-08-27 19:00:00.000,2022,8,27,19,27005KT,19,08
2022-08-27 20:00:00.000,2022,8,27,20,24007KT,18,10
2022-08-27 21:00:00.000,2022,8,27,21,34008KT,16,12
2022-08-27 22:00:00.000,2022,8,27,22,30008KT,15,12
2022-08-27 23:00:00.000,2022,8,27,23,27006KT,15,11
2022-08-28 00:00:00.000,2022,8,28,0,VRB02KT,14,11
2022-08-28 01:00:00.000,2022,8,28,1,VRB02KT,11,10
2022-08-28 02:00:00.000,2022,8,28,2,VRB02KT,12,11
2022-08-28 03:00:00.000,2022,8,28,3,VRB02KT,13,10
2022-08-28 04:00:00.000,2022,8,28,4,34003KT,12,10
2022-08-28 05:00:00.000,2022,8,28,5,18006KT,13,08
2022-08-28 06:00:00.000,2022,8,28,6,15004KT,13,08
2022-08-28 07:00:00.000,2022,8,28,7,19005KT,12,08
2022-08-28 08:00:00.000,2022,8,28,8,VRB02KT,12,08
2022-08-28 09:00:00.000,2022,8,28,9,VRB02KT,11,09
2022-08-28 10:00:00.000,2022,8,28,10,VRB02KT,13,08
2022-08-28 10:30:00.000,2022,8,28,10,VRB02KT,10,09
2022-08-28 11:00:00.000,2022,8,28,11,36004KT,09,08
2022-08-28 12:00:00.000,2022,8,28,12,VRB02KT,10,08
2022-08-28 13:00:00.000,2022,8,28,13,33003KT,13,10
2022-08-28 14:00:00.000,2022,8,28,14,03004KT,15,09
2022-08-28 15:00:00.000,2022,8,28,15,01004KT,16,08
2022-08-28 16:00:00.000,2022,8,28,16,02005KT,16,09
2022-08-28 17:00:00.000,2022,8,28,17,35004KT,18,08
2022-08-28 18:00:00.000,2022,8,28,18,20008KT,19,06
2022-08-28 19:00:00.000,2022,8,28,19,30010KT,16,11
2022-08-28 19:19:00.000,2022,8,28,19,30008KT,15,12
2022-08-28 20:00:00.000,2022,8,28,20,24004KT,15,12
2022-08-28 21:00:00.000,2022,8,28,21,15006KT,17,08
2022-08-28 22:00:00.000,2022,8,28,22,18014KT,18,08
2022-08-28 23:00:00.000,2022,8,28,23,16012KT,16,07
2022-08-29 00:00:00.000,2022,8,29,0,18008KT,15,07
2022-08-29 01:00:00.000,2022,8,29,1,15008KT,15,08
2022-08-29 02:00:00.000,2022,8,29,2,16006KT,14,08
2022-08-29 03:00:00.000,2022,8,29,3,18006KT,14,08
2022-08-29 04:00:00.000,2022,8,29,4,14004KT,13,08
2022-08-29 05:00:00.000,2022,8,29,5,09004KT,13,09
2022-08-29 05:28:00.000,2022,8,29,5,VRB01KT,12,09
2022-08-29 05:33:00.000,2022,8,29,5,VRB02KT,12,09
2022-08-29 06:00:00.000,2022,8,29,6,17004KT,12,09
2022-08-29 07:00:00.000,2022,8,29,7,00000KT,11,09
2022-08-29 08:00:00.000,2022,8,29,8,00000KT,11,10
2022-08-29 09:00:00.000,2022,8,29,9,35003KT,11,09
2022-08-29 10:00:00.000,2022,8,29,10,VRB02KT,11,10
2022-08-29 10:31:00.000,2022,8,29,10,34003KT,11,09
2022-08-29 11:00:00.000,2022,8,29,11,30003KT,11,09
2022-08-29 12:00:00.000,2022,8,29,12,30003KT,12,10
2022-08-29 13:00:00.000,2022,8,29,13,VRB02KT,13,10
2022-08-29 14:00:00.000,2022,8,29,14,VRB02KT,15,10
2022-08-29 15:00:00.000,2022,8,29,15,21003KT,15,09
2022-08-29 16:00:00.000,2022,8,29,16,17007KT,16,08
2022-08-29 17:00:00.000,2022,8,29,17,04003KT,16,09
2022-08-29 18:00:00.000,2022,8,29,18,29012KT,14,11
2022-08-29 19:00:00.000,2022,8,29,19,31007KT,13,12
2022-08-29 20:00:00.000,2022,8,29,20,26008KT,13,11
2022-08-29 21:00:00.000,2022,8,29,21,25008KT,14,11
2022-08-29 22:00:00.000,2022,8,29,22,20008KT,14,07
2022-08-29 23:00:00.000,2022,8,29,23,VRB02KT,13,07
2022-08-30 00:00:00.000,2022,8,30,0,VRB02KT,11,10
2022-08-30 01:00:00.000,2022,8,30,1,VRB02KT,10,07
2022-08-30 02:00:00.000,2022,8,30,2,VRB02KT,10,08
2022-08-30 03:00:00.000,2022,8,30,3,35003KT,10,08
2022-08-30 04:00:00.000,2022,8,30,4,VRB02KT,11,09
2022-08-30 05:00:00.000,2022,8,30,5,VRB03KT,11,09
2022-08-30 06:00:00.000,2022,8,30,6,VRB02KT,11,09
2022-08-30 07:00:00.000,2022,8,30,7,18005KT,12,08
2022-08-30 08:00:00.000,2022,8,30,8,VRB02KT,10,09
2022-08-30 09:00:00.000,2022,8,30,9,VRB02KT,09,08
2022-08-30 10:00:00.000,2022,8,30,10,03004KT,09,08
2022-08-30 10:30:00.000,2022,8,30,10,06004KT,08,07
2022-08-30 11:00:00.000,2022,8,30,11,VRB02KT,08,07
2022-08-30 12:00:00.000,2022,8,30,12,04004KT,10,08
2022-08-30 13:00:00.000,2022,8,30,13,04004KT,13,09
2022-08-30 13:55:00.000,2022,8,30,13,03004KT,14,09
2022-08-30 14:00:00.000,2022,8,30,14,05004KT,14,09
2022-08-30 14:55:00.000,2022,8,30,14,VRB01KT,16,07
2022-08-30 15:00:00.000,2022,8,30,15,VRB01KT,16,07
2022-08-30 16:00:00.000,2022,8,30,16,14008KT,18,07
2022-08-30 17:00:00.000,2022,8,30,17,18006KT,18,07
2022-08-30 17:15:00.000,2022,8,30,17,15009KT,18,08
2022-08-30 18:00:00.000,2022,8,30,18,14008KT,19,07
2022-08-30 19:00:00.000,2022,8,30,19,18007KT,19,08
2022-08-30 20:00:00.000,2022,8,30,20,32009KT,16,11
2022-08-30 21:00:00.000,2022,8,30,21,33007KT,17,10
2022-08-30 22:00:00.000,2022,8,30,22,25005KT,17,10
2022-08-30 23:00:00.000,2022,8,30,23,VRB02KT,16,10
2022-08-31 00:00:00.000,2022,8,31,0,25006KT,14,12
2022-08-31 01:00:00.000,2022,8,31,1,VRB04KT,14,12
2022-08-31 02:00:00.000,2022,8,31,2,VRB02KT,12,11
2022-08-31 03:00:00.000,2022,8,31,3,34003KT,11,10
2022-08-31 04:00:00.000,2022,8,31,4,36003KT,11,11
2022-08-31 05:00:00.000,2022,8,31,5,05004KT,11,09
2022-08-31 06:00:00.000,2022,8,31,6,03003KT,11,10
2022-08-31 07:00:00.000,2022,8,31,7,VRB02KT,11,10
2022-08-31 08:00:00.000,2022,8,31,8,35004KT,11,09
2022-08-31 09:00:00.000,2022,8,31,9,01003KT,11,09
2022-08-31 10:00:00.000,2022,8,31,10,04003KT,11,09
2022-08-31 10:30:00.000,2022,8,31,10,03003KT,11,09
2022-08-31 11:00:00.000,2022,8,31,11,05003KT,11,09
2022-08-31 12:00:00.000,2022,8,31,12,04005KT,12,09
2022-08-31 13:00:00.000,2022,8,31,13,05005KT,14,10
2022-08-31 14:00:00.000,2022,8,31,14,11006KT,17,10
2022-08-31 15:00:00.000,2022,8,31,15,02005KT,17,09
2022-08-31 16:00:00.000,2022,8,31,16,VRB04KT,18,10
2022-08-31 17:00:00.000,2022,8,31,17,21006KT,18,09
2022-08-31 18:00:00.000,2022,8,31,18,32008KT,15,12
2022-08-31 19:00:00.000,2022,8,31,19,31010KT,16,12
2022-08-31 20:00:00.000,2022,8,31,20,29007KT,15,12
2022-08-31 21:00:00.000,2022,8,31,21,27007KT,15,12
2022-08-31 22:00:00.000,2022,8,31,22,27006KT,14,11
2022-08-31 23:00:00.000,2022,8,31,23,24006KT,14,11
2022-09-01 00:00:00.000,2022,9,1,0,24004KT,14,11
2022-09-01 01:00:00.000,2022,9,1,1,25003KT,13,11
2022-09-01 02:00:00.000,2022,9,1,2,21003KT,13,11
2022-09-01 03:00:00.000,2022,9,1,3,26003KT,13,10
2022-09-01 04:00:00.000,2022,9,1,4,27003KT,13,10
2022-09-01 05:00:00.000,2022,9,1,5,VRB03KT,12,10
2022-09-01 06:00:00.000,2022,9,1,6,VRB02KT,12,10
2022-09-01 07:00:00.000,2022,9,1,7,12001KT,12,11
2022-09-01 08:00:00.000,2022,9,1,8,VRB02KT,10,10
2022-09-01 09:00:00.000,2022,9,1,9,VRB02KT,11,10
2022-09-01 10:00:00.000,2022,9,1,10,VRB02KT,10,10
2022-09-01 10:29:00.000,2022,9,1,10,VRB02KT,11,10
2022-09-01 11:00:00.000,2022,9,1,11,VRB02KT,11,10
2022-09-01 12:00:00.000,2022,9,1,12,35003KT,12,11
2022-09-01 13:00:00.000,2022,9,1,13,VRB02KT,13,11
2022-09-01 14:00:00.000,2022,9,1,14,VRB02KT,14,10
2022-09-01 14:31:00.000,2022,9,1,14,VRB02KT,16,10
2022-09-01 15:00:00.000,2022,9,1,15,VRB02KT,17,10
2022-09-01 16:00:00.000,2022,9,1,16,31006KT,18,11
2022-09-01 17:00:00.000,2022,9,1,17,VRB04KT,19,10
2022-09-01 18:00:00.000,2022,9,1,18,15005KT,19,10
2022-09-01 19:00:00.000,2022,9,1,19,26008KT,18,12
2022-09-01 20:00:00.000,2022,9,1,20,29010KT,17,12
2022-09-01 21:00:00.000,2022,9,1,21,24010KT,16,12
2022-09-01 22:00:00.000,2022,9,1,22,23006KT,15,12
2022-09-01 22:37:00.000,2022,9,1,22,VRB05KT,30,23
2022-09-01 23:00:00.000,2022,9,1,23,25006KT,14,12
2022-09-02 00:00:00.000,2022,9,2,0,34004KT,13,12
2022-09-02 01:00:00.000,2022,9,2,1,VRB02KT,12,11
2022-09-02 02:00:00.000,2022,9,2,2,36003KT,12,11
2022-09-02 03:00:00.000,2022,9,2,3,36003KT,12,10
2022-09-02 04:00:00.000,2022,9,2,4,00000KT,11,10
2022-09-02 05:00:00.000,2022,9,2,5,02003KT,11,10
2022-09-02 06:00:00.000,2022,9,2,6,VRB02KT,11,10
2022-09-02 07:00:00.000,2022,9,2,7,14004KT,11,11
2022-09-02 08:00:00.000,2022,9,2,8,VRB02KT,11,10
2022-09-02 09:00:00.000,2022,9,2,9,VRB02KT,11,11
2022-09-02 10:00:00.000,2022,9,2,10,VRB02KT,11,10
2022-09-02 10:31:00.000,2022,9,2,10,VRB02KT,11,10
2022-09-02 11:00:00.000,2022,9,2,11,VRB02KT,11,10
2022-09-02 12:00:00.000,2022,9,2,12,04003KT,11,11
2022-09-02 13:00:00.000,2022,9,2,13,05003KT,14,11
2022-09-02 14:00:00.000,2022,9,2,14,01003KT,15,10
2022-09-02 14:30:00.000,2022,9,2,14,VRB03KT,17,11
2022-09-02 15:00:00.000,2022,9,2,15,36003KT,17,11
2022-09-02 16:00:00.000,2022,9,2,16,04004KT,17,10
2022-09-02 16:09:00.000,2022,9,2,16,20010KT,15,12
2022-09-02 16:31:00.000,2022,9,2,16,21007KT,16,13
2022-09-02 17:00:00.000,2022,9,2,17,23010KT,15,12
2022-09-02 18:00:00.000,2022,9,2,18,25005KT,15,12
2022-09-02 19:00:00.000,2022,9,2,19,28006KT,17,13
2022-09-02 20:00:00.000,2022,9,2,20,29006KT,17,12
2022-09-02 21:00:00.000,2022,9,2,21,25009KT,15,13
2022-09-02 22:00:00.000,2022,9,2,22,26006KT,14,12
2022-09-02 23:00:00.000,2022,9,2,23,33003KT,13,12
2022-09-03 00:00:00.000,2022,9,3,0,VRB02KT,12,11
2022-09-03 01:00:00.000,2022,9,3,1,VRB02KT,12,11
2022-09-03 02:00:00.000,2022,9,3,2,VRB02KT,12,11
2022-09-03 03:00:00.000,2022,9,3,3,00000KT,12,11
2022-09-03 04:00:00.000,2022,9,3,4,VRB02KT,12,11
2022-09-03 05:00:00.000,2022,9,3,5,32004KT,11,10
2022-09-03 06:00:00.000,2022,9,3,6,VRB02KT,09,09
2022-09-03 07:00:00.000,2022,9,3,7,VRB02KT,10,10
2022-09-03 08:00:00.000,2022,9,3,8,VRB02KT,11,10
2022-09-03 09:00:00.000,2022,9,3,9,VRB02KT,10,10
2022-09-03 10:00:00.000,2022,9,3,10,VRB02KT,10,10
2022-09-03 10:31:00.000,2022,9,3,10,04004KT,10,10
2022-09-03 11:00:00.000,2022,9,3,11,34004KT,10,09
2022-09-03 12:00:00.000,2022,9,3,12,06003KT,11,10
2022-09-03 13:00:00.000,2022,9,3,13,00000KT,13,10
2022-09-03 13:19:00.000,2022,9,3,13,05003KT,15,10
2022-09-03 14:00:00.000,2022,9,3,14,11003KT,16,10
2022-09-03 15:00:00.000,2022,9,3,15,14006KT,18,09
2022-09-03 16:00:00.000,2022,9,3,16,12005KT,19,09
2022-09-03 17:00:00.000,2022,9,3,17,22010KT,18,10
2022-09-03 18:00:00.000,2022,9,3,18,25009KT,17,12
2022-09-03 19:00:00.000,2022,9,3,19,23010KT,17,12
2022-09-03 20:00:00.000,2022,9,3,20,22005KT,15,12
2022-09-03 20:09:00.000,2022,9,3,20,21005KT,15,12
2022-09-03 21:00:00.000,2022,9,3,21,14011KT,13,11
2022-09-03 22:00:00.000,2022,9,3,22,18007KT,13,10
2022-09-03 23:00:00.000,2022,9,3,23,17010KT,13,09
2022-09-04 00:00:00.000,2022,9,4,0,07003KT,13,10
2022-09-04 01:00:00.000,2022,9,4,1,20005KT,12,09
2022-09-04 02:00:00.000,2022,9,4,2,VRB02KT,10,09
2022-09-04 03:00:00.000,2022,9,4,3,18005KT,13,08
2022-09-04 04:00:00.000,2022,9,4,4,15004KT,12,08
2022-09-04 05:00:00.000,2022,9,4,5,17005KT,12,08
2022-09-04 06:00:00.000,2022,9,4,6,25003KT,12,09
2022-09-04 07:00:00.000,2022,9,4,7,VRB02KT,11,08
2022-09-04 08:00:00.000,2022,9,4,8,14008KT,12,08
2022-09-04 09:00:00.000,2022,9,4,9,07003KT,11,09
2022-09-04 10:00:00.000,2022,9,4,10,18006KT,12,09
2022-09-04 10:30:00.000,2022,9,4,10,15007KT,12,09
2022-09-04 11:00:00.000,2022,9,4,11,16007KT,12,09
2022-09-04 11:30:00.000,2022,9,4,11,15008KT,12,09
2022-09-04 12:00:00.000,2022,9,4,12,15009KT,12,09
2022-09-04 13:00:00.000,2022,9,4,13,13004KT,12,09
2022-09-04 14:00:00.000,2022,9,4,14,16004KT,13,09
2022-09-04 15:00:00.000,2022,9,4,15,12003KT,13,09
2022-09-04 16:00:00.000,2022,9,4,16,14012KT,14,09
2022-09-04 17:00:00.000,2022,9,4,17,16015KT,14,09
2022-09-04 18:00:00.000,2022,9,4,18,16013KT,15,09
2022-09-04 19:00:00.000,2022,9,4,19,16020KT,16,09
2022-09-04 20:00:00.000,2022,9,4,20,16017KT,15,09
2022-09-04 21:00:00.000,2022,9,4,21,14014KT,14,08
2022-09-04 22:00:00.000,2022,9,4,22,18016KT,14,08
2022-09-04 23:00:00.000,2022,9,4,23,15010KT,13,08
2022-09-05 00:00:00.000,2022,9,5,0,08005KT,12,08
2022-09-05 01:00:00.000,2022,9,5,1,35004KT,11,08
2022-09-05 02:00:00.000,2022,9,5,2,VRB02KT,11,08
2022-09-05 03:00:00.000,2022,9,5,3,VRB02KT,10,08
2022-09-05 04:00:00.000,2022,9,5,4,05003KT,10,08
2022-09-05 05:00:00.000,2022,9,5,5,04004KT,10,08
2022-09-05 06:00:00.000,2022,9,5,6,16003KT,09,08
2022-09-05 07:00:00.000,2022,9,5,7,04004KT,10,08
2022-09-05 08:00:00.000,2022,9,5,8,VRB02KT,09,08
2022-09-05 09:00:00.000,2022,9,5,9,VRB02KT,09,07
2022-09-05 10:00:00.000,2022,9,5,10,VRB02KT,08,07
2022-09-05 10:31:00.000,2022,9,5,10,VRB02KT,09,08
2022-09-05 11:00:00.000,2022,9,5,11,VRB02KT,10,09
2022-09-05 12:00:00.000,2022,9,5,12,07004KT,09,08
2022-09-05 12:32:00.000,2022,9,5,12,11004KT,12,09
2022-09-05 13:00:00.000,2022,9,5,13,08004KT,13,09
2022-09-05 14:00:00.000,2022,9,5,14,VRB02KT,14,09
2022-09-05 15:00:00.000,2022,9,5,15,17016KT,16,10
2022-09-05 16:00:00.000,2022,9,5,16,17012KT,17,10
2022-09-05 17:00:00.000,2022,9,5,17,16012KT,17,10
2022-09-05 18:00:00.000,2022,9,5,18,17013KT,17,10
2022-09-05 19:00:00.000,2022,9,5,19,17012KT,18,11
2022-09-05 20:00:00.000,2022,9,5,20,18014KT,17,09
2022-09-05 21:00:00.000,2022,9,5,21,15010KT,17,09
2022-09-05 22:00:00.000,2022,9,5,22,17010KT,17,09
2022-09-05 23:00:00.000,2022,9,5,23,12006KT,16,09
2022-09-06 00:00:00.000,2022,9,6,0,15008KT,14,08
2022-09-06 01:00:00.000,2022,9,6,1,10005KT,14,09
2022-09-06 02:00:00.000,2022,9,6,2,04006KT,14,10
2022-09-06 03:00:00.000,2022,9,6,3,10003KT,14,09
2022-09-06 04:00:00.000,2022,9,6,4,11003KT,14,09
2022-09-06 05:00:00.000,2022,9,6,5,10003KT,14,09
2022-09-06 06:00:00.000,2022,9,6,6,12003KT,12,10
2022-09-06 07:00:00.000,2022,9,6,7,12004KT,12,10
2022-09-06 08:00:00.000,2022,9,6,8,15003KT,11,09
2022-09-06 09:00:00.000,2022,9,6,9,12003KT,13,09
2022-09-06 10:00:00.000,2022,9,6,10,VRB04KT,12,10
2022-09-06 10:30:00.000,2022,9,6,10,VRB02KT,12,09
2022-09-06 11:00:00.000,2022,9,6,11,09003KT,12,09
2022-09-06 12:00:00.000,2022,9,6,12,08004KT,13,09
2022-09-06 13:00:00.000,2022,9,6,13,13005KT,15,09
2022-09-06 14:00:00.000,2022,9,6,14,13007KT,17,08
2022-09-06 15:00:00.000,2022,9,6,15,13009KT,18,09
2022-09-06 16:00:00.000,2022,9,6,16,36010KT,18,08
2022-09-06 17:00:00.000,2022,9,6,17,12010G20KT,18,08
2022-09-06 18:00:00.000,2022,9,6,18,14014KT,18,08
2022-09-06 19:00:00.000,2022,9,6,19,14011KT,17,09
2022-09-06 20:00:00.000,2022,9,6,20,12007KT,17,07
2022-09-06 21:00:00.000,2022,9,6,21,14012KT,16,08
2022-09-06 22:00:00.000,2022,9,6,22,15006KT,15,08
2022-09-06 23:00:00.000,2022,9,6,23,01003KT,15,09
2022-09-07 00:00:00.000,2022,9,7,0,04005KT,14,10
2022-09-07 01:00:00.000,2022,9,7,1,14005KT,14,09
2022-09-07 02:00:00.000,2022,9,7,2,11004KT,14,09
2022-09-07 03:00:00.000,2022,9,7,3,09003KT,14,09
2022-09-07 04:00:00.000,2022,9,7,4,09004KT,14,09
2022-09-07 05:00:00.000,2022,9,7,5,12004KT,13,09
2022-09-07 06:00:00.000,2022,9,7,6,11003KT,13,09
2022-09-07 07:00:00.000,2022,9,7,7,07004KT,13,09
2022-09-07 08:00:00.000,2022,9,7,8,VRB02KT,11,09
2022-09-07 09:00:00.000,2022,9,7,9,04004KT,10,09
2022-09-07 10:00:00.000,2022,9,7,10,36004KT,10,09
2022-09-07 10:31:00.000,2022,9,7,10,01004KT,09,08
2022-09-07 11:00:00.000,2022,9,7,11,VRB02KT,10,08
2022-09-07 12:00:00.000,2022,9,7,12,35003KT,10,08
2022-09-07 12:31:00.000,2022,9,7,12,36002KT,12,09
2022-09-07 13:00:00.000,2022,9,7,13,35003KT,14,09
2022-09-07 13:23:00.000,2022,9,7,13,34003KT,15,09
2022-09-07 14:00:00.000,2022,9,7,14,VRB03KT,16,09
2022-09-07 15:00:00.000,2022,9,7,15,17006KT,18,08
2022-09-07 16:00:00.000,2022,9,7,16,15009KT,19,08
2022-09-07 17:00:00.000,2022,9,7,17,15011KT,19,07
2022-09-07 18:00:00.000,2022,9,7,18,13010KT,21,10
2022-09-07 19:00:00.000,2022,9,7,19,15012KT,20,09
2022-09-07 20:00:00.000,2022,9,7,20,VRB07KT,16,11
2022-09-07 21:00:00.000,2022,9,7,21,33006KT,16,12
2022-09-07 22:00:00.000,2022,9,7,22,35004KT,17,12
2022-09-07 23:00:00.000,2022,9,7,23,34006KT,15,11
2022-09-08 00:00:00.000,2022,9,8,0,34006KT,14,10
2022-09-08 01:00:00.000,2022,9,8,1,07005KT,14,08
2022-09-08 02:00:00.000,2022,9,8,2,18007KT,15,08
2022-09-08 03:00:00.000,2022,9,8,3,34004KT,10,08
2022-09-08 04:00:00.000,2022,9,8,4,04004KT,12,08
2022-09-08 05:00:00.000,2022,9,8,5,36004KT,10,08
2022-09-08 06:00:00.000,2022,9,8,6,01003KT,10,09
2022-09-08 07:00:00.000,2022,9,8,7,VRB02KT,10,09
2022-09-08 08:00:00.000,2022,9,8,8,36004KT,10,08
2022-09-08 09:00:00.000,2022,9,8,9,32003KT,10,09
2022-09-08 10:00:00.000,2022,9,8,10,VRB02KT,10,08
2022-09-08 10:29:00.000,2022,9,8,10,35003KT,08,07
2022-09-08 11:00:00.000,2022,9,8,11,36003KT,09,08
2022-09-08 12:00:00.000,2022,9,8,12,00000KT,11,09
2022-09-08 13:00:00.000,2022,9,8,13,01004KT,13,09
2022-09-08 14:00:00.000,2022,9,8,14,VRB04KT,16,09
2022-09-08 15:00:00.000,2022,9,8,15,07005KT,17,08
2022-09-08 16:00:00.000,2022,9,8,16,VRB07KT,19,08
2022-09-08 17:00:00.000,2022,9,8,17,17005KT,20,07
2022-09-08 18:00:00.000,2022,9,8,18,14005KT,20,09
2022-09-08 19:00:00.000,2022,9,8,19,14009KT,19,07
2022-09-08 20:00:00.000,2022,9,8,20,13007G17KT,19,08
2022-09-08 21:00:00.000,2022,9,8,21,16007KT,18,08
2022-09-08 22:00:00.000,2022,9,8,22,14005KT,18,07
2022-09-08 23:00:00.000,2022,9,8,23,09004KT,17,08
2022-09-09 00:00:00.000,2022,9,9,0,13004KT,15,08
2022-09-09 01:00:00.000,2022,9,9,1,34004KT,12,09
2022-09-09 02:00:00.000,2022,9,9,2,03004KT,12,09
2022-09-09 03:00:00.000,2022,9,9,3,06004KT,11,08
2022-09-09 04:00:00.000,2022,9,9,4,04006KT,11,08
2022-09-09 05:00:00.000,2022,9,9,5,06006KT,11,08
2022-09-09 06:00:00.000,2022,9,9,6,08003KT,10,08
2022-09-09 07:00:00.000,2022,9,9,7,VRB02KT,09,07
2022-09-09 08:00:00.000,2022,9,9,8,VRB02KT,09,07
2022-09-09 09:00:00.000,2022,9,9,9,VRB02KT,07,07
2022-09-09 10:00:00.000,2022,9,9,10,VRB02KT,08,07
2022-09-09 10:32:00.000,2022,9,9,10,VRB02KT,07,07
2022-09-09 11:00:00.000,2022,9,9,11,VRB02KT,07,07
2022-09-09 12:00:00.000,2022,9,9,12,VRB02KT,09,07
2022-09-09 13:00:00.000,2022,9,9,13,06004KT,12,09
2022-09-09 13:33:00.000,2022,9,9,13,VRB02KT,14,09
2022-09-09 14:00:00.000,2022,9,9,14,VRB02KT,15,09
2022-09-09 15:00:00.000,2022,9,9,15,VRB03KT,17,09
2022-09-09 16:00:00.000,2022,9,9,16,VRB04KT,17,09
2022-09-09 17:00:00.000,2022,9,9,17,12009KT,18,09
2022-09-09 18:00:00.000,2022,9,9,18,13007KT,16,08
2022-09-09 19:00:00.000,2022,9,9,19,15011KT,16,09
2022-09-09 20:00:00.000,2022,9,9,20,09006KT,16,09
2022-09-09 21:00:00.000,2022,9,9,21,11006KT,15,09
2022-09-09 22:00:00.000,2022,9,9,22,13009KT,15,09
2022-09-09 23:00:00.000,2022,9,9,23,11005KT,15,08
2022-09-10 00:00:00.000,2022,9,10,0,VRB02KT,12,07
2022-09-10 01:00:00.000,2022,9,10,1,35003KT,11,08
2022-09-10 02:00:00.000,2022,9,10,2,VRB02KT,11,07
2022-09-10 03:00:00.000,2022,9,10,3,08003KT,12,08
2022-09-10 04:00:00.000,2022,9,10,4,VRB02KT,10,08
2022-09-10 05:00:00.000,2022,9,10,5,32006KT,11,08
2022-09-10 06:00:00.000,2022,9,10,6,03004KT,11,08
2022-09-10 07:00:00.000,2022,9,10,7,02003KT,10,08
2022-09-10 08:00:00.000,2022,9,10,8,05004KT,09,07
2022-09-10 09:00:00.000,2022,9,10,9,04005KT,09,07
2022-09-10 10:00:00.000,2022,9,10,10,33004KT,08,07
2022-09-10 10:31:00.000,2022,9,10,10,36003KT,08,07
2022-09-10 11:00:00.000,2022,9,10,11,VRB02KT,08,07
2022-09-10 12:00:00.000,2022,9,10,12,VRB02KT,10,09
2022-09-10 12:25:00.000,2022,9,10,12,01003KT,12,10
2022-09-10 13:00:00.000,2022,9,10,13,01005KT,13,10
2022-09-10 14:00:00.000,2022,9,10,14,VRB02KT,15,11
2022-09-10 15:00:00.000,2022,9,10,15,07005KT,14,12
2022-09-10 16:00:00.000,2022,9,10,16,15006KT,17,10
2022-09-10 17:00:00.000,2022,9,10,17,12006KT,18,09
2022-09-10 18:00:00.000,2022,9,10,18,16016KT,18,09
2022-09-10 19:00:00.000,2022,9,10,19,15008KT,18,09
2022-09-10 20:00:00.000,2022,9,10,20,18010KT,18,10
2022-09-10 21:00:00.000,2022,9,10,21,14008KT,17,09
2022-09-10 22:00:00.000,2022,9,10,22,15011KT,15,09
2022-09-10 22:15:00.000,2022,9,10,22,13007KT,14,10
2022-09-10 23:00:00.000,2022,9,10,23,11006KT,15,09
2022-09-11 00:00:00.000,2022,9,11,0,16004KT,14,08
2022-09-11 01:00:00.000,2022,9,11,1,12006KT,14,09
2022-09-11 02:00:00.000,2022,9,11,2,11006KT,14,08
2022-09-11 03:00:00.000,2022,9,11,3,14010KT,13,08
2022-09-11 04:00:00.000,2022,9,11,4,13008KT,13,08
2022-09-11 05:00:00.000,2022,9,11,5,15005KT,11,07
2022-09-11 06:00:00.000,2022,9,11,6,35004KT,11,08
2022-09-11 07:00:00.000,2022,9,11,7,31003KT,11,08
2022-09-11 08:00:00.000,2022,9,11,8,03003KT,11,08
2022-09-11 09:00:00.000,2022,9,11,9,28004KT,10,09
2022-09-11 10:00:00.000,2022,9,11,10,05003KT,10,08
2022-09-11 10:32:00.000,2022,9,11,10,12003KT,10,08
2022-09-11 11:00:00.000,2022,9,11,11,VRB03KT,11,09
2022-09-11 12:00:00.000,2022,9,11,12,33004KT,12,09
2022-09-11 13:00:00.000,2022,9,11,13,31003KT,13,09
2022-09-11 14:00:00.000,2022,9,11,14,14011KT,16,06
2022-09-11 15:00:00.000,2022,9,11,15,14010KT,17,07
2022-09-11 16:00:00.000,2022,9,11,16,16008KT,17,06
2022-09-11 17:00:00.000,2022,9,11,17,17009KT,18,07
2022-09-11 18:00:00.000,2022,9,11,18,15009KT,19,08
2022-09-11 19:00:00.000,2022,9,11,19,15008KT,19,07
2022-09-11 20:00:00.000,2022,9,11,20,17009KT,17,06
2022-09-11 21:00:00.000,2022,9,11,21,12004KT,18,07
2022-09-11 22:00:00.000,2022,9,11,22,VRB05KT,18,06
2022-09-11 23:00:00.000,2022,9,11,23,06004KT,16,07
2022-09-12 00:00:00.000,2022,9,12,0,33005KT,13,08
2022-09-12 01:00:00.000,2022,9,12,1,32004KT,13,07
2022-09-12 02:00:00.000,2022,9,12,2,33003KT,11,07
2022-09-12 03:00:00.000,2022,9,12,3,VRB02KT,09,07
2022-09-12 04:00:00.000,2022,9,12,4,34004KT,08,07
2022-09-12 05:00:00.000,2022,9,12,5,06003KT,10,07
2022-09-12 06:00:00.000,2022,9,12,6,29003KT,08,06
2022-09-12 07:00:00.000,2022,9,12,7,35003KT,05,05
2022-09-12 08:00:00.000,2022,9,12,8,VRB02KT,07,06
2022-09-12 09:00:00.000,2022,9,12,9,31003KT,05,05
2022-09-12 10:00:00.000,2022,9,12,10,VRB02KT,06,06
2022-09-12 10:31:00.000,2022,9,12,10,08003KT,08,07
2022-09-12 11:00:00.000,2022,9,12,11,07003KT,07,06
2022-09-12 12:00:00.000,2022,9,12,12,36004KT,08,07
2022-09-12 13:00:00.000,2022,9,12,13,VRB02KT,10,08
2022-09-12 14:00:00.000,2022,9,12,14,05004KT,14,08
2022-09-12 15:00:00.000,2022,9,12,15,VRB02KT,17,10
2022-09-12 16:00:00.000,2022,9,12,16,VRB02KT,17,08
2022-09-12 17:00:00.000,2022,9,12,17,VRB04KT,19,08
2022-09-12 18:00:00.000,2022,9,12,18,VRB02KT,18,07
2022-09-12 19:00:00.000,2022,9,12,19,30012KT,18,12
2022-09-12 20:00:00.000,2022,9,12,20,29012KT,17,11
2022-09-12 20:30:00.000,2022,9,12,20,27010KT,16,11
2022-09-12 21:00:00.000,2022,9,12,21,29008KT,16,11
2022-09-12 21:17:00.000,2022,9,12,21,28005KT,16,11
2022-09-12 22:00:00.000,2022,9,12,22,28004KT,15,12
2022-09-12 23:00:00.000,2022,9,12,23,14004KT,14,12
2022-09-13 00:00:00.000,2022,9,13,0,13003KT,14,12
2022-09-13 00:28:00.000,2022,9,13,0,05005KT,14,11
2022-09-13 01:00:00.000,2022,9,13,1,07007KT,13,11
2022-09-13 02:00:00.000,2022,9,13,2,05005KT,12,11
2022-09-13 03:00:00.000,2022,9,13,3,35005KT,12,11
2022-09-13 04:00:00.000,2022,9,13,4,VRB02KT,11,11
2022-09-13 05:00:00.000,2022,9,13,5,35004KT,11,10
2022-09-13 06:00:00.000,2022,9,13,6,VRB02KT,11,11
2022-09-13 07:00:00.000,2022,9,13,7,33004KT,10,10
2022-09-13 08:00:00.000,2022,9,13,8,00000KT,10,10
2022-09-13 09:00:00.000,2022,9,13,9,34003KT,09,09
2022-09-13 10:00:00.000,2022,9,13,10,30003KT,09,09
2022-09-13 10:31:00.000,2022,9,13,10,VRB02KT,08,08
2022-09-13 11:00:00.000,2022,9,13,11,VRB02KT,09,08
2022-09-13 12:00:00.000,2022,9,13,12,VRB02KT,10,10
2022-09-13 13:00:00.000,2022,9,13,13,VRB02KT,13,11
2022-09-13 14:00:00.000,2022,9,13,14,34004KT,15,11
2022-09-13 15:00:00.000,2022,9,13,15,VRB02KT,15,09
2022-09-13 16:00:00.000,2022,9,13,16,VRB02KT,17,10
2022-09-13 17:00:00.000,2022,9,13,17,VRB02KT,19,11
2022-09-13 18:00:00.000,2022,9,13,18,15005KT,19,09
2022-09-13 19:00:00.000,2022,9,13,19,13011KT,18,08
2022-09-13 19:30:00.000,2022,9,13,19,14007KT,18,10
2022-09-13 20:00:00.000,2022,9,13,20,19005KT,19,09
2022-09-13 21:00:00.000,2022,9,13,21,33006KT,17,13
2022-09-13 22:00:00.000,2022,9,13,22,33007KT,16,12
2022-09-13 23:00:00.000,2022,9,13,23,28005KT,15,12
2022-09-13 23:04:00.000,2022,9,13,23,29008KT,15,12
2022-09-14 00:00:00.000,2022,9,14,0,23007KT,13,10
2022-09-14 01:00:00.000,2022,9,14,1,35004KT,12,10
2022-09-14 02:00:00.000,2022,9,14,2,34003KT,12,10
2022-09-14 03:00:00.000,2022,9,14,3,28003KT,12,10
2022-09-14 04:00:00.000,2022,9,14,4,34003KT,11,10
2022-09-14 05:00:00.000,2022,9,14,5,34003KT,11,10
2022-09-14 06:00:00.000,2022,9,14,6,VRB02KT,11,10
2022-09-14 07:00:00.000,2022,9,14,7,VRB02KT,10,10
2022-09-14 08:00:00.000,2022,9,14,8,VRB02KT,10,09
2022-09-14 09:00:00.000,2022,9,14,9,03005KT,09,08
2022-09-14 10:00:00.000,2022,9,14,10,VRB02KT,09,08
2022-09-14 10:30:00.000,2022,9,14,10,05004KT,10,09
2022-09-14 11:00:00.000,2022,9,14,11,VRB02KT,11,10
2022-09-14 12:00:00.000,2022,9,14,12,04005KT,12,10
2022-09-14 13:00:00.000,2022,9,14,13,03006KT,14,11
2022-09-14 14:00:00.000,2022,9,14,14,06005KT,15,10
2022-09-14 15:00:00.000,2022,9,14,15,12006KT,16,09
2022-09-14 15:10:00.000,2022,9,14,15,12007KT,17,09
2022-09-14 16:00:00.000,2022,9,14,16,11008KT,18,10
2022-09-14 17:00:00.000,2022,9,14,17,14010KT,18,09
2022-09-14 18:00:00.000,2022,9,14,18,13010KT,18,09
2022-09-14 19:00:00.000,2022,9,14,19,17008KT,18,09
2022-09-14 20:00:00.000,2022,9,14,20,12008KT,18,10
2022-09-14 21:00:00.000,2022,9,14,21,12004KT,19,09
2022-09-14 22:00:00.000,2022,9,14,22,28006KT,17,12
2022-09-14 23:00:00.000,2022,9,14,23,26006KT,15,12
2022-09-15 00:00:00.000,2022,9,15,0,33003KT,14,12
2022-09-15 01:00:00.000,2022,9,15,1,VRB02KT,13,11
2022-09-15 02:00:00.000,2022,9,15,2,VRB02KT,12,11
2022-09-15 03:00:00.000,2022,9,15,3,VRB02KT,12,12
2022-09-15 04:00:00.000,2022,9,15,4,32004KT,13,11
2022-09-15 05:00:00.000,2022,9,15,5,VRB02KT,12,12
2022-09-15 06:00:00.000,2022,9,15,6,VRB02KT,11,10
2022-09-15 07:00:00.000,2022,9,15,7,VRB02KT,11,10
2022-09-15 08:00:00.000,2022,9,15,8,VRB02KT,12,10
2022-09-15 09:00:00.000,2022,9,15,9,VRB02KT,10,09
2022-09-15 10:00:00.000,2022,9,15,10,30003KT,10,09
2022-09-15 10:32:00.000,2022,9,15,10,VRB02KT,10,09
2022-09-15 11:00:00.000,2022,9,15,11,VRB02KT,09,09
2022-09-15 12:00:00.000,2022,9,15,12,04004KT,10,10
2022-09-15 13:00:00.000,2022,9,15,13,06005KT,14,10
2022-09-15 13:24:00.000,2022,9,15,13,07005KT,16,11
2022-09-15 14:00:00.000,2022,9,15,14,05008KT,17,11
2022-09-15 15:00:00.000,2022,9,15,15,06009KT,17,10
2022-09-15 16:00:00.000,2022,9,15,16,08008KT,19,10
2022-09-15 17:00:00.000,2022,9,15,17,14008KT,19,10
2022-09-15 18:00:00.000,2022,9,15,18,13009KT,20,09
2022-09-15 19:00:00.000,2022,9,15,19,13007KT,21,09
2022-09-15 20:00:00.000,2022,9,15,20,17005KT,20,09
2022-09-15 21:00:00.000,2022,9,15,21,09006KT,20,10
2022-09-15 22:00:00.000,2022,9,15,22,VRB04KT,17,13
2022-09-15 23:00:00.000,2022,9,15,23,25006KT,16,13
2022-09-16 00:00:00.000,2022,9,16,0,22006KT,15,13
2022-09-16 01:00:00.000,2022,9,16,1,26004KT,14,12
2022-09-16 02:00:00.000,2022,9,16,2,27003KT,14,12
2022-09-16 03:00:00.000,2022,9,16,3,00000KT,12,12
2022-09-16 04:00:00.000,2022,9,16,4,36003KT,11,10
2022-09-16 05:00:00.000,2022,9,16,5,16005KT,13,12
2022-09-16 06:00:00.000,2022,9,16,6,VRB02KT,12,11
2022-09-16 07:00:00.000,2022,9,16,7,02004KT,10,09
2022-09-16 08:00:00.000,2022,9,16,8,04005KT,11,10
2022-09-16 09:00:00.000,2022,9,16,9,03006KT,10,09
2022-09-16 10:00:00.000,2022,9,16,10,VRB02KT,11,10
2022-09-16 10:29:00.000,2022,9,16,10,VRB02KT,08,08
2022-09-16 11:00:00.000,2022,9,16,11,VRB02KT,09,09
2022-09-16 12:00:00.000,2022,9,16,12,36003KT,10,09
2022-09-16 13:00:00.000,2022,9,16,13,01003KT,12,11
2022-09-16 14:00:00.000,2022,9,16,14,VRB02KT,14,11
2022-09-16 15:00:00.000,2022,9,16,15,21003KT,15,10
2022-09-16 16:00:00.000,2022,9,16,16,18009KT,16,11
2022-09-16 16:31:00.000,2022,9,16,16,15008KT,14,10
2022-09-16 17:00:00.000,2022,9,16,17,15005KT,15,11
2022-09-16 18:00:00.000,2022,9,16,18,15010KT,16,10
2022-09-16 19:00:00.000,2022,9,16,19,13006KT,15,10
2022-09-16 20:00:00.000,2022,9,16,20,15006KT,16,09
2022-09-16 21:00:00.000,2022,9,16,21,14013KT,16,09
2022-09-16 22:00:00.000,2022,9,16,22,14010KT,15,07
2022-09-16 23:00:00.000,2022,9,16,23,11006KT,14,08
2022-09-17 00:00:00.000,2022,9,17,0,11004KT,14,08
2022-09-17 01:00:00.000,2022,9,17,1,07004KT,12,08
2022-09-17 02:00:00.000,2022,9,17,2,VRB02KT,12,08
2022-09-17 03:00:00.000,2022,9,17,3,VRB03KT,12,08
2022-09-17 04:00:00.000,2022,9,17,4,36004KT,11,08
2022-09-17 05:00:00.000,2022,9,17,5,03005KT,11,08
2022-09-17 06:00:00.000,2022,9,17,6,05004KT,10,08
2022-09-17 07:00:00.000,2022,9,17,7,00000KT,09,08
2022-09-17 08:00:00.000,2022,9,17,8,02003KT,08,07
2022-09-17 09:00:00.000,2022,9,17,9,02003KT,08,07
2022-09-17 10:00:00.000,2022,9,17,10,VRB02KT,08,07
2022-09-17 10:30:00.000,2022,9,17,10,34004KT,08,07
2022-09-17 11:00:00.000,2022,9,17,11,03003KT,07,06
2022-09-17 12:00:00.000,2022,9,17,12,06006KT,11,08
2022-09-17 13:00:00.000,2022,9,17,13,04005KT,13,09
2022-09-17 14:00:00.000,2022,9,17,14,04004KT,15,08
2022-09-17 15:00:00.000,2022,9,17,15,VRB03KT,17,09
2022-09-17 16:00:00.000,2022,9,17,16,34004KT,18,09
2022-09-17 17:00:00.000,2022,9,17,17,VRB02KT,19,09
2022-09-17 18:00:00.000,2022,9,17,18,26010KT,17,09
2022-09-17 19:00:00.000,2022,9,17,19,31008KT,17,11
2022-09-17 20:00:00.000,2022,9,17,20,27006KT,17,13
2022-09-17 21:00:00.000,2022,9,17,21,26008KT,15,11
2022-09-17 22:00:00.000,2022,9,17,22,26010KT,15,10
2022-09-17 23:00:00.000,2022,9,17,23,30006KT,14,09
2022-09-18 00:00:00.000,2022,9,18,0,25003KT,13,09
2022-09-18 01:00:00.000,2022,9,18,1,31003KT,11,09
2022-09-18 02:00:00.000,2022,9,18,2,VRB02KT,10,09
2022-09-18 03:00:00.000,2022,9,18,3,29003KT,10,09
2022-09-18 04:00:00.000,2022,9,18,4,31004KT,09,08
2022-09-18 05:00:00.000,2022,9,18,5,00000KT,09,09
2022-09-18 06:00:00.000,2022,9,18,6,VRB02KT,08,08
2022-09-18 07:00:00.000,2022,9,18,7,31003KT,07,07
2022-09-18 08:00:00.000,2022,9,18,8,VRB02KT,06,06
2022-09-18 09:00:00.000,2022,9,18,9,VRB02KT,09,08
2022-09-18 10:00:00.000,2022,9,18,10,00000KT,08,08
2022-09-18 10:30:00.000,2022,9,18,10,VRB02KT,08,07
2022-09-18 11:00:00.000,2022,9,18,11,VRB02KT,09,09
2022-09-18 12:00:00.000,2022,9,18,12,VRB02KT,10,09
2022-09-18 13:00:00.000,2022,9,18,13,03004KT,11,10
2022-09-18 14:00:00.000,2022,9,18,14,04003KT,13,10
2022-09-18 15:00:00.000,2022,9,18,15,VRB02KT,15,10
2022-09-18 16:00:00.000,2022,9,18,16,VRB03KT,17,09
2022-09-18 17:00:00.000,2022,9,18,17,03005KT,16,10
2022-09-18 18:00:00.000,2022,9,18,18,21006KT,18,11
2022-09-18 19:00:00.000,2022,9,18,19,17007KT,18,09
2022-09-18 20:00:00.000,2022,9,18,20,01005KT,16,11
2022-09-18 21:00:00.000,2022,9,18,21,30004KT,18,12
2022-09-18 22:00:00.000,2022,9,18,22,26007KT,17,13
2022-09-18 23:00:00.000,2022,9,18,23,24009KT,14,12
2022-09-19 00:00:00.000,2022,9,19,0,VRB02KT,14,11
2022-09-19 01:00:00.000,2022,9,19,1,35004KT,12,10
2022-09-19 02:00:00.000,2022,9,19,2,VRB02KT,10,09
2022-09-19 03:00:00.000,2022,9,19,3,VRB02KT,10,09
2022-09-19 04:00:00.000,2022,9,19,4,05003KT,09,09
2022-09-19 05:00:00.000,2022,9,19,5,VRB02KT,09,08
2022-09-19 06:00:00.000,2022,9,19,6,33005KT,07,07
2022-09-19 07:00:00.000,2022,9,19,7,VRB02KT,07,07
2022-09-19 08:00:00.000,2022,9,19,8,VRB02KT,05,05
2022-09-19 09:00:00.000,2022,9,19,9,VRB02KT,07,07
2022-09-19 10:00:00.000,2022,9,19,10,05002KT,07,07
2022-09-19 10:30:00.000,2022,9,19,10,VRB02KT,06,05
2022-09-19 11:00:00.000,2022,9,19,11,34004KT,06,06
2022-09-19 12:00:00.000,2022,9,19,12,VRB02KT,08,08
2022-09-19 12:24:00.000,2022,9,19,12,01004KT,10,09
2022-09-19 13:00:00.000,2022,9,19,13,VRB02KT,12,10
2022-09-19 14:00:00.000,2022,9,19,14,01004KT,16,11
2022-09-19 15:00:00.000,2022,9,19,15,VRB06KT,17,08
2022-09-19 16:00:00.000,2022,9,19,16,32004KT,18,08
2022-09-19 17:00:00.000,2022,9,19,17,28010KT,18,11
2022-09-19 18:00:00.000,2022,9,19,18,26012KT,18,11
2022-09-19 19:00:00.000,2022,9,19,19,25010KT,18,10
2022-09-19 20:00:00.000,2022,9,19,20,29010KT,17,11
2022-09-19 21:00:00.000,2022,9,19,21,32010KT,15,11
2022-09-19 21:23:00.000,2022,9,19,21,28010KT,15,10
2022-09-19 22:00:00.000,2022,9,19,22,34004KT,14,12
2022-09-19 23:00:00.000,2022,9,19,23,VRB02KT,13,11
2022-09-20 00:00:00.000,2022,9,20,0,VRB02KT,13,11
2022-09-20 01:00:00.000,2022,9,20,1,30004KT,13,10
2022-09-20 02:00:00.000,2022,9,20,2,33003KT,12,11
2022-09-20 03:00:00.000,2022,9,20,3,24005KT,12,10
2022-09-20 04:00:00.000,2022,9,20,4,23003KT,11,10
2022-09-20 05:00:00.000,2022,9,20,5,34003KT,11,10
2022-09-20 06:00:00.000,2022,9,20,6,33003KT,11,10
2022-09-20 07:00:00.000,2022,9,20,7,27003KT,11,10
2022-09-20 08:00:00.000,2022,9,20,8,00000KT,11,10
2022-09-20 09:00:00.000,2022,9,20,9,28003KT,11,10
2022-09-20 10:00:00.000,2022,9,20,10,25003KT,11,10
2022-09-20 10:32:00.000,2022,9,20,10,VRB02KT,11,10
2022-09-20 11:00:00.000,2022,9,20,11,00000KT,11,10
2022-09-20 12:00:00.000,2022,9,20,12,VRB02KT,11,10
2022-09-20 13:00:00.000,2022,9,20,13,VRB02KT,13,11
2022-09-20 14:00:00.000,2022,9,20,14,VRB02KT,15,10
2022-09-20 15:00:00.000,2022,9,20,15,36004KT,17,11
2022-09-20 16:00:00.000,2022,9,20,16,35004KT,16,10
2022-09-20 17:00:00.000,2022,9,20,17,32006KT,18,12
2022-09-20 18:00:00.000,2022,9,20,18,28008KT,18,11
2022-09-20 19:00:00.000,2022,9,20,19,26013KT,16,11
2022-09-20 19:18:00.000,2022,9,20,19,30008KT,15,10
2022-09-20 20:00:00.000,2022,9,20,20,26009KT,14,13
2022-09-20 21:00:00.000,2022,9,20,21,27008KT,15,11
2022-09-20 22:00:00.000,2022,9,20,22,31009KT,16,08
2022-09-20 23:00:00.000,2022,9,20,23,32006KT,14,08
2022-09-21 00:00:00.000,2022,9,21,0,36003KT,11,10
2022-09-21 01:00:00.000,2022,9,21,1,VRB02KT,13,11
2022-09-21 02:00:00.000,2022,9,21,2,34003KT,11,10
2022-09-21 03:00:00.000,2022,9,21,3,33003KT,12,10
2022-09-21 04:00:00.000,2022,9,21,4,VRB02KT,11,10
2022-09-21 05:00:00.000,2022,9,21,5,VRB02KT,12,10
2022-09-21 06:00:00.000,2022,9,21,6,35003KT,09,09
2022-09-21 07:00:00.000,2022,9,21,7,24003KT,10,09
2022-09-21 08:00:00.000,2022,9,21,8,27003KT,09,09
2022-09-21 09:00:00.000,2022,9,21,9,VRB02KT,09,09
2022-09-21 10:00:00.000,2022,9,21,10,VRB02KT,10,09
2022-09-21 10:29:00.000,2022,9,21,10,VRB02KT,09,09
2022-09-21 11:00:00.000,2022,9,21,11,VRB02KT,08,08
2022-09-21 12:00:00.000,2022,9,21,12,00000KT,09,09
2022-09-21 13:00:00.000,2022,9,21,13,34003KT,11,10
2022-09-21 14:00:00.000,2022,9,21,14,VRB02KT,13,10
2022-09-21 15:00:00.000,2022,9,21,15,33003KT,15,10
2022-09-21 16:00:00.000,2022,9,21,16,VRB03KT,16,09
2022-09-21 17:00:00.000,2022,9,21,17,32003KT,17,09
2022-09-21 18:00:00.000,2022,9,21,18,29006KT,16,09
2022-09-21 19:00:00.000,2022,9,21,19,24006KT,16,11
2022-09-21 20:00:00.000,2022,9,21,20,20006KT,15,10
2022-09-21 21:00:00.000,2022,9,21,21,25004KT,16,10
2022-09-21 22:00:00.000,2022,9,21,22,22004KT,16,09
2022-09-21 23:00:00.000,2022,9,21,23,VRB05KT,14,10
2022-09-22 00:00:00.000,2022,9,22,0,29005KT,14,11
2022-09-22 01:00:00.000,2022,9,22,1,28004KT,14,11
2022-09-22 02:00:00.000,2022,9,22,2,VRB02KT,12,11
2022-09-22 03:00:00.000,2022,9,22,3,22003KT,13,11
2022-09-22 04:00:00.000,2022,9,22,4,VRB02KT,12,11
2022-09-22 05:00:00.000,2022,9,22,5,36003KT,11,11
2022-09-22 06:00:00.000,2022,9,22,6,VRB02KT,11,11
2022-09-22 07:00:00.000,2022,9,22,7,32003KT,11,11
2022-09-22 08:00:00.000,2022,9,22,8,35004KT,11,11
2022-09-22 09:00:00.000,2022,9,22,9,33004KT,11,10
2022-09-22 10:00:00.000,2022,9,22,10,30006KT,11,10
2022-09-22 10:30:00.000,2022,9,22,10,33004KT,10,09
2022-09-22 11:00:00.000,2022,9,22,11,34003KT,10,09
2022-09-22 12:00:00.000,2022,9,22,12,28004KT,11,09
2022-09-22 13:00:00.000,2022,9,22,13,VRB02KT,13,10
2022-09-22 14:00:00.000,2022,9,22,14,VRB03KT,16,11
2022-09-22 15:00:00.000,2022,9,22,15,VRB02KT,17,09
2022-09-22 16:00:00.000,2022,9,22,16,VRB03KT,18,09
2022-09-22 17:00:00.000,2022,9,22,17,17003KT,19,08
2022-09-22 18:00:00.000,2022,9,22,18,20004KT,20,09
2022-09-22 18:20:00.000,2022,9,22,18,15009KT,19,09
2022-09-22 19:00:00.000,2022,9,22,19,27012KT,15,13
2022-09-22 20:00:00.000,2022,9,22,20,28013KT,16,14
2022-09-22 20:11:00.000,2022,9,22,20,28012KT,15,12
2022-09-22 21:00:00.000,2022,9,22,21,24008KT,14,12
2022-09-22 21:32:00.000,2022,9,22,21,24004KT,13,12
2022-09-22 22:00:00.000,2022,9,22,22,24004KT,13,11
2022-09-22 23:00:00.000,2022,9,22,23,VRB03KT,12,10
2022-09-23 00:00:00.000,2022,9,23,0,VRB02KT,11,10
2022-09-23 01:00:00.000,2022,9,23,1,05004KT,11,11
2022-09-23 02:00:00.000,2022,9,23,2,VRB02KT,12,11
2022-09-23 03:00:00.000,2022,9,23,3,33003KT,10,10
2022-09-23 04:00:00.000,2022,9,23,4,35003KT,10,09
2022-09-23 05:00:00.000,2022,9,23,5,VRB02KT,10,10
2022-09-23 06:00:00.000,2022,9,23,6,VRB02KT,10,09
2022-09-23 07:00:00.000,2022,9,23,7,35002KT,08,08
2022-09-23 08:00:00.000,2022,9,23,8,03002KT,10,09
2022-09-23 09:00:00.000,2022,9,23,9,VRB02KT,09,09
2022-09-23 10:00:00.000,2022,9,23,10,33004KT,09,09
2022-09-23 10:30:00.000,2022,9,23,10,33004KT,09,09
2022-09-23 11:00:00.000,2022,9,23,11,VRB02KT,09,09
2022-09-23 11:31:00.000,2022,9,23,11,34003KT,09,09
2022-09-23 12:00:00.000,2022,9,23,12,35003KT,10,09
2022-09-23 12:30:00.000,2022,9,23,12,34004KT,10,10
2022-09-23 13:00:00.000,2022,9,23,13,35004KT,10,10
2022-09-23 14:00:00.000,2022,9,23,14,VRB03KT,13,11
2022-09-23 15:00:00.000,2022,9,23,15,31004KT,15,11
2022-09-23 16:00:00.000,2022,9,23,16,VRB04KT,17,10
2022-09-23 17:00:00.000,2022,9,23,17,03003KT,18,10
2022-09-23 18:00:00.000,2022,9,23,18,27003KT,18,09
2022-09-23 19:00:00.000,2022,9,23,19,25010KT,19,13
2022-09-23 20:00:00.000,2022,9,23,20,23009KT,18,11
2022-09-23 21:00:00.000,2022,9,23,21,36008KT,14,12
2022-09-23 22:00:00.000,2022,9,23,22,26005KT,13,11
2022-09-23 23:00:00.000,2022,9,23,23,VRB02KT,14,11
2022-09-24 00:00:00.000,2022,9,24,0,/////KT,,
2022-09-24 01:00:00.000,2022,9,24,1,VRB02KT,13,12
2022-09-24 02:00:00.000,2022,9,24,2,VRB02KT,13,12
2022-09-24 03:00:00.000,2022,9,24,3,VRB02KT,13,12
2022-09-24 04:00:00.000,2022,9,24,4,VRB02KT,13,12
2022-09-24 05:00:00.000,2022,9,24,5,32004KT,12,12
2022-09-24 06:00:00.000,2022,9,24,6,35003KT,11,10
2022-09-24 07:00:00.000,2022,9,24,7,VRB02KT,10,10
2022-09-24 08:00:00.000,2022,9,24,8,VRB02KT,11,10
2022-09-24 09:00:00.000,2022,9,24,9,VRB02KT,10,10
2022-09-24 10:00:00.000,2022,9,24,10,26003KT,09,09
2022-09-24 10:32:00.000,2022,9,24,10,VRB02KT,10,10
2022-09-24 11:00:00.000,2022,9,24,11,22003KT,11,10
2022-09-24 12:00:00.000,2022,9,24,12,VRB02KT,11,10
2022-09-24 13:00:00.000,2022,9,24,13,04003KT,12,11
2022-09-24 14:00:00.000,2022,9,24,14,05003KT,14,11
2022-09-24 15:00:00.000,2022,9,24,15,15003KT,15,10
2022-09-24 16:00:00.000,2022,9,24,16,16010KT,17,10
2022-09-24 17:00:00.000,2022,9,24,17,13005G15KT,19,10
2022-09-24 18:00:00.000,2022,9,24,18,13007KT,19,09
2022-09-24 19:00:00.000,2022,9,24,19,11006KT,20,11
2022-09-24 20:00:00.000,2022,9,24,20,24010KT,17,11
2022-09-24 21:00:00.000,2022,9,24,21,25009KT,16,12
2022-09-24 22:00:00.000,2022,9,24,22,20009KT,16,09
2022-09-24 23:00:00.000,2022,9,24,23,22007KT,14,09
2022-09-25 00:00:00.000,2022,9,25,0,28004KT,14,11
2022-09-25 01:00:00.000,2022,9,25,1,31005KT,13,11
2022-09-25 02:00:00.000,2022,9,25,2,VRB02KT,12,11
2022-09-25 03:00:00.000,2022,9,25,3,05004KT,11,11
2022-09-25 04:00:00.000,2022,9,25,4,34004KT,12,10
2022-09-25 05:00:00.000,2022,9,25,5,VRB02KT,11,10
2022-09-25 06:00:00.000,2022,9,25,6,VRB02KT,11,10
2022-09-25 07:00:00.000,2022,9,25,7,34004KT,10,09
2022-09-25 08:00:00.000,2022,9,25,8,VRB02KT,10,10
2022-09-25 09:00:00.000,2022,9,25,9,VRB02KT,10,09
2022-09-25 10:00:00.000,2022,9,25,10,00000KT,09,09
2022-09-25 10:30:00.000,2022,9,25,10,VRB02KT,08,08
2022-09-25 11:00:00.000,2022,9,25,11,VRB02KT,08,08
2022-09-25 12:00:00.000,2022,9,25,12,VRB02KT,09,08
2022-09-25 12:32:00.000,2022,9,25,12,03003KT,11,10
2022-09-25 13:00:00.000,2022,9,25,13,03003KT,13,10
2022-09-25 14:00:00.000,2022,9,25,14,06004KT,15,10
2022-09-25 15:00:00.000,2022,9,25,15,06005KT,17,10
2022-09-25 16:00:00.000,2022,9,25,16,17010KT,18,09
2022-09-25 17:00:00.000,2022,9,25,17,16012KT,19,08
2022-09-25 18:00:00.000,2022,9,25,18,17014KT,19,08
2022-09-25 19:00:00.000,2022,9,25,19,18012KT,19,08
2022-09-25 20:00:00.000,2022,9,25,20,17014KT,19,08
2022-09-25 21:00:00.000,2022,9,25,21,16012KT,18,07
2022-09-25 22:00:00.000,2022,9,25,22,14011KT,17,07
2022-09-25 23:00:00.000,2022,9,25,23,15008KT,15,07
2022-09-26 00:00:00.000,2022,9,26,0,13005KT,14,08
2022-09-26 01:00:00.000,2022,9,26,1,08004KT,13,09
2022-09-26 02:00:00.000,2022,9,26,2,10004KT,13,09
2022-09-26 03:00:00.000,2022,9,26,3,05005KT,11,08
2022-09-26 04:00:00.000,2022,9,26,4,VRB02KT,10,09
2022-09-26 05:00:00.000,2022,9,26,5,36003KT,08,08
2022-09-26 06:00:00.000,2022,9,26,6,04003KT,09,08
2022-09-26 07:00:00.000,2022,9,26,7,05003KT,08,07
2022-09-26 08:00:00.000,2022,9,26,8,VRB02KT,07,07
2022-09-26 09:00:00.000,2022,9,26,9,VRB02KT,07,06
2022-09-26 09:03:00.000,2022,9,26,9,VRB02KT,07,07
2022-09-26 10:00:00.000,2022,9,26,10,02003KT,05,04
2022-09-26 10:30:00.000,2022,9,26,10,34003KT,06,06
2022-09-26 11:00:00.000,2022,9,26,11,35003KT,05,05
2022-09-26 11:31:00.000,2022,9,26,11,VRB02KT,06,06
2022-09-26 12:00:00.000,2022,9,26,12,02004KT,08,07
2022-09-26 12:33:00.000,2022,9,26,12,02003KT,09,08
2022-09-26 13:00:00.000,2022,9,26,13,02004KT,10,09
2022-09-26 14:00:00.000,2022,9,26,14,06004KT,13,09
2022-09-26 15:00:00.000,2022,9,26,15,16010KT,16,08
2022-09-26 16:00:00.000,2022,9,26,16,16008KT,19,08
2022-09-26 16:54:00.000,2022,9,26,16,18009KT,20,08
2022-09-26 17:00:00.000,2022,9,26,17,18009KT,20,08
2022-09-26 17:02:00.000,2022,9,26,17,VRB07KT,19,07
2022-09-26 17:37:00.000,2022,9,26,17,22010KT,20,09
2022-09-26 18:00:00.000,2022,9,26,18,16008KT,20,08
2022-09-26 19:00:00.000,2022,9,26,19,15010KT,20,06
2022-09-26 20:00:00.000,2022,9,26,20,16010KT,21,06
2022-09-26 21:00:00.000,2022,9,26,21,15010KT,20,06
2022-09-26 22:00:00.000,2022,9,26,22,14008KT,18,06
2022-09-26 23:00:00.000,2022,9,26,23,09005KT,17,06
2022-09-27 00:00:00.000,2022,9,27,0,13006KT,15,06
2022-09-27 01:00:00.000,2022,9,27,1,VRB02KT,14,07
2022-09-27 02:00:00.000,2022,9,27,2,04004KT,12,07
2022-09-27 03:00:00.000,2022,9,27,3,VRB02KT,12,07
2022-09-27 04:00:00.000,2022,9,27,4,00000KT,10,07
2022-09-27 05:00:00.000,2022,9,27,5,06003KT,10,07
2022-09-27 06:00:00.000,2022,9,27,6,03004KT,10,07
2022-09-27 07:00:00.000,2022,9,27,7,VRB02KT,08,06
2022-09-27 08:00:00.000,2022,9,27,8,35004KT,07,06
2022-09-27 09:00:00.000,2022,9,27,9,04004KT,07,06
2022-09-27 10:00:00.000,2022,9,27,10,34005KT,08,07
2022-09-27 10:30:00.000,2022,9,27,10,06004KT,09,07
2022-09-27 11:00:00.000,2022,9,27,11,03004KT,09,07
2022-09-27 12:00:00.000,2022,9,27,12,01003KT,10,08
2022-09-27 13:00:00.000,2022,9,27,13,09003KT,13,08
2022-09-27 14:00:00.000,2022,9,27,14,03006KT,14,08
2022-09-27 15:00:00.000,2022,9,27,15,03005KT,15,09
2022-09-27 16:00:00.000,2022,9,27,16,13003KT,19,10
2022-09-27 17:00:00.000,2022,9,27,17,23005KT,20,08
2022-09-27 18:00:00.000,2022,9,27,18,13004KT,21,08
2022-09-27 19:00:00.000,2022,9,27,19,13007KT,21,07
2022-09-27 20:00:00.000,2022,9,27,20,25012KT,19,11
2022-09-27 21:00:00.000,2022,9,27,21,26014KT,19,13
2022-09-27 22:00:00.000,2022,9,27,22,28012KT,16,13
2022-09-27 23:00:00.000,2022,9,27,23,29008KT,15,12
2022-09-28 00:00:00.000,2022,9,28,0,35003KT,14,11
2022-09-28 01:00:00.000,2022,9,28,1,VRB02KT,13,10
2022-09-28 02:00:00.000,2022,9,28,2,01003KT,11,10
2022-09-28 03:00:00.000,2022,9,28,3,VRB02KT,10,08
2022-09-28 04:00:00.000,2022,9,28,4,35003KT,10,09
2022-09-28 05:00:00.000,2022,9,28,5,VRB02KT,08,07
2022-09-28 06:00:00.000,2022,9,28,6,VRB01KT,10,09
2022-09-28 07:00:00.000,2022,9,28,7,VRB02KT,08,08
2022-09-28 08:00:00.000,2022,9,28,8,08002KT,09,09
2022-09-28 09:00:00.000,2022,9,28,9,VRB02KT,08,08
2022-09-28 10:00:00.000,2022,9,28,10,VRB02KT,09,08
2022-09-28 10:29:00.000,2022,9,28,10,VRB02KT,08,08
2022-09-28 11:00:00.000,2022,9,28,11,00000KT,08,07
2022-09-28 12:00:00.000,2022,9,28,12,VRB02KT,09,09
2022-09-28 13:00:00.000,2022,9,28,13,06004KT,13,10
2022-09-28 14:00:00.000,2022,9,28,14,08006KT,16,11
2022-09-28 15:00:00.000,2022,9,28,15,03003KT,17,09
2022-09-28 16:00:00.000,2022,9,28,16,32004KT,17,09
2022-09-28 17:00:00.000,2022,9,28,17,31004KT,17,10
2022-09-28 18:00:00.000,2022,9,28,18,33007KT,18,11
2022-09-28 19:00:00.000,2022,9,28,19,28004KT,16,12
2022-09-28 20:00:00.000,2022,9,28,20,25009KT,15,12
2022-09-28 21:00:00.000,2022,9,28,21,25010KT,15,11
2022-09-28 22:00:00.000,2022,9,28,22,28009KT,13,11
2022-09-28 23:00:00.000,2022,9,28,23,31004KT,13,11
2022-09-29 00:00:00.000,2022,9,29,0,VRB02KT,12,11
2022-09-29 01:00:00.000,2022,9,29,1,33004KT,11,10
2022-09-29 02:00:00.000,2022,9,29,2,VRB02KT,11,11
2022-09-29 03:00:00.000,2022,9,29,3,27003KT,12,11
2022-09-29 04:00:00.000,2022,9,29,4,25003KT,13,11
2022-09-29 05:00:00.000,2022,9,29,5,24003KT,12,11
2022-09-29 06:00:00.000,2022,9,29,6,VRB02KT,12,10
2022-09-29 07:00:00.000,2022,9,29,7,VRB02KT,11,10
2022-09-29 08:00:00.000,2022,9,29,8,VRB02KT,12,11
2022-09-29 09:00:00.000,2022,9,29,9,30004KT,12,11
2022-09-29 10:00:00.000,2022,9,29,10,29004KT,12,11
2022-09-29 10:31:00.000,2022,9,29,10,31005KT,12,11
2022-09-29 11:00:00.000,2022,9,29,11,VRB02KT,11,10
2022-09-29 12:00:00.000,2022,9,29,12,VRB02KT,12,11
2022-09-29 12:27:00.000,2022,9,29,12,06003KT,14,11
2022-09-29 13:00:00.000,2022,9,29,13,06004KT,15,11
2022-09-29 14:00:00.000,2022,9,29,14,05005KT,16,10
2022-09-29 14:15:00.000,2022,9,29,14,VRB04KT,18,11
2022-09-29 15:00:00.000,2022,9,29,15,04004KT,19,11
2022-09-29 16:00:00.000,2022,9,29,16,30005KT,19,09
2022-09-29 17:00:00.000,2022,9,29,17,VRB06G17KT,19,13
2022-09-29 18:00:00.000,2022,9,29,18,25011KT,18,14
2022-09-29 19:00:00.000,2022,9,29,19,29015KT,17,12
2022-09-29 20:00:00.000,2022,9,29,20,28008KT,16,12
2022-09-29 21:00:00.000,2022,9,29,21,27005KT,16,12
2022-09-29 22:00:00.000,2022,9,29,22,32004KT,16,12
2022-09-29 23:00:00.000,2022,9,29,23,34004KT,14,11
2022-09-30 00:00:00.000,2022,9,30,0,30007KT,14,11
2022-09-30 01:00:00.000,2022,9,30,1,32005KT,13,11
2022-09-30 02:00:00.000,2022,9,30,2,VRB02KT,13,11
2022-09-30 03:00:00.000,2022,9,30,3,VRB02KT,13,11
2022-09-30 04:00:00.000,2022,9,30,4,00000KT,12,11
2022-09-30 05:00:00.000,2022,9,30,5,VRB02KT,11,10
2022-09-30 06:00:00.000,2022,9,30,6,VRB02KT,11,10
2022-09-30 07:00:00.000,2022,9,30,7,VRB02KT,11,11
2022-09-30 08:00:00.000,2022,9,30,8,VRB02KT,11,11
2022-09-30 09:00:00.000,2022,9,30,9,VRB02KT,11,11
2022-09-30 10:00:00.000,2022,9,30,10,VRB02KT,11,11
2022-09-30 10:28:00.000,2022,9,30,10,00000KT,11,10
2022-09-30 11:00:00.000,2022,9,30,11,VRB02KT,11,10
2022-09-30 12:00:00.000,2022,9,30,12,33003KT,11,11
2022-09-30 13:00:00.000,2022,9,30,13,35004KT,13,11
2022-09-30 14:00:00.000,2022,9,30,14,VRB02KT,16,11
2022-09-30 15:00:00.000,2022,9,30,15,VRB02KT,18,10
2022-09-30 16:00:00.000,2022,9,30,16,30014KT,16,11
2022-09-30 17:00:00.000,2022,9,30,17,24010KT,17,12
2022-09-30 18:00:00.000,2022,9,30,18,24011KT,17,11
2022-09-30 19:00:00.000,2022,9,30,19,24008KT,18,11
2022-09-30 19:24:00.000,2022,9,30,19,28004G15KT,16,12
2022-09-30 20:00:00.000,2022,9,30,20,05008KT,15,11
2022-09-30 21:00:00.000,2022,9,30,21,09004KT,16,10
2022-09-30 21:19:00.000,2022,9,30,21,VRB02KT,15,10
2022-09-30 22:00:00.000,2022,9,30,22,21003KT,14,12
2022-09-30 23:00:00.000,2022,9,30,23,VRB02KT,14,12
2022-10-01 00:00:00.000,2022,10,1,0,15007KT,14,12
2022-10-01 01:00:00.000,2022,10,1,1,23004KT,12,11
2022-10-01 02:00:00.000,2022,10,1,2,VRB02KT,12,09
2022-10-01 10:00:00.000,2022,10,1,10,VRB02KT,11,09
2022-10-01 10:31:00.000,2022,10,1,10,VRB02KT,10,09
2022-10-01 11:00:00.000,2022,10,1,11,VRB02KT,10,09
2022-10-01 12:00:00.000,2022,10,1,12,VRB02KT,10,09
2022-10-01 13:00:00.000,2022,10,1,13,18005KT,13,10
2022-10-01 14:00:00.000,2022,10,1,14,15008KT,14,10
2022-10-01 15:00:00.000,2022,10,1,15,16010KT,16,09
2022-10-01 16:00:00.000,2022,10,1,16,15011KT,17,10
2022-10-01 17:00:00.000,2022,10,1,17,18010KT,16,10
2022-10-01 18:00:00.000,2022,10,1,18,15019KT,17,09
2022-10-01 19:00:00.000,2022,10,1,19,15018KT,18,09
2022-10-01 20:00:00.000,2022,10,1,20,17016KT,18,07
2022-10-01 21:00:00.000,2022,10,1,21,17015KT,18,08
2022-10-01 22:00:00.000,2022,10,1,22,16010G21KT,17,07
2022-10-01 23:00:00.000,2022,10,1,23,13007KT,16,08
2022-10-02 00:00:00.000,2022,10,2,0,14010KT,14,08
2022-10-02 01:00:00.000,2022,10,2,1,13007KT,13,08
2022-10-02 02:00:00.000,2022,10,2,2,17008KT,13,08
2022-10-02 03:00:00.000,2022,10,2,3,16008KT,13,08
2022-10-02 04:00:00.000,2022,10,2,4,12006KT,13,08
2022-10-02 05:00:00.000,2022,10,2,5,19006KT,13,08
2022-10-02 06:00:00.000,2022,10,2,6,VRB02KT,11,09
2022-10-02 07:00:00.000,2022,10,2,7,VRB02KT,11,09
2022-10-02 08:00:00.000,2022,10,2,8,VRB02KT,11,08
2022-10-02 09:00:00.000,2022,10,2,9,VRB02KT,11,09
2022-10-02 10:00:00.000,2022,10,2,10,VRB02KT,10,09
2022-10-02 11:00:00.000,2022,10,2,11,33003KT,10,09
2022-10-02 12:00:00.000,2022,10,2,12,VRB02KT,11,09
2022-10-02 13:00:00.000,2022,10,2,13,VRB02KT,13,10
2022-10-02 14:00:00.000,2022,10,2,14,14008KT,15,08
2022-10-02 15:00:00.000,2022,10,2,15,15009KT,17,07
2022-10-02 16:00:00.000,2022,10,2,16,16010KT,18,08
2022-10-02 17:00:00.000,2022,10,2,17,16011KT,18,08
2022-10-02 18:00:00.000,2022,10,2,18,14011KT,19,08
2022-10-02 19:00:00.000,2022,10,2,19,13010KT,18,07
2022-10-02 20:00:00.000,2022,10,2,20,17015KT,18,08
2022-10-02 21:00:00.000,2022,10,2,21,16012KT,18,08
2022-10-02 22:00:00.000,2022,10,2,22,13007KT,17,08
2022-10-02 23:00:00.000,2022,10,2,23,15009KT,16,08
2022-10-03 00:00:00.000,2022,10,3,0,12004KT,15,09
2022-10-03 01:00:00.000,2022,10,3,1,16007KT,14,08
2022-10-03 02:00:00.000,2022,10,3,2,VRB02KT,14,09
2022-10-03 03:00:00.000,2022,10,3,3,06005KT,13,09
2022-10-03 04:00:00.000,2022,10,3,4,05004KT,13,10
2022-10-03 05:00:00.000,2022,10,3,5,04005KT,12,10
2022-10-03 06:00:00.000,2022,10,3,6,04005KT,11,10
2022-10-03 07:00:00.000,2022,10,3,7,04004KT,11,10
2022-10-03 08:00:00.000,2022,10,3,8,VRB02KT,11,10
2022-10-03 09:00:00.000,2022,10,3,9,32003KT,11,10
2022-10-03 10:00:00.000,2022,10,3,10,VRB02KT,10,09
2022-10-03 11:00:00.000,2022,10,3,11,07004KT,10,10
2022-10-03 12:00:00.000,2022,10,3,12,07004KT,12,10
2022-10-03 13:00:00.000,2022,10,3,13,14003KT,14,09
2022-10-03 14:00:00.000,2022,10,3,14,16006KT,16,08
2022-10-03 15:00:00.000,2022,10,3,15,16007KT,17,08
2022-10-03 16:00:00.000,2022,10,3,16,13006KT,17,07
2022-10-03 17:00:00.000,2022,10,3,17,15008KT,18,09
2022-10-03 18:00:00.000,2022,10,3,18,13007G20KT,18,08
2022-10-03 19:00:00.000,2022,10,3,19,18012KT,19,08
2022-10-03 20:00:00.000,2022,10,3,20,14007KT,20,09
2022-10-03 21:00:00.000,2022,10,3,21,13010KT,19,09
2022-10-03 22:00:00.000,2022,10,3,22,08007KT,18,09
2022-10-03 23:00:00.000,2022,10,3,23,07008KT,17,09
2022-10-04 00:00:00.000,2022,10,4,0,VRB02KT,16,09
2022-10-04 01:00:00.000,2022,10,4,1,24005KT,15,11
2022-10-04 02:00:00.000,2022,10,4,2,01003KT,13,11
2022-10-04 03:00:00.000,2022,10,4,3,VRB02KT,10,08
2022-10-04 04:00:00.000,2022,10,4,4,VRB02KT,11,09
2022-10-04 05:00:00.000,2022,10,4,5,08003KT,11,09
2022-10-04 06:00:00.000,2022,10,4,6,VRB02KT,11,09
2022-10-04 07:00:00.000,2022,10,4,7,34003KT,09,08
2022-10-04 08:00:00.000,2022,10,4,8,05004KT,09,08
2022-10-04 09:00:00.000,2022,10,4,9,34004KT,07,06
2022-10-04 10:00:00.000,2022,10,4,10,VRB02KT,08,08
2022-10-04 10:31:00.000,2022,10,4,10,05004KT,08,08
2022-10-04 11:00:00.000,2022,10,4,11,VRB02KT,08,07
2022-10-04 12:00:00.000,2022,10,4,12,04004KT,10,08
2022-10-04 13:00:00.000,2022,10,4,13,05005KT,12,10
2022-10-04 14:00:00.000,2022,10,4,14,VRB02KT,16,10
2022-10-04 15:00:00.000,2022,10,4,15,23006KT,15,10
2022-10-04 16:00:00.000,2022,10,4,16,27004KT,17,10
2022-10-04 17:00:00.000,2022,10,4,17,04008KT,17,10
2022-10-04 18:00:00.000,2022,10,4,18,05006KT,19,08
2022-10-04 19:00:00.000,2022,10,4,19,VRB03KT,20,09
2022-10-04 21:00:00.000,2022,10,4,21,25010KT,19,13
2022-10-04 22:00:00.000,2022,10,4,22,33007KT,16,12
2022-10-05 00:00:00.000,2022,10,5,0,VRB02KT,14,09
2022-10-05 01:00:00.000,2022,10,5,1,29003KT,13,10
2022-10-05 02:00:00.000,2022,10,5,2,VRB02KT,11,10
2022-10-05 03:00:00.000,2022,10,5,3,VRB02KT,12,09
2022-10-05 04:00:00.000,2022,10,5,4,VRB02KT,11,09
2022-10-05 05:00:00.000,2022,10,5,5,32004KT,11,09
2022-10-05 06:00:00.000,2022,10,5,6,VRB02KT,11,10
2022-10-05 07:00:00.000,2022,10,5,7,22003KT,11,09
2022-10-05 09:00:00.000,2022,10,5,9,VRB02KT,10,09
2022-10-05 10:00:00.000,2022,10,5,10,VRB02KT,09,09
2022-10-05 10:29:00.000,2022,10,5,10,32004KT,08,08
2022-10-05 11:00:00.000,2022,10,5,11,VRB02KT,09,08
2022-10-05 12:00:00.000,2022,10,5,12,VRB02KT,11,09
2022-10-05 13:00:00.000,2022,10,5,13,VRB02KT,14,11
2022-10-05 14:00:00.000,2022,10,5,14,35003KT,17,11
2022-10-05 15:00:00.000,2022,10,5,15,32005KT,18,11
2022-10-05 16:00:00.000,2022,10,5,16,VRB05KT,19,10
2022-10-05 17:00:00.000,2022,10,5,17,31009KT,19,12
2022-10-05 17:19:00.000,2022,10,5,17,26013KT,19,11
2022-10-05 17:21:00.000,2022,10,5,17,16018G28KT,17,11
2022-10-05 18:00:00.000,2022,10,5,18,16012KT,12,10
2022-10-05 19:00:00.000,2022,10,5,19,02004KT,11,11
2022-10-05 20:00:00.000,2022,10,5,20,31006KT,13,12
2022-10-05 21:00:00.000,2022,10,5,21,27005KT,14,11
2022-10-05 22:00:00.000,2022,10,5,22,31004KT,14,12
2022-10-05 23:00:00.000,2022,10,5,23,31003KT,14,12
2022-10-06 00:00:00.000,2022,10,6,0,34004KT,12,11
2022-10-06 01:00:00.000,2022,10,6,1,31004KT,12,11
2022-10-06 02:00:00.000,2022,10,6,2,29003KT,13,11
2022-10-06 03:00:00.000,2022,10,6,3,32004KT,13,11
2022-10-06 04:00:00.000,2022,10,6,4,31004KT,12,11
2022-10-06 05:00:00.000,2022,10,6,5,31003KT,12,11
2022-10-06 06:00:00.000,2022,10,6,6,32003KT,11,11
2022-10-06 07:00:00.000,2022,10,6,7,34003KT,11,11
2022-10-06 08:00:00.000,2022,10,6,8,VRB02KT,11,11
2022-10-06 09:00:00.000,2022,10,6,9,30005KT,11,10
2022-10-06 10:00:00.000,2022,10,6,10,34003KT,11,10
2022-10-06 10:31:00.000,2022,10,6,10,VRB02KT,11,10
2022-10-06 11:00:00.000,2022,10,6,11,VRB02KT,11,10
2022-10-06 12:00:00.000,2022,10,6,12,VRB02KT,12,11
2022-10-06 13:00:00.000,2022,10,6,13,27003KT,13,12
2022-10-06 14:00:00.000,2022,10,6,14,VRB02KT,15,11
2022-10-06 15:00:00.000,2022,10,6,15,VRB02KT,18,12
2022-10-06 16:00:00.000,2022,10,6,16,VRB02KT,18,08
2022-10-06 17:00:00.000,2022,10,6,17,31014KT,19,13
2022-10-06 18:00:00.000,2022,10,6,18,29011KT,16,12
2022-10-06 18:16:00.000,2022,10,6,18,30011KT,16,12
2022-10-06 19:00:00.000,2022,10,6,19,29010KT,16,12
2022-10-06 20:00:00.000,2022,10,6,20,30005KT,17,12
2022-10-06 21:00:00.000,2022,10,6,21,12006KT,15,10
2022-10-06 22:00:00.000,2022,10,6,22,06007KT,12,11
2022-10-06 23:00:00.000,2022,10,6,23,07006KT,12,11
2022-10-07 00:00:00.000,2022,10,7,0,VRB02KT,11,11
2022-10-07 01:00:00.000,2022,10,7,1,VRB02KT,11,11
2022-10-07 02:00:00.000,2022,10,7,2,VRB02KT,12,11
2022-10-07 03:00:00.000,2022,10,7,3,VRB02KT,12,11
2022-10-07 04:00:00.000,2022,10,7,4,VRB02KT,11,10
2022-10-07 05:00:00.000,2022,10,7,5,VRB02KT,11,10
2022-10-07 06:00:00.000,2022,10,7,6,36003KT,11,11
2022-10-07 07:00:00.000,2022,10,7,7,VRB02KT,11,11
2022-10-07 08:00:00.000,2022,10,7,8,VRB02KT,11,10
2022-10-07 09:00:00.000,2022,10,7,9,31004KT,11,10
2022-10-07 10:00:00.000,2022,10,7,10,36004KT,10,10
2022-10-07 10:31:00.000,2022,10,7,10,VRB02KT,10,10
2022-10-07 11:00:00.000,2022,10,7,11,VRB02KT,10,10
2022-10-07 11:22:00.000,2022,10,7,11,04004KT,10,10
2022-10-07 11:39:00.000,2022,10,7,11,06003KT,10,10
2022-10-07 12:00:00.000,2022,10,7,12,05003KT,10,10
2022-10-07 12:16:00.000,2022,10,7,12,03003KT,11,10
2022-10-07 12:30:00.000,2022,10,7,12,02003KT,11,11
2022-10-07 12:35:00.000,2022,10,7,12,03002KT,11,11
2022-10-07 13:00:00.000,2022,10,7,13,05005KT,12,11
2022-10-07 14:00:00.000,2022,10,7,14,03004KT,16,11
2022-10-07 15:00:00.000,2022,10,7,15,04004KT,18,11
2022-10-07 16:00:00.000,2022,10,7,16,02004KT,18,11
2022-10-07 17:00:00.000,2022,10,7,17,06003KT,18,11
2022-10-07 17:20:00.000,2022,10,7,17,21009G19KT,16,11
2022-10-07 18:00:00.000,2022,10,7,18,22007KT,13,12
2022-10-07 19:00:00.000,2022,10,7,19,34003KT,15,12
2022-10-07 20:00:00.000,2022,10,7,20,02004KT,16,13
2022-10-07 21:00:00.000,2022,10,7,21,33007KT,17,13
2022-10-07 22:00:00.000,2022,10,7,22,05006KT,17,13
2022-10-07 23:00:00.000,2022,10,7,23,33006KT,12,11
2022-10-08 00:00:00.000,2022,10,8,0,VRB02KT,12,12
2022-10-08 01:00:00.000,2022,10,8,1,VRB02KT,12,11
2022-10-08 02:00:00.000,2022,10,8,2,VRB02KT,12,11
2022-10-08 03:00:00.000,2022,10,8,3,VRB02KT,11,10
2022-10-08 04:00:00.000,2022,10,8,4,04003KT,12,11
2022-10-08 05:00:00.000,2022,10,8,5,VRB02KT,11,10
2022-10-08 06:00:00.000,2022,10,8,6,32003KT,12,10
2022-10-08 07:00:00.000,2022,10,8,7,36003KT,12,10
2022-10-08 08:00:00.000,2022,10,8,8,14006KT,12,09
2022-10-08 09:00:00.000,2022,10,8,9,VRB02KT,11,09
2022-10-08 10:00:00.000,2022,10,8,10,04005KT,10,08
2022-10-08 10:32:00.000,2022,10,8,10,VRB02KT,10,09
2022-10-08 11:00:00.000,2022,10,8,11,05004KT,10,08
2022-10-08 12:00:00.000,2022,10,8,12,VRB02KT,11,08
2022-10-08 13:00:00.000,2022,10,8,13,04003KT,14,10
2022-10-08 14:00:00.000,2022,10,8,14,VRB02KT,15,10
2022-10-08 15:00:00.000,2022,10,8,15,17005KT,16,09
2022-10-08 16:00:00.000,2022,10,8,16,20003KT,18,09
2022-10-08 17:00:00.000,2022,10,8,17,VRB04KT,18,10
2022-10-08 18:00:00.000,2022,10,8,18,27010KT,15,12
2022-10-08 19:00:00.000,2022,10,8,19,26006KT,14,13
2022-10-08 20:00:00.000,2022,10,8,20,13008KT,16,09
2022-10-08 21:00:00.000,2022,10,8,21,19007KT,15,09
2022-10-08 22:00:00.000,2022,10,8,22,14006KT,15,10
2022-10-08 23:00:00.000,2022,10,8,23,19008KT,15,09
2022-10-09 00:00:00.000,2022,10,9,0,17006KT,14,09
2022-10-09 01:00:00.000,2022,10,9,1,VRB02KT,13,09
2022-10-09 02:00:00.000,2022,10,9,2,34004KT,11,09
2022-10-09 03:00:00.000,2022,10,9,3,VRB02KT,12,10
2022-10-09 04:00:00.000,2022,10,9,4,VRB02KT,12,10
2022-10-09 05:00:00.000,2022,10,9,5,04004KT,11,10
2022-10-09 06:00:00.000,2022,10,9,6,06004KT,11,09
2022-10-09 07:00:00.000,2022,10,9,7,06004KT,11,09
2022-10-09 08:00:00.000,2022,10,9,8,07004KT,11,09
2022-10-09 09:00:00.000,2022,10,9,9,06006KT,11,09
2022-10-09 10:00:00.000,2022,10,9,10,06004KT,11,09
2022-10-09 10:29:00.000,2022,10,9,10,VRB02KT,11,09
2022-10-09 11:00:00.000,2022,10,9,11,VRB02KT,11,09
2022-10-09 12:00:00.000,2022,10,9,12,08004KT,12,09
2022-10-09 13:00:00.000,2022,10,9,13,06007KT,14,10
2022-10-09 14:00:00.000,2022,10,9,14,04006KT,16,10
2022-10-09 15:00:00.000,2022,10,9,15,09006KT,18,09
2022-10-09 16:00:00.000,2022,10,9,16,12008KT,17,09
2022-10-09 17:00:00.000,2022,10,9,17,07005KT,18,09
2022-10-09 18:00:00.000,2022,10,9,18,05007KT,19,10
2022-10-09 19:00:00.000,2022,10,9,19,04006KT,17,09
2022-10-09 20:00:00.000,2022,10,9,20,26005KT,18,09
2022-10-09 21:00:00.000,2022,10,9,21,23005KT,17,12
2022-10-09 22:00:00.000,2022,10,9,22,26006KT,16,12
2022-10-09 23:00:00.000,2022,10,9,23,29006KT,14,10
2022-10-10 00:00:00.000,2022,10,10,0,VRB02KT,12,11
2022-10-10 01:00:00.000,2022,10,10,1,VRB02KT,12,11
2022-10-10 02:00:00.000,2022,10,10,2,VRB02KT,11,11
2022-10-10 03:00:00.000,2022,10,10,3,34003KT,12,11
2022-10-10 04:00:00.000,2022,10,10,4,VRB02KT,12,11
2022-10-10 05:00:00.000,2022,10,10,5,03003KT,11,10
2022-10-10 06:00:00.000,2022,10,10,6,VRB02KT,11,10
2022-10-10 07:00:00.000,2022,10,10,7,VRB02KT,10,09
2022-10-10 08:00:00.000,2022,10,10,8,VRB02KT,09,09
2022-10-10 09:00:00.000,2022,10,10,9,06003KT,09,09
2022-10-10 10:00:00.000,2022,10,10,10,03005KT,08,08
2022-10-10 10:29:00.000,2022,10,10,10,04003KT,08,07
2022-10-10 11:00:00.000,2022,10,10,11,04004KT,08,07
2022-10-10 12:00:00.000,2022,10,10,12,07006KT,12,09
2022-10-10 13:00:00.000,2022,10,10,13,05006KT,14,09
2022-10-10 14:00:00.000,2022,10,10,14,13003KT,18,08
2022-10-10 15:00:00.000,2022,10,10,15,10007KT,19,06
2022-10-10 16:00:00.000,2022,10,10,16,13009KT,19,07
2022-10-10 17:00:00.000,2022,10,10,17,12009KT,19,08
2022-10-10 18:00:00.000,2022,10,10,18,13008KT,19,08
2022-10-10 19:00:00.000,2022,10,10,19,14010KT,18,08
2022-10-10 20:00:00.000,2022,10,10,20,14008KT,19,07
2022-10-10 21:00:00.000,2022,10,10,21,02004KT,18,09
2022-10-10 22:00:00.000,2022,10,10,22,08005KT,18,06
2022-10-10 23:00:00.000,2022,10,10,23,31005KT,15,10
2022-10-11 00:00:00.000,2022,10,11,0,32004KT,13,10
2022-10-11 01:00:00.000,2022,10,11,1,VRB02KT,12,10
2022-10-11 02:00:00.000,2022,10,11,2,04004KT,10,09
2022-10-11 03:00:00.000,2022,10,11,3,08003KT,12,08
2022-10-11 04:00:00.000,2022,10,11,4,VRB02KT,11,08
2022-10-11 05:00:00.000,2022,10,11,5,VRB02KT,10,08
2022-10-11 06:00:00.000,2022,10,11,6,02004KT,08,07
2022-10-11 07:00:00.000,2022,10,11,7,VRB02KT,09,07
2022-10-11 08:00:00.000,2022,10,11,8,01004KT,09,08
2022-10-11 09:00:00.000,2022,10,11,9,VRB02KT,09,08
2022-10-11 10:00:00.000,2022,10,11,10,VRB02KT,10,08
2022-10-11 10:30:00.000,2022,10,11,10,05004KT,10,09
2022-10-11 11:00:00.000,2022,10,11,11,09004KT,11,09
2022-10-11 12:00:00.000,2022,10,11,12,04005KT,10,09
2022-10-11 13:00:00.000,2022,10,11,13,06007KT,12,10
2022-10-11 14:00:00.000,2022,10,11,14,05006KT,14,10
2022-10-11 15:00:00.000,2022,10,11,15,18009KT,16,08
2022-10-11 16:00:00.000,2022,10,11,16,16007KT,17,08
2022-10-11 17:00:00.000,2022,10,11,17,16005KT,18,08
2022-10-11 18:00:00.000,2022,10,11,18,17005KT,17,09
2022-10-11 19:00:00.000,2022,10,11,19,02007KT,18,10
2022-10-11 20:00:00.000,2022,10,11,20,07006KT,17,09
2022-10-11 21:00:00.000,2022,10,11,21,13008KT,17,09
2022-10-11 22:00:00.000,2022,10,11,22,12007KT,17,09
2022-10-11 23:00:00.000,2022,10,11,23,11005KT,15,08
2022-10-12 00:00:00.000,2022,10,12,0,12004KT,13,08
2022-10-12 01:00:00.000,2022,10,12,1,03008KT,11,08
2022-10-12 02:00:00.000,2022,10,12,2,05007KT,11,08
2022-10-12 03:00:00.000,2022,10,12,3,05006KT,10,08
2022-10-12 04:00:00.000,2022,10,12,4,VRB02KT,10,08
2022-10-12 05:00:00.000,2022,10,12,5,01003KT,10,08
2022-10-12 06:00:00.000,2022,10,12,6,VRB02KT,09,08
2022-10-12 07:00:00.000,2022,10,12,7,VRB02KT,06,06
2022-10-12 08:00:00.000,2022,10,12,8,VRB02KT,08,08
2022-10-12 09:00:00.000,2022,10,12,9,VRB02KT,07,06
2022-10-12 10:00:00.000,2022,10,12,10,01003KT,07,07
2022-10-12 10:29:00.000,2022,10,12,10,05004KT,07,06
2022-10-12 11:00:00.000,2022,10,12,11,07004KT,07,07
2022-10-12 12:00:00.000,2022,10,12,12,35003KT,09,08
2022-10-12 12:30:00.000,2022,10,12,12,05003KT,11,09
2022-10-12 13:00:00.000,2022,10,12,13,04006KT,11,09
2022-10-12 13:27:00.000,2022,10,12,13,07006KT,13,10
2022-10-12 14:00:00.000,2022,10,12,14,06006KT,15,09
2022-10-12 15:00:00.000,2022,10,12,15,07007KT,17,09
2022-10-12 16:00:00.000,2022,10,12,16,11008KT,17,09
2022-10-12 17:00:00.000,2022,10,12,17,04009KT,16,09
2022-10-12 18:00:00.000,2022,10,12,18,02004KT,15,09
2022-10-12 19:00:00.000,2022,10,12,19,36004KT,15,10
2022-10-12 20:00:00.000,2022,10,12,20,14005KT,16,09
2022-10-12 21:00:00.000,2022,10,12,21,13004KT,17,09
2022-10-12 22:00:00.000,2022,10,12,22,06005KT,17,09
2022-10-13 00:00:00.000,2022,10,13,0,VRB02KT,14,09
2022-10-13 01:00:00.000,2022,10,13,1,VRB02KT,12,09
2022-10-13 02:00:00.000,2022,10,13,2,VRB02KT,09,08
2022-10-13 03:00:00.000,2022,10,13,3,VRB02KT,10,09
2022-10-13 04:00:00.000,2022,10,13,4,VRB02KT,08,08
2022-10-13 05:00:00.000,2022,10,13,5,02004KT,08,08
2022-10-13 06:00:00.000,2022,10,13,6,VRB02KT,09,08
2022-10-13 07:00:00.000,2022,10,13,7,VRB02KT,08,07
2022-10-13 08:00:00.000,2022,10,13,8,VRB02KT,08,08
2022-10-13 09:00:00.000,2022,10,13,9,VRB02KT,08,07
2022-10-13 10:00:00.000,2022,10,13,10,VRB02KT,08,08
2022-10-13 10:31:00.000,2022,10,13,10,VRB02KT,08,08
2022-10-13 11:00:00.000,2022,10,13,11,VRB02KT,08,07
2022-10-13 12:00:00.000,2022,10,13,12,34003KT,08,08
2022-10-13 13:00:00.000,2022,10,13,13,05004KT,12,10
2022-10-13 14:00:00.000,2022,10,13,14,04005KT,14,10
2022-10-13 15:00:00.000,2022,10,13,15,05003KT,16,10
2022-10-13 16:00:00.000,2022,10,13,16,32004KT,19,12
2022-10-13 17:00:00.000,2022,10,13,17,36004KT,20,10
2022-10-13 18:00:00.000,2022,10,13,18,31007KT,20,11
2022-10-13 18:18:00.000,2022,10,13,18,30008KT,20,11
2022-10-13 18:32:00.000,2022,10,13,18,22009KT,19,10
2022-10-13 18:36:00.000,2022,10,13,18,22009KT,19,10
2022-10-13 19:00:00.000,2022,10,13,19,16015KT,12,10
2022-10-13 19:18:00.000,2022,10,13,19,28007KT,11,10
2022-10-13 20:00:00.000,2022,10,13,20,31005KT,12,10
2022-10-13 21:00:00.000,2022,10,13,21,VRB02KT,13,11
2022-10-13 22:00:00.000,2022,10,13,22,03005KT,13,12
2022-10-13 23:00:00.000,2022,10,13,23,VRB02KT,13,11
2022-10-14 00:00:00.000,2022,10,14,0,VRB02KT,12,11
2022-10-14 01:00:00.000,2022,10,14,1,05003KT,12,11
2022-10-14 02:00:00.000,2022,10,14,2,VRB02KT,12,11
2022-10-14 03:00:00.000,2022,10,14,3,VRB02KT,12,11
2022-10-14 04:00:00.000,2022,10,14,4,VRB02KT,11,10
2022-10-14 05:00:00.000,2022,10,14,5,36003KT,11,10
2022-10-14 06:00:00.000,2022,10,14,6,00000KT,11,10
2022-10-14 07:00:00.000,2022,10,14,7,VRB02KT,09,09
2022-10-14 08:00:00.000,2022,10,14,8,06006KT,10,09
2022-10-14 09:00:00.000,2022,10,14,9,VRB02KT,09,09
2022-10-14 10:00:00.000,2022,10,14,10,VRB02KT,08,08
2022-10-14 10:30:00.000,2022,10,14,10,36004KT,08,08
2022-10-14 11:00:00.000,2022,10,14,11,36003KT,08,08
2022-10-14 12:00:00.000,2022,10,14,12,03003KT,10,09
2022-10-14 12:30:00.000,2022,10,14,12,VRB02KT,13,10
2022-10-14 13:00:00.000,2022,10,14,13,36003KT,14,10
2022-10-14 14:00:00.000,2022,10,14,14,02003KT,16,11
2022-10-14 15:00:00.000,2022,10,14,15,02003KT,17,10
2022-10-14 16:00:00.000,2022,10,14,16,02004KT,20,12
2022-10-14 17:00:00.000,2022,10,14,17,01003KT,20,10
2022-10-14 18:00:00.000,2022,10,14,18,24014KT,17,13
2022-10-14 19:00:00.000,2022,10,14,19,25006KT,13,13
2022-10-14 20:00:00.000,2022,10,14,20,21006KT,15,13
2022-10-14 21:00:00.000,2022,10,14,21,30004KT,15,13
2022-10-14 22:00:00.000,2022,10,14,22,VRB02KT,14,13
2022-10-14 23:00:00.000,2022,10,14,23,34005KT,14,12
2022-10-15 00:00:00.000,2022,10,15,0,VRB02KT,14,12
2022-10-15 01:00:00.000,2022,10,15,1,VRB02KT,14,12
2022-10-15 02:00:00.000,2022,10,15,2,VRB02KT,13,12
2022-10-15 03:00:00.000,2022,10,15,3,VRB02KT,13,12
2022-10-15 04:00:00.000,2022,10,15,4,34003KT,13,12
2022-10-15 05:00:00.000,2022,10,15,5,VRB02KT,13,12
2022-10-15 06:00:00.000,2022,10,15,6,04003KT,13,12
2022-10-15 07:00:00.000,2022,10,15,7,VRB02KT,12,12
2022-10-15 08:00:00.000,2022,10,15,8,03004KT,12,11
2022-10-15 09:00:00.000,2022,10,15,9,06004KT,12,11
2022-10-15 10:00:00.000,2022,10,15,10,07004KT,11,10
2022-10-15 10:30:00.000,2022,10,15,10,VRB02KT,11,10
2022-10-15 11:00:00.000,2022,10,15,11,03004KT,11,10
2022-10-15 12:00:00.000,2022,10,15,12,06005KT,13,10
2022-10-15 13:00:00.000,2022,10,15,13,05006KT,13,11
2022-10-15 14:00:00.000,2022,10,15,14,05007KT,15,11
2022-10-15 15:00:00.000,2022,10,15,15,04006KT,16,11
2022-10-15 16:00:00.000,2022,10,15,16,06004KT,17,10
2022-10-15 17:00:00.000,2022,10,15,17,VRB02KT,18,10
2022-10-15 18:00:00.000,2022,10,15,18,04005KT,19,11
2022-10-15 19:00:00.000,2022,10,15,19,33005KT,20,09
2022-10-15 20:00:00.000,2022,10,15,20,29011KT,18,13
2022-10-15 20:25:00.000,2022,10,15,20,27013KT,16,14
2022-10-15 20:33:00.000,2022,10,15,20,23011KT,15,14
2022-10-15 21:00:00.000,2022,10,15,21,17011KT,14,13
2022-10-15 22:00:00.000,2022,10,15,22,24005KT,15,13
2022-10-15 23:00:00.000,2022,10,15,23,25005KT,14,12
2022-10-16 00:00:00.000,2022,10,16,0,31006KT,13,12
2022-10-16 01:00:00.000,2022,10,16,1,VRB02KT,12,12
2022-10-16 02:00:00.000,2022,10,16,2,30004KT,13,12
2022-10-16 03:00:00.000,2022,10,16,3,VRB02KT,12,11
2022-10-16 04:00:00.000,2022,10,16,4,VRB02KT,10,10
2022-10-16 05:00:00.000,2022,10,16,5,01003KT,10,10
2022-10-16 06:00:00.000,2022,10,16,6,35003KT,11,10
2022-10-16 07:00:00.000,2022,10,16,7,06004KT,11,10
2022-10-16 08:00:00.000,2022,10,16,8,03004KT,11,09
2022-10-16 09:00:00.000,2022,10,16,9,06004KT,10,09
2022-10-16 10:00:00.000,2022,10,16,10,03003KT,09,08
2022-10-16 10:30:00.000,2022,10,16,10,03004KT,09,08
2022-10-16 11:00:00.000,2022,10,16,11,04006KT,08,07
2022-10-16 12:00:00.000,2022,10,16,12,06005KT,12,09
2022-10-16 12:30:00.000,2022,10,16,12,05006KT,14,10
2022-10-16 13:00:00.000,2022,10,16,13,07004KT,15,10
2022-10-16 14:00:00.000,2022,10,16,14,10005KT,15,09
2022-10-16 15:00:00.000,2022,10,16,15,14007KT,17,09
2022-10-16 16:00:00.000,2022,10,16,16,17005KT,19,09
2022-10-16 17:00:00.000,2022,10,16,17,15007KT,19,09
2022-10-16 18:00:00.000,2022,10,16,18,VRB04KT,20,09
2022-10-17 07:00:00.000,2022,10,17,7,VRB02KT,11,10
2022-10-17 08:00:00.000,2022,10,17,8,27003KT,12,11
2022-10-17 09:00:00.000,2022,10,17,9,VRB02KT,10,10
2022-10-17 09:19:00.000,2022,10,17,9,34003KT,09,09
2022-10-17 09:31:00.000,2022,10,17,9,33003KT,09,09
2022-10-17 10:00:00.000,2022,10,17,10,29004KT,10,10
2022-10-17 10:16:00.000,2022,10,17,10,VRB02KT,10,09
2022-10-17 11:00:00.000,2022,10,17,11,VRB02KT,10,10
2022-10-17 11:29:00.000,2022,10,17,11,33005KT,09,09
2022-10-17 12:00:00.000,2022,10,17,12,31004KT,10,10
2022-10-17 12:34:00.000,2022,10,17,12,03003KT,11,10
2022-10-17 13:00:00.000,2022,10,17,13,VRB02KT,12,11
2022-10-17 13:34:00.000,2022,10,17,13,VRB02KT,13,12
2022-10-17 14:00:00.000,2022,10,17,14,VRB02KT,15,12
2022-10-17 15:00:00.000,2022,10,17,15,VRB02KT,17,12
2022-10-17 16:00:00.000,2022,10,17,16,36003KT,17,11
2022-10-17 17:00:00.000,2022,10,17,17,VRB03KT,20,09
2022-10-17 18:00:00.000,2022,10,17,18,24010KT,18,13
2022-10-17 18:23:00.000,2022,10,17,18,23010KT,17,13
2022-10-17 19:00:00.000,2022,10,17,19,33010KT,14,12
2022-10-17 20:00:00.000,2022,10,17,20,29007KT,15,13
2022-10-17 21:00:00.000,2022,10,17,21,29006KT,15,12
2022-10-17 22:00:00.000,2022,10,17,22,32005KT,14,13
2022-10-17 23:00:00.000,2022,10,17,23,35003KT,14,12
2022-10-18 00:00:00.000,2022,10,18,0,33004KT,14,12
2022-10-18 00:36:00.000,2022,10,18,0,VRB02KT,13,12
2022-10-18 01:00:00.000,2022,10,18,1,14006KT,13,12
2022-10-18 02:00:00.000,2022,10,18,2,09003KT,12,12
2022-10-18 03:00:00.000,2022,10,18,3,VRB02KT,12,11
2022-10-18 04:00:00.000,2022,10,18,4,VRB02KT,11,11
2022-10-18 05:00:00.000,2022,10,18,5,VRB02KT,11,11
2022-10-18 06:00:00.000,2022,10,18,6,VRB02KT,11,11
2022-10-18 07:00:00.000,2022,10,18,7,02003KT,11,11
2022-10-18 08:00:00.000,2022,10,18,8,33003KT,10,10
2022-10-18 09:00:00.000,2022,10,18,9,28003KT,10,10
2022-10-18 09:13:00.000,2022,10,18,9,VRB02KT,10,10
2022-10-18 09:24:00.000,2022,10,18,9,VRB02KT,10,10
2022-10-18 10:00:00.000,2022,10,18,10,00000KT,10,10
2022-10-18 11:00:00.000,2022,10,18,11,05006KT,10,10
2022-10-18 12:00:00.000,2022,10,18,12,VRB02KT,12,11
2022-10-18 12:30:00.000,2022,10,18,12,VRB02KT,14,12
2022-10-18 13:00:00.000,2022,10,18,13,VRB02KT,15,12
2022-10-18 14:00:00.000,2022,10,18,14,VRB02KT,17,11
2022-10-18 15:00:00.000,2022,10,18,15,16003KT,18,11
2022-10-18 16:00:00.000,2022,10,18,16,VRB02KT,20,11
2022-10-18 17:00:00.000,2022,10,18,17,32008KT,19,14
2022-10-18 17:32:00.000,2022,10,18,17,30014KT,17,12
2022-10-18 18:00:00.000,2022,10,18,18,29011KT,16,13
2022-10-18 19:00:00.000,2022,10,18,19,28004KT,14,13
2022-10-18 19:08:00.000,2022,10,18,19,34005KT,14,13
2022-10-18 20:00:00.000,2022,10,18,20,29005KT,13,12
2022-10-18 21:00:00.000,2022,10,18,21,29005KT,13,12
2022-10-18 22:00:00.000,2022,10,18,22,17006KT,14,11
2022-10-18 23:00:00.000,2022,10,18,23,05004KT,13,12
2022-10-19 00:00:00.000,2022,10,19,0,VRB02KT,12,11
2022-10-19 01:00:00.000,2022,10,19,1,08004KT,13,11
2022-10-19 02:00:00.000,2022,10,19,2,04004KT,13,12
2022-10-19 03:00:00.000,2022,10,19,3,02003KT,12,12
2022-10-19 04:00:00.000,2022,10,19,4,04003KT,12,11
2022-10-19 05:00:00.000,2022,10,19,5,VRB02KT,12,11
2022-10-19 06:00:00.000,2022,10,19,6,VRB02KT,12,11
2022-10-19 07:00:00.000,2022,10,19,7,03004KT,12,11
2022-10-19 08:00:00.000,2022,10,19,8,VRB01KT,11,11
2022-10-19 09:00:00.000,2022,10,19,9,VRB02KT,10,10
2022-10-19 10:00:00.000,2022,10,19,10,VRB02KT,11,10
2022-10-19 10:31:00.000,2022,10,19,10,34002KT,10,10
2022-10-19 11:00:00.000,2022,10,19,11,VRB02KT,10,10
2022-10-19 12:00:00.000,2022,10,19,12,05003KT,12,12
2022-10-19 13:00:00.000,2022,10,19,13,02004KT,15,13
2022-10-19 14:00:00.000,2022,10,19,14,09003KT,17,12
2022-10-19 15:00:00.000,2022,10,19,15,04008KT,18,10
2022-10-19 16:00:00.000,2022,10,19,16,09005KT,19,09
2022-10-19 17:00:00.000,2022,10,19,17,07005KT,18,10
2022-10-19 18:00:00.000,2022,10,19,18,24008KT,16,13
2022-10-19 19:00:00.000,2022,10,19,19,28011KT,17,13
2022-10-19 20:00:00.000,2022,10,19,20,29010KT,18,13
2022-10-19 21:00:00.000,2022,10,19,21,29010KT,17,12
2022-10-19 22:00:00.000,2022,10,19,22,17008KT,15,12
2022-10-19 22:21:00.000,2022,10,19,22,08004KT,13,12
2022-10-19 23:00:00.000,2022,10,19,23,VRB02KT,13,12
2022-10-20 00:00:00.000,2022,10,20,0,VRB02KT,12,12
2022-10-20 01:00:00.000,2022,10,20,1,VRB02KT,13,12
2022-10-20 02:00:00.000,2022,10,20,2,VRB02KT,13,12
2022-10-20 03:00:00.000,2022,10,20,3,VRB02KT,13,12
2022-10-20 04:00:00.000,2022,10,20,4,VRB02KT,13,12
2022-10-20 05:00:00.000,2022,10,20,5,36003KT,13,12
2022-10-20 06:00:00.000,2022,10,20,6,06006KT,12,11
2022-10-20 07:00:00.000,2022,10,20,7,04004KT,12,10
2022-10-20 08:00:00.000,2022,10,20,8,05005KT,11,10
2022-10-20 09:00:00.000,2022,10,20,9,04003KT,11,10
2022-10-20 10:00:00.000,2022,10,20,10,05005KT,11,10
2022-10-20 10:31:00.000,2022,10,20,10,07003KT,11,09
2022-10-20 11:00:00.000,2022,10,20,11,06003KT,11,10
2022-10-20 12:00:00.000,2022,10,20,12,04004KT,12,10
2022-10-20 13:00:00.000,2022,10,20,13,03004KT,12,10
2022-10-20 14:00:00.000,2022,10,20,14,06003KT,14,10
2022-10-20 15:00:00.000,2022,10,20,15,01003KT,15,11
2022-10-20 16:00:00.000,2022,10,20,16,04006KT,15,11
2022-10-20 17:00:00.000,2022,10,20,17,01003KT,16,11
2022-10-20 18:00:00.000,2022,10,20,18,04004KT,17,11
2022-10-20 19:00:00.000,2022,10,20,19,02003KT,18,11
2022-10-20 20:00:00.000,2022,10,20,20,27008KT,14,12
2022-10-20 21:00:00.000,2022,10,20,21,29007KT,14,12
2022-10-20 22:00:00.000,2022,10,20,22,26004KT,14,11
2022-10-20 23:00:00.000,2022,10,20,23,00000KT,13,11
2022-10-21 00:00:00.000,2022,10,21,0,VRB02KT,13,11
2022-10-21 01:00:00.000,2022,10,21,1,04004KT,11,10
2022-10-21 02:00:00.000,2022,10,21,2,VRB02KT,11,10
2022-10-21 03:00:00.000,2022,10,21,3,27005KT,12,10
2022-10-21 04:00:00.000,2022,10,21,4,VRB02KT,12,11
2022-10-21 05:00:00.000,2022,10,21,5,03004KT,10,10
2022-10-21 06:00:00.000,2022,10,21,6,VRB02KT,11,11
2022-10-21 07:00:00.000,2022,10,21,7,33006KT,10,09
2022-10-21 08:00:00.000,2022,10,21,8,VRB02KT,11,10
2022-10-21 09:00:00.000,2022,10,21,9,VRB02KT,11,11
2022-10-21 10:00:00.000,2022,10,21,10,VRB04KT,11,11
2022-10-21 10:32:00.000,2022,10,21,10,VRB02KT,11,11
2022-10-21 11:00:00.000,2022,10,21,11,VRB02KT,11,11
2022-10-21 12:00:00.000,2022,10,21,12,01003KT,12,11
2022-10-21 13:00:00.000,2022,10,21,13,03003KT,13,11
2022-10-21 13:24:00.000,2022,10,21,13,VRB03KT,16,12
2022-10-21 14:00:00.000,2022,10,21,14,VRB03KT,15,12
2022-10-21 15:00:00.000,2022,10,21,15,04005KT,17,11
2022-10-21 16:00:00.000,2022,10,21,16,28005KT,19,11
2022-10-21 17:00:00.000,2022,10,21,17,28005KT,19,11
2022-10-21 18:00:00.000,2022,10,21,18,30013KT,19,14
2022-10-21 19:00:00.000,2022,10,21,19,27012KT,17,13
2022-10-21 20:00:00.000,2022,10,21,20,26008KT,18,13
2022-10-21 21:00:00.000,2022,10,21,21,26010KT,17,13
2022-10-21 22:00:00.000,2022,10,21,22,25010KT,16,13
2022-10-21 23:00:00.000,2022,10,21,23,33007KT,16,13
2022-10-22 00:00:00.000,2022,10,22,0,30007KT,15,12
2022-10-22 01:00:00.000,2022,10,22,1,31008KT,14,12
2022-10-22 02:00:00.000,2022,10,22,2,29004KT,14,12
2022-10-22 03:00:00.000,2022,10,22,3,31007KT,13,12
2022-10-22 04:00:00.000,2022,10,22,4,32005KT,13,12
2022-10-22 05:00:00.000,2022,10,22,5,31006KT,13,11
2022-10-22 06:00:00.000,2022,10,22,6,30005KT,12,11
2022-10-22 07:00:00.000,2022,10,22,7,VRB02KT,12,11
2022-10-22 08:00:00.000,2022,10,22,8,28003KT,12,11
2022-10-22 09:00:00.000,2022,10,22,9,VRB02KT,11,11
2022-10-22 10:00:00.000,2022,10,22,10,VRB02KT,12,11
2022-10-22 10:31:00.000,2022,10,22,10,VRB02KT,11,10
2022-10-22 11:00:00.000,2022,10,22,11,34004KT,11,11
2022-10-22 12:00:00.000,2022,10,22,12,VRB02KT,12,11
2022-10-22 13:00:00.000,2022,10,22,13,VRB02KT,16,11
2022-10-22 14:00:00.000,2022,10,22,14,06004KT,17,11
2022-10-22 15:00:00.000,2022,10,22,15,08004KT,19,10
2022-10-22 16:00:00.000,2022,10,22,16,29005KT,20,11
2022-10-22 17:00:00.000,2022,10,22,17,25011KT,17,13
2022-10-22 17:16:00.000,2022,10,22,17,24011KT,16,12
2022-10-22 17:32:00.000,2022,10,22,17,22009KT,16,12
2022-10-22 18:00:00.000,2022,10,22,18,19009KT,15,12
2022-10-22 19:00:00.000,2022,10,22,19,24004KT,15,12
2022-10-22 20:00:00.000,2022,10,22,20,29005KT,16,13
2022-10-22 21:00:00.000,2022,10,22,21,34006KT,16,13
2022-10-22 22:00:00.000,2022,10,22,22,VRB02KT,16,13
2022-10-22 23:00:00.000,2022,10,22,23,29004KT,15,13
2022-10-23 00:00:00.000,2022,10,23,0,30003KT,15,12
2022-10-23 01:00:00.000,2022,10,23,1,23004KT,15,12
2022-10-23 01:13:00.000,2022,10,23,1,20003KT,15,12
2022-10-23 01:23:00.000,2022,10,23,1,21004KT,15,12
2022-10-23 02:00:00.000,2022,10,23,2,21007KT,14,13
2022-10-23 02:38:00.000,2022,10,23,2,VRB02KT,14,13
2022-10-23 03:00:00.000,2022,10,23,3,28003KT,14,13
2022-10-23 04:00:00.000,2022,10,23,4,VRB02KT,13,13
2022-10-23 05:00:00.000,2022,10,23,5,VRB02KT,13,12
2022-10-23 06:00:00.000,2022,10,23,6,VRB02KT,13,12
2022-10-23 07:00:00.000,2022,10,23,7,00000KT,12,11
2022-10-23 08:00:00.000,2022,10,23,8,20003KT,12,11
2022-10-23 09:00:00.000,2022,10,23,9,00000KT,12,11
2022-10-23 10:00:00.000,2022,10,23,10,VRB02KT,12,11
2022-10-23 10:29:00.000,2022,10,23,10,03003KT,11,11
2022-10-23 11:00:00.000,2022,10,23,11,33003KT,12,11
2022-10-23 12:00:00.000,2022,10,23,12,04003KT,12,12
2022-10-23 12:23:00.000,2022,10,23,12,05006KT,14,12
2022-10-23 13:00:00.000,2022,10,23,13,08004KT,15,11
2022-10-23 14:00:00.000,2022,10,23,14,VRB02KT,18,11
2022-10-23 15:00:00.000,2022,10,23,15,35004KT,17,11
2022-10-23 16:00:00.000,2022,10,23,16,02006KT,18,10
2022-10-23 17:00:00.000,2022,10,23,17,05006KT,19,12
2022-10-23 18:00:00.000,2022,10,23,18,24007KT,17,13
2022-10-23 19:00:00.000,2022,10,23,19,24008KT,18,13
2022-10-23 20:00:00.000,2022,10,23,20,30013KT,16,13
2022-10-23 21:00:00.000,2022,10,23,21,30007KT,16,13
2022-10-23 22:00:00.000,2022,10,23,22,24007KT,15,13
2022-10-23 23:00:00.000,2022,10,23,23,01003KT,13,10
2022-10-24 00:00:00.000,2022,10,24,0,03004KT,13,11
2022-10-24 01:00:00.000,2022,10,24,1,05004KT,13,12
2022-10-24 02:00:00.000,2022,10,24,2,05005KT,13,12
2022-10-24 03:00:00.000,2022,10,24,3,11004KT,12,11
2022-10-24 04:00:00.000,2022,10,24,4,07005KT,12,11
2022-10-24 05:00:00.000,2022,10,24,5,04007KT,12,11
2022-10-24 06:00:00.000,2022,10,24,6,05005KT,12,11
2022-10-24 07:00:00.000,2022,10,24,7,06006KT,12,10
2022-10-24 08:00:00.000,2022,10,24,8,02004KT,11,10
2022-10-24 09:00:00.000,2022,10,24,9,03004KT,11,10
2022-10-24 10:00:00.000,2022,10,24,10,05005KT,11,10
2022-10-24 10:30:00.000,2022,10,24,10,06007KT,11,10
2022-10-24 11:00:00.000,2022,10,24,11,05005KT,11,10
2022-10-24 12:00:00.000,2022,10,24,12,04006KT,11,10
2022-10-24 13:00:00.000,2022,10,24,13,06005KT,14,11
2022-10-24 14:00:00.000,2022,10,24,14,VRB02KT,16,11
2022-10-24 15:00:00.000,2022,10,24,15,30004KT,16,10
2022-10-24 16:00:00.000,2022,10,24,16,28004KT,17,10
2022-10-24 17:00:00.000,2022,10,24,17,16004KT,18,11
2022-10-24 18:00:00.000,2022,10,24,18,15010KT,18,09
2022-10-24 19:00:00.000,2022,10,24,19,15006KT,20,10
2022-10-24 20:00:00.000,2022,10,24,20,07006KT,19,10
2022-10-24 21:00:00.000,2022,10,24,21,25008KT,15,13
2022-10-24 22:00:00.000,2022,10,24,22,24006KT,15,12
2022-10-24 23:00:00.000,2022,10,24,23,30006KT,14,12
2022-10-25 00:00:00.000,2022,10,25,0,33004KT,13,12
2022-10-25 01:00:00.000,2022,10,25,1,31004KT,14,11
2022-10-25 02:00:00.000,2022,10,25,2,VRB02KT,13,11
2022-10-25 03:00:00.000,2022,10,25,3,VRB02KT,13,12
2022-10-25 04:00:00.000,2022,10,25,4,28004KT,13,11
2022-10-25 05:00:00.000,2022,10,25,5,36004KT,12,11
2022-10-25 06:00:00.000,2022,10,25,6,30004KT,12,11
2022-10-25 07:00:00.000,2022,10,25,7,VRB02KT,11,11
2022-10-25 08:00:00.000,2022,10,25,8,VRB02KT,10,10
2022-10-25 09:00:00.000,2022,10,25,9,VRB02KT,11,11
2022-10-25 10:00:00.000,2022,10,25,10,01003KT,11,10
2022-10-25 10:31:00.000,2022,10,25,10,08003KT,11,10
2022-10-25 11:00:00.000,2022,10,25,11,08004KT,11,10
2022-10-25 12:00:00.000,2022,10,25,12,03004KT,13,11
2022-10-25 13:00:00.000,2022,10,25,13,VRB02KT,16,11
2022-10-25 14:00:00.000,2022,10,25,14,VRB04KT,17,11
2022-10-25 15:00:00.000,2022,10,25,15,33003KT,18,11
2022-10-25 16:00:00.000,2022,10,25,16,33005KT,20,12
2022-10-25 17:00:00.000,2022,10,25,17,34005KT,20,11
2022-10-25 18:00:00.000,2022,10,25,18,VRB02KT,20,10
2022-10-25 19:00:00.000,2022,10,25,19,25008KT,19,14
2022-10-25 19:23:00.000,2022,10,25,19,26012G22KT,18,14
2022-10-25 20:00:00.000,2022,10,25,20,28012KT,18,14
2022-10-25 21:00:00.000,2022,10,25,21,27009KT,17,14
2022-10-25 22:00:00.000,2022,10,25,22,26007KT,17,13
2022-10-25 22:21:00.000,2022,10,25,22,25005KT,17,14
2022-10-25 23:00:00.000,2022,10,25,23,33008KT,15,13
2022-10-26 00:00:00.000,2022,10,26,0,33005KT,15,13
2022-10-26 01:00:00.000,2022,10,26,1,30007KT,15,12
2022-10-26 02:00:00.000,2022,10,26,2,31006KT,14,11
2022-10-26 03:00:00.000,2022,10,26,3,18003G14KT,13,10
2022-10-26 04:00:00.000,2022,10,26,4,34006KT,12,11
2022-10-26 05:00:00.000,2022,10,26,5,26003KT,13,11
2022-10-26 05:17:00.000,2022,10,26,5,31005G15KT,12,11
2022-10-26 06:00:00.000,2022,10,26,6,25003KT,12,12
2022-10-26 07:00:00.000,2022,10,26,7,VRB02KT,12,11
2022-10-26 08:00:00.000,2022,10,26,8,VRB02KT,12,12
2022-10-26 09:00:00.000,2022,10,26,9,VRB02KT,12,12
2022-10-26 10:00:00.000,2022,10,26,10,VRB02KT,12,12
2022-10-26 10:32:00.000,2022,10,26,10,VRB02KT,12,12
2022-10-26 11:00:00.000,2022,10,26,11,VRB02KT,12,12
2022-10-26 12:00:00.000,2022,10,26,12,06003KT,13,12
2022-10-26 13:00:00.000,2022,10,26,13,VRB02KT,13,12
2022-10-26 14:00:00.000,2022,10,26,14,02004KT,15,12
2022-10-26 15:00:00.000,2022,10,26,15,30004KT,17,12
2022-10-26 16:00:00.000,2022,10,26,16,32009KT,18,12
2022-10-26 17:00:00.000,2022,10,26,17,32008KT,18,13
2022-10-26 18:00:00.000,2022,10,26,18,28012KT,17,13
2022-10-26 19:00:00.000,2022,10,26,19,32008KT,19,13
2022-10-26 20:00:00.000,2022,10,26,20,33006KT,18,11
2022-10-26 21:00:00.000,2022,10,26,21,25007KT,17,13
2022-10-26 22:00:00.000,2022,10,26,22,33008KT,15,12
2022-10-26 23:00:00.000,2022,10,26,23,28005KT,14,11
2022-10-27 00:00:00.000,2022,10,27,0,24005KT,14,12
2022-10-27 01:00:00.000,2022,10,27,1,24006KT,14,12
2022-10-27 02:00:00.000,2022,10,27,2,VRB02KT,13,12
2022-10-27 03:00:00.000,2022,10,27,3,30004KT,13,12
2022-10-27 04:00:00.000,2022,10,27,4,23003KT,13,12
2022-10-27 05:00:00.000,2022,10,27,5,VRB02KT,13,12
2022-10-27 06:00:00.000,2022,10,27,6,VRB02KT,12,12
2022-10-27 07:00:00.000,2022,10,27,7,VRB02KT,12,12
2022-10-27 08:00:00.000,2022,10,27,8,VRB02KT,12,11
2022-10-27 09:00:00.000,2022,10,27,9,VRB02KT,12,11
2022-10-27 10:00:00.000,2022,10,27,10,34003KT,12,12
2022-10-27 10:30:00.000,2022,10,27,10,VRB02KT,12,12
2022-10-27 11:00:00.000,2022,10,27,11,VRB02KT,12,12
2022-10-27 12:00:00.000,2022,10,27,12,VRB02KT,13,12
2022-10-27 13:00:00.000,2022,10,27,13,04004KT,14,12
2022-10-27 14:00:00.000,2022,10,27,14,04004KT,15,13
2022-10-27 15:00:00.000,2022,10,27,15,11004KT,18,12
2022-10-27 16:00:00.000,2022,10,27,16,12003KT,19,12
2022-10-27 17:00:00.000,2022,10,27,17,24010KT,18,12
2022-10-27 18:00:00.000,2022,10,27,18,29010KT,18,12
2022-10-27 19:00:00.000,2022,10,27,19,26010KT,18,12
2022-10-27 20:00:00.000,2022,10,27,20,35010KT,15,12
2022-10-27 20:34:00.000,2022,10,27,20,32007KT,14,12
2022-10-27 21:00:00.000,2022,10,27,21,32006KT,14,13
2022-10-27 22:00:00.000,2022,10,27,22,VRB04KT,15,13
2022-10-27 23:00:00.000,2022,10,27,23,VRB02KT,14,13
2022-10-28 00:00:00.000,2022,10,28,0,25003KT,14,12
2022-10-28 01:00:00.000,2022,10,28,1,31010KT,13,12
2022-10-28 02:00:00.000,2022,10,28,2,28004KT,13,12
2022-10-28 03:00:00.000,2022,10,28,3,28004KT,13,12
2022-10-28 04:00:00.000,2022,10,28,4,28004KT,13,12
2022-10-28 05:00:00.000,2022,10,28,5,34003KT,13,12
2022-10-28 06:00:00.000,2022,10,28,6,30006KT,13,12
2022-10-28 07:00:00.000,2022,10,28,7,VRB02KT,12,12
2022-10-28 08:00:00.000,2022,10,28,8,VRB02KT,13,12
2022-10-28 09:00:00.000,2022,10,28,9,VRB02KT,12,12
2022-10-28 10:00:00.000,2022,10,28,10,00000KT,13,12
2022-10-28 10:33:00.000,2022,10,28,10,VRB02KT,12,11
2022-10-28 11:00:00.000,2022,10,28,11,VRB02KT,12,12
2022-10-28 12:00:00.000,2022,10,28,12,VRB02KT,13,11
2022-10-28 13:00:00.000,2022,10,28,13,32003KT,14,12
2022-10-28 14:00:00.000,2022,10,28,14,31005KT,16,11
2022-10-28 15:00:00.000,2022,10,28,15,32006KT,17,13
2022-10-28 16:00:00.000,2022,10,28,16,30007KT,18,12
2022-10-28 17:00:00.000,2022,10,28,17,31010KT,16,14
2022-10-28 17:31:00.000,2022,10,28,17,34005KT,19,13
2022-10-28 18:00:00.000,2022,10,28,18,VRB04KT,19,13
2022-10-28 18:30:00.000,2022,10,28,18,31013KT,19,12
2022-10-28 19:00:00.000,2022,10,28,19,32011KT,19,13
2022-10-28 20:00:00.000,2022,10,28,20,31012KT,17,12
2022-10-28 21:00:00.000,2022,10,28,21,32011KT,16,12
2022-10-28 22:00:00.000,2022,10,28,22,32009KT,15,12
2022-10-28 23:00:00.000,2022,10,28,23,31008KT,13,13
2022-10-29 00:00:00.000,2022,10,29,0,31005KT,14,13
2022-10-29 01:00:00.000,2022,10,29,1,31008KT,14,13
2022-10-29 02:00:00.000,2022,10,29,2,32003KT,13,12
2022-10-29 03:00:00.000,2022,10,29,3,31006KT,13,11
2022-10-29 04:00:00.000,2022,10,29,4,32004KT,13,11
2022-10-29 05:00:00.000,2022,10,29,5,29004KT,13,11
2022-10-29 06:00:00.000,2022,10,29,6,VRB04KT,12,12
2022-10-29 07:00:00.000,2022,10,29,7,27004KT,13,11
2022-10-29 08:00:00.000,2022,10,29,8,23006G16KT,12,11
2022-10-29 09:00:00.000,2022,10,29,9,25004KT,12,11
2022-10-29 10:00:00.000,2022,10,29,10,23006KT,12,11
2022-10-29 10:32:00.000,2022,10,29,10,27006KT,12,11
2022-10-29 11:00:00.000,2022,10,29,11,26006KT,12,11
2022-10-29 12:00:00.000,2022,10,29,12,VRB02KT,12,11
2022-10-29 13:00:00.000,2022,10,29,13,27003KT,13,11
2022-10-29 14:00:00.000,2022,10,29,14,24004KT,14,11
2022-10-29 15:00:00.000,2022,10,29,15,25005KT,15,11
2022-10-29 16:00:00.000,2022,10,29,16,25005KT,17,12
2022-10-29 17:00:00.000,2022,10,29,17,27004KT,18,12
2022-10-29 18:00:00.000,2022,10,29,18,31010KT,17,13
2022-10-29 19:00:00.000,2022,10,29,19,33010KT,17,12
2022-10-29 20:00:00.000,2022,10,29,20,33010KT,17,11
2022-10-29 21:00:00.000,2022,10,29,21,31010KT,15,12
2022-10-29 22:00:00.000,2022,10,29,22,34008KT,15,11
2022-10-29 23:00:00.000,2022,10,29,23,35005KT,14,11
2022-10-30 00:00:00.000,2022,10,30,0,26003KT,14,11
2022-10-30 01:00:00.000,2022,10,30,1,28003KT,13,11
2022-10-30 02:00:00.000,2022,10,30,2,29005KT,13,11
2022-10-30 03:00:00.000,2022,10,30,3,32006KT,13,11
2022-10-30 04:00:00.000,2022,10,30,4,34003KT,13,11
2022-10-30 05:00:00.000,2022,10,30,5,VRB02KT,12,11
2022-10-30 06:00:00.000,2022,10,30,6,29004KT,12,11
2022-10-30 07:00:00.000,2022,10,30,7,VRB02KT,11,10
2022-10-30 08:00:00.000,2022,10,30,8,32004KT,12,11
2022-10-30 10:00:00.000,2022,10,30,10,VRB02KT,11,11
2022-10-30 10:30:00.000,2022,10,30,10,VRB02KT,11,10
2022-10-30 11:00:00.000,2022,10,30,11,VRB02KT,11,09
2022-10-30 12:00:00.000,2022,10,30,12,VRB02KT,14,10
2022-10-30 13:00:00.000,2022,10,30,13,05004KT,15,11
2022-10-30 14:00:00.000,2022,10,30,14,06003KT,17,10
2022-10-30 15:00:00.000,2022,10,30,15,03004KT,17,09
2022-10-30 16:00:00.000,2022,10,30,16,35005KT,18,09
2022-10-30 17:00:00.000,2022,10,30,17,33005KT,19,10
2022-10-30 18:00:00.000,2022,10,30,18,30010KT,19,11
2022-10-30 19:00:00.000,2022,10,30,19,29011KT,19,12
2022-10-30 20:00:00.000,2022,10,30,20,29014KT,19,11
2022-10-30 21:00:00.000,2022,10,30,21,30013G24KT,18,11
2022-10-30 23:00:00.000,2022,10,30,23,30009KT,14,11
2022-10-31 00:00:00.000,2022,10,31,0,27005KT,14,11
2022-10-31 01:00:00.000,2022,10,31,1,27004KT,13,11
2022-10-31 02:00:00.000,2022,10,31,2,29004KT,13,11
2022-10-31 03:00:00.000,2022,10,31,3,00000KT,11,10
2022-10-31 04:00:00.000,2022,10,31,4,33003KT,11,10
2022-10-31 05:00:00.000,2022,10,31,5,VRB02KT,10,09
2022-10-31 06:00:00.000,2022,10,31,6,VRB02KT,10,10
2022-10-31 07:00:00.000,2022,10,31,7,VRB02KT,07,07
2022-10-31 08:00:00.000,2022,10,31,8,01003KT,08,07
2022-10-31 09:00:00.000,2022,10,31,9,VRB02KT,07,07
2022-10-31 10:00:00.000,2022,10,31,10,05004KT,08,07
2022-10-31 10:29:00.000,2022,10,31,10,06005KT,09,07
2022-10-31 11:00:00.000,2022,10,31,11,06005KT,09,07
2022-10-31 12:00:00.000,2022,10,31,12,VRB02KT,10,08
2022-10-31 12:24:00.000,2022,10,31,12,04004KT,12,08
2022-10-31 13:00:00.000,2022,10,31,13,04004KT,13,08
2022-10-31 14:00:00.000,2022,10,31,14,05004KT,15,09
2022-10-31 15:00:00.000,2022,10,31,15,34003KT,17,10
2022-10-31 16:00:00.000,2022,10,31,16,VRB02KT,19,08
2022-10-31 17:00:00.000,2022,10,31,17,29005KT,20,05
2022-10-31 18:00:00.000,2022,10,31,18,28012KT,20,12
2022-10-31 19:00:00.000,2022,10,31,19,28010KT,20,11
2022-10-31 20:00:00.000,2022,10,31,20,26010KT,19,12
2022-10-31 21:00:00.000,2022,10,31,21,16008G18KT,16,09
2022-10-31 22:00:00.000,2022,10,31,22,17006KT,15,11
2022-10-31 23:00:00.000,2022,10,31,23,06004KT,14,11
2022-11-01 00:00:00.000,2022,11,1,0,35003KT,13,11
2022-11-01 01:00:00.000,2022,11,1,1,VRB02KT,12,11
2022-11-01 02:00:00.000,2022,11,1,2,VRB02KT,13,11
2022-11-01 03:00:00.000,2022,11,1,3,02003KT,12,11
2022-11-01 04:00:00.000,2022,11,1,4,VRB02KT,12,11
2022-11-01 05:00:00.000,2022,11,1,5,35003KT,12,11
2022-11-01 06:00:00.000,2022,11,1,6,34003KT,11,11
2022-11-01 07:00:00.000,2022,11,1,7,VRB02KT,11,10
2022-11-01 08:00:00.000,2022,11,1,8,VRB02KT,10,09
2022-11-01 09:00:00.000,2022,11,1,9,VRB02KT,10,10
2022-11-01 10:00:00.000,2022,11,1,10,VRB02KT,11,10
2022-11-01 10:32:00.000,2022,11,1,10,04004KT,11,10
2022-11-01 11:00:00.000,2022,11,1,11,07003KT,11,10
2022-11-01 12:00:00.000,2022,11,1,12,06005KT,11,11
2022-11-01 13:00:00.000,2022,11,1,13,06006KT,14,11
2022-11-01 14:00:00.000,2022,11,1,14,04007KT,15,10
2022-11-01 15:00:00.000,2022,11,1,15,08008KT,18,10
2022-11-01 16:00:00.000,2022,11,1,16,05008KT,18,10
2022-11-01 17:00:00.000,2022,11,1,17,13008KT,20,08
2022-11-01 18:00:00.000,2022,11,1,18,13004KT,21,09
2022-11-01 19:00:00.000,2022,11,1,19,26010KT,19,12
2022-11-01 20:00:00.000,2022,11,1,20,25011KT,19,13
2022-11-01 21:00:00.000,2022,11,1,21,27011KT,18,12
2022-11-01 22:00:00.000,2022,11,1,22,27007KT,16,12
2022-11-01 23:00:00.000,2022,11,1,23,23006KT,16,12
2022-11-02 00:00:00.000,2022,11,2,0,23005KT,15,11
2022-11-02 01:00:00.000,2022,11,2,1,29003KT,15,11
2022-11-02 02:00:00.000,2022,11,2,2,VRB02KT,13,11
2022-11-02 03:00:00.000,2022,11,2,3,VRB02KT,11,11
2022-11-02 04:00:00.000,2022,11,2,4,34004KT,11,10
2022-11-02 05:00:00.000,2022,11,2,5,VRB02KT,11,10
2022-11-02 06:00:00.000,2022,11,2,6,VRB02KT,12,10
2022-11-02 07:00:00.000,2022,11,2,7,VRB02KT,11,10
2022-11-02 08:00:00.000,2022,11,2,8,33003KT,10,10
2022-11-02 09:00:00.000,2022,11,2,9,VRB02KT,11,10
2022-11-02 10:00:00.000,2022,11,2,10,VRB02KT,10,10
2022-11-02 10:30:00.000,2022,11,2,10,VRB02KT,10,10
2022-11-02 11:00:00.000,2022,11,2,11,VRB02KT,11,10
2022-11-02 12:00:00.000,2022,11,2,12,02003KT,11,10
2022-11-02 13:00:00.000,2022,11,2,13,06004KT,12,11
2022-11-02 14:00:00.000,2022,11,2,14,03005KT,14,11
2022-11-02 15:00:00.000,2022,11,2,15,03004KT,15,11
2022-11-02 16:00:00.000,2022,11,2,16,04008KT,14,11
2022-11-02 17:00:00.000,2022,11,2,17,02003KT,14,13
2022-11-02 18:00:00.000,2022,11,2,18,21005KT,15,11
2022-11-02 19:00:00.000,2022,11,2,19,26005KT,15,12
2022-11-02 20:00:00.000,2022,11,2,20,VRB04KT,16,12
2022-11-02 20:35:00.000,2022,11,2,20,VRB02KT,15,11
2022-11-02 21:00:00.000,2022,11,2,21,VRB02KT,13,12
2022-11-02 22:00:00.000,2022,11,2,22,14004KT,13,12
2022-11-02 23:00:00.000,2022,11,2,23,07005KT,12,11
2022-11-03 00:00:00.000,2022,11,3,0,03004KT,12,11
2022-11-03 01:00:00.000,2022,11,3,1,06006KT,11,11
2022-11-03 02:00:00.000,2022,11,3,2,VRB02KT,11,10
2022-11-03 03:00:00.000,2022,11,3,3,01003KT,11,10
2022-11-03 04:00:00.000,2022,11,3,4,34003KT,11,10
2022-11-03 05:00:00.000,2022,11,3,5,VRB02KT,10,10
2022-11-03 06:00:00.000,2022,11,3,6,07003KT,10,09
2022-11-03 07:00:00.000,2022,11,3,7,05004KT,09,09
2022-11-03 08:00:00.000,2022,11,3,8,05005KT,09,09
2022-11-03 09:00:00.000,2022,11,3,9,VRB02KT,09,09
2022-11-03 10:00:00.000,2022,11,3,10,VRB02KT,09,08
2022-11-03 10:30:00.000,2022,11,3,10,06004KT,09,08
2022-11-03 11:00:00.000,2022,11,3,11,06004KT,09,08
2022-11-03 12:00:00.000,2022,11,3,12,07006KT,11,10
2022-11-03 12:34:00.000,2022,11,3,12,11004KT,13,10
2022-11-03 13:00:00.000,2022,11,3,13,09004KT,13,10
2022-11-03 14:00:00.000,2022,11,3,14,13004KT,15,09
2022-11-03 15:00:00.000,2022,11,3,15,15004KT,17,09
2022-11-03 16:00:00.000,2022,11,3,16,16012KT,18,09
2022-11-03 17:00:00.000,2022,11,3,17,17013KT,20,10
2022-11-03 18:00:00.000,2022,11,3,18,14010KT,18,08
2022-11-03 19:00:00.000,2022,11,3,19,16007KT,19,09
2022-11-03 20:00:00.000,2022,11,3,20,35007KT,16,10
2022-11-03 21:00:00.000,2022,11,3,21,31006KT,16,09
2022-11-03 22:00:00.000,2022,11,3,22,32007KT,15,09
2022-11-03 23:00:00.000,2022,11,3,23,29003KT,15,11
2022-11-04 00:00:00.000,2022,11,4,0,28004KT,14,10
2022-11-04 01:00:00.000,2022,11,4,1,VRB02KT,13,10
2022-11-04 02:00:00.000,2022,11,4,2,VRB02KT,13,10
2022-11-04 03:00:00.000,2022,11,4,3,VRB02KT,13,10
2022-11-04 04:00:00.000,2022,11,4,4,30003KT,13,10
2022-11-04 05:00:00.000,2022,11,4,5,28004KT,13,11
2022-11-04 06:00:00.000,2022,11,4,6,29003KT,12,11
2022-11-04 07:00:00.000,2022,11,4,7,33004KT,11,11
2022-11-04 08:00:00.000,2022,11,4,8,VRB02KT,11,10
2022-11-04 09:00:00.000,2022,11,4,9,VRB02KT,11,10
2022-11-04 10:00:00.000,2022,11,4,10,VRB02KT,11,10
2022-11-04 10:28:00.000,2022,11,4,10,VRB02KT,10,10
2022-11-04 11:00:00.000,2022,11,4,11,VRB02KT,10,09
2022-11-04 12:00:00.000,2022,11,4,12,35003KT,11,10
2022-11-04 13:00:00.000,2022,11,4,13,VRB02KT,13,11
2022-11-04 14:00:00.000,2022,11,4,14,34003KT,15,11
2022-11-04 15:00:00.000,2022,11,4,15,28004KT,17,10
2022-11-04 16:00:00.000,2022,11,4,16,30005KT,18,11
2022-11-04 17:00:00.000,2022,11,4,17,24012KT,17,10
2022-11-04 18:00:00.000,2022,11,4,18,25010KT,17,10
2022-11-04 19:00:00.000,2022,11,4,19,25009KT,17,10
2022-11-04 20:00:00.000,2022,11,4,20,25009KT,15,10
2022-11-04 21:00:00.000,2022,11,4,21,25009KT,16,11
2022-11-04 22:00:00.000,2022,11,4,22,29008KT,15,11
2022-11-04 23:00:00.000,2022,11,4,23,28006KT,14,10
2022-11-05 00:00:00.000,2022,11,5,0,VRB02KT,13,11
2022-11-05 01:00:00.000,2022,11,5,1,01003KT,12,10
2022-11-05 02:00:00.000,2022,11,5,2,VRB02KT,12,09
2022-11-05 03:00:00.000,2022,11,5,3,VRB02KT,12,10
2022-11-05 04:00:00.000,2022,11,5,4,VRB02KT,12,10
2022-11-05 05:00:00.000,2022,11,5,5,33003KT,12,10
2022-11-05 06:00:00.000,2022,11,5,6,00000KT,11,10
2022-11-05 07:00:00.000,2022,11,5,7,VRB02KT,11,10
2022-11-05 08:00:00.000,2022,11,5,8,VRB02KT,10,10
2022-11-05 09:00:00.000,2022,11,5,9,VRB02KT,10,10
2022-11-05 10:00:00.000,2022,11,5,10,VRB02KT,11,10
2022-11-05 10:31:00.000,2022,11,5,10,VRB02KT,10,10
2022-11-05 11:00:00.000,2022,11,5,11,VRB02KT,10,10
2022-11-05 12:00:00.000,2022,11,5,12,VRB02KT,11,11
2022-11-05 13:00:00.000,2022,11,5,13,36004KT,15,11
2022-11-05 14:00:00.000,2022,11,5,14,VRB02KT,17,11
2022-11-05 15:00:00.000,2022,11,5,15,25004KT,19,11
2022-11-05 16:00:00.000,2022,11,5,16,27008KT,19,11
2022-11-05 17:00:00.000,2022,11,5,17,29014KT,19,12
2022-11-05 18:00:00.000,2022,11,5,18,29016KT,18,11
2022-11-05 19:00:00.000,2022,11,5,19,29010KT,16,11
2022-11-05 20:00:00.000,2022,11,5,20,26010KT,15,12
2022-11-05 21:00:00.000,2022,11,5,21,31008KT,15,12
2022-11-05 22:00:00.000,2022,11,5,22,29008KT,15,11
2022-11-05 23:00:00.000,2022,11,5,23,32007KT,14,11
2022-11-06 00:00:00.000,2022,11,6,0,34004KT,13,11
2022-11-06 01:00:00.000,2022,11,6,1,29004KT,13,11
2022-11-06 02:00:00.000,2022,11,6,2,32005KT,12,10
2022-11-06 03:00:00.000,2022,11,6,3,28005KT,12,11
2022-11-06 04:00:00.000,2022,11,6,4,30006KT,12,11
2022-11-06 05:00:00.000,2022,11,6,5,VRB03KT,11,11
2022-11-06 06:00:00.000,2022,11,6,6,VRB02KT,10,09
2022-11-06 07:00:00.000,2022,11,6,7,VRB02KT,10,10
2022-11-06 08:00:00.000,2022,11,6,8,VRB02KT,10,10
2022-11-06 09:00:00.000,2022,11,6,9,VRB02KT,11,10
2022-11-06 10:00:00.000,2022,11,6,10,VRB02KT,11,10
2022-11-06 10:29:00.000,2022,11,6,10,VRB02KT,11,10
2022-11-06 11:00:00.000,2022,11,6,11,VRB02KT,11,10
2022-11-06 12:00:00.000,2022,11,6,12,02003KT,11,10
2022-11-06 13:00:00.000,2022,11,6,13,36003KT,14,11
2022-11-06 14:00:00.000,2022,11,6,14,29003KT,14,11
2022-11-06 15:00:00.000,2022,11,6,15,28003KT,17,11
2022-11-06 16:00:00.000,2022,11,6,16,27003KT,17,10
2022-11-06 17:00:00.000,2022,11,6,17,26006KT,18,10
2022-11-06 18:00:00.000,2022,11,6,18,26011KT,19,12
2022-11-06 19:00:00.000,2022,11,6,19,24013KT,18,12
2022-11-06 20:00:00.000,2022,11,6,20,23009KT,18,11
2022-11-06 20:34:00.000,2022,11,6,20,12010G20KT,14,11
2022-11-06 21:00:00.000,2022,11,6,21,14007G20KT,12,11
2022-11-06 22:00:00.000,2022,11,6,22,VRB02KT,12,11
2022-11-06 23:00:00.000,2022,11,6,23,36004KT,12,11
2022-11-07 00:00:00.000,2022,11,7,0,VRB02KT,12,11
2022-11-07 01:00:00.000,2022,11,7,1,VRB02KT,12,12
2022-11-07 02:00:00.000,2022,11,7,2,35003KT,12,11
2022-11-07 03:00:00.000,2022,11,7,3,34004KT,12,12
2022-11-07 04:00:00.000,2022,11,7,4,35003KT,12,11
2022-11-07 05:00:00.000,2022,11,7,5,VRB02KT,12,11
2022-11-07 06:00:00.000,2022,11,7,6,VRB02KT,12,11
2022-11-07 07:00:00.000,2022,11,7,7,07004KT,12,12
2022-11-07 08:00:00.000,2022,11,7,8,13007KT,12,10
2022-11-07 09:00:00.000,2022,11,7,9,02003KT,11,10
2022-11-07 10:00:00.000,2022,11,7,10,VRB02KT,11,10
2022-11-07 10:29:00.000,2022,11,7,10,05003KT,11,10
2022-11-07 11:00:00.000,2022,11,7,11,VRB02KT,11,10
2022-11-07 12:00:00.000,2022,11,7,12,06004KT,13,11
2022-11-07 13:00:00.000,2022,11,7,13,03004KT,14,12
2022-11-07 14:00:00.000,2022,11,7,14,VRB04KT,17,11
2022-11-07 15:00:00.000,2022,11,7,15,VRB02KT,17,10
2022-11-07 16:00:00.000,2022,11,7,16,03004KT,16,11
2022-11-07 17:00:00.000,2022,11,7,17,04004KT,18,12
2022-11-07 18:00:00.000,2022,11,7,18,25008KT,17,12
2022-11-07 19:00:00.000,2022,11,7,19,23008KT,19,13
2022-11-07 20:00:00.000,2022,11,7,20,23005KT,20,11
2022-11-07 20:35:00.000,2022,11,7,20,04005KT,20,12
2022-11-07 21:00:00.000,2022,11,7,21,01005KT,15,13
2022-11-07 21:09:00.000,2022,11,7,21,28011KT,14,12
2022-11-07 21:34:00.000,2022,11,7,21,26003KT,15,13
2022-11-07 22:00:00.000,2022,11,7,22,29005KT,15,13
2022-11-07 22:24:00.000,2022,11,7,22,27004KT,16,11
2022-11-07 23:00:00.000,2022,11,7,23,VRB02KT,16,12
2022-11-08 00:00:00.000,2022,11,8,0,20004KT,15,11
2022-11-08 01:00:00.000,2022,11,8,1,19004KT,14,11
2022-11-08 02:00:00.000,2022,11,8,2,VRB02KT,14,12
2022-11-08 03:00:00.000,2022,11,8,3,07003KT,13,12
2022-11-08 04:00:00.000,2022,11,8,4,01003KT,13,11
2022-11-08 05:00:00.000,2022,11,8,5,VRB02KT,13,11
2022-11-08 06:00:00.000,2022,11,8,6,VRB02KT,13,11
2022-11-08 07:00:00.000,2022,11,8,7,03004KT,12,11
2022-11-08 08:00:00.000,2022,11,8,8,VRB02KT,12,11
2022-11-08 09:00:00.000,2022,11,8,9,02004KT,12,11
2022-11-08 09:31:00.000,2022,11,8,9,VRB02KT,12,11
2022-11-08 10:00:00.000,2022,11,8,10,VRB02KT,12,10
2022-11-08 10:33:00.000,2022,11,8,10,VRB02KT,12,11
2022-11-08 11:00:00.000,2022,11,8,11,VRB02KT,12,11
2022-11-08 12:00:00.000,2022,11,8,12,28004KT,13,11
2022-11-08 13:00:00.000,2022,11,8,13,34004KT,14,11
2022-11-08 14:00:00.000,2022,11,8,14,08004KT,16,11
2022-11-08 15:00:00.000,2022,11,8,15,VRB02KT,17,11
2022-11-08 16:00:00.000,2022,11,8,16,19004KT,19,11
2022-11-08 17:00:00.000,2022,11,8,17,35004KT,20,10
2022-11-08 17:34:00.000,2022,11,8,17,VRB12KT,20,11
2022-11-08 17:36:00.000,2022,11,8,17,34012KT,20,11
2022-11-08 18:00:00.000,2022,11,8,18,34012KT,20,13
2022-11-08 18:36:00.000,2022,11,8,18,24014KT,18,13
2022-11-08 19:00:00.000,2022,11,8,19,24013KT,18,13
2022-11-08 20:00:00.000,2022,11,8,20,26012KT,17,13
2022-11-08 21:00:00.000,2022,11,8,21,23006KT,15,12
2022-11-08 22:00:00.000,2022,11,8,22,21004KT,15,11
2022-11-08 23:00:00.000,2022,11,8,23,02004KT,14,12
2022-11-09 00:00:00.000,2022,11,9,0,32003KT,14,12
2022-11-09 01:00:00.000,2022,11,9,1,05007KT,14,12
2022-11-09 01:11:00.000,2022,11,9,1,27008G18KT,12,11
2022-11-09 02:00:00.000,2022,11,9,2,28007KT,12,12
2022-11-09 02:25:00.000,2022,11,9,2,31005KT,11,11
2022-11-09 03:00:00.000,2022,11,9,3,VRB02KT,12,10
2022-11-09 04:00:00.000,2022,11,9,4,VRB02KT,11,11
2022-11-09 05:00:00.000,2022,11,9,5,VRB02KT,12,11
2022-11-09 06:00:00.000,2022,11,9,6,25003KT,12,11
2022-11-09 07:00:00.000,2022,11,9,7,VRB01KT,10,10
2022-11-09 09:00:00.000,2022,11,9,9,35003KT,10,09
2022-11-09 09:18:00.000,2022,11,9,9,VRB02KT,09,09
2022-11-09 09:33:00.000,2022,11,9,9,VRB02KT,09,09
2022-11-09 09:47:00.000,2022,11,9,9,31003KT,09,09
2022-11-09 09:55:00.000,2022,11,9,9,33004KT,09,09
2022-11-09 10:00:00.000,2022,11,9,10,31003KT,09,09
2022-11-09 10:32:00.000,2022,11,9,10,VRB02KT,09,09
2022-11-09 11:00:00.000,2022,11,9,11,VRB02KT,09,09
2022-11-09 11:27:00.000,2022,11,9,11,35003KT,10,09
2022-11-09 12:00:00.000,2022,11,9,12,03003KT,10,10
2022-11-09 12:34:00.000,2022,11,9,12,14005KT,13,12
2022-11-09 13:00:00.000,2022,11,9,13,13004KT,13,12
2022-11-09 14:00:00.000,2022,11,9,14,02004KT,14,11
2022-11-09 15:00:00.000,2022,11,9,15,06003KT,16,12
2022-11-09 16:00:00.000,2022,11,9,16,35004KT,17,11
2022-11-09 17:00:00.000,2022,11,9,17,36005KT,18,11
2022-11-09 18:00:00.000,2022,11,9,18,26007KT,18,13
2022-11-09 19:00:00.000,2022,11,9,19,27011KT,18,12
2022-11-09 20:00:00.000,2022,11,9,20,25011KT,16,11
2022-11-09 21:00:00.000,2022,11,9,21,23006KT,14,12
2022-11-09 22:00:00.000,2022,11,9,22,04006KT,12,11
2022-11-09 23:00:00.000,2022,11,9,23,05004KT,12,11
2022-11-10 00:00:00.000,2022,11,10,0,04004KT,12,11
2022-11-10 01:00:00.000,2022,11,10,1,VRB02KT,12,11
2022-11-10 02:00:00.000,2022,11,10,2,36004KT,12,11
2022-11-10 03:00:00.000,2022,11,10,3,01004KT,12,11
2022-11-10 04:00:00.000,2022,11,10,4,33004KT,12,11
2022-11-10 05:00:00.000,2022,11,10,5,05003KT,12,11
2022-11-10 06:00:00.000,2022,11,10,6,VRB02KT,11,10
2022-11-10 07:00:00.000,2022,11,10,7,VRB02KT,12,10
2022-11-10 08:00:00.000,2022,11,10,8,23004KT,12,11
2022-11-10 09:00:00.000,2022,11,10,9,21004KT,12,10
2022-11-10 10:00:00.000,2022,11,10,10,VRB02KT,11,10
2022-11-10 10:31:00.000,2022,11,10,10,VRB02KT,11,10
2022-11-10 11:00:00.000,2022,11,10,11,15003KT,11,10
2022-11-10 12:00:00.000,2022,11,10,12,VRB02KT,12,11
2022-11-10 13:00:00.000,2022,11,10,13,29003KT,13,11
2022-11-10 14:00:00.000,2022,11,10,14,VRB02KT,14,11
2022-11-10 15:00:00.000,2022,11,10,15,31003KT,16,10
2022-11-10 16:00:00.000,2022,11,10,16,34004KT,17,11
2022-11-10 17:00:00.000,2022,11,10,17,32010KT,16,11
2022-11-10 18:00:00.000,2022,11,10,18,32010KT,17,12
2022-11-10 19:00:00.000,2022,11,10,19,31009KT,17,11
2022-11-10 20:00:00.000,2022,11,10,20,29007KT,16,12
2022-11-10 21:00:00.000,2022,11,10,21,13005KT,13,10
2022-11-10 21:31:00.000,2022,11,10,21,18004KT,13,11
2022-11-10 22:00:00.000,2022,11,10,22,17003KT,13,11
2022-11-10 22:32:00.000,2022,11,10,22,18004KT,12,11
2022-11-10 23:00:00.000,2022,11,10,23,VRB02KT,12,11
2022-11-11 00:00:00.000,2022,11,11,0,VRB02KT,11,11
2022-11-11 01:00:00.000,2022,11,11,1,VRB02KT,11,11
2022-11-11 02:00:00.000,2022,11,11,2,34002KT,10,09
2022-11-11 03:00:00.000,2022,11,11,3,VRB02KT,10,09
2022-11-11 04:00:00.000,2022,11,11,4,VRB02KT,10,10
2022-11-11 05:00:00.000,2022,11,11,5,VRB02KT,10,10
2022-11-11 06:00:00.000,2022,11,11,6,VRB02KT,10,10
2022-11-11 07:00:00.000,2022,11,11,7,VRB02KT,10,10
2022-11-11 08:00:00.000,2022,11,11,8,03004KT,10,10
2022-11-11 09:00:00.000,2022,11,11,9,VRB02KT,10,10
2022-11-11 09:36:00.000,2022,11,11,9,02004KT,10,10
2022-11-11 10:00:00.000,2022,11,11,10,02004KT,10,10
2022-11-11 10:32:00.000,2022,11,11,10,35004KT,10,10
2022-11-11 11:00:00.000,2022,11,11,11,33004KT,10,10
2022-11-11 12:00:00.000,2022,11,11,12,VRB02KT,11,10
2022-11-11 13:00:00.000,2022,11,11,13,VRB02KT,12,11
2022-11-11 13:33:00.000,2022,11,11,13,VRB02KT,14,11
2022-11-11 14:00:00.000,2022,11,11,14,15003KT,15,11
2022-11-11 15:00:00.000,2022,11,11,15,VRB04KT,17,10
2022-11-11 16:00:00.000,2022,11,11,16,VRB02KT,18,10
2022-11-11 17:00:00.000,2022,11,11,17,VRB04KT,18,10
2022-11-11 18:00:00.000,2022,11,11,18,30010KT,15,12
2022-11-11 19:00:00.000,2022,11,11,19,20004KT,13,13
2022-11-11 20:00:00.000,2022,11,11,20,27003KT,14,12
2022-11-11 21:00:00.000,2022,11,11,21,30005KT,15,12
2022-11-11 22:00:00.000,2022,11,11,22,32005KT,15,12
2022-11-11 23:00:00.000,2022,11,11,23,31005KT,14,12
2022-11-12 00:00:00.000,2022,11,12,0,VRB02KT,13,11
2022-11-12 01:00:00.000,2022,11,12,1,26004KT,13,11
2022-11-12 02:00:00.000,2022,11,12,2,30004KT,12,11
2022-11-12 03:00:00.000,2022,11,12,3,27004KT,13,10
2022-11-12 04:00:00.000,2022,11,12,4,26004KT,13,11
2022-11-12 05:00:00.000,2022,11,12,5,VRB02KT,11,09
2022-11-12 06:00:00.000,2022,11,12,6,32004KT,12,11
2022-11-12 07:00:00.000,2022,11,12,7,31004KT,12,11
2022-11-12 08:00:00.000,2022,11,12,8,29004KT,11,11
2022-11-12 09:00:00.000,2022,11,12,9,VRB01KT,11,10
2022-11-12 10:00:00.000,2022,11,12,10,VRB02KT,11,11
2022-11-12 10:31:00.000,2022,11,12,10,VRB02KT,10,10
2022-11-12 11:00:00.000,2022,11,12,11,VRB02KT,10,10
2022-11-12 11:11:00.000,2022,11,12,11,32003KT,10,10
2022-11-12 11:18:00.000,2022,11,12,11,35004KT,10,10
2022-11-12 12:00:00.000,2022,11,12,12,VRB02KT,10,10
2022-11-12 12:30:00.000,2022,11,12,12,VRB02KT,11,11
2022-11-12 13:00:00.000,2022,11,12,13,VRB02KT,13,12
2022-11-12 14:00:00.000,2022,11,12,14,32004KT,15,11
2022-11-12 15:00:00.000,2022,11,12,15,32006KT,17,11
2022-11-12 16:00:00.000,2022,11,12,16,26006KT,18,12
2022-11-12 17:00:00.000,2022,11,12,17,29008KT,19,13
2022-11-12 18:00:00.000,2022,11,12,18,31007KT,18,11
2022-11-12 19:00:00.000,2022,11,12,19,31011KT,17,11
2022-11-12 20:00:00.000,2022,11,12,20,29012KT,16,12
2022-11-12 21:00:00.000,2022,11,12,21,24008KT,15,12
2022-11-12 22:00:00.000,2022,11,12,22,24007KT,15,12
2022-11-12 22:20:00.000,2022,11,12,22,30004KT,14,12
2022-11-12 23:00:00.000,2022,11,12,23,VRB02KT,14,12
2022-11-13 00:00:00.000,2022,11,13,0,25003KT,14,12
2022-11-13 01:00:00.000,2022,11,13,1,VRB02KT,12,12
2022-11-13 02:00:00.000,2022,11,13,2,VRB02KT,12,12
2022-11-13 03:00:00.000,2022,11,13,3,VRB02KT,12,12
2022-11-13 04:00:00.000,2022,11,13,4,VRB02KT,12,11
2022-11-13 05:00:00.000,2022,11,13,5,34003KT,11,11
2022-11-13 06:00:00.000,2022,11,13,6,30003KT,11,11
2022-11-13 07:00:00.000,2022,11,13,7,VRB02KT,11,10
2022-11-13 08:00:00.000,2022,11,13,8,VRB02KT,11,10
2022-11-13 09:00:00.000,2022,11,13,9,VRB02KT,10,10
2022-11-13 10:00:00.000,2022,11,13,10,VRB02KT,10,10
2022-11-13 10:28:00.000,2022,11,13,10,VRB02KT,10,10
2022-11-13 10:30:00.000,2022,11,13,10,VRB02KT,10,10
2022-11-13 11:00:00.000,2022,11,13,11,VRB02KT,11,10
2022-11-13 11:12:00.000,2022,11,13,11,04006KT,10,10
2022-11-13 11:31:00.000,2022,11,13,11,VRB02KT,11,10
2022-11-13 12:00:00.000,2022,11,13,12,VRB02KT,11,11
2022-11-13 12:27:00.000,2022,11,13,12,VRB02KT,13,13
2022-11-13 13:00:00.000,2022,11,13,13,VRB02KT,14,11
2022-11-13 14:00:00.000,2022,11,13,14,02004KT,15,12
2022-11-13 15:00:00.000,2022,11,13,15,02004KT,17,11
2022-11-13 16:00:00.000,2022,11,13,16,32004KT,18,11
2022-11-13 17:00:00.000,2022,11,13,17,32004KT,19,09
2022-11-13 18:00:00.000,2022,11,13,18,28010KT,20,12
2022-11-13 19:00:00.000,2022,11,13,19,28012KT,18,11
2022-11-13 20:00:00.000,2022,11,13,20,27010KT,17,11
2022-11-13 21:00:00.000,2022,11,13,21,28008KT,17,12
2022-11-13 22:00:00.000,2022,11,13,22,28007KT,17,12
2022-11-13 23:00:00.000,2022,11,13,23,25006KT,15,12
2022-11-14 00:00:00.000,2022,11,14,0,29006KT,15,12
2022-11-14 01:00:00.000,2022,11,14,1,01003KT,13,12
2022-11-14 02:00:00.000,2022,11,14,2,VRB02KT,14,12
2022-11-14 03:00:00.000,2022,11,14,3,31003KT,13,11
2022-11-14 04:00:00.000,2022,11,14,4,08003KT,13,11
2022-11-14 05:00:00.000,2022,11,14,5,VRB02KT,13,11
2022-11-14 06:00:00.000,2022,11,14,6,35003KT,13,12
2022-11-14 07:00:00.000,2022,11,14,7,33003KT,12,11
2022-11-14 08:00:00.000,2022,11,14,8,35005KT,12,11
2022-11-14 09:00:00.000,2022,11,14,9,00000KT,12,12
2022-11-14 10:00:00.000,2022,11,14,10,00000KT,12,11
2022-11-14 11:00:00.000,2022,11,14,11,VRB02KT,12,11
2022-11-14 12:00:00.000,2022,11,14,12,03004KT,13,12
2022-11-14 13:00:00.000,2022,11,14,13,04006KT,16,12
2022-11-14 14:00:00.000,2022,11,14,14,03006KT,17,12
2022-11-14 15:00:00.000,2022,11,14,15,08004KT,19,12
2022-11-14 16:00:00.000,2022,11,14,16,03006KT,18,11
2022-11-14 17:00:00.000,2022,11,14,17,03008KT,19,12
2022-11-14 18:00:00.000,2022,11,14,18,32008KT,17,13
2022-11-14 19:00:00.000,2022,11,14,19,31010KT,18,14
2022-11-14 20:00:00.000,2022,11,14,20,28011KT,18,13
2022-11-14 21:00:00.000,2022,11,14,21,27008KT,17,13
2022-11-14 22:00:00.000,2022,11,14,22,24007KT,17,13
2022-11-14 23:00:00.000,2022,11,14,23,26006KT,16,13
2022-11-15 00:00:00.000,2022,11,15,0,30004KT,15,13
2022-11-15 01:00:00.000,2022,11,15,1,VRB02KT,15,13
2022-11-15 02:00:00.000,2022,11,15,2,VRB02KT,14,13
2022-11-15 03:00:00.000,2022,11,15,3,VRB02KT,14,12
2022-11-15 04:00:00.000,2022,11,15,4,01003KT,13,11
2022-11-15 05:00:00.000,2022,11,15,5,VRB02KT,12,11
2022-11-15 06:00:00.000,2022,11,15,6,04005KT,12,11
2022-11-15 07:00:00.000,2022,11,15,7,00000KT,11,10
2022-11-15 08:00:00.000,2022,11,15,8,03005KT,11,10
2022-11-15 09:00:00.000,2022,11,15,9,03005KT,11,10
2022-11-15 10:00:00.000,2022,11,15,10,06005KT,11,10
2022-11-15 10:26:00.000,2022,11,15,10,VRB02KT,11,10
2022-11-15 11:00:00.000,2022,11,15,11,VRB02KT,11,10
2022-11-15 12:00:00.000,2022,11,15,12,04004KT,12,10
2022-11-15 13:00:00.000,2022,11,15,13,06004KT,15,11
2022-11-15 14:00:00.000,2022,11,15,14,06004KT,16,11
2022-11-15 15:00:00.000,2022,11,15,15,07005KT,18,11
2022-11-15 16:00:00.000,2022,11,15,16,08006KT,18,10
2022-11-15 17:00:00.000,2022,11,15,17,06005KT,19,10
2022-11-15 18:00:00.000,2022,11,15,18,11007KT,19,10
2022-11-15 19:00:00.000,2022,11,15,19,11005KT,19,10
2022-11-15 20:00:00.000,2022,11,15,20,VRB02KT,21,09
2022-11-15 21:00:00.000,2022,11,15,21,24008KT,16,13
2022-11-15 22:00:00.000,2022,11,15,22,24005KT,16,13
2022-11-15 23:00:00.000,2022,11,15,23,32003KT,15,13
2022-11-16 00:00:00.000,2022,11,16,0,VRB02KT,14,13
2022-11-16 01:00:00.000,2022,11,16,1,VRB02KT,13,13
2022-11-16 02:00:00.000,2022,11,16,2,13005KT,14,11
2022-11-16 03:00:00.000,2022,11,16,3,VRB02KT,14,10
2022-11-16 04:00:00.000,2022,11,16,4,VRB02KT,12,10
2022-11-16 05:00:00.000,2022,11,16,5,05004KT,11,10
2022-11-16 06:00:00.000,2022,11,16,6,VRB02KT,12,10
2022-11-16 07:00:00.000,2022,11,16,7,36003KT,11,10
2022-11-16 08:00:00.000,2022,11,16,8,35003KT,10,09
2022-11-16 09:00:00.000,2022,11,16,9,VRB02KT,11,09
2022-11-16 10:00:00.000,2022,11,16,10,VRB03KT,11,09
2022-11-16 10:28:00.000,2022,11,16,10,VRB02KT,09,09
2022-11-16 11:00:00.000,2022,11,16,11,VRB02KT,09,08
2022-11-16 12:00:00.000,2022,11,16,12,04003KT,09,09
2022-11-16 13:00:00.000,2022,11,16,13,05006KT,13,10
2022-11-16 14:00:00.000,2022,11,16,14,06006KT,15,10
2022-11-16 15:00:00.000,2022,11,16,15,12006KT,17,08
2022-11-16 16:00:00.000,2022,11,16,16,VRB02KT,17,09
2022-11-16 17:00:00.000,2022,11,16,17,21006KT,18,09
2022-11-16 18:00:00.000,2022,11,16,18,03006KT,17,10
2022-11-16 19:00:00.000,2022,11,16,19,05003KT,17,10
2022-11-16 20:00:00.000,2022,11,16,20,12007KT,15,11
2022-11-16 21:00:00.000,2022,11,16,21,VRB04KT,14,12
2022-11-16 22:00:00.000,2022,11,16,22,VRB02KT,14,12
2022-11-16 23:00:00.000,2022,11,16,23,VRB02KT,14,12
2022-11-17 00:00:00.000,2022,11,17,0,VRB02KT,13,11
2022-11-17 01:00:00.000,2022,11,17,1,VRB02KT,12,11
2022-11-17 02:00:00.000,2022,11,17,2,VRB02KT,11,10
2022-11-17 03:00:00.000,2022,11,17,3,VRB02KT,12,10
2022-11-17 04:00:00.000,2022,11,17,4,06003KT,10,09
2022-11-17 05:00:00.000,2022,11,17,5,15003KT,11,09
2022-11-17 06:00:00.000,2022,11,17,6,VRB02KT,11,09
2022-11-17 07:00:00.000,2022,11,17,7,VRB02KT,10,09
2022-11-17 08:00:00.000,2022,11,17,8,VRB02KT,11,10
2022-11-17 09:00:00.000,2022,11,17,9,VRB02KT,10,09
2022-11-17 10:00:00.000,2022,11,17,10,VRB02KT,11,09
2022-11-17 10:29:00.000,2022,11,17,10,VRB02KT,10,09
2022-11-17 11:00:00.000,2022,11,17,11,VRB02KT,10,10
2022-11-17 12:00:00.000,2022,11,17,12,VRB02KT,10,09
2022-11-17 13:00:00.000,2022,11,17,13,VRB02KT,13,11
2022-11-17 14:00:00.000,2022,11,17,14,VRB02KT,15,10
2022-11-17 15:00:00.000,2022,11,17,15,19009KT,27,20
2022-11-17 16:00:00.000,2022,11,17,16,VRB02KT,17,11
2022-11-17 17:00:00.000,2022,11,17,17,VRB02KT,17,11
2022-11-17 18:00:00.000,2022,11,17,18,02004KT,18,11
2022-11-17 19:00:00.000,2022,11,17,19,30004KT,18,12
2022-11-17 20:00:00.000,2022,11,17,20,22007KT,16,12
2022-11-17 21:00:00.000,2022,11,17,21,24005KT,17,12
2022-11-17 22:00:00.000,2022,11,17,22,24010KT,16,12
2022-11-17 23:00:00.000,2022,11,17,23,24008KT,15,12
2022-11-18 00:00:00.000,2022,11,18,0,30004KT,14,12
2022-11-18 00:26:00.000,2022,11,18,0,06003KT,13,12
2022-11-18 01:00:00.000,2022,11,18,1,27003KT,13,12
2022-11-18 02:00:00.000,2022,11,18,2,VRB02KT,13,12
2022-11-18 03:00:00.000,2022,11,18,3,34004KT,13,12
2022-11-18 04:00:00.000,2022,11,18,4,35003KT,12,12
2022-11-18 05:00:00.000,2022,11,18,5,33005KT,12,11
2022-11-18 06:00:00.000,2022,11,18,6,31004KT,12,11
2022-11-18 07:00:00.000,2022,11,18,7,30005KT,12,11
2022-11-18 08:00:00.000,2022,11,18,8,VRB02KT,12,11
2022-11-18 09:00:00.000,2022,11,18,9,VRB02KT,11,11
2022-11-18 10:00:00.000,2022,11,18,10,VRB02KT,12,11
2022-11-18 10:29:00.000,2022,11,18,10,VRB02KT,12,11
2022-11-18 11:00:00.000,2022,11,18,11,03003KT,12,11
2022-11-18 12:00:00.000,2022,11,18,12,VRB02KT,12,11
2022-11-18 13:00:00.000,2022,11,18,13,VRB02KT,13,11
2022-11-18 14:00:00.000,2022,11,18,14,32004KT,14,12
2022-11-18 15:00:00.000,2022,11,18,15,26007KT,13,11
2022-11-18 16:00:00.000,2022,11,18,16,26009KT,14,12
2022-11-18 17:00:00.000,2022,11,18,17,26008KT,15,11
2022-11-18 18:00:00.000,2022,11,18,18,24008KT,16,11
2022-11-18 19:00:00.000,2022,11,18,19,23010KT,16,10
2022-11-18 20:00:00.000,2022,11,18,20,25009KT,16,11
2022-11-18 20:08:00.000,2022,11,18,20,23010KT,16,10
2022-11-18 21:00:00.000,2022,11,18,21,28008KT,16,11
2022-11-18 22:00:00.000,2022,11,18,22,27006KT,14,11
2022-11-18 23:00:00.000,2022,11,18,23,VRB02KT,14,11
2022-11-19 00:00:00.000,2022,11,19,0,04003KT,12,11
2022-11-19 01:00:00.000,2022,11,19,1,05003KT,12,12
2022-11-19 02:00:00.000,2022,11,19,2,03004KT,12,12
2022-11-19 03:00:00.000,2022,11,19,3,03004KT,12,12
2022-11-19 04:00:00.000,2022,11,19,4,07005KT,12,11
2022-11-19 05:00:00.000,2022,11,19,5,08004KT,12,11
2022-11-19 06:00:00.000,2022,11,19,6,06003KT,12,11
2022-11-19 07:00:00.000,2022,11,19,7,04005KT,12,11
2022-11-19 08:00:00.000,2022,11,19,8,05007KT,12,11
2022-11-19 09:00:00.000,2022,11,19,9,05004KT,12,11
2022-11-19 10:00:00.000,2022,11,19,10,VRB02KT,11,11
2022-11-19 10:30:00.000,2022,11,19,10,VRB02KT,11,10
2022-11-19 11:00:00.000,2022,11,19,11,07003KT,11,10
2022-11-19 12:00:00.000,2022,11,19,12,VRB02KT,12,11
2022-11-19 13:00:00.000,2022,11,19,13,05005KT,14,12
2022-11-19 14:00:00.000,2022,11,19,14,08003KT,17,11
2022-11-19 15:00:00.000,2022,11,19,15,14006KT,18,11
2022-11-19 16:00:00.000,2022,11,19,16,VRB07KT,18,11
2022-11-19 17:00:00.000,2022,11,19,17,VRB06KT,19,11
2022-11-19 18:00:00.000,2022,11,19,18,24007KT,19,12
2022-11-19 19:00:00.000,2022,11,19,19,24009KT,18,13
2022-11-19 20:00:00.000,2022,11,19,20,23008KT,18,13
2022-11-19 21:00:00.000,2022,11,19,21,29008KT,16,11
2022-11-19 22:00:00.000,2022,11,19,22,03003KT,15,12
2022-11-19 23:00:00.000,2022,11,19,23,03004KT,14,11
2022-11-20 00:00:00.000,2022,11,20,0,02004KT,14,12
2022-11-20 01:00:00.000,2022,11,20,1,VRB02KT,13,11
2022-11-20 02:00:00.000,2022,11,20,2,06003KT,13,11
2022-11-20 03:00:00.000,2022,11,20,3,VRB02KT,13,12
2022-11-20 04:00:00.000,2022,11,20,4,VRB02KT,12,11
2022-11-20 05:00:00.000,2022,11,20,5,02005KT,11,10
2022-11-20 06:00:00.000,2022,11,20,6,36003KT,10,10
2022-11-20 07:00:00.000,2022,11,20,7,27005KT,11,10
2022-11-20 08:00:00.000,2022,11,20,8,VRB02KT,11,10
2022-11-20 09:00:00.000,2022,11,20,9,VRB02KT,12,11
2022-11-20 10:00:00.000,2022,11,20,10,VRB02KT,12,11
2022-11-20 10:30:00.000,2022,11,20,10,01003KT,13,11
2022-11-20 11:00:00.000,2022,11,20,11,36003KT,12,11
2022-11-20 12:00:00.000,2022,11,20,12,VRB02KT,13,11
2022-11-20 13:00:00.000,2022,11,20,13,09003KT,15,11
2022-11-20 14:00:00.000,2022,11,20,14,06005KT,17,11
2022-11-20 15:00:00.000,2022,11,20,15,VRB04KT,19,10
2022-11-20 16:00:00.000,2022,11,20,16,05003KT,18,10
2022-11-20 17:00:00.000,2022,11,20,17,VRB02KT,19,10
2022-11-20 18:00:00.000,2022,11,20,18,28010KT,18,13
2022-11-20 19:00:00.000,2022,11,20,19,24009KT,18,15
2022-11-20 20:00:00.000,2022,11,20,20,24008KT,18,12
2022-11-20 20:40:00.000,2022,11,20,20,27008KT,18,12
2022-11-20 21:00:00.000,2022,11,20,21,26007KT,17,12
2022-11-20 21:36:00.000,2022,11,20,21,33006KT,15,12
2022-11-20 22:00:00.000,2022,11,20,22,34006KT,15,13
2022-11-20 23:00:00.000,2022,11,20,23,VRB02KT,15,13
2022-11-21 00:00:00.000,2022,11,21,0,33004KT,14,13
2022-11-21 01:00:00.000,2022,11,21,1,VRB02KT,14,12
2022-11-21 02:00:00.000,2022,11,21,2,02004KT,13,12
2022-11-21 03:00:00.000,2022,11,21,3,02003KT,13,12
2022-11-21 04:00:00.000,2022,11,21,4,34004KT,13,12
2022-11-21 05:00:00.000,2022,11,21,5,VRB02KT,13,12
2022-11-21 06:00:00.000,2022,11,21,6,VRB02KT,13,12
2022-11-21 07:00:00.000,2022,11,21,7,25004KT,13,12
2022-11-21 08:00:00.000,2022,11,21,8,29004KT,13,11
2022-11-21 09:00:00.000,2022,11,21,9,31004KT,12,12
2022-11-21 10:00:00.000,2022,11,21,10,VRB02KT,12,12
2022-11-21 10:31:00.000,2022,11,21,10,VRB02KT,12,12
2022-11-21 11:00:00.000,2022,11,21,11,VRB02KT,12,11
2022-11-21 12:00:00.000,2022,11,21,12,VRB02KT,13,11
2022-11-21 13:00:00.000,2022,11,21,13,VRB02KT,13,12
2022-11-21 14:00:00.000,2022,11,21,14,VRB03KT,15,12
2022-11-21 15:00:00.000,2022,11,21,15,31004KT,18,11
2022-11-21 16:00:00.000,2022,11,21,16,34004KT,19,11
2022-11-21 17:00:00.000,2022,11,21,17,27006KT,18,12
2022-11-21 18:00:00.000,2022,11,21,18,31010KT,18,12
2022-11-21 19:00:00.000,2022,11,21,19,33009KT,18,12
2022-11-21 20:00:00.000,2022,11,21,20,31012KT,17,12
2022-11-21 21:00:00.000,2022,11,21,21,33011KT,17,12
2022-11-21 21:34:00.000,2022,11,21,21,33008KT,17,12
2022-11-21 22:00:00.000,2022,11,21,22,33009KT,16,12
2022-11-21 23:00:00.000,2022,11,21,23,31008KT,14,12
2022-11-22 00:00:00.000,2022,11,22,0,30006KT,13,11
2022-11-22 01:00:00.000,2022,11,22,1,28006KT,14,11
2022-11-22 02:00:00.000,2022,11,22,2,30006KT,13,11
2022-11-22 03:00:00.000,2022,11,22,3,31004KT,12,11
2022-11-22 04:00:00.000,2022,11,22,4,VRB03KT,13,11
2022-11-22 05:00:00.000,2022,11,22,5,VRB02KT,11,10
2022-11-22 06:00:00.000,2022,11,22,6,VRB02KT,10,10
2022-11-22 07:00:00.000,2022,11,22,7,VRB02KT,11,10
2022-11-22 08:00:00.000,2022,11,22,8,33003KT,10,10
2022-11-22 09:00:00.000,2022,11,22,9,VRB02KT,10,10
2022-11-22 10:00:00.000,2022,11,22,10,VRB02KT,11,10
2022-11-22 10:31:00.000,2022,11,22,10,VRB02KT,11,10
2022-11-22 11:00:00.000,2022,11,22,11,VRB02KT,12,11
2022-11-22 12:00:00.000,2022,11,22,12,VRB02KT,12,12
2022-11-22 13:00:00.000,2022,11,22,13,VRB02KT,14,11
2022-11-22 14:00:00.000,2022,11,22,14,VRB02KT,16,12
2022-11-22 15:00:00.000,2022,11,22,15,31010KT,17,12
2022-11-22 16:00:00.000,2022,11,22,16,31009KT,18,12
2022-11-22 17:00:00.000,2022,11,22,17,33012KT,19,12
2022-11-22 18:00:00.000,2022,11,22,18,32015KT,19,12
2022-11-22 19:00:00.000,2022,11,22,19,31016KT,19,12
2022-11-22 20:00:00.000,2022,11,22,20,32016KT,19,10
2022-11-22 21:00:00.000,2022,11,22,21,31016KT,18,11
2022-11-22 22:00:00.000,2022,11,22,22,32012KT,16,12
2022-11-22 23:00:00.000,2022,11,22,23,31010KT,14,11
2022-11-23 00:00:00.000,2022,11,23,0,30010KT,13,11
2022-11-23 01:00:00.000,2022,11,23,1,30006KT,14,11
2022-11-23 02:00:00.000,2022,11,23,2,29005KT,13,10
2022-11-23 03:00:00.000,2022,11,23,3,VRB02KT,11,10
2022-11-23 04:00:00.000,2022,11,23,4,26005KT,12,10
2022-11-23 05:00:00.000,2022,11,23,5,28004KT,12,09
2022-11-23 06:00:00.000,2022,11,23,6,36003KT,09,08
2022-11-23 07:00:00.000,2022,11,23,7,VRB02KT,10,08
2022-11-23 08:00:00.000,2022,11,23,8,VRB02KT,08,08
2022-11-23 09:00:00.000,2022,11,23,9,VRB02KT,07,07
2022-11-23 10:00:00.000,2022,11,23,10,01003KT,07,07
2022-11-23 10:29:00.000,2022,11,23,10,VRB02KT,08,08
2022-11-23 11:00:00.000,2022,11,23,11,VRB02KT,09,08
2022-11-23 12:00:00.000,2022,11,23,12,32004KT,10,08
2022-11-23 12:22:00.000,2022,11,23,12,03003KT,12,10
2022-11-23 13:00:00.000,2022,11,23,13,VRB02KT,12,09
2022-11-23 14:00:00.000,2022,11,23,14,VRB02KT,14,10
2022-11-23 15:00:00.000,2022,11,23,15,VRB03KT,15,10
2022-11-23 16:00:00.000,2022,11,23,16,36003KT,17,09
2022-11-23 17:00:00.000,2022,11,23,17,33005KT,18,11
2022-11-23 18:00:00.000,2022,11,23,18,32010KT,19,10
2022-11-23 19:00:00.000,2022,11,23,19,30014KT,19,12
2022-11-23 20:00:00.000,2022,11,23,20,33012KT,17,11
2022-11-23 21:00:00.000,2022,11,23,21,34010KT,17,11
2022-11-23 22:00:00.000,2022,11,23,22,33010KT,15,09
2022-11-23 23:00:00.000,2022,11,23,23,33005KT,13,09
2022-11-24 00:00:00.000,2022,11,24,0,30008KT,13,10
2022-11-24 01:00:00.000,2022,11,24,1,25004KT,13,10
2022-11-24 02:00:00.000,2022,11,24,2,VRB02KT,10,09
2022-11-24 03:00:00.000,2022,11,24,3,VRB02KT,10,09
2022-11-24 04:00:00.000,2022,11,24,4,34004KT,09,09
2022-11-24 05:00:00.000,2022,11,24,5,34003KT,09,09
2022-11-24 06:00:00.000,2022,11,24,6,32003KT,09,08
2022-11-24 07:00:00.000,2022,11,24,7,VRB02KT,09,08
2022-11-24 08:00:00.000,2022,11,24,8,03004KT,09,09
2022-11-24 09:00:00.000,2022,11,24,9,01004KT,09,09
2022-11-24 10:00:00.000,2022,11,24,10,VRB02KT,09,09
2022-11-24 10:29:00.000,2022,11,24,10,VRB02KT,08,08
2022-11-24 11:00:00.000,2022,11,24,11,02004KT,08,08
2022-11-24 12:00:00.000,2022,11,24,12,03003KT,11,10
2022-11-24 13:00:00.000,2022,11,24,13,05006KT,12,10
2022-11-24 14:00:00.000,2022,11,24,14,VRB03KT,14,10
2022-11-24 15:00:00.000,2022,11,24,15,VRB02KT,17,10
2022-11-24 16:00:00.000,2022,11,24,16,24004KT,18,09
2022-11-24 17:00:00.000,2022,11,24,17,02005KT,18,09
2022-11-24 18:00:00.000,2022,11,24,18,27005KT,19,11
2022-11-24 19:00:00.000,2022,11,24,19,27011KT,18,12
2022-11-24 20:00:00.000,2022,11,24,20,28012KT,18,11
2022-11-24 21:00:00.000,2022,11,24,21,24010KT,17,12
2022-11-24 22:00:00.000,2022,11,24,22,27008KT,15,11
2022-11-24 23:00:00.000,2022,11,24,23,27005KT,15,11
2022-11-25 00:00:00.000,2022,11,25,0,28004KT,14,11
2022-11-25 01:00:00.000,2022,11,25,1,29005KT,14,12
2022-11-25 02:00:00.000,2022,11,25,2,VRB02KT,12,11
2022-11-25 03:00:00.000,2022,11,25,3,03003KT,12,10
2022-11-25 04:00:00.000,2022,11,25,4,03003KT,11,10
2022-11-25 05:00:00.000,2022,11,25,5,VRB02KT,11,10
2022-11-25 06:00:00.000,2022,11,25,6,03004KT,11,10
2022-11-25 07:00:00.000,2022,11,25,7,35004KT,10,10
2022-11-25 08:00:00.000,2022,11,25,8,30003KT,11,10
2022-11-25 09:00:00.000,2022,11,25,9,VRB02KT,11,10
2022-11-25 10:00:00.000,2022,11,25,10,25003KT,11,10
2022-11-25 10:30:00.000,2022,11,25,10,36003KT,09,09
2022-11-25 11:00:00.000,2022,11,25,11,33005KT,09,09
2022-11-25 12:00:00.000,2022,11,25,12,30003KT,11,10
2022-11-25 13:00:00.000,2022,11,25,13,02003KT,13,11
2022-11-25 14:00:00.000,2022,11,25,14,01004KT,15,11
2022-11-25 15:00:00.000,2022,11,25,15,36003KT,16,11
2022-11-25 16:00:00.000,2022,11,25,16,18005KT,18,11
2022-11-25 17:00:00.000,2022,11,25,17,07005KT,18,10
2022-11-25 17:29:00.000,2022,11,25,17,23009KT,16,12
2022-11-25 18:00:00.000,2022,11,25,18,25011KT,17,13
2022-11-25 18:20:00.000,2022,11,25,18,24009KT,17,12
2022-11-25 19:00:00.000,2022,11,25,19,24012KT,18,13
2022-11-25 20:00:00.000,2022,11,25,20,27010KT,17,12
2022-11-25 21:00:00.000,2022,11,25,21,26009KT,18,12
2022-11-25 22:00:00.000,2022,11,25,22,24009KT,16,11
2022-11-25 23:00:00.000,2022,11,25,23,31007KT,15,11
2022-11-26 00:00:00.000,2022,11,26,0,VRB02KT,15,11
2022-11-26 01:00:00.000,2022,11,26,1,06004KT,13,12
2022-11-26 02:00:00.000,2022,11,26,2,34004KT,13,12
2022-11-26 03:00:00.000,2022,11,26,3,33003KT,13,12
2022-11-26 04:00:00.000,2022,11,26,4,35004KT,13,12
2022-11-26 05:00:00.000,2022,11,26,5,VRB02KT,13,12
2022-11-26 06:00:00.000,2022,11,26,6,00000KT,13,11
2022-11-26 07:00:00.000,2022,11,26,7,VRB02KT,12,11
2022-11-26 08:00:00.000,2022,11,26,8,VRB02KT,12,11
2022-11-26 09:00:00.000,2022,11,26,9,VRB02KT,12,11
2022-11-26 10:00:00.000,2022,11,26,10,VRB02KT,12,11
2022-11-26 10:32:00.000,2022,11,26,10,VRB02KT,12,11
2022-11-26 11:00:00.000,2022,11,26,11,03004KT,12,11
2022-11-26 12:00:00.000,2022,11,26,12,03004KT,14,11
2022-11-26 13:00:00.000,2022,11,26,13,01004KT,15,12
2022-11-26 14:00:00.000,2022,11,26,14,VRB02KT,16,11
2022-11-26 15:00:00.000,2022,11,26,15,36004KT,16,10
2022-11-26 16:00:00.000,2022,11,26,16,27010KT,16,12
2022-11-26 17:00:00.000,2022,11,26,17,28014KT,18,12
2022-11-26 18:00:00.000,2022,11,26,18,24010KT,18,12
2022-11-26 19:00:00.000,2022,11,26,19,25010KT,19,11
2022-11-26 20:00:00.000,2022,11,26,20,29007KT,17,11
2022-11-26 21:00:00.000,2022,11,26,21,32007KT,17,10
2022-11-26 22:00:00.000,2022,11,26,22,28005KT,17,10
2022-11-26 23:00:00.000,2022,11,26,23,02004KT,13,11
2022-11-27 00:00:00.000,2022,11,27,0,30004KT,14,11
2022-11-27 01:00:00.000,2022,11,27,1,VRB02KT,11,11
2022-11-27 02:00:00.000,2022,11,27,2,VRB02KT,10,10
2022-11-27 03:00:00.000,2022,11,27,3,VRB02KT,11,11
2022-11-27 04:00:00.000,2022,11,27,4,36003KT,12,11
2022-11-27 05:00:00.000,2022,11,27,5,33004KT,12,11
2022-11-27 06:00:00.000,2022,11,27,6,VRB02KT,12,10
2022-11-27 07:00:00.000,2022,11,27,7,VRB02KT,12,11
2022-11-27 08:00:00.000,2022,11,27,8,31004KT,12,11
2022-11-27 09:00:00.000,2022,11,27,9,34004KT,11,10
2022-11-27 10:00:00.000,2022,11,27,10,29005KT,11,11
2022-11-27 10:31:00.000,2022,11,27,10,VRB02KT,12,11
2022-11-27 11:00:00.000,2022,11,27,11,VRB02KT,11,10
2022-11-27 12:00:00.000,2022,11,27,12,VRB02KT,12,10
2022-11-27 13:00:00.000,2022,11,27,13,34004KT,13,11
2022-11-27 13:02:00.000,2022,11,27,13,33005KT,13,11
2022-11-27 14:00:00.000,2022,11,27,14,33004KT,15,12
2022-11-27 15:00:00.000,2022,11,27,15,VRB02KT,17,11
2022-11-27 16:00:00.000,2022,11,27,16,19004KT,17,11
2022-11-27 17:00:00.000,2022,11,27,17,20012KT,17,11
2022-11-27 18:00:00.000,2022,11,27,18,28014KT,16,12
2022-11-27 19:00:00.000,2022,11,27,19,30008KT,14,11
2022-11-27 20:00:00.000,2022,11,27,20,35004KT,14,11
2022-11-27 21:00:00.000,2022,11,27,21,02004KT,13,12
2022-11-27 22:00:00.000,2022,11,27,22,VRB02KT,14,12
2022-11-27 23:00:00.000,2022,11,27,23,04003KT,13,12
2022-11-28 00:00:00.000,2022,11,28,0,00000KT,13,12
2022-11-28 01:00:00.000,2022,11,28,1,00000KT,13,11
2022-11-28 02:00:00.000,2022,11,28,2,33003KT,12,11
2022-11-28 03:00:00.000,2022,11,28,3,32003KT,12,11
2022-11-28 04:00:00.000,2022,11,28,4,00000KT,12,11
2022-11-28 05:00:00.000,2022,11,28,5,00000KT,12,10
2022-11-28 06:00:00.000,2022,11,28,6,VRB02KT,12,09
2022-11-28 07:00:00.000,2022,11,28,7,VRB02KT,11,10
2022-11-28 08:00:00.000,2022,11,28,8,VRB02KT,11,10
2022-11-28 09:00:00.000,2022,11,28,9,31003KT,11,10
2022-11-28 10:00:00.000,2022,11,28,10,27003KT,11,10
2022-11-28 10:30:00.000,2022,11,28,10,00000KT,11,10
2022-11-28 11:00:00.000,2022,11,28,11,00000KT,11,10
2022-11-28 12:00:00.000,2022,11,28,12,VRB02KT,11,11
2022-11-28 13:00:00.000,2022,11,28,13,VRB02KT,14,10
2022-11-28 14:00:00.000,2022,11,28,14,26004KT,15,10
2022-11-28 15:00:00.000,2022,11,28,15,33003KT,16,10
2022-11-28 16:00:00.000,2022,11,28,16,36004KT,18,10
2022-11-28 17:00:00.000,2022,11,28,17,VRB04KT,19,12
2022-11-28 18:00:00.000,2022,11,28,18,24011G22KT,17,11
2022-11-28 18:20:00.000,2022,11,28,18,25010KT,17,10
2022-11-28 19:00:00.000,2022,11,28,19,35007KT,13,12
2022-11-28 20:00:00.000,2022,11,28,20,28005KT,14,12
2022-11-28 21:00:00.000,2022,11,28,21,VRB03KT,14,12
2022-11-28 22:00:00.000,2022,11,28,22,13004KT,13,12
2022-11-28 23:00:00.000,2022,11,28,23,03003KT,12,12
2022-11-29 00:00:00.000,2022,11,29,0,32004KT,12,11
2022-11-29 01:00:00.000,2022,11,29,1,VRB02KT,12,11
2022-11-29 02:00:00.000,2022,11,29,2,00000KT,12,11
2022-11-29 03:00:00.000,2022,11,29,3,VRB02KT,11,11
2022-11-29 04:00:00.000,2022,11,29,4,VRB01KT,11,11
2022-11-29 04:05:00.000,2022,11,29,4,VRB02KT,11,11
2022-11-29 05:00:00.000,2022,11,29,5,VRB02KT,11,11
2022-11-29 06:00:00.000,2022,11,29,6,VRB02KT,11,11
2022-11-29 07:00:00.000,2022,11,29,7,00000KT,11,11
2022-11-29 08:00:00.000,2022,11,29,8,VRB02KT,11,11
2022-11-29 09:00:00.000,2022,11,29,9,30005KT,11,11
2022-11-29 10:00:00.000,2022,11,29,10,29004KT,11,11
2022-11-29 10:31:00.000,2022,11,29,10,VRB02KT,11,10
2022-11-29 11:00:00.000,2022,11,29,11,23004KT,11,10
2022-11-29 12:00:00.000,2022,11,29,12,32003KT,12,11
2022-11-29 13:00:00.000,2022,11,29,13,VRB02KT,13,10
2022-11-29 14:00:00.000,2022,11,29,14,VRB02KT,15,10
2022-11-29 15:00:00.000,2022,11,29,15,VRB04KT,17,10
2022-11-29 16:00:00.000,2022,11,29,16,31004KT,17,09
2022-11-29 17:00:00.000,2022,11,29,17,32006KT,18,10
2022-11-29 18:00:00.000,2022,11,29,18,31008KT,17,12
2022-11-29 19:00:00.000,2022,11,29,19,27013KT,16,13
2022-11-29 20:00:00.000,2022,11,29,20,33007KT,17,12
2022-11-29 21:00:00.000,2022,11,29,21,28010KT,15,11
2022-11-29 22:00:00.000,2022,11,29,22,32006KT,14,11
2022-11-29 23:00:00.000,2022,11,29,23,15008KT,13,10
2022-11-30 00:00:00.000,2022,11,30,0,16003KT,11,11
2022-11-30 01:00:00.000,2022,11,30,1,00000KT,12,11
2022-11-30 02:00:00.000,2022,11,30,2,34003KT,12,11
2022-11-30 03:00:00.000,2022,11,30,3,21004KT,12,11
2022-11-30 04:00:00.000,2022,11,30,4,19006KT,13,11
2022-11-30 05:00:00.000,2022,11,30,5,VRB02KT,12,11
2022-11-30 06:00:00.000,2022,11,30,6,VRB02KT,12,11
2022-11-30 07:00:00.000,2022,11,30,7,30003KT,12,11
2022-11-30 08:00:00.000,2022,11,30,8,32004KT,12,11
2022-11-30 09:00:00.000,2022,11,30,9,VRB02KT,12,11
2022-11-30 10:00:00.000,2022,11,30,10,27003KT,12,11
2022-11-30 10:30:00.000,2022,11,30,10,30003KT,11,11
2022-11-30 11:00:00.000,2022,11,30,11,27003KT,12,11
2022-11-30 12:00:00.000,2022,11,30,12,33009KT,11,10
2022-11-30 13:00:00.000,2022,11,30,13,32011KT,12,09
2022-11-30 14:00:00.000,2022,11,30,14,32008KT,13,09
2022-11-30 15:00:00.000,2022,11,30,15,29004G15KT,14,10
2022-11-30 16:00:00.000,2022,11,30,16,VRB02KT,16,09
2022-11-30 17:00:00.000,2022,11,30,17,VRB04KT,17,09
2022-11-30 18:00:00.000,2022,11,30,18,00000KT,17,10
2022-11-30 19:00:00.000,2022,11,30,19,29005KT,18,11
2022-11-30 20:00:00.000,2022,11,30,20,32011KT,18,12
2022-11-30 21:00:00.000,2022,11,30,21,33012KT,15,12
2022-11-30 22:00:00.000,2022,11,30,22,30009KT,13,11
2022-11-30 23:00:00.000,2022,11,30,23,30008KT,13,11
2022-12-01 00:00:00.000,2022,12,1,0,VRB02KT,13,11
2022-12-01 01:00:00.000,2022,12,1,1,34004KT,12,10
2022-12-01 02:00:00.000,2022,12,1,2,VRB02KT,12,10
2022-12-01 03:00:00.000,2022,12,1,3,33004KT,10,10
2022-12-01 04:00:00.000,2022,12,1,4,34003KT,10,09
2022-12-01 05:00:00.000,2022,12,1,5,35003KT,11,09
2022-12-01 06:00:00.000,2022,12,1,6,33003KT,11,10
2022-12-01 07:00:00.000,2022,12,1,7,VRB02KT,11,10
2022-12-01 08:00:00.000,2022,12,1,8,VRB02KT,11,09
2022-12-01 09:00:00.000,2022,12,1,9,VRB02KT,11,10
2022-12-01 10:00:00.000,2022,12,1,10,VRB02KT,11,10
2022-12-01 10:31:00.000,2022,12,1,10,VRB02KT,10,10
2022-12-01 11:00:00.000,2022,12,1,11,27004KT,11,10
2022-12-01 12:00:00.000,2022,12,1,12,31004KT,12,10
2022-12-01 13:00:00.000,2022,12,1,13,VRB02KT,14,11
2022-12-01 14:00:00.000,2022,12,1,14,31004KT,14,10
2022-12-01 15:00:00.000,2022,12,1,15,33004KT,17,09
2022-12-01 16:00:00.000,2022,12,1,16,25004KT,18,09
2022-12-01 17:00:00.000,2022,12,1,17,29012KT,18,09
2022-12-01 18:00:00.000,2022,12,1,18,30018KT,19,11
2022-12-01 19:00:00.000,2022,12,1,19,31014KT,18,10
2022-12-01 20:00:00.000,2022,12,1,20,30013KT,19,10
2022-12-01 21:00:00.000,2022,12,1,21,30014KT,17,09
2022-12-01 22:00:00.000,2022,12,1,22,31010KT,16,10
2022-12-01 23:00:00.000,2022,12,1,23,31012KT,14,11
2022-12-02 00:00:00.000,2022,12,2,0,30008KT,12,10
2022-12-02 01:00:00.000,2022,12,2,1,29006KT,13,10
2022-12-02 02:00:00.000,2022,12,2,2,26005KT,13,09
2022-12-02 03:00:00.000,2022,12,2,3,27005KT,12,09
2022-12-02 04:00:00.000,2022,12,2,4,28005KT,12,08
2022-12-02 05:00:00.000,2022,12,2,5,VRB02KT,11,09
2022-12-02 06:00:00.000,2022,12,2,6,28005KT,09,07
2022-12-02 07:00:00.000,2022,12,2,7,VRB02KT,09,08
2022-12-02 08:00:00.000,2022,12,2,8,VRB02KT,09,09
2022-12-02 09:00:00.000,2022,12,2,9,VRB02KT,10,09
2022-12-02 10:00:00.000,2022,12,2,10,VRB02KT,11,09
2022-12-02 10:31:00.000,2022,12,2,10,VRB02KT,09,09
2022-12-02 11:00:00.000,2022,12,2,11,VRB02KT,08,08
2022-12-02 12:00:00.000,2022,12,2,12,03003KT,09,08
2022-12-02 13:00:00.000,2022,12,2,13,VRB02KT,13,10
2022-12-02 14:00:00.000,2022,12,2,14,33006KT,14,10
2022-12-02 15:00:00.000,2022,12,2,15,33006KT,15,09
2022-12-02 16:00:00.000,2022,12,2,16,31008KT,17,10
2022-12-02 17:00:00.000,2022,12,2,17,31012KT,18,10
2022-12-02 18:00:00.000,2022,12,2,18,32014KT,18,10
2022-12-02 19:00:00.000,2022,12,2,19,32012KT,19,10
2022-12-02 20:00:00.000,2022,12,2,20,32012KT,19,11
2022-12-02 21:00:00.000,2022,12,2,21,32015KT,17,11
2022-12-02 22:00:00.000,2022,12,2,22,31012KT,15,11
2022-12-02 23:00:00.000,2022,12,2,23,30008KT,13,11
2022-12-03 00:00:00.000,2022,12,3,0,24013KT,13,11
2022-12-03 01:00:00.000,2022,12,3,1,33006KT,13,11
2022-12-03 02:00:00.000,2022,12,3,2,30010KT,13,10
2022-12-03 03:00:00.000,2022,12,3,3,32005KT,12,10
2022-12-03 04:00:00.000,2022,12,3,4,33004KT,12,09
2022-12-03 05:00:00.000,2022,12,3,5,VRB02KT,12,09
2022-12-03 06:00:00.000,2022,12,3,6,28003KT,11,10
2022-12-03 07:00:00.000,2022,12,3,7,VRB02KT,10,10
2022-12-03 08:00:00.000,2022,12,3,8,27004KT,11,09
2022-12-03 09:00:00.000,2022,12,3,9,27004KT,10,09
2022-12-03 10:00:00.000,2022,12,3,10,33004KT,10,09
2022-12-03 10:34:00.000,2022,12,3,10,31004KT,09,08
2022-12-03 11:00:00.000,2022,12,3,11,VRB02KT,09,08
2022-12-03 12:00:00.000,2022,12,3,12,VRB02KT,09,08
2022-12-03 13:00:00.000,2022,12,3,13,33003KT,10,09
2022-12-03 14:00:00.000,2022,12,3,14,VRB02KT,15,10
2022-12-03 15:00:00.000,2022,12,3,15,04004KT,17,09
2022-12-03 16:00:00.000,2022,12,3,16,04004KT,18,09
2022-12-03 17:00:00.000,2022,12,3,17,35004KT,18,09
2022-12-03 18:00:00.000,2022,12,3,18,27012KT,17,11
2022-12-03 19:00:00.000,2022,12,3,19,27013KT,17,11
2022-12-03 20:00:00.000,2022,12,3,20,28012KT,17,11
2022-12-03 20:10:00.000,2022,12,3,20,28013KT,17,10
2022-12-03 21:00:00.000,2022,12,3,21,27011KT,17,10
2022-12-03 22:00:00.000,2022,12,3,22,26009KT,16,10
2022-12-03 23:00:00.000,2022,12,3,23,28007KT,14,10
2022-12-04 00:00:00.000,2022,12,4,0,28003KT,13,10
2022-12-04 01:00:00.000,2022,12,4,1,VRB02KT,12,10
2022-12-04 02:00:00.000,2022,12,4,2,28003KT,12,10
2022-12-04 03:00:00.000,2022,12,4,3,24004KT,13,11
2022-12-04 04:00:00.000,2022,12,4,4,VRB02KT,10,09
2022-12-04 04:57:00.000,2022,12,4,4,32003KT,11,11
2022-12-04 05:00:00.000,2022,12,4,5,32003KT,11,11
2022-12-04 06:00:00.000,2022,12,4,6,VRB02KT,11,10
2022-12-04 07:00:00.000,2022,12,4,7,31003KT,10,10
2022-12-04 07:33:00.000,2022,12,4,7,31005KT,11,10
2022-12-04 08:00:00.000,2022,12,4,8,32004KT,11,10
2022-12-04 09:00:00.000,2022,12,4,9,29003KT,11,10
2022-12-04 10:00:00.000,2022,12,4,10,VRB02KT,09,09
2022-12-04 10:29:00.000,2022,12,4,10,VRB02KT,09,09
2022-12-04 11:00:00.000,2022,12,4,11,VRB02KT,09,09
2022-12-04 12:00:00.000,2022,12,4,12,33002KT,09,08
2022-12-04 13:00:00.000,2022,12,4,13,36003KT,13,11
2022-12-04 14:00:00.000,2022,12,4,14,32006KT,15,10
2022-12-04 15:00:00.000,2022,12,4,15,VRB02KT,17,09
2022-12-04 16:00:00.000,2022,12,4,16,36004KT,17,09
2022-12-04 17:00:00.000,2022,12,4,17,30008KT,18,10
2022-12-04 18:00:00.000,2022,12,4,18,31011KT,17,10
2022-12-04 19:00:00.000,2022,12,4,19,31009KT,18,11
2022-12-04 20:00:00.000,2022,12,4,20,30010KT,17,11
2022-12-04 21:00:00.000,2022,12,4,21,30010KT,15,11
2022-12-04 22:00:00.000,2022,12,4,22,33008KT,14,11
2022-12-04 23:00:00.000,2022,12,4,23,30008KT,13,11
2022-12-05 00:00:00.000,2022,12,5,0,30009KT,13,09
2022-12-05 01:00:00.000,2022,12,5,1,31009KT,13,09
2022-12-05 02:00:00.000,2022,12,5,2,31008KT,13,09
2022-12-05 03:00:00.000,2022,12,5,3,29004KT,12,10
2022-12-05 04:00:00.000,2022,12,5,4,25004KT,12,09
2022-12-05 05:00:00.000,2022,12,5,5,20004KT,12,09
2022-12-05 06:00:00.000,2022,12,5,6,VRB02KT,11,09
2022-12-05 07:00:00.000,2022,12,5,7,VRB02KT,11,09
2022-12-05 08:00:00.000,2022,12,5,8,31003KT,10,10
2022-12-05 09:00:00.000,2022,12,5,9,35003KT,10,09
2022-12-05 10:00:00.000,2022,12,5,10,29003KT,10,09
2022-12-05 10:32:00.000,2022,12,5,10,00000KT,08,08
2022-12-05 11:00:00.000,2022,12,5,11,00000KT,10,09
2022-12-05 12:00:00.000,2022,12,5,12,VRB02KT,11,10
2022-12-05 13:00:00.000,2022,12,5,13,34005KT,12,10
2022-12-05 14:00:00.000,2022,12,5,14,VRB02KT,15,11
2022-12-05 15:00:00.000,2022,12,5,15,32006KT,15,11
2022-12-05 16:00:00.000,2022,12,5,16,32006KT,16,12
2022-12-05 17:00:00.000,2022,12,5,17,31011KT,16,11
2022-12-05 18:00:00.000,2022,12,5,18,29010KT,16,10
2022-12-05 19:00:00.000,2022,12,5,19,28012KT,17,10
2022-12-05 20:00:00.000,2022,12,5,20,27009KT,18,11
2022-12-05 21:00:00.000,2022,12,5,21,27009KT,17,10
2022-12-05 22:00:00.000,2022,12,5,22,28010KT,15,10
2022-12-05 23:00:00.000,2022,12,5,23,27009KT,14,11
2022-12-06 00:00:00.000,2022,12,6,0,31006KT,12,11
2022-12-06 01:00:00.000,2022,12,6,1,31005KT,13,10
2022-12-06 02:00:00.000,2022,12,6,2,28004KT,12,10
2022-12-06 03:00:00.000,2022,12,6,3,VRB02KT,12,10
2022-12-06 04:00:00.000,2022,12,6,4,26003KT,12,10
2022-12-06 05:00:00.000,2022,12,6,5,32004KT,09,09
2022-12-06 06:00:00.000,2022,12,6,6,VRB02KT,09,08
2022-12-06 08:00:00.000,2022,12,6,8,28005KT,10,10
2022-12-06 09:00:00.000,2022,12,6,9,VRB02KT,09,09
2022-12-06 10:00:00.000,2022,12,6,10,28004KT,08,08
2022-12-06 10:31:00.000,2022,12,6,10,VRB02KT,08,08
2022-12-06 11:00:00.000,2022,12,6,11,VRB02KT,08,08
2022-12-06 12:00:00.000,2022,12,6,12,29004KT,10,09
2022-12-06 13:00:00.000,2022,12,6,13,VRB02KT,12,10
2022-12-06 14:00:00.000,2022,12,6,14,32003KT,14,10
2022-12-06 15:00:00.000,2022,12,6,15,35004KT,16,10
2022-12-06 16:00:00.000,2022,12,6,16,28004KT,18,10
2022-12-06 17:00:00.000,2022,12,6,17,28008KT,18,10
2022-12-06 18:00:00.000,2022,12,6,18,23010KT,16,11
2022-12-06 19:00:00.000,2022,12,6,19,02006KT,14,12
2022-12-06 20:00:00.000,2022,12,6,20,31007KT,15,12
2022-12-06 21:00:00.000,2022,12,6,21,26008KT,15,12
2022-12-06 22:00:00.000,2022,12,6,22,25007KT,15,11
2022-12-06 23:00:00.000,2022,12,6,23,25006KT,14,11
2022-12-07 00:00:00.000,2022,12,7,0,26006KT,13,12
2022-12-07 01:00:00.000,2022,12,7,1,27006KT,13,11
2022-12-07 02:00:00.000,2022,12,7,2,25004KT,13,11
2022-12-07 02:31:00.000,2022,12,7,2,30006KT,12,12
2022-12-07 03:00:00.000,2022,12,7,3,30005KT,12,12
2022-12-07 04:00:00.000,2022,12,7,4,29005KT,12,11
2022-12-07 05:00:00.000,2022,12,7,5,29006KT,12,11
2022-12-07 06:00:00.000,2022,12,7,6,26003KT,12,11
2022-12-07 07:00:00.000,2022,12,7,7,22003KT,12,11
2022-12-07 08:00:00.000,2022,12,7,8,VRB02KT,11,11
2022-12-07 09:00:00.000,2022,12,7,9,32003KT,11,11
2022-12-07 10:00:00.000,2022,12,7,10,07003KT,11,10
2022-12-07 10:28:00.000,2022,12,7,10,03004KT,11,10
2022-12-07 11:00:00.000,2022,12,7,11,04004KT,11,10
2022-12-07 12:00:00.000,2022,12,7,12,07004KT,11,10
2022-12-07 13:00:00.000,2022,12,7,13,04006KT,12,10
2022-12-07 14:00:00.000,2022,12,7,14,VRB02KT,12,11
2022-12-07 15:00:00.000,2022,12,7,15,35004KT,14,11
2022-12-07 16:00:00.000,2022,12,7,16,VRB02KT,16,11
2022-12-07 17:00:00.000,2022,12,7,17,29006KT,16,11
2022-12-07 18:00:00.000,2022,12,7,18,24006KT,15,11
2022-12-07 19:00:00.000,2022,12,7,19,23008KT,15,11
2022-12-07 20:00:00.000,2022,12,7,20,26004KT,15,11
2022-12-07 21:00:00.000,2022,12,7,21,31006KT,14,11
2022-12-07 22:00:00.000,2022,12,7,22,33005KT,14,12
2022-12-07 23:00:00.000,2022,12,7,23,25006KT,14,11
2022-12-08 00:00:00.000,2022,12,8,0,VRB03KT,13,11
2022-12-08 01:00:00.000,2022,12,8,1,26003KT,13,11
2022-12-08 02:00:00.000,2022,12,8,2,VRB02KT,12,11
2022-12-08 03:00:00.000,2022,12,8,3,02003KT,11,10
2022-12-08 04:00:00.000,2022,12,8,4,25003KT,12,10
2022-12-08 05:00:00.000,2022,12,8,5,26004KT,12,11
2022-12-08 06:00:00.000,2022,12,8,6,28003KT,11,10
2022-12-08 07:00:00.000,2022,12,8,7,26003KT,12,11
2022-12-08 08:00:00.000,2022,12,8,8,VRB02KT,11,10
2022-12-08 09:00:00.000,2022,12,8,9,VRB02KT,11,10
2022-12-08 10:00:00.000,2022,12,8,10,VRB02KT,11,10
2022-12-08 10:31:00.000,2022,12,8,10,VRB02KT,11,10
2022-12-08 11:00:00.000,2022,12,8,11,VRB02KT,10,10
2022-12-08 12:00:00.000,2022,12,8,12,15004KT,12,11
2022-12-08 13:00:00.000,2022,12,8,13,VRB02KT,13,10
2022-12-08 14:00:00.000,2022,12,8,14,VRB02KT,14,10
2022-12-08 15:00:00.000,2022,12,8,15,28004KT,17,10
2022-12-08 16:00:00.000,2022,12,8,16,23004KT,18,09
2022-12-08 17:00:00.000,2022,12,8,17,25012KT,17,12
2022-12-08 18:00:00.000,2022,12,8,18,25009KT,18,12
2022-12-08 19:00:00.000,2022,12,8,19,25011KT,18,12
2022-12-08 20:00:00.000,2022,12,8,20,27011G22KT,17,11
2022-12-08 21:00:00.000,2022,12,8,21,26012KT,16,12
2022-12-08 22:00:00.000,2022,12,8,22,27007KT,14,11
2022-12-08 23:00:00.000,2022,12,8,23,31007KT,13,11
2022-12-09 00:00:00.000,2022,12,9,0,32005KT,12,10
2022-12-09 01:00:00.000,2022,12,9,1,30003KT,12,10
2022-12-09 02:00:00.000,2022,12,9,2,VRB02KT,11,10
2022-12-09 03:00:00.000,2022,12,9,3,VRB02KT,12,11
2022-12-09 04:00:00.000,2022,12,9,4,27004KT,13,11
2022-12-09 05:00:00.000,2022,12,9,5,36003KT,12,11
2022-12-09 06:00:00.000,2022,12,9,6,VRB02KT,12,11
2022-12-09 07:00:00.000,2022,12,9,7,VRB02KT,11,11
2022-12-09 08:00:00.000,2022,12,9,8,VRB02KT,11,11
2022-12-09 09:00:00.000,2022,12,9,9,VRB02KT,12,11
2022-12-09 10:00:00.000,2022,12,9,10,VRB02KT,11,10
2022-12-09 10:30:00.000,2022,12,9,10,VRB02KT,10,10
2022-12-09 11:00:00.000,2022,12,9,11,VRB02KT,10,09
2022-12-09 12:16:00.000,2022,12,9,12,04003KT,13,10
2022-12-09 14:00:00.000,2022,12,9,14,VRB02KT,15,10
2022-12-09 15:00:00.000,2022,12,9,15,04004KT,16,10
2022-12-09 16:00:00.000,2022,12,9,16,16009KT,19,08
2022-12-09 17:00:00.000,2022,12,9,17,18007KT,20,08
2022-12-09 18:00:00.000,2022,12,9,18,22005KT,18,08
2022-12-09 19:00:00.000,2022,12,9,19,26007KT,18,12
2022-12-09 20:00:00.000,2022,12,9,20,24010KT,18,11
2022-12-09 21:00:00.000,2022,12,9,21,28010KT,18,12
2022-12-09 22:00:00.000,2022,12,9,22,28009KT,16,11
2022-12-09 23:00:00.000,2022,12,9,23,26008KT,14,11
2022-12-10 00:00:00.000,2022,12,10,0,28003KT,14,10
2022-12-10 01:00:00.000,2022,12,10,1,23003KT,14,09
2022-12-10 02:00:00.000,2022,12,10,2,VRB02KT,12,10
2022-12-10 03:00:00.000,2022,12,10,3,VRB02KT,11,09
2022-12-10 04:00:00.000,2022,12,10,4,VRB02KT,10,09
2022-12-10 05:00:00.000,2022,12,10,5,VRB02KT,09,08
2022-12-10 06:00:00.000,2022,12,10,6,VRB02KT,09,08
2022-12-10 07:00:00.000,2022,12,10,7,VRB02KT,07,07
2022-12-10 08:00:00.000,2022,12,10,8,VRB02KT,06,06
2022-12-10 09:00:00.000,2022,12,10,9,VRB02KT,05,05
2022-12-10 09:33:00.000,2022,12,10,9,33002KT,06,06
2022-12-10 10:00:00.000,2022,12,10,10,31003KT,06,06
2022-12-10 10:17:00.000,2022,12,10,10,VRB02KT,05,05
2022-12-10 10:36:00.000,2022,12,10,10,VRB02KT,06,06
2022-12-10 11:00:00.000,2022,12,10,11,VRB02KT,05,05
2022-12-10 11:35:00.000,2022,12,10,11,05004KT,08,08
2022-12-10 12:00:00.000,2022,12,10,12,04004KT,08,08
2022-12-10 12:34:00.000,2022,12,10,12,13004KT,10,09
2022-12-10 13:00:00.000,2022,12,10,13,13004KT,10,10
2022-12-10 14:00:00.000,2022,12,10,14,04006KT,13,10
2022-12-10 15:00:00.000,2022,12,10,15,04004KT,16,10
2022-12-10 16:00:00.000,2022,12,10,16,VRB02KT,18,10
2022-12-10 16:55:00.000,2022,12,10,16,VRB02KT,19,10
2022-12-10 17:00:00.000,2022,12,10,17,33004KT,18,09
2022-12-10 18:00:00.000,2022,12,10,18,26007KT,17,11
2022-12-10 19:00:00.000,2022,12,10,19,24008KT,17,12
2022-12-10 20:00:00.000,2022,12,10,20,26005KT,17,12
2022-12-10 21:00:00.000,2022,12,10,21,30004KT,17,12
2022-12-10 22:00:00.000,2022,12,10,22,31009KT,15,12
2022-12-10 23:00:00.000,2022,12,10,23,28008KT,14,12
2022-12-11 00:00:00.000,2022,12,11,0,23004KT,13,11
2022-12-11 01:00:00.000,2022,12,11,1,24004KT,13,11
2022-12-11 02:00:00.000,2022,12,11,2,VRB02KT,13,11
2022-12-11 03:00:00.000,2022,12,11,3,15005KT,12,11
2022-12-11 04:00:00.000,2022,12,11,4,33003KT,12,11
2022-12-11 05:00:00.000,2022,12,11,5,00000KT,12,11
2022-12-11 06:00:00.000,2022,12,11,6,30003KT,11,10
2022-12-11 07:00:00.000,2022,12,11,7,21003KT,11,10
2022-12-11 08:00:00.000,2022,12,11,8,36003KT,09,09
2022-12-11 09:00:00.000,2022,12,11,9,VRB02KT,11,10
2022-12-11 10:00:00.000,2022,12,11,10,VRB02KT,11,10
2022-12-11 10:30:00.000,2022,12,11,10,03003KT,11,10
2022-12-11 11:00:00.000,2022,12,11,11,06003KT,11,10
2022-12-11 12:00:00.000,2022,12,11,12,VRB02KT,13,10
2022-12-11 13:00:00.000,2022,12,11,13,VRB02KT,16,10
2022-12-11 14:00:00.000,2022,12,11,14,30004KT,17,10
2022-12-11 15:00:00.000,2022,12,11,15,VRB05KT,16,10
2022-12-11 16:00:00.000,2022,12,11,16,14008KT,17,09
2022-12-11 17:00:00.000,2022,12,11,17,11007KT,18,08
2022-12-11 18:00:00.000,2022,12,11,18,11008KT,20,07
2022-12-11 19:00:00.000,2022,12,11,19,14009KT,20,07
2022-12-11 20:00:00.000,2022,12,11,20,11004KT,16,10
2022-12-11 21:00:00.000,2022,12,11,21,VRB02KT,17,12
2022-12-11 22:00:00.000,2022,12,11,22,29008KT,17,11
2022-12-11 23:00:00.000,2022,12,11,23,VRB02KT,14,11
2022-12-12 00:00:00.000,2022,12,12,0,31005KT,13,11
2022-12-12 01:00:00.000,2022,12,12,1,VRB02KT,11,10
2022-12-12 02:00:00.000,2022,12,12,2,VRB02KT,10,10
2022-12-12 03:00:00.000,2022,12,12,3,33004KT,09,09
2022-12-12 04:00:00.000,2022,12,12,4,VRB02KT,10,09
2022-12-12 05:00:00.000,2022,12,12,5,VRB02KT,08,08
2022-12-12 06:00:00.000,2022,12,12,6,02003KT,08,08
2022-12-12 07:00:00.000,2022,12,12,7,32005KT,06,06
2022-12-12 08:00:00.000,2022,12,12,8,33004KT,06,06
2022-12-12 09:00:00.000,2022,12,12,9,VRB02KT,05,05
2022-12-12 10:00:00.000,2022,12,12,10,VRB02KT,06,06
2022-12-12 10:34:00.000,2022,12,12,10,VRB02KT,05,05
2022-12-12 11:00:00.000,2022,12,12,11,34003KT,06,06
2022-12-12 11:31:00.000,2022,12,12,11,34004KT,07,07
2022-12-12 11:33:00.000,2022,12,12,11,32003KT,07,07
2022-12-12 12:00:00.000,2022,12,12,12,VRB02KT,07,07
2022-12-12 12:33:00.000,2022,12,12,12,09003KT,09,09
2022-12-12 13:00:00.000,2022,12,12,13,07003KT,10,10
2022-12-12 14:00:00.000,2022,12,12,14,04004KT,11,10
2022-12-12 15:00:00.000,2022,12,12,15,36004KT,15,10
2022-12-12 16:00:00.000,2022,12,12,16,VRB02KT,18,09
2022-12-12 17:00:00.000,2022,12,12,17,34002KT,17,09
2022-12-12 18:00:00.000,2022,12,12,18,03005KT,19,10
2022-12-12 19:00:00.000,2022,12,12,19,02005KT,17,12
2022-12-12 20:00:00.000,2022,12,12,20,26005KT,17,12
2022-12-12 21:00:00.000,2022,12,12,21,31012KT,17,13
2022-12-12 21:20:00.000,2022,12,12,21,27009KT,16,12
2022-12-12 22:00:00.000,2022,12,12,22,24007KT,16,12
2022-12-12 23:00:00.000,2022,12,12,23,25006KT,14,11
2022-12-13 00:00:00.000,2022,12,13,0,26004KT,13,11
2022-12-13 01:00:00.000,2022,12,13,1,VRB02KT,12,11
2022-12-13 02:00:00.000,2022,12,13,2,VRB02KT,11,10
2022-12-13 03:00:00.000,2022,12,13,3,33004KT,10,09
2022-12-13 04:00:00.000,2022,12,13,4,VRB02KT,10,10
2022-12-13 05:00:00.000,2022,12,13,5,VRB02KT,12,10
2022-12-13 06:00:00.000,2022,12,13,6,VRB02KT,10,09
2022-12-13 07:00:00.000,2022,12,13,7,00000KT,09,09
2022-12-13 08:00:00.000,2022,12,13,8,VRB02KT,08,08
2022-12-13 09:00:00.000,2022,12,13,9,04004KT,07,07
2022-12-13 10:00:00.000,2022,12,13,10,04005KT,08,08
2022-12-13 10:29:00.000,2022,12,13,10,07005KT,08,08
2022-12-13 11:00:00.000,2022,12,13,11,05005KT,08,08
2022-12-13 12:00:00.000,2022,12,13,12,04004KT,10,09
2022-12-13 13:00:00.000,2022,12,13,13,04005KT,12,10
2022-12-13 14:00:00.000,2022,12,13,14,02004KT,14,09
2022-12-13 15:00:00.000,2022,12,13,15,07004KT,17,10
2022-12-13 16:00:00.000,2022,12,13,16,VRB02KT,17,09
2022-12-13 17:00:00.000,2022,12,13,17,10004KT,19,09
2022-12-13 18:00:00.000,2022,12,13,18,16006KT,18,08
2022-12-13 19:00:00.000,2022,12,13,19,10004KT,19,09
2022-12-13 20:00:00.000,2022,12,13,20,29006KT,17,11
2022-12-13 21:00:00.000,2022,12,13,21,27007KT,16,12
2022-12-13 22:00:00.000,2022,12,13,22,24008KT,15,12
2022-12-13 23:00:00.000,2022,12,13,23,35003KT,13,11
2022-12-14 00:00:00.000,2022,12,14,0,31003KT,12,11
2022-12-14 01:00:00.000,2022,12,14,1,VRB02KT,11,11
2022-12-14 02:00:00.000,2022,12,14,2,VRB02KT,11,10
2022-12-14 03:00:00.000,2022,12,14,3,34004KT,11,10
2022-12-14 04:00:00.000,2022,12,14,4,03005KT,12,10
2022-12-14 05:00:00.000,2022,12,14,5,34004KT,11,10
2022-12-14 06:00:00.000,2022,12,14,6,05004KT,12,10
2022-12-14 07:00:00.000,2022,12,14,7,04005KT,12,10
2022-12-14 08:00:00.000,2022,12,14,8,VRB02KT,12,10
2022-12-14 09:00:00.000,2022,12,14,9,VRB02KT,12,09
2022-12-14 10:00:00.000,2022,12,14,10,03003KT,11,09
2022-12-14 10:30:00.000,2022,12,14,10,01003KT,11,09
2022-12-14 11:00:00.000,2022,12,14,11,35003KT,11,09
2022-12-14 12:00:00.000,2022,12,14,12,04004KT,12,10
2022-12-14 13:00:00.000,2022,12,14,13,06005KT,13,10
2022-12-14 14:00:00.000,2022,12,14,14,06007KT,15,10
2022-12-14 15:00:00.000,2022,12,14,15,09006KT,17,10
2022-12-14 16:00:00.000,2022,12,14,16,14012KT,18,09
2022-12-14 17:00:00.000,2022,12,14,17,12010KT,18,09
2022-12-14 18:00:00.000,2022,12,14,18,12009KT,18,08
2022-12-14 19:00:00.000,2022,12,14,19,15010KT,18,08
2022-12-14 20:00:00.000,2022,12,14,20,13010KT,18,08
2022-12-14 21:00:00.000,2022,12,14,21,12005KT,17,09
2022-12-14 22:00:00.000,2022,12,14,22,13008KT,17,08
2022-12-14 23:00:00.000,2022,12,14,23,13008KT,15,07
2022-12-15 00:00:00.000,2022,12,15,0,12005KT,14,08
2022-12-15 01:00:00.000,2022,12,15,1,11004KT,13,08
2022-12-15 02:00:00.000,2022,12,15,2,07004KT,12,08
2022-12-15 03:00:00.000,2022,12,15,3,VRB02KT,09,07
2022-12-15 04:00:00.000,2022,12,15,4,01002KT,08,06
2022-12-15 05:00:00.000,2022,12,15,5,35003KT,08,07
2022-12-15 06:00:00.000,2022,12,15,6,VRB02KT,09,07
2022-12-15 07:00:00.000,2022,12,15,7,VRB02KT,08,07
2022-12-15 08:00:00.000,2022,12,15,8,VRB02KT,09,08
2022-12-15 09:00:00.000,2022,12,15,9,VRB02KT,08,08
2022-12-15 10:00:00.000,2022,12,15,10,VRB02KT,09,08
2022-12-15 10:31:00.000,2022,12,15,10,VRB02KT,08,07
2022-12-15 11:00:00.000,2022,12,15,11,VRB02KT,09,08
2022-12-15 12:00:00.000,2022,12,15,12,04004KT,11,09
2022-12-15 13:00:00.000,2022,12,15,13,04006KT,13,10
2022-12-15 14:00:00.000,2022,12,15,14,08006KT,15,08
2022-12-15 15:00:00.000,2022,12,15,15,13012KT,18,09
2022-12-15 16:00:00.000,2022,12,15,16,14015KT,19,08
2022-12-15 17:00:00.000,2022,12,15,17,13009KT,19,08
2022-12-15 18:00:00.000,2022,12,15,18,12008KT,20,07
2022-12-15 19:00:00.000,2022,12,15,19,13008KT,20,07
2022-12-15 20:00:00.000,2022,12,15,20,06008KT,19,07
2022-12-15 21:00:00.000,2022,12,15,21,13006KT,18,08
2022-12-15 22:00:00.000,2022,12,15,22,13008KT,17,08
2022-12-15 23:00:00.000,2022,12,15,23,10004KT,17,08
2022-12-16 00:00:00.000,2022,12,16,0,34003KT,12,07
2022-12-16 01:00:00.000,2022,12,16,1,05005KT,11,07
2022-12-16 02:00:00.000,2022,12,16,2,05003KT,11,07
2022-12-16 03:00:00.000,2022,12,16,3,01003KT,08,06
2022-12-16 04:00:00.000,2022,12,16,4,33003KT,08,06
2022-12-16 05:00:00.000,2022,12,16,5,35003KT,07,06
2022-12-16 06:00:00.000,2022,12,16,6,VRB02KT,06,06
2022-12-16 07:00:00.000,2022,12,16,7,32003KT,06,05
2022-12-16 08:00:00.000,2022,12,16,8,VRB02KT,05,05
2022-12-16 09:00:00.000,2022,12,16,9,VRB02KT,05,04
2022-12-16 10:00:00.000,2022,12,16,10,04003KT,03,03
2022-12-16 10:29:00.000,2022,12,16,10,34003KT,03,03
2022-12-16 11:00:00.000,2022,12,16,11,32003KT,05,04
2022-12-16 12:00:00.000,2022,12,16,12,VRB02KT,07,07
2022-12-16 12:38:00.000,2022,12,16,12,02004KT,09,08
2022-12-16 13:00:00.000,2022,12,16,13,03004KT,10,08
2022-12-16 14:00:00.000,2022,12,16,14,02003KT,14,09
2022-12-16 14:35:00.000,2022,12,16,14,03003KT,16,09
2022-12-16 15:00:00.000,2022,12,16,15,04003KT,17,08
2022-12-16 16:00:00.000,2022,12,16,16,11004KT,19,08
2022-12-16 17:00:00.000,2022,12,16,17,13006KT,21,08
2022-12-16 18:00:00.000,2022,12,16,18,04008KT,21,08
2022-12-16 19:00:00.000,2022,12,16,19,01006KT,21,07
2022-12-16 20:00:00.000,2022,12,16,20,30014KT,19,13
2022-12-16 21:00:00.000,2022,12,16,21,30010KT,17,12
2022-12-16 22:00:00.000,2022,12,16,22,28010KT,16,12
2022-12-16 23:00:00.000,2022,12,16,23,31005KT,15,12
2022-12-17 00:00:00.000,2022,12,17,0,VRB02KT,13,11
2022-12-17 01:00:00.000,2022,12,17,1,VRB02KT,13,09
2022-12-17 02:00:00.000,2022,12,17,2,VRB02KT,11,08
2022-12-17 03:00:00.000,2022,12,17,3,36003KT,09,08
2022-12-17 04:00:00.000,2022,12,17,4,33003KT,09,07
2022-12-17 05:00:00.000,2022,12,17,5,VRB02KT,08,07
2022-12-17 06:00:00.000,2022,12,17,6,34003KT,07,07
2022-12-17 07:00:00.000,2022,12,17,7,VRB02KT,08,07
2022-12-17 08:00:00.000,2022,12,17,8,VRB02KT,05,04
2022-12-17 09:00:00.000,2022,12,17,9,VRB02KT,05,05
2022-12-17 10:00:00.000,2022,12,17,10,07005KT,05,05
2022-12-17 10:32:00.000,2022,12,17,10,33004KT,05,05
2022-12-17 11:00:00.000,2022,12,17,11,32004KT,04,04
2022-12-17 12:00:00.000,2022,12,17,12,VRB02KT,07,06
2022-12-17 13:00:00.000,2022,12,17,13,04004KT,12,09
2022-12-17 14:00:00.000,2022,12,17,14,05006KT,15,09
2022-12-17 15:00:00.000,2022,12,17,15,04004KT,18,09
2022-12-17 16:00:00.000,2022,12,17,16,04010KT,18,09
2022-12-17 17:00:00.000,2022,12,17,17,02004KT,19,07
2022-12-17 18:00:00.000,2022,12,17,18,07007KT,19,07
2022-12-17 19:00:00.000,2022,12,17,19,05005KT,19,07
2022-12-17 20:00:00.000,2022,12,17,20,10010KT,21,07
2022-12-17 21:00:00.000,2022,12,17,21,07005KT,19,06
2022-12-17 22:00:00.000,2022,12,17,22,11005KT,18,06
2022-12-17 23:00:00.000,2022,12,17,23,12003KT,15,12
2022-12-18 00:00:00.000,2022,12,18,0,24004KT,15,12
2022-12-18 01:00:00.000,2022,12,18,1,03004KT,14,08
2022-12-18 02:00:00.000,2022,12,18,2,03005KT,12,09
2022-12-18 03:00:00.000,2022,12,18,3,VRB02KT,11,08
2022-12-18 04:00:00.000,2022,12,18,4,VRB02KT,11,08
2022-12-18 05:00:00.000,2022,12,18,5,04003KT,10,08
2022-12-18 06:00:00.000,2022,12,18,6,04003KT,10,08
2022-12-18 07:00:00.000,2022,12,18,7,VRB02KT,09,08
2022-12-18 08:00:00.000,2022,12,18,8,VRB02KT,09,08
2022-12-18 09:00:00.000,2022,12,18,9,VRB02KT,06,06
2022-12-18 10:00:00.000,2022,12,18,10,VRB02KT,08,07
2022-12-18 10:29:00.000,2022,12,18,10,VRB02KT,07,07
2022-12-18 11:00:00.000,2022,12,18,11,VRB02KT,07,07
2022-12-18 12:00:00.000,2022,12,18,12,35004KT,07,07
2022-12-18 13:00:00.000,2022,12,18,13,33004KT,12,10
2022-12-18 14:00:00.000,2022,12,18,14,04006KT,15,08
2022-12-18 15:00:00.000,2022,12,18,15,02006KT,17,09
2022-12-18 16:00:00.000,2022,12,18,16,01009KT,18,09
2022-12-18 17:00:00.000,2022,12,18,17,03006KT,19,08
2022-12-18 18:00:00.000,2022,12,18,18,02004KT,20,09
2022-12-18 19:00:00.000,2022,12,18,19,20011KT,20,08
2022-12-18 20:00:00.000,2022,12,18,20,28010KT,16,12
2022-12-18 21:00:00.000,2022,12,18,21,29010KT,17,11
2022-12-18 22:00:00.000,2022,12,18,22,15011KT,14,11
2022-12-18 23:00:00.000,2022,12,18,23,VRB02KT,12,11
2022-12-19 00:00:00.000,2022,12,19,0,05005KT,12,11
2022-12-19 01:00:00.000,2022,12,19,1,VRB02KT,11,11
2022-12-19 02:00:00.000,2022,12,19,2,VRB01KT,11,10
2022-12-19 03:00:00.000,2022,12,19,3,03003KT,10,09
2022-12-19 04:00:00.000,2022,12,19,4,06006KT,09,08
2022-12-19 05:00:00.000,2022,12,19,5,05005KT,10,08
2022-12-19 06:00:00.000,2022,12,19,6,02003KT,10,08
2022-12-19 07:00:00.000,2022,12,19,7,02004KT,09,08
2022-12-19 08:00:00.000,2022,12,19,8,04006KT,08,06
2022-12-19 09:00:00.000,2022,12,19,9,06006KT,08,06
2022-12-19 10:00:00.000,2022,12,19,10,06005KT,08,05
2022-12-19 10:39:00.000,2022,12,19,10,08004KT,08,05
2022-12-19 11:00:00.000,2022,12,19,11,04004KT,07,05
2022-12-19 12:00:00.000,2022,12,19,12,07004KT,09,08
2022-12-19 13:00:00.000,2022,12,19,13,05006KT,11,06
2022-12-19 14:00:00.000,2022,12,19,14,07006KT,14,04
2022-12-19 15:00:00.000,2022,12,19,15,03004KT,17,04
2022-12-19 16:00:00.000,2022,12,19,16,VRB02KT,19,05
2022-12-19 17:00:00.000,2022,12,19,17,07008KT,20,03
2022-12-19 18:00:00.000,2022,12,19,18,08004KT,20,03
2022-12-19 19:00:00.000,2022,12,19,19,24008KT,20,09
2022-12-19 20:00:00.000,2022,12,19,20,25009KT,20,10
2022-12-19 21:00:00.000,2022,12,19,21,32011KT,18,11
2022-12-19 22:00:00.000,2022,12,19,22,29010KT,17,11
2022-12-19 23:00:00.000,2022,12,19,23,27006KT,15,11
2022-12-20 00:00:00.000,2022,12,20,0,29006KT,14,11
2022-12-20 01:00:00.000,2022,12,20,1,VRB02KT,13,11
2022-12-20 02:00:00.000,2022,12,20,2,VRB02KT,13,11
2022-12-20 03:00:00.000,2022,12,20,3,34004KT,11,10
2022-12-20 04:00:00.000,2022,12,20,4,03004KT,11,10
2022-12-20 05:00:00.000,2022,12,20,5,35004KT,10,07
2022-12-20 06:00:00.000,2022,12,20,6,03003KT,09,07
2022-12-20 07:00:00.000,2022,12,20,7,03003KT,08,07
2022-12-20 08:00:00.000,2022,12,20,8,VRB02KT,07,07
2022-12-20 09:00:00.000,2022,12,20,9,00000KT,05,05
2022-12-20 10:00:00.000,2022,12,20,10,07003KT,07,06
2022-12-20 11:00:00.000,2022,12,20,11,04004KT,06,05
2022-12-20 12:00:00.000,2022,12,20,12,04005KT,08,06
2022-12-20 13:00:00.000,2022,12,20,13,04004KT,10,08
2022-12-20 14:00:00.000,2022,12,20,14,04004KT,13,09
2022-12-20 15:00:00.000,2022,12,20,15,06003KT,16,08
2022-12-20 16:00:00.000,2022,12,20,16,20003KT,19,09
2022-12-20 17:00:00.000,2022,12,20,17,11008KT,21,08
2022-12-20 18:00:00.000,2022,12,20,18,11007KT,21,06
2022-12-20 19:00:00.000,2022,12,20,19,14010G21KT,20,06
2022-12-20 20:00:00.000,2022,12,20,20,08005KT,22,07
2022-12-20 21:00:00.000,2022,12,20,21,24010KT,18,11
2022-12-20 22:00:00.000,2022,12,20,22,32010KT,16,11
2022-12-20 23:00:00.000,2022,12,20,23,29006KT,15,10
2022-12-21 00:00:00.000,2022,12,21,0,35003KT,12,10
2022-12-21 01:00:00.000,2022,12,21,1,VRB02KT,14,10
2022-12-21 02:00:00.000,2022,12,21,2,VRB02KT,12,10
2022-12-21 03:00:00.000,2022,12,21,3,VRB02KT,12,10
2022-12-21 04:00:00.000,2022,12,21,4,36002KT,10,10
2022-12-21 05:00:00.000,2022,12,21,5,05003KT,09,08
2022-12-21 06:00:00.000,2022,12,21,6,04003KT,09,08
2022-12-21 07:00:00.000,2022,12,21,7,05004KT,09,08
2022-12-21 08:00:00.000,2022,12,21,8,05004KT,08,07
2022-12-21 09:00:00.000,2022,12,21,9,VRB02KT,08,07
2022-12-21 10:00:00.000,2022,12,21,10,VRB02KT,07,07
2022-12-21 10:30:00.000,2022,12,21,10,34004KT,05,05
2022-12-21 11:00:00.000,2022,12,21,11,01004KT,05,05
2022-12-21 12:00:00.000,2022,12,21,12,VRB02KT,08,07
2022-12-21 13:00:00.000,2022,12,21,13,VRB02KT,12,09
2022-12-21 14:00:00.000,2022,12,21,14,VRB02KT,16,09
2022-12-21 15:00:00.000,2022,12,21,15,01003KT,17,08
2022-12-21 16:00:00.000,2022,12,21,16,12006KT,19,08
2022-12-21 17:00:00.000,2022,12,21,17,04005KT,20,07
2022-12-21 18:00:00.000,2022,12,21,18,VRB04G14KT,20,08
2022-12-21 19:00:00.000,2022,12,21,19,30011KT,18,12
2022-12-21 20:00:00.000,2022,12,21,20,26013KT,18,12
2022-12-21 21:00:00.000,2022,12,21,21,19010KT,18,12
2022-12-21 22:00:00.000,2022,12,21,22,35006KT,13,09
2022-12-21 23:00:00.000,2022,12,21,23,01005KT,12,10
2022-12-22 00:00:00.000,2022,12,22,0,35004KT,11,10
2022-12-22 01:00:00.000,2022,12,22,1,02004KT,10,09
2022-12-22 02:00:00.000,2022,12,22,2,02004KT,10,09
2022-12-22 03:00:00.000,2022,12,22,3,VRB02KT,11,10
2022-12-22 04:00:00.000,2022,12,22,4,VRB02KT,10,10
2022-12-22 05:00:00.000,2022,12,22,5,05005KT,10,09
2022-12-22 06:00:00.000,2022,12,22,6,07003KT,11,09
2022-12-22 07:00:00.000,2022,12,22,7,VRB02KT,10,09
2022-12-22 08:00:00.000,2022,12,22,8,09006KT,10,09
2022-12-22 09:00:00.000,2022,12,22,9,07004KT,08,07
2022-12-22 10:00:00.000,2022,12,22,10,05010KT,08,07
2022-12-22 10:31:00.000,2022,12,22,10,VRB02KT,08,07
2022-12-22 11:00:00.000,2022,12,22,11,08004KT,09,08
2022-12-22 12:00:00.000,2022,12,22,12,05004KT,09,08
2022-12-22 13:00:00.000,2022,12,22,13,03003KT,11,09
2022-12-22 14:00:00.000,2022,12,22,14,02004KT,15,10
2022-12-22 15:00:00.000,2022,12,22,15,03005KT,16,09
2022-12-22 16:00:00.000,2022,12,22,16,04007KT,18,10
2022-12-22 17:00:00.000,2022,12,22,17,04008KT,19,09
2022-12-22 18:00:00.000,2022,12,22,18,14005KT,21,09
2022-12-22 19:00:00.000,2022,12,22,19,28010KT,19,12
2022-12-22 20:00:00.000,2022,12,22,20,24011KT,20,12
2022-12-22 21:00:00.000,2022,12,22,21,31012KT,17,12
2022-12-22 22:00:00.000,2022,12,22,22,28009KT,17,12
2022-12-22 23:00:00.000,2022,12,22,23,28005KT,15,13
2022-12-23 00:00:00.000,2022,12,23,0,23006KT,15,13
2022-12-23 01:00:00.000,2022,12,23,1,02004KT,14,13
2022-12-23 02:00:00.000,2022,12,23,2,02003KT,13,12
2022-12-23 03:00:00.000,2022,12,23,3,34003KT,12,10
2022-12-23 04:00:00.000,2022,12,23,4,05003KT,11,09
2022-12-23 05:00:00.000,2022,12,23,5,03004KT,11,09
2022-12-23 06:00:00.000,2022,12,23,6,03003KT,11,09
2022-12-23 07:00:00.000,2022,12,23,7,03003KT,10,09
2022-12-23 08:00:00.000,2022,12,23,8,05003KT,09,08
2022-12-23 09:00:00.000,2022,12,23,9,00000KT,09,08
2022-12-23 10:00:00.000,2022,12,23,10,02003KT,08,08
2022-12-23 10:31:00.000,2022,12,23,10,36003KT,08,08
2022-12-23 11:00:00.000,2022,12,23,11,01003KT,07,07
2022-12-23 12:00:00.000,2022,12,23,12,04005KT,09,09
2022-12-23 13:00:00.000,2022,12,23,13,05006KT,13,10
2022-12-23 14:00:00.000,2022,12,23,14,04006KT,15,10
2022-12-23 15:00:00.000,2022,12,23,15,02004KT,16,09
2022-12-23 16:00:00.000,2022,12,23,16,34004KT,18,10
2022-12-23 17:00:00.000,2022,12,23,17,34003KT,20,11
2022-12-23 18:00:00.000,2022,12,23,18,02006KT,21,10
2022-12-23 19:00:00.000,2022,12,23,19,25010KT,18,12
2022-12-23 20:00:00.000,2022,12,23,20,28009KT,19,12
2022-12-23 21:00:00.000,2022,12,23,21,28005KT,18,12
2022-12-23 21:18:00.000,2022,12,23,21,17011KT,17,11
2022-12-23 22:00:00.000,2022,12,23,22,15006KT,16,11
2022-12-23 23:00:00.000,2022,12,23,23,24005KT,15,12
2022-12-24 00:00:00.000,2022,12,24,0,VRB02KT,13,12
2022-12-24 01:00:00.000,2022,12,24,1,34003KT,12,11
2022-12-24 02:00:00.000,2022,12,24,2,02004KT,11,11
2022-12-24 03:00:00.000,2022,12,24,3,04004KT,10,08
2022-12-24 04:00:00.000,2022,12,24,4,01003KT,10,08
2022-12-24 05:00:00.000,2022,12,24,5,05003KT,09,08
2022-12-24 06:00:00.000,2022,12,24,6,VRB02KT,08,08
2022-12-24 07:00:00.000,2022,12,24,7,33004KT,07,06
2022-12-24 08:00:00.000,2022,12,24,8,04003KT,07,06
2022-12-24 09:00:00.000,2022,12,24,9,VRB02KT,07,06
2022-12-24 10:00:00.000,2022,12,24,10,33004KT,06,05
2022-12-24 10:30:00.000,2022,12,24,10,VRB02KT,07,06
2022-12-24 11:00:00.000,2022,12,24,11,VRB02KT,07,06
2022-12-24 12:00:00.000,2022,12,24,12,07006KT,09,07
2022-12-24 12:36:00.000,2022,12,24,12,07005KT,11,08
2022-12-24 13:00:00.000,2022,12,24,13,09003KT,13,07
2022-12-24 14:00:00.000,2022,12,24,14,03005KT,14,06
2022-12-24 14:21:00.000,2022,12,24,14,04005KT,16,03
2022-12-24 15:00:00.000,2022,12,24,15,04004KT,17,04
2022-12-24 16:00:00.000,2022,12,24,16,05004KT,19,04
2022-12-24 17:00:00.000,2022,12,24,17,30003KT,20,05
2022-12-24 18:00:00.000,2022,12,24,18,04004KT,22,03
2022-12-24 19:00:00.000,2022,12,24,19,24011KT,21,09
2022-12-24 20:00:00.000,2022,12,24,20,29011KT,20,10
2022-12-24 21:00:00.000,2022,12,24,21,27011KT,18,11
2022-12-24 22:00:00.000,2022,12,24,22,28010KT,17,11
2022-12-24 23:00:00.000,2022,12,24,23,27007G18KT,15,11
2022-12-25 00:00:00.000,2022,12,25,0,27005KT,15,12
2022-12-25 01:00:00.000,2022,12,25,1,28004KT,14,12
2022-12-25 02:00:00.000,2022,12,25,2,28005KT,14,12
2022-12-25 03:00:00.000,2022,12,25,3,32003KT,13,12
2022-12-25 04:00:00.000,2022,12,25,4,27004KT,13,11
2022-12-25 05:00:00.000,2022,12,25,5,VRB02KT,10,10
2022-12-25 06:00:00.000,2022,12,25,6,33004KT,10,09
2022-12-25 07:00:00.000,2022,12,25,7,33003KT,10,09
2022-12-25 08:00:00.000,2022,12,25,8,VRB02KT,10,10
2022-12-25 09:00:00.000,2022,12,25,9,35003KT,10,09
2022-12-25 10:00:00.000,2022,12,25,10,04004KT,10,08
2022-12-25 10:30:00.000,2022,12,25,10,36003KT,09,08
2022-12-25 11:00:00.000,2022,12,25,11,32004KT,09,07
2022-12-25 12:00:00.000,2022,12,25,12,VRB02KT,09,08
2022-12-25 13:00:00.000,2022,12,25,13,35004KT,12,09
2022-12-25 13:37:00.000,2022,12,25,13,30004KT,14,10
2022-12-25 14:00:00.000,2022,12,25,14,28004KT,15,10
2022-12-25 15:00:00.000,2022,12,25,15,34005KT,17,10
2022-12-25 16:00:00.000,2022,12,25,16,31004KT,19,07
2022-12-25 17:00:00.000,2022,12,25,17,04004KT,20,07
2022-12-25 18:00:00.000,2022,12,25,18,29009KT,21,12
2022-12-25 19:00:00.000,2022,12,25,19,29014KT,20,12
2022-12-25 20:00:00.000,2022,12,25,20,27013KT,19,12
2022-12-25 21:00:00.000,2022,12,25,21,28012KT,18,12
2022-12-25 22:00:00.000,2022,12,25,22,27011KT,17,12
2022-12-25 23:00:00.000,2022,12,25,23,27006KT,15,11
2022-12-26 00:00:00.000,2022,12,26,0,30005KT,14,11
2022-12-26 01:00:00.000,2022,12,26,1,31004KT,14,11
2022-12-26 02:00:00.000,2022,12,26,2,29004KT,14,11
2022-12-26 03:00:00.000,2022,12,26,3,VRB02KT,13,11
2022-12-26 04:00:00.000,2022,12,26,4,02003KT,12,09
2022-12-26 05:00:00.000,2022,12,26,5,03004KT,11,08
2022-12-26 06:00:00.000,2022,12,26,6,03004KT,11,08
2022-12-26 07:00:00.000,2022,12,26,7,02003KT,11,08
2022-12-26 08:00:00.000,2022,12,26,8,03004KT,10,07
2022-12-26 09:00:00.000,2022,12,26,9,02003KT,09,07
2022-12-26 10:00:00.000,2022,12,26,10,05003KT,10,08
2022-12-26 10:30:00.000,2022,12,26,10,06005KT,10,07
2022-12-26 11:00:00.000,2022,12,26,11,05004KT,10,07
2022-12-26 12:00:00.000,2022,12,26,12,03006KT,09,07
2022-12-26 13:00:00.000,2022,12,26,13,04006KT,12,06
2022-12-26 14:00:00.000,2022,12,26,14,06003KT,15,03
2022-12-26 15:00:00.000,2022,12,26,15,03004KT,18,00
2022-12-26 16:00:00.000,2022,12,26,16,01003KT,19,00
2022-12-26 16:30:00.000,2022,12,26,16,01005KT,21,01
2022-12-26 17:00:00.000,2022,12,26,17,06004KT,,
2022-12-26 18:00:00.000,2022,12,26,18,24010KT,20,08
2022-12-26 19:00:00.000,2022,12,26,19,24010KT,19,11
2022-12-26 20:00:00.000,2022,12,26,20,25012KT,18,10
2022-12-26 21:00:00.000,2022,12,26,21,25008KT,18,11
2022-12-26 22:00:00.000,2022,12,26,22,25007KT,17,10
2022-12-26 23:00:00.000,2022,12,26,23,23008KT,15,11
2022-12-27 00:00:00.000,2022,12,27,0,26004KT,14,11
2022-12-27 01:00:00.000,2022,12,27,1,VRB02KT,11,11
2022-12-27 02:00:00.000,2022,12,27,2,34005KT,11,08
2022-12-27 03:00:00.000,2022,12,27,3,03003KT,10,06
2022-12-27 04:00:00.000,2022,12,27,4,04005KT,08,04
2022-12-27 05:00:00.000,2022,12,27,5,01003KT,08,05
2022-12-27 06:00:00.000,2022,12,27,6,VRB02KT,08,06
2022-12-27 07:00:00.000,2022,12,27,7,VRB02KT,08,06
2022-12-27 08:00:00.000,2022,12,27,8,35003KT,06,05
2022-12-27 09:00:00.000,2022,12,27,9,04003KT,06,05
2022-12-27 10:00:00.000,2022,12,27,10,02004KT,05,04
2022-12-27 10:30:00.000,2022,12,27,10,01004KT,04,04
2022-12-27 11:00:00.000,2022,12,27,11,02004KT,05,04
2022-12-27 12:00:00.000,2022,12,27,12,05005KT,05,03
2022-12-27 12:39:00.000,2022,12,27,12,35004KT,08,05
2022-12-27 13:00:00.000,2022,12,27,13,33004KT,09,05
2022-12-27 13:32:00.000,2022,12,27,13,03004KT,12,05
2022-12-27 14:00:00.000,2022,12,27,14,05003KT,13,04
2022-12-27 15:00:00.000,2022,12,27,15,04005KT,15,04
2022-12-27 15:38:00.000,2022,12,27,15,01004KT,17,03
2022-12-27 16:00:00.000,2022,12,27,16,02003KT,17,03
2022-12-27 17:00:00.000,2022,12,27,17,29005KT,19,03
2022-12-27 18:00:00.000,2022,12,27,18,23003KT,20,02
2022-12-27 19:00:00.000,2022,12,27,19,24012KT,19,09
2022-12-27 20:00:00.000,2022,12,27,20,25011KT,19,09
2022-12-27 21:00:00.000,2022,12,27,21,27010KT,18,08
2022-12-27 22:00:00.000,2022,12,27,22,24008KT,17,10
2022-12-27 23:00:00.000,2022,12,27,23,32007KT,14,10
2022-12-28 00:00:00.000,2022,12,28,0,29006KT,14,10
2022-12-28 01:00:00.000,2022,12,28,1,VRB02KT,11,09
2022-12-28 02:00:00.000,2022,12,28,2,VRB02KT,12,09
2022-12-28 03:00:00.000,2022,12,28,3,VRB02KT,09,07
2022-12-28 04:00:00.000,2022,12,28,4,VRB02KT,08,08
2022-12-28 05:00:00.000,2022,12,28,5,VRB02KT,08,07
2022-12-28 06:00:00.000,2022,12,28,6,VRB02KT,06,05
2022-12-28 07:00:00.000,2022,12,28,7,VRB02KT,05,05
2022-12-28 08:00:00.000,2022,12,28,8,VRB02KT,07,07
2022-12-28 09:00:00.000,2022,12,28,9,16003KT,07,06
2022-12-28 10:00:00.000,2022,12,28,10,27003KT,06,06
2022-12-28 10:33:00.000,2022,12,28,10,34004KT,04,04
2022-12-28 11:00:00.000,2022,12,28,11,VRB02KT,05,05
2022-12-28 12:00:00.000,2022,12,28,12,03003KT,07,07
2022-12-28 12:22:00.000,2022,12,28,12,VRB02KT,11,08
2022-12-28 13:00:00.000,2022,12,28,13,35003KT,11,09
2022-12-28 14:00:00.000,2022,12,28,14,35005KT,14,09
2022-12-28 14:16:00.000,2022,12,28,14,03004KT,16,08
2022-12-28 15:00:00.000,2022,12,28,15,35003KT,16,08
2022-12-28 16:00:00.000,2022,12,28,16,01004KT,18,08
2022-12-28 17:00:00.000,2022,12,28,17,27005KT,19,08
2022-12-28 18:00:00.000,2022,12,28,18,29010KT,18,10
2022-12-28 19:00:00.000,2022,12,28,19,29011KT,18,11
2022-12-28 20:00:00.000,2022,12,28,20,29010KT,18,11
2022-12-28 21:00:00.000,2022,12,28,21,27010KT,18,11
2022-12-28 22:00:00.000,2022,12,28,22,26008KT,17,10
2022-12-28 23:00:00.000,2022,12,28,23,23003KT,16,11
2022-12-29 00:00:00.000,2022,12,29,0,27003KT,14,11
2022-12-29 01:00:00.000,2022,12,29,1,31004KT,13,10
2022-12-29 02:00:00.000,2022,12,29,2,30003KT,13,10
2022-12-29 03:00:00.000,2022,12,29,3,31005KT,13,10
2022-12-29 04:00:00.000,2022,12,29,4,30003KT,13,09
2022-12-29 05:00:00.000,2022,12,29,5,31006KT,13,09
2022-12-29 06:00:00.000,2022,12,29,6,31005KT,13,09
2022-12-29 07:00:00.000,2022,12,29,7,28006KT,12,10
2022-12-29 08:00:00.000,2022,12,29,8,00000KT,13,10
2022-12-29 09:00:00.000,2022,12,29,9,30003KT,12,10
2022-12-29 10:00:00.000,2022,12,29,10,31004KT,10,09
2022-12-29 10:30:00.000,2022,12,29,10,31004KT,10,09
2022-12-29 11:00:00.000,2022,12,29,11,29003KT,10,09
2022-12-29 12:00:00.000,2022,12,29,12,20004KT,12,09
2022-12-29 13:00:00.000,2022,12,29,13,VRB02KT,14,09
2022-12-29 14:00:00.000,2022,12,29,14,06004KT,16,10
2022-12-29 15:00:00.000,2022,12,29,15,35003KT,16,08
2022-12-29 16:00:00.000,2022,12,29,16,32006KT,18,09
2022-12-29 17:00:00.000,2022,12,29,17,VRB03KT,19,08
2022-12-29 18:00:00.000,2022,12,29,18,27011KT,18,11
2022-12-29 19:00:00.000,2022,12,29,19,26008KT,18,10
2022-12-29 19:24:00.000,2022,12,29,19,27008KT,17,11
2022-12-29 20:00:00.000,2022,12,29,20,28006KT,17,11
2022-12-29 20:40:00.000,2022,12,29,20,28006KT,16,11
2022-12-29 21:00:00.000,2022,12,29,21,28006KT,16,11
2022-12-29 22:00:00.000,2022,12,29,22,28008KT,16,11
2022-12-30 00:00:00.000,2022,12,30,0,28004KT,14,12
2022-12-30 01:00:00.000,2022,12,30,1,35003KT,13,12
2022-12-30 02:00:00.000,2022,12,30,2,33004KT,12,11
2022-12-30 03:00:00.000,2022,12,30,3,35003KT,10,09
2022-12-30 04:00:00.000,2022,12,30,4,35003KT,11,10
2022-12-30 05:00:00.000,2022,12,30,5,VRB02KT,11,10
2022-12-30 06:00:00.000,2022,12,30,6,00000KT,12,10
2022-12-30 07:00:00.000,2022,12,30,7,VRB02KT,10,10
2022-12-30 08:00:00.000,2022,12,30,8,VRB02KT,09,09
2022-12-30 09:00:00.000,2022,12,30,9,VRB02KT,08,07
2022-12-30 10:00:00.000,2022,12,30,10,33003KT,06,05
2022-12-30 10:31:00.000,2022,12,30,10,34003KT,06,06
2022-12-30 11:00:00.000,2022,12,30,11,36003KT,06,06
2022-12-30 11:25:00.000,2022,12,30,11,04003KT,08,07
2022-12-30 12:00:00.000,2022,12,30,12,07007KT,10,10
2022-12-30 13:00:00.000,2022,12,30,13,06005KT,12,10
2022-12-30 14:00:00.000,2022,12,30,14,03006KT,14,10
2022-12-30 15:00:00.000,2022,12,30,15,06005KT,17,10
2022-12-30 16:00:00.000,2022,12,30,16,16003KT,19,09
2022-12-30 17:00:00.000,2022,12,30,17,32008KT,19,09
2022-12-30 18:00:00.000,2022,12,30,18,27008KT,19,11
2022-12-30 19:00:00.000,2022,12,30,19,28011KT,20,12
2022-12-30 20:00:00.000,2022,12,30,20,25009KT,18,12
2022-12-30 21:00:00.000,2022,12,30,21,29009KT,18,11
2022-12-30 22:00:00.000,2022,12,30,22,28009KT,16,12
2022-12-30 22:20:00.000,2022,12,30,22,29008G20KT,16,11
2022-12-30 23:00:00.000,2022,12,30,23,28006KT,16,11
2022-12-31 00:00:00.000,2022,12,31,0,29003KT,14,11
2022-12-31 02:00:00.000,2022,12,31,2,VRB02KT,11,11
2022-12-31 03:00:00.000,2022,12,31,3,36004KT,11,10
2022-12-31 04:00:00.000,2022,12,31,4,VRB02KT,12,11
2022-12-31 05:00:00.000,2022,12,31,5,VRB02KT,12,11
2022-12-31 06:00:00.000,2022,12,31,6,VRB02KT,12,11
2022-12-31 07:00:00.000,2022,12,31,7,03003KT,12,10
2022-12-31 08:00:00.000,2022,12,31,8,VRB02KT,12,10
2022-12-31 09:00:00.000,2022,12,31,9,VRB02KT,12,10
2022-12-31 10:00:00.000,2022,12,31,10,05004KT,12,10
2022-12-31 10:30:00.000,2022,12,31,10,VRB02KT,10,10
2022-12-31 11:00:00.000,2022,12,31,11,33003KT,11,10
2022-12-31 12:00:00.000,2022,12,31,12,VRB02KT,11,10
2022-12-31 13:00:00.000,2022,12,31,13,03005KT,13,11
2022-12-31 14:00:00.000,2022,12,31,14,33003KT,15,10
2022-12-31 15:00:00.000,2022,12,31,15,VRB02KT,18,10
2022-12-31 16:00:00.000,2022,12,31,16,05004KT,17,09
2022-12-31 17:00:00.000,2022,12,31,17,30004KT,18,09
2022-12-31 18:00:00.000,2022,12,31,18,29009KT,18,11
2022-12-31 19:00:00.000,2022,12,31,19,29011KT,17,11
2022-12-31 19:08:00.000,2022,12,31,19,29010KT,17,11
2022-12-31 19:25:00.000,2022,12,31,19,30010KT,16,11
2022-12-31 20:00:00.000,2022,12,31,20,27008KT,17,10
2022-12-31 20:27:00.000,2022,12,31,20,21006KT,16,11
2022-12-31 21:00:00.000,2022,12,31,21,21005KT,15,12
2022-12-31 22:00:00.000,2022,12,31,22,VRB02KT,14,12
2022-12-31 23:00:00.000,2022,12,31,23,VRB02KT,14,13
2023-01-01 00:00:00.000,2023,1,1,0,36003KT,13,13
2023-01-01 02:00:00.000,2023,1,1,2,28004KT,13,11
2023-01-01 03:00:00.000,2023,1,1,3,27004KT,13,11
2023-01-01 04:00:00.000,2023,1,1,4,VRB02KT,13,11
2023-01-01 05:00:00.000,2023,1,1,5,27004KT,13,11
2023-01-01 06:00:00.000,2023,1,1,6,24003KT,12,11
2023-01-01 07:00:00.000,2023,1,1,7,VRB02KT,11,10
2023-01-01 08:00:00.000,2023,1,1,8,31004KT,11,10
2023-01-01 09:00:00.000,2023,1,1,9,VRB02KT,10,09
2023-01-01 10:00:00.000,2023,1,1,10,31003KT,10,10
2023-01-01 10:30:00.000,2023,1,1,10,VRB02KT,10,10
2023-01-01 11:00:00.000,2023,1,1,11,VRB02KT,11,10
2023-01-01 12:00:00.000,2023,1,1,12,VRB02KT,11,10
2023-01-01 13:00:00.000,2023,1,1,13,VRB02KT,12,11
2023-01-01 14:00:00.000,2023,1,1,14,02003KT,15,11
2023-01-01 15:00:00.000,2023,1,1,15,06003KT,16,10
2023-01-01 16:00:00.000,2023,1,1,16,09005KT,18,09
2023-01-01 17:00:00.000,2023,1,1,17,03004KT,19,09
2023-01-01 18:00:00.000,2023,1,1,18,28008KT,18,11
2023-01-01 19:00:00.000,2023,1,1,19,26009KT,19,12
2023-01-01 20:00:00.000,2023,1,1,20,31012KT,18,11
2023-01-01 21:00:00.000,2023,1,1,21,25014KT,16,12
2023-01-01 22:00:00.000,2023,1,1,22,27011KT,16,11
2023-01-01 23:00:00.000,2023,1,1,23,26008KT,15,11
2023-01-02 00:00:00.000,2023,1,2,0,29005KT,13,11
2023-01-02 01:00:00.000,2023,1,2,1,24004KT,13,12
2023-01-02 02:00:00.000,2023,1,2,2,04003KT,12,11
2023-01-02 03:00:00.000,2023,1,2,3,VRB02KT,12,11
2023-01-02 04:00:00.000,2023,1,2,4,VRB02KT,12,10
2023-01-02 05:00:00.000,2023,1,2,5,VRB02KT,12,11
2023-01-02 06:00:00.000,2023,1,2,6,VRB02KT,12,10
2023-01-02 07:00:00.000,2023,1,2,7,VRB02KT,11,11
2023-01-02 08:00:00.000,2023,1,2,8,33003KT,11,11
2023-01-02 09:00:00.000,2023,1,2,9,VRB02KT,11,11
2023-01-02 10:00:00.000,2023,1,2,10,VRB02KT,12,11
2023-01-02 10:29:00.000,2023,1,2,10,34003KT,11,10
2023-01-02 11:00:00.000,2023,1,2,11,36003KT,12,11
2023-01-02 12:00:00.000,2023,1,2,12,02004KT,11,10
2023-01-02 13:00:00.000,2023,1,2,13,03003KT,12,10
2023-01-02 14:00:00.000,2023,1,2,14,33004KT,14,10
2023-01-02 15:00:00.000,2023,1,2,15,VRB02KT,17,10
2023-01-02 16:00:00.000,2023,1,2,16,32004KT,18,11
2023-01-02 17:00:00.000,2023,1,2,17,34006KT,19,11
2023-01-02 18:00:00.000,2023,1,2,18,30008KT,17,11
2023-01-02 19:00:00.000,2023,1,2,19,27014KT,18,11
2023-01-02 20:00:00.000,2023,1,2,20,27011KT,17,10
2023-01-02 21:00:00.000,2023,1,2,21,26010KT,16,11
2023-01-02 22:00:00.000,2023,1,2,22,23006KT,16,11
2023-01-02 23:00:00.000,2023,1,2,23,31009KT,15,11
2023-01-03 00:00:00.000,2023,1,3,0,01004KT,13,10
2023-01-03 01:00:00.000,2023,1,3,1,35003KT,13,11
2023-01-03 02:00:00.000,2023,1,3,2,VRB02KT,13,11
2023-01-03 03:00:00.000,2023,1,3,3,32007KT,12,11
2023-01-03 04:00:00.000,2023,1,3,4,30004KT,12,11
2023-01-03 05:00:00.000,2023,1,3,5,34003KT,12,11
2023-01-03 06:00:00.000,2023,1,3,6,27004KT,12,11
2023-01-03 07:00:00.000,2023,1,3,7,30004KT,12,11
2023-01-03 08:00:00.000,2023,1,3,8,32005KT,12,11
2023-01-03 09:00:00.000,2023,1,3,9,28004KT,12,10
2023-01-03 10:00:00.000,2023,1,3,10,31003KT,11,10
2023-01-03 10:31:00.000,2023,1,3,10,VRB02KT,09,08
2023-01-03 11:00:00.000,2023,1,3,11,VRB02KT,09,09
2023-01-03 12:00:00.000,2023,1,3,12,VRB02KT,11,10
2023-01-03 13:00:00.000,2023,1,3,13,VRB02KT,12,10
2023-01-03 14:00:00.000,2023,1,3,14,VRB02KT,14,11
2023-01-03 15:00:00.000,2023,1,3,15,36003KT,16,09
2023-01-03 15:33:00.000,2023,1,3,15,25004KT,18,09
2023-01-03 16:00:00.000,2023,1,3,16,32005KT,19,11
2023-01-03 17:00:00.000,2023,1,3,17,34010KT,19,11
2023-01-03 18:00:00.000,2023,1,3,18,33011KT,18,11
2023-01-03 19:00:00.000,2023,1,3,19,32012KT,18,11
2023-01-03 20:00:00.000,2023,1,3,20,34011KT,17,11
2023-01-03 21:00:00.000,2023,1,3,21,34011KT,17,11
2023-01-03 22:00:00.000,2023,1,3,22,33011KT,14,10
2023-01-03 23:00:00.000,2023,1,3,23,34004KT,14,11
2023-01-04 00:00:00.000,2023,1,4,0,13004KT,13,10
2023-01-04 01:00:00.000,2023,1,4,1,34004KT,12,11
2023-01-04 02:00:00.000,2023,1,4,2,29004KT,13,10
2023-01-04 03:00:00.000,2023,1,4,3,29003KT,13,10
2023-01-04 04:00:00.000,2023,1,4,4,33005KT,12,11
2023-01-04 05:00:00.000,2023,1,4,5,03003KT,11,10
2023-01-04 06:00:00.000,2023,1,4,6,31005KT,11,10
2023-01-04 07:00:00.000,2023,1,4,7,35002KT,11,10
2023-01-04 08:00:00.000,2023,1,4,8,34004KT,11,10
2023-01-04 09:00:00.000,2023,1,4,9,33005KT,11,10
2023-01-04 10:00:00.000,2023,1,4,10,29004KT,11,10
2023-01-04 10:30:00.000,2023,1,4,10,30004KT,11,09
2023-01-04 11:00:00.000,2023,1,4,11,31003KT,10,09
2023-01-04 12:00:00.000,2023,1,4,12,33003KT,11,09
2023-01-04 13:00:00.000,2023,1,4,13,36003KT,12,10
2023-01-04 14:00:00.000,2023,1,4,14,19003KT,15,11
2023-01-04 15:00:00.000,2023,1,4,15,VRB02KT,16,10
2023-01-04 16:00:00.000,2023,1,4,16,28004KT,17,09
2023-01-04 17:00:00.000,2023,1,4,17,31007KT,19,10
2023-01-04 18:00:00.000,2023,1,4,18,28007KT,18,11
2023-01-04 19:00:00.000,2023,1,4,19,31010KT,18,11
2023-01-04 20:00:00.000,2023,1,4,20,26012KT,17,11
2023-01-04 21:00:00.000,2023,1,4,21,27009KT,17,11
2023-01-04 22:00:00.000,2023,1,4,22,27009KT,17,11
2023-01-04 23:00:00.000,2023,1,4,23,28006KT,15,11
2023-01-05 00:00:00.000,2023,1,5,0,31007KT,14,11
2023-01-05 01:00:00.000,2023,1,5,1,VRB02KT,12,11
2023-01-05 02:00:00.000,2023,1,5,2,28004KT,13,11
2023-01-05 03:00:00.000,2023,1,5,3,30004KT,13,11
2023-01-05 04:00:00.000,2023,1,5,4,VRB02KT,11,10
2023-01-05 05:00:00.000,2023,1,5,5,VRB02KT,12,10
2023-01-05 06:00:00.000,2023,1,5,6,00000KT,12,10
2023-01-05 07:00:00.000,2023,1,5,7,VRB02KT,12,10
2023-01-05 08:00:00.000,2023,1,5,8,VRB02KT,11,11
2023-01-05 09:00:00.000,2023,1,5,9,VRB02KT,12,11
2023-01-05 10:00:00.000,2023,1,5,10,VRB02KT,12,11
2023-01-05 10:33:00.000,2023,1,5,10,VRB02KT,12,11
2023-01-05 11:00:00.000,2023,1,5,11,VRB02KT,12,11
2023-01-05 12:00:00.000,2023,1,5,12,VRB02KT,12,11
2023-01-05 13:00:00.000,2023,1,5,13,05003KT,14,11
2023-01-05 14:00:00.000,2023,1,5,14,03006KT,15,11
2023-01-05 15:00:00.000,2023,1,5,15,07006KT,16,10
2023-01-05 16:00:00.000,2023,1,5,16,08006KT,16,09
2023-01-05 17:00:00.000,2023,1,5,17,13008KT,16,09
2023-01-05 18:00:00.000,2023,1,5,18,11006KT,17,10
2023-01-05 19:00:00.000,2023,1,5,19,07008KT,18,09
2023-01-05 20:00:00.000,2023,1,5,20,12007KT,18,09
2023-01-05 21:00:00.000,2023,1,5,21,20010KT,18,09
2023-01-05 22:00:00.000,2023,1,5,22,25008KT,16,11
2023-01-06 00:00:00.000,2023,1,6,0,25003KT,14,11
2023-01-06 01:00:00.000,2023,1,6,1,24003KT,13,11
2023-01-06 02:00:00.000,2023,1,6,2,28003KT,11,09
2023-01-06 03:00:00.000,2023,1,6,3,VRB02KT,12,11
2023-01-06 04:00:00.000,2023,1,6,4,35003KT,12,11
2023-01-06 05:00:00.000,2023,1,6,5,35003KT,12,11
2023-01-06 06:00:00.000,2023,1,6,6,VRB02KT,12,10
2023-01-06 07:00:00.000,2023,1,6,7,VRB02KT,11,10
2023-01-06 08:00:00.000,2023,1,6,8,33003KT,11,10
2023-01-06 10:00:00.000,2023,1,6,10,03003KT,11,10
2023-01-06 10:31:00.000,2023,1,6,10,04004KT,11,09
2023-01-06 11:00:00.000,2023,1,6,11,05004KT,11,09
2023-01-06 12:00:00.000,2023,1,6,12,VRB02KT,11,09
2023-01-06 13:00:00.000,2023,1,6,13,03006KT,13,11
2023-01-06 14:00:00.000,2023,1,6,14,11003KT,16,10
2023-01-06 15:00:00.000,2023,1,6,15,VRB02KT,17,11
2023-01-06 16:00:00.000,2023,1,6,16,04005KT,17,10
2023-01-06 17:00:00.000,2023,1,6,17,04006KT,18,09
2023-01-06 18:00:00.000,2023,1,6,18,28008KT,17,10
2023-01-06 19:00:00.000,2023,1,6,19,22007KT,19,11
2023-01-06 20:00:00.000,2023,1,6,20,24013KT,18,13
2023-01-06 21:00:00.000,2023,1,6,21,30010KT,17,12
2023-01-06 22:00:00.000,2023,1,6,22,28011G21KT,16,12
2023-01-06 23:00:00.000,2023,1,6,23,34007KT,14,12
2023-01-07 00:00:00.000,2023,1,7,0,31004KT,13,12
2023-01-07 01:00:00.000,2023,1,7,1,09004KT,14,12
2023-01-07 02:00:00.000,2023,1,7,2,09004KT,14,10
2023-01-07 03:00:00.000,2023,1,7,3,12004KT,13,10
2023-01-07 04:00:00.000,2023,1,7,4,VRB02KT,12,11
2023-01-07 05:00:00.000,2023,1,7,5,00000KT,12,11
2023-01-07 06:00:00.000,2023,1,7,6,VRB02KT,12,11
2023-01-07 07:00:00.000,2023,1,7,7,06003KT,13,11
2023-01-07 08:00:00.000,2023,1,7,8,VRB02KT,12,11
2023-01-07 09:00:00.000,2023,1,7,9,03005KT,12,10
2023-01-07 10:00:00.000,2023,1,7,10,02005KT,12,09
2023-01-07 10:32:00.000,2023,1,7,10,04003KT,11,09
2023-01-07 11:00:00.000,2023,1,7,11,VRB02KT,11,09
2023-01-07 12:00:00.000,2023,1,7,12,03004KT,11,09
2023-01-07 13:00:00.000,2023,1,7,13,06005KT,13,09
2023-01-07 14:00:00.000,2023,1,7,14,05005KT,15,10
2023-01-07 15:00:00.000,2023,1,7,15,04006KT,16,09
2023-01-07 16:00:00.000,2023,1,7,16,04005KT,18,11
2023-01-07 17:00:00.000,2023,1,7,17,04004KT,17,09
2023-01-07 18:00:00.000,2023,1,7,18,14006KT,15,10
2023-01-07 19:00:00.000,2023,1,7,19,28005KT,15,11
2023-01-07 20:00:00.000,2023,1,7,20,28003KT,13,11
2023-01-07 21:00:00.000,2023,1,7,21,VRB02KT,14,12
2023-01-07 22:00:00.000,2023,1,7,22,19004KT,14,11
2023-01-07 23:00:00.000,2023,1,7,23,25006KT,14,12
2023-01-08 00:00:00.000,2023,1,8,0,25005KT,13,11
2023-01-08 01:00:00.000,2023,1,8,1,VRB02KT,13,11
2023-01-08 02:00:00.000,2023,1,8,2,VRB02KT,12,11
2023-01-08 03:00:00.000,2023,1,8,3,03003KT,12,11
2023-01-08 04:00:00.000,2023,1,8,4,03006KT,12,11
2023-01-08 05:00:00.000,2023,1,8,5,05007KT,12,11
2023-01-08 06:00:00.000,2023,1,8,6,33003KT,12,11
2023-01-08 07:00:00.000,2023,1,8,7,VRB02KT,11,11
2023-01-08 08:00:00.000,2023,1,8,8,VRB02KT,11,11
2023-01-08 09:00:00.000,2023,1,8,9,VRB02KT,11,11
2023-01-08 10:00:00.000,2023,1,8,10,VRB02KT,11,11
2023-01-08 10:31:00.000,2023,1,8,10,05005KT,11,11
2023-01-08 11:00:00.000,2023,1,8,11,04005KT,11,11
2023-01-08 12:00:00.000,2023,1,8,12,00000KT,11,11
2023-01-08 13:00:00.000,2023,1,8,13,02004KT,12,11
2023-01-08 14:00:00.000,2023,1,8,14,06007KT,13,11
2023-01-08 15:00:00.000,2023,1,8,15,04007KT,16,12
2023-01-08 16:00:00.000,2023,1,8,16,04006KT,15,10
2023-01-08 17:00:00.000,2023,1,8,17,07004KT,17,08
2023-01-08 18:00:00.000,2023,1,8,18,06006KT,17,09
2023-01-08 19:00:00.000,2023,1,8,19,07005KT,17,08
2023-01-08 20:00:00.000,2023,1,8,20,09006KT,17,08
2023-01-08 21:00:00.000,2023,1,8,21,08004KT,17,09
2023-01-08 22:00:00.000,2023,1,8,22,09006KT,16,10
2023-01-08 23:00:00.000,2023,1,8,23,08005KT,15,09
2023-01-09 00:00:00.000,2023,1,9,0,13004KT,15,09
2023-01-09 01:00:00.000,2023,1,9,1,VRB02KT,13,09
2023-01-09 02:00:00.000,2023,1,9,2,VRB02KT,13,09
2023-01-09 03:00:00.000,2023,1,9,3,06005KT,10,08
2023-01-09 04:00:00.000,2023,1,9,4,VRB02KT,09,08
2023-01-09 05:00:00.000,2023,1,9,5,VRB02KT,09,08
2023-01-09 06:00:00.000,2023,1,9,6,VRB02KT,09,08
2023-01-09 07:00:00.000,2023,1,9,7,VRB02KT,10,08
2023-01-09 08:00:00.000,2023,1,9,8,VRB02KT,09,08
2023-01-09 10:00:00.000,2023,1,9,10,VRB02KT,09,08
2023-01-09 10:30:00.000,2023,1,9,10,VRB02KT,10,09
2023-01-09 11:00:00.000,2023,1,9,11,00000KT,09,08
2023-01-09 12:00:00.000,2023,1,9,12,VRB02KT,09,08
2023-01-09 13:00:00.000,2023,1,9,13,VRB02KT,11,10
2023-01-09 13:18:00.000,2023,1,9,13,07003KT,13,10
2023-01-09 14:00:00.000,2023,1,9,14,VRB02KT,14,10
2023-01-09 15:00:00.000,2023,1,9,15,05005KT,15,09
2023-01-09 16:00:00.000,2023,1,9,16,06006KT,17,10
2023-01-09 17:00:00.000,2023,1,9,17,09006KT,17,09
2023-01-09 18:00:00.000,2023,1,9,18,11006KT,18,09
2023-01-09 19:00:00.000,2023,1,9,19,10005KT,18,09
2023-01-09 20:00:00.000,2023,1,9,20,17006KT,18,09
2023-01-09 21:00:00.000,2023,1,9,21,26010KT,17,11
2023-01-09 22:00:00.000,2023,1,9,22,30008KT,15,12
2023-01-09 23:00:00.000,2023,1,9,23,30010KT,14,12
2023-01-10 00:00:00.000,2023,1,10,0,28005KT,14,11
2023-01-10 01:00:00.000,2023,1,10,1,26006KT,12,12
2023-01-10 01:08:00.000,2023,1,10,1,27005KT,12,12
2023-01-10 01:10:00.000,2023,1,10,1,29005KT,12,12
2023-01-10 02:00:00.000,2023,1,10,2,28006KT,12,12
2023-01-10 03:00:00.000,2023,1,10,3,24003KT,12,12
2023-01-10 04:00:00.000,2023,1,10,4,35003KT,11,11
2023-01-10 05:00:00.000,2023,1,10,5,34003KT,11,11
2023-01-10 06:00:00.000,2023,1,10,6,VRB02KT,11,11
2023-01-10 07:00:00.000,2023,1,10,7,36004KT,11,11
2023-01-10 08:00:00.000,2023,1,10,8,VRB02KT,11,11
2023-01-10 09:00:00.000,2023,1,10,9,VRB02KT,11,11
2023-01-10 10:00:00.000,2023,1,10,10,VRB02KT,11,11
2023-01-10 10:31:00.000,2023,1,10,10,VRB02KT,11,11
2023-01-10 11:00:00.000,2023,1,10,11,VRB02KT,11,11
2023-01-10 12:00:00.000,2023,1,10,12,35003KT,11,11
2023-01-10 13:00:00.000,2023,1,10,13,VRB02KT,13,12
2023-01-10 14:00:00.000,2023,1,10,14,04006KT,15,12
2023-01-10 15:00:00.000,2023,1,10,15,30007KT,15,12
2023-01-10 16:00:00.000,2023,1,10,16,32004KT,15,12
2023-01-10 17:00:00.000,2023,1,10,17,07005KT,15,11
2023-01-10 18:00:00.000,2023,1,10,18,24007KT,15,12
2023-01-10 19:00:00.000,2023,1,10,19,29007KT,16,11
2023-01-10 20:00:00.000,2023,1,10,20,28007KT,16,11
2023-01-10 21:00:00.000,2023,1,10,21,30009KT,15,12
2023-01-10 22:00:00.000,2023,1,10,22,25008G18KT,13,12
2023-01-10 23:00:00.000,2023,1,10,23,23003KT,12,11
2023-01-11 00:00:00.000,2023,1,11,0,VRB02KT,12,11
2023-01-11 01:00:00.000,2023,1,11,1,36002KT,11,11
2023-01-11 02:00:00.000,2023,1,11,2,03003KT,12,11
2023-01-11 03:00:00.000,2023,1,11,3,VRB02KT,11,11
2023-01-11 04:00:00.000,2023,1,11,4,VRB02KT,12,11
2023-01-11 05:00:00.000,2023,1,11,5,01003KT,11,11
2023-01-11 06:00:00.000,2023,1,11,6,05004KT,11,11
2023-01-11 07:00:00.000,2023,1,11,7,01004KT,11,11
2023-01-11 08:00:00.000,2023,1,11,8,VRB02KT,11,10
2023-01-11 09:00:00.000,2023,1,11,9,03003KT,11,10
2023-01-11 10:00:00.000,2023,1,11,10,06003KT,10,09
2023-01-11 10:27:00.000,2023,1,11,10,04003KT,10,09
2023-01-11 11:00:00.000,2023,1,11,11,04003KT,10,09
2023-01-11 12:00:00.000,2023,1,11,12,VRB02KT,10,09
2023-01-11 13:00:00.000,2023,1,11,13,07004KT,13,10
2023-01-11 14:00:00.000,2023,1,11,14,05005KT,15,11
2023-01-11 15:00:00.000,2023,1,11,15,04006KT,17,10
2023-01-11 16:00:00.000,2023,1,11,16,06004KT,17,10
2023-01-11 17:00:00.000,2023,1,11,17,05004KT,18,10
2023-01-11 18:00:00.000,2023,1,11,18,07005KT,16,11
2023-01-11 19:00:00.000,2023,1,11,19,09005KT,18,10
2023-01-11 20:00:00.000,2023,1,11,20,25007KT,19,11
2023-01-11 21:00:00.000,2023,1,11,21,31012KT,17,13
2023-01-11 21:17:00.000,2023,1,11,21,29010KT,15,13
2023-01-11 22:00:00.000,2023,1,11,22,27011KT,13,12
2023-01-11 23:00:00.000,2023,1,11,23,29007KT,13,12
2023-01-12 00:00:00.000,2023,1,12,0,VRB02KT,13,12
2023-01-12 01:00:00.000,2023,1,12,1,VRB02KT,12,12
2023-01-12 02:00:00.000,2023,1,12,2,VRB02KT,12,12
2023-01-12 03:00:00.000,2023,1,12,3,34002KT,12,11
2023-01-12 04:00:00.000,2023,1,12,4,34004KT,11,10
2023-01-12 05:00:00.000,2023,1,12,5,VRB02KT,11,10
2023-01-12 06:00:00.000,2023,1,12,6,26005KT,12,11
2023-01-12 07:00:00.000,2023,1,12,7,VRB02KT,11,11
2023-01-12 08:00:00.000,2023,1,12,8,VRB02KT,11,11
2023-01-12 09:00:00.000,2023,1,12,9,VRB02KT,12,11
2023-01-12 10:00:00.000,2023,1,12,10,12004KT,12,10
2023-01-12 10:30:00.000,2023,1,12,10,14004KT,11,10
2023-01-12 11:00:00.000,2023,1,12,11,13004KT,11,11
2023-01-12 12:00:00.000,2023,1,12,12,VRB02KT,11,11
2023-01-12 13:00:00.000,2023,1,12,13,30003KT,13,11
2023-01-12 14:00:00.000,2023,1,12,14,08003KT,13,11
2023-01-12 15:00:00.000,2023,1,12,15,10004KT,14,11
2023-01-12 16:00:00.000,2023,1,12,16,13005KT,16,10
2023-01-12 17:00:00.000,2023,1,12,17,11004KT,17,10
2023-01-12 18:00:00.000,2023,1,12,18,10005KT,17,09
2023-01-12 19:00:00.000,2023,1,12,19,10003KT,18,10
2023-01-12 20:00:00.000,2023,1,12,20,23007KT,17,11
2023-01-12 21:00:00.000,2023,1,12,21,25006KT,16,12
2023-01-12 22:00:00.000,2023,1,12,22,28005KT,16,12
2023-01-12 23:00:00.000,2023,1,12,23,VRB02KT,15,12
2023-01-13 00:00:00.000,2023,1,13,0,VRB02KT,13,11
2023-01-13 01:00:00.000,2023,1,13,1,35003KT,12,11
2023-01-13 02:00:00.000,2023,1,13,2,03003KT,11,11
2023-01-13 03:00:00.000,2023,1,13,3,35004KT,11,10
2023-01-13 04:00:00.000,2023,1,13,4,VRB02KT,11,10
2023-01-13 05:00:00.000,2023,1,13,5,02003KT,10,09
2023-01-13 06:00:00.000,2023,1,13,6,VRB02KT,12,10
2023-01-13 07:00:00.000,2023,1,13,7,26003KT,12,10
2023-01-13 08:00:00.000,2023,1,13,8,24003KT,12,10
2023-01-13 09:00:00.000,2023,1,13,9,VRB02KT,11,11
2023-01-13 10:00:00.000,2023,1,13,10,VRB02KT,12,10
2023-01-13 10:31:00.000,2023,1,13,10,34003KT,11,10
2023-01-13 11:00:00.000,2023,1,13,11,VRB02KT,11,10
2023-01-13 12:00:00.000,2023,1,13,12,VRB02KT,11,10
2023-01-13 13:00:00.000,2023,1,13,13,VRB02KT,12,11
2023-01-13 14:00:00.000,2023,1,13,14,01003KT,15,11
2023-01-13 15:00:00.000,2023,1,13,15,16004KT,16,10
2023-01-13 16:00:00.000,2023,1,13,16,13005KT,19,09
2023-01-13 17:00:00.000,2023,1,13,17,14006KT,19,09
2023-01-13 18:00:00.000,2023,1,13,18,14010KT,20,09
2023-01-13 19:00:00.000,2023,1,13,19,15010KT,21,09
2023-01-13 20:00:00.000,2023,1,13,20,30012KT,17,13
2023-01-13 20:35:00.000,2023,1,13,20,28011KT,14,13
2023-01-13 21:00:00.000,2023,1,13,21,28012KT,14,13
2023-01-13 21:31:00.000,2023,1,13,21,28007KT,14,13
2023-01-13 22:00:00.000,2023,1,13,22,26011KT,14,12
2023-01-13 23:00:00.000,2023,1,13,23,28006KT,14,10
2023-01-14 00:00:00.000,2023,1,14,0,VRB02KT,12,11
2023-01-14 01:00:00.000,2023,1,14,1,VRB02KT,13,12
2023-01-14 02:00:00.000,2023,1,14,2,VRB02KT,13,12
2023-01-14 03:00:00.000,2023,1,14,3,VRB02KT,13,12
2023-01-14 04:00:00.000,2023,1,14,4,02004KT,12,11
2023-01-14 05:00:00.000,2023,1,14,5,35004KT,12,11
2023-01-14 06:00:00.000,2023,1,14,6,35004KT,12,10
2023-01-14 07:00:00.000,2023,1,14,7,12004KT,12,10
2023-01-14 08:00:00.000,2023,1,14,8,31004KT,12,10
2023-01-14 09:00:00.000,2023,1,14,9,VRB02KT,11,10
2023-01-14 10:00:00.000,2023,1,14,10,VRB02KT,11,10
2023-01-14 10:29:00.000,2023,1,14,10,36004KT,10,10
2023-01-14 11:00:00.000,2023,1,14,11,VRB02KT,10,09
2023-01-14 12:00:00.000,2023,1,14,12,26003KT,12,09
2023-01-14 13:00:00.000,2023,1,14,13,VRB02KT,14,11
2023-01-14 14:00:00.000,2023,1,14,14,VRB02KT,15,10
2023-01-14 15:00:00.000,2023,1,14,15,19003KT,17,11
2023-01-14 16:00:00.000,2023,1,14,16,31003KT,18,11
2023-01-14 17:00:00.000,2023,1,14,17,27004KT,19,10
2023-01-14 18:00:00.000,2023,1,14,18,32006KT,19,09
2023-01-14 19:00:00.000,2023,1,14,19,24009KT,18,11
2023-01-14 20:00:00.000,2023,1,14,20,24010KT,16,12
2023-01-14 21:00:00.000,2023,1,14,21,28010KT,16,12
2023-01-14 22:00:00.000,2023,1,14,22,29010KT,15,11
2023-01-14 23:00:00.000,2023,1,14,23,28009KT,15,11
2023-01-15 00:00:00.000,2023,1,15,0,VRB05G15KT,14,11
2023-01-15 01:00:00.000,2023,1,15,1,31005KT,14,11
2023-01-15 02:00:00.000,2023,1,15,2,30005KT,13,12
2023-01-15 03:00:00.000,2023,1,15,3,30008KT,13,12
2023-01-15 04:00:00.000,2023,1,15,4,25006KT,13,12
2023-01-15 04:02:00.000,2023,1,15,4,25006KT,13,12
2023-01-15 05:00:00.000,2023,1,15,5,24004KT,13,10
2023-01-15 05:28:00.000,2023,1,15,5,VRB02KT,12,11
2023-01-15 06:00:00.000,2023,1,15,6,10003KT,11,10
2023-01-15 07:00:00.000,2023,1,15,7,14004KT,11,10
2023-01-15 08:00:00.000,2023,1,15,8,VRB02KT,11,10
2023-01-15 09:00:00.000,2023,1,15,9,VRB02KT,11,10
2023-01-15 10:00:00.000,2023,1,15,10,VRB02KT,10,10
2023-01-15 10:31:00.000,2023,1,15,10,VRB02KT,11,10
2023-01-15 11:00:00.000,2023,1,15,11,VRB02KT,11,10
2023-01-15 12:00:00.000,2023,1,15,12,14003KT,12,11
2023-01-15 13:00:00.000,2023,1,15,13,VRB02KT,14,11
2023-01-15 14:00:00.000,2023,1,15,14,36003KT,16,11
2023-01-15 15:00:00.000,2023,1,15,15,08004KT,17,10
2023-01-15 16:00:00.000,2023,1,15,16,09004KT,18,10
2023-01-15 17:00:00.000,2023,1,15,17,07003KT,21,09
2023-01-15 18:00:00.000,2023,1,15,18,06006KT,21,09
2023-01-15 19:00:00.000,2023,1,15,19,27012KT,19,13
2023-01-15 20:00:00.000,2023,1,15,20,27013KT,18,12
2023-01-15 21:00:00.000,2023,1,15,21,25010KT,17,12
2023-01-15 22:00:00.000,2023,1,15,22,24008KT,16,12
2023-01-15 23:00:00.000,2023,1,15,23,25006KT,15,12
2023-01-16 00:00:00.000,2023,1,16,0,23005KT,14,12
2023-01-16 00:15:00.000,2023,1,16,0,25007KT,14,12
2023-01-16 01:00:00.000,2023,1,16,1,20004KT,14,12
2023-01-16 02:00:00.000,2023,1,16,2,24005KT,13,12
2023-01-16 03:00:00.000,2023,1,16,3,26006KT,12,11
2023-01-16 04:00:00.000,2023,1,16,4,26004KT,12,10
2023-01-16 05:00:00.000,2023,1,16,5,VRB02KT,12,10
2023-01-16 06:00:00.000,2023,1,16,6,VRB02KT,12,11
2023-01-16 07:00:00.000,2023,1,16,7,VRB02KT,11,10
2023-01-16 08:00:00.000,2023,1,16,8,33004KT,10,09
2023-01-16 09:00:00.000,2023,1,16,9,VRB02KT,11,10
2023-01-16 10:00:00.000,2023,1,16,10,VRB02KT,10,10
2023-01-16 10:29:00.000,2023,1,16,10,VRB02KT,10,10
2023-01-16 11:00:00.000,2023,1,16,11,VRB02KT,10,10
2023-01-16 12:00:00.000,2023,1,16,12,05003KT,09,09
2023-01-16 12:30:00.000,2023,1,16,12,VRB02KT,11,10
2023-01-16 13:00:00.000,2023,1,16,13,30003KT,12,11
2023-01-16 14:00:00.000,2023,1,16,14,VRB02KT,14,11
2023-01-16 15:00:00.000,2023,1,16,15,19003KT,16,10
2023-01-16 16:00:00.000,2023,1,16,16,19003KT,18,10
2023-01-16 17:00:00.000,2023,1,16,17,33004KT,18,10
2023-01-16 18:00:00.000,2023,1,16,18,31007KT,18,11
2023-01-16 19:00:00.000,2023,1,16,19,26009KT,19,11
2023-01-16 20:00:00.000,2023,1,16,20,28012KT,18,12
2023-01-16 21:00:00.000,2023,1,16,21,26009KT,18,12
2023-01-16 22:00:00.000,2023,1,16,22,25010KT,16,11
2023-01-16 23:00:00.000,2023,1,16,23,23007KT,15,11
2023-01-17 00:00:00.000,2023,1,17,0,25005KT,15,11
2023-01-17 01:00:00.000,2023,1,17,1,22003KT,14,11
2023-01-17 02:00:00.000,2023,1,17,2,23003KT,13,11
2023-01-17 03:00:00.000,2023,1,17,3,26005KT,13,11
2023-01-17 04:00:00.000,2023,1,17,4,26003KT,13,11
2023-01-17 05:00:00.000,2023,1,17,5,26003KT,11,10
2023-01-17 06:00:00.000,2023,1,17,6,30004KT,11,10
2023-01-17 06:47:00.000,2023,1,17,6,27004KT,11,10
2023-01-17 07:00:00.000,2023,1,17,7,27005KT,11,10
2023-01-17 07:02:00.000,2023,1,17,7,26004KT,11,10
2023-01-17 08:00:00.000,2023,1,17,8,32005KT,11,10
2023-01-17 09:00:00.000,2023,1,17,9,31003KT,10,09
2023-01-17 10:00:00.000,2023,1,17,10,32004KT,09,09
2023-01-17 10:28:00.000,2023,1,17,10,31003KT,09,09
2023-01-17 11:00:00.000,2023,1,17,11,31003KT,10,09
2023-01-17 12:00:00.000,2023,1,17,12,30003KT,10,09
2023-01-17 13:00:00.000,2023,1,17,13,31005KT,10,10
2023-01-17 14:00:00.000,2023,1,17,14,34004KT,13,11
2023-01-17 15:00:00.000,2023,1,17,15,33003KT,15,11
2023-01-17 16:00:00.000,2023,1,17,16,32005KT,16,11
2023-01-17 17:00:00.000,2023,1,17,17,30006KT,18,11
2023-01-17 18:00:00.000,2023,1,17,18,24014KT,18,11
2023-01-17 19:00:00.000,2023,1,17,19,26012KT,18,12
2023-01-17 20:00:00.000,2023,1,17,20,26014KT,17,11
2023-01-17 21:00:00.000,2023,1,17,21,27008KT,18,11
2023-01-17 22:00:00.000,2023,1,17,22,25006KT,17,11
2023-01-17 23:00:00.000,2023,1,17,23,23011KT,15,11
2023-01-18 00:00:00.000,2023,1,18,0,25004KT,15,11
2023-01-18 00:22:00.000,2023,1,18,0,VRB02KT,14,11
2023-01-18 00:36:00.000,2023,1,18,0,13004KT,12,11
2023-01-18 01:00:00.000,2023,1,18,1,19008KT,12,11
2023-01-18 02:00:00.000,2023,1,18,2,00000KT,12,11
2023-01-18 03:00:00.000,2023,1,18,3,VRB02KT,11,11
2023-01-18 04:00:00.000,2023,1,18,4,VRB02KT,09,09
2023-01-18 05:00:00.000,2023,1,18,5,VRB02KT,09,09
2023-01-18 06:00:00.000,2023,1,18,6,29003KT,10,10
2023-01-18 07:00:00.000,2023,1,18,7,VRB02KT,10,10
2023-01-18 08:00:00.000,2023,1,18,8,VRB02KT,10,10
2023-01-18 09:00:00.000,2023,1,18,9,VRB02KT,09,09
2023-01-18 10:00:00.000,2023,1,18,10,VRB02KT,10,09
2023-01-18 10:38:00.000,2023,1,18,10,05004KT,10,09
2023-01-18 11:00:00.000,2023,1,18,11,04004KT,10,10
2023-01-18 12:00:00.000,2023,1,18,12,05003KT,10,10
2023-01-18 13:00:00.000,2023,1,18,13,06004KT,12,10
2023-01-18 14:00:00.000,2023,1,18,14,07006KT,15,10
2023-01-18 15:00:00.000,2023,1,18,15,05006KT,16,10
2023-01-18 16:00:00.000,2023,1,18,16,07006KT,18,08
2023-01-18 17:00:00.000,2023,1,18,17,03004KT,18,08
2023-01-18 18:00:00.000,2023,1,18,18,VRB02KT,19,08
2023-01-18 19:00:00.000,2023,1,18,19,29011KT,18,12
2023-01-18 20:00:00.000,2023,1,18,20,28015KT,17,12
2023-01-18 20:31:00.000,2023,1,18,20,26006KT,16,11
2023-01-18 21:00:00.000,2023,1,18,21,23007KT,15,12
2023-01-18 22:00:00.000,2023,1,18,22,23007KT,14,12
2023-01-18 23:00:00.000,2023,1,18,23,26005KT,14,11
2023-01-19 00:00:00.000,2023,1,19,0,36005KT,12,10
2023-01-19 01:00:00.000,2023,1,19,1,35006KT,12,09
2023-01-19 02:00:00.000,2023,1,19,2,08004KT,13,10
2023-01-19 03:00:00.000,2023,1,19,3,34003KT,11,10
2023-01-19 04:00:00.000,2023,1,19,4,36003KT,11,10
2023-01-19 05:00:00.000,2023,1,19,5,VRB02KT,11,09
2023-01-19 06:00:00.000,2023,1,19,6,VRB02KT,09,09
2023-01-19 07:00:00.000,2023,1,19,7,31003KT,09,08
2023-01-19 08:00:00.000,2023,1,19,8,34003KT,07,07
2023-01-19 09:00:00.000,2023,1,19,9,VRB02KT,08,08
2023-01-19 10:00:00.000,2023,1,19,10,VRB02KT,06,06
2023-01-19 10:31:00.000,2023,1,19,10,34003KT,06,05
2023-01-19 11:00:00.000,2023,1,19,11,VRB02KT,06,05
2023-01-19 11:34:00.000,2023,1,19,11,VRB02KT,06,06
2023-01-19 12:00:00.000,2023,1,19,12,VRB02KT,08,07
2023-01-19 13:00:00.000,2023,1,19,13,03004KT,10,10
2023-01-19 13:32:00.000,2023,1,19,13,03006KT,13,10
2023-01-19 14:00:00.000,2023,1,19,14,05006KT,14,10
2023-01-19 15:00:00.000,2023,1,19,15,05004KT,17,09
2023-01-19 16:00:00.000,2023,1,19,16,01005KT,18,10
2023-01-19 17:00:00.000,2023,1,19,17,06006KT,19,09
2023-01-19 18:00:00.000,2023,1,19,18,01006KT,18,09
2023-01-19 19:00:00.000,2023,1,19,19,29011KT,19,11
2023-01-19 20:00:00.000,2023,1,19,20,28010KT,19,12
2023-01-19 20:25:00.000,2023,1,19,20,32011KT,16,12
2023-01-19 21:00:00.000,2023,1,19,21,31007KT,15,12
2023-01-19 22:00:00.000,2023,1,19,22,15009KT,12,10
2023-01-19 23:00:00.000,2023,1,19,23,18003KT,12,10
2023-01-20 00:00:00.000,2023,1,20,0,VRB02KT,12,11
2023-01-20 01:00:00.000,2023,1,20,1,VRB02KT,11,11
2023-01-20 02:00:00.000,2023,1,20,2,04006KT,12,11
2023-01-20 03:00:00.000,2023,1,20,3,05004KT,12,11
2023-01-20 04:00:00.000,2023,1,20,4,35003KT,11,10
2023-01-20 05:00:00.000,2023,1,20,5,VRB02KT,11,10
2023-01-20 06:00:00.000,2023,1,20,6,36003KT,10,09
2023-01-20 07:00:00.000,2023,1,20,7,VRB02KT,10,09
2023-01-20 08:00:00.000,2023,1,20,8,36004KT,09,09
2023-01-20 09:00:00.000,2023,1,20,9,VRB02KT,10,10
2023-01-20 10:00:00.000,2023,1,20,10,VRB02KT,10,09
2023-01-20 10:31:00.000,2023,1,20,10,03003KT,10,10
2023-01-20 11:00:00.000,2023,1,20,11,04003KT,10,09
2023-01-20 12:00:00.000,2023,1,20,12,02005KT,11,10
2023-01-20 13:00:00.000,2023,1,20,13,05004KT,12,10
2023-01-20 14:00:00.000,2023,1,20,14,18005KT,14,10
2023-01-20 15:00:00.000,2023,1,20,15,14005KT,15,10
2023-01-20 16:00:00.000,2023,1,20,16,08006KT,15,09
2023-01-20 17:00:00.000,2023,1,20,17,08006KT,15,08
2023-01-20 18:00:00.000,2023,1,20,18,06006KT,17,09
2023-01-20 19:00:00.000,2023,1,20,19,10006KT,18,09
2023-01-20 20:00:00.000,2023,1,20,20,07008KT,17,09
2023-01-20 22:00:00.000,2023,1,20,22,27012KT,15,12
2023-01-21 00:00:00.000,2023,1,21,0,24004KT,13,11
2023-01-21 02:00:00.000,2023,1,21,2,21004KT,13,10
2023-01-21 03:00:00.000,2023,1,21,3,VRB02KT,13,10
2023-01-21 04:00:00.000,2023,1,21,4,06005KT,12,10
2023-01-21 05:00:00.000,2023,1,21,5,03003KT,11,10
2023-01-21 06:00:00.000,2023,1,21,6,06006KT,11,09
2023-01-21 07:00:00.000,2023,1,21,7,04004KT,10,09
2023-01-21 08:00:00.000,2023,1,21,8,07005KT,10,09
2023-01-21 09:00:00.000,2023,1,21,9,04006KT,10,08
2023-01-21 10:00:00.000,2023,1,21,10,07004KT,10,08
2023-01-21 10:30:00.000,2023,1,21,10,04005KT,09,08
2023-01-21 11:00:00.000,2023,1,21,11,04005KT,09,07
2023-01-21 12:00:00.000,2023,1,21,12,05006KT,10,07
2023-01-21 13:00:00.000,2023,1,21,13,06006KT,12,08
2023-01-21 14:00:00.000,2023,1,21,14,03006KT,14,08
2023-01-21 15:00:00.000,2023,1,21,15,19008KT,16,07
2023-01-21 16:00:00.000,2023,1,21,16,14008KT,17,07
2023-01-21 17:00:00.000,2023,1,21,17,15004KT,18,07
2023-01-21 18:00:00.000,2023,1,21,18,19004KT,20,08
2023-01-21 19:00:00.000,2023,1,21,19,01006KT,19,07
2023-01-21 20:00:00.000,2023,1,21,20,05006KT,20,08
2023-01-21 21:00:00.000,2023,1,21,21,31008KT,19,11
2023-01-21 21:12:00.000,2023,1,21,21,21012KT,15,09
2023-01-21 22:00:00.000,2023,1,21,22,21004KT,10,09
2023-01-21 23:00:00.000,2023,1,21,23,29006KT,12,10
2023-01-22 00:00:00.000,2023,1,22,0,03004KT,11,10
2023-01-22 01:00:00.000,2023,1,22,1,34005KT,11,10
2023-01-22 02:00:00.000,2023,1,22,2,VRB02KT,10,10
2023-01-22 03:00:00.000,2023,1,22,3,00000KT,10,09
2023-01-22 04:00:00.000,2023,1,22,4,00000KT,11,09
2023-01-22 05:00:00.000,2023,1,22,5,03004KT,09,08
2023-01-22 06:00:00.000,2023,1,22,6,03003KT,08,08
2023-01-22 07:00:00.000,2023,1,22,7,VRB02KT,09,08
2023-01-22 08:00:00.000,2023,1,22,8,VRB02KT,08,08
2023-01-22 09:00:00.000,2023,1,22,9,05005KT,09,08
2023-01-22 10:00:00.000,2023,1,22,10,03005KT,09,08
2023-01-22 10:31:00.000,2023,1,22,10,02006KT,09,08
2023-01-22 11:00:00.000,2023,1,22,11,04006KT,09,08
2023-01-22 12:00:00.000,2023,1,22,12,05004KT,10,08
2023-01-22 13:00:00.000,2023,1,22,13,08004KT,12,08
2023-01-22 14:00:00.000,2023,1,22,14,08006KT,14,06
2023-01-22 15:00:00.000,2023,1,22,15,06007KT,16,07
2023-01-22 16:00:00.000,2023,1,22,16,11010KT,18,07
2023-01-22 17:00:00.000,2023,1,22,17,10008KT,17,06
2023-01-22 18:00:00.000,2023,1,22,18,13010KT,18,07
2023-01-22 19:00:00.000,2023,1,22,19,15009KT,18,08
2023-01-22 20:00:00.000,2023,1,22,20,15014KT,17,07
2023-01-22 21:00:00.000,2023,1,22,21,15009KT,19,07
2023-01-22 22:00:00.000,2023,1,22,22,17009KT,17,08
2023-01-22 23:00:00.000,2023,1,22,23,11006KT,16,07
2023-01-23 00:00:00.000,2023,1,23,0,12004KT,14,08
2023-01-23 01:00:00.000,2023,1,23,1,13005KT,13,08
2023-01-23 02:00:00.000,2023,1,23,2,10004KT,13,08
2023-01-23 03:00:00.000,2023,1,23,3,VRB02KT,11,08
2023-01-23 04:00:00.000,2023,1,23,4,VRB02KT,11,08
2023-01-23 05:00:00.000,2023,1,23,5,33003KT,10,08
2023-01-23 06:00:00.000,2023,1,23,6,06004KT,09,08
2023-01-23 07:00:00.000,2023,1,23,7,36002KT,08,07
2023-01-23 08:00:00.000,2023,1,23,8,04003KT,08,07
2023-01-23 09:00:00.000,2023,1,23,9,VRB02KT,09,07
2023-01-23 10:00:00.000,2023,1,23,10,VRB02KT,08,07
2023-01-23 10:30:00.000,2023,1,23,10,VRB02KT,07,07
2023-01-23 11:00:00.000,2023,1,23,11,VRB02KT,07,07
2023-01-23 11:38:00.000,2023,1,23,11,00000KT,09,08
2023-01-23 12:00:00.000,2023,1,23,12,00000KT,09,08
2023-01-23 12:35:00.000,2023,1,23,12,36003KT,11,09
2023-01-23 13:00:00.000,2023,1,23,13,36003KT,11,09
2023-01-23 13:30:00.000,2023,1,23,13,02004KT,13,09
2023-01-23 14:00:00.000,2023,1,23,14,02005KT,15,09
2023-01-23 15:00:00.000,2023,1,23,15,14010KT,16,08
2023-01-23 16:00:00.000,2023,1,23,16,14010KT,17,08
2023-01-23 17:00:00.000,2023,1,23,17,06010KT,16,09
2023-01-23 18:00:00.000,2023,1,23,18,07012KT,16,10
2023-01-23 19:00:00.000,2023,1,23,19,07010KT,15,10
2023-01-23 20:00:00.000,2023,1,23,20,06010KT,16,10
2023-01-23 21:00:00.000,2023,1,23,21,07010KT,16,09
2023-01-23 22:00:00.000,2023,1,23,22,11008KT,16,08
2023-01-23 23:00:00.000,2023,1,23,23,13006KT,15,08
2023-01-24 00:00:00.000,2023,1,24,0,08005KT,15,08
2023-01-24 01:00:00.000,2023,1,24,1,04006KT,13,09
2023-01-24 02:00:00.000,2023,1,24,2,04007KT,12,10
2023-01-24 03:00:00.000,2023,1,24,3,07005KT,12,09
2023-01-24 04:00:00.000,2023,1,24,4,08006KT,13,09
2023-01-24 05:00:00.000,2023,1,24,5,10004KT,13,09
2023-01-24 06:00:00.000,2023,1,24,6,VRB02KT,11,08
2023-01-24 07:00:00.000,2023,1,24,7,04005KT,10,08
2023-01-24 08:00:00.000,2023,1,24,8,VRB02KT,10,08
2023-01-24 09:00:00.000,2023,1,24,9,04004KT,10,08
2023-01-24 10:00:00.000,2023,1,24,10,VRB02KT,10,08
2023-01-24 10:31:00.000,2023,1,24,10,VRB02KT,10,08
2023-01-24 11:00:00.000,2023,1,24,11,07004KT,10,08
2023-01-24 12:00:00.000,2023,1,24,12,05005KT,11,08
2023-01-24 13:00:00.000,2023,1,24,13,05005KT,13,09
2023-01-24 14:00:00.000,2023,1,24,14,13009KT,14,08
2023-01-24 14:07:00.000,2023,1,24,14,13009KT,14,08
2023-01-24 15:00:00.000,2023,1,24,15,13009KT,17,10
2023-01-24 16:00:00.000,2023,1,24,16,13007KT,16,08
2023-01-24 17:00:00.000,2023,1,24,17,09008KT,18,09
2023-01-24 18:00:00.000,2023,1,24,18,11014KT,18,07
2023-01-24 19:00:00.000,2023,1,24,19,12011KT,18,07
2023-01-24 20:00:00.000,2023,1,24,20,13012KT,19,07
2023-01-24 21:00:00.000,2023,1,24,21,14013KT,18,07
2023-01-24 22:00:00.000,2023,1,24,22,14012KT,16,08
2023-01-24 23:00:00.000,2023,1,24,23,13008KT,15,07
2023-01-25 00:00:00.000,2023,1,25,0,14010KT,13,07
2023-01-25 01:00:00.000,2023,1,25,1,09004KT,13,06
2023-01-25 02:00:00.000,2023,1,25,2,10004KT,13,07
2023-01-25 03:00:00.000,2023,1,25,3,03006KT,12,07
2023-01-25 04:00:00.000,2023,1,25,4,02003KT,11,07
2023-01-25 05:00:00.000,2023,1,25,5,36003KT,08,06
2023-01-25 06:00:00.000,2023,1,25,6,01003KT,08,06
2023-01-25 07:00:00.000,2023,1,25,7,VRB02KT,06,06
2023-01-25 08:00:00.000,2023,1,25,8,VRB02KT,07,06
2023-01-25 09:00:00.000,2023,1,25,9,08003KT,06,06
2023-01-25 10:00:00.000,2023,1,25,10,08003KT,08,06
2023-01-25 10:33:00.000,2023,1,25,10,35003KT,05,05
2023-01-25 11:00:00.000,2023,1,25,11,36004KT,05,04
2023-01-25 12:00:00.000,2023,1,25,12,06005KT,06,05
2023-01-25 12:20:00.000,2023,1,25,12,02004KT,09,07
2023-01-25 13:00:00.000,2023,1,25,13,05008KT,10,07
2023-01-25 14:00:00.000,2023,1,25,14,02006KT,12,06
2023-01-25 15:00:00.000,2023,1,25,15,04005KT,14,06
2023-01-25 16:00:00.000,2023,1,25,16,34007KT,16,06
2023-01-25 16:06:00.000,2023,1,25,16,31008KT,16,07
2023-01-25 17:00:00.000,2023,1,25,17,03004KT,18,07
2023-01-25 18:00:00.000,2023,1,25,18,34006KT,19,08
2023-01-25 19:00:00.000,2023,1,25,19,35005KT,20,09
2023-01-25 20:00:00.000,2023,1,25,20,24009KT,19,10
2023-01-25 21:00:00.000,2023,1,25,21,25011KT,17,11
2023-01-25 22:00:00.000,2023,1,25,22,28008KT,16,12
2023-01-25 23:00:00.000,2023,1,25,23,29005KT,15,12
2023-01-26 00:00:00.000,2023,1,26,0,VRB02KT,14,12
2023-01-26 01:00:00.000,2023,1,26,1,04004KT,13,12
2023-01-26 02:00:00.000,2023,1,26,2,VRB02KT,12,11
2023-01-26 03:00:00.000,2023,1,26,3,04006KT,11,08
2023-01-26 04:00:00.000,2023,1,26,4,03005KT,10,08
2023-01-26 05:00:00.000,2023,1,26,5,35005KT,09,08
2023-01-26 06:00:00.000,2023,1,26,6,VRB02KT,09,08
2023-01-26 07:00:00.000,2023,1,26,7,VRB02KT,09,08
2023-01-26 08:00:00.000,2023,1,26,8,VRB02KT,08,07
2023-01-26 09:00:00.000,2023,1,26,9,VRB02KT,08,07
2023-01-26 10:00:00.000,2023,1,26,10,07004KT,07,07
2023-01-26 10:31:00.000,2023,1,26,10,04004KT,07,07
2023-01-26 11:00:00.000,2023,1,26,11,03004KT,07,07
2023-01-26 12:00:00.000,2023,1,26,12,05005KT,07,07
2023-01-26 12:05:00.000,2023,1,26,12,06004KT,08,07
2023-01-26 13:00:00.000,2023,1,26,13,05005KT,09,07
2023-01-26 13:26:00.000,2023,1,26,13,06005KT,12,06
2023-01-26 14:00:00.000,2023,1,26,14,05005KT,13,05
2023-01-26 15:00:00.000,2023,1,26,15,04007KT,,
2023-01-26 16:00:00.000,2023,1,26,16,04007KT,18,00
2023-01-26 17:00:00.000,2023,1,26,17,04009KT,,
2023-01-26 18:00:00.000,2023,1,26,18,02008KT,,
2023-01-26 19:00:00.000,2023,1,26,19,04010KT,,
2023-01-26 20:00:00.000,2023,1,26,20,03013KT,,
2023-01-26 21:00:00.000,2023,1,26,21,31008KT,18,10
2023-01-26 22:00:00.000,2023,1,26,22,28014KT,18,11
2023-01-26 23:00:00.000,2023,1,26,23,28008KT,16,10
2023-01-27 00:00:00.000,2023,1,27,0,27006KT,15,11
2023-01-27 01:00:00.000,2023,1,27,1,27003KT,13,11
2023-01-27 02:00:00.000,2023,1,27,2,33003KT,11,11
2023-01-27 03:00:00.000,2023,1,27,3,34003KT,10,09
2023-01-27 04:00:00.000,2023,1,27,4,36003KT,09,07
2023-01-27 05:00:00.000,2023,1,27,5,VRB02KT,07,05
2023-01-27 06:00:00.000,2023,1,27,6,31003KT,07,05
2023-01-27 07:00:00.000,2023,1,27,7,33003KT,05,04
2023-01-27 08:00:00.000,2023,1,27,8,27003KT,05,03
2023-01-27 09:00:00.000,2023,1,27,9,VRB02KT,04,02
2023-01-27 10:00:00.000,2023,1,27,10,VRB02KT,03,02
2023-01-27 10:31:00.000,2023,1,27,10,VRB02KT,03,02
2023-01-27 11:00:00.000,2023,1,27,11,VRB02KT,03,02
2023-01-27 12:00:00.000,2023,1,27,12,33003KT,03,03
2023-01-27 12:34:00.000,2023,1,27,12,02003KT,08,06
2023-01-27 13:00:00.000,2023,1,27,13,02003KT,09,07
2023-01-27 13:20:00.000,2023,1,27,13,36003KT,11,07
2023-01-27 14:00:00.000,2023,1,27,14,03003KT,13,08
2023-01-27 15:00:00.000,2023,1,27,15,05004KT,16,08
2023-01-27 15:23:00.000,2023,1,27,15,06003KT,18,05
2023-01-27 16:00:00.000,2023,1,27,16,36005KT,18,03
2023-01-27 17:00:00.000,2023,1,27,17,04004KT,20,01
2023-01-27 18:00:00.000,2023,1,27,18,05004KT,21,02
2023-01-27 19:00:00.000,2023,1,27,19,05006KT,22,01
2023-01-27 20:00:00.000,2023,1,27,20,29013G23KT,20,11
2023-01-27 21:00:00.000,2023,1,27,21,03016KT,18,11
2023-01-27 22:00:00.000,2023,1,27,22,28009KT,18,11
2023-01-27 23:00:00.000,2023,1,27,23,03008KT,16,11
2023-01-28 00:00:00.000,2023,1,28,0,26007KT,14,12
2023-01-28 01:00:00.000,2023,1,28,1,VRB05KT,14,12
2023-01-28 02:00:00.000,2023,1,28,2,31005KT,12,11
2023-01-28 03:00:00.000,2023,1,28,3,31006KT,13,11
2023-01-28 04:00:00.000,2023,1,28,4,VRB02KT,11,10
2023-01-28 05:00:00.000,2023,1,28,5,VRB03KT,11,08
2023-01-28 06:00:00.000,2023,1,28,6,01003KT,09,08
2023-01-28 07:00:00.000,2023,1,28,7,VRB02KT,09,08
2023-01-28 08:00:00.000,2023,1,28,8,VRB02KT,06,05
2023-01-28 09:00:00.000,2023,1,28,9,VRB02KT,06,05
2023-01-28 10:00:00.000,2023,1,28,10,VRB02KT,06,06
2023-01-28 10:30:00.000,2023,1,28,10,VRB02KT,05,05
2023-01-28 11:00:00.000,2023,1,28,11,VRB02KT,05,05
2023-01-28 12:00:00.000,2023,1,28,12,01003KT,05,04
2023-01-28 12:26:00.000,2023,1,28,12,VRB02KT,10,06
2023-01-28 13:00:00.000,2023,1,28,13,VRB02KT,10,07
2023-01-28 13:25:00.000,2023,1,28,13,VRB02KT,12,08
2023-01-28 14:00:00.000,2023,1,28,14,VRB02KT,13,08
2023-01-28 15:00:00.000,2023,1,28,15,32003KT,16,08
2023-01-28 16:00:00.000,2023,1,28,16,32005KT,17,07
2023-01-28 17:00:00.000,2023,1,28,17,28006KT,19,08
2023-01-28 18:00:00.000,2023,1,28,18,25010KT,20,07
2023-01-28 19:00:00.000,2023,1,28,19,23013KT,19,10
2023-01-28 20:00:00.000,2023,1,28,20,25008KT,19,10
2023-01-28 21:00:00.000,2023,1,28,21,31012KT,17,10
2023-01-28 22:00:00.000,2023,1,28,22,28011KT,16,09
2023-01-28 23:00:00.000,2023,1,28,23,28005KT,15,08
2023-01-29 00:00:00.000,2023,1,29,0,29004KT,14,09
2023-01-29 01:00:00.000,2023,1,29,1,VRB02KT,12,09
2023-01-29 02:00:00.000,2023,1,29,2,34003KT,10,09
2023-01-29 03:00:00.000,2023,1,29,3,VRB02KT,10,08
2023-01-29 04:00:00.000,2023,1,29,4,04003KT,09,07
2023-01-29 05:00:00.000,2023,1,29,5,VRB02KT,08,06
2023-01-29 06:00:00.000,2023,1,29,6,VRB02KT,06,05
2023-01-29 07:00:00.000,2023,1,29,7,06004KT,05,05
2023-01-29 08:00:00.000,2023,1,29,8,VRB02KT,04,04
2023-01-29 09:00:00.000,2023,1,29,9,VRB02KT,04,03
2023-01-29 10:00:00.000,2023,1,29,10,02004KT,03,02
2023-01-29 10:30:00.000,2023,1,29,10,VRB02KT,03,03
2023-01-29 11:00:00.000,2023,1,29,11,VRB02KT,03,03
2023-01-29 12:00:00.000,2023,1,29,12,03004KT,04,03
2023-01-29 12:23:00.000,2023,1,29,12,35004KT,07,05
2023-01-29 13:00:00.000,2023,1,29,13,03006KT,08,05
2023-01-29 14:00:00.000,2023,1,29,14,04004KT,12,06
2023-01-29 14:35:00.000,2023,1,29,14,VRB02KT,15,07
2023-01-29 15:00:00.000,2023,1,29,15,36003KT,16,07
2023-01-29 16:00:00.000,2023,1,29,16,04003KT,18,05
2023-01-29 17:00:00.000,2023,1,29,17,VRB02KT,19,04
2023-01-29 18:00:00.000,2023,1,29,18,30013KT,20,08
2023-01-29 19:00:00.000,2023,1,29,19,25015KT,19,10
2023-01-29 20:00:00.000,2023,1,29,20,24010KT,20,10
2023-01-29 21:00:00.000,2023,1,29,21,27009KT,19,11
2023-01-29 22:00:00.000,2023,1,29,22,25009KT,19,09
2023-01-29 23:00:00.000,2023,1,29,23,28009KT,17,11
2023-01-30 00:00:00.000,2023,1,30,0,32008KT,14,11
2023-01-30 01:00:00.000,2023,1,30,1,31006KT,13,10
2023-01-30 02:00:00.000,2023,1,30,2,29003KT,11,10
2023-01-30 03:00:00.000,2023,1,30,3,25003KT,09,08
2023-01-30 04:00:00.000,2023,1,30,4,VRB02KT,09,08
2023-01-30 05:00:00.000,2023,1,30,5,VRB02KT,08,06
2023-01-30 06:00:00.000,2023,1,30,6,VRB02KT,07,05
2023-01-30 07:00:00.000,2023,1,30,7,VRB02KT,06,05
2023-01-30 08:00:00.000,2023,1,30,8,34004KT,04,04
2023-01-30 09:00:00.000,2023,1,30,9,VRB02KT,05,04
2023-01-30 10:00:00.000,2023,1,30,10,VRB02KT,04,04
2023-01-30 10:32:00.000,2023,1,30,10,36003KT,04,03
2023-01-30 11:00:00.000,2023,1,30,11,02003KT,04,03
2023-01-30 12:00:00.000,2023,1,30,12,01003KT,05,04
2023-01-30 12:37:00.000,2023,1,30,12,04003KT,09,06
2023-01-30 13:00:00.000,2023,1,30,13,03003KT,10,06
2023-01-30 13:15:00.000,2023,1,30,13,36003KT,12,07
2023-01-30 14:00:00.000,2023,1,30,14,01003KT,14,07
2023-01-30 14:22:00.000,2023,1,30,14,01003KT,16,08
2023-01-30 15:00:00.000,2023,1,30,15,03003KT,17,08
2023-01-30 16:00:00.000,2023,1,30,16,01003KT,18,08
2023-01-30 17:00:00.000,2023,1,30,17,05003KT,21,04
2023-01-30 18:00:00.000,2023,1,30,18,26010KT,20,10
2023-01-30 19:00:00.000,2023,1,30,19,28011KT,20,11
2023-01-30 20:00:00.000,2023,1,30,20,28013KT,19,12
2023-01-30 21:00:00.000,2023,1,30,21,27011KT,17,11
2023-01-30 22:00:00.000,2023,1,30,22,26009KT,18,11
2023-01-30 23:00:00.000,2023,1,30,23,27008KT,16,11
2023-01-31 00:00:00.000,2023,1,31,0,36008KT,15,12
2023-01-31 01:00:00.000,2023,1,31,1,35004KT,13,09
2023-01-31 02:00:00.000,2023,1,31,2,VRB02KT,12,08
2023-01-31 03:00:00.000,2023,1,31,3,33004KT,12,09
2023-01-31 04:00:00.000,2023,1,31,4,VRB02KT,11,08
2023-01-31 05:00:00.000,2023,1,31,5,VRB02KT,10,09
2023-01-31 06:00:00.000,2023,1,31,6,VRB02KT,07,07
2023-01-31 07:00:00.000,2023,1,31,7,VRB02KT,06,06
2023-01-31 08:00:00.000,2023,1,31,8,VRB02KT,07,07
2023-01-31 09:00:00.000,2023,1,31,9,VRB02KT,05,05
2023-01-31 10:00:00.000,2023,1,31,10,33004KT,05,05
2023-01-31 10:30:00.000,2023,1,31,10,VRB02KT,05,05
2023-01-31 11:00:00.000,2023,1,31,11,VRB02KT,05,05
2023-01-31 12:00:00.000,2023,1,31,12,35003KT,05,05
2023-01-31 12:32:00.000,2023,1,31,12,02003KT,08,08
2023-01-31 13:00:00.000,2023,1,31,13,03005KT,09,09
2023-01-31 13:38:00.000,2023,1,31,13,35005KT,12,09
2023-01-31 13:40:00.000,2023,1,31,13,35005KT,12,09
2023-01-31 14:00:00.000,2023,1,31,14,VRB03KT,13,09
2023-01-31 15:00:00.000,2023,1,31,15,00000KT,16,10
2023-01-31 16:00:00.000,2023,1,31,16,33006KT,18,09
2023-01-31 17:00:00.000,2023,1,31,17,24006KT,19,07
2023-01-31 18:00:00.000,2023,1,31,18,31010KT,19,09
2023-01-31 19:00:00.000,2023,1,31,19,29012KT,19,10
2023-01-31 20:00:00.000,2023,1,31,20,28012KT,19,11
2023-01-31 21:00:00.000,2023,1,31,21,29013KT,18,10
2023-01-31 22:00:00.000,2023,1,31,22,26010KT,18,11
2023-01-31 23:00:00.000,2023,1,31,23,27010KT,16,11
2023-02-01 00:00:00.000,2023,2,1,0,27005KT,14,11
2023-02-01 01:00:00.000,2023,2,1,1,28003KT,12,10
2023-02-01 02:00:00.000,2023,2,1,2,29004KT,13,11
2023-02-01 03:00:00.000,2023,2,1,3,VRB02KT,10,10
2023-02-01 04:00:00.000,2023,2,1,4,03003KT,10,10
2023-02-01 05:00:00.000,2023,2,1,5,30003KT,10,09
2023-02-01 06:00:00.000,2023,2,1,6,VRB02KT,09,08
2023-02-01 07:00:00.000,2023,2,1,7,35005KT,06,05
2023-02-01 08:00:00.000,2023,2,1,8,VRB02KT,07,05
2023-02-01 09:00:00.000,2023,2,1,9,VRB02KT,07,05
2023-02-01 10:00:00.000,2023,2,1,10,36005KT,05,04
2023-02-01 10:30:00.000,2023,2,1,10,35003KT,03,02
2023-02-01 11:00:00.000,2023,2,1,11,36003KT,04,03
2023-02-01 12:00:00.000,2023,2,1,12,VRB02KT,05,04
2023-02-01 12:32:00.000,2023,2,1,12,VRB02KT,08,06
2023-02-01 13:00:00.000,2023,2,1,13,VRB02KT,09,06
2023-02-01 14:00:00.000,2023,2,1,14,04004KT,13,07
2023-02-01 15:00:00.000,2023,2,1,15,VRB02KT,15,09
2023-02-01 16:00:00.000,2023,2,1,16,VRB02KT,16,06
2023-02-01 17:00:00.000,2023,2,1,17,27005KT,18,07
2023-02-01 18:00:00.000,2023,2,1,18,23010KT,20,06
2023-02-01 19:00:00.000,2023,2,1,19,28013KT,19,10
2023-02-01 20:00:00.000,2023,2,1,20,28016KT,19,11
2023-02-01 21:00:00.000,2023,2,1,21,27015KT,18,10
2023-02-01 22:00:00.000,2023,2,1,22,25012KT,17,11
2023-02-01 23:00:00.000,2023,2,1,23,27010KT,15,10
2023-02-02 00:00:00.000,2023,2,2,0,29006KT,14,10
2023-02-02 01:00:00.000,2023,2,2,1,29006KT,13,10
2023-02-02 01:56:00.000,2023,2,2,1,VRB01KT,11,10
2023-02-02 02:00:00.000,2023,2,2,2,VRB01KT,11,10
2023-02-02 03:00:00.000,2023,2,2,3,33003KT,12,10
2023-02-02 04:00:00.000,2023,2,2,4,34004KT,11,10
2023-02-02 05:00:00.000,2023,2,2,5,32005KT,12,11
2023-02-02 06:00:00.000,2023,2,2,6,26005KT,12,10
2023-02-02 07:00:00.000,2023,2,2,7,VRB02KT,10,10
2023-02-02 08:00:00.000,2023,2,2,8,VRB02KT,10,10
2023-02-02 09:00:00.000,2023,2,2,9,02003KT,09,09
2023-02-02 10:00:00.000,2023,2,2,10,29004KT,11,10
2023-02-02 10:28:00.000,2023,2,2,10,VRB02KT,10,10
2023-02-02 11:00:00.000,2023,2,2,11,VRB02KT,10,10
2023-02-02 12:00:00.000,2023,2,2,12,VRB02KT,11,09
2023-02-02 13:00:00.000,2023,2,2,13,04004KT,12,09
2023-02-02 14:00:00.000,2023,2,2,14,06004KT,14,09
2023-02-02 15:00:00.000,2023,2,2,15,10005KT,16,08
2023-02-02 16:00:00.000,2023,2,2,16,VRB02KT,18,06
2023-02-02 17:00:00.000,2023,2,2,17,05005KT,20,06
2023-02-02 18:00:00.000,2023,2,2,18,08004KT,20,08
2023-02-02 19:00:00.000,2023,2,2,19,24011KT,20,11
2023-02-02 20:00:00.000,2023,2,2,20,24011KT,19,11
2023-02-02 21:00:00.000,2023,2,2,21,26011KT,18,11
2023-02-02 22:00:00.000,2023,2,2,22,27012KT,17,11
2023-02-02 23:00:00.000,2023,2,2,23,26010KT,16,11
2023-02-03 00:00:00.000,2023,2,3,0,36004KT,13,11
2023-02-03 01:00:00.000,2023,2,3,1,25006KT,14,07
2023-02-03 02:00:00.000,2023,2,3,2,17007KT,13,07
2023-02-03 03:00:00.000,2023,2,3,3,04005KT,10,07
2023-02-03 04:00:00.000,2023,2,3,4,04007KT,09,07
2023-02-03 05:00:00.000,2023,2,3,5,05005KT,09,07
2023-02-03 06:00:00.000,2023,2,3,6,03005KT,07,06
2023-02-03 07:00:00.000,2023,2,3,7,VRB02KT,07,06
2023-02-03 08:00:00.000,2023,2,3,8,VRB02KT,08,06
2023-02-03 09:00:00.000,2023,2,3,9,03004KT,05,05
2023-02-03 10:00:00.000,2023,2,3,10,01004KT,05,04
2023-02-03 10:29:00.000,2023,2,3,10,05006KT,06,05
2023-02-03 11:00:00.000,2023,2,3,11,06005KT,06,05
2023-02-03 12:00:00.000,2023,2,3,12,07006KT,07,05
2023-02-03 12:29:00.000,2023,2,3,12,09005KT,09,06
2023-02-03 13:00:00.000,2023,2,3,13,07004KT,11,05
2023-02-03 14:00:00.000,2023,2,3,14,04006KT,13,05
2023-02-03 14:40:00.000,2023,2,3,14,04003KT,15,02
2023-02-03 15:00:00.000,2023,2,3,15,04003KT,16,04
2023-02-03 16:00:00.000,2023,2,3,16,07005KT,18,04
2023-02-03 17:00:00.000,2023,2,3,17,26006KT,19,05
2023-02-03 18:00:00.000,2023,2,3,18,28011KT,20,07
2023-02-03 19:00:00.000,2023,2,3,19,25014KT,20,09
2023-02-03 20:00:00.000,2023,2,3,20,24015KT,19,10
2023-02-03 21:00:00.000,2023,2,3,21,24010KT,19,10
2023-02-03 22:00:00.000,2023,2,3,22,30011KT,17,10
2023-02-03 23:00:00.000,2023,2,3,23,28011KT,16,10
2023-02-04 00:00:00.000,2023,2,4,0,25008KT,14,10
2023-02-04 01:00:00.000,2023,2,4,1,27004KT,14,09
2023-02-04 02:00:00.000,2023,2,4,2,VRB02KT,13,09
2023-02-04 03:00:00.000,2023,2,4,3,VRB02KT,14,05
2023-02-04 04:00:00.000,2023,2,4,4,03006KT,12,06
2023-02-04 05:00:00.000,2023,2,4,5,03005KT,11,05
2023-02-04 06:00:00.000,2023,2,4,6,01003KT,11,06
2023-02-04 07:00:00.000,2023,2,4,7,02003KT,11,07
2023-02-04 08:00:00.000,2023,2,4,8,VRB02KT,10,05
2023-02-04 09:00:00.000,2023,2,4,9,05006KT,11,05
2023-02-04 10:00:00.000,2023,2,4,10,06005KT,10,04
2023-02-04 10:30:00.000,2023,2,4,10,06006KT,08,04
2023-02-04 11:00:00.000,2023,2,4,11,04005KT,08,04
2023-02-04 12:00:00.000,2023,2,4,12,05004KT,08,04
2023-02-04 12:17:00.000,2023,2,4,12,05003KT,10,05
2023-02-04 13:00:00.000,2023,2,4,13,06005KT,11,04
2023-02-04 13:36:00.000,2023,2,4,13,04006KT,13,06
2023-02-04 14:00:00.000,2023,2,4,14,05007KT,14,05
2023-02-04 15:00:00.000,2023,2,4,15,06008KT,16,06
2023-02-04 15:32:00.000,2023,2,4,15,12004KT,18,05
2023-02-04 16:00:00.000,2023,2,4,16,06006KT,19,07
2023-02-04 17:00:00.000,2023,2,4,17,28007KT,20,07
2023-02-04 18:00:00.000,2023,2,4,18,30009KT,19,07
2023-02-04 19:00:00.000,2023,2,4,19,25015KT,19,11
2023-02-04 20:00:00.000,2023,2,4,20,29020KT,18,11
2023-02-04 21:00:00.000,2023,2,4,21,29013KT,17,11
2023-02-04 22:00:00.000,2023,2,4,22,24008KT,16,11
2023-02-04 23:00:00.000,2023,2,4,23,25007KT,15,10
2023-02-05 00:00:00.000,2023,2,5,0,27004KT,14,10
2023-02-05 01:00:00.000,2023,2,5,1,23004KT,14,10
2023-02-05 02:00:00.000,2023,2,5,2,21003KT,14,09
2023-02-05 03:00:00.000,2023,2,5,3,VRB02KT,12,09
2023-02-05 04:00:00.000,2023,2,5,4,03003KT,10,07
2023-02-05 05:00:00.000,2023,2,5,5,03005KT,08,06
2023-02-05 06:00:00.000,2023,2,5,6,04003KT,09,07
2023-02-05 07:00:00.000,2023,2,5,7,03003KT,08,06
2023-02-05 08:00:00.000,2023,2,5,8,35003KT,08,06
2023-02-05 09:00:00.000,2023,2,5,9,VRB02KT,07,05
2023-02-05 10:00:00.000,2023,2,5,10,VRB01KT,07,06
2023-02-05 10:29:00.000,2023,2,5,10,36003KT,05,04
2023-02-05 11:00:00.000,2023,2,5,11,VRB02KT,05,05
2023-02-05 12:00:00.000,2023,2,5,12,VRB02KT,06,05
2023-02-05 13:00:00.000,2023,2,5,13,05004KT,10,07
2023-02-05 13:20:00.000,2023,2,5,13,05006KT,13,07
2023-02-05 14:00:00.000,2023,2,5,14,05004KT,15,07
2023-02-05 15:00:00.000,2023,2,5,15,05006KT,17,07
2023-02-05 16:00:00.000,2023,2,5,16,09010KT,19,07
2023-02-05 17:00:00.000,2023,2,5,17,08006KT,20,07
2023-02-05 18:00:00.000,2023,2,5,18,14011G21KT,20,08
2023-02-05 19:00:00.000,2023,2,5,19,12012KT,19,06
2023-02-05 20:00:00.000,2023,2,5,20,13014KT,18,08
2023-02-05 21:00:00.000,2023,2,5,21,14015KT,17,08
2023-02-05 22:00:00.000,2023,2,5,22,14012KT,17,08
2023-02-05 23:00:00.000,2023,2,5,23,08004KT,15,08
2023-02-06 00:00:00.000,2023,2,6,0,05006KT,14,09
2023-02-06 01:00:00.000,2023,2,6,1,11006KT,14,09
2023-02-06 02:00:00.000,2023,2,6,2,06004KT,12,08
2023-02-06 03:00:00.000,2023,2,6,3,VRB02KT,12,08
2023-02-06 04:00:00.000,2023,2,6,4,VRB02KT,10,08
2023-02-06 05:00:00.000,2023,2,6,5,05006KT,09,08
2023-02-06 06:00:00.000,2023,2,6,6,05004KT,09,08
2023-02-06 07:00:00.000,2023,2,6,7,04005KT,08,07
2023-02-06 08:00:00.000,2023,2,6,8,VRB02KT,09,08
2023-02-06 09:00:00.000,2023,2,6,9,VRB02KT,08,07
2023-02-06 10:00:00.000,2023,2,6,10,05006KT,08,07
2023-02-06 10:29:00.000,2023,2,6,10,VRB02KT,09,08
2023-02-06 11:00:00.000,2023,2,6,11,VRB02KT,08,07
2023-02-06 12:00:00.000,2023,2,6,12,03003KT,09,07
2023-02-06 13:00:00.000,2023,2,6,13,03003KT,11,09
2023-02-06 14:00:00.000,2023,2,6,14,13005KT,16,10
2023-02-06 15:00:00.000,2023,2,6,15,13012KT,17,09
2023-02-06 16:00:00.000,2023,2,6,16,12004KT,17,08
2023-02-06 17:00:00.000,2023,2,6,17,12006KT,17,08
2023-02-06 18:00:00.000,2023,2,6,18,15006KT,18,08
2023-02-06 19:00:00.000,2023,2,6,19,15018KT,19,08
2023-02-06 20:00:00.000,2023,2,6,20,14010KT,19,07
2023-02-06 21:00:00.000,2023,2,6,21,15017KT,19,06
2023-02-06 22:00:00.000,2023,2,6,22,13012KT,19,06
2023-02-06 23:00:00.000,2023,2,6,23,13014KT,17,07
2023-02-07 00:00:00.000,2023,2,7,0,13006KT,15,07
2023-02-07 01:00:00.000,2023,2,7,1,12003KT,14,07
2023-02-07 02:00:00.000,2023,2,7,2,14003KT,14,08
2023-02-07 03:00:00.000,2023,2,7,3,07005KT,12,08
2023-02-07 04:00:00.000,2023,2,7,4,03007KT,11,08
2023-02-07 05:00:00.000,2023,2,7,5,02003KT,11,08
2023-02-07 06:00:00.000,2023,2,7,6,01003KT,11,08
2023-02-07 07:00:00.000,2023,2,7,7,VRB02KT,10,08
2023-02-07 08:00:00.000,2023,2,7,8,/////KT,08,07
2023-02-07 09:00:00.000,2023,2,7,9,VRB02KT,08,07
2023-02-07 10:00:00.000,2023,2,7,10,VRB02KT,05,05
2023-02-07 10:29:00.000,2023,2,7,10,33003KT,06,05
2023-02-07 11:00:00.000,2023,2,7,11,33003KT,06,06
2023-02-07 12:00:00.000,2023,2,7,12,34002KT,06,06
2023-02-07 13:00:00.000,2023,2,7,13,04004KT,13,10
2023-02-07 14:00:00.000,2023,2,7,14,VRB02KT,15,09
2023-02-07 15:00:00.000,2023,2,7,15,33004KT,17,10
2023-02-07 16:00:00.000,2023,2,7,16,14006KT,19,09
2023-02-07 17:00:00.000,2023,2,7,17,13006KT,19,07
2023-02-07 18:00:00.000,2023,2,7,18,15019KT,22,08
2023-02-07 19:00:00.000,2023,2,7,19,12014KT,22,08
2023-02-07 20:00:00.000,2023,2,7,20,12008KT,21,07
2023-02-07 21:00:00.000,2023,2,7,21,12010KT,20,06
2023-02-07 22:00:00.000,2023,2,7,22,12010KT,19,07
2023-02-07 23:00:00.000,2023,2,7,23,13006KT,17,07
2023-02-08 00:00:00.000,2023,2,8,0,VRB02KT,15,11
2023-02-08 01:00:00.000,2023,2,8,1,VRB02KT,12,11
2023-02-08 02:00:00.000,2023,2,8,2,VRB02KT,13,12
2023-02-08 03:00:00.000,2023,2,8,3,04003KT,13,09
2023-02-08 04:00:00.000,2023,2,8,4,36004KT,12,08
2023-02-08 05:00:00.000,2023,2,8,5,03004KT,10,08
2023-02-08 06:00:00.000,2023,2,8,6,04003KT,09,08
2023-02-08 07:00:00.000,2023,2,8,7,07005KT,09,08
2023-02-08 08:00:00.000,2023,2,8,8,VRB02KT,08,08
2023-02-08 09:00:00.000,2023,2,8,9,VRB02KT,08,07
2023-02-08 10:00:00.000,2023,2,8,10,VRB02KT,07,06
2023-02-08 10:30:00.000,2023,2,8,10,03004KT,06,06
2023-02-08 11:00:00.000,2023,2,8,11,01004KT,06,06
2023-02-08 12:00:00.000,2023,2,8,12,VRB02KT,06,04
2023-02-08 12:31:00.000,2023,2,8,12,06005KT,09,07
2023-02-08 13:00:00.000,2023,2,8,13,07004KT,12,09
2023-02-08 13:31:00.000,2023,2,8,13,06005KT,14,08
2023-02-08 14:00:00.000,2023,2,8,14,05006KT,16,08
2023-02-08 15:00:00.000,2023,2,8,15,05008KT,18,09
2023-02-08 16:00:00.000,2023,2,8,16,06009KT,20,08
2023-02-08 17:00:00.000,2023,2,8,17,13010KT,21,08
2023-02-08 18:00:00.000,2023,2,8,18,VRB10KT,22,08
2023-02-08 19:00:00.000,2023,2,8,19,23010KT,19,11
2023-02-08 20:00:00.000,2023,2,8,20,25007KT,18,12
2023-02-08 20:33:00.000,2023,2,8,20,02008KT,17,10
2023-02-08 21:00:00.000,2023,2,8,21,02004KT,17,10
2023-02-08 22:00:00.000,2023,2,8,22,29005KT,17,13
2023-02-08 23:00:00.000,2023,2,8,23,24006KT,15,12
2023-02-09 00:00:00.000,2023,2,9,0,29005KT,14,12
2023-02-09 01:00:00.000,2023,2,9,1,28003KT,14,11
2023-02-09 02:00:00.000,2023,2,9,2,VRB02KT,14,11
2023-02-09 03:00:00.000,2023,2,9,3,VRB02KT,13,11
2023-02-09 04:00:00.000,2023,2,9,4,35004KT,12,10
2023-02-09 05:00:00.000,2023,2,9,5,04006KT,12,10
2023-02-09 06:00:00.000,2023,2,9,6,05003KT,11,09
2023-02-09 07:00:00.000,2023,2,9,7,04003KT,12,09
2023-02-09 08:00:00.000,2023,2,9,8,03003KT,12,09
2023-02-09 09:00:00.000,2023,2,9,9,05005KT,10,09
2023-02-09 10:00:00.000,2023,2,9,10,04006KT,11,09
2023-02-09 10:31:00.000,2023,2,9,10,06004KT,11,09
2023-02-09 11:00:00.000,2023,2,9,11,05003KT,11,09
2023-02-09 12:00:00.000,2023,2,9,12,03004KT,12,09
2023-02-09 13:00:00.000,2023,2,9,13,04006KT,14,09
2023-02-09 14:00:00.000,2023,2,9,14,05005KT,16,08
2023-02-09 15:00:00.000,2023,2,9,15,12006KT,17,07
2023-02-09 16:00:00.000,2023,2,9,16,05006KT,17,07
2023-02-09 17:00:00.000,2023,2,9,17,03007KT,18,08
2023-02-09 18:00:00.000,2023,2,9,18,02005KT,20,08
2023-02-09 19:00:00.000,2023,2,9,19,VRB04KT,20,07
2023-02-09 20:00:00.000,2023,2,9,20,31008KT,18,11
2023-02-09 21:00:00.000,2023,2,9,21,27009KT,17,12
2023-02-09 21:19:00.000,2023,2,9,21,26009G19KT,16,12
2023-02-09 22:00:00.000,2023,2,9,22,25007KT,16,12
2023-02-09 23:00:00.000,2023,2,9,23,VRB02KT,14,08
2023-02-10 00:00:00.000,2023,2,10,0,32006KT,13,08
2023-02-10 01:00:00.000,2023,2,10,1,27004KT,14,09
2023-02-10 02:00:00.000,2023,2,10,2,07003KT,12,08
2023-02-10 03:00:00.000,2023,2,10,3,04004KT,11,09
2023-02-10 04:00:00.000,2023,2,10,4,06004KT,11,09
2023-02-10 05:00:00.000,2023,2,10,5,02003KT,10,08
2023-02-10 06:00:00.000,2023,2,10,6,VRB02KT,09,08
2023-02-10 07:00:00.000,2023,2,10,7,VRB02KT,08,07
2023-02-10 08:00:00.000,2023,2,10,8,VRB02KT,08,07
2023-02-10 09:00:00.000,2023,2,10,9,VRB02KT,08,07
2023-02-10 10:00:00.000,2023,2,10,10,04005KT,06,06
2023-02-10 10:30:00.000,2023,2,10,10,05004KT,07,07
2023-02-10 11:00:00.000,2023,2,10,11,04003KT,07,06
2023-02-10 12:00:00.000,2023,2,10,12,05005KT,10,06
2023-02-10 13:00:00.000,2023,2,10,13,06008KT,13,08
2023-02-10 14:00:00.000,2023,2,10,14,07010KT,15,08
2023-02-10 15:00:00.000,2023,2,10,15,10010KT,17,08
2023-02-10 16:00:00.000,2023,2,10,16,11008KT,18,08
2023-02-10 17:00:00.000,2023,2,10,17,13010KT,20,09
2023-02-10 18:00:00.000,2023,2,10,18,20006KT,19,06
2023-02-10 19:00:00.000,2023,2,10,19,03003KT,19,09
2023-02-10 20:00:00.000,2023,2,10,20,14010KT,19,08
2023-02-10 21:00:00.000,2023,2,10,21,08006KT,19,08
2023-02-10 22:00:00.000,2023,2,10,22,10005KT,19,11
2023-02-10 23:00:00.000,2023,2,10,23,24006KT,17,12
2023-02-11 00:00:00.000,2023,2,11,0,26006KT,15,12
2023-02-11 01:00:00.000,2023,2,11,1,VRB02KT,13,11
2023-02-11 02:00:00.000,2023,2,11,2,VRB02KT,12,12
2023-02-11 03:00:00.000,2023,2,11,3,VRB02KT,12,12
2023-02-11 04:00:00.000,2023,2,11,4,VRB02KT,12,12
2023-02-11 05:00:00.000,2023,2,11,5,VRB02KT,12,10
2023-02-11 06:00:00.000,2023,2,11,6,04005KT,11,10
2023-02-11 07:00:00.000,2023,2,11,7,05006KT,11,09
2023-02-11 08:00:00.000,2023,2,11,8,05007KT,11,09
2023-02-11 09:00:00.000,2023,2,11,9,04006KT,11,09
2023-02-11 10:00:00.000,2023,2,11,10,03006KT,11,09
2023-02-11 10:30:00.000,2023,2,11,10,05005KT,11,09
2023-02-11 11:00:00.000,2023,2,11,11,06004KT,11,09
2023-02-11 12:00:00.000,2023,2,11,12,05006KT,11,09
2023-02-11 13:00:00.000,2023,2,11,13,06007KT,14,09
2023-02-11 14:00:00.000,2023,2,11,14,VRB04KT,17,08
2023-02-11 15:00:00.000,2023,2,11,15,09006KT,19,09
2023-02-11 16:00:00.000,2023,2,11,16,07008KT,19,08
2023-02-11 17:00:00.000,2023,2,11,17,08010KT,21,09
2023-02-11 18:00:00.000,2023,2,11,18,08014KT,22,09
2023-02-11 19:00:00.000,2023,2,11,19,32012KT,19,12
2023-02-11 20:00:00.000,2023,2,11,20,29010KT,18,12
2023-02-11 21:00:00.000,2023,2,11,21,28010KT,19,12
2023-02-11 22:00:00.000,2023,2,11,22,31010KT,18,12
2023-02-11 22:19:00.000,2023,2,11,22,32006KT,16,12
2023-02-11 23:00:00.000,2023,2,11,23,07004KT,15,12
2023-02-12 00:00:00.000,2023,2,12,0,29004KT,15,12
2023-02-12 01:00:00.000,2023,2,12,1,36003KT,14,12
2023-02-12 02:00:00.000,2023,2,12,2,VRB02KT,13,12
2023-02-12 03:00:00.000,2023,2,12,3,VRB02KT,12,11
2023-02-12 04:00:00.000,2023,2,12,4,VRB02KT,12,10
2023-02-12 05:00:00.000,2023,2,12,5,05004KT,12,10
2023-02-12 06:00:00.000,2023,2,12,6,04007KT,12,10
2023-02-12 07:00:00.000,2023,2,12,7,04006KT,12,10
2023-02-12 08:00:00.000,2023,2,12,8,VRB02KT,10,09
2023-02-12 09:00:00.000,2023,2,12,9,VRB02KT,10,09
2023-02-12 10:00:00.000,2023,2,12,10,04004KT,09,08
2023-02-12 10:32:00.000,2023,2,12,10,05003KT,09,08
2023-02-12 11:00:00.000,2023,2,12,11,06004KT,09,08
2023-02-12 12:00:00.000,2023,2,12,12,05003KT,11,09
2023-02-12 13:00:00.000,2023,2,12,13,03006KT,12,10
2023-02-12 14:00:00.000,2023,2,12,14,05006KT,15,10
2023-02-12 15:00:00.000,2023,2,12,15,17008KT,17,08
2023-02-12 16:00:00.000,2023,2,12,16,10008KT,17,09
2023-02-12 17:00:00.000,2023,2,12,17,06009KT,18,09
2023-02-12 18:00:00.000,2023,2,12,18,06003KT,18,10
2023-02-12 19:00:00.000,2023,2,12,19,16004KT,19,07
2023-02-12 20:00:00.000,2023,2,12,20,16006KT,19,07
2023-02-12 21:00:00.000,2023,2,12,21,13004KT,18,11
2023-02-12 22:00:00.000,2023,2,12,22,23006KT,18,11
2023-02-12 23:00:00.000,2023,2,12,23,32006KT,16,12
2023-02-13 00:00:00.000,2023,2,13,0,VRB02KT,14,12
2023-02-13 01:00:00.000,2023,2,13,1,VRB02KT,13,10
2023-02-13 02:00:00.000,2023,2,13,2,13005KT,14,09
2023-02-13 03:00:00.000,2023,2,13,3,34003KT,10,09
2023-02-13 04:00:00.000,2023,2,13,4,03003KT,11,09
2023-02-13 05:00:00.000,2023,2,13,5,04004KT,10,09
2023-02-13 06:00:00.000,2023,2,13,6,05003KT,10,09
2023-02-13 07:00:00.000,2023,2,13,7,VRB02KT,08,07
2023-02-13 08:00:00.000,2023,2,13,8,VRB02KT,09,09
2023-02-13 09:00:00.000,2023,2,13,9,VRB02KT,08,08
2023-02-13 10:00:00.000,2023,2,13,10,VRB02KT,06,06
2023-02-13 10:31:00.000,2023,2,13,10,VRB02KT,06,05
2023-02-13 11:00:00.000,2023,2,13,11,VRB02KT,06,06
2023-02-13 12:00:00.000,2023,2,13,12,35003KT,07,07
2023-02-13 13:00:00.000,2023,2,13,13,05004KT,12,10
2023-02-13 13:21:00.000,2023,2,13,13,VRB02KT,15,11
2023-02-13 14:00:00.000,2023,2,13,14,04004KT,15,11
2023-02-13 15:00:00.000,2023,2,13,15,VRB02KT,18,09
2023-02-13 16:00:00.000,2023,2,13,16,21003KT,19,08
2023-02-13 17:00:00.000,2023,2,13,17,15006KT,20,08
2023-02-13 18:00:00.000,2023,2,13,18,19007KT,20,07
2023-02-13 19:00:00.000,2023,2,13,19,24005KT,18,11
2023-02-13 20:00:00.000,2023,2,13,20,33006KT,18,12
2023-02-13 21:00:00.000,2023,2,13,21,32006KT,17,12
2023-02-13 22:00:00.000,2023,2,13,22,28009KT,17,12
2023-02-13 23:00:00.000,2023,2,13,23,28007KT,16,10
2023-02-14 00:00:00.000,2023,2,14,0,VRB02KT,15,10
2023-02-14 01:00:00.000,2023,2,14,1,VRB02KT,12,10
2023-02-14 02:00:00.000,2023,2,14,2,32003KT,12,10
2023-02-14 03:00:00.000,2023,2,14,3,VRB02KT,11,10
2023-02-14 04:00:00.000,2023,2,14,4,13003KT,11,09
2023-02-14 05:00:00.000,2023,2,14,5,VRB02KT,10,08
2023-02-14 06:00:00.000,2023,2,14,6,VRB02KT,10,09
2023-02-14 07:00:00.000,2023,2,14,7,06003KT,09,09
2023-02-14 08:00:00.000,2023,2,14,8,05003KT,10,09
2023-02-14 09:00:00.000,2023,2,14,9,33003KT,09,08
2023-02-14 10:00:00.000,2023,2,14,10,06004KT,10,09
2023-02-14 10:31:00.000,2023,2,14,10,VRB02KT,11,09
2023-02-14 11:00:00.000,2023,2,14,11,VRB02KT,11,10
2023-02-14 12:00:00.000,2023,2,14,12,05005KT,12,10
2023-02-14 13:00:00.000,2023,2,14,13,05003KT,15,10
2023-02-14 14:00:00.000,2023,2,14,14,05006KT,17,10
2023-02-14 15:00:00.000,2023,2,14,15,19006KT,18,10
2023-02-14 16:00:00.000,2023,2,14,16,12004KT,19,09
2023-02-14 17:00:00.000,2023,2,14,17,16006KT,20,09
2023-02-14 18:00:00.000,2023,2,14,18,21008KT,20,09
2023-02-14 19:00:00.000,2023,2,14,19,24014KT,19,12
2023-02-14 20:00:00.000,2023,2,14,20,31012KT,16,12
2023-02-14 21:00:00.000,2023,2,14,21,31008KT,17,12
2023-02-14 22:00:00.000,2023,2,14,22,27005KT,17,12
2023-02-14 23:00:00.000,2023,2,14,23,27004KT,16,11
2023-02-15 00:00:00.000,2023,2,15,0,VRB02KT,14,11
2023-02-15 01:00:00.000,2023,2,15,1,VRB02KT,13,12
2023-02-15 02:00:00.000,2023,2,15,2,VRB02KT,12,12
2023-02-15 03:00:00.000,2023,2,15,3,04003KT,13,11
2023-02-15 04:00:00.000,2023,2,15,4,03003KT,12,10
2023-02-15 05:00:00.000,2023,2,15,5,VRB02KT,12,10
2023-02-15 06:00:00.000,2023,2,15,6,03003KT,11,10
2023-02-15 07:00:00.000,2023,2,15,7,VRB02KT,09,09
2023-02-15 08:00:00.000,2023,2,15,8,VRB02KT,10,09
2023-02-15 09:00:00.000,2023,2,15,9,VRB02KT,09,09
2023-02-15 10:00:00.000,2023,2,15,10,VRB02KT,10,09
2023-02-15 10:30:00.000,2023,2,15,10,VRB02KT,09,09
2023-02-15 11:00:00.000,2023,2,15,11,VRB02KT,09,09
2023-02-15 12:00:00.000,2023,2,15,12,01003KT,09,08
2023-02-15 13:00:00.000,2023,2,15,13,04003KT,12,11
2023-02-15 14:00:00.000,2023,2,15,14,36004KT,16,11
2023-02-15 15:00:00.000,2023,2,15,15,11009KT,17,10
2023-02-15 16:00:00.000,2023,2,15,16,06010KT,18,10
2023-02-15 17:00:00.000,2023,2,15,17,10010KT,19,10
2023-02-15 18:00:00.000,2023,2,15,18,12011KT,20,08
2023-02-15 19:00:00.000,2023,2,15,19,12011KT,20,09
2023-02-15 20:00:00.000,2023,2,15,20,13013KT,20,09
2023-02-15 21:00:00.000,2023,2,15,21,12008KT,19,09
2023-02-15 22:00:00.000,2023,2,15,22,07008KT,20,09
2023-02-15 23:00:00.000,2023,2,15,23,04004KT,17,10
2023-02-16 00:00:00.000,2023,2,16,0,23006KT,15,13
2023-02-16 01:00:00.000,2023,2,16,1,27003KT,15,12
2023-02-16 02:00:00.000,2023,2,16,2,VRB02KT,13,12
2023-02-16 03:00:00.000,2023,2,16,3,01003KT,12,11
2023-02-16 04:00:00.000,2023,2,16,4,05006KT,12,10
2023-02-16 05:00:00.000,2023,2,16,5,05003KT,10,09
2023-02-16 06:00:00.000,2023,2,16,6,36005KT,10,09
2023-02-16 07:00:00.000,2023,2,16,7,03004KT,10,09
2023-02-16 08:00:00.000,2023,2,16,8,VRB02KT,12,10
2023-02-16 09:00:00.000,2023,2,16,9,08004KT,13,10
2023-02-16 10:00:00.000,2023,2,16,10,06004KT,12,10
2023-02-16 10:32:00.000,2023,2,16,10,04004KT,11,10
2023-02-16 11:00:00.000,2023,2,16,11,VRB02KT,12,10
2023-02-16 12:00:00.000,2023,2,16,12,06006KT,12,10
2023-02-16 12:35:00.000,2023,2,16,12,04007KT,15,11
2023-02-16 13:00:00.000,2023,2,16,13,05009KT,14,11
2023-02-16 14:00:00.000,2023,2,16,14,08008KT,16,10
2023-02-16 15:00:00.000,2023,2,16,15,05007KT,17,10
2023-02-16 16:00:00.000,2023,2,16,16,02006KT,18,10
2023-02-16 17:00:00.000,2023,2,16,17,05011KT,20,10
2023-02-16 18:00:00.000,2023,2,16,18,15004KT,20,10
2023-02-16 19:00:00.000,2023,2,16,19,12013KT,20,09
2023-02-16 19:25:00.000,2023,2,16,19,12010KT,17,10
2023-02-16 20:00:00.000,2023,2,16,20,11008KT,16,10
2023-02-16 20:30:00.000,2023,2,16,20,29008KT,14,12
2023-02-16 21:00:00.000,2023,2,16,21,29007KT,13,12
2023-02-16 22:00:00.000,2023,2,16,22,35004KT,12,12
2023-02-16 23:00:00.000,2023,2,16,23,VRB02KT,13,12
2023-02-17 00:00:00.000,2023,2,17,0,08004KT,13,11
2023-02-17 01:00:00.000,2023,2,17,1,01004KT,12,11
2023-02-17 02:00:00.000,2023,2,17,2,VRB02KT,11,10
2023-02-17 03:00:00.000,2023,2,17,3,04003KT,11,10
2023-02-17 04:00:00.000,2023,2,17,4,04003KT,10,10
2023-02-17 05:00:00.000,2023,2,17,5,VRB02KT,10,09
2023-02-17 06:00:00.000,2023,2,17,6,33004KT,10,09
2023-02-17 07:00:00.000,2023,2,17,7,07004KT,10,09
2023-02-17 08:00:00.000,2023,2,17,8,31005KT,09,08
2023-02-17 09:00:00.000,2023,2,17,9,VRB02KT,09,09
2023-02-17 10:00:00.000,2023,2,17,10,07004KT,10,09
2023-02-17 10:30:00.000,2023,2,17,10,VRB02KT,10,09
2023-02-17 11:00:00.000,2023,2,17,11,VRB02KT,09,08
2023-02-17 12:00:00.000,2023,2,17,12,03004KT,08,08
2023-02-17 12:10:00.000,2023,2,17,12,05005KT,08,08
2023-02-17 12:30:00.000,2023,2,17,12,04007KT,09,09
2023-02-17 13:00:00.000,2023,2,17,13,04007KT,10,09
2023-02-17 13:20:00.000,2023,2,17,13,04008KT,10,10
2023-02-17 14:00:00.000,2023,2,17,14,03005KT,13,10
2023-02-17 14:06:00.000,2023,2,17,14,07004KT,15,11
2023-02-17 15:00:00.000,2023,2,17,15,06003KT,17,11
2023-02-17 16:00:00.000,2023,2,17,16,02005KT,19,09
2023-02-17 17:00:00.000,2023,2,17,17,33006KT,20,10
2023-02-17 18:00:00.000,2023,2,17,18,30016KT,20,12
2023-02-17 19:00:00.000,2023,2,17,19,28014KT,19,12
2023-02-17 20:00:00.000,2023,2,17,20,29014KT,20,13
2023-02-17 21:00:00.000,2023,2,17,21,27010KT,19,12
2023-02-17 22:00:00.000,2023,2,17,22,24009KT,17,12
2023-02-17 23:00:00.000,2023,2,17,23,25007G20KT,16,12
2023-02-18 00:00:00.000,2023,2,18,0,27006KT,15,12
2023-02-18 01:00:00.000,2023,2,18,1,31004KT,15,12
2023-02-18 02:00:00.000,2023,2,18,2,31005KT,14,11
2023-02-18 03:00:00.000,2023,2,18,3,34004KT,13,11
2023-02-18 04:00:00.000,2023,2,18,4,33003KT,13,11
2023-02-18 05:00:00.000,2023,2,18,5,34004KT,13,11
2023-02-18 06:00:00.000,2023,2,18,6,10003KT,13,11
2023-02-18 07:00:00.000,2023,2,18,7,04003KT,11,11
2023-02-18 08:00:00.000,2023,2,18,8,VRB02KT,12,11
2023-02-18 09:00:00.000,2023,2,18,9,VRB02KT,12,11
2023-02-18 10:00:00.000,2023,2,18,10,33004KT,12,11
2023-02-18 10:30:00.000,2023,2,18,10,33004KT,12,11
2023-02-18 11:00:00.000,2023,2,18,11,31003KT,12,11
2023-02-18 12:00:00.000,2023,2,18,12,VRB02KT,13,12
2023-02-18 13:00:00.000,2023,2,18,13,VRB02KT,14,12
2023-02-18 14:00:00.000,2023,2,18,14,32005KT,14,12
2023-02-18 14:24:00.000,2023,2,18,14,33004KT,14,11
2023-02-18 15:00:00.000,2023,2,18,15,20005KT,14,12
2023-02-18 16:00:00.000,2023,2,18,16,23010KT,14,12
2023-02-18 17:00:00.000,2023,2,18,17,21006KT,16,13
2023-02-18 18:00:00.000,2023,2,18,18,26010KT,18,12
2023-02-18 19:00:00.000,2023,2,18,19,28010KT,18,12
2023-02-18 20:00:00.000,2023,2,18,20,26010KT,19,12
2023-02-18 20:09:00.000,2023,2,18,20,25008KT,18,11
2023-02-18 21:00:00.000,2023,2,18,21,26010KT,17,11
2023-02-18 22:00:00.000,2023,2,18,22,23010KT,16,12
2023-02-18 23:00:00.000,2023,2,18,23,36007KT,14,12
2023-02-19 00:00:00.000,2023,2,19,0,05004KT,12,11
2023-02-19 01:00:00.000,2023,2,19,1,VRB02KT,12,12
2023-02-19 02:00:00.000,2023,2,19,2,03003KT,12,12
2023-02-19 03:00:00.000,2023,2,19,3,02004KT,12,11
2023-02-19 04:00:00.000,2023,2,19,4,VRB02KT,12,11
2023-02-19 05:00:00.000,2023,2,19,5,VRB02KT,12,11
2023-02-19 06:00:00.000,2023,2,19,6,03003KT,12,11
2023-02-19 07:00:00.000,2023,2,19,7,VRB02KT,11,11
2023-02-19 08:00:00.000,2023,2,19,8,VRB02KT,11,10
2023-02-19 09:00:00.000,2023,2,19,9,VRB02KT,11,10
2023-02-19 10:00:00.000,2023,2,19,10,VRB02KT,09,09
2023-02-19 10:34:00.000,2023,2,19,10,VRB02KT,09,09
2023-02-19 11:00:00.000,2023,2,19,11,VRB02KT,09,09
2023-02-19 11:34:00.000,2023,2,19,11,05005KT,09,09
2023-02-19 12:00:00.000,2023,2,19,12,05004KT,11,09
2023-02-19 13:00:00.000,2023,2,19,13,07005KT,13,10
2023-02-19 14:00:00.000,2023,2,19,14,VRB02KT,16,10
2023-02-19 15:00:00.000,2023,2,19,15,35004KT,16,11
2023-02-19 16:00:00.000,2023,2,19,16,36005KT,19,09
2023-02-19 17:00:00.000,2023,2,19,17,VRB06KT,20,07
2023-02-19 18:00:00.000,2023,2,19,18,28008KT,19,12
2023-02-19 19:00:00.000,2023,2,19,19,26014KT,19,12
2023-02-19 20:00:00.000,2023,2,19,20,26011KT,18,12
2023-02-19 21:00:00.000,2023,2,19,21,27003KT,19,11
2023-02-19 22:00:00.000,2023,2,19,22,01003KT,16,09
2023-02-19 23:00:00.000,2023,2,19,23,33005KT,15,09
2023-02-20 00:00:00.000,2023,2,20,0,34003KT,13,10
2023-02-20 01:00:00.000,2023,2,20,1,36003KT,13,10
2023-02-20 02:00:00.000,2023,2,20,2,04003KT,12,07
2023-02-20 03:00:00.000,2023,2,20,3,02003KT,11,06
2023-02-20 04:00:00.000,2023,2,20,4,03003KT,11,05
2023-02-20 05:00:00.000,2023,2,20,5,VRB02KT,10,07
2023-02-20 05:01:00.000,2023,2,20,5,01003KT,10,06
2023-02-20 06:00:00.000,2023,2,20,6,02004KT,10,07
2023-02-20 07:00:00.000,2023,2,20,7,03003KT,09,07
2023-02-20 08:00:00.000,2023,2,20,8,02004KT,09,07
2023-02-20 09:00:00.000,2023,2,20,9,VRB02KT,09,07
2023-02-20 10:00:00.000,2023,2,20,10,VRB02KT,09,07
2023-02-20 10:30:00.000,2023,2,20,10,33004KT,09,07
2023-02-20 11:00:00.000,2023,2,20,11,01004KT,09,07
2023-02-20 12:00:00.000,2023,2,20,12,VRB02KT,10,07
2023-02-20 13:00:00.000,2023,2,20,13,04005KT,12,08
2023-02-20 14:00:00.000,2023,2,20,14,07003KT,14,06
2023-02-20 15:00:00.000,2023,2,20,15,02004KT,16,07
2023-02-20 15:34:00.000,2023,2,20,15,06005KT,18,04
2023-02-20 16:00:00.000,2023,2,20,16,35004KT,19,04
2023-02-20 17:00:00.000,2023,2,20,17,02003KT,20,05
2023-02-20 18:00:00.000,2023,2,20,18,28008KT,20,10
2023-02-20 19:00:00.000,2023,2,20,19,28011KT,19,10
2023-02-20 20:00:00.000,2023,2,20,20,29010KT,18,10
2023-02-20 21:00:00.000,2023,2,20,21,31010KT,17,11
2023-02-20 22:00:00.000,2023,2,20,22,27007KT,16,10
2023-02-20 23:00:00.000,2023,2,20,23,25007KT,15,11
2023-02-21 00:00:00.000,2023,2,21,0,25008KT,15,11
2023-02-21 01:00:00.000,2023,2,21,1,26004KT,14,11
2023-02-21 01:31:00.000,2023,2,21,1,07004KT,13,11
2023-02-21 02:00:00.000,2023,2,21,2,VRB02KT,12,12
2023-02-21 03:00:00.000,2023,2,21,3,04006KT,12,11
2023-02-21 04:00:00.000,2023,2,21,4,03004KT,11,10
2023-02-21 05:00:00.000,2023,2,21,5,03004KT,11,10
2023-02-21 06:00:00.000,2023,2,21,6,04007KT,10,10
2023-02-21 07:00:00.000,2023,2,21,7,VRB02KT,10,10
2023-02-21 08:00:00.000,2023,2,21,8,07004KT,10,10
2023-02-21 09:00:00.000,2023,2,21,9,04004KT,10,09
2023-02-21 10:00:00.000,2023,2,21,10,VRB02KT,10,09
2023-02-21 11:00:00.000,2023,2,21,11,VRB02KT,10,09
2023-02-21 12:00:00.000,2023,2,21,12,05004KT,11,09
2023-02-21 13:00:00.000,2023,2,21,13,03004KT,12,10
2023-02-21 14:00:00.000,2023,2,21,14,04004KT,14,11
2023-02-21 15:00:00.000,2023,2,21,15,VRB02KT,17,11
2023-02-21 16:00:00.000,2023,2,21,16,29009KT,16,11
2023-02-21 17:00:00.000,2023,2,21,17,27008KT,17,10
2023-02-21 18:00:00.000,2023,2,21,18,23008KT,16,11
2023-02-21 19:00:00.000,2023,2,21,19,23012KT,16,11
2023-02-21 20:00:00.000,2023,2,21,20,28008KT,17,11
2023-02-21 21:00:00.000,2023,2,21,21,33006KT,16,11
2023-02-21 22:00:00.000,2023,2,21,22,32007KT,16,11
2023-02-21 23:00:00.000,2023,2,21,23,31006KT,15,12
2023-02-22 00:00:00.000,2023,2,22,0,VRB02KT,14,12
2023-02-22 00:31:00.000,2023,2,22,0,27005KT,12,11
2023-02-22 01:00:00.000,2023,2,22,1,02010KT,12,11
2023-02-22 02:00:00.000,2023,2,22,2,04009KT,11,11
2023-02-22 03:00:00.000,2023,2,22,3,04006KT,12,11
2023-02-22 04:00:00.000,2023,2,22,4,04006KT,11,09
2023-02-22 05:00:00.000,2023,2,22,5,04003KT,11,09
2023-02-22 06:00:00.000,2023,2,22,6,06003KT,11,10
2023-02-22 07:00:00.000,2023,2,22,7,33003KT,11,10
2023-02-22 08:00:00.000,2023,2,22,8,34003KT,10,10
2023-02-22 09:00:00.000,2023,2,22,9,VRB02KT,10,09
2023-02-22 10:00:00.000,2023,2,22,10,28004KT,11,10
2023-02-22 10:32:00.000,2023,2,22,10,VRB02KT,10,09
2023-02-22 11:00:00.000,2023,2,22,11,VRB02KT,10,09
2023-02-22 12:00:00.000,2023,2,22,12,03004KT,10,10
2023-02-22 13:00:00.000,2023,2,22,13,02003KT,11,10
2023-02-22 14:00:00.000,2023,2,22,14,02003KT,13,10
2023-02-22 15:00:00.000,2023,2,22,15,04005KT,14,09
2023-02-22 16:00:00.000,2023,2,22,16,05006KT,16,06
2023-02-22 17:00:00.000,2023,2,22,17,02005KT,18,06
2023-02-22 18:00:00.000,2023,2,22,18,34004KT,18,07
2023-02-22 19:00:00.000,2023,2,22,19,35006KT,19,08
2023-02-22 20:00:00.000,2023,2,22,20,29003KT,18,08
2023-02-22 21:00:00.000,2023,2,22,21,28012KT,17,10
2023-02-22 22:00:00.000,2023,2,22,22,28014KT,16,10
2023-02-22 23:00:00.000,2023,2,22,23,27009KT,14,10
2023-02-23 00:00:00.000,2023,2,23,0,22006KT,13,10
2023-02-23 01:00:00.000,2023,2,23,1,23005KT,13,10
2023-02-23 02:00:00.000,2023,2,23,2,VRB02KT,12,10
2023-02-23 03:00:00.000,2023,2,23,3,00000KT,11,10
2023-02-23 04:00:00.000,2023,2,23,4,VRB02KT,11,10
2023-02-23 05:00:00.000,2023,2,23,5,33003KT,11,11
2023-02-23 06:00:00.000,2023,2,23,6,00000KT,12,10
2023-02-23 07:00:00.000,2023,2,23,7,VRB02KT,11,10
2023-02-23 08:00:00.000,2023,2,23,8,VRB02KT,10,10
2023-02-23 09:00:00.000,2023,2,23,9,VRB02KT,10,10
2023-02-23 10:00:00.000,2023,2,23,10,VRB02KT,10,10
2023-02-23 10:30:00.000,2023,2,23,10,02004KT,08,07
2023-02-23 11:00:00.000,2023,2,23,11,03004KT,08,08
2023-02-23 12:00:00.000,2023,2,23,12,05004KT,09,08
2023-02-23 12:34:00.000,2023,2,23,12,06004KT,12,10
2023-02-23 13:00:00.000,2023,2,23,13,06006KT,13,10
2023-02-23 14:00:00.000,2023,2,23,14,VRB02KT,15,10
2023-02-23 15:00:00.000,2023,2,23,15,08004KT,19,07
2023-02-23 16:00:00.000,2023,2,23,16,10008KT,20,03
2023-02-23 17:00:00.000,2023,2,23,17,06013KT,21,05
2023-02-23 18:00:00.000,2023,2,23,18,09006KT,22,09
2023-02-23 19:00:00.000,2023,2,23,19,13005KT,22,05
2023-02-23 20:00:00.000,2023,2,23,20,24010KT,20,12
2023-02-23 21:00:00.000,2023,2,23,21,29012KT,19,12
2023-02-23 22:00:00.000,2023,2,23,22,30008KT,16,13
2023-02-23 23:00:00.000,2023,2,23,23,28006KT,16,12
2023-02-23 23:31:00.000,2023,2,23,23,28006KT,15,11
2023-02-24 00:00:00.000,2023,2,24,0,30005KT,15,12
2023-02-24 01:00:00.000,2023,2,24,1,27003KT,14,12
2023-02-24 02:00:00.000,2023,2,24,2,33003KT,12,11
2023-02-24 03:00:00.000,2023,2,24,3,33003KT,12,10
2023-02-24 04:00:00.000,2023,2,24,4,VRB02KT,11,10
2023-02-24 05:00:00.000,2023,2,24,5,VRB02KT,11,09
2023-02-24 06:00:00.000,2023,2,24,6,26003KT,11,10
2023-02-24 07:00:00.000,2023,2,24,7,VRB02KT,09,07
2023-02-24 08:00:00.000,2023,2,24,8,VRB02KT,08,08
2023-02-24 09:00:00.000,2023,2,24,9,VRB02KT,09,06
2023-02-24 10:00:00.000,2023,2,24,10,VRB02KT,08,08
2023-02-24 10:34:00.000,2023,2,24,10,VRB02KT,08,07
2023-02-24 11:00:00.000,2023,2,24,11,VRB02KT,09,07
2023-02-24 12:00:00.000,2023,2,24,12,VRB02KT,08,06
2023-02-24 13:00:00.000,2023,2,24,13,36003KT,11,07
2023-02-24 14:00:00.000,2023,2,24,14,05005KT,15,09
2023-02-24 15:00:00.000,2023,2,24,15,24006KT,17,09
2023-02-24 16:00:00.000,2023,2,24,16,01005KT,19,09
2023-02-24 17:00:00.000,2023,2,24,17,34009KT,20,09
2023-02-24 18:00:00.000,2023,2,24,18,26012KT,21,11
2023-02-24 19:00:00.000,2023,2,24,19,25012KT,20,12
2023-02-24 20:00:00.000,2023,2,24,20,27011KT,20,12
2023-02-24 21:00:00.000,2023,2,24,21,27012KT,19,12
2023-02-24 22:00:00.000,2023,2,24,22,24009KT,18,10
2023-02-25 00:00:00.000,2023,2,25,0,24006KT,15,11
2023-02-25 01:00:00.000,2023,2,25,1,24005KT,15,11
2023-02-25 02:00:00.000,2023,2,25,2,25004KT,15,11
2023-02-25 03:00:00.000,2023,2,25,3,03003KT,14,11
2023-02-25 04:00:00.000,2023,2,25,4,20005KT,15,07
2023-02-25 05:00:00.000,2023,2,25,5,04003KT,13,08
2023-02-25 06:00:00.000,2023,2,25,6,04004KT,12,09
2023-02-25 07:00:00.000,2023,2,25,7,04005KT,11,09
2023-02-25 08:00:00.000,2023,2,25,8,04005KT,10,08
2023-02-25 09:00:00.000,2023,2,25,9,07005KT,10,08
2023-02-25 10:00:00.000,2023,2,25,10,03004KT,09,07
2023-02-25 10:30:00.000,2023,2,25,10,03005KT,08,07
2023-02-25 11:00:00.000,2023,2,25,11,03005KT,09,07
2023-02-25 12:00:00.000,2023,2,25,12,VRB02KT,09,07
2023-02-25 13:00:00.000,2023,2,25,13,06007KT,12,09
2023-02-25 14:00:00.000,2023,2,25,14,06006KT,15,09
2023-02-25 15:00:00.000,2023,2,25,15,VRB02KT,16,08
2023-02-25 16:00:00.000,2023,2,25,16,05007KT,19,08
2023-02-25 17:00:00.000,2023,2,25,17,32007KT,19,08
2023-02-25 23:00:00.000,2023,2,25,23,26007KT,17,11
2023-02-26 12:00:00.000,2023,2,26,12,34003KT,07,06
2023-02-26 13:00:00.000,2023,2,26,13,02003KT,11,09
2023-02-26 14:00:00.000,2023,2,26,14,35003KT,14,09
2023-02-26 15:00:00.000,2023,2,26,15,33004KT,17,09
2023-02-26 17:00:00.000,2023,2,26,17,32010KT,20,10
2023-02-26 18:00:00.000,2023,2,26,18,26013KT,18,10
2023-02-26 19:00:00.000,2023,2,26,19,25015KT,19,11
2023-02-26 20:00:00.000,2023,2,26,20,25016KT,20,12
2023-02-26 21:00:00.000,2023,2,26,21,26012KT,19,11
2023-02-26 22:00:00.000,2023,2,26,22,25013KT,18,11
2023-02-26 23:00:00.000,2023,2,26,23,26012KT,16,11
2023-02-27 00:00:00.000,2023,2,27,0,26006KT,15,09
2023-02-27 07:00:00.000,2023,2,27,7,VRB02KT,08,08
2023-02-27 08:00:00.000,2023,2,27,8,VRB02KT,10,08
2023-02-27 10:00:00.000,2023,2,27,10,VRB02KT,08,08
2023-02-27 10:30:00.000,2023,2,27,10,VRB02KT,08,07
2023-02-27 11:00:00.000,2023,2,27,11,VRB02KT,08,07
2023-02-27 12:00:00.000,2023,2,27,12,03003KT,09,08
2023-02-27 12:30:00.000,2023,2,27,12,33003KT,11,09
2023-02-27 13:00:00.000,2023,2,27,13,01003KT,12,10
2023-02-27 14:00:00.000,2023,2,27,14,03004KT,15,10
2023-02-27 14:30:00.000,2023,2,27,14,VRB02KT,18,10
2023-02-27 15:00:00.000,2023,2,27,15,04005KT,18,10
2023-02-27 16:00:00.000,2023,2,27,16,VRB02KT,20,10
2023-02-27 17:00:00.000,2023,2,27,17,24010KT,20,11
2023-02-27 18:00:00.000,2023,2,27,18,22010KT,22,11
2023-02-27 19:00:00.000,2023,2,27,19,24013KT,22,12
2023-02-27 20:00:00.000,2023,2,27,20,28014KT,20,12
2023-02-27 20:13:00.000,2023,2,27,20,25010KT,19,12
2023-02-27 21:00:00.000,2023,2,27,21,26010KT,18,11
2023-02-27 21:31:00.000,2023,2,27,21,32010KT,17,12
2023-02-27 22:00:00.000,2023,2,27,22,33006KT,17,12
2023-02-27 23:00:00.000,2023,2,27,23,32006KT,16,13
2023-02-28 00:00:00.000,2023,2,28,0,08003KT,13,12
2023-02-28 01:00:00.000,2023,2,28,1,VRB02KT,13,12
2023-02-28 02:00:00.000,2023,2,28,2,36004KT,12,11
2023-02-28 03:00:00.000,2023,2,28,3,04003KT,11,10
2023-02-28 04:00:00.000,2023,2,28,4,22003KT,13,11
2023-02-28 05:00:00.000,2023,2,28,5,08004KT,12,11
2023-02-28 06:00:00.000,2023,2,28,6,05003KT,10,09
2023-02-28 07:00:00.000,2023,2,28,7,07004KT,11,10
2023-02-28 08:00:00.000,2023,2,28,8,02003KT,11,09
2023-02-28 09:00:00.000,2023,2,28,9,35003KT,11,10
2023-02-28 10:00:00.000,2023,2,28,10,07004KT,10,09
2023-02-28 11:00:00.000,2023,2,28,11,VRB02KT,09,09
2023-02-28 12:00:00.000,2023,2,28,12,04005KT,10,09
2023-02-28 12:38:00.000,2023,2,28,12,VRB02KT,13,11
2023-02-28 13:00:00.000,2023,2,28,13,VRB02KT,14,11
2023-02-28 14:00:00.000,2023,2,28,14,VRB02KT,16,11
2023-02-28 15:00:00.000,2023,2,28,15,15006KT,18,10
2023-02-28 16:00:00.000,2023,2,28,16,12008KT,18,10
2023-02-28 17:00:00.000,2023,2,28,17,13008KT,19,10
2023-02-28 18:00:00.000,2023,2,28,18,13006KT,19,09
2023-02-28 19:00:00.000,2023,2,28,19,11006KT,19,09
2023-02-28 20:00:00.000,2023,2,28,20,13007KT,21,09
2023-02-28 21:00:00.000,2023,2,28,21,12005KT,21,09
2023-02-28 22:00:00.000,2023,2,28,22,11004KT,20,09
2023-02-28 23:00:00.000,2023,2,28,23,24008KT,17,12
2023-03-01 00:00:00.000,2023,3,1,0,34003KT,14,10
2023-03-01 01:00:00.000,2023,3,1,1,30006KT,15,10
2023-03-01 02:00:00.000,2023,3,1,2,VRB02KT,14,10
2023-03-01 03:00:00.000,2023,3,1,3,18010KT,15,09
2023-03-01 04:00:00.000,2023,3,1,4,14003KT,14,09
2023-03-01 05:00:00.000,2023,3,1,5,13004KT,14,10
2023-03-01 06:00:00.000,2023,3,1,6,06006KT,13,10
2023-03-01 07:00:00.000,2023,3,1,7,03006KT,11,09
2023-03-01 08:00:00.000,2023,3,1,8,VRB02KT,12,10
2023-03-01 09:00:00.000,2023,3,1,9,01003KT,10,09
2023-03-01 10:00:00.000,2023,3,1,10,07004KT,11,10
2023-03-01 10:28:00.000,2023,3,1,10,VRB02KT,11,10
2023-03-01 11:00:00.000,2023,3,1,11,VRB02KT,12,10
2023-03-01 12:00:00.000,2023,3,1,12,VRB02KT,12,10
2023-03-01 13:00:00.000,2023,3,1,13,36004KT,13,11
2023-03-01 14:00:00.000,2023,3,1,14,VRB02KT,16,11
2023-03-01 15:00:00.000,2023,3,1,15,16012KT,17,10
2023-03-01 16:00:00.000,2023,3,1,16,14008KT,18,10
2023-03-01 17:00:00.000,2023,3,1,17,15009KT,19,10
2023-03-01 18:00:00.000,2023,3,1,18,13009KT,19,09
2023-03-01 19:00:00.000,2023,3,1,19,10007KT,18,10
2023-03-01 20:00:00.000,2023,3,1,20,14004KT,19,10
2023-03-01 21:00:00.000,2023,3,1,21,13005KT,19,09
2023-03-01 22:00:00.000,2023,3,1,22,VRB02KT,18,10
2023-03-01 23:00:00.000,2023,3,1,23,11004KT,18,10
2023-03-02 00:00:00.000,2023,3,2,0,22006KT,16,11
2023-03-02 01:00:00.000,2023,3,2,1,28006KT,14,11
2023-03-02 02:00:00.000,2023,3,2,2,28003KT,14,11
2023-03-02 03:00:00.000,2023,3,2,3,26003KT,14,11
2023-03-02 04:00:00.000,2023,3,2,4,VRB02KT,13,12
2023-03-02 05:00:00.000,2023,3,2,5,02003KT,13,12
2023-03-02 06:00:00.000,2023,3,2,6,VRB02KT,13,12
2023-03-02 07:00:00.000,2023,3,2,7,VRB02KT,13,12
2023-03-02 08:00:00.000,2023,3,2,8,03005KT,12,12
2023-03-02 09:00:00.000,2023,3,2,9,02003KT,13,11
2023-03-02 10:00:00.000,2023,3,2,10,VRB02KT,12,11
2023-03-02 10:31:00.000,2023,3,2,10,VRB02KT,13,11
2023-03-02 11:00:00.000,2023,3,2,11,08003KT,13,11
2023-03-02 12:00:00.000,2023,3,2,12,VRB02KT,14,11
2023-03-02 13:00:00.000,2023,3,2,13,05009KT,14,11
2023-03-02 14:00:00.000,2023,3,2,14,08010KT,17,11
2023-03-02 15:00:00.000,2023,3,2,15,10011KT,17,11
2023-03-02 16:00:00.000,2023,3,2,16,13006KT,18,10
2023-03-02 17:00:00.000,2023,3,2,17,15010KT,18,10
2023-03-02 18:00:00.000,2023,3,2,18,13007KT,19,10
2023-03-02 19:00:00.000,2023,3,2,19,13007KT,20,10
2023-03-02 20:00:00.000,2023,3,2,20,05010KT,18,11
2023-03-02 21:00:00.000,2023,3,2,21,15009KT,18,11
2023-03-02 22:00:00.000,2023,3,2,22,10005KT,18,11
2023-03-02 23:00:00.000,2023,3,2,23,10004KT,17,10
2023-03-03 00:00:00.000,2023,3,3,0,11006KT,17,11
2023-03-03 01:00:00.000,2023,3,3,1,06005KT,15,10
2023-03-03 02:00:00.000,2023,3,3,2,09006KT,15,10
2023-03-03 03:00:00.000,2023,3,3,3,05006KT,14,11
2023-03-03 04:00:00.000,2023,3,3,4,04006KT,13,11
2023-03-03 05:00:00.000,2023,3,3,5,07005KT,15,11
2023-03-03 06:00:00.000,2023,3,3,6,06003KT,14,11
2023-03-03 07:00:00.000,2023,3,3,7,06004KT,14,11
2023-03-03 08:00:00.000,2023,3,3,8,04004KT,13,10
2023-03-03 09:00:00.000,2023,3,3,9,VRB02KT,14,11
2023-03-03 10:00:00.000,2023,3,3,10,VRB02KT,15,10
2023-03-03 11:00:00.000,2023,3,3,11,VRB02KT,14,10
2023-03-03 12:00:00.000,2023,3,3,12,08004KT,15,11
2023-03-03 13:00:00.000,2023,3,3,13,09005KT,15,11
2023-03-03 14:00:00.000,2023,3,3,14,12005KT,15,10
2023-03-03 15:00:00.000,2023,3,3,15,15008KT,17,11
2023-03-03 16:00:00.000,2023,3,3,16,11006KT,18,10
2023-03-03 17:00:00.000,2023,3,3,17,12009KT,19,10
2023-03-03 18:00:00.000,2023,3,3,18,13011KT,20,10
2023-03-03 19:00:00.000,2023,3,3,19,14013KT,19,10
2023-03-03 20:00:00.000,2023,3,3,20,14012KT,20,10
2023-03-03 21:00:00.000,2023,3,3,21,13013KT,18,10
2023-03-03 22:00:00.000,2023,3,3,22,12008KT,18,10
2023-03-03 23:00:00.000,2023,3,3,23,14009KT,17,10
2023-03-04 00:00:00.000,2023,3,4,0,11005KT,17,10
2023-03-04 01:00:00.000,2023,3,4,1,09004KT,15,10
2023-03-04 02:00:00.000,2023,3,4,2,07006KT,14,10
2023-03-04 03:00:00.000,2023,3,4,3,09003KT,15,10
2023-03-04 04:00:00.000,2023,3,4,4,13006KT,15,10
2023-03-04 05:00:00.000,2023,3,4,5,13006KT,15,10
2023-03-04 06:00:00.000,2023,3,4,6,04004KT,14,11
2023-03-04 07:00:00.000,2023,3,4,7,06005KT,14,11
2023-03-04 08:00:00.000,2023,3,4,8,07004KT,14,11
2023-03-04 09:00:00.000,2023,3,4,9,02003KT,12,11
2023-03-04 10:00:00.000,2023,3,4,10,04006KT,13,11
2023-03-04 10:32:00.000,2023,3,4,10,06006KT,13,11
2023-03-04 11:00:00.000,2023,3,4,11,05005KT,13,11
2023-03-04 12:00:00.000,2023,3,4,12,01004KT,13,11
2023-03-04 13:00:00.000,2023,3,4,13,04006KT,15,11
2023-03-04 14:00:00.000,2023,3,4,14,35003KT,16,12
2023-03-04 14:16:00.000,2023,3,4,14,16006KT,16,11
2023-03-04 15:00:00.000,2023,3,4,15,19008KT,16,13
2023-03-04 16:00:00.000,2023,3,4,16,14005KT,17,11
2023-03-04 17:00:00.000,2023,3,4,17,15005KT,18,11
2023-03-04 18:00:00.000,2023,3,4,18,03012KT,16,12
2023-03-04 19:00:00.000,2023,3,4,19,05010KT,16,13
2023-03-04 20:00:00.000,2023,3,4,20,05010KT,16,13
2023-03-04 21:00:00.000,2023,3,4,21,04009KT,17,12
2023-03-04 22:00:00.000,2023,3,4,22,05006KT,17,12
2023-03-04 23:00:00.000,2023,3,4,23,05003KT,16,12
2023-03-05 00:00:00.000,2023,3,5,0,06005KT,16,11
2023-03-05 01:00:00.000,2023,3,5,1,07007KT,16,11
2023-03-05 02:00:00.000,2023,3,5,2,06006KT,14,11
2023-03-05 03:00:00.000,2023,3,5,3,07006KT,15,11
2023-03-05 04:00:00.000,2023,3,5,4,07005KT,14,11
2023-03-05 05:00:00.000,2023,3,5,5,07005KT,13,11
2023-03-05 05:32:00.000,2023,3,5,5,07005KT,14,11
2023-03-05 06:00:00.000,2023,3,5,6,07004KT,13,11
2023-03-05 07:00:00.000,2023,3,5,7,05004KT,13,11
2023-03-05 08:00:00.000,2023,3,5,8,05006KT,13,11
2023-03-05 09:00:00.000,2023,3,5,9,04006KT,13,11
2023-03-05 09:15:00.000,2023,3,5,9,VRB02KT,13,11
2023-03-05 10:00:00.000,2023,3,5,10,05005KT,12,11
2023-03-05 10:29:00.000,2023,3,5,10,04006KT,12,11
2023-03-05 11:00:00.000,2023,3,5,11,05006KT,12,11
2023-03-05 12:00:00.000,2023,3,5,12,04003KT,12,11
2023-03-05 13:00:00.000,2023,3,5,13,04003KT,13,12
2023-03-05 14:00:00.000,2023,3,5,14,03004KT,14,12
2023-03-05 15:00:00.000,2023,3,5,15,04008KT,15,12
2023-03-05 16:00:00.000,2023,3,5,16,04008KT,15,12
2023-03-05 17:00:00.000,2023,3,5,17,VRB02KT,17,13
2023-03-05 18:00:00.000,2023,3,5,18,21006KT,18,11
2023-03-05 19:00:00.000,2023,3,5,19,14009KT,19,10
2023-03-05 20:00:00.000,2023,3,5,20,10008KT,19,10
2023-03-05 21:00:00.000,2023,3,5,21,13008KT,18,10
2023-03-05 22:00:00.000,2023,3,5,22,15007KT,18,11
2023-03-05 23:00:00.000,2023,3,5,23,13006KT,17,10
2023-03-06 00:00:00.000,2023,3,6,0,10005KT,17,10
2023-03-06 01:00:00.000,2023,3,6,1,29005KT,14,12
2023-03-06 02:00:00.000,2023,3,6,2,01003KT,14,12
2023-03-06 03:00:00.000,2023,3,6,3,36003KT,12,11
2023-03-06 04:00:00.000,2023,3,6,4,06004KT,14,11
2023-03-06 05:00:00.000,2023,3,6,5,04003KT,14,11
2023-03-06 06:00:00.000,2023,3,6,6,04005KT,13,11
2023-03-06 07:00:00.000,2023,3,6,7,03004KT,12,11
2023-03-06 08:00:00.000,2023,3,6,8,02004KT,13,11
2023-03-06 09:00:00.000,2023,3,6,9,VRB02KT,13,10
2023-03-06 10:00:00.000,2023,3,6,10,35004KT,12,10
2023-03-06 10:30:00.000,2023,3,6,10,03003KT,12,10
2023-03-06 11:00:00.000,2023,3,6,11,06005KT,12,10
2023-03-06 12:00:00.000,2023,3,6,12,07004KT,13,11
2023-03-06 13:00:00.000,2023,3,6,13,02008KT,14,11
2023-03-06 14:00:00.000,2023,3,6,14,04007KT,17,11
2023-03-06 15:00:00.000,2023,3,6,15,09006KT,18,10
2023-03-06 16:00:00.000,2023,3,6,16,04007KT,18,09
2023-03-06 17:00:00.000,2023,3,6,17,15005KT,19,09
2023-03-06 18:00:00.000,2023,3,6,18,VRB04KT,22,11
2023-03-06 19:00:00.000,2023,3,6,19,11005KT,22,10
2023-03-06 20:00:00.000,2023,3,6,20,25010KT,20,13
2023-03-06 20:20:00.000,2023,3,6,20,23007G17KT,19,13
2023-03-06 21:00:00.000,2023,3,6,21,23010KT,17,14
2023-03-06 22:00:00.000,2023,3,6,22,27008G18KT,15,13
2023-03-06 23:00:00.000,2023,3,6,23,30005KT,15,14
2023-03-07 00:00:00.000,2023,3,7,0,33004KT,15,13
2023-03-07 01:00:00.000,2023,3,7,1,25003KT,14,13
2023-03-07 01:56:00.000,2023,3,7,1,VRB06KT,13,13
2023-03-07 02:00:00.000,2023,3,7,2,VRB06KT,13,13
2023-03-07 03:00:00.000,2023,3,7,3,33007KT,13,13
2023-03-07 04:00:00.000,2023,3,7,4,33005KT,12,11
2023-03-07 05:00:00.000,2023,3,7,5,32003KT,12,11
2023-03-07 06:00:00.000,2023,3,7,6,VRB02KT,12,11
2023-03-07 07:00:00.000,2023,3,7,7,32004KT,10,10
2023-03-07 08:00:00.000,2023,3,7,8,31003KT,11,11
2023-03-07 09:00:00.000,2023,3,7,9,09003KT,12,11
2023-03-07 10:00:00.000,2023,3,7,10,VRB02KT,11,10
2023-03-07 10:30:00.000,2023,3,7,10,01003KT,11,10
2023-03-07 11:00:00.000,2023,3,7,11,04004KT,10,10
2023-03-07 12:00:00.000,2023,3,7,12,06003KT,12,10
2023-03-07 13:00:00.000,2023,3,7,13,07004KT,14,11
2023-03-07 14:00:00.000,2023,3,7,14,04005KT,15,10
2023-03-07 15:00:00.000,2023,3,7,15,VRB02KT,18,10
2023-03-07 16:00:00.000,2023,3,7,16,VRB02KT,19,11
2023-03-07 17:00:00.000,2023,3,7,17,25005KT,20,10
2023-03-07 18:00:00.000,2023,3,7,18,28011KT,21,12
2023-03-07 19:00:00.000,2023,3,7,19,28015KT,19,13
2023-03-07 20:00:00.000,2023,3,7,20,26012KT,18,13
2023-03-07 21:00:00.000,2023,3,7,21,27012KT,19,12
2023-03-07 21:20:00.000,2023,3,7,21,31015KT,15,13
2023-03-07 22:00:00.000,2023,3,7,22,31010KT,15,13
2023-03-07 23:00:00.000,2023,3,7,23,30009KT,15,13
2023-03-07 23:28:00.000,2023,3,7,23,31011KT,14,12
2023-03-08 00:00:00.000,2023,3,8,0,34010KT,13,12
2023-03-08 01:00:00.000,2023,3,8,1,VRB02KT,12,12
2023-03-08 02:00:00.000,2023,3,8,2,14005KT,13,12
2023-03-08 03:00:00.000,2023,3,8,3,VRB02KT,13,11
2023-03-08 04:00:00.000,2023,3,8,4,VRB02KT,12,12
2023-03-08 05:00:00.000,2023,3,8,5,VRB02KT,12,11
2023-03-08 06:00:00.000,2023,3,8,6,VRB02KT,12,11
2023-03-08 07:00:00.000,2023,3,8,7,VRB02KT,11,11
2023-03-08 08:00:00.000,2023,3,8,8,VRB02KT,11,11
2023-03-08 09:00:00.000,2023,3,8,9,VRB02KT,11,11
2023-03-08 10:00:00.000,2023,3,8,10,VRB02KT,11,11
2023-03-08 11:00:00.000,2023,3,8,11,VRB02KT,11,11
2023-03-08 12:00:00.000,2023,3,8,12,03004KT,12,11
2023-03-08 13:00:00.000,2023,3,8,13,36003KT,13,12
2023-03-08 14:00:00.000,2023,3,8,14,VRB02KT,14,12
2023-03-08 15:00:00.000,2023,3,8,15,VRB02KT,15,11
2023-03-08 16:00:00.000,2023,3,8,16,VRB02KT,17,11
2023-03-08 17:00:00.000,2023,3,8,17,28004KT,18,11
2023-03-08 18:00:00.000,2023,3,8,18,25008KT,18,11
2023-03-08 19:00:00.000,2023,3,8,19,29011KT,18,13
2023-03-08 20:00:00.000,2023,3,8,20,27009KT,17,12
2023-03-08 21:00:00.000,2023,3,8,21,30008KT,17,12
2023-03-08 22:00:00.000,2023,3,8,22,27009KT,16,12
2023-03-08 23:00:00.000,2023,3,8,23,28008KT,15,12
2023-03-09 00:00:00.000,2023,3,9,0,31008KT,14,12
2023-03-09 01:00:00.000,2023,3,9,1,31007KT,13,12
2023-03-09 02:00:00.000,2023,3,9,2,29006KT,13,12
2023-03-09 03:00:00.000,2023,3,9,3,31007KT,13,12
2023-03-09 04:00:00.000,2023,3,9,4,VRB02KT,13,12
2023-03-09 05:00:00.000,2023,3,9,5,26003KT,13,12
2023-03-09 06:00:00.000,2023,3,9,6,VRB02KT,12,11
2023-03-09 07:00:00.000,2023,3,9,7,VRB02KT,12,11
2023-03-09 08:00:00.000,2023,3,9,8,32005KT,12,12
2023-03-09 09:00:00.000,2023,3,9,9,32003KT,12,12
2023-03-09 10:00:00.000,2023,3,9,10,31004KT,12,12
2023-03-09 10:32:00.000,2023,3,9,10,33005KT,12,11
2023-03-09 11:00:00.000,2023,3,9,11,33004KT,12,12
2023-03-09 12:00:00.000,2023,3,9,12,31007KT,12,11
2023-03-09 12:25:00.000,2023,3,9,12,34003KT,12,11
2023-03-09 13:00:00.000,2023,3,9,13,36003KT,12,11
2023-03-09 14:00:00.000,2023,3,9,14,04004KT,12,12
2023-03-09 15:00:00.000,2023,3,9,15,05005KT,13,12
2023-03-09 16:00:00.000,2023,3,9,16,08004KT,13,11
2023-03-09 17:00:00.000,2023,3,9,17,03003KT,13,11
2023-03-09 18:00:00.000,2023,3,9,18,VRB02KT,14,11
2023-03-09 19:00:00.000,2023,3,9,19,VRB02KT,14,12
2023-03-09 20:00:00.000,2023,3,9,20,23006KT,14,11
2023-03-09 21:00:00.000,2023,3,9,21,24005KT,14,12
2023-03-09 22:00:00.000,2023,3,9,22,24004KT,14,10
2023-03-09 23:00:00.000,2023,3,9,23,VRB02KT,14,11
2023-03-10 00:00:00.000,2023,3,10,0,VRB02KT,13,11
2023-03-10 01:00:00.000,2023,3,10,1,VRB02KT,12,11
2023-03-10 02:00:00.000,2023,3,10,2,30006KT,13,11
2023-03-10 03:00:00.000,2023,3,10,3,28003KT,12,11
2023-03-10 04:00:00.000,2023,3,10,4,VRB03KT,12,11
2023-03-10 05:00:00.000,2023,3,10,5,28004KT,12,10
2023-03-10 06:00:00.000,2023,3,10,6,30003KT,12,11
2023-03-10 07:00:00.000,2023,3,10,7,VRB02KT,11,10
2023-03-10 08:00:00.000,2023,3,10,8,VRB02KT,11,11
2023-03-10 09:00:00.000,2023,3,10,9,VRB02KT,11,11
2023-03-10 10:00:00.000,2023,3,10,10,VRB02KT,11,11
2023-03-10 10:30:00.000,2023,3,10,10,VRB02KT,12,11
2023-03-10 11:00:00.000,2023,3,10,11,VRB02KT,11,11
2023-03-10 12:00:00.000,2023,3,10,12,VRB02KT,12,11
2023-03-10 13:00:00.000,2023,3,10,13,VRB02KT,13,12
2023-03-10 14:00:00.000,2023,3,10,14,05003KT,15,12
2023-03-10 15:00:00.000,2023,3,10,15,VRB02KT,16,11
2023-03-10 16:00:00.000,2023,3,10,16,03004KT,18,11
2023-03-10 17:00:00.000,2023,3,10,17,07005KT,19,12
2023-03-10 18:00:00.000,2023,3,10,18,25010KT,18,13
2023-03-10 18:39:00.000,2023,3,10,18,29012KT,15,13
2023-03-10 19:00:00.000,2023,3,10,19,29012KT,15,13
2023-03-10 20:00:00.000,2023,3,10,20,29010KT,15,12
2023-03-10 21:00:00.000,2023,3,10,21,27009KT,15,13
2023-03-10 22:00:00.000,2023,3,10,22,29007KT,15,13
2023-03-10 23:00:00.000,2023,3,10,23,30006KT,15,12
2023-03-11 00:00:00.000,2023,3,11,0,25004KT,14,12
2023-03-11 01:00:00.000,2023,3,11,1,29005KT,14,12
2023-03-11 02:00:00.000,2023,3,11,2,30005KT,13,12
2023-03-11 03:00:00.000,2023,3,11,3,29004KT,13,12
2023-03-11 04:00:00.000,2023,3,11,4,33004KT,13,11
2023-03-11 05:00:00.000,2023,3,11,5,35003KT,12,11
2023-03-11 06:00:00.000,2023,3,11,6,33005KT,12,11
2023-03-11 07:00:00.000,2023,3,11,7,31005KT,12,11
2023-03-11 08:00:00.000,2023,3,11,8,31004KT,12,11
2023-03-11 09:00:00.000,2023,3,11,9,25004KT,12,11
2023-03-11 10:00:00.000,2023,3,11,10,26005KT,12,11
2023-03-11 10:30:00.000,2023,3,11,10,31004KT,11,11
2023-03-11 11:00:00.000,2023,3,11,11,30004KT,11,11
2023-03-11 12:00:00.000,2023,3,11,12,VRB02KT,11,11
2023-03-11 13:00:00.000,2023,3,11,13,24004KT,11,11
2023-03-11 14:00:00.000,2023,3,11,14,26003KT,12,11
2023-03-11 15:00:00.000,2023,3,11,15,26003KT,13,12
2023-03-11 16:00:00.000,2023,3,11,16,28004KT,13,12
2023-03-11 17:00:00.000,2023,3,11,17,27004KT,14,11
2023-03-11 18:00:00.000,2023,3,11,18,28009KT,14,13
2023-03-11 18:33:00.000,2023,3,11,18,25006KT,14,12
2023-03-11 19:00:00.000,2023,3,11,19,27005KT,13,12
2023-03-11 20:00:00.000,2023,3,11,20,33005KT,12,11
2023-03-11 21:00:00.000,2023,3,11,21,30005KT,13,12
2023-03-11 22:00:00.000,2023,3,11,22,25004KT,13,11
2023-03-11 23:00:00.000,2023,3,11,23,23005KT,13,12
2023-03-12 00:00:00.000,2023,3,12,0,25004KT,13,11
2023-03-12 01:00:00.000,2023,3,12,1,VRB02KT,12,11
2023-03-12 02:00:00.000,2023,3,12,2,VRB02KT,11,11
2023-03-12 03:00:00.000,2023,3,12,3,VRB02KT,12,11
2023-03-12 04:00:00.000,2023,3,12,4,VRB02KT,11,11
2023-03-12 05:00:00.000,2023,3,12,5,VRB02KT,12,11
2023-03-12 06:00:00.000,2023,3,12,6,VRB02KT,11,11
2023-03-12 07:00:00.000,2023,3,12,7,VRB02KT,11,11
2023-03-12 08:00:00.000,2023,3,12,8,VRB02KT,11,11
2023-03-12 09:00:00.000,2023,3,12,9,VRB02KT,11,11
2023-03-12 10:00:00.000,2023,3,12,10,VRB02KT,11,11
2023-03-12 10:33:00.000,2023,3,12,10,VRB02KT,11,11
2023-03-12 11:00:00.000,2023,3,12,11,VRB02KT,11,11
2023-03-12 12:00:00.000,2023,3,12,12,VRB02KT,11,11
2023-03-12 13:00:00.000,2023,3,12,13,VRB02KT,11,11
2023-03-12 14:00:00.000,2023,3,12,14,VRB02KT,13,12
2023-03-12 15:00:00.000,2023,3,12,15,03003KT,13,12
2023-03-12 16:00:00.000,2023,3,12,16,VRB02KT,16,11
2023-03-12 17:00:00.000,2023,3,12,17,26004KT,17,11
2023-03-12 18:00:00.000,2023,3,12,18,32006KT,17,11
2023-03-12 19:00:00.000,2023,3,12,19,27011KT,16,13
2023-03-12 19:27:00.000,2023,3,12,19,28011KT,14,13
2023-03-12 20:00:00.000,2023,3,12,20,28008KT,13,12
2023-03-12 21:00:00.000,2023,3,12,21,25007KT,12,12
2023-03-12 22:00:00.000,2023,3,12,22,24004KT,13,12
2023-03-12 23:00:00.000,2023,3,12,23,26004KT,13,12
2023-03-13 00:00:00.000,2023,3,13,0,20004KT,13,12
2023-03-13 01:00:00.000,2023,3,13,1,VRB02KT,12,12
2023-03-13 02:00:00.000,2023,3,13,2,VRB02KT,12,12
2023-03-13 03:00:00.000,2023,3,13,3,VRB02KT,12,12
2023-03-13 04:00:00.000,2023,3,13,4,34002KT,12,12
2023-03-13 05:00:00.000,2023,3,13,5,VRB02KT,12,12
2023-03-13 06:00:00.000,2023,3,13,6,VRB02KT,12,12
2023-03-13 06:35:00.000,2023,3,13,6,VRB02KT,12,12
2023-03-13 07:00:00.000,2023,3,13,7,VRB02KT,12,12
2023-03-13 08:00:00.000,2023,3,13,8,VRB02KT,12,11
2023-03-13 09:00:00.000,2023,3,13,9,VRB02KT,12,11
2023-03-13 10:00:00.000,2023,3,13,10,VRB02KT,12,11
2023-03-13 10:29:00.000,2023,3,13,10,VRB02KT,12,11
2023-03-13 11:00:00.000,2023,3,13,11,VRB02KT,12,11
2023-03-13 12:00:00.000,2023,3,13,12,36004KT,12,11
2023-03-13 13:00:00.000,2023,3,13,13,33003KT,13,12
2023-03-13 14:00:00.000,2023,3,13,14,34003KT,14,11
2023-03-13 15:00:00.000,2023,3,13,15,32003KT,15,12
2023-03-13 16:00:00.000,2023,3,13,16,36004KT,15,11
2023-03-13 17:00:00.000,2023,3,13,17,33005KT,14,11
2023-03-13 18:00:00.000,2023,3,13,18,29007KT,14,12
2023-03-13 19:00:00.000,2023,3,13,19,28006KT,14,12
2023-03-13 20:00:00.000,2023,3,13,20,28004KT,15,12
2023-03-13 21:00:00.000,2023,3,13,21,34005KT,14,11
2023-03-13 22:00:00.000,2023,3,13,22,36003KT,14,11
2023-03-13 23:00:00.000,2023,3,13,23,28003KT,13,11
2023-03-14 00:00:00.000,2023,3,14,0,VRB02KT,13,11
2023-03-14 01:00:00.000,2023,3,14,1,21004KT,14,11
2023-03-14 02:00:00.000,2023,3,14,2,31004KT,13,11
2023-03-14 03:00:00.000,2023,3,14,3,VRB02KT,12,11
2023-03-14 04:00:00.000,2023,3,14,4,34002KT,12,11
2023-03-14 05:00:00.000,2023,3,14,5,VRB02KT,12,11
2023-03-14 06:00:00.000,2023,3,14,6,VRB02KT,12,11
2023-03-14 07:00:00.000,2023,3,14,7,VRB02KT,12,11
2023-03-14 08:00:00.000,2023,3,14,8,VRB02KT,11,11
2023-03-14 09:00:00.000,2023,3,14,9,VRB02KT,11,11
2023-03-14 10:00:00.000,2023,3,14,10,29004KT,11,11
2023-03-14 10:32:00.000,2023,3,14,10,VRB01KT,11,10
2023-03-14 10:33:00.000,2023,3,14,10,VRB02KT,11,10
2023-03-14 11:00:00.000,2023,3,14,11,VRB02KT,11,10
2023-03-14 12:00:00.000,2023,3,14,12,04004KT,11,10
2023-03-14 13:00:00.000,2023,3,14,13,10004KT,14,11
2023-03-14 14:00:00.000,2023,3,14,14,07004KT,15,11
2023-03-14 15:00:00.000,2023,3,14,15,08006KT,18,11
2023-03-14 16:00:00.000,2023,3,14,16,05006KT,18,09
2023-03-14 17:00:00.000,2023,3,14,17,11005KT,18,10
2023-03-14 18:00:00.000,2023,3,14,18,24008KT,16,12
2023-03-14 19:00:00.000,2023,3,14,19,25007KT,17,13
2023-03-14 20:00:00.000,2023,3,14,20,26007KT,16,13
2023-03-14 21:00:00.000,2023,3,14,21,28006KT,17,12
2023-03-14 22:00:00.000,2023,3,14,22,28007KT,17,12
2023-03-14 22:15:00.000,2023,3,14,22,19008KT,15,13
2023-03-14 23:00:00.000,2023,3,14,23,29008KT,13,12
2023-03-15 00:00:00.000,2023,3,15,0,28003KT,13,13
2023-03-15 01:00:00.000,2023,3,15,1,31004KT,13,13
2023-03-15 02:00:00.000,2023,3,15,2,VRB02KT,13,12
2023-03-15 03:00:00.000,2023,3,15,3,VRB02KT,12,12
2023-03-15 04:00:00.000,2023,3,15,4,VRB02KT,12,12
2023-03-15 05:00:00.000,2023,3,15,5,VRB02KT,12,11
2023-03-15 06:00:00.000,2023,3,15,6,05003KT,12,11
2023-03-15 07:00:00.000,2023,3,15,7,VRB02KT,12,11
2023-03-15 08:00:00.000,2023,3,15,8,00000KT,12,11
2023-03-15 09:00:00.000,2023,3,15,9,VRB02KT,11,11
2023-03-15 10:00:00.000,2023,3,15,10,00000KT,12,11
2023-03-15 10:31:00.000,2023,3,15,10,VRB02KT,12,11
2023-03-15 11:00:00.000,2023,3,15,11,VRB02KT,12,10
2023-03-15 12:00:00.000,2023,3,15,12,VRB02KT,13,10
2023-03-15 13:00:00.000,2023,3,15,13,VRB02KT,15,11
2023-03-15 14:00:00.000,2023,3,15,14,21004KT,15,10
2023-03-15 15:00:00.000,2023,3,15,15,31004KT,16,11
2023-03-15 16:00:00.000,2023,3,15,16,32006KT,16,10
2023-03-15 17:00:00.000,2023,3,15,17,31004KT,16,11
2023-03-15 18:00:00.000,2023,3,15,18,27008KT,17,11
2023-03-15 19:00:00.000,2023,3,15,19,30010KT,18,12
2023-03-15 20:00:00.000,2023,3,15,20,29010KT,18,11
2023-03-15 21:00:00.000,2023,3,15,21,28010KT,18,11
2023-03-15 22:00:00.000,2023,3,15,22,28011KT,17,11
2023-03-15 23:00:00.000,2023,3,15,23,29009KT,14,12
2023-03-16 00:00:00.000,2023,3,16,0,28010KT,14,12
2023-03-16 01:00:00.000,2023,3,16,1,30007KT,13,11
2023-03-16 02:00:00.000,2023,3,16,2,32003KT,13,10
2023-03-16 03:00:00.000,2023,3,16,3,25003KT,13,11
2023-03-16 04:00:00.000,2023,3,16,4,23004KT,12,11
2023-03-16 05:00:00.000,2023,3,16,5,27003KT,12,11
2023-03-16 06:00:00.000,2023,3,16,6,VRB02KT,12,11
2023-03-16 07:00:00.000,2023,3,16,7,VRB02KT,12,10
2023-03-16 08:00:00.000,2023,3,16,8,VRB02KT,12,10
2023-03-16 09:00:00.000,2023,3,16,9,32003KT,10,10
2023-03-16 10:00:00.000,2023,3,16,10,02003KT,10,09
2023-03-16 10:23:00.000,2023,3,16,10,02003KT,09,09
2023-03-16 10:30:00.000,2023,3,16,10,03005KT,09,09
2023-03-16 11:00:00.000,2023,3,16,11,02003KT,09,09
2023-03-16 11:17:00.000,2023,3,16,11,03004KT,10,10
2023-03-16 11:30:00.000,2023,3,16,11,03003KT,10,10
2023-03-16 11:38:00.000,2023,3,16,11,VRB02KT,10,10
2023-03-16 12:00:00.000,2023,3,16,12,VRB02KT,11,10
2023-03-16 12:24:00.000,2023,3,16,12,VRB02KT,11,11
2023-03-16 13:00:00.000,2023,3,16,13,05004KT,12,10
2023-03-16 13:35:00.000,2023,3,16,13,VRB02KT,14,10
2023-03-16 14:00:00.000,2023,3,16,14,05003KT,15,11
2023-03-16 15:00:00.000,2023,3,16,15,32008KT,16,11
2023-03-16 16:00:00.000,2023,3,16,16,32008KT,17,12
2023-03-16 17:00:00.000,2023,3,16,17,32006KT,18,12
2023-03-16 18:00:00.000,2023,3,16,18,32015KT,19,12
2023-03-16 19:00:00.000,2023,3,16,19,33014KT,18,12
2023-03-16 20:00:00.000,2023,3,16,20,34012KT,17,12
2023-03-16 21:00:00.000,2023,3,16,21,34012KT,16,12
2023-03-16 22:00:00.000,2023,3,16,22,33008KT,15,12
2023-03-16 23:00:00.000,2023,3,16,23,31008KT,14,12
2023-03-17 00:00:00.000,2023,3,17,0,30010KT,13,11
2023-03-17 00:28:00.000,2023,3,17,0,32003KT,12,12
2023-03-17 01:00:00.000,2023,3,17,1,VRB02KT,13,11
2023-03-17 02:00:00.000,2023,3,17,2,24004KT,13,11
2023-03-17 03:00:00.000,2023,3,17,3,29003KT,13,11
2023-03-17 04:00:00.000,2023,3,17,4,28005KT,13,11
2023-03-17 05:00:00.000,2023,3,17,5,31004KT,11,10
2023-03-17 06:00:00.000,2023,3,17,6,VRB02KT,10,10
2023-03-17 07:00:00.000,2023,3,17,7,34004KT,08,08
2023-03-17 08:00:00.000,2023,3,17,8,VRB02KT,08,08
2023-03-17 09:00:00.000,2023,3,17,9,33003KT,09,09
2023-03-17 10:00:00.000,2023,3,17,10,VRB02KT,09,08
2023-03-17 10:32:00.000,2023,3,17,10,VRB02KT,09,09
2023-03-17 11:00:00.000,2023,3,17,11,04003KT,09,09
2023-03-17 12:00:00.000,2023,3,17,12,03005KT,09,08
2023-03-17 13:00:00.000,2023,3,17,13,04004KT,13,10
2023-03-17 14:00:00.000,2023,3,17,14,07005KT,16,11
2023-03-17 15:00:00.000,2023,3,17,15,33006KT,17,11
2023-03-17 16:00:00.000,2023,3,17,16,33007KT,19,12
2023-03-17 17:00:00.000,2023,3,17,17,29008KT,19,11
2023-03-17 18:00:00.000,2023,3,17,18,29012KT,20,13
2023-03-17 19:00:00.000,2023,3,17,19,28013KT,19,12
2023-03-17 20:00:00.000,2023,3,17,20,29009KT,17,11
2023-03-17 20:25:00.000,2023,3,17,20,32007KT,16,12
2023-03-17 21:00:00.000,2023,3,17,21,35006KT,15,13
2023-03-17 22:00:00.000,2023,3,17,22,33005KT,15,13
2023-03-17 23:00:00.000,2023,3,17,23,32005KT,14,12
2023-03-18 00:00:00.000,2023,3,18,0,34004KT,13,12
2023-03-18 01:00:00.000,2023,3,18,1,30005KT,13,12
2023-03-18 02:00:00.000,2023,3,18,2,29005KT,13,10
2023-03-18 03:00:00.000,2023,3,18,3,31007KT,13,12
2023-03-18 04:00:00.000,2023,3,18,4,27004KT,13,11
2023-03-18 05:00:00.000,2023,3,18,5,33004KT,12,11
2023-03-18 06:00:00.000,2023,3,18,6,12011KT,12,11
2023-03-18 07:00:00.000,2023,3,18,7,VRB02KT,11,11
2023-03-18 08:00:00.000,2023,3,18,8,32004KT,10,10
2023-03-18 09:00:00.000,2023,3,18,9,VRB02KT,10,10
2023-03-18 10:00:00.000,2023,3,18,10,VRB02KT,11,11
2023-03-18 10:30:00.000,2023,3,18,10,VRB02KT,11,10
2023-03-18 11:00:00.000,2023,3,18,11,VRB02KT,10,10
2023-03-18 12:00:00.000,2023,3,18,12,02004KT,10,10
2023-03-18 12:31:00.000,2023,3,18,12,01003KT,12,11
2023-03-18 13:00:00.000,2023,3,18,13,VRB02KT,14,11
2023-03-18 14:00:00.000,2023,3,18,14,VRB02KT,16,11
2023-03-18 15:00:00.000,2023,3,18,15,02004KT,18,10
2023-03-18 16:00:00.000,2023,3,18,16,33004KT,19,10
2023-03-18 17:00:00.000,2023,3,18,17,32016KT,19,13
2023-03-18 18:00:00.000,2023,3,18,18,30012KT,18,11
2023-03-18 19:00:00.000,2023,3,18,19,27012KT,18,12
2023-03-18 20:00:00.000,2023,3,18,20,31013KT,19,12
2023-03-18 20:04:00.000,2023,3,18,20,29012KT,19,12
2023-03-18 21:00:00.000,2023,3,18,21,29013KT,18,13
2023-03-18 22:00:00.000,2023,3,18,22,32011KT,16,11
2023-03-18 23:00:00.000,2023,3,18,23,35005KT,14,12
2023-03-19 00:00:00.000,2023,3,19,0,32006KT,14,12
2023-03-19 01:00:00.000,2023,3,19,1,30007KT,14,12
2023-03-19 02:00:00.000,2023,3,19,2,31006KT,14,12
2023-03-19 03:00:00.000,2023,3,19,3,32004KT,13,11
2023-03-19 04:00:00.000,2023,3,19,4,VRB02KT,13,12
2023-03-19 05:00:00.000,2023,3,19,5,30006KT,13,12
2023-03-19 06:00:00.000,2023,3,19,6,29004KT,12,12
2023-03-19 07:00:00.000,2023,3,19,7,VRB02KT,12,11
2023-03-19 08:00:00.000,2023,3,19,8,VRB02KT,12,11
2023-03-19 09:00:00.000,2023,3,19,9,29005KT,12,11
2023-03-19 10:00:00.000,2023,3,19,10,33003KT,11,11
2023-03-19 10:30:00.000,2023,3,19,10,33003KT,11,10
2023-03-19 11:00:00.000,2023,3,19,11,32003KT,11,10
2023-03-19 12:00:00.000,2023,3,19,12,VRB02KT,13,10
2023-03-19 13:00:00.000,2023,3,19,13,35003KT,14,11
2023-03-19 14:00:00.000,2023,3,19,14,30005KT,14,11
2023-03-19 15:00:00.000,2023,3,19,15,33005KT,17,12
2023-03-19 16:00:00.000,2023,3,19,16,30005KT,19,10
2023-03-19 17:00:00.000,2023,3,19,17,VRB05KT,20,09
2023-03-19 18:00:00.000,2023,3,19,18,29012KT,20,12
2023-03-19 19:00:00.000,2023,3,19,19,30013KT,20,12
2023-03-19 20:00:00.000,2023,3,19,20,30018KT,19,12
2023-03-19 21:00:00.000,2023,3,19,21,32012KT,17,11
2023-03-19 22:00:00.000,2023,3,19,22,35004KT,15,12
2023-03-19 23:00:00.000,2023,3,19,23,35004KT,14,11
2023-03-20 00:00:00.000,2023,3,20,0,VRB02KT,13,11
2023-03-20 01:00:00.000,2023,3,20,1,VRB02KT,12,11
2023-03-20 02:00:00.000,2023,3,20,2,36003KT,11,10
2023-03-20 03:00:00.000,2023,3,20,3,VRB02KT,12,11
2023-03-20 04:00:00.000,2023,3,20,4,03003KT,12,11
2023-03-20 05:00:00.000,2023,3,20,5,03004KT,12,11
2023-03-20 06:00:00.000,2023,3,20,6,00000KT,12,11
2023-03-20 07:00:00.000,2023,3,20,7,VRB02KT,12,10
2023-03-20 08:00:00.000,2023,3,20,8,VRB02KT,11,09
2023-03-20 09:00:00.000,2023,3,20,9,VRB02KT,09,09
2023-03-20 10:00:00.000,2023,3,20,10,VRB02KT,09,09
2023-03-20 11:00:00.000,2023,3,20,11,VRB02KT,08,08
2023-03-20 12:00:00.000,2023,3,20,12,VRB04KT,09,08
2023-03-20 12:30:00.000,2023,3,20,12,04004KT,11,10
2023-03-20 13:00:00.000,2023,3,20,13,04004KT,11,11
2023-03-20 13:30:00.000,2023,3,20,13,02003KT,12,10
2023-03-20 14:00:00.000,2023,3,20,14,VRB02KT,14,11
2023-03-20 15:00:00.000,2023,3,20,15,21004KT,16,09
2023-03-20 16:00:00.000,2023,3,20,16,03006KT,18,09
2023-03-20 17:00:00.000,2023,3,20,17,28010KT,18,11
2023-03-20 18:00:00.000,2023,3,20,18,34009KT,19,11
2023-03-20 19:00:00.000,2023,3,20,19,33010KT,19,11
2023-03-20 20:00:00.000,2023,3,20,20,32011KT,19,10
2023-03-20 21:00:00.000,2023,3,20,21,31012KT,19,11
2023-03-20 22:00:00.000,2023,3,20,22,32011KT,17,11
2023-03-20 23:00:00.000,2023,3,20,23,33010KT,16,11
2023-03-21 00:00:00.000,2023,3,21,0,24007KT,15,12
2023-03-21 01:00:00.000,2023,3,21,1,26008KT,14,11
2023-03-21 02:00:00.000,2023,3,21,2,28005KT,14,11
2023-03-21 03:00:00.000,2023,3,21,3,27003KT,13,11
2023-03-21 04:00:00.000,2023,3,21,4,28005KT,13,11
2023-03-21 05:00:00.000,2023,3,21,5,30003KT,11,10
2023-03-21 06:00:00.000,2023,3,21,6,VRB02KT,11,10
2023-03-21 07:00:00.000,2023,3,21,7,VRB02KT,10,09
2023-03-21 08:00:00.000,2023,3,21,8,VRB02KT,09,09
2023-03-21 09:00:00.000,2023,3,21,9,VRB02KT,09,08
2023-03-21 10:00:00.000,2023,3,21,10,VRB02KT,08,07
2023-03-21 10:30:00.000,2023,3,21,10,VRB02KT,06,05
2023-03-21 11:00:00.000,2023,3,21,11,VRB02KT,07,07
2023-03-21 12:00:00.000,2023,3,21,12,34003KT,09,07
2023-03-21 13:00:00.000,2023,3,21,13,03004KT,12,09
2023-03-21 14:00:00.000,2023,3,21,14,02006KT,15,10
2023-03-21 15:00:00.000,2023,3,21,15,01003KT,18,09
2023-03-21 16:00:00.000,2023,3,21,16,35007KT,19,08
2023-03-21 17:00:00.000,2023,3,21,17,32005KT,20,07
2023-03-21 18:00:00.000,2023,3,21,18,29012KT,20,12
2023-03-21 19:00:00.000,2023,3,21,19,27016KT,19,13
2023-03-21 20:00:00.000,2023,3,21,20,27013KT,19,11
2023-03-21 21:00:00.000,2023,3,21,21,26013KT,19,12
2023-03-21 22:00:00.000,2023,3,21,22,31011KT,18,10
2023-03-21 23:00:00.000,2023,3,21,23,28007KT,17,12
2023-03-22 00:00:00.000,2023,3,22,0,34005KT,15,11
2023-03-22 01:00:00.000,2023,3,22,1,05006KT,13,11
2023-03-22 02:00:00.000,2023,3,22,2,36005KT,12,11
2023-03-22 03:00:00.000,2023,3,22,3,VRB02KT,12,12
2023-03-22 04:00:00.000,2023,3,22,4,VRB02KT,12,11
2023-03-22 05:00:00.000,2023,3,22,5,00000KT,12,12
2023-03-22 06:00:00.000,2023,3,22,6,03003KT,12,12
2023-03-22 07:00:00.000,2023,3,22,7,03004KT,12,11
2023-03-22 08:00:00.000,2023,3,22,8,33003KT,12,11
2023-03-22 09:00:00.000,2023,3,22,9,VRB02KT,12,11
2023-03-22 10:00:00.000,2023,3,22,10,VRB02KT,10,10
2023-03-22 10:32:00.000,2023,3,22,10,35003KT,10,10
2023-03-22 11:00:00.000,2023,3,22,11,34003KT,10,10
2023-03-22 12:00:00.000,2023,3,22,12,24005KT,11,11
2023-03-22 13:00:00.000,2023,3,22,13,VRB02KT,13,11
2023-03-22 13:31:00.000,2023,3,22,13,34004KT,14,11
2023-03-22 14:00:00.000,2023,3,22,14,35003KT,16,12
2023-03-22 15:00:00.000,2023,3,22,15,15003KT,17,10
2023-03-22 16:00:00.000,2023,3,22,16,05005KT,19,10
2023-03-22 17:00:00.000,2023,3,22,17,09009KT,19,09
2023-03-22 18:00:00.000,2023,3,22,18,30012KT,19,12
2023-03-22 19:00:00.000,2023,3,22,19,28011KT,20,11
2023-03-22 20:00:00.000,2023,3,22,20,27015KT,20,11
2023-03-22 21:00:00.000,2023,3,22,21,27009KT,18,11
2023-03-22 21:32:00.000,2023,3,22,21,26011G24KT,17,11
2023-03-22 22:00:00.000,2023,3,22,22,26011KT,17,11
2023-03-22 23:00:00.000,2023,3,22,23,26010KT,16,10
2023-03-23 00:00:00.000,2023,3,23,0,15004KT,16,10
2023-03-23 01:00:00.000,2023,3,23,1,18006KT,14,09
2023-03-23 02:00:00.000,2023,3,23,2,16005KT,14,09
2023-03-23 03:00:00.000,2023,3,23,3,VRB02KT,13,10
2023-03-23 04:00:00.000,2023,3,23,4,35003KT,11,10
2023-03-23 05:00:00.000,2023,3,23,5,36003KT,11,09
2023-03-23 06:00:00.000,2023,3,23,6,VRB02KT,10,09
2023-03-23 07:00:00.000,2023,3,23,7,VRB02KT,09,08
2023-03-23 08:00:00.000,2023,3,23,8,VRB02KT,09,09
2023-03-23 09:00:00.000,2023,3,23,9,VRB02KT,10,09
2023-03-23 10:00:00.000,2023,3,23,10,VRB02KT,10,09
2023-03-23 10:30:00.000,2023,3,23,10,01003KT,10,09
2023-03-23 11:00:00.000,2023,3,23,11,04003KT,10,09
2023-03-23 12:00:00.000,2023,3,23,12,05003KT,12,10
2023-03-23 13:00:00.000,2023,3,23,13,05004KT,13,10
2023-03-23 14:00:00.000,2023,3,23,14,03004KT,15,10
2023-03-23 15:00:00.000,2023,3,23,15,35003KT,17,10
2023-03-23 16:00:00.000,2023,3,23,16,34003KT,17,10
2023-03-23 17:00:00.000,2023,3,23,17,31007KT,18,10
2023-03-23 18:00:00.000,2023,3,23,18,32009KT,18,11
2023-03-23 19:00:00.000,2023,3,23,19,27012KT,19,12
2023-03-23 20:00:00.000,2023,3,23,20,27011KT,18,12
2023-03-23 21:00:00.000,2023,3,23,21,27011KT,17,11
2023-03-23 22:00:00.000,2023,3,23,22,28009KT,17,12
2023-03-23 23:00:00.000,2023,3,23,23,26007KT,16,12
2023-03-24 00:00:00.000,2023,3,24,0,27006KT,15,12
2023-03-24 01:00:00.000,2023,3,24,1,31008KT,14,11
2023-03-24 02:00:00.000,2023,3,24,2,32005KT,13,11
2023-03-24 03:00:00.000,2023,3,24,3,30005KT,14,12
2023-03-24 04:00:00.000,2023,3,24,4,30003KT,14,12
2023-03-24 05:00:00.000,2023,3,24,5,26003KT,13,12
2023-03-24 06:00:00.000,2023,3,24,6,31003KT,13,12
2023-03-24 07:00:00.000,2023,3,24,7,VRB02KT,12,12
2023-03-24 08:00:00.000,2023,3,24,8,03005KT,12,11
2023-03-24 09:00:00.000,2023,3,24,9,03005KT,11,11
2023-03-24 10:00:00.000,2023,3,24,10,VRB02KT,11,10
2023-03-24 10:30:00.000,2023,3,24,10,06003KT,11,10
2023-03-24 11:00:00.000,2023,3,24,11,05004KT,11,10
2023-03-24 12:00:00.000,2023,3,24,12,04006KT,13,11
2023-03-24 13:00:00.000,2023,3,24,13,05005KT,15,11
2023-03-24 14:00:00.000,2023,3,24,14,04006KT,17,10
2023-03-24 15:00:00.000,2023,3,24,15,06008KT,18,10
2023-03-24 16:00:00.000,2023,3,24,16,05005KT,20,10
2023-03-24 17:00:00.000,2023,3,24,17,36006KT,20,10
2023-03-24 17:12:00.000,2023,3,24,17,31004KT,20,10
2023-03-24 18:00:00.000,2023,3,24,18,29010KT,20,13
2023-03-24 19:00:00.000,2023,3,24,19,29014KT,19,13
2023-03-24 20:00:00.000,2023,3,24,20,25012KT,18,13
2023-03-24 21:00:00.000,2023,3,24,21,26011KT,17,12
2023-03-24 22:00:00.000,2023,3,24,22,26009KT,16,11
2023-03-24 23:00:00.000,2023,3,24,23,26006KT,16,12
2023-03-25 00:00:00.000,2023,3,25,0,28008KT,15,12
2023-03-25 01:00:00.000,2023,3,25,1,34006KT,14,12
2023-03-25 02:00:00.000,2023,3,25,2,28004KT,14,11
2023-03-25 03:00:00.000,2023,3,25,3,30009KT,13,11
2023-03-25 04:00:00.000,2023,3,25,4,34003KT,13,11
2023-03-25 05:00:00.000,2023,3,25,5,32006KT,13,11
2023-03-25 06:00:00.000,2023,3,25,6,33006KT,13,11
2023-03-25 07:00:00.000,2023,3,25,7,35005KT,13,12
2023-03-25 08:00:00.000,2023,3,25,8,VRB02KT,12,11
2023-03-25 09:00:00.000,2023,3,25,9,VRB02KT,12,11
2023-03-25 10:00:00.000,2023,3,25,10,04005KT,12,11
2023-03-25 10:30:00.000,2023,3,25,10,07004KT,12,11
2023-03-25 11:00:00.000,2023,3,25,11,09005KT,12,11
2023-03-25 12:00:00.000,2023,3,25,12,04003KT,13,10
2023-03-25 13:00:00.000,2023,3,25,13,05007KT,14,11
2023-03-25 14:00:00.000,2023,3,25,14,04003KT,14,10
2023-03-25 15:00:00.000,2023,3,25,15,VRB02KT,16,10
2023-03-25 16:00:00.000,2023,3,25,16,VRB02KT,16,10
2023-03-25 17:00:00.000,2023,3,25,17,02004KT,16,09
2023-03-25 18:00:00.000,2023,3,25,18,25009KT,16,12
2023-03-25 19:00:00.000,2023,3,25,19,27007KT,17,11
2023-03-25 20:00:00.000,2023,3,25,20,21011KT,16,10
2023-03-25 21:00:00.000,2023,3,25,21,24005KT,16,12
2023-03-25 22:00:00.000,2023,3,25,22,22011KT,15,12
2023-03-25 23:00:00.000,2023,3,25,23,25004KT,15,12
2023-03-26 00:00:00.000,2023,3,26,0,VRB02KT,13,12
2023-03-26 01:00:00.000,2023,3,26,1,02003KT,13,12
2023-03-26 02:00:00.000,2023,3,26,2,11006KT,14,10
2023-03-26 03:00:00.000,2023,3,26,3,07004KT,13,10
2023-03-26 04:00:00.000,2023,3,26,4,03004KT,13,11
2023-03-26 05:00:00.000,2023,3,26,5,02004KT,13,10
2023-03-26 06:00:00.000,2023,3,26,6,03004KT,12,11
2023-03-26 07:00:00.000,2023,3,26,7,34003KT,12,10
2023-03-26 08:00:00.000,2023,3,26,8,04006KT,12,10
2023-03-26 09:00:00.000,2023,3,26,9,04007KT,11,10
2023-03-26 10:00:00.000,2023,3,26,10,04007KT,11,10
2023-03-26 11:00:00.000,2023,3,26,11,05006KT,12,10
2023-03-26 12:00:00.000,2023,3,26,12,04006KT,12,10
2023-03-26 13:00:00.000,2023,3,26,13,05006KT,13,10
2023-03-26 14:00:00.000,2023,3,26,14,04009KT,14,10
2023-03-26 15:00:00.000,2023,3,26,15,04007KT,16,10
2023-03-26 16:00:00.000,2023,3,26,16,12007KT,19,10
2023-03-26 17:00:00.000,2023,3,26,17,12013KT,19,09
2023-03-26 18:00:00.000,2023,3,26,18,13010KT,20,10
2023-03-26 19:00:00.000,2023,3,26,19,14012KT,19,09
2023-03-26 20:00:00.000,2023,3,26,20,13012KT,19,07
2023-03-26 21:00:00.000,2023,3,26,21,14013KT,19,09
2023-03-26 22:00:00.000,2023,3,26,22,13009KT,18,07
2023-03-26 23:00:00.000,2023,3,26,23,13010KT,17,07
2023-03-27 00:00:00.000,2023,3,27,0,15005KT,15,08
2023-03-27 01:00:00.000,2023,3,27,1,10004KT,14,09
2023-03-27 02:00:00.000,2023,3,27,2,05003KT,13,09
2023-03-27 03:00:00.000,2023,3,27,3,05004KT,12,09
2023-03-27 04:00:00.000,2023,3,27,4,36003KT,11,09
2023-03-27 05:00:00.000,2023,3,27,5,04005KT,12,10
2023-03-27 06:00:00.000,2023,3,27,6,06004KT,12,10
2023-03-27 07:00:00.000,2023,3,27,7,VRB02KT,12,10
2023-03-27 08:00:00.000,2023,3,27,8,05005KT,11,09
2023-03-27 09:00:00.000,2023,3,27,9,07004KT,10,09
2023-03-27 10:00:00.000,2023,3,27,10,05005KT,10,09
2023-03-27 11:00:00.000,2023,3,27,11,06005KT,12,09
2023-03-27 12:00:00.000,2023,3,27,12,07004KT,13,09
2023-03-27 13:00:00.000,2023,3,27,13,07005KT,15,09
2023-03-27 14:00:00.000,2023,3,27,14,08007KT,17,09
2023-03-27 15:00:00.000,2023,3,27,15,05010KT,16,10
2023-03-27 16:00:00.000,2023,3,27,16,07006KT,16,10
2023-03-27 17:00:00.000,2023,3,27,17,07007KT,16,10
2023-03-27 18:00:00.000,2023,3,27,18,07008KT,19,10
2023-03-27 19:00:00.000,2023,3,27,19,09009KT,19,09
2023-03-27 20:00:00.000,2023,3,27,20,23007KT,17,12
2023-03-27 21:00:00.000,2023,3,27,21,25009KT,16,12
2023-03-27 22:00:00.000,2023,3,27,22,29004KT,17,11
2023-03-27 22:15:00.000,2023,3,27,22,30009KT,15,12
2023-03-27 23:00:00.000,2023,3,27,23,29004KT,13,12
2023-03-28 00:00:00.000,2023,3,28,0,32003KT,13,12
2023-03-28 01:00:00.000,2023,3,28,1,02003KT,12,12
2023-03-28 02:00:00.000,2023,3,28,2,04003KT,13,12
2023-03-28 03:00:00.000,2023,3,28,3,01003KT,13,12
2023-03-28 04:00:00.000,2023,3,28,4,04004KT,13,11
2023-03-28 05:00:00.000,2023,3,28,5,01003KT,12,11
2023-03-28 06:00:00.000,2023,3,28,6,01004KT,12,11
2023-03-28 07:00:00.000,2023,3,28,7,03004KT,12,11
2023-03-28 08:00:00.000,2023,3,28,8,VRB02KT,12,11
2023-03-28 09:00:00.000,2023,3,28,9,07003KT,12,10
2023-03-28 10:00:00.000,2023,3,28,10,VRB02KT,12,10
2023-03-28 11:00:00.000,2023,3,28,11,VRB02KT,11,10
2023-03-28 12:00:00.000,2023,3,28,12,VRB02KT,13,10
2023-03-28 13:00:00.000,2023,3,28,13,04004KT,14,11
2023-03-28 14:00:00.000,2023,3,28,14,02006KT,15,11
2023-03-28 15:00:00.000,2023,3,28,15,02005KT,17,11
2023-03-28 16:00:00.000,2023,3,28,16,04005KT,18,10
2023-03-28 17:00:00.000,2023,3,28,17,15007KT,18,10
2023-03-28 18:00:00.000,2023,3,28,18,16004KT,20,11
2023-03-28 19:00:00.000,2023,3,28,19,23011KT,18,13
2023-03-28 20:00:00.000,2023,3,28,20,28011KT,18,13
2023-03-28 21:00:00.000,2023,3,28,21,28007KT,16,13
2023-03-28 22:00:00.000,2023,3,28,22,32005KT,16,12
2023-03-28 23:00:00.000,2023,3,28,23,24008KT,17,12
2023-03-29 00:00:00.000,2023,3,29,0,30004KT,16,12
2023-03-29 01:00:00.000,2023,3,29,1,34003KT,14,12
2023-03-29 02:00:00.000,2023,3,29,2,30005KT,14,11
2023-03-29 03:00:00.000,2023,3,29,3,VRB02KT,13,11
2023-03-29 04:00:00.000,2023,3,29,4,30004KT,13,11
2023-03-29 05:00:00.000,2023,3,29,5,28004KT,13,10
2023-03-29 06:00:00.000,2023,3,29,6,VRB02KT,12,10
2023-03-29 07:00:00.000,2023,3,29,7,04005KT,12,11
2023-03-29 08:00:00.000,2023,3,29,8,02004KT,12,11
2023-03-29 09:00:00.000,2023,3,29,9,VRB02KT,12,11
2023-03-29 10:00:00.000,2023,3,29,10,VRB02KT,12,11
2023-03-29 11:00:00.000,2023,3,29,11,VRB02KT,12,11
2023-03-29 12:00:00.000,2023,3,29,12,VRB02KT,13,12
2023-03-29 13:00:00.000,2023,3,29,13,04005KT,14,11
2023-03-29 14:00:00.000,2023,3,29,14,04006KT,16,11
2023-03-29 15:00:00.000,2023,3,29,15,03007KT,17,11
2023-03-29 16:00:00.000,2023,3,29,16,07006KT,18,12
2023-03-29 17:00:00.000,2023,3,29,17,18010KT,17,10
2023-03-29 18:00:00.000,2023,3,29,18,23009KT,16,12
2023-03-29 19:00:00.000,2023,3,29,19,25009KT,16,12
2023-03-29 20:00:00.000,2023,3,29,20,32010KT,14,12
2023-03-29 21:00:00.000,2023,3,29,21,29003KT,15,12
2023-03-29 22:00:00.000,2023,3,29,22,14004KT,16,11
2023-03-29 23:00:00.000,2023,3,29,23,VRB02KT,15,12
2023-03-30 00:00:00.000,2023,3,30,0,02006KT,13,11
2023-03-30 01:00:00.000,2023,3,30,1,VRB02KT,13,11
2023-03-30 02:00:00.000,2023,3,30,2,VRB02KT,11,10
2023-03-30 03:00:00.000,2023,3,30,3,01003KT,11,10
2023-03-30 04:00:00.000,2023,3,30,4,34004KT,10,09
2023-03-30 05:00:00.000,2023,3,30,5,02003KT,09,09
2023-03-30 06:00:00.000,2023,3,30,6,VRB02KT,09,09
2023-03-30 07:00:00.000,2023,3,30,7,VRB02KT,09,09
2023-03-30 08:00:00.000,2023,3,30,8,VRB02KT,09,09
2023-03-30 09:00:00.000,2023,3,30,9,VRB02KT,09,09
2023-03-30 10:00:00.000,2023,3,30,10,VRB02KT,10,10
2023-03-30 11:00:00.000,2023,3,30,11,VRB02KT,11,10
2023-03-30 12:00:00.000,2023,3,30,12,VRB02KT,10,10
2023-03-30 13:00:00.000,2023,3,30,13,04006KT,14,11
2023-03-30 14:00:00.000,2023,3,30,14,08005KT,17,10
2023-03-30 15:00:00.000,2023,3,30,15,09005KT,17,09
2023-03-30 16:00:00.000,2023,3,30,16,15007KT,18,10
2023-03-30 17:00:00.000,2023,3,30,17,13006KT,18,09
2023-03-30 18:00:00.000,2023,3,30,18,09006KT,19,11
2023-03-30 19:00:00.000,2023,3,30,19,12004KT,18,10
2023-03-30 20:00:00.000,2023,3,30,20,28008KT,17,12
2023-03-30 21:00:00.000,2023,3,30,21,33005KT,17,12
2023-03-30 22:00:00.000,2023,3,30,22,26006KT,17,12
2023-03-30 23:00:00.000,2023,3,30,23,27006KT,16,11
2023-03-31 00:00:00.000,2023,3,31,0,31006KT,14,10
2023-03-31 01:00:00.000,2023,3,31,1,33004KT,14,10
2023-03-31 02:00:00.000,2023,3,31,2,03003KT,12,10
2023-03-31 03:00:00.000,2023,3,31,3,06004KT,12,10
2023-03-31 04:00:00.000,2023,3,31,4,12003KT,13,10
2023-03-31 05:00:00.000,2023,3,31,5,VRB02KT,11,09
2023-03-31 06:00:00.000,2023,3,31,6,VRB02KT,11,10
2023-03-31 07:00:00.000,2023,3,31,7,04004KT,11,10
2023-03-31 08:00:00.000,2023,3,31,8,VRB02KT,10,09
2023-03-31 09:00:00.000,2023,3,31,9,05005KT,10,09
2023-03-31 10:00:00.000,2023,3,31,10,VRB02KT,10,09
2023-03-31 10:29:00.000,2023,3,31,10,VRB02KT,11,09
2023-03-31 11:00:00.000,2023,3,31,11,VRB02KT,12,09
2023-03-31 12:00:00.000,2023,3,31,12,03004KT,11,09
2023-03-31 13:00:00.000,2023,3,31,13,VRB02KT,13,11
2023-03-31 14:00:00.000,2023,3,31,14,14006KT,16,10
2023-03-31 15:00:00.000,2023,3,31,15,10007KT,16,09
2023-03-31 16:00:00.000,2023,3,31,16,11007KT,17,10
2023-03-31 17:00:00.000,2023,3,31,17,07008KT,18,10
2023-03-31 18:00:00.000,2023,3,31,18,05009KT,16,11
2023-03-31 19:00:00.000,2023,3,31,19,11008KT,18,11
2023-03-31 20:00:00.000,2023,3,31,20,08007KT,18,10
2023-03-31 21:00:00.000,2023,3,31,21,07008KT,18,10
2023-03-31 22:00:00.000,2023,3,31,22,11009KT,18,09
2023-03-31 23:00:00.000,2023,3,31,23,11006KT,17,09
2023-04-01 00:00:00.000,2023,4,1,0,29003KT,14,10
2023-04-01 01:00:00.000,2023,4,1,1,15005KT,13,09
2023-04-01 02:00:00.000,2023,4,1,2,VRB02KT,12,09
2023-04-01 03:00:00.000,2023,4,1,3,06003KT,11,10
2023-04-01 04:00:00.000,2023,4,1,4,36004KT,10,09
2023-04-01 05:00:00.000,2023,4,1,5,04003KT,11,10
2023-04-01 06:00:00.000,2023,4,1,6,01004KT,12,10
2023-04-01 07:00:00.000,2023,4,1,7,35003KT,12,10
2023-04-01 08:00:00.000,2023,4,1,8,03006KT,12,10
2023-04-01 09:00:00.000,2023,4,1,9,VRB02KT,11,09
2023-04-01 10:00:00.000,2023,4,1,10,03003KT,10,09
2023-04-01 10:30:00.000,2023,4,1,10,06005KT,11,10
2023-04-01 11:00:00.000,2023,4,1,11,05004KT,11,10
2023-04-01 12:00:00.000,2023,4,1,12,04004KT,13,10
2023-04-01 13:00:00.000,2023,4,1,13,04005KT,15,11
2023-04-01 14:00:00.000,2023,4,1,14,05006KT,16,11
2023-04-01 15:00:00.000,2023,4,1,15,03009KT,15,11
2023-04-01 16:00:00.000,2023,4,1,16,06006KT,14,12
2023-04-01 17:00:00.000,2023,4,1,17,06007KT,15,11
2023-04-01 18:00:00.000,2023,4,1,18,06004KT,17,10
2023-04-01 19:00:00.000,2023,4,1,19,06005KT,17,10
2023-04-01 20:00:00.000,2023,4,1,20,VRB03KT,18,10
2023-04-01 21:00:00.000,2023,4,1,21,04006KT,18,11
2023-04-01 22:00:00.000,2023,4,1,22,VRB02KT,18,11
2023-04-01 23:00:00.000,2023,4,1,23,23008KT,15,13
2023-04-02 00:00:00.000,2023,4,2,0,26004KT,15,13
2023-04-02 01:00:00.000,2023,4,2,1,35003KT,14,12
2023-04-02 02:00:00.000,2023,4,2,2,27003KT,14,12
2023-04-02 03:00:00.000,2023,4,2,3,34004KT,13,12
2023-04-02 04:00:00.000,2023,4,2,4,32004KT,13,12
2023-04-02 05:00:00.000,2023,4,2,5,27004KT,13,12
2023-04-02 06:00:00.000,2023,4,2,6,27003KT,13,12
2023-04-02 07:00:00.000,2023,4,2,7,32004KT,13,12
2023-04-02 08:00:00.000,2023,4,2,8,05003KT,13,11
2023-04-02 09:00:00.000,2023,4,2,9,35002KT,12,11
2023-04-02 10:00:00.000,2023,4,2,10,05003KT,12,11
2023-04-02 11:00:00.000,2023,4,2,11,VRB02KT,12,11
2023-04-02 12:00:00.000,2023,4,2,12,12005KT,14,10
2023-04-02 13:00:00.000,2023,4,2,13,08005KT,14,11
2023-04-02 14:00:00.000,2023,4,2,14,06007KT,15,11
2023-04-02 15:00:00.000,2023,4,2,15,07008KT,15,11
2023-04-02 16:00:00.000,2023,4,2,16,10003KT,16,12
2023-04-02 17:00:00.000,2023,4,2,17,18006KT,18,12
2023-04-02 18:00:00.000,2023,4,2,18,11006KT,18,10
2023-04-02 19:00:00.000,2023,4,2,19,09003KT,17,10
2023-04-02 20:00:00.000,2023,4,2,20,06008KT,14,12
2023-04-02 21:00:00.000,2023,4,2,21,07003KT,17,11
2023-04-02 22:00:00.000,2023,4,2,22,14010KT,16,10
2023-04-02 23:00:00.000,2023,4,2,23,12007KT,16,09
2023-04-03 00:00:00.000,2023,4,3,0,11006KT,15,09
2023-04-03 01:00:00.000,2023,4,3,1,12006KT,14,08
2023-04-03 02:00:00.000,2023,4,3,2,09004KT,13,09
2023-04-03 03:00:00.000,2023,4,3,3,08004KT,12,09
2023-04-03 04:00:00.000,2023,4,3,4,04008KT,11,08
2023-04-03 05:00:00.000,2023,4,3,5,09003KT,11,08
2023-04-03 06:00:00.000,2023,4,3,6,03005KT,11,08
2023-04-03 07:00:00.000,2023,4,3,7,07004KT,11,08
2023-04-03 08:00:00.000,2023,4,3,8,05005KT,10,08
2023-04-03 09:00:00.000,2023,4,3,9,06005KT,10,08
2023-04-03 10:00:00.000,2023,4,3,10,VRB02KT,09,08
2023-04-03 11:00:00.000,2023,4,3,11,06004KT,09,08
2023-04-03 12:00:00.000,2023,4,3,12,05005KT,11,09
2023-04-03 13:00:00.000,2023,4,3,13,06008KT,14,09
2023-04-03 14:00:00.000,2023,4,3,14,12008KT,17,07
2023-04-03 15:00:00.000,2023,4,3,15,14013KT,17,08
2023-04-03 16:00:00.000,2023,4,3,16,11010KT,18,08
2023-04-03 17:00:00.000,2023,4,3,17,VRB08KT,20,10
2023-04-03 18:00:00.000,2023,4,3,18,08008KT,19,10
2023-04-03 19:00:00.000,2023,4,3,19,11008KT,18,09
2023-04-03 20:00:00.000,2023,4,3,20,09008KT,19,09
2023-04-03 21:00:00.000,2023,4,3,21,VRB07KT,19,08
2023-04-03 22:00:00.000,2023,4,3,22,05010KT,19,09
2023-04-03 23:00:00.000,2023,4,3,23,04007KT,17,09
2023-04-04 00:00:00.000,2023,4,4,0,03005KT,15,08
2023-04-04 01:00:00.000,2023,4,4,1,06006KT,14,09
2023-04-04 02:00:00.000,2023,4,4,2,07005KT,13,09
2023-04-04 03:00:00.000,2023,4,4,3,05005KT,13,10
2023-04-04 04:00:00.000,2023,4,4,4,05005KT,11,09
2023-04-04 05:00:00.000,2023,4,4,5,05007KT,11,09
2023-04-04 06:00:00.000,2023,4,4,6,06009KT,12,09
2023-04-04 07:00:00.000,2023,4,4,7,05007KT,12,09
2023-04-04 08:00:00.000,2023,4,4,8,05007KT,12,09
2023-04-04 09:00:00.000,2023,4,4,9,07006KT,12,09
2023-04-04 10:00:00.000,2023,4,4,10,07004KT,12,08
2023-04-04 10:30:00.000,2023,4,4,10,04004KT,11,07
2023-04-04 11:00:00.000,2023,4,4,11,02003KT,11,08
2023-04-04 12:00:00.000,2023,4,4,12,06005KT,12,08
2023-04-04 13:00:00.000,2023,4,4,13,06006KT,14,08
2023-04-04 14:00:00.000,2023,4,4,14,09006KT,17,09
2023-04-04 15:00:00.000,2023,4,4,15,11008KT,18,09
2023-04-04 16:00:00.000,2023,4,4,16,12006KT,18,09
2023-04-04 17:00:00.000,2023,4,4,17,09008KT,19,09
2023-04-04 18:00:00.000,2023,4,4,18,05010KT,19,09
2023-04-04 19:00:00.000,2023,4,4,19,09005KT,18,09
2023-04-04 20:00:00.000,2023,4,4,20,17009KT,19,12
2023-04-04 21:00:00.000,2023,4,4,21,24008KT,18,12
2023-04-04 22:00:00.000,2023,4,4,22,25006KT,17,12
2023-04-04 23:00:00.000,2023,4,4,23,28005KT,16,12
2023-04-05 00:00:00.000,2023,4,5,0,34003KT,14,12
2023-04-05 01:00:00.000,2023,4,5,1,34004KT,13,11
2023-04-05 02:00:00.000,2023,4,5,2,35003KT,12,11
2023-04-05 03:00:00.000,2023,4,5,3,VRB02KT,12,11
2023-04-05 04:00:00.000,2023,4,5,4,VRB02KT,12,11
2023-04-05 05:00:00.000,2023,4,5,5,VRB02KT,13,11
2023-04-05 06:00:00.000,2023,4,5,6,VRB02KT,12,11
2023-04-05 07:00:00.000,2023,4,5,7,VRB02KT,13,11
2023-04-05 08:00:00.000,2023,4,5,8,VRB02KT,12,11
2023-04-05 09:00:00.000,2023,4,5,9,35004KT,12,11
2023-04-05 10:00:00.000,2023,4,5,10,03005KT,12,11
2023-04-05 11:00:00.000,2023,4,5,11,04008KT,12,10
2023-04-05 12:00:00.000,2023,4,5,12,04006KT,11,10
2023-04-05 13:00:00.000,2023,4,5,13,06003KT,13,11
2023-04-05 14:00:00.000,2023,4,5,14,07004KT,17,11
2023-04-05 15:00:00.000,2023,4,5,15,02005KT,17,11
2023-04-05 16:00:00.000,2023,4,5,16,05009KT,18,11
2023-04-05 17:00:00.000,2023,4,5,17,15006KT,19,09
2023-04-05 18:00:00.000,2023,4,5,18,20005KT,19,12
2023-04-05 19:00:00.000,2023,4,5,19,24006KT,19,11
2023-04-05 20:00:00.000,2023,4,5,20,27009KT,19,12
2023-04-05 21:00:00.000,2023,4,5,21,29012KT,19,13
2023-04-05 22:00:00.000,2023,4,5,22,32004KT,17,13
2023-04-05 23:00:00.000,2023,4,5,23,15004KT,16,11
2023-04-06 00:00:00.000,2023,4,6,0,VRB02KT,15,10
2023-04-06 01:00:00.000,2023,4,6,1,VRB03KT,16,10
2023-04-06 02:00:00.000,2023,4,6,2,11003KT,13,11
2023-04-06 03:00:00.000,2023,4,6,3,VRB02KT,13,12
2023-04-06 04:00:00.000,2023,4,6,4,VRB02KT,11,11
2023-04-06 05:00:00.000,2023,4,6,5,VRB03KT,12,11
2023-04-06 06:00:00.000,2023,4,6,6,VRB03KT,12,11
2023-04-06 07:00:00.000,2023,4,6,7,VRB02KT,12,11
2023-04-06 08:00:00.000,2023,4,6,8,32003KT,12,11
2023-04-06 09:00:00.000,2023,4,6,9,09002KT,12,11
2023-04-06 10:00:00.000,2023,4,6,10,33003KT,12,12
2023-04-06 11:00:00.000,2023,4,6,11,VRB02KT,12,11
2023-04-06 12:00:00.000,2023,4,6,12,03003KT,13,12
2023-04-06 13:00:00.000,2023,4,6,13,27004KT,14,12
2023-04-06 14:00:00.000,2023,4,6,14,VRB02KT,14,12
2023-04-06 15:00:00.000,2023,4,6,15,25004KT,16,11
2023-04-06 16:00:00.000,2023,4,6,16,26006KT,15,12
2023-04-06 17:00:00.000,2023,4,6,17,26009KT,17,12
2023-04-06 18:00:00.000,2023,4,6,18,28008KT,18,12
2023-04-06 19:00:00.000,2023,4,6,19,28011KT,18,11
2023-04-06 20:00:00.000,2023,4,6,20,31013KT,18,10
2023-04-06 21:00:00.000,2023,4,6,21,24009KT,17,10
2023-04-06 22:00:00.000,2023,4,6,22,30006KT,16,11
2023-04-06 23:00:00.000,2023,4,6,23,31008KT,14,13
2023-04-07 00:00:00.000,2023,4,7,0,30008KT,14,12
2023-04-07 01:00:00.000,2023,4,7,1,31004KT,14,12
2023-04-07 02:00:00.000,2023,4,7,2,31007KT,13,11
2023-04-07 03:00:00.000,2023,4,7,3,26010KT,13,11
2023-04-07 04:00:00.000,2023,4,7,4,25005KT,13,11
2023-04-07 05:00:00.000,2023,4,7,5,26004KT,13,11
2023-04-07 06:00:00.000,2023,4,7,6,VRB02KT,12,11
2023-04-07 07:00:00.000,2023,4,7,7,31003KT,11,11
2023-04-07 08:00:00.000,2023,4,7,8,32003KT,12,11
2023-04-07 09:00:00.000,2023,4,7,9,VRB02KT,11,11
2023-04-07 10:00:00.000,2023,4,7,10,VRB02KT,11,10
2023-04-07 11:00:00.000,2023,4,7,11,29004KT,12,11
2023-04-07 12:00:00.000,2023,4,7,12,02006KT,12,11
2023-04-07 13:00:00.000,2023,4,7,13,03006KT,13,11
2023-04-07 14:00:00.000,2023,4,7,14,02006KT,15,11
2023-04-07 15:00:00.000,2023,4,7,15,VRB02KT,16,11
2023-04-07 16:00:00.000,2023,4,7,16,30005KT,18,12
2023-04-07 17:00:00.000,2023,4,7,17,26006KT,19,12
2023-04-07 18:00:00.000,2023,4,7,18,29011KT,18,11
2023-04-07 19:00:00.000,2023,4,7,19,28011KT,17,12
2023-04-07 20:00:00.000,2023,4,7,20,30009KT,17,11
2023-04-07 21:00:00.000,2023,4,7,21,32008KT,17,12
2023-04-07 22:00:00.000,2023,4,7,22,34008KT,16,12
2023-04-07 23:00:00.000,2023,4,7,23,34006KT,14,12
2023-04-08 00:00:00.000,2023,4,8,0,31007KT,13,11
2023-04-08 01:00:00.000,2023,4,8,1,33003KT,13,11
2023-04-08 02:00:00.000,2023,4,8,2,VRB02KT,12,11
2023-04-08 03:00:00.000,2023,4,8,3,31003KT,12,11
2023-04-08 04:00:00.000,2023,4,8,4,VRB02KT,11,10
2023-04-08 05:00:00.000,2023,4,8,5,35003KT,10,09
2023-04-08 06:00:00.000,2023,4,8,6,VRB02KT,11,10
2023-04-08 07:00:00.000,2023,4,8,7,VRB02KT,10,10
2023-04-08 08:00:00.000,2023,4,8,8,26002KT,11,10
2023-04-08 09:00:00.000,2023,4,8,9,33004KT,11,11
2023-04-08 10:00:00.000,2023,4,8,10,33003KT,11,11
2023-04-08 11:00:00.000,2023,4,8,11,32003KT,12,11
2023-04-08 12:00:00.000,2023,4,8,12,VRB02KT,12,11
2023-04-08 13:00:00.000,2023,4,8,13,00000KT,13,12
2023-04-08 14:00:00.000,2023,4,8,14,33003KT,14,12
2023-04-08 15:00:00.000,2023,4,8,15,34005KT,15,11
2023-04-08 16:00:00.000,2023,4,8,16,32004KT,17,11
2023-04-08 17:00:00.000,2023,4,8,17,30004KT,18,11
2023-04-08 18:00:00.000,2023,4,8,18,28008KT,16,13
2023-04-08 19:00:00.000,2023,4,8,19,25006KT,17,11
2023-04-08 20:00:00.000,2023,4,8,20,24007KT,17,12
2023-04-08 21:00:00.000,2023,4,8,21,26006KT,18,11
2023-04-08 22:00:00.000,2023,4,8,22,VRB02KT,18,12
2023-04-08 23:00:00.000,2023,4,8,23,03004KT,15,11
2023-04-09 00:00:00.000,2023,4,9,0,06004KT,14,11
2023-04-09 01:00:00.000,2023,4,9,1,04004KT,12,11
2023-04-09 02:00:00.000,2023,4,9,2,03003KT,11,10
2023-04-09 03:00:00.000,2023,4,9,3,VRB02KT,12,11
2023-04-09 04:00:00.000,2023,4,9,4,VRB02KT,12,11
2023-04-09 05:00:00.000,2023,4,9,5,01003KT,10,10
2023-04-09 06:00:00.000,2023,4,9,6,05003KT,11,10
2023-04-09 07:00:00.000,2023,4,9,7,VRB02KT,11,11
2023-04-09 08:00:00.000,2023,4,9,8,31003KT,12,10
2023-04-09 09:00:00.000,2023,4,9,9,04003KT,11,10
2023-04-09 10:00:00.000,2023,4,9,10,05004KT,10,09
2023-04-09 10:29:00.000,2023,4,9,10,07003KT,10,09
2023-04-09 11:00:00.000,2023,4,9,11,VRB02KT,10,10
2023-04-09 12:00:00.000,2023,4,9,12,VRB02KT,11,10
2023-04-09 13:00:00.000,2023,4,9,13,05006KT,15,10
2023-04-09 14:00:00.000,2023,4,9,14,05008KT,17,10
2023-04-09 15:00:00.000,2023,4,9,15,13008KT,19,09
2023-04-09 16:00:00.000,2023,4,9,16,10009KT,17,09
2023-04-09 17:00:00.000,2023,4,9,17,28010KT,15,12
2023-04-09 18:00:00.000,2023,4,9,18,07007KT,18,12
2023-04-09 19:00:00.000,2023,4,9,19,09006KT,17,10
2023-04-09 20:00:00.000,2023,4,9,20,12003KT,17,10
2023-04-09 21:00:00.000,2023,4,9,21,11004KT,19,10
2023-04-09 22:00:00.000,2023,4,9,22,VRB02KT,18,10
2023-04-09 23:00:00.000,2023,4,9,23,14003KT,18,09
2023-04-10 00:00:00.000,2023,4,10,0,12004KT,16,10
2023-04-10 01:00:00.000,2023,4,10,1,00000KT,14,09
2023-04-10 02:00:00.000,2023,4,10,2,03003KT,11,10
2023-04-10 03:00:00.000,2023,4,10,3,03003KT,11,10
2023-04-10 04:00:00.000,2023,4,10,4,05004KT,11,09
2023-04-10 05:00:00.000,2023,4,10,5,05004KT,11,10
2023-04-10 06:00:00.000,2023,4,10,6,05005KT,11,10
2023-04-10 07:00:00.000,2023,4,10,7,05005KT,11,10
2023-04-10 08:00:00.000,2023,4,10,8,04006KT,10,09
2023-04-10 09:00:00.000,2023,4,10,9,04004KT,10,09
2023-04-10 10:00:00.000,2023,4,10,10,04005KT,09,09
2023-04-10 11:00:00.000,2023,4,10,11,02005KT,09,08
2023-04-10 12:00:00.000,2023,4,10,12,04004KT,11,09
2023-04-10 13:00:00.000,2023,4,10,13,06004KT,13,10
2023-04-10 14:00:00.000,2023,4,10,14,03007KT,15,11
2023-04-10 15:00:00.000,2023,4,10,15,06009KT,17,10
2023-04-10 16:00:00.000,2023,4,10,16,16011KT,17,09
2023-04-10 17:00:00.000,2023,4,10,17,07007KT,18,10
2023-04-10 18:00:00.000,2023,4,10,18,06005KT,18,10
2023-04-10 19:00:00.000,2023,4,10,19,07008KT,18,11
2023-04-10 19:01:00.000,2023,4,10,19,07008KT,18,11
2023-04-10 20:00:00.000,2023,4,10,20,09008KT,19,10
2023-04-10 21:00:00.000,2023,4,10,21,07009KT,18,10
2023-04-10 22:00:00.000,2023,4,10,22,24009KT,17,12
2023-04-10 23:00:00.000,2023,4,10,23,32004KT,16,12
2023-04-11 00:00:00.000,2023,4,11,0,VRB02KT,13,12
2023-04-11 01:00:00.000,2023,4,11,1,34004KT,13,12
2023-04-11 02:00:00.000,2023,4,11,2,03003KT,13,11
2023-04-11 03:00:00.000,2023,4,11,3,33004KT,12,10
2023-04-11 04:00:00.000,2023,4,11,4,03004KT,11,10
2023-04-11 05:00:00.000,2023,4,11,5,06005KT,10,09
2023-04-11 06:00:00.000,2023,4,11,6,05005KT,10,09
2023-04-11 07:00:00.000,2023,4,11,7,03003KT,10,09
2023-04-11 08:00:00.000,2023,4,11,8,08003KT,10,10
2023-04-11 09:00:00.000,2023,4,11,9,04004KT,10,09
2023-04-11 10:00:00.000,2023,4,11,10,04003KT,11,10
2023-04-11 10:30:00.000,2023,4,11,10,06006KT,12,10
2023-04-11 11:00:00.000,2023,4,11,11,05006KT,11,10
2023-04-11 12:00:00.000,2023,4,11,12,07007KT,13,10
2023-04-11 13:00:00.000,2023,4,11,13,08006KT,15,10
2023-04-11 14:00:00.000,2023,4,11,14,VRB02KT,16,10
2023-04-11 15:00:00.000,2023,4,11,15,06004KT,17,10
2023-04-11 16:00:00.000,2023,4,11,16,VRB02KT,18,10
2023-04-11 17:00:00.000,2023,4,11,17,12007KT,20,10
2023-04-11 18:00:00.000,2023,4,11,18,30006KT,18,11
2023-04-11 19:00:00.000,2023,4,11,19,31011KT,17,13
2023-04-11 20:00:00.000,2023,4,11,20,28011KT,17,12
2023-04-11 21:00:00.000,2023,4,11,21,25010KT,17,12
2023-04-11 22:00:00.000,2023,4,11,22,24008KT,17,11
2023-04-11 23:00:00.000,2023,4,11,23,25006KT,16,11
2023-04-12 00:00:00.000,2023,4,12,0,34004KT,13,10
2023-04-12 01:00:00.000,2023,4,12,1,35003KT,12,10
2023-04-12 02:00:00.000,2023,4,12,2,VRB02KT,12,10
2023-04-12 03:00:00.000,2023,4,12,3,04003KT,13,10
2023-04-12 04:00:00.000,2023,4,12,4,02003KT,13,10
2023-04-12 05:00:00.000,2023,4,12,5,36003KT,13,11
2023-04-12 06:00:00.000,2023,4,12,6,01003KT,13,11
2023-04-12 07:00:00.000,2023,4,12,7,05005KT,13,11
2023-04-12 08:00:00.000,2023,4,12,8,VRB02KT,12,11
2023-04-12 09:00:00.000,2023,4,12,9,05006KT,13,11
2023-04-12 10:00:00.000,2023,4,12,10,02004KT,11,10
2023-04-12 11:00:00.000,2023,4,12,11,06003KT,11,10
2023-04-12 12:00:00.000,2023,4,12,12,05003KT,13,11
2023-04-12 13:00:00.000,2023,4,12,13,36003KT,14,11
2023-04-12 14:00:00.000,2023,4,12,14,VRB02KT,14,12
2023-04-12 15:00:00.000,2023,4,12,15,02003KT,14,12
2023-04-12 16:00:00.000,2023,4,12,16,VRB02KT,16,12
2023-04-12 17:00:00.000,2023,4,12,17,07005KT,17,11
2023-04-12 18:00:00.000,2023,4,12,18,08007KT,19,10
2023-04-12 19:00:00.000,2023,4,12,19,13010KT,18,10
2023-04-12 20:00:00.000,2023,4,12,20,15010KT,19,10
2023-04-12 21:00:00.000,2023,4,12,21,07004KT,19,10
2023-04-12 22:00:00.000,2023,4,12,22,03005KT,18,10
2023-04-12 23:00:00.000,2023,4,12,23,VRB02KT,16,10
2023-04-13 00:00:00.000,2023,4,13,0,32005KT,14,12
2023-04-13 01:00:00.000,2023,4,13,1,29004KT,14,12
2023-04-13 02:00:00.000,2023,4,13,2,05003KT,13,12
2023-04-13 03:00:00.000,2023,4,13,3,VRB02KT,11,10
2023-04-13 04:00:00.000,2023,4,13,4,33003KT,11,11
2023-04-13 05:00:00.000,2023,4,13,5,34004KT,11,10
2023-04-13 06:00:00.000,2023,4,13,6,VRB02KT,11,10
2023-04-13 07:00:00.000,2023,4,13,7,00000KT,12,11
2023-04-13 08:00:00.000,2023,4,13,8,33003KT,12,11
2023-04-13 09:00:00.000,2023,4,13,9,28005KT,11,10
2023-04-13 10:00:00.000,2023,4,13,10,04005KT,11,10
2023-04-13 10:30:00.000,2023,4,13,10,05006KT,12,10
2023-04-13 11:00:00.000,2023,4,13,11,05005KT,12,10
2023-04-13 12:00:00.000,2023,4,13,12,06006KT,13,10
2023-04-13 13:00:00.000,2023,4,13,13,04007KT,14,10
2023-04-13 14:00:00.000,2023,4,13,14,06007KT,16,09
2023-04-13 15:00:00.000,2023,4,13,15,11008KT,18,06
2023-04-13 16:00:00.000,2023,4,13,16,15014KT,20,06
2023-04-13 17:00:00.000,2023,4,13,17,14012KT,21,07
2023-04-13 18:00:00.000,2023,4,13,18,04005KT,21,07
2023-04-13 19:00:00.000,2023,4,13,19,05005KT,21,09
2023-04-13 20:00:00.000,2023,4,13,20,32009KT,18,13
2023-04-13 21:00:00.000,2023,4,13,21,31004KT,17,13
2023-04-13 22:00:00.000,2023,4,13,22,11004KT,17,11
2023-04-13 23:00:00.000,2023,4,13,23,04005KT,16,11
2023-04-14 00:00:00.000,2023,4,14,0,03006KT,15,10
2023-04-14 01:00:00.000,2023,4,14,1,03007KT,14,10
2023-04-14 02:00:00.000,2023,4,14,2,06005KT,13,10
2023-04-14 03:00:00.000,2023,4,14,3,04005KT,12,09
2023-04-14 04:00:00.000,2023,4,14,4,04006KT,11,08
2023-04-14 05:00:00.000,2023,4,14,5,03003KT,11,08
2023-04-14 06:00:00.000,2023,4,14,6,06003KT,11,08
2023-04-14 07:00:00.000,2023,4,14,7,04004KT,11,08
2023-04-14 08:00:00.000,2023,4,14,8,VRB02KT,10,07
2023-04-14 09:00:00.000,2023,4,14,9,VRB02KT,09,08
2023-04-14 10:00:00.000,2023,4,14,10,VRB02KT,11,08
2023-04-14 11:00:00.000,2023,4,14,11,34004KT,10,08
2023-04-14 12:00:00.000,2023,4,14,12,VRB02KT,13,08
2023-04-14 13:00:00.000,2023,4,14,13,07005KT,14,10
2023-04-14 14:00:00.000,2023,4,14,14,07004KT,16,06
2023-04-14 15:00:00.000,2023,4,14,15,04007KT,18,09
2023-04-14 16:00:00.000,2023,4,14,16,09006KT,20,08
2023-04-14 17:00:00.000,2023,4,14,17,05007KT,21,07
2023-04-14 18:00:00.000,2023,4,14,18,VRB02KT,20,08
2023-04-14 19:00:00.000,2023,4,14,19,20010KT,19,08
2023-04-14 20:00:00.000,2023,4,14,20,24009KT,17,12
2023-04-14 21:00:00.000,2023,4,14,21,31007KT,18,12
2023-04-14 22:00:00.000,2023,4,14,22,29006KT,17,12
2023-04-14 23:00:00.000,2023,4,14,23,23005KT,16,12
2023-04-15 00:00:00.000,2023,4,15,0,23003KT,16,12
2023-04-15 01:00:00.000,2023,4,15,1,VRB02KT,13,12
2023-04-15 02:00:00.000,2023,4,15,2,30004KT,14,11
2023-04-15 03:00:00.000,2023,4,15,3,35004KT,11,11
2023-04-15 04:00:00.000,2023,4,15,4,02004KT,11,10
2023-04-15 05:00:00.000,2023,4,15,5,02003KT,12,09
2023-04-15 06:00:00.000,2023,4,15,6,VRB02KT,11,09
2023-04-15 07:00:00.000,2023,4,15,7,03004KT,10,08
2023-04-15 08:00:00.000,2023,4,15,8,04006KT,10,08
2023-04-15 09:00:00.000,2023,4,15,9,03006KT,09,08
2023-04-15 10:00:00.000,2023,4,15,10,04006KT,10,08
2023-04-15 11:00:00.000,2023,4,15,11,06007KT,10,08
2023-04-15 12:00:00.000,2023,4,15,12,04005KT,12,08
2023-04-15 13:00:00.000,2023,4,15,13,06004KT,14,08
2023-04-15 14:00:00.000,2023,4,15,14,07004KT,16,09
2023-04-15 15:00:00.000,2023,4,15,15,03005KT,18,10
2023-04-15 16:00:00.000,2023,4,15,16,15015KT,19,07
2023-04-15 17:00:00.000,2023,4,15,17,17010KT,20,08
2023-04-15 18:00:00.000,2023,4,15,18,16011KT,19,09
2023-04-15 19:00:00.000,2023,4,15,19,13007KT,19,09
2023-04-15 20:00:00.000,2023,4,15,20,VRB02KT,19,10
2023-04-15 21:00:00.000,2023,4,15,21,08005KT,20,10
2023-04-15 22:00:00.000,2023,4,15,22,09006KT,19,10
2023-04-15 23:00:00.000,2023,4,15,23,10006KT,18,10
2023-04-16 00:00:00.000,2023,4,16,0,26004KT,17,10
2023-04-16 01:00:00.000,2023,4,16,1,24006KT,14,12
2023-04-16 02:00:00.000,2023,4,16,2,VRB02KT,12,12
2023-04-16 03:00:00.000,2023,4,16,3,05002KT,12,11
2023-04-16 04:00:00.000,2023,4,16,4,01002KT,10,10
2023-04-16 05:00:00.000,2023,4,16,5,VRB02KT,12,12
2023-04-16 06:00:00.000,2023,4,16,6,33003KT,10,09
2023-04-16 07:00:00.000,2023,4,16,7,05006KT,12,11
2023-04-16 08:00:00.000,2023,4,16,8,00000KT,11,10
2023-04-16 09:00:00.000,2023,4,16,9,VRB02KT,10,10
2023-04-16 10:00:00.000,2023,4,16,10,06004KT,11,10
2023-04-16 11:00:00.000,2023,4,16,11,36003KT,10,09
2023-04-16 12:00:00.000,2023,4,16,12,33004KT,10,10
2023-04-16 13:00:00.000,2023,4,16,13,33003KT,13,11
2023-04-16 14:00:00.000,2023,4,16,14,04007KT,14,11
2023-04-16 15:00:00.000,2023,4,16,15,33003KT,16,11
2023-04-16 16:00:00.000,2023,4,16,16,32003KT,16,11
2023-04-16 17:00:00.000,2023,4,16,17,04003KT,15,12
2023-04-16 18:00:00.000,2023,4,16,18,24006KT,15,13
2023-04-16 19:00:00.000,2023,4,16,19,26007KT,14,13
2023-04-16 20:00:00.000,2023,4,16,20,25008KT,14,12
2023-04-16 21:00:00.000,2023,4,16,21,23006KT,14,11
2023-04-16 22:00:00.000,2023,4,16,22,16010KT,14,12
2023-04-16 23:00:00.000,2023,4,16,23,23004KT,14,12
2023-04-17 00:00:00.000,2023,4,17,0,VRB02KT,13,12
2023-04-17 01:00:00.000,2023,4,17,1,VRB02KT,13,12
2023-04-17 02:00:00.000,2023,4,17,2,VRB02KT,13,12
2023-04-17 03:00:00.000,2023,4,17,3,VRB02KT,13,12
2023-04-17 04:00:00.000,2023,4,17,4,VRB02KT,13,12
2023-04-17 04:18:00.000,2023,4,17,4,05004KT,12,12
2023-04-17 05:00:00.000,2023,4,17,5,07004KT,12,11
2023-04-17 06:00:00.000,2023,4,17,6,VRB02KT,11,11
2023-04-17 07:00:00.000,2023,4,17,7,VRB02KT,11,10
2023-04-17 08:00:00.000,2023,4,17,8,VRB02KT,12,11
2023-04-17 09:00:00.000,2023,4,17,9,VRB02KT,11,11
2023-04-17 10:00:00.000,2023,4,17,10,04004KT,11,10
2023-04-17 10:30:00.000,2023,4,17,10,04004KT,11,10
2023-04-17 11:00:00.000,2023,4,17,11,05004KT,11,11
2023-04-17 12:00:00.000,2023,4,17,12,06003KT,11,11
2023-04-17 13:00:00.000,2023,4,17,13,04004KT,12,11
2023-04-17 14:00:00.000,2023,4,17,14,03004KT,13,11
2023-04-17 15:00:00.000,2023,4,17,15,VRB02KT,16,11
2023-04-17 16:00:00.000,2023,4,17,16,21004KT,17,11
2023-04-17 17:00:00.000,2023,4,17,17,31004KT,19,10
2023-04-17 18:00:00.000,2023,4,17,18,28005KT,21,11
2023-04-17 19:00:00.000,2023,4,17,19,28014KT,20,13
2023-04-17 19:11:00.000,2023,4,17,19,30015KT,19,12
2023-04-17 20:00:00.000,2023,4,17,20,30010KT,17,12
2023-04-17 21:00:00.000,2023,4,17,21,01008KT,15,13
2023-04-17 22:00:00.000,2023,4,17,22,VRB02KT,13,11
2023-04-17 23:00:00.000,2023,4,17,23,VRB02KT,13,12
2023-04-18 00:00:00.000,2023,4,18,0,VRB02KT,13,11
2023-04-18 01:00:00.000,2023,4,18,1,VRB02KT,13,11
2023-04-18 02:00:00.000,2023,4,18,2,33005KT,13,12
2023-04-18 03:00:00.000,2023,4,18,3,32005KT,12,11
2023-04-18 04:00:00.000,2023,4,18,4,25003KT,12,11
2023-04-18 05:00:00.000,2023,4,18,5,18005KT,12,11
2023-04-18 06:00:00.000,2023,4,18,6,20003KT,12,11
2023-04-18 07:00:00.000,2023,4,18,7,VRB02KT,12,11
2023-04-18 08:00:00.000,2023,4,18,8,VRB02KT,12,11
2023-04-18 09:00:00.000,2023,4,18,9,VRB02KT,12,11
2023-04-18 10:00:00.000,2023,4,18,10,VRB02KT,12,11
2023-04-18 11:00:00.000,2023,4,18,11,VRB02KT,12,11
2023-04-18 12:00:00.000,2023,4,18,12,VRB02KT,12,11
2023-04-18 13:00:00.000,2023,4,18,13,VRB02KT,13,11
2023-04-18 14:00:00.000,2023,4,18,14,VRB02KT,15,11
2023-04-18 15:00:00.000,2023,4,18,15,35005KT,16,11
2023-04-18 16:00:00.000,2023,4,18,16,35005KT,16,11
2023-04-18 17:00:00.000,2023,4,18,17,31005KT,18,12
2023-04-18 18:00:00.000,2023,4,18,18,31008KT,18,12
2023-04-18 19:00:00.000,2023,4,18,19,29011KT,18,12
2023-04-18 20:00:00.000,2023,4,18,20,30011KT,19,12
2023-04-18 21:00:00.000,2023,4,18,21,27010KT,18,12
2023-04-18 22:00:00.000,2023,4,18,22,29009KT,18,12
2023-04-18 23:00:00.000,2023,4,18,23,31010KT,15,12
2023-04-19 00:00:00.000,2023,4,19,0,31007KT,14,12
2023-04-19 01:00:00.000,2023,4,19,1,VRB02KT,14,11
2023-04-19 02:00:00.000,2023,4,19,2,VRB02KT,13,11
2023-04-19 03:00:00.000,2023,4,19,3,VRB02KT,13,11
2023-04-19 04:00:00.000,2023,4,19,4,VRB02KT,10,10
2023-04-19 05:00:00.000,2023,4,19,5,VRB02KT,11,11
2023-04-19 06:00:00.000,2023,4,19,6,VRB02KT,09,09
2023-04-19 07:00:00.000,2023,4,19,7,VRB02KT,09,09
2023-04-19 08:00:00.000,2023,4,19,8,33003KT,08,08
2023-04-19 09:00:00.000,2023,4,19,9,33003KT,08,07
2023-04-19 10:00:00.000,2023,4,19,10,VRB02KT,08,08
2023-04-19 11:00:00.000,2023,4,19,11,VRB02KT,08,08
2023-04-19 12:00:00.000,2023,4,19,12,VRB02KT,08,07
2023-04-19 13:00:00.000,2023,4,19,13,VRB02KT,11,11
2023-04-19 14:00:00.000,2023,4,19,14,06004KT,16,12
2023-04-19 15:00:00.000,2023,4,19,15,07004KT,18,11
2023-04-19 16:00:00.000,2023,4,19,16,11003KT,19,11
2023-04-19 17:00:00.000,2023,4,19,17,24007KT,19,14
2023-04-19 18:00:00.000,2023,4,19,18,30008KT,18,13
2023-04-19 19:00:00.000,2023,4,19,19,24012KT,19,13
2023-04-19 20:00:00.000,2023,4,19,20,26010KT,19,13
2023-04-19 21:00:00.000,2023,4,19,21,29011KT,18,13
2023-04-19 22:00:00.000,2023,4,19,22,28006KT,18,13
2023-04-19 23:00:00.000,2023,4,19,23,29006KT,16,11
2023-04-20 00:00:00.000,2023,4,20,0,33003KT,15,11
2023-04-20 01:00:00.000,2023,4,20,1,34003KT,14,11
2023-04-20 02:00:00.000,2023,4,20,2,VRB02KT,12,11
2023-04-20 03:00:00.000,2023,4,20,3,VRB02KT,12,11
2023-04-20 04:00:00.000,2023,4,20,4,VRB02KT,12,11
2023-04-20 05:00:00.000,2023,4,20,5,VRB02KT,13,11
2023-04-20 06:00:00.000,2023,4,20,6,01003KT,12,11
2023-04-20 07:00:00.000,2023,4,20,7,VRB02KT,12,11
2023-04-20 08:00:00.000,2023,4,20,8,VRB02KT,12,11
2023-04-20 09:00:00.000,2023,4,20,9,VRB02KT,11,10
2023-04-20 10:00:00.000,2023,4,20,10,VRB02KT,11,10
2023-04-20 11:00:00.000,2023,4,20,11,03003KT,11,10
2023-04-20 12:00:00.000,2023,4,20,12,07004KT,13,11
2023-04-20 13:00:00.000,2023,4,20,13,09003KT,15,11
2023-04-20 14:00:00.000,2023,4,20,14,10003KT,16,11
2023-04-20 15:00:00.000,2023,4,20,15,14005KT,18,10
2023-04-20 16:00:00.000,2023,4,20,16,09004KT,20,10
2023-04-20 17:00:00.000,2023,4,20,17,13004KT,20,10
2023-04-20 18:00:00.000,2023,4,20,18,30010KT,18,13
2023-04-20 19:00:00.000,2023,4,20,19,26009KT,16,14
2023-04-20 20:00:00.000,2023,4,20,20,21006KT,16,14
2023-04-20 21:00:00.000,2023,4,20,21,25007KT,17,13
2023-04-20 22:00:00.000,2023,4,20,22,25007KT,16,13
2023-04-20 23:00:00.000,2023,4,20,23,VRB04KT,16,13
2023-04-21 00:00:00.000,2023,4,21,0,24006KT,14,13
2023-04-21 01:00:00.000,2023,4,21,1,VRB02KT,13,12
2023-04-21 02:00:00.000,2023,4,21,2,VRB02KT,13,12
2023-04-21 03:00:00.000,2023,4,21,3,VRB02KT,13,12
2023-04-21 04:00:00.000,2023,4,21,4,VRB02KT,13,12
2023-04-21 05:00:00.000,2023,4,21,5,33004KT,13,12
2023-04-21 06:00:00.000,2023,4,21,6,VRB02KT,13,12
2023-04-21 07:00:00.000,2023,4,21,7,33003KT,13,12
2023-04-21 08:00:00.000,2023,4,21,8,32003KT,13,12
2023-04-21 09:00:00.000,2023,4,21,9,VRB02KT,13,12
2023-04-21 10:00:00.000,2023,4,21,10,28004KT,13,12
2023-04-21 11:00:00.000,2023,4,21,11,VRB02KT,13,12
2023-04-21 12:00:00.000,2023,4,21,12,27005KT,13,11
2023-04-21 13:00:00.000,2023,4,21,13,29005KT,12,11
2023-04-21 14:00:00.000,2023,4,21,14,VRB02KT,12,11
2023-04-21 15:00:00.000,2023,4,21,15,VRB02KT,14,12
2023-04-21 16:00:00.000,2023,4,21,16,VRB04KT,16,12
2023-04-21 17:00:00.000,2023,4,21,17,23005KT,16,12
2023-04-21 18:00:00.000,2023,4,21,18,25005KT,16,12
2023-04-21 19:00:00.000,2023,4,21,19,24009KT,16,11
2023-04-21 20:00:00.000,2023,4,21,20,22007KT,17,11
2023-04-21 21:00:00.000,2023,4,21,21,24008KT,16,12
2023-04-21 22:00:00.000,2023,4,21,22,24008KT,15,11
2023-04-21 23:00:00.000,2023,4,21,23,30004KT,14,11
2023-04-22 00:00:00.000,2023,4,22,0,25005KT,14,11
2023-04-22 01:00:00.000,2023,4,22,1,27004KT,14,11
2023-04-22 02:00:00.000,2023,4,22,2,VRB02KT,14,11
2023-04-22 03:00:00.000,2023,4,22,3,27003KT,13,12
2023-04-22 04:00:00.000,2023,4,22,4,23003KT,14,11
2023-04-22 05:00:00.000,2023,4,22,5,28003KT,13,10
2023-04-22 06:00:00.000,2023,4,22,6,28003KT,13,11
2023-04-22 07:00:00.000,2023,4,22,7,33005KT,12,11
2023-04-22 08:00:00.000,2023,4,22,8,VRB02KT,11,10
2023-04-22 09:00:00.000,2023,4,22,9,32004KT,11,10
2023-04-22 10:00:00.000,2023,4,22,10,VRB02KT,12,10
2023-04-22 11:00:00.000,2023,4,22,11,VRB02KT,11,09
2023-04-22 12:00:00.000,2023,4,22,12,34003KT,11,10
2023-04-22 13:00:00.000,2023,4,22,13,35003KT,13,10
2023-04-22 14:00:00.000,2023,4,22,14,VRB02KT,14,11
2023-04-22 15:00:00.000,2023,4,22,15,31003KT,15,10
2023-04-22 16:00:00.000,2023,4,22,16,30005KT,15,11
2023-04-22 17:00:00.000,2023,4,22,17,29007KT,17,11
2023-04-22 18:00:00.000,2023,4,22,18,25009KT,17,11
2023-04-22 19:00:00.000,2023,4,22,19,29007KT,17,11
2023-04-22 20:00:00.000,2023,4,22,20,32008KT,15,12
2023-04-22 21:00:00.000,2023,4,22,21,31006KT,16,12
2023-04-22 22:00:00.000,2023,4,22,22,33007KT,16,12
2023-04-22 23:00:00.000,2023,4,22,23,33007KT,14,12
2023-04-23 00:00:00.000,2023,4,23,0,31007KT,14,12
2023-04-23 01:00:00.000,2023,4,23,1,30007KT,13,12
2023-04-23 02:00:00.000,2023,4,23,2,30007KT,14,11
2023-04-23 03:00:00.000,2023,4,23,3,32003KT,14,11
2023-04-23 04:00:00.000,2023,4,23,4,28003KT,14,12
2023-04-23 05:00:00.000,2023,4,23,5,27003KT,13,11
2023-04-23 06:00:00.000,2023,4,23,6,36003KT,12,11
2023-04-23 07:00:00.000,2023,4,23,7,VRB02KT,12,11
2023-04-23 08:00:00.000,2023,4,23,8,VRB02KT,13,11
2023-04-23 09:00:00.000,2023,4,23,9,VRB02KT,12,11
2023-04-23 10:00:00.000,2023,4,23,10,31006KT,12,11
2023-04-23 11:00:00.000,2023,4,23,11,VRB02KT,12,11
2023-04-23 12:00:00.000,2023,4,23,12,VRB02KT,12,12
2023-04-23 13:00:00.000,2023,4,23,13,VRB02KT,14,12
2023-04-23 14:00:00.000,2023,4,23,14,05003KT,16,12
2023-04-23 15:00:00.000,2023,4,23,15,31003KT,17,11
2023-04-23 16:00:00.000,2023,4,23,16,34004KT,18,11
2023-04-23 17:00:00.000,2023,4,23,17,33006KT,18,10
2023-04-23 18:00:00.000,2023,4,23,18,25010KT,16,12
2023-04-23 19:00:00.000,2023,4,23,19,24012KT,18,12
2023-04-23 20:00:00.000,2023,4,23,20,28013KT,18,10
2023-04-23 21:00:00.000,2023,4,23,21,24009KT,17,11
2023-04-23 22:00:00.000,2023,4,23,22,26007KT,15,11
2023-04-23 23:00:00.000,2023,4,23,23,32005KT,14,12
2023-04-24 00:00:00.000,2023,4,24,0,32004KT,13,12
2023-04-24 01:00:00.000,2023,4,24,1,29004KT,14,11
2023-04-24 02:00:00.000,2023,4,24,2,34004KT,12,11
2023-04-24 03:00:00.000,2023,4,24,3,31004KT,13,11
2023-04-24 04:00:00.000,2023,4,24,4,31003KT,13,11
2023-04-24 05:00:00.000,2023,4,24,5,24003KT,13,11
2023-04-24 06:00:00.000,2023,4,24,6,VRB02KT,12,11
2023-04-24 07:00:00.000,2023,4,24,7,VRB02KT,11,11
2023-04-24 08:00:00.000,2023,4,24,8,VRB02KT,12,11
2023-04-24 09:00:00.000,2023,4,24,9,VRB02KT,11,11
2023-04-24 10:00:00.000,2023,4,24,10,VRB02KT,12,11
2023-04-24 10:30:00.000,2023,4,24,10,VRB02KT,12,11
2023-04-24 11:00:00.000,2023,4,24,11,VRB02KT,12,11
2023-04-24 12:00:00.000,2023,4,24,12,34004KT,13,12
2023-04-24 13:00:00.000,2023,4,24,13,36003KT,14,12
2023-04-24 14:00:00.000,2023,4,24,14,VRB02KT,16,11
2023-04-24 15:00:00.000,2023,4,24,15,32004KT,17,11
2023-04-24 16:00:00.000,2023,4,24,16,25010KT,15,12
2023-04-24 17:00:00.000,2023,4,24,17,25008KT,16,12
2023-04-24 17:18:00.000,2023,4,24,17,27008KT,16,12
2023-04-24 18:00:00.000,2023,4,24,18,27008KT,15,12
2023-04-24 19:00:00.000,2023,4,24,19,33005KT,15,13
2023-04-24 20:00:00.000,2023,4,24,20,25007KT,16,12
2023-04-24 21:00:00.000,2023,4,24,21,28007KT,16,12
2023-04-24 22:00:00.000,2023,4,24,22,28009KT,16,11
2023-04-24 23:00:00.000,2023,4,24,23,30006KT,15,11
2023-04-25 00:00:00.000,2023,4,25,0,31003KT,14,11
2023-04-25 01:00:00.000,2023,4,25,1,VRB02KT,13,11
2023-04-25 02:00:00.000,2023,4,25,2,VRB02KT,13,12
2023-04-25 03:00:00.000,2023,4,25,3,VRB02KT,12,12
2023-04-25 04:00:00.000,2023,4,25,4,VRB02KT,13,12
2023-04-25 05:00:00.000,2023,4,25,5,VRB02KT,12,12
2023-04-25 06:00:00.000,2023,4,25,6,34003KT,12,11
2023-04-25 07:00:00.000,2023,4,25,7,VRB02KT,11,11
2023-04-25 08:00:00.000,2023,4,25,8,28003KT,12,11
2023-04-25 09:00:00.000,2023,4,25,9,VRB02KT,10,10
2023-04-25 10:00:00.000,2023,4,25,10,34003KT,10,10
2023-04-25 11:00:00.000,2023,4,25,11,03003KT,10,10
2023-04-25 12:00:00.000,2023,4,25,12,04004KT,11,11
2023-04-25 13:00:00.000,2023,4,25,13,VRB02KT,13,12
2023-04-25 14:00:00.000,2023,4,25,14,VRB02KT,15,12
2023-04-25 15:00:00.000,2023,4,25,15,VRB02KT,17,11
2023-04-25 16:00:00.000,2023,4,25,16,28004KT,19,11
2023-04-25 17:00:00.000,2023,4,25,17,36004KT,20,10
2023-04-25 18:00:00.000,2023,4,25,18,25008KT,18,12
2023-04-25 19:00:00.000,2023,4,25,19,29008KT,16,12
2023-04-25 19:28:00.000,2023,4,25,19,33007KT,13,12
2023-04-25 20:00:00.000,2023,4,25,20,33011KT,14,12
2023-04-25 21:00:00.000,2023,4,25,21,23008KT,14,12
2023-04-25 22:00:00.000,2023,4,25,22,21004KT,15,11
2023-04-25 23:00:00.000,2023,4,25,23,23004KT,15,11
2023-04-26 00:00:00.000,2023,4,26,0,VRB02KT,15,10
2023-04-26 01:00:00.000,2023,4,26,1,VRB02KT,14,11
2023-04-26 02:00:00.000,2023,4,26,2,VRB02KT,13,12
2023-04-26 03:00:00.000,2023,4,26,3,VRB02KT,12,12
2023-04-26 04:00:00.000,2023,4,26,4,VRB02KT,12,12
2023-04-26 05:00:00.000,2023,4,26,5,01003KT,12,12
2023-04-26 06:00:00.000,2023,4,26,6,VRB02KT,12,12
2023-04-26 07:00:00.000,2023,4,26,7,13003KT,12,12
2023-04-26 08:00:00.000,2023,4,26,8,VRB02KT,12,11
2023-04-26 09:00:00.000,2023,4,26,9,VRB02KT,11,11
2023-04-26 10:00:00.000,2023,4,26,10,05004KT,11,11
2023-04-26 11:00:00.000,2023,4,26,11,VRB02KT,12,11
2023-04-26 12:00:00.000,2023,4,26,12,04004KT,13,11
2023-04-26 13:00:00.000,2023,4,26,13,05004KT,14,12
2023-04-26 14:00:00.000,2023,4,26,14,03006KT,14,12
2023-04-26 15:00:00.000,2023,4,26,15,04009KT,14,11
2023-04-26 16:00:00.000,2023,4,26,16,04007KT,14,12
2023-04-26 17:00:00.000,2023,4,26,17,02003KT,14,12
2023-04-26 18:00:00.000,2023,4,26,18,08004KT,15,10
2023-04-26 19:00:00.000,2023,4,26,19,02003KT,15,12
2023-04-26 20:00:00.000,2023,4,26,20,01004KT,17,11
2023-04-26 21:00:00.000,2023,4,26,21,05004KT,16,11
2023-04-26 22:00:00.000,2023,4,26,22,02003KT,17,11
2023-04-26 23:00:00.000,2023,4,26,23,VRB02KT,17,10
2023-04-27 00:00:00.000,2023,4,27,0,24005KT,15,12
2023-04-27 01:00:00.000,2023,4,27,1,VRB02KT,14,12
2023-04-27 02:00:00.000,2023,4,27,2,35002KT,12,11
2023-04-27 03:00:00.000,2023,4,27,3,VRB02KT,11,11
2023-04-27 04:00:00.000,2023,4,27,4,05003KT,11,10
2023-04-27 05:00:00.000,2023,4,27,5,VRB02KT,11,10
2023-04-27 06:00:00.000,2023,4,27,6,30003KT,11,10
2023-04-27 07:00:00.000,2023,4,27,7,VRB02KT,11,10
2023-04-27 08:00:00.000,2023,4,27,8,VRB02KT,11,10
2023-04-27 09:00:00.000,2023,4,27,9,25003KT,11,10
2023-04-27 10:00:00.000,2023,4,27,10,VRB02KT,10,10
2023-04-27 11:00:00.000,2023,4,27,11,35003KT,10,10
2023-04-27 12:00:00.000,2023,4,27,12,VRB02KT,13,11
2023-04-27 13:00:00.000,2023,4,27,13,03004KT,14,12
2023-04-27 14:00:00.000,2023,4,27,14,06005KT,16,11
2023-04-27 15:00:00.000,2023,4,27,15,35004KT,16,11
2023-04-27 16:00:00.000,2023,4,27,16,05005KT,17,11
2023-04-27 17:00:00.000,2023,4,27,17,VRB02KT,17,11
2023-04-27 18:00:00.000,2023,4,27,18,31004KT,18,11
2023-04-27 19:00:00.000,2023,4,27,19,04004KT,18,11
2023-04-27 20:00:00.000,2023,4,27,20,VRB07KT,20,13
2023-04-27 21:00:00.000,2023,4,27,21,33006KT,16,13
2023-04-27 22:00:00.000,2023,4,27,22,29006KT,17,13
2023-04-27 23:00:00.000,2023,4,27,23,24008KT,15,12
2023-04-28 00:00:00.000,2023,4,28,0,22004KT,14,13
2023-04-28 01:00:00.000,2023,4,28,1,29003KT,14,12
2023-04-28 02:00:00.000,2023,4,28,2,VRB02KT,13,12
2023-04-28 03:00:00.000,2023,4,28,3,34005KT,13,12
2023-04-28 04:00:00.000,2023,4,28,4,35005KT,12,11
2023-04-28 05:00:00.000,2023,4,28,5,02003KT,11,11
2023-04-28 06:00:00.000,2023,4,28,6,07004KT,12,11
2023-04-28 07:00:00.000,2023,4,28,7,03005KT,12,11
2023-04-28 08:00:00.000,2023,4,28,8,03006KT,12,10
2023-04-28 09:00:00.000,2023,4,28,9,07006KT,12,10
2023-04-28 10:00:00.000,2023,4,28,10,VRB02KT,11,10
2023-04-28 10:30:00.000,2023,4,28,10,VRB02KT,11,10
2023-04-28 11:00:00.000,2023,4,28,11,05003KT,11,10
2023-04-28 12:00:00.000,2023,4,28,12,05007KT,12,10
2023-04-28 13:00:00.000,2023,4,28,13,07004KT,14,11
2023-04-28 14:00:00.000,2023,4,28,14,20005KT,16,10
2023-04-28 15:00:00.000,2023,4,28,15,14005KT,17,10
2023-04-28 16:00:00.000,2023,4,28,16,14005KT,18,11
2023-04-28 17:00:00.000,2023,4,28,17,13008KT,19,11
2023-04-28 18:00:00.000,2023,4,28,18,05005KT,18,12
2023-04-28 19:00:00.000,2023,4,28,19,19005KT,19,10
2023-04-28 20:00:00.000,2023,4,28,20,19007KT,19,10
2023-04-28 21:00:00.000,2023,4,28,21,02005KT,17,13
2023-04-28 22:00:00.000,2023,4,28,22,29009KT,16,12
2023-04-28 23:00:00.000,2023,4,28,23,31006KT,15,12
2023-04-29 00:00:00.000,2023,4,29,0,30003KT,14,11
2023-04-29 01:00:00.000,2023,4,29,1,35003KT,12,11
2023-04-29 02:00:00.000,2023,4,29,2,34003KT,13,11
2023-04-29 03:00:00.000,2023,4,29,3,05006KT,13,11
2023-04-29 04:00:00.000,2023,4,29,4,04005KT,11,10
2023-04-29 05:00:00.000,2023,4,29,5,05007KT,12,11
2023-04-29 06:00:00.000,2023,4,29,6,05006KT,13,11
2023-04-29 07:00:00.000,2023,4,29,7,06005KT,12,11
2023-04-29 08:00:00.000,2023,4,29,8,04005KT,12,11
2023-04-29 09:00:00.000,2023,4,29,9,04005KT,12,11
2023-04-29 10:00:00.000,2023,4,29,10,05006KT,12,11
2023-04-29 11:00:00.000,2023,4,29,11,04003KT,12,11
2023-04-29 12:00:00.000,2023,4,29,12,06006KT,13,11
2023-04-29 13:00:00.000,2023,4,29,13,06006KT,14,11
2023-04-29 14:00:00.000,2023,4,29,14,07005KT,16,11
2023-04-29 15:00:00.000,2023,4,29,15,VRB02KT,17,10
2023-04-29 16:00:00.000,2023,4,29,16,VRB06KT,18,11
2023-04-29 17:00:00.000,2023,4,29,17,18012KT,18,10
2023-04-29 18:00:00.000,2023,4,29,18,16007KT,16,12
2023-04-29 19:00:00.000,2023,4,29,19,15004KT,18,11
2023-04-29 20:00:00.000,2023,4,29,20,16008KT,19,10
2023-04-29 21:00:00.000,2023,4,29,21,VRB02KT,18,10
2023-04-29 22:00:00.000,2023,4,29,22,32005KT,19,10
2023-04-29 23:00:00.000,2023,4,29,23,26006KT,16,12
2023-04-30 00:00:00.000,2023,4,30,0,23003KT,14,12
2023-04-30 01:00:00.000,2023,4,30,1,34003KT,12,12
2023-04-30 02:00:00.000,2023,4,30,2,35003KT,11,11
2023-04-30 03:00:00.000,2023,4,30,3,35004KT,11,10
2023-04-30 04:00:00.000,2023,4,30,4,VRB02KT,11,11
2023-04-30 05:00:00.000,2023,4,30,5,VRB02KT,13,11
2023-04-30 06:00:00.000,2023,4,30,6,04003KT,12,11
2023-04-30 07:00:00.000,2023,4,30,7,VRB02KT,12,11
2023-04-30 08:00:00.000,2023,4,30,8,VRB02KT,12,11
2023-04-30 09:00:00.000,2023,4,30,9,VRB01KT,12,11
2023-04-30 10:00:00.000,2023,4,30,10,00000KT,12,11
2023-04-30 11:00:00.000,2023,4,30,11,06004KT,11,11
2023-04-30 12:00:00.000,2023,4,30,12,VRB02KT,12,11
2023-04-30 13:00:00.000,2023,4,30,13,05003KT,14,12
2023-04-30 14:00:00.000,2023,4,30,14,07006KT,15,11
2023-04-30 15:00:00.000,2023,4,30,15,09005KT,17,11
2023-04-30 16:00:00.000,2023,4,30,16,14003KT,17,11
2023-04-30 17:00:00.000,2023,4,30,17,03006KT,17,12
2023-04-30 18:00:00.000,2023,4,30,18,17013KT,18,10
2023-04-30 19:00:00.000,2023,4,30,19,18012KT,19,10
2023-04-30 20:00:00.000,2023,4,30,20,17009KT,18,09
2023-04-30 21:00:00.000,2023,4,30,21,12004KT,18,09
2023-04-30 22:00:00.000,2023,4,30,22,04008KT,18,11
2023-04-30 23:00:00.000,2023,4,30,23,11005KT,17,10
2023-05-01 00:00:00.000,2023,5,1,0,11003KT,15,10
2023-05-01 01:00:00.000,2023,5,1,1,08003KT,13,10
2023-05-01 02:00:00.000,2023,5,1,2,34003KT,11,09
2023-05-01 03:00:00.000,2023,5,1,3,04003KT,11,09
2023-05-01 04:00:00.000,2023,5,1,4,36003KT,12,10
2023-05-01 05:00:00.000,2023,5,1,5,06004KT,12,10
2023-05-01 06:00:00.000,2023,5,1,6,31003KT,12,10
2023-05-01 07:00:00.000,2023,5,1,7,VRB02KT,11,10
2023-05-01 08:00:00.000,2023,5,1,8,33003KT,10,09
2023-05-01 09:00:00.000,2023,5,1,9,30003KT,09,09
2023-05-01 10:00:00.000,2023,5,1,10,VRB02KT,09,09
2023-05-01 11:00:00.000,2023,5,1,11,VRB02KT,10,10
2023-05-01 12:00:00.000,2023,5,1,12,03003KT,12,10
2023-05-01 13:00:00.000,2023,5,1,13,VRB02KT,14,11
2023-05-01 14:00:00.000,2023,5,1,14,23005KT,17,10
2023-05-01 15:00:00.000,2023,5,1,15,12009KT,18,09
2023-05-01 16:00:00.000,2023,5,1,16,12012KT,19,10
2023-05-01 17:00:00.000,2023,5,1,17,13013KT,20,09
2023-05-01 18:00:00.000,2023,5,1,18,06011KT,16,11
2023-05-01 19:00:00.000,2023,5,1,19,03003KT,17,12
2023-05-01 20:00:00.000,2023,5,1,20,14013KT,19,10
2023-05-01 21:00:00.000,2023,5,1,21,12014KT,20,09
2023-05-01 22:00:00.000,2023,5,1,22,11007KT,20,08
2023-05-01 23:00:00.000,2023,5,1,23,14010KT,17,08
2023-05-02 00:00:00.000,2023,5,2,0,13008KT,16,09
2023-05-02 01:00:00.000,2023,5,2,1,12006KT,15,09
2023-05-02 02:00:00.000,2023,5,2,2,06006KT,14,09
2023-05-02 03:00:00.000,2023,5,2,3,12004KT,14,09
2023-05-02 04:00:00.000,2023,5,2,4,08003KT,13,09
2023-05-02 05:00:00.000,2023,5,2,5,36003KT,10,08
2023-05-02 06:00:00.000,2023,5,2,6,00000KT,10,09
2023-05-02 07:00:00.000,2023,5,2,7,VRB02KT,10,09
2023-05-02 08:00:00.000,2023,5,2,8,VRB02KT,09,08
2023-05-02 09:00:00.000,2023,5,2,9,VRB02KT,10,09
2023-05-02 10:00:00.000,2023,5,2,10,VRB02KT,10,09
2023-05-02 10:30:00.000,2023,5,2,10,34004KT,09,08
2023-05-02 11:00:00.000,2023,5,2,11,34004KT,09,08
2023-05-02 12:00:00.000,2023,5,2,12,VRB02KT,12,11
2023-05-02 13:00:00.000,2023,5,2,13,03006KT,14,10
2023-05-02 14:00:00.000,2023,5,2,14,07005KT,15,10
2023-05-02 15:00:00.000,2023,5,2,15,13012KT,18,08
2023-05-02 16:00:00.000,2023,5,2,16,14015KT,18,09
2023-05-02 17:00:00.000,2023,5,2,17,14013KT,17,09
2023-05-02 18:00:00.000,2023,5,2,18,14013KT,19,11
2023-05-02 19:00:00.000,2023,5,2,19,13009KT,19,09
2023-05-02 20:00:00.000,2023,5,2,20,07008KT,18,09
2023-05-02 21:00:00.000,2023,5,2,21,10007KT,20,09
2023-05-02 22:00:00.000,2023,5,2,22,12009KT,19,07
2023-05-02 23:00:00.000,2023,5,2,23,13010KT,17,07
2023-05-03 00:00:00.000,2023,5,3,0,13008KT,16,08
2023-05-03 01:00:00.000,2023,5,3,1,12006KT,15,09
2023-05-03 02:00:00.000,2023,5,3,2,07006KT,14,09
2023-05-03 03:00:00.000,2023,5,3,3,05004KT,13,08
2023-05-03 04:00:00.000,2023,5,3,4,04006KT,11,09
2023-05-03 05:00:00.000,2023,5,3,5,06007KT,11,09
2023-05-03 06:00:00.000,2023,5,3,6,03007KT,10,08
2023-05-03 07:00:00.000,2023,5,3,7,03004KT,09,08
2023-05-03 08:00:00.000,2023,5,3,8,04004KT,09,08
2023-05-03 09:00:00.000,2023,5,3,9,03006KT,09,07
2023-05-03 10:00:00.000,2023,5,3,10,04007KT,09,07
2023-05-03 10:30:00.000,2023,5,3,10,35003KT,07,06
2023-05-03 11:00:00.000,2023,5,3,11,01004KT,08,06
2023-05-03 12:00:00.000,2023,5,3,12,06007KT,11,08
2023-05-03 13:00:00.000,2023,5,3,13,08007KT,15,08
2023-05-03 14:00:00.000,2023,5,3,14,08007KT,17,08
2023-05-03 15:00:00.000,2023,5,3,15,13010KT,19,08
2023-05-03 16:00:00.000,2023,5,3,16,15011KT,19,09
2023-05-03 17:00:00.000,2023,5,3,17,15013KT,19,08
2023-05-03 18:00:00.000,2023,5,3,18,14011KT,19,09
2023-05-03 19:00:00.000,2023,5,3,19,15016KT,19,09
2023-05-03 20:00:00.000,2023,5,3,20,16013KT,19,09
2023-05-03 21:00:00.000,2023,5,3,21,14011KT,16,09
2023-05-03 22:00:00.000,2023,5,3,22,15012KT,16,10
2023-05-03 23:00:00.000,2023,5,3,23,14009KT,15,09
2023-05-04 00:00:00.000,2023,5,4,0,09004KT,15,09
2023-05-04 01:00:00.000,2023,5,4,1,11004KT,14,09
2023-05-04 02:00:00.000,2023,5,4,2,13005KT,13,08
2023-05-04 03:00:00.000,2023,5,4,3,VRB02KT,11,09
2023-05-04 04:00:00.000,2023,5,4,4,03004KT,09,08
2023-05-04 05:00:00.000,2023,5,4,5,06004KT,09,07
2023-05-04 06:00:00.000,2023,5,4,6,02003KT,08,07
2023-05-04 07:00:00.000,2023,5,4,7,03004KT,09,08
2023-05-04 08:00:00.000,2023,5,4,8,VRB02KT,09,07
2023-05-04 09:00:00.000,2023,5,4,9,08005KT,10,07
2023-05-04 10:00:00.000,2023,5,4,10,04005KT,10,08
2023-05-04 10:30:00.000,2023,5,4,10,03005KT,10,08
2023-05-04 11:00:00.000,2023,5,4,11,02004KT,09,08
2023-05-04 12:00:00.000,2023,5,4,12,07005KT,11,07
2023-05-04 13:00:00.000,2023,5,4,13,06008KT,15,08
2023-05-04 14:00:00.000,2023,5,4,14,08007KT,17,08
2023-05-04 15:00:00.000,2023,5,4,15,09008KT,18,08
2023-05-04 16:00:00.000,2023,5,4,16,09009KT,20,09
2023-05-04 17:00:00.000,2023,5,4,17,09009KT,19,10
2023-05-04 18:00:00.000,2023,5,4,18,12009KT,19,10
2023-05-04 19:00:00.000,2023,5,4,19,VRB06KT,18,09
2023-05-04 20:00:00.000,2023,5,4,20,07008KT,18,10
2023-05-04 21:00:00.000,2023,5,4,21,08007KT,19,09
2023-05-04 22:00:00.000,2023,5,4,22,07008KT,19,09
2023-05-04 23:00:00.000,2023,5,4,23,06007KT,17,09
2023-05-05 00:00:00.000,2023,5,5,0,12005KT,16,09
2023-05-05 01:00:00.000,2023,5,5,1,14006KT,15,09
2023-05-05 02:00:00.000,2023,5,5,2,VRB02KT,12,09
2023-05-05 03:00:00.000,2023,5,5,3,07004KT,12,09
2023-05-05 04:00:00.000,2023,5,5,4,09004KT,12,09
2023-05-05 05:00:00.000,2023,5,5,5,08005KT,12,09
2023-05-05 06:00:00.000,2023,5,5,6,09005KT,13,09
2023-05-05 07:00:00.000,2023,5,5,7,07005KT,12,09
2023-05-05 08:00:00.000,2023,5,5,8,04004KT,10,08
2023-05-05 09:00:00.000,2023,5,5,9,07004KT,12,09
2023-05-05 10:00:00.000,2023,5,5,10,05005KT,12,10
2023-05-05 11:00:00.000,2023,5,5,11,06005KT,12,10
2023-05-05 12:00:00.000,2023,5,5,12,VRB03KT,14,11
2023-05-05 13:00:00.000,2023,5,5,13,06006KT,14,11
2023-05-05 14:00:00.000,2023,5,5,14,17010KT,19,11
2023-05-05 15:00:00.000,2023,5,5,15,11009KT,16,10
2023-05-05 16:00:00.000,2023,5,5,16,13011KT,18,10
2023-05-05 17:00:00.000,2023,5,5,17,15008KT,19,09
2023-05-05 18:00:00.000,2023,5,5,18,14010KT,18,09
2023-05-05 19:00:00.000,2023,5,5,19,14008KT,18,10
2023-05-05 20:00:00.000,2023,5,5,20,13007KT,19,08
2023-05-05 21:00:00.000,2023,5,5,21,11007KT,20,07
2023-05-05 22:00:00.000,2023,5,5,22,10005KT,18,08
2023-05-05 23:00:00.000,2023,5,5,23,13004KT,17,07
2023-05-06 00:00:00.000,2023,5,6,0,VRB02KT,16,08
2023-05-06 01:00:00.000,2023,5,6,1,13006KT,13,08
2023-05-06 02:00:00.000,2023,5,6,2,36004KT,12,08
2023-05-06 04:00:00.000,2023,5,6,4,03006KT,11,08
2023-05-06 05:00:00.000,2023,5,6,5,02008KT,10,08
2023-05-06 06:00:00.000,2023,5,6,6,07004KT,10,08
2023-05-06 07:00:00.000,2023,5,6,7,06006KT,10,08
2023-05-06 08:00:00.000,2023,5,6,8,07005KT,11,08
2023-05-06 09:00:00.000,2023,5,6,9,VRB02KT,10,08
2023-05-06 10:00:00.000,2023,5,6,10,VRB02KT,10,07
2023-05-06 10:30:00.000,2023,5,6,10,05004KT,09,08
2023-05-06 11:00:00.000,2023,5,6,11,VRB02KT,09,08
2023-05-06 12:00:00.000,2023,5,6,12,06003KT,12,08
2023-05-06 13:00:00.000,2023,5,6,13,05007KT,14,09
2023-05-06 14:00:00.000,2023,5,6,14,07009KT,17,08
2023-05-06 15:00:00.000,2023,5,6,15,06006KT,17,10
2023-05-06 16:00:00.000,2023,5,6,16,10008KT,18,10
2023-05-06 17:00:00.000,2023,5,6,17,11008KT,19,10
2023-05-06 18:00:00.000,2023,5,6,18,14008KT,19,09
2023-05-06 19:00:00.000,2023,5,6,19,21007KT,19,10
2023-05-06 20:00:00.000,2023,5,6,20,21007KT,19,10
2023-05-06 21:00:00.000,2023,5,6,21,22009KT,19,11
2023-05-06 22:00:00.000,2023,5,6,22,22009KT,18,10
2023-05-06 23:00:00.000,2023,5,6,23,VRB06KT,16,11
2023-05-07 00:00:00.000,2023,5,7,0,06007KT,15,11
2023-05-07 01:00:00.000,2023,5,7,1,09003KT,15,10
2023-05-07 02:00:00.000,2023,5,7,2,04006KT,14,09
2023-05-07 03:00:00.000,2023,5,7,3,02003KT,13,08
2023-05-07 04:00:00.000,2023,5,7,4,02003KT,12,08
2023-05-07 05:00:00.000,2023,5,7,5,07006KT,12,07
2023-05-07 06:00:00.000,2023,5,7,6,06006KT,11,07
2023-05-07 07:00:00.000,2023,5,7,7,04007KT,10,07
2023-05-07 08:00:00.000,2023,5,7,8,05003KT,10,07
2023-05-07 09:00:00.000,2023,5,7,9,06004KT,10,07
2023-05-07 10:00:00.000,2023,5,7,10,06009KT,10,07
2023-05-07 11:00:00.000,2023,5,7,11,07007KT,09,06
2023-05-07 12:00:00.000,2023,5,7,12,06007KT,11,07
2023-05-07 13:00:00.000,2023,5,7,13,36005KT,12,08
2023-05-07 14:00:00.000,2023,5,7,14,05011KT,15,08
2023-05-07 15:00:00.000,2023,5,7,15,05013KT,18,08
2023-05-07 16:00:00.000,2023,5,7,16,02009KT,20,09
2023-05-07 17:00:00.000,2023,5,7,17,12011KT,22,08
2023-05-07 18:00:00.000,2023,5,7,18,13007KT,22,08
2023-05-07 19:00:00.000,2023,5,7,19,11009KT,23,09
2023-05-07 20:00:00.000,2023,5,7,20,09006KT,22,07
2023-05-07 21:00:00.000,2023,5,7,21,14009KT,21,08
2023-05-07 22:00:00.000,2023,5,7,22,17010KT,22,09
2023-05-07 23:00:00.000,2023,5,7,23,19009KT,19,07
2023-05-08 00:00:00.000,2023,5,8,0,17010KT,18,08
2023-05-08 01:00:00.000,2023,5,8,1,09005KT,15,08
2023-05-08 02:00:00.000,2023,5,8,2,11006KT,15,09
2023-05-08 03:00:00.000,2023,5,8,3,14009KT,14,09
2023-05-08 04:00:00.000,2023,5,8,4,VRB02KT,14,09
2023-05-08 05:00:00.000,2023,5,8,5,03003KT,11,09
2023-05-08 06:00:00.000,2023,5,8,6,06005KT,10,08
2023-05-08 07:00:00.000,2023,5,8,7,05004KT,10,09
2023-05-08 08:00:00.000,2023,5,8,8,VRB02KT,08,07
2023-05-08 09:00:00.000,2023,5,8,9,VRB02KT,08,08
2023-05-08 10:00:00.000,2023,5,8,10,VRB02KT,08,07
2023-05-08 10:30:00.000,2023,5,8,10,08004KT,09,08
2023-05-08 11:00:00.000,2023,5,8,11,04004KT,09,07
2023-05-08 12:00:00.000,2023,5,8,12,36003KT,09,08
2023-05-08 13:00:00.000,2023,5,8,13,07003KT,12,09
2023-05-08 14:00:00.000,2023,5,8,14,05003KT,14,10
2023-05-08 15:00:00.000,2023,5,8,15,04006KT,16,10
2023-05-08 16:00:00.000,2023,5,8,16,23004KT,17,10
2023-05-08 17:00:00.000,2023,5,8,17,VRB02KT,18,11
2023-05-08 18:00:00.000,2023,5,8,18,11006KT,18,11
2023-05-08 19:00:00.000,2023,5,8,19,06007KT,19,11
2023-05-08 20:00:00.000,2023,5,8,20,04012KT,17,12
2023-05-08 21:00:00.000,2023,5,8,21,06011KT,16,12
2023-05-08 21:16:00.000,2023,5,8,21,05012KT,15,12
2023-05-08 22:00:00.000,2023,5,8,22,05010KT,14,12
2023-05-08 23:00:00.000,2023,5,8,23,08004KT,14,12
2023-05-09 00:00:00.000,2023,5,9,0,09005KT,15,11
2023-05-09 01:00:00.000,2023,5,9,1,04007KT,14,11
2023-05-09 02:00:00.000,2023,5,9,2,07006KT,13,10
2023-05-09 03:00:00.000,2023,5,9,3,08004KT,13,10
2023-05-09 04:00:00.000,2023,5,9,4,07005KT,12,10
2023-05-09 05:00:00.000,2023,5,9,5,06004KT,12,10
2023-05-09 06:00:00.000,2023,5,9,6,06004KT,12,10
2023-05-09 07:00:00.000,2023,5,9,7,VRB02KT,11,10
2023-05-09 08:00:00.000,2023,5,9,8,VRB02KT,11,10
2023-05-09 09:00:00.000,2023,5,9,9,04003KT,12,10
2023-05-09 10:00:00.000,2023,5,9,10,06007KT,12,10
2023-05-09 11:00:00.000,2023,5,9,11,04006KT,11,10
2023-05-09 12:00:00.000,2023,5,9,12,03006KT,13,11
2023-05-09 13:00:00.000,2023,5,9,13,07005KT,15,11
2023-05-09 14:00:00.000,2023,5,9,14,06004KT,16,12
2023-05-09 15:00:00.000,2023,5,9,15,16009KT,17,11
2023-05-09 16:00:00.000,2023,5,9,16,15008KT,19,12
2023-05-09 17:00:00.000,2023,5,9,17,16011KT,19,10
2023-05-09 18:00:00.000,2023,5,9,18,15012KT,19,11
2023-05-09 19:00:00.000,2023,5,9,19,12007KT,19,10
2023-05-09 20:00:00.000,2023,5,9,20,10006KT,19,10
2023-05-09 21:00:00.000,2023,5,9,21,13007KT,20,11
2023-05-09 22:00:00.000,2023,5,9,22,09008KT,18,10
2023-05-09 23:00:00.000,2023,5,9,23,12007KT,17,10
2023-05-10 00:00:00.000,2023,5,10,0,10005KT,16,10
2023-05-10 01:00:00.000,2023,5,10,1,05007KT,14,10
2023-05-10 02:00:00.000,2023,5,10,2,06008KT,14,10
2023-05-10 03:00:00.000,2023,5,10,3,06005KT,12,10
2023-05-10 04:00:00.000,2023,5,10,4,03003KT,11,09
2023-05-10 05:00:00.000,2023,5,10,5,05005KT,12,09
2023-05-10 06:00:00.000,2023,5,10,6,06005KT,12,09
2023-05-10 07:00:00.000,2023,5,10,7,02003KT,11,09
2023-05-10 08:00:00.000,2023,5,10,8,01004KT,10,08
2023-05-10 09:00:00.000,2023,5,10,9,04006KT,11,09
2023-05-10 10:00:00.000,2023,5,10,10,06007KT,11,09
2023-05-10 10:30:00.000,2023,5,10,10,03007KT,11,09
2023-05-10 11:00:00.000,2023,5,10,11,04006KT,11,09
2023-05-10 12:00:00.000,2023,5,10,12,04005KT,12,10
2023-05-10 13:00:00.000,2023,5,10,13,06006KT,14,10
2023-05-10 13:33:00.000,2023,5,10,13,06006KT,16,10
2023-05-10 14:00:00.000,2023,5,10,14,06005KT,16,10
2023-05-10 15:00:00.000,2023,5,10,15,VRB03KT,17,11
2023-05-10 16:00:00.000,2023,5,10,16,10005KT,18,11
2023-05-10 17:00:00.000,2023,5,10,17,13004KT,19,11
2023-05-10 18:00:00.000,2023,5,10,18,04006KT,17,13
2023-05-10 19:00:00.000,2023,5,10,19,12005KT,19,11
2023-05-10 20:00:00.000,2023,5,10,20,04005KT,18,12
2023-05-10 21:00:00.000,2023,5,10,21,05007KT,17,12
2023-05-10 22:00:00.000,2023,5,10,22,06005KT,17,12
2023-05-10 23:00:00.000,2023,5,10,23,07004KT,17,11
2023-05-11 00:00:00.000,2023,5,11,0,25003KT,15,13
2023-05-11 01:00:00.000,2023,5,11,1,VRB02KT,14,12
2023-05-11 02:00:00.000,2023,5,11,2,01004KT,13,12
2023-05-11 03:00:00.000,2023,5,11,3,VRB02KT,13,12
2023-05-11 04:00:00.000,2023,5,11,4,03005KT,13,12
2023-05-11 05:00:00.000,2023,5,11,5,02004KT,12,11
2023-05-11 06:00:00.000,2023,5,11,6,05004KT,13,11
2023-05-11 07:00:00.000,2023,5,11,7,05004KT,12,11
2023-05-11 08:00:00.000,2023,5,11,8,04005KT,13,11
2023-05-11 09:00:00.000,2023,5,11,9,05005KT,12,11
2023-05-11 10:00:00.000,2023,5,11,10,06005KT,12,11
2023-05-11 11:00:00.000,2023,5,11,11,04005KT,11,11
2023-05-11 12:00:00.000,2023,5,11,12,06006KT,13,11
2023-05-11 12:29:00.000,2023,5,11,12,06006KT,15,11
2023-05-11 13:00:00.000,2023,5,11,13,06005KT,16,12
2023-05-11 14:00:00.000,2023,5,11,14,04005KT,17,11
2023-05-11 15:00:00.000,2023,5,11,15,VRB02KT,18,11
2023-05-11 16:00:00.000,2023,5,11,16,14005KT,19,11
2023-05-11 17:00:00.000,2023,5,11,17,13009KT,20,11
2023-05-11 18:00:00.000,2023,5,11,18,12006KT,21,10
2023-05-11 19:00:00.000,2023,5,11,19,09006KT,20,10
2023-05-11 20:00:00.000,2023,5,11,20,08006KT,20,09
2023-05-11 21:00:00.000,2023,5,11,21,29006KT,20,11
2023-05-11 22:00:00.000,2023,5,11,22,31009KT,16,12
2023-05-11 23:00:00.000,2023,5,11,23,27007KT,16,11
2023-05-12 00:00:00.000,2023,5,12,0,VRB02KT,15,10
2023-05-12 01:00:00.000,2023,5,12,1,VRB02KT,15,11
2023-05-12 02:00:00.000,2023,5,12,2,VRB02KT,13,11
2023-05-12 03:00:00.000,2023,5,12,3,VRB02KT,14,11
2023-05-12 04:00:00.000,2023,5,12,4,04003KT,12,11
2023-05-12 05:00:00.000,2023,5,12,5,VRB02KT,11,10
2023-05-12 06:00:00.000,2023,5,12,6,VRB02KT,12,11
2023-05-12 07:00:00.000,2023,5,12,7,VRB02KT,11,11
2023-05-12 08:00:00.000,2023,5,12,8,VRB02KT,12,11
2023-05-12 09:00:00.000,2023,5,12,9,06004KT,11,10
2023-05-12 10:00:00.000,2023,5,12,10,06005KT,10,09
2023-05-12 10:30:00.000,2023,5,12,10,06006KT,11,10
2023-05-12 11:00:00.000,2023,5,12,11,06005KT,10,09
2023-05-12 12:00:00.000,2023,5,12,12,03006KT,14,10
2023-05-12 13:00:00.000,2023,5,12,13,06005KT,16,10
2023-05-12 14:00:00.000,2023,5,12,14,22005KT,18,10
2023-05-12 15:00:00.000,2023,5,12,15,06005KT,20,09
2023-05-12 16:00:00.000,2023,5,12,16,15010KT,21,09
2023-05-12 17:00:00.000,2023,5,12,17,15006KT,20,10
2023-05-12 18:00:00.000,2023,5,12,18,14010KT,19,11
2023-05-12 19:00:00.000,2023,5,12,19,33006KT,18,13
2023-05-12 20:00:00.000,2023,5,12,20,32008KT,20,14
2023-05-12 21:00:00.000,2023,5,12,21,26009KT,18,12
2023-05-12 22:00:00.000,2023,5,12,22,VRB04KT,16,10
2023-05-12 23:00:00.000,2023,5,12,23,08004KT,15,11
2023-05-13 00:00:00.000,2023,5,13,0,05005KT,14,11
2023-05-13 01:00:00.000,2023,5,13,1,03004KT,13,10
2023-05-13 02:00:00.000,2023,5,13,2,07004KT,12,10
2023-05-13 03:00:00.000,2023,5,13,3,07004KT,12,10
2023-05-13 04:00:00.000,2023,5,13,4,06003KT,11,09
2023-05-13 05:00:00.000,2023,5,13,5,02003KT,11,09
2023-05-13 06:00:00.000,2023,5,13,6,04004KT,10,09
2023-05-13 07:00:00.000,2023,5,13,7,05005KT,10,08
2023-05-13 08:00:00.000,2023,5,13,8,05006KT,10,09
2023-05-13 09:00:00.000,2023,5,13,9,06005KT,11,10
2023-05-13 10:00:00.000,2023,5,13,10,06005KT,12,10
2023-05-13 11:00:00.000,2023,5,13,11,06004KT,10,09
2023-05-13 12:00:00.000,2023,5,13,12,05004KT,13,09
2023-05-13 13:00:00.000,2023,5,13,13,07005KT,15,11
2023-05-13 14:00:00.000,2023,5,13,14,07004KT,18,11
2023-05-13 15:00:00.000,2023,5,13,15,15009KT,19,09
2023-05-13 16:00:00.000,2023,5,13,16,15015KT,19,10
2023-05-13 17:00:00.000,2023,5,13,17,15015KT,19,10
2023-05-13 18:00:00.000,2023,5,13,18,16013KT,20,11
2023-05-13 19:00:00.000,2023,5,13,19,14012KT,21,11
2023-05-13 20:00:00.000,2023,5,13,20,15013KT,20,10
2023-05-13 21:00:00.000,2023,5,13,21,16012KT,19,10
2023-05-13 22:00:00.000,2023,5,13,22,16010KT,18,10
2023-05-13 23:00:00.000,2023,5,13,23,16013KT,17,10
2023-05-14 00:00:00.000,2023,5,14,0,14009KT,16,10
2023-05-14 01:00:00.000,2023,5,14,1,16007KT,17,11
2023-05-14 02:00:00.000,2023,5,14,2,18006KT,16,11
2023-05-14 03:00:00.000,2023,5,14,3,17005KT,15,12
2023-05-14 04:00:00.000,2023,5,14,4,30004KT,14,12
2023-05-14 05:00:00.000,2023,5,14,5,VRB02KT,14,12
2023-05-14 06:00:00.000,2023,5,14,6,VRB02KT,12,11
2023-05-14 07:00:00.000,2023,5,14,7,00000KT,13,12
2023-05-14 08:00:00.000,2023,5,14,8,00000KT,13,12
2023-05-14 09:00:00.000,2023,5,14,9,04004KT,13,12
2023-05-14 10:00:00.000,2023,5,14,10,03005KT,13,12
2023-05-14 11:00:00.000,2023,5,14,11,05005KT,13,12
2023-05-14 12:00:00.000,2023,5,14,12,04005KT,14,12
2023-05-14 13:00:00.000,2023,5,14,13,14007KT,16,11
2023-05-14 14:00:00.000,2023,5,14,14,16008KT,17,10
2023-05-14 15:00:00.000,2023,5,14,15,17011KT,18,10
2023-05-14 16:00:00.000,2023,5,14,16,18017KT,20,10
2023-05-14 17:00:00.000,2023,5,14,17,17017KT,19,10
2023-05-14 18:00:00.000,2023,5,14,18,14018KT,19,10
2023-05-14 19:00:00.000,2023,5,14,19,15016KT,18,10
2023-05-14 20:00:00.000,2023,5,14,20,15014KT,19,11
2023-05-14 21:00:00.000,2023,5,14,21,14013KT,19,11
2023-05-14 22:00:00.000,2023,5,14,22,16017KT,19,09
2023-05-14 23:00:00.000,2023,5,14,23,15014KT,17,09
2023-05-15 00:00:00.000,2023,5,15,0,16006KT,16,09
2023-05-15 01:00:00.000,2023,5,15,1,36005KT,15,09
2023-05-15 02:00:00.000,2023,5,15,2,02007KT,14,11
2023-05-15 03:00:00.000,2023,5,15,3,05006KT,14,12
2023-05-15 04:00:00.000,2023,5,15,4,05006KT,14,12
2023-05-15 05:00:00.000,2023,5,15,5,34003KT,13,11
2023-05-15 06:00:00.000,2023,5,15,6,04003KT,13,11
2023-05-15 07:00:00.000,2023,5,15,7,02003KT,12,11
2023-05-15 08:00:00.000,2023,5,15,8,02003KT,12,11
2023-05-15 09:00:00.000,2023,5,15,9,07003KT,13,11
2023-05-15 10:00:00.000,2023,5,15,10,07003KT,12,11
2023-05-15 10:30:00.000,2023,5,15,10,VRB02KT,12,11
2023-05-15 11:00:00.000,2023,5,15,11,04002KT,12,11
2023-05-15 12:00:00.000,2023,5,15,12,06004KT,14,11
2023-05-15 13:00:00.000,2023,5,15,13,VRB02KT,13,12
2023-05-15 14:00:00.000,2023,5,15,14,VRB02KT,14,12
2023-05-15 15:00:00.000,2023,5,15,15,17006KT,16,12
2023-05-15 16:00:00.000,2023,5,15,16,18009KT,18,11
2023-05-15 17:00:00.000,2023,5,15,17,16012KT,19,11
2023-05-15 18:00:00.000,2023,5,15,18,14010KT,20,12
2023-05-15 19:00:00.000,2023,5,15,19,15011KT,19,10
2023-05-15 20:00:00.000,2023,5,15,20,16011KT,20,10
2023-05-15 21:00:00.000,2023,5,15,21,12006KT,19,10
2023-05-15 22:00:00.000,2023,5,15,22,13005KT,18,10
2023-05-15 23:00:00.000,2023,5,15,23,33005KT,16,13
2023-05-16 00:00:00.000,2023,5,16,0,32004KT,15,12
2023-05-16 01:00:00.000,2023,5,16,1,30005KT,14,11
2023-05-16 02:00:00.000,2023,5,16,2,VRB02KT,12,11
2023-05-16 03:00:00.000,2023,5,16,3,04004KT,12,11
2023-05-16 04:00:00.000,2023,5,16,4,30003KT,13,11
2023-05-16 05:00:00.000,2023,5,16,5,VRB02KT,11,10
2023-05-16 06:00:00.000,2023,5,16,6,VRB02KT,11,11
2023-05-16 07:00:00.000,2023,5,16,7,VRB02KT,12,11
2023-05-16 08:00:00.000,2023,5,16,8,36003KT,11,10
2023-05-16 09:00:00.000,2023,5,16,9,VRB02KT,11,10
2023-05-16 10:00:00.000,2023,5,16,10,35003KT,09,08
2023-05-16 11:00:00.000,2023,5,16,11,VRB02KT,10,09
2023-05-16 12:00:00.000,2023,5,16,12,01002KT,11,11
2023-05-16 13:00:00.000,2023,5,16,13,34004KT,14,12
2023-05-16 13:31:00.000,2023,5,16,13,33006KT,17,13
2023-05-16 14:00:00.000,2023,5,16,14,01006KT,18,11
2023-05-16 15:00:00.000,2023,5,16,15,07006KT,19,10
2023-05-16 16:00:00.000,2023,5,16,16,10007KT,19,09
2023-05-16 17:00:00.000,2023,5,16,17,09005KT,19,09
2023-05-16 18:00:00.000,2023,5,16,18,VRB02KT,19,10
2023-05-16 18:16:00.000,2023,5,16,18,07006KT,18,11
2023-05-16 19:00:00.000,2023,5,16,19,23004KT,18,12
2023-05-16 20:00:00.000,2023,5,16,20,13010KT,16,12
2023-05-16 20:17:00.000,2023,5,16,20,07009KT,14,13
2023-05-16 21:00:00.000,2023,5,16,21,30009KT,15,13
2023-05-16 22:00:00.000,2023,5,16,22,27007KT,16,13
2023-05-16 23:00:00.000,2023,5,16,23,20006KT,15,13
2023-05-17 00:00:00.000,2023,5,17,0,VRB02KT,13,12
2023-05-17 01:00:00.000,2023,5,17,1,VRB02KT,12,11
2023-05-17 02:00:00.000,2023,5,17,2,VRB02KT,12,12
2023-05-17 03:00:00.000,2023,5,17,3,02003KT,11,10
2023-05-17 04:00:00.000,2023,5,17,4,VRB02KT,12,11
2023-05-17 05:00:00.000,2023,5,17,5,VRB02KT,12,11
2023-05-17 06:00:00.000,2023,5,17,6,VRB02KT,12,11
2023-05-17 07:00:00.000,2023,5,17,7,VRB02KT,12,12
2023-05-17 08:00:00.000,2023,5,17,8,VRB02KT,12,11
2023-05-17 09:00:00.000,2023,5,17,9,VRB02KT,13,12
2023-05-17 10:00:00.000,2023,5,17,10,VRB02KT,11,10
2023-05-17 10:30:00.000,2023,5,17,10,VRB02KT,11,11
2023-05-17 11:00:00.000,2023,5,17,11,VRB02KT,11,11
2023-05-17 12:00:00.000,2023,5,17,12,33004KT,12,11
2023-05-17 13:00:00.000,2023,5,17,13,31003KT,14,13
2023-05-17 14:00:00.000,2023,5,17,14,07003KT,16,12
2023-05-17 15:00:00.000,2023,5,17,15,05004KT,16,13
2023-05-17 16:00:00.000,2023,5,17,16,05006KT,16,12
2023-05-17 17:00:00.000,2023,5,17,17,03003KT,17,12
2023-05-17 18:00:00.000,2023,5,17,18,35004KT,19,12
2023-05-17 19:00:00.000,2023,5,17,19,34004KT,20,12
2023-05-17 20:00:00.000,2023,5,17,20,10003KT,21,11
2023-05-17 21:00:00.000,2023,5,17,21,07008KT,22,11
2023-05-17 22:00:00.000,2023,5,17,22,26010KT,19,15
2023-05-17 23:00:00.000,2023,5,17,23,30006KT,17,14
2023-05-18 00:00:00.000,2023,5,18,0,26004KT,15,14
2023-05-18 01:00:00.000,2023,5,18,1,02003KT,14,12
2023-05-18 02:00:00.000,2023,5,18,2,VRB02KT,12,12
2023-05-18 03:00:00.000,2023,5,18,3,VRB02KT,13,12
2023-05-18 04:00:00.000,2023,5,18,4,VRB02KT,11,11
2023-05-18 05:00:00.000,2023,5,18,5,00000KT,10,10
2023-05-18 06:00:00.000,2023,5,18,6,VRB02KT,10,10
2023-05-18 07:00:00.000,2023,5,18,7,04004KT,11,10
2023-05-18 08:00:00.000,2023,5,18,8,VRB02KT,11,10
2023-05-18 09:00:00.000,2023,5,18,9,05004KT,09,09
2023-05-18 10:00:00.000,2023,5,18,10,04009KT,11,10
2023-05-18 11:00:00.000,2023,5,18,11,VRB02KT,11,10
2023-05-18 12:00:00.000,2023,5,18,12,04006KT,12,11
2023-05-18 13:00:00.000,2023,5,18,13,03007KT,16,11
2023-05-18 14:00:00.000,2023,5,18,14,08008KT,17,11
2023-05-18 15:00:00.000,2023,5,18,15,16009KT,19,11
2023-05-18 16:00:00.000,2023,5,18,16,15012KT,20,10
2023-05-18 17:00:00.000,2023,5,18,17,10014KT,21,11
2023-05-18 18:00:00.000,2023,5,18,18,11010KT,21,10
2023-05-18 19:00:00.000,2023,5,18,19,14011KT,23,11
2023-05-18 20:00:00.000,2023,5,18,20,04008KT,22,11
2023-05-18 21:00:00.000,2023,5,18,21,17004KT,21,14
2023-05-18 22:00:00.000,2023,5,18,22,24006KT,20,12
2023-05-18 23:00:00.000,2023,5,18,23,27005KT,18,12
2023-05-19 00:00:00.000,2023,5,19,0,24003KT,17,12
2023-05-19 01:00:00.000,2023,5,19,1,/////KT,15,13
2023-05-19 02:00:00.000,2023,5,19,2,35005KT,14,13
2023-05-19 03:00:00.000,2023,5,19,3,05003KT,15,13
2023-05-19 04:00:00.000,2023,5,19,4,VRB02KT,15,12
2023-05-19 05:00:00.000,2023,5,19,5,05005KT,15,12
2023-05-19 06:00:00.000,2023,5,19,6,03003KT,14,12
2023-05-19 07:00:00.000,2023,5,19,7,05007KT,14,12
2023-05-19 08:00:00.000,2023,5,19,8,13005KT,15,11
2023-05-19 09:00:00.000,2023,5,19,9,04004KT,12,11
2023-05-19 10:00:00.000,2023,5,19,10,02003KT,11,10
2023-05-19 10:31:00.000,2023,5,19,10,05004KT,11,10
2023-05-19 11:00:00.000,2023,5,19,11,02003KT,11,11
2023-05-19 12:00:00.000,2023,5,19,12,VRB02KT,14,11
2023-05-19 13:00:00.000,2023,5,19,13,06006KT,16,12
2023-05-19 14:00:00.000,2023,5,19,14,04010KT,17,13
2023-05-19 15:00:00.000,2023,5,19,15,08008KT,19,12
2023-05-19 16:00:00.000,2023,5,19,16,04011KT,18,12
2023-05-19 17:00:00.000,2023,5,19,17,04009KT,18,12
2023-05-19 18:00:00.000,2023,5,19,18,05007KT,19,12
2023-05-19 19:00:00.000,2023,5,19,19,13007KT,20,10
2023-05-19 20:00:00.000,2023,5,19,20,09006KT,21,10
2023-05-19 21:00:00.000,2023,5,19,21,10007KT,21,10
2023-05-19 22:00:00.000,2023,5,19,22,05009KT,19,11
2023-05-19 23:00:00.000,2023,5,19,23,03007KT,17,11
2023-05-20 00:00:00.000,2023,5,20,0,12005KT,17,10
2023-05-20 01:00:00.000,2023,5,20,1,11005KT,17,11
2023-05-20 01:17:00.000,2023,5,20,1,33004KT,14,11
2023-05-20 02:00:00.000,2023,5,20,2,VRB02KT,14,11
2023-05-20 03:00:00.000,2023,5,20,3,33004KT,14,11
2023-05-20 04:00:00.000,2023,5,20,4,27004KT,14,11
2023-05-20 05:00:00.000,2023,5,20,5,05004KT,13,10
2023-05-20 06:00:00.000,2023,5,20,6,05005KT,14,11
2023-05-20 07:00:00.000,2023,5,20,7,05005KT,13,11
2023-05-20 08:00:00.000,2023,5,20,8,VRB02KT,11,10
2023-05-20 09:00:00.000,2023,5,20,9,VRB02KT,10,09
2023-05-20 10:00:00.000,2023,5,20,10,VRB02KT,11,10
2023-05-20 11:00:00.000,2023,5,20,11,VRB02KT,10,09
2023-05-20 12:00:00.000,2023,5,20,12,04003KT,12,11
2023-05-20 12:40:00.000,2023,5,20,12,06003KT,14,12
2023-05-20 13:00:00.000,2023,5,20,13,06004KT,14,12
2023-05-20 14:00:00.000,2023,5,20,14,05003KT,15,12
2023-05-20 14:22:00.000,2023,5,20,14,05005KT,18,12
2023-05-20 15:00:00.000,2023,5,20,15,05005KT,17,11
2023-05-20 16:00:00.000,2023,5,20,16,13008KT,19,11
2023-05-20 17:00:00.000,2023,5,20,17,15008KT,20,10
2023-05-20 18:00:00.000,2023,5,20,18,17007KT,19,10
2023-05-20 19:00:00.000,2023,5,20,19,03005KT,19,11
2023-05-20 20:00:00.000,2023,5,20,20,05010KT,19,12
2023-05-20 21:00:00.000,2023,5,20,21,03010KT,18,12
2023-05-20 22:00:00.000,2023,5,20,22,01005KT,18,12
2023-05-20 23:00:00.000,2023,5,20,23,25005KT,16,13
2023-05-21 00:00:00.000,2023,5,21,0,33004KT,15,12
2023-05-21 01:00:00.000,2023,5,21,1,34003KT,14,12
2023-05-21 02:00:00.000,2023,5,21,2,VRB02KT,14,12
2023-05-21 03:00:00.000,2023,5,21,3,VRB02KT,13,11
2023-05-21 04:00:00.000,2023,5,21,4,33003KT,13,12
2023-05-21 05:00:00.000,2023,5,21,5,VRB02KT,13,12
2023-05-21 06:00:00.000,2023,5,21,6,21003KT,11,10
2023-05-21 07:00:00.000,2023,5,21,7,VRB02KT,11,10
2023-05-21 08:00:00.000,2023,5,21,8,33004KT,10,09
2023-05-21 09:00:00.000,2023,5,21,9,32003KT,09,09
2023-05-21 10:00:00.000,2023,5,21,10,VRB02KT,11,11
2023-05-21 11:00:00.000,2023,5,21,11,VRB02KT,11,10
2023-05-21 12:00:00.000,2023,5,21,12,33003KT,11,10
2023-05-21 13:00:00.000,2023,5,21,13,04006KT,14,12
2023-05-21 14:00:00.000,2023,5,21,14,08003KT,17,12
2023-05-21 15:00:00.000,2023,5,21,15,06005KT,18,12
2023-05-21 16:00:00.000,2023,5,21,16,19007KT,19,10
2023-05-21 17:00:00.000,2023,5,21,17,11006KT,19,09
2023-05-21 18:00:00.000,2023,5,21,18,26004KT,21,09
2023-05-21 19:00:00.000,2023,5,21,19,24011KT,20,12
2023-05-21 20:00:00.000,2023,5,21,20,24012KT,19,13
2023-05-21 21:00:00.000,2023,5,21,21,25009KT,18,13
2023-05-21 22:00:00.000,2023,5,21,22,27010KT,17,13
2023-05-21 23:00:00.000,2023,5,21,23,31005KT,15,13
2023-05-22 00:00:00.000,2023,5,22,0,28005KT,15,12
2023-05-22 01:00:00.000,2023,5,22,1,VRB02KT,14,12
2023-05-22 02:00:00.000,2023,5,22,2,26003KT,15,12
2023-05-22 03:00:00.000,2023,5,22,3,34003KT,13,12
2023-05-22 04:00:00.000,2023,5,22,4,35003KT,13,12
2023-05-22 05:00:00.000,2023,5,22,5,VRB02KT,12,11
2023-05-22 06:00:00.000,2023,5,22,6,29003KT,13,11
2023-05-22 07:00:00.000,2023,5,22,7,27003KT,12,11
2023-05-22 08:00:00.000,2023,5,22,8,VRB02KT,11,11
2023-05-22 09:00:00.000,2023,5,22,9,VRB02KT,12,11
2023-05-22 10:00:00.000,2023,5,22,10,26004KT,12,11
2023-05-22 10:30:00.000,2023,5,22,10,VRB02KT,13,12
2023-05-22 11:00:00.000,2023,5,22,11,VRB02KT,13,12
2023-05-22 12:00:00.000,2023,5,22,12,VRB02KT,12,11
2023-05-22 13:00:00.000,2023,5,22,13,VRB02KT,14,13
2023-05-22 14:00:00.000,2023,5,22,14,VRB02KT,18,12
2023-05-22 15:00:00.000,2023,5,22,15,05003KT,19,12
2023-05-22 16:00:00.000,2023,5,22,16,VRB02KT,20,12
2023-05-22 17:00:00.000,2023,5,22,17,18005KT,19,13
2023-05-22 18:00:00.000,2023,5,22,18,30013KT,17,13
2023-05-22 19:00:00.000,2023,5,22,19,35007KT,18,12
2023-05-22 20:00:00.000,2023,5,22,20,33006KT,17,12
2023-05-22 21:00:00.000,2023,5,22,21,34005KT,17,13
2023-05-22 22:00:00.000,2023,5,22,22,VRB02KT,17,13
2023-05-22 23:00:00.000,2023,5,22,23,25009KT,17,13
2023-05-22 23:07:00.000,2023,5,22,23,22007KT,15,14
2023-05-23 00:00:00.000,2023,5,23,0,24004KT,15,13
2023-05-23 01:00:00.000,2023,5,23,1,19004KT,15,13
2023-05-23 02:00:00.000,2023,5,23,2,27004KT,14,13
2023-05-23 03:00:00.000,2023,5,23,3,VRB02KT,14,13
2023-05-23 04:00:00.000,2023,5,23,4,VRB02KT,14,13
2023-05-23 05:00:00.000,2023,5,23,5,01003KT,13,12
2023-05-23 06:00:00.000,2023,5,23,6,VRB02KT,13,12
2023-05-23 07:00:00.000,2023,5,23,7,VRB02KT,13,12
2023-05-23 08:00:00.000,2023,5,23,8,VRB02KT,13,12
2023-05-23 09:00:00.000,2023,5,23,9,07006KT,13,11
2023-05-23 10:00:00.000,2023,5,23,10,05005KT,12,11
2023-05-23 10:31:00.000,2023,5,23,10,05005KT,12,11
2023-05-23 11:00:00.000,2023,5,23,11,04006KT,12,11
2023-05-23 12:00:00.000,2023,5,23,12,04006KT,12,11
2023-05-23 13:00:00.000,2023,5,23,13,04005KT,14,12
2023-05-23 14:00:00.000,2023,5,23,14,03005KT,16,12
2023-05-23 15:00:00.000,2023,5,23,15,22003KT,17,12
2023-05-23 16:00:00.000,2023,5,23,16,33004KT,18,12
2023-05-23 17:00:00.000,2023,5,23,17,03006KT,20,13
2023-05-23 18:00:00.000,2023,5,23,18,VRB04KT,17,14
2023-05-23 18:13:00.000,2023,5,23,18,17015KT,14,13
2023-05-23 19:00:00.000,2023,5,23,19,19007KT,13,12
2023-05-23 20:00:00.000,2023,5,23,20,35004KT,14,13
2023-05-23 21:00:00.000,2023,5,23,21,34006KT,16,13
2023-05-23 22:00:00.000,2023,5,23,22,02005KT,16,13
2023-05-23 23:00:00.000,2023,5,23,23,27006KT,15,12
2023-05-24 00:00:00.000,2023,5,24,0,29006KT,14,13
2023-05-24 01:00:00.000,2023,5,24,1,31005KT,14,13
2023-05-24 02:00:00.000,2023,5,24,2,33004KT,14,13
2023-05-24 03:00:00.000,2023,5,24,3,29005KT,14,13
2023-05-24 04:00:00.000,2023,5,24,4,22006KT,14,12
2023-05-24 05:00:00.000,2023,5,24,5,00000KT,24,24
2023-05-24 06:00:00.000,2023,5,24,6,VRB02KT,12,12
2023-05-24 07:00:00.000,2023,5,24,7,06003KT,12,12
2023-05-24 08:00:00.000,2023,5,24,8,VRB02KT,12,12
2023-05-24 09:00:00.000,2023,5,24,9,VRB02KT,11,11
2023-05-24 10:00:00.000,2023,5,24,10,VRB02KT,10,10
2023-05-24 10:31:00.000,2023,5,24,10,03003KT,09,09
2023-05-24 11:00:00.000,2023,5,24,11,05003KT,10,10
2023-05-24 11:35:00.000,2023,5,24,11,05004KT,10,10
2023-05-24 12:00:00.000,2023,5,24,12,04005KT,11,11
2023-05-24 12:31:00.000,2023,5,24,12,07005KT,13,13
2023-05-24 13:00:00.000,2023,5,24,13,07005KT,14,13
2023-05-24 14:00:00.000,2023,5,24,14,05006KT,17,13
2023-05-24 15:00:00.000,2023,5,24,15,VRB02KT,17,12
2023-05-24 16:00:00.000,2023,5,24,16,VRB02KT,18,11
2023-05-24 17:00:00.000,2023,5,24,17,04003KT,19,12
2023-05-24 18:00:00.000,2023,5,24,18,29009KT,18,14
2023-05-24 19:00:00.000,2023,5,24,19,30011KT,19,13
2023-05-24 20:00:00.000,2023,5,24,20,30009KT,19,13
2023-05-24 21:00:00.000,2023,5,24,21,32007KT,19,13
2023-05-24 22:00:00.000,2023,5,24,22,13006KT,15,11
2023-05-24 23:00:00.000,2023,5,24,23,04004KT,15,12
2023-05-25 00:00:00.000,2023,5,25,0,VRB02KT,14,12
2023-05-25 01:00:00.000,2023,5,25,1,VRB02KT,14,12
2023-05-25 02:00:00.000,2023,5,25,2,23003KT,15,13
2023-05-25 03:00:00.000,2023,5,25,3,VRB02KT,14,13
2023-05-25 04:00:00.000,2023,5,25,4,03003KT,14,12
2023-05-25 05:00:00.000,2023,5,25,5,VRB02KT,13,12
2023-05-25 06:00:00.000,2023,5,25,6,VRB02KT,13,13
2023-05-25 07:00:00.000,2023,5,25,7,04004KT,13,12
2023-05-25 08:00:00.000,2023,5,25,8,VRB02KT,12,12
2023-05-25 09:00:00.000,2023,5,25,9,25004KT,12,12
2023-05-25 10:00:00.000,2023,5,25,10,VRB02KT,12,11
2023-05-25 11:00:00.000,2023,5,25,11,06003KT,11,11
2023-05-25 12:00:00.000,2023,5,25,12,03005KT,13,12
2023-05-25 13:00:00.000,2023,5,25,13,04005KT,15,12
2023-05-25 14:00:00.000,2023,5,25,14,10004KT,17,11
2023-05-25 15:00:00.000,2023,5,25,15,VRB02KT,19,12
2023-05-25 16:00:00.000,2023,5,25,16,34005KT,20,11
2023-05-25 17:00:00.000,2023,5,25,17,27010KT,21,12
2023-05-25 18:00:00.000,2023,5,25,18,22008KT,17,12
2023-05-25 19:00:00.000,2023,5,25,19,17010KT,14,13
2023-05-25 20:00:00.000,2023,5,25,20,14004KT,15,12
2023-05-25 21:00:00.000,2023,5,25,21,06003KT,16,13
2023-05-25 22:00:00.000,2023,5,25,22,03002KT,16,14
2023-05-25 23:00:00.000,2023,5,25,23,VRB02KT,16,12
2023-05-26 00:00:00.000,2023,5,26,0,34004KT,14,13
2023-05-26 01:00:00.000,2023,5,26,1,02003KT,14,13
2023-05-26 02:00:00.000,2023,5,26,2,35004KT,14,13
2023-05-26 02:08:00.000,2023,5,26,2,36010KT,13,13
2023-05-26 03:00:00.000,2023,5,26,3,34005KT,13,13
2023-05-26 04:00:00.000,2023,5,26,4,34004KT,13,13
2023-05-26 05:00:00.000,2023,5,26,5,VRB02KT,13,12
2023-05-26 06:00:00.000,2023,5,26,6,VRB02KT,13,12
2023-05-26 07:00:00.000,2023,5,26,7,VRB02KT,12,12
2023-05-26 08:00:00.000,2023,5,26,8,VRB02KT,13,12
2023-05-26 09:00:00.000,2023,5,26,9,VRB02KT,12,12
2023-05-26 10:00:00.000,2023,5,26,10,VRB02KT,12,12
2023-05-26 10:30:00.000,2023,5,26,10,VRB03KT,13,12
2023-05-26 11:00:00.000,2023,5,26,11,07003KT,13,12
2023-05-26 12:00:00.000,2023,5,26,12,07005KT,13,12
2023-05-26 13:00:00.000,2023,5,26,13,06007KT,14,12
2023-05-26 14:00:00.000,2023,5,26,14,04006KT,14,12
2023-05-26 15:00:00.000,2023,5,26,15,18009KT,16,12
2023-05-26 16:00:00.000,2023,5,26,16,13005KT,15,11
2023-05-26 17:00:00.000,2023,5,26,17,13007KT,13,11
2023-05-26 18:00:00.000,2023,5,26,18,09003KT,13,11
2023-05-26 19:00:00.000,2023,5,26,19,10003KT,15,11
2023-05-26 20:00:00.000,2023,5,26,20,05005KT,16,12
2023-05-26 21:00:00.000,2023,5,26,21,06003KT,17,11
2023-05-26 22:00:00.000,2023,5,26,22,04005KT,16,12
2023-05-26 23:00:00.000,2023,5,26,23,01003KT,15,12
2023-05-27 00:00:00.000,2023,5,27,0,02004KT,13,10
2023-05-27 01:00:00.000,2023,5,27,1,33003KT,12,11
2023-05-27 02:00:00.000,2023,5,27,2,VRB02KT,12,11
2023-05-27 03:00:00.000,2023,5,27,3,VRB02KT,12,11
2023-05-27 04:00:00.000,2023,5,27,4,05003KT,12,11
2023-05-27 05:00:00.000,2023,5,27,5,07004KT,12,11
2023-05-27 06:00:00.000,2023,5,27,6,34003KT,12,10
2023-05-27 07:00:00.000,2023,5,27,7,VRB02KT,12,10
2023-05-27 08:00:00.000,2023,5,27,8,VRB02KT,12,10
2023-05-27 09:00:00.000,2023,5,27,9,VRB02KT,11,10
2023-05-27 10:00:00.000,2023,5,27,10,VRB02KT,11,10
2023-05-27 10:30:00.000,2023,5,27,10,01003KT,11,10
2023-05-27 11:00:00.000,2023,5,27,11,02003KT,11,10
2023-05-27 12:00:00.000,2023,5,27,12,VRB02KT,12,11
2023-05-27 13:00:00.000,2023,5,27,13,06004KT,13,12
2023-05-27 14:00:00.000,2023,5,27,14,03003KT,15,12
2023-05-27 15:00:00.000,2023,5,27,15,04006KT,16,12
2023-05-27 16:00:00.000,2023,5,27,16,04004KT,18,13
2023-05-27 17:00:00.000,2023,5,27,17,15010KT,19,10
2023-05-27 18:00:00.000,2023,5,27,18,18014KT,18,12
2023-05-27 19:00:00.000,2023,5,27,19,18004KT,20,11
2023-05-27 20:00:00.000,2023,5,27,20,25006KT,18,12
2023-05-27 21:00:00.000,2023,5,27,21,17006KT,20,10
2023-05-27 22:00:00.000,2023,5,27,22,VRB04KT,19,12
2023-05-27 23:00:00.000,2023,5,27,23,10004KT,16,12
2023-05-28 00:00:00.000,2023,5,28,0,35003KT,15,12
2023-05-28 01:00:00.000,2023,5,28,1,05005KT,14,13
2023-05-28 02:00:00.000,2023,5,28,2,04006KT,14,13
2023-05-28 03:00:00.000,2023,5,28,3,05005KT,14,12
2023-05-28 04:00:00.000,2023,5,28,4,05008KT,13,12
2023-05-28 05:00:00.000,2023,5,28,5,05005KT,12,11
2023-05-28 06:00:00.000,2023,5,28,6,06005KT,13,11
2023-05-28 07:00:00.000,2023,5,28,7,05007KT,12,11
2023-05-28 08:00:00.000,2023,5,28,8,05006KT,13,11
2023-05-28 09:00:00.000,2023,5,28,9,07004KT,12,11
2023-05-28 10:00:00.000,2023,5,28,10,08004KT,12,11
2023-05-28 10:29:00.000,2023,5,28,10,05004KT,12,11
2023-05-28 11:00:00.000,2023,5,28,11,03004KT,12,11
2023-05-28 12:00:00.000,2023,5,28,12,VRB02KT,12,11
2023-05-28 13:00:00.000,2023,5,28,13,02003KT,15,11
2023-05-28 14:00:00.000,2023,5,28,14,04003KT,17,12
2023-05-28 15:00:00.000,2023,5,28,15,07004KT,17,11
2023-05-28 16:00:00.000,2023,5,28,16,06006KT,19,12
2023-05-28 17:00:00.000,2023,5,28,17,14008KT,20,11
2023-05-28 18:00:00.000,2023,5,28,18,16009KT,21,10
2023-05-28 19:00:00.000,2023,5,28,19,08004KT,20,11
2023-05-28 20:00:00.000,2023,5,28,20,17010KT,18,11
2023-05-28 21:00:00.000,2023,5,28,21,14008KT,18,09
2023-05-28 22:00:00.000,2023,5,28,22,34005KT,16,13
2023-05-28 23:00:00.000,2023,5,28,23,32005KT,15,13
2023-05-29 00:00:00.000,2023,5,29,0,31005KT,13,12
2023-05-29 01:00:00.000,2023,5,29,1,32005KT,13,12
2023-05-29 02:00:00.000,2023,5,29,2,VRB02KT,11,11
2023-05-29 03:00:00.000,2023,5,29,3,VRB02KT,11,10
2023-05-29 04:00:00.000,2023,5,29,4,VRB02KT,10,10
2023-05-29 05:00:00.000,2023,5,29,5,VRB02KT,10,10
2023-05-29 06:00:00.000,2023,5,29,6,30003KT,11,10
2023-05-29 07:00:00.000,2023,5,29,7,VRB02KT,10,09
2023-05-29 08:00:00.000,2023,5,29,8,30003KT,10,10
2023-05-29 09:00:00.000,2023,5,29,9,VRB02KT,09,08
2023-05-29 10:00:00.000,2023,5,29,10,VRB02KT,09,09
2023-05-29 10:31:00.000,2023,5,29,10,03003KT,09,09
2023-05-29 10:34:00.000,2023,5,29,10,03003KT,09,09
2023-05-29 11:00:00.000,2023,5,29,11,04004KT,09,09
2023-05-29 12:00:00.000,2023,5,29,12,36003KT,11,11
2023-05-29 12:42:00.000,2023,5,29,12,VRB02KT,13,11
2023-05-29 13:00:00.000,2023,5,29,13,06004KT,14,12
2023-05-29 14:00:00.000,2023,5,29,14,03004KT,15,12
2023-05-29 15:00:00.000,2023,5,29,15,07003KT,18,12
2023-05-29 16:00:00.000,2023,5,29,16,VRB03KT,19,11
2023-05-29 17:00:00.000,2023,5,29,17,03005KT,18,11
2023-05-29 18:00:00.000,2023,5,29,18,28013KT,18,13
2023-05-29 19:00:00.000,2023,5,29,19,30010KT,17,13
2023-05-29 19:28:00.000,2023,5,29,19,30012KT,17,13
2023-05-29 20:00:00.000,2023,5,29,20,26008KT,15,14
2023-05-29 21:00:00.000,2023,5,29,21,24005KT,15,14
2023-05-29 22:00:00.000,2023,5,29,22,28008KT,15,14
2023-05-29 23:00:00.000,2023,5,29,23,30004KT,15,12
2023-05-30 00:00:00.000,2023,5,30,0,05003KT,12,12
2023-05-30 01:00:00.000,2023,5,30,1,34003KT,12,11
2023-05-30 02:00:00.000,2023,5,30,2,34003KT,12,11
2023-05-30 03:00:00.000,2023,5,30,3,01003KT,13,12
2023-05-30 04:00:00.000,2023,5,30,4,32003KT,12,11
2023-05-30 05:00:00.000,2023,5,30,5,33003KT,12,11
2023-05-30 06:00:00.000,2023,5,30,6,33003KT,12,11
2023-05-30 07:00:00.000,2023,5,30,7,VRB02KT,11,10
2023-05-30 08:00:00.000,2023,5,30,8,VRB02KT,11,10
2023-05-30 09:00:00.000,2023,5,30,9,VRB02KT,10,10
2023-05-30 10:00:00.000,2023,5,30,10,VRB02KT,10,10
2023-05-30 10:30:00.000,2023,5,30,10,31003KT,10,09
2023-05-30 10:32:00.000,2023,5,30,10,31003KT,10,09
2023-05-30 11:00:00.000,2023,5,30,11,01003KT,10,10
2023-05-30 12:00:00.000,2023,5,30,12,04003KT,12,11
2023-05-30 13:00:00.000,2023,5,30,13,34003KT,14,12
2023-05-30 14:00:00.000,2023,5,30,14,32004KT,14,12
2023-05-30 15:00:00.000,2023,5,30,15,23004KT,16,12
2023-05-30 16:00:00.000,2023,5,30,16,27007KT,16,12
2023-05-30 17:00:00.000,2023,5,30,17,24006KT,18,12
2023-05-30 18:00:00.000,2023,5,30,18,01005KT,18,11
2023-05-30 19:00:00.000,2023,5,30,19,01004KT,17,13
2023-05-30 20:00:00.000,2023,5,30,20,34007KT,20,13
2023-05-30 21:00:00.000,2023,5,30,21,31009KT,18,12
2023-05-30 22:00:00.000,2023,5,30,22,32005KT,17,11
2023-05-30 23:00:00.000,2023,5,30,23,11005KT,17,10
2023-05-31 00:00:00.000,2023,5,31,0,34003KT,14,11
2023-05-31 01:00:00.000,2023,5,31,1,01003KT,14,11
2023-05-31 02:00:00.000,2023,5,31,2,VRB02KT,13,11
2023-05-31 03:00:00.000,2023,5,31,3,29004KT,13,11
2023-05-31 04:00:00.000,2023,5,31,4,36003KT,11,10
2023-05-31 05:00:00.000,2023,5,31,5,06003KT,11,10
2023-05-31 06:00:00.000,2023,5,31,6,04006KT,11,10
2023-05-31 07:00:00.000,2023,5,31,7,VRB02KT,11,10
2023-05-31 08:00:00.000,2023,5,31,8,36004KT,11,10
2023-05-31 09:00:00.000,2023,5,31,9,07003KT,11,10
2023-05-31 10:00:00.000,2023,5,31,10,06004KT,11,10
2023-05-31 10:28:00.000,2023,5,31,10,35002KT,11,10
2023-05-31 11:00:00.000,2023,5,31,11,05004KT,11,10
2023-05-31 12:00:00.000,2023,5,31,12,01004KT,12,11
2023-05-31 13:00:00.000,2023,5,31,13,09003KT,13,11
2023-05-31 14:00:00.000,2023,5,31,14,06003KT,15,11
2023-05-31 15:00:00.000,2023,5,31,15,14006KT,17,10
2023-05-31 16:00:00.000,2023,5,31,16,17009KT,19,10
2023-05-31 17:00:00.000,2023,5,31,17,16012KT,20,12
2023-05-31 18:00:00.000,2023,5,31,18,17013KT,19,10
2023-05-31 19:00:00.000,2023,5,31,19,16009KT,20,10
2023-05-31 20:00:00.000,2023,5,31,20,15011KT,20,10
2023-05-31 21:00:00.000,2023,5,31,21,17008KT,21,09
2023-05-31 22:00:00.000,2023,5,31,22,VRB04KT,19,11
2023-05-31 23:00:00.000,2023,5,31,23,31007KT,17,13
2023-06-01 00:00:00.000,2023,6,1,0,32006KT,15,12
2023-06-01 01:00:00.000,2023,6,1,1,34004KT,15,12
2023-06-01 02:00:00.000,2023,6,1,2,03003KT,14,12
2023-06-01 03:00:00.000,2023,6,1,3,07003KT,14,11
2023-06-01 04:00:00.000,2023,6,1,4,36003KT,14,12
2023-06-01 05:00:00.000,2023,6,1,5,VRB02KT,13,12
2023-06-01 06:00:00.000,2023,6,1,6,06004KT,13,12
2023-06-01 07:00:00.000,2023,6,1,7,07004KT,13,12
2023-06-01 08:00:00.000,2023,6,1,8,03003KT,12,12
2023-06-01 09:00:00.000,2023,6,1,9,07003KT,13,11
2023-06-01 10:00:00.000,2023,6,1,10,03004KT,13,12
2023-06-01 10:32:00.000,2023,6,1,10,VRB02KT,12,12
2023-06-01 11:00:00.000,2023,6,1,11,07003KT,12,12
2023-06-01 12:00:00.000,2023,6,1,12,05005KT,14,12
2023-06-01 13:00:00.000,2023,6,1,13,02004KT,15,13
2023-06-01 14:00:00.000,2023,6,1,14,VRB03KT,15,11
2023-06-01 15:00:00.000,2023,6,1,15,04006KT,15,11
2023-06-01 16:00:00.000,2023,6,1,16,VRB02KT,16,12
2023-06-01 17:00:00.000,2023,6,1,17,18009KT,17,11
2023-06-01 18:00:00.000,2023,6,1,18,17012KT,18,10
2023-06-01 19:00:00.000,2023,6,1,19,16012KT,18,10
2023-06-01 20:00:00.000,2023,6,1,20,13008KT,19,10
2023-06-01 21:00:00.000,2023,6,1,21,12005KT,18,09
2023-06-01 22:00:00.000,2023,6,1,22,15009KT,18,09
2023-06-01 23:00:00.000,2023,6,1,23,16008KT,17,09
2023-06-02 00:00:00.000,2023,6,2,0,14006KT,16,09
2023-06-02 01:00:00.000,2023,6,2,1,VRB02KT,14,11
2023-06-02 02:00:00.000,2023,6,2,2,VRB02KT,13,11
2023-06-02 03:00:00.000,2023,6,2,3,VRB02KT,13,12
2023-06-02 04:00:00.000,2023,6,2,4,VRB02KT,12,11
2023-06-02 05:00:00.000,2023,6,2,5,03004KT,12,11
2023-06-02 06:00:00.000,2023,6,2,6,04006KT,12,11
2023-06-02 07:00:00.000,2023,6,2,7,04004KT,12,11
2023-06-02 08:00:00.000,2023,6,2,8,07004KT,12,11
2023-06-02 09:00:00.000,2023,6,2,9,VRB02KT,11,10
2023-06-02 10:00:00.000,2023,6,2,10,VRB02KT,11,10
2023-06-02 11:00:00.000,2023,6,2,11,05005KT,11,10
2023-06-02 12:00:00.000,2023,6,2,12,11003KT,13,09
2023-06-02 13:00:00.000,2023,6,2,13,08005KT,14,07
2023-06-02 14:00:00.000,2023,6,2,14,VRB06KT,16,06
2023-06-02 15:00:00.000,2023,6,2,15,14012KT,17,04
2023-06-02 16:00:00.000,2023,6,2,16,12008KT,18,07
2023-06-02 17:00:00.000,2023,6,2,17,16009KT,18,07
2023-06-02 18:00:00.000,2023,6,2,18,14010KT,18,07
2023-06-02 19:00:00.000,2023,6,2,19,12007KT,19,08
2023-06-02 20:00:00.000,2023,6,2,20,14009KT,19,08
2023-06-02 21:00:00.000,2023,6,2,21,14009KT,19,07
2023-06-02 22:00:00.000,2023,6,2,22,07005KT,19,07
2023-06-02 23:00:00.000,2023,6,2,23,08006KT,17,07
2023-06-03 00:00:00.000,2023,6,3,0,26005KT,15,10
2023-06-03 01:00:00.000,2023,6,3,1,32003KT,12,10
2023-06-03 02:00:00.000,2023,6,3,2,04004KT,13,09
2023-06-03 03:00:00.000,2023,6,3,3,03005KT,12,10
2023-06-03 04:00:00.000,2023,6,3,4,VRB02KT,13,10
2023-06-03 05:00:00.000,2023,6,3,5,01003KT,12,10
2023-06-03 06:00:00.000,2023,6,3,6,VRB02KT,12,10
2023-06-03 07:00:00.000,2023,6,3,7,29003KT,10,09
2023-06-03 08:00:00.000,2023,6,3,8,VRB02KT,10,09
2023-06-03 09:00:00.000,2023,6,3,9,04003KT,09,09
2023-06-03 10:00:00.000,2023,6,3,10,04003KT,09,09
2023-06-03 11:00:00.000,2023,6,3,11,07004KT,10,09
2023-06-03 12:00:00.000,2023,6,3,12,06005KT,12,10
2023-06-03 13:00:00.000,2023,6,3,13,05006KT,13,10
2023-06-03 13:25:00.000,2023,6,3,13,04006KT,15,10
2023-06-03 14:00:00.000,2023,6,3,14,06006KT,17,09
2023-06-03 15:00:00.000,2023,6,3,15,16003KT,19,09
2023-06-03 16:00:00.000,2023,6,3,16,15007KT,20,08
2023-06-03 17:00:00.000,2023,6,3,17,15009KT,20,08
2023-06-03 18:00:00.000,2023,6,3,18,14006KT,20,09
2023-06-03 19:00:00.000,2023,6,3,19,VRB04KT,20,09
2023-06-03 20:00:00.000,2023,6,3,20,14006KT,21,08
2023-06-03 21:00:00.000,2023,6,3,21,17008KT,22,08
2023-06-03 22:00:00.000,2023,6,3,22,VRB06KT,20,08
2023-06-03 23:00:00.000,2023,6,3,23,15005KT,19,08
2023-06-04 00:00:00.000,2023,6,4,0,33004KT,15,11
2023-06-04 01:00:00.000,2023,6,4,1,33005KT,13,10
2023-06-04 02:00:00.000,2023,6,4,2,34005KT,12,10
2023-06-04 03:00:00.000,2023,6,4,3,VRB02KT,12,10
2023-06-04 04:00:00.000,2023,6,4,4,04005KT,11,09
2023-06-04 05:00:00.000,2023,6,4,5,08003KT,11,09
2023-06-04 06:00:00.000,2023,6,4,6,VRB02KT,09,08
2023-06-04 07:00:00.000,2023,6,4,7,VRB02KT,09,09
2023-06-04 08:00:00.000,2023,6,4,8,VRB02KT,08,08
2023-06-04 09:00:00.000,2023,6,4,9,03004KT,08,08
2023-06-04 10:00:00.000,2023,6,4,10,03005KT,08,08
2023-06-04 10:30:00.000,2023,6,4,10,04005KT,09,08
2023-06-04 11:00:00.000,2023,6,4,11,05007KT,09,08
2023-06-04 12:00:00.000,2023,6,4,12,04005KT,12,09
2023-06-04 13:00:00.000,2023,6,4,13,06005KT,14,10
2023-06-04 14:00:00.000,2023,6,4,14,VRB04KT,16,09
2023-06-04 15:00:00.000,2023,6,4,15,09005KT,18,09
2023-06-04 16:00:00.000,2023,6,4,16,17008KT,19,07
2023-06-04 17:00:00.000,2023,6,4,17,12010KT,21,08
2023-06-04 18:00:00.000,2023,6,4,18,13011KT,20,09
2023-06-04 19:00:00.000,2023,6,4,19,11006KT,19,09
2023-06-04 20:00:00.000,2023,6,4,20,09007KT,18,10
2023-06-04 21:00:00.000,2023,6,4,21,VRB07KT,18,09
2023-06-04 22:00:00.000,2023,6,4,22,26006KT,17,11
2023-06-04 23:00:00.000,2023,6,4,23,10005KT,17,09
2023-06-05 00:00:00.000,2023,6,5,0,14005KT,15,09
2023-06-05 01:00:00.000,2023,6,5,1,VRB02KT,13,09
2023-06-05 02:00:00.000,2023,6,5,2,05003KT,13,09
2023-06-05 03:00:00.000,2023,6,5,3,01003KT,11,09
2023-06-05 04:00:00.000,2023,6,5,4,06003KT,11,09
2023-06-05 05:00:00.000,2023,6,5,5,06004KT,12,10
2023-06-05 06:00:00.000,2023,6,5,6,04004KT,11,10
2023-06-05 07:00:00.000,2023,6,5,7,VRB02KT,11,10
2023-06-05 08:00:00.000,2023,6,5,8,04004KT,11,10
2023-06-05 09:00:00.000,2023,6,5,9,03003KT,11,10
2023-06-05 10:00:00.000,2023,6,5,10,04004KT,11,10
2023-06-05 10:30:00.000,2023,6,5,10,06005KT,11,11
2023-06-05 11:00:00.000,2023,6,5,11,06005KT,11,11
2023-06-05 11:21:00.000,2023,6,5,11,06006KT,11,11
2023-06-05 12:00:00.000,2023,6,5,12,05006KT,12,11
2023-06-05 13:00:00.000,2023,6,5,13,06008KT,12,11
2023-06-05 14:00:00.000,2023,6,5,14,05008KT,12,11
2023-06-05 15:00:00.000,2023,6,5,15,08004KT,15,11
2023-06-05 16:00:00.000,2023,6,5,16,16005KT,16,11
2023-06-05 17:00:00.000,2023,6,5,17,16010KT,17,10
2023-06-05 18:00:00.000,2023,6,5,18,15013KT,19,10
2023-06-05 19:00:00.000,2023,6,5,19,16010KT,20,11
2023-06-05 20:00:00.000,2023,6,5,20,16011KT,20,09
2023-06-05 21:00:00.000,2023,6,5,21,13005KT,20,09
2023-06-05 22:00:00.000,2023,6,5,22,07005KT,19,10
2023-06-05 23:00:00.000,2023,6,5,23,VRB04KT,17,13
2023-06-06 00:00:00.000,2023,6,6,0,31006KT,14,13
2023-06-06 01:00:00.000,2023,6,6,1,12005KT,13,12
2023-06-06 02:00:00.000,2023,6,6,2,VRB02KT,13,12
2023-06-06 03:00:00.000,2023,6,6,3,VRB02KT,13,12
2023-06-06 04:00:00.000,2023,6,6,4,06003KT,12,12
2023-06-06 05:00:00.000,2023,6,6,5,36003KT,13,10
2023-06-06 06:00:00.000,2023,6,6,6,12003KT,13,11
2023-06-06 07:00:00.000,2023,6,6,7,VRB02KT,12,11
2023-06-06 08:00:00.000,2023,6,6,8,14005KT,12,10
2023-06-06 09:00:00.000,2023,6,6,9,VRB02KT,12,10
2023-06-06 10:00:00.000,2023,6,6,10,VRB02KT,12,11
2023-06-06 10:35:00.000,2023,6,6,10,VRB02KT,11,10
2023-06-06 11:00:00.000,2023,6,6,11,VRB02KT,12,11
2023-06-06 12:00:00.000,2023,6,6,12,13005KT,14,10
2023-06-06 13:00:00.000,2023,6,6,13,16010KT,15,09
2023-06-06 14:00:00.000,2023,6,6,14,14010KT,16,10
2023-06-06 15:00:00.000,2023,6,6,15,16011KT,17,09
2023-06-06 16:00:00.000,2023,6,6,16,16012KT,17,09
2023-06-06 17:00:00.000,2023,6,6,17,17012KT,18,09
2023-06-06 18:00:00.000,2023,6,6,18,14010KT,18,09
2023-06-06 19:00:00.000,2023,6,6,19,16008KT,19,10
2023-06-06 20:00:00.000,2023,6,6,20,20007KT,20,10
2023-06-06 21:00:00.000,2023,6,6,21,04010KT,18,10
2023-06-06 22:00:00.000,2023,6,6,22,05006KT,17,11
2023-06-06 23:00:00.000,2023,6,6,23,10006KT,16,10
2023-06-07 00:00:00.000,2023,6,7,0,13007KT,16,10
2023-06-07 01:00:00.000,2023,6,7,1,05004KT,15,09
2023-06-07 02:00:00.000,2023,6,7,2,VRB02KT,14,10
2023-06-07 03:00:00.000,2023,6,7,3,06004KT,12,10
2023-06-07 04:00:00.000,2023,6,7,4,06004KT,13,10
2023-06-07 05:00:00.000,2023,6,7,5,04004KT,12,10
2023-06-07 06:00:00.000,2023,6,7,6,04003KT,11,10
2023-06-07 07:00:00.000,2023,6,7,7,VRB02KT,11,10
2023-06-07 08:00:00.000,2023,6,7,8,33004KT,11,10
2023-06-07 09:00:00.000,2023,6,7,9,VRB02KT,11,10
2023-06-07 10:00:00.000,2023,6,7,10,02006KT,11,10
2023-06-07 11:00:00.000,2023,6,7,11,VRB03KT,11,09
2023-06-07 12:00:00.000,2023,6,7,12,VRB02KT,13,10
2023-06-07 12:32:00.000,2023,6,7,12,12006KT,15,09
2023-06-07 13:00:00.000,2023,6,7,13,11006KT,15,09
2023-06-07 14:00:00.000,2023,6,7,14,12006KT,17,10
2023-06-07 15:00:00.000,2023,6,7,15,12006KT,17,10
2023-06-07 16:00:00.000,2023,6,7,16,14007KT,18,10
2023-06-07 17:00:00.000,2023,6,7,17,17009KT,18,11
2023-06-07 18:00:00.000,2023,6,7,18,13009KT,18,11
2023-06-07 19:00:00.000,2023,6,7,19,14010KT,19,11
2023-06-07 20:00:00.000,2023,6,7,20,15009KT,19,11
2023-06-07 21:00:00.000,2023,6,7,21,14011KT,19,10
2023-06-07 22:00:00.000,2023,6,7,22,14008KT,19,11
2023-06-07 23:00:00.000,2023,6,7,23,11006KT,17,10
2023-06-08 00:00:00.000,2023,6,8,0,11005KT,17,10
2023-06-08 01:00:00.000,2023,6,8,1,VRB04KT,16,10
2023-06-08 02:00:00.000,2023,6,8,2,VRB02KT,14,10
2023-06-08 03:00:00.000,2023,6,8,3,06005KT,14,11
2023-06-08 04:00:00.000,2023,6,8,4,VRB02KT,14,11
2023-06-08 05:00:00.000,2023,6,8,5,VRB02KT,14,11
2023-06-08 06:00:00.000,2023,6,8,6,VRB02KT,13,10
2023-06-08 07:00:00.000,2023,6,8,7,02003KT,11,10
2023-06-08 08:00:00.000,2023,6,8,8,VRB02KT,12,10
2023-06-08 09:00:00.000,2023,6,8,9,28004KT,11,10
2023-06-08 10:00:00.000,2023,6,8,10,VRB02KT,11,10
2023-06-08 10:30:00.000,2023,6,8,10,VRB02KT,11,10
2023-06-08 11:00:00.000,2023,6,8,11,VRB02KT,12,10
2023-06-08 12:00:00.000,2023,6,8,12,VRB02KT,12,11
2023-06-08 13:00:00.000,2023,6,8,13,VRB02KT,14,12
2023-06-08 14:00:00.000,2023,6,8,14,34004KT,16,11
2023-06-08 15:00:00.000,2023,6,8,15,VRB02KT,17,11
2023-06-08 16:00:00.000,2023,6,8,16,19004KT,19,10
2023-06-08 17:00:00.000,2023,6,8,17,12009KT,17,09
2023-06-08 18:00:00.000,2023,6,8,18,10005KT,18,12
2023-06-08 19:00:00.000,2023,6,8,19,13009KT,19,10
2023-06-08 20:00:00.000,2023,6,8,20,15007KT,20,10
2023-06-08 21:00:00.000,2023,6,8,21,13005KT,19,09
2023-06-08 22:00:00.000,2023,6,8,22,18010KT,18,09
2023-06-08 23:00:00.000,2023,6,8,23,13007KT,17,10
2023-06-09 00:00:00.000,2023,6,9,0,08005KT,15,12
2023-06-09 01:00:00.000,2023,6,9,1,06007KT,13,11
2023-06-09 02:00:00.000,2023,6,9,2,05005KT,12,10
2023-06-09 03:00:00.000,2023,6,9,3,05006KT,12,10
2023-06-09 04:00:00.000,2023,6,9,4,02006KT,12,10
2023-06-09 05:00:00.000,2023,6,9,5,05005KT,12,10
2023-06-09 06:00:00.000,2023,6,9,6,VRB02G15KT,12,10
2023-06-09 07:00:00.000,2023,6,9,7,VRB02KT,11,10
2023-06-09 08:00:00.000,2023,6,9,8,VRB02KT,11,10
2023-06-09 09:00:00.000,2023,6,9,9,VRB02KT,11,10
2023-06-09 10:00:00.000,2023,6,9,10,06005KT,12,10
2023-06-09 10:32:00.000,2023,6,9,10,VRB02KT,11,10
2023-06-09 11:00:00.000,2023,6,9,11,05004KT,11,10
2023-06-09 12:00:00.000,2023,6,9,12,03006KT,13,10
2023-06-09 13:00:00.000,2023,6,9,13,07004KT,16,10
2023-06-09 14:00:00.000,2023,6,9,14,08005KT,16,10
2023-06-09 15:00:00.000,2023,6,9,15,12006KT,17,09
2023-06-09 16:00:00.000,2023,6,9,16,14007KT,17,09
2023-06-09 17:00:00.000,2023,6,9,17,17007KT,18,09
2023-06-09 18:00:00.000,2023,6,9,18,15008KT,19,09
2023-06-09 19:00:00.000,2023,6,9,19,14008KT,20,10
2023-06-09 20:00:00.000,2023,6,9,20,13011KT,19,10
2023-06-09 21:00:00.000,2023,6,9,21,16010KT,19,10
2023-06-09 22:00:00.000,2023,6,9,22,VRB02KT,18,09
2023-06-09 23:00:00.000,2023,6,9,23,14006KT,17,10
2023-06-10 00:00:00.000,2023,6,10,0,06005KT,16,10
2023-06-10 01:00:00.000,2023,6,10,1,03005KT,14,11
2023-06-10 02:00:00.000,2023,6,10,2,06004KT,12,10
2023-06-10 03:00:00.000,2023,6,10,3,07005KT,12,09
2023-06-10 04:00:00.000,2023,6,10,4,VRB02KT,11,10
2023-06-10 05:00:00.000,2023,6,10,5,28003KT,09,09
2023-06-10 06:00:00.000,2023,6,10,6,03003KT,09,09
2023-06-10 07:00:00.000,2023,6,10,7,VRB02KT,09,09
2023-06-10 08:00:00.000,2023,6,10,8,04003KT,09,08
2023-06-10 09:00:00.000,2023,6,10,9,35003KT,08,07
2023-06-10 10:00:00.000,2023,6,10,10,VRB02KT,07,07
2023-06-10 10:30:00.000,2023,6,10,10,07005KT,08,08
2023-06-10 11:00:00.000,2023,6,10,11,07004KT,08,08
2023-06-10 12:00:00.000,2023,6,10,12,09003KT,11,09
2023-06-10 13:00:00.000,2023,6,10,13,03005KT,12,10
2023-06-10 14:00:00.000,2023,6,10,14,05006KT,16,10
2023-06-10 15:00:00.000,2023,6,10,15,VRB04KT,17,11
2023-06-10 16:00:00.000,2023,6,10,16,03007KT,18,10
2023-06-10 17:00:00.000,2023,6,10,17,09011KT,18,09
2023-06-10 18:00:00.000,2023,6,10,18,12008KT,19,09
2023-06-10 19:00:00.000,2023,6,10,19,11007KT,20,09
2023-06-10 20:00:00.000,2023,6,10,20,12006KT,20,10
2023-06-10 21:00:00.000,2023,6,10,21,12006KT,20,08
2023-06-10 22:00:00.000,2023,6,10,22,29005KT,18,12
2023-06-10 23:00:00.000,2023,6,10,23,28005KT,14,11
2023-06-11 00:00:00.000,2023,6,11,0,29003KT,12,10
2023-06-11 01:00:00.000,2023,6,11,1,VRB02KT,11,09
2023-06-11 02:00:00.000,2023,6,11,2,VRB02KT,10,10
2023-06-11 03:00:00.000,2023,6,11,3,36003KT,09,08
2023-06-11 04:00:00.000,2023,6,11,4,VRB02KT,10,10
2023-06-11 05:00:00.000,2023,6,11,5,36004KT,09,09
2023-06-11 06:00:00.000,2023,6,11,6,VRB02KT,09,09
2023-06-11 07:00:00.000,2023,6,11,7,34005KT,07,07
2023-06-11 08:00:00.000,2023,6,11,8,VRB02KT,08,08
2023-06-11 09:00:00.000,2023,6,11,9,VRB02KT,06,06
2023-06-11 10:00:00.000,2023,6,11,10,VRB02KT,05,05
2023-06-11 10:29:00.000,2023,6,11,10,35003KT,04,04
2023-06-11 11:00:00.000,2023,6,11,11,VRB02KT,04,04
2023-06-11 11:33:00.000,2023,6,11,11,VRB02KT,05,05
2023-06-11 12:00:00.000,2023,6,11,12,VRB02KT,06,06
2023-06-11 12:14:00.000,2023,6,11,12,VRB02KT,09,09
2023-06-11 13:00:00.000,2023,6,11,13,07004KT,12,11
2023-06-11 14:00:00.000,2023,6,11,14,06006KT,15,11
2023-06-11 15:00:00.000,2023,6,11,15,07005KT,17,10
2023-06-11 16:00:00.000,2023,6,11,16,VRB02KT,18,10
2023-06-11 17:00:00.000,2023,6,11,17,19007KT,18,09
2023-06-11 18:00:00.000,2023,6,11,18,11008KT,17,09
2023-06-11 19:00:00.000,2023,6,11,19,15016KT,17,09
2023-06-11 20:00:00.000,2023,6,11,20,18011KT,16,09
2023-06-11 21:00:00.000,2023,6,11,21,16009KT,16,08
2023-06-11 22:00:00.000,2023,6,11,22,08003KT,16,09
2023-06-11 23:00:00.000,2023,6,11,23,09006KT,16,08
2023-06-12 00:00:00.000,2023,6,12,0,09005KT,15,09
2023-06-12 01:00:00.000,2023,6,12,1,05004KT,13,09
2023-06-12 02:00:00.000,2023,6,12,2,07007KT,14,08
2023-06-12 03:00:00.000,2023,6,12,3,05006KT,13,09
2023-06-12 04:00:00.000,2023,6,12,4,04006KT,12,10
2023-06-12 05:00:00.000,2023,6,12,5,05008KT,12,10
2023-06-12 06:00:00.000,2023,6,12,6,06005KT,12,10
2023-06-12 07:00:00.000,2023,6,12,7,05004KT,12,10
2023-06-12 08:00:00.000,2023,6,12,8,04007KT,11,10
2023-06-12 09:00:00.000,2023,6,12,9,07005KT,10,09
2023-06-12 10:00:00.000,2023,6,12,10,VRB02KT,10,09
2023-06-12 10:31:00.000,2023,6,12,10,VRB02KT,10,09
2023-06-12 11:00:00.000,2023,6,12,11,05003KT,08,07
2023-06-12 12:00:00.000,2023,6,12,12,05004KT,12,10
2023-06-12 13:00:00.000,2023,6,12,13,05009KT,15,10
2023-06-12 14:00:00.000,2023,6,12,14,08012KT,18,10
2023-06-12 15:00:00.000,2023,6,12,15,11014KT,18,09
2023-06-12 16:00:00.000,2023,6,12,16,13017KT,19,09
2023-06-12 17:00:00.000,2023,6,12,17,13015KT,19,10
2023-06-12 18:00:00.000,2023,6,12,18,13010KT,20,11
2023-06-12 19:00:00.000,2023,6,12,19,15010KT,19,09
2023-06-12 20:00:00.000,2023,6,12,20,14012KT,18,10
2023-06-12 21:00:00.000,2023,6,12,21,17010KT,18,10
2023-06-12 22:00:00.000,2023,6,12,22,14006KT,17,10
2023-06-12 23:00:00.000,2023,6,12,23,12007KT,17,10
2023-06-13 00:00:00.000,2023,6,13,0,09004KT,15,10
2023-06-13 01:00:00.000,2023,6,13,1,10003KT,14,10
2023-06-13 02:00:00.000,2023,6,13,2,09003KT,13,10
2023-06-13 03:00:00.000,2023,6,13,3,04004KT,10,09
2023-06-13 04:00:00.000,2023,6,13,4,04003KT,11,09
2023-06-13 05:00:00.000,2023,6,13,5,04006KT,12,10
2023-06-13 06:00:00.000,2023,6,13,6,05004KT,12,10
2023-06-13 07:00:00.000,2023,6,13,7,VRB02KT,13,10
2023-06-13 08:00:00.000,2023,6,13,8,34004KT,11,10
2023-06-13 09:00:00.000,2023,6,13,9,VRB02KT,10,09
2023-06-13 10:00:00.000,2023,6,13,10,VRB02KT,11,09
2023-06-13 10:31:00.000,2023,6,13,10,09003KT,11,09
2023-06-13 11:00:00.000,2023,6,13,11,08004KT,11,09
2023-06-13 12:00:00.000,2023,6,13,12,08005KT,13,10
2023-06-13 13:00:00.000,2023,6,13,13,07007KT,16,09
2023-06-13 14:00:00.000,2023,6,13,14,12009KT,18,08
2023-06-13 15:00:00.000,2023,6,13,15,13012KT,19,09
2023-06-13 16:00:00.000,2023,6,13,16,14012KT,19,08
2023-06-13 17:00:00.000,2023,6,13,17,13013KT,20,09
2023-06-13 18:00:00.000,2023,6,13,18,13011KT,20,10
2023-06-13 19:00:00.000,2023,6,13,19,13008KT,21,09
2023-06-13 20:00:00.000,2023,6,13,20,12010KT,20,08
2023-06-13 21:00:00.000,2023,6,13,21,12008KT,20,08
2023-06-13 22:00:00.000,2023,6,13,22,11009KT,18,09
2023-06-13 23:00:00.000,2023,6,13,23,13008KT,17,08
2023-06-14 00:00:00.000,2023,6,14,0,13006KT,16,08
2023-06-14 01:00:00.000,2023,6,14,1,11004KT,15,09
2023-06-14 02:00:00.000,2023,6,14,2,VRB04KT,16,09
2023-06-14 03:00:00.000,2023,6,14,3,12004KT,16,08
2023-06-14 04:00:00.000,2023,6,14,4,02006KT,13,10
2023-06-14 05:00:00.000,2023,6,14,5,05007KT,13,10
2023-06-14 06:00:00.000,2023,6,14,6,05004KT,13,10
2023-06-14 07:00:00.000,2023,6,14,7,VRB02KT,11,09
2023-06-14 08:00:00.000,2023,6,14,8,VRB02KT,12,09
2023-06-14 09:00:00.000,2023,6,14,9,VRB02KT,12,10
2023-06-14 10:00:00.000,2023,6,14,10,VRB02KT,12,10
2023-06-14 10:30:00.000,2023,6,14,10,02004KT,12,10
2023-06-14 11:00:00.000,2023,6,14,11,06005KT,12,10
2023-06-14 12:00:00.000,2023,6,14,12,03004KT,12,11
2023-06-14 13:00:00.000,2023,6,14,13,36003KT,14,11
2023-06-14 14:00:00.000,2023,6,14,14,10003KT,16,10
2023-06-14 15:00:00.000,2023,6,14,15,12006KT,17,10
2023-06-14 16:00:00.000,2023,6,14,16,VRB06KT,18,11
2023-06-14 17:00:00.000,2023,6,14,17,16011KT,17,11
2023-06-14 18:00:00.000,2023,6,14,18,13010KT,16,11
2023-06-14 19:00:00.000,2023,6,14,19,16006KT,16,11
2023-06-14 20:00:00.000,2023,6,14,20,09004KT,18,11
2023-06-14 21:00:00.000,2023,6,14,21,11007KT,17,10
2023-06-14 22:00:00.000,2023,6,14,22,14011KT,16,09
2023-06-14 23:00:00.000,2023,6,14,23,13009KT,15,09
2023-06-15 00:00:00.000,2023,6,15,0,VRB03KT,14,10
2023-06-15 01:00:00.000,2023,6,15,1,13006KT,14,09
2023-06-15 02:00:00.000,2023,6,15,2,12005KT,14,10
2023-06-15 03:00:00.000,2023,6,15,3,10003KT,13,11
2023-06-15 04:00:00.000,2023,6,15,4,10004KT,14,09
2023-06-15 05:00:00.000,2023,6,15,5,07006KT,12,10
2023-06-15 06:00:00.000,2023,6,15,6,07005KT,12,09
2023-06-15 07:00:00.000,2023,6,15,7,07008KT,11,09
2023-06-15 08:00:00.000,2023,6,15,8,06006KT,11,09
2023-06-15 09:00:00.000,2023,6,15,9,VRB02KT,12,09
2023-06-15 10:00:00.000,2023,6,15,10,VRB02KT,11,09
2023-06-15 10:31:00.000,2023,6,15,10,06005KT,12,10
2023-06-15 11:00:00.000,2023,6,15,11,07005KT,12,09
2023-06-15 12:00:00.000,2023,6,15,12,07008KT,13,10
2023-06-15 13:00:00.000,2023,6,15,13,08006KT,14,10
2023-06-15 14:00:00.000,2023,6,15,14,12009KT,15,09
2023-06-15 15:00:00.000,2023,6,15,15,11008KT,16,10
2023-06-15 16:00:00.000,2023,6,15,16,14012KT,17,10
2023-06-15 17:00:00.000,2023,6,15,17,15015KT,17,10
2023-06-15 18:00:00.000,2023,6,15,18,16016KT,16,09
2023-06-15 19:00:00.000,2023,6,15,19,13011KT,17,09
2023-06-15 20:00:00.000,2023,6,15,20,13009KT,18,09
2023-06-15 21:00:00.000,2023,6,15,21,14007KT,17,08
2023-06-15 22:00:00.000,2023,6,15,22,14008KT,16,09
2023-06-15 23:00:00.000,2023,6,15,23,18008KT,15,09
2023-06-16 00:00:00.000,2023,6,16,0,11004KT,15,10
2023-06-16 01:00:00.000,2023,6,16,1,07003KT,14,11
2023-06-16 02:00:00.000,2023,6,16,2,08005KT,12,11
2023-06-16 03:00:00.000,2023,6,16,3,04004KT,13,11
2023-06-16 04:00:00.000,2023,6,16,4,21003KT,13,11
2023-06-16 05:00:00.000,2023,6,16,5,VRB02KT,12,11
2023-06-16 06:00:00.000,2023,6,16,6,VRB02KT,11,11
2023-06-16 07:00:00.000,2023,6,16,7,VRB02KT,11,11
2023-06-16 08:00:00.000,2023,6,16,8,07005KT,11,10
2023-06-16 09:00:00.000,2023,6,16,9,VRB02KT,10,10
2023-06-16 10:00:00.000,2023,6,16,10,03003KT,10,09
2023-06-16 10:30:00.000,2023,6,16,10,03003KT,10,09
2023-06-16 11:00:00.000,2023,6,16,11,VRB02KT,09,09
2023-06-16 12:00:00.000,2023,6,16,12,02006KT,12,10
2023-06-16 12:36:00.000,2023,6,16,12,36004KT,14,11
2023-06-16 13:00:00.000,2023,6,16,13,01005KT,15,11
2023-06-16 14:00:00.000,2023,6,16,14,08005KT,15,11
2023-06-16 15:00:00.000,2023,6,16,15,VRB03KT,17,10
2023-06-16 16:00:00.000,2023,6,16,16,16009KT,18,10
2023-06-16 17:00:00.000,2023,6,16,17,16009KT,17,10
2023-06-16 18:00:00.000,2023,6,16,18,17012KT,18,10
2023-06-16 19:00:00.000,2023,6,16,19,15010KT,17,10
2023-06-16 20:00:00.000,2023,6,16,20,15007KT,17,10
2023-06-16 21:00:00.000,2023,6,16,21,18012KT,17,09
2023-06-16 22:00:00.000,2023,6,16,22,17012KT,17,10
2023-06-16 23:00:00.000,2023,6,16,23,16010KT,16,10
2023-06-17 00:00:00.000,2023,6,17,0,16009KT,14,09
2023-06-17 01:00:00.000,2023,6,17,1,14007KT,14,09
2023-06-17 02:00:00.000,2023,6,17,2,14008KT,14,09
2023-06-17 03:00:00.000,2023,6,17,3,14011KT,13,09
2023-06-17 04:00:00.000,2023,6,17,4,15009KT,13,09
2023-06-17 05:00:00.000,2023,6,17,5,15009KT,13,09
2023-06-17 06:00:00.000,2023,6,17,6,14006KT,12,09
2023-06-17 07:00:00.000,2023,6,17,7,14006KT,12,09
2023-06-17 08:00:00.000,2023,6,17,8,15005KT,12,09
2023-06-17 09:00:00.000,2023,6,17,9,17005KT,12,09
2023-06-17 10:00:00.000,2023,6,17,10,VRB02KT,12,09
2023-06-17 11:00:00.000,2023,6,17,11,VRB02KT,12,09
2023-06-17 12:00:00.000,2023,6,17,12,19007KT,13,09
2023-06-17 13:00:00.000,2023,6,17,13,19007KT,14,10
2023-06-17 14:00:00.000,2023,6,17,14,18008KT,15,10
2023-06-17 15:00:00.000,2023,6,17,15,17010KT,15,10
2023-06-17 16:00:00.000,2023,6,17,16,17009KT,16,10
2023-06-17 17:00:00.000,2023,6,17,17,16012KT,16,10
2023-06-17 18:00:00.000,2023,6,17,18,17014KT,17,10
2023-06-17 19:00:00.000,2023,6,17,19,16015KT,18,09
2023-06-17 20:00:00.000,2023,6,17,20,16017KT,18,09
2023-06-17 21:00:00.000,2023,6,17,21,16015KT,17,08
2023-06-17 22:00:00.000,2023,6,17,22,17015KT,15,09
2023-06-17 23:00:00.000,2023,6,17,23,14011KT,14,08
2023-06-18 00:00:00.000,2023,6,18,0,14010KT,13,08
2023-06-18 01:00:00.000,2023,6,18,1,14010KT,13,08
2023-06-18 02:00:00.000,2023,6,18,2,13005KT,13,08
2023-06-18 03:00:00.000,2023,6,18,3,16008KT,12,08
2023-06-18 04:00:00.000,2023,6,18,4,14004KT,11,08
2023-06-18 05:00:00.000,2023,6,18,5,20005KT,13,08
2023-06-18 06:00:00.000,2023,6,18,6,19004KT,13,08
2023-06-18 07:00:00.000,2023,6,18,7,17006KT,13,08
2023-06-18 08:00:00.000,2023,6,18,8,17005KT,12,08
2023-06-18 09:00:00.000,2023,6,18,9,15003KT,12,08
2023-06-18 10:00:00.000,2023,6,18,10,18008KT,12,08
2023-06-18 10:31:00.000,2023,6,18,10,16008KT,12,08
2023-06-18 11:00:00.000,2023,6,18,11,16008KT,12,08
2023-06-18 12:00:00.000,2023,6,18,12,17006KT,12,09
2023-06-18 13:00:00.000,2023,6,18,13,19008KT,13,10
2023-06-18 14:00:00.000,2023,6,18,14,15006KT,15,09
2023-06-18 15:00:00.000,2023,6,18,15,15011KT,16,08
2023-06-18 16:00:00.000,2023,6,18,16,14013KT,16,09
2023-06-18 17:00:00.000,2023,6,18,17,15014KT,18,10
2023-06-18 18:00:00.000,2023,6,18,18,15017KT,17,09
2023-06-18 19:00:00.000,2023,6,18,19,15016KT,17,08
2023-06-18 20:00:00.000,2023,6,18,20,14014KT,16,08
2023-06-18 21:00:00.000,2023,6,18,21,14016KT,17,08
2023-06-18 22:00:00.000,2023,6,18,22,16015KT,16,08
2023-06-18 23:00:00.000,2023,6,18,23,14011KT,14,08
2023-06-19 00:00:00.000,2023,6,19,0,14010KT,13,07
2023-06-19 01:00:00.000,2023,6,19,1,11004KT,14,08
2023-06-19 02:00:00.000,2023,6,19,2,11007KT,14,09
2023-06-19 03:00:00.000,2023,6,19,3,11006KT,13,09
2023-06-19 04:00:00.000,2023,6,19,4,10006KT,13,09
2023-06-19 05:00:00.000,2023,6,19,5,13005KT,12,10
2023-06-19 06:00:00.000,2023,6,19,6,VRB02KT,12,11
2023-06-19 07:00:00.000,2023,6,19,7,00000KT,12,10
2023-06-19 08:00:00.000,2023,6,19,8,12003KT,12,10
2023-06-19 09:00:00.000,2023,6,19,9,12004KT,12,09
2023-06-19 10:00:00.000,2023,6,19,10,15005KT,13,09
2023-06-19 10:33:00.000,2023,6,19,10,19004KT,12,09
2023-06-19 11:00:00.000,2023,6,19,11,20004KT,12,09
2023-06-19 12:00:00.000,2023,6,19,12,13005KT,13,09
2023-06-19 13:00:00.000,2023,6,19,13,15010KT,15,09
2023-06-19 14:00:00.000,2023,6,19,14,14012KT,17,09
2023-06-19 15:00:00.000,2023,6,19,15,16013KT,17,09
2023-06-19 16:00:00.000,2023,6,19,16,15012KT,19,09
2023-06-19 17:00:00.000,2023,6,19,17,18012KT,18,09
2023-06-19 18:00:00.000,2023,6,19,18,17010KT,19,09
2023-06-19 19:00:00.000,2023,6,19,19,17013KT,19,09
2023-06-19 20:00:00.000,2023,6,19,20,14008KT,19,09
2023-06-19 21:00:00.000,2023,6,19,21,11008KT,19,10
2023-06-19 22:00:00.000,2023,6,19,22,15010KT,18,09
2023-06-19 23:00:00.000,2023,6,19,23,16012KT,16,09
2023-06-20 00:00:00.000,2023,6,20,0,12006KT,15,09
2023-06-20 01:00:00.000,2023,6,20,1,12008KT,15,09
2023-06-20 02:00:00.000,2023,6,20,2,10005KT,14,09
2023-06-20 03:00:00.000,2023,6,20,3,10006KT,14,09
2023-06-20 04:00:00.000,2023,6,20,4,12005KT,14,08
2023-06-20 05:00:00.000,2023,6,20,5,12005KT,13,08
2023-06-20 06:00:00.000,2023,6,20,6,10005KT,13,08
2023-06-20 07:00:00.000,2023,6,20,7,11003KT,13,08
2023-06-20 08:00:00.000,2023,6,20,8,09003KT,13,08
2023-06-20 09:00:00.000,2023,6,20,9,09004KT,13,08
2023-06-20 10:00:00.000,2023,6,20,10,10004KT,13,08
2023-06-20 10:30:00.000,2023,6,20,10,12004KT,14,07
2023-06-20 11:00:00.000,2023,6,20,11,12006KT,13,07
2023-06-20 12:00:00.000,2023,6,20,12,09004KT,15,08
2023-06-20 13:00:00.000,2023,6,20,13,11007KT,17,08
2023-06-20 14:00:00.000,2023,6,20,14,12009KT,18,08
2023-06-20 15:00:00.000,2023,6,20,15,14013KT,18,09
2023-06-20 16:00:00.000,2023,6,20,16,16012KT,19,09
2023-06-20 17:00:00.000,2023,6,20,17,13013KT,19,08
2023-06-20 18:00:00.000,2023,6,20,18,12010KT,19,08
2023-06-20 19:00:00.000,2023,6,20,19,12010KT,19,08
2023-06-20 20:00:00.000,2023,6,20,20,12009KT,19,09
2023-06-20 21:00:00.000,2023,6,20,21,13010KT,18,09
2023-06-20 22:00:00.000,2023,6,20,22,13011KT,18,09
2023-06-20 23:00:00.000,2023,6,20,23,13009KT,16,09
2023-06-21 00:00:00.000,2023,6,21,0,12006KT,16,10
2023-06-21 01:00:00.000,2023,6,21,1,13005KT,16,09
2023-06-21 02:00:00.000,2023,6,21,2,14006KT,15,09
2023-06-21 03:00:00.000,2023,6,21,3,10003KT,15,10
2023-06-21 04:00:00.000,2023,6,21,4,13006KT,15,10
2023-06-21 05:00:00.000,2023,6,21,5,10004KT,14,09
2023-06-21 06:00:00.000,2023,6,21,6,10004KT,13,10
2023-06-21 07:00:00.000,2023,6,21,7,34005KT,11,10
2023-06-21 08:00:00.000,2023,6,21,8,VRB02KT,12,10
2023-06-21 09:00:00.000,2023,6,21,9,05003KT,12,11
2023-06-21 10:00:00.000,2023,6,21,10,VRB02KT,12,10
2023-06-21 10:31:00.000,2023,6,21,10,VRB02KT,12,11
2023-06-21 11:00:00.000,2023,6,21,11,VRB02KT,14,10
2023-06-21 12:00:00.000,2023,6,21,12,28004KT,14,11
2023-06-21 13:00:00.000,2023,6,21,13,34003KT,15,12
2023-06-21 14:00:00.000,2023,6,21,14,18006KT,15,11
2023-06-21 15:00:00.000,2023,6,21,15,15014KT,17,11
2023-06-21 16:00:00.000,2023,6,21,16,16016KT,18,11
2023-06-21 17:00:00.000,2023,6,21,17,15015KT,19,10
2023-06-21 18:00:00.000,2023,6,21,18,15014KT,18,10
2023-06-21 19:00:00.000,2023,6,21,19,14011KT,19,11
2023-06-21 20:00:00.000,2023,6,21,20,15010KT,20,09
2023-06-21 21:00:00.000,2023,6,21,21,15010KT,19,10
2023-06-21 22:00:00.000,2023,6,21,22,14011KT,18,10
2023-06-21 23:00:00.000,2023,6,21,23,12005KT,16,10
2023-06-22 00:00:00.000,2023,6,22,0,05005KT,14,11
2023-06-22 01:00:00.000,2023,6,22,1,VRB03KT,15,11
2023-06-22 02:00:00.000,2023,6,22,2,12003KT,15,10
2023-06-22 03:00:00.000,2023,6,22,3,06006KT,14,10
2023-06-22 04:00:00.000,2023,6,22,4,05004KT,14,11
2023-06-22 05:00:00.000,2023,6,22,5,03005KT,13,11
2023-06-22 06:00:00.000,2023,6,22,6,03003KT,13,11
2023-06-22 07:00:00.000,2023,6,22,7,02005KT,13,11
2023-06-22 08:00:00.000,2023,6,22,8,04007KT,13,11
2023-06-22 09:00:00.000,2023,6,22,9,06003KT,13,11
2023-06-22 10:00:00.000,2023,6,22,10,04004KT,12,11
2023-06-22 10:30:00.000,2023,6,22,10,20004KT,13,11
2023-06-22 11:00:00.000,2023,6,22,11,23003KT,13,11
2023-06-22 12:00:00.000,2023,6,22,12,04004KT,13,12
2023-06-22 13:00:00.000,2023,6,22,13,05005KT,15,12
2023-06-22 14:00:00.000,2023,6,22,14,06006KT,16,12
2023-06-22 15:00:00.000,2023,6,22,15,21004KT,16,12
2023-06-22 16:00:00.000,2023,6,22,16,VRB02KT,18,12
2023-06-22 17:00:00.000,2023,6,22,17,13010KT,19,10
2023-06-22 18:00:00.000,2023,6,22,18,15009KT,19,10
2023-06-22 19:00:00.000,2023,6,22,19,14007KT,20,09
2023-06-22 20:00:00.000,2023,6,22,20,14012KT,21,09
2023-06-22 21:00:00.000,2023,6,22,21,15008KT,19,09
2023-06-22 22:00:00.000,2023,6,22,22,15007KT,19,10
2023-06-22 23:00:00.000,2023,6,22,23,07005KT,18,10
2023-06-23 00:00:00.000,2023,6,23,0,09004KT,17,10
2023-06-23 01:00:00.000,2023,6,23,1,36003KT,15,11
2023-06-23 02:00:00.000,2023,6,23,2,02004KT,14,12
2023-06-23 03:00:00.000,2023,6,23,3,02003KT,14,11
2023-06-23 04:00:00.000,2023,6,23,4,06006KT,13,11
2023-06-23 05:00:00.000,2023,6,23,5,06007KT,13,10
2023-06-23 06:00:00.000,2023,6,23,6,05006KT,12,11
2023-06-23 07:00:00.000,2023,6,23,7,08003KT,12,10
2023-06-23 08:00:00.000,2023,6,23,8,04004KT,12,11
2023-06-23 09:00:00.000,2023,6,23,9,05003KT,11,10
2023-06-23 10:00:00.000,2023,6,23,10,04005KT,12,10
2023-06-23 10:30:00.000,2023,6,23,10,03004KT,11,10
2023-06-23 11:00:00.000,2023,6,23,11,VRB02KT,11,10
2023-06-23 12:00:00.000,2023,6,23,12,05005KT,13,11
2023-06-23 13:00:00.000,2023,6,23,13,05006KT,15,11
2023-06-23 14:00:00.000,2023,6,23,14,05006KT,16,10
2023-06-23 15:00:00.000,2023,6,23,15,13003KT,17,10
2023-06-23 16:00:00.000,2023,6,23,16,17004KT,19,11
2023-06-23 17:00:00.000,2023,6,23,17,09004KT,19,10
2023-06-23 18:00:00.000,2023,6,23,18,10008KT,19,10
2023-06-23 19:00:00.000,2023,6,23,19,VRB04KT,20,10
2023-06-23 20:00:00.000,2023,6,23,20,08004KT,20,10
2023-06-23 21:00:00.000,2023,6,23,21,25007KT,19,12
2023-06-23 22:00:00.000,2023,6,23,22,28009KT,17,13
2023-06-23 23:00:00.000,2023,6,23,23,27007KT,15,12
2023-06-24 00:00:00.000,2023,6,24,0,30004KT,14,12
2023-06-24 01:00:00.000,2023,6,24,1,VRB02KT,14,11
2023-06-24 02:00:00.000,2023,6,24,2,VRB02KT,12,11
2023-06-24 03:00:00.000,2023,6,24,3,VRB02KT,13,11
2023-06-24 04:00:00.000,2023,6,24,4,VRB02KT,11,11
2023-06-24 05:00:00.000,2023,6,24,5,VRB02KT,13,11
2023-06-24 06:00:00.000,2023,6,24,6,VRB02KT,12,11
2023-06-24 07:00:00.000,2023,6,24,7,VRB02KT,11,10
2023-06-24 08:00:00.000,2023,6,24,8,VRB02KT,11,11
2023-06-24 09:00:00.000,2023,6,24,9,VRB02KT,12,11
2023-06-24 10:00:00.000,2023,6,24,10,VRB02KT,12,11
2023-06-24 11:00:00.000,2023,6,24,11,VRB02KT,12,11
2023-06-24 12:00:00.000,2023,6,24,12,VRB02KT,13,12
2023-06-24 13:00:00.000,2023,6,24,13,36005KT,15,12
2023-06-24 14:00:00.000,2023,6,24,14,04004KT,16,11
2023-06-24 15:00:00.000,2023,6,24,15,VRB03KT,18,12
2023-06-24 16:00:00.000,2023,6,24,16,16008KT,19,10
2023-06-24 17:00:00.000,2023,6,24,17,15009KT,21,11
2023-06-24 18:00:00.000,2023,6,24,18,14010KT,20,09
2023-06-24 19:00:00.000,2023,6,24,19,15007KT,22,09
2023-06-24 20:00:00.000,2023,6,24,20,21007KT,19,13
2023-06-24 21:00:00.000,2023,6,24,21,13009KT,19,11
2023-06-24 22:00:00.000,2023,6,24,22,31004KT,16,13
2023-06-24 23:00:00.000,2023,6,24,23,22006KT,17,09
2023-06-25 00:00:00.000,2023,6,25,0,24007KT,15,12
2023-06-25 01:00:00.000,2023,6,25,1,VRB02KT,14,12
2023-06-25 02:00:00.000,2023,6,25,2,VRB02KT,14,12
2023-06-25 03:00:00.000,2023,6,25,3,05004KT,14,10
2023-06-25 04:00:00.000,2023,6,25,4,12004KT,15,09
2023-06-25 05:00:00.000,2023,6,25,5,13004KT,15,10
2023-06-25 06:00:00.000,2023,6,25,6,18003KT,15,09
2023-06-25 07:00:00.000,2023,6,25,7,VRB02KT,13,10
2023-06-25 08:00:00.000,2023,6,25,8,11003KT,14,09
2023-06-25 09:00:00.000,2023,6,25,9,30003KT,12,10
2023-06-25 10:00:00.000,2023,6,25,10,02004KT,12,11
2023-06-25 11:00:00.000,2023,6,25,11,VRB02KT,12,11
2023-06-25 12:00:00.000,2023,6,25,12,VRB02KT,14,11
2023-06-25 13:00:00.000,2023,6,25,13,13003KT,15,11
2023-06-25 14:00:00.000,2023,6,25,14,17005KT,16,11
2023-06-25 15:00:00.000,2023,6,25,15,06005KT,17,11
2023-06-25 16:00:00.000,2023,6,25,16,13007KT,18,10
2023-06-25 17:00:00.000,2023,6,25,17,18013KT,19,10
2023-06-25 18:00:00.000,2023,6,25,18,17012KT,19,10
2023-06-25 19:00:00.000,2023,6,25,19,18014KT,18,10
2023-06-25 20:00:00.000,2023,6,25,20,17010KT,18,10
2023-06-25 21:00:00.000,2023,6,25,21,18008KT,19,09
2023-06-25 22:00:00.000,2023,6,25,22,31008KT,17,12
2023-06-25 23:00:00.000,2023,6,25,23,VRB02KT,17,10
2023-06-26 00:00:00.000,2023,6,26,0,12007KT,16,09
2023-06-26 01:00:00.000,2023,6,26,1,VRB02KT,15,10
2023-06-26 02:00:00.000,2023,6,26,2,VRB02KT,13,10
2023-06-26 03:00:00.000,2023,6,26,3,34004KT,12,10
2023-06-26 04:00:00.000,2023,6,26,4,01003KT,12,11
2023-06-26 05:00:00.000,2023,6,26,5,06005KT,13,11
2023-06-26 06:00:00.000,2023,6,26,6,04004KT,12,11
2023-06-26 07:00:00.000,2023,6,26,7,VRB02KT,11,11
2023-06-26 08:00:00.000,2023,6,26,8,VRB02KT,11,11
2023-06-26 09:00:00.000,2023,6,26,9,04004KT,12,11
2023-06-26 10:00:00.000,2023,6,26,10,05005KT,11,10
2023-06-26 11:00:00.000,2023,6,26,11,05008KT,11,10
2023-06-26 12:00:00.000,2023,6,26,12,33003KT,12,11
2023-06-26 13:00:00.000,2023,6,26,13,06004KT,14,12
2023-06-26 14:00:00.000,2023,6,26,14,04005KT,15,12
2023-06-26 15:00:00.000,2023,6,26,15,15004KT,17,10
2023-06-26 16:00:00.000,2023,6,26,16,15005KT,18,09
2023-06-26 17:00:00.000,2023,6,26,17,15010KT,19,08
2023-06-26 18:00:00.000,2023,6,26,18,16010KT,20,08
2023-06-26 19:00:00.000,2023,6,26,19,11007KT,19,08
2023-06-26 20:00:00.000,2023,6,26,20,16009KT,20,08
2023-06-26 21:00:00.000,2023,6,26,21,18010KT,20,07
2023-06-26 22:00:00.000,2023,6,26,22,16009KT,19,07
2023-06-26 23:00:00.000,2023,6,26,23,12006KT,17,08
2023-06-27 00:00:00.000,2023,6,27,0,12005KT,15,10
2023-06-27 01:00:00.000,2023,6,27,1,12003KT,15,09
2023-06-27 02:00:00.000,2023,6,27,2,08006KT,15,10
2023-06-27 03:00:00.000,2023,6,27,3,04003KT,14,10
2023-06-27 04:00:00.000,2023,6,27,4,02004KT,13,10
2023-06-27 05:00:00.000,2023,6,27,5,04004KT,12,10
2023-06-27 06:00:00.000,2023,6,27,6,01004KT,12,09
2023-06-27 07:00:00.000,2023,6,27,7,02004KT,11,09
2023-06-27 08:00:00.000,2023,6,27,8,03005KT,11,09
2023-06-27 09:00:00.000,2023,6,27,9,02003KT,09,08
2023-06-27 10:00:00.000,2023,6,27,10,31003KT,10,09
2023-06-27 10:30:00.000,2023,6,27,10,VRB02KT,09,09
2023-06-27 11:00:00.000,2023,6,27,11,VRB02KT,09,08
2023-06-27 12:00:00.000,2023,6,27,12,VRB02KT,12,10
2023-06-27 13:00:00.000,2023,6,27,13,06004KT,13,10
2023-06-27 13:34:00.000,2023,6,27,13,02003KT,16,11
2023-06-27 14:00:00.000,2023,6,27,14,04004KT,16,10
2023-06-27 15:00:00.000,2023,6,27,15,08004KT,17,10
2023-06-27 16:00:00.000,2023,6,27,16,VRB06KT,20,10
2023-06-27 17:00:00.000,2023,6,27,17,13010KT,21,10
2023-06-27 18:00:00.000,2023,6,27,18,16008KT,20,09
2023-06-27 19:00:00.000,2023,6,27,19,29008KT,16,12
2023-06-27 20:00:00.000,2023,6,27,20,32008KT,16,13
2023-06-27 21:00:00.000,2023,6,27,21,25006KT,19,13
2023-06-27 22:00:00.000,2023,6,27,22,01005KT,17,13
2023-06-27 23:00:00.000,2023,6,27,23,32005KT,15,12
2023-06-28 00:00:00.000,2023,6,28,0,34003KT,14,12
2023-06-28 01:00:00.000,2023,6,28,1,30004KT,13,12
2023-06-28 02:00:00.000,2023,6,28,2,35003KT,11,11
2023-06-28 03:00:00.000,2023,6,28,3,33004KT,10,10
2023-06-28 04:00:00.000,2023,6,28,4,VRB02KT,11,10
2023-06-28 05:00:00.000,2023,6,28,5,VRB02KT,12,10
2023-06-28 06:00:00.000,2023,6,28,6,06003KT,12,10
2023-06-28 07:00:00.000,2023,6,28,7,33005KT,11,09
2023-06-28 08:00:00.000,2023,6,28,8,32003KT,09,09
2023-06-28 09:00:00.000,2023,6,28,9,VRB02KT,09,09
2023-06-28 10:00:00.000,2023,6,28,10,07003KT,10,09
2023-06-28 11:00:00.000,2023,6,28,11,04003KT,11,09
2023-06-28 12:00:00.000,2023,6,28,12,06004KT,13,10
2023-06-28 13:00:00.000,2023,6,28,13,06007KT,14,11
2023-06-28 14:00:00.000,2023,6,28,14,06007KT,16,10
2023-06-28 15:00:00.000,2023,6,28,15,10006KT,17,09
2023-06-28 16:00:00.000,2023,6,28,16,12007KT,18,09
2023-06-28 17:00:00.000,2023,6,28,17,16008KT,18,09
2023-06-28 18:00:00.000,2023,6,28,18,15006KT,19,10
2023-06-28 19:00:00.000,2023,6,28,19,13008KT,19,10
2023-06-28 20:00:00.000,2023,6,28,20,09006KT,19,08
2023-06-28 21:00:00.000,2023,6,28,21,07004KT,21,09
2023-06-28 22:00:00.000,2023,6,28,22,23008KT,18,12
2023-06-28 23:00:00.000,2023,6,28,23,27008KT,16,12
2023-06-29 00:00:00.000,2023,6,29,0,VRB02KT,15,12
2023-06-29 01:00:00.000,2023,6,29,1,VRB02KT,15,11
2023-06-29 02:00:00.000,2023,6,29,2,VRB02KT,14,11
2023-06-29 03:00:00.000,2023,6,29,3,05003KT,14,11
2023-06-29 04:00:00.000,2023,6,29,4,19003KT,15,11
2023-06-29 05:00:00.000,2023,6,29,5,15007KT,15,10
2023-06-29 06:00:00.000,2023,6,29,6,14007KT,13,10
2023-06-29 07:00:00.000,2023,6,29,7,20004KT,14,10
2023-06-29 08:00:00.000,2023,6,29,8,18007KT,13,10
2023-06-29 09:00:00.000,2023,6,29,9,20005KT,13,10
2023-06-29 10:00:00.000,2023,6,29,10,VRB02KT,13,10
2023-06-29 11:00:00.000,2023,6,29,11,VRB02KT,10,09
2023-06-29 11:33:00.000,2023,6,29,11,VRB02KT,13,11
2023-06-29 12:00:00.000,2023,6,29,12,VRB03KT,14,10
2023-06-29 13:00:00.000,2023,6,29,13,16006KT,14,11
2023-06-29 14:00:00.000,2023,6,29,14,13007KT,16,11
2023-06-29 15:00:00.000,2023,6,29,15,14009KT,17,10
2023-06-29 16:00:00.000,2023,6,29,16,16014KT,19,10
2023-06-29 17:00:00.000,2023,6,29,17,17014KT,19,10
2023-06-29 18:00:00.000,2023,6,29,18,16017KT,19,10
2023-06-29 19:00:00.000,2023,6,29,19,15016KT,20,10
2023-06-29 20:00:00.000,2023,6,29,20,15013KT,20,09
2023-06-29 21:00:00.000,2023,6,29,21,15013KT,20,08
2023-06-29 22:00:00.000,2023,6,29,22,15014KT,19,08
2023-06-29 23:00:00.000,2023,6,29,23,15011KT,17,08
2023-06-30 00:00:00.000,2023,6,30,0,14010KT,15,09
2023-06-30 01:00:00.000,2023,6,30,1,14009KT,15,10
2023-06-30 02:00:00.000,2023,6,30,2,13003KT,15,10
2023-06-30 03:00:00.000,2023,6,30,3,18006KT,15,10
2023-06-30 04:00:00.000,2023,6,30,4,20005KT,15,09
2023-06-30 05:00:00.000,2023,6,30,5,19007KT,15,09
2023-06-30 06:00:00.000,2023,6,30,6,14009KT,15,09
2023-06-30 07:00:00.000,2023,6,30,7,12005KT,15,09
2023-06-30 08:00:00.000,2023,6,30,8,17007KT,14,10
2023-06-30 09:00:00.000,2023,6,30,9,18005KT,13,11
2023-06-30 10:00:00.000,2023,6,30,10,VRB02KT,13,11
2023-06-30 10:33:00.000,2023,6,30,10,12003KT,12,11
2023-06-30 11:00:00.000,2023,6,30,11,VRB02KT,13,11
2023-06-30 12:00:00.000,2023,6,30,12,11003KT,13,11
2023-06-30 13:00:00.000,2023,6,30,13,14011KT,14,10
2023-06-30 14:00:00.000,2023,6,30,14,14011KT,17,10
2023-06-30 15:00:00.000,2023,6,30,15,12008KT,17,10
2023-06-30 16:00:00.000,2023,6,30,16,14015KT,17,10
2023-06-30 17:00:00.000,2023,6,30,17,14015KT,18,10
2023-06-30 18:00:00.000,2023,6,30,18,15014KT,18,09
2023-06-30 19:00:00.000,2023,6,30,19,15014KT,19,09
2023-06-30 21:00:00.000,2023,6,30,21,14011KT,18,10
2023-07-01 03:00:00.000,2023,7,1,3,13006KT,13,09
2023-07-01 07:00:00.000,2023,7,1,7,VRB02KT,13,09
2023-07-01 08:00:00.000,2023,7,1,8,16005KT,14,09
2023-07-01 10:00:00.000,2023,7,1,10,VRB02KT,12,09
2023-07-01 10:31:00.000,2023,7,1,10,VRB02KT,13,09
2023-07-01 17:00:00.000,2023,7,1,17,17012KT,19,10
2023-07-02 01:00:00.000,2023,7,2,1,15006KT,15,09
2023-07-02 05:00:00.000,2023,7,2,5,33003KT,12,10
2023-07-02 19:00:00.000,2023,7,2,19,VRB04KT,20,10
2023-07-02 23:00:00.000,2023,7,2,23,29005KT,16,13
2023-07-03 05:00:00.000,2023,7,3,5,36003KT,11,10
2023-07-03 06:00:00.000,2023,7,3,6,33003KT,12,11
2023-07-03 07:00:00.000,2023,7,3,7,VRB02KT,10,10
2023-07-03 08:00:00.000,2023,7,3,8,VRB02KT,10,10
2023-07-03 09:00:00.000,2023,7,3,9,VRB02KT,10,10
2023-07-03 10:00:00.000,2023,7,3,10,VRB02KT,09,09
2023-07-03 11:00:00.000,2023,7,3,11,VRB02KT,10,10
2023-07-03 12:00:00.000,2023,7,3,12,03005KT,11,11
2023-07-03 13:00:00.000,2023,7,3,13,05003KT,13,11
2023-07-03 14:00:00.000,2023,7,3,14,03005KT,15,11
2023-07-03 15:00:00.000,2023,7,3,15,VRB03KT,17,12
2023-07-03 16:00:00.000,2023,7,3,16,VRB04KT,19,12
2023-07-03 17:00:00.000,2023,7,3,17,VRB03KT,19,11
2023-07-03 18:00:00.000,2023,7,3,18,25008KT,17,14
2023-07-03 19:00:00.000,2023,7,3,19,25008KT,16,14
2023-07-03 20:00:00.000,2023,7,3,20,26009KT,15,14
2023-07-03 21:00:00.000,2023,7,3,21,32009KT,14,13
2023-07-03 22:00:00.000,2023,7,3,22,27005KT,14,13
2023-07-03 23:00:00.000,2023,7,3,23,26003KT,14,13
2023-07-04 00:00:00.000,2023,7,4,0,VRB02KT,13,12
2023-07-04 01:00:00.000,2023,7,4,1,VRB02KT,12,11
2023-07-04 02:00:00.000,2023,7,4,2,VRB02KT,12,11
2023-07-04 03:00:00.000,2023,7,4,3,VRB02KT,12,12
2023-07-04 04:00:00.000,2023,7,4,4,VRB01KT,13,12
2023-07-04 05:00:00.000,2023,7,4,5,VRB02KT,12,12
2023-07-04 06:00:00.000,2023,7,4,6,33003KT,12,12
2023-07-04 07:00:00.000,2023,7,4,7,VRB02KT,12,12
2023-07-04 08:00:00.000,2023,7,4,8,VRB02KT,12,12
2023-07-04 09:00:00.000,2023,7,4,9,01003KT,11,10
2023-07-04 10:00:00.000,2023,7,4,10,VRB02KT,10,10
2023-07-04 10:31:00.000,2023,7,4,10,34003KT,11,11
2023-07-04 11:00:00.000,2023,7,4,11,31003KT,11,11
2023-07-04 12:00:00.000,2023,7,4,12,VRB02KT,12,11
2023-07-04 13:00:00.000,2023,7,4,13,03004KT,13,12
2023-07-04 14:00:00.000,2023,7,4,14,03005KT,14,12
2023-07-04 15:00:00.000,2023,7,4,15,06005KT,16,12
2023-07-04 16:00:00.000,2023,7,4,16,04006KT,17,11
2023-07-04 17:00:00.000,2023,7,4,17,VRB04KT,19,12
2023-07-04 18:00:00.000,2023,7,4,18,34003KT,20,12
2023-07-04 19:00:00.000,2023,7,4,19,02006KT,19,11
2023-07-04 20:00:00.000,2023,7,4,20,26007KT,18,14
2023-07-04 21:00:00.000,2023,7,4,21,23005KT,18,14
2023-07-04 22:00:00.000,2023,7,4,22,24006KT,19,13
2023-07-04 23:00:00.000,2023,7,4,23,28007KT,17,14
2023-07-05 00:00:00.000,2023,7,5,0,30005KT,14,13
2023-07-05 01:00:00.000,2023,7,5,1,VRB02KT,13,12
2023-07-05 02:00:00.000,2023,7,5,2,VRB02KT,12,11
2023-07-05 03:00:00.000,2023,7,5,3,03003KT,11,11
2023-07-05 04:00:00.000,2023,7,5,4,VRB02KT,11,11
2023-07-05 05:00:00.000,2023,7,5,5,35003KT,11,10
2023-07-05 06:00:00.000,2023,7,5,6,04005KT,11,10
2023-07-05 07:00:00.000,2023,7,5,7,32004KT,11,10
2023-07-05 08:00:00.000,2023,7,5,8,VRB02KT,11,10
2023-07-05 09:00:00.000,2023,7,5,9,VRB02KT,11,10
2023-07-05 10:00:00.000,2023,7,5,10,VRB02KT,11,10
2023-07-05 10:32:00.000,2023,7,5,10,VRB02KT,11,10
2023-07-05 11:00:00.000,2023,7,5,11,VRB02KT,10,09
2023-07-05 12:00:00.000,2023,7,5,12,VRB02KT,12,11
2023-07-05 13:00:00.000,2023,7,5,13,36003KT,14,11
2023-07-05 14:00:00.000,2023,7,5,14,04004KT,15,11
2023-07-05 15:00:00.000,2023,7,5,15,04004KT,16,11
2023-07-05 16:00:00.000,2023,7,5,16,VRB02KT,17,11
2023-07-05 17:00:00.000,2023,7,5,17,13009KT,19,10
2023-07-05 18:00:00.000,2023,7,5,18,19007KT,19,10
2023-07-05 19:00:00.000,2023,7,5,19,34003KT,18,11
2023-07-05 20:00:00.000,2023,7,5,20,36005KT,15,13
2023-07-05 21:00:00.000,2023,7,5,21,01003KT,18,12
2023-07-05 22:00:00.000,2023,7,5,22,02006KT,17,12
2023-07-05 23:00:00.000,2023,7,5,23,09006KT,17,11
2023-07-06 00:00:00.000,2023,7,6,0,11005KT,16,11
2023-07-06 01:00:00.000,2023,7,6,1,11003KT,16,11
2023-07-06 02:00:00.000,2023,7,6,2,07004KT,15,11
2023-07-06 03:00:00.000,2023,7,6,3,07004KT,14,11
2023-07-06 04:00:00.000,2023,7,6,4,07005KT,14,11
2023-07-06 05:00:00.000,2023,7,6,5,09003KT,13,11
2023-07-06 06:00:00.000,2023,7,6,6,VRB02KT,12,10
2023-07-06 07:00:00.000,2023,7,6,7,34004KT,12,11
2023-07-06 08:00:00.000,2023,7,6,8,04004KT,11,10
2023-07-06 09:00:00.000,2023,7,6,9,VRB02KT,12,11
2023-07-06 10:00:00.000,2023,7,6,10,06003KT,11,10
2023-07-06 10:30:00.000,2023,7,6,10,VRB02KT,10,09
2023-07-06 11:00:00.000,2023,7,6,11,35003KT,10,10
2023-07-06 12:00:00.000,2023,7,6,12,03004KT,11,10
2023-07-06 12:08:00.000,2023,7,6,12,04003KT,13,12
2023-07-06 13:00:00.000,2023,7,6,13,05006KT,15,12
2023-07-06 14:00:00.000,2023,7,6,14,05005KT,17,11
2023-07-06 15:00:00.000,2023,7,6,15,05007KT,17,11
2023-07-06 16:00:00.000,2023,7,6,16,21005KT,17,11
2023-07-06 17:00:00.000,2023,7,6,17,VRB05KT,15,13
2023-07-06 18:00:00.000,2023,7,6,18,13006KT,19,11
2023-07-06 19:00:00.000,2023,7,6,19,18013KT,15,12
2023-07-06 20:00:00.000,2023,7,6,20,34007KT,18,13
2023-07-06 21:00:00.000,2023,7,6,21,VRB09G20KT,17,12
2023-07-06 22:00:00.000,2023,7,6,22,21005KT,15,13
2023-07-06 23:00:00.000,2023,7,6,23,VRB02KT,15,13
2023-07-07 00:00:00.000,2023,7,7,0,26003KT,14,13
2023-07-07 01:00:00.000,2023,7,7,1,VRB02KT,14,13
2023-07-07 02:00:00.000,2023,7,7,2,VRB02KT,14,13
2023-07-07 03:00:00.000,2023,7,7,3,01003KT,12,12
2023-07-07 04:00:00.000,2023,7,7,4,04004KT,11,11
2023-07-07 05:00:00.000,2023,7,7,5,VRB02KT,11,10
2023-07-07 06:00:00.000,2023,7,7,6,05004KT,11,10
2023-07-07 07:00:00.000,2023,7,7,7,VRB02KT,11,10
2023-07-07 08:00:00.000,2023,7,7,8,VRB02KT,09,09
2023-07-07 09:00:00.000,2023,7,7,9,VRB02KT,10,09
2023-07-07 10:00:00.000,2023,7,7,10,VRB02KT,10,09
2023-07-07 11:00:00.000,2023,7,7,11,VRB02KT,09,09
2023-07-07 12:00:00.000,2023,7,7,12,03003KT,11,10
2023-07-07 13:00:00.000,2023,7,7,13,VRB02KT,14,11
2023-07-07 14:00:00.000,2023,7,7,14,01003KT,16,11
2023-07-07 15:00:00.000,2023,7,7,15,04006KT,17,11
2023-07-07 16:00:00.000,2023,7,7,16,04004KT,19,11
2023-07-07 17:00:00.000,2023,7,7,17,03003KT,21,12
2023-07-07 18:00:00.000,2023,7,7,18,VRB02KT,16,13
2023-07-07 19:00:00.000,2023,7,7,19,29012KT,18,13
2023-07-07 19:19:00.000,2023,7,7,19,24009KT,16,13
2023-07-07 19:25:00.000,2023,7,7,19,24009KT,16,13
2023-07-07 20:00:00.000,2023,7,7,20,22004KT,15,14
2023-07-07 21:00:00.000,2023,7,7,21,23010KT,16,14
2023-07-07 22:00:00.000,2023,7,7,22,VRB06KT,17,13
2023-07-07 23:00:00.000,2023,7,7,23,30008KT,15,13
2023-07-08 00:00:00.000,2023,7,8,0,32005KT,13,12
2023-07-08 01:00:00.000,2023,7,8,1,33003KT,13,12
2023-07-08 02:00:00.000,2023,7,8,2,34004KT,12,12
2023-07-08 03:00:00.000,2023,7,8,3,34002KT,12,11
2023-07-08 04:00:00.000,2023,7,8,4,35003KT,12,11
2023-07-08 05:00:00.000,2023,7,8,5,35003KT,12,11
2023-07-08 06:00:00.000,2023,7,8,6,VRB02KT,11,11
2023-07-08 07:00:00.000,2023,7,8,7,VRB02KT,11,10
2023-07-08 08:00:00.000,2023,7,8,8,33003KT,11,10
2023-07-08 09:00:00.000,2023,7,8,9,VRB02KT,11,11
2023-07-08 10:00:00.000,2023,7,8,10,VRB02KT,11,11
2023-07-08 10:29:00.000,2023,7,8,10,VRB02KT,11,11
2023-07-08 11:00:00.000,2023,7,8,11,VRB02KT,11,11
2023-07-08 12:00:00.000,2023,7,8,12,04004KT,13,11
2023-07-08 13:00:00.000,2023,7,8,13,03004KT,14,12
2023-07-08 14:00:00.000,2023,7,8,14,03004KT,14,11
2023-07-08 15:00:00.000,2023,7,8,15,05004KT,14,12
2023-07-08 16:00:00.000,2023,7,8,16,34004KT,14,12
2023-07-08 17:00:00.000,2023,7,8,17,06004KT,15,13
2023-07-08 18:00:00.000,2023,7,8,18,23005KT,15,14
2023-07-08 19:00:00.000,2023,7,8,19,17009KT,17,12
2023-07-08 20:00:00.000,2023,7,8,20,07005KT,16,13
2023-07-08 21:00:00.000,2023,7,8,21,VRB05KT,15,13
2023-07-08 22:00:00.000,2023,7,8,22,29006KT,14,13
2023-07-08 23:00:00.000,2023,7,8,23,VRB02KT,13,12
2023-07-09 00:00:00.000,2023,7,9,0,35003KT,12,12
2023-07-09 01:00:00.000,2023,7,9,1,07004KT,12,12
2023-07-09 02:00:00.000,2023,7,9,2,09003KT,13,11
2023-07-09 03:00:00.000,2023,7,9,3,VRB02KT,11,10
2023-07-09 04:00:00.000,2023,7,9,4,VRB02KT,13,10
2023-07-09 05:00:00.000,2023,7,9,5,07005KT,12,11
2023-07-09 06:00:00.000,2023,7,9,6,06004KT,12,10
2023-07-09 07:00:00.000,2023,7,9,7,VRB02KT,12,10
2023-07-09 08:00:00.000,2023,7,9,8,VRB02KT,12,10
2023-07-09 09:00:00.000,2023,7,9,9,VRB02KT,12,10
2023-07-09 10:00:00.000,2023,7,9,10,06004KT,11,10
2023-07-09 10:30:00.000,2023,7,9,10,VRB02KT,10,09
2023-07-09 11:00:00.000,2023,7,9,11,33003KT,11,10
2023-07-09 12:00:00.000,2023,7,9,12,03004KT,13,10
2023-07-09 13:00:00.000,2023,7,9,13,05006KT,14,11
2023-07-09 14:00:00.000,2023,7,9,14,06007KT,16,12
2023-07-09 15:00:00.000,2023,7,9,15,12007KT,17,10
2023-07-09 16:00:00.000,2023,7,9,16,14003KT,14,11
2023-07-09 17:00:00.000,2023,7,9,17,12008KT,16,09
2023-07-09 18:00:00.000,2023,7,9,18,10007KT,16,09
2023-07-09 19:00:00.000,2023,7,9,19,12007KT,17,10
2023-07-09 20:00:00.000,2023,7,9,20,14010KT,16,09
2023-07-09 21:00:00.000,2023,7,9,21,12007KT,17,09
2023-07-09 22:00:00.000,2023,7,9,22,12007KT,16,09
2023-07-09 23:00:00.000,2023,7,9,23,08003KT,16,09
2023-07-10 00:00:00.000,2023,7,10,0,13005KT,14,08
2023-07-10 01:00:00.000,2023,7,10,1,09003KT,13,08
2023-07-10 02:00:00.000,2023,7,10,2,13003KT,13,08
2023-07-10 03:00:00.000,2023,7,10,3,04003KT,11,08
2023-07-10 04:00:00.000,2023,7,10,4,06003KT,12,09
2023-07-10 05:00:00.000,2023,7,10,5,05003KT,11,09
2023-07-10 06:00:00.000,2023,7,10,6,VRB02KT,12,09
2023-07-10 07:00:00.000,2023,7,10,7,VRB02KT,11,09
2023-07-10 08:00:00.000,2023,7,10,8,05005KT,11,09
2023-07-10 09:00:00.000,2023,7,10,9,05005KT,11,10
2023-07-10 10:00:00.000,2023,7,10,10,VRB02KT,10,09
2023-07-10 10:34:00.000,2023,7,10,10,05005KT,11,10
2023-07-10 11:00:00.000,2023,7,10,11,05003KT,11,10
2023-07-10 12:00:00.000,2023,7,10,12,25003KT,12,10
2023-07-10 13:00:00.000,2023,7,10,13,12003KT,15,11
2023-07-10 14:00:00.000,2023,7,10,14,12007KT,15,09
2023-07-10 15:00:00.000,2023,7,10,15,12009KT,14,10
2023-07-10 16:00:00.000,2023,7,10,16,13010KT,14,09
2023-07-10 18:00:00.000,2023,7,10,18,13010KT,17,10
2023-07-10 19:00:00.000,2023,7,10,19,14010KT,17,09
2023-07-10 20:00:00.000,2023,7,10,20,12010KT,19,10
2023-07-10 21:00:00.000,2023,7,10,21,08005KT,18,10
2023-07-10 22:00:00.000,2023,7,10,22,08004KT,18,10
2023-07-10 23:00:00.000,2023,7,10,23,24004KT,16,11
2023-07-11 00:00:00.000,2023,7,11,0,11006KT,16,09
2023-07-11 01:00:00.000,2023,7,11,1,08004KT,15,10
2023-07-11 02:00:00.000,2023,7,11,2,04008KT,14,10
2023-07-11 03:00:00.000,2023,7,11,3,06006KT,13,10
2023-07-11 04:00:00.000,2023,7,11,4,03004KT,12,10
2023-07-11 05:00:00.000,2023,7,11,5,VRB02KT,12,10
2023-07-11 06:00:00.000,2023,7,11,6,00000KT,10,10
2023-07-11 07:00:00.000,2023,7,11,7,07005KT,11,10
2023-07-11 08:00:00.000,2023,7,11,8,01003KT,11,10
2023-07-11 09:00:00.000,2023,7,11,9,05005KT,10,09
2023-07-11 10:00:00.000,2023,7,11,10,VRB02KT,10,09
2023-07-11 11:00:00.000,2023,7,11,11,36002KT,08,08
2023-07-11 12:00:00.000,2023,7,11,12,35003KT,10,09
2023-07-11 13:00:00.000,2023,7,11,13,VRB02KT,13,11
2023-07-11 14:00:00.000,2023,7,11,14,03004KT,14,11
2023-07-11 15:00:00.000,2023,7,11,15,VRB02KT,15,11
2023-07-11 16:00:00.000,2023,7,11,16,14006KT,16,10
2023-07-11 17:00:00.000,2023,7,11,17,15011KT,17,10
2023-07-11 18:00:00.000,2023,7,11,18,13012KT,19,10
2023-07-11 19:00:00.000,2023,7,11,19,14012KT,18,09
2023-07-11 20:00:00.000,2023,7,11,20,12013KT,17,09
2023-07-11 21:00:00.000,2023,7,11,21,11006KT,18,10
2023-07-11 22:00:00.000,2023,7,11,22,09006KT,18,10
2023-07-11 23:00:00.000,2023,7,11,23,05006KT,16,10
2023-07-12 00:00:00.000,2023,7,12,0,06006KT,14,10
2023-07-12 01:00:00.000,2023,7,12,1,33004KT,12,10
2023-07-12 02:00:00.000,2023,7,12,2,02003KT,12,10
2023-07-12 03:00:00.000,2023,7,12,3,05005KT,12,10
2023-07-12 04:00:00.000,2023,7,12,4,06004KT,11,09
2023-07-12 05:00:00.000,2023,7,12,5,04004KT,11,09
2023-07-12 06:00:00.000,2023,7,12,6,VRB02KT,11,09
2023-07-12 07:00:00.000,2023,7,12,7,VRB02KT,11,09
2023-07-12 08:00:00.000,2023,7,12,8,04006KT,10,09
2023-07-12 09:00:00.000,2023,7,12,9,29005KT,08,07
2023-07-12 10:00:00.000,2023,7,12,10,04003KT,08,08
2023-07-12 10:30:00.000,2023,7,12,10,VRB02KT,10,09
2023-07-12 11:00:00.000,2023,7,12,11,VRB02KT,10,09
2023-07-12 12:00:00.000,2023,7,12,12,35004KT,10,10
2023-07-12 13:00:00.000,2023,7,12,13,06003KT,13,10
2023-07-12 13:31:00.000,2023,7,12,13,VRB03KT,15,10
2023-07-12 14:00:00.000,2023,7,12,14,VRB02KT,16,10
2023-07-12 15:00:00.000,2023,7,12,15,06005KT,16,11
2023-07-12 16:00:00.000,2023,7,12,16,06005KT,18,11
2023-07-12 17:00:00.000,2023,7,12,17,08008KT,17,10
2023-07-12 18:00:00.000,2023,7,12,18,13008KT,18,10
2023-07-12 19:00:00.000,2023,7,12,19,13007KT,18,10
2023-07-12 20:00:00.000,2023,7,12,20,12008KT,18,10
2023-07-12 21:00:00.000,2023,7,12,21,14007KT,15,12
2023-07-12 23:00:00.000,2023,7,12,23,14009KT,16,10
2023-07-13 00:00:00.000,2023,7,13,0,14009KT,15,10
2023-07-13 01:00:00.000,2023,7,13,1,13007KT,14,09
2023-07-13 02:00:00.000,2023,7,13,2,13006KT,14,10
2023-07-13 03:00:00.000,2023,7,13,3,11005KT,14,09
2023-07-13 04:00:00.000,2023,7,13,4,02003KT,11,09
2023-07-13 05:00:00.000,2023,7,13,5,04006KT,10,09
2023-07-13 06:00:00.000,2023,7,13,6,06006KT,11,09
2023-07-13 07:00:00.000,2023,7,13,7,130700Z,11,08
2023-07-13 08:00:00.000,2023,7,13,8,VRB02KT,09,08
2023-07-13 09:00:00.000,2023,7,13,9,02004KT,10,09
2023-07-13 10:00:00.000,2023,7,13,10,07005KT,11,09
2023-07-13 11:00:00.000,2023,7,13,11,09004KT,12,09
2023-07-13 12:00:00.000,2023,7,13,12,10004KT,13,10
2023-07-13 13:00:00.000,2023,7,13,13,08007KT,15,09
2023-07-13 14:00:00.000,2023,7,13,14,06006KT,16,10
2023-07-13 15:00:00.000,2023,7,13,15,12009KT,18,08
2023-07-13 16:00:00.000,2023,7,13,16,12009KT,18,09
2023-07-13 17:00:00.000,2023,7,13,17,08009KT,19,09
2023-07-13 18:00:00.000,2023,7,13,18,11009KT,20,08
2023-07-13 19:00:00.000,2023,7,13,19,11012KT,20,07
2023-07-13 20:00:00.000,2023,7,13,20,11010KT,21,07
2023-07-13 21:00:00.000,2023,7,13,21,11009KT,21,07
2023-07-13 22:00:00.000,2023,7,13,22,13009KT,19,07
2023-07-13 23:00:00.000,2023,7,13,23,10006KT,18,07
2023-07-14 00:00:00.000,2023,7,14,0,12007KT,16,07
2023-07-14 01:00:00.000,2023,7,14,1,14008KT,15,08
2023-07-14 02:00:00.000,2023,7,14,2,VRB02KT,13,08
2023-07-14 03:00:00.000,2023,7,14,3,VRB02KT,12,09
2023-07-14 04:00:00.000,2023,7,14,4,04003KT,10,09
2023-07-14 04:15:00.000,2023,7,14,4,05008KT,12,10
2023-07-14 05:00:00.000,2023,7,14,5,04004KT,12,11
2023-07-14 06:00:00.000,2023,7,14,6,36004KT,12,11
2023-07-14 07:00:00.000,2023,7,14,7,32004KT,12,11
2023-07-14 08:00:00.000,2023,7,14,8,30003KT,12,11
2023-07-14 09:00:00.000,2023,7,14,9,00000KT,11,11
2023-07-14 10:00:00.000,2023,7,14,10,00000KT,11,11
2023-07-14 10:31:00.000,2023,7,14,10,20004KT,12,11
2023-07-14 11:00:00.000,2023,7,14,11,13004KT,12,11
2023-07-14 12:00:00.000,2023,7,14,12,03003KT,12,11
2023-07-14 13:00:00.000,2023,7,14,13,06005KT,12,12
2023-07-14 14:00:00.000,2023,7,14,14,15005KT,14,11
2023-07-14 15:00:00.000,2023,7,14,15,VRB03KT,16,12
2023-07-14 16:00:00.000,2023,7,14,16,08006KT,18,12
2023-07-14 17:00:00.000,2023,7,14,17,12008KT,18,10
2023-07-14 18:00:00.000,2023,7,14,18,08005KT,18,12
2023-07-14 19:00:00.000,2023,7,14,19,04010KT,17,12
2023-07-14 20:00:00.000,2023,7,14,20,07009KT,16,12
2023-07-14 21:00:00.000,2023,7,14,21,05006KT,16,13
2023-07-14 22:00:00.000,2023,7,14,22,04005KT,15,12
2023-07-14 23:00:00.000,2023,7,14,23,04005KT,15,13
2023-07-15 00:00:00.000,2023,7,15,0,03006KT,14,11
2023-07-15 01:00:00.000,2023,7,15,1,04007KT,13,11
2023-07-15 02:00:00.000,2023,7,15,2,04005KT,13,10
2023-07-15 03:00:00.000,2023,7,15,3,05006KT,13,10
2023-07-15 04:00:00.000,2023,7,15,4,VRB02KT,12,10
2023-07-15 05:00:00.000,2023,7,15,5,VRB02KT,12,10
2023-07-15 06:00:00.000,2023,7,15,6,04004KT,12,10
2023-07-15 07:00:00.000,2023,7,15,7,05007KT,12,10
2023-07-15 08:00:00.000,2023,7,15,8,06005KT,12,10
2023-07-15 09:00:00.000,2023,7,15,9,03006KT,12,10
2023-07-15 10:00:00.000,2023,7,15,10,06005KT,11,09
2023-07-15 11:00:00.000,2023,7,15,11,07006KT,11,09
2023-07-15 12:00:00.000,2023,7,15,12,07006KT,13,10
2023-07-15 13:00:00.000,2023,7,15,13,07005KT,15,11
2023-07-15 14:00:00.000,2023,7,15,14,11005KT,17,10
2023-07-15 15:00:00.000,2023,7,15,15,06008KT,17,11
2023-07-15 16:00:00.000,2023,7,15,16,11008KT,19,10
2023-07-15 17:00:00.000,2023,7,15,17,14011KT,19,10
2023-07-15 18:00:00.000,2023,7,15,18,11007KT,20,10
2023-07-15 19:00:00.000,2023,7,15,19,12010KT,19,10
2023-07-15 20:00:00.000,2023,7,15,20,15013KT,19,11
2023-07-15 21:00:00.000,2023,7,15,21,15011KT,18,10
2023-07-15 22:00:00.000,2023,7,15,22,17010KT,18,10
2023-07-15 23:00:00.000,2023,7,15,23,14008KT,17,09
2023-07-16 00:00:00.000,2023,7,16,0,13008KT,15,10
2023-07-16 01:00:00.000,2023,7,16,1,14007KT,15,10
2023-07-16 02:00:00.000,2023,7,16,2,13008KT,16,09
2023-07-16 03:00:00.000,2023,7,16,3,06005KT,14,11
2023-07-16 04:00:00.000,2023,7,16,4,04004KT,14,11
2023-07-16 05:00:00.000,2023,7,16,5,VRB02KT,13,11
2023-07-16 06:00:00.000,2023,7,16,6,VRB02KT,13,11
2023-07-16 06:35:00.000,2023,7,16,6,05004KT,12,11
2023-07-16 07:00:00.000,2023,7,16,7,06004KT,12,11
2023-07-16 08:00:00.000,2023,7,16,8,VRB02KT,12,11
2023-07-16 09:00:00.000,2023,7,16,9,VRB02KT,12,11
2023-07-16 10:00:00.000,2023,7,16,10,04003KT,11,11
2023-07-16 10:30:00.000,2023,7,16,10,01003KT,11,10
2023-07-16 11:00:00.000,2023,7,16,11,VRB02KT,10,10
2023-07-16 11:15:00.000,2023,7,16,11,VRB02KT,11,10
2023-07-16 12:00:00.000,2023,7,16,12,VRB02KT,13,10
2023-07-16 13:00:00.000,2023,7,16,13,06007KT,15,11
2023-07-16 14:00:00.000,2023,7,16,14,13006KT,17,11
2023-07-16 15:00:00.000,2023,7,16,15,10008KT,17,10
2023-07-16 16:00:00.000,2023,7,16,16,11008KT,17,10
2023-07-16 17:00:00.000,2023,7,16,17,12008G18KT,19,10
2023-07-16 18:00:00.000,2023,7,16,18,12010KT,19,10
2023-07-16 19:00:00.000,2023,7,16,19,12012KT,19,10
2023-07-16 20:00:00.000,2023,7,16,20,12010KT,19,10
2023-07-16 21:00:00.000,2023,7,16,21,14008KT,19,10
2023-07-16 22:00:00.000,2023,7,16,22,13010KT,19,08
2023-07-16 23:00:00.000,2023,7,16,23,13007KT,18,09
2023-07-17 00:00:00.000,2023,7,17,0,09004KT,17,09
2023-07-17 01:00:00.000,2023,7,17,1,13005KT,15,09
2023-07-17 02:00:00.000,2023,7,17,2,VRB03KT,14,10
2023-07-17 02:40:00.000,2023,7,17,2,VRB03KT,13,11
2023-07-17 03:00:00.000,2023,7,17,3,VRB02KT,13,11
2023-07-17 04:00:00.000,2023,7,17,4,12003KT,13,12
2023-07-17 05:00:00.000,2023,7,17,5,12003KT,13,11
2023-07-17 06:00:00.000,2023,7,17,6,00000KT,12,11
2023-07-17 07:00:00.000,2023,7,17,7,00000KT,12,11
2023-07-17 08:00:00.000,2023,7,17,8,00000KT,12,11
2023-07-17 09:00:00.000,2023,7,17,9,05003KT,12,11
2023-07-17 10:00:00.000,2023,7,17,10,13004KT,12,10
2023-07-17 10:31:00.000,2023,7,17,10,VRB02KT,12,10
2023-07-17 11:00:00.000,2023,7,17,11,01003KT,11,10
2023-07-17 12:00:00.000,2023,7,17,12,VRB02KT,12,11
2023-07-17 13:00:00.000,2023,7,17,13,VRB02KT,13,12
2023-07-17 14:00:00.000,2023,7,17,14,VRB03KT,14,10
2023-07-17 15:00:00.000,2023,7,17,15,17011KT,16,11
2023-07-17 16:00:00.000,2023,7,17,16,14012KT,17,09
2023-07-17 17:00:00.000,2023,7,17,17,15014KT,18,10
2023-07-17 18:00:00.000,2023,7,17,18,15016KT,20,10
2023-07-17 19:00:00.000,2023,7,17,19,18012KT,18,09
2023-07-17 20:00:00.000,2023,7,17,20,13008KT,19,10
2023-07-17 21:00:00.000,2023,7,17,21,11006KT,19,09
2023-07-17 22:00:00.000,2023,7,17,22,10005KT,18,09
2023-07-17 23:00:00.000,2023,7,17,23,11005KT,16,09
2023-07-18 00:00:00.000,2023,7,18,0,08007KT,15,10
2023-07-18 01:00:00.000,2023,7,18,1,04005KT,14,10
2023-07-18 02:00:00.000,2023,7,18,2,06007KT,14,10
2023-07-18 03:00:00.000,2023,7,18,3,05005KT,13,10
2023-07-18 04:00:00.000,2023,7,18,4,05007KT,12,11
2023-07-18 05:00:00.000,2023,7,18,5,04006KT,12,11
2023-07-18 06:00:00.000,2023,7,18,6,00000KT,24,23
2023-07-18 07:00:00.000,2023,7,18,7,06003KT,12,11
2023-07-18 08:00:00.000,2023,7,18,8,VRB02KT,11,10
2023-07-18 09:00:00.000,2023,7,18,9,02003KT,11,10
2023-07-18 10:00:00.000,2023,7,18,10,VRB02KT,12,10
2023-07-18 10:30:00.000,2023,7,18,10,VRB02KT,12,10
2023-07-18 11:00:00.000,2023,7,18,11,VRB02KT,11,10
2023-07-18 12:00:00.000,2023,7,18,12,04005KT,12,11
2023-07-18 13:00:00.000,2023,7,18,13,25004KT,13,10
2023-07-18 14:00:00.000,2023,7,18,14,15010KT,15,09
2023-07-18 15:00:00.000,2023,7,18,15,15014KT,17,09
2023-07-18 16:00:00.000,2023,7,18,16,16014KT,17,09
2023-07-18 17:00:00.000,2023,7,18,17,15012KT,17,10
2023-07-18 18:00:00.000,2023,7,18,18,15011KT,19,10
2023-07-18 19:00:00.000,2023,7,18,19,15016KT,17,10
2023-07-18 20:00:00.000,2023,7,18,20,17015KT,18,10
2023-07-18 21:00:00.000,2023,7,18,21,16013KT,18,09
2023-07-18 22:00:00.000,2023,7,18,22,18009KT,18,09
2023-07-18 23:00:00.000,2023,7,18,23,10007KT,16,08
2023-07-19 00:00:00.000,2023,7,19,0,10006KT,14,09
2023-07-19 01:00:00.000,2023,7,19,1,12008KT,14,09
2023-07-19 02:00:00.000,2023,7,19,2,12006KT,15,09
2023-07-19 03:00:00.000,2023,7,19,3,11006KT,13,09
2023-07-19 04:00:00.000,2023,7,19,4,08005KT,13,09
2023-07-19 05:00:00.000,2023,7,19,5,11003KT,13,09
2023-07-19 06:00:00.000,2023,7,19,6,10003KT,12,09
2023-07-19 07:00:00.000,2023,7,19,7,07005KT,12,09
2023-07-19 08:00:00.000,2023,7,19,8,08004KT,12,09
2023-07-19 09:00:00.000,2023,7,19,9,10005KT,12,09
2023-07-19 10:00:00.000,2023,7,19,10,11003KT,13,09
2023-07-19 11:00:00.000,2023,7,19,11,09003KT,12,09
2023-07-19 12:00:00.000,2023,7,19,12,06002KT,11,09
2023-07-19 13:00:00.000,2023,7,19,13,12005KT,15,09
2023-07-19 14:00:00.000,2023,7,19,14,13008KT,15,09
2023-07-19 15:00:00.000,2023,7,19,15,14010KT,16,09
2023-07-19 16:00:00.000,2023,7,19,16,13007KT,15,11
2023-07-19 17:00:00.000,2023,7,19,17,11007KT,15,10
2023-07-19 18:00:00.000,2023,7,19,18,12010KT,16,09
2023-07-19 19:00:00.000,2023,7,19,19,12010KT,16,09
2023-07-19 20:00:00.000,2023,7,19,20,13008KT,17,09
2023-07-19 21:00:00.000,2023,7,19,21,15013KT,16,09
2023-07-19 22:00:00.000,2023,7,19,22,14011KT,16,09
2023-07-19 23:00:00.000,2023,7,19,23,11008KT,15,09
2023-07-20 00:00:00.000,2023,7,20,0,11006KT,14,09
2023-07-20 01:00:00.000,2023,7,20,1,10004KT,13,09
2023-07-20 02:00:00.000,2023,7,20,2,11005KT,13,08
2023-07-20 03:00:00.000,2023,7,20,3,10005KT,12,09
2023-07-20 04:00:00.000,2023,7,20,4,08004KT,12,09
2023-07-20 05:00:00.000,2023,7,20,5,08005KT,13,09
2023-07-20 06:00:00.000,2023,7,20,6,08005KT,13,09
2023-07-20 07:00:00.000,2023,7,20,7,10005KT,13,09
2023-07-20 08:00:00.000,2023,7,20,8,11005KT,13,09
2023-07-20 09:00:00.000,2023,7,20,9,12004KT,13,09
2023-07-20 10:00:00.000,2023,7,20,10,10005KT,13,09
2023-07-20 10:30:00.000,2023,7,20,10,13007KT,13,09
2023-07-20 11:00:00.000,2023,7,20,11,11005KT,13,09
2023-07-20 12:00:00.000,2023,7,20,12,12006KT,13,09
2023-07-20 12:33:00.000,2023,7,20,12,14007KT,14,10
2023-07-20 13:00:00.000,2023,7,20,13,16009KT,13,10
2023-07-20 14:00:00.000,2023,7,20,14,15013KT,15,10
2023-07-20 15:00:00.000,2023,7,20,15,15015KT,16,09
2023-07-20 16:00:00.000,2023,7,20,16,15019KT,17,09
2023-07-20 17:00:00.000,2023,7,20,17,16018KT,18,09
2023-07-20 18:00:00.000,2023,7,20,18,16021KT,19,09
2023-07-20 19:00:00.000,2023,7,20,19,16016KT,19,08
2023-07-20 20:00:00.000,2023,7,20,20,15012KT,19,09
2023-07-20 21:00:00.000,2023,7,20,21,15014KT,19,09
2023-07-20 22:00:00.000,2023,7,20,22,15013KT,19,09
2023-07-20 23:00:00.000,2023,7,20,23,15013KT,17,08
2023-07-21 00:00:00.000,2023,7,21,0,14012KT,14,08
2023-07-21 01:00:00.000,2023,7,21,1,12010KT,15,09
2023-07-21 02:00:00.000,2023,7,21,2,13010KT,15,09
2023-07-21 03:00:00.000,2023,7,21,3,12008KT,14,09
2023-07-21 04:00:00.000,2023,7,21,4,14011KT,14,08
2023-07-21 05:00:00.000,2023,7,21,5,14008KT,14,09
2023-07-21 06:00:00.000,2023,7,21,6,19005KT,14,10
2023-07-21 07:00:00.000,2023,7,21,7,20006KT,13,11
2023-07-21 08:00:00.000,2023,7,21,8,VRB02KT,12,11
2023-07-21 09:00:00.000,2023,7,21,9,13003KT,13,11
2023-07-21 10:00:00.000,2023,7,21,10,17004KT,13,11
2023-07-21 11:00:00.000,2023,7,21,11,12005KT,13,11
2023-07-21 12:00:00.000,2023,7,21,12,06004KT,13,12
2023-07-21 13:00:00.000,2023,7,21,13,08004KT,14,12
2023-07-21 14:00:00.000,2023,7,21,14,20005KT,16,12
2023-07-21 15:00:00.000,2023,7,21,15,16014KT,17,10
2023-07-21 16:00:00.000,2023,7,21,16,15013KT,18,10
2023-07-21 17:00:00.000,2023,7,21,17,16017KT,19,10
2023-07-21 18:00:00.000,2023,7,21,18,16014KT,19,10
2023-07-21 19:00:00.000,2023,7,21,19,15013KT,18,10
2023-07-21 20:00:00.000,2023,7,21,20,13012KT,17,10
2023-07-21 21:00:00.000,2023,7,21,21,17012KT,18,10
2023-07-21 22:00:00.000,2023,7,21,22,16012KT,16,10
2023-07-21 23:00:00.000,2023,7,21,23,14012KT,14,09
2023-07-22 00:00:00.000,2023,7,22,0,13009KT,13,09
2023-07-22 01:00:00.000,2023,7,22,1,14010KT,13,09
2023-07-22 02:00:00.000,2023,7,22,2,13006KT,14,09
2023-07-22 03:00:00.000,2023,7,22,3,17012KT,14,09
2023-07-22 04:00:00.000,2023,7,22,4,14009KT,13,09
2023-07-22 05:00:00.000,2023,7,22,5,14007KT,14,09
2023-07-22 06:00:00.000,2023,7,22,6,10003KT,13,09
2023-07-22 07:00:00.000,2023,7,22,7,15006KT,13,09
2023-07-22 08:00:00.000,2023,7,22,8,14005KT,12,09
2023-07-22 09:00:00.000,2023,7,22,9,21005KT,12,10
2023-07-22 10:00:00.000,2023,7,22,10,VRB02KT,12,10
2023-07-22 10:33:00.000,2023,7,22,10,16010KT,12,09
2023-07-22 11:00:00.000,2023,7,22,11,16011KT,12,09
2023-07-22 12:00:00.000,2023,7,22,12,14007KT,13,09
2023-07-22 13:00:00.000,2023,7,22,13,12005KT,14,09
2023-07-22 14:00:00.000,2023,7,22,14,17010KT,16,10
2023-07-22 15:00:00.000,2023,7,22,15,15014KT,15,09
2023-07-22 16:00:00.000,2023,7,22,16,17014KT,16,10
2023-07-22 17:00:00.000,2023,7,22,17,16016KT,16,08
2023-07-22 18:00:00.000,2023,7,22,18,15013KT,17,09
2023-07-22 19:00:00.000,2023,7,22,19,15015KT,17,09
2023-07-22 20:00:00.000,2023,7,22,20,14016KT,16,09
2023-07-22 21:00:00.000,2023,7,22,21,16016KT,17,08
2023-07-22 22:00:00.000,2023,7,22,22,17012KT,16,07
2023-07-22 23:00:00.000,2023,7,22,23,15011KT,15,07
2023-07-23 00:00:00.000,2023,7,23,0,16007KT,13,07
2023-07-23 01:00:00.000,2023,7,23,1,13006KT,12,07
2023-07-23 02:00:00.000,2023,7,23,2,14004KT,13,08
2023-07-23 03:00:00.000,2023,7,23,3,11004KT,14,08
2023-07-23 04:00:00.000,2023,7,23,4,VRB02KT,13,08
2023-07-23 05:00:00.000,2023,7,23,5,08004KT,13,09
2023-07-23 06:00:00.000,2023,7,23,6,VRB02KT,12,09
2023-07-23 07:00:00.000,2023,7,23,7,VRB02KT,11,10
2023-07-23 08:00:00.000,2023,7,23,8,VRB02KT,12,10
2023-07-23 09:00:00.000,2023,7,23,9,04005KT,12,10
2023-07-23 10:00:00.000,2023,7,23,10,07004KT,12,10
2023-07-23 10:30:00.000,2023,7,23,10,06005KT,12,10
2023-07-23 11:00:00.000,2023,7,23,11,05005KT,12,10
2023-07-23 12:00:00.000,2023,7,23,12,08003KT,13,10
2023-07-23 13:00:00.000,2023,7,23,13,10004KT,14,10
2023-07-23 14:00:00.000,2023,7,23,14,09006KT,15,10
2023-07-23 15:00:00.000,2023,7,23,15,12008KT,16,10
2023-07-23 16:00:00.000,2023,7,23,16,13010KT,17,09
2023-07-23 17:00:00.000,2023,7,23,17,14009KT,17,10
2023-07-23 18:00:00.000,2023,7,23,18,12008KT,19,09
2023-07-23 19:00:00.000,2023,7,23,19,13009KT,19,09
2023-07-23 20:00:00.000,2023,7,23,20,13007KT,18,09
2023-07-23 21:00:00.000,2023,7,23,21,16012KT,19,10
2023-07-23 22:00:00.000,2023,7,23,22,14007KT,18,09
2023-07-23 23:00:00.000,2023,7,23,23,13008KT,16,09
2023-07-24 00:00:00.000,2023,7,24,0,12006KT,16,09
2023-07-24 01:00:00.000,2023,7,24,1,VRB03KT,15,09
2023-07-24 02:00:00.000,2023,7,24,2,01004KT,13,09
2023-07-24 03:00:00.000,2023,7,24,3,03004KT,12,10
2023-07-24 04:00:00.000,2023,7,24,4,03004KT,13,10
2023-07-24 05:00:00.000,2023,7,24,5,04006KT,13,10
2023-07-24 06:00:00.000,2023,7,24,6,VRB02KT,13,11
2023-07-24 07:00:00.000,2023,7,24,7,VRB02KT,12,11
2023-07-24 08:00:00.000,2023,7,24,8,VRB02KT,12,11
2023-07-24 09:00:00.000,2023,7,24,9,05004KT,12,10
2023-07-24 10:00:00.000,2023,7,24,10,05003KT,11,10
2023-07-24 10:30:00.000,2023,7,24,10,VRB02KT,11,10
2023-07-24 11:00:00.000,2023,7,24,11,06003KT,11,10
2023-07-24 11:25:00.000,2023,7,24,11,07006KT,13,11
2023-07-24 12:00:00.000,2023,7,24,12,07005KT,13,10
2023-07-24 13:00:00.000,2023,7,24,13,10004KT,15,11
2023-07-24 14:00:00.000,2023,7,24,14,13008KT,17,10
2023-07-24 15:00:00.000,2023,7,24,15,10008KT,18,10
2023-07-24 16:00:00.000,2023,7,24,16,07007KT,18,11
2023-07-24 17:00:00.000,2023,7,24,17,13012KT,19,10
2023-07-24 18:00:00.000,2023,7,24,18,12010KT,21,11
2023-07-24 19:00:00.000,2023,7,24,19,13012KT,20,10
2023-07-24 20:00:00.000,2023,7,24,20,11010KT,19,09
2023-07-24 21:00:00.000,2023,7,24,21,12010KT,19,09
2023-07-24 22:00:00.000,2023,7,24,22,12008KT,19,10
2023-07-24 23:00:00.000,2023,7,24,23,12006KT,18,09
2023-07-25 00:00:00.000,2023,7,25,0,12006KT,16,09
2023-07-25 01:00:00.000,2023,7,25,1,04006KT,13,10
2023-07-25 02:00:00.000,2023,7,25,2,05005KT,12,09
2023-07-25 03:00:00.000,2023,7,25,3,12004KT,13,09
2023-07-25 04:00:00.000,2023,7,25,4,VRB02KT,10,09
2023-07-25 05:00:00.000,2023,7,25,5,04005KT,09,08
2023-07-25 06:00:00.000,2023,7,25,6,VRB02KT,09,08
2023-07-25 07:00:00.000,2023,7,25,7,30003KT,10,09
2023-07-25 08:00:00.000,2023,7,25,8,03003KT,10,09
2023-07-25 09:00:00.000,2023,7,25,9,35003KT,10,09
2023-07-25 10:00:00.000,2023,7,25,10,06005KT,10,09
2023-07-25 10:30:00.000,2023,7,25,10,05004KT,10,09
2023-07-25 11:00:00.000,2023,7,25,11,04005KT,10,09
2023-07-25 12:00:00.000,2023,7,25,12,04004KT,12,10
2023-07-25 12:25:00.000,2023,7,25,12,06005KT,14,11
2023-07-25 13:00:00.000,2023,7,25,13,06007KT,15,10
2023-07-25 14:00:00.000,2023,7,25,14,06005KT,17,10
2023-07-25 15:00:00.000,2023,7,25,15,20005KT,17,09
2023-07-25 16:00:00.000,2023,7,25,16,14008KT,20,10
2023-07-25 17:00:00.000,2023,7,25,17,15004KT,20,10
2023-07-25 18:00:00.000,2023,7,25,18,26010KT,17,12
2023-07-25 19:00:00.000,2023,7,25,19,30008KT,17,11
2023-07-25 20:00:00.000,2023,7,25,20,28007KT,17,12
2023-07-25 21:00:00.000,2023,7,25,21,34007KT,18,13
2023-07-25 22:00:00.000,2023,7,25,22,28004KT,17,13
2023-07-25 23:00:00.000,2023,7,25,23,VRB02KT,16,13
2023-07-25 23:10:00.000,2023,7,25,23,VRB04KT,16,13
2023-07-26 00:00:00.000,2023,7,26,0,29005KT,15,12
2023-07-26 01:00:00.000,2023,7,26,1,VRB02KT,13,12
2023-07-26 02:00:00.000,2023,7,26,2,VRB02KT,13,11
2023-07-26 03:00:00.000,2023,7,26,3,01003KT,12,10
2023-07-26 04:00:00.000,2023,7,26,4,27004KT,14,11
2023-07-26 05:00:00.000,2023,7,26,5,VRB02KT,12,11
2023-07-26 06:00:00.000,2023,7,26,6,03003KT,11,11
2023-07-26 07:00:00.000,2023,7,26,7,00000KT,11,11
2023-07-26 08:00:00.000,2023,7,26,8,03003KT,12,11
2023-07-26 09:00:00.000,2023,7,26,9,03003KT,12,11
2023-07-26 10:00:00.000,2023,7,26,10,32003KT,12,11
2023-07-26 10:30:00.000,2023,7,26,10,VRB02KT,12,11
2023-07-26 11:00:00.000,2023,7,26,11,VRB02KT,12,11
2023-07-26 12:00:00.000,2023,7,26,12,03003KT,13,11
2023-07-26 13:00:00.000,2023,7,26,13,VRB02KT,15,12
2023-07-26 14:00:00.000,2023,7,26,14,VRB02KT,17,11
2023-07-26 15:00:00.000,2023,7,26,15,30004KT,18,11
2023-07-26 16:00:00.000,2023,7,26,16,32005KT,19,11
2023-07-26 17:00:00.000,2023,7,26,17,29005KT,19,11
2023-07-26 18:00:00.000,2023,7,26,18,23006KT,19,12
2023-07-26 19:00:00.000,2023,7,26,19,25006KT,17,12
2023-07-26 20:00:00.000,2023,7,26,20,26006KT,18,12
2023-07-26 21:00:00.000,2023,7,26,21,22006KT,19,14
2023-07-26 22:00:00.000,2023,7,26,22,23007KT,17,13
2023-07-26 23:00:00.000,2023,7,26,23,23006KT,17,13
2023-07-27 00:00:00.000,2023,7,27,0,26005KT,15,13
2023-07-27 01:00:00.000,2023,7,27,1,VRB02KT,14,13
2023-07-27 02:00:00.000,2023,7,27,2,00000KT,13,13
2023-07-27 03:00:00.000,2023,7,27,3,20005KT,15,11
2023-07-27 04:00:00.000,2023,7,27,4,VRB02KT,15,11
2023-07-27 05:00:00.000,2023,7,27,5,04004KT,13,11
2023-07-27 06:00:00.000,2023,7,27,6,VRB02KT,14,11
2023-07-27 07:00:00.000,2023,7,27,7,VRB02KT,13,12
2023-07-27 08:00:00.000,2023,7,27,8,VRB02KT,12,12
2023-07-27 09:00:00.000,2023,7,27,9,VRB02KT,12,12
2023-07-27 10:00:00.000,2023,7,27,10,03004KT,13,12
2023-07-27 10:30:00.000,2023,7,27,10,VRB02KT,12,11
2023-07-27 11:00:00.000,2023,7,27,11,VRB02KT,12,12
2023-07-27 12:00:00.000,2023,7,27,12,04003KT,13,12
2023-07-27 13:00:00.000,2023,7,27,13,03004KT,15,13
2023-07-27 14:00:00.000,2023,7,27,14,VRB02KT,14,12
2023-07-27 15:00:00.000,2023,7,27,15,12004KT,14,13
2023-07-27 16:00:00.000,2023,7,27,16,11004KT,17,11
2023-07-27 17:00:00.000,2023,7,27,17,14009KT,19,10
2023-07-27 18:00:00.000,2023,7,27,18,13010KT,20,10
2023-07-27 19:00:00.000,2023,7,27,19,16010KT,20,09
2023-07-27 20:00:00.000,2023,7,27,20,12005KT,19,10
2023-07-27 21:00:00.000,2023,7,27,21,08006KT,19,10
2023-07-27 22:00:00.000,2023,7,27,22,09006KT,18,10
2023-07-27 23:00:00.000,2023,7,27,23,13006KT,18,10
2023-07-28 00:00:00.000,2023,7,28,0,11004KT,16,09
2023-07-28 01:00:00.000,2023,7,28,1,08003KT,14,09
2023-07-28 02:00:00.000,2023,7,28,2,VRB02KT,13,10
2023-07-28 03:00:00.000,2023,7,28,3,01003KT,11,09
2023-07-28 04:00:00.000,2023,7,28,4,06004KT,11,10
2023-07-28 05:00:00.000,2023,7,28,5,04004KT,11,10
2023-07-28 06:00:00.000,2023,7,28,6,07003KT,11,10
2023-07-28 07:00:00.000,2023,7,28,7,VRB02KT,10,09
2023-07-28 08:00:00.000,2023,7,28,8,VRB02KT,10,09
2023-07-28 09:00:00.000,2023,7,28,9,04005KT,09,08
2023-07-28 10:00:00.000,2023,7,28,10,VRB02KT,11,09
2023-07-28 10:30:00.000,2023,7,28,10,35003KT,09,08
2023-07-28 11:00:00.000,2023,7,28,11,04003KT,09,09
2023-07-28 12:00:00.000,2023,7,28,12,06004KT,12,10
2023-07-28 13:00:00.000,2023,7,28,13,01003KT,13,11
2023-07-28 14:00:00.000,2023,7,28,14,05008KT,17,10
2023-07-28 15:00:00.000,2023,7,28,15,13006KT,18,09
2023-07-28 16:00:00.000,2023,7,28,16,15007KT,17,09
2023-07-28 17:00:00.000,2023,7,28,17,12008KT,20,10
2023-07-28 18:00:00.000,2023,7,28,18,14006KT,19,09
2023-07-28 19:00:00.000,2023,7,28,19,15006KT,20,10
2023-07-28 20:00:00.000,2023,7,28,20,09007KT,19,10
2023-07-28 21:00:00.000,2023,7,28,21,08007KT,19,10
2023-07-28 22:00:00.000,2023,7,28,22,09006KT,18,10
2023-07-28 23:00:00.000,2023,7,28,23,15012KT,16,11
2023-07-29 00:00:00.000,2023,7,29,0,14006KT,15,11
2023-07-29 01:00:00.000,2023,7,29,1,12007KT,16,10
2023-07-29 02:00:00.000,2023,7,29,2,10004KT,15,10
2023-07-29 03:00:00.000,2023,7,29,3,20005KT,15,11
2023-07-29 05:00:00.000,2023,7,29,5,13004KT,14,10
2023-07-29 06:00:00.000,2023,7,29,6,11005KT,14,10
2023-07-29 07:00:00.000,2023,7,29,7,09004KT,13,10
2023-07-29 08:00:00.000,2023,7,29,8,03007KT,13,10
2023-07-29 09:00:00.000,2023,7,29,9,06004KT,12,10
2023-07-29 10:00:00.000,2023,7,29,10,06004KT,13,10
2023-07-29 10:30:00.000,2023,7,29,10,VRB02KT,12,10
2023-07-29 11:00:00.000,2023,7,29,11,VRB02KT,13,09
2023-07-29 12:00:00.000,2023,7,29,12,11005KT,14,09
2023-07-29 13:00:00.000,2023,7,29,13,10006KT,16,10
2023-07-29 14:00:00.000,2023,7,29,14,15008KT,18,10
2023-07-29 15:00:00.000,2023,7,29,15,16014KT,17,10
2023-07-29 16:00:00.000,2023,7,29,16,16018KT,18,11
2023-07-29 17:00:00.000,2023,7,29,17,15010KT,18,11
2023-07-29 18:00:00.000,2023,7,29,18,14013KT,19,11
2023-07-29 19:00:00.000,2023,7,29,19,16016KT,19,11
2023-07-29 21:00:00.000,2023,7,29,21,15014KT,19,10
2023-07-29 22:00:00.000,2023,7,29,22,11006KT,19,10
2023-07-29 23:00:00.000,2023,7,29,23,14010KT,17,09
2023-07-30 01:00:00.000,2023,7,30,1,10005KT,15,10
2023-07-30 02:00:00.000,2023,7,30,2,14008KT,15,10
2023-07-30 03:00:00.000,2023,7,30,3,08004KT,14,10
2023-07-30 04:00:00.000,2023,7,30,4,06003KT,14,10
2023-07-30 05:00:00.000,2023,7,30,5,01003KT,13,11
2023-07-30 06:00:00.000,2023,7,30,6,01003KT,12,11
2023-07-30 07:00:00.000,2023,7,30,7,04003KT,12,10
2023-07-30 08:00:00.000,2023,7,30,8,03005KT,12,10
2023-07-30 09:00:00.000,2023,7,30,9,04004KT,12,10
2023-07-30 10:00:00.000,2023,7,30,10,03004KT,12,11
2023-07-30 10:30:00.000,2023,7,30,10,06004KT,12,10
2023-07-30 11:00:00.000,2023,7,30,11,07004KT,12,10
2023-07-30 12:00:00.000,2023,7,30,12,04004KT,15,11
2023-07-30 14:00:00.000,2023,7,30,14,21005KT,16,11
2023-07-30 15:00:00.000,2023,7,30,15,16010KT,18,11
2023-07-30 16:00:00.000,2023,7,30,16,18006KT,18,12
2023-07-30 16:29:00.000,2023,7,30,16,18013KT,16,12
2023-07-30 17:00:00.000,2023,7,30,17,17014KT,17,11
2023-07-30 19:00:00.000,2023,7,30,19,16020KT,17,10
2023-07-30 20:00:00.000,2023,7,30,20,17016KT,18,10
2023-07-30 21:00:00.000,2023,7,30,21,17014KT,17,09
2023-07-30 22:00:00.000,2023,7,30,22,16011KT,17,09
2023-07-30 23:00:00.000,2023,7,30,23,17011KT,16,09
2023-07-31 00:00:00.000,2023,7,31,0,10006KT,14,09
2023-07-31 01:00:00.000,2023,7,31,1,13004KT,14,09
2023-07-31 02:00:00.000,2023,7,31,2,11006KT,14,09
2023-07-31 03:00:00.000,2023,7,31,3,11005KT,14,09
2023-07-31 04:00:00.000,2023,7,31,4,VRB02KT,12,09
2023-07-31 05:00:00.000,2023,7,31,5,10004KT,13,09
2023-07-31 06:00:00.000,2023,7,31,6,03004KT,12,10
2023-07-31 07:00:00.000,2023,7,31,7,03004KT,11,09
2023-07-31 08:00:00.000,2023,7,31,8,VRB02KT,10,09
2023-07-31 09:00:00.000,2023,7,31,9,VRB02KT,10,09
2023-07-31 10:00:00.000,2023,7,31,10,VRB02KT,11,10
2023-07-31 10:30:00.000,2023,7,31,10,VRB02KT,11,10
2023-07-31 11:00:00.000,2023,7,31,11,03004KT,11,10
2023-07-31 12:00:00.000,2023,7,31,12,VRB02KT,12,10
2023-07-31 13:00:00.000,2023,7,31,13,VRB02KT,13,11
2023-07-31 14:00:00.000,2023,7,31,14,18007KT,14,11
2023-07-31 15:00:00.000,2023,7,31,15,16009KT,16,10
2023-07-31 16:00:00.000,2023,7,31,16,15012KT,17,10
2023-07-31 17:00:00.000,2023,7,31,17,16014KT,17,10
2023-07-31 18:00:00.000,2023,7,31,18,18015KT,18,10
2023-07-31 19:00:00.000,2023,7,31,19,18017KT,18,11
2023-07-31 20:00:00.000,2023,7,31,20,16021KT,17,10
2023-07-31 21:00:00.000,2023,7,31,21,16018KT,17,09
2023-07-31 22:00:00.000,2023,7,31,22,16014KT,16,09
2023-07-31 23:00:00.000,2023,7,31,23,16014KT,15,09
2023-08-01 00:00:00.000,2023,8,1,0,17008KT,15,09
2023-08-01 01:00:00.000,2023,8,1,1,16006KT,15,08
2023-08-01 02:00:00.000,2023,8,1,2,15008KT,14,08
2023-08-01 03:00:00.000,2023,8,1,3,15007KT,13,09
2023-08-01 04:00:00.000,2023,8,1,4,11004KT,14,10
2023-08-01 05:00:00.000,2023,8,1,5,08004KT,13,10
2023-08-01 06:00:00.000,2023,8,1,6,02004KT,11,10
2023-08-01 08:00:00.000,2023,8,1,8,32004KT,11,10
2023-08-01 09:00:00.000,2023,8,1,9,VRB02KT,12,10
2023-08-01 10:00:00.000,2023,8,1,10,06005KT,12,10
2023-08-01 10:30:00.000,2023,8,1,10,06005KT,12,10
2023-08-01 11:00:00.000,2023,8,1,11,00000KT,12,10
2023-08-01 14:00:00.000,2023,8,1,14,19008KT,14,11
2023-08-01 15:00:00.000,2023,8,1,15,18007KT,14,12
2023-08-01 16:00:00.000,2023,8,1,16,17013KT,16,12
2023-08-01 17:00:00.000,2023,8,1,17,17014KT,17,10
2023-08-01 18:00:00.000,2023,8,1,18,16015KT,17,09
2023-08-01 19:00:00.000,2023,8,1,19,16016KT,18,09
2023-08-01 20:00:00.000,2023,8,1,20,17015KT,15,09
2023-08-01 21:00:00.000,2023,8,1,21,16010KT,16,11
2023-08-01 22:00:00.000,2023,8,1,22,15013KT,15,08
2023-08-01 23:00:00.000,2023,8,1,23,14012KT,15,07
2023-08-02 00:00:00.000,2023,8,2,0,14011KT,13,07
2023-08-02 02:00:00.000,2023,8,2,2,14011KT,12,07
2023-08-02 03:00:00.000,2023,8,2,3,12006KT,13,07
2023-08-02 04:00:00.000,2023,8,2,4,10003KT,13,08
2023-08-02 05:00:00.000,2023,8,2,5,10004KT,13,08
2023-08-02 06:00:00.000,2023,8,2,6,11004KT,13,08
2023-08-02 07:00:00.000,2023,8,2,7,VRB02KT,10,08
2023-08-02 08:00:00.000,2023,8,2,8,02003KT,11,09
2023-08-02 09:00:00.000,2023,8,2,9,03003KT,11,09
2023-08-02 10:00:00.000,2023,8,2,10,03005KT,10,09
2023-08-02 10:30:00.000,2023,8,2,10,02004KT,09,08
2023-08-02 11:00:00.000,2023,8,2,11,05004KT,09,08
2023-08-02 12:00:00.000,2023,8,2,12,VRB02KT,12,09
2023-08-02 13:00:00.000,2023,8,2,13,34003KT,13,10
2023-08-02 14:00:00.000,2023,8,2,14,VRB02KT,15,09
2023-08-02 15:00:00.000,2023,8,2,15,16005KT,16,08
2023-08-02 16:00:00.000,2023,8,2,16,16005KT,16,08
2023-08-02 17:00:00.000,2023,8,2,17,VRB06KT,18,09
2023-08-02 19:00:00.000,2023,8,2,19,18010KT,17,09
2023-08-02 20:00:00.000,2023,8,2,20,16008KT,17,10
2023-08-02 21:00:00.000,2023,8,2,21,20006KT,18,09
2023-08-02 22:00:00.000,2023,8,2,22,16009KT,17,09
2023-08-02 23:00:00.000,2023,8,2,23,12004KT,16,09
2023-08-03 00:00:00.000,2023,8,3,0,07007KT,14,10
2023-08-03 00:05:00.000,2023,8,3,0,07007KT,14,10
2023-08-03 01:00:00.000,2023,8,3,1,15005KT,13,11
2023-08-03 02:00:00.000,2023,8,3,2,19004KT,14,11
2023-08-03 03:00:00.000,2023,8,3,3,25005KT,13,11
2023-08-03 04:00:00.000,2023,8,3,4,35003KT,12,11
2023-08-03 04:05:00.000,2023,8,3,4,35003KT,12,11
2023-08-03 04:33:00.000,2023,8,3,4,35003KT,12,11
2023-08-03 05:00:00.000,2023,8,3,5,VRB02KT,12,11
2023-08-03 06:00:00.000,2023,8,3,6,VRB02KT,12,11
2023-08-03 08:00:00.000,2023,8,3,8,VRB02KT,11,10
2023-08-03 09:00:00.000,2023,8,3,9,VRB02KT,11,11
2023-08-03 10:00:00.000,2023,8,3,10,04005KT,11,10
2023-08-03 10:29:00.000,2023,8,3,10,05003KT,10,10
2023-08-03 11:00:00.000,2023,8,3,11,06003KT,11,10
2023-08-03 12:00:00.000,2023,8,3,12,VRB02KT,12,10
2023-08-03 14:00:00.000,2023,8,3,14,06004KT,14,11
2023-08-03 15:00:00.000,2023,8,3,15,13008KT,17,10
2023-08-03 16:00:00.000,2023,8,3,16,16010KT,16,10
2023-08-03 17:00:00.000,2023,8,3,17,14011KT,17,10
2023-08-03 18:00:00.000,2023,8,3,18,17012KT,17,11
2023-08-03 19:00:00.000,2023,8,3,19,16013KT,16,10
2023-08-03 20:00:00.000,2023,8,3,20,15012KT,19,10
2023-08-03 21:00:00.000,2023,8,3,21,14011KT,19,09
2023-08-03 22:00:00.000,2023,8,3,22,14010KT,18,09
2023-08-03 23:00:00.000,2023,8,3,23,14009KT,17,09
2023-08-04 01:00:00.000,2023,8,4,1,12004KT,14,09
2023-08-04 02:00:00.000,2023,8,4,2,VRB02KT,12,09
2023-08-04 03:00:00.000,2023,8,4,3,05005KT,11,09
2023-08-04 05:00:00.000,2023,8,4,5,VRB03KT,09,07
2023-08-04 06:00:00.000,2023,8,4,6,VRB02KT,10,09
2023-08-04 07:00:00.000,2023,8,4,7,04004KT,11,09
2023-08-04 08:00:00.000,2023,8,4,8,VRB02KT,10,09
2023-08-04 09:00:00.000,2023,8,4,9,02003KT,10,09
2023-08-04 10:00:00.000,2023,8,4,10,03004KT,09,08
2023-08-04 10:30:00.000,2023,8,4,10,VRB02KT,09,08
2023-08-04 12:00:00.000,2023,8,4,12,07005KT,10,09
2023-08-04 13:00:00.000,2023,8,4,13,VRB03KT,15,09
2023-08-04 14:00:00.000,2023,8,4,14,13005KT,16,08
2023-08-04 15:00:00.000,2023,8,4,15,15008KT,18,08
2023-08-04 16:00:00.000,2023,8,4,16,15010KT,18,08
2023-08-04 17:00:00.000,2023,8,4,17,17010KT,19,08
2023-08-04 18:00:00.000,2023,8,4,18,14009KT,19,08
2023-08-04 19:00:00.000,2023,8,4,19,19011KT,20,08
2023-08-04 22:00:00.000,2023,8,4,22,15010KT,17,08
2023-08-04 23:00:00.000,2023,8,4,23,18014KT,18,07
2023-08-05 00:00:00.000,2023,8,5,0,17015KT,16,08
2023-08-05 01:00:00.000,2023,8,5,1,15010KT,16,08
2023-08-05 02:00:00.000,2023,8,5,2,VRB02KT,14,09
2023-08-05 03:00:00.000,2023,8,5,3,VRB02KT,13,09
2023-08-05 04:00:00.000,2023,8,5,4,04004KT,12,09
2023-08-05 05:00:00.000,2023,8,5,5,13004KT,12,10
2023-08-05 06:00:00.000,2023,8,5,6,19004KT,12,10
2023-08-05 07:00:00.000,2023,8,5,7,VRB02KT,11,11
2023-08-05 08:00:00.000,2023,8,5,8,VRB02KT,11,10
2023-08-05 09:00:00.000,2023,8,5,9,VRB02KT,11,11
2023-08-05 10:00:00.000,2023,8,5,10,VRB02KT,11,11
2023-08-05 10:30:00.000,2023,8,5,10,VRB02KT,10,10
2023-08-05 11:00:00.000,2023,8,5,11,VRB02KT,11,10
2023-08-05 13:00:00.000,2023,8,5,13,35004KT,13,11
2023-08-05 14:00:00.000,2023,8,5,14,06005KT,15,12
2023-08-05 14:21:00.000,2023,8,5,14,08008KT,18,11
2023-08-05 15:00:00.000,2023,8,5,15,09006KT,18,09
2023-08-05 16:00:00.000,2023,8,5,16,19008KT,18,09
2023-08-05 17:00:00.000,2023,8,5,17,13011KT,19,10
2023-08-05 18:00:00.000,2023,8,5,18,15012G22KT,19,11
2023-08-05 19:00:00.000,2023,8,5,19,15012KT,18,10
2023-08-05 20:00:00.000,2023,8,5,20,14006KT,19,10
2023-08-05 21:00:00.000,2023,8,5,21,17010KT,19,10
2023-08-05 22:00:00.000,2023,8,5,22,11007KT,19,10
2023-08-06 00:00:00.000,2023,8,6,0,10005KT,17,10
2023-08-06 01:00:00.000,2023,8,6,1,12005KT,16,10
2023-08-06 02:00:00.000,2023,8,6,2,VRB03KT,15,11
2023-08-06 03:00:00.000,2023,8,6,3,12007KT,15,10
2023-08-06 04:00:00.000,2023,8,6,4,08003KT,15,10
2023-08-06 05:00:00.000,2023,8,6,5,04004KT,13,10
2023-08-06 06:00:00.000,2023,8,6,6,04004KT,13,10
2023-08-06 07:00:00.000,2023,8,6,7,04006KT,12,10
2023-08-06 08:00:00.000,2023,8,6,8,03005KT,12,10
2023-08-06 09:00:00.000,2023,8,6,9,03004KT,12,10
2023-08-06 10:00:00.000,2023,8,6,10,07004KT,12,10
2023-08-06 11:00:00.000,2023,8,6,11,05005KT,11,10
2023-08-06 12:00:00.000,2023,8,6,12,04004KT,13,11
2023-08-06 13:00:00.000,2023,8,6,13,05005KT,14,12
2023-08-06 14:00:00.000,2023,8,6,14,VRB02KT,15,11
2023-08-06 15:00:00.000,2023,8,6,15,00000KT,15,12
2023-08-06 16:00:00.000,2023,8,6,16,13005KT,17,13
2023-08-06 17:00:00.000,2023,8,6,17,17017KT,18,11
2023-08-06 18:00:00.000,2023,8,6,18,16011KT,17,11
2023-08-06 19:00:00.000,2023,8,6,19,14006KT,16,13
2023-08-06 20:00:00.000,2023,8,6,20,15007KT,17,12
2023-08-06 21:00:00.000,2023,8,6,21,17008KT,17,11
2023-08-06 22:00:00.000,2023,8,6,22,18011KT,17,11
2023-08-06 23:00:00.000,2023,8,6,23,14010KT,16,11
2023-08-07 00:00:00.000,2023,8,7,0,13007KT,15,11
2023-08-07 01:00:00.000,2023,8,7,1,VRB03KT,15,11
2023-08-07 03:00:00.000,2023,8,7,3,04006KT,14,11
2023-08-07 04:00:00.000,2023,8,7,4,05008KT,14,11
2023-08-07 05:00:00.000,2023,8,7,5,06006KT,12,11
2023-08-07 06:00:00.000,2023,8,7,6,04005KT,12,12
2023-08-07 07:00:00.000,2023,8,7,7,04003KT,12,11
2023-08-07 08:00:00.000,2023,8,7,8,VRB02KT,11,11
2023-08-07 09:00:00.000,2023,8,7,9,VRB02KT,11,11
2023-08-07 10:00:00.000,2023,8,7,10,VRB02KT,11,11
2023-08-07 11:00:00.000,2023,8,7,11,08003KT,12,11
2023-08-07 12:00:00.000,2023,8,7,12,VRB02KT,12,11
2023-08-07 13:00:00.000,2023,8,7,13,04006KT,13,12
2023-08-07 14:00:00.000,2023,8,7,14,17005KT,16,12
2023-08-07 15:00:00.000,2023,8,7,15,17005KT,17,11
2023-08-07 16:00:00.000,2023,8,7,16,16006KT,18,11
2023-08-07 16:11:00.000,2023,8,7,16,14010KT,16,12
2023-08-07 16:36:00.000,2023,8,7,16,14005KT,16,13
2023-08-07 17:00:00.000,2023,8,7,17,17008KT,17,13
2023-08-07 18:00:00.000,2023,8,7,18,15006KT,17,13
2023-08-07 19:00:00.000,2023,8,7,19,12006KT,18,13
2023-08-07 20:00:00.000,2023,8,7,20,15013KT,17,11
2023-08-07 21:00:00.000,2023,8,7,21,16016KT,18,10
2023-08-07 22:00:00.000,2023,8,7,22,17014KT,17,10
2023-08-07 23:00:00.000,2023,8,7,23,17011KT,16,09
2023-08-08 00:00:00.000,2023,8,8,0,15006KT,14,09
2023-08-08 01:00:00.000,2023,8,8,1,18007KT,15,09
2023-08-08 02:00:00.000,2023,8,8,2,20004KT,14,10
2023-08-08 03:00:00.000,2023,8,8,3,35003KT,12,10
2023-08-08 04:00:00.000,2023,8,8,4,VRB02KT,13,10
2023-08-08 05:00:00.000,2023,8,8,5,36003KT,12,10
2023-08-08 06:00:00.000,2023,8,8,6,VRB02KT,11,10
2023-08-08 07:00:00.000,2023,8,8,7,01003KT,10,09
2023-08-08 08:00:00.000,2023,8,8,8,05004KT,09,09
2023-08-08 09:00:00.000,2023,8,8,9,05005KT,09,08
2023-08-08 10:00:00.000,2023,8,8,10,06003KT,10,08
2023-08-08 10:30:00.000,2023,8,8,10,07004KT,09,08
2023-08-08 11:00:00.000,2023,8,8,11,VRB02KT,11,08
2023-08-08 12:00:00.000,2023,8,8,12,01004KT,11,09
2023-08-08 13:00:00.000,2023,8,8,13,14010KT,15,07
2023-08-08 14:00:00.000,2023,8,8,14,16012KT,17,05
2023-08-08 15:00:00.000,2023,8,8,15,15012KT,17,05
2023-08-08 16:00:00.000,2023,8,8,16,13014KT,18,07
2023-08-08 17:00:00.000,2023,8,8,17,10010KT,18,07
2023-08-08 18:00:00.000,2023,8,8,18,14013KT,18,08
2023-08-08 19:00:00.000,2023,8,8,19,16013KT,19,08
2023-08-08 20:00:00.000,2023,8,8,20,14007KT,18,08
2023-08-08 21:00:00.000,2023,8,8,21,14010KT,18,07
2023-08-08 22:00:00.000,2023,8,8,22,10006KT,18,08
2023-08-08 23:00:00.000,2023,8,8,23,06006KT,17,08
2023-08-09 00:00:00.000,2023,8,9,0,11008KT,15,08
2023-08-09 01:00:00.000,2023,8,9,1,10004KT,14,08
2023-08-09 02:00:00.000,2023,8,9,2,10003KT,15,09
2023-08-09 03:00:00.000,2023,8,9,3,06005KT,14,08
2023-08-09 04:00:00.000,2023,8,9,4,08004KT,13,08
2023-08-09 05:00:00.000,2023,8,9,5,06004KT,13,09
2023-08-09 06:00:00.000,2023,8,9,6,06003KT,13,09
2023-08-09 07:00:00.000,2023,8,9,7,16004KT,12,09
2023-08-09 08:00:00.000,2023,8,9,8,30006KT,10,09
2023-08-09 09:00:00.000,2023,8,9,9,02003KT,09,08
2023-08-09 10:00:00.000,2023,8,9,10,01003KT,11,09
2023-08-09 10:30:00.000,2023,8,9,10,VRB02KT,10,09
2023-08-09 11:00:00.000,2023,8,9,11,VRB02KT,11,09
2023-08-09 12:00:00.000,2023,8,9,12,34003KT,11,10
2023-08-09 13:00:00.000,2023,8,9,13,VRB02KT,12,10
2023-08-09 14:00:00.000,2023,8,9,14,08003KT,13,11
2023-08-09 15:00:00.000,2023,8,9,15,13005KT,14,11
2023-08-09 16:00:00.000,2023,8,9,16,VRB04KT,14,11
2023-08-09 17:00:00.000,2023,8,9,17,08005KT,15,10
2023-08-09 18:00:00.000,2023,8,9,18,07007KT,16,10
2023-08-09 19:00:00.000,2023,8,9,19,08004KT,17,10
2023-08-09 20:00:00.000,2023,8,9,20,10007KT,18,09
2023-08-09 21:00:00.000,2023,8,9,21,14008KT,18,09
2023-08-09 22:00:00.000,2023,8,9,22,13005KT,18,09
2023-08-09 23:00:00.000,2023,8,9,23,07006KT,17,09
2023-08-10 00:00:00.000,2023,8,10,0,09004KT,15,09
2023-08-10 01:00:00.000,2023,8,10,1,33003KT,14,09
2023-08-10 02:00:00.000,2023,8,10,2,VRB02KT,13,10
2023-08-10 03:00:00.000,2023,8,10,3,03003KT,11,09
2023-08-10 04:00:00.000,2023,8,10,4,35004KT,10,08
2023-08-10 05:00:00.000,2023,8,10,5,VRB02KT,09,07
2023-08-10 06:00:00.000,2023,8,10,6,08003KT,09,09
2023-08-10 07:00:00.000,2023,8,10,7,VRB02KT,09,08
2023-08-10 08:00:00.000,2023,8,10,8,01003KT,08,08
2023-08-10 09:00:00.000,2023,8,10,9,VRB02KT,08,08
2023-08-10 10:00:00.000,2023,8,10,10,31003KT,07,07
2023-08-10 10:30:00.000,2023,8,10,10,VRB02KT,06,06
2023-08-10 11:00:00.000,2023,8,10,11,25003KT,08,07
2023-08-10 12:00:00.000,2023,8,10,12,VRB02KT,08,07
2023-08-10 13:00:00.000,2023,8,10,13,06004KT,13,10
2023-08-10 14:00:00.000,2023,8,10,14,32003KT,16,10
2023-08-10 15:00:00.000,2023,8,10,15,01005KT,17,09
2023-08-10 16:00:00.000,2023,8,10,16,32004KT,19,10
2023-08-10 17:00:00.000,2023,8,10,17,31003KT,20,09
2023-08-10 18:00:00.000,2023,8,10,18,27009KT,19,12
2023-08-10 19:00:00.000,2023,8,10,19,27007KT,19,11
2023-08-10 20:00:00.000,2023,8,10,20,24007KT,18,12
2023-08-10 21:00:00.000,2023,8,10,21,28008KT,17,12
2023-08-10 22:00:00.000,2023,8,10,22,27006KT,17,12
2023-08-10 23:00:00.000,2023,8,10,23,29003KT,16,12
2023-08-11 00:00:00.000,2023,8,11,0,28005KT,15,12
2023-08-11 01:00:00.000,2023,8,11,1,32004KT,14,12
2023-08-11 02:00:00.000,2023,8,11,2,35003KT,14,12
2023-08-11 03:00:00.000,2023,8,11,3,VRB02KT,15,11
2023-08-11 04:00:00.000,2023,8,11,4,VRB02KT,15,11
2023-08-11 05:00:00.000,2023,8,11,5,33005KT,14,11
2023-08-11 06:00:00.000,2023,8,11,6,VRB02KT,13,11
2023-08-11 07:00:00.000,2023,8,11,7,22004KT,13,12
2023-08-11 08:00:00.000,2023,8,11,8,32003KT,12,12
2023-08-11 09:00:00.000,2023,8,11,9,05005KT,12,12
2023-08-11 10:00:00.000,2023,8,11,10,05006KT,12,11
2023-08-11 10:27:00.000,2023,8,11,10,06004KT,12,11
2023-08-11 11:00:00.000,2023,8,11,11,05006KT,12,11
2023-08-11 12:00:00.000,2023,8,11,12,VRB02KT,13,11
2023-08-11 13:00:00.000,2023,8,11,13,03003KT,14,12
2023-08-11 13:20:00.000,2023,8,11,13,03003KT,14,12
2023-08-11 14:00:00.000,2023,8,11,14,03005KT,15,12
2023-08-11 15:00:00.000,2023,8,11,15,04006KT,16,12
2023-08-11 16:00:00.000,2023,8,11,16,VRB05KT,14,12
2023-08-11 17:00:00.000,2023,8,11,17,14009KT,15,12
2023-08-11 18:00:00.000,2023,8,11,18,14007KT,17,11
2023-08-11 19:00:00.000,2023,8,11,19,14009KT,18,10
2023-08-11 20:00:00.000,2023,8,11,20,13008KT,17,10
2023-08-11 21:00:00.000,2023,8,11,21,14011KT,16,10
2023-08-11 22:00:00.000,2023,8,11,22,07004KT,16,11
2023-08-11 23:00:00.000,2023,8,11,23,13004KT,15,11
2023-08-12 00:00:00.000,2023,8,12,0,06004KT,14,11
2023-08-12 01:00:00.000,2023,8,12,1,11004KT,14,09
2023-08-12 02:00:00.000,2023,8,12,2,VRB02KT,12,09
2023-08-12 03:00:00.000,2023,8,12,3,06003KT,11,08
2023-08-12 04:00:00.000,2023,8,12,4,06003KT,10,09
2023-08-12 05:00:00.000,2023,8,12,5,VRB02KT,12,09
2023-08-12 06:00:00.000,2023,8,12,6,05004KT,09,08
2023-08-12 07:00:00.000,2023,8,12,7,VRB02KT,09,08
2023-08-12 08:00:00.000,2023,8,12,8,02004KT,08,07
2023-08-12 09:00:00.000,2023,8,12,9,VRB02KT,09,08
2023-08-12 10:00:00.000,2023,8,12,10,03003KT,10,08
2023-08-12 10:30:00.000,2023,8,12,10,03003KT,10,08
2023-08-12 11:00:00.000,2023,8,12,11,02003KT,09,08
2023-08-12 12:00:00.000,2023,8,12,12,01003KT,11,09
2023-08-12 13:00:00.000,2023,8,12,13,05005KT,13,11
2023-08-12 14:00:00.000,2023,8,12,14,05003KT,15,10
2023-08-12 15:00:00.000,2023,8,12,15,13004KT,16,10
2023-08-12 16:00:00.000,2023,8,12,16,15008KT,17,10
2023-08-12 17:00:00.000,2023,8,12,17,04006KT,17,12
2023-08-12 18:00:00.000,2023,8,12,18,06012KT,15,11
2023-08-12 18:30:00.000,2023,8,12,18,14012KT,18,09
2023-08-12 19:00:00.000,2023,8,12,19,11007KT,19,09
2023-08-12 20:00:00.000,2023,8,12,20,VRB05KT,18,08
2023-08-12 21:00:00.000,2023,8,12,21,12007KT,19,08
2023-08-12 22:00:00.000,2023,8,12,22,02005KT,18,09
2023-08-12 23:00:00.000,2023,8,12,23,13010KT,17,08
2023-08-13 00:00:00.000,2023,8,13,0,13005KT,15,09
2023-08-13 01:00:00.000,2023,8,13,1,15009KT,14,09
2023-08-13 02:00:00.000,2023,8,13,2,13005KT,14,08
2023-08-13 03:00:00.000,2023,8,13,3,10004KT,14,10
2023-08-13 04:00:00.000,2023,8,13,4,12005KT,14,08
2023-08-13 05:00:00.000,2023,8,13,5,08003KT,13,09
2023-08-13 06:00:00.000,2023,8,13,6,VRB04KT,13,08
2023-08-13 07:00:00.000,2023,8,13,7,07005KT,11,09
2023-08-13 08:00:00.000,2023,8,13,8,03004KT,12,09
2023-08-13 09:00:00.000,2023,8,13,9,VRB02KT,12,09
2023-08-13 10:00:00.000,2023,8,13,10,05004KT,11,09
2023-08-13 10:28:00.000,2023,8,13,10,02004KT,11,10
2023-08-13 11:00:00.000,2023,8,13,11,02005KT,11,09
2023-08-13 12:00:00.000,2023,8,13,12,08004KT,13,09
2023-08-13 13:00:00.000,2023,8,13,13,11007KT,15,08
2023-08-13 14:00:00.000,2023,8,13,14,13010KT,16,09
2023-08-13 15:00:00.000,2023,8,13,15,15012KT,17,08
2023-08-13 16:00:00.000,2023,8,13,16,16009KT,17,08
2023-08-13 17:00:00.000,2023,8,13,17,16009KT,17,08
2023-08-13 18:00:00.000,2023,8,13,18,16013KT,17,07
2023-08-13 19:00:00.000,2023,8,13,19,13008KT,17,08
2023-08-13 20:00:00.000,2023,8,13,20,17012KT,16,08
2023-08-13 21:00:00.000,2023,8,13,21,15008KT,17,09
2023-08-13 22:00:00.000,2023,8,13,22,15008KT,17,09
2023-08-13 23:00:00.000,2023,8,13,23,14007KT,15,09
2023-08-14 00:00:00.000,2023,8,14,0,12004KT,15,09
2023-08-14 01:00:00.000,2023,8,14,1,10003KT,14,09
2023-08-14 02:00:00.000,2023,8,14,2,VRB02KT,11,09
2023-08-14 03:00:00.000,2023,8,14,3,00000KT,11,09
2023-08-14 04:00:00.000,2023,8,14,4,04003KT,12,09
2023-08-14 05:00:00.000,2023,8,14,5,03005KT,12,10
2023-08-14 06:00:00.000,2023,8,14,6,VRB02KT,11,10
2023-08-14 07:00:00.000,2023,8,14,7,VRB02KT,10,09
2023-08-14 08:00:00.000,2023,8,14,8,03003KT,10,09
2023-08-14 09:00:00.000,2023,8,14,9,VRB02KT,10,09
2023-08-14 10:00:00.000,2023,8,14,10,32003KT,08,08
2023-08-14 10:29:00.000,2023,8,14,10,VRB02KT,09,09
2023-08-14 11:00:00.000,2023,8,14,11,03003KT,09,08
2023-08-14 12:00:00.000,2023,8,14,12,04005KT,11,10
2023-08-14 12:29:00.000,2023,8,14,12,04006KT,13,10
2023-08-14 13:00:00.000,2023,8,14,13,04006KT,14,10
2023-08-14 14:00:00.000,2023,8,14,14,12006KT,17,07
2023-08-14 15:00:00.000,2023,8,14,15,14008KT,17,07
2023-08-14 16:00:00.000,2023,8,14,16,11008KT,19,08
2023-08-14 17:00:00.000,2023,8,14,17,12009KT,18,07
2023-08-14 18:00:00.000,2023,8,14,18,15008KT,19,08
2023-08-14 19:00:00.000,2023,8,14,19,09005KT,19,08
2023-08-14 20:00:00.000,2023,8,14,20,04006KT,20,08
2023-08-14 21:00:00.000,2023,8,14,21,05008KT,19,09
2023-08-14 22:00:00.000,2023,8,14,22,09005KT,18,09
2023-08-14 23:00:00.000,2023,8,14,23,08005KT,18,09
2023-08-15 00:00:00.000,2023,8,15,0,26004KT,15,12
2023-08-15 01:00:00.000,2023,8,15,1,27005KT,15,12
2023-08-15 02:00:00.000,2023,8,15,2,VRB02KT,13,12
2023-08-15 03:00:00.000,2023,8,15,3,05007KT,13,11
2023-08-15 04:00:00.000,2023,8,15,4,VRB02KT,12,11
2023-08-15 05:00:00.000,2023,8,15,5,07004KT,12,10
2023-08-15 06:00:00.000,2023,8,15,6,06004KT,11,09
2023-08-15 07:00:00.000,2023,8,15,7,VRB02KT,11,10
2023-08-15 08:00:00.000,2023,8,15,8,VRB02KT,12,10
2023-08-15 09:00:00.000,2023,8,15,9,06005KT,11,10
2023-08-15 10:00:00.000,2023,8,15,10,05007KT,11,10
2023-08-15 10:30:00.000,2023,8,15,10,02005KT,11,10
2023-08-15 11:00:00.000,2023,8,15,11,03005KT,11,10
2023-08-15 12:00:00.000,2023,8,15,12,05003KT,12,10
2023-08-15 12:31:00.000,2023,8,15,12,10004KT,14,10
2023-08-15 13:00:00.000,2023,8,15,13,VRB04KT,15,10
2023-08-15 14:00:00.000,2023,8,15,14,10006KT,16,10
2023-08-15 15:00:00.000,2023,8,15,15,10006KT,17,09
2023-08-15 16:00:00.000,2023,8,15,16,15008KT,17,09
2023-08-15 17:00:00.000,2023,8,15,17,13009KT,18,09
2023-08-15 18:00:00.000,2023,8,15,18,05008KT,17,10
2023-08-15 19:00:00.000,2023,8,15,19,14003KT,18,10
2023-08-15 20:00:00.000,2023,8,15,20,14006KT,20,10
2023-08-15 21:00:00.000,2023,8,15,21,04005KT,16,10
2023-08-15 22:00:00.000,2023,8,15,22,00000KT,25,24
2023-08-15 23:00:00.000,2023,8,15,23,23004KT,15,10
2023-08-16 00:00:00.000,2023,8,16,0,32003KT,14,11
2023-08-16 01:00:00.000,2023,8,16,1,36003KT,13,11
2023-08-16 02:00:00.000,2023,8,16,2,32004KT,14,11
2023-08-16 03:00:00.000,2023,8,16,3,VRB02KT,12,11
2023-08-16 04:00:00.000,2023,8,16,4,03003KT,13,10
2023-08-16 05:00:00.000,2023,8,16,5,VRB02KT,12,10
2023-08-16 06:00:00.000,2023,8,16,6,03003KT,12,10
2023-08-16 07:00:00.000,2023,8,16,7,04003KT,12,10
2023-08-16 08:00:00.000,2023,8,16,8,05003KT,12,10
2023-08-16 09:00:00.000,2023,8,16,9,03003KT,11,10
2023-08-16 10:00:00.000,2023,8,16,10,29005KT,10,09
2023-08-16 10:27:00.000,2023,8,16,10,06003KT,09,09
2023-08-16 11:00:00.000,2023,8,16,11,05003KT,08,08
2023-08-16 11:30:00.000,2023,8,16,11,05003KT,10,09
2023-08-16 12:00:00.000,2023,8,16,12,03005KT,12,10
2023-08-16 13:00:00.000,2023,8,16,13,05006KT,14,10
2023-08-16 14:00:00.000,2023,8,16,14,12005KT,16,09
2023-08-16 15:00:00.000,2023,8,16,15,06005KT,18,10
2023-08-16 16:00:00.000,2023,8,16,16,07006KT,20,09
2023-08-16 17:00:00.000,2023,8,16,17,16013KT,21,09
2023-08-16 18:00:00.000,2023,8,16,18,18010KT,20,10
2023-08-16 19:00:00.000,2023,8,16,19,16009KT,20,08
2023-08-16 20:00:00.000,2023,8,16,20,24006KT,21,10
2023-08-16 21:00:00.000,2023,8,16,21,23010KT,18,12
2023-08-16 22:00:00.000,2023,8,16,22,26006KT,17,12
2023-08-16 23:00:00.000,2023,8,16,23,04007KT,16,13
2023-08-17 00:00:00.000,2023,8,17,0,35003KT,14,12
2023-08-17 01:00:00.000,2023,8,17,1,32006KT,14,11
2023-08-17 02:00:00.000,2023,8,17,2,34003KT,12,11
2023-08-17 03:00:00.000,2023,8,17,3,34003KT,11,10
2023-08-17 04:00:00.000,2023,8,17,4,VRB02KT,11,10
2023-08-17 05:00:00.000,2023,8,17,5,35003KT,12,10
2023-08-17 06:00:00.000,2023,8,17,6,VRB02KT,12,11
2023-08-17 07:00:00.000,2023,8,17,7,VRB02KT,12,11
2023-08-17 08:00:00.000,2023,8,17,8,33004KT,12,11
2023-08-17 09:00:00.000,2023,8,17,9,VRB02KT,12,11
2023-08-17 10:00:00.000,2023,8,17,10,04004KT,12,11
2023-08-17 10:30:00.000,2023,8,17,10,VRB02KT,12,11
2023-08-17 11:00:00.000,2023,8,17,11,VRB02KT,12,11
2023-08-17 12:00:00.000,2023,8,17,12,06005KT,13,11
2023-08-17 13:00:00.000,2023,8,17,13,03004KT,14,11
2023-08-17 14:00:00.000,2023,8,17,14,07004KT,16,11
2023-08-17 15:00:00.000,2023,8,17,15,VRB05KT,18,10
2023-08-17 16:00:00.000,2023,8,17,16,18007KT,20,10
2023-08-17 17:00:00.000,2023,8,17,17,15011KT,21,09
2023-08-17 18:00:00.000,2023,8,17,18,14010KT,21,09
2023-08-17 19:00:00.000,2023,8,17,19,11005KT,22,10
2023-08-17 20:00:00.000,2023,8,17,20,33008KT,19,13
2023-08-17 21:00:00.000,2023,8,17,21,31012KT,17,13
2023-08-17 21:27:00.000,2023,8,17,21,28010KT,16,14
2023-08-17 22:00:00.000,2023,8,17,22,28010KT,16,13
2023-08-17 23:00:00.000,2023,8,17,23,31005KT,15,14
2023-08-18 00:00:00.000,2023,8,18,0,26005KT,14,13
2023-08-18 01:00:00.000,2023,8,18,1,VRB02KT,13,13
2023-08-18 02:00:00.000,2023,8,18,2,VRB02KT,12,12
2023-08-18 03:00:00.000,2023,8,18,3,VRB02KT,12,12
2023-08-18 04:00:00.000,2023,8,18,4,VRB02KT,11,11
2023-08-18 05:00:00.000,2023,8,18,5,33003KT,11,11
2023-08-18 06:00:00.000,2023,8,18,6,VRB02KT,11,10
2023-08-18 07:00:00.000,2023,8,18,7,VRB02KT,12,11
2023-08-18 08:00:00.000,2023,8,18,8,28003KT,10,10
2023-08-18 09:00:00.000,2023,8,18,9,VRB02KT,09,09
2023-08-18 10:00:00.000,2023,8,18,10,VRB02KT,08,08
2023-08-18 10:30:00.000,2023,8,18,10,VRB02KT,08,07
2023-08-18 11:00:00.000,2023,8,18,11,VRB02KT,08,08
2023-08-18 11:03:00.000,2023,8,18,11,00000KT,08,07
2023-08-18 11:39:00.000,2023,8,18,11,31004KT,08,08
2023-08-18 12:00:00.000,2023,8,18,12,31004KT,10,09
2023-08-18 13:00:00.000,2023,8,18,13,34003KT,12,11
2023-08-18 14:00:00.000,2023,8,18,14,26003KT,16,13
2023-08-18 15:00:00.000,2023,8,18,15,29006KT,18,12
2023-08-18 16:00:00.000,2023,8,18,16,30005KT,19,11
2023-08-18 17:00:00.000,2023,8,18,17,31003KT,20,10
2023-08-18 18:00:00.000,2023,8,18,18,26009KT,19,12
2023-08-18 19:00:00.000,2023,8,18,19,25009KT,19,12
2023-08-18 19:23:00.000,2023,8,18,19,29005KT,18,13
2023-08-18 19:36:00.000,2023,8,18,19,28009KT,16,14
2023-08-18 20:00:00.000,2023,8,18,20,30009KT,15,13
2023-08-18 21:00:00.000,2023,8,18,21,24007KT,17,14
2023-08-18 22:00:00.000,2023,8,18,22,VRB04KT,16,13
2023-08-18 23:00:00.000,2023,8,18,23,25005KT,16,13
2023-08-19 00:00:00.000,2023,8,19,0,VRB02KT,15,13
2023-08-19 01:00:00.000,2023,8,19,1,24006KT,15,13
2023-08-19 02:00:00.000,2023,8,19,2,VRB02KT,14,13
2023-08-19 03:00:00.000,2023,8,19,3,VRB02KT,14,13
2023-08-19 04:00:00.000,2023,8,19,4,36003KT,12,12
2023-08-19 05:00:00.000,2023,8,19,5,VRB02KT,12,11
2023-08-19 06:00:00.000,2023,8,19,6,35003KT,09,09
2023-08-19 07:00:00.000,2023,8,19,7,VRB02KT,11,11
2023-08-19 08:00:00.000,2023,8,19,8,VRB02KT,12,12
2023-08-19 09:00:00.000,2023,8,19,9,VRB02KT,12,12
2023-08-19 10:00:00.000,2023,8,19,10,VRB02KT,11,11
2023-08-19 10:26:00.000,2023,8,19,10,VRB02KT,12,12
2023-08-19 11:00:00.000,2023,8,19,11,VRB02KT,13,12
2023-08-19 12:00:00.000,2023,8,19,12,34004KT,12,11
2023-08-19 13:00:00.000,2023,8,19,13,31004KT,14,13
2023-08-19 14:00:00.000,2023,8,19,14,01003KT,17,13
2023-08-19 15:00:00.000,2023,8,19,15,34004KT,18,12
2023-08-19 16:00:00.000,2023,8,19,16,25004KT,19,12
2023-08-19 17:00:00.000,2023,8,19,17,05004KT,20,11
2023-08-19 18:00:00.000,2023,8,19,18,27010KT,17,14
2023-08-19 19:00:00.000,2023,8,19,19,28011KT,19,14
2023-08-19 20:00:00.000,2023,8,19,20,31007KT,20,13
2023-08-19 21:00:00.000,2023,8,19,21,31010KT,19,14
2023-08-19 22:00:00.000,2023,8,19,22,29009KT,19,14
2023-08-19 23:00:00.000,2023,8,19,23,35006KT,17,14
2023-08-20 00:00:00.000,2023,8,20,0,27004KT,16,14
2023-08-20 01:00:00.000,2023,8,20,1,28004KT,16,14
2023-08-20 02:00:00.000,2023,8,20,2,24003KT,16,14
2023-08-20 03:00:00.000,2023,8,20,3,02003KT,15,14
2023-08-20 04:00:00.000,2023,8,20,4,27003KT,14,13
2023-08-20 05:00:00.000,2023,8,20,5,35003KT,13,13
2023-08-20 06:00:00.000,2023,8,20,6,32003KT,13,12
2023-08-20 07:00:00.000,2023,8,20,7,35002KT,12,12
2023-08-20 08:00:00.000,2023,8,20,8,VRB02KT,12,12
2023-08-20 09:00:00.000,2023,8,20,9,VRB02KT,12,12
2023-08-20 10:00:00.000,2023,8,20,10,VRB02KT,13,12
2023-08-20 10:30:00.000,2023,8,20,10,35003KT,13,13
2023-08-20 11:00:00.000,2023,8,20,11,01003KT,13,12
2023-08-20 12:00:00.000,2023,8,20,12,08006KT,13,12
2023-08-20 13:00:00.000,2023,8,20,13,04008KT,13,10
2023-08-20 14:00:00.000,2023,8,20,14,VRB04KT,15,10
2023-08-20 14:27:00.000,2023,8,20,14,VRB02KT,18,11
2023-08-20 15:00:00.000,2023,8,20,15,VRB02KT,18,12
2023-08-20 16:00:00.000,2023,8,20,16,23006KT,20,11
2023-08-20 17:00:00.000,2023,8,20,17,25005KT,20,12
2023-08-20 18:00:00.000,2023,8,20,18,25007KT,18,12
2023-08-20 19:00:00.000,2023,8,20,19,27004KT,18,12
2023-08-20 20:00:00.000,2023,8,20,20,30008KT,19,14
2023-08-20 21:00:00.000,2023,8,20,21,29009KT,19,14
2023-08-20 22:00:00.000,2023,8,20,22,30007KT,17,14
2023-08-20 23:00:00.000,2023,8,20,23,27008KT,16,13
2023-08-21 00:00:00.000,2023,8,21,0,27007KT,15,13
2023-08-21 01:00:00.000,2023,8,21,1,VRB02KT,15,13
2023-08-21 02:00:00.000,2023,8,21,2,25006KT,13,13
2023-08-21 03:00:00.000,2023,8,21,3,33004KT,13,13
2023-08-21 04:00:00.000,2023,8,21,4,VRB02KT,13,12
2023-08-21 05:00:00.000,2023,8,21,5,00000KT,13,12
2023-08-21 06:00:00.000,2023,8,21,6,00000KT,13,12
2023-08-21 07:00:00.000,2023,8,21,7,00000KT,13,12
2023-08-21 08:00:00.000,2023,8,21,8,01003KT,13,13
2023-08-21 09:00:00.000,2023,8,21,9,33003KT,12,12
2023-08-21 10:00:00.000,2023,8,21,10,32003KT,12,12
2023-08-21 10:31:00.000,2023,8,21,10,29003KT,12,12
2023-08-21 11:00:00.000,2023,8,21,11,VRB02KT,12,12
2023-08-21 12:00:00.000,2023,8,21,12,VRB02KT,12,11
2023-08-21 13:00:00.000,2023,8,21,13,06004KT,15,12
2023-08-21 14:00:00.000,2023,8,21,14,36003KT,17,12
2023-08-21 15:00:00.000,2023,8,21,15,27004KT,17,11
2023-08-21 16:00:00.000,2023,8,21,16,VRB02KT,19,10
2023-08-21 17:00:00.000,2023,8,21,17,24005KT,19,12
2023-08-21 18:00:00.000,2023,8,21,18,31008KT,18,13
2023-08-21 18:36:00.000,2023,8,21,18,32007KT,18,14
2023-08-21 19:00:00.000,2023,8,21,19,33007KT,18,14
2023-08-21 19:21:00.000,2023,8,21,19,29005KT,18,18
2023-08-21 19:30:00.000,2023,8,21,19,31008KT,14,14
2023-08-21 20:00:00.000,2023,8,21,20,34006KT,15,14
2023-08-21 20:24:00.000,2023,8,21,20,30007KT,16,15
2023-08-21 21:00:00.000,2023,8,21,21,30006KT,16,14
2023-08-21 22:00:00.000,2023,8,21,22,32006KT,17,14
2023-08-21 23:00:00.000,2023,8,21,23,27008KT,15,14
2023-08-22 00:00:00.000,2023,8,22,0,06006KT,14,13
2023-08-22 01:00:00.000,2023,8,22,1,05006KT,13,13
2023-08-22 02:00:00.000,2023,8,22,2,VRB02KT,13,12
2023-08-22 03:00:00.000,2023,8,22,3,34003KT,12,12
2023-08-22 04:00:00.000,2023,8,22,4,VRB02KT,13,12
2023-08-22 05:00:00.000,2023,8,22,5,32003KT,13,13
2023-08-22 06:00:00.000,2023,8,22,6,VRB02KT,13,12
2023-08-22 07:00:00.000,2023,8,22,7,VRB02KT,12,12
2023-08-22 08:00:00.000,2023,8,22,8,VRB02KT,13,12
2023-08-22 09:00:00.000,2023,8,22,9,06006KT,13,12
2023-08-22 10:00:00.000,2023,8,22,10,04004KT,12,12
2023-08-22 10:30:00.000,2023,8,22,10,05004KT,12,12
2023-08-22 11:00:00.000,2023,8,22,11,07005KT,12,11
2023-08-22 12:00:00.000,2023,8,22,12,05005KT,12,11
2023-08-22 13:00:00.000,2023,8,22,13,13006KT,14,10
2023-08-22 14:00:00.000,2023,8,22,14,15012KT,16,10
2023-08-22 15:00:00.000,2023,8,22,15,15013KT,17,09
2023-08-22 16:00:00.000,2023,8,22,16,14010KT,17,09
2023-08-22 17:00:00.000,2023,8,22,17,14010KT,17,09
2023-08-22 18:00:00.000,2023,8,22,18,14016KT,17,09
2023-08-22 19:00:00.000,2023,8,22,19,16012KT,18,09
2023-08-22 20:00:00.000,2023,8,22,20,17009KT,19,09
2023-08-22 21:00:00.000,2023,8,22,21,17009KT,19,09
2023-08-22 22:00:00.000,2023,8,22,22,15013KT,17,09
2023-08-22 23:00:00.000,2023,8,22,23,16010KT,16,08
2023-08-23 00:00:00.000,2023,8,23,0,14010KT,14,08
2023-08-23 01:00:00.000,2023,8,23,1,14008KT,14,08
2023-08-23 02:00:00.000,2023,8,23,2,14006KT,14,08
2023-08-23 03:00:00.000,2023,8,23,3,16006KT,15,09
2023-08-23 04:00:00.000,2023,8,23,4,14005KT,14,09
2023-08-23 05:00:00.000,2023,8,23,5,17009KT,15,09
2023-08-23 06:00:00.000,2023,8,23,6,04005KT,12,11
2023-08-23 07:00:00.000,2023,8,23,7,03004KT,12,11
2023-08-23 08:00:00.000,2023,8,23,8,03004KT,11,10
2023-08-23 09:00:00.000,2023,8,23,9,VRB02KT,10,10
2023-08-23 10:00:00.000,2023,8,23,10,08004KT,11,09
2023-08-23 10:30:00.000,2023,8,23,10,VRB02KT,10,09
2023-08-23 11:00:00.000,2023,8,23,11,05004KT,09,08
2023-08-23 12:00:00.000,2023,8,23,12,VRB02KT,11,10
2023-08-23 13:00:00.000,2023,8,23,13,04005KT,14,10
2023-08-23 14:00:00.000,2023,8,23,14,05005KT,16,08
2023-08-23 15:00:00.000,2023,8,23,15,01004KT,18,06
2023-08-23 16:00:00.000,2023,8,23,16,16012KT,20,03
2023-08-23 17:00:00.000,2023,8,23,17,12012KT,21,04
2023-08-23 18:00:00.000,2023,8,23,18,11010KT,21,04
2023-08-23 19:00:00.000,2023,8,23,19,11008KT,21,04
2023-08-23 20:00:00.000,2023,8,23,20,13012KT,20,05
2023-08-23 21:00:00.000,2023,8,23,21,13011KT,21,04
2023-08-23 22:00:00.000,2023,8,23,22,18012KT,19,06
2023-08-23 23:00:00.000,2023,8,23,23,14010KT,17,06
2023-08-24 00:00:00.000,2023,8,24,0,13008KT,15,06
2023-08-24 01:00:00.000,2023,8,24,1,17008KT,16,06
2023-08-24 02:00:00.000,2023,8,24,2,17009KT,15,07
2023-08-24 03:00:00.000,2023,8,24,3,13008KT,14,07
2023-08-24 04:00:00.000,2023,8,24,4,09003KT,14,08
2023-08-24 05:00:00.000,2023,8,24,5,04004KT,12,09
2023-08-24 06:00:00.000,2023,8,24,6,03005KT,12,09
2023-08-24 07:00:00.000,2023,8,24,7,04006KT,11,09
2023-08-24 08:00:00.000,2023,8,24,8,03004KT,11,09
2023-08-24 09:00:00.000,2023,8,24,9,VRB02KT,11,08
2023-08-24 10:00:00.000,2023,8,24,10,06006KT,12,09
2023-08-24 10:30:00.000,2023,8,24,10,05005KT,11,09
2023-08-24 11:00:00.000,2023,8,24,11,04006KT,11,09
2023-08-24 12:00:00.000,2023,8,24,12,06005KT,13,09
2023-08-24 13:00:00.000,2023,8,24,13,08005KT,15,08
2023-08-24 14:00:00.000,2023,8,24,14,09006KT,15,09
2023-08-24 15:00:00.000,2023,8,24,15,13008KT,17,08
2023-08-24 16:00:00.000,2023,8,24,16,05006KT,18,08
2023-08-24 17:00:00.000,2023,8,24,17,13010KT,18,08
2023-08-24 18:00:00.000,2023,8,24,18,11009KT,19,07
2023-08-24 19:00:00.000,2023,8,24,19,14013KT,20,09
2023-08-24 20:00:00.000,2023,8,24,20,13011KT,20,08
2023-08-24 21:00:00.000,2023,8,24,21,11009KT,18,08
2023-08-24 22:00:00.000,2023,8,24,22,11005KT,17,09
2023-08-24 23:00:00.000,2023,8,24,23,13008KT,16,08
2023-08-25 00:00:00.000,2023,8,25,0,14007KT,15,08
2023-08-25 01:00:00.000,2023,8,25,1,12004KT,14,08
2023-08-25 02:00:00.000,2023,8,25,2,14015KT,14,08
2023-08-25 03:00:00.000,2023,8,25,3,32003KT,13,08
2023-08-25 04:00:00.000,2023,8,25,4,34006KT,12,08
2023-08-25 05:00:00.000,2023,8,25,5,VRB02KT,12,08
2023-08-25 06:00:00.000,2023,8,25,6,VRB02KT,10,08
2023-08-25 07:00:00.000,2023,8,25,7,VRB02KT,10,08
2023-08-25 08:00:00.000,2023,8,25,8,00000KT,11,09
2023-08-25 09:00:00.000,2023,8,25,9,VRB02KT,11,09
2023-08-25 10:00:00.000,2023,8,25,10,VRB02KT,11,09
2023-08-25 10:30:00.000,2023,8,25,10,VRB02KT,11,09
2023-08-25 11:00:00.000,2023,8,25,11,VRB02KT,12,09
2023-08-25 12:00:00.000,2023,8,25,12,VRB02KT,13,10
2023-08-25 13:00:00.000,2023,8,25,13,VRB02KT,14,10
2023-08-25 14:00:00.000,2023,8,25,14,VRB02KT,16,09
2023-08-25 15:00:00.000,2023,8,25,15,11009KT,18,08
2023-08-25 15:09:00.000,2023,8,25,15,30007KT,18,16
2023-08-25 16:00:00.000,2023,8,25,16,16011KT,18,08
2023-08-25 17:00:00.000,2023,8,25,17,16009KT,18,07
2023-08-25 18:00:00.000,2023,8,25,18,15011KT,19,08
2023-08-25 19:00:00.000,2023,8,25,19,14010KT,19,07
2023-08-25 20:00:00.000,2023,8,25,20,14008KT,20,08
2023-08-25 21:00:00.000,2023,8,25,21,14010KT,19,07
2023-08-25 22:00:00.000,2023,8,25,22,10004KT,18,08
2023-08-25 23:00:00.000,2023,8,25,23,13004KT,17,08
2023-08-26 00:00:00.000,2023,8,26,0,13007KT,16,08
2023-08-26 01:00:00.000,2023,8,26,1,08005KT,14,08
2023-08-26 02:00:00.000,2023,8,26,2,12006KT,14,08
2023-08-26 03:00:00.000,2023,8,26,3,02004KT,12,08
2023-08-26 04:00:00.000,2023,8,26,4,06003KT,11,08
2023-08-26 05:00:00.000,2023,8,26,5,VRB02KT,09,07
2023-08-26 06:00:00.000,2023,8,26,6,03004KT,09,08
2023-08-26 07:00:00.000,2023,8,26,7,VRB02KT,08,07
2023-08-26 08:00:00.000,2023,8,26,8,35004KT,06,06
2023-08-26 09:00:00.000,2023,8,26,9,VRB02KT,06,06
2023-08-26 10:00:00.000,2023,8,26,10,VRB02KT,06,06
2023-08-26 10:30:00.000,2023,8,26,10,VRB02KT,04,04
2023-08-26 11:00:00.000,2023,8,26,11,VRB02KT,05,05
2023-08-26 11:19:00.000,2023,8,26,11,VRB02KT,07,07
2023-08-26 12:00:00.000,2023,8,26,12,07004KT,09,08
2023-08-26 13:00:00.000,2023,8,26,13,06007KT,13,08
2023-08-26 13:26:00.000,2023,8,26,13,05006KT,15,09
2023-08-26 14:00:00.000,2023,8,26,14,09006KT,17,09
2023-08-26 15:00:00.000,2023,8,26,15,09010KT,19,07
2023-08-26 16:00:00.000,2023,8,26,16,13011KT,20,06
2023-08-26 17:00:00.000,2023,8,26,17,15009KT,21,05
2023-08-26 18:00:00.000,2023,8,26,18,14016KT,21,04
2023-08-26 19:00:00.000,2023,8,26,19,16014KT,21,04
2023-08-26 20:00:00.000,2023,8,26,20,14012KT,22,02
2023-08-26 20:11:00.000,2023,8,26,20,14012KT,22,02
2023-08-26 21:00:00.000,2023,8,26,21,14010KT,22,01
2023-08-26 22:00:00.000,2023,8,26,22,19011KT,21,04
2023-08-26 23:00:00.000,2023,8,26,23,18008KT,18,05
2023-08-27 00:00:00.000,2023,8,27,0,17005KT,16,06
2023-08-27 01:00:00.000,2023,8,27,1,18004KT,15,08
2023-08-27 02:00:00.000,2023,8,27,2,02003KT,11,07
2023-08-27 03:00:00.000,2023,8,27,3,03004KT,11,08
2023-08-27 04:00:00.000,2023,8,27,4,03005KT,11,08
2023-08-27 05:00:00.000,2023,8,27,5,05004KT,10,07
2023-08-27 06:00:00.000,2023,8,27,6,04006KT,11,08
2023-08-27 07:00:00.000,2023,8,27,7,07004KT,10,07
2023-08-27 08:00:00.000,2023,8,27,8,03004KT,09,07
2023-08-27 09:00:00.000,2023,8,27,9,07007KT,10,08
2023-08-27 10:00:00.000,2023,8,27,10,07004KT,08,07
2023-08-27 11:00:00.000,2023,8,27,11,05005KT,08,06
2023-08-27 12:00:00.000,2023,8,27,12,35003KT,09,07
2023-08-27 13:00:00.000,2023,8,27,13,08005KT,13,08
2023-08-27 14:00:00.000,2023,8,27,14,VRB02KT,16,07
2023-08-27 15:00:00.000,2023,8,27,15,18006KT,17,07
2023-08-27 16:00:00.000,2023,8,27,16,17009KT,19,07
2023-08-27 17:00:00.000,2023,8,27,17,14010KT,19,06
2023-08-27 18:00:00.000,2023,8,27,18,13010KT,21,05
2023-08-27 19:00:00.000,2023,8,27,19,17012G22KT,21,05
2023-08-27 19:01:00.000,2023,8,27,19,17012G22KT,21,05
2023-08-27 20:00:00.000,2023,8,27,20,18015KT,22,05
2023-08-27 21:00:00.000,2023,8,27,21,14006KT,20,05
2023-08-27 22:00:00.000,2023,8,27,22,VRB05KT,21,08
2023-08-27 23:00:00.000,2023,8,27,23,24007KT,16,10
2023-08-28 00:00:00.000,2023,8,28,0,36003KT,13,10
2023-08-28 01:00:00.000,2023,8,28,1,03004KT,11,09
2023-08-28 02:00:00.000,2023,8,28,2,14006KT,14,08
2023-08-28 03:00:00.000,2023,8,28,3,05003KT,13,09
2023-08-28 04:00:00.000,2023,8,28,4,34005KT,12,09
2023-08-28 05:00:00.000,2023,8,28,5,03003KT,11,08
2023-08-28 06:00:00.000,2023,8,28,6,04003KT,11,08
2023-08-28 07:00:00.000,2023,8,28,7,08003KT,11,08
2023-08-28 08:00:00.000,2023,8,28,8,05003KT,10,08
2023-08-28 09:00:00.000,2023,8,28,9,06004KT,09,07
2023-08-28 10:00:00.000,2023,8,28,10,07006KT,10,07
2023-08-28 10:30:00.000,2023,8,28,10,08005KT,10,08
2023-08-28 11:00:00.000,2023,8,28,11,07006KT,10,08
2023-08-28 12:00:00.000,2023,8,28,12,06005KT,12,08
2023-08-28 13:00:00.000,2023,8,28,13,02007KT,14,09
2023-08-28 14:00:00.000,2023,8,28,14,15008KT,16,08
2023-08-28 15:00:00.000,2023,8,28,15,16010KT,18,08
2023-08-28 16:00:00.000,2023,8,28,16,15008KT,19,08
2023-08-28 17:00:00.000,2023,8,28,17,15010KT,18,08
2023-08-28 18:00:00.000,2023,8,28,18,16012KT,18,08
2023-08-28 19:00:00.000,2023,8,28,19,15012KT,19,08
2023-08-28 20:00:00.000,2023,8,28,20,15010KT,20,08
2023-08-28 21:00:00.000,2023,8,28,21,11004KT,19,08
2023-08-28 22:00:00.000,2023,8,28,22,13008KT,19,08
2023-08-28 23:00:00.000,2023,8,28,23,14010KT,17,08
2023-08-29 00:00:00.000,2023,8,29,0,12006KT,16,08
2023-08-29 01:00:00.000,2023,8,29,1,VRB05KT,15,09
2023-08-29 02:00:00.000,2023,8,29,2,10005KT,15,08
2023-08-29 03:00:00.000,2023,8,29,3,10004KT,15,09
2023-08-29 04:00:00.000,2023,8,29,4,10004KT,14,09
2023-08-29 05:00:00.000,2023,8,29,5,36003KT,12,09
2023-08-29 06:00:00.000,2023,8,29,6,04004KT,10,09
2023-08-29 07:00:00.000,2023,8,29,7,05003KT,10,09
2023-08-29 08:00:00.000,2023,8,29,8,07005KT,11,09
2023-08-29 09:00:00.000,2023,8,29,9,VRB02KT,10,08
2023-08-29 10:00:00.000,2023,8,29,10,32003KT,08,07
2023-08-29 10:30:00.000,2023,8,29,10,34003KT,09,08
2023-08-29 11:00:00.000,2023,8,29,11,VRB02KT,09,08
2023-08-29 12:00:00.000,2023,8,29,12,04004KT,12,09
2023-08-29 13:00:00.000,2023,8,29,13,07005KT,15,09
2023-08-29 14:00:00.000,2023,8,29,14,07008KT,18,09
2023-08-29 15:00:00.000,2023,8,29,15,11008KT,19,07
2023-08-29 16:00:00.000,2023,8,29,16,11010KT,19,06
2023-08-29 17:00:00.000,2023,8,29,17,09010KT,20,07
2023-08-29 18:00:00.000,2023,8,29,18,10008KT,20,07
2023-08-29 19:00:00.000,2023,8,29,19,13012KT,20,06
2023-08-29 20:00:00.000,2023,8,29,20,13009KT,20,07
2023-08-29 21:00:00.000,2023,8,29,21,12008KT,21,06
2023-08-29 22:00:00.000,2023,8,29,22,09006KT,19,06
2023-08-29 23:00:00.000,2023,8,29,23,10003KT,18,07
2023-08-30 00:00:00.000,2023,8,30,0,12005KT,17,08
2023-08-30 01:00:00.000,2023,8,30,1,23003KT,13,11
2023-08-30 02:00:00.000,2023,8,30,2,VRB02KT,10,09
2023-08-30 03:00:00.000,2023,8,30,3,13010KT,14,08
2023-08-30 04:00:00.000,2023,8,30,4,11005KT,14,08
2023-08-30 05:00:00.000,2023,8,30,5,35003KT,11,09
2023-08-30 06:00:00.000,2023,8,30,6,33005KT,12,09
2023-08-30 07:00:00.000,2023,8,30,7,31005KT,11,08
2023-08-30 08:00:00.000,2023,8,30,8,VRB02KT,11,09
2023-08-30 09:00:00.000,2023,8,30,9,02004KT,12,09
2023-08-30 10:00:00.000,2023,8,30,10,00000KT,11,09
2023-08-30 10:30:00.000,2023,8,30,10,00000KT,11,09
2023-08-30 11:00:00.000,2023,8,30,11,VRB02KT,11,09
2023-08-30 12:00:00.000,2023,8,30,12,05005KT,12,10
2023-08-30 13:00:00.000,2023,8,30,13,03006KT,14,11
2023-08-30 14:00:00.000,2023,8,30,14,08007KT,16,10
2023-08-30 15:00:00.000,2023,8,30,15,15013KT,17,09
2023-08-30 16:00:00.000,2023,8,30,16,14014KT,18,09
2023-08-30 17:00:00.000,2023,8,30,17,15016KT,19,09
2023-08-30 18:00:00.000,2023,8,30,18,17016KT,19,09
2023-08-30 19:00:00.000,2023,8,30,19,16014KT,19,10
2023-08-30 20:00:00.000,2023,8,30,20,15013KT,19,08
2023-08-30 21:00:00.000,2023,8,30,21,16016KT,19,07
2023-08-30 22:00:00.000,2023,8,30,22,16014KT,18,05
2023-08-30 23:00:00.000,2023,8,30,23,16013KT,17,05
2023-08-31 00:00:00.000,2023,8,31,0,14012KT,14,06
2023-08-31 01:00:00.000,2023,8,31,1,14009KT,14,06
2023-08-31 02:00:00.000,2023,8,31,2,12004KT,14,08
2023-08-31 03:00:00.000,2023,8,31,3,10005KT,14,08
2023-08-31 04:00:00.000,2023,8,31,4,VRB02KT,12,07
2023-08-31 05:00:00.000,2023,8,31,5,01004KT,09,07
2023-08-31 06:00:00.000,2023,8,31,6,06003KT,11,08
2023-08-31 07:00:00.000,2023,8,31,7,36004KT,11,08
2023-08-31 08:00:00.000,2023,8,31,8,03007KT,10,08
2023-08-31 09:00:00.000,2023,8,31,9,VRB02KT,09,08
2023-08-31 10:00:00.000,2023,8,31,10,05006KT,09,08
2023-08-31 10:30:00.000,2023,8,31,10,VRB02KT,09,08
2023-08-31 11:00:00.000,2023,8,31,11,35004KT,10,08
2023-08-31 12:00:00.000,2023,8,31,12,33004KT,12,09
2023-08-31 13:00:00.000,2023,8,31,13,13010KT,15,07
2023-08-31 14:00:00.000,2023,8,31,14,13014KT,17,07
2023-08-31 14:34:00.000,2023,8,31,14,12015KT,19,08
2023-08-31 15:00:00.000,2023,8,31,15,12016KT,19,07
2023-08-31 16:00:00.000,2023,8,31,16,15011KT,20,08
2023-08-31 17:00:00.000,2023,8,31,17,16013KT,20,07
2023-08-31 18:00:00.000,2023,8,31,18,17011KT,20,07
2023-08-31 19:00:00.000,2023,8,31,19,16015KT,20,08
2023-08-31 20:00:00.000,2023,8,31,20,17016KT,20,08
2023-08-31 21:00:00.000,2023,8,31,21,17012KT,20,08
2023-08-31 22:00:00.000,2023,8,31,22,15011KT,18,08
2023-08-31 23:00:00.000,2023,8,31,23,16014KT,15,09
2023-09-01 00:00:00.000,2023,9,1,0,13009KT,16,07
2023-09-01 01:00:00.000,2023,9,1,1,14006KT,13,07
2023-09-01 02:00:00.000,2023,9,1,2,06004KT,13,08
2023-09-01 03:00:00.000,2023,9,1,3,28005KT,13,09
2023-09-01 04:00:00.000,2023,9,1,4,01004KT,11,09
2023-09-01 05:00:00.000,2023,9,1,5,06005KT,10,08
2023-09-01 06:00:00.000,2023,9,1,6,05005KT,11,09
2023-09-01 07:00:00.000,2023,9,1,7,05006KT,11,08
2023-09-01 08:00:00.000,2023,9,1,8,07004KT,10,08
2023-09-01 09:00:00.000,2023,9,1,9,VRB02KT,07,07
2023-09-01 10:00:00.000,2023,9,1,10,04006KT,09,07
2023-09-01 10:30:00.000,2023,9,1,10,05005KT,08,07
2023-09-01 11:00:00.000,2023,9,1,11,07007KT,10,08
2023-09-01 12:00:00.000,2023,9,1,12,36003KT,11,08
2023-09-01 13:00:00.000,2023,9,1,13,VRB02KT,14,09
2023-09-01 14:00:00.000,2023,9,1,14,31003KT,17,08
2023-09-01 15:00:00.000,2023,9,1,15,15010KT,19,08
2023-09-01 16:00:00.000,2023,9,1,16,12009KT,19,07
2023-09-01 17:00:00.000,2023,9,1,17,14010KT,20,08
2023-09-01 18:00:00.000,2023,9,1,18,11007KT,20,07
2023-09-01 19:00:00.000,2023,9,1,19,14008KT,20,07
2023-09-01 20:00:00.000,2023,9,1,20,14008KT,21,07
2023-09-01 21:00:00.000,2023,9,1,21,13006KT,21,07
2023-09-01 22:00:00.000,2023,9,1,22,04006KT,19,10
2023-09-01 23:00:00.000,2023,9,1,23,03008KT,17,09
2023-09-02 00:00:00.000,2023,9,2,0,21004KT,18,09
2023-09-02 01:00:00.000,2023,9,2,1,25004KT,16,11
2023-09-02 02:00:00.000,2023,9,2,2,VRB02KT,13,11
2023-09-02 03:00:00.000,2023,9,2,3,VRB02KT,13,10
2023-09-02 04:00:00.000,2023,9,2,4,10004KT,15,10
2023-09-02 05:00:00.000,2023,9,2,5,06006KT,13,09
2023-09-02 06:00:00.000,2023,9,2,6,04004KT,10,08
2023-09-02 07:00:00.000,2023,9,2,7,06005KT,11,08
2023-09-02 08:00:00.000,2023,9,2,8,VRB02KT,10,08
2023-09-02 09:00:00.000,2023,9,2,9,VRB02KT,10,08
2023-09-02 10:00:00.000,2023,9,2,10,VRB02KT,08,07
2023-09-02 10:30:00.000,2023,9,2,10,VRB02KT,08,07
2023-09-02 11:00:00.000,2023,9,2,11,04004KT,07,06
2023-09-02 12:00:00.000,2023,9,2,12,04005KT,11,09
2023-09-02 13:00:00.000,2023,9,2,13,05004KT,13,09
2023-09-02 14:00:00.000,2023,9,2,14,04006KT,14,09
2023-09-02 15:00:00.000,2023,9,2,15,05004KT,16,09
2023-09-02 16:00:00.000,2023,9,2,16,03005KT,18,08
2023-09-02 17:00:00.000,2023,9,2,17,04007KT,19,09
2023-09-02 18:00:00.000,2023,9,2,18,07006KT,20,09
2023-09-02 19:00:00.000,2023,9,2,19,28007KT,21,10
2023-09-02 20:00:00.000,2023,9,2,20,27007KT,19,11
2023-09-02 21:00:00.000,2023,9,2,21,24012KT,18,12
2023-09-02 22:00:00.000,2023,9,2,22,25008KT,18,12
2023-09-02 23:00:00.000,2023,9,2,23,16014KT,14,12
2023-09-03 00:00:00.000,2023,9,3,0,27005KT,14,12
2023-09-03 01:00:00.000,2023,9,3,1,01003KT,12,11
2023-09-03 02:00:00.000,2023,9,3,2,04003KT,11,10
2023-09-03 03:00:00.000,2023,9,3,3,VRB02KT,11,11
2023-09-03 04:00:00.000,2023,9,3,4,04003KT,11,10
2023-09-03 05:00:00.000,2023,9,3,5,03004KT,11,10
2023-09-03 06:00:00.000,2023,9,3,6,27004KT,12,11
2023-09-03 07:00:00.000,2023,9,3,7,32003KT,11,10
2023-09-03 08:00:00.000,2023,9,3,8,VRB02KT,11,10
2023-09-03 09:00:00.000,2023,9,3,9,VRB02KT,11,10
2023-09-03 10:00:00.000,2023,9,3,10,VRB02KT,09,09
2023-09-03 11:00:00.000,2023,9,3,11,30003KT,10,10
2023-09-03 12:00:00.000,2023,9,3,12,VRB02KT,11,11
2023-09-03 12:28:00.000,2023,9,3,12,04004KT,13,11
2023-09-03 13:00:00.000,2023,9,3,13,05004KT,14,11
2023-09-03 14:00:00.000,2023,9,3,14,02003KT,17,11
2023-09-03 15:00:00.000,2023,9,3,15,VRB02KT,17,11
2023-09-03 16:00:00.000,2023,9,3,16,15006KT,19,09
2023-09-03 17:00:00.000,2023,9,3,17,11007KT,19,08
2023-09-03 18:00:00.000,2023,9,3,18,10006KT,19,09
2023-09-03 19:00:00.000,2023,9,3,19,13008KT,20,09
2023-09-03 20:00:00.000,2023,9,3,20,17006KT,19,09
2023-09-03 21:00:00.000,2023,9,3,21,20005KT,19,09
2023-09-03 22:00:00.000,2023,9,3,22,33007KT,18,12
2023-09-03 23:00:00.000,2023,9,3,23,25005KT,16,12
2023-09-04 00:00:00.000,2023,9,4,0,27003KT,15,12
2023-09-04 01:00:00.000,2023,9,4,1,29004KT,14,12
2023-09-04 02:00:00.000,2023,9,4,2,VRB02KT,11,11
2023-09-04 03:00:00.000,2023,9,4,3,11003KT,12,11
2023-09-04 04:00:00.000,2023,9,4,4,27003KT,10,09
2023-09-04 05:00:00.000,2023,9,4,5,06003KT,11,10
2023-09-04 06:00:00.000,2023,9,4,6,04004KT,11,10
2023-09-04 07:00:00.000,2023,9,4,7,21004KT,12,10
2023-09-04 08:00:00.000,2023,9,4,8,33004KT,12,10
2023-09-04 09:00:00.000,2023,9,4,9,VRB02KT,12,10
2023-09-04 10:00:00.000,2023,9,4,10,VRB02KT,12,10
2023-09-04 11:00:00.000,2023,9,4,11,VRB02KT,12,09
2023-09-04 12:00:00.000,2023,9,4,12,04004KT,13,09
2023-09-04 13:00:00.000,2023,9,4,13,03003KT,13,10
2023-09-04 14:00:00.000,2023,9,4,14,04005KT,15,11
2023-09-04 15:00:00.000,2023,9,4,15,15007KT,17,09
2023-09-04 16:00:00.000,2023,9,4,16,11004KT,19,10
2023-09-04 17:00:00.000,2023,9,4,17,13010KT,19,10
2023-09-04 18:00:00.000,2023,9,4,18,15015KT,18,10
2023-09-04 19:00:00.000,2023,9,4,19,15010KT,19,09
2023-09-04 20:00:00.000,2023,9,4,20,09006KT,18,10
2023-09-04 21:00:00.000,2023,9,4,21,14009KT,17,10
2023-09-04 22:00:00.000,2023,9,4,22,13009KT,17,10
2023-09-04 23:00:00.000,2023,9,4,23,09004KT,16,10
2023-09-05 00:00:00.000,2023,9,5,0,10006KT,16,09
2023-09-05 01:00:00.000,2023,9,5,1,10006KT,16,09
2023-09-05 02:00:00.000,2023,9,5,2,11006KT,15,09
2023-09-05 03:00:00.000,2023,9,5,3,11006KT,15,09
2023-09-05 04:00:00.000,2023,9,5,4,12005KT,13,09
2023-09-05 05:00:00.000,2023,9,5,5,34003KT,11,09
2023-09-05 06:00:00.000,2023,9,5,6,VRB02KT,09,08
2023-09-05 07:00:00.000,2023,9,5,7,07005KT,11,09
2023-09-05 08:00:00.000,2023,9,5,8,04005KT,11,09
2023-09-05 09:00:00.000,2023,9,5,9,30003KT,11,09
2023-09-05 10:00:00.000,2023,9,5,10,02003KT,09,08
2023-09-05 10:30:00.000,2023,9,5,10,05003KT,09,08
2023-09-05 11:00:00.000,2023,9,5,11,VRB02KT,10,09
2023-09-05 12:00:00.000,2023,9,5,12,VRB02KT,12,09
2023-09-05 12:08:00.000,2023,9,5,12,VRB02KT,14,10
2023-09-05 13:00:00.000,2023,9,5,13,16006KT,16,10
2023-09-05 14:00:00.000,2023,9,5,14,13010KT,16,09
2023-09-05 15:00:00.000,2023,9,5,15,13009KT,17,10
2023-09-05 16:00:00.000,2023,9,5,16,20010KT,17,11
2023-09-05 17:00:00.000,2023,9,5,17,13010KT,21,10
2023-09-05 18:00:00.000,2023,9,5,18,13012KT,19,07
2023-09-05 19:00:00.000,2023,9,5,19,15009KT,18,10
2023-09-05 20:00:00.000,2023,9,5,20,18012KT,19,07
2023-09-05 21:00:00.000,2023,9,5,21,13012KT,17,08
2023-09-05 22:00:00.000,2023,9,5,22,14016KT,16,09
2023-09-05 23:00:00.000,2023,9,5,23,16010KT,16,08
2023-09-06 00:00:00.000,2023,9,6,0,09006KT,15,08
2023-09-06 01:00:00.000,2023,9,6,1,12004KT,14,09
2023-09-06 02:00:00.000,2023,9,6,2,VRB02KT,12,09
2023-09-06 03:00:00.000,2023,9,6,3,05003KT,12,09
2023-09-06 04:00:00.000,2023,9,6,4,00000KT,12,09
2023-09-06 05:00:00.000,2023,9,6,5,06005KT,10,08
2023-09-06 06:00:00.000,2023,9,6,6,07004KT,12,09
2023-09-06 07:00:00.000,2023,9,6,7,VRB02KT,10,08
2023-09-06 08:00:00.000,2023,9,6,8,VRB02KT,10,09
2023-09-06 09:00:00.000,2023,9,6,9,33003KT,10,08
2023-09-06 10:00:00.000,2023,9,6,10,VRB02KT,09,09
2023-09-06 10:32:00.000,2023,9,6,10,10003KT,11,09
2023-09-06 11:00:00.000,2023,9,6,11,12004KT,11,09
2023-09-06 12:00:00.000,2023,9,6,12,12003KT,12,09
2023-09-06 13:00:00.000,2023,9,6,13,12010KT,15,08
2023-09-06 14:00:00.000,2023,9,6,14,11003KT,18,07
2023-09-06 15:00:00.000,2023,9,6,15,11012KT,18,07
2023-09-06 16:00:00.000,2023,9,6,16,18012KT,19,07
2023-09-06 17:00:00.000,2023,9,6,17,13011KT,20,06
2023-09-06 18:00:00.000,2023,9,6,18,18012KT,20,07
2023-09-06 19:00:00.000,2023,9,6,19,15014G25KT,20,07
2023-09-06 20:00:00.000,2023,9,6,20,15013KT,19,06
2023-09-06 21:00:00.000,2023,9,6,21,15012KT,20,06
2023-09-06 22:00:00.000,2023,9,6,22,15007KT,19,06
2023-09-06 23:00:00.000,2023,9,6,23,15009KT,17,06
2023-09-07 00:00:00.000,2023,9,7,0,15010KT,16,06
2023-09-07 01:00:00.000,2023,9,7,1,VRB02KT,13,07
2023-09-07 02:00:00.000,2023,9,7,2,VRB02KT,13,08
2023-09-07 03:00:00.000,2023,9,7,3,33005KT,12,08
2023-09-07 04:00:00.000,2023,9,7,4,04006KT,12,08
2023-09-07 05:00:00.000,2023,9,7,5,04004KT,12,08
2023-09-07 06:00:00.000,2023,9,7,6,VRB02KT,11,08
2023-09-07 07:00:00.000,2023,9,7,7,VRB02KT,10,08
2023-09-07 08:00:00.000,2023,9,7,8,04005KT,09,07
2023-09-07 09:00:00.000,2023,9,7,9,04006KT,10,08
2023-09-07 10:00:00.000,2023,9,7,10,05005KT,11,08
2023-09-07 10:26:00.000,2023,9,7,10,03004KT,10,08
2023-09-07 11:00:00.000,2023,9,7,11,VRB02KT,09,07
2023-09-07 12:00:00.000,2023,9,7,12,34004KT,11,09
2023-09-07 13:00:00.000,2023,9,7,13,04006KT,14,09
2023-09-07 14:00:00.000,2023,9,7,14,09004KT,17,07
2023-09-07 15:00:00.000,2023,9,7,15,15012KT,18,07
2023-09-07 16:00:00.000,2023,9,7,16,14011KT,18,07
2023-09-07 17:00:00.000,2023,9,7,17,15010KT,18,08
2023-09-07 18:00:00.000,2023,9,7,18,16011KT,18,09
2023-09-07 19:00:00.000,2023,9,7,19,17008KT,18,08
2023-09-07 20:00:00.000,2023,9,7,20,18007KT,18,08
2023-09-07 21:00:00.000,2023,9,7,21,14005KT,17,08
2023-09-07 22:00:00.000,2023,9,7,22,12005KT,17,09
2023-09-07 23:00:00.000,2023,9,7,23,05005KT,16,09
2023-09-08 00:00:00.000,2023,9,8,0,05005KT,14,09
2023-09-08 01:00:00.000,2023,9,8,1,08003KT,13,10
2023-09-08 02:00:00.000,2023,9,8,2,VRB02KT,12,09
2023-09-08 03:00:00.000,2023,9,8,3,10004KT,15,09
2023-09-08 04:00:00.000,2023,9,8,4,06004KT,11,09
2023-09-08 05:00:00.000,2023,9,8,5,VRB02KT,11,09
2023-09-08 06:00:00.000,2023,9,8,6,VRB02KT,10,09
2023-09-08 07:00:00.000,2023,9,8,7,06004KT,08,07
2023-09-08 08:00:00.000,2023,9,8,8,00000KT,08,07
2023-09-08 09:00:00.000,2023,9,8,9,28004KT,08,07
2023-09-08 10:00:00.000,2023,9,8,10,VRB02KT,08,07
2023-09-08 10:30:00.000,2023,9,8,10,35003KT,05,05
2023-09-08 11:00:00.000,2023,9,8,11,01002KT,06,05
2023-09-08 11:27:00.000,2023,9,8,11,VRB02KT,08,08
2023-09-08 12:00:00.000,2023,9,8,12,02003KT,09,08
2023-09-08 13:00:00.000,2023,9,8,13,VRB02KT,11,10
2023-09-08 14:00:00.000,2023,9,8,14,VRB02KT,16,09
2023-09-08 15:00:00.000,2023,9,8,15,09006KT,17,09
2023-09-08 16:00:00.000,2023,9,8,16,11010KT,17,08
2023-09-08 17:00:00.000,2023,9,8,17,17008KT,18,09
2023-09-08 18:00:00.000,2023,9,8,18,17009KT,18,09
2023-09-08 19:00:00.000,2023,9,8,19,15008KT,18,09
2023-09-08 20:00:00.000,2023,9,8,20,15007KT,18,08
2023-09-08 21:00:00.000,2023,9,8,21,14008KT,18,08
2023-09-08 22:00:00.000,2023,9,8,22,07006KT,17,09
2023-09-08 23:00:00.000,2023,9,8,23,09004KT,15,10
2023-09-09 00:00:00.000,2023,9,9,0,07007KT,15,09
2023-09-09 01:00:00.000,2023,9,9,1,08003KT,14,09
2023-09-09 02:00:00.000,2023,9,9,2,01003KT,11,08
2023-09-09 03:00:00.000,2023,9,9,3,03004KT,11,09
2023-09-09 04:00:00.000,2023,9,9,4,02003KT,11,09
2023-09-09 05:00:00.000,2023,9,9,5,VRB02KT,11,09
2023-09-09 06:00:00.000,2023,9,9,6,04004KT,09,08
2023-09-09 07:00:00.000,2023,9,9,7,06006KT,10,09
2023-09-09 08:00:00.000,2023,9,9,8,06005KT,10,08
2023-09-09 09:00:00.000,2023,9,9,9,VRB02KT,09,08
2023-09-09 10:00:00.000,2023,9,9,10,03004KT,09,08
2023-09-09 10:26:00.000,2023,9,9,10,06006KT,08,07
2023-09-09 11:00:00.000,2023,9,9,11,04007KT,08,07
2023-09-09 11:34:00.000,2023,9,9,11,07004KT,10,09
2023-09-09 12:00:00.000,2023,9,9,12,VRB02KT,12,09
2023-09-09 13:00:00.000,2023,9,9,13,05007KT,14,10
2023-09-09 13:23:00.000,2023,9,9,13,10007KT,17,10
2023-09-09 14:00:00.000,2023,9,9,14,18005KT,18,09
2023-09-09 15:00:00.000,2023,9,9,15,16012KT,18,09
2023-09-09 16:00:00.000,2023,9,9,16,15013KT,19,09
2023-09-09 17:00:00.000,2023,9,9,17,14012KT,20,09
2023-09-09 18:00:00.000,2023,9,9,18,16013KT,19,09
2023-09-09 19:00:00.000,2023,9,9,19,14013KT,19,10
2023-09-09 20:00:00.000,2023,9,9,20,14014KT,18,10
2023-09-09 21:00:00.000,2023,9,9,21,18015KT,19,09
2023-09-09 22:00:00.000,2023,9,9,22,17010KT,18,09
2023-09-09 23:00:00.000,2023,9,9,23,18009KT,17,09
2023-09-10 00:00:00.000,2023,9,10,0,07007KT,15,10
2023-09-10 01:00:00.000,2023,9,10,1,09006KT,16,09
2023-09-10 02:00:00.000,2023,9,10,2,11005KT,14,10
2023-09-10 03:00:00.000,2023,9,10,3,04004KT,12,10
2023-09-10 04:00:00.000,2023,9,10,4,VRB02KT,14,10
2023-09-10 05:00:00.000,2023,9,10,5,VRB02KT,12,09
2023-09-10 06:00:00.000,2023,9,10,6,28004KT,13,10
2023-09-10 07:00:00.000,2023,9,10,7,VRB02KT,12,10
2023-09-10 08:00:00.000,2023,9,10,8,VRB02KT,11,10
2023-09-10 09:00:00.000,2023,9,10,9,04003KT,11,10
2023-09-10 10:00:00.000,2023,9,10,10,VRB02KT,11,10
2023-09-10 10:30:00.000,2023,9,10,10,35003KT,11,10
2023-09-10 11:00:00.000,2023,9,10,11,33004KT,11,10
2023-09-10 12:00:00.000,2023,9,10,12,06003KT,12,10
2023-09-10 13:00:00.000,2023,9,10,13,05003KT,14,11
2023-09-10 14:00:00.000,2023,9,10,14,02003KT,14,11
2023-09-10 14:31:00.000,2023,9,10,14,04006KT,15,12
2023-09-10 15:00:00.000,2023,9,10,15,06006KT,14,12
2023-09-10 16:00:00.000,2023,9,10,16,14005KT,17,11
2023-09-10 17:00:00.000,2023,9,10,17,15013KT,17,10
2023-09-10 18:00:00.000,2023,9,10,18,16010KT,18,11
2023-09-10 19:00:00.000,2023,9,10,19,11008KT,19,09
2023-09-10 20:00:00.000,2023,9,10,20,13006KT,19,09
2023-09-10 21:00:00.000,2023,9,10,21,12005KT,19,09
2023-09-10 22:00:00.000,2023,9,10,22,10006KT,18,09
2023-09-10 23:00:00.000,2023,9,10,23,VRB02KT,17,09
2023-09-11 00:00:00.000,2023,9,11,0,14005KT,17,09
2023-09-11 01:00:00.000,2023,9,11,1,16008KT,16,10
2023-09-11 02:00:00.000,2023,9,11,2,15009KT,13,12
2023-09-11 03:00:00.000,2023,9,11,3,VRB02KT,13,12
2023-09-11 04:00:00.000,2023,9,11,4,11005KT,13,12
2023-09-11 05:00:00.000,2023,9,11,5,15010KT,13,09
2023-09-11 06:00:00.000,2023,9,11,6,12003KT,12,10
2023-09-11 07:00:00.000,2023,9,11,7,01003KT,11,10
2023-09-11 08:00:00.000,2023,9,11,8,04004KT,11,10
2023-09-11 09:00:00.000,2023,9,11,9,07004KT,11,10
2023-09-11 10:00:00.000,2023,9,11,10,VRB02KT,11,10
2023-09-11 10:29:00.000,2023,9,11,10,VRB02KT,10,09
2023-09-11 11:00:00.000,2023,9,11,11,35004KT,10,09
2023-09-11 12:00:00.000,2023,9,11,12,07003KT,13,10
2023-09-11 13:00:00.000,2023,9,11,13,08005KT,15,10
2023-09-11 14:00:00.000,2023,9,11,14,14006KT,17,09
2023-09-11 15:00:00.000,2023,9,11,15,14007KT,17,09
2023-09-11 16:00:00.000,2023,9,11,16,13009KT,18,08
2023-09-11 17:00:00.000,2023,9,11,17,13011KT,20,08
2023-09-11 18:00:00.000,2023,9,11,18,15011KT,20,08
2023-09-11 19:00:00.000,2023,9,11,19,14010KT,21,09
2023-09-11 20:00:00.000,2023,9,11,20,13008KT,19,08
2023-09-11 21:00:00.000,2023,9,11,21,16011KT,20,09
2023-09-11 22:00:00.000,2023,9,11,22,15009KT,18,08
2023-09-11 23:00:00.000,2023,9,11,23,07006KT,17,08
2023-09-12 00:00:00.000,2023,9,12,0,13005KT,16,09
2023-09-12 01:00:00.000,2023,9,12,1,VRB02KT,14,09
2023-09-12 02:00:00.000,2023,9,12,2,VRB02KT,12,09
2023-09-12 03:00:00.000,2023,9,12,3,VRB02KT,10,09
2023-09-12 04:00:00.000,2023,9,12,4,35003KT,11,09
2023-09-12 05:00:00.000,2023,9,12,5,VRB02KT,09,08
2023-09-12 06:00:00.000,2023,9,12,6,VRB02KT,08,08
2023-09-12 07:00:00.000,2023,9,12,7,VRB02KT,06,06
2023-09-12 08:00:00.000,2023,9,12,8,VRB02KT,06,06
2023-09-12 09:00:00.000,2023,9,12,9,35004KT,05,05
2023-09-12 10:00:00.000,2023,9,12,10,VRB02KT,06,06
2023-09-12 10:30:00.000,2023,9,12,10,06005KT,06,05
2023-09-12 11:00:00.000,2023,9,12,11,VRB02KT,06,06
2023-09-12 12:00:00.000,2023,9,12,12,VRB02KT,08,07
2023-09-12 13:00:00.000,2023,9,12,13,34004KT,12,09
2023-09-12 13:35:00.000,2023,9,12,13,VRB02KT,15,08
2023-09-12 14:00:00.000,2023,9,12,14,VRB02KT,16,08
2023-09-12 14:37:00.000,2023,9,12,14,07003KT,18,07
2023-09-12 15:00:00.000,2023,9,12,15,VRB02KT,18,08
2023-09-12 16:00:00.000,2023,9,12,16,05004KT,18,09
2023-09-12 17:00:00.000,2023,9,12,17,15004KT,19,09
2023-09-12 18:00:00.000,2023,9,12,18,13013KT,18,09
2023-09-12 19:00:00.000,2023,9,12,19,17009KT,19,08
2023-09-12 20:00:00.000,2023,9,12,20,14008KT,20,09
2023-09-12 21:00:00.000,2023,9,12,21,13010KT,18,09
2023-09-12 22:00:00.000,2023,9,12,22,16009KT,18,09
2023-09-12 23:00:00.000,2023,9,12,23,15011KT,17,08
2023-09-13 00:00:00.000,2023,9,13,0,13007KT,15,09
2023-09-13 01:00:00.000,2023,9,13,1,14008KT,14,09
2023-09-13 02:00:00.000,2023,9,13,2,VRB02KT,13,09
2023-09-13 03:00:00.000,2023,9,13,3,08003KT,13,09
2023-09-13 04:00:00.000,2023,9,13,4,VRB02KT,10,09
2023-09-13 05:00:00.000,2023,9,13,5,08003KT,11,09
2023-09-13 06:00:00.000,2023,9,13,6,05004KT,10,09
2023-09-13 07:00:00.000,2023,9,13,7,34003KT,10,09
2023-09-13 08:00:00.000,2023,9,13,8,34003KT,08,07
2023-09-13 09:00:00.000,2023,9,13,9,33002KT,09,08
2023-09-13 10:00:00.000,2023,9,13,10,VRB02KT,09,08
2023-09-13 10:30:00.000,2023,9,13,10,33004KT,06,05
2023-09-13 11:00:00.000,2023,9,13,11,VRB02KT,08,08
2023-09-13 12:00:00.000,2023,9,13,12,04004KT,11,09
2023-09-13 12:26:00.000,2023,9,13,12,04003KT,13,10
2023-09-13 13:00:00.000,2023,9,13,13,04003KT,14,10
2023-09-13 14:00:00.000,2023,9,13,14,07003KT,18,09
2023-09-13 15:00:00.000,2023,9,13,15,14005KT,19,09
2023-09-13 16:00:00.000,2023,9,13,16,14009KT,19,08
2023-09-13 17:00:00.000,2023,9,13,17,13007KT,20,08
2023-09-13 18:00:00.000,2023,9,13,18,11007KT,20,09
2023-09-13 19:00:00.000,2023,9,13,19,12007KT,20,08
2023-09-13 20:00:00.000,2023,9,13,20,16011KT,20,08
2023-09-13 21:00:00.000,2023,9,13,21,14008KT,19,08
2023-09-13 22:00:00.000,2023,9,13,22,16005KT,20,08
2023-09-13 23:00:00.000,2023,9,13,23,11004KT,18,08
2023-09-14 00:00:00.000,2023,9,14,0,22005KT,16,12
2023-09-14 01:00:00.000,2023,9,14,1,32003KT,13,12
2023-09-14 02:00:00.000,2023,9,14,2,VRB02KT,14,13
2023-09-14 03:00:00.000,2023,9,14,3,VRB02KT,11,10
2023-09-14 04:00:00.000,2023,9,14,4,35004KT,10,09
2023-09-14 05:00:00.000,2023,9,14,5,VRB02KT,11,10
2023-09-14 06:00:00.000,2023,9,14,6,05003KT,12,10
2023-09-14 07:00:00.000,2023,9,14,7,VRB02KT,12,10
2023-09-14 08:00:00.000,2023,9,14,8,04004KT,12,11
2023-09-14 09:00:00.000,2023,9,14,9,07004KT,12,11
2023-09-14 10:00:00.000,2023,9,14,10,VRB02KT,11,10
2023-09-14 10:30:00.000,2023,9,14,10,06003KT,11,11
2023-09-14 11:00:00.000,2023,9,14,11,VRB02KT,10,09
2023-09-14 12:00:00.000,2023,9,14,12,VRB02KT,12,10
2023-09-14 13:00:00.000,2023,9,14,13,05005KT,15,11
2023-09-14 14:00:00.000,2023,9,14,14,18008KT,17,09
2023-09-14 15:00:00.000,2023,9,14,15,11006KT,18,09
2023-09-14 16:00:00.000,2023,9,14,16,14010KT,18,09
2023-09-14 17:00:00.000,2023,9,14,17,15013KT,17,11
2023-09-14 18:00:00.000,2023,9,14,18,17011KT,18,10
2023-09-14 19:00:00.000,2023,9,14,19,14009KT,18,10
2023-09-14 20:00:00.000,2023,9,14,20,13008KT,18,10
2023-09-14 21:00:00.000,2023,9,14,21,14007KT,18,09
2023-09-14 22:00:00.000,2023,9,14,22,14010KT,17,09
2023-09-14 23:00:00.000,2023,9,14,23,11007KT,16,09
2023-09-15 00:00:00.000,2023,9,15,0,10005KT,15,09
2023-09-15 01:00:00.000,2023,9,15,1,13005KT,15,09
2023-09-15 02:00:00.000,2023,9,15,2,13009KT,15,10
2023-09-15 03:00:00.000,2023,9,15,3,15007KT,14,09
2023-09-15 04:00:00.000,2023,9,15,4,14005KT,13,09
2023-09-15 05:00:00.000,2023,9,15,5,10003KT,14,09
2023-09-15 06:00:00.000,2023,9,15,6,VRB02KT,13,10
2023-09-15 07:00:00.000,2023,9,15,7,04004KT,12,11
2023-09-15 08:00:00.000,2023,9,15,8,VRB02KT,12,11
2023-09-15 09:00:00.000,2023,9,15,9,VRB02KT,11,10
2023-09-15 10:00:00.000,2023,9,15,10,10004KT,13,09
2023-09-15 10:30:00.000,2023,9,15,10,12005KT,14,09
2023-09-15 11:00:00.000,2023,9,15,11,12004KT,14,09
2023-09-15 12:00:00.000,2023,9,15,12,11005KT,14,09
2023-09-15 13:00:00.000,2023,9,15,13,14008KT,14,09
2023-09-15 14:00:00.000,2023,9,15,14,14010KT,15,10
2023-09-15 15:00:00.000,2023,9,15,15,13010KT,15,09
2023-09-15 16:00:00.000,2023,9,15,16,15014KT,16,10
2023-09-15 17:00:00.000,2023,9,15,17,16014KT,18,07
2023-09-15 18:00:00.000,2023,9,15,18,14013KT,18,06
2023-09-15 19:00:00.000,2023,9,15,19,14014KT,18,06
2023-09-15 20:00:00.000,2023,9,15,20,18012KT,20,06
2023-09-15 21:00:00.000,2023,9,15,21,16013KT,19,06
2023-09-15 22:00:00.000,2023,9,15,22,15013KT,18,06
2023-09-15 23:00:00.000,2023,9,15,23,11006KT,17,05
2023-09-16 00:00:00.000,2023,9,16,0,15010KT,14,06
2023-09-16 01:00:00.000,2023,9,16,1,14005KT,13,06
2023-09-16 02:00:00.000,2023,9,16,2,10003KT,15,07
2023-09-16 03:00:00.000,2023,9,16,3,04005KT,13,07
2023-09-16 04:00:00.000,2023,9,16,4,04006KT,12,06
2023-09-16 05:00:00.000,2023,9,16,5,07005KT,11,06
2023-09-16 06:00:00.000,2023,9,16,6,08003KT,11,07
2023-09-16 07:00:00.000,2023,9,16,7,VRB03KT,08,06
2023-09-16 08:00:00.000,2023,9,16,8,VRB02KT,07,06
2023-09-16 09:00:00.000,2023,9,16,9,06004KT,06,05
2023-09-16 10:00:00.000,2023,9,16,10,VRB02KT,05,05
2023-09-16 10:30:00.000,2023,9,16,10,VRB02KT,08,06
2023-09-16 11:00:00.000,2023,9,16,11,VRB02KT,05,03
2023-09-16 12:00:00.000,2023,9,16,12,34003KT,08,07
2023-09-16 12:15:00.000,2023,9,16,12,01005KT,10,07
2023-09-16 13:00:00.000,2023,9,16,13,04005KT,12,08
2023-09-16 13:17:00.000,2023,9,16,13,06005KT,15,07
2023-09-16 14:00:00.000,2023,9,16,14,06005KT,16,07
2023-09-16 15:00:00.000,2023,9,16,15,04008KT,17,07
2023-09-16 16:00:00.000,2023,9,16,16,09007KT,19,08
2023-09-16 17:00:00.000,2023,9,16,17,06008KT,19,08
2023-09-16 18:00:00.000,2023,9,16,18,08007KT,20,07
2023-09-16 19:00:00.000,2023,9,16,19,11007G17KT,20,08
2023-09-16 20:00:00.000,2023,9,16,20,06007KT,19,08
2023-09-16 21:00:00.000,2023,9,16,21,10006KT,20,09
2023-09-16 22:00:00.000,2023,9,16,22,12005KT,20,08
2023-09-16 23:00:00.000,2023,9,16,23,12005KT,18,08
2023-09-17 00:00:00.000,2023,9,17,0,11005KT,17,09
2023-09-17 01:00:00.000,2023,9,17,1,01003KT,16,09
2023-09-17 02:00:00.000,2023,9,17,2,07003KT,15,09
2023-09-17 03:00:00.000,2023,9,17,3,10004KT,15,09
2023-09-17 04:00:00.000,2023,9,17,4,10005KT,14,09
2023-09-17 05:00:00.000,2023,9,17,5,10003KT,15,09
2023-09-17 06:00:00.000,2023,9,17,6,09004KT,13,09
2023-09-17 07:00:00.000,2023,9,17,7,02006KT,11,09
2023-09-17 08:00:00.000,2023,9,17,8,03004KT,10,09
2023-09-17 09:00:00.000,2023,9,17,9,00000KT,10,09
2023-09-17 10:00:00.000,2023,9,17,10,VRB02KT,08,08
2023-09-17 10:30:00.000,2023,9,17,10,24003KT,10,09
2023-09-17 11:00:00.000,2023,9,17,11,VRB02KT,09,08
2023-09-17 12:00:00.000,2023,9,17,12,VRB02KT,10,09
2023-09-17 13:00:00.000,2023,9,17,13,33003KT,13,10
2023-09-17 14:00:00.000,2023,9,17,14,02003KT,14,10
2023-09-17 15:00:00.000,2023,9,17,15,VRB02KT,15,10
2023-09-17 16:00:00.000,2023,9,17,16,17005KT,16,09
2023-09-17 17:00:00.000,2023,9,17,17,12005KT,16,10
2023-09-17 18:00:00.000,2023,9,17,18,16007KT,17,09
2023-09-17 19:00:00.000,2023,9,17,19,15012KT,17,10
2023-09-17 20:00:00.000,2023,9,17,20,13009KT,16,10
2023-09-17 21:00:00.000,2023,9,17,21,17009KT,18,09
2023-09-17 22:00:00.000,2023,9,17,22,11005KT,17,08
2023-09-17 23:00:00.000,2023,9,17,23,13007KT,16,08
2023-09-18 00:00:00.000,2023,9,18,0,VRB04KT,15,09
2023-09-18 01:00:00.000,2023,9,18,1,06004KT,13,09
2023-09-18 02:00:00.000,2023,9,18,2,04006KT,12,09
2023-09-18 03:00:00.000,2023,9,18,3,06007KT,12,09
2023-09-18 04:00:00.000,2023,9,18,4,09004KT,11,09
2023-09-18 05:00:00.000,2023,9,18,5,03005KT,10,08
2023-09-18 06:00:00.000,2023,9,18,6,08004KT,11,09
2023-09-18 07:00:00.000,2023,9,18,7,05004KT,08,08
2023-09-18 08:00:00.000,2023,9,18,8,35006KT,10,09
2023-09-18 09:00:00.000,2023,9,18,9,VRB02KT,10,08
2023-09-18 10:00:00.000,2023,9,18,10,03005KT,09,08
2023-09-18 10:30:00.000,2023,9,18,10,VRB02KT,08,07
2023-09-18 11:00:00.000,2023,9,18,11,VRB02KT,08,08
2023-09-18 12:00:00.000,2023,9,18,12,06004KT,10,08
2023-09-18 13:00:00.000,2023,9,18,13,12009KT,14,08
2023-09-18 14:00:00.000,2023,9,18,14,13009KT,16,08
2023-09-18 15:00:00.000,2023,9,18,15,16012KT,17,08
2023-09-18 16:00:00.000,2023,9,18,16,16010KT,17,08
2023-09-18 17:00:00.000,2023,9,18,17,13008KT,17,08
2023-09-18 18:00:00.000,2023,9,18,18,11007KT,17,08
2023-09-18 19:00:00.000,2023,9,18,19,13007KT,17,09
2023-09-18 20:00:00.000,2023,9,18,20,12007KT,17,09
2023-09-18 21:00:00.000,2023,9,18,21,09004KT,17,09
2023-09-18 22:00:00.000,2023,9,18,22,12004KT,17,08
2023-09-18 23:00:00.000,2023,9,18,23,12003KT,16,08
2023-09-19 00:00:00.000,2023,9,19,0,07004KT,15,08
2023-09-19 01:00:00.000,2023,9,19,1,VRB02KT,14,10
2023-09-19 02:00:00.000,2023,9,19,2,VRB02KT,14,09
2023-09-19 03:00:00.000,2023,9,19,3,VRB02KT,13,10
2023-09-19 04:00:00.000,2023,9,19,4,05006KT,13,09
2023-09-19 05:00:00.000,2023,9,19,5,05006KT,12,09
2023-09-19 06:00:00.000,2023,9,19,6,04003KT,11,09
2023-09-19 07:00:00.000,2023,9,19,7,05005KT,11,09
2023-09-19 08:00:00.000,2023,9,19,8,02003KT,10,09
2023-09-19 09:00:00.000,2023,9,19,9,03006KT,10,09
2023-09-19 10:00:00.000,2023,9,19,10,04004KT,10,09
2023-09-19 10:30:00.000,2023,9,19,10,06004KT,10,09
2023-09-19 11:00:00.000,2023,9,19,11,07004KT,10,08
2023-09-19 12:00:00.000,2023,9,19,12,10004KT,13,08
2023-09-19 13:00:00.000,2023,9,19,13,13008KT,15,08
2023-09-19 14:00:00.000,2023,9,19,14,14010KT,17,08
2023-09-19 15:00:00.000,2023,9,19,15,13012KT,17,08
2023-09-19 16:00:00.000,2023,9,19,16,16010KT,17,08
2023-09-19 17:00:00.000,2023,9,19,17,13011KT,17,09
2023-09-19 18:00:00.000,2023,9,19,18,15013KT,17,09
2023-09-19 19:00:00.000,2023,9,19,19,15016KT,19,08
2023-09-19 20:00:00.000,2023,9,19,20,15018KT,19,07
2023-09-19 21:00:00.000,2023,9,19,21,13010KT,18,06
2023-09-19 22:00:00.000,2023,9,19,22,17015KT,16,07
2023-09-19 23:00:00.000,2023,9,19,23,17012KT,16,07
2023-09-20 00:00:00.000,2023,9,20,0,13010KT,15,07
2023-09-20 01:00:00.000,2023,9,20,1,13008KT,14,07
2023-09-20 02:00:00.000,2023,9,20,2,VRB02KT,13,07
2023-09-20 03:00:00.000,2023,9,20,3,VRB02KT,13,07
2023-09-20 04:00:00.000,2023,9,20,4,08005KT,11,07
2023-09-20 05:00:00.000,2023,9,20,5,05004KT,09,07
2023-09-20 06:00:00.000,2023,9,20,6,VRB02KT,08,07
2023-09-20 07:00:00.000,2023,9,20,7,04004KT,08,07
2023-09-20 08:00:00.000,2023,9,20,8,01003KT,06,05
2023-09-20 09:00:00.000,2023,9,20,9,32003KT,06,06
2023-09-20 10:00:00.000,2023,9,20,10,05003KT,06,06
2023-09-20 10:29:00.000,2023,9,20,10,VRB02KT,03,03
2023-09-20 11:00:00.000,2023,9,20,11,04003KT,06,06
2023-09-20 12:00:00.000,2023,9,20,12,35004KT,06,06
2023-09-20 13:00:00.000,2023,9,20,13,35003KT,09,08
2023-09-20 14:00:00.000,2023,9,20,14,05005KT,12,08
2023-09-20 15:00:00.000,2023,9,20,15,05007KT,16,08
2023-09-20 16:00:00.000,2023,9,20,16,12010KT,17,07
2023-09-20 17:00:00.000,2023,9,20,17,07011KT,17,08
2023-09-20 18:00:00.000,2023,9,20,18,11008KT,16,08
2023-09-20 19:00:00.000,2023,9,20,19,12006KT,17,08
2023-09-20 20:00:00.000,2023,9,20,20,15008KT,17,08
2023-09-20 21:00:00.000,2023,9,20,21,14007KT,17,07
2023-09-20 22:00:00.000,2023,9,20,22,14007KT,17,08
2023-09-20 23:00:00.000,2023,9,20,23,08004KT,15,07
2023-09-21 00:00:00.000,2023,9,21,0,13007KT,15,08
2023-09-21 01:00:00.000,2023,9,21,1,09004KT,14,08
2023-09-21 02:00:00.000,2023,9,21,2,08004KT,13,08
2023-09-21 03:00:00.000,2023,9,21,3,05005KT,10,08
2023-09-21 04:00:00.000,2023,9,21,4,09003KT,11,07
2023-09-21 05:00:00.000,2023,9,21,5,07006KT,12,08
2023-09-21 06:00:00.000,2023,9,21,6,08003KT,13,08
2023-09-21 07:00:00.000,2023,9,21,7,01003KT,10,08
2023-09-21 08:00:00.000,2023,9,21,8,05004KT,08,07
2023-09-21 09:00:00.000,2023,9,21,9,01003KT,08,07
2023-09-21 10:00:00.000,2023,9,21,10,VRB02KT,07,05
2023-09-21 10:30:00.000,2023,9,21,10,VRB02KT,07,06
2023-09-21 11:00:00.000,2023,9,21,11,VRB02KT,04,04
2023-09-21 12:00:00.000,2023,9,21,12,VRB02KT,08,07
2023-09-21 12:05:00.000,2023,9,21,12,VRB02KT,10,09
2023-09-21 13:00:00.000,2023,9,21,13,06004KT,14,09
2023-09-21 13:17:00.000,2023,9,21,13,VRB02KT,16,09
2023-09-21 14:00:00.000,2023,9,21,14,VRB04KT,17,08
2023-09-21 14:28:00.000,2023,9,21,14,17007G20KT,19,08
2023-09-21 15:00:00.000,2023,9,21,15,15006KT,19,07
2023-09-21 16:00:00.000,2023,9,21,16,18009KT,20,08
2023-09-21 17:00:00.000,2023,9,21,17,14009KT,21,07
2023-09-21 18:00:00.000,2023,9,21,18,16014KT,21,07
2023-09-21 19:00:00.000,2023,9,21,19,14014KT,21,06
2023-09-21 20:00:00.000,2023,9,21,20,19017KT,22,05
2023-09-21 21:00:00.000,2023,9,21,21,18012KT,22,05
2023-09-21 22:00:00.000,2023,9,21,22,17011KT,20,06
2023-09-21 23:00:00.000,2023,9,21,23,17009KT,19,06
2023-09-22 00:00:00.000,2023,9,22,0,31006KT,15,11
2023-09-22 01:00:00.000,2023,9,22,1,26003KT,12,10
2023-09-22 02:00:00.000,2023,9,22,2,35003KT,12,10
2023-09-22 03:00:00.000,2023,9,22,3,VRB02KT,11,10
2023-09-22 04:00:00.000,2023,9,22,4,VRB02KT,10,10
2023-09-22 05:00:00.000,2023,9,22,5,35003KT,08,08
2023-09-22 06:00:00.000,2023,9,22,6,05003KT,09,09
2023-09-22 07:00:00.000,2023,9,22,7,34003KT,06,05
2023-09-22 08:00:00.000,2023,9,22,8,VRB02KT,08,07
2023-09-22 09:00:00.000,2023,9,22,9,VRB02KT,06,05
2023-09-22 10:00:00.000,2023,9,22,10,32004KT,05,05
2023-09-22 11:00:00.000,2023,9,22,11,33004KT,05,05
2023-09-22 12:00:00.000,2023,9,22,12,VRB02KT,08,06
2023-09-22 12:20:00.000,2023,9,22,12,06004KT,11,08
2023-09-22 13:00:00.000,2023,9,22,13,05004KT,13,09
2023-09-22 13:30:00.000,2023,9,22,13,03005KT,15,09
2023-09-22 14:00:00.000,2023,9,22,14,VRB02KT,17,09
2023-09-22 15:00:00.000,2023,9,22,15,18005KT,19,09
2023-09-22 16:00:00.000,2023,9,22,16,07005KT,20,08
2023-09-22 17:00:00.000,2023,9,22,17,15006KT,21,08
2023-09-22 18:00:00.000,2023,9,22,18,VRB05KT,22,09
2023-09-22 19:00:00.000,2023,9,22,19,17004KT,22,07
2023-09-22 20:00:00.000,2023,9,22,20,07004KT,22,08
2023-09-22 20:22:00.000,2023,9,22,20,30010KT,20,13
2023-09-22 20:34:00.000,2023,9,22,20,29011KT,19,13
2023-09-22 20:39:00.000,2023,9,22,20,30011KT,18,14
2023-09-22 21:00:00.000,2023,9,22,21,29010KT,16,13
2023-09-22 21:27:00.000,2023,9,22,21,24007KT,16,14
2023-09-22 22:00:00.000,2023,9,22,22,VRB04KT,15,14
2023-09-22 23:00:00.000,2023,9,22,23,17005KT,15,14
2023-09-23 00:00:00.000,2023,9,23,0,03003KT,13,12
2023-09-23 01:00:00.000,2023,9,23,1,36004KT,12,11
2023-09-23 02:00:00.000,2023,9,23,2,32006KT,13,11
2023-09-23 03:00:00.000,2023,9,23,3,36005KT,12,11
2023-09-23 04:00:00.000,2023,9,23,4,VRB02KT,12,11
2023-09-23 05:00:00.000,2023,9,23,5,VRB02KT,12,12
2023-09-23 06:00:00.000,2023,9,23,6,15008KT,12,11
2023-09-23 07:00:00.000,2023,9,23,7,VRB02KT,12,11
2023-09-23 08:00:00.000,2023,9,23,8,06003KT,11,10
2023-09-23 09:00:00.000,2023,9,23,9,36003KT,10,10
2023-09-23 10:00:00.000,2023,9,23,10,06004KT,10,10
2023-09-23 10:30:00.000,2023,9,23,10,06005KT,11,10
2023-09-23 11:00:00.000,2023,9,23,11,03007KT,10,09
2023-09-23 12:00:00.000,2023,9,23,12,04006KT,13,11
2023-09-23 13:00:00.000,2023,9,23,13,06003KT,15,11
2023-09-23 14:00:00.000,2023,9,23,14,VRB02KT,17,11
2023-09-23 15:00:00.000,2023,9,23,15,VRB02KT,18,12
2023-09-23 16:00:00.000,2023,9,23,16,03005KT,19,12
2023-09-23 17:00:00.000,2023,9,23,17,04008KT,20,12
2023-09-23 18:00:00.000,2023,9,23,18,08009KT,21,10
2023-09-23 19:00:00.000,2023,9,23,19,VRB04KT,22,10
2023-09-23 20:00:00.000,2023,9,23,20,27010KT,19,12
2023-09-23 21:00:00.000,2023,9,23,21,30011KT,17,12
2023-09-23 21:20:00.000,2023,9,23,21,31004KT,16,12
2023-09-23 22:00:00.000,2023,9,23,22,VRB04KT,17,12
2023-09-23 23:00:00.000,2023,9,23,23,VRB04KT,17,11
2023-09-24 00:00:00.000,2023,9,24,0,26004KT,16,10
2023-09-24 01:00:00.000,2023,9,24,1,VRB02KT,15,11
2023-09-24 02:00:00.000,2023,9,24,2,19006KT,15,12
2023-09-24 03:00:00.000,2023,9,24,3,VRB02KT,15,11
2023-09-24 04:00:00.000,2023,9,24,4,04002KT,14,12
2023-09-24 05:00:00.000,2023,9,24,5,01003KT,13,12
2023-09-24 06:00:00.000,2023,9,24,6,09003KT,14,12
2023-09-24 07:00:00.000,2023,9,24,7,01004KT,12,11
2023-09-24 08:00:00.000,2023,9,24,8,31004KT,12,11
2023-09-24 09:00:00.000,2023,9,24,9,VRB02KT,13,11
2023-09-24 10:00:00.000,2023,9,24,10,VRB02KT,13,11
2023-09-24 10:30:00.000,2023,9,24,10,VRB02KT,12,11
2023-09-24 11:00:00.000,2023,9,24,11,VRB02KT,12,10
2023-09-24 12:00:00.000,2023,9,24,12,03003KT,15,11
2023-09-24 13:00:00.000,2023,9,24,13,VRB03KT,17,10
2023-09-24 14:00:00.000,2023,9,24,14,15007KT,18,10
2023-09-24 15:00:00.000,2023,9,24,15,15005KT,20,09
2023-09-24 16:00:00.000,2023,9,24,16,16008KT,20,09
2023-09-24 17:00:00.000,2023,9,24,17,22007KT,21,10
2023-09-24 18:00:00.000,2023,9,24,18,24012KT,18,12
2023-09-24 19:00:00.000,2023,9,24,19,25010KT,19,12
2023-09-24 20:00:00.000,2023,9,24,20,25011KT,19,11
2023-09-24 21:00:00.000,2023,9,24,21,35005KT,17,11
2023-09-24 22:00:00.000,2023,9,24,22,36006KT,18,11
2023-09-24 23:00:00.000,2023,9,24,23,35003KT,16,11
2023-09-25 00:00:00.000,2023,9,25,0,16007KT,16,09
2023-09-25 01:00:00.000,2023,9,25,1,19004KT,16,10
2023-09-25 02:00:00.000,2023,9,25,2,08004KT,15,10
2023-09-25 03:00:00.000,2023,9,25,3,VRB02KT,14,11
2023-09-25 04:00:00.000,2023,9,25,4,04003KT,13,11
2023-09-25 05:00:00.000,2023,9,25,5,17010KT,15,10
2023-09-25 06:00:00.000,2023,9,25,6,15003KT,14,10
2023-09-25 07:00:00.000,2023,9,25,7,21004KT,12,10
2023-09-25 08:00:00.000,2023,9,25,8,03004KT,12,10
2023-09-25 09:00:00.000,2023,9,25,9,07005KT,12,10
2023-09-25 10:00:00.000,2023,9,25,10,02004KT,10,09
2023-09-25 10:30:00.000,2023,9,25,10,06005KT,10,09
2023-09-25 11:00:00.000,2023,9,25,11,07003KT,11,09
2023-09-25 12:00:00.000,2023,9,25,12,01003KT,13,10
2023-09-25 13:00:00.000,2023,9,25,13,08007KT,15,10
2023-09-25 14:00:00.000,2023,9,25,14,33006KT,16,11
2023-09-25 15:00:00.000,2023,9,25,15,25003KT,17,10
2023-09-25 16:00:00.000,2023,9,25,16,15012KT,19,09
2023-09-25 17:00:00.000,2023,9,25,17,15010KT,19,09
2023-09-25 18:00:00.000,2023,9,25,18,16013KT,20,09
2023-09-25 18:12:00.000,2023,9,25,18,14014KT,17,10
2023-09-25 19:00:00.000,2023,9,25,19,14007KT,20,10
2023-09-25 20:00:00.000,2023,9,25,20,12008KT,20,10
2023-09-25 21:00:00.000,2023,9,25,21,10007KT,19,10
2023-09-25 22:00:00.000,2023,9,25,22,12008KT,19,10
2023-09-25 23:00:00.000,2023,9,25,23,12006KT,17,10
2023-09-26 00:00:00.000,2023,9,26,0,11006KT,17,10
2023-09-26 01:00:00.000,2023,9,26,1,09003KT,15,10
2023-09-26 02:00:00.000,2023,9,26,2,VRB02KT,13,10
2023-09-26 03:00:00.000,2023,9,26,3,VRB02KT,12,10
2023-09-26 04:00:00.000,2023,9,26,4,03004KT,11,09
2023-09-26 05:00:00.000,2023,9,26,5,VRB02KT,11,10
2023-09-26 06:00:00.000,2023,9,26,6,33005KT,09,08
2023-09-26 07:00:00.000,2023,9,26,7,02003KT,08,07
2023-09-26 08:00:00.000,2023,9,26,8,03004KT,10,09
2023-09-26 09:00:00.000,2023,9,26,9,04004KT,10,09
2023-09-26 10:00:00.000,2023,9,26,10,34005KT,09,08
2023-09-26 11:00:00.000,2023,9,26,11,33003KT,08,08
2023-09-26 12:00:00.000,2023,9,26,12,33004KT,10,09
2023-09-26 12:26:00.000,2023,9,26,12,VRB02KT,13,10
2023-09-26 13:00:00.000,2023,9,26,13,01004KT,14,10
2023-09-26 14:00:00.000,2023,9,26,14,06006KT,17,10
2023-09-26 15:00:00.000,2023,9,26,15,05004KT,19,10
2023-09-26 16:00:00.000,2023,9,26,16,32005KT,20,10
2023-09-26 17:00:00.000,2023,9,26,17,34005KT,22,10
2023-09-26 18:00:00.000,2023,9,26,18,29011KT,19,12
2023-09-26 19:00:00.000,2023,9,26,19,29010KT,21,12
2023-09-26 20:00:00.000,2023,9,26,20,29011KT,20,12
2023-09-26 21:00:00.000,2023,9,26,21,30010KT,18,14
2023-09-26 22:00:00.000,2023,9,26,22,30005KT,16,14
2023-09-26 23:00:00.000,2023,9,26,23,34005KT,15,14
2023-09-27 00:00:00.000,2023,9,27,0,31003KT,14,13
2023-09-27 01:00:00.000,2023,9,27,1,VRB02KT,14,13
2023-09-27 02:00:00.000,2023,9,27,2,36003KT,13,13
2023-09-27 03:00:00.000,2023,9,27,3,VRB02KT,12,12
2023-09-27 04:00:00.000,2023,9,27,4,02003KT,11,11
2023-09-27 05:00:00.000,2023,9,27,5,VRB02KT,11,11
2023-09-27 06:00:00.000,2023,9,27,6,VRB02KT,10,10
2023-09-27 07:00:00.000,2023,9,27,7,00000KT,09,08
2023-09-27 08:00:00.000,2023,9,27,8,VRB02KT,06,06
2023-09-27 09:00:00.000,2023,9,27,9,32003KT,06,05
2023-09-27 10:00:00.000,2023,9,27,10,VRB02KT,08,07
2023-09-27 10:30:00.000,2023,9,27,10,36004KT,05,05
2023-09-27 11:00:00.000,2023,9,27,11,VRB02KT,06,06
2023-09-27 11:10:00.000,2023,9,27,11,36003KT,07,06
2023-09-27 12:00:00.000,2023,9,27,12,VRB02KT,09,08
2023-09-27 12:30:00.000,2023,9,27,12,VRB02KT,11,10
2023-09-27 13:00:00.000,2023,9,27,13,02003KT,13,12
2023-09-27 14:00:00.000,2023,9,27,14,03003KT,17,11
2023-09-27 15:00:00.000,2023,9,27,15,07004KT,18,11
2023-09-27 16:00:00.000,2023,9,27,16,31007KT,20,11
2023-09-27 17:00:00.000,2023,9,27,17,35006KT,21,11
2023-09-27 18:00:00.000,2023,9,27,18,25012KT,20,13
2023-09-27 18:31:00.000,2023,9,27,18,27011KT,20,12
2023-09-27 19:00:00.000,2023,9,27,19,30011KT,19,13
2023-09-27 20:00:00.000,2023,9,27,20,31008KT,18,12
2023-09-27 21:00:00.000,2023,9,27,21,26006KT,19,12
2023-09-27 22:00:00.000,2023,9,27,22,26010KT,18,13
2023-09-27 23:00:00.000,2023,9,27,23,02004KT,15,13
2023-09-28 00:00:00.000,2023,9,28,0,VRB02KT,15,12
2023-09-28 01:00:00.000,2023,9,28,1,VRB02KT,14,12
2023-09-28 02:00:00.000,2023,9,28,2,04004KT,13,11
2023-09-28 03:00:00.000,2023,9,28,3,VRB02KT,13,11
2023-09-28 04:00:00.000,2023,9,28,4,VRB02KT,11,10
2023-09-28 05:00:00.000,2023,9,28,5,08004KT,13,11
2023-09-28 06:00:00.000,2023,9,28,6,04003KT,11,10
2023-09-28 07:00:00.000,2023,9,28,7,VRB02KT,11,10
2023-09-28 08:00:00.000,2023,9,28,8,34003KT,09,08
2023-09-28 09:00:00.000,2023,9,28,9,VRB02KT,11,10
2023-09-28 10:00:00.000,2023,9,28,10,VRB02KT,09,09
2023-09-28 10:30:00.000,2023,9,28,10,36003KT,08,08
2023-09-28 11:00:00.000,2023,9,28,11,04004KT,09,08
2023-09-28 12:00:00.000,2023,9,28,12,33003KT,11,10
2023-09-28 12:15:00.000,2023,9,28,12,VRB02KT,13,12
2023-09-28 13:00:00.000,2023,9,28,13,04005KT,14,11
2023-09-28 13:17:00.000,2023,9,28,13,04004KT,16,12
2023-09-28 14:00:00.000,2023,9,28,14,01003KT,17,11
2023-09-28 15:00:00.000,2023,9,28,15,05003KT,20,11
2023-09-28 16:00:00.000,2023,9,28,16,21003KT,20,07
2023-09-28 17:00:00.000,2023,9,28,17,26010KT,20,12
2023-09-28 18:00:00.000,2023,9,28,18,29010KT,19,11
2023-09-28 18:10:00.000,2023,9,28,18,31010KT,19,12
2023-09-28 19:00:00.000,2023,9,28,19,03011KT,12,11
2023-09-28 19:02:00.000,2023,9,28,19,32007KT,14,11
2023-09-28 20:00:00.000,2023,9,28,20,26005KT,18,13
2023-09-28 21:00:00.000,2023,9,28,21,02004KT,18,13
2023-09-28 22:00:00.000,2023,9,28,22,36005KT,18,14
2023-09-28 23:00:00.000,2023,9,28,23,26008KT,17,13
2023-09-28 23:15:00.000,2023,9,28,23,23005KT,16,13
2023-09-29 00:00:00.000,2023,9,29,0,26004KT,16,13
2023-09-29 01:00:00.000,2023,9,29,1,03003KT,14,13
2023-09-29 02:00:00.000,2023,9,29,2,33004KT,14,13
2023-09-29 03:00:00.000,2023,9,29,3,VRB02KT,13,12
2023-09-29 04:00:00.000,2023,9,29,4,VRB02KT,13,12
2023-09-29 05:00:00.000,2023,9,29,5,01003KT,12,10
2023-09-29 06:00:00.000,2023,9,29,6,VRB02KT,11,10
2023-09-29 07:00:00.000,2023,9,29,7,VRB02KT,10,09
2023-09-29 08:00:00.000,2023,9,29,8,VRB02KT,10,09
2023-09-29 09:00:00.000,2023,9,29,9,VRB02KT,10,10
2023-09-29 10:00:00.000,2023,9,29,10,VRB02KT,08,08
2023-09-29 10:30:00.000,2023,9,29,10,03003KT,06,06
2023-09-29 11:00:00.000,2023,9,29,11,04003KT,07,06
2023-09-29 12:00:00.000,2023,9,29,12,03004KT,10,09
2023-09-29 13:00:00.000,2023,9,29,13,03004KT,13,11
2023-09-29 14:00:00.000,2023,9,29,14,36003KT,15,11
2023-09-29 15:00:00.000,2023,9,29,15,VRB04KT,17,11
2023-09-29 16:00:00.000,2023,9,29,16,14009KT,18,09
2023-09-29 17:00:00.000,2023,9,29,17,14011KT,19,09
2023-09-29 18:00:00.000,2023,9,29,18,14010KT,20,09
2023-09-29 19:00:00.000,2023,9,29,19,18012KT,20,09
2023-09-29 20:00:00.000,2023,9,29,20,18012KT,20,09
2023-09-29 21:00:00.000,2023,9,29,21,11005KT,20,09
2023-09-29 22:00:00.000,2023,9,29,22,08005KT,18,09
2023-09-29 23:00:00.000,2023,9,29,23,16007KT,18,09
2023-09-30 00:00:00.000,2023,9,30,0,14006KT,15,09
2023-09-30 01:00:00.000,2023,9,30,1,05003KT,14,09
2023-09-30 02:00:00.000,2023,9,30,2,06003KT,12,10
2023-09-30 03:00:00.000,2023,9,30,3,01003KT,12,10
2023-09-30 04:00:00.000,2023,9,30,4,03006KT,10,09
2023-09-30 05:00:00.000,2023,9,30,5,00000KT,11,10
2023-09-30 06:00:00.000,2023,9,30,6,00000KT,10,09
2023-09-30 07:00:00.000,2023,9,30,7,VRB02KT,11,10
2023-09-30 08:00:00.000,2023,9,30,8,02003KT,10,09
2023-09-30 09:00:00.000,2023,9,30,9,VRB02KT,10,09
2023-09-30 10:00:00.000,2023,9,30,10,VRB02KT,09,09
2023-09-30 10:30:00.000,2023,9,30,10,01003KT,07,06
2023-09-30 11:00:00.000,2023,9,30,11,06004KT,08,08
2023-09-30 12:00:00.000,2023,9,30,12,03004KT,11,10
2023-09-30 13:00:00.000,2023,9,30,13,04003KT,15,11
2023-09-30 14:00:00.000,2023,9,30,14,VRB02KT,18,10
2023-09-30 15:00:00.000,2023,9,30,15,10006KT,20,08
2023-09-30 16:00:00.000,2023,9,30,16,10007KT,22,10
2023-09-30 17:00:00.000,2023,9,30,17,13011KT,22,09
2023-09-30 18:00:00.000,2023,9,30,18,10008KT,21,08
2023-09-30 19:00:00.000,2023,9,30,19,14009KT,22,08
2023-09-30 20:00:00.000,2023,9,30,20,09005KT,21,07
2023-09-30 21:00:00.000,2023,9,30,21,31007KT,21,13
2023-09-30 22:00:00.000,2023,9,30,22,31009KT,19,14
2023-09-30 23:00:00.000,2023,9,30,23,31007KT,17,14
2023-10-01 00:00:00.000,2023,10,1,0,29005KT,16,13
2023-10-01 01:00:00.000,2023,10,1,1,26005KT,15,13
2023-10-01 02:00:00.000,2023,10,1,2,VRB02KT,15,12
2023-10-01 03:00:00.000,2023,10,1,3,01003KT,12,11
2023-10-01 04:00:00.000,2023,10,1,4,07004KT,14,09
2023-10-01 05:00:00.000,2023,10,1,5,04005KT,12,10
2023-10-01 06:00:00.000,2023,10,1,6,02004KT,11,09
2023-10-01 07:00:00.000,2023,10,1,7,05006KT,12,10
2023-10-01 08:00:00.000,2023,10,1,8,08004KT,13,11
2023-10-01 09:00:00.000,2023,10,1,9,07006KT,12,11
2023-10-01 10:00:00.000,2023,10,1,10,07005KT,11,10
2023-10-01 10:30:00.000,2023,10,1,10,07005KT,12,10
2023-10-01 11:00:00.000,2023,10,1,11,06006KT,12,10
2023-10-01 12:00:00.000,2023,10,1,12,07008KT,12,10
2023-10-01 13:00:00.000,2023,10,1,13,03004KT,14,11
2023-10-01 14:00:00.000,2023,10,1,14,05005KT,15,11
2023-10-01 15:00:00.000,2023,10,1,15,04006KT,17,10
2023-10-01 16:00:00.000,2023,10,1,16,05006KT,19,10
2023-10-01 17:00:00.000,2023,10,1,17,13012KT,21,09
2023-10-01 18:00:00.000,2023,10,1,18,11009KT,20,09
2023-10-01 19:00:00.000,2023,10,1,19,13006KT,20,09
2023-10-01 20:00:00.000,2023,10,1,20,15007KT,20,09
2023-10-01 21:00:00.000,2023,10,1,21,12007KT,19,10
2023-10-01 22:00:00.000,2023,10,1,22,08005KT,20,10
2023-10-01 23:00:00.000,2023,10,1,23,08003KT,17,09
2023-10-02 00:00:00.000,2023,10,2,0,12005KT,17,10
2023-10-02 01:00:00.000,2023,10,2,1,30004KT,15,12
2023-10-02 02:00:00.000,2023,10,2,2,VRB02KT,13,12
2023-10-02 03:00:00.000,2023,10,2,3,VRB02KT,11,11
2023-10-02 04:00:00.000,2023,10,2,4,35003KT,10,09
2023-10-02 05:00:00.000,2023,10,2,5,33003KT,10,09
2023-10-02 06:00:00.000,2023,10,2,6,VRB02KT,08,08
2023-10-02 07:00:00.000,2023,10,2,7,01003KT,09,09
2023-10-02 08:00:00.000,2023,10,2,8,VRB02KT,09,09
2023-10-02 09:00:00.000,2023,10,2,9,VRB02KT,07,07
2023-10-02 10:00:00.000,2023,10,2,10,03003KT,07,07
2023-10-02 10:30:00.000,2023,10,2,10,02003KT,07,06
2023-10-02 11:00:00.000,2023,10,2,11,VRB02KT,06,06
2023-10-02 12:00:00.000,2023,10,2,12,33003KT,09,08
2023-10-02 13:00:00.000,2023,10,2,13,06003KT,14,10
2023-10-02 14:00:00.000,2023,10,2,14,02005KT,17,11
2023-10-02 14:30:00.000,2023,10,2,14,16006KT,20,10
2023-10-02 15:00:00.000,2023,10,2,15,05006KT,20,10
2023-10-02 16:00:00.000,2023,10,2,16,04004KT,21,10
2023-10-02 17:00:00.000,2023,10,2,17,33003KT,21,10
2023-10-02 18:00:00.000,2023,10,2,18,29011KT,21,13
2023-10-02 19:00:00.000,2023,10,2,19,27010KT,20,13
2023-10-02 19:38:00.000,2023,10,2,19,29010KT,19,13
2023-10-02 20:00:00.000,2023,10,2,20,30010KT,18,14
2023-10-02 20:11:00.000,2023,10,2,20,27012KT,18,13
2023-10-02 21:00:00.000,2023,10,2,21,32009KT,16,14
2023-10-02 21:06:00.000,2023,10,2,21,27009KT,16,14
2023-10-02 21:23:00.000,2023,10,2,21,25005KT,14,14
2023-10-02 22:00:00.000,2023,10,2,22,22006KT,14,12
2023-10-02 22:30:00.000,2023,10,2,22,28007KT,13,12
2023-10-02 23:00:00.000,2023,10,2,23,VRB02KT,14,12
2023-10-03 00:00:00.000,2023,10,3,0,VRB02KT,13,12
2023-10-03 01:00:00.000,2023,10,3,1,36003KT,12,12
2023-10-03 02:00:00.000,2023,10,3,2,VRB02KT,12,12
2023-10-03 03:00:00.000,2023,10,3,3,05004KT,11,11
2023-10-03 04:00:00.000,2023,10,3,4,04003KT,12,11
2023-10-03 05:00:00.000,2023,10,3,5,00000KT,11,11
2023-10-03 06:00:00.000,2023,10,3,6,05004KT,10,10
2023-10-03 07:00:00.000,2023,10,3,7,VRB02KT,10,09
2023-10-03 08:00:00.000,2023,10,3,8,35004KT,10,10
2023-10-03 09:00:00.000,2023,10,3,9,08003KT,11,10
2023-10-03 10:00:00.000,2023,10,3,10,08003KT,10,10
2023-10-03 10:30:00.000,2023,10,3,10,05005KT,10,10
2023-10-03 11:00:00.000,2023,10,3,11,04004KT,10,10
2023-10-03 12:00:00.000,2023,10,3,12,05005KT,12,11
2023-10-03 13:00:00.000,2023,10,3,13,05004KT,15,12
2023-10-03 14:00:00.000,2023,10,3,14,01004KT,16,12
2023-10-03 15:00:00.000,2023,10,3,15,06005KT,18,12
2023-10-03 16:00:00.000,2023,10,3,16,17008KT,20,09
2023-10-03 17:00:00.000,2023,10,3,17,20006KT,20,08
2023-10-03 18:00:00.000,2023,10,3,18,24011KT,22,11
2023-10-03 19:00:00.000,2023,10,3,19,26012KT,19,13
2023-10-03 19:14:00.000,2023,10,3,19,27006KT,18,13
2023-10-03 19:29:00.000,2023,10,3,19,36010KT,15,14
2023-10-03 20:00:00.000,2023,10,3,20,31013KT,15,14
2023-10-03 21:00:00.000,2023,10,3,21,26007KT,16,14
2023-10-03 22:00:00.000,2023,10,3,22,30005KT,16,14
2023-10-03 23:00:00.000,2023,10,3,23,25004KT,16,13
2023-10-04 00:00:00.000,2023,10,4,0,VRB02KT,15,13
2023-10-04 01:00:00.000,2023,10,4,1,VRB02KT,14,13
2023-10-04 02:00:00.000,2023,10,4,2,VRB02KT,14,13
2023-10-04 03:00:00.000,2023,10,4,3,04004KT,13,12
2023-10-04 04:00:00.000,2023,10,4,4,07006KT,13,12
2023-10-04 05:00:00.000,2023,10,4,5,03006KT,13,12
2023-10-04 06:00:00.000,2023,10,4,6,03003KT,12,11
2023-10-04 07:00:00.000,2023,10,4,7,06004KT,12,11
2023-10-04 08:00:00.000,2023,10,4,8,08004KT,12,11
2023-10-04 09:00:00.000,2023,10,4,9,04004KT,11,10
2023-10-04 10:00:00.000,2023,10,4,10,05005KT,11,10
2023-10-04 10:30:00.000,2023,10,4,10,04004KT,11,10
2023-10-04 11:00:00.000,2023,10,4,11,02003KT,10,09
2023-10-04 12:00:00.000,2023,10,4,12,04006KT,12,11
2023-10-04 13:00:00.000,2023,10,4,13,07006KT,15,11
2023-10-04 14:00:00.000,2023,10,4,14,03004KT,17,11
2023-10-04 15:00:00.000,2023,10,4,15,36004KT,19,10
2023-10-04 16:00:00.000,2023,10,4,16,34003KT,19,11
2023-10-04 17:00:00.000,2023,10,4,17,30009KT,18,12
2023-10-04 18:00:00.000,2023,10,4,18,29009KT,20,13
2023-10-04 19:00:00.000,2023,10,4,19,27010KT,19,12
2023-10-04 20:00:00.000,2023,10,4,20,27010KT,19,12
2023-10-04 21:00:00.000,2023,10,4,21,28010KT,18,12
2023-10-04 22:00:00.000,2023,10,4,22,26006KT,18,12
2023-10-04 23:00:00.000,2023,10,4,23,31007KT,15,12
2023-10-05 00:00:00.000,2023,10,5,0,27004KT,15,12
2023-10-05 01:00:00.000,2023,10,5,1,02003KT,13,12
2023-10-05 02:00:00.000,2023,10,5,2,00000KT,14,13
2023-10-05 03:00:00.000,2023,10,5,3,01003KT,13,12
2023-10-05 04:00:00.000,2023,10,5,4,04003KT,12,11
2023-10-05 05:00:00.000,2023,10,5,5,36003KT,11,11
2023-10-05 06:00:00.000,2023,10,5,6,00000KT,10,09
2023-10-05 07:00:00.000,2023,10,5,7,03005KT,10,08
2023-10-05 08:00:00.000,2023,10,5,8,03003KT,10,07
2023-10-05 09:00:00.000,2023,10,5,9,00000KT,09,07
2023-10-05 10:00:00.000,2023,10,5,10,VRB02KT,08,06
2023-10-05 10:30:00.000,2023,10,5,10,VRB02KT,08,07
2023-10-05 11:00:00.000,2023,10,5,11,00000KT,08,07
2023-10-05 12:00:00.000,2023,10,5,12,36004KT,09,07
2023-10-05 13:00:00.000,2023,10,5,13,03004KT,12,08
2023-10-05 14:00:00.000,2023,10,5,14,01004KT,15,09
2023-10-05 15:00:00.000,2023,10,5,15,35005KT,17,09
2023-10-05 16:00:00.000,2023,10,5,16,28009KT,20,08
2023-10-05 17:00:00.000,2023,10,5,17,27004KT,21,07
2023-10-05 18:00:00.000,2023,10,5,18,27010KT,20,11
2023-10-05 19:00:00.000,2023,10,5,19,29012KT,20,12
2023-10-05 20:00:00.000,2023,10,5,20,28009KT,18,11
2023-10-05 21:00:00.000,2023,10,5,21,28009KT,18,12
2023-10-05 22:00:00.000,2023,10,5,22,25008KT,18,11
2023-10-05 23:00:00.000,2023,10,5,23,24007KT,16,13
2023-10-06 00:00:00.000,2023,10,6,0,27006KT,15,13
2023-10-06 01:00:00.000,2023,10,6,1,26006KT,15,12
2023-10-06 02:00:00.000,2023,10,6,2,34006KT,14,12
2023-10-06 03:00:00.000,2023,10,6,3,34005KT,12,11
2023-10-06 04:00:00.000,2023,10,6,4,VRB02KT,13,11
2023-10-06 05:00:00.000,2023,10,6,5,VRB02KT,12,12
2023-10-06 06:00:00.000,2023,10,6,6,34003KT,12,11
2023-10-06 07:00:00.000,2023,10,6,7,VRB02KT,11,11
2023-10-06 08:00:00.000,2023,10,6,8,VRB02KT,11,11
2023-10-06 09:00:00.000,2023,10,6,9,VRB02KT,11,11
2023-10-06 10:00:00.000,2023,10,6,10,VRB02KT,11,11
2023-10-06 10:29:00.000,2023,10,6,10,02003KT,11,11
2023-10-06 11:00:00.000,2023,10,6,11,VRB02KT,11,11
2023-10-06 12:00:00.000,2023,10,6,12,34003KT,12,11
2023-10-06 13:00:00.000,2023,10,6,13,35004KT,14,12
2023-10-06 14:00:00.000,2023,10,6,14,VRB02KT,17,12
2023-10-06 15:00:00.000,2023,10,6,15,32005KT,18,12
2023-10-06 16:00:00.000,2023,10,6,16,34006KT,20,12
2023-10-06 17:00:00.000,2023,10,6,17,34007KT,19,10
2023-10-06 18:00:00.000,2023,10,6,18,21011KT,15,12
2023-10-06 19:00:00.000,2023,10,6,19,23005KT,15,13
2023-10-06 19:10:00.000,2023,10,6,19,25008KT,15,13
2023-10-06 20:00:00.000,2023,10,6,20,23005KT,16,13
2023-10-06 21:00:00.000,2023,10,6,21,34005KT,16,14
2023-10-06 22:00:00.000,2023,10,6,22,33004KT,16,14
2023-10-06 23:00:00.000,2023,10,6,23,28004KT,15,13
2023-10-07 00:00:00.000,2023,10,7,0,VRB02KT,14,13
2023-10-07 01:00:00.000,2023,10,7,1,34003KT,13,12
2023-10-07 02:00:00.000,2023,10,7,2,VRB02KT,12,12
2023-10-07 03:00:00.000,2023,10,7,3,VRB02KT,12,11
2023-10-07 04:00:00.000,2023,10,7,4,36003KT,12,11
2023-10-07 05:00:00.000,2023,10,7,5,VRB02KT,12,11
2023-10-07 06:00:00.000,2023,10,7,6,VRB02KT,12,11
2023-10-07 07:00:00.000,2023,10,7,7,VRB02KT,11,11
2023-10-07 08:00:00.000,2023,10,7,8,VRB02KT,10,10
2023-10-07 09:00:00.000,2023,10,7,9,VRB02KT,11,11
2023-10-07 10:00:00.000,2023,10,7,10,VRB02KT,11,11
2023-10-07 10:30:00.000,2023,10,7,10,VRB02KT,11,11
2023-10-07 11:00:00.000,2023,10,7,11,02003KT,11,10
2023-10-07 12:00:00.000,2023,10,7,12,VRB02KT,13,12
2023-10-07 13:00:00.000,2023,10,7,13,06005KT,15,12
2023-10-07 14:00:00.000,2023,10,7,14,04005KT,18,12
2023-10-07 15:00:00.000,2023,10,7,15,33003KT,20,12
2023-10-07 16:00:00.000,2023,10,7,16,18007KT,22,10
2023-10-07 17:00:00.000,2023,10,7,17,17014KT,22,09
2023-10-07 18:00:00.000,2023,10,7,18,19016KT,22,09
2023-10-07 19:00:00.000,2023,10,7,19,26006KT,21,11
2023-10-07 20:00:00.000,2023,10,7,20,34014KT,18,12
2023-10-08 01:00:00.000,2023,10,8,1,VRB02KT,13,12
2023-10-08 02:00:00.000,2023,10,8,2,03003KT,13,12
2023-10-08 03:00:00.000,2023,10,8,3,03003KT,12,12
2023-10-08 04:00:00.000,2023,10,8,4,10004KT,14,11
2023-10-08 05:00:00.000,2023,10,8,5,06003KT,13,11
2023-10-08 06:00:00.000,2023,10,8,6,05007KT,13,11
2023-10-08 07:00:00.000,2023,10,8,7,02004KT,12,11
2023-10-08 08:00:00.000,2023,10,8,8,VRB03KT,12,11
2023-10-08 09:00:00.000,2023,10,8,9,VRB02KT,12,10
2023-10-08 10:00:00.000,2023,10,8,10,33004KT,12,11
2023-10-08 10:30:00.000,2023,10,8,10,03004KT,12,10
2023-10-08 11:00:00.000,2023,10,8,11,05005KT,11,10
2023-10-08 12:00:00.000,2023,10,8,12,03004KT,14,11
2023-10-08 13:00:00.000,2023,10,8,13,VRB03KT,16,11
2023-10-08 14:00:00.000,2023,10,8,14,18003KT,18,11
2023-10-08 15:00:00.000,2023,10,8,15,14008KT,18,10
2023-10-08 16:00:00.000,2023,10,8,16,VRB04KT,19,10
2023-10-08 17:00:00.000,2023,10,8,17,VRB03KT,19,10
2023-10-08 18:00:00.000,2023,10,8,18,11008KT,20,11
2023-10-08 19:00:00.000,2023,10,8,19,VRB03KT,19,10
2023-10-08 20:00:00.000,2023,10,8,20,VRB03G13KT,19,11
2023-10-08 21:00:00.000,2023,10,8,21,30011KT,17,13
2023-10-08 22:00:00.000,2023,10,8,22,29007KT,16,12
2023-10-08 23:00:00.000,2023,10,8,23,26005KT,15,12
2023-10-09 00:00:00.000,2023,10,9,0,00000KT,14,12
2023-10-09 01:00:00.000,2023,10,9,1,VRB02KT,14,13
2023-10-09 02:00:00.000,2023,10,9,2,00000KT,15,12
2023-10-09 03:00:00.000,2023,10,9,3,VRB02KT,13,12
2023-10-09 04:00:00.000,2023,10,9,4,VRB02KT,13,12
2023-10-09 05:00:00.000,2023,10,9,5,VRB02KT,13,11
2023-10-09 06:00:00.000,2023,10,9,6,/////KT,,
2023-10-09 07:00:00.000,2023,10,9,7,/////KT,,
2023-10-09 08:00:00.000,2023,10,9,8,05005KT,11,10
2023-10-09 09:00:00.000,2023,10,9,9,06004KT,10,09
2023-10-09 09:24:00.000,2023,10,9,9,VRB02KT,11,10
2023-10-09 10:00:00.000,2023,10,9,10,03003KT,10,09
2023-10-09 10:30:00.000,2023,10,9,10,07005KT,10,10
2023-10-09 11:00:00.000,2023,10,9,11,05005KT,11,10
2023-10-09 12:00:00.000,2023,10,9,12,07004KT,12,10
2023-10-09 13:00:00.000,2023,10,9,13,06004KT,14,11
2023-10-09 14:00:00.000,2023,10,9,14,07008KT,17,11
2023-10-09 14:29:00.000,2023,10,9,14,09007KT,19,10
2023-10-09 15:00:00.000,2023,10,9,15,10007KT,20,10
2023-10-09 16:00:00.000,2023,10,9,16,10005KT,21,08
2023-10-09 17:00:00.000,2023,10,9,17,13012KT,22,10
2023-10-09 18:00:00.000,2023,10,9,18,19010KT,22,10
2023-10-09 19:00:00.000,2023,10,9,19,08004KT,20,10
2023-10-09 20:00:00.000,2023,10,9,20,01008KT,20,10
2023-10-09 21:00:00.000,2023,10,9,21,25008KT,19,14
2023-10-09 22:00:00.000,2023,10,9,22,25008G18KT,16,14
2023-10-09 23:00:00.000,2023,10,9,23,25004KT,16,13
2023-10-10 00:00:00.000,2023,10,10,0,VRB02KT,16,13
2023-10-10 01:00:00.000,2023,10,10,1,VRB02KT,15,12
2023-10-10 02:00:00.000,2023,10,10,2,VRB02KT,14,12
2023-10-10 03:00:00.000,2023,10,10,3,05007KT,13,12
2023-10-10 03:15:00.000,2023,10,10,3,04015KT,12,12
2023-10-10 04:00:00.000,2023,10,10,4,35007KT,12,11
2023-10-10 04:34:00.000,2023,10,10,4,31005KT,11,11
2023-10-10 05:00:00.000,2023,10,10,5,VRB02KT,12,11
2023-10-10 06:00:00.000,2023,10,10,6,VRB02KT,11,11
2023-10-10 07:00:00.000,2023,10,10,7,12004KT,12,11
2023-10-10 08:00:00.000,2023,10,10,8,VRB02KT,12,11
2023-10-10 09:00:00.000,2023,10,10,9,02004KT,12,11
2023-10-10 10:00:00.000,2023,10,10,10,04006KT,12,11
2023-10-10 10:32:00.000,2023,10,10,10,03004KT,12,12
2023-10-10 11:00:00.000,2023,10,10,11,VRB02KT,12,12
2023-10-10 12:00:00.000,2023,10,10,12,VRB02KT,13,12
2023-10-10 13:00:00.000,2023,10,10,13,VRB02KT,14,12
2023-10-10 14:00:00.000,2023,10,10,14,05004KT,16,12
2023-10-10 15:00:00.000,2023,10,10,15,07012KT,16,11
2023-10-10 16:00:00.000,2023,10,10,16,12004KT,18,11
2023-10-10 17:00:00.000,2023,10,10,17,02005KT,19,11
2023-10-10 18:00:00.000,2023,10,10,18,10012KT,19,11
2023-10-10 19:00:00.000,2023,10,10,19,13012KT,18,10
2023-10-10 20:00:00.000,2023,10,10,20,10010KT,19,10
2023-10-10 21:00:00.000,2023,10,10,21,14010KT,20,10
2023-10-10 22:00:00.000,2023,10,10,22,11005KT,19,10
2023-10-10 23:00:00.000,2023,10,10,23,13007KT,18,10
2023-10-11 00:00:00.000,2023,10,11,0,10006KT,17,10
2023-10-11 01:00:00.000,2023,10,11,1,03005KT,14,10
2023-10-11 02:00:00.000,2023,10,11,2,04004KT,13,10
2023-10-11 03:00:00.000,2023,10,11,3,03003KT,13,10
2023-10-11 04:00:00.000,2023,10,11,4,01003KT,12,10
2023-10-11 05:00:00.000,2023,10,11,5,VRB02KT,13,10
2023-10-11 06:00:00.000,2023,10,11,6,VRB02KT,12,10
2023-10-11 07:00:00.000,2023,10,11,7,04005KT,11,10
2023-10-11 08:00:00.000,2023,10,11,8,VRB02KT,11,10
2023-10-11 09:00:00.000,2023,10,11,9,05004KT,11,10
2023-10-11 10:00:00.000,2023,10,11,10,06003KT,11,10
2023-10-11 10:30:00.000,2023,10,11,10,05003KT,11,10
2023-10-11 11:00:00.000,2023,10,11,11,VRB02KT,11,10
2023-10-11 12:00:00.000,2023,10,11,12,VRB02KT,13,11
2023-10-11 13:00:00.000,2023,10,11,13,VRB02KT,15,11
2023-10-11 14:00:00.000,2023,10,11,14,22006KT,30,25
2023-10-11 15:00:00.000,2023,10,11,15,VRB03KT,18,10
2023-10-11 16:00:00.000,2023,10,11,16,11005KT,19,08
2023-10-11 17:00:00.000,2023,10,11,17,14007KT,21,09
2023-10-11 18:00:00.000,2023,10,11,18,13009KT,21,09
2023-10-11 19:00:00.000,2023,10,11,19,14007KT,20,09
2023-10-11 20:00:00.000,2023,10,11,20,28006KT,18,12
2023-10-11 21:00:00.000,2023,10,11,21,23003KT,18,08
2023-10-11 22:00:00.000,2023,10,11,22,26008KT,17,10
2023-10-11 23:00:00.000,2023,10,11,23,VRB02KT,16,10
2023-10-12 00:00:00.000,2023,10,12,0,19008KT,16,09
2023-10-12 01:00:00.000,2023,10,12,1,VRB02KT,14,09
2023-10-12 02:00:00.000,2023,10,12,2,VRB02KT,13,09
2023-10-12 03:00:00.000,2023,10,12,3,16008KT,14,08
2023-10-12 04:00:00.000,2023,10,12,4,VRB02KT,12,09
2023-10-12 05:00:00.000,2023,10,12,5,10004KT,13,09
2023-10-12 06:00:00.000,2023,10,12,6,08004KT,12,09
2023-10-12 07:00:00.000,2023,10,12,7,05004KT,10,09
2023-10-12 08:00:00.000,2023,10,12,8,06003KT,10,08
2023-10-12 09:00:00.000,2023,10,12,9,05003KT,09,08
2023-10-12 10:00:00.000,2023,10,12,10,05004KT,09,07
2023-10-12 10:30:00.000,2023,10,12,10,04003KT,08,07
2023-10-12 11:00:00.000,2023,10,12,11,03004KT,08,07
2023-10-12 12:00:00.000,2023,10,12,12,VRB02KT,11,09
2023-10-12 13:00:00.000,2023,10,12,13,05003KT,15,09
2023-10-12 14:00:00.000,2023,10,12,14,VRB02KT,17,09
2023-10-12 15:00:00.000,2023,10,12,15,04005KT,19,09
2023-10-12 16:00:00.000,2023,10,12,16,02007KT,20,08
2023-10-12 17:00:00.000,2023,10,12,17,15011KT,22,09
2023-10-12 18:00:00.000,2023,10,12,18,17012KT,23,08
2023-10-12 19:00:00.000,2023,10,12,19,14010KT,23,07
2023-10-12 20:00:00.000,2023,10,12,20,22007KT,22,12
2023-10-12 20:31:00.000,2023,10,12,20,28012G25KT,19,11
2023-10-12 21:00:00.000,2023,10,12,21,33013KT,18,12
2023-10-12 21:10:00.000,2023,10,12,21,32012KT,16,12
2023-10-12 22:00:00.000,2023,10,12,22,31008KT,17,11
2023-10-12 23:00:00.000,2023,10,12,23,VRB02KT,15,13
2023-10-13 00:00:00.000,2023,10,13,0,22003KT,14,11
2023-10-13 01:00:00.000,2023,10,13,1,VRB02KT,12,11
2023-10-13 02:00:00.000,2023,10,13,2,VRB02KT,14,10
2023-10-13 03:00:00.000,2023,10,13,3,VRB02KT,13,11
2023-10-13 04:00:00.000,2023,10,13,4,07003KT,13,11
2023-10-13 05:00:00.000,2023,10,13,5,VRB02KT,12,10
2023-10-13 06:00:00.000,2023,10,13,6,VRB02KT,11,10
2023-10-13 07:00:00.000,2023,10,13,7,VRB02KT,11,11
2023-10-13 08:00:00.000,2023,10,13,8,VRB02KT,11,10
2023-10-13 09:00:00.000,2023,10,13,9,VRB02KT,10,09
2023-10-13 10:00:00.000,2023,10,13,10,VRB02KT,08,07
2023-10-13 11:00:00.000,2023,10,13,11,VRB02KT,07,07
2023-10-13 12:00:00.000,2023,10,13,12,01003KT,09,09
2023-10-13 12:19:00.000,2023,10,13,12,04004KT,12,11
2023-10-13 13:00:00.000,2023,10,13,13,VRB03KT,14,11
2023-10-13 14:00:00.000,2023,10,13,14,06004KT,17,11
2023-10-13 15:00:00.000,2023,10,13,15,04003KT,19,10
2023-10-13 16:00:00.000,2023,10,13,16,17011KT,20,09
2023-10-13 17:00:00.000,2023,10,13,17,12007KT,19,09
2023-10-13 18:00:00.000,2023,10,13,18,29008KT,19,12
2023-10-13 19:00:00.000,2023,10,13,19,33005KT,18,13
2023-10-13 20:00:00.000,2023,10,13,20,35005KT,20,12
2023-10-13 20:13:00.000,2023,10,13,20,VRB11KT,19,12
2023-10-13 20:21:00.000,2023,10,13,20,VRB11G21KT,18,10
2023-10-13 21:00:00.000,2023,10,13,21,05004KT,15,11
2023-10-13 22:00:00.000,2023,10,13,22,VRB02KT,17,13
2023-10-13 23:00:00.000,2023,10,13,23,36004KT,15,13
2023-10-14 00:00:00.000,2023,10,14,0,00000KT,16,11
2023-10-14 01:00:00.000,2023,10,14,1,VRB02KT,14,13
2023-10-14 02:00:00.000,2023,10,14,2,04004KT,15,12
2023-10-14 03:00:00.000,2023,10,14,3,07006KT,13,11
2023-10-14 04:00:00.000,2023,10,14,4,VRB02KT,13,11
2023-10-14 05:00:00.000,2023,10,14,5,06004KT,12,10
2023-10-14 06:00:00.000,2023,10,14,6,03007KT,11,10
2023-10-14 07:00:00.000,2023,10,14,7,03005KT,12,10
2023-10-14 08:00:00.000,2023,10,14,8,05007KT,11,10
2023-10-14 09:00:00.000,2023,10,14,9,VRB02KT,11,09
2023-10-14 10:00:00.000,2023,10,14,10,06003KT,10,09
2023-10-14 10:30:00.000,2023,10,14,10,10003KT,11,09
2023-10-14 11:00:00.000,2023,10,14,11,35003KT,11,10
2023-10-14 12:00:00.000,2023,10,14,12,34003KT,12,10
2023-10-14 13:00:00.000,2023,10,14,13,03006KT,15,11
2023-10-14 14:00:00.000,2023,10,14,14,06004KT,17,11
2023-10-14 15:00:00.000,2023,10,14,15,07004KT,18,10
2023-10-14 16:00:00.000,2023,10,14,16,15011KT,19,09
2023-10-14 17:00:00.000,2023,10,14,17,12006KT,19,09
2023-10-14 18:00:00.000,2023,10,14,18,16007KT,17,10
2023-10-14 19:00:00.000,2023,10,14,19,14008KT,16,09
2023-10-14 20:00:00.000,2023,10,14,20,11010KT,17,09
2023-10-14 21:00:00.000,2023,10,14,21,07009KT,17,09
2023-10-14 22:00:00.000,2023,10,14,22,12006KT,17,09
2023-10-14 23:00:00.000,2023,10,14,23,08006KT,15,09
2023-10-15 00:00:00.000,2023,10,15,0,06003KT,14,09
2023-10-15 01:00:00.000,2023,10,15,1,01003KT,12,09
2023-10-15 02:00:00.000,2023,10,15,2,01003KT,10,08
2023-10-15 03:00:00.000,2023,10,15,3,03003KT,11,09
2023-10-15 04:00:00.000,2023,10,15,4,04004KT,11,09
2023-10-15 05:00:00.000,2023,10,15,5,05005KT,11,09
2023-10-15 06:00:00.000,2023,10,15,6,04004KT,12,10
2023-10-15 07:00:00.000,2023,10,15,7,05004KT,10,09
2023-10-15 08:00:00.000,2023,10,15,8,06005KT,10,09
2023-10-15 09:00:00.000,2023,10,15,9,03005KT,09,08
2023-10-15 10:00:00.000,2023,10,15,10,04005KT,09,08
2023-10-15 10:30:00.000,2023,10,15,10,26003KT,10,09
2023-10-15 11:00:00.000,2023,10,15,11,VRB02KT,09,08
2023-10-15 12:00:00.000,2023,10,15,12,05006KT,11,09
2023-10-15 13:00:00.000,2023,10,15,13,06006KT,14,10
2023-10-15 14:00:00.000,2023,10,15,14,VRB03KT,16,09
2023-10-15 15:00:00.000,2023,10,15,15,10006KT,18,08
2023-10-15 16:00:00.000,2023,10,15,16,13012KT,20,08
2023-10-15 17:00:00.000,2023,10,15,17,16011KT,20,08
2023-10-15 18:00:00.000,2023,10,15,18,15012KT,20,08
2023-10-15 19:00:00.000,2023,10,15,19,15012KT,19,08
2023-10-15 20:00:00.000,2023,10,15,20,18009KT,21,08
2023-10-15 21:00:00.000,2023,10,15,21,15009KT,19,08
2023-10-15 22:00:00.000,2023,10,15,22,13018KT,17,09
2023-10-15 23:00:00.000,2023,10,15,23,16012KT,15,10
2023-10-16 00:00:00.000,2023,10,16,0,00000KT,12,09
2023-10-16 01:00:00.000,2023,10,16,1,VRB02KT,12,10
2023-10-16 02:00:00.000,2023,10,16,2,35003KT,10,08
2023-10-16 03:00:00.000,2023,10,16,3,06003KT,10,09
2023-10-16 04:00:00.000,2023,10,16,4,08003KT,11,09
2023-10-16 05:00:00.000,2023,10,16,5,35004KT,10,09
2023-10-16 06:00:00.000,2023,10,16,6,VRB02KT,10,09
2023-10-16 07:00:00.000,2023,10,16,7,VRB02KT,09,08
2023-10-16 08:00:00.000,2023,10,16,8,36003KT,08,08
2023-10-16 09:00:00.000,2023,10,16,9,VRB02KT,09,09
2023-10-16 10:00:00.000,2023,10,16,10,VRB02KT,09,09
2023-10-16 10:30:00.000,2023,10,16,10,06004KT,10,08
2023-10-16 11:00:00.000,2023,10,16,11,02003KT,10,09
2023-10-16 12:00:00.000,2023,10,16,12,VRB02KT,11,09
2023-10-16 13:00:00.000,2023,10,16,13,VRB03KT,13,10
2023-10-16 14:00:00.000,2023,10,16,14,VRB03KT,18,09
2023-10-16 15:00:00.000,2023,10,16,15,VRB04KT,17,09
2023-10-16 16:00:00.000,2023,10,16,16,VRB03KT,18,09
2023-10-16 17:00:00.000,2023,10,16,17,03007KT,18,10
2023-10-16 18:00:00.000,2023,10,16,18,03006KT,19,09
2023-10-16 19:00:00.000,2023,10,16,19,29012KT,19,11
2023-10-16 19:25:00.000,2023,10,16,19,23013KT,17,11
2023-10-16 20:00:00.000,2023,10,16,20,21011KT,17,11
2023-10-16 20:10:00.000,2023,10,16,20,24006KT,16,12
2023-10-16 21:00:00.000,2023,10,16,21,26006KT,17,12
2023-10-16 22:00:00.000,2023,10,16,22,25005KT,17,12
2023-10-16 23:00:00.000,2023,10,16,23,26005KT,15,11
2023-10-17 00:00:00.000,2023,10,17,0,29004KT,15,12
2023-10-17 01:00:00.000,2023,10,17,1,31003KT,13,12
2023-10-17 02:00:00.000,2023,10,17,2,34003KT,13,12
2023-10-17 03:00:00.000,2023,10,17,3,VRB03KT,12,12
2023-10-17 04:00:00.000,2023,10,17,4,VRB02KT,13,12
2023-10-17 05:00:00.000,2023,10,17,5,02003KT,12,11
2023-10-17 06:00:00.000,2023,10,17,6,03003KT,12,11
2023-10-17 07:00:00.000,2023,10,17,7,VRB02KT,11,11
2023-10-17 08:00:00.000,2023,10,17,8,VRB02KT,12,11
2023-10-17 09:00:00.000,2023,10,17,9,02003KT,11,10
2023-10-17 10:00:00.000,2023,10,17,10,03005KT,11,10
2023-10-17 10:30:00.000,2023,10,17,10,02003KT,11,10
2023-10-17 11:00:00.000,2023,10,17,11,VRB02KT,10,10
2023-10-17 12:00:00.000,2023,10,17,12,06005KT,12,11
2023-10-17 13:00:00.000,2023,10,17,13,05006KT,14,11
2023-10-17 14:00:00.000,2023,10,17,14,18004KT,16,10
2023-10-17 15:00:00.000,2023,10,17,15,14004KT,17,09
2023-10-17 16:00:00.000,2023,10,17,16,27006KT,19,10
2023-10-17 17:00:00.000,2023,10,17,17,32005KT,20,07
2023-10-17 18:00:00.000,2023,10,17,18,28008KT,20,10
2023-10-17 19:00:00.000,2023,10,17,19,32012KT,19,11
2023-10-17 20:00:00.000,2023,10,17,20,36010KT,18,11
2023-10-17 20:30:00.000,2023,10,17,20,26019KT,15,12
2023-10-17 21:00:00.000,2023,10,17,21,28007KT,14,12
2023-10-17 21:32:00.000,2023,10,17,21,16006KT,12,10
2023-10-17 22:00:00.000,2023,10,17,22,19009KT,13,11
2023-10-17 23:00:00.000,2023,10,17,23,01003KT,12,11
2023-10-18 00:00:00.000,2023,10,18,0,06003KT,11,10
2023-10-18 01:00:00.000,2023,10,18,1,05003KT,11,10
2023-10-18 02:00:00.000,2023,10,18,2,VRB02KT,12,11
2023-10-18 03:00:00.000,2023,10,18,3,VRB02KT,11,10
2023-10-18 04:00:00.000,2023,10,18,4,VRB02KT,12,11
2023-10-18 05:00:00.000,2023,10,18,5,02003KT,10,10
2023-10-18 18:00:00.000,2023,10,18,18,14010KT,21,10
2023-10-18 19:00:00.000,2023,10,18,19,12008KT,20,09
2023-10-18 20:00:00.000,2023,10,18,20,14008KT,20,09
2023-10-18 21:00:00.000,2023,10,18,21,23008KT,20,09
2023-10-18 22:00:00.000,2023,10,18,22,23007KT,18,12
2023-10-18 23:00:00.000,2023,10,18,23,VRB02KT,16,12
2023-10-19 00:00:00.000,2023,10,19,0,VRB02KT,15,12
2023-10-19 01:00:00.000,2023,10,19,1,31003KT,14,10
2023-10-19 02:00:00.000,2023,10,19,2,33003KT,13,11
2023-10-19 03:00:00.000,2023,10,19,3,VRB03KT,15,10
2023-10-19 04:00:00.000,2023,10,19,4,03003KT,13,10
2023-10-19 05:00:00.000,2023,10,19,5,05005KT,12,10
2023-10-19 06:00:00.000,2023,10,19,6,04004KT,12,10
2023-10-19 07:00:00.000,2023,10,19,7,VRB02KT,13,10
2023-10-19 08:00:00.000,2023,10,19,8,05003KT,13,11
2023-10-19 09:00:00.000,2023,10,19,9,05005KT,13,11
2023-10-19 10:00:00.000,2023,10,19,10,VRB02KT,13,11
2023-10-19 11:00:00.000,2023,10,19,11,07006KT,13,11
2023-10-19 12:00:00.000,2023,10,19,12,06008KT,14,11
2023-10-19 13:00:00.000,2023,10,19,13,10009KT,16,10
2023-10-19 14:00:00.000,2023,10,19,14,14013KT,17,09
2023-10-19 15:00:00.000,2023,10,19,15,16016KT,17,09
2023-10-19 17:00:00.000,2023,10,19,17,16013KT,18,09
2023-10-19 18:00:00.000,2023,10,19,18,17012KT,18,09
2023-10-19 19:00:00.000,2023,10,19,19,17013KT,18,09
2023-10-19 20:00:00.000,2023,10,19,20,16008KT,19,09
2023-10-19 21:00:00.000,2023,10,19,21,17011KT,19,08
2023-10-19 22:00:00.000,2023,10,19,22,15008KT,18,08
2023-10-19 23:00:00.000,2023,10,19,23,16007KT,16,08
2023-10-20 00:00:00.000,2023,10,20,0,09003KT,15,09
2023-10-20 01:00:00.000,2023,10,20,1,VRB02KT,13,09
2023-10-20 02:00:00.000,2023,10,20,2,04003KT,11,09
2023-10-20 03:00:00.000,2023,10,20,3,02003KT,12,09
2023-10-20 04:00:00.000,2023,10,20,4,05004KT,10,09
2023-10-20 05:00:00.000,2023,10,20,5,04005KT,10,09
2023-10-20 06:00:00.000,2023,10,20,6,05003KT,10,09
2023-10-20 07:00:00.000,2023,10,20,7,VRB02KT,11,09
2023-10-20 08:00:00.000,2023,10,20,8,VRB02KT,09,08
2023-10-20 09:00:00.000,2023,10,20,9,VRB02KT,08,07
2023-10-20 10:00:00.000,2023,10,20,10,VRB02KT,06,05
2023-10-20 10:28:00.000,2023,10,20,10,34003KT,06,06
2023-10-20 11:00:00.000,2023,10,20,11,VRB02KT,09,08
2023-10-20 12:00:00.000,2023,10,20,12,03004KT,09,09
2023-10-20 13:00:00.000,2023,10,20,13,05003KT,13,10
2023-10-20 14:00:00.000,2023,10,20,14,09004KT,15,10
2023-10-20 15:00:00.000,2023,10,20,15,15012KT,19,08
2023-10-20 16:00:00.000,2023,10,20,16,14017KT,20,07
2023-10-20 17:00:00.000,2023,10,20,17,17010G23KT,20,08
2023-10-20 18:00:00.000,2023,10,20,18,25011KT,17,11
2023-10-20 19:00:00.000,2023,10,20,19,25011KT,17,11
2023-10-20 20:00:00.000,2023,10,20,20,28010KT,17,10
2023-10-20 21:00:00.000,2023,10,20,21,26005KT,17,10
2023-10-20 22:00:00.000,2023,10,20,22,25009KT,16,10
2023-10-20 23:00:00.000,2023,10,20,23,26008KT,15,11
2023-10-21 00:00:00.000,2023,10,21,0,25005KT,14,11
2023-10-21 01:00:00.000,2023,10,21,1,VRB02KT,12,11
2023-10-21 02:00:00.000,2023,10,21,2,VRB02KT,12,11
2023-10-21 03:00:00.000,2023,10,21,3,VRB02KT,11,11
2023-10-21 04:00:00.000,2023,10,21,4,VRB02KT,11,11
2023-10-21 05:00:00.000,2023,10,21,5,VRB02KT,11,10
2023-10-21 06:00:00.000,2023,10,21,6,VRB02KT,11,10
2023-10-21 07:00:00.000,2023,10,21,7,VRB02KT,11,10
2023-10-21 08:00:00.000,2023,10,21,8,VRB02KT,10,09
2023-10-21 09:00:00.000,2023,10,21,9,VRB02KT,11,10
2023-10-21 10:00:00.000,2023,10,21,10,33004KT,10,09
2023-10-21 11:00:00.000,2023,10,21,11,VRB02KT,10,09
2023-10-21 12:00:00.000,2023,10,21,12,VRB02KT,12,10
2023-10-21 13:00:00.000,2023,10,21,13,03004KT,15,12
2023-10-21 14:00:00.000,2023,10,21,14,32005KT,16,11
2023-10-21 15:00:00.000,2023,10,21,15,02004KT,18,11
2023-10-21 16:00:00.000,2023,10,21,16,32004KT,18,09
2023-10-21 17:00:00.000,2023,10,21,17,26010KT,19,12
2023-10-21 18:00:00.000,2023,10,21,18,24014KT,17,11
2023-10-21 19:00:00.000,2023,10,21,19,23013KT,16,10
2023-10-21 20:00:00.000,2023,10,21,20,27010KT,17,10
2023-10-21 21:00:00.000,2023,10,21,21,30010KT,17,10
2023-10-21 22:00:00.000,2023,10,21,22,28006KT,16,10
2023-10-21 23:00:00.000,2023,10,21,23,27006KT,15,10
2023-10-22 00:00:00.000,2023,10,22,0,01003KT,12,10
2023-10-22 01:00:00.000,2023,10,22,1,36003KT,12,11
2023-10-22 02:00:00.000,2023,10,22,2,VRB02KT,11,10
2023-10-22 03:00:00.000,2023,10,22,3,35002KT,11,10
2023-10-22 04:00:00.000,2023,10,22,4,VRB02KT,11,10
2023-10-22 05:00:00.000,2023,10,22,5,34003KT,11,10
2023-10-22 06:00:00.000,2023,10,22,6,29003KT,12,11
2023-10-22 07:00:00.000,2023,10,22,7,VRB02KT,11,10
2023-10-22 08:00:00.000,2023,10,22,8,VRB02KT,10,10
2023-10-22 09:00:00.000,2023,10,22,9,VRB02KT,11,10
2023-10-22 10:00:00.000,2023,10,22,10,VRB02KT,10,10
2023-10-22 10:30:00.000,2023,10,22,10,35004KT,11,10
2023-10-22 11:00:00.000,2023,10,22,11,36003KT,11,10
2023-10-22 12:00:00.000,2023,10,22,12,VRB02KT,12,11
2023-10-22 13:00:00.000,2023,10,22,13,04004KT,14,11
2023-10-22 14:00:00.000,2023,10,22,14,06003KT,15,11
2023-10-22 15:00:00.000,2023,10,22,15,04005KT,16,12
2023-10-22 16:00:00.000,2023,10,22,16,04004KT,17,12
2023-10-22 17:00:00.000,2023,10,22,17,30004KT,19,11
2023-10-22 18:00:00.000,2023,10,22,18,26018KT,18,12
2023-10-22 19:00:00.000,2023,10,22,19,26011KT,16,12
2023-10-22 20:00:00.000,2023,10,22,20,29007KT,15,12
2023-10-22 21:00:00.000,2023,10,22,21,35003KT,15,12
2023-10-22 22:00:00.000,2023,10,22,22,36003KT,15,12
2023-10-22 23:00:00.000,2023,10,22,23,02004KT,14,12
2023-10-23 00:00:00.000,2023,10,23,0,04007KT,14,12
2023-10-23 01:00:00.000,2023,10,23,1,04006KT,14,12
2023-10-23 02:00:00.000,2023,10,23,2,04007KT,13,12
2023-10-23 03:00:00.000,2023,10,23,3,05005KT,13,11
2023-10-23 04:00:00.000,2023,10,23,4,04004KT,12,11
2023-10-23 05:00:00.000,2023,10,23,5,02003KT,12,11
2023-10-23 06:00:00.000,2023,10,23,6,VRB02KT,12,11
2023-10-23 07:00:00.000,2023,10,23,7,VRB02KT,11,11
2023-10-23 08:00:00.000,2023,10,23,8,VRB02KT,10,10
2023-10-23 09:00:00.000,2023,10,23,9,03004KT,11,11
2023-10-23 10:00:00.000,2023,10,23,10,VRB02KT,11,11
2023-10-23 10:31:00.000,2023,10,23,10,VRB02KT,10,10
2023-10-23 11:00:00.000,2023,10,23,11,VRB02KT,10,10
2023-10-23 12:00:00.000,2023,10,23,12,03004KT,13,12
2023-10-23 12:20:00.000,2023,10,23,12,06004KT,15,12
2023-10-23 13:00:00.000,2023,10,23,13,04003KT,17,12
2023-10-23 14:00:00.000,2023,10,23,14,01003KT,17,11
2023-10-23 15:00:00.000,2023,10,23,15,27004KT,19,11
2023-10-23 16:00:00.000,2023,10,23,16,11003KT,21,10
2023-10-23 17:00:00.000,2023,10,23,17,14005KT,23,10
2023-10-23 18:00:00.000,2023,10,23,18,14009KT,22,09
2023-10-23 19:00:00.000,2023,10,23,19,25016KT,22,13
2023-10-23 19:24:00.000,2023,10,23,19,25010KT,21,13
2023-10-23 20:00:00.000,2023,10,23,20,25009KT,20,13
2023-10-23 20:08:00.000,2023,10,23,20,04012KT,17,12
2023-10-23 21:00:00.000,2023,10,23,21,VRB03KT,13,12
2023-10-23 22:00:00.000,2023,10,23,22,VRB02KT,14,13
2023-10-23 23:00:00.000,2023,10,23,23,35003KT,13,12
2023-10-24 00:00:00.000,2023,10,24,0,VRB02KT,13,12
2023-10-24 01:00:00.000,2023,10,24,1,00000KT,12,11
2023-10-24 02:00:00.000,2023,10,24,2,34004KT,11,11
2023-10-24 03:00:00.000,2023,10,24,3,03003KT,12,11
2023-10-24 04:00:00.000,2023,10,24,4,05005KT,11,10
2023-10-24 05:00:00.000,2023,10,24,5,35003KT,12,11
2023-10-24 06:00:00.000,2023,10,24,6,VRB02KT,11,11
2023-10-24 07:00:00.000,2023,10,24,7,07004KT,11,10
2023-10-24 08:00:00.000,2023,10,24,8,33003KT,10,10
2023-10-24 09:00:00.000,2023,10,24,9,VRB02KT,09,09
2023-10-24 10:00:00.000,2023,10,24,10,34003KT,07,07
2023-10-24 10:31:00.000,2023,10,24,10,04003KT,09,09
2023-10-24 11:00:00.000,2023,10,24,11,04003KT,09,09
2023-10-24 12:00:00.000,2023,10,24,12,33003KT,11,11
2023-10-24 12:26:00.000,2023,10,24,12,35003KT,13,12
2023-10-24 13:00:00.000,2023,10,24,13,01003KT,14,12
2023-10-24 14:00:00.000,2023,10,24,14,06004KT,16,12
2023-10-24 15:00:00.000,2023,10,24,15,06007KT,17,12
2023-10-24 16:00:00.000,2023,10,24,16,03006KT,18,12
2023-10-24 17:00:00.000,2023,10,24,17,08004KT,17,11
2023-10-24 18:00:00.000,2023,10,24,18,26007KT,18,13
2023-10-24 19:00:00.000,2023,10,24,19,27006KT,19,13
2023-10-24 20:00:00.000,2023,10,24,20,29008KT,17,13
2023-10-24 21:00:00.000,2023,10,24,21,28009KT,19,13
2023-10-24 22:00:00.000,2023,10,24,22,24006KT,18,12
2023-10-24 23:00:00.000,2023,10,24,23,24004KT,16,12
2023-10-25 00:00:00.000,2023,10,25,0,31003KT,12,11
2023-10-25 01:00:00.000,2023,10,25,1,VRB02KT,13,11
2023-10-25 02:00:00.000,2023,10,25,2,36003KT,12,11
2023-10-25 03:00:00.000,2023,10,25,3,04003KT,13,11
2023-10-25 04:00:00.000,2023,10,25,4,VRB02KT,13,11
2023-10-25 05:00:00.000,2023,10,25,5,33003KT,11,11
2023-10-25 06:00:00.000,2023,10,25,6,VRB02KT,10,10
2023-10-25 07:00:00.000,2023,10,25,7,VRB02KT,09,08
2023-10-25 08:00:00.000,2023,10,25,8,VRB02KT,10,09
2023-10-25 09:00:00.000,2023,10,25,9,VRB02KT,08,07
2023-10-25 10:00:00.000,2023,10,25,10,VRB02KT,09,09
2023-10-25 10:30:00.000,2023,10,25,10,VRB02KT,09,09
2023-10-25 11:00:00.000,2023,10,25,11,VRB02KT,09,09
2023-10-25 12:00:00.000,2023,10,25,12,05003KT,12,11
2023-10-25 13:00:00.000,2023,10,25,13,36005KT,14,11
2023-10-25 14:00:00.000,2023,10,25,14,35004KT,16,11
2023-10-25 15:00:00.000,2023,10,25,15,03005KT,18,10
2023-10-25 16:00:00.000,2023,10,25,16,06005KT,20,10
2023-10-25 17:00:00.000,2023,10,25,17,28010KT,20,11
2023-10-25 18:00:00.000,2023,10,25,18,23010KT,18,13
2023-10-25 18:20:00.000,2023,10,25,18,23011KT,18,13
2023-10-25 19:00:00.000,2023,10,25,19,27010KT,17,13
2023-10-25 20:00:00.000,2023,10,25,20,31008KT,16,13
2023-10-25 21:00:00.000,2023,10,25,21,30008KT,18,11
2023-10-25 22:00:00.000,2023,10,25,22,34004KT,15,12
2023-10-25 23:00:00.000,2023,10,25,23,VRB02KT,14,11
2023-10-26 00:00:00.000,2023,10,26,0,VRB02KT,13,11
2023-10-26 01:00:00.000,2023,10,26,1,VRB02KT,13,12
2023-10-26 02:00:00.000,2023,10,26,2,33003KT,13,12
2023-10-26 03:00:00.000,2023,10,26,3,VRB02KT,13,13
2023-10-26 04:00:00.000,2023,10,26,4,VRB02KT,12,12
2023-10-26 05:00:00.000,2023,10,26,5,VRB02KT,12,12
2023-10-26 06:00:00.000,2023,10,26,6,34003KT,12,12
2023-10-26 07:00:00.000,2023,10,26,7,VRB02KT,12,12
2023-10-26 08:00:00.000,2023,10,26,8,00000KT,12,11
2023-10-26 09:00:00.000,2023,10,26,9,VRB02KT,11,11
2023-10-26 10:00:00.000,2023,10,26,10,VRB02KT,11,10
2023-10-26 10:30:00.000,2023,10,26,10,03003KT,11,11
2023-10-26 11:00:00.000,2023,10,26,11,02003KT,11,11
2023-10-26 12:00:00.000,2023,10,26,12,33004KT,12,11
2023-10-26 13:00:00.000,2023,10,26,13,05005KT,15,12
2023-10-26 13:27:00.000,2023,10,26,13,35003KT,17,12
2023-10-26 14:00:00.000,2023,10,26,14,VRB02KT,19,12
2023-10-26 15:00:00.000,2023,10,26,15,34004KT,19,12
2023-10-26 16:00:00.000,2023,10,26,16,26004KT,20,11
2023-10-26 16:30:00.000,2023,10,26,16,24009KT,18,12
2023-10-26 16:38:00.000,2023,10,26,16,22009KT,17,12
2023-10-26 17:00:00.000,2023,10,26,17,16010KT,17,12
2023-10-26 18:00:00.000,2023,10,26,18,03008KT,14,12
2023-10-26 19:00:00.000,2023,10,26,19,33008KT,15,10
2023-10-26 20:00:00.000,2023,10,26,20,02003KT,16,13
2023-10-26 21:00:00.000,2023,10,26,21,29005KT,17,12
2023-10-26 22:00:00.000,2023,10,26,22,28005KT,17,13
2023-10-26 23:00:00.000,2023,10,26,23,26004KT,16,12
2023-10-27 00:00:00.000,2023,10,27,0,31006KT,15,12
2023-10-27 01:00:00.000,2023,10,27,1,30005KT,14,13
2023-10-27 02:00:00.000,2023,10,27,2,29004KT,14,12
2023-10-27 03:00:00.000,2023,10,27,3,VRB04KT,14,12
2023-10-27 04:00:00.000,2023,10,27,4,33004KT,13,12
2023-10-27 05:00:00.000,2023,10,27,5,27004KT,13,12
2023-10-27 06:00:00.000,2023,10,27,6,31005KT,13,12
2023-10-27 07:00:00.000,2023,10,27,7,VRB02KT,12,12
2023-10-27 08:00:00.000,2023,10,27,8,VRB02KT,13,11
2023-10-27 09:00:00.000,2023,10,27,9,34003KT,12,11
2023-10-27 10:00:00.000,2023,10,27,10,VRB02KT,12,11
2023-10-27 10:30:00.000,2023,10,27,10,VRB02KT,12,11
2023-10-27 11:00:00.000,2023,10,27,11,VRB02KT,12,12
2023-10-27 12:00:00.000,2023,10,27,12,36003KT,13,12
2023-10-27 13:00:00.000,2023,10,27,13,08004KT,15,12
2023-10-27 14:00:00.000,2023,10,27,14,35003KT,16,12
2023-10-27 14:39:00.000,2023,10,27,14,35006KT,14,13
2023-10-27 15:00:00.000,2023,10,27,15,36006KT,14,13
2023-10-27 16:00:00.000,2023,10,27,16,35005KT,15,13
2023-10-27 17:00:00.000,2023,10,27,17,36005KT,15,12
2023-10-27 18:00:00.000,2023,10,27,18,31002KT,16,12
2023-10-27 19:00:00.000,2023,10,27,19,29004KT,17,10
2023-10-27 20:00:00.000,2023,10,27,20,32006KT,18,12
2023-10-27 21:00:00.000,2023,10,27,21,34008KT,16,11
2023-10-27 22:00:00.000,2023,10,27,22,35007KT,16,11
2023-10-27 23:00:00.000,2023,10,27,23,33007KT,14,11
2023-10-28 00:00:00.000,2023,10,28,0,30008KT,14,12
2023-10-28 01:00:00.000,2023,10,28,1,29005KT,14,12
2023-10-28 02:00:00.000,2023,10,28,2,00000KT,14,12
2023-10-28 03:00:00.000,2023,10,28,3,VRB02KT,14,12
2023-10-28 04:00:00.000,2023,10,28,4,VRB02KT,13,12
2023-10-28 04:22:00.000,2023,10,28,4,33005KT,13,12
2023-10-28 05:00:00.000,2023,10,28,5,35004KT,13,12
2023-10-28 06:00:00.000,2023,10,28,6,VRB02KT,13,12
2023-10-28 07:00:00.000,2023,10,28,7,27004KT,12,12
2023-10-28 08:00:00.000,2023,10,28,8,34003KT,12,12
2023-10-28 09:00:00.000,2023,10,28,9,24002KT,12,12
2023-10-28 10:00:00.000,2023,10,28,10,VRB02KT,12,12
2023-10-28 10:30:00.000,2023,10,28,10,34003KT,12,12
2023-10-28 11:00:00.000,2023,10,28,11,33003KT,12,12
2023-10-28 12:00:00.000,2023,10,28,12,VRB02KT,13,12
2023-10-28 13:00:00.000,2023,10,28,13,27004KT,15,13
2023-10-28 13:24:00.000,2023,10,28,13,28003KT,15,13
2023-10-28 14:00:00.000,2023,10,28,14,32008KT,14,13
2023-10-28 17:00:00.000,2023,10,28,17,33005KT,19,12
2023-10-28 18:00:00.000,2023,10,28,18,33011KT,17,13
2023-10-28 18:20:00.000,2023,10,28,18,31010KT,17,13
2023-10-28 19:00:00.000,2023,10,28,19,29009KT,17,13
2023-10-28 20:00:00.000,2023,10,28,20,30008KT,17,12
2023-10-28 21:00:00.000,2023,10,28,21,30007KT,17,12
2023-10-28 22:00:00.000,2023,10,28,22,32010KT,15,12
2023-10-28 23:00:00.000,2023,10,28,23,32008KT,14,12
2023-10-29 00:00:00.000,2023,10,29,0,29006KT,14,12
2023-10-29 01:00:00.000,2023,10,29,1,29005KT,14,12
2023-10-29 02:00:00.000,2023,10,29,2,29005KT,14,12
2023-10-29 03:00:00.000,2023,10,29,3,30005KT,14,12
2023-10-29 04:00:00.000,2023,10,29,4,27005KT,13,12
2023-10-29 05:00:00.000,2023,10,29,5,32003KT,13,12
2023-10-29 06:00:00.000,2023,10,29,6,31006KT,12,12
2023-10-29 07:00:00.000,2023,10,29,7,28006KT,12,12
2023-10-29 08:00:00.000,2023,10,29,8,VRB02KT,12,12
2023-10-29 09:00:00.000,2023,10,29,9,VRB02KT,12,12
2023-10-29 10:00:00.000,2023,10,29,10,VRB02KT,12,12
2023-10-29 10:30:00.000,2023,10,29,10,00000KT,12,11
2023-10-29 11:00:00.000,2023,10,29,11,VRB02KT,12,11
2023-10-29 12:00:00.000,2023,10,29,12,36003KT,12,11
2023-10-29 13:00:00.000,2023,10,29,13,36003KT,13,13
2023-10-29 14:00:00.000,2023,10,29,14,09003KT,16,13
2023-10-29 15:00:00.000,2023,10,29,15,06005KT,18,12
2023-10-29 16:00:00.000,2023,10,29,16,04010KT,19,11
2023-10-29 17:00:00.000,2023,10,29,17,02005KT,19,10
2023-10-29 18:00:00.000,2023,10,29,18,26011KT,20,12
2023-10-29 19:00:00.000,2023,10,29,19,28011KT,20,13
2023-10-29 20:00:00.000,2023,10,29,20,27008KT,18,12
2023-10-29 21:00:00.000,2023,10,29,21,26008KT,16,10
2023-10-29 22:00:00.000,2023,10,29,22,VRB02KT,16,11
2023-10-29 23:00:00.000,2023,10,29,23,07003KT,15,12
2023-10-30 00:00:00.000,2023,10,30,0,VRB02KT,13,12
2023-10-30 01:00:00.000,2023,10,30,1,VRB02KT,13,12
2023-10-30 02:00:00.000,2023,10,30,2,29004KT,14,12
2023-10-30 03:00:00.000,2023,10,30,3,30004KT,14,12
2023-10-30 04:00:00.000,2023,10,30,4,VRB02KT,13,12
2023-10-30 05:00:00.000,2023,10,30,5,33004KT,12,12
2023-10-30 06:00:00.000,2023,10,30,6,04001KT,12,11
2023-10-30 07:00:00.000,2023,10,30,7,34004KT,11,10
2023-10-30 08:00:00.000,2023,10,30,8,VRB02KT,11,11
2023-10-30 09:00:00.000,2023,10,30,9,VRB02KT,11,10
2023-10-30 10:00:00.000,2023,10,30,10,VRB02KT,11,10
2023-10-30 10:32:00.000,2023,10,30,10,34004KT,09,09
2023-10-30 11:00:00.000,2023,10,30,11,33005KT,09,09
2023-10-30 12:00:00.000,2023,10,30,12,35002KT,10,10
2023-10-30 13:00:00.000,2023,10,30,13,VRB02KT,14,12
2023-10-30 14:00:00.000,2023,10,30,14,VRB02KT,16,12
2023-10-30 15:00:00.000,2023,10,30,15,06003KT,17,12
2023-10-30 16:00:00.000,2023,10,30,16,02003KT,20,12
2023-10-30 17:00:00.000,2023,10,30,17,02006KT,20,11
2023-10-30 18:00:00.000,2023,10,30,18,06006KT,20,10
2023-10-30 19:00:00.000,2023,10,30,19,24010KT,17,14
2023-10-30 20:00:00.000,2023,10,30,20,25008KT,17,13
2023-10-30 21:00:00.000,2023,10,30,21,29006KT,16,14
2023-10-30 22:00:00.000,2023,10,30,22,28007KT,15,13
2023-10-30 23:00:00.000,2023,10,30,23,31007KT,17,14
2023-10-31 00:00:00.000,2023,10,31,0,32003KT,13,12
2023-10-31 01:00:00.000,2023,10,31,1,VRB02KT,14,13
2023-10-31 02:00:00.000,2023,10,31,2,31006KT,14,13
2023-10-31 03:00:00.000,2023,10,31,3,02003KT,13,12
2023-10-31 04:00:00.000,2023,10,31,4,32004KT,14,13
2023-10-31 05:00:00.000,2023,10,31,5,VRB02KT,13,12
2023-10-31 06:00:00.000,2023,10,31,6,01004KT,12,12
2023-10-31 07:00:00.000,2023,10,31,7,32002KT,13,12
2023-10-31 08:00:00.000,2023,10,31,8,01003KT,11,11
2023-10-31 09:00:00.000,2023,10,31,9,07002KT,12,11
2023-10-31 10:00:00.000,2023,10,31,10,VRB02KT,12,11
2023-10-31 10:30:00.000,2023,10,31,10,VRB02KT,12,11
2023-10-31 11:00:00.000,2023,10,31,11,VRB02KT,12,11
2023-10-31 12:00:00.000,2023,10,31,12,34003KT,13,11
2023-10-31 13:00:00.000,2023,10,31,13,33003KT,14,12
2023-10-31 14:00:00.000,2023,10,31,14,VRB02KT,16,12
2023-10-31 15:00:00.000,2023,10,31,15,VRB03KT,18,11
2023-10-31 16:00:00.000,2023,10,31,16,31004KT,19,11
2023-10-31 17:00:00.000,2023,10,31,17,32005KT,19,11
2023-10-31 17:21:00.000,2023,10,31,17,26007KT,18,12
2023-10-31 18:00:00.000,2023,10,31,18,26010KT,16,14
2023-10-31 19:00:00.000,2023,10,31,19,29009KT,18,13
2023-10-31 20:00:00.000,2023,10,31,20,28010KT,18,13
2023-10-31 21:00:00.000,2023,10,31,21,23004KT,17,13
2023-10-31 22:00:00.000,2023,10,31,22,03003KT,16,12
2023-10-31 23:00:00.000,2023,10,31,23,27005KT,16,13
2023-11-01 00:00:00.000,2023,11,1,0,23004KT,15,13
2023-11-01 01:00:00.000,2023,11,1,1,23004KT,15,13
2023-11-01 02:00:00.000,2023,11,1,2,VRB02KT,13,12
2023-11-01 03:00:00.000,2023,11,1,3,28003KT,14,13
2023-11-01 04:00:00.000,2023,11,1,4,VRB02KT,12,12
2023-11-01 05:00:00.000,2023,11,1,5,25003KT,14,13
2023-11-01 06:00:00.000,2023,11,1,6,32007KT,13,12
2023-11-01 07:00:00.000,2023,11,1,7,31006KT,13,12
2023-11-01 08:00:00.000,2023,11,1,8,VRB02KT,13,11
2023-11-01 09:00:00.000,2023,11,1,9,VRB02KT,13,12
2023-11-01 10:00:00.000,2023,11,1,10,VRB02KT,13,12
2023-11-01 10:31:00.000,2023,11,1,10,27004KT,12,12
2023-11-01 11:00:00.000,2023,11,1,11,23004KT,13,12
2023-11-01 12:00:00.000,2023,11,1,12,22003KT,14,12
2023-11-01 13:00:00.000,2023,11,1,13,VRB02KT,14,12
2023-11-01 14:00:00.000,2023,11,1,14,VRB02KT,16,12
2023-11-01 15:00:00.000,2023,11,1,15,07003KT,17,12
2023-11-01 16:00:00.000,2023,11,1,16,27004KT,19,12
2023-11-01 17:00:00.000,2023,11,1,17,30005KT,20,11
2023-11-01 18:00:00.000,2023,11,1,18,27008KT,20,12
2023-11-01 19:00:00.000,2023,11,1,19,34010KT,19,13
2023-11-01 20:00:00.000,2023,11,1,20,32012KT,18,12
2023-11-01 21:00:00.000,2023,11,1,21,32011KT,15,14
2023-11-01 22:00:00.000,2023,11,1,22,30007KT,16,13
2023-11-01 23:00:00.000,2023,11,1,23,33005KT,13,12
2023-11-02 00:00:00.000,2023,11,2,0,34004KT,13,12
2023-11-02 01:00:00.000,2023,11,2,1,30004KT,13,12
2023-11-02 02:00:00.000,2023,11,2,2,29005KT,14,12
2023-11-02 03:00:00.000,2023,11,2,3,30005KT,13,12
2023-11-02 04:00:00.000,2023,11,2,4,32005KT,13,12
2023-11-02 05:00:00.000,2023,11,2,5,VRB02KT,13,12
2023-11-02 06:00:00.000,2023,11,2,6,30003KT,13,12
2023-11-02 07:00:00.000,2023,11,2,7,26003KT,13,12
2023-11-02 08:00:00.000,2023,11,2,8,VRB02KT,13,12
2023-11-02 09:00:00.000,2023,11,2,9,VRB02KT,12,12
2023-11-02 10:00:00.000,2023,11,2,10,VRB02KT,12,12
2023-11-02 10:30:00.000,2023,11,2,10,VRB01KT,12,12
2023-11-02 11:00:00.000,2023,11,2,11,VRB02KT,12,12
2023-11-02 12:00:00.000,2023,11,2,12,34002KT,14,13
2023-11-02 13:00:00.000,2023,11,2,13,04003KT,15,12
2023-11-02 14:00:00.000,2023,11,2,14,04004KT,18,12
2023-11-02 15:00:00.000,2023,11,2,15,32006KT,18,13
2023-11-02 16:00:00.000,2023,11,2,16,32006KT,17,13
2023-11-02 16:14:00.000,2023,11,2,16,15012KT,15,13
2023-11-02 17:00:00.000,2023,11,2,17,17005KT,13,13
2023-11-02 18:00:00.000,2023,11,2,18,14007KT,14,12
2023-11-02 19:00:00.000,2023,11,2,19,14006KT,15,13
2023-11-02 20:00:00.000,2023,11,2,20,10003KT,16,12
2023-11-02 20:19:00.000,2023,11,2,20,01005KT,14,13
2023-11-02 21:00:00.000,2023,11,2,21,01003KT,14,13
2023-11-02 22:00:00.000,2023,11,2,22,35004KT,14,13
2023-11-02 23:00:00.000,2023,11,2,23,31003KT,14,13
2023-11-03 00:00:00.000,2023,11,3,0,26004KT,13,13
2023-11-03 01:00:00.000,2023,11,3,1,28004KT,14,13
2023-11-03 02:00:00.000,2023,11,3,2,35004KT,13,12
2023-11-03 03:00:00.000,2023,11,3,3,VRB02KT,13,12
2023-11-03 04:00:00.000,2023,11,3,4,VRB02KT,12,12
2023-11-03 05:00:00.000,2023,11,3,5,VRB02KT,12,12
2023-11-03 06:00:00.000,2023,11,3,6,VRB02KT,12,12
2023-11-03 07:00:00.000,2023,11,3,7,VRB02KT,12,11
2023-11-03 08:00:00.000,2023,11,3,8,VRB02KT,13,12
2023-11-03 09:00:00.000,2023,11,3,9,VRB02KT,12,11
2023-11-03 10:00:00.000,2023,11,3,10,VRB02KT,12,12
2023-11-03 10:32:00.000,2023,11,3,10,VRB02KT,12,12
2023-11-03 11:00:00.000,2023,11,3,11,VRB02KT,12,11
2023-11-03 12:00:00.000,2023,11,3,12,VRB02KT,13,13
2023-11-03 13:00:00.000,2023,11,3,13,03003KT,14,12
2023-11-03 14:00:00.000,2023,11,3,14,VRB02KT,17,13
2023-11-03 15:00:00.000,2023,11,3,15,VRB02KT,18,12
2023-11-03 15:28:00.000,2023,11,3,15,VRB01KT,20,11
2023-11-03 16:00:00.000,2023,11,3,16,35003KT,20,12
2023-11-03 17:00:00.000,2023,11,3,17,24003KT,20,11
2023-11-03 18:00:00.000,2023,11,3,18,24014KT,17,13
2023-11-03 19:00:00.000,2023,11,3,19,26011KT,16,13
2023-11-03 20:00:00.000,2023,11,3,20,28006KT,15,13
2023-11-03 21:00:00.000,2023,11,3,21,29004KT,16,14
2023-11-03 22:00:00.000,2023,11,3,22,VRB01KT,15,14
2023-11-03 23:00:00.000,2023,11,3,23,VRB02KT,16,13
2023-11-04 00:00:00.000,2023,11,4,0,VRB02KT,14,13
2023-11-04 01:00:00.000,2023,11,4,1,02005KT,14,13
2023-11-04 02:00:00.000,2023,11,4,2,04004KT,14,13
2023-11-04 03:00:00.000,2023,11,4,3,02004KT,14,13
2023-11-04 04:00:00.000,2023,11,4,4,04004KT,14,13
2023-11-04 05:00:00.000,2023,11,4,5,VRB02KT,13,13
2023-11-04 06:00:00.000,2023,11,4,6,VRB02KT,13,13
2023-11-04 07:00:00.000,2023,11,4,7,03005KT,13,13
2023-11-04 08:00:00.000,2023,11,4,8,03006KT,13,12
2023-11-04 09:00:00.000,2023,11,4,9,VRB02KT,12,12
2023-11-04 10:00:00.000,2023,11,4,10,06004KT,12,12
2023-11-04 10:30:00.000,2023,11,4,10,03004KT,12,12
2023-11-04 11:00:00.000,2023,11,4,11,04003KT,12,12
2023-11-04 12:00:00.000,2023,11,4,12,07003KT,13,13
2023-11-04 13:00:00.000,2023,11,4,13,04003KT,13,13
2023-11-04 14:00:00.000,2023,11,4,14,04004KT,14,13
2023-11-04 15:00:00.000,2023,11,4,15,07004KT,16,14
2023-11-04 16:00:00.000,2023,11,4,16,13004KT,17,12
2023-11-04 17:00:00.000,2023,11,4,17,16004KT,17,12
2023-11-04 18:00:00.000,2023,11,4,18,19004KT,17,11
2023-11-04 19:00:00.000,2023,11,4,19,16010KT,16,11
2023-11-04 20:00:00.000,2023,11,4,20,08006KT,18,11
2023-11-04 21:00:00.000,2023,11,4,21,07007KT,18,11
2023-11-04 22:00:00.000,2023,11,4,22,25010KT,16,13
2023-11-04 23:00:00.000,2023,11,4,23,23003KT,14,13
2023-11-05 00:00:00.000,2023,11,5,0,VRB02KT,12,12
2023-11-05 01:00:00.000,2023,11,5,1,26004KT,14,12
2023-11-05 02:00:00.000,2023,11,5,2,VRB02KT,12,12
2023-11-05 03:00:00.000,2023,11,5,3,VRB02KT,11,11
2023-11-05 04:00:00.000,2023,11,5,4,02002KT,11,11
2023-11-05 05:00:00.000,2023,11,5,5,02003KT,11,11
2023-11-05 06:00:00.000,2023,11,5,6,29003KT,11,11
2023-11-05 07:00:00.000,2023,11,5,7,VRB02KT,11,11
2023-11-05 08:00:00.000,2023,11,5,8,VRB02KT,12,11
2023-11-05 09:00:00.000,2023,11,5,9,VRB02KT,11,11
2023-11-05 10:00:00.000,2023,11,5,10,VRB02KT,11,11
2023-11-05 10:30:00.000,2023,11,5,10,VRB02KT,11,11
2023-11-05 11:00:00.000,2023,11,5,11,VRB02KT,11,11
2023-11-05 12:00:00.000,2023,11,5,12,VRB02KT,12,12
2023-11-05 13:00:00.000,2023,11,5,13,05004KT,15,12
2023-11-05 14:00:00.000,2023,11,5,14,06004KT,17,12
2023-11-05 15:00:00.000,2023,11,5,15,08005KT,18,10
2023-11-05 16:00:00.000,2023,11,5,16,05003KT,18,11
2023-11-05 17:00:00.000,2023,11,5,17,26008KT,17,12
2023-11-05 18:00:00.000,2023,11,5,18,27012KT,17,12
2023-11-05 19:00:00.000,2023,11,5,19,26004KT,18,13
2023-11-05 20:00:00.000,2023,11,5,20,36004KT,18,12
2023-11-05 21:00:00.000,2023,11,5,21,28010KT,17,13
2023-11-05 22:00:00.000,2023,11,5,22,29013KT,18,13
2023-11-05 23:00:00.000,2023,11,5,23,30006KT,16,12
2023-11-06 00:00:00.000,2023,11,6,0,VRB02KT,16,12
2023-11-06 01:00:00.000,2023,11,6,1,VRB02KT,16,12
2023-11-06 02:00:00.000,2023,11,6,2,02003KT,15,13
2023-11-06 03:00:00.000,2023,11,6,3,02004KT,14,13
2023-11-06 04:00:00.000,2023,11,6,4,VRB02KT,13,12
2023-11-06 05:00:00.000,2023,11,6,5,02005KT,13,12
2023-11-06 06:00:00.000,2023,11,6,6,34003KT,13,12
2023-11-06 07:00:00.000,2023,11,6,7,31003KT,13,12
2023-11-06 08:00:00.000,2023,11,6,8,VRB02KT,13,12
2023-11-06 09:00:00.000,2023,11,6,9,05003KT,13,12
2023-11-06 10:00:00.000,2023,11,6,10,05003KT,13,12
2023-11-06 10:30:00.000,2023,11,6,10,07003KT,13,12
2023-11-06 11:00:00.000,2023,11,6,11,VRB02KT,13,12
2023-11-06 12:00:00.000,2023,11,6,12,02003KT,15,11
2023-11-06 13:00:00.000,2023,11,6,13,04003KT,15,12
2023-11-06 14:00:00.000,2023,11,6,14,VRB02KT,16,12
2023-11-06 15:00:00.000,2023,11,6,15,03003KT,17,12
2023-11-06 16:00:00.000,2023,11,6,16,01003KT,16,13
2023-11-06 17:00:00.000,2023,11,6,17,28008KT,16,14
2023-11-06 18:00:00.000,2023,11,6,18,29011KT,16,13
2023-11-06 19:00:00.000,2023,11,6,19,28010KT,17,13
2023-11-06 20:00:00.000,2023,11,6,20,29007KT,16,13
2023-11-06 21:00:00.000,2023,11,6,21,VRB03KT,16,13
2023-11-06 22:00:00.000,2023,11,6,22,VRB03KT,16,13
2023-11-06 23:00:00.000,2023,11,6,23,VRB02KT,15,12
2023-11-07 00:00:00.000,2023,11,7,0,00000KT,13,13
2023-11-07 01:00:00.000,2023,11,7,1,VRB02KT,14,12
2023-11-07 02:00:00.000,2023,11,7,2,02002KT,14,13
2023-11-07 03:00:00.000,2023,11,7,3,VRB01KT,13,12
2023-11-07 04:00:00.000,2023,11,7,4,02003KT,14,12
2023-11-07 05:00:00.000,2023,11,7,5,03004KT,13,12
2023-11-07 06:00:00.000,2023,11,7,6,03004KT,13,12
2023-11-07 07:00:00.000,2023,11,7,7,06005KT,13,12
2023-11-07 08:00:00.000,2023,11,7,8,01003KT,13,12
2023-11-07 09:00:00.000,2023,11,7,9,04003KT,12,12
2023-11-07 10:00:00.000,2023,11,7,10,04003KT,12,11
2023-11-07 10:30:00.000,2023,11,7,10,06003KT,12,11
2023-11-07 11:00:00.000,2023,11,7,11,07003KT,12,12
2023-11-07 12:00:00.000,2023,11,7,12,VRB02KT,13,12
2023-11-07 13:00:00.000,2023,11,7,13,06005KT,16,12
2023-11-07 14:00:00.000,2023,11,7,14,07004KT,18,11
2023-11-07 15:00:00.000,2023,11,7,15,08004KT,20,10
2023-11-07 16:00:00.000,2023,11,7,16,13004KT,19,10
2023-11-07 17:00:00.000,2023,11,7,17,25008KT,16,12
2023-11-07 18:00:00.000,2023,11,7,18,25006KT,18,13
2023-11-07 19:00:00.000,2023,11,7,19,30007KT,20,13
2023-11-07 20:00:00.000,2023,11,7,20,25009KT,17,15
2023-11-07 21:00:00.000,2023,11,7,21,25010KT,18,14
2023-11-07 22:00:00.000,2023,11,7,22,33008KT,17,13
2023-11-07 23:00:00.000,2023,11,7,23,32004KT,15,14
2023-11-08 00:00:00.000,2023,11,8,0,VRB02KT,14,14
2023-11-08 01:00:00.000,2023,11,8,1,VRB02KT,14,13
2023-11-08 02:00:00.000,2023,11,8,2,VRB02KT,13,13
2023-11-08 03:00:00.000,2023,11,8,3,VRB02KT,12,12
2023-11-08 04:00:00.000,2023,11,8,4,VRB02KT,12,11
2023-11-08 05:00:00.000,2023,11,8,5,03004KT,11,10
2023-11-08 06:00:00.000,2023,11,8,6,08003KT,12,11
2023-11-08 07:00:00.000,2023,11,8,7,VRB02KT,11,10
2023-11-08 08:00:00.000,2023,11,8,8,VRB02KT,10,09
2023-11-08 09:00:00.000,2023,11,8,9,VRB02KT,10,09
2023-11-08 10:00:00.000,2023,11,8,10,VRB02KT,10,09
2023-11-08 10:30:00.000,2023,11,8,10,VRB02KT,12,11
2023-11-08 11:00:00.000,2023,11,8,11,35004KT,12,11
2023-11-08 12:00:00.000,2023,11,8,12,VRB02KT,13,12
2023-11-08 13:00:00.000,2023,11,8,13,VRB02KT,15,13
2023-11-08 14:00:00.000,2023,11,8,14,21004KT,16,12
2023-11-08 15:00:00.000,2023,11,8,15,14008KT,19,12
2023-11-08 16:00:00.000,2023,11,8,16,15016KT,19,11
2023-11-08 17:00:00.000,2023,11,8,17,16013KT,20,11
2023-11-08 18:00:00.000,2023,11,8,18,07004KT,19,11
2023-11-08 19:00:00.000,2023,11,8,19,02008KT,19,12
2023-11-08 20:00:00.000,2023,11,8,20,26007KT,20,13
2023-11-08 21:00:00.000,2023,11,8,21,30008KT,19,12
2023-11-08 22:00:00.000,2023,11,8,22,24008KT,19,11
2023-11-08 23:00:00.000,2023,11,8,23,25005KT,17,10
2023-11-09 00:00:00.000,2023,11,9,0,28003KT,17,11
2023-11-09 01:00:00.000,2023,11,9,1,VRB02KT,15,13
2023-11-09 02:00:00.000,2023,11,9,2,VRB02KT,15,13
2023-11-09 03:00:00.000,2023,11,9,3,04005KT,15,13
2023-11-09 04:00:00.000,2023,11,9,4,03004KT,14,12
2023-11-09 05:00:00.000,2023,11,9,5,05004KT,14,12
2023-11-09 06:00:00.000,2023,11,9,6,03005KT,13,12
2023-11-09 07:00:00.000,2023,11,9,7,05005KT,12,11
2023-11-09 08:00:00.000,2023,11,9,8,06005KT,12,11
2023-11-09 09:00:00.000,2023,11,9,9,05005KT,11,10
2023-11-09 10:00:00.000,2023,11,9,10,05006KT,11,10
2023-11-09 10:30:00.000,2023,11,9,10,03005KT,10,09
2023-11-09 11:00:00.000,2023,11,9,11,04004KT,10,09
2023-11-09 12:00:00.000,2023,11,9,12,06005KT,14,11
2023-11-09 13:00:00.000,2023,11,9,13,08004KT,17,11
2023-11-09 14:00:00.000,2023,11,9,14,17006KT,17,10
2023-11-09 15:00:00.000,2023,11,9,15,07005KT,18,10
2023-11-09 16:00:00.000,2023,11,9,16,10008KT,18,10
2023-11-09 17:00:00.000,2023,11,9,17,13008KT,19,10
2023-11-09 18:00:00.000,2023,11,9,18,13008KT,20,10
2023-11-09 19:00:00.000,2023,11,9,19,14009KT,19,10
2023-11-09 20:00:00.000,2023,11,9,20,10008KT,20,10
2023-11-09 21:00:00.000,2023,11,9,21,07009KT,20,11
2023-11-09 22:00:00.000,2023,11,9,22,07005KT,19,11
2023-11-09 23:00:00.000,2023,11,9,23,12006KT,17,11
2023-11-10 00:00:00.000,2023,11,10,0,12004KT,16,11
2023-11-10 01:00:00.000,2023,11,10,1,06005KT,15,11
2023-11-10 02:00:00.000,2023,11,10,2,06006KT,14,11
2023-11-10 03:00:00.000,2023,11,10,3,06005KT,14,11
2023-11-10 04:00:00.000,2023,11,10,4,06005KT,13,11
2023-11-10 05:00:00.000,2023,11,10,5,04004KT,13,11
2023-11-10 06:00:00.000,2023,11,10,6,VRB02KT,13,11
2023-11-10 07:00:00.000,2023,11,10,7,VRB02KT,12,11
2023-11-10 08:00:00.000,2023,11,10,8,12004KT,11,10
2023-11-10 09:00:00.000,2023,11,10,9,01004KT,12,11
2023-11-10 10:00:00.000,2023,11,10,10,VRB02KT,12,11
2023-11-10 10:30:00.000,2023,11,10,10,07004KT,12,10
2023-11-10 11:00:00.000,2023,11,10,11,VRB02KT,13,11
2023-11-10 12:00:00.000,2023,11,10,12,04003KT,14,11
2023-11-10 13:00:00.000,2023,11,10,13,04006KT,16,11
2023-11-10 14:00:00.000,2023,11,10,14,07007KT,17,13
2023-11-10 15:00:00.000,2023,11,10,15,06004KT,16,13
2023-11-10 16:00:00.000,2023,11,10,16,14009KT,17,12
2023-11-10 17:00:00.000,2023,11,10,17,18005KT,19,13
2023-11-10 17:20:00.000,2023,11,10,17,24008KT,17,13
2023-11-10 18:00:00.000,2023,11,10,18,15011KT,18,13
2023-11-10 18:17:00.000,2023,11,10,18,14009KT,15,13
2023-11-10 19:00:00.000,2023,11,10,19,12008KT,19,12
2023-11-10 20:00:00.000,2023,11,10,20,15009KT,19,11
2023-11-10 21:00:00.000,2023,11,10,21,07005KT,20,11
2023-11-10 22:00:00.000,2023,11,10,22,09005KT,17,11
2023-11-10 23:00:00.000,2023,11,10,23,07006KT,16,12
2023-11-11 00:00:00.000,2023,11,11,0,08006KT,16,11
2023-11-11 01:00:00.000,2023,11,11,1,10005KT,16,10
2023-11-11 02:00:00.000,2023,11,11,2,06003KT,12,11
2023-11-11 03:00:00.000,2023,11,11,3,11004KT,14,11
2023-11-11 04:00:00.000,2023,11,11,4,03004KT,11,10
2023-11-11 05:00:00.000,2023,11,11,5,VRB02KT,13,10
2023-11-11 06:00:00.000,2023,11,11,6,36004KT,12,11
2023-11-11 07:00:00.000,2023,11,11,7,VRB02KT,12,10
2023-11-11 08:00:00.000,2023,11,11,8,04003KT,12,11
2023-11-11 09:00:00.000,2023,11,11,9,VRB02KT,12,10
2023-11-11 10:00:00.000,2023,11,11,10,VRB02KT,11,11
2023-11-11 11:00:00.000,2023,11,11,11,04008KT,12,11
2023-11-11 12:00:00.000,2023,11,11,12,06005KT,13,11
2023-11-11 13:00:00.000,2023,11,11,13,07007KT,15,12
2023-11-11 14:00:00.000,2023,11,11,14,08008KT,17,11
2023-11-11 15:00:00.000,2023,11,11,15,14008KT,17,10
2023-11-11 16:00:00.000,2023,11,11,16,11008KT,18,10
2023-11-11 17:00:00.000,2023,11,11,17,15007KT,19,11
2023-11-11 18:00:00.000,2023,11,11,18,12010KT,18,10
2023-11-11 19:00:00.000,2023,11,11,19,11006KT,19,11
2023-11-11 20:00:00.000,2023,11,11,20,13008KT,19,11
2023-11-11 21:00:00.000,2023,11,11,21,16006KT,19,10
2023-11-11 22:00:00.000,2023,11,11,22,16004KT,20,10
2023-11-11 23:00:00.000,2023,11,11,23,11006KT,18,10
2023-11-12 00:00:00.000,2023,11,12,0,13006KT,16,10
2023-11-12 01:00:00.000,2023,11,12,1,05003KT,13,11
2023-11-12 02:00:00.000,2023,11,12,2,03004KT,13,11
2023-11-12 03:00:00.000,2023,11,12,3,04004KT,13,12
2023-11-12 04:00:00.000,2023,11,12,4,33004KT,13,11
2023-11-12 05:00:00.000,2023,11,12,5,34004KT,13,11
2023-11-12 06:00:00.000,2023,11,12,6,06006KT,13,12
2023-11-12 07:00:00.000,2023,11,12,7,VRB02KT,12,12
2023-11-12 08:00:00.000,2023,11,12,8,VRB02KT,12,12
2023-11-12 09:00:00.000,2023,11,12,9,03004KT,11,10
2023-11-12 10:00:00.000,2023,11,12,10,04005KT,11,11
2023-11-12 10:30:00.000,2023,11,12,10,05006KT,12,11
2023-11-12 11:00:00.000,2023,11,12,11,06005KT,12,11
2023-11-12 12:00:00.000,2023,11,12,12,06004KT,13,12
2023-11-12 12:31:00.000,2023,11,12,12,06006KT,15,13
2023-11-12 13:00:00.000,2023,11,12,13,06006KT,16,13
2023-11-12 14:00:00.000,2023,11,12,14,07006KT,17,11
2023-11-12 15:00:00.000,2023,11,12,15,05008KT,18,11
2023-11-12 16:00:00.000,2023,11,12,16,05007KT,18,12
2023-11-12 17:00:00.000,2023,11,12,17,11007KT,19,11
2023-11-12 18:00:00.000,2023,11,12,18,05007KT,20,11
2023-11-12 19:00:00.000,2023,11,12,19,13006KT,19,11
2023-11-12 20:00:00.000,2023,11,12,20,03009KT,19,11
2023-11-12 21:00:00.000,2023,11,12,21,07005KT,19,11
2023-11-12 22:00:00.000,2023,11,12,22,09003KT,20,11
2023-11-12 23:00:00.000,2023,11,12,23,15004KT,18,10
2023-11-13 00:00:00.000,2023,11,13,0,25006KT,16,14
2023-11-13 01:00:00.000,2023,11,13,1,VRB02KT,14,13
2023-11-13 02:00:00.000,2023,11,13,2,VRB02KT,12,12
2023-11-13 03:00:00.000,2023,11,13,3,VRB02KT,13,12
2023-11-13 04:00:00.000,2023,11,13,4,VRB02KT,11,11
2023-11-13 05:00:00.000,2023,11,13,5,04004KT,10,10
2023-11-13 06:00:00.000,2023,11,13,6,VRB02KT,11,11
2023-11-13 07:00:00.000,2023,11,13,7,VRB02KT,11,11
2023-11-13 08:00:00.000,2023,11,13,8,VRB02KT,10,10
2023-11-13 09:00:00.000,2023,11,13,9,VRB02KT,08,08
2023-11-13 10:00:00.000,2023,11,13,10,VRB02KT,08,08
2023-11-13 11:00:00.000,2023,11,13,11,06003KT,09,09
2023-11-13 12:00:00.000,2023,11,13,12,VRB02KT,12,09
2023-11-13 13:00:00.000,2023,11,13,13,VRB02KT,16,12
2023-11-13 14:00:00.000,2023,11,13,14,21005KT,19,12
2023-11-13 15:00:00.000,2023,11,13,15,16008KT,20,10
2023-11-13 15:43:00.000,2023,11,13,15,14008KT,20,10
2023-11-13 16:00:00.000,2023,11,13,16,14008KT,19,09
2023-11-13 17:00:00.000,2023,11,13,17,VRB05KT,20,10
2023-11-13 18:00:00.000,2023,11,13,18,10006KT,21,10
2023-11-13 19:00:00.000,2023,11,13,19,08008KT,21,11
2023-11-13 20:00:00.000,2023,11,13,20,12007KT,21,10
2023-11-13 21:00:00.000,2023,11,13,21,14006KT,20,10
2023-11-13 22:00:00.000,2023,11,13,22,23006KT,19,15
2023-11-13 23:00:00.000,2023,11,13,23,20003KT,17,15
2023-11-14 00:00:00.000,2023,11,14,0,22005KT,16,14
2023-11-14 01:00:00.000,2023,11,14,1,VRB02KT,15,13
2023-11-14 02:00:00.000,2023,11,14,2,35003KT,14,13
2023-11-14 03:00:00.000,2023,11,14,3,36003KT,14,11
2023-11-14 04:00:00.000,2023,11,14,4,06005KT,13,11
2023-11-14 05:00:00.000,2023,11,14,5,05003KT,12,10
2023-11-14 06:00:00.000,2023,11,14,6,03004KT,12,10
2023-11-14 07:00:00.000,2023,11,14,7,03006KT,12,10
2023-11-14 08:00:00.000,2023,11,14,8,04005KT,12,10
2023-11-14 09:00:00.000,2023,11,14,9,04007KT,12,11
2023-11-14 10:00:00.000,2023,11,14,10,07003KT,12,11
2023-11-14 10:30:00.000,2023,11,14,10,VRB02KT,12,11
2023-11-14 11:00:00.000,2023,11,14,11,VRB02KT,12,10
2023-11-14 12:00:00.000,2023,11,14,12,VRB02KT,15,12
2023-11-14 13:00:00.000,2023,11,14,13,06004KT,18,11
2023-11-14 14:00:00.000,2023,11,14,14,07004KT,19,11
2023-11-14 15:00:00.000,2023,11,14,15,07008KT,20,12
2023-11-14 16:00:00.000,2023,11,14,16,13011KT,22,11
2023-11-14 17:00:00.000,2023,11,14,17,13012KT,21,10
2023-11-14 18:00:00.000,2023,11,14,18,15011KT,22,11
2023-11-14 19:00:00.000,2023,11,14,19,14011KT,21,12
2023-11-14 20:00:00.000,2023,11,14,20,14007KT,21,10
2023-11-14 21:00:00.000,2023,11,14,21,12008KT,21,11
2023-11-14 22:00:00.000,2023,11,14,22,12008KT,19,10
2023-11-14 23:00:00.000,2023,11,14,23,11006KT,18,10
2023-11-15 00:00:00.000,2023,11,15,0,09004KT,17,11
2023-11-15 01:00:00.000,2023,11,15,1,23004KT,17,11
2023-11-15 02:00:00.000,2023,11,15,2,34005KT,14,12
2023-11-15 03:00:00.000,2023,11,15,3,02004KT,13,11
2023-11-15 04:00:00.000,2023,11,15,4,VRB02KT,13,11
2023-11-15 05:00:00.000,2023,11,15,5,03006KT,12,11
2023-11-15 06:00:00.000,2023,11,15,6,05004KT,13,11
2023-11-15 07:00:00.000,2023,11,15,7,07004KT,14,12
2023-11-15 08:00:00.000,2023,11,15,8,06004KT,13,12
2023-11-15 09:00:00.000,2023,11,15,9,04004KT,13,11
2023-11-15 10:00:00.000,2023,11,15,10,VRB02KT,13,11
2023-11-15 10:30:00.000,2023,11,15,10,04003KT,12,11
2023-11-15 11:00:00.000,2023,11,15,11,04003KT,12,11
2023-11-15 12:00:00.000,2023,11,15,12,VRB02KT,14,12
2023-11-15 13:00:00.000,2023,11,15,13,05006KT,15,12
2023-11-15 14:00:00.000,2023,11,15,14,33007KT,17,12
2023-11-15 15:00:00.000,2023,11,15,15,35004KT,18,11
2023-11-15 16:00:00.000,2023,11,15,16,13008KT,19,10
2023-11-15 17:00:00.000,2023,11,15,17,14008KT,20,10
2023-11-15 18:00:00.000,2023,11,15,18,18005KT,21,10
2023-11-15 19:00:00.000,2023,11,15,19,29006KT,20,10
2023-11-15 19:15:00.000,2023,11,15,19,31008KT,16,14
2023-11-15 20:00:00.000,2023,11,15,20,28010KT,15,14
2023-11-15 21:00:00.000,2023,11,15,21,32009KT,17,13
2023-11-15 22:00:00.000,2023,11,15,22,33006KT,15,13
2023-11-15 23:00:00.000,2023,11,15,23,VRB02KT,14,12
2023-11-16 00:00:00.000,2023,11,16,0,VRB02KT,13,12
2023-11-16 01:00:00.000,2023,11,16,1,34003KT,13,12
2023-11-16 02:00:00.000,2023,11,16,2,VRB02KT,13,13
2023-11-16 03:00:00.000,2023,11,16,3,04004KT,13,12
2023-11-16 04:00:00.000,2023,11,16,4,04004KT,12,11
2023-11-16 05:00:00.000,2023,11,16,5,06004KT,12,11
2023-11-16 06:00:00.000,2023,11,16,6,05005KT,11,10
2023-11-16 07:00:00.000,2023,11,16,7,05006KT,11,10
2023-11-16 08:00:00.000,2023,11,16,8,05006KT,10,09
2023-11-16 09:00:00.000,2023,11,16,9,05005KT,10,09
2023-11-16 10:00:00.000,2023,11,16,10,05005KT,10,09
2023-11-16 10:30:00.000,2023,11,16,10,04005KT,10,09
2023-11-16 11:00:00.000,2023,11,16,11,06004KT,10,09
2023-11-16 12:00:00.000,2023,11,16,12,04005KT,13,10
2023-11-16 13:00:00.000,2023,11,16,13,07007KT,17,11
2023-11-16 14:00:00.000,2023,11,16,14,05007KT,17,11
2023-11-16 15:00:00.000,2023,11,16,15,14011KT,21,09
2023-11-16 16:00:00.000,2023,11,16,16,17009KT,21,08
2023-11-16 17:00:00.000,2023,11,16,17,17007KT,23,08
2023-11-16 18:00:00.000,2023,11,16,18,18006KT,21,11
2023-11-16 19:00:00.000,2023,11,16,19,20003KT,21,11
2023-11-16 20:00:00.000,2023,11,16,20,17006KT,22,12
2023-11-16 21:00:00.000,2023,11,16,21,29008KT,19,12
2023-11-16 22:00:00.000,2023,11,16,22,34006KT,19,12
2023-11-16 23:00:00.000,2023,11,16,23,24005KT,18,11
2023-11-17 00:00:00.000,2023,11,17,0,23006KT,17,11
2023-11-17 01:00:00.000,2023,11,17,1,VRB02KT,14,08
2023-11-17 02:00:00.000,2023,11,17,2,04003KT,12,09
2023-11-17 03:00:00.000,2023,11,17,3,05006KT,12,09
2023-11-17 04:00:00.000,2023,11,17,4,04005KT,11,09
2023-11-17 05:00:00.000,2023,11,17,5,05005KT,11,09
2023-11-17 06:00:00.000,2023,11,17,6,36003KT,09,08
2023-11-17 07:00:00.000,2023,11,17,7,36003KT,09,08
2023-11-17 08:00:00.000,2023,11,17,8,VRB02KT,07,07
2023-11-17 09:00:00.000,2023,11,17,9,VRB02KT,08,08
2023-11-17 10:00:00.000,2023,11,17,10,VRB02KT,07,07
2023-11-17 10:30:00.000,2023,11,17,10,08004KT,08,08
2023-11-17 11:00:00.000,2023,11,17,11,13003KT,09,08
2023-11-17 12:00:00.000,2023,11,17,12,02003KT,10,08
2023-11-17 13:00:00.000,2023,11,17,13,05004KT,13,09
2023-11-17 14:00:00.000,2023,11,17,14,13003KT,17,07
2023-11-17 15:00:00.000,2023,11,17,15,04005KT,19,09
2023-11-17 16:00:00.000,2023,11,17,16,15006KT,21,09
2023-11-17 17:00:00.000,2023,11,17,17,21005KT,22,06
2023-11-17 18:00:00.000,2023,11,17,18,19008KT,24,06
2023-11-17 18:02:00.000,2023,11,17,18,21008KT,23,10
2023-11-17 19:00:00.000,2023,11,17,19,21014KT,22,12
2023-11-17 20:00:00.000,2023,11,17,20,26013KT,21,13
2023-11-17 21:00:00.000,2023,11,17,21,29010KT,20,13
2023-11-17 22:00:00.000,2023,11,17,22,29010KT,19,12
2023-11-17 23:00:00.000,2023,11,17,23,33008KT,16,11
2023-11-18 00:00:00.000,2023,11,18,0,VRB02KT,14,11
2023-11-18 01:00:00.000,2023,11,18,1,VRB02KT,14,12
2023-11-18 02:00:00.000,2023,11,18,2,34004KT,14,11
2023-11-18 03:00:00.000,2023,11,18,3,05005KT,14,11
2023-11-18 04:00:00.000,2023,11,18,4,03005KT,14,11
2023-11-18 05:00:00.000,2023,11,18,5,05004KT,14,11
2023-11-18 06:00:00.000,2023,11,18,6,06004KT,13,11
2023-11-18 07:00:00.000,2023,11,18,7,VRB02KT,13,10
2023-11-18 08:00:00.000,2023,11,18,8,VRB02KT,13,11
2023-11-18 09:00:00.000,2023,11,18,9,VRB02KT,12,11
2023-11-18 10:00:00.000,2023,11,18,10,VRB02KT,12,10
2023-11-18 10:30:00.000,2023,11,18,10,03004KT,12,10
2023-11-18 11:00:00.000,2023,11,18,11,01004KT,12,10
2023-11-18 12:00:00.000,2023,11,18,12,02003KT,14,11
2023-11-18 13:00:00.000,2023,11,18,13,04005KT,17,10
2023-11-18 14:00:00.000,2023,11,18,14,35006KT,17,11
2023-11-18 15:00:00.000,2023,11,18,15,32006KT,17,11
2023-11-18 16:00:00.000,2023,11,18,16,25012KT,16,12
2023-11-18 17:00:00.000,2023,11,18,17,26010KT,15,12
2023-11-18 18:00:00.000,2023,11,18,18,25010KT,17,11
2023-11-18 19:00:00.000,2023,11,18,19,30006KT,19,11
2023-11-18 20:00:00.000,2023,11,18,20,32007KT,19,10
2023-11-18 21:00:00.000,2023,11,18,21,30012KT,20,10
2023-11-18 22:00:00.000,2023,11,18,22,27007KT,19,10
2023-11-18 23:00:00.000,2023,11,18,23,25008KT,17,09
2023-11-19 00:00:00.000,2023,11,19,0,30006KT,15,09
2023-11-19 01:00:00.000,2023,11,19,1,29005KT,15,09
2023-11-19 02:00:00.000,2023,11,19,2,23004KT,15,09
2023-11-19 03:00:00.000,2023,11,19,3,25004KT,14,09
2023-11-19 04:00:00.000,2023,11,19,4,25004KT,15,10
2023-11-19 05:00:00.000,2023,11,19,5,26004KT,14,10
2023-11-19 06:00:00.000,2023,11,19,6,VRB03KT,14,10
2023-11-19 07:00:00.000,2023,11,19,7,29004KT,14,12
2023-11-19 08:00:00.000,2023,11,19,8,28003KT,12,11
2023-11-19 09:00:00.000,2023,11,19,9,VRB02KT,12,11
2023-11-19 10:00:00.000,2023,11,19,10,29005KT,13,12
2023-11-19 10:30:00.000,2023,11,19,10,30004KT,13,12
2023-11-19 11:00:00.000,2023,11,19,11,30004KT,12,11
2023-11-19 12:00:00.000,2023,11,19,12,VRB03KT,13,12
2023-11-19 13:00:00.000,2023,11,19,13,35003KT,14,13
2023-11-19 14:00:00.000,2023,11,19,14,VRB03KT,17,12
2023-11-19 15:00:00.000,2023,11,19,15,33004KT,18,12
2023-11-19 16:00:00.000,2023,11,19,16,32007KT,19,12
2023-11-19 17:00:00.000,2023,11,19,17,32013KT,19,13
2023-11-19 18:00:00.000,2023,11,19,18,31012KT,19,12
2023-11-19 19:00:00.000,2023,11,19,19,21010KT,17,13
2023-11-19 19:11:00.000,2023,11,19,19,21008KT,16,14
2023-11-19 20:00:00.000,2023,11,19,20,20009KT,15,14
2023-11-19 21:00:00.000,2023,11,19,21,02004KT,15,14
2023-11-19 22:00:00.000,2023,11,19,22,VRB02KT,14,13
2023-11-19 23:00:00.000,2023,11,19,23,34004KT,14,13
2023-11-20 00:00:00.000,2023,11,20,0,VRB02KT,13,13
2023-11-20 01:00:00.000,2023,11,20,1,01003KT,13,12
2023-11-20 02:00:00.000,2023,11,20,2,31004KT,13,12
2023-11-20 03:00:00.000,2023,11,20,3,VRB02KT,13,12
2023-11-20 04:00:00.000,2023,11,20,4,30004KT,13,12
2023-11-20 05:00:00.000,2023,11,20,5,35003KT,12,12
2023-11-20 06:00:00.000,2023,11,20,6,VRB02KT,12,12
2023-11-20 07:00:00.000,2023,11,20,7,VRB02KT,12,12
2023-11-20 08:00:00.000,2023,11,20,8,VRB02KT,12,12
2023-11-20 09:00:00.000,2023,11,20,9,00000KT,12,12
2023-11-20 10:00:00.000,2023,11,20,10,00000KT,12,12
2023-11-20 17:00:00.000,2023,11,20,17,31008KT,18,13
2023-11-20 18:00:00.000,2023,11,20,18,32010KT,20,12
2023-11-20 19:00:00.000,2023,11,20,19,33012KT,19,13
2023-11-20 20:00:00.000,2023,11,20,20,30014KT,18,13
2023-11-20 21:00:00.000,2023,11,20,21,31013KT,16,13
2023-11-20 22:00:00.000,2023,11,20,22,31012KT,14,12
2023-11-20 23:00:00.000,2023,11,20,23,VRB02KT,14,12
2023-11-21 00:00:00.000,2023,11,21,0,VRB02KT,14,13
2023-11-21 01:00:00.000,2023,11,21,1,VRB02KT,13,12
2023-11-21 02:00:00.000,2023,11,21,2,VRB02KT,12,12
2023-11-21 03:00:00.000,2023,11,21,3,VRB02KT,13,12
2023-11-21 04:00:00.000,2023,11,21,4,VRB02KT,12,11
2023-11-21 05:00:00.000,2023,11,21,5,VRB02KT,11,11
2023-11-21 06:00:00.000,2023,11,21,6,VRB02KT,12,11
2023-11-21 07:00:00.000,2023,11,21,7,33005KT,11,10
2023-11-21 08:00:00.000,2023,11,21,8,29004KT,11,11
2023-11-21 09:00:00.000,2023,11,21,9,32003KT,09,09
2023-11-21 10:00:00.000,2023,11,21,10,VRB02KT,10,09
2023-11-21 10:30:00.000,2023,11,21,10,VRB02KT,10,10
2023-11-21 11:00:00.000,2023,11,21,11,VRB02KT,10,10
2023-11-21 12:00:00.000,2023,11,21,12,03002KT,12,11
2023-11-21 13:00:00.000,2023,11,21,13,11003KT,16,11
2023-11-21 14:00:00.000,2023,11,21,14,03005KT,17,11
2023-11-21 15:00:00.000,2023,11,21,15,35004KT,19,12
2023-11-21 16:00:00.000,2023,11,21,16,36003KT,19,11
2023-11-21 17:00:00.000,2023,11,21,17,32005KT,21,12
2023-11-21 18:00:00.000,2023,11,21,18,27012KT,19,12
2023-11-21 19:00:00.000,2023,11,21,19,29013KT,18,11
2023-11-21 20:00:00.000,2023,11,21,20,27012KT,19,12
2023-11-21 21:00:00.000,2023,11,21,21,26008KT,19,12
2023-11-21 22:00:00.000,2023,11,21,22,28012KT,18,12
2023-11-21 23:00:00.000,2023,11,21,23,29012KT,15,13
2023-11-22 00:00:00.000,2023,11,22,0,31004KT,14,12
2023-11-22 01:00:00.000,2023,11,22,1,VRB02KT,14,11
2023-11-22 02:00:00.000,2023,11,22,2,29005KT,14,11
2023-11-22 03:00:00.000,2023,11,22,3,29004KT,14,11
2023-11-22 04:00:00.000,2023,11,22,4,00000KT,13,11
2023-11-22 05:00:00.000,2023,11,22,5,VRB02KT,12,11
2023-11-22 06:00:00.000,2023,11,22,6,VRB02KT,13,12
2023-11-22 07:00:00.000,2023,11,22,7,VRB02KT,12,11
2023-11-22 08:00:00.000,2023,11,22,8,02002KT,11,10
2023-11-22 09:00:00.000,2023,11,22,9,36003KT,10,09
2023-11-22 10:00:00.000,2023,11,22,10,35002KT,08,08
2023-11-22 10:18:00.000,2023,11,22,10,33003KT,09,09
2023-11-22 10:31:00.000,2023,11,22,10,33003KT,09,09
2023-11-22 11:00:00.000,2023,11,22,11,34002KT,09,09
2023-11-22 11:29:00.000,2023,11,22,11,VRB02KT,10,10
2023-11-22 12:00:00.000,2023,11,22,12,VRB02KT,09,09
2023-11-22 12:13:00.000,2023,11,22,12,02003KT,11,11
2023-11-22 13:00:00.000,2023,11,22,13,35003KT,13,12
2023-11-22 14:00:00.000,2023,11,22,14,VRB02KT,16,12
2023-11-22 15:00:00.000,2023,11,22,15,33004KT,19,13
2023-11-22 16:00:00.000,2023,11,22,16,34007KT,19,11
2023-11-22 17:00:00.000,2023,11,22,17,30011KT,20,13
2023-11-22 18:00:00.000,2023,11,22,18,29015KT,19,12
2023-11-22 18:03:00.000,2023,11,22,18,27015KT,18,13
2023-11-22 18:29:00.000,2023,11,22,18,24008KT,13,13
2023-11-22 19:00:00.000,2023,11,22,19,30005KT,14,13
2023-11-22 20:00:00.000,2023,11,22,20,29008KT,17,13
2023-11-22 21:00:00.000,2023,11,22,21,25006KT,17,12
2023-11-22 22:00:00.000,2023,11,22,22,31006KT,17,13
2023-11-22 23:00:00.000,2023,11,22,23,32007KT,14,12
2023-11-23 00:00:00.000,2023,11,23,0,30005KT,14,12
2023-11-23 01:00:00.000,2023,11,23,1,26004KT,14,12
2023-11-23 02:00:00.000,2023,11,23,2,28004KT,13,12
2023-11-23 03:00:00.000,2023,11,23,3,VRB02KT,11,10
2023-11-23 04:00:00.000,2023,11,23,4,VRB02KT,12,11
2023-11-23 05:00:00.000,2023,11,23,5,VRB02KT,12,11
2023-11-23 06:00:00.000,2023,11,23,6,VRB02KT,10,10
2023-11-23 07:00:00.000,2023,11,23,7,VRB02KT,09,09
2023-11-23 08:00:00.000,2023,11,23,8,VRB02KT,09,08
2023-11-23 09:00:00.000,2023,11,23,9,VRB02KT,10,09
2023-11-23 10:00:00.000,2023,11,23,10,32004KT,09,09
2023-11-23 10:30:00.000,2023,11,23,10,VRB02KT,09,09
2023-11-23 11:00:00.000,2023,11,23,11,VRB02KT,09,09
2023-11-23 12:00:00.000,2023,11,23,12,02004KT,12,11
2023-11-23 13:00:00.000,2023,11,23,13,06004KT,14,12
2023-11-23 14:00:00.000,2023,11,23,14,VRB02KT,16,12
2023-11-23 15:00:00.000,2023,11,23,15,36004KT,18,11
2023-11-23 16:00:00.000,2023,11,23,16,01004KT,20,10
2023-11-23 17:00:00.000,2023,11,23,17,03007KT,20,10
2023-11-23 18:00:00.000,2023,11,23,18,25008KT,19,12
2023-11-23 19:00:00.000,2023,11,23,19,31011KT,18,13
2023-11-23 20:00:00.000,2023,11,23,20,27009KT,18,13
2023-11-23 21:00:00.000,2023,11,23,21,27009KT,18,13
2023-11-23 21:04:00.000,2023,11,23,21,26008KT,17,14
2023-11-23 22:00:00.000,2023,11,23,22,27005KT,16,14
2023-11-23 23:00:00.000,2023,11,23,23,21005KT,14,13
2023-11-24 00:00:00.000,2023,11,24,0,23003KT,14,13
2023-11-24 01:00:00.000,2023,11,24,1,32004KT,13,12
2023-11-24 02:00:00.000,2023,11,24,2,32004KT,13,12
2023-11-24 03:00:00.000,2023,11,24,3,VRB02KT,11,10
2023-11-24 04:00:00.000,2023,11,24,4,VRB02KT,11,11
2023-11-24 05:00:00.000,2023,11,24,5,VRB02KT,12,11
2023-11-24 06:00:00.000,2023,11,24,6,VRB02KT,11,10
2023-11-24 07:00:00.000,2023,11,24,7,01003KT,11,09
2023-11-24 08:00:00.000,2023,11,24,8,10005KT,12,09
2023-11-24 09:00:00.000,2023,11,24,9,08007KT,10,09
2023-11-24 10:00:00.000,2023,11,24,10,10009KT,10,08
2023-11-24 10:30:00.000,2023,11,24,10,01006KT,09,07
2023-11-24 11:00:00.000,2023,11,24,11,04009KT,09,08
2023-11-24 12:00:00.000,2023,11,24,12,05004KT,12,09
2023-11-24 13:00:00.000,2023,11,24,13,05003KT,14,09
2023-11-24 14:00:00.000,2023,11,24,14,06006KT,15,09
2023-11-24 15:00:00.000,2023,11,24,15,05006KT,16,10
2023-11-24 16:00:00.000,2023,11,24,16,05006KT,16,10
2023-11-24 17:00:00.000,2023,11,24,17,05003KT,17,11
2023-11-24 18:00:00.000,2023,11,24,18,VRB02KT,17,10
2023-11-24 19:00:00.000,2023,11,24,19,13005KT,18,10
2023-11-24 20:00:00.000,2023,11,24,20,15005KT,20,09
2023-11-24 21:00:00.000,2023,11,24,21,08006KT,18,10
2023-11-24 22:00:00.000,2023,11,24,22,09004KT,18,09
2023-11-24 23:00:00.000,2023,11,24,23,06006KT,15,10
2023-11-25 00:00:00.000,2023,11,25,0,11006KT,16,09
2023-11-25 01:00:00.000,2023,11,25,1,12006KT,16,09
2023-11-25 02:00:00.000,2023,11,25,2,08004KT,14,10
2023-11-25 04:00:00.000,2023,11,25,4,08005KT,14,10
2023-11-25 05:00:00.000,2023,11,25,5,08004KT,13,09
2023-11-25 06:00:00.000,2023,11,25,6,06005KT,12,09
2023-11-25 07:00:00.000,2023,11,25,7,03006KT,12,09
2023-11-25 08:00:00.000,2023,11,25,8,10004KT,12,09
2023-11-25 09:00:00.000,2023,11,25,9,34003KT,10,09
2023-11-25 10:00:00.000,2023,11,25,10,34004KT,09,08
2023-11-25 10:30:00.000,2023,11,25,10,VRB02KT,09,09
2023-11-25 11:00:00.000,2023,11,25,11,15003KT,10,09
2023-11-25 12:00:00.000,2023,11,25,12,VRB02KT,13,10
2023-11-25 13:00:00.000,2023,11,25,13,01004KT,14,10
2023-11-25 14:00:00.000,2023,11,25,14,05004KT,16,10
2023-11-25 15:00:00.000,2023,11,25,15,05003KT,18,10
2023-11-25 16:00:00.000,2023,11,25,16,01006KT,18,09
2023-11-25 17:00:00.000,2023,11,25,17,34003KT,19,09
2023-11-25 18:00:00.000,2023,11,25,18,12004KT,20,08
2023-11-25 19:00:00.000,2023,11,25,19,03005KT,19,09
2023-11-25 20:00:00.000,2023,11,25,20,27008KT,18,12
2023-11-25 21:00:00.000,2023,11,25,21,27006KT,17,12
2023-11-25 22:00:00.000,2023,11,25,22,30007KT,16,13
2023-11-25 23:00:00.000,2023,11,25,23,32006KT,14,12
2023-11-26 00:00:00.000,2023,11,26,0,33004KT,13,12
2023-11-26 01:00:00.000,2023,11,26,1,VRB02KT,14,13
2023-11-26 02:00:00.000,2023,11,26,2,VRB02KT,13,12
2023-11-26 03:00:00.000,2023,11,26,3,02003KT,13,12
2023-11-26 04:00:00.000,2023,11,26,4,15008KT,14,11
2023-11-26 05:00:00.000,2023,11,26,5,VRB02KT,14,10
2023-11-26 06:00:00.000,2023,11,26,6,35003KT,11,11
2023-11-26 07:00:00.000,2023,11,26,7,VRB02KT,11,11
2023-11-26 08:00:00.000,2023,11,26,8,06003KT,10,10
2023-11-26 09:00:00.000,2023,11,26,9,08003KT,10,10
2023-11-26 10:00:00.000,2023,11,26,10,04003KT,09,09
2023-11-26 10:29:00.000,2023,11,26,10,06004KT,10,09
2023-11-26 11:00:00.000,2023,11,26,11,08004KT,09,09
2023-11-26 12:00:00.000,2023,11,26,12,VRB02KT,11,10
2023-11-26 12:21:00.000,2023,11,26,12,05004KT,14,11
2023-11-26 13:00:00.000,2023,11,26,13,05005KT,15,11
2023-11-26 13:20:00.000,2023,11,26,13,09009KT,17,09
2023-11-26 14:00:00.000,2023,11,26,14,09008KT,18,09
2023-11-26 15:00:00.000,2023,11,26,15,14012KT,19,08
2023-11-26 16:00:00.000,2023,11,26,16,13014KT,20,08
2023-11-26 17:00:00.000,2023,11,26,17,11009KT,20,08
2023-11-26 18:00:00.000,2023,11,26,18,13019KT,19,09
2023-11-26 19:00:00.000,2023,11,26,19,13016KT,19,08
2023-11-26 20:00:00.000,2023,11,26,20,14014KT,20,09
2023-11-26 21:00:00.000,2023,11,26,21,13013KT,18,09
2023-11-26 22:00:00.000,2023,11,26,22,12015KT,18,08
2023-11-26 23:00:00.000,2023,11,26,23,13012KT,16,08
2023-11-27 00:00:00.000,2023,11,27,0,14008KT,15,08
2023-11-27 01:00:00.000,2023,11,27,1,13007KT,14,08
2023-11-27 02:00:00.000,2023,11,27,2,08005KT,14,08
2023-11-27 03:00:00.000,2023,11,27,3,09008KT,14,09
2023-11-27 04:00:00.000,2023,11,27,4,07004KT,14,09
2023-11-27 05:00:00.000,2023,11,27,5,12009KT,14,09
2023-11-27 06:00:00.000,2023,11,27,6,12008KT,14,09
2023-11-27 07:00:00.000,2023,11,27,7,12004KT,14,09
2023-11-27 08:00:00.000,2023,11,27,8,09004KT,14,09
2023-11-27 09:00:00.000,2023,11,27,9,06004KT,13,10
2023-11-27 10:00:00.000,2023,11,27,10,VRB02KT,13,10
2023-11-27 11:00:00.000,2023,11,27,11,VRB02KT,12,11
2023-11-27 12:00:00.000,2023,11,27,12,27003KT,14,11
2023-11-27 13:00:00.000,2023,11,27,13,05007KT,14,12
2023-11-27 14:00:00.000,2023,11,27,14,07007KT,16,11
2023-11-27 15:00:00.000,2023,11,27,15,11005KT,19,10
2023-11-27 16:00:00.000,2023,11,27,16,VRB07KT,18,10
2023-11-27 17:00:00.000,2023,11,27,17,15018KT,19,11
2023-11-27 17:23:00.000,2023,11,27,17,13012KT,20,10
2023-11-27 18:00:00.000,2023,11,27,18,13012KT,19,10
2023-11-27 19:00:00.000,2023,11,27,19,13011KT,19,09
2023-11-27 20:00:00.000,2023,11,27,20,12009KT,19,10
2023-11-27 21:00:00.000,2023,11,27,21,13013KT,19,08
2023-11-27 22:00:00.000,2023,11,27,22,13008KT,18,09
2023-11-27 23:00:00.000,2023,11,27,23,13006KT,17,10
2023-11-28 00:00:00.000,2023,11,28,0,08006KT,16,11
2023-11-28 01:00:00.000,2023,11,28,1,04005KT,14,10
2023-11-28 02:00:00.000,2023,11,28,2,06007KT,15,10
2023-11-28 03:00:00.000,2023,11,28,3,08006KT,15,09
2023-11-28 04:00:00.000,2023,11,28,4,07003KT,15,10
2023-11-28 05:00:00.000,2023,11,28,5,07003KT,15,10
2023-11-28 06:00:00.000,2023,11,28,6,07004KT,14,10
2023-11-28 07:00:00.000,2023,11,28,7,05005KT,14,11
2023-11-28 08:00:00.000,2023,11,28,8,05005KT,13,10
2023-11-28 09:00:00.000,2023,11,28,9,05005KT,12,10
2023-11-28 10:00:00.000,2023,11,28,10,04005KT,12,10
2023-11-28 10:30:00.000,2023,11,28,10,VRB02KT,11,11
2023-11-28 11:00:00.000,2023,11,28,11,03003KT,12,10
2023-11-28 12:00:00.000,2023,11,28,12,06003KT,14,11
2023-11-28 13:00:00.000,2023,11,28,13,11006KT,15,11
2023-11-28 14:00:00.000,2023,11,28,14,14008KT,17,10
2023-11-28 15:00:00.000,2023,11,28,15,12009KT,17,10
2023-11-28 16:00:00.000,2023,11,28,16,11009KT,17,09
2023-11-28 17:00:00.000,2023,11,28,17,13012G22KT,18,08
2023-11-28 18:00:00.000,2023,11,28,18,13012KT,19,08
2023-11-28 19:00:00.000,2023,11,28,19,15017KT,19,09
2023-11-28 20:00:00.000,2023,11,28,20,15010KT,19,08
2023-11-28 21:00:00.000,2023,11,28,21,15008KT,19,09
2023-11-28 22:00:00.000,2023,11,28,22,13008KT,18,07
2023-11-28 23:00:00.000,2023,11,28,23,13008KT,16,07
2023-11-29 00:00:00.000,2023,11,29,0,14011KT,13,08
2023-11-29 01:00:00.000,2023,11,29,1,14008KT,12,07
2023-11-29 02:00:00.000,2023,11,29,2,12006KT,14,07
2023-11-29 03:00:00.000,2023,11,29,3,01003KT,10,07
2023-11-29 04:00:00.000,2023,11,29,4,35005KT,09,07
2023-11-29 05:00:00.000,2023,11,29,5,VRB02KT,10,07
2023-11-29 06:00:00.000,2023,11,29,6,02004KT,09,07
2023-11-29 07:00:00.000,2023,11,29,7,30002KT,07,06
2023-11-29 08:00:00.000,2023,11,29,8,VRB02KT,07,07
2023-11-29 09:00:00.000,2023,11,29,9,VRB02KT,07,06
2023-11-29 10:00:00.000,2023,11,29,10,VRB02KT,08,08
2023-11-29 10:28:00.000,2023,11,29,10,VRB02KT,10,08
2023-11-29 11:00:00.000,2023,11,29,11,05003KT,10,08
2023-11-29 12:00:00.000,2023,11,29,12,06003KT,11,09
2023-11-29 13:00:00.000,2023,11,29,13,05005KT,13,09
2023-11-29 14:00:00.000,2023,11,29,14,05006KT,14,10
2023-11-29 15:00:00.000,2023,11,29,15,06005KT,17,10
2023-11-29 16:00:00.000,2023,11,29,16,05005KT,18,10
2023-11-29 17:00:00.000,2023,11,29,17,08008KT,18,09
2023-11-29 18:00:00.000,2023,11,29,18,08010KT,18,09
2023-11-29 19:00:00.000,2023,11,29,19,12007KT,19,09
2023-11-29 20:00:00.000,2023,11,29,20,11006KT,19,08
2023-11-29 21:00:00.000,2023,11,29,21,09004KT,19,08
2023-11-29 22:00:00.000,2023,11,29,22,VRB02KT,19,08
2023-11-29 23:00:00.000,2023,11,29,23,25004KT,16,11
2023-11-30 00:00:00.000,2023,11,30,0,25004KT,15,11
2023-11-30 01:00:00.000,2023,11,30,1,27003KT,14,11
2023-11-30 02:00:00.000,2023,11,30,2,VRB02KT,10,10
2023-11-30 03:00:00.000,2023,11,30,3,33003KT,10,09
2023-11-30 04:00:00.000,2023,11,30,4,VRB02KT,10,09
2023-11-30 05:00:00.000,2023,11,30,5,VRB02KT,10,10
2023-11-30 06:00:00.000,2023,11,30,6,VRB02KT,07,07
2023-11-30 07:00:00.000,2023,11,30,7,VRB02KT,07,07
2023-11-30 08:00:00.000,2023,11,30,8,VRB02KT,05,05
2023-11-30 09:00:00.000,2023,11,30,9,VRB02KT,04,04
2023-11-30 10:00:00.000,2023,11,30,10,VRB02KT,06,05
2023-11-30 10:34:00.000,2023,11,30,10,VRB02KT,05,05
2023-11-30 11:00:00.000,2023,11,30,11,30003KT,07,07
2023-11-30 11:16:00.000,2023,11,30,11,07004KT,08,08
2023-11-30 11:30:00.000,2023,11,30,11,07004KT,08,08
2023-11-30 12:00:00.000,2023,11,30,12,05004KT,09,09
2023-11-30 12:17:00.000,2023,11,30,12,03004KT,09,09
2023-11-30 12:33:00.000,2023,11,30,12,02004KT,10,10
2023-11-30 13:00:00.000,2023,11,30,13,36004KT,10,10
2023-11-30 14:00:00.000,2023,11,30,14,01003KT,14,13
2023-11-30 15:00:00.000,2023,11,30,15,02004KT,17,12
2023-11-30 16:00:00.000,2023,11,30,16,04005KT,19,09
2023-11-30 17:00:00.000,2023,11,30,17,03005KT,20,09
2023-11-30 18:00:00.000,2023,11,30,18,03005KT,20,08
2023-11-30 19:00:00.000,2023,11,30,19,25008KT,17,12
2023-11-30 20:00:00.000,2023,11,30,20,28009KT,18,12
2023-11-30 21:00:00.000,2023,11,30,21,29008KT,19,12
2023-11-30 22:00:00.000,2023,11,30,22,31006KT,18,12
2023-11-30 23:00:00.000,2023,11,30,23,30006KT,16,13
2023-12-01 00:00:00.000,2023,12,1,0,31003KT,14,13
2023-12-01 01:00:00.000,2023,12,1,1,VRB02KT,13,12
2023-12-01 02:00:00.000,2023,12,1,2,VRB02KT,11,11
2023-12-01 03:00:00.000,2023,12,1,3,04004KT,12,10
2023-12-01 04:00:00.000,2023,12,1,4,04004KT,11,09
2023-12-01 05:00:00.000,2023,12,1,5,03003KT,10,09
2023-12-01 06:00:00.000,2023,12,1,6,03003KT,07,07
2023-12-01 07:00:00.000,2023,12,1,7,VRB02KT,07,06
2023-12-01 08:00:00.000,2023,12,1,8,VRB02KT,08,07
2023-12-01 09:00:00.000,2023,12,1,9,05004KT,07,07
2023-12-01 10:00:00.000,2023,12,1,10,05006KT,07,06
2023-12-01 10:30:00.000,2023,12,1,10,06003KT,06,06
2023-12-01 11:00:00.000,2023,12,1,11,VRB02KT,06,06
2023-12-01 11:25:00.000,2023,12,1,11,03005KT,06,06
2023-12-01 12:00:00.000,2023,12,1,12,06006KT,08,08
2023-12-01 12:22:00.000,2023,12,1,12,05006KT,10,09
2023-12-01 13:00:00.000,2023,12,1,13,04007KT,12,08
2023-12-01 13:28:00.000,2023,12,1,13,04005KT,14,08
2023-12-01 14:00:00.000,2023,12,1,14,05005KT,15,07
2023-12-01 15:00:00.000,2023,12,1,15,05008KT,16,07
2023-12-01 15:37:00.000,2023,12,1,15,09006KT,19,06
2023-12-01 16:00:00.000,2023,12,1,16,17009KT,20,07
2023-12-01 17:00:00.000,2023,12,1,17,14007KT,20,06
2023-12-01 18:00:00.000,2023,12,1,18,13007KT,21,06
2023-12-01 19:00:00.000,2023,12,1,19,15009KT,21,07
2023-12-01 20:00:00.000,2023,12,1,20,17012KT,21,07
2023-12-01 21:00:00.000,2023,12,1,21,13003KT,21,07
2023-12-01 22:00:00.000,2023,12,1,22,09005KT,20,07
2023-12-01 23:00:00.000,2023,12,1,23,27004KT,17,11
2023-12-02 00:00:00.000,2023,12,2,0,34004KT,14,12
2023-12-02 01:00:00.000,2023,12,2,1,VRB02KT,13,12
2023-12-02 02:00:00.000,2023,12,2,2,34003KT,11,08
2023-12-02 03:00:00.000,2023,12,2,3,03003KT,11,08
2023-12-02 04:00:00.000,2023,12,2,4,07004KT,10,07
2023-12-02 05:00:00.000,2023,12,2,5,03004KT,10,07
2023-12-02 06:00:00.000,2023,12,2,6,VRB02KT,08,07
2023-12-02 07:00:00.000,2023,12,2,7,VRB02KT,06,05
2023-12-02 08:00:00.000,2023,12,2,8,VRB02KT,05,05
2023-12-02 09:00:00.000,2023,12,2,9,VRB02KT,04,04
2023-12-02 10:00:00.000,2023,12,2,10,36004KT,03,03
2023-12-02 10:31:00.000,2023,12,2,10,05005KT,04,04
2023-12-02 11:00:00.000,2023,12,2,11,03004KT,05,04
2023-12-02 12:00:00.000,2023,12,2,12,VRB01KT,09,07
2023-12-02 13:00:00.000,2023,12,2,13,02004KT,13,08
2023-12-02 14:00:00.000,2023,12,2,14,07006KT,16,08
2023-12-02 15:00:00.000,2023,12,2,15,11009KT,19,09
2023-12-02 16:00:00.000,2023,12,2,16,19004KT,20,08
2023-12-02 17:00:00.000,2023,12,2,17,17016KT,20,09
2023-12-02 18:00:00.000,2023,12,2,18,13011KT,20,08
2023-12-02 19:00:00.000,2023,12,2,19,15007KT,20,07
2023-12-02 20:00:00.000,2023,12,2,20,26009KT,20,10
2023-12-02 21:00:00.000,2023,12,2,21,24009KT,21,11
2023-12-02 22:00:00.000,2023,12,2,22,31007KT,20,12
2023-12-02 23:00:00.000,2023,12,2,23,29008KT,15,13
2023-12-03 00:00:00.000,2023,12,3,0,26003KT,15,13
2023-12-03 01:00:00.000,2023,12,3,1,VRB02KT,13,12
2023-12-03 02:00:00.000,2023,12,3,2,VRB02KT,12,12
2023-12-03 03:00:00.000,2023,12,3,3,03004KT,11,11
2023-12-03 04:00:00.000,2023,12,3,4,01003KT,11,10
2023-12-03 05:00:00.000,2023,12,3,5,02004KT,10,09
2023-12-03 06:00:00.000,2023,12,3,6,01003KT,08,08
2023-12-03 07:00:00.000,2023,12,3,7,VRB02KT,07,07
2023-12-03 08:00:00.000,2023,12,3,8,35003KT,09,09
2023-12-03 09:00:00.000,2023,12,3,9,04004KT,10,09
2023-12-03 10:00:00.000,2023,12,3,10,02004KT,11,10
2023-12-03 10:30:00.000,2023,12,3,10,03003KT,11,10
2023-12-03 11:00:00.000,2023,12,3,11,04003KT,11,10
2023-12-03 12:00:00.000,2023,12,3,12,05003KT,12,10
2023-12-03 13:00:00.000,2023,12,3,13,05004KT,14,10
2023-12-03 14:00:00.000,2023,12,3,14,02006KT,16,10
2023-12-03 15:00:00.000,2023,12,3,15,06006KT,18,11
2023-12-03 16:00:00.000,2023,12,3,16,06003KT,20,10
2023-12-03 17:00:00.000,2023,12,3,17,35005KT,21,10
2023-12-03 18:00:00.000,2023,12,3,18,20007KT,20,10
2023-12-03 19:00:00.000,2023,12,3,19,22010KT,19,12
2023-12-03 20:00:00.000,2023,12,3,20,25015KT,19,12
2023-12-03 21:00:00.000,2023,12,3,21,26012KT,20,11
2023-12-03 22:00:00.000,2023,12,3,22,29009KT,19,12
2023-12-03 23:00:00.000,2023,12,3,23,28009KT,17,12
2023-12-04 00:00:00.000,2023,12,4,0,22005KT,16,13
2023-12-04 01:00:00.000,2023,12,4,1,VRB02KT,14,12
2023-12-04 02:00:00.000,2023,12,4,2,VRB02KT,12,11
2023-12-04 03:00:00.000,2023,12,4,3,04003KT,13,12
2023-12-04 04:00:00.000,2023,12,4,4,02004KT,11,09
2023-12-04 05:00:00.000,2023,12,4,5,04004KT,10,09
2023-12-04 06:00:00.000,2023,12,4,6,03006KT,10,09
2023-12-04 07:00:00.000,2023,12,4,7,05006KT,11,10
2023-12-04 08:00:00.000,2023,12,4,8,05004KT,11,10
2023-12-04 09:00:00.000,2023,12,4,9,05003KT,11,10
2023-12-04 10:00:00.000,2023,12,4,10,05005KT,10,09
2023-12-04 10:28:00.000,2023,12,4,10,05004KT,10,09
2023-12-04 11:00:00.000,2023,12,4,11,06003KT,10,09
2023-12-04 12:00:00.000,2023,12,4,12,05006KT,13,10
2023-12-04 13:00:00.000,2023,12,4,13,07005KT,15,10
2023-12-04 14:00:00.000,2023,12,4,14,06005KT,17,11
2023-12-04 15:00:00.000,2023,12,4,15,VRB02KT,19,10
2023-12-04 16:00:00.000,2023,12,4,16,13007KT,19,09
2023-12-04 17:00:00.000,2023,12,4,17,09006KT,20,09
2023-12-04 18:00:00.000,2023,12,4,18,16011KT,20,07
2023-12-04 19:00:00.000,2023,12,4,19,15009KT,21,07
2023-12-04 20:00:00.000,2023,12,4,20,15010KT,21,06
2023-12-04 21:00:00.000,2023,12,4,21,15009KT,21,06
2023-12-04 22:00:00.000,2023,12,4,22,08007KT,20,07
2023-12-04 23:00:00.000,2023,12,4,23,18004KT,18,09
2023-12-05 00:00:00.000,2023,12,5,0,26006KT,15,12
2023-12-05 01:00:00.000,2023,12,5,1,VRB02KT,14,10
2023-12-05 02:00:00.000,2023,12,5,2,VRB02KT,11,09
2023-12-05 03:00:00.000,2023,12,5,3,VRB02KT,10,09
2023-12-05 04:00:00.000,2023,12,5,4,03004KT,09,08
2023-12-05 05:00:00.000,2023,12,5,5,01003KT,10,09
2023-12-05 06:00:00.000,2023,12,5,6,05006KT,09,09
2023-12-05 07:00:00.000,2023,12,5,7,05007KT,10,08
2023-12-05 08:00:00.000,2023,12,5,8,05006KT,09,08
2023-12-05 09:00:00.000,2023,12,5,9,05005KT,08,07
2023-12-05 10:00:00.000,2023,12,5,10,VRB02KT,08,08
2023-12-05 11:00:00.000,2023,12,5,11,03006KT,06,06
2023-12-05 12:00:00.000,2023,12,5,12,06005KT,10,08
2023-12-05 13:00:00.000,2023,12,5,13,04005KT,13,10
2023-12-05 14:00:00.000,2023,12,5,14,03004KT,16,10
2023-12-05 15:00:00.000,2023,12,5,15,06005KT,17,10
2023-12-05 16:00:00.000,2023,12,5,16,13009KT,18,08
2023-12-05 17:00:00.000,2023,12,5,17,14009KT,19,07
2023-12-05 18:00:00.000,2023,12,5,18,13009KT,20,08
2023-12-05 19:00:00.000,2023,12,5,19,15013KT,19,08
2023-12-05 20:00:00.000,2023,12,5,20,17011KT,19,08
2023-12-05 21:00:00.000,2023,12,5,21,13010KT,19,08
2023-12-05 22:00:00.000,2023,12,5,22,11006KT,19,07
2023-12-05 23:00:00.000,2023,12,5,23,11007KT,17,07
2023-12-06 00:00:00.000,2023,12,6,0,06003KT,15,07
2023-12-06 01:00:00.000,2023,12,6,1,VRB02KT,14,07
2023-12-06 02:00:00.000,2023,12,6,2,VRB02KT,12,07
2023-12-06 03:00:00.000,2023,12,6,3,VRB04KT,09,07
2023-12-06 04:00:00.000,2023,12,6,4,04004KT,09,07
2023-12-06 05:00:00.000,2023,12,6,5,02003KT,10,08
2023-12-06 06:00:00.000,2023,12,6,6,02005KT,09,08
2023-12-06 07:00:00.000,2023,12,6,7,04003KT,09,08
2023-12-06 08:00:00.000,2023,12,6,8,VRB02KT,10,08
2023-12-06 09:00:00.000,2023,12,6,9,05003KT,09,08
2023-12-06 10:00:00.000,2023,12,6,10,VRB02KT,08,08
2023-12-06 10:30:00.000,2023,12,6,10,04006KT,09,07
2023-12-06 11:00:00.000,2023,12,6,11,07004KT,09,08
2023-12-06 12:00:00.000,2023,12,6,12,06006KT,12,09
2023-12-06 13:00:00.000,2023,12,6,13,05006KT,15,09
2023-12-06 14:00:00.000,2023,12,6,14,12007KT,18,07
2023-12-06 15:00:00.000,2023,12,6,15,13008KT,18,07
2023-12-06 16:00:00.000,2023,12,6,16,09008KT,19,08
2023-12-06 17:00:00.000,2023,12,6,17,14009KT,20,08
2023-12-06 18:00:00.000,2023,12,6,18,14009KT,19,07
2023-12-06 19:00:00.000,2023,12,6,19,10005KT,18,06
2023-12-06 20:00:00.000,2023,12,6,20,10005KT,19,07
2023-12-06 21:00:00.000,2023,12,6,21,08007KT,18,08
2023-12-06 22:00:00.000,2023,12,6,22,08008KT,18,08
2023-12-06 23:00:00.000,2023,12,6,23,11006KT,16,08
2023-12-07 00:00:00.000,2023,12,7,0,08004KT,15,07
2023-12-07 01:00:00.000,2023,12,7,1,VRB02KT,13,07
2023-12-07 02:00:00.000,2023,12,7,2,02005KT,10,07
2023-12-07 03:00:00.000,2023,12,7,3,03003KT,11,08
2023-12-07 04:00:00.000,2023,12,7,4,VRB02KT,10,07
2023-12-07 05:00:00.000,2023,12,7,5,VRB02KT,09,08
2023-12-07 06:00:00.000,2023,12,7,6,02004KT,09,08
2023-12-07 07:00:00.000,2023,12,7,7,VRB02KT,07,07
2023-12-07 08:00:00.000,2023,12,7,8,VRB02KT,07,06
2023-12-07 09:00:00.000,2023,12,7,9,VRB02KT,06,06
2023-12-07 10:00:00.000,2023,12,7,10,35005KT,06,05
2023-12-07 10:30:00.000,2023,12,7,10,VRB02KT,05,05
2023-12-07 11:00:00.000,2023,12,7,11,VRB02KT,05,05
2023-12-07 12:00:00.000,2023,12,7,12,01003KT,11,07
2023-12-07 13:00:00.000,2023,12,7,13,06003KT,14,09
2023-12-07 14:00:00.000,2023,12,7,14,29003KT,16,09
2023-12-07 15:00:00.000,2023,12,7,15,33005KT,19,10
2023-12-07 16:00:00.000,2023,12,7,16,35003KT,20,10
2023-12-07 17:00:00.000,2023,12,7,17,32004KT,20,09
2023-12-07 18:00:00.000,2023,12,7,18,26010KT,20,13
2023-12-07 19:00:00.000,2023,12,7,19,24009KT,18,11
2023-12-07 19:35:00.000,2023,12,7,19,22006KT,18,12
2023-12-07 20:00:00.000,2023,12,7,20,23009KT,17,14
2023-12-07 21:00:00.000,2023,12,7,21,25006KT,16,13
2023-12-07 22:00:00.000,2023,12,7,22,35005KT,15,13
2023-12-07 23:00:00.000,2023,12,7,23,36004KT,15,12
2023-12-08 00:00:00.000,2023,12,8,0,/////KT,13,12
2023-12-08 01:00:00.000,2023,12,8,1,04005KT,12,11
2023-12-08 02:00:00.000,2023,12,8,2,36004KT,12,11
2023-12-08 03:00:00.000,2023,12,8,3,01030KT,13,11
2023-12-08 04:00:00.000,2023,12,8,4,VRB02KT,12,11
2023-12-08 05:00:00.000,2023,12,8,5,04004KT,12,11
2023-12-08 06:00:00.000,2023,12,8,6,00000KT,12,10
2023-12-08 07:00:00.000,2023,12,8,7,06005KT,10,09
2023-12-08 08:00:00.000,2023,12,8,8,05005KT,09,09
2023-12-08 09:00:00.000,2023,12,8,9,VRB02KT,10,09
2023-12-08 10:00:00.000,2023,12,8,10,VRB02KT,10,09
2023-12-08 10:30:00.000,2023,12,8,10,VRB02KT,10,09
2023-12-08 11:00:00.000,2023,12,8,11,04005KT,10,09
2023-12-08 12:00:00.000,2023,12,8,12,04004KT,10,09
2023-12-08 13:00:00.000,2023,12,8,13,12004KT,15,10
2023-12-08 14:00:00.000,2023,12,8,14,14006KT,18,09
2023-12-08 15:00:00.000,2023,12,8,15,14010KT,19,10
2023-12-08 16:00:00.000,2023,12,8,16,12008KT,19,09
2023-12-08 17:00:00.000,2023,12,8,17,13010KT,19,09
2023-12-08 18:00:00.000,2023,12,8,18,12012KT,19,09
2023-12-08 19:00:00.000,2023,12,8,19,14014KT,20,09
2023-12-08 20:00:00.000,2023,12,8,20,13015KT,19,10
2023-12-08 21:00:00.000,2023,12,8,21,16012KT,19,09
2023-12-08 22:00:00.000,2023,12,8,22,12009KT,18,09
2023-12-08 23:00:00.000,2023,12,8,23,13008KT,17,08
2023-12-09 00:00:00.000,2023,12,9,0,11004KT,16,09
2023-12-09 01:00:00.000,2023,12,9,1,11006KT,14,09
2023-12-09 02:00:00.000,2023,12,9,2,11008KT,14,09
2023-12-09 03:00:00.000,2023,12,9,3,08003KT,12,09
2023-12-09 04:00:00.000,2023,12,9,4,08003KT,12,09
2023-12-09 05:00:00.000,2023,12,9,5,04003KT,12,09
2023-12-09 06:00:00.000,2023,12,9,6,02003KT,11,09
2023-12-09 07:00:00.000,2023,12,9,7,11005KT,13,09
2023-12-09 08:00:00.000,2023,12,9,8,VRB02KT,11,09
2023-12-09 09:00:00.000,2023,12,9,9,06003KT,12,10
2023-12-09 10:00:00.000,2023,12,9,10,01003KT,12,10
2023-12-09 10:30:00.000,2023,12,9,10,04003KT,12,10
2023-12-09 11:00:00.000,2023,12,9,11,04006KT,12,11
2023-12-09 12:00:00.000,2023,12,9,12,04004KT,13,11
2023-12-09 13:00:00.000,2023,12,9,13,07009KT,15,11
2023-12-09 14:00:00.000,2023,12,9,14,14008KT,17,11
2023-12-09 15:00:00.000,2023,12,9,15,15009KT,18,11
2023-12-09 16:00:00.000,2023,12,9,16,18009KT,17,11
2023-12-09 17:00:00.000,2023,12,9,17,15006KT,18,11
2023-12-09 18:00:00.000,2023,12,9,18,15014KT,19,11
2023-12-09 19:00:00.000,2023,12,9,19,14005KT,19,11
2023-12-09 20:00:00.000,2023,12,9,20,14013KT,19,11
2023-12-09 21:00:00.000,2023,12,9,21,14011KT,18,11
2023-12-09 22:00:00.000,2023,12,9,22,15009KT,18,10
2023-12-09 23:00:00.000,2023,12,9,23,13008KT,17,09
2023-12-10 00:00:00.000,2023,12,10,0,12006KT,16,10
2023-12-10 01:00:00.000,2023,12,10,1,11006KT,16,10
2023-12-10 02:00:00.000,2023,12,10,2,09005KT,16,11
2023-12-10 03:00:00.000,2023,12,10,3,07004KT,14,12
2023-12-10 04:00:00.000,2023,12,10,4,02003KT,14,11
2023-12-10 05:00:00.000,2023,12,10,5,28005KT,14,11
2023-12-10 06:00:00.000,2023,12,10,6,03005KT,13,11
2023-12-10 07:00:00.000,2023,12,10,7,03005KT,12,11
2023-12-10 08:00:00.000,2023,12,10,8,VRB04KT,12,12
2023-12-10 09:00:00.000,2023,12,10,9,07005KT,12,12
2023-12-10 10:00:00.000,2023,12,10,10,06006KT,12,11
2023-12-10 10:30:00.000,2023,12,10,10,04005KT,11,10
2023-12-10 11:00:00.000,2023,12,10,11,05007KT,11,11
2023-12-10 12:00:00.000,2023,12,10,12,VRB02KT,13,12
2023-12-10 13:00:00.000,2023,12,10,13,07006KT,14,12
2023-12-10 14:00:00.000,2023,12,10,14,18005KT,16,13
2023-12-10 15:00:00.000,2023,12,10,15,11005KT,16,13
2023-12-10 16:00:00.000,2023,12,10,16,19012KT,16,12
2023-12-10 16:20:00.000,2023,12,10,16,18011KT,15,12
2023-12-10 17:00:00.000,2023,12,10,17,09004KT,16,13
2023-12-10 18:00:00.000,2023,12,10,18,18010KT,19,10
2023-12-10 19:00:00.000,2023,12,10,19,15008KT,19,10
2023-12-10 20:00:00.000,2023,12,10,20,13006KT,18,09
2023-12-10 21:00:00.000,2023,12,10,21,13008KT,18,10
2023-12-10 22:00:00.000,2023,12,10,22,15008KT,17,10
2023-12-10 23:00:00.000,2023,12,10,23,13010KT,16,09
2023-12-11 00:00:00.000,2023,12,11,0,14008KT,14,09
2023-12-11 01:00:00.000,2023,12,11,1,11004KT,15,10
2023-12-11 02:00:00.000,2023,12,11,2,10004KT,13,10
2023-12-11 03:00:00.000,2023,12,11,3,05005KT,12,10
2023-12-11 04:00:00.000,2023,12,11,4,05004KT,11,10
2023-12-11 05:00:00.000,2023,12,11,5,04004KT,12,10
2023-12-11 06:00:00.000,2023,12,11,6,VRB02KT,12,11
2023-12-11 07:00:00.000,2023,12,11,7,VRB02KT,12,11
2023-12-11 08:00:00.000,2023,12,11,8,VRB02KT,12,11
2023-12-11 09:00:00.000,2023,12,11,9,VRB02KT,12,11
2023-12-11 10:00:00.000,2023,12,11,10,VRB02KT,12,11
2023-12-11 11:00:00.000,2023,12,11,11,03007KT,11,10
2023-12-11 12:00:00.000,2023,12,11,12,35003KT,14,11
2023-12-11 13:00:00.000,2023,12,11,13,03005KT,15,11
2023-12-11 14:00:00.000,2023,12,11,14,06005KT,17,11
2023-12-11 15:00:00.000,2023,12,11,15,08006KT,18,10
2023-12-11 16:00:00.000,2023,12,11,16,11008KT,19,10
2023-12-11 17:00:00.000,2023,12,11,17,14012KT,20,10
2023-12-11 18:00:00.000,2023,12,11,18,13007KT,20,10
2023-12-11 19:00:00.000,2023,12,11,19,11008KT,19,09
2023-12-11 20:00:00.000,2023,12,11,20,13009KT,18,10
2023-12-11 21:00:00.000,2023,12,11,21,09004KT,19,10
2023-12-11 22:00:00.000,2023,12,11,22,10005KT,18,10
2023-12-11 23:00:00.000,2023,12,11,23,11004KT,17,10
2023-12-12 00:00:00.000,2023,12,12,0,06005KT,15,10
2023-12-12 01:00:00.000,2023,12,12,1,06005KT,13,10
2023-12-12 02:00:00.000,2023,12,12,2,04004KT,12,10
2023-12-12 03:00:00.000,2023,12,12,3,05006KT,11,09
2023-12-12 04:00:00.000,2023,12,12,4,06005KT,12,10
2023-12-12 05:00:00.000,2023,12,12,5,01004KT,11,10
2023-12-12 06:00:00.000,2023,12,12,6,04004KT,10,09
2023-12-12 07:00:00.000,2023,12,12,7,05003KT,09,09
2023-12-12 08:00:00.000,2023,12,12,8,04005KT,10,09
2023-12-12 09:00:00.000,2023,12,12,9,06004KT,09,09
2023-12-12 10:00:00.000,2023,12,12,10,07004KT,10,09
2023-12-12 10:30:00.000,2023,12,12,10,05005KT,09,08
2023-12-12 11:00:00.000,2023,12,12,11,06004KT,09,08
2023-12-12 12:00:00.000,2023,12,12,12,VRB02KT,13,09
2023-12-12 13:00:00.000,2023,12,12,13,07008KT,15,09
2023-12-12 14:00:00.000,2023,12,12,14,06006KT,17,09
2023-12-12 15:00:00.000,2023,12,12,15,10012KT,19,09
2023-12-12 16:00:00.000,2023,12,12,16,15012KT,20,08
2023-12-12 17:00:00.000,2023,12,12,17,14012KT,21,09
2023-12-12 18:00:00.000,2023,12,12,18,11014KT,21,09
2023-12-12 19:00:00.000,2023,12,12,19,16012KT,22,09
2023-12-12 20:00:00.000,2023,12,12,20,15011KT,22,09
2023-12-12 21:00:00.000,2023,12,12,21,11006KT,22,08
2023-12-12 22:00:00.000,2023,12,12,22,12005KT,20,09
2023-12-12 23:00:00.000,2023,12,12,23,09004KT,18,08
2023-12-13 00:00:00.000,2023,12,13,0,12008KT,16,09
2023-12-13 01:00:00.000,2023,12,13,1,03003KT,13,08
2023-12-13 02:00:00.000,2023,12,13,2,07004KT,12,08
2023-12-13 03:00:00.000,2023,12,13,3,03005KT,10,09
2023-12-13 04:00:00.000,2023,12,13,4,03004KT,11,09
2023-12-13 05:00:00.000,2023,12,13,5,05005KT,10,09
2023-12-13 06:00:00.000,2023,12,13,6,VRB02KT,10,09
2023-12-13 07:00:00.000,2023,12,13,7,VRB02KT,08,07
2023-12-13 08:00:00.000,2023,12,13,8,VRB02KT,06,06
2023-12-13 09:00:00.000,2023,12,13,9,31004KT,07,07
2023-12-13 10:00:00.000,2023,12,13,10,VRB02KT,08,08
2023-12-13 10:30:00.000,2023,12,13,10,05003KT,08,08
2023-12-13 11:00:00.000,2023,12,13,11,06004KT,07,07
2023-12-13 11:13:00.000,2023,12,13,11,04008KT,08,08
2023-12-13 12:00:00.000,2023,12,13,12,05006KT,09,09
2023-12-13 12:19:00.000,2023,12,13,12,28004KT,10,09
2023-12-13 13:00:00.000,2023,12,13,13,03004KT,13,10
2023-12-13 14:00:00.000,2023,12,13,14,06005KT,16,10
2023-12-13 14:27:00.000,2023,12,13,14,05005KT,18,09
2023-12-13 15:00:00.000,2023,12,13,15,04006KT,19,09
2023-12-13 16:00:00.000,2023,12,13,16,06008KT,20,07
2023-12-13 17:00:00.000,2023,12,13,17,16006KT,21,08
2023-12-13 18:00:00.000,2023,12,13,18,13007KT,21,08
2023-12-13 19:00:00.000,2023,12,13,19,18007KT,22,07
2023-12-13 20:00:00.000,2023,12,13,20,15004KT,21,08
2023-12-13 21:00:00.000,2023,12,13,21,16003KT,21,07
2023-12-13 22:00:00.000,2023,12,13,22,29009KT,19,13
2023-12-13 23:00:00.000,2023,12,13,23,27005KT,17,13
2023-12-14 00:00:00.000,2023,12,14,0,32004KT,15,13
2023-12-14 01:00:00.000,2023,12,14,1,VRB02KT,13,12
2023-12-14 02:00:00.000,2023,12,14,2,35003KT,13,13
2023-12-14 03:00:00.000,2023,12,14,3,35003KT,11,11
2023-12-14 04:00:00.000,2023,12,14,4,03004KT,13,10
2023-12-14 05:00:00.000,2023,12,14,5,03003KT,10,09
2023-12-14 06:00:00.000,2023,12,14,6,05003KT,11,09
2023-12-14 07:00:00.000,2023,12,14,7,VRB01KT,10,09
2023-12-14 08:00:00.000,2023,12,14,8,05004KT,09,08
2023-12-14 09:00:00.000,2023,12,14,9,05004KT,09,08
2023-12-14 10:00:00.000,2023,12,14,10,VRB02KT,08,08
2023-12-14 10:27:00.000,2023,12,14,10,VRB02KT,07,07
2023-12-14 11:00:00.000,2023,12,14,11,35004KT,06,06
2023-12-14 12:00:00.000,2023,12,14,12,03003KT,09,08
2023-12-14 13:00:00.000,2023,12,14,13,05004KT,13,10
2023-12-14 14:00:00.000,2023,12,14,14,07003KT,16,10
2023-12-14 15:00:00.000,2023,12,14,15,04005KT,18,10
2023-12-14 16:00:00.000,2023,12,14,16,32005KT,19,10
2023-12-14 17:00:00.000,2023,12,14,17,VRB03KT,21,10
2023-12-14 18:00:00.000,2023,12,14,18,29009KT,20,11
2023-12-14 19:00:00.000,2023,12,14,19,29012KT,22,12
2023-12-14 20:00:00.000,2023,12,14,20,27014KT,21,13
2023-12-14 20:16:00.000,2023,12,14,20,26013KT,20,12
2023-12-14 21:00:00.000,2023,12,14,21,23010KT,18,12
2023-12-14 22:00:00.000,2023,12,14,22,23008KT,19,12
2023-12-14 23:00:00.000,2023,12,14,23,24008KT,17,13
2023-12-15 00:00:00.000,2023,12,15,0,27004KT,16,13
2023-12-15 01:00:00.000,2023,12,15,1,VRB02KT,14,13
2023-12-15 02:00:00.000,2023,12,15,2,VRB02KT,15,13
2023-12-15 03:00:00.000,2023,12,15,3,20004KT,14,13
2023-12-15 04:00:00.000,2023,12,15,4,27005KT,14,14
2023-12-15 04:14:00.000,2023,12,15,4,35003KT,12,11
2023-12-15 05:00:00.000,2023,12,15,5,34004KT,13,12
2023-12-15 06:00:00.000,2023,12,15,6,VRB02KT,13,12
2023-12-15 07:00:00.000,2023,12,15,7,VRB02KT,12,12
2023-12-15 08:00:00.000,2023,12,15,8,VRB02KT,13,13
2023-12-15 09:00:00.000,2023,12,15,9,34003KT,12,12
2023-12-15 10:00:00.000,2023,12,15,10,VRB02KT,13,13
2023-12-15 10:30:00.000,2023,12,15,10,VRB02KT,14,13
2023-12-15 11:00:00.000,2023,12,15,11,VRB02KT,14,13
2023-12-15 12:00:00.000,2023,12,15,12,35004KT,14,13
2023-12-15 13:00:00.000,2023,12,15,13,32003KT,14,13
2023-12-15 14:00:00.000,2023,12,15,14,02005KT,15,14
2023-12-15 15:00:00.000,2023,12,15,15,04005KT,16,13
2023-12-15 16:00:00.000,2023,12,15,16,04004KT,18,12
2023-12-15 17:00:00.000,2023,12,15,17,08004KT,18,12
2023-12-15 18:00:00.000,2023,12,15,18,11003KT,19,12
2023-12-15 19:00:00.000,2023,12,15,19,36003KT,19,12
2023-12-15 20:00:00.000,2023,12,15,20,26004KT,18,13
2023-12-15 21:00:00.000,2023,12,15,21,21005KT,18,13
2023-12-15 22:00:00.000,2023,12,15,22,19005KT,18,12
2023-12-15 23:00:00.000,2023,12,15,23,20005KT,18,11
2023-12-16 00:00:00.000,2023,12,16,0,24005KT,15,14
2023-12-16 00:15:00.000,2023,12,16,0,25006KT,14,14
2023-12-16 01:00:00.000,2023,12,16,1,32006KT,14,13
2023-12-16 02:00:00.000,2023,12,16,2,35004KT,14,14
2023-12-16 03:00:00.000,2023,12,16,3,VRB02KT,14,13
2023-12-16 04:00:00.000,2023,12,16,4,VRB02KT,14,13
2023-12-16 05:00:00.000,2023,12,16,5,35004KT,14,13
2023-12-16 06:00:00.000,2023,12,16,6,VRB02KT,12,12
2023-12-16 07:00:00.000,2023,12,16,7,30003KT,12,12
2023-12-16 08:00:00.000,2023,12,16,8,VRB02KT,12,12
2023-12-16 09:00:00.000,2023,12,16,9,VRB02KT,12,12
2023-12-16 09:16:00.000,2023,12,16,9,32003KT,12,12
2023-12-16 10:00:00.000,2023,12,16,10,VRB02KT,12,11
2023-12-16 10:30:00.000,2023,12,16,10,VRB02KT,12,11
2023-12-16 11:00:00.000,2023,12,16,11,34004KT,12,12
2023-12-16 12:00:00.000,2023,12,16,12,33004KT,12,12
2023-12-16 13:00:00.000,2023,12,16,13,35003KT,13,13
2023-12-16 13:32:00.000,2023,12,16,13,VRB02KT,16,13
2023-12-16 14:00:00.000,2023,12,16,14,VRB02KT,17,14
2023-12-16 15:00:00.000,2023,12,16,15,32004KT,18,12
2023-12-16 16:00:00.000,2023,12,16,16,30004KT,18,12
2023-12-16 17:00:00.000,2023,12,16,17,34005KT,17,13
2023-12-16 18:00:00.000,2023,12,16,18,33007KT,16,13
2023-12-16 19:00:00.000,2023,12,16,19,34003KT,14,14
2023-12-16 20:00:00.000,2023,12,16,20,35005KT,17,14
2023-12-16 20:35:00.000,2023,12,16,20,36003KT,18,13
2023-12-16 21:00:00.000,2023,12,16,21,02003KT,17,13
2023-12-16 21:11:00.000,2023,12,16,21,33004KT,17,13
2023-12-16 22:00:00.000,2023,12,16,22,22005KT,15,14
2023-12-16 23:00:00.000,2023,12,16,23,22003KT,15,14
2023-12-17 00:00:00.000,2023,12,17,0,22005KT,14,14
2023-12-17 01:00:00.000,2023,12,17,1,30007KT,15,13
2023-12-17 02:00:00.000,2023,12,17,2,28004KT,15,13
2023-12-17 03:00:00.000,2023,12,17,3,30005KT,14,13
2023-12-17 04:00:00.000,2023,12,17,4,31004KT,14,13
2023-12-17 04:24:00.000,2023,12,17,4,33005KT,14,13
2023-12-17 05:00:00.000,2023,12,17,5,02004KT,13,13
2023-12-17 06:00:00.000,2023,12,17,6,33003KT,13,13
2023-12-17 07:00:00.000,2023,12,17,7,VRB02KT,13,13
2023-12-17 08:00:00.000,2023,12,17,8,VRB02KT,13,13
2023-12-17 09:00:00.000,2023,12,17,9,VRB02KT,13,12
2023-12-17 10:00:00.000,2023,12,17,10,VRB02KT,13,13
2023-12-17 10:27:00.000,2023,12,17,10,28003KT,13,13
2023-12-17 11:00:00.000,2023,12,17,11,VRB02KT,13,13
2023-12-17 11:15:00.000,2023,12,17,11,VRB02KT,13,13
2023-12-17 12:00:00.000,2023,12,17,12,VRB02KT,13,13
2023-12-17 13:00:00.000,2023,12,17,13,03003KT,14,14
2023-12-17 14:00:00.000,2023,12,17,14,VRB02KT,15,13
2023-12-17 15:00:00.000,2023,12,17,15,VRB02KT,16,14
2023-12-17 16:00:00.000,2023,12,17,16,VRB02KT,18,14
2023-12-17 17:00:00.000,2023,12,17,17,VRB02KT,19,12
2023-12-17 18:00:00.000,2023,12,17,18,34005KT,19,13
2023-12-17 19:00:00.000,2023,12,17,19,29011KT,20,14
2023-12-17 20:00:00.000,2023,12,17,20,28014KT,20,14
2023-12-17 21:00:00.000,2023,12,17,21,32011KT,18,15
2023-12-17 22:00:00.000,2023,12,17,22,29010KT,17,14
2023-12-17 23:00:00.000,2023,12,17,23,25004KT,16,13
2023-12-18 00:00:00.000,2023,12,18,0,27005KT,16,14
2023-12-18 01:00:00.000,2023,12,18,1,30005KT,15,14
2023-12-18 02:00:00.000,2023,12,18,2,25003KT,15,13
2023-12-18 03:00:00.000,2023,12,18,3,23003KT,15,13
2023-12-18 04:00:00.000,2023,12,18,4,VRB03KT,15,13
2023-12-18 04:02:00.000,2023,12,18,4,VRB03KT,15,14
2023-12-18 05:00:00.000,2023,12,18,5,25005G15KT,15,14
2023-12-18 06:00:00.000,2023,12,18,6,VRB02KT,14,13
2023-12-18 07:00:00.000,2023,12,18,7,VRB02KT,13,13
2023-12-18 08:00:00.000,2023,12,18,8,25003KT,13,13
2023-12-18 09:00:00.000,2023,12,18,9,24003KT,13,13
2023-12-18 10:00:00.000,2023,12,18,10,VRB02KT,13,13
2023-12-18 10:30:00.000,2023,12,18,10,VRB02KT,13,13
2023-12-18 11:00:00.000,2023,12,18,11,VRB02KT,13,13
2023-12-18 12:00:00.000,2023,12,18,12,12002KT,14,13
2023-12-18 13:00:00.000,2023,12,18,13,VRB02KT,16,14
2023-12-18 14:00:00.000,2023,12,18,14,03003KT,17,13
2023-12-18 15:00:00.000,2023,12,18,15,VRB02KT,18,13
2023-12-18 16:00:00.000,2023,12,18,16,VRB03KT,19,13
2023-12-18 17:00:00.000,2023,12,18,17,VRB03KT,20,12
2023-12-18 18:00:00.000,2023,12,18,18,23013KT,18,14
2023-12-18 19:00:00.000,2023,12,18,19,25010KT,17,14
2023-12-18 20:00:00.000,2023,12,18,20,25009KT,18,14
2023-12-18 21:00:00.000,2023,12,18,21,25008KT,18,14
2023-12-18 22:00:00.000,2023,12,18,22,26008KT,18,12
2023-12-18 23:00:00.000,2023,12,18,23,31007KT,17,13
2023-12-19 00:00:00.000,2023,12,19,0,31003KT,15,13
2023-12-19 01:00:00.000,2023,12,19,1,00000KT,13,13
2023-12-19 02:00:00.000,2023,12,19,2,32005KT,14,13
2023-12-19 03:00:00.000,2023,12,19,3,26006KT,14,13
2023-12-19 04:00:00.000,2023,12,19,4,26003KT,15,13
2023-12-19 05:00:00.000,2023,12,19,5,26005KT,15,14
2023-12-19 06:00:00.000,2023,12,19,6,26004KT,14,13
2023-12-19 07:00:00.000,2023,12,19,7,VRB02KT,14,13
2023-12-19 08:00:00.000,2023,12,19,8,35003KT,14,13
2023-12-19 09:00:00.000,2023,12,19,9,VRB02KT,13,13
2023-12-19 10:00:00.000,2023,12,19,10,VRB02KT,13,12
2023-12-19 10:31:00.000,2023,12,19,10,36003KT,13,12
2023-12-19 11:00:00.000,2023,12,19,11,34003KT,12,12
2023-12-19 12:00:00.000,2023,12,19,12,34003KT,13,13
2023-12-19 13:00:00.000,2023,12,19,13,36003KT,15,14
2023-12-19 14:00:00.000,2023,12,19,14,36005KT,17,15
2023-12-19 15:00:00.000,2023,12,19,15,32004KT,19,13
2023-12-19 16:00:00.000,2023,12,19,16,29004KT,21,11
2023-12-19 17:00:00.000,2023,12,19,17,25007KT,20,14
2023-12-19 17:32:00.000,2023,12,19,17,32014KT,18,14
2023-12-19 18:00:00.000,2023,12,19,18,32010KT,17,15
2023-12-19 19:00:00.000,2023,12,19,19,31012KT,18,14
2023-12-19 20:00:00.000,2023,12,19,20,26011KT,18,14
2023-12-19 21:00:00.000,2023,12,19,21,26010KT,17,14
2023-12-19 22:00:00.000,2023,12,19,22,26006KT,17,14
2023-12-19 23:00:00.000,2023,12,19,23,28006KT,16,14
2023-12-20 00:00:00.000,2023,12,20,0,30007KT,16,14
2023-12-20 01:00:00.000,2023,12,20,1,30008KT,15,13
2023-12-20 02:00:00.000,2023,12,20,2,31007KT,15,13
2023-12-20 03:00:00.000,2023,12,20,3,28003KT,15,13
2023-12-20 04:00:00.000,2023,12,20,4,VRB02KT,13,13
2023-12-20 05:00:00.000,2023,12,20,5,33003KT,13,12
2023-12-20 06:00:00.000,2023,12,20,6,29003KT,14,12
2023-12-20 07:00:00.000,2023,12,20,7,33004KT,13,12
2023-12-20 08:00:00.000,2023,12,20,8,32004KT,12,11
2023-12-20 09:00:00.000,2023,12,20,9,VRB02KT,11,10
2023-12-20 10:00:00.000,2023,12,20,10,VRB02KT,11,11
2023-12-20 10:30:00.000,2023,12,20,10,VRB03KT,09,09
2023-12-20 11:00:00.000,2023,12,20,11,02003KT,09,09
2023-12-20 12:00:00.000,2023,12,20,12,VRB02KT,11,11
2023-12-20 12:37:00.000,2023,12,20,12,VRB02KT,13,12
2023-12-20 13:00:00.000,2023,12,20,13,02003KT,15,14
2023-12-20 14:00:00.000,2023,12,20,14,01004KT,17,14
2023-12-20 15:00:00.000,2023,12,20,15,03006KT,20,12
2023-12-20 16:00:00.000,2023,12,20,16,32003KT,21,10
2023-12-20 17:00:00.000,2023,12,20,17,27012KT,19,13
2023-12-20 18:00:00.000,2023,12,20,18,24015KT,20,14
2023-12-20 19:00:00.000,2023,12,20,19,26015KT,19,13
2023-12-20 20:00:00.000,2023,12,20,20,27012KT,20,12
2023-12-20 21:00:00.000,2023,12,20,21,28014KT,19,12
2023-12-20 22:00:00.000,2023,12,20,22,27007KT,19,11
2023-12-20 23:00:00.000,2023,12,20,23,28007KT,17,12
2023-12-21 00:00:00.000,2023,12,21,0,35004KT,15,13
2023-12-21 01:00:00.000,2023,12,21,1,28004KT,15,13
2023-12-21 02:00:00.000,2023,12,21,2,34003KT,13,13
2023-12-21 03:00:00.000,2023,12,21,3,VRB02KT,13,12
2023-12-21 04:00:00.000,2023,12,21,4,VRB02KT,13,12
2023-12-21 05:00:00.000,2023,12,21,5,VRB02KT,11,11
2023-12-21 06:00:00.000,2023,12,21,6,36004KT,09,09
2023-12-21 07:00:00.000,2023,12,21,7,VRB02KT,08,08
2023-12-21 08:00:00.000,2023,12,21,8,VRB02KT,08,07
2023-12-21 09:00:00.000,2023,12,21,9,30004KT,09,09
2023-12-21 10:00:00.000,2023,12,21,10,30003KT,10,10
2023-12-21 10:30:00.000,2023,12,21,10,VRB02KT,10,10
2023-12-21 11:00:00.000,2023,12,21,11,VRB02KT,10,10
2023-12-21 12:00:00.000,2023,12,21,12,VRB02KT,11,10
2023-12-21 13:00:00.000,2023,12,21,13,33004KT,14,12
2023-12-21 14:00:00.000,2023,12,21,14,15003KT,17,12
2023-12-21 15:00:00.000,2023,12,21,15,VRB02KT,19,12
2023-12-21 16:00:00.000,2023,12,21,16,05005KT,20,11
2023-12-21 17:00:00.000,2023,12,21,17,27004KT,22,11
2023-12-21 18:00:00.000,2023,12,21,18,23012KT,20,13
2023-12-21 19:00:00.000,2023,12,21,19,24013KT,20,13
2023-12-21 20:00:00.000,2023,12,21,20,27012KT,20,12
2023-12-21 21:00:00.000,2023,12,21,21,27009KT,19,12
2023-12-21 22:00:00.000,2023,12,21,22,25008KT,18,13
2023-12-21 23:00:00.000,2023,12,21,23,28006KT,17,13
2023-12-22 00:00:00.000,2023,12,22,0,VRB03KT,16,13
2023-12-22 01:00:00.000,2023,12,22,1,VRB02KT,14,13
2023-12-22 02:00:00.000,2023,12,22,2,03004KT,13,13
2023-12-22 03:00:00.000,2023,12,22,3,36003KT,13,12
2023-12-22 04:00:00.000,2023,12,22,4,29003KT,14,13
2023-12-22 05:00:00.000,2023,12,22,5,31004KT,13,12
2023-12-22 06:00:00.000,2023,12,22,6,03003KT,12,12
2023-12-22 07:00:00.000,2023,12,22,7,28003KT,13,13
2023-12-22 08:00:00.000,2023,12,22,8,VRB02KT,14,12
2023-12-22 09:00:00.000,2023,12,22,9,34003KT,13,12
2023-12-22 10:00:00.000,2023,12,22,10,VRB02KT,13,12
2023-12-22 10:30:00.000,2023,12,22,10,05003KT,13,12
2023-12-22 11:00:00.000,2023,12,22,11,04003KT,13,12
2023-12-22 12:00:00.000,2023,12,22,12,04003KT,14,13
2023-12-22 13:00:00.000,2023,12,22,13,04005KT,16,13
2023-12-22 14:00:00.000,2023,12,22,14,15010KT,17,11
2023-12-22 15:00:00.000,2023,12,22,15,13008KT,18,10
2023-12-22 16:00:00.000,2023,12,22,16,14007KT,19,09
2023-12-22 17:00:00.000,2023,12,22,17,17007KT,21,10
2023-12-22 18:00:00.000,2023,12,22,18,04006KT,20,09
2023-12-22 19:00:00.000,2023,12,22,19,24012KT,17,13
2023-12-22 20:00:00.000,2023,12,22,20,26008KT,19,14
2023-12-22 21:00:00.000,2023,12,22,21,27006KT,19,13
2023-12-22 22:00:00.000,2023,12,22,22,28007KT,18,12
2023-12-22 23:00:00.000,2023,12,22,23,23004KT,17,12
2023-12-23 00:00:00.000,2023,12,23,0,VRB02KT,15,12
2023-12-23 01:00:00.000,2023,12,23,1,VRB02KT,15,12
2023-12-23 02:00:00.000,2023,12,23,2,02003KT,13,11
2023-12-23 03:00:00.000,2023,12,23,3,03005KT,12,11
2023-12-23 04:00:00.000,2023,12,23,4,04005KT,11,10
2023-12-23 05:00:00.000,2023,12,23,5,04006KT,11,10
2023-12-23 06:00:00.000,2023,12,23,6,05006KT,11,10
2023-12-23 07:00:00.000,2023,12,23,7,04004KT,11,10
2023-12-23 08:00:00.000,2023,12,23,8,06005KT,11,10
2023-12-23 09:00:00.000,2023,12,23,9,03006KT,11,10
2023-12-23 10:00:00.000,2023,12,23,10,VRB02KT,10,09
2023-12-23 10:30:00.000,2023,12,23,10,06004KT,08,08
2023-12-23 11:00:00.000,2023,12,23,11,05004KT,09,09
2023-12-23 12:00:00.000,2023,12,23,12,05006KT,11,10
2023-12-23 13:00:00.000,2023,12,23,13,06006KT,12,11
2023-12-23 14:00:00.000,2023,12,23,14,05007KT,16,12
2023-12-23 15:00:00.000,2023,12,23,15,10006KT,18,10
2023-12-23 16:00:00.000,2023,12,23,16,13006KT,20,10
2023-12-23 17:00:00.000,2023,12,23,17,15004KT,21,09
2023-12-23 18:00:00.000,2023,12,23,18,03006KT,20,09
2023-12-23 19:00:00.000,2023,12,23,19,04004KT,22,08
2023-12-23 20:00:00.000,2023,12,23,20,04006KT,21,10
2023-12-23 21:00:00.000,2023,12,23,21,29008KT,20,14
2023-12-23 22:00:00.000,2023,12,23,22,31007KT,19,13
2023-12-23 23:00:00.000,2023,12,23,23,28009KT,18,13
2023-12-24 00:00:00.000,2023,12,24,0,21010KT,16,14
2023-12-24 01:00:00.000,2023,12,24,1,VRB02KT,14,12
2023-12-24 02:00:00.000,2023,12,24,2,VRB02KT,12,11
2023-12-24 03:00:00.000,2023,12,24,3,34004KT,12,11
2023-12-24 04:00:00.000,2023,12,24,4,02003KT,11,10
2023-12-24 05:00:00.000,2023,12,24,5,06006KT,12,10
2023-12-24 06:00:00.000,2023,12,24,6,04005KT,11,10
2023-12-24 07:00:00.000,2023,12,24,7,35003KT,10,10
2023-12-24 08:00:00.000,2023,12,24,8,05005KT,11,10
2023-12-24 09:00:00.000,2023,12,24,9,04004KT,10,09
2023-12-24 10:00:00.000,2023,12,24,10,VRB02KT,10,09
2023-12-24 10:27:00.000,2023,12,24,10,VRB02KT,09,09
2023-12-24 11:00:00.000,2023,12,24,11,05005KT,09,08
2023-12-24 12:00:00.000,2023,12,24,12,06006KT,11,09
2023-12-24 13:00:00.000,2023,12,24,13,06005KT,14,11
2023-12-24 13:32:00.000,2023,12,24,13,06005KT,16,11
2023-12-24 14:00:00.000,2023,12,24,14,07004KT,17,11
2023-12-24 15:00:00.000,2023,12,24,15,04004KT,18,11
2023-12-24 16:00:00.000,2023,12,24,16,12007KT,20,11
2023-12-24 17:00:00.000,2023,12,24,17,13007KT,20,11
2023-12-24 18:00:00.000,2023,12,24,18,15009KT,20,10
2023-12-24 19:00:00.000,2023,12,24,19,18007KT,21,10
2023-12-24 20:00:00.000,2023,12,24,20,24008KT,20,13
2023-12-24 21:00:00.000,2023,12,24,21,25007KT,20,13
2023-12-24 22:00:00.000,2023,12,24,22,26007KT,19,13
2023-12-24 23:00:00.000,2023,12,24,23,23005KT,17,12
2023-12-25 00:00:00.000,2023,12,25,0,29004KT,14,12
2023-12-25 01:00:00.000,2023,12,25,1,VRB02KT,13,12
2023-12-25 02:00:00.000,2023,12,25,2,VRB02KT,13,11
2023-12-25 03:00:00.000,2023,12,25,3,32003KT,12,11
2023-12-25 04:00:00.000,2023,12,25,4,06003KT,14,11
2023-12-25 05:00:00.000,2023,12,25,5,05004KT,13,11
2023-12-25 06:00:00.000,2023,12,25,6,VRB02KT,13,11
2023-12-25 07:00:00.000,2023,12,25,7,05004KT,13,12
2023-12-25 08:00:00.000,2023,12,25,8,36003KT,13,12
2023-12-25 09:00:00.000,2023,12,25,9,07004KT,13,12
2023-12-25 10:00:00.000,2023,12,25,10,03005KT,12,11
2023-12-25 11:00:00.000,2023,12,25,11,VRB02KT,13,11
2023-12-25 12:00:00.000,2023,12,25,12,VRB02KT,13,11
2023-12-25 13:00:00.000,2023,12,25,13,35005KT,14,12
2023-12-25 14:00:00.000,2023,12,25,14,VRB02KT,16,13
2023-12-25 15:00:00.000,2023,12,25,15,02004KT,18,11
2023-12-25 16:00:00.000,2023,12,25,16,VRB02KT,19,12
2023-12-25 17:00:00.000,2023,12,25,17,10007KT,20,11
2023-12-25 18:00:00.000,2023,12,25,18,09006KT,20,11
2023-12-25 19:00:00.000,2023,12,25,19,12004KT,21,11
2023-12-25 20:00:00.000,2023,12,25,20,35003KT,20,13
2023-12-25 21:00:00.000,2023,12,25,21,24010KT,18,13
2023-12-25 22:00:00.000,2023,12,25,22,28005KT,17,14
2023-12-25 23:00:00.000,2023,12,25,23,27006KT,16,14
2023-12-26 00:00:00.000,2023,12,26,0,25005KT,15,14
2023-12-26 01:00:00.000,2023,12,26,1,VRB02KT,14,13
2023-12-26 02:00:00.000,2023,12,26,2,VRB02KT,15,13
2023-12-26 03:00:00.000,2023,12,26,3,35003KT,14,14
2023-12-26 04:00:00.000,2023,12,26,4,34003KT,14,13
2023-12-26 05:00:00.000,2023,12,26,5,35004KT,13,12
2023-12-26 06:00:00.000,2023,12,26,6,34003KT,13,12
2023-12-26 07:00:00.000,2023,12,26,7,35004KT,13,12
2023-12-26 08:00:00.000,2023,12,26,8,VRB02KT,12,12
2023-12-26 09:00:00.000,2023,12,26,9,VRB02KT,12,11
2023-12-26 10:00:00.000,2023,12,26,10,05005KT,13,11
2023-12-26 10:30:00.000,2023,12,26,10,04005KT,12,11
2023-12-26 11:00:00.000,2023,12,26,11,04004KT,13,12
2023-12-26 12:00:00.000,2023,12,26,12,01003KT,14,12
2023-12-26 13:00:00.000,2023,12,26,13,05004KT,15,12
2023-12-26 14:00:00.000,2023,12,26,14,04006KT,17,13
2023-12-26 15:00:00.000,2023,12,26,15,07004KT,18,12
2023-12-26 16:00:00.000,2023,12,26,16,03004KT,19,11
2023-12-26 17:00:00.000,2023,12,26,17,07003KT,20,10
2023-12-26 18:00:00.000,2023,12,26,18,VRB04KT,21,10
2023-12-26 19:00:00.000,2023,12,26,19,VRB02KT,21,10
2023-12-26 20:00:00.000,2023,12,26,20,23007KT,19,13
2023-12-26 21:00:00.000,2023,12,26,21,30010KT,17,14
2023-12-26 22:00:00.000,2023,12,26,22,26006KT,15,14
2023-12-26 23:00:00.000,2023,12,26,23,26005KT,15,14
2023-12-27 00:00:00.000,2023,12,27,0,VRB02KT,14,13
2023-12-27 01:00:00.000,2023,12,27,1,20003KT,14,13
2023-12-27 02:00:00.000,2023,12,27,2,VRB02KT,13,13
2023-12-27 03:00:00.000,2023,12,27,3,VRB02KT,14,13
2023-12-27 04:00:00.000,2023,12,27,4,33003KT,13,12
2023-12-27 05:00:00.000,2023,12,27,5,34003KT,12,12
2023-12-27 06:00:00.000,2023,12,27,6,35003KT,11,11
2023-12-27 07:00:00.000,2023,12,27,7,35003KT,11,11
2023-12-27 08:00:00.000,2023,12,27,8,29003KT,11,11
2023-12-27 09:00:00.000,2023,12,27,9,VRB02KT,11,11
2023-12-27 09:14:00.000,2023,12,27,9,00000KT,10,10
2023-12-27 10:00:00.000,2023,12,27,10,03003KT,10,10
2023-12-27 10:31:00.000,2023,12,27,10,VRB02KT,09,09
2023-12-27 11:00:00.000,2023,12,27,11,VRB02KT,09,09
2023-12-27 12:00:00.000,2023,12,27,12,35004KT,09,09
2023-12-27 13:00:00.000,2023,12,27,13,VRB02KT,11,11
2023-12-27 14:00:00.000,2023,12,27,14,03005KT,13,12
2023-12-27 15:00:00.000,2023,12,27,15,07003KT,16,12
2023-12-27 16:00:00.000,2023,12,27,16,VRB02KT,17,11
2023-12-27 17:00:00.000,2023,12,27,17,VRB02KT,19,11
2023-12-27 18:00:00.000,2023,12,27,18,VRB02KT,19,11
2023-12-27 19:00:00.000,2023,12,27,19,17004KT,20,10
2023-12-27 20:00:00.000,2023,12,27,20,31005KT,19,11
2023-12-27 21:00:00.000,2023,12,27,21,30008KT,20,13
2023-12-27 22:00:00.000,2023,12,27,22,27010KT,19,12
2023-12-27 23:00:00.000,2023,12,27,23,28008KT,16,13
2023-12-28 00:00:00.000,2023,12,28,0,27005KT,14,12
2023-12-28 01:00:00.000,2023,12,28,1,28006KT,15,13
2023-12-28 02:00:00.000,2023,12,28,2,27004KT,14,13
2023-12-28 03:00:00.000,2023,12,28,3,22003KT,14,13
2023-12-28 04:00:00.000,2023,12,28,4,VRB02KT,12,12
2023-12-28 05:00:00.000,2023,12,28,5,33003KT,13,13
2023-12-28 06:00:00.000,2023,12,28,6,29004KT,13,12
2023-12-28 07:00:00.000,2023,12,28,7,02003KT,13,12
2023-12-28 08:00:00.000,2023,12,28,8,VRB02KT,13,13
2023-12-28 09:00:00.000,2023,12,28,9,VRB02KT,13,12
2023-12-28 10:00:00.000,2023,12,28,10,VRB02KT,13,12
2023-12-28 10:28:00.000,2023,12,28,10,29003KT,13,12
2023-12-28 11:00:00.000,2023,12,28,11,VRB02KT,13,12
2023-12-28 12:00:00.000,2023,12,28,12,VRB02KT,14,13
2023-12-28 13:00:00.000,2023,12,28,13,20004KT,14,13
2023-12-28 14:00:00.000,2023,12,28,14,26003KT,15,13
2023-12-28 15:00:00.000,2023,12,28,15,17006KT,16,13
2023-12-28 16:00:00.000,2023,12,28,16,06004KT,17,12
2023-12-28 17:00:00.000,2023,12,28,17,07004KT,18,12
2023-12-28 18:00:00.000,2023,12,28,18,VRB02KT,19,12
2023-12-28 19:00:00.000,2023,12,28,19,35005KT,20,12
2023-12-28 20:00:00.000,2023,12,28,20,28008KT,17,14
2023-12-28 21:00:00.000,2023,12,28,21,29009KT,17,14
2023-12-28 22:00:00.000,2023,12,28,22,27009KT,16,13
2023-12-28 23:00:00.000,2023,12,28,23,29003KT,16,13
2023-12-29 00:00:00.000,2023,12,29,0,VRB02KT,15,13
2023-12-29 01:00:00.000,2023,12,29,1,33003KT,14,13
2023-12-29 02:00:00.000,2023,12,29,2,35003KT,15,13
2023-12-29 03:00:00.000,2023,12,29,3,VRB02KT,13,12
2023-12-29 04:00:00.000,2023,12,29,4,21004KT,13,11
2023-12-29 05:00:00.000,2023,12,29,5,VRB02KT,11,11
2023-12-29 06:00:00.000,2023,12,29,6,VRB02KT,12,11
2023-12-29 07:00:00.000,2023,12,29,7,VRB02KT,12,11
2023-12-29 08:00:00.000,2023,12,29,8,31003KT,12,11
2023-12-29 09:00:00.000,2023,12,29,9,33004KT,11,10
2023-12-29 10:00:00.000,2023,12,29,10,VRB02KT,11,10
2023-12-29 10:30:00.000,2023,12,29,10,VRB02KT,11,10
2023-12-29 11:00:00.000,2023,12,29,11,02004KT,10,10
2023-12-29 12:00:00.000,2023,12,29,12,04006KT,12,11
2023-12-29 13:00:00.000,2023,12,29,13,04004KT,14,11
2023-12-29 14:00:00.000,2023,12,29,14,06006KT,16,12
2023-12-29 16:00:00.000,2023,12,29,16,06004KT,21,11
2023-12-29 17:00:00.000,2023,12,29,17,36004KT,20,10
2023-12-29 18:00:00.000,2023,12,29,18,27010KT,18,13
2023-12-29 19:00:00.000,2023,12,29,19,27013KT,19,13
2023-12-29 20:00:00.000,2023,12,29,20,27008KT,17,14
2023-12-29 20:35:00.000,2023,12,29,20,29008KT,17,14
2023-12-29 21:00:00.000,2023,12,29,21,28008KT,15,14
2023-12-29 22:00:00.000,2023,12,29,22,28006KT,16,14
2023-12-29 23:00:00.000,2023,12,29,23,29008KT,15,14
2023-12-30 00:00:00.000,2023,12,30,0,28006KT,14,13
2023-12-30 01:00:00.000,2023,12,30,1,27003KT,14,13
2023-12-30 02:00:00.000,2023,12,30,2,28005KT,13,12
2023-12-30 03:00:00.000,2023,12,30,3,35003KT,12,12
2023-12-30 04:00:00.000,2023,12,30,4,VRB02KT,12,12
2023-12-30 05:00:00.000,2023,12,30,5,29003KT,14,13
2023-12-30 06:00:00.000,2023,12,30,6,VRB02KT,13,13
2023-12-30 07:00:00.000,2023,12,30,7,VRB02KT,13,12
2023-12-30 08:00:00.000,2023,12,30,8,VRB02KT,13,12
2023-12-30 09:00:00.000,2023,12,30,9,VRB02KT,12,12
2023-12-30 10:00:00.000,2023,12,30,10,33004KT,11,11
2023-12-30 10:29:00.000,2023,12,30,10,VRB02KT,11,11
2023-12-30 11:00:00.000,2023,12,30,11,VRB02KT,12,11
2023-12-30 12:00:00.000,2023,12,30,12,VRB02KT,12,12
2023-12-30 12:34:00.000,2023,12,30,12,VRB02KT,13,13
2023-12-30 13:00:00.000,2023,12,30,13,VRB02KT,14,13
2023-12-30 14:00:00.000,2023,12,30,14,VRB02KT,16,13
2023-12-30 14:35:00.000,2023,12,30,14,VRB03KT,18,12
2023-12-30 15:00:00.000,2023,12,30,15,36003KT,18,12
2023-12-30 16:00:00.000,2023,12,30,16,14004KT,19,10
2023-12-30 17:00:00.000,2023,12,30,17,33008G19KT,19,10
2023-12-30 18:00:00.000,2023,12,30,18,26008KT,18,13
2023-12-30 19:00:00.000,2023,12,30,19,25009KT,19,13
2023-12-30 20:00:00.000,2023,12,30,20,28007KT,18,13
2023-12-30 21:00:00.000,2023,12,30,21,27008KT,19,13
2023-12-30 22:00:00.000,2023,12,30,22,27011KT,16,14
2023-12-30 23:00:00.000,2023,12,30,23,30009KT,16,13
2023-12-31 00:00:00.000,2023,12,31,0,31008KT,15,13
2023-12-31 01:00:00.000,2023,12,31,1,30004KT,15,13
2023-12-31 02:00:00.000,2023,12,31,2,30004KT,14,13
2023-12-31 03:00:00.000,2023,12,31,3,35003KT,14,13
2023-12-31 04:00:00.000,2023,12,31,4,32007KT,14,12
2023-12-31 05:00:00.000,2023,12,31,5,00000KT,14,12
2023-12-31 06:00:00.000,2023,12,31,6,28003KT,13,12
2023-12-31 07:00:00.000,2023,12,31,7,VRB02KT,12,12
2023-12-31 08:00:00.000,2023,12,31,8,VRB02KT,13,12
2023-12-31 09:00:00.000,2023,12,31,9,VRB02KT,13,12
2023-12-31 10:00:00.000,2023,12,31,10,VRB02KT,12,11
2023-12-31 10:30:00.000,2023,12,31,10,VRB02KT,13,13
2023-12-31 11:00:00.000,2023,12,31,11,27003KT,13,12
2023-12-31 12:00:00.000,2023,12,31,12,VRB02KT,13,12
2023-12-31 13:00:00.000,2023,12,31,13,VRB02KT,15,13
2023-12-31 14:00:00.000,2023,12,31,14,VRB03KT,18,13
2023-12-31 15:00:00.000,2023,12,31,15,VRB02KT,20,12
2023-12-31 16:00:00.000,2023,12,31,16,VRB04KT,20,11
2023-12-31 17:00:00.000,2023,12,31,17,27004KT,21,10
2023-12-31 18:00:00.000,2023,12,31,18,30016KT,20,13
2023-12-31 18:45:00.000,2023,12,31,18,26010KT,18,14
2023-12-31 19:00:00.000,2023,12,31,19,27014KT,17,15
2023-12-31 20:00:00.000,2023,12,31,20,27008KT,16,14
2023-12-31 21:00:00.000,2023,12,31,21,31006KT,16,14
2023-12-31 22:00:00.000,2023,12,31,22,21004KT,16,14
2023-12-31 23:00:00.000,2023,12,31,23,VRB02KT,16,14
2024-01-01 00:00:00.000,2024,1,1,0,32004KT,14,13
2024-01-01 01:00:00.000,2024,1,1,1,VRB02KT,14,13
2024-01-01 02:00:00.000,2024,1,1,2,33004KT,12,12
2024-01-01 03:00:00.000,2024,1,1,3,VRB02KT,13,12
2024-01-01 04:00:00.000,2024,1,1,4,28004KT,14,12
2024-01-01 05:00:00.000,2024,1,1,5,VRB02KT,14,13
2024-01-01 06:00:00.000,2024,1,1,6,VRB02KT,14,12
2024-01-01 07:00:00.000,2024,1,1,7,VRB04G15KT,14,12
2024-01-01 08:00:00.000,2024,1,1,8,VRB01KT,13,12
2024-01-01 09:00:00.000,2024,1,1,9,VRB01KT,13,12
2024-01-01 10:00:00.000,2024,1,1,10,VRB01KT,12,12
2024-01-01 10:29:00.000,2024,1,1,10,VRB02KT,13,12
2024-01-01 11:00:00.000,2024,1,1,11,04005KT,13,12
2024-01-01 12:00:00.000,2024,1,1,12,VRB02KT,12,12
2024-01-01 13:00:00.000,2024,1,1,13,06003KT,15,12
2024-01-01 14:00:00.000,2024,1,1,14,VRB02KT,16,11
2024-01-01 15:00:00.000,2024,1,1,15,VRB02KT,17,11
2024-01-01 16:00:00.000,2024,1,1,16,06003KT,19,11
2024-01-01 17:00:00.000,2024,1,1,17,VRB05KT,19,11
2024-01-01 18:00:00.000,2024,1,1,18,01004KT,20,11
2024-01-01 19:00:00.000,2024,1,1,19,29008KT,21,13
2024-01-01 20:00:00.000,2024,1,1,20,26007KT,20,13
2024-01-01 21:00:00.000,2024,1,1,21,29010KT,19,13
2024-01-01 22:00:00.000,2024,1,1,22,28009KT,18,13
2024-01-01 23:00:00.000,2024,1,1,23,28007KT,16,13
2024-01-02 00:00:00.000,2024,1,2,0,29005KT,14,13
2024-01-02 01:00:00.000,2024,1,2,1,VRB03KT,15,13
2024-01-02 02:00:00.000,2024,1,2,2,33003KT,14,13
2024-01-02 03:00:00.000,2024,1,2,3,VRB02KT,15,13
2024-01-02 04:00:00.000,2024,1,2,4,23004KT,13,12
2024-01-02 05:00:00.000,2024,1,2,5,22003KT,12,12
2024-01-02 06:00:00.000,2024,1,2,6,VRB02KT,12,12
2024-01-02 07:00:00.000,2024,1,2,7,VRB02KT,13,12
2024-01-02 08:00:00.000,2024,1,2,8,26003KT,13,12
2024-01-02 09:00:00.000,2024,1,2,9,VRB02KT,12,12
2024-01-02 09:29:00.000,2024,1,2,9,VRB02KT,12,12
2024-01-02 10:00:00.000,2024,1,2,10,VRB02KT,13,12
2024-01-02 10:30:00.000,2024,1,2,10,VRB02KT,12,10
2024-01-02 11:00:00.000,2024,1,2,11,VRB02KT,11,11
2024-01-02 11:09:00.000,2024,1,2,11,VRB02KT,11,10
2024-01-02 12:00:00.000,2024,1,2,12,23003KT,13,09
2024-01-02 13:00:00.000,2024,1,2,13,VRB02KT,16,10
2024-01-02 14:00:00.000,2024,1,2,14,04006KT,17,12
2024-01-02 15:00:00.000,2024,1,2,15,VRB04KT,18,10
2024-01-02 16:00:00.000,2024,1,2,16,35005KT,18,10
2024-01-02 17:00:00.000,2024,1,2,17,32007KT,20,10
2024-01-02 18:00:00.000,2024,1,2,18,VRB03KT,21,10
2024-01-02 19:00:00.000,2024,1,2,19,25010KT,20,13
2024-01-02 20:00:00.000,2024,1,2,20,30012KT,19,13
2024-01-02 21:00:00.000,2024,1,2,21,28011KT,18,12
2024-01-02 22:00:00.000,2024,1,2,22,28010KT,17,12
2024-01-02 23:00:00.000,2024,1,2,23,28006KT,17,12
2024-01-03 00:00:00.000,2024,1,3,0,34003KT,15,12
2024-01-03 01:00:00.000,2024,1,3,1,33005KT,14,11
2024-01-03 02:00:00.000,2024,1,3,2,32003KT,13,11
2024-01-03 03:00:00.000,2024,1,3,3,32006KT,13,11
2024-01-03 04:00:00.000,2024,1,3,4,31004KT,13,12
2024-01-03 05:00:00.000,2024,1,3,5,29003KT,13,12
2024-01-03 06:00:00.000,2024,1,3,6,27003KT,12,11
2024-01-03 07:00:00.000,2024,1,3,7,32003KT,11,10
2024-01-03 08:00:00.000,2024,1,3,8,35003KT,11,10
2024-01-03 09:00:00.000,2024,1,3,9,VRB02KT,10,10
2024-01-03 10:00:00.000,2024,1,3,10,VRB02KT,09,09
2024-01-03 10:30:00.000,2024,1,3,10,00000KT,08,08
2024-01-03 11:00:00.000,2024,1,3,11,VRB02KT,08,08
2024-01-03 12:00:00.000,2024,1,3,12,35003KT,09,08
2024-01-03 13:00:00.000,2024,1,3,13,33003KT,12,10
2024-01-03 14:00:00.000,2024,1,3,14,32004KT,16,12
2024-01-03 15:00:00.000,2024,1,3,15,VRB02KT,19,12
2024-01-03 16:00:00.000,2024,1,3,16,VRB04KT,21,10
2024-01-03 17:00:00.000,2024,1,3,17,26004KT,21,10
2024-01-03 18:00:00.000,2024,1,3,18,28005KT,21,11
2024-01-03 19:00:00.000,2024,1,3,19,25010KT,19,12
2024-01-03 20:00:00.000,2024,1,3,20,29012KT,19,12
2024-01-03 21:00:00.000,2024,1,3,21,28012KT,19,12
2024-01-03 22:00:00.000,2024,1,3,22,27011KT,18,12
2024-01-03 23:00:00.000,2024,1,3,23,28010KT,16,12
2024-01-04 00:00:00.000,2024,1,4,0,30008KT,15,11
2024-01-04 01:00:00.000,2024,1,4,1,28006KT,14,09
2024-01-04 02:00:00.000,2024,1,4,2,29005KT,13,09
2024-01-04 03:00:00.000,2024,1,4,3,VRB02KT,12,08
2024-01-04 04:00:00.000,2024,1,4,4,VRB02KT,11,09
2024-01-04 05:00:00.000,2024,1,4,5,33004KT,10,08
2024-01-04 06:00:00.000,2024,1,4,6,00000KT,10,09
2024-01-04 07:00:00.000,2024,1,4,7,VRB02KT,09,09
2024-01-04 08:00:00.000,2024,1,4,8,VRB02KT,07,07
2024-01-04 09:00:00.000,2024,1,4,9,35003KT,05,05
2024-01-04 10:00:00.000,2024,1,4,10,35003KT,05,05
2024-01-04 10:33:00.000,2024,1,4,10,34003KT,05,05
2024-01-04 11:00:00.000,2024,1,4,11,VRB02KT,05,04
2024-01-04 12:00:00.000,2024,1,4,12,27003KT,07,06
2024-01-04 13:00:00.000,2024,1,4,13,VRB02KT,11,10
2024-01-04 13:36:00.000,2024,1,4,13,06003KT,13,09
2024-01-04 14:00:00.000,2024,1,4,14,VRB02KT,15,10
2024-01-04 14:26:00.000,2024,1,4,14,VRB02KT,17,10
2024-01-04 15:00:00.000,2024,1,4,15,VRB02KT,19,09
2024-01-04 16:00:00.000,2024,1,4,16,33004KT,20,09
2024-01-04 17:00:00.000,2024,1,4,17,01004KT,21,06
2024-01-04 18:00:00.000,2024,1,4,18,34006KT,22,07
2024-01-04 19:00:00.000,2024,1,4,19,29014KT,21,11
2024-01-04 20:00:00.000,2024,1,4,20,27012KT,20,12
2024-01-04 21:00:00.000,2024,1,4,21,27013KT,19,11
2024-01-04 22:00:00.000,2024,1,4,22,27009KT,18,12
2024-01-04 23:00:00.000,2024,1,4,23,26008KT,17,12
2024-01-05 00:00:00.000,2024,1,5,0,29005KT,15,13
2024-01-05 01:00:00.000,2024,1,5,1,26003KT,13,12
2024-01-05 02:00:00.000,2024,1,5,2,VRB03KT,14,12
2024-01-05 03:00:00.000,2024,1,5,3,26004KT,15,12
2024-01-05 04:00:00.000,2024,1,5,4,29004KT,14,12
2024-01-05 05:00:00.000,2024,1,5,5,28005KT,13,12
2024-01-05 06:00:00.000,2024,1,5,6,VRB02KT,11,11
2024-01-05 07:00:00.000,2024,1,5,7,VRB02KT,12,11
2024-01-05 08:00:00.000,2024,1,5,8,29003KT,10,10
2024-01-05 09:00:00.000,2024,1,5,9,VRB02KT,09,08
2024-01-05 10:00:00.000,2024,1,5,10,27004KT,09,09
2024-01-05 11:00:00.000,2024,1,5,11,VRB02KT,09,09
2024-01-05 12:00:00.000,2024,1,5,12,34003KT,09,09
2024-01-05 12:33:00.000,2024,1,5,12,VRB02KT,11,10
2024-01-05 13:00:00.000,2024,1,5,13,35003KT,13,11
2024-01-05 14:00:00.000,2024,1,5,14,VRB02KT,15,11
2024-01-05 15:00:00.000,2024,1,5,15,35004KT,18,11
2024-01-05 16:00:00.000,2024,1,5,16,28005KT,18,09
2024-01-05 17:00:00.000,2024,1,5,17,32006KT,20,07
2024-01-05 18:00:00.000,2024,1,5,18,29011KT,19,10
2024-01-05 19:00:00.000,2024,1,5,19,28010KT,21,09
2024-01-05 20:00:00.000,2024,1,5,20,28011KT,20,11
2024-01-05 21:00:00.000,2024,1,5,21,26009KT,19,11
2024-01-05 22:00:00.000,2024,1,5,22,28011KT,18,12
2024-01-05 23:00:00.000,2024,1,5,23,31007KT,16,13
2024-01-06 00:00:00.000,2024,1,6,0,26005KT,14,12
2024-01-06 01:00:00.000,2024,1,6,1,VRB02KT,13,12
2024-01-06 02:00:00.000,2024,1,6,2,VRB02KT,13,12
2024-01-06 03:00:00.000,2024,1,6,3,32003KT,13,13
2024-01-06 04:00:00.000,2024,1,6,4,34004KT,12,11
2024-01-06 05:00:00.000,2024,1,6,5,02003KT,13,11
2024-01-06 06:00:00.000,2024,1,6,6,05005KT,11,10
2024-01-06 07:00:00.000,2024,1,6,7,04005KT,10,09
2024-01-06 08:00:00.000,2024,1,6,8,06005KT,09,08
2024-01-06 09:00:00.000,2024,1,6,9,06006KT,10,08
2024-01-06 10:00:00.000,2024,1,6,10,06005KT,08,07
2024-01-06 10:28:00.000,2024,1,6,10,05004KT,08,07
2024-01-06 11:00:00.000,2024,1,6,11,VRB02KT,08,08
2024-01-06 12:00:00.000,2024,1,6,12,VRB02KT,10,09
2024-01-06 13:00:00.000,2024,1,6,13,07006KT,13,09
2024-01-06 14:00:00.000,2024,1,6,14,04003KT,15,09
2024-01-06 15:00:00.000,2024,1,6,15,VRB03KT,18,08
2024-01-06 16:00:00.000,2024,1,6,16,02005KT,19,07
2024-01-06 17:00:00.000,2024,1,6,17,03006KT,21,06
2024-01-06 18:00:00.000,2024,1,6,18,29004KT,23,06
2024-01-06 19:00:00.000,2024,1,6,19,24009KT,22,09
2024-01-06 20:00:00.000,2024,1,6,20,27012KT,21,11
2024-01-06 21:00:00.000,2024,1,6,21,28012KT,20,12
2024-01-06 22:00:00.000,2024,1,6,22,30010KT,20,11
2024-01-06 23:00:00.000,2024,1,6,23,31009KT,18,09
2024-01-07 00:00:00.000,2024,1,7,0,01003KT,14,11
2024-01-07 01:00:00.000,2024,1,7,1,05003KT,13,11
2024-01-07 02:00:00.000,2024,1,7,2,VRB02KT,13,09
2024-01-07 03:00:00.000,2024,1,7,3,04004KT,12,07
2024-01-07 04:00:00.000,2024,1,7,4,VRB02KT,12,06
2024-01-07 05:00:00.000,2024,1,7,5,VRB02KT,11,06
2024-01-07 06:00:00.000,2024,1,7,6,VRB02KT,07,05
2024-01-07 07:00:00.000,2024,1,7,7,01003KT,07,06
2024-01-07 08:00:00.000,2024,1,7,8,08003KT,08,06
2024-01-07 09:00:00.000,2024,1,7,9,04005KT,06,05
2024-01-07 10:00:00.000,2024,1,7,10,04003KT,07,06
2024-01-07 10:30:00.000,2024,1,7,10,VRB02KT,06,05
2024-01-07 11:00:00.000,2024,1,7,11,VRB02KT,06,05
2024-01-07 12:00:00.000,2024,1,7,12,VRB02KT,08,07
2024-01-07 13:00:00.000,2024,1,7,13,09003KT,14,07
2024-01-07 14:00:00.000,2024,1,7,14,11003KT,16,05
2024-01-07 15:00:00.000,2024,1,7,15,04004KT,18,08
2024-01-07 16:00:00.000,2024,1,7,16,13007KT,20,07
2024-01-07 17:00:00.000,2024,1,7,17,09009KT,21,08
2024-01-07 18:00:00.000,2024,1,7,18,11009KT,20,08
2024-01-07 19:00:00.000,2024,1,7,19,16013KT,22,09
2024-01-07 20:00:00.000,2024,1,7,20,17014KT,22,09
2024-01-07 21:00:00.000,2024,1,7,21,16012KT,21,09
2024-01-07 22:00:00.000,2024,1,7,22,14009KT,20,08
2024-01-07 23:00:00.000,2024,1,7,23,14007KT,18,08
2024-01-08 00:00:00.000,2024,1,8,0,12004KT,15,09
2024-01-08 01:00:00.000,2024,1,8,1,32006KT,12,10
2024-01-08 02:00:00.000,2024,1,8,2,33003KT,12,10
2024-01-08 03:00:00.000,2024,1,8,3,33003KT,10,08
2024-01-08 04:00:00.000,2024,1,8,4,35003KT,10,09
2024-01-08 05:00:00.000,2024,1,8,5,VRB02KT,09,08
2024-01-08 06:00:00.000,2024,1,8,6,34003KT,08,07
2024-01-08 07:00:00.000,2024,1,8,7,30004KT,09,08
2024-01-08 08:00:00.000,2024,1,8,8,VRB02KT,05,05
2024-01-08 09:00:00.000,2024,1,8,9,29004KT,06,06
2024-01-08 10:00:00.000,2024,1,8,10,VRB02KT,06,06
2024-01-08 10:30:00.000,2024,1,8,10,VRB02KT,05,05
2024-01-08 11:00:00.000,2024,1,8,11,02003KT,04,04
2024-01-08 12:00:00.000,2024,1,8,12,VRB02KT,04,04
2024-01-08 13:00:00.000,2024,1,8,13,36003KT,10,09
2024-01-08 13:08:00.000,2024,1,8,13,05004KT,12,09
2024-01-08 14:00:00.000,2024,1,8,14,05003KT,15,09
2024-01-08 15:00:00.000,2024,1,8,15,06005KT,17,09
2024-01-08 16:00:00.000,2024,1,8,16,02003KT,18,07
2024-01-08 17:00:00.000,2024,1,8,17,13008KT,20,08
2024-01-08 18:00:00.000,2024,1,8,18,20006KT,22,07
2024-01-08 19:00:00.000,2024,1,8,19,12004KT,22,06
2024-01-08 20:00:00.000,2024,1,8,20,24014KT,22,11
2024-01-08 21:00:00.000,2024,1,8,21,24012KT,20,12
2024-01-08 22:00:00.000,2024,1,8,22,27010KT,19,09
2024-01-08 23:00:00.000,2024,1,8,23,28008KT,17,08
2024-01-09 00:00:00.000,2024,1,9,0,24004KT,16,08
2024-01-09 01:00:00.000,2024,1,9,1,VRB02KT,13,08
2024-01-09 02:00:00.000,2024,1,9,2,VRB02KT,11,09
2024-01-09 03:00:00.000,2024,1,9,3,VRB02KT,10,09
2024-01-09 04:00:00.000,2024,1,9,4,04004KT,10,08
2024-01-09 05:00:00.000,2024,1,9,5,VRB02KT,10,09
2024-01-09 06:00:00.000,2024,1,9,6,03003KT,08,08
2024-01-09 07:00:00.000,2024,1,9,7,34004KT,08,08
2024-01-09 08:00:00.000,2024,1,9,8,34004KT,04,04
2024-01-09 09:00:00.000,2024,1,9,9,02003KT,05,05
2024-01-09 10:00:00.000,2024,1,9,10,VRB02KT,05,05
2024-01-09 10:30:00.000,2024,1,9,10,VRB02KT,06,05
2024-01-09 11:00:00.000,2024,1,9,11,04004KT,05,04
2024-01-09 12:00:00.000,2024,1,9,12,03004KT,07,06
2024-01-09 12:23:00.000,2024,1,9,12,01003KT,09,07
2024-01-09 13:00:00.000,2024,1,9,13,03003KT,11,08
2024-01-09 13:28:00.000,2024,1,9,13,06003KT,14,09
2024-01-09 14:00:00.000,2024,1,9,14,06004KT,15,08
2024-01-09 15:00:00.000,2024,1,9,15,VRB02KT,18,07
2024-01-09 16:00:00.000,2024,1,9,16,21003KT,20,07
2024-01-09 17:00:00.000,2024,1,9,17,21008KT,22,08
2024-01-09 18:00:00.000,2024,1,9,18,25007KT,21,12
2024-01-09 19:00:00.000,2024,1,9,19,23008KT,20,11
2024-01-09 20:00:00.000,2024,1,9,20,23009KT,21,11
2024-01-09 21:00:00.000,2024,1,9,21,24008KT,20,12
2024-01-09 22:00:00.000,2024,1,9,22,25009KT,20,12
2024-01-09 23:00:00.000,2024,1,9,23,28009KT,17,12
2024-01-10 00:00:00.000,2024,1,10,0,30004KT,15,13
2024-01-10 01:00:00.000,2024,1,10,1,35003KT,14,12
2024-01-10 02:00:00.000,2024,1,10,2,34003KT,12,12
2024-01-10 03:00:00.000,2024,1,10,3,36004KT,11,11
2024-01-10 04:00:00.000,2024,1,10,4,VRB02KT,11,08
2024-01-10 05:00:00.000,2024,1,10,5,VRB02KT,10,08
2024-01-10 06:00:00.000,2024,1,10,6,VRB02KT,10,09
2024-01-10 07:00:00.000,2024,1,10,7,VRB02KT,08,08
2024-01-10 08:00:00.000,2024,1,10,8,VRB02KT,08,07
2024-01-10 09:00:00.000,2024,1,10,9,VRB02KT,07,07
2024-01-10 10:00:00.000,2024,1,10,10,01003KT,06,06
2024-01-10 10:30:00.000,2024,1,10,10,VRB02KT,05,04
2024-01-10 11:00:00.000,2024,1,10,11,VRB02KT,06,05
2024-01-10 12:00:00.000,2024,1,10,12,34004KT,07,06
2024-01-10 12:23:00.000,2024,1,10,12,VRB02KT,09,08
2024-01-10 13:00:00.000,2024,1,10,13,02004KT,11,08
2024-01-10 13:18:00.000,2024,1,10,13,36004KT,13,09
2024-01-10 14:00:00.000,2024,1,10,14,01004KT,15,10
2024-01-10 14:23:00.000,2024,1,10,14,04006KT,18,10
2024-01-10 15:00:00.000,2024,1,10,15,04006KT,19,09
2024-01-10 16:00:00.000,2024,1,10,16,03006KT,20,09
2024-01-10 17:00:00.000,2024,1,10,17,VRB03KT,21,08
2024-01-10 18:00:00.000,2024,1,10,18,29010KT,21,11
2024-01-10 19:00:00.000,2024,1,10,19,24008KT,21,12
2024-01-10 20:00:00.000,2024,1,10,20,29012KT,21,14
2024-01-10 21:00:00.000,2024,1,10,21,30011KT,19,13
2024-01-10 22:00:00.000,2024,1,10,22,31006KT,17,15
2024-01-10 23:00:00.000,2024,1,10,23,28006KT,17,15
2024-01-11 00:00:00.000,2024,1,11,0,27003KT,16,14
2024-01-11 01:00:00.000,2024,1,11,1,32005KT,15,14
2024-01-11 02:00:00.000,2024,1,11,2,26003KT,15,14
2024-01-11 03:00:00.000,2024,1,11,3,32003KT,14,12
2024-01-11 04:00:00.000,2024,1,11,4,VRB02KT,13,11
2024-01-11 06:00:00.000,2024,1,11,6,01003KT,09,08
2024-01-11 07:00:00.000,2024,1,11,7,04004KT,08,07
2024-01-11 08:00:00.000,2024,1,11,8,VRB02KT,08,08
2024-01-11 09:00:00.000,2024,1,11,9,06005KT,07,07
2024-01-11 10:00:00.000,2024,1,11,10,10003KT,07,06
2024-01-11 11:00:00.000,2024,1,11,11,08003KT,09,08
2024-01-11 12:00:00.000,2024,1,11,12,VRB02KT,10,07
2024-01-11 13:00:00.000,2024,1,11,13,06007KT,13,09
2024-01-11 13:23:00.000,2024,1,11,13,04006KT,15,09
2024-01-11 14:00:00.000,2024,1,11,14,06006KT,16,09
2024-01-11 15:00:00.000,2024,1,11,15,31004KT,18,09
2024-01-11 16:00:00.000,2024,1,11,16,14004KT,20,06
2024-01-11 17:00:00.000,2024,1,11,17,15006KT,22,08
2024-01-11 18:00:00.000,2024,1,11,18,27011KT,21,12
2024-01-11 19:00:00.000,2024,1,11,19,28014KT,21,12
2024-01-11 20:00:00.000,2024,1,11,20,27013KT,19,13
2024-01-11 21:00:00.000,2024,1,11,21,26011KT,17,13
2024-01-11 22:00:00.000,2024,1,11,22,24009KT,18,12
2024-01-11 23:00:00.000,2024,1,11,23,26004KT,16,12
2024-01-12 00:00:00.000,2024,1,12,0,24004KT,15,11
2024-01-12 01:00:00.000,2024,1,12,1,VRB02KT,14,12
2024-01-12 02:00:00.000,2024,1,12,2,VRB02KT,13,12
2024-01-12 03:00:00.000,2024,1,12,3,28005KT,15,13
2024-01-12 04:00:00.000,2024,1,12,4,VRB02KT,14,13
2024-01-12 05:00:00.000,2024,1,12,5,25004KT,15,13
2024-01-12 06:00:00.000,2024,1,12,6,VRB02KT,13,12
2024-01-12 07:00:00.000,2024,1,12,7,33003KT,12,12
2024-01-12 08:00:00.000,2024,1,12,8,33003KT,13,12
2024-01-12 09:00:00.000,2024,1,12,9,VRB02KT,13,12
2024-01-12 10:00:00.000,2024,1,12,10,VRB02KT,13,12
2024-01-12 10:29:00.000,2024,1,12,10,35003KT,12,11
2024-01-12 11:00:00.000,2024,1,12,11,35004KT,12,12
2024-01-12 12:00:00.000,2024,1,12,12,VRB02KT,13,12
2024-01-12 13:00:00.000,2024,1,12,13,36004KT,14,13
2024-01-12 13:29:00.000,2024,1,12,13,04004KT,16,12
2024-01-12 14:00:00.000,2024,1,12,14,VRB02KT,17,12
2024-01-12 15:00:00.000,2024,1,12,15,VRB02KT,18,11
2024-01-12 16:00:00.000,2024,1,12,16,27003KT,20,10
2024-01-12 17:00:00.000,2024,1,12,17,VRB02KT,20,09
2024-01-12 18:00:00.000,2024,1,12,18,24011KT,21,13
2024-01-12 19:00:00.000,2024,1,12,19,26013KT,21,12
2024-01-12 20:00:00.000,2024,1,12,20,32014KT,18,12
2024-01-12 21:00:00.000,2024,1,12,21,27011KT,20,12
2024-01-12 22:00:00.000,2024,1,12,22,28010KT,18,12
2024-01-12 23:00:00.000,2024,1,12,23,29009KT,17,12
2024-01-13 00:00:00.000,2024,1,13,0,26005KT,16,13
2024-01-13 01:00:00.000,2024,1,13,1,VRB03KT,15,13
2024-01-13 02:00:00.000,2024,1,13,2,32003KT,14,12
2024-01-13 03:00:00.000,2024,1,13,3,VRB02KT,14,13
2024-01-13 04:00:00.000,2024,1,13,4,VRB02KT,14,13
2024-01-13 05:00:00.000,2024,1,13,5,VRB02KT,13,13
2024-01-13 06:00:00.000,2024,1,13,6,36004KT,14,13
2024-01-13 07:00:00.000,2024,1,13,7,VRB02KT,13,12
2024-01-13 08:00:00.000,2024,1,13,8,30004KT,13,11
2024-01-13 09:00:00.000,2024,1,13,9,33002KT,13,12
2024-01-13 10:00:00.000,2024,1,13,10,35002KT,11,10
2024-01-13 11:00:00.000,2024,1,13,11,VRB02KT,12,11
2024-01-13 11:08:00.000,2024,1,13,11,VRB02KT,11,11
2024-01-13 12:00:00.000,2024,1,13,12,34004KT,11,10
2024-01-13 12:26:00.000,2024,1,13,12,03003KT,13,11
2024-01-13 13:00:00.000,2024,1,13,13,04003KT,14,12
2024-01-13 13:34:00.000,2024,1,13,13,13003KT,17,12
2024-01-13 14:00:00.000,2024,1,13,14,31003KT,18,12
2024-01-13 15:00:00.000,2024,1,13,15,27004KT,19,11
2024-01-13 16:00:00.000,2024,1,13,16,26005KT,20,10
2024-01-13 17:00:00.000,2024,1,13,17,30006KT,21,15
2024-01-13 18:00:00.000,2024,1,13,18,24015KT,17,13
2024-01-13 19:00:00.000,2024,1,13,19,25009KT,17,14
2024-01-13 20:00:00.000,2024,1,13,20,28012KT,17,14
2024-01-13 20:14:00.000,2024,1,13,20,27009KT,17,13
2024-01-13 21:00:00.000,2024,1,13,21,28009KT,17,14
2024-01-13 22:00:00.000,2024,1,13,22,32008KT,17,13
2024-01-13 23:00:00.000,2024,1,13,23,29009KT,17,13
2024-01-14 00:00:00.000,2024,1,14,0,31005KT,15,13
2024-01-14 01:00:00.000,2024,1,14,1,31006KT,14,13
2024-01-14 02:00:00.000,2024,1,14,2,29005KT,14,13
2024-01-14 03:00:00.000,2024,1,14,3,VRB02KT,13,13
2024-01-14 04:00:00.000,2024,1,14,4,26003KT,14,13
2024-01-14 05:00:00.000,2024,1,14,5,30006KT,13,12
2024-01-14 06:00:00.000,2024,1,14,6,28003KT,13,13
2024-01-14 07:00:00.000,2024,1,14,7,VRB02KT,13,12
2024-01-14 08:00:00.000,2024,1,14,8,VRB02KT,12,11
2024-01-14 09:00:00.000,2024,1,14,9,VRB02KT,11,11
2024-01-14 10:00:00.000,2024,1,14,10,VRB02KT,11,11
2024-01-14 10:24:00.000,2024,1,14,10,VRB02KT,11,11
2024-01-14 11:00:00.000,2024,1,14,11,22003KT,11,11
2024-01-14 11:16:00.000,2024,1,14,11,VRB02KT,09,08
2024-01-14 11:31:00.000,2024,1,14,11,VRB02KT,09,09
2024-01-14 12:00:00.000,2024,1,14,12,VRB02KT,09,09
2024-01-14 12:31:00.000,2024,1,14,12,05004KT,11,10
2024-01-14 13:00:00.000,2024,1,14,13,05003KT,13,12
2024-01-14 13:34:00.000,2024,1,14,13,04003KT,15,12
2024-01-14 14:00:00.000,2024,1,14,14,02004KT,16,12
2024-01-14 14:25:00.000,2024,1,14,14,06003KT,18,11
2024-01-14 15:00:00.000,2024,1,14,15,05004KT,18,11
2024-01-14 16:00:00.000,2024,1,14,16,VRB02KT,18,10
2024-01-14 16:24:00.000,2024,1,14,16,08003KT,20,10
2024-01-14 17:00:00.000,2024,1,14,17,12007KT,20,09
2024-01-14 18:00:00.000,2024,1,14,18,VRB07KT,21,08
2024-01-14 19:00:00.000,2024,1,14,19,VRB05KT,22,07
2024-01-14 20:00:00.000,2024,1,14,20,23011KT,21,12
2024-01-14 21:00:00.000,2024,1,14,21,24010KT,21,11
2024-01-14 22:00:00.000,2024,1,14,22,28009KT,19,12
2024-01-14 23:00:00.000,2024,1,14,23,28009KT,17,10
2024-01-15 00:00:00.000,2024,1,15,0,26005KT,16,10
2024-01-15 01:00:00.000,2024,1,15,1,25005KT,15,12
2024-01-15 02:00:00.000,2024,1,15,2,26003KT,15,12
2024-01-15 03:00:00.000,2024,1,15,3,22003KT,15,11
2024-01-15 03:08:00.000,2024,1,15,3,02003KT,11,11
2024-01-15 04:00:00.000,2024,1,15,4,03003KT,12,11
2024-01-15 05:00:00.000,2024,1,15,5,36003KT,12,10
2024-01-15 06:00:00.000,2024,1,15,6,00000KT,11,10
2024-01-15 07:00:00.000,2024,1,15,7,03005KT,10,09
2024-01-15 08:00:00.000,2024,1,15,8,36004KT,09,08
2024-01-15 09:00:00.000,2024,1,15,9,06004KT,08,07
2024-01-15 10:00:00.000,2024,1,15,10,VRB02KT,08,07
2024-01-15 10:29:00.000,2024,1,15,10,VRB02KT,07,07
2024-01-15 11:00:00.000,2024,1,15,11,26005KT,08,08
2024-01-15 12:00:00.000,2024,1,15,12,33006KT,07,06
2024-01-15 12:20:00.000,2024,1,15,12,32007KT,10,08
2024-01-15 13:00:00.000,2024,1,15,13,27005KT,14,07
2024-01-15 13:36:00.000,2024,1,15,13,07013KT,16,06
2024-01-15 14:00:00.000,2024,1,15,14,06012KT,16,05
2024-01-15 15:00:00.000,2024,1,15,15,01006KT,17,06
2024-01-15 16:00:00.000,2024,1,15,16,05009KT,20,06
2024-01-15 17:00:00.000,2024,1,15,17,10008G19KT,22,05
2024-01-15 18:00:00.000,2024,1,15,18,14018KT,22,04
2024-01-15 19:00:00.000,2024,1,15,19,15015KT,23,05
2024-01-15 20:00:00.000,2024,1,15,20,14016KT,22,05
2024-01-15 21:00:00.000,2024,1,15,21,13014KT,22,05
2024-01-15 22:00:00.000,2024,1,15,22,08011KT,20,12
2024-01-15 23:00:00.000,2024,1,15,23,31007KT,17,13
2024-01-16 00:00:00.000,2024,1,16,0,02004KT,15,13
2024-01-16 01:00:00.000,2024,1,16,1,04005KT,12,09
2024-01-16 02:00:00.000,2024,1,16,2,06003KT,13,06
2024-01-16 03:00:00.000,2024,1,16,3,07003KT,12,07
2024-01-16 04:00:00.000,2024,1,16,4,08005KT,13,08
2024-01-16 05:00:00.000,2024,1,16,5,06007KT,10,06
2024-01-16 06:00:00.000,2024,1,16,6,05006KT,09,06
2024-01-16 07:00:00.000,2024,1,16,7,07005KT,10,07
2024-01-16 08:00:00.000,2024,1,16,8,06006KT,08,07
2024-01-16 09:00:00.000,2024,1,16,9,06005KT,08,07
2024-01-16 10:00:00.000,2024,1,16,10,05006KT,07,06
2024-01-16 10:30:00.000,2024,1,16,10,05004KT,08,07
2024-01-16 11:00:00.000,2024,1,16,11,05006KT,08,07
2024-01-16 12:00:00.000,2024,1,16,12,04005KT,07,07
2024-01-16 12:36:00.000,2024,1,16,12,05004KT,12,08
2024-01-16 13:00:00.000,2024,1,16,13,04004KT,12,07
2024-01-16 13:23:00.000,2024,1,16,13,04004KT,14,07
2024-01-16 14:00:00.000,2024,1,16,14,08004KT,17,03
2024-01-16 15:00:00.000,2024,1,16,15,08006G16KT,19,04
2024-01-16 16:00:00.000,2024,1,16,16,10015KT,21,02
2024-01-16 17:00:00.000,2024,1,16,17,15012KT,22,04
2024-01-16 18:00:00.000,2024,1,16,18,15019KT,22,05
2024-01-16 19:00:00.000,2024,1,16,19,16014KT,22,05
2024-01-16 20:00:00.000,2024,1,16,20,13015KT,23,05
2024-01-16 21:00:00.000,2024,1,16,21,15013KT,21,05
2024-01-16 22:00:00.000,2024,1,16,22,14008KT,20,05
2024-01-16 23:00:00.000,2024,1,16,23,13011KT,19,05
2024-01-17 00:00:00.000,2024,1,17,0,14009KT,16,07
2024-01-17 01:00:00.000,2024,1,17,1,08006KT,15,06
2024-01-17 02:00:00.000,2024,1,17,2,03005KT,11,06
2024-01-17 03:00:00.000,2024,1,17,3,35005KT,10,04
2024-01-17 04:00:00.000,2024,1,17,4,06004KT,10,04
2024-01-17 05:00:00.000,2024,1,17,5,VRB02KT,09,04
2024-01-17 06:00:00.000,2024,1,17,6,07004KT,10,06
2024-01-17 07:00:00.000,2024,1,17,7,VRB02KT,09,06
2024-01-17 08:00:00.000,2024,1,17,8,VRB02KT,08,07
2024-01-17 09:00:00.000,2024,1,17,9,34003KT,08,06
2024-01-17 10:00:00.000,2024,1,17,10,03003KT,07,06
2024-01-17 10:34:00.000,2024,1,17,10,VRB02KT,08,06
2024-01-17 11:00:00.000,2024,1,17,11,VRB02KT,07,06
2024-01-17 12:00:00.000,2024,1,17,12,07006KT,09,06
2024-01-17 13:00:00.000,2024,1,17,13,06004KT,13,06
2024-01-17 14:00:00.000,2024,1,17,14,VRB02KT,17,05
2024-01-17 14:26:00.000,2024,1,17,14,12007KT,19,07
2024-01-17 15:00:00.000,2024,1,17,15,08008KT,18,07
2024-01-17 16:00:00.000,2024,1,17,16,11010KT,21,07
2024-01-17 17:00:00.000,2024,1,17,17,08010KT,20,07
2024-01-17 17:32:00.000,2024,1,17,17,12010G21KT,22,08
2024-01-17 18:00:00.000,2024,1,17,18,11012KT,22,07
2024-01-17 19:00:00.000,2024,1,17,19,11007KT,22,07
2024-01-17 20:00:00.000,2024,1,17,20,13011KT,21,08
2024-01-17 21:00:00.000,2024,1,17,21,09009KT,20,07
2024-01-17 22:00:00.000,2024,1,17,22,05010KT,20,06
2024-01-17 23:00:00.000,2024,1,17,23,07010KT,18,05
2024-01-18 00:00:00.000,2024,1,18,0,08009KT,16,06
2024-01-18 01:00:00.000,2024,1,18,1,08010KT,14,06
2024-01-18 02:00:00.000,2024,1,18,2,10008KT,15,06
2024-01-18 03:00:00.000,2024,1,18,3,11004KT,15,08
2024-01-18 04:00:00.000,2024,1,18,4,12007KT,14,08
2024-01-18 05:00:00.000,2024,1,18,5,07005KT,14,09
2024-01-18 06:00:00.000,2024,1,18,6,10006KT,13,08
2024-01-18 07:00:00.000,2024,1,18,7,VRB02KT,13,09
2024-01-18 08:00:00.000,2024,1,18,8,01003KT,08,07
2024-01-18 09:00:00.000,2024,1,18,9,VRB02KT,09,08
2024-01-18 10:00:00.000,2024,1,18,10,06005KT,08,07
2024-01-18 10:30:00.000,2024,1,18,10,34003KT,09,08
2024-01-18 11:00:00.000,2024,1,18,11,01003KT,08,07
2024-01-18 12:00:00.000,2024,1,18,12,01003KT,09,08
2024-01-18 12:08:00.000,2024,1,18,12,05004KT,11,10
2024-01-18 12:25:00.000,2024,1,18,12,05005KT,13,10
2024-01-18 13:00:00.000,2024,1,18,13,06007KT,15,10
2024-01-18 14:00:00.000,2024,1,18,14,09008KT,18,09
2024-01-18 15:00:00.000,2024,1,18,15,11008KT,18,08
2024-01-18 16:00:00.000,2024,1,18,16,15014KT,20,08
2024-01-18 17:00:00.000,2024,1,18,17,14008KT,21,09
2024-01-18 18:00:00.000,2024,1,18,18,13013KT,23,06
2024-01-18 19:00:00.000,2024,1,18,19,14013KT,24,06
2024-01-18 20:00:00.000,2024,1,18,20,14016KT,23,05
2024-01-18 21:00:00.000,2024,1,18,21,14014KT,22,03
2024-01-18 22:00:00.000,2024,1,18,22,14012KT,21,05
2024-01-18 23:00:00.000,2024,1,18,23,07009KT,17,04
2024-01-19 00:00:00.000,2024,1,19,0,07006KT,16,05
2024-01-19 01:00:00.000,2024,1,19,1,04005KT,13,06
2024-01-19 02:00:00.000,2024,1,19,2,03005KT,11,06
2024-01-19 03:00:00.000,2024,1,19,3,05005KT,12,07
2024-01-19 04:00:00.000,2024,1,19,4,06005KT,11,07
2024-01-19 05:00:00.000,2024,1,19,5,04004KT,10,07
2024-01-19 06:00:00.000,2024,1,19,6,04004KT,09,07
2024-01-19 07:00:00.000,2024,1,19,7,07003KT,09,07
2024-01-19 08:00:00.000,2024,1,19,8,08004KT,10,08
2024-01-19 09:00:00.000,2024,1,19,9,08005KT,09,07
2024-01-19 10:00:00.000,2024,1,19,10,VRB02KT,08,07
2024-01-19 10:30:00.000,2024,1,19,10,VRB02KT,08,07
2024-01-19 11:00:00.000,2024,1,19,11,09003KT,08,07
2024-01-19 12:00:00.000,2024,1,19,12,03004KT,10,06
2024-01-19 13:00:00.000,2024,1,19,13,VRB02KT,13,08
2024-01-19 14:00:00.000,2024,1,19,14,06004KT,15,08
2024-01-19 15:00:00.000,2024,1,19,15,04009KT,17,08
2024-01-19 16:00:00.000,2024,1,19,16,14012KT,20,05
2024-01-19 17:00:00.000,2024,1,19,17,18009KT,21,06
2024-01-19 18:00:00.000,2024,1,19,18,16009KT,21,07
2024-01-19 19:00:00.000,2024,1,19,19,15009KT,22,08
2024-01-19 20:00:00.000,2024,1,19,20,16011KT,21,07
2024-01-19 21:00:00.000,2024,1,19,21,14012KT,20,08
2024-01-19 22:00:00.000,2024,1,19,22,15011KT,19,08
2024-01-19 23:00:00.000,2024,1,19,23,14010KT,17,08
2024-01-20 00:00:00.000,2024,1,20,0,32005KT,15,10
2024-01-20 01:00:00.000,2024,1,20,1,35003KT,13,09
2024-01-20 02:00:00.000,2024,1,20,2,VRB02KT,13,08
2024-01-20 03:00:00.000,2024,1,20,3,02003KT,12,08
2024-01-20 04:00:00.000,2024,1,20,4,02003KT,10,08
2024-01-20 05:00:00.000,2024,1,20,5,07005KT,10,07
2024-01-20 06:00:00.000,2024,1,20,6,36004KT,11,08
2024-01-20 07:00:00.000,2024,1,20,7,VRB02KT,11,08
2024-01-20 08:00:00.000,2024,1,20,8,04004KT,09,07
2024-01-20 09:00:00.000,2024,1,20,9,05006KT,09,08
2024-01-20 10:00:00.000,2024,1,20,10,06007KT,10,08
2024-01-20 10:30:00.000,2024,1,20,10,05004KT,11,09
2024-01-20 11:00:00.000,2024,1,20,11,05004KT,11,09
2024-01-20 12:00:00.000,2024,1,20,12,04004KT,10,09
2024-01-20 13:00:00.000,2024,1,20,13,33003KT,12,10
2024-01-20 14:00:00.000,2024,1,20,14,06006KT,14,10
2024-01-20 15:00:00.000,2024,1,20,15,09004KT,15,10
2024-01-20 16:00:00.000,2024,1,20,16,VRB04KT,17,10
2024-01-20 17:00:00.000,2024,1,20,17,11006KT,17,10
2024-01-20 18:00:00.000,2024,1,20,18,14010KT,18,09
2024-01-20 19:00:00.000,2024,1,20,19,15008KT,19,09
2024-01-20 20:00:00.000,2024,1,20,20,11010KT,20,08
2024-01-20 21:00:00.000,2024,1,20,21,12009KT,19,09
2024-01-20 22:00:00.000,2024,1,20,22,12007KT,18,10
2024-01-20 23:00:00.000,2024,1,20,23,09008KT,17,10
2024-01-21 00:00:00.000,2024,1,21,0,12006KT,16,10
2024-01-21 01:00:00.000,2024,1,21,1,08005KT,15,10
2024-01-21 02:00:00.000,2024,1,21,2,09004KT,15,10
2024-01-21 03:00:00.000,2024,1,21,3,07005KT,15,10
2024-01-21 04:00:00.000,2024,1,21,4,06005KT,15,10
2024-01-21 05:00:00.000,2024,1,21,5,03005KT,13,10
2024-01-21 08:00:00.000,2024,1,21,8,06004KT,14,10
2024-01-21 10:00:00.000,2024,1,21,10,07005KT,14,11
2024-01-21 10:30:00.000,2024,1,21,10,VRB02KT,14,11
2024-01-21 11:00:00.000,2024,1,21,11,07003KT,14,11
2024-01-21 12:00:00.000,2024,1,21,12,06005KT,15,11
2024-01-21 13:00:00.000,2024,1,21,13,04007KT,15,11
2024-01-21 14:00:00.000,2024,1,21,14,04008KT,15,11
2024-01-21 15:00:00.000,2024,1,21,15,06007KT,17,12
2024-01-21 16:00:00.000,2024,1,21,16,16010KT,17,11
2024-01-21 17:00:00.000,2024,1,21,17,16010KT,18,10
2024-01-21 18:00:00.000,2024,1,21,18,10007KT,18,10
2024-01-21 19:00:00.000,2024,1,21,19,11009KT,18,10
2024-01-21 20:00:00.000,2024,1,21,20,12005KT,18,10
2024-01-21 21:00:00.000,2024,1,21,21,13008KT,18,10
2024-01-21 22:00:00.000,2024,1,21,22,14008KT,19,10
2024-01-21 23:00:00.000,2024,1,21,23,14007KT,16,10
2024-01-22 00:00:00.000,2024,1,22,0,13004KT,15,09
2024-01-22 03:00:00.000,2024,1,22,3,04004KT,11,09
2024-01-22 04:00:00.000,2024,1,22,4,05004KT,11,10
2024-01-22 05:00:00.000,2024,1,22,5,04003KT,11,10
2024-01-22 06:00:00.000,2024,1,22,6,VRB03KT,10,09
2024-01-22 07:00:00.000,2024,1,22,7,06004KT,10,09
2024-01-22 08:00:00.000,2024,1,22,8,07005KT,10,09
2024-01-22 09:00:00.000,2024,1,22,9,06004KT,09,08
2024-01-22 10:00:00.000,2024,1,22,10,12003KT,11,08
2024-01-22 12:00:00.000,2024,1,22,12,09004KT,13,07
2024-01-22 13:00:00.000,2024,1,22,13,06007KT,14,08
2024-01-22 13:28:00.000,2024,1,22,13,11006KT,17,07
2024-01-22 14:00:00.000,2024,1,22,14,08006KT,18,05
2024-01-22 15:00:00.000,2024,1,22,15,15010KT,19,05
2024-01-22 16:00:00.000,2024,1,22,16,15016KT,21,05
2024-01-22 17:00:00.000,2024,1,22,17,13012KT,22,06
2024-01-22 18:00:00.000,2024,1,22,18,14014KT,22,05
2024-01-22 19:00:00.000,2024,1,22,19,16020KT,22,05
2024-01-22 20:00:00.000,2024,1,22,20,14017KT,22,05
2024-01-22 21:00:00.000,2024,1,22,21,14013G23KT,22,06
2024-01-22 22:00:00.000,2024,1,22,22,14012KT,20,07
2024-01-22 23:00:00.000,2024,1,22,23,14011KT,18,05
2024-01-23 00:00:00.000,2024,1,23,0,13010KT,16,04
2024-01-23 01:00:00.000,2024,1,23,1,12005KT,15,06
2024-01-23 02:00:00.000,2024,1,23,2,11003KT,13,04
2024-01-23 03:00:00.000,2024,1,23,3,VRB02KT,10,02
2024-01-23 04:00:00.000,2024,1,23,4,03004KT,09,01
2024-01-23 05:00:00.000,2024,1,23,5,06005KT,09,03
2024-01-23 06:00:00.000,2024,1,23,6,05003KT,09,01
2024-01-23 07:00:00.000,2024,1,23,7,03006KT,08,01
2024-01-23 08:00:00.000,2024,1,23,8,VRB02KT,07,02
2024-01-23 09:00:00.000,2024,1,23,9,07006KT,07,01
2024-01-23 10:00:00.000,2024,1,23,10,06005KT,06,01
2024-01-23 10:30:00.000,2024,1,23,10,06005KT,06,01
2024-01-23 11:00:00.000,2024,1,23,11,06005KT,06,00
2024-01-23 11:28:00.000,2024,1,23,11,08005KT,,
2024-01-23 12:00:00.000,2024,1,23,12,07006KT,,
2024-01-23 12:39:00.000,2024,1,23,12,06006KT,11,01
2024-01-23 13:00:00.000,2024,1,23,13,07005KT,12,01
2024-01-23 13:13:00.000,2024,1,23,13,06005KT,,
2024-01-23 13:37:00.000,2024,1,23,13,04006KT,,
2024-01-23 14:00:00.000,2024,1,23,14,05009KT,,
2024-01-23 14:31:00.000,2024,1,23,14,14010KT,,
2024-01-23 15:00:00.000,2024,1,23,15,13010KT,,
2024-01-23 16:00:00.000,2024,1,23,16,12012KT,,
2024-01-23 17:00:00.000,2024,1,23,17,13012KT,,
2024-01-23 18:00:00.000,2024,1,23,18,15016KT,,
2024-01-23 19:00:00.000,2024,1,23,19,14015KT,,
2024-01-23 20:00:00.000,2024,1,23,20,14015KT,,
2024-01-23 21:00:00.000,2024,1,23,21,15015KT,,
2024-01-23 22:00:00.000,2024,1,23,22,13013KT,,
2024-01-23 23:00:00.000,2024,1,23,23,13011KT,18,00
2024-01-24 00:00:00.000,2024,1,24,0,13010KT,17,03
2024-01-24 01:00:00.000,2024,1,24,1,14008KT,13,03
2024-01-24 02:00:00.000,2024,1,24,2,04004KT,10,04
2024-01-24 03:00:00.000,2024,1,24,3,04008KT,10,04
2024-01-24 04:00:00.000,2024,1,24,4,05008KT,10,04
2024-01-24 05:00:00.000,2024,1,24,5,06004KT,09,05
2024-01-24 06:00:00.000,2024,1,24,6,07003KT,08,06
2024-01-24 07:00:00.000,2024,1,24,7,03004KT,07,06
2024-01-24 08:00:00.000,2024,1,24,8,VRB02KT,07,06
2024-01-24 09:00:00.000,2024,1,24,9,VRB02KT,06,05
2024-01-24 10:00:00.000,2024,1,24,10,07006KT,05,04
2024-01-24 10:30:00.000,2024,1,24,10,05005KT,07,05
2024-01-24 11:00:00.000,2024,1,24,11,06006KT,08,05
2024-01-24 12:00:00.000,2024,1,24,12,06005KT,08,05
2024-01-24 12:12:00.000,2024,1,24,12,07003KT,10,06
2024-01-24 13:00:00.000,2024,1,24,13,05003KT,12,06
2024-01-24 13:27:00.000,2024,1,24,13,06007KT,14,05
2024-01-24 14:00:00.000,2024,1,24,14,06008KT,16,03
2024-01-24 15:00:00.000,2024,1,24,15,06007KT,18,03
2024-01-24 15:36:00.000,2024,1,24,15,08007KT,20,03
2024-01-24 16:00:00.000,2024,1,24,16,05007KT,20,03
2024-01-24 16:40:00.000,2024,1,24,16,VRB03KT,22,04
2024-01-24 17:00:00.000,2024,1,24,17,VRB04KT,22,02
2024-01-24 18:00:00.000,2024,1,24,18,16009KT,23,03
2024-01-24 19:00:00.000,2024,1,24,19,14014KT,23,04
2024-01-24 20:00:00.000,2024,1,24,20,14012KT,23,01
2024-01-24 21:00:00.000,2024,1,24,21,14011KT,23,02
2024-01-24 22:00:00.000,2024,1,24,22,14013KT,21,02
2024-01-24 23:00:00.000,2024,1,24,23,14013KT,19,03
2024-01-25 00:00:00.000,2024,1,25,0,12007KT,17,03
2024-01-25 01:00:00.000,2024,1,25,1,09006KT,16,05
2024-01-25 02:00:00.000,2024,1,25,2,06005KT,13,05
2024-01-25 03:00:00.000,2024,1,25,3,06007KT,12,06
2024-01-25 04:00:00.000,2024,1,25,4,04007KT,10,06
2024-01-25 05:00:00.000,2024,1,25,5,03003KT,09,06
2024-01-25 06:00:00.000,2024,1,25,6,04002KT,10,07
2024-01-25 07:00:00.000,2024,1,25,7,29003KT,08,07
2024-01-25 08:00:00.000,2024,1,25,8,VRB02KT,07,06
2024-01-25 09:00:00.000,2024,1,25,9,VRB02KT,06,06
2024-01-25 10:00:00.000,2024,1,25,10,VRB02KT,04,03
2024-01-25 10:30:00.000,2024,1,25,10,01003KT,03,03
2024-01-25 11:00:00.000,2024,1,25,11,03006KT,03,02
2024-01-25 11:10:00.000,2024,1,25,11,05005KT,05,05
2024-01-25 11:26:00.000,2024,1,25,11,03003KT,05,05
2024-01-25 11:39:00.000,2024,1,25,11,05003KT,06,06
2024-01-25 12:00:00.000,2024,1,25,12,04006KT,06,06
2024-01-25 12:15:00.000,2024,1,25,12,06003KT,08,07
2024-01-25 12:30:00.000,2024,1,25,12,04004KT,08,07
2024-01-25 13:00:00.000,2024,1,25,13,06004KT,09,08
2024-01-25 13:20:00.000,2024,1,25,13,05004KT,10,09
2024-01-25 14:00:00.000,2024,1,25,14,VRB02KT,13,08
2024-01-25 14:32:00.000,2024,1,25,14,06004KT,16,08
2024-01-25 15:00:00.000,2024,1,25,15,09005KT,18,06
2024-01-25 16:00:00.000,2024,1,25,16,09003KT,21,03
2024-01-25 17:00:00.000,2024,1,25,17,07003KT,23,01
2024-01-25 18:00:00.000,2024,1,25,18,34004KT,24,02
2024-01-25 19:00:00.000,2024,1,25,19,VRB02KT,25,02
2024-01-25 20:00:00.000,2024,1,25,20,26013KT,23,12
2024-01-25 21:00:00.000,2024,1,25,21,26006G16KT,21,11
2024-01-25 22:00:00.000,2024,1,25,22,28012KT,20,11
2024-01-25 23:00:00.000,2024,1,25,23,28008KT,18,11
2024-01-26 00:00:00.000,2024,1,26,0,30006KT,16,09
2024-01-26 01:00:00.000,2024,1,26,1,34003KT,14,07
2024-01-26 02:00:00.000,2024,1,26,2,33003KT,14,07
2024-01-26 03:00:00.000,2024,1,26,3,36003KT,12,09
2024-01-26 04:00:00.000,2024,1,26,4,03003KT,13,09
2024-01-26 05:00:00.000,2024,1,26,5,04004KT,11,09
2024-01-26 06:00:00.000,2024,1,26,6,31004KT,10,09
2024-01-26 07:00:00.000,2024,1,26,7,34003KT,07,07
2024-01-26 08:00:00.000,2024,1,26,8,27003KT,08,08
2024-01-26 09:00:00.000,2024,1,26,9,VRB02KT,06,06
2024-01-26 10:00:00.000,2024,1,26,10,03004KT,06,06
2024-01-26 10:30:00.000,2024,1,26,10,33003KT,05,05
2024-01-26 11:00:00.000,2024,1,26,11,32003KT,04,04
2024-01-26 12:00:00.000,2024,1,26,12,VRB02KT,06,06
2024-01-26 12:31:00.000,2024,1,26,12,03003KT,10,08
2024-01-26 13:00:00.000,2024,1,26,13,03003KT,12,08
2024-01-26 13:35:00.000,2024,1,26,13,02004KT,14,10
2024-01-26 14:00:00.000,2024,1,26,14,03004KT,15,09
2024-01-26 15:00:00.000,2024,1,26,15,06005KT,17,09
2024-01-26 16:00:00.000,2024,1,26,16,14006KT,19,09
2024-01-26 17:00:00.000,2024,1,26,17,20008KT,21,08
2024-01-26 18:00:00.000,2024,1,26,18,23008KT,23,05
2024-01-26 19:00:00.000,2024,1,26,19,VRB07KT,22,10
2024-01-26 20:00:00.000,2024,1,26,20,25008KT,23,08
2024-01-26 21:00:00.000,2024,1,26,21,24011KT,21,12
2024-01-26 22:00:00.000,2024,1,26,22,24011KT,19,13
2024-01-26 23:00:00.000,2024,1,26,23,25009KT,17,12
2024-01-27 00:00:00.000,2024,1,27,0,26007KT,16,12
2024-01-27 01:00:00.000,2024,1,27,1,24005KT,15,12
2024-01-27 02:00:00.000,2024,1,27,2,27005KT,13,12
2024-01-27 03:00:00.000,2024,1,27,3,26004KT,14,13
2024-01-27 04:00:00.000,2024,1,27,4,18005KT,16,08
2024-01-27 05:00:00.000,2024,1,27,5,VRB02KT,13,10
2024-01-27 06:00:00.000,2024,1,27,6,30005KT,10,09
2024-01-27 07:00:00.000,2024,1,27,7,01003KT,10,08
2024-01-27 08:00:00.000,2024,1,27,8,VRB02KT,09,09
2024-01-27 09:00:00.000,2024,1,27,9,VRB02KT,09,09
2024-01-27 10:00:00.000,2024,1,27,10,01003KT,08,07
2024-01-27 10:30:00.000,2024,1,27,10,VRB02KT,08,07
2024-01-27 11:00:00.000,2024,1,27,11,VRB02KT,08,07
2024-01-27 11:09:00.000,2024,1,27,11,VRB02KT,09,08
2024-01-27 12:00:00.000,2024,1,27,12,02003KT,09,08
2024-01-27 12:24:00.000,2024,1,27,12,07005KT,11,09
2024-01-27 13:00:00.000,2024,1,27,13,04004KT,12,08
2024-01-27 13:26:00.000,2024,1,27,13,05004KT,14,10
2024-01-27 14:00:00.000,2024,1,27,14,33003KT,16,10
2024-01-27 14:24:00.000,2024,1,27,14,VRB03KT,18,10
2024-01-27 15:00:00.000,2024,1,27,15,VRB03KT,18,09
2024-01-27 15:35:00.000,2024,1,27,15,VRB02KT,20,10
2024-01-27 16:00:00.000,2024,1,27,16,28003KT,20,09
2024-01-27 17:00:00.000,2024,1,27,17,26005KT,22,10
2024-01-27 18:00:00.000,2024,1,27,18,33010KT,22,09
2024-01-27 19:00:00.000,2024,1,27,19,28013KT,22,11
2024-01-27 20:00:00.000,2024,1,27,20,30015KT,21,12
2024-01-27 21:00:00.000,2024,1,27,21,27011KT,21,12
2024-01-27 22:00:00.000,2024,1,27,22,26014KT,20,12
2024-01-27 23:00:00.000,2024,1,27,23,28011KT,18,13
2024-01-28 00:00:00.000,2024,1,28,0,29005KT,16,13
2024-01-28 01:00:00.000,2024,1,28,1,28004KT,15,11
2024-01-28 02:00:00.000,2024,1,28,2,24006KT,15,14
2024-01-28 03:00:00.000,2024,1,28,3,VRB02KT,13,13
2024-01-28 04:00:00.000,2024,1,28,4,24005KT,15,14
2024-01-28 05:00:00.000,2024,1,28,5,24005KT,15,13
2024-01-28 06:00:00.000,2024,1,28,6,VRB02KT,12,11
2024-01-28 06:19:00.000,2024,1,28,6,31004KT,11,11
2024-01-28 06:31:00.000,2024,1,28,6,00000KT,11,11
2024-01-28 07:00:00.000,2024,1,28,7,31003KT,11,10
2024-01-28 07:14:00.000,2024,1,28,7,00000KT,11,11
2024-01-28 08:00:00.000,2024,1,28,8,VRB02KT,11,11
2024-01-28 09:00:00.000,2024,1,28,9,00000KT,12,11
2024-01-28 10:00:00.000,2024,1,28,10,00000KT,12,11
2024-01-28 10:30:00.000,2024,1,28,10,27003KT,12,12
2024-01-28 11:00:00.000,2024,1,28,11,VRB02KT,13,12
2024-01-28 12:00:00.000,2024,1,28,12,36003KT,12,11
2024-01-28 13:00:00.000,2024,1,28,13,VRB02KT,14,13
2024-01-28 14:00:00.000,2024,1,28,14,05003KT,16,12
2024-01-28 15:00:00.000,2024,1,28,15,33005KT,17,12
2024-01-28 16:00:00.000,2024,1,28,16,VRB04KT,20,10
2024-01-28 17:00:00.000,2024,1,28,17,30007KT,21,10
2024-01-28 18:00:00.000,2024,1,28,18,29013KT,21,12
2024-01-28 19:00:00.000,2024,1,28,19,27008KT,22,12
2024-01-28 20:00:00.000,2024,1,28,20,28012KT,21,13
2024-01-28 21:00:00.000,2024,1,28,21,27011KT,21,12
2024-01-28 22:00:00.000,2024,1,28,22,28010KT,20,13
2024-01-28 23:00:00.000,2024,1,28,23,27007KT,18,13
2024-01-29 00:00:00.000,2024,1,29,0,26007KT,16,13
2024-01-29 01:00:00.000,2024,1,29,1,29003KT,16,13
2024-01-29 02:00:00.000,2024,1,29,2,VRB02KT,14,12
2024-01-29 03:00:00.000,2024,1,29,3,32004KT,13,12
2024-01-29 04:00:00.000,2024,1,29,4,VRB02KT,13,13
2024-01-29 05:00:00.000,2024,1,29,5,VRB02KT,15,14
2024-01-29 06:00:00.000,2024,1,29,6,VRB02KT,13,13
2024-01-29 07:00:00.000,2024,1,29,7,27004KT,14,11
2024-01-29 08:00:00.000,2024,1,29,8,VRB02KT,14,12
2024-01-29 09:00:00.000,2024,1,29,9,15003KT,15,10
2024-01-29 10:00:00.000,2024,1,29,10,21003KT,14,10
2024-01-29 10:30:00.000,2024,1,29,10,21002KT,14,09
2024-01-29 11:00:00.000,2024,1,29,11,13004KT,12,10
2024-01-29 12:00:00.000,2024,1,29,12,17003KT,13,09
2024-01-29 13:00:00.000,2024,1,29,13,15003KT,17,10
2024-01-29 14:00:00.000,2024,1,29,14,18004KT,18,09
2024-01-29 15:00:00.000,2024,1,29,15,08004KT,20,10
2024-01-29 16:00:00.000,2024,1,29,16,06003KT,21,07
2024-01-29 17:00:00.000,2024,1,29,17,14004KT,23,05
2024-01-29 17:40:00.000,2024,1,29,17,24010KT,23,10
2024-01-29 18:00:00.000,2024,1,29,18,24013KT,22,11
2024-01-29 19:00:00.000,2024,1,29,19,24014KT,22,13
2024-01-29 20:00:00.000,2024,1,29,20,29010KT,21,13
2024-01-29 21:00:00.000,2024,1,29,21,28010KT,20,12
2024-01-29 22:00:00.000,2024,1,29,22,26013KT,19,11
2024-01-29 23:00:00.000,2024,1,29,23,24008KT,17,11
2024-01-30 00:00:00.000,2024,1,30,0,26005KT,16,11
2024-01-30 01:00:00.000,2024,1,30,1,36003KT,13,11
2024-01-30 02:00:00.000,2024,1,30,2,VRB02KT,12,11
2024-01-30 03:00:00.000,2024,1,30,3,VRB02KT,12,11
2024-01-30 04:00:00.000,2024,1,30,4,02003KT,12,10
2024-01-30 05:00:00.000,2024,1,30,5,VRB02KT,10,09
2024-01-30 06:00:00.000,2024,1,30,6,32003KT,08,08
2024-01-30 07:00:00.000,2024,1,30,7,VRB02KT,09,08
2024-01-30 08:00:00.000,2024,1,30,8,03004KT,09,08
2024-01-30 09:00:00.000,2024,1,30,9,36003KT,09,08
2024-01-30 10:00:00.000,2024,1,30,10,01003KT,09,09
2024-01-30 10:30:00.000,2024,1,30,10,00000KT,08,07
2024-01-30 11:00:00.000,2024,1,30,11,VRB02KT,08,08
2024-01-30 12:00:00.000,2024,1,30,12,03006KT,08,08
2024-01-30 12:14:00.000,2024,1,30,12,03005KT,09,09
2024-01-30 12:38:00.000,2024,1,30,12,05006KT,10,10
2024-01-30 13:00:00.000,2024,1,30,13,05005KT,10,10
2024-01-30 13:34:00.000,2024,1,30,13,03004KT,14,11
2024-01-30 14:00:00.000,2024,1,30,14,04003KT,16,11
2024-01-30 15:00:00.000,2024,1,30,15,21003KT,19,06
2024-01-30 16:00:00.000,2024,1,30,16,15010KT,22,03
2024-01-30 17:00:00.000,2024,1,30,17,17012KT,22,03
2024-01-30 18:00:00.000,2024,1,30,18,25009KT,21,09
2024-01-30 19:00:00.000,2024,1,30,19,24008KT,21,10
2024-01-30 20:00:00.000,2024,1,30,20,25011KT,22,11
2024-01-30 21:00:00.000,2024,1,30,21,28010KT,21,12
2024-01-30 22:00:00.000,2024,1,30,22,27010KT,20,12
2024-01-30 23:00:00.000,2024,1,30,23,27008KT,18,12
2024-01-31 00:00:00.000,2024,1,31,0,30005KT,15,13
2024-01-31 01:00:00.000,2024,1,31,1,28003KT,14,13
2024-01-31 02:00:00.000,2024,1,31,2,33003KT,14,13
2024-01-31 03:00:00.000,2024,1,31,3,VRB02KT,13,11
2024-01-31 04:00:00.000,2024,1,31,4,01004KT,11,10
2024-01-31 06:00:00.000,2024,1,31,6,VRB02KT,11,11
2024-01-31 07:00:00.000,2024,1,31,7,00000KT,09,09
2024-01-31 08:00:00.000,2024,1,31,8,31004KT,08,08
2024-01-31 09:00:00.000,2024,1,31,9,35004KT,07,07
2024-01-31 10:00:00.000,2024,1,31,10,35005KT,08,08
2024-01-31 10:31:00.000,2024,1,31,10,34003KT,07,07
2024-01-31 11:00:00.000,2024,1,31,11,VRB02KT,07,07
2024-01-31 12:00:00.000,2024,1,31,12,03003KT,09,08
2024-01-31 12:36:00.000,2024,1,31,12,02006KT,11,11
2024-01-31 13:00:00.000,2024,1,31,13,03005KT,12,11
2024-01-31 13:38:00.000,2024,1,31,13,02004KT,14,11
2024-01-31 14:00:00.000,2024,1,31,14,02004KT,15,12
2024-01-31 14:12:00.000,2024,1,31,14,06003KT,16,11
2024-01-31 14:14:00.000,2024,1,31,14,04003KT,17,11
2024-01-31 15:00:00.000,2024,1,31,15,VRB04KT,17,12
2024-01-31 15:36:00.000,2024,1,31,15,03004KT,19,10
2024-01-31 16:00:00.000,2024,1,31,16,25004KT,19,10
2024-01-31 17:00:00.000,2024,1,31,17,16011KT,21,09
2024-01-31 18:00:00.000,2024,1,31,18,15014KT,22,09
2024-01-31 19:00:00.000,2024,1,31,19,22014KT,23,11
2024-01-31 20:00:00.000,2024,1,31,20,23019KT,22,12
2024-01-31 20:31:00.000,2024,1,31,20,25010KT,20,12
2024-01-31 21:00:00.000,2024,1,31,21,23010KT,21,12
2024-01-31 21:24:00.000,2024,1,31,21,25012KT,20,13
2024-01-31 22:00:00.000,2024,1,31,22,26009KT,20,13
2024-01-31 23:00:00.000,2024,1,31,23,24010KT,18,13
2024-02-01 00:00:00.000,2024,2,1,0,25004KT,17,13
2024-02-01 01:00:00.000,2024,2,1,1,23005KT,16,14
2024-02-01 02:00:00.000,2024,2,1,2,00000KT,14,14
2024-02-01 03:00:00.000,2024,2,1,3,33005KT,14,14
2024-02-01 04:00:00.000,2024,2,1,4,16007KT,15,12
2024-02-01 05:00:00.000,2024,2,1,5,00000KT,13,12
2024-02-01 06:00:00.000,2024,2,1,6,04005KT,12,11
2024-02-01 07:00:00.000,2024,2,1,7,04005KT,13,11
2024-02-01 08:00:00.000,2024,2,1,8,08002KT,12,11
2024-02-01 09:00:00.000,2024,2,1,9,35004KT,10,10
2024-02-01 10:00:00.000,2024,2,1,10,03006KT,09,09
2024-02-01 10:35:00.000,2024,2,1,10,12003KT,12,11
2024-02-01 11:00:00.000,2024,2,1,11,11004KT,12,11
2024-02-01 12:00:00.000,2024,2,1,12,03004KT,12,10
2024-02-01 13:00:00.000,2024,2,1,13,04005KT,14,12
2024-02-01 14:00:00.000,2024,2,1,14,03007KT,17,12
2024-02-01 15:00:00.000,2024,2,1,15,11004KT,19,12
2024-02-01 16:00:00.000,2024,2,1,16,18004KT,20,10
2024-02-01 17:00:00.000,2024,2,1,17,03005KT,21,11
2024-02-01 18:00:00.000,2024,2,1,18,27010KT,19,13
2024-02-01 19:00:00.000,2024,2,1,19,28012KT,21,13
2024-02-01 20:00:00.000,2024,2,1,20,29010KT,19,12
2024-02-01 21:00:00.000,2024,2,1,21,29007KT,19,13
2024-02-01 21:31:00.000,2024,2,1,21,03003KT,18,14
2024-02-01 22:00:00.000,2024,2,1,22,VRB06KT,19,13
2024-02-01 23:00:00.000,2024,2,1,23,28005KT,19,11
2024-02-02 00:00:00.000,2024,2,2,0,03003KT,16,14
2024-02-02 01:00:00.000,2024,2,2,1,32005KT,16,13
2024-02-02 02:00:00.000,2024,2,2,2,04003KT,14,13
2024-02-02 03:00:00.000,2024,2,2,3,02003KT,15,13
2024-02-02 04:00:00.000,2024,2,2,4,34003KT,14,13
2024-02-02 05:00:00.000,2024,2,2,5,31006KT,15,14
2024-02-02 06:00:00.000,2024,2,2,6,00000KT,15,13
2024-02-02 07:00:00.000,2024,2,2,7,33003KT,14,13
2024-02-02 08:00:00.000,2024,2,2,8,34003KT,13,13
2024-02-02 09:00:00.000,2024,2,2,9,00000KT,14,13
2024-02-02 10:00:00.000,2024,2,2,10,14003KT,14,13
2024-02-02 10:30:00.000,2024,2,2,10,35004KT,13,13
2024-02-02 11:00:00.000,2024,2,2,11,03003KT,13,13
2024-02-02 12:00:00.000,2024,2,2,12,34003KT,13,12
2024-02-02 13:00:00.000,2024,2,2,13,03003KT,14,13
2024-02-02 14:00:00.000,2024,2,2,14,04004KT,15,13
2024-02-02 15:00:00.000,2024,2,2,15,36005KT,17,12
2024-02-02 16:00:00.000,2024,2,2,16,03004KT,17,13
2024-02-02 17:00:00.000,2024,2,2,17,33003KT,18,12
2024-02-02 18:00:00.000,2024,2,2,18,13006KT,20,11
2024-02-02 19:00:00.000,2024,2,2,19,36006KT,21,11
2024-02-02 20:00:00.000,2024,2,2,20,28014KT,21,09
2024-02-02 21:00:00.000,2024,2,2,21,29007KT,20,12
2024-02-02 22:00:00.000,2024,2,2,22,26008KT,18,13
2024-02-02 23:00:00.000,2024,2,2,23,28008KT,16,13
2024-02-03 00:00:00.000,2024,2,3,0,25006KT,15,14
2024-02-03 01:00:00.000,2024,2,3,1,28004KT,15,14
2024-02-03 02:00:00.000,2024,2,3,2,VRB01KT,14,14
2024-02-03 03:00:00.000,2024,2,3,3,30004KT,15,14
2024-02-03 04:00:00.000,2024,2,3,4,VRB02KT,13,13
2024-02-03 05:00:00.000,2024,2,3,5,31003KT,14,13
2024-02-03 06:00:00.000,2024,2,3,6,35003KT,13,13
2024-02-03 07:00:00.000,2024,2,3,7,32005KT,14,13
2024-02-03 08:00:00.000,2024,2,3,8,31004KT,14,13
2024-02-03 09:00:00.000,2024,2,3,9,VRB02KT,13,13
2024-02-03 10:00:00.000,2024,2,3,10,30007KT,14,13
2024-02-03 10:30:00.000,2024,2,3,10,32008KT,13,12
2024-02-03 11:00:00.000,2024,2,3,11,33004KT,13,12
2024-02-03 12:00:00.000,2024,2,3,12,30007KT,13,12
2024-02-03 13:00:00.000,2024,2,3,13,23004KT,14,13
2024-02-03 14:00:00.000,2024,2,3,14,14005KT,15,13
2024-02-03 14:26:00.000,2024,2,3,14,12004KT,17,14
2024-02-03 15:00:00.000,2024,2,3,15,13005KT,18,12
2024-02-03 16:00:00.000,2024,2,3,16,13005KT,19,10
2024-02-03 16:35:00.000,2024,2,3,16,10004KT,21,10
2024-02-03 17:00:00.000,2024,2,3,17,17005KT,22,11
2024-02-03 18:00:00.000,2024,2,3,18,24010KT,21,14
2024-02-03 19:00:00.000,2024,2,3,19,28017KT,19,14
2024-02-03 20:00:00.000,2024,2,3,20,27014KT,18,12
2024-02-03 21:00:00.000,2024,2,3,21,26011KT,18,12
2024-02-03 22:00:00.000,2024,2,3,22,29005KT,18,12
2024-02-03 23:00:00.000,2024,2,3,23,02004KT,17,13
2024-02-04 00:00:00.000,2024,2,4,0,03006KT,14,13
2024-02-04 01:00:00.000,2024,2,4,1,VRB02KT,14,13
2024-02-04 02:00:00.000,2024,2,4,2,VRB02KT,14,13
2024-02-04 03:00:00.000,2024,2,4,3,31003KT,15,13
2024-02-04 04:00:00.000,2024,2,4,4,VRB02KT,14,13
2024-02-04 05:00:00.000,2024,2,4,5,06005KT,14,13
2024-02-04 06:00:00.000,2024,2,4,6,04004KT,14,13
2024-02-04 07:00:00.000,2024,2,4,7,01003KT,13,13
2024-02-04 08:00:00.000,2024,2,4,8,VRB02KT,13,13
2024-02-04 09:00:00.000,2024,2,4,9,VRB02KT,13,13
2024-02-04 10:00:00.000,2024,2,4,10,VRB02KT,13,12
2024-02-04 10:29:00.000,2024,2,4,10,VRB02KT,12,12
2024-02-04 11:00:00.000,2024,2,4,11,VRB02KT,13,12
2024-02-04 12:00:00.000,2024,2,4,12,34004KT,13,12
2024-02-04 13:00:00.000,2024,2,4,13,35004KT,14,13
2024-02-04 14:00:00.000,2024,2,4,14,06004KT,16,13
2024-02-04 15:00:00.000,2024,2,4,15,00000KT,17,12
2024-02-04 16:00:00.000,2024,2,4,16,32004KT,18,12
2024-02-04 17:00:00.000,2024,2,4,17,VRB02KT,19,11
2024-02-04 18:00:00.000,2024,2,4,18,07007KT,17,13
2024-02-04 18:13:00.000,2024,2,4,18,13006KT,16,13
2024-02-04 19:00:00.000,2024,2,4,19,23004KT,15,13
2024-02-04 20:00:00.000,2024,2,4,20,26005KT,16,13
2024-02-04 21:00:00.000,2024,2,4,21,29004KT,18,13
2024-02-04 22:00:00.000,2024,2,4,22,31005KT,18,12
2024-02-04 23:00:00.000,2024,2,4,23,25006KT,17,13
2024-02-05 00:00:00.000,2024,2,5,0,24006KT,15,14
2024-02-05 01:00:00.000,2024,2,5,1,22004KT,16,13
2024-02-05 02:00:00.000,2024,2,5,2,00000KT,14,13
2024-02-05 03:00:00.000,2024,2,5,3,VRB02KT,14,13
2024-02-05 04:00:00.000,2024,2,5,4,33003KT,14,13
2024-02-05 05:00:00.000,2024,2,5,5,31003KT,15,13
2024-02-05 06:00:00.000,2024,2,5,6,27003KT,14,13
2024-02-05 07:00:00.000,2024,2,5,7,36003KT,14,13
2024-02-05 08:00:00.000,2024,2,5,8,35004KT,14,13
2024-02-05 09:00:00.000,2024,2,5,9,30005KT,14,13
2024-02-05 09:17:00.000,2024,2,5,9,30006KT,13,12
2024-02-05 10:00:00.000,2024,2,5,10,00000KT,12,12
2024-02-05 10:31:00.000,2024,2,5,10,00000KT,12,12
2024-02-05 11:00:00.000,2024,2,5,11,00000KT,12,12
2024-02-05 12:00:00.000,2024,2,5,12,36003KT,13,12
2024-02-05 13:00:00.000,2024,2,5,13,02004KT,14,13
2024-02-05 14:00:00.000,2024,2,5,14,VRB02KT,15,13
2024-02-05 15:00:00.000,2024,2,5,15,34003KT,15,12
2024-02-05 16:00:00.000,2024,2,5,16,30005KT,16,14
2024-02-05 17:00:00.000,2024,2,5,17,31007KT,18,14
2024-02-05 17:31:00.000,2024,2,5,17,VRB06KT,17,12
2024-02-05 18:00:00.000,2024,2,5,18,29004KT,17,13
2024-02-05 18:17:00.000,2024,2,5,18,20005KT,15,14
2024-02-05 19:00:00.000,2024,2,5,19,16004KT,18,13
2024-02-05 20:00:00.000,2024,2,5,20,18003KT,19,13
2024-02-05 21:00:00.000,2024,2,5,21,23011KT,16,13
2024-02-05 22:00:00.000,2024,2,5,22,24009KT,14,13
2024-02-05 23:00:00.000,2024,2,5,23,21003KT,14,13
2024-02-06 00:00:00.000,2024,2,6,0,00000KT,13,13
2024-02-06 01:00:00.000,2024,2,6,1,29004KT,14,13
2024-02-06 02:00:00.000,2024,2,6,2,34003KT,13,12
2024-02-06 03:00:00.000,2024,2,6,3,00000KT,12,12
2024-02-06 04:00:00.000,2024,2,6,4,34003KT,12,12
2024-02-06 05:00:00.000,2024,2,6,5,VRB02KT,13,12
2024-02-06 06:00:00.000,2024,2,6,6,29003KT,13,12
2024-02-06 07:00:00.000,2024,2,6,7,02003KT,12,12
2024-02-06 08:00:00.000,2024,2,6,8,30004KT,13,12
2024-02-06 09:00:00.000,2024,2,6,9,00000KT,12,12
2024-02-06 10:00:00.000,2024,2,6,10,VRB02KT,13,12
2024-02-06 10:30:00.000,2024,2,6,10,VRB02KT,12,12
2024-02-06 11:00:00.000,2024,2,6,11,00000KT,12,12
2024-02-06 12:00:00.000,2024,2,6,12,VRB02KT,13,12
2024-02-06 13:00:00.000,2024,2,6,13,VRB02KT,14,13
2024-02-06 13:40:00.000,2024,2,6,13,04004KT,16,12
2024-02-06 14:00:00.000,2024,2,6,14,03004KT,16,12
2024-02-06 15:00:00.000,2024,2,6,15,VRB02KT,18,12
2024-02-06 16:00:00.000,2024,2,6,16,17004KT,18,11
2024-02-06 17:00:00.000,2024,2,6,17,28006KT,20,11
2024-02-06 18:00:00.000,2024,2,6,18,28009KT,19,12
2024-02-06 19:00:00.000,2024,2,6,19,33007KT,15,12
2024-02-06 20:00:00.000,2024,2,6,20,02006KT,15,13
2024-02-06 20:19:00.000,2024,2,6,20,34007KT,15,13
2024-02-06 21:00:00.000,2024,2,6,21,34007KT,14,13
2024-02-06 21:20:00.000,2024,2,6,21,33007KT,14,13
2024-02-06 22:00:00.000,2024,2,6,22,30007KT,14,13
2024-02-06 23:00:00.000,2024,2,6,23,24004KT,14,13
2024-02-07 00:00:00.000,2024,2,7,0,17004KT,14,13
2024-02-07 01:00:00.000,2024,2,7,1,18004KT,14,13
2024-02-07 02:00:00.000,2024,2,7,2,33004KT,13,13
2024-02-07 03:00:00.000,2024,2,7,3,VRB02KT,13,13
2024-02-07 04:00:00.000,2024,2,7,4,04004KT,13,12
2024-02-07 05:00:00.000,2024,2,7,5,03003KT,13,12
2024-02-07 06:00:00.000,2024,2,7,6,VRB02KT,12,12
2024-02-07 07:00:00.000,2024,2,7,7,03003KT,13,12
2024-02-07 08:00:00.000,2024,2,7,8,VRB02KT,12,12
2024-02-07 09:00:00.000,2024,2,7,9,06003KT,12,12
2024-02-07 10:00:00.000,2024,2,7,10,VRB02KT,12,12
2024-02-07 10:30:00.000,2024,2,7,10,VRB02KT,12,11
2024-02-07 11:00:00.000,2024,2,7,11,03004KT,12,11
2024-02-07 12:00:00.000,2024,2,7,12,VRB02KT,12,11
2024-02-07 13:00:00.000,2024,2,7,13,03004KT,15,12
2024-02-07 14:00:00.000,2024,2,7,14,08006KT,17,11
2024-02-07 15:00:00.000,2024,2,7,15,08005KT,19,11
2024-02-07 16:00:00.000,2024,2,7,16,13005KT,20,11
2024-02-07 17:00:00.000,2024,2,7,17,29005KT,19,10
2024-02-07 18:00:00.000,2024,2,7,18,25008KT,18,14
2024-02-07 19:00:00.000,2024,2,7,19,30009KT,19,14
2024-02-07 20:00:00.000,2024,2,7,20,28011KT,19,14
2024-02-07 21:00:00.000,2024,2,7,21,25011KT,19,14
2024-02-07 22:00:00.000,2024,2,7,22,05003KT,15,12
2024-02-07 23:00:00.000,2024,2,7,23,34004KT,16,14
2024-02-08 00:00:00.000,2024,2,8,0,03003KT,14,14
2024-02-08 01:00:00.000,2024,2,8,1,VRB02KT,14,13
2024-02-08 02:00:00.000,2024,2,8,2,VRB02KT,14,13
2024-02-08 03:00:00.000,2024,2,8,3,VRB02KT,13,12
2024-02-08 04:00:00.000,2024,2,8,4,03003KT,12,12
2024-02-08 05:00:00.000,2024,2,8,5,36003KT,12,12
2024-02-08 06:00:00.000,2024,2,8,6,07003KT,12,12
2024-02-08 07:00:00.000,2024,2,8,7,VRB02KT,11,11
2024-02-08 08:00:00.000,2024,2,8,8,02003KT,10,10
2024-02-08 09:00:00.000,2024,2,8,9,05003KT,09,09
2024-02-08 10:00:00.000,2024,2,8,10,VRB02KT,11,11
2024-02-08 10:30:00.000,2024,2,8,10,VRB02KT,11,11
2024-02-08 11:00:00.000,2024,2,8,11,VRB02KT,10,09
2024-02-08 12:00:00.000,2024,2,8,12,03005KT,09,09
2024-02-08 12:15:00.000,2024,2,8,12,03004KT,11,11
2024-02-08 13:00:00.000,2024,2,8,13,06005KT,13,12
2024-02-08 13:16:00.000,2024,2,8,13,06004KT,15,12
2024-02-08 14:00:00.000,2024,2,8,14,06005KT,16,11
2024-02-08 15:00:00.000,2024,2,8,15,07005KT,17,11
2024-02-08 16:00:00.000,2024,2,8,16,VRB02KT,18,10
2024-02-08 17:00:00.000,2024,2,8,17,07004KT,18,11
2024-02-08 18:00:00.000,2024,2,8,18,30007KT,17,12
2024-02-08 19:00:00.000,2024,2,8,19,35005KT,18,12
2024-02-08 20:00:00.000,2024,2,8,20,27009KT,17,14
2024-02-08 21:00:00.000,2024,2,8,21,28006KT,17,14
2024-02-08 22:00:00.000,2024,2,8,22,27005KT,17,14
2024-02-08 23:00:00.000,2024,2,8,23,26004KT,16,14
2024-02-09 00:00:00.000,2024,2,9,0,21004KT,15,13
2024-02-09 01:00:00.000,2024,2,9,1,31003KT,12,11
2024-02-09 02:00:00.000,2024,2,9,2,VRB02KT,13,12
2024-02-09 03:00:00.000,2024,2,9,3,03003KT,12,12
2024-02-09 04:00:00.000,2024,2,9,4,29004KT,14,12
2024-02-09 05:00:00.000,2024,2,9,5,VRB02KT,13,12
2024-02-09 06:00:00.000,2024,2,9,6,26003KT,13,12
2024-02-09 07:00:00.000,2024,2,9,7,27004KT,14,13
2024-02-09 08:00:00.000,2024,2,9,8,VRB02KT,13,12
2024-02-09 09:00:00.000,2024,2,9,9,VRB02KT,13,13
2024-02-09 10:00:00.000,2024,2,9,10,34002KT,13,13
2024-02-09 10:30:00.000,2024,2,9,10,VRB02KT,13,12
2024-02-09 11:00:00.000,2024,2,9,11,VRB02KT,13,13
2024-02-09 12:00:00.000,2024,2,9,12,06003KT,13,11
2024-02-09 12:33:00.000,2024,2,9,12,07005KT,16,13
2024-02-09 13:00:00.000,2024,2,9,13,07007KT,17,13
2024-02-09 14:00:00.000,2024,2,9,14,17009KT,19,12
2024-02-09 15:00:00.000,2024,2,9,15,14007KT,19,11
2024-02-09 16:00:00.000,2024,2,9,16,16007KT,19,10
2024-02-09 17:00:00.000,2024,2,9,17,14010KT,20,11
2024-02-09 18:00:00.000,2024,2,9,18,17006KT,20,11
2024-02-09 19:00:00.000,2024,2,9,19,05004KT,19,12
2024-02-09 20:00:00.000,2024,2,9,20,29005KT,19,13
2024-02-09 21:00:00.000,2024,2,9,21,11004KT,20,12
2024-02-09 22:00:00.000,2024,2,9,22,11007KT,19,11
2024-02-09 23:00:00.000,2024,2,9,23,14008KT,17,11
2024-02-10 00:00:00.000,2024,2,10,0,09003KT,17,10
2024-02-10 01:00:00.000,2024,2,10,1,12004KT,16,09
2024-02-10 02:00:00.000,2024,2,10,2,08004KT,14,10
2024-02-10 03:00:00.000,2024,2,10,3,06005KT,14,11
2024-02-10 04:00:00.000,2024,2,10,4,04003KT,14,11
2024-02-10 05:00:00.000,2024,2,10,5,13004KT,14,10
2024-02-10 06:00:00.000,2024,2,10,6,30004KT,14,11
2024-02-10 07:00:00.000,2024,2,10,7,02003KT,13,11
2024-02-10 08:00:00.000,2024,2,10,8,04003KT,13,11
2024-02-10 09:00:00.000,2024,2,10,9,VRB02KT,12,11
2024-02-10 10:00:00.000,2024,2,10,10,VRB02KT,12,10
2024-02-10 10:30:00.000,2024,2,10,10,35003KT,12,10
2024-02-10 11:00:00.000,2024,2,10,11,VRB02KT,11,11
2024-02-10 12:00:00.000,2024,2,10,12,VRB02KT,11,10
2024-02-10 12:25:00.000,2024,2,10,12,VRB02KT,13,12
2024-02-10 13:00:00.000,2024,2,10,13,34004KT,15,12
2024-02-10 14:00:00.000,2024,2,10,14,04004KT,16,12
2024-02-10 15:00:00.000,2024,2,10,15,04006KT,17,13
2024-02-10 16:00:00.000,2024,2,10,16,14011KT,20,10
2024-02-10 17:00:00.000,2024,2,10,17,13011KT,21,08
2024-02-10 18:00:00.000,2024,2,10,18,09009KT,20,10
2024-02-10 19:00:00.000,2024,2,10,19,12012KT,22,10
2024-02-10 20:00:00.000,2024,2,10,20,14012KT,21,10
2024-02-10 21:00:00.000,2024,2,10,21,14008KT,21,09
2024-02-10 22:00:00.000,2024,2,10,22,06009KT,19,10
2024-02-10 23:00:00.000,2024,2,10,23,10006KT,18,09
2024-02-11 00:00:00.000,2024,2,11,0,11007KT,17,09
2024-02-11 01:00:00.000,2024,2,11,1,08004KT,15,09
2024-02-11 02:00:00.000,2024,2,11,2,10004KT,15,09
2024-02-11 03:00:00.000,2024,2,11,3,06005KT,12,09
2024-02-11 04:00:00.000,2024,2,11,4,04006KT,11,09
2024-02-11 05:00:00.000,2024,2,11,5,34004KT,10,08
2024-02-11 06:00:00.000,2024,2,11,6,33003KT,10,09
2024-02-11 07:00:00.000,2024,2,11,7,03004KT,09,08
2024-02-11 08:00:00.000,2024,2,11,8,36004KT,08,08
2024-02-11 09:00:00.000,2024,2,11,9,28004KT,08,07
2024-02-11 10:00:00.000,2024,2,11,10,VRB02KT,07,07
2024-02-11 10:30:00.000,2024,2,11,10,05003KT,08,08
2024-02-11 11:00:00.000,2024,2,11,11,36003KT,08,08
2024-02-11 12:00:00.000,2024,2,11,12,VRB02KT,08,07
2024-02-11 12:27:00.000,2024,2,11,12,05003KT,10,10
2024-02-11 13:00:00.000,2024,2,11,13,06005KT,12,10
2024-02-11 13:37:00.000,2024,2,11,13,36003KT,14,11
2024-02-11 14:00:00.000,2024,2,11,14,VRB02KT,15,11
2024-02-11 15:00:00.000,2024,2,11,15,18005KT,17,09
2024-02-11 15:11:00.000,2024,2,11,15,15007KT,19,09
2024-02-11 16:00:00.000,2024,2,11,16,19010KT,20,07
2024-02-11 17:00:00.000,2024,2,11,17,18009KT,21,08
2024-02-11 18:00:00.000,2024,2,11,18,17010KT,22,07
2024-02-11 19:00:00.000,2024,2,11,19,15010KT,21,07
2024-02-11 20:00:00.000,2024,2,11,20,19008KT,22,07
2024-02-11 21:00:00.000,2024,2,11,21,11005KT,21,06
2024-02-11 22:00:00.000,2024,2,11,22,14005KT,21,11
2024-02-11 23:00:00.000,2024,2,11,23,32010KT,19,13
2024-02-12 00:00:00.000,2024,2,12,0,31007KT,16,13
2024-02-12 01:00:00.000,2024,2,12,1,VRB04KT,16,13
2024-02-12 02:00:00.000,2024,2,12,2,21003KT,16,13
2024-02-12 03:00:00.000,2024,2,12,3,VRB03KT,15,12
2024-02-12 04:00:00.000,2024,2,12,4,02003KT,12,12
2024-02-12 05:00:00.000,2024,2,12,5,04005KT,10,09
2024-02-12 06:00:00.000,2024,2,12,6,VRB02KT,11,09
2024-02-12 07:00:00.000,2024,2,12,7,05005KT,09,09
2024-02-12 08:00:00.000,2024,2,12,8,36003KT,09,09
2024-02-12 09:00:00.000,2024,2,12,9,VRB02KT,09,08
2024-02-12 10:00:00.000,2024,2,12,10,04004KT,09,08
2024-02-12 10:30:00.000,2024,2,12,10,04005KT,09,08
2024-02-12 11:00:00.000,2024,2,12,11,05005KT,09,08
2024-02-12 12:00:00.000,2024,2,12,12,VRB02KT,13,10
2024-02-12 13:00:00.000,2024,2,12,13,06006KT,13,10
2024-02-12 14:00:00.000,2024,2,12,14,04004KT,16,09
2024-02-12 15:00:00.000,2024,2,12,15,03004KT,19,09
2024-02-12 16:00:00.000,2024,2,12,16,34004KT,20,08
2024-02-12 17:00:00.000,2024,2,12,17,12004KT,22,09
2024-02-12 18:00:00.000,2024,2,12,18,01003KT,21,08
2024-02-12 19:00:00.000,2024,2,12,19,29011KT,21,12
2024-02-12 20:00:00.000,2024,2,12,20,31013KT,20,13
2024-02-12 20:30:00.000,2024,2,12,20,28012KT,19,13
2024-02-12 21:00:00.000,2024,2,12,21,26012KT,18,13
2024-02-12 21:17:00.000,2024,2,12,21,30009KT,19,14
2024-02-12 22:00:00.000,2024,2,12,22,29010KT,19,13
2024-02-12 23:00:00.000,2024,2,12,23,28009KT,18,13
2024-02-13 00:00:00.000,2024,2,13,0,27006KT,16,14
2024-02-13 01:00:00.000,2024,2,13,1,24006KT,15,14
2024-02-13 02:00:00.000,2024,2,13,2,28003KT,15,13
2024-02-13 03:00:00.000,2024,2,13,3,32003KT,13,11
2024-02-13 04:00:00.000,2024,2,13,4,28003KT,15,13
2024-02-13 05:00:00.000,2024,2,13,5,VRB03KT,14,12
2024-02-13 06:00:00.000,2024,2,13,6,VRB03KT,13,11
2024-02-13 07:00:00.000,2024,2,13,7,VRB02KT,11,10
2024-02-13 08:00:00.000,2024,2,13,8,35004KT,09,09
2024-02-13 08:32:00.000,2024,2,13,8,VRB02KT,10,10
2024-02-13 09:00:00.000,2024,2,13,9,VRB02KT,11,11
2024-02-13 09:15:00.000,2024,2,13,9,VRB02KT,11,11
2024-02-13 10:00:00.000,2024,2,13,10,VRB02KT,11,10
2024-02-13 10:30:00.000,2024,2,13,10,35003KT,09,09
2024-02-13 11:00:00.000,2024,2,13,11,34003KT,09,09
2024-02-13 11:23:00.000,2024,2,13,11,32003KT,08,08
2024-02-13 12:00:00.000,2024,2,13,12,VRB02KT,07,07
2024-02-13 12:23:00.000,2024,2,13,12,VRB02KT,11,10
2024-02-13 13:00:00.000,2024,2,13,13,02004KT,14,12
2024-02-13 14:00:00.000,2024,2,13,14,05005KT,18,12
2024-02-13 15:00:00.000,2024,2,13,15,VRB04KT,19,12
2024-02-13 16:00:00.000,2024,2,13,16,VRB04KT,20,10
2024-02-13 17:00:00.000,2024,2,13,17,05005KT,21,09
2024-02-13 18:00:00.000,2024,2,13,18,16010KT,22,07
2024-02-13 19:00:00.000,2024,2,13,19,28010KT,22,11
2024-02-13 20:00:00.000,2024,2,13,20,24011KT,21,12
2024-02-13 21:00:00.000,2024,2,13,21,27011KT,20,13
2024-02-13 22:00:00.000,2024,2,13,22,27011KT,19,13
2024-02-13 23:00:00.000,2024,2,13,23,26010KT,18,13
2024-02-14 00:00:00.000,2024,2,14,0,26006KT,17,14
2024-02-14 01:00:00.000,2024,2,14,1,26004KT,16,14
2024-02-14 02:00:00.000,2024,2,14,2,21004KT,15,14
2024-02-14 03:00:00.000,2024,2,14,3,VRB02KT,14,13
2024-02-14 04:00:00.000,2024,2,14,4,VRB02KT,12,11
2024-02-14 05:00:00.000,2024,2,14,5,01004KT,13,12
2024-02-14 06:00:00.000,2024,2,14,6,VRB02KT,13,11
2024-02-14 07:00:00.000,2024,2,14,7,VRB02KT,12,11
2024-02-14 08:00:00.000,2024,2,14,8,03003KT,11,10
2024-02-14 09:00:00.000,2024,2,14,9,VRB02KT,10,10
2024-02-14 10:00:00.000,2024,2,14,10,03004KT,11,10
2024-02-14 10:30:00.000,2024,2,14,10,01003KT,09,09
2024-02-14 11:00:00.000,2024,2,14,11,03003KT,09,09
2024-02-14 12:00:00.000,2024,2,14,12,05006KT,12,09
2024-02-14 12:35:00.000,2024,2,14,12,05006KT,14,10
2024-02-14 13:00:00.000,2024,2,14,13,04008KT,15,09
2024-02-14 14:00:00.000,2024,2,14,14,15005KT,17,06
2024-02-14 15:00:00.000,2024,2,14,15,11008KT,18,07
2024-02-14 16:00:00.000,2024,2,14,16,10011KT,18,08
2024-02-14 17:00:00.000,2024,2,14,17,VRB06KT,19,08
2024-02-14 18:00:00.000,2024,2,14,18,13009KT,20,08
2024-02-14 19:00:00.000,2024,2,14,19,11007KT,20,09
2024-02-14 20:00:00.000,2024,2,14,20,13010KT,20,09
2024-02-14 21:00:00.000,2024,2,14,21,13010KT,19,10
2024-02-14 22:00:00.000,2024,2,14,22,11009KT,17,10
2024-02-14 23:00:00.000,2024,2,14,23,08008KT,16,10
2024-02-15 00:00:00.000,2024,2,15,0,08006KT,16,10
2024-02-15 01:00:00.000,2024,2,15,1,09003KT,15,10
2024-02-15 02:00:00.000,2024,2,15,2,08004KT,15,10
2024-02-15 03:00:00.000,2024,2,15,3,08004KT,14,09
2024-02-15 04:00:00.000,2024,2,15,4,09003KT,14,10
2024-02-15 05:00:00.000,2024,2,15,5,08003KT,14,10
2024-02-15 06:00:00.000,2024,2,15,6,VRB02KT,10,09
2024-02-15 07:00:00.000,2024,2,15,7,06005KT,13,10
2024-02-15 08:00:00.000,2024,2,15,8,07005KT,13,10
2024-02-15 09:00:00.000,2024,2,15,9,11005KT,14,10
2024-02-15 10:00:00.000,2024,2,15,10,11010KT,14,10
2024-02-15 10:29:00.000,2024,2,15,10,10006KT,14,10
2024-02-15 11:00:00.000,2024,2,15,11,10006KT,14,10
2024-02-15 12:00:00.000,2024,2,15,12,10006KT,14,10
2024-02-15 13:00:00.000,2024,2,15,13,10008KT,17,10
2024-02-15 14:00:00.000,2024,2,15,14,11006KT,17,10
2024-02-15 15:00:00.000,2024,2,15,15,10008KT,18,10
2024-02-15 16:00:00.000,2024,2,15,16,10010KT,19,10
2024-02-15 17:00:00.000,2024,2,15,17,13011KT,19,10
2024-02-15 18:00:00.000,2024,2,15,18,12010KT,20,10
2024-02-15 19:00:00.000,2024,2,15,19,10009KT,18,11
2024-02-15 20:00:00.000,2024,2,15,20,14008KT,18,11
2024-02-15 21:00:00.000,2024,2,15,21,16012KT,19,10
2024-02-15 22:00:00.000,2024,2,15,22,11007KT,18,11
2024-02-15 23:00:00.000,2024,2,15,23,10004KT,18,11
2024-02-16 00:00:00.000,2024,2,16,0,11005KT,17,11
2024-02-16 01:00:00.000,2024,2,16,1,13008KT,16,11
2024-02-16 02:00:00.000,2024,2,16,2,11004KT,16,11
2024-02-16 03:00:00.000,2024,2,16,3,04004KT,12,10
2024-02-16 04:00:00.000,2024,2,16,4,08003KT,14,11
2024-02-16 05:00:00.000,2024,2,16,5,05004KT,12,11
2024-02-16 06:00:00.000,2024,2,16,6,VRB02KT,13,11
2024-02-16 07:00:00.000,2024,2,16,7,VRB02KT,12,10
2024-02-16 08:00:00.000,2024,2,16,8,05003KT,11,10
2024-02-16 09:00:00.000,2024,2,16,9,04003KT,11,10
2024-02-16 10:00:00.000,2024,2,16,10,07003KT,14,11
2024-02-16 11:00:00.000,2024,2,16,11,05005KT,13,11
2024-02-16 12:00:00.000,2024,2,16,12,36003KT,12,11
2024-02-16 13:00:00.000,2024,2,16,13,11003KT,16,12
2024-02-16 14:00:00.000,2024,2,16,14,14011KT,19,11
2024-02-16 15:00:00.000,2024,2,16,15,11008KT,18,12
2024-02-16 16:00:00.000,2024,2,16,16,17007KT,18,11
2024-02-16 17:00:00.000,2024,2,16,17,18006KT,19,11
2024-02-16 18:00:00.000,2024,2,16,18,18011KT,21,11
2024-02-16 19:00:00.000,2024,2,16,19,17013G23KT,21,10
2024-02-16 20:00:00.000,2024,2,16,20,16016KT,22,11
2024-02-16 21:00:00.000,2024,2,16,21,16010KT,21,11
2024-02-16 22:00:00.000,2024,2,16,22,14004KT,20,11
2024-02-16 23:00:00.000,2024,2,16,23,14012KT,18,10
2024-02-17 00:00:00.000,2024,2,17,0,10006KT,17,11
2024-02-17 01:00:00.000,2024,2,17,1,10005KT,17,12
2024-02-17 02:00:00.000,2024,2,17,2,13007KT,16,11
2024-02-17 03:00:00.000,2024,2,17,3,13007KT,16,11
2024-02-17 04:00:00.000,2024,2,17,4,11006KT,16,11
2024-02-17 05:00:00.000,2024,2,17,5,08004KT,15,11
2024-02-17 06:00:00.000,2024,2,17,6,05004KT,14,12
2024-02-17 07:00:00.000,2024,2,17,7,02003KT,13,11
2024-02-17 08:00:00.000,2024,2,17,8,05007KT,14,11
2024-02-17 09:00:00.000,2024,2,17,9,06006KT,14,12
2024-02-17 10:00:00.000,2024,2,17,10,03006KT,13,11
2024-02-17 10:30:00.000,2024,2,17,10,05006KT,13,11
2024-02-17 11:00:00.000,2024,2,17,11,04005KT,13,11
2024-02-17 12:00:00.000,2024,2,17,12,36003KT,14,11
2024-02-17 13:00:00.000,2024,2,17,13,36003KT,15,12
2024-02-17 14:00:00.000,2024,2,17,14,07005KT,16,12
2024-02-17 15:00:00.000,2024,2,17,15,08006KT,16,12
2024-02-17 16:00:00.000,2024,2,17,16,10008KT,18,11
2024-02-17 17:00:00.000,2024,2,17,17,11007KT,18,11
2024-02-17 18:00:00.000,2024,2,17,18,07008KT,18,11
2024-02-17 19:00:00.000,2024,2,17,19,07007KT,19,11
2024-02-17 20:00:00.000,2024,2,17,20,08008KT,20,11
2024-02-17 21:00:00.000,2024,2,17,21,10008KT,19,10
2024-02-17 22:00:00.000,2024,2,17,22,11007KT,19,10
2024-02-17 23:00:00.000,2024,2,17,23,10008KT,18,10
2024-02-18 00:00:00.000,2024,2,18,0,11005KT,17,10
2024-02-18 01:00:00.000,2024,2,18,1,10006KT,16,10
2024-02-18 02:00:00.000,2024,2,18,2,09005KT,15,10
2024-02-18 03:00:00.000,2024,2,18,3,04006KT,12,10
2024-02-18 04:00:00.000,2024,2,18,4,04005KT,11,10
2024-02-18 05:00:00.000,2024,2,18,5,04005KT,11,10
2024-02-18 06:00:00.000,2024,2,18,6,33004KT,10,09
2024-02-18 07:00:00.000,2024,2,18,7,26002KT,09,08
2024-02-18 08:00:00.000,2024,2,18,8,VRB02KT,08,07
2024-02-18 09:00:00.000,2024,2,18,9,VRB02KT,07,07
2024-02-18 10:00:00.000,2024,2,18,10,VRB02KT,05,05
2024-02-18 11:00:00.000,2024,2,18,11,VRB02KT,07,07
2024-02-18 12:00:00.000,2024,2,18,12,VRB02KT,07,05
2024-02-18 12:22:00.000,2024,2,18,12,04003KT,10,10
2024-02-18 13:00:00.000,2024,2,18,13,04006KT,12,10
2024-02-18 13:20:00.000,2024,2,18,13,06005KT,14,10
2024-02-18 14:00:00.000,2024,2,18,14,05006KT,16,11
2024-02-18 14:25:00.000,2024,2,18,14,05005KT,18,11
2024-02-18 15:00:00.000,2024,2,18,15,06004KT,19,10
2024-02-18 16:00:00.000,2024,2,18,16,23004KT,21,10
2024-02-18 17:00:00.000,2024,2,18,17,32003KT,21,09
2024-02-18 18:00:00.000,2024,2,18,18,VRB04KT,22,09
2024-02-18 19:00:00.000,2024,2,18,19,16007KT,24,08
2024-02-18 20:00:00.000,2024,2,18,20,26004KT,30,26
2024-02-18 21:00:00.000,2024,2,18,21,31014KT,21,13
2024-02-18 22:00:00.000,2024,2,18,22,27012KT,20,13
2024-02-18 23:00:00.000,2024,2,18,23,28007KT,18,13
2024-02-19 00:00:00.000,2024,2,19,0,27007KT,17,13
2024-02-19 01:00:00.000,2024,2,19,1,25005KT,14,12
2024-02-19 02:00:00.000,2024,2,19,2,28003KT,16,13
2024-02-19 03:00:00.000,2024,2,19,3,31005KT,13,13
2024-02-19 04:00:00.000,2024,2,19,4,33004KT,13,13
2024-02-19 05:00:00.000,2024,2,19,5,30004KT,11,10
2024-02-19 06:00:00.000,2024,2,19,6,VRB02KT,10,08
2024-02-19 07:00:00.000,2024,2,19,7,31004KT,09,08
2024-02-19 08:00:00.000,2024,2,19,8,30005KT,08,08
2024-02-19 09:00:00.000,2024,2,19,9,31006KT,08,07
2024-02-19 10:00:00.000,2024,2,19,10,32003KT,06,06
2024-02-19 10:28:00.000,2024,2,19,10,34003KT,08,08
2024-02-19 11:00:00.000,2024,2,19,11,00000KT,09,07
2024-02-19 12:00:00.000,2024,2,19,12,36003KT,08,07
2024-02-19 12:30:00.000,2024,2,19,12,36003KT,12,10
2024-02-19 13:00:00.000,2024,2,19,13,02004KT,12,10
2024-02-19 13:36:00.000,2024,2,19,13,VRB02KT,16,11
2024-02-19 14:00:00.000,2024,2,19,14,VRB02KT,17,11
2024-02-19 15:00:00.000,2024,2,19,15,VRB04KT,19,10
2024-02-19 16:00:00.000,2024,2,19,16,VRB02KT,21,08
2024-02-19 17:00:00.000,2024,2,19,17,33007KT,22,06
2024-02-19 18:00:00.000,2024,2,19,18,31012KT,23,11
2024-02-19 19:00:00.000,2024,2,19,19,29015KT,22,12
2024-02-19 20:00:00.000,2024,2,19,20,28014KT,22,13
2024-02-19 21:00:00.000,2024,2,19,21,27013KT,21,13
2024-02-19 21:36:00.000,2024,2,19,21,28013KT,20,13
2024-02-19 22:00:00.000,2024,2,19,22,27013KT,19,13
2024-02-19 23:00:00.000,2024,2,19,23,31010KT,16,13
2024-02-20 00:00:00.000,2024,2,20,0,30007KT,14,12
2024-02-20 01:00:00.000,2024,2,20,1,VRB02KT,15,12
2024-02-20 02:00:00.000,2024,2,20,2,VRB02KT,15,12
2024-02-20 03:00:00.000,2024,2,20,3,00000KT,13,11
2024-02-20 04:00:00.000,2024,2,20,4,31007KT,12,11
2024-02-20 05:00:00.000,2024,2,20,5,34003KT,12,11
2024-02-20 06:00:00.000,2024,2,20,6,36004KT,11,10
2024-02-20 07:00:00.000,2024,2,20,7,00000KT,11,10
2024-02-20 08:00:00.000,2024,2,20,8,VRB02KT,09,09
2024-02-20 09:00:00.000,2024,2,20,9,VRB02KT,08,08
2024-02-20 10:00:00.000,2024,2,20,10,VRB02KT,08,08
2024-02-20 10:30:00.000,2024,2,20,10,33005KT,05,05
2024-02-20 11:00:00.000,2024,2,20,11,34003KT,07,07
2024-02-20 12:00:00.000,2024,2,20,12,08003KT,08,08
2024-02-20 12:30:00.000,2024,2,20,12,08006KT,10,10
2024-02-20 13:00:00.000,2024,2,20,13,08007KT,13,12
2024-02-20 13:32:00.000,2024,2,20,13,07003KT,15,12
2024-02-20 14:00:00.000,2024,2,20,14,05003KT,17,12
2024-02-20 15:00:00.000,2024,2,20,15,32003KT,19,11
2024-02-20 16:00:00.000,2024,2,20,16,31005KT,20,11
2024-02-20 17:00:00.000,2024,2,20,17,30008KT,22,11
2024-02-20 18:00:00.000,2024,2,20,18,28015KT,23,13
2024-02-20 20:00:00.000,2024,2,20,20,VRB02KT,15,12
2024-02-20 21:00:00.000,2024,2,20,21,30013KT,21,12
2024-02-20 22:00:00.000,2024,2,20,22,31015KT,20,11
2024-02-20 23:00:00.000,2024,2,20,23,31015KT,18,11
2024-02-21 00:00:00.000,2024,2,21,0,31011KT,16,11
2024-02-21 01:00:00.000,2024,2,21,1,29008KT,15,11
2024-02-21 02:00:00.000,2024,2,21,2,30008KT,15,11
2024-02-21 03:00:00.000,2024,2,21,3,31008KT,13,11
2024-02-21 04:00:00.000,2024,2,21,4,30006KT,13,11
2024-02-21 05:00:00.000,2024,2,21,5,30005KT,11,10
2024-02-21 06:00:00.000,2024,2,21,6,31003KT,09,09
2024-02-21 07:00:00.000,2024,2,21,7,VRB02KT,09,09
2024-02-21 08:00:00.000,2024,2,21,8,VRB02KT,06,06
2024-02-21 09:00:00.000,2024,2,21,9,32003KT,04,04
2024-02-21 10:00:00.000,2024,2,21,10,31008KT,04,04
2024-02-21 10:38:00.000,2024,2,21,10,VRB02KT,05,05
2024-02-21 11:00:00.000,2024,2,21,11,VRB02KT,05,05
2024-02-21 12:00:00.000,2024,2,21,12,35004KT,07,06
2024-02-21 12:30:00.000,2024,2,21,12,36004KT,09,08
2024-02-21 13:00:00.000,2024,2,21,13,VRB02KT,11,08
2024-02-21 14:00:00.000,2024,2,21,14,25004KT,15,09
2024-02-21 15:00:00.000,2024,2,21,15,33006KT,18,10
2024-02-21 16:00:00.000,2024,2,21,16,30011KT,20,10
2024-02-21 17:00:00.000,2024,2,21,17,32013KT,20,10
2024-02-21 18:00:00.000,2024,2,21,18,32015KT,20,08
2024-02-21 19:00:00.000,2024,2,21,19,35012KT,20,10
2024-02-21 20:00:00.000,2024,2,21,20,33013KT,20,09
2024-02-21 21:00:00.000,2024,2,21,21,33016KT,20,08
2024-02-21 22:00:00.000,2024,2,21,22,34013KT,18,07
2024-02-21 23:00:00.000,2024,2,21,23,35007KT,17,09
2024-02-22 00:00:00.000,2024,2,22,0,35008KT,14,09
2024-02-22 01:00:00.000,2024,2,22,1,32006KT,13,10
2024-02-22 02:00:00.000,2024,2,22,2,32005KT,12,10
2024-02-22 03:00:00.000,2024,2,22,3,00000KT,11,09
2024-02-22 04:00:00.000,2024,2,22,4,VRB02KT,10,09
2024-02-22 05:00:00.000,2024,2,22,5,00000KT,11,10
2024-02-22 06:00:00.000,2024,2,22,6,VRB02KT,10,09
2024-02-22 07:00:00.000,2024,2,22,7,35004KT,09,08
2024-02-22 08:00:00.000,2024,2,22,8,02003KT,10,09
2024-02-22 09:00:00.000,2024,2,22,9,VRB02KT,10,09
2024-02-22 10:00:00.000,2024,2,22,10,00000KT,11,10
2024-02-22 10:30:00.000,2024,2,22,10,00000KT,10,09
2024-02-22 11:00:00.000,2024,2,22,11,VRB02KT,10,09
2024-02-22 12:00:00.000,2024,2,22,12,00000KT,11,09
2024-02-22 12:16:00.000,2024,2,22,12,00000KT,13,11
2024-02-22 13:00:00.000,2024,2,22,13,31003KT,15,12
2024-02-22 15:00:00.000,2024,2,22,15,30012KT,18,12
2024-02-22 16:00:00.000,2024,2,22,16,30014G25KT,19,11
2024-02-22 17:00:00.000,2024,2,22,17,31015KT,19,11
2024-02-22 18:00:00.000,2024,2,22,18,33016KT,20,11
2024-02-22 19:00:00.000,2024,2,22,19,32018KT,20,10
2024-02-22 20:00:00.000,2024,2,22,20,31016KT,19,11
2024-02-22 21:00:00.000,2024,2,22,21,32014KT,18,10
2024-02-22 22:00:00.000,2024,2,22,22,33013KT,18,10
2024-02-22 23:00:00.000,2024,2,22,23,32010KT,15,10
2024-02-23 00:00:00.000,2024,2,23,0,31010KT,14,11
2024-02-23 01:00:00.000,2024,2,23,1,31009KT,13,11
2024-02-23 02:00:00.000,2024,2,23,2,28004KT,13,11
2024-02-23 03:00:00.000,2024,2,23,3,VRB02KT,11,10
2024-02-23 04:00:00.000,2024,2,23,4,VRB02KT,11,10
2024-02-23 05:00:00.000,2024,2,23,5,29005KT,12,11
2024-02-23 06:00:00.000,2024,2,23,6,34003KT,09,09
2024-02-23 07:00:00.000,2024,2,23,7,00000KT,10,10
2024-02-23 08:00:00.000,2024,2,23,8,VRB02KT,11,10
2024-02-23 09:00:00.000,2024,2,23,9,VRB02KT,11,10
2024-02-23 10:00:00.000,2024,2,23,10,VRB02KT,11,10
2024-02-23 10:30:00.000,2024,2,23,10,04005KT,10,08
2024-02-23 11:00:00.000,2024,2,23,11,05004KT,09,08
2024-02-23 12:00:00.000,2024,2,23,12,03004KT,10,09
2024-02-23 12:35:00.000,2024,2,23,12,02006KT,12,09
2024-02-23 13:00:00.000,2024,2,23,13,02004KT,13,09
2024-02-23 13:30:00.000,2024,2,23,13,VRB02KT,15,10
2024-02-23 14:00:00.000,2024,2,23,14,27005KT,16,10
2024-02-23 15:00:00.000,2024,2,23,15,28005KT,18,10
2024-02-23 16:00:00.000,2024,2,23,16,28008KT,20,10
2024-02-23 17:00:00.000,2024,2,23,17,28012KT,20,11
2024-02-23 18:00:00.000,2024,2,23,18,29018KT,21,10
2024-02-23 19:00:00.000,2024,2,23,19,28013KT,20,10
2024-02-23 19:22:00.000,2024,2,23,19,28013KT,20,10
2024-02-23 20:00:00.000,2024,2,23,20,28012KT,20,10
2024-02-23 21:00:00.000,2024,2,23,21,28012KT,20,10
2024-02-23 22:00:00.000,2024,2,23,22,27008KT,18,11
2024-02-23 23:00:00.000,2024,2,23,23,28010KT,16,11
2024-02-24 00:00:00.000,2024,2,24,0,26005G15KT,15,12
2024-02-24 01:00:00.000,2024,2,24,1,26004KT,15,12
2024-02-24 02:00:00.000,2024,2,24,2,32005KT,13,13
2024-02-24 03:00:00.000,2024,2,24,3,33003KT,13,12
2024-02-24 04:00:00.000,2024,2,24,4,32004KT,13,12
2024-02-24 05:00:00.000,2024,2,24,5,34003KT,12,11
2024-02-24 06:00:00.000,2024,2,24,6,30005KT,11,11
2024-02-24 07:00:00.000,2024,2,24,7,VRB02KT,11,11
2024-02-24 08:00:00.000,2024,2,24,8,VRB02KT,11,10
2024-02-24 09:00:00.000,2024,2,24,9,VRB02KT,10,10
2024-02-24 10:00:00.000,2024,2,24,10,VRB02KT,09,09
2024-02-24 10:31:00.000,2024,2,24,10,33003KT,09,09
2024-02-24 11:00:00.000,2024,2,24,11,33004KT,09,09
2024-02-24 12:00:00.000,2024,2,24,12,05003KT,09,09
2024-02-24 13:00:00.000,2024,2,24,13,00000KT,12,11
2024-02-24 13:26:00.000,2024,2,24,13,30004KT,14,12
2024-02-24 14:00:00.000,2024,2,24,14,00000KT,16,12
2024-02-24 15:00:00.000,2024,2,24,15,11004KT,18,10
2024-02-24 16:00:00.000,2024,2,24,16,00000KT,19,06
2024-02-24 17:00:00.000,2024,2,24,17,31015KT,20,10
2024-02-24 18:00:00.000,2024,2,24,18,26013KT,20,11
2024-02-24 19:00:00.000,2024,2,24,19,27012KT,20,10
2024-02-24 20:00:00.000,2024,2,24,20,25013KT,20,11
2024-02-24 21:00:00.000,2024,2,24,21,25013KT,20,11
2024-02-24 22:00:00.000,2024,2,24,22,27011KT,18,11
2024-02-24 23:00:00.000,2024,2,24,23,27010KT,17,11
2024-02-25 00:00:00.000,2024,2,25,0,33006KT,14,13
2024-02-25 01:00:00.000,2024,2,25,1,31007KT,14,12
2024-02-25 02:00:00.000,2024,2,25,2,30007KT,15,12
2024-02-25 03:00:00.000,2024,2,25,3,30008KT,14,12
2024-02-25 04:00:00.000,2024,2,25,4,31006KT,14,12
2024-02-25 05:00:00.000,2024,2,25,5,31005KT,13,12
2024-02-25 06:00:00.000,2024,2,25,6,33004KT,11,10
2024-02-25 07:00:00.000,2024,2,25,7,VRB02KT,11,10
2024-02-25 08:00:00.000,2024,2,25,8,VRB02KT,10,10
2024-02-25 09:00:00.000,2024,2,25,9,34003KT,11,09
2024-02-25 10:00:00.000,2024,2,25,10,VRB02KT,08,07
2024-02-25 10:30:00.000,2024,2,25,10,VRB02KT,09,08
2024-02-25 11:00:00.000,2024,2,25,11,04003KT,09,08
2024-02-25 12:00:00.000,2024,2,25,12,29003KT,11,09
2024-02-25 12:32:00.000,2024,2,25,12,05003KT,13,10
2024-02-25 13:00:00.000,2024,2,25,13,06005KT,14,11
2024-02-25 14:00:00.000,2024,2,25,14,05005KT,16,10
2024-02-25 15:00:00.000,2024,2,25,15,04003KT,18,09
2024-02-25 16:00:00.000,2024,2,25,16,32004KT,19,09
2024-02-25 17:00:00.000,2024,2,25,17,31013KT,21,10
2024-02-25 18:00:00.000,2024,2,25,18,26013KT,19,10
2024-02-25 19:00:00.000,2024,2,25,19,27015KT,19,10
2024-02-25 20:00:00.000,2024,2,25,20,28013KT,18,10
2024-02-25 21:00:00.000,2024,2,25,21,29012KT,17,11
2024-02-25 22:00:00.000,2024,2,25,22,29009KT,18,11
2024-02-25 22:32:00.000,2024,2,25,22,31012KT,15,11
2024-02-25 23:00:00.000,2024,2,25,23,31010KT,15,12
2024-02-26 00:00:00.000,2024,2,26,0,32007KT,13,11
2024-02-26 01:00:00.000,2024,2,26,1,31005KT,13,11
2024-02-26 02:00:00.000,2024,2,26,2,31005KT,13,11
2024-02-26 03:00:00.000,2024,2,26,3,28006KT,13,11
2024-02-26 04:00:00.000,2024,2,26,4,30005KT,13,10
2024-02-26 05:00:00.000,2024,2,26,5,VRB02KT,12,10
2024-02-26 06:00:00.000,2024,2,26,6,32002KT,10,09
2024-02-26 07:00:00.000,2024,2,26,7,23002KT,11,10
2024-02-26 08:00:00.000,2024,2,26,8,32003KT,08,08
2024-02-26 09:00:00.000,2024,2,26,9,VRB02KT,10,09
2024-02-26 10:00:00.000,2024,2,26,10,VRB02KT,06,06
2024-02-26 10:30:00.000,2024,2,26,10,VRB02KT,06,06
2024-02-26 11:00:00.000,2024,2,26,11,VRB02KT,06,06
2024-02-26 12:00:00.000,2024,2,26,12,33003KT,06,06
2024-02-26 13:00:00.000,2024,2,26,13,VRB02KT,10,10
2024-02-26 13:13:00.000,2024,2,26,13,04003KT,14,11
2024-02-26 14:00:00.000,2024,2,26,14,VRB02KT,16,10
2024-02-26 15:00:00.000,2024,2,26,15,VRB02KT,18,10
2024-02-26 16:00:00.000,2024,2,26,16,31005KT,19,09
2024-02-26 17:00:00.000,2024,2,26,17,20004KT,20,07
2024-02-26 18:00:00.000,2024,2,26,18,24012KT,19,10
2024-02-26 19:00:00.000,2024,2,26,19,25010KT,19,11
2024-02-26 20:00:00.000,2024,2,26,20,29009KT,19,10
2024-02-26 21:00:00.000,2024,2,26,21,36009KT,17,11
2024-02-26 22:00:00.000,2024,2,26,22,36004KT,17,12
2024-02-26 23:00:00.000,2024,2,26,23,32005KT,16,11
2024-02-27 00:00:00.000,2024,2,27,0,32005KT,14,12
2024-02-27 01:00:00.000,2024,2,27,1,35004KT,12,11
2024-02-27 02:00:00.000,2024,2,27,2,32004KT,13,12
2024-02-27 03:00:00.000,2024,2,27,3,32005KT,12,12
2024-02-27 04:00:00.000,2024,2,27,4,VRB02KT,12,11
2024-02-27 05:00:00.000,2024,2,27,5,VRB02KT,11,10
2024-02-27 06:00:00.000,2024,2,27,6,36004KT,09,09
2024-02-27 07:00:00.000,2024,2,27,7,28003KT,10,10
2024-02-27 08:00:00.000,2024,2,27,8,VRB02KT,09,09
2024-02-27 09:00:00.000,2024,2,27,9,VRB02KT,10,10
2024-02-27 10:00:00.000,2024,2,27,10,29003KT,09,09
2024-02-27 11:00:00.000,2024,2,27,11,VRB02KT,10,10
2024-02-27 11:13:00.000,2024,2,27,11,04003KT,11,10
2024-02-27 12:00:00.000,2024,2,27,12,36002KT,11,10
2024-02-27 12:34:00.000,2024,2,27,12,02003KT,13,11
2024-02-27 13:00:00.000,2024,2,27,13,35003KT,14,11
2024-02-27 14:00:00.000,2024,2,27,14,03004KT,16,12
2024-02-27 15:00:00.000,2024,2,27,15,01004KT,18,11
2024-02-27 16:00:00.000,2024,2,27,16,06004KT,20,10
2024-02-27 17:00:00.000,2024,2,27,17,05002KT,21,09
2024-02-27 18:00:00.000,2024,2,27,18,25012KT,22,12
2024-02-27 19:00:00.000,2024,2,27,19,28012KT,20,11
2024-02-27 20:00:00.000,2024,2,27,20,28014KT,20,12
2024-02-27 21:00:00.000,2024,2,27,21,27010KT,20,12
2024-02-27 22:00:00.000,2024,2,27,22,25012G22KT,19,13
2024-02-27 23:00:00.000,2024,2,27,23,30006KT,17,13
2024-02-28 00:00:00.000,2024,2,28,0,26003KT,14,13
2024-02-28 01:00:00.000,2024,2,28,1,31007KT,14,13
2024-02-28 02:00:00.000,2024,2,28,2,32006KT,14,13
2024-02-28 03:00:00.000,2024,2,28,3,03005KT,14,12
2024-02-28 04:00:00.000,2024,2,28,4,34003KT,14,12
2024-02-28 05:00:00.000,2024,2,28,5,05005KT,14,12
2024-02-28 06:00:00.000,2024,2,28,6,02003KT,13,12
2024-02-28 07:00:00.000,2024,2,28,7,35007KT,12,12
2024-02-28 08:00:00.000,2024,2,28,8,05004KT,13,12
2024-02-28 09:00:00.000,2024,2,28,9,07003KT,13,12
2024-02-28 10:00:00.000,2024,2,28,10,VRB02KT,12,11
2024-02-28 10:30:00.000,2024,2,28,10,VRB02KT,12,11
2024-02-28 11:00:00.000,2024,2,28,11,VRB02KT,11,11
2024-02-28 12:00:00.000,2024,2,28,12,05004KT,12,11
2024-02-28 12:31:00.000,2024,2,28,12,03005KT,14,12
2024-02-28 13:00:00.000,2024,2,28,13,05005KT,15,12
2024-02-28 13:25:00.000,2024,2,28,13,05005KT,17,12
2024-02-28 14:00:00.000,2024,2,28,14,07005KT,18,11
2024-02-28 15:00:00.000,2024,2,28,15,07004KT,19,10
2024-02-28 16:00:00.000,2024,2,28,16,VRB02KT,20,09
2024-02-28 17:00:00.000,2024,2,28,17,21004KT,22,10
2024-02-28 18:00:00.000,2024,2,28,18,30004KT,21,11
2024-02-28 19:00:00.000,2024,2,28,19,24012KT,22,13
2024-02-28 20:00:00.000,2024,2,28,20,28014KT,20,12
2024-02-28 21:00:00.000,2024,2,28,21,27013KT,20,13
2024-02-28 22:00:00.000,2024,2,28,22,28010KT,19,12
2024-02-28 22:18:00.000,2024,2,28,22,26008KT,19,13
2024-02-28 23:00:00.000,2024,2,28,23,29008KT,18,13
2024-02-29 00:00:00.000,2024,2,29,0,28007KT,17,13
2024-02-29 01:00:00.000,2024,2,29,1,26005KT,16,14
2024-02-29 02:00:00.000,2024,2,29,2,31006KT,15,14
2024-02-29 03:00:00.000,2024,2,29,3,30005KT,14,13
2024-02-29 04:00:00.000,2024,2,29,4,35004KT,13,12
2024-02-29 05:00:00.000,2024,2,29,5,30004KT,12,12
2024-02-29 06:00:00.000,2024,2,29,6,VRB02KT,12,12
2024-02-29 07:00:00.000,2024,2,29,7,33004KT,10,10
2024-02-29 08:00:00.000,2024,2,29,8,35003KT,11,10
2024-02-29 09:00:00.000,2024,2,29,9,VRB02KT,11,10
2024-02-29 10:00:00.000,2024,2,29,10,33003KT,12,12
2024-02-29 10:31:00.000,2024,2,29,10,32004KT,11,10
2024-02-29 11:00:00.000,2024,2,29,11,32005KT,11,11
2024-02-29 11:10:00.000,2024,2,29,11,33003KT,11,10
2024-02-29 12:00:00.000,2024,2,29,12,00000KT,12,11
2024-02-29 12:29:00.000,2024,2,29,12,03003KT,14,13
2024-02-29 13:00:00.000,2024,2,29,13,03004KT,15,13
2024-02-29 14:00:00.000,2024,2,29,14,26003KT,18,11
2024-02-29 15:00:00.000,2024,2,29,15,16007KT,19,08
2024-02-29 16:00:00.000,2024,2,29,16,12003KT,21,07
2024-02-29 17:00:00.000,2024,2,29,17,09004KT,21,07
2024-02-29 18:00:00.000,2024,2,29,18,27008KT,22,09
2024-02-29 19:00:00.000,2024,2,29,19,29013KT,20,12
2024-02-29 20:00:00.000,2024,2,29,20,27013KT,22,12
2024-02-29 21:00:00.000,2024,2,29,21,26013KT,20,12
2024-02-29 22:00:00.000,2024,2,29,22,25009KT,18,12
2024-02-29 23:00:00.000,2024,2,29,23,25009KT,17,12
2024-03-01 00:00:00.000,2024,3,1,0,24007KT,16,12
2024-03-01 01:00:00.000,2024,3,1,1,32004KT,14,13
2024-03-01 02:00:00.000,2024,3,1,2,30006KT,14,13
2024-03-01 03:00:00.000,2024,3,1,3,31007KT,14,13
2024-03-01 04:00:00.000,2024,3,1,4,29005KT,15,13
2024-03-01 05:00:00.000,2024,3,1,5,28004KT,15,13
2024-03-01 06:00:00.000,2024,3,1,6,31004KT,14,13
2024-03-01 07:00:00.000,2024,3,1,7,VRB02KT,13,12
2024-03-01 08:00:00.000,2024,3,1,8,VRB02KT,12,11
2024-03-01 09:00:00.000,2024,3,1,9,02004KT,13,12
2024-03-01 10:00:00.000,2024,3,1,10,04004KT,13,11
2024-03-01 10:30:00.000,2024,3,1,10,04005KT,11,10
2024-03-01 11:00:00.000,2024,3,1,11,05005KT,11,10
2024-03-01 12:00:00.000,2024,3,1,12,06005KT,12,10
2024-03-01 13:00:00.000,2024,3,1,13,04005KT,15,10
2024-03-01 14:00:00.000,2024,3,1,14,03005KT,17,10
2024-03-01 15:00:00.000,2024,3,1,15,06006KT,19,08
2024-03-01 16:00:00.000,2024,3,1,16,05003KT,21,07
2024-03-01 17:00:00.000,2024,3,1,17,31007KT,22,07
2024-03-01 18:00:00.000,2024,3,1,18,28014KT,22,09
2024-03-01 19:00:00.000,2024,3,1,19,28018KT,21,11
2024-03-01 20:00:00.000,2024,3,1,20,29015KT,20,11
2024-03-01 21:00:00.000,2024,3,1,21,29012G22KT,20,11
2024-03-01 22:00:00.000,2024,3,1,22,26012G22KT,17,12
2024-03-01 23:00:00.000,2024,3,1,23,27010KT,17,12
2024-03-02 00:00:00.000,2024,3,2,0,33002KT,15,12
2024-03-02 01:00:00.000,2024,3,2,1,28004KT,15,13
2024-03-02 02:00:00.000,2024,3,2,2,31005KT,14,13
2024-03-02 03:00:00.000,2024,3,2,3,29007KT,15,12
2024-03-02 04:00:00.000,2024,3,2,4,29005KT,15,12
2024-03-02 05:00:00.000,2024,3,2,5,31005KT,14,12
2024-03-02 06:00:00.000,2024,3,2,6,VRB02KT,11,11
2024-03-02 07:00:00.000,2024,3,2,7,VRB02KT,11,11
2024-03-02 08:00:00.000,2024,3,2,8,33003KT,11,10
2024-03-02 09:00:00.000,2024,3,2,9,33003KT,10,10
2024-03-02 10:00:00.000,2024,3,2,10,VRB02KT,11,10
2024-03-02 10:31:00.000,2024,3,2,10,02003KT,10,10
2024-03-02 11:00:00.000,2024,3,2,11,01003KT,10,10
2024-03-02 12:00:00.000,2024,3,2,12,03004KT,09,08
2024-03-02 13:00:00.000,2024,3,2,13,03004KT,15,11
2024-03-02 14:00:00.000,2024,3,2,14,05005KT,18,11
2024-03-02 15:00:00.000,2024,3,2,15,09003KT,19,10
2024-03-02 16:00:00.000,2024,3,2,16,VRB05KT,21,09
2024-03-02 17:00:00.000,2024,3,2,17,VRB03KT,22,08
2024-03-02 18:00:00.000,2024,3,2,18,31016KT,21,12
2024-03-02 18:29:00.000,2024,3,2,18,27017KT,21,11
2024-03-02 19:00:00.000,2024,3,2,19,28012KT,21,12
2024-03-02 20:00:00.000,2024,3,2,20,29014KT,21,11
2024-03-02 21:00:00.000,2024,3,2,21,26013KT,21,11
2024-03-02 22:00:00.000,2024,3,2,22,28013KT,19,12
2024-03-02 23:00:00.000,2024,3,2,23,27008KT,18,12
2024-03-03 00:00:00.000,2024,3,3,0,26005KT,16,13
2024-03-03 01:00:00.000,2024,3,3,1,26005KT,16,13
2024-03-03 02:00:00.000,2024,3,3,2,30005KT,15,13
2024-03-03 03:00:00.000,2024,3,3,3,30004KT,14,13
2024-03-03 04:00:00.000,2024,3,3,4,30007KT,14,12
2024-03-03 05:00:00.000,2024,3,3,5,30006KT,13,12
2024-03-03 06:00:00.000,2024,3,3,6,35004KT,12,12
2024-03-03 07:00:00.000,2024,3,3,7,VRB02KT,12,12
2024-03-03 08:00:00.000,2024,3,3,8,30005KT,12,12
2024-03-03 09:00:00.000,2024,3,3,9,33003KT,12,12
2024-03-03 10:00:00.000,2024,3,3,10,00000KT,12,11
2024-03-03 10:30:00.000,2024,3,3,10,34004KT,12,12
2024-03-03 11:00:00.000,2024,3,3,11,00000KT,11,11
2024-03-03 12:00:00.000,2024,3,3,12,04004KT,12,12
2024-03-03 12:31:00.000,2024,3,3,12,04007KT,14,13
2024-03-03 13:00:00.000,2024,3,3,13,04007KT,15,12
2024-03-03 14:00:00.000,2024,3,3,14,04009KT,17,12
2024-03-03 15:00:00.000,2024,3,3,15,04004KT,19,12
2024-03-03 16:00:00.000,2024,3,3,16,11005KT,20,10
2024-03-03 17:00:00.000,2024,3,3,17,29011KT,21,11
2024-03-03 18:00:00.000,2024,3,3,18,25013KT,21,13
2024-03-03 19:00:00.000,2024,3,3,19,25012KT,20,13
2024-03-03 20:00:00.000,2024,3,3,20,25012KT,20,11
2024-03-03 21:00:00.000,2024,3,3,21,27010KT,21,12
2024-03-03 22:00:00.000,2024,3,3,22,26012KT,18,12
2024-03-03 23:00:00.000,2024,3,3,23,27009KT,17,11
2024-03-04 00:00:00.000,2024,3,4,0,27006KT,17,12
2024-03-04 01:00:00.000,2024,3,4,1,29008KT,15,13
2024-03-04 02:00:00.000,2024,3,4,2,32006KT,14,13
2024-03-04 03:00:00.000,2024,3,4,3,00000KT,14,13
2024-03-04 04:00:00.000,2024,3,4,4,36003KT,13,12
2024-03-04 05:00:00.000,2024,3,4,5,01003KT,13,12
2024-03-04 06:00:00.000,2024,3,4,6,VRB02KT,13,12
2024-03-04 07:00:00.000,2024,3,4,7,VRB02KT,13,12
2024-03-04 08:00:00.000,2024,3,4,8,03004KT,13,12
2024-03-04 09:00:00.000,2024,3,4,9,35003KT,13,13
2024-03-04 10:00:00.000,2024,3,4,10,36003KT,13,12
2024-03-04 10:30:00.000,2024,3,4,10,VRB02KT,13,12
2024-03-04 11:00:00.000,2024,3,4,11,VRB02KT,13,13
2024-03-04 12:00:00.000,2024,3,4,12,VRB02KT,13,12
2024-03-04 13:00:00.000,2024,3,4,13,03005KT,15,13
2024-03-04 14:00:00.000,2024,3,4,14,01004KT,16,12
2024-03-04 15:00:00.000,2024,3,4,15,20005KT,17,12
2024-03-04 16:00:00.000,2024,3,4,16,16007KT,19,11
2024-03-04 17:00:00.000,2024,3,4,17,16006KT,20,10
2024-03-04 18:00:00.000,2024,3,4,18,30010KT,19,12
2024-03-04 19:00:00.000,2024,3,4,19,24011KT,21,13
2024-03-04 20:00:00.000,2024,3,4,20,25012KT,20,12
2024-03-04 21:00:00.000,2024,3,4,21,29012KT,20,13
2024-03-04 21:16:00.000,2024,3,4,21,26010KT,20,13
2024-03-04 22:00:00.000,2024,3,4,22,25012KT,20,13
2024-03-04 23:00:00.000,2024,3,4,23,26009KT,17,12
2024-03-05 00:00:00.000,2024,3,5,0,29008KT,16,13
2024-03-05 01:00:00.000,2024,3,5,1,26004KT,15,13
2024-03-05 02:00:00.000,2024,3,5,2,VRB02KT,13,12
2024-03-05 03:00:00.000,2024,3,5,3,33003KT,13,12
2024-03-05 04:00:00.000,2024,3,5,4,VRB02KT,12,11
2024-03-05 05:00:00.000,2024,3,5,5,VRB02KT,14,13
2024-03-05 06:00:00.000,2024,3,5,6,VRB03KT,11,11
2024-03-05 07:00:00.000,2024,3,5,7,31003KT,12,12
2024-03-05 08:00:00.000,2024,3,5,8,36003KT,12,11
2024-03-05 09:00:00.000,2024,3,5,9,26004KT,12,12
2024-03-05 10:00:00.000,2024,3,5,10,VRB02KT,13,12
2024-03-05 10:30:00.000,2024,3,5,10,VRB02KT,13,12
2024-03-05 11:00:00.000,2024,3,5,11,36003KT,12,12
2024-03-05 12:00:00.000,2024,3,5,12,03003KT,12,12
2024-03-05 12:28:00.000,2024,3,5,12,VRB02KT,14,13
2024-03-05 13:00:00.000,2024,3,5,13,VRB02KT,16,13
2024-03-05 14:00:00.000,2024,3,5,14,21003KT,17,11
2024-03-05 15:00:00.000,2024,3,5,15,15004KT,18,11
2024-03-05 15:21:00.000,2024,3,5,15,13007KT,20,10
2024-03-05 16:00:00.000,2024,3,5,16,13005KT,20,09
2024-03-05 17:00:00.000,2024,3,5,17,15007KT,21,10
2024-03-05 18:00:00.000,2024,3,5,18,25012KT,20,11
2024-03-05 19:00:00.000,2024,3,5,19,26009KT,20,12
2024-03-05 20:00:00.000,2024,3,5,20,27010KT,20,12
2024-03-05 21:00:00.000,2024,3,5,21,29010KT,19,12
2024-03-05 22:00:00.000,2024,3,5,22,29010KT,19,12
2024-03-05 23:00:00.000,2024,3,5,23,28008KT,18,11
2024-03-06 00:00:00.000,2024,3,6,0,27004KT,17,10
2024-03-06 01:00:00.000,2024,3,6,1,00000KT,15,10
2024-03-06 02:00:00.000,2024,3,6,2,00000KT,14,11
2024-03-06 03:00:00.000,2024,3,6,3,36003KT,12,10
2024-03-06 04:00:00.000,2024,3,6,4,04006KT,12,11
2024-03-06 05:00:00.000,2024,3,6,5,VRB02KT,12,11
2024-03-06 06:00:00.000,2024,3,6,6,VRB02KT,12,11
2024-03-06 07:00:00.000,2024,3,6,7,21004KT,14,10
2024-03-06 08:00:00.000,2024,3,6,8,04004KT,10,10
2024-03-06 09:00:00.000,2024,3,6,9,05004KT,11,11
2024-03-06 10:00:00.000,2024,3,6,10,00000KT,10,10
2024-03-06 10:32:00.000,2024,3,6,10,07004KT,11,10
2024-03-06 11:00:00.000,2024,3,6,11,05003KT,10,10
2024-03-06 12:00:00.000,2024,3,6,12,05004KT,11,10
2024-03-06 13:00:00.000,2024,3,6,13,05006KT,14,11
2024-03-06 13:35:00.000,2024,3,6,13,03005KT,16,11
2024-03-06 14:00:00.000,2024,3,6,14,02005KT,17,10
2024-03-06 15:00:00.000,2024,3,6,15,03008KT,19,10
2024-03-06 16:00:00.000,2024,3,6,16,11004KT,21,08
2024-03-06 17:00:00.000,2024,3,6,17,18005G15KT,22,05
2024-03-06 18:00:00.000,2024,3,6,18,VRB08KT,23,04
2024-03-06 19:00:00.000,2024,3,6,19,22008KT,23,07
2024-03-06 20:00:00.000,2024,3,6,20,25012G23KT,22,12
2024-03-06 21:00:00.000,2024,3,6,21,27012KT,21,12
2024-03-06 22:00:00.000,2024,3,6,22,25013KT,20,12
2024-03-06 22:11:00.000,2024,3,6,22,27012KT,19,12
2024-03-06 22:14:00.000,2024,3,6,22,27012KT,19,12
2024-03-06 23:00:00.000,2024,3,6,23,22008KT,18,13
2024-03-07 00:00:00.000,2024,3,7,0,28005KT,17,14
2024-03-07 01:00:00.000,2024,3,7,1,05005KT,14,13
2024-03-07 02:00:00.000,2024,3,7,2,VRB02KT,15,13
2024-03-07 03:00:00.000,2024,3,7,3,02004KT,14,11
2024-03-07 04:00:00.000,2024,3,7,4,02004KT,12,10
2024-03-07 05:00:00.000,2024,3,7,5,30004KT,13,10
2024-03-07 06:00:00.000,2024,3,7,6,03004KT,11,10
2024-03-07 07:00:00.000,2024,3,7,7,04006KT,10,09
2024-03-07 08:00:00.000,2024,3,7,8,05005KT,10,09
2024-03-07 09:00:00.000,2024,3,7,9,04006KT,10,09
2024-03-07 10:00:00.000,2024,3,7,10,05004KT,09,09
2024-03-07 10:31:00.000,2024,3,7,10,03006KT,09,09
2024-03-07 11:00:00.000,2024,3,7,11,02003KT,09,09
2024-03-07 12:00:00.000,2024,3,7,12,05007KT,10,09
2024-03-07 13:00:00.000,2024,3,7,13,05005KT,13,10
2024-03-07 14:00:00.000,2024,3,7,14,04008KT,15,10
2024-03-07 15:00:00.000,2024,3,7,15,05009KT,19,10
2024-03-07 16:00:00.000,2024,3,7,16,08005KT,20,10
2024-03-07 17:00:00.000,2024,3,7,17,13012KT,21,09
2024-03-07 18:00:00.000,2024,3,7,18,14009KT,21,10
2024-03-07 19:00:00.000,2024,3,7,19,15009KT,22,10
2024-03-07 20:00:00.000,2024,3,7,20,14009KT,22,09
2024-03-07 21:00:00.000,2024,3,7,21,14004KT,21,10
2024-03-07 22:00:00.000,2024,3,7,22,14007KT,21,09
2024-03-07 23:00:00.000,2024,3,7,23,26009KT,19,13
2024-03-08 00:00:00.000,2024,3,8,0,26008KT,17,14
2024-03-08 01:00:00.000,2024,3,8,1,VRB02KT,14,13
2024-03-08 02:00:00.000,2024,3,8,2,35003KT,13,12
2024-03-08 03:00:00.000,2024,3,8,3,28004KT,14,12
2024-03-08 04:00:00.000,2024,3,8,4,12007KT,16,11
2024-03-08 05:00:00.000,2024,3,8,5,10003KT,15,10
2024-03-08 06:00:00.000,2024,3,8,6,08004KT,14,10
2024-03-08 07:00:00.000,2024,3,8,7,VRB02KT,12,10
2024-03-08 08:00:00.000,2024,3,8,8,05004KT,11,10
2024-03-08 09:00:00.000,2024,3,8,9,VRB02KT,13,11
2024-03-08 10:00:00.000,2024,3,8,10,25005KT,13,10
2024-03-08 10:30:00.000,2024,3,8,10,36003KT,09,09
2024-03-08 11:00:00.000,2024,3,8,11,01003KT,09,09
2024-03-08 12:00:00.000,2024,3,8,12,05004KT,11,09
2024-03-08 13:00:00.000,2024,3,8,13,VRB02KT,14,12
2024-03-08 13:23:00.000,2024,3,8,13,05007KT,16,12
2024-03-08 14:00:00.000,2024,3,8,14,04006KT,17,12
2024-03-08 15:00:00.000,2024,3,8,15,08008KT,20,10
2024-03-08 16:00:00.000,2024,3,8,16,08007KT,19,11
2024-03-08 17:00:00.000,2024,3,8,17,15012KT,21,11
2024-03-08 18:00:00.000,2024,3,8,18,14008KT,21,10
2024-03-08 19:00:00.000,2024,3,8,19,12009KT,21,10
2024-03-08 20:00:00.000,2024,3,8,20,10007KT,19,10
2024-03-08 21:00:00.000,2024,3,8,21,19003KT,20,10
2024-03-08 22:00:00.000,2024,3,8,22,12009KT,20,09
2024-03-08 23:00:00.000,2024,3,8,23,12007KT,19,10
2024-03-09 00:00:00.000,2024,3,9,0,15005KT,17,10
2024-03-09 01:00:00.000,2024,3,9,1,22003KT,17,11
2024-03-09 02:00:00.000,2024,3,9,2,14008KT,17,10
2024-03-09 03:00:00.000,2024,3,9,3,06004KT,13,11
2024-03-09 04:00:00.000,2024,3,9,4,11006KT,16,11
2024-03-09 05:00:00.000,2024,3,9,5,03006KT,14,11
2024-03-09 06:00:00.000,2024,3,9,6,03006KT,13,11
2024-03-09 07:00:00.000,2024,3,9,7,VRB02KT,13,11
2024-03-09 08:00:00.000,2024,3,9,8,04004KT,10,09
2024-03-09 09:00:00.000,2024,3,9,9,05004KT,11,11
2024-03-09 10:00:00.000,2024,3,9,10,01003KT,11,10
2024-03-09 10:34:00.000,2024,3,9,10,VRB02KT,11,10
2024-03-09 11:00:00.000,2024,3,9,11,VRB03KT,11,10
2024-03-09 12:00:00.000,2024,3,9,12,VRB02KT,13,10
2024-03-09 13:00:00.000,2024,3,9,13,03004KT,15,12
2024-03-09 14:00:00.000,2024,3,9,14,03004KT,16,11
2024-03-09 15:00:00.000,2024,3,9,15,13004KT,17,11
2024-03-09 15:31:00.000,2024,3,9,15,VRB03KT,16,12
2024-03-09 16:00:00.000,2024,3,9,16,06005KT,15,14
2024-03-09 17:00:00.000,2024,3,9,17,VRB02KT,17,13
2024-03-09 18:00:00.000,2024,3,9,18,09004KT,18,11
2024-03-09 19:00:00.000,2024,3,9,19,09004KT,18,11
2024-03-09 20:00:00.000,2024,3,9,20,16007KT,17,12
2024-03-09 21:00:00.000,2024,3,9,21,17009KT,17,12
2024-03-09 22:00:00.000,2024,3,9,22,16008KT,17,12
2024-03-09 23:00:00.000,2024,3,9,23,11008KT,18,11
2024-03-10 00:00:00.000,2024,3,10,0,13006KT,17,10
2024-03-10 01:00:00.000,2024,3,10,1,12004KT,16,11
2024-03-10 02:00:00.000,2024,3,10,2,18004KT,16,12
2024-03-10 03:00:00.000,2024,3,10,3,07004KT,14,11
2024-03-10 04:00:00.000,2024,3,10,4,07005KT,15,11
2024-03-10 05:00:00.000,2024,3,10,5,11004KT,15,11
2024-03-10 06:00:00.000,2024,3,10,6,12005KT,14,11
2024-03-10 07:00:00.000,2024,3,10,7,10005KT,14,10
2024-03-10 08:00:00.000,2024,3,10,8,02003KT,11,10
2024-03-10 09:00:00.000,2024,3,10,9,01004KT,10,09
2024-03-10 10:00:00.000,2024,3,10,10,06005KT,11,09
2024-03-10 10:30:00.000,2024,3,10,10,04006KT,11,09
2024-03-10 11:00:00.000,2024,3,10,11,06006KT,10,09
2024-03-10 12:00:00.000,2024,3,10,12,VRB02KT,11,09
2024-03-10 13:00:00.000,2024,3,10,13,07004KT,16,09
2024-03-10 14:00:00.000,2024,3,10,14,11005KT,17,09
2024-03-10 15:00:00.000,2024,3,10,15,12004KT,18,09
2024-03-10 16:00:00.000,2024,3,10,16,14009KT,20,08
2024-03-10 17:00:00.000,2024,3,10,17,12007KT,19,08
2024-03-10 18:00:00.000,2024,3,10,18,12007KT,20,09
2024-03-10 19:00:00.000,2024,3,10,19,14010KT,21,09
2024-03-10 20:00:00.000,2024,3,10,20,12007KT,21,09
2024-03-10 21:00:00.000,2024,3,10,21,19009KT,21,09
2024-03-10 22:00:00.000,2024,3,10,22,19009KT,20,09
2024-03-10 23:00:00.000,2024,3,10,23,10006KT,19,10
2024-03-11 00:00:00.000,2024,3,11,0,12005KT,18,10
2024-03-11 01:00:00.000,2024,3,11,1,07003KT,15,09
2024-03-11 02:00:00.000,2024,3,11,2,35004KT,13,09
2024-03-11 03:00:00.000,2024,3,11,3,35003KT,13,10
2024-03-11 04:00:00.000,2024,3,11,4,03004KT,13,10
2024-03-11 05:00:00.000,2024,3,11,5,05003KT,13,11
2024-03-11 06:00:00.000,2024,3,11,6,36003KT,13,11
2024-03-11 07:00:00.000,2024,3,11,7,03004KT,13,11
2024-03-11 08:00:00.000,2024,3,11,8,VRB02KT,13,12
2024-03-11 09:00:00.000,2024,3,11,9,VRB02KT,13,12
2024-03-11 10:00:00.000,2024,3,11,10,VRB02KT,13,12
2024-03-11 10:31:00.000,2024,3,11,10,07004KT,14,12
2024-03-11 11:00:00.000,2024,3,11,11,07003KT,13,12
2024-03-11 12:00:00.000,2024,3,11,12,04006KT,14,12
2024-03-11 13:00:00.000,2024,3,11,13,06005KT,15,13
2024-03-11 14:00:00.000,2024,3,11,14,11005KT,17,12
2024-03-11 15:00:00.000,2024,3,11,15,12006KT,19,11
2024-03-11 16:00:00.000,2024,3,11,16,09009KT,17,11
2024-03-11 17:00:00.000,2024,3,11,17,10006KT,17,11
2024-03-11 18:00:00.000,2024,3,11,18,15008KT,17,12
2024-03-11 19:00:00.000,2024,3,11,19,17014KT,20,12
2024-03-11 20:00:00.000,2024,3,11,20,17011KT,19,11
2024-03-11 21:00:00.000,2024,3,11,21,16013KT,19,10
2024-03-11 22:00:00.000,2024,3,11,22,09006KT,18,10
2024-03-11 23:00:00.000,2024,3,11,23,06007KT,17,11
2024-03-12 00:00:00.000,2024,3,12,0,05010KT,15,10
2024-03-12 01:00:00.000,2024,3,12,1,07007KT,15,11
2024-03-12 02:00:00.000,2024,3,12,2,07007KT,15,10
2024-03-12 03:00:00.000,2024,3,12,3,06006KT,13,09
2024-03-12 04:00:00.000,2024,3,12,4,04007KT,12,09
2024-03-12 05:00:00.000,2024,3,12,5,04006KT,13,10
2024-03-12 06:00:00.000,2024,3,12,6,06006KT,14,10
2024-03-12 07:00:00.000,2024,3,12,7,06006KT,13,09
2024-03-12 08:00:00.000,2024,3,12,8,02004KT,11,09
2024-03-12 09:00:00.000,2024,3,12,9,04006KT,10,09
2024-03-12 10:00:00.000,2024,3,12,10,05006KT,10,09
2024-03-12 10:30:00.000,2024,3,12,10,04006KT,10,09
2024-03-12 11:00:00.000,2024,3,12,11,03004KT,11,09
2024-03-12 12:00:00.000,2024,3,12,12,05004KT,12,10
2024-03-12 13:00:00.000,2024,3,12,13,05007KT,14,11
2024-03-12 14:00:00.000,2024,3,12,14,06007KT,16,11
2024-03-12 14:35:00.000,2024,3,12,14,10008KT,18,10
2024-03-12 15:00:00.000,2024,3,12,15,12009KT,19,10
2024-03-12 16:00:00.000,2024,3,12,16,13012KT,19,10
2024-03-12 17:00:00.000,2024,3,12,17,14013KT,19,10
2024-03-12 18:00:00.000,2024,3,12,18,15011KT,19,11
2024-03-12 19:00:00.000,2024,3,12,19,14008KT,19,11
2024-03-12 20:00:00.000,2024,3,12,20,14008KT,19,11
2024-03-12 21:00:00.000,2024,3,12,21,12007KT,18,11
2024-03-12 22:00:00.000,2024,3,12,22,10007KT,18,11
2024-03-12 23:00:00.000,2024,3,12,23,09009KT,17,11
2024-03-13 00:00:00.000,2024,3,13,0,06003KT,15,11
2024-03-13 01:00:00.000,2024,3,13,1,10003KT,14,11
2024-03-13 02:00:00.000,2024,3,13,2,34005KT,13,11
2024-03-13 03:00:00.000,2024,3,13,3,05006KT,13,11
2024-03-13 04:00:00.000,2024,3,13,4,04006KT,12,11
2024-03-13 05:00:00.000,2024,3,13,5,04004KT,12,11
2024-03-13 06:00:00.000,2024,3,13,6,VRB02KT,13,11
2024-03-13 07:00:00.000,2024,3,13,7,VRB02KT,13,11
2024-03-13 08:00:00.000,2024,3,13,8,03003KT,13,11
2024-03-13 09:00:00.000,2024,3,13,9,09003KT,14,11
2024-03-13 10:00:00.000,2024,3,13,10,11005KT,15,11
2024-03-13 10:30:00.000,2024,3,13,10,07004KT,13,11
2024-03-13 11:00:00.000,2024,3,13,11,07004KT,13,11
2024-03-13 12:00:00.000,2024,3,13,12,07005KT,14,11
2024-03-13 12:26:00.000,2024,3,13,12,12007KT,16,11
2024-03-13 13:00:00.000,2024,3,13,13,12008KT,17,10
2024-03-13 14:00:00.000,2024,3,13,14,13010KT,19,10
2024-03-13 15:00:00.000,2024,3,13,15,12010KT,20,11
2024-03-13 16:00:00.000,2024,3,13,16,12010KT,20,11
2024-03-13 17:00:00.000,2024,3,13,17,10008KT,21,11
2024-03-13 18:00:00.000,2024,3,13,18,12009KT,21,10
2024-03-13 19:00:00.000,2024,3,13,19,11008KT,20,10
2024-03-13 20:00:00.000,2024,3,13,20,13011KT,20,10
2024-03-13 21:00:00.000,2024,3,13,21,16013KT,20,10
2024-03-13 22:00:00.000,2024,3,13,22,15006KT,20,09
2024-03-13 23:00:00.000,2024,3,13,23,10006KT,19,10
2024-03-14 00:00:00.000,2024,3,14,0,13006KT,18,10
2024-03-14 01:00:00.000,2024,3,14,1,20007KT,17,10
2024-03-14 02:00:00.000,2024,3,14,2,23007KT,17,10
2024-03-14 03:00:00.000,2024,3,14,3,VRB02KT,16,11
2024-03-14 04:00:00.000,2024,3,14,4,VRB02KT,16,11
2024-03-14 05:00:00.000,2024,3,14,5,VRB02KT,15,12
2024-03-14 06:00:00.000,2024,3,14,6,02004KT,14,12
2024-03-14 07:00:00.000,2024,3,14,7,05006KT,15,12
2024-03-14 08:00:00.000,2024,3,14,8,04005KT,14,12
2024-03-14 09:00:00.000,2024,3,14,9,VRB02KT,14,12
2024-03-14 10:00:00.000,2024,3,14,10,10006KT,15,11
2024-03-14 10:30:00.000,2024,3,14,10,09004KT,15,11
2024-03-14 11:00:00.000,2024,3,14,11,04003KT,14,12
2024-03-14 12:00:00.000,2024,3,14,12,05004KT,14,12
2024-03-14 13:00:00.000,2024,3,14,13,06007KT,15,11
2024-03-14 14:00:00.000,2024,3,14,14,07005KT,16,12
2024-03-14 15:00:00.000,2024,3,14,15,07006KT,17,12
2024-03-14 16:00:00.000,2024,3,14,16,12008KT,19,11
2024-03-14 17:00:00.000,2024,3,14,17,11009KT,19,11
2024-03-14 18:00:00.000,2024,3,14,18,11010KT,19,11
2024-03-14 19:00:00.000,2024,3,14,19,09008KT,19,11
2024-03-14 20:00:00.000,2024,3,14,20,09009KT,18,11
2024-03-14 21:00:00.000,2024,3,14,21,12010KT,19,11
2024-03-14 22:00:00.000,2024,3,14,22,11009KT,19,11
2024-03-14 23:00:00.000,2024,3,14,23,14012KT,17,10
2024-03-15 00:00:00.000,2024,3,15,0,13006KT,16,11
2024-03-15 01:00:00.000,2024,3,15,1,12004KT,16,11
2024-03-15 02:00:00.000,2024,3,15,2,09004KT,15,11
2024-03-15 03:00:00.000,2024,3,15,3,09004KT,15,11
2024-03-15 04:00:00.000,2024,3,15,4,07005KT,14,10
2024-03-15 05:00:00.000,2024,3,15,5,09003KT,13,10
2024-03-15 06:00:00.000,2024,3,15,6,34003KT,10,09
2024-03-15 07:00:00.000,2024,3,15,7,VRB02KT,09,09
2024-03-15 08:00:00.000,2024,3,15,8,02003KT,09,08
2024-03-15 09:00:00.000,2024,3,15,9,01003KT,10,09
2024-03-15 10:00:00.000,2024,3,15,10,05004KT,07,07
2024-03-15 10:28:00.000,2024,3,15,10,07004KT,09,09
2024-03-15 11:00:00.000,2024,3,15,11,07005KT,09,09
2024-03-15 12:00:00.000,2024,3,15,12,VRB02KT,08,08
2024-03-15 12:10:00.000,2024,3,15,12,01003KT,10,09
2024-03-15 13:00:00.000,2024,3,15,13,04004KT,12,11
2024-03-15 13:31:00.000,2024,3,15,13,07004KT,14,10
2024-03-15 14:00:00.000,2024,3,15,14,10006KT,17,09
2024-03-15 15:00:00.000,2024,3,15,15,08006KT,18,08
2024-03-15 16:00:00.000,2024,3,15,16,11009KT,19,08
2024-03-15 17:00:00.000,2024,3,15,17,13011KT,20,08
2024-03-15 18:00:00.000,2024,3,15,18,12010G23KT,21,08
2024-03-15 19:00:00.000,2024,3,15,19,10010KT,22,08
2024-03-15 20:00:00.000,2024,3,15,20,13010KT,22,08
2024-03-15 21:00:00.000,2024,3,15,21,13008KT,21,09
2024-03-15 22:00:00.000,2024,3,15,22,08008KT,20,10
2024-03-15 23:00:00.000,2024,3,15,23,10004KT,19,10
2024-03-16 00:00:00.000,2024,3,16,0,12005KT,18,10
2024-03-16 01:00:00.000,2024,3,16,1,11008KT,17,10
2024-03-16 02:00:00.000,2024,3,16,2,11003KT,16,10
2024-03-16 03:00:00.000,2024,3,16,3,VRB02KT,13,10
2024-03-16 04:00:00.000,2024,3,16,4,04004KT,13,10
2024-03-16 05:00:00.000,2024,3,16,5,VRB02KT,12,10
2024-03-16 06:00:00.000,2024,3,16,6,04002KT,11,11
2024-03-16 07:00:00.000,2024,3,16,7,03003KT,10,10
2024-03-16 08:00:00.000,2024,3,16,8,31002KT,09,09
2024-03-16 09:00:00.000,2024,3,16,9,VRB02KT,07,07
2024-03-16 10:00:00.000,2024,3,16,10,33003KT,07,07
2024-03-16 10:30:00.000,2024,3,16,10,06004KT,08,07
2024-03-16 11:00:00.000,2024,3,16,11,06003KT,09,09
2024-03-16 12:00:00.000,2024,3,16,12,01004KT,11,08
2024-03-16 12:33:00.000,2024,3,16,12,07006KT,13,11
2024-03-16 13:00:00.000,2024,3,16,13,06005KT,15,11
2024-03-16 14:00:00.000,2024,3,16,14,04006KT,18,11
2024-03-16 15:00:00.000,2024,3,16,15,06006KT,20,10
2024-03-16 16:00:00.000,2024,3,16,16,10008KT,21,10
2024-03-16 17:00:00.000,2024,3,16,17,17008KT,21,09
2024-03-16 18:00:00.000,2024,3,16,18,14011KT,22,09
2024-03-16 19:00:00.000,2024,3,16,19,17012KT,22,09
2024-03-16 20:00:00.000,2024,3,16,20,21005KT,22,10
2024-03-16 21:00:00.000,2024,3,16,21,09006KT,20,10
2024-03-16 22:00:00.000,2024,3,16,22,22005KT,19,13
2024-03-16 23:00:00.000,2024,3,16,23,VRB04KT,18,14
2024-03-17 00:00:00.000,2024,3,17,0,05005KT,16,14
2024-03-17 01:00:00.000,2024,3,17,1,35004KT,16,14
2024-03-17 02:00:00.000,2024,3,17,2,09004KT,16,11
2024-03-17 03:00:00.000,2024,3,17,3,34004KT,14,11
2024-03-17 04:00:00.000,2024,3,17,4,05005KT,13,10
2024-03-17 05:00:00.000,2024,3,17,5,03004KT,11,10
2024-03-17 06:00:00.000,2024,3,17,6,05005KT,12,10
2024-03-17 07:00:00.000,2024,3,17,7,04004KT,11,10
2024-03-17 08:00:00.000,2024,3,17,8,VRB02KT,11,09
2024-03-17 09:00:00.000,2024,3,17,9,04005KT,10,09
2024-03-17 10:00:00.000,2024,3,17,10,07005KT,12,10
2024-03-17 10:31:00.000,2024,3,17,10,09005KT,12,10
2024-03-17 11:00:00.000,2024,3,17,11,06004KT,12,10
2024-03-17 12:00:00.000,2024,3,17,12,VRB02KT,14,11
2024-03-17 13:00:00.000,2024,3,17,13,06005KT,17,11
2024-03-17 14:00:00.000,2024,3,17,14,10009KT,18,08
2024-03-17 15:00:00.000,2024,3,17,15,13010KT,19,08
2024-03-17 16:00:00.000,2024,3,17,16,11009KT,20,08
2024-03-17 17:00:00.000,2024,3,17,17,14011KT,20,08
2024-03-17 18:00:00.000,2024,3,17,18,14014KT,21,09
2024-03-17 19:00:00.000,2024,3,17,19,15010KT,20,08
2024-03-17 20:00:00.000,2024,3,17,20,13009KT,21,10
2024-03-17 21:00:00.000,2024,3,17,21,11007KT,21,09
2024-03-17 22:00:00.000,2024,3,17,22,14011KT,19,09
2024-03-17 23:00:00.000,2024,3,17,23,14013KT,18,09
2024-03-18 00:00:00.000,2024,3,18,0,13007KT,17,09
2024-03-18 01:00:00.000,2024,3,18,1,09004KT,15,10
2024-03-18 02:00:00.000,2024,3,18,2,10005KT,15,09
2024-03-18 03:00:00.000,2024,3,18,3,09004KT,14,09
2024-03-18 04:00:00.000,2024,3,18,4,03005KT,12,10
2024-03-18 05:00:00.000,2024,3,18,5,04004KT,13,10
2024-03-18 06:00:00.000,2024,3,18,6,03005KT,12,10
2024-03-18 07:00:00.000,2024,3,18,7,07004KT,12,10
2024-03-18 08:00:00.000,2024,3,18,8,05003KT,11,09
2024-03-18 09:00:00.000,2024,3,18,9,VRB02KT,11,09
2024-03-18 10:00:00.000,2024,3,18,10,05004KT,13,10
2024-03-18 10:31:00.000,2024,3,18,10,07006KT,13,10
2024-03-18 11:00:00.000,2024,3,18,11,06005KT,13,10
2024-03-18 12:00:00.000,2024,3,18,12,05006KT,13,10
2024-03-18 13:00:00.000,2024,3,18,13,07007KT,16,10
2024-03-18 13:27:00.000,2024,3,18,13,11006KT,18,09
2024-03-18 14:00:00.000,2024,3,18,14,13010KT,18,09
2024-03-18 15:00:00.000,2024,3,18,15,13010KT,20,09
2024-03-18 16:00:00.000,2024,3,18,16,11010KT,21,09
2024-03-18 17:00:00.000,2024,3,18,17,11009KT,21,09
2024-03-18 18:00:00.000,2024,3,18,18,12010KT,23,09
2024-03-18 19:00:00.000,2024,3,18,19,10006KT,21,09
2024-03-18 20:00:00.000,2024,3,18,20,15010KT,22,10
2024-03-18 21:00:00.000,2024,3,18,21,12006KT,21,10
2024-03-18 22:00:00.000,2024,3,18,22,10006KT,20,09
2024-03-18 23:00:00.000,2024,3,18,23,10006KT,19,10
2024-03-19 00:00:00.000,2024,3,19,0,12008KT,18,10
2024-03-19 01:00:00.000,2024,3,19,1,06004KT,16,11
2024-03-19 02:00:00.000,2024,3,19,2,12006KT,17,09
2024-03-19 03:00:00.000,2024,3,19,3,09005KT,16,09
2024-03-19 04:00:00.000,2024,3,19,4,12004KT,16,09
2024-03-19 05:00:00.000,2024,3,19,5,06003KT,13,10
2024-03-19 06:00:00.000,2024,3,19,6,04005KT,12,10
2024-03-19 07:00:00.000,2024,3,19,7,05004KT,12,10
2024-03-19 08:00:00.000,2024,3,19,8,04005KT,12,10
2024-03-19 09:00:00.000,2024,3,19,9,03006KT,13,11
2024-03-19 10:00:00.000,2024,3,19,10,VRB02KT,13,11
2024-03-19 10:32:00.000,2024,3,19,10,03004KT,13,11
2024-03-19 11:00:00.000,2024,3,19,11,03003KT,13,11
2024-03-19 12:00:00.000,2024,3,19,12,04004KT,14,12
2024-03-19 12:10:00.000,2024,3,19,12,07004KT,16,11
2024-03-19 13:00:00.000,2024,3,19,13,11004KT,17,11
2024-03-19 14:00:00.000,2024,3,19,14,10006KT,18,11
2024-03-19 15:00:00.000,2024,3,19,15,07006KT,17,11
2024-03-19 16:00:00.000,2024,3,19,16,07005KT,17,11
2024-03-19 17:00:00.000,2024,3,19,17,04008KT,17,13
2024-03-19 18:00:00.000,2024,3,19,18,12010KT,19,10
2024-03-19 19:00:00.000,2024,3,19,19,08006KT,18,11
2024-03-19 20:00:00.000,2024,3,19,20,09006KT,19,10
2024-03-19 21:00:00.000,2024,3,19,21,07003KT,19,10
2024-03-19 22:00:00.000,2024,3,19,22,VRB02KT,19,09
2024-03-19 23:00:00.000,2024,3,19,23,07007KT,18,09
2024-03-20 00:00:00.000,2024,3,20,0,12005KT,17,10
2024-03-20 01:00:00.000,2024,3,20,1,12004KT,16,09
2024-03-20 02:00:00.000,2024,3,20,2,02003KT,11,10
2024-03-20 03:00:00.000,2024,3,20,3,VRB02KT,12,10
2024-03-20 04:00:00.000,2024,3,20,4,VRB02KT,12,10
2024-03-20 05:00:00.000,2024,3,20,5,35003KT,10,09
2024-03-20 06:00:00.000,2024,3,20,6,32003KT,09,08
2024-03-20 07:00:00.000,2024,3,20,7,00000KT,08,08
2024-03-20 08:00:00.000,2024,3,20,8,VRB02KT,08,07
2024-03-20 09:00:00.000,2024,3,20,9,VRB02KT,08,08
2024-03-20 10:00:00.000,2024,3,20,10,VRB03KT,08,07
2024-03-20 10:31:00.000,2024,3,20,10,VRB02KT,08,08
2024-03-20 11:00:00.000,2024,3,20,11,VRB02KT,09,09
2024-03-20 12:00:00.000,2024,3,20,12,VRB02KT,09,08
2024-03-20 13:00:00.000,2024,3,20,13,VRB02KT,13,10
2024-03-20 13:30:00.000,2024,3,20,13,VRB02KT,15,10
2024-03-20 14:00:00.000,2024,3,20,14,03007KT,17,10
2024-03-20 15:00:00.000,2024,3,20,15,34006KT,20,09
2024-03-20 16:00:00.000,2024,3,20,16,10004KT,22,09
2024-03-20 17:00:00.000,2024,3,20,17,16008KT,24,09
2024-03-20 18:00:00.000,2024,3,20,18,25003KT,24,09
2024-03-20 19:00:00.000,2024,3,20,19,25014KT,20,13
2024-03-20 19:15:00.000,2024,3,20,19,27016KT,20,13
2024-03-20 20:00:00.000,2024,3,20,20,25011KT,20,13
2024-03-20 21:00:00.000,2024,3,20,21,23010KT,19,13
2024-03-20 21:29:00.000,2024,3,20,21,24010KT,18,14
2024-03-20 22:00:00.000,2024,3,20,22,24009KT,18,15
2024-03-20 22:12:00.000,2024,3,20,22,27008KT,18,15
2024-03-20 23:00:00.000,2024,3,20,23,25006KT,17,15
2024-03-21 00:00:00.000,2024,3,21,0,06004KT,16,15
2024-03-21 01:00:00.000,2024,3,21,1,VRB02KT,16,14
2024-03-21 02:00:00.000,2024,3,21,2,VRB02KT,15,14
2024-03-21 03:00:00.000,2024,3,21,3,22003KT,14,13
2024-03-21 04:00:00.000,2024,3,21,4,VRB02KT,14,13
2024-03-21 05:00:00.000,2024,3,21,5,VRB02KT,14,14
2024-03-21 06:00:00.000,2024,3,21,6,VRB02KT,14,14
2024-03-21 07:00:00.000,2024,3,21,7,04004KT,14,14
2024-03-21 08:00:00.000,2024,3,21,8,VRB02KT,14,14
2024-03-21 09:00:00.000,2024,3,21,9,VRB02KT,14,13
2024-03-21 10:00:00.000,2024,3,21,10,VRB02KT,13,13
2024-03-21 10:30:00.000,2024,3,21,10,04004KT,13,13
2024-03-21 11:00:00.000,2024,3,21,11,VRB02KT,13,13
2024-03-21 11:09:00.000,2024,3,21,11,04004KT,13,13
2024-03-21 12:00:00.000,2024,3,21,12,02003KT,14,13
2024-03-21 12:36:00.000,2024,3,21,12,07004KT,16,13
2024-03-21 13:00:00.000,2024,3,21,13,05005KT,16,13
2024-03-21 13:32:00.000,2024,3,21,13,12004KT,18,14
2024-03-21 14:00:00.000,2024,3,21,14,11004KT,19,14
2024-03-21 15:00:00.000,2024,3,21,15,07003KT,20,12
2024-03-21 16:00:00.000,2024,3,21,16,32008KT,19,12
2024-03-21 16:24:00.000,2024,3,21,16,29006KT,22,11
2024-03-21 17:00:00.000,2024,3,21,17,33010KT,22,11
2024-03-21 18:00:00.000,2024,3,21,18,30010KT,22,12
2024-03-21 19:00:00.000,2024,3,21,19,29012KT,22,13
2024-03-21 19:38:00.000,2024,3,21,19,29011KT,18,13
2024-03-21 20:00:00.000,2024,3,21,20,22010KT,16,14
2024-03-21 20:39:00.000,2024,3,21,20,01008KT,13,13
2024-03-21 21:00:00.000,2024,3,21,21,34006KT,12,12
2024-03-21 22:00:00.000,2024,3,21,22,13005KT,15,14
2024-03-21 23:00:00.000,2024,3,21,23,VRB02KT,15,14
2024-03-22 00:00:00.000,2024,3,22,0,03003KT,14,14
2024-03-22 01:00:00.000,2024,3,22,1,33004KT,13,13
2024-03-22 02:00:00.000,2024,3,22,2,VRB02KT,13,13
2024-03-22 03:00:00.000,2024,3,22,3,02003KT,13,13
2024-03-22 04:00:00.000,2024,3,22,4,36004KT,12,12
2024-03-22 05:00:00.000,2024,3,22,5,33003KT,11,11
2024-03-22 06:00:00.000,2024,3,22,6,VRB02KT,12,12
2024-03-22 07:00:00.000,2024,3,22,7,32003KT,11,10
2024-03-22 08:00:00.000,2024,3,22,8,33003KT,10,10
2024-03-22 09:00:00.000,2024,3,22,9,08003KT,11,11
2024-03-22 10:00:00.000,2024,3,22,10,35004KT,10,10
2024-03-22 10:29:00.000,2024,3,22,10,VRB02KT,11,11
2024-03-22 11:00:00.000,2024,3,22,11,VRB02KT,11,10
2024-03-22 11:21:00.000,2024,3,22,11,33004KT,09,09
2024-03-22 11:39:00.000,2024,3,22,11,03006KT,10,10
2024-03-22 12:00:00.000,2024,3,22,12,04005KT,12,12
2024-03-22 12:20:00.000,2024,3,22,12,06006KT,13,12
2024-03-22 13:00:00.000,2024,3,22,13,07006KT,14,13
2024-03-22 14:00:00.000,2024,3,22,14,05004KT,16,13
2024-03-22 15:00:00.000,2024,3,22,15,04004KT,18,11
2024-03-22 16:00:00.000,2024,3,22,16,08004KT,19,09
2024-03-22 16:33:00.000,2024,3,22,16,09005KT,21,09
2024-03-22 17:00:00.000,2024,3,22,17,07006KT,22,09
2024-03-22 18:00:00.000,2024,3,22,18,06005KT,22,08
2024-03-22 19:00:00.000,2024,3,22,19,08005KT,22,09
2024-03-22 20:00:00.000,2024,3,22,20,25010KT,21,12
2024-03-22 21:00:00.000,2024,3,22,21,29010KT,21,13
2024-03-22 22:00:00.000,2024,3,22,22,28009KT,20,13
2024-03-22 23:00:00.000,2024,3,22,23,25008G18KT,18,14
2024-03-23 00:00:00.000,2024,3,23,0,23005KT,17,14
2024-03-23 01:00:00.000,2024,3,23,1,33003KT,15,14
2024-03-23 02:00:00.000,2024,3,23,2,32005KT,16,14
2024-03-23 03:00:00.000,2024,3,23,3,VRB02KT,13,13
2024-03-23 03:19:00.000,2024,3,23,3,24004KT,16,14
2024-03-23 04:00:00.000,2024,3,23,4,24004KT,15,13
2024-03-23 05:00:00.000,2024,3,23,5,VRB05KT,15,14
2024-03-23 06:00:00.000,2024,3,23,6,VRB02KT,13,13
2024-03-23 07:00:00.000,2024,3,23,7,32004KT,14,13
2024-03-23 08:00:00.000,2024,3,23,8,32005KT,14,14
2024-03-23 09:00:00.000,2024,3,23,9,VRB02KT,14,13
2024-03-23 10:00:00.000,2024,3,23,10,31004KT,13,12
2024-03-23 10:30:00.000,2024,3,23,10,22003KT,14,13
2024-03-23 11:00:00.000,2024,3,23,11,VRB02KT,13,13
2024-03-23 12:00:00.000,2024,3,23,12,04004KT,13,12
2024-03-23 13:00:00.000,2024,3,23,13,06006KT,15,12
2024-03-23 14:00:00.000,2024,3,23,14,05005KT,17,12
2024-03-23 15:00:00.000,2024,3,23,15,03005KT,19,12
2024-03-23 16:00:00.000,2024,3,23,16,03004KT,20,11
2024-03-23 17:00:00.000,2024,3,23,17,26004KT,22,09
2024-03-23 18:00:00.000,2024,3,23,18,26009KT,20,12
2024-03-23 19:00:00.000,2024,3,23,19,29011KT,21,12
2024-03-23 20:00:00.000,2024,3,23,20,28011KT,19,12
2024-03-23 21:00:00.000,2024,3,23,21,28008KT,20,11
2024-03-23 22:00:00.000,2024,3,23,22,28009KT,18,12
2024-03-23 23:00:00.000,2024,3,23,23,26005KT,17,12
2024-03-24 00:00:00.000,2024,3,24,0,27003KT,17,12
2024-03-24 01:00:00.000,2024,3,24,1,35003KT,15,13
2024-03-24 02:00:00.000,2024,3,24,2,31003KT,14,12
2024-03-24 03:00:00.000,2024,3,24,3,29003KT,13,12
2024-03-24 04:00:00.000,2024,3,24,4,33004KT,11,11
2024-03-24 05:00:00.000,2024,3,24,5,35003KT,11,11
2024-03-24 06:00:00.000,2024,3,24,6,25003KT,12,12
2024-03-24 07:00:00.000,2024,3,24,7,33004KT,11,11
2024-03-24 08:00:00.000,2024,3,24,8,VRB02KT,11,11
2024-03-24 09:00:00.000,2024,3,24,9,VRB02KT,12,12
2024-03-24 10:00:00.000,2024,3,24,10,VRB02KT,12,12
2024-03-24 10:31:00.000,2024,3,24,10,36003KT,11,11
2024-03-24 11:00:00.000,2024,3,24,11,03003KT,11,11
2024-03-24 12:00:00.000,2024,3,24,12,03003KT,12,12
2024-03-24 13:00:00.000,2024,3,24,13,04003KT,14,13
2024-03-24 14:00:00.000,2024,3,24,14,VRB03KT,18,12
2024-03-24 15:00:00.000,2024,3,24,15,VRB03KT,20,12
2024-03-24 16:00:00.000,2024,3,24,16,36005KT,21,11
2024-03-24 17:00:00.000,2024,3,24,17,VRB06KT,22,12
2024-03-24 18:00:00.000,2024,3,24,18,30013KT,22,12
2024-03-24 19:00:00.000,2024,3,24,19,31016KT,22,12
2024-03-24 20:00:00.000,2024,3,24,20,29014KT,22,13
2024-03-24 21:00:00.000,2024,3,24,21,26012KT,21,13
2024-03-24 22:00:00.000,2024,3,24,22,28012KT,21,13
2024-03-24 23:00:00.000,2024,3,24,23,24012G26KT,18,13
2024-03-24 23:30:00.000,2024,3,24,23,31006KT,18,14
2024-03-25 00:00:00.000,2024,3,25,0,14008KT,16,09
2024-03-25 01:00:00.000,2024,3,25,1,16007KT,16,09
2024-03-25 02:00:00.000,2024,3,25,2,36003KT,15,10
2024-03-25 03:00:00.000,2024,3,25,3,VRB02KT,15,11
2024-03-25 04:00:00.000,2024,3,25,4,29004KT,16,12
2024-03-25 05:00:00.000,2024,3,25,5,VRB02KT,15,13
2024-03-25 06:00:00.000,2024,3,25,6,30003KT,14,13
2024-03-25 07:00:00.000,2024,3,25,7,33003KT,13,13
2024-03-25 08:00:00.000,2024,3,25,8,02003KT,13,13
2024-03-25 09:00:00.000,2024,3,25,9,03003KT,13,12
2024-03-25 10:00:00.000,2024,3,25,10,VRB02KT,12,12
2024-03-25 10:33:00.000,2024,3,25,10,35005KT,10,10
2024-03-25 11:00:00.000,2024,3,25,11,34004KT,10,10
2024-03-25 12:00:00.000,2024,3,25,12,VRB02KT,11,10
2024-03-25 13:00:00.000,2024,3,25,13,34004KT,14,12
2024-03-25 13:40:00.000,2024,3,25,13,VRB03KT,16,12
2024-03-25 14:00:00.000,2024,3,25,14,VRB03KT,17,12
2024-03-25 15:00:00.000,2024,3,25,15,33004KT,18,12
2024-03-25 16:00:00.000,2024,3,25,16,VRB05KT,20,11
2024-03-25 17:00:00.000,2024,3,25,17,28005KT,22,12
2024-03-25 18:00:00.000,2024,3,25,18,30010KT,22,13
2024-03-25 19:00:00.000,2024,3,25,19,28014KT,22,13
2024-03-25 20:00:00.000,2024,3,25,20,28012KT,20,13
2024-03-25 21:00:00.000,2024,3,25,21,31013KT,20,12
2024-03-25 22:00:00.000,2024,3,25,22,33013KT,20,13
2024-03-25 23:00:00.000,2024,3,25,23,32012KT,18,12
2024-03-26 00:00:00.000,2024,3,26,0,30010KT,16,12
2024-03-26 01:00:00.000,2024,3,26,1,29009KT,16,12
2024-03-26 02:00:00.000,2024,3,26,2,30005KT,15,12
2024-03-26 03:00:00.000,2024,3,26,3,27003KT,15,12
2024-03-26 04:00:00.000,2024,3,26,4,36003KT,13,11
2024-03-26 05:00:00.000,2024,3,26,5,25004KT,14,12
2024-03-26 06:00:00.000,2024,3,26,6,VRB03KT,12,11
2024-03-26 07:00:00.000,2024,3,26,7,VRB02KT,09,08
2024-03-26 08:00:00.000,2024,3,26,8,VRB02KT,08,07
2024-03-26 09:00:00.000,2024,3,26,9,VRB02KT,08,08
2024-03-26 10:00:00.000,2024,3,26,10,VRB02KT,07,07
2024-03-26 10:30:00.000,2024,3,26,10,VRB02KT,08,08
2024-03-26 11:00:00.000,2024,3,26,11,VRB02KT,08,08
2024-03-26 12:00:00.000,2024,3,26,12,34003KT,07,07
2024-03-26 12:30:00.000,2024,3,26,12,VRB02KT,10,10
2024-03-26 13:00:00.000,2024,3,26,13,00000KT,11,10
2024-03-26 14:00:00.000,2024,3,26,14,VRB02KT,14,12
2024-03-26 15:00:00.000,2024,3,26,15,04003KT,16,12
2024-03-26 15:38:00.000,2024,3,26,15,VRB03KT,18,11
2024-03-26 16:00:00.000,2024,3,26,16,29004KT,19,11
2024-03-26 17:00:00.000,2024,3,26,17,32007KT,21,10
2024-03-26 18:00:00.000,2024,3,26,18,30009KT,21,08
2024-03-26 19:00:00.000,2024,3,26,19,34013KT,21,11
2024-03-26 20:00:00.000,2024,3,26,20,31013KT,21,11
2024-03-26 21:00:00.000,2024,3,26,21,31014KT,20,11
2024-03-26 22:00:00.000,2024,3,26,22,31014KT,19,11
2024-03-26 23:00:00.000,2024,3,26,23,30011KT,17,13
2024-03-27 00:00:00.000,2024,3,27,0,31009KT,15,12
2024-03-27 01:00:00.000,2024,3,27,1,23003KT,15,12
2024-03-27 02:00:00.000,2024,3,27,2,33005KT,13,11
2024-03-27 03:00:00.000,2024,3,27,3,VRB02KT,14,10
2024-03-27 04:00:00.000,2024,3,27,4,22004KT,14,11
2024-03-27 05:00:00.000,2024,3,27,5,33004KT,12,10
2024-03-27 06:00:00.000,2024,3,27,6,27004KT,13,11
2024-03-27 07:00:00.000,2024,3,27,7,32004KT,10,10
2024-03-27 08:00:00.000,2024,3,27,8,VRB02KT,10,09
2024-03-27 09:00:00.000,2024,3,27,9,34004KT,08,07
2024-03-27 10:00:00.000,2024,3,27,10,VRB02KT,10,07
2024-03-27 10:32:00.000,2024,3,27,10,34005KT,08,06
2024-03-27 11:00:00.000,2024,3,27,11,33003KT,08,05
2024-03-27 12:00:00.000,2024,3,27,12,02003KT,08,06
2024-03-27 12:25:00.000,2024,3,27,12,06006KT,13,08
2024-03-27 13:00:00.000,2024,3,27,13,06005KT,14,08
2024-03-27 13:30:00.000,2024,3,27,13,VRB02KT,17,08
2024-03-27 14:00:00.000,2024,3,27,14,03003KT,18,08
2024-03-27 15:00:00.000,2024,3,27,15,VRB02KT,19,05
2024-03-27 16:00:00.000,2024,3,27,16,VRB05KT,19,07
2024-03-27 17:00:00.000,2024,3,27,17,VRB05KT,21,09
2024-03-27 18:00:00.000,2024,3,27,18,29012KT,19,11
2024-03-27 19:00:00.000,2024,3,27,19,30011KT,21,10
2024-03-27 20:00:00.000,2024,3,27,20,29010KT,20,11
2024-03-27 21:00:00.000,2024,3,27,21,31011KT,19,11
2024-03-27 22:00:00.000,2024,3,27,22,31013KT,19,10
2024-03-27 23:00:00.000,2024,3,27,23,30009KT,17,12
2024-03-28 00:00:00.000,2024,3,28,0,31007KT,15,12
2024-03-28 01:00:00.000,2024,3,28,1,29004KT,15,13
2024-03-28 02:00:00.000,2024,3,28,2,27005KT,14,12
2024-03-28 03:00:00.000,2024,3,28,3,VRB02KT,15,13
2024-03-28 04:00:00.000,2024,3,28,4,31004KT,14,12
2024-03-28 05:00:00.000,2024,3,28,5,28005KT,10,10
2024-03-28 06:00:00.000,2024,3,28,6,29005KT,11,11
2024-03-28 07:00:00.000,2024,3,28,7,32003KT,10,10
2024-03-28 08:00:00.000,2024,3,28,8,31003KT,11,11
2024-03-28 09:00:00.000,2024,3,28,9,00000KT,10,10
2024-03-28 10:00:00.000,2024,3,28,10,34003KT,09,09
2024-03-28 10:34:00.000,2024,3,28,10,00000KT,10,10
2024-03-28 11:00:00.000,2024,3,28,11,00000KT,09,09
2024-03-28 12:00:00.000,2024,3,28,12,VRB02KT,09,09
2024-03-28 12:29:00.000,2024,3,28,12,00000KT,11,11
2024-03-28 13:00:00.000,2024,3,28,13,35004KT,13,11
2024-03-28 13:30:00.000,2024,3,28,13,VRB03KT,15,11
2024-03-28 14:00:00.000,2024,3,28,14,11003KT,17,12
2024-03-28 15:00:00.000,2024,3,28,15,VRB03KT,18,10
2024-03-28 15:40:00.000,2024,3,28,15,30004KT,20,11
2024-03-28 16:00:00.000,2024,3,28,16,30004KT,20,10
2024-03-28 17:00:00.000,2024,3,28,17,30011KT,20,10
2024-03-28 17:28:00.000,2024,3,28,17,28009KT,22,12
2024-03-28 18:00:00.000,2024,3,28,18,30010KT,21,11
2024-03-28 19:00:00.000,2024,3,28,19,28014KT,21,12
2024-03-28 20:00:00.000,2024,3,28,20,28012KT,20,12
2024-03-28 21:00:00.000,2024,3,28,21,29014KT,20,13
2024-03-28 22:00:00.000,2024,3,28,22,28010KT,19,12
2024-03-28 23:00:00.000,2024,3,28,23,28008KT,18,13
2024-03-28 23:07:00.000,2024,3,28,23,27007KT,17,12
2024-03-29 00:00:00.000,2024,3,29,0,32008KT,16,12
2024-03-29 01:00:00.000,2024,3,29,1,31008KT,16,13
2024-03-29 02:00:00.000,2024,3,29,2,VRB02KT,15,12
2024-03-29 03:00:00.000,2024,3,29,3,32003KT,15,12
2024-03-29 04:00:00.000,2024,3,29,4,VRB02KT,14,13
2024-03-29 05:00:00.000,2024,3,29,5,30003KT,15,12
2024-03-29 06:00:00.000,2024,3,29,6,VRB02KT,13,12
2024-03-29 07:00:00.000,2024,3,29,7,31005KT,13,12
2024-03-29 08:00:00.000,2024,3,29,8,VRB02KT,12,12
2024-03-29 09:00:00.000,2024,3,29,9,VRB02KT,12,11
2024-03-29 10:00:00.000,2024,3,29,10,VRB02KT,11,10
2024-03-29 11:00:00.000,2024,3,29,11,35004KT,10,10
2024-03-29 12:00:00.000,2024,3,29,12,VRB02KT,12,11
2024-03-29 13:00:00.000,2024,3,29,13,05005KT,15,12
2024-03-29 14:00:00.000,2024,3,29,14,06003KT,18,11
2024-03-29 15:00:00.000,2024,3,29,15,04004KT,19,11
2024-03-29 16:00:00.000,2024,3,29,16,08005KT,20,10
2024-03-29 17:00:00.000,2024,3,29,17,07007KT,22,08
2024-03-29 18:00:00.000,2024,3,29,18,27008KT,20,13
2024-03-29 19:00:00.000,2024,3,29,19,29009KT,19,13
2024-03-29 20:00:00.000,2024,3,29,20,25009KT,19,13
2024-03-29 21:00:00.000,2024,3,29,21,28012KT,18,13
2024-03-29 22:00:00.000,2024,3,29,22,28010KT,17,15
2024-03-29 23:00:00.000,2024,3,29,23,21005KT,16,14
2024-03-30 00:00:00.000,2024,3,30,0,26005KT,15,14
2024-03-30 01:00:00.000,2024,3,30,1,21004KT,15,14
2024-03-30 02:00:00.000,2024,3,30,2,33003KT,14,13
2024-03-30 03:00:00.000,2024,3,30,3,VRB02KT,14,13
2024-03-30 04:00:00.000,2024,3,30,4,33004KT,13,13
2024-03-30 05:00:00.000,2024,3,30,5,VRB02KT,12,12
2024-03-30 06:00:00.000,2024,3,30,6,VRB02KT,11,11
2024-03-30 07:00:00.000,2024,3,30,7,31004KT,11,11
2024-03-30 07:35:00.000,2024,3,30,7,30003KT,11,11
2024-03-30 08:00:00.000,2024,3,30,8,VRB02KT,11,11
2024-03-30 09:00:00.000,2024,3,30,9,00000KT,12,11
2024-03-30 10:00:00.000,2024,3,30,10,VRB02KT,11,11
2024-03-30 10:30:00.000,2024,3,30,10,32003KT,10,10
2024-03-30 10:32:00.000,2024,3,30,10,32003KT,10,10
2024-03-30 11:00:00.000,2024,3,30,11,35004KT,11,11
2024-03-30 12:00:00.000,2024,3,30,12,VRB02KT,12,12
2024-03-30 13:00:00.000,2024,3,30,13,VRB02KT,14,13
2024-03-30 14:00:00.000,2024,3,30,14,03003KT,14,13
2024-03-30 15:00:00.000,2024,3,30,15,VRB02KT,16,12
2024-03-30 16:00:00.000,2024,3,30,16,VRB02KT,17,12
2024-03-30 17:00:00.000,2024,3,30,17,18006KT,18,09
2024-03-30 18:00:00.000,2024,3,30,18,18009KT,18,09
2024-03-30 19:00:00.000,2024,3,30,19,14009KT,18,09
2024-03-30 20:00:00.000,2024,3,30,20,06010KT,19,10
2024-03-30 21:00:00.000,2024,3,30,21,03008KT,17,10
2024-03-30 22:00:00.000,2024,3,30,22,03009KT,17,10
2024-03-30 23:00:00.000,2024,3,30,23,04006KT,16,09
2024-03-31 00:00:00.000,2024,3,31,0,05004KT,14,09
2024-03-31 01:00:00.000,2024,3,31,1,03004KT,14,09
2024-03-31 02:00:00.000,2024,3,31,2,VRB02KT,14,09
2024-03-31 03:00:00.000,2024,3,31,3,04004KT,12,08
2024-03-31 04:00:00.000,2024,3,31,4,34004KT,13,08
2024-03-31 05:00:00.000,2024,3,31,5,VRB02KT,11,07
2024-03-31 06:00:00.000,2024,3,31,6,03003KT,09,08
2024-03-31 07:00:00.000,2024,3,31,7,04003KT,09,08
2024-03-31 08:00:00.000,2024,3,31,8,VRB03KT,08,08
2024-03-31 09:00:00.000,2024,3,31,9,28004KT,08,07
2024-03-31 10:00:00.000,2024,3,31,10,33005KT,07,06
2024-03-31 10:26:00.000,2024,3,31,10,10003KT,09,09
2024-03-31 11:00:00.000,2024,3,31,11,07004KT,09,08
2024-03-31 12:00:00.000,2024,3,31,12,VRB02KT,11,09
2024-03-31 13:00:00.000,2024,3,31,13,05003KT,14,10
2024-03-31 13:16:00.000,2024,3,31,13,VRB02KT,16,10
2024-03-31 14:00:00.000,2024,3,31,14,VRB02KT,18,09
2024-03-31 15:00:00.000,2024,3,31,15,VRB03KT,19,09
2024-03-31 16:00:00.000,2024,3,31,16,08005KT,21,09
2024-03-31 17:00:00.000,2024,3,31,17,14007KT,19,08
2024-03-31 18:00:00.000,2024,3,31,18,23009KT,18,11
2024-03-31 19:00:00.000,2024,3,31,19,14008KT,18,10
2024-03-31 20:00:00.000,2024,3,31,20,33012KT,16,13
2024-03-31 21:00:00.000,2024,3,31,21,33007KT,16,13
2024-03-31 22:00:00.000,2024,3,31,22,32009KT,17,13
2024-03-31 23:00:00.000,2024,3,31,23,31006KT,15,13
2024-04-01 00:00:00.000,2024,4,1,0,30006KT,14,12
2024-04-01 01:00:00.000,2024,4,1,1,29007KT,14,12
2024-04-01 02:00:00.000,2024,4,1,2,29006KT,14,12
2024-04-01 03:00:00.000,2024,4,1,3,26004KT,14,12
2024-04-01 04:00:00.000,2024,4,1,4,29003KT,13,13
2024-04-01 05:00:00.000,2024,4,1,5,31006KT,13,13
2024-04-01 06:00:00.000,2024,4,1,6,32006KT,14,13
2024-04-01 07:00:00.000,2024,4,1,7,28006KT,13,13
2024-04-01 08:00:00.000,2024,4,1,8,26004KT,13,12
2024-04-01 09:00:00.000,2024,4,1,9,VRB02KT,12,12
2024-04-01 10:00:00.000,2024,4,1,10,VRB02KT,12,11
2024-04-01 10:37:00.000,2024,4,1,10,VRB02KT,10,10
2024-04-01 11:00:00.000,2024,4,1,11,VRB02KT,10,10
2024-04-01 11:11:00.000,2024,4,1,11,VRB02KT,11,11
2024-04-01 12:00:00.000,2024,4,1,12,VRB02KT,13,12
2024-04-01 13:00:00.000,2024,4,1,13,03004KT,15,13
2024-04-01 14:00:00.000,2024,4,1,14,05004KT,16,12
2024-04-01 15:00:00.000,2024,4,1,15,29003KT,18,11
2024-04-01 15:24:00.000,2024,4,1,15,VRB03KT,20,10
2024-04-01 16:00:00.000,2024,4,1,16,VRB02KT,21,11
2024-04-01 16:25:00.000,2024,4,1,16,24012KT,19,13
2024-04-01 17:00:00.000,2024,4,1,17,23011KT,18,14
2024-04-01 17:04:00.000,2024,4,1,17,30008KT,16,15
2024-04-01 18:00:00.000,2024,4,1,18,31005KT,17,15
2024-04-01 19:00:00.000,2024,4,1,19,01006KT,20,14
2024-04-01 19:10:00.000,2024,4,1,19,32011KT,18,14
2024-04-01 20:00:00.000,2024,4,1,20,24011KT,17,15
2024-04-01 21:00:00.000,2024,4,1,21,14005KT,16,15
2024-04-01 22:00:00.000,2024,4,1,22,06003KT,15,14
2024-04-01 23:00:00.000,2024,4,1,23,06005KT,13,12
2024-04-02 00:00:00.000,2024,4,2,0,VRB02KT,13,12
2024-04-02 01:00:00.000,2024,4,2,1,VRB02KT,14,12
2024-04-02 02:00:00.000,2024,4,2,2,VRB02KT,13,12
2024-04-02 03:00:00.000,2024,4,2,3,VRB02KT,13,13
2024-04-02 04:00:00.000,2024,4,2,4,VRB02KT,13,13
2024-04-02 05:00:00.000,2024,4,2,5,01003KT,13,13
2024-04-02 06:00:00.000,2024,4,2,6,VRB02KT,13,13
2024-04-02 07:00:00.000,2024,4,2,7,28003KT,13,13
2024-04-02 08:00:00.000,2024,4,2,8,VRB02KT,13,12
2024-04-02 09:00:00.000,2024,4,2,9,VRB02KT,13,12
2024-04-02 10:00:00.000,2024,4,2,10,04004KT,13,13
2024-04-02 10:30:00.000,2024,4,2,10,05005KT,13,13
2024-04-02 11:00:00.000,2024,4,2,11,06006KT,13,13
2024-04-02 12:00:00.000,2024,4,2,12,05007KT,13,12
2024-04-02 13:00:00.000,2024,4,2,13,06008KT,15,13
2024-04-02 14:00:00.000,2024,4,2,14,14008KT,17,11
2024-04-02 15:00:00.000,2024,4,2,15,13007KT,19,10
2024-04-02 16:00:00.000,2024,4,2,16,11008KT,20,11
2024-04-02 17:00:00.000,2024,4,2,17,18005KT,20,10
2024-04-02 18:00:00.000,2024,4,2,18,28009KT,17,13
2024-04-02 18:22:00.000,2024,4,2,18,26009KT,19,13
2024-04-02 19:00:00.000,2024,4,2,19,25009KT,18,13
2024-04-02 20:00:00.000,2024,4,2,20,29009KT,16,14
2024-04-02 21:00:00.000,2024,4,2,21,27008KT,18,14
2024-04-02 22:00:00.000,2024,4,2,22,23008KT,17,14
2024-04-02 23:00:00.000,2024,4,2,23,29008KT,15,14
2024-04-03 00:00:00.000,2024,4,3,0,31005KT,15,13
2024-04-03 00:10:00.000,2024,4,3,0,27006KT,14,13
2024-04-03 01:00:00.000,2024,4,3,1,30003KT,13,13
2024-04-03 02:00:00.000,2024,4,3,2,VRB02KT,13,13
2024-04-03 03:00:00.000,2024,4,3,3,VRB02KT,13,13
2024-04-03 04:00:00.000,2024,4,3,4,33003KT,13,13
2024-04-03 05:00:00.000,2024,4,3,5,33003KT,13,13
2024-04-03 06:00:00.000,2024,4,3,6,31004KT,14,13
2024-04-03 07:00:00.000,2024,4,3,7,VRB02KT,14,13
2024-04-03 08:00:00.000,2024,4,3,8,VRB02KT,13,13
2024-04-03 09:00:00.000,2024,4,3,9,VRB02KT,13,13
2024-04-03 10:00:00.000,2024,4,3,10,VRB02KT,12,12
2024-04-03 10:33:00.000,2024,4,3,10,01002KT,10,10
2024-04-03 11:00:00.000,2024,4,3,11,VRB02KT,10,10
2024-04-03 11:11:00.000,2024,4,3,11,VRB02KT,12,12
2024-04-03 12:00:00.000,2024,4,3,12,VRB02KT,12,12
2024-04-03 13:00:00.000,2024,4,3,13,VRB02KT,15,13
2024-04-03 14:00:00.000,2024,4,3,14,VRB02KT,17,12
2024-04-03 15:00:00.000,2024,4,3,15,VRB02KT,17,12
2024-04-03 16:00:00.000,2024,4,3,16,24003KT,18,12
2024-04-03 17:00:00.000,2024,4,3,17,10006KT,20,11
2024-04-03 17:34:00.000,2024,4,3,17,13008KT,19,10
2024-04-03 18:00:00.000,2024,4,3,18,15011KT,18,11
2024-04-03 19:00:00.000,2024,4,3,19,20008KT,19,12
2024-04-03 20:00:00.000,2024,4,3,20,35008KT,17,13
2024-04-03 21:00:00.000,2024,4,3,21,30006KT,,
2024-04-03 22:00:00.000,2024,4,3,22,28007KT,15,14
2024-04-03 22:27:00.000,2024,4,3,22,VRB05KT,15,14
2024-04-03 23:00:00.000,2024,4,3,23,31005KT,14,14
2024-04-03 23:26:00.000,2024,4,3,23,32003KT,14,14
2024-04-04 00:00:00.000,2024,4,4,0,VRB02KT,14,14
2024-04-04 01:00:00.000,2024,4,4,1,34003KT,13,13
2024-04-04 02:00:00.000,2024,4,4,2,VRB02KT,13,13
2024-04-04 03:00:00.000,2024,4,4,3,02003KT,13,13
2024-04-04 04:00:00.000,2024,4,4,4,VRB02KT,14,13
2024-04-04 05:00:00.000,2024,4,4,5,VRB02KT,13,13
2024-04-04 06:00:00.000,2024,4,4,6,05003KT,14,12
2024-04-04 07:00:00.000,2024,4,4,7,03005KT,13,12
2024-04-04 08:00:00.000,2024,4,4,8,04004KT,13,13
2024-04-04 08:16:00.000,2024,4,4,8,06003KT,13,13
2024-04-04 09:00:00.000,2024,4,4,9,03004KT,13,13
2024-04-04 10:00:00.000,2024,4,4,10,04003KT,12,12
2024-04-04 10:30:00.000,2024,4,4,10,05004KT,12,11
2024-04-04 11:00:00.000,2024,4,4,11,04004KT,12,12
2024-04-04 12:00:00.000,2024,4,4,12,06006KT,14,13
2024-04-04 13:00:00.000,2024,4,4,13,06008KT,15,13
2024-04-04 14:00:00.000,2024,4,4,14,09005KT,18,13
2024-04-04 15:00:00.000,2024,4,4,15,06008KT,16,12
2024-04-04 15:15:00.000,2024,4,4,15,09007KT,16,12
2024-04-04 16:00:00.000,2024,4,4,16,09008KT,17,11
2024-04-04 17:00:00.000,2024,4,4,17,13010KT,18,11
2024-04-04 18:00:00.000,2024,4,4,18,14009KT,19,10
2024-04-04 19:00:00.000,2024,4,4,19,14012KT,16,10
2024-04-04 20:00:00.000,2024,4,4,20,13006KT,17,10
2024-04-04 21:00:00.000,2024,4,4,21,11003KT,16,12
2024-04-04 22:00:00.000,2024,4,4,22,09005KT,15,12
2024-04-04 23:00:00.000,2024,4,4,23,10004KT,15,12
2024-04-05 00:00:00.000,2024,4,5,0,VRB02KT,14,11
2024-04-05 01:00:00.000,2024,4,5,1,VRB02KT,13,11
2024-04-05 02:00:00.000,2024,4,5,2,04005KT,13,11
2024-04-05 03:00:00.000,2024,4,5,3,07005KT,13,12
2024-04-05 04:00:00.000,2024,4,5,4,VRB02KT,13,11
2024-04-05 05:00:00.000,2024,4,5,5,VRB02KT,13,11
2024-04-05 06:00:00.000,2024,4,5,6,06005KT,12,10
2024-04-05 07:00:00.000,2024,4,5,7,VRB02KT,12,10
2024-04-05 08:00:00.000,2024,4,5,8,VRB02KT,11,10
2024-04-05 09:00:00.000,2024,4,5,9,06006KT,12,10
2024-04-05 10:00:00.000,2024,4,5,10,05005KT,12,10
2024-04-05 10:30:00.000,2024,4,5,10,07005KT,12,10
2024-04-05 11:00:00.000,2024,4,5,11,08004KT,13,10
2024-04-05 12:00:00.000,2024,4,5,12,04005KT,15,10
2024-04-05 13:00:00.000,2024,4,5,13,09005KT,17,10
2024-04-05 14:00:00.000,2024,4,5,14,12006KT,18,09
2024-04-05 15:00:00.000,2024,4,5,15,11010KT,20,08
2024-04-05 16:00:00.000,2024,4,5,16,12009KT,20,09
2024-04-05 17:00:00.000,2024,4,5,17,12009KT,21,09
2024-04-05 18:00:00.000,2024,4,5,18,14015KT,22,08
2024-04-05 19:00:00.000,2024,4,5,19,10010KT,21,07
2024-04-05 20:00:00.000,2024,4,5,20,15012KT,21,09
2024-04-05 21:00:00.000,2024,4,5,21,VRB06KT,21,08
2024-04-05 22:00:00.000,2024,4,5,22,13006KT,21,07
2024-04-05 23:00:00.000,2024,4,5,23,32007KT,17,12
2024-04-06 00:00:00.000,2024,4,6,0,31007KT,16,13
2024-04-06 01:00:00.000,2024,4,6,1,33005KT,15,13
2024-04-06 02:00:00.000,2024,4,6,2,11005KT,16,10
2024-04-06 03:00:00.000,2024,4,6,3,VRB02KT,14,12
2024-04-06 04:00:00.000,2024,4,6,4,06005KT,14,12
2024-04-06 05:00:00.000,2024,4,6,5,04005KT,14,12
2024-04-06 06:00:00.000,2024,4,6,6,05004KT,14,11
2024-04-06 07:00:00.000,2024,4,6,7,05004KT,13,11
2024-04-06 08:00:00.000,2024,4,6,8,07005KT,13,10
2024-04-06 09:00:00.000,2024,4,6,9,06004KT,13,10
2024-04-06 10:00:00.000,2024,4,6,10,VRB02KT,11,10
2024-04-06 11:00:00.000,2024,4,6,11,04004KT,12,10
2024-04-06 12:00:00.000,2024,4,6,12,08003KT,14,11
2024-04-06 13:00:00.000,2024,4,6,13,03005KT,13,11
2024-04-06 14:00:00.000,2024,4,6,14,06005KT,14,13
2024-04-06 15:00:00.000,2024,4,6,15,09008KT,15,10
2024-04-06 16:00:00.000,2024,4,6,16,11011KT,18,09
2024-04-06 17:00:00.000,2024,4,6,17,14011KT,19,08
2024-04-06 18:00:00.000,2024,4,6,18,09008KT,20,08
2024-04-06 19:00:00.000,2024,4,6,19,13010KT,18,08
2024-04-06 20:00:00.000,2024,4,6,20,09006KT,19,09
2024-04-06 21:00:00.000,2024,4,6,21,12007KT,19,08
2024-04-06 22:00:00.000,2024,4,6,22,11006KT,18,07
2024-04-06 23:00:00.000,2024,4,6,23,08005KT,17,08
2024-04-07 00:00:00.000,2024,4,7,0,09004KT,15,08
2024-04-07 01:00:00.000,2024,4,7,1,09004KT,15,07
2024-04-07 02:00:00.000,2024,4,7,2,11004KT,15,07
2024-04-07 03:00:00.000,2024,4,7,3,04005KT,11,08
2024-04-07 04:00:00.000,2024,4,7,4,04007KT,10,07
2024-04-07 05:00:00.000,2024,4,7,5,05003KT,10,08
2024-04-07 06:00:00.000,2024,4,7,6,33003KT,10,09
2024-04-07 07:00:00.000,2024,4,7,7,VRB02KT,08,08
2024-04-07 08:00:00.000,2024,4,7,8,05003KT,09,09
2024-04-07 09:00:00.000,2024,4,7,9,06003KT,08,08
2024-04-07 10:00:00.000,2024,4,7,10,06006KT,09,08
2024-04-07 10:30:00.000,2024,4,7,10,05006KT,08,07
2024-04-07 11:00:00.000,2024,4,7,11,05007KT,09,08
2024-04-07 12:00:00.000,2024,4,7,12,05003KT,12,08
2024-04-07 13:00:00.000,2024,4,7,13,06007KT,15,08
2024-04-07 14:00:00.000,2024,4,7,14,07008KT,19,07
2024-04-07 15:00:00.000,2024,4,7,15,11011KT,20,06
2024-04-07 16:00:00.000,2024,4,7,16,10012KT,21,07
2024-04-07 17:00:00.000,2024,4,7,17,10011G22KT,20,08
2024-04-07 18:00:00.000,2024,4,7,18,10010KT,20,08
2024-04-07 19:00:00.000,2024,4,7,19,11009KT,18,09
2024-04-07 20:00:00.000,2024,4,7,20,09007KT,19,09
2024-04-07 21:00:00.000,2024,4,7,21,13007KT,20,09
2024-04-07 22:00:00.000,2024,4,7,22,11005KT,19,08
2024-04-07 23:00:00.000,2024,4,7,23,12009KT,19,09
2024-04-08 00:00:00.000,2024,4,8,0,11008KT,17,09
2024-04-08 01:00:00.000,2024,4,8,1,12006KT,16,09
2024-04-08 02:00:00.000,2024,4,8,2,10006KT,16,09
2024-04-08 03:00:00.000,2024,4,8,3,05004KT,14,09
2024-04-08 04:00:00.000,2024,4,8,4,VRB02KT,15,10
2024-04-08 05:00:00.000,2024,4,8,5,VRB02KT,13,11
2024-04-08 06:00:00.000,2024,4,8,6,VRB02KT,13,11
2024-04-08 07:00:00.000,2024,4,8,7,VRB02KT,13,11
2024-04-08 08:00:00.000,2024,4,8,8,04004KT,13,11
2024-04-08 09:00:00.000,2024,4,8,9,13005KT,15,09
2024-04-08 10:00:00.000,2024,4,8,10,04006KT,14,10
2024-04-08 10:30:00.000,2024,4,8,10,03005KT,14,10
2024-04-08 11:00:00.000,2024,4,8,11,03005KT,14,10
2024-04-08 12:00:00.000,2024,4,8,12,04004KT,15,10
2024-04-08 13:00:00.000,2024,4,8,13,09005KT,16,09
2024-04-08 14:00:00.000,2024,4,8,14,13008KT,17,09
2024-04-08 15:00:00.000,2024,4,8,15,14008KT,18,09
2024-04-08 16:00:00.000,2024,4,8,16,14009KT,19,10
2024-04-08 17:00:00.000,2024,4,8,17,13010KT,20,11
2024-04-08 18:00:00.000,2024,4,8,18,18013KT,19,11
2024-04-08 19:00:00.000,2024,4,8,19,07008KT,17,11
2024-04-08 20:00:00.000,2024,4,8,20,06012KT,16,11
2024-04-08 21:00:00.000,2024,4,8,21,05007KT,16,10
2024-04-08 22:00:00.000,2024,4,8,22,07007KT,16,10
2024-04-08 23:00:00.000,2024,4,8,23,06009KT,15,09
2024-04-09 00:00:00.000,2024,4,9,0,06008KT,13,09
2024-04-09 01:00:00.000,2024,4,9,1,05006KT,12,08
2024-04-09 02:00:00.000,2024,4,9,2,08005KT,13,08
2024-04-09 03:00:00.000,2024,4,9,3,05006KT,11,09
2024-04-09 04:00:00.000,2024,4,9,4,13003KT,12,08
2024-04-09 05:00:00.000,2024,4,9,5,03003KT,09,08
2024-04-09 06:00:00.000,2024,4,9,6,03004KT,08,08
2024-04-09 07:00:00.000,2024,4,9,7,07003KT,09,08
2024-04-09 08:00:00.000,2024,4,9,8,07003KT,09,08
2024-04-09 09:00:00.000,2024,4,9,9,05004KT,09,08
2024-04-09 10:00:00.000,2024,4,9,10,07004KT,08,08
2024-04-09 10:30:00.000,2024,4,9,10,06005KT,09,08
2024-04-09 11:00:00.000,2024,4,9,11,06007KT,10,08
2024-04-09 12:00:00.000,2024,4,9,12,03006KT,11,08
2024-04-09 13:00:00.000,2024,4,9,13,05006KT,14,09
2024-04-09 14:00:00.000,2024,4,9,14,11009KT,17,05
2024-04-09 15:00:00.000,2024,4,9,15,13011KT,18,06
2024-04-09 16:00:00.000,2024,4,9,16,14014KT,18,08
2024-04-09 17:00:00.000,2024,4,9,17,13015KT,19,09
2024-04-09 18:00:00.000,2024,4,9,18,13012KT,20,08
2024-04-09 19:00:00.000,2024,4,9,19,12010KT,20,08
2024-04-09 20:00:00.000,2024,4,9,20,11008KT,21,09
2024-04-09 21:00:00.000,2024,4,9,21,13011KT,19,08
2024-04-09 22:00:00.000,2024,4,9,22,13011KT,18,09
2024-04-09 23:00:00.000,2024,4,9,23,14012KT,16,08
2024-04-10 00:00:00.000,2024,4,10,0,12007KT,16,08
2024-04-10 01:00:00.000,2024,4,10,1,11005KT,14,06
2024-04-10 02:00:00.000,2024,4,10,2,VRB02KT,13,06
2024-04-10 03:00:00.000,2024,4,10,3,03004KT,11,06
2024-04-10 04:00:00.000,2024,4,10,4,VRB02KT,09,05
2024-04-10 05:00:00.000,2024,4,10,5,02003KT,08,06
2024-04-10 06:00:00.000,2024,4,10,6,VRB02KT,08,08
2024-04-10 07:00:00.000,2024,4,10,7,VRB02KT,07,06
2024-04-10 08:00:00.000,2024,4,10,8,VRB02KT,06,06
2024-04-10 09:00:00.000,2024,4,10,9,04005KT,07,06
2024-04-10 10:00:00.000,2024,4,10,10,VRB02KT,07,06
2024-04-10 10:30:00.000,2024,4,10,10,03003KT,03,03
2024-04-10 11:00:00.000,2024,4,10,11,06003KT,06,06
2024-04-10 12:00:00.000,2024,4,10,12,34004KT,08,05
2024-04-10 12:33:00.000,2024,4,10,12,03005KT,10,07
2024-04-10 13:00:00.000,2024,4,10,13,04006KT,12,07
2024-04-10 13:32:00.000,2024,4,10,13,05008KT,15,07
2024-04-10 14:00:00.000,2024,4,10,14,04009KT,16,07
2024-04-10 15:00:00.000,2024,4,10,15,06006G18KT,18,05
2024-04-10 16:00:00.000,2024,4,10,16,13005KT,20,04
2024-04-10 17:00:00.000,2024,4,10,17,13007KT,21,03
2024-04-10 18:00:00.000,2024,4,10,18,VRB04G14KT,22,04
2024-04-10 19:00:00.000,2024,4,10,19,VRB04G14KT,24,05
2024-04-10 20:00:00.000,2024,4,10,20,VRB06G17KT,24,06
2024-04-10 21:00:00.000,2024,4,10,21,31014KT,21,12
2024-04-10 22:00:00.000,2024,4,10,22,28011KT,19,12
2024-04-10 23:00:00.000,2024,4,10,23,28011KT,18,12
2024-04-11 00:00:00.000,2024,4,11,0,27007KT,16,13
2024-04-11 01:00:00.000,2024,4,11,1,27004KT,16,13
2024-04-11 02:00:00.000,2024,4,11,2,27004KT,15,13
2024-04-11 03:00:00.000,2024,4,11,3,VRB02KT,14,13
2024-04-11 04:00:00.000,2024,4,11,4,34003KT,12,11
2024-04-11 05:00:00.000,2024,4,11,5,06004KT,13,10
2024-04-11 06:00:00.000,2024,4,11,6,04003KT,12,08
2024-04-11 07:00:00.000,2024,4,11,7,32004KT,10,08
2024-04-11 08:00:00.000,2024,4,11,8,VRB02KT,10,08
2024-04-11 09:00:00.000,2024,4,11,9,VRB02KT,10,08
2024-04-11 10:00:00.000,2024,4,11,10,02004KT,09,08
2024-04-11 10:29:00.000,2024,4,11,10,VRB02KT,09,08
2024-04-11 11:00:00.000,2024,4,11,11,VRB02KT,09,08
2024-04-11 12:00:00.000,2024,4,11,12,02004KT,12,09
2024-04-11 13:00:00.000,2024,4,11,13,06004KT,15,09
2024-04-11 14:00:00.000,2024,4,11,14,01005KT,16,09
2024-04-11 15:00:00.000,2024,4,11,15,11003KT,18,06
2024-04-11 16:00:00.000,2024,4,11,16,14004KT,20,05
2024-04-11 17:00:00.000,2024,4,11,17,16006KT,21,05
2024-04-11 18:00:00.000,2024,4,11,18,13005KT,22,05
2024-04-11 18:31:00.000,2024,4,11,18,28009KT,22,11
2024-04-11 19:00:00.000,2024,4,11,19,VRB07KT,22,09
2024-04-11 20:00:00.000,2024,4,11,20,30013KT,21,11
2024-04-11 21:00:00.000,2024,4,11,21,27012KT,21,12
2024-04-11 22:00:00.000,2024,4,11,22,27009KT,20,12
2024-04-11 23:00:00.000,2024,4,11,23,26007KT,18,12
2024-04-12 00:00:00.000,2024,4,12,0,27005KT,17,13
2024-04-12 01:00:00.000,2024,4,12,1,VRB02KT,16,13
2024-04-12 02:00:00.000,2024,4,12,2,VRB02KT,16,12
2024-04-12 03:00:00.000,2024,4,12,3,03005KT,14,11
2024-04-12 04:00:00.000,2024,4,12,4,03006KT,13,11
2024-04-12 05:00:00.000,2024,4,12,5,02003KT,12,10
2024-04-12 06:00:00.000,2024,4,12,6,04004KT,12,10
2024-04-12 07:00:00.000,2024,4,12,7,VRB02KT,12,11
2024-04-12 08:00:00.000,2024,4,12,8,04005KT,12,10
2024-04-12 09:00:00.000,2024,4,12,9,06006KT,10,09
2024-04-12 10:00:00.000,2024,4,12,10,05004KT,10,09
2024-04-12 10:30:00.000,2024,4,12,10,VRB02KT,10,08
2024-04-12 11:00:00.000,2024,4,12,11,VRB02KT,10,09
2024-04-12 12:00:00.000,2024,4,12,12,04005KT,12,10
2024-04-12 13:00:00.000,2024,4,12,13,06008KT,14,08
2024-04-12 14:00:00.000,2024,4,12,14,02006KT,16,06
2024-04-12 14:27:00.000,2024,4,12,14,13003KT,18,07
2024-04-12 15:00:00.000,2024,4,12,15,11007KT,20,05
2024-04-12 16:00:00.000,2024,4,12,16,14008KT,21,04
2024-04-12 17:00:00.000,2024,4,12,17,VRB03KT,23,04
2024-04-12 18:00:00.000,2024,4,12,18,08009KT,23,05
2024-04-12 18:25:00.000,2024,4,12,18,28010KT,23,11
2024-04-12 19:00:00.000,2024,4,12,19,28011KT,22,11
2024-04-12 20:00:00.000,2024,4,12,20,26011KT,22,11
2024-04-12 21:00:00.000,2024,4,12,21,28012KT,22,12
2024-04-12 22:00:00.000,2024,4,12,22,29011KT,20,13
2024-04-12 23:00:00.000,2024,4,12,23,27008KT,18,13
2024-04-13 00:00:00.000,2024,4,13,0,28005KT,17,13
2024-04-13 01:00:00.000,2024,4,13,1,32004KT,17,13
2024-04-13 02:00:00.000,2024,4,13,2,VRB02KT,16,14
2024-04-13 03:00:00.000,2024,4,13,3,21004KT,17,10
2024-04-13 04:00:00.000,2024,4,13,4,05003KT,13,09
2024-04-13 05:00:00.000,2024,4,13,5,06005KT,12,09
2024-04-13 06:00:00.000,2024,4,13,6,VRB02KT,11,09
2024-04-13 07:00:00.000,2024,4,13,7,00000KT,10,08
2024-04-13 08:00:00.000,2024,4,13,8,01003KT,09,08
2024-04-13 09:00:00.000,2024,4,13,9,02004KT,08,08
2024-04-13 10:00:00.000,2024,4,13,10,07005KT,09,07
2024-04-13 10:30:00.000,2024,4,13,10,05006KT,09,07
2024-04-13 11:00:00.000,2024,4,13,11,06005KT,09,07
2024-04-13 12:00:00.000,2024,4,13,12,VRB02KT,10,07
2024-04-13 12:26:00.000,2024,4,13,12,04005KT,12,08
2024-04-13 13:00:00.000,2024,4,13,13,04006KT,14,07
2024-04-13 13:36:00.000,2024,4,13,13,05006KT,16,07
2024-04-13 14:00:00.000,2024,4,13,14,04007KT,16,06
2024-04-13 14:35:00.000,2024,4,13,14,04005KT,18,07
2024-04-13 15:00:00.000,2024,4,13,15,VRB04KT,19,07
2024-04-13 16:00:00.000,2024,4,13,16,02006KT,21,07
2024-04-13 17:00:00.000,2024,4,13,17,01007KT,22,09
2024-04-13 17:23:00.000,2024,4,13,17,10007KT,24,07
2024-04-13 18:00:00.000,2024,4,13,18,VRB07KT,25,07
2024-04-13 19:00:00.000,2024,4,13,19,27010KT,22,13
2024-04-13 20:00:00.000,2024,4,13,20,28011KT,22,13
2024-04-13 21:00:00.000,2024,4,13,21,28011G24KT,20,13
2024-04-13 22:00:00.000,2024,4,13,22,27011KT,19,15
2024-04-13 23:00:00.000,2024,4,13,23,28008KT,17,14
2024-04-14 00:00:00.000,2024,4,14,0,26006KT,17,14
2024-04-14 01:00:00.000,2024,4,14,1,34004KT,15,14
2024-04-14 01:15:00.000,2024,4,14,1,35003KT,15,14
2024-04-14 02:00:00.000,2024,4,14,2,04004KT,15,14
2024-04-14 03:00:00.000,2024,4,14,3,04004KT,14,13
2024-04-14 04:00:00.000,2024,4,14,4,05006KT,12,11
2024-04-14 05:00:00.000,2024,4,14,5,04005KT,12,10
2024-04-14 06:00:00.000,2024,4,14,6,06004KT,12,10
2024-04-14 07:00:00.000,2024,4,14,7,36003KT,10,09
2024-04-14 08:00:00.000,2024,4,14,8,02004KT,10,08
2024-04-14 09:00:00.000,2024,4,14,9,06003KT,10,09
2024-04-14 10:00:00.000,2024,4,14,10,VRB02KT,10,08
2024-04-14 10:30:00.000,2024,4,14,10,05004KT,09,08
2024-04-14 11:00:00.000,2024,4,14,11,VRB02KT,09,09
2024-04-14 12:00:00.000,2024,4,14,12,08003KT,12,09
2024-04-14 13:00:00.000,2024,4,14,13,04006KT,14,10
2024-04-14 14:00:00.000,2024,4,14,14,04006KT,15,10
2024-04-14 14:31:00.000,2024,4,14,14,05006KT,17,10
2024-04-14 15:00:00.000,2024,4,14,15,05005KT,18,10
2024-04-14 16:00:00.000,2024,4,14,16,01004KT,20,08
2024-04-14 17:00:00.000,2024,4,14,17,04004KT,21,08
2024-04-14 18:00:00.000,2024,4,14,18,VRB03KT,22,08
2024-04-14 19:00:00.000,2024,4,14,19,26009KT,23,11
2024-04-14 20:00:00.000,2024,4,14,20,29012KT,21,13
2024-04-14 21:00:00.000,2024,4,14,21,29011KT,19,13
2024-04-14 22:00:00.000,2024,4,14,22,30009KT,18,14
2024-04-14 23:00:00.000,2024,4,14,23,23007KT,18,13
2024-04-15 00:00:00.000,2024,4,15,0,VRB02KT,17,14
2024-04-15 01:00:00.000,2024,4,15,1,31004KT,16,14
2024-04-15 02:00:00.000,2024,4,15,2,VRB02KT,15,14
2024-04-15 03:00:00.000,2024,4,15,3,35003KT,14,14
2024-04-15 04:00:00.000,2024,4,15,4,VRB02KT,14,13
2024-04-15 05:00:00.000,2024,4,15,5,VRB02KT,13,12
2024-04-15 06:00:00.000,2024,4,15,6,34003KT,11,11
2024-04-15 07:00:00.000,2024,4,15,7,VRB02KT,11,10
2024-04-15 08:00:00.000,2024,4,15,8,VRB02KT,10,10
2024-04-15 09:00:00.000,2024,4,15,9,35004KT,09,08
2024-04-15 10:00:00.000,2024,4,15,10,VRB02KT,10,09
2024-04-15 10:30:00.000,2024,4,15,10,04005KT,10,08
2024-04-15 11:00:00.000,2024,4,15,11,06005KT,10,08
2024-04-15 12:00:00.000,2024,4,15,12,VRB02KT,10,08
2024-04-15 12:15:00.000,2024,4,15,12,04003KT,13,09
2024-04-15 13:00:00.000,2024,4,15,13,VRB02KT,15,10
2024-04-15 14:00:00.000,2024,4,15,14,06004KT,17,10
2024-04-15 15:00:00.000,2024,4,15,15,12004KT,20,09
2024-04-15 16:00:00.000,2024,4,15,16,07006KT,21,07
2024-04-15 17:00:00.000,2024,4,15,17,08005KT,23,07
2024-04-15 18:00:00.000,2024,4,15,18,29009KT,22,11
2024-04-15 19:00:00.000,2024,4,15,19,28012KT,22,12
2024-04-15 20:00:00.000,2024,4,15,20,26011KT,22,13
2024-04-15 21:00:00.000,2024,4,15,21,28012KT,22,13
2024-04-15 21:39:00.000,2024,4,15,21,27012KT,20,13
2024-04-15 22:00:00.000,2024,4,15,22,28010KT,20,13
2024-04-15 23:00:00.000,2024,4,15,23,26007KT,18,13
2024-04-16 00:00:00.000,2024,4,16,0,27005KT,17,14
2024-04-16 01:00:00.000,2024,4,16,1,26003KT,16,14
2024-04-16 02:00:00.000,2024,4,16,2,31005KT,15,14
2024-04-16 03:00:00.000,2024,4,16,3,28003KT,13,12
2024-04-16 04:00:00.000,2024,4,16,4,28005KT,14,13
2024-04-16 05:00:00.000,2024,4,16,5,32004KT,15,14
2024-04-16 06:00:00.000,2024,4,16,6,35003KT,13,12
2024-04-16 07:00:00.000,2024,4,16,7,VRB02KT,12,10
2024-04-16 08:00:00.000,2024,4,16,8,VRB02KT,12,11
2024-04-16 09:00:00.000,2024,4,16,9,VRB02KT,11,11
2024-04-16 10:00:00.000,2024,4,16,10,36003KT,11,10
2024-04-16 10:30:00.000,2024,4,16,10,VRB02KT,10,09
2024-04-16 11:00:00.000,2024,4,16,11,VRB02KT,11,10
2024-04-16 12:00:00.000,2024,4,16,12,35003KT,12,10
2024-04-16 12:30:00.000,2024,4,16,12,06007KT,14,11
2024-04-16 13:00:00.000,2024,4,16,13,06006KT,16,11
2024-04-16 14:00:00.000,2024,4,16,14,VRB03KT,18,10
2024-04-16 15:00:00.000,2024,4,16,15,04006KT,20,10
2024-04-16 16:00:00.000,2024,4,16,16,36004KT,22,08
2024-04-16 17:00:00.000,2024,4,16,17,27006KT,24,06
2024-04-16 18:00:00.000,2024,4,16,18,26012KT,23,11
2024-04-16 19:00:00.000,2024,4,16,19,24012KT,22,11
2024-04-16 20:00:00.000,2024,4,16,20,26011KT,23,12
2024-04-16 21:00:00.000,2024,4,16,21,24012KT,21,12
2024-04-16 22:00:00.000,2024,4,16,22,28009KT,19,13
2024-04-16 23:00:00.000,2024,4,16,23,27009KT,17,13
2024-04-17 00:00:00.000,2024,4,17,0,VRB02KT,16,12
2024-04-17 01:00:00.000,2024,4,17,1,34003KT,16,12
2024-04-17 02:00:00.000,2024,4,17,2,10003KT,14,12
2024-04-17 03:00:00.000,2024,4,17,3,03005KT,13,09
2024-04-17 04:00:00.000,2024,4,17,4,04006KT,13,08
2024-04-17 05:00:00.000,2024,4,17,5,05004KT,13,09
2024-04-17 06:00:00.000,2024,4,17,6,04003KT,12,09
2024-04-17 07:00:00.000,2024,4,17,7,04003KT,11,09
2024-04-17 08:00:00.000,2024,4,17,8,06008KT,11,09
2024-04-17 09:00:00.000,2024,4,17,9,36003KT,10,09
2024-04-17 10:00:00.000,2024,4,17,10,02007KT,09,06
2024-04-17 10:30:00.000,2024,4,17,10,07003KT,10,06
2024-04-17 11:00:00.000,2024,4,17,11,04006KT,10,06
2024-04-17 12:00:00.000,2024,4,17,12,VRB02KT,12,08
2024-04-17 13:00:00.000,2024,4,17,13,05006KT,15,09
2024-04-17 14:00:00.000,2024,4,17,14,05007KT,17,09
2024-04-17 15:00:00.000,2024,4,17,15,32005KT,19,08
2024-04-17 16:00:00.000,2024,4,17,16,08007KT,21,08
2024-04-17 17:00:00.000,2024,4,17,17,15010KT,23,09
2024-04-17 18:00:00.000,2024,4,17,18,17013KT,23,08
2024-04-17 19:00:00.000,2024,4,17,19,25012KT,21,13
2024-04-17 20:00:00.000,2024,4,17,20,31012KT,21,13
2024-04-17 21:00:00.000,2024,4,17,21,29013KT,17,13
2024-04-17 22:00:00.000,2024,4,17,22,27014KT,16,10
2024-04-17 23:00:00.000,2024,4,17,23,30004KT,16,10
2024-04-18 00:00:00.000,2024,4,18,0,03003KT,14,12
2024-04-18 01:00:00.000,2024,4,18,1,33004KT,14,12
2024-04-18 02:00:00.000,2024,4,18,2,35003KT,12,11
2024-04-18 03:00:00.000,2024,4,18,3,VRB02KT,13,12
2024-04-18 04:00:00.000,2024,4,18,4,30004KT,14,12
2024-04-18 05:00:00.000,2024,4,18,5,VRB02KT,12,11
2024-04-18 06:00:00.000,2024,4,18,6,31003KT,12,11
2024-04-18 07:00:00.000,2024,4,18,7,34003KT,10,10
2024-04-18 08:00:00.000,2024,4,18,8,34002KT,10,10
2024-04-18 09:00:00.000,2024,4,18,9,36003KT,10,10
2024-04-18 10:00:00.000,2024,4,18,10,VRB02KT,10,09
2024-04-18 10:30:00.000,2024,4,18,10,VRB02KT,09,08
2024-04-18 11:00:00.000,2024,4,18,11,VRB02KT,08,08
2024-04-18 12:00:00.000,2024,4,18,12,03004KT,12,12
2024-04-18 12:35:00.000,2024,4,18,12,02004KT,14,13
2024-04-18 13:00:00.000,2024,4,18,13,01003KT,15,12
2024-04-18 13:30:00.000,2024,4,18,13,02003KT,17,13
2024-04-18 14:00:00.000,2024,4,18,14,02004KT,18,12
2024-04-18 15:00:00.000,2024,4,18,15,06003KT,19,12
2024-04-18 16:00:00.000,2024,4,18,16,29006KT,20,11
2024-04-18 17:00:00.000,2024,4,18,17,29011KT,21,12
2024-04-18 18:00:00.000,2024,4,18,18,24010KT,21,13
2024-04-18 19:00:00.000,2024,4,18,19,24010KT,20,13
2024-04-18 19:07:00.000,2024,4,18,19,23009KT,20,13
2024-04-18 20:00:00.000,2024,4,18,20,05006KT,17,12
2024-04-18 20:21:00.000,2024,4,18,20,02006KT,16,12
2024-04-18 21:00:00.000,2024,4,18,21,32011KT,13,13
2024-04-18 21:30:00.000,2024,4,18,21,33005KT,13,13
2024-04-18 22:00:00.000,2024,4,18,22,23004KT,13,13
2024-04-18 23:00:00.000,2024,4,18,23,VRB02KT,13,13
2024-04-19 00:00:00.000,2024,4,19,0,VRB02KT,13,13
2024-04-19 01:00:00.000,2024,4,19,1,VRB02KT,14,14
2024-04-19 02:00:00.000,2024,4,19,2,02004KT,14,14
2024-04-19 03:00:00.000,2024,4,19,3,08005KT,15,14
2024-04-19 04:00:00.000,2024,4,19,4,05003KT,14,14
2024-04-19 05:00:00.000,2024,4,19,5,04004KT,14,13
2024-04-19 06:00:00.000,2024,4,19,6,04004KT,13,13
2024-04-19 07:00:00.000,2024,4,19,7,33004KT,13,13
2024-04-19 08:00:00.000,2024,4,19,8,VRB02KT,13,13
2024-04-19 09:00:00.000,2024,4,19,9,24006KT,13,13
2024-04-19 10:00:00.000,2024,4,19,10,28004KT,13,12
2024-04-19 10:30:00.000,2024,4,19,10,VRB02KT,12,12
2024-04-19 11:00:00.000,2024,4,19,11,VRB02KT,13,12
2024-04-19 12:00:00.000,2024,4,19,12,03003KT,14,13
2024-04-19 13:00:00.000,2024,4,19,13,03003KT,15,13
2024-04-19 14:00:00.000,2024,4,19,14,06004KT,18,13
2024-04-19 15:00:00.000,2024,4,19,15,10004KT,19,12
2024-04-19 16:00:00.000,2024,4,19,16,13004KT,20,11
2024-04-19 17:00:00.000,2024,4,19,17,24010KT,18,14
2024-04-19 17:12:00.000,2024,4,19,17,27009KT,18,13
2024-04-19 18:00:00.000,2024,4,19,18,26012KT,17,13
2024-04-19 18:33:00.000,2024,4,19,18,24009KT,16,13
2024-04-19 19:00:00.000,2024,4,19,19,27007KT,15,14
2024-04-19 20:00:00.000,2024,4,19,20,VRB02KT,15,14
2024-04-19 21:00:00.000,2024,4,19,21,12004KT,15,14
2024-04-19 22:00:00.000,2024,4,19,22,08004KT,15,14
2024-04-19 23:00:00.000,2024,4,19,23,35004KT,15,14
2024-04-19 23:22:00.000,2024,4,19,23,24006KT,14,14
2024-04-20 00:00:00.000,2024,4,20,0,19003KT,13,13
2024-04-20 01:00:00.000,2024,4,20,1,25003KT,13,13
2024-04-20 02:00:00.000,2024,4,20,2,26003KT,13,13
2024-04-20 03:00:00.000,2024,4,20,3,24004KT,13,13
2024-04-20 04:00:00.000,2024,4,20,4,22003KT,13,12
2024-04-20 05:00:00.000,2024,4,20,5,VRB03KT,13,12
2024-04-20 06:00:00.000,2024,4,20,6,24004KT,13,12
2024-04-20 07:00:00.000,2024,4,20,7,01003KT,12,12
2024-04-20 08:00:00.000,2024,4,20,8,VRB02KT,12,12
2024-04-20 09:00:00.000,2024,4,20,9,VRB02KT,12,12
2024-04-20 10:00:00.000,2024,4,20,10,VRB02KT,12,12
2024-04-20 11:00:00.000,2024,4,20,11,VRB02KT,12,12
2024-04-20 12:00:00.000,2024,4,20,12,01003KT,13,12
2024-04-20 13:00:00.000,2024,4,20,13,VRB02KT,15,13
2024-04-20 14:00:00.000,2024,4,20,14,01003KT,17,13
2024-04-20 15:00:00.000,2024,4,20,15,VRB02KT,19,11
2024-04-20 16:00:00.000,2024,4,20,16,06004KT,21,13
2024-04-20 17:00:00.000,2024,4,20,17,03004KT,21,12
2024-04-20 17:38:00.000,2024,4,20,17,30006KT,17,16
2024-04-20 18:00:00.000,2024,4,20,18,33006KT,16,15
2024-04-20 18:24:00.000,2024,4,20,18,24010KT,16,15
2024-04-20 19:00:00.000,2024,4,20,19,26009KT,15,15
2024-04-20 19:09:00.000,2024,4,20,19,28007KT,15,15
2024-04-20 19:36:00.000,2024,4,20,19,29007KT,15,15
2024-04-20 20:00:00.000,2024,4,20,20,29005KT,16,15
2024-04-20 21:00:00.000,2024,4,20,21,31007KT,16,15
2024-04-20 22:00:00.000,2024,4,20,22,33006KT,16,14
2024-04-20 23:00:00.000,2024,4,20,23,35004KT,16,14
2024-04-21 00:00:00.000,2024,4,21,0,02003KT,15,14
2024-04-21 01:00:00.000,2024,4,21,1,00000KT,15,14
2024-04-21 02:00:00.000,2024,4,21,2,VRB02KT,15,14
2024-04-21 03:00:00.000,2024,4,21,3,02003KT,15,14
2024-04-21 03:20:00.000,2024,4,21,3,10003KT,14,14
2024-04-21 03:30:00.000,2024,4,21,3,10003KT,14,13
2024-04-21 04:00:00.000,2024,4,21,4,09003KT,14,13
2024-04-21 05:00:00.000,2024,4,21,5,VRB02KT,13,13
2024-04-21 06:00:00.000,2024,4,21,6,33003KT,13,13
2024-04-21 07:00:00.000,2024,4,21,7,36002KT,13,13
2024-04-21 08:00:00.000,2024,4,21,8,VRB02KT,13,13
2024-04-21 09:00:00.000,2024,4,21,9,VRB02KT,13,13
2024-04-21 10:00:00.000,2024,4,21,10,01003KT,13,13
2024-04-21 11:00:00.000,2024,4,21,11,04005KT,13,13
2024-04-21 12:00:00.000,2024,4,21,12,VRB02KT,15,13
2024-04-21 13:00:00.000,2024,4,21,13,VRB02KT,16,14
2024-04-21 14:00:00.000,2024,4,21,14,04003KT,16,13
2024-04-21 15:00:00.000,2024,4,21,15,VRB03KT,18,13
2024-04-21 15:12:00.000,2024,4,21,15,31012KT,15,13
2024-04-21 16:00:00.000,2024,4,21,16,25010KT,13,13
2024-04-21 17:00:00.000,2024,4,21,17,27008KT,16,13
2024-04-21 18:00:00.000,2024,4,21,18,18006KT,17,13
2024-04-21 19:00:00.000,2024,4,21,19,23004KT,19,12
2024-04-21 20:00:00.000,2024,4,21,20,27008KT,19,12
2024-04-21 21:00:00.000,2024,4,21,21,26007KT,19,12
2024-04-21 22:00:00.000,2024,4,21,22,29011KT,18,11
2024-04-21 23:00:00.000,2024,4,21,23,27008KT,17,11
2024-04-22 00:00:00.000,2024,4,22,0,26006KT,16,12
2024-04-22 01:00:00.000,2024,4,22,1,24004KT,16,12
2024-04-22 02:00:00.000,2024,4,22,2,VRB02KT,14,14
2024-04-22 03:00:00.000,2024,4,22,3,05006KT,13,13
2024-04-22 04:00:00.000,2024,4,22,4,07003KT,13,13
2024-04-22 05:00:00.000,2024,4,22,5,35003KT,13,13
2024-04-22 06:00:00.000,2024,4,22,6,VRB02KT,13,13
2024-04-22 07:00:00.000,2024,4,22,7,03004KT,13,13
2024-04-22 08:00:00.000,2024,4,22,8,03004KT,12,12
2024-04-22 09:00:00.000,2024,4,22,9,05004KT,13,12
2024-04-22 10:00:00.000,2024,4,22,10,04003KT,13,12
2024-04-22 10:31:00.000,2024,4,22,10,04003KT,13,12
2024-04-22 11:00:00.000,2024,4,22,11,02003KT,12,12
2024-04-22 12:00:00.000,2024,4,22,12,02004KT,13,12
2024-04-22 13:00:00.000,2024,4,22,13,02004KT,14,13
2024-04-22 14:00:00.000,2024,4,22,14,06004KT,14,13
2024-04-22 15:00:00.000,2024,4,22,15,VRB02KT,15,13
2024-04-22 16:00:00.000,2024,4,22,16,18004KT,16,13
2024-04-22 17:00:00.000,2024,4,22,17,VRB02KT,15,13
2024-04-22 18:00:00.000,2024,4,22,18,34006KT,17,14
2024-04-22 19:00:00.000,2024,4,22,19,32008KT,15,14
2024-04-22 20:00:00.000,2024,4,22,20,28008KT,14,14
2024-04-22 21:00:00.000,2024,4,22,21,28007KT,15,13
2024-04-22 22:00:00.000,2024,4,22,22,VRB02KT,14,13
2024-04-22 23:00:00.000,2024,4,22,23,VRB02KT,14,13
2024-04-23 00:00:00.000,2024,4,23,0,VRB02KT,13,13
2024-04-23 01:00:00.000,2024,4,23,1,VRB02KT,13,13
2024-04-23 02:00:00.000,2024,4,23,2,32003KT,13,12
2024-04-23 03:00:00.000,2024,4,23,3,VRB02KT,12,12
2024-04-23 04:00:00.000,2024,4,23,4,33003KT,12,11
2024-04-23 05:00:00.000,2024,4,23,5,VRB02KT,11,11
2024-04-23 06:00:00.000,2024,4,23,6,VRB02KT,12,12
2024-04-23 07:00:00.000,2024,4,23,7,VRB02KT,12,12
2024-04-23 08:00:00.000,2024,4,23,8,34003KT,11,11
2024-04-23 09:00:00.000,2024,4,23,9,00000KT,12,12
2024-04-23 10:00:00.000,2024,4,23,10,00000KT,12,12
2024-04-23 10:30:00.000,2024,4,23,10,32003KT,12,12
2024-04-23 11:00:00.000,2024,4,23,11,01003KT,11,11
2024-04-23 12:00:00.000,2024,4,23,12,VRB02KT,13,13
2024-04-23 12:32:00.000,2024,4,23,12,VRB02KT,15,13
2024-04-23 13:00:00.000,2024,4,23,13,VRB02KT,16,13
2024-04-23 14:00:00.000,2024,4,23,14,VRB02KT,16,12
2024-04-23 14:20:00.000,2024,4,23,14,VRB02KT,18,13
2024-04-23 15:00:00.000,2024,4,23,15,06003KT,18,12
2024-04-23 16:00:00.000,2024,4,23,16,VRB02KT,19,12
2024-04-23 17:00:00.000,2024,4,23,17,06005KT,21,12
2024-04-23 18:00:00.000,2024,4,23,18,08006KT,21,12
2024-04-23 18:20:00.000,2024,4,23,18,07008KT,21,14
2024-04-23 19:00:00.000,2024,4,23,19,23009KT,18,12
2024-04-23 19:38:00.000,2024,4,23,19,31013KT,17,15
2024-04-23 20:00:00.000,2024,4,23,20,29011KT,16,15
2024-04-23 20:12:00.000,2024,4,23,20,25009KT,16,15
2024-04-23 21:00:00.000,2024,4,23,21,27005KT,16,15
2024-04-23 21:20:00.000,2024,4,23,21,36003KT,16,15
2024-04-23 22:00:00.000,2024,4,23,22,VRB02KT,17,15
2024-04-23 23:00:00.000,2024,4,23,23,32004KT,17,14
2024-04-24 00:00:00.000,2024,4,24,0,24005KT,16,16
2024-04-24 01:00:00.000,2024,4,24,1,VRB02KT,15,14
2024-04-24 02:00:00.000,2024,4,24,2,VRB02KT,14,14
2024-04-24 03:00:00.000,2024,4,24,3,VRB02KT,14,14
2024-04-24 04:00:00.000,2024,4,24,4,VRB02KT,14,13
2024-04-24 05:00:00.000,2024,4,24,5,VRB02KT,14,13
2024-04-24 06:00:00.000,2024,4,24,6,VRB02KT,14,13
2024-04-24 07:00:00.000,2024,4,24,7,04003KT,13,13
2024-04-24 08:00:00.000,2024,4,24,8,05003KT,13,13
2024-04-24 09:00:00.000,2024,4,24,9,VRB02KT,14,13
2024-04-24 10:00:00.000,2024,4,24,10,05003KT,14,13
2024-04-24 10:30:00.000,2024,4,24,10,06003KT,14,13
2024-04-24 11:00:00.000,2024,4,24,11,VRB02KT,13,13
2024-04-24 12:00:00.000,2024,4,24,12,VRB02KT,15,13
2024-04-24 13:00:00.000,2024,4,24,13,VRB02KT,17,13
2024-04-24 14:00:00.000,2024,4,24,14,12006KT,19,11
2024-04-24 15:00:00.000,2024,4,24,15,14006KT,19,09
2024-04-24 16:00:00.000,2024,4,24,16,13011KT,21,10
2024-04-24 17:00:00.000,2024,4,24,17,14011KT,22,10
2024-04-24 18:00:00.000,2024,4,24,18,14012KT,22,11
2024-04-24 19:00:00.000,2024,4,24,19,19006KT,21,09
2024-04-24 20:00:00.000,2024,4,24,20,17009KT,22,08
2024-04-24 21:00:00.000,2024,4,24,21,16008KT,20,09
2024-04-24 22:00:00.000,2024,4,24,22,31005KT,19,12
2024-04-24 23:00:00.000,2024,4,24,23,VRB02KT,17,12
2024-04-25 00:00:00.000,2024,4,25,0,VRB02KT,17,10
2024-04-25 01:00:00.000,2024,4,25,1,VRB02KT,16,11
2024-04-25 02:00:00.000,2024,4,25,2,03004KT,15,12
2024-04-25 03:00:00.000,2024,4,25,3,10004KT,15,12
2024-04-25 04:00:00.000,2024,4,25,4,04005KT,14,12
2024-04-25 05:00:00.000,2024,4,25,5,03005KT,14,11
2024-04-25 06:00:00.000,2024,4,25,6,06004KT,13,11
2024-04-25 07:00:00.000,2024,4,25,7,04004KT,12,11
2024-04-25 08:00:00.000,2024,4,25,8,05004KT,12,11
2024-04-25 09:00:00.000,2024,4,25,9,05006KT,12,11
2024-04-25 10:00:00.000,2024,4,25,10,05006KT,12,11
2024-04-25 10:29:00.000,2024,4,25,10,04005KT,12,11
2024-04-25 11:00:00.000,2024,4,25,11,03005KT,13,11
2024-04-25 12:00:00.000,2024,4,25,12,04004KT,14,12
2024-04-25 13:00:00.000,2024,4,25,13,05006KT,15,12
2024-04-25 14:00:00.000,2024,4,25,14,06005KT,17,12
2024-04-25 15:00:00.000,2024,4,25,15,10006KT,19,11
2024-04-25 16:00:00.000,2024,4,25,16,05008KT,20,11
2024-04-25 17:00:00.000,2024,4,25,17,13008KT,20,09
2024-04-25 18:00:00.000,2024,4,25,18,09007KT,18,11
2024-04-25 19:00:00.000,2024,4,25,19,12008KT,17,12
2024-04-25 19:32:00.000,2024,4,25,19,14005KT,19,11
2024-04-25 20:00:00.000,2024,4,25,20,12005KT,20,10
2024-04-25 21:00:00.000,2024,4,25,21,14005KT,19,10
2024-04-25 22:00:00.000,2024,4,25,22,26006KT,17,13
2024-04-25 23:00:00.000,2024,4,25,23,27007KT,17,13
2024-04-26 00:00:00.000,2024,4,26,0,30005KT,16,14
2024-04-26 01:00:00.000,2024,4,26,1,19006KT,15,12
2024-04-26 02:00:00.000,2024,4,26,2,VRB02KT,15,13
2024-04-26 03:00:00.000,2024,4,26,3,03007KT,14,12
2024-04-26 04:00:00.000,2024,4,26,4,04005KT,13,12
2024-04-26 05:00:00.000,2024,4,26,5,02003KT,12,11
2024-04-26 06:00:00.000,2024,4,26,6,05005KT,13,12
2024-04-26 07:00:00.000,2024,4,26,7,05006KT,13,12
2024-04-26 08:00:00.000,2024,4,26,8,03005KT,13,12
2024-04-26 09:00:00.000,2024,4,26,9,04004KT,12,11
2024-04-26 10:00:00.000,2024,4,26,10,07005KT,13,12
2024-04-26 10:34:00.000,2024,4,26,10,05005KT,12,11
2024-04-26 11:00:00.000,2024,4,26,11,05005KT,12,11
2024-04-26 12:00:00.000,2024,4,26,12,07003KT,14,12
2024-04-26 13:00:00.000,2024,4,26,13,06003KT,15,12
2024-04-26 14:00:00.000,2024,4,26,14,05006KT,17,12
2024-04-26 15:00:00.000,2024,4,26,15,07008KT,18,12
2024-04-26 16:00:00.000,2024,4,26,16,09005KT,19,11
2024-04-26 17:00:00.000,2024,4,26,17,07009KT,19,11
2024-04-26 18:00:00.000,2024,4,26,18,03009KT,20,11
2024-04-26 19:00:00.000,2024,4,26,19,09008KT,19,11
2024-04-26 20:00:00.000,2024,4,26,20,10005KT,18,12
2024-04-26 21:00:00.000,2024,4,26,21,30007KT,16,15
2024-04-26 21:21:00.000,2024,4,26,21,32006KT,15,15
2024-04-26 22:00:00.000,2024,4,26,22,21007KT,15,15
2024-04-26 23:00:00.000,2024,4,26,23,24005KT,15,15
2024-04-26 23:30:00.000,2024,4,26,23,28003KT,14,14
2024-04-27 00:00:00.000,2024,4,27,0,VRB02KT,15,14
2024-04-27 01:00:00.000,2024,4,27,1,VRB02KT,14,14
2024-04-27 02:00:00.000,2024,4,27,2,VRB02KT,14,14
2024-04-27 03:00:00.000,2024,4,27,3,31003KT,14,14
2024-04-27 04:00:00.000,2024,4,27,4,VRB02KT,14,14
2024-04-27 05:00:00.000,2024,4,27,5,VRB02KT,14,14
2024-04-27 06:00:00.000,2024,4,27,6,30004KT,14,14
2024-04-27 07:00:00.000,2024,4,27,7,03003KT,13,13
2024-04-27 08:00:00.000,2024,4,27,8,VRB02KT,13,13
2024-04-27 09:00:00.000,2024,4,27,9,04006KT,13,13
2024-04-27 10:00:00.000,2024,4,27,10,00000KT,13,13
2024-04-27 10:33:00.000,2024,4,27,10,VRB02KT,13,13
2024-04-27 11:00:00.000,2024,4,27,11,VRB02KT,13,12
2024-04-27 12:00:00.000,2024,4,27,12,VRB02KT,14,12
2024-04-27 13:00:00.000,2024,4,27,13,07004KT,15,12
2024-04-27 14:00:00.000,2024,4,27,14,06004KT,17,12
2024-04-27 15:00:00.000,2024,4,27,15,03003KT,18,13
2024-04-27 16:00:00.000,2024,4,27,16,15007KT,19,12
2024-04-27 17:00:00.000,2024,4,27,17,03006KT,21,12
2024-04-27 17:32:00.000,2024,4,27,17,22010KT,18,13
2024-04-27 18:00:00.000,2024,4,27,18,23016KT,15,15
2024-04-27 19:00:00.000,2024,4,27,19,25010KT,16,14
2024-04-27 20:00:00.000,2024,4,27,20,25008KT,19,16
2024-04-27 21:00:00.000,2024,4,27,21,VRB03KT,18,13
2024-04-27 21:18:00.000,2024,4,27,21,05005KT,16,15
2024-04-27 22:00:00.000,2024,4,27,22,04008KT,15,15
2024-04-27 23:00:00.000,2024,4,27,23,06004KT,15,14
2024-04-28 00:00:00.000,2024,4,28,0,00000KT,14,13
2024-04-28 01:00:00.000,2024,4,28,1,VRB02KT,13,13
2024-04-28 02:00:00.000,2024,4,28,2,00000KT,13,13
2024-04-28 03:00:00.000,2024,4,28,3,VRB02KT,14,14
2024-04-28 04:00:00.000,2024,4,28,4,34004KT,13,13
2024-04-28 05:00:00.000,2024,4,28,5,VRB02KT,13,13
2024-04-28 06:00:00.000,2024,4,28,6,VRB02KT,13,13
2024-04-28 07:00:00.000,2024,4,28,7,VRB02KT,13,13
2024-04-28 08:00:00.000,2024,4,28,8,15004KT,13,13
2024-04-28 09:00:00.000,2024,4,28,9,14004KT,13,12
2024-04-28 10:00:00.000,2024,4,28,10,VRB02KT,13,13
2024-04-28 10:30:00.000,2024,4,28,10,02003KT,12,12
2024-04-28 11:00:00.000,2024,4,28,11,04003KT,12,12
2024-04-28 12:00:00.000,2024,4,28,12,00000KT,13,13
2024-04-28 13:00:00.000,2024,4,28,13,VRB02KT,15,13
2024-04-28 14:00:00.000,2024,4,28,14,VRB02KT,17,14
2024-04-28 15:00:00.000,2024,4,28,15,28004KT,18,13
2024-04-28 16:00:00.000,2024,4,28,16,VRB03KT,19,13
2024-04-28 17:00:00.000,2024,4,28,17,25015KT,17,14
2024-04-28 18:00:00.000,2024,4,28,18,29010KT,15,13
2024-04-28 18:10:00.000,2024,4,28,18,28008KT,16,13
2024-04-28 19:00:00.000,2024,4,28,19,30004KT,16,13
2024-04-28 20:00:00.000,2024,4,28,20,VRB03KT,16,13
2024-04-28 21:00:00.000,2024,4,28,21,28005KT,17,13
2024-04-28 22:00:00.000,2024,4,28,22,29006KT,17,12
2024-04-28 23:00:00.000,2024,4,28,23,29004KT,17,12
2024-04-29 00:00:00.000,2024,4,29,0,33005KT,14,12
2024-04-29 01:00:00.000,2024,4,29,1,30005KT,14,13
2024-04-29 02:00:00.000,2024,4,29,2,26005KT,14,12
2024-04-29 03:00:00.000,2024,4,29,3,25004KT,14,12
2024-04-29 04:00:00.000,2024,4,29,4,30003KT,14,12
2024-04-29 05:00:00.000,2024,4,29,5,34003KT,12,12
2024-04-29 06:00:00.000,2024,4,29,6,VRB02KT,13,12
2024-04-29 07:00:00.000,2024,4,29,7,VRB02KT,13,12
2024-04-29 08:00:00.000,2024,4,29,8,03005KT,13,12
2024-04-29 09:00:00.000,2024,4,29,9,04005KT,13,12
2024-04-29 10:00:00.000,2024,4,29,10,05004KT,13,12
2024-04-29 10:30:00.000,2024,4,29,10,04005KT,13,12
2024-04-29 11:00:00.000,2024,4,29,11,06006KT,13,12
2024-04-29 12:00:00.000,2024,4,29,12,04007KT,13,12
2024-04-29 13:00:00.000,2024,4,29,13,05006KT,14,13
2024-04-29 14:00:00.000,2024,4,29,14,06006KT,15,13
2024-04-29 15:00:00.000,2024,4,29,15,04004KT,17,13
2024-04-29 16:00:00.000,2024,4,29,16,04005KT,18,13
2024-04-29 17:00:00.000,2024,4,29,17,04007KT,19,13
2024-04-29 18:00:00.000,2024,4,29,18,02006KT,20,13
2024-04-29 18:18:00.000,2024,4,29,18,23009KT,18,14
2024-04-29 19:00:00.000,2024,4,29,19,19010KT,16,12
2024-04-29 20:00:00.000,2024,4,29,20,20005KT,17,14
2024-04-29 21:00:00.000,2024,4,29,21,25004KT,17,14
2024-04-29 22:00:00.000,2024,4,29,22,23005KT,17,14
2024-04-29 23:00:00.000,2024,4,29,23,25004KT,16,14
2024-04-30 00:00:00.000,2024,4,30,0,VRB02KT,14,13
2024-04-30 01:00:00.000,2024,4,30,1,25003KT,15,13
2024-04-30 02:00:00.000,2024,4,30,2,VRB02KT,13,12
2024-04-30 03:00:00.000,2024,4,30,3,VRB02KT,11,11
2024-04-30 04:00:00.000,2024,4,30,4,29005KT,13,13
2024-04-30 05:00:00.000,2024,4,30,5,VRB02KT,14,14
2024-04-30 06:00:00.000,2024,4,30,6,36003KT,12,12
2024-04-30 07:00:00.000,2024,4,30,7,VRB02KT,12,12
2024-04-30 08:00:00.000,2024,4,30,8,VRB02KT,12,12
2024-04-30 09:00:00.000,2024,4,30,9,VRB02KT,12,12
2024-04-30 10:00:00.000,2024,4,30,10,08003KT,13,13
2024-04-30 10:28:00.000,2024,4,30,10,VRB02KT,12,12
2024-04-30 11:00:00.000,2024,4,30,11,VRB02KT,12,12
2024-04-30 12:00:00.000,2024,4,30,12,36003KT,11,11
2024-04-30 13:00:00.000,2024,4,30,13,04006KT,14,13
2024-04-30 14:00:00.000,2024,4,30,14,04004KT,17,13
2024-04-30 14:30:00.000,2024,4,30,14,08004KT,19,13
2024-04-30 15:00:00.000,2024,4,30,15,07005KT,20,13
2024-04-30 16:00:00.000,2024,4,30,16,07003KT,20,12
2024-04-30 17:00:00.000,2024,4,30,17,25010KT,18,14
2024-04-30 17:32:00.000,2024,4,30,17,30010KT,20,15
2024-04-30 18:00:00.000,2024,4,30,18,31012KT,20,15
2024-04-30 19:00:00.000,2024,4,30,19,33012KT,15,14
2024-04-30 20:00:00.000,2024,4,30,20,VRB02KT,15,13
2024-04-30 21:00:00.000,2024,4,30,21,VRB02KT,18,15
2024-04-30 22:00:00.000,2024,4,30,22,30008KT,18,15
2024-04-30 23:00:00.000,2024,4,30,23,28008KT,16,13
2024-05-01 00:00:00.000,2024,5,1,0,28003KT,16,13
2024-05-01 01:00:00.000,2024,5,1,1,29003KT,16,12
2024-05-01 02:00:00.000,2024,5,1,2,02003KT,13,13
2024-05-01 03:00:00.000,2024,5,1,3,02003KT,15,12
2024-05-01 04:00:00.000,2024,5,1,4,VRB02KT,14,13
2024-05-01 05:00:00.000,2024,5,1,5,05002KT,13,12
2024-05-01 06:00:00.000,2024,5,1,6,34003KT,13,12
2024-05-01 07:00:00.000,2024,5,1,7,VRB02KT,12,12
2024-05-01 08:00:00.000,2024,5,1,8,VRB02KT,13,12
2024-05-01 09:00:00.000,2024,5,1,9,00000KT,12,12
2024-05-01 10:00:00.000,2024,5,1,10,09003KT,13,13
2024-05-01 10:31:00.000,2024,5,1,10,07003KT,13,12
2024-05-01 11:00:00.000,2024,5,1,11,08004KT,13,13
2024-05-01 12:00:00.000,2024,5,1,12,04003KT,14,13
2024-05-01 13:00:00.000,2024,5,1,13,05004KT,17,14
2024-05-01 13:30:00.000,2024,5,1,13,08004KT,19,13
2024-05-01 14:00:00.000,2024,5,1,14,09004KT,19,12
2024-05-01 15:00:00.000,2024,5,1,15,14006KT,19,12
2024-05-01 16:00:00.000,2024,5,1,16,19005KT,20,12
2024-05-01 17:00:00.000,2024,5,1,17,16008KT,21,10
2024-05-01 18:00:00.000,2024,5,1,18,16013KT,21,10
2024-05-01 19:00:00.000,2024,5,1,19,15010KT,21,11
2024-05-01 20:00:00.000,2024,5,1,20,13010KT,21,10
2024-05-01 21:00:00.000,2024,5,1,21,08005KT,21,10
2024-05-01 22:00:00.000,2024,5,1,22,25008KT,20,13
2024-05-01 23:00:00.000,2024,5,1,23,VRB02KT,18,14
2024-05-02 00:00:00.000,2024,5,2,0,32006KT,15,14
2024-05-02 01:00:00.000,2024,5,2,1,35004KT,15,13
2024-05-02 02:00:00.000,2024,5,2,2,03006KT,15,13
2024-05-02 03:00:00.000,2024,5,2,3,04006KT,14,12
2024-05-02 04:00:00.000,2024,5,2,4,04006KT,13,12
2024-05-02 05:00:00.000,2024,5,2,5,04007KT,13,12
2024-05-02 06:00:00.000,2024,5,2,6,04004KT,12,11
2024-05-02 07:00:00.000,2024,5,2,7,VRB02KT,11,11
2024-05-02 08:00:00.000,2024,5,2,8,29003KT,11,10
2024-05-02 09:00:00.000,2024,5,2,9,25003KT,11,09
2024-05-02 10:00:00.000,2024,5,2,10,04003KT,09,09
2024-05-02 10:31:00.000,2024,5,2,10,04005KT,09,09
2024-05-02 11:00:00.000,2024,5,2,11,04004KT,09,09
2024-05-02 12:00:00.000,2024,5,2,12,03003KT,12,11
2024-05-02 13:00:00.000,2024,5,2,13,05004KT,14,12
2024-05-02 13:26:00.000,2024,5,2,13,VRB02KT,16,12
2024-05-02 14:00:00.000,2024,5,2,14,VRB03KT,17,11
2024-05-02 15:00:00.000,2024,5,2,15,04007KT,18,12
2024-05-02 16:00:00.000,2024,5,2,16,07006KT,18,13
2024-05-02 17:00:00.000,2024,5,2,17,05008KT,18,13
2024-05-02 18:00:00.000,2024,5,2,18,04006KT,18,13
2024-05-02 19:00:00.000,2024,5,2,19,34005KT,20,12
2024-05-02 20:00:00.000,2024,5,2,20,03007KT,22,12
2024-05-02 21:00:00.000,2024,5,2,21,31007KT,21,11
2024-05-02 21:07:00.000,2024,5,2,21,23015KT,19,14
2024-05-02 22:00:00.000,2024,5,2,22,29013KT,19,14
2024-05-02 23:00:00.000,2024,5,2,23,29011KT,16,14
2024-05-03 00:00:00.000,2024,5,3,0,27006KT,16,15
2024-05-03 01:00:00.000,2024,5,3,1,23007KT,16,15
2024-05-03 02:00:00.000,2024,5,3,2,VRB02KT,15,15
2024-05-03 03:00:00.000,2024,5,3,3,30005KT,15,15
2024-05-03 04:00:00.000,2024,5,3,4,VRB03KT,16,15
2024-05-03 05:00:00.000,2024,5,3,5,03003KT,14,14
2024-05-03 06:00:00.000,2024,5,3,6,32003KT,15,15
2024-05-03 07:00:00.000,2024,5,3,7,VRB02KT,14,14
2024-05-03 08:00:00.000,2024,5,3,8,VRB02KT,14,14
2024-05-03 09:00:00.000,2024,5,3,9,VRB02KT,13,13
2024-05-03 10:00:00.000,2024,5,3,10,36004KT,13,13
2024-05-03 10:29:00.000,2024,5,3,10,03003KT,12,12
2024-05-03 11:00:00.000,2024,5,3,11,02003KT,12,12
2024-05-03 12:00:00.000,2024,5,3,12,03004KT,14,13
2024-05-03 13:00:00.000,2024,5,3,13,03005KT,16,14
2024-05-03 14:00:00.000,2024,5,3,14,VRB02KT,19,13
2024-05-03 15:00:00.000,2024,5,3,15,01003KT,19,13
2024-05-03 16:00:00.000,2024,5,3,16,24004KT,20,11
2024-05-03 17:00:00.000,2024,5,3,17,24009KT,18,15
2024-05-03 17:16:00.000,2024,5,3,17,23003KT,16,14
2024-05-03 18:00:00.000,2024,5,3,18,25007KT,17,15
2024-05-03 19:00:00.000,2024,5,3,19,29005KT,20,14
2024-05-03 20:00:00.000,2024,5,3,20,31009KT,19,15
2024-05-03 20:16:00.000,2024,5,3,20,34006KT,18,15
2024-05-03 21:00:00.000,2024,5,3,21,05005KT,16,16
2024-05-03 21:35:00.000,2024,5,3,21,24007KT,16,14
2024-05-03 22:00:00.000,2024,5,3,22,25008KT,16,14
2024-05-03 23:00:00.000,2024,5,3,23,29003KT,16,15
2024-05-04 00:00:00.000,2024,5,4,0,26006KT,16,15
2024-05-04 01:00:00.000,2024,5,4,1,VRB02KT,14,13
2024-05-04 02:00:00.000,2024,5,4,2,VRB02KT,14,13
2024-05-04 03:00:00.000,2024,5,4,3,VRB02KT,13,13
2024-05-04 04:00:00.000,2024,5,4,4,00000KT,13,13
2024-05-04 05:00:00.000,2024,5,4,5,VRB02KT,13,13
2024-05-04 06:00:00.000,2024,5,4,6,VRB02KT,14,14
2024-05-04 07:00:00.000,2024,5,4,7,VRB01KT,14,14
2024-05-04 08:00:00.000,2024,5,4,8,VRB02KT,13,13
2024-05-04 09:00:00.000,2024,5,4,9,05004KT,12,12
2024-05-04 10:00:00.000,2024,5,4,10,VRB02KT,13,12
2024-05-04 11:00:00.000,2024,5,4,11,03005KT,11,11
2024-05-04 12:00:00.000,2024,5,4,12,03005KT,14,12
2024-05-04 13:00:00.000,2024,5,4,13,02003KT,16,13
2024-05-04 14:00:00.000,2024,5,4,14,03003KT,17,13
2024-05-04 15:00:00.000,2024,5,4,15,VRB03KT,18,13
2024-05-04 16:00:00.000,2024,5,4,16,VRB03KT,18,13
2024-05-04 17:00:00.000,2024,5,4,17,32004KT,18,13
2024-05-04 18:00:00.000,2024,5,4,18,34006KT,20,14
2024-05-04 19:00:00.000,2024,5,4,19,30009KT,18,15
2024-05-04 20:00:00.000,2024,5,4,20,25008KT,17,15
2024-05-04 21:00:00.000,2024,5,4,21,28007KT,17,15
2024-05-04 22:00:00.000,2024,5,4,22,23006KT,16,15
2024-05-04 23:00:00.000,2024,5,4,23,22006KT,15,15
2024-05-05 00:00:00.000,2024,5,5,0,VRB03KT,15,14
2024-05-05 01:00:00.000,2024,5,5,1,00000KT,14,14
2024-05-05 02:00:00.000,2024,5,5,2,22003KT,15,14
2024-05-05 03:00:00.000,2024,5,5,3,VRB02KT,15,14
2024-05-05 03:26:00.000,2024,5,5,3,VRB02KT,14,14
2024-05-05 04:00:00.000,2024,5,5,4,00000KT,14,14
2024-05-05 05:00:00.000,2024,5,5,5,VRB02KT,14,14
2024-05-05 06:00:00.000,2024,5,5,6,VRB02KT,14,14
2024-05-05 07:00:00.000,2024,5,5,7,07004KT,13,13
2024-05-05 08:00:00.000,2024,5,5,8,05004KT,13,13
2024-05-05 09:00:00.000,2024,5,5,9,05005KT,12,12
2024-05-05 10:00:00.000,2024,5,5,10,06006KT,12,12
2024-05-05 10:34:00.000,2024,5,5,10,05003KT,12,12
2024-05-05 11:00:00.000,2024,5,5,11,06003KT,12,12
2024-05-05 12:00:00.000,2024,5,5,12,VRB02KT,13,13
2024-05-05 13:00:00.000,2024,5,5,13,03004KT,14,13
2024-05-05 14:00:00.000,2024,5,5,14,VRB02KT,16,12
2024-05-05 14:05:00.000,2024,5,5,14,06005KT,15,13
2024-05-05 15:00:00.000,2024,5,5,15,04006KT,15,14
2024-05-05 16:00:00.000,2024,5,5,16,04005KT,15,14
2024-05-05 17:00:00.000,2024,5,5,17,35003KT,17,14
2024-05-05 18:00:00.000,2024,5,5,18,34004KT,17,14
2024-05-05 19:00:00.000,2024,5,5,19,VRB02KT,18,15
2024-05-05 20:00:00.000,2024,5,5,20,VRB04KT,20,15
2024-05-05 21:00:00.000,2024,5,5,21,VRB07KT,18,15
2024-05-05 22:00:00.000,2024,5,5,22,VRB03KT,16,14
2024-05-05 23:00:00.000,2024,5,5,23,VRB02KT,15,15
2024-05-06 00:00:00.000,2024,5,6,0,28005KT,16,13
2024-05-06 01:00:00.000,2024,5,6,1,33003KT,15,14
2024-05-06 02:00:00.000,2024,5,6,2,35003KT,14,14
2024-05-06 03:00:00.000,2024,5,6,3,VRB02KT,14,13
2024-05-06 04:00:00.000,2024,5,6,4,04005KT,14,13
2024-05-06 05:00:00.000,2024,5,6,5,08004KT,14,13
2024-05-06 06:00:00.000,2024,5,6,6,03004KT,13,13
2024-05-06 07:00:00.000,2024,5,6,7,04005KT,14,12
2024-05-06 08:00:00.000,2024,5,6,8,05007KT,13,12
2024-05-06 09:00:00.000,2024,5,6,9,VRB02KT,13,12
2024-05-06 10:00:00.000,2024,5,6,10,08005KT,13,12
2024-05-06 10:30:00.000,2024,5,6,10,VRB02KT,13,12
2024-05-06 11:00:00.000,2024,5,6,11,VRB02KT,13,12
2024-05-06 12:00:00.000,2024,5,6,12,05004KT,13,12
2024-05-06 13:00:00.000,2024,5,6,13,05004KT,15,13
2024-05-06 14:00:00.000,2024,5,6,14,04005KT,17,13
2024-05-06 15:00:00.000,2024,5,6,15,05005KT,18,13
2024-05-06 16:00:00.000,2024,5,6,16,07003KT,19,11
2024-05-06 17:00:00.000,2024,5,6,17,VRB03KT,21,12
2024-05-06 18:00:00.000,2024,5,6,18,17010KT,21,11
2024-05-06 19:00:00.000,2024,5,6,19,14012KT,22,11
2024-05-06 20:00:00.000,2024,5,6,20,13008KT,22,10
2024-05-06 21:00:00.000,2024,5,6,21,15009KT,21,10
2024-05-06 22:00:00.000,2024,5,6,22,18010KT,21,10
2024-05-06 23:00:00.000,2024,5,6,23,17012KT,20,09
2024-05-07 00:00:00.000,2024,5,7,0,17008KT,18,10
2024-05-07 01:00:00.000,2024,5,7,1,33005KT,15,12
2024-05-07 02:00:00.000,2024,5,7,2,32004KT,15,12
2024-05-07 03:00:00.000,2024,5,7,3,VRB02KT,15,13
2024-05-07 04:00:00.000,2024,5,7,4,04006KT,15,13
2024-05-07 05:00:00.000,2024,5,7,5,07004KT,16,13
2024-05-07 06:00:00.000,2024,5,7,6,04005KT,15,13
2024-05-07 07:00:00.000,2024,5,7,7,04006KT,14,13
2024-05-07 08:00:00.000,2024,5,7,8,03007KT,12,12
2024-05-07 09:00:00.000,2024,5,7,9,VRB02KT,13,12
2024-05-07 10:00:00.000,2024,5,7,10,VRB02KT,12,12
2024-05-07 10:29:00.000,2024,5,7,10,35004KT,11,11
2024-05-07 11:00:00.000,2024,5,7,11,01003KT,11,11
2024-05-07 11:36:00.000,2024,5,7,11,02003KT,14,13
2024-05-07 12:00:00.000,2024,5,7,12,05005KT,15,13
2024-05-07 13:00:00.000,2024,5,7,13,05004KT,17,12
2024-05-07 14:00:00.000,2024,5,7,14,08006KT,20,13
2024-05-07 15:00:00.000,2024,5,7,15,06007KT,21,12
2024-05-07 16:00:00.000,2024,5,7,16,09009KT,23,10
2024-05-07 17:00:00.000,2024,5,7,17,14010KT,24,11
2024-05-07 17:27:00.000,2024,5,7,17,VRB06KT,24,11
2024-05-07 18:00:00.000,2024,5,7,18,04008KT,23,12
2024-05-07 19:00:00.000,2024,5,7,19,28009KT,21,14
2024-05-07 19:20:00.000,2024,5,7,19,29011KT,20,14
2024-05-07 19:30:00.000,2024,5,7,19,23012KT,18,15
2024-05-07 19:35:00.000,2024,5,7,19,18022G35KT,15,15
2024-05-07 20:00:00.000,2024,5,7,20,30013G25KT,13,13
2024-05-07 20:11:00.000,2024,5,7,20,28007KT,16,15
2024-05-07 21:00:00.000,2024,5,7,21,28009KT,17,16
2024-05-07 22:00:00.000,2024,5,7,22,34004KT,16,15
2024-05-07 23:00:00.000,2024,5,7,23,34003KT,15,15
2024-05-08 00:00:00.000,2024,5,8,0,VRB02KT,15,14
2024-05-08 01:00:00.000,2024,5,8,1,VRB02KT,14,14
2024-05-08 02:00:00.000,2024,5,8,2,VRB02KT,15,14
2024-05-08 03:00:00.000,2024,5,8,3,05004KT,14,13
2024-05-08 04:00:00.000,2024,5,8,4,05005KT,13,13
2024-05-08 05:00:00.000,2024,5,8,5,06004KT,14,12
2024-05-08 06:00:00.000,2024,5,8,6,03005KT,12,12
2024-05-08 07:00:00.000,2024,5,8,7,VRB02KT,11,11
2024-05-08 08:00:00.000,2024,5,8,8,04005KT,12,11
2024-05-08 09:00:00.000,2024,5,8,9,VRB02KT,11,11
2024-05-08 10:00:00.000,2024,5,8,10,03004KT,12,11
2024-05-08 10:30:00.000,2024,5,8,10,VRB02KT,12,12
2024-05-08 11:00:00.000,2024,5,8,11,VRB02KT,13,12
2024-05-08 12:00:00.000,2024,5,8,12,VRB02KT,13,12
2024-05-08 13:00:00.000,2024,5,8,13,04004KT,15,13
2024-05-08 14:00:00.000,2024,5,8,14,05004KT,17,12
2024-05-08 14:23:00.000,2024,5,8,14,10005KT,19,13
2024-05-08 15:00:00.000,2024,5,8,15,13005KT,20,12
2024-05-08 16:00:00.000,2024,5,8,16,12008KT,20,11
2024-05-08 17:00:00.000,2024,5,8,17,11009KT,21,10
2024-05-08 18:00:00.000,2024,5,8,18,11006KT,21,11
2024-05-08 19:00:00.000,2024,5,8,19,26009KT,19,14
2024-05-08 20:00:00.000,2024,5,8,20,24008KT,18,15
2024-05-08 21:00:00.000,2024,5,8,21,28008KT,18,15
2024-05-08 22:00:00.000,2024,5,8,22,26007KT,17,14
2024-05-08 23:00:00.000,2024,5,8,23,25007KT,16,15
2024-05-09 00:00:00.000,2024,5,9,0,27004KT,16,15
2024-05-09 01:00:00.000,2024,5,9,1,01003KT,15,14
2024-05-09 02:00:00.000,2024,5,9,2,35002KT,15,14
2024-05-09 02:32:00.000,2024,5,9,2,VRB02KT,14,14
2024-05-09 03:00:00.000,2024,5,9,3,VRB02KT,14,14
2024-05-09 04:00:00.000,2024,5,9,4,VRB02KT,14,14
2024-05-09 05:00:00.000,2024,5,9,5,33003KT,15,14
2024-05-09 06:00:00.000,2024,5,9,6,31005KT,14,14
2024-05-09 07:00:00.000,2024,5,9,7,33003KT,14,14
2024-05-09 08:00:00.000,2024,5,9,8,VRB02KT,14,14
2024-05-09 09:00:00.000,2024,5,9,9,VRB02KT,14,14
2024-05-09 10:00:00.000,2024,5,9,10,VRB02KT,14,14
2024-05-09 10:30:00.000,2024,5,9,10,34003KT,14,14
2024-05-09 11:00:00.000,2024,5,9,11,34003KT,14,13
2024-05-09 12:00:00.000,2024,5,9,12,02003KT,14,14
2024-05-09 13:00:00.000,2024,5,9,13,04005KT,15,14
2024-05-09 13:35:00.000,2024,5,9,13,05005KT,15,14
2024-05-09 14:00:00.000,2024,5,9,14,04005KT,15,14
2024-05-09 15:00:00.000,2024,5,9,15,05005KT,14,14
2024-05-09 16:00:00.000,2024,5,9,16,36003KT,15,15
2024-05-09 17:00:00.000,2024,5,9,17,22004KT,17,14
2024-05-09 18:00:00.000,2024,5,9,18,23004KT,19,14
2024-05-09 19:00:00.000,2024,5,9,19,07008KT,17,15
2024-05-09 20:00:00.000,2024,5,9,20,04007KT,18,15
2024-05-09 21:00:00.000,2024,5,9,21,04009KT,18,15
2024-05-09 22:00:00.000,2024,5,9,22,31006KT,16,14
2024-05-09 22:08:00.000,2024,5,9,22,02003KT,15,15
2024-05-09 22:24:00.000,2024,5,9,22,24010KT,15,15
2024-05-09 23:00:00.000,2024,5,9,23,VRB02KT,14,14
2024-05-10 00:00:00.000,2024,5,10,0,33005KT,14,14
2024-05-10 01:00:00.000,2024,5,10,1,30004KT,14,14
2024-05-10 02:00:00.000,2024,5,10,2,35005KT,13,13
2024-05-10 03:00:00.000,2024,5,10,3,34003KT,14,14
2024-05-10 04:00:00.000,2024,5,10,4,31005KT,14,14
2024-05-10 05:00:00.000,2024,5,10,5,30004KT,13,13
2024-05-10 06:00:00.000,2024,5,10,6,29004G14KT,13,13
2024-05-10 07:00:00.000,2024,5,10,7,32003KT,13,13
2024-05-10 08:00:00.000,2024,5,10,8,VRB02KT,13,13
2024-05-10 09:00:00.000,2024,5,10,9,VRB02KT,13,13
2024-05-10 10:00:00.000,2024,5,10,10,VRB02KT,13,13
2024-05-10 10:30:00.000,2024,5,10,10,VRB02KT,13,13
2024-05-10 11:00:00.000,2024,5,10,11,VRB02KT,13,13
2024-05-10 11:20:00.000,2024,5,10,11,VRB02KT,13,13
2024-05-10 12:00:00.000,2024,5,10,12,VRB02KT,13,13
2024-05-10 13:00:00.000,2024,5,10,13,VRB02KT,15,14
2024-05-10 14:00:00.000,2024,5,10,14,VRB02KT,16,14
2024-05-10 15:00:00.000,2024,5,10,15,19004KT,17,14
2024-05-10 15:30:00.000,2024,5,10,15,23005KT,18,14
2024-05-10 16:00:00.000,2024,5,10,16,VRB002KT,18,14
2024-05-10 17:00:00.000,2024,5,10,17,10004KT,18,13
2024-05-10 18:00:00.000,2024,5,10,18,25010KT,20,14
2024-05-10 19:00:00.000,2024,5,10,19,25011KT,19,14
2024-05-10 19:25:00.000,2024,5,10,19,24012KT,17,15
2024-05-10 20:00:00.000,2024,5,10,20,24014KT,16,15
2024-05-10 21:00:00.000,2024,5,10,21,29006KT,16,15
2024-05-10 22:00:00.000,2024,5,10,22,20012KT,17,12
2024-05-10 23:00:00.000,2024,5,10,23,15010KT,17,12
2024-05-11 00:00:00.000,2024,5,11,0,12006KT,16,12
2024-05-11 01:00:00.000,2024,5,11,1,32003KT,16,12
2024-05-11 02:00:00.000,2024,5,11,2,12005KT,15,12
2024-05-11 03:00:00.000,2024,5,11,3,04004KT,14,13
2024-05-11 04:00:00.000,2024,5,11,4,04004KT,14,13
2024-05-11 05:00:00.000,2024,5,11,5,07003KT,14,13
2024-05-11 06:00:00.000,2024,5,11,6,34003KT,13,13
2024-05-11 07:00:00.000,2024,5,11,7,VRB02KT,14,13
2024-05-11 08:00:00.000,2024,5,11,8,VRB02KT,13,13
2024-05-11 09:00:00.000,2024,5,11,9,VRB02KT,13,13
2024-05-11 10:00:00.000,2024,5,11,10,VRB02KT,13,13
2024-05-11 10:31:00.000,2024,5,11,10,01001KT,13,13
2024-05-11 11:00:00.000,2024,5,11,11,VRB02KT,13,13
2024-05-11 12:00:00.000,2024,5,11,12,VRB02KT,14,13
2024-05-11 13:00:00.000,2024,5,11,13,VRB02KT,16,13
2024-05-11 14:00:00.000,2024,5,11,14,VRB02KT,18,13
2024-05-11 15:00:00.000,2024,5,11,15,17004KT,19,12
2024-05-11 16:00:00.000,2024,5,11,16,01006KT,20,12
2024-05-11 17:00:00.000,2024,5,11,17,31008KT,19,13
2024-05-11 18:00:00.000,2024,5,11,18,VRB02KT,16,16
2024-05-11 19:00:00.000,2024,5,11,19,28005KT,17,14
2024-05-11 20:00:00.000,2024,5,11,20,VRB06KT,18,15
2024-05-11 21:00:00.000,2024,5,11,21,30006KT,20,15
2024-05-11 21:22:00.000,2024,5,11,21,35006KT,17,15
2024-05-11 22:00:00.000,2024,5,11,22,28005KT,16,15
2024-05-11 23:00:00.000,2024,5,11,23,28004KT,16,14
2024-05-12 00:00:00.000,2024,5,12,0,VRB02KT,14,13
2024-05-12 01:00:00.000,2024,5,12,1,VRB02KT,13,13
2024-05-12 02:00:00.000,2024,5,12,2,VRB02KT,15,12
2024-05-12 03:00:00.000,2024,5,12,3,VRB02KT,14,13
2024-05-12 04:00:00.000,2024,5,12,4,VRB02KT,13,13
2024-05-12 05:00:00.000,2024,5,12,5,03004KT,13,13
2024-05-12 06:00:00.000,2024,5,12,6,01003KT,14,13
2024-05-12 07:00:00.000,2024,5,12,7,02003KT,13,12
2024-05-12 08:00:00.000,2024,5,12,8,VRB02KT,13,12
2024-05-12 09:00:00.000,2024,5,12,9,VRB02KT,12,12
2024-05-12 10:00:00.000,2024,5,12,10,03003KT,11,11
2024-05-12 10:30:00.000,2024,5,12,10,VRB02KT,11,11
2024-05-12 11:00:00.000,2024,5,12,11,VRB02KT,11,11
2024-05-12 12:00:00.000,2024,5,12,12,02003KT,13,13
2024-05-12 13:00:00.000,2024,5,12,13,03006KT,15,13
2024-05-12 14:00:00.000,2024,5,12,14,02003KT,16,14
2024-05-12 15:00:00.000,2024,5,12,15,29006KT,17,13
2024-05-12 16:00:00.000,2024,5,12,16,28005KT,18,13
2024-05-12 17:00:00.000,2024,5,12,17,26008KT,18,13
2024-05-12 18:00:00.000,2024,5,12,18,28007KT,19,13
2024-05-12 19:00:00.000,2024,5,12,19,28012KT,19,14
2024-05-12 19:12:00.000,2024,5,12,19,29010KT,19,13
2024-05-12 20:00:00.000,2024,5,12,20,24008KT,17,15
2024-05-12 21:00:00.000,2024,5,12,21,27010KT,18,14
2024-05-12 22:00:00.000,2024,5,12,22,33009KT,17,14
2024-05-12 22:10:00.000,2024,5,12,22,36008KT,16,14
2024-05-12 23:00:00.000,2024,5,12,23,10005KT,15,15
2024-05-13 00:00:00.000,2024,5,13,0,04003KT,14,14
2024-05-13 01:00:00.000,2024,5,13,1,17008KT,15,14
2024-05-13 02:00:00.000,2024,5,13,2,05004KT,14,14
2024-05-13 03:00:00.000,2024,5,13,3,07003KT,14,14
2024-05-13 04:00:00.000,2024,5,13,4,04004KT,14,14
2024-05-13 05:00:00.000,2024,5,13,5,06005KT,14,14
2024-05-13 06:00:00.000,2024,5,13,6,VRB02KT,14,13
2024-05-13 07:00:00.000,2024,5,13,7,04004KT,13,13
2024-05-13 08:00:00.000,2024,5,13,8,05004KT,13,13
2024-05-13 09:00:00.000,2024,5,13,9,06004KT,13,12
2024-05-13 10:00:00.000,2024,5,13,10,05006KT,12,12
2024-05-13 10:28:00.000,2024,5,13,10,04006KT,12,12
2024-05-13 11:00:00.000,2024,5,13,11,04006KT,12,12
2024-05-13 12:00:00.000,2024,5,13,12,05005KT,14,13
2024-05-13 13:00:00.000,2024,5,13,13,06008KT,16,13
2024-05-13 14:00:00.000,2024,5,13,14,07006KT,17,13
2024-05-13 15:00:00.000,2024,5,13,15,06007KT,19,12
2024-05-13 16:00:00.000,2024,5,13,16,10010KT,20,11
2024-05-13 17:00:00.000,2024,5,13,17,10008KT,21,11
2024-05-13 18:00:00.000,2024,5,13,18,13010KT,22,11
2024-05-13 19:00:00.000,2024,5,13,19,09008KT,23,12
2024-05-13 20:00:00.000,2024,5,13,20,14009KT,23,12
2024-05-13 21:00:00.000,2024,5,13,21,13010KT,22,11
2024-05-13 22:00:00.000,2024,5,13,22,13011KT,20,11
2024-05-13 23:00:00.000,2024,5,13,23,13007KT,19,11
2024-05-14 00:00:00.000,2024,5,14,0,13009KT,17,11
2024-05-14 01:00:00.000,2024,5,14,1,VRB02KT,16,12
2024-05-14 02:00:00.000,2024,5,14,2,07005KT,15,12
2024-05-14 03:00:00.000,2024,5,14,3,06004KT,15,13
2024-05-14 04:00:00.000,2024,5,14,4,04003KT,15,12
2024-05-14 05:00:00.000,2024,5,14,5,03005KT,15,12
2024-05-14 06:00:00.000,2024,5,14,6,VRB02KT,15,13
2024-05-14 07:00:00.000,2024,5,14,7,02003KT,14,13
2024-05-14 08:00:00.000,2024,5,14,8,05005KT,13,13
2024-05-14 09:00:00.000,2024,5,14,9,05005KT,13,13
2024-05-14 10:00:00.000,2024,5,14,10,04006KT,13,13
2024-05-14 10:30:00.000,2024,5,14,10,05005KT,13,12
2024-05-14 11:00:00.000,2024,5,14,11,06006KT,13,12
2024-05-14 12:00:00.000,2024,5,14,12,06004KT,14,12
2024-05-14 13:00:00.000,2024,5,14,13,02007KT,16,13
2024-05-14 14:00:00.000,2024,5,14,14,10008KT,18,13
2024-05-14 15:00:00.000,2024,5,14,15,14008KT,20,13
2024-05-14 16:00:00.000,2024,5,14,16,15008KT,20,11
2024-05-14 17:00:00.000,2024,5,14,17,13011KT,20,12
2024-05-14 18:00:00.000,2024,5,14,18,14008KT,20,11
2024-05-14 19:00:00.000,2024,5,14,19,10007KT,20,11
2024-05-14 20:00:00.000,2024,5,14,20,12007KT,20,10
2024-05-14 21:00:00.000,2024,5,14,21,12006KT,19,10
2024-05-14 22:00:00.000,2024,5,14,22,14003KT,19,11
2024-05-14 23:00:00.000,2024,5,14,23,26005KT,17,14
2024-05-15 00:00:00.000,2024,5,15,0,25004KT,17,14
2024-05-15 01:00:00.000,2024,5,15,1,34004KT,15,14
2024-05-15 02:00:00.000,2024,5,15,2,34005KT,15,14
2024-05-15 03:00:00.000,2024,5,15,3,VRB02KT,15,13
2024-05-15 04:00:00.000,2024,5,15,4,13004KT,15,13
2024-05-15 05:00:00.000,2024,5,15,5,09003KT,14,14
2024-05-15 06:00:00.000,2024,5,15,6,13003KT,13,13
2024-05-15 07:00:00.000,2024,5,15,7,VRB02KT,13,13
2024-05-15 08:00:00.000,2024,5,15,8,04004KT,13,13
2024-05-15 09:00:00.000,2024,5,15,9,04004KT,13,13
2024-05-15 10:00:00.000,2024,5,15,10,04005KT,13,13
2024-05-15 10:30:00.000,2024,5,15,10,03005KT,13,13
2024-05-15 11:00:00.000,2024,5,15,11,04005KT,13,13
2024-05-15 12:00:00.000,2024,5,15,12,02004KT,14,13
2024-05-15 13:00:00.000,2024,5,15,13,02004KT,15,13
2024-05-15 14:00:00.000,2024,5,15,14,05006KT,16,12
2024-05-15 15:00:00.000,2024,5,15,15,04007KT,16,13
2024-05-15 16:00:00.000,2024,5,15,16,14009KT,18,12
2024-05-15 17:00:00.000,2024,5,15,17,12004KT,20,12
2024-05-15 18:00:00.000,2024,5,15,18,VRB04G14KT,19,13
2024-05-15 19:00:00.000,2024,5,15,19,23006KT,19,13
2024-05-15 20:00:00.000,2024,5,15,20,27008KT,21,14
2024-05-15 21:00:00.000,2024,5,15,21,32010KT,17,15
2024-05-15 22:00:00.000,2024,5,15,22,26010KT,18,14
2024-05-15 22:24:00.000,2024,5,15,22,26007KT,17,14
2024-05-15 23:00:00.000,2024,5,15,23,25006KT,15,14
2024-05-15 23:26:00.000,2024,5,15,23,28005KT,15,14
2024-05-16 00:00:00.000,2024,5,16,0,26005KT,15,14
2024-05-16 01:00:00.000,2024,5,16,1,26003KT,15,14
2024-05-16 02:00:00.000,2024,5,16,2,VRB02KT,14,14
2024-05-16 03:00:00.000,2024,5,16,3,33004KT,13,13
2024-05-16 04:00:00.000,2024,5,16,4,33004KT,14,13
2024-05-16 05:00:00.000,2024,5,16,5,36003KT,13,13
2024-05-16 06:00:00.000,2024,5,16,6,VRB02KT,13,13
2024-05-16 07:00:00.000,2024,5,16,7,00000KT,13,13
2024-05-16 08:00:00.000,2024,5,16,8,00000KT,13,13
2024-05-16 09:00:00.000,2024,5,16,9,34003KT,13,13
2024-05-16 10:00:00.000,2024,5,16,10,23003KT,12,12
2024-05-16 10:30:00.000,2024,5,16,10,00000KT,11,11
2024-05-16 11:00:00.000,2024,5,16,11,36003KT,12,12
2024-05-16 12:00:00.000,2024,5,16,12,VRB02KT,13,13
2024-05-16 13:00:00.000,2024,5,16,13,03003KT,15,13
2024-05-16 13:30:00.000,2024,5,16,13,VRB02KT,17,14
2024-05-16 14:00:00.000,2024,5,16,14,19003KT,18,13
2024-05-16 15:00:00.000,2024,5,16,15,02004KT,19,12
2024-05-16 16:00:00.000,2024,5,16,16,15005KT,19,12
2024-05-16 16:05:00.000,2024,5,16,16,17010KT,16,14
2024-05-16 17:00:00.000,2024,5,16,17,18008G18KT,18,14
2024-05-16 18:00:00.000,2024,5,16,18,VRB03KT,17,13
2024-05-16 19:00:00.000,2024,5,16,19,03007KT,15,14
2024-05-16 19:21:00.000,2024,5,16,19,33006KT,17,14
2024-05-16 20:00:00.000,2024,5,16,20,29007KT,16,14
2024-05-16 20:14:00.000,2024,5,16,20,29006KT,16,14
2024-05-16 21:00:00.000,2024,5,16,21,28007KT,16,14
2024-05-16 22:00:00.000,2024,5,16,22,26004KT,15,14
2024-05-16 23:00:00.000,2024,5,16,23,15004KT,15,13
2024-05-17 00:00:00.000,2024,5,17,0,11006KT,16,11
2024-05-17 01:00:00.000,2024,5,17,1,12004KT,16,11
2024-05-17 02:00:00.000,2024,5,17,2,08003KT,15,12
2024-05-17 03:00:00.000,2024,5,17,3,VRB02KT,14,12
2024-05-17 04:00:00.000,2024,5,17,4,06003KT,13,12
2024-05-17 05:00:00.000,2024,5,17,5,06005KT,13,13
2024-05-17 06:00:00.000,2024,5,17,6,07005KT,13,12
2024-05-17 07:00:00.000,2024,5,17,7,VRB02KT,12,12
2024-05-17 08:00:00.000,2024,5,17,8,05004KT,13,12
2024-05-17 09:00:00.000,2024,5,17,9,06004KT,13,12
2024-05-17 10:00:00.000,2024,5,17,10,04002KT,13,12
2024-05-17 10:30:00.000,2024,5,17,10,03004KT,11,11
2024-05-17 11:00:00.000,2024,5,17,11,04005KT,11,11
2024-05-17 12:00:00.000,2024,5,17,12,06004KT,12,11
2024-05-17 13:00:00.000,2024,5,17,13,06004KT,15,12
2024-05-17 14:00:00.000,2024,5,17,14,02004KT,17,12
2024-05-17 15:00:00.000,2024,5,17,15,06006KT,18,11
2024-05-17 16:00:00.000,2024,5,17,16,09008KT,20,11
2024-05-17 17:00:00.000,2024,5,17,17,13012KT,20,10
2024-05-17 18:00:00.000,2024,5,17,18,15013KT,21,11
2024-05-17 19:00:00.000,2024,5,17,19,13009KT,20,11
2024-05-17 20:00:00.000,2024,5,17,20,14009KT,20,10
2024-05-17 21:00:00.000,2024,5,17,21,08007KT,19,11
2024-05-17 22:00:00.000,2024,5,17,22,09004KT,19,11
2024-05-17 23:00:00.000,2024,5,17,23,14006KT,18,11
2024-05-18 00:00:00.000,2024,5,18,0,23004KT,17,13
2024-05-18 01:00:00.000,2024,5,18,1,VRB02KT,15,13
2024-05-18 02:00:00.000,2024,5,18,2,VRB02KT,13,13
2024-05-18 03:00:00.000,2024,5,18,3,VRB02KT,12,11
2024-05-18 04:00:00.000,2024,5,18,4,06005KT,13,12
2024-05-18 05:00:00.000,2024,5,18,5,34003KT,11,11
2024-05-18 06:00:00.000,2024,5,18,6,07003KT,13,12
2024-05-18 07:00:00.000,2024,5,18,7,VRB02KT,11,11
2024-05-18 08:00:00.000,2024,5,18,8,VRB02KT,11,11
2024-05-18 09:00:00.000,2024,5,18,9,VRB02KT,10,10
2024-05-18 10:00:00.000,2024,5,18,10,VRB02KT,09,09
2024-05-18 10:30:00.000,2024,5,18,10,07004KT,09,09
2024-05-18 11:00:00.000,2024,5,18,11,VRB02KT,09,09
2024-05-18 11:19:00.000,2024,5,18,11,06006KT,11,11
2024-05-18 12:00:00.000,2024,5,18,12,VRB02KT,12,12
2024-05-18 13:00:00.000,2024,5,18,13,05003KT,15,12
2024-05-18 14:00:00.000,2024,5,18,14,VRB02KT,18,12
2024-05-18 15:00:00.000,2024,5,18,15,14009KT,18,11
2024-05-18 16:00:00.000,2024,5,18,16,06009KT,18,12
2024-05-18 17:00:00.000,2024,5,18,17,13011KT,18,11
2024-05-18 18:00:00.000,2024,5,18,18,11007KT,20,12
2024-05-18 19:00:00.000,2024,5,18,19,08007KT,19,11
2024-05-18 20:00:00.000,2024,5,18,20,14011KT,18,11
2024-05-18 21:00:00.000,2024,5,18,21,12008KT,17,12
2024-05-18 22:00:00.000,2024,5,18,22,18012KT,17,11
2024-05-18 23:00:00.000,2024,5,18,23,13008KT,16,10
2024-05-19 00:00:00.000,2024,5,19,0,13010KT,15,10
2024-05-19 01:00:00.000,2024,5,19,1,11004KT,14,10
2024-05-19 02:00:00.000,2024,5,19,2,05005KT,14,11
2024-05-19 03:00:00.000,2024,5,19,3,VRB02KT,13,12
2024-05-19 04:00:00.000,2024,5,19,4,VRB02KT,13,12
2024-05-19 05:00:00.000,2024,5,19,5,VRB02KT,13,12
2024-05-19 06:00:00.000,2024,5,19,6,VRB02KT,13,12
2024-05-19 07:00:00.000,2024,5,19,7,07004KT,13,12
2024-05-19 08:00:00.000,2024,5,19,8,06005KT,14,11
2024-05-19 09:00:00.000,2024,5,19,9,06009KT,13,11
2024-05-19 10:00:00.000,2024,5,19,10,06006KT,12,10
2024-05-19 10:30:00.000,2024,5,19,10,05006KT,12,10
2024-05-19 11:00:00.000,2024,5,19,11,06006KT,12,10
2024-05-19 12:00:00.000,2024,5,19,12,06004KT,15,11
2024-05-19 13:00:00.000,2024,5,19,13,08006KT,18,11
2024-05-19 14:00:00.000,2024,5,19,14,07006KT,19,12
2024-05-19 15:00:00.000,2024,5,19,15,07008KT,20,12
2024-05-19 16:00:00.000,2024,5,19,16,12012KT,19,12
2024-05-19 17:00:00.000,2024,5,19,17,10007KT,19,12
2024-05-19 18:00:00.000,2024,5,19,18,13011KT,19,12
2024-05-19 19:00:00.000,2024,5,19,19,14009KT,18,11
2024-05-19 20:00:00.000,2024,5,19,20,14010KT,19,12
2024-05-19 21:00:00.000,2024,5,19,21,09008KT,18,11
2024-05-19 22:00:00.000,2024,5,19,22,14007KT,17,12
2024-05-19 23:00:00.000,2024,5,19,23,17008KT,17,11
2024-05-20 00:00:00.000,2024,5,20,0,13007KT,17,11
2024-05-20 01:00:00.000,2024,5,20,1,11005KT,16,11
2024-05-20 02:00:00.000,2024,5,20,2,10004KT,15,11
2024-05-20 03:00:00.000,2024,5,20,3,10004KT,15,11
2024-05-20 04:00:00.000,2024,5,20,4,34003KT,13,11
2024-05-20 05:00:00.000,2024,5,20,5,VRB02KT,11,11
2024-05-20 06:00:00.000,2024,5,20,6,08003KT,10,10
2024-05-20 07:00:00.000,2024,5,20,7,06003KT,11,11
2024-05-20 08:00:00.000,2024,5,20,8,01003KT,11,10
2024-05-20 09:00:00.000,2024,5,20,9,12004KT,13,12
2024-05-20 10:00:00.000,2024,5,20,10,03003KT,11,11
2024-05-20 11:00:00.000,2024,5,20,11,VRB02KT,11,11
2024-05-20 12:00:00.000,2024,5,20,12,35003KT,14,12
2024-05-20 13:00:00.000,2024,5,20,13,11006KT,17,11
2024-05-20 14:00:00.000,2024,5,20,14,22004KT,18,12
2024-05-20 15:00:00.000,2024,5,20,15,14010KT,19,11
2024-05-20 16:00:00.000,2024,5,20,16,12008KT,20,12
2024-05-20 17:00:00.000,2024,5,20,17,17009KT,20,11
2024-05-20 18:00:00.000,2024,5,20,18,10009KT,19,12
2024-05-20 18:24:00.000,2024,5,20,18,14012KT,19,11
2024-05-20 19:00:00.000,2024,5,20,19,11008G21KT,16,15
2024-05-20 20:00:00.000,2024,5,20,20,15010KT,18,13
2024-05-20 21:00:00.000,2024,5,20,21,17010KT,17,12
2024-05-20 22:00:00.000,2024,5,20,22,12006KT,17,12
2024-05-20 23:00:00.000,2024,5,20,23,13005KT,16,12
2024-05-21 00:00:00.000,2024,5,21,0,13005KT,16,11
2024-05-21 01:00:00.000,2024,5,21,1,12006KT,16,11
2024-05-21 02:00:00.000,2024,5,21,2,VRB02KT,15,11
2024-05-21 03:00:00.000,2024,5,21,3,14006KT,15,11
2024-05-21 04:00:00.000,2024,5,21,4,11005KT,15,12
2024-05-21 05:00:00.000,2024,5,21,5,19003KT,14,11
2024-05-21 06:00:00.000,2024,5,21,6,04005KT,13,12
2024-05-21 07:00:00.000,2024,5,21,7,04005KT,13,12
2024-05-21 08:00:00.000,2024,5,21,8,VRB02KT,14,12
2024-05-21 09:00:00.000,2024,5,21,9,13003KT,14,12
2024-05-21 10:00:00.000,2024,5,21,10,04004KT,13,12
2024-05-21 10:28:00.000,2024,5,21,10,VRB02KT,13,12
2024-05-21 11:00:00.000,2024,5,21,11,VRB02KT,13,12
2024-05-21 12:00:00.000,2024,5,21,12,VRB02KT,15,12
2024-05-21 13:00:00.000,2024,5,21,13,29004KT,15,13
2024-05-21 14:00:00.000,2024,5,21,14,30004KT,17,12
2024-05-21 15:00:00.000,2024,5,21,15,VRB02KT,17,12
2024-05-21 15:23:00.000,2024,5,21,15,17012KT,19,11
2024-05-21 16:00:00.000,2024,5,21,16,16011KT,20,11
2024-05-21 17:00:00.000,2024,5,21,17,14011KT,20,11
2024-05-21 18:00:00.000,2024,5,21,18,18012KT,20,10
2024-05-21 19:00:00.000,2024,5,21,19,18013KT,19,11
2024-05-21 20:00:00.000,2024,5,21,20,17014KT,19,11
2024-05-21 21:00:00.000,2024,5,21,21,17012KT,19,11
2024-05-21 22:00:00.000,2024,5,21,22,14011KT,17,11
2024-05-21 23:00:00.000,2024,5,21,23,13009KT,17,11
2024-05-22 00:00:00.000,2024,5,22,0,16010KT,16,10
2024-05-22 01:00:00.000,2024,5,22,1,14006KT,15,10
2024-05-22 02:00:00.000,2024,5,22,2,12003KT,15,10
2024-05-22 03:00:00.000,2024,5,22,3,20004KT,15,11
2024-05-22 04:00:00.000,2024,5,22,4,15005KT,16,12
2024-05-22 05:00:00.000,2024,5,22,5,07004KT,13,13
2024-05-22 06:00:00.000,2024,5,22,6,VRB02KT,12,12
2024-05-22 07:00:00.000,2024,5,22,7,03003KT,12,11
2024-05-22 08:00:00.000,2024,5,22,8,36004KT,11,10
2024-05-22 09:00:00.000,2024,5,22,9,36002KT,11,11
2024-05-22 10:00:00.000,2024,5,22,10,05002KT,11,11
2024-05-22 10:30:00.000,2024,5,22,10,03003KT,11,11
2024-05-22 11:00:00.000,2024,5,22,11,04002KT,11,11
2024-05-22 11:35:00.000,2024,5,22,11,VRB02KT,14,13
2024-05-22 12:00:00.000,2024,5,22,12,03003KT,15,13
2024-05-22 13:00:00.000,2024,5,22,13,02005KT,16,13
2024-05-22 14:00:00.000,2024,5,22,14,15007KT,17,11
2024-05-22 15:00:00.000,2024,5,22,15,17010KT,19,10
2024-05-22 16:00:00.000,2024,5,22,16,15011KT,20,10
2024-05-22 17:00:00.000,2024,5,22,17,16009KT,21,10
2024-05-22 18:00:00.000,2024,5,22,18,14011KT,21,10
2024-05-22 19:00:00.000,2024,5,22,19,14006KT,20,10
2024-05-22 20:00:00.000,2024,5,22,20,13006KT,21,10
2024-05-22 21:00:00.000,2024,5,22,21,09005KT,21,11
2024-05-22 22:00:00.000,2024,5,22,22,11006KT,20,10
2024-05-22 23:00:00.000,2024,5,22,23,15011KT,18,10
2024-05-23 00:00:00.000,2024,5,23,0,14007KT,16,10
2024-05-23 01:00:00.000,2024,5,23,1,14009KT,15,09
2024-05-23 02:00:00.000,2024,5,23,2,13004KT,15,09
2024-05-23 03:00:00.000,2024,5,23,3,VRB02KT,13,11
2024-05-23 04:00:00.000,2024,5,23,4,04003KT,12,11
2024-05-23 05:00:00.000,2024,5,23,5,01003KT,11,11
2024-05-23 06:00:00.000,2024,5,23,6,06006KT,13,12
2024-05-23 07:00:00.000,2024,5,23,7,VRB02KT,13,12
2024-05-23 08:00:00.000,2024,5,23,8,35003KT,12,12
2024-05-23 09:00:00.000,2024,5,23,9,35003KT,11,11
2024-05-23 10:00:00.000,2024,5,23,10,04003KT,11,11
2024-05-23 10:30:00.000,2024,5,23,10,VRB02KT,10,09
2024-05-23 11:00:00.000,2024,5,23,11,36003KT,09,09
2024-05-23 12:00:00.000,2024,5,23,12,33004KT,12,12
2024-05-23 13:00:00.000,2024,5,23,13,VRB02KT,14,12
2024-05-23 13:27:00.000,2024,5,23,13,03004KT,17,12
2024-05-23 14:00:00.000,2024,5,23,14,03003KT,18,12
2024-05-23 15:00:00.000,2024,5,23,15,20005KT,19,12
2024-05-23 16:00:00.000,2024,5,23,16,15005KT,20,10
2024-05-23 17:00:00.000,2024,5,23,17,17009KT,21,10
2024-05-23 18:00:00.000,2024,5,23,18,14006KT,23,11
2024-05-23 19:00:00.000,2024,5,23,19,32007KT,20,13
2024-05-23 20:00:00.000,2024,5,23,20,27009KT,19,14
2024-05-23 21:00:00.000,2024,5,23,21,30008KT,17,15
2024-05-23 21:33:00.000,2024,5,23,21,29007KT,17,16
2024-05-23 21:40:00.000,2024,5,23,21,24010G28KT,16,16
2024-05-23 22:00:00.000,2024,5,23,22,22006G17KT,14,14
2024-05-23 23:00:00.000,2024,5,23,23,32007KT,15,15
2024-05-24 00:00:00.000,2024,5,24,0,VRB01KT,14,14
2024-05-24 01:00:00.000,2024,5,24,1,VRB02KT,15,14
2024-05-24 01:30:00.000,2024,5,24,1,31004KT,15,14
2024-05-24 02:00:00.000,2024,5,24,2,VRB03KT,13,13
2024-05-24 03:00:00.000,2024,5,24,3,VRB02KT,12,12
2024-05-24 04:00:00.000,2024,5,24,4,34004KT,12,12
2024-05-24 05:00:00.000,2024,5,24,5,VRB02KT,12,12
2024-05-24 06:00:00.000,2024,5,24,6,VRB02KT,11,11
2024-05-24 07:00:00.000,2024,5,24,7,00000KT,12,12
2024-05-24 08:00:00.000,2024,5,24,8,03005KT,12,12
2024-05-24 09:00:00.000,2024,5,24,9,03006KT,12,11
2024-05-24 10:00:00.000,2024,5,24,10,03006KT,12,11
2024-05-24 10:30:00.000,2024,5,24,10,VRB02KT,11,11
2024-05-24 11:00:00.000,2024,5,24,11,VRB02KT,10,10
2024-05-24 12:00:00.000,2024,5,24,12,06004KT,12,12
2024-05-24 12:22:00.000,2024,5,24,12,06004KT,14,12
2024-05-24 13:00:00.000,2024,5,24,13,05004KT,15,12
2024-05-24 13:32:00.000,2024,5,24,13,34003KT,18,13
2024-05-24 14:00:00.000,2024,5,24,14,VRB02KT,19,12
2024-05-24 15:00:00.000,2024,5,24,15,18004KT,19,11
2024-05-24 16:00:00.000,2024,5,24,16,11007KT,20,10
2024-05-24 17:00:00.000,2024,5,24,17,07007KT,20,11
2024-05-24 18:00:00.000,2024,5,24,18,08008KT,21,11
2024-05-24 19:00:00.000,2024,5,24,19,05008KT,22,11
2024-05-24 20:00:00.000,2024,5,24,20,12006KT,22,09
2024-05-24 21:00:00.000,2024,5,24,21,27011KT,20,13
2024-05-24 22:00:00.000,2024,5,24,22,27008KT,18,14
2024-05-24 23:00:00.000,2024,5,24,23,28007KT,17,14
2024-05-25 00:00:00.000,2024,5,25,0,24005KT,16,15
2024-05-25 01:00:00.000,2024,5,25,1,23004KT,16,14
2024-05-25 02:00:00.000,2024,5,25,2,28004KT,14,14
2024-05-25 03:00:00.000,2024,5,25,3,VRB02KT,12,12
2024-05-25 04:00:00.000,2024,5,25,4,VRB02KT,13,13
2024-05-25 05:00:00.000,2024,5,25,5,02003KT,13,13
2024-05-25 06:00:00.000,2024,5,25,6,33003KT,13,13
2024-05-25 07:00:00.000,2024,5,25,7,03004KT,13,13
2024-05-25 08:00:00.000,2024,5,25,8,VRB02KT,13,12
2024-05-25 09:00:00.000,2024,5,25,9,VRB02KT,12,12
2024-05-25 10:00:00.000,2024,5,25,10,27003KT,12,12
2024-05-25 10:30:00.000,2024,5,25,10,31003KT,12,12
2024-05-25 11:00:00.000,2024,5,25,11,VRB02KT,11,11
2024-05-25 12:00:00.000,2024,5,25,12,VRB02KT,12,12
2024-05-25 13:00:00.000,2024,5,25,13,VRB02KT,14,13
2024-05-25 14:00:00.000,2024,5,25,14,VRB02KT,14,13
2024-05-25 15:00:00.000,2024,5,25,15,01003KT,15,14
2024-05-25 16:00:00.000,2024,5,25,16,VRB02KT,16,14
2024-05-25 17:00:00.000,2024,5,25,17,29003KT,16,14
2024-05-25 18:00:00.000,2024,5,25,18,19011KT,16,11
2024-05-25 19:00:00.000,2024,5,25,19,16012KT,16,12
2024-05-25 20:00:00.000,2024,5,25,20,19008KT,15,12
2024-05-25 21:00:00.000,2024,5,25,21,10004KT,16,11
2024-05-25 22:00:00.000,2024,5,25,22,13006KT,16,10
2024-05-25 23:00:00.000,2024,5,25,23,15004KT,16,10
2024-05-26 00:00:00.000,2024,5,26,0,11003KT,15,11
2024-05-26 01:00:00.000,2024,5,26,1,35003KT,13,11
2024-05-26 02:00:00.000,2024,5,26,2,05003KT,13,11
2024-05-26 03:00:00.000,2024,5,26,3,04006KT,13,11
2024-05-26 04:00:00.000,2024,5,26,4,06004KT,13,11
2024-05-26 05:00:00.000,2024,5,26,5,07005KT,14,10
2024-05-26 06:00:00.000,2024,5,26,6,03003KT,13,11
2024-05-26 07:00:00.000,2024,5,26,7,36003KT,12,11
2024-05-26 08:00:00.000,2024,5,26,8,06003KT,11,11
2024-05-26 09:00:00.000,2024,5,26,9,07003KT,12,11
2024-05-26 10:00:00.000,2024,5,26,10,04005KT,13,11
2024-05-26 10:30:00.000,2024,5,26,10,07005KT,12,11
2024-05-26 11:00:00.000,2024,5,26,11,07004KT,12,11
2024-05-26 12:00:00.000,2024,5,26,12,04004KT,13,12
2024-05-26 13:00:00.000,2024,5,26,13,06006KT,15,12
2024-05-26 13:21:00.000,2024,5,26,13,07007KT,17,12
2024-05-26 14:00:00.000,2024,5,26,14,09007KT,18,11
2024-05-26 15:00:00.000,2024,5,26,15,12011KT,20,10
2024-05-26 15:39:00.000,2024,5,26,15,14009G20KT,20,11
2024-05-26 16:00:00.000,2024,5,26,16,13008G20KT,20,11
2024-05-26 17:00:00.000,2024,5,26,17,09005KT,20,10
2024-05-26 18:00:00.000,2024,5,26,18,06007KT,20,10
2024-05-26 19:00:00.000,2024,5,26,19,13008KT,20,10
2024-05-26 20:00:00.000,2024,5,26,20,14009KT,20,11
2024-05-26 21:00:00.000,2024,5,26,21,11007KT,19,11
2024-05-26 22:00:00.000,2024,5,26,22,13010KT,18,11
2024-05-26 23:00:00.000,2024,5,26,23,12006KT,17,11
2024-05-27 00:00:00.000,2024,5,27,0,11006KT,16,10
2024-05-27 01:00:00.000,2024,5,27,1,VRB02KT,15,10
2024-05-27 02:00:00.000,2024,5,27,2,17008KT,15,10
2024-05-27 03:00:00.000,2024,5,27,3,VRB03KT,12,11
2024-05-27 04:00:00.000,2024,5,27,4,VRB02KT,13,11
2024-05-27 04:04:00.000,2024,5,27,4,09003KT,13,11
2024-05-27 05:00:00.000,2024,5,27,5,06004KT,13,12
2024-05-27 06:00:00.000,2024,5,27,6,VRB02KT,12,12
2024-05-27 07:00:00.000,2024,5,27,7,VRB02KT,11,10
2024-05-27 08:00:00.000,2024,5,27,8,04004KT,10,10
2024-05-27 09:00:00.000,2024,5,27,9,05004KT,11,11
2024-05-27 10:00:00.000,2024,5,27,10,03005KT,11,10
2024-05-27 10:31:00.000,2024,5,27,10,05004KT,11,11
2024-05-27 11:00:00.000,2024,5,27,11,06005KT,12,11
2024-05-27 12:00:00.000,2024,5,27,12,04007KT,13,12
2024-05-27 13:00:00.000,2024,5,27,13,04007KT,14,12
2024-05-27 14:00:00.000,2024,5,27,14,04005KT,17,12
2024-05-27 15:00:00.000,2024,5,27,15,16007KT,18,11
2024-05-27 16:00:00.000,2024,5,27,16,20007KT,18,11
2024-05-27 17:00:00.000,2024,5,27,17,14008KT,19,11
2024-05-27 18:00:00.000,2024,5,27,18,17007KT,19,11
2024-05-27 19:00:00.000,2024,5,27,19,17011G22KT,20,11
2024-05-27 20:00:00.000,2024,5,27,20,03008KT,19,13
2024-05-27 21:00:00.000,2024,5,27,21,09003KT,19,12
2024-05-27 22:00:00.000,2024,5,27,22,13004KT,19,11
2024-05-27 23:00:00.000,2024,5,27,23,10005KT,18,11
2024-05-28 00:00:00.000,2024,5,28,0,11004KT,16,12
2024-05-28 01:00:00.000,2024,5,28,1,14006KT,16,11
2024-05-28 02:00:00.000,2024,5,28,2,13005KT,16,11
2024-05-28 03:00:00.000,2024,5,28,3,12003KT,15,12
2024-05-28 04:00:00.000,2024,5,28,4,24006KT,14,12
2024-05-28 05:00:00.000,2024,5,28,5,20004KT,14,12
2024-05-28 06:00:00.000,2024,5,28,6,VRB02KT,13,13
2024-05-28 07:00:00.000,2024,5,28,7,35003KT,13,13
2024-05-28 08:00:00.000,2024,5,28,8,VRB02KT,13,12
2024-05-28 09:00:00.000,2024,5,28,9,32003KT,12,12
2024-05-28 10:00:00.000,2024,5,28,10,VRB02KT,11,11
2024-05-28 10:30:00.000,2024,5,28,10,VRB02KT,11,11
2024-05-28 11:00:00.000,2024,5,28,11,35003KT,11,11
2024-05-28 12:00:00.000,2024,5,28,12,VRB02KT,13,12
2024-05-28 13:00:00.000,2024,5,28,13,VRB02KT,15,13
2024-05-28 14:00:00.000,2024,5,28,14,VRB02KT,17,12
2024-05-28 15:00:00.000,2024,5,28,15,09004KT,19,13
2024-05-28 16:00:00.000,2024,5,28,16,VRB02KT,19,12
2024-05-28 17:00:00.000,2024,5,28,17,VRB03KT,21,09
2024-05-28 18:00:00.000,2024,5,28,18,29008KT,18,13
2024-05-28 19:00:00.000,2024,5,28,19,32006KT,17,14
2024-05-28 20:00:00.000,2024,5,28,20,30008KT,17,15
2024-05-28 21:00:00.000,2024,5,28,21,32005KT,18,15
2024-05-28 21:16:00.000,2024,5,28,21,05008KT,14,14
2024-05-28 21:31:00.000,2024,5,28,21,05006KT,14,14
2024-05-28 22:00:00.000,2024,5,28,22,VRB02KT,14,14
2024-05-28 23:00:00.000,2024,5,28,23,VRB02KT,14,14
2024-05-29 00:00:00.000,2024,5,29,0,VRB02KT,15,15
2024-05-29 01:00:00.000,2024,5,29,1,03003KT,15,14
2024-05-29 02:00:00.000,2024,5,29,2,07003KT,16,12
2024-05-29 03:00:00.000,2024,5,29,3,09003KT,14,13
2024-05-29 04:00:00.000,2024,5,29,4,00000KT,13,13
2024-05-29 05:00:00.000,2024,5,29,5,03003KT,13,13
2024-05-29 06:00:00.000,2024,5,29,6,04004KT,13,13
2024-05-29 07:00:00.000,2024,5,29,7,03008KT,13,11
2024-05-29 08:00:00.000,2024,5,29,8,07005KT,13,12
2024-05-29 09:00:00.000,2024,5,29,9,VRB02KT,13,12
2024-05-29 10:00:00.000,2024,5,29,10,VRB02KT,13,12
2024-05-29 10:30:00.000,2024,5,29,10,04003KT,12,12
2024-05-29 11:00:00.000,2024,5,29,11,02003KT,12,12
2024-05-29 12:00:00.000,2024,5,29,12,05007KT,13,13
2024-05-29 13:00:00.000,2024,5,29,13,04003KT,16,14
2024-05-29 14:00:00.000,2024,5,29,14,02003KT,16,13
2024-05-29 15:00:00.000,2024,5,29,15,03007KT,17,14
2024-05-29 15:07:00.000,2024,5,29,15,04006KT,16,14
2024-05-29 16:00:00.000,2024,5,29,16,17003KT,17,15
2024-05-29 16:13:00.000,2024,5,29,16,23004KT,17,14
2024-05-29 17:00:00.000,2024,5,29,17,14006KT,18,14
2024-05-29 18:00:00.000,2024,5,29,18,15010KT,17,14
2024-05-29 19:00:00.000,2024,5,29,19,15009KT,19,11
2024-05-29 20:00:00.000,2024,5,29,20,12006KT,19,11
2024-05-29 21:00:00.000,2024,5,29,21,20007KT,18,13
2024-05-29 22:00:00.000,2024,5,29,22,20006KT,16,14
2024-05-29 23:00:00.000,2024,5,29,23,03003KT,16,15
2024-05-30 00:00:00.000,2024,5,30,0,03004KT,14,14
2024-05-30 01:00:00.000,2024,5,30,1,VRB02KT,14,13
2024-05-30 02:00:00.000,2024,5,30,2,04007KT,14,13
2024-05-30 03:00:00.000,2024,5,30,3,04004KT,13,13
2024-05-30 04:00:00.000,2024,5,30,4,04007KT,13,13
2024-05-30 05:00:00.000,2024,5,30,5,05010KT,13,13
2024-05-30 06:00:00.000,2024,5,30,6,05006KT,13,13
2024-05-30 07:00:00.000,2024,5,30,7,07004KT,13,12
2024-05-30 08:00:00.000,2024,5,30,8,VRB02KT,13,12
2024-05-30 09:00:00.000,2024,5,30,9,VRB02KT,12,11
2024-05-30 10:00:00.000,2024,5,30,10,09004KT,12,12
2024-05-30 10:30:00.000,2024,5,30,10,04004KT,12,12
2024-05-30 11:00:00.000,2024,5,30,11,04003KT,12,12
2024-05-30 12:00:00.000,2024,5,30,12,06004KT,14,12
2024-05-30 13:00:00.000,2024,5,30,13,06005KT,15,13
2024-05-30 14:00:00.000,2024,5,30,14,04005KT,16,14
2024-05-30 15:00:00.000,2024,5,30,15,04005KT,17,13
2024-05-30 16:00:00.000,2024,5,30,16,16006KT,19,13
2024-05-30 17:00:00.000,2024,5,30,17,05007KT,18,13
2024-05-30 18:00:00.000,2024,5,30,18,04004KT,19,14
2024-05-30 19:00:00.000,2024,5,30,19,29007KT,18,14
2024-05-30 20:00:00.000,2024,5,30,20,31007KT,16,15
2024-05-30 20:08:00.000,2024,5,30,20,34012KT,16,15
2024-05-30 21:00:00.000,2024,5,30,21,31010KT,15,14
2024-05-30 22:00:00.000,2024,5,30,22,32007KT,14,13
2024-05-30 23:00:00.000,2024,5,30,23,03003KT,14,14
2024-05-31 00:00:00.000,2024,5,31,0,05003KT,13,13
2024-05-31 01:00:00.000,2024,5,31,1,00000KT,13,13
2024-05-31 02:00:00.000,2024,5,31,2,02003KT,13,13
2024-05-31 03:00:00.000,2024,5,31,3,VRB02KT,13,13
2024-05-31 04:00:00.000,2024,5,31,4,VRB02KT,13,13
2024-05-31 05:00:00.000,2024,5,31,5,VRB02KT,13,13
2024-05-31 06:00:00.000,2024,5,31,6,VRB02KT,13,13
2024-05-31 07:00:00.000,2024,5,31,7,VRB02KT,13,13
2024-05-31 08:00:00.000,2024,5,31,8,04002KT,12,12
2024-05-31 08:33:00.000,2024,5,31,8,30003KT,12,12
2024-05-31 09:00:00.000,2024,5,31,9,00000KT,12,12
2024-05-31 10:00:00.000,2024,5,31,10,VRB02KT,11,11
2024-05-31 10:33:00.000,2024,5,31,10,35003KT,11,11
2024-05-31 11:00:00.000,2024,5,31,11,36003KT,11,11
2024-05-31 12:00:00.000,2024,5,31,12,32004KT,12,12
2024-05-31 12:36:00.000,2024,5,31,12,VRB02KT,13,13
2024-05-31 13:00:00.000,2024,5,31,13,32003KT,13,13
2024-05-31 14:00:00.000,2024,5,31,14,34003KT,14,13
2024-05-31 15:00:00.000,2024,5,31,15,VRB02KT,18,13
2024-05-31 16:00:00.000,2024,5,31,16,14012KT,19,12
2024-05-31 17:00:00.000,2024,5,31,17,16014KT,20,12
2024-05-31 18:00:00.000,2024,5,31,18,15013KT,21,11
2024-05-31 19:00:00.000,2024,5,31,19,17014KT,21,10
2024-05-31 20:00:00.000,2024,5,31,20,14008KT,20,10
2024-05-31 21:00:00.000,2024,5,31,21,17008KT,20,10
2024-05-31 22:00:00.000,2024,5,31,22,14011KT,19,10
2024-05-31 23:00:00.000,2024,5,31,23,15012KT,18,10
2024-06-01 00:00:00.000,2024,6,1,0,14013KT,16,11
2024-06-01 01:00:00.000,2024,6,1,1,15008KT,16,10
2024-06-01 02:00:00.000,2024,6,1,2,17005KT,16,10
2024-06-01 03:00:00.000,2024,6,1,3,02004KT,14,11
2024-06-01 04:00:00.000,2024,6,1,4,VRB02KT,13,12
2024-06-01 05:00:00.000,2024,6,1,5,29003KT,14,12
2024-06-01 06:00:00.000,2024,6,1,6,VRB03KT,14,13
2024-06-01 07:00:00.000,2024,6,1,7,VRB03KT,14,13
2024-06-01 08:00:00.000,2024,6,1,8,VRB02KT,13,12
2024-06-01 09:00:00.000,2024,6,1,9,VRB02KT,12,11
2024-06-01 10:00:00.000,2024,6,1,10,VRB02KT,12,11
2024-06-01 10:30:00.000,2024,6,1,10,35003KT,11,10
2024-06-01 11:00:00.000,2024,6,1,11,01003KT,11,10
2024-06-01 12:00:00.000,2024,6,1,12,01003KT,14,12
2024-06-01 13:00:00.000,2024,6,1,13,07005KT,15,12
2024-06-01 14:00:00.000,2024,6,1,14,07004KT,16,13
2024-06-01 15:00:00.000,2024,6,1,15,16010KT,19,11
2024-06-01 16:00:00.000,2024,6,1,16,15013KT,18,11
2024-06-01 17:00:00.000,2024,6,1,17,15011KT,20,11
2024-06-01 18:00:00.000,2024,6,1,18,15012KT,19,10
2024-06-01 19:00:00.000,2024,6,1,19,16010KT,21,10
2024-06-01 20:00:00.000,2024,6,1,20,15011KT,21,10
2024-06-01 21:00:00.000,2024,6,1,21,15011KT,20,10
2024-06-01 22:00:00.000,2024,6,1,22,17012KT,20,10
2024-06-01 23:00:00.000,2024,6,1,23,14013KT,18,09
2024-06-02 00:00:00.000,2024,6,2,0,12007KT,16,09
2024-06-02 01:00:00.000,2024,6,2,1,13008KT,15,09
2024-06-02 02:00:00.000,2024,6,2,2,13007KT,14,09
2024-06-02 03:00:00.000,2024,6,2,3,VRB02KT,11,10
2024-06-02 04:00:00.000,2024,6,2,4,VRB02KT,12,11
2024-06-02 05:00:00.000,2024,6,2,5,03003KT,12,11
2024-06-02 06:00:00.000,2024,6,2,6,VRB02KT,12,11
2024-06-02 07:00:00.000,2024,6,2,7,04004KT,11,11
2024-06-02 08:00:00.000,2024,6,2,8,05004KT,12,11
2024-06-02 09:00:00.000,2024,6,2,9,35003KT,11,11
2024-06-02 10:00:00.000,2024,6,2,10,02003KT,11,11
2024-06-02 10:30:00.000,2024,6,2,10,VRB02KT,12,11
2024-06-02 11:00:00.000,2024,6,2,11,VRB02KT,11,11
2024-06-02 12:00:00.000,2024,6,2,12,VRB02KT,13,12
2024-06-02 12:36:00.000,2024,6,2,12,03003KT,15,12
2024-06-02 13:00:00.000,2024,6,2,13,05004KT,17,12
2024-06-02 14:00:00.000,2024,6,2,14,06006KT,18,12
2024-06-02 15:00:00.000,2024,6,2,15,04008KT,20,13
2024-06-02 16:00:00.000,2024,6,2,16,12007KT,21,12
2024-06-02 17:00:00.000,2024,6,2,17,16009KT,21,09
2024-06-02 18:00:00.000,2024,6,2,18,16009KT,22,11
2024-06-02 19:00:00.000,2024,6,2,19,14011KT,22,10
2024-06-02 20:00:00.000,2024,6,2,20,14007KT,22,10
2024-06-02 21:00:00.000,2024,6,2,21,14007KT,21,11
2024-06-02 22:00:00.000,2024,6,2,22,09005KT,20,11
2024-06-02 23:00:00.000,2024,6,2,23,30004KT,18,14
2024-06-03 00:00:00.000,2024,6,3,0,33004KT,16,14
2024-06-03 01:00:00.000,2024,6,3,1,VRB02KT,15,14
2024-06-03 02:00:00.000,2024,6,3,2,32005KT,16,14
2024-06-03 03:00:00.000,2024,6,3,3,36003KT,14,13
2024-06-03 04:00:00.000,2024,6,3,4,02004KT,13,12
2024-06-03 05:00:00.000,2024,6,3,5,VRB02KT,14,13
2024-06-03 06:00:00.000,2024,6,3,6,04003KT,13,12
2024-06-03 07:00:00.000,2024,6,3,7,27006KT,14,12
2024-06-03 08:00:00.000,2024,6,3,8,32003KT,13,12
2024-06-03 09:00:00.000,2024,6,3,9,05003KT,12,12
2024-06-03 10:00:00.000,2024,6,3,10,33002KT,13,13
2024-06-03 10:31:00.000,2024,6,3,10,01003KT,12,12
2024-06-03 11:00:00.000,2024,6,3,11,36003KT,12,12
2024-06-03 12:00:00.000,2024,6,3,12,00000KT,13,13
2024-06-03 13:00:00.000,2024,6,3,13,VRB02KT,16,13
2024-06-03 14:00:00.000,2024,6,3,14,14004KT,17,12
2024-06-03 15:00:00.000,2024,6,3,15,14006KT,19,12
2024-06-03 16:00:00.000,2024,6,3,16,16003KT,19,11
2024-06-03 17:00:00.000,2024,6,3,17,15011KT,21,10
2024-06-03 18:00:00.000,2024,6,3,18,18015KT,20,11
2024-06-03 19:00:00.000,2024,6,3,19,16015KT,21,10
2024-06-03 20:00:00.000,2024,6,3,20,16013KT,21,11
2024-06-03 21:00:00.000,2024,6,3,21,18011KT,20,11
2024-06-03 22:00:00.000,2024,6,3,22,16011KT,19,10
2024-06-03 23:00:00.000,2024,6,3,23,14011KT,18,10
2024-06-04 00:00:00.000,2024,6,4,0,15014KT,16,11
2024-06-04 01:00:00.000,2024,6,4,1,14008KT,16,10
2024-06-04 02:00:00.000,2024,6,4,2,16006KT,16,10
2024-06-04 03:00:00.000,2024,6,4,3,14008KT,15,10
2024-06-04 04:00:00.000,2024,6,4,4,VRB03KT,15,10
2024-06-04 05:00:00.000,2024,6,4,5,VRB02KT,14,13
2024-06-04 06:00:00.000,2024,6,4,6,04004KT,13,13
2024-06-04 07:00:00.000,2024,6,4,7,VRB02KT,13,13
2024-06-04 08:00:00.000,2024,6,4,8,VRB02KT,13,12
2024-06-04 09:00:00.000,2024,6,4,9,04004KT,13,13
2024-06-04 10:00:00.000,2024,6,4,10,05005KT,12,12
2024-06-04 10:31:00.000,2024,6,4,10,VRB02KT,12,12
2024-06-04 11:00:00.000,2024,6,4,11,09005KT,12,12
2024-06-04 12:00:00.000,2024,6,4,12,07005KT,13,13
2024-06-04 13:00:00.000,2024,6,4,13,16006KT,16,13
2024-06-04 14:00:00.000,2024,6,4,14,16009KT,18,13
2024-06-04 15:00:00.000,2024,6,4,15,16013KT,18,12
2024-06-04 16:00:00.000,2024,6,4,16,17015KT,18,13
2024-06-04 17:00:00.000,2024,6,4,17,17017KT,19,12
2024-06-04 18:00:00.000,2024,6,4,18,16016KT,19,12
2024-06-04 19:00:00.000,2024,6,4,19,16013KT,19,12
2024-06-04 20:00:00.000,2024,6,4,20,18015KT,19,11
2024-06-04 21:00:00.000,2024,6,4,21,16016KT,18,11
2024-06-04 22:00:00.000,2024,6,4,22,18014KT,17,10
2024-06-04 23:00:00.000,2024,6,4,23,18011KT,16,10
2024-06-05 00:00:00.000,2024,6,5,0,18009KT,16,11
2024-06-05 01:00:00.000,2024,6,5,1,16006KT,15,11
2024-06-05 02:00:00.000,2024,6,5,2,12006KT,15,11
2024-06-05 03:00:00.000,2024,6,5,3,10004KT,12,11
2024-06-05 04:00:00.000,2024,6,5,4,01004KT,13,12
2024-06-05 05:00:00.000,2024,6,5,5,04003KT,11,11
2024-06-05 06:00:00.000,2024,6,5,6,03005KT,12,12
2024-06-05 07:00:00.000,2024,6,5,7,01003KT,12,11
2024-06-05 08:00:00.000,2024,6,5,8,30003KT,12,12
2024-06-05 09:00:00.000,2024,6,5,9,00000KT,12,12
2024-06-05 10:00:00.000,2024,6,5,10,04003KT,12,12
2024-06-05 10:29:00.000,2024,6,5,10,04004KT,12,12
2024-06-05 11:00:00.000,2024,6,5,11,05005KT,12,12
2024-06-05 12:00:00.000,2024,6,5,12,04004KT,13,12
2024-06-05 12:33:00.000,2024,6,5,12,04008KT,13,13
2024-06-05 13:00:00.000,2024,6,5,13,04004KT,14,12
2024-06-05 14:00:00.000,2024,6,5,14,07004KT,16,12
2024-06-05 15:00:00.000,2024,6,5,15,12007KT,18,12
2024-06-05 16:00:00.000,2024,6,5,16,18019KT,19,12
2024-06-05 17:00:00.000,2024,6,5,17,16013KT,18,11
2024-06-05 18:00:00.000,2024,6,5,18,18013KT,19,11
2024-06-05 19:00:00.000,2024,6,5,19,15009KT,19,10
2024-06-05 20:00:00.000,2024,6,5,20,17012KT,18,11
2024-06-05 21:00:00.000,2024,6,5,21,17014KT,18,11
2024-06-05 22:00:00.000,2024,6,5,22,17007KT,18,10
2024-06-05 23:00:00.000,2024,6,5,23,13005KT,17,10
2024-06-06 00:00:00.000,2024,6,6,0,16010KT,16,10
2024-06-06 01:00:00.000,2024,6,6,1,14007KT,15,10
2024-06-06 02:00:00.000,2024,6,6,2,00000KT,16,10
2024-06-06 03:00:00.000,2024,6,6,3,05006KT,14,12
2024-06-06 04:00:00.000,2024,6,6,4,04005KT,13,13
2024-06-06 05:00:00.000,2024,6,6,5,05004KT,13,12
2024-06-06 06:00:00.000,2024,6,6,6,04003KT,13,12
2024-06-06 07:00:00.000,2024,6,6,7,03004KT,13,12
2024-06-06 08:00:00.000,2024,6,6,8,07005KT,13,12
2024-06-06 09:00:00.000,2024,6,6,9,03004KT,12,12
2024-06-06 10:00:00.000,2024,6,6,10,04006KT,11,11
2024-06-06 10:30:00.000,2024,6,6,10,07004KT,12,11
2024-06-06 11:00:00.000,2024,6,6,11,VRB02KT,13,11
2024-06-06 12:00:00.000,2024,6,6,12,07005KT,13,12
2024-06-06 13:00:00.000,2024,6,6,13,10005KT,16,11
2024-06-06 14:00:00.000,2024,6,6,14,13007KT,17,10
2024-06-06 15:00:00.000,2024,6,6,15,15010KT,18,10
2024-06-06 16:00:00.000,2024,6,6,16,15008KT,19,10
2024-06-06 17:00:00.000,2024,6,6,17,15008KT,18,10
2024-06-06 18:00:00.000,2024,6,6,18,06009KT,17,12
2024-06-06 19:00:00.000,2024,6,6,19,19008KT,18,11
2024-06-06 20:00:00.000,2024,6,6,20,18013KT,18,12
2024-06-06 20:13:00.000,2024,6,6,20,18012KT,16,14
2024-06-06 21:00:00.000,2024,6,6,21,20006KT,16,14
2024-06-06 22:00:00.000,2024,6,6,22,16003KT,18,13
2024-06-06 23:00:00.000,2024,6,6,23,13008KT,17,10
2024-06-07 00:00:00.000,2024,6,7,0,10004KT,16,11
2024-06-07 01:00:00.000,2024,6,7,1,09004KT,15,11
2024-06-07 02:00:00.000,2024,6,7,2,06003KT,13,11
2024-06-07 03:00:00.000,2024,6,7,3,VRB02KT,12,11
2024-06-07 04:00:00.000,2024,6,7,4,VRB02KT,11,10
2024-06-07 05:00:00.000,2024,6,7,5,05004KT,09,09
2024-06-07 06:00:00.000,2024,6,7,6,VRB02KT,10,10
2024-06-07 07:00:00.000,2024,6,7,7,VRB02KT,10,09
2024-06-07 08:00:00.000,2024,6,7,8,04004KT,09,09
2024-06-07 09:00:00.000,2024,6,7,9,05003KT,10,10
2024-06-07 10:00:00.000,2024,6,7,10,02003KT,08,08
2024-06-07 10:30:00.000,2024,6,7,10,35003KT,09,09
2024-06-07 11:00:00.000,2024,6,7,11,33004KT,08,08
2024-06-07 12:00:00.000,2024,6,7,12,35003KT,09,09
2024-06-07 13:00:00.000,2024,6,7,13,05004KT,13,12
2024-06-07 13:15:00.000,2024,6,7,13,06003KT,15,12
2024-06-07 14:00:00.000,2024,6,7,14,36003KT,16,12
2024-06-07 15:00:00.000,2024,6,7,15,36005KT,16,11
2024-06-07 16:00:00.000,2024,6,7,16,12006KT,18,11
2024-06-07 17:00:00.000,2024,6,7,17,12006KT,19,10
2024-06-07 18:00:00.000,2024,6,7,18,10008KT,19,11
2024-06-07 19:00:00.000,2024,6,7,19,14008KT,20,10
2024-06-07 20:00:00.000,2024,6,7,20,15008KT,19,10
2024-06-07 21:00:00.000,2024,6,7,21,17009KT,19,10
2024-06-07 22:00:00.000,2024,6,7,22,16012KT,19,10
2024-06-07 23:00:00.000,2024,6,7,23,16009KT,18,09
2024-06-08 00:00:00.000,2024,6,8,0,15005KT,17,11
2024-06-08 01:00:00.000,2024,6,8,1,13008KT,15,12
2024-06-08 02:00:00.000,2024,6,8,2,18004KT,15,12
2024-06-08 03:00:00.000,2024,6,8,3,VRB04KT,16,11
2024-06-08 04:00:00.000,2024,6,8,4,36003KT,14,12
2024-06-08 05:00:00.000,2024,6,8,5,04004KT,13,12
2024-06-08 06:00:00.000,2024,6,8,6,VRB02KT,13,12
2024-06-08 07:00:00.000,2024,6,8,7,03005KT,13,11
2024-06-08 08:00:00.000,2024,6,8,8,04005KT,13,11
2024-06-08 09:00:00.000,2024,6,8,9,06007KT,13,11
2024-06-08 10:00:00.000,2024,6,8,10,05005KT,12,11
2024-06-08 10:30:00.000,2024,6,8,10,06005KT,13,11
2024-06-08 11:00:00.000,2024,6,8,11,07006KT,13,11
2024-06-08 12:00:00.000,2024,6,8,12,02004KT,13,12
2024-06-08 13:00:00.000,2024,6,8,13,04004KT,15,12
2024-06-08 14:00:00.000,2024,6,8,14,03003KT,14,13
2024-06-08 15:00:00.000,2024,6,8,15,36003KT,17,14
2024-06-08 16:00:00.000,2024,6,8,16,07003KT,16,13
2024-06-08 16:26:00.000,2024,6,8,16,13009KT,18,13
2024-06-08 17:00:00.000,2024,6,8,17,15011KT,19,12
2024-06-08 18:00:00.000,2024,6,8,18,13013KT,21,12
2024-06-08 19:00:00.000,2024,6,8,19,16009KT,20,11
2024-06-08 20:00:00.000,2024,6,8,20,15011KT,19,10
2024-06-08 21:00:00.000,2024,6,8,21,03011KT,19,12
2024-06-08 22:00:00.000,2024,6,8,22,11005KT,18,10
2024-06-08 23:00:00.000,2024,6,8,23,16013KT,17,10
2024-06-09 00:00:00.000,2024,6,9,0,12004KT,16,10
2024-06-09 01:00:00.000,2024,6,9,1,07003KT,14,10
2024-06-09 02:00:00.000,2024,6,9,2,14005KT,15,11
2024-06-09 03:00:00.000,2024,6,9,3,32003KT,14,12
2024-06-09 04:00:00.000,2024,6,9,4,03005KT,13,12
2024-06-09 05:00:00.000,2024,6,9,5,06003KT,12,12
2024-06-09 06:00:00.000,2024,6,9,6,34003KT,12,12
2024-06-09 07:00:00.000,2024,6,9,7,02003KT,13,12
2024-06-09 08:00:00.000,2024,6,9,8,VRB02KT,11,11
2024-06-09 09:00:00.000,2024,6,9,9,VRB02KT,12,12
2024-06-09 10:00:00.000,2024,6,9,10,35003KT,11,11
2024-06-09 10:28:00.000,2024,6,9,10,VRB02KT,11,11
2024-06-09 11:00:00.000,2024,6,9,11,VRB02KT,11,11
2024-06-09 12:00:00.000,2024,6,9,12,06005KT,15,13
2024-06-09 13:00:00.000,2024,6,9,13,06004KT,16,12
2024-06-09 14:00:00.000,2024,6,9,14,15007KT,18,10
2024-06-09 15:00:00.000,2024,6,9,15,04005KT,17,10
2024-06-09 16:00:00.000,2024,6,9,16,VRB02KT,17,11
2024-06-09 17:00:00.000,2024,6,9,17,04004KT,16,13
2024-06-09 18:00:00.000,2024,6,9,18,13006KT,19,12
2024-06-09 19:00:00.000,2024,6,9,19,15009KT,16,13
2024-06-09 19:36:00.000,2024,6,9,19,VRB02KT,18,13
2024-06-09 20:00:00.000,2024,6,9,20,08003KT,19,13
2024-06-09 21:00:00.000,2024,6,9,21,02006KT,16,14
2024-06-09 22:00:00.000,2024,6,9,22,35004KT,16,14
2024-06-09 23:00:00.000,2024,6,9,23,28011KT,15,14
2024-06-10 00:00:00.000,2024,6,10,0,24004KT,15,13
2024-06-10 01:00:00.000,2024,6,10,1,VRB02KT,14,14
2024-06-10 02:00:00.000,2024,6,10,2,VRB02KT,13,13
2024-06-10 03:00:00.000,2024,6,10,3,VRB02KT,13,13
2024-06-10 04:00:00.000,2024,6,10,4,VRB02KT,13,13
2024-06-10 05:00:00.000,2024,6,10,5,04003KT,12,12
2024-06-10 06:00:00.000,2024,6,10,6,02003KT,12,11
2024-06-10 07:00:00.000,2024,6,10,7,35003KT,11,11
2024-06-10 08:00:00.000,2024,6,10,8,VRB02KT,11,11
2024-06-10 09:00:00.000,2024,6,10,9,35003KT,10,10
2024-06-10 10:00:00.000,2024,6,10,10,VRB02KT,10,10
2024-06-10 10:30:00.000,2024,6,10,10,05003KT,09,09
2024-06-10 11:00:00.000,2024,6,10,11,07003KT,10,10
2024-06-10 12:00:00.000,2024,6,10,12,35003KT,12,11
2024-06-10 13:00:00.000,2024,6,10,13,VRB02KT,14,12
2024-06-10 14:00:00.000,2024,6,10,14,18003KT,16,11
2024-06-10 15:00:00.000,2024,6,10,15,01004KT,17,12
2024-06-10 16:00:00.000,2024,6,10,16,19005KT,19,10
2024-06-10 17:00:00.000,2024,6,10,17,16009KT,19,10
2024-06-10 18:00:00.000,2024,6,10,18,12006KT,20,11
2024-06-10 19:00:00.000,2024,6,10,19,10004KT,21,10
2024-06-10 20:00:00.000,2024,6,10,20,VRB02KT,20,09
2024-06-10 20:33:00.000,2024,6,10,20,32009KT,17,15
2024-06-10 21:00:00.000,2024,6,10,21,33010KT,15,15
2024-06-10 21:26:00.000,2024,6,10,21,34006KT,14,14
2024-06-10 22:00:00.000,2024,6,10,22,31005KT,14,13
2024-06-10 23:00:00.000,2024,6,10,23,29004KT,15,14
2024-06-10 23:10:00.000,2024,6,10,23,28004KT,14,14
2024-06-11 00:00:00.000,2024,6,11,0,25003KT,14,14
2024-06-11 01:00:00.000,2024,6,11,1,33003KT,14,14
2024-06-11 02:00:00.000,2024,6,11,2,04004KT,13,13
2024-06-11 03:00:00.000,2024,6,11,3,06005KT,13,13
2024-06-11 04:00:00.000,2024,6,11,4,03004KT,13,13
2024-06-11 05:00:00.000,2024,6,11,5,04004KT,11,11
2024-06-11 06:00:00.000,2024,6,11,6,03004KT,12,12
2024-06-11 07:00:00.000,2024,6,11,7,05004KT,12,12
2024-06-11 08:00:00.000,2024,6,11,8,08003KT,12,12
2024-06-11 09:00:00.000,2024,6,11,9,03003KT,12,12
2024-06-11 10:00:00.000,2024,6,11,10,36003KT,11,11
2024-06-11 10:30:00.000,2024,6,11,10,05003KT,12,12
2024-06-11 11:00:00.000,2024,6,11,11,04004KT,11,11
2024-06-11 12:00:00.000,2024,6,11,12,01003KT,12,12
2024-06-11 13:00:00.000,2024,6,11,13,03004KT,14,13
2024-06-11 14:00:00.000,2024,6,11,14,02004KT,16,13
2024-06-11 15:00:00.000,2024,6,11,15,VRB02KT,17,13
2024-06-11 16:00:00.000,2024,6,11,16,16004KT,16,14
2024-06-11 17:00:00.000,2024,6,11,17,16013KT,18,12
2024-06-11 18:00:00.000,2024,6,11,18,16014KT,18,10
2024-06-11 19:00:00.000,2024,6,11,19,17011KT,17,09
2024-06-11 20:00:00.000,2024,6,11,20,17009KT,16,11
2024-06-11 21:00:00.000,2024,6,11,21,16011KT,18,10
2024-06-11 22:00:00.000,2024,6,11,22,15011KT,16,10
2024-06-11 23:00:00.000,2024,6,11,23,13010KT,16,10
2024-06-12 00:00:00.000,2024,6,12,0,11005KT,15,10
2024-06-12 01:00:00.000,2024,6,12,1,09003KT,14,10
2024-06-12 02:00:00.000,2024,6,12,2,11005KT,14,10
2024-06-12 03:00:00.000,2024,6,12,3,VRB02KT,14,10
2024-06-12 04:00:00.000,2024,6,12,4,09004KT,14,10
2024-06-12 05:00:00.000,2024,6,12,5,09003KT,14,10
2024-06-12 06:00:00.000,2024,6,12,6,08004KT,13,10
2024-06-12 07:00:00.000,2024,6,12,7,VRB02KT,11,10
2024-06-12 08:00:00.000,2024,6,12,8,05003KT,10,09
2024-06-12 09:00:00.000,2024,6,12,9,05004KT,10,09
2024-06-12 10:00:00.000,2024,6,12,10,07006KT,11,09
2024-06-12 10:30:00.000,2024,6,12,10,07006KT,12,09
2024-06-12 11:00:00.000,2024,6,12,11,07005KT,12,10
2024-06-12 12:00:00.000,2024,6,12,12,04004KT,13,11
2024-06-12 13:00:00.000,2024,6,12,13,04004KT,15,11
2024-06-12 14:00:00.000,2024,6,12,14,VRB02KT,16,10
2024-06-12 15:00:00.000,2024,6,12,15,06007KT,17,11
2024-06-12 16:00:00.000,2024,6,12,16,03007KT,18,11
2024-06-12 17:00:00.000,2024,6,12,17,12008KT,19,11
2024-06-12 18:00:00.000,2024,6,12,18,10006KT,19,10
2024-06-12 19:00:00.000,2024,6,12,19,36006KT,18,12
2024-06-12 20:00:00.000,2024,6,12,20,12005KT,19,11
2024-06-12 21:00:00.000,2024,6,12,21,28006KT,18,13
2024-06-12 22:00:00.000,2024,6,12,22,25006KT,17,11
2024-06-12 23:00:00.000,2024,6,12,23,28004KT,16,12
2024-06-13 00:00:00.000,2024,6,13,0,33003KT,13,12
2024-06-13 01:00:00.000,2024,6,13,1,34003KT,13,12
2024-06-13 02:00:00.000,2024,6,13,2,VRB02KT,15,12
2024-06-13 03:00:00.000,2024,6,13,3,06004KT,14,12
2024-06-13 04:00:00.000,2024,6,13,4,VRB02KT,14,12
2024-06-13 05:00:00.000,2024,6,13,5,35004KT,13,12
2024-06-13 06:00:00.000,2024,6,13,6,VRB02KT,12,12
2024-06-13 07:00:00.000,2024,6,13,7,35003KT,12,11
2024-06-13 08:00:00.000,2024,6,13,8,26005KT,13,12
2024-06-13 09:00:00.000,2024,6,13,9,32003KT,13,12
2024-06-13 10:00:00.000,2024,6,13,10,00000KT,11,11
2024-06-13 10:30:00.000,2024,6,13,10,00000KT,11,11
2024-06-13 11:00:00.000,2024,6,13,11,02003KT,11,11
2024-06-13 12:00:00.000,2024,6,13,12,VRB02KT,12,12
2024-06-13 12:20:00.000,2024,6,13,12,07003KT,15,12
2024-06-13 13:00:00.000,2024,6,13,13,05003KT,17,13
2024-06-13 14:00:00.000,2024,6,13,14,VRB02KT,18,11
2024-06-13 15:00:00.000,2024,6,13,15,05006KT,19,11
2024-06-13 16:00:00.000,2024,6,13,16,12004KT,19,10
2024-06-13 17:00:00.000,2024,6,13,17,05008KT,18,11
2024-06-13 18:00:00.000,2024,6,13,18,10006KT,20,11
2024-06-13 19:00:00.000,2024,6,13,19,16007G18KT,20,10
2024-06-13 20:00:00.000,2024,6,13,20,12007KT,19,11
2024-06-13 21:00:00.000,2024,6,13,21,24006KT,17,13
2024-06-13 21:29:00.000,2024,6,13,21,30005KT,16,13
2024-06-13 22:00:00.000,2024,6,13,22,33004KT,16,14
2024-06-13 23:00:00.000,2024,6,13,23,25004KT,15,13
2024-06-14 00:00:00.000,2024,6,14,0,VRB02KT,14,13
2024-06-14 01:00:00.000,2024,6,14,1,VRB02KT,13,13
2024-06-14 02:00:00.000,2024,6,14,2,36003KT,12,12
2024-06-14 03:00:00.000,2024,6,14,3,VRB02KT,12,12
2024-06-14 04:00:00.000,2024,6,14,4,VRB02KT,11,11
2024-06-14 05:00:00.000,2024,6,14,5,VRB02KT,11,10
2024-06-14 06:00:00.000,2024,6,14,6,VRB01KT,11,11
2024-06-14 07:00:00.000,2024,6,14,7,VRB02KT,10,10
2024-06-14 08:00:00.000,2024,6,14,8,VRB02KT,11,11
2024-06-14 09:00:00.000,2024,6,14,9,33003KT,10,10
2024-06-14 10:00:00.000,2024,6,14,10,VRB02KT,10,10
2024-06-14 10:32:00.000,2024,6,14,10,VRB02KT,10,10
2024-06-14 11:00:00.000,2024,6,14,11,VRB02KT,09,09
2024-06-14 11:30:00.000,2024,6,14,11,VRB02KT,08,08
2024-06-14 12:00:00.000,2024,6,14,12,35003KT,11,10
2024-06-14 12:36:00.000,2024,6,14,12,03006KT,13,12
2024-06-14 13:00:00.000,2024,6,14,13,03008KT,15,12
2024-06-14 14:00:00.000,2024,6,14,14,05006KT,17,12
2024-06-14 15:00:00.000,2024,6,14,15,04006KT,17,11
2024-06-14 16:00:00.000,2024,6,14,16,04005KT,18,12
2024-06-14 17:00:00.000,2024,6,14,17,19006KT,20,10
2024-06-14 18:00:00.000,2024,6,14,18,03004KT,19,11
2024-06-14 18:29:00.000,2024,6,14,18,03012KT,16,14
2024-06-14 19:00:00.000,2024,6,14,19,25011KT,17,16
2024-06-14 20:00:00.000,2024,6,14,20,27007KT,16,14
2024-06-14 20:23:00.000,2024,6,14,20,32004KT,16,14
2024-06-14 21:00:00.000,2024,6,14,21,31003KT,15,14
2024-06-14 22:00:00.000,2024,6,14,22,27004KT,15,14
2024-06-14 23:00:00.000,2024,6,14,23,22003KT,15,14
2024-06-15 00:00:00.000,2024,6,15,0,VRB02KT,13,13
2024-06-15 01:00:00.000,2024,6,15,1,VRB02KT,13,13
2024-06-15 02:00:00.000,2024,6,15,2,01001KT,13,13
2024-06-15 03:00:00.000,2024,6,15,3,VRB02KT,13,13
2024-06-15 04:00:00.000,2024,6,15,4,VRB02KT,13,13
2024-06-15 05:00:00.000,2024,6,15,5,VRB02KT,13,13
2024-06-15 06:00:00.000,2024,6,15,6,02004KT,13,13
2024-06-15 07:00:00.000,2024,6,15,7,33003KT,13,13
2024-06-15 08:00:00.000,2024,6,15,8,VRB02KT,13,13
2024-06-15 09:00:00.000,2024,6,15,9,02003KT,12,12
2024-06-15 10:00:00.000,2024,6,15,10,33004KT,12,12
2024-06-15 10:31:00.000,2024,6,15,10,VRB02KT,12,12
2024-06-15 11:00:00.000,2024,6,15,11,02004KT,12,12
2024-06-15 12:00:00.000,2024,6,15,12,VRB02KT,13,13
2024-06-15 13:00:00.000,2024,6,15,13,27003KT,14,13
2024-06-15 14:00:00.000,2024,6,15,14,30005KT,14,13
2024-06-15 15:00:00.000,2024,6,15,15,27004KT,16,13
2024-06-15 16:00:00.000,2024,6,15,16,VRB02KT,17,13
2024-06-15 17:00:00.000,2024,6,15,17,03005KT,17,14
2024-06-15 18:00:00.000,2024,6,15,18,31010KT,16,14
2024-06-15 19:00:00.000,2024,6,15,19,32010KT,16,14
2024-06-15 20:00:00.000,2024,6,15,20,30009KT,17,13
2024-06-15 21:00:00.000,2024,6,15,21,32009KT,15,13
2024-06-15 22:00:00.000,2024,6,15,22,29005KT,15,14
2024-06-15 22:34:00.000,2024,6,15,22,32003KT,14,13
2024-06-15 23:00:00.000,2024,6,15,23,30004KT,14,13
2024-06-16 00:00:00.000,2024,6,16,0,VRB02KT,13,12
2024-06-16 01:00:00.000,2024,6,16,1,VRB02KT,13,12
2024-06-16 02:00:00.000,2024,6,16,2,VRB02KT,13,12
2024-06-16 03:00:00.000,2024,6,16,3,34003KT,12,12
2024-06-16 04:00:00.000,2024,6,16,4,05008KT,13,13
2024-06-16 05:00:00.000,2024,6,16,5,06009KT,12,12
2024-06-16 06:00:00.000,2024,6,16,6,VRB06KT,12,11
2024-06-16 07:00:00.000,2024,6,16,7,05006G16KT,12,11
2024-06-16 08:00:00.000,2024,6,16,8,05006KT,12,11
2024-06-16 09:00:00.000,2024,6,16,9,08003KT,12,11
2024-06-16 10:00:00.000,2024,6,16,10,07005KT,12,11
2024-06-16 10:30:00.000,2024,6,16,10,04004KT,12,12
2024-06-16 11:00:00.000,2024,6,16,11,05003KT,12,12
2024-06-16 12:00:00.000,2024,6,16,12,05004KT,12,12
2024-06-16 13:00:00.000,2024,6,16,13,08004KT,14,11
2024-06-16 14:00:00.000,2024,6,16,14,VRB03KT,16,11
2024-06-16 15:00:00.000,2024,6,16,15,21007KT,15,12
2024-06-16 16:00:00.000,2024,6,16,16,13006KT,16,12
2024-06-16 17:00:00.000,2024,6,16,17,17006KT,17,12
2024-06-16 18:00:00.000,2024,6,16,18,15006KT,17,12
2024-06-16 19:00:00.000,2024,6,16,19,06006KT,17,12
2024-06-16 20:00:00.000,2024,6,16,20,08006KT,19,12
2024-06-16 21:00:00.000,2024,6,16,21,12006KT,18,10
2024-06-16 22:00:00.000,2024,6,16,22,13008KT,17,09
2024-06-16 23:00:00.000,2024,6,16,23,31006KT,14,13
2024-06-17 00:00:00.000,2024,6,17,0,35004KT,12,12
2024-06-17 01:00:00.000,2024,6,17,1,VRB02KT,12,12
2024-06-17 02:00:00.000,2024,6,17,2,VRB02KT,11,11
2024-06-17 03:00:00.000,2024,6,17,3,VRB02KT,11,11
2024-06-17 04:00:00.000,2024,6,17,4,03004KT,10,10
2024-06-17 05:00:00.000,2024,6,17,5,31004KT,10,10
2024-06-17 06:00:00.000,2024,6,17,6,32003KT,10,10
2024-06-17 07:00:00.000,2024,6,17,7,VRB02KT,10,10
2024-06-17 08:00:00.000,2024,6,17,8,34003KT,09,09
2024-06-17 09:00:00.000,2024,6,17,9,36003KT,09,09
2024-06-17 10:00:00.000,2024,6,17,10,VRB02KT,10,10
2024-06-17 10:30:00.000,2024,6,17,10,VRB02KT,11,11
2024-06-17 11:00:00.000,2024,6,17,11,VRB02KT,11,11
2024-06-17 12:00:00.000,2024,6,17,12,VRB02KT,11,11
2024-06-17 13:00:00.000,2024,6,17,13,02004KT,13,12
2024-06-17 14:00:00.000,2024,6,17,14,05004KT,14,11
2024-06-17 15:00:00.000,2024,6,17,15,04004KT,13,11
2024-06-17 16:00:00.000,2024,6,17,16,08006KT,16,14
2024-06-17 17:00:00.000,2024,6,17,17,11005KT,17,11
2024-06-17 18:00:00.000,2024,6,17,18,03005KT,18,11
2024-06-17 19:00:00.000,2024,6,17,19,10005KT,19,10
2024-06-17 20:00:00.000,2024,6,17,20,25007G17KT,16,13
2024-06-17 21:00:00.000,2024,6,17,21,29005KT,16,13
2024-06-17 22:00:00.000,2024,6,17,22,25006KT,17,12
2024-06-17 23:00:00.000,2024,6,17,23,24005KT,17,11
2024-06-18 00:00:00.000,2024,6,18,0,17007KT,16,10
2024-06-18 01:00:00.000,2024,6,18,1,14008KT,14,10
2024-06-18 02:00:00.000,2024,6,18,2,12004KT,15,10
2024-06-18 03:00:00.000,2024,6,18,3,06003KT,13,12
2024-06-18 04:00:00.000,2024,6,18,4,07004KT,14,12
2024-06-18 05:00:00.000,2024,6,18,5,08004KT,14,11
2024-06-18 06:00:00.000,2024,6,18,6,04004G15KT,13,12
2024-06-18 07:00:00.000,2024,6,18,7,05004KT,13,12
2024-06-18 08:00:00.000,2024,6,18,8,03004KT,12,12
2024-06-18 09:00:00.000,2024,6,18,9,VRB02KT,12,11
2024-06-18 10:00:00.000,2024,6,18,10,36003KT,11,11
2024-06-18 10:30:00.000,2024,6,18,10,VRB02KT,11,11
2024-06-18 11:00:00.000,2024,6,18,11,VRB02KT,11,11
2024-06-18 12:00:00.000,2024,6,18,12,03003KT,13,13
2024-06-18 13:00:00.000,2024,6,18,13,03003KT,14,12
2024-06-18 14:00:00.000,2024,6,18,14,VRB02KT,16,12
2024-06-18 15:00:00.000,2024,6,18,15,VRB02KT,17,12
2024-06-18 16:00:00.000,2024,6,18,16,31004KT,19,12
2024-06-18 17:00:00.000,2024,6,18,17,27005KT,21,12
2024-06-18 17:07:00.000,2024,6,18,17,32008KT,20,12
2024-06-18 17:28:00.000,2024,6,18,17,05009KT,17,13
2024-06-18 17:39:00.000,2024,6,18,17,14010KT,12,12
2024-06-18 18:00:00.000,2024,6,18,18,25010KT,14,14
2024-06-18 19:00:00.000,2024,6,18,19,24007KT,14,12
2024-06-18 20:00:00.000,2024,6,18,20,33007KT,13,12
2024-06-18 21:00:00.000,2024,6,18,21,32006KT,14,12
2024-06-18 22:00:00.000,2024,6,18,22,VRB02KT,13,13
2024-06-18 23:00:00.000,2024,6,18,23,28005KT,14,13
2024-06-19 00:00:00.000,2024,6,19,0,VRB02KT,13,13
2024-06-19 01:00:00.000,2024,6,19,1,26005KT,13,13
2024-06-19 02:00:00.000,2024,6,19,2,28004KT,14,13
2024-06-19 03:00:00.000,2024,6,19,3,VRB02KT,13,13
2024-06-19 04:00:00.000,2024,6,19,4,VRB02KT,14,13
2024-06-19 05:00:00.000,2024,6,19,5,26006KT,13,12
2024-06-19 06:00:00.000,2024,6,19,6,35004KT,13,13
2024-06-19 07:00:00.000,2024,6,19,7,33008KT,13,13
2024-06-19 08:00:00.000,2024,6,19,8,31004KT,12,12
2024-06-19 09:00:00.000,2024,6,19,9,00000KT,12,12
2024-06-19 10:00:00.000,2024,6,19,10,00000KT,12,12
2024-06-19 10:30:00.000,2024,6,19,10,VRB02KT,12,12
2024-06-19 11:00:00.000,2024,6,19,11,00000KT,12,12
2024-06-19 12:00:00.000,2024,6,19,12,VRB02KT,13,13
2024-06-19 13:00:00.000,2024,6,19,13,05003KT,16,13
2024-06-19 14:00:00.000,2024,6,19,14,01004KT,17,12
2024-06-19 15:00:00.000,2024,6,19,15,02004KT,18,12
2024-06-19 16:00:00.000,2024,6,19,16,04004KT,17,12
2024-06-19 16:01:00.000,2024,6,19,16,03004KT,14,13
2024-06-19 16:24:00.000,2024,6,19,16,32005KT,15,13
2024-06-19 17:00:00.000,2024,6,19,17,31008KT,15,14
2024-06-19 17:21:00.000,2024,6,19,17,32006KT,15,13
2024-06-19 17:37:00.000,2024,6,19,17,34004KT,15,13
2024-06-19 18:00:00.000,2024,6,19,18,31010KT,13,13
2024-06-19 18:12:00.000,2024,6,19,18,31008KT,14,14
2024-06-19 19:00:00.000,2024,6,19,19,35006KT,14,14
2024-06-19 20:00:00.000,2024,6,19,20,28005KT,14,13
2024-06-19 21:00:00.000,2024,6,19,21,27005KT,16,14
2024-06-19 22:00:00.000,2024,6,19,22,28005KT,15,13
2024-06-19 23:00:00.000,2024,6,19,23,23005KT,15,13
2024-06-20 00:00:00.000,2024,6,20,0,34003KT,15,14
2024-06-20 00:25:00.000,2024,6,20,0,03003KT,14,14
2024-06-20 01:00:00.000,2024,6,20,1,VRB02KT,14,14
2024-06-20 02:00:00.000,2024,6,20,2,VRB02KT,13,13
2024-06-20 03:00:00.000,2024,6,20,3,27003KT,13,13
2024-06-20 04:00:00.000,2024,6,20,4,29004KT,13,13
2024-06-20 05:00:00.000,2024,6,20,5,00000KT,11,11
2024-06-20 06:00:00.000,2024,6,20,6,VRB03KT,12,12
2024-06-20 07:00:00.000,2024,6,20,7,02003KT,12,12
2024-06-20 08:00:00.000,2024,6,20,8,03003KT,12,12
2024-06-20 09:00:00.000,2024,6,20,9,VRB02KT,12,12
2024-06-20 10:00:00.000,2024,6,20,10,VRB02KT,12,12
2024-06-20 10:30:00.000,2024,6,20,10,VRB02KT,11,11
2024-06-20 11:00:00.000,2024,6,20,11,VRB02KT,11,11
2024-06-20 12:00:00.000,2024,6,20,12,03003KT,13,12
2024-06-20 12:31:00.000,2024,6,20,12,08005KT,15,13
2024-06-20 13:00:00.000,2024,6,20,13,07005KT,16,12
2024-06-20 14:00:00.000,2024,6,20,14,04007KT,17,13
2024-06-20 15:00:00.000,2024,6,20,15,04008KT,17,12
2024-06-20 16:00:00.000,2024,6,20,16,15006KT,18,09
2024-06-20 17:00:00.000,2024,6,20,17,16009KT,18,11
2024-06-20 18:00:00.000,2024,6,20,18,17006KT,19,10
2024-06-20 19:00:00.000,2024,6,20,19,16009KT,20,11
2024-06-20 20:00:00.000,2024,6,20,20,03004KT,19,11
2024-06-20 21:00:00.000,2024,6,20,21,12008KT,20,09
2024-06-20 22:00:00.000,2024,6,20,22,05006KT,18,10
2024-06-20 22:35:00.000,2024,6,20,22,06010KT,16,10
2024-06-20 23:00:00.000,2024,6,20,23,12008KT,15,11
2024-06-21 00:00:00.000,2024,6,21,0,VRB02KT,14,13
2024-06-21 01:00:00.000,2024,6,21,1,05004KT,13,12
2024-06-21 02:00:00.000,2024,6,21,2,05004KT,13,11
2024-06-21 03:00:00.000,2024,6,21,3,06006KT,13,11
2024-06-21 04:00:00.000,2024,6,21,4,VRB02KT,12,11
2024-06-21 05:00:00.000,2024,6,21,5,04006KT,11,11
2024-06-21 06:00:00.000,2024,6,21,6,04006KT,12,11
2024-06-21 07:00:00.000,2024,6,21,7,06004KT,12,11
2024-06-21 08:00:00.000,2024,6,21,8,VRB02KT,12,10
2024-06-21 09:00:00.000,2024,6,21,9,09004KT,12,10
2024-06-21 10:00:00.000,2024,6,21,10,VRB02KT,10,09
2024-06-21 10:34:00.000,2024,6,21,10,36004KT,11,10
2024-06-21 11:00:00.000,2024,6,21,11,04004KT,11,10
2024-06-21 12:00:00.000,2024,6,21,12,02007KT,13,10
2024-06-21 13:00:00.000,2024,6,21,13,06006KT,15,12
2024-06-21 14:00:00.000,2024,6,21,14,VRB02KT,16,10
2024-06-21 15:00:00.000,2024,6,21,15,08005KT,17,11
2024-06-21 16:00:00.000,2024,6,21,16,14011KT,19,11
2024-06-21 17:00:00.000,2024,6,21,17,14009KT,20,10
2024-06-21 18:00:00.000,2024,6,21,18,16012KT,19,11
2024-06-21 19:00:00.000,2024,6,21,19,VRB04KT,19,10
2024-06-21 20:00:00.000,2024,6,21,20,17006KT,18,10
2024-06-21 21:00:00.000,2024,6,21,21,16005KT,17,11
2024-06-21 22:00:00.000,2024,6,21,22,05003KT,18,11
2024-06-21 23:00:00.000,2024,6,21,23,06005KT,16,11
2024-06-22 00:00:00.000,2024,6,22,0,32003KT,15,13
2024-06-22 01:00:00.000,2024,6,22,1,34004KT,14,13
2024-06-22 02:00:00.000,2024,6,22,2,32003KT,14,12
2024-06-22 03:00:00.000,2024,6,22,3,36002KT,12,12
2024-06-22 04:00:00.000,2024,6,22,4,VRB02KT,12,11
2024-06-22 05:00:00.000,2024,6,22,5,03003KT,11,11
2024-06-22 06:00:00.000,2024,6,22,6,32003KT,10,10
2024-06-22 07:00:00.000,2024,6,22,7,02004KT,09,09
2024-06-22 08:00:00.000,2024,6,22,8,01003KT,09,09
2024-06-22 09:00:00.000,2024,6,22,9,00000KT,10,10
2024-06-22 10:00:00.000,2024,6,22,10,30003KT,10,10
2024-06-22 10:30:00.000,2024,6,22,10,35003KT,10,10
2024-06-22 11:00:00.000,2024,6,22,11,34003KT,10,10
2024-06-22 12:00:00.000,2024,6,22,12,02003KT,12,11
2024-06-22 12:21:00.000,2024,6,22,12,VRB03KT,14,12
2024-06-22 13:00:00.000,2024,6,22,13,07004KT,16,12
2024-06-22 14:00:00.000,2024,6,22,14,07003KT,16,11
2024-06-22 14:26:00.000,2024,6,22,14,VRB03KT,18,12
2024-06-22 15:00:00.000,2024,6,22,15,VRB03KT,19,11
2024-06-22 16:00:00.000,2024,6,22,16,02008KT,19,11
2024-06-22 17:00:00.000,2024,6,22,17,28004KT,18,10
2024-06-22 18:00:00.000,2024,6,22,18,25004KT,19,11
2024-06-22 19:00:00.000,2024,6,22,19,25006KT,19,13
2024-06-22 20:00:00.000,2024,6,22,20,16008KT,19,11
2024-06-22 21:00:00.000,2024,6,22,21,01003KT,18,11
2024-06-22 22:00:00.000,2024,6,22,22,00000KT,27,25
2024-06-22 23:00:00.000,2024,6,22,23,25005KT,16,11
2024-06-23 00:00:00.000,2024,6,23,0,18008KT,17,10
2024-06-23 01:00:00.000,2024,6,23,1,20004KT,16,10
2024-06-23 02:00:00.000,2024,6,23,2,VRB04KT,15,10
2024-06-23 03:00:00.000,2024,6,23,3,33005KT,13,12
2024-06-23 04:00:00.000,2024,6,23,4,34004KT,13,12
2024-06-23 05:00:00.000,2024,6,23,5,VRB02KT,13,12
2024-06-23 06:00:00.000,2024,6,23,6,VRB02KT,14,12
2024-06-23 07:00:00.000,2024,6,23,7,32004KT,13,12
2024-06-23 08:00:00.000,2024,6,23,8,31003KT,12,11
2024-06-23 09:00:00.000,2024,6,23,9,VRB02KT,12,11
2024-06-23 10:00:00.000,2024,6,23,10,VRB02KT,12,12
2024-06-23 10:30:00.000,2024,6,23,10,33003KT,11,11
2024-06-23 11:00:00.000,2024,6,23,11,30003KT,11,11
2024-06-23 12:00:00.000,2024,6,23,12,05002KT,12,11
2024-06-23 13:00:00.000,2024,6,23,13,03003KT,14,12
2024-06-23 14:00:00.000,2024,6,23,14,35004KT,15,12
2024-06-23 15:00:00.000,2024,6,23,15,VRB03KT,16,12
2024-06-23 16:00:00.000,2024,6,23,16,04005KT,16,11
2024-06-23 17:00:00.000,2024,6,23,17,05009KT,15,13
2024-06-23 17:20:00.000,2024,6,23,17,05009KT,15,14
2024-06-23 18:00:00.000,2024,6,23,18,04005KT,16,14
2024-06-23 18:40:00.000,2024,6,23,18,08008KT,16,14
2024-06-23 19:00:00.000,2024,6,23,19,22005KT,13,13
2024-06-23 20:00:00.000,2024,6,23,20,02006KT,15,14
2024-06-23 21:00:00.000,2024,6,23,21,04006KT,16,14
2024-06-23 22:00:00.000,2024,6,23,22,02005KT,15,14
2024-06-23 23:00:00.000,2024,6,23,23,34004KT,14,13
2024-06-24 00:00:00.000,2024,6,24,0,27004KT,14,14
2024-06-24 01:00:00.000,2024,6,24,1,32003KT,13,13
2024-06-24 02:00:00.000,2024,6,24,2,03003KT,13,12
2024-06-24 03:00:00.000,2024,6,24,3,03004KT,13,12
2024-06-24 04:00:00.000,2024,6,24,4,01003KT,13,12
2024-06-24 05:00:00.000,2024,6,24,5,01003KT,12,12
2024-06-24 06:00:00.000,2024,6,24,6,VRB02KT,13,12
2024-06-24 07:00:00.000,2024,6,24,7,VRB02KT,12,12
2024-06-24 08:00:00.000,2024,6,24,8,04006KT,12,11
2024-06-24 09:00:00.000,2024,6,24,9,03004KT,12,11
2024-06-24 10:00:00.000,2024,6,24,10,06004KT,12,11
2024-06-24 10:29:00.000,2024,6,24,10,04004KT,11,11
2024-06-24 11:00:00.000,2024,6,24,11,06004KT,11,10
2024-06-24 12:00:00.000,2024,6,24,12,VRB02KT,11,11
2024-06-24 13:00:00.000,2024,6,24,13,04005KT,14,12
2024-06-24 14:00:00.000,2024,6,24,14,08003KT,16,12
2024-06-24 15:00:00.000,2024,6,24,15,05007KT,17,11
2024-06-24 16:00:00.000,2024,6,24,16,06006KT,17,12
2024-06-24 17:00:00.000,2024,6,24,17,04007KT,18,12
2024-06-24 18:00:00.000,2024,6,24,18,21010KT,17,11
2024-06-24 19:00:00.000,2024,6,24,19,36005KT,16,13
2024-06-24 20:00:00.000,2024,6,24,20,23009KT,16,14
2024-06-24 21:00:00.000,2024,6,24,21,24008KT,17,13
2024-06-24 22:00:00.000,2024,6,24,22,30010KT,15,14
2024-06-24 23:00:00.000,2024,6,24,23,24005KT,15,13
2024-06-25 00:00:00.000,2024,6,25,0,01003KT,14,13
2024-06-25 01:00:00.000,2024,6,25,1,14006KT,14,12
2024-06-25 02:00:00.000,2024,6,25,2,VRB02KT,14,12
2024-06-25 03:00:00.000,2024,6,25,3,VRB02KT,13,13
2024-06-25 04:00:00.000,2024,6,25,4,03003KT,13,13
2024-06-25 05:00:00.000,2024,6,25,5,VRB02KT,12,12
2024-06-25 06:00:00.000,2024,6,25,6,04004KT,12,12
2024-06-25 07:00:00.000,2024,6,25,7,06004KT,12,12
2024-06-25 08:00:00.000,2024,6,25,8,VRB02KT,12,12
2024-06-25 09:00:00.000,2024,6,25,9,04003KT,11,11
2024-06-25 10:00:00.000,2024,6,25,10,02002KT,11,11
2024-06-25 10:30:00.000,2024,6,25,10,05003KT,11,11
2024-06-25 11:00:00.000,2024,6,25,11,33003KT,11,11
2024-06-25 12:00:00.000,2024,6,25,12,30004KT,13,12
2024-06-25 13:00:00.000,2024,6,25,13,VRB02KT,14,12
2024-06-25 14:00:00.000,2024,6,25,14,VRB02KT,14,12
2024-06-25 14:26:00.000,2024,6,25,14,01004KT,16,14
2024-06-25 15:00:00.000,2024,6,25,15,33006KT,17,13
2024-06-25 16:00:00.000,2024,6,25,16,16006KT,18,10
2024-06-25 17:00:00.000,2024,6,25,17,19005KT,19,10
2024-06-25 18:00:00.000,2024,6,25,18,16014KT,20,09
2024-06-25 19:00:00.000,2024,6,25,19,19013KT,21,09
2024-06-25 20:00:00.000,2024,6,25,20,17011KT,21,08
2024-06-25 21:00:00.000,2024,6,25,21,17012KT,20,08
2024-06-25 22:00:00.000,2024,6,25,22,24012KT,19,12
2024-06-25 23:00:00.000,2024,6,25,23,27012KT,17,13
2024-06-26 00:00:00.000,2024,6,26,0,VRB02KT,14,13
2024-06-26 01:00:00.000,2024,6,26,1,36004KT,12,12
2024-06-26 02:00:00.000,2024,6,26,2,01003KT,13,13
2024-06-26 03:00:00.000,2024,6,26,3,VRB02KT,13,12
2024-06-26 04:00:00.000,2024,6,26,4,35006KT,13,11
2024-06-26 05:00:00.000,2024,6,26,5,VRB02KT,12,11
2024-06-26 06:00:00.000,2024,6,26,6,06005KT,12,11
2024-06-26 07:00:00.000,2024,6,26,7,06004KT,12,12
2024-06-26 08:00:00.000,2024,6,26,8,04004KT,12,12
2024-06-26 09:00:00.000,2024,6,26,9,06004KT,12,12
2024-06-26 10:00:00.000,2024,6,26,10,06004KT,11,11
2024-06-26 10:32:00.000,2024,6,26,10,06005KT,11,11
2024-06-26 11:00:00.000,2024,6,26,11,06004KT,11,11
2024-06-26 12:00:00.000,2024,6,26,12,06005KT,13,12
2024-06-26 13:00:00.000,2024,6,26,13,05005KT,15,12
2024-06-26 14:00:00.000,2024,6,26,14,14008KT,17,10
2024-06-26 15:00:00.000,2024,6,26,15,16008KT,16,09
2024-06-26 16:00:00.000,2024,6,26,16,20008KT,17,09
2024-06-26 17:00:00.000,2024,6,26,17,17014KT,16,10
2024-06-26 17:15:00.000,2024,6,26,17,17015KT,19,10
2024-06-26 18:00:00.000,2024,6,26,18,17016KT,19,09
2024-06-26 19:00:00.000,2024,6,26,19,15014KT,16,09
2024-06-26 20:00:00.000,2024,6,26,20,16010KT,17,09
2024-06-26 21:00:00.000,2024,6,26,21,18007KT,18,09
2024-06-26 22:00:00.000,2024,6,26,22,16007KT,18,08
2024-06-26 23:00:00.000,2024,6,26,23,20011KT,17,06
2024-06-27 00:00:00.000,2024,6,27,0,17010KT,15,07
2024-06-27 01:00:00.000,2024,6,27,1,13006KT,14,07
2024-06-27 02:00:00.000,2024,6,27,2,14007KT,14,07
2024-06-27 03:00:00.000,2024,6,27,3,15006KT,14,07
2024-06-27 04:00:00.000,2024,6,27,4,13003KT,13,07
2024-06-27 05:00:00.000,2024,6,27,5,02005KT,10,09
2024-06-27 06:00:00.000,2024,6,27,6,35005KT,09,09
2024-06-27 07:00:00.000,2024,6,27,7,08005KT,11,10
2024-06-27 08:00:00.000,2024,6,27,8,08003KT,11,10
2024-06-27 09:00:00.000,2024,6,27,9,VRB02KT,10,09
2024-06-27 10:00:00.000,2024,6,27,10,VRB02KT,10,10
2024-06-27 10:30:00.000,2024,6,27,10,29003KT,10,09
2024-06-27 11:00:00.000,2024,6,27,11,VRB02KT,10,09
2024-06-27 12:00:00.000,2024,6,27,12,VRB02KT,11,10
2024-06-27 13:00:00.000,2024,6,27,13,VRB02KT,13,10
2024-06-27 13:27:00.000,2024,6,27,13,17004KT,16,11
2024-06-27 14:00:00.000,2024,6,27,14,33003KT,17,10
2024-06-27 15:00:00.000,2024,6,27,15,06004KT,17,10
2024-06-27 16:00:00.000,2024,6,27,16,04005KT,17,10
2024-06-27 17:00:00.000,2024,6,27,17,03006KT,17,10
2024-06-27 18:00:00.000,2024,6,27,18,34004KT,17,10
2024-06-27 19:00:00.000,2024,6,27,19,36007KT,18,11
2024-06-27 20:00:00.000,2024,6,27,20,03005KT,18,11
2024-06-27 21:00:00.000,2024,6,27,21,23010KT,17,12
2024-06-27 22:00:00.000,2024,6,27,22,25008KT,16,10
2024-06-27 23:00:00.000,2024,6,27,23,23004KT,14,10
2024-06-28 00:00:00.000,2024,6,28,0,VRB02KT,14,10
2024-06-28 01:00:00.000,2024,6,28,1,27004KT,14,10
2024-06-28 02:00:00.000,2024,6,28,2,VRB02KT,12,11
2024-06-28 03:00:00.000,2024,6,28,3,36003KT,11,10
2024-06-28 04:00:00.000,2024,6,28,4,VRB02KT,12,11
2024-06-28 05:00:00.000,2024,6,28,5,VRB02KT,13,11
2024-06-28 06:00:00.000,2024,6,28,6,34004KT,12,11
2024-06-28 07:00:00.000,2024,6,28,7,33004KT,12,11
2024-06-28 08:00:00.000,2024,6,28,8,25003KT,12,11
2024-06-28 09:00:00.000,2024,6,28,9,30003KT,12,12
2024-06-28 10:00:00.000,2024,6,28,10,26003KT,12,11
2024-06-28 10:34:00.000,2024,6,28,10,32003KT,12,11
2024-06-28 11:00:00.000,2024,6,28,11,31003KT,11,11
2024-06-28 12:00:00.000,2024,6,28,12,VRB02KT,12,11
2024-06-28 13:00:00.000,2024,6,28,13,27003KT,13,12
2024-06-28 14:00:00.000,2024,6,28,14,32004KT,15,12
2024-06-28 15:00:00.000,2024,6,28,15,33003KT,16,12
2024-06-28 16:00:00.000,2024,6,28,16,29006KT,16,12
2024-06-28 17:00:00.000,2024,6,28,17,24008KT,15,14
2024-06-28 18:00:00.000,2024,6,28,18,30012KT,13,13
2024-06-28 19:00:00.000,2024,6,28,19,34006KT,13,12
2024-06-28 20:00:00.000,2024,6,28,20,VRB02KT,16,12
2024-06-28 21:00:00.000,2024,6,28,21,19005KT,16,12
2024-06-28 22:00:00.000,2024,6,28,22,24004KT,16,12
2024-06-28 23:00:00.000,2024,6,28,23,22004KT,16,12
2024-06-29 00:00:00.000,2024,6,29,0,25004KT,14,12
2024-06-29 01:00:00.000,2024,6,29,1,25005KT,13,12
2024-06-29 02:00:00.000,2024,6,29,2,VRB02KT,11,11
2024-06-29 03:00:00.000,2024,6,29,3,VRB02KT,11,11
2024-06-29 04:00:00.000,2024,6,29,4,33003KT,12,12
2024-06-29 05:00:00.000,2024,6,29,5,VRB02KT,12,12
2024-06-29 06:00:00.000,2024,6,29,6,VRB02KT,12,12
2024-06-29 07:00:00.000,2024,6,29,7,25006KT,12,12
2024-06-29 08:00:00.000,2024,6,29,8,26003KT,11,11
2024-06-29 09:00:00.000,2024,6,29,9,VRB02KT,11,11
2024-06-29 10:00:00.000,2024,6,29,10,VRB02KT,11,11
2024-06-29 10:30:00.000,2024,6,29,10,29003KT,11,11
2024-06-29 11:00:00.000,2024,6,29,11,VRB02KT,10,10
2024-06-29 12:00:00.000,2024,6,29,12,34004KT,11,11
2024-06-29 12:03:00.000,2024,6,29,12,VRB02KT,11,11
2024-06-29 12:16:00.000,2024,6,29,12,34003KT,11,11
2024-06-29 12:30:00.000,2024,6,29,12,VRB02KT,12,12
2024-06-29 13:00:00.000,2024,6,29,13,27003KT,13,13
2024-06-29 13:22:00.000,2024,6,29,13,17003KT,15,13
2024-06-29 14:00:00.000,2024,6,29,14,13003KT,16,13
2024-06-29 15:00:00.000,2024,6,29,15,35003KT,18,11
2024-06-29 16:00:00.000,2024,6,29,16,21003KT,19,10
2024-06-29 17:00:00.000,2024,6,29,17,02005KT,19,10
2024-06-29 18:00:00.000,2024,6,29,18,35003KT,21,11
2024-06-29 19:00:00.000,2024,6,29,19,27006KT,20,13
2024-06-29 19:40:00.000,2024,6,29,19,28009KT,17,14
2024-06-29 20:00:00.000,2024,6,29,20,28010KT,13,13
2024-06-29 20:19:00.000,2024,6,29,20,27009KT,15,14
2024-06-29 21:00:00.000,2024,6,29,21,27008KT,17,15
2024-06-29 22:00:00.000,2024,6,29,22,25008KT,17,13
2024-06-29 23:00:00.000,2024,6,29,23,23006KT,16,13
2024-06-30 00:00:00.000,2024,6,30,0,32003KT,15,14
2024-06-30 01:00:00.000,2024,6,30,1,VRB03KT,15,14
2024-06-30 02:00:00.000,2024,6,30,2,06004KT,14,13
2024-06-30 03:00:00.000,2024,6,30,3,VRB02KT,13,12
2024-06-30 04:00:00.000,2024,6,30,4,03003KT,13,12
2024-06-30 05:00:00.000,2024,6,30,5,34004KT,12,11
2024-06-30 06:00:00.000,2024,6,30,6,04004KT,12,11
2024-06-30 07:00:00.000,2024,6,30,7,03005KT,11,11
2024-06-30 08:00:00.000,2024,6,30,8,VRB02KT,11,11
2024-06-30 09:00:00.000,2024,6,30,9,01003KT,10,10
2024-06-30 10:00:00.000,2024,6,30,10,06003KT,10,10
2024-06-30 10:30:00.000,2024,6,30,10,05004KT,10,10
2024-06-30 11:00:00.000,2024,6,30,11,06004KT,10,10
2024-06-30 12:00:00.000,2024,6,30,12,06004KT,11,11
2024-06-30 13:00:00.000,2024,6,30,13,03006KT,14,12
2024-06-30 13:17:00.000,2024,6,30,13,06006KT,16,11
2024-06-30 14:00:00.000,2024,6,30,14,05007KT,16,11
2024-06-30 15:00:00.000,2024,6,30,15,09003KT,18,11
2024-06-30 16:00:00.000,2024,6,30,16,05003KT,19,10
2024-06-30 17:00:00.000,2024,6,30,17,03003KT,20,11
2024-06-30 18:00:00.000,2024,6,30,18,08005KT,21,10
2024-06-30 19:00:00.000,2024,6,30,19,23007KT,20,10
2024-06-30 20:00:00.000,2024,6,30,20,24012KT,19,14
2024-06-30 20:30:00.000,2024,6,30,20,25010KT,18,15
2024-06-30 21:00:00.000,2024,6,30,21,32010KT,16,15
2024-06-30 21:29:00.000,2024,6,30,21,18010KT,13,13
2024-06-30 22:00:00.000,2024,6,30,22,21009KT,15,15
2024-06-30 22:16:00.000,2024,6,30,22,21006KT,15,14
2024-06-30 23:00:00.000,2024,6,30,23,34003KT,14,14
2024-07-01 00:00:00.000,2024,7,1,0,34003KT,14,14
2024-07-01 01:00:00.000,2024,7,1,1,33005KT,14,13
2024-07-01 02:00:00.000,2024,7,1,2,VRB02KT,14,13
2024-07-01 03:00:00.000,2024,7,1,3,VRB02KT,13,13
2024-07-01 04:00:00.000,2024,7,1,4,VRB02KT,13,13
2024-07-01 05:00:00.000,2024,7,1,5,03003KT,13,13
2024-07-01 06:00:00.000,2024,7,1,6,VRB02KT,13,13
2024-07-01 07:00:00.000,2024,7,1,7,VRB02KT,12,12
2024-07-01 08:00:00.000,2024,7,1,8,VRB02KT,11,11
2024-07-01 09:00:00.000,2024,7,1,9,VRB02KT,11,10
2024-07-01 10:00:00.000,2024,7,1,10,VRB02KT,11,11
2024-07-01 10:30:00.000,2024,7,1,10,35003KT,12,12
2024-07-01 11:00:00.000,2024,7,1,11,34003KT,12,12
2024-07-01 12:00:00.000,2024,7,1,12,03003KT,13,13
2024-07-01 13:00:00.000,2024,7,1,13,05003KT,15,13
2024-07-01 14:00:00.000,2024,7,1,14,VRB02KT,18,14
2024-07-01 15:00:00.000,2024,7,1,15,10004KT,17,11
2024-07-01 16:00:00.000,2024,7,1,16,14009KT,19,11
2024-07-01 17:00:00.000,2024,7,1,17,11007KT,20,09
2024-07-01 18:00:00.000,2024,7,1,18,14007KT,20,09
2024-07-01 19:00:00.000,2024,7,1,19,15008KT,20,10
2024-07-01 20:00:00.000,2024,7,1,20,14005KT,21,09
2024-07-01 21:00:00.000,2024,7,1,21,09004KT,21,08
2024-07-01 22:00:00.000,2024,7,1,22,25007KT,18,13
2024-07-01 23:00:00.000,2024,7,1,23,23007KT,17,14
2024-07-02 00:00:00.000,2024,7,2,0,34004KT,15,14
2024-07-02 01:00:00.000,2024,7,2,1,33003KT,14,13
2024-07-02 02:00:00.000,2024,7,2,2,VRB02KT,14,14
2024-07-02 03:00:00.000,2024,7,2,3,VRB03KT,16,11
2024-07-02 04:00:00.000,2024,7,2,4,VRB02KT,15,11
2024-07-02 05:00:00.000,2024,7,2,5,13006KT,15,10
2024-07-02 06:00:00.000,2024,7,2,6,14006KT,14,10
2024-07-02 07:00:00.000,2024,7,2,7,11006KT,14,10
2024-07-02 08:00:00.000,2024,7,2,8,08003KT,12,11
2024-07-02 09:00:00.000,2024,7,2,9,05002KT,11,10
2024-07-02 10:00:00.000,2024,7,2,10,31003KT,12,10
2024-07-02 10:32:00.000,2024,7,2,10,05006KT,10,10
2024-07-02 11:00:00.000,2024,7,2,11,06005KT,10,10
2024-07-02 12:00:00.000,2024,7,2,12,04004KT,12,11
2024-07-02 13:00:00.000,2024,7,2,13,01003KT,14,11
2024-07-02 14:00:00.000,2024,7,2,14,10003KT,16,11
2024-07-02 15:00:00.000,2024,7,2,15,17011KT,17,10
2024-07-02 16:00:00.000,2024,7,2,16,14012KT,20,10
2024-07-02 17:00:00.000,2024,7,2,17,15015KT,19,09
2024-07-02 18:00:00.000,2024,7,2,18,18014KT,19,09
2024-07-02 19:00:00.000,2024,7,2,19,19013KT,20,09
2024-07-02 20:00:00.000,2024,7,2,20,19015KT,20,09
2024-07-02 21:00:00.000,2024,7,2,21,18013KT,20,09
2024-07-02 22:00:00.000,2024,7,2,22,15011KT,19,08
2024-07-02 23:00:00.000,2024,7,2,23,10006KT,18,08
2024-07-03 00:00:00.000,2024,7,3,0,17010KT,17,09
2024-07-03 01:00:00.000,2024,7,3,1,12006KT,15,09
2024-07-03 02:00:00.000,2024,7,3,2,07006KT,15,11
2024-07-03 03:00:00.000,2024,7,3,3,03008KT,14,12
2024-07-03 04:00:00.000,2024,7,3,4,05006KT,14,12
2024-07-03 05:00:00.000,2024,7,3,5,05005KT,12,12
2024-07-03 06:00:00.000,2024,7,3,6,03004KT,12,12
2024-07-03 07:00:00.000,2024,7,3,7,03006KT,12,12
2024-07-03 08:00:00.000,2024,7,3,8,05005KT,12,11
2024-07-03 09:00:00.000,2024,7,3,9,VRB03KT,12,11
2024-07-03 10:00:00.000,2024,7,3,10,04003KT,12,11
2024-07-03 10:30:00.000,2024,7,3,10,04003KT,12,12
2024-07-03 11:00:00.000,2024,7,3,11,07003KT,13,11
2024-07-03 12:00:00.000,2024,7,3,12,07004KT,13,11
2024-07-03 13:00:00.000,2024,7,3,13,07004KT,15,11
2024-07-03 14:00:00.000,2024,7,3,14,04008KT,16,12
2024-07-03 15:00:00.000,2024,7,3,15,VRB02KT,17,11
2024-07-03 16:00:00.000,2024,7,3,16,04005KT,17,12
2024-07-03 17:00:00.000,2024,7,3,17,21003KT,17,11
2024-07-03 18:00:00.000,2024,7,3,18,06006KT,16,13
2024-07-03 19:00:00.000,2024,7,3,19,06009KT,17,14
2024-07-03 20:00:00.000,2024,7,3,20,05010KT,18,13
2024-07-03 21:00:00.000,2024,7,3,21,03007KT,18,13
2024-07-03 22:00:00.000,2024,7,3,22,03005KT,17,13
2024-07-03 23:00:00.000,2024,7,3,23,28010KT,16,13
2024-07-04 00:00:00.000,2024,7,4,0,VRB03G13KT,15,12
2024-07-04 01:00:00.000,2024,7,4,1,VRB02KT,13,12
2024-07-04 02:00:00.000,2024,7,4,2,04004KT,13,11
2024-07-04 03:00:00.000,2024,7,4,3,VRB02KT,13,12
2024-07-04 04:00:00.000,2024,7,4,4,02005KT,13,12
2024-07-04 05:00:00.000,2024,7,4,5,25003KT,14,12
2024-07-04 06:00:00.000,2024,7,4,6,VRB02KT,12,12
2024-07-04 07:00:00.000,2024,7,4,7,00000KT,12,12
2024-07-04 08:00:00.000,2024,7,4,8,28003KT,12,12
2024-07-04 09:00:00.000,2024,7,4,9,VRB02KT,12,12
2024-07-04 10:00:00.000,2024,7,4,10,07003KT,12,12
2024-07-04 10:31:00.000,2024,7,4,10,03003KT,11,11
2024-07-04 11:00:00.000,2024,7,4,11,03003KT,11,11
2024-07-04 12:00:00.000,2024,7,4,12,VRB02KT,12,11
2024-07-04 12:35:00.000,2024,7,4,12,VRB02KT,15,12
2024-07-04 13:00:00.000,2024,7,4,13,VRB02KT,15,12
2024-07-04 14:00:00.000,2024,7,4,14,02005KT,16,12
2024-07-04 15:00:00.000,2024,7,4,15,VRB03KT,18,11
2024-07-04 16:00:00.000,2024,7,4,16,05006KT,18,11
2024-07-04 17:00:00.000,2024,7,4,17,23010KT,18,10
2024-07-04 18:00:00.000,2024,7,4,18,34005KT,19,10
2024-07-04 19:00:00.000,2024,7,4,19,33006KT,19,11
2024-07-04 19:09:00.000,2024,7,4,19,23009KT,17,11
2024-07-04 20:00:00.000,2024,7,4,20,28011KT,15,12
2024-07-04 21:00:00.000,2024,7,4,21,27009KT,18,14
2024-07-04 22:00:00.000,2024,7,4,22,27008KT,19,13
2024-07-04 23:00:00.000,2024,7,4,23,23012KT,16,14
2024-07-05 00:00:00.000,2024,7,5,0,VRB05KT,15,14
2024-07-05 01:00:00.000,2024,7,5,1,24003KT,15,14
2024-07-05 02:00:00.000,2024,7,5,2,35003KT,14,13
2024-07-05 03:00:00.000,2024,7,5,3,VRB02KT,14,13
2024-07-05 04:00:00.000,2024,7,5,4,02004KT,14,13
2024-07-05 05:00:00.000,2024,7,5,5,36003KT,14,13
2024-07-05 06:00:00.000,2024,7,5,6,27003KT,14,13
2024-07-05 07:00:00.000,2024,7,5,7,02003KT,13,13
2024-07-05 08:00:00.000,2024,7,5,8,VRB02KT,13,13
2024-07-05 09:00:00.000,2024,7,5,9,04006KT,13,13
2024-07-05 10:00:00.000,2024,7,5,10,04005KT,13,12
2024-07-05 10:29:00.000,2024,7,5,10,04005KT,13,13
2024-07-05 11:00:00.000,2024,7,5,11,05005KT,13,13
2024-07-05 12:00:00.000,2024,7,5,12,06004KT,14,13
2024-07-05 13:00:00.000,2024,7,5,13,04005KT,14,13
2024-07-05 14:00:00.000,2024,7,5,14,03003KT,15,13
2024-07-05 15:00:00.000,2024,7,5,15,03004KT,16,13
2024-07-05 15:20:00.000,2024,7,5,15,29005KT,15,13
2024-07-05 16:00:00.000,2024,7,5,16,32006KT,14,14
2024-07-05 17:00:00.000,2024,7,5,17,34007KT,16,14
2024-07-05 17:27:00.000,2024,7,5,17,34007KT,14,14
2024-07-05 18:00:00.000,2024,7,5,18,02007KT,13,13
2024-07-05 18:18:00.000,2024,7,5,18,33008KT,14,14
2024-07-05 19:00:00.000,2024,7,5,19,31011KT,14,14
2024-07-05 19:10:00.000,2024,7,5,19,30009KT,13,13
2024-07-05 20:00:00.000,2024,7,5,20,25006KT,12,12
2024-07-05 20:17:00.000,2024,7,5,20,36004KT,11,11
2024-07-05 21:00:00.000,2024,7,5,21,33003KT,12,12
2024-07-05 22:00:00.000,2024,7,5,22,34003KT,13,12
2024-07-05 23:00:00.000,2024,7,5,23,02003KT,13,12
2024-07-06 00:00:00.000,2024,7,6,0,06003KT,13,12
2024-07-06 01:00:00.000,2024,7,6,1,05004KT,12,12
2024-07-06 02:00:00.000,2024,7,6,2,05004KT,12,12
2024-07-06 03:00:00.000,2024,7,6,3,02004KT,11,11
2024-07-06 04:00:00.000,2024,7,6,4,05004KT,12,11
2024-07-06 05:00:00.000,2024,7,6,5,34004KT,11,11
2024-07-06 06:00:00.000,2024,7,6,6,VRB02KT,11,11
2024-07-06 07:00:00.000,2024,7,6,7,03003KT,11,11
2024-07-06 08:00:00.000,2024,7,6,8,03002KT,11,11
2024-07-06 09:00:00.000,2024,7,6,9,35003KT,10,10
2024-07-06 10:00:00.000,2024,7,6,10,00000KT,10,10
2024-07-06 10:30:00.000,2024,7,6,10,08003KT,10,10
2024-07-06 11:00:00.000,2024,7,6,11,06004KT,10,10
2024-07-06 12:00:00.000,2024,7,6,12,VRB02KT,12,11
2024-07-06 12:35:00.000,2024,7,6,12,07007KT,14,12
2024-07-06 13:00:00.000,2024,7,6,13,06006KT,15,12
2024-07-06 14:00:00.000,2024,7,6,14,04008KT,15,12
2024-07-06 15:00:00.000,2024,7,6,15,13003KT,17,12
2024-07-06 16:00:00.000,2024,7,6,16,15007KT,18,11
2024-07-06 17:00:00.000,2024,7,6,17,13010KT,20,11
2024-07-06 18:00:00.000,2024,7,6,18,12011KT,19,10
2024-07-06 19:00:00.000,2024,7,6,19,14014KT,18,10
2024-07-06 20:00:00.000,2024,7,6,20,12009KT,20,10
2024-07-06 21:00:00.000,2024,7,6,21,11012KT,19,09
2024-07-06 22:00:00.000,2024,7,6,22,14008KT,18,10
2024-07-06 23:00:00.000,2024,7,6,23,09007KT,18,09
2024-07-07 00:00:00.000,2024,7,7,0,10005KT,16,10
2024-07-07 01:00:00.000,2024,7,7,1,07003KT,15,11
2024-07-07 02:00:00.000,2024,7,7,2,07003KT,15,10
2024-07-07 03:00:00.000,2024,7,7,3,03007KT,14,11
2024-07-07 04:00:00.000,2024,7,7,4,09004KT,14,10
2024-07-07 05:00:00.000,2024,7,7,5,03006KT,11,10
2024-07-07 06:00:00.000,2024,7,7,6,33004KT,11,10
2024-07-07 07:00:00.000,2024,7,7,7,04004KT,11,10
2024-07-07 08:00:00.000,2024,7,7,8,03005KT,11,10
2024-07-07 09:00:00.000,2024,7,7,9,06004KT,12,10
2024-07-07 10:00:00.000,2024,7,7,10,06004KT,11,10
2024-07-07 10:30:00.000,2024,7,7,10,05005KT,11,10
2024-07-07 11:00:00.000,2024,7,7,11,06005KT,11,10
2024-07-07 12:00:00.000,2024,7,7,12,04007KT,12,10
2024-07-07 13:00:00.000,2024,7,7,13,08008KT,14,11
2024-07-07 14:00:00.000,2024,7,7,14,12009KT,15,11
2024-07-07 15:00:00.000,2024,7,7,15,12011KT,16,10
2024-07-07 16:00:00.000,2024,7,7,16,11011KT,17,10
2024-07-07 17:00:00.000,2024,7,7,17,12010KT,18,10
2024-07-07 17:31:00.000,2024,7,7,17,13008KT,16,11
2024-07-07 18:00:00.000,2024,7,7,18,11007KT,16,12
2024-07-07 19:00:00.000,2024,7,7,19,13007KT,17,11
2024-07-07 20:00:00.000,2024,7,7,20,15013KT,18,10
2024-07-07 21:00:00.000,2024,7,7,21,16014KT,17,10
2024-07-07 22:00:00.000,2024,7,7,22,14012KT,16,10
2024-07-07 23:00:00.000,2024,7,7,23,14007KT,16,10
2024-07-08 00:00:00.000,2024,7,8,0,13008KT,15,10
2024-07-08 01:00:00.000,2024,7,8,1,11006KT,15,10
2024-07-08 02:00:00.000,2024,7,8,2,12006KT,14,10
2024-07-08 03:00:00.000,2024,7,8,3,13008KT,14,10
2024-07-08 04:00:00.000,2024,7,8,4,12005KT,14,10
2024-07-08 05:00:00.000,2024,7,8,5,09003KT,13,10
2024-07-08 06:00:00.000,2024,7,8,6,08003KT,13,10
2024-07-08 07:00:00.000,2024,7,8,7,04004KT,11,10
2024-07-08 08:00:00.000,2024,7,8,8,09004KT,12,10
2024-07-08 09:00:00.000,2024,7,8,9,02004KT,10,09
2024-07-08 10:00:00.000,2024,7,8,10,03004KT,10,09
2024-07-08 10:30:00.000,2024,7,8,10,09004KT,11,10
2024-07-08 11:00:00.000,2024,7,8,11,03004KT,09,08
2024-07-08 12:00:00.000,2024,7,8,12,03004KT,11,10
2024-07-08 13:00:00.000,2024,7,8,13,04006KT,14,10
2024-07-08 13:25:00.000,2024,7,8,13,06005KT,16,10
2024-07-08 14:00:00.000,2024,7,8,14,18003KT,16,09
2024-07-08 15:00:00.000,2024,7,8,15,16009G23KT,17,08
2024-07-08 16:00:00.000,2024,7,8,16,12006KT,18,09
2024-07-08 17:00:00.000,2024,7,8,17,12010KT,19,10
2024-07-08 18:00:00.000,2024,7,8,18,12009KT,19,08
2024-07-08 19:00:00.000,2024,7,8,19,11010KT,19,09
2024-07-08 20:00:00.000,2024,7,8,20,12012KT,20,08
2024-07-08 21:00:00.000,2024,7,8,21,12009KT,20,09
2024-07-08 22:00:00.000,2024,7,8,22,13008KT,19,09
2024-07-08 23:00:00.000,2024,7,8,23,15007KT,18,09
2024-07-09 00:00:00.000,2024,7,9,0,10010KT,17,10
2024-07-09 01:00:00.000,2024,7,9,1,11004KT,13,13
2024-07-09 02:00:00.000,2024,7,9,2,03006KT,12,12
2024-07-09 03:00:00.000,2024,7,9,3,06005KT,12,12
2024-07-09 04:00:00.000,2024,7,9,4,08004KT,12,12
2024-07-09 05:00:00.000,2024,7,9,5,07005KT,12,12
2024-07-09 06:00:00.000,2024,7,9,6,06004KT,12,11
2024-07-09 07:00:00.000,2024,7,9,7,04003KT,11,11
2024-07-09 08:00:00.000,2024,7,9,8,03006KT,11,10
2024-07-09 09:00:00.000,2024,7,9,9,05006KT,11,10
2024-07-09 10:00:00.000,2024,7,9,10,07005KT,10,09
2024-07-09 10:30:00.000,2024,7,9,10,07006KT,11,10
2024-07-09 11:00:00.000,2024,7,9,11,07006KT,11,10
2024-07-09 12:00:00.000,2024,7,9,12,07006KT,13,11
2024-07-09 13:00:00.000,2024,7,9,13,07007KT,14,11
2024-07-09 14:00:00.000,2024,7,9,14,05009KT,15,11
2024-07-09 15:00:00.000,2024,7,9,15,13009KT,16,10
2024-07-09 16:00:00.000,2024,7,9,16,14012KT,17,10
2024-07-09 17:00:00.000,2024,7,9,17,14014KT,19,10
2024-07-09 18:00:00.000,2024,7,9,18,13009KT,18,10
2024-07-09 19:00:00.000,2024,7,9,19,15012G25KT,19,10
2024-07-09 20:00:00.000,2024,7,9,20,11006KT,20,10
2024-07-09 21:00:00.000,2024,7,9,21,13008KT,18,09
2024-07-09 22:00:00.000,2024,7,9,22,08006KT,17,10
2024-07-09 23:00:00.000,2024,7,9,23,14008KT,16,10
2024-07-10 00:00:00.000,2024,7,10,0,06008KT,15,10
2024-07-10 01:00:00.000,2024,7,10,1,04006KT,14,11
2024-07-10 02:00:00.000,2024,7,10,2,04006KT,14,11
2024-07-10 03:00:00.000,2024,7,10,3,05003KT,13,10
2024-07-10 04:00:00.000,2024,7,10,4,05005KT,12,11
2024-07-10 05:00:00.000,2024,7,10,5,04006KT,13,11
2024-07-10 06:00:00.000,2024,7,10,6,05005KT,12,11
2024-07-10 07:00:00.000,2024,7,10,7,04005KT,12,11
2024-07-10 08:00:00.000,2024,7,10,8,03007KT,12,10
2024-07-10 09:00:00.000,2024,7,10,9,06006KT,12,11
2024-07-10 10:00:00.000,2024,7,10,10,04006KT,12,11
2024-07-10 10:30:00.000,2024,7,10,10,04006KT,12,11
2024-07-10 11:00:00.000,2024,7,10,11,04005KT,12,11
2024-07-10 12:00:00.000,2024,7,10,12,05004KT,13,11
2024-07-10 12:32:00.000,2024,7,10,12,08006KT,15,10
2024-07-10 13:00:00.000,2024,7,10,13,08006KT,16,11
2024-07-10 14:00:00.000,2024,7,10,14,08007KT,17,10
2024-07-10 14:10:00.000,2024,7,10,14,07008KT,16,10
2024-07-10 15:00:00.000,2024,7,10,15,11010KT,18,09
2024-07-10 16:00:00.000,2024,7,10,16,14013KT,19,10
2024-07-10 17:00:00.000,2024,7,10,17,13012KT,19,08
2024-07-10 18:00:00.000,2024,7,10,18,14015KT,20,08
2024-07-10 19:00:00.000,2024,7,10,19,15013KT,20,08
2024-07-10 20:00:00.000,2024,7,10,20,13012KT,20,07
2024-07-10 21:00:00.000,2024,7,10,21,11010KT,20,05
2024-07-10 22:00:00.000,2024,7,10,22,14011KT,18,06
2024-07-10 23:00:00.000,2024,7,10,23,13010KT,17,06
2024-07-11 00:00:00.000,2024,7,11,0,13008KT,16,07
2024-07-11 01:00:00.000,2024,7,11,1,13007KT,15,07
2024-07-11 02:00:00.000,2024,7,11,2,12005KT,15,07
2024-07-11 03:00:00.000,2024,7,11,3,14008KT,13,07
2024-07-11 04:00:00.000,2024,7,11,4,11004KT,13,08
2024-07-11 05:00:00.000,2024,7,11,5,11004KT,13,08
2024-07-11 06:00:00.000,2024,7,11,6,03003KT,10,08
2024-07-11 07:00:00.000,2024,7,11,7,09004KT,12,09
2024-07-11 08:00:00.000,2024,7,11,8,35004KT,09,08
2024-07-11 09:00:00.000,2024,7,11,9,29004KT,09,08
2024-07-11 10:00:00.000,2024,7,11,10,03003KT,07,07
2024-07-11 10:28:00.000,2024,7,11,10,36002KT,08,07
2024-07-11 11:00:00.000,2024,7,11,11,VRB01KT,08,07
2024-07-11 12:00:00.000,2024,7,11,12,VRB02KT,11,10
2024-07-11 12:34:00.000,2024,7,11,12,03003KT,13,10
2024-07-11 13:00:00.000,2024,7,11,13,02004KT,14,11
2024-07-11 14:00:00.000,2024,7,11,14,09005KT,16,09
2024-07-11 15:00:00.000,2024,7,11,15,13014KT,17,08
2024-07-11 16:00:00.000,2024,7,11,16,14012KT,18,08
2024-07-11 17:00:00.000,2024,7,11,17,13012KT,19,07
2024-07-11 18:00:00.000,2024,7,11,18,13014KT,19,07
2024-07-11 19:00:00.000,2024,7,11,19,10008KT,20,07
2024-07-11 20:00:00.000,2024,7,11,20,08008KT,20,08
2024-07-11 21:00:00.000,2024,7,11,21,09006KT,20,07
2024-07-11 22:00:00.000,2024,7,11,22,06006KT,20,07
2024-07-11 23:00:00.000,2024,7,11,23,14012KT,17,05
2024-07-12 00:00:00.000,2024,7,12,0,13008KT,15,03
2024-07-12 01:00:00.000,2024,7,12,1,13008KT,14,04
2024-07-12 02:00:00.000,2024,7,12,2,VRB02KT,15,05
2024-07-12 03:00:00.000,2024,7,12,3,06004KT,12,06
2024-07-12 04:00:00.000,2024,7,12,4,04003KT,10,07
2024-07-12 05:00:00.000,2024,7,12,5,07003KT,10,08
2024-07-12 06:00:00.000,2024,7,12,6,04003KT,09,08
2024-07-12 07:00:00.000,2024,7,12,7,06004KT,10,07
2024-07-12 08:00:00.000,2024,7,12,8,05006KT,09,09
2024-07-12 09:00:00.000,2024,7,12,9,06005KT,09,09
2024-07-12 10:00:00.000,2024,7,12,10,03003KT,08,08
2024-07-12 10:28:00.000,2024,7,12,10,VRB02KT,10,09
2024-07-12 11:00:00.000,2024,7,12,11,02003KT,10,08
2024-07-12 12:00:00.000,2024,7,12,12,06006KT,11,10
2024-07-12 12:38:00.000,2024,7,12,12,05006KT,13,10
2024-07-12 13:00:00.000,2024,7,12,13,05006KT,14,10
2024-07-12 13:27:00.000,2024,7,12,13,05005KT,16,08
2024-07-12 14:00:00.000,2024,7,12,14,05005KT,16,08
2024-07-12 15:00:00.000,2024,7,12,15,04005KT,17,08
2024-07-12 16:00:00.000,2024,7,12,16,05007KT,18,07
2024-07-12 17:00:00.000,2024,7,12,17,12006KT,20,07
2024-07-12 18:00:00.000,2024,7,12,18,10007KT,20,07
2024-07-12 19:00:00.000,2024,7,12,19,07011KT,16,09
2024-07-12 19:30:00.000,2024,7,12,19,09005KT,13,12
2024-07-12 20:00:00.000,2024,7,12,20,06004KT,13,12
2024-07-12 20:31:00.000,2024,7,12,20,07005KT,15,13
2024-07-12 21:00:00.000,2024,7,12,21,04006KT,15,12
2024-07-12 22:00:00.000,2024,7,12,22,05006KT,15,11
2024-07-12 23:00:00.000,2024,7,12,23,09004KT,15,11
2024-07-13 00:00:00.000,2024,7,13,0,09005KT,15,11
2024-07-13 01:00:00.000,2024,7,13,1,08004KT,14,11
2024-07-13 02:00:00.000,2024,7,13,2,02005KT,13,11
2024-07-13 03:00:00.000,2024,7,13,3,04007KT,13,11
2024-07-13 04:00:00.000,2024,7,13,4,05006KT,13,11
2024-07-13 05:00:00.000,2024,7,13,5,03005KT,12,11
2024-07-13 06:00:00.000,2024,7,13,6,04005KT,12,11
2024-07-13 07:00:00.000,2024,7,13,7,03004KT,11,11
2024-07-13 08:00:00.000,2024,7,13,8,07005KT,12,11
2024-07-13 09:00:00.000,2024,7,13,9,08003KT,12,10
2024-07-13 10:00:00.000,2024,7,13,10,33004KT,11,11
2024-07-13 10:30:00.000,2024,7,13,10,05004KT,11,10
2024-07-13 11:00:00.000,2024,7,13,11,VRB02KT,11,10
2024-07-13 12:00:00.000,2024,7,13,12,VRB02KT,13,11
2024-07-13 13:00:00.000,2024,7,13,13,VRB02KT,14,11
2024-07-13 14:00:00.000,2024,7,13,14,20008KT,16,11
2024-07-13 15:00:00.000,2024,7,13,15,17010KT,16,11
2024-07-13 16:00:00.000,2024,7,13,16,17012KT,17,11
2024-07-13 17:00:00.000,2024,7,13,17,16013KT,18,10
2024-07-13 18:00:00.000,2024,7,13,18,13008KT,18,10
2024-07-13 19:00:00.000,2024,7,13,19,11008KT,17,11
2024-07-13 19:15:00.000,2024,7,13,19,16015KT,19,11
2024-07-13 20:00:00.000,2024,7,13,20,16012KT,18,10
2024-07-13 21:00:00.000,2024,7,13,21,13009KT,17,10
2024-07-13 21:15:00.000,2024,7,13,21,14008KT,17,11
2024-07-13 22:00:00.000,2024,7,13,22,14009KT,18,10
2024-07-13 23:00:00.000,2024,7,13,23,14010KT,16,10
2024-07-14 00:00:00.000,2024,7,14,0,12008KT,15,11
2024-07-14 01:00:00.000,2024,7,14,1,09006KT,15,10
2024-07-14 02:00:00.000,2024,7,14,2,07005KT,14,10
2024-07-14 03:00:00.000,2024,7,14,3,11007KT,14,10
2024-07-14 04:00:00.000,2024,7,14,4,11005KT,14,10
2024-07-14 05:00:00.000,2024,7,14,5,10004KT,14,10
2024-07-14 06:00:00.000,2024,7,14,6,09003KT,13,10
2024-07-14 07:00:00.000,2024,7,14,7,05003KT,11,10
2024-07-14 08:00:00.000,2024,7,14,8,02003KT,11,10
2024-07-14 09:00:00.000,2024,7,14,9,36003KT,11,10
2024-07-14 10:00:00.000,2024,7,14,10,05003KT,10,10
2024-07-14 10:30:00.000,2024,7,14,10,08003KT,11,10
2024-07-14 11:00:00.000,2024,7,14,11,06003KT,10,09
2024-07-14 12:00:00.000,2024,7,14,12,05005KT,12,11
2024-07-14 12:15:00.000,2024,7,14,12,09006KT,14,10
2024-07-14 13:00:00.000,2024,7,14,13,08006KT,14,10
2024-07-14 14:00:00.000,2024,7,14,14,15003KT,16,10
2024-07-14 15:00:00.000,2024,7,14,15,VRB02KT,16,10
2024-07-14 16:00:00.000,2024,7,14,16,22004G15KT,17,09
2024-07-14 17:00:00.000,2024,7,14,17,14006KT,19,10
2024-07-14 18:00:00.000,2024,7,14,18,14009KT,20,09
2024-07-14 19:00:00.000,2024,7,14,19,15010G21KT,20,09
2024-07-14 20:00:00.000,2024,7,14,20,18008KT,20,08
2024-07-14 21:00:00.000,2024,7,14,21,18008KT,19,09
2024-07-14 22:00:00.000,2024,7,14,22,18011KT,19,09
2024-07-14 23:00:00.000,2024,7,14,23,15008KT,17,09
2024-07-15 00:00:00.000,2024,7,15,0,18010KT,17,09
2024-07-15 01:00:00.000,2024,7,15,1,15010KT,16,08
2024-07-15 02:00:00.000,2024,7,15,2,16008KT,15,08
2024-07-15 03:00:00.000,2024,7,15,3,09003KT,14,09
2024-07-15 04:00:00.000,2024,7,15,4,11006KT,14,09
2024-07-15 05:00:00.000,2024,7,15,5,13006KT,12,09
2024-07-15 06:00:00.000,2024,7,15,6,VRB01KT,11,10
2024-07-15 07:00:00.000,2024,7,15,7,VRB02KT,11,10
2024-07-15 08:00:00.000,2024,7,15,8,06004KT,11,10
2024-07-15 09:00:00.000,2024,7,15,9,04004KT,10,10
2024-07-15 10:00:00.000,2024,7,15,10,07006KT,12,11
2024-07-15 11:00:00.000,2024,7,15,11,05005KT,11,11
2024-07-15 12:00:00.000,2024,7,15,12,06004KT,13,11
2024-07-15 13:00:00.000,2024,7,15,13,VRB04KT,14,11
2024-07-15 14:00:00.000,2024,7,15,14,16004KT,17,10
2024-07-15 15:00:00.000,2024,7,15,15,12004KT,17,09
2024-07-15 16:00:00.000,2024,7,15,16,16009KT,18,09
2024-07-15 17:00:00.000,2024,7,15,17,21006KT,19,09
2024-07-15 18:00:00.000,2024,7,15,18,28006KT,19,10
2024-07-15 19:00:00.000,2024,7,15,19,21013KT,20,11
2024-07-15 20:00:00.000,2024,7,15,20,17010KT,20,08
2024-07-15 20:10:00.000,2024,7,15,20,26009KT,20,13
2024-07-15 21:00:00.000,2024,7,15,21,28006KT,17,13
2024-07-15 21:05:00.000,2024,7,15,21,36013KT,13,13
2024-07-15 21:11:00.000,2024,7,15,21,35010KT,12,12
2024-07-15 21:25:00.000,2024,7,15,21,17008KT,11,11
2024-07-15 22:00:00.000,2024,7,15,22,18006KT,13,12
2024-07-15 22:22:00.000,2024,7,15,22,VRB02KT,13,13
2024-07-15 23:00:00.000,2024,7,15,23,14010KT,14,12
2024-07-16 00:00:00.000,2024,7,16,0,14011KT,14,13
2024-07-16 01:00:00.000,2024,7,16,1,VRB02KT,14,12
2024-07-16 02:00:00.000,2024,7,16,2,05006KT,13,12
2024-07-16 03:00:00.000,2024,7,16,3,01003KT,13,12
2024-07-16 04:00:00.000,2024,7,16,4,06003KT,12,11
2024-07-16 05:00:00.000,2024,7,16,5,09003KT,13,12
2024-07-16 06:00:00.000,2024,7,16,6,32003KT,12,12
2024-07-16 07:00:00.000,2024,7,16,7,VRB02KT,11,11
2024-07-16 08:00:00.000,2024,7,16,8,VRB02KT,10,10
2024-07-16 09:00:00.000,2024,7,16,9,VRB02KT,11,11
2024-07-16 10:00:00.000,2024,7,16,10,VRB02KT,10,10
2024-07-16 10:30:00.000,2024,7,16,10,VRB02KT,10,10
2024-07-16 11:00:00.000,2024,7,16,11,VRB02KT,09,09
2024-07-16 12:00:00.000,2024,7,16,12,35003KT,11,10
2024-07-16 12:15:00.000,2024,7,16,12,35003KT,15,11
2024-07-16 13:00:00.000,2024,7,16,13,30004KT,15,10
2024-07-16 14:00:00.000,2024,7,16,14,VRB02KT,16,10
2024-07-16 15:00:00.000,2024,7,16,15,10005KT,18,11
2024-07-16 16:00:00.000,2024,7,16,16,13010KT,18,09
2024-07-16 17:00:00.000,2024,7,16,17,13010KT,18,09
2024-07-16 18:00:00.000,2024,7,16,18,14015KT,18,09
2024-07-16 19:00:00.000,2024,7,16,19,16010KT,19,09
2024-07-16 20:00:00.000,2024,7,16,20,16013KT,19,09
2024-07-16 21:00:00.000,2024,7,16,21,16019KT,19,09
2024-07-16 22:00:00.000,2024,7,16,22,14012KT,18,08
2024-07-16 23:00:00.000,2024,7,16,23,15016KT,16,08
2024-07-17 00:00:00.000,2024,7,17,0,14011KT,14,09
2024-07-17 01:00:00.000,2024,7,17,1,13006KT,14,09
2024-07-17 02:00:00.000,2024,7,17,2,13007KT,13,09
2024-07-17 03:00:00.000,2024,7,17,3,10007KT,14,09
2024-07-17 04:00:00.000,2024,7,17,4,13007KT,13,10
2024-07-17 05:00:00.000,2024,7,17,5,14008KT,14,08
2024-07-17 06:00:00.000,2024,7,17,6,08004KT,13,08
2024-07-17 07:00:00.000,2024,7,17,7,VRB02KT,11,09
2024-07-17 08:00:00.000,2024,7,17,8,VRB02KT,10,09
2024-07-17 09:00:00.000,2024,7,17,9,08004KT,10,09
2024-07-17 10:00:00.000,2024,7,17,10,VRB02KT,09,08
2024-07-17 10:29:00.000,2024,7,17,10,VRB02KT,10,10
2024-07-17 11:00:00.000,2024,7,17,11,VRB02KT,08,08
2024-07-17 11:34:00.000,2024,7,17,11,06003KT,10,10
2024-07-17 12:00:00.000,2024,7,17,12,VRB02KT,12,10
2024-07-17 12:28:00.000,2024,7,17,12,VRB02KT,14,10
2024-07-17 13:00:00.000,2024,7,17,13,18005KT,16,10
2024-07-17 14:00:00.000,2024,7,17,14,17014KT,16,10
2024-07-17 15:00:00.000,2024,7,17,15,16009KT,16,10
2024-07-17 16:00:00.000,2024,7,17,16,16010KT,17,10
2024-07-17 17:00:00.000,2024,7,17,17,16011KT,17,10
2024-07-17 18:00:00.000,2024,7,17,18,16012KT,17,10
2024-07-17 19:00:00.000,2024,7,17,19,16009KT,18,09
2024-07-17 20:00:00.000,2024,7,17,20,13007KT,19,09
2024-07-17 21:00:00.000,2024,7,17,21,14011KT,17,09
2024-07-17 22:00:00.000,2024,7,17,22,16013KT,17,09
2024-07-17 23:00:00.000,2024,7,17,23,14010KT,15,10
2024-07-18 00:00:00.000,2024,7,18,0,14007KT,15,09
2024-07-18 01:00:00.000,2024,7,18,1,14009KT,14,10
2024-07-18 02:00:00.000,2024,7,18,2,18006KT,14,10
2024-07-18 03:00:00.000,2024,7,18,3,14004KT,13,11
2024-07-18 04:00:00.000,2024,7,18,4,VRB02KT,13,11
2024-07-18 05:00:00.000,2024,7,18,5,35003KT,11,11
2024-07-18 06:00:00.000,2024,7,18,6,00000KT,12,11
2024-07-18 07:00:00.000,2024,7,18,7,VRB02KT,12,11
2024-07-18 08:00:00.000,2024,7,18,8,03004KT,11,11
2024-07-18 09:00:00.000,2024,7,18,9,VRB02KT,11,11
2024-07-18 10:00:00.000,2024,7,18,10,VRB02KT,11,11
2024-07-18 10:30:00.000,2024,7,18,10,04004KT,11,11
2024-07-18 11:00:00.000,2024,7,18,11,05003KT,11,11
2024-07-18 12:00:00.000,2024,7,18,12,VRB02KT,12,12
2024-07-18 13:00:00.000,2024,7,18,13,VRB02KT,15,12
2024-07-18 14:00:00.000,2024,7,18,14,15008KT,16,10
2024-07-18 15:00:00.000,2024,7,18,15,16009KT,17,10
2024-07-18 16:00:00.000,2024,7,18,16,15008KT,17,09
2024-07-18 17:00:00.000,2024,7,18,17,15009KT,18,10
2024-07-18 18:00:00.000,2024,7,18,18,16010KT,19,09
2024-07-18 19:00:00.000,2024,7,18,19,11008KT,19,10
2024-07-18 20:00:00.000,2024,7,18,20,12010KT,19,10
2024-07-18 21:00:00.000,2024,7,18,21,10010KT,19,09
2024-07-18 22:00:00.000,2024,7,18,22,10008KT,17,09
2024-07-18 23:00:00.000,2024,7,18,23,10006KT,17,10
2024-07-19 00:00:00.000,2024,7,19,0,08008KT,15,10
2024-07-19 01:00:00.000,2024,7,19,1,08005KT,14,10
2024-07-19 02:00:00.000,2024,7,19,2,12005KT,15,10
2024-07-19 03:00:00.000,2024,7,19,3,VRB02KT,13,11
2024-07-19 04:00:00.000,2024,7,19,4,00000KT,14,11
2024-07-19 05:00:00.000,2024,7,19,5,15003KT,14,11
2024-07-19 06:00:00.000,2024,7,19,6,33003KT,12,11
2024-07-19 07:00:00.000,2024,7,19,7,33003KT,12,11
2024-07-19 08:00:00.000,2024,7,19,8,VRB02KT,12,11
2024-07-19 09:00:00.000,2024,7,19,9,00000KT,12,11
2024-07-19 10:00:00.000,2024,7,19,10,VRB02KT,11,11
2024-07-19 10:28:00.000,2024,7,19,10,VRB02KT,11,11
2024-07-19 11:00:00.000,2024,7,19,11,03003KT,11,11
2024-07-19 12:00:00.000,2024,7,19,12,VRB02KT,12,11
2024-07-19 13:00:00.000,2024,7,19,13,VRB02KT,14,12
2024-07-19 14:00:00.000,2024,7,19,14,17010KT,15,11
2024-07-19 15:00:00.000,2024,7,19,15,19008KT,16,10
2024-07-19 16:00:00.000,2024,7,19,16,15010KT,17,10
2024-07-19 17:00:00.000,2024,7,19,17,14005KT,17,10
2024-07-19 18:00:00.000,2024,7,19,18,29008KT,17,11
2024-07-19 19:00:00.000,2024,7,19,19,30008KT,17,11
2024-07-19 20:00:00.000,2024,7,19,20,28008KT,17,11
2024-07-19 21:00:00.000,2024,7,19,21,30008KT,17,11
2024-07-19 22:00:00.000,2024,7,19,22,29008KT,16,11
2024-07-19 23:00:00.000,2024,7,19,23,VRB02KT,15,12
2024-07-20 00:00:00.000,2024,7,20,0,15010KT,15,10
2024-07-20 01:00:00.000,2024,7,20,1,16005KT,14,10
2024-07-20 02:00:00.000,2024,7,20,2,VRB03KT,14,10
2024-07-20 03:00:00.000,2024,7,20,3,08005KT,12,10
2024-07-20 04:00:00.000,2024,7,20,4,07006KT,13,11
2024-07-20 05:00:00.000,2024,7,20,5,03004KT,11,10
2024-07-20 06:00:00.000,2024,7,20,6,02003KT,11,10
2024-07-20 07:00:00.000,2024,7,20,7,03003KT,11,10
2024-07-20 08:00:00.000,2024,7,20,8,04004KT,11,11
2024-07-20 09:00:00.000,2024,7,20,9,02003KT,11,11
2024-07-20 10:00:00.000,2024,7,20,10,VRB02KT,10,10
2024-07-20 10:33:00.000,2024,7,20,10,00000KT,09,09
2024-07-20 11:00:00.000,2024,7,20,11,VRB02KT,09,09
2024-07-20 12:00:00.000,2024,7,20,12,36003KT,11,10
2024-07-20 13:00:00.000,2024,7,20,13,03003KT,13,11
2024-07-20 14:00:00.000,2024,7,20,14,19010KT,15,11
2024-07-20 15:00:00.000,2024,7,20,15,16008KT,17,10
2024-07-20 16:00:00.000,2024,7,20,16,19014KT,17,10
2024-07-20 17:00:00.000,2024,7,20,17,17014KT,17,09
2024-07-20 18:00:00.000,2024,7,20,18,15015KT,18,09
2024-07-20 19:00:00.000,2024,7,20,19,14011KT,17,09
2024-07-20 20:00:00.000,2024,7,20,20,10006KT,18,09
2024-07-20 21:00:00.000,2024,7,20,21,12008KT,18,10
2024-07-20 22:00:00.000,2024,7,20,22,12007KT,17,09
2024-07-20 23:00:00.000,2024,7,20,23,13007KT,17,09
2024-07-21 00:00:00.000,2024,7,21,0,11004KT,16,09
2024-07-21 01:00:00.000,2024,7,21,1,07006KT,14,10
2024-07-21 02:00:00.000,2024,7,21,2,04007KT,13,11
2024-07-21 03:00:00.000,2024,7,21,3,04005KT,13,11
2024-07-21 04:00:00.000,2024,7,21,4,05005KT,13,11
2024-07-21 05:00:00.000,2024,7,21,5,09004KT,13,11
2024-07-21 06:00:00.000,2024,7,21,6,VRB02KT,12,12
2024-07-21 07:00:00.000,2024,7,21,7,16004KT,12,12
2024-07-21 08:00:00.000,2024,7,21,8,VRB02KT,12,12
2024-07-21 09:00:00.000,2024,7,21,9,00000KT,11,11
2024-07-21 10:00:00.000,2024,7,21,10,VRB02KT,11,11
2024-07-21 10:30:00.000,2024,7,21,10,09003KT,11,11
2024-07-21 11:00:00.000,2024,7,21,11,08004KT,11,11
2024-07-21 12:00:00.000,2024,7,21,12,06005KT,13,12
2024-07-21 13:00:00.000,2024,7,21,13,06008KT,14,11
2024-07-21 14:00:00.000,2024,7,21,14,07006KT,15,12
2024-07-21 15:00:00.000,2024,7,21,15,13008KT,18,10
2024-07-21 16:00:00.000,2024,7,21,16,16006KT,18,10
2024-07-21 17:00:00.000,2024,7,21,17,16013KT,18,10
2024-07-21 18:00:00.000,2024,7,21,18,15012KT,19,09
2024-07-21 19:00:00.000,2024,7,21,19,15013KT,19,11
2024-07-21 20:00:00.000,2024,7,21,20,16010KT,18,10
2024-07-21 21:00:00.000,2024,7,21,21,14010KT,19,10
2024-07-21 22:00:00.000,2024,7,21,22,17005KT,18,10
2024-07-21 23:00:00.000,2024,7,21,23,12009KT,17,10
2024-07-22 00:00:00.000,2024,7,22,0,17008KT,16,10
2024-07-22 01:00:00.000,2024,7,22,1,09003KT,15,11
2024-07-22 01:36:00.000,2024,7,22,1,04006KT,13,13
2024-07-22 02:00:00.000,2024,7,22,2,04007KT,13,13
2024-07-22 03:00:00.000,2024,7,22,3,04008KT,13,12
2024-07-22 04:00:00.000,2024,7,22,4,10004KT,13,12
2024-07-22 05:00:00.000,2024,7,22,5,10005KT,14,11
2024-07-22 06:00:00.000,2024,7,22,6,08003KT,12,11
2024-07-22 07:00:00.000,2024,7,22,7,06008KT,12,11
2024-07-22 08:00:00.000,2024,7,22,8,28003KT,12,11
2024-07-22 09:00:00.000,2024,7,22,9,03003KT,10,10
2024-07-22 10:00:00.000,2024,7,22,10,08005KT,12,11
2024-07-22 10:30:00.000,2024,7,22,10,02006KT,12,11
2024-07-22 11:00:00.000,2024,7,22,11,02005KT,12,11
2024-07-22 12:00:00.000,2024,7,22,12,03006KT,12,12
2024-07-22 13:00:00.000,2024,7,22,13,05007KT,14,12
2024-07-22 13:31:00.000,2024,7,22,13,06007KT,16,12
2024-07-22 14:00:00.000,2024,7,22,14,06008KT,16,12
2024-07-22 15:00:00.000,2024,7,22,15,11007KT,17,11
2024-07-22 15:30:00.000,2024,7,22,15,13012KT,19,09
2024-07-22 16:00:00.000,2024,7,22,16,12010KT,19,10
2024-07-22 17:00:00.000,2024,7,22,17,14006KT,17,11
2024-07-22 18:00:00.000,2024,7,22,18,20007KT,17,13
2024-07-22 19:00:00.000,2024,7,22,19,15012KT,19,11
2024-07-22 20:00:00.000,2024,7,22,20,15010KT,18,11
2024-07-22 21:00:00.000,2024,7,22,21,14013KT,17,10
2024-07-22 22:00:00.000,2024,7,22,22,15010KT,17,10
2024-07-22 23:00:00.000,2024,7,22,23,17011KT,16,10
2024-07-23 00:00:00.000,2024,7,23,0,15007KT,15,09
2024-07-23 01:00:00.000,2024,7,23,1,17007KT,15,09
2024-07-23 02:00:00.000,2024,7,23,2,08004KT,13,10
2024-07-23 03:00:00.000,2024,7,23,3,07004KT,12,10
2024-07-23 04:00:00.000,2024,7,23,4,34004KT,11,10
2024-07-23 05:00:00.000,2024,7,23,5,10003KT,12,10
2024-07-23 06:00:00.000,2024,7,23,6,04004KT,09,09
2024-07-23 07:00:00.000,2024,7,23,7,36004KT,10,09
2024-07-23 08:00:00.000,2024,7,23,8,VRB02KT,09,09
2024-07-23 09:00:00.000,2024,7,23,9,03005KT,09,09
2024-07-23 10:00:00.000,2024,7,23,10,05006KT,09,09
2024-07-23 10:30:00.000,2024,7,23,10,06004KT,09,09
2024-07-23 11:00:00.000,2024,7,23,11,06005KT,10,10
2024-07-23 12:00:00.000,2024,7,23,12,05004KT,12,11
2024-07-23 12:09:00.000,2024,7,23,12,VRB02KT,14,11
2024-07-23 13:00:00.000,2024,7,23,13,21004KT,15,11
2024-07-23 14:00:00.000,2024,7,23,14,18009KT,17,11
2024-07-23 15:00:00.000,2024,7,23,15,16009KT,18,11
2024-07-23 16:00:00.000,2024,7,23,16,17014KT,17,11
2024-07-23 17:00:00.000,2024,7,23,17,15017KT,19,11
2024-07-23 18:00:00.000,2024,7,23,18,15016KT,18,10
2024-07-23 19:00:00.000,2024,7,23,19,17014KT,18,10
2024-07-23 20:00:00.000,2024,7,23,20,15014KT,18,10
2024-07-23 21:00:00.000,2024,7,23,21,15013KT,18,10
2024-07-23 22:00:00.000,2024,7,23,22,15012KT,17,09
2024-07-23 23:00:00.000,2024,7,23,23,17012KT,16,09
2024-07-24 00:00:00.000,2024,7,24,0,14008KT,15,08
2024-07-24 01:00:00.000,2024,7,24,1,14008KT,15,09
2024-07-24 02:00:00.000,2024,7,24,2,10005KT,15,09
2024-07-24 03:00:00.000,2024,7,24,3,05006KT,13,11
2024-07-24 04:00:00.000,2024,7,24,4,04005KT,11,11
2024-07-24 05:00:00.000,2024,7,24,5,08003KT,12,10
2024-07-24 06:00:00.000,2024,7,24,6,VRB02KT,11,10
2024-07-24 07:00:00.000,2024,7,24,7,VRB02KT,10,10
2024-07-24 08:00:00.000,2024,7,24,8,01004KT,11,10
2024-07-24 09:00:00.000,2024,7,24,9,31004KT,11,10
2024-07-24 10:00:00.000,2024,7,24,10,06004KT,11,10
2024-07-24 10:30:00.000,2024,7,24,10,05005KT,11,11
2024-07-24 11:00:00.000,2024,7,24,11,35003KT,11,11
2024-07-24 12:00:00.000,2024,7,24,12,VRB02KT,12,11
2024-07-24 13:00:00.000,2024,7,24,13,10003KT,14,11
2024-07-24 14:00:00.000,2024,7,24,14,04004KT,16,11
2024-07-24 15:00:00.000,2024,7,24,15,03008KT,17,11
2024-07-24 16:00:00.000,2024,7,24,16,08006KT,18,11
2024-07-24 17:00:00.000,2024,7,24,17,15008KT,19,09
2024-07-24 18:00:00.000,2024,7,24,18,16010KT,20,10
2024-07-24 19:00:00.000,2024,7,24,19,12008KT,20,10
2024-07-24 20:00:00.000,2024,7,24,20,11009KT,19,10
2024-07-24 21:00:00.000,2024,7,24,21,15011KT,19,10
2024-07-24 22:00:00.000,2024,7,24,22,16011KT,17,10
2024-07-24 23:00:00.000,2024,7,24,23,15009KT,17,10
2024-07-25 00:00:00.000,2024,7,25,0,15007KT,16,10
2024-07-25 01:00:00.000,2024,7,25,1,17009KT,16,10
2024-07-25 02:00:00.000,2024,7,25,2,11005KT,15,10
2024-07-25 03:00:00.000,2024,7,25,3,04005KT,14,09
2024-07-25 04:00:00.000,2024,7,25,4,06006KT,13,11
2024-07-25 05:00:00.000,2024,7,25,5,02004KT,13,11
2024-07-25 06:00:00.000,2024,7,25,6,02004KT,13,11
2024-07-25 07:00:00.000,2024,7,25,7,03005KT,13,11
2024-07-25 08:00:00.000,2024,7,25,8,VRB02KT,13,11
2024-07-25 09:00:00.000,2024,7,25,9,VRB02KT,12,11
2024-07-25 10:00:00.000,2024,7,25,10,VRB02KT,12,11
2024-07-25 10:30:00.000,2024,7,25,10,VRB02KT,12,11
2024-07-25 11:00:00.000,2024,7,25,11,04003KT,12,11
2024-07-25 12:00:00.000,2024,7,25,12,02004KT,12,12
2024-07-25 13:00:00.000,2024,7,25,13,04004KT,14,12
2024-07-25 14:00:00.000,2024,7,25,14,VRB02KT,15,13
2024-07-25 15:00:00.000,2024,7,25,15,18005KT,16,10
2024-07-25 16:00:00.000,2024,7,25,16,16010KT,17,10
2024-07-25 17:00:00.000,2024,7,25,17,14006KT,17,11
2024-07-25 18:00:00.000,2024,7,25,18,14009KT,16,12
2024-07-25 19:00:00.000,2024,7,25,19,17013KT,18,11
2024-07-25 20:00:00.000,2024,7,25,20,15009KT,17,12
2024-07-25 21:00:00.000,2024,7,25,21,16010KT,18,11
2024-07-25 22:00:00.000,2024,7,25,22,16008KT,17,11
2024-07-25 23:00:00.000,2024,7,25,23,14006KT,17,10
2024-07-26 00:00:00.000,2024,7,26,0,14008KT,16,10
2024-07-26 01:00:00.000,2024,7,26,1,02005KT,13,10
2024-07-26 02:00:00.000,2024,7,26,2,06007KT,13,11
2024-07-26 03:00:00.000,2024,7,26,3,06005KT,13,10
2024-07-26 04:00:00.000,2024,7,26,4,05005KT,13,11
2024-07-26 05:00:00.000,2024,7,26,5,05003KT,12,11
2024-07-26 06:00:00.000,2024,7,26,6,06003KT,11,10
2024-07-26 07:00:00.000,2024,7,26,7,01003KT,09,09
2024-07-26 08:00:00.000,2024,7,26,8,34004KT,09,09
2024-07-26 09:00:00.000,2024,7,26,9,06005KT,08,08
2024-07-26 10:00:00.000,2024,7,26,10,06004KT,09,09
2024-07-26 10:26:00.000,2024,7,26,10,VRB02KT,09,09
2024-07-26 11:00:00.000,2024,7,26,11,VRB02KT,10,09
2024-07-26 12:00:00.000,2024,7,26,12,02003KT,09,09
2024-07-26 13:00:00.000,2024,7,26,13,03005KT,12,11
2024-07-26 14:00:00.000,2024,7,26,14,VRB03KT,16,11
2024-07-26 15:00:00.000,2024,7,26,15,05006KT,18,11
2024-07-26 16:00:00.000,2024,7,26,16,12004KT,18,10
2024-07-26 17:00:00.000,2024,7,26,17,19005KT,16,11
2024-07-26 18:00:00.000,2024,7,26,18,19009KT,16,11
2024-07-26 19:00:00.000,2024,7,26,19,17013KT,18,10
2024-07-26 20:00:00.000,2024,7,26,20,16012KT,17,10
2024-07-26 21:00:00.000,2024,7,26,21,14006KT,18,09
2024-07-26 22:00:00.000,2024,7,26,22,17008KT,17,09
2024-07-26 23:00:00.000,2024,7,26,23,16007KT,17,10
2024-07-27 00:00:00.000,2024,7,27,0,11005KT,16,10
2024-07-27 01:00:00.000,2024,7,27,1,10003KT,15,11
2024-07-27 02:00:00.000,2024,7,27,2,15004KT,15,10
2024-07-27 03:00:00.000,2024,7,27,3,12003KT,14,12
2024-07-27 04:00:00.000,2024,7,27,4,VRB02KT,13,12
2024-07-27 05:00:00.000,2024,7,27,5,04003KT,13,12
2024-07-27 06:00:00.000,2024,7,27,6,VRB02KT,13,12
2024-07-27 07:00:00.000,2024,7,27,7,VRB02KT,13,12
2024-07-27 08:00:00.000,2024,7,27,8,VRB02KT,12,12
2024-07-27 09:00:00.000,2024,7,27,9,01003KT,12,11
2024-07-27 10:00:00.000,2024,7,27,10,01004KT,12,12
2024-07-27 10:31:00.000,2024,7,27,10,VRB02KT,12,12
2024-07-27 11:00:00.000,2024,7,27,11,VRB02KT,12,12
2024-07-27 12:00:00.000,2024,7,27,12,36004KT,13,12
2024-07-27 13:00:00.000,2024,7,27,13,VRB02KT,14,12
2024-07-27 14:00:00.000,2024,7,27,14,18003KT,16,10
2024-07-27 15:00:00.000,2024,7,27,15,17010KT,17,10
2024-07-27 16:00:00.000,2024,7,27,16,15010KT,18,10
2024-07-27 17:00:00.000,2024,7,27,17,17012KT,19,10
2024-07-27 18:00:00.000,2024,7,27,18,18012KT,18,09
2024-07-27 19:00:00.000,2024,7,27,19,16012KT,19,09
2024-07-27 20:00:00.000,2024,7,27,20,18010KT,20,09
2024-07-27 21:00:00.000,2024,7,27,21,18013KT,20,09
2024-07-27 22:00:00.000,2024,7,27,22,17013KT,18,09
2024-07-27 23:00:00.000,2024,7,27,23,15012KT,17,08
2024-07-28 00:00:00.000,2024,7,28,0,15008KT,16,09
2024-07-28 01:00:00.000,2024,7,28,1,13008KT,16,09
2024-07-28 02:00:00.000,2024,7,28,2,10005KT,15,09
2024-07-28 03:00:00.000,2024,7,28,3,11005KT,15,10
2024-07-28 04:00:00.000,2024,7,28,4,21004KT,14,10
2024-07-28 05:00:00.000,2024,7,28,5,34004KT,13,12
2024-07-28 06:00:00.000,2024,7,28,6,35004KT,13,12
2024-07-28 07:00:00.000,2024,7,28,7,VRB02KT,12,12
2024-07-28 08:00:00.000,2024,7,28,8,04005KT,12,12
2024-07-28 09:00:00.000,2024,7,28,9,VRB02KT,12,11
2024-07-28 10:00:00.000,2024,7,28,10,04005KT,11,11
2024-07-28 10:33:00.000,2024,7,28,10,05006KT,11,11
2024-07-28 11:00:00.000,2024,7,28,11,04006KT,11,11
2024-07-28 12:00:00.000,2024,7,28,12,05005KT,12,12
2024-07-28 13:00:00.000,2024,7,28,13,05004KT,12,12
2024-07-28 13:15:00.000,2024,7,28,13,06005KT,12,12
2024-07-28 14:00:00.000,2024,7,28,14,08004KT,14,13
2024-07-28 15:00:00.000,2024,7,28,15,05005KT,15,12
2024-07-28 16:00:00.000,2024,7,28,16,21004KT,15,13
2024-07-28 17:00:00.000,2024,7,28,17,16008KT,17,13
2024-07-28 18:00:00.000,2024,7,28,18,18017KT,18,11
2024-07-28 19:00:00.000,2024,7,28,19,16014KT,17,10
2024-07-28 20:00:00.000,2024,7,28,20,26012KT,17,12
2024-07-28 21:00:00.000,2024,7,28,21,23007KT,17,12
2024-07-28 22:00:00.000,2024,7,28,22,16008KT,17,09
2024-07-28 23:00:00.000,2024,7,28,23,15014KT,17,09
2024-07-29 00:00:00.000,2024,7,29,0,15010KT,13,09
2024-07-29 01:00:00.000,2024,7,29,1,09005KT,15,10
2024-07-29 02:00:00.000,2024,7,29,2,VRB02KT,12,11
2024-07-29 03:00:00.000,2024,7,29,3,VRB02KT,13,10
2024-07-29 04:00:00.000,2024,7,29,4,VRB02KT,13,10
2024-07-29 05:00:00.000,2024,7,29,5,VRB02KT,13,10
2024-07-29 06:00:00.000,2024,7,29,6,05003KT,11,10
2024-07-29 07:00:00.000,2024,7,29,7,VRB02KT,12,11
2024-07-29 08:00:00.000,2024,7,29,8,VRB02KT,13,10
2024-07-29 09:00:00.000,2024,7,29,9,VRB02KT,13,10
2024-07-29 10:00:00.000,2024,7,29,10,VRB02KT,12,10
2024-07-29 10:30:00.000,2024,7,29,10,10004KT,13,10
2024-07-29 11:00:00.000,2024,7,29,11,09004KT,13,10
2024-07-29 12:00:00.000,2024,7,29,12,15004KT,14,10
2024-07-29 13:00:00.000,2024,7,29,13,11007KT,15,10
2024-07-29 14:00:00.000,2024,7,29,14,06005KT,17,11
2024-07-29 15:00:00.000,2024,7,29,15,14011KT,18,10
2024-07-29 16:00:00.000,2024,7,29,16,19006KT,18,09
2024-07-29 17:00:00.000,2024,7,29,17,16008KT,19,10
2024-07-29 18:00:00.000,2024,7,29,18,15011KT,20,10
2024-07-29 19:00:00.000,2024,7,29,19,15013KT,20,09
2024-07-29 20:00:00.000,2024,7,29,20,16012KT,20,09
2024-07-29 21:00:00.000,2024,7,29,21,17015KT,20,09
2024-07-29 22:00:00.000,2024,7,29,22,17014KT,19,08
2024-07-29 23:00:00.000,2024,7,29,23,16014KT,18,08
2024-07-30 00:00:00.000,2024,7,30,0,14012KT,15,08
2024-07-30 01:00:00.000,2024,7,30,1,15006KT,15,09
2024-07-30 02:00:00.000,2024,7,30,2,06003KT,14,09
2024-07-30 03:00:00.000,2024,7,30,3,12005KT,15,10
2024-07-30 04:00:00.000,2024,7,30,4,06004KT,14,10
2024-07-30 05:00:00.000,2024,7,30,5,11005KT,15,11
2024-07-30 06:00:00.000,2024,7,30,6,09004KT,14,11
2024-07-30 07:00:00.000,2024,7,30,7,15004KT,14,10
2024-07-30 08:00:00.000,2024,7,30,8,29005KT,11,10
2024-07-30 09:00:00.000,2024,7,30,9,04005KT,10,10
2024-07-30 10:00:00.000,2024,7,30,10,12005KT,12,09
2024-07-30 10:30:00.000,2024,7,30,10,00000KT,11,10
2024-07-30 11:00:00.000,2024,7,30,11,02003KT,12,10
2024-07-30 12:00:00.000,2024,7,30,12,VRB03KT,12,11
2024-07-30 13:00:00.000,2024,7,30,13,VRB02KT,14,11
2024-07-30 14:00:00.000,2024,7,30,14,VRB02KT,15,11
2024-07-30 15:00:00.000,2024,7,30,15,15017KT,16,10
2024-07-30 16:00:00.000,2024,7,30,16,16013KT,17,09
2024-07-30 17:00:00.000,2024,7,30,17,13012KT,16,09
2024-07-30 18:00:00.000,2024,7,30,18,14012KT,15,11
2024-07-30 19:00:00.000,2024,7,30,19,15014KT,16,10
2024-07-30 20:00:00.000,2024,7,30,20,16016KT,17,09
2024-07-30 21:00:00.000,2024,7,30,21,15015KT,16,09
2024-07-30 22:00:00.000,2024,7,30,22,15011KT,16,10
2024-07-30 23:00:00.000,2024,7,30,23,34003KT,14,14
2024-07-31 00:00:00.000,2024,7,31,0,13010KT,14,09
2024-07-31 01:00:00.000,2024,7,31,1,13011KT,14,09
2024-07-31 02:00:00.000,2024,7,31,2,12008KT,14,09
2024-07-31 03:00:00.000,2024,7,31,3,11007KT,14,08
2024-07-31 04:00:00.000,2024,7,31,4,11005KT,14,09
2024-07-31 05:00:00.000,2024,7,31,5,16009KT,14,09
2024-07-31 06:00:00.000,2024,7,31,6,11006KT,14,09
2024-07-31 07:00:00.000,2024,7,31,7,13006KT,13,10
2024-07-31 08:00:00.000,2024,7,31,8,09005KT,13,10
2024-07-31 09:00:00.000,2024,7,31,9,14005KT,12,11
2024-07-31 10:00:00.000,2024,7,31,10,14010KT,12,10
2024-07-31 10:30:00.000,2024,7,31,10,17007KT,13,10
2024-07-31 11:00:00.000,2024,7,31,11,18006KT,13,10
2024-07-31 12:00:00.000,2024,7,31,12,16009KT,13,10
2024-07-31 13:00:00.000,2024,7,31,13,18009KT,15,10
2024-07-31 14:00:00.000,2024,7,31,14,16010KT,15,10
2024-07-31 15:00:00.000,2024,7,31,15,16013KT,15,10
2024-07-31 16:00:00.000,2024,7,31,16,14019KT,17,09
2024-07-31 17:00:00.000,2024,7,31,17,18020KT,17,09
2024-07-31 18:00:00.000,2024,7,31,18,16018KT,18,09
2024-07-31 19:00:00.000,2024,7,31,19,15017KT,17,09
2024-07-31 20:00:00.000,2024,7,31,20,17018KT,18,08
2024-07-31 21:00:00.000,2024,7,31,21,16016KT,16,08
2024-07-31 22:00:00.000,2024,7,31,22,16014KT,16,08
2024-07-31 23:00:00.000,2024,7,31,23,14007KT,15,08
2024-08-01 00:00:00.000,2024,8,1,0,09005KT,14,08
2024-08-01 01:00:00.000,2024,8,1,1,11005KT,14,08
2024-08-01 02:00:00.000,2024,8,1,2,13005KT,13,08
2024-08-01 03:00:00.000,2024,8,1,3,09003KT,13,08
2024-08-01 04:00:00.000,2024,8,1,4,10004KT,13,09
2024-08-01 05:00:00.000,2024,8,1,5,09004KT,13,09
2024-08-01 06:00:00.000,2024,8,1,6,14008KT,13,08
2024-08-01 07:00:00.000,2024,8,1,7,08003KT,12,08
2024-08-01 08:00:00.000,2024,8,1,8,10003KT,12,08
2024-08-01 09:00:00.000,2024,8,1,9,07005KT,10,08
2024-08-01 10:00:00.000,2024,8,1,10,08004KT,11,08
2024-08-01 10:30:00.000,2024,8,1,10,09006KT,11,08
2024-08-01 11:00:00.000,2024,8,1,11,10008KT,12,08
2024-08-01 12:00:00.000,2024,8,1,12,11008KT,13,08
2024-08-01 13:00:00.000,2024,8,1,13,11008KT,14,08
2024-08-01 14:00:00.000,2024,8,1,14,14010KT,15,07
2024-08-01 15:00:00.000,2024,8,1,15,13009KT,16,08
2024-08-01 16:00:00.000,2024,8,1,16,14010KT,18,09
2024-08-01 17:00:00.000,2024,8,1,17,14014KT,18,07
2024-08-01 18:00:00.000,2024,8,1,18,15014KT,18,07
2024-08-01 19:00:00.000,2024,8,1,19,16013G23KT,19,07
2024-08-01 20:00:00.000,2024,8,1,20,15013KT,18,08
2024-08-01 21:00:00.000,2024,8,1,21,13010KT,17,07
2024-08-01 22:00:00.000,2024,8,1,22,13007KT,17,08
2024-08-01 23:00:00.000,2024,8,1,23,14010KT,15,07
2024-08-02 00:00:00.000,2024,8,2,0,14008KT,15,08
2024-08-02 01:00:00.000,2024,8,2,1,11004KT,15,08
2024-08-02 02:00:00.000,2024,8,2,2,02005KT,12,10
2024-08-02 03:00:00.000,2024,8,2,3,34003KT,10,10
2024-08-02 04:00:00.000,2024,8,2,4,04004KT,12,10
2024-08-02 05:00:00.000,2024,8,2,5,01003KT,11,10
2024-08-02 06:00:00.000,2024,8,2,6,03003KT,11,10
2024-08-02 07:00:00.000,2024,8,2,7,03005KT,11,10
2024-08-02 08:00:00.000,2024,8,2,8,VRB02KT,11,10
2024-08-02 09:00:00.000,2024,8,2,9,04006KT,10,09
2024-08-02 10:00:00.000,2024,8,2,10,03003KT,10,09
2024-08-02 10:31:00.000,2024,8,2,10,VRB02KT,10,09
2024-08-02 11:00:00.000,2024,8,2,11,VRB02KT,11,09
2024-08-02 12:00:00.000,2024,8,2,12,VRB02KT,12,10
2024-08-02 13:00:00.000,2024,8,2,13,VRB02KT,14,09
2024-08-02 14:00:00.000,2024,8,2,14,10004KT,17,07
2024-08-02 15:00:00.000,2024,8,2,15,11004KT,19,06
2024-08-02 16:00:00.000,2024,8,2,16,11008KT,20,06
2024-08-02 17:00:00.000,2024,8,2,17,08010KT,21,08
2024-08-02 18:00:00.000,2024,8,2,18,11011KT,21,07
2024-08-02 19:00:00.000,2024,8,2,19,11009KT,20,07
2024-08-02 20:00:00.000,2024,8,2,20,14013KT,19,08
2024-08-02 21:00:00.000,2024,8,2,21,16009KT,19,07
2024-08-02 22:00:00.000,2024,8,2,22,15009KT,17,07
2024-08-02 22:24:00.000,2024,8,2,22,19005KT,19,07
2024-08-02 23:00:00.000,2024,8,2,23,24007KT,18,09
2024-08-03 00:00:00.000,2024,8,3,0,30005KT,15,10
2024-08-03 01:00:00.000,2024,8,3,1,33005KT,10,10
2024-08-03 02:00:00.000,2024,8,3,2,00000KT,13,09
2024-08-03 03:00:00.000,2024,8,3,3,03003KT,11,10
2024-08-03 04:00:00.000,2024,8,3,4,02004KT,11,10
2024-08-03 05:00:00.000,2024,8,3,5,03003KT,09,09
2024-08-03 06:00:00.000,2024,8,3,6,36003KT,08,08
2024-08-03 07:00:00.000,2024,8,3,7,VRB02KT,09,08
2024-08-03 08:00:00.000,2024,8,3,8,VRB02KT,08,08
2024-08-03 09:00:00.000,2024,8,3,9,VRB02KT,08,08
2024-08-03 10:00:00.000,2024,8,3,10,VRB02KT,08,08
2024-08-03 10:31:00.000,2024,8,3,10,35003KT,08,08
2024-08-03 11:00:00.000,2024,8,3,11,31003KT,09,09
2024-08-03 12:00:00.000,2024,8,3,12,36004KT,09,09
2024-08-03 13:00:00.000,2024,8,3,13,02005KT,11,11
2024-08-03 14:00:00.000,2024,8,3,14,03004KT,13,11
2024-08-03 15:00:00.000,2024,8,3,15,02005KT,16,10
2024-08-03 16:00:00.000,2024,8,3,16,07006KT,17,11
2024-08-03 17:00:00.000,2024,8,3,17,06008KT,17,09
2024-08-03 18:00:00.000,2024,8,3,18,12006KT,19,09
2024-08-03 19:00:00.000,2024,8,3,19,VRB06KT,19,08
2024-08-03 20:00:00.000,2024,8,3,20,05010KT,18,09
2024-08-03 21:00:00.000,2024,8,3,21,05008KT,18,10
2024-08-03 22:00:00.000,2024,8,3,22,08005KT,19,08
2024-08-03 23:00:00.000,2024,8,3,23,11005KT,19,08
2024-08-04 00:00:00.000,2024,8,4,0,12004KT,16,08
2024-08-04 01:00:00.000,2024,8,4,1,30005KT,14,13
2024-08-04 02:00:00.000,2024,8,4,2,VRB02KT,13,12
2024-08-04 03:00:00.000,2024,8,4,3,05003KT,12,11
2024-08-04 04:00:00.000,2024,8,4,4,04004KT,11,10
2024-08-04 05:00:00.000,2024,8,4,5,03003KT,09,09
2024-08-04 06:00:00.000,2024,8,4,6,35003KT,07,07
2024-08-04 07:00:00.000,2024,8,4,7,VRB02KT,09,09
2024-08-04 08:00:00.000,2024,8,4,8,VRB02KT,09,09
2024-08-04 09:00:00.000,2024,8,4,9,VRB02KT,10,10
2024-08-04 10:00:00.000,2024,8,4,10,27004KT,10,10
2024-08-04 10:31:00.000,2024,8,4,10,VRB02KT,10,10
2024-08-04 11:00:00.000,2024,8,4,11,VRB02KT,11,10
2024-08-04 12:00:00.000,2024,8,4,12,36005KT,11,10
2024-08-04 13:00:00.000,2024,8,4,13,05003KT,15,11
2024-08-04 14:00:00.000,2024,8,4,14,14005KT,17,08
2024-08-04 15:00:00.000,2024,8,4,15,06005KT,18,09
2024-08-04 16:00:00.000,2024,8,4,16,10005KT,20,09
2024-08-04 17:00:00.000,2024,8,4,17,11006KT,21,06
2024-08-04 18:00:00.000,2024,8,4,18,06006KT,21,08
2024-08-04 19:00:00.000,2024,8,4,19,06007KT,20,07
2024-08-04 19:25:00.000,2024,8,4,19,11015KT,21,08
2024-08-04 20:00:00.000,2024,8,4,20,VRB06KT,20,11
2024-08-04 21:00:00.000,2024,8,4,21,30005KT,19,12
2024-08-04 22:00:00.000,2024,8,4,22,03007KT,20,07
2024-08-04 23:00:00.000,2024,8,4,23,VRB08KT,17,13
2024-08-05 00:00:00.000,2024,8,5,0,26005KT,15,13
2024-08-05 01:00:00.000,2024,8,5,1,35004KT,13,12
2024-08-05 02:00:00.000,2024,8,5,2,VRB02KT,13,12
2024-08-05 03:00:00.000,2024,8,5,3,33003KT,12,11
2024-08-05 04:00:00.000,2024,8,5,4,01002KT,11,10
2024-08-05 05:00:00.000,2024,8,5,5,04003KT,11,10
2024-08-05 06:00:00.000,2024,8,5,6,05006KT,12,11
2024-08-05 07:00:00.000,2024,8,5,7,03004KT,12,12
2024-08-05 08:00:00.000,2024,8,5,8,VRB02KT,11,11
2024-08-05 09:00:00.000,2024,8,5,9,08004KT,11,11
2024-08-05 10:00:00.000,2024,8,5,10,06006KT,12,12
2024-08-05 10:31:00.000,2024,8,5,10,03005KT,12,12
2024-08-05 11:00:00.000,2024,8,5,11,03004KT,11,11
2024-08-05 12:00:00.000,2024,8,5,12,34003KT,13,11
2024-08-05 13:00:00.000,2024,8,5,13,07006KT,15,11
2024-08-05 14:00:00.000,2024,8,5,14,VRB03KT,17,11
2024-08-05 15:00:00.000,2024,8,5,15,09007KT,19,10
2024-08-05 16:00:00.000,2024,8,5,16,13010KT,19,09
2024-08-05 17:00:00.000,2024,8,5,17,17010KT,19,09
2024-08-05 18:00:00.000,2024,8,5,18,VRB08KT,19,09
2024-08-05 19:00:00.000,2024,8,5,19,13007KT,19,09
2024-08-05 19:14:00.000,2024,8,5,19,20011KT,16,12
2024-08-05 20:00:00.000,2024,8,5,20,20011KT,16,13
2024-08-05 21:00:00.000,2024,8,5,21,18009KT,17,11
2024-08-05 22:00:00.000,2024,8,5,22,18005KT,17,11
2024-08-05 23:00:00.000,2024,8,5,23,17007KT,16,10
2024-08-06 00:00:00.000,2024,8,6,0,10004KT,15,11
2024-08-06 01:00:00.000,2024,8,6,1,27003KT,15,11
2024-08-06 02:00:00.000,2024,8,6,2,02004KT,13,12
2024-08-06 03:00:00.000,2024,8,6,3,04002KT,13,12
2024-08-06 04:00:00.000,2024,8,6,4,04004KT,13,12
2024-08-06 05:00:00.000,2024,8,6,5,03003KT,12,12
2024-08-06 06:00:00.000,2024,8,6,6,31003KT,13,12
2024-08-06 07:00:00.000,2024,8,6,7,VRB02KT,12,12
2024-08-06 08:00:00.000,2024,8,6,8,04003KT,11,11
2024-08-06 09:00:00.000,2024,8,6,9,03004KT,10,10
2024-08-06 10:00:00.000,2024,8,6,10,05005KT,10,10
2024-08-06 10:31:00.000,2024,8,6,10,04003KT,10,10
2024-08-06 11:00:00.000,2024,8,6,11,VRB02KT,11,11
2024-08-06 12:00:00.000,2024,8,6,12,VRB02KT,13,12
2024-08-06 12:32:00.000,2024,8,6,12,06004KT,15,12
2024-08-06 13:00:00.000,2024,8,6,13,05006KT,16,12
2024-08-06 14:00:00.000,2024,8,6,14,12006KT,16,11
2024-08-06 15:00:00.000,2024,8,6,15,35003KT,17,10
2024-08-06 16:00:00.000,2024,8,6,16,33003KT,18,11
2024-08-06 17:00:00.000,2024,8,6,17,18012KT,18,09
2024-08-06 18:00:00.000,2024,8,6,18,17013KT,20,10
2024-08-06 19:00:00.000,2024,8,6,19,19010KT,19,09
2024-08-06 20:00:00.000,2024,8,6,20,16011KT,20,09
2024-08-06 21:00:00.000,2024,8,6,21,15011KT,19,09
2024-08-06 22:00:00.000,2024,8,6,22,20007KT,18,09
2024-08-06 23:00:00.000,2024,8,6,23,24010KT,16,11
2024-08-07 00:00:00.000,2024,8,7,0,28006KT,15,10
2024-08-07 01:00:00.000,2024,8,7,1,VRB02KT,14,08
2024-08-07 02:00:00.000,2024,8,7,2,19008KT,15,07
2024-08-07 03:00:00.000,2024,8,7,3,VRB02KT,12,07
2024-08-07 04:00:00.000,2024,8,7,4,VRB02KT,10,09
2024-08-07 05:00:00.000,2024,8,7,5,VRB02KT,11,10
2024-08-07 06:00:00.000,2024,8,7,6,VRB02KT,11,10
2024-08-07 07:00:00.000,2024,8,7,7,VRB02KT,09,09
2024-08-07 08:00:00.000,2024,8,7,8,VRB02KT,09,09
2024-08-07 09:00:00.000,2024,8,7,9,VRB02KT,09,09
2024-08-07 10:00:00.000,2024,8,7,10,02003KT,08,08
2024-08-07 10:30:00.000,2024,8,7,10,02004KT,07,07
2024-08-07 11:00:00.000,2024,8,7,11,VRB02KT,07,07
2024-08-07 12:00:00.000,2024,8,7,12,VRB02KT,08,08
2024-08-07 13:00:00.000,2024,8,7,13,03004KT,12,10
2024-08-07 13:32:00.000,2024,8,7,13,VRB03KT,14,10
2024-08-07 14:00:00.000,2024,8,7,14,VRB04KT,16,09
2024-08-07 15:00:00.000,2024,8,7,15,02004KT,18,08
2024-08-07 16:00:00.000,2024,8,7,16,VRB03KT,20,07
2024-08-07 17:00:00.000,2024,8,7,17,VRB05KT,20,06
2024-08-07 18:00:00.000,2024,8,7,18,14010KT,20,07
2024-08-07 19:00:00.000,2024,8,7,19,15011KT,20,07
2024-08-07 20:00:00.000,2024,8,7,20,17009KT,20,07
2024-08-07 21:00:00.000,2024,8,7,21,31004KT,20,12
2024-08-07 22:00:00.000,2024,8,7,22,32008KT,17,12
2024-08-07 23:00:00.000,2024,8,7,23,31008KT,16,12
2024-08-08 00:00:00.000,2024,8,8,0,31007KT,15,13
2024-08-08 01:00:00.000,2024,8,8,1,VRB03KT,13,12
2024-08-08 02:00:00.000,2024,8,8,2,34003KT,12,12
2024-08-08 03:00:00.000,2024,8,8,3,VRB02KT,11,11
2024-08-08 04:00:00.000,2024,8,8,4,VRB02KT,10,10
2024-08-08 05:00:00.000,2024,8,8,5,02003KT,09,09
2024-08-08 06:00:00.000,2024,8,8,6,VRB02KT,09,09
2024-08-08 07:00:00.000,2024,8,8,7,VRB02KT,08,08
2024-08-08 08:00:00.000,2024,8,8,8,VRB02KT,06,06
2024-08-08 09:00:00.000,2024,8,8,9,27003KT,06,06
2024-08-08 10:00:00.000,2024,8,8,10,VRB02KT,06,06
2024-08-08 10:31:00.000,2024,8,8,10,33003KT,05,05
2024-08-08 11:00:00.000,2024,8,8,11,35004KT,06,06
2024-08-08 12:00:00.000,2024,8,8,12,VRB02KT,08,08
2024-08-08 12:21:00.000,2024,8,8,12,VRB02KT,11,10
2024-08-08 13:00:00.000,2024,8,8,13,29003KT,13,10
2024-08-08 14:00:00.000,2024,8,8,14,VRB02KT,16,09
2024-08-08 15:00:00.000,2024,8,8,15,35004KT,17,10
2024-08-08 16:00:00.000,2024,8,8,16,02004KT,17,10
2024-08-08 17:00:00.000,2024,8,8,17,03007KT,18,11
2024-08-08 18:00:00.000,2024,8,8,18,03010KT,19,11
2024-08-08 19:00:00.000,2024,8,8,19,05010KT,19,10
2024-08-08 20:00:00.000,2024,8,8,20,24007KT,19,10
2024-08-08 21:00:00.000,2024,8,8,21,22006KT,17,12
2024-08-08 22:00:00.000,2024,8,8,22,24005KT,17,12
2024-08-08 23:00:00.000,2024,8,8,23,27004KT,17,12
2024-08-09 00:00:00.000,2024,8,9,0,14007KT,15,10
2024-08-09 01:00:00.000,2024,8,9,1,36003KT,14,10
2024-08-09 02:00:00.000,2024,8,9,2,36003KT,14,10
2024-08-09 03:00:00.000,2024,8,9,3,08003KT,13,11
2024-08-09 04:00:00.000,2024,8,9,4,36004KT,11,10
2024-08-09 05:00:00.000,2024,8,9,5,VRB03KT,11,10
2024-08-09 06:00:00.000,2024,8,9,6,VRB02KT,09,09
2024-08-09 07:00:00.000,2024,8,9,7,VRB02KT,09,09
2024-08-09 08:00:00.000,2024,8,9,8,00000KT,10,10
2024-08-09 09:00:00.000,2024,8,9,9,04003KT,10,10
2024-08-09 10:00:00.000,2024,8,9,10,00000KT,10,10
2024-08-09 10:30:00.000,2024,8,9,10,20003KT,12,11
2024-08-09 11:00:00.000,2024,8,9,11,18005KT,13,11
2024-08-09 12:00:00.000,2024,8,9,12,05004KT,12,12
2024-08-09 13:00:00.000,2024,8,9,13,VRB02KT,14,13
2024-08-09 13:15:00.000,2024,8,9,13,12004KT,16,12
2024-08-09 14:00:00.000,2024,8,9,14,05006KT,16,12
2024-08-09 15:00:00.000,2024,8,9,15,06007KT,17,12
2024-08-09 16:00:00.000,2024,8,9,16,06008KT,18,12
2024-08-09 17:00:00.000,2024,8,9,17,07006KT,20,12
2024-08-09 18:00:00.000,2024,8,9,18,05011KT,20,11
2024-08-09 19:00:00.000,2024,8,9,19,06007KT,18,12
2024-08-09 19:14:00.000,2024,8,9,19,06006KT,20,11
2024-08-09 20:00:00.000,2024,8,9,20,07008KT,19,09
2024-08-09 20:21:00.000,2024,8,9,20,10006KT,21,09
2024-08-09 21:00:00.000,2024,8,9,21,13005KT,20,08
2024-08-09 21:22:00.000,2024,8,9,21,25010KT,17,12
2024-08-09 22:00:00.000,2024,8,9,22,28011KT,17,13
2024-08-09 23:00:00.000,2024,8,9,23,VRB03KT,17,12
2024-08-10 00:00:00.000,2024,8,10,0,26003KT,15,13
2024-08-10 01:00:00.000,2024,8,10,1,33007KT,14,13
2024-08-10 02:00:00.000,2024,8,10,2,VRB02KT,13,13
2024-08-10 03:00:00.000,2024,8,10,3,13008KT,13,11
2024-08-10 04:00:00.000,2024,8,10,4,11003KT,13,11
2024-08-10 05:00:00.000,2024,8,10,5,02003KT,12,12
2024-08-10 06:00:00.000,2024,8,10,6,04005KT,11,11
2024-08-10 07:00:00.000,2024,8,10,7,VRB02KT,12,11
2024-08-10 08:00:00.000,2024,8,10,8,02004KT,12,10
2024-08-10 09:00:00.000,2024,8,10,9,03004KT,12,10
2024-08-10 10:00:00.000,2024,8,10,10,VRB02KT,12,10
2024-08-10 10:30:00.000,2024,8,10,10,VRB02KT,12,11
2024-08-10 11:00:00.000,2024,8,10,11,VRB02KT,12,11
2024-08-10 12:00:00.000,2024,8,10,12,07004KT,13,11
2024-08-10 13:00:00.000,2024,8,10,13,10005KT,15,10
2024-08-10 14:00:00.000,2024,8,10,14,05004KT,16,09
2024-08-10 15:00:00.000,2024,8,10,15,06005KT,17,10
2024-08-10 16:00:00.000,2024,8,10,16,05003KT,18,10
2024-08-10 17:00:00.000,2024,8,10,17,19007KT,17,10
2024-08-10 18:00:00.000,2024,8,10,18,VRB04KT,17,13
2024-08-10 19:00:00.000,2024,8,10,19,18014KT,18,11
2024-08-10 20:00:00.000,2024,8,10,20,18014KT,19,10
2024-08-10 21:00:00.000,2024,8,10,21,17008KT,17,10
2024-08-10 22:00:00.000,2024,8,10,22,18008KT,17,08
2024-08-10 23:00:00.000,2024,8,10,23,22008KT,16,11
2024-08-11 00:00:00.000,2024,8,11,0,25007KT,14,13
2024-08-11 01:00:00.000,2024,8,11,1,35003KT,12,12
2024-08-11 02:00:00.000,2024,8,11,2,34004KT,11,11
2024-08-11 03:00:00.000,2024,8,11,3,34005KT,11,11
2024-08-11 04:00:00.000,2024,8,11,4,30004KT,13,11
2024-08-11 05:00:00.000,2024,8,11,5,VRB02KT,12,11
2024-08-11 06:00:00.000,2024,8,11,6,33004KT,12,12
2024-08-11 07:00:00.000,2024,8,11,7,VRB02KT,11,11
2024-08-11 08:00:00.000,2024,8,11,8,VRB02KT,11,11
2024-08-11 09:00:00.000,2024,8,11,9,VRB02KT,11,11
2024-08-11 10:00:00.000,2024,8,11,10,36003KT,11,11
2024-08-11 10:31:00.000,2024,8,11,10,35003KT,11,11
2024-08-11 11:00:00.000,2024,8,11,11,33003KT,11,11
2024-08-11 12:00:00.000,2024,8,11,12,VRB02KT,12,11
2024-08-11 13:00:00.000,2024,8,11,13,VRB02KT,14,11
2024-08-11 14:00:00.000,2024,8,11,14,14008KT,16,10
2024-08-11 15:00:00.000,2024,8,11,15,18010KT,16,09
2024-08-11 16:00:00.000,2024,8,11,16,15010KT,19,09
2024-08-11 17:00:00.000,2024,8,11,17,16012KT,18,07
2024-08-11 18:00:00.000,2024,8,11,18,14012KT,19,08
2024-08-11 19:00:00.000,2024,8,11,19,13010KT,20,08
2024-08-11 20:00:00.000,2024,8,11,20,17012KT,20,07
2024-08-11 21:00:00.000,2024,8,11,21,18012KT,20,08
2024-08-11 22:00:00.000,2024,8,11,22,19012KT,19,07
2024-08-11 23:00:00.000,2024,8,11,23,16011KT,17,07
2024-08-12 00:00:00.000,2024,8,12,0,15007KT,16,07
2024-08-12 01:00:00.000,2024,8,12,1,20005KT,16,08
2024-08-12 02:00:00.000,2024,8,12,2,20008KT,15,08
2024-08-12 03:00:00.000,2024,8,12,3,34003KT,12,10
2024-08-12 04:00:00.000,2024,8,12,4,VRB02KT,11,11
2024-08-12 05:00:00.000,2024,8,12,5,05003KT,11,10
2024-08-12 06:00:00.000,2024,8,12,6,35003KT,11,11
2024-08-12 07:00:00.000,2024,8,12,7,05003KT,11,10
2024-08-12 08:00:00.000,2024,8,12,8,03005KT,11,10
2024-08-12 09:00:00.000,2024,8,12,9,05003KT,11,10
2024-08-12 10:00:00.000,2024,8,12,10,06005KT,10,10
2024-08-12 10:30:00.000,2024,8,12,10,06005KT,11,10
2024-08-12 11:00:00.000,2024,8,12,11,04006KT,10,10
2024-08-12 12:00:00.000,2024,8,12,12,05007KT,12,10
2024-08-12 12:33:00.000,2024,8,12,12,06005KT,14,11
2024-08-12 13:00:00.000,2024,8,12,13,05005KT,16,09
2024-08-12 14:00:00.000,2024,8,12,14,07007KT,18,09
2024-08-12 15:00:00.000,2024,8,12,15,06007KT,19,10
2024-08-12 16:00:00.000,2024,8,12,16,11008KT,21,09
2024-08-12 17:00:00.000,2024,8,12,17,11009KT,21,09
2024-08-12 18:00:00.000,2024,8,12,18,14012KT,20,09
2024-08-12 19:00:00.000,2024,8,12,19,16010KT,20,09
2024-08-12 20:00:00.000,2024,8,12,20,15008KT,19,09
2024-08-12 21:00:00.000,2024,8,12,21,13010KT,19,09
2024-08-12 22:00:00.000,2024,8,12,22,12009KT,18,09
2024-08-12 23:00:00.000,2024,8,12,23,15013KT,17,09
2024-08-13 00:00:00.000,2024,8,13,0,17014KT,16,09
2024-08-13 01:00:00.000,2024,8,13,1,14015KT,15,08
2024-08-13 02:00:00.000,2024,8,13,2,12007KT,15,09
2024-08-13 03:00:00.000,2024,8,13,3,14010KT,15,09
2024-08-13 04:00:00.000,2024,8,13,4,13007KT,15,09
2024-08-13 05:00:00.000,2024,8,13,5,13004KT,14,08
2024-08-13 06:00:00.000,2024,8,13,6,07003KT,13,09
2024-08-13 07:00:00.000,2024,8,13,7,VRB02KT,13,09
2024-08-13 08:00:00.000,2024,8,13,8,35005KT,12,10
2024-08-13 09:00:00.000,2024,8,13,9,VRB02KT,12,10
2024-08-13 10:00:00.000,2024,8,13,10,04005KT,11,10
2024-08-13 10:29:00.000,2024,8,13,10,02004KT,12,10
2024-08-13 11:00:00.000,2024,8,13,11,02006KT,12,10
2024-08-13 12:00:00.000,2024,8,13,12,03004KT,12,11
2024-08-13 13:00:00.000,2024,8,13,13,07005KT,13,11
2024-08-13 14:00:00.000,2024,8,13,14,06006KT,13,12
2024-08-13 15:00:00.000,2024,8,13,15,22006KT,16,12
2024-08-13 16:00:00.000,2024,8,13,16,16011KT,18,10
2024-08-13 17:00:00.000,2024,8,13,17,17013KT,17,10
2024-08-13 18:00:00.000,2024,8,13,18,17011KT,17,09
2024-08-13 19:00:00.000,2024,8,13,19,15011KT,19,10
2024-08-13 20:00:00.000,2024,8,13,20,16012KT,18,10
2024-08-13 21:00:00.000,2024,8,13,21,18011KT,19,08
2024-08-13 22:00:00.000,2024,8,13,22,18014KT,18,08
2024-08-13 23:00:00.000,2024,8,13,23,16011KT,16,08
2024-08-14 00:00:00.000,2024,8,14,0,VRB02KT,14,09
2024-08-14 01:00:00.000,2024,8,14,1,19009KT,15,09
2024-08-14 02:00:00.000,2024,8,14,2,17010KT,15,09
2024-08-14 03:00:00.000,2024,8,14,3,14007KT,14,09
2024-08-14 04:00:00.000,2024,8,14,4,14008KT,13,09
2024-08-14 05:00:00.000,2024,8,14,5,14009KT,13,09
2024-08-14 06:00:00.000,2024,8,14,6,14004KT,13,09
2024-08-14 07:00:00.000,2024,8,14,7,VRB02KT,11,10
2024-08-14 08:00:00.000,2024,8,14,8,05003KT,12,10
2024-08-14 09:00:00.000,2024,8,14,9,VRB02KT,10,09
2024-08-14 10:00:00.000,2024,8,14,10,33003KT,10,10
2024-08-14 10:31:00.000,2024,8,14,10,04003KT,11,10
2024-08-14 11:00:00.000,2024,8,14,11,05003KT,11,10
2024-08-14 12:00:00.000,2024,8,14,12,04004KT,11,10
2024-08-14 13:00:00.000,2024,8,14,13,06004KT,13,10
2024-08-14 14:00:00.000,2024,8,14,14,17007KT,16,09
2024-08-14 15:00:00.000,2024,8,14,15,16009KT,17,09
2024-08-14 16:00:00.000,2024,8,14,16,17004KT,18,08
2024-08-14 17:00:00.000,2024,8,14,17,14012KT,18,09
2024-08-14 18:00:00.000,2024,8,14,18,15010KT,18,09
2024-08-14 19:00:00.000,2024,8,14,19,11010KT,18,09
2024-08-14 20:00:00.000,2024,8,14,20,14012KT,18,09
2024-08-14 21:00:00.000,2024,8,14,21,12009KT,17,09
2024-08-14 22:00:00.000,2024,8,14,22,13009KT,17,09
2024-08-14 23:00:00.000,2024,8,14,23,11008KT,16,09
2024-08-15 00:00:00.000,2024,8,15,0,13008KT,15,08
2024-08-15 01:00:00.000,2024,8,15,1,08005KT,13,09
2024-08-15 02:00:00.000,2024,8,15,2,10006KT,14,09
2024-08-15 03:00:00.000,2024,8,15,3,12004KT,14,08
2024-08-15 04:00:00.000,2024,8,15,4,09004KT,12,08
2024-08-15 05:00:00.000,2024,8,15,5,03005KT,11,09
2024-08-15 06:00:00.000,2024,8,15,6,08005KT,12,09
2024-08-15 07:00:00.000,2024,8,15,7,33004KT,11,10
2024-08-15 08:00:00.000,2024,8,15,8,09004KT,13,09
2024-08-15 09:00:00.000,2024,8,15,9,05006KT,11,10
2024-08-15 10:00:00.000,2024,8,15,10,08005KT,11,10
2024-08-15 10:31:00.000,2024,8,15,10,09007KT,12,10
2024-08-15 11:00:00.000,2024,8,15,11,10008KT,12,10
2024-08-15 12:00:00.000,2024,8,15,12,10010KT,14,08
2024-08-15 13:00:00.000,2024,8,15,13,11010KT,16,07
2024-08-15 14:00:00.000,2024,8,15,14,13014KT,18,06
2024-08-15 14:24:00.000,2024,8,15,14,12016G28KT,18,07
2024-08-15 15:00:00.000,2024,8,15,15,12014KT,19,07
2024-08-15 16:00:00.000,2024,8,15,16,12013G25KT,20,06
2024-08-15 17:00:00.000,2024,8,15,17,11012KT,20,07
2024-08-15 18:00:00.000,2024,8,15,18,13011G22KT,20,08
2024-08-15 19:00:00.000,2024,8,15,19,12012KT,21,07
2024-08-15 20:00:00.000,2024,8,15,20,13012KT,20,07
2024-08-15 21:00:00.000,2024,8,15,21,13009KT,20,07
2024-08-15 22:00:00.000,2024,8,15,22,14012KT,19,08
2024-08-15 23:00:00.000,2024,8,15,23,12008KT,18,09
2024-08-16 00:00:00.000,2024,8,16,0,11004KT,16,09
2024-08-16 01:00:00.000,2024,8,16,1,08005KT,15,09
2024-08-16 02:00:00.000,2024,8,16,2,11005KT,16,09
2024-08-16 03:00:00.000,2024,8,16,3,04006KT,12,10
2024-08-16 04:00:00.000,2024,8,16,4,03004KT,11,10
2024-08-16 05:00:00.000,2024,8,16,5,30003KT,13,10
2024-08-16 06:00:00.000,2024,8,16,6,VRB02KT,13,10
2024-08-16 07:00:00.000,2024,8,16,7,04006KT,12,12
2024-08-16 08:00:00.000,2024,8,16,8,VRB05KT,12,12
2024-08-16 09:00:00.000,2024,8,16,9,31004KT,12,12
2024-08-16 10:00:00.000,2024,8,16,10,VRB02KT,12,12
2024-08-16 10:31:00.000,2024,8,16,10,06003KT,12,12
2024-08-16 11:00:00.000,2024,8,16,11,36004KT,12,12
2024-08-16 12:00:00.000,2024,8,16,12,34004KT,12,11
2024-08-16 13:00:00.000,2024,8,16,13,07005KT,14,11
2024-08-16 14:00:00.000,2024,8,16,14,07008KT,16,09
2024-08-16 15:00:00.000,2024,8,16,15,12012KT,17,08
2024-08-16 16:00:00.000,2024,8,16,16,12014KT,18,08
2024-08-16 17:00:00.000,2024,8,16,17,17010KT,19,08
2024-08-16 18:00:00.000,2024,8,16,18,16014KT,19,08
2024-08-16 19:00:00.000,2024,8,16,19,15014KT,19,07
2024-08-16 20:00:00.000,2024,8,16,20,11008KT,21,08
2024-08-16 21:00:00.000,2024,8,16,21,16013G25KT,18,08
2024-08-16 22:00:00.000,2024,8,16,22,13008KT,17,08
2024-08-16 23:00:00.000,2024,8,16,23,17010KT,16,07
2024-08-17 00:00:00.000,2024,8,17,0,16009KT,15,07
2024-08-17 01:00:00.000,2024,8,17,1,17006KT,15,08
2024-08-17 02:00:00.000,2024,8,17,2,13006KT,14,08
2024-08-17 03:00:00.000,2024,8,17,3,12006KT,13,06
2024-08-17 04:00:00.000,2024,8,17,4,11003KT,12,04
2024-08-17 05:00:00.000,2024,8,17,5,13004KT,11,04
2024-08-17 06:00:00.000,2024,8,17,6,06003KT,10,04
2024-08-17 07:00:00.000,2024,8,17,7,07006KT,10,04
2024-08-17 08:00:00.000,2024,8,17,8,05005KT,09,07
2024-08-17 09:00:00.000,2024,8,17,9,05004KT,09,07
2024-08-17 10:00:00.000,2024,8,17,10,01006KT,08,07
2024-08-17 10:30:00.000,2024,8,17,10,VRB02KT,09,07
2024-08-17 11:00:00.000,2024,8,17,11,04005KT,08,06
2024-08-17 11:30:00.000,2024,8,17,11,07005KT,11,07
2024-08-17 12:00:00.000,2024,8,17,12,10004KT,13,06
2024-08-17 13:00:00.000,2024,8,17,13,04005KT,14,07
2024-08-17 14:00:00.000,2024,8,17,14,05006KT,16,08
2024-08-17 14:25:00.000,2024,8,17,14,16008KT,18,06
2024-08-17 15:00:00.000,2024,8,17,15,17011KT,19,06
2024-08-17 16:00:00.000,2024,8,17,16,18015KT,20,06
2024-08-17 17:00:00.000,2024,8,17,17,16018KT,20,06
2024-08-17 18:00:00.000,2024,8,17,18,17019KT,20,06
2024-08-17 19:00:00.000,2024,8,17,19,17020KT,20,05
2024-08-17 20:00:00.000,2024,8,17,20,17017KT,20,05
2024-08-17 21:00:00.000,2024,8,17,21,15014KT,19,04
2024-08-17 22:00:00.000,2024,8,17,22,16014KT,19,02
2024-08-17 23:00:00.000,2024,8,17,23,15012KT,16,03
2024-08-18 00:00:00.000,2024,8,18,0,16010KT,15,04
2024-08-18 01:00:00.000,2024,8,18,1,01003KT,13,04
2024-08-18 02:00:00.000,2024,8,18,2,16006KT,14,05
2024-08-18 03:00:00.000,2024,8,18,3,36003KT,09,07
2024-08-18 04:00:00.000,2024,8,18,4,03004KT,09,07
2024-08-18 05:00:00.000,2024,8,18,5,01004KT,09,07
2024-08-18 06:00:00.000,2024,8,18,6,09004KT,09,07
2024-08-18 07:00:00.000,2024,8,18,7,VRB04KT,10,06
2024-08-18 08:00:00.000,2024,8,18,8,05007KT,08,06
2024-08-18 09:00:00.000,2024,8,18,9,02004KT,08,06
2024-08-18 10:00:00.000,2024,8,18,10,00000KT,07,06
2024-08-18 11:00:00.000,2024,8,18,11,08005KT,08,06
2024-08-18 12:00:00.000,2024,8,18,12,07007KT,10,07
2024-08-18 13:00:00.000,2024,8,18,13,06007KT,12,08
2024-08-18 14:00:00.000,2024,8,18,14,04005KT,16,05
2024-08-18 15:00:00.000,2024,8,18,15,VRB05KT,18,06
2024-08-18 16:00:00.000,2024,8,18,16,VRB12KT,21,05
2024-08-18 17:00:00.000,2024,8,18,17,15013KT,19,05
2024-08-18 18:00:00.000,2024,8,18,18,16015KT,18,07
2024-08-18 19:00:00.000,2024,8,18,19,14013KT,18,07
2024-08-18 20:00:00.000,2024,8,18,20,13009KT,18,07
2024-08-18 21:00:00.000,2024,8,18,21,16009KT,18,07
2024-08-18 22:00:00.000,2024,8,18,22,12007KT,18,07
2024-08-18 23:00:00.000,2024,8,18,23,13009KT,17,07
2024-08-19 00:00:00.000,2024,8,19,0,12008KT,15,07
2024-08-19 01:00:00.000,2024,8,19,1,11004KT,13,07
2024-08-19 02:00:00.000,2024,8,19,2,08004KT,13,07
2024-08-19 03:00:00.000,2024,8,19,3,08003KT,13,07
2024-08-19 04:00:00.000,2024,8,19,4,31004KT,12,08
2024-08-19 05:00:00.000,2024,8,19,5,VRB02KT,10,07
2024-08-19 06:00:00.000,2024,8,19,6,31004KT,10,08
2024-08-19 07:00:00.000,2024,8,19,7,03004KT,10,09
2024-08-19 08:00:00.000,2024,8,19,8,35004KT,10,09
2024-08-19 09:00:00.000,2024,8,19,9,VRB02KT,10,10
2024-08-19 10:00:00.000,2024,8,19,10,32005KT,09,09
2024-08-19 11:00:00.000,2024,8,19,11,08003KT,10,09
2024-08-19 12:00:00.000,2024,8,19,12,33004KT,11,10
2024-08-19 13:00:00.000,2024,8,19,13,VRB02KT,12,10
2024-08-19 14:00:00.000,2024,8,19,14,26003KT,14,10
2024-08-19 15:00:00.000,2024,8,19,15,16008KT,16,09
2024-08-19 16:00:00.000,2024,8,19,16,17013KT,17,08
2024-08-19 17:00:00.000,2024,8,19,17,15012KT,17,08
2024-08-19 18:00:00.000,2024,8,19,18,14010KT,19,07
2024-08-19 19:00:00.000,2024,8,19,19,12009KT,19,07
2024-08-19 20:00:00.000,2024,8,19,20,14011KT,19,09
2024-08-19 21:00:00.000,2024,8,19,21,17007KT,19,07
2024-08-19 22:00:00.000,2024,8,19,22,10006KT,18,08
2024-08-19 23:00:00.000,2024,8,19,23,14006KT,17,08
2024-08-20 00:00:00.000,2024,8,20,0,16006KT,16,08
2024-08-20 01:00:00.000,2024,8,20,1,15003KT,16,08
2024-08-20 02:00:00.000,2024,8,20,2,15006KT,15,08
2024-08-20 03:00:00.000,2024,8,20,3,12005KT,15,08
2024-08-20 04:00:00.000,2024,8,20,4,12005KT,14,08
2024-08-20 05:00:00.000,2024,8,20,5,08004KT,13,08
2024-08-20 06:00:00.000,2024,8,20,6,07004KT,13,08
2024-08-20 07:00:00.000,2024,8,20,7,01003KT,11,09
2024-08-20 08:00:00.000,2024,8,20,8,VRB02KT,11,08
2024-08-20 09:00:00.000,2024,8,20,9,10004KT,12,08
2024-08-20 10:00:00.000,2024,8,20,10,02003KT,11,10
2024-08-20 10:30:00.000,2024,8,20,10,VRB02KT,11,09
2024-08-20 11:00:00.000,2024,8,20,11,VRB02KT,11,09
2024-08-20 12:00:00.000,2024,8,20,12,06005KT,12,09
2024-08-20 13:00:00.000,2024,8,20,13,06007KT,13,10
2024-08-20 14:00:00.000,2024,8,20,14,07005KT,14,09
2024-08-20 15:00:00.000,2024,8,20,15,13010KT,16,09
2024-08-20 16:00:00.000,2024,8,20,16,16010KT,17,08
2024-08-20 17:00:00.000,2024,8,20,17,12008KT,18,08
2024-08-20 18:00:00.000,2024,8,20,18,18007KT,18,08
2024-08-20 19:00:00.000,2024,8,20,19,13008KT,19,08
2024-08-20 20:00:00.000,2024,8,20,20,17012KT,17,08
2024-08-20 21:00:00.000,2024,8,20,21,14009KT,16,09
2024-08-20 22:00:00.000,2024,8,20,22,14008KT,17,08
2024-08-20 23:00:00.000,2024,8,20,23,08004KT,16,08
2024-08-21 00:00:00.000,2024,8,21,0,07005KT,14,08
2024-08-21 01:00:00.000,2024,8,21,1,07004KT,14,08
2024-08-21 02:00:00.000,2024,8,21,2,33006KT,12,08
2024-08-21 03:00:00.000,2024,8,21,3,01004KT,11,08
2024-08-21 04:00:00.000,2024,8,21,4,VRB02KT,10,09
2024-08-21 05:00:00.000,2024,8,21,5,04003KT,08,08
2024-08-21 06:00:00.000,2024,8,21,6,VRB02KT,08,08
2024-08-21 07:00:00.000,2024,8,21,7,02004KT,07,07
2024-08-21 08:00:00.000,2024,8,21,8,28003KT,07,07
2024-08-21 09:00:00.000,2024,8,21,9,24005KT,06,06
2024-08-21 10:00:00.000,2024,8,21,10,35003KT,06,06
2024-08-21 10:31:00.000,2024,8,21,10,VRB02KT,05,05
2024-08-21 11:00:00.000,2024,8,21,11,03003KT,07,07
2024-08-21 12:00:00.000,2024,8,21,12,04003KT,09,09
2024-08-21 12:32:00.000,2024,8,21,12,03005KT,11,09
2024-08-21 13:00:00.000,2024,8,21,13,35004KT,12,09
2024-08-21 14:00:00.000,2024,8,21,14,06004KT,14,09
2024-08-21 14:15:00.000,2024,8,21,14,07003KT,16,09
2024-08-21 15:00:00.000,2024,8,21,15,08003KT,18,08
2024-08-21 16:00:00.000,2024,8,21,16,16004KT,20,08
2024-08-21 17:00:00.000,2024,8,21,17,16009KT,21,07
2024-08-21 18:00:00.000,2024,8,21,18,15008KT,20,07
2024-08-21 19:00:00.000,2024,8,21,19,14008KT,20,08
2024-08-21 20:00:00.000,2024,8,21,20,32010KT,16,11
2024-08-21 21:00:00.000,2024,8,21,21,31008KT,17,11
2024-08-21 22:00:00.000,2024,8,21,22,28008KT,18,10
2024-08-21 23:00:00.000,2024,8,21,23,24010KT,16,09
2024-08-22 00:00:00.000,2024,8,22,0,24005KT,15,09
2024-08-22 01:00:00.000,2024,8,22,1,VRB02KT,13,10
2024-08-22 02:00:00.000,2024,8,22,2,VRB02KT,13,10
2024-08-22 03:00:00.000,2024,8,22,3,34003KT,12,10
2024-08-22 04:00:00.000,2024,8,22,4,23005KT,14,11
2024-08-22 05:00:00.000,2024,8,22,5,20003KT,14,10
2024-08-22 06:00:00.000,2024,8,22,6,17007KT,14,09
2024-08-22 07:00:00.000,2024,8,22,7,16006KT,13,09
2024-08-22 08:00:00.000,2024,8,22,8,VRB02KT,11,10
2024-08-22 09:00:00.000,2024,8,22,9,VRB02KT,12,10
2024-08-22 10:00:00.000,2024,8,22,10,VRB02KT,10,10
2024-08-22 10:30:00.000,2024,8,22,10,VRB02KT,10,10
2024-08-22 11:00:00.000,2024,8,22,11,VRB02KT,10,09
2024-08-22 12:00:00.000,2024,8,22,12,06003KT,12,10
2024-08-22 13:00:00.000,2024,8,22,13,02005KT,13,12
2024-08-22 14:00:00.000,2024,8,22,14,07006KT,15,11
2024-08-22 15:00:00.000,2024,8,22,15,19006KT,19,09
2024-08-22 16:00:00.000,2024,8,22,16,15010KT,20,08
2024-08-22 17:00:00.000,2024,8,22,17,10007G17KT,21,08
2024-08-22 18:00:00.000,2024,8,22,18,14011KT,22,08
2024-08-22 19:00:00.000,2024,8,22,19,10010KT,22,08
2024-08-22 19:31:00.000,2024,8,22,19,28011KT,19,12
2024-08-22 20:00:00.000,2024,8,22,20,27008KT,20,11
2024-08-22 21:00:00.000,2024,8,22,21,28009KT,19,11
2024-08-22 22:00:00.000,2024,8,22,22,32011KT,18,13
2024-08-22 23:00:00.000,2024,8,22,23,29008KT,17,12
2024-08-23 00:00:00.000,2024,8,23,0,30007KT,15,11
2024-08-23 01:00:00.000,2024,8,23,1,VRB02KT,16,11
2024-08-23 02:00:00.000,2024,8,23,2,33003KT,14,12
2024-08-23 03:00:00.000,2024,8,23,3,VRB02KT,14,11
2024-08-23 04:00:00.000,2024,8,23,4,35003KT,13,11
2024-08-23 05:00:00.000,2024,8,23,5,34003KT,13,11
2024-08-23 06:00:00.000,2024,8,23,6,36005KT,12,11
2024-08-23 07:00:00.000,2024,8,23,7,VRB03KT,12,10
2024-08-23 08:00:00.000,2024,8,23,8,VRB03KT,11,10
2024-08-23 09:00:00.000,2024,8,23,9,35003KT,10,10
2024-08-23 10:00:00.000,2024,8,23,10,35003KT,09,09
2024-08-23 10:31:00.000,2024,8,23,10,VRB02KT,09,09
2024-08-23 11:00:00.000,2024,8,23,11,VRB02KT,10,10
2024-08-23 12:00:00.000,2024,8,23,12,03004KT,11,10
2024-08-23 12:28:00.000,2024,8,23,12,03005KT,13,11
2024-08-23 13:00:00.000,2024,8,23,13,VRB02KT,15,11
2024-08-23 14:00:00.000,2024,8,23,14,28003KT,17,11
2024-08-23 15:00:00.000,2024,8,23,15,29004KT,18,10
2024-08-23 16:00:00.000,2024,8,23,16,08004KT,19,09
2024-08-23 17:00:00.000,2024,8,23,17,29007KT,20,10
2024-08-23 18:00:00.000,2024,8,23,18,07008KT,19,09
2024-08-23 19:00:00.000,2024,8,23,19,24005KT,18,10
2024-08-23 20:00:00.000,2024,8,23,20,21008KT,16,13
2024-08-23 21:00:00.000,2024,8,23,21,19010KT,15,12
2024-08-23 22:00:00.000,2024,8,23,22,02005KT,14,12
2024-08-23 23:00:00.000,2024,8,23,23,11005KT,14,11
2024-08-24 00:00:00.000,2024,8,24,0,10009KT,14,10
2024-08-24 01:00:00.000,2024,8,24,1,07005KT,14,10
2024-08-24 02:00:00.000,2024,8,24,2,09006KT,14,10
2024-08-24 03:00:00.000,2024,8,24,3,06004KT,13,11
2024-08-24 04:00:00.000,2024,8,24,4,03004KT,13,11
2024-08-24 05:00:00.000,2024,8,24,5,04005KT,12,11
2024-08-24 06:00:00.000,2024,8,24,6,05004KT,12,11
2024-08-24 07:00:00.000,2024,8,24,7,07004KT,12,12
2024-08-24 08:00:00.000,2024,8,24,8,08004KT,12,12
2024-08-24 09:00:00.000,2024,8,24,9,05004KT,12,12
2024-08-24 10:00:00.000,2024,8,24,10,00000KT,11,11
2024-08-24 10:30:00.000,2024,8,24,10,08005KT,12,12
2024-08-24 11:00:00.000,2024,8,24,11,08005KT,12,12
2024-08-24 12:00:00.000,2024,8,24,12,06005KT,12,12
2024-08-24 13:00:00.000,2024,8,24,13,04004KT,14,12
2024-08-24 14:00:00.000,2024,8,24,14,VRB03KT,15,11
2024-08-24 15:00:00.000,2024,8,24,15,21005KT,17,11
2024-08-24 16:00:00.000,2024,8,24,16,17008KT,18,09
2024-08-24 17:00:00.000,2024,8,24,17,15011KT,19,09
2024-08-24 18:00:00.000,2024,8,24,18,15017KT,19,08
2024-08-24 19:00:00.000,2024,8,24,19,14012KT,19,08
2024-08-24 20:00:00.000,2024,8,24,20,15008KT,19,07
2024-08-24 21:00:00.000,2024,8,24,21,14012KT,20,07
2024-08-24 22:00:00.000,2024,8,24,22,16010KT,19,07
2024-08-24 23:00:00.000,2024,8,24,23,15006KT,18,07
2024-08-25 00:00:00.000,2024,8,25,0,14010KT,15,08
2024-08-25 01:00:00.000,2024,8,25,1,14009KT,14,08
2024-08-25 02:00:00.000,2024,8,25,2,14007KT,13,08
2024-08-25 03:00:00.000,2024,8,25,3,VRB02KT,12,08
2024-08-25 04:00:00.000,2024,8,25,4,10004KT,14,09
2024-08-25 05:00:00.000,2024,8,25,5,12004KT,12,08
2024-08-25 06:00:00.000,2024,8,25,6,13004KT,13,08
2024-08-25 07:00:00.000,2024,8,25,7,07005KT,10,09
2024-08-25 08:00:00.000,2024,8,25,8,12004KT,12,08
2024-08-25 09:00:00.000,2024,8,25,9,VRB02KT,11,08
2024-08-25 10:00:00.000,2024,8,25,10,VRB02KT,08,08
2024-08-25 10:30:00.000,2024,8,25,10,08004KT,09,09
2024-08-25 11:00:00.000,2024,8,25,11,VRB02KT,10,09
2024-08-25 12:00:00.000,2024,8,25,12,07004KT,13,10
2024-08-25 13:00:00.000,2024,8,25,13,VRB02KT,15,10
2024-08-25 14:00:00.000,2024,8,25,14,04005KT,16,10
2024-08-25 15:00:00.000,2024,8,25,15,VRB03KT,16,09
2024-08-25 16:00:00.000,2024,8,25,16,10007KT,17,08
2024-08-25 17:00:00.000,2024,8,25,17,05007KT,17,09
2024-08-25 17:07:00.000,2024,8,25,17,04010KT,16,10
2024-08-25 18:00:00.000,2024,8,25,18,07006KT,14,13
2024-08-25 19:00:00.000,2024,8,25,19,05008KT,15,12
2024-08-25 20:00:00.000,2024,8,25,20,05003KT,16,11
2024-08-25 21:00:00.000,2024,8,25,21,15012KT,17,10
2024-08-25 22:00:00.000,2024,8,25,22,18010KT,16,08
2024-08-25 23:00:00.000,2024,8,25,23,14009KT,15,08
2024-08-26 00:00:00.000,2024,8,26,0,21007KT,13,12
2024-08-26 01:00:00.000,2024,8,26,1,27003KT,12,11
2024-08-26 02:00:00.000,2024,8,26,2,00000KT,11,11
2024-08-26 03:00:00.000,2024,8,26,3,VRB02KT,12,09
2024-08-26 04:00:00.000,2024,8,26,4,17005KT,13,09
2024-08-26 05:00:00.000,2024,8,26,5,14007KT,13,09
2024-08-26 06:00:00.000,2024,8,26,6,VRB02KT,12,09
2024-08-26 07:00:00.000,2024,8,26,7,31003KT,12,10
2024-08-26 08:00:00.000,2024,8,26,8,05003KT,12,10
2024-08-26 09:00:00.000,2024,8,26,9,VRB02KT,13,10
2024-08-26 10:00:00.000,2024,8,26,10,15010KT,12,09
2024-08-26 10:30:00.000,2024,8,26,10,16009KT,13,08
2024-08-26 11:00:00.000,2024,8,26,11,17008KT,13,08
2024-08-26 12:00:00.000,2024,8,26,12,15005KT,15,09
2024-08-26 13:00:00.000,2024,8,26,13,17011KT,16,08
2024-08-26 14:00:00.000,2024,8,26,14,17011KT,17,07
2024-08-26 15:00:00.000,2024,8,26,15,15016KT,17,07
2024-08-26 16:00:00.000,2024,8,26,16,14012KT,17,07
2024-08-26 17:00:00.000,2024,8,26,17,15012KT,18,06
2024-08-26 18:00:00.000,2024,8,26,18,15012KT,17,07
2024-08-26 19:00:00.000,2024,8,26,19,13012KT,18,07
2024-08-26 20:00:00.000,2024,8,26,20,16014KT,17,07
2024-08-26 21:00:00.000,2024,8,26,21,11008KT,17,07
2024-08-26 22:00:00.000,2024,8,26,22,13010KT,17,07
2024-08-26 23:00:00.000,2024,8,26,23,13007KT,16,07
2024-08-27 00:00:00.000,2024,8,27,0,11007KT,14,07
2024-08-27 01:00:00.000,2024,8,27,1,12007KT,14,07
2024-08-27 02:00:00.000,2024,8,27,2,13006KT,13,07
2024-08-27 03:00:00.000,2024,8,27,3,21005KT,13,08
2024-08-27 04:00:00.000,2024,8,27,4,VRB02KT,10,08
2024-08-27 05:00:00.000,2024,8,27,5,06003KT,11,09
2024-08-27 06:00:00.000,2024,8,27,6,04003KT,10,09
2024-08-27 07:00:00.000,2024,8,27,7,04004KT,10,09
2024-08-27 08:00:00.000,2024,8,27,8,32004KT,09,08
2024-08-27 09:00:00.000,2024,8,27,9,VRB02KT,09,08
2024-08-27 10:00:00.000,2024,8,27,10,05005KT,08,08
2024-08-27 10:30:00.000,2024,8,27,10,VRB02KT,08,08
2024-08-27 11:00:00.000,2024,8,27,11,03004KT,07,07
2024-08-27 12:00:00.000,2024,8,27,12,VRB02KT,10,09
2024-08-27 12:15:00.000,2024,8,27,12,VRB02KT,12,10
2024-08-27 13:00:00.000,2024,8,27,13,06003KT,14,09
2024-08-27 14:00:00.000,2024,8,27,14,21004KT,16,09
2024-08-27 15:00:00.000,2024,8,27,15,23003KT,16,08
2024-08-27 16:00:00.000,2024,8,27,16,16006KT,18,09
2024-08-27 17:00:00.000,2024,8,27,17,15010KT,20,07
2024-08-27 18:00:00.000,2024,8,27,18,12010KT,18,07
2024-08-27 19:00:00.000,2024,8,27,19,17012KT,19,08
2024-08-27 20:00:00.000,2024,8,27,20,14008KT,18,08
2024-08-27 21:00:00.000,2024,8,27,21,16008KT,18,07
2024-08-27 22:00:00.000,2024,8,27,22,14010KT,17,07
2024-08-27 23:00:00.000,2024,8,27,23,14005KT,16,07
2024-08-28 00:00:00.000,2024,8,28,0,13005KT,15,08
2024-08-28 01:00:00.000,2024,8,28,1,13006KT,15,08
2024-08-28 02:00:00.000,2024,8,28,2,00000KT,13,08
2024-08-28 03:00:00.000,2024,8,28,3,VRB02KT,13,08
2024-08-28 04:00:00.000,2024,8,28,4,04005KT,11,09
2024-08-28 05:00:00.000,2024,8,28,5,04004KT,11,09
2024-08-28 06:00:00.000,2024,8,28,6,04004KT,10,09
2024-08-28 07:00:00.000,2024,8,28,7,01003KT,11,10
2024-08-28 08:00:00.000,2024,8,28,8,35003KT,11,10
2024-08-28 09:00:00.000,2024,8,28,9,07003KT,11,10
2024-08-28 10:00:00.000,2024,8,28,10,02003KT,11,10
2024-08-28 10:30:00.000,2024,8,28,10,04006KT,11,10
2024-08-28 11:00:00.000,2024,8,28,11,05005KT,11,10
2024-08-28 12:00:00.000,2024,8,28,12,06005KT,13,10
2024-08-28 13:00:00.000,2024,8,28,13,05005KT,14,11
2024-08-28 14:00:00.000,2024,8,28,14,07005KT,15,09
2024-08-28 15:00:00.000,2024,8,28,15,06006KT,15,10
2024-08-28 16:00:00.000,2024,8,28,16,13006KT,17,09
2024-08-28 17:00:00.000,2024,8,28,17,12008KT,19,09
2024-08-28 18:00:00.000,2024,8,28,18,13008KT,19,08
2024-08-28 19:00:00.000,2024,8,28,19,15009KT,18,09
2024-08-28 20:00:00.000,2024,8,28,20,09006KT,19,09
2024-08-28 21:00:00.000,2024,8,28,21,10006KT,20,09
2024-08-28 22:00:00.000,2024,8,28,22,13008KT,19,09
2024-08-28 23:00:00.000,2024,8,28,23,14009KT,17,08
2024-08-29 00:00:00.000,2024,8,29,0,17009KT,16,07
2024-08-29 01:00:00.000,2024,8,29,1,08005KT,14,10
2024-08-29 02:00:00.000,2024,8,29,2,04004KT,13,11
2024-08-29 03:00:00.000,2024,8,29,3,VRB03KT,14,10
2024-08-29 04:00:00.000,2024,8,29,4,VRB02KT,12,10
2024-08-29 05:00:00.000,2024,8,29,5,05006KT,11,09
2024-08-29 06:00:00.000,2024,8,29,6,06006KT,11,10
2024-08-29 07:00:00.000,2024,8,29,7,05006KT,11,10
2024-08-29 08:00:00.000,2024,8,29,8,05006KT,10,10
2024-08-29 09:00:00.000,2024,8,29,9,06004KT,10,10
2024-08-29 10:00:00.000,2024,8,29,10,04006KT,11,10
2024-08-29 10:31:00.000,2024,8,29,10,08004KT,12,09
2024-08-29 11:00:00.000,2024,8,29,11,07003KT,12,09
2024-08-29 12:00:00.000,2024,8,29,12,14008KT,14,09
2024-08-29 13:00:00.000,2024,8,29,13,14007KT,15,08
2024-08-29 14:00:00.000,2024,8,29,14,12007KT,16,07
2024-08-29 15:00:00.000,2024,8,29,15,16008KT,18,07
2024-08-29 16:00:00.000,2024,8,29,16,18014KT,20,06
2024-08-29 17:00:00.000,2024,8,29,17,17014KT,20,06
2024-08-29 18:00:00.000,2024,8,29,18,19015KT,20,05
2024-08-29 19:00:00.000,2024,8,29,19,15014KT,20,04
2024-08-29 20:00:00.000,2024,8,29,20,17019KT,19,07
2024-08-29 21:00:00.000,2024,8,29,21,16013KT,19,06
2024-08-29 22:00:00.000,2024,8,29,22,16014KT,17,07
2024-08-29 23:00:00.000,2024,8,29,23,16013KT,16,06
2024-08-30 00:00:00.000,2024,8,30,0,16010KT,14,04
2024-08-30 01:00:00.000,2024,8,30,1,20007KT,14,05
2024-08-30 02:00:00.000,2024,8,30,2,20004KT,13,05
2024-08-30 03:00:00.000,2024,8,30,3,19005KT,11,04
2024-08-30 04:00:00.000,2024,8,30,4,06006KT,12,05
2024-08-30 05:00:00.000,2024,8,30,5,01003KT,08,06
2024-08-30 06:00:00.000,2024,8,30,6,08004KT,10,06
2024-08-30 07:00:00.000,2024,8,30,7,07004KT,12,06
2024-08-30 08:00:00.000,2024,8,30,8,12006KT,12,06
2024-08-30 09:00:00.000,2024,8,30,9,VRB02KT,10,07
2024-08-30 10:00:00.000,2024,8,30,10,05005KT,09,07
2024-08-30 10:30:00.000,2024,8,30,10,02006KT,08,07
2024-08-30 11:00:00.000,2024,8,30,11,33003KT,08,07
2024-08-30 12:00:00.000,2024,8,30,12,05005KT,11,08
2024-08-30 13:00:00.000,2024,8,30,13,05005KT,13,08
2024-08-30 14:00:00.000,2024,8,30,14,05005KT,15,08
2024-08-30 15:00:00.000,2024,8,30,15,14016KT,18,04
2024-08-30 16:00:00.000,2024,8,30,16,14018KT,20,03
2024-08-30 17:00:00.000,2024,8,30,17,15020KT,20,01
2024-08-30 18:00:00.000,2024,8,30,18,13018KT,,
2024-08-30 19:00:00.000,2024,8,30,19,13018KT,21,01
2024-08-30 20:00:00.000,2024,8,30,20,15010KT,20,02
2024-08-30 20:24:00.000,2024,8,30,20,22008G18KT,19,09
2024-08-30 21:00:00.000,2024,8,30,21,24010KT,19,10
2024-08-30 22:00:00.000,2024,8,30,22,23009KT,19,09
2024-08-30 23:00:00.000,2024,8,30,23,26009KT,17,09
2024-08-31 00:00:00.000,2024,8,31,0,24003KT,15,09
2024-08-31 01:00:00.000,2024,8,31,1,20005KT,15,09
2024-08-31 02:00:00.000,2024,8,31,2,20005KT,15,08
2024-08-31 03:00:00.000,2024,8,31,3,22005KT,14,07
2024-08-31 04:00:00.000,2024,8,31,4,12005KT,12,07
2024-08-31 05:00:00.000,2024,8,31,5,03003KT,10,07
2024-08-31 06:00:00.000,2024,8,31,6,35003KT,09,06
2024-08-31 07:00:00.000,2024,8,31,7,32003KT,07,07
2024-08-31 08:00:00.000,2024,8,31,8,VRB02KT,07,07
2024-08-31 09:00:00.000,2024,8,31,9,VRB02KT,08,07
2024-08-31 10:00:00.000,2024,8,31,10,03003KT,07,07
2024-08-31 10:31:00.000,2024,8,31,10,03003KT,05,05
2024-08-31 11:00:00.000,2024,8,31,11,VRB02KT,07,07
2024-08-31 12:00:00.000,2024,8,31,12,35004KT,07,06
2024-08-31 13:00:00.000,2024,8,31,13,01004KT,12,10
2024-08-31 14:00:00.000,2024,8,31,14,04004KT,16,09
2024-08-31 15:00:00.000,2024,8,31,15,06005KT,18,06
2024-08-31 16:00:00.000,2024,8,31,16,17008KT,20,03
2024-08-31 17:00:00.000,2024,8,31,17,14008KT,21,01
2024-08-31 18:00:00.000,2024,8,31,18,VRB05KT,21,02
2024-08-31 19:00:00.000,2024,8,31,19,24011KT,19,09
2024-08-31 20:00:00.000,2024,8,31,20,23010KT,19,08
2024-08-31 21:00:00.000,2024,8,31,21,23010KT,18,09
2024-08-31 22:00:00.000,2024,8,31,22,25007KT,18,08
2024-08-31 23:00:00.000,2024,8,31,23,14007KT,15,08
2024-09-01 00:00:00.000,2024,9,1,0,28005KT,15,09
2024-09-01 01:00:00.000,2024,9,1,1,30005KT,15,09
2024-09-01 02:00:00.000,2024,9,1,2,35003KT,12,10
2024-09-01 03:00:00.000,2024,9,1,3,05004KT,13,10
2024-09-01 04:00:00.000,2024,9,1,4,VRB02KT,15,10
2024-09-01 05:00:00.000,2024,9,1,5,VRB02KT,12,10
2024-09-01 06:00:00.000,2024,9,1,6,20004KT,14,09
2024-09-01 07:00:00.000,2024,9,1,7,24005KT,13,09
2024-09-01 08:00:00.000,2024,9,1,8,27005KT,13,09
2024-09-01 09:00:00.000,2024,9,1,9,35004KT,11,10
2024-09-01 10:00:00.000,2024,9,1,10,VRB02KT,12,10
2024-09-01 10:31:00.000,2024,9,1,10,35002KT,12,10
2024-09-01 11:00:00.000,2024,9,1,11,VRB02KT,11,10
2024-09-01 12:00:00.000,2024,9,1,12,30004KT,13,10
2024-09-01 13:00:00.000,2024,9,1,13,VRB02KT,13,11
2024-09-01 14:00:00.000,2024,9,1,14,VRB03KT,15,11
2024-09-01 15:00:00.000,2024,9,1,15,VRB03KT,17,10
2024-09-01 16:00:00.000,2024,9,1,16,28004KT,18,10
2024-09-01 17:00:00.000,2024,9,1,17,23009KT,19,10
2024-09-01 18:00:00.000,2024,9,1,18,19015KT,21,08
2024-09-01 19:00:00.000,2024,9,1,19,17010KT,19,10
2024-09-01 20:00:00.000,2024,9,1,20,23011KT,19,10
2024-09-01 21:00:00.000,2024,9,1,21,24012KT,19,11
2024-09-01 22:00:00.000,2024,9,1,22,16013KT,18,07
2024-09-01 23:00:00.000,2024,9,1,23,22007KT,17,08
2024-09-02 00:00:00.000,2024,9,2,0,20008KT,17,08
2024-09-02 01:00:00.000,2024,9,2,1,20008KT,16,09
2024-09-02 02:00:00.000,2024,9,2,2,28005KT,15,10
2024-09-02 03:00:00.000,2024,9,2,3,24005KT,15,11
2024-09-02 04:00:00.000,2024,9,2,4,21004KT,15,11
2024-09-02 05:00:00.000,2024,9,2,5,05004KT,14,10
2024-09-02 06:00:00.000,2024,9,2,6,VRB02KT,13,10
2024-09-02 07:00:00.000,2024,9,2,7,VRB02KT,12,11
2024-09-02 08:00:00.000,2024,9,2,8,VRB02KT,12,10
2024-09-02 09:00:00.000,2024,9,2,9,VRB02KT,14,08
2024-09-02 10:00:00.000,2024,9,2,10,34004KT,09,09
2024-09-02 10:30:00.000,2024,9,2,10,VRB02KT,09,09
2024-09-02 11:00:00.000,2024,9,2,11,VRB02KT,09,09
2024-09-02 12:00:00.000,2024,9,2,12,02003KT,12,11
2024-09-02 13:00:00.000,2024,9,2,13,VRB04KT,14,11
2024-09-02 13:36:00.000,2024,9,2,13,VRB02KT,16,11
2024-09-02 14:00:00.000,2024,9,2,14,VRB03KT,17,09
2024-09-02 14:20:00.000,2024,9,2,14,17015KT,18,07
2024-09-02 15:00:00.000,2024,9,2,15,15012KT,17,08
2024-09-02 16:00:00.000,2024,9,2,16,16009KT,18,07
2024-09-02 17:00:00.000,2024,9,2,17,VRB06KT,19,08
2024-09-02 18:00:00.000,2024,9,2,18,21005KT,19,07
2024-09-02 19:00:00.000,2024,9,2,19,19012KT,20,10
2024-09-02 20:00:00.000,2024,9,2,20,17014KT,19,08
2024-09-02 21:00:00.000,2024,9,2,21,10004KT,19,08
2024-09-02 22:00:00.000,2024,9,2,22,20010KT,18,10
2024-09-02 23:00:00.000,2024,9,2,23,26008KT,16,11
2024-09-03 00:00:00.000,2024,9,3,0,25005KT,15,11
2024-09-03 01:00:00.000,2024,9,3,1,25003KT,14,13
2024-09-03 02:00:00.000,2024,9,3,2,24005KT,14,12
2024-09-03 03:00:00.000,2024,9,3,3,25004KT,14,12
2024-09-03 04:00:00.000,2024,9,3,4,28003KT,13,10
2024-09-03 05:00:00.000,2024,9,3,5,VRB02G13KT,14,09
2024-09-03 06:00:00.000,2024,9,3,6,18008KT,13,08
2024-09-03 07:00:00.000,2024,9,3,7,15005KT,12,08
2024-09-03 08:00:00.000,2024,9,3,8,13003KT,12,07
2024-09-03 09:00:00.000,2024,9,3,9,VRB02KT,08,08
2024-09-03 10:00:00.000,2024,9,3,10,04003KT,09,05
2024-09-03 10:33:00.000,2024,9,3,10,07004KT,09,05
2024-09-03 11:00:00.000,2024,9,3,11,01003KT,09,07
2024-09-03 12:00:00.000,2024,9,3,12,00000KT,11,07
2024-09-03 12:29:00.000,2024,9,3,12,05003KT,13,08
2024-09-03 13:00:00.000,2024,9,3,13,05004KT,15,07
2024-09-03 14:00:00.000,2024,9,3,14,07004KT,17,07
2024-09-03 15:00:00.000,2024,9,3,15,17004KT,19,06
2024-09-03 16:00:00.000,2024,9,3,16,VRB06KT,20,07
2024-09-03 17:00:00.000,2024,9,3,17,22007KT,20,07
2024-09-03 18:00:00.000,2024,9,3,18,23011KT,21,09
2024-09-03 19:00:00.000,2024,9,3,19,25012KT,21,10
2024-09-03 20:00:00.000,2024,9,3,20,25010KT,19,10
2024-09-03 21:00:00.000,2024,9,3,21,VRB07G19KT,20,10
2024-09-03 22:00:00.000,2024,9,3,22,28011G21KT,18,11
2024-09-03 23:00:00.000,2024,9,3,23,29006KT,17,11
2024-09-04 00:00:00.000,2024,9,4,0,25006KT,16,10
2024-09-04 01:00:00.000,2024,9,4,1,30004KT,16,10
2024-09-04 02:00:00.000,2024,9,4,2,20004KT,16,10
2024-09-04 03:00:00.000,2024,9,4,3,VRB02KT,15,09
2024-09-04 04:00:00.000,2024,9,4,4,19006KT,15,09
2024-09-04 05:00:00.000,2024,9,4,5,18003KT,14,10
2024-09-04 06:00:00.000,2024,9,4,6,05004KT,13,10
2024-09-04 07:00:00.000,2024,9,4,7,04004KT,12,10
2024-09-04 08:00:00.000,2024,9,4,8,05004KT,12,10
2024-09-04 09:00:00.000,2024,9,4,9,03005KT,12,10
2024-09-04 10:00:00.000,2024,9,4,10,VRB02KT,12,10
2024-09-04 10:30:00.000,2024,9,4,10,01003KT,11,10
2024-09-04 11:00:00.000,2024,9,4,11,35004KT,11,10
2024-09-04 12:00:00.000,2024,9,4,12,03003KT,11,10
2024-09-04 12:23:00.000,2024,9,4,12,01003KT,13,11
2024-09-04 13:00:00.000,2024,9,4,13,02004KT,14,10
2024-09-04 13:09:00.000,2024,9,4,13,VRB02KT,16,10
2024-09-04 14:00:00.000,2024,9,4,14,VRB03KT,18,10
2024-09-04 15:00:00.000,2024,9,4,15,VRB03KT,19,10
2024-09-04 16:00:00.000,2024,9,4,16,17007KT,20,09
2024-09-04 17:00:00.000,2024,9,4,17,13011KT,22,10
2024-09-04 18:00:00.000,2024,9,4,18,15011KT,22,08
2024-09-04 19:00:00.000,2024,9,4,19,16012KT,22,09
2024-09-04 20:00:00.000,2024,9,4,20,13010KT,22,09
2024-09-04 20:30:00.000,2024,9,4,20,13010KT,22,09
2024-09-04 21:00:00.000,2024,9,4,21,14014KT,21,09
2024-09-04 22:00:00.000,2024,9,4,22,14011KT,20,08
2024-09-04 23:00:00.000,2024,9,4,23,17008KT,20,08
2024-09-05 00:00:00.000,2024,9,5,0,11008KT,18,10
2024-09-05 01:00:00.000,2024,9,5,1,18010KT,17,09
2024-09-05 02:00:00.000,2024,9,5,2,18008KT,17,09
2024-09-05 03:00:00.000,2024,9,5,3,11008KT,16,10
2024-09-05 04:00:00.000,2024,9,5,4,09005KT,16,10
2024-09-05 05:00:00.000,2024,9,5,5,04008KT,15,09
2024-09-05 06:00:00.000,2024,9,5,6,05008KT,14,10
2024-09-05 07:00:00.000,2024,9,5,7,05007KT,13,11
2024-09-05 08:00:00.000,2024,9,5,8,04006KT,12,11
2024-09-05 09:00:00.000,2024,9,5,9,04006KT,11,11
2024-09-05 10:00:00.000,2024,9,5,10,04005KT,11,11
2024-09-05 10:30:00.000,2024,9,5,10,36003KT,12,11
2024-09-05 11:00:00.000,2024,9,5,11,VRB02KT,11,10
2024-09-05 12:00:00.000,2024,9,5,12,03003KT,11,11
2024-09-05 13:00:00.000,2024,9,5,13,07004KT,16,11
2024-09-05 14:00:00.000,2024,9,5,14,14008KT,18,09
2024-09-05 15:00:00.000,2024,9,5,15,14014KT,19,09
2024-09-05 16:00:00.000,2024,9,5,16,12010KT,18,08
2024-09-05 17:00:00.000,2024,9,5,17,16015KT,20,08
2024-09-05 17:22:00.000,2024,9,5,17,16015KT,20,08
2024-09-05 17:25:00.000,2024,9,5,17,16015KT,20,08
2024-09-05 18:00:00.000,2024,9,5,18,16016G28KT,21,07
2024-09-05 18:10:00.000,2024,9,5,18,18017KT,21,07
2024-09-05 19:00:00.000,2024,9,5,19,18020KT,21,07
2024-09-05 20:00:00.000,2024,9,5,20,16021KT,21,07
2024-09-05 21:00:00.000,2024,9,5,21,15018KT,20,07
2024-09-05 22:00:00.000,2024,9,5,22,16017KT,19,07
2024-09-05 23:00:00.000,2024,9,5,23,14014KT,18,06
2024-09-06 00:00:00.000,2024,9,6,0,16008KT,15,07
2024-09-06 01:00:00.000,2024,9,6,1,14009KT,14,07
2024-09-06 02:00:00.000,2024,9,6,2,13004KT,15,07
2024-09-06 03:00:00.000,2024,9,6,3,VRB02KT,15,09
2024-09-06 04:00:00.000,2024,9,6,4,06006KT,14,09
2024-09-06 05:00:00.000,2024,9,6,5,15010KT,15,09
2024-09-06 06:00:00.000,2024,9,6,6,VRB02KT,14,08
2024-09-06 07:00:00.000,2024,9,6,7,19005KT,13,10
2024-09-06 08:00:00.000,2024,9,6,8,16005KT,13,09
2024-09-06 09:00:00.000,2024,9,6,9,17008KT,14,09
2024-09-06 10:00:00.000,2024,9,6,10,VRB02KT,10,09
2024-09-06 10:35:00.000,2024,9,6,10,21007KT,12,09
2024-09-06 11:00:00.000,2024,9,6,11,19006KT,13,09
2024-09-06 12:00:00.000,2024,9,6,12,01003KT,11,10
2024-09-06 13:00:00.000,2024,9,6,13,03003KT,13,11
2024-09-06 14:00:00.000,2024,9,6,14,VRB02KT,15,10
2024-09-06 15:00:00.000,2024,9,6,15,16010KT,18,08
2024-09-06 16:00:00.000,2024,9,6,16,18011KT,19,08
2024-09-06 17:00:00.000,2024,9,6,17,16014KT,18,08
2024-09-06 18:00:00.000,2024,9,6,18,16011KT,17,09
2024-09-06 19:00:00.000,2024,9,6,19,17015KT,19,08
2024-09-06 20:00:00.000,2024,9,6,20,16011KT,20,08
2024-09-06 21:00:00.000,2024,9,6,21,17009KT,19,07
2024-09-06 22:00:00.000,2024,9,6,22,08006KT,19,08
2024-09-06 23:00:00.000,2024,9,6,23,VRB03KT,18,07
2024-09-07 00:00:00.000,2024,9,7,0,21004KT,16,12
2024-09-07 01:00:00.000,2024,9,7,1,VRB04KT,15,13
2024-09-07 02:00:00.000,2024,9,7,2,19007KT,15,09
2024-09-07 03:00:00.000,2024,9,7,3,17008KT,15,09
2024-09-07 04:00:00.000,2024,9,7,4,05004KT,11,10
2024-09-07 05:00:00.000,2024,9,7,5,07003KT,12,10
2024-09-07 06:00:00.000,2024,9,7,6,04003KT,10,10
2024-09-07 07:00:00.000,2024,9,7,7,VRB02KT,09,08
2024-09-07 08:00:00.000,2024,9,7,8,35003KT,11,10
2024-09-07 09:00:00.000,2024,9,7,9,03003KT,10,10
2024-09-07 10:00:00.000,2024,9,7,10,VRB02KT,11,10
2024-09-07 10:33:00.000,2024,9,7,10,12003KT,11,11
2024-09-07 11:00:00.000,2024,9,7,11,05003KT,10,10
2024-09-07 12:00:00.000,2024,9,7,12,01003KT,10,10
2024-09-07 13:00:00.000,2024,9,7,13,03003KT,13,11
2024-09-07 14:00:00.000,2024,9,7,14,VRB02KT,16,10
2024-09-07 14:22:00.000,2024,9,7,14,16005KT,17,09
2024-09-07 15:00:00.000,2024,9,7,15,14003KT,17,08
2024-09-07 16:00:00.000,2024,9,7,16,VRB03KT,19,09
2024-09-07 17:00:00.000,2024,9,7,17,VRB07KT,20,08
2024-09-07 18:00:00.000,2024,9,7,18,11007KT,19,09
2024-09-07 19:00:00.000,2024,9,7,19,VRB03KT,19,08
2024-09-07 20:00:00.000,2024,9,7,20,VRB05KT,19,09
2024-09-07 21:00:00.000,2024,9,7,21,VRB05KT,20,09
2024-09-07 22:00:00.000,2024,9,7,22,10005KT,18,09
2024-09-07 23:00:00.000,2024,9,7,23,23006KT,16,12
2024-09-08 00:00:00.000,2024,9,8,0,28005KT,15,11
2024-09-08 01:00:00.000,2024,9,8,1,30004KT,15,10
2024-09-08 02:00:00.000,2024,9,8,2,VRB02KT,15,11
2024-09-08 03:00:00.000,2024,9,8,3,16010KT,15,10
2024-09-08 04:00:00.000,2024,9,8,4,14008KT,14,09
2024-09-08 05:00:00.000,2024,9,8,5,15010KT,15,09
2024-09-08 06:00:00.000,2024,9,8,6,19008KT,14,09
2024-09-08 07:00:00.000,2024,9,8,7,15004KT,13,09
2024-09-08 08:00:00.000,2024,9,8,8,VRB02KT,11,10
2024-09-08 09:00:00.000,2024,9,8,9,VRB02KT,09,09
2024-09-08 10:00:00.000,2024,9,8,10,VRB02KT,09,09
2024-09-08 10:30:00.000,2024,9,8,10,VRB02KT,10,09
2024-09-08 11:00:00.000,2024,9,8,11,VRB02KT,11,09
2024-09-08 12:00:00.000,2024,9,8,12,VRB02KT,14,09
2024-09-08 13:00:00.000,2024,9,8,13,17006KT,16,09
2024-09-08 14:00:00.000,2024,9,8,14,14009KT,16,08
2024-09-08 15:00:00.000,2024,9,8,15,15014KT,17,09
2024-09-08 16:00:00.000,2024,9,8,16,15016KT,18,09
2024-09-08 17:00:00.000,2024,9,8,17,15014KT,18,09
2024-09-08 18:00:00.000,2024,9,8,18,15018KT,19,09
2024-09-08 19:00:00.000,2024,9,8,19,14012G23KT,19,09
2024-09-08 20:00:00.000,2024,9,8,20,14013G23KT,19,08
2024-09-08 21:00:00.000,2024,9,8,21,15013KT,19,08
2024-09-08 22:00:00.000,2024,9,8,22,17013G23KT,19,07
2024-09-08 23:00:00.000,2024,9,8,23,15014KT,17,08
2024-09-09 00:00:00.000,2024,9,9,0,15009KT,16,08
2024-09-09 01:00:00.000,2024,9,9,1,16011KT,16,08
2024-09-09 02:00:00.000,2024,9,9,2,15009KT,15,09
2024-09-09 03:00:00.000,2024,9,9,3,14007KT,14,09
2024-09-09 03:18:00.000,2024,9,9,3,17008KT,16,09
2024-09-09 04:00:00.000,2024,9,9,4,20004KT,15,09
2024-09-09 05:00:00.000,2024,9,9,5,36003KT,14,11
2024-09-09 06:00:00.000,2024,9,9,6,02004KT,13,12
2024-09-09 07:00:00.000,2024,9,9,7,03003KT,12,12
2024-09-09 08:00:00.000,2024,9,9,8,02003KT,11,11
2024-09-09 09:00:00.000,2024,9,9,9,06003KT,12,11
2024-09-09 10:00:00.000,2024,9,9,10,08004KT,13,09
2024-09-09 10:30:00.000,2024,9,9,10,13007KT,13,08
2024-09-09 11:00:00.000,2024,9,9,11,13010KT,14,07
2024-09-09 12:00:00.000,2024,9,9,12,13007KT,14,08
2024-09-09 13:00:00.000,2024,9,9,13,14015KT,15,06
2024-09-09 14:00:00.000,2024,9,9,14,15020KT,17,05
2024-09-09 15:00:00.000,2024,9,9,15,15012KT,18,06
2024-09-09 16:00:00.000,2024,9,9,16,17014KT,19,04
2024-09-09 17:00:00.000,2024,9,9,17,16012G22KT,19,04
2024-09-09 18:00:00.000,2024,9,9,18,17017G27KT,20,04
2024-09-09 19:00:00.000,2024,9,9,19,16013KT,20,05
2024-09-09 20:00:00.000,2024,9,9,20,16013KT,20,04
2024-09-09 21:00:00.000,2024,9,9,21,16013G23KT,19,04
2024-09-09 22:00:00.000,2024,9,9,22,17015KT,18,04
2024-09-09 23:00:00.000,2024,9,9,23,16012KT,17,04
2024-09-10 00:00:00.000,2024,9,10,0,14013KT,15,05
2024-09-10 01:00:00.000,2024,9,10,1,14009KT,13,06
2024-09-10 02:00:00.000,2024,9,10,2,16006KT,15,06
2024-09-10 03:00:00.000,2024,9,10,3,14008KT,14,07
2024-09-10 04:00:00.000,2024,9,10,4,14008KT,14,08
2024-09-10 05:00:00.000,2024,9,10,5,12004KT,13,09
2024-09-10 06:00:00.000,2024,9,10,6,20004KT,12,10
2024-09-10 07:00:00.000,2024,9,10,7,35003KT,11,11
2024-09-10 08:00:00.000,2024,9,10,8,VRB02KT,11,11
2024-09-10 09:00:00.000,2024,9,10,9,VRB02KT,11,11
2024-09-10 10:00:00.000,2024,9,10,10,04004KT,11,11
2024-09-10 10:29:00.000,2024,9,10,10,03005KT,11,11
2024-09-10 11:00:00.000,2024,9,10,11,03003KT,11,11
2024-09-10 12:00:00.000,2024,9,10,12,VRB02KT,11,11
2024-09-10 13:00:00.000,2024,9,10,13,03004KT,13,12
2024-09-10 14:00:00.000,2024,9,10,14,04003KT,15,12
2024-09-10 14:25:00.000,2024,9,10,14,05004KT,14,11
2024-09-10 15:00:00.000,2024,9,10,15,12003KT,13,12
2024-09-10 15:12:00.000,2024,9,10,15,16004KT,14,12
2024-09-10 16:00:00.000,2024,9,10,16,03004KT,14,13
2024-09-10 17:00:00.000,2024,9,10,17,17012KT,17,10
2024-09-10 18:00:00.000,2024,9,10,18,17012KT,18,09
2024-09-10 19:00:00.000,2024,9,10,19,15009KT,19,09
2024-09-10 20:00:00.000,2024,9,10,20,17008KT,19,09
2024-09-10 21:00:00.000,2024,9,10,21,14009KT,19,09
2024-09-10 22:00:00.000,2024,9,10,22,12008KT,18,09
2024-09-10 23:00:00.000,2024,9,10,23,15008KT,16,09
2024-09-11 00:00:00.000,2024,9,11,0,16010KT,16,09
2024-09-11 01:00:00.000,2024,9,11,1,15006KT,15,09
2024-09-11 02:00:00.000,2024,9,11,2,09004KT,15,10
2024-09-11 03:00:00.000,2024,9,11,3,03007KT,14,11
2024-09-11 04:00:00.000,2024,9,11,4,04007KT,13,11
2024-09-11 05:00:00.000,2024,9,11,5,06004KT,12,11
2024-09-11 06:00:00.000,2024,9,11,6,02003KT,11,10
2024-09-11 07:00:00.000,2024,9,11,7,VRB02KT,10,09
2024-09-11 08:00:00.000,2024,9,11,8,VRB01KT,10,09
2024-09-11 09:00:00.000,2024,9,11,9,01004KT,08,08
2024-09-11 10:00:00.000,2024,9,11,10,03002KT,08,08
2024-09-11 10:30:00.000,2024,9,11,10,01002KT,08,08
2024-09-11 11:00:00.000,2024,9,11,11,01003KT,08,08
2024-09-11 12:00:00.000,2024,9,11,12,01004KT,09,09
2024-09-11 13:00:00.000,2024,9,11,13,04005KT,14,11
2024-09-11 13:37:00.000,2024,9,11,13,05004KT,16,10
2024-09-11 14:00:00.000,2024,9,11,14,04003KT,17,11
2024-09-11 15:00:00.000,2024,9,11,15,03004KT,18,09
2024-09-11 16:00:00.000,2024,9,11,16,13006KT,19,07
2024-09-11 17:00:00.000,2024,9,11,17,16011KT,21,07
2024-09-11 18:00:00.000,2024,9,11,18,15008KT,21,07
2024-09-11 19:00:00.000,2024,9,11,19,17012KT,20,07
2024-09-11 20:00:00.000,2024,9,11,20,15009KT,19,07
2024-09-11 21:00:00.000,2024,9,11,21,14014KT,18,07
2024-09-11 22:00:00.000,2024,9,11,22,20003KT,16,09
2024-09-11 23:00:00.000,2024,9,11,23,03006KT,14,10
2024-09-12 00:00:00.000,2024,9,12,0,05005KT,13,10
2024-09-12 01:00:00.000,2024,9,12,1,12005KT,15,09
2024-09-12 02:00:00.000,2024,9,12,2,13005KT,14,09
2024-09-12 03:00:00.000,2024,9,12,3,VRB02KT,12,09
2024-09-12 04:00:00.000,2024,9,12,4,VRB02KT,10,09
2024-09-12 05:00:00.000,2024,9,12,5,VRB02KT,11,10
2024-09-12 06:00:00.000,2024,9,12,6,03005KT,09,08
2024-09-12 07:00:00.000,2024,9,12,7,04004KT,10,10
2024-09-12 08:00:00.000,2024,9,12,8,04003KT,10,10
2024-09-12 09:00:00.000,2024,9,12,9,35004KT,10,10
2024-09-12 10:00:00.000,2024,9,12,10,03004KT,08,08
2024-09-12 10:30:00.000,2024,9,12,10,35005KT,09,09
2024-09-12 11:00:00.000,2024,9,12,11,27004KT,10,10
2024-09-12 12:00:00.000,2024,9,12,12,03004KT,11,11
2024-09-12 13:00:00.000,2024,9,12,13,05003KT,15,11
2024-09-12 13:30:00.000,2024,9,12,13,18005KT,17,10
2024-09-12 14:00:00.000,2024,9,12,14,16008KT,18,09
2024-09-12 15:00:00.000,2024,9,12,15,16010KT,18,08
2024-09-12 16:00:00.000,2024,9,12,16,13006KT,18,08
2024-09-12 17:00:00.000,2024,9,12,17,14010KT,20,08
2024-09-12 18:00:00.000,2024,9,12,18,14018KT,20,08
2024-09-12 19:00:00.000,2024,9,12,19,17013KT,20,07
2024-09-12 20:00:00.000,2024,9,12,20,14019KT,18,08
2024-09-12 21:00:00.000,2024,9,12,21,14006KT,19,08
2024-09-12 22:00:00.000,2024,9,12,22,17006KT,19,07
2024-09-12 23:00:00.000,2024,9,12,23,17015KT,18,07
2024-09-13 00:00:00.000,2024,9,13,0,13008KT,17,08
2024-09-13 01:00:00.000,2024,9,13,1,11005KT,17,08
2024-09-13 02:00:00.000,2024,9,13,2,19009KT,16,08
2024-09-13 03:00:00.000,2024,9,13,3,26005KT,14,10
2024-09-13 04:00:00.000,2024,9,13,4,36004KT,12,11
2024-09-13 05:00:00.000,2024,9,13,5,07006KT,13,10
2024-09-13 06:00:00.000,2024,9,13,6,VRB02KT,13,10
2024-09-13 07:00:00.000,2024,9,13,7,01004KT,12,11
2024-09-13 08:00:00.000,2024,9,13,8,VRB02KT,12,11
2024-09-13 09:00:00.000,2024,9,13,9,35004KT,11,11
2024-09-13 10:00:00.000,2024,9,13,10,34003KT,11,11
2024-09-13 11:00:00.000,2024,9,13,11,05003KT,11,11
2024-09-13 12:00:00.000,2024,9,13,12,36004KT,12,11
2024-09-13 13:00:00.000,2024,9,13,13,03006KT,14,12
2024-09-13 14:00:00.000,2024,9,13,14,08007KT,17,10
2024-09-13 15:00:00.000,2024,9,13,15,18015KT,20,06
2024-09-13 16:00:00.000,2024,9,13,16,18014KT,20,04
2024-09-13 17:00:00.000,2024,9,13,17,17016KT,21,06
2024-09-13 18:00:00.000,2024,9,13,18,18015KT,21,05
2024-09-13 19:00:00.000,2024,9,13,19,17013KT,22,06
2024-09-13 20:00:00.000,2024,9,13,20,18014KT,21,05
2024-09-13 21:00:00.000,2024,9,13,21,17014KT,21,05
2024-09-13 22:00:00.000,2024,9,13,22,14013KT,19,07
2024-09-13 23:00:00.000,2024,9,13,23,17012KT,18,07
2024-09-14 00:00:00.000,2024,9,14,0,14004KT,16,08
2024-09-14 01:00:00.000,2024,9,14,1,05007KT,15,09
2024-09-14 02:00:00.000,2024,9,14,2,06004KT,14,10
2024-09-14 03:00:00.000,2024,9,14,3,04005KT,13,10
2024-09-14 04:00:00.000,2024,9,14,4,36003KT,12,10
2024-09-14 05:00:00.000,2024,9,14,5,03004KT,13,10
2024-09-14 06:00:00.000,2024,9,14,6,05004KT,13,11
2024-09-14 07:00:00.000,2024,9,14,7,VRB02KT,12,10
2024-09-14 08:00:00.000,2024,9,14,8,03004KT,11,10
2024-09-14 09:00:00.000,2024,9,14,9,05004KT,10,10
2024-09-14 10:00:00.000,2024,9,14,10,02004KT,10,09
2024-09-14 10:30:00.000,2024,9,14,10,06005KT,12,10
2024-09-14 11:00:00.000,2024,9,14,11,05005KT,11,10
2024-09-14 12:00:00.000,2024,9,14,12,VRB03KT,13,10
2024-09-14 13:00:00.000,2024,9,14,13,03004KT,16,10
2024-09-14 14:00:00.000,2024,9,14,14,12004KT,18,09
2024-09-14 15:00:00.000,2024,9,14,15,12009KT,20,08
2024-09-14 16:00:00.000,2024,9,14,16,14011KT,20,08
2024-09-14 17:00:00.000,2024,9,14,17,14011KT,20,08
2024-09-14 18:00:00.000,2024,9,14,18,15014KT,20,08
2024-09-14 19:00:00.000,2024,9,14,19,12010KT,20,08
2024-09-14 20:00:00.000,2024,9,14,20,16005KT,21,08
2024-09-14 21:00:00.000,2024,9,14,21,14012KT,20,09
2024-09-14 22:00:00.000,2024,9,14,22,14010KT,19,08
2024-09-14 23:00:00.000,2024,9,14,23,10007KT,17,08
2024-09-15 00:00:00.000,2024,9,15,0,10004KT,16,08
2024-09-15 01:00:00.000,2024,9,15,1,06003KT,14,08
2024-09-15 02:00:00.000,2024,9,15,2,02003KT,12,08
2024-09-15 03:00:00.000,2024,9,15,3,06004KT,12,09
2024-09-15 04:00:00.000,2024,9,15,4,06004KT,11,08
2024-09-15 05:00:00.000,2024,9,15,5,07004KT,10,09
2024-09-15 06:00:00.000,2024,9,15,6,07003KT,10,09
2024-09-15 07:00:00.000,2024,9,15,7,VRB02KT,10,09
2024-09-15 08:00:00.000,2024,9,15,8,04006KT,09,08
2024-09-15 09:00:00.000,2024,9,15,9,06006KT,09,09
2024-09-15 10:30:00.000,2024,9,15,10,04007KT,10,09
2024-09-15 11:00:00.000,2024,9,15,11,01003KT,10,09
2024-09-15 11:33:00.000,2024,9,15,11,06003KT,12,09
2024-09-15 12:00:00.000,2024,9,15,12,04006KT,14,10
2024-09-15 13:00:00.000,2024,9,15,13,12006KT,17,08
2024-09-15 14:00:00.000,2024,9,15,14,VRB04KT,18,09
2024-09-15 15:00:00.000,2024,9,15,15,09006KT,20,09
2024-09-15 16:00:00.000,2024,9,15,16,VRB04KT,22,07
2024-09-15 17:00:00.000,2024,9,15,17,13014G26KT,23,07
2024-09-15 17:34:00.000,2024,9,15,17,13012KT,22,07
2024-09-15 18:00:00.000,2024,9,15,18,14015KT,23,07
2024-09-15 19:00:00.000,2024,9,15,19,16013KT,22,08
2024-09-15 20:00:00.000,2024,9,15,20,17018KT,22,08
2024-09-15 21:00:00.000,2024,9,15,21,19015KT,23,07
2024-09-15 22:00:00.000,2024,9,15,22,15010KT,21,07
2024-09-15 23:00:00.000,2024,9,15,23,14005KT,19,08
2024-09-16 00:00:00.000,2024,9,16,0,13006KT,17,08
2024-09-16 01:00:00.000,2024,9,16,1,16012KT,17,08
2024-09-16 02:00:00.000,2024,9,16,2,19005KT,13,08
2024-09-16 03:00:00.000,2024,9,16,3,09004KT,15,10
2024-09-16 04:00:00.000,2024,9,16,4,06003KT,11,09
2024-09-16 05:00:00.000,2024,9,16,5,02003KT,11,10
2024-09-16 06:00:00.000,2024,9,16,6,03004KT,10,10
2024-09-16 07:00:00.000,2024,9,16,7,03005KT,09,08
2024-09-16 08:00:00.000,2024,9,16,8,01004KT,09,09
2024-09-16 09:00:00.000,2024,9,16,9,11004KT,12,09
2024-09-16 10:00:00.000,2024,9,16,10,VRB02KT,10,09
2024-09-16 10:30:00.000,2024,9,16,10,04009KT,09,09
2024-09-16 11:00:00.000,2024,9,16,11,03007KT,08,08
2024-09-16 11:09:00.000,2024,9,16,11,08006KT,11,09
2024-09-16 12:00:00.000,2024,9,16,12,06008KT,12,10
2024-09-16 13:00:00.000,2024,9,16,13,36004KT,16,10
2024-09-16 13:33:00.000,2024,9,16,13,16010KT,18,08
2024-09-16 14:00:00.000,2024,9,16,14,14011KT,19,07
2024-09-16 15:00:00.000,2024,9,16,15,15016KT,20,08
2024-09-16 16:00:00.000,2024,9,16,16,16014KT,21,08
2024-09-16 17:00:00.000,2024,9,16,17,16015KT,21,08
2024-09-16 18:00:00.000,2024,9,16,18,15017KT,21,08
2024-09-16 19:00:00.000,2024,9,16,19,15014KT,20,08
2024-09-16 20:00:00.000,2024,9,16,20,17013KT,21,08
2024-09-16 21:00:00.000,2024,9,16,21,15018KT,20,08
2024-09-16 22:00:00.000,2024,9,16,22,16013KT,20,08
2024-09-16 23:00:00.000,2024,9,16,23,13010KT,17,09
2024-09-17 00:00:00.000,2024,9,17,0,VRB02KT,15,10
2024-09-17 01:00:00.000,2024,9,17,1,14006KT,16,09
2024-09-17 02:00:00.000,2024,9,17,2,15011KT,15,09
2024-09-17 03:00:00.000,2024,9,17,3,14010KT,14,08
2024-09-17 04:00:00.000,2024,9,17,4,08005KT,14,09
2024-09-17 05:00:00.000,2024,9,17,5,06003KT,14,09
2024-09-17 06:00:00.000,2024,9,17,6,17007KT,14,09
2024-09-17 07:00:00.000,2024,9,17,7,07004KT,12,11
2024-09-17 08:00:00.000,2024,9,17,8,VRB02KT,12,11
2024-09-17 09:00:00.000,2024,9,17,9,VRB02KT,12,11
2024-09-17 10:00:00.000,2024,9,17,10,05003KT,12,11
2024-09-17 10:28:00.000,2024,9,17,10,05003KT,10,10
2024-09-17 11:00:00.000,2024,9,17,11,VRB02KT,11,11
2024-09-17 12:00:00.000,2024,9,17,12,VRB02KT,12,12
2024-09-17 13:00:00.000,2024,9,17,13,VRB02KT,16,11
2024-09-17 14:00:00.000,2024,9,17,14,15015KT,18,08
2024-09-17 15:00:00.000,2024,9,17,15,16014KT,19,08
2024-09-17 16:00:00.000,2024,9,17,16,15016KT,20,08
2024-09-17 17:00:00.000,2024,9,17,17,15018KT,18,08
2024-09-17 18:00:00.000,2024,9,17,18,16018KT,20,07
2024-09-17 19:00:00.000,2024,9,17,19,15015KT,20,07
2024-09-17 20:00:00.000,2024,9,17,20,16013KT,20,07
2024-09-17 21:00:00.000,2024,9,17,21,16017KT,18,08
2024-09-17 22:00:00.000,2024,9,17,22,14014KT,17,09
2024-09-17 23:00:00.000,2024,9,17,23,16013KT,17,08
2024-09-18 00:00:00.000,2024,9,18,0,14008KT,16,08
2024-09-18 01:00:00.000,2024,9,18,1,12005KT,16,08
2024-09-18 02:00:00.000,2024,9,18,2,02003KT,13,09
2024-09-18 03:00:00.000,2024,9,18,3,33003KT,12,09
2024-09-18 04:00:00.000,2024,9,18,4,03003KT,13,09
2024-09-18 05:00:00.000,2024,9,18,5,VRB02KT,13,09
2024-09-18 06:00:00.000,2024,9,18,6,03003KT,11,10
2024-09-18 07:00:00.000,2024,9,18,7,08003KT,13,09
2024-09-18 08:00:00.000,2024,9,18,8,03004KT,11,09
2024-09-18 09:00:00.000,2024,9,18,9,06004KT,11,09
2024-09-18 10:00:00.000,2024,9,18,10,08004KT,12,08
2024-09-18 10:31:00.000,2024,9,18,10,33007KT,09,08
2024-09-18 11:00:00.000,2024,9,18,11,VRB02KT,09,08
2024-09-18 11:30:00.000,2024,9,18,11,02005KT,11,09
2024-09-18 12:00:00.000,2024,9,18,12,04006KT,13,09
2024-09-18 13:00:00.000,2024,9,18,13,14008KT,16,10
2024-09-18 14:00:00.000,2024,9,18,14,07006KT,19,09
2024-09-18 15:00:00.000,2024,9,18,15,16011KT,21,06
2024-09-18 15:13:00.000,2024,9,18,15,13015KT,21,07
2024-09-18 16:00:00.000,2024,9,18,16,15014KT,21,07
2024-09-18 17:00:00.000,2024,9,18,17,18017KT,22,07
2024-09-18 18:00:00.000,2024,9,18,18,14019KT,22,07
2024-09-18 19:00:00.000,2024,9,18,19,18013KT,22,08
2024-09-18 20:00:00.000,2024,9,18,20,19018KT,21,07
2024-09-18 21:00:00.000,2024,9,18,21,17016KT,20,08
2024-09-18 22:00:00.000,2024,9,18,22,13011KT,19,08
2024-09-18 23:00:00.000,2024,9,18,23,14011KT,18,08
2024-09-19 00:00:00.000,2024,9,19,0,17010KT,17,08
2024-09-19 01:00:00.000,2024,9,19,1,17013KT,16,08
2024-09-19 02:00:00.000,2024,9,19,2,17008KT,14,07
2024-09-19 03:00:00.000,2024,9,19,3,14008KT,14,08
2024-09-19 04:00:00.000,2024,9,19,4,13006KT,13,08
2024-09-19 05:00:00.000,2024,9,19,5,04006KT,11,09
2024-09-19 06:00:00.000,2024,9,19,6,05003KT,10,09
2024-09-19 07:00:00.000,2024,9,19,7,04005KT,11,10
2024-09-19 08:00:00.000,2024,9,19,8,VRB02KT,12,10
2024-09-19 09:00:00.000,2024,9,19,9,VRB02KT,12,10
2024-09-19 10:00:00.000,2024,9,19,10,05004KT,12,10
2024-09-19 10:30:00.000,2024,9,19,10,05004KT,12,10
2024-09-19 11:00:00.000,2024,9,19,11,VRB02KT,12,10
2024-09-19 12:00:00.000,2024,9,19,12,04006KT,13,10
2024-09-19 12:30:00.000,2024,9,19,12,06005KT,15,11
2024-09-19 13:00:00.000,2024,9,19,13,07005KT,15,10
2024-09-19 14:00:00.000,2024,9,19,14,17006KT,17,09
2024-09-19 15:00:00.000,2024,9,19,15,17011KT,18,07
2024-09-19 16:00:00.000,2024,9,19,16,13009KT,19,07
2024-09-19 17:00:00.000,2024,9,19,17,17010KT,20,07
2024-09-19 18:00:00.000,2024,9,19,18,12009KT,21,07
2024-09-19 19:00:00.000,2024,9,19,19,18017KT,22,06
2024-09-19 20:00:00.000,2024,9,19,20,15015KT,22,05
2024-09-19 21:00:00.000,2024,9,19,21,16014KT,21,04
2024-09-19 22:00:00.000,2024,9,19,22,18015KT,21,04
2024-09-19 23:00:00.000,2024,9,19,23,14014KT,19,03
2024-09-20 00:00:00.000,2024,9,20,0,21005KT,16,05
2024-09-20 01:00:00.000,2024,9,20,1,VRB03KT,14,05
2024-09-20 02:00:00.000,2024,9,20,2,36004KT,13,06
2024-09-20 03:00:00.000,2024,9,20,3,VRB02KT,12,07
2024-09-20 04:00:00.000,2024,9,20,4,04004KT,10,07
2024-09-20 05:00:00.000,2024,9,20,5,02004KT,10,07
2024-09-20 06:00:00.000,2024,9,20,6,04006KT,09,07
2024-09-20 07:00:00.000,2024,9,20,7,03005KT,08,07
2024-09-20 08:00:00.000,2024,9,20,8,VRB02KT,09,08
2024-09-20 09:00:00.000,2024,9,20,9,33003KT,07,07
2024-09-20 10:00:00.000,2024,9,20,10,VRB02KT,08,07
2024-09-20 10:32:00.000,2024,9,20,10,VRB02KT,08,07
2024-09-20 11:00:00.000,2024,9,20,11,VRB02KT,06,06
2024-09-20 11:27:00.000,2024,9,20,11,VRB02KT,08,08
2024-09-20 12:00:00.000,2024,9,20,12,VRB02KT,10,09
2024-09-20 13:00:00.000,2024,9,20,13,36003KT,12,10
2024-09-20 14:00:00.000,2024,9,20,14,02003KT,13,09
2024-09-20 15:00:00.000,2024,9,20,15,VRB02KT,16,09
2024-09-20 15:09:00.000,2024,9,20,15,17011KT,18,08
2024-09-20 16:00:00.000,2024,9,20,16,17012KT,18,08
2024-09-20 17:00:00.000,2024,9,20,17,17012KT,19,08
2024-09-20 18:00:00.000,2024,9,20,18,18015KT,20,08
2024-09-20 19:00:00.000,2024,9,20,19,18017KT,20,08
2024-09-20 20:00:00.000,2024,9,20,20,16011KT,19,08
2024-09-20 21:00:00.000,2024,9,20,21,16013KT,18,09
2024-09-20 22:00:00.000,2024,9,20,22,06004KT,18,09
2024-09-20 23:00:00.000,2024,9,20,23,03005KT,17,09
2024-09-21 00:00:00.000,2024,9,21,0,05004KT,16,11
2024-09-21 01:00:00.000,2024,9,21,1,35003KT,14,13
2024-09-21 02:00:00.000,2024,9,21,2,15009KT,16,11
2024-09-21 03:00:00.000,2024,9,21,3,18007KT,15,10
2024-09-21 04:00:00.000,2024,9,21,4,02004KT,12,11
2024-09-21 05:00:00.000,2024,9,21,5,36003KT,11,10
2024-09-21 06:00:00.000,2024,9,21,6,03002KT,10,10
2024-09-21 07:00:00.000,2024,9,21,7,VRB02KT,09,09
2024-09-21 08:00:00.000,2024,9,21,8,06004KT,11,11
2024-09-21 09:00:00.000,2024,9,21,9,VRB02KT,11,11
2024-09-21 10:00:00.000,2024,9,21,10,01005KT,11,11
2024-09-21 10:30:00.000,2024,9,21,10,VRB02KT,10,10
2024-09-21 11:00:00.000,2024,9,21,11,03003KT,10,10
2024-09-21 12:00:00.000,2024,9,21,12,04005KT,12,11
2024-09-21 13:00:00.000,2024,9,21,13,05003KT,14,11
2024-09-21 14:00:00.000,2024,9,21,14,VRB02KT,16,11
2024-09-21 15:00:00.000,2024,9,21,15,36003KT,17,10
2024-09-21 16:00:00.000,2024,9,21,16,11007KT,19,09
2024-09-21 17:00:00.000,2024,9,21,17,11008KT,19,09
2024-09-21 18:00:00.000,2024,9,21,18,15010KT,21,08
2024-09-21 19:00:00.000,2024,9,21,19,13011KT,20,08
2024-09-21 20:00:00.000,2024,9,21,20,16010KT,19,08
2024-09-21 21:00:00.000,2024,9,21,21,14008KT,20,07
2024-09-21 22:00:00.000,2024,9,21,22,08007KT,20,07
2024-09-21 23:00:00.000,2024,9,21,23,10007KT,18,08
2024-09-22 00:00:00.000,2024,9,22,0,11006KT,17,08
2024-09-22 01:00:00.000,2024,9,22,1,11005KT,16,09
2024-09-22 02:00:00.000,2024,9,22,2,02005KT,13,09
2024-09-22 03:00:00.000,2024,9,22,3,08005KT,15,09
2024-09-22 04:00:00.000,2024,9,22,4,06005KT,13,08
2024-09-22 05:00:00.000,2024,9,22,5,06005KT,12,10
2024-09-22 06:00:00.000,2024,9,22,6,02003KT,11,10
2024-09-22 07:00:00.000,2024,9,22,7,06004KT,11,10
2024-09-22 08:00:00.000,2024,9,22,8,06004KT,11,10
2024-09-22 09:00:00.000,2024,9,22,9,08003KT,12,10
2024-09-22 10:00:00.000,2024,9,22,10,VRB03KT,11,10
2024-09-22 10:29:00.000,2024,9,22,10,VRB02KT,10,10
2024-09-22 11:00:00.000,2024,9,22,11,01003KT,08,08
2024-09-22 11:26:00.000,2024,9,22,11,VRB02KT,10,09
2024-09-22 12:00:00.000,2024,9,22,12,02004KT,11,10
2024-09-22 12:15:00.000,2024,9,22,12,35003KT,13,11
2024-09-22 13:00:00.000,2024,9,22,13,06005KT,15,10
2024-09-22 14:00:00.000,2024,9,22,14,06003KT,17,10
2024-09-22 15:00:00.000,2024,9,22,15,15004KT,18,08
2024-09-22 16:00:00.000,2024,9,22,16,16009KT,20,07
2024-09-22 17:00:00.000,2024,9,22,17,17007KT,20,08
2024-09-22 18:00:00.000,2024,9,22,18,15017KT,17,09
2024-09-22 19:00:00.000,2024,9,22,19,19013KT,18,09
2024-09-22 20:00:00.000,2024,9,22,20,15010KT,19,09
2024-09-22 21:00:00.000,2024,9,22,21,VRB04KT,20,07
2024-09-22 22:00:00.000,2024,9,22,22,23008KT,19,09
2024-09-22 23:00:00.000,2024,9,22,23,26008KT,17,11
2024-09-23 00:00:00.000,2024,9,23,0,33005KT,13,11
2024-09-23 01:00:00.000,2024,9,23,1,VRB02KT,12,11
2024-09-23 02:00:00.000,2024,9,23,2,33005KT,11,10
2024-09-23 03:00:00.000,2024,9,23,3,VRB02KT,12,10
2024-09-23 04:00:00.000,2024,9,23,4,19004KT,14,10
2024-09-23 04:10:00.000,2024,9,23,4,13008KT,13,10
2024-09-23 05:00:00.000,2024,9,23,5,17011KT,11,09
2024-09-23 06:00:00.000,2024,9,23,6,16008KT,11,10
2024-09-23 07:00:00.000,2024,9,23,7,VRB02KT,10,10
2024-09-23 08:00:00.000,2024,9,23,8,04005KT,09,09
2024-09-23 09:00:00.000,2024,9,23,9,35004KT,09,09
2024-09-23 10:00:00.000,2024,9,23,10,33004KT,10,09
2024-09-23 10:31:00.000,2024,9,23,10,03004KT,09,08
2024-09-23 11:00:00.000,2024,9,23,11,02004KT,09,09
2024-09-23 12:00:00.000,2024,9,23,12,VRB04KT,12,10
2024-09-23 13:00:00.000,2024,9,23,13,29003KT,14,11
2024-09-23 14:00:00.000,2024,9,23,14,VRB03KT,15,10
2024-09-23 15:00:00.000,2024,9,23,15,VRB02KT,18,11
2024-09-23 16:00:00.000,2024,9,23,16,VRB02KT,19,10
2024-09-23 17:00:00.000,2024,9,23,17,16011KT,20,09
2024-09-23 18:00:00.000,2024,9,23,18,15013KT,20,08
2024-09-23 19:00:00.000,2024,9,23,19,15012KT,20,07
2024-09-23 20:00:00.000,2024,9,23,20,14014KT,19,07
2024-09-23 21:00:00.000,2024,9,23,21,17014KT,20,07
2024-09-23 22:00:00.000,2024,9,23,22,14013KT,19,06
2024-09-23 23:00:00.000,2024,9,23,23,14013KT,17,07
2024-09-24 00:00:00.000,2024,9,24,0,16012KT,15,07
2024-09-24 01:00:00.000,2024,9,24,1,14008KT,14,07
2024-09-24 02:00:00.000,2024,9,24,2,14007KT,14,07
2024-09-24 03:00:00.000,2024,9,24,3,13007KT,14,06
2024-09-24 04:00:00.000,2024,9,24,4,03004KT,10,09
2024-09-24 05:00:00.000,2024,9,24,5,05004KT,10,09
2024-09-24 06:00:00.000,2024,9,24,6,29003KT,09,09
2024-09-24 07:00:00.000,2024,9,24,7,VRB02KT,10,09
2024-09-24 08:00:00.000,2024,9,24,8,01003KT,09,09
2024-09-24 09:00:00.000,2024,9,24,9,33003KT,06,06
2024-09-24 10:00:00.000,2024,9,24,10,29003KT,05,05
2024-09-24 10:30:00.000,2024,9,24,10,VRB02KT,06,06
2024-09-24 11:00:00.000,2024,9,24,11,33003KT,06,06
2024-09-24 12:00:00.000,2024,9,24,12,02003KT,08,08
2024-09-24 12:05:00.000,2024,9,24,12,VRB02KT,10,10
2024-09-24 12:26:00.000,2024,9,24,12,04003KT,12,10
2024-09-24 13:00:00.000,2024,9,24,13,VRB02KT,14,09
2024-09-24 13:26:00.000,2024,9,24,13,15003KT,16,09
2024-09-24 14:00:00.000,2024,9,24,14,VRB02KT,17,08
2024-09-24 15:00:00.000,2024,9,24,15,VRB03KT,19,08
2024-09-24 16:00:00.000,2024,9,24,16,VRB03KT,20,07
2024-09-24 17:00:00.000,2024,9,24,17,17012KT,20,07
2024-09-24 18:00:00.000,2024,9,24,18,13010KT,21,07
2024-09-24 19:00:00.000,2024,9,24,19,15017KT,19,07
2024-09-24 20:00:00.000,2024,9,24,20,15012KT,20,07
2024-09-24 21:00:00.000,2024,9,24,21,14012KT,19,07
2024-09-24 22:00:00.000,2024,9,24,22,17013KT,19,07
2024-09-24 23:00:00.000,2024,9,24,23,15009KT,16,07
2024-09-25 00:00:00.000,2024,9,25,0,16010KT,16,08
2024-09-25 01:00:00.000,2024,9,25,1,15008KT,15,07
2024-09-25 02:00:00.000,2024,9,25,2,04004KT,13,08
2024-09-25 03:00:00.000,2024,9,25,3,04004KT,11,09
2024-09-25 04:00:00.000,2024,9,25,4,03003KT,10,08
2024-09-25 05:00:00.000,2024,9,25,5,01003KT,11,07
2024-09-25 06:00:00.000,2024,9,25,6,02003KT,09,08
2024-09-25 07:00:00.000,2024,9,25,7,05005KT,08,07
2024-09-25 08:00:00.000,2024,9,25,8,VRB02KT,08,08
2024-09-25 09:00:00.000,2024,9,25,9,VRB02KT,05,05
2024-09-25 10:00:00.000,2024,9,25,10,VRB02KT,07,06
2024-09-25 10:30:00.000,2024,9,25,10,VRB02KT,05,05
2024-09-25 11:00:00.000,2024,9,25,11,33005KT,04,04
2024-09-25 11:20:00.000,2024,9,25,11,VRB02KT,06,06
2024-09-25 11:36:00.000,2024,9,25,11,VRB02KT,08,08
2024-09-25 12:00:00.000,2024,9,25,12,VRB02KT,11,11
2024-09-25 12:32:00.000,2024,9,25,12,06004KT,13,10
2024-09-25 13:00:00.000,2024,9,25,13,06003KT,15,10
2024-09-25 14:00:00.000,2024,9,25,14,19003KT,17,08
2024-09-25 15:00:00.000,2024,9,25,15,19004KT,18,08
2024-09-25 16:00:00.000,2024,9,25,16,15006KT,20,08
2024-09-25 17:00:00.000,2024,9,25,17,12007KT,20,07
2024-09-25 18:00:00.000,2024,9,25,18,14010G20KT,20,07
2024-09-25 19:00:00.000,2024,9,25,19,22005KT,21,07
2024-09-25 20:00:00.000,2024,9,25,20,16008KT,19,08
2024-09-25 20:10:00.000,2024,9,25,20,29008KT,18,12
2024-09-25 20:35:00.000,2024,9,25,20,33005KT,16,14
2024-09-25 21:00:00.000,2024,9,25,21,32007KT,15,13
2024-09-25 21:13:00.000,2024,9,25,21,34006KT,14,12
2024-09-25 22:00:00.000,2024,9,25,22,32004KT,15,13
2024-09-25 23:00:00.000,2024,9,25,23,31003KT,14,12
2024-09-26 00:00:00.000,2024,9,26,0,33004KT,14,12
2024-09-26 01:00:00.000,2024,9,26,1,00000KT,13,13
2024-09-26 02:00:00.000,2024,9,26,2,05004KT,12,12
2024-09-26 03:00:00.000,2024,9,26,3,36004KT,12,11
2024-09-26 04:00:00.000,2024,9,26,4,06005KT,13,11
2024-09-26 05:00:00.000,2024,9,26,5,01003KT,12,11
2024-09-26 06:00:00.000,2024,9,26,6,35003KT,11,11
2024-09-26 07:00:00.000,2024,9,26,7,00000KT,10,10
2024-09-26 08:00:00.000,2024,9,26,8,04003KT,10,10
2024-09-26 09:00:00.000,2024,9,26,9,13003KT,12,11
2024-09-26 10:00:00.000,2024,9,26,10,05005KT,11,11
2024-09-26 10:30:00.000,2024,9,26,10,07005KT,11,11
2024-09-26 10:32:00.000,2024,9,26,10,07005KT,11,11
2024-09-26 11:00:00.000,2024,9,26,11,04004KT,11,11
2024-09-26 12:00:00.000,2024,9,26,12,32006KT,13,12
2024-09-26 13:00:00.000,2024,9,26,13,04004KT,15,12
2024-09-26 14:00:00.000,2024,9,26,14,10004KT,17,09
2024-09-26 15:00:00.000,2024,9,26,15,06007KT,17,09
2024-09-26 16:00:00.000,2024,9,26,16,06005KT,20,08
2024-09-26 17:00:00.000,2024,9,26,17,10006KT,20,08
2024-09-26 18:00:00.000,2024,9,26,18,26010KT,17,12
2024-09-26 19:00:00.000,2024,9,26,19,22005KT,18,12
2024-09-26 20:00:00.000,2024,9,26,20,24008KT,19,12
2024-09-26 20:20:00.000,2024,9,26,20,04008KT,15,09
2024-09-26 21:00:00.000,2024,9,26,21,08004KT,14,13
2024-09-26 21:24:00.000,2024,9,26,21,31003KT,13,13
2024-09-26 22:00:00.000,2024,9,26,22,21006KT,14,13
2024-09-26 23:00:00.000,2024,9,26,23,25004KT,13,12
2024-09-27 00:00:00.000,2024,9,27,0,21003KT,13,12
2024-09-27 01:00:00.000,2024,9,27,1,VRB02KT,12,12
2024-09-27 02:00:00.000,2024,9,27,2,04003KT,11,11
2024-09-27 03:00:00.000,2024,9,27,3,02003KT,12,12
2024-09-27 04:00:00.000,2024,9,27,4,VRB02KT,12,12
2024-09-27 05:00:00.000,2024,9,27,5,VRB02KT,12,12
2024-09-27 06:00:00.000,2024,9,27,6,VRB02KT,12,12
2024-09-27 07:00:00.000,2024,9,27,7,36003KT,11,11
2024-09-27 08:00:00.000,2024,9,27,8,35003KT,11,11
2024-09-27 09:00:00.000,2024,9,27,9,03003KT,11,11
2024-09-27 10:00:00.000,2024,9,27,10,VRB02KT,10,10
2024-09-27 10:30:00.000,2024,9,27,10,29004KT,11,11
2024-09-27 10:31:00.000,2024,9,27,10,29004KT,11,11
2024-09-27 10:37:00.000,2024,9,27,10,11005KT,12,09
2024-09-27 11:00:00.000,2024,9,27,11,VRB02KT,10,10
2024-09-27 12:00:00.000,2024,9,27,12,VRB02KT,12,12
2024-09-27 13:00:00.000,2024,9,27,13,02003KT,13,12
2024-09-27 13:29:00.000,2024,9,27,13,03004KT,15,12
2024-09-27 14:00:00.000,2024,9,27,14,07004KT,16,13
2024-09-27 15:00:00.000,2024,9,27,15,VRB02KT,18,11
2024-09-27 16:00:00.000,2024,9,27,16,06004KT,19,10
2024-09-27 17:00:00.000,2024,9,27,17,07008KT,19,11
2024-09-27 17:26:00.000,2024,9,27,17,23014KT,16,12
2024-09-27 18:00:00.000,2024,9,27,18,23009KT,15,11
2024-09-27 18:27:00.000,2024,9,27,18,28006KT,14,13
2024-09-27 19:00:00.000,2024,9,27,19,27006KT,14,13
2024-09-27 19:13:00.000,2024,9,27,19,23004KT,16,13
2024-09-27 20:00:00.000,2024,9,27,20,16008KT,18,11
2024-09-27 21:00:00.000,2024,9,27,21,20006KT,19,10
2024-09-27 22:00:00.000,2024,9,27,22,08003KT,18,12
2024-09-27 23:00:00.000,2024,9,27,23,04005KT,16,12
2024-09-28 00:00:00.000,2024,9,28,0,VRB02KT,14,12
2024-09-28 01:00:00.000,2024,9,28,1,33004KT,14,12
2024-09-28 02:00:00.000,2024,9,28,2,VRB02KT,13,12
2024-09-28 03:00:00.000,2024,9,28,3,VRB02KT,13,11
2024-09-28 04:00:00.000,2024,9,28,4,02004KT,13,12
2024-09-28 05:00:00.000,2024,9,28,5,04003KT,11,11
2024-09-28 12:00:00.000,2024,9,28,12,04003KT,14,12
2024-09-28 13:00:00.000,2024,9,28,13,09006KT,17,10
2024-09-28 14:00:00.000,2024,9,28,14,VRB06KT,18,09
2024-09-28 15:00:00.000,2024,9,28,15,18006KT,19,08
2024-09-28 16:00:00.000,2024,9,28,16,31005KT,19,08
2024-09-28 17:00:00.000,2024,9,28,17,24008KT,17,11
2024-09-28 18:00:00.000,2024,9,28,18,28007KT,18,11
2024-09-28 19:00:00.000,2024,9,28,19,30009KT,18,11
2024-09-28 20:00:00.000,2024,9,28,20,23009KT,19,11
2024-09-28 21:00:00.000,2024,9,28,21,22008KT,18,12
2024-09-28 22:00:00.000,2024,9,28,22,25009KT,16,12
2024-09-28 22:20:00.000,2024,9,28,22,26008KT,16,13
2024-09-28 23:00:00.000,2024,9,28,23,28006KT,15,13
2024-09-29 00:00:00.000,2024,9,29,0,24005KT,15,12
2024-09-29 00:11:00.000,2024,9,29,0,26007KT,14,13
2024-09-29 01:00:00.000,2024,9,29,1,22007KT,12,12
2024-09-29 02:00:00.000,2024,9,29,2,19007KT,13,12
2024-09-29 03:00:00.000,2024,9,29,3,18005KT,12,12
2024-09-29 04:00:00.000,2024,9,29,4,03005KT,12,12
2024-09-29 04:30:00.000,2024,9,29,4,03005KT,12,12
2024-09-29 05:00:00.000,2024,9,29,5,03004KT,12,12
2024-09-29 06:00:00.000,2024,9,29,6,04004KT,11,11
2024-09-29 07:00:00.000,2024,9,29,7,VRB02KT,11,11
2024-09-29 08:00:00.000,2024,9,29,8,VRB02KT,11,11
2024-09-29 09:00:00.000,2024,9,29,9,31003KT,11,11
2024-09-29 10:00:00.000,2024,9,29,10,34005KT,11,11
2024-09-29 10:30:00.000,2024,9,29,10,VRB02KT,11,11
2024-09-29 11:00:00.000,2024,9,29,11,VRB02KT,11,11
2024-09-29 12:00:00.000,2024,9,29,12,VRB02KT,12,12
2024-09-29 13:00:00.000,2024,9,29,13,05004KT,13,12
2024-09-29 14:00:00.000,2024,9,29,14,03005KT,14,12
2024-09-29 15:00:00.000,2024,9,29,15,07004KT,14,11
2024-09-29 16:00:00.000,2024,9,29,16,VRB02KT,15,12
2024-09-29 17:00:00.000,2024,9,29,17,VRB02KT,15,13
2024-09-29 18:00:00.000,2024,9,29,18,13004KT,16,12
2024-09-29 19:00:00.000,2024,9,29,19,15005KT,16,12
2024-09-29 20:00:00.000,2024,9,29,20,15007KT,14,12
2024-09-29 21:00:00.000,2024,9,29,21,VRB02KT,15,12
2024-09-29 22:00:00.000,2024,9,29,22,13003KT,14,12
2024-09-29 23:00:00.000,2024,9,29,23,02003KT,13,13
2024-09-30 00:00:00.000,2024,9,30,0,VRB02KT,13,13
2024-09-30 01:00:00.000,2024,9,30,1,VRB02KT,12,12
2024-09-30 02:00:00.000,2024,9,30,2,33004KT,12,12
2024-09-30 03:00:00.000,2024,9,30,3,VRB02KT,12,12
2024-09-30 04:00:00.000,2024,9,30,4,34003KT,12,12
2024-09-30 05:00:00.000,2024,9,30,5,VRB02KT,13,12
2024-09-30 06:00:00.000,2024,9,30,6,00000KT,11,11
2024-09-30 07:00:00.000,2024,9,30,7,VRB02KT,11,11
2024-09-30 08:00:00.000,2024,9,30,8,04002KT,11,11
2024-09-30 09:00:00.000,2024,9,30,9,VRB02KT,11,11
2024-09-30 10:00:00.000,2024,9,30,10,33002KT,11,11
2024-09-30 10:32:00.000,2024,9,30,10,VRB02KT,11,11
2024-09-30 11:00:00.000,2024,9,30,11,VRB02KT,11,11
2024-09-30 12:00:00.000,2024,9,30,12,VRB02KT,13,13
2024-09-30 13:00:00.000,2024,9,30,13,04003KT,13,13
2024-09-30 14:00:00.000,2024,9,30,14,04007KT,14,13
2024-09-30 14:25:00.000,2024,9,30,14,05007KT,15,14
2024-09-30 15:00:00.000,2024,9,30,15,04007KT,15,13
2024-09-30 16:00:00.000,2024,9,30,16,06005KT,17,12
2024-09-30 17:00:00.000,2024,9,30,17,05003KT,18,11
2024-09-30 18:00:00.000,2024,9,30,18,28004KT,19,11
2024-09-30 18:17:00.000,2024,9,30,18,04008KT,16,10
2024-09-30 18:18:00.000,2024,9,30,18,04008KT,16,10
2024-09-30 19:00:00.000,2024,9,30,19,10007KT,14,13
2024-09-30 19:30:00.000,2024,9,30,19,24007KT,13,12
2024-09-30 20:00:00.000,2024,9,30,20,25007KT,13,12
2024-09-30 21:00:00.000,2024,9,30,21,24007KT,13,12
2024-09-30 21:25:00.000,2024,9,30,21,25005KT,13,13
2024-09-30 22:00:00.000,2024,9,30,22,31005KT,13,12
2024-09-30 22:16:00.000,2024,9,30,22,03005KT,12,12
2024-09-30 23:00:00.000,2024,9,30,23,35003KT,12,12
2024-10-01 00:00:00.000,2024,10,1,0,VRB02KT,11,11
2024-10-01 01:00:00.000,2024,10,1,1,06003KT,11,11
2024-10-01 02:00:00.000,2024,10,1,2,03003KT,10,10
2024-10-01 03:00:00.000,2024,10,1,3,05003KT,10,10
2024-10-01 04:00:00.000,2024,10,1,4,08004KT,11,11
2024-10-01 05:00:00.000,2024,10,1,5,VRB02KT,10,10
2024-10-01 06:00:00.000,2024,10,1,6,01003KT,09,09
2024-10-01 07:00:00.000,2024,10,1,7,VRB02KT,09,09
2024-10-01 08:00:00.000,2024,10,1,8,04003KT,07,07
2024-10-01 09:00:00.000,2024,10,1,9,VRB02KT,08,08
2024-10-01 10:00:00.000,2024,10,1,10,04003KT,06,06
2024-10-01 10:29:00.000,2024,10,1,10,VRB02KT,06,06
2024-10-01 10:30:00.000,2024,10,1,10,VRB02KT,06,06
2024-10-01 11:00:00.000,2024,10,1,11,03004KT,06,06
2024-10-01 11:30:00.000,2024,10,1,11,VRB02KT,06,06
2024-10-01 12:00:00.000,2024,10,1,12,VRB02KT,06,06
2024-10-01 12:15:00.000,2024,10,1,12,VRB02KT,08,08
2024-10-01 13:00:00.000,2024,10,1,13,30005KT,09,09
2024-10-01 13:20:00.000,2024,10,1,13,35003KT,12,12
2024-10-01 14:00:00.000,2024,10,1,14,VRB03KT,13,13
2024-10-01 15:00:00.000,2024,10,1,15,04003KT,17,11
2024-10-01 16:00:00.000,2024,10,1,16,VRB03KT,18,09
2024-10-01 17:00:00.000,2024,10,1,17,VRB03KT,19,09
2024-10-01 18:00:00.000,2024,10,1,18,27008KT,19,12
2024-10-01 19:00:00.000,2024,10,1,19,32011KT,16,13
2024-10-01 19:05:00.000,2024,10,1,19,32009KT,15,14
2024-10-01 20:00:00.000,2024,10,1,20,27007KT,15,15
2024-10-01 21:00:00.000,2024,10,1,21,25006KT,18,13
2024-10-01 22:00:00.000,2024,10,1,22,30004KT,19,12
2024-10-01 23:00:00.000,2024,10,1,23,25005KT,16,12
2024-10-02 00:00:00.000,2024,10,2,0,30005KT,15,12
2024-10-02 01:00:00.000,2024,10,2,1,32004KT,14,11
2024-10-02 02:00:00.000,2024,10,2,2,02004KT,12,12
2024-10-02 03:00:00.000,2024,10,2,3,VRB02KT,11,11
2024-10-02 04:00:00.000,2024,10,2,4,VRB02KT,11,11
2024-10-02 05:00:00.000,2024,10,2,5,33004KT,09,09
2024-10-02 06:00:00.000,2024,10,2,6,VRB02KT,09,09
2024-10-02 07:00:00.000,2024,10,2,7,VRB02KT,08,08
2024-10-02 07:18:00.000,2024,10,2,7,01003KT,07,07
2024-10-02 08:00:00.000,2024,10,2,8,VRB02KT,07,07
2024-10-02 09:00:00.000,2024,10,2,9,34004KT,05,05
2024-10-02 10:00:00.000,2024,10,2,10,VRB02KT,06,06
2024-10-02 10:32:00.000,2024,10,2,10,VRB04KT,07,07
2024-10-02 11:00:00.000,2024,10,2,11,VRB02KT,07,07
2024-10-02 11:13:00.000,2024,10,2,11,VRB02KT,05,05
2024-10-02 12:00:00.000,2024,10,2,12,02003KT,08,08
2024-10-02 12:30:00.000,2024,10,2,12,03004KT,10,10
2024-10-02 13:00:00.000,2024,10,2,13,VRB02KT,12,12
2024-10-02 13:17:00.000,2024,10,2,13,VRB02KT,14,11
2024-10-02 14:00:00.000,2024,10,2,14,02003KT,16,11
2024-10-02 14:17:00.000,2024,10,2,14,05003KT,18,11
2024-10-02 15:00:00.000,2024,10,2,15,31004KT,19,10
2024-10-02 16:00:00.000,2024,10,2,16,13005KT,21,09
2024-10-02 17:00:00.000,2024,10,2,17,02004KT,20,08
2024-10-02 18:00:00.000,2024,10,2,18,27012KT,19,12
2024-10-02 19:00:00.000,2024,10,2,19,28010KT,18,12
2024-10-02 19:11:00.000,2024,10,2,19,26012KT,18,12
2024-10-02 20:00:00.000,2024,10,2,20,26007KT,16,14
2024-10-02 21:00:00.000,2024,10,2,21,28006KT,15,14
2024-10-02 22:00:00.000,2024,10,2,22,31006KT,14,14
2024-10-02 23:00:00.000,2024,10,2,23,34006KT,14,14
2024-10-03 00:00:00.000,2024,10,3,0,VRB02KT,13,13
2024-10-03 00:26:00.000,2024,10,3,0,27004KT,13,13
2024-10-03 01:00:00.000,2024,10,3,1,VRB02KT,13,13
2024-10-03 02:00:00.000,2024,10,3,2,VRB02KT,12,12
2024-10-03 03:00:00.000,2024,10,3,3,06003KT,12,12
2024-10-03 04:00:00.000,2024,10,3,4,04003KT,12,12
2024-10-03 05:00:00.000,2024,10,3,5,00000KT,12,12
2024-10-03 06:00:00.000,2024,10,3,6,06004KT,11,11
2024-10-03 07:00:00.000,2024,10,3,7,28003KT,11,11
2024-10-03 08:00:00.000,2024,10,3,8,VRB02KT,09,09
2024-10-03 08:26:00.000,2024,10,3,8,34003KT,09,09
2024-10-03 08:33:00.000,2024,10,3,8,33002KT,08,08
2024-10-03 09:00:00.000,2024,10,3,9,00000KT,08,08
2024-10-03 10:00:00.000,2024,10,3,10,VRB02KT,08,08
2024-10-03 10:29:00.000,2024,10,3,10,00000KT,08,08
2024-10-03 11:00:00.000,2024,10,3,11,VRB02KT,08,08
2024-10-03 11:31:00.000,2024,10,3,11,07003KT,07,07
2024-10-03 12:00:00.000,2024,10,3,12,VRB02KT,11,10
2024-10-03 13:00:00.000,2024,10,3,13,VRB02KT,12,12
2024-10-03 14:00:00.000,2024,10,3,14,05004KT,16,12
2024-10-03 15:00:00.000,2024,10,3,15,36005KT,19,11
2024-10-03 16:00:00.000,2024,10,3,16,19006KT,20,09
2024-10-03 17:00:00.000,2024,10,3,17,13005KT,21,09
2024-10-03 18:00:00.000,2024,10,3,18,24009KT,19,11
2024-10-03 19:00:00.000,2024,10,3,19,27013KT,20,12
2024-10-03 20:00:00.000,2024,10,3,20,31009KT,18,12
2024-10-03 21:00:00.000,2024,10,3,21,31010KT,19,12
2024-10-03 21:11:00.000,2024,10,3,21,30009KT,18,12
2024-10-03 22:00:00.000,2024,10,3,22,27013KT,18,12
2024-10-03 23:00:00.000,2024,10,3,23,26004KT,16,11
2024-10-04 00:00:00.000,2024,10,4,0,30005KT,15,13
2024-10-04 01:00:00.000,2024,10,4,1,VRB02KT,14,12
2024-10-04 02:00:00.000,2024,10,4,2,VRB02KT,12,12
2024-10-04 03:00:00.000,2024,10,4,3,VRB02KT,12,12
2024-10-04 04:00:00.000,2024,10,4,4,VRB02KT,13,12
2024-10-04 05:00:00.000,2024,10,4,5,VRB02KT,11,11
2024-10-04 06:00:00.000,2024,10,4,6,VRB02KT,11,11
2024-10-04 07:00:00.000,2024,10,4,7,30003KT,11,11
2024-10-04 08:00:00.000,2024,10,4,8,03003KT,10,10
2024-10-04 09:00:00.000,2024,10,4,9,36003KT,09,09
2024-10-04 10:00:00.000,2024,10,4,10,VRB02KT,10,10
2024-10-04 10:28:00.000,2024,10,4,10,01003KT,07,07
2024-10-04 10:30:00.000,2024,10,4,10,01003KT,07,07
2024-10-04 11:00:00.000,2024,10,4,11,36003KT,08,08
2024-10-04 12:00:00.000,2024,10,4,12,04005KT,09,09
2024-10-04 12:27:00.000,2024,10,4,12,36004KT,11,11
2024-10-04 13:00:00.000,2024,10,4,13,35004KT,14,12
2024-10-04 13:25:00.000,2024,10,4,13,VRB02KT,16,11
2024-10-04 14:00:00.000,2024,10,4,14,05003KT,17,10
2024-10-04 15:00:00.000,2024,10,4,15,VRB03KT,18,09
2024-10-04 16:00:00.000,2024,10,4,16,28003KT,18,09
2024-10-04 17:00:00.000,2024,10,4,17,29008KT,19,11
2024-10-04 18:00:00.000,2024,10,4,18,31007KT,19,11
2024-10-04 18:40:00.000,2024,10,4,18,27011KT,17,11
2024-10-04 19:00:00.000,2024,10,4,19,27011KT,17,12
2024-10-04 19:31:00.000,2024,10,4,19,23009KT,15,15
2024-10-04 20:00:00.000,2024,10,4,20,24013KT,14,14
2024-10-04 20:14:00.000,2024,10,4,20,26011KT,14,14
2024-10-04 21:00:00.000,2024,10,4,21,22006KT,14,14
2024-10-04 22:00:00.000,2024,10,4,22,33005KT,14,14
2024-10-04 23:00:00.000,2024,10,4,23,06003KT,13,13
2024-10-05 00:00:00.000,2024,10,5,0,VRB02KT,12,12
2024-10-05 01:00:00.000,2024,10,5,1,VRB02KT,12,12
2024-10-05 02:00:00.000,2024,10,5,2,VRB02KT,13,13
2024-10-05 03:00:00.000,2024,10,5,3,31003KT,13,12
2024-10-05 04:00:00.000,2024,10,5,4,33004KT,12,12
2024-10-05 05:00:00.000,2024,10,5,5,VRB02KT,12,12
2024-10-05 06:00:00.000,2024,10,5,6,VRB02KT,12,12
2024-10-05 07:00:00.000,2024,10,5,7,29004KT,12,12
2024-10-05 08:00:00.000,2024,10,5,8,VRB02KT,12,12
2024-10-05 09:00:00.000,2024,10,5,9,VRB02KT,11,10
2024-10-05 10:00:00.000,2024,10,5,10,VRB02KT,11,11
2024-10-05 10:30:00.000,2024,10,5,10,VRB02KT,11,11
2024-10-05 11:00:00.000,2024,10,5,11,VRB02KT,11,11
2024-10-05 12:00:00.000,2024,10,5,12,01003KT,12,12
2024-10-05 13:00:00.000,2024,10,5,13,16003KT,14,13
2024-10-05 14:00:00.000,2024,10,5,14,VRB03KT,16,12
2024-10-05 15:00:00.000,2024,10,5,15,VRB03KT,18,12
2024-10-05 16:00:00.000,2024,10,5,16,24005KT,19,10
2024-10-05 16:24:00.000,2024,10,5,16,23008KT,20,11
2024-10-05 17:00:00.000,2024,10,5,17,25011KT,19,11
2024-10-05 18:00:00.000,2024,10,5,18,24010KT,20,11
2024-10-05 19:00:00.000,2024,10,5,19,30014KT,19,12
2024-10-05 20:00:00.000,2024,10,5,20,VRB09KT,17,11
2024-10-05 21:00:00.000,2024,10,5,21,VRB02KT,16,11
2024-10-05 22:00:00.000,2024,10,5,22,27005KT,17,13
2024-10-05 23:00:00.000,2024,10,5,23,VRB02KT,16,11
2024-10-06 00:00:00.000,2024,10,6,0,30004KT,15,11
2024-10-06 01:00:00.000,2024,10,6,1,17006KT,15,11
2024-10-06 02:00:00.000,2024,10,6,2,19006KT,15,12
2024-10-06 03:00:00.000,2024,10,6,3,05004KT,13,13
2024-10-06 04:00:00.000,2024,10,6,4,33001KT,13,12
2024-10-06 05:00:00.000,2024,10,6,5,VRB02KT,13,13
2024-10-06 06:00:00.000,2024,10,6,6,03003KT,12,12
2024-10-06 07:00:00.000,2024,10,6,7,VRB02KT,12,12
2024-10-06 07:35:00.000,2024,10,6,7,25012G23KT,12,12
2024-10-06 08:00:00.000,2024,10,6,8,24011KT,11,11
2024-10-06 08:12:00.000,2024,10,6,8,26008KT,11,11
2024-10-06 09:00:00.000,2024,10,6,9,22005KT,11,11
2024-10-06 10:00:00.000,2024,10,6,10,21004KT,11,11
2024-10-06 10:30:00.000,2024,10,6,10,33004KT,11,11
2024-10-06 11:00:00.000,2024,10,6,11,34003KT,11,11
2024-10-06 12:00:00.000,2024,10,6,12,03004KT,11,11
2024-10-06 13:00:00.000,2024,10,6,13,03004KT,13,11
2024-10-06 14:00:00.000,2024,10,6,14,VRB02KT,16,10
2024-10-06 15:00:00.000,2024,10,6,15,28004KT,17,11
2024-10-06 15:37:00.000,2024,10,6,15,24007KT,19,10
2024-10-06 16:00:00.000,2024,10,6,16,24005KT,19,10
2024-10-06 17:00:00.000,2024,10,6,17,27008KT,19,08
2024-10-06 18:00:00.000,2024,10,6,18,27016KT,20,10
2024-10-06 19:00:00.000,2024,10,6,19,27013KT,19,11
2024-10-06 20:00:00.000,2024,10,6,20,26009G23KT,19,10
2024-10-06 21:00:00.000,2024,10,6,21,24009KT,19,10
2024-10-06 22:00:00.000,2024,10,6,22,25007KT,18,11
2024-10-06 23:00:00.000,2024,10,6,23,26005KT,17,11
2024-10-07 00:00:00.000,2024,10,7,0,26005KT,16,11
2024-10-07 01:00:00.000,2024,10,7,1,VRB02KT,13,12
2024-10-07 02:00:00.000,2024,10,7,2,VRB02KT,12,12
2024-10-07 03:00:00.000,2024,10,7,3,VRB02KT,13,13
2024-10-07 04:00:00.000,2024,10,7,4,26005KT,13,13
2024-10-07 05:00:00.000,2024,10,7,5,01003KT,10,10
2024-10-07 06:00:00.000,2024,10,7,6,VRB02KT,10,10
2024-10-07 07:00:00.000,2024,10,7,7,00000KT,11,11
2024-10-07 08:00:00.000,2024,10,7,8,06003KT,10,10
2024-10-07 09:00:00.000,2024,10,7,9,07003KT,11,11
2024-10-07 10:00:00.000,2024,10,7,10,26003KT,11,11
2024-10-07 10:29:00.000,2024,10,7,10,36003KT,10,10
2024-10-07 11:00:00.000,2024,10,7,11,29003KT,11,11
2024-10-07 12:00:00.000,2024,10,7,12,34003KT,11,11
2024-10-07 13:00:00.000,2024,10,7,13,36003KT,13,12
2024-10-07 14:00:00.000,2024,10,7,14,29005KT,15,12
2024-10-07 15:00:00.000,2024,10,7,15,25007KT,17,11
2024-10-07 15:25:00.000,2024,10,7,15,23005KT,19,11
2024-10-07 16:00:00.000,2024,10,7,16,24006KT,20,09
2024-10-07 17:00:00.000,2024,10,7,17,24008KT,21,10
2024-10-07 18:00:00.000,2024,10,7,18,25010KT,20,11
2024-10-07 19:00:00.000,2024,10,7,19,24013G23KT,20,12
2024-10-07 20:00:00.000,2024,10,7,20,25013KT,19,12
2024-10-07 21:00:00.000,2024,10,7,21,26012KT,18,11
2024-10-07 22:00:00.000,2024,10,7,22,30006KT,17,10
2024-10-07 23:00:00.000,2024,10,7,23,33006KT,15,13
2024-10-08 00:00:00.000,2024,10,8,0,31006KT,15,11
2024-10-08 01:00:00.000,2024,10,8,1,VRB02KT,13,11
2024-10-08 02:00:00.000,2024,10,8,2,04004KT,12,12
2024-10-08 03:00:00.000,2024,10,8,3,03005KT,12,12
2024-10-08 04:00:00.000,2024,10,8,4,03006KT,13,13
2024-10-08 05:00:00.000,2024,10,8,5,VRB02KT,13,12
2024-10-08 06:00:00.000,2024,10,8,6,33003KT,13,12
2024-10-08 07:00:00.000,2024,10,8,7,VRB02KT,13,12
2024-10-08 08:00:00.000,2024,10,8,8,VRB02KT,12,12
2024-10-08 09:00:00.000,2024,10,8,9,33003KT,12,12
2024-10-08 10:00:00.000,2024,10,8,10,VRB02KT,12,12
2024-10-08 10:30:00.000,2024,10,8,10,02004KT,12,12
2024-10-08 10:31:00.000,2024,10,8,10,02004KT,12,12
2024-10-08 11:00:00.000,2024,10,8,11,03004KT,12,12
2024-10-08 12:00:00.000,2024,10,8,12,02004KT,13,13
2024-10-08 13:00:00.000,2024,10,8,13,03004KT,14,13
2024-10-08 14:00:00.000,2024,10,8,14,03004KT,16,13
2024-10-08 15:00:00.000,2024,10,8,15,VRB03KT,17,11
2024-10-08 15:39:00.000,2024,10,8,15,VRB02KT,19,09
2024-10-08 16:00:00.000,2024,10,8,16,VRB05KT,19,09
2024-10-08 17:00:00.000,2024,10,8,17,01004KT,17,10
2024-10-08 18:00:00.000,2024,10,8,18,29006KT,17,12
2024-10-08 19:00:00.000,2024,10,8,19,23008KT,17,12
2024-10-08 20:00:00.000,2024,10,8,20,24009KT,17,12
2024-10-08 21:00:00.000,2024,10,8,21,26006KT,17,12
2024-10-08 22:00:00.000,2024,10,8,22,30007KT,15,14
2024-10-08 23:00:00.000,2024,10,8,23,28009KT,14,14
2024-10-08 23:24:00.000,2024,10,8,23,27010KT,13,13
2024-10-08 23:36:00.000,2024,10,8,23,27010KT,13,13
2024-10-09 00:00:00.000,2024,10,9,0,28010KT,13,13
2024-10-09 01:00:00.000,2024,10,9,1,27004KT,13,13
2024-10-09 02:00:00.000,2024,10,9,2,31005KT,13,13
2024-10-09 03:00:00.000,2024,10,9,3,07003KT,12,12
2024-10-09 04:00:00.000,2024,10,9,4,04003KT,12,12
2024-10-09 05:00:00.000,2024,10,9,5,33003KT,12,12
2024-10-09 06:00:00.000,2024,10,9,6,35003KT,12,12
2024-10-09 07:00:00.000,2024,10,9,7,VRB02KT,12,12
2024-10-09 08:00:00.000,2024,10,9,8,VRB02KT,12,12
2024-10-09 09:00:00.000,2024,10,9,9,VRB03KT,12,12
2024-10-09 10:00:00.000,2024,10,9,10,VRB02KT,12,12
2024-10-09 10:30:00.000,2024,10,9,10,00000KT,12,12
2024-10-09 10:31:00.000,2024,10,9,10,00000KT,12,12
2024-10-09 11:00:00.000,2024,10,9,11,36001KT,12,12
2024-10-09 12:00:00.000,2024,10,9,12,VRB02KT,12,12
2024-10-09 13:00:00.000,2024,10,9,13,VRB02KT,14,14
2024-10-09 14:00:00.000,2024,10,9,14,VRB02KT,16,13
2024-10-09 15:00:00.000,2024,10,9,15,VRB04KT,17,13
2024-10-09 15:34:00.000,2024,10,9,15,02005KT,19,11
2024-10-09 16:00:00.000,2024,10,9,16,VRB05KT,19,11
2024-10-09 17:00:00.000,2024,10,9,17,04004KT,19,11
2024-10-09 17:22:00.000,2024,10,9,17,07007KT,19,11
2024-10-09 18:00:00.000,2024,10,9,18,04005KT,18,11
2024-10-09 19:00:00.000,2024,10,9,19,03005KT,19,11
2024-10-09 20:00:00.000,2024,10,9,20,VRB04KT,20,10
2024-10-09 20:19:00.000,2024,10,9,20,24013KT,18,14
2024-10-09 21:00:00.000,2024,10,9,21,24009KT,18,14
2024-10-09 21:14:00.000,2024,10,9,21,29007KT,17,14
2024-10-09 22:00:00.000,2024,10,9,22,30007KT,16,15
2024-10-09 23:00:00.000,2024,10,9,23,29005KT,15,14
2024-10-10 00:00:00.000,2024,10,10,0,25006KT,15,14
2024-10-10 01:00:00.000,2024,10,10,1,26004KT,15,14
2024-10-10 02:00:00.000,2024,10,10,2,19006KT,14,14
2024-10-10 03:00:00.000,2024,10,10,3,VRB02KT,13,12
2024-10-10 04:00:00.000,2024,10,10,4,35003KT,11,10
2024-10-10 05:00:00.000,2024,10,10,5,04003KT,11,11
2024-10-10 13:00:00.000,2024,10,10,13,VRB05KT,14,12
2024-10-10 14:00:00.000,2024,10,10,14,13010KT,15,10
2024-10-10 15:00:00.000,2024,10,10,15,12009KT,17,10
2024-10-10 16:00:00.000,2024,10,10,16,05008KT,17,11
2024-10-10 17:00:00.000,2024,10,10,17,10008KT,17,10
2024-10-10 18:00:00.000,2024,10,10,18,13006KT,17,10
2024-10-10 19:00:00.000,2024,10,10,19,13010KT,19,09
2024-10-10 20:00:00.000,2024,10,10,20,13007KT,20,09
2024-10-10 21:00:00.000,2024,10,10,21,11007KT,19,08
2024-10-10 22:00:00.000,2024,10,10,22,11007KT,18,08
2024-10-10 23:00:00.000,2024,10,10,23,32006KT,14,13
2024-10-11 00:00:00.000,2024,10,11,0,35004KT,11,11
2024-10-11 01:00:00.000,2024,10,11,1,02003KT,12,11
2024-10-11 02:00:00.000,2024,10,11,2,VRB02KT,13,11
2024-10-11 03:00:00.000,2024,10,11,3,03003KT,11,10
2024-10-11 04:00:00.000,2024,10,11,4,VRB02KT,09,09
2024-10-11 05:00:00.000,2024,10,11,5,36003KT,09,09
2024-10-11 06:00:00.000,2024,10,11,6,VRB02KT,10,10
2024-10-11 07:00:00.000,2024,10,11,7,VRB02KT,09,09
2024-10-11 08:00:00.000,2024,10,11,8,32003KT,08,08
2024-10-11 09:00:00.000,2024,10,11,9,00000KT,06,06
2024-10-11 09:38:00.000,2024,10,11,9,35003KT,04,04
2024-10-11 10:00:00.000,2024,10,11,10,36003KT,04,04
2024-10-11 10:06:00.000,2024,10,11,10,34003KT,05,05
2024-10-11 10:32:00.000,2024,10,11,10,00000KT,07,07
2024-10-11 11:00:00.000,2024,10,11,11,00000KT,06,06
2024-10-11 11:34:00.000,2024,10,11,11,01003KT,06,06
2024-10-11 12:00:00.000,2024,10,11,12,03003KT,09,09
2024-10-11 13:00:00.000,2024,10,11,13,03004KT,13,11
2024-10-11 14:00:00.000,2024,10,11,14,03005KT,16,11
2024-10-11 14:34:00.000,2024,10,11,14,06006KT,18,09
2024-10-11 15:00:00.000,2024,10,11,15,11005KT,19,08
2024-10-11 16:00:00.000,2024,10,11,16,12009KT,19,06
2024-10-11 16:11:00.000,2024,10,11,16,14011KT,21,08
2024-10-11 17:00:00.000,2024,10,11,17,13009KT,21,07
2024-10-11 18:00:00.000,2024,10,11,18,13010KT,22,05
2024-10-11 19:00:00.000,2024,10,11,19,14011KT,22,06
2024-10-11 20:00:00.000,2024,10,11,20,11009KT,22,05
2024-10-11 21:00:00.000,2024,10,11,21,10008KT,21,05
2024-10-11 22:00:00.000,2024,10,11,22,14011KT,20,07
2024-10-11 23:00:00.000,2024,10,11,23,13010KT,17,07
2024-10-12 00:00:00.000,2024,10,12,0,13008KT,15,08
2024-10-12 01:00:00.000,2024,10,12,1,36003KT,12,09
2024-10-12 02:00:00.000,2024,10,12,2,VRB02KT,10,09
2024-10-12 03:00:00.000,2024,10,12,3,04005KT,10,06
2024-10-12 03:34:00.000,2024,10,12,3,02003KT,12,07
2024-10-12 04:00:00.000,2024,10,12,4,VRB02KT,11,08
2024-10-12 05:00:00.000,2024,10,12,5,VRB02KT,10,09
2024-10-12 06:00:00.000,2024,10,12,6,VRB02KT,11,09
2024-10-12 07:00:00.000,2024,10,12,7,03004KT,11,09
2024-10-12 08:00:00.000,2024,10,12,8,06004KT,10,09
2024-10-12 09:00:00.000,2024,10,12,9,03003KT,10,09
2024-10-12 10:00:00.000,2024,10,12,10,02003KT,09,09
2024-10-12 10:31:00.000,2024,10,12,10,08003KT,09,09
2024-10-12 11:00:00.000,2024,10,12,11,07004KT,09,09
2024-10-12 11:28:00.000,2024,10,12,11,06003KT,11,10
2024-10-12 12:00:00.000,2024,10,12,12,07004KT,13,10
2024-10-12 13:00:00.000,2024,10,12,13,04006KT,15,09
2024-10-12 14:00:00.000,2024,10,12,14,06009KT,17,07
2024-10-12 14:35:00.000,2024,10,12,14,14010G20KT,19,07
2024-10-12 15:00:00.000,2024,10,12,15,14012G22KT,19,07
2024-10-12 16:00:00.000,2024,10,12,16,12007G20KT,19,07
2024-10-12 17:00:00.000,2024,10,12,17,14014KT,20,07
2024-10-12 17:32:00.000,2024,10,12,17,05006KT,19,08
2024-10-12 17:36:00.000,2024,10,12,17,04006KT,19,07
2024-10-12 18:00:00.000,2024,10,12,18,05005KT,19,07
2024-10-12 19:00:00.000,2024,10,12,19,05007KT,20,07
2024-10-12 20:00:00.000,2024,10,12,20,10008KT,20,06
2024-10-12 21:00:00.000,2024,10,12,21,05008KT,21,07
2024-10-12 22:00:00.000,2024,10,12,22,08007KT,19,07
2024-10-12 23:00:00.000,2024,10,12,23,14014KT,18,07
2024-10-13 00:00:00.000,2024,10,13,0,14011KT,16,08
2024-10-13 01:00:00.000,2024,10,13,1,11005KT,16,08
2024-10-13 02:00:00.000,2024,10,13,2,14007KT,15,09
2024-10-13 03:00:00.000,2024,10,13,3,13008KT,16,09
2024-10-13 04:00:00.000,2024,10,13,4,13016KT,13,07
2024-10-13 05:00:00.000,2024,10,13,5,15011KT,13,08
2024-10-13 06:00:00.000,2024,10,13,6,02005KT,10,10
2024-10-13 07:00:00.000,2024,10,13,7,01003KT,11,10
2024-10-13 08:00:00.000,2024,10,13,8,02004KT,10,10
2024-10-13 09:00:00.000,2024,10,13,9,05005KT,10,10
2024-10-13 10:00:00.000,2024,10,13,10,VRB02KT,11,10
2024-10-13 10:27:00.000,2024,10,13,10,05003KT,10,10
2024-10-13 10:30:00.000,2024,10,13,10,05003KT,10,10
2024-10-13 11:00:00.000,2024,10,13,11,07007KT,12,10
2024-10-13 12:00:00.000,2024,10,13,12,10006KT,14,10
2024-10-13 13:00:00.000,2024,10,13,13,12010KT,15,10
2024-10-13 14:00:00.000,2024,10,13,14,11010KT,16,08
2024-10-13 15:00:00.000,2024,10,13,15,11012KT,18,08
2024-10-13 16:00:00.000,2024,10,13,16,16012KT,18,07
2024-10-13 17:00:00.000,2024,10,13,17,13012KT,18,07
2024-10-13 18:00:00.000,2024,10,13,18,16015KT,19,06
2024-10-13 19:00:00.000,2024,10,13,19,13013KT,18,06
2024-10-13 20:00:00.000,2024,10,13,20,15012KT,18,06
2024-10-13 21:00:00.000,2024,10,13,21,14014KT,18,05
2024-10-13 22:00:00.000,2024,10,13,22,17012KT,17,03
2024-10-13 23:00:00.000,2024,10,13,23,16012KT,16,04
2024-10-14 00:00:00.000,2024,10,14,0,14011KT,13,06
2024-10-14 01:00:00.000,2024,10,14,1,14012KT,12,06
2024-10-14 02:00:00.000,2024,10,14,2,13008KT,13,06
2024-10-14 03:00:00.000,2024,10,14,3,12004KT,13,06
2024-10-14 04:00:00.000,2024,10,14,4,14009KT,11,06
2024-10-14 05:00:00.000,2024,10,14,5,12004KT,12,05
2024-10-14 06:00:00.000,2024,10,14,6,06003KT,11,07
2024-10-14 07:00:00.000,2024,10,14,7,02004KT,10,08
2024-10-14 08:00:00.000,2024,10,14,8,35003KT,08,08
2024-10-14 09:00:00.000,2024,10,14,9,36003KT,07,07
2024-10-14 10:00:00.000,2024,10,14,10,05003KT,08,08
2024-10-14 10:29:00.000,2024,10,14,10,03004KT,08,08
2024-10-14 10:30:00.000,2024,10,14,10,03004KT,08,08
2024-10-14 11:00:00.000,2024,10,14,11,07004KT,08,08
2024-10-14 11:34:00.000,2024,10,14,11,02003KT,10,09
2024-10-14 12:00:00.000,2024,10,14,12,04003KT,10,09
2024-10-14 12:08:00.000,2024,10,14,12,VRB02KT,13,09
2024-10-14 13:00:00.000,2024,10,14,13,VRB02KT,15,10
2024-10-14 14:00:00.000,2024,10,14,14,17012KT,17,07
2024-10-14 15:00:00.000,2024,10,14,15,15015KT,17,07
2024-10-14 15:35:00.000,2024,10,14,15,17017KT,19,08
2024-10-14 16:00:00.000,2024,10,14,16,17017KT,18,07
2024-10-14 17:00:00.000,2024,10,14,17,15015KT,19,08
2024-10-14 18:00:00.000,2024,10,14,18,16017G27KT,19,08
2024-10-14 19:00:00.000,2024,10,14,19,14015KT,19,09
2024-10-14 20:00:00.000,2024,10,14,20,15014KT,20,09
2024-10-14 21:00:00.000,2024,10,14,21,17015KT,18,07
2024-10-14 22:00:00.000,2024,10,14,22,15016KT,17,08
2024-10-14 23:00:00.000,2024,10,14,23,15011KT,16,08
2024-10-15 00:00:00.000,2024,10,15,0,19009KT,15,08
2024-10-15 01:00:00.000,2024,10,15,1,17010KT,15,09
2024-10-15 02:00:00.000,2024,10,15,2,16010KT,15,09
2024-10-15 03:00:00.000,2024,10,15,3,16008KT,13,09
2024-10-15 04:00:00.000,2024,10,15,4,13007KT,14,09
2024-10-15 05:00:00.000,2024,10,15,5,13007KT,14,08
2024-10-15 06:00:00.000,2024,10,15,6,VRB03KT,13,08
2024-10-15 07:00:00.000,2024,10,15,7,26003KT,13,09
2024-10-15 08:00:00.000,2024,10,15,8,20005KT,13,09
2024-10-15 09:00:00.000,2024,10,15,9,VRB02KT,11,09
2024-10-15 10:00:00.000,2024,10,15,10,31004KT,12,09
2024-10-15 11:00:00.000,2024,10,15,11,VRB02KT,10,09
2024-10-15 12:00:00.000,2024,10,15,12,VRB02KT,11,10
2024-10-15 12:24:00.000,2024,10,15,12,34003KT,13,11
2024-10-15 13:00:00.000,2024,10,15,13,36003KT,14,11
2024-10-15 14:00:00.000,2024,10,15,14,VRB04KT,15,09
2024-10-15 15:00:00.000,2024,10,15,15,15007KT,17,09
2024-10-15 16:00:00.000,2024,10,15,16,15009KT,18,08
2024-10-15 17:00:00.000,2024,10,15,17,17010KT,19,08
2024-10-15 18:00:00.000,2024,10,15,18,17014KT,20,07
2024-10-15 19:00:00.000,2024,10,15,19,16014KT,21,07
2024-10-15 20:00:00.000,2024,10,15,20,30006KT,19,09
2024-10-15 21:00:00.000,2024,10,15,21,25006KT,19,10
2024-10-15 22:00:00.000,2024,10,15,22,16003KT,18,09
2024-10-15 23:00:00.000,2024,10,15,23,15007KT,16,09
2024-10-16 00:00:00.000,2024,10,16,0,34005KT,14,12
2024-10-16 01:00:00.000,2024,10,16,1,33003KT,14,13
2024-10-16 02:00:00.000,2024,10,16,2,24004KT,16,09
2024-10-16 03:00:00.000,2024,10,16,3,VRB02KT,15,10
2024-10-16 04:00:00.000,2024,10,16,4,VRB02KT,13,12
2024-10-16 05:00:00.000,2024,10,16,5,36003KT,12,11
2024-10-16 06:00:00.000,2024,10,16,6,VRB02KT,11,11
2024-10-16 07:00:00.000,2024,10,16,7,03003KT,10,10
2024-10-16 08:00:00.000,2024,10,16,8,VRB02KT,11,11
2024-10-16 09:00:00.000,2024,10,16,9,01004KT,11,11
2024-10-16 10:00:00.000,2024,10,16,10,04003KT,11,11
2024-10-16 10:28:00.000,2024,10,16,10,05003KT,10,10
2024-10-16 11:00:00.000,2024,10,16,11,08004KT,10,10
2024-10-16 11:31:00.000,2024,10,16,11,06005KT,12,12
2024-10-16 12:00:00.000,2024,10,16,12,07006KT,15,11
2024-10-16 13:00:00.000,2024,10,16,13,04005KT,17,12
2024-10-16 14:00:00.000,2024,10,16,14,VRB02KT,18,11
2024-10-16 15:00:00.000,2024,10,16,15,VRB04KT,21,10
2024-10-16 16:00:00.000,2024,10,16,16,13006KT,20,08
2024-10-16 17:00:00.000,2024,10,16,17,11008KT,21,09
2024-10-16 18:00:00.000,2024,10,16,18,VRB06KT,22,08
2024-10-16 19:00:00.000,2024,10,16,19,28006KT,20,13
2024-10-16 20:00:00.000,2024,10,16,20,26007KT,19,12
2024-10-16 21:00:00.000,2024,10,16,21,32010KT,16,14
2024-10-16 22:00:00.000,2024,10,16,22,31006KT,16,14
2024-10-16 22:35:00.000,2024,10,16,22,30006KT,15,11
2024-10-16 23:00:00.000,2024,10,16,23,30005KT,15,10
2024-10-17 00:00:00.000,2024,10,17,0,VRB02KT,13,13
2024-10-17 01:00:00.000,2024,10,17,1,VRB02KT,12,12
2024-10-17 02:00:00.000,2024,10,17,2,33003KT,12,12
2024-10-17 03:00:00.000,2024,10,17,3,34003KT,11,11
2024-10-17 04:00:00.000,2024,10,17,4,03003KT,12,12
2024-10-17 05:00:00.000,2024,10,17,5,05004KT,12,12
2024-10-17 06:00:00.000,2024,10,17,6,04004KT,12,12
2024-10-17 07:00:00.000,2024,10,17,7,VRB02KT,11,11
2024-10-17 08:00:00.000,2024,10,17,8,VRB02KT,11,11
2024-10-17 09:00:00.000,2024,10,17,9,VRB02KT,09,09
2024-10-17 10:00:00.000,2024,10,17,10,01003KT,10,10
2024-10-17 10:30:00.000,2024,10,17,10,04003KT,09,09
2024-10-17 10:32:00.000,2024,10,17,10,04003KT,09,09
2024-10-17 11:00:00.000,2024,10,17,11,VRB02KT,08,08
2024-10-17 12:00:00.000,2024,10,17,12,06005KT,13,11
2024-10-17 13:00:00.000,2024,10,17,13,VRB02KT,15,11
2024-10-17 14:00:00.000,2024,10,17,14,36004KT,18,11
2024-10-17 15:00:00.000,2024,10,17,15,10005KT,20,11
2024-10-17 16:00:00.000,2024,10,17,16,18007KT,20,08
2024-10-17 17:00:00.000,2024,10,17,17,11010KT,21,09
2024-10-17 18:00:00.000,2024,10,17,18,13015KT,22,08
2024-10-17 19:00:00.000,2024,10,17,19,15011KT,21,08
2024-10-17 20:00:00.000,2024,10,17,20,15013KT,22,07
2024-10-17 21:00:00.000,2024,10,17,21,16012KT,22,07
2024-10-17 22:00:00.000,2024,10,17,22,22008KT,20,11
2024-10-17 23:00:00.000,2024,10,17,23,29010KT,17,11
2024-10-18 00:00:00.000,2024,10,18,0,29004KT,15,11
2024-10-18 01:00:00.000,2024,10,18,1,04003KT,12,12
2024-10-18 02:00:00.000,2024,10,18,2,VRB02KT,12,12
2024-10-18 03:00:00.000,2024,10,18,3,VRB02KT,11,11
2024-10-18 04:00:00.000,2024,10,18,4,05004KT,10,10
2024-10-18 05:00:00.000,2024,10,18,5,33005KT,11,10
2024-10-18 06:00:00.000,2024,10,18,6,03004KT,09,09
2024-10-18 07:00:00.000,2024,10,18,7,05003KT,09,09
2024-10-18 08:00:00.000,2024,10,18,8,VRB02KT,08,08
2024-10-18 09:00:00.000,2024,10,18,9,31004KT,07,07
2024-10-18 10:00:00.000,2024,10,18,10,03003KT,06,06
2024-10-18 10:29:00.000,2024,10,18,10,06005KT,08,08
2024-10-18 10:30:00.000,2024,10,18,10,06005KT,08,08
2024-10-18 11:00:00.000,2024,10,18,11,06004KT,09,09
2024-10-18 11:38:00.000,2024,10,18,11,07003KT,11,10
2024-10-18 12:00:00.000,2024,10,18,12,06003KT,12,10
2024-10-18 13:00:00.000,2024,10,18,13,04004KT,14,11
2024-10-18 13:25:00.000,2024,10,18,13,02004KT,16,10
2024-10-18 14:00:00.000,2024,10,18,14,03004KT,18,09
2024-10-18 15:00:00.000,2024,10,18,15,13004KT,19,10
2024-10-18 16:00:00.000,2024,10,18,16,06004KT,20,08
2024-10-18 16:35:00.000,2024,10,18,16,13006KT,22,08
2024-10-18 17:00:00.000,2024,10,18,17,15008KT,22,08
2024-10-18 18:00:00.000,2024,10,18,18,15006KT,22,07
2024-10-18 19:00:00.000,2024,10,18,19,26008KT,21,12
2024-10-18 20:00:00.000,2024,10,18,20,25012KT,20,13
2024-10-18 20:29:00.000,2024,10,18,20,26010KT,20,12
2024-10-18 21:00:00.000,2024,10,18,21,29007KT,19,12
2024-10-18 21:09:00.000,2024,10,18,21,VRB03KT,19,12
2024-10-18 21:25:00.000,2024,10,18,21,34009KT,18,15
2024-10-18 22:00:00.000,2024,10,18,22,24009KT,16,15
2024-10-18 22:28:00.000,2024,10,18,22,VRB02KT,15,14
2024-10-18 23:00:00.000,2024,10,18,23,VRB02KT,14,14
2024-10-19 00:00:00.000,2024,10,19,0,35004KT,15,13
2024-10-19 00:27:00.000,2024,10,19,0,VRB02KT,15,14
2024-10-19 01:00:00.000,2024,10,19,1,VRB02KT,15,14
2024-10-19 02:00:00.000,2024,10,19,2,19007KT,15,11
2024-10-19 03:00:00.000,2024,10,19,3,03003KT,12,12
2024-10-19 04:00:00.000,2024,10,19,4,02003KT,13,12
2024-10-19 05:00:00.000,2024,10,19,5,05004KT,12,11
2024-10-19 06:00:00.000,2024,10,19,6,05004KT,11,11
2024-10-19 07:00:00.000,2024,10,19,7,06005KT,12,11
2024-10-19 08:00:00.000,2024,10,19,8,35004KT,10,10
2024-10-19 09:00:00.000,2024,10,19,9,04008KT,11,10
2024-10-19 10:00:00.000,2024,10,19,10,03004KT,10,10
2024-10-19 10:30:00.000,2024,10,19,10,06004KT,10,10
2024-10-19 11:00:00.000,2024,10,19,11,36004KT,10,10
2024-10-19 12:00:00.000,2024,10,19,12,05005KT,13,12
2024-10-19 12:33:00.000,2024,10,19,12,05006KT,16,10
2024-10-19 13:00:00.000,2024,10,19,13,05006KT,18,10
2024-10-19 14:00:00.000,2024,10,19,14,10003KT,19,09
2024-10-19 15:00:00.000,2024,10,19,15,VRB04KT,20,09
2024-10-19 16:00:00.000,2024,10,19,16,VRB06KT,21,09
2024-10-19 17:00:00.000,2024,10,19,17,32003KT,18,12
2024-10-19 18:00:00.000,2024,10,19,18,26007KT,17,11
2024-10-19 19:00:00.000,2024,10,19,19,28008KT,18,12
2024-10-19 20:00:00.000,2024,10,19,20,27008KT,19,13
2024-10-19 21:00:00.000,2024,10,19,21,27009KT,17,13
2024-10-19 22:00:00.000,2024,10,19,22,26006KT,17,12
2024-10-19 23:00:00.000,2024,10,19,23,24004KT,16,13
2024-10-20 00:00:00.000,2024,10,20,0,VRB03KT,14,14
2024-10-20 00:12:00.000,2024,10,20,0,33004KT,14,14
2024-10-20 01:00:00.000,2024,10,20,1,27005KT,15,13
2024-10-20 01:09:00.000,2024,10,20,1,30007KT,15,13
2024-10-20 01:27:00.000,2024,10,20,1,29008KT,13,13
2024-10-20 02:00:00.000,2024,10,20,2,36004KT,13,12
2024-10-20 02:08:00.000,2024,10,20,2,VRB02KT,12,12
2024-10-20 02:30:00.000,2024,10,20,2,09003KT,12,12
2024-10-20 03:00:00.000,2024,10,20,3,06004KT,12,12
2024-10-20 04:00:00.000,2024,10,20,4,30008KT,13,13
2024-10-20 05:00:00.000,2024,10,20,5,29004KT,13,13
2024-10-20 06:00:00.000,2024,10,20,6,VRB02KT,12,12
2024-10-20 07:00:00.000,2024,10,20,7,29003KT,11,11
2024-10-20 07:25:00.000,2024,10,20,7,24004KT,11,11
2024-10-20 08:00:00.000,2024,10,20,8,26003KT,11,11
2024-10-20 08:12:00.000,2024,10,20,8,VRB02KT,11,11
2024-10-20 08:36:00.000,2024,10,20,8,VRB02KT,11,11
2024-10-20 09:00:00.000,2024,10,20,9,VRB02KT,11,11
2024-10-20 10:00:00.000,2024,10,20,10,24004KT,11,11
2024-10-20 10:32:00.000,2024,10,20,10,VRB03KT,12,11
2024-10-20 11:00:00.000,2024,10,20,11,03003KT,10,10
2024-10-20 12:00:00.000,2024,10,20,12,00000KT,12,11
2024-10-20 12:06:00.000,2024,10,20,12,00000KT,14,14
2024-10-20 13:00:00.000,2024,10,20,13,VRB03KT,16,13
2024-10-20 14:00:00.000,2024,10,20,14,15004KT,18,12
2024-10-20 15:00:00.000,2024,10,20,15,29004KT,19,11
2024-10-20 16:00:00.000,2024,10,20,16,34005KT,20,10
2024-10-20 17:00:00.000,2024,10,20,17,VRB05KT,21,11
2024-10-20 18:00:00.000,2024,10,20,18,30013KT,20,12
2024-10-20 19:00:00.000,2024,10,20,19,28013KT,20,14
2024-10-20 20:00:00.000,2024,10,20,20,27013KT,20,12
2024-10-20 21:00:00.000,2024,10,20,21,29014KT,19,13
2024-10-20 22:00:00.000,2024,10,20,22,31009KT,16,12
2024-10-20 23:00:00.000,2024,10,20,23,13006KT,16,10
2024-10-21 00:00:00.000,2024,10,21,0,01003KT,13,11
2024-10-21 01:00:00.000,2024,10,21,1,34003KT,14,12
2024-10-21 02:00:00.000,2024,10,21,2,33004KT,13,12
2024-10-21 03:00:00.000,2024,10,21,3,VRB02KT,13,13
2024-10-21 04:00:00.000,2024,10,21,4,02004KT,12,12
2024-10-21 05:00:00.000,2024,10,21,5,34004KT,11,11
2024-10-21 06:00:00.000,2024,10,21,6,VRB02KT,11,11
2024-10-21 07:00:00.000,2024,10,21,7,07004KT,10,10
2024-10-21 08:00:00.000,2024,10,21,8,00000KT,10,10
2024-10-21 09:00:00.000,2024,10,21,9,34003KT,09,09
2024-10-21 10:00:00.000,2024,10,21,10,03004KT,10,10
2024-10-21 10:29:00.000,2024,10,21,10,01004KT,10,10
2024-10-21 10:33:00.000,2024,10,21,10,02004KT,10,10
2024-10-21 11:00:00.000,2024,10,21,11,03005KT,10,10
2024-10-21 11:30:00.000,2024,10,21,11,05004KT,11,11
2024-10-21 12:00:00.000,2024,10,21,12,04003KT,11,11
2024-10-21 12:28:00.000,2024,10,21,12,02005KT,11,11
2024-10-21 13:00:00.000,2024,10,21,13,07004KT,14,13
2024-10-21 14:00:00.000,2024,10,21,14,07004KT,17,12
2024-10-21 15:00:00.000,2024,10,21,15,05003KT,19,11
2024-10-21 16:00:00.000,2024,10,21,16,30005KT,21,10
2024-10-21 17:00:00.000,2024,10,21,17,31009G20KT,21,13
2024-10-21 18:00:00.000,2024,10,21,18,30016KT,20,13
2024-10-21 18:13:00.000,2024,10,21,18,27013KT,20,13
2024-10-21 19:00:00.000,2024,10,21,19,26010KT,20,13
2024-10-21 19:28:00.000,2024,10,21,19,26009G20KT,19,12
2024-10-21 20:00:00.000,2024,10,21,20,23007KT,20,12
2024-10-21 20:32:00.000,2024,10,21,20,31008KT,19,11
2024-10-21 21:00:00.000,2024,10,21,21,31007KT,19,13
2024-10-21 22:00:00.000,2024,10,21,22,32005KT,15,15
2024-10-21 23:00:00.000,2024,10,21,23,01004KT,14,14
2024-10-22 00:00:00.000,2024,10,22,0,04006KT,13,13
2024-10-22 01:00:00.000,2024,10,22,1,00000KT,13,13
2024-10-22 02:00:00.000,2024,10,22,2,24003KT,14,14
2024-10-22 03:00:00.000,2024,10,22,3,25005KT,14,14
2024-10-22 04:00:00.000,2024,10,22,4,VRB03KT,14,13
2024-10-22 05:00:00.000,2024,10,22,5,VRB03KT,14,13
2024-10-22 06:00:00.000,2024,10,22,6,32005KT,12,12
2024-10-22 07:00:00.000,2024,10,22,7,VRB02KT,13,13
2024-10-22 08:00:00.000,2024,10,22,8,VRB02KT,12,12
2024-10-22 09:00:00.000,2024,10,22,9,33003KT,12,12
2024-10-22 10:00:00.000,2024,10,22,10,VRB02KT,12,12
2024-10-22 10:30:00.000,2024,10,22,10,00000KT,12,12
2024-10-22 11:00:00.000,2024,10,22,11,VRB02KT,12,12
2024-10-22 12:00:00.000,2024,10,22,12,VRB02KT,13,13
2024-10-22 13:00:00.000,2024,10,22,13,05004KT,15,14
2024-10-22 14:00:00.000,2024,10,22,14,03004KT,16,13
2024-10-22 15:00:00.000,2024,10,22,15,03003KT,17,12
2024-10-22 16:00:00.000,2024,10,22,16,35005KT,17,13
2024-10-22 17:00:00.000,2024,10,22,17,32005KT,19,12
2024-10-22 18:00:00.000,2024,10,22,18,18008KT,17,12
2024-10-22 18:06:00.000,2024,10,22,18,13009KT,16,13
2024-10-22 19:00:00.000,2024,10,22,19,24005KT,15,13
2024-10-22 19:33:00.000,2024,10,22,19,24005KT,16,13
2024-10-22 20:00:00.000,2024,10,22,20,VRB05KT,16,12
2024-10-22 21:00:00.000,2024,10,22,21,30006KT,19,12
2024-10-22 22:00:00.000,2024,10,22,22,30012KT,17,13
2024-10-22 23:00:00.000,2024,10,22,23,32007KT,15,14
2024-10-23 00:00:00.000,2024,10,23,0,29006KT,15,14
2024-10-23 00:23:00.000,2024,10,23,0,26004KT,15,14
2024-10-23 01:00:00.000,2024,10,23,1,07005KT,14,13
2024-10-23 02:00:00.000,2024,10,23,2,30005KT,11,11
2024-10-23 03:00:00.000,2024,10,23,3,VRB02KT,11,11
2024-10-23 04:00:00.000,2024,10,23,4,13004KT,12,12
2024-10-23 05:00:00.000,2024,10,23,5,15007KT,12,12
2024-10-23 06:00:00.000,2024,10,23,6,VRB02KT,12,12
2024-10-23 07:00:00.000,2024,10,23,7,03003KT,12,12
2024-10-23 08:00:00.000,2024,10,23,8,30003KT,12,12
2024-10-23 09:00:00.000,2024,10,23,9,04003KT,11,11
2024-10-23 10:00:00.000,2024,10,23,10,04004KT,12,12
2024-10-23 10:30:00.000,2024,10,23,10,05005KT,11,11
2024-10-23 11:00:00.000,2024,10,23,11,04005KT,11,11
2024-10-23 12:00:00.000,2024,10,23,12,VRB03KT,13,13
2024-10-23 12:33:00.000,2024,10,23,12,05007KT,15,12
2024-10-23 13:00:00.000,2024,10,23,13,05006KT,16,11
2024-10-23 14:00:00.000,2024,10,23,14,05008KT,17,10
2024-10-23 15:00:00.000,2024,10,23,15,12005KT,19,10
2024-10-23 16:00:00.000,2024,10,23,16,VRB06KT,20,10
2024-10-23 17:00:00.000,2024,10,23,17,04005KT,20,10
2024-10-23 18:00:00.000,2024,10,23,18,08007KT,21,09
2024-10-23 18:34:00.000,2024,10,23,18,11005KT,21,10
2024-10-23 19:00:00.000,2024,10,23,19,10010KT,19,11
2024-10-23 20:00:00.000,2024,10,23,20,25005KT,18,14
2024-10-23 21:00:00.000,2024,10,23,21,26006KT,17,14
2024-10-23 22:00:00.000,2024,10,23,22,32008KT,17,13
2024-10-23 23:00:00.000,2024,10,23,23,24004KT,15,14
2024-10-24 00:00:00.000,2024,10,24,0,24005KT,15,14
2024-10-24 01:00:00.000,2024,10,24,1,22003KT,14,14
2024-10-24 02:00:00.000,2024,10,24,2,VRB02KT,12,12
2024-10-24 03:00:00.000,2024,10,24,3,VRB02KT,11,11
2024-10-24 03:16:00.000,2024,10,24,3,VRB02KT,12,12
2024-10-24 04:00:00.000,2024,10,24,4,VRB02KT,11,11
2024-10-24 05:00:00.000,2024,10,24,5,VRB02KT,10,10
2024-10-24 06:00:00.000,2024,10,24,6,VRB02KT,09,09
2024-10-24 07:00:00.000,2024,10,24,7,VRB02KT,09,09
2024-10-24 08:00:00.000,2024,10,24,8,VRB02KT,10,10
2024-10-24 09:00:00.000,2024,10,24,9,06005KT,09,09
2024-10-24 10:00:00.000,2024,10,24,10,04004KT,10,10
2024-10-24 10:30:00.000,2024,10,24,10,05006KT,08,08
2024-10-24 11:00:00.000,2024,10,24,11,04006KT,09,09
2024-10-24 12:00:00.000,2024,10,24,12,06004KT,13,12
2024-10-24 13:00:00.000,2024,10,24,13,07005KT,15,11
2024-10-24 14:00:00.000,2024,10,24,14,03007KT,17,12
2024-10-24 15:00:00.000,2024,10,24,15,06006KT,17,10
2024-10-24 16:00:00.000,2024,10,24,16,12005KT,17,10
2024-10-24 17:00:00.000,2024,10,24,17,13010KT,19,08
2024-10-24 18:00:00.000,2024,10,24,18,14010KT,20,09
2024-10-24 19:00:00.000,2024,10,24,19,12007KT,20,09
2024-10-24 20:00:00.000,2024,10,24,20,13012KT,20,09
2024-10-24 21:00:00.000,2024,10,24,21,12008KT,20,10
2024-10-24 22:00:00.000,2024,10,24,22,14010KT,19,09
2024-10-24 23:00:00.000,2024,10,24,23,12014KT,18,09
2024-10-25 00:00:00.000,2024,10,25,0,11008KT,17,10
2024-10-25 01:00:00.000,2024,10,25,1,12005KT,16,09
2024-10-25 02:00:00.000,2024,10,25,2,13005KT,15,09
2024-10-25 03:00:00.000,2024,10,25,3,13006KT,13,08
2024-10-25 04:00:00.000,2024,10,25,4,03003KT,11,09
2024-10-25 05:00:00.000,2024,10,25,5,34003KT,11,08
2024-10-25 06:00:00.000,2024,10,25,6,01001KT,11,09
2024-10-25 07:00:00.000,2024,10,25,7,VRB02KT,09,09
2024-10-25 08:00:00.000,2024,10,25,8,06004KT,08,08
2024-10-25 09:00:00.000,2024,10,25,9,02004KT,10,10
2024-10-25 10:00:00.000,2024,10,25,10,07004KT,08,08
2024-10-25 10:30:00.000,2024,10,25,10,04006KT,09,08
2024-10-25 11:00:00.000,2024,10,25,11,04008KT,08,07
2024-10-25 11:19:00.000,2024,10,25,11,07004KT,11,08
2024-10-25 12:00:00.000,2024,10,25,12,06006KT,11,09
2024-10-25 12:15:00.000,2024,10,25,12,08004KT,13,09
2024-10-25 13:00:00.000,2024,10,25,13,07004KT,15,08
2024-10-25 14:00:00.000,2024,10,25,14,04006KT,17,08
2024-10-25 14:14:00.000,2024,10,25,14,05008KT,19,08
2024-10-25 15:00:00.000,2024,10,25,15,13011KT,21,07
2024-10-25 16:00:00.000,2024,10,25,16,12011G21KT,21,08
2024-10-25 17:00:00.000,2024,10,25,17,14012KT,22,09
2024-10-25 18:00:00.000,2024,10,25,18,13014KT,22,08
2024-10-25 19:00:00.000,2024,10,25,19,15010G20KT,22,08
2024-10-25 20:00:00.000,2024,10,25,20,07009KT,21,07
2024-10-25 21:00:00.000,2024,10,25,21,11007KT,22,08
2024-10-25 22:00:00.000,2024,10,25,22,09007KT,20,08
2024-10-25 23:00:00.000,2024,10,25,23,14011KT,19,08
2024-10-26 00:00:00.000,2024,10,26,0,14008KT,16,08
2024-10-26 01:00:00.000,2024,10,26,1,11003KT,16,09
2024-10-26 02:00:00.000,2024,10,26,2,34004KT,13,10
2024-10-26 03:00:00.000,2024,10,26,3,08007KT,16,11
2024-10-26 04:00:00.000,2024,10,26,4,02007KT,13,13
2024-10-26 05:00:00.000,2024,10,26,5,VRB02KT,12,12
2024-10-26 06:00:00.000,2024,10,26,6,00000KT,12,12
2024-10-26 07:00:00.000,2024,10,26,7,00000KT,11,11
2024-10-26 08:00:00.000,2024,10,26,8,VRB02KT,11,11
2024-10-26 09:00:00.000,2024,10,26,9,VRB02KT,10,10
2024-10-26 10:00:00.000,2024,10,26,10,36003KT,09,09
2024-10-26 10:31:00.000,2024,10,26,10,04004KT,10,10
2024-10-26 11:00:00.000,2024,10,26,11,05003KT,10,10
2024-10-26 11:14:00.000,2024,10,26,11,09003KT,12,12
2024-10-26 12:00:00.000,2024,10,26,12,06005KT,13,13
2024-10-26 12:31:00.000,2024,10,26,12,03004KT,15,13
2024-10-26 13:00:00.000,2024,10,26,13,05005KT,16,12
2024-10-26 14:00:00.000,2024,10,26,14,08006KT,17,11
2024-10-26 15:00:00.000,2024,10,26,15,10005KT,19,11
2024-10-26 16:00:00.000,2024,10,26,16,13012G23KT,19,09
2024-10-26 16:21:00.000,2024,10,26,16,12012G22KT,21,09
2024-10-26 17:00:00.000,2024,10,26,17,12010G20KT,21,08
2024-10-26 18:00:00.000,2024,10,26,18,13013KT,21,09
2024-10-26 19:00:00.000,2024,10,26,19,13012KT,22,09
2024-10-26 20:00:00.000,2024,10,26,20,12008KT,21,09
2024-10-26 21:00:00.000,2024,10,26,21,06009KT,20,10
2024-10-26 22:00:00.000,2024,10,26,22,11005KT,19,09
2024-10-26 23:00:00.000,2024,10,26,23,07007KT,17,11
2024-10-27 00:00:00.000,2024,10,27,0,08004KT,15,12
2024-10-27 01:00:00.000,2024,10,27,1,04004KT,15,12
2024-10-27 02:00:00.000,2024,10,27,2,08005KT,15,12
2024-10-27 03:00:00.000,2024,10,27,3,04005KT,14,12
2024-10-27 04:00:00.000,2024,10,27,4,VRB02KT,14,13
2024-10-27 05:00:00.000,2024,10,27,5,VRB02KT,14,13
2024-10-27 06:00:00.000,2024,10,27,6,25004KT,14,13
2024-10-27 07:00:00.000,2024,10,27,7,00000KT,14,14
2024-10-27 08:00:00.000,2024,10,27,8,03004KT,13,13
2024-10-27 09:00:00.000,2024,10,27,9,05004KT,13,13
2024-10-27 10:00:00.000,2024,10,27,10,VRB02KT,12,12
2024-10-27 10:30:00.000,2024,10,27,10,03003KT,12,12
2024-10-27 10:31:00.000,2024,10,27,10,03003KT,12,12
2024-10-27 11:00:00.000,2024,10,27,11,04005KT,13,13
2024-10-27 12:00:00.000,2024,10,27,12,05006KT,13,13
2024-10-27 13:00:00.000,2024,10,27,13,01004KT,15,15
2024-10-27 14:00:00.000,2024,10,27,14,00000KT,17,13
2024-10-27 15:00:00.000,2024,10,27,15,11005KT,18,13
2024-10-27 16:00:00.000,2024,10,27,16,35006KT,16,14
2024-10-27 16:20:00.000,2024,10,27,16,08003KT,17,13
2024-10-27 16:39:00.000,2024,10,27,16,09003KT,17,14
2024-10-27 17:00:00.000,2024,10,27,17,18011KT,17,15
2024-10-27 18:00:00.000,2024,10,27,18,19009KT,17,13
2024-10-27 18:34:00.000,2024,10,27,18,14006KT,17,13
2024-10-27 19:00:00.000,2024,10,27,19,14006KT,18,14
2024-10-27 20:00:00.000,2024,10,27,20,14009KT,18,12
2024-10-27 21:00:00.000,2024,10,27,21,12007KT,18,12
2024-10-27 22:00:00.000,2024,10,27,22,14009KT,18,11
2024-10-27 23:00:00.000,2024,10,27,23,13007KT,17,11
2024-10-28 00:00:00.000,2024,10,28,0,10005KT,16,12
2024-10-28 01:00:00.000,2024,10,28,1,13005KT,16,12
2024-10-28 02:00:00.000,2024,10,28,2,10006KT,15,12
2024-10-28 03:00:00.000,2024,10,28,3,04005KT,14,13
2024-10-28 04:00:00.000,2024,10,28,4,06008KT,13,13
2024-10-28 05:00:00.000,2024,10,28,5,05007KT,13,13
2024-10-28 06:00:00.000,2024,10,28,6,05006KT,12,12
2024-10-28 07:00:00.000,2024,10,28,7,04006KT,11,11
2024-10-28 08:00:00.000,2024,10,28,8,06007KT,12,11
2024-10-28 09:00:00.000,2024,10,28,9,06007KT,12,11
2024-10-28 10:00:00.000,2024,10,28,10,06008KT,13,11
2024-10-28 10:30:00.000,2024,10,28,10,05008KT,12,11
2024-10-28 11:00:00.000,2024,10,28,11,05007KT,12,11
2024-10-28 12:00:00.000,2024,10,28,12,06006KT,13,12
2024-10-28 13:00:00.000,2024,10,28,13,03005KT,14,13
2024-10-28 14:00:00.000,2024,10,28,14,11005KT,16,10
2024-10-28 15:00:00.000,2024,10,28,15,16005KT,17,11
2024-10-28 16:00:00.000,2024,10,28,16,14009KT,18,09
2024-10-28 17:00:00.000,2024,10,28,17,15014KT,18,10
2024-10-28 17:14:00.000,2024,10,28,17,21004KT,24,24
2024-10-28 18:00:00.000,2024,10,28,18,15011KT,18,10
2024-10-28 19:00:00.000,2024,10,28,19,16015KT,18,09
2024-10-28 20:00:00.000,2024,10,28,20,18018KT,18,09
2024-10-28 21:00:00.000,2024,10,28,21,14015KT,18,09
2024-10-28 22:00:00.000,2024,10,28,22,16011KT,17,09
2024-10-28 23:00:00.000,2024,10,28,23,18013KT,17,08
2024-10-29 00:00:00.000,2024,10,29,0,09005KT,16,09
2024-10-29 01:00:00.000,2024,10,29,1,14004KT,15,08
2024-10-29 02:00:00.000,2024,10,29,2,11005KT,15,09
2024-10-29 03:00:00.000,2024,10,29,3,VRB02KT,13,09
2024-10-29 04:00:00.000,2024,10,29,4,10003KT,13,09
2024-10-29 05:00:00.000,2024,10,29,5,VRB03KT,11,10
2024-10-29 06:00:00.000,2024,10,29,6,02003KT,10,10
2024-10-29 07:00:00.000,2024,10,29,7,03004KT,11,10
2024-10-29 08:00:00.000,2024,10,29,8,05004KT,10,10
2024-10-29 09:00:00.000,2024,10,29,9,05004KT,11,10
2024-10-29 10:00:00.000,2024,10,29,10,06004KT,11,10
2024-10-29 10:30:00.000,2024,10,29,10,04004KT,10,10
2024-10-29 11:00:00.000,2024,10,29,11,05004KT,10,10
2024-10-29 12:00:00.000,2024,10,29,12,05005KT,12,10
2024-10-29 13:00:00.000,2024,10,29,13,06007KT,14,10
2024-10-29 14:00:00.000,2024,10,29,14,06005KT,16,09
2024-10-29 15:00:00.000,2024,10,29,15,05005KT,17,08
2024-10-29 16:00:00.000,2024,10,29,16,17005KT,17,08
2024-10-29 16:05:00.000,2024,10,29,16,14004KT,19,09
2024-10-29 16:17:00.000,2024,10,29,16,VRB04KT,19,07
2024-10-29 17:00:00.000,2024,10,29,17,14012KT,19,09
2024-10-29 18:00:00.000,2024,10,29,18,17009G19KT,20,10
2024-10-29 19:00:00.000,2024,10,29,19,13008KT,19,09
2024-10-29 20:00:00.000,2024,10,29,20,11007KT,19,10
2024-10-29 21:00:00.000,2024,10,29,21,12008KT,18,10
2024-10-29 22:00:00.000,2024,10,29,22,08006KT,17,10
2024-10-29 23:00:00.000,2024,10,29,23,07009KT,15,10
2024-10-30 00:00:00.000,2024,10,30,0,09006KT,15,10
2024-10-30 01:00:00.000,2024,10,30,1,09008KT,15,10
2024-10-30 02:00:00.000,2024,10,30,2,10005KT,15,10
2024-10-30 03:00:00.000,2024,10,30,3,06006KT,14,10
2024-10-30 04:00:00.000,2024,10,30,4,05006KT,14,11
2024-10-30 05:00:00.000,2024,10,30,5,03006KT,13,11
2024-10-30 06:00:00.000,2024,10,30,6,02005KT,13,11
2024-10-30 07:00:00.000,2024,10,30,7,03006KT,12,12
2024-10-30 08:00:00.000,2024,10,30,8,06005KT,12,12
2024-10-30 09:00:00.000,2024,10,30,9,03006KT,11,11
2024-10-30 10:00:00.000,2024,10,30,10,04005KT,12,11
2024-10-30 10:30:00.000,2024,10,30,10,35004KT,10,10
2024-10-30 11:00:00.000,2024,10,30,11,01004KT,11,10
2024-10-30 11:37:00.000,2024,10,30,11,07005KT,13,11
2024-10-30 12:00:00.000,2024,10,30,12,06004KT,13,12
2024-10-30 12:09:00.000,2024,10,30,12,VRB02KT,15,11
2024-10-30 13:00:00.000,2024,10,30,13,08007KT,17,09
2024-10-30 14:00:00.000,2024,10,30,14,VRB06KT,18,08
2024-10-30 14:34:00.000,2024,10,30,14,14006KT,20,08
2024-10-30 14:36:00.000,2024,10,30,14,14006KT,20,08
2024-10-30 15:00:00.000,2024,10,30,15,15006KT,20,08
2024-10-30 16:00:00.000,2024,10,30,16,11008KT,19,08
2024-10-30 17:00:00.000,2024,10,30,17,VRB06KT,20,09
2024-10-30 18:00:00.000,2024,10,30,18,16007KT,19,08
2024-10-30 19:00:00.000,2024,10,30,19,13003KT,19,08
2024-10-30 20:00:00.000,2024,10,30,20,31007KT,17,12
2024-10-30 21:00:00.000,2024,10,30,21,27007KT,16,11
2024-10-30 22:00:00.000,2024,10,30,22,24007KT,16,11
2024-10-30 23:00:00.000,2024,10,30,23,19003KT,16,10
2024-10-31 00:00:00.000,2024,10,31,0,VRB02KT,13,13
2024-10-31 01:00:00.000,2024,10,31,1,30005KT,14,12
2024-10-31 02:00:00.000,2024,10,31,2,34004KT,13,13
2024-10-31 03:00:00.000,2024,10,31,3,VRB02KT,13,13
2024-10-31 04:00:00.000,2024,10,31,4,VRB02KT,12,12
2024-10-31 05:00:00.000,2024,10,31,5,VRB02KT,12,12
2024-10-31 06:00:00.000,2024,10,31,6,VRB02KT,12,12
2024-10-31 07:00:00.000,2024,10,31,7,VRB02KT,12,12
2024-10-31 08:00:00.000,2024,10,31,8,00000KT,12,12
2024-10-31 09:00:00.000,2024,10,31,9,VRB02KT,12,12
2024-10-31 10:00:00.000,2024,10,31,10,01003KT,12,12
2024-10-31 10:30:00.000,2024,10,31,10,04004KT,11,11
2024-10-31 11:00:00.000,2024,10,31,11,04003KT,11,11
2024-10-31 12:00:00.000,2024,10,31,12,34003KT,13,13
2024-10-31 13:00:00.000,2024,10,31,13,VRB02KT,14,14
2024-10-31 13:33:00.000,2024,10,31,13,33003KT,16,13
2024-10-31 14:00:00.000,2024,10,31,14,24003KT,18,14
2024-10-31 15:00:00.000,2024,10,31,15,25003KT,19,12
2024-10-31 16:00:00.000,2024,10,31,16,33005KT,19,12
2024-10-31 17:00:00.000,2024,10,31,17,28006KT,19,12
2024-10-31 18:00:00.000,2024,10,31,18,23005KT,18,13
2024-10-31 18:38:00.000,2024,10,31,18,10003KT,19,10
2024-10-31 19:00:00.000,2024,10,31,19,09004KT,17,09
2024-10-31 20:00:00.000,2024,10,31,20,09005KT,16,11
2024-10-31 20:10:00.000,2024,10,31,20,34005KT,14,14
2024-10-31 21:00:00.000,2024,10,31,21,08003KT,13,13
2024-10-31 21:29:00.000,2024,10,31,21,32006KT,14,14
2024-10-31 22:00:00.000,2024,10,31,22,35003KT,13,13
2024-10-31 23:00:00.000,2024,10,31,23,VRB02KT,14,14
2024-11-01 00:00:00.000,2024,11,1,0,34003KT,13,13
2024-11-01 01:00:00.000,2024,11,1,1,04003KT,13,13
2024-11-01 02:00:00.000,2024,11,1,2,VRB02KT,13,13
2024-11-01 03:00:00.000,2024,11,1,3,31004KT,13,13
2024-11-01 03:23:00.000,2024,11,1,3,VRB03KT,13,13
2024-11-01 04:00:00.000,2024,11,1,4,VRB03KT,12,12
2024-11-01 05:00:00.000,2024,11,1,5,35004KT,12,12
2024-11-01 06:00:00.000,2024,11,1,6,VRB02KT,12,12
2024-11-01 07:00:00.000,2024,11,1,7,VRB02KT,12,12
2024-11-01 08:00:00.000,2024,11,1,8,VRB02KT,12,12
2024-11-01 09:00:00.000,2024,11,1,9,VRB02KT,12,12
2024-11-01 10:00:00.000,2024,11,1,10,VRB02KT,10,10
2024-11-01 10:35:00.000,2024,11,1,10,33003KT,10,10
2024-11-01 11:00:00.000,2024,11,1,11,VRB02KT,10,10
2024-11-01 12:00:00.000,2024,11,1,12,VRB02KT,10,10
2024-11-01 12:35:00.000,2024,11,1,12,VRB02KT,13,12
2024-11-01 13:00:00.000,2024,11,1,13,VRB02KT,13,13
2024-11-01 13:30:00.000,2024,11,1,13,07004KT,16,13
2024-11-01 14:00:00.000,2024,11,1,14,35004KT,18,12
2024-11-01 15:00:00.000,2024,11,1,15,05004KT,19,12
2024-11-01 16:00:00.000,2024,11,1,16,34008KT,19,12
2024-11-01 17:00:00.000,2024,11,1,17,31013KT,20,11
2024-11-01 18:00:00.000,2024,11,1,18,31015KT,19,12
2024-11-01 19:00:00.000,2024,11,1,19,27017KT,19,13
2024-11-01 20:00:00.000,2024,11,1,20,28012KT,18,11
2024-11-01 21:00:00.000,2024,11,1,21,23008KT,18,11
2024-11-01 22:00:00.000,2024,11,1,22,31010KT,16,12
2024-11-01 23:00:00.000,2024,11,1,23,30010KT,14,13
2024-11-02 00:00:00.000,2024,11,2,0,31006KT,14,13
2024-11-02 01:00:00.000,2024,11,2,1,32005KT,14,13
2024-11-02 02:00:00.000,2024,11,2,2,02004KT,12,12
2024-11-02 03:00:00.000,2024,11,2,3,VRB02KT,12,12
2024-11-02 04:00:00.000,2024,11,2,4,32003KT,12,12
2024-11-02 05:00:00.000,2024,11,2,5,VRB02KT,12,12
2024-11-02 06:00:00.000,2024,11,2,6,VRB02KT,12,12
2024-11-02 07:00:00.000,2024,11,2,7,VRB02KT,12,12
2024-11-02 08:00:00.000,2024,11,2,8,00000KT,12,12
2024-11-02 09:00:00.000,2024,11,2,9,VRB01KT,12,12
2024-11-02 10:00:00.000,2024,11,2,10,00000KT,11,11
2024-11-02 10:31:00.000,2024,11,2,10,VRB02KT,11,11
2024-11-02 11:00:00.000,2024,11,2,11,VRB01KT,11,11
2024-11-02 12:00:00.000,2024,11,2,12,03003KT,15,11
2024-11-02 13:00:00.000,2024,11,2,13,04003KT,15,12
2024-11-02 14:00:00.000,2024,11,2,14,VRB02KT,18,11
2024-11-02 15:00:00.000,2024,11,2,15,36003KT,18,11
2024-11-02 16:00:00.000,2024,11,2,16,VRB04KT,20,11
2024-11-02 17:00:00.000,2024,11,2,17,33010KT,21,11
2024-11-02 18:00:00.000,2024,11,2,18,33010KT,19,10
2024-11-02 18:19:00.000,2024,11,2,18,29011KT,18,11
2024-11-02 19:00:00.000,2024,11,2,19,27010KT,18,11
2024-11-02 20:00:00.000,2024,11,2,20,30012KT,17,12
2024-11-02 20:33:00.000,2024,11,2,20,07008KT,15,10
2024-11-02 21:00:00.000,2024,11,2,21,08006KT,15,11
2024-11-02 22:00:00.000,2024,11,2,22,07004KT,16,11
2024-11-02 23:00:00.000,2024,11,2,23,VRB02KT,14,12
2024-11-03 00:00:00.000,2024,11,3,0,02003KT,13,12
2024-11-03 01:00:00.000,2024,11,3,1,VRB02KT,15,13
2024-11-03 02:00:00.000,2024,11,3,2,24003KT,14,14
2024-11-03 03:00:00.000,2024,11,3,3,33003KT,13,13
2024-11-03 04:00:00.000,2024,11,3,4,33004KT,13,13
2024-11-03 05:00:00.000,2024,11,3,5,31004KT,12,12
2024-11-03 06:00:00.000,2024,11,3,6,VRB02KT,12,12
2024-11-03 07:00:00.000,2024,11,3,7,00000KT,12,12
2024-11-03 08:00:00.000,2024,11,3,8,VRB03KT,12,12
2024-11-03 09:00:00.000,2024,11,3,9,00000KT,12,12
2024-11-03 10:00:00.000,2024,11,3,10,29006KT,12,12
2024-11-03 10:31:00.000,2024,11,3,10,VRB02KT,11,11
2024-11-03 11:00:00.000,2024,11,3,11,VRB02KT,11,11
2024-11-03 12:00:00.000,2024,11,3,12,VRB02KT,12,12
2024-11-03 13:00:00.000,2024,11,3,13,33004KT,13,13
2024-11-03 13:25:00.000,2024,11,3,13,VRB02KT,15,13
2024-11-03 14:00:00.000,2024,11,3,14,33003KT,15,13
2024-11-03 15:00:00.000,2024,11,3,15,VRB02KT,17,12
2024-11-03 16:00:00.000,2024,11,3,16,31008KT,18,12
2024-11-03 17:00:00.000,2024,11,3,17,28006KT,19,12
2024-11-03 18:00:00.000,2024,11,3,18,29009KT,19,12
2024-11-03 19:00:00.000,2024,11,3,19,27009KT,20,12
2024-11-03 20:00:00.000,2024,11,3,20,24012KT,20,12
2024-11-03 21:00:00.000,2024,11,3,21,25010KT,19,12
2024-11-03 22:00:00.000,2024,11,3,22,27009KT,17,12
2024-11-03 23:00:00.000,2024,11,3,23,24006KT,16,12
2024-11-04 00:00:00.000,2024,11,4,0,25006KT,15,13
2024-11-04 01:00:00.000,2024,11,4,1,02004KT,15,14
2024-11-04 01:10:00.000,2024,11,4,1,VRB02KT,14,14
2024-11-04 02:00:00.000,2024,11,4,2,02004KT,15,14
2024-11-04 03:00:00.000,2024,11,4,3,01003KT,14,14
2024-11-04 04:00:00.000,2024,11,4,4,01005KT,13,13
2024-11-04 04:27:00.000,2024,11,4,4,34004KT,13,13
2024-11-04 05:00:00.000,2024,11,4,5,36005KT,13,13
2024-11-04 06:00:00.000,2024,11,4,6,VRB02KT,13,13
2024-11-04 07:00:00.000,2024,11,4,7,VRB02KT,13,13
2024-11-04 08:00:00.000,2024,11,4,8,VRB02KT,13,13
2024-11-04 09:00:00.000,2024,11,4,9,VRB02KT,12,12
2024-11-04 10:00:00.000,2024,11,4,10,VRB02KT,12,12
2024-11-04 10:30:00.000,2024,11,4,10,VRB02KT,12,12
2024-11-04 11:00:00.000,2024,11,4,11,VRB02KT,12,12
2024-11-04 12:00:00.000,2024,11,4,12,05004KT,12,12
2024-11-04 13:00:00.000,2024,11,4,13,06003KT,14,14
2024-11-04 13:30:00.000,2024,11,4,13,02003KT,14,14
2024-11-04 14:00:00.000,2024,11,4,14,35003KT,14,14
2024-11-04 14:23:00.000,2024,11,4,14,VRB02KT,15,14
2024-11-04 15:00:00.000,2024,11,4,15,25007KT,14,14
2024-11-04 16:00:00.000,2024,11,4,16,26004KT,14,14
2024-11-04 16:19:00.000,2024,11,4,16,VRB02KT,16,12
2024-11-04 17:00:00.000,2024,11,4,17,VRB02KT,17,11
2024-11-04 18:00:00.000,2024,11,4,18,28004KT,19,10
2024-11-04 19:00:00.000,2024,11,4,19,31005KT,19,10
2024-11-04 20:00:00.000,2024,11,4,20,34007KT,19,10
2024-11-04 21:00:00.000,2024,11,4,21,33005KT,19,10
2024-11-04 22:00:00.000,2024,11,4,22,VRB04KT,17,13
2024-11-04 22:12:00.000,2024,11,4,22,VRB03KT,17,14
2024-11-04 22:25:00.000,2024,11,4,22,VRB03KT,16,14
2024-11-04 23:00:00.000,2024,11,4,23,VRB04KT,15,14
2024-11-05 00:00:00.000,2024,11,5,0,VRB02KT,15,13
2024-11-05 01:00:00.000,2024,11,5,1,06003KT,14,14
2024-11-05 02:00:00.000,2024,11,5,2,03004KT,13,13
2024-11-05 03:00:00.000,2024,11,5,3,VRB02KT,12,12
2024-11-05 04:00:00.000,2024,11,5,4,VRB02KT,11,11
2024-11-05 05:00:00.000,2024,11,5,5,33003KT,10,10
2024-11-05 06:00:00.000,2024,11,5,6,VRB02KT,11,11
2024-11-05 07:00:00.000,2024,11,5,7,VRB02KT,11,11
2024-11-05 08:00:00.000,2024,11,5,8,VRB02KT,11,11
2024-11-05 09:00:00.000,2024,11,5,9,34003KT,10,10
2024-11-05 10:00:00.000,2024,11,5,10,VRB02KT,10,10
2024-11-05 10:27:00.000,2024,11,5,10,35003KT,10,10
2024-11-05 11:00:00.000,2024,11,5,11,34004KT,09,09
2024-11-05 12:00:00.000,2024,11,5,12,VRB02KT,10,10
2024-11-05 13:00:00.000,2024,11,5,13,06005KT,14,13
2024-11-05 14:00:00.000,2024,11,5,14,05004KT,16,13
2024-11-05 15:00:00.000,2024,11,5,15,05005KT,18,12
2024-11-05 16:00:00.000,2024,11,5,16,VRB06KT,19,11
2024-11-05 17:00:00.000,2024,11,5,17,08004KT,19,10
2024-11-05 18:00:00.000,2024,11,5,18,03009KT,18,11
2024-11-05 19:00:00.000,2024,11,5,19,04005KT,20,10
2024-11-05 19:22:00.000,2024,11,5,19,31013KT,16,12
2024-11-05 20:00:00.000,2024,11,5,20,28012KT,15,13
2024-11-05 21:00:00.000,2024,11,5,21,27005KT,15,15
2024-11-05 22:00:00.000,2024,11,5,22,03003KT,13,13
2024-11-05 23:00:00.000,2024,11,5,23,05004KT,13,13
2024-11-06 00:00:00.000,2024,11,6,0,35003KT,12,12
2024-11-06 01:00:00.000,2024,11,6,1,VRB02KT,12,12
2024-11-06 02:00:00.000,2024,11,6,2,VRB02KT,11,11
2024-11-06 03:00:00.000,2024,11,6,3,34003KT,12,12
2024-11-06 04:00:00.000,2024,11,6,4,VRB02KT,12,12
2024-11-06 05:00:00.000,2024,11,6,5,34003KT,12,12
2024-11-06 06:00:00.000,2024,11,6,6,34003KT,12,12
2024-11-06 07:00:00.000,2024,11,6,7,00000KT,12,12
2024-11-06 08:00:00.000,2024,11,6,8,00000KT,12,12
2024-11-06 09:00:00.000,2024,11,6,9,36003KT,12,12
2024-11-06 10:00:00.000,2024,11,6,10,VRB02KT,11,11
2024-11-06 10:33:00.000,2024,11,6,10,35002KT,11,11
2024-11-06 11:00:00.000,2024,11,6,11,34003KT,10,10
2024-11-06 12:00:00.000,2024,11,6,12,VRB02KT,13,11
2024-11-06 13:00:00.000,2024,11,6,13,03003KT,16,13
2024-11-06 14:00:00.000,2024,11,6,14,36005KT,18,12
2024-11-06 15:00:00.000,2024,11,6,15,VRB03KT,19,12
2024-11-06 16:00:00.000,2024,11,6,16,32007KT,20,12
2024-11-06 17:00:00.000,2024,11,6,17,32006KT,20,10
2024-11-06 18:00:00.000,2024,11,6,18,29010KT,20,11
2024-11-06 19:00:00.000,2024,11,6,19,28014KT,19,13
2024-11-06 20:00:00.000,2024,11,6,20,25012KT,17,13
2024-11-06 21:00:00.000,2024,11,6,21,23006KT,16,15
2024-11-06 21:09:00.000,2024,11,6,21,03006KT,14,14
2024-11-06 21:37:00.000,2024,11,6,21,17003KT,13,13
2024-11-06 22:00:00.000,2024,11,6,22,16003KT,13,13
2024-11-06 22:25:00.000,2024,11,6,22,13007KT,14,13
2024-11-06 23:00:00.000,2024,11,6,23,00000KT,13,13
2024-11-07 00:00:00.000,2024,11,7,0,VRB02KT,13,13
2024-11-07 01:00:00.000,2024,11,7,1,04003KT,13,13
2024-11-07 02:00:00.000,2024,11,7,2,VRB02KT,13,13
2024-11-07 03:00:00.000,2024,11,7,3,VRB02KT,12,12
2024-11-07 04:00:00.000,2024,11,7,4,04003KT,12,12
2024-11-07 05:00:00.000,2024,11,7,5,01003KT,12,12
2024-11-07 06:00:00.000,2024,11,7,6,VRB02KT,13,13
2024-11-07 07:00:00.000,2024,11,7,7,03003KT,11,11
2024-11-07 08:00:00.000,2024,11,7,8,VRB02KT,12,12
2024-11-07 09:00:00.000,2024,11,7,9,35003KT,11,11
2024-11-07 10:00:00.000,2024,11,7,10,00000KT,11,11
2024-11-07 10:30:00.000,2024,11,7,10,36003KT,10,10
2024-11-07 11:00:00.000,2024,11,7,11,00000KT,10,10
2024-11-07 11:34:00.000,2024,11,7,11,27006KT,11,11
2024-11-07 12:00:00.000,2024,11,7,12,28007KT,12,12
2024-11-07 13:00:00.000,2024,11,7,13,14003KT,14,13
2024-11-07 14:00:00.000,2024,11,7,14,VRB02KT,17,13
2024-11-07 14:32:00.000,2024,11,7,14,VRB06KT,19,12
2024-11-07 15:00:00.000,2024,11,7,15,27007KT,19,12
2024-11-07 16:00:00.000,2024,11,7,16,25009KT,20,11
2024-11-07 17:00:00.000,2024,11,7,17,34007KT,20,12
2024-11-07 18:00:00.000,2024,11,7,18,28014KT,20,13
2024-11-07 19:00:00.000,2024,11,7,19,29013KT,18,12
2024-11-07 20:00:00.000,2024,11,7,20,28014KT,18,13
2024-11-07 21:00:00.000,2024,11,7,21,27012KT,17,13
2024-11-07 22:00:00.000,2024,11,7,22,24007KT,16,13
2024-11-07 23:00:00.000,2024,11,7,23,04011KT,14,11
2024-11-08 00:00:00.000,2024,11,8,0,03006KT,13,10
2024-11-08 01:00:00.000,2024,11,8,1,05006KT,13,11
2024-11-08 02:00:00.000,2024,11,8,2,05005KT,12,12
2024-11-08 03:00:00.000,2024,11,8,3,VRB02KT,12,12
2024-11-08 04:00:00.000,2024,11,8,4,VRB02KT,12,12
2024-11-08 05:00:00.000,2024,11,8,5,02003KT,11,11
2024-11-08 06:00:00.000,2024,11,8,6,VRB02KT,10,10
2024-11-08 07:00:00.000,2024,11,8,7,03004KT,10,10
2024-11-08 08:00:00.000,2024,11,8,8,04003KT,09,09
2024-11-08 09:00:00.000,2024,11,8,9,05004KT,09,09
2024-11-08 09:18:00.000,2024,11,8,9,VRB02KT,09,09
2024-11-08 10:00:00.000,2024,11,8,10,05006KT,10,10
2024-11-08 10:15:00.000,2024,11,8,10,05007KT,10,10
2024-11-08 10:30:00.000,2024,11,8,10,06006KT,10,10
2024-11-08 11:00:00.000,2024,11,8,11,03006KT,11,11
2024-11-08 12:00:00.000,2024,11,8,12,02005KT,11,11
2024-11-08 13:00:00.000,2024,11,8,13,05006KT,13,13
2024-11-08 14:00:00.000,2024,11,8,14,06007KT,13,13
2024-11-08 15:00:00.000,2024,11,8,15,04005KT,14,13
2024-11-08 16:00:00.000,2024,11,8,16,04004KT,15,13
2024-11-08 17:00:00.000,2024,11,8,17,03004KT,15,13
2024-11-08 18:00:00.000,2024,11,8,18,VRB02KT,16,12
2024-11-08 19:00:00.000,2024,11,8,19,VRB03KT,17,13
2024-11-08 20:00:00.000,2024,11,8,20,VRB02KT,17,11
2024-11-08 21:00:00.000,2024,11,8,21,36003KT,17,12
2024-11-08 21:36:00.000,2024,11,8,21,30009KT,15,14
2024-11-08 22:00:00.000,2024,11,8,22,30006KT,14,14
2024-11-08 23:00:00.000,2024,11,8,23,31008KT,14,13
2024-11-09 00:00:00.000,2024,11,9,0,32006KT,13,13
2024-11-09 01:00:00.000,2024,11,9,1,29006KT,13,13
2024-11-09 02:00:00.000,2024,11,9,2,29005KT,13,12
2024-11-09 03:00:00.000,2024,11,9,3,VRB03KT,13,12
2024-11-09 04:00:00.000,2024,11,9,4,VRB02KT,13,12
2024-11-09 05:00:00.000,2024,11,9,5,VRB02KT,13,12
2024-11-09 06:00:00.000,2024,11,9,6,VRB03KT,13,11
2024-11-09 07:00:00.000,2024,11,9,7,28005KT,13,11
2024-11-09 08:00:00.000,2024,11,9,8,28003KT,13,11
2024-11-09 09:00:00.000,2024,11,9,9,30006KT,12,12
2024-11-09 10:00:00.000,2024,11,9,10,VRB02KT,12,12
2024-11-09 10:31:00.000,2024,11,9,10,24004KT,12,12
2024-11-09 11:00:00.000,2024,11,9,11,21005KT,12,12
2024-11-09 12:00:00.000,2024,11,9,12,21005KT,13,12
2024-11-09 13:00:00.000,2024,11,9,13,VRB02KT,14,12
2024-11-09 14:00:00.000,2024,11,9,14,15003KT,17,12
2024-11-09 15:00:00.000,2024,11,9,15,05004KT,18,11
2024-11-09 16:00:00.000,2024,11,9,16,34003KT,19,11
2024-11-09 17:00:00.000,2024,11,9,17,31006KT,20,13
2024-11-09 18:00:00.000,2024,11,9,18,30010KT,20,10
2024-11-09 19:00:00.000,2024,11,9,19,29012KT,20,12
2024-11-09 20:00:00.000,2024,11,9,20,26014KT,18,13
2024-11-09 20:32:00.000,2024,11,9,20,24008KT,16,13
2024-11-09 21:00:00.000,2024,11,9,21,12004KT,14,13
2024-11-09 22:00:00.000,2024,11,9,22,17006KT,14,13
2024-11-09 23:00:00.000,2024,11,9,23,16011KT,13,13
2024-11-10 00:00:00.000,2024,11,10,0,19007KT,14,13
2024-11-10 01:00:00.000,2024,11,10,1,VRB03KT,13,13
2024-11-10 02:00:00.000,2024,11,10,2,34003KT,13,13
2024-11-10 03:00:00.000,2024,11,10,3,34004KT,13,13
2024-11-10 04:00:00.000,2024,11,10,4,34005KT,12,12
2024-11-10 05:00:00.000,2024,11,10,5,VRB02KT,12,12
2024-11-10 06:00:00.000,2024,11,10,6,VRB02KT,12,12
2024-11-10 07:00:00.000,2024,11,10,7,VRB02KT,12,12
2024-11-10 07:09:00.000,2024,11,10,7,32004KT,13,13
2024-11-10 08:00:00.000,2024,11,10,8,34003KT,12,12
2024-11-10 09:00:00.000,2024,11,10,9,VRB02KT,12,12
2024-11-10 10:00:00.000,2024,11,10,10,03004KT,12,12
2024-11-10 10:30:00.000,2024,11,10,10,35004KT,12,12
2024-11-10 11:00:00.000,2024,11,10,11,34003KT,12,12
2024-11-10 12:00:00.000,2024,11,10,12,VRB02KT,12,12
2024-11-10 13:00:00.000,2024,11,10,13,VRB02KT,13,13
2024-11-10 14:00:00.000,2024,11,10,14,VRB02KT,14,13
2024-11-10 15:00:00.000,2024,11,10,15,VRB02KT,14,14
2024-11-10 16:00:00.000,2024,11,10,16,VRB02KT,15,13
2024-11-10 17:00:00.000,2024,11,10,17,05011KT,16,13
2024-11-10 18:00:00.000,2024,11,10,18,06006KT,18,12
2024-11-10 19:00:00.000,2024,11,10,19,07006KT,19,11
2024-11-10 20:00:00.000,2024,11,10,20,VRB03KT,20,10
2024-11-10 21:00:00.000,2024,11,10,21,19012KT,18,11
2024-11-10 21:11:00.000,2024,11,10,21,24014KT,15,14
2024-11-10 22:00:00.000,2024,11,10,22,28012KT,14,12
2024-11-10 23:00:00.000,2024,11,10,23,30006KT,11,11
2024-11-10 23:19:00.000,2024,11,10,23,VRB03KT,12,12
2024-11-11 00:00:00.000,2024,11,11,0,VRB02KT,12,12
2024-11-11 01:00:00.000,2024,11,11,1,VRB02KT,13,13
2024-11-11 02:00:00.000,2024,11,11,2,VRB02KT,12,12
2024-11-11 03:00:00.000,2024,11,11,3,35003KT,12,12
2024-11-11 04:00:00.000,2024,11,11,4,VRB02KT,13,13
2024-11-11 05:00:00.000,2024,11,11,5,23003KT,13,13
2024-11-11 06:00:00.000,2024,11,11,6,26004KT,13,13
2024-11-11 07:00:00.000,2024,11,11,7,00000KT,12,12
2024-11-11 08:00:00.000,2024,11,11,8,VRB02KT,13,13
2024-11-11 09:00:00.000,2024,11,11,9,00000KT,12,12
2024-11-11 10:00:00.000,2024,11,11,10,VRB03KT,12,12
2024-11-11 10:31:00.000,2024,11,11,10,00000KT,12,12
2024-11-11 11:00:00.000,2024,11,11,11,VRB02KT,11,11
2024-11-11 12:00:00.000,2024,11,11,12,VRB02KT,12,12
2024-11-11 12:21:00.000,2024,11,11,12,35004KT,14,14
2024-11-11 13:00:00.000,2024,11,11,13,35003KT,15,14
2024-11-11 14:00:00.000,2024,11,11,14,01003KT,16,14
2024-11-11 15:00:00.000,2024,11,11,15,34003KT,17,13
2024-11-11 16:00:00.000,2024,11,11,16,31004KT,18,12
2024-11-11 17:00:00.000,2024,11,11,17,33008KT,18,14
2024-11-11 17:33:00.000,2024,11,11,17,33009KT,16,15
2024-11-11 18:00:00.000,2024,11,11,18,03006KT,13,13
2024-11-11 18:26:00.000,2024,11,11,18,29006KT,12,12
2024-11-11 19:00:00.000,2024,11,11,19,30006KT,13,13
2024-11-11 20:00:00.000,2024,11,11,20,24008KT,14,14
2024-11-11 21:00:00.000,2024,11,11,21,24003KT,14,13
2024-11-11 22:00:00.000,2024,11,11,22,VRB02KT,14,14
2024-11-11 23:00:00.000,2024,11,11,23,27004KT,14,13
2024-11-12 00:00:00.000,2024,11,12,0,VRB02KT,11,11
2024-11-12 01:00:00.000,2024,11,12,1,VRB02KT,12,12
2024-11-12 02:00:00.000,2024,11,12,2,VRB02KT,11,11
2024-11-12 03:00:00.000,2024,11,12,3,VRB02KT,11,11
2024-11-12 04:00:00.000,2024,11,12,4,35004KT,10,10
2024-11-12 05:00:00.000,2024,11,12,5,VRB02KT,11,11
2024-11-12 06:00:00.000,2024,11,12,6,VRB02KT,12,12
2024-11-12 07:00:00.000,2024,11,12,7,30004KT,12,12
2024-11-12 08:00:00.000,2024,11,12,8,30004KT,12,12
2024-11-12 09:00:00.000,2024,11,12,9,VRB02KT,12,12
2024-11-12 10:00:00.000,2024,11,12,10,VRB02KT,12,12
2024-11-12 10:27:00.000,2024,11,12,10,VRB02KT,13,13
2024-11-12 11:00:00.000,2024,11,12,11,33005KT,12,12
2024-11-12 12:00:00.000,2024,11,12,12,31003KT,12,12
2024-11-12 13:00:00.000,2024,11,12,13,VRB02KT,13,13
2024-11-12 14:00:00.000,2024,11,12,14,VRB02KT,15,14
2024-11-12 15:00:00.000,2024,11,12,15,VRB02KT,16,13
2024-11-12 16:00:00.000,2024,11,12,16,VRB02KT,18,12
2024-11-12 17:00:00.000,2024,11,12,17,VRB04KT,18,12
2024-11-12 17:09:00.000,2024,11,12,17,30011KT,17,13
2024-11-12 17:30:00.000,2024,11,12,17,31009KT,15,14
2024-11-12 18:00:00.000,2024,11,12,18,31010KT,14,14
2024-11-12 19:00:00.000,2024,11,12,19,23007KT,15,15
2024-11-12 19:10:00.000,2024,11,12,19,21006KT,15,15
2024-11-12 20:00:00.000,2024,11,12,20,20004KT,15,15
2024-11-12 21:00:00.000,2024,11,12,21,VRB03KT,15,15
2024-11-12 22:00:00.000,2024,11,12,22,27004KT,15,14
2024-11-12 23:00:00.000,2024,11,12,23,35003KT,14,14
2024-11-13 00:00:00.000,2024,11,13,0,29004KT,14,14
2024-11-13 01:00:00.000,2024,11,13,1,03003KT,13,13
2024-11-13 02:00:00.000,2024,11,13,2,02003KT,13,13
2024-11-13 03:00:00.000,2024,11,13,3,04003KT,13,13
2024-11-13 04:00:00.000,2024,11,13,4,01004KT,13,13
2024-11-13 05:00:00.000,2024,11,13,5,33003KT,12,12
2024-11-13 06:00:00.000,2024,11,13,6,34004KT,12,12
2024-11-13 07:00:00.000,2024,11,13,7,32003KT,12,12
2024-11-13 08:00:00.000,2024,11,13,8,25006KT,12,12
2024-11-13 09:00:00.000,2024,11,13,9,00000KT,12,12
2024-11-13 10:00:00.000,2024,11,13,10,35004KT,10,10
2024-11-13 10:31:00.000,2024,11,13,10,34003KT,11,11
2024-11-13 11:00:00.000,2024,11,13,11,33004KT,12,12
2024-11-13 12:00:00.000,2024,11,13,12,VRB02KT,13,13
2024-11-13 13:00:00.000,2024,11,13,13,29006KT,15,13
2024-11-13 14:00:00.000,2024,11,13,14,29004KT,15,12
2024-11-13 15:00:00.000,2024,11,13,15,VRB02KT,17,11
2024-11-13 16:00:00.000,2024,11,13,16,04003KT,19,10
2024-11-13 17:00:00.000,2024,11,13,17,VRB03KT,20,10
2024-11-13 18:00:00.000,2024,11,13,18,29013KT,19,12
2024-11-13 19:00:00.000,2024,11,13,19,29013KT,18,13
2024-11-13 20:00:00.000,2024,11,13,20,34011KT,16,12
2024-11-13 21:00:00.000,2024,11,13,21,34008KT,16,12
2024-11-13 22:00:00.000,2024,11,13,22,32010KT,15,12
2024-11-13 23:00:00.000,2024,11,13,23,33007KT,14,13
2024-11-14 00:00:00.000,2024,11,14,0,33006KT,14,13
2024-11-14 01:00:00.000,2024,11,14,1,33006KT,13,13
2024-11-14 02:00:00.000,2024,11,14,2,34005KT,13,12
2024-11-14 03:00:00.000,2024,11,14,3,31005KT,13,12
2024-11-14 04:00:00.000,2024,11,14,4,VRB02KT,12,12
2024-11-14 05:00:00.000,2024,11,14,5,VRB02KT,13,12
2024-11-14 06:00:00.000,2024,11,14,6,27003KT,13,12
2024-11-14 07:00:00.000,2024,11,14,7,31005KT,13,12
2024-11-14 08:00:00.000,2024,11,14,8,32004KT,12,12
2024-11-14 09:00:00.000,2024,11,14,9,33008KT,12,12
2024-11-14 10:00:00.000,2024,11,14,10,28004KT,11,11
2024-11-14 10:30:00.000,2024,11,14,10,31004KT,11,11
2024-11-14 11:00:00.000,2024,11,14,11,27005KT,11,10
2024-11-14 12:00:00.000,2024,11,14,12,00000KT,11,11
2024-11-14 13:00:00.000,2024,11,14,13,VRB02KT,14,13
2024-11-14 14:00:00.000,2024,11,14,14,VRB02KT,15,13
2024-11-14 15:00:00.000,2024,11,14,15,01004KT,17,12
2024-11-14 16:00:00.000,2024,11,14,16,VRB02KT,17,12
2024-11-14 17:00:00.000,2024,11,14,17,26008KT,16,13
2024-11-14 18:00:00.000,2024,11,14,18,32011KT,17,12
2024-11-14 19:00:00.000,2024,11,14,19,34009KT,17,13
2024-11-14 19:23:00.000,2024,11,14,19,VRB06KT,15,12
2024-11-14 19:35:00.000,2024,11,14,19,31008KT,14,12
2024-11-14 20:00:00.000,2024,11,14,20,31006KT,14,13
2024-11-14 20:20:00.000,2024,11,14,20,33005KT,14,14
2024-11-14 21:00:00.000,2024,11,14,21,VRB02KT,13,13
2024-11-14 21:37:00.000,2024,11,14,21,12003KT,12,12
2024-11-14 22:00:00.000,2024,11,14,22,VRB02KT,13,12
2024-11-14 22:28:00.000,2024,11,14,22,00000KT,12,12
2024-11-14 23:00:00.000,2024,11,14,23,00000KT,12,12
2024-11-15 00:00:00.000,2024,11,15,0,VRB02KT,12,12
2024-11-15 01:00:00.000,2024,11,15,1,VRB02KT,12,12
2024-11-15 02:00:00.000,2024,11,15,2,VRB02KT,12,12
2024-11-15 03:00:00.000,2024,11,15,3,26004KT,12,12
2024-11-15 04:00:00.000,2024,11,15,4,07003KT,12,12
2024-11-15 05:00:00.000,2024,11,15,5,VRB02KT,11,11
2024-11-15 06:00:00.000,2024,11,15,6,VRB02KT,11,11
2024-11-15 07:00:00.000,2024,11,15,7,VRB02KT,11,11
2024-11-15 08:00:00.000,2024,11,15,8,00000KT,11,11
2024-11-15 09:00:00.000,2024,11,15,9,00000KT,11,11
2024-11-15 10:00:00.000,2024,11,15,10,34003KT,11,11
2024-11-15 10:32:00.000,2024,11,15,10,03003KT,10,10
2024-11-15 11:00:00.000,2024,11,15,11,02004KT,10,10
2024-11-15 11:17:00.000,2024,11,15,11,04003KT,10,10
2024-11-15 11:36:00.000,2024,11,15,11,02003KT,10,10
2024-11-15 12:00:00.000,2024,11,15,12,VRB02KT,10,10
2024-11-15 12:32:00.000,2024,11,15,12,04003KT,11,11
2024-11-15 13:00:00.000,2024,11,15,13,05003KT,12,12
2024-11-15 13:15:00.000,2024,11,15,13,VRB03KT,14,14
2024-11-15 14:00:00.000,2024,11,15,14,VRB03KT,15,11
2024-11-15 14:33:00.000,2024,11,15,14,VRB02KT,17,12
2024-11-15 15:00:00.000,2024,11,15,15,01004KT,17,12
2024-11-15 16:00:00.000,2024,11,15,16,03006KT,18,13
2024-11-15 17:00:00.000,2024,11,15,17,05006KT,19,10
2024-11-15 17:24:00.000,2024,11,15,17,03005KT,18,11
2024-11-15 18:00:00.000,2024,11,15,18,20010KT,15,14
2024-11-15 18:10:00.000,2024,11,15,18,26008KT,16,15
2024-11-15 19:00:00.000,2024,11,15,19,27008KT,16,13
2024-11-15 20:00:00.000,2024,11,15,20,36005KT,15,15
2024-11-15 21:00:00.000,2024,11,15,21,30006KT,15,14
2024-11-15 22:00:00.000,2024,11,15,22,31007KT,15,14
2024-11-15 23:00:00.000,2024,11,15,23,30010KT,15,14
2024-11-16 00:00:00.000,2024,11,16,0,29007KT,14,14
2024-11-16 01:00:00.000,2024,11,16,1,33003KT,13,13
2024-11-16 02:00:00.000,2024,11,16,2,34003KT,13,13
2024-11-16 03:00:00.000,2024,11,16,3,VRB02KT,13,13
2024-11-16 04:00:00.000,2024,11,16,4,VRB02KT,13,13
2024-11-16 05:00:00.000,2024,11,16,5,VRB02KT,13,13
2024-11-16 06:00:00.000,2024,11,16,6,03005KT,13,13
2024-11-16 07:00:00.000,2024,11,16,7,06005KT,13,13
2024-11-16 08:00:00.000,2024,11,16,8,04003KT,12,12
2024-11-16 09:00:00.000,2024,11,16,9,VRB02KT,12,12
2024-11-16 10:00:00.000,2024,11,16,10,03003KT,12,12
2024-11-16 10:28:00.000,2024,11,16,10,VRB02KT,12,12
2024-11-16 10:30:00.000,2024,11,16,10,VRB02KT,12,12
2024-11-16 11:00:00.000,2024,11,16,11,VRB02KT,11,11
2024-11-16 12:00:00.000,2024,11,16,12,VRB02KT,12,12
2024-11-16 13:00:00.000,2024,11,16,13,05005KT,15,13
2024-11-16 14:00:00.000,2024,11,16,14,04006KT,16,13
2024-11-16 15:00:00.000,2024,11,16,15,08008KT,18,12
2024-11-16 16:00:00.000,2024,11,16,16,07007KT,17,11
2024-11-16 17:00:00.000,2024,11,16,17,08006KT,18,11
2024-11-16 18:00:00.000,2024,11,16,18,07006KT,18,11
2024-11-16 19:00:00.000,2024,11,16,19,18003KT,18,11
2024-11-16 20:00:00.000,2024,11,16,20,VRB03KT,20,11
2024-11-16 21:00:00.000,2024,11,16,21,33010KT,17,14
2024-11-16 22:00:00.000,2024,11,16,22,21006KT,15,14
2024-11-16 22:20:00.000,2024,11,16,22,28008KT,15,15
2024-11-16 23:00:00.000,2024,11,16,23,28006KT,14,14
2024-11-17 00:00:00.000,2024,11,17,0,30007KT,13,13
2024-11-17 01:00:00.000,2024,11,17,1,32004KT,13,13
2024-11-17 02:00:00.000,2024,11,17,2,VRB03KT,13,13
2024-11-17 03:00:00.000,2024,11,17,3,VRB02KT,13,13
2024-11-17 04:00:00.000,2024,11,17,4,36003KT,12,12
2024-11-17 05:00:00.000,2024,11,17,5,33004KT,12,12
2024-11-17 05:35:00.000,2024,11,17,5,33003KT,11,11
2024-11-17 06:00:00.000,2024,11,17,6,VRB02KT,11,11
2024-11-17 07:00:00.000,2024,11,17,7,00000KT,10,10
2024-11-17 08:00:00.000,2024,11,17,8,04003KT,11,11
2024-11-17 09:00:00.000,2024,11,17,9,00000KT,11,11
2024-11-17 10:00:00.000,2024,11,17,10,04003KT,11,11
2024-11-17 10:30:00.000,2024,11,17,10,05005KT,12,12
2024-11-17 11:00:00.000,2024,11,17,11,05006KT,12,12
2024-11-17 12:00:00.000,2024,11,17,12,06004KT,12,12
2024-11-17 13:00:00.000,2024,11,17,13,04004KT,13,13
2024-11-17 14:00:00.000,2024,11,17,14,05006KT,15,11
2024-11-17 15:00:00.000,2024,11,17,15,05006KT,16,10
2024-11-17 16:00:00.000,2024,11,17,16,09004KT,17,10
2024-11-17 17:00:00.000,2024,11,17,17,08005KT,18,10
2024-11-17 18:00:00.000,2024,11,17,18,04005KT,18,11
2024-11-17 19:00:00.000,2024,11,17,19,36004KT,19,10
2024-11-17 20:00:00.000,2024,11,17,20,05004KT,21,11
2024-11-17 21:00:00.000,2024,11,17,21,VRB02KT,20,09
2024-11-17 22:00:00.000,2024,11,17,22,27009KT,18,13
2024-11-17 23:00:00.000,2024,11,17,23,27008G18KT,15,14
2024-11-17 23:10:00.000,2024,11,17,23,28008KT,14,14
2024-11-18 00:00:00.000,2024,11,18,0,28005KT,14,14
2024-11-18 01:00:00.000,2024,11,18,1,32006KT,14,13
2024-11-18 02:00:00.000,2024,11,18,2,VRB02KT,12,12
2024-11-18 03:00:00.000,2024,11,18,3,29004KT,14,14
2024-11-18 04:00:00.000,2024,11,18,4,28004KT,13,13
2024-11-18 05:00:00.000,2024,11,18,5,00000KT,12,12
2024-11-18 06:00:00.000,2024,11,18,6,VRB02KT,12,12
2024-11-18 07:00:00.000,2024,11,18,7,VRB02KT,12,12
2024-11-18 07:22:00.000,2024,11,18,7,VRB02KT,12,12
2024-11-18 08:00:00.000,2024,11,18,8,VRB02KT,12,12
2024-11-18 09:00:00.000,2024,11,18,9,VRB02KT,09,09
2024-11-18 09:31:00.000,2024,11,18,9,03004KT,10,10
2024-11-18 10:00:00.000,2024,11,18,10,35005KT,10,10
2024-11-18 10:32:00.000,2024,11,18,10,02004KT,11,11
2024-11-18 11:00:00.000,2024,11,18,11,VRB02KT,10,10
2024-11-18 12:00:00.000,2024,11,18,12,VRB02KT,11,11
2024-11-18 13:00:00.000,2024,11,18,13,04004KT,14,12
2024-11-18 14:00:00.000,2024,11,18,14,04005KT,15,12
2024-11-18 15:00:00.000,2024,11,18,15,05005KT,16,11
2024-11-18 16:00:00.000,2024,11,18,16,07003KT,18,10
2024-11-18 17:00:00.000,2024,11,18,17,06005KT,18,10
2024-11-18 18:00:00.000,2024,11,18,18,05008KT,19,09
2024-11-18 19:00:00.000,2024,11,18,19,VRB06KT,21,09
2024-11-18 20:00:00.000,2024,11,18,20,25009KT,20,12
2024-11-18 21:00:00.000,2024,11,18,21,29013KT,18,13
2024-11-18 22:00:00.000,2024,11,18,22,28011KT,16,12
2024-11-18 23:00:00.000,2024,11,18,23,26008KT,15,14
2024-11-19 00:00:00.000,2024,11,19,0,25007G19KT,15,14
2024-11-19 01:00:00.000,2024,11,19,1,24005KT,14,14
2024-11-19 02:00:00.000,2024,11,19,2,26005KT,14,14
2024-11-19 02:24:00.000,2024,11,19,2,25005KT,14,14
2024-11-19 03:00:00.000,2024,11,19,3,VRB02KT,14,14
2024-11-19 03:16:00.000,2024,11,19,3,30006KT,14,14
2024-11-19 04:00:00.000,2024,11,19,4,34005KT,12,12
2024-11-19 05:00:00.000,2024,11,19,5,32004KT,12,12
2024-11-19 06:00:00.000,2024,11,19,6,VRB02KT,12,12
2024-11-19 07:00:00.000,2024,11,19,7,32004KT,12,12
2024-11-19 08:00:00.000,2024,11,19,8,VRB02KT,11,11
2024-11-19 09:00:00.000,2024,11,19,9,00000KT,11,11
2024-11-19 10:00:00.000,2024,11,19,10,01003KT,11,11
2024-11-19 10:31:00.000,2024,11,19,10,00000KT,11,11
2024-11-19 11:00:00.000,2024,11,19,11,00000KT,11,11
2024-11-19 12:00:00.000,2024,11,19,12,VRB02KT,13,13
2024-11-19 13:00:00.000,2024,11,19,13,VRB03KT,16,12
2024-11-19 14:00:00.000,2024,11,19,14,04004KT,17,12
2024-11-19 15:00:00.000,2024,11,19,15,04006KT,18,11
2024-11-19 16:00:00.000,2024,11,19,16,03006KT,18,11
2024-11-19 17:00:00.000,2024,11,19,17,VRB05KT,20,11
2024-11-19 18:00:00.000,2024,11,19,18,03006KT,20,10
2024-11-19 19:00:00.000,2024,11,19,19,27012KT,20,13
2024-11-19 20:00:00.000,2024,11,19,20,27010KT,19,13
2024-11-19 20:30:00.000,2024,11,19,20,26012KT,17,13
2024-11-19 21:00:00.000,2024,11,19,21,24011KT,17,13
2024-11-19 21:05:00.000,2024,11,19,21,24011KT,17,13
2024-11-19 21:25:00.000,2024,11,19,21,24010KT,15,13
2024-11-19 22:00:00.000,2024,11,19,22,24006KT,14,14
2024-11-19 23:00:00.000,2024,11,19,23,24006KT,14,14
2024-11-20 00:00:00.000,2024,11,20,0,VRB02KT,14,14
2024-11-20 01:00:00.000,2024,11,20,1,VRB02KT,13,13
2024-11-20 02:00:00.000,2024,11,20,2,VRB02KT,12,12
2024-11-20 03:00:00.000,2024,11,20,3,VRB02KT,12,12
2024-11-20 04:00:00.000,2024,11,20,4,34004KT,12,12
2024-11-20 05:00:00.000,2024,11,20,5,VRB02KT,12,12
2024-11-20 06:00:00.000,2024,11,20,6,32005KT,12,12
2024-11-20 07:00:00.000,2024,11,20,7,33003KT,12,12
2024-11-20 08:00:00.000,2024,11,20,8,VRB02KT,12,12
2024-11-20 09:00:00.000,2024,11,20,9,VRB02KT,11,11
2024-11-20 10:00:00.000,2024,11,20,10,02003KT,10,10
2024-11-20 10:30:00.000,2024,11,20,10,VRB02KT,10,10
2024-11-20 11:00:00.000,2024,11,20,11,VRB02KT,11,11
2024-11-20 12:00:00.000,2024,11,20,12,34003KT,13,11
2024-11-20 13:00:00.000,2024,11,20,13,VRB02KT,15,14
2024-11-20 14:00:00.000,2024,11,20,14,33003KT,17,14
2024-11-20 15:00:00.000,2024,11,20,15,33005KT,18,13
2024-11-20 16:00:00.000,2024,11,20,16,32007KT,19,14
2024-11-20 17:00:00.000,2024,11,20,17,32008KT,17,13
2024-11-20 18:00:00.000,2024,11,20,18,31009KT,17,13
2024-11-20 19:00:00.000,2024,11,20,19,30009KT,18,15
2024-11-20 20:00:00.000,2024,11,20,20,24012G22KT,17,14
2024-11-20 20:24:00.000,2024,11,20,20,25007KT,15,14
2024-11-20 21:00:00.000,2024,11,20,21,33009KT,14,14
2024-11-20 22:00:00.000,2024,11,20,22,VRB02KT,15,15
2024-11-20 23:00:00.000,2024,11,20,23,VRB02KT,15,14
2024-11-21 00:00:00.000,2024,11,21,0,26004KT,15,14
2024-11-21 01:00:00.000,2024,11,21,1,30004KT,14,14
2024-11-21 02:00:00.000,2024,11,21,2,32004KT,14,14
2024-11-21 02:40:00.000,2024,11,21,2,33006KT,13,13
2024-11-21 03:00:00.000,2024,11,21,3,34006KT,13,13
2024-11-21 04:00:00.000,2024,11,21,4,33004KT,13,13
2024-11-21 05:00:00.000,2024,11,21,5,31004KT,13,13
2024-11-21 06:00:00.000,2024,11,21,6,VRB02KT,13,13
2024-11-21 07:00:00.000,2024,11,21,7,01003KT,12,12
2024-11-21 07:18:00.000,2024,11,21,7,05005KT,12,12
2024-11-21 08:00:00.000,2024,11,21,8,07005KT,12,12
2024-11-21 09:00:00.000,2024,11,21,9,310003KT,12,12
2024-11-21 10:00:00.000,2024,11,21,10,03003KT,12,12
2024-11-21 10:30:00.000,2024,11,21,10,VRB02KT,12,12
2024-11-21 11:00:00.000,2024,11,21,11,VRB02KT,11,11
2024-11-21 12:00:00.000,2024,11,21,12,VRB02KT,12,11
2024-11-21 13:00:00.000,2024,11,21,13,06004KT,13,12
2024-11-21 14:00:00.000,2024,11,21,14,VRB02KT,15,13
2024-11-21 15:00:00.000,2024,11,21,15,05003KT,16,13
2024-11-21 16:00:00.000,2024,11,21,16,03005KT,17,12
2024-11-21 17:00:00.000,2024,11,21,17,03005KT,18,12
2024-11-21 18:00:00.000,2024,11,21,18,15005KT,18,12
2024-11-21 19:00:00.000,2024,11,21,19,20009KT,18,10
2024-11-21 20:00:00.000,2024,11,21,20,24010KT,18,11
2024-11-21 21:00:00.000,2024,11,21,21,28008KT,17,13
2024-11-21 22:00:00.000,2024,11,21,22,30008KT,15,14
2024-11-21 23:00:00.000,2024,11,21,23,27007KT,14,13
2024-11-22 00:00:00.000,2024,11,22,0,VRB04KT,14,14
2024-11-22 01:00:00.000,2024,11,22,1,27004KT,14,14
2024-11-22 02:00:00.000,2024,11,22,2,27004KT,14,14
2024-11-22 03:00:00.000,2024,11,22,3,24004KT,14,13
2024-11-22 04:00:00.000,2024,11,22,4,23005KT,14,13
2024-11-22 05:00:00.000,2024,11,22,5,VRB03KT,14,13
2024-11-22 06:00:00.000,2024,11,22,6,31003KT,13,13
2024-11-22 07:00:00.000,2024,11,22,7,VRB02KT,13,13
2024-11-22 08:00:00.000,2024,11,22,8,VRB02KT,12,12
2024-11-22 09:00:00.000,2024,11,22,9,VRB02KT,13,13
2024-11-22 10:00:00.000,2024,11,22,10,05003KT,12,12
2024-11-22 10:30:00.000,2024,11,22,10,VRB02KT,12,12
2024-11-22 11:00:00.000,2024,11,22,11,01003KT,12,12
2024-11-22 12:00:00.000,2024,11,22,12,VRB03KT,13,13
2024-11-22 13:00:00.000,2024,11,22,13,07005KT,14,13
2024-11-22 14:00:00.000,2024,11,22,14,04004KT,16,12
2024-11-22 15:00:00.000,2024,11,22,15,VRB04KT,18,11
2024-11-22 16:00:00.000,2024,11,22,16,04004KT,18,10
2024-11-22 17:00:00.000,2024,11,22,17,VRB03KT,19,10
2024-11-22 18:00:00.000,2024,11,22,18,13006KT,18,10
2024-11-22 18:40:00.000,2024,11,22,18,28010KT,16,16
2024-11-22 19:00:00.000,2024,11,22,19,28010KT,16,16
2024-11-22 20:00:00.000,2024,11,22,20,31009KT,15,15
2024-11-22 21:00:00.000,2024,11,22,21,02005KT,14,14
2024-11-22 22:00:00.000,2024,11,22,22,VRB02KT,14,14
2024-11-22 23:00:00.000,2024,11,22,23,35003KT,14,14
2024-11-23 00:00:00.000,2024,11,23,0,23005KT,14,13
2024-11-23 01:00:00.000,2024,11,23,1,02004KT,13,13
2024-11-23 02:00:00.000,2024,11,23,2,01004KT,13,13
2024-11-23 03:00:00.000,2024,11,23,3,36004KT,13,13
2024-11-23 04:00:00.000,2024,11,23,4,VRB02KT,13,13
2024-11-23 05:00:00.000,2024,11,23,5,VRB02KT,13,13
2024-11-23 06:00:00.000,2024,11,23,6,VRB02KT,12,12
2024-11-23 07:00:00.000,2024,11,23,7,32003KT,13,13
2024-11-23 08:00:00.000,2024,11,23,8,30003KT,12,12
2024-11-23 08:10:00.000,2024,11,23,8,27004KT,12,12
2024-11-23 09:00:00.000,2024,11,23,9,28004KT,12,12
2024-11-23 10:00:00.000,2024,11,23,10,22004KT,12,12
2024-11-23 10:30:00.000,2024,11,23,10,VRB02KT,12,12
2024-11-23 11:00:00.000,2024,11,23,11,VRB02KT,12,12
2024-11-23 12:00:00.000,2024,11,23,12,00000KT,13,13
2024-11-23 13:00:00.000,2024,11,23,13,02003KT,14,14
2024-11-23 14:00:00.000,2024,11,23,14,03004KT,15,14
2024-11-23 15:00:00.000,2024,11,23,15,05005KT,17,13
2024-11-23 16:00:00.000,2024,11,23,16,10006KT,17,11
2024-11-23 17:00:00.000,2024,11,23,17,20007KT,18,11
2024-11-23 18:00:00.000,2024,11,23,18,29012KT,18,13
2024-11-23 19:00:00.000,2024,11,23,19,25009KT,17,14
2024-11-23 19:10:00.000,2024,11,23,19,25006KT,14,14
2024-11-23 20:00:00.000,2024,11,23,20,27009KT,14,14
2024-11-23 20:33:00.000,2024,11,23,20,28004KT,14,14
2024-11-23 21:00:00.000,2024,11,23,21,VRB02KT,14,14
2024-11-23 22:00:00.000,2024,11,23,22,03003KT,15,15
2024-11-23 23:00:00.000,2024,11,23,23,06005KT,15,13
2024-11-24 00:00:00.000,2024,11,24,0,VRB04KT,14,13
2024-11-24 01:00:00.000,2024,11,24,1,05007KT,14,13
2024-11-24 02:00:00.000,2024,11,24,2,04009KT,13,12
2024-11-24 03:00:00.000,2024,11,24,3,06006KT,12,11
2024-11-24 04:00:00.000,2024,11,24,4,06006KT,12,11
2024-11-24 05:00:00.000,2024,11,24,5,06005KT,12,11
2024-11-24 06:00:00.000,2024,11,24,6,03003KT,12,11
2024-11-24 07:00:00.000,2024,11,24,7,00000KT,12,11
2024-11-24 08:00:00.000,2024,11,24,8,04003KT,11,11
2024-11-24 09:00:00.000,2024,11,24,9,00000KT,10,10
2024-11-24 10:00:00.000,2024,11,24,10,VRB02KT,10,10
2024-11-24 10:30:00.000,2024,11,24,10,VRB02KT,09,09
2024-11-24 11:00:00.000,2024,11,24,11,00000KT,09,09
2024-11-24 11:38:00.000,2024,11,24,11,VRB02KT,11,11
2024-11-24 12:00:00.000,2024,11,24,12,VRB02KT,10,10
2024-11-24 12:24:00.000,2024,11,24,12,04005KT,12,11
2024-11-24 13:00:00.000,2024,11,24,13,03005KT,13,11
2024-11-24 14:00:00.000,2024,11,24,14,VRB03KT,15,12
2024-11-24 15:00:00.000,2024,11,24,15,VRB03KT,17,12
2024-11-24 16:00:00.000,2024,11,24,16,13009KT,18,09
2024-11-24 17:00:00.000,2024,11,24,17,13011KT,19,09
2024-11-24 18:00:00.000,2024,11,24,18,15014KT,18,09
2024-11-24 19:00:00.000,2024,11,24,19,13008KT,18,09
2024-11-24 20:00:00.000,2024,11,24,20,14006KT,18,09
2024-11-24 21:00:00.000,2024,11,24,21,16012KT,19,09
2024-11-24 22:00:00.000,2024,11,24,22,12006KT,18,09
2024-11-24 23:00:00.000,2024,11,24,23,14011KT,16,09
2024-11-25 00:00:00.000,2024,11,25,0,13008KT,15,09
2024-11-25 01:00:00.000,2024,11,25,1,04005KT,13,10
2024-11-25 02:00:00.000,2024,11,25,2,11005KT,14,11
2024-11-25 03:00:00.000,2024,11,25,3,04005KT,10,09
2024-11-25 04:00:00.000,2024,11,25,4,36003KT,10,10
2024-11-25 05:00:00.000,2024,11,25,5,VRB02KT,10,10
2024-11-25 06:00:00.000,2024,11,25,6,VRB02KT,09,09
2024-11-25 07:00:00.000,2024,11,25,7,VRB02KT,08,08
2024-11-25 08:00:00.000,2024,11,25,8,VRB01KT,08,08
2024-11-25 09:00:00.000,2024,11,25,9,03004KT,08,08
2024-11-25 10:00:00.000,2024,11,25,10,VRB02KT,08,08
2024-11-25 10:30:00.000,2024,11,25,10,VRB02KT,08,07
2024-11-25 11:00:00.000,2024,11,25,11,VRB02KT,09,08
2024-11-25 12:00:00.000,2024,11,25,12,VRB02KT,11,10
2024-11-25 13:00:00.000,2024,11,25,13,02003KT,15,12
2024-11-25 14:00:00.000,2024,11,25,14,07007KT,17,11
2024-11-25 15:00:00.000,2024,11,25,15,07008KT,19,11
2024-11-25 16:00:00.000,2024,11,25,16,14016KT,20,09
2024-11-25 17:00:00.000,2024,11,25,17,09011KT,20,10
2024-11-25 18:00:00.000,2024,11,25,18,09010KT,20,10
2024-11-25 19:00:00.000,2024,11,25,19,09008KT,20,09
2024-11-25 20:00:00.000,2024,11,25,20,09011KT,19,09
2024-11-25 21:00:00.000,2024,11,25,21,12011KT,20,08
2024-11-25 22:00:00.000,2024,11,25,22,11006KT,19,08
2024-11-25 23:00:00.000,2024,11,25,23,08004KT,17,09
2024-11-26 00:00:00.000,2024,11,26,0,33004KT,13,13
2024-11-26 01:00:00.000,2024,11,26,1,28003KT,13,13
2024-11-26 02:00:00.000,2024,11,26,2,00000KT,12,12
2024-11-26 03:00:00.000,2024,11,26,3,VRB02KT,10,10
2024-11-26 04:00:00.000,2024,11,26,4,00000KT,10,10
2024-11-26 05:00:00.000,2024,11,26,5,35003KT,09,09
2024-11-26 06:00:00.000,2024,11,26,6,VRB02KT,08,08
2024-11-26 07:00:00.000,2024,11,26,7,VRB02KT,08,08
2024-11-26 08:00:00.000,2024,11,26,8,VRB02KT,07,07
2024-11-26 09:00:00.000,2024,11,26,9,35003KT,06,06
2024-11-26 10:00:00.000,2024,11,26,10,VRB02KT,08,08
2024-11-26 10:30:00.000,2024,11,26,10,03003KT,08,08
2024-11-26 11:00:00.000,2024,11,26,11,29003KT,08,08
2024-11-26 12:00:00.000,2024,11,26,12,01004KT,09,09
2024-11-26 12:18:00.000,2024,11,26,12,03006KT,10,10
2024-11-26 13:00:00.000,2024,11,26,13,02004KT,11,11
2024-11-26 14:00:00.000,2024,11,26,14,03005KT,14,12
2024-11-26 15:00:00.000,2024,11,26,15,06008KT,18,10
2024-11-26 16:00:00.000,2024,11,26,16,06013KT,18,11
2024-11-26 17:00:00.000,2024,11,26,17,01007KT,19,10
2024-11-26 18:00:00.000,2024,11,26,18,11006KT,20,08
2024-11-26 19:00:00.000,2024,11,26,19,05007KT,20,09
2024-11-26 20:00:00.000,2024,11,26,20,23008KT,18,12
2024-11-26 21:00:00.000,2024,11,26,21,26008KT,20,12
2024-11-26 22:00:00.000,2024,11,26,22,34004KT,17,14
2024-11-26 23:00:00.000,2024,11,26,23,31008KT,15,13
2024-11-27 00:00:00.000,2024,11,27,0,31007KT,14,13
2024-11-27 01:00:00.000,2024,11,27,1,22003KT,14,14
2024-11-27 02:00:00.000,2024,11,27,2,36003KT,12,12
2024-11-27 03:00:00.000,2024,11,27,3,35004KT,11,11
2024-11-27 04:00:00.000,2024,11,27,4,VRB02KT,11,11
2024-11-27 05:00:00.000,2024,11,27,5,VRB02KT,09,09
2024-11-27 06:00:00.000,2024,11,27,6,VRB02KT,09,09
2024-11-27 07:00:00.000,2024,11,27,7,34003KT,08,08
2024-11-27 08:00:00.000,2024,11,27,8,00000KT,10,10
2024-11-27 09:00:00.000,2024,11,27,9,VRB02KT,09,09
2024-11-27 10:00:00.000,2024,11,27,10,30003KT,09,09
2024-11-27 10:30:00.000,2024,11,27,10,00000KT,09,09
2024-11-27 11:00:00.000,2024,11,27,11,00000KT,09,09
2024-11-27 11:18:00.000,2024,11,27,11,VRB02KT,09,09
2024-11-27 12:00:00.000,2024,11,27,12,04003KT,10,10
2024-11-27 13:00:00.000,2024,11,27,13,35003KT,12,11
2024-11-27 14:00:00.000,2024,11,27,14,06006KT,15,12
2024-11-27 14:28:00.000,2024,11,27,14,04005KT,17,11
2024-11-27 15:00:00.000,2024,11,27,15,02004KT,19,10
2024-11-27 16:00:00.000,2024,11,27,16,08004KT,19,08
2024-11-27 17:00:00.000,2024,11,27,17,03005KT,20,09
2024-11-27 18:00:00.000,2024,11,27,18,23013KT,20,12
2024-11-27 19:00:00.000,2024,11,27,19,25012KT,20,12
2024-11-27 19:28:00.000,2024,11,27,19,20011G23KT,18,12
2024-11-27 20:00:00.000,2024,11,27,20,04012KT,12,12
2024-11-27 20:15:00.000,2024,11,27,20,32010KT,12,12
2024-11-27 21:00:00.000,2024,11,27,21,34003KT,14,12
2024-11-27 22:00:00.000,2024,11,27,22,36003KT,16,12
2024-11-27 23:00:00.000,2024,11,27,23,33004KT,13,13
2024-11-28 00:00:00.000,2024,11,28,0,29004KT,13,12
2024-11-28 01:00:00.000,2024,11,28,1,03004KT,12,12
2024-11-28 02:00:00.000,2024,11,28,2,02004KT,12,12
2024-11-28 03:00:00.000,2024,11,28,3,03005KT,11,11
2024-11-28 04:00:00.000,2024,11,28,4,35004KT,09,09
2024-11-28 05:00:00.000,2024,11,28,5,32003KT,09,09
2024-11-28 06:00:00.000,2024,11,28,6,00000KT,09,09
2024-11-28 07:00:00.000,2024,11,28,7,VRB02KT,09,09
2024-11-28 08:00:00.000,2024,11,28,8,33004KT,10,10
2024-11-28 09:00:00.000,2024,11,28,9,VRB02KT,09,09
2024-11-28 10:00:00.000,2024,11,28,10,05004KT,09,09
2024-11-28 10:30:00.000,2024,11,28,10,34004KT,09,09
2024-11-28 11:00:00.000,2024,11,28,11,01004KT,08,08
2024-11-28 12:00:00.000,2024,11,28,12,VRB02KT,11,10
2024-11-28 12:22:00.000,2024,11,28,12,04005KT,13,12
2024-11-28 13:00:00.000,2024,11,28,13,07004KT,15,11
2024-11-28 14:00:00.000,2024,11,28,14,05006KT,16,11
2024-11-28 15:00:00.000,2024,11,28,15,05007KT,16,11
2024-11-28 16:00:00.000,2024,11,28,16,11010KT,18,09
2024-11-28 17:00:00.000,2024,11,28,17,04010KT,18,10
2024-11-28 18:00:00.000,2024,11,28,18,05011KT,16,10
2024-11-28 18:16:00.000,2024,11,28,18,09010KT,15,11
2024-11-28 19:00:00.000,2024,11,28,19,12008KT,17,12
2024-11-28 20:00:00.000,2024,11,28,20,12006KT,18,08
2024-11-28 21:00:00.000,2024,11,28,21,11011KT,18,09
2024-11-28 22:00:00.000,2024,11,28,22,15005KT,19,10
2024-11-28 23:00:00.000,2024,11,28,23,06004KT,16,09
2024-11-29 00:00:00.000,2024,11,29,0,04005KT,13,11
2024-11-29 01:00:00.000,2024,11,29,1,06005KT,15,12
2024-11-29 02:00:00.000,2024,11,29,2,06005KT,13,11
2024-11-29 03:00:00.000,2024,11,29,3,05007KT,12,11
2024-11-29 04:00:00.000,2024,11,29,4,01004KT,12,11
2024-11-29 05:00:00.000,2024,11,29,5,06004KT,11,11
2024-11-29 06:00:00.000,2024,11,29,6,05005KT,11,11
2024-11-29 07:00:00.000,2024,11,29,7,29003KT,12,11
2024-11-29 08:00:00.000,2024,11,29,8,05005KT,11,11
2024-11-29 09:00:00.000,2024,11,29,9,07003KT,11,11
2024-11-29 10:00:00.000,2024,11,29,10,05003KT,12,12
2024-11-29 10:30:00.000,2024,11,29,10,04005KT,11,11
2024-11-29 11:00:00.000,2024,11,29,11,04005KT,12,12
2024-11-29 12:00:00.000,2024,11,29,12,06005KT,13,13
2024-11-29 13:00:00.000,2024,11,29,13,06006KT,14,13
2024-11-29 14:00:00.000,2024,11,29,14,05008KT,15,13
2024-11-29 15:00:00.000,2024,11,29,15,13010KT,18,09
2024-11-29 16:00:00.000,2024,11,29,16,11009KT,17,08
2024-11-29 17:00:00.000,2024,11,29,17,12008KT,17,09
2024-11-29 18:00:00.000,2024,11,29,18,12009KT,17,08
2024-11-29 19:00:00.000,2024,11,29,19,12008KT,17,08
2024-11-29 20:00:00.000,2024,11,29,20,16011KT,17,08
2024-11-29 21:00:00.000,2024,11,29,21,15012KT,17,09
2024-11-29 22:00:00.000,2024,11,29,22,16008KT,17,08
2024-11-29 23:00:00.000,2024,11,29,23,12008KT,16,08
2024-11-30 00:00:00.000,2024,11,30,0,12006KT,15,08
2024-11-30 01:00:00.000,2024,11,30,1,05005KT,12,09
2024-11-30 02:00:00.000,2024,11,30,2,04005KT,10,09
2024-11-30 03:00:00.000,2024,11,30,3,02003KT,10,10
2024-11-30 04:00:00.000,2024,11,30,4,VRB02KT,09,09
2024-11-30 05:00:00.000,2024,11,30,5,VRB02KT,10,10
2024-11-30 06:00:00.000,2024,11,30,6,02003KT,09,09
2024-11-30 07:00:00.000,2024,11,30,7,32003KT,10,10
2024-11-30 08:00:00.000,2024,11,30,8,00000KT,09,09
2024-11-30 09:00:00.000,2024,11,30,9,05008KT,09,09
2024-11-30 10:00:00.000,2024,11,30,10,07010KT,09,09
2024-11-30 10:30:00.000,2024,11,30,10,08006KT,09,09
2024-11-30 11:00:00.000,2024,11,30,11,08006KT,09,09
2024-11-30 12:00:00.000,2024,11,30,12,06005KT,12,10
2024-11-30 16:00:00.000,2024,11,30,16,13012KT,20,09
2024-11-30 17:00:00.000,2024,11,30,17,13013KT,20,09
2024-11-30 18:00:00.000,2024,11,30,18,12012KT,19,09
2024-11-30 19:00:00.000,2024,11,30,19,18010KT,18,09
2024-11-30 20:00:00.000,2024,11,30,20,13008KT,18,09
2024-11-30 21:00:00.000,2024,11,30,21,10008KT,17,09
2024-11-30 22:00:00.000,2024,11,30,22,09004KT,17,09
2024-11-30 23:00:00.000,2024,11,30,23,13005KT,16,09
2024-12-01 00:00:00.000,2024,12,1,0,10006KT,16,10
2024-12-01 01:00:00.000,2024,12,1,1,11005KT,15,10
2024-12-01 02:00:00.000,2024,12,1,2,VRB02KT,13,10
2024-12-01 03:00:00.000,2024,12,1,3,01004KT,11,10
2024-12-01 04:00:00.000,2024,12,1,4,02004KT,09,09
2024-12-01 05:00:00.000,2024,12,1,5,VRB02KT,10,10
2024-12-01 06:00:00.000,2024,12,1,6,02004KT,09,09
2024-12-01 07:00:00.000,2024,12,1,7,03003KT,10,10
2024-12-01 08:00:00.000,2024,12,1,8,VRB02KT,11,11
2024-12-01 09:00:00.000,2024,12,1,9,VRB02KT,11,11
2024-12-01 10:00:00.000,2024,12,1,10,VRB02KT,11,11
2024-12-01 10:30:00.000,2024,12,1,10,04003KT,11,11
2024-12-01 11:00:00.000,2024,12,1,11,02004KT,10,10
2024-12-01 12:00:00.000,2024,12,1,12,VRB02KT,13,11
2024-12-01 12:30:00.000,2024,12,1,12,06005KT,15,11
2024-12-01 13:00:00.000,2024,12,1,13,11008KT,16,11
2024-12-01 14:00:00.000,2024,12,1,14,22007KT,17,10
2024-12-01 15:00:00.000,2024,12,1,15,13013KT,18,08
2024-12-01 16:00:00.000,2024,12,1,16,14014KT,18,09
2024-12-01 17:00:00.000,2024,12,1,17,14009KT,19,10
2024-12-01 18:00:00.000,2024,12,1,18,14010KT,19,09
2024-12-01 19:00:00.000,2024,12,1,19,VRB03KT,19,09
2024-12-01 20:00:00.000,2024,12,1,20,18008KT,19,09
2024-12-01 21:00:00.000,2024,12,1,21,04006KT,19,09
2024-12-01 22:00:00.000,2024,12,1,22,03006KT,17,11
2024-12-01 23:00:00.000,2024,12,1,23,29004KT,16,11
2024-12-02 00:00:00.000,2024,12,2,0,VRB02KT,13,12
2024-12-02 01:00:00.000,2024,12,2,1,34004KT,12,12
2024-12-02 02:00:00.000,2024,12,2,2,VRB02KT,12,11
2024-12-02 03:00:00.000,2024,12,2,3,33003KT,11,11
2024-12-02 04:00:00.000,2024,12,2,4,VRB02KT,11,11
2024-12-02 05:00:00.000,2024,12,2,5,04004KT,10,10
2024-12-02 06:00:00.000,2024,12,2,6,VRB02KT,11,11
2024-12-02 07:00:00.000,2024,12,2,7,VRB02KT,11,11
2024-12-02 08:00:00.000,2024,12,2,8,VRB02KT,11,11
2024-12-02 09:00:00.000,2024,12,2,9,VRB02KT,12,12
2024-12-02 10:00:00.000,2024,12,2,10,VRB02KT,12,11
2024-12-02 10:30:00.000,2024,12,2,10,VRB02KT,10,09
2024-12-02 11:00:00.000,2024,12,2,11,VRB02KT,10,10
2024-12-02 12:00:00.000,2024,12,2,12,00000KT,13,12
2024-12-02 13:00:00.000,2024,12,2,13,04005KT,15,12
2024-12-02 14:00:00.000,2024,12,2,14,04007KT,17,13
2024-12-02 15:00:00.000,2024,12,2,15,06006G16KT,19,10
2024-12-02 16:00:00.000,2024,12,2,16,VRB09KT,19,09
2024-12-02 17:00:00.000,2024,12,2,17,08006KT,20,09
2024-12-02 18:00:00.000,2024,12,2,18,11009KT,21,07
2024-12-02 19:00:00.000,2024,12,2,19,30006KT,20,12
2024-12-02 20:00:00.000,2024,12,2,20,29013KT,18,12
2024-12-02 20:25:00.000,2024,12,2,20,26009KT,18,13
2024-12-02 21:00:00.000,2024,12,2,21,27008KT,18,13
2024-12-02 21:23:00.000,2024,12,2,21,29008KT,16,14
2024-12-02 22:00:00.000,2024,12,2,22,28009KT,16,15
2024-12-02 23:00:00.000,2024,12,2,23,25003KT,16,15
2024-12-03 00:00:00.000,2024,12,3,0,29003KT,14,14
2024-12-03 01:00:00.000,2024,12,3,1,29005KT,14,14
2024-12-03 02:00:00.000,2024,12,3,2,27003KT,15,14
2024-12-03 03:00:00.000,2024,12,3,3,VRB02KT,14,14
2024-12-03 04:00:00.000,2024,12,3,4,34003KT,12,12
2024-12-03 05:00:00.000,2024,12,3,5,VRB02KT,12,12
2024-12-03 06:00:00.000,2024,12,3,6,05003KT,12,12
2024-12-03 07:00:00.000,2024,12,3,7,34004KT,10,10
2024-12-03 08:00:00.000,2024,12,3,8,VRB01KT,11,11
2024-12-03 09:00:00.000,2024,12,3,9,34003KT,09,09
2024-12-03 10:00:00.000,2024,12,3,10,31004KT,10,10
2024-12-03 10:29:00.000,2024,12,3,10,04004KT,08,08
2024-12-03 11:00:00.000,2024,12,3,11,04004KT,09,09
2024-12-03 11:33:00.000,2024,12,3,11,36004KT,09,09
2024-12-03 12:00:00.000,2024,12,3,12,34004KT,10,10
2024-12-03 12:23:00.000,2024,12,3,12,03005KT,11,11
2024-12-03 13:00:00.000,2024,12,3,13,03004KT,12,12
2024-12-03 14:00:00.000,2024,12,3,14,33003KT,16,12
2024-12-03 15:00:00.000,2024,12,3,15,03005KT,17,12
2024-12-03 16:00:00.000,2024,12,3,16,03006KT,19,11
2024-12-03 17:00:00.000,2024,12,3,17,02008KT,21,09
2024-12-03 18:00:00.000,2024,12,3,18,24005G18KT,19,12
2024-12-03 19:00:00.000,2024,12,3,19,24011KT,19,13
2024-12-03 20:00:00.000,2024,12,3,20,31008KT,17,14
2024-12-03 21:00:00.000,2024,12,3,21,27007KT,17,13
2024-12-03 22:00:00.000,2024,12,3,22,26006KT,17,14
2024-12-03 23:00:00.000,2024,12,3,23,26005KT,16,15
2024-12-04 00:00:00.000,2024,12,4,0,VRB03KT,14,14
2024-12-04 01:00:00.000,2024,12,4,1,30006KT,14,14
2024-12-04 02:00:00.000,2024,12,4,2,32003KT,13,13
2024-12-04 03:00:00.000,2024,12,4,3,VRB02KT,14,14
2024-12-04 04:00:00.000,2024,12,4,4,VRB02KT,12,12
2024-12-04 05:00:00.000,2024,12,4,5,35003KT,10,10
2024-12-04 06:00:00.000,2024,12,4,6,VRB02KT,11,11
2024-12-04 07:00:00.000,2024,12,4,7,VRB02KT,12,12
2024-12-04 08:00:00.000,2024,12,4,8,VRB02KT,11,11
2024-12-04 09:00:00.000,2024,12,4,9,VRB02KT,11,11
2024-12-04 10:00:00.000,2024,12,4,10,36003KT,10,10
2024-12-04 10:30:00.000,2024,12,4,10,35003KT,10,10
2024-12-04 11:00:00.000,2024,12,4,11,VRB02KT,09,09
2024-12-04 12:00:00.000,2024,12,4,12,04003KT,09,09
2024-12-04 12:33:00.000,2024,12,4,12,05004KT,14,13
2024-12-04 13:00:00.000,2024,12,4,13,05005KT,15,11
2024-12-04 14:00:00.000,2024,12,4,14,VRB03KT,18,10
2024-12-04 15:00:00.000,2024,12,4,15,06005KT,19,10
2024-12-04 16:00:00.000,2024,12,4,16,06005KT,20,10
2024-12-04 17:00:00.000,2024,12,4,17,01005KT,20,09
2024-12-04 18:00:00.000,2024,12,4,18,18006KT,21,11
2024-12-04 19:00:00.000,2024,12,4,19,31010KT,19,13
2024-12-04 20:00:00.000,2024,12,4,20,29012KT,18,12
2024-12-04 21:00:00.000,2024,12,4,21,29011KT,17,13
2024-12-04 22:00:00.000,2024,12,4,22,29011KT,16,13
2024-12-04 23:00:00.000,2024,12,4,23,26008KT,15,14
2024-12-05 00:00:00.000,2024,12,5,0,24005KT,15,15
2024-12-05 01:00:00.000,2024,12,5,1,24003KT,14,14
2024-12-05 02:00:00.000,2024,12,5,2,22003KT,14,14
2024-12-05 03:00:00.000,2024,12,5,3,34003KT,12,12
2024-12-05 04:00:00.000,2024,12,5,4,02003KT,12,12
2024-12-05 05:00:00.000,2024,12,5,5,VRB02KT,13,13
2024-12-05 06:00:00.000,2024,12,5,6,05003KT,11,11
2024-12-05 07:00:00.000,2024,12,5,7,04004KT,11,11
2024-12-05 08:00:00.000,2024,12,5,8,07005KT,11,11
2024-12-05 09:00:00.000,2024,12,5,9,03003KT,10,10
2024-12-05 10:00:00.000,2024,12,5,10,VRB02KT,09,09
2024-12-05 10:30:00.000,2024,12,5,10,05004KT,09,09
2024-12-05 11:00:00.000,2024,12,5,11,04004KT,08,08
2024-12-05 11:14:00.000,2024,12,5,11,07005KT,09,09
2024-12-05 12:00:00.000,2024,12,5,12,06004KT,11,11
2024-12-05 13:00:00.000,2024,12,5,13,05005KT,14,11
2024-12-05 14:00:00.000,2024,12,5,14,05005KT,16,11
2024-12-05 15:00:00.000,2024,12,5,15,06004KT,18,09
2024-12-05 16:00:00.000,2024,12,5,16,VRB03KT,20,11
2024-12-05 17:00:00.000,2024,12,5,17,30008KT,20,08
2024-12-05 18:00:00.000,2024,12,5,18,29012KT,20,12
2024-12-05 19:00:00.000,2024,12,5,19,27013KT,19,12
2024-12-05 20:00:00.000,2024,12,5,20,28011KT,18,12
2024-12-05 21:00:00.000,2024,12,5,21,25010G20KT,18,13
2024-12-05 22:00:00.000,2024,12,5,22,31005KT,16,12
2024-12-05 23:00:00.000,2024,12,5,23,VRB02KT,15,14
2024-12-06 00:00:00.000,2024,12,6,0,29004KT,15,12
2024-12-06 01:00:00.000,2024,12,6,1,32006KT,14,13
2024-12-06 02:00:00.000,2024,12,6,2,30006KT,14,14
2024-12-06 03:00:00.000,2024,12,6,3,28003KT,14,13
2024-12-06 04:00:00.000,2024,12,6,4,VRB03KT,13,13
2024-12-06 05:00:00.000,2024,12,6,5,28004KT,14,13
2024-12-06 06:00:00.000,2024,12,6,6,VRB02KT,12,12
2024-12-06 07:00:00.000,2024,12,6,7,VRB02KT,11,11
2024-12-06 08:00:00.000,2024,12,6,8,VRB02KT,11,11
2024-12-06 09:00:00.000,2024,12,6,9,VRB02KT,11,11
2024-12-06 10:00:00.000,2024,12,6,10,VRB02KT,09,09
2024-12-06 10:30:00.000,2024,12,6,10,VRB02KT,10,10
2024-12-06 11:00:00.000,2024,12,6,11,VRB02KT,10,10
2024-12-06 12:00:00.000,2024,12,6,12,VRB02KT,10,10
2024-12-06 13:00:00.000,2024,12,6,13,36003KT,13,12
2024-12-06 14:00:00.000,2024,12,6,14,VRB02KT,15,12
2024-12-06 15:00:00.000,2024,12,6,15,VRB02KT,18,11
2024-12-06 16:00:00.000,2024,12,6,16,VRB04KT,19,11
2024-12-06 17:00:00.000,2024,12,6,17,26006KT,20,11
2024-12-06 18:00:00.000,2024,12,6,18,30013KT,19,12
2024-12-06 19:00:00.000,2024,12,6,19,30012KT,18,11
2024-12-06 20:00:00.000,2024,12,6,20,28011KT,19,12
2024-12-06 20:37:00.000,2024,12,6,20,24011KT,17,12
2024-12-06 21:00:00.000,2024,12,6,21,24010KT,16,13
2024-12-06 21:34:00.000,2024,12,6,21,28008KT,15,15
2024-12-06 22:00:00.000,2024,12,6,22,24006KT,15,15
2024-12-06 23:00:00.000,2024,12,6,23,30007KT,15,14
2024-12-07 00:00:00.000,2024,12,7,0,30009KT,14,13
2024-12-07 01:00:00.000,2024,12,7,1,30009KT,14,13
2024-12-07 02:00:00.000,2024,12,7,2,30007KT,13,13
2024-12-07 03:00:00.000,2024,12,7,3,31005KT,12,12
2024-12-07 04:00:00.000,2024,12,7,4,25004KT,13,12
2024-12-07 05:00:00.000,2024,12,7,5,00000KT,11,10
2024-12-07 06:00:00.000,2024,12,7,6,VRB02KT,10,10
2024-12-07 07:00:00.000,2024,12,7,7,29003KT,09,09
2024-12-07 08:00:00.000,2024,12,7,8,34005KT,08,08
2024-12-07 09:00:00.000,2024,12,7,9,VRB02KT,09,09
2024-12-07 10:00:00.000,2024,12,7,10,34004KT,08,08
2024-12-07 10:33:00.000,2024,12,7,10,VRB02KT,08,08
2024-12-07 11:00:00.000,2024,12,7,11,VRB02KT,09,09
2024-12-07 12:00:00.000,2024,12,7,12,VRB02KT,11,11
2024-12-07 12:26:00.000,2024,12,7,12,33004KT,11,11
2024-12-07 13:00:00.000,2024,12,7,13,36003KT,14,13
2024-12-07 14:00:00.000,2024,12,7,14,01005KT,16,12
2024-12-07 15:00:00.000,2024,12,7,15,VRB04KT,18,12
2024-12-07 16:00:00.000,2024,12,7,16,05003KT,20,11
2024-12-07 17:00:00.000,2024,12,7,17,VRB05KT,20,10
2024-12-07 18:00:00.000,2024,12,7,18,28008KT,20,12
2024-12-07 19:00:00.000,2024,12,7,19,29013KT,20,13
2024-12-07 20:00:00.000,2024,12,7,20,27015KT,18,12
2024-12-07 21:00:00.000,2024,12,7,21,27012KT,17,12
2024-12-07 22:00:00.000,2024,12,7,22,27009KT,16,11
2024-12-07 23:00:00.000,2024,12,7,23,31008KT,15,12
2024-12-08 00:00:00.000,2024,12,8,0,31007KT,14,13
2024-12-08 01:00:00.000,2024,12,8,1,31007KT,13,13
2024-12-08 02:00:00.000,2024,12,8,2,27004KT,14,12
2024-12-08 03:00:00.000,2024,12,8,3,30006KT,14,13
2024-12-08 04:00:00.000,2024,12,8,4,27003KT,14,12
2024-12-08 05:00:00.000,2024,12,8,5,00000KT,13,13
2024-12-08 06:00:00.000,2024,12,8,6,VRB02KT,13,13
2024-12-08 07:00:00.000,2024,12,8,7,33003KT,11,11
2024-12-08 08:00:00.000,2024,12,8,8,32003KT,11,11
2024-12-08 09:00:00.000,2024,12,8,9,VRB02KT,10,10
2024-12-08 10:00:00.000,2024,12,8,10,33003KT,10,10
2024-12-08 10:30:00.000,2024,12,8,10,VRB02KT,11,11
2024-12-08 11:00:00.000,2024,12,8,11,VRB02KT,11,11
2024-12-08 12:00:00.000,2024,12,8,12,03003KT,12,11
2024-12-08 13:00:00.000,2024,12,8,13,02004KT,15,12
2024-12-08 14:00:00.000,2024,12,8,14,05003KT,17,10
2024-12-08 15:00:00.000,2024,12,8,15,31003KT,18,10
2024-12-08 16:00:00.000,2024,12,8,16,VRB02KT,19,08
2024-12-08 17:00:00.000,2024,12,8,17,34003KT,20,09
2024-12-08 18:00:00.000,2024,12,8,18,VRB04KT,21,10
2024-12-08 19:00:00.000,2024,12,8,19,22006KT,21,10
2024-12-08 20:00:00.000,2024,12,8,20,25012G22KT,20,13
2024-12-08 21:00:00.000,2024,12,8,21,27010KT,18,13
2024-12-08 22:00:00.000,2024,12,8,22,30008KT,17,12
2024-12-08 23:00:00.000,2024,12,8,23,29006KT,15,13
2024-12-09 00:00:00.000,2024,12,9,0,VRB03KT,15,13
2024-12-09 01:00:00.000,2024,12,9,1,VRB03KT,14,13
2024-12-09 02:00:00.000,2024,12,9,2,33004KT,14,14
2024-12-09 03:00:00.000,2024,12,9,3,32004KT,14,13
2024-12-09 04:00:00.000,2024,12,9,4,03003KT,12,11
2024-12-09 05:00:00.000,2024,12,9,5,03003KT,10,10
2024-12-09 06:00:00.000,2024,12,9,6,VRB02KT,11,11
2024-12-09 07:00:00.000,2024,12,9,7,VRB02KT,12,12
2024-12-09 08:00:00.000,2024,12,9,8,VRB02KT,08,08
2024-12-09 09:00:00.000,2024,12,9,9,03004KT,10,10
2024-12-09 10:00:00.000,2024,12,9,10,VRB02KT,11,11
2024-12-09 10:30:00.000,2024,12,9,10,03003KT,09,09
2024-12-09 11:00:00.000,2024,12,9,11,VRB02KT,10,10
2024-12-09 12:00:00.000,2024,12,9,12,VRB02KT,11,11
2024-12-09 13:00:00.000,2024,12,9,13,01004KT,14,13
2024-12-09 14:00:00.000,2024,12,9,14,36003KT,15,12
2024-12-09 15:00:00.000,2024,12,9,15,16009KT,17,09
2024-12-09 16:00:00.000,2024,12,9,16,14009KT,17,08
2024-12-09 17:00:00.000,2024,12,9,17,11011KT,17,08
2024-12-09 18:00:00.000,2024,12,9,18,14012KT,17,09
2024-12-09 19:00:00.000,2024,12,9,19,14009KT,19,08
2024-12-09 20:00:00.000,2024,12,9,20,17015KT,19,08
2024-12-09 21:00:00.000,2024,12,9,21,15010KT,18,08
2024-12-09 22:00:00.000,2024,12,9,22,13008KT,17,08
2024-12-09 23:00:00.000,2024,12,9,23,12008KT,16,08
2024-12-10 00:00:00.000,2024,12,10,0,10004KT,15,07
2024-12-10 01:00:00.000,2024,12,10,1,02003KT,12,09
2024-12-10 02:00:00.000,2024,12,10,2,07003KT,11,08
2024-12-10 03:00:00.000,2024,12,10,3,36004KT,11,09
2024-12-10 04:00:00.000,2024,12,10,4,04003KT,11,09
2024-12-10 05:00:00.000,2024,12,10,5,VRB02KT,11,09
2024-12-10 06:00:00.000,2024,12,10,6,05004KT,10,09
2024-12-10 07:00:00.000,2024,12,10,7,VRB02KT,10,09
2024-12-10 08:00:00.000,2024,12,10,8,07007KT,11,09
2024-12-10 09:00:00.000,2024,12,10,9,05006KT,10,09
2024-12-10 10:00:00.000,2024,12,10,10,05006KT,09,08
2024-12-10 10:31:00.000,2024,12,10,10,07007KT,11,08
2024-12-10 11:00:00.000,2024,12,10,11,07009KT,10,08
2024-12-10 12:00:00.000,2024,12,10,12,34003KT,11,09
2024-12-10 12:28:00.000,2024,12,10,12,05005KT,13,09
2024-12-10 13:00:00.000,2024,12,10,13,04006KT,13,09
2024-12-10 13:18:00.000,2024,12,10,13,07007KT,15,09
2024-12-10 14:00:00.000,2024,12,10,14,03007KT,16,08
2024-12-10 15:00:00.000,2024,12,10,15,10006KT,17,08
2024-12-10 16:00:00.000,2024,12,10,16,13008KT,18,09
2024-12-10 17:00:00.000,2024,12,10,17,11006KT,18,09
2024-12-10 18:00:00.000,2024,12,10,18,15006KT,18,08
2024-12-10 19:00:00.000,2024,12,10,19,16005KT,18,08
2024-12-10 20:00:00.000,2024,12,10,20,21010KT,18,09
2024-12-10 21:00:00.000,2024,12,10,21,10007KT,18,08
2024-12-10 22:00:00.000,2024,12,10,22,10006KT,17,08
2024-12-10 23:00:00.000,2024,12,10,23,08005KT,16,09
2024-12-11 00:00:00.000,2024,12,11,0,12006KT,15,08
2024-12-11 01:00:00.000,2024,12,11,1,02005KT,11,09
2024-12-11 02:00:00.000,2024,12,11,2,08004KT,12,09
2024-12-11 03:00:00.000,2024,12,11,3,07003KT,11,08
2024-12-11 04:00:00.000,2024,12,11,4,35003KT,10,08
2024-12-11 05:00:00.000,2024,12,11,5,03004KT,09,09
2024-12-11 06:00:00.000,2024,12,11,6,VRB02KT,07,07
2024-12-11 07:00:00.000,2024,12,11,7,34004KT,06,06
2024-12-11 08:00:00.000,2024,12,11,8,VRB02KT,07,07
2024-12-11 09:00:00.000,2024,12,11,9,07003KT,06,06
2024-12-11 10:00:00.000,2024,12,11,10,32004KT,05,05
2024-12-11 10:30:00.000,2024,12,11,10,01003KT,04,04
2024-12-11 11:00:00.000,2024,12,11,11,VRB02KT,06,06
2024-12-11 12:00:00.000,2024,12,11,12,05005KT,08,07
2024-12-11 13:00:00.000,2024,12,11,13,04004KT,11,07
2024-12-11 13:37:00.000,2024,12,11,13,03004KT,15,06
2024-12-11 14:00:00.000,2024,12,11,14,04007KT,16,06
2024-12-11 15:00:00.000,2024,12,11,15,02007KT,17,04
2024-12-11 16:00:00.000,2024,12,11,16,03004KT,19,05
2024-12-11 17:00:00.000,2024,12,11,17,VRB02KT,21,05
2024-12-11 18:00:00.000,2024,12,11,18,VRB02KT,22,07
2024-12-11 18:24:00.000,2024,12,11,18,26012KT,20,10
2024-12-11 19:00:00.000,2024,12,11,19,29015KT,20,11
2024-12-11 20:00:00.000,2024,12,11,20,27013KT,19,11
2024-12-11 21:00:00.000,2024,12,11,21,28011G21KT,18,11
2024-12-11 22:00:00.000,2024,12,11,22,28009KT,18,11
2024-12-11 23:00:00.000,2024,12,11,23,28005KT,16,11
2024-12-12 00:00:00.000,2024,12,12,0,31006KT,15,12
2024-12-12 01:00:00.000,2024,12,12,1,32004KT,14,14
2024-12-12 02:00:00.000,2024,12,12,2,30004KT,14,13
2024-12-12 03:00:00.000,2024,12,12,3,28005KT,13,12
2024-12-12 04:00:00.000,2024,12,12,4,33003KT,13,13
2024-12-12 05:00:00.000,2024,12,12,5,VRB02KT,12,12
2024-12-12 06:00:00.000,2024,12,12,6,VRB02KT,11,11
2024-12-12 07:00:00.000,2024,12,12,7,31003KT,11,11
2024-12-12 08:00:00.000,2024,12,12,8,35005KT,11,11
2024-12-12 09:00:00.000,2024,12,12,9,VRB02KT,10,10
2024-12-12 10:00:00.000,2024,12,12,10,33003KT,10,10
2024-12-12 10:30:00.000,2024,12,12,10,VRB02KT,09,09
2024-12-12 11:00:00.000,2024,12,12,11,VRB02KT,09,09
2024-12-12 11:27:00.000,2024,12,12,11,11004KT,11,11
2024-12-12 12:00:00.000,2024,12,12,12,34004KT,10,10
2024-12-12 12:21:00.000,2024,12,12,12,04005KT,13,12
2024-12-12 13:00:00.000,2024,12,12,13,04006KT,13,12
2024-12-12 13:30:00.000,2024,12,12,13,04004KT,16,12
2024-12-12 14:00:00.000,2024,12,12,14,VRB03KT,16,11
2024-12-12 14:28:00.000,2024,12,12,14,VRB03KT,18,11
2024-12-12 15:00:00.000,2024,12,12,15,VRB03KT,19,09
2024-12-12 16:00:00.000,2024,12,12,16,30007KT,18,11
2024-12-12 17:00:00.000,2024,12,12,17,VRB05KT,20,10
2024-12-12 18:00:00.000,2024,12,12,18,30011KT,19,11
2024-12-12 19:00:00.000,2024,12,12,19,31015KT,18,12
2024-12-12 20:00:00.000,2024,12,12,20,30015KT,18,12
2024-12-12 21:00:00.000,2024,12,12,21,29010G22KT,16,13
2024-12-12 22:00:00.000,2024,12,12,22,32008KT,16,12
2024-12-12 23:00:00.000,2024,12,12,23,30005KT,15,13
2024-12-13 00:00:00.000,2024,12,13,0,VRB03KT,15,13
2024-12-13 01:00:00.000,2024,12,13,1,31005KT,13,13
2024-12-13 02:00:00.000,2024,12,13,2,30005KT,14,14
2024-12-13 03:00:00.000,2024,12,13,3,29005KT,14,14
2024-12-13 04:00:00.000,2024,12,13,4,29005KT,14,13
2024-12-13 05:00:00.000,2024,12,13,5,29005KT,13,13
2024-12-13 06:00:00.000,2024,12,13,6,32006KT,13,13
2024-12-13 07:00:00.000,2024,12,13,7,02003KT,12,12
2024-12-13 08:00:00.000,2024,12,13,8,32003KT,11,11
2024-12-13 09:00:00.000,2024,12,13,9,32003KT,09,09
2024-12-13 10:00:00.000,2024,12,13,10,00000KT,09,09
2024-12-13 10:30:00.000,2024,12,13,10,34003KT,06,06
2024-12-13 11:00:00.000,2024,12,13,11,32003KT,07,07
2024-12-13 12:00:00.000,2024,12,13,12,36003KT,08,08
2024-12-13 12:28:00.000,2024,12,13,12,04005KT,11,11
2024-12-13 13:00:00.000,2024,12,13,13,03006KT,12,11
2024-12-13 13:36:00.000,2024,12,13,13,03006KT,14,12
2024-12-13 14:00:00.000,2024,12,13,14,04006KT,14,12
2024-12-13 14:14:00.000,2024,12,13,14,36004KT,16,12
2024-12-13 15:00:00.000,2024,12,13,15,VRB03KT,17,11
2024-12-13 16:00:00.000,2024,12,13,16,VRB03KT,19,08
2024-12-13 17:00:00.000,2024,12,13,17,VRB07KT,20,08
2024-12-13 18:00:00.000,2024,12,13,18,29011KT,20,10
2024-12-13 19:00:00.000,2024,12,13,19,29013KT,19,11
2024-12-13 20:00:00.000,2024,12,13,20,27010G24KT,18,11
2024-12-13 21:00:00.000,2024,12,13,21,27009KT,18,11
2024-12-13 22:00:00.000,2024,12,13,22,28009KT,17,11
2024-12-13 23:00:00.000,2024,12,13,23,26008KT,15,12
2024-12-14 00:00:00.000,2024,12,14,0,30006KT,14,13
2024-12-14 01:00:00.000,2024,12,14,1,32006KT,13,12
2024-12-14 02:00:00.000,2024,12,14,2,26006KT,13,13
2024-12-14 03:00:00.000,2024,12,14,3,26004KT,13,12
2024-12-14 04:00:00.000,2024,12,14,4,25005KT,13,12
2024-12-14 05:00:00.000,2024,12,14,5,VRB02KT,10,10
2024-12-14 06:00:00.000,2024,12,14,6,VRB02KT,09,09
2024-12-14 07:00:00.000,2024,12,14,7,VRB02KT,07,07
2024-12-14 08:00:00.000,2024,12,14,8,33005KT,07,07
2024-12-14 09:00:00.000,2024,12,14,9,30003KT,06,06
2024-12-14 10:00:00.000,2024,12,14,10,33005KT,07,07
2024-12-14 10:30:00.000,2024,12,14,10,33004KT,06,06
2024-12-14 10:31:00.000,2024,12,14,10,33004KT,06,06
2024-12-14 11:00:00.000,2024,12,14,11,35003KT,06,06
2024-12-14 12:00:00.000,2024,12,14,12,VRB02KT,07,07
2024-12-14 12:22:00.000,2024,12,14,12,VRB02KT,09,09
2024-12-14 13:00:00.000,2024,12,14,13,06004KT,12,11
2024-12-14 13:29:00.000,2024,12,14,13,05005KT,14,11
2024-12-14 14:00:00.000,2024,12,14,14,04006KT,15,11
2024-12-14 15:00:00.000,2024,12,14,15,08003KT,18,11
2024-12-14 16:00:00.000,2024,12,14,16,31004KT,19,10
2024-12-14 17:00:00.000,2024,12,14,17,28009KT,19,11
2024-12-14 18:00:00.000,2024,12,14,18,25013KT,20,10
2024-12-14 19:00:00.000,2024,12,14,19,25010KT,20,11
2024-12-14 20:00:00.000,2024,12,14,20,25014KT,19,11
2024-12-14 21:00:00.000,2024,12,14,21,28012KT,19,11
2024-12-14 22:00:00.000,2024,12,14,22,27010KT,18,11
2024-12-14 23:00:00.000,2024,12,14,23,27009KT,15,11
2024-12-15 00:00:00.000,2024,12,15,0,26005KT,14,12
2024-12-15 01:00:00.000,2024,12,15,1,VRB02KT,12,12
2024-12-15 02:00:00.000,2024,12,15,2,26003KT,14,13
2024-12-15 03:00:00.000,2024,12,15,3,29006KT,13,13
2024-12-15 04:00:00.000,2024,12,15,4,27003KT,10,10
2024-12-15 05:00:00.000,2024,12,15,5,VRB04KT,12,12
2024-12-15 06:00:00.000,2024,12,15,6,25004KT,11,11
2024-12-15 06:30:00.000,2024,12,15,6,34004KT,09,09
2024-12-15 07:00:00.000,2024,12,15,7,33003KT,09,09
2024-12-15 08:00:00.000,2024,12,15,8,36003KT,09,09
2024-12-15 09:00:00.000,2024,12,15,9,25004KT,09,09
2024-12-15 10:00:00.000,2024,12,15,10,31004KT,09,09
2024-12-15 10:32:00.000,2024,12,15,10,36003KT,07,07
2024-12-15 11:00:00.000,2024,12,15,11,VRB02KT,08,08
2024-12-15 12:00:00.000,2024,12,15,12,VRB02KT,10,10
2024-12-15 12:10:00.000,2024,12,15,12,VRB02KT,12,12
2024-12-15 13:00:00.000,2024,12,15,13,03005KT,13,12
2024-12-15 13:33:00.000,2024,12,15,13,04005KT,15,13
2024-12-15 14:00:00.000,2024,12,15,14,07006KT,15,11
2024-12-15 14:33:00.000,2024,12,15,14,07007KT,17,12
2024-12-15 15:00:00.000,2024,12,15,15,06007KT,17,11
2024-12-15 16:00:00.000,2024,12,15,16,35004KT,19,12
2024-12-15 17:00:00.000,2024,12,15,17,VRB03KT,20,11
2024-12-15 18:00:00.000,2024,12,15,18,32006KT,19,12
2024-12-15 18:24:00.000,2024,12,15,18,26008KT,19,12
2024-12-15 19:00:00.000,2024,12,15,19,24010KT,18,12
2024-12-15 20:00:00.000,2024,12,15,20,29010KT,18,12
2024-12-15 21:00:00.000,2024,12,15,21,28008KT,18,12
2024-12-15 22:00:00.000,2024,12,15,22,04007KT,16,10
2024-12-15 23:00:00.000,2024,12,15,23,32006KT,14,13
2024-12-16 00:00:00.000,2024,12,16,0,29005KT,15,13
2024-12-16 01:00:00.000,2024,12,16,1,VRB01KT,13,12
2024-12-16 02:00:00.000,2024,12,16,2,VRB02KT,12,11
2024-12-16 03:00:00.000,2024,12,16,3,VRB02KT,13,12
2024-12-16 04:00:00.000,2024,12,16,4,04004KT,13,12
2024-12-16 05:00:00.000,2024,12,16,5,36003KT,12,11
2024-12-16 06:00:00.000,2024,12,16,6,02003KT,12,11
2024-12-16 07:00:00.000,2024,12,16,7,VRB02KT,12,12
2024-12-16 08:00:00.000,2024,12,16,8,33003KT,11,11
2024-12-16 09:00:00.000,2024,12,16,9,VRB02KT,11,11
2024-12-16 10:00:00.000,2024,12,16,10,VRB02KT,11,11
2024-12-16 10:30:00.000,2024,12,16,10,VRB02KT,12,11
2024-12-16 11:00:00.000,2024,12,16,11,VRB01KT,11,10
2024-12-16 11:21:00.000,2024,12,16,11,VRB03KT,12,12
2024-12-16 12:00:00.000,2024,12,16,12,03004KT,13,13
2024-12-16 13:00:00.000,2024,12,16,13,04004KT,16,12
2024-12-16 14:00:00.000,2024,12,16,14,VRB03KT,17,11
2024-12-16 15:00:00.000,2024,12,16,15,10006KT,18,10
2024-12-16 16:00:00.000,2024,12,16,16,12007KT,18,08
2024-12-16 16:24:00.000,2024,12,16,16,16006KT,20,08
2024-12-16 17:00:00.000,2024,12,16,17,VRB03KT,21,08
2024-12-16 18:00:00.000,2024,12,16,18,17009KT,20,07
2024-12-16 19:00:00.000,2024,12,16,19,13009KT,20,07
2024-12-16 20:00:00.000,2024,12,16,20,21006KT,20,08
2024-12-16 21:00:00.000,2024,12,16,21,25008KT,18,12
2024-12-16 22:00:00.000,2024,12,16,22,28007KT,18,12
2024-12-16 23:00:00.000,2024,12,16,23,26007KT,16,13
2024-12-17 00:00:00.000,2024,12,17,0,33004KT,13,13
2024-12-17 01:00:00.000,2024,12,17,1,33003KT,12,12
2024-12-17 02:00:00.000,2024,12,17,2,35003KT,12,12
2024-12-17 03:00:00.000,2024,12,17,3,03005KT,11,10
2024-12-17 04:00:00.000,2024,12,17,4,05003KT,10,09
2024-12-17 05:00:00.000,2024,12,17,5,VRB02KT,10,09
2024-12-17 06:00:00.000,2024,12,17,6,VRB02KT,09,09
2024-12-17 07:00:00.000,2024,12,17,7,VRB02KT,11,10
2024-12-17 08:00:00.000,2024,12,17,8,03006KT,11,11
2024-12-17 09:00:00.000,2024,12,17,9,04006KT,11,11
2024-12-17 10:00:00.000,2024,12,17,10,05006KT,11,10
2024-12-17 10:30:00.000,2024,12,17,10,07005KT,11,10
2024-12-17 11:00:00.000,2024,12,17,11,07006KT,11,10
2024-12-17 12:00:00.000,2024,12,17,12,06006KT,11,10
2024-12-17 13:00:00.000,2024,12,17,13,07007KT,14,10
2024-12-17 14:00:00.000,2024,12,17,14,06008KT,14,10
2024-12-17 15:00:00.000,2024,12,17,15,07007KT,16,10
2024-12-17 16:00:00.000,2024,12,17,16,12008KT,18,10
2024-12-17 17:00:00.000,2024,12,17,17,14010KT,20,09
2024-12-17 18:00:00.000,2024,12,17,18,13010KT,19,09
2024-12-17 19:00:00.000,2024,12,17,19,14011KT,19,10
2024-12-17 20:00:00.000,2024,12,17,20,12006KT,19,10
2024-12-17 21:00:00.000,2024,12,17,21,09006KT,18,10
2024-12-17 22:00:00.000,2024,12,17,22,11007KT,18,10
2024-12-17 23:00:00.000,2024,12,17,23,10005KT,17,09
2024-12-18 00:00:00.000,2024,12,18,0,07006KT,16,10
2024-12-18 01:00:00.000,2024,12,18,1,07007KT,15,10
2024-12-18 02:00:00.000,2024,12,18,2,07005KT,14,10
2024-12-18 03:00:00.000,2024,12,18,3,05004KT,13,10
2024-12-18 04:00:00.000,2024,12,18,4,03006KT,11,11
2024-12-18 05:00:00.000,2024,12,18,5,05006KT,11,11
2024-12-18 06:00:00.000,2024,12,18,6,06006KT,11,11
2024-12-18 07:00:00.000,2024,12,18,7,04007KT,10,10
2024-12-18 08:00:00.000,2024,12,18,8,06006KT,10,10
2024-12-18 09:00:00.000,2024,12,18,9,04005KT,10,10
2024-12-18 10:00:00.000,2024,12,18,10,06005KT,10,10
2024-12-18 10:30:00.000,2024,12,18,10,05006KT,10,10
2024-12-18 11:00:00.000,2024,12,18,11,04006KT,11,11
2024-12-18 12:00:00.000,2024,12,18,12,04006KT,12,10
2024-12-18 13:00:00.000,2024,12,18,13,06007KT,15,10
2024-12-18 14:00:00.000,2024,12,18,14,05009KT,17,11
2024-12-18 15:00:00.000,2024,12,18,15,12015KT,19,09
2024-12-18 16:00:00.000,2024,12,18,16,11010KT,19,09
2024-12-18 17:00:00.000,2024,12,18,17,15012KT,19,09
2024-12-18 18:00:00.000,2024,12,18,18,15008KT,18,10
2024-12-18 19:00:00.000,2024,12,18,19,15006KT,18,09
2024-12-18 20:00:00.000,2024,12,18,20,14006KT,18,09
2024-12-18 21:00:00.000,2024,12,18,21,13005KT,19,09
2024-12-18 22:00:00.000,2024,12,18,22,09005KT,18,09
2024-12-18 23:00:00.000,2024,12,18,23,11006KT,17,10
2024-12-19 00:00:00.000,2024,12,19,0,07003KT,15,09
2024-12-19 01:00:00.000,2024,12,19,1,06004KT,13,10
2024-12-19 02:00:00.000,2024,12,19,2,10004KT,15,10
2024-12-19 03:00:00.000,2024,12,19,3,05005KT,11,11
2024-12-19 04:00:00.000,2024,12,19,4,07005KT,12,11
2024-12-19 05:00:00.000,2024,12,19,5,05006KT,11,11
2024-12-19 06:00:00.000,2024,12,19,6,06004KT,11,11
2024-12-19 07:00:00.000,2024,12,19,7,05003KT,10,10
2024-12-19 08:00:00.000,2024,12,19,8,05003KT,10,10
2024-12-19 09:00:00.000,2024,12,19,9,05006KT,09,09
2024-12-19 10:00:00.000,2024,12,19,10,06007KT,10,10
2024-12-19 10:30:00.000,2024,12,19,10,06007KT,10,10
2024-12-19 11:00:00.000,2024,12,19,11,06006KT,10,10
2024-12-19 12:00:00.000,2024,12,19,12,05005KT,11,11
2024-12-19 12:22:00.000,2024,12,19,12,05005KT,13,11
2024-12-19 13:00:00.000,2024,12,19,13,04006KT,15,11
2024-12-19 14:00:00.000,2024,12,19,14,11009KT,17,09
2024-12-19 15:00:00.000,2024,12,19,15,10008KT,18,08
2024-12-19 16:00:00.000,2024,12,19,16,13011KT,18,07
2024-12-19 17:00:00.000,2024,12,19,17,13009KT,18,07
2024-12-19 18:00:00.000,2024,12,19,18,13009KT,19,07
2024-12-19 19:00:00.000,2024,12,19,19,12010KT,20,07
2024-12-19 20:00:00.000,2024,12,19,20,06009KT,19,07
2024-12-19 21:00:00.000,2024,12,19,21,12009KT,20,08
2024-12-19 22:00:00.000,2024,12,19,22,07006KT,19,06
2024-12-19 23:00:00.000,2024,12,19,23,11005KT,18,06
2024-12-20 00:00:00.000,2024,12,20,0,15004KT,17,07
2024-12-20 01:00:00.000,2024,12,20,1,35003KT,13,08
2024-12-20 02:00:00.000,2024,12,20,2,VRB02KT,12,10
2024-12-20 03:00:00.000,2024,12,20,3,05005KT,12,09
2024-12-20 04:00:00.000,2024,12,20,4,06004KT,11,10
2024-12-20 05:00:00.000,2024,12,20,5,08003KT,11,11
2024-12-20 06:00:00.000,2024,12,20,6,VRB02KT,11,11
2024-12-20 07:00:00.000,2024,12,20,7,VRB02KT,11,11
2024-12-20 08:00:00.000,2024,12,20,8,36003KT,07,07
2024-12-20 09:00:00.000,2024,12,20,9,03004KT,08,08
2024-12-20 10:00:00.000,2024,12,20,10,05003KT,08,08
2024-12-20 10:27:00.000,2024,12,20,10,36003KT,07,07
2024-12-20 11:00:00.000,2024,12,20,11,04004KT,07,07
2024-12-20 12:00:00.000,2024,12,20,12,05004KT,12,09
2024-12-20 13:00:00.000,2024,12,20,13,05005KT,13,10
2024-12-20 13:38:00.000,2024,12,20,13,06005KT,15,10
2024-12-20 14:00:00.000,2024,12,20,14,04006KT,16,10
2024-12-20 15:00:00.000,2024,12,20,15,04007KT,18,10
2024-12-20 16:00:00.000,2024,12,20,16,VRB05KT,19,08
2024-12-20 17:00:00.000,2024,12,20,17,15007KT,19,08
2024-12-20 18:00:00.000,2024,12,20,18,13007KT,20,08
2024-12-20 19:00:00.000,2024,12,20,19,14010KT,21,07
2024-12-20 20:00:00.000,2024,12,20,20,25010KT,19,11
2024-12-20 21:00:00.000,2024,12,20,21,27008KT,19,12
2024-12-20 22:00:00.000,2024,12,20,22,28006KT,18,12
2024-12-20 23:00:00.000,2024,12,20,23,27006KT,16,12
2024-12-21 00:00:00.000,2024,12,21,0,25006KT,15,13
2024-12-21 01:00:00.000,2024,12,21,1,00000KT,14,14
2024-12-21 02:00:00.000,2024,12,21,2,34005KT,14,14
2024-12-21 03:00:00.000,2024,12,21,3,34003KT,13,13
2024-12-21 04:00:00.000,2024,12,21,4,02004KT,11,11
2024-12-21 05:00:00.000,2024,12,21,5,VRB02KT,10,10
2024-12-21 06:00:00.000,2024,12,21,6,34003KT,09,09
2024-12-21 07:00:00.000,2024,12,21,7,27006KT,09,09
2024-12-21 08:00:00.000,2024,12,21,8,00000KT,08,08
2024-12-21 09:00:00.000,2024,12,21,9,35003KT,06,06
2024-12-21 10:00:00.000,2024,12,21,10,06007KT,08,08
2024-12-21 10:30:00.000,2024,12,21,10,02005KT,08,08
2024-12-21 11:00:00.000,2024,12,21,11,03004KT,07,07
2024-12-21 12:00:00.000,2024,12,21,12,32003KT,07,06
2024-12-21 12:34:00.000,2024,12,21,12,35003KT,11,09
2024-12-21 13:00:00.000,2024,12,21,13,04005KT,12,09
2024-12-21 14:00:00.000,2024,12,21,14,03005KT,15,10
2024-12-21 15:00:00.000,2024,12,21,15,VRB02KT,18,10
2024-12-21 16:00:00.000,2024,12,21,16,13006KT,19,10
2024-12-21 17:00:00.000,2024,12,21,17,22003KT,19,08
2024-12-21 18:00:00.000,2024,12,21,18,VRB03KT,19,09
2024-12-21 19:00:00.000,2024,12,21,19,VRB06KT,20,09
2024-12-21 19:32:00.000,2024,12,21,19,07005KT,16,12
2024-12-21 20:00:00.000,2024,12,21,20,05006KT,16,12
2024-12-21 21:00:00.000,2024,12,21,21,VRB03KT,17,11
2024-12-21 22:00:00.000,2024,12,21,22,13007KT,17,10
2024-12-21 23:00:00.000,2024,12,21,23,33004KT,15,13
2024-12-22 00:00:00.000,2024,12,22,0,32005KT,14,14
2024-12-22 01:00:00.000,2024,12,22,1,33004KT,13,13
2024-12-22 02:00:00.000,2024,12,22,2,VRB02KT,11,11
2024-12-22 03:00:00.000,2024,12,22,3,03003KT,11,11
2024-12-22 04:00:00.000,2024,12,22,4,VRB02KT,11,11
2024-12-22 05:00:00.000,2024,12,22,5,32003KT,10,10
2024-12-22 06:00:00.000,2024,12,22,6,02004KT,10,10
2024-12-22 07:00:00.000,2024,12,22,7,05007KT,10,10
2024-12-22 08:00:00.000,2024,12,22,8,35003KT,10,10
2024-12-22 09:00:00.000,2024,12,22,9,VRB02KT,08,08
2024-12-22 10:00:00.000,2024,12,22,10,29003KT,08,08
2024-12-22 10:30:00.000,2024,12,22,10,VRB02KT,07,07
2024-12-22 11:00:00.000,2024,12,22,11,VRB02KT,07,07
2024-12-22 12:00:00.000,2024,12,22,12,03003KT,09,07
2024-12-22 13:00:00.000,2024,12,22,13,VRB02KT,13,12
2024-12-22 13:32:00.000,2024,12,22,13,VRB02KT,15,12
2024-12-22 14:00:00.000,2024,12,22,14,VRB02KT,16,11
2024-12-22 15:00:00.000,2024,12,22,15,VRB03KT,18,10
2024-12-22 16:00:00.000,2024,12,22,16,VRB03KT,19,10
2024-12-22 17:00:00.000,2024,12,22,17,VRB03KT,21,10
2024-12-22 18:00:00.000,2024,12,22,18,29009KT,17,12
2024-12-22 19:00:00.000,2024,12,22,19,28011KT,16,14
2024-12-22 19:26:00.000,2024,12,22,19,31008KT,16,14
2024-12-22 20:00:00.000,2024,12,22,20,36005KT,14,13
2024-12-22 21:00:00.000,2024,12,22,21,32006KT,16,13
2024-12-22 22:00:00.000,2024,12,22,22,33004KT,15,13
2024-12-22 23:00:00.000,2024,12,22,23,VRB02KT,14,13
2024-12-23 00:00:00.000,2024,12,23,0,VRB02KT,13,13
2024-12-23 01:00:00.000,2024,12,23,1,VRB02KT,13,13
2024-12-23 02:00:00.000,2024,12,23,2,35003KT,12,12
2024-12-23 03:00:00.000,2024,12,23,3,01003KT,11,11
2024-12-23 04:00:00.000,2024,12,23,4,VRB04KT,12,12
2024-12-23 05:00:00.000,2024,12,23,5,VRB02KT,11,11
2024-12-23 06:00:00.000,2024,12,23,6,01003KT,11,11
2024-12-23 07:00:00.000,2024,12,23,7,VRB02KT,11,11
2024-12-23 08:00:00.000,2024,12,23,8,VRB02KT,11,11
2024-12-23 09:00:00.000,2024,12,23,9,07005KT,12,12
2024-12-23 10:00:00.000,2024,12,23,10,04005KT,12,12
2024-12-23 10:30:00.000,2024,12,23,10,06006KT,12,12
2024-12-23 11:00:00.000,2024,12,23,11,05005KT,12,12
2024-12-23 12:00:00.000,2024,12,23,12,06004KT,13,12
2024-12-23 13:00:00.000,2024,12,23,13,08004KT,15,12
2024-12-23 14:00:00.000,2024,12,23,14,VRB04KT,15,11
2024-12-23 15:00:00.000,2024,12,23,15,05005KT,15,12
2024-12-23 16:00:00.000,2024,12,23,16,05005KT,16,12
2024-12-23 17:00:00.000,2024,12,23,17,13005KT,16,12
2024-12-23 18:00:00.000,2024,12,23,18,VRB03KT,16,12
2024-12-23 19:00:00.000,2024,12,23,19,12008KT,19,09
2024-12-23 20:00:00.000,2024,12,23,20,08005KT,18,09
2024-12-23 21:00:00.000,2024,12,23,21,07005KT,19,10
2024-12-23 22:00:00.000,2024,12,23,22,03008KT,17,10
2024-12-23 23:00:00.000,2024,12,23,23,05007KT,16,10
2024-12-24 00:00:00.000,2024,12,24,0,07003KT,15,09
2024-12-24 01:00:00.000,2024,12,24,1,VRB02KT,15,10
2024-12-24 02:00:00.000,2024,12,24,2,01003KT,13,11
2024-12-24 03:00:00.000,2024,12,24,3,31003KT,14,11
2024-12-24 04:00:00.000,2024,12,24,4,VRB02KT,13,11
2024-12-24 05:00:00.000,2024,12,24,5,VRB02KT,13,11
2024-12-24 06:00:00.000,2024,12,24,6,02005KT,12,12
2024-12-24 07:00:00.000,2024,12,24,7,32003KT,12,12
2024-12-24 08:00:00.000,2024,12,24,8,VRB02KT,11,11
2024-12-24 09:00:00.000,2024,12,24,9,VRB02KT,10,10
2024-12-24 10:00:00.000,2024,12,24,10,VRB02KT,11,11
2024-12-24 10:30:00.000,2024,12,24,10,VRB02KT,10,10
2024-12-24 11:00:00.000,2024,12,24,11,VRB02KT,10,10
2024-12-24 12:00:00.000,2024,12,24,12,35003KT,12,10
2024-12-24 13:00:00.000,2024,12,24,13,07003KT,14,11
2024-12-24 14:00:00.000,2024,12,24,14,03006KT,16,11
2024-12-24 15:00:00.000,2024,12,24,15,06004KT,18,10
2024-12-24 16:00:00.000,2024,12,24,16,05005KT,20,09
2024-12-24 17:00:00.000,2024,12,24,17,04006KT,21,09
2024-12-24 18:00:00.000,2024,12,24,18,28010KT,20,12
2024-12-24 19:00:00.000,2024,12,24,19,27012KT,20,12
2024-12-24 20:00:00.000,2024,12,24,20,28011KT,19,12
2024-12-24 21:00:00.000,2024,12,24,21,28009KT,18,12
2024-12-24 22:00:00.000,2024,12,24,22,30009KT,17,12
2024-12-24 23:00:00.000,2024,12,24,23,24007KT,16,12
2024-12-25 00:00:00.000,2024,12,25,0,VRB02KT,15,15
2024-12-25 01:00:00.000,2024,12,25,1,27003KT,15,14
2024-12-25 02:00:00.000,2024,12,25,2,VRB02KT,14,14
2024-12-25 03:00:00.000,2024,12,25,3,VRB03KT,13,13
2024-12-25 04:00:00.000,2024,12,25,4,32004KT,13,13
2024-12-25 05:00:00.000,2024,12,25,5,VRB02KT,13,13
2024-12-25 06:00:00.000,2024,12,25,6,27003KT,13,13
2024-12-25 07:00:00.000,2024,12,25,7,VRB02KT,13,12
2024-12-25 08:00:00.000,2024,12,25,8,01002KT,13,12
2024-12-25 09:00:00.000,2024,12,25,9,VRB02KT,12,12
2024-12-25 10:00:00.000,2024,12,25,10,VRB02KT,12,11
2024-12-25 10:30:00.000,2024,12,25,10,VRB02KT,12,12
2024-12-25 11:00:00.000,2024,12,25,11,VRB02KT,12,12
2024-12-25 12:00:00.000,2024,12,25,12,05003KT,11,11
2024-12-25 13:00:00.000,2024,12,25,13,VRB02KT,13,12
2024-12-25 14:00:00.000,2024,12,25,14,VRB02KT,16,14
2024-12-25 15:00:00.000,2024,12,25,15,VRB02KT,18,11
2024-12-25 16:00:00.000,2024,12,25,16,02004KT,18,11
2024-12-25 17:00:00.000,2024,12,25,17,VRB03KT,19,11
2024-12-25 18:00:00.000,2024,12,25,18,24009KT,19,13
2024-12-25 19:00:00.000,2024,12,25,19,24009KT,20,13
2024-12-25 20:00:00.000,2024,12,25,20,25012KT,19,12
2024-12-25 21:00:00.000,2024,12,25,21,24012KT,18,12
2024-12-25 21:35:00.000,2024,12,25,21,26010KT,17,14
2024-12-25 22:00:00.000,2024,12,25,22,28009KT,17,14
2024-12-25 23:00:00.000,2024,12,25,23,23007KT,15,13
2024-12-26 00:00:00.000,2024,12,26,0,23004KT,15,12
2024-12-26 01:00:00.000,2024,12,26,1,VRB02KT,14,14
2024-12-26 02:00:00.000,2024,12,26,2,33003KT,14,14
2024-12-26 03:00:00.000,2024,12,26,3,00000KT,14,14
2024-12-26 04:00:00.000,2024,12,26,4,VRB02KT,13,12
2024-12-26 05:00:00.000,2024,12,26,5,00000KT,12,10
2024-12-26 06:00:00.000,2024,12,26,6,00000KT,12,12
2024-12-26 07:00:00.000,2024,12,26,7,VRB02KT,12,12
2024-12-26 08:00:00.000,2024,12,26,8,VRB02KT,11,11
2024-12-26 09:00:00.000,2024,12,26,9,VRB02KT,10,10
2024-12-26 10:00:00.000,2024,12,26,10,VRB02KT,10,10
2024-12-26 10:30:00.000,2024,12,26,10,00000KT,10,10
2024-12-26 11:00:00.000,2024,12,26,11,35003KT,10,10
2024-12-26 12:00:00.000,2024,12,26,12,03004KT,10,10
2024-12-26 12:21:00.000,2024,12,26,12,VRB02KT,12,12
2024-12-26 13:00:00.000,2024,12,26,13,36004KT,14,13
2024-12-26 14:00:00.000,2024,12,26,14,VRB03KT,16,13
2024-12-26 15:00:00.000,2024,12,26,15,VRB03KT,18,12
2024-12-26 16:00:00.000,2024,12,26,16,VRB04KT,20,11
2024-12-26 17:00:00.000,2024,12,26,17,VRB03KT,20,11
2024-12-26 18:00:00.000,2024,12,26,18,26008KT,21,12
2024-12-26 18:40:00.000,2024,12,26,18,29014KT,18,13
2024-12-26 19:00:00.000,2024,12,26,19,29014KT,18,13
2024-12-26 20:00:00.000,2024,12,26,20,28011KT,18,13
2024-12-26 21:00:00.000,2024,12,26,21,28010KT,16,15
2024-12-26 22:00:00.000,2024,12,26,22,22006KT,16,14
2024-12-26 23:00:00.000,2024,12,26,23,25007KT,15,14
2024-12-27 00:00:00.000,2024,12,27,0,36010KT,14,13
2024-12-27 01:00:00.000,2024,12,27,1,32005KT,12,12
2024-12-27 02:00:00.000,2024,12,27,2,22005KT,13,12
2024-12-27 03:00:00.000,2024,12,27,3,VRB02KT,11,11
2024-12-27 04:00:00.000,2024,12,27,4,VRB02KT,12,12
2024-12-27 05:00:00.000,2024,12,27,5,VRB02KT,12,12
2024-12-27 06:00:00.000,2024,12,27,6,VRB02KT,12,12
2024-12-27 07:00:00.000,2024,12,27,7,31004KT,11,11
2024-12-27 08:00:00.000,2024,12,27,8,VRB02KT,12,12
2024-12-27 09:00:00.000,2024,12,27,9,VRB02KT,12,12
2024-12-27 10:00:00.000,2024,12,27,10,VRB02KT,12,12
2024-12-27 10:30:00.000,2024,12,27,10,35004KT,12,12
2024-12-27 11:00:00.000,2024,12,27,11,VRB02KT,12,12
2024-12-27 12:00:00.000,2024,12,27,12,00000KT,12,12
2024-12-27 13:00:00.000,2024,12,27,13,04007KT,13,13
2024-12-27 14:00:00.000,2024,12,27,14,03007KT,14,14
2024-12-27 15:00:00.000,2024,12,27,15,33005KT,17,14
2024-12-27 16:00:00.000,2024,12,27,16,02005KT,19,11
2024-12-27 17:00:00.000,2024,12,27,17,33006KT,18,12
2024-12-27 18:00:00.000,2024,12,27,18,35004KT,19,12
2024-12-27 19:00:00.000,2024,12,27,19,33014KT,17,13
2024-12-27 20:00:00.000,2024,12,27,20,27014KT,17,14
2024-12-27 21:00:00.000,2024,12,27,21,27009KT,15,14
2024-12-27 22:00:00.000,2024,12,27,22,25008KT,15,15
2024-12-27 23:00:00.000,2024,12,27,23,26008KT,14,14
2024-12-28 00:00:00.000,2024,12,28,0,26005KT,14,14
2024-12-28 01:00:00.000,2024,12,28,1,29004KT,14,14
2024-12-28 02:00:00.000,2024,12,28,2,VRB02KT,13,13
2024-12-28 03:00:00.000,2024,12,28,3,27005KT,14,14
2024-12-28 04:00:00.000,2024,12,28,4,VRB02KT,13,13
2024-12-28 05:00:00.000,2024,12,28,5,VRB03KT,13,13
2024-12-28 06:00:00.000,2024,12,28,6,33006KT,12,12
2024-12-28 07:00:00.000,2024,12,28,7,31004KT,12,12
2024-12-28 08:00:00.000,2024,12,28,8,30003KT,11,11
2024-12-28 09:00:00.000,2024,12,28,9,VRB02KT,12,12
2024-12-28 10:00:00.000,2024,12,28,10,26002KT,12,12
2024-12-28 10:30:00.000,2024,12,28,10,28003KT,13,13
2024-12-28 11:00:00.000,2024,12,28,11,27004KT,12,12
2024-12-28 12:00:00.000,2024,12,28,12,00000KT,12,12
2024-12-28 13:00:00.000,2024,12,28,13,00000KT,12,12
2024-12-28 14:00:00.000,2024,12,28,14,00000KT,14,14
2024-12-28 15:00:00.000,2024,12,28,15,21008KT,15,13
2024-12-28 16:00:00.000,2024,12,28,16,16007KT,17,12
2024-12-28 17:00:00.000,2024,12,28,17,20005KT,18,11
2024-12-28 18:00:00.000,2024,12,28,18,26005KT,19,10
2024-12-28 19:00:00.000,2024,12,28,19,29012KT,18,13
2024-12-28 20:00:00.000,2024,12,28,20,29012KT,17,12
2024-12-28 21:00:00.000,2024,12,28,21,29010KT,17,12
2024-12-28 22:00:00.000,2024,12,28,22,25008KT,16,12
2024-12-28 23:00:00.000,2024,12,28,23,28006KT,15,12
2024-12-29 00:00:00.000,2024,12,29,0,29006KT,14,13
2024-12-29 01:00:00.000,2024,12,29,1,32004KT,14,14
2024-12-29 01:29:00.000,2024,12,29,1,31005KT,14,14
2024-12-29 02:00:00.000,2024,12,29,2,30004KT,14,14
2024-12-29 03:00:00.000,2024,12,29,3,33003KT,13,13
2024-12-29 04:00:00.000,2024,12,29,4,35004KT,13,12
2024-12-29 05:00:00.000,2024,12,29,5,34004KT,13,13
2024-12-29 06:00:00.000,2024,12,29,6,32003KT,13,13
2024-12-29 07:00:00.000,2024,12,29,7,VRB02KT,13,12
2024-12-29 08:00:00.000,2024,12,29,8,VRB02KT,13,12
2024-12-29 09:00:00.000,2024,12,29,9,VRB02KT,13,12
2024-12-29 10:00:00.000,2024,12,29,10,03004KT,12,12
2024-12-29 10:30:00.000,2024,12,29,10,33004KT,12,12
2024-12-29 11:00:00.000,2024,12,29,11,33004KT,13,12
2024-12-29 12:00:00.000,2024,12,29,12,00000KT,12,12
2024-12-29 13:00:00.000,2024,12,29,13,VRB02KT,14,13
2024-12-29 14:00:00.000,2024,12,29,14,VRB02KT,16,12
2024-12-29 15:00:00.000,2024,12,29,15,VRB03KT,18,11
2024-12-29 16:00:00.000,2024,12,29,16,23005KT,19,10
2024-12-29 17:00:00.000,2024,12,29,17,28006KT,18,11
2024-12-29 18:00:00.000,2024,12,29,18,24009KT,18,11
2024-12-29 19:00:00.000,2024,12,29,19,29012KT,20,12
2024-12-29 20:00:00.000,2024,12,29,20,28010KT,19,11
2024-12-29 20:30:00.000,2024,12,29,20,28014KT,18,12
2024-12-29 21:00:00.000,2024,12,29,21,29007G17KT,18,12
2024-12-29 22:00:00.000,2024,12,29,22,28009KT,16,14
2024-12-29 23:00:00.000,2024,12,29,23,27011KT,16,12
2024-12-30 00:00:00.000,2024,12,30,0,32006KT,15,13
2024-12-30 01:00:00.000,2024,12,30,1,21010KT,14,13
2024-12-30 02:00:00.000,2024,12,30,2,25004KT,14,14
2024-12-30 03:00:00.000,2024,12,30,3,27006KT,14,12
2024-12-30 04:00:00.000,2024,12,30,4,35006KT,13,13
2024-12-30 05:00:00.000,2024,12,30,5,28006KT,14,14
2024-12-30 06:00:00.000,2024,12,30,6,29003KT,13,13
2024-12-30 07:00:00.000,2024,12,30,7,32004KT,12,12
2024-12-30 08:00:00.000,2024,12,30,8,VRB02KT,12,12
2024-12-30 09:00:00.000,2024,12,30,9,VRB02KT,12,12
2024-12-30 10:00:00.000,2024,12,30,10,VRB02KT,12,12
2024-12-30 10:33:00.000,2024,12,30,10,VRB02KT,13,13
2024-12-30 11:00:00.000,2024,12,30,11,00000KT,12,12
2024-12-30 12:00:00.000,2024,12,30,12,28004KT,13,13
2024-12-30 13:00:00.000,2024,12,30,13,VRB02KT,13,13
2024-12-30 14:00:00.000,2024,12,30,14,VRB02KT,15,12
2024-12-30 15:00:00.000,2024,12,30,15,31005KT,17,12
2024-12-30 16:00:00.000,2024,12,30,16,VRB03KT,18,11
2024-12-30 17:00:00.000,2024,12,30,17,29007KT,19,11
2024-12-30 17:31:00.000,2024,12,30,17,27012KT,17,12
2024-12-30 18:00:00.000,2024,12,30,18,27011KT,17,12
2024-12-30 18:10:00.000,2024,12,30,18,28010KT,16,13
2024-12-30 19:00:00.000,2024,12,30,19,27007KT,15,14
2024-12-30 20:00:00.000,2024,12,30,20,20006KT,14,13
2024-12-30 21:00:00.000,2024,12,30,21,22004KT,14,14
2024-12-30 22:00:00.000,2024,12,30,22,30004KT,13,13
2024-12-30 23:00:00.000,2024,12,30,23,13005KT,16,09
2024-12-31 00:00:00.000,2024,12,31,0,32005KT,13,13
2024-12-31 01:00:00.000,2024,12,31,1,29005KT,13,13
2024-12-31 02:00:00.000,2024,12,31,2,VRB02KT,12,12
2024-12-31 03:00:00.000,2024,12,31,3,25003KT,13,13
2024-12-31 04:00:00.000,2024,12,31,4,00000KT,11,11
2024-12-31 05:00:00.000,2024,12,31,5,30003KT,12,12
2024-12-31 06:00:00.000,2024,12,31,6,03003KT,10,10
2024-12-31 07:00:00.000,2024,12,31,7,31004KT,11,11
2024-12-31 08:00:00.000,2024,12,31,8,VRB02KT,11,11
2024-12-31 09:00:00.000,2024,12,31,9,20004KT,12,12
2024-12-31 10:00:00.000,2024,12,31,10,VRB02KT,11,11
2024-12-31 10:30:00.000,2024,12,31,10,VRB02KT,11,11
2024-12-31 11:00:00.000,2024,12,31,11,VRB02KT,11,11
2024-12-31 12:00:00.000,2024,12,31,12,VRB02KT,11,11
2024-12-31 13:00:00.000,2024,12,31,13,14004KT,15,12
2024-12-31 14:00:00.000,2024,12,31,14,10003KT,16,10
2024-12-31 15:00:00.000,2024,12,31,15,04003KT,17,09
2024-12-31 16:00:00.000,2024,12,31,16,05005KT,19,10
2024-12-31 17:00:00.000,2024,12,31,17,16006KT,21,06
2024-12-31 18:00:00.000,2024,12,31,18,28011KT,19,12
2024-12-31 19:00:00.000,2024,12,31,19,27012KT,20,11
2024-12-31 20:00:00.000,2024,12,31,20,28012KT,18,11
2024-12-31 21:00:00.000,2024,12,31,21,29010KT,17,11
2024-12-31 22:00:00.000,2024,12,31,22,28009KT,16,11
2024-12-31 23:00:00.000,2024,12,31,23,28007KT,15,10
2025-01-01 00:00:00.000,2025,1,1,0,27005KT,15,11
2025-01-01 01:00:00.000,2025,1,1,1,26004KT,15,12
2025-01-01 02:00:00.000,2025,1,1,2,VRB02KT,13,11
2025-01-01 03:00:00.000,2025,1,1,3,00000KT,11,11
2025-01-01 04:00:00.000,2025,1,1,4,36003KT,10,10
2025-01-01 05:00:00.000,2025,1,1,5,01005KT,10,10
2025-01-01 06:00:00.000,2025,1,1,6,35002KT,09,09
2025-01-01 07:00:00.000,2025,1,1,7,VRB02KT,09,09
2025-01-01 08:00:00.000,2025,1,1,8,34004KT,08,08
2025-01-01 09:00:00.000,2025,1,1,9,32004KT,08,08
2025-01-01 09:13:00.000,2025,1,1,9,VRB02KT,09,09
2025-01-01 10:00:00.000,2025,1,1,10,27004KT,09,09
2025-01-01 10:30:00.000,2025,1,1,10,VRB02KT,07,07
2025-01-01 11:00:00.000,2025,1,1,11,VRB02KT,06,06
2025-01-01 12:00:00.000,2025,1,1,12,03004KT,07,07
2025-01-01 13:00:00.000,2025,1,1,13,03003KT,10,10
2025-01-01 14:00:00.000,2025,1,1,14,03005KT,13,11
2025-01-01 15:00:00.000,2025,1,1,15,VRB03KT,17,07
2025-01-01 16:00:00.000,2025,1,1,16,VRB03KT,18,06
2025-01-01 17:00:00.000,2025,1,1,17,VRB04KT,19,05
2025-01-01 18:00:00.000,2025,1,1,18,VRB02KT,21,06
2025-01-01 19:00:00.000,2025,1,1,19,25011KT,21,11
2025-01-01 20:00:00.000,2025,1,1,20,23012KT,19,12
2025-01-01 21:00:00.000,2025,1,1,21,27011G24KT,18,11
2025-01-01 22:00:00.000,2025,1,1,22,29012KT,17,11
2025-01-01 23:00:00.000,2025,1,1,23,27008KT,16,11
2025-01-02 00:00:00.000,2025,1,2,0,30007KT,15,13
2025-01-02 01:00:00.000,2025,1,2,1,28007KT,15,13
2025-01-02 02:00:00.000,2025,1,2,2,31005KT,14,14
2025-01-02 03:00:00.000,2025,1,2,3,VRB03KT,13,13
2025-01-02 04:00:00.000,2025,1,2,4,27004KT,13,13
2025-01-02 05:00:00.000,2025,1,2,5,VRB02KT,12,12
2025-01-02 06:00:00.000,2025,1,2,6,05005KT,11,11
2025-01-02 07:00:00.000,2025,1,2,7,01003KT,10,10
2025-01-02 08:00:00.000,2025,1,2,8,03003KT,10,10
2025-01-02 09:00:00.000,2025,1,2,9,VRB02KT,10,10
2025-01-02 10:00:00.000,2025,1,2,10,00000KT,10,10
2025-01-02 10:30:00.000,2025,1,2,10,VRB02KT,09,09
2025-01-02 11:00:00.000,2025,1,2,11,34004KT,09,09
2025-01-02 12:00:00.000,2025,1,2,12,VRB02KT,11,10
2025-01-02 13:00:00.000,2025,1,2,13,07006KT,14,11
2025-01-02 14:00:00.000,2025,1,2,14,14003KT,17,09
2025-01-02 15:00:00.000,2025,1,2,15,VRB03KT,19,09
2025-01-02 16:00:00.000,2025,1,2,16,11006KT,19,08
2025-01-02 17:00:00.000,2025,1,2,17,13008KT,20,08
2025-01-02 18:00:00.000,2025,1,2,18,08005KT,21,08
2025-01-02 19:00:00.000,2025,1,2,19,28011KT,17,12
2025-01-02 19:30:00.000,2025,1,2,19,29009KT,16,13
2025-01-02 20:00:00.000,2025,1,2,20,29011KT,16,14
2025-01-02 21:00:00.000,2025,1,2,21,25007KT,17,13
2025-01-02 22:00:00.000,2025,1,2,22,26008KT,17,13
2025-01-02 23:00:00.000,2025,1,2,23,26006KT,16,13
2025-01-03 00:00:00.000,2025,1,3,0,20005KT,14,14
2025-01-03 01:00:00.000,2025,1,3,1,27005KT,14,14
2025-01-03 02:00:00.000,2025,1,3,2,27005KT,14,14
2025-01-03 03:00:00.000,2025,1,3,3,25004KT,14,13
2025-01-03 04:00:00.000,2025,1,3,4,VRB02KT,13,13
2025-01-03 05:00:00.000,2025,1,3,5,VRB02KT,11,11
2025-01-03 06:00:00.000,2025,1,3,6,VRB02KT,13,13
2025-01-03 07:00:00.000,2025,1,3,7,VRB02KT,12,12
2025-01-03 08:00:00.000,2025,1,3,8,28004KT,12,12
2025-01-03 09:00:00.000,2025,1,3,9,VRB02KT,11,11
2025-01-03 10:00:00.000,2025,1,3,10,05004KT,11,11
2025-01-03 10:30:00.000,2025,1,3,10,VRB02KT,11,11
2025-01-03 11:00:00.000,2025,1,3,11,03004KT,11,11
2025-01-03 12:00:00.000,2025,1,3,12,03005KT,13,11
2025-01-03 13:00:00.000,2025,1,3,13,35004KT,14,12
2025-01-03 14:00:00.000,2025,1,3,14,VRB02KT,15,12
2025-01-03 15:00:00.000,2025,1,3,15,VRB03KT,17,11
2025-01-03 16:00:00.000,2025,1,3,16,VRB03KT,19,10
2025-01-03 17:00:00.000,2025,1,3,17,25003KT,20,11
2025-01-03 18:00:00.000,2025,1,3,18,26012KT,18,12
2025-01-03 18:26:00.000,2025,1,3,18,28012KT,16,13
2025-01-03 19:00:00.000,2025,1,3,19,27010KT,15,14
2025-01-03 19:19:00.000,2025,1,3,19,VRB03KT,14,13
2025-01-03 20:00:00.000,2025,1,3,20,05005KT,14,13
2025-01-03 21:00:00.000,2025,1,3,21,34005KT,12,11
2025-01-03 22:00:00.000,2025,1,3,22,01003KT,12,11
2025-01-03 23:00:00.000,2025,1,3,23,01004KT,13,12
2025-01-04 00:00:00.000,2025,1,4,0,VRB02KT,13,12
2025-01-04 01:00:00.000,2025,1,4,1,VRB02KT,12,11
2025-01-04 02:00:00.000,2025,1,4,2,VRB02KT,12,11
2025-01-04 03:00:00.000,2025,1,4,3,VRB02KT,12,11
2025-01-04 04:00:00.000,2025,1,4,4,06003KT,13,11
2025-01-04 05:00:00.000,2025,1,4,5,36004KT,12,11
2025-01-04 06:00:00.000,2025,1,4,6,VRB03KT,12,11
2025-01-04 07:00:00.000,2025,1,4,7,27004KT,11,10
2025-01-04 08:00:00.000,2025,1,4,8,28004KT,11,10
2025-01-04 09:00:00.000,2025,1,4,9,VRB02KT,11,10
2025-01-04 10:00:00.000,2025,1,4,10,03002KT,12,11
2025-01-04 10:30:00.000,2025,1,4,10,03004KT,11,11
2025-01-04 11:00:00.000,2025,1,4,11,03003KT,11,10
2025-01-04 12:00:00.000,2025,1,4,12,VRB02KT,12,11
2025-01-04 13:00:00.000,2025,1,4,13,04004KT,14,11
2025-01-04 14:00:00.000,2025,1,4,14,04007KT,15,11
2025-01-04 15:00:00.000,2025,1,4,15,02004KT,17,11
2025-01-04 16:00:00.000,2025,1,4,16,VRB03KT,18,11
2025-01-04 17:00:00.000,2025,1,4,17,08006KT,18,10
2025-01-04 18:00:00.000,2025,1,4,18,23008KT,17,13
2025-01-04 19:00:00.000,2025,1,4,19,28008KT,18,13
2025-01-04 19:30:00.000,2025,1,4,19,35009KT,16,13
2025-01-04 20:00:00.000,2025,1,4,20,33006KT,15,14
2025-01-04 21:00:00.000,2025,1,4,21,29006KT,17,13
2025-01-04 22:00:00.000,2025,1,4,22,31005KT,16,14
2025-01-04 23:00:00.000,2025,1,4,23,25006KT,15,13
2025-01-05 00:00:00.000,2025,1,5,0,24004KT,14,14
2025-01-05 01:00:00.000,2025,1,5,1,VRB02KT,14,13
2025-01-05 02:00:00.000,2025,1,5,2,VRB02KT,13,13
2025-01-05 03:00:00.000,2025,1,5,3,VRB02KT,14,14
2025-01-05 04:00:00.000,2025,1,5,4,05003KT,13,13
2025-01-05 05:00:00.000,2025,1,5,5,33003KT,13,13
2025-01-05 06:00:00.000,2025,1,5,6,05005KT,12,10
2025-01-05 07:00:00.000,2025,1,5,7,08004KT,12,11
2025-01-05 08:00:00.000,2025,1,5,8,04006KT,11,11
2025-01-05 09:00:00.000,2025,1,5,9,05005KT,11,11
2025-01-05 10:00:00.000,2025,1,5,10,VRB02KT,11,11
2025-01-05 10:30:00.000,2025,1,5,10,VRB02KT,11,11
2025-01-05 11:00:00.000,2025,1,5,11,VRB02KT,12,11
2025-01-05 12:00:00.000,2025,1,5,12,VRB02KT,11,10
2025-01-05 13:00:00.000,2025,1,5,13,35003KT,13,11
2025-01-05 14:00:00.000,2025,1,5,14,33004KT,14,12
2025-01-05 15:00:00.000,2025,1,5,15,06005KT,14,12
2025-01-05 16:00:00.000,2025,1,5,16,VRB02KT,15,12
2025-01-05 17:00:00.000,2025,1,5,17,19007KT,15,12
2025-01-05 18:00:00.000,2025,1,5,18,19004KT,17,12
2025-01-05 19:00:00.000,2025,1,5,19,15004KT,17,11
2025-01-05 19:11:00.000,2025,1,5,19,05009KT,14,12
2025-01-05 19:29:00.000,2025,1,5,19,02006KT,14,12
2025-01-05 20:00:00.000,2025,1,5,20,05004KT,15,12
2025-01-05 21:00:00.000,2025,1,5,21,36003KT,15,13
2025-01-05 22:00:00.000,2025,1,5,22,24006KT,15,13
2025-01-05 23:00:00.000,2025,1,5,23,12006KT,14,12
2025-01-06 00:00:00.000,2025,1,6,0,06005KT,14,11
2025-01-06 01:00:00.000,2025,1,6,1,05006KT,12,11
2025-01-06 02:00:00.000,2025,1,6,2,05005KT,12,11
2025-01-06 03:00:00.000,2025,1,6,3,05004KT,12,12
2025-01-06 04:00:00.000,2025,1,6,4,06004KT,11,11
2025-01-06 05:00:00.000,2025,1,6,5,VRB03KT,12,11
2025-01-06 06:00:00.000,2025,1,6,6,VRB02KT,11,11
2025-01-06 07:00:00.000,2025,1,6,7,VRB02KT,11,11
2025-01-06 08:00:00.000,2025,1,6,8,05003KT,10,10
2025-01-06 09:00:00.000,2025,1,6,9,VRB02KT,10,10
2025-01-06 10:00:00.000,2025,1,6,10,VRB02KT,10,10
2025-01-06 10:30:00.000,2025,1,6,10,VRB02KT,10,10
2025-01-06 11:00:00.000,2025,1,6,11,00000KT,10,10
2025-01-06 12:00:00.000,2025,1,6,12,VRB02KT,12,10
2025-01-06 13:00:00.000,2025,1,6,13,VRB02KT,14,11
2025-01-06 14:00:00.000,2025,1,6,14,08004KT,15,10
2025-01-06 15:00:00.000,2025,1,6,15,08003KT,16,10
2025-01-06 16:00:00.000,2025,1,6,16,05005KT,16,10
2025-01-06 17:00:00.000,2025,1,6,17,07006KT,17,10
2025-01-06 18:00:00.000,2025,1,6,18,16009KT,19,11
2025-01-06 19:00:00.000,2025,1,6,19,09007KT,18,10
2025-01-06 20:00:00.000,2025,1,6,20,13009KT,19,09
2025-01-06 21:00:00.000,2025,1,6,21,08007KT,19,10
2025-01-06 22:00:00.000,2025,1,6,22,11005KT,19,09
2025-01-06 23:00:00.000,2025,1,6,23,08006KT,17,09
2025-01-07 00:00:00.000,2025,1,7,0,11007KT,17,09
2025-01-07 01:00:00.000,2025,1,7,1,04005KT,14,11
2025-01-07 02:00:00.000,2025,1,7,2,04006KT,13,11
2025-01-07 03:00:00.000,2025,1,7,3,05003KT,12,10
2025-01-07 04:00:00.000,2025,1,7,4,05006KT,11,10
2025-01-07 05:00:00.000,2025,1,7,5,00000KT,12,11
2025-01-07 06:00:00.000,2025,1,7,6,36003KT,10,10
2025-01-07 07:00:00.000,2025,1,7,7,04004KT,09,08
2025-01-07 08:00:00.000,2025,1,7,8,VRB02KT,10,09
2025-01-07 09:00:00.000,2025,1,7,9,35005KT,08,07
2025-01-07 10:00:00.000,2025,1,7,10,09004KT,09,08
2025-01-07 10:30:00.000,2025,1,7,10,36004KT,08,07
2025-01-07 10:31:00.000,2025,1,7,10,36004KT,08,07
2025-01-07 11:00:00.000,2025,1,7,11,01004KT,06,05
2025-01-07 12:00:00.000,2025,1,7,12,33003KT,08,06
2025-01-07 12:24:00.000,2025,1,7,12,06003KT,11,09
2025-01-07 13:00:00.000,2025,1,7,13,06004KT,13,10
2025-01-07 14:00:00.000,2025,1,7,14,05004KT,16,10
2025-01-07 15:00:00.000,2025,1,7,15,04005KT,18,09
2025-01-07 16:00:00.000,2025,1,7,16,04004KT,19,09
2025-01-07 17:00:00.000,2025,1,7,17,27006KT,20,09
2025-01-07 18:00:00.000,2025,1,7,18,26007KT,21,11
2025-01-07 19:00:00.000,2025,1,7,19,25008KT,20,12
2025-01-07 20:00:00.000,2025,1,7,20,30013KT,20,13
2025-01-07 21:00:00.000,2025,1,7,21,29013KT,18,12
2025-01-07 22:00:00.000,2025,1,7,22,27009KT,18,12
2025-01-07 23:00:00.000,2025,1,7,23,28006KT,17,12
2025-01-08 00:00:00.000,2025,1,8,0,28005KT,15,14
2025-01-08 01:00:00.000,2025,1,8,1,30006KT,15,14
2025-01-08 02:00:00.000,2025,1,8,2,29005KT,15,14
2025-01-08 03:00:00.000,2025,1,8,3,27003KT,15,14
2025-01-08 04:00:00.000,2025,1,8,4,30005KT,14,14
2025-01-08 05:00:00.000,2025,1,8,5,30004KT,14,13
2025-01-08 06:00:00.000,2025,1,8,6,34004KT,13,13
2025-01-08 07:00:00.000,2025,1,8,7,VRB04KT,13,13
2025-01-08 08:00:00.000,2025,1,8,8,31003KT,13,13
2025-01-08 09:00:00.000,2025,1,8,9,VRB02KT,13,13
2025-01-08 10:00:00.000,2025,1,8,10,VRB02KT,12,12
2025-01-08 10:30:00.000,2025,1,8,10,VRB02KT,12,12
2025-01-08 11:00:00.000,2025,1,8,11,VRB02KT,12,12
2025-01-08 12:00:00.000,2025,1,8,12,VRB02KT,12,10
2025-01-08 13:00:00.000,2025,1,8,13,04003KT,14,12
2025-01-08 14:00:00.000,2025,1,8,14,VRB02KT,16,13
2025-01-08 15:00:00.000,2025,1,8,15,VRB03KT,18,12
2025-01-08 16:00:00.000,2025,1,8,16,36004KT,18,11
2025-01-08 17:00:00.000,2025,1,8,17,17004KT,20,10
2025-01-08 18:00:00.000,2025,1,8,18,VRB03KT,21,10
2025-01-08 19:00:00.000,2025,1,8,19,26012KT,20,13
2025-01-08 20:00:00.000,2025,1,8,20,29013KT,18,12
2025-01-08 21:00:00.000,2025,1,8,21,27011KT,17,12
2025-01-08 22:00:00.000,2025,1,8,22,24009KT,17,12
2025-01-08 23:00:00.000,2025,1,8,23,26006KT,16,12
2025-01-09 00:00:00.000,2025,1,9,0,27007KT,15,13
2025-01-09 01:00:00.000,2025,1,9,1,25006KT,15,14
2025-01-09 02:00:00.000,2025,1,9,2,26004KT,14,14
2025-01-09 03:00:00.000,2025,1,9,3,VRB02KT,14,13
2025-01-09 04:00:00.000,2025,1,9,4,VRB02KT,13,13
2025-01-09 05:00:00.000,2025,1,9,5,27004KT,14,13
2025-01-09 06:00:00.000,2025,1,9,6,30004KT,13,13
2025-01-09 07:00:00.000,2025,1,9,7,VRB02KT,11,10
2025-01-09 08:00:00.000,2025,1,9,8,VRB02KT,12,11
2025-01-09 09:00:00.000,2025,1,9,9,VRB02KT,12,11
2025-01-09 10:00:00.000,2025,1,9,10,VRB01KT,12,12
2025-01-09 10:30:00.000,2025,1,9,10,VRB02KT,12,11
2025-01-09 11:00:00.000,2025,1,9,11,01004KT,12,11
2025-01-09 12:00:00.000,2025,1,9,12,36003KT,13,10
2025-01-09 13:00:00.000,2025,1,9,13,VRB02KT,15,13
2025-01-09 14:00:00.000,2025,1,9,14,01003KT,16,13
2025-01-09 15:00:00.000,2025,1,9,15,31003KT,19,12
2025-01-09 16:00:00.000,2025,1,9,16,32006KT,19,12
2025-01-09 17:00:00.000,2025,1,9,17,29010KT,18,12
2025-01-09 18:00:00.000,2025,1,9,18,28012KT,20,12
2025-01-09 19:00:00.000,2025,1,9,19,27013KT,20,12
2025-01-09 20:00:00.000,2025,1,9,20,27011KT,20,12
2025-01-09 21:00:00.000,2025,1,9,21,29014KT,19,12
2025-01-09 22:00:00.000,2025,1,9,22,25010KT,18,12
2025-01-09 23:00:00.000,2025,1,9,23,26009KT,15,13
2025-01-10 00:00:00.000,2025,1,10,0,26004KT,15,13
2025-01-10 01:00:00.000,2025,1,10,1,26004KT,15,13
2025-01-10 02:00:00.000,2025,1,10,2,24005KT,14,13
2025-01-10 03:00:00.000,2025,1,10,3,33004KT,14,13
2025-01-10 04:00:00.000,2025,1,10,4,23003KT,14,13
2025-01-10 05:00:00.000,2025,1,10,5,VRB02KT,14,13
2025-01-10 06:00:00.000,2025,1,10,6,29004KT,14,13
2025-01-10 07:00:00.000,2025,1,10,7,31003KT,13,12
2025-01-10 08:00:00.000,2025,1,10,8,VRB02KT,13,12
2025-01-10 09:00:00.000,2025,1,10,9,29003KT,13,13
2025-01-10 10:00:00.000,2025,1,10,10,34003KT,12,12
2025-01-10 10:28:00.000,2025,1,10,10,02004KT,13,12
2025-01-10 10:30:00.000,2025,1,10,10,02004KT,13,12
2025-01-10 11:00:00.000,2025,1,10,11,VRB02KT,12,12
2025-01-10 12:00:00.000,2025,1,10,12,VRB02KT,13,12
2025-01-10 13:00:00.000,2025,1,10,13,06004KT,15,12
2025-01-10 14:00:00.000,2025,1,10,14,03004KT,17,11
2025-01-10 15:00:00.000,2025,1,10,15,VRB03KT,18,11
2025-01-10 16:00:00.000,2025,1,10,16,VRB03KT,19,10
2025-01-10 17:00:00.000,2025,1,10,17,15005KT,21,10
2025-01-10 18:00:00.000,2025,1,10,18,28008KT,19,12
2025-01-10 19:00:00.000,2025,1,10,19,23008KT,20,13
2025-01-10 20:00:00.000,2025,1,10,20,24011KT,19,13
2025-01-10 21:00:00.000,2025,1,10,21,28013KT,18,12
2025-01-10 22:00:00.000,2025,1,10,22,29011KT,16,13
2025-01-10 23:00:00.000,2025,1,10,23,26007KT,16,13
2025-01-11 00:00:00.000,2025,1,11,0,30006KT,15,14
2025-01-11 01:00:00.000,2025,1,11,1,31004KT,15,14
2025-01-11 02:00:00.000,2025,1,11,2,VRB02KT,13,13
2025-01-11 03:00:00.000,2025,1,11,3,35004KT,13,12
2025-01-11 04:00:00.000,2025,1,11,4,VRB02KT,11,11
2025-01-11 05:00:00.000,2025,1,11,5,35004KT,11,11
2025-01-11 06:00:00.000,2025,1,11,6,VRB02KT,11,11
2025-01-11 07:00:00.000,2025,1,11,7,VRB02KT,11,11
2025-01-11 08:00:00.000,2025,1,11,8,05003KT,10,10
2025-01-11 09:00:00.000,2025,1,11,9,34003KT,09,09
2025-01-11 10:00:00.000,2025,1,11,10,02004KT,07,07
2025-01-11 10:30:00.000,2025,1,11,10,VRB02KT,09,09
2025-01-11 11:00:00.000,2025,1,11,11,VRB02KT,09,09
2025-01-11 11:33:00.000,2025,1,11,11,VRB02KT,09,09
2025-01-11 12:00:00.000,2025,1,11,12,34003KT,09,09
2025-01-11 12:30:00.000,2025,1,11,12,02003KT,09,09
2025-01-11 13:00:00.000,2025,1,11,13,03004KT,09,09
2025-01-11 13:29:00.000,2025,1,11,13,05004KT,10,10
2025-01-11 14:00:00.000,2025,1,11,14,36003KT,11,11
2025-01-11 14:30:00.000,2025,1,11,14,VRB03KT,14,12
2025-01-11 15:00:00.000,2025,1,11,15,03003KT,16,11
2025-01-11 16:00:00.000,2025,1,11,16,VRB03KT,19,08
2025-01-11 17:00:00.000,2025,1,11,17,VRB03KT,20,08
2025-01-11 18:00:00.000,2025,1,11,18,VRB02KT,20,08
2025-01-11 19:00:00.000,2025,1,11,19,28010KT,19,11
2025-01-11 20:00:00.000,2025,1,11,20,28011KT,19,11
2025-01-11 21:00:00.000,2025,1,11,21,24012KT,19,12
2025-01-11 22:00:00.000,2025,1,11,22,26009KT,17,12
2025-01-11 23:00:00.000,2025,1,11,23,26009KT,16,11
2025-01-12 00:00:00.000,2025,1,12,0,25006G18KT,16,11
2025-01-12 01:00:00.000,2025,1,12,1,29006G16KT,15,10
2025-01-12 02:00:00.000,2025,1,12,2,24004KT,13,12
2025-01-12 03:00:00.000,2025,1,12,3,00000KT,13,12
2025-01-12 04:00:00.000,2025,1,12,4,06004KT,11,11
2025-01-12 05:00:00.000,2025,1,12,5,VRB02KT,10,10
2025-01-12 06:00:00.000,2025,1,12,6,VRB02KT,09,08
2025-01-12 07:00:00.000,2025,1,12,7,33003KT,08,08
2025-01-12 08:00:00.000,2025,1,12,8,VRB02KT,07,07
2025-01-12 09:00:00.000,2025,1,12,9,04003KT,06,06
2025-01-12 10:00:00.000,2025,1,12,10,01005KT,05,05
2025-01-12 10:32:00.000,2025,1,12,10,02003KT,05,05
2025-01-12 11:00:00.000,2025,1,12,11,02004KT,05,05
2025-01-12 12:00:00.000,2025,1,12,12,34003KT,06,04
2025-01-12 12:30:00.000,2025,1,12,12,02004KT,09,07
2025-01-12 13:00:00.000,2025,1,12,13,04004KT,11,07
2025-01-12 14:00:00.000,2025,1,12,14,03006KT,14,08
2025-01-12 15:00:00.000,2025,1,12,15,VRB03KT,17,09
2025-01-12 16:00:00.000,2025,1,12,16,02004KT,19,06
2025-01-12 17:00:00.000,2025,1,12,17,07006KT,20,04
2025-01-12 18:00:00.000,2025,1,12,18,07004KT,22,04
2025-01-12 19:00:00.000,2025,1,12,19,25013KT,21,11
2025-01-12 20:00:00.000,2025,1,12,20,29009KT,19,11
2025-01-12 21:00:00.000,2025,1,12,21,28011KT,19,10
2025-01-12 22:00:00.000,2025,1,12,22,29009KT,18,11
2025-01-12 23:00:00.000,2025,1,12,23,25009KT,16,11
2025-01-13 00:00:00.000,2025,1,13,0,31006KT,14,14
2025-01-13 01:00:00.000,2025,1,13,1,31006KT,14,13
2025-01-13 02:00:00.000,2025,1,13,2,26004KT,14,13
2025-01-13 03:00:00.000,2025,1,13,3,00000KT,13,13
2025-01-13 04:00:00.000,2025,1,13,4,33006KT,09,09
2025-01-13 05:00:00.000,2025,1,13,5,33004KT,07,07
2025-01-13 06:00:00.000,2025,1,13,6,02003KT,04,04
2025-01-13 07:00:00.000,2025,1,13,7,VRB02KT,07,04
2025-01-13 08:00:00.000,2025,1,13,8,VRB02KT,05,04
2025-01-13 09:00:00.000,2025,1,13,9,VRB02KT,05,05
2025-01-13 10:00:00.000,2025,1,13,10,VRB02KT,03,02
2025-01-13 10:31:00.000,2025,1,13,10,34003KT,03,03
2025-01-13 11:00:00.000,2025,1,13,11,33005KT,04,04
2025-01-13 12:00:00.000,2025,1,13,12,VRB02KT,04,03
2025-01-13 12:30:00.000,2025,1,13,12,VRB02KT,07,05
2025-01-13 13:00:00.000,2025,1,13,13,02004KT,09,06
2025-01-13 13:31:00.000,2025,1,13,13,02003KT,12,08
2025-01-13 14:00:00.000,2025,1,13,14,VRB02KT,14,07
2025-01-13 14:31:00.000,2025,1,13,14,VRB02KT,17,09
2025-01-13 15:00:00.000,2025,1,13,15,VRB02KT,18,08
2025-01-13 16:00:00.000,2025,1,13,16,29004KT,19,06
2025-01-13 17:00:00.000,2025,1,13,17,33004KT,20,06
2025-01-13 18:00:00.000,2025,1,13,18,VRB03KT,21,06
2025-01-13 18:12:00.000,2025,1,13,18,31013KT,20,11
2025-01-13 18:25:00.000,2025,1,13,18,29013KT,19,11
2025-01-13 19:00:00.000,2025,1,13,19,29015KT,19,11
2025-01-13 20:00:00.000,2025,1,13,20,26015KT,19,11
2025-01-13 21:00:00.000,2025,1,13,21,30013KT,18,10
2025-01-13 22:00:00.000,2025,1,13,22,27008KT,18,09
2025-01-13 23:00:00.000,2025,1,13,23,31009KT,15,11
2025-01-14 00:00:00.000,2025,1,14,0,32005KT,14,10
2025-01-14 01:00:00.000,2025,1,14,1,28004KT,14,11
2025-01-14 02:00:00.000,2025,1,14,2,23003KT,14,12
2025-01-14 03:00:00.000,2025,1,14,3,VRB01KT,11,10
2025-01-14 04:00:00.000,2025,1,14,4,VRB02KT,11,10
2025-01-14 05:00:00.000,2025,1,14,5,35002KT,11,10
2025-01-14 06:00:00.000,2025,1,14,6,25003KT,12,11
2025-01-14 07:00:00.000,2025,1,14,7,32003KT,11,10
2025-01-14 08:00:00.000,2025,1,14,8,VRB02KT,10,09
2025-01-14 09:00:00.000,2025,1,14,9,VRB02KT,08,07
2025-01-14 10:00:00.000,2025,1,14,10,VRB01KT,07,07
2025-01-14 10:30:00.000,2025,1,14,10,33003KT,05,05
2025-01-14 11:00:00.000,2025,1,14,11,34004KT,05,05
2025-01-14 11:17:00.000,2025,1,14,11,33003KT,05,05
2025-01-14 11:28:00.000,2025,1,14,11,34003KT,05,05
2025-01-14 12:00:00.000,2025,1,14,12,VRB02KT,06,05
2025-01-14 12:30:00.000,2025,1,14,12,VRB02KT,09,08
2025-01-14 13:00:00.000,2025,1,14,13,34003KT,11,09
2025-01-14 13:35:00.000,2025,1,14,13,VRB02KT,13,10
2025-01-14 14:00:00.000,2025,1,14,14,VRB02KT,15,10
2025-01-14 15:00:00.000,2025,1,14,15,35003KT,17,10
2025-01-14 16:00:00.000,2025,1,14,16,29007KT,18,09
2025-01-14 17:00:00.000,2025,1,14,17,35003KT,20,06
2025-01-14 18:00:00.000,2025,1,14,18,29012KT,21,10
2025-01-14 19:00:00.000,2025,1,14,19,29015KT,20,11
2025-01-14 20:00:00.000,2025,1,14,20,26014KT,19,11
2025-01-14 21:00:00.000,2025,1,14,21,26013KT,19,12
2025-01-14 22:00:00.000,2025,1,14,22,27013KT,18,11
2025-01-14 23:00:00.000,2025,1,14,23,27011KT,16,12
2025-01-15 00:00:00.000,2025,1,15,0,32004KT,14,13
2025-01-15 01:00:00.000,2025,1,15,1,30007KT,13,12
2025-01-15 02:00:00.000,2025,1,15,2,30006KT,13,11
2025-01-15 03:00:00.000,2025,1,15,3,29008KT,13,11
2025-01-15 04:00:00.000,2025,1,15,4,28004KT,13,10
2025-01-15 05:00:00.000,2025,1,15,5,25005KT,12,08
2025-01-15 06:00:00.000,2025,1,15,6,26004KT,11,08
2025-01-15 07:00:00.000,2025,1,15,7,30004KT,11,09
2025-01-15 08:00:00.000,2025,1,15,8,23008KT,11,08
2025-01-15 09:00:00.000,2025,1,15,9,VRB02KT,07,06
2025-01-15 10:00:00.000,2025,1,15,10,VRB02KT,07,06
2025-01-15 10:30:00.000,2025,1,15,10,VRB02KT,05,04
2025-01-15 11:00:00.000,2025,1,15,11,VRB02KT,06,05
2025-01-15 12:00:00.000,2025,1,15,12,34003KT,06,05
2025-01-15 13:00:00.000,2025,1,15,13,VRB02KT,12,09
2025-01-15 14:00:00.000,2025,1,15,14,VRB02KT,16,08
2025-01-15 15:00:00.000,2025,1,15,15,VRB02KT,17,08
2025-01-15 16:00:00.000,2025,1,15,16,VRB03KT,19,08
2025-01-15 17:00:00.000,2025,1,15,17,VRB04KT,20,07
2025-01-15 18:00:00.000,2025,1,15,18,29008KT,21,06
2025-01-15 19:00:00.000,2025,1,15,19,27017KT,19,11
2025-01-15 20:00:00.000,2025,1,15,20,28013KT,19,12
2025-01-15 21:00:00.000,2025,1,15,21,28012KT,19,11
2025-01-15 22:00:00.000,2025,1,15,22,27011KT,18,10
2025-01-15 23:00:00.000,2025,1,15,23,27010KT,15,12
2025-01-16 00:00:00.000,2025,1,16,0,30007KT,14,12
2025-01-16 01:00:00.000,2025,1,16,1,32005KT,12,12
2025-01-16 02:00:00.000,2025,1,16,2,32004KT,11,11
2025-01-16 03:00:00.000,2025,1,16,3,27004KT,12,12
2025-01-16 04:00:00.000,2025,1,16,4,29007KT,12,10
2025-01-16 05:00:00.000,2025,1,16,5,VRB02KT,10,10
2025-01-16 06:00:00.000,2025,1,16,6,24002KT,12,11
2025-01-16 07:00:00.000,2025,1,16,7,28003KT,11,11
2025-01-16 08:00:00.000,2025,1,16,8,VRB02KT,10,10
2025-01-16 09:00:00.000,2025,1,16,9,33005KT,07,07
2025-01-16 10:00:00.000,2025,1,16,10,VRB02KT,08,08
2025-01-16 10:30:00.000,2025,1,16,10,30004KT,07,07
2025-01-16 11:00:00.000,2025,1,16,11,32004KT,08,08
2025-01-16 12:00:00.000,2025,1,16,12,34004KT,08,07
2025-01-16 13:00:00.000,2025,1,16,13,VRB02KT,10,09
2025-01-16 14:00:00.000,2025,1,16,14,05004KT,14,11
2025-01-16 15:00:00.000,2025,1,16,15,VRB02KT,17,10
2025-01-16 16:00:00.000,2025,1,16,16,30005KT,18,08
2025-01-16 17:00:00.000,2025,1,16,17,23006KT,19,06
2025-01-16 18:00:00.000,2025,1,16,18,29008KT,20,10
2025-01-16 19:00:00.000,2025,1,16,19,28014KT,19,11
2025-01-16 20:00:00.000,2025,1,16,20,27014KT,18,11
2025-01-16 21:00:00.000,2025,1,16,21,31015KT,17,10
2025-01-16 22:00:00.000,2025,1,16,22,31013KT,16,10
2025-01-16 23:00:00.000,2025,1,16,23,30012KT,15,10
2025-01-17 00:00:00.000,2025,1,17,0,31007KT,14,09
2025-01-17 01:00:00.000,2025,1,17,1,28006KT,13,10
2025-01-17 02:00:00.000,2025,1,17,2,27006KT,13,10
2025-01-17 03:00:00.000,2025,1,17,3,VRB04KT,12,09
2025-01-17 04:00:00.000,2025,1,17,4,VRB02KT,12,10
2025-01-17 05:00:00.000,2025,1,17,5,VRB03KT,12,10
2025-01-17 06:00:00.000,2025,1,17,6,27003KT,09,09
2025-01-17 07:00:00.000,2025,1,17,7,32003KT,07,06
2025-01-17 08:00:00.000,2025,1,17,8,VRB02KT,09,08
2025-01-17 09:00:00.000,2025,1,17,9,34003KT,05,05
2025-01-17 10:00:00.000,2025,1,17,10,VRB02KT,06,06
2025-01-17 10:30:00.000,2025,1,17,10,33003KT,04,04
2025-01-17 11:00:00.000,2025,1,17,11,VRB02KT,04,04
2025-01-17 12:00:00.000,2025,1,17,12,VRB02KT,06,04
2025-01-17 12:38:00.000,2025,1,17,12,VRB02KT,09,08
2025-01-17 13:00:00.000,2025,1,17,13,VRB02KT,11,09
2025-01-17 14:00:00.000,2025,1,17,14,VRB02KT,14,11
2025-01-17 15:00:00.000,2025,1,17,15,26004KT,17,09
2025-01-17 16:00:00.000,2025,1,17,16,32004KT,18,09
2025-01-17 17:00:00.000,2025,1,17,17,VRB02KT,19,06
2025-01-17 18:00:00.000,2025,1,17,18,26011KT,20,11
2025-01-17 19:00:00.000,2025,1,17,19,28011KT,20,10
2025-01-17 20:00:00.000,2025,1,17,20,27011KT,18,11
2025-01-17 21:00:00.000,2025,1,17,21,25008KT,18,10
2025-01-17 22:00:00.000,2025,1,17,22,23008KT,16,11
2025-01-17 23:00:00.000,2025,1,17,23,24006KT,15,11
2025-01-18 00:00:00.000,2025,1,18,0,23007KT,14,12
2025-01-18 01:00:00.000,2025,1,18,1,27008KT,14,12
2025-01-18 02:00:00.000,2025,1,18,2,28008KT,13,12
2025-01-18 03:00:00.000,2025,1,18,3,31005KT,12,11
2025-01-18 04:00:00.000,2025,1,18,4,29007KT,11,11
2025-01-18 05:00:00.000,2025,1,18,5,22006KT,12,11
2025-01-18 06:00:00.000,2025,1,18,6,21003KT,09,09
2025-01-18 07:00:00.000,2025,1,18,7,00000KT,08,08
2025-01-18 08:00:00.000,2025,1,18,8,VRB02KT,05,05
2025-01-18 09:00:00.000,2025,1,18,9,31005KT,04,04
2025-01-18 10:00:00.000,2025,1,18,10,31004KT,04,04
2025-01-18 10:32:00.000,2025,1,18,10,VRB02KT,05,05
2025-01-18 11:00:00.000,2025,1,18,11,VRB02KT,05,05
2025-01-18 12:00:00.000,2025,1,18,12,34003KT,05,04
2025-01-18 12:20:00.000,2025,1,18,12,VRB02KT,09,08
2025-01-18 13:00:00.000,2025,1,18,13,01003KT,11,09
2025-01-18 13:20:00.000,2025,1,18,13,VRB03KT,13,09
2025-01-18 14:00:00.000,2025,1,18,14,VRB04KT,15,08
2025-01-18 15:00:00.000,2025,1,18,15,VRB04KT,17,05
2025-01-18 16:00:00.000,2025,1,18,16,08004KT,18,04
2025-01-18 17:00:00.000,2025,1,18,17,07006KT,20,05
2025-01-18 18:00:00.000,2025,1,18,18,11006KT,21,03
2025-01-18 19:00:00.000,2025,1,18,19,16006KT,22,03
2025-01-18 20:00:00.000,2025,1,18,20,14010KT,,
2025-01-18 21:00:00.000,2025,1,18,21,35006KT,,
2025-01-18 22:00:00.000,2025,1,18,22,30010KT,18,05
2025-01-18 23:00:00.000,2025,1,18,23,25008KT,16,10
2025-01-19 00:00:00.000,2025,1,19,0,24004KT,15,11
2025-01-19 01:00:00.000,2025,1,19,1,25003KT,14,12
2025-01-19 02:00:00.000,2025,1,19,2,VRB02KT,11,10
2025-01-19 03:00:00.000,2025,1,19,3,VRB02KT,10,10
2025-01-19 04:00:00.000,2025,1,19,4,03004KT,10,08
2025-01-19 05:00:00.000,2025,1,19,5,06004KT,10,09
2025-01-19 06:00:00.000,2025,1,19,6,02003KT,08,08
2025-01-19 07:00:00.000,2025,1,19,7,VRB02KT,08,08
2025-01-19 08:00:00.000,2025,1,19,8,00000KT,07,07
2025-01-19 09:00:00.000,2025,1,19,9,VRB02KT,08,08
2025-01-19 10:00:00.000,2025,1,19,10,VRB02KT,06,06
2025-01-19 10:30:00.000,2025,1,19,10,14003KT,08,08
2025-01-19 11:00:00.000,2025,1,19,11,33004KT,07,07
2025-01-19 12:00:00.000,2025,1,19,12,03005KT,09,08
2025-01-19 13:00:00.000,2025,1,19,13,03004KT,11,10
2025-01-19 13:23:00.000,2025,1,19,13,02003KT,13,12
2025-01-19 14:00:00.000,2025,1,19,14,03003KT,15,09
2025-01-19 15:00:00.000,2025,1,19,15,02003KT,17,09
2025-01-19 16:00:00.000,2025,1,19,16,04004KT,18,06
2025-01-19 17:00:00.000,2025,1,19,17,03004KT,19,05
2025-01-19 18:00:00.000,2025,1,19,18,17004KT,20,06
2025-01-19 19:00:00.000,2025,1,19,19,33004KT,21,04
2025-01-19 20:00:00.000,2025,1,19,20,29011KT,19,10
2025-01-19 21:00:00.000,2025,1,19,21,27012KT,18,11
2025-01-19 22:00:00.000,2025,1,19,22,29010KT,17,11
2025-01-19 23:00:00.000,2025,1,19,23,31008KT,16,10
2025-01-20 00:00:00.000,2025,1,20,0,29007KT,15,12
2025-01-20 01:00:00.000,2025,1,20,1,29006KT,15,12
2025-01-20 02:00:00.000,2025,1,20,2,05008KT,14,10
2025-01-20 03:00:00.000,2025,1,20,3,05007KT,12,09
2025-01-20 04:00:00.000,2025,1,20,4,04006KT,10,07
2025-01-20 05:00:00.000,2025,1,20,5,04004KT,09,08
2025-01-20 06:00:00.000,2025,1,20,6,VRB02KT,08,08
2025-01-20 07:00:00.000,2025,1,20,7,33004KT,06,05
2025-01-20 08:00:00.000,2025,1,20,8,35003KT,05,04
2025-01-20 09:00:00.000,2025,1,20,9,03004KT,06,05
2025-01-20 10:00:00.000,2025,1,20,10,34004KT,04,03
2025-01-20 10:30:00.000,2025,1,20,10,36004KT,03,02
2025-01-20 11:00:00.000,2025,1,20,11,VRB02KT,04,03
2025-01-20 12:00:00.000,2025,1,20,12,34003KT,06,06
2025-01-20 13:00:00.000,2025,1,20,13,05004KT,10,07
2025-01-20 14:00:00.000,2025,1,20,14,01006KT,13,07
2025-01-20 14:32:00.000,2025,1,20,14,05007KT,15,07
2025-01-20 15:00:00.000,2025,1,20,15,04007KT,16,05
2025-01-20 16:00:00.000,2025,1,20,16,07007KT,18,01
2025-01-20 17:00:00.000,2025,1,20,17,05007KT,20,02
2025-01-20 18:00:00.000,2025,1,20,18,29008KT,21,01
2025-01-20 19:00:00.000,2025,1,20,19,25013KT,21,09
2025-01-20 20:00:00.000,2025,1,20,20,28014G24KT,19,10
2025-01-20 21:00:00.000,2025,1,20,21,28014G24KT,19,10
2025-01-20 22:00:00.000,2025,1,20,22,28011KT,18,10
2025-01-20 23:00:00.000,2025,1,20,23,25009KT,16,11
2025-01-21 00:00:00.000,2025,1,21,0,30007KT,14,13
2025-01-21 01:00:00.000,2025,1,21,1,27004KT,14,13
2025-01-21 02:00:00.000,2025,1,21,2,32005KT,12,12
2025-01-21 03:00:00.000,2025,1,21,3,29003KT,13,13
2025-01-21 04:00:00.000,2025,1,21,4,VRB02KT,12,12
2025-01-21 05:00:00.000,2025,1,21,5,VRB02KT,12,12
2025-01-21 06:00:00.000,2025,1,21,6,VRB02KT,11,11
2025-01-21 07:00:00.000,2025,1,21,7,02003KT,10,10
2025-01-21 08:00:00.000,2025,1,21,8,VRB02KT,09,09
2025-01-21 09:00:00.000,2025,1,21,9,VRB02KT,10,10
2025-01-21 10:00:00.000,2025,1,21,10,35003KT,09,09
2025-01-21 10:30:00.000,2025,1,21,10,35003KT,09,09
2025-01-21 11:00:00.000,2025,1,21,11,VRB02KT,09,09
2025-01-21 12:00:00.000,2025,1,21,12,04004KT,11,10
2025-01-21 13:00:00.000,2025,1,21,13,05005KT,13,11
2025-01-21 14:00:00.000,2025,1,21,14,06005KT,16,09
2025-01-21 15:00:00.000,2025,1,21,15,05010KT,16,08
2025-01-21 16:00:00.000,2025,1,21,16,05008KT,17,07
2025-01-21 17:00:00.000,2025,1,21,17,05007KT,19,07
2025-01-21 18:00:00.000,2025,1,21,18,VRB06KT,20,03
2025-01-21 19:00:00.000,2025,1,21,19,14010G23KT,21,02
2025-01-21 20:00:00.000,2025,1,21,20,12009KT,20,03
2025-01-21 21:00:00.000,2025,1,21,21,10008KT,20,02
2025-01-21 22:00:00.000,2025,1,21,22,12009KT,19,02
2025-01-21 23:00:00.000,2025,1,21,23,13011KT,16,03
2025-01-22 00:00:00.000,2025,1,22,0,13010KT,14,02
2025-01-22 01:00:00.000,2025,1,22,1,14008KT,13,02
2025-01-22 02:00:00.000,2025,1,22,2,12007KT,14,04
2025-01-22 03:00:00.000,2025,1,22,3,11006KT,13,04
2025-01-22 04:00:00.000,2025,1,22,4,04005KT,08,04
2025-01-22 05:00:00.000,2025,1,22,5,07003KT,09,04
2025-01-22 06:00:00.000,2025,1,22,6,05006KT,07,06
2025-01-22 07:00:00.000,2025,1,22,7,06005KT,06,06
2025-01-22 08:00:00.000,2025,1,22,8,VRB02KT,06,06
2025-01-22 09:00:00.000,2025,1,22,9,03003KT,05,05
2025-01-22 10:00:00.000,2025,1,22,10,VRB02KT,05,05
2025-01-22 10:30:00.000,2025,1,22,10,05005KT,06,06
2025-01-22 11:00:00.000,2025,1,22,11,03005KT,05,05
2025-01-22 12:00:00.000,2025,1,22,12,06007KT,07,06
2025-01-22 13:00:00.000,2025,1,22,13,06008KT,10,06
2025-01-22 13:25:00.000,2025,1,22,13,06008KT,12,05
2025-01-22 14:00:00.000,2025,1,22,14,06008KT,14,04
2025-01-22 14:30:00.000,2025,1,22,14,04008KT,16,00
2025-01-22 15:00:00.000,2025,1,22,15,05006KT,,
2025-01-22 16:00:00.000,2025,1,22,16,02004KT,,
2025-01-22 17:00:00.000,2025,1,22,17,12008KT,,
2025-01-22 18:00:00.000,2025,1,22,18,14015KT,,
2025-01-22 19:00:00.000,2025,1,22,19,14012KT,,
2025-01-22 20:00:00.000,2025,1,22,20,16008KT,,
2025-01-22 21:00:00.000,2025,1,22,21,02010KT,,
2025-01-22 22:00:00.000,2025,1,22,22,28008KT,19,09
2025-01-22 23:00:00.000,2025,1,22,23,33010KT,16,03
2025-01-23 00:00:00.000,2025,1,23,0,31005KT,14,01
2025-01-23 01:00:00.000,2025,1,23,1,32008KT,12,02
2025-01-23 02:00:00.000,2025,1,23,2,15003KT,11,03
2025-01-23 03:00:00.000,2025,1,23,3,05004KT,09,02
2025-01-23 04:00:00.000,2025,1,23,4,04003KT,08,03
2025-01-23 05:00:00.000,2025,1,23,5,04004KT,07,01
2025-01-23 06:00:00.000,2025,1,23,6,06003KT,06,02
2025-01-23 07:00:00.000,2025,1,23,7,06003KT,06,02
2025-01-23 08:00:00.000,2025,1,23,8,VRB02KT,06,03
2025-01-23 09:00:00.000,2025,1,23,9,VRB02KT,03,03
2025-01-23 10:00:00.000,2025,1,23,10,30003KT,02,02
2025-01-23 10:30:00.000,2025,1,23,10,VRB02KT,02,02
2025-01-23 11:00:00.000,2025,1,23,11,VRB02KT,03,03
2025-01-23 12:00:00.000,2025,1,23,12,34004KT,04,03
2025-01-23 13:00:00.000,2025,1,23,13,04004KT,09,06
2025-01-23 14:00:00.000,2025,1,23,14,06006KT,13,02
2025-01-23 14:37:00.000,2025,1,23,14,14004KT,16,02
2025-01-23 15:00:00.000,2025,1,23,15,04005KT,17,03
2025-01-23 16:00:00.000,2025,1,23,16,14010KT,18,04
2025-01-23 17:00:00.000,2025,1,23,17,16010KT,19,04
2025-01-23 18:00:00.000,2025,1,23,18,17007KT,19,05
2025-01-23 19:00:00.000,2025,1,23,19,VRB10KT,20,06
2025-01-23 20:00:00.000,2025,1,23,20,VRB12KT,20,06
2025-01-23 21:00:00.000,2025,1,23,21,14008KT,19,05
2025-01-23 22:00:00.000,2025,1,23,22,15007KT,18,06
2025-01-23 23:00:00.000,2025,1,23,23,13005KT,16,06
2025-01-24 00:00:00.000,2025,1,24,0,30006KT,14,09
2025-01-24 01:00:00.000,2025,1,24,1,33003KT,10,10
2025-01-24 02:00:00.000,2025,1,24,2,VRB02KT,09,09
2025-01-24 03:00:00.000,2025,1,24,3,VRB02KT,09,09
2025-01-24 04:00:00.000,2025,1,24,4,36005KT,09,09
2025-01-24 05:00:00.000,2025,1,24,5,35003KT,08,08
2025-01-24 06:00:00.000,2025,1,24,6,00000KT,08,08
2025-01-24 07:00:00.000,2025,1,24,7,05003KT,08,08
2025-01-24 08:00:00.000,2025,1,24,8,33005KT,08,08
2025-01-24 09:00:00.000,2025,1,24,9,26003KT,09,09
2025-01-24 10:00:00.000,2025,1,24,10,02003KT,08,08
2025-01-24 10:31:00.000,2025,1,24,10,04005KT,09,09
2025-01-24 11:00:00.000,2025,1,24,11,36006KT,09,09
2025-01-24 12:00:00.000,2025,1,24,12,VRB02KT,10,09
2025-01-24 13:00:00.000,2025,1,24,13,34003KT,11,09
2025-01-24 14:00:00.000,2025,1,24,14,32003KT,12,10
2025-01-24 15:00:00.000,2025,1,24,15,34003KT,13,10
2025-01-24 16:00:00.000,2025,1,24,16,VRB02KT,14,10
2025-01-24 17:00:00.000,2025,1,24,17,03005KT,16,10
2025-01-24 18:00:00.000,2025,1,24,18,VRB05KT,17,10
2025-01-24 19:00:00.000,2025,1,24,19,15008KT,19,09
2025-01-24 20:00:00.000,2025,1,24,20,19006KT,19,07
2025-01-24 21:00:00.000,2025,1,24,21,31008KT,16,10
2025-01-24 22:00:00.000,2025,1,24,22,32008KT,15,11
2025-01-24 22:15:00.000,2025,1,24,22,29005KT,14,13
2025-01-24 23:00:00.000,2025,1,24,23,34004KT,12,12
2025-01-25 00:00:00.000,2025,1,25,0,VRB02KT,12,12
2025-01-25 01:00:00.000,2025,1,25,1,VRB02KT,13,12
2025-01-25 02:00:00.000,2025,1,25,2,36004KT,12,11
2025-01-25 03:00:00.000,2025,1,25,3,VRB02KT,10,09
2025-01-25 04:00:00.000,2025,1,25,4,VRB02KT,11,10
2025-01-25 05:00:00.000,2025,1,25,5,VRB02KT,11,10
2025-01-25 06:00:00.000,2025,1,25,6,VRB02KT,11,10
2025-01-25 07:00:00.000,2025,1,25,7,35004KT,12,10
2025-01-25 08:00:00.000,2025,1,25,8,05005KT,11,10
2025-01-25 09:00:00.000,2025,1,25,9,35004KT,11,10
2025-01-25 10:00:00.000,2025,1,25,10,05005KT,11,09
2025-01-25 10:30:00.000,2025,1,25,10,VRB02KT,10,09
2025-01-25 11:00:00.000,2025,1,25,11,VRB02KT,10,09
2025-01-25 12:00:00.000,2025,1,25,12,02005KT,12,11
2025-01-25 13:00:00.000,2025,1,25,13,05006KT,14,11
2025-01-25 14:00:00.000,2025,1,25,14,03008KT,14,11
2025-01-25 15:00:00.000,2025,1,25,15,14009KT,16,10
2025-01-25 16:00:00.000,2025,1,25,16,14009KT,17,09
2025-01-25 17:00:00.000,2025,1,25,17,13009KT,18,09
2025-01-25 18:00:00.000,2025,1,25,18,16009KT,18,09
2025-01-25 19:00:00.000,2025,1,25,19,18010KT,18,09
2025-01-25 20:00:00.000,2025,1,25,20,05006KT,17,09
2025-01-25 21:00:00.000,2025,1,25,21,05008KT,17,09
2025-01-25 22:00:00.000,2025,1,25,22,08005KT,16,09
2025-01-25 23:00:00.000,2025,1,25,23,11007KT,16,08
2025-01-26 00:00:00.000,2025,1,26,0,13008KT,15,08
2025-01-26 01:00:00.000,2025,1,26,1,13005KT,15,09
2025-01-26 02:00:00.000,2025,1,26,2,12006KT,15,09
2025-01-26 03:00:00.000,2025,1,26,3,11005KT,14,09
2025-01-26 04:00:00.000,2025,1,26,4,13004KT,15,09
2025-01-26 05:00:00.000,2025,1,26,5,12006KT,14,09
2025-01-26 06:00:00.000,2025,1,26,6,11007KT,14,09
2025-01-26 07:00:00.000,2025,1,26,7,07005KT,13,09
2025-01-26 08:00:00.000,2025,1,26,8,09007KT,13,09
2025-01-26 09:00:00.000,2025,1,26,9,09008KT,14,08
2025-01-26 10:00:00.000,2025,1,26,10,09008KT,14,09
2025-01-26 10:30:00.000,2025,1,26,10,06005KT,13,09
2025-01-26 11:00:00.000,2025,1,26,11,05009KT,12,10
2025-01-26 12:00:00.000,2025,1,26,12,03005KT,13,09
2025-01-26 13:00:00.000,2025,1,26,13,11005KT,16,09
2025-01-26 14:00:00.000,2025,1,26,14,VRB06KT,17,08
2025-01-26 15:00:00.000,2025,1,26,15,13013KT,17,09
2025-01-26 16:00:00.000,2025,1,26,16,14013KT,19,08
2025-01-26 17:00:00.000,2025,1,26,17,13013KT,17,09
2025-01-26 18:00:00.000,2025,1,26,18,12010KT,17,08
2025-01-26 19:00:00.000,2025,1,26,19,VRB08KT,19,09
2025-01-26 20:00:00.000,2025,1,26,20,12007KT,20,08
2025-01-26 21:00:00.000,2025,1,26,21,11007KT,19,08
2025-01-26 22:00:00.000,2025,1,26,22,13007KT,18,08
2025-01-26 23:00:00.000,2025,1,26,23,12004KT,16,07
2025-01-27 00:00:00.000,2025,1,27,0,08007KT,16,09
2025-01-27 01:00:00.000,2025,1,27,1,VRB02KT,14,09
2025-01-27 02:00:00.000,2025,1,27,2,09004KT,14,08
2025-01-27 03:00:00.000,2025,1,27,3,03004KT,12,08
2025-01-27 04:00:00.000,2025,1,27,4,06007KT,13,08
2025-01-27 05:00:00.000,2025,1,27,5,05007KT,13,08
2025-01-27 06:00:00.000,2025,1,27,6,05006KT,12,09
2025-01-27 07:00:00.000,2025,1,27,7,04005KT,12,10
2025-01-27 08:00:00.000,2025,1,27,8,06004KT,12,09
2025-01-27 09:00:00.000,2025,1,27,9,03005KT,12,10
2025-01-27 10:00:00.000,2025,1,27,10,05005KT,12,10
2025-01-27 10:30:00.000,2025,1,27,10,05005KT,12,10
2025-01-27 11:00:00.000,2025,1,27,11,06006KT,12,11
2025-01-27 12:00:00.000,2025,1,27,12,05007KT,12,10
2025-01-27 13:00:00.000,2025,1,27,13,06006KT,14,11
2025-01-27 14:00:00.000,2025,1,27,14,05008KT,14,11
2025-01-27 15:00:00.000,2025,1,27,15,06008KT,15,11
2025-01-27 15:10:00.000,2025,1,27,15,10006KT,15,11
2025-01-27 16:00:00.000,2025,1,27,16,14009KT,16,11
2025-01-27 17:00:00.000,2025,1,27,17,15011KT,17,11
2025-01-27 18:00:00.000,2025,1,27,18,14011KT,18,11
2025-01-27 19:00:00.000,2025,1,27,19,10009KT,17,10
2025-01-27 20:00:00.000,2025,1,27,20,14010KT,18,10
2025-01-27 21:00:00.000,2025,1,27,21,13007KT,17,10
2025-01-27 22:00:00.000,2025,1,27,22,10006KT,18,09
2025-01-27 23:00:00.000,2025,1,27,23,11007KT,16,09
2025-01-28 00:00:00.000,2025,1,28,0,11004KT,15,09
2025-01-28 01:00:00.000,2025,1,28,1,07004KT,13,09
2025-01-28 02:00:00.000,2025,1,28,2,02003KT,11,10
2025-01-28 03:00:00.000,2025,1,28,3,04004KT,10,10
2025-01-28 04:00:00.000,2025,1,28,4,VRB02KT,11,11
2025-01-28 05:00:00.000,2025,1,28,5,04003KT,08,08
2025-01-28 06:00:00.000,2025,1,28,6,03003KT,08,08
2025-01-28 07:00:00.000,2025,1,28,7,03004KT,09,09
2025-01-28 08:00:00.000,2025,1,28,8,03003KT,09,09
2025-01-28 09:00:00.000,2025,1,28,9,04006KT,10,10
2025-01-28 10:00:00.000,2025,1,28,10,06006KT,11,11
2025-01-28 10:30:00.000,2025,1,28,10,05005KT,11,11
2025-01-28 11:00:00.000,2025,1,28,11,05007KT,11,11
2025-01-28 12:00:00.000,2025,1,28,12,VRB02KT,12,10
2025-01-28 13:00:00.000,2025,1,28,13,03003KT,14,10
2025-01-28 14:00:00.000,2025,1,28,14,05005KT,16,10
2025-01-28 15:00:00.000,2025,1,28,15,VRB06KT,17,09
2025-01-28 16:00:00.000,2025,1,28,16,11006KT,17,10
2025-01-28 17:00:00.000,2025,1,28,17,08006KT,17,09
2025-01-28 18:00:00.000,2025,1,28,18,11005KT,18,09
2025-01-28 19:00:00.000,2025,1,28,19,14007KT,18,09
2025-01-28 20:00:00.000,2025,1,28,20,18006KT,19,09
2025-01-28 21:00:00.000,2025,1,28,21,12006KT,19,09
2025-01-28 22:00:00.000,2025,1,28,22,14009KT,18,08
2025-01-28 23:00:00.000,2025,1,28,23,09004KT,17,08
2025-01-29 00:00:00.000,2025,1,29,0,09005KT,15,08
2025-01-29 01:00:00.000,2025,1,29,1,11005KT,16,08
2025-01-29 02:00:00.000,2025,1,29,2,13005KT,13,08
2025-01-29 03:00:00.000,2025,1,29,3,05005KT,10,09
2025-01-29 04:00:00.000,2025,1,29,4,07003KT,11,09
2025-01-29 05:00:00.000,2025,1,29,5,04006KT,09,09
2025-01-29 06:00:00.000,2025,1,29,6,05004KT,10,10
2025-01-29 07:00:00.000,2025,1,29,7,32004KT,09,09
2025-01-29 08:00:00.000,2025,1,29,8,VRB02KT,09,09
2025-01-29 09:00:00.000,2025,1,29,9,VRB02KT,09,09
2025-01-29 10:00:00.000,2025,1,29,10,03003KT,09,09
2025-01-29 10:30:00.000,2025,1,29,10,VRB02KT,08,08
2025-01-29 11:00:00.000,2025,1,29,11,04003KT,09,09
2025-01-29 11:32:00.000,2025,1,29,11,07003KT,11,10
2025-01-29 12:00:00.000,2025,1,29,12,05003KT,12,10
2025-01-29 13:00:00.000,2025,1,29,13,VRB04KT,14,10
2025-01-29 13:39:00.000,2025,1,29,13,12005KT,16,10
2025-01-29 14:00:00.000,2025,1,29,14,13005KT,17,10
2025-01-29 15:00:00.000,2025,1,29,15,09006KT,18,09
2025-01-29 16:00:00.000,2025,1,29,16,VRB10KT,18,08
2025-01-29 17:00:00.000,2025,1,29,17,13013KT,19,08
2025-01-29 18:00:00.000,2025,1,29,18,15011KT,18,08
2025-01-29 18:15:00.000,2025,1,29,18,13009KT,20,09
2025-01-29 19:00:00.000,2025,1,29,19,14010KT,20,08
2025-01-29 20:00:00.000,2025,1,29,20,13011KT,21,07
2025-01-29 21:00:00.000,2025,1,29,21,09006KT,19,08
2025-01-29 22:00:00.000,2025,1,29,22,14009KT,20,07
2025-01-29 23:00:00.000,2025,1,29,23,14010KT,17,07
2025-01-30 00:00:00.000,2025,1,30,0,13007KT,17,07
2025-01-30 01:00:00.000,2025,1,30,1,11007KT,16,08
2025-01-30 02:00:00.000,2025,1,30,2,02003KT,11,08
2025-01-30 03:00:00.000,2025,1,30,3,11005KT,14,08
2025-01-30 04:00:00.000,2025,1,30,4,09005KT,13,09
2025-01-30 05:00:00.000,2025,1,30,5,04006KT,10,08
2025-01-30 06:00:00.000,2025,1,30,6,06004KT,10,08
2025-01-30 07:00:00.000,2025,1,30,7,05005KT,08,08
2025-01-30 08:00:00.000,2025,1,30,8,05004KT,08,08
2025-01-30 09:00:00.000,2025,1,30,9,06005KT,08,08
2025-01-30 10:00:00.000,2025,1,30,10,04006KT,07,07
2025-01-30 10:30:00.000,2025,1,30,10,06007KT,08,08
2025-01-30 10:31:00.000,2025,1,30,10,06007KT,08,08
2025-01-30 11:00:00.000,2025,1,30,11,05007KT,08,08
2025-01-30 12:00:00.000,2025,1,30,12,05007KT,09,09
2025-01-30 12:32:00.000,2025,1,30,12,05006KT,12,09
2025-01-30 13:00:00.000,2025,1,30,13,05007KT,14,09
2025-01-30 14:00:00.000,2025,1,30,14,08006KT,16,08
2025-01-30 15:00:00.000,2025,1,30,15,09007KT,17,08
2025-01-30 16:00:00.000,2025,1,30,16,13010KT,17,07
2025-01-30 17:00:00.000,2025,1,30,17,12007KT,18,07
2025-01-30 18:00:00.000,2025,1,30,18,13005KT,19,08
2025-01-30 18:10:00.000,2025,1,30,18,28010KT,16,13
2025-01-30 19:00:00.000,2025,1,30,19,07007KT,17,08
2025-01-30 20:00:00.000,2025,1,30,20,08004KT,18,09
2025-01-30 21:00:00.000,2025,1,30,21,09005KT,17,09
2025-01-30 22:00:00.000,2025,1,30,22,12006KT,18,09
2025-01-30 23:00:00.000,2025,1,30,23,13007KT,16,08
2025-01-31 00:00:00.000,2025,1,31,0,13008KT,16,08
2025-01-31 01:00:00.000,2025,1,31,1,12004KT,15,08
2025-01-31 02:00:00.000,2025,1,31,2,01004KT,11,09
2025-01-31 03:00:00.000,2025,1,31,3,13007KT,13,09
2025-01-31 04:00:00.000,2025,1,31,4,12006KT,15,09
2025-01-31 05:00:00.000,2025,1,31,5,03004KT,12,09
2025-01-31 06:00:00.000,2025,1,31,6,03004KT,12,10
2025-01-31 07:00:00.000,2025,1,31,7,VRB02KT,12,10
2025-01-31 08:00:00.000,2025,1,31,8,03004KT,12,10
2025-01-31 09:00:00.000,2025,1,31,9,08003KT,13,11
2025-01-31 10:00:00.000,2025,1,31,10,02004KT,12,11
2025-01-31 10:30:00.000,2025,1,31,10,36003KT,12,12
2025-01-31 11:00:00.000,2025,1,31,11,05003KT,13,11
2025-01-31 12:00:00.000,2025,1,31,12,06005KT,14,11
2025-01-31 13:00:00.000,2025,1,31,13,09005KT,15,11
2025-01-31 14:00:00.000,2025,1,31,14,14010KT,17,10
2025-01-31 15:00:00.000,2025,1,31,15,15010KT,18,10
2025-01-31 16:00:00.000,2025,1,31,16,10007KT,17,09
2025-01-31 17:00:00.000,2025,1,31,17,13006KT,19,10
2025-01-31 18:00:00.000,2025,1,31,18,12014G24KT,20,09
2025-01-31 19:00:00.000,2025,1,31,19,10010KT,20,09
2025-01-31 20:00:00.000,2025,1,31,20,06008KT,19,10
2025-01-31 21:00:00.000,2025,1,31,21,11009KT,19,08
2025-01-31 22:00:00.000,2025,1,31,22,04011KT,17,09
2025-01-31 23:00:00.000,2025,1,31,23,28007KT,15,10
2025-02-01 00:00:00.000,2025,2,1,0,07006KT,15,08
2025-02-01 01:00:00.000,2025,2,1,1,08006KT,15,09
2025-02-01 02:00:00.000,2025,2,1,2,06006KT,14,09
2025-02-01 03:00:00.000,2025,2,1,3,08007KT,14,09
2025-02-01 04:00:00.000,2025,2,1,4,09008KT,14,08
2025-02-01 05:00:00.000,2025,2,1,5,05006KT,11,10
2025-02-01 06:00:00.000,2025,2,1,6,05006KT,10,10
2025-02-01 07:00:00.000,2025,2,1,7,04007KT,11,10
2025-02-01 08:00:00.000,2025,2,1,8,08007KT,10,10
2025-02-01 09:00:00.000,2025,2,1,9,06006KT,10,10
2025-02-01 10:00:00.000,2025,2,1,10,07006KT,10,10
2025-02-01 10:30:00.000,2025,2,1,10,05007KT,09,09
2025-02-01 11:00:00.000,2025,2,1,11,06009KT,10,10
2025-02-01 12:00:00.000,2025,2,1,12,05006KT,10,09
2025-02-01 13:00:00.000,2025,2,1,13,06007KT,13,10
2025-02-01 14:00:00.000,2025,2,1,14,07008KT,16,09
2025-02-01 15:00:00.000,2025,2,1,15,10008KT,19,05
2025-02-01 16:00:00.000,2025,2,1,16,12010KT,19,06
2025-02-01 17:00:00.000,2025,2,1,17,12010KT,20,06
2025-02-01 18:00:00.000,2025,2,1,18,05005KT,20,07
2025-02-01 19:00:00.000,2025,2,1,19,14005KT,20,08
2025-02-01 20:00:00.000,2025,2,1,20,11003KT,20,07
2025-02-01 21:00:00.000,2025,2,1,21,02003KT,21,09
2025-02-01 22:00:00.000,2025,2,1,22,08004KT,19,08
2025-02-01 23:00:00.000,2025,2,1,23,30007KT,17,13
2025-02-02 00:00:00.000,2025,2,2,0,30004KT,15,13
2025-02-02 01:00:00.000,2025,2,2,1,VRB02KT,15,14
2025-02-02 02:00:00.000,2025,2,2,2,00000KT,12,12
2025-02-02 03:00:00.000,2025,2,2,3,04004KT,11,11
2025-02-02 04:00:00.000,2025,2,2,4,36004KT,13,11
2025-02-02 05:00:00.000,2025,2,2,5,VRB02KT,12,11
2025-02-02 06:00:00.000,2025,2,2,6,36003KT,09,09
2025-02-02 07:00:00.000,2025,2,2,7,VRB02KT,11,11
2025-02-02 08:00:00.000,2025,2,2,8,06004KT,10,10
2025-02-02 09:00:00.000,2025,2,2,9,01003KT,09,09
2025-02-02 10:00:00.000,2025,2,2,10,36003KT,07,07
2025-02-02 10:30:00.000,2025,2,2,10,04003KT,09,09
2025-02-02 11:00:00.000,2025,2,2,11,05004KT,08,08
2025-02-02 12:00:00.000,2025,2,2,12,04004KT,10,09
2025-02-02 13:00:00.000,2025,2,2,13,05006KT,12,11
2025-02-02 14:00:00.000,2025,2,2,14,07006KT,14,11
2025-02-02 15:00:00.000,2025,2,2,15,14006KT,18,11
2025-02-02 16:00:00.000,2025,2,2,16,07006KT,18,09
2025-02-02 17:00:00.000,2025,2,2,17,07007KT,19,09
2025-02-02 18:00:00.000,2025,2,2,18,32009KT,19,09
2025-02-02 19:00:00.000,2025,2,2,19,32008KT,20,09
2025-02-02 20:00:00.000,2025,2,2,20,28009G22KT,21,10
2025-02-02 21:00:00.000,2025,2,2,21,28013KT,20,11
2025-02-02 22:00:00.000,2025,2,2,22,25011KT,18,11
2025-02-02 23:00:00.000,2025,2,2,23,27008KT,16,12
2025-02-03 00:00:00.000,2025,2,3,0,30005KT,15,13
2025-02-03 01:00:00.000,2025,2,3,1,29005KT,14,13
2025-02-03 02:00:00.000,2025,2,3,2,VRB02KT,13,12
2025-02-03 03:00:00.000,2025,2,3,3,28004KT,14,13
2025-02-03 04:00:00.000,2025,2,3,4,VRB01KT,11,10
2025-02-03 05:00:00.000,2025,2,3,5,33003KT,10,09
2025-02-03 06:00:00.000,2025,2,3,6,VRB02KT,09,09
2025-02-03 06:29:00.000,2025,2,3,6,33003KT,07,07
2025-02-03 06:30:00.000,2025,2,3,6,33003KT,07,07
2025-02-03 07:00:00.000,2025,2,3,7,VRB02KT,07,07
2025-02-03 08:00:00.000,2025,2,3,8,32003KT,08,08
2025-02-03 09:00:00.000,2025,2,3,9,VRB02KT,09,09
2025-02-03 10:00:00.000,2025,2,3,10,VRB02KT,07,07
2025-02-03 10:30:00.000,2025,2,3,10,31003KT,08,08
2025-02-03 11:00:00.000,2025,2,3,11,22004KT,09,09
2025-02-03 12:00:00.000,2025,2,3,12,00000KT,09,09
2025-02-03 13:00:00.000,2025,2,3,13,02004KT,12,12
2025-02-03 14:00:00.000,2025,2,3,14,01005KT,16,12
2025-02-03 15:00:00.000,2025,2,3,15,03007KT,17,10
2025-02-03 16:00:00.000,2025,2,3,16,12005KT,20,08
2025-02-03 17:00:00.000,2025,2,3,17,19010KT,20,10
2025-02-03 18:00:00.000,2025,2,3,18,30004KT,20,11
2025-02-03 19:00:00.000,2025,2,3,19,VRB05KT,20,11
2025-02-03 19:24:00.000,2025,2,3,19,25016KT,18,12
2025-02-03 20:00:00.000,2025,2,3,20,26010KT,18,12
2025-02-03 21:00:00.000,2025,2,3,21,27007KT,19,12
2025-02-03 22:00:00.000,2025,2,3,22,28007KT,18,11
2025-02-03 23:00:00.000,2025,2,3,23,31007KT,16,12
2025-02-04 00:00:00.000,2025,2,4,0,28007KT,16,13
2025-02-04 01:00:00.000,2025,2,4,1,27004KT,15,14
2025-02-04 02:00:00.000,2025,2,4,2,25007KT,15,13
2025-02-04 03:00:00.000,2025,2,4,3,VRB02KT,15,13
2025-02-04 04:00:00.000,2025,2,4,4,VRB02KT,13,13
2025-02-04 05:00:00.000,2025,2,4,5,VRB02KT,13,12
2025-02-04 06:00:00.000,2025,2,4,6,VRB02KT,12,11
2025-02-04 07:00:00.000,2025,2,4,7,VRB02KT,12,11
2025-02-04 08:00:00.000,2025,2,4,8,18005KT,13,11
2025-02-04 09:00:00.000,2025,2,4,9,VRB02KT,11,10
2025-02-04 10:00:00.000,2025,2,4,10,VRB02KT,10,10
2025-02-04 10:30:00.000,2025,2,4,10,02004KT,10,10
2025-02-04 11:00:00.000,2025,2,4,11,VRB02KT,10,10
2025-02-04 12:00:00.000,2025,2,4,12,VRB02KT,12,11
2025-02-04 12:33:00.000,2025,2,4,12,07005KT,14,11
2025-02-04 13:00:00.000,2025,2,4,13,06004KT,15,10
2025-02-04 14:00:00.000,2025,2,4,14,03003KT,17,09
2025-02-04 14:33:00.000,2025,2,4,14,17004KT,19,09
2025-02-04 15:00:00.000,2025,2,4,15,VRB02KT,20,08
2025-02-04 16:00:00.000,2025,2,4,16,28005KT,19,08
2025-02-04 17:00:00.000,2025,2,4,17,24007KT,19,10
2025-02-04 18:00:00.000,2025,2,4,18,29008KT,19,11
2025-02-04 19:00:00.000,2025,2,4,19,24011KT,18,11
2025-02-04 20:00:00.000,2025,2,4,20,25009G19KT,19,12
2025-02-04 21:00:00.000,2025,2,4,21,24010KT,18,12
2025-02-04 22:00:00.000,2025,2,4,22,28010KT,16,12
2025-02-04 23:00:00.000,2025,2,4,23,27008KT,15,13
2025-02-05 00:00:00.000,2025,2,5,0,VRB04KT,14,13
2025-02-05 01:00:00.000,2025,2,5,1,35004KT,13,12
2025-02-05 02:00:00.000,2025,2,5,2,VRB02KT,13,12
2025-02-05 03:00:00.000,2025,2,5,3,VRB02KT,13,12
2025-02-05 04:00:00.000,2025,2,5,4,VRB02KT,13,12
2025-02-05 05:00:00.000,2025,2,5,5,05003KT,13,12
2025-02-05 06:00:00.000,2025,2,5,6,VRB02KT,13,13
2025-02-05 07:00:00.000,2025,2,5,7,34004KT,13,12
2025-02-05 08:00:00.000,2025,2,5,8,36003KT,12,12
2025-02-05 09:00:00.000,2025,2,5,9,03005KT,12,12
2025-02-05 10:00:00.000,2025,2,5,10,01003KT,11,10
2025-02-05 10:30:00.000,2025,2,5,10,04004KT,12,11
2025-02-05 11:00:00.000,2025,2,5,11,05004KT,12,12
2025-02-05 12:00:00.000,2025,2,5,12,04004KT,13,12
2025-02-05 13:00:00.000,2025,2,5,13,06005KT,15,11
2025-02-05 14:00:00.000,2025,2,5,14,05004KT,16,09
2025-02-05 15:00:00.000,2025,2,5,15,10004KT,18,09
2025-02-05 16:00:00.000,2025,2,5,16,05003KT,20,08
2025-02-05 17:00:00.000,2025,2,5,17,14005KT,21,07
2025-02-05 18:00:00.000,2025,2,5,18,30010KT,20,12
2025-02-05 19:00:00.000,2025,2,5,19,28007KT,20,11
2025-02-05 20:00:00.000,2025,2,5,20,28012KT,19,12
2025-02-05 21:00:00.000,2025,2,5,21,30012KT,17,12
2025-02-05 21:29:00.000,2025,2,5,21,26008KT,16,15
2025-02-05 22:00:00.000,2025,2,5,22,26008KT,16,15
2025-02-05 23:00:00.000,2025,2,5,23,VRB02KT,15,13
2025-02-06 00:00:00.000,2025,2,6,0,01005KT,13,13
2025-02-06 01:00:00.000,2025,2,6,1,06006KT,13,13
2025-02-06 02:00:00.000,2025,2,6,2,06006KT,13,13
2025-02-06 03:00:00.000,2025,2,6,3,VRB02KT,13,13
2025-02-06 04:00:00.000,2025,2,6,4,33004KT,13,13
2025-02-06 05:00:00.000,2025,2,6,5,34003KT,13,13
2025-02-06 06:00:00.000,2025,2,6,6,33003KT,13,13
2025-02-06 07:00:00.000,2025,2,6,7,VRB02KT,12,12
2025-02-06 08:00:00.000,2025,2,6,8,33004KT,13,13
2025-02-06 09:00:00.000,2025,2,6,9,00000KT,12,12
2025-02-06 10:00:00.000,2025,2,6,10,33004KT,12,11
2025-02-06 10:30:00.000,2025,2,6,10,VRB02KT,12,11
2025-02-06 11:00:00.000,2025,2,6,11,00000KT,12,11
2025-02-06 12:00:00.000,2025,2,6,12,02004KT,13,10
2025-02-06 13:00:00.000,2025,2,6,13,05003KT,15,11
2025-02-06 14:00:00.000,2025,2,6,14,04003KT,17,10
2025-02-06 15:00:00.000,2025,2,6,15,09006KT,19,09
2025-02-06 16:00:00.000,2025,2,6,16,07006KT,20,09
2025-02-06 17:00:00.000,2025,2,6,17,04007KT,19,09
2025-02-06 18:00:00.000,2025,2,6,18,VRB03KT,20,08
2025-02-06 19:00:00.000,2025,2,6,19,28011KT,20,13
2025-02-06 20:00:00.000,2025,2,6,20,27010G20KT,19,11
2025-02-06 21:00:00.000,2025,2,6,21,28014KT,19,11
2025-02-06 22:00:00.000,2025,2,6,22,25008KT,17,12
2025-02-06 23:00:00.000,2025,2,6,23,28008KT,15,13
2025-02-07 00:00:00.000,2025,2,7,0,27004KT,15,13
2025-02-07 01:00:00.000,2025,2,7,1,23004KT,15,13
2025-02-07 02:00:00.000,2025,2,7,2,29004KT,14,13
2025-02-07 03:00:00.000,2025,2,7,3,VRB02KT,14,13
2025-02-07 04:00:00.000,2025,2,7,4,35003KT,13,13
2025-02-07 05:00:00.000,2025,2,7,5,28004KT,14,14
2025-02-07 06:00:00.000,2025,2,7,6,VRB02KT,13,13
2025-02-07 07:00:00.000,2025,2,7,7,02004KT,12,12
2025-02-07 08:00:00.000,2025,2,7,8,VRB02KT,13,12
2025-02-07 09:00:00.000,2025,2,7,9,VRB02KT,12,12
2025-02-07 10:00:00.000,2025,2,7,10,VRB02KT,12,12
2025-02-07 10:30:00.000,2025,2,7,10,02003KT,12,12
2025-02-07 11:00:00.000,2025,2,7,11,03004KT,12,12
2025-02-07 12:00:00.000,2025,2,7,12,04003KT,13,12
2025-02-07 13:00:00.000,2025,2,7,13,06005KT,15,13
2025-02-07 14:00:00.000,2025,2,7,14,09008KT,16,11
2025-02-07 15:00:00.000,2025,2,7,15,12008KT,17,10
2025-02-07 16:00:00.000,2025,2,7,16,12005KT,17,10
2025-02-07 17:00:00.000,2025,2,7,17,19009KT,19,10
2025-02-07 18:00:00.000,2025,2,7,18,16003KT,21,08
2025-02-07 19:00:00.000,2025,2,7,19,15004KT,21,08
2025-02-07 20:00:00.000,2025,2,7,20,23011KT,20,12
2025-02-07 21:00:00.000,2025,2,7,21,32012KT,18,13
2025-02-07 22:00:00.000,2025,2,7,22,28010KT,17,12
2025-02-07 23:00:00.000,2025,2,7,23,27010KT,15,14
2025-02-08 00:00:00.000,2025,2,8,0,26006G16KT,15,14
2025-02-08 01:00:00.000,2025,2,8,1,27004KT,14,14
2025-02-08 02:00:00.000,2025,2,8,2,24003KT,15,14
2025-02-08 03:00:00.000,2025,2,8,3,33004KT,14,14
2025-02-08 04:00:00.000,2025,2,8,4,01004KT,13,13
2025-02-08 05:00:00.000,2025,2,8,5,VRB02KT,13,12
2025-02-08 06:00:00.000,2025,2,8,6,VRB02KT,14,13
2025-02-08 07:00:00.000,2025,2,8,7,VRB02KT,14,10
2025-02-08 08:00:00.000,2025,2,8,8,02004KT,13,12
2025-02-08 09:00:00.000,2025,2,8,9,03004KT,13,11
2025-02-08 10:00:00.000,2025,2,8,10,04005KT,12,11
2025-02-08 10:30:00.000,2025,2,8,10,04005KT,12,11
2025-02-08 11:00:00.000,2025,2,8,11,04006KT,12,11
2025-02-08 12:00:00.000,2025,2,8,12,05006KT,12,12
2025-02-08 13:00:00.000,2025,2,8,13,06005KT,14,11
2025-02-08 14:00:00.000,2025,2,8,14,04007KT,15,11
2025-02-08 15:00:00.000,2025,2,8,15,05005KT,18,11
2025-02-08 16:00:00.000,2025,2,8,16,10004KT,19,09
2025-02-08 17:00:00.000,2025,2,8,17,07005KT,21,09
2025-02-08 18:00:00.000,2025,2,8,18,23009KT,18,13
2025-02-08 19:00:00.000,2025,2,8,19,24011KT,20,12
2025-02-08 20:00:00.000,2025,2,8,20,24010KT,18,12
2025-02-08 21:00:00.000,2025,2,8,21,30010KT,17,13
2025-02-08 22:00:00.000,2025,2,8,22,25007KT,17,12
2025-02-08 23:00:00.000,2025,2,8,23,31007KT,15,12
2025-02-09 00:00:00.000,2025,2,9,0,31007KT,14,13
2025-02-09 01:00:00.000,2025,2,9,1,34005KT,14,14
2025-02-09 02:00:00.000,2025,2,9,2,23008KT,15,13
2025-02-09 03:00:00.000,2025,2,9,3,VRB02KT,14,14
2025-02-09 04:00:00.000,2025,2,9,4,33006KT,13,13
2025-02-09 05:00:00.000,2025,2,9,5,36006KT,13,13
2025-02-09 06:00:00.000,2025,2,9,6,00000KT,13,13
2025-02-09 07:00:00.000,2025,2,9,7,25007KT,13,13
2025-02-09 08:00:00.000,2025,2,9,8,VRB02KT,13,12
2025-02-09 09:00:00.000,2025,2,9,9,00000KT,13,13
2025-02-09 10:00:00.000,2025,2,9,10,00000KT,11,11
2025-02-09 10:30:00.000,2025,2,9,10,33007KT,11,11
2025-02-09 11:00:00.000,2025,2,9,11,33005KT,11,11
2025-02-09 12:00:00.000,2025,2,9,12,VRB01KT,12,11
2025-02-09 12:35:00.000,2025,2,9,12,04003KT,14,13
2025-02-09 13:00:00.000,2025,2,9,13,04003KT,14,13
2025-02-09 14:00:00.000,2025,2,9,14,05005KT,16,12
2025-02-09 15:00:00.000,2025,2,9,15,05004KT,17,11
2025-02-09 16:00:00.000,2025,2,9,16,01004KT,18,12
2025-02-09 17:00:00.000,2025,2,9,17,24008KT,17,13
2025-02-09 18:00:00.000,2025,2,9,18,22008KT,19,13
2025-02-09 19:00:00.000,2025,2,9,19,23011KT,19,12
2025-02-09 20:00:00.000,2025,2,9,20,31012KT,19,12
2025-02-09 21:00:00.000,2025,2,9,21,31008KT,20,10
2025-02-09 22:00:00.000,2025,2,9,22,29012KT,18,12
2025-02-09 23:00:00.000,2025,2,9,23,27012KT,16,11
2025-02-10 00:00:00.000,2025,2,10,0,31006KT,15,12
2025-02-10 01:00:00.000,2025,2,10,1,30005KT,14,13
2025-02-10 02:00:00.000,2025,2,10,2,29004KT,14,13
2025-02-10 02:30:00.000,2025,2,10,2,VRB02KT,13,13
2025-02-10 03:00:00.000,2025,2,10,3,VRB02KT,13,13
2025-02-10 04:00:00.000,2025,2,10,4,VRB03KT,14,14
2025-02-10 05:00:00.000,2025,2,10,5,VRB03KT,14,14
2025-02-10 06:00:00.000,2025,2,10,6,VRB02KT,14,14
2025-02-10 07:00:00.000,2025,2,10,7,VRB03KT,14,14
2025-02-10 08:00:00.000,2025,2,10,8,VRB03KT,13,13
2025-02-10 09:00:00.000,2025,2,10,9,VRB02KT,13,13
2025-02-10 10:00:00.000,2025,2,10,10,VRB02KT,13,13
2025-02-10 10:30:00.000,2025,2,10,10,36003KT,12,12
2025-02-10 11:00:00.000,2025,2,10,11,VRB02KT,12,12
2025-02-10 12:00:00.000,2025,2,10,12,05002KT,13,13
2025-02-10 13:00:00.000,2025,2,10,13,03005KT,14,13
2025-02-10 14:00:00.000,2025,2,10,14,06006KT,17,12
2025-02-10 15:00:00.000,2025,2,10,15,11006KT,19,11
2025-02-10 16:00:00.000,2025,2,10,16,VRB02KT,19,10
2025-02-10 17:00:00.000,2025,2,10,17,VRB02KT,20,10
2025-02-10 17:13:00.000,2025,2,10,17,26011KT,19,12
2025-02-10 18:00:00.000,2025,2,10,18,27010KT,18,12
2025-02-10 19:00:00.000,2025,2,10,19,28012KT,19,13
2025-02-10 20:00:00.000,2025,2,10,20,28013KT,18,13
2025-02-10 21:00:00.000,2025,2,10,21,25010KT,16,13
2025-02-10 22:00:00.000,2025,2,10,22,25010KT,17,13
2025-02-10 23:00:00.000,2025,2,10,23,30007KT,16,12
2025-02-11 00:00:00.000,2025,2,11,0,27004KT,15,13
2025-02-11 01:00:00.000,2025,2,11,1,25004KT,14,14
2025-02-11 02:00:00.000,2025,2,11,2,24004KT,14,14
2025-02-11 03:00:00.000,2025,2,11,3,27005KT,14,14
2025-02-11 04:00:00.000,2025,2,11,4,33004KT,14,14
2025-02-11 05:00:00.000,2025,2,11,5,05004KT,13,13
2025-02-11 06:00:00.000,2025,2,11,6,VRB02KT,13,13
2025-02-11 07:00:00.000,2025,2,11,7,32003KT,13,13
2025-02-11 08:00:00.000,2025,2,11,8,32003KT,12,12
2025-02-11 09:00:00.000,2025,2,11,9,02004KT,12,12
2025-02-11 10:00:00.000,2025,2,11,10,04005KT,12,12
2025-02-11 10:30:00.000,2025,2,11,10,03005KT,12,12
2025-02-11 11:00:00.000,2025,2,11,11,03004KT,12,12
2025-02-11 12:00:00.000,2025,2,11,12,07003KT,13,12
2025-02-11 13:00:00.000,2025,2,11,13,05005KT,14,12
2025-02-11 14:00:00.000,2025,2,11,14,02004KT,14,12
2025-02-11 15:00:00.000,2025,2,11,15,04007KT,15,11
2025-02-11 16:00:00.000,2025,2,11,16,05007KT,15,10
2025-02-11 17:00:00.000,2025,2,11,17,10005KT,16,10
2025-02-11 18:00:00.000,2025,2,11,18,13008KT,18,11
2025-02-11 19:00:00.000,2025,2,11,19,11006KT,18,11
2025-02-11 19:25:00.000,2025,2,11,19,30015KT,16,13
2025-02-11 20:00:00.000,2025,2,11,20,29011KT,16,12
2025-02-11 21:00:00.000,2025,2,11,21,30014KT,13,13
2025-02-11 22:00:00.000,2025,2,11,22,35003KT,14,13
2025-02-11 23:00:00.000,2025,2,11,23,VRB02KT,14,13
2025-02-12 00:00:00.000,2025,2,12,0,VRB02KT,12,12
2025-02-12 01:00:00.000,2025,2,12,1,VRB02KT,12,12
2025-02-12 02:00:00.000,2025,2,12,2,VRB02KT,11,11
2025-02-12 03:00:00.000,2025,2,12,3,32004KT,11,10
2025-02-12 04:00:00.000,2025,2,12,4,VRB02KT,11,10
2025-02-12 05:00:00.000,2025,2,12,5,33004KT,12,11
2025-02-12 06:00:00.000,2025,2,12,6,VRB02KT,12,12
2025-02-12 07:00:00.000,2025,2,12,7,VRB02KT,12,11
2025-02-12 08:00:00.000,2025,2,12,8,VRB02KT,12,12
2025-02-12 08:29:00.000,2025,2,12,8,36003KT,12,12
2025-02-12 09:00:00.000,2025,2,12,9,VRB02KT,12,12
2025-02-12 10:00:00.000,2025,2,12,10,33003KT,12,12
2025-02-12 10:30:00.000,2025,2,12,10,VRB02KT,12,12
2025-02-12 10:39:00.000,2025,2,12,10,VRB02KT,12,12
2025-02-12 11:00:00.000,2025,2,12,11,VRB02KT,12,12
2025-02-12 11:36:00.000,2025,2,12,11,03004KT,12,12
2025-02-12 12:00:00.000,2025,2,12,12,03004KT,12,12
2025-02-12 12:35:00.000,2025,2,12,12,05004KT,12,12
2025-02-12 13:00:00.000,2025,2,12,13,04003KT,13,13
2025-02-12 14:00:00.000,2025,2,12,14,VRB03KT,16,13
2025-02-12 15:00:00.000,2025,2,12,15,VRB02KT,16,12
2025-02-12 16:00:00.000,2025,2,12,16,35004KT,17,12
2025-02-12 17:00:00.000,2025,2,12,17,VRB02KT,19,12
2025-02-12 18:00:00.000,2025,2,12,18,33006KT,19,13
2025-02-12 19:00:00.000,2025,2,12,19,28008KT,19,13
2025-02-12 20:00:00.000,2025,2,12,20,30013KT,19,13
2025-02-12 21:00:00.000,2025,2,12,21,30010KT,18,13
2025-02-12 22:00:00.000,2025,2,12,22,21006KT,17,13
2025-02-12 23:00:00.000,2025,2,12,23,28005KT,16,14
2025-02-13 00:00:00.000,2025,2,13,0,36004KT,15,15
2025-02-13 01:00:00.000,2025,2,13,1,04003KT,14,14
2025-02-13 01:16:00.000,2025,2,13,1,03007KT,13,13
2025-02-13 02:00:00.000,2025,2,13,2,02004KT,13,13
2025-02-13 03:00:00.000,2025,2,13,3,03005KT,13,13
2025-02-13 04:00:00.000,2025,2,13,4,05006KT,13,13
2025-02-13 05:00:00.000,2025,2,13,5,15004KT,12,12
2025-02-13 06:00:00.000,2025,2,13,6,VRB02KT,13,13
2025-02-13 07:00:00.000,2025,2,13,7,33003KT,12,12
2025-02-13 08:00:00.000,2025,2,13,8,05003KT,12,12
2025-02-13 09:00:00.000,2025,2,13,9,VRB02KT,11,11
2025-02-13 10:00:00.000,2025,2,13,10,06004KT,11,11
2025-02-13 10:30:00.000,2025,2,13,10,03003KT,12,12
2025-02-13 11:00:00.000,2025,2,13,11,05004KT,12,12
2025-02-13 12:00:00.000,2025,2,13,12,VRB02KT,13,11
2025-02-13 13:00:00.000,2025,2,13,13,04005KT,14,13
2025-02-13 14:00:00.000,2025,2,13,14,05006KT,16,13
2025-02-13 15:00:00.000,2025,2,13,15,03008KT,15,14
2025-02-13 16:00:00.000,2025,2,13,16,05007KT,17,12
2025-02-13 17:00:00.000,2025,2,13,17,32006KT,17,12
2025-02-13 18:00:00.000,2025,2,13,18,29006KT,17,12
2025-02-13 19:00:00.000,2025,2,13,19,30010KT,17,14
2025-02-13 20:00:00.000,2025,2,13,20,26010KT,14,14
2025-02-13 21:00:00.000,2025,2,13,21,28006KT,14,14
2025-02-13 22:00:00.000,2025,2,13,22,VRB04KT,14,14
2025-02-13 23:00:00.000,2025,2,13,23,04005KT,14,14
2025-02-14 00:00:00.000,2025,2,14,0,06009KT,13,13
2025-02-14 01:00:00.000,2025,2,14,1,05008KT,12,12
2025-02-14 02:00:00.000,2025,2,14,2,VRB02KT,12,12
2025-02-14 03:00:00.000,2025,2,14,3,03005KT,11,11
2025-02-14 04:00:00.000,2025,2,14,4,35003KT,12,12
2025-02-14 05:00:00.000,2025,2,14,5,15005KT,12,12
2025-02-14 06:00:00.000,2025,2,14,6,05007KT,11,11
2025-02-14 07:00:00.000,2025,2,14,7,02004KT,11,11
2025-02-14 08:00:00.000,2025,2,14,8,09005KT,11,11
2025-02-14 09:00:00.000,2025,2,14,9,29008KT,11,11
2025-02-14 10:00:00.000,2025,2,14,10,VRB02KT,11,11
2025-02-14 10:30:00.000,2025,2,14,10,35003KT,10,10
2025-02-14 11:00:00.000,2025,2,14,11,VRB02KT,09,09
2025-02-14 12:00:00.000,2025,2,14,12,VRB02KT,12,11
2025-02-14 13:00:00.000,2025,2,14,13,36004KT,13,12
2025-02-14 14:00:00.000,2025,2,14,14,26003KT,14,12
2025-02-14 15:00:00.000,2025,2,14,15,32004KT,17,11
2025-02-14 16:00:00.000,2025,2,14,16,28006KT,17,10
2025-02-14 17:00:00.000,2025,2,14,17,26006KT,18,10
2025-02-14 18:00:00.000,2025,2,14,18,27012KT,17,11
2025-02-14 19:00:00.000,2025,2,14,19,28009KT,16,11
2025-02-14 20:00:00.000,2025,2,14,20,32010KT,16,14
2025-02-14 21:00:00.000,2025,2,14,21,34007KT,16,13
2025-02-14 22:00:00.000,2025,2,14,22,34008KT,15,13
2025-02-14 23:00:00.000,2025,2,14,23,35006KT,14,12
2025-02-15 00:00:00.000,2025,2,15,0,VRB02KT,13,12
2025-02-15 01:00:00.000,2025,2,15,1,VRB02KT,13,12
2025-02-15 02:00:00.000,2025,2,15,2,VRB02KT,13,12
2025-02-15 03:00:00.000,2025,2,15,3,VRB02KT,13,12
2025-02-15 04:00:00.000,2025,2,15,4,36003KT,13,12
2025-02-15 05:00:00.000,2025,2,15,5,33004KT,13,12
2025-02-15 06:00:00.000,2025,2,15,6,29003KT,12,12
2025-02-15 07:00:00.000,2025,2,15,7,32003KT,12,12
2025-02-15 08:00:00.000,2025,2,15,8,29004KT,12,12
2025-02-15 09:00:00.000,2025,2,15,9,27004KT,12,12
2025-02-15 10:00:00.000,2025,2,15,10,30003KT,12,12
2025-02-15 10:30:00.000,2025,2,15,10,27003KT,12,12
2025-02-15 11:00:00.000,2025,2,15,11,34003KT,12,12
2025-02-15 12:00:00.000,2025,2,15,12,32008KT,12,12
2025-02-15 12:13:00.000,2025,2,15,12,32008KT,12,12
2025-02-15 13:00:00.000,2025,2,15,13,35005KT,13,12
2025-02-15 14:00:00.000,2025,2,15,14,VRB02KT,15,12
2025-02-15 15:00:00.000,2025,2,15,15,18005KT,18,12
2025-02-15 16:00:00.000,2025,2,15,16,22005KT,20,10
2025-02-15 17:00:00.000,2025,2,15,17,32015KT,17,12
2025-02-15 18:00:00.000,2025,2,15,18,29012KT,19,12
2025-02-15 19:00:00.000,2025,2,15,19,30012KT,20,13
2025-02-15 20:00:00.000,2025,2,15,20,28013G24KT,20,11
2025-02-15 21:00:00.000,2025,2,15,21,29010KT,18,11
2025-02-15 22:00:00.000,2025,2,15,22,34010KT,16,11
2025-02-15 23:00:00.000,2025,2,15,23,29008KT,16,12
2025-02-16 00:00:00.000,2025,2,16,0,31007KT,13,12
2025-02-16 01:00:00.000,2025,2,16,1,31004KT,12,12
2025-02-16 01:27:00.000,2025,2,16,1,29007KT,14,13
2025-02-16 02:00:00.000,2025,2,16,2,28005KT,14,13
2025-02-16 03:00:00.000,2025,2,16,3,30004KT,13,13
2025-02-16 04:00:00.000,2025,2,16,4,26005KT,14,13
2025-02-16 05:00:00.000,2025,2,16,5,VRB02KT,12,12
2025-02-16 06:00:00.000,2025,2,16,6,VRB02KT,11,11
2025-02-16 07:00:00.000,2025,2,16,7,36004KT,10,10
2025-02-16 08:00:00.000,2025,2,16,8,00000KT,09,09
2025-02-16 09:00:00.000,2025,2,16,9,33004KT,08,08
2025-02-16 10:00:00.000,2025,2,16,10,VRB03KT,08,08
2025-02-16 10:30:00.000,2025,2,16,10,VRB02KT,08,08
2025-02-16 11:00:00.000,2025,2,16,11,VRB02KT,08,08
2025-02-16 12:00:00.000,2025,2,16,12,02006KT,11,09
2025-02-16 13:00:00.000,2025,2,16,13,06007KT,14,11
2025-02-16 14:00:00.000,2025,2,16,14,05005KT,17,11
2025-02-16 15:00:00.000,2025,2,16,15,02006KT,17,11
2025-02-16 16:00:00.000,2025,2,16,16,07005KT,19,11
2025-02-16 17:00:00.000,2025,2,16,17,VRB03KT,19,10
2025-02-16 18:00:00.000,2025,2,16,18,30010KT,17,12
2025-02-16 19:00:00.000,2025,2,16,19,25005KT,19,12
2025-02-16 20:00:00.000,2025,2,16,20,29012KT,17,11
2025-02-16 20:40:00.000,2025,2,16,20,24008KT,15,14
2025-02-16 21:00:00.000,2025,2,16,21,VRB06G16KT,15,14
2025-02-16 21:27:00.000,2025,2,16,21,30007KT,17,12
2025-02-16 22:00:00.000,2025,2,16,22,31005KT,17,12
2025-02-16 23:00:00.000,2025,2,16,23,27007KT,16,12
2025-02-17 00:00:00.000,2025,2,17,0,28007KT,15,13
2025-02-17 01:00:00.000,2025,2,17,1,30005KT,14,14
2025-02-17 02:00:00.000,2025,2,17,2,30007KT,14,14
2025-02-17 03:00:00.000,2025,2,17,3,31007KT,14,14
2025-02-17 04:00:00.000,2025,2,17,4,31008KT,14,13
2025-02-17 05:00:00.000,2025,2,17,5,29004KT,14,13
2025-02-17 06:00:00.000,2025,2,17,6,24005KT,13,13
2025-02-17 07:00:00.000,2025,2,17,7,28005KT,13,13
2025-02-17 08:00:00.000,2025,2,17,8,31003KT,12,12
2025-02-17 09:00:00.000,2025,2,17,9,VRB02KT,12,12
2025-02-17 10:00:00.000,2025,2,17,10,VRB02KT,12,12
2025-02-17 10:30:00.000,2025,2,17,10,VRB02KT,12,12
2025-02-17 10:35:00.000,2025,2,17,10,VRB02KT,12,12
2025-02-17 11:00:00.000,2025,2,17,11,06001KT,12,12
2025-02-17 12:00:00.000,2025,2,17,12,06004KT,13,13
2025-02-17 13:00:00.000,2025,2,17,13,05004KT,14,12
2025-02-17 14:00:00.000,2025,2,17,14,36006KT,16,12
2025-02-17 15:00:00.000,2025,2,17,15,36006KT,17,11
2025-02-17 16:00:00.000,2025,2,17,16,05006KT,19,09
2025-02-17 17:00:00.000,2025,2,17,17,32005KT,20,10
2025-02-17 18:00:00.000,2025,2,17,18,30012KT,20,12
2025-02-17 19:00:00.000,2025,2,17,19,32010KT,16,13
2025-02-17 19:12:00.000,2025,2,17,19,31012KT,13,13
2025-02-17 19:25:00.000,2025,2,17,19,27007G17KT,14,14
2025-02-17 20:00:00.000,2025,2,17,20,VRB03KT,15,15
2025-02-17 21:00:00.000,2025,2,17,21,16008KT,14,14
2025-02-17 22:00:00.000,2025,2,17,22,16004KT,14,13
2025-02-17 23:00:00.000,2025,2,17,23,21004KT,15,13
2025-02-18 00:00:00.000,2025,2,18,0,VRB02KT,13,13
2025-02-18 01:00:00.000,2025,2,18,1,33004KT,13,13
2025-02-18 02:00:00.000,2025,2,18,2,34003KT,13,13
2025-02-18 03:00:00.000,2025,2,18,3,VRB02KT,13,13
2025-02-18 04:00:00.000,2025,2,18,4,VRB02KT,13,13
2025-02-18 05:00:00.000,2025,2,18,5,VRB02KT,12,12
2025-02-18 06:00:00.000,2025,2,18,6,VRB02KT,12,12
2025-02-18 07:00:00.000,2025,2,18,7,30003KT,12,12
2025-02-18 08:00:00.000,2025,2,18,8,VRB02KT,11,11
2025-02-18 09:00:00.000,2025,2,18,9,VRB02KT,11,11
2025-02-18 10:00:00.000,2025,2,18,10,34004KT,08,08
2025-02-18 10:30:00.000,2025,2,18,10,03003KT,09,09
2025-02-18 11:00:00.000,2025,2,18,11,VRB02KT,10,10
2025-02-18 12:00:00.000,2025,2,18,12,VRB02KT,11,09
2025-02-18 13:00:00.000,2025,2,18,13,VRB02KT,13,12
2025-02-18 14:00:00.000,2025,2,18,14,04005KT,16,13
2025-02-18 15:00:00.000,2025,2,18,15,06005KT,17,11
2025-02-18 16:00:00.000,2025,2,18,16,12007KT,19,08
2025-02-18 17:00:00.000,2025,2,18,17,15007KT,20,07
2025-02-18 18:00:00.000,2025,2,18,18,24008KT,21,10
2025-02-18 19:00:00.000,2025,2,18,19,29012KT,19,11
2025-02-18 20:00:00.000,2025,2,18,20,27012KT,18,12
2025-02-18 20:37:00.000,2025,2,18,20,34009KT,15,14
2025-02-18 21:00:00.000,2025,2,18,21,33009KT,14,13
2025-02-18 21:34:00.000,2025,2,18,21,26006KT,14,12
2025-02-18 22:00:00.000,2025,2,18,22,27005KT,15,12
2025-02-18 23:00:00.000,2025,2,18,23,VRB02KT,14,13
2025-02-19 00:00:00.000,2025,2,19,0,27003KT,14,13
2025-02-19 01:00:00.000,2025,2,19,1,31003KT,14,13
2025-02-19 02:00:00.000,2025,2,19,2,VRB02KT,13,12
2025-02-19 03:00:00.000,2025,2,19,3,31005KT,13,12
2025-02-19 04:00:00.000,2025,2,19,4,VRB02KT,12,11
2025-02-19 05:00:00.000,2025,2,19,5,VRB02KT,12,11
2025-02-19 06:00:00.000,2025,2,19,6,VRB02KT,11,10
2025-02-19 07:00:00.000,2025,2,19,7,35003KT,10,09
2025-02-19 08:00:00.000,2025,2,19,8,03004KT,10,10
2025-02-19 09:00:00.000,2025,2,19,9,04004KT,11,10
2025-02-19 10:00:00.000,2025,2,19,10,VRB02KT,10,10
2025-02-19 10:30:00.000,2025,2,19,10,VRB02KT,10,10
2025-02-19 11:00:00.000,2025,2,19,11,VRB02KT,10,10
2025-02-19 12:00:00.000,2025,2,19,12,06003KT,11,10
2025-02-19 12:25:00.000,2025,2,19,12,03003KT,13,11
2025-02-19 13:00:00.000,2025,2,19,13,02004KT,14,11
2025-02-19 14:00:00.000,2025,2,19,14,04004KT,16,10
2025-02-19 15:00:00.000,2025,2,19,15,VRB04KT,18,09
2025-02-19 16:00:00.000,2025,2,19,16,09007KT,19,08
2025-02-19 17:00:00.000,2025,2,19,17,17005KT,20,08
2025-02-19 18:00:00.000,2025,2,19,18,17006KT,19,08
2025-02-19 19:00:00.000,2025,2,19,19,VRB03KT,20,08
2025-02-19 20:00:00.000,2025,2,19,20,25006KT,19,10
2025-02-19 21:00:00.000,2025,2,19,21,26009KT,19,12
2025-02-19 22:00:00.000,2025,2,19,22,24007KT,17,13
2025-02-19 23:00:00.000,2025,2,19,23,25005KT,16,13
2025-02-20 00:00:00.000,2025,2,20,0,24004KT,15,13
2025-02-20 01:00:00.000,2025,2,20,1,VRB02KT,14,14
2025-02-20 02:00:00.000,2025,2,20,2,VRB02KT,12,12
2025-02-20 03:00:00.000,2025,2,20,3,VRB02KT,13,13
2025-02-20 04:00:00.000,2025,2,20,4,35004KT,13,13
2025-02-20 05:00:00.000,2025,2,20,5,06004KT,13,12
2025-02-20 06:00:00.000,2025,2,20,6,04005KT,11,11
2025-02-20 07:00:00.000,2025,2,20,7,04005KT,11,11
2025-02-20 08:00:00.000,2025,2,20,8,02004KT,11,11
2025-02-20 09:00:00.000,2025,2,20,9,04003KT,11,11
2025-02-20 10:00:00.000,2025,2,20,10,05005KT,12,12
2025-02-20 10:30:00.000,2025,2,20,10,04005KT,12,12
2025-02-20 11:00:00.000,2025,2,20,11,04003KT,11,11
2025-02-20 12:00:00.000,2025,2,20,12,03007KT,12,11
2025-02-20 13:00:00.000,2025,2,20,13,04005KT,14,11
2025-02-20 14:00:00.000,2025,2,20,14,05004KT,15,11
2025-02-20 15:00:00.000,2025,2,20,15,07005KT,17,11
2025-02-20 16:00:00.000,2025,2,20,16,08005KT,19,11
2025-02-20 17:00:00.000,2025,2,20,17,08006KT,20,09
2025-02-20 18:00:00.000,2025,2,20,18,11005KT,20,10
2025-02-20 19:00:00.000,2025,2,20,19,26006KT,18,12
2025-02-20 20:00:00.000,2025,2,20,20,29008KT,18,12
2025-02-20 21:00:00.000,2025,2,20,21,27007KT,19,12
2025-02-20 22:00:00.000,2025,2,20,22,24008KT,19,13
2025-02-20 23:00:00.000,2025,2,20,23,28008KT,17,12
2025-02-21 00:00:00.000,2025,2,21,0,28006KT,16,14
2025-02-21 01:00:00.000,2025,2,21,1,VRB02KT,14,14
2025-02-21 02:00:00.000,2025,2,21,2,34004KT,13,13
2025-02-21 03:00:00.000,2025,2,21,3,35004KT,13,12
2025-02-21 04:00:00.000,2025,2,21,4,05006KT,13,12
2025-02-21 05:00:00.000,2025,2,21,5,04006KT,13,12
2025-02-21 06:00:00.000,2025,2,21,6,VRB02KT,12,12
2025-02-21 07:00:00.000,2025,2,21,7,04007KT,12,11
2025-02-21 08:00:00.000,2025,2,21,8,06005KT,12,11
2025-02-21 09:00:00.000,2025,2,21,9,01004KT,12,11
2025-02-21 10:00:00.000,2025,2,21,10,06006KT,12,11
2025-02-21 11:00:00.000,2025,2,21,11,05007KT,12,11
2025-02-21 12:00:00.000,2025,2,21,12,05007KT,13,11
2025-02-21 13:00:00.000,2025,2,21,13,04008KT,14,11
2025-02-21 14:00:00.000,2025,2,21,14,03008KT,15,11
2025-02-21 15:00:00.000,2025,2,21,15,07007KT,16,10
2025-02-21 16:00:00.000,2025,2,21,16,03006KT,17,10
2025-02-21 17:00:00.000,2025,2,21,17,VRB02KT,18,10
2025-02-21 18:00:00.000,2025,2,21,18,09004KT,19,10
2025-02-21 19:00:00.000,2025,2,21,19,14008KT,20,10
2025-02-21 20:00:00.000,2025,2,21,20,06008KT,19,10
2025-02-21 21:00:00.000,2025,2,21,21,07007KT,19,10
2025-02-21 22:00:00.000,2025,2,21,22,07006KT,19,09
2025-02-21 23:00:00.000,2025,2,21,23,06005KT,17,10
2025-02-22 00:00:00.000,2025,2,22,0,10003KT,17,09
2025-02-22 01:00:00.000,2025,2,22,1,04003KT,15,10
2025-02-22 02:00:00.000,2025,2,22,2,31007KT,14,13
2025-02-22 03:00:00.000,2025,2,22,3,VRB02KT,13,13
2025-02-22 04:00:00.000,2025,2,22,4,31003KT,14,13
2025-02-22 05:00:00.000,2025,2,22,5,VRB02KT,13,13
2025-02-22 06:00:00.000,2025,2,22,6,05005KT,12,12
2025-02-22 07:00:00.000,2025,2,22,7,05004KT,13,13
2025-02-22 08:00:00.000,2025,2,22,8,02003KT,12,12
2025-02-22 09:00:00.000,2025,2,22,9,01003KT,12,12
2025-02-22 10:00:00.000,2025,2,22,10,VRB02KT,12,12
2025-02-22 10:30:00.000,2025,2,22,10,VRB02KT,12,12
2025-02-22 11:00:00.000,2025,2,22,11,VRB02KT,12,12
2025-02-22 12:00:00.000,2025,2,22,12,36004KT,12,12
2025-02-22 13:00:00.000,2025,2,22,13,05004KT,14,14
2025-02-22 14:00:00.000,2025,2,22,14,05004KT,14,13
2025-02-22 15:00:00.000,2025,2,22,15,05005KT,15,13
2025-02-22 16:00:00.000,2025,2,22,16,VRB02KT,14,13
2025-02-22 17:00:00.000,2025,2,22,17,VRB02KT,13,13
2025-02-22 18:00:00.000,2025,2,22,18,VRB02KT,16,15
2025-02-22 19:00:00.000,2025,2,22,19,VRB02KT,17,13
2025-02-22 20:00:00.000,2025,2,22,20,02007KT,17,14
2025-02-22 21:00:00.000,2025,2,22,21,22006KT,16,13
2025-02-22 22:00:00.000,2025,2,22,22,32006KT,14,14
2025-02-22 23:00:00.000,2025,2,22,23,27004KT,14,14
2025-02-23 00:00:00.000,2025,2,23,0,VRB02KT,14,14
2025-02-23 01:00:00.000,2025,2,23,1,VRB02KT,13,13
2025-02-23 02:00:00.000,2025,2,23,2,VRB02KT,12,12
2025-02-23 03:00:00.000,2025,2,23,3,VRB03KT,11,11
2025-02-23 04:00:00.000,2025,2,23,4,VRB02KT,12,12
2025-02-23 05:00:00.000,2025,2,23,5,34003KT,11,11
2025-02-23 06:00:00.000,2025,2,23,6,30003KT,12,12
2025-02-23 07:00:00.000,2025,2,23,7,VRB02KT,12,12
2025-02-23 08:00:00.000,2025,2,23,8,00000KT,11,11
2025-02-23 09:00:00.000,2025,2,23,9,VRB02KT,12,12
2025-02-23 10:00:00.000,2025,2,23,10,VRB02KT,12,12
2025-02-23 10:30:00.000,2025,2,23,10,35003KT,12,12
2025-02-23 11:00:00.000,2025,2,23,11,00000KT,12,12
2025-02-23 12:00:00.000,2025,2,23,12,VRB02KT,13,12
2025-02-23 13:00:00.000,2025,2,23,13,05004KT,14,12
2025-02-23 14:00:00.000,2025,2,23,14,03004KT,15,12
2025-02-23 15:00:00.000,2025,2,23,15,35004KT,16,12
2025-02-23 16:00:00.000,2025,2,23,16,VRB02KT,17,12
2025-02-23 17:00:00.000,2025,2,23,17,32003KT,18,12
2025-02-23 18:00:00.000,2025,2,23,18,02004KT,18,11
2025-02-23 19:00:00.000,2025,2,23,19,VRB02KT,19,10
2025-02-23 20:00:00.000,2025,2,23,20,30006KT,18,13
2025-02-23 21:00:00.000,2025,2,23,21,31006KT,18,13
2025-02-23 22:00:00.000,2025,2,23,22,30007KT,17,14
2025-02-23 23:00:00.000,2025,2,23,23,29006KT,17,14
2025-02-24 00:00:00.000,2025,2,24,0,28007KT,15,14
2025-02-24 01:00:00.000,2025,2,24,1,21003KT,15,13
2025-02-24 02:00:00.000,2025,2,24,2,34004KT,14,13
2025-02-24 03:00:00.000,2025,2,24,3,VRB02KT,13,12
2025-02-24 04:00:00.000,2025,2,24,4,VRB02KT,13,12
2025-02-24 05:00:00.000,2025,2,24,5,VRB01KT,13,12
2025-02-24 06:00:00.000,2025,2,24,6,VRB02KT,13,12
2025-02-24 07:00:00.000,2025,2,24,7,VRB02KT,13,12
2025-02-24 08:00:00.000,2025,2,24,8,32003KT,13,13
2025-02-24 09:00:00.000,2025,2,24,9,VRB02KT,13,13
2025-02-24 10:00:00.000,2025,2,24,10,04003KT,13,13
2025-02-24 10:29:00.000,2025,2,24,10,34003KT,13,12
2025-02-24 11:00:00.000,2025,2,24,11,VRB02KT,13,12
2025-02-24 12:00:00.000,2025,2,24,12,04005KT,14,13
2025-02-24 13:00:00.000,2025,2,24,13,05005KT,15,13
2025-02-24 14:00:00.000,2025,2,24,14,07006KT,16,12
2025-02-24 15:00:00.000,2025,2,24,15,11006KT,17,11
2025-02-24 16:00:00.000,2025,2,24,16,09004KT,18,11
2025-02-24 17:00:00.000,2025,2,24,17,09005KT,19,10
2025-02-24 18:00:00.000,2025,2,24,18,10006KT,20,10
2025-02-24 19:00:00.000,2025,2,24,19,27008KT,19,12
2025-02-24 20:00:00.000,2025,2,24,20,25005KT,20,13
2025-02-24 21:00:00.000,2025,2,24,21,30011KT,17,14
2025-02-24 22:00:00.000,2025,2,24,22,25005KT,17,14
2025-02-24 23:00:00.000,2025,2,24,23,29006KT,16,13
2025-02-25 00:00:00.000,2025,2,25,0,33006KT,14,13
2025-02-25 01:00:00.000,2025,2,25,1,31006KT,14,12
2025-02-25 02:00:00.000,2025,2,25,2,VRB02KT,14,13
2025-02-25 03:00:00.000,2025,2,25,3,VRB02KT,14,13
2025-02-25 04:00:00.000,2025,2,25,4,VRB02KT,14,13
2025-02-25 05:00:00.000,2025,2,25,5,05003KT,13,12
2025-02-25 06:00:00.000,2025,2,25,6,08004KT,13,12
2025-02-25 07:00:00.000,2025,2,25,7,02005KT,12,11
2025-02-25 08:00:00.000,2025,2,25,8,09003KT,12,11
2025-02-25 09:00:00.000,2025,2,25,9,04005KT,12,11
2025-02-25 10:00:00.000,2025,2,25,10,VRB02KT,12,12
2025-02-25 10:30:00.000,2025,2,25,10,04003KT,12,12
2025-02-25 11:00:00.000,2025,2,25,11,04003KT,11,11
2025-02-25 12:00:00.000,2025,2,25,12,VRB02KT,12,12
2025-02-25 13:00:00.000,2025,2,25,13,02003KT,14,13
2025-02-25 14:00:00.000,2025,2,25,14,VRB02KT,16,12
2025-02-25 15:00:00.000,2025,2,25,15,01003KT,17,12
2025-02-25 16:00:00.000,2025,2,25,16,VRB02KT,18,11
2025-02-25 17:00:00.000,2025,2,25,17,34003KT,18,12
2025-02-25 18:00:00.000,2025,2,25,18,09004KT,19,11
2025-02-25 19:00:00.000,2025,2,25,19,02004KT,19,10
2025-02-25 20:00:00.000,2025,2,25,20,31004KT,18,13
2025-02-25 21:00:00.000,2025,2,25,21,33005KT,15,14
2025-02-25 22:00:00.000,2025,2,25,22,30008KT,15,13
2025-02-25 23:00:00.000,2025,2,25,23,30003KT,15,13
2025-02-26 00:00:00.000,2025,2,26,0,VRB02KT,14,13
2025-02-26 01:00:00.000,2025,2,26,1,VRB02KT,14,13
2025-02-26 02:00:00.000,2025,2,26,2,VRB02KT,14,13
2025-02-26 03:00:00.000,2025,2,26,3,30003KT,14,13
2025-02-26 04:00:00.000,2025,2,26,4,36003KT,13,12
2025-02-26 05:00:00.000,2025,2,26,5,34004KT,14,13
2025-02-26 06:00:00.000,2025,2,26,6,32003KT,13,12
2025-02-26 07:00:00.000,2025,2,26,7,28003KT,12,11
2025-02-26 08:00:00.000,2025,2,26,8,VRB02KT,11,10
2025-02-26 09:00:00.000,2025,2,26,9,01002KT,10,09
2025-02-26 10:00:00.000,2025,2,26,10,VRB01KT,11,11
2025-02-26 10:30:00.000,2025,2,26,10,VRB01KT,11,11
2025-02-26 11:00:00.000,2025,2,26,11,36003KT,11,11
2025-02-26 12:00:00.000,2025,2,26,12,04005KT,13,12
2025-02-26 13:00:00.000,2025,2,26,13,VRB02KT,15,13
2025-02-26 14:00:00.000,2025,2,26,14,03005KT,17,13
2025-02-26 15:00:00.000,2025,2,26,15,11006KT,19,10
2025-02-26 16:00:00.000,2025,2,26,16,VRB06KT,19,10
2025-02-26 17:00:00.000,2025,2,26,17,12007KT,21,10
2025-02-26 18:00:00.000,2025,2,26,18,08008KT,22,10
2025-02-26 19:00:00.000,2025,2,26,19,27011KT,20,12
2025-02-26 20:00:00.000,2025,2,26,20,30014KT,19,13
2025-02-26 20:32:00.000,2025,2,26,20,28012KT,17,15
2025-02-26 21:00:00.000,2025,2,26,21,28010KT,16,15
2025-02-26 22:00:00.000,2025,2,26,22,29008KT,17,16
2025-02-26 23:00:00.000,2025,2,26,23,26005KT,16,15
2025-02-27 00:00:00.000,2025,2,27,0,30006KT,15,14
2025-02-27 01:00:00.000,2025,2,27,1,28004KT,15,14
2025-02-27 02:00:00.000,2025,2,27,2,VRB02KT,14,13
2025-02-27 03:00:00.000,2025,2,27,3,26004KT,15,14
2025-02-27 04:00:00.000,2025,2,27,4,23004KT,15,14
2025-02-27 05:00:00.000,2025,2,27,5,VRB02KT,13,12
2025-02-27 06:00:00.000,2025,2,27,6,VRB02KT,12,11
2025-02-27 07:00:00.000,2025,2,27,7,VRB02KT,14,13
2025-02-27 08:00:00.000,2025,2,27,8,03005KT,12,12
2025-02-27 09:00:00.000,2025,2,27,9,VRB02KT,12,12
2025-02-27 10:00:00.000,2025,2,27,10,VRB02KT,11,11
2025-02-27 10:30:00.000,2025,2,27,10,VRB02KT,11,11
2025-02-27 11:00:00.000,2025,2,27,11,32004KT,10,10
2025-02-27 12:00:00.000,2025,2,27,12,01003KT,09,09
2025-02-27 13:00:00.000,2025,2,27,13,VRB02KT,14,14
2025-02-27 14:00:00.000,2025,2,27,14,02004KT,16,13
2025-02-27 15:00:00.000,2025,2,27,15,02005KT,18,13
2025-02-27 16:00:00.000,2025,2,27,16,08006KT,19,12
2025-02-27 17:00:00.000,2025,2,27,17,08006KT,19,10
2025-02-27 18:00:00.000,2025,2,27,18,03005KT,21,11
2025-02-27 19:00:00.000,2025,2,27,19,28012KT,20,13
2025-02-27 20:00:00.000,2025,2,27,20,27012KT,19,13
2025-02-27 21:00:00.000,2025,2,27,21,25012KT,17,13
2025-02-27 22:00:00.000,2025,2,27,22,24009KT,16,15
2025-02-27 23:00:00.000,2025,2,27,23,23006KT,17,14
2025-02-28 00:00:00.000,2025,2,28,0,28005KT,16,14
2025-02-28 00:28:00.000,2025,2,28,0,31010KT,15,12
2025-02-28 01:00:00.000,2025,2,28,1,32005KT,14,11
2025-02-28 02:00:00.000,2025,2,28,2,VRB02KT,14,12
2025-02-28 03:00:00.000,2025,2,28,3,01003KT,11,11
2025-02-28 04:00:00.000,2025,2,28,4,35003KT,10,10
2025-02-28 05:00:00.000,2025,2,28,5,33004KT,11,11
2025-02-28 06:00:00.000,2025,2,28,6,VRB02KT,11,11
2025-02-28 07:00:00.000,2025,2,28,7,VRB02KT,11,11
2025-02-28 08:00:00.000,2025,2,28,8,VRB02KT,12,12
2025-02-28 09:00:00.000,2025,2,28,9,VRB02KT,12,12
2025-02-28 10:00:00.000,2025,2,28,10,VRB02KT,12,12
2025-02-28 10:30:00.000,2025,2,28,10,VRB02KT,12,12
2025-02-28 11:00:00.000,2025,2,28,11,02003KT,11,11
2025-02-28 12:00:00.000,2025,2,28,12,33003KT,12,11
2025-02-28 13:00:00.000,2025,2,28,13,VRB02KT,14,13
2025-02-28 14:00:00.000,2025,2,28,14,VRB02KT,17,13
2025-02-28 15:00:00.000,2025,2,28,15,07004KT,18,11
2025-02-28 16:00:00.000,2025,2,28,16,25005KT,20,11
2025-02-28 17:00:00.000,2025,2,28,17,VRB03KT,22,10
2025-02-28 18:00:00.000,2025,2,28,18,25011KT,20,13
2025-02-28 19:00:00.000,2025,2,28,19,27013KT,19,13
2025-02-28 19:14:00.000,2025,2,28,19,27014KT,18,12
2025-02-28 20:00:00.000,2025,2,28,20,25011KT,17,14
2025-02-28 21:00:00.000,2025,2,28,21,25008KT,19,13
2025-02-28 22:00:00.000,2025,2,28,22,25008KT,19,13
2025-02-28 23:00:00.000,2025,2,28,23,26007KT,18,13
2025-03-01 00:00:00.000,2025,3,1,0,29008KT,16,13
2025-03-01 01:00:00.000,2025,3,1,1,34008KT,15,14
2025-03-01 02:00:00.000,2025,3,1,2,VRB03KT,13,12
2025-03-01 03:00:00.000,2025,3,1,3,VRB02KT,12,11
2025-03-01 04:00:00.000,2025,3,1,4,VRB02KT,11,11
2025-03-01 05:00:00.000,2025,3,1,5,VRB01KT,11,10
2025-03-01 06:00:00.000,2025,3,1,6,31003KT,12,12
2025-03-01 07:00:00.000,2025,3,1,7,VRB03KT,11,11
2025-03-01 08:00:00.000,2025,3,1,8,VRB02KT,11,11
2025-03-01 09:00:00.000,2025,3,1,9,VRB02KT,10,10
2025-03-01 10:00:00.000,2025,3,1,10,VRB02KT,11,11
2025-03-01 11:00:00.000,2025,3,1,11,VRB02KT,11,11
2025-03-01 12:00:00.000,2025,3,1,12,VRB02KT,11,11
2025-03-01 12:11:00.000,2025,3,1,12,VRB02KT,13,13
2025-03-01 13:00:00.000,2025,3,1,13,32003KT,14,13
2025-03-01 13:29:00.000,2025,3,1,13,VRB04KT,16,12
2025-03-01 14:00:00.000,2025,3,1,14,29006KT,16,12
2025-03-01 15:00:00.000,2025,3,1,15,VRB03KT,17,11
2025-03-01 15:30:00.000,2025,3,1,15,VRB03KT,20,10
2025-03-01 16:00:00.000,2025,3,1,16,VRB03KT,19,10
2025-03-01 17:00:00.000,2025,3,1,17,33004KT,21,08
2025-03-01 18:00:00.000,2025,3,1,18,30005KT,21,12
2025-03-01 18:29:00.000,2025,3,1,18,28015KT,19,13
2025-03-01 19:00:00.000,2025,3,1,19,27013KT,19,13
2025-03-01 20:00:00.000,2025,3,1,20,27013KT,19,12
2025-03-01 21:00:00.000,2025,3,1,21,26012G24KT,17,12
2025-03-01 22:00:00.000,2025,3,1,22,23008KT,17,11
2025-03-01 23:00:00.000,2025,3,1,23,23006KT,16,12
2025-03-01 23:37:00.000,2025,3,1,23,20007KT,15,14
2025-03-02 00:00:00.000,2025,3,2,0,27007KT,13,13
2025-03-02 00:08:00.000,2025,3,2,0,31010KT,12,12
2025-03-02 00:21:00.000,2025,3,2,0,29008KT,12,12
2025-03-02 01:00:00.000,2025,3,2,1,VRB02KT,13,13
2025-03-02 02:00:00.000,2025,3,2,2,28004KT,14,14
2025-03-02 03:00:00.000,2025,3,2,3,30005KT,13,13
2025-03-02 04:00:00.000,2025,3,2,4,33004KT,13,13
2025-03-02 05:00:00.000,2025,3,2,5,20004KT,14,13
2025-03-02 06:00:00.000,2025,3,2,6,VRB02KT,13,13
2025-03-02 07:00:00.000,2025,3,2,7,29004KT,12,12
2025-03-02 08:00:00.000,2025,3,2,8,VRB02KT,13,13
2025-03-02 09:00:00.000,2025,3,2,9,VRB02KT,13,13
2025-03-02 10:00:00.000,2025,3,2,10,35003KT,11,11
2025-03-02 10:29:00.000,2025,3,2,10,VRB02KT,12,12
2025-03-02 10:30:00.000,2025,3,2,10,VRB02KT,12,12
2025-03-02 11:00:00.000,2025,3,2,11,VRB02KT,11,11
2025-03-02 11:19:00.000,2025,3,2,11,VRB02KT,11,11
2025-03-02 12:00:00.000,2025,3,2,12,VRB02KT,12,12
2025-03-02 12:26:00.000,2025,3,2,12,03004KT,14,14
2025-03-02 13:00:00.000,2025,3,2,13,04004KT,14,14
2025-03-02 13:26:00.000,2025,3,2,13,06003KT,16,13
2025-03-02 14:00:00.000,2025,3,2,14,VRB02KT,16,13
2025-03-02 15:00:00.000,2025,3,2,15,25003KT,17,11
2025-03-02 16:00:00.000,2025,3,2,16,02003KT,18,10
2025-03-02 16:06:00.000,2025,3,2,16,VRB03KT,20,10
2025-03-02 17:00:00.000,2025,3,2,17,VRB03KT,20,09
2025-03-02 18:00:00.000,2025,3,2,18,31013KT,20,13
2025-03-02 19:00:00.000,2025,3,2,19,27011KT,19,12
2025-03-02 20:00:00.000,2025,3,2,20,28012KT,20,12
2025-03-02 21:00:00.000,2025,3,2,21,24012KT,18,13
2025-03-02 22:00:00.000,2025,3,2,22,26012KT,16,12
2025-03-02 23:00:00.000,2025,3,2,23,27005KT,15,13
2025-03-03 00:00:00.000,2025,3,3,0,22004KT,15,13
2025-03-03 01:00:00.000,2025,3,3,1,31004KT,13,13
2025-03-03 02:00:00.000,2025,3,3,2,30004KT,13,13
2025-03-03 03:00:00.000,2025,3,3,3,31005KT,14,13
2025-03-03 04:00:00.000,2025,3,3,4,32005KT,13,13
2025-03-03 05:00:00.000,2025,3,3,5,30005KT,13,13
2025-03-03 06:00:00.000,2025,3,3,6,27004KT,13,13
2025-03-03 07:00:00.000,2025,3,3,7,24004KT,13,13
2025-03-03 08:00:00.000,2025,3,3,8,VRB02KT,13,13
2025-03-03 09:00:00.000,2025,3,3,9,VRB01KT,12,12
2025-03-03 10:00:00.000,2025,3,3,10,VRB01KT,12,12
2025-03-03 10:32:00.000,2025,3,3,10,35002KT,11,11
2025-03-03 11:00:00.000,2025,3,3,11,34002KT,11,11
2025-03-03 12:00:00.000,2025,3,3,12,VRB02KT,11,11
2025-03-03 12:36:00.000,2025,3,3,12,33004KT,13,12
2025-03-03 13:00:00.000,2025,3,3,13,03005KT,14,13
2025-03-03 14:00:00.000,2025,3,3,14,04003KT,16,12
2025-03-03 15:00:00.000,2025,3,3,15,06005KT,17,12
2025-03-03 16:00:00.000,2025,3,3,16,VRB03KT,18,12
2025-03-03 17:00:00.000,2025,3,3,17,27008KT,19,12
2025-03-03 17:22:00.000,2025,3,3,17,06008KT,18,13
2025-03-03 18:00:00.000,2025,3,3,18,05007KT,18,12
2025-03-03 18:33:00.000,2025,3,3,18,30011KT,15,12
2025-03-03 19:00:00.000,2025,3,3,19,21012KT,13,13
2025-03-03 19:18:00.000,2025,3,3,19,16005KT,13,13
2025-03-03 20:00:00.000,2025,3,3,20,23004KT,14,13
2025-03-03 21:00:00.000,2025,3,3,21,29006KT,15,14
2025-03-03 21:20:00.000,2025,3,3,21,28008KT,16,14
2025-03-03 22:00:00.000,2025,3,3,22,28006KT,16,14
2025-03-03 23:00:00.000,2025,3,3,23,24003KT,14,14
2025-03-04 00:00:00.000,2025,3,4,0,35003KT,13,13
2025-03-04 01:00:00.000,2025,3,4,1,20003KT,13,13
2025-03-04 02:00:00.000,2025,3,4,2,VRB02KT,13,13
2025-03-04 02:36:00.000,2025,3,4,2,34004KT,10,10
2025-03-04 03:00:00.000,2025,3,4,3,33004KT,11,11
2025-03-04 04:00:00.000,2025,3,4,4,36003KT,11,11
2025-03-04 05:00:00.000,2025,3,4,5,34003KT,10,10
2025-03-04 06:00:00.000,2025,3,4,6,VRB02KT,11,11
2025-03-04 06:28:00.000,2025,3,4,6,04001KT,11,11
2025-03-04 07:00:00.000,2025,3,4,7,VRB02KT,12,12
2025-03-04 08:00:00.000,2025,3,4,8,26003KT,12,12
2025-03-04 09:00:00.000,2025,3,4,9,27003KT,12,12
2025-03-04 10:00:00.000,2025,3,4,10,VRB02KT,12,12
2025-03-04 10:33:00.000,2025,3,4,10,03004KT,12,12
2025-03-04 11:00:00.000,2025,3,4,11,03003KT,12,12
2025-03-04 11:14:00.000,2025,3,4,11,06003KT,12,12
2025-03-04 12:00:00.000,2025,3,4,12,VRB03KT,12,12
2025-03-04 13:00:00.000,2025,3,4,13,VRB02KT,13,13
2025-03-04 14:00:00.000,2025,3,4,14,34004KT,14,14
2025-03-04 14:34:00.000,2025,3,4,14,VRB02KT,16,14
2025-03-04 15:00:00.000,2025,3,4,15,VRB02KT,16,14
2025-03-04 16:00:00.000,2025,3,4,16,27004KT,17,13
2025-03-04 17:00:00.000,2025,3,4,17,17003KT,17,12
2025-03-04 17:18:00.000,2025,3,4,17,09005KT,16,13
2025-03-04 18:00:00.000,2025,3,4,18,09003KT,15,13
2025-03-04 19:00:00.000,2025,3,4,19,VRB02KT,16,13
2025-03-04 19:14:00.000,2025,3,4,19,29005KT,15,15
2025-03-04 20:00:00.000,2025,3,4,20,27005KT,15,15
2025-03-04 21:00:00.000,2025,3,4,21,29006KT,15,15
2025-03-04 22:00:00.000,2025,3,4,22,VRB02KT,15,14
2025-03-04 23:00:00.000,2025,3,4,23,VRB02KT,15,15
2025-03-05 00:00:00.000,2025,3,5,0,VRB02KT,14,14
2025-03-05 01:00:00.000,2025,3,5,1,23003KT,14,14
2025-03-05 02:00:00.000,2025,3,5,2,27003KT,14,14
2025-03-05 03:00:00.000,2025,3,5,3,VRB02KT,13,13
2025-03-05 04:00:00.000,2025,3,5,4,23005KT,14,13
2025-03-05 05:00:00.000,2025,3,5,5,32003KT,13,13
2025-03-05 06:00:00.000,2025,3,5,6,VRB02KT,12,12
2025-03-05 07:00:00.000,2025,3,5,7,VRB02KT,13,13
2025-03-05 08:00:00.000,2025,3,5,8,VRB02KT,11,11
2025-03-05 09:00:00.000,2025,3,5,9,32006KT,11,11
2025-03-05 10:00:00.000,2025,3,5,10,VRB02KT,11,11
2025-03-05 10:30:00.000,2025,3,5,10,17005KT,12,12
2025-03-05 11:00:00.000,2025,3,5,11,18004KT,12,12
2025-03-05 11:15:00.000,2025,3,5,11,34003KT,11,11
2025-03-05 11:28:00.000,2025,3,5,11,33003KT,11,11
2025-03-05 12:00:00.000,2025,3,5,12,28004KT,12,12
2025-03-05 13:00:00.000,2025,3,5,13,VRB02KT,13,13
2025-03-05 14:00:00.000,2025,3,5,14,VRB01KT,15,14
2025-03-05 15:00:00.000,2025,3,5,15,VRB02KT,17,13
2025-03-05 16:00:00.000,2025,3,5,16,VRB02KT,18,12
2025-03-05 16:33:00.000,2025,3,5,16,30009KT,20,12
2025-03-05 17:00:00.000,2025,3,5,17,31010KT,19,13
2025-03-05 18:00:00.000,2025,3,5,18,30014KT,19,13
2025-03-05 19:00:00.000,2025,3,5,19,26011KT,17,12
2025-03-05 19:30:00.000,2025,3,5,19,28009KT,16,11
2025-03-05 20:00:00.000,2025,3,5,20,29008KT,16,13
2025-03-05 21:00:00.000,2025,3,5,21,31006KT,16,13
2025-03-05 22:00:00.000,2025,3,5,22,32006KT,16,13
2025-03-05 23:00:00.000,2025,3,5,23,33004KT,15,13
2025-03-05 23:30:00.000,2025,3,5,23,30004KT,13,13
2025-03-06 00:00:00.000,2025,3,6,0,VRB02KT,13,13
2025-03-06 01:00:00.000,2025,3,6,1,24003KT,14,14
2025-03-06 02:00:00.000,2025,3,6,2,VRB02KT,12,12
2025-03-06 03:00:00.000,2025,3,6,3,29004KT,13,13
2025-03-06 04:00:00.000,2025,3,6,4,27005KT,13,13
2025-03-06 05:00:00.000,2025,3,6,5,27003KT,13,13
2025-03-06 06:00:00.000,2025,3,6,6,25004KT,13,13
2025-03-06 07:00:00.000,2025,3,6,7,VRB02KT,13,13
2025-03-06 08:00:00.000,2025,3,6,8,VRB01KT,13,13
2025-03-06 09:00:00.000,2025,3,6,9,VRB01KT,12,12
2025-03-06 10:00:00.000,2025,3,6,10,VRB02KT,12,12
2025-03-06 11:00:00.000,2025,3,6,11,VRB02KT,12,12
2025-03-06 11:15:00.000,2025,3,6,11,VRB02KT,12,12
2025-03-06 12:00:00.000,2025,3,6,12,30003KT,12,12
2025-03-06 13:00:00.000,2025,3,6,13,34003KT,13,13
2025-03-06 14:00:00.000,2025,3,6,14,34003KT,14,13
2025-03-06 15:00:00.000,2025,3,6,15,VRB02KT,17,13
2025-03-06 16:00:00.000,2025,3,6,16,18004KT,16,12
2025-03-06 17:00:00.000,2025,3,6,17,34009KT,16,13
2025-03-06 18:00:00.000,2025,3,6,18,33008KT,16,13
2025-03-06 19:00:00.000,2025,3,6,19,32009KT,17,13
2025-03-06 20:00:00.000,2025,3,6,20,32010KT,16,13
2025-03-06 20:18:00.000,2025,3,6,20,32011KT,16,12
2025-03-06 20:24:00.000,2025,3,6,20,33009KT,16,12
2025-03-06 21:00:00.000,2025,3,6,21,35008KT,15,12
2025-03-06 21:23:00.000,2025,3,6,21,06008KT,12,12
2025-03-06 22:00:00.000,2025,3,6,22,05006KT,12,12
2025-03-06 22:24:00.000,2025,3,6,22,04003KT,11,11
2025-03-06 23:00:00.000,2025,3,6,23,VRB02KT,12,12
2025-03-07 00:00:00.000,2025,3,7,0,34003KT,12,12
2025-03-07 01:00:00.000,2025,3,7,1,VRB01KT,12,12
2025-03-07 02:00:00.000,2025,3,7,2,VRB01KT,12,12
2025-03-07 03:00:00.000,2025,3,7,3,VRB02KT,12,12
2025-03-07 04:00:00.000,2025,3,7,4,VRB01KT,12,12
2025-03-07 05:00:00.000,2025,3,7,5,VRB02KT,12,12
2025-03-07 06:00:00.000,2025,3,7,6,34003KT,11,11
2025-03-07 07:00:00.000,2025,3,7,7,05003KT,11,11
2025-03-07 08:00:00.000,2025,3,7,8,VRB02KT,11,11
2025-03-07 09:00:00.000,2025,3,7,9,VRB01KT,11,11
2025-03-07 10:00:00.000,2025,3,7,10,VRB02KT,11,11
2025-03-07 10:32:00.000,2025,3,7,10,05005KT,11,11
2025-03-07 11:00:00.000,2025,3,7,11,04004KT,11,11
2025-03-07 12:00:00.000,2025,3,7,12,VRB02KT,11,11
2025-03-07 13:00:00.000,2025,3,7,13,04003KT,12,12
2025-03-07 14:00:00.000,2025,3,7,14,36003KT,13,13
2025-03-07 14:29:00.000,2025,3,7,14,06003KT,16,13
2025-03-07 15:00:00.000,2025,3,7,15,VRB02KT,17,12
2025-03-07 16:00:00.000,2025,3,7,16,36004KT,18,10
2025-03-07 17:00:00.000,2025,3,7,17,29004KT,18,11
2025-03-07 18:00:00.000,2025,3,7,18,02003KT,18,10
2025-03-07 18:34:00.000,2025,3,7,18,23009KT,15,13
2025-03-07 19:00:00.000,2025,3,7,19,24010KT,15,13
2025-03-07 20:00:00.000,2025,3,7,20,25007KT,16,13
2025-03-07 21:00:00.000,2025,3,7,21,25005KT,17,13
2025-03-07 22:00:00.000,2025,3,7,22,34007KT,16,13
2025-03-07 23:00:00.000,2025,3,7,23,30008KT,14,14
2025-03-07 23:07:00.000,2025,3,7,23,30006KT,14,14
2025-03-08 00:00:00.000,2025,3,8,0,31005KT,14,14
2025-03-08 01:00:00.000,2025,3,8,1,05005KT,11,11
2025-03-08 01:30:00.000,2025,3,8,1,13005KT,12,12
2025-03-08 02:00:00.000,2025,3,8,2,14007KT,12,12
2025-03-08 03:00:00.000,2025,3,8,3,20006KT,13,12
2025-03-08 03:31:00.000,2025,3,8,3,VRB02KT,12,12
2025-03-08 04:00:00.000,2025,3,8,4,36003KT,12,12
2025-03-08 05:00:00.000,2025,3,8,5,VRB02KT,11,11
2025-03-08 06:00:00.000,2025,3,8,6,29004KT,11,11
2025-03-08 07:00:00.000,2025,3,8,7,VRB02KT,11,11
2025-03-08 08:00:00.000,2025,3,8,8,18002KT,11,11
2025-03-08 09:00:00.000,2025,3,8,9,21003KT,11,11
2025-03-08 10:00:00.000,2025,3,8,10,VRB02KT,12,12
2025-03-08 10:30:00.000,2025,3,8,10,03004KT,11,11
2025-03-08 11:00:00.000,2025,3,8,11,VRB02KT,10,10
2025-03-08 12:00:00.000,2025,3,8,12,VRB02KT,10,10
2025-03-08 13:00:00.000,2025,3,8,13,VRB02KT,12,12
2025-03-08 13:10:00.000,2025,3,8,13,VRB02KT,14,13
2025-03-08 14:00:00.000,2025,3,8,14,VRB02KT,16,12
2025-03-08 14:10:00.000,2025,3,8,14,VRB02KT,17,11
2025-03-08 15:00:00.000,2025,3,8,15,09003KT,17,11
2025-03-08 16:00:00.000,2025,3,8,16,VRB02KT,18,10
2025-03-08 17:00:00.000,2025,3,8,17,25007KT,18,10
2025-03-08 18:00:00.000,2025,3,8,18,29010KT,18,12
2025-03-08 19:00:00.000,2025,3,8,19,25010KT,18,13
2025-03-08 20:00:00.000,2025,3,8,20,26011KT,18,13
2025-03-08 21:00:00.000,2025,3,8,21,24010KT,17,12
2025-03-08 22:00:00.000,2025,3,8,22,24006KT,17,12
2025-03-08 23:00:00.000,2025,3,8,23,24004KT,16,11
2025-03-09 00:00:00.000,2025,3,9,0,32005KT,15,13
2025-03-09 01:00:00.000,2025,3,9,1,VRB02KT,13,13
2025-03-09 02:00:00.000,2025,3,9,2,05002KT,13,13
2025-03-09 03:00:00.000,2025,3,9,3,35003KT,13,13
2025-03-09 04:00:00.000,2025,3,9,4,33002KT,12,12
2025-03-09 05:00:00.000,2025,3,9,5,36002KT,11,11
2025-03-09 06:00:00.000,2025,3,9,6,32004KT,12,12
2025-03-09 07:00:00.000,2025,3,9,7,VRB02KT,12,12
2025-03-09 07:34:00.000,2025,3,9,7,VRB02KT,11,11
2025-03-09 08:00:00.000,2025,3,9,8,VRB01KT,11,11
2025-03-09 09:00:00.000,2025,3,9,9,34003KT,10,10
2025-03-09 10:00:00.000,2025,3,9,10,03004KT,09,09
2025-03-09 10:13:00.000,2025,3,9,10,03004KT,09,09
2025-03-09 10:29:00.000,2025,3,9,10,VRB02KT,10,10
2025-03-09 11:00:00.000,2025,3,9,11,VRB02KT,10,10
2025-03-09 11:16:00.000,2025,3,9,11,VRB02KT,10,10
2025-03-09 11:31:00.000,2025,3,9,11,04006KT,11,11
2025-03-09 12:00:00.000,2025,3,9,12,04005KT,11,11
2025-03-09 12:36:00.000,2025,3,9,12,06005KT,13,11
2025-03-09 13:00:00.000,2025,3,9,13,07003KT,13,11
2025-03-09 13:37:00.000,2025,3,9,13,05005KT,15,13
2025-03-09 14:00:00.000,2025,3,9,14,06005KT,15,13
2025-03-09 14:31:00.000,2025,3,9,14,04007KT,17,12
2025-03-09 15:00:00.000,2025,3,9,15,04005KT,17,11
2025-03-09 16:00:00.000,2025,3,9,16,36004KT,19,09
2025-03-09 17:00:00.000,2025,3,9,17,VRB02KT,20,08
2025-03-09 18:00:00.000,2025,3,9,18,29007KT,20,10
2025-03-09 19:00:00.000,2025,3,9,19,28013KT,19,12
2025-03-09 20:00:00.000,2025,3,9,20,25012KT,19,12
2025-03-09 20:19:00.000,2025,3,9,20,23012KT,18,12
2025-03-09 20:38:00.000,2025,3,9,20,24009KT,16,15
2025-03-09 21:00:00.000,2025,3,9,21,22008KT,15,15
2025-03-09 22:00:00.000,2025,3,9,22,33006KT,14,13
2025-03-09 23:00:00.000,2025,3,9,23,29005KT,14,12
2025-03-10 00:00:00.000,2025,3,10,0,31004KT,14,12
2025-03-10 01:00:00.000,2025,3,10,1,VRB01KT,12,12
2025-03-10 02:00:00.000,2025,3,10,2,31003KT,13,13
2025-03-10 03:00:00.000,2025,3,10,3,03003KT,11,11
2025-03-10 04:00:00.000,2025,3,10,4,06002KT,12,12
2025-03-10 05:00:00.000,2025,3,10,5,VRB02KT,11,11
2025-03-10 06:00:00.000,2025,3,10,6,04004KT,11,11
2025-03-10 07:00:00.000,2025,3,10,7,03003KT,11,11
2025-03-10 08:00:00.000,2025,3,10,8,VRB02KT,09,09
2025-03-10 09:00:00.000,2025,3,10,9,06006KT,10,10
2025-03-10 10:00:00.000,2025,3,10,10,02003KT,09,09
2025-03-10 10:33:00.000,2025,3,10,10,VRB02KT,09,09
2025-03-10 11:00:00.000,2025,3,10,11,VRB02KT,09,09
2025-03-10 12:00:00.000,2025,3,10,12,VRB02KT,09,09
2025-03-10 12:23:00.000,2025,3,10,12,07006KT,11,11
2025-03-10 13:00:00.000,2025,3,10,13,06006KT,13,12
2025-03-10 14:00:00.000,2025,3,10,14,VRB02KT,15,10
2025-03-10 14:29:00.000,2025,3,10,14,VRB03KT,17,10
2025-03-10 15:00:00.000,2025,3,10,15,35004KT,16,10
2025-03-10 16:00:00.000,2025,3,10,16,VRB03KT,17,09
2025-03-10 17:00:00.000,2025,3,10,17,03005KT,19,09
2025-03-10 18:00:00.000,2025,3,10,18,VRB03KT,19,07
2025-03-10 18:38:00.000,2025,3,10,18,32006G17KT,20,08
2025-03-10 19:00:00.000,2025,3,10,19,30012KT,18,13
2025-03-10 19:32:00.000,2025,3,10,19,26013KT,17,12
2025-03-10 20:00:00.000,2025,3,10,20,28012KT,16,14
2025-03-10 21:00:00.000,2025,3,10,21,26007G23KT,16,13
2025-03-10 22:00:00.000,2025,3,10,22,23009KT,16,13
2025-03-10 23:00:00.000,2025,3,10,23,26006KT,16,12
2025-03-11 00:00:00.000,2025,3,11,0,24004KT,15,12
2025-03-11 01:00:00.000,2025,3,11,1,30004KT,13,11
2025-03-11 02:00:00.000,2025,3,11,2,VRB02KT,14,12
2025-03-11 03:00:00.000,2025,3,11,3,VRB03KT,13,13
2025-03-11 04:00:00.000,2025,3,11,4,VRB02KT,12,12
2025-03-11 05:00:00.000,2025,3,11,5,34004KT,11,11
2025-03-11 06:00:00.000,2025,3,11,6,29004KT,12,12
2025-03-11 07:00:00.000,2025,3,11,7,VRB01KT,12,12
2025-03-11 08:00:00.000,2025,3,11,8,33002KT,11,11
2025-03-11 09:00:00.000,2025,3,11,9,VRB02KT,10,10
2025-03-11 10:00:00.000,2025,3,11,10,00000KT,11,11
2025-03-11 10:31:00.000,2025,3,11,10,33003KT,12,12
2025-03-11 11:00:00.000,2025,3,11,11,33004KT,11,11
2025-03-11 11:35:00.000,2025,3,11,11,03003KT,10,10
2025-03-11 12:00:00.000,2025,3,11,12,03004KT,11,11
2025-03-11 12:18:00.000,2025,3,11,12,VRB02KT,11,11
2025-03-11 12:33:00.000,2025,3,11,12,VRB02KT,12,12
2025-03-11 13:00:00.000,2025,3,11,13,VRB02KT,13,13
2025-03-11 14:00:00.000,2025,3,11,14,VRB02KT,14,13
2025-03-11 15:00:00.000,2025,3,11,15,36004KT,16,12
2025-03-11 16:00:00.000,2025,3,11,16,VRB03KT,18,11
2025-03-11 17:00:00.000,2025,3,11,17,29004KT,19,11
2025-03-11 18:00:00.000,2025,3,11,18,VRB05KT,19,11
2025-03-11 18:21:00.000,2025,3,11,18,VRB06KT,19,11
2025-03-11 19:00:00.000,2025,3,11,19,24011KT,19,12
2025-03-11 19:24:00.000,2025,3,11,19,28007KT,17,12
2025-03-11 20:00:00.000,2025,3,11,20,02007KT,15,15
2025-03-11 20:34:00.000,2025,3,11,20,33006KT,14,14
2025-03-11 21:00:00.000,2025,3,11,21,32008KT,15,15
2025-03-11 22:00:00.000,2025,3,11,22,VRB02KT,15,15
2025-03-11 23:00:00.000,2025,3,11,23,VRB02KT,15,14
2025-03-11 23:21:00.000,2025,3,11,23,25003KT,15,14
2025-03-12 00:00:00.000,2025,3,12,0,25006KT,15,14
2025-03-12 01:00:00.000,2025,3,12,1,30006KT,15,14
2025-03-12 01:28:00.000,2025,3,12,1,VRB03KT,14,14
2025-03-12 02:00:00.000,2025,3,12,2,03002KT,13,13
2025-03-12 02:22:00.000,2025,3,12,2,VRB02KT,13,13
2025-03-12 03:00:00.000,2025,3,12,3,VRB01KT,13,13
2025-03-12 04:00:00.000,2025,3,12,4,02003KT,12,12
2025-03-12 05:00:00.000,2025,3,12,5,VRB01KT,12,12
2025-03-12 06:00:00.000,2025,3,12,6,VRB01KT,12,12
2025-03-12 06:47:00.000,2025,3,12,6,31004KT,12,12
2025-03-12 07:00:00.000,2025,3,12,7,31004KT,12,12
2025-03-12 08:00:00.000,2025,3,12,8,32004KT,12,12
2025-03-12 09:00:00.000,2025,3,12,9,27004KT,11,11
2025-03-12 10:00:00.000,2025,3,12,10,VRB04KT,12,12
2025-03-12 11:00:00.000,2025,3,12,11,18005KT,12,12
2025-03-12 12:00:00.000,2025,3,12,12,VRB02KT,12,12
2025-03-12 13:00:00.000,2025,3,12,13,30005KT,13,12
2025-03-12 14:00:00.000,2025,3,12,14,27004KT,14,13
2025-03-12 15:00:00.000,2025,3,12,15,19005KT,17,12
2025-03-12 16:00:00.000,2025,3,12,16,21005KT,18,11
2025-03-12 17:00:00.000,2025,3,12,17,33004KT,18,11
2025-03-12 18:00:00.000,2025,3,12,18,24010KT,17,12
2025-03-12 19:00:00.000,2025,3,12,19,29007KT,19,12
2025-03-12 20:00:00.000,2025,3,12,20,24007KT,20,12
2025-03-12 21:00:00.000,2025,3,12,21,24009KT,19,10
2025-03-12 22:00:00.000,2025,3,12,22,28009KT,18,10
2025-03-12 23:00:00.000,2025,3,12,23,30006KT,16,11
2025-03-13 00:00:00.000,2025,3,13,0,32005KT,15,13
2025-03-13 01:00:00.000,2025,3,13,1,29004KT,15,14
2025-03-13 02:00:00.000,2025,3,13,2,36004KT,14,14
2025-03-13 03:00:00.000,2025,3,13,3,VRB02KT,14,13
2025-03-13 04:00:00.000,2025,3,13,4,VRB02KT,13,13
2025-03-13 05:00:00.000,2025,3,13,5,35002KT,12,12
2025-03-13 06:00:00.000,2025,3,13,6,31003KT,13,13
2025-03-13 07:00:00.000,2025,3,13,7,36002KT,12,12
2025-03-13 08:00:00.000,2025,3,13,8,25003KT,12,12
2025-03-13 09:00:00.000,2025,3,13,9,VRB02KT,10,10
2025-03-13 10:00:00.000,2025,3,13,10,29005KT,12,12
2025-03-13 10:34:00.000,2025,3,13,10,VRB02KT,11,11
2025-03-13 11:00:00.000,2025,3,13,11,VRB02KT,11,11
2025-03-13 12:00:00.000,2025,3,13,12,14003KT,13,13
2025-03-13 13:00:00.000,2025,3,13,13,34004KT,13,13
2025-03-13 14:00:00.000,2025,3,13,14,36003KT,15,13
2025-03-13 14:25:00.000,2025,3,13,14,VRB02KT,17,13
2025-03-13 15:00:00.000,2025,3,13,15,VRB02KT,17,13
2025-03-13 16:00:00.000,2025,3,13,16,06006KT,17,12
2025-03-13 16:15:00.000,2025,3,13,16,14003KT,17,12
2025-03-13 17:00:00.000,2025,3,13,17,09008KT,17,10
2025-03-13 18:00:00.000,2025,3,13,18,11007KT,18,08
2025-03-13 19:00:00.000,2025,3,13,19,VRB04KT,20,08
2025-03-13 20:00:00.000,2025,3,13,20,VRB03KT,21,08
2025-03-13 21:00:00.000,2025,3,13,21,24011KT,20,13
2025-03-13 22:00:00.000,2025,3,13,22,29014KT,17,13
2025-03-13 23:00:00.000,2025,3,13,23,25006KT,16,12
2025-03-14 00:00:00.000,2025,3,14,0,25006KT,16,13
2025-03-14 01:00:00.000,2025,3,14,1,30005KT,15,13
2025-03-14 01:26:00.000,2025,3,14,1,29006KT,14,14
2025-03-14 02:00:00.000,2025,3,14,2,30006KT,14,14
2025-03-14 03:00:00.000,2025,3,14,3,15003KT,13,13
2025-03-14 04:00:00.000,2025,3,14,4,16004KT,13,13
2025-03-14 05:00:00.000,2025,3,14,5,16004KT,13,13
2025-03-14 06:00:00.000,2025,3,14,6,12002KT,13,13
2025-03-14 07:00:00.000,2025,3,14,7,VRB01KT,13,13
2025-03-14 07:27:00.000,2025,3,14,7,VRB02KT,13,13
2025-03-14 08:00:00.000,2025,3,14,8,VRB02KT,13,13
2025-03-14 09:00:00.000,2025,3,14,9,28004KT,13,13
2025-03-14 10:00:00.000,2025,3,14,10,23006KT,13,13
2025-03-14 10:30:00.000,2025,3,14,10,24004KT,13,13
2025-03-14 11:00:00.000,2025,3,14,11,25005KT,13,13
2025-03-14 12:00:00.000,2025,3,14,12,VRB03KT,13,13
2025-03-14 13:00:00.000,2025,3,14,13,24004KT,13,13
2025-03-14 14:00:00.000,2025,3,14,14,24005KT,14,13
2025-03-14 15:00:00.000,2025,3,14,15,22004KT,15,13
2025-03-14 16:00:00.000,2025,3,14,16,18005KT,16,13
2025-03-14 17:00:00.000,2025,3,14,17,20005KT,17,12
2025-03-14 17:17:00.000,2025,3,14,17,32012KT,15,14
2025-03-14 17:37:00.000,2025,3,14,17,32009KT,14,14
2025-03-14 18:00:00.000,2025,3,14,18,31008KT,15,14
2025-03-14 19:00:00.000,2025,3,14,19,31008KT,17,13
2025-03-14 20:00:00.000,2025,3,14,20,30010KT,16,13
2025-03-14 21:00:00.000,2025,3,14,21,28008KT,16,13
2025-03-14 22:00:00.000,2025,3,14,22,28007KT,16,13
2025-03-14 23:00:00.000,2025,3,14,23,32007KT,15,13
2025-03-15 00:00:00.000,2025,3,15,0,30006KT,14,13
2025-03-15 01:00:00.000,2025,3,15,1,29005KT,14,14
2025-03-15 02:00:00.000,2025,3,15,2,VRB03KT,14,14
2025-03-15 03:00:00.000,2025,3,15,3,24003KT,14,14
2025-03-15 04:00:00.000,2025,3,15,4,29004KT,14,14
2025-03-15 05:00:00.000,2025,3,15,5,VRB03KT,14,13
2025-03-15 06:00:00.000,2025,3,15,6,30004KT,13,13
2025-03-15 07:00:00.000,2025,3,15,7,VRB02KT,13,13
2025-03-15 08:00:00.000,2025,3,15,8,VRB02KT,13,13
2025-03-15 09:00:00.000,2025,3,15,9,04002KT,13,13
2025-03-15 10:00:00.000,2025,3,15,10,VRB03KT,13,13
2025-03-15 10:33:00.000,2025,3,15,10,VRB02KT,12,12
2025-03-15 11:00:00.000,2025,3,15,11,34003KT,12,12
2025-03-15 11:27:00.000,2025,3,15,11,VRB02KT,11,11
2025-03-15 12:00:00.000,2025,3,15,12,02003KT,11,11
2025-03-15 13:00:00.000,2025,3,15,13,05004KT,14,14
2025-03-15 13:12:00.000,2025,3,15,13,05006KT,15,12
2025-03-15 14:00:00.000,2025,3,15,14,03006KT,16,12
2025-03-15 15:00:00.000,2025,3,15,15,14006KT,18,10
2025-03-15 16:00:00.000,2025,3,15,16,VRB06KT,20,10
2025-03-15 17:00:00.000,2025,3,15,17,27010KT,17,12
2025-03-15 18:00:00.000,2025,3,15,18,24010KT,16,13
2025-03-15 19:00:00.000,2025,3,15,19,27007KT,18,14
2025-03-15 20:00:00.000,2025,3,15,20,27011KT,17,13
2025-03-15 21:00:00.000,2025,3,15,21,27009KT,16,14
2025-03-15 22:00:00.000,2025,3,15,22,26009KT,16,14
2025-03-15 23:00:00.000,2025,3,15,23,26004KT,15,13
2025-03-15 23:09:00.000,2025,3,15,23,26006KT,15,13
2025-03-16 00:00:00.000,2025,3,16,0,28004KT,14,13
2025-03-16 01:00:00.000,2025,3,16,1,28004G14KT,13,13
2025-03-16 02:00:00.000,2025,3,16,2,VRB01KT,12,12
2025-03-16 03:00:00.000,2025,3,16,3,VRB02KT,12,12
2025-03-16 04:00:00.000,2025,3,16,4,VRB02KT,13,13
2025-03-16 04:14:00.000,2025,3,16,4,VRB02KT,14,14
2025-03-16 05:00:00.000,2025,3,16,5,34003KT,12,12
2025-03-16 06:00:00.000,2025,3,16,6,08003KT,12,12
2025-03-16 07:00:00.000,2025,3,16,7,VRB01KT,12,12
2025-03-16 08:00:00.000,2025,3,16,8,VRB02KT,11,11
2025-03-16 09:00:00.000,2025,3,16,9,29003KT,10,10
2025-03-16 10:00:00.000,2025,3,16,10,VRB02KT,11,11
2025-03-16 10:39:00.000,2025,3,16,10,VRB02KT,11,11
2025-03-16 11:00:00.000,2025,3,16,11,VRB02KT,11,11
2025-03-16 12:00:00.000,2025,3,16,12,VRB02KT,11,11
2025-03-16 13:00:00.000,2025,3,16,13,33003KT,12,12
2025-03-16 14:00:00.000,2025,3,16,14,05004KT,15,13
2025-03-16 15:00:00.000,2025,3,16,15,05006KT,16,12
2025-03-16 16:00:00.000,2025,3,16,16,05007KT,18,11
2025-03-16 17:00:00.000,2025,3,16,17,08005KT,18,10
2025-03-16 18:00:00.000,2025,3,16,18,12005KT,18,10
2025-03-16 19:00:00.000,2025,3,16,19,08005KT,20,10
2025-03-16 19:07:00.000,2025,3,16,19,14009KT,19,10
2025-03-16 19:15:00.000,2025,3,16,19,15009KT,18,11
2025-03-16 20:00:00.000,2025,3,16,20,21007KT,19,11
2025-03-16 21:00:00.000,2025,3,16,21,29007KT,21,10
2025-03-16 22:00:00.000,2025,3,16,22,28010G20KT,16,14
2025-03-16 23:00:00.000,2025,3,16,23,26006G16KT,16,14
2025-03-17 00:00:00.000,2025,3,17,0,32007KT,14,14
2025-03-17 01:00:00.000,2025,3,17,1,30006KT,14,14
2025-03-17 02:00:00.000,2025,3,17,2,27005KT,14,14
2025-03-17 03:00:00.000,2025,3,17,3,VRB02KT,14,14
2025-03-17 04:00:00.000,2025,3,17,4,VRB02KT,13,13
2025-03-17 05:00:00.000,2025,3,17,5,VRB02KT,13,13
2025-03-17 06:00:00.000,2025,3,17,6,VRB02KT,12,12
2025-03-17 07:00:00.000,2025,3,17,7,VRB02KT,12,12
2025-03-17 08:00:00.000,2025,3,17,8,VRB02KT,12,12
2025-03-17 09:00:00.000,2025,3,17,9,04004KT,12,12
2025-03-17 10:00:00.000,2025,3,17,10,06004KT,12,12
2025-03-17 10:30:00.000,2025,3,17,10,06005KT,12,12
2025-03-17 11:00:00.000,2025,3,17,11,07005KT,13,13
2025-03-17 11:14:00.000,2025,3,17,11,05004KT,12,12
2025-03-17 12:00:00.000,2025,3,17,12,VRB01KT,12,12
2025-03-17 13:00:00.000,2025,3,17,13,03004KT,14,14
2025-03-17 14:00:00.000,2025,3,17,14,04003KT,15,14
2025-03-17 15:00:00.000,2025,3,17,15,VRB03KT,17,13
2025-03-17 15:11:00.000,2025,3,17,15,02004KT,15,14
2025-03-17 16:00:00.000,2025,3,17,16,23009KT,16,14
2025-03-17 16:18:00.000,2025,3,17,16,22008KT,17,15
2025-03-17 17:00:00.000,2025,3,17,17,25008KT,18,13
2025-03-17 17:19:00.000,2025,3,17,17,15010KT,17,13
2025-03-17 17:32:00.000,2025,3,17,17,14006KT,14,14
2025-03-17 18:00:00.000,2025,3,17,18,18007KT,13,13
2025-03-17 18:18:00.000,2025,3,17,18,24006KT,13,13
2025-03-17 19:00:00.000,2025,3,17,19,24006KT,15,15
2025-03-17 20:00:00.000,2025,3,17,20,24007KT,17,15
2025-03-17 21:00:00.000,2025,3,17,21,24009KT,18,13
2025-03-17 22:00:00.000,2025,3,17,22,25009KT,16,14
2025-03-17 23:00:00.000,2025,3,17,23,31010KT,15,14
2025-03-17 23:21:00.000,2025,3,17,23,30005KT,14,14
2025-03-18 00:00:00.000,2025,3,18,0,32004KT,13,13
2025-03-18 01:00:00.000,2025,3,18,1,VRB01KT,13,13
2025-03-18 02:00:00.000,2025,3,18,2,VRB01KT,13,13
2025-03-18 02:24:00.000,2025,3,18,2,32004KT,13,13
2025-03-18 03:00:00.000,2025,3,18,3,36003KT,13,13
2025-03-18 03:24:00.000,2025,3,18,3,01003KT,13,13
2025-03-18 04:00:00.000,2025,3,18,4,02004KT,13,13
2025-03-18 04:17:00.000,2025,3,18,4,05007KT,12,12
2025-03-18 05:00:00.000,2025,3,18,5,03008KT,12,12
2025-03-18 05:27:00.000,2025,3,18,5,02004KT,11,11
2025-03-18 06:00:00.000,2025,3,18,6,03007KT,11,11
2025-03-18 07:00:00.000,2025,3,18,7,07006KT,12,12
2025-03-18 08:00:00.000,2025,3,18,8,10003KT,11,11
2025-03-18 09:00:00.000,2025,3,18,9,06002KT,11,11
2025-03-18 10:00:00.000,2025,3,18,10,03005KT,11,11
2025-03-18 10:31:00.000,2025,3,18,10,06004KT,11,11
2025-03-18 11:00:00.000,2025,3,18,11,VRB02KT,11,11
2025-03-18 12:00:00.000,2025,3,18,12,02004KT,11,11
2025-03-18 13:00:00.000,2025,3,18,13,VRB03KT,14,13
2025-03-18 14:00:00.000,2025,3,18,14,VRB02KT,15,12
2025-03-18 14:25:00.000,2025,3,18,14,VRB03KT,17,11
2025-03-18 15:00:00.000,2025,3,18,15,05004KT,17,11
2025-03-18 16:00:00.000,2025,3,18,16,VRB03KT,19,11
2025-03-18 17:00:00.000,2025,3,18,17,34005KT,19,10
2025-03-18 17:16:00.000,2025,3,18,17,05005KT,18,10
2025-03-18 18:00:00.000,2025,3,18,18,24011KT,17,14
2025-03-18 18:02:00.000,2025,3,18,18,22008KT,15,13
2025-03-18 18:38:00.000,2025,3,18,18,25008KT,17,13
2025-03-18 19:00:00.000,2025,3,18,19,26008KT,17,13
2025-03-18 19:37:00.000,2025,3,18,19,26004KT,15,13
2025-03-18 20:00:00.000,2025,3,18,20,28005KT,16,14
2025-03-18 21:00:00.000,2025,3,18,21,32008KT,16,14
2025-03-18 22:00:00.000,2025,3,18,22,35007KT,16,14
2025-03-18 22:10:00.000,2025,3,18,22,35005KT,16,13
2025-03-18 23:00:00.000,2025,3,18,23,VRB02KT,16,13
2025-03-18 23:31:00.000,2025,3,18,23,21003KT,15,14
2025-03-19 00:00:00.000,2025,3,19,0,20005KT,15,15
2025-03-19 01:00:00.000,2025,3,19,1,24005KT,14,14
2025-03-19 02:00:00.000,2025,3,19,2,VRB02KT,14,14
2025-03-19 02:13:00.000,2025,3,19,2,VRB01KT,14,14
2025-03-19 02:30:00.000,2025,3,19,2,23005KT,14,14
2025-03-19 03:00:00.000,2025,3,19,3,25003KT,14,14
2025-03-19 04:00:00.000,2025,3,19,4,VRB02KT,13,13
2025-03-19 05:00:00.000,2025,3,19,5,VRB01KT,13,13
2025-03-19 06:00:00.000,2025,3,19,6,30003KT,12,12
2025-03-19 07:00:00.000,2025,3,19,7,03003KT,11,11
2025-03-19 08:00:00.000,2025,3,19,8,VRB02KT,11,11
2025-03-19 08:12:00.000,2025,3,19,8,29003KT,11,11
2025-03-19 08:24:00.000,2025,3,19,8,26004KT,11,11
2025-03-19 08:36:00.000,2025,3,19,8,29004KT,11,11
2025-03-19 09:00:00.000,2025,3,19,9,VRB02KT,11,11
2025-03-19 09:07:00.000,2025,3,19,9,VRB02KT,11,11
2025-03-19 09:27:00.000,2025,3,19,9,VRB02KT,11,11
2025-03-19 10:00:00.000,2025,3,19,10,02002KT,10,10
2025-03-19 10:32:00.000,2025,3,19,10,08002KT,11,11
2025-03-19 11:00:00.000,2025,3,19,11,VRB02KT,10,10
2025-03-19 11:21:00.000,2025,3,19,11,VRB02KT,10,10
2025-03-19 12:00:00.000,2025,3,19,12,VRB02KT,10,10
2025-03-19 12:24:00.000,2025,3,19,12,VRB02KT,10,10
2025-03-19 13:00:00.000,2025,3,19,13,VRB02KT,13,13
2025-03-19 13:33:00.000,2025,3,19,13,05004KT,15,13
2025-03-19 14:00:00.000,2025,3,19,14,06005KT,16,13
2025-03-19 15:00:00.000,2025,3,19,15,VRB03KT,17,11
2025-03-19 16:00:00.000,2025,3,19,16,12006KT,17,10
2025-03-19 17:00:00.000,2025,3,19,17,14004KT,18,09
2025-03-19 18:00:00.000,2025,3,19,18,31005KT,18,10
2025-03-19 19:00:00.000,2025,3,19,19,26009KT,17,12
2025-03-19 19:36:00.000,2025,3,19,19,30008KT,17,12
2025-03-19 20:00:00.000,2025,3,19,20,31009KT,17,12
2025-03-19 20:34:00.000,2025,3,19,20,25007KT,15,14
2025-03-19 21:00:00.000,2025,3,19,21,25007KT,15,13
2025-03-19 21:36:00.000,2025,3,19,21,VRB02KT,12,12
2025-03-19 22:00:00.000,2025,3,19,22,01003KT,12,12
2025-03-19 22:15:00.000,2025,3,19,22,02003KT,12,12
2025-03-19 23:00:00.000,2025,3,19,23,32003KT,13,13
2025-03-19 23:24:00.000,2025,3,19,23,32004KT,13,13
2025-03-20 00:00:00.000,2025,3,20,0,VRB02KT,13,13
2025-03-20 01:00:00.000,2025,3,20,1,VRB02KT,12,12
2025-03-20 02:00:00.000,2025,3,20,2,28005KT,13,13
2025-03-20 03:00:00.000,2025,3,20,3,06004KT,12,12
2025-03-20 04:00:00.000,2025,3,20,4,07003KT,12,12
2025-03-20 04:29:00.000,2025,3,20,4,04006KT,12,12
2025-03-20 05:00:00.000,2025,3,20,5,05006KT,12,12
2025-03-20 06:00:00.000,2025,3,20,6,VRB01KT,12,12
2025-03-20 07:00:00.000,2025,3,20,7,VRB01KT,11,11
2025-03-20 08:00:00.000,2025,3,20,8,08003KT,12,12
2025-03-20 09:00:00.000,2025,3,20,9,07003KT,12,12
2025-03-20 10:00:00.000,2025,3,20,10,09003KT,12,12
2025-03-20 10:32:00.000,2025,3,20,10,05005KT,11,11
2025-03-20 11:00:00.000,2025,3,20,11,04005KT,11,11
2025-03-20 12:00:00.000,2025,3,20,12,04004KT,12,12
2025-03-20 13:00:00.000,2025,3,20,13,07007KT,14,12
2025-03-20 14:00:00.000,2025,3,20,14,09005KT,17,12
2025-03-20 15:00:00.000,2025,3,20,15,07006KT,17,12
2025-03-20 16:00:00.000,2025,3,20,16,18008KT,16,12
2025-03-20 17:00:00.000,2025,3,20,17,02006KT,16,14
2025-03-20 17:21:00.000,2025,3,20,17,06004KT,17,13
2025-03-20 18:00:00.000,2025,3,20,18,12004KT,15,14
2025-03-20 19:00:00.000,2025,3,20,19,05005KT,17,13
2025-03-20 20:00:00.000,2025,3,20,20,05008KT,17,13
2025-03-20 20:11:00.000,2025,3,20,20,11005G15KT,16,12
2025-03-20 21:00:00.000,2025,3,20,21,15005KT,15,14
2025-03-20 22:00:00.000,2025,3,20,22,21005KT,17,13
2025-03-20 23:00:00.000,2025,3,20,23,14010KT,16,12
2025-03-21 00:00:00.000,2025,3,21,0,08004KT,15,12
2025-03-21 01:00:00.000,2025,3,21,1,08004KT,15,12
2025-03-21 02:00:00.000,2025,3,21,2,11005KT,15,11
2025-03-21 03:00:00.000,2025,3,21,3,03004KT,14,11
2025-03-21 04:00:00.000,2025,3,21,4,10005KT,14,11
2025-03-21 05:00:00.000,2025,3,21,5,VRB02KT,13,11
2025-03-21 06:00:00.000,2025,3,21,6,03003KT,12,12
2025-03-21 07:00:00.000,2025,3,21,7,VRB02KT,12,12
2025-03-21 08:00:00.000,2025,3,21,8,02003KT,12,12
2025-03-21 09:00:00.000,2025,3,21,9,06004KT,13,13
2025-03-21 10:00:00.000,2025,3,21,10,05005KT,12,12
2025-03-21 10:31:00.000,2025,3,21,10,04005KT,12,12
2025-03-21 11:00:00.000,2025,3,21,11,05005KT,11,11
2025-03-21 12:00:00.000,2025,3,21,12,05003KT,12,12
2025-03-21 12:29:00.000,2025,3,21,12,02004KT,13,13
2025-03-21 13:00:00.000,2025,3,21,13,05005KT,13,13
2025-03-21 13:13:00.000,2025,3,21,13,07004KT,13,13
2025-03-21 13:24:00.000,2025,3,21,13,04005KT,14,13
2025-03-21 14:00:00.000,2025,3,21,14,04005KT,14,13
2025-03-21 14:37:00.000,2025,3,21,14,VRB03KT,16,13
2025-03-21 15:00:00.000,2025,3,21,15,04004KT,17,13
2025-03-21 16:00:00.000,2025,3,21,16,08006KT,18,12
2025-03-21 17:00:00.000,2025,3,21,17,14011KT,20,10
2025-03-21 18:00:00.000,2025,3,21,18,14009G20KT,19,09
2025-03-21 19:00:00.000,2025,3,21,19,12007KT,19,10
2025-03-21 20:00:00.000,2025,3,21,20,15011KT,19,10
2025-03-21 21:00:00.000,2025,3,21,21,06005KT,18,11
2025-03-21 22:00:00.000,2025,3,21,22,02010KT,18,11
2025-03-21 23:00:00.000,2025,3,21,23,06009KT,17,10
2025-03-22 00:00:00.000,2025,3,22,0,16006KT,16,10
2025-03-22 01:00:00.000,2025,3,22,1,VRB02KT,15,10
2025-03-22 02:00:00.000,2025,3,22,2,10005KT,16,10
2025-03-22 03:00:00.000,2025,3,22,3,09004KT,15,10
2025-03-22 04:00:00.000,2025,3,22,4,06006KT,14,11
2025-03-22 05:00:00.000,2025,3,22,5,05006KT,13,13
2025-03-22 06:00:00.000,2025,3,22,6,04005KT,13,13
2025-03-22 07:00:00.000,2025,3,22,7,03005KT,13,13
2025-03-22 08:00:00.000,2025,3,22,8,02003KT,12,12
2025-03-22 09:00:00.000,2025,3,22,9,05004KT,13,12
2025-03-22 10:00:00.000,2025,3,22,10,06003KT,13,12
2025-03-22 10:32:00.000,2025,3,22,10,12004KT,14,11
2025-03-22 11:00:00.000,2025,3,22,11,10004KT,14,11
2025-03-22 12:00:00.000,2025,3,22,12,05005KT,12,12
2025-03-22 13:00:00.000,2025,3,22,13,04008KT,13,12
2025-03-22 14:00:00.000,2025,3,22,14,08006KT,15,12
2025-03-22 15:00:00.000,2025,3,22,15,14012KT,17,11
2025-03-22 16:00:00.000,2025,3,22,16,10010G20KT,16,11
2025-03-22 17:00:00.000,2025,3,22,17,13011KT,15,09
2025-03-22 17:37:00.000,2025,3,22,17,13011KT,17,09
2025-03-22 18:00:00.000,2025,3,22,18,13011KT,18,09
2025-03-22 19:00:00.000,2025,3,22,19,14010KT,17,09
2025-03-22 20:00:00.000,2025,3,22,20,17011KT,17,09
2025-03-22 21:00:00.000,2025,3,22,21,15011KT,17,09
2025-03-22 22:00:00.000,2025,3,22,22,13006KT,17,09
2025-03-22 23:00:00.000,2025,3,22,23,04009KT,15,10
2025-03-23 00:00:00.000,2025,3,23,0,05004KT,13,08
2025-03-23 01:00:00.000,2025,3,23,1,04006KT,12,08
2025-03-23 02:00:00.000,2025,3,23,2,02006KT,12,08
2025-03-23 03:00:00.000,2025,3,23,3,06006KT,12,09
2025-03-23 04:00:00.000,2025,3,23,4,09003KT,12,09
2025-03-23 05:00:00.000,2025,3,23,5,07004KT,11,10
2025-03-23 06:00:00.000,2025,3,23,6,07003KT,11,10
2025-03-23 07:00:00.000,2025,3,23,7,04005KT,09,09
2025-03-23 08:00:00.000,2025,3,23,8,09003KT,10,10
2025-03-23 09:00:00.000,2025,3,23,9,04005KT,09,09
2025-03-23 10:00:00.000,2025,3,23,10,05005KT,08,08
2025-03-23 10:31:00.000,2025,3,23,10,01003KT,09,09
2025-03-23 11:00:00.000,2025,3,23,11,35003KT,09,09
2025-03-23 12:00:00.000,2025,3,23,12,06004KT,10,09
2025-03-23 12:39:00.000,2025,3,23,12,05006KT,13,11
2025-03-23 13:00:00.000,2025,3,23,13,04007KT,13,11
2025-03-23 14:00:00.000,2025,3,23,14,13008KT,16,10
2025-03-23 14:24:00.000,2025,3,23,14,13010KT,18,09
2025-03-23 15:00:00.000,2025,3,23,15,12010KT,18,08
2025-03-23 16:00:00.000,2025,3,23,16,VRB06KT,18,08
2025-03-23 17:00:00.000,2025,3,23,17,18007KT,18,08
2025-03-23 18:00:00.000,2025,3,23,18,10006KT,19,07
2025-03-23 19:00:00.000,2025,3,23,19,VRB06KT,19,08
2025-03-23 20:00:00.000,2025,3,23,20,15008KT,20,07
2025-03-23 21:00:00.000,2025,3,23,21,10008KT,19,08
2025-03-23 22:00:00.000,2025,3,23,22,13008KT,19,08
2025-03-23 23:00:00.000,2025,3,23,23,11005KT,18,08
2025-03-24 00:00:00.000,2025,3,24,0,12004KT,15,08
2025-03-24 01:00:00.000,2025,3,24,1,11007KT,15,09
2025-03-24 02:00:00.000,2025,3,24,2,10004KT,14,09
2025-03-24 03:00:00.000,2025,3,24,3,09004KT,13,09
2025-03-24 04:00:00.000,2025,3,24,4,33003KT,11,10
2025-03-24 05:00:00.000,2025,3,24,5,05003KT,10,09
2025-03-24 06:00:00.000,2025,3,24,6,04005KT,09,09
2025-03-24 07:00:00.000,2025,3,24,7,02003KT,09,09
2025-03-24 08:00:00.000,2025,3,24,8,34004KT,08,08
2025-03-24 09:00:00.000,2025,3,24,9,VRB01KT,07,07
2025-03-24 10:00:00.000,2025,3,24,10,VRB02KT,07,07
2025-03-24 10:32:00.000,2025,3,24,10,36003KT,05,05
2025-03-24 11:00:00.000,2025,3,24,11,03004KT,07,07
2025-03-24 12:00:00.000,2025,3,24,12,07004KT,09,09
2025-03-24 12:36:00.000,2025,3,24,12,07004KT,12,10
2025-03-24 13:00:00.000,2025,3,24,13,06003KT,12,10
2025-03-24 13:15:00.000,2025,3,24,13,VRB04KT,15,10
2025-03-24 14:00:00.000,2025,3,24,14,16006KT,15,08
2025-03-24 15:00:00.000,2025,3,24,15,17010KT,17,08
2025-03-24 16:00:00.000,2025,3,24,16,VRB03KT,18,08
2025-03-24 17:00:00.000,2025,3,24,17,18011KT,18,07
2025-03-24 18:00:00.000,2025,3,24,18,12007KT,18,09
2025-03-24 19:00:00.000,2025,3,24,19,13007KT,19,08
2025-03-24 20:00:00.000,2025,3,24,20,08006KT,20,08
2025-03-24 21:00:00.000,2025,3,24,21,09005KT,20,07
2025-03-24 22:00:00.000,2025,3,24,22,VRB03KT,19,10
2025-03-24 23:00:00.000,2025,3,24,23,26005KT,18,10
2025-03-25 00:00:00.000,2025,3,25,0,27004KT,16,10
2025-03-25 01:00:00.000,2025,3,25,1,VRB02KT,15,09
2025-03-25 02:00:00.000,2025,3,25,2,VRB03KT,12,09
2025-03-25 03:00:00.000,2025,3,25,3,VRB02KT,10,10
2025-03-25 04:00:00.000,2025,3,25,4,01002KT,09,09
2025-03-25 05:00:00.000,2025,3,25,5,03003KT,09,09
2025-03-25 06:00:00.000,2025,3,25,6,36003KT,08,08
2025-03-25 07:00:00.000,2025,3,25,7,VRB02KT,07,07
2025-03-25 08:00:00.000,2025,3,25,8,35003KT,04,04
2025-03-25 09:00:00.000,2025,3,25,9,35003KT,05,05
2025-03-25 10:00:00.000,2025,3,25,10,35003KT,04,04
2025-03-25 10:30:00.000,2025,3,25,10,VRB02KT,06,06
2025-03-25 11:00:00.000,2025,3,25,11,02003KT,04,04
2025-03-25 11:12:00.000,2025,3,25,11,VRB01KT,05,05
2025-03-25 12:00:00.000,2025,3,25,12,VRB02KT,06,06
2025-03-25 13:00:00.000,2025,3,25,13,VRB03KT,10,10
2025-03-25 14:00:00.000,2025,3,25,14,04006KT,15,10
2025-03-25 15:00:00.000,2025,3,25,15,VRB02KT,19,07
2025-03-25 16:00:00.000,2025,3,25,16,VRB03KT,19,07
2025-03-25 17:00:00.000,2025,3,25,17,VRB06KT,21,07
2025-03-25 18:00:00.000,2025,3,25,18,29008KT,20,11
2025-03-25 19:00:00.000,2025,3,25,19,26008KT,21,11
2025-03-25 20:00:00.000,2025,3,25,20,25012KT,20,11
2025-03-25 21:00:00.000,2025,3,25,21,28010KT,20,12
2025-03-25 22:00:00.000,2025,3,25,22,30008KT,17,13
2025-03-25 23:00:00.000,2025,3,25,23,31006KT,16,14
2025-03-26 00:00:00.000,2025,3,26,0,34004KT,15,13
2025-03-26 00:34:00.000,2025,3,26,0,04003KT,14,13
2025-03-26 01:00:00.000,2025,3,26,1,03005KT,15,13
2025-03-26 02:00:00.000,2025,3,26,2,22003KT,14,12
2025-03-26 02:27:00.000,2025,3,26,2,VRB02KT,13,11
2025-03-26 03:00:00.000,2025,3,26,3,02002KT,12,12
2025-03-26 04:00:00.000,2025,3,26,4,VRB02KT,11,11
2025-03-26 05:00:00.000,2025,3,26,5,05004KT,10,10
2025-03-26 05:19:00.000,2025,3,26,5,36004KT,10,10
2025-03-26 06:00:00.000,2025,3,26,6,VRB02KT,09,09
2025-03-26 07:00:00.000,2025,3,26,7,30004KT,09,09
2025-03-26 08:00:00.000,2025,3,26,8,VRB01KT,08,08
2025-03-26 09:00:00.000,2025,3,26,9,03002KT,07,07
2025-03-26 10:00:00.000,2025,3,26,10,VRB02KT,07,07
2025-03-26 10:31:00.000,2025,3,26,10,01003KT,06,06
2025-03-26 11:00:00.000,2025,3,26,11,04002KT,06,06
2025-03-26 11:26:00.000,2025,3,26,11,03004KT,07,07
2025-03-26 12:00:00.000,2025,3,26,12,03005KT,07,07
2025-03-26 13:00:00.000,2025,3,26,13,04003KT,10,10
2025-03-26 14:00:00.000,2025,3,26,14,04003KT,14,11
2025-03-26 14:21:00.000,2025,3,26,14,VRB02KT,16,11
2025-03-26 15:00:00.000,2025,3,26,15,VRB03KT,17,11
2025-03-26 16:00:00.000,2025,3,26,16,VRB02KT,18,09
2025-03-26 17:00:00.000,2025,3,26,17,35005KT,20,10
2025-03-26 18:00:00.000,2025,3,26,18,31006KT,20,11
2025-03-26 19:00:00.000,2025,3,26,19,27010KT,21,12
2025-03-26 20:00:00.000,2025,3,26,20,27011KT,21,12
2025-03-26 21:00:00.000,2025,3,26,21,27011G24KT,19,12
2025-03-26 22:00:00.000,2025,3,26,22,26006KT,18,12
2025-03-26 23:00:00.000,2025,3,26,23,24005KT,17,12
2025-03-27 00:00:00.000,2025,3,27,0,VRB02KT,16,12
2025-03-27 01:00:00.000,2025,3,27,1,01004KT,15,14
2025-03-27 02:00:00.000,2025,3,27,2,31008KT,15,14
2025-03-27 03:00:00.000,2025,3,27,3,31007KT,15,13
2025-03-27 04:00:00.000,2025,3,27,4,31005KT,14,13
2025-03-27 05:00:00.000,2025,3,27,5,VRB01KT,13,13
2025-03-27 06:00:00.000,2025,3,27,6,30004KT,13,13
2025-03-27 07:00:00.000,2025,3,27,7,29004KT,12,12
2025-03-27 08:00:00.000,2025,3,27,8,VRB02KT,12,12
2025-03-27 09:00:00.000,2025,3,27,9,VRB02KT,12,12
2025-03-27 10:00:00.000,2025,3,27,10,VRB02KT,13,13
2025-03-27 11:00:00.000,2025,3,27,11,11004KT,12,12
2025-03-27 12:00:00.000,2025,3,27,12,03004KT,12,12
2025-03-27 13:00:00.000,2025,3,27,13,14004KT,15,12
2025-03-27 14:00:00.000,2025,3,27,14,34003KT,16,11
2025-03-27 15:00:00.000,2025,3,27,15,VRB01KT,17,11
2025-03-27 16:00:00.000,2025,3,27,16,VRB03KT,20,10
2025-03-27 17:00:00.000,2025,3,27,17,27007KT,18,10
2025-03-27 18:00:00.000,2025,3,27,18,28010KT,17,12
2025-03-27 18:24:00.000,2025,3,27,18,31009KT,17,13
2025-03-27 19:00:00.000,2025,3,27,19,32007KT,17,13
2025-03-27 20:00:00.000,2025,3,27,20,29007KT,18,12
2025-03-27 21:00:00.000,2025,3,27,21,22006KT,19,12
2025-03-27 21:27:00.000,2025,3,27,21,15007KT,18,11
2025-03-27 22:00:00.000,2025,3,27,22,17007KT,18,08
2025-03-27 23:00:00.000,2025,3,27,23,28003KT,18,11
2025-03-28 00:00:00.000,2025,3,28,0,31004KT,16,10
2025-03-28 01:00:00.000,2025,3,28,1,26005KT,16,10
2025-03-28 02:00:00.000,2025,3,28,2,VRB03KT,15,10
2025-03-28 03:00:00.000,2025,3,28,3,36003KT,13,13
2025-03-28 04:00:00.000,2025,3,28,4,VRB02KT,14,12
2025-03-28 05:00:00.000,2025,3,28,5,04002KT,12,12
2025-03-28 06:00:00.000,2025,3,28,6,29002KT,13,13
2025-03-28 07:00:00.000,2025,3,28,7,VRB01KT,11,11
2025-03-28 08:00:00.000,2025,3,28,8,36003KT,10,10
2025-03-28 09:00:00.000,2025,3,28,9,VRB02KT,10,10
2025-03-28 10:00:00.000,2025,3,28,10,09002KT,10,10
2025-03-28 10:33:00.000,2025,3,28,10,04004KT,10,10
2025-03-28 11:00:00.000,2025,3,28,11,04004KT,11,11
2025-03-28 12:00:00.000,2025,3,28,12,VRB02KT,11,11
2025-03-28 13:00:00.000,2025,3,28,13,06004KT,15,13
2025-03-28 14:00:00.000,2025,3,28,14,07006KT,17,10
2025-03-28 15:00:00.000,2025,3,28,15,08007KT,17,10
2025-03-28 16:00:00.000,2025,3,28,16,13007KT,19,10
2025-03-28 17:00:00.000,2025,3,28,17,09005KT,20,09
2025-03-28 18:00:00.000,2025,3,28,18,28008KT,18,12
2025-03-28 18:34:00.000,2025,3,28,18,30010KT,17,14
2025-03-28 19:00:00.000,2025,3,28,19,31010KT,17,14
2025-03-28 20:00:00.000,2025,3,28,20,29012KT,19,14
2025-03-28 21:00:00.000,2025,3,28,21,23011KT,18,13
2025-03-28 21:20:00.000,2025,3,28,21,22007KT,17,12
2025-03-28 22:00:00.000,2025,3,28,22,23007KT,17,13
2025-03-28 23:00:00.000,2025,3,28,23,26007KT,18,13
2025-03-28 23:17:00.000,2025,3,28,23,27008KT,16,13
2025-03-28 23:36:00.000,2025,3,28,23,25004KT,15,13
2025-03-29 00:00:00.000,2025,3,29,0,15005KT,15,13
2025-03-29 00:29:00.000,2025,3,29,0,21003KT,13,13
2025-03-29 01:00:00.000,2025,3,29,1,VRB02KT,13,13
2025-03-29 01:08:00.000,2025,3,29,1,VRB03G13KT,13,13
2025-03-29 02:00:00.000,2025,3,29,2,26003KT,13,13
2025-03-29 03:00:00.000,2025,3,29,3,33004KT,13,13
2025-03-29 04:00:00.000,2025,3,29,4,30003KT,13,13
2025-03-29 05:00:00.000,2025,3,29,5,VRB02KT,13,13
2025-03-29 06:00:00.000,2025,3,29,6,32002KT,13,13
2025-03-29 07:00:00.000,2025,3,29,7,32003KT,12,12
2025-03-29 07:31:00.000,2025,3,29,7,VRB02KT,11,11
2025-03-29 08:00:00.000,2025,3,29,8,VRB03KT,11,11
2025-03-29 09:00:00.000,2025,3,29,9,VRB02KT,12,12
2025-03-29 10:00:00.000,2025,3,29,10,26001KT,12,12
2025-03-29 10:31:00.000,2025,3,29,10,VRB02KT,12,12
2025-03-29 11:00:00.000,2025,3,29,11,VRB02KT,11,11
2025-03-29 11:34:00.000,2025,3,29,11,VRB02KT,11,11
2025-03-29 12:00:00.000,2025,3,29,12,VRB01KT,11,11
2025-03-29 13:00:00.000,2025,3,29,13,VRB01KT,14,14
2025-03-29 13:29:00.000,2025,3,29,13,05003KT,15,13
2025-03-29 14:00:00.000,2025,3,29,14,06003KT,16,12
2025-03-29 15:00:00.000,2025,3,29,15,02005KT,17,12
2025-03-29 16:00:00.000,2025,3,29,16,VRB04KT,19,12
2025-03-29 17:00:00.000,2025,3,29,17,03006KT,20,10
2025-03-29 17:11:00.000,2025,3,29,17,24012KT,17,13
2025-03-29 17:24:00.000,2025,3,29,17,25014KT,17,13
2025-03-29 18:00:00.000,2025,3,29,18,24011KT,17,14
2025-03-29 19:00:00.000,2025,3,29,19,31008KT,19,13
2025-03-29 19:13:00.000,2025,3,29,19,28008KT,19,13
2025-03-29 19:27:00.000,2025,3,29,19,25008KT,18,13
2025-03-29 19:38:00.000,2025,3,29,19,VRB06KT,17,14
2025-03-29 20:00:00.000,2025,3,29,20,13007KT,16,14
2025-03-29 20:02:00.000,2025,3,29,20,VRB09KT,14,14
2025-03-29 20:20:00.000,2025,3,29,20,26008KT,14,14
2025-03-29 21:00:00.000,2025,3,29,21,27006KT,16,16
2025-03-29 22:00:00.000,2025,3,29,22,32006KT,16,15
2025-03-29 23:00:00.000,2025,3,29,23,32006KT,15,15
2025-03-29 23:33:00.000,2025,3,29,23,31009KT,15,15
2025-03-30 00:00:00.000,2025,3,30,0,29007KT,15,15
2025-03-30 00:30:00.000,2025,3,30,0,27003KT,15,11
2025-03-30 01:00:00.000,2025,3,30,1,VRB02KT,15,11
2025-03-30 02:00:00.000,2025,3,30,2,22003KT,15,10
2025-03-30 03:00:00.000,2025,3,30,3,25003KT,15,10
2025-03-30 04:00:00.000,2025,3,30,4,36002KT,12,12
2025-03-30 05:00:00.000,2025,3,30,5,VRB02KT,13,13
2025-03-30 06:00:00.000,2025,3,30,6,03002KT,12,12
2025-03-30 07:00:00.000,2025,3,30,7,30004KT,13,13
2025-03-30 08:00:00.000,2025,3,30,8,01002KT,13,13
2025-03-30 09:00:00.000,2025,3,30,9,35005KT,12,12
2025-03-30 10:00:00.000,2025,3,30,10,VRB02KT,12,12
2025-03-30 10:32:00.000,2025,3,30,10,05004KT,12,12
2025-03-30 11:00:00.000,2025,3,30,11,VRB03KT,12,12
2025-03-30 12:00:00.000,2025,3,30,12,34003KT,12,12
2025-03-30 12:31:00.000,2025,3,30,12,05004KT,14,13
2025-03-30 13:00:00.000,2025,3,30,13,04004KT,14,13
2025-03-30 14:00:00.000,2025,3,30,14,02003KT,15,14
2025-03-30 14:35:00.000,2025,3,30,14,34003KT,17,13
2025-03-30 15:00:00.000,2025,3,30,15,VRB03KT,17,13
2025-03-30 16:00:00.000,2025,3,30,16,21004KT,18,12
2025-03-30 17:00:00.000,2025,3,30,17,VRB07KT,19,13
2025-03-30 17:36:00.000,2025,3,30,17,VRB06KT,18,13
2025-03-30 18:00:00.000,2025,3,30,18,01010KT,17,13
2025-03-30 18:16:00.000,2025,3,30,18,22004KT,13,13
2025-03-30 18:38:00.000,2025,3,30,18,21005KT,14,14
2025-03-30 19:00:00.000,2025,3,30,19,20005KT,15,15
2025-03-30 19:31:00.000,2025,3,30,19,23007KT,15,15
2025-03-30 20:00:00.000,2025,3,30,20,23007KT,15,15
2025-03-30 21:00:00.000,2025,3,30,21,VRB02KT,16,15
2025-03-30 22:00:00.000,2025,3,30,22,31004KT,16,14
2025-03-30 23:00:00.000,2025,3,30,23,30004KT,16,14
2025-03-30 23:18:00.000,2025,3,30,23,31005KT,15,15
2025-03-31 00:00:00.000,2025,3,31,0,29005KT,14,14
2025-03-31 01:00:00.000,2025,3,31,1,30006KT,14,14
2025-03-31 02:00:00.000,2025,3,31,2,VRB02KT,14,14
2025-03-31 03:00:00.000,2025,3,31,3,23003KT,14,14
2025-03-31 04:00:00.000,2025,3,31,4,30004KT,13,13
2025-03-31 05:00:00.000,2025,3,31,5,25004KT,14,14
2025-03-31 06:00:00.000,2025,3,31,6,27004KT,13,13
2025-03-31 07:00:00.000,2025,3,31,7,27003KT,12,12
2025-03-31 08:00:00.000,2025,3,31,8,27002KT,13,13
2025-03-31 09:00:00.000,2025,3,31,9,34001KT,12,12
2025-03-31 10:00:00.000,2025,3,31,10,18002KT,12,12
2025-03-31 10:36:00.000,2025,3,31,10,35005KT,11,11
2025-03-31 11:00:00.000,2025,3,31,11,35005KT,11,11
2025-03-31 11:38:00.000,2025,3,31,11,33004KT,11,11
2025-03-31 12:00:00.000,2025,3,31,12,33004KT,11,11
2025-03-31 12:04:00.000,2025,3,31,12,35004KT,11,11
2025-03-31 13:00:00.000,2025,3,31,13,VRB01KT,12,12
2025-03-31 13:17:00.000,2025,3,31,13,VRB02KT,13,13
2025-03-31 14:00:00.000,2025,3,31,14,VRB02KT,14,14
2025-03-31 14:23:00.000,2025,3,31,14,35003KT,15,14
2025-03-31 15:00:00.000,2025,3,31,15,03004KT,15,14
2025-03-31 16:00:00.000,2025,3,31,16,08004KT,15,14
2025-03-31 17:00:00.000,2025,3,31,17,09003KT,16,14
2025-03-31 18:00:00.000,2025,3,31,18,14005KT,17,12
2025-03-31 19:00:00.000,2025,3,31,19,VRB04KT,17,12
2025-03-31 20:00:00.000,2025,3,31,20,31010KT,14,14
2025-03-31 21:00:00.000,2025,3,31,21,34004KT,14,14
2025-03-31 22:00:00.000,2025,3,31,22,VRB02KT,14,14
2025-03-31 23:00:00.000,2025,3,31,23,13005KT,14,14
2025-04-01 00:00:00.000,2025,4,1,0,VRB02KT,14,14
2025-04-01 01:00:00.000,2025,4,1,1,VRB02KT,13,13
2025-04-01 02:00:00.000,2025,4,1,2,02003KT,13,13
2025-04-01 03:00:00.000,2025,4,1,3,VRB02KT,13,13
2025-04-01 04:00:00.000,2025,4,1,4,VRB02KT,13,13
2025-04-01 05:00:00.000,2025,4,1,5,35003KT,12,12
2025-04-01 06:00:00.000,2025,4,1,6,34002KT,12,12
2025-04-01 07:00:00.000,2025,4,1,7,VRB01KT,11,11
2025-04-01 07:17:00.000,2025,4,1,7,34003KT,11,11
2025-04-01 08:00:00.000,2025,4,1,8,34003KT,12,12
2025-04-01 08:05:00.000,2025,4,1,8,32003KT,11,11
2025-04-01 09:00:00.000,2025,4,1,9,VRB02KT,11,11
2025-04-01 09:27:00.000,2025,4,1,9,VRB02KT,12,12
2025-04-01 10:00:00.000,2025,4,1,10,29003KT,12,12
2025-04-01 10:30:00.000,2025,4,1,10,VRB02KT,12,12
2025-04-01 11:00:00.000,2025,4,1,11,VRB01KT,12,12
2025-04-01 12:00:00.000,2025,4,1,12,05003KT,12,12
2025-04-01 13:00:00.000,2025,4,1,13,06004KT,14,14
2025-04-01 14:00:00.000,2025,4,1,14,12004KT,15,13
2025-04-01 15:00:00.000,2025,4,1,15,04005KT,17,13
2025-04-01 15:39:00.000,2025,4,1,15,08004KT,19,11
2025-04-01 16:00:00.000,2025,4,1,16,07005KT,18,11
2025-04-01 17:00:00.000,2025,4,1,17,VRB05KT,18,12
2025-04-01 18:00:00.000,2025,4,1,18,26004KT,18,12
2025-04-01 19:00:00.000,2025,4,1,19,34004KT,19,11
2025-04-01 20:00:00.000,2025,4,1,20,26005KT,17,14
2025-04-01 21:00:00.000,2025,4,1,21,27006KT,18,14
2025-04-01 22:00:00.000,2025,4,1,22,33005KT,15,15
2025-04-01 23:00:00.000,2025,4,1,23,29004KT,15,14
2025-04-02 00:00:00.000,2025,4,2,0,VRB01KT,14,14
2025-04-02 01:00:00.000,2025,4,2,1,VRB02KT,14,14
2025-04-02 02:00:00.000,2025,4,2,2,34003KT,14,14
2025-04-02 03:00:00.000,2025,4,2,3,15003KT,15,14
2025-04-02 04:00:00.000,2025,4,2,4,VRB02KT,15,11
2025-04-02 05:00:00.000,2025,4,2,5,VRB01KT,13,13
2025-04-02 06:00:00.000,2025,4,2,6,VRB02KT,13,13
2025-04-02 07:00:00.000,2025,4,2,7,VRB02KT,13,12
2025-04-02 08:00:00.000,2025,4,2,8,05005KT,12,12
2025-04-02 09:00:00.000,2025,4,2,9,07003KT,12,12
2025-04-02 10:00:00.000,2025,4,2,10,05004KT,11,11
2025-04-02 10:31:00.000,2025,4,2,10,04005KT,11,11
2025-04-02 11:00:00.000,2025,4,2,11,05003KT,11,11
2025-04-02 12:00:00.000,2025,4,2,12,VRB02KT,12,12
2025-04-02 12:26:00.000,2025,4,2,12,06008KT,13,13
2025-04-02 12:35:00.000,2025,4,2,12,06009KT,14,12
2025-04-02 13:00:00.000,2025,4,2,13,06008KT,14,13
2025-04-02 14:00:00.000,2025,4,2,14,05008KT,16,11
2025-04-02 15:00:00.000,2025,4,2,15,VRB08KT,18,10
2025-04-02 16:00:00.000,2025,4,2,16,VRB06KT,20,11
2025-04-02 17:00:00.000,2025,4,2,17,13010KT,20,09
2025-04-02 18:00:00.000,2025,4,2,18,14011KT,18,10
2025-04-02 19:00:00.000,2025,4,2,19,15008KT,16,10
2025-04-02 20:00:00.000,2025,4,2,20,19004KT,16,11
2025-04-02 21:00:00.000,2025,4,2,21,09005KT,17,10
2025-04-02 22:00:00.000,2025,4,2,22,06007KT,16,09
2025-04-02 23:00:00.000,2025,4,2,23,07007KT,15,09
2025-04-03 00:00:00.000,2025,4,3,0,09004KT,15,09
2025-04-03 01:00:00.000,2025,4,3,1,09004KT,14,10
2025-04-03 02:00:00.000,2025,4,3,2,09003KT,13,10
2025-04-03 03:00:00.000,2025,4,3,3,05005KT,12,11
2025-04-03 04:00:00.000,2025,4,3,4,08004KT,14,11
2025-04-03 05:00:00.000,2025,4,3,5,06004KT,12,10
2025-04-03 06:00:00.000,2025,4,3,6,04003KT,12,10
2025-04-03 07:00:00.000,2025,4,3,7,05003KT,10,10
2025-04-03 08:00:00.000,2025,4,3,8,05005KT,10,10
2025-04-03 09:00:00.000,2025,4,3,9,08003KT,11,11
2025-04-03 10:00:00.000,2025,4,3,10,05005KT,11,11
2025-04-03 10:30:00.000,2025,4,3,10,06006KT,10,10
2025-04-03 11:00:00.000,2025,4,3,11,11003KT,11,11
2025-04-03 12:00:00.000,2025,4,3,12,06004KT,11,11
2025-04-03 13:00:00.000,2025,4,3,13,08005KT,14,12
2025-04-03 14:00:00.000,2025,4,3,14,03009KT,16,11
2025-04-03 15:00:00.000,2025,4,3,15,05009KT,18,12
2025-04-03 16:00:00.000,2025,4,3,16,09010KT,20,11
2025-04-03 17:00:00.000,2025,4,3,17,09009KT,21,10
2025-04-03 18:00:00.000,2025,4,3,18,10007KT,20,09
2025-04-03 19:00:00.000,2025,4,3,19,26006KT,18,12
2025-04-03 20:00:00.000,2025,4,3,20,24007KT,19,12
2025-04-03 21:00:00.000,2025,4,3,21,36003KT,19,10
2025-04-03 21:29:00.000,2025,4,3,21,VRB05KT,17,12
2025-04-03 22:00:00.000,2025,4,3,22,29009KT,16,11
2025-04-03 22:17:00.000,2025,4,3,22,29006KT,13,13
2025-04-03 23:00:00.000,2025,4,3,23,27005KT,13,13
2025-04-04 00:00:00.000,2025,4,4,0,26004KT,15,12
2025-04-04 01:00:00.000,2025,4,4,1,01002KT,13,13
2025-04-04 02:00:00.000,2025,4,4,2,03002KT,13,13
2025-04-04 03:00:00.000,2025,4,4,3,34003KT,13,13
2025-04-04 04:00:00.000,2025,4,4,4,VRB02KT,13,13
2025-04-04 05:00:00.000,2025,4,4,5,04006KT,14,14
2025-04-04 06:00:00.000,2025,4,4,6,04003KT,13,13
2025-04-04 07:00:00.000,2025,4,4,7,04004KT,13,13
2025-04-04 08:00:00.000,2025,4,4,8,04005KT,12,12
2025-04-04 09:00:00.000,2025,4,4,9,VRB04KT,13,12
2025-04-04 10:00:00.000,2025,4,4,10,05004KT,12,11
2025-04-04 10:31:00.000,2025,4,4,10,05005KT,11,11
2025-04-04 11:00:00.000,2025,4,4,11,05004KT,11,11
2025-04-04 12:00:00.000,2025,4,4,12,05005KT,13,12
2025-04-04 13:00:00.000,2025,4,4,13,04005KT,14,12
2025-04-04 14:00:00.000,2025,4,4,14,VRB03KT,16,11
2025-04-04 15:00:00.000,2025,4,4,15,VRB02KT,18,11
2025-04-04 16:00:00.000,2025,4,4,16,VRB02KT,18,12
2025-04-04 17:00:00.000,2025,4,4,17,VRB03KT,19,11
2025-04-04 17:12:00.000,2025,4,4,17,VRB03KT,17,13
2025-04-04 18:00:00.000,2025,4,4,18,VRB04KT,18,14
2025-04-04 19:00:00.000,2025,4,4,19,29008KT,16,15
2025-04-04 19:17:00.000,2025,4,4,19,26005KT,15,15
2025-04-04 20:00:00.000,2025,4,4,20,27005KT,15,15
2025-04-04 21:00:00.000,2025,4,4,21,VRB03KT,17,14
2025-04-04 21:15:00.000,2025,4,4,21,16007KT,16,15
2025-04-04 22:00:00.000,2025,4,4,22,21006KT,16,15
2025-04-04 23:00:00.000,2025,4,4,23,25003KT,16,14
2025-04-05 00:00:00.000,2025,4,5,0,16007KT,16,15
2025-04-05 01:00:00.000,2025,4,5,1,19004KT,15,13
2025-04-05 02:00:00.000,2025,4,5,2,VRB02KT,14,13
2025-04-05 03:00:00.000,2025,4,5,3,VRB02KT,13,13
2025-04-05 04:00:00.000,2025,4,5,4,32004KT,13,13
2025-04-05 05:00:00.000,2025,4,5,5,33005KT,13,13
2025-04-05 06:00:00.000,2025,4,5,6,VRB02KT,13,13
2025-04-05 07:00:00.000,2025,4,5,7,VRB02KT,12,12
2025-04-05 08:00:00.000,2025,4,5,8,VRB02KT,13,13
2025-04-05 09:00:00.000,2025,4,5,9,06002KT,12,12
2025-04-05 10:00:00.000,2025,4,5,10,VRB02KT,11,11
2025-04-05 10:30:00.000,2025,4,5,10,05002KT,11,11
2025-04-05 11:00:00.000,2025,4,5,11,05002KT,11,11
2025-04-05 12:00:00.000,2025,4,5,12,05003KT,13,13
2025-04-05 13:00:00.000,2025,4,5,13,36003KT,15,13
2025-04-05 14:00:00.000,2025,4,5,14,30006KT,16,13
2025-04-05 15:00:00.000,2025,4,5,15,VRB03KT,17,12
2025-04-05 16:00:00.000,2025,4,5,16,VRB04KT,19,12
2025-04-05 17:00:00.000,2025,4,5,17,VRB05KT,21,11
2025-04-05 18:00:00.000,2025,4,5,18,26009KT,19,13
2025-04-05 19:00:00.000,2025,4,5,19,26014KT,18,13
2025-04-05 20:00:00.000,2025,4,5,20,29008KT,18,13
2025-04-05 20:33:00.000,2025,4,5,20,01006KT,16,12
2025-04-05 21:00:00.000,2025,4,5,21,34005KT,15,11
2025-04-05 21:30:00.000,2025,4,5,21,02008KT,16,13
2025-04-05 22:00:00.000,2025,4,5,22,04008KT,15,15
2025-04-05 22:12:00.000,2025,4,5,22,10004KT,14,14
2025-04-05 23:00:00.000,2025,4,5,23,06004KT,14,14
2025-04-06 00:00:00.000,2025,4,6,0,06006KT,14,14
2025-04-06 01:00:00.000,2025,4,6,1,03005KT,13,13
2025-04-06 02:00:00.000,2025,4,6,2,06004KT,13,13
2025-04-06 03:00:00.000,2025,4,6,3,04005KT,13,13
2025-04-06 04:00:00.000,2025,4,6,4,03005KT,13,13
2025-04-06 05:00:00.000,2025,4,6,5,05006KT,13,13
2025-04-06 06:00:00.000,2025,4,6,6,05005KT,13,13
2025-04-06 07:00:00.000,2025,4,6,7,05004KT,13,13
2025-04-06 08:00:00.000,2025,4,6,8,04005KT,13,13
2025-04-06 09:00:00.000,2025,4,6,9,VRB02KT,12,12
2025-04-06 10:00:00.000,2025,4,6,10,01002KT,12,12
2025-04-06 10:34:00.000,2025,4,6,10,05002KT,12,12
2025-04-06 11:00:00.000,2025,4,6,11,06003KT,12,12
2025-04-06 12:00:00.000,2025,4,6,12,05003KT,13,13
2025-04-06 13:00:00.000,2025,4,6,13,06004KT,15,14
2025-04-06 14:00:00.000,2025,4,6,14,06005KT,16,13
2025-04-06 14:31:00.000,2025,4,6,14,15004KT,18,12
2025-04-06 15:00:00.000,2025,4,6,15,VRB02KT,19,11
2025-04-06 16:00:00.000,2025,4,6,16,21003KT,19,11
2025-04-06 17:00:00.000,2025,4,6,17,24009KT,20,10
2025-04-06 18:00:00.000,2025,4,6,18,20009KT,20,11
2025-04-06 19:00:00.000,2025,4,6,19,18007KT,21,10
2025-04-06 20:00:00.000,2025,4,6,20,24012KT,19,13
2025-04-06 21:00:00.000,2025,4,6,21,25010KT,18,13
2025-04-06 22:00:00.000,2025,4,6,22,27008KT,18,12
2025-04-06 23:00:00.000,2025,4,6,23,VRB04KT,16,10
2025-04-07 00:00:00.000,2025,4,7,0,36005KT,15,12
2025-04-07 01:00:00.000,2025,4,7,1,04004KT,14,14
2025-04-07 02:00:00.000,2025,4,7,2,06003KT,14,14
2025-04-07 02:20:00.000,2025,4,7,2,VRB02KT,13,13
2025-04-07 02:28:00.000,2025,4,7,2,VRB02KT,13,13
2025-04-07 03:00:00.000,2025,4,7,3,02003KT,13,13
2025-04-07 03:24:00.000,2025,4,7,3,35005KT,13,13
2025-04-07 04:00:00.000,2025,4,7,4,34003KT,12,12
2025-04-07 04:32:00.000,2025,4,7,4,VRB02KT,12,12
2025-04-07 05:00:00.000,2025,4,7,5,35003KT,12,12
2025-04-07 06:00:00.000,2025,4,7,6,03002KT,12,12
2025-04-07 07:00:00.000,2025,4,7,7,VRB02KT,12,12
2025-04-07 08:00:00.000,2025,4,7,8,VRB01KT,11,11
2025-04-07 09:00:00.000,2025,4,7,9,VRB01KT,12,12
2025-04-07 10:00:00.000,2025,4,7,10,VRB02KT,11,11
2025-04-07 10:30:00.000,2025,4,7,10,36004KT,12,12
2025-04-07 11:00:00.000,2025,4,7,11,VRB02KT,12,12
2025-04-07 12:00:00.000,2025,4,7,12,VRB02KT,12,12
2025-04-07 12:13:00.000,2025,4,7,12,03004KT,12,12
2025-04-07 12:36:00.000,2025,4,7,12,02005KT,13,13
2025-04-07 13:00:00.000,2025,4,7,13,04004KT,14,14
2025-04-07 13:20:00.000,2025,4,7,13,04005KT,15,15
2025-04-07 14:00:00.000,2025,4,7,14,VRB03KT,17,13
2025-04-07 15:00:00.000,2025,4,7,15,VRB02KT,18,13
2025-04-07 16:00:00.000,2025,4,7,16,14008KT,19,12
2025-04-07 17:00:00.000,2025,4,7,17,18006KT,20,11
2025-04-07 18:00:00.000,2025,4,7,18,25009KT,18,12
2025-04-07 18:28:00.000,2025,4,7,18,27008KT,17,14
2025-04-07 18:36:00.000,2025,4,7,18,26008KT,17,15
2025-04-07 19:00:00.000,2025,4,7,19,30006KT,16,14
2025-04-07 19:11:00.000,2025,4,7,19,31007KT,17,14
2025-04-07 20:00:00.000,2025,4,7,20,27008KT,17,15
2025-04-07 21:00:00.000,2025,4,7,21,VRB07G20KT,17,14
2025-04-07 22:00:00.000,2025,4,7,22,29007KT,16,14
2025-04-07 23:00:00.000,2025,4,7,23,31004KT,16,13
2025-04-08 00:00:00.000,2025,4,8,0,VRB02KT,14,14
2025-04-08 01:00:00.000,2025,4,8,1,VRB02KT,14,14
2025-04-08 02:00:00.000,2025,4,8,2,32003KT,14,14
2025-04-08 03:00:00.000,2025,4,8,3,VRB02KT,14,14
2025-04-08 04:00:00.000,2025,4,8,4,35003KT,14,14
2025-04-08 05:00:00.000,2025,4,8,5,04005KT,14,14
2025-04-08 06:00:00.000,2025,4,8,6,06005KT,14,14
2025-04-08 07:00:00.000,2025,4,8,7,05006KT,14,14
2025-04-08 08:00:00.000,2025,4,8,8,05009KT,14,14
2025-04-08 09:00:00.000,2025,4,8,9,06008KT,13,13
2025-04-08 09:09:00.000,2025,4,8,9,03004KT,13,13
2025-04-08 10:00:00.000,2025,4,8,10,VRB02KT,13,13
2025-04-08 10:29:00.000,2025,4,8,10,00000KT,12,12
2025-04-08 11:00:00.000,2025,4,8,11,VRB02KT,12,12
2025-04-08 12:00:00.000,2025,4,8,12,13004KT,12,12
2025-04-08 13:00:00.000,2025,4,8,13,04004KT,13,13
2025-04-08 14:00:00.000,2025,4,8,14,05005KT,13,13
2025-04-08 15:00:00.000,2025,4,8,15,34003KT,15,14
2025-04-08 16:00:00.000,2025,4,8,16,VRB03KT,17,13
2025-04-08 16:34:00.000,2025,4,8,16,VRB03KT,19,12
2025-04-08 17:00:00.000,2025,4,8,17,VRB01KT,19,12
2025-04-08 18:00:00.000,2025,4,8,18,14006KT,17,14
2025-04-08 18:23:00.000,2025,4,8,18,23010KT,14,14
2025-04-08 19:00:00.000,2025,4,8,19,25008KT,14,14
2025-04-08 19:32:00.000,2025,4,8,19,24008KT,14,14
2025-04-08 20:00:00.000,2025,4,8,20,23005KT,15,15
2025-04-08 21:00:00.000,2025,4,8,21,VRB02KT,16,13
2025-04-08 22:00:00.000,2025,4,8,22,32003KT,17,14
2025-04-08 23:00:00.000,2025,4,8,23,VRB02KT,17,13
2025-04-09 00:00:00.000,2025,4,9,0,35002KT,15,14
2025-04-09 01:00:00.000,2025,4,9,1,03003KT,13,13
2025-04-09 02:00:00.000,2025,4,9,2,05008KT,14,14
2025-04-09 03:00:00.000,2025,4,9,3,VRB02KT,13,13
2025-04-09 04:00:00.000,2025,4,9,4,01003KT,13,13
2025-04-09 05:00:00.000,2025,4,9,5,04003KT,13,13
2025-04-09 06:00:00.000,2025,4,9,6,22004KT,14,14
2025-04-09 07:00:00.000,2025,4,9,7,33002KT,13,13
2025-04-09 08:00:00.000,2025,4,9,8,35004KT,12,12
2025-04-09 09:00:00.000,2025,4,9,9,34002KT,12,12
2025-04-09 10:00:00.000,2025,4,9,10,35002KT,12,12
2025-04-09 10:31:00.000,2025,4,9,10,01002KT,12,12
2025-04-09 11:00:00.000,2025,4,9,11,01002KT,12,12
2025-04-09 11:32:00.000,2025,4,9,11,05004KT,13,13
2025-04-09 12:00:00.000,2025,4,9,12,04005KT,13,13
2025-04-09 13:00:00.000,2025,4,9,13,05006KT,14,14
2025-04-09 14:00:00.000,2025,4,9,14,20003KT,16,13
2025-04-09 15:00:00.000,2025,4,9,15,19004KT,17,13
2025-04-09 16:00:00.000,2025,4,9,16,VRB02KT,17,13
2025-04-09 17:00:00.000,2025,4,9,17,VRB02KT,18,13
2025-04-09 18:00:00.000,2025,4,9,18,20005KT,19,11
2025-04-09 18:21:00.000,2025,4,9,18,01005KT,19,13
2025-04-09 19:00:00.000,2025,4,9,19,VRB05KT,16,12
2025-04-09 19:18:00.000,2025,4,9,19,27011KT,16,15
2025-04-09 19:34:00.000,2025,4,9,19,29006KT,15,15
2025-04-09 20:00:00.000,2025,4,9,20,29010KT,14,14
2025-04-09 20:13:00.000,2025,4,9,20,28011KT,14,14
2025-04-09 21:00:00.000,2025,4,9,21,28009KT,14,14
2025-04-09 22:00:00.000,2025,4,9,22,25005KT,13,13
2025-04-09 23:00:00.000,2025,4,9,23,VRB02KT,13,13
2025-04-10 00:00:00.000,2025,4,10,0,03003KT,12,12
2025-04-10 01:00:00.000,2025,4,10,1,VRB02KT,12,12
2025-04-10 02:00:00.000,2025,4,10,2,36002KT,11,11
2025-04-10 03:00:00.000,2025,4,10,3,VRB02KT,13,13
2025-04-10 04:00:00.000,2025,4,10,4,02003KT,13,13
2025-04-10 04:28:00.000,2025,4,10,4,VRB02KT,13,13
2025-04-10 05:00:00.000,2025,4,10,5,VRB02KT,13,13
2025-04-10 06:00:00.000,2025,4,10,6,VRB02KT,13,13
2025-04-10 07:00:00.000,2025,4,10,7,VRB02KT,13,13
2025-04-10 08:00:00.000,2025,4,10,8,23003KT,12,12
2025-04-10 09:00:00.000,2025,4,10,9,VRB04KT,12,12
2025-04-10 10:00:00.000,2025,4,10,10,VRB02KT,12,12
2025-04-10 10:37:00.000,2025,4,10,10,05002KT,12,12
2025-04-10 11:00:00.000,2025,4,10,11,03003KT,11,11
2025-04-10 12:00:00.000,2025,4,10,12,34002KT,12,12
2025-04-10 13:00:00.000,2025,4,10,13,35003KT,14,14
2025-04-10 14:00:00.000,2025,4,10,14,35004KT,15,14
2025-04-10 14:14:00.000,2025,4,10,14,VRB03KT,16,14
2025-04-10 14:36:00.000,2025,4,10,14,VRB03KT,16,14
2025-04-10 15:00:00.000,2025,4,10,15,VRB01KT,16,13
2025-04-10 16:00:00.000,2025,4,10,16,14005KT,18,12
2025-04-10 16:10:00.000,2025,4,10,16,10004KT,14,14
2025-04-10 17:00:00.000,2025,4,10,17,12004KT,17,13
2025-04-10 18:00:00.000,2025,4,10,18,14009KT,19,12
2025-04-10 19:00:00.000,2025,4,10,19,15010KT,19,11
2025-04-10 20:00:00.000,2025,4,10,20,32009KT,18,15
2025-04-10 21:00:00.000,2025,4,10,21,33013KT,17,14
2025-04-10 22:00:00.000,2025,4,10,22,29007KT,14,14
2025-04-10 23:00:00.000,2025,4,10,23,26004KT,14,14
2025-04-11 00:00:00.000,2025,4,11,0,31003KT,14,14
2025-04-11 01:00:00.000,2025,4,11,1,03003KT,13,13
2025-04-11 02:00:00.000,2025,4,11,2,08003KT,13,13
2025-04-11 03:00:00.000,2025,4,11,3,03005KT,13,13
2025-04-11 03:15:00.000,2025,4,11,3,04008KT,13,13
2025-04-11 04:00:00.000,2025,4,11,4,05006KT,12,12
2025-04-11 05:00:00.000,2025,4,11,5,05006KT,12,12
2025-04-11 06:00:00.000,2025,4,11,6,05007KT,12,12
2025-04-11 07:00:00.000,2025,4,11,7,04003KT,12,12
2025-04-11 08:00:00.000,2025,4,11,8,VRB02KT,11,11
2025-04-11 09:00:00.000,2025,4,11,9,06003KT,11,11
2025-04-11 10:00:00.000,2025,4,11,10,05002KT,11,11
2025-04-11 10:31:00.000,2025,4,11,10,35003KT,11,11
2025-04-11 11:00:00.000,2025,4,11,11,32003KT,10,10
2025-04-11 12:00:00.000,2025,4,11,12,VRB01KT,11,11
2025-04-11 12:19:00.000,2025,4,11,12,VRB02KT,13,13
2025-04-11 13:00:00.000,2025,4,11,13,05005KT,13,13
2025-04-11 14:00:00.000,2025,4,11,14,04004KT,14,13
2025-04-11 15:00:00.000,2025,4,11,15,VRB02KT,15,12
2025-04-11 16:00:00.000,2025,4,11,16,17008KT,17,12
2025-04-11 17:00:00.000,2025,4,11,17,15006KT,18,12
2025-04-11 18:00:00.000,2025,4,11,18,14005KT,19,10
2025-04-11 19:00:00.000,2025,4,11,19,07006KT,19,10
2025-04-11 20:00:00.000,2025,4,11,20,24008KT,19,11
2025-04-11 21:00:00.000,2025,4,11,21,32011KT,16,13
2025-04-11 22:00:00.000,2025,4,11,22,29008KT,14,14
2025-04-11 23:00:00.000,2025,4,11,23,26005KT,14,13
2025-04-12 00:00:00.000,2025,4,12,0,VRB02KT,14,13
2025-04-12 01:00:00.000,2025,4,12,1,02002KT,13,13
2025-04-12 02:00:00.000,2025,4,12,2,04002KT,12,12
2025-04-12 03:00:00.000,2025,4,12,3,36002KT,11,11
2025-04-12 04:00:00.000,2025,4,12,4,02002KT,11,11
2025-04-12 05:00:00.000,2025,4,12,5,36002KT,11,11
2025-04-12 06:00:00.000,2025,4,12,6,VRB01KT,10,10
2025-04-12 06:25:00.000,2025,4,12,6,VRB01KT,10,10
2025-04-12 07:00:00.000,2025,4,12,7,VRB02KT,09,09
2025-04-12 08:00:00.000,2025,4,12,8,33006KT,08,08
2025-04-12 08:19:00.000,2025,4,12,8,VRB01KT,08,08
2025-04-12 08:30:00.000,2025,4,12,8,34002KT,08,08
2025-04-12 09:00:00.000,2025,4,12,9,36002KT,09,09
2025-04-12 10:00:00.000,2025,4,12,10,28003KT,09,09
2025-04-12 10:32:00.000,2025,4,12,10,34003KT,09,09
2025-04-12 11:00:00.000,2025,4,12,11,01002KT,08,08
2025-04-12 11:18:00.000,2025,4,12,11,04006KT,09,09
2025-04-12 12:00:00.000,2025,4,12,12,05005KT,11,11
2025-04-12 12:14:00.000,2025,4,12,12,03005KT,12,12
2025-04-12 12:25:00.000,2025,4,12,12,03003KT,12,12
2025-04-12 13:00:00.000,2025,4,12,13,06003KT,13,13
2025-04-12 14:00:00.000,2025,4,12,14,VRB03KT,16,12
2025-04-12 15:00:00.000,2025,4,12,15,VRB03KT,18,12
2025-04-12 16:00:00.000,2025,4,12,16,VRB03KT,18,11
2025-04-12 17:00:00.000,2025,4,12,17,01004KT,20,11
2025-04-12 18:00:00.000,2025,4,12,18,23007KT,20,10
2025-04-12 19:00:00.000,2025,4,12,19,25010KT,20,12
2025-04-12 20:00:00.000,2025,4,12,20,32012KT,18,14
2025-04-12 21:00:00.000,2025,4,12,21,29010KT,18,14
2025-04-12 22:00:00.000,2025,4,12,22,29008KT,18,14
2025-04-12 22:43:00.000,2025,4,12,22,28006KT,17,15
2025-04-12 23:00:00.000,2025,4,12,23,28006G16KT,17,15
2025-04-13 00:00:00.000,2025,4,13,0,VRB02KT,15,15
2025-04-13 01:00:00.000,2025,4,13,1,VRB02KT,14,14
2025-04-13 02:00:00.000,2025,4,13,2,35005KT,13,13
2025-04-13 03:00:00.000,2025,4,13,3,09006KT,14,10
2025-04-13 04:00:00.000,2025,4,13,4,05006KT,12,12
2025-04-13 05:00:00.000,2025,4,13,5,04005KT,11,11
2025-04-13 06:00:00.000,2025,4,13,6,05004KT,11,10
2025-04-13 07:00:00.000,2025,4,13,7,04004KT,10,10
2025-04-13 08:00:00.000,2025,4,13,8,VRB02KT,10,10
2025-04-13 09:00:00.000,2025,4,13,9,06004KT,09,09
2025-04-13 10:00:00.000,2025,4,13,10,04006KT,09,09
2025-04-13 10:30:00.000,2025,4,13,10,VRB02KT,08,08
2025-04-13 11:00:00.000,2025,4,13,11,VRB02KT,07,07
2025-04-13 12:00:00.000,2025,4,13,12,06004KT,10,10
2025-04-13 13:00:00.000,2025,4,13,13,04006KT,13,11
2025-04-13 14:00:00.000,2025,4,13,14,04006KT,16,10
2025-04-13 15:00:00.000,2025,4,13,15,04006KT,18,10
2025-04-13 16:00:00.000,2025,4,13,16,12008KT,20,07
2025-04-13 17:00:00.000,2025,4,13,17,13010KT,21,07
2025-04-13 18:00:00.000,2025,4,13,18,12008G18KT,22,08
2025-04-13 19:00:00.000,2025,4,13,19,13009KT,23,07
2025-04-13 20:00:00.000,2025,4,13,20,26007KT,20,12
2025-04-13 21:00:00.000,2025,4,13,21,25009KT,18,12
2025-04-13 22:00:00.000,2025,4,13,22,27006KT,19,13
2025-04-13 23:00:00.000,2025,4,13,23,31008KT,16,14
2025-04-14 00:00:00.000,2025,4,14,0,28006KT,16,12
2025-04-14 01:00:00.000,2025,4,14,1,31005KT,14,12
2025-04-14 02:00:00.000,2025,4,14,2,VRB02KT,14,12
2025-04-14 03:00:00.000,2025,4,14,3,01002KT,13,12
2025-04-14 04:00:00.000,2025,4,14,4,03002KT,12,12
2025-04-14 05:00:00.000,2025,4,14,5,03003KT,10,10
2025-04-14 06:00:00.000,2025,4,14,6,01003KT,11,11
2025-04-14 07:00:00.000,2025,4,14,7,33003KT,10,10
2025-04-14 08:00:00.000,2025,4,14,8,34004KT,09,09
2025-04-14 09:00:00.000,2025,4,14,9,01002KT,08,08
2025-04-14 09:18:00.000,2025,4,14,9,VRB02KT,09,09
2025-04-14 10:00:00.000,2025,4,14,10,VRB01KT,09,09
2025-04-14 10:33:00.000,2025,4,14,10,03002KT,09,09
2025-04-14 11:00:00.000,2025,4,14,11,04002KT,07,07
2025-04-14 11:34:00.000,2025,4,14,11,06003KT,09,09
2025-04-14 12:00:00.000,2025,4,14,12,35003KT,08,08
2025-04-14 13:00:00.000,2025,4,14,13,07007KT,12,12
2025-04-14 14:00:00.000,2025,4,14,14,04005KT,16,11
2025-04-14 15:00:00.000,2025,4,14,15,09005KT,18,10
2025-04-14 16:00:00.000,2025,4,14,16,13007KT,18,08
2025-04-14 17:00:00.000,2025,4,14,17,10006KT,19,08
2025-04-14 18:00:00.000,2025,4,14,18,13008KT,20,07
2025-04-14 19:00:00.000,2025,4,14,19,12006KT,21,06
2025-04-14 20:00:00.000,2025,4,14,20,VRB06KT,22,07
2025-04-14 21:00:00.000,2025,4,14,21,VRB06KT,22,06
2025-04-14 22:00:00.000,2025,4,14,22,10005KT,22,06
2025-04-14 23:00:00.000,2025,4,14,23,23006KT,18,12
2025-04-15 00:00:00.000,2025,4,15,0,24005KT,16,14
2025-04-15 01:00:00.000,2025,4,15,1,15006KT,15,11
2025-04-15 02:00:00.000,2025,4,15,2,33006KT,13,13
2025-04-15 03:00:00.000,2025,4,15,3,VRB01KT,14,11
2025-04-15 04:00:00.000,2025,4,15,4,02003KT,13,12
2025-04-15 05:00:00.000,2025,4,15,5,03005KT,13,12
2025-04-15 06:00:00.000,2025,4,15,6,06003KT,13,13
2025-04-15 07:00:00.000,2025,4,15,7,VRB02KT,13,12
2025-04-15 08:00:00.000,2025,4,15,8,35003KT,12,11
2025-04-15 09:00:00.000,2025,4,15,9,36003KT,11,11
2025-04-15 10:00:00.000,2025,4,15,10,07003KT,11,11
2025-04-15 10:30:00.000,2025,4,15,10,03004KT,10,10
2025-04-15 11:00:00.000,2025,4,15,11,03003KT,09,09
2025-04-15 12:00:00.000,2025,4,15,12,06004KT,11,10
2025-04-15 13:00:00.000,2025,4,15,13,06006KT,15,09
2025-04-15 14:00:00.000,2025,4,15,14,05006KT,17,07
2025-04-15 15:00:00.000,2025,4,15,15,14008KT,18,06
2025-04-15 16:00:00.000,2025,4,15,16,13009KT,19,07
2025-04-15 17:00:00.000,2025,4,15,17,13008G22KT,20,08
2025-04-15 18:00:00.000,2025,4,15,18,13010KT,20,07
2025-04-15 19:00:00.000,2025,4,15,19,14009KT,22,07
2025-04-15 20:00:00.000,2025,4,15,20,13013KT,21,06
2025-04-15 21:00:00.000,2025,4,15,21,13012KT,21,04
2025-04-15 22:00:00.000,2025,4,15,22,14009KT,19,06
2025-04-15 23:00:00.000,2025,4,15,23,12006KT,18,06
2025-04-16 00:00:00.000,2025,4,16,0,35004KT,16,08
2025-04-16 01:00:00.000,2025,4,16,1,03003KT,13,11
2025-04-16 02:00:00.000,2025,4,16,2,35003KT,12,10
2025-04-16 03:00:00.000,2025,4,16,3,04004KT,11,10
2025-04-16 04:00:00.000,2025,4,16,4,03003KT,11,09
2025-04-16 05:00:00.000,2025,4,16,5,04004KT,10,09
2025-04-16 06:00:00.000,2025,4,16,6,04003KT,10,10
2025-04-16 07:00:00.000,2025,4,16,7,03005KT,07,07
2025-04-16 08:00:00.000,2025,4,16,8,31005KT,09,09
2025-04-16 09:00:00.000,2025,4,16,9,33003KT,07,07
2025-04-16 10:00:00.000,2025,4,16,10,08003KT,09,09
2025-04-16 10:33:00.000,2025,4,16,10,VRB02KT,08,08
2025-04-16 11:00:00.000,2025,4,16,11,VRB02KT,08,08
2025-04-16 11:30:00.000,2025,4,16,11,06004KT,10,10
2025-04-16 12:00:00.000,2025,4,16,12,06004KT,11,11
2025-04-16 13:00:00.000,2025,4,16,13,06003KT,14,09
2025-04-16 13:36:00.000,2025,4,16,13,06006KT,16,07
2025-04-16 14:00:00.000,2025,4,16,14,04005KT,17,08
2025-04-16 15:00:00.000,2025,4,16,15,04004KT,19,08
2025-04-16 16:00:00.000,2025,4,16,16,VRB04KT,20,07
2025-04-16 17:00:00.000,2025,4,16,17,08007KT,22,08
2025-04-16 18:00:00.000,2025,4,16,18,15010KT,22,09
2025-04-16 19:00:00.000,2025,4,16,19,09008KT,21,08
2025-04-16 19:28:00.000,2025,4,16,19,32010KT,18,13
2025-04-16 20:00:00.000,2025,4,16,20,30009KT,18,12
2025-04-16 21:00:00.000,2025,4,16,21,30010KT,16,12
2025-04-16 22:00:00.000,2025,4,16,22,30008KT,17,14
2025-04-16 23:00:00.000,2025,4,16,23,24005KT,16,13
2025-04-17 00:00:00.000,2025,4,17,0,VRB02KT,14,13
2025-04-17 01:00:00.000,2025,4,17,1,VRB02KT,12,12
2025-04-17 02:00:00.000,2025,4,17,2,33004KT,11,11
2025-04-17 03:00:00.000,2025,4,17,3,33002KT,12,12
2025-04-17 04:00:00.000,2025,4,17,4,VRB02KT,12,12
2025-04-17 04:12:00.000,2025,4,17,4,35003KT,12,12
2025-04-17 04:35:00.000,2025,4,17,4,VRB03KT,13,13
2025-04-17 05:00:00.000,2025,4,17,5,VRB02KT,13,13
2025-04-17 06:00:00.000,2025,4,17,6,VRB01KT,12,12
2025-04-17 07:00:00.000,2025,4,17,7,27004KT,13,13
2025-04-17 08:00:00.000,2025,4,17,8,34002KT,12,12
2025-04-17 08:30:00.000,2025,4,17,8,03003KT,12,12
2025-04-17 09:00:00.000,2025,4,17,9,VRB01KT,12,12
2025-04-17 10:00:00.000,2025,4,17,10,VRB01KT,12,12
2025-04-17 10:30:00.000,2025,4,17,10,02002KT,11,11
2025-04-17 11:00:00.000,2025,4,17,11,33003KT,11,11
2025-04-17 12:00:00.000,2025,4,17,12,VRB02KT,11,11
2025-04-17 13:00:00.000,2025,4,17,13,05005KT,13,13
2025-04-17 14:00:00.000,2025,4,17,14,05005KT,15,14
2025-04-17 15:00:00.000,2025,4,17,15,06006KT,17,13
2025-04-17 16:00:00.000,2025,4,17,16,13008KT,18,12
2025-04-17 17:00:00.000,2025,4,17,17,13009KT,18,11
2025-04-17 18:00:00.000,2025,4,17,18,14010KT,18,11
2025-04-17 19:00:00.000,2025,4,17,19,14008KT,19,11
2025-04-17 20:00:00.000,2025,4,17,20,15008KT,20,10
2025-04-17 21:00:00.000,2025,4,17,21,16008KT,19,10
2025-04-17 22:00:00.000,2025,4,17,22,14010KT,19,11
2025-04-17 23:00:00.000,2025,4,17,23,13010KT,18,09
2025-04-18 00:00:00.000,2025,4,18,0,13009KT,17,10
2025-04-18 01:00:00.000,2025,4,18,1,08005KT,16,11
2025-04-18 02:00:00.000,2025,4,18,2,13004KT,16,10
2025-04-18 03:00:00.000,2025,4,18,3,VRB02KT,15,11
2025-04-18 04:00:00.000,2025,4,18,4,01004KT,14,13
2025-04-18 05:00:00.000,2025,4,18,5,VRB02KT,14,13
2025-04-18 06:00:00.000,2025,4,18,6,VRB03KT,13,13
2025-04-18 07:00:00.000,2025,4,18,7,10003KT,13,13
2025-04-18 08:00:00.000,2025,4,18,8,VRB02KT,13,13
2025-04-18 09:00:00.000,2025,4,18,9,04003KT,12,12
2025-04-18 10:00:00.000,2025,4,18,10,VRB02KT,12,12
2025-04-18 10:31:00.000,2025,4,18,10,08003KT,12,12
2025-04-18 11:00:00.000,2025,4,18,11,09004KT,14,13
2025-04-18 12:00:00.000,2025,4,18,12,09004KT,14,13
2025-04-18 13:00:00.000,2025,4,18,13,10005KT,15,12
2025-04-18 14:00:00.000,2025,4,18,14,10006KT,17,11
2025-04-18 15:00:00.000,2025,4,18,15,11008KT,18,11
2025-04-18 16:00:00.000,2025,4,18,16,12010KT,19,10
2025-04-18 17:00:00.000,2025,4,18,17,18009KT,20,10
2025-04-18 18:00:00.000,2025,4,18,18,16009KT,20,09
2025-04-18 19:00:00.000,2025,4,18,19,18008KT,20,10
2025-04-18 20:00:00.000,2025,4,18,20,16010KT,20,09
2025-04-18 21:00:00.000,2025,4,18,21,16009KT,20,09
2025-04-18 22:00:00.000,2025,4,18,22,15011KT,19,09
2025-04-18 22:20:00.000,2025,4,18,22,14012KT,18,09
2025-04-18 22:30:00.000,2025,4,18,22,14014KT,17,10
2025-04-18 23:00:00.000,2025,4,18,23,15008KT,15,13
2025-04-18 23:13:00.000,2025,4,18,23,15006KT,15,13
2025-04-19 00:00:00.000,2025,4,19,0,07004KT,15,12
2025-04-19 01:00:00.000,2025,4,19,1,06004KT,15,12
2025-04-19 02:00:00.000,2025,4,19,2,04004KT,15,11
2025-04-19 03:00:00.000,2025,4,19,3,11005KT,14,11
2025-04-19 04:00:00.000,2025,4,19,4,06003KT,14,11
2025-04-19 05:00:00.000,2025,4,19,5,33004KT,13,12
2025-04-19 06:00:00.000,2025,4,19,6,VRB01KT,12,12
2025-04-19 07:00:00.000,2025,4,19,7,36002KT,12,12
2025-04-19 08:00:00.000,2025,4,19,8,36003KT,13,12
2025-04-19 09:00:00.000,2025,4,19,9,05008KT,12,12
2025-04-19 10:00:00.000,2025,4,19,10,05004KT,11,11
2025-04-19 10:34:00.000,2025,4,19,10,04004KT,11,11
2025-04-19 11:00:00.000,2025,4,19,11,03005KT,11,11
2025-04-19 12:00:00.000,2025,4,19,12,04004KT,12,12
2025-04-19 13:00:00.000,2025,4,19,13,04005KT,15,14
2025-04-19 14:00:00.000,2025,4,19,14,03005KT,16,13
2025-04-19 15:00:00.000,2025,4,19,15,13007KT,18,10
2025-04-19 16:00:00.000,2025,4,19,16,VRB02KT,18,09
2025-04-19 17:00:00.000,2025,4,19,17,13009KT,18,10
2025-04-19 17:26:00.000,2025,4,19,17,12010KT,17,10
2025-04-19 18:00:00.000,2025,4,19,18,07009KT,16,14
2025-04-19 18:31:00.000,2025,4,19,18,03008KT,19,12
2025-04-19 19:00:00.000,2025,4,19,19,05008KT,19,12
2025-04-19 20:00:00.000,2025,4,19,20,06007KT,20,10
2025-04-19 21:00:00.000,2025,4,19,21,29007KT,19,12
2025-04-19 22:00:00.000,2025,4,19,22,24007KT,17,13
2025-04-19 23:00:00.000,2025,4,19,23,24007KT,16,14
2025-04-20 00:00:00.000,2025,4,20,0,23003KT,15,14
2025-04-20 01:00:00.000,2025,4,20,1,31004KT,13,13
2025-04-20 02:00:00.000,2025,4,20,2,29005KT,15,15
2025-04-20 03:00:00.000,2025,4,20,3,35003KT,13,13
2025-04-20 03:41:00.000,2025,4,20,3,34003KT,14,14
2025-04-20 04:00:00.000,2025,4,20,4,32004KT,14,14
2025-04-20 04:18:00.000,2025,4,20,4,33004KT,13,13
2025-04-20 05:00:00.000,2025,4,20,5,26005KT,13,13
2025-04-20 05:41:00.000,2025,4,20,5,VRB01KT,12,12
2025-04-20 06:00:00.000,2025,4,20,6,VRB02KT,12,12
2025-04-20 07:00:00.000,2025,4,20,7,VRB02KT,13,13
2025-04-20 07:14:00.000,2025,4,20,7,VRB02KT,13,13
2025-04-20 08:00:00.000,2025,4,20,8,14003KT,13,13
2025-04-20 09:00:00.000,2025,4,20,9,19005KT,13,13
2025-04-20 10:00:00.000,2025,4,20,10,18004KT,12,12
2025-04-20 10:32:00.000,2025,4,20,10,VRB02KT,12,12
2025-04-20 11:00:00.000,2025,4,20,11,36003KT,11,11
2025-04-20 12:00:00.000,2025,4,20,12,04004KT,12,12
2025-04-20 13:00:00.000,2025,4,20,13,04004KT,14,12
2025-04-20 14:00:00.000,2025,4,20,14,07008KT,15,12
2025-04-20 15:00:00.000,2025,4,20,15,04006KT,17,12
2025-04-20 16:00:00.000,2025,4,20,16,VRB03KT,17,11
2025-04-20 17:00:00.000,2025,4,20,17,VRB03KT,18,10
2025-04-20 18:00:00.000,2025,4,20,18,VRB02KT,19,10
2025-04-20 19:00:00.000,2025,4,20,19,VRB05KT,20,10
2025-04-20 20:00:00.000,2025,4,20,20,29007KT,18,12
2025-04-20 21:00:00.000,2025,4,20,21,28010KT,16,12
2025-04-20 21:14:00.000,2025,4,20,21,31010KT,15,13
2025-04-20 22:00:00.000,2025,4,20,22,32007KT,14,14
2025-04-20 22:15:00.000,2025,4,20,22,35003KT,14,14
2025-04-20 23:00:00.000,2025,4,20,23,04004KT,14,14
2025-04-21 00:00:00.000,2025,4,21,0,05003KT,13,13
2025-04-21 01:00:00.000,2025,4,21,1,02002KT,13,13
2025-04-21 02:00:00.000,2025,4,21,2,02002KT,12,12
2025-04-21 03:00:00.000,2025,4,21,3,03003KT,12,12
2025-04-21 04:00:00.000,2025,4,21,4,01003KT,12,12
2025-04-21 05:00:00.000,2025,4,21,5,VRB03KT,13,13
2025-04-21 06:00:00.000,2025,4,21,6,VRB02KT,13,13
2025-04-21 07:00:00.000,2025,4,21,7,27004KT,13,13
2025-04-21 08:00:00.000,2025,4,21,8,01002KT,12,12
2025-04-21 09:00:00.000,2025,4,21,9,VRB01KT,12,12
2025-04-21 10:00:00.000,2025,4,21,10,36003KT,12,12
2025-04-21 10:32:00.000,2025,4,21,10,33003KT,12,12
2025-04-21 11:00:00.000,2025,4,21,11,35003KT,12,12
2025-04-21 12:00:00.000,2025,4,21,12,VRB01KT,13,13
2025-04-21 13:00:00.000,2025,4,21,13,06003KT,15,14
2025-04-21 14:00:00.000,2025,4,21,14,VRB02KT,16,13
2025-04-21 15:00:00.000,2025,4,21,15,VRB03KT,17,12
2025-04-21 16:00:00.000,2025,4,21,16,11005KT,18,12
2025-04-21 16:31:00.000,2025,4,21,16,VRB03KT,18,11
2025-04-21 17:00:00.000,2025,4,21,17,25011KT,16,12
2025-04-21 18:00:00.000,2025,4,21,18,27005KT,14,12
2025-04-21 19:00:00.000,2025,4,21,19,16009KT,18,14
2025-04-21 19:30:00.000,2025,4,21,19,19006KT,16,10
2025-04-21 20:00:00.000,2025,4,21,20,27004KT,16,12
2025-04-21 21:00:00.000,2025,4,21,21,35004KT,16,13
2025-04-21 22:00:00.000,2025,4,21,22,02006KT,15,13
2025-04-21 22:16:00.000,2025,4,21,22,VRB02KT,14,14
2025-04-21 23:00:00.000,2025,4,21,23,VRB02KT,13,13
2025-04-22 00:00:00.000,2025,4,22,0,02002KT,13,13
2025-04-22 01:00:00.000,2025,4,22,1,VRB02KT,13,13
2025-04-22 02:00:00.000,2025,4,22,2,01002KT,12,12
2025-04-22 03:00:00.000,2025,4,22,3,35003KT,11,11
2025-04-22 04:00:00.000,2025,4,22,4,01002KT,10,10
2025-04-22 04:17:00.000,2025,4,22,4,VRB02KT,10,10
2025-04-22 05:00:00.000,2025,4,22,5,VRB02KT,09,09
2025-04-22 05:04:00.000,2025,4,22,5,33004KT,09,09
2025-04-22 05:27:00.000,2025,4,22,5,29004KT,10,10
2025-04-22 06:00:00.000,2025,4,22,6,VRB02KT,10,10
2025-04-22 07:00:00.000,2025,4,22,7,VRB02KT,10,10
2025-04-22 07:36:00.000,2025,4,22,7,33004KT,10,10
2025-04-22 08:00:00.000,2025,4,22,8,32003KT,10,10
2025-04-22 08:09:00.000,2025,4,22,8,34002KT,11,11
2025-04-22 09:05:00.000,2025,4,22,9,01002KT,10,10
2025-04-22 10:00:00.000,2025,4,22,10,VRB01KT,10,10
2025-04-22 10:31:00.000,2025,4,22,10,31003KT,10,10
2025-04-22 11:00:00.000,2025,4,22,11,VRB01KT,10,10
2025-04-22 11:17:00.000,2025,4,22,11,02003KT,10,10
2025-04-22 11:33:00.000,2025,4,22,11,VRB02KT,10,10
2025-04-22 12:00:00.000,2025,4,22,12,VRB02KT,11,11
2025-04-22 12:18:00.000,2025,4,22,12,04006KT,11,11
2025-04-22 13:00:00.000,2025,4,22,13,04006KT,13,13
2025-04-22 13:33:00.000,2025,4,22,13,05003KT,15,13
2025-04-22 14:00:00.000,2025,4,22,14,VRB03KT,15,13
2025-04-22 15:00:00.000,2025,4,22,15,04005KT,17,12
2025-04-22 16:00:00.000,2025,4,22,16,VRB05KT,18,11
2025-04-22 16:25:00.000,2025,4,22,16,26012KT,17,13
2025-04-22 17:00:00.000,2025,4,22,17,25009KT,16,13
2025-04-22 18:00:00.000,2025,4,22,18,31006KT,15,13
2025-04-22 19:00:00.000,2025,4,22,19,31005KT,19,13
2025-04-22 20:00:00.000,2025,4,22,20,29006KT,19,12
2025-04-22 21:00:00.000,2025,4,22,21,22006G18KT,18,13
2025-04-22 21:29:00.000,2025,4,22,21,17010KT,16,11
2025-04-22 22:00:00.000,2025,4,22,22,21008KT,16,13
2025-04-22 23:00:00.000,2025,4,22,23,25006KT,15,13
2025-04-22 23:17:00.000,2025,4,22,23,24005KT,15,12
2025-04-23 00:00:00.000,2025,4,23,0,VRB02KT,14,14
2025-04-23 00:30:00.000,2025,4,23,0,03003KT,13,13
2025-04-23 01:00:00.000,2025,4,23,1,02002KT,13,13
2025-04-23 02:00:00.000,2025,4,23,2,VRB02KT,12,12
2025-04-23 03:00:00.000,2025,4,23,3,VRB02KT,12,12
2025-04-23 04:00:00.000,2025,4,23,4,02003KT,12,12
2025-04-23 05:00:00.000,2025,4,23,5,VRB02KT,11,11
2025-04-23 06:00:00.000,2025,4,23,6,VRB02KT,10,10
2025-04-23 07:00:00.000,2025,4,23,7,VRB01KT,10,10
2025-04-23 08:00:00.000,2025,4,23,8,VRB03KT,09,09
2025-04-23 08:26:00.000,2025,4,23,8,34003KT,09,09
2025-04-23 09:00:00.000,2025,4,23,9,VRB02KT,11,11
2025-04-23 10:00:00.000,2025,4,23,10,31002KT,10,10
2025-04-23 10:10:00.000,2025,4,23,10,VRB02KT,10,10
2025-04-23 10:33:00.000,2025,4,23,10,VRB01KT,10,10
2025-04-23 11:00:00.000,2025,4,23,11,VRB01KT,11,11
2025-04-23 11:26:00.000,2025,4,23,11,07003KT,11,11
2025-04-23 12:00:00.000,2025,4,23,12,08004KT,12,12
2025-04-23 12:34:00.000,2025,4,23,12,36003KT,13,13
2025-04-23 13:00:00.000,2025,4,23,13,03003KT,13,13
2025-04-23 13:35:00.000,2025,4,23,13,VRB02KT,15,14
2025-04-23 14:00:00.000,2025,4,23,14,05003KT,16,13
2025-04-23 15:00:00.000,2025,4,23,15,VRB02KT,18,12
2025-04-23 16:00:00.000,2025,4,23,16,VRB03KT,19,12
2025-04-23 17:00:00.000,2025,4,23,17,29006KT,20,13
2025-04-23 18:00:00.000,2025,4,23,18,28010KT,20,13
2025-04-23 19:00:00.000,2025,4,23,19,28011KT,20,13
2025-04-23 20:00:00.000,2025,4,23,20,28009KT,18,13
2025-04-23 21:00:00.000,2025,4,23,21,30008KT,17,13
2025-04-23 22:00:00.000,2025,4,23,22,27003KT,16,13
2025-04-23 23:00:00.000,2025,4,23,23,18003KT,16,14
2025-04-23 23:19:00.000,2025,4,23,23,22004KT,16,13
2025-04-24 00:00:00.000,2025,4,24,0,24005KT,15,14
2025-04-24 01:00:00.000,2025,4,24,1,VRB02KT,15,13
2025-04-24 02:00:00.000,2025,4,24,2,VRB02KT,13,13
2025-04-24 03:00:00.000,2025,4,24,3,VRB02KT,13,13
2025-04-24 04:00:00.000,2025,4,24,4,32003KT,13,13
2025-04-24 04:16:00.000,2025,4,24,4,VRB02KT,13,13
2025-04-24 05:00:00.000,2025,4,24,5,35003KT,13,13
2025-04-24 06:00:00.000,2025,4,24,6,35005KT,13,13
2025-04-24 06:29:00.000,2025,4,24,6,VRB01KT,13,13
2025-04-24 07:00:00.000,2025,4,24,7,06004KT,13,13
2025-04-24 08:00:00.000,2025,4,24,8,VRB02KT,13,13
2025-04-24 09:00:00.000,2025,4,24,9,36004KT,13,13
2025-04-24 10:00:00.000,2025,4,24,10,23003KT,13,13
2025-04-24 10:36:00.000,2025,4,24,10,VRB02KT,13,13
2025-04-24 11:00:00.000,2025,4,24,11,07003KT,13,13
2025-04-24 12:00:00.000,2025,4,24,12,05003KT,13,13
2025-04-24 13:00:00.000,2025,4,24,13,VRB02KT,13,13
2025-04-24 14:00:00.000,2025,4,24,14,06005KT,14,14
2025-04-24 15:00:00.000,2025,4,24,15,02005KT,16,13
2025-04-24 16:00:00.000,2025,4,24,16,36004KT,18,11
2025-04-24 17:00:00.000,2025,4,24,17,31006KT,18,12
2025-04-24 18:00:00.000,2025,4,24,18,25007KT,18,14
2025-04-24 19:00:00.000,2025,4,24,19,23008KT,18,14
2025-04-24 20:00:00.000,2025,4,24,20,26009KT,18,14
2025-04-24 21:00:00.000,2025,4,24,21,25009KT,18,13
2025-04-24 21:26:00.000,2025,4,24,21,28009KT,18,14
2025-04-24 22:00:00.000,2025,4,24,22,25007KT,17,14
2025-04-24 23:00:00.000,2025,4,24,23,28008KT,16,14
2025-04-25 00:00:00.000,2025,4,25,0,26003KT,14,13
2025-04-25 01:00:00.000,2025,4,25,1,VRB02KT,13,13
2025-04-25 02:00:00.000,2025,4,25,2,01003KT,13,13
2025-04-25 03:00:00.000,2025,4,25,3,30005KT,14,14
2025-04-25 04:00:00.000,2025,4,25,4,VRB02KT,12,12
2025-04-25 05:00:00.000,2025,4,25,5,VRB02KT,12,12
2025-04-25 06:00:00.000,2025,4,25,6,VRB02KT,13,13
2025-04-25 07:00:00.000,2025,4,25,7,35002KT,13,13
2025-04-25 08:00:00.000,2025,4,25,8,34002KT,13,13
2025-04-25 09:00:00.000,2025,4,25,9,27003KT,13,13
2025-04-25 10:00:00.000,2025,4,25,10,27003KT,13,13
2025-04-25 10:31:00.000,2025,4,25,10,28003KT,13,13
2025-04-25 11:00:00.000,2025,4,25,11,30003KT,13,13
2025-04-25 11:10:00.000,2025,4,25,11,VRB02KT,12,12
2025-04-25 12:00:00.000,2025,4,25,12,VRB02KT,13,13
2025-04-25 13:00:00.000,2025,4,25,13,36003KT,15,15
2025-04-25 14:00:00.000,2025,4,25,14,05004KT,17,15
2025-04-25 15:00:00.000,2025,4,25,15,01005KT,18,13
2025-04-25 15:13:00.000,2025,4,25,15,32005KT,17,13
2025-04-25 15:26:00.000,2025,4,25,15,25004KT,15,15
2025-04-25 15:34:00.000,2025,4,25,15,21007KT,11,11
2025-04-25 16:00:00.000,2025,4,25,16,27003KT,13,13
2025-04-25 16:28:00.000,2025,4,25,16,VRB01KT,17,15
2025-04-25 17:00:00.000,2025,4,25,17,24008KT,15,14
2025-04-25 17:28:00.000,2025,4,25,17,23009KT,14,13
2025-04-25 18:00:00.000,2025,4,25,18,26008KT,15,15
2025-04-25 18:16:00.000,2025,4,25,18,30006KT,15,15
2025-04-25 19:00:00.000,2025,4,25,19,31007KT,17,15
2025-04-25 20:00:00.000,2025,4,25,20,32008KT,18,15
2025-04-25 21:00:00.000,2025,4,25,21,26009KT,17,15
2025-04-25 22:00:00.000,2025,4,25,22,22004KT,16,14
2025-04-25 23:00:00.000,2025,4,25,23,VRB05G17KT,16,14
2025-04-26 00:00:00.000,2025,4,26,0,20003KT,15,12
2025-04-26 01:00:00.000,2025,4,26,1,VRB02KT,15,15
2025-04-26 02:00:00.000,2025,4,26,2,VRB02KT,14,14
2025-04-26 03:00:00.000,2025,4,26,3,VRB02KT,14,14
2025-04-26 03:06:00.000,2025,4,26,3,VRB02KT,14,14
2025-04-26 03:19:00.000,2025,4,26,3,VRB02KT,15,14
2025-04-26 03:35:00.000,2025,4,26,3,23011KT,13,13
2025-04-26 04:00:00.000,2025,4,26,4,22007KT,12,12
2025-04-26 04:22:00.000,2025,4,26,4,17005KT,12,12
2025-04-26 05:00:00.000,2025,4,26,5,13005KT,12,12
2025-04-26 06:00:00.000,2025,4,26,6,VRB02KT,12,12
2025-04-26 06:17:00.000,2025,4,26,6,VRB02KT,12,12
2025-04-26 07:00:00.000,2025,4,26,7,31003KT,12,12
2025-04-26 08:00:00.000,2025,4,26,8,VRB02KT,12,12
2025-04-26 09:00:00.000,2025,4,26,9,32002KT,12,12
2025-04-26 10:00:00.000,2025,4,26,10,30002KT,12,12
2025-04-26 10:33:00.000,2025,4,26,10,VRB02KT,12,12
2025-04-26 11:00:00.000,2025,4,26,11,VRB02KT,13,13
2025-04-26 11:13:00.000,2025,4,26,11,VRB01KT,12,12
2025-04-26 12:00:00.000,2025,4,26,12,VRB01KT,12,12
2025-04-26 12:16:00.000,2025,4,26,12,35002KT,12,12
2025-04-26 13:00:00.000,2025,4,26,13,35003KT,13,13
2025-04-26 14:00:00.000,2025,4,26,14,VRB02KT,13,13
2025-04-26 14:20:00.000,2025,4,26,14,33003KT,14,14
2025-04-26 15:00:00.000,2025,4,26,15,30002KT,15,14
2025-04-26 16:00:00.000,2025,4,26,16,VRB03KT,17,13
2025-04-26 17:00:00.000,2025,4,26,17,35003KT,18,12
2025-04-26 18:00:00.000,2025,4,26,18,VRB02KT,17,12
2025-04-26 18:12:00.000,2025,4,26,18,21007KT,14,14
2025-04-26 18:15:00.000,2025,4,26,18,22007KT,14,14
2025-04-26 19:00:00.000,2025,4,26,19,26008KT,14,14
2025-04-26 19:14:00.000,2025,4,26,19,27007KT,14,14
2025-04-26 20:00:00.000,2025,4,26,20,28005KT,14,14
2025-04-26 20:12:00.000,2025,4,26,20,31004KT,15,15
2025-04-26 21:00:00.000,2025,4,26,21,35004KT,15,15
2025-04-26 22:00:00.000,2025,4,26,22,36003KT,15,15
2025-04-26 23:00:00.000,2025,4,26,23,36001KT,15,14
2025-04-27 00:00:00.000,2025,4,27,0,VRB02KT,14,14
2025-04-27 01:00:00.000,2025,4,27,1,VRB01KT,14,14
2025-04-27 02:00:00.000,2025,4,27,2,35002KT,13,13
2025-04-27 03:00:00.000,2025,4,27,3,34002KT,13,13
2025-04-27 04:00:00.000,2025,4,27,4,29004KT,14,14
2025-04-27 05:00:00.000,2025,4,27,5,35003KT,13,13
2025-04-27 06:00:00.000,2025,4,27,6,VRB01KT,13,13
2025-04-27 07:00:00.000,2025,4,27,7,26004KT,13,13
2025-04-27 07:21:00.000,2025,4,27,7,15009KT,12,12
2025-04-27 07:31:00.000,2025,4,27,7,15009KT,12,12
2025-04-27 08:00:00.000,2025,4,27,8,17007KT,12,12
2025-04-27 09:00:00.000,2025,4,27,9,VRB01KT,12,12
2025-04-27 10:00:00.000,2025,4,27,10,VRB01KT,12,12
2025-04-27 10:17:00.000,2025,4,27,10,VRB02KT,11,11
2025-04-27 10:38:00.000,2025,4,27,10,VRB02KT,11,11
2025-04-27 11:00:00.000,2025,4,27,11,02003KT,11,11
2025-04-27 12:00:00.000,2025,4,27,12,VRB01KT,12,12
2025-04-27 13:00:00.000,2025,4,27,13,VRB03KT,14,13
2025-04-27 14:00:00.000,2025,4,27,14,04005KT,16,12
2025-04-27 15:00:00.000,2025,4,27,15,05005KT,18,12
2025-04-27 16:00:00.000,2025,4,27,16,VRB04KT,19,12
2025-04-27 17:00:00.000,2025,4,27,17,36003KT,18,12
2025-04-27 18:00:00.000,2025,4,27,18,02006KT,19,12
2025-04-27 18:37:00.000,2025,4,27,18,28012KT,18,15
2025-04-27 19:00:00.000,2025,4,27,19,28011KT,18,15
2025-04-27 20:00:00.000,2025,4,27,20,27009G22KT,17,15
2025-04-27 20:07:00.000,2025,4,27,20,26009KT,18,15
2025-04-27 21:00:00.000,2025,4,27,21,22007KT,18,14
2025-04-27 22:00:00.000,2025,4,27,22,33007KT,15,15
2025-04-27 23:00:00.000,2025,4,27,23,31006KT,16,14
2025-04-27 23:21:00.000,2025,4,27,23,26006KT,16,14
2025-04-28 00:00:00.000,2025,4,28,0,22006KT,15,15
2025-04-28 01:00:00.000,2025,4,28,1,33004KT,14,14
2025-04-28 02:00:00.000,2025,4,28,2,01003KT,14,14
2025-04-28 03:00:00.000,2025,4,28,3,35004KT,13,13
2025-04-28 04:00:00.000,2025,4,28,4,03002KT,13,13
2025-04-28 04:15:00.000,2025,4,28,4,VRB01KT,13,13
2025-04-28 05:00:00.000,2025,4,28,5,34003KT,13,13
2025-04-28 06:00:00.000,2025,4,28,6,27002KT,13,13
2025-04-28 07:00:00.000,2025,4,28,7,VRB02KT,13,13
2025-04-28 08:00:00.000,2025,4,28,8,03003KT,12,12
2025-04-28 09:00:00.000,2025,4,28,9,24002KT,12,12
2025-04-28 10:00:00.000,2025,4,28,10,VRB01KT,12,12
2025-04-28 10:31:00.000,2025,4,28,10,03002KT,11,11
2025-04-28 11:00:00.000,2025,4,28,11,VRB01KT,11,11
2025-04-28 12:00:00.000,2025,4,28,12,VRB02KT,12,12
2025-04-28 13:00:00.000,2025,4,28,13,VRB02KT,14,14
2025-04-28 14:00:00.000,2025,4,28,14,03004KT,16,13
2025-04-28 15:00:00.000,2025,4,28,15,12006KT,18,09
2025-04-28 16:00:00.000,2025,4,28,16,VRB07KT,18,09
2025-04-28 17:00:00.000,2025,4,28,17,11007KT,19,08
2025-04-28 18:00:00.000,2025,4,28,18,14009KT,18,08
2025-04-28 19:00:00.000,2025,4,28,19,17005KT,19,08
2025-04-28 20:00:00.000,2025,4,28,20,04005KT,19,09
2025-04-28 21:00:00.000,2025,4,28,21,26008KT,18,12
2025-04-28 22:00:00.000,2025,4,28,22,26007KT,16,13
2025-04-28 22:15:00.000,2025,4,28,22,23006KT,16,13
2025-04-28 22:26:00.000,2025,4,28,22,VRB03KT,16,13
2025-04-28 23:00:00.000,2025,4,28,23,31005KT,15,15
2025-04-29 00:00:00.000,2025,4,29,0,VRB02KT,13,13
2025-04-29 01:00:00.000,2025,4,29,1,34003KT,13,13
2025-04-29 02:00:00.000,2025,4,29,2,33004KT,12,12
2025-04-29 03:00:00.000,2025,4,29,3,VRB02KT,13,13
2025-04-29 04:00:00.000,2025,4,29,4,29004KT,13,13
2025-04-29 05:00:00.000,2025,4,29,5,VRB01KT,12,12
2025-04-29 06:00:00.000,2025,4,29,6,02002KT,11,11
2025-04-29 07:00:00.000,2025,4,29,7,02002KT,13,12
2025-04-29 08:00:00.000,2025,4,29,8,26002KT,11,11
2025-04-29 09:00:00.000,2025,4,29,9,30003KT,11,11
2025-04-29 10:00:00.000,2025,4,29,10,05002KT,12,12
2025-04-29 10:26:00.000,2025,4,29,10,35002KT,13,13
2025-04-29 11:00:00.000,2025,4,29,11,VRB01KT,12,12
2025-04-29 12:00:00.000,2025,4,29,12,01004KT,13,12
2025-04-29 13:00:00.000,2025,4,29,13,07004KT,15,13
2025-04-29 14:00:00.000,2025,4,29,14,01004KT,17,11
2025-04-29 15:00:00.000,2025,4,29,15,VRB04KT,18,11
2025-04-29 16:00:00.000,2025,4,29,16,02003KT,19,10
2025-04-29 17:00:00.000,2025,4,29,17,28004KT,19,10
2025-04-29 18:00:00.000,2025,4,29,18,28009KT,18,13
2025-04-29 19:00:00.000,2025,4,29,19,31010KT,17,15
2025-04-29 19:14:00.000,2025,4,29,19,30010KT,17,14
2025-04-29 20:00:00.000,2025,4,29,20,27008KT,15,15
2025-04-29 21:00:00.000,2025,4,29,21,VRB05KT,14,14
2025-04-29 22:00:00.000,2025,4,29,22,27005KT,15,15
2025-04-29 23:00:00.000,2025,4,29,23,VRB02KT,14,14
2025-04-30 00:00:00.000,2025,4,30,0,VRB02KT,14,14
2025-04-30 01:00:00.000,2025,4,30,1,VRB02KT,14,14
2025-04-30 02:00:00.000,2025,4,30,2,08003KT,14,14
2025-04-30 03:00:00.000,2025,4,30,3,01003KT,12,12
2025-04-30 04:00:00.000,2025,4,30,4,01004KT,12,12
2025-04-30 05:00:00.000,2025,4,30,5,34003KT,12,12
2025-04-30 06:00:00.000,2025,4,30,6,30002KT,12,12
2025-04-30 06:19:00.000,2025,4,30,6,VRB02KT,12,12
2025-04-30 07:00:00.000,2025,4,30,7,07005KT,12,12
2025-04-30 08:00:00.000,2025,4,30,8,05005KT,12,12
2025-04-30 09:00:00.000,2025,4,30,9,06006KT,12,12
2025-04-30 10:00:00.000,2025,4,30,10,04005KT,12,12
2025-04-30 10:30:00.000,2025,4,30,10,05005KT,12,12
2025-04-30 11:00:00.000,2025,4,30,11,05004KT,12,12
2025-04-30 12:00:00.000,2025,4,30,12,04005KT,13,13
2025-04-30 13:00:00.000,2025,4,30,13,04005KT,13,13
2025-04-30 14:00:00.000,2025,4,30,14,VRB02KT,15,13
2025-04-30 15:00:00.000,2025,4,30,15,VRB03KT,16,13
2025-04-30 16:00:00.000,2025,4,30,16,VRB03KT,17,12
2025-04-30 17:00:00.000,2025,4,30,17,11005KT,18,11
2025-04-30 18:00:00.000,2025,4,30,18,14009KT,19,10
2025-04-30 19:00:00.000,2025,4,30,19,15012KT,20,10
2025-04-30 20:00:00.000,2025,4,30,20,14010KT,20,09
2025-04-30 21:00:00.000,2025,4,30,21,16008KT,19,09
2025-04-30 22:00:00.000,2025,4,30,22,17008KT,19,08
2025-04-30 23:00:00.000,2025,4,30,23,14006KT,17,09
2025-05-01 00:00:00.000,2025,5,1,0,VRB02KT,15,11
2025-05-01 01:00:00.000,2025,5,1,1,VRB02KT,13,13
2025-05-01 02:00:00.000,2025,5,1,2,01002KT,12,12
2025-05-01 03:00:00.000,2025,5,1,3,VRB01KT,13,12
2025-05-01 04:00:00.000,2025,5,1,4,03003KT,12,12
2025-05-01 05:00:00.000,2025,5,1,5,VRB01KT,12,12
2025-05-01 06:00:00.000,2025,5,1,6,VRB01KT,11,11
2025-05-01 07:00:00.000,2025,5,1,7,04003KT,10,10
2025-05-01 08:00:00.000,2025,5,1,8,VRB01KT,10,10
2025-05-01 09:00:00.000,2025,5,1,9,33002KT,09,09
2025-05-01 10:00:00.000,2025,5,1,10,VRB02KT,09,09
2025-05-01 10:29:00.000,2025,5,1,10,VRB02KT,09,09
2025-05-01 11:00:00.000,2025,5,1,11,08003KT,09,09
2025-05-01 12:00:00.000,2025,5,1,12,VRB02KT,11,11
2025-05-01 12:23:00.000,2025,5,1,12,05004KT,12,12
2025-05-01 13:00:00.000,2025,5,1,13,04007KT,12,12
2025-05-01 14:00:00.000,2025,5,1,14,05008KT,15,13
2025-05-01 14:14:00.000,2025,5,1,14,06008KT,17,12
2025-05-01 15:00:00.000,2025,5,1,15,05007KT,17,11
2025-05-01 15:17:00.000,2025,5,1,15,05004KT,17,11
2025-05-01 16:00:00.000,2025,5,1,16,05005KT,18,11
2025-05-01 17:00:00.000,2025,5,1,17,17004KT,19,09
2025-05-01 18:00:00.000,2025,5,1,18,25008KT,17,12
2025-05-01 18:08:00.000,2025,5,1,18,24010KT,16,15
2025-05-01 19:00:00.000,2025,5,1,19,06005KT,15,14
2025-05-01 20:00:00.000,2025,5,1,20,31009KT,15,15
2025-05-01 21:00:00.000,2025,5,1,21,30009KT,17,15
2025-05-01 22:00:00.000,2025,5,1,22,30005KT,18,14
2025-05-01 23:00:00.000,2025,5,1,23,29009KT,15,13
2025-05-02 00:00:00.000,2025,5,2,0,30005KT,14,13
2025-05-02 01:00:00.000,2025,5,2,1,VRB02KT,14,12
2025-05-02 02:00:00.000,2025,5,2,2,VRB01KT,13,12
2025-05-02 03:00:00.000,2025,5,2,3,VRB02KT,12,12
2025-05-02 04:00:00.000,2025,5,2,4,06002KT,11,11
2025-05-02 05:00:00.000,2025,5,2,5,04002KT,11,11
2025-05-02 06:00:00.000,2025,5,2,6,02002KT,10,10
2025-05-02 07:00:00.000,2025,5,2,7,VRB01KT,10,10
2025-05-02 08:00:00.000,2025,5,2,8,VRB01KT,11,11
2025-05-02 09:00:00.000,2025,5,2,9,VRB01KT,10,10
2025-05-02 10:00:00.000,2025,5,2,10,01002KT,09,09
2025-05-02 10:15:00.000,2025,5,2,10,VRB02KT,09,09
2025-05-02 11:00:00.000,2025,5,2,11,VRB02KT,09,09
2025-05-02 12:00:00.000,2025,5,2,12,05004KT,10,10
2025-05-02 13:00:00.000,2025,5,2,13,03005KT,13,13
2025-05-02 14:00:00.000,2025,5,2,14,VRB02KT,15,13
2025-05-02 14:25:00.000,2025,5,2,14,VRB03KT,18,12
2025-05-02 15:00:00.000,2025,5,2,15,VRB04KT,18,12
2025-05-02 16:00:00.000,2025,5,2,16,VRB04KT,18,12
2025-05-02 17:00:00.000,2025,5,2,17,31003KT,18,10
2025-05-02 18:00:00.000,2025,5,2,18,26007KT,17,13
2025-05-02 19:00:00.000,2025,5,2,19,34005KT,19,12
2025-05-02 20:00:00.000,2025,5,2,20,30008KT,17,13
2025-05-02 21:00:00.000,2025,5,2,21,27011KT,16,15
2025-05-02 22:00:00.000,2025,5,2,22,VRB08KT,15,14
2025-05-02 23:00:00.000,2025,5,2,23,28005KT,15,13
2025-05-03 00:00:00.000,2025,5,3,0,24004KT,15,12
2025-05-03 01:00:00.000,2025,5,3,1,27005KT,15,12
2025-05-03 01:15:00.000,2025,5,3,1,VRB02KT,14,13
2025-05-03 02:00:00.000,2025,5,3,2,10002KT,14,13
2025-05-03 03:00:00.000,2025,5,3,3,VRB01KT,12,12
2025-05-03 04:00:00.000,2025,5,3,4,VRB01KT,12,12
2025-05-03 05:00:00.000,2025,5,3,5,VRB02KT,12,12
2025-05-03 06:00:00.000,2025,5,3,6,30004KT,12,12
2025-05-03 07:00:00.000,2025,5,3,7,01001KT,12,12
2025-05-03 08:00:00.000,2025,5,3,8,33002KT,12,12
2025-05-03 09:00:00.000,2025,5,3,9,VRB02KT,12,12
2025-05-03 10:00:00.000,2025,5,3,10,32003KT,12,12
2025-05-03 10:31:00.000,2025,5,3,10,04001KT,12,12
2025-05-03 11:00:00.000,2025,5,3,11,VRB01KT,12,12
2025-05-03 12:00:00.000,2025,5,3,12,03004KT,12,12
2025-05-03 12:10:00.000,2025,5,3,12,03004KT,13,13
2025-05-03 13:00:00.000,2025,5,3,13,04004KT,13,13
2025-05-03 14:00:00.000,2025,5,3,14,06004KT,14,14
2025-05-03 15:00:00.000,2025,5,3,15,VRB03KT,15,14
2025-05-03 16:00:00.000,2025,5,3,16,09003KT,15,14
2025-05-03 17:00:00.000,2025,5,3,17,VRB03KT,15,13
2025-05-03 18:00:00.000,2025,5,3,18,03004KT,16,12
2025-05-03 19:00:00.000,2025,5,3,19,VRB03KT,16,13
2025-05-03 20:00:00.000,2025,5,3,20,03003KT,17,12
2025-05-03 21:00:00.000,2025,5,3,21,36005KT,18,13
2025-05-03 22:00:00.000,2025,5,3,22,04008KT,19,13
2025-05-03 23:00:00.000,2025,5,3,23,09004KT,18,11
2025-05-04 00:00:00.000,2025,5,4,0,12003KT,16,10
2025-05-04 01:00:00.000,2025,5,4,1,VRB04KT,14,14
2025-05-04 02:00:00.000,2025,5,4,2,33003KT,13,13
2025-05-04 03:00:00.000,2025,5,4,3,04002KT,12,12
2025-05-04 04:00:00.000,2025,5,4,4,01002KT,11,11
2025-05-04 05:00:00.000,2025,5,4,5,08001KT,11,11
2025-05-04 06:00:00.000,2025,5,4,6,35001KT,12,12
2025-05-04 07:00:00.000,2025,5,4,7,VRB02KT,12,12
2025-05-04 08:00:00.000,2025,5,4,8,VRB01KT,12,12
2025-05-04 09:00:00.000,2025,5,4,9,VRB02KT,12,12
2025-05-04 10:00:00.000,2025,5,4,10,35002KT,11,11
2025-05-04 10:32:00.000,2025,5,4,10,06003KT,12,12
2025-05-04 11:00:00.000,2025,5,4,11,04003KT,12,12
2025-05-04 12:00:00.000,2025,5,4,12,02003KT,13,13
2025-05-04 13:00:00.000,2025,5,4,13,04004KT,15,14
2025-05-04 13:28:00.000,2025,5,4,13,03003KT,17,13
2025-05-04 14:00:00.000,2025,5,4,14,02004KT,17,12
2025-05-04 15:00:00.000,2025,5,4,15,11005KT,18,11
2025-05-04 16:00:00.000,2025,5,4,16,04005KT,18,12
2025-05-04 17:00:00.000,2025,5,4,17,26008KT,16,13
2025-05-04 18:00:00.000,2025,5,4,18,30009KT,17,15
2025-05-04 19:00:00.000,2025,5,4,19,30008KT,17,14
2025-05-04 19:34:00.000,2025,5,4,19,29009KT,17,15
2025-05-04 20:00:00.000,2025,5,4,20,30010KT,16,14
2025-05-04 20:34:00.000,2025,5,4,20,34003KT,16,16
2025-05-04 21:00:00.000,2025,5,4,21,20008KT,15,15
2025-05-04 21:27:00.000,2025,5,4,21,22006KT,14,14
2025-05-04 22:00:00.000,2025,5,4,22,22004KT,14,14
2025-05-04 22:13:00.000,2025,5,4,22,23004KT,14,14
2025-05-04 23:00:00.000,2025,5,4,23,VRB02KT,14,14
2025-05-05 00:00:00.000,2025,5,5,0,36003KT,14,14
2025-05-05 01:00:00.000,2025,5,5,1,35003KT,14,14
2025-05-05 02:00:00.000,2025,5,5,2,VRB02KT,13,13
2025-05-05 03:00:00.000,2025,5,5,3,29005KT,13,13
2025-05-05 04:00:00.000,2025,5,5,4,29004KT,13,13
2025-05-05 05:00:00.000,2025,5,5,5,35004KT,13,13
2025-05-05 06:00:00.000,2025,5,5,6,28006KT,13,13
2025-05-05 07:00:00.000,2025,5,5,7,VRB02KT,12,12
2025-05-05 08:00:00.000,2025,5,5,8,35002KT,12,12
2025-05-05 09:00:00.000,2025,5,5,9,VRB02KT,12,12
2025-05-05 10:00:00.000,2025,5,5,10,05007KT,12,12
2025-05-05 10:33:00.000,2025,5,5,10,05004KT,12,12
2025-05-05 11:00:00.000,2025,5,5,11,06004KT,12,12
2025-05-05 12:00:00.000,2025,5,5,12,05004KT,13,13
2025-05-05 12:35:00.000,2025,5,5,12,06005KT,13,13
2025-05-05 13:00:00.000,2025,5,5,13,05006KT,13,13
2025-05-05 14:00:00.000,2025,5,5,14,06005KT,14,13
2025-05-05 14:33:00.000,2025,5,5,14,04004KT,16,13
2025-05-05 15:00:00.000,2025,5,5,15,VRB03KT,16,13
2025-05-05 15:11:00.000,2025,5,5,15,34005KT,16,12
2025-05-05 15:28:00.000,2025,5,5,15,VRB03KT,15,12
2025-05-05 16:00:00.000,2025,5,5,16,VRB03KT,14,13
2025-05-05 16:15:00.000,2025,5,5,16,VRB02KT,14,14
2025-05-05 17:00:00.000,2025,5,5,17,VRB02KT,15,14
2025-05-05 18:00:00.000,2025,5,5,18,27004KT,15,14
2025-05-05 19:00:00.000,2025,5,5,19,26007KT,15,15
2025-05-05 20:00:00.000,2025,5,5,20,28008KT,15,15
2025-05-05 21:00:00.000,2025,5,5,21,25008KT,14,14
2025-05-05 22:00:00.000,2025,5,5,22,24005KT,15,14
2025-05-05 23:00:00.000,2025,5,5,23,02001KT,14,14
2025-05-06 00:00:00.000,2025,5,6,0,35003KT,12,12
2025-05-06 01:00:00.000,2025,5,6,1,33004KT,12,12
2025-05-06 02:00:00.000,2025,5,6,2,33003KT,11,11
2025-05-06 03:00:00.000,2025,5,6,3,32003KT,10,10
2025-05-06 04:00:00.000,2025,5,6,4,VRB01KT,09,09
2025-05-06 05:00:00.000,2025,5,6,5,VRB01KT,10,10
2025-05-06 06:00:00.000,2025,5,6,6,VRB02KT,10,10
2025-05-06 07:00:00.000,2025,5,6,7,32004KT,09,09
2025-05-06 08:00:00.000,2025,5,6,8,20003KT,10,10
2025-05-06 08:24:00.000,2025,5,6,8,21003KT,11,11
2025-05-06 09:00:00.000,2025,5,6,9,VRB02KT,11,11
2025-05-06 10:00:00.000,2025,5,6,10,VRB01KT,10,10
2025-05-06 10:32:00.000,2025,5,6,10,06002KT,10,10
2025-05-06 11:00:00.000,2025,5,6,11,VRB02KT,10,10
2025-05-06 12:00:00.000,2025,5,6,12,VRB01KT,11,11
2025-05-06 13:00:00.000,2025,5,6,13,36003KT,12,12
2025-05-06 14:00:00.000,2025,5,6,14,VRB01KT,15,13
2025-05-06 15:00:00.000,2025,5,6,15,VRB03KT,16,12
2025-05-06 16:00:00.000,2025,5,6,16,VRB05KT,17,11
2025-05-06 17:00:00.000,2025,5,6,17,VRB03KT,17,12
2025-05-06 17:24:00.000,2025,5,6,17,28005KT,18,12
2025-05-06 18:00:00.000,2025,5,6,18,26010KT,17,13
2025-05-06 19:00:00.000,2025,5,6,19,29008KT,17,13
2025-05-06 20:00:00.000,2025,5,6,20,28007KT,17,12
2025-05-06 21:00:00.000,2025,5,6,21,28009KT,17,13
2025-05-06 22:00:00.000,2025,5,6,22,27008KT,16,12
2025-05-06 23:00:00.000,2025,5,6,23,28005KT,15,11
2025-05-06 23:15:00.000,2025,5,6,23,27005KT,15,11
2025-05-07 00:00:00.000,2025,5,7,0,24004KT,15,11
2025-05-07 00:10:00.000,2025,5,7,0,06002KT,14,12
2025-05-07 01:00:00.000,2025,5,7,1,05002KT,13,13
2025-05-07 01:24:00.000,2025,5,7,1,VRB02KT,13,13
2025-05-07 02:00:00.000,2025,5,7,2,VRB01KT,13,13
2025-05-07 03:00:00.000,2025,5,7,3,VRB02KT,12,12
2025-05-07 04:00:00.000,2025,5,7,4,01003KT,12,12
2025-05-07 05:00:00.000,2025,5,7,5,01002KT,12,12
2025-05-07 06:00:00.000,2025,5,7,6,VRB02KT,12,12
2025-05-07 07:00:00.000,2025,5,7,7,VRB02KT,12,12
2025-05-07 07:11:00.000,2025,5,7,7,VRB02KT,12,12
2025-05-07 08:00:00.000,2025,5,7,8,33002KT,11,11
2025-05-07 09:00:00.000,2025,5,7,9,VRB02KT,12,12
2025-05-07 10:00:00.000,2025,5,7,10,VRB02KT,12,12
2025-05-07 10:38:00.000,2025,5,7,10,01003KT,12,12
2025-05-07 11:00:00.000,2025,5,7,11,VRB02KT,12,12
2025-05-07 11:15:00.000,2025,5,7,11,VRB02KT,12,12
2025-05-07 12:00:00.000,2025,5,7,12,05005KT,12,12
2025-05-07 13:00:00.000,2025,5,7,13,06005KT,13,13
2025-05-07 14:00:00.000,2025,5,7,14,VRB02KT,15,11
2025-05-07 15:00:00.000,2025,5,7,15,18004KT,16,10
2025-05-07 16:00:00.000,2025,5,7,16,21007KT,17,11
2025-05-07 17:00:00.000,2025,5,7,17,21008KT,18,09
2025-05-07 18:00:00.000,2025,5,7,18,19010KT,17,09
2025-05-07 18:26:00.000,2025,5,7,18,18007KT,16,10
2025-05-07 19:00:00.000,2025,5,7,19,15004KT,16,12
2025-05-07 20:00:00.000,2025,5,7,20,18007KT,17,10
2025-05-07 21:00:00.000,2025,5,7,21,17006KT,18,09
2025-05-07 22:00:00.000,2025,5,7,22,VRB02KT,18,10
2025-05-07 23:00:00.000,2025,5,7,23,04007KT,17,11
2025-05-08 00:00:00.000,2025,5,8,0,23007KT,14,13
2025-05-08 01:00:00.000,2025,5,8,1,28004KT,13,13
2025-05-08 02:00:00.000,2025,5,8,2,VRB02KT,11,11
2025-05-08 03:00:00.000,2025,5,8,3,VRB01KT,11,11
2025-05-08 04:00:00.000,2025,5,8,4,VRB02KT,12,12
2025-05-08 05:00:00.000,2025,5,8,5,03003KT,12,12
2025-05-08 06:00:00.000,2025,5,8,6,33004KT,11,11
2025-05-08 07:00:00.000,2025,5,8,7,03004KT,12,12
2025-05-08 08:00:00.000,2025,5,8,8,34003KT,12,12
2025-05-08 09:00:00.000,2025,5,8,9,VRB02KT,12,12
2025-05-08 10:00:00.000,2025,5,8,10,VRB02KT,11,11
2025-05-08 10:32:00.000,2025,5,8,10,VRB02KT,11,11
2025-05-08 11:00:00.000,2025,5,8,11,02003KT,10,10
2025-05-08 12:00:00.000,2025,5,8,12,06003KT,12,12
2025-05-08 12:35:00.000,2025,5,8,12,06004KT,14,13
2025-05-08 13:00:00.000,2025,5,8,13,05005KT,15,13
2025-05-08 14:00:00.000,2025,5,8,14,06007KT,16,12
2025-05-08 15:00:00.000,2025,5,8,15,VRB04KT,18,12
2025-05-08 16:00:00.000,2025,5,8,16,VRB03KT,20,10
2025-05-08 16:38:00.000,2025,5,8,16,22004KT,18,11
2025-05-08 17:00:00.000,2025,5,8,17,26003KT,18,11
2025-05-08 18:00:00.000,2025,5,8,18,30009KT,18,12
2025-05-08 18:15:00.000,2025,5,8,18,29010KT,14,14
2025-05-08 19:00:00.000,2025,5,8,19,32009KT,15,15
2025-05-08 20:00:00.000,2025,5,8,20,32008KT,16,14
2025-05-08 20:09:00.000,2025,5,8,20,30007KT,16,14
2025-05-08 20:26:00.000,2025,5,8,20,28010KT,15,15
2025-05-08 21:00:00.000,2025,5,8,21,28007KT,14,14
2025-05-08 21:16:00.000,2025,5,8,21,31003KT,15,15
2025-05-08 22:00:00.000,2025,5,8,22,27003KT,15,15
2025-05-08 23:00:00.000,2025,5,8,23,32004KT,14,14
2025-05-09 00:00:00.000,2025,5,9,0,VRB05KT,14,13
2025-05-09 01:00:00.000,2025,5,9,1,05004KT,13,13
2025-05-09 01:14:00.000,2025,5,9,1,36003KT,13,12
2025-05-09 02:00:00.000,2025,5,9,2,VRB02KT,12,12
2025-05-09 03:00:00.000,2025,5,9,3,33003KT,12,12
2025-05-09 04:00:00.000,2025,5,9,4,VRB02KT,11,11
2025-05-09 05:00:00.000,2025,5,9,5,VRB01KT,11,11
2025-05-09 06:00:00.000,2025,5,9,6,VRB02KT,11,11
2025-05-09 07:00:00.000,2025,5,9,7,VRB02KT,12,12
2025-05-09 08:00:00.000,2025,5,9,8,08003KT,10,10
2025-05-09 09:00:00.000,2025,5,9,9,VRB01KT,11,11
2025-05-09 09:24:00.000,2025,5,9,9,07002KT,11,11
2025-05-09 10:00:00.000,2025,5,9,10,VRB02KT,11,11
2025-05-09 10:29:00.000,2025,5,9,10,VRB02KT,11,11
2025-05-09 11:00:00.000,2025,5,9,11,VRB02KT,10,10
2025-05-09 12:00:00.000,2025,5,9,12,06003KT,11,11
2025-05-09 13:00:00.000,2025,5,9,13,05004KT,14,13
2025-05-09 14:00:00.000,2025,5,9,14,07004KT,16,12
2025-05-09 15:00:00.000,2025,5,9,15,05005KT,17,12
2025-05-09 15:18:00.000,2025,5,9,15,05004KT,17,13
2025-05-09 16:00:00.000,2025,5,9,16,VRB05G16KT,16,11
2025-05-09 17:00:00.000,2025,5,9,17,19007KT,17,11
2025-05-09 18:00:00.000,2025,5,9,18,14008KT,18,10
2025-05-09 19:00:00.000,2025,5,9,19,14008KT,17,10
2025-05-09 19:30:00.000,2025,5,9,19,11007KT,15,11
2025-05-09 20:00:00.000,2025,5,9,20,12004KT,15,11
2025-05-09 21:00:00.000,2025,5,9,21,15005KT,16,11
2025-05-09 22:00:00.000,2025,5,9,22,06005KT,17,11
2025-05-09 23:00:00.000,2025,5,9,23,04009KT,15,11
2025-05-10 00:00:00.000,2025,5,10,0,06005KT,14,11
2025-05-10 01:00:00.000,2025,5,10,1,11006KT,15,10
2025-05-10 02:00:00.000,2025,5,10,2,07007KT,13,11
2025-05-10 03:00:00.000,2025,5,10,3,09004KT,14,11
2025-05-10 04:00:00.000,2025,5,10,4,09004KT,13,11
2025-05-10 05:00:00.000,2025,5,10,5,07005KT,12,11
2025-05-10 06:00:00.000,2025,5,10,6,07004KT,12,11
2025-05-10 07:00:00.000,2025,5,10,7,06005KT,12,12
2025-05-10 08:00:00.000,2025,5,10,8,08006KT,13,11
2025-05-10 09:00:00.000,2025,5,10,9,07007KT,12,11
2025-05-10 10:00:00.000,2025,5,10,10,06006KT,12,12
2025-05-10 10:34:00.000,2025,5,10,10,VRB05KT,12,11
2025-05-10 11:00:00.000,2025,5,10,11,09004KT,13,11
2025-05-10 12:00:00.000,2025,5,10,12,12006KT,14,10
2025-05-10 13:00:00.000,2025,5,10,13,11005KT,15,10
2025-05-10 14:00:00.000,2025,5,10,14,10007KT,15,10
2025-05-10 15:00:00.000,2025,5,10,15,13013G23KT,17,10
2025-05-10 16:00:00.000,2025,5,10,16,13011KT,18,11
2025-05-10 17:00:00.000,2025,5,10,17,10008KT,18,11
2025-05-10 18:00:00.000,2025,5,10,18,14011KT,18,11
2025-05-10 19:00:00.000,2025,5,10,19,16013KT,17,11
2025-05-10 20:00:00.000,2025,5,10,20,17012KT,17,11
2025-05-10 21:00:00.000,2025,5,10,21,14012KT,17,10
2025-05-10 22:00:00.000,2025,5,10,22,14008KT,17,11
2025-05-10 23:00:00.000,2025,5,10,23,13008KT,16,10
2025-05-11 00:00:00.000,2025,5,11,0,12007KT,15,10
2025-05-11 01:00:00.000,2025,5,11,1,13004KT,14,10
2025-05-11 02:00:00.000,2025,5,11,2,14010KT,14,10
2025-05-11 03:00:00.000,2025,5,11,3,14007KT,14,10
2025-05-11 04:00:00.000,2025,5,11,4,13006KT,13,10
2025-05-11 05:00:00.000,2025,5,11,5,12005KT,14,11
2025-05-11 06:00:00.000,2025,5,11,6,12004KT,14,11
2025-05-11 07:00:00.000,2025,5,11,7,06006KT,13,11
2025-05-11 08:00:00.000,2025,5,11,8,09004KT,13,11
2025-05-11 08:10:00.000,2025,5,11,8,08005KT,13,12
2025-05-11 09:00:00.000,2025,5,11,9,05006KT,12,12
2025-05-11 10:00:00.000,2025,5,11,10,07004KT,13,12
2025-05-11 10:29:00.000,2025,5,11,10,07005KT,13,12
2025-05-11 11:00:00.000,2025,5,11,11,07005KT,13,11
2025-05-11 12:00:00.000,2025,5,11,12,07005KT,13,11
2025-05-11 13:00:00.000,2025,5,11,13,03009KT,14,12
2025-05-11 14:00:00.000,2025,5,11,14,12011KT,16,11
2025-05-11 14:04:00.000,2025,5,11,14,10007KT,16,11
2025-05-11 15:00:00.000,2025,5,11,15,14011KT,17,11
2025-05-11 16:00:00.000,2025,5,11,16,14008KT,18,11
2025-05-11 17:00:00.000,2025,5,11,17,09011G21KT,19,11
2025-05-11 18:00:00.000,2025,5,11,18,10007KT,20,11
2025-05-11 19:00:00.000,2025,5,11,19,11010KT,18,09
2025-05-11 20:00:00.000,2025,5,11,20,14013KT,18,10
2025-05-11 20:40:00.000,2025,5,11,20,16007KT,17,11
2025-05-11 21:00:00.000,2025,5,11,21,16010G20KT,17,11
2025-05-11 21:08:00.000,2025,5,11,21,10004KT,14,14
2025-05-11 21:26:00.000,2025,5,11,21,05004KT,15,15
2025-05-11 22:00:00.000,2025,5,11,22,03004KT,15,15
2025-05-11 23:00:00.000,2025,5,11,23,17013KT,16,10
2025-05-12 00:00:00.000,2025,5,12,0,16010KT,15,10
2025-05-12 01:00:00.000,2025,5,12,1,16006KT,15,10
2025-05-12 02:00:00.000,2025,5,12,2,13006KT,14,10
2025-05-12 03:00:00.000,2025,5,12,3,13006KT,14,11
2025-05-12 04:00:00.000,2025,5,12,4,34004KT,13,12
2025-05-12 05:00:00.000,2025,5,12,5,VRB02KT,12,12
2025-05-12 06:00:00.000,2025,5,12,6,35003KT,12,12
2025-05-12 07:00:00.000,2025,5,12,7,VRB02KT,13,12
2025-05-12 08:00:00.000,2025,5,12,8,VRB02KT,12,12
2025-05-12 08:24:00.000,2025,5,12,8,VRB02KT,13,12
2025-05-12 09:00:00.000,2025,5,12,9,VRB01KT,13,12
2025-05-12 10:00:00.000,2025,5,12,10,VRB01KT,12,12
2025-05-12 10:30:00.000,2025,5,12,10,11003KT,13,12
2025-05-12 11:00:00.000,2025,5,12,11,VRB02KT,11,11
2025-05-12 12:00:00.000,2025,5,12,12,02003KT,12,12
2025-05-12 13:00:00.000,2025,5,12,13,08004KT,14,12
2025-05-12 14:00:00.000,2025,5,12,14,13007KT,16,11
2025-05-12 15:00:00.000,2025,5,12,15,11006KT,18,11
2025-05-12 16:00:00.000,2025,5,12,16,13011KT,20,10
2025-05-12 17:00:00.000,2025,5,12,17,VRB08KT,19,10
2025-05-12 18:00:00.000,2025,5,12,18,11007KT,18,11
2025-05-12 19:00:00.000,2025,5,12,19,14009KT,18,10
2025-05-12 20:00:00.000,2025,5,12,20,16011KT,20,11
2025-05-12 21:00:00.000,2025,5,12,21,14009KT,19,10
2025-05-12 22:00:00.000,2025,5,12,22,VRB05KT,19,10
2025-05-12 23:00:00.000,2025,5,12,23,17011KT,18,09
2025-05-13 00:00:00.000,2025,5,13,0,13006KT,17,09
2025-05-13 01:00:00.000,2025,5,13,1,VRB01KT,16,11
2025-05-13 02:00:00.000,2025,5,13,2,03006KT,15,13
2025-05-13 03:00:00.000,2025,5,13,3,04005KT,15,12
2025-05-13 03:19:00.000,2025,5,13,3,10003KT,14,13
2025-05-13 04:00:00.000,2025,5,13,4,23005KT,13,13
2025-05-13 05:00:00.000,2025,5,13,5,VRB01KT,13,13
2025-05-13 06:00:00.000,2025,5,13,6,21004KT,14,13
2025-05-13 07:00:00.000,2025,5,13,7,VRB02KT,13,13
2025-05-13 08:00:00.000,2025,5,13,8,16003KT,13,13
2025-05-13 09:00:00.000,2025,5,13,9,VRB02KT,12,12
2025-05-13 10:00:00.000,2025,5,13,10,09003KT,12,12
2025-05-13 10:33:00.000,2025,5,13,10,VRB02KT,13,12
2025-05-13 11:00:00.000,2025,5,13,11,VRB01KT,13,12
2025-05-13 12:00:00.000,2025,5,13,12,03005KT,13,13
2025-05-13 13:00:00.000,2025,5,13,13,01003KT,15,14
2025-05-13 14:00:00.000,2025,5,13,14,04008KT,15,13
2025-05-13 15:00:00.000,2025,5,13,15,05005KT,15,14
2025-05-13 16:00:00.000,2025,5,13,16,VRB02KT,17,13
2025-05-13 17:00:00.000,2025,5,13,17,16005KT,18,11
2025-05-13 17:17:00.000,2025,5,13,17,08006KT,17,12
2025-05-13 17:36:00.000,2025,5,13,17,14006KT,17,13
2025-05-13 18:00:00.000,2025,5,13,18,05003KT,17,13
2025-05-13 19:00:00.000,2025,5,13,19,18007KT,19,11
2025-05-13 20:00:00.000,2025,5,13,20,15005KT,20,11
2025-05-13 21:00:00.000,2025,5,13,21,19010KT,19,10
2025-05-13 22:00:00.000,2025,5,13,22,17006KT,18,10
2025-05-13 23:00:00.000,2025,5,13,23,24004KT,16,13
2025-05-14 00:00:00.000,2025,5,14,0,30005KT,13,12
2025-05-14 01:00:00.000,2025,5,14,1,24002KT,13,13
2025-05-14 02:00:00.000,2025,5,14,2,03003KT,11,11
2025-05-14 03:00:00.000,2025,5,14,3,04004KT,10,10
2025-05-14 04:00:00.000,2025,5,14,4,04003KT,10,10
2025-05-14 04:35:00.000,2025,5,14,4,29004KT,12,12
2025-05-14 05:00:00.000,2025,5,14,5,33004KT,12,12
2025-05-14 06:00:00.000,2025,5,14,6,VRB02KT,10,10
2025-05-14 07:00:00.000,2025,5,14,7,23003KT,12,12
2025-05-14 08:00:00.000,2025,5,14,8,VRB01KT,11,11
2025-05-14 09:00:00.000,2025,5,14,9,29002KT,12,12
2025-05-14 10:00:00.000,2025,5,14,10,VRB02KT,12,12
2025-05-14 10:30:00.000,2025,5,14,10,07004KT,12,12
2025-05-14 11:00:00.000,2025,5,14,11,05004KT,12,12
2025-05-14 12:00:00.000,2025,5,14,12,04004KT,13,13
2025-05-14 13:00:00.000,2025,5,14,13,05004KT,14,14
2025-05-14 14:00:00.000,2025,5,14,14,06006KT,14,14
2025-05-14 14:33:00.000,2025,5,14,14,07007KT,16,13
2025-05-14 15:00:00.000,2025,5,14,15,08006KT,17,13
2025-05-14 16:00:00.000,2025,5,14,16,05008KT,18,13
2025-05-14 17:00:00.000,2025,5,14,17,05006KT,17,12
2025-05-14 18:00:00.000,2025,5,14,18,VRB04KT,18,11
2025-05-14 19:00:00.000,2025,5,14,19,VRB04KT,19,10
2025-05-14 20:00:00.000,2025,5,14,20,10007KT,30,26
2025-05-14 21:00:00.000,2025,5,14,21,32004KT,18,13
2025-05-14 22:00:00.000,2025,5,14,22,22006KT,17,12
2025-05-14 23:00:00.000,2025,5,14,23,29003KT,16,13
2025-05-15 00:00:00.000,2025,5,15,0,30003KT,14,14
2025-05-15 01:00:00.000,2025,5,15,1,28005KT,14,14
2025-05-15 02:00:00.000,2025,5,15,2,VRB01KT,14,14
2025-05-15 03:00:00.000,2025,5,15,3,27002KT,12,12
2025-05-15 04:00:00.000,2025,5,15,4,VRB03KT,11,11
2025-05-15 05:00:00.000,2025,5,15,5,VRB02KT,11,11
2025-05-15 06:00:00.000,2025,5,15,6,27003KT,12,12
2025-05-15 07:00:00.000,2025,5,15,7,VRB02KT,12,12
2025-05-15 08:00:00.000,2025,5,15,8,24002KT,13,13
2025-05-15 09:00:00.000,2025,5,15,9,VRB02KT,12,12
2025-05-15 10:00:00.000,2025,5,15,10,VRB01KT,12,12
2025-05-15 10:32:00.000,2025,5,15,10,35002KT,12,12
2025-05-15 11:00:00.000,2025,5,15,11,03004KT,12,12
2025-05-15 12:00:00.000,2025,5,15,12,VRB02KT,13,13
2025-05-15 13:00:00.000,2025,5,15,13,02003KT,13,13
2025-05-15 14:00:00.000,2025,5,15,14,05003KT,14,14
2025-05-15 15:00:00.000,2025,5,15,15,VRB03KT,16,13
2025-05-15 16:00:00.000,2025,5,15,16,03005KT,16,13
2025-05-15 17:00:00.000,2025,5,15,17,VRB01KT,16,13
2025-05-15 18:00:00.000,2025,5,15,18,03009KT,16,14
2025-05-15 19:00:00.000,2025,5,15,19,03006KT,15,15
2025-05-15 19:27:00.000,2025,5,15,19,01007KT,16,14
2025-05-15 20:00:00.000,2025,5,15,20,35004KT,16,13
2025-05-15 20:07:00.000,2025,5,15,20,31004KT,16,13
2025-05-15 20:32:00.000,2025,5,15,20,27008KT,15,14
2025-05-15 21:00:00.000,2025,5,15,21,28008KT,15,15
2025-05-15 21:09:00.000,2025,5,15,21,22005KT,15,15
2025-05-15 21:28:00.000,2025,5,15,21,23006KT,14,14
2025-05-15 21:39:00.000,2025,5,15,21,23005KT,14,14
2025-05-15 22:00:00.000,2025,5,15,22,22005KT,14,14
2025-05-15 22:22:00.000,2025,5,15,22,19004KT,14,14
2025-05-15 23:00:00.000,2025,5,15,23,14004KT,14,14
2025-05-16 00:00:00.000,2025,5,16,0,24003KT,14,14
2025-05-16 01:00:00.000,2025,5,16,1,VRB02KT,13,13
2025-05-16 02:00:00.000,2025,5,16,2,VRB03KT,14,14
2025-05-16 03:00:00.000,2025,5,16,3,VRB02KT,13,13
2025-05-16 03:27:00.000,2025,5,16,3,34003KT,13,13
2025-05-16 04:00:00.000,2025,5,16,4,31004KT,13,13
2025-05-16 05:00:00.000,2025,5,16,5,VRB02KT,13,13
2025-05-16 05:33:00.000,2025,5,16,5,VRB02KT,13,13
2025-05-16 06:00:00.000,2025,5,16,6,VRB02KT,13,13
2025-05-16 07:00:00.000,2025,5,16,7,VRB01KT,12,12
2025-05-16 08:00:00.000,2025,5,16,8,32003KT,12,12
2025-05-16 08:17:00.000,2025,5,16,8,33004KT,12,12
2025-05-16 09:00:00.000,2025,5,16,9,01002KT,12,12
2025-05-16 10:00:00.000,2025,5,16,10,30003KT,12,12
2025-05-16 10:31:00.000,2025,5,16,10,VRB01KT,12,12
2025-05-16 11:00:00.000,2025,5,16,11,04001KT,12,12
2025-05-16 12:00:00.000,2025,5,16,12,35003KT,13,13
2025-05-16 13:00:00.000,2025,5,16,13,07005KT,15,13
2025-05-16 14:00:00.000,2025,5,16,14,VRB03KT,17,12
2025-05-16 15:00:00.000,2025,5,16,15,08006KT,18,12
2025-05-16 16:00:00.000,2025,5,16,16,05004KT,18,11
2025-05-16 17:00:00.000,2025,5,16,17,15008KT,18,11
2025-05-16 18:00:00.000,2025,5,16,18,VRB04KT,20,11
2025-05-16 18:21:00.000,2025,5,16,18,06005KT,19,11
2025-05-16 18:34:00.000,2025,5,16,18,VRB07KT,18,13
2025-05-16 19:00:00.000,2025,5,16,19,24009KT,17,14
2025-05-16 19:14:00.000,2025,5,16,19,28008KT,15,14
2025-05-16 19:44:00.000,2025,5,16,19,14003KT,14,14
2025-05-16 20:00:00.000,2025,5,16,20,/////KT,14,14
2025-05-16 20:18:00.000,2025,5,16,20,28009KT,14,14
2025-05-16 20:32:00.000,2025,5,16,20,VRB08KT,14,14
2025-05-16 21:00:00.000,2025,5,16,21,25007KT,14,14
2025-05-16 22:00:00.000,2025,5,16,22,29005KT,14,14
2025-05-16 23:00:00.000,2025,5,16,23,35002KT,14,14
2025-05-17 00:00:00.000,2025,5,17,0,VRB01KT,13,13
2025-05-17 00:38:00.000,2025,5,17,0,VRB02KT,13,13
2025-05-17 01:00:00.000,2025,5,17,1,VRB02KT,13,13
2025-05-17 02:00:00.000,2025,5,17,2,29003KT,13,13
2025-05-17 03:00:00.000,2025,5,17,3,VRB01KT,13,13
2025-05-17 04:00:00.000,2025,5,17,4,21003KT,13,13
2025-05-17 05:00:00.000,2025,5,17,5,VRB02KT,13,13
2025-05-17 06:00:00.000,2025,5,17,6,VRB02KT,13,13
2025-05-17 07:00:00.000,2025,5,17,7,VRB02KT,13,13
2025-05-17 08:00:00.000,2025,5,17,8,35002KT,13,13
2025-05-17 09:00:00.000,2025,5,17,9,00000KT,13,13
2025-05-17 10:00:00.000,2025,5,17,10,VRB01KT,13,13
2025-05-17 10:12:00.000,2025,5,17,10,VRB01KT,13,13
2025-05-17 10:34:00.000,2025,5,17,10,03002KT,13,13
2025-05-17 10:45:00.000,2025,5,17,10,VRB02KT,13,13
2025-05-17 11:00:00.000,2025,5,17,11,03003KT,13,13
2025-05-17 11:23:00.000,2025,5,17,11,06005KT,13,13
2025-05-17 12:00:00.000,2025,5,17,12,04006KT,13,13
2025-05-17 13:00:00.000,2025,5,17,13,04006KT,14,12
2025-05-17 14:00:00.000,2025,5,17,14,03004KT,15,11
2025-05-17 15:00:00.000,2025,5,17,15,VRB03KT,17,11
2025-05-17 16:00:00.000,2025,5,17,16,VRB02KT,17,11
2025-05-17 17:00:00.000,2025,5,17,17,20003KT,18,12
2025-05-17 18:00:00.000,2025,5,17,18,26012KT,19,14
2025-05-17 18:30:00.000,2025,5,17,18,25008KT,16,13
2025-05-17 19:00:00.000,2025,5,17,19,25008KT,15,13
2025-05-17 20:00:00.000,2025,5,17,20,24008KT,16,15
2025-05-17 21:00:00.000,2025,5,17,21,25006KT,16,13
2025-05-17 22:00:00.000,2025,5,17,22,25004KT,16,13
2025-05-17 23:00:00.000,2025,5,17,23,27004KT,15,12
2025-05-18 00:00:00.000,2025,5,18,0,31006KT,14,12
2025-05-18 01:00:00.000,2025,5,18,1,03002KT,14,11
2025-05-18 02:00:00.000,2025,5,18,2,VRB02KT,14,11
2025-05-18 03:00:00.000,2025,5,18,3,36003KT,15,12
2025-05-18 03:30:00.000,2025,5,18,3,05004KT,14,13
2025-05-18 04:00:00.000,2025,5,18,4,07003KT,13,13
2025-05-18 05:00:00.000,2025,5,18,5,03004KT,13,13
2025-05-18 06:00:00.000,2025,5,18,6,05005KT,13,13
2025-05-18 07:00:00.000,2025,5,18,7,05004KT,13,12
2025-05-18 08:00:00.000,2025,5,18,8,05004KT,13,12
2025-05-18 09:00:00.000,2025,5,18,9,VRB02KT,13,12
2025-05-18 10:00:00.000,2025,5,18,10,VRB01KT,13,12
2025-05-18 10:32:00.000,2025,5,18,10,VRB01KT,13,11
2025-05-18 11:00:00.000,2025,5,18,11,01002KT,13,11
2025-05-18 12:00:00.000,2025,5,18,12,02003KT,13,11
2025-05-18 13:00:00.000,2025,5,18,13,VRB02KT,15,12
2025-05-18 14:00:00.000,2025,5,18,14,03003KT,16,11
2025-05-18 15:00:00.000,2025,5,18,15,VRB02KT,18,11
2025-05-18 16:00:00.000,2025,5,18,16,VRB02KT,19,11
2025-05-18 17:00:00.000,2025,5,18,17,24005KT,18,12
2025-05-18 18:00:00.000,2025,5,18,18,25007KT,18,13
2025-05-18 18:40:00.000,2025,5,18,18,36007KT,18,13
2025-05-18 19:00:00.000,2025,5,18,19,36007KT,18,13
2025-05-18 19:04:00.000,2025,5,18,19,32007KT,17,13
2025-05-18 19:18:00.000,2025,5,18,19,30007KT,15,15
2025-05-18 19:35:00.000,2025,5,18,19,29005KT,14,14
2025-05-18 20:00:00.000,2025,5,18,20,27007KT,13,13
2025-05-18 20:20:00.000,2025,5,18,20,31006KT,13,13
2025-05-18 20:41:00.000,2025,5,18,20,27006KT,14,14
2025-05-18 21:00:00.000,2025,5,18,21,25006KT,14,14
2025-05-18 22:00:00.000,2025,5,18,22,23005KT,15,13
2025-05-18 23:00:00.000,2025,5,18,23,VRB01KT,15,13
2025-05-19 00:00:00.000,2025,5,19,0,VRB02KT,14,14
2025-05-19 01:00:00.000,2025,5,19,1,30004KT,14,14
2025-05-19 02:00:00.000,2025,5,19,2,31004KT,14,13
2025-05-19 03:00:00.000,2025,5,19,3,36002KT,13,13
2025-05-19 04:00:00.000,2025,5,19,4,VRB01KT,13,13
2025-05-19 05:00:00.000,2025,5,19,5,VRB02KT,13,12
2025-05-19 06:00:00.000,2025,5,19,6,VRB02KT,13,12
2025-05-19 07:00:00.000,2025,5,19,7,VRB02KT,13,13
2025-05-19 08:00:00.000,2025,5,19,8,32004KT,13,13
2025-05-19 09:00:00.000,2025,5,19,9,24003KT,13,13
2025-05-19 10:00:00.000,2025,5,19,10,VRB01KT,13,13
2025-05-19 10:35:00.000,2025,5,19,10,VRB01KT,13,13
2025-05-19 11:00:00.000,2025,5,19,11,VRB01KT,13,13
2025-05-19 12:00:00.000,2025,5,19,12,33003KT,13,13
2025-05-19 12:22:00.000,2025,5,19,12,VRB02KT,13,13
2025-05-19 13:00:00.000,2025,5,19,13,VRB02KT,14,13
2025-05-19 14:00:00.000,2025,5,19,14,14004KT,14,14
2025-05-19 14:12:00.000,2025,5,19,14,15004KT,15,12
2025-05-19 15:00:00.000,2025,5,19,15,14006KT,15,13
2025-05-19 16:00:00.000,2025,5,19,16,14004KT,16,13
2025-05-19 17:00:00.000,2025,5,19,17,22006KT,17,13
2025-05-19 18:00:00.000,2025,5,19,18,24009KT,18,14
2025-05-19 18:16:00.000,2025,5,19,18,25008KT,18,14
2025-05-19 18:32:00.000,2025,5,19,18,25010KT,18,14
2025-05-19 19:00:00.000,2025,5,19,19,23009KT,18,14
2025-05-19 20:00:00.000,2025,5,19,20,27005KT,18,13
2025-05-19 21:00:00.000,2025,5,19,21,36006KT,19,13
2025-05-19 22:00:00.000,2025,5,19,22,VRB02KT,18,13
2025-05-19 23:00:00.000,2025,5,19,23,03005KT,18,13
2025-05-20 00:00:00.000,2025,5,20,0,VRB02KT,17,13
2025-05-20 01:00:00.000,2025,5,20,1,33004KT,16,13
2025-05-20 02:00:00.000,2025,5,20,2,VRB02KT,16,12
2025-05-20 03:00:00.000,2025,5,20,3,VRB02KT,15,11
2025-05-20 04:00:00.000,2025,5,20,4,19004KT,14,13
2025-05-20 05:00:00.000,2025,5,20,5,VRB01KT,13,13
2025-05-20 06:00:00.000,2025,5,20,6,05003KT,13,13
2025-05-20 07:00:00.000,2025,5,20,7,03005KT,13,13
2025-05-20 07:37:00.000,2025,5,20,7,VRB02KT,13,13
2025-05-20 08:00:00.000,2025,5,20,8,VRB02KT,12,12
2025-05-20 09:00:00.000,2025,5,20,9,VRB02KT,12,12
2025-05-20 09:33:00.000,2025,5,20,9,04005KT,12,12
2025-05-20 10:00:00.000,2025,5,20,10,05004KT,12,12
2025-05-20 10:23:00.000,2025,5,20,10,05003KT,12,12
2025-05-20 11:00:00.000,2025,5,20,11,05003KT,12,12
2025-05-20 12:00:00.000,2025,5,20,12,03004KT,12,12
2025-05-20 12:07:00.000,2025,5,20,12,VRB02KT,12,12
2025-05-20 13:00:00.000,2025,5,20,13,15004KT,13,11
2025-05-20 14:00:00.000,2025,5,20,14,17005KT,13,11
2025-05-20 15:00:00.000,2025,5,20,15,06003KT,15,11
2025-05-20 16:00:00.000,2025,5,20,16,07004KT,16,11
2025-05-20 17:00:00.000,2025,5,20,17,VRB05KT,19,12
2025-05-20 18:00:00.000,2025,5,20,18,VRB05KT,20,11
2025-05-20 19:00:00.000,2025,5,20,19,VRB03KT,21,10
2025-05-20 20:00:00.000,2025,5,20,20,VRB04KT,21,13
2025-05-20 21:00:00.000,2025,5,20,21,30007KT,18,13
2025-05-20 22:00:00.000,2025,5,20,22,31008KT,18,12
2025-05-20 22:27:00.000,2025,5,20,22,28007KT,18,12
2025-05-20 23:00:00.000,2025,5,20,23,28007KT,16,12
2025-05-21 00:00:00.000,2025,5,21,0,21005KT,15,13
2025-05-21 00:19:00.000,2025,5,21,0,VRB03KT,15,13
2025-05-21 01:00:00.000,2025,5,21,1,25003KT,14,14
2025-05-21 01:11:00.000,2025,5,21,1,VRB02KT,14,13
2025-05-21 02:00:00.000,2025,5,21,2,VRB02KT,14,14
2025-05-21 03:00:00.000,2025,5,21,3,02003KT,13,13
2025-05-21 04:00:00.000,2025,5,21,4,VRB02KT,13,12
2025-05-21 05:00:00.000,2025,5,21,5,04003KT,13,12
2025-05-21 06:00:00.000,2025,5,21,6,VRB01KT,12,12
2025-05-21 07:00:00.000,2025,5,21,7,34002KT,12,12
2025-05-21 08:00:00.000,2025,5,21,8,33003KT,12,12
2025-05-21 09:00:00.000,2025,5,21,9,01004KT,11,11
2025-05-21 10:00:00.000,2025,5,21,10,VRB01KT,12,12
2025-05-21 10:32:00.000,2025,5,21,10,VRB02KT,13,12
2025-05-21 11:00:00.000,2025,5,21,11,VRB03KT,13,12
2025-05-21 12:00:00.000,2025,5,21,12,VRB02KT,13,13
2025-05-21 13:00:00.000,2025,5,21,13,07004KT,14,12
2025-05-21 13:10:00.000,2025,5,21,13,07004KT,15,11
2025-05-21 14:00:00.000,2025,5,21,14,10005KT,14,12
2025-05-21 15:00:00.000,2025,5,21,15,14005KT,15,12
2025-05-21 16:00:00.000,2025,5,21,16,19005KT,16,12
2025-05-21 17:00:00.000,2025,5,21,17,19007KT,17,09
2025-05-21 18:00:00.000,2025,5,21,18,17006KT,19,09
2025-05-21 19:00:00.000,2025,5,21,19,18006KT,20,10
2025-05-21 20:00:00.000,2025,5,21,20,06006KT,20,10
2025-05-21 21:00:00.000,2025,5,21,21,VRB04KT,20,10
2025-05-21 22:00:00.000,2025,5,21,22,17007KT,20,09
2025-05-21 23:00:00.000,2025,5,21,23,30005KT,18,09
2025-05-22 00:00:00.000,2025,5,22,0,31007KT,15,13
2025-05-22 01:00:00.000,2025,5,22,1,31004KT,14,13
2025-05-22 02:00:00.000,2025,5,22,2,VRB04KT,14,13
2025-05-22 03:00:00.000,2025,5,22,3,26003KT,14,12
2025-05-22 04:00:00.000,2025,5,22,4,36002KT,13,12
2025-05-22 05:00:00.000,2025,5,22,5,33003KT,14,11
2025-05-22 06:00:00.000,2025,5,22,6,VRB01KT,14,11
2025-05-22 07:00:00.000,2025,5,22,7,31003KT,13,12
2025-05-22 08:00:00.000,2025,5,22,8,VRB02KT,13,12
2025-05-22 09:00:00.000,2025,5,22,9,33003KT,12,12
2025-05-22 09:27:00.000,2025,5,22,9,02001KT,13,13
2025-05-22 10:00:00.000,2025,5,22,10,07002KT,13,13
2025-05-22 10:32:00.000,2025,5,22,10,04004KT,13,12
2025-05-22 11:00:00.000,2025,5,22,11,04004KT,13,12
2025-05-22 12:00:00.000,2025,5,22,12,VRB02KT,13,12
2025-05-22 12:15:00.000,2025,5,22,12,05005KT,14,13
2025-05-22 13:00:00.000,2025,5,22,13,05004KT,13,12
2025-05-22 14:00:00.000,2025,5,22,14,06007KT,14,13
2025-05-22 14:19:00.000,2025,5,22,14,05006KT,13,13
2025-05-22 15:00:00.000,2025,5,22,15,06006KT,13,13
2025-05-22 16:00:00.000,2025,5,22,16,05004KT,13,13
2025-05-22 17:00:00.000,2025,5,22,17,06004KT,13,12
2025-05-22 18:00:00.000,2025,5,22,18,VRB02KT,14,13
2025-05-22 19:00:00.000,2025,5,22,19,36003KT,15,13
2025-05-22 19:33:00.000,2025,5,22,19,04005KT,16,12
2025-05-22 20:00:00.000,2025,5,22,20,04005KT,17,13
2025-05-22 21:00:00.000,2025,5,22,21,04004KT,18,12
2025-05-22 22:00:00.000,2025,5,22,22,06006KT,18,12
2025-05-22 23:00:00.000,2025,5,22,23,06007KT,17,11
2025-05-23 00:00:00.000,2025,5,23,0,07005KT,17,11
2025-05-23 01:00:00.000,2025,5,23,1,VRB02KT,15,12
2025-05-23 02:00:00.000,2025,5,23,2,11004KT,15,11
2025-05-23 03:00:00.000,2025,5,23,3,12003KT,14,12
2025-05-23 04:00:00.000,2025,5,23,4,35003KT,15,10
2025-05-23 05:00:00.000,2025,5,23,5,03003KT,14,12
2025-05-23 06:00:00.000,2025,5,23,6,01002KT,13,12
2025-05-23 07:00:00.000,2025,5,23,7,11003KT,13,12
2025-05-23 08:00:00.000,2025,5,23,8,VRB02KT,13,12
2025-05-23 09:00:00.000,2025,5,23,9,VRB02KT,13,11
2025-05-23 10:00:00.000,2025,5,23,10,06004KT,11,10
2025-05-23 10:28:00.000,2025,5,23,10,05005KT,13,10
2025-05-23 11:00:00.000,2025,5,23,11,04005KT,13,10
2025-05-23 12:00:00.000,2025,5,23,12,07006KT,14,10
2025-05-23 13:00:00.000,2025,5,23,13,10007KT,16,10
2025-05-23 14:00:00.000,2025,5,23,14,VRB07KT,17,10
2025-05-23 15:00:00.000,2025,5,23,15,13009KT,17,10
2025-05-23 16:00:00.000,2025,5,23,16,12006KT,17,10
2025-05-23 17:00:00.000,2025,5,23,17,14010KT,19,11
2025-05-23 18:00:00.000,2025,5,23,18,17007KT,19,11
2025-05-23 18:05:00.000,2025,5,23,18,16009KT,19,11
2025-05-23 18:21:00.000,2025,5,23,18,17010KT,16,12
2025-05-23 19:00:00.000,2025,5,23,19,15004KT,18,12
2025-05-23 20:00:00.000,2025,5,23,20,19009KT,18,11
2025-05-23 21:00:00.000,2025,5,23,21,15013KT,18,11
2025-05-23 22:00:00.000,2025,5,23,22,13010KT,17,11
2025-05-23 23:00:00.000,2025,5,23,23,14010KT,16,11
2025-05-24 00:00:00.000,2025,5,24,0,07005KT,15,10
2025-05-24 01:00:00.000,2025,5,24,1,05005KT,15,11
2025-05-24 02:00:00.000,2025,5,24,2,10003KT,15,11
2025-05-24 03:00:00.000,2025,5,24,3,36003KT,15,11
2025-05-24 03:20:00.000,2025,5,24,3,04003KT,15,11
2025-05-24 04:00:00.000,2025,5,24,4,VRB01KT,14,12
2025-05-24 05:00:00.000,2025,5,24,5,03003KT,13,13
2025-05-24 05:09:00.000,2025,5,24,5,04004KT,14,13
2025-05-24 06:00:00.000,2025,5,24,6,VRB01KT,13,13
2025-05-24 07:00:00.000,2025,5,24,7,01003KT,13,13
2025-05-24 08:00:00.000,2025,5,24,8,06003KT,13,12
2025-05-24 09:00:00.000,2025,5,24,9,VRB02KT,13,12
2025-05-24 09:05:00.000,2025,5,24,9,08004KT,13,12
2025-05-24 09:16:00.000,2025,5,24,9,07005KT,13,12
2025-05-24 10:00:00.000,2025,5,24,10,04004KT,13,12
2025-05-24 10:05:00.000,2025,5,24,10,04004KT,13,12
2025-05-24 10:29:00.000,2025,5,24,10,08004KT,13,11
2025-05-24 11:00:00.000,2025,5,24,11,07005KT,13,11
2025-05-24 12:00:00.000,2025,5,24,12,07006KT,13,11
2025-05-24 13:00:00.000,2025,5,24,13,07005KT,15,11
2025-05-24 13:14:00.000,2025,5,24,13,07008KT,15,11
2025-05-24 13:29:00.000,2025,5,24,13,08005KT,15,12
2025-05-24 14:00:00.000,2025,5,24,14,07007KT,15,12
2025-05-24 15:00:00.000,2025,5,24,15,05006KT,17,11
2025-05-24 16:00:00.000,2025,5,24,16,14011KT,18,11
2025-05-24 17:00:00.000,2025,5,24,17,06008KT,18,11
2025-05-24 18:00:00.000,2025,5,24,18,14014KT,18,11
2025-05-24 19:00:00.000,2025,5,24,19,12011KT,19,10
2025-05-24 20:00:00.000,2025,5,24,20,14009KT,19,10
2025-05-24 21:00:00.000,2025,5,24,21,10007KT,19,09
2025-05-24 22:00:00.000,2025,5,24,22,06010KT,18,10
2025-05-24 23:00:00.000,2025,5,24,23,06007KT,17,10
2025-05-25 00:00:00.000,2025,5,25,0,VRB03KT,15,08
2025-05-25 01:00:00.000,2025,5,25,1,09003KT,15,04
2025-05-25 02:00:00.000,2025,5,25,2,06004KT,14,06
2025-05-25 03:00:00.000,2025,5,25,3,07003KT,14,07
2025-05-25 03:06:00.000,2025,5,25,3,05003KT,14,07
2025-05-25 04:00:00.000,2025,5,25,4,35004KT,13,07
2025-05-25 05:00:00.000,2025,5,25,5,VRB02KT,11,07
2025-05-25 06:00:00.000,2025,5,25,6,05003KT,12,08
2025-05-25 07:00:00.000,2025,5,25,7,06004KT,12,09
2025-05-25 08:00:00.000,2025,5,25,8,08005KT,10,08
2025-05-25 09:00:00.000,2025,5,25,9,09006KT,11,08
2025-05-25 10:00:00.000,2025,5,25,10,07005KT,12,08
2025-05-25 10:30:00.000,2025,5,25,10,05007KT,11,09
2025-05-25 11:00:00.000,2025,5,25,11,06006KT,11,09
2025-05-25 12:00:00.000,2025,5,25,12,08003KT,12,09
2025-05-25 13:00:00.000,2025,5,25,13,06005KT,14,09
2025-05-25 14:00:00.000,2025,5,25,14,05004KT,17,10
2025-05-25 15:00:00.000,2025,5,25,15,08006KT,17,09
2025-05-25 16:00:00.000,2025,5,25,16,08009KT,18,09
2025-05-25 17:00:00.000,2025,5,25,17,12005KT,19,09
2025-05-25 18:00:00.000,2025,5,25,18,16008KT,18,09
2025-05-25 19:00:00.000,2025,5,25,19,14007KT,20,10
2025-05-25 20:00:00.000,2025,5,25,20,19005KT,20,09
2025-05-25 20:35:00.000,2025,5,25,20,VRB05KT,18,09
2025-05-25 21:00:00.000,2025,5,25,21,10003KT,17,11
2025-05-25 22:00:00.000,2025,5,25,22,22003KT,14,13
2025-05-25 23:00:00.000,2025,5,25,23,11006KT,15,13
2025-05-26 00:00:00.000,2025,5,26,0,05003KT,15,11
2025-05-26 01:00:00.000,2025,5,26,1,05007KT,15,11
2025-05-26 02:00:00.000,2025,5,26,2,06004KT,14,11
2025-05-26 03:00:00.000,2025,5,26,3,VRB02KT,14,11
2025-05-26 04:00:00.000,2025,5,26,4,VRB02KT,14,10
2025-05-26 05:00:00.000,2025,5,26,5,03007KT,14,11
2025-05-26 05:16:00.000,2025,5,26,5,04006KT,14,11
2025-05-26 06:00:00.000,2025,5,26,6,04005KT,14,11
2025-05-26 07:00:00.000,2025,5,26,7,VRB02KT,13,11
2025-05-26 08:00:00.000,2025,5,26,8,36002KT,13,12
2025-05-26 09:00:00.000,2025,5,26,9,04003KT,13,12
2025-05-26 10:00:00.000,2025,5,26,10,06003KT,13,12
2025-05-26 10:31:00.000,2025,5,26,10,05004KT,13,11
2025-05-26 11:00:00.000,2025,5,26,11,04005KT,13,12
2025-05-26 11:31:00.000,2025,5,26,11,04004KT,13,12
2025-05-26 12:00:00.000,2025,5,26,12,05003KT,14,12
2025-05-26 13:00:00.000,2025,5,26,13,06005KT,14,11
2025-05-26 13:11:00.000,2025,5,26,13,06004KT,14,11
2025-05-26 14:00:00.000,2025,5,26,14,VRB02KT,15,11
2025-05-26 15:00:00.000,2025,5,26,15,15004KT,17,11
2025-05-26 15:21:00.000,2025,5,26,15,VRB05KT,17,10
2025-05-26 15:35:00.000,2025,5,26,15,18007KT,17,11
2025-05-26 16:00:00.000,2025,5,26,16,VRB03KT,18,11
2025-05-26 17:00:00.000,2025,5,26,17,17010KT,20,11
2025-05-26 18:00:00.000,2025,5,26,18,12006KT,19,10
2025-05-26 18:10:00.000,2025,5,26,18,13005KT,18,11
2025-05-26 18:33:00.000,2025,5,26,18,05004KT,17,12
2025-05-26 19:00:00.000,2025,5,26,19,04004KT,17,12
2025-05-26 20:00:00.000,2025,5,26,20,11005KT,16,12
2025-05-26 21:00:00.000,2025,5,26,21,05005KT,17,12
2025-05-26 22:00:00.000,2025,5,26,22,12005KT,17,12
2025-05-26 22:10:00.000,2025,5,26,22,27006KT,16,14
2025-05-26 23:00:00.000,2025,5,26,23,28005KT,15,13
2025-05-27 00:00:00.000,2025,5,27,0,VRB02KT,14,13
2025-05-27 01:00:00.000,2025,5,27,1,VRB02KT,13,12
2025-05-27 02:00:00.000,2025,5,27,2,VRB02KT,13,13
2025-05-27 03:00:00.000,2025,5,27,3,34003KT,13,12
2025-05-27 04:00:00.000,2025,5,27,4,VRB02KT,12,12
2025-05-27 05:00:00.000,2025,5,27,5,02004KT,12,12
2025-05-27 06:00:00.000,2025,5,27,6,33002KT,12,12
2025-05-27 07:00:00.000,2025,5,27,7,VRB02KT,12,11
2025-05-27 08:00:00.000,2025,5,27,8,34001KT,12,11
2025-05-27 09:00:00.000,2025,5,27,9,VRB02KT,12,11
2025-05-27 10:00:00.000,2025,5,27,10,VRB02KT,12,12
2025-05-27 10:32:00.000,2025,5,27,10,34003KT,12,12
2025-05-27 11:00:00.000,2025,5,27,11,36002KT,12,12
2025-05-27 12:00:00.000,2025,5,27,12,05004KT,13,12
2025-05-27 13:00:00.000,2025,5,27,13,04005KT,14,12
2025-05-27 13:37:00.000,2025,5,27,13,01004KT,16,12
2025-05-27 14:00:00.000,2025,5,27,14,05005KT,16,12
2025-05-27 15:00:00.000,2025,5,27,15,03007KT,17,12
2025-05-27 15:38:00.000,2025,5,27,15,05007KT,15,13
2025-05-27 16:00:00.000,2025,5,27,16,04006KT,15,13
2025-05-27 16:03:00.000,2025,5,27,16,VRB05KT,14,14
2025-05-27 16:16:00.000,2025,5,27,16,21009KT,14,14
2025-05-27 16:41:00.000,2025,5,27,16,22004KT,15,14
2025-05-27 17:00:00.000,2025,5,27,17,22004KT,15,14
2025-05-27 18:00:00.000,2025,5,27,18,24003KT,16,13
2025-05-27 19:00:00.000,2025,5,27,19,VRB03KT,18,12
2025-05-27 20:00:00.000,2025,5,27,20,04007KT,18,12
2025-05-27 21:00:00.000,2025,5,27,21,17012G22KT,16,15
2025-05-27 22:00:00.000,2025,5,27,22,VRB03KT,15,14
2025-05-27 23:00:00.000,2025,5,27,23,33005KT,15,14
2025-05-28 00:00:00.000,2025,5,28,0,33004KT,14,13
2025-05-28 01:00:00.000,2025,5,28,1,08004KT,14,13
2025-05-28 02:00:00.000,2025,5,28,2,09004KT,15,10
2025-05-28 03:00:00.000,2025,5,28,3,06004KT,14,10
2025-05-28 04:00:00.000,2025,5,28,4,07004KT,14,10
2025-05-28 05:00:00.000,2025,5,28,5,04003KT,13,10
2025-05-28 06:00:00.000,2025,5,28,6,VRB02KT,13,10
2025-05-28 07:00:00.000,2025,5,28,7,VRB02KT,12,10
2025-05-28 08:00:00.000,2025,5,28,8,08003KT,13,10
2025-05-28 09:00:00.000,2025,5,28,9,08005KT,13,10
2025-05-28 10:00:00.000,2025,5,28,10,VRB05KT,13,10
2025-05-28 10:29:00.000,2025,5,28,10,09004KT,13,10
2025-05-28 11:00:00.000,2025,5,28,11,08005KT,13,10
2025-05-28 12:00:00.000,2025,5,28,12,07006KT,13,10
2025-05-28 12:21:00.000,2025,5,28,12,06006KT,14,10
2025-05-28 13:00:00.000,2025,5,28,13,07007KT,15,10
2025-05-28 14:00:00.000,2025,5,28,14,12007KT,18,10
2025-05-28 14:20:00.000,2025,5,28,14,13012KT,19,10
2025-05-28 14:33:00.000,2025,5,28,14,13013G23KT,18,10
2025-05-28 15:00:00.000,2025,5,28,15,12012KT,18,10
2025-05-28 15:08:00.000,2025,5,28,15,13012KT,18,10
2025-05-28 16:00:00.000,2025,5,28,16,13011KT,18,10
2025-05-28 17:00:00.000,2025,5,28,17,13013KT,18,10
2025-05-28 18:00:00.000,2025,5,28,18,13011KT,18,11
2025-05-28 18:33:00.000,2025,5,28,18,14007KT,18,12
2025-05-28 19:00:00.000,2025,5,28,19,15007KT,17,11
2025-05-28 19:21:00.000,2025,5,28,19,14008KT,16,14
2025-05-28 20:00:00.000,2025,5,28,20,16006KT,17,12
2025-05-28 20:30:00.000,2025,5,28,20,14007KT,19,12
2025-05-28 21:00:00.000,2025,5,28,21,11007KT,19,11
2025-05-28 22:00:00.000,2025,5,28,22,12008KT,18,11
2025-05-28 23:00:00.000,2025,5,28,23,11006KT,16,10
2025-05-29 00:00:00.000,2025,5,29,0,12004KT,15,10
2025-05-29 01:00:00.000,2025,5,29,1,10004KT,15,11
2025-05-29 02:00:00.000,2025,5,29,2,05005KT,15,11
2025-05-29 02:20:00.000,2025,5,29,2,07005KT,15,11
2025-05-29 03:00:00.000,2025,5,29,3,07004KT,15,11
2025-05-29 04:00:00.000,2025,5,29,4,03005KT,15,11
2025-05-29 04:24:00.000,2025,5,29,4,29003KT,15,11
2025-05-29 05:00:00.000,2025,5,29,5,02004KT,14,11
2025-05-29 06:00:00.000,2025,5,29,6,VRB02KT,15,11
2025-05-29 07:00:00.000,2025,5,29,7,VRB02KT,14,11
2025-05-29 07:27:00.000,2025,5,29,7,VRB02KT,13,12
2025-05-29 08:00:00.000,2025,5,29,8,07003KT,14,11
2025-05-29 08:13:00.000,2025,5,29,8,09003KT,13,11
2025-05-29 09:00:00.000,2025,5,29,9,09003KT,13,11
2025-05-29 10:00:00.000,2025,5,29,10,11005KT,14,10
2025-05-29 10:31:00.000,2025,5,29,10,10005KT,13,10
2025-05-29 11:00:00.000,2025,5,29,11,12006KT,14,10
2025-05-29 11:15:00.000,2025,5,29,11,12007KT,14,10
2025-05-29 12:00:00.000,2025,5,29,12,14008KT,15,10
2025-05-29 13:00:00.000,2025,5,29,13,13009KT,15,10
2025-05-29 14:00:00.000,2025,5,29,14,13008KT,16,10
2025-05-29 15:00:00.000,2025,5,29,15,14006KT,17,10
2025-05-29 16:00:00.000,2025,5,29,16,13005KT,17,10
2025-05-29 17:00:00.000,2025,5,29,17,13010KT,18,10
2025-05-29 18:00:00.000,2025,5,29,18,14007KT,20,11
2025-05-29 19:00:00.000,2025,5,29,19,12008KT,19,09
2025-05-29 20:00:00.000,2025,5,29,20,06006KT,20,09
2025-05-29 21:00:00.000,2025,5,29,21,09006KT,19,10
2025-05-29 22:00:00.000,2025,5,29,22,13009KT,19,09
2025-05-29 23:00:00.000,2025,5,29,23,10005KT,17,10
2025-05-30 00:00:00.000,2025,5,30,0,11004KT,16,09
2025-05-30 01:00:00.000,2025,5,30,1,11003KT,16,10
2025-05-30 02:00:00.000,2025,5,30,2,10004KT,15,10
2025-05-30 03:00:00.000,2025,5,30,3,VRB03KT,14,10
2025-05-30 04:00:00.000,2025,5,30,4,11004KT,15,10
2025-05-30 05:00:00.000,2025,5,30,5,11004KT,14,10
2025-05-30 06:00:00.000,2025,5,30,6,36003KT,13,11
2025-05-30 07:00:00.000,2025,5,30,7,31003KT,13,12
2025-05-30 08:00:00.000,2025,5,30,8,VRB02KT,11,10
2025-05-30 09:00:00.000,2025,5,30,9,04004KT,12,12
2025-05-30 10:00:00.000,2025,5,30,10,VRB02KT,11,11
2025-05-30 10:31:00.000,2025,5,30,10,04003KT,12,11
2025-05-30 11:00:00.000,2025,5,30,11,34004KT,12,11
2025-05-30 11:15:00.000,2025,5,30,11,35003KT,12,10
2025-05-30 11:41:00.000,2025,5,30,11,02003KT,13,11
2025-05-30 12:00:00.000,2025,5,30,12,05003KT,13,11
2025-05-30 12:26:00.000,2025,5,30,12,VRB02KT,13,11
2025-05-30 13:00:00.000,2025,5,30,13,15003KT,13,11
2025-05-30 13:14:00.000,2025,5,30,13,10003KT,14,11
2025-05-30 14:00:00.000,2025,5,30,14,04004KT,14,11
2025-05-30 15:00:00.000,2025,5,30,15,10004KT,15,12
2025-05-30 15:38:00.000,2025,5,30,15,16006KT,17,11
2025-05-30 16:00:00.000,2025,5,30,16,16007KT,17,11
2025-05-30 17:00:00.000,2025,5,30,17,14005KT,19,09
2025-05-30 18:00:00.000,2025,5,30,18,12004KT,19,10
2025-05-30 19:00:00.000,2025,5,30,19,18004KT,19,11
2025-05-30 20:00:00.000,2025,5,30,20,11005KT,19,10
2025-05-30 20:04:00.000,2025,5,30,20,14008KT,18,10
2025-05-30 20:14:00.000,2025,5,30,20,13007KT,16,12
2025-05-30 20:34:00.000,2025,5,30,20,14009KT,17,13
2025-05-30 21:00:00.000,2025,5,30,21,13005KT,18,13
2025-05-30 22:00:00.000,2025,5,30,22,09006KT,17,12
2025-05-30 22:32:00.000,2025,5,30,22,08004KT,14,14
2025-05-30 23:00:00.000,2025,5,30,23,14006KT,17,09
2025-05-31 00:00:00.000,2025,5,31,0,05006KT,14,11
2025-05-31 01:00:00.000,2025,5,31,1,06003KT,14,11
2025-05-31 01:28:00.000,2025,5,31,1,05005KT,14,11
2025-05-31 02:00:00.000,2025,5,31,2,01004KT,13,11
2025-05-31 03:00:00.000,2025,5,31,3,05006KT,13,11
2025-05-31 04:00:00.000,2025,5,31,4,09004KT,14,10
2025-05-31 05:00:00.000,2025,5,31,5,08005KT,13,10
2025-05-31 06:00:00.000,2025,5,31,6,10003KT,13,10
2025-05-31 07:00:00.000,2025,5,31,7,04004KT,13,10
2025-05-31 08:00:00.000,2025,5,31,8,07004KT,12,10
2025-05-31 09:00:00.000,2025,5,31,9,06003KT,11,10
2025-05-31 10:00:00.000,2025,5,31,10,07004KT,11,10
2025-05-31 10:35:00.000,2025,5,31,10,07004KT,12,10
2025-05-31 11:00:00.000,2025,5,31,11,06003KT,12,10
2025-05-31 12:00:00.000,2025,5,31,12,VRB02KT,13,10
2025-05-31 13:00:00.000,2025,5,31,13,04004KT,14,10
2025-05-31 14:00:00.000,2025,5,31,14,05003KT,16,11
2025-05-31 15:00:00.000,2025,5,31,15,04004KT,16,11
2025-05-31 16:00:00.000,2025,5,31,16,VRB02KT,15,11
2025-05-31 17:00:00.000,2025,5,31,17,VRB02KT,17,10
2025-05-31 17:12:00.000,2025,5,31,17,13006KT,17,10
2025-05-31 18:00:00.000,2025,5,31,18,13004KT,18,11
2025-05-31 18:33:00.000,2025,5,31,18,15006KT,16,12
2025-05-31 19:00:00.000,2025,5,31,19,VRB03KT,18,12
2025-05-31 20:00:00.000,2025,5,31,20,11006KT,18,11
2025-05-31 21:00:00.000,2025,5,31,21,VRB04KT,17,10
2025-05-31 21:06:00.000,2025,5,31,21,VRB05KT,17,10
2025-05-31 22:00:00.000,2025,5,31,22,12006KT,16,12
2025-05-31 22:13:00.000,2025,5,31,22,35003KT,16,11
2025-05-31 23:00:00.000,2025,5,31,23,34004KT,16,12
2025-06-01 00:00:00.000,2025,6,1,0,36004KT,14,12
2025-06-01 01:00:00.000,2025,6,1,1,VRB01KT,15,12
2025-06-01 02:00:00.000,2025,6,1,2,VRB02KT,15,11
2025-06-01 03:00:00.000,2025,6,1,3,VRB02KT,15,11
2025-06-01 04:00:00.000,2025,6,1,4,04005KT,14,12
2025-06-01 05:00:00.000,2025,6,1,5,05006KT,14,12
2025-06-01 05:30:00.000,2025,6,1,5,05006KT,14,11
2025-06-01 06:00:00.000,2025,6,1,6,05007KT,14,11
2025-06-01 07:00:00.000,2025,6,1,7,VRB02KT,13,12
2025-06-01 08:00:00.000,2025,6,1,8,06003KT,13,12
2025-06-01 09:00:00.000,2025,6,1,9,03003KT,13,12
2025-06-01 10:00:00.000,2025,6,1,10,VRB02KT,12,12
2025-06-01 10:31:00.000,2025,6,1,10,VRB03KT,12,12
2025-06-01 11:00:00.000,2025,6,1,11,36003KT,12,12
2025-06-01 12:00:00.000,2025,6,1,12,01003KT,13,11
2025-06-01 13:00:00.000,2025,6,1,13,02003KT,14,12
2025-06-01 14:00:00.000,2025,6,1,14,15004KT,16,12
2025-06-01 15:00:00.000,2025,6,1,15,VRB02KT,16,11
2025-06-01 16:00:00.000,2025,6,1,16,13004KT,18,11
2025-06-01 16:35:00.000,2025,6,1,16,11005KT,16,13
2025-06-01 17:00:00.000,2025,6,1,17,07003KT,18,11
2025-06-01 18:00:00.000,2025,6,1,18,VRB06KT,18,11
2025-06-01 19:00:00.000,2025,6,1,19,12007KT,18,11
2025-06-01 19:05:00.000,2025,6,1,19,11007KT,18,11
2025-06-01 20:00:00.000,2025,6,1,20,12007KT,18,12
2025-06-01 21:00:00.000,2025,6,1,21,05010KT,16,12
2025-06-01 22:00:00.000,2025,6,1,22,06005KT,16,13
2025-06-01 22:16:00.000,2025,6,1,22,04006KT,16,12
2025-06-01 23:00:00.000,2025,6,1,23,05007KT,16,11
2025-06-02 00:00:00.000,2025,6,2,0,08006KT,15,11
2025-06-02 01:00:00.000,2025,6,2,1,09004KT,14,11
2025-06-02 02:00:00.000,2025,6,2,2,08003KT,14,09
2025-06-02 02:11:00.000,2025,6,2,2,04003KT,14,09
2025-06-02 03:00:00.000,2025,6,2,3,07004KT,15,09
2025-06-02 03:33:00.000,2025,6,2,3,05004KT,14,10
2025-06-02 04:00:00.000,2025,6,2,4,08004KT,14,10
2025-06-02 05:00:00.000,2025,6,2,5,03004KT,14,10
2025-06-02 06:00:00.000,2025,6,2,6,03004KT,13,10
2025-06-02 07:00:00.000,2025,6,2,7,06003KT,13,10
2025-06-02 08:00:00.000,2025,6,2,8,05005KT,13,09
2025-06-02 09:00:00.000,2025,6,2,9,08005KT,13,09
2025-06-02 10:00:00.000,2025,6,2,10,08004KT,12,10
2025-06-02 10:33:00.000,2025,6,2,10,08003KT,13,11
2025-06-02 11:00:00.000,2025,6,2,11,07004KT,12,11
2025-06-02 12:00:00.000,2025,6,2,12,07004KT,13,11
2025-06-02 13:00:00.000,2025,6,2,13,05005KT,14,12
2025-06-02 13:23:00.000,2025,6,2,13,VRB03KT,14,12
2025-06-02 14:00:00.000,2025,6,2,14,07004KT,15,12
2025-06-02 15:00:00.000,2025,6,2,15,VRB03KT,16,11
2025-06-02 16:00:00.000,2025,6,2,16,16006KT,17,12
2025-06-02 17:00:00.000,2025,6,2,17,18012KT,18,12
2025-06-02 18:00:00.000,2025,6,2,18,15010KT,18,12
2025-06-02 19:00:00.000,2025,6,2,19,14008KT,19,11
2025-06-02 20:00:00.000,2025,6,2,20,08008KT,18,11
2025-06-02 21:00:00.000,2025,6,2,21,04006KT,17,12
2025-06-02 22:00:00.000,2025,6,2,22,11007KT,17,11
2025-06-02 22:15:00.000,2025,6,2,22,12006KT,15,13
2025-06-02 23:00:00.000,2025,6,2,23,11006KT,16,12
2025-06-03 00:00:00.000,2025,6,3,0,12006KT,15,11
2025-06-03 01:00:00.000,2025,6,3,1,11007KT,15,11
2025-06-03 02:00:00.000,2025,6,3,2,12006KT,15,11
2025-06-03 03:00:00.000,2025,6,3,3,12006KT,14,11
2025-06-03 04:00:00.000,2025,6,3,4,07005KT,13,11
2025-06-03 05:00:00.000,2025,6,3,5,07006KT,12,10
2025-06-03 06:00:00.000,2025,6,3,6,05005KT,11,10
2025-06-03 07:00:00.000,2025,6,3,7,03005KT,10,10
2025-06-03 08:00:00.000,2025,6,3,8,04005KT,10,10
2025-06-03 09:00:00.000,2025,6,3,9,06005KT,10,10
2025-06-03 10:00:00.000,2025,6,3,10,34003KT,10,10
2025-06-03 10:30:00.000,2025,6,3,10,04004KT,10,10
2025-06-03 11:00:00.000,2025,6,3,11,05005KT,10,10
2025-06-03 12:00:00.000,2025,6,3,12,05005KT,12,12
2025-06-03 13:00:00.000,2025,6,3,13,06008KT,13,13
2025-06-03 14:00:00.000,2025,6,3,14,07008KT,15,12
2025-06-03 14:23:00.000,2025,6,3,14,07007KT,17,11
2025-06-03 15:00:00.000,2025,6,3,15,08007KT,17,11
2025-06-03 16:00:00.000,2025,6,3,16,13010KT,18,10
2025-06-03 17:00:00.000,2025,6,3,17,13011KT,18,11
2025-06-03 18:00:00.000,2025,6,3,18,14011KT,18,10
2025-06-03 19:00:00.000,2025,6,3,19,11008KT,18,10
2025-06-03 20:00:00.000,2025,6,3,20,15011G21KT,19,10
2025-06-03 21:00:00.000,2025,6,3,21,13007KT,18,10
2025-06-03 22:00:00.000,2025,6,3,22,09006KT,18,10
2025-06-03 23:00:00.000,2025,6,3,23,13008KT,16,10
2025-06-04 00:00:00.000,2025,6,4,0,14007KT,15,11
2025-06-04 01:00:00.000,2025,6,4,1,20004KT,14,11
2025-06-04 02:00:00.000,2025,6,4,2,VRB02KT,14,11
2025-06-04 03:00:00.000,2025,6,4,3,VRB02KT,14,12
2025-06-04 03:31:00.000,2025,6,4,3,05004KT,13,11
2025-06-04 04:00:00.000,2025,6,4,4,03004KT,13,11
2025-06-04 05:00:00.000,2025,6,4,5,05004KT,12,12
2025-06-04 06:00:00.000,2025,6,4,6,04003KT,12,11
2025-06-04 07:00:00.000,2025,6,4,7,06003KT,12,12
2025-06-04 08:00:00.000,2025,6,4,8,07005KT,12,11
2025-06-04 09:00:00.000,2025,6,4,9,33004KT,11,11
2025-06-04 10:00:00.000,2025,6,4,10,34004KT,10,10
2025-06-04 10:31:00.000,2025,6,4,10,34003KT,09,09
2025-06-04 11:00:00.000,2025,6,4,11,34003KT,09,09
2025-06-04 12:00:00.000,2025,6,4,12,32004KT,11,11
2025-06-04 12:33:00.000,2025,6,4,12,35003KT,13,13
2025-06-04 13:00:00.000,2025,6,4,13,03004KT,14,12
2025-06-04 14:00:00.000,2025,6,4,14,VRB04KT,15,12
2025-06-04 14:11:00.000,2025,6,4,14,VRB03KT,17,12
2025-06-04 15:00:00.000,2025,6,4,15,VRB02KT,16,11
2025-06-04 15:42:00.000,2025,6,4,15,14006KT,18,12
2025-06-04 16:00:00.000,2025,6,4,16,15007KT,18,11
2025-06-04 17:00:00.000,2025,6,4,17,16010KT,18,11
2025-06-04 18:00:00.000,2025,6,4,18,16012KT,18,12
2025-06-04 19:00:00.000,2025,6,4,19,14014KT,17,11
2025-06-04 20:00:00.000,2025,6,4,20,13006KT,17,12
2025-06-04 21:00:00.000,2025,6,4,21,12005KT,15,12
2025-06-04 22:00:00.000,2025,6,4,22,VRB04KT,17,11
2025-06-04 23:00:00.000,2025,6,4,23,13008KT,16,11
2025-06-05 00:00:00.000,2025,6,5,0,13004KT,14,11
2025-06-05 01:00:00.000,2025,6,5,1,VRB02KT,15,11
2025-06-05 02:00:00.000,2025,6,5,2,02004KT,14,12
2025-06-05 03:00:00.000,2025,6,5,3,04006KT,13,12
2025-06-05 04:00:00.000,2025,6,5,4,06003KT,13,12
2025-06-05 05:00:00.000,2025,6,5,5,05003KT,13,11
2025-06-05 06:00:00.000,2025,6,5,6,04003KT,12,12
2025-06-05 07:00:00.000,2025,6,5,7,02004KT,12,12
2025-06-05 08:00:00.000,2025,6,5,8,05004KT,12,12
2025-06-05 09:00:00.000,2025,6,5,9,04004KT,12,12
2025-06-05 10:00:00.000,2025,6,5,10,03003KT,12,12
2025-06-05 10:30:00.000,2025,6,5,10,01002KT,12,12
2025-06-05 11:00:00.000,2025,6,5,11,VRB02KT,12,12
2025-06-05 12:00:00.000,2025,6,5,12,02004KT,13,13
2025-06-05 13:00:00.000,2025,6,5,13,05004KT,14,14
2025-06-05 14:00:00.000,2025,6,5,14,VRB02KT,15,13
2025-06-05 15:00:00.000,2025,6,5,15,35004KT,16,13
2025-06-05 15:15:00.000,2025,6,5,15,05004KT,15,13
2025-06-05 15:37:00.000,2025,6,5,15,04005KT,17,15
2025-06-05 16:00:00.000,2025,6,5,16,05008KT,16,15
2025-06-05 17:00:00.000,2025,6,5,17,29004KT,17,13
2025-06-05 17:34:00.000,2025,6,5,17,17014KT,19,11
2025-06-05 18:00:00.000,2025,6,5,18,14012KT,19,10
2025-06-05 19:00:00.000,2025,6,5,19,15013KT,18,12
2025-06-05 19:14:00.000,2025,6,5,19,17008KT,17,12
2025-06-05 20:00:00.000,2025,6,5,20,17010KT,18,11
2025-06-05 21:00:00.000,2025,6,5,21,15010KT,18,08
2025-06-05 22:00:00.000,2025,6,5,22,09005KT,17,10
2025-06-06 03:00:00.000,2025,6,6,3,05004KT,12,12
2025-06-06 04:00:00.000,2025,6,6,4,04003KT,12,12
2025-06-06 05:00:00.000,2025,6,6,5,VRB01KT,11,11
2025-06-06 06:00:00.000,2025,6,6,6,04002KT,11,11
2025-06-06 06:28:00.000,2025,6,6,6,01002KT,11,11
2025-06-06 07:00:00.000,2025,6,6,7,01003KT,11,11
2025-06-06 08:00:00.000,2025,6,6,8,VRB02KT,10,10
2025-06-06 09:00:00.000,2025,6,6,9,VRB01KT,10,10
2025-06-06 10:00:00.000,2025,6,6,10,VRB02KT,11,11
2025-06-06 10:32:00.000,2025,6,6,10,04006KT,12,12
2025-06-06 11:00:00.000,2025,6,6,11,04004KT,12,12
2025-06-06 12:00:00.000,2025,6,6,12,VRB01KT,12,12
2025-06-06 12:25:00.000,2025,6,6,12,03004KT,14,14
2025-06-06 13:00:00.000,2025,6,6,13,03004KT,15,14
2025-06-06 14:00:00.000,2025,6,6,14,VRB05KT,17,12
2025-06-06 15:00:00.000,2025,6,6,15,03005KT,17,12
2025-06-06 16:00:00.000,2025,6,6,16,07006KT,19,11
2025-06-06 17:00:00.000,2025,6,6,17,05007KT,18,13
2025-06-06 17:28:00.000,2025,6,6,17,14007KT,17,13
2025-06-06 18:00:00.000,2025,6,6,18,21008KT,15,14
2025-06-06 19:00:00.000,2025,6,6,19,17009KT,14,13
2025-06-06 20:00:00.000,2025,6,6,20,13007KT,14,13
2025-06-06 21:00:00.000,2025,6,6,21,13007KT,15,11
2025-06-06 22:00:00.000,2025,6,6,22,15008KT,15,10
2025-06-06 23:00:00.000,2025,6,6,23,36003KT,13,11
2025-06-07 00:00:00.000,2025,6,7,0,06004KT,11,10
2025-06-07 01:00:00.000,2025,6,7,1,04004KT,11,11
2025-06-07 02:00:00.000,2025,6,7,2,01003KT,10,10
2025-06-07 03:00:00.000,2025,6,7,3,07004KT,11,10
2025-06-07 04:00:00.000,2025,6,7,4,07005KT,11,10
2025-06-07 05:00:00.000,2025,6,7,5,04004KT,11,11
2025-06-07 06:00:00.000,2025,6,7,6,04004KT,11,11
2025-06-07 07:00:00.000,2025,6,7,7,06003KT,11,11
2025-06-07 08:00:00.000,2025,6,7,8,08003KT,11,10
2025-06-07 09:00:00.000,2025,6,7,9,06003KT,10,10
2025-06-07 10:00:00.000,2025,6,7,10,VRB02KT,09,09
2025-06-07 10:32:00.000,2025,6,7,10,14003KT,10,10
2025-06-07 11:00:00.000,2025,6,7,11,15003KT,11,09
2025-06-07 12:00:00.000,2025,6,7,12,34003KT,11,11
2025-06-07 13:00:00.000,2025,6,7,13,03004KT,13,10
2025-06-07 14:00:00.000,2025,6,7,14,VRB03KT,15,10
2025-06-07 15:00:00.000,2025,6,7,15,VRB04KT,15,11
2025-06-07 16:00:00.000,2025,6,7,16,18008KT,17,11
2025-06-07 17:00:00.000,2025,6,7,17,17008KT,17,12
2025-06-07 18:00:00.000,2025,6,7,18,18008KT,17,11
2025-06-07 19:00:00.000,2025,6,7,19,18014KT,17,11
2025-06-07 20:00:00.000,2025,6,7,20,18009KT,18,11
2025-06-07 21:00:00.000,2025,6,7,21,19015KT,18,11
2025-06-07 21:20:00.000,2025,6,7,21,17014KT,17,12
2025-06-07 21:42:00.000,2025,6,7,21,16010KT,16,11
2025-06-07 22:00:00.000,2025,6,7,22,16010KT,16,11
2025-06-07 23:00:00.000,2025,6,7,23,15008KT,16,12
2025-06-08 00:00:00.000,2025,6,8,0,09005KT,15,12
2025-06-08 01:00:00.000,2025,6,8,1,04007KT,13,12
2025-06-08 02:00:00.000,2025,6,8,2,10005KT,14,11
2025-06-08 03:00:00.000,2025,6,8,3,08005KT,14,11
2025-06-08 04:00:00.000,2025,6,8,4,11008KT,14,10
2025-06-08 05:00:00.000,2025,6,8,5,11005KT,14,10
2025-06-08 06:00:00.000,2025,6,8,6,04004KT,12,10
2025-06-08 07:00:00.000,2025,6,8,7,07005KT,12,10
2025-06-08 08:00:00.000,2025,6,8,8,02003KT,11,11
2025-06-08 09:00:00.000,2025,6,8,9,04003KT,11,11
2025-06-08 10:00:00.000,2025,6,8,10,06005KT,12,12
2025-06-08 10:34:00.000,2025,6,8,10,06005KT,12,12
2025-06-08 11:00:00.000,2025,6,8,11,05005KT,12,12
2025-06-08 12:00:00.000,2025,6,8,12,05005KT,13,12
2025-06-08 13:00:00.000,2025,6,8,13,06006KT,14,12
2025-06-08 14:00:00.000,2025,6,8,14,VRB05KT,16,12
2025-06-08 14:37:00.000,2025,6,8,14,10007KT,16,11
2025-06-08 15:00:00.000,2025,6,8,15,12008KT,16,11
2025-06-08 16:00:00.000,2025,6,8,16,15011KT,18,11
2025-06-08 17:00:00.000,2025,6,8,17,13011KT,18,10
2025-06-08 18:00:00.000,2025,6,8,18,14012KT,17,12
2025-06-08 18:07:00.000,2025,6,8,18,13013KT,16,12
2025-06-08 19:00:00.000,2025,6,8,19,14011KT,18,12
2025-06-08 20:00:00.000,2025,6,8,20,13009KT,18,11
2025-06-08 21:00:00.000,2025,6,8,21,13010KT,18,09
2025-06-08 22:00:00.000,2025,6,8,22,14008KT,18,09
2025-06-08 23:00:00.000,2025,6,8,23,12008KT,18,08
2025-06-09 00:00:00.000,2025,6,9,0,13006KT,16,09
2025-06-09 01:00:00.000,2025,6,9,1,08003KT,15,09
2025-06-09 02:00:00.000,2025,6,9,2,36002KT,12,11
2025-06-09 03:00:00.000,2025,6,9,3,VRB02KT,11,11
2025-06-09 04:00:00.000,2025,6,9,4,03004KT,10,10
2025-06-09 05:00:00.000,2025,6,9,5,VRB01KT,12,11
2025-06-09 06:00:00.000,2025,6,9,6,18007KT,13,13
2025-06-09 07:00:00.000,2025,6,9,7,VRB01KT,12,12
2025-06-09 08:00:00.000,2025,6,9,8,VRB01KT,12,12
2025-06-09 09:00:00.000,2025,6,9,9,VRB02KT,11,11
2025-06-09 10:00:00.000,2025,6,9,10,04004KT,11,11
2025-06-09 10:33:00.000,2025,6,9,10,05006KT,12,12
2025-06-09 11:00:00.000,2025,6,9,11,05005KT,12,12
2025-06-09 12:00:00.000,2025,6,9,12,05005KT,12,12
2025-06-09 13:00:00.000,2025,6,9,13,05003KT,14,14
2025-06-09 14:00:00.000,2025,6,9,14,05006KT,15,14
2025-06-09 15:00:00.000,2025,6,9,15,09004KT,17,14
2025-06-09 15:37:00.000,2025,6,9,15,05007KT,15,14
2025-06-09 16:00:00.000,2025,6,9,16,05006KT,15,14
2025-06-09 16:29:00.000,2025,6,9,16,09006KT,17,12
2025-06-09 17:00:00.000,2025,6,9,17,09006KT,18,13
2025-06-09 18:00:00.000,2025,6,9,18,14008KT,18,12
2025-06-09 19:00:00.000,2025,6,9,19,VRB04KT,18,11
2025-06-09 20:00:00.000,2025,6,9,20,VRB05KT,19,11
2025-06-09 21:00:00.000,2025,6,9,21,07011KT,18,12
2025-06-09 22:00:00.000,2025,6,9,22,06006KT,16,12
2025-06-09 23:00:00.000,2025,6,9,23,07007KT,14,12
2025-06-10 00:00:00.000,2025,6,10,0,07006KT,14,12
2025-06-10 01:00:00.000,2025,6,10,1,05005KT,13,12
2025-06-10 02:00:00.000,2025,6,10,2,04004KT,12,12
2025-06-10 03:00:00.000,2025,6,10,3,05005KT,13,13
2025-06-10 04:00:00.000,2025,6,10,4,05005KT,12,12
2025-06-10 05:00:00.000,2025,6,10,5,01004KT,12,12
2025-06-10 06:00:00.000,2025,6,10,6,05006KT,12,12
2025-06-10 06:15:00.000,2025,6,10,6,04005KT,12,12
2025-06-10 07:00:00.000,2025,6,10,7,05004KT,12,12
2025-06-10 07:17:00.000,2025,6,10,7,04003KT,12,12
2025-06-10 08:00:00.000,2025,6,10,8,05005KT,12,12
2025-06-10 09:00:00.000,2025,6,10,9,05007KT,12,12
2025-06-10 09:23:00.000,2025,6,10,9,05008KT,12,12
2025-06-10 10:00:00.000,2025,6,10,10,06006KT,12,12
2025-06-10 10:31:00.000,2025,6,10,10,05006KT,11,11
2025-06-10 11:00:00.000,2025,6,10,11,04005KT,11,11
2025-06-10 12:00:00.000,2025,6,10,12,05004KT,12,12
2025-06-10 12:36:00.000,2025,6,10,12,05005KT,13,13
2025-06-10 13:00:00.000,2025,6,10,13,04005KT,13,13
2025-06-10 13:13:00.000,2025,6,10,13,VRB03KT,13,13
2025-06-10 13:26:00.000,2025,6,10,13,VRB02KT,14,13
2025-06-10 14:00:00.000,2025,6,10,14,04003KT,14,13
2025-06-10 15:00:00.000,2025,6,10,15,13008KT,16,11
2025-06-10 16:00:00.000,2025,6,10,16,16006KT,17,10
2025-06-10 17:00:00.000,2025,6,10,17,03008KT,16,12
2025-06-10 18:00:00.000,2025,6,10,18,02003KT,16,11
2025-06-10 19:00:00.000,2025,6,10,19,02008KT,17,12
2025-06-10 20:00:00.000,2025,6,10,20,02006KT,16,13
2025-06-10 21:00:00.000,2025,6,10,21,14007KT,17,12
2025-06-10 22:00:00.000,2025,6,10,22,14010KT,17,11
2025-06-10 23:00:00.000,2025,6,10,23,15011KT,16,11
2025-06-11 00:00:00.000,2025,6,11,0,14007KT,14,10
2025-06-11 01:00:00.000,2025,6,11,1,01004KT,12,12
2025-06-11 02:00:00.000,2025,6,11,2,VRB02KT,13,12
2025-06-11 03:00:00.000,2025,6,11,3,VRB02KT,13,13
2025-06-11 04:00:00.000,2025,6,11,4,04004KT,13,13
2025-06-11 05:00:00.000,2025,6,11,5,03005KT,12,12
2025-06-11 06:00:00.000,2025,6,11,6,VRB02KT,12,12
2025-06-11 07:00:00.000,2025,6,11,7,06005KT,12,12
2025-06-11 08:00:00.000,2025,6,11,8,05004KT,12,12
2025-06-11 09:00:00.000,2025,6,11,9,04004KT,12,12
2025-06-11 10:00:00.000,2025,6,11,10,VRB01KT,12,12
2025-06-11 10:32:00.000,2025,6,11,10,04004KT,11,11
2025-06-11 11:00:00.000,2025,6,11,11,02002KT,11,11
2025-06-11 12:00:00.000,2025,6,11,12,05003KT,13,13
2025-06-11 12:38:00.000,2025,6,11,12,06003KT,15,11
2025-06-11 13:00:00.000,2025,6,11,13,04003KT,15,11
2025-06-11 14:00:00.000,2025,6,11,14,15006KT,15,10
2025-06-11 15:00:00.000,2025,6,11,15,14008KT,15,10
2025-06-11 15:15:00.000,2025,6,11,15,13005KT,17,10
2025-06-11 16:00:00.000,2025,6,11,16,12005KT,17,10
2025-06-11 19:00:00.000,2025,6,11,19,VRB03KT,20,10
2025-06-11 19:06:00.000,2025,6,11,19,26011KT,19,12
2025-06-11 20:00:00.000,2025,6,11,20,28010KT,18,13
2025-06-11 20:26:00.000,2025,6,11,20,29006KT,17,13
2025-06-11 20:41:00.000,2025,6,11,20,26009KT,17,12
2025-06-11 21:00:00.000,2025,6,11,21,31011KT,17,13
2025-06-11 21:20:00.000,2025,6,11,21,30008KT,14,14
2025-06-11 21:41:00.000,2025,6,11,21,28007KT,14,14
2025-06-11 22:00:00.000,2025,6,11,22,29006KT,14,14
2025-06-11 22:17:00.000,2025,6,11,22,31006KT,14,14
2025-06-11 23:00:00.000,2025,6,11,23,31004KT,14,14
2025-06-12 00:00:00.000,2025,6,12,0,02004KT,13,13
2025-06-12 01:00:00.000,2025,6,12,1,VRB02KT,13,13
2025-06-12 02:00:00.000,2025,6,12,2,02002KT,13,13
2025-06-12 03:00:00.000,2025,6,12,3,03004KT,12,12
2025-06-12 04:00:00.000,2025,6,12,4,06005KT,12,12
2025-06-12 05:00:00.000,2025,6,12,5,01002KT,11,11
2025-06-12 06:00:00.000,2025,6,12,6,35003KT,10,10
2025-06-12 07:00:00.000,2025,6,12,7,VRB02KT,11,11
2025-06-12 08:00:00.000,2025,6,12,8,VRB02KT,12,12
2025-06-12 09:00:00.000,2025,6,12,9,VRB02KT,10,10
2025-06-12 10:00:00.000,2025,6,12,10,VRB01KT,10,10
2025-06-12 10:33:00.000,2025,6,12,10,04005KT,10,10
2025-06-12 11:00:00.000,2025,6,12,11,03004KT,10,10
2025-06-12 12:00:00.000,2025,6,12,12,04003KT,11,11
2025-06-12 12:31:00.000,2025,6,12,12,05003KT,13,13
2025-06-12 13:00:00.000,2025,6,12,13,06003KT,13,13
2025-06-12 14:00:00.000,2025,6,12,14,04005KT,14,14
2025-06-12 15:00:00.000,2025,6,12,15,21005KT,16,12
2025-06-12 15:03:00.000,2025,6,12,15,18005KT,16,13
2025-06-12 16:00:00.000,2025,6,12,16,14006KT,18,11
2025-06-12 17:00:00.000,2025,6,12,17,13005KT,18,10
2025-06-12 18:00:00.000,2025,6,12,18,07005KT,18,11
2025-06-12 18:28:00.000,2025,6,12,18,02006KT,16,14
2025-06-12 19:00:00.000,2025,6,12,19,02006KT,17,13
2025-06-12 20:00:00.000,2025,6,12,20,03003KT,17,13
2025-06-12 21:00:00.000,2025,6,12,21,03007KT,15,14
2025-06-12 22:00:00.000,2025,6,12,22,29007KT,16,15
2025-06-12 23:00:00.000,2025,6,12,23,30005KT,16,14
2025-06-12 23:12:00.000,2025,6,12,23,34004KT,14,14
2025-06-12 23:41:00.000,2025,6,12,23,VRB02KT,13,13
2025-06-13 00:00:00.000,2025,6,13,0,VRB02KT,13,13
2025-06-13 01:00:00.000,2025,6,13,1,VRB03KT,12,12
2025-06-13 02:00:00.000,2025,6,13,2,VRB02KT,12,12
2025-06-13 03:00:00.000,2025,6,13,3,VRB02KT,12,12
2025-06-13 04:00:00.000,2025,6,13,4,35003KT,11,11
2025-06-13 05:00:00.000,2025,6,13,5,33004KT,11,11
2025-06-13 05:36:00.000,2025,6,13,5,VRB02KT,11,11
2025-06-13 06:00:00.000,2025,6,13,6,VRB02KT,11,11
2025-06-13 07:00:00.000,2025,6,13,7,34002KT,12,12
2025-06-13 07:18:00.000,2025,6,13,7,VRB02KT,11,11
2025-06-13 08:00:00.000,2025,6,13,8,02003KT,11,11
2025-06-13 09:00:00.000,2025,6,13,9,34003KT,11,11
2025-06-13 10:00:00.000,2025,6,13,10,VRB01KT,11,11
2025-06-13 10:30:00.000,2025,6,13,10,VRB02KT,11,11
2025-06-13 11:00:00.000,2025,6,13,11,VRB02KT,11,11
2025-06-13 12:00:00.000,2025,6,13,12,02003KT,11,11
2025-06-13 13:00:00.000,2025,6,13,13,04003KT,12,12
2025-06-13 14:00:00.000,2025,6,13,14,02003KT,15,13
2025-06-13 14:30:00.000,2025,6,13,14,VRB03KT,16,12
2025-06-13 15:00:00.000,2025,6,13,15,VRB03KT,17,12
2025-06-13 16:00:00.000,2025,6,13,16,26005KT,18,12
2025-06-13 17:00:00.000,2025,6,13,17,27008KT,17,12
2025-06-13 18:00:00.000,2025,6,13,18,24010KT,16,13
2025-06-13 19:00:00.000,2025,6,13,19,24009KT,15,14
2025-06-13 19:40:00.000,2025,6,13,19,25005KT,17,13
2025-06-13 20:00:00.000,2025,6,13,20,VRB05KT,17,13
2025-06-13 20:23:00.000,2025,6,13,20,23007KT,16,13
2025-06-13 21:00:00.000,2025,6,13,21,25005KT,16,13
2025-06-13 22:00:00.000,2025,6,13,22,32003KT,16,13
2025-06-13 22:05:00.000,2025,6,13,22,31003KT,16,13
2025-06-13 23:00:00.000,2025,6,13,23,23005KT,15,12
2025-06-14 00:00:00.000,2025,6,14,0,26003KT,14,11
2025-06-14 01:00:00.000,2025,6,14,1,VRB02KT,15,11
2025-06-14 02:00:00.000,2025,6,14,2,36003KT,12,12
2025-06-14 03:00:00.000,2025,6,14,3,34002KT,12,12
2025-06-14 04:00:00.000,2025,6,14,4,VRB02KT,12,12
2025-06-14 05:00:00.000,2025,6,14,5,01002KT,11,11
2025-06-14 06:00:00.000,2025,6,14,6,VRB02KT,12,12
2025-06-14 07:00:00.000,2025,6,14,7,VRB01KT,12,12
2025-06-14 08:00:00.000,2025,6,14,8,VRB01KT,11,11
2025-06-14 09:00:00.000,2025,6,14,9,02002KT,10,10
2025-06-14 10:00:00.000,2025,6,14,10,35003KT,09,09
2025-06-14 10:32:00.000,2025,6,14,10,VRB01KT,10,10
2025-06-14 11:00:00.000,2025,6,14,11,VRB02KT,10,10
2025-06-14 12:00:00.000,2025,6,14,12,VRB02KT,11,11
2025-06-14 12:12:00.000,2025,6,14,12,VRB02KT,12,12
2025-06-14 13:00:00.000,2025,6,14,13,VRB02KT,13,13
2025-06-14 14:00:00.000,2025,6,14,14,VRB02KT,14,13
2025-06-14 15:00:00.000,2025,6,14,15,VRB02KT,15,13
2025-06-14 15:28:00.000,2025,6,14,15,VRB03KT,17,12
2025-06-14 16:00:00.000,2025,6,14,16,32005KT,17,13
2025-06-14 17:00:00.000,2025,6,14,17,32005KT,18,12
2025-06-14 18:00:00.000,2025,6,14,18,32009KT,18,13
2025-06-14 18:09:00.000,2025,6,14,18,33007KT,18,13
2025-06-14 19:00:00.000,2025,6,14,19,32008KT,17,13
2025-06-14 19:17:00.000,2025,6,14,19,22012KT,16,15
2025-06-14 20:00:00.000,2025,6,14,20,23010KT,15,12
2025-06-14 20:08:00.000,2025,6,14,20,20007KT,14,12
2025-06-14 21:00:00.000,2025,6,14,21,19005KT,14,14
2025-06-14 21:21:00.000,2025,6,14,21,08003KT,14,14
2025-06-14 22:00:00.000,2025,6,14,22,01004KT,13,13
2025-06-14 22:37:00.000,2025,6,14,22,34003KT,13,13
2025-06-14 23:00:00.000,2025,6,14,23,32004KT,13,13
2025-06-15 00:00:00.000,2025,6,15,0,32004KT,12,12
2025-06-15 01:00:00.000,2025,6,15,1,05002KT,12,12
2025-06-15 02:00:00.000,2025,6,15,2,05002KT,12,12
2025-06-15 03:00:00.000,2025,6,15,3,VRB01KT,12,12
2025-06-15 04:00:00.000,2025,6,15,4,36002KT,12,12
2025-06-15 05:00:00.000,2025,6,15,5,04003KT,12,12
2025-06-15 06:00:00.000,2025,6,15,6,VRB02KT,12,12
2025-06-15 07:00:00.000,2025,6,15,7,VRB02KT,12,12
2025-06-15 08:00:00.000,2025,6,15,8,VRB02KT,12,12
2025-06-15 09:00:00.000,2025,6,15,9,VRB01KT,11,11
2025-06-15 10:00:00.000,2025,6,15,10,04002KT,11,11
2025-06-15 10:33:00.000,2025,6,15,10,VRB01KT,11,11
2025-06-15 11:00:00.000,2025,6,15,11,VRB01KT,11,11
2025-06-15 12:00:00.000,2025,6,15,12,02003KT,11,11
2025-06-15 12:29:00.000,2025,6,15,12,05004KT,13,13
2025-06-15 13:00:00.000,2025,6,15,13,04004KT,13,13
2025-06-15 14:00:00.000,2025,6,15,14,06007KT,16,13
2025-06-15 15:00:00.000,2025,6,15,15,05007KT,17,13
2025-06-15 15:37:00.000,2025,6,15,15,05007KT,19,12
2025-06-15 16:00:00.000,2025,6,15,16,04006KT,18,12
2025-06-15 17:00:00.000,2025,6,15,17,05006KT,20,12
2025-06-15 18:00:00.000,2025,6,15,18,07007KT,19,11
2025-06-15 19:00:00.000,2025,6,15,19,05004KT,20,10
2025-06-15 19:05:00.000,2025,6,15,19,07006KT,19,11
2025-06-15 19:20:00.000,2025,6,15,19,06010KT,16,11
2025-06-15 20:00:00.000,2025,6,15,20,33005KT,17,14
2025-06-15 20:16:00.000,2025,6,15,20,33007KT,16,14
2025-06-15 21:00:00.000,2025,6,15,21,31005KT,13,13
2025-06-15 22:00:00.000,2025,6,15,22,VRB02KT,13,13
2025-06-15 23:00:00.000,2025,6,15,23,33004KT,13,13
2025-06-16 00:00:00.000,2025,6,16,0,VRB02KT,12,12
2025-06-16 01:00:00.000,2025,6,16,1,VRB02KT,12,12
2025-06-16 02:00:00.000,2025,6,16,2,VRB02KT,11,11
2025-06-16 03:00:00.000,2025,6,16,3,03003KT,11,11
2025-06-16 04:00:00.000,2025,6,16,4,04003KT,11,11
2025-06-16 05:00:00.000,2025,6,16,5,04004KT,10,10
2025-06-16 06:00:00.000,2025,6,16,6,04004KT,10,10
2025-06-16 07:00:00.000,2025,6,16,7,06004KT,09,09
2025-06-16 08:00:00.000,2025,6,16,8,04003KT,10,10
2025-06-16 09:00:00.000,2025,6,16,9,VRB02KT,09,09
2025-06-16 10:00:00.000,2025,6,16,10,VRB02KT,09,09
2025-06-16 10:30:00.000,2025,6,16,10,VRB02KT,09,09
2025-06-16 11:00:00.000,2025,6,16,11,VRB02KT,09,09
2025-06-16 12:00:00.000,2025,6,16,12,06003KT,09,09
2025-06-16 12:05:00.000,2025,6,16,12,VRB02KT,11,11
2025-06-16 12:38:00.000,2025,6,16,12,06004KT,13,13
2025-06-16 13:00:00.000,2025,6,16,13,06004KT,14,13
2025-06-16 13:09:00.000,2025,6,16,13,04005KT,14,13
2025-06-16 14:00:00.000,2025,6,16,14,09006KT,15,11
2025-06-16 14:27:00.000,2025,6,16,14,13007KT,17,10
2025-06-16 15:00:00.000,2025,6,16,15,13008KT,17,10
2025-06-16 16:00:00.000,2025,6,16,16,12009KT,18,10
2025-06-16 17:00:00.000,2025,6,16,17,13007KT,18,11
2025-06-16 18:00:00.000,2025,6,16,18,15011KT,18,11
2025-06-16 19:00:00.000,2025,6,16,19,12008KT,20,11
2025-06-16 20:00:00.000,2025,6,16,20,15008KT,20,10
2025-06-16 21:00:00.000,2025,6,16,21,12008KT,19,08
2025-06-16 22:00:00.000,2025,6,16,22,12008KT,19,08
2025-06-16 23:00:00.000,2025,6,16,23,14010KT,17,09
2025-06-17 00:00:00.000,2025,6,17,0,14009KT,15,09
2025-06-17 01:00:00.000,2025,6,17,1,12006KT,15,09
2025-06-17 02:00:00.000,2025,6,17,2,VRB02KT,13,11
2025-06-17 03:00:00.000,2025,6,17,3,02003KT,12,11
2025-06-17 04:00:00.000,2025,6,17,4,02003KT,11,11
2025-06-17 05:00:00.000,2025,6,17,5,VRB02KT,12,11
2025-06-17 06:00:00.000,2025,6,17,6,35003KT,12,12
2025-06-17 07:00:00.000,2025,6,17,7,02003KT,11,11
2025-06-17 08:00:00.000,2025,6,17,8,VRB02KT,11,11
2025-06-17 09:00:00.000,2025,6,17,9,30001KT,11,11
2025-06-17 10:00:00.000,2025,6,17,10,04003KT,10,10
2025-06-17 10:32:00.000,2025,6,17,10,03004KT,11,11
2025-06-17 11:00:00.000,2025,6,17,11,03004KT,11,11
2025-06-17 12:00:00.000,2025,6,17,12,05004KT,12,12
2025-06-17 13:00:00.000,2025,6,17,13,36003KT,13,13
2025-06-17 14:00:00.000,2025,6,17,14,31004KT,14,12
2025-06-17 15:00:00.000,2025,6,17,15,31005KT,15,12
2025-06-17 15:26:00.000,2025,6,17,15,11005KT,16,12
2025-06-17 16:00:00.000,2025,6,17,16,10004KT,14,12
2025-06-17 16:13:00.000,2025,6,17,16,12004KT,16,13
2025-06-17 17:00:00.000,2025,6,17,17,08006KT,15,12
2025-06-17 17:16:00.000,2025,6,17,17,12005KT,17,12
2025-06-17 18:00:00.000,2025,6,17,18,VRB03KT,17,11
2025-06-17 19:00:00.000,2025,6,17,19,09004KT,18,12
2025-06-17 20:00:00.000,2025,6,17,20,11006KT,18,10
2025-06-17 21:00:00.000,2025,6,17,21,12009KT,18,10
2025-06-17 22:00:00.000,2025,6,17,22,12006KT,17,10
2025-06-17 22:32:00.000,2025,6,17,22,11007KT,16,11
2025-06-17 23:00:00.000,2025,6,17,23,11004KT,15,12
2025-06-18 00:00:00.000,2025,6,18,0,19005KT,14,12
2025-06-18 01:00:00.000,2025,6,18,1,03004KT,13,13
2025-06-18 01:12:00.000,2025,6,18,1,VRB02KT,13,13
2025-06-18 02:00:00.000,2025,6,18,2,11007KT,14,11
2025-06-18 03:00:00.000,2025,6,18,3,10003KT,14,11
2025-06-18 04:00:00.000,2025,6,18,4,11004KT,14,10
2025-06-18 05:00:00.000,2025,6,18,5,10004KT,13,10
2025-06-18 06:00:00.000,2025,6,18,6,11004KT,13,10
2025-06-18 07:00:00.000,2025,6,18,7,08004KT,12,10
2025-06-18 08:00:00.000,2025,6,18,8,11005KT,12,09
2025-06-18 08:20:00.000,2025,6,18,8,10003KT,12,09
2025-06-18 09:00:00.000,2025,6,18,9,10003KT,12,09
2025-06-18 10:00:00.000,2025,6,18,10,11004KT,12,09
2025-06-18 10:25:00.000,2025,6,18,10,11006KT,12,09
2025-06-18 11:00:00.000,2025,6,18,11,11004KT,13,08
2025-06-18 12:00:00.000,2025,6,18,12,13005KT,13,08
2025-06-18 13:00:00.000,2025,6,18,13,13008KT,15,09
2025-06-18 14:00:00.000,2025,6,18,14,14010KT,15,09
2025-06-18 15:00:00.000,2025,6,18,15,17009KT,16,10
2025-06-18 16:00:00.000,2025,6,18,16,14014KT,18,09
2025-06-18 17:00:00.000,2025,6,18,17,17015KT,16,09
2025-06-18 18:00:00.000,2025,6,18,18,16019KT,17,09
2025-06-18 19:00:00.000,2025,6,18,19,14014KT,18,09
2025-06-18 20:00:00.000,2025,6,18,20,16013KT,17,09
2025-06-18 21:00:00.000,2025,6,18,21,VRB05KT,16,09
2025-06-18 22:00:00.000,2025,6,18,22,11006KT,16,10
2025-06-18 23:00:00.000,2025,6,18,23,10004KT,15,09
2025-06-19 00:00:00.000,2025,6,19,0,10004KT,15,09
2025-06-19 01:00:00.000,2025,6,19,1,10004KT,15,09
2025-06-19 02:00:00.000,2025,6,19,2,04004KT,12,10
2025-06-19 03:00:00.000,2025,6,19,3,05005KT,11,09
2025-06-19 04:00:00.000,2025,6,19,4,06004KT,11,09
2025-06-19 05:00:00.000,2025,6,19,5,06005KT,10,09
2025-06-19 06:00:00.000,2025,6,19,6,VRB02KT,12,09
2025-06-19 07:00:00.000,2025,6,19,7,VRB02KT,08,08
2025-06-19 08:00:00.000,2025,6,19,8,VRB01KT,07,07
2025-06-19 09:00:00.000,2025,6,19,9,02002KT,07,07
2025-06-19 10:00:00.000,2025,6,19,10,VRB01KT,09,09
2025-06-19 10:30:00.000,2025,6,19,10,VRB02KT,09,08
2025-06-19 11:00:00.000,2025,6,19,11,34004KT,08,08
2025-06-19 11:33:00.000,2025,6,19,11,07007KT,10,10
2025-06-19 12:00:00.000,2025,6,19,12,07004KT,10,10
2025-06-19 12:08:00.000,2025,6,19,12,07003KT,12,10
2025-06-19 13:00:00.000,2025,6,19,13,05005KT,13,10
2025-06-19 13:23:00.000,2025,6,19,13,01006KT,15,11
2025-06-19 14:00:00.000,2025,6,19,14,15007KT,17,09
2025-06-19 15:00:00.000,2025,6,19,15,12008KT,18,08
2025-06-19 16:00:00.000,2025,6,19,16,11010KT,18,08
2025-06-19 17:00:00.000,2025,6,19,17,11010KT,17,08
2025-06-19 18:00:00.000,2025,6,19,18,11008KT,18,09
2025-06-19 19:00:00.000,2025,6,19,19,12005KT,18,10
2025-06-19 20:00:00.000,2025,6,19,20,16009KT,17,09
2025-06-19 21:00:00.000,2025,6,19,21,10004KT,18,09
2025-06-19 22:00:00.000,2025,6,19,22,12007KT,17,09
2025-06-19 23:00:00.000,2025,6,19,23,20005KT,16,10
2025-06-20 00:00:00.000,2025,6,20,0,05005KT,15,12
2025-06-20 00:03:00.000,2025,6,20,0,07006KT,15,11
2025-06-20 01:00:00.000,2025,6,20,1,06004KT,13,13
2025-06-20 02:00:00.000,2025,6,20,2,04004KT,12,12
2025-06-20 03:00:00.000,2025,6,20,3,VRB02KT,12,12
2025-06-20 04:00:00.000,2025,6,20,4,05006KT,12,12
2025-06-20 05:00:00.000,2025,6,20,5,VRB02KT,11,11
2025-06-20 06:00:00.000,2025,6,20,6,09004KT,13,11
2025-06-20 07:00:00.000,2025,6,20,7,10006KT,13,10
2025-06-20 08:00:00.000,2025,6,20,8,10005KT,12,10
2025-06-20 09:00:00.000,2025,6,20,9,08008G18KT,12,10
2025-06-20 10:00:00.000,2025,6,20,10,06006KT,11,10
2025-06-20 10:30:00.000,2025,6,20,10,07004KT,11,11
2025-06-20 11:00:00.000,2025,6,20,11,07005KT,11,11
2025-06-20 12:00:00.000,2025,6,20,12,07005KT,12,12
2025-06-20 13:00:00.000,2025,6,20,13,06007KT,13,12
2025-06-20 14:00:00.000,2025,6,20,14,06009KT,14,13
2025-06-20 15:00:00.000,2025,6,20,15,07007KT,16,12
2025-06-20 16:00:00.000,2025,6,20,16,11009KT,16,10
2025-06-20 17:00:00.000,2025,6,20,17,13012KT,17,10
2025-06-20 18:00:00.000,2025,6,20,18,12011KT,18,09
2025-06-20 18:09:00.000,2025,6,20,18,10009KT,19,09
2025-06-20 19:00:00.000,2025,6,20,19,09008KT,20,09
2025-06-20 20:00:00.000,2025,6,20,20,14012KT,18,09
2025-06-20 21:00:00.000,2025,6,20,21,13009KT,18,09
2025-06-20 22:00:00.000,2025,6,20,22,07008KT,19,09
2025-06-20 23:00:00.000,2025,6,20,23,12010KT,17,08
2025-06-21 00:00:00.000,2025,6,21,0,14008KT,16,09
2025-06-21 01:00:00.000,2025,6,21,1,10006KT,16,10
2025-06-21 02:00:00.000,2025,6,21,2,10007KT,15,10
2025-06-21 03:00:00.000,2025,6,21,3,09006KT,14,10
2025-06-21 04:00:00.000,2025,6,21,4,05005KT,12,11
2025-06-21 05:00:00.000,2025,6,21,5,06004KT,12,11
2025-06-21 06:00:00.000,2025,6,21,6,36004KT,11,11
2025-06-21 07:00:00.000,2025,6,21,7,36004KT,11,11
2025-06-21 08:00:00.000,2025,6,21,8,04003KT,10,10
2025-06-21 09:00:00.000,2025,6,21,9,04004KT,12,11
2025-06-21 10:00:00.000,2025,6,21,10,05003KT,11,11
2025-06-21 10:31:00.000,2025,6,21,10,05003KT,11,11
2025-06-21 11:00:00.000,2025,6,21,11,04005KT,11,11
2025-06-21 12:00:00.000,2025,6,21,12,05004KT,12,11
2025-06-21 13:00:00.000,2025,6,21,13,03003KT,14,12
2025-06-21 14:00:00.000,2025,6,21,14,VRB02KT,16,11
2025-06-21 15:00:00.000,2025,6,21,15,VRB03KT,16,11
2025-06-21 16:00:00.000,2025,6,21,16,16008KT,17,10
2025-06-21 17:00:00.000,2025,6,21,17,11005KT,17,10
2025-06-21 17:17:00.000,2025,6,21,17,09003KT,17,10
2025-06-21 17:32:00.000,2025,6,21,17,22003KT,16,11
2025-06-21 18:00:00.000,2025,6,21,18,VRB02KT,17,11
2025-06-21 19:00:00.000,2025,6,21,19,06005KT,18,11
2025-06-21 20:00:00.000,2025,6,21,20,VRB02KT,19,10
2025-06-21 20:04:00.000,2025,6,21,20,VRB02G13KT,19,10
2025-06-21 21:00:00.000,2025,6,21,21,29009KT,16,11
2025-06-21 22:00:00.000,2025,6,21,22,28009KT,16,12
2025-06-21 23:00:00.000,2025,6,21,23,23005KT,16,11
2025-06-21 23:32:00.000,2025,6,21,23,VRB02KT,14,11
2025-06-22 00:00:00.000,2025,6,22,0,VRB02KT,14,12
2025-06-22 01:00:00.000,2025,6,22,1,32003KT,14,13
2025-06-22 02:00:00.000,2025,6,22,2,35004KT,13,13
2025-06-22 03:00:00.000,2025,6,22,3,32003KT,14,13
2025-06-22 04:00:00.000,2025,6,22,4,05004KT,13,13
2025-06-22 05:00:00.000,2025,6,22,5,VRB02KT,13,13
2025-06-22 05:27:00.000,2025,6,22,5,02003KT,12,12
2025-06-22 06:00:00.000,2025,6,22,6,05005KT,12,12
2025-06-22 07:00:00.000,2025,6,22,7,36003KT,12,12
2025-06-22 08:00:00.000,2025,6,22,8,VRB02KT,12,12
2025-06-22 09:00:00.000,2025,6,22,9,VRB02KT,12,12
2025-06-22 10:00:00.000,2025,6,22,10,VRB01KT,12,12
2025-06-22 10:30:00.000,2025,6,22,10,VRB02KT,12,12
2025-06-22 11:00:00.000,2025,6,22,11,35002KT,12,12
2025-06-22 12:00:00.000,2025,6,22,12,VRB02KT,13,13
2025-06-22 13:00:00.000,2025,6,22,13,VRB02KT,14,13
2025-06-22 14:00:00.000,2025,6,22,14,33004KT,15,12
2025-06-22 14:24:00.000,2025,6,22,14,30005KT,15,13
2025-06-22 15:00:00.000,2025,6,22,15,30007KT,16,13
2025-06-22 15:37:00.000,2025,6,22,15,VRB03KT,16,12
2025-06-22 16:00:00.000,2025,6,22,16,22007KT,15,13
2025-06-22 16:38:00.000,2025,6,22,16,VRB03KT,15,14
2025-06-22 17:00:00.000,2025,6,22,17,VRB02KT,15,14
2025-06-22 17:14:00.000,2025,6,22,17,VRB03KT,17,14
2025-06-22 18:00:00.000,2025,6,22,18,21004KT,18,13
2025-06-22 18:12:00.000,2025,6,22,18,06006KT,17,13
2025-06-22 18:19:00.000,2025,6,22,18,05009KT,15,14
2025-06-22 18:38:00.000,2025,6,22,18,VRB04KT,13,13
2025-06-22 19:00:00.000,2025,6,22,19,33008KT,13,13
2025-06-22 19:28:00.000,2025,6,22,19,31009KT,15,15
2025-06-22 20:00:00.000,2025,6,22,20,29011KT,15,15
2025-06-22 20:17:00.000,2025,6,22,20,29007KT,15,15
2025-06-22 21:00:00.000,2025,6,22,21,28006KT,14,14
2025-06-22 21:21:00.000,2025,6,22,21,26005KT,14,14
2025-06-22 22:00:00.000,2025,6,22,22,26006KT,14,14
2025-06-22 23:00:00.000,2025,6,22,23,22005KT,14,14
2025-06-23 00:00:00.000,2025,6,23,0,29005KT,13,13
2025-06-23 01:00:00.000,2025,6,23,1,03003KT,13,13
2025-06-23 01:24:00.000,2025,6,23,1,04002KT,13,13
2025-06-23 02:00:00.000,2025,6,23,2,VRB01KT,12,12
2025-06-23 03:00:00.000,2025,6,23,3,VRB02KT,12,12
2025-06-23 03:10:00.000,2025,6,23,3,02001KT,12,12
2025-06-23 04:00:00.000,2025,6,23,4,VRB02KT,13,13
2025-06-23 05:00:00.000,2025,6,23,5,36003KT,13,13
2025-06-23 06:00:00.000,2025,6,23,6,VRB01KT,13,13
2025-06-23 07:00:00.000,2025,6,23,7,33003KT,12,12
2025-06-23 07:11:00.000,2025,6,23,7,VRB01KT,12,12
2025-06-23 08:00:00.000,2025,6,23,8,VRB01KT,12,12
2025-06-23 08:42:00.000,2025,6,23,8,36002KT,12,12
2025-06-23 09:00:00.000,2025,6,23,9,36002KT,12,12
2025-06-23 10:00:00.000,2025,6,23,10,VRB01KT,12,12
2025-06-23 10:30:00.000,2025,6,23,10,01002KT,12,12
2025-06-23 11:00:00.000,2025,6,23,11,02003KT,12,12
2025-06-23 12:00:00.000,2025,6,23,12,VRB02KT,12,12
2025-06-23 12:44:00.000,2025,6,23,12,VRB02KT,14,14
2025-06-23 13:00:00.000,2025,6,23,13,VRB02KT,14,14
2025-06-23 14:00:00.000,2025,6,23,14,02003KT,15,14
2025-06-23 15:00:00.000,2025,6,23,15,VRB03KT,17,13
2025-06-23 16:00:00.000,2025,6,23,16,10005KT,18,12
2025-06-23 16:19:00.000,2025,6,23,16,10007KT,20,12
2025-06-23 17:00:00.000,2025,6,23,17,VRB06KT,20,10
2025-06-23 18:00:00.000,2025,6,23,18,08007KT,20,10
2025-06-23 19:00:00.000,2025,6,23,19,31011KT,17,14
2025-06-23 20:00:00.000,2025,6,23,20,30009KT,18,15
2025-06-23 21:00:00.000,2025,6,23,21,29010KT,18,14
2025-06-23 21:27:00.000,2025,6,23,21,29009KT,17,14
2025-06-23 22:00:00.000,2025,6,23,22,29009KT,16,16
2025-06-23 22:41:00.000,2025,6,23,22,30007KT,15,15
2025-06-23 23:00:00.000,2025,6,23,23,31007KT,15,15
2025-06-23 23:13:00.000,2025,6,23,23,28005KT,15,15
2025-06-24 00:00:00.000,2025,6,24,0,26005KT,14,14
2025-06-24 01:00:00.000,2025,6,24,1,23005KT,14,14
2025-06-24 02:00:00.000,2025,6,24,2,21003KT,14,14
2025-06-24 03:00:00.000,2025,6,24,3,27006KT,14,14
2025-06-24 04:00:00.000,2025,6,24,4,02003KT,13,13
2025-06-24 04:23:00.000,2025,6,24,4,VRB02KT,13,13
2025-06-24 05:00:00.000,2025,6,24,5,26004KT,13,13
2025-06-24 06:00:00.000,2025,6,24,6,33003KT,12,12
2025-06-24 07:00:00.000,2025,6,24,7,00000KT,12,12
2025-06-24 08:00:00.000,2025,6,24,8,22003KT,12,12
2025-06-24 09:00:00.000,2025,6,24,9,31003KT,12,12
2025-06-24 10:00:00.000,2025,6,24,10,04003KT,12,12
2025-06-24 10:30:00.000,2025,6,24,10,03003KT,12,12
2025-06-24 11:00:00.000,2025,6,24,11,VRB02KT,12,12
2025-06-24 12:00:00.000,2025,6,24,12,VRB02KT,12,12
2025-06-24 13:00:00.000,2025,6,24,13,06005KT,14,14
2025-06-24 14:00:00.000,2025,6,24,14,04005KT,14,14
2025-06-24 15:00:00.000,2025,6,24,15,06005KT,17,13
2025-06-24 16:00:00.000,2025,6,24,16,04009KT,16,13
2025-06-24 17:00:00.000,2025,6,24,17,06005KT,16,13
2025-06-24 17:06:00.000,2025,6,24,17,14010KT,17,12
2025-06-24 18:00:00.000,2025,6,24,18,12005KT,15,13
2025-06-24 18:31:00.000,2025,6,24,18,05005KT,16,13
2025-06-24 19:00:00.000,2025,6,24,19,09006KT,15,14
2025-06-24 19:12:00.000,2025,6,24,19,14005KT,13,13
2025-06-24 20:00:00.000,2025,6,24,20,08004KT,15,14
2025-06-24 21:00:00.000,2025,6,24,21,06008KT,14,12
2025-06-24 22:00:00.000,2025,6,24,22,06006KT,13,12
2025-06-24 23:00:00.000,2025,6,24,23,07006KT,13,12
2025-06-25 00:00:00.000,2025,6,25,0,03004KT,12,12
2025-06-25 01:00:00.000,2025,6,25,1,05004KT,12,11
2025-06-25 02:00:00.000,2025,6,25,2,07005KT,12,10
2025-06-25 03:00:00.000,2025,6,25,3,05005KT,13,10
2025-06-25 04:00:00.000,2025,6,25,4,07006KT,12,11
2025-06-25 05:00:00.000,2025,6,25,5,05007KT,12,11
2025-06-25 06:00:00.000,2025,6,25,6,05003KT,11,11
2025-06-25 07:00:00.000,2025,6,25,7,VRB02KT,11,11
2025-06-25 08:00:00.000,2025,6,25,8,VRB01KT,11,11
2025-06-25 09:00:00.000,2025,6,25,9,10004KT,12,11
2025-06-25 10:00:00.000,2025,6,25,10,09003KT,11,10
2025-06-25 10:26:00.000,2025,6,25,10,36003KT,10,10
2025-06-25 11:00:00.000,2025,6,25,11,07004KT,10,10
2025-06-25 12:00:00.000,2025,6,25,12,07004KT,11,11
2025-06-25 12:28:00.000,2025,6,25,12,02004KT,13,10
2025-06-25 13:00:00.000,2025,6,25,13,03004KT,12,10
2025-06-25 13:31:00.000,2025,6,25,13,13008KT,15,08
2025-06-25 14:00:00.000,2025,6,25,14,13007KT,15,08
2025-06-25 14:41:00.000,2025,6,25,14,14011KT,17,08
2025-06-25 15:00:00.000,2025,6,25,15,12010KT,17,07
2025-06-25 16:00:00.000,2025,6,25,16,13009KT,16,08
2025-06-25 17:00:00.000,2025,6,25,17,11007KT,16,08
2025-06-25 18:00:00.000,2025,6,25,18,14010KT,17,09
2025-06-25 19:00:00.000,2025,6,25,19,14008KT,17,08
2025-06-25 20:00:00.000,2025,6,25,20,15008KT,17,08
2025-06-25 21:00:00.000,2025,6,25,21,18007KT,17,07
2025-06-25 22:00:00.000,2025,6,25,22,11004KT,16,08
2025-06-25 23:00:00.000,2025,6,25,23,08005KT,17,09
2025-06-26 00:00:00.000,2025,6,26,0,09004KT,15,09
2025-06-26 01:00:00.000,2025,6,26,1,11003KT,14,09
2025-06-26 02:00:00.000,2025,6,26,2,35003KT,11,10
2025-06-26 03:00:00.000,2025,6,26,3,VRB02KT,09,09
2025-06-26 03:26:00.000,2025,6,26,3,02003KT,11,10
2025-06-26 04:00:00.000,2025,6,26,4,02002KT,10,10
2025-06-26 04:01:00.000,2025,6,26,4,02002KT,10,10
2025-06-26 05:00:00.000,2025,6,26,5,36002KT,09,09
2025-06-26 06:00:00.000,2025,6,26,6,34003KT,08,08
2025-06-26 07:00:00.000,2025,6,26,7,06004KT,08,08
2025-06-26 08:00:00.000,2025,6,26,8,06004KT,08,08
2025-06-26 09:00:00.000,2025,6,26,9,VRB03KT,09,09
2025-06-26 10:00:00.000,2025,6,26,10,VRB02KT,09,09
2025-06-26 10:32:00.000,2025,6,26,10,VRB02KT,08,08
2025-06-26 11:00:00.000,2025,6,26,11,36003KT,07,07
2025-06-26 12:00:00.000,2025,6,26,12,VRB02KT,09,09
2025-06-26 12:18:00.000,2025,6,26,12,09004KT,11,10
2025-06-26 12:39:00.000,2025,6,26,12,VRB03KT,13,10
2025-06-26 13:00:00.000,2025,6,26,13,08004KT,13,09
2025-06-26 13:27:00.000,2025,6,26,13,10005KT,15,09
2025-06-26 14:00:00.000,2025,6,26,14,07008KT,15,09
2025-06-26 15:00:00.000,2025,6,26,15,07006KT,17,10
2025-06-26 16:00:00.000,2025,6,26,16,07006KT,17,09
2025-06-26 17:00:00.000,2025,6,26,17,12010KT,18,08
2025-06-26 18:00:00.000,2025,6,26,18,12010KT,17,08
2025-06-26 18:04:00.000,2025,6,26,18,11008KT,19,09
2025-06-26 19:00:00.000,2025,6,26,19,07008KT,19,09
2025-06-26 20:00:00.000,2025,6,26,20,13010KT,20,08
2025-06-26 21:00:00.000,2025,6,26,21,14010KT,18,08
2025-06-26 22:00:00.000,2025,6,26,22,10005KT,18,07
2025-06-26 22:01:00.000,2025,6,26,22,10005KT,18,07
2025-06-26 23:00:00.000,2025,6,26,23,07003KT,14,12
2025-06-27 00:00:00.000,2025,6,27,0,06005KT,13,13
2025-06-27 01:00:00.000,2025,6,27,1,07003KT,13,12
2025-06-27 02:00:00.000,2025,6,27,2,10004KT,14,11
2025-06-27 03:00:00.000,2025,6,27,3,08004KT,14,11
2025-06-27 04:00:00.000,2025,6,27,4,10003KT,13,11
2025-06-27 05:00:00.000,2025,6,27,5,02002KT,12,12
2025-06-27 06:00:00.000,2025,6,27,6,04004KT,12,12
2025-06-27 07:00:00.000,2025,6,27,7,VRB02KT,12,12
2025-06-27 08:00:00.000,2025,6,27,8,32003KT,12,12
2025-06-27 09:00:00.000,2025,6,27,9,VRB02KT,12,12
2025-06-27 10:00:00.000,2025,6,27,10,05004KT,12,12
2025-06-27 10:32:00.000,2025,6,27,10,07005KT,12,12
2025-06-27 11:00:00.000,2025,6,27,11,06005KT,12,12
2025-06-27 12:00:00.000,2025,6,27,12,04003KT,13,12
2025-06-27 13:00:00.000,2025,6,27,13,07006KT,14,12
2025-06-27 14:00:00.000,2025,6,27,14,11006KT,16,12
2025-06-27 15:00:00.000,2025,6,27,15,10006KT,16,12
2025-06-27 15:28:00.000,2025,6,27,15,09007KT,16,12
2025-06-27 16:00:00.000,2025,6,27,16,15007KT,16,11
2025-06-27 16:07:00.000,2025,6,27,16,VRB03KT,16,12
2025-06-27 17:00:00.000,2025,6,27,17,08005KT,17,13
2025-06-27 17:27:00.000,2025,6,27,17,08005KT,17,11
2025-06-27 18:00:00.000,2025,6,27,18,16007KT,17,12
2025-06-27 19:00:00.000,2025,6,27,19,08006KT,17,12
2025-06-27 19:12:00.000,2025,6,27,19,13007KT,17,11
2025-06-27 19:26:00.000,2025,6,27,19,VRB04KT,16,11
2025-06-27 20:00:00.000,2025,6,27,20,13007KT,17,12
2025-06-27 21:00:00.000,2025,6,27,21,13006KT,18,10
2025-06-27 22:00:00.000,2025,6,27,22,11006KT,18,09
2025-06-27 23:00:00.000,2025,6,27,23,10004KT,17,09
2025-06-28 00:00:00.000,2025,6,28,0,28005KT,14,12
2025-06-28 01:00:00.000,2025,6,28,1,27004KT,13,13
2025-06-28 02:00:00.000,2025,6,28,2,VRB02KT,13,13
2025-06-28 02:06:00.000,2025,6,28,2,21004KT,12,12
2025-06-28 02:30:00.000,2025,6,28,2,21003KT,12,12
2025-06-28 03:00:00.000,2025,6,28,3,19009KT,11,11
2025-06-28 04:00:00.000,2025,6,28,4,VRB02KT,12,12
2025-06-28 05:00:00.000,2025,6,28,5,09004KT,11,11
2025-06-28 06:00:00.000,2025,6,28,6,02005KT,11,11
2025-06-28 07:00:00.000,2025,6,28,7,04003KT,11,11
2025-06-28 07:16:00.000,2025,6,28,7,VRB03KT,11,11
2025-06-28 08:00:00.000,2025,6,28,8,08003KT,11,11
2025-06-28 09:00:00.000,2025,6,28,9,VRB02KT,11,11
2025-06-28 10:00:00.000,2025,6,28,10,VRB01KT,10,10
2025-06-28 10:34:00.000,2025,6,28,10,02003KT,11,11
2025-06-28 11:00:00.000,2025,6,28,11,VRB02KT,10,10
2025-06-28 11:18:00.000,2025,6,28,11,36003KT,10,10
2025-06-28 12:00:00.000,2025,6,28,12,04005KT,11,11
2025-06-28 12:43:00.000,2025,6,28,12,06004KT,13,11
2025-06-28 13:00:00.000,2025,6,28,13,05003KT,13,11
2025-06-28 13:44:00.000,2025,6,28,13,VRB02KT,15,11
2025-06-28 14:00:00.000,2025,6,28,14,VRB02KT,15,11
2025-06-28 14:33:00.000,2025,6,28,14,VRB02KT,16,11
2025-06-28 15:00:00.000,2025,6,28,15,VRB04KT,17,11
2025-06-28 16:00:00.000,2025,6,28,16,15010KT,18,10
2025-06-28 17:00:00.000,2025,6,28,17,18012KT,18,09
2025-06-28 18:00:00.000,2025,6,28,18,15014KT,18,08
2025-06-28 19:00:00.000,2025,6,28,19,16010KT,18,08
2025-06-28 20:00:00.000,2025,6,28,20,15012KT,17,08
2025-06-28 20:13:00.000,2025,6,28,20,16009KT,19,08
2025-06-28 21:00:00.000,2025,6,28,21,17012KT,19,08
2025-06-28 22:00:00.000,2025,6,28,22,VRB05KT,17,09
2025-06-28 23:00:00.000,2025,6,28,23,07006KT,16,09
2025-06-29 00:00:00.000,2025,6,29,0,05006KT,14,10
2025-06-29 01:00:00.000,2025,6,29,1,04008KT,14,10
2025-06-29 02:00:00.000,2025,6,29,2,05008KT,12,11
2025-06-29 03:00:00.000,2025,6,29,3,VRB02KT,11,11
2025-06-29 04:00:00.000,2025,6,29,4,02003KT,10,10
2025-06-29 05:00:00.000,2025,6,29,5,04004KT,11,11
2025-06-29 06:00:00.000,2025,6,29,6,33004KT,11,11
2025-06-29 07:00:00.000,2025,6,29,7,VRB02KT,11,11
2025-06-29 08:00:00.000,2025,6,29,8,VRB02KT,10,10
2025-06-29 09:00:00.000,2025,6,29,9,02003KT,09,09
2025-06-29 10:00:00.000,2025,6,29,10,30003KT,10,10
2025-06-29 10:30:00.000,2025,6,29,10,03004KT,08,08
2025-06-29 11:00:00.000,2025,6,29,11,VRB02KT,08,08
2025-06-29 12:00:00.000,2025,6,29,12,VRB02KT,09,09
2025-06-29 12:03:00.000,2025,6,29,12,VRB02KT,11,11
2025-06-29 13:00:00.000,2025,6,29,13,13004KT,13,10
2025-06-29 13:16:00.000,2025,6,29,13,VRB03KT,15,09
2025-06-29 14:00:00.000,2025,6,29,14,06005KT,16,10
2025-06-29 15:00:00.000,2025,6,29,15,10008KT,18,10
2025-06-29 16:00:00.000,2025,6,29,16,10009G19KT,18,09
2025-06-29 17:00:00.000,2025,6,29,17,10009KT,18,08
2025-06-29 18:00:00.000,2025,6,29,18,05010KT,17,10
2025-06-29 19:00:00.000,2025,6,29,19,13008KT,18,10
2025-06-29 20:00:00.000,2025,6,29,20,05007KT,17,11
2025-06-29 20:10:00.000,2025,6,29,20,08005KT,19,10
2025-06-29 21:00:00.000,2025,6,29,21,10004KT,18,09
2025-06-29 22:00:00.000,2025,6,29,22,27007KT,16,12
2025-06-29 23:00:00.000,2025,6,29,23,30004KT,16,12
2025-06-30 00:00:00.000,2025,6,30,0,32003KT,13,13
2025-06-30 01:00:00.000,2025,6,30,1,34002KT,13,12
2025-06-30 01:23:00.000,2025,6,30,1,02003KT,13,13
2025-06-30 02:00:00.000,2025,6,30,2,36003KT,12,12
2025-06-30 03:00:00.000,2025,6,30,3,02003KT,12,12
2025-06-30 03:16:00.000,2025,6,30,3,35003KT,12,12
2025-06-30 04:00:00.000,2025,6,30,4,35004KT,12,12
2025-06-30 05:00:00.000,2025,6,30,5,34003KT,13,13
2025-06-30 06:00:00.000,2025,6,30,6,VRB02KT,13,13
2025-06-30 07:00:00.000,2025,6,30,7,10003KT,13,13
2025-06-30 08:00:00.000,2025,6,30,8,11003KT,13,12
2025-06-30 09:00:00.000,2025,6,30,9,04003KT,12,12
2025-06-30 10:00:00.000,2025,6,30,10,06005KT,12,12
2025-06-30 10:31:00.000,2025,6,30,10,07004KT,11,11
2025-06-30 11:00:00.000,2025,6,30,11,VRB02KT,11,11
2025-06-30 12:00:00.000,2025,6,30,12,VRB02KT,12,12
2025-06-30 13:00:00.000,2025,6,30,13,05005KT,14,13
2025-06-30 14:00:00.000,2025,6,30,14,04006KT,16,14
2025-06-30 14:31:00.000,2025,6,30,14,14010G20KT,19,12
2025-06-30 15:00:00.000,2025,6,30,15,13009KT,18,11
2025-06-30 15:37:00.000,2025,6,30,15,16010KT,17,12
2025-06-30 16:00:00.000,2025,6,30,16,15012KT,17,14
2025-06-30 16:08:00.000,2025,6,30,16,15011KT,17,12
2025-06-30 16:38:00.000,2025,6,30,16,15010KT,16,13
2025-06-30 17:00:00.000,2025,6,30,17,14010KT,16,12
2025-06-30 18:00:00.000,2025,6,30,18,12008KT,17,12
2025-06-30 19:00:00.000,2025,6,30,19,18008KT,18,12
2025-06-30 20:00:00.000,2025,6,30,20,18011KT,17,13
2025-06-30 20:41:00.000,2025,6,30,20,18010KT,18,12
2025-06-30 21:00:00.000,2025,6,30,21,17009KT,17,12
2025-06-30 22:00:00.000,2025,6,30,22,13008KT,18,11
2025-06-30 23:00:00.000,2025,6,30,23,10006KT,17,11
2025-07-01 00:00:00.000,2025,7,1,0,14009KT,16,11
2025-07-01 01:00:00.000,2025,7,1,1,13006KT,15,11
2025-07-01 02:00:00.000,2025,7,1,2,03003KT,13,11
2025-07-01 03:00:00.000,2025,7,1,3,02004KT,13,11
2025-07-01 04:00:00.000,2025,7,1,4,07001KT,12,11
2025-07-01 05:00:00.000,2025,7,1,5,VRB01KT,12,11
2025-07-01 06:00:00.000,2025,7,1,6,VRB01KT,11,11
2025-07-01 07:00:00.000,2025,7,1,7,VRB01KT,11,11
2025-07-01 08:00:00.000,2025,7,1,8,07002KT,12,12
2025-07-01 08:14:00.000,2025,7,1,8,02004KT,12,12
2025-07-01 09:00:00.000,2025,7,1,9,04004KT,11,11
2025-07-01 09:20:00.000,2025,7,1,9,VRB02KT,11,11
2025-07-01 10:00:00.000,2025,7,1,10,VRB02KT,11,11
2025-07-01 10:35:00.000,2025,7,1,10,VRB01KT,11,11
2025-07-01 10:41:00.000,2025,7,1,10,VRB01KT,11,11
2025-07-01 11:00:00.000,2025,7,1,11,VRB01KT,11,11
2025-07-01 11:25:00.000,2025,7,1,11,04003KT,12,12
2025-07-01 12:00:00.000,2025,7,1,12,03004KT,12,12
2025-07-01 13:00:00.000,2025,7,1,13,04004KT,13,12
2025-07-01 14:00:00.000,2025,7,1,14,13010KT,15,10
2025-07-01 15:00:00.000,2025,7,1,15,13010KT,16,10
2025-07-01 15:15:00.000,2025,7,1,15,15010KT,15,10
2025-07-01 16:00:00.000,2025,7,1,16,16008KT,16,10
2025-07-01 17:00:00.000,2025,7,1,17,15010KT,17,10
2025-07-01 18:00:00.000,2025,7,1,18,14012KT,18,11
2025-07-01 19:00:00.000,2025,7,1,19,17013KT,17,11
2025-07-01 20:00:00.000,2025,7,1,20,17012KT,17,10
2025-07-01 21:00:00.000,2025,7,1,21,14009KT,17,10
2025-07-01 22:00:00.000,2025,7,1,22,14007KT,17,10
2025-07-01 23:00:00.000,2025,7,1,23,14008KT,16,10
2025-07-02 00:00:00.000,2025,7,2,0,14007KT,14,10
2025-07-02 01:00:00.000,2025,7,2,1,12005KT,14,10
2025-07-02 02:00:00.000,2025,7,2,2,VRB02KT,14,10
2025-07-02 03:00:00.000,2025,7,2,3,11004KT,14,10
2025-07-02 04:00:00.000,2025,7,2,4,08003KT,13,11
2025-07-02 05:00:00.000,2025,7,2,5,35005KT,12,12
2025-07-02 06:00:00.000,2025,7,2,6,VRB02KT,11,11
2025-07-02 07:00:00.000,2025,7,2,7,VRB02KT,11,11
2025-07-02 08:00:00.000,2025,7,2,8,02002KT,12,12
2025-07-02 08:28:00.000,2025,7,2,8,35002KT,11,11
2025-07-02 09:00:00.000,2025,7,2,9,02003KT,12,12
2025-07-02 10:00:00.000,2025,7,2,10,04003KT,11,11
2025-07-02 10:31:00.000,2025,7,2,10,VRB02KT,10,10
2025-07-02 11:00:00.000,2025,7,2,11,VRB01KT,10,10
2025-07-02 11:20:00.000,2025,7,2,11,VRB02KT,12,11
2025-07-02 12:00:00.000,2025,7,2,12,09003KT,13,11
2025-07-02 13:00:00.000,2025,7,2,13,06004KT,14,12
2025-07-02 13:31:00.000,2025,7,2,13,VRB02KT,15,10
2025-07-02 14:00:00.000,2025,7,2,14,16007KT,15,10
2025-07-02 14:02:00.000,2025,7,2,14,14008KT,16,10
2025-07-02 15:00:00.000,2025,7,2,15,14015KT,16,09
2025-07-02 16:00:00.000,2025,7,2,16,14010KT,17,09
2025-07-02 17:00:00.000,2025,7,2,17,13008KT,19,09
2025-07-02 18:00:00.000,2025,7,2,18,11009KT,17,08
2025-07-02 19:00:00.000,2025,7,2,19,14009KT,17,09
2025-07-02 20:00:00.000,2025,7,2,20,12007KT,18,09
2025-07-02 21:00:00.000,2025,7,2,21,12009KT,18,09
2025-07-02 22:00:00.000,2025,7,2,22,17010KT,17,08
2025-07-02 23:00:00.000,2025,7,2,23,17014KT,14,11
2025-07-02 23:24:00.000,2025,7,2,23,16006KT,13,11
2025-07-03 00:00:00.000,2025,7,3,0,15006KT,13,11
2025-07-03 01:00:00.000,2025,7,3,1,14006KT,13,10
2025-07-03 02:00:00.000,2025,7,3,2,19005KT,14,11
2025-07-03 03:00:00.000,2025,7,3,3,VRB02KT,12,11
2025-07-03 04:00:00.000,2025,7,3,4,03005KT,12,12
2025-07-03 05:00:00.000,2025,7,3,5,03005KT,11,11
2025-07-03 06:00:00.000,2025,7,3,6,05006KT,12,11
2025-07-03 07:00:00.000,2025,7,3,7,05005KT,11,10
2025-07-03 08:00:00.000,2025,7,3,8,07004KT,12,10
2025-07-03 09:00:00.000,2025,7,3,9,09004KT,12,10
2025-07-03 10:00:00.000,2025,7,3,10,09003KT,11,10
2025-07-03 10:31:00.000,2025,7,3,10,10003KT,12,09
2025-07-03 11:00:00.000,2025,7,3,11,VRB02KT,12,10
2025-07-03 12:00:00.000,2025,7,3,12,07004KT,12,10
2025-07-03 13:00:00.000,2025,7,3,13,13010KT,14,09
2025-07-03 14:00:00.000,2025,7,3,14,15009KT,15,10
2025-07-03 15:00:00.000,2025,7,3,15,14008KT,14,11
2025-07-03 16:00:00.000,2025,7,3,16,13006KT,14,12
2025-07-03 16:27:00.000,2025,7,3,16,16009KT,15,12
2025-07-03 17:00:00.000,2025,7,3,17,16012KT,16,11
2025-07-03 17:25:00.000,2025,7,3,17,18010KT,16,12
2025-07-03 18:00:00.000,2025,7,3,18,18015KT,16,11
2025-07-03 19:00:00.000,2025,7,3,19,15016KT,18,10
2025-07-03 20:00:00.000,2025,7,3,20,16016KT,17,10
2025-07-03 21:00:00.000,2025,7,3,21,18014KT,16,10
2025-07-03 22:00:00.000,2025,7,3,22,16015KT,16,09
2025-07-03 23:00:00.000,2025,7,3,23,15013KT,15,08
2025-07-04 00:00:00.000,2025,7,4,0,15013KT,14,09
2025-07-04 01:00:00.000,2025,7,4,1,14008KT,14,09
2025-07-04 02:00:00.000,2025,7,4,2,16009KT,14,09
2025-07-04 03:00:00.000,2025,7,4,3,18008KT,14,09
2025-07-04 04:00:00.000,2025,7,4,4,16007KT,13,09
2025-07-04 05:00:00.000,2025,7,4,5,16005KT,12,09
2025-07-04 06:00:00.000,2025,7,4,6,04004KT,10,10
2025-07-04 07:00:00.000,2025,7,4,7,VRB02KT,10,10
2025-07-04 08:00:00.000,2025,7,4,8,01003KT,10,10
2025-07-04 09:00:00.000,2025,7,4,9,04003KT,10,10
2025-07-04 10:00:00.000,2025,7,4,10,06003KT,09,09
2025-07-04 10:30:00.000,2025,7,4,10,VRB01KT,10,10
2025-07-04 11:00:00.000,2025,7,4,11,01003KT,10,10
2025-07-04 12:00:00.000,2025,7,4,12,VRB02KT,10,10
2025-07-04 12:13:00.000,2025,7,4,12,VRB02KT,12,12
2025-07-04 13:00:00.000,2025,7,4,13,36003KT,13,11
2025-07-04 13:04:00.000,2025,7,4,13,08003KT,15,11
2025-07-04 14:00:00.000,2025,7,4,14,14004KT,15,10
2025-07-04 15:00:00.000,2025,7,4,15,15010KT,16,09
2025-07-04 16:00:00.000,2025,7,4,16,15011KT,18,10
2025-07-04 17:00:00.000,2025,7,4,17,14010KT,17,10
2025-07-04 18:00:00.000,2025,7,4,18,15012KT,18,10
2025-07-04 19:00:00.000,2025,7,4,19,18015KT,17,09
2025-07-04 19:11:00.000,2025,7,4,19,17014KT,17,10
2025-07-04 20:00:00.000,2025,7,4,20,28008KT,16,12
2025-07-04 21:00:00.000,2025,7,4,21,VRB05KT,15,11
2025-07-04 22:00:00.000,2025,7,4,22,36004KT,13,13
2025-07-04 23:00:00.000,2025,7,4,23,27004KT,14,12
2025-07-05 00:00:00.000,2025,7,5,0,16008KT,14,10
2025-07-05 01:00:00.000,2025,7,5,1,14007KT,13,11
2025-07-05 02:00:00.000,2025,7,5,2,14006KT,13,10
2025-07-05 03:00:00.000,2025,7,5,3,32003KT,12,11
2025-07-05 04:00:00.000,2025,7,5,4,35004KT,10,10
2025-07-05 05:00:00.000,2025,7,5,5,33005KT,10,10
2025-07-05 06:00:00.000,2025,7,5,6,VRB02KT,10,10
2025-07-05 07:00:00.000,2025,7,5,7,03002KT,10,10
2025-07-05 08:00:00.000,2025,7,5,8,33002KT,10,10
2025-07-05 09:00:00.000,2025,7,5,9,VRB01KT,09,09
2025-07-05 10:00:00.000,2025,7,5,10,VRB02KT,08,08
2025-07-05 10:30:00.000,2025,7,5,10,VRB02KT,09,09
2025-07-05 11:00:00.000,2025,7,5,11,24003KT,11,09
2025-07-05 12:00:00.000,2025,7,5,12,VRB02KT,10,10
2025-07-05 12:12:00.000,2025,7,5,12,14005KT,12,10
2025-07-05 13:00:00.000,2025,7,5,13,13004KT,13,09
2025-07-05 14:00:00.000,2025,7,5,14,16008KT,14,09
2025-07-05 15:00:00.000,2025,7,5,15,15010KT,15,09
2025-07-05 16:00:00.000,2025,7,5,16,15013KT,17,09
2025-07-05 17:00:00.000,2025,7,5,17,15013KT,17,08
2025-07-05 18:00:00.000,2025,7,5,18,17015KT,18,07
2025-07-05 19:00:00.000,2025,7,5,19,16013KT,18,08
2025-07-05 20:00:00.000,2025,7,5,20,16013KT,18,08
2025-07-05 21:00:00.000,2025,7,5,21,15012KT,17,08
2025-07-05 22:00:00.000,2025,7,5,22,15009KT,16,07
2025-07-05 23:00:00.000,2025,7,5,23,18005KT,16,07
2025-07-06 00:00:00.000,2025,7,6,0,16005KT,15,08
2025-07-06 01:00:00.000,2025,7,6,1,18006KT,14,09
2025-07-06 02:00:00.000,2025,7,6,2,19006KT,14,09
2025-07-06 03:00:00.000,2025,7,6,3,13004KT,13,09
2025-07-06 04:00:00.000,2025,7,6,4,18005KT,13,10
2025-07-06 05:00:00.000,2025,7,6,5,VRB02KT,11,10
2025-07-06 06:00:00.000,2025,7,6,6,VRB02KT,11,10
2025-07-06 07:00:00.000,2025,7,6,7,03005KT,10,10
2025-07-06 08:00:00.000,2025,7,6,8,04005KT,10,10
2025-07-06 09:00:00.000,2025,7,6,9,04005KT,09,09
2025-07-06 10:00:00.000,2025,7,6,10,04004KT,10,10
2025-07-06 10:30:00.000,2025,7,6,10,03004KT,10,10
2025-07-06 11:00:00.000,2025,7,6,11,04005KT,10,10
2025-07-06 12:00:00.000,2025,7,6,12,03005KT,11,11
2025-07-06 13:00:00.000,2025,7,6,13,04005KT,12,11
2025-07-06 14:00:00.000,2025,7,6,14,04007KT,14,10
2025-07-06 15:00:00.000,2025,7,6,15,08005KT,16,09
2025-07-06 16:00:00.000,2025,7,6,16,14006KT,16,09
2025-07-06 16:01:00.000,2025,7,6,16,14006KT,16,09
2025-07-06 17:00:00.000,2025,7,6,17,15008KT,17,08
2025-07-06 18:00:00.000,2025,7,6,18,13007KT,17,08
2025-07-06 19:00:00.000,2025,7,6,19,15008KT,17,08
2025-07-06 20:00:00.000,2025,7,6,20,28007KT,15,11
2025-07-06 21:00:00.000,2025,7,6,21,29007KT,13,13
2025-07-06 22:00:00.000,2025,7,6,22,VRB04KT,13,12
2025-07-06 23:00:00.000,2025,7,6,23,10004KT,13,12
2025-07-07 00:00:00.000,2025,7,7,0,VRB02KT,12,12
2025-07-07 01:00:00.000,2025,7,7,1,14005KT,13,10
2025-07-07 02:00:00.000,2025,7,7,2,09003KT,13,10
2025-07-07 03:00:00.000,2025,7,7,3,04005KT,12,11
2025-07-07 04:00:00.000,2025,7,7,4,05004KT,12,11
2025-07-07 05:00:00.000,2025,7,7,5,04004KT,11,11
2025-07-07 06:00:00.000,2025,7,7,6,VRB02KT,11,10
2025-07-07 07:00:00.000,2025,7,7,7,VRB02KT,10,10
2025-07-07 08:00:00.000,2025,7,7,8,VRB01KT,11,10
2025-07-07 09:00:00.000,2025,7,7,9,03003KT,11,11
2025-07-07 10:00:00.000,2025,7,7,10,VRB02KT,10,10
2025-07-07 10:33:00.000,2025,7,7,10,05005KT,11,11
2025-07-07 11:00:00.000,2025,7,7,11,04006KT,10,10
2025-07-07 12:00:00.000,2025,7,7,12,07008KT,12,10
2025-07-07 13:00:00.000,2025,7,7,13,06007KT,13,10
2025-07-07 14:00:00.000,2025,7,7,14,07007KT,16,09
2025-07-07 15:00:00.000,2025,7,7,15,10010G20KT,17,08
2025-07-07 16:00:00.000,2025,7,7,16,14014KT,17,08
2025-07-07 17:00:00.000,2025,7,7,17,12010KT,18,08
2025-07-07 18:00:00.000,2025,7,7,18,14012KT,18,08
2025-07-07 19:00:00.000,2025,7,7,19,12010KT,18,08
2025-07-07 20:00:00.000,2025,7,7,20,14011KT,17,09
2025-07-07 21:00:00.000,2025,7,7,21,13009KT,17,09
2025-07-07 22:00:00.000,2025,7,7,22,15009KT,17,09
2025-07-07 23:00:00.000,2025,7,7,23,10006KT,16,09
2025-07-08 00:00:00.000,2025,7,8,0,11006KT,15,10
2025-07-08 01:00:00.000,2025,7,8,1,14011KT,14,09
2025-07-08 02:00:00.000,2025,7,8,2,VRB03KT,13,09
2025-07-08 03:00:00.000,2025,7,8,3,VRB02KT,12,10
2025-07-08 04:00:00.000,2025,7,8,4,33003KT,10,10
2025-07-08 05:00:00.000,2025,7,8,5,VRB01KT,10,10
2025-07-08 06:00:00.000,2025,7,8,6,06003KT,08,08
2025-07-08 07:00:00.000,2025,7,8,7,05003KT,08,08
2025-07-08 08:00:00.000,2025,7,8,8,05002KT,09,09
2025-07-08 09:00:00.000,2025,7,8,9,VRB01KT,10,08
2025-07-08 10:00:00.000,2025,7,8,10,07003KT,09,09
2025-07-08 10:31:00.000,2025,7,8,10,03004KT,09,09
2025-07-08 11:00:00.000,2025,7,8,11,VRB01KT,10,09
2025-07-08 11:35:00.000,2025,7,8,11,VRB03KT,12,10
2025-07-08 12:00:00.000,2025,7,8,12,VRB01KT,13,10
2025-07-08 13:00:00.000,2025,7,8,13,05004KT,14,11
2025-07-08 14:00:00.000,2025,7,8,14,02004KT,14,11
2025-07-08 14:32:00.000,2025,7,8,14,15009KT,17,09
2025-07-08 15:00:00.000,2025,7,8,15,14007KT,17,09
2025-07-08 16:00:00.000,2025,7,8,16,15010KT,18,09
2025-07-08 17:00:00.000,2025,7,8,17,15013KT,19,09
2025-07-08 18:00:00.000,2025,7,8,18,14007KT,18,09
2025-07-08 19:00:00.000,2025,7,8,19,17013KT,19,10
2025-07-08 20:00:00.000,2025,7,8,20,15011KT,17,09
2025-07-08 21:00:00.000,2025,7,8,21,08004KT,14,12
2025-07-08 22:00:00.000,2025,7,8,22,VRB03KT,14,13
2025-07-08 23:00:00.000,2025,7,8,23,12005KT,15,10
2025-07-09 00:00:00.000,2025,7,9,0,10005KT,14,11
2025-07-09 01:00:00.000,2025,7,9,1,12005KT,14,11
2025-07-09 02:00:00.000,2025,7,9,2,10004KT,14,11
2025-07-09 03:00:00.000,2025,7,9,3,09004KT,13,10
2025-07-09 04:00:00.000,2025,7,9,4,06004KT,12,11
2025-07-09 05:00:00.000,2025,7,9,5,04003KT,12,11
2025-07-09 06:00:00.000,2025,7,9,6,03007KT,11,11
2025-07-09 07:00:00.000,2025,7,9,7,05004KT,12,11
2025-07-09 08:00:00.000,2025,7,9,8,05004KT,11,11
2025-07-09 09:00:00.000,2025,7,9,9,07003KT,11,11
2025-07-09 10:00:00.000,2025,7,9,10,05005KT,09,09
2025-07-09 10:31:00.000,2025,7,9,10,02003KT,09,09
2025-07-09 11:00:00.000,2025,7,9,11,04007KT,09,09
2025-07-09 11:40:00.000,2025,7,9,11,04004KT,11,11
2025-07-09 12:00:00.000,2025,7,9,12,05007KT,12,11
2025-07-09 13:00:00.000,2025,7,9,13,06006KT,13,11
2025-07-09 14:00:00.000,2025,7,9,14,23005KT,15,11
2025-07-09 15:00:00.000,2025,7,9,15,34003KT,15,12
2025-07-09 16:00:00.000,2025,7,9,16,18011KT,15,11
2025-07-09 16:24:00.000,2025,7,9,16,15009KT,17,11
2025-07-09 17:00:00.000,2025,7,9,17,15010KT,18,10
2025-07-09 18:00:00.000,2025,7,9,18,15009KT,19,10
2025-07-09 19:00:00.000,2025,7,9,19,15009KT,17,11
2025-07-09 19:27:00.000,2025,7,9,19,14009KT,17,11
2025-07-09 20:00:00.000,2025,7,9,20,14007KT,16,11
2025-07-09 20:23:00.000,2025,7,9,20,13007KT,18,10
2025-07-09 21:00:00.000,2025,7,9,21,VRB06KT,18,10
2025-07-09 22:00:00.000,2025,7,9,22,11006KT,17,10
2025-07-09 23:00:00.000,2025,7,9,23,11006KT,16,10
2025-07-10 00:00:00.000,2025,7,10,0,10005KT,15,10
2025-07-10 01:00:00.000,2025,7,10,1,12005KT,15,11
2025-07-10 02:00:00.000,2025,7,10,2,10003KT,13,13
2025-07-10 03:00:00.000,2025,7,10,3,02003KT,12,12
2025-07-10 03:35:00.000,2025,7,10,3,VRB02KT,12,12
2025-07-10 04:00:00.000,2025,7,10,4,04004KT,11,11
2025-07-10 05:00:00.000,2025,7,10,5,05004KT,11,11
2025-07-10 06:00:00.000,2025,7,10,6,03003KT,11,11
2025-07-10 07:00:00.000,2025,7,10,7,04004KT,11,11
2025-07-10 08:00:00.000,2025,7,10,8,VRB02KT,11,11
2025-07-10 09:00:00.000,2025,7,10,9,VRB01KT,11,11
2025-07-10 10:00:00.000,2025,7,10,10,VRB02KT,11,11
2025-07-10 10:37:00.000,2025,7,10,10,10003KT,11,11
2025-07-10 11:00:00.000,2025,7,10,11,14004KT,11,11
2025-07-10 12:00:00.000,2025,7,10,12,04003KT,12,12
2025-07-10 13:00:00.000,2025,7,10,13,05003KT,13,12
2025-07-10 14:00:00.000,2025,7,10,14,VRB03KT,16,11
2025-07-10 15:00:00.000,2025,7,10,15,14011KT,17,10
2025-07-10 16:00:00.000,2025,7,10,16,14010KT,17,10
2025-07-10 17:00:00.000,2025,7,10,17,06007KT,17,11
2025-07-10 18:00:00.000,2025,7,10,18,19012KT,17,11
2025-07-10 19:00:00.000,2025,7,10,19,18008KT,17,11
2025-07-10 19:27:00.000,2025,7,10,19,16009KT,16,12
2025-07-10 20:00:00.000,2025,7,10,20,17009KT,17,11
2025-07-10 21:00:00.000,2025,7,10,21,16011KT,18,10
2025-07-10 22:00:00.000,2025,7,10,22,13007KT,18,09
2025-07-10 23:00:00.000,2025,7,10,23,13007KT,16,10
2025-07-11 00:00:00.000,2025,7,11,0,07005KT,15,10
2025-07-11 01:00:00.000,2025,7,11,1,04006KT,14,10
2025-07-11 02:00:00.000,2025,7,11,2,03004KT,13,11
2025-07-11 03:00:00.000,2025,7,11,3,04003KT,13,12
2025-07-11 04:00:00.000,2025,7,11,4,17004KT,12,12
2025-07-11 05:00:00.000,2025,7,11,5,16006KT,12,12
2025-07-11 06:00:00.000,2025,7,11,6,35004KT,12,12
2025-07-11 06:37:00.000,2025,7,11,6,VRB01KT,12,12
2025-07-11 07:00:00.000,2025,7,11,7,VRB02KT,12,12
2025-07-11 08:00:00.000,2025,7,11,8,03003KT,12,12
2025-07-11 09:00:00.000,2025,7,11,9,VRB03KT,11,11
2025-07-11 10:00:00.000,2025,7,11,10,04006KT,11,11
2025-07-11 10:38:00.000,2025,7,11,10,04004KT,11,11
2025-07-11 11:00:00.000,2025,7,11,11,05003KT,11,11
2025-07-11 12:00:00.000,2025,7,11,12,06004KT,12,12
2025-07-11 13:00:00.000,2025,7,11,13,VRB02KT,13,12
2025-07-11 14:00:00.000,2025,7,11,14,19009KT,13,10
2025-07-11 15:00:00.000,2025,7,11,15,16006KT,15,10
2025-07-11 16:00:00.000,2025,7,11,16,14006KT,16,11
2025-07-11 17:00:00.000,2025,7,11,17,12009KT,17,11
2025-07-11 18:00:00.000,2025,7,11,18,16010KT,17,12
2025-07-11 18:20:00.000,2025,7,11,18,14011KT,17,12
2025-07-11 19:00:00.000,2025,7,11,19,16011KT,17,11
2025-07-11 20:00:00.000,2025,7,11,20,17014KT,16,11
2025-07-11 21:00:00.000,2025,7,11,21,17014KT,17,10
2025-07-11 22:00:00.000,2025,7,11,22,17011KT,16,10
2025-07-11 23:00:00.000,2025,7,11,23,15008KT,15,10
2025-07-12 00:00:00.000,2025,7,12,0,14008KT,14,10
2025-07-12 01:00:00.000,2025,7,12,1,14007KT,14,09
2025-07-12 02:00:00.000,2025,7,12,2,13008KT,14,10
2025-07-12 03:00:00.000,2025,7,12,3,16008KT,14,10
2025-07-12 04:00:00.000,2025,7,12,4,14005KT,13,10
2025-07-12 05:00:00.000,2025,7,12,5,VRB02KT,13,10
2025-07-12 06:00:00.000,2025,7,12,6,10004KT,13,10
2025-07-12 07:00:00.000,2025,7,12,7,27003KT,12,10
2025-07-12 08:00:00.000,2025,7,12,8,02003KT,10,10
2025-07-12 09:00:00.000,2025,7,12,9,02004KT,11,11
2025-07-12 10:00:00.000,2025,7,12,10,01004KT,10,10
2025-07-12 11:00:00.000,2025,7,12,11,03005KT,11,11
2025-07-12 12:00:00.000,2025,7,12,12,07007KT,12,12
2025-07-12 13:00:00.000,2025,7,12,13,07006KT,14,11
2025-07-12 14:00:00.000,2025,7,12,14,13008KT,15,10
2025-07-12 15:00:00.000,2025,7,12,15,12006KT,16,10
2025-07-12 15:01:00.000,2025,7,12,15,12006KT,16,10
2025-07-12 16:00:00.000,2025,7,12,16,14007KT,16,10
2025-07-12 17:00:00.000,2025,7,12,17,12009KT,18,10
2025-07-12 18:00:00.000,2025,7,12,18,18012KT,17,10
2025-07-12 19:00:00.000,2025,7,12,19,17014KT,18,11
2025-07-12 20:00:00.000,2025,7,12,20,15015KT,17,10
2025-07-12 21:00:00.000,2025,7,12,21,17011KT,17,09
2025-07-12 22:00:00.000,2025,7,12,22,18015KT,16,09
2025-07-12 23:00:00.000,2025,7,12,23,18009KT,16,08
2025-07-13 00:00:00.000,2025,7,13,0,16005KT,14,09
2025-07-13 01:00:00.000,2025,7,13,1,07005KT,13,09
2025-07-13 02:00:00.000,2025,7,13,2,10004KT,13,10
2025-07-13 03:00:00.000,2025,7,13,3,09005KT,13,10
2025-07-13 04:00:00.000,2025,7,13,4,VRB04KT,13,10
2025-07-13 05:00:00.000,2025,7,13,5,09003KT,12,10
2025-07-13 06:00:00.000,2025,7,13,6,06003KT,10,10
2025-07-13 07:00:00.000,2025,7,13,7,33003KT,11,11
2025-07-13 08:00:00.000,2025,7,13,8,05004KT,11,11
2025-07-13 08:12:00.000,2025,7,13,8,04004KT,11,11
2025-07-13 09:00:00.000,2025,7,13,9,07004KT,11,11
2025-07-13 10:00:00.000,2025,7,13,10,05004KT,10,10
2025-07-13 11:00:00.000,2025,7,13,11,04005KT,11,11
2025-07-13 12:00:00.000,2025,7,13,12,36004KT,11,11
2025-07-13 13:00:00.000,2025,7,13,13,04007KT,13,12
2025-07-13 14:00:00.000,2025,7,13,14,VRB02KT,14,12
2025-07-13 15:00:00.000,2025,7,13,15,20006KT,16,11
2025-07-13 16:00:00.000,2025,7,13,16,18006KT,16,11
2025-07-13 17:00:00.000,2025,7,13,17,19005KT,17,10
2025-07-13 18:00:00.000,2025,7,13,18,15008KT,18,09
2025-07-13 19:00:00.000,2025,7,13,19,16005KT,18,09
2025-07-13 20:00:00.000,2025,7,13,20,09007KT,18,10
2025-07-13 21:00:00.000,2025,7,13,21,09007KT,19,09
2025-07-13 22:00:00.000,2025,7,13,22,15010KT,17,09
2025-07-13 23:00:00.000,2025,7,13,23,12006KT,17,09
2025-07-14 00:00:00.000,2025,7,14,0,14008KT,15,09
2025-07-14 01:00:00.000,2025,7,14,1,14007KT,14,08
2025-07-14 02:00:00.000,2025,7,14,2,03006KT,12,09
2025-07-14 03:00:00.000,2025,7,14,3,03006KT,11,09
2025-07-14 04:00:00.000,2025,7,14,4,04008KT,11,09
2025-07-14 05:00:00.000,2025,7,14,5,04004KT,12,10
2025-07-14 06:00:00.000,2025,7,14,6,VRB02KT,12,10
2025-07-14 07:00:00.000,2025,7,14,7,04002KT,11,10
2025-07-14 08:00:00.000,2025,7,14,8,03003KT,11,10
2025-07-14 09:00:00.000,2025,7,14,9,04003KT,11,10
2025-07-14 10:00:00.000,2025,7,14,10,02003KT,10,10
2025-07-14 10:31:00.000,2025,7,14,10,05003KT,10,10
2025-07-14 11:00:00.000,2025,7,14,11,VRB02KT,10,10
2025-07-14 12:00:00.000,2025,7,14,12,34002KT,10,10
2025-07-14 13:00:00.000,2025,7,14,13,06006KT,13,12
2025-07-14 14:00:00.000,2025,7,14,14,05007KT,14,11
2025-07-14 14:20:00.000,2025,7,14,14,08007KT,16,11
2025-07-14 15:00:00.000,2025,7,14,15,17006KT,16,10
2025-07-14 15:25:00.000,2025,7,14,15,18008KT,18,10
2025-07-14 16:00:00.000,2025,7,14,16,17009KT,17,10
2025-07-14 17:00:00.000,2025,7,14,17,16010KT,17,10
2025-07-14 17:14:00.000,2025,7,14,17,14010KT,18,10
2025-07-14 18:00:00.000,2025,7,14,18,16008KT,18,10
2025-07-14 19:00:00.000,2025,7,14,19,17014KT,15,12
2025-07-14 19:21:00.000,2025,7,14,19,16011KT,17,12
2025-07-14 20:00:00.000,2025,7,14,20,16009KT,18,11
2025-07-14 21:00:00.000,2025,7,14,21,16010KT,18,10
2025-07-14 22:00:00.000,2025,7,14,22,VRB06KT,17,10
2025-07-14 23:00:00.000,2025,7,14,23,17009KT,16,09
2025-07-15 00:00:00.000,2025,7,15,0,17009KT,15,10
2025-07-15 01:00:00.000,2025,7,15,1,20004KT,13,12
2025-07-15 02:00:00.000,2025,7,15,2,33003KT,11,11
2025-07-15 02:09:00.000,2025,7,15,2,VRB02KT,11,11
2025-07-15 03:00:00.000,2025,7,15,3,01003KT,10,10
2025-07-15 03:01:00.000,2025,7,15,3,01003KT,10,10
2025-07-15 04:00:00.000,2025,7,15,4,03005KT,10,10
2025-07-15 05:00:00.000,2025,7,15,5,04006KT,10,10
2025-07-15 06:00:00.000,2025,7,15,6,04005KT,10,10
2025-07-15 07:00:00.000,2025,7,15,7,VRB02KT,10,10
2025-07-15 08:00:00.000,2025,7,15,8,03005KT,11,11
2025-07-15 09:00:00.000,2025,7,15,9,05003KT,11,11
2025-07-15 10:00:00.000,2025,7,15,10,05004KT,10,10
2025-07-15 10:31:00.000,2025,7,15,10,03005KT,11,11
2025-07-15 11:00:00.000,2025,7,15,11,02003KT,11,11
2025-07-15 12:00:00.000,2025,7,15,12,34002KT,11,11
2025-07-15 13:00:00.000,2025,7,15,13,04004KT,13,12
2025-07-15 14:00:00.000,2025,7,15,14,VRB03KT,15,11
2025-07-15 15:00:00.000,2025,7,15,15,17010KT,16,10
2025-07-15 16:00:00.000,2025,7,15,16,16011KT,18,10
2025-07-15 17:00:00.000,2025,7,15,17,16008KT,17,09
2025-07-15 18:00:00.000,2025,7,15,18,16009KT,18,09
2025-07-15 19:00:00.000,2025,7,15,19,14009KT,19,09
2025-07-15 20:00:00.000,2025,7,15,20,15012KT,18,08
2025-07-15 21:00:00.000,2025,7,15,21,13009KT,17,08
2025-07-15 22:00:00.000,2025,7,15,22,14008KT,17,09
2025-07-15 23:00:00.000,2025,7,15,23,14007KT,16,09
2025-07-16 00:00:00.000,2025,7,16,0,15008KT,14,09
2025-07-16 01:00:00.000,2025,7,16,1,10004KT,14,09
2025-07-16 02:00:00.000,2025,7,16,2,09004KT,13,10
2025-07-16 03:00:00.000,2025,7,16,3,35003KT,10,10
2025-07-16 04:00:00.000,2025,7,16,4,06003KT,11,10
2025-07-16 05:00:00.000,2025,7,16,5,02003KT,10,10
2025-07-16 06:00:00.000,2025,7,16,6,03003KT,11,10
2025-07-16 07:00:00.000,2025,7,16,7,VRB02KT,10,10
2025-07-16 08:00:00.000,2025,7,16,8,04004KT,09,09
2025-07-16 09:00:00.000,2025,7,16,9,04005KT,09,09
2025-07-16 10:00:00.000,2025,7,16,10,05005KT,09,09
2025-07-16 10:31:00.000,2025,7,16,10,05004KT,10,10
2025-07-16 11:00:00.000,2025,7,16,11,04004KT,11,10
2025-07-16 12:00:00.000,2025,7,16,12,06005KT,11,11
2025-07-16 13:00:00.000,2025,7,16,13,VRB02KT,13,11
2025-07-16 14:00:00.000,2025,7,16,14,VRB02KT,14,10
2025-07-16 15:00:00.000,2025,7,16,15,02003KT,14,11
2025-07-16 16:00:00.000,2025,7,16,16,19007G18KT,16,11
2025-07-16 17:00:00.000,2025,7,16,17,16008KT,17,11
2025-07-16 18:00:00.000,2025,7,16,18,14007KT,18,11
2025-07-16 19:00:00.000,2025,7,16,19,15012KT,17,10
2025-07-16 20:00:00.000,2025,7,16,20,15007KT,18,11
2025-07-16 21:00:00.000,2025,7,16,21,04009KT,18,11
2025-07-16 22:00:00.000,2025,7,16,22,15009KT,16,10
2025-07-16 23:00:00.000,2025,7,16,23,15005KT,16,10
2025-07-17 00:00:00.000,2025,7,17,0,11006KT,15,10
2025-07-17 01:00:00.000,2025,7,17,1,08005KT,14,10
2025-07-17 02:00:00.000,2025,7,17,2,03004KT,12,10
2025-07-17 03:00:00.000,2025,7,17,3,04006KT,13,11
2025-07-17 04:00:00.000,2025,7,17,4,10003KT,14,11
2025-07-17 05:00:00.000,2025,7,17,5,08006KT,14,10
2025-07-17 06:00:00.000,2025,7,17,6,35002KT,12,11
2025-07-17 07:00:00.000,2025,7,17,7,07005KT,12,09
2025-07-17 08:00:00.000,2025,7,17,8,07003KT,10,08
2025-07-17 09:00:00.000,2025,7,17,9,10003KT,11,07
2025-07-17 10:00:00.000,2025,7,17,10,08004KT,11,08
2025-07-17 10:31:00.000,2025,7,17,10,VRB02KT,08,07
2025-07-17 11:00:00.000,2025,7,17,11,09003KT,09,07
2025-07-17 11:18:00.000,2025,7,17,11,09003KT,11,08
2025-07-17 12:00:00.000,2025,7,17,12,07004KT,11,08
2025-07-17 12:01:00.000,2025,7,17,12,07004KT,11,08
2025-07-17 12:23:00.000,2025,7,17,12,06005KT,13,09
2025-07-17 13:00:00.000,2025,7,17,13,07004KT,12,09
2025-07-17 13:11:00.000,2025,7,17,13,08006KT,14,09
2025-07-17 14:00:00.000,2025,7,17,14,12007KT,14,09
2025-07-17 15:00:00.000,2025,7,17,15,15009KT,16,10
2025-07-17 16:00:00.000,2025,7,17,16,14012KT,17,10
2025-07-17 16:36:00.000,2025,7,17,16,14016KT,19,11
2025-07-17 17:00:00.000,2025,7,17,17,13011KT,19,11
2025-07-17 18:00:00.000,2025,7,17,18,15010KT,17,10
2025-07-17 18:26:00.000,2025,7,17,18,15009KT,17,10
2025-07-17 19:00:00.000,2025,7,17,19,10007KT,16,12
2025-07-17 20:00:00.000,2025,7,17,20,12009KT,17,11
2025-07-17 20:40:00.000,2025,7,17,20,11007KT,17,10
2025-07-17 21:00:00.000,2025,7,17,21,12007KT,17,11
2025-07-17 22:00:00.000,2025,7,17,22,10006KT,15,11
2025-07-17 23:00:00.000,2025,7,17,23,11006KT,16,11
2025-07-18 00:00:00.000,2025,7,18,0,12005KT,15,11
2025-07-18 01:00:00.000,2025,7,18,1,10005KT,14,11
2025-07-18 02:00:00.000,2025,7,18,2,10006KT,14,11
2025-07-18 03:00:00.000,2025,7,18,3,10005KT,14,11
2025-07-18 04:00:00.000,2025,7,18,4,14008KT,13,11
2025-07-18 05:00:00.000,2025,7,18,5,13004KT,13,11
2025-07-18 06:00:00.000,2025,7,18,6,13004KT,13,11
2025-07-18 07:00:00.000,2025,7,18,7,VRB02KT,12,11
2025-07-18 08:00:00.000,2025,7,18,8,VRB03KT,10,10
2025-07-18 09:00:00.000,2025,7,18,9,VRB01KT,11,11
2025-07-18 10:00:00.000,2025,7,18,10,04007KT,11,11
2025-07-18 10:11:00.000,2025,7,18,10,08003KT,11,11
2025-07-18 10:31:00.000,2025,7,18,10,11007KT,12,11
2025-07-18 11:00:00.000,2025,7,18,11,09005KT,12,10
2025-07-18 12:00:00.000,2025,7,18,12,12004KT,13,08
2025-07-18 13:00:00.000,2025,7,18,13,11008KT,14,09
2025-07-18 13:01:00.000,2025,7,18,13,11008KT,14,09
2025-07-18 14:00:00.000,2025,7,18,14,13012G22KT,15,09
2025-07-18 14:17:00.000,2025,7,18,14,10009KT,15,09
2025-07-18 15:00:00.000,2025,7,18,15,13011KT,15,09
2025-07-18 16:00:00.000,2025,7,18,16,14016G27KT,16,09
2025-07-18 17:00:00.000,2025,7,18,17,13013KT,16,08
2025-07-18 18:00:00.000,2025,7,18,18,14016KT,17,09
2025-07-18 18:40:00.000,2025,7,18,18,12012KT,15,09
2025-07-18 19:00:00.000,2025,7,18,19,12010KT,15,10
2025-07-18 19:33:00.000,2025,7,18,19,12009G19KT,16,10
2025-07-18 20:00:00.000,2025,7,18,20,12010KT,16,09
2025-07-18 21:00:00.000,2025,7,18,21,12011KT,16,09
2025-07-18 22:00:00.000,2025,7,18,22,11009KT,16,09
2025-07-18 23:00:00.000,2025,7,18,23,13009KT,15,09
2025-07-19 00:00:00.000,2025,7,19,0,13009KT,15,09
2025-07-19 01:00:00.000,2025,7,19,1,13010KT,14,08
2025-07-19 02:00:00.000,2025,7,19,2,14008KT,14,08
2025-07-19 03:00:00.000,2025,7,19,3,14006KT,13,08
2025-07-19 04:00:00.000,2025,7,19,4,VRB01KT,13,09
2025-07-19 04:04:00.000,2025,7,19,4,21006KT,13,10
2025-07-19 05:00:00.000,2025,7,19,5,VRB02KT,12,11
2025-07-19 06:00:00.000,2025,7,19,6,01003KT,11,10
2025-07-19 07:00:00.000,2025,7,19,7,VRB02KT,11,11
2025-07-19 08:00:00.000,2025,7,19,8,VRB02KT,11,11
2025-07-19 08:32:00.000,2025,7,19,8,02003KT,11,11
2025-07-19 09:00:00.000,2025,7,19,9,03005KT,11,11
2025-07-19 10:00:00.000,2025,7,19,10,02004KT,11,11
2025-07-19 10:13:00.000,2025,7,19,10,01002KT,11,11
2025-07-19 10:30:00.000,2025,7,19,10,VRB02KT,11,11
2025-07-19 11:00:00.000,2025,7,19,11,VRB01KT,11,11
2025-07-19 11:01:00.000,2025,7,19,11,VRB01KT,11,11
2025-07-19 11:39:00.000,2025,7,19,11,05004KT,11,11
2025-07-19 12:00:00.000,2025,7,19,12,05004KT,11,11
2025-07-19 13:00:00.000,2025,7,19,13,VRB01KT,13,13
2025-07-19 13:09:00.000,2025,7,19,13,14003KT,13,12
2025-07-19 14:00:00.000,2025,7,19,14,VRB02KT,14,13
2025-07-19 15:00:00.000,2025,7,19,15,12003KT,15,13
2025-07-19 15:01:00.000,2025,7,19,15,12003KT,15,13
2025-07-19 16:00:00.000,2025,7,19,16,19010KT,16,12
2025-07-19 17:00:00.000,2025,7,19,17,14012KT,17,11
2025-07-19 18:00:00.000,2025,7,19,18,17010KT,17,11
2025-07-19 19:00:00.000,2025,7,19,19,16009KT,18,11
2025-07-19 20:00:00.000,2025,7,19,20,17013KT,18,11
2025-07-19 21:00:00.000,2025,7,19,21,16011KT,16,11
2025-07-19 22:00:00.000,2025,7,19,22,18005KT,16,10
2025-07-19 23:00:00.000,2025,7,19,23,15007KT,16,10
2025-07-20 00:00:00.000,2025,7,20,0,13005KT,14,11
2025-07-20 01:00:00.000,2025,7,20,1,12004KT,13,11
2025-07-20 02:00:00.000,2025,7,20,2,VRB02KT,13,10
2025-07-20 03:00:00.000,2025,7,20,3,VRB02KT,11,10
2025-07-20 04:00:00.000,2025,7,20,4,01003KT,10,10
2025-07-20 05:00:00.000,2025,7,20,5,05005KT,12,11
2025-07-20 06:00:00.000,2025,7,20,6,05005KT,12,12
2025-07-20 07:00:00.000,2025,7,20,7,06005KT,12,12
2025-07-20 08:00:00.000,2025,7,20,8,05005KT,11,11
2025-07-20 09:00:00.000,2025,7,20,9,07004KT,12,12
2025-07-20 10:00:00.000,2025,7,20,10,08006KT,11,11
2025-07-20 10:31:00.000,2025,7,20,10,05003KT,10,10
2025-07-20 11:00:00.000,2025,7,20,11,05004KT,09,09
2025-07-20 12:00:00.000,2025,7,20,12,04005KT,11,11
2025-07-20 13:00:00.000,2025,7,20,13,05006KT,13,11
2025-07-20 13:15:00.000,2025,7,20,13,06004KT,15,10
2025-07-20 14:00:00.000,2025,7,20,14,06004KT,15,10
2025-07-20 15:00:00.000,2025,7,20,15,02003KT,15,10
2025-07-20 15:36:00.000,2025,7,20,15,VRB02KT,17,10
2025-07-20 16:00:00.000,2025,7,20,16,14008KT,17,10
2025-07-20 17:00:00.000,2025,7,20,17,16012KT,16,10
2025-07-20 18:00:00.000,2025,7,20,18,16012KT,18,11
2025-07-20 19:00:00.000,2025,7,20,19,14011KT,17,10
2025-07-20 19:01:00.000,2025,7,20,19,14011KT,17,10
2025-07-20 20:00:00.000,2025,7,20,20,14012KT,18,10
2025-07-20 21:00:00.000,2025,7,20,21,12008KT,18,08
2025-07-20 22:00:00.000,2025,7,20,22,12009KT,18,08
2025-07-20 23:00:00.000,2025,7,20,23,10005KT,17,08
2025-07-21 00:00:00.000,2025,7,21,0,12005KT,16,08
2025-07-21 01:00:00.000,2025,7,21,1,09003KT,15,09
2025-07-21 02:00:00.000,2025,7,21,2,03004KT,13,09
2025-07-21 03:00:00.000,2025,7,21,3,04003KT,13,10
2025-07-21 04:00:00.000,2025,7,21,4,07004KT,13,11
2025-07-21 05:00:00.000,2025,7,21,5,36003KT,12,12
2025-07-21 06:00:00.000,2025,7,21,6,VRB02KT,12,11
2025-07-21 07:00:00.000,2025,7,21,7,34004KT,12,12
2025-07-21 07:14:00.000,2025,7,21,7,03004KT,12,12
2025-07-21 07:22:00.000,2025,7,21,7,04003KT,12,12
2025-07-21 07:42:00.000,2025,7,21,7,VRB01KT,12,12
2025-07-21 08:00:00.000,2025,7,21,8,VRB01KT,12,12
2025-07-21 08:10:00.000,2025,7,21,8,02002KT,12,12
2025-07-21 09:00:00.000,2025,7,21,9,03004KT,11,11
2025-07-21 10:00:00.000,2025,7,21,10,05004KT,12,12
2025-07-21 11:00:00.000,2025,7,21,11,06004KT,11,11
2025-07-21 12:00:00.000,2025,7,21,12,04005KT,12,12
2025-07-21 13:00:00.000,2025,7,21,13,06007KT,14,13
2025-07-21 14:00:00.000,2025,7,21,14,11006KT,17,11
2025-07-21 15:00:00.000,2025,7,21,15,10008KT,18,10
2025-07-21 16:00:00.000,2025,7,21,16,13012KT,18,10
2025-07-21 17:00:00.000,2025,7,21,17,13010KT,18,10
2025-07-21 18:00:00.000,2025,7,21,18,14011KT,20,11
2025-07-21 19:00:00.000,2025,7,21,19,15010KT,19,10
2025-07-21 19:17:00.000,2025,7,21,19,14010KT,17,10
2025-07-21 19:31:00.000,2025,7,21,19,16011KT,15,13
2025-07-21 20:00:00.000,2025,7,21,20,21004KT,16,13
2025-07-21 20:34:00.000,2025,7,21,20,14007KT,18,11
2025-07-21 21:00:00.000,2025,7,21,21,15005KT,18,11
2025-07-21 22:00:00.000,2025,7,21,22,VRB02KT,17,12
2025-07-21 23:00:00.000,2025,7,21,23,04008KT,15,13
2025-07-22 00:00:00.000,2025,7,22,0,29005KT,14,13
2025-07-22 01:00:00.000,2025,7,22,1,33004KT,13,13
2025-07-22 02:00:00.000,2025,7,22,2,03004KT,13,12
2025-07-22 03:00:00.000,2025,7,22,3,04004KT,12,11
2025-07-22 04:00:00.000,2025,7,22,4,03007KT,11,11
2025-07-22 05:00:00.000,2025,7,22,5,03005KT,12,12
2025-07-22 06:00:00.000,2025,7,22,6,28004KT,12,12
2025-07-22 07:00:00.000,2025,7,22,7,02003KT,11,11
2025-07-22 08:00:00.000,2025,7,22,8,06004KT,10,10
2025-07-22 09:00:00.000,2025,7,22,9,05005KT,10,10
2025-07-22 10:00:00.000,2025,7,22,10,05004KT,10,10
2025-07-22 10:31:00.000,2025,7,22,10,06004KT,10,10
2025-07-22 11:00:00.000,2025,7,22,11,VRB03KT,11,11
2025-07-22 12:00:00.000,2025,7,22,12,01003KT,10,10
2025-07-22 13:00:00.000,2025,7,22,13,02003KT,13,12
2025-07-22 14:00:00.000,2025,7,22,14,02004KT,14,12
2025-07-22 14:27:00.000,2025,7,22,14,04004KT,16,11
2025-07-22 15:00:00.000,2025,7,22,15,06004KT,16,12
2025-07-22 16:00:00.000,2025,7,22,16,15006KT,17,10
2025-07-22 17:00:00.000,2025,7,22,17,04007KT,17,12
2025-07-22 18:00:00.000,2025,7,22,18,VRB07KT,19,11
2025-07-22 18:09:00.000,2025,7,22,18,VRB06KT,18,10
2025-07-22 19:00:00.000,2025,7,22,19,29005KT,17,14
2025-07-22 19:23:00.000,2025,7,22,19,29008KT,16,14
2025-07-22 20:00:00.000,2025,7,22,20,28005KT,15,15
2025-07-22 21:00:00.000,2025,7,22,21,28008KT,16,14
2025-07-22 21:08:00.000,2025,7,22,21,27008KT,15,14
2025-07-22 21:38:00.000,2025,7,22,21,31006KT,14,14
2025-07-22 22:00:00.000,2025,7,22,22,30007KT,15,14
2025-07-22 22:18:00.000,2025,7,22,22,30006KT,14,14
2025-07-22 22:31:00.000,2025,7,22,22,28005KT,13,13
2025-07-22 23:00:00.000,2025,7,22,23,29005KT,13,13
2025-07-22 23:15:00.000,2025,7,22,23,29005KT,13,13
2025-07-23 00:00:00.000,2025,7,23,0,29003KT,13,13
2025-07-23 01:00:00.000,2025,7,23,1,VRB01KT,13,13
2025-07-23 01:18:00.000,2025,7,23,1,35003KT,13,13
2025-07-23 01:32:00.000,2025,7,23,1,06003KT,13,13
2025-07-23 02:00:00.000,2025,7,23,2,VRB01KT,12,12
2025-07-23 02:34:00.000,2025,7,23,2,VRB02KT,12,12
2025-07-23 03:00:00.000,2025,7,23,3,01002KT,12,12
2025-07-23 04:00:00.000,2025,7,23,4,VRB02KT,12,12
2025-07-23 05:00:00.000,2025,7,23,5,35003KT,12,12
2025-07-23 06:00:00.000,2025,7,23,6,VRB02KT,12,12
2025-07-23 07:00:00.000,2025,7,23,7,07005KT,12,12
2025-07-23 08:00:00.000,2025,7,23,8,06003KT,12,12
2025-07-23 09:00:00.000,2025,7,23,9,VRB02KT,11,11
2025-07-23 10:00:00.000,2025,7,23,10,VRB01KT,10,10
2025-07-23 10:33:00.000,2025,7,23,10,VRB01KT,11,11
2025-07-23 11:00:00.000,2025,7,23,11,VRB02KT,11,11
2025-07-23 12:00:00.000,2025,7,23,12,36003KT,11,11
2025-07-23 13:00:00.000,2025,7,23,13,04004KT,13,13
2025-07-23 13:39:00.000,2025,7,23,13,35003KT,14,12
2025-07-23 14:00:00.000,2025,7,23,14,03005KT,14,13
2025-07-23 15:00:00.000,2025,7,23,15,VRB02KT,16,12
2025-07-23 15:23:00.000,2025,7,23,15,17009KT,17,11
2025-07-23 16:00:00.000,2025,7,23,16,18009KT,17,11
2025-07-23 17:00:00.000,2025,7,23,17,15012KT,19,10
2025-07-23 18:00:00.000,2025,7,23,18,17012KT,19,10
2025-07-23 19:00:00.000,2025,7,23,19,16013KT,20,11
2025-07-23 20:00:00.000,2025,7,23,20,16014KT,19,10
2025-07-23 21:00:00.000,2025,7,23,21,16015KT,19,10
2025-07-23 22:00:00.000,2025,7,23,22,19010KT,18,09
2025-07-23 23:00:00.000,2025,7,23,23,17010KT,17,09
2025-07-24 00:00:00.000,2025,7,24,0,10003KT,16,09
2025-07-24 01:00:00.000,2025,7,24,1,10004KT,15,09
2025-07-24 02:00:00.000,2025,7,24,2,04006KT,13,11
2025-07-24 03:00:00.000,2025,7,24,3,12004KT,14,11
2025-07-24 04:00:00.000,2025,7,24,4,08004KT,13,11
2025-07-24 04:16:00.000,2025,7,24,4,05004KT,12,11
2025-07-24 05:00:00.000,2025,7,24,5,34003KT,12,11
2025-07-24 06:00:00.000,2025,7,24,6,36003KT,12,12
2025-07-24 07:00:00.000,2025,7,24,7,36002KT,10,10
2025-07-24 08:00:00.000,2025,7,24,8,VRB01KT,11,11
2025-07-24 08:07:00.000,2025,7,24,8,VRB02KT,12,12
2025-07-24 08:30:00.000,2025,7,24,8,VRB02KT,12,12
2025-07-24 09:00:00.000,2025,7,24,9,04003KT,12,12
2025-07-24 10:00:00.000,2025,7,24,10,VRB02KT,11,11
2025-07-24 10:35:00.000,2025,7,24,10,06004KT,11,11
2025-07-24 11:00:00.000,2025,7,24,11,VRB02KT,11,11
2025-07-24 11:39:00.000,2025,7,24,11,09004KT,13,11
2025-07-24 12:00:00.000,2025,7,24,12,09005KT,13,11
2025-07-24 13:00:00.000,2025,7,24,13,11007KT,16,11
2025-07-24 14:00:00.000,2025,7,24,14,14011KT,16,10
2025-07-24 15:00:00.000,2025,7,24,15,15009KT,16,10
2025-07-24 16:00:00.000,2025,7,24,16,17010KT,17,10
2025-07-24 17:00:00.000,2025,7,24,17,11010KT,19,10
2025-07-24 18:00:00.000,2025,7,24,18,14011KT,19,10
2025-07-24 19:00:00.000,2025,7,24,19,16011KT,19,10
2025-07-24 20:00:00.000,2025,7,24,20,15011KT,19,09
2025-07-24 21:00:00.000,2025,7,24,21,09006KT,18,10
2025-07-24 22:00:00.000,2025,7,24,22,14010KT,15,11
2025-07-24 23:00:00.000,2025,7,24,23,14005KT,14,12
2025-07-25 00:00:00.000,2025,7,25,0,VRB02KT,14,12
2025-07-25 01:00:00.000,2025,7,25,1,06003KT,13,12
2025-07-25 02:00:00.000,2025,7,25,2,04004KT,12,12
2025-07-25 03:00:00.000,2025,7,25,3,07005KT,14,12
2025-07-25 04:00:00.000,2025,7,25,4,04005KT,13,11
2025-07-25 05:00:00.000,2025,7,25,5,03005KT,11,11
2025-07-25 06:00:00.000,2025,7,25,6,04004KT,11,11
2025-07-25 07:00:00.000,2025,7,25,7,34003KT,10,10
2025-07-25 08:00:00.000,2025,7,25,8,VRB02KT,11,11
2025-07-25 09:00:00.000,2025,7,25,9,05005KT,12,12
2025-07-25 10:00:00.000,2025,7,25,10,VRB02KT,11,11
2025-07-25 10:26:00.000,2025,7,25,10,03003KT,11,11
2025-07-25 11:00:00.000,2025,7,25,11,04003KT,11,11
2025-07-25 12:00:00.000,2025,7,25,12,05004KT,12,12
2025-07-25 13:00:00.000,2025,7,25,13,04007KT,14,12
2025-07-25 14:00:00.000,2025,7,25,14,06010KT,15,12
2025-07-25 14:17:00.000,2025,7,25,14,VRB06KT,17,11
2025-07-25 15:00:00.000,2025,7,25,15,13010KT,16,10
2025-07-25 15:08:00.000,2025,7,25,15,14012KT,18,10
2025-07-25 16:00:00.000,2025,7,25,16,14011KT,19,09
2025-07-25 17:00:00.000,2025,7,25,17,14008KT,18,09
2025-07-25 18:00:00.000,2025,7,25,18,13009KT,20,10
2025-07-25 19:00:00.000,2025,7,25,19,10009KT,19,09
2025-07-25 20:00:00.000,2025,7,25,20,15008KT,19,09
2025-07-25 21:00:00.000,2025,7,25,21,15008KT,19,09
2025-07-25 22:00:00.000,2025,7,25,22,11005KT,19,09
2025-07-25 23:00:00.000,2025,7,25,23,09006KT,17,09
2025-07-26 00:00:00.000,2025,7,26,0,05006KT,15,10
2025-07-26 01:00:00.000,2025,7,26,1,VRB02KT,13,11
2025-07-26 02:00:00.000,2025,7,26,2,06004KT,12,11
2025-07-26 03:00:00.000,2025,7,26,3,VRB02KT,12,10
2025-07-26 04:00:00.000,2025,7,26,4,VRB01KT,12,11
2025-07-26 05:00:00.000,2025,7,26,5,04004KT,10,10
2025-07-26 06:00:00.000,2025,7,26,6,05006KT,10,10
2025-07-26 07:00:00.000,2025,7,26,7,VRB02KT,10,10
2025-07-26 08:00:00.000,2025,7,26,8,06003KT,10,10
2025-07-26 09:00:00.000,2025,7,26,9,VRB02KT,10,10
2025-07-26 10:00:00.000,2025,7,26,10,35003KT,09,09
2025-07-26 10:30:00.000,2025,7,26,10,04003KT,10,10
2025-07-26 11:00:00.000,2025,7,26,11,VRB03KT,11,11
2025-07-26 12:00:00.000,2025,7,26,12,06003KT,11,11
2025-07-26 12:14:00.000,2025,7,26,12,VRB01KT,13,12
2025-07-26 13:00:00.000,2025,7,26,13,VRB02KT,14,11
2025-07-26 13:40:00.000,2025,7,26,13,SCT030,16,11
2025-07-26 14:00:00.000,2025,7,26,14,10003KT,16,11
2025-07-26 15:00:00.000,2025,7,26,15,15009KT,16,09
2025-07-26 16:00:00.000,2025,7,26,16,18006KT,17,08
2025-07-26 16:15:00.000,2025,7,26,16,13006KT,19,09
2025-07-26 17:00:00.000,2025,7,26,17,VRB08KT,19,08
2025-07-26 18:00:00.000,2025,7,26,18,15010KT,19,08
2025-07-26 19:00:00.000,2025,7,26,19,18007KT,20,08
2025-07-26 20:00:00.000,2025,7,26,20,11006KT,19,09
2025-07-26 21:00:00.000,2025,7,26,21,09005KT,18,10
2025-07-26 22:00:00.000,2025,7,26,22,18009KT,19,07
2025-07-26 23:00:00.000,2025,7,26,23,18013KT,18,07
2025-07-27 00:00:00.000,2025,7,27,0,17008KT,17,08
2025-07-27 01:00:00.000,2025,7,27,1,12005KT,16,10
2025-07-27 02:00:00.000,2025,7,27,2,04004KT,13,13
2025-07-27 03:00:00.000,2025,7,27,3,15004KT,14,12
2025-07-27 04:00:00.000,2025,7,27,4,35003KT,12,12
2025-07-27 05:00:00.000,2025,7,27,5,VRB02KT,12,12
2025-07-27 06:00:00.000,2025,7,27,6,03004KT,12,12
2025-07-27 07:00:00.000,2025,7,27,7,03003KT,12,11
2025-07-27 08:00:00.000,2025,7,27,8,07007KT,12,12
2025-07-27 09:00:00.000,2025,7,27,9,05004KT,11,11
2025-07-27 10:00:00.000,2025,7,27,10,05005KT,11,11
2025-07-27 10:35:00.000,2025,7,27,10,VRB02KT,11,11
2025-07-27 11:00:00.000,2025,7,27,11,04004KT,11,11
2025-07-27 12:00:00.000,2025,7,27,12,04004KT,13,11
2025-07-27 13:00:00.000,2025,7,27,13,09005KT,15,10
2025-07-27 13:30:00.000,2025,7,27,13,15007KT,17,09
2025-07-27 14:00:00.000,2025,7,27,14,15011KT,17,09
2025-07-27 15:00:00.000,2025,7,27,15,13011KT,18,09
2025-07-27 16:00:00.000,2025,7,27,16,13012KT,18,08
2025-07-27 17:00:00.000,2025,7,27,17,14011G21KT,20,09
2025-07-27 18:00:00.000,2025,7,27,18,13009KT,19,08
2025-07-27 19:00:00.000,2025,7,27,19,16010KT,19,09
2025-07-27 20:00:00.000,2025,7,27,20,13009KT,18,09
2025-07-27 21:00:00.000,2025,7,27,21,10007KT,18,09
2025-07-27 22:00:00.000,2025,7,27,22,14008KT,17,09
2025-07-27 23:00:00.000,2025,7,27,23,VRB04G14KT,18,08
2025-07-27 23:45:00.000,2025,7,27,23,16014KT,16,09
2025-07-28 00:00:00.000,2025,7,28,0,15014KT,16,10
2025-07-28 00:40:00.000,2025,7,28,0,11007KT,15,10
2025-07-28 01:00:00.000,2025,7,28,1,11007KT,15,10
2025-07-28 02:00:00.000,2025,7,28,2,13007KT,14,09
2025-07-28 03:00:00.000,2025,7,28,3,17008KT,14,08
2025-07-28 04:00:00.000,2025,7,28,4,VRB01KT,13,08
2025-07-28 05:00:00.000,2025,7,28,5,05007KT,12,10
2025-07-28 06:00:00.000,2025,7,28,6,05006KT,11,10
2025-07-28 07:00:00.000,2025,7,28,7,04008KT,11,10
2025-07-28 08:00:00.000,2025,7,28,8,VRB02KT,11,10
2025-07-28 09:00:00.000,2025,7,28,9,05005KT,11,10
2025-07-28 10:00:00.000,2025,7,28,10,06005KT,10,09
2025-07-28 10:30:00.000,2025,7,28,10,04006KT,10,09
2025-07-28 11:00:00.000,2025,7,28,11,04004KT,10,09
2025-07-28 12:00:00.000,2025,7,28,12,02004KT,10,09
2025-07-28 13:00:00.000,2025,7,28,13,10004KT,13,09
2025-07-28 14:00:00.000,2025,7,28,14,18003KT,15,09
2025-07-28 15:00:00.000,2025,7,28,15,28004KT,16,10
2025-07-28 16:00:00.000,2025,7,28,16,12009KT,18,09
2025-07-28 17:00:00.000,2025,7,28,17,14011KT,17,09
2025-07-28 18:00:00.000,2025,7,28,18,16011KT,18,10
2025-07-28 19:00:00.000,2025,7,28,19,15013KT,19,10
2025-07-28 20:00:00.000,2025,7,28,20,13009KT,18,10
2025-07-28 21:00:00.000,2025,7,28,21,14010KT,18,09
2025-07-28 22:00:00.000,2025,7,28,22,13008KT,18,10
2025-07-28 23:00:00.000,2025,7,28,23,10006KT,16,10
2025-07-29 00:00:00.000,2025,7,29,0,11005KT,16,09
2025-07-29 01:00:00.000,2025,7,29,1,07005KT,15,10
2025-07-29 02:00:00.000,2025,7,29,2,VRB01KT,14,09
2025-07-29 03:00:00.000,2025,7,29,3,07004KT,13,09
2025-07-29 04:00:00.000,2025,7,29,4,07003KT,12,10
2025-07-29 05:00:00.000,2025,7,29,5,36004KT,11,10
2025-07-29 06:00:00.000,2025,7,29,6,VRB02KT,12,10
2025-07-29 07:00:00.000,2025,7,29,7,VRB01KT,12,10
2025-07-29 08:00:00.000,2025,7,29,8,VRB02KT,11,10
2025-07-29 09:00:00.000,2025,7,29,9,VRB01KT,11,10
2025-07-29 10:00:00.000,2025,7,29,10,27004KT,11,11
2025-07-29 10:30:00.000,2025,7,29,10,VRB02KT,10,10
2025-07-29 11:00:00.000,2025,7,29,11,VRB02KT,11,10
2025-07-29 12:00:00.000,2025,7,29,12,35003KT,11,11
2025-07-29 13:00:00.000,2025,7,29,13,04005KT,13,11
2025-07-29 14:00:00.000,2025,7,29,14,01003KT,14,11
2025-07-29 15:00:00.000,2025,7,29,15,32004KT,16,11
2025-07-29 16:00:00.000,2025,7,29,16,29003KT,16,11
2025-07-29 17:00:00.000,2025,7,29,17,14006KT,18,09
2025-07-29 18:00:00.000,2025,7,29,18,19007KT,18,09
2025-07-29 19:00:00.000,2025,7,29,19,35009KT,17,12
2025-07-29 20:00:00.000,2025,7,29,20,30012KT,17,12
2025-07-29 21:00:00.000,2025,7,29,21,27010KT,17,11
2025-07-29 22:00:00.000,2025,7,29,22,33005KT,14,14
2025-07-29 22:27:00.000,2025,7,29,22,02004KT,14,14
2025-07-29 23:00:00.000,2025,7,29,23,10003KT,13,13
2025-07-30 00:00:00.000,2025,7,30,0,11006KT,13,11
2025-07-30 01:00:00.000,2025,7,30,1,06006KT,12,12
2025-07-30 02:00:00.000,2025,7,30,2,06006KT,12,11
2025-07-30 03:00:00.000,2025,7,30,3,04009KT,11,11
2025-07-30 04:00:00.000,2025,7,30,4,07005KT,11,11
2025-07-30 05:00:00.000,2025,7,30,5,04005KT,11,10
2025-07-30 06:00:00.000,2025,7,30,6,05003KT,11,10
2025-07-30 07:00:00.000,2025,7,30,7,05004KT,11,10
2025-07-30 08:00:00.000,2025,7,30,8,04005KT,10,10
2025-07-30 09:00:00.000,2025,7,30,9,03003KT,10,10
2025-07-30 10:00:00.000,2025,7,30,10,02005KT,10,10
2025-07-30 10:31:00.000,2025,7,30,10,04006KT,10,10
2025-07-30 11:00:00.000,2025,7,30,11,04005KT,10,10
2025-07-30 12:00:00.000,2025,7,30,12,05006KT,10,10
2025-07-30 12:29:00.000,2025,7,30,12,06005KT,12,11
2025-07-30 13:00:00.000,2025,7,30,13,04004KT,13,11
2025-07-30 14:00:00.000,2025,7,30,14,VRB02KT,15,10
2025-07-30 14:01:00.000,2025,7,30,14,VRB02KT,15,10
2025-07-30 15:00:00.000,2025,7,30,15,15010KT,16,08
2025-07-30 16:00:00.000,2025,7,30,16,12008KT,17,07
2025-07-30 17:00:00.000,2025,7,30,17,12008KT,17,08
2025-07-30 18:00:00.000,2025,7,30,18,09009KT,18,09
2025-07-30 19:00:00.000,2025,7,30,19,13009KT,18,09
2025-07-30 20:00:00.000,2025,7,30,20,14007KT,17,08
2025-07-30 21:00:00.000,2025,7,30,21,13005KT,17,09
2025-07-30 22:00:00.000,2025,7,30,22,VRB05KT,17,08
2025-07-30 23:00:00.000,2025,7,30,23,10006KT,17,11
2025-07-31 00:00:00.000,2025,7,31,0,02005KT,13,09
2025-07-31 01:00:00.000,2025,7,31,1,05005KT,13,09
2025-07-31 02:00:00.000,2025,7,31,2,02003KT,10,09
2025-07-31 03:00:00.000,2025,7,31,3,VRB02KT,11,09
2025-07-31 04:00:00.000,2025,7,31,4,03003KT,09,09
2025-07-31 05:00:00.000,2025,7,31,5,05002KT,10,09
2025-07-31 06:00:00.000,2025,7,31,6,05005KT,09,09
2025-07-31 07:00:00.000,2025,7,31,7,VRB02KT,08,08
2025-07-31 08:00:00.000,2025,7,31,8,33003KT,07,07
2025-07-31 09:00:00.000,2025,7,31,9,04001KT,07,07
2025-07-31 10:00:00.000,2025,7,31,10,31004KT,06,06
2025-07-31 11:00:00.000,2025,7,31,11,06002KT,06,06
2025-07-31 12:00:00.000,2025,7,31,12,VRB02KT,07,07
2025-07-31 12:06:00.000,2025,7,31,12,06005KT,09,09
2025-07-31 12:42:00.000,2025,7,31,12,02003KT,12,10
2025-07-31 13:00:00.000,2025,7,31,13,VRB02KT,12,10
2025-07-31 13:07:00.000,2025,7,31,13,05004KT,14,10
2025-07-31 14:00:00.000,2025,7,31,14,09006KT,16,09
2025-07-31 14:40:00.000,2025,7,31,14,13009KT,18,08
2025-07-31 15:00:00.000,2025,7,31,15,16009KT,17,07
2025-07-31 15:28:00.000,2025,7,31,15,15013KT,19,08
2025-07-31 16:00:00.000,2025,7,31,16,13011KT,19,08
2025-07-31 17:00:00.000,2025,7,31,17,14011KT,19,07
2025-07-31 18:00:00.000,2025,7,31,18,14011KT,20,08
2025-07-31 19:00:00.000,2025,7,31,19,13007KT,19,08
2025-07-31 20:00:00.000,2025,7,31,20,15007KT,18,08
2025-07-31 21:00:00.000,2025,7,31,21,09007KT,17,08
2025-07-31 22:00:00.000,2025,7,31,22,05007KT,17,09
2025-07-31 23:00:00.000,2025,7,31,23,10005KT,17,09
2025-08-01 00:00:00.000,2025,8,1,0,14009KT,16,08
2025-08-01 01:00:00.000,2025,8,1,1,13006KT,15,08
2025-08-01 02:00:00.000,2025,8,1,2,VRB02KT,12,10
2025-08-01 03:00:00.000,2025,8,1,3,01002KT,11,09
2025-08-01 04:00:00.000,2025,8,1,4,09003KT,12,10
2025-08-01 05:00:00.000,2025,8,1,5,35003KT,12,10
2025-08-01 06:00:00.000,2025,8,1,6,VRB01KT,13,11
2025-08-01 07:00:00.000,2025,8,1,7,VRB02KT,11,09
2025-08-01 08:00:00.000,2025,8,1,8,04004KT,10,10
2025-08-01 09:00:00.000,2025,8,1,9,04003KT,10,10
2025-08-01 10:00:00.000,2025,8,1,10,31003KT,10,10
2025-08-01 10:32:00.000,2025,8,1,10,VRB02KT,10,10
2025-08-01 11:00:00.000,2025,8,1,11,VRB02KT,09,09
2025-08-01 12:00:00.000,2025,8,1,12,34002KT,09,09
2025-08-01 13:00:00.000,2025,8,1,13,01003KT,12,12
2025-08-01 13:30:00.000,2025,8,1,13,05005KT,13,12
2025-08-01 14:00:00.000,2025,8,1,14,05004KT,14,13
2025-08-01 15:00:00.000,2025,8,1,15,VRB03KT,15,11
2025-08-01 15:37:00.000,2025,8,1,15,VRB05KT,17,11
2025-08-01 16:00:00.000,2025,8,1,16,16006KT,16,11
2025-08-01 17:00:00.000,2025,8,1,17,14011KT,18,09
2025-08-01 18:00:00.000,2025,8,1,18,13012KT,18,10
2025-08-01 19:00:00.000,2025,8,1,19,16007KT,18,10
2025-08-01 20:00:00.000,2025,8,1,20,13009KT,19,10
2025-08-01 21:00:00.000,2025,8,1,21,14007KT,19,10
2025-08-01 22:00:00.000,2025,8,1,22,12006KT,19,09
2025-08-01 23:00:00.000,2025,8,1,23,11009KT,18,09
2025-08-02 00:00:00.000,2025,8,2,0,13007KT,16,09
2025-08-02 01:00:00.000,2025,8,2,1,13007KT,16,10
2025-08-02 02:00:00.000,2025,8,2,2,12003KT,15,10
2025-08-02 03:00:00.000,2025,8,2,3,13005KT,14,09
2025-08-02 04:00:00.000,2025,8,2,4,13006KT,15,09
2025-08-02 05:00:00.000,2025,8,2,5,35003KT,12,10
2025-08-02 06:00:00.000,2025,8,2,6,10004KT,13,10
2025-08-02 07:00:00.000,2025,8,2,7,08004KT,12,10
2025-08-02 08:00:00.000,2025,8,2,8,07004KT,12,10
2025-08-02 09:00:00.000,2025,8,2,9,VRB02KT,11,10
2025-08-02 10:00:00.000,2025,8,2,10,05007KT,11,11
2025-08-02 10:30:00.000,2025,8,2,10,06006KT,11,10
2025-08-02 11:00:00.000,2025,8,2,11,06005KT,10,10
2025-08-02 12:00:00.000,2025,8,2,12,04007KT,11,11
2025-08-02 13:00:00.000,2025,8,2,13,05006KT,13,11
2025-08-02 14:00:00.000,2025,8,2,14,05007KT,15,11
2025-08-02 15:00:00.000,2025,8,2,15,04008KT,16,11
2025-08-02 16:00:00.000,2025,8,2,16,VRB07KT,16,12
2025-08-02 17:00:00.000,2025,8,2,17,05007KT,16,11
2025-08-02 18:00:00.000,2025,8,2,18,08004KT,17,10
2025-08-02 18:29:00.000,2025,8,2,18,19006KT,17,11
2025-08-02 19:00:00.000,2025,8,2,19,VRB04KT,17,11
2025-08-02 20:00:00.000,2025,8,2,20,23006KT,17,11
2025-08-02 21:00:00.000,2025,8,2,21,05005KT,17,11
2025-08-02 22:00:00.000,2025,8,2,22,16008KT,18,10
2025-08-02 23:00:00.000,2025,8,2,23,13007KT,17,10
2025-08-03 00:00:00.000,2025,8,3,0,10005KT,16,10
2025-08-03 01:00:00.000,2025,8,3,1,VRB02KT,15,10
2025-08-03 02:00:00.000,2025,8,3,2,12010KT,15,11
2025-08-03 02:06:00.000,2025,8,3,2,12007KT,13,12
2025-08-03 02:23:00.000,2025,8,3,2,10004KT,13,13
2025-08-03 03:00:00.000,2025,8,3,3,02004KT,12,12
2025-08-03 03:13:00.000,2025,8,3,3,04006KT,12,12
2025-08-03 04:00:00.000,2025,8,3,4,06004KT,12,12
2025-08-03 05:00:00.000,2025,8,3,5,05005KT,12,12
2025-08-03 06:00:00.000,2025,8,3,6,07005KT,12,12
2025-08-03 07:00:00.000,2025,8,3,7,06008KT,12,11
2025-08-03 08:00:00.000,2025,8,3,8,04005KT,11,11
2025-08-03 09:00:00.000,2025,8,3,9,VRB01KT,10,10
2025-08-03 10:00:00.000,2025,8,3,10,05003KT,09,09
2025-08-03 10:30:00.000,2025,8,3,10,11003KT,11,11
2025-08-03 11:00:00.000,2025,8,3,11,07003KT,12,11
2025-08-03 12:00:00.000,2025,8,3,12,07005KT,12,11
2025-08-03 13:00:00.000,2025,8,3,13,06006KT,13,12
2025-08-03 14:00:00.000,2025,8,3,14,07006KT,15,11
2025-08-03 15:00:00.000,2025,8,3,15,06008KT,15,12
2025-08-03 15:31:00.000,2025,8,3,15,15011KT,16,11
2025-08-03 16:00:00.000,2025,8,3,16,13010KT,17,10
2025-08-03 17:00:00.000,2025,8,3,17,13011KT,17,10
2025-08-03 18:00:00.000,2025,8,3,18,16011KT,18,10
2025-08-03 19:00:00.000,2025,8,3,19,13011G22KT,18,10
2025-08-03 20:00:00.000,2025,8,3,20,17013KT,16,10
2025-08-03 21:00:00.000,2025,8,3,21,14010KT,17,10
2025-08-03 22:00:00.000,2025,8,3,22,13009KT,17,09
2025-08-03 23:00:00.000,2025,8,3,23,VRB05KT,16,10
2025-08-04 00:00:00.000,2025,8,4,0,09005KT,15,10
2025-08-04 01:00:00.000,2025,8,4,1,12006KT,14,10
2025-08-04 02:00:00.000,2025,8,4,2,11006KT,14,10
2025-08-04 03:00:00.000,2025,8,4,3,12005KT,14,09
2025-08-04 04:00:00.000,2025,8,4,4,11005KT,13,09
2025-08-04 05:00:00.000,2025,8,4,5,10004KT,13,09
2025-08-04 06:00:00.000,2025,8,4,6,16007KT,13,09
2025-08-04 07:00:00.000,2025,8,4,7,VRB03KT,11,10
2025-08-04 08:00:00.000,2025,8,4,8,26003KT,12,10
2025-08-04 09:00:00.000,2025,8,4,9,19007KT,13,10
2025-08-04 10:00:00.000,2025,8,4,10,VRB02KT,12,10
2025-08-04 10:30:00.000,2025,8,4,10,02003KT,12,11
2025-08-04 11:00:00.000,2025,8,4,11,VRB02KT,11,11
2025-08-04 12:00:00.000,2025,8,4,12,18007KT,13,10
2025-08-04 12:16:00.000,2025,8,4,12,14005KT,13,10
2025-08-04 12:42:00.000,2025,8,4,12,18009KT,13,11
2025-08-04 13:00:00.000,2025,8,4,13,18008KT,13,11
2025-08-04 14:00:00.000,2025,8,4,14,19009KT,14,10
2025-08-04 15:00:00.000,2025,8,4,15,16016KT,16,09
2025-08-04 16:00:00.000,2025,8,4,16,15011G21KT,16,09
2025-08-04 17:00:00.000,2025,8,4,17,17012KT,16,10
2025-08-04 18:00:00.000,2025,8,4,18,16017KT,16,09
2025-08-04 19:00:00.000,2025,8,4,19,16018KT,18,09
2025-08-04 20:00:00.000,2025,8,4,20,13013KT,17,08
2025-08-04 20:18:00.000,2025,8,4,20,13010KT,16,08
2025-08-04 21:00:00.000,2025,8,4,21,14007KT,15,09
2025-08-04 22:00:00.000,2025,8,4,22,11006KT,16,09
2025-08-04 23:00:00.000,2025,8,4,23,12008KT,15,08
2025-08-05 00:00:00.000,2025,8,5,0,11005KT,14,08
2025-08-05 01:00:00.000,2025,8,5,1,13005KT,14,08
2025-08-05 02:00:00.000,2025,8,5,2,13005KT,13,07
2025-08-05 03:00:00.000,2025,8,5,3,13005KT,11,07
2025-08-05 04:00:00.000,2025,8,5,4,10003KT,12,07
2025-08-05 05:00:00.000,2025,8,5,5,VRB02KT,10,07
2025-08-05 06:00:00.000,2025,8,5,6,VRB02KT,09,08
2025-08-05 07:00:00.000,2025,8,5,7,01003KT,08,08
2025-08-05 08:00:00.000,2025,8,5,8,04004KT,07,07
2025-08-05 09:00:00.000,2025,8,5,9,32005KT,06,06
2025-08-05 10:00:00.000,2025,8,5,10,VRB01KT,06,06
2025-08-05 10:32:00.000,2025,8,5,10,30003KT,05,05
2025-08-05 11:00:00.000,2025,8,5,11,VRB01KT,06,06
2025-08-05 12:00:00.000,2025,8,5,12,33003KT,07,07
2025-08-05 13:00:00.000,2025,8,5,13,05004KT,10,09
2025-08-05 14:00:00.000,2025,8,5,14,06005KT,13,07
2025-08-05 15:00:00.000,2025,8,5,15,09007KT,16,03
2025-08-05 16:00:00.000,2025,8,5,16,VRB10KT,17,03
2025-08-05 17:00:00.000,2025,8,5,17,13010KT,18,04
2025-08-05 18:00:00.000,2025,8,5,18,VRB08KT,17,06
2025-08-05 19:00:00.000,2025,8,5,19,14011KT,18,05
2025-08-05 20:00:00.000,2025,8,5,20,13006KT,18,05
2025-08-05 21:00:00.000,2025,8,5,21,13005KT,18,05
2025-08-05 22:00:00.000,2025,8,5,22,13007KT,17,05
2025-08-05 23:00:00.000,2025,8,5,23,10006KT,16,06
2025-08-06 00:00:00.000,2025,8,6,0,13010KT,13,07
2025-08-06 01:00:00.000,2025,8,6,1,14006KT,14,07
2025-08-06 02:00:00.000,2025,8,6,2,01003KT,11,08
2025-08-06 03:00:00.000,2025,8,6,3,28004KT,12,07
2025-08-06 04:00:00.000,2025,8,6,4,VRB02KT,12,07
2025-08-06 05:00:00.000,2025,8,6,5,02002KT,10,09
2025-08-06 06:00:00.000,2025,8,6,6,04002KT,10,08
2025-08-06 07:00:00.000,2025,8,6,7,04004KT,10,08
2025-08-06 08:00:00.000,2025,8,6,8,VRB01KT,10,08
2025-08-06 09:00:00.000,2025,8,6,9,VRB02KT,08,08
2025-08-06 10:00:00.000,2025,8,6,10,04004KT,08,08
2025-08-06 10:30:00.000,2025,8,6,10,VRB02KT,09,09
2025-08-06 11:00:00.000,2025,8,6,11,VRB02KT,09,09
2025-08-06 12:00:00.000,2025,8,6,12,33004KT,08,08
2025-08-06 13:00:00.000,2025,8,6,13,01004KT,13,09
2025-08-06 14:00:00.000,2025,8,6,14,06004KT,14,08
2025-08-06 14:13:00.000,2025,8,6,14,VRB04KT,16,08
2025-08-06 15:00:00.000,2025,8,6,15,VRB04KT,15,08
2025-08-06 16:00:00.000,2025,8,6,16,11008KT,17,07
2025-08-06 17:00:00.000,2025,8,6,17,VRB06KT,18,07
2025-08-06 18:00:00.000,2025,8,6,18,VRB03KT,19,07
2025-08-06 19:00:00.000,2025,8,6,19,07005KT,20,08
2025-08-06 20:00:00.000,2025,8,6,20,33004KT,17,09
2025-08-06 21:00:00.000,2025,8,6,21,29009KT,17,11
2025-08-06 22:00:00.000,2025,8,6,22,26008KT,16,10
2025-08-06 23:00:00.000,2025,8,6,23,25005KT,15,11
2025-08-07 00:00:00.000,2025,8,7,0,30005KT,14,12
2025-08-07 01:00:00.000,2025,8,7,1,VRB02KT,12,12
2025-08-07 02:00:00.000,2025,8,7,2,35004KT,12,12
2025-08-07 03:00:00.000,2025,8,7,3,VRB01KT,12,12
2025-08-07 04:00:00.000,2025,8,7,4,32003KT,12,12
2025-08-07 05:00:00.000,2025,8,7,5,04002KT,12,12
2025-08-07 06:00:00.000,2025,8,7,6,04003KT,12,12
2025-08-07 07:00:00.000,2025,8,7,7,31003KT,11,11
2025-08-07 08:00:00.000,2025,8,7,8,VRB02KT,11,11
2025-08-07 09:00:00.000,2025,8,7,9,VRB01KT,11,11
2025-08-07 10:00:00.000,2025,8,7,10,VRB02KT,11,11
2025-08-07 10:35:00.000,2025,8,7,10,34001KT,11,11
2025-08-07 11:00:00.000,2025,8,7,11,VRB01KT,11,11
2025-08-07 12:00:00.000,2025,8,7,12,36003KT,11,11
2025-08-07 13:00:00.000,2025,8,7,13,36003KT,12,12
2025-08-07 14:00:00.000,2025,8,7,14,32004KT,14,13
2025-08-07 15:00:00.000,2025,8,7,15,32003KT,15,12
2025-08-07 16:00:00.000,2025,8,7,16,24008KT,16,12
2025-08-07 16:22:00.000,2025,8,7,16,20008KT,15,11
2025-08-07 16:34:00.000,2025,8,7,16,20008KT,14,12
2025-08-07 17:00:00.000,2025,8,7,17,22008KT,14,13
2025-08-07 18:00:00.000,2025,8,7,18,30008KT,13,13
2025-08-07 19:00:00.000,2025,8,7,19,28007KT,15,15
2025-08-07 20:00:00.000,2025,8,7,20,28004KT,15,13
2025-08-07 21:00:00.000,2025,8,7,21,24006KT,16,12
2025-08-07 22:00:00.000,2025,8,7,22,23005KT,16,12
2025-08-07 23:00:00.000,2025,8,7,23,29005KT,15,11
2025-08-08 00:00:00.000,2025,8,8,0,31005KT,14,12
2025-08-08 01:00:00.000,2025,8,8,1,04008KT,12,11
2025-08-08 01:21:00.000,2025,8,8,1,06004KT,11,11
2025-08-08 02:00:00.000,2025,8,8,2,05003KT,11,11
2025-08-08 03:00:00.000,2025,8,8,3,VRB02KT,11,11
2025-08-08 04:00:00.000,2025,8,8,4,34002KT,11,11
2025-08-08 05:00:00.000,2025,8,8,5,07001KT,11,11
2025-08-08 06:00:00.000,2025,8,8,6,VRB01KT,11,11
2025-08-08 06:32:00.000,2025,8,8,6,28004KT,11,11
2025-08-08 07:00:00.000,2025,8,8,7,29003KT,11,11
2025-08-08 07:15:00.000,2025,8,8,7,32003KT,11,11
2025-08-08 08:00:00.000,2025,8,8,8,30004KT,11,11
2025-08-08 09:00:00.000,2025,8,8,9,VRB02KT,11,11
2025-08-08 10:00:00.000,2025,8,8,10,07001KT,11,11
2025-08-08 10:31:00.000,2025,8,8,10,VRB02KT,11,11
2025-08-08 11:00:00.000,2025,8,8,11,VRB02KT,11,11
2025-08-08 11:43:00.000,2025,8,8,11,02002KT,11,11
2025-08-08 12:00:00.000,2025,8,8,12,02002KT,11,11
2025-08-08 13:00:00.000,2025,8,8,13,03004KT,12,12
2025-08-08 14:00:00.000,2025,8,8,14,VRB02KT,14,13
2025-08-08 15:00:00.000,2025,8,8,15,01003KT,15,13
2025-08-08 16:00:00.000,2025,8,8,16,VRB02KT,16,12
2025-08-08 16:22:00.000,2025,8,8,16,12005KT,16,13
2025-08-08 17:00:00.000,2025,8,8,17,16006KT,16,13
2025-08-08 18:00:00.000,2025,8,8,18,VRB07KT,16,11
2025-08-08 18:22:00.000,2025,8,8,18,27006KT,18,13
2025-08-08 19:00:00.000,2025,8,8,19,21004KT,17,12
2025-08-08 19:30:00.000,2025,8,8,19,14010KT,14,13
2025-08-08 20:00:00.000,2025,8,8,20,13007KT,14,12
2025-08-08 21:00:00.000,2025,8,8,21,14004KT,15,12
2025-08-08 22:00:00.000,2025,8,8,22,03006KT,15,12
2025-08-08 23:00:00.000,2025,8,8,23,01004KT,15,12
2025-08-09 00:00:00.000,2025,8,9,0,33003KT,14,12
2025-08-09 00:27:00.000,2025,8,9,0,VRB02KT,14,12
2025-08-09 01:00:00.000,2025,8,9,1,13005KT,14,13
2025-08-09 01:20:00.000,2025,8,9,1,VRB03KT,13,13
2025-08-09 01:39:00.000,2025,8,9,1,VRB05KT,12,12
2025-08-09 02:00:00.000,2025,8,9,2,11005KT,12,12
2025-08-09 03:00:00.000,2025,8,9,3,VRB02KT,11,11
2025-08-09 04:00:00.000,2025,8,9,4,06005KT,11,11
2025-08-09 05:00:00.000,2025,8,9,5,04005KT,11,11
2025-08-09 06:00:00.000,2025,8,9,6,34003KT,12,12
2025-08-09 07:00:00.000,2025,8,9,7,01002KT,11,11
2025-08-09 08:00:00.000,2025,8,9,8,VRB02KT,11,11
2025-08-09 09:00:00.000,2025,8,9,9,24003KT,12,12
2025-08-09 09:21:00.000,2025,8,9,9,24006KT,11,11
2025-08-09 10:00:00.000,2025,8,9,10,28004KT,11,11
2025-08-09 10:33:00.000,2025,8,9,10,33004KT,11,11
2025-08-09 11:00:00.000,2025,8,9,11,VRB02KT,11,11
2025-08-09 11:39:00.000,2025,8,9,11,VRB01KT,11,11
2025-08-09 12:00:00.000,2025,8,9,12,VRB01KT,11,11
2025-08-09 12:34:00.000,2025,8,9,12,VRB02KT,11,11
2025-08-09 13:00:00.000,2025,8,9,13,VRB02KT,10,10
2025-08-09 13:28:00.000,2025,8,9,13,VRB02KT,11,11
2025-08-09 14:00:00.000,2025,8,9,14,VRB02KT,11,11
2025-08-09 15:00:00.000,2025,8,9,15,17006KT,13,11
2025-08-09 16:00:00.000,2025,8,9,16,19006KT,12,11
2025-08-09 17:00:00.000,2025,8,9,17,17003KT,14,11
2025-08-09 18:00:00.000,2025,8,9,18,29004KT,16,11
2025-08-09 19:00:00.000,2025,8,9,19,17004KT,18,08
2025-08-09 20:00:00.000,2025,8,9,20,18010KT,16,10
2025-08-09 21:00:00.000,2025,8,9,21,VRB02KT,17,10
2025-08-09 22:00:00.000,2025,8,9,22,36003KT,17,10
2025-08-09 23:00:00.000,2025,8,9,23,29009KT,16,12
2025-08-10 00:00:00.000,2025,8,10,0,26004KT,14,10
2025-08-10 01:00:00.000,2025,8,10,1,VRB04KT,14,12
2025-08-10 02:00:00.000,2025,8,10,2,22003KT,13,12
2025-08-10 03:00:00.000,2025,8,10,3,30003KT,12,10
2025-08-10 04:00:00.000,2025,8,10,4,02004KT,12,11
2025-08-10 04:05:00.000,2025,8,10,4,01003KT,11,11
2025-08-10 05:00:00.000,2025,8,10,5,32003KT,12,12
2025-08-10 06:00:00.000,2025,8,10,6,VRB02KT,11,11
2025-08-10 07:00:00.000,2025,8,10,7,VRB01KT,11,11
2025-08-10 08:00:00.000,2025,8,10,8,01002KT,11,11
2025-08-10 09:00:00.000,2025,8,10,9,VRB01KT,11,11
2025-08-10 10:00:00.000,2025,8,10,10,05003KT,10,10
2025-08-10 10:33:00.000,2025,8,10,10,VRB02KT,10,10
2025-08-10 11:00:00.000,2025,8,10,11,08003KT,11,11
2025-08-10 12:00:00.000,2025,8,10,12,03003KT,11,11
2025-08-10 13:00:00.000,2025,8,10,13,VRB03KT,13,12
2025-08-10 14:00:00.000,2025,8,10,14,VRB02KT,15,11
2025-08-10 15:00:00.000,2025,8,10,15,15011KT,17,09
2025-08-10 16:00:00.000,2025,8,10,16,14012KT,17,08
2025-08-10 17:00:00.000,2025,8,10,17,23010KT,18,09
2025-08-10 18:00:00.000,2025,8,10,18,16010KT,18,09
2025-08-10 19:00:00.000,2025,8,10,19,23006KT,20,09
2025-08-10 20:00:00.000,2025,8,10,20,28008KT,18,11
2025-08-10 21:00:00.000,2025,8,10,21,23008KT,18,10
2025-08-10 22:00:00.000,2025,8,10,22,24011KT,16,10
2025-08-10 23:00:00.000,2025,8,10,23,29006KT,16,10
2025-08-11 00:00:00.000,2025,8,11,0,33002KT,14,12
2025-08-11 01:00:00.000,2025,8,11,1,29003KT,15,10
2025-08-11 02:00:00.000,2025,8,11,2,35004KT,13,12
2025-08-11 03:00:00.000,2025,8,11,3,34003KT,14,11
2025-08-11 04:00:00.000,2025,8,11,4,18005KT,15,10
2025-08-11 05:00:00.000,2025,8,11,5,VRB01KT,12,11
2025-08-11 06:00:00.000,2025,8,11,6,VRB02KT,13,09
2025-08-11 07:00:00.000,2025,8,11,7,08003KT,12,10
2025-08-11 08:00:00.000,2025,8,11,8,08003KT,11,10
2025-08-11 09:00:00.000,2025,8,11,9,11003KT,12,10
2025-08-11 10:00:00.000,2025,8,11,10,VRB02KT,10,10
2025-08-11 10:28:00.000,2025,8,11,10,02003KT,10,10
2025-08-11 11:00:00.000,2025,8,11,11,VRB02KT,11,11
2025-08-11 12:00:00.000,2025,8,11,12,33003KT,11,11
2025-08-11 13:00:00.000,2025,8,11,13,02004KT,12,12
2025-08-11 14:00:00.000,2025,8,11,14,03005KT,13,11
2025-08-11 14:19:00.000,2025,8,11,14,05004KT,14,11
2025-08-11 15:00:00.000,2025,8,11,15,11004KT,15,11
2025-08-11 16:00:00.000,2025,8,11,16,13007KT,17,10
2025-08-11 16:25:00.000,2025,8,11,16,16011KT,18,08
2025-08-11 17:00:00.000,2025,8,11,17,14013KT,19,09
2025-08-11 18:00:00.000,2025,8,11,18,16012KT,18,08
2025-08-11 19:00:00.000,2025,8,11,19,16013KT,18,08
2025-08-11 20:00:00.000,2025,8,11,20,18016KT,18,08
2025-08-11 20:36:00.000,2025,8,11,20,17013KT,17,08
2025-08-11 21:00:00.000,2025,8,11,21,18010KT,17,09
2025-08-11 22:00:00.000,2025,8,11,22,17011KT,17,08
2025-08-11 22:08:00.000,2025,8,11,22,16016KT,16,08
2025-08-11 23:00:00.000,2025,8,11,23,16011KT,14,08
2025-08-12 00:00:00.000,2025,8,12,0,14008KT,12,07
2025-08-12 01:00:00.000,2025,8,12,1,11006KT,13,08
2025-08-12 02:00:00.000,2025,8,12,2,13008KT,13,08
2025-08-12 03:00:00.000,2025,8,12,3,17008KT,13,07
2025-08-12 04:00:00.000,2025,8,12,4,34004KT,10,08
2025-08-12 05:00:00.000,2025,8,12,5,VRB02KT,11,09
2025-08-12 06:00:00.000,2025,8,12,6,01004KT,10,09
2025-08-12 07:00:00.000,2025,8,12,7,35003KT,09,09
2025-08-12 08:00:00.000,2025,8,12,8,VRB02KT,10,10
2025-08-12 09:00:00.000,2025,8,12,9,VRB01KT,10,10
2025-08-12 10:00:00.000,2025,8,12,10,VRB02KT,10,10
2025-08-12 10:31:00.000,2025,8,12,10,VRB02KT,10,10
2025-08-12 11:00:00.000,2025,8,12,11,03003KT,10,10
2025-08-12 12:00:00.000,2025,8,12,12,04004KT,11,11
2025-08-12 13:00:00.000,2025,8,12,13,03005KT,12,11
2025-08-12 13:25:00.000,2025,8,12,13,04006KT,14,10
2025-08-12 14:00:00.000,2025,8,12,14,05008KT,15,10
2025-08-12 15:00:00.000,2025,8,12,15,07006KT,16,10
2025-08-12 16:00:00.000,2025,8,12,16,12009G19KT,17,09
2025-08-12 17:00:00.000,2025,8,12,17,11006KT,18,08
2025-08-12 18:00:00.000,2025,8,12,18,13012KT,18,08
2025-08-12 19:00:00.000,2025,8,12,19,13010KT,19,08
2025-08-12 20:00:00.000,2025,8,12,20,11008KT,19,08
2025-08-12 21:00:00.000,2025,8,12,21,12008G18KT,20,07
2025-08-12 22:00:00.000,2025,8,12,22,09004KT,18,07
2025-08-12 23:00:00.000,2025,8,12,23,09004KT,17,07
2025-08-13 00:00:00.000,2025,8,13,0,10004KT,16,07
2025-08-13 01:00:00.000,2025,8,13,1,14006KT,13,08
2025-08-13 02:00:00.000,2025,8,13,2,07003KT,12,08
2025-08-13 03:00:00.000,2025,8,13,3,08002KT,12,09
2025-08-13 04:00:00.000,2025,8,13,4,10004KT,13,08
2025-08-13 05:00:00.000,2025,8,13,5,01003KT,10,08
2025-08-13 06:00:00.000,2025,8,13,6,02004KT,09,09
2025-08-13 07:00:00.000,2025,8,13,7,VRB02KT,09,09
2025-08-13 08:00:00.000,2025,8,13,8,07003KT,10,09
2025-08-13 09:00:00.000,2025,8,13,9,VRB02KT,09,09
2025-08-13 10:00:00.000,2025,8,13,10,04003KT,08,08
2025-08-13 10:31:00.000,2025,8,13,10,VRB02KT,10,10
2025-08-13 11:00:00.000,2025,8,13,11,13002KT,11,10
2025-08-13 12:00:00.000,2025,8,13,12,02004KT,10,10
2025-08-13 12:27:00.000,2025,8,13,12,06003KT,13,11
2025-08-13 13:00:00.000,2025,8,13,13,04003KT,13,11
2025-08-13 14:00:00.000,2025,8,13,14,06006KT,15,10
2025-08-13 14:27:00.000,2025,8,13,14,VRB03KT,15,09
2025-08-13 15:00:00.000,2025,8,13,15,VRB03KT,16,09
2025-08-13 16:00:00.000,2025,8,13,16,12004KT,16,09
2025-08-13 16:17:00.000,2025,8,13,16,04011KT,15,10
2025-08-13 17:00:00.000,2025,8,13,17,06011KT,15,11
2025-08-13 17:37:00.000,2025,8,13,17,07006KT,17,10
2025-08-13 18:00:00.000,2025,8,13,18,11005KT,16,10
2025-08-13 19:00:00.000,2025,8,13,19,09008KT,16,09
2025-08-13 20:00:00.000,2025,8,13,20,08004KT,14,12
2025-08-13 21:00:00.000,2025,8,13,21,10004KT,15,12
2025-08-13 22:00:00.000,2025,8,13,22,03004KT,15,11
2025-08-13 23:00:00.000,2025,8,13,23,04003KT,14,11
2025-08-14 00:00:00.000,2025,8,14,0,VRB02KT,14,10
2025-08-14 01:00:00.000,2025,8,14,1,VRB02KT,14,10
2025-08-14 02:00:00.000,2025,8,14,2,35002KT,11,11
2025-08-14 03:00:00.000,2025,8,14,3,VRB01KT,12,11
2025-08-14 04:00:00.000,2025,8,14,4,36003KT,10,10
2025-08-14 05:00:00.000,2025,8,14,5,02001KT,10,10
2025-08-14 06:00:00.000,2025,8,14,6,07003KT,11,11
2025-08-14 07:00:00.000,2025,8,14,7,VRB02KT,11,11
2025-08-14 08:00:00.000,2025,8,14,8,05004KT,10,10
2025-08-14 09:00:00.000,2025,8,14,9,08003KT,12,10
2025-08-14 10:00:00.000,2025,8,14,10,08003KT,11,10
2025-08-14 10:29:00.000,2025,8,14,10,05003KT,12,10
2025-08-14 11:00:00.000,2025,8,14,11,05004KT,11,10
2025-08-14 12:00:00.000,2025,8,14,12,06004KT,12,10
2025-08-14 13:00:00.000,2025,8,14,13,04005KT,13,11
2025-08-14 14:00:00.000,2025,8,14,14,01003KT,14,11
2025-08-14 15:00:00.000,2025,8,14,15,11006KT,16,09
2025-08-14 16:00:00.000,2025,8,14,16,12007KT,17,10
2025-08-14 17:00:00.000,2025,8,14,17,11006KT,17,09
2025-08-14 18:00:00.000,2025,8,14,18,12008KT,18,09
2025-08-14 19:00:00.000,2025,8,14,19,13007KT,19,10
2025-08-14 20:00:00.000,2025,8,14,20,VRB05KT,19,09
2025-08-14 21:00:00.000,2025,8,14,21,VRB03KT,20,08
2025-08-14 22:00:00.000,2025,8,14,22,27009KT,18,11
2025-08-14 22:10:00.000,2025,8,14,22,25007KT,17,11
2025-08-14 23:00:00.000,2025,8,14,23,24006KT,16,12
2025-08-15 00:00:00.000,2025,8,15,0,34004KT,14,13
2025-08-15 01:00:00.000,2025,8,15,1,01002KT,13,13
2025-08-15 02:00:00.000,2025,8,15,2,VRB02KT,13,13
2025-08-15 03:00:00.000,2025,8,15,3,17006KT,14,10
2025-08-15 04:00:00.000,2025,8,15,4,VRB03KT,13,09
2025-08-15 05:00:00.000,2025,8,15,5,04003KT,11,10
2025-08-15 06:00:00.000,2025,8,15,6,VRB02KT,11,11
2025-08-15 07:00:00.000,2025,8,15,7,05004KT,11,11
2025-08-15 08:00:00.000,2025,8,15,8,32003KT,11,11
2025-08-15 09:00:00.000,2025,8,15,9,VRB02KT,10,10
2025-08-15 10:00:00.000,2025,8,15,10,VRB02KT,11,10
2025-08-15 10:29:00.000,2025,8,15,10,VRB01KT,10,10
2025-08-15 11:00:00.000,2025,8,15,11,33004KT,11,11
2025-08-15 12:00:00.000,2025,8,15,12,VRB02KT,11,11
2025-08-15 12:33:00.000,2025,8,15,12,36004KT,13,12
2025-08-15 13:00:00.000,2025,8,15,13,07005KT,14,11
2025-08-15 14:00:00.000,2025,8,15,14,14005KT,15,10
2025-08-15 15:00:00.000,2025,8,15,15,16014KT,17,11
2025-08-15 16:00:00.000,2025,8,15,16,16014KT,18,10
2025-08-15 17:00:00.000,2025,8,15,17,17016KT,18,10
2025-08-15 18:00:00.000,2025,8,15,18,17012KT,19,09
2025-08-15 19:00:00.000,2025,8,15,19,16010KT,19,08
2025-08-15 20:00:00.000,2025,8,15,20,15010KT,18,09
2025-08-15 21:00:00.000,2025,8,15,21,20012KT,18,09
2025-08-15 22:00:00.000,2025,8,15,22,25010KT,16,11
2025-08-15 23:00:00.000,2025,8,15,23,26008KT,15,10
2025-08-16 00:00:00.000,2025,8,16,0,32003KT,13,11
2025-08-16 01:00:00.000,2025,8,16,1,VRB02KT,13,12
2025-08-16 02:00:00.000,2025,8,16,2,34002KT,12,12
2025-08-16 03:00:00.000,2025,8,16,3,01002KT,11,11
2025-08-16 04:00:00.000,2025,8,16,4,35003KT,11,11
2025-08-16 05:00:00.000,2025,8,16,5,VRB02KT,12,12
2025-08-16 06:00:00.000,2025,8,16,6,VRB02KT,11,11
2025-08-16 07:00:00.000,2025,8,16,7,VRB02KT,11,11
2025-08-16 08:00:00.000,2025,8,16,8,VRB02KT,12,10
2025-08-16 09:00:00.000,2025,8,16,9,14005KT,12,10
2025-08-16 10:00:00.000,2025,8,16,10,VRB02KT,11,11
2025-08-16 10:32:00.000,2025,8,16,10,01002KT,11,11
2025-08-16 11:00:00.000,2025,8,16,11,01002KT,11,11
2025-08-16 12:00:00.000,2025,8,16,12,VRB02KT,11,11
2025-08-16 13:00:00.000,2025,8,16,13,35003KT,13,12
2025-08-16 14:00:00.000,2025,8,16,14,VRB02KT,14,10
2025-08-16 14:16:00.000,2025,8,16,14,06003KT,16,11
2025-08-16 15:00:00.000,2025,8,16,15,VRB02KT,16,10
2025-08-16 16:00:00.000,2025,8,16,16,VRB02KT,17,10
2025-08-16 17:00:00.000,2025,8,16,17,36003KT,18,10
2025-08-16 18:00:00.000,2025,8,16,18,29008KT,17,12
2025-08-16 19:00:00.000,2025,8,16,19,24010KT,16,13
2025-08-16 19:23:00.000,2025,8,16,19,30007KT,14,13
2025-08-16 20:00:00.000,2025,8,16,20,30009KT,15,13
2025-08-16 21:00:00.000,2025,8,16,21,29007KT,15,11
2025-08-16 22:00:00.000,2025,8,16,22,27006KT,14,11
2025-08-16 23:00:00.000,2025,8,16,23,24006KT,15,11
2025-08-17 00:00:00.000,2025,8,17,0,03001KT,12,11
2025-08-17 01:00:00.000,2025,8,17,1,02003KT,12,11
2025-08-17 02:00:00.000,2025,8,17,2,36002KT,11,11
2025-08-17 03:00:00.000,2025,8,17,3,02002KT,11,11
2025-08-17 04:00:00.000,2025,8,17,4,03001KT,11,11
2025-08-17 05:00:00.000,2025,8,17,5,34004KT,11,11
2025-08-17 06:00:00.000,2025,8,17,6,27004KT,12,12
2025-08-17 06:44:00.000,2025,8,17,6,VRB03KT,12,12
2025-08-17 07:00:00.000,2025,8,17,7,VRB03KT,12,12
2025-08-17 08:00:00.000,2025,8,17,8,25003KT,12,12
2025-08-17 09:00:00.000,2025,8,17,9,11002KT,12,12
2025-08-17 10:00:00.000,2025,8,17,10,02002KT,10,10
2025-08-17 10:34:00.000,2025,8,17,10,VRB01KT,10,10
2025-08-17 11:00:00.000,2025,8,17,11,VRB02KT,10,10
2025-08-17 11:11:00.000,2025,8,17,11,VRB02KT,08,08
2025-08-17 11:42:00.000,2025,8,17,11,25003KT,11,11
2025-08-17 12:00:00.000,2025,8,17,12,27003KT,11,11
2025-08-17 13:00:00.000,2025,8,17,13,VRB02KT,13,12
2025-08-17 14:00:00.000,2025,8,17,14,13004KT,14,11
2025-08-17 15:00:00.000,2025,8,17,15,VRB03KT,16,11
2025-08-17 16:00:00.000,2025,8,17,16,VRB01KT,17,11
2025-08-17 17:00:00.000,2025,8,17,17,VRB04KT,18,11
2025-08-17 17:19:00.000,2025,8,17,17,24011KT,17,13
2025-08-17 18:00:00.000,2025,8,17,18,25006KT,16,13
2025-08-17 19:00:00.000,2025,8,17,19,35006KT,17,13
2025-08-17 19:23:00.000,2025,8,17,19,04006KT,15,14
2025-08-17 19:34:00.000,2025,8,17,19,VRB06G19KT,13,13
2025-08-17 20:00:00.000,2025,8,17,20,VRB06KT,13,13
2025-08-17 20:12:00.000,2025,8,17,20,28006KT,14,13
2025-08-17 21:00:00.000,2025,8,17,21,29007KT,16,15
2025-08-17 22:00:00.000,2025,8,17,22,26005KT,16,13
2025-08-17 23:00:00.000,2025,8,17,23,34006KT,14,13
2025-08-18 00:00:00.000,2025,8,18,0,02004KT,14,12
2025-08-18 01:00:00.000,2025,8,18,1,VRB04KT,14,11
2025-08-18 02:00:00.000,2025,8,18,2,VRB02KT,12,12
2025-08-18 03:00:00.000,2025,8,18,3,VRB02KT,12,12
2025-08-18 04:00:00.000,2025,8,18,4,31004KT,13,13
2025-08-18 05:00:00.000,2025,8,18,5,01002KT,12,12
2025-08-18 06:00:00.000,2025,8,18,6,VRB02KT,12,12
2025-08-18 07:00:00.000,2025,8,18,7,34002KT,11,11
2025-08-18 08:00:00.000,2025,8,18,8,VRB02KT,12,12
2025-08-18 09:00:00.000,2025,8,18,9,31003KT,11,11
2025-08-18 10:00:00.000,2025,8,18,10,VRB01KT,12,12
2025-08-18 10:30:00.000,2025,8,18,10,34002KT,11,11
2025-08-18 11:00:00.000,2025,8,18,11,VRB02KT,11,11
2025-08-18 12:00:00.000,2025,8,18,12,35002KT,12,12
2025-08-18 12:37:00.000,2025,8,18,12,VRB01KT,12,12
2025-08-18 13:00:00.000,2025,8,18,13,VRB01KT,13,12
2025-08-18 14:00:00.000,2025,8,18,14,VRB02KT,15,12
2025-08-18 14:38:00.000,2025,8,18,14,13005KT,17,11
2025-08-18 15:00:00.000,2025,8,18,15,18006KT,16,11
2025-08-18 16:00:00.000,2025,8,18,16,14007KT,18,10
2025-08-18 17:00:00.000,2025,8,18,17,12006KT,18,09
2025-08-18 18:00:00.000,2025,8,18,18,17006KT,19,09
2025-08-18 18:24:00.000,2025,8,18,18,13007G17KT,18,08
2025-08-18 19:00:00.000,2025,8,18,19,13006KT,17,10
2025-08-18 19:10:00.000,2025,8,18,19,14008KT,19,09
2025-08-18 20:00:00.000,2025,8,18,20,15011KT,19,09
2025-08-18 21:00:00.000,2025,8,18,21,16005KT,19,08
2025-08-18 22:00:00.000,2025,8,18,22,17010KT,18,07
2025-08-18 23:00:00.000,2025,8,18,23,12004KT,17,09
2025-08-19 00:00:00.000,2025,8,19,0,27004KT,16,11
2025-08-19 01:00:00.000,2025,8,19,1,VRB01KT,13,13
2025-08-19 02:00:00.000,2025,8,19,2,VRB01KT,13,10
2025-08-19 03:00:00.000,2025,8,19,3,14005KT,13,09
2025-08-19 04:00:00.000,2025,8,19,4,33005KT,12,10
2025-08-19 05:00:00.000,2025,8,19,5,VRB02KT,11,10
2025-08-19 05:04:00.000,2025,8,19,5,VRB03KT,11,10
2025-08-19 05:22:00.000,2025,8,19,5,VRB01KT,11,11
2025-08-19 06:00:00.000,2025,8,19,6,16004KT,12,11
2025-08-19 07:00:00.000,2025,8,19,7,34004KT,11,11
2025-08-19 08:00:00.000,2025,8,19,8,04004KT,11,11
2025-08-19 09:00:00.000,2025,8,19,9,05005KT,11,11
2025-08-19 10:00:00.000,2025,8,19,10,03004KT,10,10
2025-08-19 11:00:00.000,2025,8,19,11,04005KT,11,11
2025-08-19 12:00:00.000,2025,8,19,12,VRB01KT,11,11
2025-08-19 13:00:00.000,2025,8,19,13,03005KT,14,11
2025-08-19 14:00:00.000,2025,8,19,14,05005KT,15,11
2025-08-19 15:00:00.000,2025,8,19,15,VRB02KT,17,10
2025-08-19 16:00:00.000,2025,8,19,16,VRB04KT,19,10
2025-08-19 17:00:00.000,2025,8,19,17,11004KT,18,08
2025-08-19 17:22:00.000,2025,8,19,17,VRB04KT,18,08
2025-08-19 18:00:00.000,2025,8,19,18,28009KT,17,12
2025-08-19 18:08:00.000,2025,8,19,18,29008KT,17,12
2025-08-19 18:17:00.000,2025,8,19,18,26008KT,17,12
2025-08-19 18:37:00.000,2025,8,19,18,21004KT,16,13
2025-08-19 19:00:00.000,2025,8,19,19,21006G16KT,17,14
2025-08-19 19:17:00.000,2025,8,19,19,13009KT,17,11
2025-08-19 20:00:00.000,2025,8,19,20,10006KT,18,10
2025-08-19 20:34:00.000,2025,8,19,20,14006KT,19,09
2025-08-19 21:00:00.000,2025,8,19,21,15008KT,20,09
2025-08-19 22:00:00.000,2025,8,19,22,VRB03KT,18,09
2025-08-19 23:00:00.000,2025,8,19,23,08004KT,18,09
2025-08-20 00:00:00.000,2025,8,20,0,11006KT,16,09
2025-08-20 01:00:00.000,2025,8,20,1,11004KT,15,10
2025-08-20 02:00:00.000,2025,8,20,2,03003KT,13,10
2025-08-20 03:00:00.000,2025,8,20,3,05004KT,11,11
2025-08-20 13:00:00.000,2025,8,20,13,04008KT,13,11
2025-08-20 14:00:00.000,2025,8,20,14,04004KT,15,11
2025-08-20 14:05:00.000,2025,8,20,14,06004KT,17,10
2025-08-20 15:00:00.000,2025,8,20,15,VRB05KT,18,10
2025-08-20 15:30:00.000,2025,8,20,15,13011G23KT,20,08
2025-08-20 16:00:00.000,2025,8,20,16,14011KT,20,09
2025-08-20 17:00:00.000,2025,8,20,17,15012KT,21,09
2025-08-20 18:00:00.000,2025,8,20,18,12009KT,21,08
2025-08-20 19:00:00.000,2025,8,20,19,12010G20KT,21,09
2025-08-20 20:00:00.000,2025,8,20,20,12010KT,21,06
2025-08-20 21:00:00.000,2025,8,20,21,11007KT,21,06
2025-08-20 22:00:00.000,2025,8,20,22,12008KT,19,07
2025-08-20 23:00:00.000,2025,8,20,23,14008KT,17,09
2025-08-21 00:00:00.000,2025,8,21,0,11004KT,16,07
2025-08-21 01:00:00.000,2025,8,21,1,08003KT,15,08
2025-08-21 02:00:00.000,2025,8,21,2,16008KT,15,08
2025-08-21 03:00:00.000,2025,8,21,3,14007KT,15,07
2025-08-21 04:00:00.000,2025,8,21,4,VRB02KT,11,09
2025-08-21 05:00:00.000,2025,8,21,5,34004KT,12,09
2025-08-21 05:19:00.000,2025,8,21,5,19007KT,14,09
2025-08-21 06:00:00.000,2025,8,21,6,16006KT,14,09
2025-08-21 07:00:00.000,2025,8,21,7,02003KT,12,10
2025-08-21 08:00:00.000,2025,8,21,8,07004KT,11,10
2025-08-21 09:00:00.000,2025,8,21,9,01003KT,10,10
2025-08-21 10:00:00.000,2025,8,21,10,10003KT,11,11
2025-08-21 10:31:00.000,2025,8,21,10,08003KT,10,10
2025-08-21 11:00:00.000,2025,8,21,11,VRB02KT,10,10
2025-08-21 12:00:00.000,2025,8,21,12,05004KT,12,11
2025-08-21 13:00:00.000,2025,8,21,13,03006KT,13,11
2025-08-21 13:30:00.000,2025,8,21,13,06007KT,16,09
2025-08-21 14:00:00.000,2025,8,21,14,07005KT,16,09
2025-08-21 15:00:00.000,2025,8,21,15,VRB03KT,17,08
2025-08-21 16:00:00.000,2025,8,21,16,08009KT,18,07
2025-08-21 17:00:00.000,2025,8,21,17,10010KT,19,08
2025-08-21 18:00:00.000,2025,8,21,18,06007KT,18,09
2025-08-21 19:00:00.000,2025,8,21,19,06007KT,17,09
2025-08-21 19:37:00.000,2025,8,21,19,23006KT,17,09
2025-08-21 20:00:00.000,2025,8,21,20,23006KT,17,10
2025-08-21 20:33:00.000,2025,8,21,20,24006KT,19,10
2025-08-21 21:00:00.000,2025,8,21,21,09004KT,19,09
2025-08-21 22:00:00.000,2025,8,21,22,12007KT,19,08
2025-08-21 23:00:00.000,2025,8,21,23,19006KT,17,10
2025-08-22 00:00:00.000,2025,8,22,0,12007KT,16,09
2025-08-22 01:00:00.000,2025,8,22,1,22005KT,16,10
2025-08-22 02:00:00.000,2025,8,22,2,VRB02KT,15,09
2025-08-22 03:00:00.000,2025,8,22,3,09003KT,14,11
2025-08-22 04:00:00.000,2025,8,22,4,08005KT,14,10
2025-08-22 05:00:00.000,2025,8,22,5,03003KT,12,10
2025-08-22 06:00:00.000,2025,8,22,6,02003KT,11,10
2025-08-22 07:00:00.000,2025,8,22,7,03003KT,11,10
2025-08-22 08:00:00.000,2025,8,22,8,31004KT,10,10
2025-08-22 09:00:00.000,2025,8,22,9,VRB02KT,10,10
2025-08-22 10:00:00.000,2025,8,22,10,03005KT,07,07
2025-08-22 10:31:00.000,2025,8,22,10,03003KT,08,08
2025-08-22 11:00:00.000,2025,8,22,11,VRB02KT,08,08
2025-08-22 12:00:00.000,2025,8,22,12,06003KT,10,10
2025-08-22 12:20:00.000,2025,8,22,12,04003KT,12,11
2025-08-22 13:00:00.000,2025,8,22,13,32006KT,13,11
2025-08-22 13:36:00.000,2025,8,22,13,VRB03KT,15,10
2025-08-22 14:00:00.000,2025,8,22,14,07004KT,16,10
2025-08-22 15:00:00.000,2025,8,22,15,19005KT,17,09
2025-08-22 16:00:00.000,2025,8,22,16,18007KT,19,08
2025-08-22 17:00:00.000,2025,8,22,17,18012KT,20,08
2025-08-22 18:00:00.000,2025,8,22,18,22010KT,19,09
2025-08-22 19:00:00.000,2025,8,22,19,25011KT,17,11
2025-08-22 19:18:00.000,2025,8,22,19,29008KT,15,13
2025-08-22 20:00:00.000,2025,8,22,20,36004KT,14,14
2025-08-22 20:12:00.000,2025,8,22,20,30007KT,13,13
2025-08-22 21:00:00.000,2025,8,22,21,30007KT,15,15
2025-08-22 22:00:00.000,2025,8,22,22,26007KT,15,13
2025-08-22 23:00:00.000,2025,8,22,23,28007KT,13,13
2025-08-23 00:00:00.000,2025,8,23,0,31007KT,12,12
2025-08-23 01:00:00.000,2025,8,23,1,36004KT,12,12
2025-08-23 02:00:00.000,2025,8,23,2,VRB01KT,11,11
2025-08-23 03:00:00.000,2025,8,23,3,VRB02KT,12,12
2025-08-23 04:00:00.000,2025,8,23,4,VRB02KT,11,11
2025-08-23 05:00:00.000,2025,8,23,5,02003KT,12,12
2025-08-23 06:00:00.000,2025,8,23,6,VRB02KT,12,12
2025-08-23 07:00:00.000,2025,8,23,7,23006KT,12,12
2025-08-23 08:00:00.000,2025,8,23,8,02002KT,12,12
2025-08-23 09:00:00.000,2025,8,23,9,VRB01KT,12,12
2025-08-23 10:00:00.000,2025,8,23,10,04004KT,11,11
2025-08-23 10:31:00.000,2025,8,23,10,06005KT,11,11
2025-08-23 11:00:00.000,2025,8,23,11,04005KT,11,11
2025-08-23 12:00:00.000,2025,8,23,12,VRB02KT,13,13
2025-08-23 13:00:00.000,2025,8,23,13,08004KT,15,12
2025-08-23 14:00:00.000,2025,8,23,14,11005KT,17,11
2025-08-23 15:00:00.000,2025,8,23,15,11005KT,17,10
2025-08-23 16:00:00.000,2025,8,23,16,14009KT,18,09
2025-08-23 16:28:00.000,2025,8,23,16,11008KT,18,09
2025-08-23 17:00:00.000,2025,8,23,17,13011KT,18,09
2025-08-23 18:00:00.000,2025,8,23,18,12008KT,19,08
2025-08-23 19:00:00.000,2025,8,23,19,13013KT,19,08
2025-08-23 20:00:00.000,2025,8,23,20,14009KT,19,09
2025-08-23 21:00:00.000,2025,8,23,21,09007KT,19,08
2025-08-23 22:00:00.000,2025,8,23,22,12009KT,18,09
2025-08-23 23:00:00.000,2025,8,23,23,13008KT,17,08
2025-08-24 00:00:00.000,2025,8,24,0,12005KT,15,08
2025-08-24 01:00:00.000,2025,8,24,1,07004KT,13,09
2025-08-24 02:00:00.000,2025,8,24,2,03004KT,13,09
2025-08-24 03:00:00.000,2025,8,24,3,05004KT,13,10
2025-08-24 04:00:00.000,2025,8,24,4,02003KT,12,10
2025-08-24 05:00:00.000,2025,8,24,5,06005KT,11,09
2025-08-24 06:00:00.000,2025,8,24,6,05003KT,12,10
2025-08-24 07:00:00.000,2025,8,24,7,10003KT,11,10
2025-08-24 08:00:00.000,2025,8,24,8,VRB02KT,09,09
2025-08-24 09:00:00.000,2025,8,24,9,VRB02KT,09,09
2025-08-24 10:00:00.000,2025,8,24,10,VRB02KT,07,07
2025-08-24 10:30:00.000,2025,8,24,10,04003KT,07,07
2025-08-24 11:00:00.000,2025,8,24,11,06003KT,08,08
2025-08-24 12:00:00.000,2025,8,24,12,03004KT,09,09
2025-08-24 12:06:00.000,2025,8,24,12,06006KT,11,10
2025-08-24 12:39:00.000,2025,8,24,12,04005KT,13,10
2025-08-24 13:00:00.000,2025,8,24,13,04006KT,13,10
2025-08-24 13:39:00.000,2025,8,24,13,04005KT,15,10
2025-08-24 14:00:00.000,2025,8,24,14,06005KT,15,09
2025-08-24 15:00:00.000,2025,8,24,15,VRB04KT,18,09
2025-08-24 16:00:00.000,2025,8,24,16,06006KT,18,09
2025-08-24 16:20:00.000,2025,8,24,16,09007KT,18,08
2025-08-24 17:00:00.000,2025,8,24,17,09008KT,18,07
2025-08-24 18:00:00.000,2025,8,24,18,11009KT,19,08
2025-08-24 19:00:00.000,2025,8,24,19,12011KT,20,07
2025-08-24 20:00:00.000,2025,8,24,20,11008KT,20,07
2025-08-24 21:00:00.000,2025,8,24,21,08007KT,20,07
2025-08-24 22:00:00.000,2025,8,24,22,13011KT,19,07
2025-08-24 23:00:00.000,2025,8,24,23,13010KT,18,07
2025-08-25 00:00:00.000,2025,8,25,0,13009KT,16,07
2025-08-25 01:00:00.000,2025,8,25,1,13006KT,15,07
2025-08-25 02:00:00.000,2025,8,25,2,03007KT,13,08
2025-08-25 02:41:00.000,2025,8,25,2,12004KT,14,08
2025-08-25 03:00:00.000,2025,8,25,3,14006KT,14,09
2025-08-25 03:12:00.000,2025,8,25,3,14008KT,13,11
2025-08-25 04:00:00.000,2025,8,25,4,19009KT,12,11
2025-08-25 04:23:00.000,2025,8,25,4,17010KT,12,11
2025-08-25 05:00:00.000,2025,8,25,5,15008KT,12,11
2025-08-25 06:00:00.000,2025,8,25,6,07006KT,11,10
2025-08-25 07:00:00.000,2025,8,25,7,36003KT,11,10
2025-08-25 08:00:00.000,2025,8,25,8,09003KT,11,10
2025-08-25 09:00:00.000,2025,8,25,9,VRB02KT,10,10
2025-08-25 10:00:00.000,2025,8,25,10,02005KT,10,10
2025-08-25 10:32:00.000,2025,8,25,10,03005KT,11,11
2025-08-25 11:00:00.000,2025,8,25,11,04005KT,11,11
2025-08-25 11:10:00.000,2025,8,25,11,VRB02KT,11,11
2025-08-25 12:00:00.000,2025,8,25,12,VRB01KT,11,11
2025-08-25 12:13:00.000,2025,8,25,12,19004KT,13,12
2025-08-25 13:00:00.000,2025,8,25,13,03005KT,13,12
2025-08-25 14:00:00.000,2025,8,25,14,06007KT,15,13
2025-08-25 15:00:00.000,2025,8,25,15,12007KT,16,09
2025-08-25 16:00:00.000,2025,8,25,16,07007KT,16,11
2025-08-25 17:00:00.000,2025,8,25,17,07007KT,17,11
2025-08-25 18:00:00.000,2025,8,25,18,14009KT,17,09
2025-08-25 18:05:00.000,2025,8,25,18,14009KT,16,09
2025-08-25 18:37:00.000,2025,8,25,18,18012KT,15,11
2025-08-25 19:00:00.000,2025,8,25,19,16011KT,14,12
2025-08-25 19:20:00.000,2025,8,25,19,17012KT,16,12
2025-08-25 20:00:00.000,2025,8,25,20,18014KT,15,12
2025-08-25 21:00:00.000,2025,8,25,21,17015KT,16,11
2025-08-25 22:00:00.000,2025,8,25,22,14011KT,16,10
2025-08-25 23:00:00.000,2025,8,25,23,15013KT,15,10
2025-08-26 00:00:00.000,2025,8,26,0,14005KT,14,09
2025-08-26 01:00:00.000,2025,8,26,1,07005KT,12,10
2025-08-26 02:00:00.000,2025,8,26,2,10005KT,14,10
2025-08-26 03:00:00.000,2025,8,26,3,13006KT,13,10
2025-08-26 04:00:00.000,2025,8,26,4,10005KT,13,09
2025-08-26 05:00:00.000,2025,8,26,5,11004KT,13,10
2025-08-26 06:00:00.000,2025,8,26,6,VRB02KT,12,09
2025-08-26 07:00:00.000,2025,8,26,7,35003KT,09,09
2025-08-26 08:00:00.000,2025,8,26,8,VRB01KT,09,09
2025-08-26 09:00:00.000,2025,8,26,9,07006KT,10,09
2025-08-26 10:00:00.000,2025,8,26,10,VRB01KT,10,09
2025-08-26 10:32:00.000,2025,8,26,10,33003KT,09,09
2025-08-26 11:00:00.000,2025,8,26,11,01003KT,09,09
2025-08-26 12:00:00.000,2025,8,26,12,34003KT,10,10
2025-08-26 12:35:00.000,2025,8,26,12,16004KT,12,10
2025-08-26 13:00:00.000,2025,8,26,13,14006KT,13,10
2025-08-26 13:04:00.000,2025,8,26,13,15006KT,14,10
2025-08-26 14:00:00.000,2025,8,26,14,16005KT,15,10
2025-08-26 15:00:00.000,2025,8,26,15,18012KT,15,09
2025-08-26 16:00:00.000,2025,8,26,16,14006KT,15,09
2025-08-26 17:00:00.000,2025,8,26,17,12005KT,16,10
2025-08-26 18:00:00.000,2025,8,26,18,15009KT,16,10
2025-08-26 19:00:00.000,2025,8,26,19,17009KT,17,10
2025-08-26 20:00:00.000,2025,8,26,20,14007KT,17,10
2025-08-26 21:00:00.000,2025,8,26,21,16011KT,17,10
2025-08-26 21:35:00.000,2025,8,26,21,15012KT,16,10
2025-08-26 22:00:00.000,2025,8,26,22,17012KT,16,10
2025-08-26 23:00:00.000,2025,8,26,23,17010KT,15,09
2025-08-27 00:00:00.000,2025,8,27,0,14006KT,14,09
2025-08-27 01:00:00.000,2025,8,27,1,17006KT,14,10
2025-08-27 02:00:00.000,2025,8,27,2,VRB01KT,13,11
2025-08-27 03:00:00.000,2025,8,27,3,10004KT,14,11
2025-08-27 04:00:00.000,2025,8,27,4,11003KT,13,10
2025-08-27 05:00:00.000,2025,8,27,5,02002KT,11,11
2025-08-27 06:00:00.000,2025,8,27,6,VRB02KT,11,11
2025-08-27 07:00:00.000,2025,8,27,7,VRB02KT,11,11
2025-08-27 08:00:00.000,2025,8,27,8,15006KT,12,10
2025-08-27 09:00:00.000,2025,8,27,9,13005KT,12,10
2025-08-27 10:00:00.000,2025,8,27,10,16011KT,12,10
2025-08-27 11:00:00.000,2025,8,27,11,VRB02KT,12,10
2025-08-27 12:00:00.000,2025,8,27,12,14007KT,13,10
2025-08-27 13:00:00.000,2025,8,27,13,14011KT,14,10
2025-08-27 14:00:00.000,2025,8,27,14,17010KT,15,11
2025-08-27 15:00:00.000,2025,8,27,15,16013KT,15,11
2025-08-27 16:00:00.000,2025,8,27,16,16012KT,16,11
2025-08-27 17:00:00.000,2025,8,27,17,15016KT,15,11
2025-08-27 17:22:00.000,2025,8,27,17,15015KT,17,11
2025-08-27 18:00:00.000,2025,8,27,18,15015G25KT,17,10
2025-08-27 19:00:00.000,2025,8,27,19,16015KT,18,10
2025-08-27 20:00:00.000,2025,8,27,20,17016KT,18,10
2025-08-27 21:00:00.000,2025,8,27,21,15013KT,18,09
2025-08-27 22:00:00.000,2025,8,27,22,16013KT,16,09
2025-08-27 23:00:00.000,2025,8,27,23,16012KT,15,09
2025-08-28 00:00:00.000,2025,8,28,0,16013KT,15,09
2025-08-28 01:00:00.000,2025,8,28,1,15009KT,14,09
2025-08-28 02:00:00.000,2025,8,28,2,16009KT,13,09
2025-08-28 03:00:00.000,2025,8,28,3,14009KT,12,09
2025-08-28 04:00:00.000,2025,8,28,4,11003KT,13,09
2025-08-28 05:00:00.000,2025,8,28,5,15008KT,14,09
2025-08-28 06:00:00.000,2025,8,28,6,14004KT,13,09
2025-08-28 07:00:00.000,2025,8,28,7,09003KT,13,09
2025-08-28 08:00:00.000,2025,8,28,8,10006KT,13,09
2025-08-28 09:00:00.000,2025,8,28,9,11008KT,13,09
2025-08-28 10:00:00.000,2025,8,28,10,10005KT,13,09
2025-08-28 10:30:00.000,2025,8,28,10,11006KT,13,09
2025-08-28 11:00:00.000,2025,8,28,11,11007KT,13,09
2025-08-28 12:00:00.000,2025,8,28,12,11008KT,13,09
2025-08-28 12:42:00.000,2025,8,28,12,13008KT,15,09
2025-08-28 13:00:00.000,2025,8,28,13,13009KT,15,08
2025-08-28 14:00:00.000,2025,8,28,14,13015KT,16,08
2025-08-28 15:00:00.000,2025,8,28,15,12010KT,16,09
2025-08-28 16:00:00.000,2025,8,28,16,13014KT,17,08
2025-08-28 17:00:00.000,2025,8,28,17,15015KT,16,09
2025-08-28 18:00:00.000,2025,8,28,18,14013KT,17,08
2025-08-28 19:00:00.000,2025,8,28,19,14015KT,17,08
2025-08-28 20:00:00.000,2025,8,28,20,16016KT,17,08
2025-08-28 20:21:00.000,2025,8,28,20,16015G26KT,17,08
2025-08-28 21:00:00.000,2025,8,28,21,16014KT,16,08
2025-08-28 22:00:00.000,2025,8,28,22,14011KT,17,08
2025-08-28 23:00:00.000,2025,8,28,23,12009KT,15,06
2025-08-29 00:00:00.000,2025,8,29,0,11007KT,14,07
2025-08-29 01:00:00.000,2025,8,29,1,10005KT,14,07
2025-08-29 02:00:00.000,2025,8,29,2,13007KT,13,06
2025-08-29 03:00:00.000,2025,8,29,3,13005KT,11,06
2025-08-29 04:00:00.000,2025,8,29,4,05006KT,08,08
2025-08-29 05:00:00.000,2025,8,29,5,33004KT,08,08
2025-08-29 06:00:00.000,2025,8,29,6,26003KT,07,07
2025-08-29 07:00:00.000,2025,8,29,7,VRB02KT,06,06
2025-08-29 08:00:00.000,2025,8,29,8,35004KT,06,06
2025-08-29 09:00:00.000,2025,8,29,9,32003KT,07,07
2025-08-29 10:00:00.000,2025,8,29,10,34003KT,08,08
2025-08-29 10:30:00.000,2025,8,29,10,VRB02KT,08,08
2025-08-29 11:00:00.000,2025,8,29,11,35003KT,08,08
2025-08-29 12:00:00.000,2025,8,29,12,03005KT,10,09
2025-08-29 13:00:00.000,2025,8,29,13,03007KT,11,10
2025-08-29 14:00:00.000,2025,8,29,14,05006KT,13,09
2025-08-29 15:00:00.000,2025,8,29,15,06008KT,15,09
2025-08-29 16:00:00.000,2025,8,29,16,18005KT,16,09
2025-08-29 17:00:00.000,2025,8,29,17,13008KT,17,06
2025-08-29 18:00:00.000,2025,8,29,18,13009KT,18,05
2025-08-29 19:00:00.000,2025,8,29,19,15009KT,18,07
2025-08-29 20:00:00.000,2025,8,29,20,19007KT,18,07
2025-08-29 21:00:00.000,2025,8,29,21,VRB04KT,19,06
2025-08-29 22:00:00.000,2025,8,29,22,07006KT,18,08
2025-08-29 23:00:00.000,2025,8,29,23,09004KT,17,07
2025-08-30 00:00:00.000,2025,8,30,0,13003KT,16,07
2025-08-30 01:00:00.000,2025,8,30,1,32004KT,13,11
2025-08-30 02:00:00.000,2025,8,30,2,VRB03KT,12,12
2025-08-30 02:40:00.000,2025,8,30,2,VRB02KT,13,12
2025-08-30 03:00:00.000,2025,8,30,3,VRB03KT,14,12
2025-08-30 04:00:00.000,2025,8,30,4,VRB01KT,11,11
2025-08-30 05:00:00.000,2025,8,30,5,02003KT,11,11
2025-08-30 06:00:00.000,2025,8,30,6,35003KT,11,11
2025-08-30 07:00:00.000,2025,8,30,7,35002KT,11,11
2025-08-30 08:00:00.000,2025,8,30,8,VRB02KT,11,11
2025-08-30 09:00:00.000,2025,8,30,9,36003KT,10,10
2025-08-30 10:00:00.000,2025,8,30,10,03002KT,09,09
2025-08-30 10:34:00.000,2025,8,30,10,36003KT,08,08
2025-08-30 11:00:00.000,2025,8,30,11,01002KT,07,07
2025-08-30 12:00:00.000,2025,8,30,12,VRB01KT,09,09
2025-08-30 13:00:00.000,2025,8,30,13,35004KT,12,11
2025-08-30 14:00:00.000,2025,8,30,14,04004KT,15,10
2025-08-30 15:00:00.000,2025,8,30,15,VRB01KT,16,09
2025-08-30 16:00:00.000,2025,8,30,16,11004KT,18,08
2025-08-30 17:00:00.000,2025,8,30,17,14007KT,19,08
2025-08-30 18:00:00.000,2025,8,30,18,08005KT,19,08
2025-08-30 19:00:00.000,2025,8,30,19,10006KT,20,07
2025-08-30 19:21:00.000,2025,8,30,19,10005KT,20,07
2025-08-30 20:00:00.000,2025,8,30,20,10004KT,21,07
2025-08-30 21:00:00.000,2025,8,30,21,29008KT,18,11
2025-08-30 22:00:00.000,2025,8,30,22,26008KT,17,12
2025-08-30 23:00:00.000,2025,8,30,23,27007KT,16,12
2025-08-31 00:00:00.000,2025,8,31,0,26005KT,15,11
2025-08-31 01:00:00.000,2025,8,31,1,31004KT,13,13
2025-08-31 02:00:00.000,2025,8,31,2,31005KT,14,13
2025-08-31 02:19:00.000,2025,8,31,2,31006KT,13,13
2025-08-31 03:00:00.000,2025,8,31,3,07003KT,13,13
2025-08-31 03:20:00.000,2025,8,31,3,34003KT,13,13
2025-08-31 03:42:00.000,2025,8,31,3,VRB02KT,13,13
2025-08-31 04:00:00.000,2025,8,31,4,VRB02KT,13,13
2025-08-31 05:00:00.000,2025,8,31,5,18006KT,13,13
2025-08-31 06:00:00.000,2025,8,31,6,VRB01KT,12,12
2025-08-31 07:00:00.000,2025,8,31,7,VRB02KT,11,11
2025-08-31 08:00:00.000,2025,8,31,8,VRB02KT,11,11
2025-08-31 09:00:00.000,2025,8,31,9,VRB02KT,10,10
2025-08-31 10:00:00.000,2025,8,31,10,VRB02KT,10,10
2025-08-31 10:30:00.000,2025,8,31,10,01003KT,10,10
2025-08-31 11:00:00.000,2025,8,31,11,VRB02KT,10,10
2025-08-31 12:00:00.000,2025,8,31,12,06005KT,09,09
2025-08-31 12:39:00.000,2025,8,31,12,05006KT,13,12
2025-08-31 13:00:00.000,2025,8,31,13,05006KT,13,12
2025-08-31 13:31:00.000,2025,8,31,13,VRB04KT,15,12
2025-08-31 14:00:00.000,2025,8,31,14,05005KT,15,11
2025-08-31 15:00:00.000,2025,8,31,15,08006KT,16,11
2025-08-31 16:00:00.000,2025,8,31,16,08004KT,18,11
2025-08-31 17:00:00.000,2025,8,31,17,07009KT,19,11
2025-08-31 17:20:00.000,2025,8,31,17,07009KT,17,11
2025-08-31 18:00:00.000,2025,8,31,18,11006KT,18,12
2025-08-31 19:00:00.000,2025,8,31,19,12010KT,19,10
2025-08-31 20:00:00.000,2025,8,31,20,12009KT,19,09
2025-08-31 21:00:00.000,2025,8,31,21,11009KT,16,10
2025-08-31 22:00:00.000,2025,8,31,22,13010KT,17,10
2025-08-31 23:00:00.000,2025,8,31,23,10005KT,17,09
2025-09-01 00:00:00.000,2025,9,1,0,10005KT,16,09
2025-09-01 01:00:00.000,2025,9,1,1,07003KT,15,10
2025-09-01 02:00:00.000,2025,9,1,2,04007KT,14,11
2025-09-01 03:00:00.000,2025,9,1,3,VRB02KT,13,11
2025-09-01 04:00:00.000,2025,9,1,4,36002KT,13,11
2025-09-01 05:00:00.000,2025,9,1,5,34004KT,12,11
2025-09-01 06:00:00.000,2025,9,1,6,03005KT,11,11
2025-09-01 07:00:00.000,2025,9,1,7,03004KT,11,11
2025-09-01 08:00:00.000,2025,9,1,8,06004KT,11,11
2025-09-01 09:00:00.000,2025,9,1,9,03003KT,10,10
2025-09-01 10:00:00.000,2025,9,1,10,34004KT,10,10
2025-09-01 10:35:00.000,2025,9,1,10,36002KT,10,10
2025-09-01 11:00:00.000,2025,9,1,11,33004KT,08,08
2025-09-01 12:00:00.000,2025,9,1,12,03002KT,09,09
2025-09-01 13:00:00.000,2025,9,1,13,VRB02KT,15,10
2025-09-01 14:00:00.000,2025,9,1,14,06005KT,16,10
2025-09-01 15:00:00.000,2025,9,1,15,06005KT,16,10
2025-09-01 16:00:00.000,2025,9,1,16,29005KT,16,10
2025-09-01 17:00:00.000,2025,9,1,17,VRB02KT,18,11
2025-09-01 18:00:00.000,2025,9,1,18,VRB04KT,17,10
2025-09-01 18:11:00.000,2025,9,1,18,02004KT,16,12
2025-09-01 19:00:00.000,2025,9,1,19,15009G22KT,18,10
2025-09-01 20:00:00.000,2025,9,1,20,19010KT,19,11
2025-09-01 21:00:00.000,2025,9,1,21,16015KT,17,10
2025-09-01 21:23:00.000,2025,9,1,21,14011KT,15,10
2025-09-01 22:00:00.000,2025,9,1,22,17008KT,14,12
2025-09-01 23:00:00.000,2025,9,1,23,17009KT,14,11
2025-09-02 00:00:00.000,2025,9,2,0,13007KT,13,10
2025-09-02 01:00:00.000,2025,9,2,1,35004KT,12,10
2025-09-02 02:00:00.000,2025,9,2,2,07007KT,12,11
2025-09-02 03:00:00.000,2025,9,2,3,02004KT,11,11
2025-09-02 04:00:00.000,2025,9,2,4,06006KT,12,11
2025-09-02 05:00:00.000,2025,9,2,5,02003KT,11,11
2025-09-02 06:00:00.000,2025,9,2,6,13006KT,11,09
2025-09-02 07:00:00.000,2025,9,2,7,35004KT,10,10
2025-09-02 08:00:00.000,2025,9,2,8,05004KT,11,11
2025-09-02 09:00:00.000,2025,9,2,9,03003KT,11,11
2025-09-02 10:00:00.000,2025,9,2,10,06004KT,11,11
2025-09-02 10:32:00.000,2025,9,2,10,VRB02KT,11,11
2025-09-02 11:00:00.000,2025,9,2,11,VRB02KT,11,11
2025-09-02 12:00:00.000,2025,9,2,12,VRB02KT,12,12
2025-09-02 13:00:00.000,2025,9,2,13,01003KT,13,12
2025-09-02 13:03:00.000,2025,9,2,13,36003KT,13,12
2025-09-02 13:18:00.000,2025,9,2,13,VRB02KT,14,13
2025-09-02 14:00:00.000,2025,9,2,14,14008KT,15,11
2025-09-02 15:00:00.000,2025,9,2,15,02004KT,15,12
2025-09-02 16:00:00.000,2025,9,2,16,16007KT,17,10
2025-09-02 17:00:00.000,2025,9,2,17,14010KT,16,10
2025-09-02 17:19:00.000,2025,9,2,17,13008KT,18,11
2025-09-02 18:00:00.000,2025,9,2,18,15009KT,18,10
2025-09-02 19:00:00.000,2025,9,2,19,13010KT,19,10
2025-09-02 20:00:00.000,2025,9,2,20,14011KT,18,09
2025-09-02 21:00:00.000,2025,9,2,21,15012KT,17,09
2025-09-02 22:00:00.000,2025,9,2,22,10005KT,18,09
2025-09-02 23:00:00.000,2025,9,2,23,09006KT,16,09
2025-09-03 00:00:00.000,2025,9,3,0,11005KT,15,09
2025-09-03 01:00:00.000,2025,9,3,1,09003KT,15,09
2025-09-03 02:00:00.000,2025,9,3,2,07003KT,13,09
2025-09-03 03:00:00.000,2025,9,3,3,05003KT,11,09
2025-09-03 03:01:00.000,2025,9,3,3,05003KT,11,09
2025-09-03 04:00:00.000,2025,9,3,4,07002KT,11,10
2025-09-03 05:00:00.000,2025,9,3,5,06004KT,10,09
2025-09-03 06:00:00.000,2025,9,3,6,03004KT,09,08
2025-09-03 07:00:00.000,2025,9,3,7,VRB02KT,09,09
2025-09-03 08:00:00.000,2025,9,3,8,35002KT,07,07
2025-09-03 09:00:00.000,2025,9,3,9,VRB02KT,08,08
2025-09-03 10:00:00.000,2025,9,3,10,28005KT,08,08
2025-09-03 10:29:00.000,2025,9,3,10,35001KT,07,07
2025-09-03 11:00:00.000,2025,9,3,11,04002KT,07,07
2025-09-03 12:00:00.000,2025,9,3,12,VRB02KT,08,08
2025-09-03 13:00:00.000,2025,9,3,13,03003KT,13,11
2025-09-03 13:32:00.000,2025,9,3,13,VRB03KT,15,10
2025-09-03 14:00:00.000,2025,9,3,14,VRB02KT,15,10
2025-09-03 15:00:00.000,2025,9,3,15,08007KT,18,09
2025-09-03 16:00:00.000,2025,9,3,16,10009KT,18,08
2025-09-03 17:00:00.000,2025,9,3,17,12011KT,19,08
2025-09-03 17:17:00.000,2025,9,3,17,14015G26KT,18,08
2025-09-03 17:34:00.000,2025,9,3,17,15012KT,18,09
2025-09-03 18:00:00.000,2025,9,3,18,16010KT,19,09
2025-09-03 19:00:00.000,2025,9,3,19,12009KT,19,08
2025-09-03 19:13:00.000,2025,9,3,19,16011KT,18,10
2025-09-03 20:00:00.000,2025,9,3,20,15009G19KT,18,09
2025-09-03 21:00:00.000,2025,9,3,21,15008G18KT,19,08
2025-09-03 22:00:00.000,2025,9,3,22,12006KT,19,08
2025-09-03 23:00:00.000,2025,9,3,23,23006KT,16,12
2025-09-04 00:00:00.000,2025,9,4,0,32003KT,14,13
2025-09-04 01:00:00.000,2025,9,4,1,VRB02KT,13,12
2025-09-04 02:00:00.000,2025,9,4,2,35003KT,12,12
2025-09-04 03:00:00.000,2025,9,4,3,09004KT,15,10
2025-09-04 04:00:00.000,2025,9,4,4,VRB03KT,14,11
2025-09-04 05:00:00.000,2025,9,4,5,04005KT,12,12
2025-09-04 05:25:00.000,2025,9,4,5,12005KT,13,11
2025-09-04 06:00:00.000,2025,9,4,6,06003KT,12,12
2025-09-04 07:00:00.000,2025,9,4,7,11003KT,12,12
2025-09-04 08:00:00.000,2025,9,4,8,06006KT,12,12
2025-09-04 09:00:00.000,2025,9,4,9,02004KT,11,11
2025-09-04 10:00:00.000,2025,9,4,10,06003KT,10,10
2025-09-04 10:30:00.000,2025,9,4,10,06003KT,09,09
2025-09-04 11:00:00.000,2025,9,4,11,08004KT,10,10
2025-09-04 12:00:00.000,2025,9,4,12,05005KT,11,10
2025-09-04 13:00:00.000,2025,9,4,13,03005KT,12,10
2025-09-04 14:00:00.000,2025,9,4,14,02004KT,13,11
2025-09-04 15:00:00.000,2025,9,4,15,05009KT,12,12
2025-09-04 15:13:00.000,2025,9,4,15,05007KT,12,12
2025-09-04 15:31:00.000,2025,9,4,15,07004KT,13,13
2025-09-04 16:00:00.000,2025,9,4,16,06003KT,14,12
2025-09-04 16:24:00.000,2025,9,4,16,11004KT,14,12
2025-09-04 17:00:00.000,2025,9,4,17,VRB03KT,15,12
2025-09-04 17:24:00.000,2025,9,4,17,14004KT,15,11
2025-09-04 18:00:00.000,2025,9,4,18,06007KT,14,14
2025-09-04 18:36:00.000,2025,9,4,18,11005KT,15,13
2025-09-04 19:00:00.000,2025,9,4,19,12007KT,16,12
2025-09-04 19:24:00.000,2025,9,4,19,14012KT,17,11
2025-09-04 19:35:00.000,2025,9,4,19,13007KT,14,12
2025-09-04 20:00:00.000,2025,9,4,20,VRB04KT,14,13
2025-09-04 20:19:00.000,2025,9,4,20,13007KT,17,12
2025-09-04 21:00:00.000,2025,9,4,21,13007KT,17,11
2025-09-04 22:00:00.000,2025,9,4,22,11004KT,17,11
2025-09-04 23:00:00.000,2025,9,4,23,16008KT,16,10
2025-09-05 00:00:00.000,2025,9,5,0,10005KT,15,11
2025-09-05 01:00:00.000,2025,9,5,1,VRB05KT,14,11
2025-09-05 02:00:00.000,2025,9,5,2,03004KT,14,11
2025-09-05 03:00:00.000,2025,9,5,3,05007KT,13,12
2025-09-05 04:00:00.000,2025,9,5,4,04007KT,12,11
2025-09-05 05:00:00.000,2025,9,5,5,03003KT,11,11
2025-09-05 06:00:00.000,2025,9,5,6,VRB02KT,12,11
2025-09-05 07:00:00.000,2025,9,5,7,VRB02KT,11,11
2025-09-05 08:00:00.000,2025,9,5,8,03004KT,11,11
2025-09-05 09:00:00.000,2025,9,5,9,VRB02KT,11,11
2025-09-05 10:00:00.000,2025,9,5,10,35001KT,11,11
2025-09-05 10:30:00.000,2025,9,5,10,36003KT,10,10
2025-09-05 11:00:00.000,2025,9,5,11,36003KT,10,10
2025-09-05 12:00:00.000,2025,9,5,12,33001KT,11,11
2025-09-05 13:00:00.000,2025,9,5,13,VRB02KT,14,12
2025-09-05 14:00:00.000,2025,9,5,14,VRB03KT,15,11
2025-09-05 15:00:00.000,2025,9,5,15,21004KT,16,11
2025-09-05 16:00:00.000,2025,9,5,16,VRB02KT,17,11
2025-09-05 16:23:00.000,2025,9,5,16,15014KT,17,11
2025-09-05 17:00:00.000,2025,9,5,17,19009KT,17,11
2025-09-05 18:00:00.000,2025,9,5,18,16013KT,18,11
2025-09-05 19:00:00.000,2025,9,5,19,17012KT,18,09
2025-09-05 20:00:00.000,2025,9,5,20,17015KT,17,09
2025-09-05 21:00:00.000,2025,9,5,21,16011KT,17,09
2025-09-05 22:00:00.000,2025,9,5,22,VRB04KT,16,09
2025-09-05 22:32:00.000,2025,9,5,22,34004KT,13,13
2025-09-05 23:00:00.000,2025,9,5,23,32005KT,13,13
2025-09-06 00:00:00.000,2025,9,6,0,31003KT,13,13
2025-09-06 01:00:00.000,2025,9,6,1,34003KT,13,13
2025-09-06 02:00:00.000,2025,9,6,2,11005KT,14,11
2025-09-06 03:00:00.000,2025,9,6,3,VRB02KT,13,12
2025-09-06 04:00:00.000,2025,9,6,4,03006KT,11,11
2025-09-06 05:00:00.000,2025,9,6,5,04006KT,11,11
2025-09-06 06:00:00.000,2025,9,6,6,VRB02KT,11,11
2025-09-06 07:00:00.000,2025,9,6,7,34002KT,11,11
2025-09-06 08:00:00.000,2025,9,6,8,VRB02KT,10,10
2025-09-06 09:00:00.000,2025,9,6,9,VRB01KT,10,10
2025-09-06 10:00:00.000,2025,9,6,10,VRB01KT,10,10
2025-09-06 11:00:00.000,2025,9,6,11,02002KT,10,10
2025-09-06 12:00:00.000,2025,9,6,12,34003KT,11,11
2025-09-06 13:00:00.000,2025,9,6,13,VRB02KT,12,12
2025-09-06 15:00:00.000,2025,9,6,15,VRB02KT,16,11
2025-09-06 16:00:00.000,2025,9,6,16,14008KT,18,09
2025-09-06 17:00:00.000,2025,9,6,17,18011KT,17,09
2025-09-06 17:30:00.000,2025,9,6,17,15008KT,18,10
2025-09-06 18:00:00.000,2025,9,6,18,16011KT,18,09
2025-09-06 19:00:00.000,2025,9,6,19,15013KT,18,09
2025-09-06 20:00:00.000,2025,9,6,20,09007KT,19,10
2025-09-06 21:00:00.000,2025,9,6,21,07005KT,18,09
2025-09-06 22:00:00.000,2025,9,6,22,06007KT,16,10
2025-09-06 23:00:00.000,2025,9,6,23,08005KT,15,10
2025-09-07 00:00:00.000,2025,9,7,0,03005KT,14,11
2025-09-07 01:00:00.000,2025,9,7,1,20003KT,15,11
2025-09-07 02:00:00.000,2025,9,7,2,VRB02KT,13,11
2025-09-07 03:00:00.000,2025,9,7,3,20003KT,13,10
2025-09-07 04:00:00.000,2025,9,7,4,36003KT,12,11
2025-09-07 05:00:00.000,2025,9,7,5,05002KT,12,11
2025-09-07 06:00:00.000,2025,9,7,6,VRB01KT,11,11
2025-09-07 07:00:00.000,2025,9,7,7,36003KT,11,11
2025-09-07 08:00:00.000,2025,9,7,8,04003KT,12,12
2025-09-07 08:10:00.000,2025,9,7,8,04003KT,11,11
2025-09-07 09:00:00.000,2025,9,7,9,07005KT,11,11
2025-09-07 10:00:00.000,2025,9,7,10,05004KT,11,11
2025-09-07 10:31:00.000,2025,9,7,10,VRB01KT,11,11
2025-09-07 11:00:00.000,2025,9,7,11,35002KT,11,11
2025-09-07 12:00:00.000,2025,9,7,12,VRB01KT,12,12
2025-09-07 13:00:00.000,2025,9,7,13,06003KT,13,12
2025-09-07 14:00:00.000,2025,9,7,14,VRB02KT,14,12
2025-09-07 15:00:00.000,2025,9,7,15,VRB03KT,17,12
2025-09-07 16:00:00.000,2025,9,7,16,35004KT,16,11
2025-09-07 16:16:00.000,2025,9,7,16,06005KT,12,12
2025-09-07 16:30:00.000,2025,9,7,16,35004KT,12,12
2025-09-07 17:00:00.000,2025,9,7,17,33004KT,13,13
2025-09-07 17:34:00.000,2025,9,7,17,34005KT,15,13
2025-09-07 18:00:00.000,2025,9,7,18,VRB04KT,16,12
2025-09-07 19:00:00.000,2025,9,7,19,01004KT,17,11
2025-09-07 20:00:00.000,2025,9,7,20,04003KT,18,10
2025-09-07 20:04:00.000,2025,9,7,20,VRB05G15KT,17,11
2025-09-07 21:00:00.000,2025,9,7,21,25009KT,14,13
2025-09-07 22:00:00.000,2025,9,7,22,30008KT,14,13
2025-09-07 23:00:00.000,2025,9,7,23,28006KT,14,13
2025-09-08 00:00:00.000,2025,9,8,0,24005KT,13,12
2025-09-08 01:00:00.000,2025,9,8,1,02001KT,12,12
2025-09-08 02:00:00.000,2025,9,8,2,04004KT,10,10
2025-09-08 03:00:00.000,2025,9,8,3,VRB02KT,11,11
2025-09-08 04:00:00.000,2025,9,8,4,02002KT,10,10
2025-09-08 05:00:00.000,2025,9,8,5,01002KT,10,10
2025-09-08 06:00:00.000,2025,9,8,6,VRB01KT,10,10
2025-09-08 07:00:00.000,2025,9,8,7,36003KT,11,10
2025-09-08 08:00:00.000,2025,9,8,8,VRB02KT,10,10
2025-09-08 09:00:00.000,2025,9,8,9,34003KT,10,10
2025-09-08 10:00:00.000,2025,9,8,10,33003KT,09,09
2025-09-08 10:32:00.000,2025,9,8,10,04003KT,09,09
2025-09-08 11:00:00.000,2025,9,8,11,02002KT,09,09
2025-09-08 12:00:00.000,2025,9,8,12,05003KT,11,11
2025-09-08 12:19:00.000,2025,9,8,12,VRB02KT,13,12
2025-09-08 13:00:00.000,2025,9,8,13,07005KT,14,11
2025-09-08 14:00:00.000,2025,9,8,14,19004KT,16,10
2025-09-08 15:00:00.000,2025,9,8,15,13004KT,17,09
2025-09-08 16:00:00.000,2025,9,8,16,11010KT,18,08
2025-09-08 17:00:00.000,2025,9,8,17,09006KT,18,10
2025-09-08 18:00:00.000,2025,9,8,18,08007KT,18,10
2025-09-08 19:00:00.000,2025,9,8,19,13009KT,19,09
2025-09-08 20:00:00.000,2025,9,8,20,12008KT,18,09
2025-09-08 21:00:00.000,2025,9,8,21,18010KT,18,09
2025-09-08 22:00:00.000,2025,9,8,22,16010KT,17,09
2025-09-08 23:00:00.000,2025,9,8,23,15008KT,16,09
2025-09-09 00:00:00.000,2025,9,9,0,13008KT,15,08
2025-09-09 01:00:00.000,2025,9,9,1,17009KT,14,08
2025-09-09 02:00:00.000,2025,9,9,2,13007KT,13,08
2025-09-09 03:00:00.000,2025,9,9,3,01002KT,10,10
2025-09-09 04:00:00.000,2025,9,9,4,03007KT,11,10
2025-09-09 05:00:00.000,2025,9,9,5,07004KT,12,10
2025-09-09 06:00:00.000,2025,9,9,6,36003KT,12,10
2025-09-09 07:00:00.000,2025,9,9,7,36002KT,12,10
2025-09-09 08:00:00.000,2025,9,9,8,05005KT,11,10
2025-09-09 09:00:00.000,2025,9,9,9,VRB02KT,11,10
2025-09-09 10:00:00.000,2025,9,9,10,03003KT,10,10
2025-09-09 11:00:00.000,2025,9,9,11,01003KT,09,09
2025-09-09 12:00:00.000,2025,9,9,12,02004KT,10,10
2025-09-09 13:00:00.000,2025,9,9,13,04007KT,13,10
2025-09-09 14:00:00.000,2025,9,9,14,13009KT,17,09
2025-09-09 15:00:00.000,2025,9,9,15,10009KT,17,08
2025-09-09 16:00:00.000,2025,9,9,16,12011KT,18,08
2025-09-09 17:00:00.000,2025,9,9,17,12010KT,18,09
2025-09-09 18:00:00.000,2025,9,9,18,11009KT,18,08
2025-09-09 19:00:00.000,2025,9,9,19,12010KT,18,09
2025-09-09 19:16:00.000,2025,9,9,19,12010KT,16,09
2025-09-09 20:00:00.000,2025,9,9,20,10005KT,17,10
2025-09-09 21:00:00.000,2025,9,9,21,10008KT,18,09
2025-09-09 22:00:00.000,2025,9,9,22,11007KT,18,09
2025-09-09 23:00:00.000,2025,9,9,23,14009KT,16,08
2025-09-10 00:00:00.000,2025,9,10,0,14008KT,15,09
2025-09-10 01:00:00.000,2025,9,10,1,14008KT,13,09
2025-09-10 02:00:00.000,2025,9,10,2,11006KT,15,08
2025-09-10 03:00:00.000,2025,9,10,3,08003KT,13,10
2025-09-10 04:00:00.000,2025,9,10,4,10005KT,14,09
2025-09-10 05:00:00.000,2025,9,10,5,08003KT,13,09
2025-09-10 06:00:00.000,2025,9,10,6,03003KT,11,10
2025-09-10 07:00:00.000,2025,9,10,7,07004KT,10,09
2025-09-10 08:00:00.000,2025,9,10,8,05005KT,09,09
2025-09-10 09:00:00.000,2025,9,10,9,10003KT,10,10
2025-09-10 10:00:00.000,2025,9,10,10,33003KT,09,09
2025-09-10 10:30:00.000,2025,9,10,10,06004KT,10,10
2025-09-10 11:00:00.000,2025,9,10,11,04004KT,10,10
2025-09-10 12:00:00.000,2025,9,10,12,05004KT,11,11
2025-09-10 12:33:00.000,2025,9,10,12,09005KT,13,11
2025-09-10 13:00:00.000,2025,9,10,13,06005KT,13,11
2025-09-10 14:00:00.000,2025,9,10,14,05007KT,14,12
2025-09-10 15:00:00.000,2025,9,10,15,11008KT,16,11
2025-09-10 15:26:00.000,2025,9,10,15,13011KT,18,09
2025-09-10 16:00:00.000,2025,9,10,16,12011KT,18,09
2025-09-10 17:00:00.000,2025,9,10,17,11010KT,18,08
2025-09-10 18:00:00.000,2025,9,10,18,14010KT,18,09
2025-09-10 19:00:00.000,2025,9,10,19,15006KT,18,09
2025-09-10 20:00:00.000,2025,9,10,20,15009KT,18,10
2025-09-10 21:00:00.000,2025,9,10,21,15011KT,18,09
2025-09-10 22:00:00.000,2025,9,10,22,11006KT,17,09
2025-09-10 23:00:00.000,2025,9,10,23,08004KT,16,10
2025-09-11 00:00:00.000,2025,9,11,0,13004KT,15,09
2025-09-11 01:00:00.000,2025,9,11,1,13005KT,15,09
2025-09-11 02:00:00.000,2025,9,11,2,13004KT,15,10
2025-09-11 03:00:00.000,2025,9,11,3,VRB02KT,13,11
2025-09-11 04:00:00.000,2025,9,11,4,04003KT,11,11
2025-09-11 05:00:00.000,2025,9,11,5,VRB02KT,13,11
2025-09-11 06:00:00.000,2025,9,11,6,03003KT,12,12
2025-09-11 07:00:00.000,2025,9,11,7,VRB01KT,13,11
2025-09-11 08:00:00.000,2025,9,11,8,01003KT,13,12
2025-09-11 09:00:00.000,2025,9,11,9,07004KT,12,12
2025-09-11 10:00:00.000,2025,9,11,10,08003KT,11,11
2025-09-11 10:31:00.000,2025,9,11,10,06005KT,11,11
2025-09-11 11:00:00.000,2025,9,11,11,06004KT,12,11
2025-09-11 12:00:00.000,2025,9,11,12,01003KT,12,11
2025-09-11 13:00:00.000,2025,9,11,13,10005KT,15,10
2025-09-11 14:00:00.000,2025,9,11,14,15010KT,17,10
2025-09-11 15:00:00.000,2025,9,11,15,15012KT,17,08
2025-09-11 15:21:00.000,2025,9,11,15,13011KT,19,08
2025-09-11 16:00:00.000,2025,9,11,16,13013KT,18,07
2025-09-11 17:00:00.000,2025,9,11,17,15016KT,18,07
2025-09-11 18:00:00.000,2025,9,11,18,14012KT,18,08
2025-09-11 19:00:00.000,2025,9,11,19,14013KT,19,08
2025-09-11 20:00:00.000,2025,9,11,20,15012KT,19,08
2025-09-11 21:00:00.000,2025,9,11,21,17014KT,19,08
2025-09-11 22:00:00.000,2025,9,11,22,17014KT,18,07
2025-09-11 23:00:00.000,2025,9,11,23,15013KT,17,06
2025-09-12 00:00:00.000,2025,9,12,0,15006KT,15,05
2025-09-12 01:00:00.000,2025,9,12,1,36003KT,13,08
2025-09-12 02:00:00.000,2025,9,12,2,30004KT,13,10
2025-09-12 03:00:00.000,2025,9,12,3,VRB02KT,12,10
2025-09-12 04:00:00.000,2025,9,12,4,08003KT,12,10
2025-09-12 05:00:00.000,2025,9,12,5,01002KT,12,10
2025-09-12 06:00:00.000,2025,9,12,6,03003KT,11,10
2025-09-12 07:00:00.000,2025,9,12,7,04003KT,10,10
2025-09-12 08:00:00.000,2025,9,12,8,VRB01KT,09,09
2025-09-12 09:00:00.000,2025,9,12,9,03004KT,09,09
2025-09-12 10:00:00.000,2025,9,12,10,04003KT,08,08
2025-09-12 10:30:00.000,2025,9,12,10,04004KT,09,09
2025-09-12 11:00:00.000,2025,9,12,11,03003KT,09,09
2025-09-12 12:00:00.000,2025,9,12,12,04004KT,10,10
2025-09-12 13:00:00.000,2025,9,12,13,04006KT,13,11
2025-09-12 13:12:00.000,2025,9,12,13,05003KT,14,11
2025-09-12 13:26:00.000,2025,9,12,13,VRB02KT,14,11
2025-09-12 13:44:00.000,2025,9,12,13,12003KT,13,11
2025-09-12 14:00:00.000,2025,9,12,14,12003KT,13,11
2025-09-12 15:00:00.000,2025,9,12,15,16005KT,14,12
2025-09-12 16:00:00.000,2025,9,12,16,16014KT,17,10
2025-09-12 17:00:00.000,2025,9,12,17,17011G21KT,18,08
2025-09-12 18:00:00.000,2025,9,12,18,16010G20KT,19,07
2025-09-12 19:00:00.000,2025,9,12,19,18013KT,20,08
2025-09-12 20:00:00.000,2025,9,12,20,18011KT,20,08
2025-09-12 21:00:00.000,2025,9,12,21,14010KT,19,07
2025-09-12 22:00:00.000,2025,9,12,22,02005KT,18,09
2025-09-12 23:00:00.000,2025,9,12,23,29008KT,16,11
2025-09-13 00:00:00.000,2025,9,13,0,28006KT,14,11
2025-09-13 01:00:00.000,2025,9,13,1,29004KT,14,11
2025-09-13 02:00:00.000,2025,9,13,2,VRB02KT,13,11
2025-09-13 03:00:00.000,2025,9,13,3,VRB01KT,11,11
2025-09-13 04:00:00.000,2025,9,13,4,VRB03KT,12,11
2025-09-13 05:00:00.000,2025,9,13,5,34003KT,11,11
2025-09-13 06:00:00.000,2025,9,13,6,VRB02KT,10,10
2025-09-13 07:00:00.000,2025,9,13,7,05003KT,10,10
2025-09-13 08:00:00.000,2025,9,13,8,34003KT,10,10
2025-09-13 09:00:00.000,2025,9,13,9,03005KT,10,10
2025-09-13 10:00:00.000,2025,9,13,10,04006KT,10,10
2025-09-13 10:30:00.000,2025,9,13,10,04004KT,09,09
2025-09-13 11:00:00.000,2025,9,13,11,VRB02KT,09,09
2025-09-13 11:37:00.000,2025,9,13,11,05004KT,11,10
2025-09-13 12:00:00.000,2025,9,13,12,05004KT,11,11
2025-09-13 13:00:00.000,2025,9,13,13,07005KT,14,11
2025-09-13 14:00:00.000,2025,9,13,14,15008KT,16,09
2025-09-13 15:00:00.000,2025,9,13,15,16011KT,17,09
2025-09-13 16:00:00.000,2025,9,13,16,15010KT,18,09
2025-09-13 17:00:00.000,2025,9,13,17,14010KT,18,07
2025-09-13 17:14:00.000,2025,9,13,17,14013KT,20,07
2025-09-13 18:00:00.000,2025,9,13,18,13010KT,19,06
2025-09-13 19:00:00.000,2025,9,13,19,14015KT,18,06
2025-09-13 20:00:00.000,2025,9,13,20,16010KT,19,06
2025-09-13 21:00:00.000,2025,9,13,21,15010KT,19,07
2025-09-13 22:00:00.000,2025,9,13,22,14008KT,19,06
2025-09-13 23:00:00.000,2025,9,13,23,17013KT,17,06
2025-09-14 00:00:00.000,2025,9,14,0,16009KT,15,06
2025-09-14 01:00:00.000,2025,9,14,1,16008KT,15,06
2025-09-14 02:00:00.000,2025,9,14,2,07004KT,12,07
2025-09-14 03:00:00.000,2025,9,14,3,04004KT,10,07
2025-09-14 04:00:00.000,2025,9,14,4,VRB02KT,09,09
2025-09-14 05:00:00.000,2025,9,14,5,05002KT,08,08
2025-09-14 06:00:00.000,2025,9,14,6,02004KT,10,08
2025-09-14 07:00:00.000,2025,9,14,7,VRB02KT,07,07
2025-09-14 08:00:00.000,2025,9,14,8,36003KT,07,07
2025-09-14 09:00:00.000,2025,9,14,9,VRB02KT,08,08
2025-09-14 10:00:00.000,2025,9,14,10,03003KT,06,06
2025-09-14 10:30:00.000,2025,9,14,10,05006KT,06,06
2025-09-14 11:00:00.000,2025,9,14,11,05004KT,07,07
2025-09-14 12:00:00.000,2025,9,14,12,06003KT,10,10
2025-09-14 12:21:00.000,2025,9,14,12,06005KT,12,10
2025-09-14 13:00:00.000,2025,9,14,13,05004KT,13,10
2025-09-14 13:18:00.000,2025,9,14,13,16006KT,15,09
2025-09-14 14:00:00.000,2025,9,14,14,17008KT,15,08
2025-09-14 15:00:00.000,2025,9,14,15,17008KT,16,07
2025-09-14 16:00:00.000,2025,9,14,16,15012KT,18,08
2025-09-14 17:00:00.000,2025,9,14,17,16009KT,18,08
2025-09-14 18:00:00.000,2025,9,14,18,17015KT,17,08
2025-09-14 19:00:00.000,2025,9,14,19,17010KT,17,09
2025-09-14 20:00:00.000,2025,9,14,20,14008KT,17,09
2025-09-14 21:00:00.000,2025,9,14,21,16011KT,18,08
2025-09-14 22:00:00.000,2025,9,14,22,18011KT,17,08
2025-09-14 23:00:00.000,2025,9,14,23,17008KT,16,07
2025-09-15 00:00:00.000,2025,9,15,0,VRB05KT,15,09
2025-09-15 01:00:00.000,2025,9,15,1,09003KT,15,08
2025-09-15 02:00:00.000,2025,9,15,2,04004KT,14,10
2025-09-15 03:00:00.000,2025,9,15,3,03005KT,13,11
2025-09-15 04:00:00.000,2025,9,15,4,06007KT,13,11
2025-09-15 04:19:00.000,2025,9,15,4,VRB03KT,12,12
2025-09-15 05:00:00.000,2025,9,15,5,05002KT,12,12
2025-09-15 06:00:00.000,2025,9,15,6,VRB01KT,12,12
2025-09-15 07:00:00.000,2025,9,15,7,13003KT,12,12
2025-09-15 08:00:00.000,2025,9,15,8,02004KT,11,11
2025-09-15 09:00:00.000,2025,9,15,9,30003KT,11,11
2025-09-15 10:00:00.000,2025,9,15,10,04002KT,11,11
2025-09-15 10:32:00.000,2025,9,15,10,34003KT,11,11
2025-09-15 11:00:00.000,2025,9,15,11,33002KT,11,11
2025-09-15 12:00:00.000,2025,9,15,12,VRB01KT,11,11
2025-09-15 12:11:00.000,2025,9,15,12,13005KT,13,11
2025-09-15 13:00:00.000,2025,9,15,13,11004KT,14,10
2025-09-15 14:00:00.000,2025,9,15,14,15006KT,15,10
2025-09-15 15:00:00.000,2025,9,15,15,14010KT,16,10
2025-09-15 16:00:00.000,2025,9,15,16,16013KT,17,11
2025-09-15 17:00:00.000,2025,9,15,17,16012KT,18,10
2025-09-15 18:00:00.000,2025,9,15,18,15012KT,18,10
2025-09-15 19:00:00.000,2025,9,15,19,14009KT,18,09
2025-09-15 19:38:00.000,2025,9,15,19,07007KT,16,10
2025-09-15 20:00:00.000,2025,9,15,20,07007KT,15,11
2025-09-15 20:12:00.000,2025,9,15,20,15010KT,17,11
2025-09-15 21:00:00.000,2025,9,15,21,15011KT,18,10
2025-09-15 22:00:00.000,2025,9,15,22,16008KT,17,10
2025-09-15 23:00:00.000,2025,9,15,23,14007KT,16,09
2025-09-16 00:00:00.000,2025,9,16,0,14008KT,15,10
2025-09-16 01:00:00.000,2025,9,16,1,08005KT,15,10
2025-09-16 02:00:00.000,2025,9,16,2,07004KT,14,10
2025-09-16 03:00:00.000,2025,9,16,3,05005KT,14,11
2025-09-16 04:00:00.000,2025,9,16,4,06006KT,13,11
2025-09-16 05:00:00.000,2025,9,16,5,06005KT,12,10
2025-09-16 06:00:00.000,2025,9,16,6,04004KT,11,10
2025-09-16 07:00:00.000,2025,9,16,7,04004KT,10,10
2025-09-16 08:00:00.000,2025,9,16,8,07004KT,10,10
2025-09-16 09:00:00.000,2025,9,16,9,05003KT,10,09
2025-09-16 10:00:00.000,2025,9,16,10,VRB02KT,08,08
2025-09-16 10:31:00.000,2025,9,16,10,34004KT,08,08
2025-09-16 11:00:00.000,2025,9,16,11,33002KT,08,08
2025-09-16 12:00:00.000,2025,9,16,12,VRB02KT,10,10
2025-09-16 13:00:00.000,2025,9,16,13,08004KT,14,09
2025-09-16 14:00:00.000,2025,9,16,14,14005KT,17,07
2025-09-16 15:00:00.000,2025,9,16,15,13006KT,17,06
2025-09-16 16:00:00.000,2025,9,16,16,18009KT,18,06
2025-09-16 17:00:00.000,2025,9,16,17,15010KT,19,07
2025-09-16 18:00:00.000,2025,9,16,18,17010KT,19,07
2025-09-16 19:00:00.000,2025,9,16,19,16010KT,19,07
2025-09-16 20:00:00.000,2025,9,16,20,16008KT,19,07
2025-09-16 21:00:00.000,2025,9,16,21,12004KT,19,07
2025-09-16 22:00:00.000,2025,9,16,22,04006KT,18,08
2025-09-16 23:00:00.000,2025,9,16,23,32004KT,16,11
2025-09-17 00:00:00.000,2025,9,17,0,25004KT,15,12
2025-09-17 01:00:00.000,2025,9,17,1,34002KT,13,13
2025-09-17 02:00:00.000,2025,9,17,2,35003KT,13,12
2025-09-17 03:00:00.000,2025,9,17,3,VRB02KT,12,09
2025-09-17 04:00:00.000,2025,9,17,4,01003KT,10,08
2025-09-17 05:00:00.000,2025,9,17,5,06003KT,10,09
2025-09-17 06:00:00.000,2025,9,17,6,36003KT,09,08
2025-09-17 07:00:00.000,2025,9,17,7,34002KT,08,08
2025-09-17 08:00:00.000,2025,9,17,8,VRB01KT,08,08
2025-09-17 09:00:00.000,2025,9,17,9,30003KT,07,07
2025-09-17 10:00:00.000,2025,9,17,10,VRB01KT,07,07
2025-09-17 10:31:00.000,2025,9,17,10,36003KT,06,06
2025-09-17 11:00:00.000,2025,9,17,11,34004KT,06,06
2025-09-17 12:00:00.000,2025,9,17,12,VRB01KT,07,07
2025-09-17 12:21:00.000,2025,9,17,12,VRB02KT,10,10
2025-09-17 13:00:00.000,2025,9,17,13,VRB02KT,13,11
2025-09-17 14:00:00.000,2025,9,17,14,34004KT,15,10
2025-09-17 14:40:00.000,2025,9,17,14,VRB03KT,17,09
2025-09-17 15:00:00.000,2025,9,17,15,VRB03KT,17,09
2025-09-17 16:00:00.000,2025,9,17,16,VRB04KT,18,09
2025-09-17 17:00:00.000,2025,9,17,17,36004KT,18,08
2025-09-17 17:38:00.000,2025,9,17,17,VRB04KT,20,09
2025-09-17 18:00:00.000,2025,9,17,18,08007KT,20,08
2025-09-17 19:00:00.000,2025,9,17,19,21011KT,18,11
2025-09-17 20:00:00.000,2025,9,17,20,25008KT,16,13
2025-09-17 20:20:00.000,2025,9,17,20,31011KT,17,13
2025-09-17 21:00:00.000,2025,9,17,21,29009G19KT,17,13
2025-09-17 21:42:00.000,2025,9,17,21,28008KT,16,13
2025-09-17 22:00:00.000,2025,9,17,22,24008KT,16,13
2025-09-17 23:00:00.000,2025,9,17,23,26006KT,15,13
2025-09-18 00:00:00.000,2025,9,18,0,24005KT,15,12
2025-09-18 01:00:00.000,2025,9,18,1,30004KT,14,11
2025-09-18 02:00:00.000,2025,9,18,2,35003KT,13,11
2025-09-18 03:00:00.000,2025,9,18,3,33005KT,13,11
2025-09-18 04:00:00.000,2025,9,18,4,35002KT,12,12
2025-09-18 05:00:00.000,2025,9,18,5,35003KT,13,11
2025-09-18 05:38:00.000,2025,9,18,5,02003KT,13,12
2025-09-18 06:00:00.000,2025,9,18,6,VRB03KT,13,12
2025-09-18 06:18:00.000,2025,9,18,6,20005KT,13,13
2025-09-18 07:00:00.000,2025,9,18,7,VRB02KT,12,12
2025-09-18 08:00:00.000,2025,9,18,8,VRB01KT,12,12
2025-09-18 09:00:00.000,2025,9,18,9,VRB02KT,11,11
2025-09-18 10:00:00.000,2025,9,18,10,VRB03KT,11,11
2025-09-18 11:00:00.000,2025,9,18,11,05005KT,12,12
2025-09-18 12:00:00.000,2025,9,18,12,04005KT,12,12
2025-09-18 13:00:00.000,2025,9,18,13,03005KT,14,13
2025-09-18 14:00:00.000,2025,9,18,14,02005KT,15,12
2025-09-18 15:00:00.000,2025,9,18,15,02005KT,15,12
2025-09-18 16:00:00.000,2025,9,18,16,08004KT,16,11
2025-09-18 17:00:00.000,2025,9,18,17,16006KT,16,11
2025-09-18 17:27:00.000,2025,9,18,17,15009KT,17,11
2025-09-18 18:00:00.000,2025,9,18,18,17006KT,17,11
2025-09-18 19:00:00.000,2025,9,18,19,17005KT,18,09
2025-09-18 20:00:00.000,2025,9,18,20,VRB06KT,17,11
2025-09-18 20:36:00.000,2025,9,18,20,24008KT,15,13
2025-09-18 21:00:00.000,2025,9,18,21,26005KT,15,13
2025-09-18 22:00:00.000,2025,9,18,22,34005KT,14,14
2025-09-18 23:00:00.000,2025,9,18,23,32006KT,13,13
2025-09-19 00:00:00.000,2025,9,19,0,29004KT,14,13
2025-09-19 01:00:00.000,2025,9,19,1,24006G16KT,13,11
2025-09-19 02:00:00.000,2025,9,19,2,35004KT,13,11
2025-09-19 03:00:00.000,2025,9,19,3,28003KT,13,12
2025-09-19 04:00:00.000,2025,9,19,4,VRB01KT,12,12
2025-09-19 04:27:00.000,2025,9,19,4,VRB02KT,12,12
2025-09-19 05:00:00.000,2025,9,19,5,31003KT,12,12
2025-09-19 06:00:00.000,2025,9,19,6,28005KT,12,12
2025-09-19 07:00:00.000,2025,9,19,7,VRB02KT,12,12
2025-09-19 07:21:00.000,2025,9,19,7,VRB02KT,11,11
2025-09-19 08:00:00.000,2025,9,19,8,31002KT,11,11
2025-09-19 09:00:00.000,2025,9,19,9,33002KT,11,11
2025-09-19 10:00:00.000,2025,9,19,10,29003KT,11,11
2025-09-19 10:33:00.000,2025,9,19,10,VRB01KT,11,11
2025-09-19 11:00:00.000,2025,9,19,11,04001KT,11,11
2025-09-19 12:00:00.000,2025,9,19,12,02003KT,11,11
2025-09-19 13:00:00.000,2025,9,19,13,36003KT,12,12
2025-09-19 13:27:00.000,2025,9,19,13,03004KT,14,12
2025-09-19 14:00:00.000,2025,9,19,14,04004KT,14,12
2025-09-19 14:23:00.000,2025,9,19,14,36005KT,16,11
2025-09-19 15:00:00.000,2025,9,19,15,VRB02KT,17,11
2025-09-19 16:00:00.000,2025,9,19,16,25005KT,18,11
2025-09-19 16:28:00.000,2025,9,19,16,20008KT,20,10
2025-09-19 17:00:00.000,2025,9,19,17,23007KT,20,11
2025-09-19 18:00:00.000,2025,9,19,18,14009KT,19,08
2025-09-19 19:00:00.000,2025,9,19,19,27008KT,17,12
2025-09-19 19:13:00.000,2025,9,19,19,32013KT,16,11
2025-09-19 20:00:00.000,2025,9,19,20,32009KT,15,11
2025-09-19 20:39:00.000,2025,9,19,20,33008KT,18,12
2025-09-19 21:00:00.000,2025,9,19,21,32009KT,18,12
2025-09-19 22:00:00.000,2025,9,19,22,28011KT,17,12
2025-09-19 22:20:00.000,2025,9,19,22,30007KT,17,12
2025-09-19 23:00:00.000,2025,9,19,23,VRB05G23KT,16,14
2025-09-20 00:00:00.000,2025,9,20,0,33005KT,14,14
2025-09-20 00:30:00.000,2025,9,20,0,35004KT,13,13
2025-09-20 01:00:00.000,2025,9,20,1,36003KT,13,13
2025-09-20 01:24:00.000,2025,9,20,1,03005KT,13,13
2025-09-20 02:00:00.000,2025,9,20,2,02005KT,12,12
2025-09-20 03:00:00.000,2025,9,20,3,36005KT,12,12
2025-09-20 03:10:00.000,2025,9,20,3,35004KT,12,12
2025-09-20 04:00:00.000,2025,9,20,4,36004KT,12,12
2025-09-20 05:00:00.000,2025,9,20,5,VRB01KT,12,12
2025-09-20 05:13:00.000,2025,9,20,5,32004KT,12,12
2025-09-20 06:00:00.000,2025,9,20,6,VRB01KT,12,12
2025-09-20 07:00:00.000,2025,9,20,7,04004KT,11,11
2025-09-20 08:00:00.000,2025,9,20,8,05004KT,11,11
2025-09-20 09:00:00.000,2025,9,20,9,VRB03KT,12,12
2025-09-20 10:00:00.000,2025,9,20,10,05003KT,11,11
2025-09-20 10:34:00.000,2025,9,20,10,04002KT,11,11
2025-09-20 11:00:00.000,2025,9,20,11,04003KT,11,11
2025-09-20 12:00:00.000,2025,9,20,12,05004KT,12,12
2025-09-20 13:00:00.000,2025,9,20,13,06006KT,12,12
2025-09-20 14:00:00.000,2025,9,20,14,10005KT,15,12
2025-09-20 15:00:00.000,2025,9,20,15,VRB03KT,16,10
2025-09-20 16:00:00.000,2025,9,20,16,VRB02KT,17,10
2025-09-20 17:00:00.000,2025,9,20,17,16006KT,18,08
2025-09-20 18:00:00.000,2025,9,20,18,14010KT,19,08
2025-09-20 19:00:00.000,2025,9,20,19,13008KT,18,08
2025-09-20 20:00:00.000,2025,9,20,20,13006KT,19,08
2025-09-20 21:00:00.000,2025,9,20,21,17008KT,18,07
2025-09-20 22:00:00.000,2025,9,20,22,25009KT,16,11
2025-09-20 23:00:00.000,2025,9,20,23,26005KT,15,10
2025-09-21 00:00:00.000,2025,9,21,0,VRB06KT,13,11
2025-09-21 01:00:00.000,2025,9,21,1,02003KT,10,10
2025-09-21 02:00:00.000,2025,9,21,2,VRB02KT,10,10
2025-09-21 02:08:00.000,2025,9,21,2,13007KT,13,09
2025-09-21 03:00:00.000,2025,9,21,3,09004KT,12,09
2025-09-21 04:00:00.000,2025,9,21,4,12004KT,13,10
2025-09-21 05:00:00.000,2025,9,21,5,05008KT,12,10
2025-09-21 06:00:00.000,2025,9,21,6,06006KT,11,10
2025-09-21 07:00:00.000,2025,9,21,7,06006KT,11,10
2025-09-21 08:00:00.000,2025,9,21,8,06004KT,10,09
2025-09-21 09:00:00.000,2025,9,21,9,06003KT,09,09
2025-09-21 10:00:00.000,2025,9,21,10,06005KT,09,09
2025-09-21 10:30:00.000,2025,9,21,10,VRB01KT,10,10
2025-09-21 11:00:00.000,2025,9,21,11,30003KT,10,10
2025-09-21 12:00:00.000,2025,9,21,12,VRB03KT,12,11
2025-09-21 13:00:00.000,2025,9,21,13,06004KT,14,10
2025-09-21 13:22:00.000,2025,9,21,13,07004KT,16,09
2025-09-21 14:00:00.000,2025,9,21,14,VRB06KT,17,09
2025-09-21 15:00:00.000,2025,9,21,15,11006G17KT,18,07
2025-09-21 16:00:00.000,2025,9,21,16,11006KT,19,08
2025-09-21 17:00:00.000,2025,9,21,17,17008KT,20,08
2025-09-21 18:00:00.000,2025,9,21,18,VRB06KT,21,07
2025-09-21 19:00:00.000,2025,9,21,19,VRB05KT,22,07
2025-09-21 20:00:00.000,2025,9,21,20,VRB06KT,21,07
2025-09-21 21:00:00.000,2025,9,21,21,31013KT,16,11
2025-09-21 22:00:00.000,2025,9,21,22,29011KT,16,11
2025-09-21 23:00:00.000,2025,9,21,23,28009KT,16,09
2025-09-22 00:00:00.000,2025,9,22,0,23003KT,14,10
2025-09-22 01:00:00.000,2025,9,22,1,35003KT,12,10
2025-09-22 02:00:00.000,2025,9,22,2,06002KT,12,10
2025-09-22 03:00:00.000,2025,9,22,3,04002KT,11,11
2025-09-22 04:00:00.000,2025,9,22,4,01002KT,09,09
2025-09-22 05:00:00.000,2025,9,22,5,VRB01KT,09,09
2025-09-22 06:00:00.000,2025,9,22,6,32003KT,08,08
2025-09-22 07:00:00.000,2025,9,22,7,32003KT,07,07
2025-09-22 08:00:00.000,2025,9,22,8,VRB02KT,07,07
2025-09-22 09:00:00.000,2025,9,22,9,VRB01KT,06,06
2025-09-22 10:00:00.000,2025,9,22,10,VRB02KT,06,06
2025-09-22 10:31:00.000,2025,9,22,10,VRB02KT,05,05
2025-09-22 11:00:00.000,2025,9,22,11,VRB01KT,05,05
2025-09-22 11:03:00.000,2025,9,22,11,04003KT,05,05
2025-09-22 11:09:00.000,2025,9,22,11,04003KT,06,06
2025-09-22 11:32:00.000,2025,9,22,11,02003KT,06,06
2025-09-22 12:00:00.000,2025,9,22,12,03005KT,07,07
2025-09-22 12:03:00.000,2025,9,22,12,03006KT,08,08
2025-09-22 12:25:00.000,2025,9,22,12,02003KT,09,09
2025-09-22 13:00:00.000,2025,9,22,13,05004KT,10,10
2025-09-22 13:18:00.000,2025,9,22,13,04004KT,11,11
2025-09-22 13:27:00.000,2025,9,22,13,05004KT,12,12
2025-09-22 14:00:00.000,2025,9,22,14,04004KT,14,14
2025-09-22 14:05:00.000,2025,9,22,14,03005KT,16,12
2025-09-22 15:00:00.000,2025,9,22,15,02008KT,18,11
2025-09-22 16:00:00.000,2025,9,22,16,09006KT,19,08
2025-09-22 17:00:00.000,2025,9,22,17,09005KT,20,08
2025-09-22 18:00:00.000,2025,9,22,18,06007KT,21,08
2025-09-22 19:00:00.000,2025,9,22,19,07006KT,21,08
2025-09-22 20:00:00.000,2025,9,22,20,VRB04KT,22,09
2025-09-22 20:43:00.000,2025,9,22,20,26010G21KT,19,12
2025-09-22 21:00:00.000,2025,9,22,21,25011G21KT,18,12
2025-09-22 22:00:00.000,2025,9,22,22,24007KT,16,11
2025-09-22 23:00:00.000,2025,9,22,23,34004KT,15,14
2025-09-23 00:00:00.000,2025,9,23,0,30004KT,15,15
2025-09-23 01:00:00.000,2025,9,23,1,03004KT,12,12
2025-09-23 02:00:00.000,2025,9,23,2,36002KT,14,14
2025-09-23 03:00:00.000,2025,9,23,3,02003KT,12,12
2025-09-23 04:00:00.000,2025,9,23,4,VRB02KT,12,12
2025-09-23 05:00:00.000,2025,9,23,5,06003KT,12,12
2025-09-23 06:00:00.000,2025,9,23,6,07004KT,13,11
2025-09-23 07:00:00.000,2025,9,23,7,07004KT,10,10
2025-09-23 08:00:00.000,2025,9,23,8,29004KT,10,10
2025-09-23 09:00:00.000,2025,9,23,9,02005KT,09,09
2025-09-23 10:00:00.000,2025,9,23,10,33004KT,11,11
2025-09-23 10:31:00.000,2025,9,23,10,09004KT,11,10
2025-09-23 11:00:00.000,2025,9,23,11,05005KT,10,10
2025-09-23 12:00:00.000,2025,9,23,12,08004KT,12,11
2025-09-23 12:03:00.000,2025,9,23,12,08004KT,14,11
2025-09-23 12:04:00.000,2025,9,23,12,08004KT,14,11
2025-09-23 13:00:00.000,2025,9,23,13,06005KT,15,11
2025-09-23 14:00:00.000,2025,9,23,14,13007KT,17,09
2025-09-23 14:24:00.000,2025,9,23,14,13008KT,19,09
2025-09-23 15:00:00.000,2025,9,23,15,12008KT,19,08
2025-09-23 16:00:00.000,2025,9,23,16,15012G24KT,19,09
2025-09-23 17:00:00.000,2025,9,23,17,14010KT,19,08
2025-09-23 18:00:00.000,2025,9,23,18,05010KT,19,10
2025-09-23 19:00:00.000,2025,9,23,19,10008KT,17,10
2025-09-23 20:00:00.000,2025,9,23,20,14009KT,15,11
2025-09-23 20:32:00.000,2025,9,23,20,13009KT,17,10
2025-09-23 21:00:00.000,2025,9,23,21,12008KT,18,10
2025-09-23 22:00:00.000,2025,9,23,22,12007KT,18,09
2025-09-23 23:00:00.000,2025,9,23,23,10007KT,16,08
2025-09-24 00:00:00.000,2025,9,24,0,08006KT,15,09
2025-09-24 01:00:00.000,2025,9,24,1,11008KT,15,09
2025-09-24 02:00:00.000,2025,9,24,2,08005KT,14,08
2025-09-24 03:00:00.000,2025,9,24,3,07007KT,14,09
2025-09-24 04:00:00.000,2025,9,24,4,09005KT,14,08
2025-09-24 05:00:00.000,2025,9,24,5,11005KT,13,08
2025-09-24 06:00:00.000,2025,9,24,6,13005KT,13,08
2025-09-24 07:00:00.000,2025,9,24,7,10003KT,13,09
2025-09-24 08:00:00.000,2025,9,24,8,03003KT,11,10
2025-09-24 08:25:00.000,2025,9,24,8,VRB03KT,13,10
2025-09-24 09:00:00.000,2025,9,24,9,04004KT,13,10
2025-09-24 10:00:00.000,2025,9,24,10,07003KT,12,10
2025-09-24 10:30:00.000,2025,9,24,10,08006KT,13,10
2025-09-24 11:00:00.000,2025,9,24,11,08006KT,13,10
2025-09-24 12:00:00.000,2025,9,24,12,05008KT,13,11
2025-09-24 13:00:00.000,2025,9,24,13,09008KT,16,10
2025-09-24 14:00:00.000,2025,9,24,14,12012KT,18,09
2025-09-24 15:00:00.000,2025,9,24,15,12011KT,18,09
2025-09-24 15:22:00.000,2025,9,24,15,13008KT,17,08
2025-09-24 16:00:00.000,2025,9,24,16,13009KT,18,09
2025-09-24 17:00:00.000,2025,9,24,17,16008KT,17,10
2025-09-24 17:37:00.000,2025,9,24,17,16009KT,19,09
2025-09-24 18:00:00.000,2025,9,24,18,15010KT,19,09
2025-09-24 19:00:00.000,2025,9,24,19,19015KT,20,09
2025-09-24 20:00:00.000,2025,9,24,20,17017KT,19,09
2025-09-24 21:00:00.000,2025,9,24,21,16018KT,18,09
2025-09-24 22:00:00.000,2025,9,24,22,17011KT,18,07
2025-09-24 23:00:00.000,2025,9,24,23,15010KT,16,08
2025-09-25 00:00:00.000,2025,9,25,0,16006KT,16,08
2025-09-25 01:00:00.000,2025,9,25,1,VRB03KT,15,08
2025-09-25 02:00:00.000,2025,9,25,2,14007KT,14,07
2025-09-25 03:00:00.000,2025,9,25,3,13008KT,13,08
2025-09-25 04:00:00.000,2025,9,25,4,14008KT,14,08
2025-09-25 05:00:00.000,2025,9,25,5,04007KT,13,09
2025-09-25 06:00:00.000,2025,9,25,6,06005KT,13,09
2025-09-25 07:00:00.000,2025,9,25,7,26004KT,12,10
2025-09-25 08:00:00.000,2025,9,25,8,36003KT,12,11
2025-09-25 09:00:00.000,2025,9,25,9,05003KT,12,10
2025-09-25 10:00:00.000,2025,9,25,10,34003KT,11,10
2025-09-25 10:32:00.000,2025,9,25,10,VRB02KT,11,10
2025-09-25 11:00:00.000,2025,9,25,11,02002KT,09,09
2025-09-25 12:00:00.000,2025,9,25,12,VRB02KT,12,11
2025-09-25 12:19:00.000,2025,9,25,12,VRB03KT,14,10
2025-09-25 13:00:00.000,2025,9,25,13,20005KT,15,09
2025-09-25 13:34:00.000,2025,9,25,13,19007KT,17,06
2025-09-25 14:00:00.000,2025,9,25,14,16006KT,17,07
2025-09-25 15:00:00.000,2025,9,25,15,14013G23KT,18,06
2025-09-25 16:00:00.000,2025,9,25,16,15010KT,19,06
2025-09-25 17:00:00.000,2025,9,25,17,16006KT,19,06
2025-09-25 17:20:00.000,2025,9,25,17,16016KT,19,08
2025-09-25 18:00:00.000,2025,9,25,18,14010KT,18,08
2025-09-25 19:00:00.000,2025,9,25,19,15013KT,19,08
2025-09-25 20:00:00.000,2025,9,25,20,14007KT,19,06
2025-09-25 21:00:00.000,2025,9,25,21,17011KT,20,04
2025-09-25 22:00:00.000,2025,9,25,22,14010KT,19,03
2025-09-25 23:00:00.000,2025,9,25,23,14010KT,17,04
2025-09-26 00:00:00.000,2025,9,26,0,14009KT,14,05
2025-09-26 01:00:00.000,2025,9,26,1,14009KT,14,06
2025-09-26 02:00:00.000,2025,9,26,2,12004KT,14,07
2025-09-26 03:00:00.000,2025,9,26,3,02006KT,10,09
2025-09-26 04:00:00.000,2025,9,26,4,02004KT,12,09
2025-09-26 05:00:00.000,2025,9,26,5,05003KT,09,08
2025-09-26 06:00:00.000,2025,9,26,6,VRB02KT,09,08
2025-09-26 07:00:00.000,2025,9,26,7,02003KT,07,07
2025-09-26 08:00:00.000,2025,9,26,8,03003KT,08,08
2025-09-26 09:00:00.000,2025,9,26,9,03003KT,08,08
2025-09-26 10:00:00.000,2025,9,26,10,05004KT,08,08
2025-09-26 10:36:00.000,2025,9,26,10,03005KT,07,07
2025-09-26 11:00:00.000,2025,9,26,11,03005KT,07,07
2025-09-26 12:00:00.000,2025,9,26,12,06005KT,09,09
2025-09-26 12:16:00.000,2025,9,26,12,04005KT,11,09
2025-09-26 13:00:00.000,2025,9,26,13,07005KT,11,09
2025-09-26 13:22:00.000,2025,9,26,13,05006KT,13,10
2025-09-26 14:00:00.000,2025,9,26,14,05005KT,15,09
2025-09-26 15:00:00.000,2025,9,26,15,VRB08KT,17,09
2025-09-26 16:00:00.000,2025,9,26,16,16012KT,19,07
2025-09-26 17:00:00.000,2025,9,26,17,16011KT,19,07
2025-09-26 18:00:00.000,2025,9,26,18,14006KT,19,07
2025-09-26 19:00:00.000,2025,9,26,19,10008KT,19,08
2025-09-26 20:00:00.000,2025,9,26,20,12005KT,18,08
2025-09-26 21:00:00.000,2025,9,26,21,08007KT,18,08
2025-09-26 22:00:00.000,2025,9,26,22,07006KT,17,08
2025-09-26 23:00:00.000,2025,9,26,23,VRB04KT,17,09
2025-09-27 00:00:00.000,2025,9,27,0,22005KT,15,10
2025-09-27 01:00:00.000,2025,9,27,1,22005KT,15,10
2025-09-27 02:00:00.000,2025,9,27,2,19007KT,15,08
2025-09-27 03:00:00.000,2025,9,27,3,19007KT,15,08
2025-09-27 04:00:00.000,2025,9,27,4,03006KT,13,10
2025-09-27 05:00:00.000,2025,9,27,5,06004KT,12,11
2025-09-27 06:00:00.000,2025,9,27,6,03004KT,12,11
2025-09-27 07:00:00.000,2025,9,27,7,VRB02KT,12,11
2025-09-27 08:00:00.000,2025,9,27,8,VRB02KT,12,11
2025-09-27 09:00:00.000,2025,9,27,9,04005KT,12,11
2025-09-27 10:00:00.000,2025,9,27,10,VRB02KT,12,11
2025-09-27 10:31:00.000,2025,9,27,10,VRB02KT,12,11
2025-09-27 11:00:00.000,2025,9,27,11,VRB02KT,12,11
2025-09-27 12:00:00.000,2025,9,27,12,04004KT,12,11
2025-09-27 12:15:00.000,2025,9,27,12,03005KT,13,11
2025-09-27 13:00:00.000,2025,9,27,13,03006KT,14,11
2025-09-27 14:00:00.000,2025,9,27,14,02005KT,16,12
2025-09-27 15:00:00.000,2025,9,27,15,VRB02KT,17,11
2025-09-27 16:00:00.000,2025,9,27,16,VRB03KT,18,10
2025-09-27 17:00:00.000,2025,9,27,17,17004KT,19,08
2025-09-27 18:00:00.000,2025,9,27,18,VRB04KT,19,08
2025-09-27 19:00:00.000,2025,9,27,19,28005KT,18,11
2025-09-27 19:37:00.000,2025,9,27,19,VRB04KT,18,11
2025-09-27 20:00:00.000,2025,9,27,20,02005KT,17,13
2025-09-27 20:07:00.000,2025,9,27,20,31005KT,15,14
2025-09-27 20:16:00.000,2025,9,27,20,01005KT,14,14
2025-09-27 21:00:00.000,2025,9,27,21,30006KT,14,13
2025-09-27 21:22:00.000,2025,9,27,21,VRB02KT,14,13
2025-09-27 22:00:00.000,2025,9,27,22,26004KT,15,12
2025-09-27 23:00:00.000,2025,9,27,23,26005KT,15,12
2025-09-28 00:00:00.000,2025,9,28,0,03002KT,12,12
2025-09-28 01:00:00.000,2025,9,28,1,02002KT,12,12
2025-09-28 02:00:00.000,2025,9,28,2,VRB01KT,13,12
2025-09-28 03:00:00.000,2025,9,28,3,06003KT,12,12
2025-09-28 04:00:00.000,2025,9,28,4,13004KT,12,11
2025-09-28 05:00:00.000,2025,9,28,5,VRB02KT,11,11
2025-09-28 06:00:00.000,2025,9,28,6,04006KT,09,09
2025-09-28 07:00:00.000,2025,9,28,7,04003KT,11,10
2025-09-28 08:00:00.000,2025,9,28,8,VRB01KT,09,09
2025-09-28 09:00:00.000,2025,9,28,9,05003KT,09,09
2025-09-28 10:00:00.000,2025,9,28,10,28003KT,08,08
2025-09-28 10:29:00.000,2025,9,28,10,VRB02KT,07,07
2025-09-28 11:00:00.000,2025,9,28,11,VRB02KT,07,07
2025-09-28 11:18:00.000,2025,9,28,11,06001KT,08,08
2025-09-28 12:00:00.000,2025,9,28,12,03003KT,08,08
2025-09-28 12:34:00.000,2025,9,28,12,06004KT,12,12
2025-09-28 13:00:00.000,2025,9,28,13,05004KT,12,11
2025-09-28 14:00:00.000,2025,9,28,14,VRB02KT,14,11
2025-09-28 14:41:00.000,2025,9,28,14,06006KT,16,11
2025-09-28 15:00:00.000,2025,9,28,15,06006KT,16,11
2025-09-28 16:00:00.000,2025,9,28,16,VRB06KT,17,11
2025-09-28 17:00:00.000,2025,9,28,17,VRB06KT,18,10
2025-09-28 18:00:00.000,2025,9,28,18,10006KT,19,09
2025-09-28 19:00:00.000,2025,9,28,19,VRB04KT,19,09
2025-09-28 20:00:00.000,2025,9,28,20,13005KT,19,08
2025-09-28 21:00:00.000,2025,9,28,21,07004KT,19,08
2025-09-28 22:00:00.000,2025,9,28,22,27006KT,18,10
2025-09-28 23:00:00.000,2025,9,28,23,29003KT,17,09
2025-09-29 00:00:00.000,2025,9,29,0,26005KT,15,13
2025-09-29 01:00:00.000,2025,9,29,1,VRB05KT,14,09
2025-09-29 02:00:00.000,2025,9,29,2,VRB02KT,13,10
2025-09-29 03:00:00.000,2025,9,29,3,01003KT,12,10
2025-09-29 04:00:00.000,2025,9,29,4,VRB02KT,12,09
2025-09-29 05:00:00.000,2025,9,29,5,35002KT,10,10
2025-09-29 06:00:00.000,2025,9,29,6,34004KT,11,10
2025-09-29 07:00:00.000,2025,9,29,7,35003KT,11,11
2025-09-29 08:00:00.000,2025,9,29,8,VRB02KT,12,11
2025-09-29 09:00:00.000,2025,9,29,9,VRB02KT,11,11
2025-09-29 10:00:00.000,2025,9,29,10,VRB01KT,11,11
2025-09-29 11:00:00.000,2025,9,29,11,03003KT,11,11
2025-09-29 12:00:00.000,2025,9,29,12,VRB02KT,12,12
2025-09-29 13:00:00.000,2025,9,29,13,07004KT,14,12
2025-09-29 14:00:00.000,2025,9,29,14,VRB03KT,15,11
2025-09-29 14:16:00.000,2025,9,29,14,VRB02KT,17,11
2025-09-29 15:00:00.000,2025,9,29,15,02003KT,17,10
2025-09-29 16:00:00.000,2025,9,29,16,VRB05KT,18,10
2025-09-29 17:00:00.000,2025,9,29,17,02005KT,17,10
2025-09-29 18:00:00.000,2025,9,29,18,29011KT,17,12
2025-09-29 19:00:00.000,2025,9,29,19,25009KT,17,11
2025-09-29 20:00:00.000,2025,9,29,20,22007KT,17,11
2025-09-29 21:00:00.000,2025,9,29,21,23006KT,17,11
2025-09-29 22:00:00.000,2025,9,29,22,21003KT,17,11
2025-09-29 23:00:00.000,2025,9,29,23,29004KT,17,12
2025-09-30 00:00:00.000,2025,9,30,0,24003KT,16,12
2025-09-30 01:00:00.000,2025,9,30,1,34003KT,14,13
2025-09-30 02:00:00.000,2025,9,30,2,VRB02KT,14,12
2025-09-30 03:00:00.000,2025,9,30,3,VRB02KT,14,12
2025-09-30 04:00:00.000,2025,9,30,4,35004KT,14,12
2025-09-30 04:20:00.000,2025,9,30,4,34004KT,14,12
2025-09-30 05:00:00.000,2025,9,30,5,01003KT,12,12
2025-09-30 06:00:00.000,2025,9,30,6,05005KT,12,12
2025-09-30 07:00:00.000,2025,9,30,7,05004KT,12,12
2025-09-30 08:00:00.000,2025,9,30,8,05005KT,11,11
2025-09-30 09:00:00.000,2025,9,30,9,VRB01KT,11,11
2025-09-30 10:00:00.000,2025,9,30,10,VRB02KT,11,11
2025-09-30 10:30:00.000,2025,9,30,10,VRB02KT,11,11
2025-09-30 11:00:00.000,2025,9,30,11,25003KT,11,11
2025-09-30 12:00:00.000,2025,9,30,12,35002KT,11,11
2025-09-30 12:11:00.000,2025,9,30,12,29005KT,11,11
2025-09-30 13:00:00.000,2025,9,30,13,31005KT,11,11
2025-09-30 13:29:00.000,2025,9,30,13,35003KT,11,11
2025-09-30 14:00:00.000,2025,9,30,14,31003KT,11,11
2025-09-30 15:00:00.000,2025,9,30,15,26005KT,12,12
2025-09-30 16:00:00.000,2025,9,30,16,30004KT,13,12
2025-09-30 17:00:00.000,2025,9,30,17,VRB04KT,14,12
2025-09-30 17:16:00.000,2025,9,30,17,25004KT,14,12
2025-09-30 18:00:00.000,2025,9,30,18,23006KT,13,13
2025-09-30 19:00:00.000,2025,9,30,19,16005KT,15,13
2025-09-30 20:00:00.000,2025,9,30,20,21007KT,17,12
2025-09-30 21:00:00.000,2025,9,30,21,25009KT,18,13
2025-09-30 22:00:00.000,2025,9,30,22,26009KT,17,12
2025-09-30 22:12:00.000,2025,9,30,22,32004KT,16,13
2025-09-30 22:32:00.000,2025,9,30,22,03005KT,14,13
2025-09-30 22:41:00.000,2025,9,30,22,04003KT,13,13
2025-09-30 23:00:00.000,2025,9,30,23,13003KT,13,13
2025-10-01 00:00:00.000,2025,10,1,0,29006KT,13,13
2025-10-01 01:00:00.000,2025,10,1,1,VRB02KT,13,13
2025-10-01 02:00:00.000,2025,10,1,2,02003KT,13,13
2025-10-01 03:00:00.000,2025,10,1,3,03003KT,12,12
2025-10-01 04:00:00.000,2025,10,1,4,01003KT,12,12
2025-10-01 05:00:00.000,2025,10,1,5,36003KT,12,12
2025-10-01 06:00:00.000,2025,10,1,6,03005KT,11,11
2025-10-01 07:00:00.000,2025,10,1,7,VRB02KT,11,11
2025-10-01 08:00:00.000,2025,10,1,8,06004KT,10,10
2025-10-01 09:00:00.000,2025,10,1,9,04003KT,10,10
2025-10-01 10:00:00.000,2025,10,1,10,VRB01KT,10,10
2025-10-01 10:33:00.000,2025,10,1,10,02003KT,11,11
2025-10-01 11:00:00.000,2025,10,1,11,04004KT,10,10
2025-10-01 12:00:00.000,2025,10,1,12,04004KT,11,11
2025-10-01 13:00:00.000,2025,10,1,13,06006KT,15,12
2025-10-01 14:00:00.000,2025,10,1,14,08006KT,15,11
2025-10-01 15:00:00.000,2025,10,1,15,13005KT,16,10
2025-10-01 16:00:00.000,2025,10,1,16,13009KT,17,10
2025-10-01 17:00:00.000,2025,10,1,17,15007KT,17,10
2025-10-01 18:00:00.000,2025,10,1,18,14006KT,18,10
2025-10-01 19:00:00.000,2025,10,1,19,14010KT,17,09
2025-10-01 20:00:00.000,2025,10,1,20,14009KT,18,09
2025-10-01 21:00:00.000,2025,10,1,21,16012KT,18,10
2025-10-01 22:00:00.000,2025,10,1,22,15010KT,17,09
2025-10-01 23:00:00.000,2025,10,1,23,14009KT,16,09
2025-10-02 00:00:00.000,2025,10,2,0,VRB03KT,13,12
2025-10-02 01:00:00.000,2025,10,2,1,03004KT,12,11
2025-10-02 02:00:00.000,2025,10,2,2,35004KT,12,11
2025-10-02 03:00:00.000,2025,10,2,3,04005KT,12,11
2025-10-02 04:00:00.000,2025,10,2,4,06007KT,12,11
2025-10-02 05:00:00.000,2025,10,2,5,07006KT,12,11
2025-10-02 06:00:00.000,2025,10,2,6,04006KT,12,10
2025-10-02 07:00:00.000,2025,10,2,7,04006KT,11,11
2025-10-02 08:00:00.000,2025,10,2,8,34003KT,11,10
2025-10-02 09:00:00.000,2025,10,2,9,VRB02KT,10,10
2025-10-02 10:00:00.000,2025,10,2,10,06005KT,10,10
2025-10-02 10:31:00.000,2025,10,2,10,07004KT,10,10
2025-10-02 11:00:00.000,2025,10,2,11,05005KT,10,10
2025-10-02 12:00:00.000,2025,10,2,12,05006KT,11,10
2025-10-02 13:00:00.000,2025,10,2,13,05006KT,13,11
2025-10-02 13:14:00.000,2025,10,2,13,VRB04KT,15,10
2025-10-02 14:00:00.000,2025,10,2,14,12006KT,16,09
2025-10-02 15:00:00.000,2025,10,2,15,17006KT,17,09
2025-10-02 16:00:00.000,2025,10,2,16,14008KT,19,09
2025-10-02 17:00:00.000,2025,10,2,17,11010KT,20,08
2025-10-02 18:00:00.000,2025,10,2,18,13008KT,19,07
2025-10-02 19:00:00.000,2025,10,2,19,VRB08KT,20,08
2025-10-02 20:00:00.000,2025,10,2,20,14009KT,20,07
2025-10-02 21:00:00.000,2025,10,2,21,11007KT,19,07
2025-10-02 22:00:00.000,2025,10,2,22,10004KT,19,07
2025-10-02 23:00:00.000,2025,10,2,23,09005KT,17,08
2025-10-03 00:00:00.000,2025,10,3,0,34003KT,15,13
2025-10-03 01:00:00.000,2025,10,3,1,VRB02KT,14,14
2025-10-03 02:00:00.000,2025,10,3,2,17004KT,14,11
2025-10-03 03:00:00.000,2025,10,3,3,VRB02KT,14,11
2025-10-03 04:00:00.000,2025,10,3,4,VRB02KT,12,12
2025-10-03 05:00:00.000,2025,10,3,5,02002KT,12,12
2025-10-03 06:00:00.000,2025,10,3,6,05004KT,11,11
2025-10-03 07:00:00.000,2025,10,3,7,07005KT,11,11
2025-10-03 08:00:00.000,2025,10,3,8,04004KT,11,11
2025-10-03 09:00:00.000,2025,10,3,9,05005KT,11,11
2025-10-03 10:00:00.000,2025,10,3,10,04007KT,10,10
2025-10-03 10:31:00.000,2025,10,3,10,30003KT,11,11
2025-10-03 11:00:00.000,2025,10,3,11,VRB02KT,11,11
2025-10-03 12:00:00.000,2025,10,3,12,04003KT,12,12
2025-10-03 13:00:00.000,2025,10,3,13,06003KT,13,12
2025-10-03 14:00:00.000,2025,10,3,14,04003KT,15,11
2025-10-03 15:00:00.000,2025,10,3,15,16006KT,16,10
2025-10-03 16:00:00.000,2025,10,3,16,13005KT,17,09
2025-10-03 17:00:00.000,2025,10,3,17,12008KT,17,08
2025-10-03 18:00:00.000,2025,10,3,18,10006KT,17,09
2025-10-03 19:00:00.000,2025,10,3,19,10005KT,18,09
2025-10-03 20:00:00.000,2025,10,3,20,14006KT,19,09
2025-10-03 21:00:00.000,2025,10,3,21,13005KT,18,08
2025-10-03 22:00:00.000,2025,10,3,22,24006KT,16,11
2025-10-03 23:00:00.000,2025,10,3,23,27005KT,15,11
2025-10-04 00:00:00.000,2025,10,4,0,35004KT,12,12
2025-10-04 01:00:00.000,2025,10,4,1,VRB02KT,11,11
2025-10-04 02:00:00.000,2025,10,4,2,VRB02KT,10,10
2025-10-04 03:00:00.000,2025,10,4,3,05005KT,11,10
2025-10-04 04:00:00.000,2025,10,4,4,08003KT,11,10
2025-10-04 05:00:00.000,2025,10,4,5,04004KT,09,09
2025-10-04 06:00:00.000,2025,10,4,6,03004KT,09,09
2025-10-04 07:00:00.000,2025,10,4,7,34002KT,09,09
2025-10-04 08:00:00.000,2025,10,4,8,35002KT,08,08
2025-10-04 09:00:00.000,2025,10,4,9,VRB02KT,08,08
2025-10-04 10:00:00.000,2025,10,4,10,VRB01KT,07,07
2025-10-04 10:30:00.000,2025,10,4,10,01003KT,07,07
2025-10-04 11:00:00.000,2025,10,4,11,VRB02KT,08,08
2025-10-04 12:00:00.000,2025,10,4,12,VRB02KT,09,09
2025-10-04 12:10:00.000,2025,10,4,12,VRB01KT,11,11
2025-10-04 12:41:00.000,2025,10,4,12,05005KT,13,11
2025-10-04 13:00:00.000,2025,10,4,13,04005KT,13,11
2025-10-04 13:24:00.000,2025,10,4,13,VRB02KT,15,10
2025-10-04 14:00:00.000,2025,10,4,14,VRB02KT,16,10
2025-10-04 14:21:00.000,2025,10,4,14,21005KT,17,10
2025-10-04 15:00:00.000,2025,10,4,15,21006KT,17,10
2025-10-04 16:00:00.000,2025,10,4,16,VRB05KT,17,09
2025-10-04 17:00:00.000,2025,10,4,17,15007KT,19,09
2025-10-04 18:00:00.000,2025,10,4,18,15009KT,19,09
2025-10-04 19:00:00.000,2025,10,4,19,14008KT,20,08
2025-10-04 20:00:00.000,2025,10,4,20,18012KT,20,07
2025-10-04 21:00:00.000,2025,10,4,21,18007KT,19,07
2025-10-04 22:00:00.000,2025,10,4,22,33008KT,17,11
2025-10-04 22:05:00.000,2025,10,4,22,27010KT,16,11
2025-10-04 23:00:00.000,2025,10,4,23,30008KT,15,12
2025-10-05 00:00:00.000,2025,10,5,0,32006KT,14,13
2025-10-05 01:00:00.000,2025,10,5,1,VRB02KT,14,12
2025-10-05 02:00:00.000,2025,10,5,2,01003KT,13,12
2025-10-05 03:00:00.000,2025,10,5,3,12005KT,14,11
2025-10-05 04:00:00.000,2025,10,5,4,08005KT,14,09
2025-10-05 05:00:00.000,2025,10,5,5,VRB01KT,12,11
2025-10-05 06:00:00.000,2025,10,5,6,07004KT,12,11
2025-10-05 07:00:00.000,2025,10,5,7,03007KT,11,11
2025-10-05 08:00:00.000,2025,10,5,8,07003KT,12,11
2025-10-05 09:00:00.000,2025,10,5,9,09005KT,11,11
2025-10-05 10:00:00.000,2025,10,5,10,VRB02KT,10,10
2025-10-05 10:31:00.000,2025,10,5,10,06004KT,10,10
2025-10-05 10:32:00.000,2025,10,5,10,06004KT,10,10
2025-10-05 11:00:00.000,2025,10,5,11,07005KT,11,10
2025-10-05 12:00:00.000,2025,10,5,12,07006KT,12,11
2025-10-05 13:00:00.000,2025,10,5,13,08004KT,15,11
2025-10-05 13:40:00.000,2025,10,5,13,11007KT,17,10
2025-10-05 14:00:00.000,2025,10,5,14,11007KT,17,10
2025-10-05 15:00:00.000,2025,10,5,15,12008KT,18,09
2025-10-05 16:00:00.000,2025,10,5,16,12006KT,17,09
2025-10-05 17:00:00.000,2025,10,5,17,15005KT,17,10
2025-10-05 18:00:00.000,2025,10,5,18,15010KT,18,09
2025-10-05 18:07:00.000,2025,10,5,18,10008KT,17,10
2025-10-05 19:00:00.000,2025,10,5,19,13006KT,17,10
2025-10-05 19:18:00.000,2025,10,5,19,14007KT,19,10
2025-10-05 19:31:00.000,2025,10,5,19,14007KT,18,10
2025-10-05 20:00:00.000,2025,10,5,20,13007KT,18,09
2025-10-05 21:00:00.000,2025,10,5,21,13006KT,19,09
2025-10-05 22:00:00.000,2025,10,5,22,11006KT,18,09
2025-10-05 23:00:00.000,2025,10,5,23,14009KT,16,08
2025-10-06 00:00:00.000,2025,10,6,0,13005KT,15,08
2025-10-06 01:00:00.000,2025,10,6,1,VRB01KT,14,09
2025-10-06 02:00:00.000,2025,10,6,2,VRB02KT,12,10
2025-10-06 03:00:00.000,2025,10,6,3,03003KT,12,10
2025-10-06 04:00:00.000,2025,10,6,4,10003KT,11,10
2025-10-06 05:00:00.000,2025,10,6,5,01003KT,10,10
2025-10-06 06:00:00.000,2025,10,6,6,06003KT,08,08
2025-10-06 07:00:00.000,2025,10,6,7,25002KT,10,10
2025-10-06 08:00:00.000,2025,10,6,8,33003KT,07,07
2025-10-06 09:00:00.000,2025,10,6,9,00000KT,08,08
2025-10-06 10:00:00.000,2025,10,6,10,34003KT,06,06
2025-10-06 10:33:00.000,2025,10,6,10,03002KT,07,07
2025-10-06 11:00:00.000,2025,10,6,11,04003KT,07,07
2025-10-06 11:32:00.000,2025,10,6,11,02005KT,08,08
2025-10-06 12:00:00.000,2025,10,6,12,04004KT,08,08
2025-10-06 12:33:00.000,2025,10,6,12,03003KT,09,09
2025-10-06 12:45:00.000,2025,10,6,12,04004KT,09,09
2025-10-06 13:00:00.000,2025,10,6,13,04004KT,09,09
2025-10-06 13:08:00.000,2025,10,6,13,VRB01KT,10,10
2025-10-06 13:28:00.000,2025,10,6,13,VRB02KT,12,12
2025-10-06 14:00:00.000,2025,10,6,14,02003KT,15,12
2025-10-06 15:00:00.000,2025,10,6,15,VRB02KT,17,10
2025-10-06 16:00:00.000,2025,10,6,16,27005KT,17,10
2025-10-06 17:00:00.000,2025,10,6,17,03006KT,18,10
2025-10-06 18:00:00.000,2025,10,6,18,35004KT,19,09
2025-10-06 19:00:00.000,2025,10,6,19,26006KT,19,11
2025-10-06 20:00:00.000,2025,10,6,20,VRB01KT,18,09
2025-10-06 20:03:00.000,2025,10,6,20,25007KT,18,12
2025-10-06 20:33:00.000,2025,10,6,20,VRB06KT,16,11
2025-10-06 21:00:00.000,2025,10,6,21,24008KT,16,12
2025-10-06 22:00:00.000,2025,10,6,22,27008KT,17,12
2025-10-06 23:00:00.000,2025,10,6,23,29004KT,15,12
2025-10-07 00:00:00.000,2025,10,7,0,24005KT,14,13
2025-10-07 01:00:00.000,2025,10,7,1,21003KT,14,14
2025-10-07 02:00:00.000,2025,10,7,2,35001KT,11,11
2025-10-07 02:28:00.000,2025,10,7,2,34003KT,11,11
2025-10-07 03:00:00.000,2025,10,7,3,36003KT,11,11
2025-10-07 04:00:00.000,2025,10,7,4,32003KT,11,11
2025-10-07 05:00:00.000,2025,10,7,5,03003KT,10,10
2025-10-07 06:00:00.000,2025,10,7,6,VRB01KT,11,11
2025-10-07 07:00:00.000,2025,10,7,7,06005KT,12,12
2025-10-07 08:00:00.000,2025,10,7,8,08005KT,11,11
2025-10-07 09:00:00.000,2025,10,7,9,VRB02KT,10,10
2025-10-07 10:00:00.000,2025,10,7,10,04005KT,10,10
2025-10-07 10:32:00.000,2025,10,7,10,05003KT,09,09
2025-10-07 11:00:00.000,2025,10,7,11,05002KT,09,09
2025-10-07 12:00:00.000,2025,10,7,12,VRB01KT,10,10
2025-10-07 13:00:00.000,2025,10,7,13,04003KT,12,10
2025-10-07 14:00:00.000,2025,10,7,14,05004KT,14,10
2025-10-07 15:00:00.000,2025,10,7,15,05003KT,16,10
2025-10-07 16:00:00.000,2025,10,7,16,06006KT,17,11
2025-10-07 17:00:00.000,2025,10,7,17,01004KT,17,12
2025-10-07 17:39:00.000,2025,10,7,17,28009KT,16,12
2025-10-07 18:00:00.000,2025,10,7,18,31007KT,16,13
2025-10-07 19:00:00.000,2025,10,7,19,30006KT,16,13
2025-10-07 19:30:00.000,2025,10,7,19,30007KT,18,13
2025-10-07 20:00:00.000,2025,10,7,20,VRB04KT,18,12
2025-10-07 21:00:00.000,2025,10,7,21,31005KT,17,12
2025-10-07 22:00:00.000,2025,10,7,22,30006KT,18,13
2025-10-07 23:00:00.000,2025,10,7,23,24008KT,15,12
2025-10-08 00:00:00.000,2025,10,8,0,27003KT,14,12
2025-10-08 01:00:00.000,2025,10,8,1,VRB02KT,12,12
2025-10-08 02:00:00.000,2025,10,8,2,03003KT,11,11
2025-10-08 03:00:00.000,2025,10,8,3,VRB01KT,12,12
2025-10-08 04:00:00.000,2025,10,8,4,00000KT,11,11
2025-10-08 05:00:00.000,2025,10,8,5,VRB01KT,10,10
2025-10-08 06:00:00.000,2025,10,8,6,VRB01KT,10,10
2025-10-08 07:00:00.000,2025,10,8,7,02003KT,09,09
2025-10-08 08:00:00.000,2025,10,8,8,20003KT,10,10
2025-10-08 09:00:00.000,2025,10,8,9,VRB01KT,09,09
2025-10-08 10:00:00.000,2025,10,8,10,VRB02KT,09,09
2025-10-08 10:31:00.000,2025,10,8,10,VRB03KT,09,09
2025-10-08 11:00:00.000,2025,10,8,11,VRB02KT,10,10
2025-10-08 12:00:00.000,2025,10,8,12,33003KT,10,10
2025-10-08 13:00:00.000,2025,10,8,13,05005KT,12,12
2025-10-08 14:00:00.000,2025,10,8,14,05005KT,13,12
2025-10-08 15:00:00.000,2025,10,8,15,06006KT,15,12
2025-10-08 15:38:00.000,2025,10,8,15,14009KT,16,09
2025-10-08 16:00:00.000,2025,10,8,16,14010KT,16,10
2025-10-08 17:00:00.000,2025,10,8,17,15006KT,17,09
2025-10-08 18:00:00.000,2025,10,8,18,VRB05KT,19,09
2025-10-08 19:00:00.000,2025,10,8,19,16004KT,18,08
2025-10-08 20:00:00.000,2025,10,8,20,09006KT,18,08
2025-10-08 21:00:00.000,2025,10,8,21,09006KT,18,09
2025-10-08 22:00:00.000,2025,10,8,22,26005KT,17,10
2025-10-08 23:00:00.000,2025,10,8,23,29004KT,16,11
2025-10-09 00:00:00.000,2025,10,9,0,VRB02KT,13,13
2025-10-09 01:00:00.000,2025,10,9,1,33004KT,13,11
2025-10-09 01:19:00.000,2025,10,9,1,33003KT,12,11
2025-10-09 02:00:00.000,2025,10,9,2,VRB02KT,11,11
2025-10-09 03:00:00.000,2025,10,9,3,26003KT,12,11
2025-10-09 04:00:00.000,2025,10,9,4,02002KT,09,09
2025-10-09 05:00:00.000,2025,10,9,5,VRB02KT,09,09
2025-10-09 06:00:00.000,2025,10,9,6,VRB02KT,09,09
2025-10-09 07:00:00.000,2025,10,9,7,27002KT,09,09
2025-10-09 08:00:00.000,2025,10,9,8,02003KT,09,09
2025-10-09 09:00:00.000,2025,10,9,9,31004KT,09,09
2025-10-09 10:00:00.000,2025,10,9,10,VRB02KT,09,09
2025-10-09 10:33:00.000,2025,10,9,10,03002KT,07,07
2025-10-09 11:00:00.000,2025,10,9,11,03004KT,08,08
2025-10-09 11:34:00.000,2025,10,9,11,VRB02KT,11,10
2025-10-09 12:00:00.000,2025,10,9,12,VRB02KT,12,10
2025-10-09 13:00:00.000,2025,10,9,13,VRB02KT,14,11
2025-10-09 13:22:00.000,2025,10,9,13,VRB02KT,16,11
2025-10-09 14:00:00.000,2025,10,9,14,VRB01KT,17,11
2025-10-09 15:00:00.000,2025,10,9,15,VRB02KT,17,10
2025-10-09 16:00:00.000,2025,10,9,16,06005KT,17,10
2025-10-09 17:00:00.000,2025,10,9,17,03003KT,18,10
2025-10-09 18:00:00.000,2025,10,9,18,35004KT,19,09
2025-10-09 19:00:00.000,2025,10,9,19,24011KT,18,12
2025-10-09 20:00:00.000,2025,10,9,20,27006KT,19,12
2025-10-09 21:00:00.000,2025,10,9,21,29008KT,18,13
2025-10-09 21:13:00.000,2025,10,9,21,23015KT,12,12
2025-10-09 21:32:00.000,2025,10,9,21,VRB11KT,13,12
2025-10-09 22:00:00.000,2025,10,9,22,07003KT,12,12
2025-10-09 23:00:00.000,2025,10,9,23,33003KT,13,13
2025-10-10 00:00:00.000,2025,10,10,0,35002KT,12,12
2025-10-10 01:00:00.000,2025,10,10,1,34004KT,12,12
2025-10-10 02:00:00.000,2025,10,10,2,07003KT,12,12
2025-10-10 03:00:00.000,2025,10,10,3,VRB02KT,12,12
2025-10-10 04:00:00.000,2025,10,10,4,05005KT,11,11
2025-10-10 05:00:00.000,2025,10,10,5,04005KT,12,12
2025-10-10 06:00:00.000,2025,10,10,6,04004KT,11,11
2025-10-10 07:00:00.000,2025,10,10,7,02005KT,11,11
2025-10-10 08:00:00.000,2025,10,10,8,07003KT,12,12
2025-10-10 09:00:00.000,2025,10,10,9,04004KT,11,11
2025-10-10 10:00:00.000,2025,10,10,10,04005KT,11,11
2025-10-10 10:31:00.000,2025,10,10,10,06004KT,11,11
2025-10-10 11:00:00.000,2025,10,10,11,VRB01KT,11,11
2025-10-10 12:00:00.000,2025,10,10,12,04005KT,12,12
2025-10-10 13:00:00.000,2025,10,10,13,04004KT,13,12
2025-10-10 14:00:00.000,2025,10,10,14,06003KT,14,11
2025-10-10 15:00:00.000,2025,10,10,15,VRB02KT,16,11
2025-10-10 16:00:00.000,2025,10,10,16,VRB02KT,18,09
2025-10-10 17:00:00.000,2025,10,10,17,20005KT,19,08
2025-10-10 18:00:00.000,2025,10,10,18,25005G15KT,19,09
2025-10-10 19:00:00.000,2025,10,10,19,25007KT,18,13
2025-10-10 20:00:00.000,2025,10,10,20,25009KT,18,12
2025-10-10 20:23:00.000,2025,10,10,20,25010KT,17,13
2025-10-10 21:00:00.000,2025,10,10,21,24008KT,16,12
2025-10-10 22:00:00.000,2025,10,10,22,32006KT,15,12
2025-10-10 23:00:00.000,2025,10,10,23,VRB02KT,14,13
2025-10-11 00:00:00.000,2025,10,11,0,25006KT,14,11
2025-10-11 01:00:00.000,2025,10,11,1,31004KT,14,10
2025-10-11 02:00:00.000,2025,10,11,2,VRB02KT,12,11
2025-10-11 03:00:00.000,2025,10,11,3,34002KT,12,12
2025-10-11 03:01:00.000,2025,10,11,3,34002KT,12,12
2025-10-11 04:00:00.000,2025,10,11,4,02002KT,12,12
2025-10-11 05:00:00.000,2025,10,11,5,VRB02KT,12,12
2025-10-11 06:00:00.000,2025,10,11,6,08003KT,12,12
2025-10-11 07:00:00.000,2025,10,11,7,VRB01KT,12,12
2025-10-11 08:00:00.000,2025,10,11,8,VRB01KT,12,12
2025-10-11 09:00:00.000,2025,10,11,9,VRB02KT,12,12
2025-10-11 10:00:00.000,2025,10,11,10,34003KT,11,11
2025-10-11 10:31:00.000,2025,10,11,10,28003KT,11,11
2025-10-11 11:00:00.000,2025,10,11,11,VRB01KT,12,12
2025-10-11 12:00:00.000,2025,10,11,12,02004KT,12,12
2025-10-11 13:00:00.000,2025,10,11,13,VRB02KT,14,13
2025-10-11 14:00:00.000,2025,10,11,14,10003KT,16,12
2025-10-11 15:00:00.000,2025,10,11,15,VRB01KT,17,12
2025-10-11 16:00:00.000,2025,10,11,16,VRB03KT,18,11
2025-10-11 17:00:00.000,2025,10,11,17,20006KT,18,11
2025-10-11 17:09:00.000,2025,10,11,17,18008G21KT,15,14
2025-10-11 17:30:00.000,2025,10,11,17,24004KT,16,15
2025-10-11 18:00:00.000,2025,10,11,18,28007KT,15,12
2025-10-11 18:03:00.000,2025,10,11,18,28008KT,15,14
2025-10-11 19:00:00.000,2025,10,11,19,29008KT,17,14
2025-10-11 20:00:00.000,2025,10,11,20,28008KT,17,13
2025-10-11 20:20:00.000,2025,10,11,20,24006KT,16,13
2025-10-11 21:00:00.000,2025,10,11,21,22006KT,15,14
2025-10-11 22:00:00.000,2025,10,11,22,VRB04KT,14,14
2025-10-11 23:00:00.000,2025,10,11,23,VRB01KT,13,13
2025-10-12 00:00:00.000,2025,10,12,0,VRB02KT,12,12
2025-10-12 01:00:00.000,2025,10,12,1,33004KT,13,13
2025-10-12 02:00:00.000,2025,10,12,2,03002KT,13,13
2025-10-12 03:00:00.000,2025,10,12,3,04004KT,13,13
2025-10-12 04:00:00.000,2025,10,12,4,VRB02KT,12,12
2025-10-12 05:00:00.000,2025,10,12,5,VRB02KT,11,11
2025-10-12 06:00:00.000,2025,10,12,6,29002KT,11,11
2025-10-12 07:00:00.000,2025,10,12,7,VRB02KT,11,11
2025-10-12 07:08:00.000,2025,10,12,7,33005KT,11,11
2025-10-12 08:00:00.000,2025,10,12,8,VRB01KT,11,11
2025-10-12 09:00:00.000,2025,10,12,9,35004KT,11,11
2025-10-12 10:00:00.000,2025,10,12,10,35005KT,11,11
2025-10-12 10:30:00.000,2025,10,12,10,35003KT,11,11
2025-10-12 11:00:00.000,2025,10,12,11,VRB02KT,11,11
2025-10-12 12:00:00.000,2025,10,12,12,VRB01KT,12,12
2025-10-12 13:00:00.000,2025,10,12,13,05004KT,14,13
2025-10-12 14:00:00.000,2025,10,12,14,30004KT,15,13
2025-10-12 15:00:00.000,2025,10,12,15,33003KT,15,12
2025-10-12 16:00:00.000,2025,10,12,16,32005KT,16,12
2025-10-12 16:19:00.000,2025,10,12,16,32004KT,16,12
2025-10-12 16:44:00.000,2025,10,12,16,VRB02KT,16,12
2025-10-12 17:00:00.000,2025,10,12,17,VRB02KT,16,12
2025-10-12 18:00:00.000,2025,10,12,18,35007KT,18,11
2025-10-12 18:31:00.000,2025,10,12,18,01005KT,18,13
2025-10-12 18:37:00.000,2025,10,12,18,05003KT,17,12
2025-10-12 19:00:00.000,2025,10,12,19,33004KT,17,13
2025-10-12 19:10:00.000,2025,10,12,19,25015KT,16,11
2025-10-12 20:00:00.000,2025,10,12,20,27011KT,17,13
2025-10-12 20:12:00.000,2025,10,12,20,27008KT,17,13
2025-10-12 21:00:00.000,2025,10,12,21,26006KT,17,13
2025-10-12 22:00:00.000,2025,10,12,22,32012KT,15,13
2025-10-12 22:22:00.000,2025,10,12,22,34009KT,14,13
2025-10-12 23:00:00.000,2025,10,12,23,30004G19KT,13,13
2025-10-13 00:00:00.000,2025,10,13,0,30006KT,12,12
2025-10-13 01:00:00.000,2025,10,13,1,32006KT,12,12
2025-10-13 02:00:00.000,2025,10,13,2,31006KT,13,12
2025-10-13 03:00:00.000,2025,10,13,3,31005KT,13,13
2025-10-13 04:00:00.000,2025,10,13,4,29003KT,12,12
2025-10-13 05:00:00.000,2025,10,13,5,VRB02KT,12,12
2025-10-13 06:00:00.000,2025,10,13,6,33003KT,11,11
2025-10-13 06:32:00.000,2025,10,13,6,27002KT,11,11
2025-10-13 07:00:00.000,2025,10,13,7,30003KT,12,12
2025-10-13 08:00:00.000,2025,10,13,8,27003KT,12,12
2025-10-13 08:26:00.000,2025,10,13,8,VRB01KT,12,12
2025-10-13 09:00:00.000,2025,10,13,9,VRB02KT,12,12
2025-10-13 10:00:00.000,2025,10,13,10,19006KT,12,12
2025-10-13 10:30:00.000,2025,10,13,10,VRB02KT,12,08
2025-10-13 11:00:00.000,2025,10,13,11,VRB01KT,11,09
2025-10-13 12:00:00.000,2025,10,13,12,33003KT,12,12
2025-10-13 13:00:00.000,2025,10,13,13,34006KT,14,10
2025-10-13 13:15:00.000,2025,10,13,13,06003KT,16,10
2025-10-13 14:00:00.000,2025,10,13,14,VRB02KT,17,08
2025-10-13 15:00:00.000,2025,10,13,15,VRB02KT,19,09
2025-10-13 16:00:00.000,2025,10,13,16,33004KT,18,09
2025-10-13 17:00:00.000,2025,10,13,17,22008KT,20,09
2025-10-13 17:25:00.000,2025,10,13,17,22007KT,18,11
2025-10-13 17:29:00.000,2025,10,13,17,22005KT,18,10
2025-10-13 17:35:00.000,2025,10,13,17,32014G24KT,17,12
2025-10-13 18:00:00.000,2025,10,13,18,31016KT,12,12
2025-10-13 18:15:00.000,2025,10,13,18,27009KT,14,13
2025-10-13 19:00:00.000,2025,10,13,19,27007KT,15,14
2025-10-13 20:00:00.000,2025,10,13,20,25009KT,17,12
2025-10-13 21:00:00.000,2025,10,13,21,25006KT,17,12
2025-10-13 21:44:00.000,2025,10,13,21,31009KT,16,13
2025-10-13 22:00:00.000,2025,10,13,22,31009KT,16,13
2025-10-13 22:13:00.000,2025,10,13,22,08008KT,13,12
2025-10-13 22:36:00.000,2025,10,13,22,VRB02KT,12,12
2025-10-13 23:00:00.000,2025,10,13,23,VRB01KT,12,12
2025-10-14 00:00:00.000,2025,10,14,0,13005KT,11,11
2025-10-14 01:00:00.000,2025,10,14,1,VRB02KT,12,12
2025-10-14 02:00:00.000,2025,10,14,2,VRB01KT,12,12
2025-10-14 03:00:00.000,2025,10,14,3,04004KT,11,11
2025-10-14 04:00:00.000,2025,10,14,4,04004KT,11,11
2025-10-14 05:00:00.000,2025,10,14,5,05004KT,11,11
2025-10-14 06:00:00.000,2025,10,14,6,05005KT,11,11
2025-10-14 07:00:00.000,2025,10,14,7,04002KT,11,11
2025-10-14 08:00:00.000,2025,10,14,8,03005KT,10,10
2025-10-14 09:00:00.000,2025,10,14,9,VRB02KT,11,11
2025-10-14 09:34:00.000,2025,10,14,9,21003KT,11,11
2025-10-14 10:00:00.000,2025,10,14,10,VRB01KT,11,11
2025-10-14 10:30:00.000,2025,10,14,10,VRB01KT,11,11
2025-10-14 11:00:00.000,2025,10,14,11,13002KT,11,11
2025-10-14 12:00:00.000,2025,10,14,12,VRB02KT,12,12
2025-10-14 13:00:00.000,2025,10,14,13,04005KT,13,12
2025-10-14 14:00:00.000,2025,10,14,14,07005KT,14,11
2025-10-14 15:00:00.000,2025,10,14,15,20007KT,15,09
2025-10-14 16:00:00.000,2025,10,14,16,10007KT,16,09
2025-10-14 17:00:00.000,2025,10,14,17,14010KT,16,09
2025-10-14 18:00:00.000,2025,10,14,18,15007KT,17,09
2025-10-14 19:00:00.000,2025,10,14,19,14006KT,17,10
2025-10-14 20:00:00.000,2025,10,14,20,16011KT,17,09
2025-10-14 21:00:00.000,2025,10,14,21,18008KT,17,09
2025-10-14 22:00:00.000,2025,10,14,22,16007KT,17,08
2025-10-14 23:00:00.000,2025,10,14,23,14006KT,15,08
2025-10-15 00:00:00.000,2025,10,15,0,26005KT,13,12
2025-10-15 01:00:00.000,2025,10,15,1,35003KT,11,11
2025-10-15 02:00:00.000,2025,10,15,2,05003KT,11,11
2025-10-15 03:00:00.000,2025,10,15,3,04002KT,10,10
2025-10-15 04:00:00.000,2025,10,15,4,34002KT,09,09
2025-10-15 05:00:00.000,2025,10,15,5,07003KT,09,09
2025-10-15 06:00:00.000,2025,10,15,6,02003KT,09,09
2025-10-15 07:00:00.000,2025,10,15,7,27004KT,08,08
2025-10-15 08:00:00.000,2025,10,15,8,VRB02KT,07,07
2025-10-15 09:00:00.000,2025,10,15,9,VRB01KT,07,07
2025-10-15 10:00:00.000,2025,10,15,10,35001KT,06,06
2025-10-15 10:33:00.000,2025,10,15,10,35003KT,04,04
2025-10-15 11:00:00.000,2025,10,15,11,07002KT,06,06
2025-10-15 11:44:00.000,2025,10,15,11,01003KT,08,08
2025-10-15 12:00:00.000,2025,10,15,12,01003KT,08,08
2025-10-15 12:26:00.000,2025,10,15,12,03003KT,11,11
2025-10-15 13:00:00.000,2025,10,15,13,03005KT,12,11
2025-10-15 13:44:00.000,2025,10,15,13,VRB02KT,15,10
2025-10-15 14:00:00.000,2025,10,15,14,VRB02KT,16,10
2025-10-15 14:25:00.000,2025,10,15,14,VRB03KT,18,10
2025-10-15 15:00:00.000,2025,10,15,15,36004KT,16,09
2025-10-15 15:34:00.000,2025,10,15,15,VRB03KT,18,09
2025-10-15 16:00:00.000,2025,10,15,16,12004KT,19,09
2025-10-15 17:00:00.000,2025,10,15,17,24008KT,18,11
2025-10-15 18:00:00.000,2025,10,15,18,24010KT,19,12
2025-10-15 19:00:00.000,2025,10,15,19,25012G22KT,18,12
2025-10-15 20:00:00.000,2025,10,15,20,24009KT,16,11
2025-10-15 21:00:00.000,2025,10,15,21,25005KT,15,11
2025-10-15 22:00:00.000,2025,10,15,22,VRB02KT,16,11
2025-10-15 23:00:00.000,2025,10,15,23,VRB02KT,16,11
2025-10-16 00:00:00.000,2025,10,16,0,27003KT,15,13
2025-10-16 01:00:00.000,2025,10,16,1,VRB01KT,14,12
2025-10-16 02:00:00.000,2025,10,16,2,19006KT,15,11
2025-10-16 02:42:00.000,2025,10,16,2,VRB01KT,14,12
2025-10-16 03:00:00.000,2025,10,16,3,15004G14KT,14,12
2025-10-16 04:00:00.000,2025,10,16,4,02003KT,12,12
2025-10-16 05:00:00.000,2025,10,16,5,01003KT,13,13
2025-10-16 05:38:00.000,2025,10,16,5,08003KT,13,13
2025-10-16 06:00:00.000,2025,10,16,6,10004KT,13,13
2025-10-16 07:00:00.000,2025,10,16,7,03005KT,12,12
2025-10-16 07:31:00.000,2025,10,16,7,30003KT,12,12
2025-10-16 08:00:00.000,2025,10,16,8,30004KT,12,12
2025-10-16 08:10:00.000,2025,10,16,8,23014KT,11,11
2025-10-16 08:30:00.000,2025,10,16,8,24009KT,10,10
2025-10-16 09:00:00.000,2025,10,16,9,23007KT,10,10
2025-10-16 10:00:00.000,2025,10,16,10,19005KT,11,11
2025-10-16 10:30:00.000,2025,10,16,10,35004KT,10,10
2025-10-16 11:00:00.000,2025,10,16,11,VRB02KT,10,10
2025-10-16 12:00:00.000,2025,10,16,12,04003KT,11,11
2025-10-16 12:26:00.000,2025,10,16,12,04004KT,13,13
2025-10-16 13:00:00.000,2025,10,16,13,05004KT,13,12
2025-10-16 14:00:00.000,2025,10,16,14,04006KT,14,12
2025-10-16 14:48:00.000,2025,10,16,14,06005KT,16,11
2025-10-16 15:00:00.000,2025,10,16,15,06004KT,16,11
2025-10-16 16:00:00.000,2025,10,16,16,04005KT,17,10
2025-10-16 17:00:00.000,2025,10,16,17,33005KT,19,11
2025-10-16 18:00:00.000,2025,10,16,18,27010KT,18,12
2025-10-16 18:21:00.000,2025,10,16,18,24011KT,18,12
2025-10-16 19:00:00.000,2025,10,16,19,23011KT,17,11
2025-10-16 20:00:00.000,2025,10,16,20,25009KT,17,11
2025-10-16 21:00:00.000,2025,10,16,21,31010KT,16,11
2025-10-16 22:00:00.000,2025,10,16,22,30006KT,16,11
2025-10-16 23:00:00.000,2025,10,16,23,31006KT,14,12
2025-10-17 00:00:00.000,2025,10,17,0,VRB02KT,14,12
2025-10-17 01:00:00.000,2025,10,17,1,35003KT,11,11
2025-10-17 02:00:00.000,2025,10,17,2,34003KT,11,11
2025-10-17 03:00:00.000,2025,10,17,3,VRB02KT,11,11
2025-10-17 04:00:00.000,2025,10,17,4,28005KT,12,12
2025-10-17 05:00:00.000,2025,10,17,5,22003KT,13,13
2025-10-17 06:00:00.000,2025,10,17,6,VRB03KT,12,12
2025-10-17 07:00:00.000,2025,10,17,7,VRB02KT,12,12
2025-10-17 08:00:00.000,2025,10,17,8,03004KT,12,12
2025-10-17 09:00:00.000,2025,10,17,9,VRB02KT,11,11
2025-10-17 10:00:00.000,2025,10,17,10,25003KT,12,12
2025-10-17 10:32:00.000,2025,10,17,10,03004KT,10,10
2025-10-17 11:00:00.000,2025,10,17,11,05003KT,09,09
2025-10-17 11:40:00.000,2025,10,17,11,04004KT,11,11
2025-10-17 12:00:00.000,2025,10,17,12,06004KT,12,12
2025-10-17 13:00:00.000,2025,10,17,13,04007KT,12,12
2025-10-17 13:28:00.000,2025,10,17,13,05006KT,14,12
2025-10-17 14:00:00.000,2025,10,17,14,05006KT,14,13
2025-10-17 14:20:00.000,2025,10,17,14,04006KT,16,11
2025-10-17 15:00:00.000,2025,10,17,15,VRB06KT,17,11
2025-10-17 16:00:00.000,2025,10,17,16,VRB05KT,19,10
2025-10-17 17:00:00.000,2025,10,17,17,VRB02KT,20,09
2025-10-17 18:00:00.000,2025,10,17,18,24010KT,16,14
2025-10-17 19:00:00.000,2025,10,17,19,29011KT,16,13
2025-10-17 20:00:00.000,2025,10,17,20,31008KT,15,13
2025-10-17 20:01:00.000,2025,10,17,20,31008KT,15,13
2025-10-17 21:00:00.000,2025,10,17,21,31004KT,15,13
2025-10-17 22:00:00.000,2025,10,17,22,36003KT,15,13
2025-10-17 23:00:00.000,2025,10,17,23,25004KT,15,13
2025-10-18 00:00:00.000,2025,10,18,0,02001KT,14,14
2025-10-18 00:05:00.000,2025,10,18,0,35003KT,14,14
2025-10-18 01:00:00.000,2025,10,18,1,VRB02KT,14,14
2025-10-18 02:00:00.000,2025,10,18,2,VRB01KT,13,13
2025-10-18 03:00:00.000,2025,10,18,3,01004KT,13,13
2025-10-18 03:08:00.000,2025,10,18,3,VRB03KT,13,13
2025-10-18 04:00:00.000,2025,10,18,4,29007KT,12,12
2025-10-18 04:11:00.000,2025,10,18,4,32006KT,12,12
2025-10-18 05:00:00.000,2025,10,18,5,28006KT,11,11
2025-10-18 06:00:00.000,2025,10,18,6,33003KT,11,11
2025-10-18 07:00:00.000,2025,10,18,7,VRB02KT,11,11
2025-10-18 08:00:00.000,2025,10,18,8,10003KT,11,11
2025-10-18 09:00:00.000,2025,10,18,9,02003KT,11,11
2025-10-18 10:00:00.000,2025,10,18,10,06002KT,11,11
2025-10-18 10:31:00.000,2025,10,18,10,06004KT,11,11
2025-10-18 11:00:00.000,2025,10,18,11,05004KT,11,11
2025-10-18 12:00:00.000,2025,10,18,12,03003KT,11,11
2025-10-18 13:00:00.000,2025,10,18,13,07003KT,13,11
2025-10-18 13:26:00.000,2025,10,18,13,04004KT,15,11
2025-10-18 14:00:00.000,2025,10,18,14,06004KT,15,11
2025-10-18 14:30:00.000,2025,10,18,14,08006KT,17,11
2025-10-18 15:00:00.000,2025,10,18,15,10007KT,18,11
2025-10-18 16:00:00.000,2025,10,18,16,12008KT,18,10
2025-10-18 17:00:00.000,2025,10,18,17,14010KT,19,10
2025-10-18 18:00:00.000,2025,10,18,18,15010KT,18,09
2025-10-18 18:33:00.000,2025,10,18,18,04009KT,18,11
2025-10-18 19:00:00.000,2025,10,18,19,04007KT,17,10
2025-10-18 20:00:00.000,2025,10,18,20,VRB04KT,16,10
2025-10-18 21:00:00.000,2025,10,18,21,35004KT,15,13
2025-10-18 21:03:00.000,2025,10,18,21,VRB04KT,15,13
2025-10-18 21:34:00.000,2025,10,18,21,08007KT,16,12
2025-10-18 22:00:00.000,2025,10,18,22,09005KT,16,12
2025-10-18 23:00:00.000,2025,10,18,23,14005KT,15,11
2025-10-19 00:00:00.000,2025,10,19,0,VRB02KT,14,12
2025-10-19 01:00:00.000,2025,10,19,1,VRB02KT,13,11
2025-10-19 02:00:00.000,2025,10,19,2,04005KT,10,10
2025-10-19 03:00:00.000,2025,10,19,3,04003KT,11,11
2025-10-19 04:00:00.000,2025,10,19,4,35002KT,09,09
2025-10-19 05:00:00.000,2025,10,19,5,33004KT,09,09
2025-10-19 06:00:00.000,2025,10,19,6,35004KT,08,08
2025-10-19 07:00:00.000,2025,10,19,7,VRB02KT,07,07
2025-10-19 08:00:00.000,2025,10,19,8,VRB01KT,07,07
2025-10-19 09:00:00.000,2025,10,19,9,VRB02KT,07,07
2025-10-19 10:00:00.000,2025,10,19,10,VRB02KT,07,07
2025-10-19 10:30:00.000,2025,10,19,10,07003KT,08,08
2025-10-19 11:00:00.000,2025,10,19,11,07003KT,07,07
2025-10-19 12:00:00.000,2025,10,19,12,05006KT,09,09
2025-10-19 12:21:00.000,2025,10,19,12,06007KT,11,11
2025-10-19 13:00:00.000,2025,10,19,13,06006KT,12,11
2025-10-19 13:13:00.000,2025,10,19,13,07006KT,14,11
2025-10-19 14:00:00.000,2025,10,19,14,05007KT,14,11
2025-10-19 14:32:00.000,2025,10,19,14,11008KT,16,09
2025-10-19 15:00:00.000,2025,10,19,15,12010KT,16,08
2025-10-19 15:29:00.000,2025,10,19,15,VRB08KT,18,09
2025-10-19 16:00:00.000,2025,10,19,16,10007KT,18,08
2025-10-19 17:00:00.000,2025,10,19,17,09008KT,18,08
2025-10-19 18:00:00.000,2025,10,19,18,10007KT,18,07
2025-10-19 19:00:00.000,2025,10,19,19,14006KT,18,08
2025-10-19 20:00:00.000,2025,10,19,20,11006KT,18,07
2025-10-19 21:00:00.000,2025,10,19,21,10006KT,18,08
2025-10-19 22:00:00.000,2025,10,19,22,03005KT,17,09
2025-10-19 23:00:00.000,2025,10,19,23,09003KT,15,08
2025-10-20 00:00:00.000,2025,10,20,0,VRB02KT,14,09
2025-10-20 01:00:00.000,2025,10,20,1,14007KT,15,08
2025-10-20 02:00:00.000,2025,10,20,2,12005KT,15,07
2025-10-20 03:00:00.000,2025,10,20,3,10003KT,14,08
2025-10-20 04:00:00.000,2025,10,20,4,35004KT,11,09
2025-10-20 05:00:00.000,2025,10,20,5,03002KT,09,09
2025-10-20 06:00:00.000,2025,10,20,6,28005KT,11,10
2025-10-20 07:00:00.000,2025,10,20,7,04003KT,10,10
2025-10-20 08:00:00.000,2025,10,20,8,30003KT,10,10
2025-10-20 09:00:00.000,2025,10,20,9,04002KT,10,10
2025-10-20 10:00:00.000,2025,10,20,10,02003KT,10,10
2025-10-20 10:36:00.000,2025,10,20,10,05004KT,10,10
2025-10-20 11:00:00.000,2025,10,20,11,VRB02KT,10,10
2025-10-20 12:00:00.000,2025,10,20,12,02005KT,12,11
2025-10-20 12:25:00.000,2025,10,20,12,04003KT,14,11
2025-10-20 13:00:00.000,2025,10,20,13,03004KT,15,10
2025-10-20 14:00:00.000,2025,10,20,14,02004KT,16,11
2025-10-20 15:00:00.000,2025,10,20,15,VRB02KT,17,10
2025-10-20 16:00:00.000,2025,10,20,16,VRB03KT,18,11
2025-10-20 17:00:00.000,2025,10,20,17,VRB02KT,18,10
2025-10-20 18:00:00.000,2025,10,20,18,03005KT,18,11
2025-10-20 18:42:00.000,2025,10,20,18,28009KT,14,14
2025-10-20 19:00:00.000,2025,10,20,19,27007KT,14,14
2025-10-20 19:31:00.000,2025,10,20,19,29006KT,16,15
2025-10-20 20:00:00.000,2025,10,20,20,30005KT,16,15
2025-10-20 21:00:00.000,2025,10,20,21,30006KT,17,13
2025-10-20 22:00:00.000,2025,10,20,22,27006KT,16,13
2025-10-20 23:00:00.000,2025,10,20,23,VRB03KT,15,12
2025-10-21 00:00:00.000,2025,10,21,0,VRB03KT,14,11
2025-10-21 01:00:00.000,2025,10,21,1,VRB01KT,11,11
2025-10-21 02:00:00.000,2025,10,21,2,34002KT,11,11
2025-10-21 03:00:00.000,2025,10,21,3,36003KT,10,10
2025-10-21 04:00:00.000,2025,10,21,4,VRB02KT,10,10
2025-10-21 04:07:00.000,2025,10,21,4,14003KT,11,11
2025-10-21 05:00:00.000,2025,10,21,5,24004KT,11,11
2025-10-21 06:00:00.000,2025,10,21,6,VRB01KT,08,08
2025-10-21 07:00:00.000,2025,10,21,7,33003KT,09,09
2025-10-21 07:10:00.000,2025,10,21,7,VRB02KT,08,08
2025-10-21 07:24:00.000,2025,10,21,7,VRB01KT,09,09
2025-10-21 08:00:00.000,2025,10,21,8,00000KT,08,08
2025-10-21 09:00:00.000,2025,10,21,9,04003KT,08,08
2025-10-21 10:00:00.000,2025,10,21,10,03002KT,09,09
2025-10-21 10:31:00.000,2025,10,21,10,VRB02KT,08,08
2025-10-21 11:00:00.000,2025,10,21,11,VRB01KT,08,08
2025-10-21 12:00:00.000,2025,10,21,12,04005KT,11,11
2025-10-21 13:00:00.000,2025,10,21,13,04004KT,14,12
2025-10-21 14:00:00.000,2025,10,21,14,03003KT,16,11
2025-10-21 15:00:00.000,2025,10,21,15,VRB02KT,16,10
2025-10-21 15:14:00.000,2025,10,21,15,VRB02KT,18,10
2025-10-21 16:00:00.000,2025,10,21,16,VRB03KT,18,11
2025-10-21 17:00:00.000,2025,10,21,17,25003KT,18,10
2025-10-21 18:00:00.000,2025,10,21,18,24008KT,18,12
2025-10-21 19:00:00.000,2025,10,21,19,23005KT,19,12
2025-10-21 20:00:00.000,2025,10,21,20,24009KT,18,12
2025-10-21 20:10:00.000,2025,10,21,20,24009KT,18,12
2025-10-21 21:00:00.000,2025,10,21,21,22006KT,18,12
2025-10-21 22:00:00.000,2025,10,21,22,36004KT,17,12
2025-10-21 23:00:00.000,2025,10,21,23,30006KT,15,14
2025-10-22 00:00:00.000,2025,10,22,0,28004KT,15,12
2025-10-22 00:40:00.000,2025,10,22,0,VRB02KT,13,13
2025-10-22 01:00:00.000,2025,10,22,1,VRB02KT,13,13
2025-10-22 01:20:00.000,2025,10,22,1,33004KT,13,13
2025-10-22 02:00:00.000,2025,10,22,2,03004KT,12,12
2025-10-22 03:00:00.000,2025,10,22,3,34004KT,12,12
2025-10-22 04:00:00.000,2025,10,22,4,VRB02KT,11,11
2025-10-22 05:00:00.000,2025,10,22,5,03002KT,11,11
2025-10-22 06:00:00.000,2025,10,22,6,VRB01KT,11,11
2025-10-22 07:00:00.000,2025,10,22,7,33002KT,12,12
2025-10-22 08:00:00.000,2025,10,22,8,04003KT,12,12
2025-10-22 09:00:00.000,2025,10,22,9,VRB02KT,12,12
2025-10-22 10:00:00.000,2025,10,22,10,05004KT,12,12
2025-10-22 10:27:00.000,2025,10,22,10,05004KT,12,12
2025-10-22 11:00:00.000,2025,10,22,11,05003KT,11,11
2025-10-22 12:00:00.000,2025,10,22,12,VRB02KT,13,12
2025-10-22 13:00:00.000,2025,10,22,13,VRB02KT,15,12
2025-10-22 13:32:00.000,2025,10,22,13,24006KT,17,12
2025-10-22 14:00:00.000,2025,10,22,14,23005KT,17,12
2025-10-22 15:00:00.000,2025,10,22,15,VRB02KT,19,12
2025-10-22 16:00:00.000,2025,10,22,16,01004KT,19,10
2025-10-22 17:00:00.000,2025,10,22,17,02006KT,21,11
2025-10-22 18:00:00.000,2025,10,22,18,27010KT,18,13
2025-10-22 19:00:00.000,2025,10,22,19,28010KT,18,13
2025-10-22 20:00:00.000,2025,10,22,20,27009KT,17,12
2025-10-22 21:00:00.000,2025,10,22,21,24007KT,16,12
2025-10-22 22:00:00.000,2025,10,22,22,25004KT,15,11
2025-10-22 23:00:00.000,2025,10,22,23,VRB02KT,14,12
2025-10-23 00:00:00.000,2025,10,23,0,35004KT,13,13
2025-10-23 01:00:00.000,2025,10,23,1,04003KT,12,12
2025-10-23 02:00:00.000,2025,10,23,2,VRB02KT,12,12
2025-10-23 03:00:00.000,2025,10,23,3,01003KT,11,11
2025-10-23 04:00:00.000,2025,10,23,4,03003KT,11,11
2025-10-23 05:00:00.000,2025,10,23,5,VRB02KT,11,11
2025-10-23 06:00:00.000,2025,10,23,6,34003KT,10,10
2025-10-23 07:00:00.000,2025,10,23,7,33004KT,08,08
2025-10-23 08:00:00.000,2025,10,23,8,05003KT,08,08
2025-10-23 08:36:00.000,2025,10,23,8,34003KT,09,09
2025-10-23 09:00:00.000,2025,10,23,9,32003KT,08,08
2025-10-23 09:12:00.000,2025,10,23,9,VRB02KT,08,08
2025-10-23 09:20:00.000,2025,10,23,9,VRB02KT,08,08
2025-10-23 09:29:00.000,2025,10,23,9,04002KT,08,08
2025-10-23 09:37:00.000,2025,10,23,9,04003KT,08,08
2025-10-23 09:41:00.000,2025,10,23,9,04005KT,08,08
2025-10-23 10:00:00.000,2025,10,23,10,04005KT,08,08
2025-10-23 10:18:00.000,2025,10,23,10,04003KT,08,08
2025-10-23 10:26:00.000,2025,10,23,10,04003KT,08,08
2025-10-23 10:36:00.000,2025,10,23,10,04004KT,09,09
2025-10-23 11:00:00.000,2025,10,23,11,03003KT,09,09
2025-10-23 11:16:00.000,2025,10,23,11,VRB01KT,09,09
2025-10-23 11:32:00.000,2025,10,23,11,VRB01KT,09,09
2025-10-23 12:00:00.000,2025,10,23,12,VRB02KT,09,09
2025-10-23 12:14:00.000,2025,10,23,12,04003KT,10,10
2025-10-23 12:31:00.000,2025,10,23,12,08003KT,10,10
2025-10-23 13:00:00.000,2025,10,23,13,04003KT,10,10
2025-10-23 13:17:00.000,2025,10,23,13,VRB02KT,11,11
2025-10-23 13:37:00.000,2025,10,23,13,VRB02KT,12,12
2025-10-23 14:00:00.000,2025,10,23,14,VRB01KT,12,12
2025-10-23 15:00:00.000,2025,10,23,15,32004KT,16,12
2025-10-23 16:00:00.000,2025,10,23,16,VRB03KT,18,11
2025-10-23 17:00:00.000,2025,10,23,17,34003KT,18,11
2025-10-23 18:00:00.000,2025,10,23,18,33004KT,19,11
2025-10-23 19:00:00.000,2025,10,23,19,VRB03KT,20,10
2025-10-23 20:00:00.000,2025,10,23,20,24011KT,19,12
2025-10-23 20:24:00.000,2025,10,23,20,24009KT,17,12
2025-10-23 21:00:00.000,2025,10,23,21,24008KT,16,13
2025-10-23 22:00:00.000,2025,10,23,22,25007KT,16,13
2025-10-23 23:00:00.000,2025,10,23,23,28003KT,16,13
2025-10-24 00:00:00.000,2025,10,24,0,33007KT,15,13
2025-10-24 00:32:00.000,2025,10,24,0,35005KT,13,13
2025-10-24 01:00:00.000,2025,10,24,1,35005KT,13,13
2025-10-24 01:10:00.000,2025,10,24,1,06006KT,12,12
2025-10-24 02:00:00.000,2025,10,24,2,03004KT,12,12
2025-10-24 03:00:00.000,2025,10,24,3,05003KT,12,12
2025-10-24 04:00:00.000,2025,10,24,4,08003KT,12,12
2025-10-24 05:00:00.000,2025,10,24,5,04004KT,12,12
2025-10-24 06:00:00.000,2025,10,24,6,04004KT,12,12
2025-10-24 07:00:00.000,2025,10,24,7,04006KT,12,12
2025-10-24 08:00:00.000,2025,10,24,8,05003KT,11,11
2025-10-24 09:00:00.000,2025,10,24,9,06004KT,11,11
2025-10-24 10:00:00.000,2025,10,24,10,05004KT,11,11
2025-10-24 10:33:00.000,2025,10,24,10,05005KT,11,11
2025-10-24 11:00:00.000,2025,10,24,11,04005KT,11,11
2025-10-24 12:00:00.000,2025,10,24,12,05005KT,12,12
2025-10-24 13:00:00.000,2025,10,24,13,06005KT,14,13
2025-10-24 14:00:00.000,2025,10,24,14,04006KT,16,12
2025-10-24 14:29:00.000,2025,10,24,14,08005KT,18,12
2025-10-24 15:00:00.000,2025,10,24,15,14007KT,18,11
2025-10-24 16:00:00.000,2025,10,24,16,15007KT,18,09
2025-10-24 17:00:00.000,2025,10,24,17,15004KT,19,09
2025-10-24 18:00:00.000,2025,10,24,18,VRB04KT,19,09
2025-10-24 19:00:00.000,2025,10,24,19,35004KT,18,11
2025-10-24 19:09:00.000,2025,10,24,19,30006KT,18,12
2025-10-24 20:00:00.000,2025,10,24,20,28006KT,17,13
2025-10-24 21:00:00.000,2025,10,24,21,30008KT,15,13
2025-10-24 22:00:00.000,2025,10,24,22,32005KT,16,13
2025-10-24 23:00:00.000,2025,10,24,23,32007KT,15,12
2025-10-25 00:00:00.000,2025,10,25,0,32005KT,14,11
2025-10-25 01:00:00.000,2025,10,25,1,24005KT,14,12
2025-10-25 02:00:00.000,2025,10,25,2,VRB01KT,13,12
2025-10-25 03:00:00.000,2025,10,25,3,34002KT,13,13
2025-10-25 04:00:00.000,2025,10,25,4,33001KT,12,12
2025-10-25 05:00:00.000,2025,10,25,5,VRB02KT,12,11
2025-10-25 06:00:00.000,2025,10,25,6,05003KT,12,12
2025-10-25 07:00:00.000,2025,10,25,7,05004KT,11,11
2025-10-25 08:00:00.000,2025,10,25,8,VRB01KT,11,11
2025-10-25 09:00:00.000,2025,10,25,9,33003KT,12,12
2025-10-25 10:00:00.000,2025,10,25,10,34003KT,11,11
2025-10-25 10:32:00.000,2025,10,25,10,VRB02KT,12,12
2025-10-25 11:00:00.000,2025,10,25,11,VRB02KT,11,11
2025-10-25 12:00:00.000,2025,10,25,12,35002KT,12,12
2025-10-25 13:00:00.000,2025,10,25,13,VRB02KT,14,13
2025-10-25 14:00:00.000,2025,10,25,14,VRB02KT,16,12
2025-10-25 14:33:00.000,2025,10,25,14,VRB02KT,18,12
2025-10-25 15:00:00.000,2025,10,25,15,VRB02KT,18,11
2025-10-25 16:00:00.000,2025,10,25,16,VRB04KT,18,12
2025-10-25 17:00:00.000,2025,10,25,17,31006KT,17,13
2025-10-25 18:00:00.000,2025,10,25,18,VRB07G18KT,18,13
2025-10-25 19:00:00.000,2025,10,25,19,25007G22KT,19,13
2025-10-25 20:00:00.000,2025,10,25,20,24008KT,18,13
2025-10-25 21:00:00.000,2025,10,25,21,25005KT,19,13
2025-10-25 22:00:00.000,2025,10,25,22,23006KT,18,13
2025-10-25 22:18:00.000,2025,10,25,22,21004KT,18,13
2025-10-25 23:00:00.000,2025,10,25,23,08006KT,16,14
2025-10-25 23:20:00.000,2025,10,25,23,21003KT,15,14
2025-10-26 00:00:00.000,2025,10,26,0,32003KT,15,14
2025-10-26 01:00:00.000,2025,10,26,1,08003KT,14,14
2025-10-26 02:00:00.000,2025,10,26,2,35003KT,14,14
2025-10-26 03:00:00.000,2025,10,26,3,03003KT,13,13
2025-10-26 04:00:00.000,2025,10,26,4,VRB03KT,14,13
2025-10-26 05:00:00.000,2025,10,26,5,05002KT,13,13
2025-10-26 06:00:00.000,2025,10,26,6,VRB02KT,13,13
2025-10-26 07:00:00.000,2025,10,26,7,04003KT,13,13
2025-10-26 08:00:00.000,2025,10,26,8,VRB02KT,13,13
2025-10-26 09:00:00.000,2025,10,26,9,04003KT,12,12
2025-10-26 10:00:00.000,2025,10,26,10,05004KT,12,12
2025-10-26 10:33:00.000,2025,10,26,10,04004KT,12,12
2025-10-26 11:00:00.000,2025,10,26,11,04005KT,12,12
2025-10-26 12:00:00.000,2025,10,26,12,05004KT,14,14
2025-10-26 13:00:00.000,2025,10,26,13,04005KT,14,14
2025-10-26 13:17:00.000,2025,10,26,13,04004KT,16,13
2025-10-26 14:00:00.000,2025,10,26,14,04003KT,17,13
2025-10-26 15:00:00.000,2025,10,26,15,VRB04KT,18,11
2025-10-26 16:00:00.000,2025,10,26,16,26005KT,18,14
2025-10-26 17:00:00.000,2025,10,26,17,27004KT,18,13
2025-10-26 17:40:00.000,2025,10,26,17,15006KT,20,11
2025-10-26 18:00:00.000,2025,10,26,18,VRB03KT,20,11
2025-10-26 19:00:00.000,2025,10,26,19,08005KT,19,10
2025-10-26 20:00:00.000,2025,10,26,20,28012KT,18,13
2025-10-26 21:00:00.000,2025,10,26,21,32006KT,18,13
2025-10-26 22:00:00.000,2025,10,26,22,VRB07G19KT,17,14
2025-10-26 23:00:00.000,2025,10,26,23,26006KT,16,14
2025-10-27 00:00:00.000,2025,10,27,0,02003KT,15,14
2025-10-27 01:00:00.000,2025,10,27,1,36003KT,14,14
2025-10-27 02:00:00.000,2025,10,27,2,31005KT,14,14
2025-10-27 03:00:00.000,2025,10,27,3,35003KT,14,13
2025-10-27 04:00:00.000,2025,10,27,4,05003KT,14,13
2025-10-27 05:00:00.000,2025,10,27,5,05004KT,14,13
2025-10-27 06:00:00.000,2025,10,27,6,04004KT,14,12
2025-10-27 07:00:00.000,2025,10,27,7,VRB01KT,12,12
2025-10-27 08:00:00.000,2025,10,27,8,VRB02KT,12,12
2025-10-27 09:00:00.000,2025,10,27,9,36002KT,11,11
2025-10-27 10:00:00.000,2025,10,27,10,08002KT,10,10
2025-10-27 10:29:00.000,2025,10,27,10,03003KT,10,10
2025-10-27 11:00:00.000,2025,10,27,11,05003KT,10,10
2025-10-27 12:00:00.000,2025,10,27,12,05006KT,12,12
2025-10-27 13:00:00.000,2025,10,27,13,04005KT,14,13
2025-10-27 14:00:00.000,2025,10,27,14,01003KT,16,11
2025-10-27 15:00:00.000,2025,10,27,15,VRB02KT,18,11
2025-10-27 16:00:00.000,2025,10,27,16,VRB04KT,19,09
2025-10-27 17:00:00.000,2025,10,27,17,01004KT,18,10
2025-10-27 18:00:00.000,2025,10,27,18,VRB02KT,20,10
2025-10-27 19:00:00.000,2025,10,27,19,28010KT,19,12
2025-10-27 19:19:00.000,2025,10,27,19,23011KT,18,12
2025-10-27 19:27:00.000,2025,10,27,19,24010KT,17,13
2025-10-27 20:00:00.000,2025,10,27,20,28009KT,16,14
2025-10-27 21:00:00.000,2025,10,27,21,27007KT,16,15
2025-10-27 21:17:00.000,2025,10,27,21,25007KT,16,14
2025-10-27 22:00:00.000,2025,10,27,22,25004KT,15,14
2025-10-27 23:00:00.000,2025,10,27,23,27003KT,15,14
2025-10-28 00:00:00.000,2025,10,28,0,VRB01KT,14,14
2025-10-28 01:00:00.000,2025,10,28,1,VRB02KT,13,13
2025-10-28 02:00:00.000,2025,10,28,2,01002KT,14,14
2025-10-28 03:00:00.000,2025,10,28,3,VRB01KT,13,13
2025-10-28 04:00:00.000,2025,10,28,4,33002KT,13,13
2025-10-28 05:00:00.000,2025,10,28,5,02003KT,11,11
2025-10-28 06:00:00.000,2025,10,28,6,07003KT,11,11
2025-10-28 07:00:00.000,2025,10,28,7,VRB02KT,11,11
2025-10-28 08:00:00.000,2025,10,28,8,02003KT,10,10
2025-10-28 09:00:00.000,2025,10,28,9,04007KT,10,10
2025-10-28 10:00:00.000,2025,10,28,10,03003KT,10,10
2025-10-28 10:32:00.000,2025,10,28,10,VRB01KT,11,11
2025-10-28 11:00:00.000,2025,10,28,11,VRB02KT,11,11
2025-10-28 12:00:00.000,2025,10,28,12,06003KT,12,12
2025-10-28 12:59:00.000,2025,10,28,12,06005KT,14,13
2025-10-28 13:00:00.000,2025,10,28,13,06005KT,14,13
2025-10-28 14:00:00.000,2025,10,28,14,05005KT,15,14
2025-10-28 15:00:00.000,2025,10,28,15,04004KT,16,12
2025-10-28 16:00:00.000,2025,10,28,16,08006KT,17,12
2025-10-28 17:00:00.000,2025,10,28,17,09008KT,17,11
2025-10-28 18:00:00.000,2025,10,28,18,09006KT,17,11
2025-10-28 19:00:00.000,2025,10,28,19,09006KT,19,11
2025-10-28 20:00:00.000,2025,10,28,20,08006KT,19,11
2025-10-28 21:00:00.000,2025,10,28,21,08007KT,18,10
2025-10-28 22:00:00.000,2025,10,28,22,09004KT,17,10
2025-10-28 23:00:00.000,2025,10,28,23,08004KT,16,10
2025-10-29 00:00:00.000,2025,10,29,0,36003KT,14,10
2025-10-29 01:00:00.000,2025,10,29,1,06003KT,12,11
2025-10-29 01:08:00.000,2025,10,29,1,04002KT,14,11
2025-10-29 02:00:00.000,2025,10,29,2,03003KT,12,11
2025-10-29 03:00:00.000,2025,10,29,3,VRB02KT,10,10
2025-10-29 04:00:00.000,2025,10,29,4,VRB01KT,11,11
2025-10-29 05:00:00.000,2025,10,29,5,04003KT,10,10
2025-10-29 06:00:00.000,2025,10,29,6,33003KT,09,09
2025-10-29 07:00:00.000,2025,10,29,7,VRB02KT,08,08
2025-10-29 08:00:00.000,2025,10,29,8,32003KT,09,09
2025-10-29 09:00:00.000,2025,10,29,9,VRB02KT,09,09
2025-10-29 10:00:00.000,2025,10,29,10,26003KT,10,10
2025-10-29 10:30:00.000,2025,10,29,10,VRB02KT,09,09
2025-10-29 11:00:00.000,2025,10,29,11,VRB01KT,10,10
2025-10-29 12:00:00.000,2025,10,29,12,05003KT,11,11
2025-10-29 12:40:00.000,2025,10,29,12,05005KT,13,12
2025-10-29 13:00:00.000,2025,10,29,13,05005KT,13,12
2025-10-29 14:00:00.000,2025,10,29,14,05006KT,14,13
2025-10-29 15:00:00.000,2025,10,29,15,05007KT,15,13
2025-10-29 16:00:00.000,2025,10,29,16,11005KT,17,10
2025-10-29 17:00:00.000,2025,10,29,17,09007KT,17,10
2025-10-29 17:26:00.000,2025,10,29,17,12008KT,19,09
2025-10-29 18:00:00.000,2025,10,29,18,13007KT,18,09
2025-10-29 19:00:00.000,2025,10,29,19,09007KT,19,08
2025-10-29 20:00:00.000,2025,10,29,20,VRB06KT,19,09
2025-10-29 21:00:00.000,2025,10,29,21,14010KT,18,09
2025-10-29 22:00:00.000,2025,10,29,22,18007KT,18,08
2025-10-29 23:00:00.000,2025,10,29,23,10003KT,16,09
2025-10-30 00:00:00.000,2025,10,30,0,10004KT,15,09
2025-10-30 01:00:00.000,2025,10,30,1,11003KT,15,09
2025-10-30 02:00:00.000,2025,10,30,2,VRB02KT,12,11
2025-10-30 03:00:00.000,2025,10,30,3,35003KT,12,10
2025-10-30 04:00:00.000,2025,10,30,4,05003KT,11,11
2025-10-30 05:00:00.000,2025,10,30,5,36003KT,11,11
2025-10-30 06:00:00.000,2025,10,30,6,33002KT,09,09
2025-10-30 07:00:00.000,2025,10,30,7,01003KT,09,09
2025-10-30 08:00:00.000,2025,10,30,8,VRB02KT,10,10
2025-10-30 09:00:00.000,2025,10,30,9,VRB02KT,09,09
2025-10-30 10:00:00.000,2025,10,30,10,VRB02KT,09,09
2025-10-30 10:33:00.000,2025,10,30,10,VRB02KT,08,08
2025-10-30 11:00:00.000,2025,10,30,11,VRB02KT,08,08
2025-10-30 11:19:00.000,2025,10,30,11,10003KT,10,10
2025-10-30 12:00:00.000,2025,10,30,12,03004KT,11,11
2025-10-30 12:22:00.000,2025,10,30,12,VRB02KT,13,12
2025-10-30 13:00:00.000,2025,10,30,13,31004KT,13,11
2025-10-30 13:16:00.000,2025,10,30,13,VRB03KT,15,11
2025-10-30 14:00:00.000,2025,10,30,14,05004KT,16,10
2025-10-30 15:00:00.000,2025,10,30,15,07004KT,17,10
2025-10-30 16:00:00.000,2025,10,30,16,13005KT,18,08
2025-10-30 17:00:00.000,2025,10,30,17,11004KT,18,08
2025-10-30 18:00:00.000,2025,10,30,18,13006KT,19,07
2025-10-30 19:00:00.000,2025,10,30,19,08006KT,21,09
2025-10-30 20:00:00.000,2025,10,30,20,10005KT,19,09
2025-10-30 21:00:00.000,2025,10,30,21,22006KT,19,11
2025-10-30 22:00:00.000,2025,10,30,22,23007KT,17,12
2025-10-30 22:20:00.000,2025,10,30,22,28008KT,16,13
2025-10-30 23:00:00.000,2025,10,30,23,VRB05KT,15,14
2025-10-31 00:00:00.000,2025,10,31,0,VRB02KT,14,14
2025-10-31 01:00:00.000,2025,10,31,1,32005KT,12,12
2025-10-31 02:00:00.000,2025,10,31,2,03001KT,12,12
2025-10-31 03:00:00.000,2025,10,31,3,VRB02KT,13,13
2025-10-31 04:00:00.000,2025,10,31,4,VRB02KT,12,12
2025-10-31 05:00:00.000,2025,10,31,5,02003KT,12,12
2025-10-31 06:00:00.000,2025,10,31,6,04005KT,12,12
2025-10-31 07:00:00.000,2025,10,31,7,VRB01KT,12,12
2025-10-31 08:00:00.000,2025,10,31,8,01003KT,11,11
2025-10-31 09:00:00.000,2025,10,31,9,VRB01KT,11,11
2025-10-31 10:00:00.000,2025,10,31,10,05004KT,11,11
2025-10-31 10:31:00.000,2025,10,31,10,02003KT,11,11
2025-10-31 11:00:00.000,2025,10,31,11,05003KT,11,11
2025-10-31 12:00:00.000,2025,10,31,12,VRB02KT,12,12
2025-10-31 13:00:00.000,2025,10,31,13,04004KT,13,12
2025-10-31 13:35:00.000,2025,10,31,13,04006KT,15,12
2025-10-31 14:00:00.000,2025,10,31,14,04005KT,15,12
2025-10-31 15:00:00.000,2025,10,31,15,05006KT,15,12
2025-10-31 15:39:00.000,2025,10,31,15,06005KT,17,12
2025-10-31 16:00:00.000,2025,10,31,16,05005KT,17,11
2025-10-31 17:00:00.000,2025,10,31,17,10005KT,18,11
2025-10-31 18:00:00.000,2025,10,31,18,15009KT,18,10
2025-10-31 19:00:00.000,2025,10,31,19,15009KT,17,11
2025-10-31 20:00:00.000,2025,10,31,20,13006KT,18,09
2025-10-31 21:00:00.000,2025,10,31,21,11006KT,17,09
2025-10-31 22:00:00.000,2025,10,31,22,11007KT,17,09
2025-10-31 23:00:00.000,2025,10,31,23,13007KT,15,09
2025-11-01 00:00:00.000,2025,11,1,0,VRB02KT,14,09
2025-11-01 01:00:00.000,2025,11,1,1,VRB02KT,12,10
2025-11-01 02:00:00.000,2025,11,1,2,VRB02KT,11,11
2025-11-01 03:00:00.000,2025,11,1,3,05005KT,11,10
2025-11-01 04:00:00.000,2025,11,1,4,VRB01KT,11,10
2025-11-01 05:00:00.000,2025,11,1,5,05004KT,10,10
2025-11-01 06:00:00.000,2025,11,1,6,03005KT,10,10
2025-11-01 07:00:00.000,2025,11,1,7,03003KT,09,09
2025-11-01 08:00:00.000,2025,11,1,8,VRB01KT,10,10
2025-11-01 09:00:00.000,2025,11,1,9,05005KT,09,09
2025-11-01 10:00:00.000,2025,11,1,10,05004KT,08,08
2025-11-01 10:32:00.000,2025,11,1,10,VRB02KT,09,09
2025-11-01 11:00:00.000,2025,11,1,11,VRB01KT,09,09
2025-11-01 12:00:00.000,2025,11,1,12,07003KT,11,10
2025-11-01 12:35:00.000,2025,11,1,12,07005KT,13,11
2025-11-01 13:00:00.000,2025,11,1,13,07005KT,14,11
2025-11-01 14:00:00.000,2025,11,1,14,VRB03KT,16,10
2025-11-01 15:00:00.000,2025,11,1,15,03006KT,18,10
2025-11-01 16:00:00.000,2025,11,1,16,33003KT,19,10
2025-11-01 17:00:00.000,2025,11,1,17,13010KT,20,08
2025-11-01 18:00:00.000,2025,11,1,18,12008KT,19,08
2025-11-01 19:00:00.000,2025,11,1,19,12008KT,19,09
2025-11-01 20:00:00.000,2025,11,1,20,14011KT,19,09
2025-11-01 21:00:00.000,2025,11,1,21,14006KT,19,09
2025-11-01 22:00:00.000,2025,11,1,22,14008KT,19,09
2025-11-01 23:00:00.000,2025,11,1,23,10005KT,17,09
2025-11-02 00:00:00.000,2025,11,2,0,12005KT,16,09
2025-11-02 01:00:00.000,2025,11,2,1,VRB02KT,13,09
2025-11-02 02:00:00.000,2025,11,2,2,06005KT,12,10
2025-11-02 03:00:00.000,2025,11,2,3,07005KT,12,10
2025-11-02 04:00:00.000,2025,11,2,4,03004KT,10,10
2025-11-02 05:00:00.000,2025,11,2,5,05003KT,11,10
2025-11-02 06:00:00.000,2025,11,2,6,02003KT,12,10
2025-11-02 07:00:00.000,2025,11,2,7,04003KT,11,11
2025-11-02 08:00:00.000,2025,11,2,8,01003KT,12,11
2025-11-02 09:00:00.000,2025,11,2,9,05002KT,11,11
2025-11-02 10:00:00.000,2025,11,2,10,VRB02KT,11,11
2025-11-02 10:33:00.000,2025,11,2,10,VRB01KT,11,11
2025-11-02 11:00:00.000,2025,11,2,11,06003KT,11,11
2025-11-02 12:00:00.000,2025,11,2,12,05004KT,11,11
2025-11-02 13:00:00.000,2025,11,2,13,02004KT,14,12
2025-11-02 14:00:00.000,2025,11,2,14,05005KT,16,12
2025-11-02 15:00:00.000,2025,11,2,15,09006KT,17,11
2025-11-02 16:00:00.000,2025,11,2,16,13009KT,18,10
2025-11-02 17:00:00.000,2025,11,2,17,10009KT,19,09
2025-11-02 18:00:00.000,2025,11,2,18,VRB07KT,21,10
2025-11-02 19:00:00.000,2025,11,2,19,08008KT,20,09
2025-11-02 20:00:00.000,2025,11,2,20,14009KT,21,08
2025-11-02 21:00:00.000,2025,11,2,21,06006KT,19,09
2025-11-02 22:00:00.000,2025,11,2,22,05007KT,19,09
2025-11-02 23:00:00.000,2025,11,2,23,09004KT,16,09
2025-11-03 00:00:00.000,2025,11,3,0,13005KT,16,09
2025-11-03 01:00:00.000,2025,11,3,1,04006KT,13,09
2025-11-03 02:00:00.000,2025,11,3,2,07006KT,13,11
2025-11-03 03:00:00.000,2025,11,3,3,07004KT,13,10
2025-11-03 04:00:00.000,2025,11,3,4,05004KT,11,10
2025-11-03 05:00:00.000,2025,11,3,5,35003KT,11,10
2025-11-03 06:00:00.000,2025,11,3,6,35002KT,09,09
2025-11-03 06:30:00.000,2025,11,3,6,VRB01KT,12,11
2025-11-03 07:00:00.000,2025,11,3,7,VRB01KT,11,10
2025-11-03 08:00:00.000,2025,11,3,8,31003KT,11,11
2025-11-03 09:00:00.000,2025,11,3,9,34004KT,09,09
2025-11-03 10:00:00.000,2025,11,3,10,VRB01KT,10,10
2025-11-03 11:00:00.000,2025,11,3,11,VRB02KT,10,10
2025-11-03 12:00:00.000,2025,11,3,12,VRB02KT,12,11
2025-11-03 12:28:00.000,2025,11,3,12,04003KT,14,12
2025-11-03 13:00:00.000,2025,11,3,13,04003KT,15,12
2025-11-03 14:00:00.000,2025,11,3,14,04005KT,16,11
2025-11-03 15:00:00.000,2025,11,3,15,04004KT,17,11
2025-11-03 16:00:00.000,2025,11,3,16,12004KT,19,11
2025-11-03 17:00:00.000,2025,11,3,17,05005KT,19,11
2025-11-03 18:00:00.000,2025,11,3,18,08005KT,20,10
2025-11-03 19:00:00.000,2025,11,3,19,06004KT,20,10
2025-11-03 20:00:00.000,2025,11,3,20,01006KT,21,10
2025-11-03 21:00:00.000,2025,11,3,21,26009KT,17,14
2025-11-03 21:31:00.000,2025,11,3,21,24008KT,15,15
2025-11-03 22:00:00.000,2025,11,3,22,23008KT,15,15
2025-11-03 23:00:00.000,2025,11,3,23,28007KT,15,15
2025-11-04 00:00:00.000,2025,11,4,0,27005KT,15,15
2025-11-04 01:00:00.000,2025,11,4,1,24005KT,14,14
2025-11-04 02:00:00.000,2025,11,4,2,VRB03KT,14,14
2025-11-04 03:00:00.000,2025,11,4,3,30003KT,14,14
2025-11-04 04:00:00.000,2025,11,4,4,VRB02KT,13,13
2025-11-04 05:00:00.000,2025,11,4,5,35003KT,11,11
2025-11-04 06:00:00.000,2025,11,4,6,25005KT,12,12
2025-11-04 07:00:00.000,2025,11,4,7,VRB01KT,11,11
2025-11-04 08:00:00.000,2025,11,4,8,VRB02KT,10,10
2025-11-04 09:00:00.000,2025,11,4,9,VRB01KT,11,11
2025-11-04 09:31:00.000,2025,11,4,9,VRB02KT,11,11
2025-11-04 10:00:00.000,2025,11,4,10,20003KT,11,11
2025-11-04 10:27:00.000,2025,11,4,10,18004KT,12,09
2025-11-04 11:00:00.000,2025,11,4,11,VRB01KT,11,09
2025-11-04 12:00:00.000,2025,11,4,12,33003KT,12,11
2025-11-04 13:00:00.000,2025,11,4,13,05003KT,14,11
2025-11-04 13:22:00.000,2025,11,4,13,VRB02KT,16,13
2025-11-04 14:00:00.000,2025,11,4,14,VRB01KT,17,11
2025-11-04 15:00:00.000,2025,11,4,15,VRB02KT,18,11
2025-11-04 16:00:00.000,2025,11,4,16,VRB04KT,20,08
2025-11-04 17:00:00.000,2025,11,4,17,33006KT,20,09
2025-11-04 18:00:00.000,2025,11,4,18,28010KT,19,12
2025-11-04 19:00:00.000,2025,11,4,19,23009KT,18,12
2025-11-04 20:00:00.000,2025,11,4,20,25006KT,19,12
2025-11-04 21:00:00.000,2025,11,4,21,27007KT,17,12
2025-11-04 22:00:00.000,2025,11,4,22,28009KT,17,12
2025-11-04 23:00:00.000,2025,11,4,23,25004KT,15,13
2025-11-05 00:00:00.000,2025,11,5,0,34003KT,13,13
2025-11-05 01:00:00.000,2025,11,5,1,VRB02KT,13,13
2025-11-05 02:00:00.000,2025,11,5,2,VRB01KT,13,13
2025-11-05 03:00:00.000,2025,11,5,3,32003KT,12,12
2025-11-05 04:00:00.000,2025,11,5,4,VRB01KT,12,12
2025-11-05 05:00:00.000,2025,11,5,5,36002KT,12,12
2025-11-05 06:00:00.000,2025,11,5,6,01002KT,12,12
2025-11-05 07:00:00.000,2025,11,5,7,VRB02KT,11,11
2025-11-05 08:00:00.000,2025,11,5,8,04003KT,10,10
2025-11-05 09:00:00.000,2025,11,5,9,05004KT,09,09
2025-11-05 10:00:00.000,2025,11,5,10,04005KT,09,09
2025-11-05 10:32:00.000,2025,11,5,10,03004KT,09,09
2025-11-05 11:00:00.000,2025,11,5,11,VRB02KT,09,09
2025-11-05 12:00:00.000,2025,11,5,12,VRB02KT,11,10
2025-11-05 13:00:00.000,2025,11,5,13,03004KT,13,11
2025-11-05 14:00:00.000,2025,11,5,14,04003KT,15,11
2025-11-05 15:00:00.000,2025,11,5,15,02004KT,17,09
2025-11-05 16:00:00.000,2025,11,5,16,VRB03KT,19,09
2025-11-05 17:00:00.000,2025,11,5,17,21003KT,19,08
2025-11-05 18:00:00.000,2025,11,5,18,28010KT,18,11
2025-11-05 19:00:00.000,2025,11,5,19,26006KT,19,10
2025-11-05 20:00:00.000,2025,11,5,20,30009KT,18,12
2025-11-05 21:00:00.000,2025,11,5,21,28007KT,17,11
2025-11-05 22:00:00.000,2025,11,5,22,24009KT,16,12
2025-11-05 23:00:00.000,2025,11,5,23,23003KT,15,13
2025-11-06 00:00:00.000,2025,11,6,0,34004KT,13,13
2025-11-06 01:00:00.000,2025,11,6,1,32004KT,13,13
2025-11-06 02:00:00.000,2025,11,6,2,VRB02KT,12,12
2025-11-06 03:00:00.000,2025,11,6,3,27003KT,13,13
2025-11-06 04:00:00.000,2025,11,6,4,34003KT,13,12
2025-11-06 05:00:00.000,2025,11,6,5,03005KT,12,10
2025-11-06 05:04:00.000,2025,11,6,5,VRB02KT,12,10
2025-11-06 05:24:00.000,2025,11,6,5,06004KT,12,11
2025-11-06 06:00:00.000,2025,11,6,6,06004KT,12,11
2025-11-06 07:00:00.000,2025,11,6,7,05005KT,10,10
2025-11-06 08:00:00.000,2025,11,6,8,VRB02KT,10,10
2025-11-06 09:00:00.000,2025,11,6,9,04002KT,10,10
2025-11-06 10:00:00.000,2025,11,6,10,04005KT,10,10
2025-11-06 10:31:00.000,2025,11,6,10,VRB02KT,09,09
2025-11-06 11:00:00.000,2025,11,6,11,VRB02KT,10,10
2025-11-06 12:00:00.000,2025,11,6,12,01003KT,10,10
2025-11-06 13:00:00.000,2025,11,6,13,VRB02KT,12,11
2025-11-06 14:00:00.000,2025,11,6,14,VRB02KT,12,12
2025-11-06 15:00:00.000,2025,11,6,15,05003KT,13,12
2025-11-06 16:00:00.000,2025,11,6,16,04005KT,13,12
2025-11-06 16:37:00.000,2025,11,6,16,VRB05KT,15,13
2025-11-06 17:00:00.000,2025,11,6,17,05005KT,15,12
2025-11-06 17:33:00.000,2025,11,6,17,16005KT,18,11
2025-11-06 18:00:00.000,2025,11,6,18,VRB02KT,18,11
2025-11-06 19:00:00.000,2025,11,6,19,VRB03KT,19,10
2025-11-06 20:00:00.000,2025,11,6,20,02003KT,19,10
2025-11-06 21:00:00.000,2025,11,6,21,10004KT,19,09
2025-11-06 22:00:00.000,2025,11,6,22,22004KT,17,12
2025-11-06 23:00:00.000,2025,11,6,23,VRB04KT,16,13
2025-11-07 00:00:00.000,2025,11,7,0,VRB02KT,14,13
2025-11-07 01:00:00.000,2025,11,7,1,VRB02KT,13,12
2025-11-07 02:00:00.000,2025,11,7,2,04003KT,11,11
2025-11-07 03:00:00.000,2025,11,7,3,02003KT,11,11
2025-11-07 04:00:00.000,2025,11,7,4,VRB02KT,12,12
2025-11-07 05:00:00.000,2025,11,7,5,04002KT,10,10
2025-11-07 06:00:00.000,2025,11,7,6,34002KT,10,10
2025-11-07 07:00:00.000,2025,11,7,7,02003KT,07,07
2025-11-07 08:00:00.000,2025,11,7,8,33004KT,08,08
2025-11-07 09:00:00.000,2025,11,7,9,04004KT,09,09
2025-11-07 10:00:00.000,2025,11,7,10,VRB01KT,09,09
2025-11-07 10:32:00.000,2025,11,7,10,34002KT,06,06
2025-11-07 11:00:00.000,2025,11,7,11,VRB02KT,08,08
2025-11-07 12:00:00.000,2025,11,7,12,02003KT,08,08
2025-11-07 13:00:00.000,2025,11,7,13,05005KT,13,12
2025-11-07 13:27:00.000,2025,11,7,13,07003KT,15,11
2025-11-07 14:00:00.000,2025,11,7,14,VRB03KT,16,10
2025-11-07 14:29:00.000,2025,11,7,14,VRB02KT,18,10
2025-11-07 15:00:00.000,2025,11,7,15,06004KT,18,11
2025-11-07 16:00:00.000,2025,11,7,16,VRB06KT,20,10
2025-11-07 17:00:00.000,2025,11,7,17,08005KT,20,09
2025-11-07 17:35:00.000,2025,11,7,17,10006KT,22,09
2025-11-07 18:00:00.000,2025,11,7,18,10004KT,21,08
2025-11-07 19:00:00.000,2025,11,7,19,VRB04KT,19,09
2025-11-07 19:09:00.000,2025,11,7,19,30007KT,21,11
2025-11-07 20:00:00.000,2025,11,7,20,28010KT,19,13
2025-11-07 21:00:00.000,2025,11,7,21,31008KT,17,12
2025-11-07 22:00:00.000,2025,11,7,22,24005KT,16,14
2025-11-07 23:00:00.000,2025,11,7,23,23005KT,15,14
2025-11-08 00:00:00.000,2025,11,8,0,23003KT,15,14
2025-11-08 01:00:00.000,2025,11,8,1,VRB02KT,12,11
2025-11-08 02:00:00.000,2025,11,8,2,36002KT,12,12
2025-11-08 03:00:00.000,2025,11,8,3,35002KT,12,12
2025-11-08 04:00:00.000,2025,11,8,4,03002KT,11,11
2025-11-08 05:00:00.000,2025,11,8,5,VRB02KT,12,12
2025-11-08 06:00:00.000,2025,11,8,6,01003KT,10,10
2025-11-08 07:00:00.000,2025,11,8,7,VRB01KT,10,10
2025-11-08 08:00:00.000,2025,11,8,8,06003KT,09,09
2025-11-08 09:00:00.000,2025,11,8,9,33003KT,08,08
2025-11-08 10:00:00.000,2025,11,8,10,VRB02KT,06,06
2025-11-08 10:30:00.000,2025,11,8,10,02003KT,05,05
2025-11-08 11:00:00.000,2025,11,8,11,VRB02KT,08,08
2025-11-08 12:00:00.000,2025,11,8,12,03003KT,10,10
2025-11-08 12:42:00.000,2025,11,8,12,06005KT,13,11
2025-11-08 13:00:00.000,2025,11,8,13,06005KT,14,11
2025-11-08 14:00:00.000,2025,11,8,14,06004KT,16,10
2025-11-08 15:00:00.000,2025,11,8,15,VRB02KT,18,09
2025-11-08 16:00:00.000,2025,11,8,16,04006KT,19,09
2025-11-08 17:00:00.000,2025,11,8,17,05004KT,20,09
2025-11-08 18:00:00.000,2025,11,8,18,04008KT,21,10
2025-11-08 19:00:00.000,2025,11,8,19,21009KT,20,12
2025-11-08 20:00:00.000,2025,11,8,20,29009KT,18,13
2025-11-08 21:00:00.000,2025,11,8,21,33006KT,16,14
2025-11-08 22:00:00.000,2025,11,8,22,28008KT,16,15
2025-11-08 22:13:00.000,2025,11,8,22,27007KT,16,14
2025-11-08 23:00:00.000,2025,11,8,23,27005KT,14,14
2025-11-09 00:00:00.000,2025,11,9,0,25003KT,15,15
2025-11-09 01:00:00.000,2025,11,9,1,28004KT,15,15
2025-11-09 02:00:00.000,2025,11,9,2,VRB02KT,14,14
2025-11-09 03:00:00.000,2025,11,9,3,34003KT,13,13
2025-11-09 04:00:00.000,2025,11,9,4,02005KT,12,12
2025-11-09 05:00:00.000,2025,11,9,5,VRB02KT,12,12
2025-11-09 06:00:00.000,2025,11,9,6,03006KT,12,12
2025-11-09 07:00:00.000,2025,11,9,7,VRB03KT,10,10
2025-11-09 08:00:00.000,2025,11,9,8,06004KT,11,11
2025-11-09 09:00:00.000,2025,11,9,9,04004KT,11,11
2025-11-09 10:00:00.000,2025,11,9,10,VRB02KT,10,10
2025-11-09 10:30:00.000,2025,11,9,10,05004KT,09,09
2025-11-09 11:00:00.000,2025,11,9,11,07003KT,10,10
2025-11-09 12:00:00.000,2025,11,9,12,06006KT,12,12
2025-11-09 12:20:00.000,2025,11,9,12,06006KT,14,12
2025-11-09 13:00:00.000,2025,11,9,13,06007KT,15,11
2025-11-09 13:30:00.000,2025,11,9,13,08006KT,18,12
2025-11-09 14:00:00.000,2025,11,9,14,09006KT,19,11
2025-11-09 15:00:00.000,2025,11,9,15,13013KT,18,09
2025-11-09 16:00:00.000,2025,11,9,16,12011KT,20,09
2025-11-09 17:00:00.000,2025,11,9,17,12007KT,20,10
2025-11-09 18:00:00.000,2025,11,9,18,05006KT,18,10
2025-11-09 19:00:00.000,2025,11,9,19,04007KT,18,10
2025-11-09 20:00:00.000,2025,11,9,20,06007KT,18,10
2025-11-09 21:00:00.000,2025,11,9,21,06007KT,17,11
2025-11-09 21:06:00.000,2025,11,9,21,07008KT,16,12
2025-11-09 21:32:00.000,2025,11,9,21,11008KT,17,12
2025-11-09 22:00:00.000,2025,11,9,22,12006KT,17,11
2025-11-09 23:00:00.000,2025,11,9,23,11006KT,16,10
2025-11-10 00:00:00.000,2025,11,10,0,11005KT,16,10
2025-11-10 01:00:00.000,2025,11,10,1,07005KT,15,10
2025-11-10 02:00:00.000,2025,11,10,2,07004KT,14,10
2025-11-10 03:00:00.000,2025,11,10,3,08005KT,15,10
2025-11-10 04:00:00.000,2025,11,10,4,07005KT,14,09
2025-11-10 05:00:00.000,2025,11,10,5,36003KT,12,10
2025-11-10 06:00:00.000,2025,11,10,6,04003KT,13,10
2025-11-10 07:00:00.000,2025,11,10,7,VRB02KT,12,11
2025-11-10 08:00:00.000,2025,11,10,8,VRB02KT,13,11
2025-11-10 09:00:00.000,2025,11,10,9,VRB01KT,12,11
2025-11-10 10:00:00.000,2025,11,10,10,01003KT,11,11
2025-11-10 10:34:00.000,2025,11,10,10,10004KT,13,09
2025-11-10 11:00:00.000,2025,11,10,11,10004KT,13,09
2025-11-10 12:00:00.000,2025,11,10,12,07004KT,14,09
2025-11-10 13:00:00.000,2025,11,10,13,11004KT,16,09
2025-11-10 14:00:00.000,2025,11,10,14,13008KT,18,08
2025-11-10 15:00:00.000,2025,11,10,15,16009KT,19,08
2025-11-10 16:00:00.000,2025,11,10,16,14009KT,18,09
2025-11-10 17:00:00.000,2025,11,10,17,17006KT,19,09
2025-11-10 18:00:00.000,2025,11,10,18,16004KT,18,09
2025-11-10 19:00:00.000,2025,11,10,19,15013KT,18,10
2025-11-10 20:00:00.000,2025,11,10,20,15010KT,19,09
2025-11-10 21:00:00.000,2025,11,10,21,10006KT,18,09
2025-11-10 22:00:00.000,2025,11,10,22,14007KT,17,09
2025-11-10 23:00:00.000,2025,11,10,23,13008KT,17,09
2025-11-11 00:00:00.000,2025,11,11,0,10004KT,16,09
2025-11-11 01:00:00.000,2025,11,11,1,31004KT,14,12
2025-11-11 02:00:00.000,2025,11,11,2,22003KT,15,10
2025-11-11 03:00:00.000,2025,11,11,3,19003KT,13,10
2025-11-11 04:00:00.000,2025,11,11,4,VRB02KT,11,11
2025-11-11 05:00:00.000,2025,11,11,5,18005KT,14,09
2025-11-11 06:00:00.000,2025,11,11,6,00000KT,10,10
2025-11-11 07:00:00.000,2025,11,11,7,33004KT,08,08
2025-11-11 08:00:00.000,2025,11,11,8,01003KT,08,08
2025-11-11 09:00:00.000,2025,11,11,9,VRB02KT,10,10
2025-11-11 10:00:00.000,2025,11,11,10,28003KT,08,08
2025-11-11 10:30:00.000,2025,11,11,10,03002KT,07,07
2025-11-11 11:00:00.000,2025,11,11,11,05002KT,08,08
2025-11-11 12:00:00.000,2025,11,11,12,03003KT,08,08
2025-11-11 12:08:00.000,2025,11,11,12,05005KT,11,11
2025-11-11 13:00:00.000,2025,11,11,13,03004KT,13,11
2025-11-11 13:33:00.000,2025,11,11,13,VRB03KT,15,11
2025-11-11 14:00:00.000,2025,11,11,14,01003KT,15,11
2025-11-11 14:35:00.000,2025,11,11,14,VRB03KT,17,11
2025-11-11 15:00:00.000,2025,11,11,15,VRB02KT,17,11
2025-11-11 15:35:00.000,2025,11,11,15,07004KT,19,11
2025-11-11 16:00:00.000,2025,11,11,16,VRB03KT,19,10
2025-11-11 17:00:00.000,2025,11,11,17,08003KT,19,10
2025-11-11 18:00:00.000,2025,11,11,18,28005KT,19,11
2025-11-11 18:43:00.000,2025,11,11,18,27006KT,21,11
2025-11-11 19:00:00.000,2025,11,11,19,28008KT,21,12
2025-11-11 20:00:00.000,2025,11,11,20,30012KT,17,12
2025-11-11 20:38:00.000,2025,11,11,20,25009KT,19,13
2025-11-11 21:00:00.000,2025,11,11,21,25008KT,19,13
2025-11-11 22:00:00.000,2025,11,11,22,25009KT,17,12
2025-11-11 23:00:00.000,2025,11,11,23,24004KT,16,13
2025-11-12 00:00:00.000,2025,11,12,0,35003KT,14,13
2025-11-12 01:00:00.000,2025,11,12,1,VRB02KT,14,13
2025-11-12 02:00:00.000,2025,11,12,2,02003KT,13,13
2025-11-12 03:00:00.000,2025,11,12,3,VRB02KT,12,12
2025-11-12 04:00:00.000,2025,11,12,4,VRB02KT,12,12
2025-11-12 05:00:00.000,2025,11,12,5,VRB03KT,13,12
2025-11-12 06:00:00.000,2025,11,12,6,VRB01KT,11,11
2025-11-12 07:00:00.000,2025,11,12,7,27003KT,12,12
2025-11-12 08:00:00.000,2025,11,12,8,VRB02KT,11,11
2025-11-12 09:00:00.000,2025,11,12,9,02002KT,09,09
2025-11-12 10:00:00.000,2025,11,12,10,VRB01KT,08,08
2025-11-12 10:30:00.000,2025,11,12,10,04002KT,09,09
2025-11-12 11:00:00.000,2025,11,12,11,04003KT,09,09
2025-11-12 12:00:00.000,2025,11,12,12,VRB02KT,11,11
2025-11-12 13:00:00.000,2025,11,12,13,VRB02KT,15,13
2025-11-12 14:00:00.000,2025,11,12,14,04004KT,16,11
2025-11-12 15:00:00.000,2025,11,12,15,12008KT,19,09
2025-11-12 16:00:00.000,2025,11,12,16,11009KT,20,09
2025-11-12 17:00:00.000,2025,11,12,17,VRB06KT,20,08
2025-11-12 18:00:00.000,2025,11,12,18,08007KT,20,09
2025-11-12 19:00:00.000,2025,11,12,19,05005KT,20,10
2025-11-12 20:00:00.000,2025,11,12,20,25008KT,20,13
2025-11-12 21:00:00.000,2025,11,12,21,26009KT,17,13
2025-11-12 22:00:00.000,2025,11,12,22,28010KT,16,14
2025-11-12 22:17:00.000,2025,11,12,22,27008KT,15,14
2025-11-12 23:00:00.000,2025,11,12,23,26007KT,15,15
2025-11-12 23:25:00.000,2025,11,12,23,27006KT,14,14
2025-11-13 00:00:00.000,2025,11,13,0,21005KT,14,14
2025-11-13 00:38:00.000,2025,11,13,0,23004KT,13,13
2025-11-13 01:00:00.000,2025,11,13,1,23007KT,14,14
2025-11-13 01:26:00.000,2025,11,13,1,22005KT,14,14
2025-11-13 02:00:00.000,2025,11,13,2,VRB02KT,14,13
2025-11-13 03:00:00.000,2025,11,13,3,36002KT,12,12
2025-11-13 04:00:00.000,2025,11,13,4,VRB02KT,12,12
2025-11-13 05:00:00.000,2025,11,13,5,VRB02KT,13,13
2025-11-13 06:00:00.000,2025,11,13,6,VRB02KT,13,13
2025-11-13 07:00:00.000,2025,11,13,7,VRB01KT,12,12
2025-11-13 08:00:00.000,2025,11,13,8,VRB01KT,12,12
2025-11-13 09:00:00.000,2025,11,13,9,VRB01KT,12,12
2025-11-13 10:00:00.000,2025,11,13,10,VRB01KT,11,11
2025-11-13 10:31:00.000,2025,11,13,10,VRB02KT,11,11
2025-11-13 11:00:00.000,2025,11,13,11,35003KT,11,11
2025-11-13 12:00:00.000,2025,11,13,12,VRB02KT,12,12
2025-11-13 13:00:00.000,2025,11,13,13,06005KT,15,12
2025-11-13 14:00:00.000,2025,11,13,14,06005KT,16,12
2025-11-13 15:00:00.000,2025,11,13,15,VRB02KT,17,11
2025-11-13 16:00:00.000,2025,11,13,16,05004KT,17,12
2025-11-13 16:43:00.000,2025,11,13,16,06008KT,16,13
2025-11-13 17:00:00.000,2025,11,13,17,06006KT,14,14
2025-11-13 18:00:00.000,2025,11,13,18,VRB05KT,14,14
2025-11-13 18:12:00.000,2025,11,13,18,VRB02KT,15,14
2025-11-13 19:00:00.000,2025,11,13,19,VRB02KT,17,13
2025-11-13 20:00:00.000,2025,11,13,20,02006KT,17,14
2025-11-13 21:00:00.000,2025,11,13,21,27006KT,17,13
2025-11-13 22:00:00.000,2025,11,13,22,28005KT,15,14
2025-11-13 23:00:00.000,2025,11,13,23,23004KT,15,14
2025-11-14 00:00:00.000,2025,11,14,0,30003KT,14,14
2025-11-14 01:00:00.000,2025,11,14,1,VRB02KT,13,13
2025-11-14 02:00:00.000,2025,11,14,2,VRB02KT,13,13
2025-11-14 03:00:00.000,2025,11,14,3,VRB01KT,14,14
2025-11-14 04:00:00.000,2025,11,14,4,36003KT,13,13
2025-11-14 04:38:00.000,2025,11,14,4,35002KT,13,13
2025-11-14 05:00:00.000,2025,11,14,5,35003KT,12,12
2025-11-14 06:00:00.000,2025,11,14,6,VRB01KT,12,12
2025-11-14 07:00:00.000,2025,11,14,7,21003KT,13,13
2025-11-14 08:00:00.000,2025,11,14,8,VRB02KT,12,12
2025-11-14 08:25:00.000,2025,11,14,8,VRB02KT,12,12
2025-11-14 09:00:00.000,2025,11,14,9,VRB01KT,12,12
2025-11-14 10:00:00.000,2025,11,14,10,04004KT,12,12
2025-11-14 10:32:00.000,2025,11,14,10,33002KT,12,12
2025-11-14 11:00:00.000,2025,11,14,11,VRB02KT,12,12
2025-11-14 12:00:00.000,2025,11,14,12,05004KT,13,13
2025-11-14 13:00:00.000,2025,11,14,13,03006KT,13,13
2025-11-14 13:34:00.000,2025,11,14,13,05006KT,15,13
2025-11-14 14:00:00.000,2025,11,14,14,05006KT,15,13
2025-11-14 15:00:00.000,2025,11,14,15,04007KT,16,12
2025-11-14 16:00:00.000,2025,11,14,16,02006KT,16,12
2025-11-14 17:00:00.000,2025,11,14,17,VRB02KT,17,11
2025-11-14 18:00:00.000,2025,11,14,18,05005KT,18,11
2025-11-14 19:00:00.000,2025,11,14,19,01004KT,18,12
2025-11-14 20:00:00.000,2025,11,14,20,26006KT,16,14
2025-11-14 21:00:00.000,2025,11,14,21,28006KT,17,14
2025-11-14 21:21:00.000,2025,11,14,21,23007KT,16,14
2025-11-14 21:40:00.000,2025,11,14,21,24005KT,16,14
2025-11-14 22:00:00.000,2025,11,14,22,25004KT,15,14
2025-11-14 23:00:00.000,2025,11,14,23,30004KT,14,14
2025-11-14 23:31:00.000,2025,11,14,23,29003KT,14,14
2025-11-15 00:00:00.000,2025,11,15,0,25003KT,14,14
2025-11-15 01:00:00.000,2025,11,15,1,32003KT,14,14
2025-11-15 02:00:00.000,2025,11,15,2,VRB01KT,14,14
2025-11-15 03:00:00.000,2025,11,15,3,28003KT,14,14
2025-11-15 04:00:00.000,2025,11,15,4,31003KT,14,14
2025-11-15 05:00:00.000,2025,11,15,5,35003KT,13,13
2025-11-15 06:00:00.000,2025,11,15,6,VRB02KT,13,13
2025-11-15 07:00:00.000,2025,11,15,7,VRB01KT,14,14
2025-11-15 08:00:00.000,2025,11,15,8,VRB02KT,13,13
2025-11-15 09:00:00.000,2025,11,15,9,35001KT,13,13
2025-11-15 10:00:00.000,2025,11,15,10,04003KT,12,12
2025-11-15 10:30:00.000,2025,11,15,10,03004KT,12,12
2025-11-15 11:00:00.000,2025,11,15,11,03004KT,12,12
2025-11-15 12:00:00.000,2025,11,15,12,VRB02KT,13,13
2025-11-15 13:00:00.000,2025,11,15,13,VRB02KT,14,13
2025-11-15 13:32:00.000,2025,11,15,13,VRB02KT,16,13
2025-11-15 14:00:00.000,2025,11,15,14,VRB03KT,17,13
2025-11-15 15:00:00.000,2025,11,15,15,VRB03KT,18,13
2025-11-15 16:00:00.000,2025,11,15,16,32003KT,18,12
2025-11-15 16:31:00.000,2025,11,15,16,26010KT,16,14
2025-11-15 17:00:00.000,2025,11,15,17,30007KT,16,14
2025-11-15 18:00:00.000,2025,11,15,18,30005KT,14,14
2025-11-15 18:05:00.000,2025,11,15,18,32006KT,14,14
2025-11-15 18:34:00.000,2025,11,15,18,33007KT,14,14
2025-11-15 19:00:00.000,2025,11,15,19,32007KT,15,15
2025-11-15 20:00:00.000,2025,11,15,20,30007KT,15,14
2025-11-15 20:27:00.000,2025,11,15,20,30007KT,15,14
2025-11-15 21:00:00.000,2025,11,15,21,27004KT,14,14
2025-11-15 22:00:00.000,2025,11,15,22,21005KT,14,14
2025-11-15 23:00:00.000,2025,11,15,23,18006KT,14,14
2025-11-16 00:00:00.000,2025,11,16,0,VRB02KT,14,14
2025-11-16 01:00:00.000,2025,11,16,1,VRB02KT,14,14
2025-11-16 02:00:00.000,2025,11,16,2,VRB01KT,13,13
2025-11-16 03:00:00.000,2025,11,16,3,22003KT,14,14
2025-11-16 04:00:00.000,2025,11,16,4,VRB03KT,13,13
2025-11-16 05:00:00.000,2025,11,16,5,VRB03KT,13,13
2025-11-16 06:00:00.000,2025,11,16,6,25003KT,13,13
2025-11-16 07:00:00.000,2025,11,16,7,25005KT,13,13
2025-11-16 08:00:00.000,2025,11,16,8,25004KT,13,13
2025-11-16 08:17:00.000,2025,11,16,8,27005KT,13,13
2025-11-16 09:00:00.000,2025,11,16,9,26007KT,12,12
2025-11-16 10:00:00.000,2025,11,16,10,21004KT,12,12
2025-11-16 10:28:00.000,2025,11,16,10,VRB02KT,12,12
2025-11-16 11:00:00.000,2025,11,16,11,VRB02KT,11,11
2025-11-16 11:28:00.000,2025,11,16,11,VRB01KT,12,12
2025-11-16 12:00:00.000,2025,11,16,12,VRB02KT,12,12
2025-11-16 12:13:00.000,2025,11,16,12,19003KT,12,12
2025-11-16 12:36:00.000,2025,11,16,12,17003KT,13,13
2025-11-16 13:00:00.000,2025,11,16,13,18003KT,13,13
2025-11-16 14:00:00.000,2025,11,16,14,VRB02KT,14,13
2025-11-16 14:19:00.000,2025,11,16,14,VRB02KT,16,13
2025-11-16 15:00:00.000,2025,11,16,15,VRB03KT,17,12
2025-11-16 16:00:00.000,2025,11,16,16,VRB02KT,18,11
2025-11-16 17:00:00.000,2025,11,16,17,VRB02KT,19,10
2025-11-16 18:00:00.000,2025,11,16,18,29005KT,18,11
2025-11-16 19:00:00.000,2025,11,16,19,28005KT,18,11
2025-11-16 20:00:00.000,2025,11,16,20,32009KT,16,11
2025-11-16 20:12:00.000,2025,11,16,20,35009KT,15,13
2025-11-16 20:26:00.000,2025,11,16,20,01006KT,15,13
2025-11-16 21:00:00.000,2025,11,16,21,33005KT,15,13
2025-11-16 21:32:00.000,2025,11,16,21,25007KT,16,13
2025-11-16 22:00:00.000,2025,11,16,22,26006KT,16,12
2025-11-16 23:00:00.000,2025,11,16,23,26003KT,15,12
2025-11-17 00:00:00.000,2025,11,17,0,02002KT,13,13
2025-11-17 01:00:00.000,2025,11,17,1,29003KT,14,13
2025-11-17 02:00:00.000,2025,11,17,2,28007KT,14,12
2025-11-17 03:00:00.000,2025,11,17,3,29004KT,14,12
2025-11-17 04:00:00.000,2025,11,17,4,29003KT,13,12
2025-11-17 05:00:00.000,2025,11,17,5,33004KT,13,13
2025-11-17 06:00:00.000,2025,11,17,6,36003KT,13,13
2025-11-17 06:29:00.000,2025,11,17,6,34002KT,12,12
2025-11-17 07:00:00.000,2025,11,17,7,31003KT,12,12
2025-11-17 08:00:00.000,2025,11,17,8,32002KT,12,12
2025-11-17 09:00:00.000,2025,11,17,9,VRB01KT,12,12
2025-11-17 10:00:00.000,2025,11,17,10,VRB01KT,12,12
2025-11-17 10:30:00.000,2025,11,17,10,03003KT,11,11
2025-11-17 11:00:00.000,2025,11,17,11,03003KT,11,11
2025-11-17 12:00:00.000,2025,11,17,12,36002KT,12,12
2025-11-17 13:00:00.000,2025,11,17,13,06004KT,13,13
2025-11-17 14:00:00.000,2025,11,17,14,03004KT,14,14
2025-11-17 15:00:00.000,2025,11,17,15,06004KT,15,13
2025-11-17 15:18:00.000,2025,11,17,15,VRB04KT,17,13
2025-11-17 16:00:00.000,2025,11,17,16,06005KT,17,13
2025-11-17 17:00:00.000,2025,11,17,17,02005KT,19,13
2025-11-17 18:00:00.000,2025,11,17,18,VRB03KT,20,10
2025-11-17 19:00:00.000,2025,11,17,19,03005KT,20,10
2025-11-17 20:00:00.000,2025,11,17,20,33006KT,21,10
2025-11-17 21:00:00.000,2025,11,17,21,31011KT,19,13
2025-11-17 21:01:00.000,2025,11,17,21,31012KT,19,13
2025-11-17 22:00:00.000,2025,11,17,22,32011KT,19,12
2025-11-17 23:00:00.000,2025,11,17,23,31009KT,16,12
2025-11-18 00:00:00.000,2025,11,18,0,27009KT,15,13
2025-11-18 01:00:00.000,2025,11,18,1,28003KT,14,13
2025-11-18 02:00:00.000,2025,11,18,2,VRB02KT,14,13
2025-11-18 03:00:00.000,2025,11,18,3,33005KT,13,11
2025-11-18 04:00:00.000,2025,11,18,4,VRB02KT,12,12
2025-11-18 05:00:00.000,2025,11,18,5,VRB02KT,12,12
2025-11-18 06:00:00.000,2025,11,18,6,36002KT,10,10
2025-11-18 07:00:00.000,2025,11,18,7,04004KT,10,10
2025-11-18 08:00:00.000,2025,11,18,8,VRB02KT,10,10
2025-11-18 09:00:00.000,2025,11,18,9,09003KT,11,11
2025-11-18 10:00:00.000,2025,11,18,10,VRB01KT,11,11
2025-11-18 10:29:00.000,2025,11,18,10,06005KT,11,11
2025-11-18 11:00:00.000,2025,11,18,11,06004KT,11,11
2025-11-18 12:00:00.000,2025,11,18,12,05003KT,12,12
2025-11-18 13:00:00.000,2025,11,18,13,05007KT,16,13
2025-11-18 14:00:00.000,2025,11,18,14,05007KT,16,12
2025-11-18 15:00:00.000,2025,11,18,15,04006KT,17,13
2025-11-18 16:00:00.000,2025,11,18,16,06008KT,20,11
2025-11-18 17:00:00.000,2025,11,18,17,09007KT,20,09
2025-11-18 18:00:00.000,2025,11,18,18,05005KT,21,09
2025-11-18 19:00:00.000,2025,11,18,19,10004KT,21,09
2025-11-18 20:00:00.000,2025,11,18,20,25009KT,21,13
2025-11-18 21:00:00.000,2025,11,18,21,25009KT,18,13
2025-11-18 22:00:00.000,2025,11,18,22,27006KT,17,13
2025-11-18 23:00:00.000,2025,11,18,23,28007KT,15,13
2025-11-19 00:00:00.000,2025,11,19,0,27006KT,15,13
2025-11-19 01:00:00.000,2025,11,19,1,VRB01KT,14,13
2025-11-19 02:00:00.000,2025,11,19,2,31003KT,15,12
2025-11-19 03:00:00.000,2025,11,19,3,03003KT,12,12
2025-11-19 04:00:00.000,2025,11,19,4,04005KT,11,11
2025-11-19 05:00:00.000,2025,11,19,5,VRB02KT,11,11
2025-11-19 06:00:00.000,2025,11,19,6,VRB01KT,11,11
2025-11-19 07:00:00.000,2025,11,19,7,VRB01KT,11,11
2025-11-19 08:00:00.000,2025,11,19,8,VRB01KT,11,11
2025-11-19 09:00:00.000,2025,11,19,9,VRB01KT,10,10
2025-11-19 10:00:00.000,2025,11,19,10,VRB02KT,09,09
2025-11-19 10:29:00.000,2025,11,19,10,05002KT,09,09
2025-11-19 11:00:00.000,2025,11,19,11,02003KT,10,10
2025-11-19 12:00:00.000,2025,11,19,12,04003KT,13,12
2025-11-19 13:00:00.000,2025,11,19,13,VRB03KT,15,11
2025-11-19 14:00:00.000,2025,11,19,14,08005KT,16,10
2025-11-19 15:00:00.000,2025,11,19,15,04004KT,17,11
2025-11-19 16:00:00.000,2025,11,19,16,04006KT,17,11
2025-11-19 17:00:00.000,2025,11,19,17,05005KT,18,11
2025-11-19 18:00:00.000,2025,11,19,18,13005KT,20,09
2025-11-19 19:00:00.000,2025,11,19,19,08005KT,19,09
2025-11-19 20:00:00.000,2025,11,19,20,10005KT,19,09
2025-11-19 21:00:00.000,2025,11,19,21,12003KT,19,09
2025-11-19 22:00:00.000,2025,11,19,22,23008KT,17,12
2025-11-19 23:00:00.000,2025,11,19,23,35005KT,16,14
2025-11-20 00:00:00.000,2025,11,20,0,VRB02KT,14,14
2025-11-20 01:00:00.000,2025,11,20,1,34004KT,14,13
2025-11-20 02:00:00.000,2025,11,20,2,04005KT,13,11
2025-11-20 03:00:00.000,2025,11,20,3,01003KT,12,10
2025-11-20 04:00:00.000,2025,11,20,4,03003KT,12,11
2025-11-20 05:00:00.000,2025,11,20,5,03003KT,12,11
2025-11-20 06:00:00.000,2025,11,20,6,35003KT,11,11
2025-11-20 07:00:00.000,2025,11,20,7,34001KT,12,12
2025-11-20 08:00:00.000,2025,11,20,8,VRB02KT,12,11
2025-11-20 09:00:00.000,2025,11,20,9,VRB02KT,10,10
2025-11-20 10:00:00.000,2025,11,20,10,05004KT,11,11
2025-11-20 10:32:00.000,2025,11,20,10,06005KT,11,11
2025-11-20 11:00:00.000,2025,11,20,11,06005KT,11,11
2025-11-20 12:00:00.000,2025,11,20,12,VRB01KT,12,11
2025-11-20 13:00:00.000,2025,11,20,13,05004KT,14,11
2025-11-20 13:10:00.000,2025,11,20,13,VRB01KT,16,10
2025-11-20 14:00:00.000,2025,11,20,14,VRB02KT,16,09
2025-11-20 14:43:00.000,2025,11,20,14,VRB03KT,18,09
2025-11-20 15:00:00.000,2025,11,20,15,VRB02KT,18,09
2025-11-20 16:00:00.000,2025,11,20,16,31005KT,18,09
2025-11-20 17:00:00.000,2025,11,20,17,26003KT,18,09
2025-11-20 18:00:00.000,2025,11,20,18,28008KT,19,12
2025-11-20 19:00:00.000,2025,11,20,19,30009KT,18,13
2025-11-20 20:00:00.000,2025,11,20,20,30011KT,18,11
2025-11-20 20:19:00.000,2025,11,20,20,29010KT,17,12
2025-11-20 21:00:00.000,2025,11,20,21,13006KT,14,13
2025-11-20 21:16:00.000,2025,11,20,21,14005KT,13,13
2025-11-20 22:00:00.000,2025,11,20,22,23006KT,14,14
2025-11-20 23:00:00.000,2025,11,20,23,22003KT,13,13
2025-11-21 00:00:00.000,2025,11,21,0,VRB01KT,11,11
2025-11-21 01:00:00.000,2025,11,21,1,VRB02KT,11,11
2025-11-21 02:00:00.000,2025,11,21,2,VRB02KT,12,12
2025-11-21 03:00:00.000,2025,11,21,3,26003KT,10,10
2025-11-21 04:00:00.000,2025,11,21,4,VRB01KT,10,10
2025-11-21 05:00:00.000,2025,11,21,5,VRB01KT,09,09
2025-11-21 06:00:00.000,2025,11,21,6,35003KT,08,08
2025-11-21 06:45:00.000,2025,11,21,6,32004KT,09,09
2025-11-21 07:00:00.000,2025,11,21,7,31003KT,09,09
2025-11-21 07:18:00.000,2025,11,21,7,VRB02KT,08,08
2025-11-21 08:00:00.000,2025,11,21,8,19001KT,09,09
2025-11-21 08:13:00.000,2025,11,21,8,29003KT,08,08
2025-11-21 09:00:00.000,2025,11,21,9,31003KT,09,09
2025-11-21 10:00:00.000,2025,11,21,10,24004KT,10,10
2025-11-21 10:32:00.000,2025,11,21,10,VRB02KT,10,10
2025-11-21 10:42:00.000,2025,11,21,10,35003KT,09,09
2025-11-21 11:00:00.000,2025,11,21,11,34004KT,09,09
2025-11-21 11:14:00.000,2025,11,21,11,01002KT,08,08
2025-11-21 11:33:00.000,2025,11,21,11,35002KT,09,09
2025-11-21 12:00:00.000,2025,11,21,12,35003KT,10,10
2025-11-21 12:16:00.000,2025,11,21,12,01003KT,11,11
2025-11-21 12:33:00.000,2025,11,21,12,VRB02KT,11,11
2025-11-21 13:00:00.000,2025,11,21,13,07003KT,13,13
2025-11-21 13:28:00.000,2025,11,21,13,04006KT,15,13
2025-11-21 14:00:00.000,2025,11,21,14,VRB03KT,16,13
2025-11-21 15:00:00.000,2025,11,21,15,VRB03KT,18,11
2025-11-21 16:00:00.000,2025,11,21,16,VRB03KT,20,10
2025-11-21 17:00:00.000,2025,11,21,17,31005KT,20,10
2025-11-21 18:00:00.000,2025,11,21,18,30010KT,20,10
2025-11-21 19:00:00.000,2025,11,21,19,22009KT,19,13
2025-11-21 19:28:00.000,2025,11,21,19,16009KT,14,12
2025-11-21 19:42:00.000,2025,11,21,19,17008KT,14,10
2025-11-21 20:00:00.000,2025,11,21,20,20005KT,13,10
2025-11-21 20:07:00.000,2025,11,21,20,32006KT,10,10
2025-11-21 20:11:00.000,2025,11,21,20,33006KT,10,10
2025-11-21 21:00:00.000,2025,11,21,21,10003KT,11,11
2025-11-21 22:00:00.000,2025,11,21,22,VRB01KT,11,11
2025-11-21 23:00:00.000,2025,11,21,23,33004KT,12,12
2025-11-22 00:00:00.000,2025,11,22,0,VRB01KT,12,12
2025-11-22 01:00:00.000,2025,11,22,1,VRB01KT,12,12
2025-11-22 02:00:00.000,2025,11,22,2,01002KT,10,10
2025-11-22 03:00:00.000,2025,11,22,3,VRB02KT,11,11
2025-11-22 04:00:00.000,2025,11,22,4,VRB02KT,10,10
2025-11-22 05:00:00.000,2025,11,22,5,04004KT,10,10
2025-11-22 06:00:00.000,2025,11,22,6,34002KT,10,10
2025-11-22 07:00:00.000,2025,11,22,7,03003KT,09,09
2025-11-22 08:00:00.000,2025,11,22,8,VRB02KT,10,10
2025-11-22 09:00:00.000,2025,11,22,9,05003KT,10,10
2025-11-22 10:00:00.000,2025,11,22,10,VRB02KT,10,10
2025-11-22 10:28:00.000,2025,11,22,10,06004KT,10,10
2025-11-22 11:00:00.000,2025,11,22,11,05004KT,10,10
2025-11-22 12:00:00.000,2025,11,22,12,04006KT,11,11
2025-11-22 12:10:00.000,2025,11,22,12,05006KT,13,12
2025-11-22 13:00:00.000,2025,11,22,13,06005KT,14,12
2025-11-22 13:33:00.000,2025,11,22,13,04006KT,16,12
2025-11-22 14:00:00.000,2025,11,22,14,VRB04KT,16,12
2025-11-22 14:18:00.000,2025,11,22,14,12005KT,18,10
2025-11-22 15:00:00.000,2025,11,22,15,14010KT,18,10
2025-11-22 16:00:00.000,2025,11,22,16,12008KT,19,09
2025-11-22 17:00:00.000,2025,11,22,17,05008KT,19,10
2025-11-22 18:00:00.000,2025,11,22,18,VRB05KT,21,10
2025-11-22 19:00:00.000,2025,11,22,19,12005KT,21,09
2025-11-22 20:00:00.000,2025,11,22,20,01004KT,21,09
2025-11-22 21:00:00.000,2025,11,22,21,27009KT,19,13
2025-11-22 22:00:00.000,2025,11,22,22,28012KT,17,13
2025-11-22 23:00:00.000,2025,11,22,23,25007KT,16,14
2025-11-23 00:00:00.000,2025,11,23,0,23005KT,15,14
2025-11-23 01:00:00.000,2025,11,23,1,30005KT,15,13
2025-11-23 02:00:00.000,2025,11,23,2,32003KT,15,13
2025-11-23 03:00:00.000,2025,11,23,3,VRB02KT,14,14
2025-11-23 04:00:00.000,2025,11,23,4,VRB01KT,13,13
2025-11-23 05:00:00.000,2025,11,23,5,VRB02KT,13,13
2025-11-23 05:32:00.000,2025,11,23,5,VRB01KT,13,13
2025-11-23 06:00:00.000,2025,11,23,6,34003KT,13,13
2025-11-23 07:00:00.000,2025,11,23,7,25003KT,13,13
2025-11-23 08:00:00.000,2025,11,23,8,VRB02KT,13,13
2025-11-23 09:00:00.000,2025,11,23,9,25003KT,13,13
2025-11-23 10:00:00.000,2025,11,23,10,13001KT,11,11
2025-11-23 10:34:00.000,2025,11,23,10,05002KT,10,10
2025-11-23 11:00:00.000,2025,11,23,11,06003KT,10,10
2025-11-23 12:00:00.000,2025,11,23,12,04004KT,11,11
2025-11-23 12:38:00.000,2025,11,23,12,03003KT,15,12
2025-11-23 13:00:00.000,2025,11,23,13,04004KT,15,12
2025-11-23 14:00:00.000,2025,11,23,14,22003KT,16,11
2025-11-23 14:28:00.000,2025,11,23,14,VRB03KT,18,11
2025-11-23 15:00:00.000,2025,11,23,15,VRB03KT,18,10
2025-11-23 16:00:00.000,2025,11,23,16,10005KT,19,08
2025-11-23 17:00:00.000,2025,11,23,17,11005KT,20,09
2025-11-23 18:00:00.000,2025,11,23,18,14008KT,21,10
2025-11-23 19:00:00.000,2025,11,23,19,12007KT,21,10
2025-11-23 19:36:00.000,2025,11,23,19,29010KT,18,13
2025-11-23 20:00:00.000,2025,11,23,20,28012KT,19,13
2025-11-23 21:00:00.000,2025,11,23,21,28007KT,19,13
2025-11-23 22:00:00.000,2025,11,23,22,30009KT,17,12
2025-11-23 23:00:00.000,2025,11,23,23,28007G18KT,16,14
2025-11-24 00:00:00.000,2025,11,24,0,27007KT,15,14
2025-11-24 01:00:00.000,2025,11,24,1,29005KT,13,13
2025-11-24 01:12:00.000,2025,11,24,1,29004KT,13,13
2025-11-24 02:00:00.000,2025,11,24,2,28004KT,13,13
2025-11-24 03:00:00.000,2025,11,24,3,VRB01KT,13,13
2025-11-24 04:00:00.000,2025,11,24,4,35004KT,12,12
2025-11-24 05:00:00.000,2025,11,24,5,02002KT,12,12
2025-11-24 06:00:00.000,2025,11,24,6,02004KT,13,13
2025-11-24 07:00:00.000,2025,11,24,7,09003KT,14,11
2025-11-24 07:31:00.000,2025,11,24,7,05004KT,13,11
2025-11-24 08:00:00.000,2025,11,24,8,07005KT,12,11
2025-11-24 09:00:00.000,2025,11,24,9,03004KT,12,12
2025-11-24 10:00:00.000,2025,11,24,10,01003KT,12,12
2025-11-24 10:31:00.000,2025,11,24,10,04003KT,12,12
2025-11-24 11:00:00.000,2025,11,24,11,04005KT,12,12
2025-11-24 11:01:00.000,2025,11,24,11,04005KT,12,12
2025-11-24 12:00:00.000,2025,11,24,12,04004KT,13,12
2025-11-24 13:00:00.000,2025,11,24,13,06005KT,14,12
2025-11-24 14:00:00.000,2025,11,24,14,06005KT,15,11
2025-11-24 15:00:00.000,2025,11,24,15,04007KT,16,12
2025-11-24 15:33:00.000,2025,11,24,15,06005KT,18,11
2025-11-24 16:00:00.000,2025,11,24,16,VRB01KT,18,10
2025-11-24 17:00:00.000,2025,11,24,17,08003KT,18,11
2025-11-24 17:32:00.000,2025,11,24,17,31006KT,18,11
2025-11-24 18:00:00.000,2025,11,24,18,29006KT,18,10
2025-11-24 19:00:00.000,2025,11,24,19,27006KT,19,11
2025-11-24 19:23:00.000,2025,11,24,19,26008KT,17,12
2025-11-24 20:00:00.000,2025,11,24,20,29009KT,15,14
2025-11-24 21:00:00.000,2025,11,24,21,23006KT,16,14
2025-11-24 22:00:00.000,2025,11,24,22,23008KT,15,13
2025-11-24 23:00:00.000,2025,11,24,23,25003KT,14,13
2025-11-25 00:00:00.000,2025,11,25,0,35002KT,13,13
2025-11-25 01:00:00.000,2025,11,25,1,VRB02KT,13,13
2025-11-25 02:00:00.000,2025,11,25,2,VRB02KT,13,13
2025-11-25 03:00:00.000,2025,11,25,3,33003KT,13,13
2025-11-25 04:00:00.000,2025,11,25,4,35003KT,13,13
2025-11-25 05:00:00.000,2025,11,25,5,VRB02KT,12,12
2025-11-25 06:00:00.000,2025,11,25,6,VRB01KT,12,12
2025-11-25 07:00:00.000,2025,11,25,7,35002KT,12,12
2025-11-25 08:00:00.000,2025,11,25,8,VRB02KT,12,12
2025-11-25 09:00:00.000,2025,11,25,9,08003KT,12,12
2025-11-25 10:00:00.000,2025,11,25,10,04004KT,12,12
2025-11-25 10:32:00.000,2025,11,25,10,04002KT,12,12
2025-11-25 11:00:00.000,2025,11,25,11,04002KT,12,12
2025-11-25 12:00:00.000,2025,11,25,12,VRB02KT,13,13
2025-11-25 12:27:00.000,2025,11,25,12,VRB03KT,15,13
2025-11-25 13:00:00.000,2025,11,25,13,05004KT,15,12
2025-11-25 13:24:00.000,2025,11,25,13,11004KT,17,12
2025-11-25 14:00:00.000,2025,11,25,14,10004KT,18,12
2025-11-25 15:00:00.000,2025,11,25,15,06006KT,18,12
2025-11-25 16:00:00.000,2025,11,25,16,13008KT,19,10
2025-11-25 17:00:00.000,2025,11,25,17,11006KT,19,10
2025-11-25 18:00:00.000,2025,11,25,18,14007KT,20,11
2025-11-25 19:00:00.000,2025,11,25,19,09007KT,18,11
2025-11-25 20:00:00.000,2025,11,25,20,06007KT,17,12
2025-11-25 21:00:00.000,2025,11,25,21,07005KT,18,11
2025-11-25 22:00:00.000,2025,11,25,22,08006KT,17,10
2025-11-25 23:00:00.000,2025,11,25,23,11005KT,16,09
2025-11-26 00:00:00.000,2025,11,26,0,05006KT,14,09
2025-11-26 01:00:00.000,2025,11,26,1,08004KT,14,09
2025-11-26 02:00:00.000,2025,11,26,2,12004KT,15,09
2025-11-26 03:00:00.000,2025,11,26,3,02004KT,12,10
2025-11-26 04:00:00.000,2025,11,26,4,04003KT,12,11
2025-11-26 05:00:00.000,2025,11,26,5,04006KT,12,11
2025-11-26 06:00:00.000,2025,11,26,6,05006KT,11,11
2025-11-26 07:00:00.000,2025,11,26,7,06004KT,11,11
2025-11-26 08:00:00.000,2025,11,26,8,04003KT,11,11
2025-11-26 09:00:00.000,2025,11,26,9,07004KT,11,11
2025-11-26 10:00:00.000,2025,11,26,10,07005KT,11,11
2025-11-26 10:29:00.000,2025,11,26,10,07003KT,12,11
2025-11-26 11:00:00.000,2025,11,26,11,05003KT,12,11
2025-11-26 12:00:00.000,2025,11,26,12,07005KT,12,11
2025-11-26 13:00:00.000,2025,11,26,13,07004KT,14,12
2025-11-26 14:00:00.000,2025,11,26,14,13006KT,16,11
2025-11-26 15:00:00.000,2025,11,26,15,06007KT,16,11
2025-11-26 16:00:00.000,2025,11,26,16,14010KT,18,11
2025-11-26 17:00:00.000,2025,11,26,17,14011KT,18,10
2025-11-26 18:00:00.000,2025,11,26,18,14009KT,19,10
2025-11-26 19:00:00.000,2025,11,26,19,13009KT,18,09
2025-11-26 20:00:00.000,2025,11,26,20,09006KT,18,10
2025-11-26 21:00:00.000,2025,11,26,21,07007KT,19,10
2025-11-26 22:00:00.000,2025,11,26,22,07006KT,17,11
2025-11-26 23:00:00.000,2025,11,26,23,VRB03KT,16,10
2025-11-27 00:00:00.000,2025,11,27,0,02005KT,14,10
2025-11-27 01:00:00.000,2025,11,27,1,04003KT,13,11
2025-11-27 02:00:00.000,2025,11,27,2,04005KT,12,11
2025-11-27 02:35:00.000,2025,11,27,2,03006KT,14,12
2025-11-27 03:00:00.000,2025,11,27,3,04004KT,13,12
2025-11-27 04:00:00.000,2025,11,27,4,36003KT,14,12
2025-11-27 04:13:00.000,2025,11,27,4,02004KT,13,12
2025-11-27 04:35:00.000,2025,11,27,4,03004KT,13,13
2025-11-27 05:00:00.000,2025,11,27,5,02002KT,12,12
2025-11-27 05:30:00.000,2025,11,27,5,04002KT,12,12
2025-11-27 06:00:00.000,2025,11,27,6,04003KT,12,12
2025-11-27 07:00:00.000,2025,11,27,7,35003KT,12,12
2025-11-27 08:00:00.000,2025,11,27,8,VRB02KT,12,12
2025-11-27 09:00:00.000,2025,11,27,9,09005KT,13,11
2025-11-27 10:00:00.000,2025,11,27,10,07005KT,12,10
2025-11-27 10:30:00.000,2025,11,27,10,04004KT,10,10
2025-11-27 11:00:00.000,2025,11,27,11,04003KT,10,10
2025-11-27 12:00:00.000,2025,11,27,12,06005KT,13,11
2025-11-27 13:00:00.000,2025,11,27,13,06008KT,15,11
2025-11-27 14:00:00.000,2025,11,27,14,05006KT,16,11
2025-11-27 15:00:00.000,2025,11,27,15,03006KT,18,11
2025-11-27 15:31:00.000,2025,11,27,15,11008KT,20,09
2025-11-27 16:00:00.000,2025,11,27,16,VRB06KT,20,09
2025-11-27 17:00:00.000,2025,11,27,17,07005KT,20,10
2025-11-27 18:00:00.000,2025,11,27,18,10005KT,19,08
2025-11-27 19:00:00.000,2025,11,27,19,12007KT,20,07
2025-11-27 20:00:00.000,2025,11,27,20,11007KT,19,08
2025-11-27 21:00:00.000,2025,11,27,21,09005KT,18,08
2025-11-27 22:00:00.000,2025,11,27,22,09005KT,17,08
2025-11-27 23:00:00.000,2025,11,27,23,07005KT,16,08
2025-11-28 00:00:00.000,2025,11,28,0,VRB02KT,14,08
2025-11-28 01:00:00.000,2025,11,28,1,VRB02KT,14,09
2025-11-28 02:00:00.000,2025,11,28,2,05003KT,13,09
2025-11-28 03:00:00.000,2025,11,28,3,04006KT,13,09
2025-11-28 04:00:00.000,2025,11,28,4,10003KT,13,10
2025-11-28 05:00:00.000,2025,11,28,5,01003KT,12,11
2025-11-28 06:00:00.000,2025,11,28,6,VRB01KT,12,11
2025-11-28 07:00:00.000,2025,11,28,7,34001KT,11,11
2025-11-28 08:00:00.000,2025,11,28,8,VRB01KT,11,11
2025-11-28 09:00:00.000,2025,11,28,9,03005KT,12,11
2025-11-28 10:00:00.000,2025,11,28,10,06005KT,12,11
2025-11-28 10:29:00.000,2025,11,28,10,05005KT,12,11
2025-11-28 11:00:00.000,2025,11,28,11,05005KT,12,11
2025-11-28 12:00:00.000,2025,11,28,12,06004KT,12,11
2025-11-28 13:00:00.000,2025,11,28,13,04008KT,12,11
2025-11-28 14:00:00.000,2025,11,28,14,06006KT,14,11
2025-11-28 15:00:00.000,2025,11,28,15,15008KT,16,11
2025-11-28 16:00:00.000,2025,11,28,16,VRB05KT,18,10
2025-11-28 17:00:00.000,2025,11,28,17,12008KT,17,10
2025-11-28 18:00:00.000,2025,11,28,18,VRB03KT,17,09
2025-11-28 19:00:00.000,2025,11,28,19,17011KT,17,09
2025-11-28 19:32:00.000,2025,11,28,19,17012KT,17,10
2025-11-28 20:00:00.000,2025,11,28,20,16010KT,17,10
2025-11-28 21:00:00.000,2025,11,28,21,19011KT,18,10
2025-11-28 22:00:00.000,2025,11,28,22,17005KT,16,09
2025-11-28 22:35:00.000,2025,11,28,22,10006KT,15,10
2025-11-28 22:42:00.000,2025,11,28,22,11005KT,15,10
2025-11-28 23:00:00.000,2025,11,28,23,11003KT,15,10
2025-11-29 00:00:00.000,2025,11,29,0,02004KT,12,11
2025-11-29 01:00:00.000,2025,11,29,1,05004KT,11,11
2025-11-29 02:00:00.000,2025,11,29,2,07003KT,11,11
2025-11-29 03:00:00.000,2025,11,29,3,05003KT,11,10
2025-11-29 04:00:00.000,2025,11,29,4,VRB02KT,10,10
2025-11-29 05:00:00.000,2025,11,29,5,01003KT,10,10
2025-11-29 05:13:00.000,2025,11,29,5,35002KT,09,09
2025-11-29 06:00:00.000,2025,11,29,6,VRB01KT,09,09
2025-11-29 07:00:00.000,2025,11,29,7,32002KT,08,08
2025-11-29 08:00:00.000,2025,11,29,8,06001KT,09,09
2025-11-29 09:00:00.000,2025,11,29,9,VRB02KT,10,10
2025-11-29 10:00:00.000,2025,11,29,10,VRB02KT,09,09
2025-11-29 10:31:00.000,2025,11,29,10,03002KT,09,09
2025-11-29 11:00:00.000,2025,11,29,11,VRB02KT,09,09
2025-11-29 12:00:00.000,2025,11,29,12,06004KT,10,10
2025-11-29 12:27:00.000,2025,11,29,12,05004KT,12,11
2025-11-29 13:00:00.000,2025,11,29,13,05005KT,13,11
2025-11-29 14:00:00.000,2025,11,29,14,03005KT,16,11
2025-11-29 15:00:00.000,2025,11,29,15,VRB02KT,18,09
2025-11-29 16:00:00.000,2025,11,29,16,VRB02KT,19,09
2025-11-29 17:00:00.000,2025,11,29,17,VRB05KT,20,09
2025-11-29 17:38:00.000,2025,11,29,17,29010KT,19,11
2025-11-29 18:00:00.000,2025,11,29,18,28011KT,19,11
2025-11-29 19:00:00.000,2025,11,29,19,24009KT,19,11
2025-11-29 20:00:00.000,2025,11,29,20,27010KT,18,12
2025-11-29 21:00:00.000,2025,11,29,21,31011KT,16,12
2025-11-29 21:16:00.000,2025,11,29,21,29008KT,15,13
2025-11-29 22:00:00.000,2025,11,29,22,29008KT,15,13
2025-11-29 23:00:00.000,2025,11,29,23,27004KT,15,12
2025-11-30 00:00:00.000,2025,11,30,0,22003KT,15,12
2025-11-30 01:00:00.000,2025,11,30,1,VRB03KT,14,12
2025-11-30 02:00:00.000,2025,11,30,2,VRB01KT,13,12
2025-11-30 03:00:00.000,2025,11,30,3,VRB02KT,12,12
2025-11-30 04:00:00.000,2025,11,30,4,04002KT,12,12
2025-11-30 05:00:00.000,2025,11,30,5,VRB01KT,12,12
2025-11-30 06:00:00.000,2025,11,30,6,28002KT,13,13
2025-11-30 06:31:00.000,2025,11,30,6,31003KT,11,11
2025-11-30 07:00:00.000,2025,11,30,7,34003KT,10,10
2025-11-30 08:00:00.000,2025,11,30,8,VRB02KT,09,09
2025-11-30 08:15:00.000,2025,11,30,8,32002KT,09,09
2025-11-30 09:00:00.000,2025,11,30,9,32003KT,10,10
2025-11-30 09:23:00.000,2025,11,30,9,33002KT,10,10
2025-11-30 10:00:00.000,2025,11,30,10,26002KT,10,10
2025-11-30 10:05:00.000,2025,11,30,10,27003KT,10,10
2025-11-30 10:06:00.000,2025,11,30,10,27003KT,10,10
2025-11-30 10:20:00.000,2025,11,30,10,28003KT,10,10
2025-11-30 10:33:00.000,2025,11,30,10,30001KT,10,10
2025-11-30 11:00:00.000,2025,11,30,11,VRB02KT,10,10
2025-11-30 11:23:00.000,2025,11,30,11,VRB02KT,10,10
2025-11-30 12:00:00.000,2025,11,30,12,33003KT,10,10
2025-11-30 12:29:00.000,2025,11,30,12,04003KT,12,12
2025-11-30 13:00:00.000,2025,11,30,13,VRB02KT,12,12
2025-11-30 13:09:00.000,2025,11,30,13,05003KT,14,14
2025-11-30 13:35:00.000,2025,11,30,13,02004KT,15,13
2025-11-30 14:00:00.000,2025,11,30,14,VRB03KT,17,12
2025-11-30 15:00:00.000,2025,11,30,15,36003KT,17,11
2025-11-30 16:00:00.000,2025,11,30,16,VRB03KT,19,11
2025-11-30 17:00:00.000,2025,11,30,17,29007KT,19,10
2025-11-30 18:00:00.000,2025,11,30,18,30010KT,19,11
2025-11-30 19:00:00.000,2025,11,30,19,28013KT,19,12
2025-11-30 19:10:00.000,2025,11,30,19,29016KT,18,12
2025-11-30 20:00:00.000,2025,11,30,20,27011KT,17,12
2025-11-30 20:23:00.000,2025,11,30,20,29004KT,17,12
2025-11-30 21:00:00.000,2025,11,30,21,28007KT,17,12
2025-11-30 22:00:00.000,2025,11,30,22,28006KT,16,12
2025-11-30 23:00:00.000,2025,11,30,23,25005KT,15,12
2025-12-01 00:00:00.000,2025,12,1,0,28004KT,15,13
2025-12-01 01:00:00.000,2025,12,1,1,03004KT,12,12
2025-12-01 02:00:00.000,2025,12,1,2,03004KT,12,12
2025-12-01 03:00:00.000,2025,12,1,3,VRB01KT,11,11
2025-12-01 04:00:00.000,2025,12,1,4,35003KT,11,11
2025-12-01 05:00:00.000,2025,12,1,5,34004KT,11,11
2025-12-01 06:00:00.000,2025,12,1,6,36003KT,12,12
2025-12-01 07:00:00.000,2025,12,1,7,36003KT,11,11
2025-12-01 07:56:00.000,2025,12,1,7,35003KT,11,11
2025-12-01 08:00:00.000,2025,12,1,8,35003KT,11,11
2025-12-01 09:00:00.000,2025,12,1,9,VRB02KT,11,11
2025-12-01 10:00:00.000,2025,12,1,10,VRB02KT,11,11
2025-12-01 10:32:00.000,2025,12,1,10,VRB02KT,11,11
2025-12-01 11:00:00.000,2025,12,1,11,VRB02KT,11,11
2025-12-01 11:14:00.000,2025,12,1,11,04003KT,11,11
2025-12-01 11:16:00.000,2025,12,1,11,04003KT,11,11
2025-12-01 12:00:00.000,2025,12,1,12,VRB02KT,13,12
2025-12-01 13:00:00.000,2025,12,1,13,VRB01KT,15,13
2025-12-01 14:00:00.000,2025,12,1,14,VRB02KT,17,12
2025-12-01 15:00:00.000,2025,12,1,15,VRB05KT,18,12
2025-12-01 16:00:00.000,2025,12,1,16,34003KT,19,11
2025-12-01 17:00:00.000,2025,12,1,17,32012KT,20,12
2025-12-01 17:32:00.000,2025,12,1,17,32012KT,18,12
2025-12-01 18:00:00.000,2025,12,1,18,30013KT,19,12
2025-12-01 19:00:00.000,2025,12,1,19,28014KT,17,12
2025-12-01 20:00:00.000,2025,12,1,20,29011KT,16,12
2025-12-01 21:00:00.000,2025,12,1,21,32009KT,16,11
2025-12-01 22:00:00.000,2025,12,1,22,31009KT,16,11
2025-12-01 23:00:00.000,2025,12,1,23,28008KT,15,12
2025-12-02 00:00:00.000,2025,12,2,0,31007KT,14,12
2025-12-02 01:00:00.000,2025,12,2,1,26004KT,13,12
2025-12-02 02:00:00.000,2025,12,2,2,28003KT,13,11
2025-12-02 03:00:00.000,2025,12,2,3,29003KT,12,12
2025-12-02 04:00:00.000,2025,12,2,4,27004KT,13,12
2025-12-02 05:00:00.000,2025,12,2,5,30006KT,13,12
2025-12-02 05:26:00.000,2025,12,2,5,30006KT,12,12
2025-12-02 06:00:00.000,2025,12,2,6,32005KT,12,12
2025-12-02 07:00:00.000,2025,12,2,7,VRB02KT,12,12
2025-12-02 08:00:00.000,2025,12,2,8,VRB01KT,11,11
2025-12-02 09:00:00.000,2025,12,2,9,32003KT,11,11
2025-12-02 10:00:00.000,2025,12,2,10,25002KT,10,10
2025-12-02 10:33:00.000,2025,12,2,10,VRB01KT,10,10
2025-12-02 11:00:00.000,2025,12,2,11,VRB01KT,11,11
2025-12-02 11:33:00.000,2025,12,2,11,04002KT,10,10
2025-12-02 12:00:00.000,2025,12,2,12,35003KT,11,11
2025-12-02 13:00:00.000,2025,12,2,13,VRB02KT,12,12
2025-12-02 14:00:00.000,2025,12,2,14,VRB03KT,14,13
2025-12-02 15:00:00.000,2025,12,2,15,32006KT,16,13
2025-12-02 16:00:00.000,2025,12,2,16,34008KT,18,12
2025-12-02 17:00:00.000,2025,12,2,17,33006KT,18,12
2025-12-02 18:00:00.000,2025,12,2,18,31010KT,19,11
2025-12-02 19:00:00.000,2025,12,2,19,31010KT,19,10
2025-12-02 20:00:00.000,2025,12,2,20,33012KT,18,11
2025-12-02 21:00:00.000,2025,12,2,21,32010KT,16,11
2025-12-02 22:00:00.000,2025,12,2,22,32010KT,15,11
2025-12-02 23:00:00.000,2025,12,2,23,31007KT,14,10
2025-12-03 00:00:00.000,2025,12,3,0,36003KT,13,11
2025-12-03 01:00:00.000,2025,12,3,1,31003KT,13,11
2025-12-03 02:00:00.000,2025,12,3,2,26004KT,14,12
2025-12-03 03:00:00.000,2025,12,3,3,32004KT,13,12
2025-12-03 04:00:00.000,2025,12,3,4,29004KT,13,12
2025-12-03 05:00:00.000,2025,12,3,5,VRB02KT,11,11
2025-12-03 06:00:00.000,2025,12,3,6,28005KT,12,12
2025-12-03 07:00:00.000,2025,12,3,7,VRB02KT,11,11
2025-12-03 08:00:00.000,2025,12,3,8,02003KT,11,11
2025-12-03 09:00:00.000,2025,12,3,9,VRB01KT,12,12
2025-12-03 10:00:00.000,2025,12,3,10,VRB02KT,11,11
2025-12-03 10:27:00.000,2025,12,3,10,28003KT,12,12
2025-12-03 11:00:00.000,2025,12,3,11,27003KT,12,12
2025-12-03 12:00:00.000,2025,12,3,12,25003KT,12,12
2025-12-03 13:00:00.000,2025,12,3,13,30003KT,14,13
2025-12-03 14:00:00.000,2025,12,3,14,29003KT,16,12
2025-12-03 15:00:00.000,2025,12,3,15,33006KT,16,12
2025-12-03 15:41:00.000,2025,12,3,15,31007KT,18,12
2025-12-03 16:00:00.000,2025,12,3,16,VRB06KT,19,12
2025-12-03 17:00:00.000,2025,12,3,17,33008KT,19,12
2025-12-03 18:00:00.000,2025,12,3,18,33012KT,19,12
2025-12-03 19:00:00.000,2025,12,3,19,33013KT,19,10
2025-12-03 20:00:00.000,2025,12,3,20,35011KT,19,11
2025-12-03 21:00:00.000,2025,12,3,21,32011KT,17,11
2025-12-03 22:00:00.000,2025,12,3,22,30007KT,15,10
2025-12-03 23:00:00.000,2025,12,3,23,30005KT,14,12
2025-12-04 00:00:00.000,2025,12,4,0,VRB05KT,14,12
2025-12-04 01:00:00.000,2025,12,4,1,28005KT,14,12
2025-12-04 01:33:00.000,2025,12,4,1,31009KT,14,12
2025-12-04 02:00:00.000,2025,12,4,2,31006KT,13,12
2025-12-04 03:00:00.000,2025,12,4,3,32003KT,12,12
2025-12-04 04:00:00.000,2025,12,4,4,30003KT,12,12
2025-12-04 05:00:00.000,2025,12,4,5,25004KT,13,12
2025-12-04 06:00:00.000,2025,12,4,6,27004KT,12,12
2025-12-04 07:00:00.000,2025,12,4,7,VRB01KT,12,12
2025-12-04 08:00:00.000,2025,12,4,8,VRB01KT,10,10
2025-12-04 09:00:00.000,2025,12,4,9,33004KT,10,10
2025-12-04 10:00:00.000,2025,12,4,10,VRB01KT,10,10
2025-12-04 10:31:00.000,2025,12,4,10,VRB01KT,09,09
2025-12-04 11:00:00.000,2025,12,4,11,VRB01KT,09,09
2025-12-04 12:00:00.000,2025,12,4,12,35003KT,11,11
2025-12-04 13:00:00.000,2025,12,4,13,35004KT,13,13
2025-12-04 14:00:00.000,2025,12,4,14,35003KT,14,13
2025-12-04 15:00:00.000,2025,12,4,15,VRB03KT,16,12
2025-12-04 15:28:00.000,2025,12,4,15,VRB04KT,18,12
2025-12-04 16:00:00.000,2025,12,4,16,31004KT,18,12
2025-12-04 17:00:00.000,2025,12,4,17,27006KT,18,12
2025-12-04 18:00:00.000,2025,12,4,18,VRB04KT,19,11
2025-12-04 19:00:00.000,2025,12,4,19,27008KT,19,11
2025-12-04 19:26:00.000,2025,12,4,19,27015KT,19,12
2025-12-04 20:00:00.000,2025,12,4,20,30018KT,17,13
2025-12-04 20:38:00.000,2025,12,4,20,28010KT,15,13
2025-12-04 21:00:00.000,2025,12,4,21,29009KT,14,12
2025-12-04 22:00:00.000,2025,12,4,22,21004KT,15,12
2025-12-04 23:00:00.000,2025,12,4,23,28003KT,15,12
2025-12-05 00:00:00.000,2025,12,5,0,VRB02KT,14,13
2025-12-05 00:01:00.000,2025,12,5,0,VRB02KT,14,13
2025-12-05 01:00:00.000,2025,12,5,1,32003KT,14,12
2025-12-05 02:00:00.000,2025,12,5,2,28003KT,13,12
2025-12-05 03:00:00.000,2025,12,5,3,VRB02KT,13,12
2025-12-05 04:00:00.000,2025,12,5,4,04003KT,12,12
2025-12-05 05:00:00.000,2025,12,5,5,01003KT,12,12
2025-12-05 06:00:00.000,2025,12,5,6,29006KT,13,13
2025-12-05 06:15:00.000,2025,12,5,6,29005KT,13,13
2025-12-05 07:00:00.000,2025,12,5,7,31005KT,12,12
2025-12-05 08:00:00.000,2025,12,5,8,33004KT,12,12
2025-12-05 09:00:00.000,2025,12,5,9,36002KT,11,11
2025-12-05 10:00:00.000,2025,12,5,10,05005KT,12,12
2025-12-05 10:31:00.000,2025,12,5,10,03005KT,12,12
2025-12-05 11:00:00.000,2025,12,5,11,04005KT,12,12
2025-12-05 12:00:00.000,2025,12,5,12,04004KT,12,12
2025-12-05 13:00:00.000,2025,12,5,13,04005KT,13,13
2025-12-05 14:00:00.000,2025,12,5,14,05006KT,15,13
2025-12-05 15:00:00.000,2025,12,5,15,36005KT,16,12
2025-12-05 15:34:00.000,2025,12,5,15,34005KT,18,12
2025-12-05 16:00:00.000,2025,12,5,16,35004KT,17,10
2025-12-05 17:00:00.000,2025,12,5,17,VRB02KT,18,10
2025-12-05 18:00:00.000,2025,12,5,18,28009KT,18,12
2025-12-05 18:25:00.000,2025,12,5,18,31005KT,18,11
2025-12-05 18:33:00.000,2025,12,5,18,30005KT,17,11
2025-12-05 19:00:00.000,2025,12,5,19,20006KT,15,12
2025-12-05 19:33:00.000,2025,12,5,19,15011KT,14,12
2025-12-05 20:00:00.000,2025,12,5,20,12007KT,14,12
2025-12-05 21:00:00.000,2025,12,5,21,07004KT,13,12
2025-12-05 22:00:00.000,2025,12,5,22,06003KT,12,12
2025-12-05 23:00:00.000,2025,12,5,23,04004KT,12,12
2025-12-06 00:00:00.000,2025,12,6,0,35002KT,12,12
2025-12-06 01:00:00.000,2025,12,6,1,VRB01KT,12,12
2025-12-06 02:00:00.000,2025,12,6,2,03003KT,11,11
2025-12-06 03:00:00.000,2025,12,6,3,35003KT,11,11
2025-12-06 04:00:00.000,2025,12,6,4,01002KT,11,11
2025-12-06 05:00:00.000,2025,12,6,5,02002KT,10,10
2025-12-06 06:00:00.000,2025,12,6,6,33002KT,09,09
2025-12-06 06:29:00.000,2025,12,6,6,35002KT,09,09
2025-12-06 06:36:00.000,2025,12,6,6,VRB01KT,09,09
2025-12-06 07:00:00.000,2025,12,6,7,27003KT,09,09
2025-12-06 07:20:00.000,2025,12,6,7,27003KT,09,09
2025-12-06 08:00:00.000,2025,12,6,8,VRB01KT,09,09
2025-12-06 08:24:00.000,2025,12,6,8,VRB01KT,10,10
2025-12-06 09:00:00.000,2025,12,6,9,01002KT,09,09
2025-12-06 10:00:00.000,2025,12,6,10,35002KT,10,10
2025-12-06 10:30:00.000,2025,12,6,10,35002KT,10,10
2025-12-06 11:00:00.000,2025,12,6,11,34003KT,10,10
2025-12-06 12:00:00.000,2025,12,6,12,VRB01KT,10,10
2025-12-06 13:00:00.000,2025,12,6,13,34003KT,12,12
2025-12-06 14:00:00.000,2025,12,6,14,33003KT,15,13
2025-12-06 15:00:00.000,2025,12,6,15,30004KT,16,11
2025-12-06 15:19:00.000,2025,12,6,15,VRB03KT,18,11
2025-12-06 16:00:00.000,2025,12,6,16,VRB03KT,19,11
2025-12-06 17:00:00.000,2025,12,6,17,VRB04KT,20,11
2025-12-06 17:16:00.000,2025,12,6,17,31008KT,18,11
2025-12-06 18:00:00.000,2025,12,6,18,29009KT,19,11
2025-12-06 19:00:00.000,2025,12,6,19,28010KT,18,10
2025-12-06 20:00:00.000,2025,12,6,20,24012KT,18,11
2025-12-06 21:00:00.000,2025,12,6,21,24009KT,17,11
2025-12-06 22:00:00.000,2025,12,6,22,27006KT,16,11
2025-12-06 23:00:00.000,2025,12,6,23,29003KT,15,10
2025-12-07 00:00:00.000,2025,12,7,0,VRB01KT,13,12
2025-12-07 01:00:00.000,2025,12,7,1,02002KT,13,11
2025-12-07 02:00:00.000,2025,12,7,2,36003KT,13,12
2025-12-07 03:00:00.000,2025,12,7,3,33004KT,11,11
2025-12-07 04:00:00.000,2025,12,7,4,34002KT,10,10
2025-12-07 05:00:00.000,2025,12,7,5,VRB01KT,10,10
2025-12-07 06:00:00.000,2025,12,7,6,34002KT,09,09
2025-12-07 07:00:00.000,2025,12,7,7,30002KT,11,11
2025-12-07 08:00:00.000,2025,12,7,8,VRB01KT,09,09
2025-12-07 09:00:00.000,2025,12,7,9,VRB02KT,11,11
2025-12-07 10:00:00.000,2025,12,7,10,VRB01KT,10,10
2025-12-07 10:38:00.000,2025,12,7,10,02002KT,10,10
2025-12-07 11:00:00.000,2025,12,7,11,02003KT,10,10
2025-12-07 12:00:00.000,2025,12,7,12,03004KT,10,10
2025-12-07 12:23:00.000,2025,12,7,12,04004KT,13,12
2025-12-07 13:00:00.000,2025,12,7,13,02004KT,13,12
2025-12-07 13:26:00.000,2025,12,7,13,33004KT,15,12
2025-12-07 14:00:00.000,2025,12,7,14,VRB04KT,15,12
2025-12-07 14:14:00.000,2025,12,7,14,VRB02KT,17,12
2025-12-07 15:00:00.000,2025,12,7,15,29004KT,17,11
2025-12-07 15:27:00.000,2025,12,7,15,VRB04KT,19,10
2025-12-07 16:00:00.000,2025,12,7,16,VRB04KT,19,10
2025-12-07 17:00:00.000,2025,12,7,17,VRB04KT,19,09
2025-12-07 18:00:00.000,2025,12,7,18,33008KT,18,11
2025-12-07 19:00:00.000,2025,12,7,19,29013G26KT,18,11
2025-12-07 20:00:00.000,2025,12,7,20,31012KT,18,11
2025-12-07 21:00:00.000,2025,12,7,21,27011KT,17,10
2025-12-07 22:00:00.000,2025,12,7,22,31007KT,14,10
2025-12-07 23:00:00.000,2025,12,7,23,03003KT,14,12
2025-12-08 00:00:00.000,2025,12,8,0,05004KT,13,11
2025-12-08 01:00:00.000,2025,12,8,1,04005KT,12,11
2025-12-08 02:00:00.000,2025,12,8,2,VRB02KT,12,11
2025-12-08 03:00:00.000,2025,12,8,3,07001KT,12,11
2025-12-08 04:00:00.000,2025,12,8,4,02003KT,11,11
2025-12-08 05:00:00.000,2025,12,8,5,04003KT,11,11
2025-12-08 06:00:00.000,2025,12,8,6,03003KT,11,11
2025-12-08 07:00:00.000,2025,12,8,7,03003KT,10,10
2025-12-08 08:00:00.000,2025,12,8,8,VRB01KT,10,10
2025-12-08 09:00:00.000,2025,12,8,9,33002KT,09,09
2025-12-08 09:11:00.000,2025,12,8,9,33002KT,09,09
2025-12-08 09:27:00.000,2025,12,8,9,VRB01KT,08,08
2025-12-08 10:00:00.000,2025,12,8,10,VRB02KT,09,09
2025-12-08 10:28:00.000,2025,12,8,10,34001KT,08,08
2025-12-08 11:00:00.000,2025,12,8,11,VRB02KT,07,07
2025-12-08 11:16:00.000,2025,12,8,11,32003KT,08,08
2025-12-08 11:35:00.000,2025,12,8,11,36002KT,07,07
2025-12-08 12:00:00.000,2025,12,8,12,34002KT,08,08
2025-12-08 12:29:00.000,2025,12,8,12,VRB02KT,11,11
2025-12-08 13:00:00.000,2025,12,8,13,VRB02KT,13,13
2025-12-08 14:00:00.000,2025,12,8,14,VRB02KT,15,12
2025-12-08 15:00:00.000,2025,12,8,15,VRB02KT,17,11
2025-12-08 16:00:00.000,2025,12,8,16,33005KT,19,10
2025-12-08 17:00:00.000,2025,12,8,17,31005KT,20,09
2025-12-08 18:00:00.000,2025,12,8,18,33010KT,20,09
2025-12-08 19:00:00.000,2025,12,8,19,31012KT,18,11
2025-12-08 20:00:00.000,2025,12,8,20,29013KT,18,12
2025-12-08 21:00:00.000,2025,12,8,21,26012KT,17,12
2025-12-08 22:00:00.000,2025,12,8,22,27006KT,16,11
2025-12-08 23:00:00.000,2025,12,8,23,32007KT,14,11
2025-12-09 00:00:00.000,2025,12,9,0,32004KT,13,12
2025-12-09 01:00:00.000,2025,12,9,1,26004KT,13,12
2025-12-09 02:00:00.000,2025,12,9,2,33003KT,11,11
2025-12-09 03:00:00.000,2025,12,9,3,VRB01KT,11,11
2025-12-09 04:00:00.000,2025,12,9,4,VRB01KT,12,11
2025-12-09 05:00:00.000,2025,12,9,5,VRB01KT,09,09
2025-12-09 06:00:00.000,2025,12,9,6,35003KT,09,09
2025-12-09 07:00:00.000,2025,12,9,7,33003KT,08,08
2025-12-09 08:00:00.000,2025,12,9,8,32002KT,08,08
2025-12-09 09:00:00.000,2025,12,9,9,36002KT,08,08
2025-12-09 10:00:00.000,2025,12,9,10,VRB01KT,08,08
2025-12-09 10:33:00.000,2025,12,9,10,36002KT,07,07
2025-12-09 11:00:00.000,2025,12,9,11,VRB02KT,07,07
2025-12-09 12:00:00.000,2025,12,9,12,35003KT,08,08
2025-12-09 13:00:00.000,2025,12,9,13,36003KT,11,11
2025-12-09 13:36:00.000,2025,12,9,13,03003KT,14,13
2025-12-09 14:00:00.000,2025,12,9,14,03003KT,14,12
2025-12-09 14:40:00.000,2025,12,9,14,31004KT,16,11
2025-12-09 15:00:00.000,2025,12,9,15,VRB04KT,16,11
2025-12-09 16:00:00.000,2025,12,9,16,36003KT,17,11
2025-12-09 16:34:00.000,2025,12,9,16,VRB03KT,19,11
2025-12-09 17:00:00.000,2025,12,9,17,VRB03KT,18,10
2025-12-09 17:04:00.000,2025,12,9,17,20004KT,20,10
2025-12-09 18:00:00.000,2025,12,9,18,12007KT,19,09
2025-12-09 18:29:00.000,2025,12,9,18,VRB03KT,19,09
2025-12-09 19:00:00.000,2025,12,9,19,28008KT,17,12
2025-12-09 20:00:00.000,2025,12,9,20,30011KT,17,13
2025-12-09 20:31:00.000,2025,12,9,20,26007KT,17,12
2025-12-09 21:00:00.000,2025,12,9,21,28004KT,18,12
2025-12-09 22:00:00.000,2025,12,9,22,14006KT,16,11
2025-12-09 23:00:00.000,2025,12,9,23,26004KT,16,13
2025-12-10 00:00:00.000,2025,12,10,0,VRB01KT,13,13
2025-12-10 01:00:00.000,2025,12,10,1,29003KT,14,13
2025-12-10 02:00:00.000,2025,12,10,2,02003KT,13,13
2025-12-10 03:00:00.000,2025,12,10,3,04005KT,11,11
2025-12-10 04:00:00.000,2025,12,10,4,03003KT,11,11
2025-12-10 05:00:00.000,2025,12,10,5,06003KT,10,10
2025-12-10 06:00:00.000,2025,12,10,6,02003KT,09,09
2025-12-10 07:00:00.000,2025,12,10,7,03003KT,09,09
2025-12-10 08:00:00.000,2025,12,10,8,06004KT,09,09
2025-12-10 09:00:00.000,2025,12,10,9,05004KT,09,09
2025-12-10 10:00:00.000,2025,12,10,10,07003KT,10,10
2025-12-10 10:30:00.000,2025,12,10,10,05003KT,10,10
2025-12-10 11:00:00.000,2025,12,10,11,07004KT,10,10
2025-12-10 12:00:00.000,2025,12,10,12,06004KT,11,11
2025-12-10 12:20:00.000,2025,12,10,12,06005KT,13,12
2025-12-10 13:00:00.000,2025,12,10,13,VRB03KT,14,12
2025-12-10 13:25:00.000,2025,12,10,13,08006KT,16,10
2025-12-10 14:00:00.000,2025,12,10,14,13008KT,17,10
2025-12-10 15:00:00.000,2025,12,10,15,11009KT,,
2025-12-10 16:00:00.000,2025,12,10,16,12009KT,17,08
2025-12-10 17:00:00.000,2025,12,10,17,12007KT,17,09
2025-12-10 18:00:00.000,2025,12,10,18,08006KT,17,09
2025-12-10 19:00:00.000,2025,12,10,19,14008KT,18,09
2025-12-10 20:00:00.000,2025,12,10,20,04006KT,18,10
2025-12-10 21:00:00.000,2025,12,10,21,12006KT,18,09
2025-12-10 22:00:00.000,2025,12,10,22,VRB04KT,18,08
2025-12-10 23:00:00.000,2025,12,10,23,10005KT,18,07
2025-12-11 00:00:00.000,2025,12,11,0,VRB06KT,16,09
2025-12-11 01:00:00.000,2025,12,11,1,07005KT,13,09
2025-12-11 02:00:00.000,2025,12,11,2,07003KT,12,09
2025-12-11 03:00:00.000,2025,12,11,3,05006KT,12,10
2025-12-11 04:00:00.000,2025,12,11,4,05006KT,10,10
2025-12-11 05:00:00.000,2025,12,11,5,06004KT,11,11
2025-12-11 06:00:00.000,2025,12,11,6,03003KT,11,11
2025-12-11 07:00:00.000,2025,12,11,7,06003KT,11,11
2025-12-11 08:00:00.000,2025,12,11,8,35003KT,11,11
2025-12-11 09:00:00.000,2025,12,11,9,30003KT,11,11
2025-12-11 10:00:00.000,2025,12,11,10,05003KT,11,11
2025-12-11 10:29:00.000,2025,12,11,10,VRB02KT,11,11
2025-12-11 11:00:00.000,2025,12,11,11,06004KT,10,10
2025-12-11 11:20:00.000,2025,12,11,11,07004KT,12,10
2025-12-11 12:00:00.000,2025,12,11,12,07006KT,12,10
2025-12-11 13:00:00.000,2025,12,11,13,05005KT,13,12
2025-12-11 13:34:00.000,2025,12,11,13,05007KT,14,12
2025-12-11 14:00:00.000,2025,12,11,14,05006KT,14,12
2025-12-11 14:24:00.000,2025,12,11,14,05007KT,15,12
2025-12-11 15:00:00.000,2025,12,11,15,05008KT,16,12
2025-12-11 16:00:00.000,2025,12,11,16,05010KT,17,12
2025-12-11 17:00:00.000,2025,12,11,17,06008KT,17,12
2025-12-11 18:00:00.000,2025,12,11,18,05009KT,17,12
2025-12-11 19:00:00.000,2025,12,11,19,10006KT,19,12
2025-12-11 20:00:00.000,2025,12,11,20,07008KT,17,11
2025-12-11 21:00:00.000,2025,12,11,21,10007KT,19,09
2025-12-11 22:00:00.000,2025,12,11,22,10005KT,18,08
2025-12-11 23:00:00.000,2025,12,11,23,04007KT,15,10
2025-12-12 00:00:00.000,2025,12,12,0,05005KT,13,09
2025-12-12 01:00:00.000,2025,12,12,1,04004KT,12,10
2025-12-12 02:00:00.000,2025,12,12,2,09003KT,13,11
2025-12-12 03:00:00.000,2025,12,12,3,02005KT,12,10
2025-12-12 04:00:00.000,2025,12,12,4,VRB02KT,13,10
2025-12-12 05:00:00.000,2025,12,12,5,04006KT,12,11
2025-12-12 06:00:00.000,2025,12,12,6,11003KT,13,11
2025-12-12 07:00:00.000,2025,12,12,7,36003KT,10,10
2025-12-12 08:00:00.000,2025,12,12,8,VRB02KT,10,10
2025-12-12 09:00:00.000,2025,12,12,9,VRB02KT,09,09
2025-12-12 10:00:00.000,2025,12,12,10,04005KT,10,10
2025-12-12 10:30:00.000,2025,12,12,10,06005KT,09,09
2025-12-12 11:00:00.000,2025,12,12,11,05006KT,10,10
2025-12-12 12:00:00.000,2025,12,12,12,07003KT,12,11
2025-12-12 12:30:00.000,2025,12,12,12,07006KT,14,10
2025-12-12 13:00:00.000,2025,12,12,13,05006KT,14,10
2025-12-12 14:00:00.000,2025,12,12,14,05008KT,16,11
2025-12-12 15:00:00.000,2025,12,12,15,05007KT,17,10
2025-12-12 16:00:00.000,2025,12,12,16,12007KT,18,09
2025-12-12 17:00:00.000,2025,12,12,17,VRB04KT,19,08
2025-12-12 18:00:00.000,2025,12,12,18,06008KT,19,09
2025-12-12 19:00:00.000,2025,12,12,19,06008KT,19,09
2025-12-12 20:00:00.000,2025,12,12,20,11007KT,20,08
2025-12-12 21:00:00.000,2025,12,12,21,12007KT,19,08
2025-12-12 22:00:00.000,2025,12,12,22,12007KT,18,09
2025-12-12 23:00:00.000,2025,12,12,23,10006KT,17,09
2025-12-13 00:00:00.000,2025,12,13,0,07005KT,15,09
2025-12-13 01:00:00.000,2025,12,13,1,02004KT,12,10
2025-12-13 02:00:00.000,2025,12,13,2,02003KT,12,11
2025-12-13 03:00:00.000,2025,12,13,3,03004KT,11,10
2025-12-13 04:00:00.000,2025,12,13,4,07004KT,11,10
2025-12-13 05:00:00.000,2025,12,13,5,03004KT,09,09
2025-12-13 06:00:00.000,2025,12,13,6,06003KT,09,09
2025-12-13 07:00:00.000,2025,12,13,7,04004KT,09,09
2025-12-13 08:00:00.000,2025,12,13,8,07003KT,09,09
2025-12-13 09:00:00.000,2025,12,13,9,03001KT,07,07
2025-12-13 10:00:00.000,2025,12,13,10,VRB01KT,07,07
2025-12-13 10:31:00.000,2025,12,13,10,03003KT,05,05
2025-12-13 11:00:00.000,2025,12,13,11,02003KT,05,05
2025-12-13 11:38:00.000,2025,12,13,11,36003KT,06,06
2025-12-13 12:00:00.000,2025,12,13,12,02003KT,06,06
2025-12-13 12:17:00.000,2025,12,13,12,03003KT,09,09
2025-12-13 13:00:00.000,2025,12,13,13,03004KT,11,11
2025-12-13 14:00:00.000,2025,12,13,14,VRB02KT,14,11
2025-12-13 14:30:00.000,2025,12,13,14,04005KT,16,10
2025-12-13 15:00:00.000,2025,12,13,15,04005KT,17,10
2025-12-13 16:00:00.000,2025,12,13,16,12010KT,19,07
2025-12-13 17:00:00.000,2025,12,13,17,13008KT,20,07
2025-12-13 18:00:00.000,2025,12,13,18,12010KT,20,08
2025-12-13 19:00:00.000,2025,12,13,19,12007KT,20,07
2025-12-13 20:00:00.000,2025,12,13,20,12008KT,20,07
2025-12-13 21:00:00.000,2025,12,13,21,14009KT,21,08
2025-12-13 22:00:00.000,2025,12,13,22,13007KT,19,07
2025-12-13 23:00:00.000,2025,12,13,23,02005KT,16,08
2025-12-14 00:00:00.000,2025,12,14,0,04004KT,14,07
2025-12-14 01:00:00.000,2025,12,14,1,35003KT,12,07
2025-12-14 02:00:00.000,2025,12,14,2,04002KT,13,07
2025-12-14 03:00:00.000,2025,12,14,3,05003KT,11,08
2025-12-14 04:00:00.000,2025,12,14,4,03003KT,09,08
2025-12-14 05:00:00.000,2025,12,14,5,05003KT,09,09
2025-12-14 06:00:00.000,2025,12,14,6,30004KT,07,07
2025-12-14 07:00:00.000,2025,12,14,7,VRB02KT,08,08
2025-12-14 08:00:00.000,2025,12,14,8,VRB02KT,07,07
2025-12-14 09:00:00.000,2025,12,14,9,05002KT,05,05
2025-12-14 10:00:00.000,2025,12,14,10,36002KT,04,04
2025-12-14 10:34:00.000,2025,12,14,10,03004KT,06,06
2025-12-14 11:00:00.000,2025,12,14,11,02003KT,06,06
2025-12-14 11:15:00.000,2025,12,14,11,33004KT,06,06
2025-12-14 11:32:00.000,2025,12,14,11,33004KT,05,05
2025-12-14 12:00:00.000,2025,12,14,12,36003KT,06,06
2025-12-14 12:15:00.000,2025,12,14,12,02005KT,07,07
2025-12-14 12:30:00.000,2025,12,14,12,02005KT,07,07
2025-12-14 13:00:00.000,2025,12,14,13,02004KT,08,08
2025-12-14 13:06:00.000,2025,12,14,13,02004KT,09,09
2025-12-14 13:19:00.000,2025,12,14,13,03004KT,11,10
2025-12-14 13:43:00.000,2025,12,14,13,04004KT,13,12
2025-12-14 14:00:00.000,2025,12,14,14,04004KT,13,12
2025-12-14 14:10:00.000,2025,12,14,14,05004KT,15,11
2025-12-14 15:00:00.000,2025,12,14,15,VRB02KT,17,11
2025-12-14 15:39:00.000,2025,12,14,15,VRB03KT,19,10
2025-12-14 16:00:00.000,2025,12,14,16,VRB04KT,20,09
2025-12-14 17:00:00.000,2025,12,14,17,VRB04KT,20,10
2025-12-14 18:00:00.000,2025,12,14,18,11007KT,22,08
2025-12-14 19:00:00.000,2025,12,14,19,29009KT,20,12
2025-12-14 20:00:00.000,2025,12,14,20,03004KT,17,12
2025-12-14 20:21:00.000,2025,12,14,20,30007KT,15,14
2025-12-14 21:00:00.000,2025,12,14,21,27007KT,16,14
2025-12-14 21:36:00.000,2025,12,14,21,VRB06KT,15,13
2025-12-14 22:00:00.000,2025,12,14,22,26005KT,15,13
2025-12-14 23:00:00.000,2025,12,14,23,31004KT,14,13
2025-12-15 00:00:00.000,2025,12,15,0,VRB02KT,13,13
2025-12-15 01:00:00.000,2025,12,15,1,36002KT,12,12
2025-12-15 02:00:00.000,2025,12,15,2,01002KT,12,12
2025-12-15 03:00:00.000,2025,12,15,3,VRB01KT,11,11
2025-12-15 04:00:00.000,2025,12,15,4,33005KT,11,11
2025-12-15 05:00:00.000,2025,12,15,5,33004KT,10,10
2025-12-15 05:35:00.000,2025,12,15,5,28003KT,12,11
2025-12-15 06:00:00.000,2025,12,15,6,VRB01KT,09,09
2025-12-15 06:06:00.000,2025,12,15,6,VRB02KT,09,09
2025-12-15 06:16:00.000,2025,12,15,6,33004KT,09,09
2025-12-15 06:28:00.000,2025,12,15,6,33003KT,09,09
2025-12-15 06:35:00.000,2025,12,15,6,VRB02KT,08,08
2025-12-15 07:00:00.000,2025,12,15,7,36003KT,06,06
2025-12-15 07:11:00.000,2025,12,15,7,VRB01KT,08,08
2025-12-15 08:00:00.000,2025,12,15,8,VRB01KT,08,08
2025-12-15 09:00:00.000,2025,12,15,9,33003KT,05,05
2025-12-15 10:00:00.000,2025,12,15,10,35004KT,05,05
2025-12-15 10:30:00.000,2025,12,15,10,01004KT,06,06
2025-12-15 11:00:00.000,2025,12,15,11,34002KT,06,06
2025-12-15 12:00:00.000,2025,12,15,12,34002KT,07,07
2025-12-15 13:00:00.000,2025,12,15,13,VRB02KT,10,10
2025-12-15 13:16:00.000,2025,12,15,13,32004KT,12,11
2025-12-15 14:00:00.000,2025,12,15,14,VRB02KT,14,11
2025-12-15 14:26:00.000,2025,12,15,14,VRB02KT,17,11
2025-12-15 15:00:00.000,2025,12,15,15,13003KT,18,12
2025-12-15 16:00:00.000,2025,12,15,16,VRB04KT,19,11
2025-12-15 17:00:00.000,2025,12,15,17,34005KT,20,10
2025-12-15 18:00:00.000,2025,12,15,18,30008KT,21,11
2025-12-15 19:00:00.000,2025,12,15,19,27012KT,19,12
2025-12-15 20:00:00.000,2025,12,15,20,28009KT,18,12
2025-12-15 21:00:00.000,2025,12,15,21,28008KT,18,12
2025-12-15 22:00:00.000,2025,12,15,22,28009KT,16,12
2025-12-15 23:00:00.000,2025,12,15,23,28007KT,15,13
2025-12-16 00:00:00.000,2025,12,16,0,30006KT,15,13
2025-12-16 01:00:00.000,2025,12,16,1,30005KT,15,13
2025-12-16 02:00:00.000,2025,12,16,2,29003KT,14,13
2025-12-16 03:00:00.000,2025,12,16,3,35003KT,13,13
2025-12-16 04:00:00.000,2025,12,16,4,02002KT,11,11
2025-12-16 05:00:00.000,2025,12,16,5,34003KT,12,12
2025-12-16 06:00:00.000,2025,12,16,6,33003KT,13,13
2025-12-16 07:00:00.000,2025,12,16,7,27004KT,13,13
2025-12-16 08:00:00.000,2025,12,16,8,26002KT,12,12
2025-12-16 09:00:00.000,2025,12,16,9,27003KT,12,12
2025-12-16 10:00:00.000,2025,12,16,10,24003KT,12,12
2025-12-16 10:30:00.000,2025,12,16,10,06002KT,11,11
2025-12-16 11:00:00.000,2025,12,16,11,05003KT,11,11
2025-12-16 12:00:00.000,2025,12,16,12,VRB02KT,11,11
2025-12-16 13:00:00.000,2025,12,16,13,03003KT,13,11
2025-12-16 14:00:00.000,2025,12,16,14,VRB02KT,15,11
2025-12-16 15:00:00.000,2025,12,16,15,VRB04KT,17,11
2025-12-16 16:00:00.000,2025,12,16,16,VRB03KT,19,11
2025-12-16 17:00:00.000,2025,12,16,17,VRB04KT,19,10
2025-12-16 18:00:00.000,2025,12,16,18,23009KT,20,12
2025-12-16 19:00:00.000,2025,12,16,19,26010KT,20,13
2025-12-16 20:00:00.000,2025,12,16,20,25011KT,19,13
2025-12-16 20:06:00.000,2025,12,16,20,29012KT,18,14
2025-12-16 21:00:00.000,2025,12,16,21,24008KT,19,14
2025-12-16 22:00:00.000,2025,12,16,22,24008KT,17,13
2025-12-16 23:00:00.000,2025,12,16,23,23006KT,16,13
2025-12-17 00:00:00.000,2025,12,17,0,31004KT,15,13
2025-12-17 01:00:00.000,2025,12,17,1,32004KT,14,13
2025-12-17 02:00:00.000,2025,12,17,2,33003KT,14,14
2025-12-17 03:00:00.000,2025,12,17,3,31005KT,14,13
2025-12-17 04:00:00.000,2025,12,17,4,02002KT,12,12
2025-12-17 05:00:00.000,2025,12,17,5,35002KT,10,10
2025-12-17 06:00:00.000,2025,12,17,6,VRB02KT,09,09
2025-12-17 06:21:00.000,2025,12,17,6,VRB02KT,10,10
2025-12-17 07:00:00.000,2025,12,17,7,32003KT,10,10
2025-12-17 07:21:00.000,2025,12,17,7,31004KT,09,09
2025-12-17 07:40:00.000,2025,12,17,7,31003KT,09,09
2025-12-17 08:00:00.000,2025,12,17,8,VRB02KT,09,09
2025-12-17 08:20:00.000,2025,12,17,8,VRB01KT,09,09
2025-12-17 08:38:00.000,2025,12,17,8,03002KT,09,09
2025-12-17 09:00:00.000,2025,12,17,9,VRB01KT,09,09
2025-12-17 09:19:00.000,2025,12,17,9,VRB03KT,11,11
2025-12-17 09:37:00.000,2025,12,17,9,VRB03KT,11,11
2025-12-17 10:00:00.000,2025,12,17,10,VRB01KT,10,10
2025-12-17 10:10:00.000,2025,12,17,10,VRB02KT,10,10
2025-12-17 10:29:00.000,2025,12,17,10,VRB02KT,10,10
2025-12-17 11:00:00.000,2025,12,17,11,35003KT,10,10
2025-12-17 12:00:00.000,2025,12,17,12,36003KT,11,11
2025-12-17 13:00:00.000,2025,12,17,13,06003KT,12,12
2025-12-17 13:10:00.000,2025,12,17,13,17003KT,14,13
2025-12-17 14:00:00.000,2025,12,17,14,VRB02KT,15,12
2025-12-17 15:00:00.000,2025,12,17,15,VRB02KT,16,11
2025-12-17 16:00:00.000,2025,12,17,16,VRB02KT,18,10
2025-12-17 17:00:00.000,2025,12,17,17,VRB04KT,20,09
2025-12-17 18:00:00.000,2025,12,17,18,27009KT,20,12
2025-12-17 19:00:00.000,2025,12,17,19,28010KT,20,12
2025-12-17 19:17:00.000,2025,12,17,19,27011KT,19,12
2025-12-17 20:00:00.000,2025,12,17,20,29012KT,18,12
2025-12-17 20:08:00.000,2025,12,17,20,30012KT,17,12
2025-12-17 21:00:00.000,2025,12,17,21,28009KT,17,12
2025-12-17 22:00:00.000,2025,12,17,22,28007KT,16,12
2025-12-17 23:00:00.000,2025,12,17,23,33006KT,15,14
2025-12-18 00:00:00.000,2025,12,18,0,31005KT,15,14
2025-12-18 01:00:00.000,2025,12,18,1,32003KT,15,14
2025-12-18 02:00:00.000,2025,12,18,2,35003KT,13,13
2025-12-18 03:00:00.000,2025,12,18,3,VRB01KT,12,12
2025-12-18 04:00:00.000,2025,12,18,4,VRB01KT,12,12
2025-12-18 05:00:00.000,2025,12,18,5,VRB02KT,12,12
2025-12-18 06:00:00.000,2025,12,18,6,33003KT,10,10
2025-12-18 06:18:00.000,2025,12,18,6,31003KT,10,10
2025-12-18 06:39:00.000,2025,12,18,6,VRB02KT,11,11
2025-12-18 07:00:00.000,2025,12,18,7,VRB02KT,10,10
2025-12-18 08:00:00.000,2025,12,18,8,35002KT,10,10
2025-12-18 09:00:00.000,2025,12,18,9,VRB02KT,11,11
2025-12-18 10:00:00.000,2025,12,18,10,01002KT,10,10
2025-12-18 10:41:00.000,2025,12,18,10,05003KT,10,10
2025-12-18 11:00:00.000,2025,12,18,11,04003KT,10,10
2025-12-18 11:30:00.000,2025,12,18,11,04005KT,10,10
2025-12-18 12:00:00.000,2025,12,18,12,03004KT,10,10
2025-12-18 13:00:00.000,2025,12,18,13,VRB02KT,13,12
2025-12-18 14:00:00.000,2025,12,18,14,04004KT,15,12
2025-12-18 14:29:00.000,2025,12,18,14,06003KT,17,12
2025-12-18 15:00:00.000,2025,12,18,15,01004KT,17,11
2025-12-18 15:31:00.000,2025,12,18,15,VRB04KT,19,11
2025-12-18 16:00:00.000,2025,12,18,16,VRB04KT,19,10
2025-12-18 17:00:00.000,2025,12,18,17,03004KT,20,11
2025-12-18 17:18:00.000,2025,12,18,17,VRB04KT,20,11
2025-12-18 18:00:00.000,2025,12,18,18,28010KT,19,12
2025-12-18 19:00:00.000,2025,12,18,19,26010KT,18,13
2025-12-18 20:00:00.000,2025,12,18,20,28008KT,19,12
2025-12-18 21:00:00.000,2025,12,18,21,27008G20KT,17,12
2025-12-18 22:00:00.000,2025,12,18,22,25006KT,17,13
2025-12-18 23:00:00.000,2025,12,18,23,24007KT,16,12
2025-12-19 00:00:00.000,2025,12,19,0,22004KT,15,13
2025-12-19 00:31:00.000,2025,12,19,0,VRB03KT,14,14
2025-12-19 01:00:00.000,2025,12,19,1,31007KT,13,13
2025-12-19 02:00:00.000,2025,12,19,2,VRB02KT,13,13
2025-12-19 02:25:00.000,2025,12,19,2,VRB02KT,13,13
2025-12-19 03:00:00.000,2025,12,19,3,VRB02KT,13,13
2025-12-19 04:00:00.000,2025,12,19,4,VRB01KT,13,13
2025-12-19 05:00:00.000,2025,12,19,5,36003KT,12,12
2025-12-19 06:00:00.000,2025,12,19,6,03003KT,10,10
2025-12-19 07:00:00.000,2025,12,19,7,VRB02KT,10,10
2025-12-19 08:00:00.000,2025,12,19,8,VRB01KT,09,09
2025-12-19 09:00:00.000,2025,12,19,9,34003KT,09,09
2025-12-19 10:00:00.000,2025,12,19,10,VRB01KT,09,09
2025-12-19 10:31:00.000,2025,12,19,10,VRB02KT,09,09
2025-12-19 11:00:00.000,2025,12,19,11,VRB01KT,10,10
2025-12-19 12:00:00.000,2025,12,19,12,VRB01KT,10,10
2025-12-19 13:00:00.000,2025,12,19,13,01003KT,12,12
2025-12-19 14:00:00.000,2025,12,19,14,34003KT,14,13
2025-12-19 15:00:00.000,2025,12,19,15,34003KT,16,13
2025-12-19 16:00:00.000,2025,12,19,16,VRB03KT,18,13
2025-12-19 17:00:00.000,2025,12,19,17,33004KT,20,08
2025-12-19 18:00:00.000,2025,12,19,18,31008KT,21,10
2025-12-19 19:00:00.000,2025,12,19,19,29013KT,20,13
2025-12-19 20:00:00.000,2025,12,19,20,30013KT,19,12
2025-12-19 21:00:00.000,2025,12,19,21,30013KT,18,12
2025-12-19 22:00:00.000,2025,12,19,22,32007KT,16,13
2025-12-19 23:00:00.000,2025,12,19,23,30007KT,15,13
2025-12-20 00:00:00.000,2025,12,20,0,30006KT,14,13
2025-12-20 01:00:00.000,2025,12,20,1,31005KT,14,13
2025-12-20 02:00:00.000,2025,12,20,2,28004KT,14,13
2025-12-20 03:00:00.000,2025,12,20,3,VRB02KT,13,13
2025-12-20 04:00:00.000,2025,12,20,4,27004KT,13,13
2025-12-20 05:00:00.000,2025,12,20,5,01002KT,11,11
2025-12-20 05:16:00.000,2025,12,20,5,VRB01KT,13,13
2025-12-20 06:00:00.000,2025,12,20,6,VRB01KT,14,13
2025-12-20 07:00:00.000,2025,12,20,7,01003KT,11,11
2025-12-20 08:00:00.000,2025,12,20,8,VRB02KT,11,11
2025-12-20 09:00:00.000,2025,12,20,9,VRB01KT,09,09
2025-12-20 10:00:00.000,2025,12,20,10,06004KT,10,10
2025-12-20 10:30:00.000,2025,12,20,10,07003KT,10,10
2025-12-20 11:00:00.000,2025,12,20,11,04005KT,11,11
2025-12-20 12:00:00.000,2025,12,20,12,36004KT,11,11
2025-12-20 12:40:00.000,2025,12,20,12,06004KT,14,12
2025-12-20 13:00:00.000,2025,12,20,13,06005KT,14,12
2025-12-20 14:00:00.000,2025,12,20,14,02005KT,14,12
2025-12-20 14:31:00.000,2025,12,20,14,03004KT,16,11
2025-12-20 15:00:00.000,2025,12,20,15,03006KT,17,11
2025-12-20 16:00:00.000,2025,12,20,16,VRB03KT,19,11
2025-12-20 17:00:00.000,2025,12,20,17,VRB03KT,19,10
2025-12-20 17:22:00.000,2025,12,20,17,29010KT,18,11
2025-12-20 18:00:00.000,2025,12,20,18,27008KT,18,11
2025-12-20 19:00:00.000,2025,12,20,19,27006KT,18,11
2025-12-20 20:00:00.000,2025,12,20,20,27006KT,19,12
2025-12-20 21:00:00.000,2025,12,20,21,32005KT,18,11
2025-12-20 22:00:00.000,2025,12,20,22,25005G17KT,18,11
2025-12-20 23:00:00.000,2025,12,20,23,25005KT,16,12
2025-12-21 00:00:00.000,2025,12,21,0,VRB02KT,15,14
2025-12-21 01:00:00.000,2025,12,21,1,VRB04KT,15,14
2025-12-21 02:00:00.000,2025,12,21,2,34003KT,14,14
2025-12-21 03:00:00.000,2025,12,21,3,VRB02KT,13,13
2025-12-21 04:00:00.000,2025,12,21,4,01003KT,11,11
2025-12-21 05:00:00.000,2025,12,21,5,07003KT,11,11
2025-12-21 06:00:00.000,2025,12,21,6,04003KT,12,12
2025-12-21 07:00:00.000,2025,12,21,7,03004KT,13,12
2025-12-21 08:00:00.000,2025,12,21,8,04003KT,13,12
2025-12-21 09:00:00.000,2025,12,21,9,04005KT,12,12
2025-12-21 10:00:00.000,2025,12,21,10,04004KT,12,12
2025-12-21 10:31:00.000,2025,12,21,10,VRB02KT,12,12
2025-12-21 11:00:00.000,2025,12,21,11,VRB02KT,11,11
2025-12-21 12:00:00.000,2025,12,21,12,04003KT,12,12
2025-12-21 13:00:00.000,2025,12,21,13,04005KT,13,12
2025-12-21 13:21:00.000,2025,12,21,13,07003KT,15,12
2025-12-21 14:00:00.000,2025,12,21,14,04003KT,15,12
2025-12-21 15:00:00.000,2025,12,21,15,VRB01KT,17,12
2025-12-21 16:00:00.000,2025,12,21,16,VRB03KT,19,11
2025-12-21 17:00:00.000,2025,12,21,17,VRB01KT,19,10
2025-12-21 18:00:00.000,2025,12,21,18,VRB02KT,21,11
2025-12-21 19:00:00.000,2025,12,21,19,23007KT,18,12
2025-12-21 20:00:00.000,2025,12,21,20,27008KT,18,12
2025-12-21 21:00:00.000,2025,12,21,21,VRB09KT,17,13
2025-12-21 21:27:00.000,2025,12,21,21,24010KT,15,13
2025-12-21 22:00:00.000,2025,12,21,22,26006KT,15,14
2025-12-21 22:21:00.000,2025,12,21,22,29004KT,14,14
2025-12-21 23:00:00.000,2025,12,21,23,12002KT,14,14
2025-12-22 00:00:00.000,2025,12,22,0,03005KT,13,13
2025-12-22 01:00:00.000,2025,12,22,1,36003KT,13,13
2025-12-22 02:00:00.000,2025,12,22,2,36003KT,13,13
2025-12-22 03:00:00.000,2025,12,22,3,03004KT,12,12
2025-12-22 04:00:00.000,2025,12,22,4,34004KT,11,11
2025-12-22 05:00:00.000,2025,12,22,5,35002KT,10,10
2025-12-22 06:00:00.000,2025,12,22,6,VRB02KT,11,11
2025-12-22 07:00:00.000,2025,12,22,7,03003KT,12,12
2025-12-22 08:00:00.000,2025,12,22,8,VRB02KT,11,11
2025-12-22 09:00:00.000,2025,12,22,9,33003KT,11,11
2025-12-22 10:00:00.000,2025,12,22,10,VRB01KT,12,12
2025-12-22 10:30:00.000,2025,12,22,10,00000KT,11,11
2025-12-22 11:00:00.000,2025,12,22,11,00000KT,12,12
2025-12-22 12:00:00.000,2025,12,22,12,03003KT,11,11
2025-12-22 12:28:00.000,2025,12,22,12,02004KT,13,13
2025-12-22 13:00:00.000,2025,12,22,13,03006KT,14,13
2025-12-22 14:00:00.000,2025,12,22,14,02006KT,15,12
2025-12-22 15:00:00.000,2025,12,22,15,02004KT,17,11
2025-12-22 15:12:00.000,2025,12,22,15,VRB04KT,19,12
2025-12-22 16:00:00.000,2025,12,22,16,VRB02KT,19,10
2025-12-22 17:00:00.000,2025,12,22,17,VRB03KT,18,10
2025-12-22 18:00:00.000,2025,12,22,18,31007KT,18,12
2025-12-22 19:00:00.000,2025,12,22,19,28011KT,18,12
2025-12-22 20:00:00.000,2025,12,22,20,27010KT,19,12
2025-12-22 21:00:00.000,2025,12,22,21,25009KT,18,12
2025-12-22 22:00:00.000,2025,12,22,22,29011KT,16,12
2025-12-22 23:00:00.000,2025,12,22,23,27008KT,15,13
2025-12-23 00:00:00.000,2025,12,23,0,25005KT,15,14
2025-12-23 00:24:00.000,2025,12,23,0,25006KT,15,14
2025-12-23 01:00:00.000,2025,12,23,1,26006KT,15,14
2025-12-23 02:00:00.000,2025,12,23,2,30005KT,14,14
2025-12-23 03:00:00.000,2025,12,23,3,31007KT,14,13
2025-12-23 04:00:00.000,2025,12,23,4,27005KT,14,13
2025-12-23 05:00:00.000,2025,12,23,5,VRB04KT,14,13
2025-12-23 06:00:00.000,2025,12,23,6,26005KT,13,13
2025-12-23 07:00:00.000,2025,12,23,7,31004KT,13,13
2025-12-23 08:00:00.000,2025,12,23,8,32004KT,12,12
2025-12-23 09:00:00.000,2025,12,23,9,VRB03KT,11,11
2025-12-23 10:00:00.000,2025,12,23,10,VRB02KT,12,12
2025-12-23 10:26:00.000,2025,12,23,10,27001KT,12,12
2025-12-23 11:00:00.000,2025,12,23,11,VRB01KT,12,12
2025-12-23 12:00:00.000,2025,12,23,12,03003KT,13,13
2025-12-23 13:00:00.000,2025,12,23,13,04003KT,14,12
2025-12-23 14:00:00.000,2025,12,23,14,VRB02KT,16,12
2025-12-23 15:00:00.000,2025,12,23,15,36004KT,18,11
2025-12-23 16:00:00.000,2025,12,23,16,VRB03KT,20,09
2025-12-23 17:00:00.000,2025,12,23,17,21004KT,20,07
2025-12-23 18:00:00.000,2025,12,23,18,25008KT,20,11
2025-12-23 19:00:00.000,2025,12,23,19,29010KT,19,11
2025-12-23 20:00:00.000,2025,12,23,20,27012KT,19,11
2025-12-23 21:00:00.000,2025,12,23,21,28011KT,18,12
2025-12-23 22:00:00.000,2025,12,23,22,28010KT,17,12
2025-12-23 23:00:00.000,2025,12,23,23,25007KT,16,12
2025-12-24 00:00:00.000,2025,12,24,0,28006KT,15,13
2025-12-24 01:00:00.000,2025,12,24,1,28004KT,15,13
2025-12-24 02:00:00.000,2025,12,24,2,29003KT,14,13
2025-12-24 03:00:00.000,2025,12,24,3,35003KT,13,13
2025-12-24 04:00:00.000,2025,12,24,4,31005KT,14,12
2025-12-24 05:00:00.000,2025,12,24,5,27005KT,14,12
2025-12-24 06:00:00.000,2025,12,24,6,29003KT,13,11
2025-12-24 07:00:00.000,2025,12,24,7,27003KT,13,12
2025-12-24 08:00:00.000,2025,12,24,8,29003KT,13,12
2025-12-24 09:00:00.000,2025,12,24,9,32002KT,12,12
2025-12-24 10:00:00.000,2025,12,24,10,32002KT,12,12
2025-12-24 10:31:00.000,2025,12,24,10,29004KT,12,12
2025-12-24 11:00:00.000,2025,12,24,11,33003KT,12,12
2025-12-24 12:00:00.000,2025,12,24,12,02002KT,12,12
2025-12-24 13:00:00.000,2025,12,24,13,04005KT,13,13
2025-12-24 13:43:00.000,2025,12,24,13,06004KT,15,12
2025-12-24 14:00:00.000,2025,12,24,14,VRB04KT,15,12
2025-12-24 14:28:00.000,2025,12,24,14,VRB02KT,17,11
2025-12-24 15:00:00.000,2025,12,24,15,03003KT,17,10
2025-12-24 16:00:00.000,2025,12,24,16,30004KT,18,11
2025-12-24 17:00:00.000,2025,12,24,17,32009KT,19,11
2025-12-24 18:00:00.000,2025,12,24,18,34009KT,18,12
2025-12-24 18:13:00.000,2025,12,24,18,32007KT,20,12
2025-12-24 19:00:00.000,2025,12,24,19,28009KT,20,12
2025-12-24 20:00:00.000,2025,12,24,20,28012KT,19,13
2025-12-24 21:00:00.000,2025,12,24,21,33010KT,17,12
2025-12-24 22:00:00.000,2025,12,24,22,30008KT,17,12
2025-12-24 23:00:00.000,2025,12,24,23,31006KT,15,13
2025-12-25 00:00:00.000,2025,12,25,0,30005KT,15,13
2025-12-25 01:00:00.000,2025,12,25,1,26003KT,15,13
2025-12-25 02:00:00.000,2025,12,25,2,26004KT,14,13
2025-12-25 03:00:00.000,2025,12,25,3,33003KT,13,13
2025-12-25 04:00:00.000,2025,12,25,4,VRB02KT,13,13
2025-12-25 05:00:00.000,2025,12,25,5,33003KT,12,12
2025-12-25 06:00:00.000,2025,12,25,6,VRB02KT,12,12
2025-12-25 07:00:00.000,2025,12,25,7,32004KT,12,12
2025-12-25 08:00:00.000,2025,12,25,8,33005KT,12,12
2025-12-25 09:00:00.000,2025,12,25,9,01002KT,10,10
2025-12-25 10:00:00.000,2025,12,25,10,01001KT,10,10
2025-12-25 10:30:00.000,2025,12,25,10,VRB01KT,10,10
2025-12-25 11:00:00.000,2025,12,25,11,VRB01KT,09,09
2025-12-25 11:28:00.000,2025,12,25,11,VRB02KT,08,08
2025-12-25 12:00:00.000,2025,12,25,12,VRB02KT,09,09
2025-12-25 12:12:00.000,2025,12,25,12,06005KT,11,11
2025-12-25 13:00:00.000,2025,12,25,13,05005KT,13,11
2025-12-25 14:00:00.000,2025,12,25,14,03005KT,14,11
2025-12-25 15:00:00.000,2025,12,25,15,03005KT,15,10
2025-12-25 16:00:00.000,2025,12,25,16,VRB02KT,17,10
2025-12-25 17:00:00.000,2025,12,25,17,VRB04KT,18,09
2025-12-25 18:00:00.000,2025,12,25,18,30010KT,19,09
2025-12-25 19:00:00.000,2025,12,25,19,31012KT,20,11
2025-12-25 20:00:00.000,2025,12,25,20,28014KT,18,12
2025-12-25 21:00:00.000,2025,12,25,21,29011KT,18,11
2025-12-25 22:00:00.000,2025,12,25,22,27010KT,17,11
2025-12-25 23:00:00.000,2025,12,25,23,28010KT,15,11
2025-12-26 00:00:00.000,2025,12,26,0,27003KT,14,13
2025-12-26 01:00:00.000,2025,12,26,1,28003KT,13,12
2025-12-26 02:00:00.000,2025,12,26,2,31008KT,13,12
2025-12-26 03:00:00.000,2025,12,26,3,26006KT,13,12
2025-12-26 04:00:00.000,2025,12,26,4,29006KT,13,12
2025-12-26 05:00:00.000,2025,12,26,5,30004KT,12,11
2025-12-26 06:00:00.000,2025,12,26,6,28004KT,11,11
2025-12-26 07:00:00.000,2025,12,26,7,VRB01KT,11,11
2025-12-26 08:00:00.000,2025,12,26,8,30003KT,08,08
2025-12-26 09:00:00.000,2025,12,26,9,31005KT,07,07
2025-12-26 10:00:00.000,2025,12,26,10,29003KT,08,08
2025-12-26 10:34:00.000,2025,12,26,10,VRB02KT,06,06
2025-12-26 11:00:00.000,2025,12,26,11,VRB01KT,06,06
2025-12-26 12:00:00.000,2025,12,26,12,34002KT,08,08
2025-12-26 13:00:00.000,2025,12,26,13,VRB01KT,11,11
2025-12-26 14:00:00.000,2025,12,26,14,VRB02KT,14,10
2025-12-26 15:00:00.000,2025,12,26,15,VRB03KT,16,08
2025-12-26 16:00:00.000,2025,12,26,16,VRB03KT,19,09
2025-12-26 17:00:00.000,2025,12,26,17,VRB04KT,19,08
2025-12-26 18:00:00.000,2025,12,26,18,31013KT,19,11
2025-12-26 19:00:00.000,2025,12,26,19,29011KT,19,10
2025-12-26 20:00:00.000,2025,12,26,20,29011KT,19,10
2025-12-26 21:00:00.000,2025,12,26,21,27012KT,18,10
2025-12-26 22:00:00.000,2025,12,26,22,26013KT,17,11
2025-12-26 23:00:00.000,2025,12,26,23,27010KT,15,11
2025-12-27 00:00:00.000,2025,12,27,0,28004KT,14,12
2025-12-27 01:00:00.000,2025,12,27,1,32004KT,13,12
2025-12-27 02:00:00.000,2025,12,27,2,29004KT,13,11
2025-12-27 03:00:00.000,2025,12,27,3,28004KT,13,11
2025-12-27 04:00:00.000,2025,12,27,4,29005KT,13,10
2025-12-27 05:00:00.000,2025,12,27,5,28004KT,12,11
2025-12-27 06:00:00.000,2025,12,27,6,VRB02KT,12,11
2025-12-27 07:00:00.000,2025,12,27,7,29002KT,10,10
2025-12-27 08:00:00.000,2025,12,27,8,VRB02KT,10,10
2025-12-27 09:00:00.000,2025,12,27,9,VRB02KT,08,08
2025-12-27 10:00:00.000,2025,12,27,10,VRB02KT,08,08
2025-12-27 10:41:00.000,2025,12,27,10,VRB02KT,08,08
2025-12-27 11:00:00.000,2025,12,27,11,VRB02KT,07,07
2025-12-27 11:28:00.000,2025,12,27,11,09003KT,08,08
2025-12-27 12:00:00.000,2025,12,27,12,VRB02KT,09,09
2025-12-27 12:16:00.000,2025,12,27,12,06005KT,12,12
2025-12-27 13:00:00.000,2025,12,27,13,06005KT,14,11
2025-12-27 14:00:00.000,2025,12,27,14,10008KT,16,07
2025-12-27 15:00:00.000,2025,12,27,15,10010KT,18,07
2025-12-27 15:29:00.000,2025,12,27,15,11010KT,19,07
2025-12-27 16:00:00.000,2025,12,27,16,10007KT,19,07
2025-12-27 17:00:00.000,2025,12,27,17,10008KT,20,07
2025-12-27 18:00:00.000,2025,12,27,18,10007KT,20,06
2025-12-27 19:00:00.000,2025,12,27,19,10009KT,20,06
2025-12-27 20:00:00.000,2025,12,27,20,25008KT,20,10
2025-12-27 21:00:00.000,2025,12,27,21,24009KT,18,11
2025-12-27 22:00:00.000,2025,12,27,22,27007KT,18,12
2025-12-27 23:00:00.000,2025,12,27,23,28007KT,16,12
2025-12-28 00:00:00.000,2025,12,28,0,29004KT,15,13
2025-12-28 01:00:00.000,2025,12,28,1,VRB03KT,14,10
2025-12-28 02:00:00.000,2025,12,28,2,05007KT,13,09
2025-12-28 03:00:00.000,2025,12,28,3,06004KT,12,09
2025-12-28 04:00:00.000,2025,12,28,4,04006KT,10,07
2025-12-28 05:00:00.000,2025,12,28,5,05006KT,10,07
2025-12-28 06:00:00.000,2025,12,28,6,04005KT,09,07
2025-12-28 07:00:00.000,2025,12,28,7,04004KT,08,07
2025-12-28 08:00:00.000,2025,12,28,8,02003KT,08,06
2025-12-28 09:00:00.000,2025,12,28,9,06004KT,06,05
2025-12-28 09:22:00.000,2025,12,28,9,07004KT,08,06
2025-12-28 10:00:00.000,2025,12,28,10,07004KT,08,06
2025-12-28 10:30:00.000,2025,12,28,10,05004KT,07,06
2025-12-28 11:00:00.000,2025,12,28,11,05004KT,06,05
2025-12-28 12:00:00.000,2025,12,28,12,05005KT,07,06
2025-12-28 12:11:00.000,2025,12,28,12,05005KT,09,06
2025-12-28 13:00:00.000,2025,12,28,13,05005KT,11,07
2025-12-28 13:19:00.000,2025,12,28,13,05005KT,13,06
2025-12-28 14:00:00.000,2025,12,28,14,06006KT,14,06
2025-12-28 14:12:00.000,2025,12,28,14,07007KT,16,06
2025-12-28 15:00:00.000,2025,12,28,15,14009KT,17,04
2025-12-28 15:38:00.000,2025,12,28,15,15009KT,19,04
2025-12-28 16:00:00.000,2025,12,28,16,17007KT,18,03
2025-12-28 16:30:00.000,2025,12,28,16,09007KT,20,05
2025-12-28 17:00:00.000,2025,12,28,17,18008KT,20,05
2025-12-28 18:00:00.000,2025,12,28,18,VRB09KT,20,05
2025-12-28 19:00:00.000,2025,12,28,19,14008KT,19,06
2025-12-28 20:00:00.000,2025,12,28,20,11005KT,19,06
2025-12-28 21:00:00.000,2025,12,28,21,22006G18KT,19,09
2025-12-28 22:00:00.000,2025,12,28,22,27010KT,18,11
2025-12-28 23:00:00.000,2025,12,28,23,32008KT,15,12
2025-12-29 00:00:00.000,2025,12,29,0,31006KT,13,11
2025-12-29 01:00:00.000,2025,12,29,1,31004KT,12,11
2025-12-29 02:00:00.000,2025,12,29,2,VRB01KT,11,10
2025-12-29 03:00:00.000,2025,12,29,3,VRB01KT,09,09
2025-12-29 04:00:00.000,2025,12,29,4,01002KT,07,07
2025-12-29 05:00:00.000,2025,12,29,5,VRB01KT,08,08
2025-12-29 06:00:00.000,2025,12,29,6,34002KT,06,06
2025-12-29 07:00:00.000,2025,12,29,7,03003KT,05,05
2025-12-29 08:00:00.000,2025,12,29,8,VRB02KT,06,06
2025-12-29 09:00:00.000,2025,12,29,9,35002KT,06,06
2025-12-29 10:00:00.000,2025,12,29,10,35003KT,07,07
2025-12-29 10:31:00.000,2025,12,29,10,VRB03KT,08,08
2025-12-29 11:00:00.000,2025,12,29,11,03003KT,06,06
2025-12-29 12:00:00.000,2025,12,29,12,VRB02KT,08,08
2025-12-29 12:36:00.000,2025,12,29,12,VRB02KT,12,10
2025-12-29 13:00:00.000,2025,12,29,13,35003KT,12,10
2025-12-29 13:43:00.000,2025,12,29,13,VRB02KT,15,10
2025-12-29 14:00:00.000,2025,12,29,14,VRB02KT,16,10
2025-12-29 15:00:00.000,2025,12,29,15,VRB04KT,16,09
2025-12-29 16:00:00.000,2025,12,29,16,VRB04KT,17,09
2025-12-29 17:00:00.000,2025,12,29,17,16005KT,19,08
2025-12-29 18:00:00.000,2025,12,29,18,16009KT,19,08
2025-12-29 19:00:00.000,2025,12,29,19,15011KT,20,08
2025-12-29 20:00:00.000,2025,12,29,20,13010KT,19,07
2025-12-29 21:00:00.000,2025,12,29,21,15009KT,20,07
2025-12-29 22:00:00.000,2025,12,29,22,VRB04KT,18,08
2025-12-29 23:00:00.000,2025,12,29,23,VRB03KT,18,09
2025-12-30 00:00:00.000,2025,12,30,0,34004KT,14,13
2025-12-30 01:00:00.000,2025,12,30,1,35003KT,13,13
2025-12-30 02:00:00.000,2025,12,30,2,33003KT,13,13
2025-12-30 03:00:00.000,2025,12,30,3,29003KT,14,12
2025-12-30 04:00:00.000,2025,12,30,4,36003KT,13,11
2025-12-30 05:00:00.000,2025,12,30,5,04004KT,12,11
2025-12-30 06:00:00.000,2025,12,30,6,04004KT,11,11
2025-12-30 07:00:00.000,2025,12,30,7,VRB02KT,11,11
2025-12-30 08:00:00.000,2025,12,30,8,04003KT,11,10
2025-12-30 09:00:00.000,2025,12,30,9,05006KT,12,11
2025-12-30 10:00:00.000,2025,12,30,10,05006KT,12,11
2025-12-30 10:33:00.000,2025,12,30,10,04004KT,12,12
2025-12-30 11:00:00.000,2025,12,30,11,VRB02KT,12,12
2025-12-30 12:00:00.000,2025,12,30,12,VRB02KT,12,12
2025-12-30 13:00:00.000,2025,12,30,13,05004KT,13,12
2025-12-30 13:35:00.000,2025,12,30,13,11004KT,15,12
2025-12-30 14:00:00.000,2025,12,30,14,15009KT,15,12
2025-12-30 15:00:00.000,2025,12,30,15,14009KT,17,11
2025-12-30 15:21:00.000,2025,12,30,15,10006KT,16,11
2025-12-30 16:00:00.000,2025,12,30,16,11006KT,18,13
2025-12-30 17:00:00.000,2025,12,30,17,12008KT,18,10
2025-12-30 18:00:00.000,2025,12,30,18,11008KT,17,10
2025-12-30 19:00:00.000,2025,12,30,19,10008KT,16,11
2025-12-30 19:26:00.000,2025,12,30,19,16012KT,18,09
2025-12-30 20:00:00.000,2025,12,30,20,14009KT,18,09
2025-12-30 21:00:00.000,2025,12,30,21,14010KT,18,09
2025-12-30 22:00:00.000,2025,12,30,22,14009KT,17,09
2025-12-30 23:00:00.000,2025,12,30,23,25005KT,15,12
2025-12-31 00:00:00.000,2025,12,31,0,12005KT,14,09
2025-12-31 01:00:00.000,2025,12,31,1,10003KT,14,09
2025-12-31 02:00:00.000,2025,12,31,2,09004KT,14,09
2025-12-31 03:00:00.000,2025,12,31,3,07005KT,12,10
2025-12-31 04:00:00.000,2025,12,31,4,06003KT,11,10
2025-12-31 05:00:00.000,2025,12,31,5,05006KT,10,09
2025-12-31 06:00:00.000,2025,12,31,6,VRB03KT,11,10
2025-12-31 07:00:00.000,2025,12,31,7,02003KT,09,09
2025-12-31 08:00:00.000,2025,12,31,8,VRB01KT,11,11
2025-12-31 09:00:00.000,2025,12,31,9,06004KT,11,11
2025-12-31 10:00:00.000,2025,12,31,10,04006KT,12,11
2025-12-31 11:00:00.000,2025,12,31,11,06005KT,11,11
2025-12-31 12:00:00.000,2025,12,31,12,07005KT,12,11
2025-12-31 13:00:00.000,2025,12,31,13,10005KT,15,11
2025-12-31 14:00:00.000,2025,12,31,14,10006KT,17,12
2025-12-31 15:00:00.000,2025,12,31,15,10008KT,18,10
2025-12-31 16:00:00.000,2025,12,31,16,13011KT,19,09
2025-12-31 17:00:00.000,2025,12,31,17,13011KT,19,09
2025-12-31 18:00:00.000,2025,12,31,18,09007KT,19,09
2025-12-31 19:00:00.000,2025,12,31,19,12006KT,19,09
2025-12-31 20:00:00.000,2025,12,31,20,15007KT,18,10
2025-12-31 20:29:00.000,2025,12,31,20,VRB03KT,20,10
2025-12-31 21:00:00.000,2025,12,31,21,VRB04KT,19,10
2025-12-31 22:00:00.000,2025,12,31,22,22005KT,19,10
2025-12-31 23:00:00.000,2025,12,31,23,VRB07KT,17,10
2025-12-31 23:18:00.000,2025,12,31,23,05008KT,16,11
2026-01-01 00:00:00.000,2026,1,1,0,04010KT,14,11
2026-01-01 01:00:00.000,2026,1,1,1,03007KT,13,11
2026-01-01 02:00:00.000,2026,1,1,2,05007KT,13,10
2026-01-01 03:00:00.000,2026,1,1,3,06006KT,11,10
2026-01-01 04:00:00.000,2026,1,1,4,04004KT,11,10
2026-01-01 05:00:00.000,2026,1,1,5,VRB02KT,10,10
2026-01-01 06:00:00.000,2026,1,1,6,04005KT,09,09
2026-01-01 07:00:00.000,2026,1,1,7,03005KT,10,10
2026-01-01 08:00:00.000,2026,1,1,8,08003KT,11,10
2026-01-01 09:00:00.000,2026,1,1,9,35005KT,08,08
2026-01-01 10:00:00.000,2026,1,1,10,VRB01KT,08,08
2026-01-01 11:00:00.000,2026,1,1,11,03004KT,10,10
2026-01-01 12:00:00.000,2026,1,1,12,07004KT,11,10
2026-01-01 13:00:00.000,2026,1,1,13,05007KT,12,11
2026-01-01 14:00:00.000,2026,1,1,14,06006KT,15,11
2026-01-01 14:11:00.000,2026,1,1,14,07007KT,17,11
2026-01-01 15:00:00.000,2026,1,1,15,11005KT,18,11
2026-01-01 16:00:00.000,2026,1,1,16,14008KT,19,10
2026-01-01 17:00:00.000,2026,1,1,17,11008KT,19,09
2026-01-01 18:00:00.000,2026,1,1,18,14009KT,19,09
2026-01-01 19:00:00.000,2026,1,1,19,28007KT,18,11
2026-01-01 20:00:00.000,2026,1,1,20,31010KT,16,12
2026-01-01 21:00:00.000,2026,1,1,21,26006KT,17,12
2026-01-01 22:00:00.000,2026,1,1,22,27006KT,18,11
2026-01-01 23:00:00.000,2026,1,1,23,26006KT,16,11
2026-01-02 00:00:00.000,2026,1,2,0,28005KT,15,09
2026-01-02 01:00:00.000,2026,1,2,1,03003KT,12,11
2026-01-02 02:00:00.000,2026,1,2,2,VRB01KT,13,11
2026-01-02 03:00:00.000,2026,1,2,3,02003KT,12,11
2026-01-02 04:00:00.000,2026,1,2,4,35004KT,11,10
2026-01-02 05:00:00.000,2026,1,2,5,03003KT,10,10
2026-01-02 06:00:00.000,2026,1,2,6,06003KT,10,10
2026-01-02 07:00:00.000,2026,1,2,7,03003KT,10,10
2026-01-02 08:00:00.000,2026,1,2,8,04003KT,09,09
2026-01-02 09:00:00.000,2026,1,2,9,04005KT,09,09
2026-01-02 10:00:00.000,2026,1,2,10,VRB02KT,09,09
2026-01-02 10:32:00.000,2026,1,2,10,VRB03KT,10,10
2026-01-02 11:00:00.000,2026,1,2,11,22003KT,10,10
2026-01-02 12:00:00.000,2026,1,2,12,VRB01KT,07,07
2026-01-02 12:11:00.000,2026,1,2,12,VRB02KT,09,09
2026-01-02 12:25:00.000,2026,1,2,12,06003KT,12,11
2026-01-02 13:00:00.000,2026,1,2,13,34003KT,12,12
2026-01-02 13:40:00.000,2026,1,2,13,06004KT,15,12
2026-01-02 14:00:00.000,2026,1,2,14,06004KT,15,12
2026-01-02 14:22:00.000,2026,1,2,14,07005KT,17,11
2026-01-02 15:00:00.000,2026,1,2,15,09004KT,17,10
2026-01-02 16:00:00.000,2026,1,2,16,11003KT,17,11
2026-01-02 17:00:00.000,2026,1,2,17,09004KT,17,11
2026-01-02 18:00:00.000,2026,1,2,18,VRB02KT,17,11
2026-01-02 19:00:00.000,2026,1,2,19,VRB01KT,19,10
2026-01-02 20:00:00.000,2026,1,2,20,VRB03KT,18,10
2026-01-02 21:00:00.000,2026,1,2,21,24008KT,17,12
2026-01-02 22:00:00.000,2026,1,2,22,24006KT,16,12
2026-01-02 23:00:00.000,2026,1,2,23,35004KT,15,12
2026-01-03 00:00:00.000,2026,1,3,0,03003KT,14,12
2026-01-03 01:00:00.000,2026,1,3,1,VRB02KT,14,13
2026-01-03 02:00:00.000,2026,1,3,2,34002KT,13,13
2026-01-03 03:00:00.000,2026,1,3,3,33003KT,13,12
2026-01-03 04:00:00.000,2026,1,3,4,VRB02KT,11,11
2026-01-03 05:00:00.000,2026,1,3,5,04003KT,10,10
2026-01-03 06:00:00.000,2026,1,3,6,05002KT,11,11
2026-01-03 07:00:00.000,2026,1,3,7,04002KT,10,10
2026-01-03 08:00:00.000,2026,1,3,8,VRB02KT,10,10
2026-01-03 09:00:00.000,2026,1,3,9,27004KT,11,11
2026-01-03 10:00:00.000,2026,1,3,10,03002KT,09,09
2026-01-03 11:00:00.000,2026,1,3,11,VRB01KT,09,09
2026-01-03 12:00:00.000,2026,1,3,12,VRB02KT,08,08
2026-01-03 14:00:00.000,2026,1,3,14,06003KT,14,11
2026-01-03 15:00:00.000,2026,1,3,15,13004KT,17,11
2026-01-03 16:00:00.000,2026,1,3,16,18006KT,19,09
2026-01-03 17:00:00.000,2026,1,3,17,16005KT,20,09
2026-01-03 18:00:00.000,2026,1,3,18,23007KT,19,10
2026-01-03 19:00:00.000,2026,1,3,19,24012KT,18,12
2026-01-03 20:00:00.000,2026,1,3,20,33008KT,16,11
2026-01-03 20:08:00.000,2026,1,3,20,35007KT,17,12
2026-01-03 21:00:00.000,2026,1,3,21,34005KT,15,14
2026-01-03 21:09:00.000,2026,1,3,21,32004KT,15,13
2026-01-03 22:00:00.000,2026,1,3,22,24006KT,14,13
2026-01-03 22:18:00.000,2026,1,3,22,26005KT,14,13
2026-01-03 23:00:00.000,2026,1,3,23,25005KT,14,13
2026-01-04 00:00:00.000,2026,1,4,0,VRB02KT,13,13
2026-01-04 00:41:00.000,2026,1,4,0,VRB02KT,13,13
2026-01-04 01:00:00.000,2026,1,4,1,34003KT,13,13
2026-01-04 01:27:00.000,2026,1,4,1,01002KT,12,12
2026-01-04 02:00:00.000,2026,1,4,2,36002KT,12,12
2026-01-04 03:00:00.000,2026,1,4,3,04005KT,12,12
2026-01-04 04:00:00.000,2026,1,4,4,04006KT,12,12
2026-01-04 04:20:00.000,2026,1,4,4,04005KT,12,12
2026-01-04 05:00:00.000,2026,1,4,5,04004KT,12,12
2026-01-04 06:00:00.000,2026,1,4,6,05005KT,12,12
2026-01-04 07:00:00.000,2026,1,4,7,04004KT,12,12
2026-01-04 08:00:00.000,2026,1,4,8,06006KT,12,12
2026-01-04 09:00:00.000,2026,1,4,9,05004KT,12,12
2026-01-04 10:00:00.000,2026,1,4,10,05004KT,12,12
2026-01-04 10:32:00.000,2026,1,4,10,05004KT,12,12
2026-01-04 11:00:00.000,2026,1,4,11,06004KT,11,11
2026-01-04 12:00:00.000,2026,1,4,12,06004KT,12,12
2026-01-04 13:00:00.000,2026,1,4,13,06005KT,13,12
2026-01-04 14:00:00.000,2026,1,4,14,04004KT,15,12
2026-01-04 14:10:00.000,2026,1,4,14,VRB03KT,17,12
2026-01-04 15:00:00.000,2026,1,4,15,14004KT,17,11
2026-01-04 16:00:00.000,2026,1,4,16,15005KT,18,10
2026-01-04 17:00:00.000,2026,1,4,17,20004KT,18,10
2026-01-04 18:00:00.000,2026,1,4,18,23007KT,16,12
2026-01-04 19:00:00.000,2026,1,4,19,22005KT,17,11
2026-01-04 20:00:00.000,2026,1,4,20,36003KT,16,13
2026-01-04 21:00:00.000,2026,1,4,21,33004KT,17,12
2026-01-04 22:00:00.000,2026,1,4,22,32005KT,17,12
2026-01-04 23:00:00.000,2026,1,4,23,30005KT,16,11
2026-01-05 00:00:00.000,2026,1,5,0,30004KT,15,09
2026-01-05 01:00:00.000,2026,1,5,1,28004KT,14,11
2026-01-05 02:00:00.000,2026,1,5,2,VRB02KT,12,12
2026-01-05 03:00:00.000,2026,1,5,3,VRB02KT,13,13
2026-01-05 04:00:00.000,2026,1,5,4,VRB02KT,12,12
2026-01-05 05:00:00.000,2026,1,5,5,02003KT,12,12
2026-01-05 06:00:00.000,2026,1,5,6,02002KT,12,12
2026-01-05 07:00:00.000,2026,1,5,7,28004KT,12,11
2026-01-05 08:00:00.000,2026,1,5,8,29003KT,10,10
2026-01-05 09:00:00.000,2026,1,5,9,36002KT,10,10
2026-01-05 10:00:00.000,2026,1,5,10,03001KT,10,10
2026-01-05 10:30:00.000,2026,1,5,10,VRB01KT,10,10
2026-01-05 11:00:00.000,2026,1,5,11,VRB01KT,10,10
2026-01-05 12:00:00.000,2026,1,5,12,01001KT,11,11
2026-01-05 12:38:00.000,2026,1,5,12,01003KT,13,13
2026-01-05 13:00:00.000,2026,1,5,13,VRB02KT,14,13
2026-01-05 13:29:00.000,2026,1,5,13,VRB02KT,16,12
2026-01-05 14:00:00.000,2026,1,5,14,VRB03KT,16,12
2026-01-05 15:00:00.000,2026,1,5,15,VRB02KT,17,11
2026-01-05 16:00:00.000,2026,1,5,16,VRB03KT,18,11
2026-01-05 17:00:00.000,2026,1,5,17,27011KT,17,12
2026-01-05 18:00:00.000,2026,1,5,18,24010KT,19,13
2026-01-05 19:00:00.000,2026,1,5,19,31009KT,19,12
2026-01-05 20:00:00.000,2026,1,5,20,15007KT,16,10
2026-01-05 21:00:00.000,2026,1,5,21,20007KT,16,11
2026-01-05 22:00:00.000,2026,1,5,22,01005KT,14,13
2026-01-05 23:00:00.000,2026,1,5,23,33005KT,12,12
2026-01-05 23:35:00.000,2026,1,5,23,28004KT,12,12
2026-01-06 00:00:00.000,2026,1,6,0,VRB02KT,12,12
2026-01-06 01:00:00.000,2026,1,6,1,20003KT,13,13
2026-01-06 01:35:00.000,2026,1,6,1,08004KT,27,23
2026-01-06 02:00:00.000,2026,1,6,2,34004KT,12,12
2026-01-06 03:00:00.000,2026,1,6,3,35002KT,12,12
2026-01-06 04:00:00.000,2026,1,6,4,34002KT,12,12
2026-01-06 05:00:00.000,2026,1,6,5,35002KT,12,12
2026-01-06 06:00:00.000,2026,1,6,6,00000KT,12,12
2026-01-06 07:00:00.000,2026,1,6,7,35002KT,10,10
2026-01-06 08:00:00.000,2026,1,6,8,35002KT,10,10
2026-01-06 09:00:00.000,2026,1,6,9,34005KT,10,10
2026-01-06 10:00:00.000,2026,1,6,10,VRB02KT,10,10
2026-01-06 10:32:00.000,2026,1,6,10,33004KT,10,10
2026-01-06 11:00:00.000,2026,1,6,11,VRB01KT,10,10
2026-01-06 11:12:00.000,2026,1,6,11,VRB02KT,10,10
2026-01-06 12:00:00.000,2026,1,6,12,VRB02KT,11,11
2026-01-06 12:17:00.000,2026,1,6,12,VRB02KT,12,12
2026-01-06 13:00:00.000,2026,1,6,13,30004KT,13,13
2026-01-06 14:00:00.000,2026,1,6,14,VRB02KT,16,14
2026-01-06 15:00:00.000,2026,1,6,15,VRB03KT,18,13
2026-01-06 16:00:00.000,2026,1,6,16,28013KT,17,14
2026-01-06 17:00:00.000,2026,1,6,17,28010KT,16,13
2026-01-06 18:00:00.000,2026,1,6,18,24010KT,16,13
2026-01-06 19:00:00.000,2026,1,6,19,25010KT,16,13
2026-01-06 20:00:00.000,2026,1,6,20,25007KT,15,13
2026-01-06 20:21:00.000,2026,1,6,20,25007KT,15,13
2026-01-06 20:39:00.000,2026,1,6,20,28005KT,15,13
2026-01-06 21:00:00.000,2026,1,6,21,VRB03KT,14,13
2026-01-06 21:10:00.000,2026,1,6,21,01005KT,13,13
2026-01-06 21:25:00.000,2026,1,6,21,01003KT,13,13
2026-01-06 22:00:00.000,2026,1,6,22,01003KT,13,13
2026-01-06 23:00:00.000,2026,1,6,23,VRB02KT,12,12
2026-01-07 00:00:00.000,2026,1,7,0,VRB01KT,12,12
2026-01-07 01:00:00.000,2026,1,7,1,36002KT,12,12
2026-01-07 02:00:00.000,2026,1,7,2,02005KT,12,12
2026-01-07 03:00:00.000,2026,1,7,3,04003KT,11,11
2026-01-07 04:00:00.000,2026,1,7,4,02004KT,11,11
2026-01-07 05:00:00.000,2026,1,7,5,02003KT,11,11
2026-01-07 06:00:00.000,2026,1,7,6,VRB01KT,11,11
2026-01-07 07:00:00.000,2026,1,7,7,05003KT,10,10
2026-01-07 08:00:00.000,2026,1,7,8,04002KT,09,09
2026-01-07 08:12:00.000,2026,1,7,8,33004KT,09,09
2026-01-07 08:30:00.000,2026,1,7,8,33004KT,08,08
2026-01-07 09:00:00.000,2026,1,7,9,VRB02KT,08,08
2026-01-07 10:00:00.000,2026,1,7,10,VRB02KT,08,08
2026-01-07 10:31:00.000,2026,1,7,10,00000KT,08,08
2026-01-07 10:39:00.000,2026,1,7,10,VRB01KT,09,09
2026-01-07 11:00:00.000,2026,1,7,11,VRB02KT,08,08
2026-01-07 11:14:00.000,2026,1,7,11,VRB02KT,09,09
2026-01-07 11:36:00.000,2026,1,7,11,VRB02KT,09,09
2026-01-07 12:00:00.000,2026,1,7,12,05003KT,10,10
2026-01-07 12:14:00.000,2026,1,7,12,05004KT,10,10
2026-01-07 12:33:00.000,2026,1,7,12,05003KT,10,10
2026-01-07 13:00:00.000,2026,1,7,13,VRB02KT,10,10
2026-01-07 13:05:00.000,2026,1,7,13,08003KT,11,11
2026-01-07 13:36:00.000,2026,1,7,13,06004KT,13,13
2026-01-07 14:00:00.000,2026,1,7,14,06004KT,14,12
2026-01-07 14:34:00.000,2026,1,7,14,VRB02KT,16,11
2026-01-07 15:00:00.000,2026,1,7,15,05003KT,17,11
2026-01-07 16:00:00.000,2026,1,7,16,14006KT,19,10
2026-01-07 17:00:00.000,2026,1,7,17,08004KT,18,09
2026-01-07 18:00:00.000,2026,1,7,18,VRB04KT,20,09
2026-01-07 19:00:00.000,2026,1,7,19,24011KT,16,12
2026-01-07 20:00:00.000,2026,1,7,20,24007KT,17,12
2026-01-07 21:00:00.000,2026,1,7,21,25007KT,16,13
2026-01-07 22:00:00.000,2026,1,7,22,25007KT,16,13
2026-01-07 23:00:00.000,2026,1,7,23,23005KT,14,13
2026-01-08 00:00:00.000,2026,1,8,0,26005KT,14,14
2026-01-08 01:00:00.000,2026,1,8,1,20003KT,14,14
2026-01-08 02:00:00.000,2026,1,8,2,27003KT,13,13
2026-01-08 03:00:00.000,2026,1,8,3,VRB01KT,13,13
2026-01-08 04:00:00.000,2026,1,8,4,33003KT,13,13
2026-01-08 05:00:00.000,2026,1,8,5,03005KT,12,12
2026-01-08 06:00:00.000,2026,1,8,6,02003KT,11,11
2026-01-08 07:00:00.000,2026,1,8,7,02003KT,12,12
2026-01-08 08:00:00.000,2026,1,8,8,04006KT,12,12
2026-01-08 09:00:00.000,2026,1,8,9,05004KT,12,12
2026-01-08 10:00:00.000,2026,1,8,10,06004KT,12,12
2026-01-08 10:37:00.000,2026,1,8,10,07004KT,12,12
2026-01-08 11:00:00.000,2026,1,8,11,08003KT,13,11
2026-01-08 12:00:00.000,2026,1,8,12,07004KT,13,10
2026-01-08 13:00:00.000,2026,1,8,13,08005KT,14,10
2026-01-08 14:00:00.000,2026,1,8,14,VRB05KT,15,10
2026-01-08 15:00:00.000,2026,1,8,15,12007KT,16,10
2026-01-08 16:00:00.000,2026,1,8,16,10007KT,16,10
2026-01-08 17:00:00.000,2026,1,8,17,13007KT,18,10
2026-01-08 18:00:00.000,2026,1,8,18,13006KT,17,09
2026-01-08 19:00:00.000,2026,1,8,19,15008KT,19,10
2026-01-08 20:00:00.000,2026,1,8,20,13008KT,18,10
2026-01-08 21:00:00.000,2026,1,8,21,08007KT,19,10
2026-01-08 22:00:00.000,2026,1,8,22,07006KT,17,09
2026-01-08 23:00:00.000,2026,1,8,23,24006KT,16,13
2026-01-09 00:00:00.000,2026,1,9,0,24004KT,14,13
2026-01-09 01:00:00.000,2026,1,9,1,VRB02KT,14,13
2026-01-09 02:00:00.000,2026,1,9,2,29005KT,13,13
2026-01-09 03:00:00.000,2026,1,9,3,36003KT,11,11
2026-01-09 04:00:00.000,2026,1,9,4,02003KT,10,10
2026-01-09 05:00:00.000,2026,1,9,5,04005KT,10,10
2026-01-09 06:00:00.000,2026,1,9,6,04006KT,11,11
2026-01-09 07:00:00.000,2026,1,9,7,04005KT,12,12
2026-01-09 08:00:00.000,2026,1,9,8,VRB02KT,12,12
2026-01-09 09:00:00.000,2026,1,9,9,06002KT,12,12
2026-01-09 10:00:00.000,2026,1,9,10,06003KT,11,11
2026-01-09 10:30:00.000,2026,1,9,10,02003KT,10,10
2026-01-09 11:00:00.000,2026,1,9,11,02003KT,10,10
2026-01-09 12:00:00.000,2026,1,9,12,06007KT,11,11
2026-01-09 13:00:00.000,2026,1,9,13,05005KT,12,11
2026-01-09 13:28:00.000,2026,1,9,13,06005KT,14,12
2026-01-09 14:00:00.000,2026,1,9,14,05007KT,15,11
2026-01-09 15:00:00.000,2026,1,9,15,02005KT,16,11
2026-01-09 15:10:00.000,2026,1,9,15,VRB07KT,18,10
2026-01-09 16:00:00.000,2026,1,9,16,VRB08G18KT,19,09
2026-01-09 17:00:00.000,2026,1,9,17,13008KT,19,08
2026-01-09 18:00:00.000,2026,1,9,18,17008KT,20,09
2026-01-09 19:00:00.000,2026,1,9,19,18008KT,21,09
2026-01-09 20:00:00.000,2026,1,9,20,18007KT,20,09
2026-01-09 21:00:00.000,2026,1,9,21,33004KT,18,11
2026-01-09 21:25:00.000,2026,1,9,21,31007KT,16,14
2026-01-09 21:34:00.000,2026,1,9,21,31006KT,16,13
2026-01-09 22:00:00.000,2026,1,9,22,23011KT,14,14
2026-01-09 22:28:00.000,2026,1,9,22,20005KT,15,14
2026-01-09 23:00:00.000,2026,1,9,23,31005KT,15,13
2026-01-10 00:00:00.000,2026,1,10,0,21003KT,15,14
2026-01-10 01:00:00.000,2026,1,10,1,34003KT,13,13
2026-01-10 02:00:00.000,2026,1,10,2,32003KT,13,13
2026-01-10 03:00:00.000,2026,1,10,3,03004KT,13,12
2026-01-10 04:00:00.000,2026,1,10,4,05003KT,12,12
2026-01-10 05:00:00.000,2026,1,10,5,04003KT,12,12
2026-01-10 06:00:00.000,2026,1,10,6,02003KT,11,11
2026-01-10 07:00:00.000,2026,1,10,7,33004KT,10,10
2026-01-10 08:00:00.000,2026,1,10,8,03005KT,10,10
2026-01-10 09:00:00.000,2026,1,10,9,04005KT,11,11
2026-01-10 10:00:00.000,2026,1,10,10,04004KT,11,11
2026-01-10 11:00:00.000,2026,1,10,11,VRB02KT,11,11
2026-01-10 12:00:00.000,2026,1,10,12,05004KT,11,11
2026-01-10 13:00:00.000,2026,1,10,13,05005KT,13,11
2026-01-10 14:00:00.000,2026,1,10,14,12004KT,15,10
2026-01-10 14:25:00.000,2026,1,10,14,11006KT,17,11
2026-01-10 15:00:00.000,2026,1,10,15,16006KT,17,10
2026-01-10 16:00:00.000,2026,1,10,16,16010KT,18,10
2026-01-10 17:00:00.000,2026,1,10,17,11004KT,19,10
2026-01-10 18:00:00.000,2026,1,10,18,21004KT,20,09
2026-01-10 19:00:00.000,2026,1,10,19,23007KT,15,13
2026-01-10 20:00:00.000,2026,1,10,20,24006KT,16,13
2026-01-10 21:00:00.000,2026,1,10,21,32008KT,16,13
2026-01-10 22:00:00.000,2026,1,10,22,29005KT,17,13
2026-01-10 23:00:00.000,2026,1,10,23,26006KT,15,13
2026-01-11 00:00:00.000,2026,1,11,0,26003KT,15,12
2026-01-11 01:00:00.000,2026,1,11,1,VRB02KT,14,12
2026-01-11 02:00:00.000,2026,1,11,2,VRB02KT,14,12
2026-01-11 03:00:00.000,2026,1,11,3,29004KT,14,12
2026-01-11 04:00:00.000,2026,1,11,4,VRB02KT,13,12
2026-01-11 05:00:00.000,2026,1,11,5,VRB02KT,13,12
2026-01-11 06:00:00.000,2026,1,11,6,VRB01KT,11,11
2026-01-11 07:00:00.000,2026,1,11,7,VRB01KT,11,11
2026-01-11 08:00:00.000,2026,1,11,8,08002KT,11,11
2026-01-11 09:00:00.000,2026,1,11,9,VRB02KT,11,11
2026-01-11 10:00:00.000,2026,1,11,10,VRB02KT,12,12
2026-01-11 11:00:00.000,2026,1,11,11,04004KT,12,11
2026-01-11 12:00:00.000,2026,1,11,12,05003KT,11,11
2026-01-11 13:00:00.000,2026,1,11,13,05004KT,14,11
2026-01-11 14:00:00.000,2026,1,11,14,VRB04KT,17,10
2026-01-11 15:00:00.000,2026,1,11,15,VRB05KT,18,08
2026-01-11 16:00:00.000,2026,1,11,16,07004KT,18,08
2026-01-11 17:00:00.000,2026,1,11,17,VRB03KT,18,08
2026-01-11 18:00:00.000,2026,1,11,18,14008KT,18,09
2026-01-11 19:00:00.000,2026,1,11,19,09007KT,19,10
2026-01-11 20:00:00.000,2026,1,11,20,08007KT,17,09
2026-01-11 21:00:00.000,2026,1,11,21,28004KT,16,11
2026-01-11 22:00:00.000,2026,1,11,22,27005KT,16,11
2026-01-11 23:00:00.000,2026,1,11,23,25005KT,15,13
2026-01-12 00:00:00.000,2026,1,12,0,27008KT,14,13
2026-01-12 01:00:00.000,2026,1,12,1,25004KT,14,13
2026-01-12 02:00:00.000,2026,1,12,2,06003KT,13,13
2026-01-12 03:00:00.000,2026,1,12,3,36001KT,12,12
2026-01-12 03:25:00.000,2026,1,12,3,03003KT,12,12
2026-01-12 04:00:00.000,2026,1,12,4,02003KT,12,12
2026-01-12 05:00:00.000,2026,1,12,5,05003KT,12,12
2026-01-12 06:00:00.000,2026,1,12,6,02004KT,12,12
2026-01-12 07:00:00.000,2026,1,12,7,06005KT,12,12
2026-01-12 08:00:00.000,2026,1,12,8,05004KT,12,12
2026-01-12 09:00:00.000,2026,1,12,9,04003KT,12,12
2026-01-12 10:00:00.000,2026,1,12,10,04004KT,11,11
2026-01-12 10:30:00.000,2026,1,12,10,05004KT,12,12
2026-01-12 11:00:00.000,2026,1,12,11,04003KT,11,11
2026-01-12 12:00:00.000,2026,1,12,12,06005KT,12,12
2026-01-12 13:00:00.000,2026,1,12,13,10005KT,14,11
2026-01-12 14:00:00.000,2026,1,12,14,05005KT,14,12
2026-01-12 14:38:00.000,2026,1,12,14,09005KT,16,10
2026-01-12 15:00:00.000,2026,1,12,15,09006KT,16,10
2026-01-12 16:00:00.000,2026,1,12,16,06005KT,15,11
2026-01-12 16:31:00.000,2026,1,12,16,13006KT,17,10
2026-01-12 17:00:00.000,2026,1,12,17,12005KT,17,10
2026-01-12 18:00:00.000,2026,1,12,18,06003KT,16,10
2026-01-12 19:00:00.000,2026,1,12,19,12005KT,17,10
2026-01-12 20:00:00.000,2026,1,12,20,26006KT,16,13
2026-01-12 21:00:00.000,2026,1,12,21,VRB02KT,17,11
2026-01-12 22:00:00.000,2026,1,12,22,04004KT,17,11
2026-01-12 23:00:00.000,2026,1,12,23,VRB01KT,16,10
2026-01-13 00:00:00.000,2026,1,13,0,24006KT,14,13
2026-01-13 01:00:00.000,2026,1,13,1,24004KT,13,13
2026-01-13 02:00:00.000,2026,1,13,2,VRB02KT,13,13
2026-01-13 03:00:00.000,2026,1,13,3,02003KT,13,13
2026-01-13 04:00:00.000,2026,1,13,4,36002KT,12,12
2026-01-13 05:00:00.000,2026,1,13,5,35001KT,12,12
2026-01-13 06:00:00.000,2026,1,13,6,30003KT,13,13
2026-01-13 07:00:00.000,2026,1,13,7,31004KT,12,12
2026-01-13 08:00:00.000,2026,1,13,8,VRB01KT,12,12
2026-01-13 09:00:00.000,2026,1,13,9,03003KT,11,11
2026-01-13 10:00:00.000,2026,1,13,10,04006KT,12,12
2026-01-13 10:33:00.000,2026,1,13,10,05005KT,12,12
2026-01-13 11:00:00.000,2026,1,13,11,04006KT,12,11
2026-01-13 12:00:00.000,2026,1,13,12,04005KT,11,11
2026-01-13 13:00:00.000,2026,1,13,13,06005KT,13,12
2026-01-13 14:00:00.000,2026,1,13,14,06008KT,15,12
2026-01-13 15:00:00.000,2026,1,13,15,05006KT,16,11
2026-01-13 16:00:00.000,2026,1,13,16,07006KT,18,11
2026-01-13 17:00:00.000,2026,1,13,17,05007KT,19,10
2026-01-13 18:00:00.000,2026,1,13,18,04006KT,18,10
2026-01-13 19:00:00.000,2026,1,13,19,25010KT,16,14
2026-01-13 20:00:00.000,2026,1,13,20,25004KT,18,12
2026-01-13 21:00:00.000,2026,1,13,21,06006KT,17,12
2026-01-13 21:08:00.000,2026,1,13,21,VRB03KT,16,12
2026-01-13 21:30:00.000,2026,1,13,21,22007KT,14,14
2026-01-13 22:00:00.000,2026,1,13,22,28007KT,13,13
2026-01-13 23:00:00.000,2026,1,13,23,VRB02KT,13,13
2026-01-14 00:00:00.000,2026,1,14,0,32004KT,13,13
2026-01-14 01:00:00.000,2026,1,14,1,34003KT,13,13
2026-01-14 02:00:00.000,2026,1,14,2,05003KT,13,13
2026-01-14 03:00:00.000,2026,1,14,3,34003KT,13,13
2026-01-14 04:00:00.000,2026,1,14,4,03002KT,12,12
2026-01-14 05:00:00.000,2026,1,14,5,04004KT,12,12
2026-01-14 06:00:00.000,2026,1,14,6,04007KT,12,12
2026-01-14 07:00:00.000,2026,1,14,7,04006KT,12,12
2026-01-14 08:00:00.000,2026,1,14,8,05004KT,12,12
2026-01-14 09:00:00.000,2026,1,14,9,05004KT,12,12
2026-01-14 10:00:00.000,2026,1,14,10,VRB03KT,13,11
2026-01-14 11:00:00.000,2026,1,14,11,05005KT,12,11
2026-01-14 12:00:00.000,2026,1,14,12,07006KT,12,12
2026-01-14 13:00:00.000,2026,1,14,13,08005KT,14,12
2026-01-14 14:00:00.000,2026,1,14,14,05007KT,15,12
2026-01-14 15:00:00.000,2026,1,14,15,09005KT,16,12
2026-01-14 16:00:00.000,2026,1,14,16,08006KT,17,12
2026-01-14 17:00:00.000,2026,1,14,17,14009KT,17,11
2026-01-14 18:00:00.000,2026,1,14,18,VRB05KT,17,11
2026-01-14 19:00:00.000,2026,1,14,19,07006KT,17,11
2026-01-14 20:00:00.000,2026,1,14,20,05008KT,16,12
2026-01-14 21:00:00.000,2026,1,14,21,05008KT,16,12
2026-01-14 22:00:00.000,2026,1,14,22,06008KT,17,12
2026-01-14 23:00:00.000,2026,1,14,23,08005KT,15,10
2026-01-15 00:00:00.000,2026,1,15,0,04005KT,13,10
2026-01-15 01:00:00.000,2026,1,15,1,07004KT,13,11
2026-01-15 02:00:00.000,2026,1,15,2,05005KT,13,10
2026-01-15 03:00:00.000,2026,1,15,3,08004KT,13,11
2026-01-15 04:00:00.000,2026,1,15,4,08004KT,13,11
2026-01-15 05:00:00.000,2026,1,15,5,07004KT,13,11
2026-01-15 06:00:00.000,2026,1,15,6,05005KT,11,10
2026-01-15 07:00:00.000,2026,1,15,7,08003KT,12,10
2026-01-15 08:00:00.000,2026,1,15,8,03004KT,11,11
2026-01-15 09:00:00.000,2026,1,15,9,VRB04KT,12,11
2026-01-15 10:00:00.000,2026,1,15,10,VRB02KT,12,11
2026-01-15 10:32:00.000,2026,1,15,10,33002KT,11,11
2026-01-15 11:00:00.000,2026,1,15,11,VRB01KT,12,11
2026-01-15 12:00:00.000,2026,1,15,12,06006KT,12,11
2026-01-15 13:00:00.000,2026,1,15,13,08005KT,13,12
2026-01-15 13:10:00.000,2026,1,15,13,VRB04KT,15,12
2026-01-15 14:00:00.000,2026,1,15,14,08005KT,16,11
2026-01-15 15:00:00.000,2026,1,15,15,09005KT,16,11
2026-01-15 15:45:00.000,2026,1,15,15,08003KT,16,12
2026-01-15 16:00:00.000,2026,1,15,16,VRB02KT,16,11
2026-01-15 16:03:00.000,2026,1,15,16,23007KT,14,12
2026-01-15 16:19:00.000,2026,1,15,16,25005KT,15,13
2026-01-15 17:00:00.000,2026,1,15,17,32005KT,15,13
2026-01-15 18:00:00.000,2026,1,15,18,05006KT,15,13
2026-01-15 18:25:00.000,2026,1,15,18,08007KT,17,11
2026-01-15 19:00:00.000,2026,1,15,19,06007KT,18,12
2026-01-15 20:00:00.000,2026,1,15,20,07004KT,18,12
2026-01-15 21:00:00.000,2026,1,15,21,17011KT,16,12
2026-01-15 21:16:00.000,2026,1,15,21,12006KT,18,12
2026-01-15 22:00:00.000,2026,1,15,22,13007KT,17,11
2026-01-15 23:00:00.000,2026,1,15,23,13006KT,16,11
2026-01-16 00:00:00.000,2026,1,16,0,11006KT,16,10
2026-01-16 01:00:00.000,2026,1,16,1,05005KT,13,11
2026-01-16 02:00:00.000,2026,1,16,2,03006KT,12,10
2026-01-16 03:00:00.000,2026,1,16,3,06003KT,10,10
2026-01-16 04:00:00.000,2026,1,16,4,05003KT,11,10
2026-01-16 05:00:00.000,2026,1,16,5,VRB01KT,10,10
2026-01-16 06:00:00.000,2026,1,16,6,VRB02KT,10,10
2026-01-16 07:00:00.000,2026,1,16,7,03007KT,11,11
2026-01-16 08:00:00.000,2026,1,16,8,06003KT,12,11
2026-01-16 09:00:00.000,2026,1,16,9,03002KT,11,11
2026-01-16 10:00:00.000,2026,1,16,10,03004KT,10,10
2026-01-16 10:30:00.000,2026,1,16,10,05002KT,09,09
2026-01-16 11:00:00.000,2026,1,16,11,05004KT,09,09
2026-01-16 12:00:00.000,2026,1,16,12,VRB02KT,11,11
2026-01-16 13:00:00.000,2026,1,16,13,07003KT,13,12
2026-01-16 14:00:00.000,2026,1,16,14,04004KT,15,12
2026-01-16 15:00:00.000,2026,1,16,15,VRB03KT,17,10
2026-01-16 16:00:00.000,2026,1,16,16,05005KT,17,11
2026-01-16 17:00:00.000,2026,1,16,17,07007KT,18,11
2026-01-16 18:00:00.000,2026,1,16,18,08006KT,18,10
2026-01-16 19:00:00.000,2026,1,16,19,13007KT,19,10
2026-01-16 20:00:00.000,2026,1,16,20,VRB03KT,19,10
2026-01-16 21:00:00.000,2026,1,16,21,06005KT,19,10
2026-01-16 22:00:00.000,2026,1,16,22,19007KT,17,11
2026-01-16 23:00:00.000,2026,1,16,23,26005KT,16,12
2026-01-17 00:00:00.000,2026,1,17,0,32005KT,15,13
2026-01-17 01:00:00.000,2026,1,17,1,VRB02KT,13,13
2026-01-17 02:00:00.000,2026,1,17,2,36001KT,13,13
2026-01-17 03:00:00.000,2026,1,17,3,04003KT,12,12
2026-01-17 04:00:00.000,2026,1,17,4,06002KT,13,11
2026-01-17 05:00:00.000,2026,1,17,5,02004KT,12,11
2026-01-17 06:00:00.000,2026,1,17,6,05004KT,11,10
2026-01-17 07:00:00.000,2026,1,17,7,05005KT,12,11
2026-01-17 08:00:00.000,2026,1,17,8,05004KT,12,11
2026-01-17 09:00:00.000,2026,1,17,9,03005KT,12,11
2026-01-17 10:00:00.000,2026,1,17,10,07004KT,13,11
2026-01-17 11:00:00.000,2026,1,17,11,10003KT,14,10
2026-01-17 12:00:00.000,2026,1,17,12,07005KT,14,10
2026-01-17 13:00:00.000,2026,1,17,13,05006KT,14,11
2026-01-17 14:00:00.000,2026,1,17,14,06007KT,15,11
2026-01-17 15:00:00.000,2026,1,17,15,12010KT,18,07
2026-01-17 16:00:00.000,2026,1,17,16,14015G25KT,19,08
2026-01-17 17:00:00.000,2026,1,17,17,14012G25KT,20,08
2026-01-17 18:00:00.000,2026,1,17,18,14014KT,20,08
2026-01-17 19:00:00.000,2026,1,17,19,13015KT,20,08
2026-01-17 20:00:00.000,2026,1,17,20,13012G22KT,20,07
2026-01-17 21:00:00.000,2026,1,17,21,14013KT,20,08
2026-01-17 22:00:00.000,2026,1,17,22,12009KT,19,08
2026-01-17 23:00:00.000,2026,1,17,23,11008KT,18,08
2026-01-18 00:00:00.000,2026,1,18,0,11007KT,17,09
2026-01-18 01:00:00.000,2026,1,18,1,09004KT,15,09
2026-01-18 02:00:00.000,2026,1,18,2,08004KT,15,09
2026-01-18 03:00:00.000,2026,1,18,3,04004KT,12,10
2026-01-18 04:00:00.000,2026,1,18,4,06004KT,11,10
2026-01-18 05:00:00.000,2026,1,18,5,01003KT,12,11
2026-01-18 06:00:00.000,2026,1,18,6,VRB02KT,13,11
2026-01-18 07:00:00.000,2026,1,18,7,VRB02KT,13,11
2026-01-18 08:00:00.000,2026,1,18,8,VRB02KT,13,11
2026-01-18 09:00:00.000,2026,1,18,9,06004KT,13,11
2026-01-18 10:00:00.000,2026,1,18,10,10004KT,14,10
2026-01-18 10:30:00.000,2026,1,18,10,10006KT,14,09
2026-01-18 11:00:00.000,2026,1,18,11,09004KT,14,09
2026-01-18 12:00:00.000,2026,1,18,12,07007KT,13,10
2026-01-18 13:00:00.000,2026,1,18,13,06005KT,15,11
2026-01-18 14:00:00.000,2026,1,18,14,13009KT,16,09
2026-01-18 15:00:00.000,2026,1,18,15,10006KT,17,09
2026-01-18 16:00:00.000,2026,1,18,16,10008KT,18,08
2026-01-18 17:00:00.000,2026,1,18,17,11007KT,19,08
2026-01-18 18:00:00.000,2026,1,18,18,13010KT,19,09
2026-01-18 19:00:00.000,2026,1,18,19,12006KT,19,09
2026-01-18 20:00:00.000,2026,1,18,20,07005KT,20,08
2026-01-18 21:00:00.000,2026,1,18,21,11007KT,19,08
2026-01-18 22:00:00.000,2026,1,18,22,10004KT,19,07
2026-01-18 23:00:00.000,2026,1,18,23,07005KT,17,08
2026-01-19 00:00:00.000,2026,1,19,0,12004KT,16,09
2026-01-19 01:00:00.000,2026,1,19,1,19005KT,16,09
2026-01-19 02:00:00.000,2026,1,19,2,02003KT,12,10
2026-01-19 03:00:00.000,2026,1,19,3,05005KT,11,09
2026-01-19 04:00:00.000,2026,1,19,4,05003KT,10,10
2026-01-19 05:00:00.000,2026,1,19,5,VRB02KT,10,10
2026-01-19 06:00:00.000,2026,1,19,6,03004KT,09,09
2026-01-19 07:00:00.000,2026,1,19,7,03003KT,08,08
2026-01-19 08:00:00.000,2026,1,19,8,VRB02KT,09,09
2026-01-19 09:00:00.000,2026,1,19,9,02003KT,08,08
2026-01-19 09:23:00.000,2026,1,19,9,36003KT,07,07
2026-01-19 09:41:00.000,2026,1,19,9,36002KT,06,06
2026-01-19 10:00:00.000,2026,1,19,10,34003KT,06,06
2026-01-19 10:29:00.000,2026,1,19,10,VRB02KT,07,07
2026-01-19 11:00:00.000,2026,1,19,11,35003KT,04,04
2026-01-19 11:11:00.000,2026,1,19,11,01005KT,05,05
2026-01-19 11:29:00.000,2026,1,19,11,01004KT,06,06
2026-01-19 12:00:00.000,2026,1,19,12,02004KT,07,07
2026-01-19 12:38:00.000,2026,1,19,12,VRB02KT,08,08
2026-01-19 13:00:00.000,2026,1,19,13,VRB02KT,08,08
2026-01-19 13:15:00.000,2026,1,19,13,VRB01KT,10,10
2026-01-19 14:00:00.000,2026,1,19,14,03003KT,11,11
2026-01-19 14:40:00.000,2026,1,19,14,VRB03KT,15,10
2026-01-19 15:00:00.000,2026,1,19,15,VRB03KT,16,10
2026-01-19 16:00:00.000,2026,1,19,16,VRB04KT,19,10
2026-01-19 17:00:00.000,2026,1,19,17,VRB04KT,19,09
2026-01-19 18:00:00.000,2026,1,19,18,16008KT,20,08
2026-01-19 19:00:00.000,2026,1,19,19,24010KT,20,11
2026-01-19 20:00:00.000,2026,1,19,20,25011KT,18,12
2026-01-19 21:00:00.000,2026,1,19,21,26007KT,18,12
2026-01-19 21:08:00.000,2026,1,19,21,31011KT,17,12
2026-01-19 22:00:00.000,2026,1,19,22,29006KT,17,12
2026-01-19 23:00:00.000,2026,1,19,23,29004KT,16,11
2026-01-20 00:00:00.000,2026,1,20,0,VRB02KT,14,12
2026-01-20 01:00:00.000,2026,1,20,1,VRB02KT,13,12
2026-01-20 02:00:00.000,2026,1,20,2,27003KT,14,12
2026-01-20 03:00:00.000,2026,1,20,3,VRB02KT,12,11
2026-01-20 04:00:00.000,2026,1,20,4,34004KT,11,11
2026-01-20 05:00:00.000,2026,1,20,5,VRB02KT,11,11
2026-01-20 06:00:00.000,2026,1,20,6,VRB01KT,12,12
2026-01-20 07:00:00.000,2026,1,20,7,VRB01KT,11,11
2026-01-20 08:00:00.000,2026,1,20,8,33003KT,11,11
2026-01-20 09:00:00.000,2026,1,20,9,30003KT,11,11
2026-01-20 10:00:00.000,2026,1,20,10,34001KT,11,11
2026-01-20 10:31:00.000,2026,1,20,10,36002KT,10,10
2026-01-20 11:00:00.000,2026,1,20,11,VRB01KT,10,10
2026-01-20 12:00:00.000,2026,1,20,12,04002KT,09,09
2026-01-20 12:19:00.000,2026,1,20,12,VRB02KT,12,12
2026-01-20 13:00:00.000,2026,1,20,13,VRB02KT,14,12
2026-01-20 13:43:00.000,2026,1,20,13,03004KT,16,12
2026-01-20 14:00:00.000,2026,1,20,14,03004KT,16,12
2026-01-20 14:33:00.000,2026,1,20,14,02003KT,18,10
2026-01-20 15:00:00.000,2026,1,20,15,VRB03KT,18,10
2026-01-20 15:33:00.000,2026,1,20,15,VRB04KT,20,11
2026-01-20 16:00:00.000,2026,1,20,16,VRB04KT,20,11
2026-01-20 17:00:00.000,2026,1,20,17,VRB04KT,21,09
2026-01-20 17:12:00.000,2026,1,20,17,25011KT,20,11
2026-01-20 18:00:00.000,2026,1,20,18,28009KT,19,11
2026-01-20 19:00:00.000,2026,1,20,19,30012KT,19,11
2026-01-20 20:00:00.000,2026,1,20,20,26010KT,19,12
2026-01-20 21:00:00.000,2026,1,20,21,23010KT,19,11
2026-01-20 21:10:00.000,2026,1,20,21,21008KT,18,11
2026-01-20 22:00:00.000,2026,1,20,22,24006G16KT,18,11
2026-01-20 23:00:00.000,2026,1,20,23,24007KT,17,12
2026-01-21 00:00:00.000,2026,1,21,0,26006KT,16,12
2026-01-21 01:00:00.000,2026,1,21,1,33005KT,15,13
2026-01-21 02:00:00.000,2026,1,21,2,30004KT,15,14
2026-01-21 03:00:00.000,2026,1,21,3,27003KT,14,14
2026-01-21 04:00:00.000,2026,1,21,4,25004KT,15,14
2026-01-21 05:00:00.000,2026,1,21,5,VRB02KT,13,12
2026-01-21 06:00:00.000,2026,1,21,6,33003KT,13,12
2026-01-21 07:00:00.000,2026,1,21,7,VRB01KT,12,12
2026-01-21 08:00:00.000,2026,1,21,8,04003KT,10,10
2026-01-21 09:00:00.000,2026,1,21,9,VRB02KT,10,10
2026-01-21 09:31:00.000,2026,1,21,9,34001KT,09,09
2026-01-21 10:00:00.000,2026,1,21,10,VRB02KT,10,10
2026-01-21 10:29:00.000,2026,1,21,10,30004KT,09,09
2026-01-21 11:00:00.000,2026,1,21,11,31003KT,09,09
2026-01-21 12:00:00.000,2026,1,21,12,04003KT,10,10
2026-01-21 12:31:00.000,2026,1,21,12,VRB01KT,13,13
2026-01-21 13:00:00.000,2026,1,21,13,VRB02KT,14,12
2026-01-21 14:00:00.000,2026,1,21,14,VRB02KT,15,13
2026-01-21 14:17:00.000,2026,1,21,14,VRB02KT,17,12
2026-01-21 15:00:00.000,2026,1,21,15,VRB02KT,18,12
2026-01-21 16:00:00.000,2026,1,21,16,29004KT,19,12
2026-01-21 17:00:00.000,2026,1,21,17,26007KT,20,10
2026-01-21 18:00:00.000,2026,1,21,18,21004KT,21,09
2026-01-21 19:00:00.000,2026,1,21,19,28013KT,21,12
2026-01-21 20:00:00.000,2026,1,21,20,27010KT,20,12
2026-01-21 21:00:00.000,2026,1,21,21,27011KT,19,12
2026-01-21 22:00:00.000,2026,1,21,22,24009KT,19,12
2026-01-21 23:00:00.000,2026,1,21,23,26008KT,17,12
2026-01-22 00:00:00.000,2026,1,22,0,27004KT,16,14
2026-01-22 01:00:00.000,2026,1,22,1,30004KT,15,14
2026-01-22 02:00:00.000,2026,1,22,2,26006KT,15,14
2026-01-22 03:00:00.000,2026,1,22,3,28005KT,15,14
2026-01-22 04:00:00.000,2026,1,22,4,VRB03KT,14,14
2026-01-22 05:00:00.000,2026,1,22,5,VRB04KT,14,14
2026-01-22 06:00:00.000,2026,1,22,6,27003KT,14,14
2026-01-22 07:00:00.000,2026,1,22,7,VRB02KT,13,13
2026-01-22 08:00:00.000,2026,1,22,8,VRB02KT,13,13
2026-01-22 09:00:00.000,2026,1,22,9,VRB02KT,13,13
2026-01-22 10:00:00.000,2026,1,22,10,36003KT,12,12
2026-01-22 10:36:00.000,2026,1,22,10,33002KT,12,12
2026-01-22 11:00:00.000,2026,1,22,11,VRB02KT,12,12
2026-01-22 12:00:00.000,2026,1,22,12,VRB02KT,12,12
2026-01-22 12:35:00.000,2026,1,22,12,VRB02KT,14,14
2026-01-22 13:00:00.000,2026,1,22,13,VRB02KT,14,14
2026-01-22 13:38:00.000,2026,1,22,13,04003KT,16,13
2026-01-22 14:00:00.000,2026,1,22,14,03004KT,16,13
2026-01-22 15:00:00.000,2026,1,22,15,VRB02KT,18,12
2026-01-22 16:00:00.000,2026,1,22,16,31003KT,19,11
2026-01-22 17:00:00.000,2026,1,22,17,30012KT,20,11
2026-01-22 18:00:00.000,2026,1,22,18,25013KT,18,14
2026-01-22 19:00:00.000,2026,1,22,19,29013KT,18,13
2026-01-22 20:00:00.000,2026,1,22,20,25009KT,17,13
2026-01-22 21:00:00.000,2026,1,22,21,24008KT,18,13
2026-01-22 22:00:00.000,2026,1,22,22,28008KT,18,12
2026-01-22 23:00:00.000,2026,1,22,23,31011KT,16,12
2026-01-23 00:00:00.000,2026,1,23,0,30004KT,15,12
2026-01-23 01:00:00.000,2026,1,23,1,30009KT,14,12
2026-01-23 02:00:00.000,2026,1,23,2,19004KT,14,13
2026-01-23 03:00:00.000,2026,1,23,3,24004KT,14,13
2026-01-23 04:00:00.000,2026,1,23,4,23004KT,14,13
2026-01-23 05:00:00.000,2026,1,23,5,VRB02KT,10,10
2026-01-23 06:00:00.000,2026,1,23,6,29003KT,12,12
2026-01-23 06:34:00.000,2026,1,23,6,VRB01KT,11,11
2026-01-23 07:00:00.000,2026,1,23,7,VRB02KT,11,11
2026-01-23 07:19:00.000,2026,1,23,7,VRB02KT,09,09
2026-01-23 07:36:00.000,2026,1,23,7,VRB01KT,10,10
2026-01-23 08:00:00.000,2026,1,23,8,VRB01KT,10,10
2026-01-23 09:00:00.000,2026,1,23,9,00000KT,09,09
2026-01-23 10:00:00.000,2026,1,23,10,VRB02KT,07,07
2026-01-23 10:30:00.000,2026,1,23,10,VRB01KT,09,09
2026-01-23 11:00:00.000,2026,1,23,11,VRB02KT,08,08
2026-01-23 11:40:00.000,2026,1,23,11,VRB02KT,09,09
2026-01-23 12:00:00.000,2026,1,23,12,VRB02KT,09,09
2026-01-23 13:00:00.000,2026,1,23,13,03004KT,12,12
2026-01-23 14:00:00.000,2026,1,23,14,06004KT,14,12
2026-01-23 15:00:00.000,2026,1,23,15,05005KT,17,11
2026-01-23 16:00:00.000,2026,1,23,16,VRB05KT,19,10
2026-01-23 17:00:00.000,2026,1,23,17,31004KT,20,10
2026-01-23 18:00:00.000,2026,1,23,18,29011KT,21,11
2026-01-23 19:00:00.000,2026,1,23,19,28012KT,20,11
2026-01-23 20:00:00.000,2026,1,23,20,28012KT,20,11
2026-01-23 21:00:00.000,2026,1,23,21,27011G21KT,19,11
2026-01-23 22:00:00.000,2026,1,23,22,27010KT,18,11
2026-01-23 23:00:00.000,2026,1,23,23,28010KT,16,12
2026-01-24 00:00:00.000,2026,1,24,0,31005KT,14,13
2026-01-24 01:00:00.000,2026,1,24,1,VRB02KT,13,12
2026-01-24 01:36:00.000,2026,1,24,1,34003KT,13,12
2026-01-24 02:00:00.000,2026,1,24,2,34003KT,13,12
2026-01-24 02:13:00.000,2026,1,24,2,35003KT,,
2026-01-24 02:15:00.000,2026,1,24,2,35003KT,13,13
2026-01-24 02:20:00.000,2026,1,24,2,35003KT,13,13
2026-01-24 03:00:00.000,2026,1,24,3,VRB02KT,13,13
2026-01-24 04:00:00.000,2026,1,24,4,35003KT,13,12
2026-01-24 05:00:00.000,2026,1,24,5,02002KT,12,12
2026-01-24 06:00:00.000,2026,1,24,6,36002KT,12,12
2026-01-24 07:00:00.000,2026,1,24,7,27003KT,12,12
2026-01-24 08:00:00.000,2026,1,24,8,VRB02KT,11,11
2026-01-24 09:00:00.000,2026,1,24,9,28004KT,12,12
2026-01-24 10:00:00.000,2026,1,24,10,VRB01KT,12,12
2026-01-24 10:34:00.000,2026,1,24,10,VRB02KT,11,11
2026-01-24 11:00:00.000,2026,1,24,11,03004KT,11,11
2026-01-24 12:00:00.000,2026,1,24,12,VRB02KT,11,11
2026-01-24 13:00:00.000,2026,1,24,13,03004KT,13,12
2026-01-24 14:00:00.000,2026,1,24,14,03005KT,14,11
2026-01-24 15:00:00.000,2026,1,24,15,05003KT,16,11
2026-01-24 16:00:00.000,2026,1,24,16,VRB02KT,17,11
2026-01-24 17:00:00.000,2026,1,24,17,18009KT,16,12
2026-01-24 18:00:00.000,2026,1,24,18,22005KT,17,11
2026-01-24 19:00:00.000,2026,1,24,19,28004KT,19,11
2026-01-24 20:00:00.000,2026,1,24,20,VRB05KT,20,12
2026-01-24 21:00:00.000,2026,1,24,21,26009KT,18,13
2026-01-24 22:00:00.000,2026,1,24,22,29009KT,17,13
2026-01-24 23:00:00.000,2026,1,24,23,27008KT,16,13
2026-01-25 00:00:00.000,2026,1,25,0,24005KT,15,13
2026-01-25 01:00:00.000,2026,1,25,1,29005KT,14,13
2026-01-25 02:00:00.000,2026,1,25,2,22004KT,14,13
2026-01-25 03:00:00.000,2026,1,25,3,25005KT,14,13
2026-01-25 04:00:00.000,2026,1,25,4,32003KT,14,13
2026-01-25 05:00:00.000,2026,1,25,5,33004KT,13,13
2026-01-25 06:00:00.000,2026,1,25,6,30003KT,13,13
2026-01-25 07:00:00.000,2026,1,25,7,32003KT,13,13
2026-01-25 08:00:00.000,2026,1,25,8,VRB02KT,13,13
2026-01-25 09:00:00.000,2026,1,25,9,31004KT,13,13
2026-01-25 10:00:00.000,2026,1,25,10,31006KT,13,13
2026-01-25 10:32:00.000,2026,1,25,10,32004KT,12,12
2026-01-25 11:00:00.000,2026,1,25,11,VRB02KT,12,12
2026-01-25 12:00:00.000,2026,1,25,12,34003KT,12,12
2026-01-25 13:00:00.000,2026,1,25,13,VRB02KT,13,13
2026-01-25 14:00:00.000,2026,1,25,14,VRB02KT,14,13
2026-01-25 15:00:00.000,2026,1,25,15,12003KT,17,13
2026-01-25 16:00:00.000,2026,1,25,16,04003KT,18,11
2026-01-25 17:00:00.000,2026,1,25,17,25009KT,17,13
2026-01-25 17:30:00.000,2026,1,25,17,VRB05KT,19,13
2026-01-25 18:00:00.000,2026,1,25,18,25005KT,19,12
2026-01-25 19:00:00.000,2026,1,25,19,24010KT,18,13
2026-01-25 19:33:00.000,2026,1,25,19,27010KT,19,13
2026-01-25 20:00:00.000,2026,1,25,20,27007KT,18,13
2026-01-25 20:13:00.000,2026,1,25,20,01006KT,16,14
2026-01-25 20:31:00.000,2026,1,25,20,04006KT,14,14
2026-01-25 21:00:00.000,2026,1,25,21,03003KT,15,15
2026-01-25 21:10:00.000,2026,1,25,21,15007KT,15,15
2026-01-25 21:31:00.000,2026,1,25,21,19008KT,13,13
2026-01-25 22:00:00.000,2026,1,25,22,20006KT,14,14
2026-01-25 22:38:00.000,2026,1,25,22,18005KT,14,13
2026-01-25 23:00:00.000,2026,1,25,23,18005KT,15,12
2026-01-26 00:00:00.000,2026,1,26,0,VRB02KT,13,13
2026-01-26 01:00:00.000,2026,1,26,1,36003KT,13,13
2026-01-26 02:00:00.000,2026,1,26,2,04003KT,12,12
2026-01-26 03:00:00.000,2026,1,26,3,02003KT,12,12
2026-01-26 04:00:00.000,2026,1,26,4,02002KT,13,13
2026-01-26 05:00:00.000,2026,1,26,5,VRB02KT,13,13
2026-01-26 06:00:00.000,2026,1,26,6,04002KT,13,13
2026-01-26 07:00:00.000,2026,1,26,7,32002KT,13,13
2026-01-26 08:00:00.000,2026,1,26,8,VRB02KT,13,13
2026-01-26 09:00:00.000,2026,1,26,9,VRB02KT,13,13
2026-01-26 10:00:00.000,2026,1,26,10,35002KT,12,12
2026-01-26 11:00:00.000,2026,1,26,11,01002KT,12,12
2026-01-26 12:00:00.000,2026,1,26,12,34002KT,12,12
2026-01-26 13:00:00.000,2026,1,26,13,VRB01KT,14,14
2026-01-26 14:00:00.000,2026,1,26,14,VRB02KT,16,13
2026-01-26 15:00:00.000,2026,1,26,15,34003KT,16,13
2026-01-26 16:00:00.000,2026,1,26,16,36003KT,17,13
2026-01-26 17:00:00.000,2026,1,26,17,34004KT,18,12
2026-01-26 17:43:00.000,2026,1,26,17,22009KT,17,13
2026-01-26 18:00:00.000,2026,1,26,18,22009KT,16,13
2026-01-26 18:20:00.000,2026,1,26,18,21005KT,14,14
2026-01-26 19:00:00.000,2026,1,26,19,27006KT,15,14
2026-01-26 19:18:00.000,2026,1,26,19,28007KT,16,14
2026-01-26 20:00:00.000,2026,1,26,20,32007KT,15,15
2026-01-26 21:00:00.000,2026,1,26,21,35008KT,16,15
2026-01-26 21:09:00.000,2026,1,26,21,34006KT,15,14
2026-01-26 21:21:00.000,2026,1,26,21,34007KT,15,14
2026-01-26 22:00:00.000,2026,1,26,22,34006KT,14,14
2026-01-26 22:04:00.000,2026,1,26,22,34003KT,14,14
2026-01-26 22:30:00.000,2026,1,26,22,VRB02KT,14,13
2026-01-26 23:00:00.000,2026,1,26,23,01002KT,14,13
2026-01-27 00:00:00.000,2026,1,27,0,31004KT,15,13
2026-01-27 01:00:00.000,2026,1,27,1,VRB01KT,14,13
2026-01-27 02:00:00.000,2026,1,27,2,34003KT,13,13
2026-01-27 03:00:00.000,2026,1,27,3,VRB01KT,13,13
2026-01-27 04:00:00.000,2026,1,27,4,01003KT,12,12
2026-01-27 05:00:00.000,2026,1,27,5,34003KT,11,11
2026-01-27 06:00:00.000,2026,1,27,6,33002KT,11,11
2026-01-27 07:00:00.000,2026,1,27,7,VRB01KT,11,11
2026-01-27 08:00:00.000,2026,1,27,8,29004KT,10,10
2026-01-27 09:00:00.000,2026,1,27,9,30004KT,11,11
2026-01-27 10:00:00.000,2026,1,27,10,VRB02KT,11,11
2026-01-27 10:33:00.000,2026,1,27,10,33002KT,11,11
2026-01-27 11:00:00.000,2026,1,27,11,VRB01KT,11,11
2026-01-27 11:13:00.000,2026,1,27,11,VRB02KT,09,09
2026-01-27 12:00:00.000,2026,1,27,12,33004KT,11,11
2026-01-27 13:00:00.000,2026,1,27,13,VRB02KT,12,12
2026-01-27 14:00:00.000,2026,1,27,14,VRB02KT,15,14
2026-01-27 15:00:00.000,2026,1,27,15,VRB02KT,16,13
2026-01-27 16:00:00.000,2026,1,27,16,VRB02KT,19,11
2026-01-27 17:00:00.000,2026,1,27,17,VRB04KT,19,11
2026-01-27 18:00:00.000,2026,1,27,18,29011KT,18,12
2026-01-27 18:14:00.000,2026,1,27,18,30011KT,17,12
2026-01-27 19:00:00.000,2026,1,27,19,30009KT,17,13
2026-01-27 19:21:00.000,2026,1,27,19,29009KT,18,13
2026-01-27 20:00:00.000,2026,1,27,20,31007KT,18,13
2026-01-27 20:12:00.000,2026,1,27,20,11006KT,16,13
2026-01-27 20:19:00.000,2026,1,27,20,15013KT,14,14
2026-01-27 20:29:00.000,2026,1,27,20,16018G29KT,13,13
2026-01-27 20:44:00.000,2026,1,27,20,14005KT,11,11
2026-01-27 21:00:00.000,2026,1,27,21,12003KT,11,11
2026-01-27 21:16:00.000,2026,1,27,21,VRB03KT,12,12
2026-01-27 21:31:00.000,2026,1,27,21,VRB01KT,12,12
2026-01-27 22:00:00.000,2026,1,27,22,02001KT,12,12
2026-01-27 22:27:00.000,2026,1,27,22,VRB02KT,13,13
2026-01-27 23:00:00.000,2026,1,27,23,VRB02KT,14,14
2026-01-28 00:00:00.000,2026,1,28,0,31003KT,14,14
2026-01-28 01:00:00.000,2026,1,28,1,29005KT,14,14
2026-01-28 01:21:00.000,2026,1,28,1,02005KT,13,13
2026-01-28 02:00:00.000,2026,1,28,2,VRB01KT,12,12
2026-01-28 03:00:00.000,2026,1,28,3,VRB02KT,12,12
2026-01-28 04:00:00.000,2026,1,28,4,03002KT,12,12
2026-01-28 05:00:00.000,2026,1,28,5,03002KT,12,12
2026-01-28 06:00:00.000,2026,1,28,6,33003KT,12,12
2026-01-28 07:00:00.000,2026,1,28,7,VRB02KT,12,12
2026-01-28 08:00:00.000,2026,1,28,8,36001KT,11,11
2026-01-28 09:00:00.000,2026,1,28,9,33002KT,12,12
2026-01-28 10:00:00.000,2026,1,28,10,VRB02KT,12,12
2026-01-28 10:35:00.000,2026,1,28,10,35002KT,11,11
2026-01-28 11:00:00.000,2026,1,28,11,35002KT,11,11
2026-01-28 11:16:00.000,2026,1,28,11,34002KT,12,12
2026-01-28 12:00:00.000,2026,1,28,12,01001KT,12,12
2026-01-28 12:29:00.000,2026,1,28,12,01002KT,12,12
2026-01-28 12:42:00.000,2026,1,28,12,02002KT,12,12
2026-01-28 13:00:00.000,2026,1,28,13,03003KT,12,12
2026-01-28 13:22:00.000,2026,1,28,13,02004KT,14,14
2026-01-28 13:40:00.000,2026,1,28,13,04004KT,14,14
2026-01-28 14:00:00.000,2026,1,28,14,03004KT,14,14
2026-01-28 14:09:00.000,2026,1,28,14,VRB02KT,15,14
2026-01-28 15:00:00.000,2026,1,28,15,05004KT,16,14
2026-01-28 16:00:00.000,2026,1,28,16,34006KT,17,14
2026-01-28 17:00:00.000,2026,1,28,17,08004KT,19,13
2026-01-28 18:00:00.000,2026,1,28,18,29007KT,20,12
2026-01-28 18:13:00.000,2026,1,28,18,23011KT,18,15
2026-01-28 19:00:00.000,2026,1,28,19,22009KT,16,14
2026-01-28 19:20:00.000,2026,1,28,19,22008KT,16,14
2026-01-28 19:31:00.000,2026,1,28,19,19005KT,15,14
2026-01-28 20:00:00.000,2026,1,28,20,22004KT,15,15
2026-01-28 20:15:00.000,2026,1,28,20,03005KT,16,15
2026-01-28 20:30:00.000,2026,1,28,20,35005KT,15,15
2026-01-28 21:00:00.000,2026,1,28,21,VRB03KT,14,14
2026-01-28 21:16:00.000,2026,1,28,21,VRB02KT,14,14
2026-01-28 21:41:00.000,2026,1,28,21,VRB01KT,14,14
2026-01-28 22:00:00.000,2026,1,28,22,VRB01KT,14,14
2026-01-28 22:10:00.000,2026,1,28,22,VRB02KT,15,15
2026-01-28 23:00:00.000,2026,1,28,23,VRB04KT,16,15
2026-01-29 00:00:00.000,2026,1,29,0,24003KT,15,14
2026-01-29 01:00:00.000,2026,1,29,1,VRB02KT,13,13
2026-01-29 01:11:00.000,2026,1,29,1,VRB02KT,15,14
2026-01-29 02:00:00.000,2026,1,29,2,23004KT,14,14
2026-01-29 03:00:00.000,2026,1,29,3,33004KT,13,13
2026-01-29 04:00:00.000,2026,1,29,4,33003KT,12,12
2026-01-29 05:00:00.000,2026,1,29,5,VRB02KT,13,13
2026-01-29 06:00:00.000,2026,1,29,6,28004KT,12,12
2026-01-29 06:19:00.000,2026,1,29,6,VRB02KT,12,12
2026-01-29 07:00:00.000,2026,1,29,7,VRB02KT,12,12
2026-01-29 08:00:00.000,2026,1,29,8,VRB01KT,12,12
2026-01-29 08:15:00.000,2026,1,29,8,VRB01KT,12,12
2026-01-29 09:00:00.000,2026,1,29,9,VRB02KT,12,12
2026-01-29 09:17:00.000,2026,1,29,9,04004KT,10,10
2026-01-29 09:33:00.000,2026,1,29,9,04005KT,11,11
2026-01-29 09:45:00.000,2026,1,29,9,05005KT,10,10
2026-01-29 10:00:00.000,2026,1,29,10,05005KT,11,11
2026-01-29 10:12:00.000,2026,1,29,10,04005KT,11,11
2026-01-29 10:22:00.000,2026,1,29,10,05004KT,11,11
2026-01-29 10:31:00.000,2026,1,29,10,06004KT,11,11
2026-01-29 10:45:00.000,2026,1,29,10,06004KT,11,11
2026-01-29 11:00:00.000,2026,1,29,11,05004KT,11,11
2026-01-29 11:10:00.000,2026,1,29,11,15004KT,12,12
2026-01-29 11:23:00.000,2026,1,29,11,13003KT,12,12
2026-01-29 12:00:00.000,2026,1,29,12,VRB02KT,12,12
2026-01-29 13:00:00.000,2026,1,29,13,03005KT,14,14
2026-01-29 14:00:00.000,2026,1,29,14,04006KT,16,13
2026-01-29 15:00:00.000,2026,1,29,15,02004KT,17,12
2026-01-29 16:00:00.000,2026,1,29,16,02004KT,18,12
2026-01-29 17:00:00.000,2026,1,29,17,10007KT,20,12
2026-01-29 18:00:00.000,2026,1,29,18,15005KT,19,11
2026-01-29 18:27:00.000,2026,1,29,18,20008KT,19,13
2026-01-29 19:00:00.000,2026,1,29,19,21007KT,18,12
2026-01-29 20:00:00.000,2026,1,29,20,29007KT,15,15
2026-01-29 20:24:00.000,2026,1,29,20,31005KT,17,15
2026-01-29 21:00:00.000,2026,1,29,21,30007KT,18,15
2026-01-29 22:00:00.000,2026,1,29,22,27007KT,17,15
2026-01-29 23:00:00.000,2026,1,29,23,23010KT,15,14
2026-01-29 23:10:00.000,2026,1,29,23,24007KT,15,14
2026-01-30 00:00:00.000,2026,1,30,0,27005KT,15,15
2026-01-30 00:06:00.000,2026,1,30,0,VRB02KT,14,14
2026-01-30 00:24:00.000,2026,1,30,0,34003KT,14,14
2026-01-30 01:00:00.000,2026,1,30,1,31006KT,14,14
2026-01-30 02:00:00.000,2026,1,30,2,05004KT,14,14
2026-01-30 03:00:00.000,2026,1,30,3,03004KT,13,13
2026-01-30 04:00:00.000,2026,1,30,4,VRB02KT,14,14
2026-01-30 05:00:00.000,2026,1,30,5,30004KT,14,14
2026-01-30 06:00:00.000,2026,1,30,6,VRB03KT,14,13
2026-01-30 07:00:00.000,2026,1,30,7,VRB02KT,14,13
2026-01-30 08:00:00.000,2026,1,30,8,03004KT,13,13
2026-01-30 09:00:00.000,2026,1,30,9,VRB02KT,13,13
2026-01-30 10:00:00.000,2026,1,30,10,VRB02KT,13,13
2026-01-30 10:31:00.000,2026,1,30,10,01002KT,13,13
2026-01-30 11:00:00.000,2026,1,30,11,VRB02KT,12,12
2026-01-30 12:00:00.000,2026,1,30,12,04003KT,13,13
2026-01-30 13:00:00.000,2026,1,30,13,04006KT,14,13
2026-01-30 13:39:00.000,2026,1,30,13,VRB04KT,17,12
2026-01-30 14:00:00.000,2026,1,30,14,09006KT,16,11
2026-01-30 15:00:00.000,2026,1,30,15,17008G18KT,18,10
2026-01-30 16:00:00.000,2026,1,30,16,17010KT,18,09
2026-01-30 17:00:00.000,2026,1,30,17,15010KT,20,10
2026-01-30 18:00:00.000,2026,1,30,18,16011KT,19,10
2026-01-30 19:00:00.000,2026,1,30,19,18009KT,19,09
2026-01-30 20:00:00.000,2026,1,30,20,16008KT,19,09
2026-01-30 21:00:00.000,2026,1,30,21,VRB05KT,19,10
2026-01-30 21:07:00.000,2026,1,30,21,14006KT,17,11
2026-01-30 22:00:00.000,2026,1,30,22,34005KT,17,12
2026-01-30 23:00:00.000,2026,1,30,23,32005KT,15,14
2026-01-31 00:00:00.000,2026,1,31,0,31004KT,15,14
2026-01-31 01:00:00.000,2026,1,31,1,27004KT,14,14
2026-01-31 02:00:00.000,2026,1,31,2,30004KT,14,14
2026-01-31 03:00:00.000,2026,1,31,3,34002KT,13,13
2026-01-31 04:00:00.000,2026,1,31,4,04004KT,14,13
2026-01-31 05:00:00.000,2026,1,31,5,03005KT,12,12
2026-01-31 06:00:00.000,2026,1,31,6,04004KT,12,12
2026-01-31 07:00:00.000,2026,1,31,7,08003KT,12,12
2026-01-31 08:00:00.000,2026,1,31,8,05006KT,12,12
2026-01-31 09:00:00.000,2026,1,31,9,07006KT,12,12
2026-01-31 10:00:00.000,2026,1,31,10,05004KT,13,12
2026-01-31 10:30:00.000,2026,1,31,10,02003KT,11,11
2026-01-31 11:00:00.000,2026,1,31,11,02003KT,11,11
2026-01-31 12:00:00.000,2026,1,31,12,VRB02KT,12,12
2026-01-31 13:00:00.000,2026,1,31,13,06004KT,14,13
2026-01-31 14:00:00.000,2026,1,31,14,VRB01KT,16,12
2026-01-31 15:00:00.000,2026,1,31,15,VRB02KT,17,12
2026-01-31 16:00:00.000,2026,1,31,16,04008KT,16,12
2026-01-31 17:00:00.000,2026,1,31,17,07005KT,17,12
2026-01-31 18:00:00.000,2026,1,31,18,07005KT,19,12
2026-01-31 19:00:00.000,2026,1,31,19,VRB02KT,19,11
2026-01-31 20:00:00.000,2026,1,31,20,26008KT,17,14
2026-01-31 21:00:00.000,2026,1,31,21,30006KT,18,14
2026-01-31 22:00:00.000,2026,1,31,22,30007KT,16,15
2026-01-31 23:00:00.000,2026,1,31,23,VRB07KT,17,10
2026-01-31 23:18:00.000,2026,1,31,23,05008KT,16,11
2026-02-01 00:00:00.000,2026,2,1,0,VRB03KT,14,14
2026-02-01 01:00:00.000,2026,2,1,1,33003KT,13,13
2026-02-01 02:00:00.000,2026,2,1,2,02002KT,12,12
2026-02-01 03:00:00.000,2026,2,1,3,VRB01KT,12,12
2026-02-01 04:00:00.000,2026,2,1,4,28003KT,13,13
2026-02-01 05:00:00.000,2026,2,1,5,VRB01KT,13,13
2026-02-01 06:00:00.000,2026,2,1,6,VRB01KT,13,13
2026-02-01 07:00:00.000,2026,2,1,7,05002KT,12,12
2026-02-01 08:00:00.000,2026,2,1,8,04002KT,12,12
2026-02-01 09:00:00.000,2026,2,1,9,VRB01KT,12,12
2026-02-01 10:00:00.000,2026,2,1,10,02002KT,12,12
2026-02-01 10:30:00.000,2026,2,1,10,VRB01KT,12,12
2026-02-01 11:00:00.000,2026,2,1,11,VRB01KT,12,12
2026-02-01 12:00:00.000,2026,2,1,12,35002KT,12,12
2026-02-01 13:00:00.000,2026,2,1,13,VRB02KT,13,13
2026-02-01 14:00:00.000,2026,2,1,14,26003KT,14,13
2026-02-01 14:16:00.000,2026,2,1,14,36004KT,14,14
2026-02-01 15:00:00.000,2026,2,1,15,04004KT,15,13
2026-02-01 16:00:00.000,2026,2,1,16,VRB03KT,16,14
2026-02-01 17:00:00.000,2026,2,1,17,06004KT,16,13
2026-02-01 17:23:00.000,2026,2,1,17,VRB01KT,15,13
2026-02-01 18:00:00.000,2026,2,1,18,02005KT,16,13
2026-02-01 19:00:00.000,2026,2,1,19,33005KT,18,14
2026-02-01 19:36:00.000,2026,2,1,19,29004KT,18,13
2026-02-01 20:00:00.000,2026,2,1,20,VRB04KT,17,13
2026-02-01 20:05:00.000,2026,2,1,20,32011KT,13,13
2026-02-01 20:29:00.000,2026,2,1,20,28006KT,14,14
2026-02-01 21:00:00.000,2026,2,1,21,29005KT,15,15
2026-02-01 22:00:00.000,2026,2,1,22,31007KT,15,15
2026-02-01 22:28:00.000,2026,2,1,22,30008KT,15,15
2026-02-01 23:00:00.000,2026,2,1,23,30007KT,15,15
2026-02-01 23:33:00.000,2026,2,1,23,29004KT,14,14
2026-02-02 00:00:00.000,2026,2,2,0,26006KT,14,14
2026-02-02 01:00:00.000,2026,2,2,1,30005KT,14,14
2026-02-02 02:00:00.000,2026,2,2,2,28003KT,14,14
2026-02-02 03:00:00.000,2026,2,2,3,28003KT,13,13
2026-02-02 03:25:00.000,2026,2,2,3,VRB01KT,13,13
2026-02-02 04:00:00.000,2026,2,2,4,VRB02KT,13,13
2026-02-02 05:00:00.000,2026,2,2,5,28003KT,13,13
2026-02-02 06:00:00.000,2026,2,2,6,32003KT,13,13
2026-02-02 06:12:00.000,2026,2,2,6,32003KT,13,13
2026-02-02 07:00:00.000,2026,2,2,7,31002KT,13,13
2026-02-02 08:00:00.000,2026,2,2,8,VRB01KT,12,12
2026-02-02 09:00:00.000,2026,2,2,9,32002KT,12,12
2026-02-02 10:00:00.000,2026,2,2,10,VRB02KT,12,12
2026-02-02 10:31:00.000,2026,2,2,10,00000KT,12,12
2026-02-02 11:00:00.000,2026,2,2,11,06001KT,12,12
2026-02-02 12:00:00.000,2026,2,2,12,05002KT,12,12
2026-02-02 13:00:00.000,2026,2,2,13,36002KT,13,13
2026-02-02 14:00:00.000,2026,2,2,14,07004KT,14,14
2026-02-02 15:00:00.000,2026,2,2,15,05004KT,16,13
2026-02-02 16:00:00.000,2026,2,2,16,10005KT,18,10
2026-02-02 17:00:00.000,2026,2,2,17,09005KT,19,09
2026-02-02 18:00:00.000,2026,2,2,18,10003KT,19,08
2026-02-02 19:00:00.000,2026,2,2,19,28007KT,19,11
2026-02-02 20:00:00.000,2026,2,2,20,31009KT,18,13
2026-02-02 21:00:00.000,2026,2,2,21,29009KT,17,14
2026-02-02 22:00:00.000,2026,2,2,22,30012KT,16,14
2026-02-02 23:00:00.000,2026,2,2,23,27009KT,15,14
2026-02-02 23:24:00.000,2026,2,2,23,33006KT,14,14
2026-02-02 23:28:00.000,2026,2,2,23,33006KT,14,14
2026-02-03 00:00:00.000,2026,2,3,0,03003KT,14,14
2026-02-03 01:00:00.000,2026,2,3,1,23006KT,13,13
2026-02-03 01:11:00.000,2026,2,3,1,VRB03KT,13,13
2026-02-03 02:00:00.000,2026,2,3,2,23004KT,13,13
2026-02-03 03:00:00.000,2026,2,3,3,07002KT,12,12
2026-02-03 04:00:00.000,2026,2,3,4,02002KT,13,13
2026-02-03 05:00:00.000,2026,2,3,5,33003KT,13,13
2026-02-03 06:00:00.000,2026,2,3,6,VRB01KT,13,13
2026-02-03 07:00:00.000,2026,2,3,7,06003KT,11,11
2026-02-03 08:00:00.000,2026,2,3,8,VRB02KT,10,10
2026-02-03 09:00:00.000,2026,2,3,9,02003KT,10,10
2026-02-03 10:00:00.000,2026,2,3,10,VRB02KT,10,10
2026-02-03 10:32:00.000,2026,2,3,10,08004KT,10,10
2026-02-03 11:00:00.000,2026,2,3,11,08004KT,11,11
2026-02-03 12:00:00.000,2026,2,3,12,VRB02KT,12,12
2026-02-03 13:00:00.000,2026,2,3,13,08004KT,14,13
2026-02-03 14:00:00.000,2026,2,3,14,06004KT,15,13
2026-02-03 15:00:00.000,2026,2,3,15,05004KT,16,10
2026-02-03 16:00:00.000,2026,2,3,16,14005KT,17,10
2026-02-03 17:00:00.000,2026,2,3,17,18005KT,18,09
2026-02-03 18:00:00.000,2026,2,3,18,VRB03KT,19,09
2026-02-03 20:00:00.000,2026,2,3,20,30006KT,18,12
2026-02-03 21:00:00.000,2026,2,3,21,25008KT,18,12
2026-02-03 22:00:00.000,2026,2,3,22,29009KT,17,12
2026-02-03 23:00:00.000,2026,2,3,23,30007KT,16,14
2026-02-04 00:00:00.000,2026,2,4,0,27006KT,15,13
2026-02-04 01:00:00.000,2026,2,4,1,25004KT,14,13
2026-02-04 02:00:00.000,2026,2,4,2,33004KT,13,13
2026-02-04 03:00:00.000,2026,2,4,3,VRB02KT,13,13
2026-02-04 04:00:00.000,2026,2,4,4,24004KT,14,14
2026-02-04 05:00:00.000,2026,2,4,5,28003KT,13,13
2026-02-04 06:00:00.000,2026,2,4,6,31002KT,13,13
2026-02-04 07:00:00.000,2026,2,4,7,VRB01KT,12,12
2026-02-04 08:00:00.000,2026,2,4,8,VRB02KT,12,12
2026-02-04 09:00:00.000,2026,2,4,9,23001KT,12,12
2026-02-04 10:00:00.000,2026,2,4,10,VRB02KT,11,11
2026-02-04 11:00:00.000,2026,2,4,11,02003KT,11,11
2026-02-04 12:00:00.000,2026,2,4,12,06003KT,10,10
2026-02-04 12:18:00.000,2026,2,4,12,04004KT,12,12
2026-02-04 13:00:00.000,2026,2,4,13,06005KT,13,12
2026-02-04 13:19:00.000,2026,2,4,13,08005KT,15,10
2026-02-04 14:00:00.000,2026,2,4,14,09005KT,16,09
2026-02-04 15:00:00.000,2026,2,4,15,11006KT,17,01
2026-02-04 16:00:00.000,2026,2,4,16,14007KT,18,04
2026-02-04 17:00:00.000,2026,2,4,17,12005KT,19,04
2026-02-04 18:00:00.000,2026,2,4,18,15008KT,20,04
2026-02-04 19:00:00.000,2026,2,4,19,11008KT,21,04
2026-02-04 20:00:00.000,2026,2,4,20,12010KT,20,04
2026-02-04 21:00:00.000,2026,2,4,21,12008KT,20,05
2026-02-04 22:00:00.000,2026,2,4,22,08007KT,19,06
2026-02-04 23:00:00.000,2026,2,4,23,13007KT,17,06
2026-02-05 00:00:00.000,2026,2,5,0,12005KT,15,06
2026-02-05 01:00:00.000,2026,2,5,1,16007KT,14,05
2026-02-05 02:00:00.000,2026,2,5,2,03006KT,11,07
2026-02-05 03:00:00.000,2026,2,5,3,06004KT,11,09
2026-02-05 04:00:00.000,2026,2,5,4,05003KT,10,09
2026-02-05 05:00:00.000,2026,2,5,5,03003KT,09,08
2026-02-05 06:00:00.000,2026,2,5,6,04004KT,09,09
2026-02-05 07:00:00.000,2026,2,5,7,VRB01KT,09,09
2026-02-05 08:00:00.000,2026,2,5,8,08002KT,08,08
2026-02-05 09:00:00.000,2026,2,5,9,06004KT,07,07
2026-02-05 10:00:00.000,2026,2,5,10,36002KT,08,08
2026-02-05 10:30:00.000,2026,2,5,10,01003KT,06,06
2026-02-05 11:00:00.000,2026,2,5,11,05005KT,06,06
2026-02-05 12:00:00.000,2026,2,5,12,33003KT,08,08
2026-02-05 13:00:00.000,2026,2,5,13,VRB02KT,10,10
2026-02-05 13:11:00.000,2026,2,5,13,05004KT,13,09
2026-02-05 14:00:00.000,2026,2,5,14,03003KT,14,09
2026-02-05 14:35:00.000,2026,2,5,14,VRB03KT,17,08
2026-02-05 15:00:00.000,2026,2,5,15,04004KT,17,08
2026-02-05 16:00:00.000,2026,2,5,16,11007KT,19,08
2026-02-05 17:00:00.000,2026,2,5,17,14006KT,20,08
2026-02-05 18:00:00.000,2026,2,5,18,VRB06KT,21,08
2026-02-05 19:00:00.000,2026,2,5,19,28011KT,20,11
2026-02-05 20:00:00.000,2026,2,5,20,24009KT,19,11
2026-02-05 21:00:00.000,2026,2,5,21,31010KT,18,10
2026-02-05 22:00:00.000,2026,2,5,22,32008KT,18,10
2026-02-05 23:00:00.000,2026,2,5,23,28007KT,17,10
2026-02-06 00:00:00.000,2026,2,6,0,29004KT,15,08
2026-02-06 01:00:00.000,2026,2,6,1,35003KT,14,10
2026-02-06 02:00:00.000,2026,2,6,2,VRB01KT,14,09
2026-02-06 03:00:00.000,2026,2,6,3,32003KT,13,10
2026-02-06 04:00:00.000,2026,2,6,4,VRB01KT,13,10
2026-02-06 05:00:00.000,2026,2,6,5,VRB01KT,12,10
2026-02-06 06:00:00.000,2026,2,6,6,01002KT,09,09
2026-02-06 07:00:00.000,2026,2,6,7,32003KT,11,11
2026-02-06 08:00:00.000,2026,2,6,8,VRB01KT,11,11
2026-02-06 09:00:00.000,2026,2,6,9,32005KT,09,09
2026-02-06 10:00:00.000,2026,2,6,10,VRB02KT,10,10
2026-02-06 10:31:00.000,2026,2,6,10,VRB01KT,09,09
2026-02-06 11:00:00.000,2026,2,6,11,32003KT,10,10
2026-02-06 12:00:00.000,2026,2,6,12,34003KT,09,09
2026-02-06 12:39:00.000,2026,2,6,12,VRB02KT,11,11
2026-02-06 13:00:00.000,2026,2,6,13,33005KT,11,11
2026-02-06 13:44:00.000,2026,2,6,13,VRB02KT,14,12
2026-02-06 14:00:00.000,2026,2,6,14,VRB02KT,14,12
2026-02-06 14:27:00.000,2026,2,6,14,VRB02KT,16,12
2026-02-06 15:00:00.000,2026,2,6,15,VRB01KT,17,11
2026-02-06 16:00:00.000,2026,2,6,16,VRB04KT,18,11
2026-02-06 17:00:00.000,2026,2,6,17,30007KT,19,10
2026-02-06 18:00:00.000,2026,2,6,18,31008KT,19,11
2026-02-06 19:00:00.000,2026,2,6,19,24008KT,19,11
2026-02-06 20:00:00.000,2026,2,6,20,26012KT,18,13
2026-02-06 21:00:00.000,2026,2,6,21,22009KT,16,11
2026-02-06 22:00:00.000,2026,2,6,22,33008KT,16,12
2026-02-06 23:00:00.000,2026,2,6,23,01005KT,14,13
2026-02-07 00:00:00.000,2026,2,7,0,31007KT,14,14
2026-02-07 01:00:00.000,2026,2,7,1,31009KT,14,14
2026-02-07 02:00:00.000,2026,2,7,2,28004KT,14,13
2026-02-07 02:32:00.000,2026,2,7,2,35006KT,13,13
2026-02-07 03:00:00.000,2026,2,7,3,04009KT,13,13
2026-02-07 03:20:00.000,2026,2,7,3,03007KT,12,12
2026-02-07 04:00:00.000,2026,2,7,4,04006KT,12,12
2026-02-07 05:00:00.000,2026,2,7,5,04005KT,12,12
2026-02-07 06:00:00.000,2026,2,7,6,34002KT,12,12
2026-02-07 07:00:00.000,2026,2,7,7,35002KT,11,11
2026-02-07 08:00:00.000,2026,2,7,8,06004KT,12,12
2026-02-07 09:00:00.000,2026,2,7,9,VRB01KT,11,11
2026-02-07 10:00:00.000,2026,2,7,10,36001KT,10,10
2026-02-07 10:33:00.000,2026,2,7,10,03002KT,10,10
2026-02-07 11:00:00.000,2026,2,7,11,VRB02KT,10,10
2026-02-07 12:00:00.000,2026,2,7,12,35003KT,09,09
2026-02-07 12:28:00.000,2026,2,7,12,02003KT,11,11
2026-02-07 12:37:00.000,2026,2,7,12,03005KT,10,10
2026-02-07 13:00:00.000,2026,2,7,13,04004KT,10,10
2026-02-07 13:30:00.000,2026,2,7,13,04003KT,12,12
2026-02-07 14:00:00.000,2026,2,7,14,02004KT,13,13
2026-02-07 14:25:00.000,2026,2,7,14,04005KT,15,14
2026-02-07 15:00:00.000,2026,2,7,15,06004KT,16,13
2026-02-07 15:32:00.000,2026,2,7,15,VRB03KT,18,12
2026-02-07 16:00:00.000,2026,2,7,16,VRB03KT,19,12
2026-02-07 17:00:00.000,2026,2,7,17,02004KT,20,11
2026-02-07 18:00:00.000,2026,2,7,18,VRB02KT,21,10
2026-02-07 18:06:00.000,2026,2,7,18,23011KT,19,13
2026-02-07 19:00:00.000,2026,2,7,19,24011KT,17,13
2026-02-07 20:00:00.000,2026,2,7,20,28011KT,17,13
2026-02-07 21:00:00.000,2026,2,7,21,25009KT,17,14
2026-02-07 22:00:00.000,2026,2,7,22,25008KT,17,14
2026-02-07 23:00:00.000,2026,2,7,23,31006KT,16,14
2026-02-07 23:11:00.000,2026,2,7,23,30005KT,15,14
2026-02-08 00:00:00.000,2026,2,8,0,32005KT,14,14
2026-02-08 01:00:00.000,2026,2,8,1,34004KT,13,13
2026-02-08 01:36:00.000,2026,2,8,1,35003KT,14,14
2026-02-08 02:00:00.000,2026,2,8,2,VRB01KT,14,14
2026-02-08 03:00:00.000,2026,2,8,3,VRB02KT,14,14
2026-02-08 04:00:00.000,2026,2,8,4,27004KT,14,14
2026-02-08 05:00:00.000,2026,2,8,5,23004KT,13,13
2026-02-08 06:00:00.000,2026,2,8,6,VRB02KT,12,12
2026-02-08 07:00:00.000,2026,2,8,7,34003KT,11,11
2026-02-08 08:00:00.000,2026,2,8,8,VRB02KT,10,10
2026-02-08 09:00:00.000,2026,2,8,9,36003KT,10,10
2026-02-08 10:00:00.000,2026,2,8,10,VRB02KT,10,10
2026-02-08 10:30:00.000,2026,2,8,10,VRB01KT,11,11
2026-02-08 11:00:00.000,2026,2,8,11,VRB01KT,11,11
2026-02-08 11:44:00.000,2026,2,8,11,19003KT,11,11
2026-02-08 12:00:00.000,2026,2,8,12,20004KT,12,12
2026-02-08 12:19:00.000,2026,2,8,12,02002KT,11,11
2026-02-08 13:00:00.000,2026,2,8,13,VRB01KT,13,13
2026-02-08 13:20:00.000,2026,2,8,13,VRB02KT,15,12
2026-02-08 14:00:00.000,2026,2,8,14,10003KT,15,12
2026-02-08 14:30:00.000,2026,2,8,14,15006KT,17,10
2026-02-08 15:00:00.000,2026,2,8,15,13007KT,17,10
2026-02-08 16:00:00.000,2026,2,8,16,12006KT,19,07
2026-02-08 17:00:00.000,2026,2,8,17,17009KT,20,08
2026-02-08 18:00:00.000,2026,2,8,18,VRB05KT,19,06
2026-02-08 19:00:00.000,2026,2,8,19,08006KT,18,08
2026-02-08 20:00:00.000,2026,2,8,20,07004KT,19,07
2026-02-08 21:00:00.000,2026,2,8,21,24008KT,19,11
2026-02-08 22:00:00.000,2026,2,8,22,28005KT,17,12
2026-02-08 23:00:00.000,2026,2,8,23,26006KT,16,12
2026-02-09 00:00:00.000,2026,2,9,0,28006KT,15,13
2026-02-09 01:00:00.000,2026,2,9,1,VRB05KT,14,13
2026-02-09 02:00:00.000,2026,2,9,2,VRB02KT,13,13
2026-02-09 03:00:00.000,2026,2,9,3,26004KT,14,13
2026-02-09 04:00:00.000,2026,2,9,4,34003KT,11,11
2026-02-09 05:00:00.000,2026,2,9,5,02002KT,11,11
2026-02-09 06:00:00.000,2026,2,9,6,03003KT,12,11
2026-02-09 07:00:00.000,2026,2,9,7,33003KT,11,11
2026-02-09 08:00:00.000,2026,2,9,8,VRB02KT,10,10
2026-02-09 09:00:00.000,2026,2,9,9,VRB02KT,10,10
2026-02-09 10:00:00.000,2026,2,9,10,06003KT,11,11
2026-02-09 10:32:00.000,2026,2,9,10,05004KT,11,11
2026-02-09 11:00:00.000,2026,2,9,11,04004KT,10,10
2026-02-09 12:00:00.000,2026,2,9,12,04005KT,10,10
2026-02-09 12:14:00.000,2026,2,9,12,06005KT,12,11
2026-02-09 13:00:00.000,2026,2,9,13,06006KT,12,11
2026-02-09 13:21:00.000,2026,2,9,13,04006KT,14,11
2026-02-09 14:00:00.000,2026,2,9,14,05005KT,15,11
2026-02-09 14:37:00.000,2026,2,9,14,VRB02KT,17,11
2026-02-09 15:00:00.000,2026,2,9,15,VRB05KT,18,11
2026-02-09 16:00:00.000,2026,2,9,16,VRB04KT,19,08
2026-02-09 16:34:00.000,2026,2,9,16,16009KT,21,08
2026-02-09 17:00:00.000,2026,2,9,17,17006KT,21,07
2026-02-09 18:00:00.000,2026,2,9,18,VRB05G15KT,21,06
2026-02-09 19:00:00.000,2026,2,9,19,25009KT,20,10
2026-02-09 20:00:00.000,2026,2,9,20,25009KT,19,11
2026-02-09 21:00:00.000,2026,2,9,21,28010KT,19,12
2026-02-09 22:00:00.000,2026,2,9,22,27008KT,18,12
2026-02-09 23:00:00.000,2026,2,9,23,28007KT,16,12
2026-02-09 23:08:00.000,2026,2,9,23,30008KT,16,14
2026-02-10 00:00:00.000,2026,2,10,0,28005KT,14,13
2026-02-10 01:00:00.000,2026,2,10,1,28005KT,14,12
2026-02-10 02:00:00.000,2026,2,10,2,VRB02KT,12,12
2026-02-10 03:00:00.000,2026,2,10,3,36003KT,12,12
2026-02-10 04:00:00.000,2026,2,10,4,35003KT,11,11
2026-02-10 05:00:00.000,2026,2,10,5,36003KT,11,11
2026-02-10 06:00:00.000,2026,2,10,6,VRB02KT,10,10
2026-02-10 07:00:00.000,2026,2,10,7,02003KT,09,09
2026-02-10 08:00:00.000,2026,2,10,8,VRB01KT,09,09
2026-02-10 09:00:00.000,2026,2,10,9,VRB01KT,09,09
2026-02-10 10:00:00.000,2026,2,10,10,VRB02KT,08,08
2026-02-10 10:34:00.000,2026,2,10,10,03004KT,08,08
2026-02-10 11:00:00.000,2026,2,10,11,03003KT,08,08
2026-02-10 11:26:00.000,2026,2,10,11,03004KT,08,08
2026-02-10 12:00:00.000,2026,2,10,12,04005KT,07,07
2026-02-10 12:15:00.000,2026,2,10,12,VRB02KT,10,10
2026-02-10 13:00:00.000,2026,2,10,13,03003KT,12,11
2026-02-10 14:00:00.000,2026,2,10,14,03004KT,14,11
2026-02-10 14:27:00.000,2026,2,10,14,35005KT,16,11
2026-02-10 15:00:00.000,2026,2,10,15,VRB03KT,17,11
2026-02-10 15:37:00.000,2026,2,10,15,VRB02KT,19,09
2026-02-10 16:00:00.000,2026,2,10,16,36004KT,19,09
2026-02-10 17:00:00.000,2026,2,10,17,36005KT,20,09
2026-02-10 18:00:00.000,2026,2,10,18,30009KT,20,10
2026-02-10 19:00:00.000,2026,2,10,19,29011KT,20,12
2026-02-10 20:00:00.000,2026,2,10,20,28012KT,19,12
2026-02-10 21:00:00.000,2026,2,10,21,29008KT,18,12
2026-02-10 22:00:00.000,2026,2,10,22,25009KT,17,12
2026-02-10 23:00:00.000,2026,2,10,23,23006KT,16,13
2026-02-11 00:00:00.000,2026,2,11,0,33005KT,15,14
2026-02-11 01:00:00.000,2026,2,11,1,03003KT,14,14
2026-02-11 02:00:00.000,2026,2,11,2,VRB01KT,13,13
2026-02-11 03:00:00.000,2026,2,11,3,35003KT,14,14
2026-02-11 04:00:00.000,2026,2,11,4,34004KT,13,13
2026-02-11 05:00:00.000,2026,2,11,5,VRB02KT,13,13
2026-02-11 06:00:00.000,2026,2,11,6,VRB02KT,12,12
2026-02-11 07:00:00.000,2026,2,11,7,VRB01KT,12,12
2026-02-11 08:00:00.000,2026,2,11,8,VRB01KT,12,12
2026-02-11 09:00:00.000,2026,2,11,9,VRB01KT,11,11
2026-02-11 10:00:00.000,2026,2,11,10,02003KT,11,11
2026-02-11 10:31:00.000,2026,2,11,10,VRB02KT,10,10
2026-02-11 11:00:00.000,2026,2,11,11,09003KT,11,11
2026-02-11 12:00:00.000,2026,2,11,12,02003KT,10,10
2026-02-11 13:00:00.000,2026,2,11,13,05005KT,13,12
2026-02-11 13:39:00.000,2026,2,11,13,01004KT,15,12
2026-02-11 14:00:00.000,2026,2,11,14,03004KT,15,12
2026-02-11 15:00:00.000,2026,2,11,15,VRB04KT,18,12
2026-02-11 16:00:00.000,2026,2,11,16,VRB03KT,19,11
2026-02-11 17:00:00.000,2026,2,11,17,VRB03KT,20,09
2026-02-11 18:00:00.000,2026,2,11,18,27010KT,21,12
2026-02-11 19:00:00.000,2026,2,11,19,26009KT,20,11
2026-02-11 20:00:00.000,2026,2,11,20,24010KT,20,12
2026-02-11 20:21:00.000,2026,2,11,20,30008KT,19,12
2026-02-11 21:00:00.000,2026,2,11,21,28008KT,18,12
2026-02-11 21:10:00.000,2026,2,11,21,15009KT,16,15
2026-02-11 21:19:00.000,2026,2,11,21,12007KT,16,15
2026-02-11 21:43:00.000,2026,2,11,21,12004KT,15,14
2026-02-11 22:00:00.000,2026,2,11,22,10004KT,15,14
2026-02-11 23:00:00.000,2026,2,11,23,23008KT,16,15
2026-02-12 00:00:00.000,2026,2,12,0,28004KT,15,13
2026-02-12 01:00:00.000,2026,2,12,1,02006KT,13,12
2026-02-12 02:00:00.000,2026,2,12,2,VRB01KT,13,11
2026-02-12 03:00:00.000,2026,2,12,3,19005KT,15,11
2026-02-12 04:00:00.000,2026,2,12,4,VRB03KT,14,10
2026-02-12 05:00:00.000,2026,2,12,5,36003KT,12,11
2026-02-12 06:00:00.000,2026,2,12,6,34004KT,12,11
2026-02-12 07:00:00.000,2026,2,12,7,VRB02KT,11,11
2026-02-12 08:00:00.000,2026,2,12,8,VRB01KT,10,10
2026-02-12 09:00:00.000,2026,2,12,9,VRB02KT,10,10
2026-02-12 10:00:00.000,2026,2,12,10,VRB01KT,11,11
2026-02-12 10:33:00.000,2026,2,12,10,03003KT,10,10
2026-02-12 11:00:00.000,2026,2,12,11,01002KT,11,11
2026-02-12 12:00:00.000,2026,2,12,12,03006KT,11,11
2026-02-12 13:00:00.000,2026,2,12,13,04005KT,12,12
2026-02-12 14:00:00.000,2026,2,12,14,06004KT,13,12
2026-02-12 14:26:00.000,2026,2,12,14,04005KT,15,12
2026-02-12 15:00:00.000,2026,2,12,15,VRB02KT,16,12
2026-02-12 15:07:00.000,2026,2,12,15,VRB03KT,18,12
2026-02-12 16:00:00.000,2026,2,12,16,VRB03KT,19,11
2026-02-12 17:00:00.000,2026,2,12,17,VRB02KT,20,09
2026-02-12 18:00:00.000,2026,2,12,18,28009KT,20,13
2026-02-12 18:33:00.000,2026,2,12,18,30009KT,21,12
2026-02-12 19:00:00.000,2026,2,12,19,27011KT,20,13
2026-02-12 20:00:00.000,2026,2,12,20,29011KT,20,12
2026-02-12 20:06:00.000,2026,2,12,20,26012KT,20,12
2026-02-12 21:00:00.000,2026,2,12,21,27012KT,19,13
2026-02-12 22:00:00.000,2026,2,12,22,28009KT,18,12
2026-02-12 23:00:00.000,2026,2,12,23,27006KT,17,13
2026-02-13 00:00:00.000,2026,2,13,0,23005KT,16,14
2026-02-13 01:00:00.000,2026,2,13,1,VRB02KT,15,14
2026-02-13 02:00:00.000,2026,2,13,2,14005KT,15,12
2026-02-13 03:00:00.000,2026,2,13,3,05004KT,15,12
2026-02-13 04:00:00.000,2026,2,13,4,05005KT,14,12
2026-02-13 04:11:00.000,2026,2,13,4,04005KT,14,12
2026-02-13 04:26:00.000,2026,2,13,4,05003KT,14,12
2026-02-13 05:00:00.000,2026,2,13,5,VRB01KT,13,13
2026-02-13 06:00:00.000,2026,2,13,6,VRB02KT,13,13
2026-02-13 07:00:00.000,2026,2,13,7,03004KT,13,13
2026-02-13 07:21:00.000,2026,2,13,7,VRB02KT,13,13
2026-02-13 08:00:00.000,2026,2,13,8,03003KT,13,13
2026-02-13 09:00:00.000,2026,2,13,9,05004KT,13,13
2026-02-13 10:00:00.000,2026,2,13,10,VRB01KT,13,13
2026-02-13 10:27:00.000,2026,2,13,10,03004KT,12,12
2026-02-13 11:00:00.000,2026,2,13,11,04004KT,12,12
2026-02-13 11:35:00.000,2026,2,13,11,03003KT,13,13
2026-02-13 12:00:00.000,2026,2,13,12,VRB03KT,13,13
2026-02-13 12:40:00.000,2026,2,13,12,05007KT,12,12
2026-02-13 13:00:00.000,2026,2,13,13,04008KT,12,12
2026-02-13 14:00:00.000,2026,2,13,14,04009KT,13,12
2026-02-13 15:00:00.000,2026,2,13,15,05008KT,15,12
2026-02-13 16:00:00.000,2026,2,13,16,07006KT,17,11
2026-02-13 17:00:00.000,2026,2,13,17,05008KT,18,11
2026-02-13 18:00:00.000,2026,2,13,18,10007KT,20,08
2026-02-13 19:00:00.000,2026,2,13,19,06006KT,20,09
2026-02-13 19:33:00.000,2026,2,13,19,28009KT,17,13
2026-02-13 20:00:00.000,2026,2,13,20,26010KT,16,12
2026-02-13 21:00:00.000,2026,2,13,21,29006KT,16,13
2026-02-13 22:00:00.000,2026,2,13,22,26008KT,16,14
2026-02-13 23:00:00.000,2026,2,13,23,29009KT,14,13
2026-02-14 00:00:00.000,2026,2,14,0,28005KT,14,13
2026-02-14 01:00:00.000,2026,2,14,1,VRB02KT,13,13
2026-02-14 02:00:00.000,2026,2,14,2,VRB04KT,13,13
2026-02-14 03:00:00.000,2026,2,14,3,04003KT,13,13
2026-02-14 04:00:00.000,2026,2,14,4,04004KT,12,12
2026-02-14 05:00:00.000,2026,2,14,5,05004KT,12,12
2026-02-14 06:00:00.000,2026,2,14,6,06003KT,11,11
2026-02-14 07:00:00.000,2026,2,14,7,03004KT,10,10
2026-02-14 08:00:00.000,2026,2,14,8,04002KT,10,10
2026-02-14 09:00:00.000,2026,2,14,9,02001KT,10,10
2026-02-14 10:00:00.000,2026,2,14,10,03003KT,08,08
2026-02-14 10:31:00.000,2026,2,14,10,01003KT,09,09
2026-02-14 11:00:00.000,2026,2,14,11,01003KT,09,09
2026-02-14 12:00:00.000,2026,2,14,12,02004KT,09,09
2026-02-14 13:00:00.000,2026,2,14,13,04005KT,11,11
2026-02-14 13:33:00.000,2026,2,14,13,05006KT,13,11
2026-02-14 14:00:00.000,2026,2,14,14,05006KT,13,11
2026-02-14 14:20:00.000,2026,2,14,14,07005KT,15,11
2026-02-14 15:00:00.000,2026,2,14,15,VRB04KT,16,11
2026-02-14 16:00:00.000,2026,2,14,16,VRB05KT,17,10
2026-02-14 17:00:00.000,2026,2,14,17,06007KT,18,11
2026-02-14 18:00:00.000,2026,2,14,18,VRB05KT,19,10
2026-02-14 19:00:00.000,2026,2,14,19,09005KT,19,10
2026-02-14 20:00:00.000,2026,2,14,20,09006KT,20,10
2026-02-14 21:00:00.000,2026,2,14,21,31008KT,17,13
2026-02-14 22:00:00.000,2026,2,14,22,26006G17KT,17,12
2026-02-14 23:00:00.000,2026,2,14,23,25005KT,16,12
2026-02-15 00:00:00.000,2026,2,15,0,VRB04KT,15,13
2026-02-15 01:00:00.000,2026,2,15,1,34003KT,13,13
2026-02-15 02:00:00.000,2026,2,15,2,VRB03KT,14,13
2026-02-15 03:00:00.000,2026,2,15,3,VRB02KT,13,11
2026-02-15 04:00:00.000,2026,2,15,4,05004KT,11,10
2026-02-15 05:00:00.000,2026,2,15,5,04003KT,10,10
2026-02-15 06:00:00.000,2026,2,15,6,33003KT,10,10
2026-02-15 07:00:00.000,2026,2,15,7,04005KT,10,10
2026-02-15 08:00:00.000,2026,2,15,8,03003KT,11,11
2026-02-15 09:00:00.000,2026,2,15,9,03003KT,11,11
2026-02-15 10:00:00.000,2026,2,15,10,VRB02KT,11,11
2026-02-15 11:00:00.000,2026,2,15,11,35002KT,10,10
2026-02-15 12:00:00.000,2026,2,15,12,VRB02KT,09,09
2026-02-15 13:00:00.000,2026,2,15,13,07005KT,14,11
2026-02-15 14:00:00.000,2026,2,15,14,08005KT,15,10
2026-02-15 15:00:00.000,2026,2,15,15,06007KT,17,10
2026-02-15 16:00:00.000,2026,2,15,16,11007KT,18,09
2026-02-15 17:00:00.000,2026,2,15,17,05007KT,18,09
2026-02-15 18:00:00.000,2026,2,15,18,07004KT,19,08
2026-02-15 19:00:00.000,2026,2,15,19,26007KT,18,09
2026-02-15 20:00:00.000,2026,2,15,20,VRB03KT,20,09
2026-02-15 21:00:00.000,2026,2,15,21,30012KT,16,12
2026-02-15 22:00:00.000,2026,2,15,22,28008KT,16,13
2026-02-15 23:00:00.000,2026,2,15,23,22005KT,15,14
2026-02-16 00:00:00.000,2026,2,16,0,25005KT,14,14
2026-02-16 01:00:00.000,2026,2,16,1,VRB02KT,13,13
2026-02-16 02:00:00.000,2026,2,16,2,24004KT,13,13
2026-02-16 03:00:00.000,2026,2,16,3,32003KT,12,12
2026-02-16 04:00:00.000,2026,2,16,4,VRB01KT,12,12
2026-02-16 05:00:00.000,2026,2,16,5,36003KT,12,12
2026-02-16 06:00:00.000,2026,2,16,6,03004KT,11,11
2026-02-16 07:00:00.000,2026,2,16,7,04005KT,11,11
2026-02-16 08:00:00.000,2026,2,16,8,07005KT,12,11
2026-02-16 09:00:00.000,2026,2,16,9,VRB02KT,12,11
2026-02-16 10:00:00.000,2026,2,16,10,01003KT,12,12
2026-02-16 11:00:00.000,2026,2,16,11,07004KT,12,12
2026-02-16 12:00:00.000,2026,2,16,12,05004KT,12,12
2026-02-16 13:00:00.000,2026,2,16,13,07004KT,13,12
2026-02-16 14:00:00.000,2026,2,16,14,04004KT,15,12
2026-02-16 15:00:00.000,2026,2,16,15,02004KT,16,11
2026-02-16 16:00:00.000,2026,2,16,16,VRB05KT,17,09
2026-02-16 17:00:00.000,2026,2,16,17,21003KT,17,10
2026-02-16 18:00:00.000,2026,2,16,18,VRB02KT,15,13
2026-02-16 19:00:00.000,2026,2,16,19,VRB06KT,16,12
2026-02-16 20:00:00.000,2026,2,16,20,23009KT,14,14
2026-02-16 21:00:00.000,2026,2,16,21,24006KT,14,14
2026-02-16 22:00:00.000,2026,2,16,22,07004KT,13,13
2026-02-16 23:00:00.000,2026,2,16,23,10003KT,13,13
2026-02-17 00:00:00.000,2026,2,17,0,03003KT,12,12
2026-02-17 01:00:00.000,2026,2,17,1,VRB02KT,12,12
2026-02-17 02:00:00.000,2026,2,17,2,06003KT,11,11
2026-02-17 03:00:00.000,2026,2,17,3,10003KT,13,12
2026-02-17 04:00:00.000,2026,2,17,4,03003KT,11,11
2026-02-17 05:00:00.000,2026,2,17,5,VRB02KT,11,11
2026-02-17 06:00:00.000,2026,2,17,6,03003KT,10,10
2026-02-17 07:00:00.000,2026,2,17,7,VRB01KT,10,10
2026-02-17 08:00:00.000,2026,2,17,8,02003KT,09,09
2026-02-17 09:00:00.000,2026,2,17,9,04003KT,09,09
2026-02-17 10:00:00.000,2026,2,17,10,05004KT,10,10
2026-02-17 11:00:00.000,2026,2,17,11,VRB02KT,10,10
2026-02-17 12:00:00.000,2026,2,17,12,05005KT,11,11
2026-02-17 13:00:00.000,2026,2,17,13,06006KT,13,11
2026-02-17 14:00:00.000,2026,2,17,14,07006KT,14,11
2026-02-17 15:00:00.000,2026,2,17,15,05005KT,16,11
2026-02-17 16:00:00.000,2026,2,17,16,13010KT,17,10
2026-02-17 17:00:00.000,2026,2,17,17,12007KT,17,10
2026-02-17 18:00:00.000,2026,2,17,18,13007KT,16,10
2026-02-17 19:00:00.000,2026,2,17,19,VRB05KT,17,10
2026-02-17 20:00:00.000,2026,2,17,20,14007KT,18,10
2026-02-17 21:00:00.000,2026,2,17,21,08005KT,18,10
2026-02-17 22:00:00.000,2026,2,17,22,10006KT,17,10
2026-02-17 23:00:00.000,2026,2,17,23,23004KT,16,13
2026-02-18 00:00:00.000,2026,2,18,0,27004KT,15,12
2026-02-18 01:00:00.000,2026,2,18,1,VRB02KT,13,12
2026-02-18 02:00:00.000,2026,2,18,2,13003KT,15,11
2026-02-18 03:00:00.000,2026,2,18,3,VRB01KT,14,12
2026-02-18 04:00:00.000,2026,2,18,4,03003KT,13,12
2026-02-18 05:00:00.000,2026,2,18,5,06004KT,12,12
2026-02-18 06:00:00.000,2026,2,18,6,04006KT,12,12
2026-02-18 07:00:00.000,2026,2,18,7,07003KT,12,11
2026-02-18 08:00:00.000,2026,2,18,8,06004KT,12,10
2026-02-18 09:00:00.000,2026,2,18,9,04006KT,12,11
2026-02-18 10:00:00.000,2026,2,18,10,04005KT,12,11
2026-02-18 11:00:00.000,2026,2,18,11,08004KT,12,11
2026-02-18 12:00:00.000,2026,2,18,12,02005KT,11,10
2026-02-18 13:00:00.000,2026,2,18,13,04005KT,12,11
2026-02-18 14:00:00.000,2026,2,18,14,07004KT,14,11
2026-02-18 21:00:00.000,2026,2,18,21,09007KT,19,10
2026-02-18 23:00:00.000,2026,2,18,23,10005KT,17,09
2026-02-19 00:00:00.000,2026,2,19,0,13005KT,16,09
2026-02-19 01:00:00.000,2026,2,19,1,14004KT,14,09
2026-02-19 02:00:00.000,2026,2,19,2,VRB01KT,15,09
2026-02-19 03:00:00.000,2026,2,19,3,14006KT,14,09
2026-02-19 04:00:00.000,2026,2,19,4,33004KT,12,10
2026-02-19 05:00:00.000,2026,2,19,5,05005KT,12,11
2026-02-19 06:00:00.000,2026,2,19,6,05004KT,11,11
2026-02-19 07:00:00.000,2026,2,19,7,03006KT,10,10
2026-02-19 08:00:00.000,2026,2,19,8,04004KT,11,11
2026-02-19 09:00:00.000,2026,2,19,9,VRB01KT,10,10
2026-02-19 10:00:00.000,2026,2,19,10,07005KT,11,11
2026-02-19 10:31:00.000,2026,2,19,10,04005KT,11,11
2026-02-19 11:00:00.000,2026,2,19,11,04004KT,10,10
2026-02-19 12:00:00.000,2026,2,19,12,04005KT,11,11
2026-02-19 13:00:00.000,2026,2,19,13,03005KT,13,12
2026-02-19 14:00:00.000,2026,2,19,14,07005KT,15,12
2026-02-19 15:00:00.000,2026,2,19,15,05007KT,15,11
2026-02-19 16:00:00.000,2026,2,19,16,04007KT,16,11
2026-02-19 17:00:00.000,2026,2,19,17,10004KT,18,11
2026-02-19 18:00:00.000,2026,2,19,18,18008KT,18,11
2026-02-19 19:00:00.000,2026,2,19,19,05006KT,16,11
2026-02-19 20:00:00.000,2026,2,19,20,10004KT,17,11
2026-02-19 21:00:00.000,2026,2,19,21,08005KT,18,11
2026-02-19 22:00:00.000,2026,2,19,22,VRB04KT,19,10
2026-02-19 23:00:00.000,2026,2,19,23,24008KT,16,12
2026-02-20 00:00:00.000,2026,2,20,0,27005KT,14,12
2026-02-20 01:00:00.000,2026,2,20,1,01002KT,13,12
2026-02-20 02:00:00.000,2026,2,20,2,29005KT,14,12
2026-02-20 03:00:00.000,2026,2,20,3,34002KT,13,12
2026-02-20 04:00:00.000,2026,2,20,4,04006KT,13,12
2026-02-20 05:00:00.000,2026,2,20,5,01003KT,13,12
2026-02-20 06:00:00.000,2026,2,20,6,03004KT,12,11
2026-02-20 07:00:00.000,2026,2,20,7,04005KT,12,11
2026-02-20 08:00:00.000,2026,2,20,8,06005KT,13,12
2026-02-20 09:00:00.000,2026,2,20,9,09003KT,13,11
2026-02-20 10:00:00.000,2026,2,20,10,06004KT,12,11
2026-02-20 10:31:00.000,2026,2,20,10,06005KT,12,11
2026-02-20 11:00:00.000,2026,2,20,11,06005KT,12,11
2026-02-20 12:00:00.000,2026,2,20,12,04005KT,12,10
2026-02-20 13:00:00.000,2026,2,20,13,06006KT,14,10
2026-02-20 14:00:00.000,2026,2,20,14,07007KT,16,10
2026-02-20 15:00:00.000,2026,2,20,15,11010KT,18,10
2026-02-20 16:00:00.000,2026,2,20,16,13010KT,18,10
2026-02-20 17:00:00.000,2026,2,20,17,12010KT,18,09
2026-02-20 18:00:00.000,2026,2,20,18,14011KT,19,09
2026-02-20 19:00:00.000,2026,2,20,19,11008KT,20,09
2026-02-20 20:00:00.000,2026,2,20,20,12010KT,20,09
2026-02-20 21:00:00.000,2026,2,20,21,13009KT,19,09
2026-02-20 22:00:00.000,2026,2,20,22,09006KT,17,10
2026-02-20 23:00:00.000,2026,2,20,23,09007KT,15,09
2026-02-21 00:00:00.000,2026,2,21,0,05006KT,14,09
2026-02-21 01:00:00.000,2026,2,21,1,06007KT,14,09
2026-02-21 02:00:00.000,2026,2,21,2,04006KT,14,09
2026-02-21 03:00:00.000,2026,2,21,3,05005KT,12,10
2026-02-21 04:00:00.000,2026,2,21,4,05006KT,13,11
2026-02-21 05:00:00.000,2026,2,21,5,05004KT,12,10
2026-02-21 06:00:00.000,2026,2,21,6,03004KT,12,11
2026-02-21 07:00:00.000,2026,2,21,7,04005KT,12,11
2026-02-21 08:00:00.000,2026,2,21,8,06003KT,12,11
2026-02-21 09:00:00.000,2026,2,21,9,04005KT,12,11
2026-02-21 10:00:00.000,2026,2,21,10,VRB02KT,11,11
2026-02-21 10:31:00.000,2026,2,21,10,06003KT,12,11
2026-02-21 11:00:00.000,2026,2,21,11,VRB02KT,11,10
2026-02-21 12:00:00.000,2026,2,21,12,04003KT,11,10
2026-02-21 13:00:00.000,2026,2,21,13,03003KT,13,12
2026-02-21 13:19:00.000,2026,2,21,13,09006KT,15,11
2026-02-21 14:00:00.000,2026,2,21,14,08006KT,16,11
2026-02-21 14:25:00.000,2026,2,21,14,07007KT,18,11
2026-02-21 15:00:00.000,2026,2,21,15,07008KT,17,11
2026-02-21 15:27:00.000,2026,2,21,15,11005KT,19,10
2026-02-21 16:00:00.000,2026,2,21,16,09007KT,18,10
2026-02-21 17:00:00.000,2026,2,21,17,03005KT,18,09
2026-02-21 18:00:00.000,2026,2,21,18,12007KT,18,08
2026-02-21 18:42:00.000,2026,2,21,18,VRB05KT,20,08
2026-02-21 19:00:00.000,2026,2,21,19,VRB04KT,20,09
2026-02-21 20:00:00.000,2026,2,21,20,VRB03KT,22,08
2026-02-21 21:00:00.000,2026,2,21,21,VRB02KT,20,08
2026-02-21 22:00:00.000,2026,2,21,22,29009KT,18,12
2026-02-21 23:00:00.000,2026,2,21,23,25005KT,16,13
2026-02-22 00:00:00.000,2026,2,22,0,30003KT,15,13
2026-02-22 01:00:00.000,2026,2,22,1,29004KT,14,14
2026-02-22 02:00:00.000,2026,2,22,2,02002KT,11,11
2026-02-22 03:00:00.000,2026,2,22,3,VRB01KT,12,12
2026-02-22 04:00:00.000,2026,2,22,4,VRB02KT,11,11
2026-02-22 05:00:00.000,2026,2,22,5,35002KT,12,12
2026-02-22 06:00:00.000,2026,2,22,6,01002KT,10,10
2026-02-22 07:00:00.000,2026,2,22,7,03003KT,10,10
2026-02-22 08:00:00.000,2026,2,22,8,03003KT,11,11
2026-02-22 09:00:00.000,2026,2,22,9,04004KT,11,11
2026-02-22 10:00:00.000,2026,2,22,10,01003KT,11,10
2026-02-22 10:33:00.000,2026,2,22,10,VRB02KT,11,10
2026-02-22 11:00:00.000,2026,2,22,11,VRB01KT,11,10
2026-02-22 12:00:00.000,2026,2,22,12,04005KT,11,11
2026-02-22 12:31:00.000,2026,2,22,12,06004KT,14,11
2026-02-22 13:00:00.000,2026,2,22,13,04006KT,14,12
2026-02-22 14:00:00.000,2026,2,22,14,07005KT,15,11
2026-02-22 15:00:00.000,2026,2,22,15,VRB04KT,17,10
2026-02-22 20:00:00.000,2026,2,22,20,31008KT,17,12
2026-02-22 20:26:00.000,2026,2,22,20,31010KT,16,13
2026-02-22 21:00:00.000,2026,2,22,21,31009KT,15,14
2026-02-22 22:00:00.000,2026,2,22,22,20006KT,17,13
2026-02-22 23:00:00.000,2026,2,22,23,23008KT,16,11
2026-02-23 00:00:00.000,2026,2,23,0,25004KT,15,11
2026-02-23 01:00:00.000,2026,2,23,1,VRB02KT,14,11
2026-02-23 02:00:00.000,2026,2,23,2,35003KT,13,13
2026-02-23 03:00:00.000,2026,2,23,3,VRB01KT,13,12
2026-02-23 04:00:00.000,2026,2,23,4,02002KT,13,13
2026-02-23 05:00:00.000,2026,2,23,5,03007KT,13,13
2026-02-23 06:00:00.000,2026,2,23,6,03005KT,12,12
2026-02-23 07:00:00.000,2026,2,23,7,04006KT,12,12
2026-02-23 07:35:00.000,2026,2,23,7,05004KT,12,12
2026-02-23 08:00:00.000,2026,2,23,8,06004KT,12,12
2026-02-23 08:19:00.000,2026,2,23,8,04004KT,12,12
2026-02-23 09:00:00.000,2026,2,23,9,04004KT,11,11
2026-02-23 10:00:00.000,2026,2,23,10,04003KT,12,12
2026-02-23 10:32:00.000,2026,2,23,10,05005KT,11,11
2026-02-23 11:00:00.000,2026,2,23,11,05004KT,11,11
2026-02-23 12:00:00.000,2026,2,23,12,VRB02KT,12,12
2026-02-23 13:00:00.000,2026,2,23,13,05003KT,13,12
2026-02-23 14:00:00.000,2026,2,23,14,01003KT,13,12
2026-02-23 15:00:00.000,2026,2,23,15,VRB02KT,14,12
2026-02-23 15:12:00.000,2026,2,23,15,VRB03KT,17,13
2026-02-23 16:00:00.000,2026,2,23,16,35004KT,17,12
2026-02-23 17:00:00.000,2026,2,23,17,02005KT,16,12
2026-02-23 18:00:00.000,2026,2,23,18,03005KT,16,13
2026-02-23 18:12:00.000,2026,2,23,18,32004KT,16,12
2026-02-23 18:31:00.000,2026,2,23,18,23006KT,14,14
2026-02-23 19:00:00.000,2026,2,23,19,20006KT,14,13
2026-02-23 20:00:00.000,2026,2,23,20,13005KT,14,13
2026-02-23 21:00:00.000,2026,2,23,21,05004KT,16,13
2026-02-23 22:00:00.000,2026,2,23,22,VRB02KT,16,13
2026-02-23 23:00:00.000,2026,2,23,23,33003KT,15,13
2026-02-23 23:22:00.000,2026,2,23,23,31008KT,15,14
2026-02-24 00:00:00.000,2026,2,24,0,32005KT,14,14
2026-02-24 01:00:00.000,2026,2,24,1,33004KT,14,14
2026-02-24 02:00:00.000,2026,2,24,2,01003KT,14,14
2026-02-24 02:30:00.000,2026,2,24,2,VRB01KT,13,13
2026-02-24 03:00:00.000,2026,2,24,3,35001KT,13,13
2026-02-24 04:00:00.000,2026,2,24,4,VRB02KT,13,13
2026-02-24 05:00:00.000,2026,2,24,5,35002KT,13,13
2026-02-24 06:00:00.000,2026,2,24,6,02002KT,13,13
2026-02-24 07:00:00.000,2026,2,24,7,34003KT,12,12
2026-02-24 08:00:00.000,2026,2,24,8,29003KT,12,12
2026-02-24 09:00:00.000,2026,2,24,9,34003KT,12,12
2026-02-24 10:00:00.000,2026,2,24,10,VRB01KT,11,11
2026-02-24 10:30:00.000,2026,2,24,10,34002KT,11,11
2026-02-24 11:00:00.000,2026,2,24,11,35002KT,12,12
2026-02-24 11:32:00.000,2026,2,24,11,35002KT,11,11
2026-02-24 12:00:00.000,2026,2,24,12,VRB02KT,11,11
2026-02-24 13:00:00.000,2026,2,24,13,VRB02KT,13,13
2026-02-24 14:00:00.000,2026,2,24,14,03005KT,14,13
2026-02-24 15:00:00.000,2026,2,24,15,03003KT,15,13
2026-02-24 16:00:00.000,2026,2,24,16,03004KT,16,13
2026-02-24 17:00:00.000,2026,2,24,17,03004KT,17,12
2026-02-24 17:18:00.000,2026,2,24,17,VRB02KT,17,11
2026-02-24 18:00:00.000,2026,2,24,18,20008KT,16,13
2026-02-24 19:00:00.000,2026,2,24,19,30006KT,13,12
2026-02-24 20:00:00.000,2026,2,24,20,02003KT,13,12
2026-02-24 21:00:00.000,2026,2,24,21,36004KT,14,13
2026-02-24 22:00:00.000,2026,2,24,22,35005KT,15,13
2026-02-24 23:00:00.000,2026,2,24,23,VRB02KT,15,14
2026-02-25 00:00:00.000,2026,2,25,0,25003KT,15,14
2026-02-25 01:00:00.000,2026,2,25,1,20003KT,14,14
2026-02-25 02:00:00.000,2026,2,25,2,01003KT,13,13
2026-02-25 03:00:00.000,2026,2,25,3,VRB02KT,13,13
2026-02-25 04:00:00.000,2026,2,25,4,35003KT,12,12
2026-02-25 04:18:00.000,2026,2,25,4,04002KT,12,12
2026-02-25 05:00:00.000,2026,2,25,5,VRB01KT,12,12
2026-02-25 06:00:00.000,2026,2,25,6,VRB02KT,13,13
2026-02-25 07:00:00.000,2026,2,25,7,VRB02KT,13,13
2026-02-25 08:00:00.000,2026,2,25,8,VRB02KT,12,12
2026-02-25 09:00:00.000,2026,2,25,9,VRB01KT,11,11
2026-02-25 10:00:00.000,2026,2,25,10,VRB01KT,11,11
2026-02-25 10:32:00.000,2026,2,25,10,07003KT,10,10
2026-02-25 11:00:00.000,2026,2,25,11,04004KT,10,10
2026-02-25 12:00:00.000,2026,2,25,12,VRB01KT,12,12
2026-02-25 13:00:00.000,2026,2,25,13,12005KT,14,10
2026-02-25 13:29:00.000,2026,2,25,13,13008KT,16,10
2026-02-25 14:00:00.000,2026,2,25,14,12007KT,16,09
2026-02-25 15:00:00.000,2026,2,25,15,14008KT,16,09
2026-02-25 16:00:00.000,2026,2,25,16,11007G17KT,18,09
2026-02-25 17:00:00.000,2026,2,25,17,14008KT,19,09
2026-02-25 18:00:00.000,2026,2,25,18,14011KT,19,09
2026-02-25 19:00:00.000,2026,2,25,19,15010KT,19,07
2026-02-25 20:00:00.000,2026,2,25,20,13008KT,19,08
2026-02-25 21:00:00.000,2026,2,25,21,12009KT,19,08
2026-02-25 23:00:00.000,2026,2,25,23,13007KT,17,08
2026-02-26 00:00:00.000,2026,2,26,0,13006KT,15,08
2026-02-26 01:00:00.000,2026,2,26,1,13006KT,15,09
2026-02-26 02:00:00.000,2026,2,26,2,08003KT,15,09
2026-02-26 03:00:00.000,2026,2,26,3,VRB02KT,13,10
2026-02-26 04:00:00.000,2026,2,26,4,04003KT,10,10
2026-02-26 05:00:00.000,2026,2,26,5,03003KT,10,09
2026-02-26 06:00:00.000,2026,2,26,6,05004KT,10,09
2026-02-26 07:00:00.000,2026,2,26,7,05003KT,09,09
2026-02-26 08:00:00.000,2026,2,26,8,03004KT,09,09
2026-02-26 09:00:00.000,2026,2,26,9,VRB02KT,08,08
2026-02-26 10:00:00.000,2026,2,26,10,05003KT,08,08
2026-02-26 10:31:00.000,2026,2,26,10,04003KT,09,09
2026-02-26 11:00:00.000,2026,2,26,11,VRB02KT,09,09
2026-02-26 12:00:00.000,2026,2,26,12,05006KT,08,08
2026-02-26 13:00:00.000,2026,2,26,13,05007KT,11,11
2026-02-26 14:00:00.000,2026,2,26,14,04006KT,14,10
2026-02-26 14:17:00.000,2026,2,26,14,07005KT,16,10
2026-02-26 15:00:00.000,2026,2,26,15,01005KT,17,11
2026-02-26 15:30:00.000,2026,2,26,15,VRB03KT,19,10
2026-02-26 16:00:00.000,2026,2,26,16,VRB03KT,19,09
2026-02-26 17:00:00.000,2026,2,26,17,08008KT,20,08
2026-02-26 18:00:00.000,2026,2,26,18,11007KT,21,08
2026-02-26 19:00:00.000,2026,2,26,19,VRB06G21KT,22,08
2026-02-26 20:00:00.000,2026,2,26,20,28008KT,21,12
2026-02-26 20:24:00.000,2026,2,26,20,24010KT,21,12
2026-02-26 21:00:00.000,2026,2,26,21,27010KT,18,14
2026-02-26 21:07:00.000,2026,2,26,21,02009KT,15,15
2026-02-26 21:31:00.000,2026,2,26,21,VRB04KT,15,15
2026-02-26 22:00:00.000,2026,2,26,22,04003KT,15,15
2026-02-26 22:04:00.000,2026,2,26,22,35004KT,14,14
2026-02-26 23:00:00.000,2026,2,26,23,02004KT,14,14
2026-02-27 00:00:00.000,2026,2,27,0,30004KT,14,12
2026-02-27 01:00:00.000,2026,2,27,1,07003KT,12,12
2026-02-27 02:00:00.000,2026,2,27,2,36002KT,13,13
2026-02-27 03:00:00.000,2026,2,27,3,VRB01KT,12,12
2026-02-27 04:00:00.000,2026,2,27,4,03003KT,12,12
2026-02-27 05:00:00.000,2026,2,27,5,04006KT,11,11
2026-02-27 06:00:00.000,2026,2,27,6,VRB02KT,11,11
2026-02-27 07:00:00.000,2026,2,27,7,03002KT,10,10
2026-02-27 08:00:00.000,2026,2,27,8,VRB02KT,09,09
2026-02-27 09:00:00.000,2026,2,27,9,03003KT,09,09
2026-02-27 10:00:00.000,2026,2,27,10,VRB02KT,10,10
2026-02-27 10:30:00.000,2026,2,27,10,04002KT,10,10
2026-02-27 11:00:00.000,2026,2,27,11,35003KT,10,10
2026-02-27 12:00:00.000,2026,2,27,12,VRB01KT,11,11
2026-02-27 12:40:00.000,2026,2,27,12,04003KT,13,11
2026-02-27 13:00:00.000,2026,2,27,13,VRB02KT,14,11
2026-02-27 14:00:00.000,2026,2,27,14,VRB02KT,16,10
2026-02-27 15:00:00.000,2026,2,27,15,VRB03KT,17,06
2026-02-27 15:39:00.000,2026,2,27,15,VRB02KT,20,07
2026-02-27 16:00:00.000,2026,2,27,16,VRB03KT,20,07
2026-02-27 17:00:00.000,2026,2,27,17,27004KT,21,06
2026-02-27 18:00:00.000,2026,2,27,18,26008KT,22,10
2026-02-27 19:00:00.000,2026,2,27,19,25010KT,22,12
2026-02-27 20:00:00.000,2026,2,27,20,28012KT,21,13
2026-02-27 21:00:00.000,2026,2,27,21,27007KT,19,12
2026-02-27 22:00:00.000,2026,2,27,22,23007KT,18,13
2026-02-27 23:00:00.000,2026,2,27,23,27006KT,18,13
2026-02-28 00:00:00.000,2026,2,28,0,25008KT,16,12
2026-02-28 01:00:00.000,2026,2,28,1,25004KT,16,14
2026-02-28 02:00:00.000,2026,2,28,2,VRB02KT,14,14
2026-02-28 03:00:00.000,2026,2,28,3,13003KT,14,12
2026-02-28 04:00:00.000,2026,2,28,4,03002KT,14,14
2026-02-28 05:00:00.000,2026,2,28,5,VRB02KT,13,13
2026-02-28 06:00:00.000,2026,2,28,6,04003KT,12,12
2026-02-28 07:00:00.000,2026,2,28,7,03003KT,11,11
2026-02-28 09:00:00.000,2026,2,28,9,10003KT,12,11
2026-02-28 10:00:00.000,2026,2,28,10,VRB01KT,10,10
2026-02-28 11:00:00.000,2026,2,28,11,01003KT,09,09
2026-02-28 12:00:00.000,2026,2,28,12,05003KT,09,09
2026-02-28 13:00:00.000,2026,2,28,13,07005KT,13,11
2026-02-28 14:00:00.000,2026,2,28,14,04003KT,15,11
2026-02-28 15:00:00.000,2026,2,28,15,VRB02KT,18,11
2026-02-28 16:00:00.000,2026,2,28,16,VRB03KT,19,11
2026-02-28 17:00:00.000,2026,2,28,17,25004KT,20,09
2026-02-28 18:00:00.000,2026,2,28,18,02004KT,22,09
2026-02-28 19:00:00.000,2026,2,28,19,26007KT,22,12
2026-02-28 19:25:00.000,2026,2,28,19,24010KT,21,13
2026-02-28 19:42:00.000,2026,2,28,19,30012KT,20,13
2026-02-28 20:00:00.000,2026,2,28,20,29012KT,20,13
2026-02-28 21:00:00.000,2026,2,28,21,14007KT,17,11
2026-02-28 21:31:00.000,2026,2,28,21,VRB02KT,17,13
2026-02-28 22:00:00.000,2026,2,28,22,VRB02KT,17,15
2026-02-28 23:00:00.000,2026,2,28,23,30003KT,17,15
2026-03-01 00:00:00.000,2026,3,1,0,VRB06KT,16,15
2026-03-01 01:00:00.000,2026,3,1,1,22003KT,15,13
2026-03-01 01:10:00.000,2026,3,1,1,27004KT,15,13
2026-03-01 01:19:00.000,2026,3,1,1,25006KT,15,13
2026-03-01 01:30:00.000,2026,3,1,1,29006KT,15,13
2026-03-01 02:00:00.000,2026,3,1,2,31005KT,13,13
2026-03-01 02:26:00.000,2026,3,1,2,VRB01KT,13,13
2026-03-01 03:00:00.000,2026,3,1,3,VRB02KT,12,12
2026-03-01 04:00:00.000,2026,3,1,4,36002KT,13,13
2026-03-01 05:00:00.000,2026,3,1,5,35002KT,12,12
2026-03-01 06:00:00.000,2026,3,1,6,00000KT,12,12
2026-03-01 07:00:00.000,2026,3,1,7,34003KT,11,11
2026-03-01 08:00:00.000,2026,3,1,8,VRB02KT,11,11
2026-03-01 09:00:00.000,2026,3,1,9,35003KT,10,10
2026-03-01 10:00:00.000,2026,3,1,10,VRB01KT,11,11
2026-03-01 10:31:00.000,2026,3,1,10,VRB02KT,12,12
2026-03-01 11:00:00.000,2026,3,1,11,12002KT,12,12
2026-03-01 12:00:00.000,2026,3,1,12,VRB02KT,11,11
2026-03-01 13:00:00.000,2026,3,1,13,05003KT,13,12
2026-03-01 14:00:00.000,2026,3,1,14,05006KT,16,12
2026-03-01 14:22:00.000,2026,3,1,14,05005KT,18,10
2026-03-01 15:00:00.000,2026,3,1,15,04004KT,19,07
2026-03-01 16:00:00.000,2026,3,1,16,04004KT,20,06
2026-03-01 17:00:00.000,2026,3,1,17,VRB06KT,21,07
2026-03-01 17:27:00.000,2026,3,1,17,28010KT,20,12
2026-03-01 18:00:00.000,2026,3,1,18,27009KT,21,12
2026-03-01 19:00:00.000,2026,3,1,19,24010KT,20,12
2026-03-01 19:24:00.000,2026,3,1,19,30012KT,20,12
2026-03-01 20:00:00.000,2026,3,1,20,27010KT,21,12
2026-03-01 20:34:00.000,2026,3,1,20,28008KT,20,12
2026-03-01 21:00:00.000,2026,3,1,21,27007KT,21,12
2026-03-01 22:00:00.000,2026,3,1,22,27005KT,20,11
2026-03-01 22:30:00.000,2026,3,1,22,31009KT,18,13
2026-03-01 23:00:00.000,2026,3,1,23,VRB05KT,17,13
2026-03-01 23:08:00.000,2026,3,1,23,10005KT,15,13
2026-03-02 00:00:00.000,2026,3,2,0,VRB02KT,14,14
2026-03-02 00:18:00.000,2026,3,2,0,VRB04KT,16,15
2026-03-02 01:00:00.000,2026,3,2,1,25004KT,15,15
2026-03-02 02:00:00.000,2026,3,2,2,VRB02KT,15,14
2026-03-02 03:00:00.000,2026,3,2,3,35004KT,14,13
2026-03-02 04:00:00.000,2026,3,2,4,32004KT,13,12
2026-03-02 05:00:00.000,2026,3,2,5,VRB01KT,13,11
2026-03-02 06:00:00.000,2026,3,2,6,VRB02KT,13,13
2026-03-02 07:00:00.000,2026,3,2,7,00000KT,12,12
2026-03-02 08:00:00.000,2026,3,2,8,VRB02KT,12,12
2026-03-02 09:00:00.000,2026,3,2,9,VRB01KT,12,12
2026-03-02 10:00:00.000,2026,3,2,10,03003KT,12,12
2026-03-02 10:32:00.000,2026,3,2,10,04004KT,12,12
2026-03-02 11:00:00.000,2026,3,2,11,03005KT,12,12
2026-03-02 12:00:00.000,2026,3,2,12,04003KT,12,12
2026-03-02 13:00:00.000,2026,3,2,13,01003KT,14,13
2026-03-02 13:28:00.000,2026,3,2,13,04003KT,16,13
2026-03-02 14:00:00.000,2026,3,2,14,06003KT,17,13
2026-03-02 15:00:00.000,2026,3,2,15,VRB02KT,19,12
2026-03-02 16:00:00.000,2026,3,2,16,VRB01KT,20,11
2026-03-02 17:00:00.000,2026,3,2,17,30007KT,20,13
2026-03-02 18:00:00.000,2026,3,2,18,28010KT,20,13
2026-03-02 19:00:00.000,2026,3,2,19,23011KT,20,12
2026-03-02 19:09:00.000,2026,3,2,19,24012KT,19,12
2026-03-02 19:24:00.000,2026,3,2,19,24009KT,18,14
2026-03-02 19:44:00.000,2026,3,2,19,25008KT,16,15
2026-03-02 20:00:00.000,2026,3,2,20,25008KT,16,16
2026-03-02 20:33:00.000,2026,3,2,20,25008KT,19,15
2026-03-02 21:00:00.000,2026,3,2,21,26007KT,19,14
2026-03-02 22:00:00.000,2026,3,2,22,24008KT,19,14
2026-03-02 23:00:00.000,2026,3,2,23,25007KT,17,14
2026-03-03 00:00:00.000,2026,3,3,0,25005KT,15,14
2026-03-03 01:00:00.000,2026,3,3,1,18007KT,16,10
2026-03-03 02:00:00.000,2026,3,3,2,03004KT,14,12
2026-03-03 03:00:00.000,2026,3,3,3,VRB02KT,14,12
2026-03-03 04:00:00.000,2026,3,3,4,36003KT,14,12
2026-03-03 05:00:00.000,2026,3,3,5,VRB01KT,13,12
2026-03-03 06:00:00.000,2026,3,3,6,VRB02KT,11,11
2026-03-03 07:00:00.000,2026,3,3,7,VRB02KT,13,12
2026-03-03 08:00:00.000,2026,3,3,8,04004KT,11,11
2026-03-03 09:00:00.000,2026,3,3,9,00000KT,12,11
2026-03-03 10:00:00.000,2026,3,3,10,VRB01KT,11,11
2026-03-03 10:32:00.000,2026,3,3,10,VRB01KT,11,11
2026-03-03 11:00:00.000,2026,3,3,11,VRB02KT,11,11
2026-03-03 12:00:00.000,2026,3,3,12,VRB02KT,11,11
2026-03-03 13:00:00.000,2026,3,3,13,06005KT,13,12
2026-03-03 13:11:00.000,2026,3,3,13,06004KT,15,12
2026-03-03 14:00:00.000,2026,3,3,14,04003KT,16,11
2026-03-03 15:00:00.000,2026,3,3,15,VRB06KT,18,10
2026-03-03 16:00:00.000,2026,3,3,16,07003KT,19,08
2026-03-03 17:00:00.000,2026,3,3,17,12004KT,20,08
2026-03-03 18:00:00.000,2026,3,3,18,13003KT,20,08
2026-03-03 19:00:00.000,2026,3,3,19,25008KT,19,12
2026-03-03 20:00:00.000,2026,3,3,20,25004KT,20,11
2026-03-03 21:00:00.000,2026,3,3,21,28009KT,19,12
2026-03-03 21:11:00.000,2026,3,3,21,01010KT,26,17
2026-03-03 21:32:00.000,2026,3,3,21,28009KT,19,12
2026-03-03 22:00:00.000,2026,3,3,22,29008KT,17,11
2026-03-03 23:00:00.000,2026,3,3,23,VRB05KT,16,08
2026-03-04 00:00:00.000,2026,3,4,0,VRB03KT,16,08
2026-03-04 01:00:00.000,2026,3,4,1,VRB01KT,14,11
2026-03-04 02:00:00.000,2026,3,4,2,03002KT,14,12
2026-03-04 03:00:00.000,2026,3,4,3,VRB02KT,13,11
2026-03-04 04:00:00.000,2026,3,4,4,VRB02KT,14,11
2026-03-04 05:00:00.000,2026,3,4,5,02004KT,12,11
2026-03-04 06:00:00.000,2026,3,4,6,04002KT,11,11
2026-03-04 07:00:00.000,2026,3,4,7,04003KT,12,12
2026-03-04 08:00:00.000,2026,3,4,8,VRB02KT,11,11
2026-03-04 09:00:00.000,2026,3,4,9,VRB01KT,10,10
2026-03-04 10:00:00.000,2026,3,4,10,VRB02KT,12,11
2026-03-04 10:33:00.000,2026,3,4,10,03004KT,09,09
2026-03-04 11:00:00.000,2026,3,4,11,VRB02KT,09,09
2026-03-04 12:00:00.000,2026,3,4,12,03004KT,09,09
2026-03-04 12:14:00.000,2026,3,4,12,04004KT,11,11
2026-03-04 12:38:00.000,2026,3,4,12,05004KT,13,12
2026-03-04 13:00:00.000,2026,3,4,13,06005KT,13,12
2026-03-04 13:16:00.000,2026,3,4,13,06004KT,15,12
2026-03-04 14:00:00.000,2026,3,4,14,02003KT,16,12
2026-03-04 14:39:00.000,2026,3,4,14,32004KT,18,12
2026-03-04 15:00:00.000,2026,3,4,15,35004KT,18,11
2026-03-04 15:36:00.000,2026,3,4,15,VRB03KT,20,12
2026-03-04 16:00:00.000,2026,3,4,16,33004KT,19,11
2026-03-04 17:00:00.000,2026,3,4,17,VRB04KT,21,11
2026-03-04 17:11:00.000,2026,3,4,17,31010KT,20,11
2026-03-04 18:00:00.000,2026,3,4,18,27011KT,19,11
2026-03-04 19:00:00.000,2026,3,4,19,24010KT,18,12
2026-03-04 20:00:00.000,2026,3,4,20,30007KT,19,11
2026-03-04 21:00:00.000,2026,3,4,21,23008KT,18,11
2026-03-04 22:00:00.000,2026,3,4,22,23006KT,19,12
2026-03-04 23:00:00.000,2026,3,4,23,06006KT,16,12
2026-03-05 00:00:00.000,2026,3,5,0,04005KT,14,13
2026-03-05 01:00:00.000,2026,3,5,1,05005KT,15,13
2026-03-05 02:00:00.000,2026,3,5,2,03005KT,13,12
2026-03-05 03:00:00.000,2026,3,5,3,VRB02KT,11,11
2026-03-05 04:00:00.000,2026,3,5,4,VRB02KT,13,12
2026-03-05 05:00:00.000,2026,3,5,5,VRB01KT,13,13
2026-03-05 06:00:00.000,2026,3,5,6,36003KT,10,10
2026-03-05 07:00:00.000,2026,3,5,7,VRB01KT,11,11
2026-03-05 08:00:00.000,2026,3,5,8,VRB02KT,09,09
2026-03-05 09:00:00.000,2026,3,5,9,34004KT,09,09
2026-03-05 10:00:00.000,2026,3,5,10,34003KT,09,09
2026-03-05 10:33:00.000,2026,3,5,10,10003KT,10,10
2026-03-05 11:00:00.000,2026,3,5,11,04003KT,10,10
2026-03-05 11:30:00.000,2026,3,5,11,35003KT,10,10
2026-03-05 12:00:00.000,2026,3,5,12,35003KT,11,11
2026-03-05 13:00:00.000,2026,3,5,13,05005KT,13,13
2026-03-05 14:00:00.000,2026,3,5,14,04005KT,14,13
2026-03-05 15:00:00.000,2026,3,5,15,05005KT,16,13
2026-03-05 16:00:00.000,2026,3,5,16,04004KT,18,11
2026-03-05 17:00:00.000,2026,3,5,17,VRB04KT,19,11
2026-03-05 18:00:00.000,2026,3,5,18,VRB02KT,20,09
2026-03-05 19:00:00.000,2026,3,5,19,VRB02KT,21,09
2026-03-05 19:31:00.000,2026,3,5,19,25010KT,19,12
2026-03-05 19:45:00.000,2026,3,5,19,29014KT,18,12
2026-03-05 20:00:00.000,2026,3,5,20,29015KT,18,12
2026-03-05 21:00:00.000,2026,3,5,21,27009KT,16,13
2026-03-05 22:00:00.000,2026,3,5,22,26008KT,17,12
2026-03-05 23:00:00.000,2026,3,5,23,24007KT,16,13
2026-03-06 00:00:00.000,2026,3,6,0,21004KT,16,12
2026-03-06 01:00:00.000,2026,3,6,1,28004KT,15,12
2026-03-06 02:00:00.000,2026,3,6,2,VRB03KT,16,13
2026-03-06 03:00:00.000,2026,3,6,3,VRB02KT,14,14
2026-03-06 04:00:00.000,2026,3,6,4,34005KT,14,14
2026-03-06 05:00:00.000,2026,3,6,5,33004KT,14,13
2026-03-06 06:00:00.000,2026,3,6,6,30005KT,14,13
2026-03-06 07:00:00.000,2026,3,6,7,26004KT,14,13
2026-03-06 08:00:00.000,2026,3,6,8,27003KT,13,13
2026-03-06 09:00:00.000,2026,3,6,9,02002KT,12,12
2026-03-06 10:00:00.000,2026,3,6,10,01002KT,12,12
2026-03-06 10:30:00.000,2026,3,6,10,04006KT,12,12
2026-03-06 11:00:00.000,2026,3,6,11,04003KT,12,12
2026-03-06 11:34:00.000,2026,3,6,11,35003KT,12,12
2026-03-06 12:00:00.000,2026,3,6,12,VRB02KT,12,12
2026-03-06 13:00:00.000,2026,3,6,13,06004KT,14,12
2026-03-06 14:00:00.000,2026,3,6,14,03005KT,14,12
2026-03-06 14:28:00.000,2026,3,6,14,VRB05KT,16,12
2026-03-06 15:00:00.000,2026,3,6,15,VRB02KT,16,12
2026-03-06 16:00:00.000,2026,3,6,16,14006G17KT,18,09
2026-03-06 17:00:00.000,2026,3,6,17,14006KT,18,09
2026-03-06 18:00:00.000,2026,3,6,18,04005KT,18,09
2026-03-06 18:17:00.000,2026,3,6,18,14004KT,20,10
2026-03-06 19:00:00.000,2026,3,6,19,VRB04KT,21,09
2026-03-06 20:00:00.000,2026,3,6,20,28003KT,20,08
2026-03-06 21:00:00.000,2026,3,6,21,29004KT,20,09
2026-03-06 21:22:00.000,2026,3,6,21,28010KT,19,13
2026-03-06 21:42:00.000,2026,3,6,21,29011KT,17,13
2026-03-06 22:00:00.000,2026,3,6,22,29008KT,16,14
2026-03-06 22:25:00.000,2026,3,6,22,29005KT,14,14
2026-03-06 23:00:00.000,2026,3,6,23,28004KT,15,15
2026-03-06 23:14:00.000,2026,3,6,23,26004KT,15,15
2026-03-07 00:00:00.000,2026,3,7,0,VRB02KT,14,14
2026-03-07 01:00:00.000,2026,3,7,1,28003KT,15,15
2026-03-07 02:00:00.000,2026,3,7,2,29004KT,15,14
2026-03-07 03:00:00.000,2026,3,7,3,VRB01KT,14,14
2026-03-07 04:00:00.000,2026,3,7,4,VRB01KT,13,13
2026-03-07 05:00:00.000,2026,3,7,5,VRB02KT,13,13
2026-03-07 05:06:00.000,2026,3,7,5,26004KT,15,15
2026-03-07 06:00:00.000,2026,3,7,6,25003KT,14,14
2026-03-07 07:00:00.000,2026,3,7,7,VRB03KT,13,13
2026-03-07 07:13:00.000,2026,3,7,7,36002KT,13,13
2026-03-07 08:00:00.000,2026,3,7,8,01003KT,13,13
2026-03-07 09:00:00.000,2026,3,7,9,36002KT,12,12
2026-03-07 10:00:00.000,2026,3,7,10,VRB01KT,11,11
2026-03-07 10:32:00.000,2026,3,7,10,05004KT,12,12
2026-03-07 11:00:00.000,2026,3,7,11,04003KT,11,11
2026-03-07 12:00:00.000,2026,3,7,12,05004KT,11,11
2026-03-07 13:00:00.000,2026,3,7,13,03005KT,13,12
2026-03-07 14:00:00.000,2026,3,7,14,05005KT,16,12
2026-03-07 15:00:00.000,2026,3,7,15,VRB01KT,17,10
2026-03-07 16:00:00.000,2026,3,7,16,18005KT,18,09
2026-03-07 17:00:00.000,2026,3,7,17,12005KT,20,09
2026-03-07 18:00:00.000,2026,3,7,18,VRB02KT,20,09
2026-03-07 18:34:00.000,2026,3,7,18,VRB05KT,22,09
2026-03-07 19:00:00.000,2026,3,7,19,14006KT,22,09
2026-03-07 20:00:00.000,2026,3,7,20,27010KT,19,13
2026-03-07 20:32:00.000,2026,3,7,20,23008KT,20,12
2026-03-07 20:41:00.000,2026,3,7,20,24008KT,19,12
2026-03-07 21:00:00.000,2026,3,7,21,23008KT,19,12
2026-03-07 21:35:00.000,2026,3,7,21,05004KT,16,10
2026-03-07 22:00:00.000,2026,3,7,22,VRB02KT,15,10
2026-03-07 22:12:00.000,2026,3,7,22,24004KT,16,09
2026-03-07 22:28:00.000,2026,3,7,22,25005KT,17,10
2026-03-07 23:00:00.000,2026,3,7,23,26006KT,16,13
2026-03-08 00:00:00.000,2026,3,8,0,32003KT,15,13
2026-03-08 01:00:00.000,2026,3,8,1,VRB02KT,15,13
2026-03-08 02:00:00.000,2026,3,8,2,VRB02KT,14,13
2026-03-08 03:00:00.000,2026,3,8,3,VRB02KT,14,14
2026-03-08 04:00:00.000,2026,3,8,4,06003KT,14,13
2026-03-08 05:00:00.000,2026,3,8,5,04004KT,14,12
2026-03-08 06:00:00.000,2026,3,8,6,05004KT,13,12
2026-03-08 07:00:00.000,2026,3,8,7,VRB02KT,12,12
2026-03-08 08:00:00.000,2026,3,8,8,VRB02KT,11,11
2026-03-08 09:00:00.000,2026,3,8,9,30004KT,10,10
2026-03-08 10:00:00.000,2026,3,8,10,VRB02KT,10,10
2026-03-08 10:31:00.000,2026,3,8,10,06002KT,09,09
2026-03-08 11:00:00.000,2026,3,8,11,VRB02KT,10,10
2026-03-08 12:00:00.000,2026,3,8,12,06004KT,12,12
2026-03-08 13:00:00.000,2026,3,8,13,15005KT,14,12
2026-03-08 14:00:00.000,2026,3,8,14,16005KT,15,11
2026-03-08 14:21:00.000,2026,3,8,14,03002KT,13,12
2026-03-08 15:00:00.000,2026,3,8,15,02003KT,13,11
2026-03-08 16:00:00.000,2026,3,8,16,02004KT,14,14
2026-03-08 16:19:00.000,2026,3,8,16,05005KT,16,14
2026-03-08 17:00:00.000,2026,3,8,17,07003KT,17,12
2026-03-08 18:00:00.000,2026,3,8,18,35003KT,17,12
2026-03-08 19:00:00.000,2026,3,8,19,33004KT,19,13
2026-03-08 20:00:00.000,2026,3,8,20,VRB02KT,20,11
2026-03-08 21:00:00.000,2026,3,8,21,VRB04KT,20,11
2026-03-08 22:00:00.000,2026,3,8,22,31007KT,19,11
2026-03-08 22:26:00.000,2026,3,8,22,12013KT,15,11
2026-03-08 23:00:00.000,2026,3,8,23,11011KT,11,10
2026-03-09 00:00:00.000,2026,3,9,0,13005KT,13,11
2026-03-09 00:19:00.000,2026,3,9,0,VRB02KT,12,12
2026-03-09 01:00:00.000,2026,3,9,1,VRB01KT,12,12
2026-03-09 02:00:00.000,2026,3,9,2,03003KT,11,11
2026-03-09 03:00:00.000,2026,3,9,3,34002KT,12,11
2026-03-09 04:00:00.000,2026,3,9,4,17003KT,13,12
2026-03-09 05:00:00.000,2026,3,9,5,28005KT,13,11
2026-03-09 06:00:00.000,2026,3,9,6,VRB02KT,12,12
2026-03-09 07:00:00.000,2026,3,9,7,30004KT,12,12
2026-03-09 08:00:00.000,2026,3,9,8,33003KT,12,12
2026-03-09 09:00:00.000,2026,3,9,9,VRB01KT,12,12
2026-03-09 10:00:00.000,2026,3,9,10,01002KT,11,11
2026-03-09 10:31:00.000,2026,3,9,10,VRB01KT,11,11
2026-03-09 11:00:00.000,2026,3,9,11,06002KT,11,11
2026-03-09 12:00:00.000,2026,3,9,12,VRB01KT,12,12
2026-03-09 13:00:00.000,2026,3,9,13,05003KT,14,14
2026-03-09 14:00:00.000,2026,3,9,14,01003KT,15,14
2026-03-09 15:00:00.000,2026,3,9,15,31006KT,15,14
2026-03-09 16:00:00.000,2026,3,9,16,30003KT,16,12
2026-03-09 17:00:00.000,2026,3,9,17,33008KT,18,14
2026-03-09 17:32:00.000,2026,3,9,17,32007KT,18,13
2026-03-09 18:00:00.000,2026,3,9,18,31006KT,19,13
2026-03-09 19:00:00.000,2026,3,9,19,28008KT,19,13
2026-03-09 20:00:00.000,2026,3,9,20,27009G19KT,17,13
2026-03-09 20:31:00.000,2026,3,9,20,14009KT,16,12
2026-03-09 21:00:00.000,2026,3,9,21,16008KT,16,12
2026-03-09 22:00:00.000,2026,3,9,22,VRB02KT,16,12
2026-03-09 23:00:00.000,2026,3,9,23,35003KT,15,14
2026-03-10 00:00:00.000,2026,3,10,0,28004KT,15,14
2026-03-10 01:00:00.000,2026,3,10,1,29004KT,14,13
2026-03-10 02:00:00.000,2026,3,10,2,29005KT,14,13
2026-03-10 03:00:00.000,2026,3,10,3,28003KT,14,14
2026-03-10 04:00:00.000,2026,3,10,4,VRB02KT,12,12
2026-03-10 05:00:00.000,2026,3,10,5,33004KT,13,13
2026-03-10 06:00:00.000,2026,3,10,6,VRB01KT,12,12
2026-03-10 07:00:00.000,2026,3,10,7,33003KT,11,11
2026-03-10 08:00:00.000,2026,3,10,8,VRB02KT,11,11
2026-03-10 09:00:00.000,2026,3,10,9,VRB02KT,11,11
2026-03-10 10:00:00.000,2026,3,10,10,VRB02KT,11,11
2026-03-10 10:31:00.000,2026,3,10,10,VRB02KT,11,11
2026-03-10 11:00:00.000,2026,3,10,11,34003KT,11,11
2026-03-10 12:00:00.000,2026,3,10,12,32005KT,12,12
2026-03-10 13:00:00.000,2026,3,10,13,VRB01KT,13,13
2026-03-10 14:00:00.000,2026,3,10,14,VRB02KT,14,13
2026-03-10 15:00:00.000,2026,3,10,15,07003KT,17,13
2026-03-10 16:00:00.000,2026,3,10,16,04003KT,17,12
2026-03-10 17:00:00.000,2026,3,10,17,18004KT,19,13
2026-03-10 18:00:00.000,2026,3,10,18,19012KT,18,13
2026-03-10 19:00:00.000,2026,3,10,19,18005KT,18,12
2026-03-10 19:36:00.000,2026,3,10,19,34008KT,16,14
2026-03-10 20:00:00.000,2026,3,10,20,35006KT,16,14
2026-03-10 21:00:00.000,2026,3,10,21,34004KT,15,12
2026-03-10 22:00:00.000,2026,3,10,22,03004KT,16,13
2026-03-10 23:00:00.000,2026,3,10,23,17004KT,15,14
2026-03-11 00:00:00.000,2026,3,11,0,33006KT,14,14
2026-03-11 00:05:00.000,2026,3,11,0,36005KT,13,12
2026-03-11 00:26:00.000,2026,3,11,0,14004KT,13,13
2026-03-11 01:00:00.000,2026,3,11,1,13004KT,13,13
2026-03-11 02:00:00.000,2026,3,11,2,34004KT,12,12
2026-03-11 03:00:00.000,2026,3,11,3,VRB01KT,12,12
2026-03-11 04:00:00.000,2026,3,11,4,07007KT,12,12
2026-03-11 05:00:00.000,2026,3,11,5,04006KT,12,12
2026-03-11 05:26:00.000,2026,3,11,5,VRB02KT,12,12
2026-03-11 06:00:00.000,2026,3,11,6,03003KT,12,12
2026-03-11 07:00:00.000,2026,3,11,7,07003KT,12,12
2026-03-11 07:11:00.000,2026,3,11,7,04003KT,12,12
2026-03-11 08:00:00.000,2026,3,11,8,04004KT,12,12
2026-03-11 09:00:00.000,2026,3,11,9,04005KT,12,12
2026-03-11 10:00:00.000,2026,3,11,10,05003KT,12,12
2026-03-11 10:33:00.000,2026,3,11,10,08003KT,12,12
2026-03-11 11:00:00.000,2026,3,11,11,08003KT,12,12
2026-03-11 11:28:00.000,2026,3,11,11,36002KT,11,11
2026-03-11 12:00:00.000,2026,3,11,12,VRB01KT,11,11
2026-03-11 13:00:00.000,2026,3,11,13,VRB02KT,12,12
2026-03-11 14:00:00.000,2026,3,11,14,06005KT,14,13
2026-03-11 14:16:00.000,2026,3,11,14,06003KT,16,14
2026-03-11 15:00:00.000,2026,3,11,15,04004KT,16,13
2026-03-11 16:00:00.000,2026,3,11,16,34004KT,17,12
2026-03-11 17:00:00.000,2026,3,11,17,32004KT,18,11
2026-03-11 18:00:00.000,2026,3,11,18,26007KT,19,13
2026-03-11 19:00:00.000,2026,3,11,19,27011KT,19,12
2026-03-11 20:00:00.000,2026,3,11,20,23009KT,19,12
2026-03-11 21:00:00.000,2026,3,11,21,27008KT,19,12
2026-03-11 22:00:00.000,2026,3,11,22,27010KT,18,13
2026-03-11 23:00:00.000,2026,3,11,23,31008KT,16,12
2026-03-12 00:00:00.000,2026,3,12,0,25006KT,15,13
2026-03-12 01:00:00.000,2026,3,12,1,26004KT,14,13
2026-03-12 02:00:00.000,2026,3,12,2,26004KT,14,13
2026-03-12 03:00:00.000,2026,3,12,3,VRB02KT,14,12
2026-03-12 04:00:00.000,2026,3,12,4,34003KT,11,11
2026-03-12 05:00:00.000,2026,3,12,5,32003KT,14,13
2026-03-12 06:00:00.000,2026,3,12,6,20004KT,13,13
2026-03-12 07:00:00.000,2026,3,12,7,VRB02KT,12,12
2026-03-12 08:00:00.000,2026,3,12,8,32002KT,13,13
2026-03-12 09:00:00.000,2026,3,12,9,VRB01KT,12,12
2026-03-12 09:26:00.000,2026,3,12,9,30004KT,13,13
2026-03-12 10:00:00.000,2026,3,12,10,29006KT,13,13
2026-03-12 10:29:00.000,2026,3,12,10,14004KT,13,13
2026-03-12 11:00:00.000,2026,3,12,11,14009KT,13,13
2026-03-12 11:22:00.000,2026,3,12,11,33004KT,12,12
2026-03-12 12:00:00.000,2026,3,12,12,VRB02KT,12,12
2026-03-12 12:13:00.000,2026,3,12,12,VRB02KT,12,12
2026-03-12 13:00:00.000,2026,3,12,13,VRB01KT,13,13
2026-03-12 14:00:00.000,2026,3,12,14,VRB02KT,14,14
2026-03-12 15:00:00.000,2026,3,12,15,VRB02KT,17,14
2026-03-12 16:00:00.000,2026,3,12,16,VRB01KT,18,13
2026-03-12 17:00:00.000,2026,3,12,17,33004KT,18,13
2026-03-12 18:00:00.000,2026,3,12,18,32007KT,18,12
2026-03-12 18:12:00.000,2026,3,12,18,35007KT,15,13
2026-03-12 19:00:00.000,2026,3,12,19,30009KT,15,13
2026-03-12 20:00:00.000,2026,3,12,20,16005KT,15,11
2026-03-12 21:00:00.000,2026,3,12,21,16004KT,16,11
2026-03-12 22:00:00.000,2026,3,12,22,VRB04KT,16,11
2026-03-12 23:00:00.000,2026,3,12,23,29004KT,16,10
2026-03-13 00:00:00.000,2026,3,13,0,27005KT,15,10
2026-03-13 01:00:00.000,2026,3,13,1,30005KT,14,11
2026-03-13 02:00:00.000,2026,3,13,2,VRB01KT,13,11
2026-03-13 03:00:00.000,2026,3,13,3,25003KT,13,11
2026-03-13 04:00:00.000,2026,3,13,4,VRB02KT,14,10
2026-03-13 05:00:00.000,2026,3,13,5,VRB02KT,12,11
2026-03-13 06:00:00.000,2026,3,13,6,VRB02KT,12,11
2026-03-13 07:00:00.000,2026,3,13,7,VRB03KT,11,11
2026-03-13 08:00:00.000,2026,3,13,8,VRB02KT,11,11
2026-03-13 09:00:00.000,2026,3,13,9,03002KT,11,11
2026-03-13 10:00:00.000,2026,3,13,10,VRB02KT,10,10
2026-03-13 10:30:00.000,2026,3,13,10,33004KT,10,10
2026-03-13 11:00:00.000,2026,3,13,11,33004KT,10,10
2026-03-13 12:00:00.000,2026,3,13,12,03003KT,09,09
2026-03-13 13:00:00.000,2026,3,13,13,06003KT,12,12
2026-03-13 14:00:00.000,2026,3,13,14,VRB02KT,16,12
2026-03-13 14:29:00.000,2026,3,13,14,VRB03KT,18,11
2026-03-13 15:00:00.000,2026,3,13,15,VRB03KT,18,12
2026-03-13 16:00:00.000,2026,3,13,16,32003KT,19,12
2026-03-13 17:00:00.000,2026,3,13,17,30007KT,18,13
2026-03-13 18:00:00.000,2026,3,13,18,32008KT,19,14
2026-03-13 19:00:00.000,2026,3,13,19,30011KT,19,14
2026-03-13 20:00:00.000,2026,3,13,20,28011KT,18,14
2026-03-13 21:00:00.000,2026,3,13,21,28013KT,19,13
2026-03-13 22:00:00.000,2026,3,13,22,27010G21KT,17,13
2026-03-13 22:25:00.000,2026,3,13,22,26007KT,17,12
2026-03-13 23:00:00.000,2026,3,13,23,27007KT,17,12
2026-03-14 00:00:00.000,2026,3,14,0,24005KT,15,13
2026-03-14 01:00:00.000,2026,3,14,1,23003KT,15,12
2026-03-14 02:00:00.000,2026,3,14,2,32005KT,13,13
2026-03-14 03:00:00.000,2026,3,14,3,33003KT,12,12
2026-03-14 04:00:00.000,2026,3,14,4,34003KT,11,11
2026-03-14 05:00:00.000,2026,3,14,5,VRB03KT,12,12
2026-03-14 06:00:00.000,2026,3,14,6,VRB03KT,13,13
2026-03-14 06:14:00.000,2026,3,14,6,32003KT,12,12
2026-03-14 07:00:00.000,2026,3,14,7,VRB02KT,12,12
2026-03-14 08:00:00.000,2026,3,14,8,VRB02KT,11,11
2026-03-14 09:00:00.000,2026,3,14,9,VRB01KT,11,11
2026-03-14 10:00:00.000,2026,3,14,10,VRB03KT,11,11
2026-03-14 10:31:00.000,2026,3,14,10,VRB02KT,10,10
2026-03-14 11:00:00.000,2026,3,14,11,VRB01KT,10,10
2026-03-14 12:00:00.000,2026,3,14,12,VRB02KT,11,11
2026-03-14 13:00:00.000,2026,3,14,13,VRB01KT,13,13
2026-03-14 14:00:00.000,2026,3,14,14,VRB03KT,16,13
2026-03-14 15:00:00.000,2026,3,14,15,12006KT,18,10
2026-03-14 16:00:00.000,2026,3,14,16,22004KT,18,09
2026-03-14 16:13:00.000,2026,3,14,16,VRB04KT,20,09
2026-03-14 17:00:00.000,2026,3,14,17,VRB03KT,20,09
2026-03-14 18:00:00.000,2026,3,14,18,31010KT,19,11
2026-03-14 18:18:00.000,2026,3,14,18,29010KT,21,10
2026-03-14 19:00:00.000,2026,3,14,19,30011KT,20,10
2026-03-14 20:00:00.000,2026,3,14,20,30012KT,21,11
2026-03-14 21:00:00.000,2026,3,14,21,30011KT,20,12
2026-03-14 22:00:00.000,2026,3,14,22,28010KT,19,12
2026-03-14 23:00:00.000,2026,3,14,23,31011KT,17,11
2026-03-15 00:00:00.000,2026,3,15,0,29008KT,16,13
2026-03-15 01:00:00.000,2026,3,15,1,27004KT,15,13
2026-03-15 02:00:00.000,2026,3,15,2,29005KT,15,13
2026-03-15 03:00:00.000,2026,3,15,3,VRB01KT,15,13
2026-03-15 04:00:00.000,2026,3,15,4,VRB02KT,14,13
2026-03-15 05:00:00.000,2026,3,15,5,33003KT,12,12
2026-03-15 06:00:00.000,2026,3,15,6,VRB02KT,11,11
2026-03-15 07:00:00.000,2026,3,15,7,VRB02KT,12,12
2026-03-15 08:00:00.000,2026,3,15,8,VRB01KT,12,11
2026-03-15 09:00:00.000,2026,3,15,9,VRB02KT,12,12
2026-03-15 10:00:00.000,2026,3,15,10,VRB02KT,11,11
2026-03-15 10:32:00.000,2026,3,15,10,05006KT,11,11
2026-03-15 11:00:00.000,2026,3,15,11,05006KT,12,11
2026-03-15 12:00:00.000,2026,3,15,12,04006KT,11,11
2026-03-15 13:00:00.000,2026,3,15,13,06006KT,14,11
2026-03-15 14:00:00.000,2026,3,15,14,05004KT,16,12
2026-03-15 14:41:00.000,2026,3,15,14,VRB03KT,18,12
2026-03-15 15:00:00.000,2026,3,15,15,VRB03KT,18,12
2026-03-15 16:00:00.000,2026,3,15,16,VRB02KT,19,11
2026-03-15 17:00:00.000,2026,3,15,17,03003KT,20,08
2026-03-15 18:00:00.000,2026,3,15,18,27007KT,20,11
2026-03-15 19:00:00.000,2026,3,15,19,28010KT,21,12
2026-03-15 20:00:00.000,2026,3,15,20,28011KT,21,11
2026-03-15 21:00:00.000,2026,3,15,21,27013KT,20,12
2026-03-15 22:00:00.000,2026,3,15,22,29012KT,20,12
2026-03-15 23:00:00.000,2026,3,15,23,26010KT,17,12
2026-03-16 00:00:00.000,2026,3,16,0,24004KT,16,13
2026-03-16 01:00:00.000,2026,3,16,1,26005KT,15,14
2026-03-16 02:00:00.000,2026,3,16,2,VRB03KT,14,14
2026-03-16 03:00:00.000,2026,3,16,3,24004KT,15,14
2026-03-16 04:00:00.000,2026,3,16,4,VRB03KT,14,14
2026-03-16 05:00:00.000,2026,3,16,5,32004KT,13,13
2026-03-16 06:00:00.000,2026,3,16,6,03003KT,13,13
2026-03-16 07:00:00.000,2026,3,16,7,34003KT,13,13
2026-03-16 08:00:00.000,2026,3,16,8,05005KT,13,13
2026-03-16 09:00:00.000,2026,3,16,9,04006KT,13,12
2026-03-16 10:00:00.000,2026,3,16,10,04004KT,13,12
2026-03-16 10:30:00.000,2026,3,16,10,07005KT,12,12
2026-03-16 11:00:00.000,2026,3,16,11,05005KT,12,12
2026-03-16 12:00:00.000,2026,3,16,12,04005KT,12,12
2026-03-16 13:00:00.000,2026,3,16,13,04007KT,13,13
2026-03-16 14:00:00.000,2026,3,16,14,05007KT,14,14
2026-03-16 18:00:00.000,2026,3,16,18,05005KT,19,12
2026-03-16 19:00:00.000,2026,3,16,19,23007KT,19,13
2026-03-16 20:00:00.000,2026,3,16,20,15009KT,18,11
2026-03-16 21:00:00.000,2026,3,16,21,14008KT,17,12
2026-03-16 22:00:00.000,2026,3,16,22,20005KT,18,12
2026-03-16 23:00:00.000,2026,3,16,23,18006KT,17,11
2026-03-17 00:00:00.000,2026,3,17,0,10003KT,16,11
2026-03-17 01:00:00.000,2026,3,17,1,13003KT,15,11
2026-03-17 02:00:00.000,2026,3,17,2,01003KT,14,11
2026-03-17 03:00:00.000,2026,3,17,3,04004KT,13,11
2026-03-17 04:00:00.000,2026,3,17,4,VRB02KT,12,11
2026-03-17 05:00:00.000,2026,3,17,5,05005KT,12,11
2026-03-17 06:00:00.000,2026,3,17,6,04007KT,12,12
2026-03-17 07:00:00.000,2026,3,17,7,VRB02KT,11,11
2026-03-17 08:00:00.000,2026,3,17,8,VRB04KT,12,12
2026-03-17 09:00:00.000,2026,3,17,9,06003KT,12,12
2026-03-17 10:00:00.000,2026,3,17,10,04005KT,12,12
2026-03-17 10:29:00.000,2026,3,17,10,04004KT,12,12
2026-03-17 11:00:00.000,2026,3,17,11,04004KT,12,11
2026-03-17 12:00:00.000,2026,3,17,12,04007KT,13,12
2026-03-17 13:00:00.000,2026,3,17,13,06006KT,13,12
2026-03-17 14:00:00.000,2026,3,17,14,04007KT,14,12
2026-03-17 15:00:00.000,2026,3,17,15,03005KT,16,12
2026-03-17 16:00:00.000,2026,3,17,16,VRB03KT,17,12
2026-03-17 17:00:00.000,2026,3,17,17,30006KT,18,12
2026-03-17 18:00:00.000,2026,3,17,18,27011KT,18,12
2026-03-17 19:00:00.000,2026,3,17,19,28013KT,18,12
2026-03-17 20:00:00.000,2026,3,17,20,27009KT,17,12
2026-03-17 21:00:00.000,2026,3,17,21,29008KT,18,12
2026-03-17 22:00:00.000,2026,3,17,22,27008KT,17,12
2026-03-17 23:00:00.000,2026,3,17,23,29007KT,16,11
2026-03-18 00:00:00.000,2026,3,18,0,31004KT,15,12
2026-03-18 01:00:00.000,2026,3,18,1,30004KT,14,12
2026-03-18 02:00:00.000,2026,3,18,2,VRB02KT,14,11
2026-03-18 03:00:00.000,2026,3,18,3,VRB02KT,13,12
2026-03-18 04:00:00.000,2026,3,18,4,23004KT,15,12
2026-03-18 05:00:00.000,2026,3,18,5,VRB03KT,13,12
2026-03-18 06:00:00.000,2026,3,18,6,VRB02KT,12,12
2026-03-18 07:00:00.000,2026,3,18,7,03002KT,12,12
2026-03-18 08:00:00.000,2026,3,18,8,VRB01KT,13,13
2026-03-18 08:30:00.000,2026,3,18,8,36002KT,12,12
2026-03-18 09:00:00.000,2026,3,18,9,33003KT,12,12
2026-03-18 10:00:00.000,2026,3,18,10,31004KT,12,12
2026-03-18 10:35:00.000,2026,3,18,10,33004KT,12,12
2026-03-18 11:00:00.000,2026,3,18,11,31004KT,12,12
2026-03-18 12:00:00.000,2026,3,18,12,VRB02KT,12,12
2026-03-18 12:04:00.000,2026,3,18,12,27004KT,13,13
2026-03-18 12:41:00.000,2026,3,18,12,31004KT,13,13
2026-03-18 13:00:00.000,2026,3,18,13,31004KT,12,12
2026-03-18 14:00:00.000,2026,3,18,14,32005KT,13,13
2026-03-18 15:00:00.000,2026,3,18,15,30003KT,13,13
2026-03-18 16:00:00.000,2026,3,18,16,30005KT,14,14
2026-03-18 17:00:00.000,2026,3,18,17,30005KT,15,14
2026-03-18 18:00:00.000,2026,3,18,18,32009KT,14,14
2026-03-18 18:38:00.000,2026,3,18,18,32011KT,14,14
2026-03-18 19:00:00.000,2026,3,18,19,31010KT,14,13
2026-03-18 19:39:00.000,2026,3,18,19,32011KT,15,14
2026-03-18 20:00:00.000,2026,3,18,20,33011KT,15,13
2026-03-18 21:00:00.000,2026,3,18,21,32008KT,14,13
2026-03-18 22:00:00.000,2026,3,18,22,32010KT,13,13
2026-03-18 22:45:00.000,2026,3,18,22,30006KT,13,13
2026-03-18 23:00:00.000,2026,3,18,23,30007KT,13,13
2026-03-19 00:00:00.000,2026,3,19,0,29005KT,12,12
2026-03-19 01:00:00.000,2026,3,19,1,29004KT,12,12
2026-03-19 02:00:00.000,2026,3,19,2,23003KT,12,12
2026-03-19 03:00:00.000,2026,3,19,3,25003KT,12,12
2026-03-19 04:00:00.000,2026,3,19,4,VRB01KT,10,10
2026-03-19 05:00:00.000,2026,3,19,5,29004KT,12,11
2026-03-19 05:01:00.000,2026,3,19,5,29004KT,12,11
2026-03-19 06:00:00.000,2026,3,19,6,VRB01KT,11,11
2026-03-19 07:00:00.000,2026,3,19,7,VRB01KT,10,10
2026-03-19 08:00:00.000,2026,3,19,8,VRB02KT,08,08
2026-03-19 08:03:00.000,2026,3,19,8,VRB02KT,08,08
2026-03-19 08:15:00.000,2026,3,19,8,34003KT,08,08
2026-03-19 08:25:00.000,2026,3,19,8,33003KT,08,08
2026-03-19 08:37:00.000,2026,3,19,8,32003KT,09,09
2026-03-19 09:00:00.000,2026,3,19,9,31002KT,09,09
2026-03-19 10:00:00.000,2026,3,19,10,VRB02KT,08,08
2026-03-19 10:18:00.000,2026,3,19,10,VRB02KT,08,08
2026-03-19 10:31:00.000,2026,3,19,10,VRB02KT,08,08
2026-03-19 11:00:00.000,2026,3,19,11,VRB02KT,08,08
2026-03-19 11:15:00.000,2026,3,19,11,VRB02KT,09,09
2026-03-19 11:36:00.000,2026,3,19,11,28002KT,09,09
2026-03-19 12:00:00.000,2026,3,19,12,23002KT,09,09
2026-03-19 12:26:00.000,2026,3,19,12,VRB01KT,10,10
2026-03-19 13:00:00.000,2026,3,19,13,30003KT,11,11
2026-03-19 14:00:00.000,2026,3,19,14,VRB01KT,12,12
2026-03-19 14:03:00.000,2026,3,19,14,VRB02KT,14,13
2026-03-19 15:00:00.000,2026,3,19,15,VRB02KT,15,11
2026-03-19 16:00:00.000,2026,3,19,16,31004KT,17,10
2026-03-19 17:00:00.000,2026,3,19,17,29007KT,18,10
2026-03-19 18:00:00.000,2026,3,19,18,31010KT,19,11
2026-03-19 19:00:00.000,2026,3,19,19,30011KT,19,11
2026-03-19 20:00:00.000,2026,3,19,20,31011KT,20,10
2026-03-19 21:00:00.000,2026,3,19,21,31013KT,19,10
2026-03-19 22:00:00.000,2026,3,19,22,31012KT,17,11
2026-03-19 23:00:00.000,2026,3,19,23,31009KT,16,11
2026-03-20 00:00:00.000,2026,3,20,0,30007KT,14,11
2026-03-20 01:00:00.000,2026,3,20,1,29008KT,14,12
2026-03-20 02:00:00.000,2026,3,20,2,29007KT,14,12
2026-03-20 03:00:00.000,2026,3,20,3,25003KT,14,12
2026-03-20 04:00:00.000,2026,3,20,4,29007KT,14,12
2026-03-20 05:00:00.000,2026,3,20,5,VRB02KT,11,11
2026-03-20 06:00:00.000,2026,3,20,6,30005KT,10,10
2026-03-20 07:00:00.000,2026,3,20,7,VRB02KT,09,09
2026-03-20 08:00:00.000,2026,3,20,8,VRB02KT,09,09
2026-03-20 09:00:00.000,2026,3,20,9,VRB02KT,10,10
2026-03-20 10:00:00.000,2026,3,20,10,VRB01KT,09,09
2026-03-20 10:31:00.000,2026,3,20,10,VRB01KT,09,09
2026-03-20 11:00:00.000,2026,3,20,11,03003KT,08,08
2026-03-20 12:00:00.000,2026,3,20,12,01003KT,10,10
2026-03-20 12:29:00.000,2026,3,20,12,VRB02KT,12,11
2026-03-20 13:00:00.000,2026,3,20,13,02004KT,13,11
2026-03-20 14:00:00.000,2026,3,20,14,22003KT,14,12
2026-03-20 14:37:00.000,2026,3,20,14,25005KT,16,11
2026-03-20 15:00:00.000,2026,3,20,15,VRB03KT,16,11
2026-03-20 16:00:00.000,2026,3,20,16,32007KT,17,10
2026-03-20 17:00:00.000,2026,3,20,17,30008KT,18,09
2026-03-20 18:00:00.000,2026,3,20,18,31010KT,19,10
2026-03-20 19:00:00.000,2026,3,20,19,32010KT,19,09
2026-03-20 20:00:00.000,2026,3,20,20,32012KT,19,09
2026-03-20 21:00:00.000,2026,3,20,21,33009KT,18,07
2026-03-20 22:00:00.000,2026,3,20,22,31011KT,17,07
2026-03-20 23:00:00.000,2026,3,20,23,32008KT,16,08
2026-03-21 00:00:00.000,2026,3,21,0,31008KT,12,10
2026-03-21 01:00:00.000,2026,3,21,1,31006KT,13,11
2026-03-21 02:00:00.000,2026,3,21,2,29003KT,12,11
2026-03-21 03:00:00.000,2026,3,21,3,30006KT,12,11
2026-03-21 04:00:00.000,2026,3,21,4,29005KT,10,10
2026-03-21 05:00:00.000,2026,3,21,5,29004KT,09,09
2026-03-21 06:00:00.000,2026,3,21,6,32003KT,08,08
2026-03-21 07:00:00.000,2026,3,21,7,31004KT,07,07
2026-03-21 08:00:00.000,2026,3,21,8,VRB02KT,07,07
2026-03-21 09:00:00.000,2026,3,21,9,VRB02KT,05,05
2026-03-21 10:00:00.000,2026,3,21,10,VRB02KT,07,07
2026-03-21 10:30:00.000,2026,3,21,10,VRB02KT,07,07
2026-03-21 11:00:00.000,2026,3,21,11,VRB02KT,06,06
2026-03-21 11:17:00.000,2026,3,21,11,35003KT,07,07
2026-03-21 12:00:00.000,2026,3,21,12,33003KT,07,07
2026-03-21 12:14:00.000,2026,3,21,12,VRB02KT,09,09
2026-03-21 13:00:00.000,2026,3,21,13,VRB01KT,12,11
2026-03-21 13:05:00.000,2026,3,21,13,VRB02KT,14,11
2026-03-21 14:00:00.000,2026,3,21,14,VRB03KT,15,12
2026-03-21 15:00:00.000,2026,3,21,15,29004KT,17,11
2026-03-21 16:00:00.000,2026,3,21,16,30008KT,18,11
2026-03-21 17:00:00.000,2026,3,21,17,31010KT,19,11
2026-03-21 18:00:00.000,2026,3,21,18,31012KT,18,12
2026-03-21 19:00:00.000,2026,3,21,19,31012G23KT,20,10
2026-03-21 20:00:00.000,2026,3,21,20,31015KT,19,09
2026-03-21 21:00:00.000,2026,3,21,21,31012KT,19,10
2026-03-21 22:00:00.000,2026,3,21,22,31010KT,18,11
2026-03-21 23:00:00.000,2026,3,21,23,33006KT,16,11
2026-03-22 00:00:00.000,2026,3,22,0,31006KT,14,12
2026-03-22 01:00:00.000,2026,3,22,1,25004KT,15,13
2026-03-22 02:00:00.000,2026,3,22,2,29004KT,15,13
2026-03-22 03:00:00.000,2026,3,22,3,31004KT,14,13
2026-03-22 04:00:00.000,2026,3,22,4,32004KT,14,13
2026-03-22 05:00:00.000,2026,3,22,5,33003KT,13,13
2026-03-22 06:00:00.000,2026,3,22,6,34002KT,12,12
2026-03-22 07:00:00.000,2026,3,22,7,32002KT,13,13
2026-03-22 07:16:00.000,2026,3,22,7,VRB02KT,12,12
2026-03-22 08:00:00.000,2026,3,22,8,32003KT,12,12
2026-03-22 09:00:00.000,2026,3,22,9,33001KT,12,12
2026-03-22 10:00:00.000,2026,3,22,10,VRB02KT,12,12
2026-03-22 10:29:00.000,2026,3,22,10,VRB01KT,12,12
2026-03-22 11:00:00.000,2026,3,22,11,VRB02KT,12,12
2026-03-22 12:00:00.000,2026,3,22,12,35002KT,13,13
2026-03-22 13:00:00.000,2026,3,22,13,05004KT,14,13
2026-03-22 14:00:00.000,2026,3,22,14,07004KT,17,12
2026-03-22 15:00:00.000,2026,3,22,15,02004KT,19,12
2026-03-22 16:00:00.000,2026,3,22,16,36004KT,20,12
2026-03-22 17:00:00.000,2026,3,22,17,28009KT,21,10
2026-03-22 18:00:00.000,2026,3,22,18,29013KT,21,13
2026-03-22 19:00:00.000,2026,3,22,19,26013KT,18,12
2026-03-22 20:00:00.000,2026,3,22,20,27009G19KT,16,14
2026-03-22 21:00:00.000,2026,3,22,21,30007KT,16,13
2026-03-22 22:00:00.000,2026,3,22,22,31006KT,16,13
2026-03-22 23:00:00.000,2026,3,22,23,31003KT,15,13
2026-03-23 00:00:00.000,2026,3,23,0,34003KT,14,13
2026-03-23 01:00:00.000,2026,3,23,1,32003KT,14,13
2026-03-23 02:00:00.000,2026,3,23,2,31004KT,14,13
2026-03-23 03:00:00.000,2026,3,23,3,02003KT,13,13
2026-03-23 04:00:00.000,2026,3,23,4,02003KT,13,13
2026-03-23 05:00:00.000,2026,3,23,5,32003KT,14,14
2026-03-23 06:00:00.000,2026,3,23,6,32004KT,13,13
2026-03-23 07:00:00.000,2026,3,23,7,29004KT,13,13
2026-03-23 08:00:00.000,2026,3,23,8,31006KT,13,13
2026-03-23 09:00:00.000,2026,3,23,9,VRB02KT,13,13
2026-03-23 10:00:00.000,2026,3,23,10,32002KT,13,13
2026-03-23 10:22:00.000,2026,3,23,10,20003KT,13,13
2026-03-23 11:00:00.000,2026,3,23,11,VRB03KT,13,13
2026-03-23 12:00:00.000,2026,3,23,12,VRB02KT,12,12
2026-03-23 13:00:00.000,2026,3,23,13,VRB02KT,13,13
2026-03-23 14:00:00.000,2026,3,23,14,03005KT,14,14
2026-03-23 15:00:00.000,2026,3,23,15,VRB02KT,16,13
2026-03-23 16:00:00.000,2026,3,23,16,04007KT,17,14
2026-03-23 17:00:00.000,2026,3,23,17,06005KT,18,13
2026-03-23 18:00:00.000,2026,3,23,18,19005KT,19,11
2026-03-23 19:00:00.000,2026,3,23,19,12006KT,18,11
2026-03-23 20:00:00.000,2026,3,23,20,15004KT,19,11
2026-03-23 20:30:00.000,2026,3,23,20,27010KT,17,14
2026-03-23 21:00:00.000,2026,3,23,21,27010KT,17,14
2026-03-23 22:00:00.000,2026,3,23,22,28010KT,17,14
2026-03-23 23:00:00.000,2026,3,23,23,28006KT,15,13
2026-03-24 00:00:00.000,2026,3,24,0,23005KT,14,12
2026-03-24 01:00:00.000,2026,3,24,1,28004KT,14,12
2026-03-24 02:00:00.000,2026,3,24,2,34003KT,14,13
2026-03-24 03:00:00.000,2026,3,24,3,34002KT,14,13
2026-03-24 04:00:00.000,2026,3,24,4,35002KT,14,14
2026-03-24 05:00:00.000,2026,3,24,5,27004KT,14,14
2026-03-24 06:00:00.000,2026,3,24,6,35004KT,13,13
2026-03-24 07:00:00.000,2026,3,24,7,VRB02KT,13,13
2026-03-24 08:00:00.000,2026,3,24,8,35002KT,13,13
2026-03-24 09:00:00.000,2026,3,24,9,02004KT,12,12
2026-03-24 10:00:00.000,2026,3,24,10,06004KT,13,13
2026-03-24 10:31:00.000,2026,3,24,10,04005KT,12,12
2026-03-24 11:00:00.000,2026,3,24,11,04006KT,13,13
2026-03-24 12:00:00.000,2026,3,24,12,07004KT,13,12
2026-03-24 12:44:00.000,2026,3,24,12,03004KT,14,13
2026-03-24 13:00:00.000,2026,3,24,13,03004KT,14,13
2026-03-24 13:48:00.000,2026,3,24,13,03004KT,17,12
2026-03-24 14:00:00.000,2026,3,24,14,03004KT,17,12
2026-03-24 15:00:00.000,2026,3,24,15,05005KT,18,11
2026-03-24 16:00:00.000,2026,3,24,16,03005KT,18,12
2026-03-24 16:41:00.000,2026,3,24,16,23008KT,18,14
2026-03-24 17:00:00.000,2026,3,24,17,23007KT,18,14
2026-03-24 18:00:00.000,2026,3,24,18,29009KT,19,14
2026-03-24 18:33:00.000,2026,3,24,18,29013KT,18,14
2026-03-24 19:00:00.000,2026,3,24,19,28011KT,18,14
2026-03-24 19:20:00.000,2026,3,24,19,28011KT,18,15
2026-03-24 20:00:00.000,2026,3,24,20,28013KT,19,14
2026-03-24 21:00:00.000,2026,3,24,21,26011KT,18,13
2026-03-24 21:31:00.000,2026,3,24,21,28005KT,17,14
2026-03-24 22:00:00.000,2026,3,24,22,32006KT,16,14
2026-03-24 22:21:00.000,2026,3,24,22,31005KT,16,14
2026-03-24 23:00:00.000,2026,3,24,23,31006KT,16,15
2026-03-24 23:27:00.000,2026,3,24,23,33007KT,14,14
2026-03-25 00:00:00.000,2026,3,25,0,32006KT,14,14
2026-03-25 00:16:00.000,2026,3,25,0,28005KT,14,14
2026-03-25 01:00:00.000,2026,3,25,1,31005KT,14,14
2026-03-25 02:00:00.000,2026,3,25,2,30004KT,14,14
2026-03-25 03:00:00.000,2026,3,25,3,VRB02KT,13,13
2026-03-25 04:00:00.000,2026,3,25,4,VRB02KT,13,13
2026-03-25 05:00:00.000,2026,3,25,5,VRB02KT,11,11
2026-03-25 06:00:00.000,2026,3,25,6,07003KT,12,12
2026-03-25 07:00:00.000,2026,3,25,7,01003KT,11,11
2026-03-25 07:32:00.000,2026,3,25,7,31003KT,11,11
2026-03-25 08:00:00.000,2026,3,25,8,29005KT,11,11
2026-03-25 08:11:00.000,2026,3,25,8,VRB02KT,10,10
2026-03-25 09:00:00.000,2026,3,25,9,VRB01KT,11,11
2026-03-25 10:00:00.000,2026,3,25,10,29003KT,09,09
2026-03-25 10:30:00.000,2026,3,25,10,VRB02KT,09,09
2026-03-25 11:00:00.000,2026,3,25,11,03003KT,08,08
2026-03-25 11:23:00.000,2026,3,25,11,04003KT,09,09
2026-03-25 11:39:00.000,2026,3,25,11,03004KT,09,09
2026-03-25 12:00:00.000,2026,3,25,12,03005KT,09,09
2026-03-25 12:15:00.000,2026,3,25,12,03004KT,10,10
2026-03-25 12:23:00.000,2026,3,25,12,03006KT,10,10
2026-03-25 13:00:00.000,2026,3,25,13,06006KT,11,11
2026-03-25 13:09:00.000,2026,3,25,13,05006KT,13,13
2026-03-25 13:36:00.000,2026,3,25,13,06006KT,15,13
2026-03-25 14:00:00.000,2026,3,25,14,05005KT,16,13
2026-03-25 14:30:00.000,2026,3,25,14,08006KT,17,12
2026-03-25 15:00:00.000,2026,3,25,15,05006KT,17,12
2026-03-25 15:28:00.000,2026,3,25,15,11004KT,19,11
2026-03-25 16:00:00.000,2026,3,25,16,VRB04KT,20,10
2026-03-25 17:00:00.000,2026,3,25,17,28006KT,19,10
2026-03-25 18:00:00.000,2026,3,25,18,25008KT,19,12
2026-03-25 19:00:00.000,2026,3,25,19,31011KT,18,12
2026-03-25 20:00:00.000,2026,3,25,20,28011KT,19,12
2026-03-25 21:00:00.000,2026,3,25,21,24007KT,18,12
2026-03-25 22:00:00.000,2026,3,25,22,24006KT,17,14
2026-03-25 23:00:00.000,2026,3,25,23,23005KT,17,13
2026-03-26 00:00:00.000,2026,3,26,0,22005KT,16,13
2026-03-26 00:16:00.000,2026,3,26,0,25004KT,15,14
2026-03-26 01:00:00.000,2026,3,26,1,30006KT,14,14
2026-03-26 02:00:00.000,2026,3,26,2,04001KT,13,13
2026-03-26 03:00:00.000,2026,3,26,3,VRB02KT,13,13
2026-03-26 04:00:00.000,2026,3,26,4,34004KT,13,13
2026-03-26 05:00:00.000,2026,3,26,5,03003KT,13,13
2026-03-26 06:00:00.000,2026,3,26,6,04004KT,13,13
2026-03-26 07:00:00.000,2026,3,26,7,VRB03KT,13,13
2026-03-26 08:00:00.000,2026,3,26,8,06004KT,13,13
2026-03-26 09:00:00.000,2026,3,26,9,VRB02KT,12,12
2026-03-26 10:00:00.000,2026,3,26,10,02004KT,12,12
2026-03-26 10:34:00.000,2026,3,26,10,04004KT,12,12
2026-03-26 11:00:00.000,2026,3,26,11,04004KT,12,12
2026-03-26 11:20:00.000,2026,3,26,11,05004KT,12,12
2026-03-26 12:00:00.000,2026,3,26,12,05006KT,13,13
2026-03-26 13:00:00.000,2026,3,26,13,05004KT,15,13
2026-03-26 14:00:00.000,2026,3,26,14,03005KT,17,13
2026-03-26 15:00:00.000,2026,3,26,15,36004KT,18,11
2026-03-26 16:00:00.000,2026,3,26,16,27004KT,19,11
2026-03-26 17:00:00.000,2026,3,26,17,30005KT,20,10
2026-03-26 18:00:00.000,2026,3,26,18,28007KT,20,12
2026-03-26 18:16:00.000,2026,3,26,18,28011KT,20,12
2026-03-26 19:00:00.000,2026,3,26,19,28010KT,19,12
2026-03-26 20:00:00.000,2026,3,26,20,27011KT,19,13
2026-03-26 20:19:00.000,2026,3,26,20,27008KT,19,13
2026-03-26 21:00:00.000,2026,3,26,21,24007KT,18,12
2026-03-26 22:00:00.000,2026,3,26,22,25008KT,18,12
2026-03-26 23:00:00.000,2026,3,26,23,30005KT,16,14
2026-03-26 23:35:00.000,2026,3,26,23,32003KT,13,13
2026-03-27 00:00:00.000,2026,3,27,0,VRB02KT,15,12
2026-03-27 01:00:00.000,2026,3,27,1,VRB01KT,13,13
2026-03-27 02:00:00.000,2026,3,27,2,VRB02KT,12,12
2026-03-27 03:00:00.000,2026,3,27,3,04003KT,11,11
2026-03-27 04:00:00.000,2026,3,27,4,04003KT,11,11
2026-03-27 05:00:00.000,2026,3,27,5,08002KT,11,11
2026-03-27 06:00:00.000,2026,3,27,6,04003KT,11,11
2026-03-27 07:00:00.000,2026,3,27,7,06005KT,12,11
2026-03-27 08:00:00.000,2026,3,27,8,07005KT,12,10
2026-03-27 09:00:00.000,2026,3,27,9,06004KT,12,10
2026-03-27 10:00:00.000,2026,3,27,10,03003KT,11,11
2026-03-27 10:32:00.000,2026,3,27,10,02003KT,11,11
2026-03-27 11:00:00.000,2026,3,27,11,04005KT,11,11
2026-03-27 12:00:00.000,2026,3,27,12,04003KT,12,10
2026-03-27 13:00:00.000,2026,3,27,13,04003KT,12,12
2026-03-27 14:00:00.000,2026,3,27,14,04005KT,13,11
2026-03-27 15:00:00.000,2026,3,27,15,06006KT,14,11
2026-03-27 15:17:00.000,2026,3,27,15,06005KT,16,12
2026-03-27 16:00:00.000,2026,3,27,16,06005KT,16,12
2026-03-27 17:00:00.000,2026,3,27,17,08006KT,17,12
2026-03-27 17:30:00.000,2026,3,27,17,28010KT,20,12
2026-03-27 18:00:00.000,2026,3,27,18,05007KT,17,12
2026-03-27 19:00:00.000,2026,3,27,19,VRB05KT,18,12
2026-03-27 20:00:00.000,2026,3,27,20,22007KT,17,13
2026-03-27 21:00:00.000,2026,3,27,21,28005KT,18,11
2026-03-27 22:00:00.000,2026,3,27,22,28009KT,16,14
2026-03-27 23:00:00.000,2026,3,27,23,30006KT,15,14
2026-03-28 00:00:00.000,2026,3,28,0,32005KT,14,13
2026-03-28 01:00:00.000,2026,3,28,1,VRB02KT,14,14
2026-03-28 02:00:00.000,2026,3,28,2,06006KT,14,13
2026-03-28 03:00:00.000,2026,3,28,3,06006KT,14,13
2026-03-28 04:00:00.000,2026,3,28,4,06004KT,13,13
2026-03-28 05:00:00.000,2026,3,28,5,02004KT,12,12
2026-03-28 06:00:00.000,2026,3,28,6,34003KT,12,12
2026-03-28 07:00:00.000,2026,3,28,7,VRB02KT,12,12
2026-03-28 08:00:00.000,2026,3,28,8,VRB01KT,12,12
2026-03-28 09:00:00.000,2026,3,28,9,VRB02KT,12,12
2026-03-28 10:00:00.000,2026,3,28,10,00000KT,12,12
2026-03-28 10:28:00.000,2026,3,28,10,07001KT,12,12
2026-03-28 11:00:00.000,2026,3,28,11,03001KT,13,13
2026-03-28 11:22:00.000,2026,3,28,11,VRB02KT,13,13
2026-03-28 12:00:00.000,2026,3,28,12,VRB02KT,13,13
2026-03-28 13:00:00.000,2026,3,28,13,03002KT,13,13
2026-03-28 14:00:00.000,2026,3,28,14,05005KT,15,14
2026-03-28 15:00:00.000,2026,3,28,15,15003KT,17,13
2026-03-28 16:00:00.000,2026,3,28,16,VRB03KT,20,13
2026-03-28 17:00:00.000,2026,3,28,17,33005KT,20,12
2026-03-28 18:00:00.000,2026,3,28,18,24010KT,20,14
2026-03-28 19:00:00.000,2026,3,28,19,24010KT,20,13
2026-03-28 20:00:00.000,2026,3,28,20,24008KT,20,12
2026-03-28 21:00:00.000,2026,3,28,21,25008KT,19,12
2026-03-28 22:00:00.000,2026,3,28,22,33006KT,18,12
2026-03-28 23:00:00.000,2026,3,28,23,30003KT,17,15
2026-03-29 00:00:00.000,2026,3,29,0,35003KT,15,14
2026-03-29 01:00:00.000,2026,3,29,1,VRB02KT,15,13
2026-03-29 02:00:00.000,2026,3,29,2,03006KT,13,13
2026-03-29 03:00:00.000,2026,3,29,3,04004KT,13,13
2026-03-29 04:00:00.000,2026,3,29,4,02003KT,13,13
2026-03-29 05:00:00.000,2026,3,29,5,01003KT,12,12
2026-03-29 06:00:00.000,2026,3,29,6,29004KT,13,13
2026-03-29 07:00:00.000,2026,3,29,7,02003KT,11,11
2026-03-29 08:00:00.000,2026,3,29,8,26002KT,12,12
2026-03-29 09:00:00.000,2026,3,29,9,VRB02KT,10,10
2026-03-29 10:00:00.000,2026,3,29,10,35003KT,09,09
2026-03-29 10:30:00.000,2026,3,29,10,VRB01KT,11,11
2026-03-29 11:00:00.000,2026,3,29,11,33004KT,10,10
2026-03-29 11:31:00.000,2026,3,29,11,VRB02KT,10,10
2026-03-29 12:00:00.000,2026,3,29,12,VRB02KT,10,10
2026-03-29 12:28:00.000,2026,3,29,12,VRB01KT,12,12
2026-03-29 13:00:00.000,2026,3,29,13,VRB02KT,14,14
2026-03-29 13:32:00.000,2026,3,29,13,VRB01KT,17,14
2026-03-29 14:00:00.000,2026,3,29,14,VRB02KT,17,14
2026-03-29 14:14:00.000,2026,3,29,14,03004KT,19,13
2026-03-29 15:00:00.000,2026,3,29,15,35007KT,19,12
2026-03-29 16:00:00.000,2026,3,29,16,VRB03KT,19,10
2026-03-29 17:00:00.000,2026,3,29,17,23009KT,17,13
2026-03-29 17:04:00.000,2026,3,29,17,22011KT,17,13
2026-03-29 18:00:00.000,2026,3,29,18,18006KT,16,13
2026-03-29 18:20:00.000,2026,3,29,18,19004KT,18,12
2026-03-29 19:00:00.000,2026,3,29,19,06005KT,17,14
2026-03-29 19:08:00.000,2026,3,29,19,03007KT,18,14
2026-03-29 20:00:00.000,2026,3,29,20,32012KT,17,13
2026-03-29 20:03:00.000,2026,3,29,20,33010KT,16,14
2026-03-29 20:30:00.000,2026,3,29,20,31010KT,17,15
2026-03-29 21:00:00.000,2026,3,29,21,30007KT,18,14
2026-03-29 22:00:00.000,2026,3,29,22,25009KT,18,14
2026-03-29 23:00:00.000,2026,3,29,23,23006KT,17,13
2026-03-30 00:00:00.000,2026,3,30,0,29004KT,16,13
2026-03-30 01:00:00.000,2026,3,30,1,32004KT,14,13
2026-03-30 02:00:00.000,2026,3,30,2,VRB01KT,13,13
2026-03-30 03:00:00.000,2026,3,30,3,32004KT,13,13
2026-03-30 03:24:00.000,2026,3,30,3,VRB04KT,15,14
2026-03-30 04:00:00.000,2026,3,30,4,VRB02KT,14,13
2026-03-30 05:00:00.000,2026,3,30,5,VRB02KT,14,13
2026-03-30 06:00:00.000,2026,3,30,6,VRB01KT,12,12
2026-03-30 07:00:00.000,2026,3,30,7,02002KT,12,12
2026-03-30 08:00:00.000,2026,3,30,8,VRB01KT,13,13
2026-03-30 09:00:00.000,2026,3,30,9,14003KT,13,13
2026-03-30 10:00:00.000,2026,3,30,10,33003KT,12,12
2026-03-30 10:34:00.000,2026,3,30,10,VRB01KT,13,13
2026-03-30 11:00:00.000,2026,3,30,11,VRB01KT,13,13
2026-03-30 12:00:00.000,2026,3,30,12,36003KT,13,13
2026-03-30 12:09:00.000,2026,3,30,12,31006KT,13,13
2026-03-30 12:27:00.000,2026,3,30,12,32012KT,12,12
2026-03-30 13:00:00.000,2026,3,30,13,30010KT,11,11
2026-03-30 14:00:00.000,2026,3,30,14,VRB04KT,13,12
2026-03-30 15:00:00.000,2026,3,30,15,19009KT,15,12
2026-03-30 15:20:00.000,2026,3,30,15,VRB04KT,17,12
2026-03-30 16:00:00.000,2026,3,30,16,VRB05KT,16,10
2026-03-30 16:16:00.000,2026,3,30,16,34005KT,18,10
2026-03-30 17:00:00.000,2026,3,30,17,29006KT,18,11
2026-03-30 18:00:00.000,2026,3,30,18,31011KT,20,11
2026-03-30 19:00:00.000,2026,3,30,19,30010KT,18,11
2026-03-30 19:41:00.000,2026,3,30,19,24005KT,19,10
2026-03-30 20:00:00.000,2026,3,30,20,26005KT,18,09
2026-03-30 20:12:00.000,2026,3,30,20,31012KT,16,11
2026-03-30 21:00:00.000,2026,3,30,21,29010KT,14,14
2026-03-30 21:16:00.000,2026,3,30,21,27003KT,14,13
2026-03-30 22:00:00.000,2026,3,30,22,28003KT,15,13
2026-03-30 23:00:00.000,2026,3,30,23,VRB01KT,15,12
2026-03-31 00:00:00.000,2026,3,31,0,VRB02KT,15,12
2026-03-31 01:00:00.000,2026,3,31,1,31005KT,15,11
2026-03-31 02:00:00.000,2026,3,31,2,VRB02KT,13,12
2026-03-31 03:00:00.000,2026,3,31,3,VRB01KT,13,12
2026-03-31 04:00:00.000,2026,3,31,4,29005KT,14,12
2026-03-31 05:00:00.000,2026,3,31,5,24004KT,14,12
2026-03-31 06:00:00.000,2026,3,31,6,02002KT,12,12
2026-03-31 07:00:00.000,2026,3,31,7,29001KT,12,12
2026-03-31 08:00:00.000,2026,3,31,8,28003KT,12,12
2026-03-31 09:00:00.000,2026,3,31,9,31002KT,11,11
2026-03-31 10:00:00.000,2026,3,31,10,34003KT,11,11
2026-03-31 10:33:00.000,2026,3,31,10,25003KT,12,12
2026-03-31 11:00:00.000,2026,3,31,11,24004KT,12,12
2026-03-31 12:00:00.000,2026,3,31,12,VRB02KT,13,12
2026-03-31 13:00:00.000,2026,3,31,13,34003KT,14,13
2026-03-31 14:00:00.000,2026,3,31,14,01003KT,15,13
2026-03-31 14:20:00.000,2026,3,31,14,01003KT,17,12
2026-03-31 15:00:00.000,2026,3,31,15,35004KT,17,13
2026-03-31 16:00:00.000,2026,3,31,16,07004KT,18,13
2026-03-31 17:00:00.000,2026,3,31,17,32007KT,19,12
2026-03-31 18:00:00.000,2026,3,31,18,28008KT,19,10
2026-03-31 18:13:00.000,2026,3,31,18,35009KT,13,11
2026-03-31 18:26:00.000,2026,3,31,18,32004KT,13,12
2026-03-31 19:00:00.000,2026,3,31,19,33003KT,15,14
2026-03-31 20:00:00.000,2026,3,31,20,31008KT,18,14
2026-03-31 21:00:00.000,2026,3,31,21,33005KT,17,14
2026-03-31 22:00:00.000,2026,3,31,22,34008KT,17,13
2026-03-31 23:00:00.000,2026,3,31,23,34006KT,16,13
2026-04-01 00:00:00.000,2026,4,1,0,32004KT,15,12
2026-04-01 01:00:00.000,2026,4,1,1,31005KT,14,12
2026-04-01 02:00:00.000,2026,4,1,2,31005KT,13,12
2026-04-01 03:00:00.000,2026,4,1,3,29004KT,13,13
2026-04-01 04:00:00.000,2026,4,1,4,33004KT,13,13
2026-04-01 05:00:00.000,2026,4,1,5,VRB02KT,13,13
2026-04-01 06:00:00.000,2026,4,1,6,VRB03KT,13,13
2026-04-01 07:00:00.000,2026,4,1,7,29004G14KT,13,13
2026-04-01 08:00:00.000,2026,4,1,8,VRB01KT,11,11
2026-04-01 09:00:00.000,2026,4,1,9,35003KT,10,10
2026-04-01 09:15:00.000,2026,4,1,9,36004KT,10,10
2026-04-01 09:29:00.000,2026,4,1,9,VRB02KT,10,10
2026-04-01 10:00:00.000,2026,4,1,10,33004KT,11,11
2026-04-01 10:30:00.000,2026,4,1,10,VRB02KT,11,11
2026-04-01 11:00:00.000,2026,4,1,11,VRB01KT,12,12
2026-04-01 11:35:00.000,2026,4,1,11,VRB02KT,11,11
2026-04-01 12:00:00.000,2026,4,1,12,01002KT,10,10
2026-04-01 13:00:00.000,2026,4,1,13,VRB02KT,13,13
2026-04-01 14:00:00.000,2026,4,1,14,VRB02KT,14,13
2026-04-01 14:17:00.000,2026,4,1,14,VRB03KT,16,13
2026-04-01 15:00:00.000,2026,4,1,15,VRB03KT,16,12
2026-04-01 15:03:00.000,2026,4,1,15,VRB02KT,18,12
2026-04-01 16:00:00.000,2026,4,1,16,31004KT,18,12
2026-04-01 17:00:00.000,2026,4,1,17,33006KT,19,12
2026-04-01 18:00:00.000,2026,4,1,18,27012KT,21,10
2026-04-01 19:00:00.000,2026,4,1,19,28011KT,21,10
2026-04-01 20:00:00.000,2026,4,1,20,26009KT,20,09
2026-04-01 21:00:00.000,2026,4,1,21,31010KT,18,10
2026-04-01 21:29:00.000,2026,4,1,21,26007KT,18,10
2026-04-01 22:00:00.000,2026,4,1,22,26007KT,17,11
2026-04-01 23:00:00.000,2026,4,1,23,33003KT,15,10
2026-04-02 00:00:00.000,2026,4,2,0,30007KT,15,10
2026-04-02 01:00:00.000,2026,4,2,1,32006KT,13,12
2026-04-02 02:00:00.000,2026,4,2,2,30005KT,14,11
2026-04-02 03:00:00.000,2026,4,2,3,32006KT,13,12
2026-04-02 03:13:00.000,2026,4,2,3,VRB02KT,12,12
2026-04-02 04:00:00.000,2026,4,2,4,VRB02KT,13,12
2026-04-02 05:00:00.000,2026,4,2,5,34003KT,12,12
2026-04-02 05:11:00.000,2026,4,2,5,31005KT,12,12
2026-04-02 06:00:00.000,2026,4,2,6,34004KT,12,12
2026-04-02 06:07:00.000,2026,4,2,6,33005KT,12,12
2026-04-02 07:00:00.000,2026,4,2,7,35006KT,12,12
2026-04-02 08:00:00.000,2026,4,2,8,02004KT,10,10
2026-04-02 09:00:00.000,2026,4,2,9,15002KT,11,10
2026-04-02 10:00:00.000,2026,4,2,10,17006KT,12,11
2026-04-02 10:27:00.000,2026,4,2,10,33002KT,10,10
2026-04-02 11:00:00.000,2026,4,2,11,33003KT,10,10
2026-04-02 12:00:00.000,2026,4,2,12,02002KT,09,09
2026-04-02 12:08:00.000,2026,4,2,12,VRB01KT,11,11
2026-04-02 13:00:00.000,2026,4,2,13,33003KT,12,12
2026-04-02 14:00:00.000,2026,4,2,14,VRB02KT,15,12
2026-04-02 15:00:00.000,2026,4,2,15,VRB02KT,17,10
2026-04-02 16:00:00.000,2026,4,2,16,VRB04KT,18,09
2026-04-02 17:00:00.000,2026,4,2,17,24004KT,19,09
2026-04-02 18:00:00.000,2026,4,2,18,32006KT,20,08
2026-04-02 19:00:00.000,2026,4,2,19,29015KT,20,13
2026-04-02 20:00:00.000,2026,4,2,20,30014KT,19,12
2026-04-02 21:00:00.000,2026,4,2,21,27012KT,19,13
2026-04-02 22:00:00.000,2026,4,2,22,31011KT,19,10
2026-04-02 23:00:00.000,2026,4,2,23,30010KT,16,11
2026-04-03 00:00:00.000,2026,4,3,0,27007KT,14,13
2026-04-03 01:00:00.000,2026,4,3,1,28006KT,14,12
2026-04-03 02:00:00.000,2026,4,3,2,VRB01KT,13,13
2026-04-03 03:00:00.000,2026,4,3,3,28004KT,13,13
2026-04-03 04:00:00.000,2026,4,3,4,34003KT,11,11
2026-04-03 04:34:00.000,2026,4,3,4,31003KT,13,13
2026-04-03 05:00:00.000,2026,4,3,5,35003KT,12,12
2026-04-03 06:00:00.000,2026,4,3,6,34004KT,12,12
2026-04-03 07:00:00.000,2026,4,3,7,VRB02KT,12,12
2026-04-03 08:00:00.000,2026,4,3,8,28004KT,12,12
2026-04-03 09:00:00.000,2026,4,3,9,VRB02KT,11,11
2026-04-03 10:00:00.000,2026,4,3,10,06002KT,11,11
2026-04-03 10:32:00.000,2026,4,3,10,03004KT,12,11
2026-04-03 11:00:00.000,2026,4,3,11,03005KT,11,11
2026-04-03 12:00:00.000,2026,4,3,12,01003KT,12,12
2026-04-03 13:00:00.000,2026,4,3,13,05004KT,14,12
2026-04-03 14:00:00.000,2026,4,3,14,03004KT,16,12
2026-04-03 15:00:00.000,2026,4,3,15,VRB03KT,17,11
2026-04-03 16:00:00.000,2026,4,3,16,VRB03KT,19,11
2026-04-03 17:00:00.000,2026,4,3,17,VRB03KT,20,09
2026-04-03 18:00:00.000,2026,4,3,18,25013KT,20,12
2026-04-03 19:00:00.000,2026,4,3,19,28012KT,18,11
2026-04-03 20:00:00.000,2026,4,3,20,24011KT,18,12
2026-04-03 21:00:00.000,2026,4,3,21,26008KT,19,11
2026-04-03 22:00:00.000,2026,4,3,22,28009KT,18,11
2026-04-03 23:00:00.000,2026,4,3,23,29007KT,18,10
2026-04-04 00:00:00.000,2026,4,4,0,27005KT,15,11
2026-04-04 01:00:00.000,2026,4,4,1,01005KT,15,13
2026-04-04 02:00:00.000,2026,4,4,2,31003KT,14,12
2026-04-04 03:00:00.000,2026,4,4,3,VRB03KT,14,13
2026-04-04 04:00:00.000,2026,4,4,4,34003KT,13,12
2026-04-04 05:00:00.000,2026,4,4,5,31003KT,12,12
2026-04-04 06:00:00.000,2026,4,4,6,VRB02KT,12,12
2026-04-04 07:00:00.000,2026,4,4,7,32003KT,12,12
2026-04-04 08:00:00.000,2026,4,4,8,28004KT,12,12
2026-04-04 09:00:00.000,2026,4,4,9,31003KT,12,12
2026-04-04 10:00:00.000,2026,4,4,10,26003KT,13,13
2026-04-04 10:34:00.000,2026,4,4,10,26003KT,13,13
2026-04-04 11:00:00.000,2026,4,4,11,24003KT,12,12
2026-04-04 12:00:00.000,2026,4,4,12,VRB02KT,12,12
2026-04-04 12:22:00.000,2026,4,4,12,VRB02KT,14,13
2026-04-04 13:00:00.000,2026,4,4,13,VRB02KT,15,13
2026-04-04 14:00:00.000,2026,4,4,14,34004KT,17,12
2026-04-04 14:33:00.000,2026,4,4,14,VRB02KT,19,12
2026-04-04 15:00:00.000,2026,4,4,15,36004KT,19,12
2026-04-04 16:00:00.000,2026,4,4,16,02004KT,20,11
2026-04-04 17:00:00.000,2026,4,4,17,25010KT,18,13
2026-04-04 17:40:00.000,2026,4,4,17,22007KT,20,14
2026-04-04 18:00:00.000,2026,4,4,18,22006KT,20,13
2026-04-04 19:00:00.000,2026,4,4,19,VRB04KT,19,14
2026-04-04 19:20:00.000,2026,4,4,19,24009KT,18,14
2026-04-04 20:00:00.000,2026,4,4,20,23008KT,18,15
2026-04-04 20:17:00.000,2026,4,4,20,24008KT,18,15
2026-04-04 21:00:00.000,2026,4,4,21,34006KT,16,15
2026-04-04 22:00:00.000,2026,4,4,22,35004KT,16,15
2026-04-04 23:00:00.000,2026,4,4,23,01002KT,16,15
2026-04-05 00:00:00.000,2026,4,5,0,20007KT,16,14
2026-04-05 01:00:00.000,2026,4,5,1,22005KT,15,13
2026-04-05 01:22:00.000,2026,4,5,1,VRB04KT,15,13
2026-04-05 02:00:00.000,2026,4,5,2,VRB04KT,16,13
2026-04-05 03:00:00.000,2026,4,5,3,VRB02KT,14,14
2026-04-05 04:00:00.000,2026,4,5,4,09003KT,15,12
2026-04-05 05:00:00.000,2026,4,5,5,VRB02KT,14,13
2026-04-05 06:00:00.000,2026,4,5,6,33003KT,14,13
2026-04-05 07:00:00.000,2026,4,5,7,VRB02KT,14,13
2026-04-05 08:00:00.000,2026,4,5,8,VRB01KT,12,12
2026-04-05 09:00:00.000,2026,4,5,9,02004KT,12,12
2026-04-05 10:00:00.000,2026,4,5,10,VRB02KT,12,12
2026-04-05 10:31:00.000,2026,4,5,10,35003KT,12,12
2026-04-05 11:00:00.000,2026,4,5,11,36004KT,11,11
2026-04-05 12:00:00.000,2026,4,5,12,VRB01KT,13,13
2026-04-05 13:00:00.000,2026,4,5,13,VRB02KT,15,12
2026-04-05 14:00:00.000,2026,4,5,14,02004KT,15,13
2026-04-05 15:00:00.000,2026,4,5,15,VRB02KT,17,13
2026-04-05 16:00:00.000,2026,4,5,16,06004KT,17,13
2026-04-05 17:00:00.000,2026,4,5,17,VRB03KT,19,13
2026-04-05 18:00:00.000,2026,4,5,18,15006KT,18,11
2026-04-05 19:00:00.000,2026,4,5,19,13010KT,16,12
2026-04-05 20:00:00.000,2026,4,5,20,13004KT,16,12
2026-04-05 20:20:00.000,2026,4,5,20,VRB04KT,18,12
2026-04-05 21:00:00.000,2026,4,5,21,24004KT,18,11
2026-04-05 22:00:00.000,2026,4,5,22,33007KT,16,14
2026-04-05 23:00:00.000,2026,4,5,23,31004KT,14,14
2026-04-06 00:00:00.000,2026,4,6,0,31004KT,13,13
2026-04-06 01:00:00.000,2026,4,6,1,08003KT,13,13
2026-04-06 01:05:00.000,2026,4,6,1,11005KT,15,14
2026-04-06 02:00:00.000,2026,4,6,2,11003KT,15,12
2026-04-06 03:00:00.000,2026,4,6,3,VRB02KT,15,11
2026-04-06 04:00:00.000,2026,4,6,4,03005KT,13,12
2026-04-06 05:00:00.000,2026,4,6,5,07004KT,13,11
2026-04-06 06:00:00.000,2026,4,6,6,05004KT,12,11
2026-04-06 07:00:00.000,2026,4,6,7,30003KT,12,10
2026-04-06 08:00:00.000,2026,4,6,8,04002KT,10,10
2026-04-06 09:00:00.000,2026,4,6,9,03003KT,09,09
2026-04-06 10:00:00.000,2026,4,6,10,32003KT,10,10
2026-04-06 10:30:00.000,2026,4,6,10,VRB01KT,09,09
2026-04-06 10:40:00.000,2026,4,6,10,25003KT,09,09
2026-04-06 11:00:00.000,2026,4,6,11,25003KT,10,10
2026-04-06 12:00:00.000,2026,4,6,12,VRB01KT,11,11
2026-04-06 13:00:00.000,2026,4,6,13,36003KT,12,12
2026-04-06 14:00:00.000,2026,4,6,14,03004KT,14,13
2026-04-06 14:30:00.000,2026,4,6,14,35003KT,16,11
2026-04-06 15:00:00.000,2026,4,6,15,04004KT,16,11
2026-04-06 16:00:00.000,2026,4,6,16,08005KT,17,12
2026-04-06 17:00:00.000,2026,4,6,17,07004KT,15,12
2026-04-06 17:23:00.000,2026,4,6,17,04004KT,17,13
2026-04-06 18:00:00.000,2026,4,6,18,06004KT,17,12
2026-04-06 19:00:00.000,2026,4,6,19,05006KT,17,13
2026-04-06 20:00:00.000,2026,4,6,20,13004KT,18,12
2026-04-06 21:00:00.000,2026,4,6,21,02004KT,18,12
2026-04-06 22:00:00.000,2026,4,6,22,07005KT,18,11
2026-04-06 23:00:00.000,2026,4,6,23,06004KT,16,11
2026-04-07 00:00:00.000,2026,4,7,0,VRB03KT,16,12
2026-04-07 01:00:00.000,2026,4,7,1,VRB02KT,14,13
2026-04-07 02:00:00.000,2026,4,7,2,06003KT,12,12
2026-04-07 02:37:00.000,2026,4,7,2,VRB02KT,14,12
2026-04-07 03:00:00.000,2026,4,7,3,11003KT,14,12
2026-04-07 04:00:00.000,2026,4,7,4,VRB02KT,12,12
2026-04-07 05:00:00.000,2026,4,7,5,VRB01KT,12,12
2026-04-07 06:00:00.000,2026,4,7,6,36002KT,10,10
2026-04-07 07:00:00.000,2026,4,7,7,VRB01KT,11,11
2026-04-07 08:00:00.000,2026,4,7,8,VRB01KT,11,11
2026-04-07 09:00:00.000,2026,4,7,9,VRB01KT,12,12
2026-04-07 10:00:00.000,2026,4,7,10,03004KT,11,11
2026-04-07 10:33:00.000,2026,4,7,10,04005KT,11,11
2026-04-07 11:00:00.000,2026,4,7,11,03003KT,11,11
2026-04-07 12:00:00.000,2026,4,7,12,01003KT,12,12
2026-04-07 12:36:00.000,2026,4,7,12,05005KT,14,13
2026-04-07 13:00:00.000,2026,4,7,13,06005KT,14,13
2026-04-07 14:00:00.000,2026,4,7,14,07004KT,16,13
2026-04-07 14:41:00.000,2026,4,7,14,VRB03KT,18,12
2026-04-07 15:00:00.000,2026,4,7,15,VRB05KT,18,12
2026-04-07 16:00:00.000,2026,4,7,16,VRB02KT,19,12
2026-04-07 16:08:00.000,2026,4,7,16,13011KT,19,11
2026-04-07 17:00:00.000,2026,4,7,17,14008KT,19,11
2026-04-07 18:00:00.000,2026,4,7,18,16011KT,19,11
2026-04-07 19:00:00.000,2026,4,7,19,15006KT,20,11
2026-04-07 20:00:00.000,2026,4,7,20,18008KT,19,10
2026-04-07 21:00:00.000,2026,4,7,21,VRB04KT,20,10
2026-04-07 22:00:00.000,2026,4,7,22,11004KT,19,09
2026-04-07 23:00:00.000,2026,4,7,23,31003KT,18,11
2026-04-08 00:00:00.000,2026,4,8,0,34003KT,14,13
2026-04-08 01:00:00.000,2026,4,8,1,33003KT,14,14
2026-04-08 02:00:00.000,2026,4,8,2,33003KT,13,13
2026-04-08 03:00:00.000,2026,4,8,3,08003KT,14,12
2026-04-08 04:00:00.000,2026,4,8,4,32005KT,13,12
2026-04-08 05:00:00.000,2026,4,8,5,03004KT,13,12
2026-04-08 06:00:00.000,2026,4,8,6,04003KT,13,12
2026-04-08 06:09:00.000,2026,4,8,6,VRB01KT,13,13
2026-04-08 07:00:00.000,2026,4,8,7,15004KT,13,13
2026-04-08 07:16:00.000,2026,4,8,7,VRB02KT,13,13
2026-04-08 08:00:00.000,2026,4,8,8,VRB02KT,12,12
2026-04-08 09:00:00.000,2026,4,8,9,VRB02KT,12,12
2026-04-08 10:00:00.000,2026,4,8,10,VRB02KT,12,12
2026-04-08 10:31:00.000,2026,4,8,10,04004KT,12,12
2026-04-08 11:00:00.000,2026,4,8,11,06003KT,12,12
2026-04-08 12:00:00.000,2026,4,8,12,06003KT,13,12
2026-04-08 13:00:00.000,2026,4,8,13,06007KT,14,12
2026-04-08 14:00:00.000,2026,4,8,14,05006KT,16,13
2026-04-08 14:37:00.000,2026,4,8,14,11005KT,18,12
2026-04-08 15:00:00.000,2026,4,8,15,11007KT,18,11
2026-04-08 16:00:00.000,2026,4,8,16,12010KT,19,11
2026-04-08 17:00:00.000,2026,4,8,17,13010KT,19,11
2026-04-08 18:00:00.000,2026,4,8,18,14008KT,19,12
2026-04-08 19:00:00.000,2026,4,8,19,11008KT,19,11
2026-04-08 20:00:00.000,2026,4,8,20,10006KT,19,11
2026-04-08 21:00:00.000,2026,4,8,21,09007KT,19,10
2026-04-08 22:00:00.000,2026,4,8,22,13006KT,19,10
2026-04-08 23:00:00.000,2026,4,8,23,14007KT,18,10
2026-04-09 00:00:00.000,2026,4,9,0,13005KT,17,10
2026-04-09 01:00:00.000,2026,4,9,1,03004KT,14,11
2026-04-09 02:00:00.000,2026,4,9,2,08004KT,16,12
2026-04-09 03:00:00.000,2026,4,9,3,07004KT,12,11
2026-04-09 04:00:00.000,2026,4,9,4,02003KT,12,11
2026-04-09 05:00:00.000,2026,4,9,5,07004KT,11,11
2026-04-09 06:00:00.000,2026,4,9,6,05003KT,11,11
2026-04-09 07:00:00.000,2026,4,9,7,VRB02KT,12,11
2026-04-09 08:00:00.000,2026,4,9,8,03003KT,11,11
2026-04-09 09:00:00.000,2026,4,9,9,03003KT,11,11
2026-04-09 10:00:00.000,2026,4,9,10,02004KT,11,11
2026-04-09 10:34:00.000,2026,4,9,10,06004KT,11,11
2026-04-09 11:00:00.000,2026,4,9,11,05005KT,12,12
2026-04-09 12:00:00.000,2026,4,9,12,04004KT,13,12
2026-04-09 13:00:00.000,2026,4,9,13,07003KT,15,12
2026-04-09 14:00:00.000,2026,4,9,14,12007KT,17,11
2026-04-09 14:27:00.000,2026,4,9,14,16014G25KT,17,10
2026-04-09 15:00:00.000,2026,4,9,15,15017KT,18,10
2026-04-09 16:00:00.000,2026,4,9,16,18015KT,17,10
2026-04-09 17:00:00.000,2026,4,9,17,15011KT,17,10
2026-04-09 18:00:00.000,2026,4,9,18,17011KT,18,10
